BOARD,CYCLE,PROBE,NAME,HOST_START_MS,HOST_END_MS,DURATION_MS,RAW,VALID,WIDTH_BITS,PACKING,MULTI_PROBE_ATOMICITY
DE5 [1-11.2],1,52,STATUS,1789531305937,1789531305938,1,BDE4D8D11A1C000D,1,32,MAIN_LOW32_HELPER_HIGH32,NOT_AVAILABLE
DE5 [1-11.2],1,53,PENDING,1789531305938,1789531305938,0,00000D3C00005E02,1,32,MAIN_LOW32_HELPER_HIGH32,NOT_AVAILABLE
DE5 [1-11.2],1,54,START,1789531305939,1789531305939,0,00001C75000053F5,1,32,MAIN_LOW32_HELPER_HIGH32,NOT_AVAILABLE
DE5 [1-11.2],1,55,COMPLETED,1789531305939,1789531305939,0,00001C75000053F4,1,32,MAIN_LOW32_HELPER_HIGH32,NOT_AVAILABLE
DE5 [1-11.2],1,56,FAILED,1789531305939,1789531305940,1,0,1,32,MAIN_LOW32_HELPER_HIGH32,NOT_AVAILABLE
DE5 [1-11.2],1,57,MAX_WAIT,1789531305940,1789531305940,0,8C23CA00000F3F43,1,32,MAIN_LOW32_HELPER_HIGH32,NOT_AVAILABLE
DE5 [1-11.2],1,58,CURRENT_WAIT,1789531305940,1789531305941,1,000000000000A6CD,1,32,MAIN_LOW32_HELPER_HIGH32,NOT_AVAILABLE
DE5 [1-11.2],1,59,LATENCY,1789531305941,1789531305941,0,0000F0000000F001,1,32,MAIN_LOW32_HELPER_HIGH32,NOT_AVAILABLE
DE5 [1-11.2],1,60,FAILURE,1789531305941,1789531305941,0,0,1,32,MAIN_LOW32_HELPER_HIGH32,NOT_AVAILABLE
DE5 [1-11.2],1,61,FIRST_LOSS,1789531305941,1789531305941,0,01C1AC0200000000,1,32,MAIN_LOW32_HELPER_HIGH32,NOT_AVAILABLE
DE5 [1-11.2],2,52,STATUS,1789531307096,1789531307096,0,C158DAD8039C000D,1,32,MAIN_LOW32_HELPER_HIGH32,NOT_AVAILABLE
DE5 [1-11.2],2,53,PENDING,1789531307096,1789531307097,1,00000D3C0000618E,1,32,MAIN_LOW32_HELPER_HIGH32,NOT_AVAILABLE
DE5 [1-11.2],2,54,START,1789531307097,1789531307097,0,00001CBB00005755,1,32,MAIN_LOW32_HELPER_HIGH32,NOT_AVAILABLE
DE5 [1-11.2],2,55,COMPLETED,1789531307097,1789531307097,0,00001CBB00005754,1,32,MAIN_LOW32_HELPER_HIGH32,NOT_AVAILABLE
DE5 [1-11.2],2,56,FAILED,1789531307098,1789531307098,0,0,1,32,MAIN_LOW32_HELPER_HIGH32,NOT_AVAILABLE
DE5 [1-11.2],2,57,MAX_WAIT,1789531307098,1789531307098,0,8F5CC600000F3F43,1,32,MAIN_LOW32_HELPER_HIGH32,NOT_AVAILABLE
DE5 [1-11.2],2,58,CURRENT_WAIT,1789531307098,1789531307098,0,0,1,32,MAIN_LOW32_HELPER_HIGH32,NOT_AVAILABLE
DE5 [1-11.2],2,59,LATENCY,1789531307098,1789531307099,1,0000F0000000F001,1,32,MAIN_LOW32_HELPER_HIGH32,NOT_AVAILABLE
DE5 [1-11.2],2,60,FAILURE,1789531307099,1789531307099,0,0,1,32,MAIN_LOW32_HELPER_HIGH32,NOT_AVAILABLE
DE5 [1-11.2],2,61,FIRST_LOSS,1789531307099,1789531307099,0,01D0400200000000,1,32,MAIN_LOW32_HELPER_HIGH32,NOT_AVAILABLE
DE5 [1-11.2],3,52,STATUS,1789531308508,1789531308508,0,C58DC8171FDC000D,1,32,MAIN_LOW32_HELPER_HIGH32,NOT_AVAILABLE
DE5 [1-11.2],3,53,PENDING,1789531308508,1789531308508,0,00000D3C000065D5,1,32,MAIN_LOW32_HELPER_HIGH32,NOT_AVAILABLE
DE5 [1-11.2],3,54,START,1789531308508,1789531308509,1,00001D3200005B4F,1,32,MAIN_LOW32_HELPER_HIGH32,NOT_AVAILABLE
DE5 [1-11.2],3,55,COMPLETED,1789531308509,1789531308509,0,00001D3200005B4E,1,32,MAIN_LOW32_HELPER_HIGH32,NOT_AVAILABLE
DE5 [1-11.2],3,56,FAILED,1789531308509,1789531308509,0,0,1,32,MAIN_LOW32_HELPER_HIGH32,NOT_AVAILABLE
DE5 [1-11.2],3,57,MAX_WAIT,1789531308509,1789531308510,1,93E65A00000F3F43,1,32,MAIN_LOW32_HELPER_HIGH32,NOT_AVAILABLE
DE5 [1-11.2],3,58,CURRENT_WAIT,1789531308510,1789531308510,0,0,1,32,MAIN_LOW32_HELPER_HIGH32,NOT_AVAILABLE
DE5 [1-11.2],3,59,LATENCY,1789531308510,1789531308510,0,0000F0000000F001,1,32,MAIN_LOW32_HELPER_HIGH32,NOT_AVAILABLE
DE5 [1-11.2],3,60,FAILURE,1789531308510,1789531308511,1,0,1,32,MAIN_LOW32_HELPER_HIGH32,NOT_AVAILABLE
DE5 [1-11.2],3,61,FIRST_LOSS,1789531308511,1789531308511,0,inf,1,32,MAIN_LOW32_HELPER_HIGH32,NOT_AVAILABLE
DE5 [1-11.2],4,52,STATUS,1789531309700,1789531309701,1,C91BADA70FDC000D,1,32,MAIN_LOW32_HELPER_HIGH32,NOT_AVAILABLE
DE5 [1-11.2],4,53,PENDING,1789531309701,1789531309701,0,00000D3C0000697C,1,32,MAIN_LOW32_HELPER_HIGH32,NOT_AVAILABLE
DE5 [1-11.2],4,54,START,1789531309701,1789531309701,0,00001D7500005ECC,1,32,MAIN_LOW32_HELPER_HIGH32,NOT_AVAILABLE
DE5 [1-11.2],4,55,COMPLETED,1789531309701,1789531309702,1,00001D7500005ECB,1,32,MAIN_LOW32_HELPER_HIGH32,NOT_AVAILABLE
DE5 [1-11.2],4,56,FAILED,1789531309702,1789531309702,0,0,1,32,MAIN_LOW32_HELPER_HIGH32,NOT_AVAILABLE
DE5 [1-11.2],4,57,MAX_WAIT,1789531309702,1789531309702,0,97653200000F3F43,1,32,MAIN_LOW32_HELPER_HIGH32,NOT_AVAILABLE
DE5 [1-11.2],4,58,CURRENT_WAIT,1789531309702,1789531309703,1,000000000000097A,1,32,MAIN_LOW32_HELPER_HIGH32,NOT_AVAILABLE
DE5 [1-11.2],4,59,LATENCY,1789531309703,1789531309703,0,0000F0000000F001,1,32,MAIN_LOW32_HELPER_HIGH32,NOT_AVAILABLE
DE5 [1-11.2],4,60,FAILURE,1789531309703,1789531309703,0,0,1,32,MAIN_LOW32_HELPER_HIGH32,NOT_AVAILABLE
DE5 [1-11.2],4,61,FIRST_LOSS,1789531309703,1789531309703,0,01F1040200000000,1,32,MAIN_LOW32_HELPER_HIGH32,NOT_AVAILABLE
DE5 [1-11.2],5,52,STATUS,1789531310922,1789531310922,0,CCBFBAD9FB1C000D,1,32,MAIN_LOW32_HELPER_HIGH32,NOT_AVAILABLE
DE5 [1-11.2],5,53,PENDING,1789531310922,1789531310923,1,00000D3C00006CFA,1,32,MAIN_LOW32_HELPER_HIGH32,NOT_AVAILABLE
DE5 [1-11.2],5,54,START,1789531310923,1789531310923,0,00001DEF000061FF,1,32,MAIN_LOW32_HELPER_HIGH32,NOT_AVAILABLE
DE5 [1-11.2],5,55,COMPLETED,1789531310923,1789531310923,0,00001DEF000061FE,1,32,MAIN_LOW32_HELPER_HIGH32,NOT_AVAILABLE
DE5 [1-11.2],5,56,FAILED,1789531310923,1789531310924,1,0,1,32,MAIN_LOW32_HELPER_HIGH32,NOT_AVAILABLE
DE5 [1-11.2],5,57,MAX_WAIT,1789531310924,1789531310924,0,9ADDE000000F3F43,1,32,MAIN_LOW32_HELPER_HIGH32,NOT_AVAILABLE
DE5 [1-11.2],5,58,CURRENT_WAIT,1789531310924,1789531310924,0,0,1,32,MAIN_LOW32_HELPER_HIGH32,NOT_AVAILABLE
DE5 [1-11.2],5,59,LATENCY,1789531310924,1789531310925,1,0000F0000000F001,1,32,MAIN_LOW32_HELPER_HIGH32,NOT_AVAILABLE
DE5 [1-11.2],5,60,FAILURE,1789531310925,1789531310925,0,0,1,32,MAIN_LOW32_HELPER_HIGH32,NOT_AVAILABLE
DE5 [1-11.2],5,61,FIRST_LOSS,1789531310925,1789531310925,0,01FFB80200000000,1,32,MAIN_LOW32_HELPER_HIGH32,NOT_AVAILABLE
DE5 [1-11.2],6,52,STATUS,1789531312124,1789531312124,0,D0548849EDDC000C,1,32,MAIN_LOW32_HELPER_HIGH32,NOT_AVAILABLE
DE5 [1-11.2],6,53,PENDING,1789531312124,1789531312124,0,00000D3C00007080,1,32,MAIN_LOW32_HELPER_HIGH32,NOT_AVAILABLE
DE5 [1-11.2],6,54,START,1789531312125,1789531312125,0,00001E8F00006529,1,32,MAIN_LOW32_HELPER_HIGH32,NOT_AVAILABLE
DE5 [1-11.2],6,55,COMPLETED,1789531312125,1789531312125,0,00001E8F00006529,1,32,MAIN_LOW32_HELPER_HIGH32,NOT_AVAILABLE
DE5 [1-11.2],6,56,FAILED,1789531312125,1789531312125,0,0,1,32,MAIN_LOW32_HELPER_HIGH32,NOT_AVAILABLE
DE5 [1-11.2],6,57,MAX_WAIT,1789531312125,1789531312126,1,9E581200000F3F43,1,32,MAIN_LOW32_HELPER_HIGH32,NOT_AVAILABLE
DE5 [1-11.2],6,58,CURRENT_WAIT,1789531312126,1789531312126,0,000000000000B767,1,32,MAIN_LOW32_HELPER_HIGH32,NOT_AVAILABLE
DE5 [1-11.2],6,59,LATENCY,1789531312126,1789531312126,0,0000F0000000F001,1,32,MAIN_LOW32_HELPER_HIGH32,NOT_AVAILABLE
DE5 [1-11.2],6,60,FAILURE,1789531312126,1789531312127,1,0,1,32,MAIN_LOW32_HELPER_HIGH32,NOT_AVAILABLE
DE5 [1-11.2],6,61,FIRST_LOSS,1789531312127,1789531312127,0,020EE40200000000,1,32,MAIN_LOW32_HELPER_HIGH32,NOT_AVAILABLE
DE5 [1-11.2],7,52,STATUS,1789531313334,1789531313334,0,D3EFFCF1E2900008,1,32,MAIN_LOW32_HELPER_HIGH32,NOT_AVAILABLE
DE5 [1-11.2],7,53,PENDING,1789531313334,1789531313335,1,00000D3C00007447,1,32,MAIN_LOW32_HELPER_HIGH32,NOT_AVAILABLE
DE5 [1-11.2],7,54,START,1789531313335,1789531313335,0,00001EC3000068C7,1,32,MAIN_LOW32_HELPER_HIGH32,NOT_AVAILABLE
DE5 [1-11.2],7,55,COMPLETED,1789531313335,1789531313336,1,00001EC3000068C7,1,32,MAIN_LOW32_HELPER_HIGH32,NOT_AVAILABLE
DE5 [1-11.2],7,56,FAILED,1789531313336,1789531313337,1,0,1,32,MAIN_LOW32_HELPER_HIGH32,NOT_AVAILABLE
DE5 [1-11.2],7,57,MAX_WAIT,1789531313337,1789531313337,0,A1D5BE00000F3F43,1,32,MAIN_LOW32_HELPER_HIGH32,NOT_AVAILABLE
DE5 [1-11.2],7,58,CURRENT_WAIT,1789531313337,1789531313337,0,0000000000008FE8,1,32,MAIN_LOW32_HELPER_HIGH32,NOT_AVAILABLE
DE5 [1-11.2],7,59,LATENCY,1789531313337,1789531313338,1,0000F0000000F001,1,32,MAIN_LOW32_HELPER_HIGH32,NOT_AVAILABLE
DE5 [1-11.2],7,60,FAILURE,1789531313338,1789531313338,0,0,1,32,MAIN_LOW32_HELPER_HIGH32,NOT_AVAILABLE
DE5 [1-11.2],7,61,FIRST_LOSS,1789531313338,1789531313338,0,inf,1,32,MAIN_LOW32_HELPER_HIGH32,NOT_AVAILABLE
DE5 [1-11.2],8,52,STATUS,1789531314594,1789531314594,0,D7B11C1FE01C000D,1,32,MAIN_LOW32_HELPER_HIGH32,NOT_AVAILABLE
DE5 [1-11.2],8,53,PENDING,1789531314594,1789531314594,0,00000D3C000077DA,1,32,MAIN_LOW32_HELPER_HIGH32,NOT_AVAILABLE
DE5 [1-11.2],8,54,START,1789531314595,1789531314595,0,00001F8A00006BF8,1,32,MAIN_LOW32_HELPER_HIGH32,NOT_AVAILABLE
DE5 [1-11.2],8,55,COMPLETED,1789531314595,1789531314595,0,00001F8A00006BF7,1,32,MAIN_LOW32_HELPER_HIGH32,NOT_AVAILABLE
DE5 [1-11.2],8,56,FAILED,1789531314595,1789531314596,1,0,1,32,MAIN_LOW32_HELPER_HIGH32,NOT_AVAILABLE
DE5 [1-11.2],8,57,MAX_WAIT,1789531314596,1789531314596,0,A5862C00000F3F43,1,32,MAIN_LOW32_HELPER_HIGH32,NOT_AVAILABLE
DE5 [1-11.2],8,58,CURRENT_WAIT,1789531314596,1789531314596,0,0,1,32,MAIN_LOW32_HELPER_HIGH32,NOT_AVAILABLE
DE5 [1-11.2],8,59,LATENCY,1789531314596,1789531314597,1,0000F0000000F001,1,32,MAIN_LOW32_HELPER_HIGH32,NOT_AVAILABLE
DE5 [1-11.2],8,60,FAILURE,1789531314597,1789531314597,0,0,1,32,MAIN_LOW32_HELPER_HIGH32,NOT_AVAILABLE
DE5 [1-11.2],8,61,FIRST_LOSS,1789531314597,1789531314597,0,inf,1,32,MAIN_LOW32_HELPER_HIGH32,NOT_AVAILABLE
DE5 [1-11.2],9,52,STATUS,1789531315802,1789531315803,1,DB4B166DC6DC0005,1,32,MAIN_LOW32_HELPER_HIGH32,NOT_AVAILABLE
DE5 [1-11.2],9,53,PENDING,1789531315803,1789531315803,0,00000D3C00007B3C,1,32,MAIN_LOW32_HELPER_HIGH32,NOT_AVAILABLE
DE5 [1-11.2],9,54,START,1789531315803,1789531315803,0,0000202300006EFA,1,32,MAIN_LOW32_HELPER_HIGH32,NOT_AVAILABLE
DE5 [1-11.2],9,55,COMPLETED,1789531315803,1789531315804,1,0000202300006EF9,1,32,MAIN_LOW32_HELPER_HIGH32,NOT_AVAILABLE
DE5 [1-11.2],9,56,FAILED,1789531315804,1789531315804,0,0,1,32,MAIN_LOW32_HELPER_HIGH32,NOT_AVAILABLE
DE5 [1-11.2],9,57,MAX_WAIT,1789531315804,1789531315804,0,A9A57800000F3F43,1,32,MAIN_LOW32_HELPER_HIGH32,NOT_AVAILABLE
DE5 [1-11.2],9,58,CURRENT_WAIT,1789531315804,1789531315805,1,0,1,32,MAIN_LOW32_HELPER_HIGH32,NOT_AVAILABLE
DE5 [1-11.2],9,59,LATENCY,1789531315805,1789531315805,0,0000F0000000F001,1,32,MAIN_LOW32_HELPER_HIGH32,NOT_AVAILABLE
DE5 [1-11.2],9,60,FAILURE,1789531315805,1789531315805,0,0,1,32,MAIN_LOW32_HELPER_HIGH32,NOT_AVAILABLE
DE5 [1-11.2],9,61,FIRST_LOSS,1789531315805,1789531315806,1,023C740200000000,1,32,MAIN_LOW32_HELPER_HIGH32,NOT_AVAILABLE
DE5 [1-11.2],10,52,STATUS,1789531317010,1789531317011,1,DEE49E6DBB1C000D,1,32,MAIN_LOW32_HELPER_HIGH32,NOT_AVAILABLE
DE5 [1-11.2],10,53,PENDING,1789531317011,1789531317011,0,00000D3C00007EE9,1,32,MAIN_LOW32_HELPER_HIGH32,NOT_AVAILABLE
DE5 [1-11.2],10,54,START,1789531317011,1789531317011,0,0000208B00007263,1,32,MAIN_LOW32_HELPER_HIGH32,NOT_AVAILABLE
DE5 [1-11.2],10,55,COMPLETED,1789531317011,1789531317012,1,0000208B00007262,1,32,MAIN_LOW32_HELPER_HIGH32,NOT_AVAILABLE
DE5 [1-11.2],10,56,FAILED,1789531317012,1789531317012,0,0,1,32,MAIN_LOW32_HELPER_HIGH32,NOT_AVAILABLE
DE5 [1-11.2],10,57,MAX_WAIT,1789531317012,1789531317012,0,ACFF0E00000F3F43,1,32,MAIN_LOW32_HELPER_HIGH32,NOT_AVAILABLE
DE5 [1-11.2],10,58,CURRENT_WAIT,1789531317012,1789531317013,1,0,1,32,MAIN_LOW32_HELPER_HIGH32,NOT_AVAILABLE
DE5 [1-11.2],10,59,LATENCY,1789531317013,1789531317013,0,0000F0000000F001,1,32,MAIN_LOW32_HELPER_HIGH32,NOT_AVAILABLE
DE5 [1-11.2],10,60,FAILURE,1789531317013,1789531317013,0,0,1,32,MAIN_LOW32_HELPER_HIGH32,NOT_AVAILABLE
DE5 [1-11.2],10,61,FIRST_LOSS,1789531317013,1789531317013,0,024BB80200000000,1,32,MAIN_LOW32_HELPER_HIGH32,NOT_AVAILABLE
DE5 [1-11.2],11,52,STATUS,1789531318231,1789531318231,0,E287F8C1B19E0005,1,32,MAIN_LOW32_HELPER_HIGH32,NOT_AVAILABLE
DE5 [1-11.2],11,53,PENDING,1789531318231,1789531318232,1,00000D3C00008289,1,32,MAIN_LOW32_HELPER_HIGH32,NOT_AVAILABLE
DE5 [1-11.2],11,54,START,1789531318232,1789531318232,0,000020FF000075C9,1,32,MAIN_LOW32_HELPER_HIGH32,NOT_AVAILABLE
DE5 [1-11.2],11,55,COMPLETED,1789531318232,1789531318232,0,000020FF000075C8,1,32,MAIN_LOW32_HELPER_HIGH32,NOT_AVAILABLE
DE5 [1-11.2],11,56,FAILED,1789531318233,1789531318233,0,0,1,32,MAIN_LOW32_HELPER_HIGH32,NOT_AVAILABLE
DE5 [1-11.2],11,57,MAX_WAIT,1789531318233,1789531318233,0,B0E41000000F3F43,1,32,MAIN_LOW32_HELPER_HIGH32,NOT_AVAILABLE
DE5 [1-11.2],11,58,CURRENT_WAIT,1789531318233,1789531318233,0,4797,1,32,MAIN_LOW32_HELPER_HIGH32,NOT_AVAILABLE
DE5 [1-11.2],11,59,LATENCY,1789531318233,1789531318234,1,0000F0000000F001,1,32,MAIN_LOW32_HELPER_HIGH32,NOT_AVAILABLE
DE5 [1-11.2],11,60,FAILURE,1789531318234,1789531318234,0,0,1,32,MAIN_LOW32_HELPER_HIGH32,NOT_AVAILABLE
DE5 [1-11.2],11,61,FIRST_LOSS,1789531318234,1789531318234,0,025B240200000000,1,32,MAIN_LOW32_HELPER_HIGH32,NOT_AVAILABLE
DE5 [1-11.2],12,52,STATUS,1789531319435,1789531319435,0,E61E504EA39C000D,1,32,MAIN_LOW32_HELPER_HIGH32,NOT_AVAILABLE
DE5 [1-11.2],12,53,PENDING,1789531319435,1789531319435,0,00000D3C0000862E,1,32,MAIN_LOW32_HELPER_HIGH32,NOT_AVAILABLE
DE5 [1-11.2],12,54,START,1789531319436,1789531319436,0,0000215D00007933,1,32,MAIN_LOW32_HELPER_HIGH32,NOT_AVAILABLE
DE5 [1-11.2],12,55,COMPLETED,1789531319436,1789531319436,0,0000215D00007932,1,32,MAIN_LOW32_HELPER_HIGH32,NOT_AVAILABLE
DE5 [1-11.2],12,56,FAILED,1789531319436,1789531319436,0,0,1,32,MAIN_LOW32_HELPER_HIGH32,NOT_AVAILABLE
DE5 [1-11.2],12,57,MAX_WAIT,1789531319437,1789531319437,0,B44B3E00000F3F43,1,32,MAIN_LOW32_HELPER_HIGH32,NOT_AVAILABLE
DE5 [1-11.2],12,58,CURRENT_WAIT,1789531319437,1789531319437,0,0,1,32,MAIN_LOW32_HELPER_HIGH32,NOT_AVAILABLE
DE5 [1-11.2],12,59,LATENCY,1789531319437,1789531319437,0,0000F0000000F001,1,32,MAIN_LOW32_HELPER_HIGH32,NOT_AVAILABLE
DE5 [1-11.2],12,60,FAILURE,1789531319437,1789531319438,1,0,1,32,MAIN_LOW32_HELPER_HIGH32,NOT_AVAILABLE
DE5 [1-11.2],12,61,FIRST_LOSS,1789531319438,1789531319438,0,026A400200000000,1,32,MAIN_LOW32_HELPER_HIGH32,NOT_AVAILABLE
DE5 [1-11.2],13,52,STATUS,1789531320629,1789531320629,0,E9AD3CA18ADC000D,1,32,MAIN_LOW32_HELPER_HIGH32,NOT_AVAILABLE
DE5 [1-11.2],13,53,PENDING,1789531320629,1789531320629,0,00000D3C000089DD,1,32,MAIN_LOW32_HELPER_HIGH32,NOT_AVAILABLE
DE5 [1-11.2],13,54,START,1789531320629,1789531320630,1,0000219B00007C92,1,32,MAIN_LOW32_HELPER_HIGH32,NOT_AVAILABLE
DE5 [1-11.2],13,55,COMPLETED,1789531320630,1789531320630,0,0000219B00007C91,1,32,MAIN_LOW32_HELPER_HIGH32,NOT_AVAILABLE
DE5 [1-11.2],13,56,FAILED,1789531320630,1789531320630,0,0,1,32,MAIN_LOW32_HELPER_HIGH32,NOT_AVAILABLE
DE5 [1-11.2],13,57,MAX_WAIT,1789531320631,1789531320631,0,B805C600000F3F43,1,32,MAIN_LOW32_HELPER_HIGH32,NOT_AVAILABLE
DE5 [1-11.2],13,58,CURRENT_WAIT,1789531320631,1789531320631,0,0,1,32,MAIN_LOW32_HELPER_HIGH32,NOT_AVAILABLE
DE5 [1-11.2],13,59,LATENCY,1789531320631,1789531320631,0,0000F0000000F001,1,32,MAIN_LOW32_HELPER_HIGH32,NOT_AVAILABLE
DE5 [1-11.2],13,60,FAILURE,1789531320631,1789531320632,1,0,1,32,MAIN_LOW32_HELPER_HIGH32,NOT_AVAILABLE
DE5 [1-11.2],13,61,FIRST_LOSS,1789531320632,1789531320632,0,0278B40200000000,1,32,MAIN_LOW32_HELPER_HIGH32,NOT_AVAILABLE
DE5 [1-11.2],14,52,STATUS,1789531321824,1789531321824,0,ED3D40F77B9E000C,1,32,MAIN_LOW32_HELPER_HIGH32,NOT_AVAILABLE
DE5 [1-11.2],14,53,PENDING,1789531321824,1789531321825,1,00000D3C00008D77,1,32,MAIN_LOW32_HELPER_HIGH32,NOT_AVAILABLE
DE5 [1-11.2],14,54,START,1789531321825,1789531321825,0,000021F500007FFB,1,32,MAIN_LOW32_HELPER_HIGH32,NOT_AVAILABLE
DE5 [1-11.2],14,55,COMPLETED,1789531321826,1789531321826,0,000021F500007FFA,1,32,MAIN_LOW32_HELPER_HIGH32,NOT_AVAILABLE
DE5 [1-11.2],14,56,FAILED,1789531321826,1789531321827,1,0,1,32,MAIN_LOW32_HELPER_HIGH32,NOT_AVAILABLE
DE5 [1-11.2],14,57,MAX_WAIT,1789531321827,1789531321827,0,BB92E200000F3F43,1,32,MAIN_LOW32_HELPER_HIGH32,NOT_AVAILABLE
DE5 [1-11.2],14,58,CURRENT_WAIT,1789531321827,1789531321827,0,000000000000A446,1,32,MAIN_LOW32_HELPER_HIGH32,NOT_AVAILABLE
DE5 [1-11.2],14,59,LATENCY,1789531321827,1789531321827,0,0000F0000000F001,1,32,MAIN_LOW32_HELPER_HIGH32,NOT_AVAILABLE
DE5 [1-11.2],14,60,FAILURE,1789531321828,1789531321828,0,0,1,32,MAIN_LOW32_HELPER_HIGH32,NOT_AVAILABLE
DE5 [1-11.2],14,61,FIRST_LOSS,1789531321828,1789531321828,0,0287C40200000000,1,32,MAIN_LOW32_HELPER_HIGH32,NOT_AVAILABLE
DE5 [1-11.2],15,52,STATUS,1789531323033,1789531323033,0,F0D754756F9E0005,1,32,MAIN_LOW32_HELPER_HIGH32,NOT_AVAILABLE
DE5 [1-11.2],15,53,PENDING,1789531323033,1789531323033,0,00000D3C00009113,1,32,MAIN_LOW32_HELPER_HIGH32,NOT_AVAILABLE
DE5 [1-11.2],15,54,START,1789531323033,1789531323034,1,0000227B00008345,1,32,MAIN_LOW32_HELPER_HIGH32,NOT_AVAILABLE
DE5 [1-11.2],15,55,COMPLETED,1789531323034,1789531323034,0,0000227A00008345,1,32,MAIN_LOW32_HELPER_HIGH32,NOT_AVAILABLE
DE5 [1-11.2],15,56,FAILED,1789531323034,1789531323034,0,0,1,32,MAIN_LOW32_HELPER_HIGH32,NOT_AVAILABLE
DE5 [1-11.2],15,57,MAX_WAIT,1789531323035,1789531323035,0,BF32A200000F3F43,1,32,MAIN_LOW32_HELPER_HIGH32,NOT_AVAILABLE
DE5 [1-11.2],15,58,CURRENT_WAIT,1789531323035,1789531323035,0,00000000000011F4,1,32,MAIN_LOW32_HELPER_HIGH32,NOT_AVAILABLE
DE5 [1-11.2],15,59,LATENCY,1789531323035,1789531323035,0,0000F0000000F001,1,32,MAIN_LOW32_HELPER_HIGH32,NOT_AVAILABLE
DE5 [1-11.2],15,60,FAILURE,1789531323035,1789531323036,1,0,1,32,MAIN_LOW32_HELPER_HIGH32,NOT_AVAILABLE
DE5 [1-11.2],15,61,FIRST_LOSS,1789531323036,1789531323036,0,297000200000000,1,32,MAIN_LOW32_HELPER_HIGH32,NOT_AVAILABLE
DE5 [1-11.2],16,52,STATUS,1789531324226,1789531324226,0,F465B36D601C0005,1,32,MAIN_LOW32_HELPER_HIGH32,NOT_AVAILABLE
DE5 [1-11.2],16,53,PENDING,1789531324226,1789531324227,1,00000D3C000094A8,1,32,MAIN_LOW32_HELPER_HIGH32,NOT_AVAILABLE
DE5 [1-11.2],16,54,START,1789531324227,1789531324227,0,000022F30000868F,1,32,MAIN_LOW32_HELPER_HIGH32,NOT_AVAILABLE
DE5 [1-11.2],16,55,COMPLETED,1789531324227,1789531324227,0,000022F30000868E,1,32,MAIN_LOW32_HELPER_HIGH32,NOT_AVAILABLE
DE5 [1-11.2],16,56,FAILED,1789531324227,1789531324228,1,0,1,32,MAIN_LOW32_HELPER_HIGH32,NOT_AVAILABLE
DE5 [1-11.2],16,57,MAX_WAIT,1789531324228,1789531324228,0,C2C01C00000F3F43,1,32,MAIN_LOW32_HELPER_HIGH32,NOT_AVAILABLE
DE5 [1-11.2],16,58,CURRENT_WAIT,1789531324228,1789531324228,0,0000000000001B5C,1,32,MAIN_LOW32_HELPER_HIGH32,NOT_AVAILABLE
DE5 [1-11.2],16,59,LATENCY,1789531324228,1789531324229,1,0000F0000000F001,1,32,MAIN_LOW32_HELPER_HIGH32,NOT_AVAILABLE
DE5 [1-11.2],16,60,FAILURE,1789531324229,1789531324229,0,0,1,32,MAIN_LOW32_HELPER_HIGH32,NOT_AVAILABLE
DE5 [1-11.2],16,61,FIRST_LOSS,1789531324229,1789531324229,0,02A6080200000000,1,32,MAIN_LOW32_HELPER_HIGH32,NOT_AVAILABLE
DE5 [1-11.2],17,52,STATUS,1789531325432,1789531325432,0,F7FDD1D6535C000D,1,32,MAIN_LOW32_HELPER_HIGH32,NOT_AVAILABLE
DE5 [1-11.2],17,53,PENDING,1789531325432,1789531325433,1,00000D3C00009856,1,32,MAIN_LOW32_HELPER_HIGH32,NOT_AVAILABLE
DE5 [1-11.2],17,54,START,1789531325433,1789531325433,0,0000234D00008A02,1,32,MAIN_LOW32_HELPER_HIGH32,NOT_AVAILABLE
DE5 [1-11.2],17,55,COMPLETED,1789531325433,1789531325433,0,0000234D00008A01,1,32,MAIN_LOW32_HELPER_HIGH32,NOT_AVAILABLE
DE5 [1-11.2],17,56,FAILED,1789531325433,1789531325434,1,0,1,32,MAIN_LOW32_HELPER_HIGH32,NOT_AVAILABLE
DE5 [1-11.2],17,57,MAX_WAIT,1789531325434,1789531325434,0,C651A600000F3F43,1,32,MAIN_LOW32_HELPER_HIGH32,NOT_AVAILABLE
DE5 [1-11.2],17,58,CURRENT_WAIT,1789531325434,1789531325434,0,000000000000123B,1,32,MAIN_LOW32_HELPER_HIGH32,NOT_AVAILABLE
DE5 [1-11.2],17,59,LATENCY,1789531325434,1789531325435,1,0000F0000000F001,1,32,MAIN_LOW32_HELPER_HIGH32,NOT_AVAILABLE
DE5 [1-11.2],17,60,FAILURE,1789531325435,1789531325435,0,0,1,32,MAIN_LOW32_HELPER_HIGH32,NOT_AVAILABLE
DE5 [1-11.2],17,61,FIRST_LOSS,1789531325435,1789531325435,0,02B53C0200000000,1,32,MAIN_LOW32_HELPER_HIGH32,NOT_AVAILABLE
DE5 [1-11.2],18,52,STATUS,1789531326630,1789531326630,0,FB8FEA3E3C100008,1,32,MAIN_LOW32_HELPER_HIGH32,NOT_AVAILABLE
DE5 [1-11.2],18,53,PENDING,1789531326630,1789531326631,1,00000D3C00009C0C,1,32,MAIN_LOW32_HELPER_HIGH32,NOT_AVAILABLE
DE5 [1-11.2],18,54,START,1789531326631,1789531326631,0,0000236F00008D81,1,32,MAIN_LOW32_HELPER_HIGH32,NOT_AVAILABLE
DE5 [1-11.2],18,55,COMPLETED,1789531326631,1789531326631,0,0000236F00008D81,1,32,MAIN_LOW32_HELPER_HIGH32,NOT_AVAILABLE
DE5 [1-11.2],18,56,FAILED,1789531326632,1789531326632,0,0,1,32,MAIN_LOW32_HELPER_HIGH32,NOT_AVAILABLE
DE5 [1-11.2],18,57,MAX_WAIT,1789531326632,1789531326632,0,C9889800000F3F43,1,32,MAIN_LOW32_HELPER_HIGH32,NOT_AVAILABLE
DE5 [1-11.2],18,58,CURRENT_WAIT,1789531326632,1789531326633,1,0,1,32,MAIN_LOW32_HELPER_HIGH32,NOT_AVAILABLE
DE5 [1-11.2],18,59,LATENCY,1789531326633,1789531326633,0,0000F0000000F001,1,32,MAIN_LOW32_HELPER_HIGH32,NOT_AVAILABLE
DE5 [1-11.2],18,60,FAILURE,1789531326633,1789531326633,0,0,1,32,MAIN_LOW32_HELPER_HIGH32,NOT_AVAILABLE
DE5 [1-11.2],18,61,FIRST_LOSS,1789531326633,1789531326633,0,02C3C40200000000,1,32,MAIN_LOW32_HELPER_HIGH32,NOT_AVAILABLE
DE5 [1-11.2],19,52,STATUS,1789531327787,1789531327788,1,FF02D710201C000D,1,32,MAIN_LOW32_HELPER_HIGH32,NOT_AVAILABLE
DE5 [1-11.2],19,53,PENDING,1789531327788,1789531327788,0,00000D3C00009F97,1,32,MAIN_LOW32_HELPER_HIGH32,NOT_AVAILABLE
DE5 [1-11.2],19,54,START,1789531327788,1789531327788,0,000023C2000090BF,1,32,MAIN_LOW32_HELPER_HIGH32,NOT_AVAILABLE
DE5 [1-11.2],19,55,COMPLETED,1789531327789,1789531327789,0,000023C2000090BF,1,32,MAIN_LOW32_HELPER_HIGH32,NOT_AVAILABLE
DE5 [1-11.2],19,56,FAILED,1789531327789,1789531327789,0,0,1,32,MAIN_LOW32_HELPER_HIGH32,NOT_AVAILABLE
DE5 [1-11.2],19,57,MAX_WAIT,1789531327789,1789531327789,0,CD0D4A00000F3F43,1,32,MAIN_LOW32_HELPER_HIGH32,NOT_AVAILABLE
DE5 [1-11.2],19,58,CURRENT_WAIT,1789531327789,1789531327790,1,0,1,32,MAIN_LOW32_HELPER_HIGH32,NOT_AVAILABLE
DE5 [1-11.2],19,59,LATENCY,1789531327790,1789531327790,0,0000F0000000F001,1,32,MAIN_LOW32_HELPER_HIGH32,NOT_AVAILABLE
DE5 [1-11.2],19,60,FAILURE,1789531327790,1789531327790,0,0,1,32,MAIN_LOW32_HELPER_HIGH32,NOT_AVAILABLE
DE5 [1-11.2],19,61,FIRST_LOSS,1789531327790,1789531327791,1,02D2080200000000,1,32,MAIN_LOW32_HELPER_HIGH32,NOT_AVAILABLE
DE5 [1-11.2],20,52,STATUS,1789531328926,1789531328927,1,0267B8A804DA000C,1,32,MAIN_LOW32_HELPER_HIGH32,NOT_AVAILABLE
DE5 [1-11.2],20,53,PENDING,1789531328927,1789531328927,0,00000D3C0000A30B,1,32,MAIN_LOW32_HELPER_HIGH32,NOT_AVAILABLE
DE5 [1-11.2],20,54,START,1789531328927,1789531328927,0,241100009403,1,32,MAIN_LOW32_HELPER_HIGH32,NOT_AVAILABLE
DE5 [1-11.2],20,55,COMPLETED,1789531328927,1789531328928,1,241100009403,1,32,MAIN_LOW32_HELPER_HIGH32,NOT_AVAILABLE
DE5 [1-11.2],20,56,FAILED,1789531328928,1789531328928,0,0,1,32,MAIN_LOW32_HELPER_HIGH32,NOT_AVAILABLE
DE5 [1-11.2],20,57,MAX_WAIT,1789531328928,1789531328928,0,D05DC800000F3F43,1,32,MAIN_LOW32_HELPER_HIGH32,NOT_AVAILABLE
DE5 [1-11.2],20,58,CURRENT_WAIT,1789531328928,1789531328929,1,000000000000954C,1,32,MAIN_LOW32_HELPER_HIGH32,NOT_AVAILABLE
DE5 [1-11.2],20,59,LATENCY,1789531328929,1789531328929,0,0000F0000000F001,1,32,MAIN_LOW32_HELPER_HIGH32,NOT_AVAILABLE
DE5 [1-11.2],20,60,FAILURE,1789531328929,1789531328929,0,0,1,32,MAIN_LOW32_HELPER_HIGH32,NOT_AVAILABLE
DE5 [1-11.2],20,61,FIRST_LOSS,1789531328929,1789531328929,0,inf,1,32,MAIN_LOW32_HELPER_HIGH32,NOT_AVAILABLE
DE5 [1-11.2],21,52,STATUS,1789531330136,1789531330136,0,0602931EF91E0005,1,32,MAIN_LOW32_HELPER_HIGH32,NOT_AVAILABLE
DE5 [1-11.2],21,53,PENDING,1789531330136,1789531330136,0,00000D3C0000A697,1,32,MAIN_LOW32_HELPER_HIGH32,NOT_AVAILABLE
DE5 [1-11.2],21,54,START,1789531330137,1789531330137,0,000024AA0000973C,1,32,MAIN_LOW32_HELPER_HIGH32,NOT_AVAILABLE
DE5 [1-11.2],21,55,COMPLETED,1789531330137,1789531330137,0,000024A90000973C,1,32,MAIN_LOW32_HELPER_HIGH32,NOT_AVAILABLE
DE5 [1-11.2],21,56,FAILED,1789531330137,1789531330137,0,0,1,32,MAIN_LOW32_HELPER_HIGH32,NOT_AVAILABLE
DE5 [1-11.2],21,57,MAX_WAIT,1789531330138,1789531330138,0,D45D9C00000F3F43,1,32,MAIN_LOW32_HELPER_HIGH32,NOT_AVAILABLE
DE5 [1-11.2],21,58,CURRENT_WAIT,1789531330138,1789531330138,0,00000000000035D0,1,32,MAIN_LOW32_HELPER_HIGH32,NOT_AVAILABLE
DE5 [1-11.2],21,59,LATENCY,1789531330138,1789531330138,0,0000F0000000F001,1,32,MAIN_LOW32_HELPER_HIGH32,NOT_AVAILABLE
DE5 [1-11.2],21,60,FAILURE,1789531330138,1789531330139,1,0,1,32,MAIN_LOW32_HELPER_HIGH32,NOT_AVAILABLE
DE5 [1-11.2],21,61,FIRST_LOSS,1789531330139,1789531330139,0,02EF9C0200000000,1,32,MAIN_LOW32_HELPER_HIGH32,NOT_AVAILABLE
DE5 [1-11.2],22,52,STATUS,1789531331348,1789531331348,0,099F4581DC5E000D,1,32,MAIN_LOW32_HELPER_HIGH32,NOT_AVAILABLE
DE5 [1-11.2],22,53,PENDING,1789531331348,1789531331348,0,00000D3C0000AA06,1,32,MAIN_LOW32_HELPER_HIGH32,NOT_AVAILABLE
DE5 [1-11.2],22,54,START,1789531331349,1789531331349,0,0000250F00009A64,1,32,MAIN_LOW32_HELPER_HIGH32,NOT_AVAILABLE
DE5 [1-11.2],22,55,COMPLETED,1789531331349,1789531331349,0,0000250F00009A63,1,32,MAIN_LOW32_HELPER_HIGH32,NOT_AVAILABLE
DE5 [1-11.2],22,56,FAILED,1789531331349,1789531331350,1,0,1,32,MAIN_LOW32_HELPER_HIGH32,NOT_AVAILABLE
DE5 [1-11.2],22,57,MAX_WAIT,1789531331350,1789531331350,0,D7F4F000000F3F43,1,32,MAIN_LOW32_HELPER_HIGH32,NOT_AVAILABLE
DE5 [1-11.2],22,58,CURRENT_WAIT,1789531331350,1789531331350,0,0,1,32,MAIN_LOW32_HELPER_HIGH32,NOT_AVAILABLE
DE5 [1-11.2],22,59,LATENCY,1789531331350,1789531331351,1,0000F0000000F001,1,32,MAIN_LOW32_HELPER_HIGH32,NOT_AVAILABLE
DE5 [1-11.2],22,60,FAILURE,1789531331351,1789531331351,0,0,1,32,MAIN_LOW32_HELPER_HIGH32,NOT_AVAILABLE
DE5 [1-11.2],22,61,FIRST_LOSS,1789531331351,1789531331351,0,02FDCC0200000000,1,32,MAIN_LOW32_HELPER_HIGH32,NOT_AVAILABLE
DE5 [1-11.2],23,52,STATUS,1789531332501,1789531332501,0,0D0EDF6AC4DE000D,1,32,MAIN_LOW32_HELPER_HIGH32,NOT_AVAILABLE
DE5 [1-11.2],23,53,PENDING,1789531332501,1789531332501,0,00000D3C0000AD9E,1,32,MAIN_LOW32_HELPER_HIGH32,NOT_AVAILABLE
DE5 [1-11.2],23,54,START,1789531332502,1789531332502,0,0000254200009DD3,1,32,MAIN_LOW32_HELPER_HIGH32,NOT_AVAILABLE
DE5 [1-11.2],23,55,COMPLETED,1789531332502,1789531332502,0,0000254200009DD2,1,32,MAIN_LOW32_HELPER_HIGH32,NOT_AVAILABLE
DE5 [1-11.2],23,56,FAILED,1789531332502,1789531332502,0,0,1,32,MAIN_LOW32_HELPER_HIGH32,NOT_AVAILABLE
DE5 [1-11.2],23,57,MAX_WAIT,1789531332502,1789531332503,1,DB33EA00000F3F43,1,32,MAIN_LOW32_HELPER_HIGH32,NOT_AVAILABLE
DE5 [1-11.2],23,58,CURRENT_WAIT,1789531332503,1789531332503,0,0,1,32,MAIN_LOW32_HELPER_HIGH32,NOT_AVAILABLE
DE5 [1-11.2],23,59,LATENCY,1789531332503,1789531332503,0,0000F0000000F001,1,32,MAIN_LOW32_HELPER_HIGH32,NOT_AVAILABLE
DE5 [1-11.2],23,60,FAILURE,1789531332503,1789531332504,1,0,1,32,MAIN_LOW32_HELPER_HIGH32,NOT_AVAILABLE
DE5 [1-11.2],23,61,FIRST_LOSS,1789531332504,1789531332504,0,030C540200000000,1,32,MAIN_LOW32_HELPER_HIGH32,NOT_AVAILABLE
DE5 [1-11.2],24,52,STATUS,1789531333721,1789531333721,0,10B1D33EBA5C000D,1,32,MAIN_LOW32_HELPER_HIGH32,NOT_AVAILABLE
DE5 [1-11.2],24,53,PENDING,1789531333721,1789531333722,1,00000D3C0000B153,1,32,MAIN_LOW32_HELPER_HIGH32,NOT_AVAILABLE
DE5 [1-11.2],24,54,START,1789531333722,1789531333722,0,0000259B0000A150,1,32,MAIN_LOW32_HELPER_HIGH32,NOT_AVAILABLE
DE5 [1-11.2],24,55,COMPLETED,1789531333722,1789531333723,1,0000259B0000A14F,1,32,MAIN_LOW32_HELPER_HIGH32,NOT_AVAILABLE
DE5 [1-11.2],24,56,FAILED,1789531333723,1789531333723,0,0,1,32,MAIN_LOW32_HELPER_HIGH32,NOT_AVAILABLE
DE5 [1-11.2],24,57,MAX_WAIT,1789531333723,1789531333723,0,DEDEC000000F3F43,1,32,MAIN_LOW32_HELPER_HIGH32,NOT_AVAILABLE
DE5 [1-11.2],24,58,CURRENT_WAIT,1789531333723,1789531333724,1,0,1,32,MAIN_LOW32_HELPER_HIGH32,NOT_AVAILABLE
DE5 [1-11.2],24,59,LATENCY,1789531333724,1789531333724,0,0000F0000000F001,1,32,MAIN_LOW32_HELPER_HIGH32,NOT_AVAILABLE
DE5 [1-11.2],24,60,FAILURE,1789531333724,1789531333724,0,0,1,32,MAIN_LOW32_HELPER_HIGH32,NOT_AVAILABLE
DE5 [1-11.2],24,61,FIRST_LOSS,1789531333724,1789531333724,0,031BB00200000000,1,32,MAIN_LOW32_HELPER_HIGH32,NOT_AVAILABLE
DE5 [1-11.2],25,52,STATUS,1789531334941,1789531334941,0,145485FDB0DC000D,1,32,MAIN_LOW32_HELPER_HIGH32,NOT_AVAILABLE
DE5 [1-11.2],25,53,PENDING,1789531334941,1789531334942,1,00000D3C0000B4FE,1,32,MAIN_LOW32_HELPER_HIGH32,NOT_AVAILABLE
DE5 [1-11.2],25,54,START,1789531334942,1789531334942,0,000025FB0000A4C9,1,32,MAIN_LOW32_HELPER_HIGH32,NOT_AVAILABLE
DE5 [1-11.2],25,55,COMPLETED,1789531334942,1789531334942,0,000025FB0000A4C9,1,32,MAIN_LOW32_HELPER_HIGH32,NOT_AVAILABLE
DE5 [1-11.2],25,56,FAILED,1789531334942,1789531334943,1,0,1,32,MAIN_LOW32_HELPER_HIGH32,NOT_AVAILABLE
DE5 [1-11.2],25,57,MAX_WAIT,1789531334943,1789531334943,0,E286D000000F3F43,1,32,MAIN_LOW32_HELPER_HIGH32,NOT_AVAILABLE
DE5 [1-11.2],25,58,CURRENT_WAIT,1789531334943,1789531334943,0,0000000000006E6E,1,32,MAIN_LOW32_HELPER_HIGH32,NOT_AVAILABLE
DE5 [1-11.2],25,59,LATENCY,1789531334943,1789531334944,1,0000F0000000F001,1,32,MAIN_LOW32_HELPER_HIGH32,NOT_AVAILABLE
DE5 [1-11.2],25,60,FAILURE,1789531334944,1789531334944,0,0,1,32,MAIN_LOW32_HELPER_HIGH32,NOT_AVAILABLE
DE5 [1-11.2],25,61,FIRST_LOSS,1789531334944,1789531334944,0,032B140200000000,1,32,MAIN_LOW32_HELPER_HIGH32,NOT_AVAILABLE
DE5 [1-11.2],26,52,STATUS,1789531336101,1789531336101,0,17C99DF8945C000D,1,32,MAIN_LOW32_HELPER_HIGH32,NOT_AVAILABLE
DE5 [1-11.2],26,53,PENDING,1789531336101,1789531336102,1,00000D3C0000B848,1,32,MAIN_LOW32_HELPER_HIGH32,NOT_AVAILABLE
DE5 [1-11.2],26,54,START,1789531336102,1789531336102,0,000026980000A7BB,1,32,MAIN_LOW32_HELPER_HIGH32,NOT_AVAILABLE
DE5 [1-11.2],26,55,COMPLETED,1789531336102,1789531336102,0,000026980000A7BA,1,32,MAIN_LOW32_HELPER_HIGH32,NOT_AVAILABLE
DE5 [1-11.2],26,56,FAILED,1789531336102,1789531336103,1,0,1,32,MAIN_LOW32_HELPER_HIGH32,NOT_AVAILABLE
DE5 [1-11.2],26,57,MAX_WAIT,1789531336103,1789531336103,0,E5F89C00000F3F43,1,32,MAIN_LOW32_HELPER_HIGH32,NOT_AVAILABLE
DE5 [1-11.2],26,58,CURRENT_WAIT,1789531336103,1789531336103,0,00000000000006D6,1,32,MAIN_LOW32_HELPER_HIGH32,NOT_AVAILABLE
DE5 [1-11.2],26,59,LATENCY,1789531336103,1789531336104,1,0000F0000000F001,1,32,MAIN_LOW32_HELPER_HIGH32,NOT_AVAILABLE
DE5 [1-11.2],26,60,FAILURE,1789531336104,1789531336104,0,0,1,32,MAIN_LOW32_HELPER_HIGH32,NOT_AVAILABLE
DE5 [1-11.2],26,61,FIRST_LOSS,1789531336104,1789531336104,0,03394C0200000000,1,32,MAIN_LOW32_HELPER_HIGH32,NOT_AVAILABLE
DE5 [1-11.2],27,52,STATUS,1789531337311,1789531337312,1,1B64F78B885E000D,1,32,MAIN_LOW32_HELPER_HIGH32,NOT_AVAILABLE
DE5 [1-11.2],27,53,PENDING,1789531337312,1789531337312,0,00000D3C0000BC08,1,32,MAIN_LOW32_HELPER_HIGH32,NOT_AVAILABLE
DE5 [1-11.2],27,54,START,1789531337312,1789531337312,0,000026D30000AB50,1,32,MAIN_LOW32_HELPER_HIGH32,NOT_AVAILABLE
DE5 [1-11.2],27,55,COMPLETED,1789531337312,1789531337313,1,000026D30000AB4F,1,32,MAIN_LOW32_HELPER_HIGH32,NOT_AVAILABLE
DE5 [1-11.2],27,56,FAILED,1789531337313,1789531337313,0,0,1,32,MAIN_LOW32_HELPER_HIGH32,NOT_AVAILABLE
DE5 [1-11.2],27,57,MAX_WAIT,1789531337313,1789531337313,0,E9559200000F3F43,1,32,MAIN_LOW32_HELPER_HIGH32,NOT_AVAILABLE
DE5 [1-11.2],27,58,CURRENT_WAIT,1789531337313,1789531337314,1,2705,1,32,MAIN_LOW32_HELPER_HIGH32,NOT_AVAILABLE
DE5 [1-11.2],27,59,LATENCY,1789531337314,1789531337314,0,0000F0000000F001,1,32,MAIN_LOW32_HELPER_HIGH32,NOT_AVAILABLE
DE5 [1-11.2],27,60,FAILURE,1789531337314,1789531337314,0,0,1,32,MAIN_LOW32_HELPER_HIGH32,NOT_AVAILABLE
DE5 [1-11.2],27,61,FIRST_LOSS,1789531337314,1789531337314,0,348900200000000,1,32,MAIN_LOW32_HELPER_HIGH32,NOT_AVAILABLE
DE5 [1-11.2],28,52,STATUS,1789531338503,1789531338504,1,1EF25DBD78B50005,1,32,MAIN_LOW32_HELPER_HIGH32,NOT_AVAILABLE
DE5 [1-11.2],28,53,PENDING,1789531338504,1789531338504,0,00000D3C0000BF94,1,32,MAIN_LOW32_HELPER_HIGH32,NOT_AVAILABLE
DE5 [1-11.2],28,54,START,1789531338504,1789531338504,0,000027590000AE8B,1,32,MAIN_LOW32_HELPER_HIGH32,NOT_AVAILABLE
DE5 [1-11.2],28,55,COMPLETED,1789531338504,1789531338505,1,000027580000AE8B,1,32,MAIN_LOW32_HELPER_HIGH32,NOT_AVAILABLE
DE5 [1-11.2],28,56,FAILED,1789531338505,1789531338505,0,0,1,32,MAIN_LOW32_HELPER_HIGH32,NOT_AVAILABLE
DE5 [1-11.2],28,57,MAX_WAIT,1789531338505,1789531338505,0,ED4DAE00000F3F43,1,32,MAIN_LOW32_HELPER_HIGH32,NOT_AVAILABLE
DE5 [1-11.2],28,58,CURRENT_WAIT,1789531338505,1789531338506,1,000000000001AA06,1,32,MAIN_LOW32_HELPER_HIGH32,NOT_AVAILABLE
DE5 [1-11.2],28,59,LATENCY,1789531338506,1789531338506,0,0000F0000000F001,1,32,MAIN_LOW32_HELPER_HIGH32,NOT_AVAILABLE
DE5 [1-11.2],28,60,FAILURE,1789531338506,1789531338506,0,0,1,32,MAIN_LOW32_HELPER_HIGH32,NOT_AVAILABLE
DE5 [1-11.2],28,61,FIRST_LOSS,1789531338506,1789531338506,0,357900200000000,1,32,MAIN_LOW32_HELPER_HIGH32,NOT_AVAILABLE
DE5 [1-11.2],29,52,STATUS,1789531339715,1789531339715,0,228EC1F16C9C000D,1,32,MAIN_LOW32_HELPER_HIGH32,NOT_AVAILABLE
DE5 [1-11.2],29,53,PENDING,1789531339715,1789531339716,1,00000D3C0000C342,1,32,MAIN_LOW32_HELPER_HIGH32,NOT_AVAILABLE
DE5 [1-11.2],29,54,START,1789531339716,1789531339716,0,000027AE0000B206,1,32,MAIN_LOW32_HELPER_HIGH32,NOT_AVAILABLE
DE5 [1-11.2],29,55,COMPLETED,1789531339716,1789531339716,0,000027AE0000B205,1,32,MAIN_LOW32_HELPER_HIGH32,NOT_AVAILABLE
DE5 [1-11.2],29,56,FAILED,1789531339716,1789531339717,1,0,1,32,MAIN_LOW32_HELPER_HIGH32,NOT_AVAILABLE
DE5 [1-11.2],29,57,MAX_WAIT,1789531339717,1789531339717,0,F0E83E00000F3F43,1,32,MAIN_LOW32_HELPER_HIGH32,NOT_AVAILABLE
DE5 [1-11.2],29,58,CURRENT_WAIT,1789531339717,1789531339717,0,0,1,32,MAIN_LOW32_HELPER_HIGH32,NOT_AVAILABLE
DE5 [1-11.2],29,59,LATENCY,1789531339717,1789531339718,1,0000F0000000F001,1,32,MAIN_LOW32_HELPER_HIGH32,NOT_AVAILABLE
DE5 [1-11.2],29,60,FAILURE,1789531339718,1789531339718,0,0,1,32,MAIN_LOW32_HELPER_HIGH32,NOT_AVAILABLE
DE5 [1-11.2],29,61,FIRST_LOSS,1789531339718,1789531339718,0,0366D00200000000,1,32,MAIN_LOW32_HELPER_HIGH32,NOT_AVAILABLE
DE5 [1-11.2],30,52,STATUS,1789531340918,1789531340918,0,26244F355F5C000D,1,32,MAIN_LOW32_HELPER_HIGH32,NOT_AVAILABLE
DE5 [1-11.2],30,53,PENDING,1789531340918,1789531340918,0,00000D3C0000C6E7,1,32,MAIN_LOW32_HELPER_HIGH32,NOT_AVAILABLE
DE5 [1-11.2],30,54,START,1789531340918,1789531340919,1,000028160000B569,1,32,MAIN_LOW32_HELPER_HIGH32,NOT_AVAILABLE
DE5 [1-11.2],30,55,COMPLETED,1789531340919,1789531340919,0,000028160000B568,1,32,MAIN_LOW32_HELPER_HIGH32,NOT_AVAILABLE
DE5 [1-11.2],30,56,FAILED,1789531340919,1789531340919,0,0,1,32,MAIN_LOW32_HELPER_HIGH32,NOT_AVAILABLE
DE5 [1-11.2],30,57,MAX_WAIT,1789531340919,1789531340920,1,F4454200000F3F43,1,32,MAIN_LOW32_HELPER_HIGH32,NOT_AVAILABLE
DE5 [1-11.2],30,58,CURRENT_WAIT,1789531340920,1789531340920,0,0000000000000E8E,1,32,MAIN_LOW32_HELPER_HIGH32,NOT_AVAILABLE
DE5 [1-11.2],30,59,LATENCY,1789531340920,1789531340920,0,0000F0000000F001,1,32,MAIN_LOW32_HELPER_HIGH32,NOT_AVAILABLE
DE5 [1-11.2],30,60,FAILURE,1789531340920,1789531340921,1,0,1,32,MAIN_LOW32_HELPER_HIGH32,NOT_AVAILABLE
DE5 [1-11.2],30,61,FIRST_LOSS,1789531340921,1789531340921,0,0375FC0200000000,1,32,MAIN_LOW32_HELPER_HIGH32,NOT_AVAILABLE
DE5 [1-11.2],31,52,STATUS,1789531342118,1789531342118,0,29B8113E39DE000D,1,32,MAIN_LOW32_HELPER_HIGH32,NOT_AVAILABLE
DE5 [1-11.2],31,53,PENDING,1789531342118,1789531342118,0,00000D3C0000CA3A,1,32,MAIN_LOW32_HELPER_HIGH32,NOT_AVAILABLE
DE5 [1-11.2],31,54,START,1789531342119,1789531342119,0,000028960000B853,1,32,MAIN_LOW32_HELPER_HIGH32,NOT_AVAILABLE
DE5 [1-11.2],31,55,COMPLETED,1789531342119,1789531342119,0,000028960000B852,1,32,MAIN_LOW32_HELPER_HIGH32,NOT_AVAILABLE
DE5 [1-11.2],31,56,FAILED,1789531342119,1789531342120,1,0,1,32,MAIN_LOW32_HELPER_HIGH32,NOT_AVAILABLE
DE5 [1-11.2],31,57,MAX_WAIT,1789531342120,1789531342120,0,F8080C00000F3F43,1,32,MAIN_LOW32_HELPER_HIGH32,NOT_AVAILABLE
DE5 [1-11.2],31,58,CURRENT_WAIT,1789531342120,1789531342120,0,0,1,32,MAIN_LOW32_HELPER_HIGH32,NOT_AVAILABLE
DE5 [1-11.2],31,59,LATENCY,1789531342120,1789531342120,0,0000F0000000F001,1,32,MAIN_LOW32_HELPER_HIGH32,NOT_AVAILABLE
DE5 [1-11.2],31,60,FAILURE,1789531342120,1789531342121,1,0,1,32,MAIN_LOW32_HELPER_HIGH32,NOT_AVAILABLE
DE5 [1-11.2],31,61,FIRST_LOSS,1789531342121,1789531342121,0,0383A40200000000,1,32,MAIN_LOW32_HELPER_HIGH32,NOT_AVAILABLE
DE5 [1-11.2],32,52,STATUS,1789531343327,1789531343327,0,2D52512D2CDE000D,1,32,MAIN_LOW32_HELPER_HIGH32,NOT_AVAILABLE
DE5 [1-11.2],32,53,PENDING,1789531343327,1789531343327,0,00000D3C0000CDF5,1,32,MAIN_LOW32_HELPER_HIGH32,NOT_AVAILABLE
DE5 [1-11.2],32,54,START,1789531343327,1789531343328,1,000028D50000BBE0,1,32,MAIN_LOW32_HELPER_HIGH32,NOT_AVAILABLE
DE5 [1-11.2],32,55,COMPLETED,1789531343328,1789531343328,0,000028D50000BBDF,1,32,MAIN_LOW32_HELPER_HIGH32,NOT_AVAILABLE
DE5 [1-11.2],32,56,FAILED,1789531343328,1789531343328,0,0,1,32,MAIN_LOW32_HELPER_HIGH32,NOT_AVAILABLE
DE5 [1-11.2],32,57,MAX_WAIT,1789531343328,1789531343329,1,FB3EBA00000F3F43,1,32,MAIN_LOW32_HELPER_HIGH32,NOT_AVAILABLE
DE5 [1-11.2],32,58,CURRENT_WAIT,1789531343329,1789531343329,0,4985,1,32,MAIN_LOW32_HELPER_HIGH32,NOT_AVAILABLE
DE5 [1-11.2],32,59,LATENCY,1789531343329,1789531343329,0,0000F0000000F001,1,32,MAIN_LOW32_HELPER_HIGH32,NOT_AVAILABLE
DE5 [1-11.2],32,60,FAILURE,1789531343329,1789531343330,1,0,1,32,MAIN_LOW32_HELPER_HIGH32,NOT_AVAILABLE
DE5 [1-11.2],32,61,FIRST_LOSS,1789531343330,1789531343330,0,0392D80200000000,1,32,MAIN_LOW32_HELPER_HIGH32,NOT_AVAILABLE
DE5 [1-11.2],33,52,STATUS,1789531344542,1789531344543,1,30F1B1ED195C000D,1,32,MAIN_LOW32_HELPER_HIGH32,NOT_AVAILABLE
DE5 [1-11.2],33,53,PENDING,1789531344543,1789531344543,0,00000D3C0000D17C,1,32,MAIN_LOW32_HELPER_HIGH32,NOT_AVAILABLE
DE5 [1-11.2],33,54,START,1789531344543,1789531344543,0,000029500000BF16,1,32,MAIN_LOW32_HELPER_HIGH32,NOT_AVAILABLE
DE5 [1-11.2],33,55,COMPLETED,1789531344543,1789531344544,1,000029500000BF16,1,32,MAIN_LOW32_HELPER_HIGH32,NOT_AVAILABLE
DE5 [1-11.2],33,56,FAILED,1789531344544,1789531344544,0,0,1,32,MAIN_LOW32_HELPER_HIGH32,NOT_AVAILABLE
DE5 [1-11.2],33,57,MAX_WAIT,1789531344544,1789531344544,0,FF396E00000F3F43,1,32,MAIN_LOW32_HELPER_HIGH32,NOT_AVAILABLE
DE5 [1-11.2],33,58,CURRENT_WAIT,1789531344544,1789531344545,1,0,1,32,MAIN_LOW32_HELPER_HIGH32,NOT_AVAILABLE
DE5 [1-11.2],33,59,LATENCY,1789531344545,1789531344545,0,0000F0000000F001,1,32,MAIN_LOW32_HELPER_HIGH32,NOT_AVAILABLE
DE5 [1-11.2],33,60,FAILURE,1789531344545,1789531344545,0,0,1,32,MAIN_LOW32_HELPER_HIGH32,NOT_AVAILABLE
DE5 [1-11.2],33,61,FIRST_LOSS,1789531344545,1789531344546,1,03A19C0200000000,1,32,MAIN_LOW32_HELPER_HIGH32,NOT_AVAILABLE
DE5 [1-11.2],34,52,STATUS,1789531345710,1789531345711,1,346CC888041C000D,1,32,MAIN_LOW32_HELPER_HIGH32,NOT_AVAILABLE
DE5 [1-11.2],34,53,PENDING,1789531345711,1789531345711,0,00000D3C0000D4FA,1,32,MAIN_LOW32_HELPER_HIGH32,NOT_AVAILABLE
DE5 [1-11.2],34,54,START,1789531345711,1789531345711,0,000029B60000C25B,1,32,MAIN_LOW32_HELPER_HIGH32,NOT_AVAILABLE
DE5 [1-11.2],34,55,COMPLETED,1789531345711,1789531345712,1,000029B60000C25B,1,32,MAIN_LOW32_HELPER_HIGH32,NOT_AVAILABLE
DE5 [1-11.2],34,56,FAILED,1789531345712,1789531345712,0,0,1,32,MAIN_LOW32_HELPER_HIGH32,NOT_AVAILABLE
DE5 [1-11.2],34,57,MAX_WAIT,1789531345712,1789531345712,0,FFBACE00000F3F43,1,32,MAIN_LOW32_HELPER_HIGH32,NOT_AVAILABLE
DE5 [1-11.2],34,58,CURRENT_WAIT,1789531345712,1789531345713,1,2538,1,32,MAIN_LOW32_HELPER_HIGH32,NOT_AVAILABLE
DE5 [1-11.2],34,59,LATENCY,1789531345713,1789531345713,0,0000F0000000F001,1,32,MAIN_LOW32_HELPER_HIGH32,NOT_AVAILABLE
DE5 [1-11.2],34,60,FAILURE,1789531345713,1789531345713,0,0,1,32,MAIN_LOW32_HELPER_HIGH32,NOT_AVAILABLE
DE5 [1-11.2],34,61,FIRST_LOSS,1789531345713,1789531345714,1,03B0480200000000,1,32,MAIN_LOW32_HELPER_HIGH32,NOT_AVAILABLE
DE5 [1-11.2],35,52,STATUS,1789531346926,1789531346927,1,380C9D31F91E000D,1,32,MAIN_LOW32_HELPER_HIGH32,NOT_AVAILABLE
DE5 [1-11.2],35,53,PENDING,1789531346927,1789531346927,0,00000D3C0000D8B2,1,32,MAIN_LOW32_HELPER_HIGH32,NOT_AVAILABLE
DE5 [1-11.2],35,54,START,1789531346927,1789531346927,0,000029FB0000C5EB,1,32,MAIN_LOW32_HELPER_HIGH32,NOT_AVAILABLE
DE5 [1-11.2],35,55,COMPLETED,1789531346928,1789531346928,0,000029FB0000C5EA,1,32,MAIN_LOW32_HELPER_HIGH32,NOT_AVAILABLE
DE5 [1-11.2],35,56,FAILED,1789531346928,1789531346928,0,0,1,32,MAIN_LOW32_HELPER_HIGH32,NOT_AVAILABLE
DE5 [1-11.2],35,57,MAX_WAIT,1789531346928,1789531346928,0,FFBACE00000F3F43,1,32,MAIN_LOW32_HELPER_HIGH32,NOT_AVAILABLE
DE5 [1-11.2],35,58,CURRENT_WAIT,1789531346928,1789531346929,1,6114,1,32,MAIN_LOW32_HELPER_HIGH32,NOT_AVAILABLE
DE5 [1-11.2],35,59,LATENCY,1789531346929,1789531346929,0,0000F0000000F001,1,32,MAIN_LOW32_HELPER_HIGH32,NOT_AVAILABLE
DE5 [1-11.2],35,60,FAILURE,1789531346929,1789531346929,0,0,1,32,MAIN_LOW32_HELPER_HIGH32,NOT_AVAILABLE
DE5 [1-11.2],35,61,FIRST_LOSS,1789531346929,1789531346930,1,03BF9C0200000000,1,32,MAIN_LOW32_HELPER_HIGH32,NOT_AVAILABLE
DE5 [1-11.2],36,52,STATUS,1789531348121,1789531348121,0,3B9BF06EE9F5000D,1,32,MAIN_LOW32_HELPER_HIGH32,NOT_AVAILABLE
DE5 [1-11.2],36,53,PENDING,1789531348121,1789531348121,0,00000D3C0000DC48,1,32,MAIN_LOW32_HELPER_HIGH32,NOT_AVAILABLE
DE5 [1-11.2],36,54,START,1789531348122,1789531348122,0,00002A670000C942,1,32,MAIN_LOW32_HELPER_HIGH32,NOT_AVAILABLE
DE5 [1-11.2],36,55,COMPLETED,1789531348122,1789531348122,0,00002A670000C941,1,32,MAIN_LOW32_HELPER_HIGH32,NOT_AVAILABLE
DE5 [1-11.2],36,56,FAILED,1789531348122,1789531348123,1,0,1,32,MAIN_LOW32_HELPER_HIGH32,NOT_AVAILABLE
DE5 [1-11.2],36,57,MAX_WAIT,1789531348123,1789531348123,0,FFBACE00000F3F43,1,32,MAIN_LOW32_HELPER_HIGH32,NOT_AVAILABLE
DE5 [1-11.2],36,58,CURRENT_WAIT,1789531348123,1789531348123,0,0,1,32,MAIN_LOW32_HELPER_HIGH32,NOT_AVAILABLE
DE5 [1-11.2],36,59,LATENCY,1789531348123,1789531348123,0,0000F0000000F001,1,32,MAIN_LOW32_HELPER_HIGH32,NOT_AVAILABLE
DE5 [1-11.2],36,60,FAILURE,1789531348123,1789531348124,1,0,1,32,MAIN_LOW32_HELPER_HIGH32,NOT_AVAILABLE
DE5 [1-11.2],36,61,FIRST_LOSS,1789531348124,1789531348124,0,03CEA40200000000,1,32,MAIN_LOW32_HELPER_HIGH32,NOT_AVAILABLE
DE5 [1-11.2],37,52,STATUS,1789531349305,1789531349306,1,3F2399EDD31E000C,1,32,MAIN_LOW32_HELPER_HIGH32,NOT_AVAILABLE
DE5 [1-11.2],37,53,PENDING,1789531349306,1789531349306,0,00000D3C0000DFDF,1,32,MAIN_LOW32_HELPER_HIGH32,NOT_AVAILABLE
DE5 [1-11.2],37,54,START,1789531349306,1789531349306,0,00002AB00000CC9E,1,32,MAIN_LOW32_HELPER_HIGH32,NOT_AVAILABLE
DE5 [1-11.2],37,55,COMPLETED,1789531349306,1789531349307,1,00002AB00000CC9D,1,32,MAIN_LOW32_HELPER_HIGH32,NOT_AVAILABLE
DE5 [1-11.2],37,56,FAILED,1789531349307,1789531349307,0,0,1,32,MAIN_LOW32_HELPER_HIGH32,NOT_AVAILABLE
DE5 [1-11.2],37,57,MAX_WAIT,1789531349307,1789531349307,0,FFBACE00000F3F43,1,32,MAIN_LOW32_HELPER_HIGH32,NOT_AVAILABLE
DE5 [1-11.2],37,58,CURRENT_WAIT,1789531349307,1789531349308,1,0,1,32,MAIN_LOW32_HELPER_HIGH32,NOT_AVAILABLE
DE5 [1-11.2],37,59,LATENCY,1789531349308,1789531349308,0,0000F0000000F001,1,32,MAIN_LOW32_HELPER_HIGH32,NOT_AVAILABLE
DE5 [1-11.2],37,60,FAILURE,1789531349308,1789531349308,0,0,1,32,MAIN_LOW32_HELPER_HIGH32,NOT_AVAILABLE
DE5 [1-11.2],37,61,FIRST_LOSS,1789531349308,1789531349308,0,03DD380200000000,1,32,MAIN_LOW32_HELPER_HIGH32,NOT_AVAILABLE
DE5 [1-11.2],38,52,STATUS,1789531350501,1789531350501,0,42B38CF8BE5C000D,1,32,MAIN_LOW32_HELPER_HIGH32,NOT_AVAILABLE
DE5 [1-11.2],38,53,PENDING,1789531350501,1789531350501,0,00000D3C0000E36B,1,32,MAIN_LOW32_HELPER_HIGH32,NOT_AVAILABLE
DE5 [1-11.2],38,54,START,1789531350501,1789531350502,1,00002B130000CFE8,1,32,MAIN_LOW32_HELPER_HIGH32,NOT_AVAILABLE
DE5 [1-11.2],38,55,COMPLETED,1789531350502,1789531350502,0,00002B130000CFE7,1,32,MAIN_LOW32_HELPER_HIGH32,NOT_AVAILABLE
DE5 [1-11.2],38,56,FAILED,1789531350502,1789531350502,0,0,1,32,MAIN_LOW32_HELPER_HIGH32,NOT_AVAILABLE
DE5 [1-11.2],38,57,MAX_WAIT,1789531350502,1789531350503,1,FFBACE00000F3F43,1,32,MAIN_LOW32_HELPER_HIGH32,NOT_AVAILABLE
DE5 [1-11.2],38,58,CURRENT_WAIT,1789531350503,1789531350503,0,0,1,32,MAIN_LOW32_HELPER_HIGH32,NOT_AVAILABLE
DE5 [1-11.2],38,59,LATENCY,1789531350503,1789531350503,0,0000F0000000F001,1,32,MAIN_LOW32_HELPER_HIGH32,NOT_AVAILABLE
DE5 [1-11.2],38,60,FAILURE,1789531350503,1789531350503,0,0,1,32,MAIN_LOW32_HELPER_HIGH32,NOT_AVAILABLE
DE5 [1-11.2],38,61,FIRST_LOSS,1789531350503,1789531350504,1,03EBEC0200000000,1,32,MAIN_LOW32_HELPER_HIGH32,NOT_AVAILABLE
DE5 [1-11.2],39,52,STATUS,1789531351701,1789531351701,0,4647261DAF5A000C,1,32,MAIN_LOW32_HELPER_HIGH32,NOT_AVAILABLE
DE5 [1-11.2],39,53,PENDING,1789531351701,1789531351701,0,00000D3C0000E701,1,32,MAIN_LOW32_HELPER_HIGH32,NOT_AVAILABLE
DE5 [1-11.2],39,54,START,1789531351702,1789531351702,0,00002B7C0000D342,1,32,MAIN_LOW32_HELPER_HIGH32,NOT_AVAILABLE
DE5 [1-11.2],39,55,COMPLETED,1789531351702,1789531351702,0,00002B7C0000D342,1,32,MAIN_LOW32_HELPER_HIGH32,NOT_AVAILABLE
DE5 [1-11.2],39,56,FAILED,1789531351702,1789531351703,1,0,1,32,MAIN_LOW32_HELPER_HIGH32,NOT_AVAILABLE
DE5 [1-11.2],39,57,MAX_WAIT,1789531351703,1789531351703,0,FFBACE00000F3F43,1,32,MAIN_LOW32_HELPER_HIGH32,NOT_AVAILABLE
DE5 [1-11.2],39,58,CURRENT_WAIT,1789531351703,1789531351703,0,000000000000C02D,1,32,MAIN_LOW32_HELPER_HIGH32,NOT_AVAILABLE
DE5 [1-11.2],39,59,LATENCY,1789531351703,1789531351703,0,0000F0000000F001,1,32,MAIN_LOW32_HELPER_HIGH32,NOT_AVAILABLE
DE5 [1-11.2],39,60,FAILURE,1789531351703,1789531351704,1,0,1,32,MAIN_LOW32_HELPER_HIGH32,NOT_AVAILABLE
DE5 [1-11.2],39,61,FIRST_LOSS,1789531351704,1789531351704,0,03FAFC0200000000,1,32,MAIN_LOW32_HELPER_HIGH32,NOT_AVAILABLE
DE5 [1-11.2],40,52,STATUS,1789531352917,1789531352917,0,49E6BE2590DC0005,1,32,MAIN_LOW32_HELPER_HIGH32,NOT_AVAILABLE
DE5 [1-11.2],40,53,PENDING,1789531352917,1789531352917,0,00000D3C0000EA61,1,32,MAIN_LOW32_HELPER_HIGH32,NOT_AVAILABLE
DE5 [1-11.2],40,54,START,1789531352917,1789531352918,1,00002BF00000D655,1,32,MAIN_LOW32_HELPER_HIGH32,NOT_AVAILABLE
DE5 [1-11.2],40,55,COMPLETED,1789531352918,1789531352918,0,00002BEF0000D655,1,32,MAIN_LOW32_HELPER_HIGH32,NOT_AVAILABLE
DE5 [1-11.2],40,56,FAILED,1789531352918,1789531352918,0,0,1,32,MAIN_LOW32_HELPER_HIGH32,NOT_AVAILABLE
DE5 [1-11.2],40,57,MAX_WAIT,1789531352918,1789531352919,1,FFBACE00000F3F43,1,32,MAIN_LOW32_HELPER_HIGH32,NOT_AVAILABLE
DE5 [1-11.2],40,58,CURRENT_WAIT,1789531352919,1789531352919,0,000000000002B6AF,1,32,MAIN_LOW32_HELPER_HIGH32,NOT_AVAILABLE
DE5 [1-11.2],40,59,LATENCY,1789531352919,1789531352919,0,0000F0000000F001,1,32,MAIN_LOW32_HELPER_HIGH32,NOT_AVAILABLE
DE5 [1-11.2],40,60,FAILURE,1789531352919,1789531352919,0,0,1,32,MAIN_LOW32_HELPER_HIGH32,NOT_AVAILABLE
DE5 [1-11.2],40,61,FIRST_LOSS,1789531352919,1789531352920,1,409140200000000,1,32,MAIN_LOW32_HELPER_HIGH32,NOT_AVAILABLE
DE5 [1-11.2],41,52,STATUS,1789531354107,1789531354107,0,4D72D6F2811C0005,1,32,MAIN_LOW32_HELPER_HIGH32,NOT_AVAILABLE
DE5 [1-11.2],41,53,PENDING,1789531354107,1789531354107,0,00000D3C0000EDCF,1,32,MAIN_LOW32_HELPER_HIGH32,NOT_AVAILABLE
DE5 [1-11.2],41,54,START,1789531354108,1789531354108,0,00002C870000D97E,1,32,MAIN_LOW32_HELPER_HIGH32,NOT_AVAILABLE
DE5 [1-11.2],41,55,COMPLETED,1789531354108,1789531354108,0,00002C870000D97E,1,32,MAIN_LOW32_HELPER_HIGH32,NOT_AVAILABLE
DE5 [1-11.2],41,56,FAILED,1789531354108,1789531354109,1,0,1,32,MAIN_LOW32_HELPER_HIGH32,NOT_AVAILABLE
DE5 [1-11.2],41,57,MAX_WAIT,1789531354109,1789531354109,0,FFBACE00000F3F43,1,32,MAIN_LOW32_HELPER_HIGH32,NOT_AVAILABLE
DE5 [1-11.2],41,58,CURRENT_WAIT,1789531354109,1789531354109,0,000000000002AE5A,1,32,MAIN_LOW32_HELPER_HIGH32,NOT_AVAILABLE
DE5 [1-11.2],41,59,LATENCY,1789531354109,1789531354110,1,0000F0000000F001,1,32,MAIN_LOW32_HELPER_HIGH32,NOT_AVAILABLE
DE5 [1-11.2],41,60,FAILURE,1789531354110,1789531354110,0,0,1,32,MAIN_LOW32_HELPER_HIGH32,NOT_AVAILABLE
DE5 [1-11.2],41,61,FIRST_LOSS,1789531354110,1789531354110,0,418180200000000,1,32,MAIN_LOW32_HELPER_HIGH32,NOT_AVAILABLE
DE5 [1-11.2],42,52,STATUS,1789531355308,1789531355308,0,51073DD172DC000D,1,32,MAIN_LOW32_HELPER_HIGH32,NOT_AVAILABLE
DE5 [1-11.2],42,53,PENDING,1789531355308,1789531355309,1,00000D3C0000F188,1,32,MAIN_LOW32_HELPER_HIGH32,NOT_AVAILABLE
DE5 [1-11.2],42,54,START,1789531355309,1789531355309,0,00002CC20000DD0B,1,32,MAIN_LOW32_HELPER_HIGH32,NOT_AVAILABLE
DE5 [1-11.2],42,55,COMPLETED,1789531355309,1789531355309,0,00002CC20000DD0A,1,32,MAIN_LOW32_HELPER_HIGH32,NOT_AVAILABLE
DE5 [1-11.2],42,56,FAILED,1789531355310,1789531355310,0,0,1,32,MAIN_LOW32_HELPER_HIGH32,NOT_AVAILABLE
DE5 [1-11.2],42,57,MAX_WAIT,1789531355310,1789531355310,0,FFBACE00000F3F43,1,32,MAIN_LOW32_HELPER_HIGH32,NOT_AVAILABLE
DE5 [1-11.2],42,58,CURRENT_WAIT,1789531355310,1789531355311,1,0000000000002C57,1,32,MAIN_LOW32_HELPER_HIGH32,NOT_AVAILABLE
DE5 [1-11.2],42,59,LATENCY,1789531355311,1789531355311,0,0000F0000000F001,1,32,MAIN_LOW32_HELPER_HIGH32,NOT_AVAILABLE
DE5 [1-11.2],42,60,FAILURE,1789531355311,1789531355311,0,0,1,32,MAIN_LOW32_HELPER_HIGH32,NOT_AVAILABLE
DE5 [1-11.2],42,61,FIRST_LOSS,1789531355311,1789531355311,0,427340200000000,1,32,MAIN_LOW32_HELPER_HIGH32,NOT_AVAILABLE
DE5 [1-11.2],43,52,STATUS,1789531356522,1789531356523,1,54A58F84675C000C,1,32,MAIN_LOW32_HELPER_HIGH32,NOT_AVAILABLE
DE5 [1-11.2],43,53,PENDING,1789531356523,1789531356523,0,00000D3C0000F53F,1,32,MAIN_LOW32_HELPER_HIGH32,NOT_AVAILABLE
DE5 [1-11.2],43,54,START,1789531356523,1789531356523,0,00002D1E0000E081,1,32,MAIN_LOW32_HELPER_HIGH32,NOT_AVAILABLE
DE5 [1-11.2],43,55,COMPLETED,1789531356523,1789531356524,1,00002D1E0000E080,1,32,MAIN_LOW32_HELPER_HIGH32,NOT_AVAILABLE
DE5 [1-11.2],43,56,FAILED,1789531356524,1789531356524,0,0,1,32,MAIN_LOW32_HELPER_HIGH32,NOT_AVAILABLE
DE5 [1-11.2],43,57,MAX_WAIT,1789531356524,1789531356524,0,FFBACE00000F3F43,1,32,MAIN_LOW32_HELPER_HIGH32,NOT_AVAILABLE
DE5 [1-11.2],43,58,CURRENT_WAIT,1789531356524,1789531356525,1,0000000000001AB1,1,32,MAIN_LOW32_HELPER_HIGH32,NOT_AVAILABLE
DE5 [1-11.2],43,59,LATENCY,1789531356525,1789531356525,0,0000F0000000F001,1,32,MAIN_LOW32_HELPER_HIGH32,NOT_AVAILABLE
DE5 [1-11.2],43,60,FAILURE,1789531356525,1789531356525,0,0,1,32,MAIN_LOW32_HELPER_HIGH32,NOT_AVAILABLE
DE5 [1-11.2],43,61,FIRST_LOSS,1789531356525,1789531356525,0,04367C0200000000,1,32,MAIN_LOW32_HELPER_HIGH32,NOT_AVAILABLE
DE5 [1-11.2],44,52,STATUS,1789531357731,1789531357732,1,58401EFF5B9C0005,1,32,MAIN_LOW32_HELPER_HIGH32,NOT_AVAILABLE
DE5 [1-11.2],44,53,PENDING,1789531357732,1789531357732,0,00000D3C0000F8DB,1,32,MAIN_LOW32_HELPER_HIGH32,NOT_AVAILABLE
DE5 [1-11.2],44,54,START,1789531357732,1789531357732,0,00002D8B0000E3E5,1,32,MAIN_LOW32_HELPER_HIGH32,NOT_AVAILABLE
DE5 [1-11.2],44,55,COMPLETED,1789531357733,1789531357733,0,00002D8B0000E3E4,1,32,MAIN_LOW32_HELPER_HIGH32,NOT_AVAILABLE
DE5 [1-11.2],44,56,FAILED,1789531357733,1789531357733,0,0,1,32,MAIN_LOW32_HELPER_HIGH32,NOT_AVAILABLE
DE5 [1-11.2],44,57,MAX_WAIT,1789531357733,1789531357734,1,FFBACE00000F3F43,1,32,MAIN_LOW32_HELPER_HIGH32,NOT_AVAILABLE
DE5 [1-11.2],44,58,CURRENT_WAIT,1789531357734,1789531357734,0,0,1,32,MAIN_LOW32_HELPER_HIGH32,NOT_AVAILABLE
DE5 [1-11.2],44,59,LATENCY,1789531357734,1789531357734,0,0000F0000000F001,1,32,MAIN_LOW32_HELPER_HIGH32,NOT_AVAILABLE
DE5 [1-11.2],44,60,FAILURE,1789531357734,1789531357734,0,0,1,32,MAIN_LOW32_HELPER_HIGH32,NOT_AVAILABLE
DE5 [1-11.2],44,61,FIRST_LOSS,1789531357734,1789531357735,1,0445C00200000000,1,32,MAIN_LOW32_HELPER_HIGH32,NOT_AVAILABLE
DE5 [1-11.2],45,52,STATUS,1789531358931,1789531358931,0,5BD305CF445A0005,1,32,MAIN_LOW32_HELPER_HIGH32,NOT_AVAILABLE
DE5 [1-11.2],45,53,PENDING,1789531358931,1789531358931,0,00000D3C0000FC25,1,32,MAIN_LOW32_HELPER_HIGH32,NOT_AVAILABLE
DE5 [1-11.2],45,54,START,1789531358931,1789531358932,1,00002E430000E6CF,1,32,MAIN_LOW32_HELPER_HIGH32,NOT_AVAILABLE
DE5 [1-11.2],45,55,COMPLETED,1789531358932,1789531358932,0,00002E430000E6CF,1,32,MAIN_LOW32_HELPER_HIGH32,NOT_AVAILABLE
DE5 [1-11.2],45,56,FAILED,1789531358932,1789531358932,0,0,1,32,MAIN_LOW32_HELPER_HIGH32,NOT_AVAILABLE
DE5 [1-11.2],45,57,MAX_WAIT,1789531358933,1789531358933,0,FFBACE00000F3F43,1,32,MAIN_LOW32_HELPER_HIGH32,NOT_AVAILABLE
DE5 [1-11.2],45,58,CURRENT_WAIT,1789531358933,1789531358933,0,29712,1,32,MAIN_LOW32_HELPER_HIGH32,NOT_AVAILABLE
DE5 [1-11.2],45,59,LATENCY,1789531358933,1789531358933,0,0000F0000000F001,1,32,MAIN_LOW32_HELPER_HIGH32,NOT_AVAILABLE
DE5 [1-11.2],45,60,FAILURE,1789531358933,1789531358934,1,0,1,32,MAIN_LOW32_HELPER_HIGH32,NOT_AVAILABLE
DE5 [1-11.2],45,61,FIRST_LOSS,1789531358934,1789531358934,0,04544C0200000000,1,32,MAIN_LOW32_HELPER_HIGH32,NOT_AVAILABLE
DE5 [1-11.2],46,52,STATUS,1789531360145,1789531360145,0,5F7131AA2B1E000D,1,32,MAIN_LOW32_HELPER_HIGH32,NOT_AVAILABLE
DE5 [1-11.2],46,53,PENDING,1789531360145,1789531360145,0,00000D3C0000FFA7,1,32,MAIN_LOW32_HELPER_HIGH32,NOT_AVAILABLE
DE5 [1-11.2],46,54,START,1789531360145,1789531360146,1,00002E990000EA15,1,32,MAIN_LOW32_HELPER_HIGH32,NOT_AVAILABLE
DE5 [1-11.2],46,55,COMPLETED,1789531360146,1789531360146,0,00002E980000EA15,1,32,MAIN_LOW32_HELPER_HIGH32,NOT_AVAILABLE
DE5 [1-11.2],46,56,FAILED,1789531360146,1789531360146,0,0,1,32,MAIN_LOW32_HELPER_HIGH32,NOT_AVAILABLE
DE5 [1-11.2],46,57,MAX_WAIT,1789531360146,1789531360146,0,FFBACE00000F3F43,1,32,MAIN_LOW32_HELPER_HIGH32,NOT_AVAILABLE
DE5 [1-11.2],46,58,CURRENT_WAIT,1789531360146,1789531360147,1,0,1,32,MAIN_LOW32_HELPER_HIGH32,NOT_AVAILABLE
DE5 [1-11.2],46,59,LATENCY,1789531360147,1789531360147,0,0000F0000000F001,1,32,MAIN_LOW32_HELPER_HIGH32,NOT_AVAILABLE
DE5 [1-11.2],46,60,FAILURE,1789531360147,1789531360147,0,0,1,32,MAIN_LOW32_HELPER_HIGH32,NOT_AVAILABLE
DE5 [1-11.2],46,61,FIRST_LOSS,1789531360147,1789531360148,1,0462B80200000000,1,32,MAIN_LOW32_HELPER_HIGH32,NOT_AVAILABLE
DE5 [1-11.2],47,52,STATUS,1789531361299,1789531361299,0,62E1A3FE139C000D,1,32,MAIN_LOW32_HELPER_HIGH32,NOT_AVAILABLE
DE5 [1-11.2],47,53,PENDING,1789531361299,1789531361299,0,00000D3C00010332,1,32,MAIN_LOW32_HELPER_HIGH32,NOT_AVAILABLE
DE5 [1-11.2],47,54,START,1789531361299,1789531361300,1,00002EE80000ED67,1,32,MAIN_LOW32_HELPER_HIGH32,NOT_AVAILABLE
DE5 [1-11.2],47,55,COMPLETED,1789531361300,1789531361300,0,00002EE80000ED67,1,32,MAIN_LOW32_HELPER_HIGH32,NOT_AVAILABLE
DE5 [1-11.2],47,56,FAILED,1789531361300,1789531361300,0,0,1,32,MAIN_LOW32_HELPER_HIGH32,NOT_AVAILABLE
DE5 [1-11.2],47,57,MAX_WAIT,1789531361300,1789531361301,1,FFBACE00000F3F43,1,32,MAIN_LOW32_HELPER_HIGH32,NOT_AVAILABLE
DE5 [1-11.2],47,58,CURRENT_WAIT,1789531361301,1789531361301,0,000000000000A214,1,32,MAIN_LOW32_HELPER_HIGH32,NOT_AVAILABLE
DE5 [1-11.2],47,59,LATENCY,1789531361301,1789531361301,0,0000F0000000F001,1,32,MAIN_LOW32_HELPER_HIGH32,NOT_AVAILABLE
DE5 [1-11.2],47,60,FAILURE,1789531361301,1789531361301,0,0,1,32,MAIN_LOW32_HELPER_HIGH32,NOT_AVAILABLE
DE5 [1-11.2],47,61,FIRST_LOSS,1789531361301,1789531361302,1,471400200000000,1,32,MAIN_LOW32_HELPER_HIGH32,NOT_AVAILABLE
DE5 [1-11.2],48,52,STATUS,1789531362431,1789531362432,1,6641B846F7DC000D,1,32,MAIN_LOW32_HELPER_HIGH32,NOT_AVAILABLE
DE5 [1-11.2],48,53,PENDING,1789531362432,1789531362432,0,00000D3C00010689,1,32,MAIN_LOW32_HELPER_HIGH32,NOT_AVAILABLE
DE5 [1-11.2],48,54,START,1789531362432,1789531362432,0,00002F6E0000F073,1,32,MAIN_LOW32_HELPER_HIGH32,NOT_AVAILABLE
DE5 [1-11.2],48,55,COMPLETED,1789531362432,1789531362433,1,00002F6D0000F073,1,32,MAIN_LOW32_HELPER_HIGH32,NOT_AVAILABLE
DE5 [1-11.2],48,56,FAILED,1789531362433,1789531362433,0,0,1,32,MAIN_LOW32_HELPER_HIGH32,NOT_AVAILABLE
DE5 [1-11.2],48,57,MAX_WAIT,1789531362433,1789531362433,0,FFBACE00000F3F43,1,32,MAIN_LOW32_HELPER_HIGH32,NOT_AVAILABLE
DE5 [1-11.2],48,58,CURRENT_WAIT,1789531362433,1789531362433,0,0,1,32,MAIN_LOW32_HELPER_HIGH32,NOT_AVAILABLE
DE5 [1-11.2],48,59,LATENCY,1789531362433,1789531362434,1,0000F0000000F001,1,32,MAIN_LOW32_HELPER_HIGH32,NOT_AVAILABLE
DE5 [1-11.2],48,60,FAILURE,1789531362434,1789531362434,0,0,1,32,MAIN_LOW32_HELPER_HIGH32,NOT_AVAILABLE
DE5 [1-11.2],48,61,FIRST_LOSS,1789531362434,1789531362434,0,047F840200000000,1,32,MAIN_LOW32_HELPER_HIGH32,NOT_AVAILABLE
DE5 [1-11.2],49,52,STATUS,1789531363645,1789531363646,1,69E01795DD75000D,1,32,MAIN_LOW32_HELPER_HIGH32,NOT_AVAILABLE
DE5 [1-11.2],49,53,PENDING,1789531363646,1789531363646,0,00000D3C00010A1E,1,32,MAIN_LOW32_HELPER_HIGH32,NOT_AVAILABLE
DE5 [1-11.2],49,54,START,1789531363646,1789531363646,0,00002FC30000F3B4,1,32,MAIN_LOW32_HELPER_HIGH32,NOT_AVAILABLE
DE5 [1-11.2],49,55,COMPLETED,1789531363647,1789531363647,0,00002FC30000F3B3,1,32,MAIN_LOW32_HELPER_HIGH32,NOT_AVAILABLE
DE5 [1-11.2],49,56,FAILED,1789531363647,1789531363647,0,0,1,32,MAIN_LOW32_HELPER_HIGH32,NOT_AVAILABLE
DE5 [1-11.2],49,57,MAX_WAIT,1789531363647,1789531363647,0,FFBACE00000F3F43,1,32,MAIN_LOW32_HELPER_HIGH32,NOT_AVAILABLE
DE5 [1-11.2],49,58,CURRENT_WAIT,1789531363647,1789531363648,1,0000000000004E0A,1,32,MAIN_LOW32_HELPER_HIGH32,NOT_AVAILABLE
DE5 [1-11.2],49,59,LATENCY,1789531363648,1789531363648,0,0000F0000000F001,1,32,MAIN_LOW32_HELPER_HIGH32,NOT_AVAILABLE
DE5 [1-11.2],49,60,FAILURE,1789531363648,1789531363648,0,0,1,32,MAIN_LOW32_HELPER_HIGH32,NOT_AVAILABLE
DE5 [1-11.2],49,61,FIRST_LOSS,1789531363648,1789531363649,1,048DE00200000000,1,32,MAIN_LOW32_HELPER_HIGH32,NOT_AVAILABLE
DE5 [1-11.2],50,52,STATUS,1789531364786,1789531364787,1,6D466C36C275000D,1,32,MAIN_LOW32_HELPER_HIGH32,NOT_AVAILABLE
DE5 [1-11.2],50,53,PENDING,1789531364787,1789531364787,0,00000D3C00010DA9,1,32,MAIN_LOW32_HELPER_HIGH32,NOT_AVAILABLE
DE5 [1-11.2],50,54,START,1789531364787,1789531364787,0,000030080000F703,1,32,MAIN_LOW32_HELPER_HIGH32,NOT_AVAILABLE
DE5 [1-11.2],50,55,COMPLETED,1789531364787,1789531364788,1,000030080000F702,1,32,MAIN_LOW32_HELPER_HIGH32,NOT_AVAILABLE
DE5 [1-11.2],50,56,FAILED,1789531364788,1789531364788,0,0,1,32,MAIN_LOW32_HELPER_HIGH32,NOT_AVAILABLE
DE5 [1-11.2],50,57,MAX_WAIT,1789531364788,1789531364788,0,FFBACE00000F3F43,1,32,MAIN_LOW32_HELPER_HIGH32,NOT_AVAILABLE
DE5 [1-11.2],50,58,CURRENT_WAIT,1789531364788,1789531364789,1,0.0,1,32,MAIN_LOW32_HELPER_HIGH32,NOT_AVAILABLE
DE5 [1-11.2],50,59,LATENCY,1789531364789,1789531364789,0,0000F0000000F001,1,32,MAIN_LOW32_HELPER_HIGH32,NOT_AVAILABLE
DE5 [1-11.2],50,60,FAILURE,1789531364789,1789531364789,0,0,1,32,MAIN_LOW32_HELPER_HIGH32,NOT_AVAILABLE
DE5 [1-11.2],50,61,FIRST_LOSS,1789531364789,1789531364789,0,049C2C0200000000,1,32,MAIN_LOW32_HELPER_HIGH32,NOT_AVAILABLE
DE5 [1-11.2],51,52,STATUS,1789531365950,1789531365951,1,70BE7443AD9E000D,1,32,MAIN_LOW32_HELPER_HIGH32,NOT_AVAILABLE
DE5 [1-11.2],51,53,PENDING,1789531365951,1789531365951,0,00000D3C0001114B,1,32,MAIN_LOW32_HELPER_HIGH32,NOT_AVAILABLE
DE5 [1-11.2],51,54,START,1789531365951,1789531365951,0,000030400000FA78,1,32,MAIN_LOW32_HELPER_HIGH32,NOT_AVAILABLE
DE5 [1-11.2],51,55,COMPLETED,1789531365951,1789531365952,1,000030400000FA77,1,32,MAIN_LOW32_HELPER_HIGH32,NOT_AVAILABLE
DE5 [1-11.2],51,56,FAILED,1789531365952,1789531365952,0,0,1,32,MAIN_LOW32_HELPER_HIGH32,NOT_AVAILABLE
DE5 [1-11.2],51,57,MAX_WAIT,1789531365952,1789531365952,0,FFBACE00000F3F43,1,32,MAIN_LOW32_HELPER_HIGH32,NOT_AVAILABLE
DE5 [1-11.2],51,58,CURRENT_WAIT,1789531365952,1789531365953,1,0000000000005D11,1,32,MAIN_LOW32_HELPER_HIGH32,NOT_AVAILABLE
DE5 [1-11.2],51,59,LATENCY,1789531365953,1789531365953,0,0000F0000000F001,1,32,MAIN_LOW32_HELPER_HIGH32,NOT_AVAILABLE
DE5 [1-11.2],51,60,FAILURE,1789531365953,1789531365953,0,0,1,32,MAIN_LOW32_HELPER_HIGH32,NOT_AVAILABLE
DE5 [1-11.2],51,61,FIRST_LOSS,1789531365953,1789531365953,0,04AAE40200000000,1,32,MAIN_LOW32_HELPER_HIGH32,NOT_AVAILABLE
DE5 [1-11.2],52,52,STATUS,1789531367114,1789531367115,1,7436A18E989A000C,1,32,MAIN_LOW32_HELPER_HIGH32,NOT_AVAILABLE
DE5 [1-11.2],52,53,PENDING,1789531367115,1789531367115,0,00000D3C000114F3,1,32,MAIN_LOW32_HELPER_HIGH32,NOT_AVAILABLE
DE5 [1-11.2],52,54,START,1789531367115,1789531367115,0,000030670000FDFC,1,32,MAIN_LOW32_HELPER_HIGH32,NOT_AVAILABLE
DE5 [1-11.2],52,55,COMPLETED,1789531367115,1789531367116,1,000030670000FDFB,1,32,MAIN_LOW32_HELPER_HIGH32,NOT_AVAILABLE
DE5 [1-11.2],52,56,FAILED,1789531367116,1789531367116,0,0,1,32,MAIN_LOW32_HELPER_HIGH32,NOT_AVAILABLE
DE5 [1-11.2],52,57,MAX_WAIT,1789531367116,1789531367116,0,FFBACE00000F3F43,1,32,MAIN_LOW32_HELPER_HIGH32,NOT_AVAILABLE
DE5 [1-11.2],52,58,CURRENT_WAIT,1789531367116,1789531367117,1,000000000000B415,1,32,MAIN_LOW32_HELPER_HIGH32,NOT_AVAILABLE
DE5 [1-11.2],52,59,LATENCY,1789531367117,1789531367117,0,0000F0000000F001,1,32,MAIN_LOW32_HELPER_HIGH32,NOT_AVAILABLE
DE5 [1-11.2],52,60,FAILURE,1789531367117,1789531367117,0,0,1,32,MAIN_LOW32_HELPER_HIGH32,NOT_AVAILABLE
DE5 [1-11.2],52,61,FIRST_LOSS,1789531367117,1789531367118,1,04B9900200000000,1,32,MAIN_LOW32_HELPER_HIGH32,NOT_AVAILABLE
DE5 [1-11.2],53,52,STATUS,1789531368337,1789531368337,0,77DB262B8E9E000D,1,32,MAIN_LOW32_HELPER_HIGH32,NOT_AVAILABLE
DE5 [1-11.2],53,53,PENDING,1789531368337,1789531368337,0,00000D3C000118B6,1,32,MAIN_LOW32_HELPER_HIGH32,NOT_AVAILABLE
DE5 [1-11.2],53,54,START,1789531368337,1789531368338,1,000030B800010184,1,32,MAIN_LOW32_HELPER_HIGH32,NOT_AVAILABLE
DE5 [1-11.2],53,55,COMPLETED,1789531368338,1789531368338,0,000030B800010183,1,32,MAIN_LOW32_HELPER_HIGH32,NOT_AVAILABLE
DE5 [1-11.2],53,56,FAILED,1789531368338,1789531368338,0,0,1,32,MAIN_LOW32_HELPER_HIGH32,NOT_AVAILABLE
DE5 [1-11.2],53,57,MAX_WAIT,1789531368338,1789531368339,1,FFBACE00000F3F43,1,32,MAIN_LOW32_HELPER_HIGH32,NOT_AVAILABLE
DE5 [1-11.2],53,58,CURRENT_WAIT,1789531368339,1789531368339,0,7801,1,32,MAIN_LOW32_HELPER_HIGH32,NOT_AVAILABLE
DE5 [1-11.2],53,59,LATENCY,1789531368339,1789531368339,0,0000F0000000F001,1,32,MAIN_LOW32_HELPER_HIGH32,NOT_AVAILABLE
DE5 [1-11.2],53,60,FAILURE,1789531368339,1789531368340,1,0,1,32,MAIN_LOW32_HELPER_HIGH32,NOT_AVAILABLE
DE5 [1-11.2],53,61,FIRST_LOSS,1789531368340,1789531368340,0,04C8F40200000000,1,32,MAIN_LOW32_HELPER_HIGH32,NOT_AVAILABLE
DE5 [1-11.2],54,52,STATUS,1789531369538,1789531369538,0,7B6F54296A500008,1,32,MAIN_LOW32_HELPER_HIGH32,NOT_AVAILABLE
DE5 [1-11.2],54,53,PENDING,1789531369538,1789531369538,0,00000D3C00011C20,1,32,MAIN_LOW32_HELPER_HIGH32,NOT_AVAILABLE
DE5 [1-11.2],54,54,START,1789531369538,1789531369539,1,311100010498,1,32,MAIN_LOW32_HELPER_HIGH32,NOT_AVAILABLE
DE5 [1-11.2],54,55,COMPLETED,1789531369539,1789531369539,0,311100010498,1,32,MAIN_LOW32_HELPER_HIGH32,NOT_AVAILABLE
DE5 [1-11.2],54,56,FAILED,1789531369539,1789531369539,0,0,1,32,MAIN_LOW32_HELPER_HIGH32,NOT_AVAILABLE
DE5 [1-11.2],54,57,MAX_WAIT,1789531369539,1789531369540,1,FFBACE00000F3F43,1,32,MAIN_LOW32_HELPER_HIGH32,NOT_AVAILABLE
DE5 [1-11.2],54,58,CURRENT_WAIT,1789531369540,1789531369540,0,0,1,32,MAIN_LOW32_HELPER_HIGH32,NOT_AVAILABLE
DE5 [1-11.2],54,59,LATENCY,1789531369540,1789531369540,0,0000F0000000F001,1,32,MAIN_LOW32_HELPER_HIGH32,NOT_AVAILABLE
DE5 [1-11.2],54,60,FAILURE,1789531369540,1789531369541,1,0,1,32,MAIN_LOW32_HELPER_HIGH32,NOT_AVAILABLE
DE5 [1-11.2],54,61,FIRST_LOSS,1789531369541,1789531369541,0,04D6A40200000000,1,32,MAIN_LOW32_HELPER_HIGH32,NOT_AVAILABLE
DE5 [1-11.2],55,52,STATUS,1789531370686,1789531370686,0,7EDB47E745B5000D,1,32,MAIN_LOW32_HELPER_HIGH32,NOT_AVAILABLE
DE5 [1-11.2],55,53,PENDING,1789531370686,1789531370686,0,00000D3C00011F86,1,32,MAIN_LOW32_HELPER_HIGH32,NOT_AVAILABLE
DE5 [1-11.2],55,54,START,1789531370686,1789531370687,1,00003153000107C5,1,32,MAIN_LOW32_HELPER_HIGH32,NOT_AVAILABLE
DE5 [1-11.2],55,55,COMPLETED,1789531370687,1789531370687,0,00003153000107C4,1,32,MAIN_LOW32_HELPER_HIGH32,NOT_AVAILABLE
DE5 [1-11.2],55,56,FAILED,1789531370687,1789531370687,0,0,1,32,MAIN_LOW32_HELPER_HIGH32,NOT_AVAILABLE
DE5 [1-11.2],55,57,MAX_WAIT,1789531370687,1789531370688,1,FFBACE00000F3F43,1,32,MAIN_LOW32_HELPER_HIGH32,NOT_AVAILABLE
DE5 [1-11.2],55,58,CURRENT_WAIT,1789531370688,1789531370688,0,0,1,32,MAIN_LOW32_HELPER_HIGH32,NOT_AVAILABLE
DE5 [1-11.2],55,59,LATENCY,1789531370688,1789531370688,0,0000F0000000F001,1,32,MAIN_LOW32_HELPER_HIGH32,NOT_AVAILABLE
DE5 [1-11.2],55,60,FAILURE,1789531370688,1789531370689,1,0,1,32,MAIN_LOW32_HELPER_HIGH32,NOT_AVAILABLE
DE5 [1-11.2],55,61,FIRST_LOSS,1789531370689,1789531370689,0,inf,1,32,MAIN_LOW32_HELPER_HIGH32,NOT_AVAILABLE
DE5 [1-11.2],56,52,STATUS,1789531371828,1789531371828,0,82426EAA2B5C000D,1,32,MAIN_LOW32_HELPER_HIGH32,NOT_AVAILABLE
DE5 [1-11.2],56,53,PENDING,1789531371828,1789531371828,0,00000D3C000122F9,1,32,MAIN_LOW32_HELPER_HIGH32,NOT_AVAILABLE
DE5 [1-11.2],56,54,START,1789531371828,1789531371829,1,000031B600010AF9,1,32,MAIN_LOW32_HELPER_HIGH32,NOT_AVAILABLE
DE5 [1-11.2],56,55,COMPLETED,1789531371829,1789531371829,0,000031B600010AF8,1,32,MAIN_LOW32_HELPER_HIGH32,NOT_AVAILABLE
DE5 [1-11.2],56,56,FAILED,1789531371829,1789531371829,0,0,1,32,MAIN_LOW32_HELPER_HIGH32,NOT_AVAILABLE
DE5 [1-11.2],56,57,MAX_WAIT,1789531371829,1789531371829,0,FFBACE00000F3F43,1,32,MAIN_LOW32_HELPER_HIGH32,NOT_AVAILABLE
DE5 [1-11.2],56,58,CURRENT_WAIT,1789531371829,1789531371830,1,0,1,32,MAIN_LOW32_HELPER_HIGH32,NOT_AVAILABLE
DE5 [1-11.2],56,59,LATENCY,1789531371830,1789531371830,0,0000F0000000F001,1,32,MAIN_LOW32_HELPER_HIGH32,NOT_AVAILABLE
DE5 [1-11.2],56,60,FAILURE,1789531371830,1789531371830,0,0,1,32,MAIN_LOW32_HELPER_HIGH32,NOT_AVAILABLE
DE5 [1-11.2],56,61,FIRST_LOSS,1789531371830,1789531371831,1,04F2BC0200000000,1,32,MAIN_LOW32_HELPER_HIGH32,NOT_AVAILABLE
DE5 [1-11.2],57,52,STATUS,1789531373041,1789531373042,1,85E076E0189E000D,1,32,MAIN_LOW32_HELPER_HIGH32,NOT_AVAILABLE
DE5 [1-11.2],57,53,PENDING,1789531373042,1789531373042,0,00000D3C00012697,1,32,MAIN_LOW32_HELPER_HIGH32,NOT_AVAILABLE
DE5 [1-11.2],57,54,START,1789531373042,1789531373042,0,0000322F00010E35,1,32,MAIN_LOW32_HELPER_HIGH32,NOT_AVAILABLE
DE5 [1-11.2],57,55,COMPLETED,1789531373042,1789531373043,1,0000322F00010E34,1,32,MAIN_LOW32_HELPER_HIGH32,NOT_AVAILABLE
DE5 [1-11.2],57,56,FAILED,1789531373043,1789531373043,0,0,1,32,MAIN_LOW32_HELPER_HIGH32,NOT_AVAILABLE
DE5 [1-11.2],57,57,MAX_WAIT,1789531373043,1789531373043,0,FFBACE00000F3F43,1,32,MAIN_LOW32_HELPER_HIGH32,NOT_AVAILABLE
DE5 [1-11.2],57,58,CURRENT_WAIT,1789531373043,1789531373044,1,0000000000003ADD,1,32,MAIN_LOW32_HELPER_HIGH32,NOT_AVAILABLE
DE5 [1-11.2],57,59,LATENCY,1789531373044,1789531373044,0,0000F0000000F001,1,32,MAIN_LOW32_HELPER_HIGH32,NOT_AVAILABLE
DE5 [1-11.2],57,60,FAILURE,1789531373044,1789531373044,0,0,1,32,MAIN_LOW32_HELPER_HIGH32,NOT_AVAILABLE
DE5 [1-11.2],57,61,FIRST_LOSS,1789531373044,1789531373044,0,501940200000000,1,32,MAIN_LOW32_HELPER_HIGH32,NOT_AVAILABLE
DE5 [1-11.2],58,52,STATUS,1789531374227,1789531374227,0,8968E0A0079C000D,1,32,MAIN_LOW32_HELPER_HIGH32,NOT_AVAILABLE
DE5 [1-11.2],58,53,PENDING,1789531374227,1789531374227,0,00000D3C00012A4B,1,32,MAIN_LOW32_HELPER_HIGH32,NOT_AVAILABLE
DE5 [1-11.2],58,54,START,1789531374227,1789531374228,1,00003268000111B8,1,32,MAIN_LOW32_HELPER_HIGH32,NOT_AVAILABLE
DE5 [1-11.2],58,55,COMPLETED,1789531374228,1789531374228,0,00003268000111B7,1,32,MAIN_LOW32_HELPER_HIGH32,NOT_AVAILABLE
DE5 [1-11.2],58,56,FAILED,1789531374228,1789531374228,0,0,1,32,MAIN_LOW32_HELPER_HIGH32,NOT_AVAILABLE
DE5 [1-11.2],58,57,MAX_WAIT,1789531374228,1789531374229,1,FFBACE00000F3F43,1,32,MAIN_LOW32_HELPER_HIGH32,NOT_AVAILABLE
DE5 [1-11.2],58,58,CURRENT_WAIT,1789531374229,1789531374229,0,000000000000B720,1,32,MAIN_LOW32_HELPER_HIGH32,NOT_AVAILABLE
DE5 [1-11.2],58,59,LATENCY,1789531374229,1789531374229,0,0000F0000000F001,1,32,MAIN_LOW32_HELPER_HIGH32,NOT_AVAILABLE
DE5 [1-11.2],58,60,FAILURE,1789531374229,1789531374229,0,0,1,32,MAIN_LOW32_HELPER_HIGH32,NOT_AVAILABLE
DE5 [1-11.2],58,61,FIRST_LOSS,1789531374229,1789531374230,1,510800200000000,1,32,MAIN_LOW32_HELPER_HIGH32,NOT_AVAILABLE
DE5 [1-11.2],59,52,STATUS,1789531375439,1789531375440,1,8D061669FBDC000D,1,32,MAIN_LOW32_HELPER_HIGH32,NOT_AVAILABLE
DE5 [1-11.2],59,53,PENDING,1789531375440,1789531375440,0,00000D3C00012E01,1,32,MAIN_LOW32_HELPER_HIGH32,NOT_AVAILABLE
DE5 [1-11.2],59,54,START,1789531375440,1789531375441,1,000032B30001153E,1,32,MAIN_LOW32_HELPER_HIGH32,NOT_AVAILABLE
DE5 [1-11.2],59,55,COMPLETED,1789531375441,1789531375441,0,000032B30001153D,1,32,MAIN_LOW32_HELPER_HIGH32,NOT_AVAILABLE
DE5 [1-11.2],59,56,FAILED,1789531375441,1789531375441,0,0,1,32,MAIN_LOW32_HELPER_HIGH32,NOT_AVAILABLE
DE5 [1-11.2],59,57,MAX_WAIT,1789531375441,1789531375442,1,FFBACE00000F3F43,1,32,MAIN_LOW32_HELPER_HIGH32,NOT_AVAILABLE
DE5 [1-11.2],59,58,CURRENT_WAIT,1789531375442,1789531375442,0,0000000000002CDD,1,32,MAIN_LOW32_HELPER_HIGH32,NOT_AVAILABLE
DE5 [1-11.2],59,59,LATENCY,1789531375442,1789531375442,0,0000F0000000F001,1,32,MAIN_LOW32_HELPER_HIGH32,NOT_AVAILABLE
DE5 [1-11.2],59,60,FAILURE,1789531375442,1789531375443,1,0,1,32,MAIN_LOW32_HELPER_HIGH32,NOT_AVAILABLE
DE5 [1-11.2],59,61,FIRST_LOSS,1789531375443,1789531375443,0,051FC80200000000,1,32,MAIN_LOW32_HELPER_HIGH32,NOT_AVAILABLE
DE5 [1-11.2],60,52,STATUS,1789531376892,1789531376892,0,915A7156201C000D,1,32,MAIN_LOW32_HELPER_HIGH32,NOT_AVAILABLE
DE5 [1-11.2],60,53,PENDING,1789531376892,1789531376893,1,00000D3C0001326F,1,32,MAIN_LOW32_HELPER_HIGH32,NOT_AVAILABLE
DE5 [1-11.2],60,54,START,1789531376893,1789531376893,0,0000331D00011965,1,32,MAIN_LOW32_HELPER_HIGH32,NOT_AVAILABLE
DE5 [1-11.2],60,55,COMPLETED,1789531376893,1789531376893,0,0000331D00011964,1,32,MAIN_LOW32_HELPER_HIGH32,NOT_AVAILABLE
DE5 [1-11.2],60,56,FAILED,1789531376894,1789531376894,0,0,1,32,MAIN_LOW32_HELPER_HIGH32,NOT_AVAILABLE
DE5 [1-11.2],60,57,MAX_WAIT,1789531376894,1789531376894,0,FFBACE00000F3F43,1,32,MAIN_LOW32_HELPER_HIGH32,NOT_AVAILABLE
DE5 [1-11.2],60,58,CURRENT_WAIT,1789531376894,1789531376894,0,0,1,32,MAIN_LOW32_HELPER_HIGH32,NOT_AVAILABLE
DE5 [1-11.2],60,59,LATENCY,1789531376894,1789531376895,1,0000F0000000F001,1,32,MAIN_LOW32_HELPER_HIGH32,NOT_AVAILABLE
DE5 [1-11.2],60,60,FAILURE,1789531376895,1789531376895,0,0,1,32,MAIN_LOW32_HELPER_HIGH32,NOT_AVAILABLE
DE5 [1-11.2],60,61,FIRST_LOSS,1789531376895,1789531376895,0,532080200000000,1,32,MAIN_LOW32_HELPER_HIGH32,NOT_AVAILABLE
DE5 [1-11.2],61,52,STATUS,1789531378025,1789531378026,1,94BAECDD045C0005,1,32,MAIN_LOW32_HELPER_HIGH32,NOT_AVAILABLE
DE5 [1-11.2],61,53,PENDING,1789531378026,1789531378026,0,00000D3C000135CE,1,32,MAIN_LOW32_HELPER_HIGH32,NOT_AVAILABLE
DE5 [1-11.2],61,54,START,1789531378026,1789531378026,0,0000339400011C7E,1,32,MAIN_LOW32_HELPER_HIGH32,NOT_AVAILABLE
DE5 [1-11.2],61,55,COMPLETED,1789531378026,1789531378027,1,0000339400011C7E,1,32,MAIN_LOW32_HELPER_HIGH32,NOT_AVAILABLE
DE5 [1-11.2],61,56,FAILED,1789531378027,1789531378027,0,0,1,32,MAIN_LOW32_HELPER_HIGH32,NOT_AVAILABLE
DE5 [1-11.2],61,57,MAX_WAIT,1789531378027,1789531378027,0,FFBACE00000F3F43,1,32,MAIN_LOW32_HELPER_HIGH32,NOT_AVAILABLE
DE5 [1-11.2],61,58,CURRENT_WAIT,1789531378027,1789531378027,0,000000000002B085,1,32,MAIN_LOW32_HELPER_HIGH32,NOT_AVAILABLE
DE5 [1-11.2],61,59,LATENCY,1789531378027,1789531378028,1,0000F0000000F001,1,32,MAIN_LOW32_HELPER_HIGH32,NOT_AVAILABLE
DE5 [1-11.2],61,60,FAILURE,1789531378028,1789531378028,0,0,1,32,MAIN_LOW32_HELPER_HIGH32,NOT_AVAILABLE
DE5 [1-11.2],61,61,FIRST_LOSS,1789531378028,1789531378028,0,05404C0200000000,1,32,MAIN_LOW32_HELPER_HIGH32,NOT_AVAILABLE
DE5 [1-11.2],62,52,STATUS,1789531379215,1789531379215,0,98469924F3DC000D,1,32,MAIN_LOW32_HELPER_HIGH32,NOT_AVAILABLE
DE5 [1-11.2],62,53,PENDING,1789531379215,1789531379216,1,00000D3C00013937,1,32,MAIN_LOW32_HELPER_HIGH32,NOT_AVAILABLE
DE5 [1-11.2],62,54,START,1789531379216,1789531379216,0,0000343B00011F96,1,32,MAIN_LOW32_HELPER_HIGH32,NOT_AVAILABLE
DE5 [1-11.2],62,55,COMPLETED,1789531379216,1789531379216,0,0000343B00011F95,1,32,MAIN_LOW32_HELPER_HIGH32,NOT_AVAILABLE
DE5 [1-11.2],62,56,FAILED,1789531379217,1789531379217,0,0,1,32,MAIN_LOW32_HELPER_HIGH32,NOT_AVAILABLE
DE5 [1-11.2],62,57,MAX_WAIT,1789531379217,1789531379217,0,FFBACE00000F3F43,1,32,MAIN_LOW32_HELPER_HIGH32,NOT_AVAILABLE
DE5 [1-11.2],62,58,CURRENT_WAIT,1789531379217,1789531379217,0,0,1,32,MAIN_LOW32_HELPER_HIGH32,NOT_AVAILABLE
DE5 [1-11.2],62,59,LATENCY,1789531379217,1789531379218,1,0000F0000000F001,1,32,MAIN_LOW32_HELPER_HIGH32,NOT_AVAILABLE
DE5 [1-11.2],62,60,FAILURE,1789531379218,1789531379218,0,0,1,32,MAIN_LOW32_HELPER_HIGH32,NOT_AVAILABLE
DE5 [1-11.2],62,61,FIRST_LOSS,1789531379218,1789531379218,0,054F440200000000,1,32,MAIN_LOW32_HELPER_HIGH32,NOT_AVAILABLE
DE5 [1-11.2],63,52,STATUS,1789531380406,1789531380406,0,9BD324EDD75C000D,1,32,MAIN_LOW32_HELPER_HIGH32,NOT_AVAILABLE
DE5 [1-11.2],63,53,PENDING,1789531380406,1789531380406,0,00000D3C00013C97,1,32,MAIN_LOW32_HELPER_HIGH32,NOT_AVAILABLE
DE5 [1-11.2],63,54,START,1789531380407,1789531380407,0,000034B7000122A8,1,32,MAIN_LOW32_HELPER_HIGH32,NOT_AVAILABLE
DE5 [1-11.2],63,55,COMPLETED,1789531380407,1789531380407,0,000034B7000122A7,1,32,MAIN_LOW32_HELPER_HIGH32,NOT_AVAILABLE
DE5 [1-11.2],63,56,FAILED,1789531380407,1789531380408,1,0,1,32,MAIN_LOW32_HELPER_HIGH32,NOT_AVAILABLE
DE5 [1-11.2],63,57,MAX_WAIT,1789531380408,1789531380408,0,FFBACE00000F3F43,1,32,MAIN_LOW32_HELPER_HIGH32,NOT_AVAILABLE
DE5 [1-11.2],63,58,CURRENT_WAIT,1789531380408,1789531380408,0,0,1,32,MAIN_LOW32_HELPER_HIGH32,NOT_AVAILABLE
DE5 [1-11.2],63,59,LATENCY,1789531380408,1789531380408,0,0000F0000000F001,1,32,MAIN_LOW32_HELPER_HIGH32,NOT_AVAILABLE
DE5 [1-11.2],63,60,FAILURE,1789531380408,1789531380409,1,0,1,32,MAIN_LOW32_HELPER_HIGH32,NOT_AVAILABLE
DE5 [1-11.2],63,61,FIRST_LOSS,1789531380409,1789531380409,0,055D7C0200000000,1,32,MAIN_LOW32_HELPER_HIGH32,NOT_AVAILABLE
DE5 [1-11.2],64,52,STATUS,1789531381621,1789531381622,1,9F729191CC9C000D,1,32,MAIN_LOW32_HELPER_HIGH32,NOT_AVAILABLE
DE5 [1-11.2],64,53,PENDING,1789531381622,1789531381622,0,00000D3C0001405C,1,32,MAIN_LOW32_HELPER_HIGH32,NOT_AVAILABLE
DE5 [1-11.2],64,54,START,1789531381622,1789531381623,1,000034ED00012647,1,32,MAIN_LOW32_HELPER_HIGH32,NOT_AVAILABLE
DE5 [1-11.2],64,55,COMPLETED,1789531381623,1789531381623,0,000034ED00012646,1,32,MAIN_LOW32_HELPER_HIGH32,NOT_AVAILABLE
DE5 [1-11.2],64,56,FAILED,1789531381623,1789531381624,1,0,1,32,MAIN_LOW32_HELPER_HIGH32,NOT_AVAILABLE
DE5 [1-11.2],64,57,MAX_WAIT,1789531381624,1789531381624,0,FFBACE00000F3F43,1,32,MAIN_LOW32_HELPER_HIGH32,NOT_AVAILABLE
DE5 [1-11.2],64,58,CURRENT_WAIT,1789531381624,1789531381625,1,7e+79,1,32,MAIN_LOW32_HELPER_HIGH32,NOT_AVAILABLE
DE5 [1-11.2],64,59,LATENCY,1789531381625,1789531381625,0,0000F0000000F001,1,32,MAIN_LOW32_HELPER_HIGH32,NOT_AVAILABLE
DE5 [1-11.2],64,60,FAILURE,1789531381625,1789531381625,0,0,1,32,MAIN_LOW32_HELPER_HIGH32,NOT_AVAILABLE
DE5 [1-11.2],64,61,FIRST_LOSS,1789531381625,1789531381626,1,056CD40200000000,1,32,MAIN_LOW32_HELPER_HIGH32,NOT_AVAILABLE
DE5 [1-11.2],65,52,STATUS,1789531382821,1789531382821,0,A305A21ABA1C000D,1,32,MAIN_LOW32_HELPER_HIGH32,NOT_AVAILABLE
DE5 [1-11.2],65,53,PENDING,1789531382821,1789531382821,0,00000D3C000143C7,1,32,MAIN_LOW32_HELPER_HIGH32,NOT_AVAILABLE
DE5 [1-11.2],65,54,START,1789531382822,1789531382822,0,357400012976,1,32,MAIN_LOW32_HELPER_HIGH32,NOT_AVAILABLE
DE5 [1-11.2],65,55,COMPLETED,1789531382822,1789531382822,0,357400012975,1,32,MAIN_LOW32_HELPER_HIGH32,NOT_AVAILABLE
DE5 [1-11.2],65,56,FAILED,1789531382822,1789531382823,1,0,1,32,MAIN_LOW32_HELPER_HIGH32,NOT_AVAILABLE
DE5 [1-11.2],65,57,MAX_WAIT,1789531382823,1789531382823,0,FFBACE00000F3F43,1,32,MAIN_LOW32_HELPER_HIGH32,NOT_AVAILABLE
DE5 [1-11.2],65,58,CURRENT_WAIT,1789531382823,1789531382823,0,0,1,32,MAIN_LOW32_HELPER_HIGH32,NOT_AVAILABLE
DE5 [1-11.2],65,59,LATENCY,1789531382823,1789531382824,1,0000F0000000F001,1,32,MAIN_LOW32_HELPER_HIGH32,NOT_AVAILABLE
DE5 [1-11.2],65,60,FAILURE,1789531382824,1789531382824,0,0,1,32,MAIN_LOW32_HELPER_HIGH32,NOT_AVAILABLE
DE5 [1-11.2],65,61,FIRST_LOSS,1789531382824,1789531382824,0,057BA80200000000,1,32,MAIN_LOW32_HELPER_HIGH32,NOT_AVAILABLE
DE5 [1-11.2],66,52,STATUS,1789531384012,1789531384012,0,A69224E5A9DC000D,1,32,MAIN_LOW32_HELPER_HIGH32,NOT_AVAILABLE
DE5 [1-11.2],66,53,PENDING,1789531384012,1789531384012,0,00000D3C00014736,1,32,MAIN_LOW32_HELPER_HIGH32,NOT_AVAILABLE
DE5 [1-11.2],66,54,START,1789531384013,1789531384013,0,0000361F00012C8A,1,32,MAIN_LOW32_HELPER_HIGH32,NOT_AVAILABLE
DE5 [1-11.2],66,55,COMPLETED,1789531384013,1789531384013,0,0000361E00012C8A,1,32,MAIN_LOW32_HELPER_HIGH32,NOT_AVAILABLE
DE5 [1-11.2],66,56,FAILED,1789531384013,1789531384013,0,0,1,32,MAIN_LOW32_HELPER_HIGH32,NOT_AVAILABLE
DE5 [1-11.2],66,57,MAX_WAIT,1789531384014,1789531384014,0,FFBACE00000F3F43,1,32,MAIN_LOW32_HELPER_HIGH32,NOT_AVAILABLE
DE5 [1-11.2],66,58,CURRENT_WAIT,1789531384014,1789531384014,0,0,1,32,MAIN_LOW32_HELPER_HIGH32,NOT_AVAILABLE
DE5 [1-11.2],66,59,LATENCY,1789531384014,1789531384014,0,0000F0000000F001,1,32,MAIN_LOW32_HELPER_HIGH32,NOT_AVAILABLE
DE5 [1-11.2],66,60,FAILURE,1789531384014,1789531384015,1,0,1,32,MAIN_LOW32_HELPER_HIGH32,NOT_AVAILABLE
DE5 [1-11.2],66,61,FIRST_LOSS,1789531384015,1789531384015,0,058AA40200000000,1,32,MAIN_LOW32_HELPER_HIGH32,NOT_AVAILABLE
DE5 [1-11.2],67,52,STATUS,1789531385229,1789531385229,0,AA32E03F9F9E000D,1,32,MAIN_LOW32_HELPER_HIGH32,NOT_AVAILABLE
DE5 [1-11.2],67,53,PENDING,1789531385229,1789531385230,1,00000D3C00014AD2,1,32,MAIN_LOW32_HELPER_HIGH32,NOT_AVAILABLE
DE5 [1-11.2],67,54,START,1789531385230,1789531385230,0,000036A000012FE0,1,32,MAIN_LOW32_HELPER_HIGH32,NOT_AVAILABLE
DE5 [1-11.2],67,55,COMPLETED,1789531385230,1789531385230,0,000036A000012FDF,1,32,MAIN_LOW32_HELPER_HIGH32,NOT_AVAILABLE
DE5 [1-11.2],67,56,FAILED,1789531385231,1789531385231,0,0,1,32,MAIN_LOW32_HELPER_HIGH32,NOT_AVAILABLE
DE5 [1-11.2],67,57,MAX_WAIT,1789531385231,1789531385231,0,FFBACE00000F3F43,1,32,MAIN_LOW32_HELPER_HIGH32,NOT_AVAILABLE
DE5 [1-11.2],67,58,CURRENT_WAIT,1789531385231,1789531385232,1,0000000000008C49,1,32,MAIN_LOW32_HELPER_HIGH32,NOT_AVAILABLE
DE5 [1-11.2],67,59,LATENCY,1789531385232,1789531385232,0,0000F0000000F001,1,32,MAIN_LOW32_HELPER_HIGH32,NOT_AVAILABLE
DE5 [1-11.2],67,60,FAILURE,1789531385232,1789531385232,0,0,1,32,MAIN_LOW32_HELPER_HIGH32,NOT_AVAILABLE
DE5 [1-11.2],67,61,FIRST_LOSS,1789531385232,1789531385232,0,059A040200000000,1,32,MAIN_LOW32_HELPER_HIGH32,NOT_AVAILABLE
DE5 [1-11.2],68,52,STATUS,1789531386440,1789531386440,0,ADCE932B84DE000D,1,32,MAIN_LOW32_HELPER_HIGH32,NOT_AVAILABLE
DE5 [1-11.2],68,53,PENDING,1789531386440,1789531386440,0,00000D3C00014E58,1,32,MAIN_LOW32_HELPER_HIGH32,NOT_AVAILABLE
DE5 [1-11.2],68,54,START,1789531386441,1789531386441,0,000036E60001332F,1,32,MAIN_LOW32_HELPER_HIGH32,NOT_AVAILABLE
DE5 [1-11.2],68,55,COMPLETED,1789531386441,1789531386441,0,000036E60001332E,1,32,MAIN_LOW32_HELPER_HIGH32,NOT_AVAILABLE
DE5 [1-11.2],68,56,FAILED,1789531386441,1789531386442,1,0,1,32,MAIN_LOW32_HELPER_HIGH32,NOT_AVAILABLE
DE5 [1-11.2],68,57,MAX_WAIT,1789531386442,1789531386442,0,FFBACE00000F3F43,1,32,MAIN_LOW32_HELPER_HIGH32,NOT_AVAILABLE
DE5 [1-11.2],68,58,CURRENT_WAIT,1789531386442,1789531386442,0,0,1,32,MAIN_LOW32_HELPER_HIGH32,NOT_AVAILABLE
DE5 [1-11.2],68,59,LATENCY,1789531386442,1789531386443,1,0000F0000000F001,1,32,MAIN_LOW32_HELPER_HIGH32,NOT_AVAILABLE
DE5 [1-11.2],68,60,FAILURE,1789531386443,1789531386443,0,0,1,32,MAIN_LOW32_HELPER_HIGH32,NOT_AVAILABLE
DE5 [1-11.2],68,61,FIRST_LOSS,1789531386443,1789531386443,0,05A8580200000000,1,32,MAIN_LOW32_HELPER_HIGH32,NOT_AVAILABLE
DE5 [1-11.2],69,52,STATUS,1789531387609,1789531387609,0,B14A962E705A000D,1,32,MAIN_LOW32_HELPER_HIGH32,NOT_AVAILABLE
DE5 [1-11.2],69,53,PENDING,1789531387609,1789531387610,1,00000D3C000151E6,1,32,MAIN_LOW32_HELPER_HIGH32,NOT_AVAILABLE
DE5 [1-11.2],69,54,START,1789531387610,1789531387610,0,374000013682,1,32,MAIN_LOW32_HELPER_HIGH32,NOT_AVAILABLE
DE5 [1-11.2],69,55,COMPLETED,1789531387610,1789531387610,0,374000013682,1,32,MAIN_LOW32_HELPER_HIGH32,NOT_AVAILABLE
DE5 [1-11.2],69,56,FAILED,1789531387610,1789531387611,1,0,1,32,MAIN_LOW32_HELPER_HIGH32,NOT_AVAILABLE
DE5 [1-11.2],69,57,MAX_WAIT,1789531387611,1789531387611,0,FFBACE00000F3F43,1,32,MAIN_LOW32_HELPER_HIGH32,NOT_AVAILABLE
DE5 [1-11.2],69,58,CURRENT_WAIT,1789531387611,1789531387611,0,000000000000A38D,1,32,MAIN_LOW32_HELPER_HIGH32,NOT_AVAILABLE
DE5 [1-11.2],69,59,LATENCY,1789531387612,1789531387612,0,0000F0000000F001,1,32,MAIN_LOW32_HELPER_HIGH32,NOT_AVAILABLE
DE5 [1-11.2],69,60,FAILURE,1789531387612,1789531387612,0,0,1,32,MAIN_LOW32_HELPER_HIGH32,NOT_AVAILABLE
DE5 [1-11.2],69,61,FIRST_LOSS,1789531387612,1789531387612,0,05B70C0200000000,1,32,MAIN_LOW32_HELPER_HIGH32,NOT_AVAILABLE
DE5 [1-11.2],70,52,STATUS,1789531388826,1789531388826,0,B4EAF9646635000D,1,32,MAIN_LOW32_HELPER_HIGH32,NOT_AVAILABLE
DE5 [1-11.2],70,53,PENDING,1789531388826,1789531388826,0,00000D3C0001556F,1,32,MAIN_LOW32_HELPER_HIGH32,NOT_AVAILABLE
DE5 [1-11.2],70,54,START,1789531388827,1789531388827,0,000037E5000139B5,1,32,MAIN_LOW32_HELPER_HIGH32,NOT_AVAILABLE
DE5 [1-11.2],70,55,COMPLETED,1789531388827,1789531388827,0,000037E5000139B4,1,32,MAIN_LOW32_HELPER_HIGH32,NOT_AVAILABLE
DE5 [1-11.2],70,56,FAILED,1789531388827,1789531388828,1,0,1,32,MAIN_LOW32_HELPER_HIGH32,NOT_AVAILABLE
DE5 [1-11.2],70,57,MAX_WAIT,1789531388828,1789531388828,0,FFBACE00000F3F43,1,32,MAIN_LOW32_HELPER_HIGH32,NOT_AVAILABLE
DE5 [1-11.2],70,58,CURRENT_WAIT,1789531388828,1789531388828,0,4559,1,32,MAIN_LOW32_HELPER_HIGH32,NOT_AVAILABLE
DE5 [1-11.2],70,59,LATENCY,1789531388828,1789531388829,1,0000F0000000F001,1,32,MAIN_LOW32_HELPER_HIGH32,NOT_AVAILABLE
DE5 [1-11.2],70,60,FAILURE,1789531388829,1789531388829,0,0,1,32,MAIN_LOW32_HELPER_HIGH32,NOT_AVAILABLE
DE5 [1-11.2],70,61,FIRST_LOSS,1789531388829,1789531388829,0,05C66C0200000000,1,32,MAIN_LOW32_HELPER_HIGH32,NOT_AVAILABLE
DE5 [1-11.2],71,52,STATUS,1789531390042,1789531390042,0,B88AE6105B1C000D,1,32,MAIN_LOW32_HELPER_HIGH32,NOT_AVAILABLE
DE5 [1-11.2],71,53,PENDING,1789531390042,1789531390043,1,00000D3C00015913,1,32,MAIN_LOW32_HELPER_HIGH32,NOT_AVAILABLE
DE5 [1-11.2],71,54,START,1789531390043,1789531390043,0,0000385000013D1E,1,32,MAIN_LOW32_HELPER_HIGH32,NOT_AVAILABLE
DE5 [1-11.2],71,55,COMPLETED,1789531390043,1789531390043,0,0000385000013D1D,1,32,MAIN_LOW32_HELPER_HIGH32,NOT_AVAILABLE
DE5 [1-11.2],71,56,FAILED,1789531390044,1789531390044,0,0,1,32,MAIN_LOW32_HELPER_HIGH32,NOT_AVAILABLE
DE5 [1-11.2],71,57,MAX_WAIT,1789531390044,1789531390044,0,FFBACE00000F3F43,1,32,MAIN_LOW32_HELPER_HIGH32,NOT_AVAILABLE
DE5 [1-11.2],71,58,CURRENT_WAIT,1789531390044,1789531390045,1,0,1,32,MAIN_LOW32_HELPER_HIGH32,NOT_AVAILABLE
DE5 [1-11.2],71,59,LATENCY,1789531390045,1789531390045,0,0000F0000000F001,1,32,MAIN_LOW32_HELPER_HIGH32,NOT_AVAILABLE
DE5 [1-11.2],71,60,FAILURE,1789531390045,1789531390045,0,0,1,32,MAIN_LOW32_HELPER_HIGH32,NOT_AVAILABLE
DE5 [1-11.2],71,61,FIRST_LOSS,1789531390045,1789531390046,1,05D5BC0200000000,1,32,MAIN_LOW32_HELPER_HIGH32,NOT_AVAILABLE
DE5 [1-11.2],72,52,STATUS,1789531391196,1789531391196,0,BBFAE903395C000D,1,32,MAIN_LOW32_HELPER_HIGH32,NOT_AVAILABLE
DE5 [1-11.2],72,53,PENDING,1789531391196,1789531391196,0,00000D3C00015C58,1,32,MAIN_LOW32_HELPER_HIGH32,NOT_AVAILABLE
DE5 [1-11.2],72,54,START,1789531391196,1789531391197,1,000038FD00013FE9,1,32,MAIN_LOW32_HELPER_HIGH32,NOT_AVAILABLE
DE5 [1-11.2],72,55,COMPLETED,1789531391197,1789531391197,0,000038FD00013FE9,1,32,MAIN_LOW32_HELPER_HIGH32,NOT_AVAILABLE
DE5 [1-11.2],72,56,FAILED,1789531391197,1789531391197,0,0,1,32,MAIN_LOW32_HELPER_HIGH32,NOT_AVAILABLE
DE5 [1-11.2],72,57,MAX_WAIT,1789531391197,1789531391198,1,FFBACE00000F3F43,1,32,MAIN_LOW32_HELPER_HIGH32,NOT_AVAILABLE
DE5 [1-11.2],72,58,CURRENT_WAIT,1789531391198,1789531391198,0,0,1,32,MAIN_LOW32_HELPER_HIGH32,NOT_AVAILABLE
DE5 [1-11.2],72,59,LATENCY,1789531391198,1789531391198,0,0000F0000000F001,1,32,MAIN_LOW32_HELPER_HIGH32,NOT_AVAILABLE
DE5 [1-11.2],72,60,FAILURE,1789531391198,1789531391198,0,0,1,32,MAIN_LOW32_HELPER_HIGH32,NOT_AVAILABLE
DE5 [1-11.2],72,61,FIRST_LOSS,1789531391198,1789531391199,1,05E39C0200000000,1,32,MAIN_LOW32_HELPER_HIGH32,NOT_AVAILABLE
DE5 [1-11.2],73,52,STATUS,1789531392360,1789531392360,0,BF72FF1C241E000D,1,32,MAIN_LOW32_HELPER_HIGH32,NOT_AVAILABLE
DE5 [1-11.2],73,53,PENDING,1789531392360,1789531392360,0,00000D3C00015FE2,1,32,MAIN_LOW32_HELPER_HIGH32,NOT_AVAILABLE
DE5 [1-11.2],73,54,START,1789531392360,1789531392361,1,396000014332,1,32,MAIN_LOW32_HELPER_HIGH32,NOT_AVAILABLE
DE5 [1-11.2],73,55,COMPLETED,1789531392361,1789531392361,0,396000014331,1,32,MAIN_LOW32_HELPER_HIGH32,NOT_AVAILABLE
DE5 [1-11.2],73,56,FAILED,1789531392361,1789531392361,0,0,1,32,MAIN_LOW32_HELPER_HIGH32,NOT_AVAILABLE
DE5 [1-11.2],73,57,MAX_WAIT,1789531392362,1789531392362,0,FFBACE00000F3F43,1,32,MAIN_LOW32_HELPER_HIGH32,NOT_AVAILABLE
DE5 [1-11.2],73,58,CURRENT_WAIT,1789531392362,1789531392362,0,0000000000003B97,1,32,MAIN_LOW32_HELPER_HIGH32,NOT_AVAILABLE
DE5 [1-11.2],73,59,LATENCY,1789531392362,1789531392362,0,0000F0000000F001,1,32,MAIN_LOW32_HELPER_HIGH32,NOT_AVAILABLE
DE5 [1-11.2],73,60,FAILURE,1789531392362,1789531392363,1,0,1,32,MAIN_LOW32_HELPER_HIGH32,NOT_AVAILABLE
DE5 [1-11.2],73,61,FIRST_LOSS,1789531392363,1789531392363,0,05F24C0200000000,1,32,MAIN_LOW32_HELPER_HIGH32,NOT_AVAILABLE
DE5 [1-11.2],74,52,STATUS,1789531393514,1789531393514,0,C2E3BC7B0C5E0005,1,32,MAIN_LOW32_HELPER_HIGH32,NOT_AVAILABLE
DE5 [1-11.2],74,53,PENDING,1789531393514,1789531393515,1,00000D3C00016367,1,32,MAIN_LOW32_HELPER_HIGH32,NOT_AVAILABLE
DE5 [1-11.2],74,54,START,1789531393515,1789531393515,0,000039B100014682,1,32,MAIN_LOW32_HELPER_HIGH32,NOT_AVAILABLE
DE5 [1-11.2],74,55,COMPLETED,1789531393515,1789531393515,0,000039B100014681,1,32,MAIN_LOW32_HELPER_HIGH32,NOT_AVAILABLE
DE5 [1-11.2],74,56,FAILED,1789531393515,1789531393516,1,0,1,32,MAIN_LOW32_HELPER_HIGH32,NOT_AVAILABLE
DE5 [1-11.2],74,57,MAX_WAIT,1789531393516,1789531393516,0,FFBACE00000F3F43,1,32,MAIN_LOW32_HELPER_HIGH32,NOT_AVAILABLE
DE5 [1-11.2],74,58,CURRENT_WAIT,1789531393516,1789531393516,0,0,1,32,MAIN_LOW32_HELPER_HIGH32,NOT_AVAILABLE
DE5 [1-11.2],74,59,LATENCY,1789531393516,1789531393517,1,0000F0000000F001,1,32,MAIN_LOW32_HELPER_HIGH32,NOT_AVAILABLE
DE5 [1-11.2],74,60,FAILURE,1789531393517,1789531393517,0,0,1,32,MAIN_LOW32_HELPER_HIGH32,NOT_AVAILABLE
DE5 [1-11.2],74,61,FIRST_LOSS,1789531393517,1789531393517,0,0600D00200000000,1,32,MAIN_LOW32_HELPER_HIGH32,NOT_AVAILABLE
DE5 [1-11.2],75,52,STATUS,1789531394718,1789531394718,0,C679EFDDFD5E000D,1,32,MAIN_LOW32_HELPER_HIGH32,NOT_AVAILABLE
DE5 [1-11.2],75,53,PENDING,1789531394718,1789531394718,0,00000D3C0001671A,1,32,MAIN_LOW32_HELPER_HIGH32,NOT_AVAILABLE
DE5 [1-11.2],75,54,START,1789531394718,1789531394719,1,000039EB00014A0C,1,32,MAIN_LOW32_HELPER_HIGH32,NOT_AVAILABLE
DE5 [1-11.2],75,55,COMPLETED,1789531394719,1789531394719,0,000039EB00014A0B,1,32,MAIN_LOW32_HELPER_HIGH32,NOT_AVAILABLE
DE5 [1-11.2],75,56,FAILED,1789531394719,1789531394719,0,0,1,32,MAIN_LOW32_HELPER_HIGH32,NOT_AVAILABLE
DE5 [1-11.2],75,57,MAX_WAIT,1789531394719,1789531394720,1,FFBACE00000F3F43,1,32,MAIN_LOW32_HELPER_HIGH32,NOT_AVAILABLE
DE5 [1-11.2],75,58,CURRENT_WAIT,1789531394720,1789531394720,0,6200,1,32,MAIN_LOW32_HELPER_HIGH32,NOT_AVAILABLE
DE5 [1-11.2],75,59,LATENCY,1789531394720,1789531394720,0,0000F0000000F001,1,32,MAIN_LOW32_HELPER_HIGH32,NOT_AVAILABLE
DE5 [1-11.2],75,60,FAILURE,1789531394720,1789531394721,1,0,1,32,MAIN_LOW32_HELPER_HIGH32,NOT_AVAILABLE
DE5 [1-11.2],75,61,FIRST_LOSS,1789531394721,1789531394721,0,060FE00200000000,1,32,MAIN_LOW32_HELPER_HIGH32,NOT_AVAILABLE
DE5 [1-11.2],76,52,STATUS,1789531395905,1789531395905,0,CA0410C0DD5C000D,1,32,MAIN_LOW32_HELPER_HIGH32,NOT_AVAILABLE
DE5 [1-11.2],76,53,PENDING,1789531395906,1789531395906,0,00000D3C00016A82,1,32,MAIN_LOW32_HELPER_HIGH32,NOT_AVAILABLE
DE5 [1-11.2],76,54,START,1789531395906,1789531395906,0,00003A4500014D32,1,32,MAIN_LOW32_HELPER_HIGH32,NOT_AVAILABLE
DE5 [1-11.2],76,55,COMPLETED,1789531395906,1789531395907,1,00003A4500014D31,1,32,MAIN_LOW32_HELPER_HIGH32,NOT_AVAILABLE
DE5 [1-11.2],76,56,FAILED,1789531395907,1789531395907,0,0,1,32,MAIN_LOW32_HELPER_HIGH32,NOT_AVAILABLE
DE5 [1-11.2],76,57,MAX_WAIT,1789531395907,1789531395907,0,FFBACE00000F3F43,1,32,MAIN_LOW32_HELPER_HIGH32,NOT_AVAILABLE
DE5 [1-11.2],76,58,CURRENT_WAIT,1789531395907,1789531395907,0,0,1,32,MAIN_LOW32_HELPER_HIGH32,NOT_AVAILABLE
DE5 [1-11.2],76,59,LATENCY,1789531395907,1789531395908,1,0000F0000000F001,1,32,MAIN_LOW32_HELPER_HIGH32,NOT_AVAILABLE
DE5 [1-11.2],76,60,FAILURE,1789531395908,1789531395908,0,0,1,32,MAIN_LOW32_HELPER_HIGH32,NOT_AVAILABLE
DE5 [1-11.2],76,61,FIRST_LOSS,1789531395908,1789531395908,0,061DDC0200000000,1,32,MAIN_LOW32_HELPER_HIGH32,NOT_AVAILABLE
DE5 [1-11.2],77,52,STATUS,1789531397099,1789531397099,0,CD92C8C9CEDE000D,1,32,MAIN_LOW32_HELPER_HIGH32,NOT_AVAILABLE
DE5 [1-11.2],77,53,PENDING,1789531397099,1789531397100,1,00000D3C00016DF1,1,32,MAIN_LOW32_HELPER_HIGH32,NOT_AVAILABLE
DE5 [1-11.2],77,54,START,1789531397100,1789531397100,0,00003AFB00015042,1,32,MAIN_LOW32_HELPER_HIGH32,NOT_AVAILABLE
DE5 [1-11.2],77,55,COMPLETED,1789531397100,1789531397100,0,00003AFB00015041,1,32,MAIN_LOW32_HELPER_HIGH32,NOT_AVAILABLE
DE5 [1-11.2],77,56,FAILED,1789531397100,1789531397101,1,0,1,32,MAIN_LOW32_HELPER_HIGH32,NOT_AVAILABLE
DE5 [1-11.2],77,57,MAX_WAIT,1789531397101,1789531397101,0,FFBACE00000F3F43,1,32,MAIN_LOW32_HELPER_HIGH32,NOT_AVAILABLE
DE5 [1-11.2],77,58,CURRENT_WAIT,1789531397101,1789531397101,0,0000000000000C96,1,32,MAIN_LOW32_HELPER_HIGH32,NOT_AVAILABLE
DE5 [1-11.2],77,59,LATENCY,1789531397101,1789531397102,1,0000F0000000F001,1,32,MAIN_LOW32_HELPER_HIGH32,NOT_AVAILABLE
DE5 [1-11.2],77,60,FAILURE,1789531397102,1789531397102,0,0,1,32,MAIN_LOW32_HELPER_HIGH32,NOT_AVAILABLE
DE5 [1-11.2],77,61,FIRST_LOSS,1789531397102,1789531397102,0,062CF80200000000,1,32,MAIN_LOW32_HELPER_HIGH32,NOT_AVAILABLE
DE5 [1-11.2],78,52,STATUS,1789531398297,1789531398298,1,D1253871C01C000D,1,32,MAIN_LOW32_HELPER_HIGH32,NOT_AVAILABLE
DE5 [1-11.2],78,53,PENDING,1789531398298,1789531398298,0,00000D3C00017180,1,32,MAIN_LOW32_HELPER_HIGH32,NOT_AVAILABLE
DE5 [1-11.2],78,54,START,1789531398298,1789531398298,0,00003B7200015390,1,32,MAIN_LOW32_HELPER_HIGH32,NOT_AVAILABLE
DE5 [1-11.2],78,55,COMPLETED,1789531398299,1789531398299,0,00003B720001538F,1,32,MAIN_LOW32_HELPER_HIGH32,NOT_AVAILABLE
DE5 [1-11.2],78,56,FAILED,1789531398299,1789531398299,0,0,1,32,MAIN_LOW32_HELPER_HIGH32,NOT_AVAILABLE
DE5 [1-11.2],78,57,MAX_WAIT,1789531398299,1789531398300,1,FFBACE00000F3F43,1,32,MAIN_LOW32_HELPER_HIGH32,NOT_AVAILABLE
DE5 [1-11.2],78,58,CURRENT_WAIT,1789531398300,1789531398300,0,0,1,32,MAIN_LOW32_HELPER_HIGH32,NOT_AVAILABLE
DE5 [1-11.2],78,59,LATENCY,1789531398300,1789531398300,0,0000F0000000F001,1,32,MAIN_LOW32_HELPER_HIGH32,NOT_AVAILABLE
DE5 [1-11.2],78,60,FAILURE,1789531398300,1789531398301,1,0,1,32,MAIN_LOW32_HELPER_HIGH32,NOT_AVAILABLE
DE5 [1-11.2],78,61,FIRST_LOSS,1789531398301,1789531398301,0,063C080200000000,1,32,MAIN_LOW32_HELPER_HIGH32,NOT_AVAILABLE
DE5 [1-11.2],79,52,STATUS,1789531399784,1789531399784,0,D593162AEC9A000D,1,32,MAIN_LOW32_HELPER_HIGH32,NOT_AVAILABLE
DE5 [1-11.2],79,53,PENDING,1789531399784,1789531399784,0,00000D3C000175DF,1,32,MAIN_LOW32_HELPER_HIGH32,NOT_AVAILABLE
DE5 [1-11.2],79,54,START,1789531399785,1789531399785,0,00003C170001579C,1,32,MAIN_LOW32_HELPER_HIGH32,NOT_AVAILABLE
DE5 [1-11.2],79,55,COMPLETED,1789531399785,1789531399786,1,00003C170001579C,1,32,MAIN_LOW32_HELPER_HIGH32,NOT_AVAILABLE
DE5 [1-11.2],79,56,FAILED,1789531399786,1789531399786,0,0,1,32,MAIN_LOW32_HELPER_HIGH32,NOT_AVAILABLE
DE5 [1-11.2],79,57,MAX_WAIT,1789531399786,1789531399786,0,FFBACE00000F3F43,1,32,MAIN_LOW32_HELPER_HIGH32,NOT_AVAILABLE
DE5 [1-11.2],79,58,CURRENT_WAIT,1789531399787,1789531399787,0,00000000000053AB,1,32,MAIN_LOW32_HELPER_HIGH32,NOT_AVAILABLE
DE5 [1-11.2],79,59,LATENCY,1789531399787,1789531399787,0,0000F0000000F001,1,32,MAIN_LOW32_HELPER_HIGH32,NOT_AVAILABLE
DE5 [1-11.2],79,60,FAILURE,1789531399787,1789531399787,0,0,1,32,MAIN_LOW32_HELPER_HIGH32,NOT_AVAILABLE
DE5 [1-11.2],79,61,FIRST_LOSS,1789531399787,1789531399788,1,064ED40200000000,1,32,MAIN_LOW32_HELPER_HIGH32,NOT_AVAILABLE
DE5 [1-11.2],80,52,STATUS,1789531400947,1789531400947,0,D90ABC27D69C0005,1,32,MAIN_LOW32_HELPER_HIGH32,NOT_AVAILABLE
DE5 [1-11.2],80,53,PENDING,1789531400947,1789531400948,1,00000D3C00017966,1,32,MAIN_LOW32_HELPER_HIGH32,NOT_AVAILABLE
DE5 [1-11.2],80,54,START,1789531400948,1789531400948,0,00003C7100015AEB,1,32,MAIN_LOW32_HELPER_HIGH32,NOT_AVAILABLE
DE5 [1-11.2],80,55,COMPLETED,1789531400948,1789531400949,1,00003C7100015AEA,1,32,MAIN_LOW32_HELPER_HIGH32,NOT_AVAILABLE
DE5 [1-11.2],80,56,FAILED,1789531400949,1789531400949,0,0,1,32,MAIN_LOW32_HELPER_HIGH32,NOT_AVAILABLE
DE5 [1-11.2],80,57,MAX_WAIT,1789531400949,1789531400949,0,FFBACE00000F3F43,1,32,MAIN_LOW32_HELPER_HIGH32,NOT_AVAILABLE
DE5 [1-11.2],80,58,CURRENT_WAIT,1789531400949,1789531400950,1,0000000000001EBA,1,32,MAIN_LOW32_HELPER_HIGH32,NOT_AVAILABLE
DE5 [1-11.2],80,59,LATENCY,1789531400950,1789531400950,0,0000F0000000F001,1,32,MAIN_LOW32_HELPER_HIGH32,NOT_AVAILABLE
DE5 [1-11.2],80,60,FAILURE,1789531400950,1789531400950,0,0,1,32,MAIN_LOW32_HELPER_HIGH32,NOT_AVAILABLE
DE5 [1-11.2],80,61,FIRST_LOSS,1789531400950,1789531400951,1,065D700200000000,1,32,MAIN_LOW32_HELPER_HIGH32,NOT_AVAILABLE
DE5 [1-11.2],81,52,STATUS,1789531402094,1789531402094,0,DC756C80B91E000D,1,32,MAIN_LOW32_HELPER_HIGH32,NOT_AVAILABLE
DE5 [1-11.2],81,53,PENDING,1789531402094,1789531402094,0,00000D3C00017CC6,1,32,MAIN_LOW32_HELPER_HIGH32,NOT_AVAILABLE
DE5 [1-11.2],81,54,START,1789531402094,1789531402095,1,00003CEC00015DFA,1,32,MAIN_LOW32_HELPER_HIGH32,NOT_AVAILABLE
DE5 [1-11.2],81,55,COMPLETED,1789531402095,1789531402095,0,00003CEC00015DF9,1,32,MAIN_LOW32_HELPER_HIGH32,NOT_AVAILABLE
DE5 [1-11.2],81,56,FAILED,1789531402095,1789531402095,0,0,1,32,MAIN_LOW32_HELPER_HIGH32,NOT_AVAILABLE
DE5 [1-11.2],81,57,MAX_WAIT,1789531402096,1789531402096,0,FFBACE00000F3F43,1,32,MAIN_LOW32_HELPER_HIGH32,NOT_AVAILABLE
DE5 [1-11.2],81,58,CURRENT_WAIT,1789531402096,1789531402096,0,00000000000030D6,1,32,MAIN_LOW32_HELPER_HIGH32,NOT_AVAILABLE
DE5 [1-11.2],81,59,LATENCY,1789531402096,1789531402096,0,0000F0000000F001,1,32,MAIN_LOW32_HELPER_HIGH32,NOT_AVAILABLE
DE5 [1-11.2],81,60,FAILURE,1789531402096,1789531402097,1,0,1,32,MAIN_LOW32_HELPER_HIGH32,NOT_AVAILABLE
DE5 [1-11.2],81,61,FIRST_LOSS,1789531402097,1789531402097,0,066B9C0200000000,1,32,MAIN_LOW32_HELPER_HIGH32,NOT_AVAILABLE
DE5 [1-11.2],82,52,STATUS,1789531403496,1789531403497,1,E0A38B78D2500008,1,32,MAIN_LOW32_HELPER_HIGH32,NOT_AVAILABLE
DE5 [1-11.2],82,53,PENDING,1789531403497,1789531403497,0,00000D3C000180D1,1,32,MAIN_LOW32_HELPER_HIGH32,NOT_AVAILABLE
DE5 [1-11.2],82,54,START,1789531403497,1789531403497,0,00003D91000161B9,1,32,MAIN_LOW32_HELPER_HIGH32,NOT_AVAILABLE
DE5 [1-11.2],82,55,COMPLETED,1789531403498,1789531403498,0,00003D91000161B8,1,32,MAIN_LOW32_HELPER_HIGH32,NOT_AVAILABLE
DE5 [1-11.2],82,56,FAILED,1789531403498,1789531403498,0,0,1,32,MAIN_LOW32_HELPER_HIGH32,NOT_AVAILABLE
DE5 [1-11.2],82,57,MAX_WAIT,1789531403498,1789531403498,0,FFBACE00000F3F43,1,32,MAIN_LOW32_HELPER_HIGH32,NOT_AVAILABLE
DE5 [1-11.2],82,58,CURRENT_WAIT,1789531403498,1789531403499,1,000000000000421F,1,32,MAIN_LOW32_HELPER_HIGH32,NOT_AVAILABLE
DE5 [1-11.2],82,59,LATENCY,1789531403499,1789531403499,0,0000F0000000F001,1,32,MAIN_LOW32_HELPER_HIGH32,NOT_AVAILABLE
DE5 [1-11.2],82,60,FAILURE,1789531403499,1789531403499,0,0,1,32,MAIN_LOW32_HELPER_HIGH32,NOT_AVAILABLE
DE5 [1-11.2],82,61,FIRST_LOSS,1789531403499,1789531403500,1,067D2C0200000000,1,32,MAIN_LOW32_HELPER_HIGH32,NOT_AVAILABLE
DE5 [1-11.2],83,52,STATUS,1789531404660,1789531404661,1,E41BCBE9B91A000C,1,32,MAIN_LOW32_HELPER_HIGH32,NOT_AVAILABLE
DE5 [1-11.2],83,53,PENDING,1789531404661,1789531404661,0,00000D3C00018432,1,32,MAIN_LOW32_HELPER_HIGH32,NOT_AVAILABLE
DE5 [1-11.2],83,54,START,1789531404661,1789531404662,1,00003E0B000164DA,1,32,MAIN_LOW32_HELPER_HIGH32,NOT_AVAILABLE
DE5 [1-11.2],83,55,COMPLETED,1789531404662,1789531404662,0,00003E0B000164DA,1,32,MAIN_LOW32_HELPER_HIGH32,NOT_AVAILABLE
DE5 [1-11.2],83,56,FAILED,1789531404662,1789531404663,1,0,1,32,MAIN_LOW32_HELPER_HIGH32,NOT_AVAILABLE
DE5 [1-11.2],83,57,MAX_WAIT,1789531404663,1789531404663,0,FFBACE00000F3F43,1,32,MAIN_LOW32_HELPER_HIGH32,NOT_AVAILABLE
DE5 [1-11.2],83,58,CURRENT_WAIT,1789531404663,1789531404663,0,0.0,1,32,MAIN_LOW32_HELPER_HIGH32,NOT_AVAILABLE
DE5 [1-11.2],83,59,LATENCY,1789531404663,1789531404664,1,0000F0000000F001,1,32,MAIN_LOW32_HELPER_HIGH32,NOT_AVAILABLE
DE5 [1-11.2],83,60,FAILURE,1789531404664,1789531404664,0,0,1,32,MAIN_LOW32_HELPER_HIGH32,NOT_AVAILABLE
DE5 [1-11.2],83,61,FIRST_LOSS,1789531404664,1789531404665,1,068B9C0200000000,1,32,MAIN_LOW32_HELPER_HIGH32,NOT_AVAILABLE
DE5 [1-11.2],84,52,STATUS,1789531405812,1789531405812,0,E78A2C22A11C000D,1,32,MAIN_LOW32_HELPER_HIGH32,NOT_AVAILABLE
DE5 [1-11.2],84,53,PENDING,1789531405812,1789531405812,0,00000D3C00018792,1,32,MAIN_LOW32_HELPER_HIGH32,NOT_AVAILABLE
DE5 [1-11.2],84,54,START,1789531405813,1789531405813,0,00003EA2000167E4,1,32,MAIN_LOW32_HELPER_HIGH32,NOT_AVAILABLE
DE5 [1-11.2],84,55,COMPLETED,1789531405813,1789531405813,0,00003EA2000167E3,1,32,MAIN_LOW32_HELPER_HIGH32,NOT_AVAILABLE
DE5 [1-11.2],84,56,FAILED,1789531405813,1789531405813,0,0,1,32,MAIN_LOW32_HELPER_HIGH32,NOT_AVAILABLE
DE5 [1-11.2],84,57,MAX_WAIT,1789531405814,1789531405814,0,FFBACE00000F3F43,1,32,MAIN_LOW32_HELPER_HIGH32,NOT_AVAILABLE
DE5 [1-11.2],84,58,CURRENT_WAIT,1789531405814,1789531405814,0,0,1,32,MAIN_LOW32_HELPER_HIGH32,NOT_AVAILABLE
DE5 [1-11.2],84,59,LATENCY,1789531405814,1789531405814,0,0000F0000000F001,1,32,MAIN_LOW32_HELPER_HIGH32,NOT_AVAILABLE
DE5 [1-11.2],84,60,FAILURE,1789531405814,1789531405815,1,0,1,32,MAIN_LOW32_HELPER_HIGH32,NOT_AVAILABLE
DE5 [1-11.2],84,61,FIRST_LOSS,1789531405815,1789531405815,0,069A180200000000,1,32,MAIN_LOW32_HELPER_HIGH32,NOT_AVAILABLE
DE5 [1-11.2],85,52,STATUS,1789531407026,1789531407026,0,EB28415195DA000C,1,32,MAIN_LOW32_HELPER_HIGH32,NOT_AVAILABLE
DE5 [1-11.2],85,53,PENDING,1789531407026,1789531407026,0,00000D3C00018B53,1,32,MAIN_LOW32_HELPER_HIGH32,NOT_AVAILABLE
DE5 [1-11.2],85,54,START,1789531407026,1789531407027,1,00003EE500016B73,1,32,MAIN_LOW32_HELPER_HIGH32,NOT_AVAILABLE
DE5 [1-11.2],85,55,COMPLETED,1789531407027,1789531407027,0,00003EE500016B73,1,32,MAIN_LOW32_HELPER_HIGH32,NOT_AVAILABLE
DE5 [1-11.2],85,56,FAILED,1789531407027,1789531407027,0,0,1,32,MAIN_LOW32_HELPER_HIGH32,NOT_AVAILABLE
DE5 [1-11.2],85,57,MAX_WAIT,1789531407027,1789531407028,1,FFBACE00000F3F43,1,32,MAIN_LOW32_HELPER_HIGH32,NOT_AVAILABLE
DE5 [1-11.2],85,58,CURRENT_WAIT,1789531407028,1789531407028,0,000000000000A94C,1,32,MAIN_LOW32_HELPER_HIGH32,NOT_AVAILABLE
DE5 [1-11.2],85,59,LATENCY,1789531407028,1789531407028,0,0000F0000000F001,1,32,MAIN_LOW32_HELPER_HIGH32,NOT_AVAILABLE
DE5 [1-11.2],85,60,FAILURE,1789531407028,1789531407029,1,0,1,32,MAIN_LOW32_HELPER_HIGH32,NOT_AVAILABLE
DE5 [1-11.2],85,61,FIRST_LOSS,1789531407029,1789531407029,0,06A9640200000000,1,32,MAIN_LOW32_HELPER_HIGH32,NOT_AVAILABLE
DE5 [1-11.2],86,52,STATUS,1789531408242,1789531408242,0,EEC7E83E8B9C000D,1,32,MAIN_LOW32_HELPER_HIGH32,NOT_AVAILABLE
DE5 [1-11.2],86,53,PENDING,1789531408242,1789531408242,0,00000D3C00018F05,1,32,MAIN_LOW32_HELPER_HIGH32,NOT_AVAILABLE
DE5 [1-11.2],86,54,START,1789531408242,1789531408243,1,00003F4300016EED,1,32,MAIN_LOW32_HELPER_HIGH32,NOT_AVAILABLE
DE5 [1-11.2],86,55,COMPLETED,1789531408243,1789531408243,0,00003F4300016EEC,1,32,MAIN_LOW32_HELPER_HIGH32,NOT_AVAILABLE
DE5 [1-11.2],86,56,FAILED,1789531408243,1789531408243,0,0,1,32,MAIN_LOW32_HELPER_HIGH32,NOT_AVAILABLE
DE5 [1-11.2],86,57,MAX_WAIT,1789531408243,1789531408244,1,FFBACE00000F3F43,1,32,MAIN_LOW32_HELPER_HIGH32,NOT_AVAILABLE
DE5 [1-11.2],86,58,CURRENT_WAIT,1789531408244,1789531408244,0,2730,1,32,MAIN_LOW32_HELPER_HIGH32,NOT_AVAILABLE
DE5 [1-11.2],86,59,LATENCY,1789531408244,1789531408244,0,0000F0000000F001,1,32,MAIN_LOW32_HELPER_HIGH32,NOT_AVAILABLE
DE5 [1-11.2],86,60,FAILURE,1789531408244,1789531408245,1,0,1,32,MAIN_LOW32_HELPER_HIGH32,NOT_AVAILABLE
DE5 [1-11.2],86,61,FIRST_LOSS,1789531408245,1789531408245,0,06B8C00200000000,1,32,MAIN_LOW32_HELPER_HIGH32,NOT_AVAILABLE
DE5 [1-11.2],87,52,STATUS,1789531409409,1789531409409,0,F2427153769A000C,1,32,MAIN_LOW32_HELPER_HIGH32,NOT_AVAILABLE
DE5 [1-11.2],87,53,PENDING,1789531409409,1789531409409,0,00000D3C00019295,1,32,MAIN_LOW32_HELPER_HIGH32,NOT_AVAILABLE
DE5 [1-11.2],87,54,START,1789531409410,1789531409410,0,00003F9600017245,1,32,MAIN_LOW32_HELPER_HIGH32,NOT_AVAILABLE
DE5 [1-11.2],87,55,COMPLETED,1789531409410,1789531409410,0,00003F9600017245,1,32,MAIN_LOW32_HELPER_HIGH32,NOT_AVAILABLE
DE5 [1-11.2],87,56,FAILED,1789531409410,1789531409411,1,0,1,32,MAIN_LOW32_HELPER_HIGH32,NOT_AVAILABLE
DE5 [1-11.2],87,57,MAX_WAIT,1789531409411,1789531409411,0,FFBACE00000F3F43,1,32,MAIN_LOW32_HELPER_HIGH32,NOT_AVAILABLE
DE5 [1-11.2],87,58,CURRENT_WAIT,1789531409411,1789531409411,0,62,1,32,MAIN_LOW32_HELPER_HIGH32,NOT_AVAILABLE
DE5 [1-11.2],87,59,LATENCY,1789531409411,1789531409412,1,0000F0000000F001,1,32,MAIN_LOW32_HELPER_HIGH32,NOT_AVAILABLE
DE5 [1-11.2],87,60,FAILURE,1789531409412,1789531409412,0,0,1,32,MAIN_LOW32_HELPER_HIGH32,NOT_AVAILABLE
DE5 [1-11.2],87,61,FIRST_LOSS,1789531409412,1789531409412,0,06C7700200000000,1,32,MAIN_LOW32_HELPER_HIGH32,NOT_AVAILABLE
DE5 [1-11.2],88,52,STATUS,1789531410616,1789531410616,0,F5DB2FCD6935000D,1,32,MAIN_LOW32_HELPER_HIGH32,NOT_AVAILABLE
DE5 [1-11.2],88,53,PENDING,1789531410616,1789531410616,0,00000D3C00019635,1,32,MAIN_LOW32_HELPER_HIGH32,NOT_AVAILABLE
DE5 [1-11.2],88,54,START,1789531410617,1789531410617,0,00004001000175A5,1,32,MAIN_LOW32_HELPER_HIGH32,NOT_AVAILABLE
DE5 [1-11.2],88,55,COMPLETED,1789531410617,1789531410617,0,00004001000175A4,1,32,MAIN_LOW32_HELPER_HIGH32,NOT_AVAILABLE
DE5 [1-11.2],88,56,FAILED,1789531410617,1789531410618,1,0,1,32,MAIN_LOW32_HELPER_HIGH32,NOT_AVAILABLE
DE5 [1-11.2],88,57,MAX_WAIT,1789531410618,1789531410618,0,FFBACE00000F3F43,1,32,MAIN_LOW32_HELPER_HIGH32,NOT_AVAILABLE
DE5 [1-11.2],88,58,CURRENT_WAIT,1789531410618,1789531410619,1,000000000000700C,1,32,MAIN_LOW32_HELPER_HIGH32,NOT_AVAILABLE
DE5 [1-11.2],88,59,LATENCY,1789531410619,1789531410619,0,0000F0000000F001,1,32,MAIN_LOW32_HELPER_HIGH32,NOT_AVAILABLE
DE5 [1-11.2],88,60,FAILURE,1789531410619,1789531410619,0,0,1,32,MAIN_LOW32_HELPER_HIGH32,NOT_AVAILABLE
DE5 [1-11.2],88,61,FIRST_LOSS,1789531410619,1789531410620,1,06D69C0200000000,1,32,MAIN_LOW32_HELPER_HIGH32,NOT_AVAILABLE
DE5 [1-11.2],89,52,STATUS,1789531411823,1789531411824,1,F9748FEE565A000D,1,32,MAIN_LOW32_HELPER_HIGH32,NOT_AVAILABLE
DE5 [1-11.2],89,53,PENDING,1789531411824,1789531411824,0,00000D3C000199C0,1,32,MAIN_LOW32_HELPER_HIGH32,NOT_AVAILABLE
DE5 [1-11.2],89,54,START,1789531411824,1789531411824,0,0000408D000178CD,1,32,MAIN_LOW32_HELPER_HIGH32,NOT_AVAILABLE
DE5 [1-11.2],89,55,COMPLETED,1789531411825,1789531411825,0,0000408D000178CD,1,32,MAIN_LOW32_HELPER_HIGH32,NOT_AVAILABLE
DE5 [1-11.2],89,56,FAILED,1789531411825,1789531411825,0,0,1,32,MAIN_LOW32_HELPER_HIGH32,NOT_AVAILABLE
DE5 [1-11.2],89,57,MAX_WAIT,1789531411825,1789531411826,1,FFBACE00000F3F43,1,32,MAIN_LOW32_HELPER_HIGH32,NOT_AVAILABLE
DE5 [1-11.2],89,58,CURRENT_WAIT,1789531411826,1789531411826,0,000000000000B783,1,32,MAIN_LOW32_HELPER_HIGH32,NOT_AVAILABLE
DE5 [1-11.2],89,59,LATENCY,1789531411826,1789531411826,0,0000F0000000F001,1,32,MAIN_LOW32_HELPER_HIGH32,NOT_AVAILABLE
DE5 [1-11.2],89,60,FAILURE,1789531411826,1789531411826,0,0,1,32,MAIN_LOW32_HELPER_HIGH32,NOT_AVAILABLE
DE5 [1-11.2],89,61,FIRST_LOSS,1789531411826,1789531411827,1,06E56C0200000000,1,32,MAIN_LOW32_HELPER_HIGH32,NOT_AVAILABLE
DE5 [1-11.2],90,52,STATUS,1789531413034,1789531413034,0,FD0FF9A53EDE000D,1,32,MAIN_LOW32_HELPER_HIGH32,NOT_AVAILABLE
DE5 [1-11.2],90,53,PENDING,1789531413034,1789531413034,0,00000D3C00019D44,1,32,MAIN_LOW32_HELPER_HIGH32,NOT_AVAILABLE
DE5 [1-11.2],90,54,START,1789531413034,1789531413035,1,000040EE00017C0F,1,32,MAIN_LOW32_HELPER_HIGH32,NOT_AVAILABLE
DE5 [1-11.2],90,55,COMPLETED,1789531413035,1789531413035,0,000040EE00017C0E,1,32,MAIN_LOW32_HELPER_HIGH32,NOT_AVAILABLE
DE5 [1-11.2],90,56,FAILED,1789531413035,1789531413036,1,0,1,32,MAIN_LOW32_HELPER_HIGH32,NOT_AVAILABLE
DE5 [1-11.2],90,57,MAX_WAIT,1789531413036,1789531413036,0,FFBACE00000FD982,1,32,MAIN_LOW32_HELPER_HIGH32,NOT_AVAILABLE
DE5 [1-11.2],90,58,CURRENT_WAIT,1789531413036,1789531413037,1,8000000000000000.0,1,32,MAIN_LOW32_HELPER_HIGH32,NOT_AVAILABLE
DE5 [1-11.2],90,59,LATENCY,1789531413037,1789531413037,0,0000F0000000F001,1,32,MAIN_LOW32_HELPER_HIGH32,NOT_AVAILABLE
DE5 [1-11.2],90,60,FAILURE,1789531413037,1789531413037,0,0,1,32,MAIN_LOW32_HELPER_HIGH32,NOT_AVAILABLE
DE5 [1-11.2],90,61,FIRST_LOSS,1789531413037,1789531413038,1,06F3F80200000000,1,32,MAIN_LOW32_HELPER_HIGH32,NOT_AVAILABLE
DE5 [1-11.2],91,52,STATUS,1789531414243,1789531414243,0,00AA53112C1A000C,1,32,MAIN_LOW32_HELPER_HIGH32,NOT_AVAILABLE
DE5 [1-11.2],91,53,PENDING,1789531414243,1789531414243,0,00000D3C0001A0D3,1,32,MAIN_LOW32_HELPER_HIGH32,NOT_AVAILABLE
DE5 [1-11.2],91,54,START,1789531414243,1789531414244,1,0000415600017F5B,1,32,MAIN_LOW32_HELPER_HIGH32,NOT_AVAILABLE
DE5 [1-11.2],91,55,COMPLETED,1789531414244,1789531414244,0,0000415600017F5A,1,32,MAIN_LOW32_HELPER_HIGH32,NOT_AVAILABLE
DE5 [1-11.2],91,56,FAILED,1789531414244,1789531414244,0,0,1,32,MAIN_LOW32_HELPER_HIGH32,NOT_AVAILABLE
DE5 [1-11.2],91,57,MAX_WAIT,1789531414244,1789531414245,1,FFBACE00000FD982,1,32,MAIN_LOW32_HELPER_HIGH32,NOT_AVAILABLE
DE5 [1-11.2],91,58,CURRENT_WAIT,1789531414245,1789531414245,0,0000000000008B93,1,32,MAIN_LOW32_HELPER_HIGH32,NOT_AVAILABLE
DE5 [1-11.2],91,59,LATENCY,1789531414245,1789531414245,0,0000F0000000F001,1,32,MAIN_LOW32_HELPER_HIGH32,NOT_AVAILABLE
DE5 [1-11.2],91,60,FAILURE,1789531414245,1789531414245,0,0,1,32,MAIN_LOW32_HELPER_HIGH32,NOT_AVAILABLE
DE5 [1-11.2],91,61,FIRST_LOSS,1789531414245,1789531414246,1,0702C80200000000,1,32,MAIN_LOW32_HELPER_HIGH32,NOT_AVAILABLE
DE5 [1-11.2],92,52,STATUS,1789531415405,1789531415405,0,04210D040FDC000D,1,32,MAIN_LOW32_HELPER_HIGH32,NOT_AVAILABLE
DE5 [1-11.2],92,53,PENDING,1789531415405,1789531415406,1,00000D3C0001A412,1,32,MAIN_LOW32_HELPER_HIGH32,NOT_AVAILABLE
DE5 [1-11.2],92,54,START,1789531415406,1789531415406,0,0000421F00018222,1,32,MAIN_LOW32_HELPER_HIGH32,NOT_AVAILABLE
DE5 [1-11.2],92,55,COMPLETED,1789531415406,1789531415406,0,0000421F00018221,1,32,MAIN_LOW32_HELPER_HIGH32,NOT_AVAILABLE
DE5 [1-11.2],92,56,FAILED,1789531415406,1789531415407,1,0,1,32,MAIN_LOW32_HELPER_HIGH32,NOT_AVAILABLE
DE5 [1-11.2],92,57,MAX_WAIT,1789531415407,1789531415407,0,FFBACE00000FD982,1,32,MAIN_LOW32_HELPER_HIGH32,NOT_AVAILABLE
DE5 [1-11.2],92,58,CURRENT_WAIT,1789531415407,1789531415407,0,0000000000001A64,1,32,MAIN_LOW32_HELPER_HIGH32,NOT_AVAILABLE
DE5 [1-11.2],92,59,LATENCY,1789531415407,1789531415408,1,0000F0000000F001,1,32,MAIN_LOW32_HELPER_HIGH32,NOT_AVAILABLE
DE5 [1-11.2],92,60,FAILURE,1789531415408,1789531415408,0,0,1,32,MAIN_LOW32_HELPER_HIGH32,NOT_AVAILABLE
DE5 [1-11.2],92,61,FIRST_LOSS,1789531415408,1789531415408,0,711040200000000,1,32,MAIN_LOW32_HELPER_HIGH32,NOT_AVAILABLE
DE5 [1-11.2],93,52,STATUS,1789531416603,1789531416603,0,07B2EC00005C000D,1,32,MAIN_LOW32_HELPER_HIGH32,NOT_AVAILABLE
DE5 [1-11.2],93,53,PENDING,1789531416603,1789531416603,0,00000D3C0001A799,1,32,MAIN_LOW32_HELPER_HIGH32,NOT_AVAILABLE
DE5 [1-11.2],93,54,START,1789531416604,1789531416604,0,000042A70001855C,1,32,MAIN_LOW32_HELPER_HIGH32,NOT_AVAILABLE
DE5 [1-11.2],93,55,COMPLETED,1789531416604,1789531416604,0,000042A70001855B,1,32,MAIN_LOW32_HELPER_HIGH32,NOT_AVAILABLE
DE5 [1-11.2],93,56,FAILED,1789531416604,1789531416605,1,0,1,32,MAIN_LOW32_HELPER_HIGH32,NOT_AVAILABLE
DE5 [1-11.2],93,57,MAX_WAIT,1789531416605,1789531416605,0,FFBACE00000FD982,1,32,MAIN_LOW32_HELPER_HIGH32,NOT_AVAILABLE
DE5 [1-11.2],93,58,CURRENT_WAIT,1789531416606,1789531416606,0,0000000000007BE6,1,32,MAIN_LOW32_HELPER_HIGH32,NOT_AVAILABLE
DE5 [1-11.2],93,59,LATENCY,1789531416606,1789531416606,0,0000F0000000F001,1,32,MAIN_LOW32_HELPER_HIGH32,NOT_AVAILABLE
DE5 [1-11.2],93,60,FAILURE,1789531416606,1789531416606,0,0,1,32,MAIN_LOW32_HELPER_HIGH32,NOT_AVAILABLE
DE5 [1-11.2],93,61,FIRST_LOSS,1789531416606,1789531416607,1,720100200000000,1,32,MAIN_LOW32_HELPER_HIGH32,NOT_AVAILABLE
DE5 [1-11.2],94,52,STATUS,1789531417793,1789531417794,1,0B3F1763EEDC000D,1,32,MAIN_LOW32_HELPER_HIGH32,NOT_AVAILABLE
DE5 [1-11.2],94,53,PENDING,1789531417794,1789531417794,0,00000D3C0001AB4C,1,32,MAIN_LOW32_HELPER_HIGH32,NOT_AVAILABLE
DE5 [1-11.2],94,54,START,1789531417794,1789531417795,1,000042CD000188F0,1,32,MAIN_LOW32_HELPER_HIGH32,NOT_AVAILABLE
DE5 [1-11.2],94,55,COMPLETED,1789531417795,1789531417795,0,000042CD000188EF,1,32,MAIN_LOW32_HELPER_HIGH32,NOT_AVAILABLE
DE5 [1-11.2],94,56,FAILED,1789531417795,1789531417796,1,0,1,32,MAIN_LOW32_HELPER_HIGH32,NOT_AVAILABLE
DE5 [1-11.2],94,57,MAX_WAIT,1789531417796,1789531417796,0,FFBACE00000FD982,1,32,MAIN_LOW32_HELPER_HIGH32,NOT_AVAILABLE
DE5 [1-11.2],94,58,CURRENT_WAIT,1789531417796,1789531417796,0,2098,1,32,MAIN_LOW32_HELPER_HIGH32,NOT_AVAILABLE
DE5 [1-11.2],94,59,LATENCY,1789531417796,1789531417797,1,0000F0000000F001,1,32,MAIN_LOW32_HELPER_HIGH32,NOT_AVAILABLE
DE5 [1-11.2],94,60,FAILURE,1789531417797,1789531417797,0,0,1,32,MAIN_LOW32_HELPER_HIGH32,NOT_AVAILABLE
DE5 [1-11.2],94,61,FIRST_LOSS,1789531417797,1789531417797,0,072EF80200000000,1,32,MAIN_LOW32_HELPER_HIGH32,NOT_AVAILABLE
DE5 [1-11.2],95,52,STATUS,1789531418925,1789531418926,1,0E9EE9BFD29C000D,1,32,MAIN_LOW32_HELPER_HIGH32,NOT_AVAILABLE
DE5 [1-11.2],95,53,PENDING,1789531418926,1789531418926,0,00000D3C0001AEA1,1,32,MAIN_LOW32_HELPER_HIGH32,NOT_AVAILABLE
DE5 [1-11.2],95,54,START,1789531418926,1789531418926,0,0000434600018C05,1,32,MAIN_LOW32_HELPER_HIGH32,NOT_AVAILABLE
DE5 [1-11.2],95,55,COMPLETED,1789531418926,1789531418927,1,0000434600018C05,1,32,MAIN_LOW32_HELPER_HIGH32,NOT_AVAILABLE
DE5 [1-11.2],95,56,FAILED,1789531418927,1789531418927,0,0,1,32,MAIN_LOW32_HELPER_HIGH32,NOT_AVAILABLE
DE5 [1-11.2],95,57,MAX_WAIT,1789531418927,1789531418928,1,FFBACE00000FD982,1,32,MAIN_LOW32_HELPER_HIGH32,NOT_AVAILABLE
DE5 [1-11.2],95,58,CURRENT_WAIT,1789531418928,1789531418928,0,0,1,32,MAIN_LOW32_HELPER_HIGH32,NOT_AVAILABLE
DE5 [1-11.2],95,59,LATENCY,1789531418928,1789531418928,0,0000F0000000F001,1,32,MAIN_LOW32_HELPER_HIGH32,NOT_AVAILABLE
DE5 [1-11.2],95,60,FAILURE,1789531418928,1789531418929,1,0,1,32,MAIN_LOW32_HELPER_HIGH32,NOT_AVAILABLE
DE5 [1-11.2],95,61,FIRST_LOSS,1789531418929,1789531418929,0,073D300200000000,1,32,MAIN_LOW32_HELPER_HIGH32,NOT_AVAILABLE
DE5 [1-11.2],96,52,STATUS,1789531420114,1789531420115,1,122A0BEDC25C000D,1,32,MAIN_LOW32_HELPER_HIGH32,NOT_AVAILABLE
DE5 [1-11.2],96,53,PENDING,1789531420115,1789531420115,0,00000D3C0001B231,1,32,MAIN_LOW32_HELPER_HIGH32,NOT_AVAILABLE
DE5 [1-11.2],96,54,START,1789531420115,1789531420116,1,000043A700018F63,1,32,MAIN_LOW32_HELPER_HIGH32,NOT_AVAILABLE
DE5 [1-11.2],96,55,COMPLETED,1789531420116,1789531420116,0,000043A700018F63,1,32,MAIN_LOW32_HELPER_HIGH32,NOT_AVAILABLE
DE5 [1-11.2],96,56,FAILED,1789531420116,1789531420117,1,0,1,32,MAIN_LOW32_HELPER_HIGH32,NOT_AVAILABLE
DE5 [1-11.2],96,57,MAX_WAIT,1789531420117,1789531420117,0,FFBACE00000FD982,1,32,MAIN_LOW32_HELPER_HIGH32,NOT_AVAILABLE
DE5 [1-11.2],96,58,CURRENT_WAIT,1789531420117,1789531420117,0,75.0,1,32,MAIN_LOW32_HELPER_HIGH32,NOT_AVAILABLE
DE5 [1-11.2],96,59,LATENCY,1789531420117,1789531420118,1,0000F0000000F001,1,32,MAIN_LOW32_HELPER_HIGH32,NOT_AVAILABLE
DE5 [1-11.2],96,60,FAILURE,1789531420118,1789531420118,0,0,1,32,MAIN_LOW32_HELPER_HIGH32,NOT_AVAILABLE
DE5 [1-11.2],96,61,FIRST_LOSS,1789531420118,1789531420118,0,074C300200000000,1,32,MAIN_LOW32_HELPER_HIGH32,NOT_AVAILABLE
DE5 [1-11.2],97,52,STATUS,1789531421327,1789531421327,0,15C6ED8CB5DC0005,1,32,MAIN_LOW32_HELPER_HIGH32,NOT_AVAILABLE
DE5 [1-11.2],97,53,PENDING,1789531421327,1789531421327,0,00000D3C0001B5D3,1,32,MAIN_LOW32_HELPER_HIGH32,NOT_AVAILABLE
DE5 [1-11.2],97,54,START,1789531421327,1789531421328,1,00004404000192D4,1,32,MAIN_LOW32_HELPER_HIGH32,NOT_AVAILABLE
DE5 [1-11.2],97,55,COMPLETED,1789531421328,1789531421328,0,00004404000192D4,1,32,MAIN_LOW32_HELPER_HIGH32,NOT_AVAILABLE
DE5 [1-11.2],97,56,FAILED,1789531421328,1789531421328,0,0,1,32,MAIN_LOW32_HELPER_HIGH32,NOT_AVAILABLE
DE5 [1-11.2],97,57,MAX_WAIT,1789531421328,1789531421329,1,FFBACE00000FD982,1,32,MAIN_LOW32_HELPER_HIGH32,NOT_AVAILABLE
DE5 [1-11.2],97,58,CURRENT_WAIT,1789531421329,1789531421329,0,000000000001A3BC,1,32,MAIN_LOW32_HELPER_HIGH32,NOT_AVAILABLE
DE5 [1-11.2],97,59,LATENCY,1789531421329,1789531421329,0,0000F0000000F001,1,32,MAIN_LOW32_HELPER_HIGH32,NOT_AVAILABLE
DE5 [1-11.2],97,60,FAILURE,1789531421329,1789531421329,0,0,1,32,MAIN_LOW32_HELPER_HIGH32,NOT_AVAILABLE
DE5 [1-11.2],97,61,FIRST_LOSS,1789531421329,1789531421330,1,075B640200000000,1,32,MAIN_LOW32_HELPER_HIGH32,NOT_AVAILABLE
DE5 [1-11.2],98,52,STATUS,1789531422536,1789531422537,1,1961C994981C000D,1,32,MAIN_LOW32_HELPER_HIGH32,NOT_AVAILABLE
DE5 [1-11.2],98,53,PENDING,1789531422537,1789531422537,0,00000D3C0001B94E,1,32,MAIN_LOW32_HELPER_HIGH32,NOT_AVAILABLE
DE5 [1-11.2],98,54,START,1789531422537,1789531422537,0,4.479000195e+18,1,32,MAIN_LOW32_HELPER_HIGH32,NOT_AVAILABLE
DE5 [1-11.2],98,55,COMPLETED,1789531422537,1789531422538,1,4.479000195e+17,1,32,MAIN_LOW32_HELPER_HIGH32,NOT_AVAILABLE
DE5 [1-11.2],98,56,FAILED,1789531422538,1789531422538,0,0,1,32,MAIN_LOW32_HELPER_HIGH32,NOT_AVAILABLE
DE5 [1-11.2],98,57,MAX_WAIT,1789531422538,1789531422538,0,FFBACE00000FD982,1,32,MAIN_LOW32_HELPER_HIGH32,NOT_AVAILABLE
DE5 [1-11.2],98,58,CURRENT_WAIT,1789531422538,1789531422538,0,0,1,32,MAIN_LOW32_HELPER_HIGH32,NOT_AVAILABLE
DE5 [1-11.2],98,59,LATENCY,1789531422539,1789531422539,0,0000F0000000F001,1,32,MAIN_LOW32_HELPER_HIGH32,NOT_AVAILABLE
DE5 [1-11.2],98,60,FAILURE,1789531422539,1789531422539,0,0,1,32,MAIN_LOW32_HELPER_HIGH32,NOT_AVAILABLE
DE5 [1-11.2],98,61,FIRST_LOSS,1789531422539,1789531422539,0,769880200000000,1,32,MAIN_LOW32_HELPER_HIGH32,NOT_AVAILABLE
DE5 [1-11.2],99,52,STATUS,1789531423726,1789531423726,0,1CED4B7C871C000D,1,32,MAIN_LOW32_HELPER_HIGH32,NOT_AVAILABLE
DE5 [1-11.2],99,53,PENDING,1789531423726,1789531423726,0,00000D3C0001BCF8,1,32,MAIN_LOW32_HELPER_HIGH32,NOT_AVAILABLE
DE5 [1-11.2],99,54,START,1789531423727,1789531423727,0,000044BA00019964,1,32,MAIN_LOW32_HELPER_HIGH32,NOT_AVAILABLE
DE5 [1-11.2],99,55,COMPLETED,1789531423727,1789531423727,0,000044BA00019963,1,32,MAIN_LOW32_HELPER_HIGH32,NOT_AVAILABLE
DE5 [1-11.2],99,56,FAILED,1789531423727,1789531423727,0,0,1,32,MAIN_LOW32_HELPER_HIGH32,NOT_AVAILABLE
DE5 [1-11.2],99,57,MAX_WAIT,1789531423728,1789531423728,0,FFBACE00000FD982,1,32,MAIN_LOW32_HELPER_HIGH32,NOT_AVAILABLE
DE5 [1-11.2],99,58,CURRENT_WAIT,1789531423728,1789531423728,0,0,1,32,MAIN_LOW32_HELPER_HIGH32,NOT_AVAILABLE
DE5 [1-11.2],99,59,LATENCY,1789531423728,1789531423728,0,0000F0000000F001,1,32,MAIN_LOW32_HELPER_HIGH32,NOT_AVAILABLE
DE5 [1-11.2],99,60,FAILURE,1789531423728,1789531423729,1,0,1,32,MAIN_LOW32_HELPER_HIGH32,NOT_AVAILABLE
DE5 [1-11.2],99,61,FIRST_LOSS,1789531423729,1789531423729,0,778780200000000,1,32,MAIN_LOW32_HELPER_HIGH32,NOT_AVAILABLE
DE5 [1-11.2],100,52,STATUS,1789531424923,1789531424923,0,207EC166785C000D,1,32,MAIN_LOW32_HELPER_HIGH32,NOT_AVAILABLE
DE5 [1-11.2],100,53,PENDING,1789531424923,1789531424924,1,00000D3C0001C0B0,1,32,MAIN_LOW32_HELPER_HIGH32,NOT_AVAILABLE
DE5 [1-11.2],100,54,START,1789531424924,1789531424924,0,000044F600019CED,1,32,MAIN_LOW32_HELPER_HIGH32,NOT_AVAILABLE
DE5 [1-11.2],100,55,COMPLETED,1789531424924,1789531424924,0,000044F600019CEC,1,32,MAIN_LOW32_HELPER_HIGH32,NOT_AVAILABLE
DE5 [1-11.2],100,56,FAILED,1789531424924,1789531424925,1,0,1,32,MAIN_LOW32_HELPER_HIGH32,NOT_AVAILABLE
DE5 [1-11.2],100,57,MAX_WAIT,1789531424925,1789531424925,0,FFBACE00000FD982,1,32,MAIN_LOW32_HELPER_HIGH32,NOT_AVAILABLE
DE5 [1-11.2],100,58,CURRENT_WAIT,1789531424925,1789531424925,0,000000000000B631,1,32,MAIN_LOW32_HELPER_HIGH32,NOT_AVAILABLE
DE5 [1-11.2],100,59,LATENCY,1789531424925,1789531424926,1,0000F0000000F001,1,32,MAIN_LOW32_HELPER_HIGH32,NOT_AVAILABLE
DE5 [1-11.2],100,60,FAILURE,1789531424926,1789531424926,0,0,1,32,MAIN_LOW32_HELPER_HIGH32,NOT_AVAILABLE
DE5 [1-11.2],100,61,FIRST_LOSS,1789531424926,1789531424926,0,07878C0200000000,1,32,MAIN_LOW32_HELPER_HIGH32,NOT_AVAILABLE
