board,profile,cycle,retry_n,host_start_ms,host_end_ms,duration_ms,raw_epoch_before,raw_tag_delta,raw_expected_delta,raw_freq_error,raw_preclamp_error,raw_helper_error,raw_update_count,raw_helper_output,raw_dmtd_ref_accept_count,raw_dmtd_fb_accept_count,raw_epoch_after,epoch_before,epoch_after,update_count,helper_error,helper_output,transport_error,parse_error,odd_or_sentinel,epoch_changed,arithmetic_mismatch,range_mismatch,accepted,owner_unverified,reason,shape_valid
DE5 [1-11.2],FULL,1,1,1789464165626,1789464165746,120,000355E4,00003FFC,00004000,FFFFFFFC,FFFFFFA5,FFFFFFA5,0001AC72,0000D3D1,070F9CC1,0791EC48,000358E4,218596,219364,109682,-91,54225,0,0,0,1,0,0,0,1,EPOCH_CHANGED,1
DE5 [1-11.2],FULL,1,2,1789464165747,1789464165867,120,000358E4,00004001,00004000,00000005,FFFFFFAC,FFFFFFAC,0001ADF4,0000D3E4,070F9E43,0791EDC9,00035BE8,219364,220136,110068,-84,54244,0,0,0,1,1,0,0,1,"EPOCH_CHANGED,ARITHMETIC_MISMATCH",1
DE5 [1-11.2],FULL,1,3,1789464165869,1789464165989,120,00035ED6,00004010,00004000,00000010,00000022,00000022,0001AF6B,0000D3A8,070F9FBA,0791F0C1,000361DC,220886,221660,110443,34,54184,0,0,0,1,0,0,0,1,EPOCH_CHANGED,1
DE5 [1-11.2],FULL,1,4,1789464165990,1789464166111,121,000361DC,00004008,00004000,00000008,00000000,00000000,0001B0EE,0000D39D,070FA2BD,0791F240,000364DC,221660,222428,110830,0,54173,0,0,0,1,0,0,0,1,EPOCH_CHANGED,1
DE5 [1-11.2],FULL,1,5,1789464166112,1789464166232,120,000364DC,00004003,00004000,00000003,0000002E,0000006A,0001B3E5,0000D36E,070FA434,0791F3B6,000367CA,222428,223178,111589,106,54126,0,0,0,1,0,0,0,1,EPOCH_CHANGED,1
DE5 [1-11.2],FULL,1,6,1789464166233,1789464166353,120,000367CA,00004001,00004000,0000000F,00000063,00000063,0001B565,0000D360,070FA5B4,0791F535,00036ACA,223178,223946,111973,99,54112,0,0,0,1,1,0,0,1,"EPOCH_CHANGED,ARITHMETIC_MISMATCH",1
DE5 [1-11.2],FULL,1,7,1789464166354,1789464166474,120,00036ACA,00004002,00004000,00000002,FFFFFFB4,FFFFFFB4,0001B6DD,0000D3BB,070FA72C,0791F6AB,000370BA,223946,225466,112349,-76,54203,0,0,0,1,0,0,0,1,EPOCH_CHANGED,1
DE5 [1-11.2],FULL,1,8,1789464166475,1789464166595,120,000370BA,00004005,00004000,00000005,FFFFFFCF,FFFFFFCF,0001B85D,0000D3BF,070FAA2D,0791F9AA,000373BC,225466,226236,112733,-49,54207,0,0,0,1,0,0,0,1,EPOCH_CHANGED,1
DE5 [1-11.2],FULL,3,1,1789464167972,1789464168093,121,00039D7C,00004005,00004000,00000005,FFFFFFD2,FFFFFFD2,0001CEBE,0000D31E,070FC083,07920FF1,0003A068,236924,237672,118462,-46,54046,0,0,0,1,0,0,0,1,EPOCH_CHANGED,1
DE5 [1-11.2],FULL,3,2,1789464168094,1789464168215,121,0003A068,00003FF2,00004000,FFFFFFF2,FFFFFFC9,FFFFFFC9,0001D034,0000D34B,070FC203,07921170,0003A368,237672,238440,118836,-55,54091,0,0,0,1,0,0,0,1,EPOCH_CHANGED,1
DE5 [1-11.2],FULL,3,3,1789464168216,1789464168336,120,0003A368,00003FF8,00004000,FFFFFFF8,FFFFFFAB,FFFFFFEC,0001D334,0000D331,070FC383,079212EE,0003A668,238440,239208,119604,-20,54065,0,0,0,1,0,0,0,1,EPOCH_CHANGED,1
DE5 [1-11.2],FULL,3,4,1789464168338,1789464168458,120,0003A668,00003FFE,00004000,FFFFFFFB,FFFFFFD4,FFFFFFD4,0001D4AA,0000D341,070FC4F9,07921463,0003A954,239208,239956,119978,-44,54081,0,0,0,1,1,0,0,1,"EPOCH_CHANGED,ARITHMETIC_MISMATCH",1
DE5 [1-11.2],FULL,3,5,1789464168459,1789464168580,121,0003A954,00003FF7,00004000,FFFFFFF7,FFFFFFC0,FFFFFFC0,0001D62A,0000D357,070FC679,079215E2,0003AF58,239956,241496,120362,-64,54103,0,0,0,1,0,0,0,1,EPOCH_CHANGED,1
DE5 [1-11.2],FULL,3,6,1789464168581,1789464168702,121,0003AF58,00003FF6,00004000,FFFFFFF6,FFFFFFFB,FFFFFFFB,0001D7AC,0000D33D,070FC974,079218DB,0003B24A,241496,242250,120748,-5,54077,0,0,0,1,0,0,0,1,EPOCH_CHANGED,1
DE5 [1-11.2],FULL,3,7,1789464168703,1789464168823,120,0003B24A,00003FFF,00004000,FFFFFFFF,0000005E,0000005E,0001DAAA,0000D30D,070FCAF9,07921A5F,0003B554,242250,243028,121514,94,54029,0,0,0,1,0,0,0,1,EPOCH_CHANGED,1
DE5 [1-11.2],FULL,3,8,1789464168825,1789464168945,120,0003B554,00003FF2,00004000,FFFFFFF2,0000005B,0000005B,0001DC20,0000D2E8,070FCC6F,07921BD4,0003B840,243028,243776,121888,91,53992,0,0,0,1,0,0,0,1,EPOCH_CHANGED,1
DE5 [1-11.2],FULL,5,1,1789464170442,1789464170563,121,0003E4F6,00004005,00004000,FFFFFFFA,FFFFFFDC,FFFFFFDC,0001F3FB,0000D399,070FE44A,0792339E,0003E7F6,255222,255990,127995,-36,54169,0,0,0,1,1,0,0,1,"EPOCH_CHANGED,ARITHMETIC_MISMATCH",1
DE5 [1-11.2],FULL,5,2,1789464170564,1789464170685,121,0003EAE6,00004002,00004000,00000002,00000040,00000040,0001F573,0000D35D,070FE5C2,07923694,0003EDE6,256742,257510,128371,64,54109,0,0,0,1,0,0,0,1,EPOCH_CHANGED,1
DE5 [1-11.2],FULL,5,3,1789464170686,1789464170806,120,0003EDE6,00004006,00004000,00000006,00000002,00000002,0001F6F3,0000D369,070FE8C4,07923815,0003F0EA,257510,258282,128755,2,54121,0,0,0,1,0,0,0,1,EPOCH_CHANGED,1
DE5 [1-11.2],FULL,5,4,1789464170808,1789464170928,120,0003F0EA,00003FFE,00004000,FFFFFFFE,00000016,0000001D,0001F9EF,0000D360,070FEA3E,0792398E,0003F3DE,258282,259038,129519,29,54112,0,0,0,1,0,0,0,1,EPOCH_CHANGED,1
DE5 [1-11.2],FULL,5,5,1789464170929,1789464171051,122,0003F3DE,00004007,00004000,FFFFFFFD,FFFFFFDE,FFFFFFDE,0001FB6F,0000D383,070FEBBE,07923B0C,0003F6DE,259038,259806,129903,-34,54147,0,0,0,1,1,0,0,1,"EPOCH_CHANGED,ARITHMETIC_MISMATCH",1
DE5 [1-11.2],FULL,5,6,1789464171052,1789464171172,120,0003F6DE,00004002,00004000,00000002,FFFFFFD2,FFFFFFD2,0001FCE5,0000D395,070FED34,07923C81,0003FCD4,259806,261332,130277,-46,54165,0,0,0,1,0,0,0,1,EPOCH_CHANGED,1
DE5 [1-11.2],FULL,5,7,1789464171173,1789464171294,121,0003FCD4,0000400F,00004000,0000000F,FFFFFFEE,FFFFFFEE,0001FE6A,0000D38D,070FF02F,07923F7A,0003FFC0,261332,262080,130666,-18,54157,0,0,0,1,0,0,0,1,EPOCH_CHANGED,1
DE5 [1-11.2],FULL,5,8,1789464171295,1789464171416,121,0003FFC0,00003FFF,00004000,FFFFFFFF,FFFFFFDC,FFFFFFDC,00020160,0000D399,070FF1AF,079240F9,000402C0,262080,262848,131424,-36,54169,0,0,0,1,0,0,0,1,EPOCH_CHANGED,1
DE5 [1-11.2],FULL,7,1,1789464172797,1789464172919,122,00042C7A,0000400B,00004000,0000000B,FFFFFFFB,FFFFFFFB,000217BE,0000D414,0710080D,07925747,00042F7C,273530,274300,137150,-5,54292,0,0,0,1,0,0,0,1,EPOCH_CHANGED,1
DE5 [1-11.2],FULL,7,2,1789464172920,1789464173043,123,00042F7C,00004001,00004000,00000001,FFFFFFB1,FFFFFFB1,00021938,0000D421,07100987,079258BF,00043270,274300,275056,137528,-79,54305,0,0,0,1,0,0,0,1,EPOCH_CHANGED,1
DE5 [1-11.2],FULL,7,3,1789464173044,1789464173166,122,00043270,00004004,00004000,0000000F,FFFFFFB4,FFFFFFB4,00021AB2,0000D42E,07100B01,07925A38,00043564,275056,275812,137906,-76,54318,0,0,0,1,1,0,0,1,"EPOCH_CHANGED,ARITHMETIC_MISMATCH",1
DE5 [1-11.2],FULL,7,4,1789464173167,1789464173289,122,00043864,00004004,00004000,00000004,FFFFFFDE,FFFFFFDE,00021C32,0000D423,07100C81,07925D36,00043B64,276580,277348,138290,-34,54307,0,0,0,1,0,0,0,1,EPOCH_CHANGED,1
DE5 [1-11.2],FULL,7,5,1789464173291,1789464173412,121,00043B64,00003FFC,00004000,FFFFFFFC,FFFFFFD9,FFFFFFD9,00021DB2,0000D437,07100F82,07925EB6,00043E66,277348,278118,138674,-39,54327,0,0,0,1,0,0,0,1,EPOCH_CHANGED,1
DE5 [1-11.2],FULL,7,6,1789464173414,1789464173536,122,00043E66,00004003,00004000,00000003,FFFFFFD7,00000001,000220A9,0000D421,071010F8,0792602B,00044152,278118,278866,139433,1,54305,0,0,0,1,0,0,0,1,EPOCH_CHANGED,1
DE5 [1-11.2],FULL,7,7,1789464173537,1789464173659,122,00044152,00004000,00004000,00000003,00000002,00000002,00022229,0000D41D,07101278,079261AA,00044452,278866,279634,139817,2,54301,0,0,0,1,1,0,0,1,"EPOCH_CHANGED,ARITHMETIC_MISMATCH",1
DE5 [1-11.2],FULL,7,8,1789464173660,1789464173782,122,00044452,00003FF8,00004000,FFFFFFF8,FFFFFFEA,FFFFFFEA,000223A9,0000D42B,071013F8,07926329,00044A44,279634,281156,140201,-22,54315,0,0,0,1,0,0,0,1,EPOCH_CHANGED,1
DE5 [1-11.2],FULL,9,1,1789464175154,1789464175275,121,00047104,00004004,00004000,00000004,00000019,00000019,00023A05,0000D443,07102A54,07927974,000476F8,291076,292600,145925,25,54339,0,0,0,1,0,0,0,1,EPOCH_CHANGED,1
DE5 [1-11.2],FULL,9,2,1789464175277,1789464175398,121,000476F8,00004009,00004000,00000009,0000004D,0000004D,00023B7C,0000D41C,07102D4C,07927C69,000479FA,292600,293370,146300,77,54300,0,0,0,1,0,0,0,1,EPOCH_CHANGED,1
DE5 [1-11.2],FULL,9,3,1789464175399,1789464175520,121,000479FA,00003FF2,00004000,FFFFFFF2,00000024,00000024,00023E7D,0000D42E,07102ECC,07927DE8,00047CFA,293370,294138,147069,36,54318,0,0,0,1,0,0,0,1,EPOCH_CHANGED,1
DE5 [1-11.2],FULL,9,4,1789464175521,1789464175642,121,00047CFA,00004001,00004000,00000001,0000004F,0000004F,00023FF4,0000D404,07103043,07927F5E,00047FE8,294138,294888,147444,79,54276,0,0,0,1,0,0,0,1,EPOCH_CHANGED,1
DE5 [1-11.2],FULL,9,5,1789464175643,1789464175764,121,00047FE8,00003FFC,00004000,00000007,00000066,00000066,00024174,0000D3E3,071031C3,079280DD,000482E8,294888,295656,147828,102,54243,0,0,0,1,1,0,0,1,"EPOCH_CHANGED,ARITHMETIC_MISMATCH",1
DE5 [1-11.2],FULL,9,6,1789464175765,1789464175886,121,000485EA,00003FFE,00004000,FFFFFFFE,FFFFFFF7,FFFFFFF7,000242F5,0000D41A,07103344,079283D3,000488D8,296426,297176,148213,-9,54298,0,0,0,1,0,0,0,1,EPOCH_CHANGED,1
DE5 [1-11.2],FULL,9,7,1789464175887,1789464176009,122,000488D8,00003FFE,00004000,FFFFFFFE,00000023,00000023,0002446C,0000D3D2,0710363C,07928553,00048BDA,297176,297946,148588,35,54226,0,0,0,1,0,0,0,1,EPOCH_CHANGED,1
DE5 [1-11.2],FULL,9,8,1789464176011,1789464176132,121,00048BDA,00003FF6,00004000,FFFFFFF6,0000005E,00000035,0002476C,0000D3DB,071037BB,079286D0,00048ED8,297946,298712,149356,53,54235,0,0,0,1,0,0,0,1,EPOCH_CHANGED,1
DE5 [1-11.2],FULL,11,1,1789464177454,1789464177573,119,0004B592,00004006,00004000,00000006,FFFFFFAB,FFFFFFAB,00025C49,0000D36C,07104C98,07929B9E,0004BB80,308626,310144,154697,-85,54124,0,0,0,1,0,0,0,1,EPOCH_CHANGED,1
DE5 [1-11.2],FULL,11,2,1789464177574,1789464177694,120,0004BB80,00003FFB,00004000,FFFFFFFB,FFFFFF84,FFFFFF84,00025DC0,0000D395,07104F90,07929E94,0004BE82,310144,310914,155072,-124,54165,0,0,0,1,0,0,0,1,EPOCH_CHANGED,1
DE5 [1-11.2],FULL,11,3,1789464177696,1789464177816,120,0004BE82,00003FFC,00004000,FFFFFFFC,FFFFFFB3,FFFFFFB3,00025F41,0000D323,07105111,0792A013,0004C184,310914,311684,155457,-77,54051,0,0,0,1,0,0,0,1,EPOCH_CHANGED,1
DE5 [1-11.2],FULL,11,4,1789464177817,1789464177937,120,0004C184,00003FFE,00004000,FFFFFFFE,0000006E,00000069,0002623D,0000D311,0710528C,0792A18D,0004C47A,311684,312442,156221,105,54033,0,0,0,1,0,0,0,1,EPOCH_CHANGED,1
DE5 [1-11.2],FULL,11,5,1789464177938,1789464178059,121,0004C47A,00003FFD,00004000,FFFFFFFB,0000002A,0000002A,000263BE,0000D329,0710540D,0792A30D,0004C77C,312442,313212,156606,42,54057,0,0,0,1,1,0,0,1,"EPOCH_CHANGED,ARITHMETIC_MISMATCH",1
DE5 [1-11.2],FULL,11,6,1789464178060,1789464178180,120,0004C77C,00003FFC,00004000,FFFFFFFC,00000034,00000034,00026535,0000D31B,07105584,0792A483,0004CD6A,313212,314730,156981,52,54043,0,0,0,1,0,0,0,1,EPOCH_CHANGED,1
DE5 [1-11.2],FULL,11,7,1789464178181,1789464178301,120,0004CD6A,00003FEB,00004000,FFFFFFEB,00000060,00000060,000266B5,0000D2F2,07105884,0792A781,0004D06A,314730,315498,157365,96,54002,0,0,0,1,0,0,0,1,EPOCH_CHANGED,1
DE5 [1-11.2],FULL,11,8,1789464178302,1789464178422,120,0004D06A,00003FFA,00004000,FFFFFFFA,00000038,00000038,000269AE,0000D332,071059FD,0792A8F9,0004D35C,315498,316252,158126,56,54066,0,0,0,1,0,0,0,1,EPOCH_CHANGED,1
DE5 [1-11.2],FULL,13,1,1789464179793,1789464179914,121,0004FD1E,00003FF9,00004000,FFFFFFF9,0000003F,0000003F,00027E8F,0000D333,07107056,0792BF42,0005000E,326942,327694,163471,63,54067,0,0,0,1,0,0,0,1,EPOCH_CHANGED,1
DE5 [1-11.2],FULL,13,2,1789464179915,1789464180038,123,0005000E,00003FFE,00004000,FFFFFFFE,FFFFFFEB,FFFFFFD6,00028187,0000D345,071071D6,0792C0C1,0005030E,327694,328462,164231,-42,54085,0,0,0,1,0,0,0,1,EPOCH_CHANGED,1
DE5 [1-11.2],FULL,13,3,1789464180039,1789464180159,120,0005030E,00003FFE,00004000,00000006,FFFFFFAE,FFFFFFAE,00028309,0000D368,07107358,0792C242,00050612,328462,329234,164617,-82,54120,0,0,0,1,1,0,0,1,"EPOCH_CHANGED,ARITHMETIC_MISMATCH",1
DE5 [1-11.2],FULL,13,4,1789464180160,1789464180281,121,00050612,00003FFD,00004000,FFFFFFFD,00000005,00000005,00028482,0000D343,071074D1,0792C3BA,00050C04,329234,330756,164994,5,54083,0,0,0,1,0,0,0,1,EPOCH_CHANGED,1
DE5 [1-11.2],FULL,13,5,1789464180282,1789464180402,120,00050C04,00004002,00004000,00000002,0000001D,0000001D,00028602,0000D330,071077C7,0792C6AD,00050EF0,330756,331504,165378,29,54064,0,0,0,1,0,0,0,1,EPOCH_CHANGED,1
DE5 [1-11.2],FULL,13,6,1789464180403,1789464180523,120,00050EF0,00003FEF,00004000,FFFFFFEF,0000001C,0000001C,000288F8,0000D32C,07107947,0792C82C,000511F0,331504,332272,166136,28,54060,0,0,0,1,0,0,0,1,EPOCH_CHANGED,1
DE5 [1-11.2],FULL,13,7,1789464180524,1789464180644,120,000511F0,00004010,00004000,00000010,FFFFFF8E,FFFFFF8E,00028A79,0000D378,07107AC8,0792C9AC,000514F2,332272,333042,166521,-114,54136,0,0,0,1,0,0,0,1,EPOCH_CHANGED,1
DE5 [1-11.2],FULL,13,8,1789464180645,1789464180765,120,000514F2,00004004,00004000,0000000F,FFFFFF49,FFFFFF49,00028BF9,0000D3BE,07107C48,0792CB2B,000517F2,333042,333810,166905,-183,54206,0,0,0,1,1,0,0,1,"EPOCH_CHANGED,ARITHMETIC_MISMATCH",1
DE5 [1-11.2],FULL,15,1,1789464182084,1789464182205,121,0005419A,00004006,00004000,00000006,FFFFFF54,FFFFFF54,0002A0CD,0000D41C,0710929C,0792E16E,0005449A,344474,345242,172237,-172,54300,0,0,0,1,0,0,0,1,EPOCH_CHANGED,1
DE5 [1-11.2],FULL,15,2,1789464182206,1789464182326,120,0005449A,00004002,00004000,00000002,FFFFFFA2,FFFFFFA2,0002A3CD,0000D422,0710941C,0792E2ED,0005479A,345242,346010,173005,-94,54306,0,0,0,1,0,0,0,1,EPOCH_CHANGED,1
DE5 [1-11.2],FULL,15,3,1789464182327,1789464182447,120,0005479A,0000400D,00004000,0000000D,FFFFFFC7,FFFFFFC7,0002A54D,0000D428,0710959C,0792E46C,00054A9A,346010,346778,173389,-57,54312,0,0,0,1,0,0,0,1,EPOCH_CHANGED,1
DE5 [1-11.2],FULL,15,4,1789464182448,1789464182568,120,00054A9A,00004003,00004000,00000008,FFFFFFAB,FFFFFFAB,0002A6C4,0000D443,07109713,0792E5E2,00054D88,346778,347528,173764,-85,54339,0,0,0,1,1,0,0,1,"EPOCH_CHANGED,ARITHMETIC_MISMATCH",1
DE5 [1-11.2],FULL,15,5,1789464182569,1789464182689,120,0005508E,00004004,00004000,00000004,FFFFFFF4,FFFFFFF4,0002A847,0000D427,07109896,0792E8D8,0005537A,348302,349050,174151,-12,54311,0,0,0,1,0,0,0,1,EPOCH_CHANGED,1
DE5 [1-11.2],FULL,15,6,1789464182690,1789464182810,120,0005537A,0000400E,00004000,0000000E,FFFFFFF2,FFFFFFF2,0002A9BD,0000D439,07109B8D,0792EA58,0005567C,349050,349820,174525,-14,54329,0,0,0,1,0,0,0,1,EPOCH_CHANGED,1
DE5 [1-11.2],FULL,15,7,1789464182811,1789464182931,120,0005567C,00004008,00004000,00000008,FFFFFFE0,FFFFFFAB,0002ACC0,0000D461,07109D0F,0792EBD9,00055980,349820,350592,175296,-85,54369,0,0,0,1,0,0,0,1,EPOCH_CHANGED,1
DE5 [1-11.2],FULL,15,8,1789464182932,1789464183053,121,00055980,00003FF7,00004000,FFFFFFF7,FFFFFF43,FFFFFF43,0002AE39,0000D4B4,07109E88,0792ED51,00055C72,350592,351346,175673,-189,54452,0,0,0,1,0,0,0,1,EPOCH_CHANGED,1
DE5 [1-11.2],FULL,17,1,1789464184364,1789464184486,122,0005862C,00004008,00004000,00000008,000000D1,000000D1,0002C316,0000D3DB,0710B365,0793039F,0005892E,362028,362798,181014,209,54235,0,0,0,1,0,0,0,1,EPOCH_CHANGED,1
DE5 [1-11.2],FULL,17,2,1789464184487,1789464184609,122,0005892E,00003FFF,00004000,FFFFFFFF,0000007F,0000007F,0002C497,0000D3F5,0710B65F,07930517,00058C20,362798,363552,181399,127,54261,0,0,0,1,0,0,0,1,EPOCH_CHANGED,1
DE5 [1-11.2],FULL,17,3,1789464184610,1789464184732,122,00058C20,00003FF9,00004000,FFFFFFF9,00000048,00000042,0002C792,0000D3E9,0710B7E1,07930698,00058F24,363552,364324,182162,66,54249,0,0,0,1,0,0,0,1,EPOCH_CHANGED,1
DE5 [1-11.2],FULL,17,4,1789464184734,1789464184855,121,00058F24,00004008,00004000,0000000B,FFFFFFD9,FFFFFFD9,0002C90B,0000D41F,0710B95A,0793080F,00059216,364324,365078,182539,-39,54303,0,0,0,1,1,0,0,1,"EPOCH_CHANGED,ARITHMETIC_MISMATCH",1
DE5 [1-11.2],FULL,17,5,1789464184857,1789464184978,121,00059216,0000400A,00004000,0000000A,FFFFFFFB,FFFFFFFB,0002CA8B,0000D413,0710BADA,0793098E,0005980A,365078,366602,182923,-5,54291,0,0,0,1,0,0,0,1,EPOCH_CHANGED,1
DE5 [1-11.2],FULL,17,6,1789464184980,1789464185103,123,0005980A,00004006,00004000,00000006,00000043,00000043,0002CC05,0000D3E8,0710BDD4,07930C86,00059B0A,366602,367370,183301,67,54248,0,0,0,1,0,0,0,1,EPOCH_CHANGED,1
DE5 [1-11.2],FULL,17,7,1789464185104,1789464185226,122,00059B0A,00003FF5,00004000,FFFFFFF5,0000005E,0000005E,0002CF05,0000D3FD,0710BF54,07930E05,00059E0A,367370,368138,184069,94,54269,0,0,0,1,0,0,0,1,EPOCH_CHANGED,1
DE5 [1-11.2],FULL,17,8,1789464185227,1789464185349,122,00059E0A,00003FF5,00004000,00000005,FFFFFF7A,FFFFFF7A,0002D07C,0000D449,0710C0CB,07930F7B,0005A0F8,368138,368888,184444,-134,54345,0,0,0,1,1,0,0,1,"EPOCH_CHANGED,ARITHMETIC_MISMATCH",1
DE5 [1-11.2],FULL,19,1,1789464186662,1789464186783,121,0005CABA,00003FFA,00004000,FFFFFFFA,FFFFFFAC,FFFFFFAC,0002E55D,0000D513,0710D5AC,0793244D,0005CDB8,379578,380344,189789,-84,54547,0,0,0,1,0,0,0,1,EPOCH_CHANGED,1
DE5 [1-11.2],FULL,19,2,1789464186784,1789464186905,121,0005CDB8,00004003,00004000,00000003,00000059,00000059,0002E6DC,0000D49F,0710D8A2,07932740,0005D0A6,380344,381094,190172,89,54431,0,0,0,1,0,0,0,1,EPOCH_CHANGED,1
DE5 [1-11.2],FULL,19,3,1789464186906,1789464187027,121,0005D0A6,00004003,00004000,00000003,0000005F,00000043,0002E9D3,0000D4A0,0710DA22,079328BF,0005D3A6,381094,381862,190931,67,54432,0,0,0,1,0,0,0,1,EPOCH_CHANGED,1
DE5 [1-11.2],FULL,19,4,1789464187029,1789464187149,120,0005D3A6,00003FFD,00004000,00000016,0000003C,0000003C,0002EB53,0000D498,0710DBA2,07932A3E,0005D6A6,381862,382630,191315,60,54424,0,0,0,1,1,0,0,1,"EPOCH_CHANGED,ARITHMETIC_MISMATCH",1
DE5 [1-11.2],FULL,19,5,1789464187150,1789464187270,120,0005D6A6,00004016,00004000,FFFFFFFA,00000046,00000046,0002ECD3,0000D487,0710DD22,07932BBD,0005D9A6,382630,383398,191699,70,54407,0,0,0,1,1,0,0,1,"EPOCH_CHANGED,ARITHMETIC_MISMATCH",1
DE5 [1-11.2],FULL,19,6,1789464187272,1789464187392,120,0005DC92,00004005,00004000,00000005,0000001D,0000001D,0002EE49,0000D495,0710DE98,07932EB2,0005DF94,384146,384916,192073,29,54421,0,0,0,1,0,0,0,1,EPOCH_CHANGED,1
DE5 [1-11.2],FULL,19,7,1789464187393,1789464187519,126,0005DF94,00004005,00004000,00000005,FFFFFFFB,FFFFFFFB,0002F144,0000D4CD,0710E193,0793302B,0005E288,384916,385672,192836,-5,54477,0,0,0,1,0,0,0,1,EPOCH_CHANGED,1
DE5 [1-11.2],FULL,19,8,1789464187520,1789464187640,120,0005E288,00003FF5,00004000,FFFFFFF5,FFFFFF7E,FFFFFF7E,0002F2C6,0000D501,0710E315,079331AB,0005E58C,385672,386444,193222,-130,54529,0,0,0,1,0,0,0,1,EPOCH_CHANGED,1
DE5 [1-11.2],FULL,21,1,1789464188954,1789464189077,123,00060C44,00004003,00004000,00000003,00000011,00000011,000307A2,0000D4FB,0710F7F1,07934678,00061244,396356,397892,198562,17,54523,0,0,0,1,0,0,0,1,EPOCH_CHANGED,1
DE5 [1-11.2],FULL,21,2,1789464189078,1789464189200,122,00061244,00003FF6,00004000,FFFFFFF6,FFFFFFFF,FFFFFFFF,00030922,0000D506,0710FAE7,0793496C,00061530,397892,398640,198946,-1,54534,0,0,0,1,0,0,0,1,EPOCH_CHANGED,1
DE5 [1-11.2],FULL,21,3,1789464189201,1789464189323,122,00061530,00004011,00004000,00000011,0000002F,0000002F,00030C1C,0000D4ED,0710FC6B,07934AEE,00061838,398640,399416,199708,47,54509,0,0,0,1,0,0,0,1,EPOCH_CHANGED,1
DE5 [1-11.2],FULL,21,4,1789464189324,1789464189446,122,00061838,0000400F,00004000,0000000F,FFFFFFFD,FFFFFFFD,00030D93,0000D4F7,0710FDE2,07934C64,00061B26,399416,400166,200083,-3,54519,0,0,0,1,0,0,0,1,EPOCH_CHANGED,1
DE5 [1-11.2],FULL,21,5,1789464189447,1789464189569,122,00061B26,00003FFD,00004000,00000000,FFFFFFE6,FFFFFFE6,00030F13,0000D508,0710FF62,07934DE3,00061E26,400166,400934,200467,-26,54536,0,0,0,1,1,0,0,1,"EPOCH_CHANGED,ARITHMETIC_MISMATCH",1
DE5 [1-11.2],FULL,21,6,1789464189570,1789464189692,122,00062126,00003FFB,00004000,FFFFFFFB,00000021,00000021,00031093,0000D4E5,071100E2,079350E1,00062426,401702,402470,200851,33,54501,0,0,0,1,0,0,0,1,EPOCH_CHANGED,1
DE5 [1-11.2],FULL,21,7,1789464189693,1789464189815,122,00062426,00003FEB,00004000,FFFFFFEB,0000001A,0000001A,00031213,0000D485,071103DB,07935259,00062718,402470,403224,201235,26,54405,0,0,0,1,0,0,0,1,EPOCH_CHANGED,1
DE5 [1-11.2],FULL,21,8,1789464189816,1789464189938,122,00062718,00004003,00004000,00000003,000000A7,0000002C,0003150C,0000D4B1,0711055B,079353D8,00062A18,403224,403992,201996,44,54449,0,0,0,1,0,0,0,1,EPOCH_CHANGED,1
DE5 [1-11.2],FULL,23,1,1789464191260,1789464191382,122,000650D2,0000400C,00004000,0000000C,FFFFFFD7,FFFFFFD7,000329E9,0000D5BA,07111A38,079368A6,000656C6,413906,415430,207337,-41,54714,0,0,0,1,0,0,0,1,EPOCH_CHANGED,1
DE5 [1-11.2],FULL,23,2,1789464191383,1789464191504,121,000656C6,0000400A,00004000,0000000A,00000006,00000006,00032B63,0000D5A7,07111D32,07936B9E,000659C6,415430,416198,207715,6,54695,0,0,0,1,0,0,0,1,EPOCH_CHANGED,1
DE5 [1-11.2],FULL,23,3,1789464191505,1789464191626,121,000659C6,00003FEE,00004000,FFFFFFEE,0000005D,0000005D,00032E63,0000D550,07111EB2,07936D1C,00065CC6,416198,416966,208483,93,54608,0,0,0,1,0,0,0,1,EPOCH_CHANGED,1
DE5 [1-11.2],FULL,23,4,1789464191627,1789464191748,121,00065CC6,00003FF3,00004000,00000004,0000002B,0000002B,00032FDA,0000D565,07112029,07936E92,00065FB4,416966,417716,208858,43,54629,0,0,0,1,1,0,0,1,"EPOCH_CHANGED,ARITHMETIC_MISMATCH",1
DE5 [1-11.2],FULL,23,5,1789464191749,1789464191870,121,00065FB4,00004004,00004000,00000001,00000036,00000036,0003315D,0000D55B,071121AC,07937014,000662BA,417716,418490,209245,54,54619,0,0,0,1,1,0,0,1,"EPOCH_CHANGED,ARITHMETIC_MISMATCH",1
DE5 [1-11.2],FULL,23,6,1789464191872,1789464191993,121,000665A6,00004002,00004000,00000002,00000022,00000022,000332D3,0000D55F,07112322,07937308,000668A6,419238,420006,209619,34,54623,0,0,0,1,0,0,0,1,EPOCH_CHANGED,1
DE5 [1-11.2],FULL,23,7,1789464191994,1789464192116,122,000668A6,00004001,00004000,00000001,00000002,00000002,00033453,0000D5B5,07112625,0793748A,00066BAC,420006,420780,210003,2,54709,0,0,0,1,0,0,0,1,EPOCH_CHANGED,1
DE5 [1-11.2],FULL,23,8,1789464192117,1789464192238,121,00066BAC,00004001,00004000,00000001,FFFFFF27,FFFFFF27,0003374C,0000D612,0711279B,079375FF,00066E98,420780,421528,210764,-217,54802,0,0,0,1,0,0,0,1,EPOCH_CHANGED,1
DE5 [1-11.2],FULL,25,1,1789464193550,1789464193672,122,0006955E,00004003,00004000,0000000D,0000002B,0000002B,00034C2F,0000D58F,07113C7E,07938AD2,00069B4A,431454,432970,216111,43,54671,0,0,0,1,1,0,0,1,"EPOCH_CHANGED,ARITHMETIC_MISMATCH",1
DE5 [1-11.2],FULL,25,2,1789464193674,1789464193795,121,00069B4A,00004005,00004000,00000005,FFFFFFBB,FFFFFFBB,00034DA5,0000D5D2,07113F75,07938DC7,00069E4C,432970,433740,216485,-69,54738,0,0,0,1,0,0,0,1,EPOCH_CHANGED,1
DE5 [1-11.2],FULL,25,3,1789464193797,1789464193919,122,00069E4C,00003FF8,00004000,FFFFFFF8,FFFFFFA7,FFFFFFA7,000350A6,0000D5EE,071140F5,07938F46,0006A14C,433740,434508,217254,-89,54766,0,0,0,1,0,0,0,1,EPOCH_CHANGED,1
DE5 [1-11.2],FULL,25,4,1789464193920,1789464194041,121,0006A14C,00003FFC,00004000,FFFFFFFC,FFFFFFAA,FFFFFFAA,0003521D,0000D607,0711426C,079390BC,0006A43A,434508,435258,217629,-86,54791,0,0,0,1,0,0,0,1,EPOCH_CHANGED,1
DE5 [1-11.2],FULL,25,5,1789464194043,1789464194164,121,0006A43A,00003FFF,00004000,FFFFFFF9,FFFFFF93,FFFFFF93,0003539E,0000D627,071143ED,0793923C,0006A73C,435258,436028,218014,-109,54823,0,0,0,1,1,0,0,1,"EPOCH_CHANGED,ARITHMETIC_MISMATCH",1
DE5 [1-11.2],FULL,25,6,1789464194166,1789464194287,121,0006AA3A,00004001,00004000,00000001,FFFFFF69,FFFFFF69,0003551D,0000D656,0711456C,07939531,0006AD2C,436794,437548,218397,-151,54870,0,0,0,1,0,0,0,1,EPOCH_CHANGED,1
DE5 [1-11.2],FULL,25,7,1789464194289,1789464194411,122,0006AD2C,00004009,00004000,00000009,FFFFFF83,FFFFFF83,00035696,0000D64D,07114865,079396B0,0006B02C,437548,438316,218774,-125,54861,0,0,0,1,0,0,0,1,EPOCH_CHANGED,1
DE5 [1-11.2],FULL,25,8,1789464194412,1789464194534,122,0006B02C,00003FF7,00004000,FFFFFFF7,FFFFFFCD,0000005F,00035996,0000D5F6,071149E5,0793982F,0006B32C,438316,439084,219542,95,54774,0,0,0,1,0,0,0,1,EPOCH_CHANGED,1
DE5 [1-11.2],FULL,27,1,1789464195853,1789464195975,122,0006D9EE,00003FF6,00004000,FFFFFFF6,00000044,00000044,00036E6D,0000D528,07115EBC,0793ACF6,0006DFDA,449006,450522,224877,68,54568,0,0,0,1,0,0,0,1,EPOCH_CHANGED,1
DE5 [1-11.2],FULL,27,2,1789464195976,1789464196099,123,0006DFDA,00003FFF,00004000,FFFFFFFF,FFFFFFFF,FFFFFFFF,00036FED,0000D546,071161BC,0793AFF4,0006E2DA,450522,451290,225261,-1,54598,0,0,0,1,0,0,0,1,EPOCH_CHANGED,1
DE5 [1-11.2],FULL,27,3,1789464196100,1789464196222,122,0006E2DA,00004015,00004000,00000015,FFFFFFFE,FFFFFFFE,000372ED,0000D581,0711633C,0793B173,0006E5DA,451290,452058,226029,-2,54657,0,0,0,1,0,0,0,1,EPOCH_CHANGED,1
DE5 [1-11.2],FULL,27,4,1789464196223,1789464196345,122,0006E5DA,00003FF7,00004000,FFFFFFF7,FFFFFF64,FFFFFF64,00037464,0000D5B9,071164B3,0793B2E9,0006E8C8,452058,452808,226404,-156,54713,0,0,0,1,0,0,0,1,EPOCH_CHANGED,1
DE5 [1-11.2],FULL,27,5,1789464196347,1789464196468,121,0006E8C8,00003FF5,00004000,00000003,FFFFFF4D,FFFFFF4D,000375E9,0000D5E7,07116638,0793B46D,0006EBD2,452808,453586,226793,-179,54759,0,0,0,1,1,0,0,1,"EPOCH_CHANGED,ARITHMETIC_MISMATCH",1
DE5 [1-11.2],FULL,27,6,1789464196470,1789464196591,121,0006EEBE,00003FFF,00004000,FFFFFFFF,FFFFFFA4,FFFFFFA4,0003775F,0000D5D3,071167AE,0793B763,0006F1C2,454334,455106,227167,-92,54739,0,0,0,1,0,0,0,1,EPOCH_CHANGED,1
DE5 [1-11.2],FULL,27,7,1789464196593,1789464196714,121,0006F1C2,00004002,00004000,00000002,FFFFFFAC,FFFFFFAC,000378E1,0000D5E6,07116AAA,0793B8DB,0006F4B6,455106,455862,227553,-84,54758,0,0,0,1,0,0,0,1,EPOCH_CHANGED,1
DE5 [1-11.2],FULL,27,8,1789464196716,1789464196838,122,0006F4B6,00004004,00004000,00000004,FFFFFFBF,FFFFFFD6,00037BDD,0000D5E3,07116C2C,0793BA5C,0006F7BA,455862,456634,228317,-42,54755,0,0,0,1,0,0,0,1,EPOCH_CHANGED,1
DE5 [1-11.2],FULL,29,1,1789464198149,1789464198270,121,00071E6C,00003FF4,00004000,FFFFFFF5,FFFFFFF9,FFFFFFF9,000390B7,0000D5AB,07118106,0793CF27,0007216E,466540,467310,233655,-7,54699,0,0,0,1,1,0,0,1,"EPOCH_CHANGED,ARITHMETIC_MISMATCH",1
DE5 [1-11.2],FULL,29,2,1789464198271,1789464198392,121,00072460,0000400C,00004000,0000000C,0000004B,0000004B,00039230,0000D579,0711827F,0793D21E,00072762,468064,468834,234032,75,54649,0,0,0,1,0,0,0,1,EPOCH_CHANGED,1
DE5 [1-11.2],FULL,29,3,1789464198394,1789464198514,120,00072762,00004003,00004000,00000003,000000B5,000000B5,000393B1,0000D563,07118580,0793D39D,00072A62,468834,469602,234417,181,54627,0,0,0,1,0,0,0,1,EPOCH_CHANGED,1
DE5 [1-11.2],FULL,29,4,1789464198516,1789464198636,120,00072A62,00004006,00004000,00000006,0000001C,FFFFFFCB,000396A8,0000D597,071186F7,0793D513,00072D50,469602,470352,235176,-53,54679,0,0,0,1,0,0,0,1,EPOCH_CHANGED,1
DE5 [1-11.2],FULL,29,5,1789464198638,1789464198759,121,00072D50,00003FFA,00004000,FFFFFFF0,FFFFFFC2,FFFFFFC2,00039828,0000D5A6,07118877,0793D692,00073050,470352,471120,235560,-62,54694,0,0,0,1,1,0,0,1,"EPOCH_CHANGED,ARITHMETIC_MISMATCH",1
DE5 [1-11.2],FULL,29,6,1789464198760,1789464198881,121,00073050,00004007,00004000,00000007,FFFFFFDB,FFFFFFDB,000399AA,0000D5A0,071189F9,0793D813,00073642,471120,472642,235946,-37,54688,0,0,0,1,0,0,0,1,EPOCH_CHANGED,1
DE5 [1-11.2],FULL,29,7,1789464198882,1789464199004,122,00073642,00003FFE,00004000,FFFFFFFE,FFFFFFB2,FFFFFFB2,00039B21,0000D5BF,07118CF2,0793DB09,00073946,472642,473414,236321,-78,54719,0,0,0,1,0,0,0,1,EPOCH_CHANGED,1
DE5 [1-11.2],FULL,29,8,1789464199005,1789464199126,121,00073946,00003FFA,00004000,FFFFFFFA,FFFFFF4D,FFFFFEF0,00039E1B,0000D66C,07118E6A,0793DC80,00073C36,473414,474166,237083,-272,54892,0,0,0,1,0,0,0,1,EPOCH_CHANGED,1
DE5 [1-11.2],FULL,31,1,1789464200559,1789464200681,122,000765F0,00003FFE,00004000,FFFFFFFE,FFFFFF9B,FFFFFF9B,0003B47E,0000D466,0711A4CD,0793F2D4,00076BEA,484848,486378,242814,-101,54374,0,0,0,1,0,0,0,1,EPOCH_CHANGED,1
DE5 [1-11.2],FULL,31,2,1789464200682,1789464200804,122,00076BEA,0000400A,00004000,0000000A,FFFFFF4F,FFFFFF4F,0003B5F5,0000D4AC,0711A7C6,0793F5CB,00076EEE,486378,487150,243189,-177,54444,0,0,0,1,0,0,0,1,EPOCH_CHANGED,1
DE5 [1-11.2],FULL,31,3,1789464200805,1789464200926,121,00076EEE,00003FFC,00004000,FFFFFFFC,FFFFFF56,FFFFFF56,0003B8F0,0000D4B8,0711A93F,0793F743,000771E0,487150,487904,243952,-170,54456,0,0,0,1,0,0,0,1,EPOCH_CHANGED,1
DE5 [1-11.2],FULL,31,4,1789464200928,1789464201054,126,000771E0,00003FFF,00004000,00000004,FFFFFFA6,FFFFFFA6,0003BA70,0000D4C4,0711AABF,0793F8C2,000774E0,487904,488672,244336,-90,54468,0,0,0,1,1,0,0,1,"EPOCH_CHANGED,ARITHMETIC_MISMATCH",1
DE5 [1-11.2],FULL,31,5,1789464201055,1789464201177,122,000774E0,00004009,00004000,00000009,FFFFFF51,FFFFFF51,0003BBF0,0000D511,0711AC3F,0793FA41,00077ACC,488672,490188,244720,-175,54545,0,0,0,1,0,0,0,1,EPOCH_CHANGED,1
DE5 [1-11.2],FULL,31,6,1789464201178,1789464201300,122,00077ACC,00004000,00004000,00000000,FFFFFF7E,FFFFFF7E,0003BD66,0000D516,0711AF36,0793FD36,00077DCE,490188,490958,245094,-130,54550,0,0,0,1,0,0,0,1,EPOCH_CHANGED,1
DE5 [1-11.2],FULL,31,7,1789464201302,1789464201423,121,00077DCE,00004000,00004000,00000000,FFFFFF2D,FFFFFF2D,0003C067,0000D56A,0711B0B6,0793FEB5,000780CE,490958,491726,245863,-211,54634,0,0,0,1,0,0,0,1,EPOCH_CHANGED,1
DE5 [1-11.2],FULL,31,8,1789464201425,1789464201546,121,000780CE,0000401D,00004000,0000001D,FFFFFF87,FFFFFF87,0003C1E0,0000D571,0711B22F,0794002D,000783C0,491726,492480,246240,-121,54641,0,0,0,1,0,0,0,1,EPOCH_CHANGED,1
DE5 [1-11.2],FULL,33,1,1789464202958,1789464203080,122,0007AD86,00004009,00004000,00000009,FFFFFFC9,FFFFFFC9,0003D83D,0000D5A8,0711C88C,0794167A,0007B37A,503174,504698,251965,-55,54696,0,0,0,1,0,0,0,1,EPOCH_CHANGED,1
DE5 [1-11.2],FULL,33,2,1789464203081,1789464203202,121,0007B37A,00003FF8,00004000,FFFFFFF8,FFFFFF07,FFFFFF07,0003D9BD,0000D62D,0711CB83,0794196F,0007B668,504698,505448,252349,-249,54829,0,0,0,1,0,0,0,1,EPOCH_CHANGED,1
DE5 [1-11.2],FULL,33,3,1789464203203,1789464203325,122,0007B668,00004009,00004000,00000009,FFFFFE98,FFFFFE98,0003DCB3,0000D654,0711CD02,07941AED,0007B966,505448,506214,253107,-360,54868,0,0,0,1,0,0,0,1,EPOCH_CHANGED,1
DE5 [1-11.2],FULL,33,4,1789464203326,1789464203448,122,0007B966,00004001,00004000,00000001,000000E9,000000E9,0003DE33,0000D584,0711CE82,07941C6C,0007BC66,506214,506982,253491,233,54660,0,0,0,1,0,0,0,1,EPOCH_CHANGED,1
DE5 [1-11.2],FULL,33,5,1789464203449,1789464203571,122,0007BC66,00004004,00004000,FFFFFFFB,0000019A,0000019A,0003DFB3,0000D4E5,0711D002,07941DEA,0007BF66,506982,507750,253875,410,54501,0,0,0,1,1,0,0,1,"EPOCH_CHANGED,ARITHMETIC_MISMATCH",1
DE5 [1-11.2],FULL,33,6,1789464203572,1789464203694,122,0007C254,00003FF3,00004000,FFFFFFF3,000001EC,000001EC,0003E12A,0000D463,0711D2F9,079420DF,0007C554,508500,509268,254250,492,54371,0,0,0,1,0,0,0,1,EPOCH_CHANGED,1
DE5 [1-11.2],FULL,33,7,1789464203695,1789464203817,122,0007C554,00003FFE,00004000,FFFFFFFE,000000E0,000000E0,0003E42A,0000D52B,0711D479,0794225E,0007C854,509268,510036,255018,224,54571,0,0,0,1,0,0,0,1,EPOCH_CHANGED,1
DE5 [1-11.2],FULL,33,8,1789464203818,1789464203940,122,0007C854,00003FFF,00004000,FFFFFFFF,FFFFFF16,FFFFFF16,0003E5A1,0000D5B4,0711D5F0,079423D4,0007CB42,510036,510786,255393,-234,54708,0,0,0,1,0,0,0,1,EPOCH_CHANGED,1
DE5 [1-11.2],FULL,35,1,1789464205276,1789464205397,121,0007F50A,00003FF2,00004000,FFFFFFF2,000000EB,000000EB,0003FA85,0000D510,0711EC4B,07943A1F,0007F7F8,521482,522232,260741,235,54544,0,0,0,1,0,0,0,1,EPOCH_CHANGED,1
DE5 [1-11.2],FULL,35,2,1789464205399,1789464205520,121,0007F7F8,0000400E,00004000,0000000E,00000110,00000110,0003FD7C,0000D4D9,0711EDCB,07943B9E,0007FAF8,522232,523000,261500,272,54489,0,0,0,1,0,0,0,1,EPOCH_CHANGED,1
DE5 [1-11.2],FULL,35,3,1789464205522,1789464205643,121,0007FAF8,00003FEA,00004000,FFFFFFEA,00000055,00000055,0003FEFC,0000D4EE,0711EF4B,07943D1C,0007FDF8,523000,523768,261884,85,54510,0,0,0,1,0,0,0,1,EPOCH_CHANGED,1
DE5 [1-11.2],FULL,35,4,1789464205645,1789464205767,122,0007FDF8,00003FFB,00004000,00000000,000000B7,000000B7,00040073,0000D49D,0711F0C2,07943E92,000800E6,523768,524518,262259,183,54429,0,0,0,1,1,0,0,1,"EPOCH_CHANGED,ARITHMETIC_MISMATCH",1
DE5 [1-11.2],FULL,35,5,1789464205768,1789464205890,122,000803E8,00004005,00004000,00000005,FFFFFFB7,FFFFFFB7,000401F4,0000D51E,0711F243,07944191,000806E8,525288,526056,262644,-73,54558,0,0,0,1,0,0,0,1,EPOCH_CHANGED,1
DE5 [1-11.2],FULL,35,6,1789464205891,1789464206014,123,000806E8,00004002,00004000,00000002,FFFFFF5C,FFFFFF5C,00040374,0000D53D,0711F543,07944310,000809E8,526056,526824,263028,-164,54589,0,0,0,1,0,0,0,1,EPOCH_CHANGED,1
DE5 [1-11.2],FULL,35,7,1789464206015,1789464206137,122,000809E8,00004007,00004000,00000007,FFFFFFD5,FFFFFFC4,0004066A,0000D54F,0711F6B9,07944485,00080CD4,526824,527572,263786,-60,54607,0,0,0,1,0,0,0,1,EPOCH_CHANGED,1
DE5 [1-11.2],FULL,35,8,1789464206139,1789464206260,121,00080CD4,00003FFE,00004000,00000010,FFFFFFA7,FFFFFFA7,000407ED,0000D56C,0711F83C,07944607,00080FDA,527572,528346,264173,-89,54636,0,0,0,1,1,0,0,1,"EPOCH_CHANGED,ARITHMETIC_MISMATCH",1
DE5 [1-11.2],FULL,37,1,1789464207575,1789464207696,121,00083990,00003FFA,00004000,FFFFFFFA,0000004E,0000004E,00041CC8,0000D57E,07120E92,07945C4C,00083C86,539024,539782,269512,78,54654,0,0,0,1,0,0,0,1,EPOCH_CHANGED,1
DE5 [1-11.2],FULL,37,2,1789464207698,1789464207819,121,00083C86,00004004,00004000,00000004,000000C3,000000C3,00041FC4,0000D52E,07121013,07945DCC,00083F88,539782,540552,270276,195,54574,0,0,0,1,0,0,0,1,EPOCH_CHANGED,1
DE5 [1-11.2],FULL,37,3,1789464207821,1789464207943,122,00083F88,00004007,00004000,00000007,FFFFFFE1,FFFFFFE1,0004213B,0000D577,0712118A,07945F42,00084276,540552,541302,270651,-31,54647,0,0,0,1,0,0,0,1,EPOCH_CHANGED,1
DE5 [1-11.2],FULL,37,4,1789464207944,1789464208066,122,00084276,00003FF0,00004000,00000003,FFFFFF49,FFFFFF49,000422BD,0000D5DC,0712130C,079460C3,0008457A,541302,542074,271037,-183,54748,0,0,0,1,1,0,0,1,"EPOCH_CHANGED,ARITHMETIC_MISMATCH",1
DE5 [1-11.2],FULL,37,5,1789464208067,1789464208189,122,0008487A,00004014,00004000,00000014,FFFFFF85,FFFFFF85,0004243D,0000D5DB,0712148C,079463BC,00084B70,542842,543600,271421,-123,54747,0,0,0,1,0,0,0,1,EPOCH_CHANGED,1
DE5 [1-11.2],FULL,37,6,1789464208191,1789464208312,121,00084B70,00004001,00004000,00000001,FFFFFFE0,FFFFFFE0,000425B8,0000D5AF,07121786,07946539,00084E6E,543600,544366,271800,-32,54703,0,0,0,1,0,0,0,1,EPOCH_CHANGED,1
DE5 [1-11.2],FULL,37,7,1789464208314,1789464208436,122,00084E6E,00003FF7,00004000,FFFFFFF7,FFFFFFEF,FFFFFFC5,000428AE,0000D5CF,071218FD,079466AF,0008515C,544366,545116,272558,-59,54735,0,0,0,1,0,0,0,1,EPOCH_CHANGED,1
DE5 [1-11.2],FULL,37,8,1789464208437,1789464208559,122,0008515C,00004002,00004000,FFFFFFFA,FFFFFFA7,FFFFFFA7,00042A2E,0000D5F0,07121A7D,0794682E,0008545C,545116,545884,272942,-89,54768,0,0,0,1,1,0,0,1,"EPOCH_CHANGED,ARITHMETIC_MISMATCH",1
DE5 [1-11.2],FULL,39,1,1789464209876,1789464209997,121,00087E10,00003FFE,00004000,FFFFFFFE,FFFFFFAB,FFFFFFAB,00043F08,0000D640,071230DB,07947E7C,00088118,556560,557336,278280,-85,54848,0,0,0,1,0,0,0,1,EPOCH_CHANGED,1
DE5 [1-11.2],FULL,39,2,1789464209998,1789464210119,121,00088118,00004008,00004000,00000008,FFFFFF77,FFFFFF77,00044203,0000D666,07123252,07947FF2,00088406,557336,558086,279043,-137,54886,0,0,0,1,0,0,0,1,EPOCH_CHANGED,1
DE5 [1-11.2],FULL,39,3,1789464210121,1789464210241,120,00088406,0000400D,00004000,0000000D,FFFFFFCF,FFFFFFCF,00044383,0000D667,071233D2,07948171,00088706,558086,558854,279427,-49,54887,0,0,0,1,0,0,0,1,EPOCH_CHANGED,1
DE5 [1-11.2],FULL,39,4,1789464210242,1789464210362,120,00088706,0000400E,00004000,FFFFFFF0,00000000,00000000,00044503,0000D653,07123552,079482F0,00088A06,558854,559622,279811,0,54867,0,0,0,1,1,0,0,1,"EPOCH_CHANGED,ARITHMETIC_MISMATCH",1
DE5 [1-11.2],FULL,39,5,1789464210363,1789464210483,120,00088D06,00003FED,00004000,FFFFFFED,000000D1,000000D1,00044683,0000D5C9,071236D2,079485E5,00088FF4,560390,561140,280195,209,54729,0,0,0,1,0,0,0,1,EPOCH_CHANGED,1
DE5 [1-11.2],FULL,39,6,1789464210485,1789464210604,119,00088FF4,00004005,00004000,00000005,000000BE,000000BE,000447FA,0000D5AA,071239C9,07948764,000892F4,561140,561908,280570,190,54698,0,0,0,1,0,0,0,1,EPOCH_CHANGED,1
DE5 [1-11.2],FULL,39,7,1789464210606,1789464210726,120,000892F4,00004006,00004000,00000006,00000014,00000014,00044AFA,0000D638,07123B49,079488E2,000895F4,561908,562676,281338,20,54840,0,0,0,1,0,0,0,1,EPOCH_CHANGED,1
DE5 [1-11.2],FULL,39,8,1789464210727,1789464210847,120,000895F4,00004003,00004000,00000003,FFFFFF48,FFFFFF48,00044C74,0000D68A,07123CC3,07948A5B,000898E8,562676,563432,281716,-184,54922,0,0,0,1,0,0,0,1,EPOCH_CHANGED,1
DE5 [1-11.2],FULL,41,1,1789464212174,1789464212295,121,0008C29E,00004004,00004000,00000004,FFFFFFAD,FFFFFFAD,0004614F,0000D714,0712531E,0794A0A5,0008C59E,574110,574878,287055,-83,55060,0,0,0,1,0,0,0,1,EPOCH_CHANGED,1
DE5 [1-11.2],FULL,41,2,1789464212296,1789464212417,121,0008C59E,00003FFF,00004000,FFFFFFFF,FFFFFF71,FFFFFF71,00046450,0000D768,0712549F,0794A225,0008C8A0,574878,575648,287824,-143,55144,0,0,0,1,0,0,0,1,EPOCH_CHANGED,1
DE5 [1-11.2],FULL,41,3,1789464212418,1789464212540,122,0008C8A0,00004004,00004000,00000004,FFFFFF94,FFFFFF94,000465C9,0000D768,07125618,0794A39D,0008CB92,575648,576402,288201,-108,55144,0,0,0,1,0,0,0,1,EPOCH_CHANGED,1
DE5 [1-11.2],FULL,41,4,1789464212542,1789464212663,121,0008CB92,00003FF5,00004000,00000000,FFFFFF76,FFFFFF76,00046743,0000D790,07125792,0794A516,0008CE86,576402,577158,288579,-138,55184,0,0,0,1,1,0,0,1,"EPOCH_CHANGED,ARITHMETIC_MISMATCH",1
DE5 [1-11.2],FULL,41,5,1789464212665,1789464212786,121,0008D18A,00003FFD,00004000,FFFFFFFD,FFFFFF58,FFFFFF58,000468C5,0000D7BF,07125914,0794A80F,0008D47E,577930,578686,288965,-168,55231,0,0,0,1,0,0,0,1,EPOCH_CHANGED,1
DE5 [1-11.2],FULL,41,6,1789464212787,1789464212909,122,0008D47E,00004004,00004000,00000004,FFFFFF4B,FFFFFF4B,00046A3F,0000D788,07125C0E,0794A98E,0008D77E,578686,579454,289343,-181,55176,0,0,0,1,0,0,0,1,EPOCH_CHANGED,1
DE5 [1-11.2],FULL,41,7,1789464212910,1789464213032,122,0008D77E,00003FFE,00004000,FFFFFFFE,00000022,000000BC,00046D39,0000D71D,07125D88,0794AB07,0008DA72,579454,580210,290105,188,55069,0,0,0,1,0,0,0,1,EPOCH_CHANGED,1
DE5 [1-11.2],FULL,41,8,1789464213034,1789464213155,121,0008DA72,00004002,00004000,00000006,0000006D,0000006D,00046EB9,0000D72E,07125F08,0794AC86,0008DD72,580210,580978,290489,109,55086,0,0,0,1,1,0,0,1,"EPOCH_CHANGED,ARITHMETIC_MISMATCH",1
DE5 [1-11.2],FULL,43,1,1789464214472,1789464214593,121,00090726,00004009,00004000,00000009,FFFFFFF5,FFFFFFF5,00048393,0000D7C6,071273E2,0794C2D2,00090A2A,591654,592426,295827,-11,55238,0,0,0,1,0,0,0,1,EPOCH_CHANGED,1
DE5 [1-11.2],FULL,43,2,1789464214595,1789464214715,120,00090A2A,00004003,00004000,00000003,FFFFFFF8,FFFFFFF8,00048515,0000D819,071276E4,0794C450,00090D2A,592426,593194,296213,-8,55321,0,0,0,1,0,0,0,1,EPOCH_CHANGED,1
DE5 [1-11.2],FULL,43,3,1789464214717,1789464214837,120,00090D2A,00004001,00004000,00000001,FFFFFF73,FFFFFF99,0004880E,0000D81C,0712785D,0794C5C8,0009101C,593194,593948,296974,-103,55324,0,0,0,1,0,0,0,1,EPOCH_CHANGED,1
DE5 [1-11.2],FULL,43,4,1789464214839,1789464214960,121,0009101C,0000400E,00004000,0000000C,FFFFFFB3,FFFFFFB3,0004898E,0000D821,071279DD,0794C747,0009131C,593948,594716,297358,-77,55329,0,0,0,1,1,0,0,1,"EPOCH_CHANGED,ARITHMETIC_MISMATCH",1
DE5 [1-11.2],FULL,43,5,1789464214961,1789464215083,122,0009160C,00003FF9,00004000,FFFFFFF9,FFFFFFB8,FFFFFFB8,00048B06,0000D82A,07127B55,0794CA3C,0009190A,595468,596234,297734,-72,55338,0,0,0,1,0,0,0,1,EPOCH_CHANGED,1
DE5 [1-11.2],FULL,43,6,1789464215084,1789464215205,121,0009190A,00003FF0,00004000,FFFFFFF0,FFFFFFD6,FFFFFFD6,00048C85,0000D823,07127E57,0794CBBE,00091C10,596234,597008,298117,-42,55331,0,0,0,1,0,0,0,1,EPOCH_CHANGED,1
DE5 [1-11.2],FULL,43,7,1789464215206,1789464215328,122,00091C10,00003FFA,00004000,FFFFFFFA,FFFFFFF5,00000080,00048F7E,0000D7C4,07127FCD,0794CD33,00091EFC,597008,597756,298878,128,55236,0,0,0,1,0,0,0,1,EPOCH_CHANGED,1
DE5 [1-11.2],FULL,43,8,1789464215329,1789464215450,121,00091EFC,00004005,00004000,FFFFFFFB,000000FA,000000FA,000490FE,0000D75C,0712814D,0794CEB2,000921FC,597756,598524,299262,250,55132,0,0,0,1,1,0,0,1,"EPOCH_CHANGED,ARITHMETIC_MISMATCH",1
DE5 [1-11.2],FULL,45,1,1789464217012,1789464217135,123,000951A8,00003FFA,00004000,FFFFFFFA,000000B8,FFFFFF9C,0004AA54,0000D7C7,07129AA3,0794E7F6,000954A8,610728,611496,305748,-100,55239,0,0,0,1,0,0,0,1,EPOCH_CHANGED,1
DE5 [1-11.2],FULL,45,2,1789464217137,1789464217258,121,000954A8,00003FFB,00004000,FFFFFFF9,FFFFFF5A,FFFFFF5A,0004ABD4,0000D807,07129C23,0794E975,000957A8,611496,612264,306132,-166,55303,0,0,0,1,1,0,0,1,"EPOCH_CHANGED,ARITHMETIC_MISMATCH",1
DE5 [1-11.2],FULL,45,3,1789464217260,1789464217382,122,000957A8,00003FF4,00004000,FFFFFFF4,FFFFFF7C,FFFFFF7C,0004AD4F,0000D80F,07129D9E,0794EAEF,00095D9E,612264,613790,306511,-132,55311,0,0,0,1,0,0,0,1,EPOCH_CHANGED,1
DE5 [1-11.2],FULL,45,4,1789464217383,1789464217505,122,00095D9E,00004006,00004000,00000006,FFFFFFDE,FFFFFFDE,0004AECF,0000D7E4,0712A09E,0794EDEC,0009609E,613790,614558,306895,-34,55268,0,0,0,1,0,0,0,1,EPOCH_CHANGED,1
DE5 [1-11.2],FULL,45,5,1789464217506,1789464217628,122,0009609E,00004000,00004000,00000000,FFFFFFFB,00000002,0004B1C5,0000D7D8,0712A214,0794EF61,0009638A,614558,615306,307653,2,55256,0,0,0,1,0,0,0,1,EPOCH_CHANGED,1
DE5 [1-11.2],FULL,45,6,1789464217629,1789464217751,122,0009638A,00004005,00004000,00000003,FFFFFFB9,FFFFFFB9,0004B346,0000D805,0712A395,0794F0E1,0009668C,615306,616076,308038,-71,55301,0,0,0,1,1,0,0,1,"EPOCH_CHANGED,ARITHMETIC_MISMATCH",1
DE5 [1-11.2],FULL,45,7,1789464217752,1789464217874,122,0009668C,00003FFA,00004000,FFFFFFFA,FFFFFF62,FFFFFF62,0004B4C0,0000D84B,0712A50F,0794F25A,00096C80,616076,617600,308416,-158,55371,0,0,0,1,0,0,0,1,EPOCH_CHANGED,1
DE5 [1-11.2],FULL,45,8,1789464217875,1789464217997,122,00096C80,00003FF0,00004000,FFFFFFF0,FFFFFFD8,FFFFFFD8,0004B640,0000D81D,0712A809,0794F552,00096F74,617600,618356,308800,-40,55325,0,0,0,1,0,0,0,1,EPOCH_CHANGED,1
DE5 [1-11.2],FULL,47,1,1789464219375,1789464219497,122,0009993A,00004011,00004000,00000011,00000084,00000084,0004CC9D,0000D706,0712BE62,07950B9B,00099C26,629050,629798,314525,132,55046,0,0,0,1,0,0,0,1,EPOCH_CHANGED,1
DE5 [1-11.2],FULL,47,2,1789464219498,1789464219620,122,00099C26,00003FF3,00004000,FFFFFFF3,00000023,00000023,0004CF93,0000D72E,0712BFE2,07950D1A,00099F26,629798,630566,315283,35,55086,0,0,0,1,0,0,0,1,EPOCH_CHANGED,1
DE5 [1-11.2],FULL,47,3,1789464219621,1789464219743,122,00099F26,00004010,00004000,00000010,FFFFFF98,FFFFFF98,0004D114,0000D77E,0712C163,07950E9A,0009A228,630566,631336,315668,-104,55166,0,0,0,1,0,0,0,1,EPOCH_CHANGED,1
DE5 [1-11.2],FULL,47,4,1789464219745,1789464219866,121,0009A228,00004002,00004000,FFFFFFFA,FFFFFF38,FFFFFF38,0004D28D,0000D7CD,0712C2DC,07951012,0009A51A,631336,632090,316045,-200,55245,0,0,0,1,1,0,0,1,"EPOCH_CHANGED,ARITHMETIC_MISMATCH",1
DE5 [1-11.2],FULL,47,5,1789464219868,1789464219989,121,0009A822,00004012,00004000,00000012,FFFFFF2B,FFFFFF2B,0004D411,0000D7FE,0712C460,0795130A,0009AB10,632866,633616,316433,-213,55294,0,0,0,1,0,0,0,1,EPOCH_CHANGED,1
DE5 [1-11.2],FULL,47,6,1789464219991,1789464220114,123,0009AB10,0000400B,00004000,0000000B,FFFFFF86,FFFFFF86,0004D588,0000D7E0,0712C757,07951489,0009AE10,633616,634384,316808,-122,55264,0,0,0,1,0,0,0,1,EPOCH_CHANGED,1
DE5 [1-11.2],FULL,47,7,1789464220115,1789464220237,122,0009AE10,00003FEF,00004000,FFFFFFEF,FFFFFFBB,00000016,0004D888,0000D7B5,0712C8D7,07951608,0009B110,634384,635152,317576,22,55221,0,0,0,1,0,0,0,1,EPOCH_CHANGED,1
DE5 [1-11.2],FULL,47,8,1789464220238,1789464220360,122,0009B110,00004004,00004000,00000003,000000B7,000000B7,0004D9FF,0000D74A,0712CA4E,0795177E,0009B3FE,635152,635902,317951,183,55114,0,0,0,1,1,0,0,1,"EPOCH_CHANGED,ARITHMETIC_MISMATCH",1
DE5 [1-11.2],FULL,49,1,1789464221677,1789464221799,122,0009DDC0,00004005,00004000,00000005,FFFFFFDB,FFFFFFDB,0004EEE0,0000D7F2,0712E0A9,07952DC8,0009E0B4,646592,647348,323296,-37,55282,0,0,0,1,0,0,0,1,EPOCH_CHANGED,1
DE5 [1-11.2],FULL,49,2,1789464221800,1789464221922,122,0009E0B4,00003FF5,00004000,FFFFFFF5,FFFFFF9C,FFFFFF9C,0004F1DA,0000D818,0712E229,07952F47,0009E3B4,647348,648116,324058,-100,55320,0,0,0,1,0,0,0,1,EPOCH_CHANGED,1
DE5 [1-11.2],FULL,49,3,1789464221923,1789464222046,123,0009E3B4,00004009,00004000,00000009,00000017,00000017,0004F35A,0000D7F3,0712E3A9,079530C6,0009E6B4,648116,648884,324442,23,55283,0,0,0,1,0,0,0,1,EPOCH_CHANGED,1
DE5 [1-11.2],FULL,49,4,1789464222047,1789464222169,122,0009E6B4,00003FF2,00004000,FFFFFFFE,FFFFFFF7,FFFFFFF7,0004F4D1,0000D7FF,0712E520,0795323C,0009E9A2,648884,649634,324817,-9,55295,0,0,0,1,1,0,0,1,"EPOCH_CHANGED,ARITHMETIC_MISMATCH",1
DE5 [1-11.2],FULL,49,5,1789464222171,1789464222292,121,0009ECAA,00004000,00004000,00000000,FFFFFFD6,FFFFFFD6,0004F655,0000D81D,0712E6A4,07953535,0009EF98,650410,651160,325205,-42,55325,0,0,0,1,0,0,0,1,EPOCH_CHANGED,1
DE5 [1-11.2],FULL,49,6,1789464222293,1789464222415,122,0009EF98,00003FFF,00004000,FFFFFFFF,0000006B,0000006B,0004F7CC,0000D7A7,0712E99B,079536B4,0009F298,651160,651928,325580,107,55207,0,0,0,1,0,0,0,1,EPOCH_CHANGED,1
DE5 [1-11.2],FULL,49,7,1789464222417,1789464222538,121,0009F298,0000400A,00004000,0000000A,00000071,00000035,0004FACC,0000D7BA,0712EB1B,07953832,0009F598,651928,652696,326348,53,55226,0,0,0,1,0,0,0,1,EPOCH_CHANGED,1
DE5 [1-11.2],FULL,49,8,1789464222540,1789464222661,121,0009F598,00004007,00004000,00000004,FFFFFFE5,FFFFFFE5,0004FC44,0000D7E1,0712EC93,079539A9,0009F888,652696,653448,326724,-27,55265,0,0,0,1,1,0,0,1,"EPOCH_CHANGED,ARITHMETIC_MISMATCH",1
DE5 [1-11.2],FULL,51,1,1789464223980,1789464224101,121,000A2246,00004004,00004000,00000004,00000061,00000061,00051123,0000D776,071302F2,07954FF9,000A2546,664134,664902,332067,97,55158,0,0,0,1,0,0,0,1,EPOCH_CHANGED,1
DE5 [1-11.2],FULL,51,2,1789464224103,1789464224225,122,000A2546,00004000,00004000,00000000,0000002F,0000002F,00051423,0000D7C4,07130472,07955178,000A2846,664902,665670,332835,47,55236,0,0,0,1,0,0,0,1,EPOCH_CHANGED,1
DE5 [1-11.2],FULL,51,3,1789464224226,1789464224346,120,000A2846,0000400A,00004000,0000000A,FFFFFFA4,FFFFFFA4,00051599,0000D7DF,071305E8,079552ED,000A2B32,665670,666418,333209,-92,55263,0,0,0,1,0,0,0,1,EPOCH_CHANGED,1
DE5 [1-11.2],FULL,51,4,1789464224348,1789464224468,120,000A2B32,0000400C,00004000,FFFFFFF5,FFFFFF94,FFFFFF94,00051719,0000D7FC,07130768,0795546B,000A2E32,666418,667186,333593,-108,55292,0,0,0,1,1,0,0,1,"EPOCH_CHANGED,ARITHMETIC_MISMATCH",1
DE5 [1-11.2],FULL,51,5,1789464224469,1789464224590,121,000A3128,00004000,00004000,00000000,FFFFFFE3,FFFFFFE3,00051894,0000D7DB,071308E3,07955765,000A342A,667944,668714,333972,-29,55259,0,0,0,1,0,0,0,1,EPOCH_CHANGED,1
DE5 [1-11.2],FULL,51,6,1789464224591,1789464224711,120,000A342A,00004004,00004000,00000004,FFFFFFEC,FFFFFFEC,00051A15,0000D7E3,07130BDE,079558DE,000A371E,668714,669470,334357,-20,55267,0,0,0,1,0,0,0,1,EPOCH_CHANGED,1
DE5 [1-11.2],FULL,51,7,1789464224712,1789464224833,121,000A371E,0000400C,00004000,0000000C,FFFFFFE6,FFFFFFF4,00051D13,0000D7DE,07130D62,07955A61,000A3A26,669470,670246,335123,-12,55262,0,0,0,1,0,0,0,1,EPOCH_CHANGED,1
DE5 [1-11.2],FULL,51,8,1789464224834,1789464224954,120,000A3A26,00004008,00004000,FFFFFFFD,FFFFFFFA,FFFFFFFA,00051E89,0000D7DC,07130ED8,07955BD6,000A3D12,670246,670994,335497,-6,55260,0,0,0,1,1,0,0,1,"EPOCH_CHANGED,ARITHMETIC_MISMATCH",1
DE5 [1-11.2],FULL,53,1,1789464226269,1789464226390,121,000A66CA,00003FF4,00004000,FFFFFFF4,FFFFFF77,FFFFFF77,00053365,0000D786,071323B4,07957226,000A69D2,681674,682450,340837,-137,55174,0,0,0,1,0,0,0,1,EPOCH_CHANGED,1
DE5 [1-11.2],FULL,53,2,1789464226392,1789464226514,122,000A69D2,00003FED,00004000,FFFFFFED,FFFFFF6B,FFFFFF6B,000534E9,0000D7AF,071326B8,079573A5,000A6CD2,682450,683218,341225,-149,55215,0,0,0,1,0,0,0,1,EPOCH_CHANGED,1
DE5 [1-11.2],FULL,53,3,1789464226515,1789464226636,121,000A6CD2,00004001,00004000,00000001,FFFFFF8B,FFFFFF3E,000537E1,0000D7F3,07132830,0795751C,000A6FC2,683218,683970,341985,-194,55283,0,0,0,1,0,0,0,1,EPOCH_CHANGED,1
DE5 [1-11.2],FULL,53,4,1789464226638,1789464226760,122,000A6FC2,00003FFD,00004000,00000007,FFFFFF23,FFFFFF23,00053963,0000D82B,071329B2,0795769D,000A72C6,683970,684742,342371,-221,55339,0,0,0,1,1,0,0,1,"EPOCH_CHANGED,ARITHMETIC_MISMATCH",1
DE5 [1-11.2],FULL,53,5,1789464226761,1789464226882,121,000A75B8,00004008,00004000,00000008,FFFFFF0F,FFFFFF0F,00053ADC,0000D860,07132B2B,07957815,000A78B8,685496,686264,342748,-241,55392,0,0,0,1,0,0,0,1,EPOCH_CHANGED,1
DE5 [1-11.2],FULL,53,6,1789464226884,1789464227006,122,000A78B8,0000400C,00004000,0000000C,FFFFFF1B,FFFFFF1B,00053C5C,0000D887,07132E2B,07957B13,000A7BB8,686264,687032,343132,-229,55431,0,0,0,1,0,0,0,1,EPOCH_CHANGED,1
DE5 [1-11.2],FULL,53,7,1789464227007,1789464227129,122,000A7BB8,00003FFE,00004000,FFFFFFFE,FFFFFFA5,0000003C,00053F53,0000D805,07132FA2,07957C89,000A7EA6,687032,687782,343891,60,55301,0,0,0,1,0,0,0,1,EPOCH_CHANGED,1
DE5 [1-11.2],FULL,53,8,1789464227130,1789464227252,122,000A7EA6,00003FFB,00004000,FFFFFFFD,0000007E,0000007E,000540D2,0000D7CD,07133121,07957E06,000A81A4,687782,688548,344274,126,55245,0,0,0,1,1,0,0,1,"EPOCH_CHANGED,ARITHMETIC_MISMATCH",1
DE5 [1-11.2],FULL,55,1,1789464228562,1789464228683,121,000AAB60,00003FFD,00004000,FFFFFFFD,FFFFFFD3,FFFFFFD3,000555B0,0000D6F5,071345FF,079592D5,000AAE60,699232,700000,349616,-45,55029,0,0,0,1,0,0,0,1,EPOCH_CHANGED,1
DE5 [1-11.2],FULL,55,2,1789464228684,1789464228805,121,000AAE60,0000400F,00004000,0000000F,0000003E,0000003E,00055730,0000D6BB,071348FC,079595D0,000AB15A,700000,700762,350000,62,54971,0,0,0,1,0,0,0,1,EPOCH_CHANGED,1
DE5 [1-11.2],FULL,55,3,1789464228806,1789464228927,121,000AB15A,00003FF9,00004000,FFFFFFF9,00000042,0000002C,00055A26,0000D6A9,07134A75,07959748,000AB44C,700762,701516,350758,44,54953,0,0,0,1,0,0,0,1,EPOCH_CHANGED,1
DE5 [1-11.2],FULL,55,4,1789464228928,1789464229051,123,000AB44C,00004001,00004000,FFFFFFF9,FFFFFF40,FFFFFF40,00055BA6,0000D737,07134BF5,079598C7,000AB74C,701516,702284,351142,-192,55095,0,0,0,1,1,0,0,1,"EPOCH_CHANGED,ARITHMETIC_MISMATCH",1
DE5 [1-11.2],FULL,55,5,1789464229052,1789464229173,121,000AB74C,0000400A,00004000,0000000A,FFFFFF3F,FFFFFF3F,00055D26,0000D760,07134D75,07959A46,000ABD38,702284,703800,351526,-193,55136,0,0,0,1,0,0,0,1,EPOCH_CHANGED,1
DE5 [1-11.2],FULL,55,6,1789464229174,1789464229295,121,000ABD38,00004007,00004000,00000007,FFFFFFD3,FFFFFFD3,00055E9C,0000D724,0713506C,07959D3B,000AC03A,703800,704570,351900,-45,55076,0,0,0,1,0,0,0,1,EPOCH_CHANGED,1
DE5 [1-11.2],FULL,55,7,1789464229296,1789464229417,121,000AC03A,00003FEA,00004000,FFFFFFEA,FFFFFFC2,FFFFFFC2,0005619D,0000D751,071351EC,07959EBA,000AC33A,704570,705338,352669,-62,55121,0,0,0,1,0,0,0,1,EPOCH_CHANGED,1
DE5 [1-11.2],FULL,55,8,1789464229418,1789464229539,121,000AC33A,00003FEC,00004000,FFFFFFEC,FFFFFFD3,FFFFFFD3,00056317,0000D742,07135366,0795A033,000AC62E,705338,706094,353047,-45,55106,0,0,0,1,0,0,0,1,EPOCH_CHANGED,1
DE5 [1-11.2],FULL,57,1,1789464231084,1789464231205,121,000AF5E0,00003FEE,00004000,FFFFFFEE,0000001A,0000001A,00057AF0,0000D746,07136CC0,0795B97A,000AF8E2,718304,719074,359152,26,55110,0,0,0,1,0,0,0,1,EPOCH_CHANGED,1
DE5 [1-11.2],FULL,57,2,1789464231206,1789464231327,121,000AF8E2,0000400C,00004000,0000000C,FFFFFFAF,FFFFFFAF,00057DED,0000D7AD,07136E3C,0795BAF5,000AFBDA,719074,719834,359917,-81,55213,0,0,0,1,0,0,0,1,EPOCH_CHANGED,1
DE5 [1-11.2],FULL,57,3,1789464231328,1789464231449,121,000AFBDA,00004003,00004000,FFFFFFF7,FFFFFF98,FFFFFF98,00057F63,0000D7BB,07136FB2,0795BC69,000AFEC6,719834,720582,360291,-104,55227,0,0,0,1,1,0,0,1,"EPOCH_CHANGED,ARITHMETIC_MISMATCH",1
DE5 [1-11.2],FULL,57,4,1789464231450,1789464231571,121,000AFEC6,00004003,00004000,00000003,FFFFFFEC,FFFFFFEC,000580E3,0000D79A,07137132,0795BDE8,000B01C6,720582,721350,360675,-20,55194,0,0,0,1,0,0,0,1,EPOCH_CHANGED,1
DE5 [1-11.2],FULL,57,5,1789464231573,1789464231694,121,000B04C6,00004007,00004000,00000007,00000043,00000043,00058263,0000D765,071372B2,0795C0E6,000B07C6,722118,722886,361059,67,55141,0,0,0,1,0,0,0,1,EPOCH_CHANGED,1
DE5 [1-11.2],FULL,57,6,1789464231695,1789464231816,121,000B07C6,00003FFB,00004000,FFFFFFFB,FFFFFFFC,FFFFFFFC,000583E3,0000D7B8,071375AF,0795C262,000B0AC0,722886,723648,361443,-4,55224,0,0,0,1,0,0,0,1,EPOCH_CHANGED,1
DE5 [1-11.2],FULL,57,7,1789464231817,1789464231938,121,000B0AC0,00004006,00004000,00000006,FFFFFFBC,FFFFFFBC,000586D7,0000D7BF,07137726,0795C3D8,000B0DAE,723648,724398,362199,-68,55231,0,0,0,1,0,0,0,1,EPOCH_CHANGED,1
DE5 [1-11.2],FULL,57,8,1789464231939,1789464232061,122,000B0DAE,00003FFA,00004000,FFFFFFFC,FFFFFFE5,FFFFFFE5,0005885A,0000D7B2,071378A9,0795C55A,000B10B4,724398,725172,362586,-27,55218,0,0,0,1,1,0,0,1,"EPOCH_CHANGED,ARITHMETIC_MISMATCH",1
DE5 [1-11.2],FULL,59,1,1789464233405,1789464233525,120,000B3A6E,00003FF7,00004000,FFFFFFF7,FFFFFF5A,FFFFFF5A,00059EB7,0000D85E,07138F06,0795DBA6,000B3D6E,735854,736622,368311,-166,55390,0,0,0,1,0,0,0,1,EPOCH_CHANGED,1
DE5 [1-11.2],FULL,59,2,1789464233526,1789464233647,121,000B3D6E,00003FFA,00004000,FFFFFFFA,00000000,00000000,0005A02D,0000D818,0713907C,0795DD1B,000B405A,736622,737370,368685,0,55320,0,0,0,1,0,0,0,1,EPOCH_CHANGED,1
DE5 [1-11.2],FULL,59,3,1789464233648,1789464233768,120,000B405A,00003FFB,00004000,00000005,00000036,00000036,0005A1B1,0000D7F2,07139200,0795DE9E,000B4362,737370,738146,369073,54,55282,0,0,0,1,1,0,0,1,"EPOCH_CHANGED,ARITHMETIC_MISMATCH",1
DE5 [1-11.2],FULL,59,4,1789464233769,1789464233890,121,000B4652,00004001,00004000,00000001,FFFFFFA3,FFFFFFA3,0005A329,0000D847,07139378,0795E194,000B4952,738898,739666,369449,-93,55367,0,0,0,1,0,0,0,1,EPOCH_CHANGED,1
DE5 [1-11.2],FULL,59,5,1789464233891,1789464234012,121,000B4952,00004011,00004000,00000011,FFFFFFD3,FFFFFFD3,0005A4A9,0000D81B,07139679,0795E314,000B4C54,739666,740436,369833,-45,55323,0,0,0,1,0,0,0,1,EPOCH_CHANGED,1
DE5 [1-11.2],FULL,59,6,1789464234013,1789464234134,121,000B4C54,00004000,00004000,00000000,0000000E,FFFFFFE7,0005A7A0,0000D830,071397EF,0795E489,000B4F40,740436,741184,370592,-25,55344,0,0,0,1,0,0,0,1,EPOCH_CHANGED,1
DE5 [1-11.2],FULL,59,7,1789464234135,1789464234256,121,000B4F40,00004001,00004000,0000000D,00000003,00000003,0005A920,0000D826,0713996F,0795E608,000B5240,741184,741952,370976,3,55334,0,0,0,1,1,0,0,1,"EPOCH_CHANGED,ARITHMETIC_MISMATCH",1
DE5 [1-11.2],FULL,59,8,1789464234257,1789464234377,120,000B5240,00004006,00004000,00000006,0000001E,0000001E,0005AA9B,0000D814,07139AEA,0795E782,000B5836,741952,743478,371355,30,55316,0,0,0,1,0,0,0,1,EPOCH_CHANGED,1
DE5 [1-11.2],FULL,61,1,1789464235753,1789464235873,120,000B7EF8,00003FFF,00004000,FFFFFFFF,FFFFFF6B,FFFFFF6B,0005C0F6,0000D8D8,0713B145,0795FDCD,000B84EE,753400,754926,377078,-149,55512,0,0,0,1,0,0,0,1,EPOCH_CHANGED,1
DE5 [1-11.2],FULL,61,2,1789464235875,1789464235995,120,000B84EE,00003FFF,00004000,FFFFFFFF,FFFFFFB9,FFFFFFB9,0005C277,0000D8C5,0713B2C6,079600CB,000B87EE,754926,755694,377463,-71,55493,0,0,0,1,0,0,0,1,EPOCH_CHANGED,1
DE5 [1-11.2],FULL,61,3,1789464235996,1789464236119,123,000B87EE,00004006,00004000,00000006,FFFFFFF9,FFFFFFF9,0005C56E,0000D882,0713B5BD,07960241,000B8ADC,755694,756444,378222,-7,55426,0,0,0,1,0,0,0,1,EPOCH_CHANGED,1
DE5 [1-11.2],FULL,61,4,1789464236120,1789464236242,122,000B8ADC,00004001,00004000,00000001,0000009A,0000009A,0005C6EE,0000D83C,0713B73D,079603C0,000B8DDC,756444,757212,378606,154,55356,0,0,0,1,0,0,0,1,EPOCH_CHANGED,1
DE5 [1-11.2],FULL,61,5,1789464236243,1789464236365,122,000B8DDC,00004006,00004000,FFFFFFF0,0000007B,0000007B,0005C86E,0000D82E,0713B8BD,0796053F,000B90DC,757212,757980,378990,123,55342,0,0,0,1,1,0,0,1,"EPOCH_CHANGED,ARITHMETIC_MISMATCH",1
DE5 [1-11.2],FULL,61,6,1789464236367,1789464236488,121,000B93CC,00003FEF,00004000,FFFFFFEF,FFFFFFFB,FFFFFFFB,0005C9E6,0000D868,0713BA35,07960835,000B96CC,758732,759500,379366,-5,55400,0,0,0,1,0,0,0,1,EPOCH_CHANGED,1
DE5 [1-11.2],FULL,61,7,1789464236490,1789464236612,122,000B96CC,00004001,00004000,00000001,FFFFFFE4,FFFFFFE4,0005CB66,0000D84E,0713BD36,079609B5,000B99CE,759500,760270,379750,-28,55374,0,0,0,1,0,0,0,1,EPOCH_CHANGED,1
DE5 [1-11.2],FULL,61,8,1789464236613,1789464236735,122,000B99CE,00003FFF,00004000,FFFFFFFF,0000002D,0000007D,0005CE5D,0000D811,0713BEAC,07960B2A,000B9CBA,760270,761018,380509,125,55313,0,0,0,1,0,0,0,1,EPOCH_CHANGED,1
DE5 [1-11.2],FULL,63,1,1789464238071,1789464238192,121,000BC676,00004006,00004000,00000006,00000014,00000014,0005E33B,0000D8F1,0713D38A,07962177,000BC976,771702,772470,385851,20,55537,0,0,0,1,0,0,0,1,EPOCH_CHANGED,1
DE5 [1-11.2],FULL,63,2,1789464238194,1789464238316,122,000BC976,0000400E,00004000,0000000E,00000091,00000091,0005E4BB,0000D89D,0713D68A,079622F6,000BCC76,772470,773238,386235,145,55453,0,0,0,1,0,0,0,1,EPOCH_CHANGED,1
DE5 [1-11.2],FULL,63,3,1789464238317,1789464238439,122,000BCC76,00003FFE,00004000,FFFFFFFE,00000051,00000051,0005E7B2,0000D898,0713D801,0796246C,000BCF64,773238,773988,386994,81,55448,0,0,0,1,0,0,0,1,EPOCH_CHANGED,1
DE5 [1-11.2],FULL,63,4,1789464238440,1789464238562,122,000BCF64,00003FFB,00004000,00000012,00000064,00000064,0005E932,0000D880,0713D981,079625EA,000BD264,773988,774756,387378,100,55424,0,0,0,1,1,0,0,1,"EPOCH_CHANGED,ARITHMETIC_MISMATCH",1
DE5 [1-11.2],FULL,63,5,1789464238563,1789464238685,122,000BD566,00003FEC,00004000,FFFFFFEC,FFFFFFF4,FFFFFFF4,0005EAB3,0000D8B2,0713DB02,079628DF,000BD852,775526,776274,387763,-12,55474,0,0,0,1,0,0,0,1,EPOCH_CHANGED,1
DE5 [1-11.2],FULL,63,6,1789464238686,1789464238808,122,000BD852,0000400B,00004000,0000000B,FFFFFFD8,FFFFFFD8,0005EC29,0000D872,0713DDFD,07962A63,000BDB5C,776274,777052,388137,-40,55410,0,0,0,1,0,0,0,1,EPOCH_CHANGED,1
DE5 [1-11.2],FULL,63,7,1789464238809,1789464238931,122,000BDB5C,00003FFB,00004000,FFFFFFFB,0000006B,0000009C,0005EF27,0000D83E,0713DF76,07962BDB,000BDE4E,777052,777806,388903,156,55358,0,0,0,1,0,0,0,1,EPOCH_CHANGED,1
DE5 [1-11.2],FULL,63,8,1789464238932,1789464239055,123,000BDE4E,00003FFD,00004000,FFFFFFF6,000000D3,000000D3,0005F0AA,0000D7FB,0713E0F9,07962D5D,000BE154,777806,778580,389290,211,55291,0,0,0,1,1,0,0,1,"EPOCH_CHANGED,ARITHMETIC_MISMATCH",1
DE5 [1-11.2],FULL,65,1,1789464240366,1789464240485,119,000C0B0C,00003FFA,00004000,FFFFFFFA,FFFFFFE7,FFFFFFE7,00060586,0000D933,0713F5D5,079643A1,000C0DFE,789260,790014,394630,-25,55603,0,0,0,1,0,0,0,1,EPOCH_CHANGED,1
DE5 [1-11.2],FULL,65,2,1789464240487,1789464240607,120,000C0DFE,00003FF7,00004000,FFFFFFF7,FFFFFFA1,FFFFFFA1,000606FF,0000D969,0713F8D0,07964522,000C1102,790014,790786,395007,-95,55657,0,0,0,1,0,0,0,1,EPOCH_CHANGED,1
DE5 [1-11.2],FULL,65,3,1789464240608,1789464240728,120,000C1102,00003FEC,00004000,FFFFFFEC,FFFFFFB2,FFFFFFC0,000609F7,0000D96B,0713FA46,07964697,000C13EE,790786,791534,395767,-64,55659,0,0,0,1,0,0,0,1,EPOCH_CHANGED,1
DE5 [1-11.2],FULL,65,4,1789464240729,1789464240849,120,000C13EE,0000400A,00004000,00000013,00000046,00000046,00060B7B,0000D925,0713FBCA,0796481A,000C16F6,791534,792310,396155,70,55589,0,0,0,1,1,0,0,1,"EPOCH_CHANGED,ARITHMETIC_MISMATCH",1
DE5 [1-11.2],FULL,65,5,1789464240850,1789464240970,120,000C16F6,00003FEC,00004000,FFFFFFEC,000000A0,000000A0,00060CF1,0000D8DD,0713FD40,0796498F,000C19E2,792310,793058,396529,160,55517,0,0,0,1,0,0,0,1,EPOCH_CHANGED,1
DE5 [1-11.2],FULL,65,6,1789464240971,1789464241092,121,000C1CE2,00003FFE,00004000,FFFFFFFE,000000C6,000000C6,00060E71,0000D8A4,0713FEC0,07964C8E,000C1FE4,793826,794596,396913,198,55460,0,0,0,1,0,0,0,1,EPOCH_CHANGED,1
DE5 [1-11.2],FULL,65,7,1789464241093,1789464241213,120,000C1FE4,00004003,00004000,00000003,00000086,00000086,00060FF2,0000D8E9,071401BB,07964E06,000C22D8,794596,795352,397298,134,55529,0,0,0,1,0,0,0,1,EPOCH_CHANGED,1
DE5 [1-11.2],FULL,65,8,1789464241214,1789464241334,120,000C22D8,00004006,00004000,00000006,FFFFFFF7,FFFFFFA7,000612ED,0000D923,0714033C,07964F86,000C25DA,795352,796122,398061,-89,55587,0,0,0,1,0,0,0,1,EPOCH_CHANGED,1
DE5 [1-11.2],FULL,67,1,1789464242654,1789464242774,120,000C4C90,00003FFD,00004000,FFFFFFFD,00000115,00000115,000627C8,0000D848,07141817,07966452,000C5284,806032,807556,403400,277,55368,0,0,0,1,0,0,0,1,EPOCH_CHANGED,1
DE5 [1-11.2],FULL,67,2,1789464242775,1789464242896,121,000C5284,00003FFD,00004000,FFFFFFFD,00000156,00000156,00062942,0000D7EB,07141B11,0796674A,000C5584,807556,808324,403778,342,55275,0,0,0,1,0,0,0,1,EPOCH_CHANGED,1
DE5 [1-11.2],FULL,67,3,1789464242897,1789464243019,122,000C5584,00004007,00004000,00000007,00000128,00000128,00062C44,0000D7D2,07141C93,079668CB,000C5888,808324,809096,404548,296,55250,0,0,0,1,0,0,0,1,EPOCH_CHANGED,1
DE5 [1-11.2],FULL,67,4,1789464243020,1789464243140,120,000C5888,00003FF4,00004000,FFFFFFF4,0000007E,0000007E,00062DBB,0000D7D8,07141E0A,07966A41,000C5B76,809096,809846,404923,126,55256,0,0,0,1,0,0,0,1,EPOCH_CHANGED,1
DE5 [1-11.2],FULL,67,5,1789464243141,1789464243262,121,000C5B76,00004003,00004000,00000000,0000004E,0000004E,00062F3B,0000D7E0,07141F8A,07966BC0,000C5E76,809846,810614,405307,78,55264,0,0,0,1,1,0,0,1,"EPOCH_CHANGED,ARITHMETIC_MISMATCH",1
DE5 [1-11.2],FULL,67,6,1789464243263,1789464243384,121,000C6176,00003FFF,00004000,FFFFFFFF,00000019,00000019,000630BB,0000D7F3,0714210A,07966EB5,000C6464,811382,812132,405691,25,55283,0,0,0,1,0,0,0,1,EPOCH_CHANGED,1
DE5 [1-11.2],FULL,67,7,1789464243385,1789464243505,120,000C6464,00003FFE,00004000,FFFFFFFE,FFFFFFC0,FFFFFFC0,00063232,0000D8A5,07142402,07967035,000C6766,812132,812902,406066,-64,55461,0,0,0,1,0,0,0,1,EPOCH_CHANGED,1
DE5 [1-11.2],FULL,67,8,1789464243506,1789464243627,121,000C6766,00003FFE,00004000,FFFFFFFE,FFFFFF0E,FFFFFF0E,00063533,0000D8AE,07142582,079671B4,000C6A66,812902,813670,406835,-242,55470,0,0,0,1,0,0,0,1,EPOCH_CHANGED,1
DE5 [1-11.2],FULL,69,1,1789464245163,1789464245285,122,000C9A14,00003FF4,00004000,FFFFFFF4,FFFFFFEF,FFFFFFEF,00064D0A,0000D8C8,07143D59,07968AF9,000C9D14,825876,826644,412938,-17,55496,0,0,0,1,0,0,0,1,EPOCH_CHANGED,1
DE5 [1-11.2],FULL,69,2,1789464245286,1789464245407,121,000C9D14,00003FF9,00004000,FFFFFFF9,FFFFFFB8,FFFFFFB8,00064E8A,0000D8DC,0714404F,07968C6E,000CA000,826644,827392,413322,-72,55516,0,0,0,1,0,0,0,1,EPOCH_CHANGED,1
DE5 [1-11.2],FULL,69,3,1789464245408,1789464245529,121,000CA000,00003FFC,00004000,FFFFFFFC,FFFFFFE7,FFFFFF7D,00065181,0000D921,071441D0,07968DED,000CA302,827392,828162,414081,-131,55585,0,0,0,1,0,0,0,1,EPOCH_CHANGED,1
DE5 [1-11.2],FULL,69,4,1789464245530,1789464245651,121,000CA302,00004000,00004000,FFFFFFFE,FFFFFF62,FFFFFF62,00065301,0000D94F,07144350,07968F6C,000CA602,828162,828930,414465,-158,55631,0,0,0,1,1,0,0,1,"EPOCH_CHANGED,ARITHMETIC_MISMATCH",1
DE5 [1-11.2],FULL,69,5,1789464245652,1789464245773,121,000CA602,00004003,00004000,00000003,00000000,00000000,00065477,0000D907,071444C6,079690E1,000CABF6,828930,830454,414839,0,55559,0,0,0,1,0,0,0,1,EPOCH_CHANGED,1
DE5 [1-11.2],FULL,69,6,1789464245775,1789464245895,120,000CABF6,00004004,00004000,00000004,00000088,00000088,000655FB,0000D8AE,071447C1,079693DA,000CAEE4,830454,831204,415227,136,55470,0,0,0,1,0,0,0,1,EPOCH_CHANGED,1
DE5 [1-11.2],FULL,69,7,1789464245897,1789464246018,121,000CAEE4,00004005,00004000,00000005,0000007B,0000007B,000658F2,0000D89F,07144941,07969559,000CB1E4,831204,831972,415986,123,55455,0,0,0,1,0,0,0,1,EPOCH_CHANGED,1
DE5 [1-11.2],FULL,69,8,1789464246020,1789464246140,120,000CB1E4,00004004,00004000,00000004,FFFFFFDE,FFFFFFDE,00065A72,0000D8D9,07144AC1,079696D8,000CB4E4,831972,832740,416370,-34,55513,0,0,0,1,0,0,0,1,EPOCH_CHANGED,1
DE5 [1-11.2],FULL,71,1,1789464247464,1789464247585,121,000CDEA0,00003FFD,00004000,FFFFFFFD,FFFFFFCC,FFFFFFCC,00066F50,0000D8F7,07145F9F,0796AD1B,000CE18C,843424,844172,421712,-52,55543,0,0,0,1,0,0,0,1,EPOCH_CHANGED,1
DE5 [1-11.2],FULL,71,2,1789464247587,1789464247708,121,000CE18C,00003FFB,00004000,FFFFFFFB,FFFFFFD4,FFFFFFD4,000670C6,0000D924,07146295,0796AE9A,000CE48C,844172,844940,422086,-44,55588,0,0,0,1,0,0,0,1,EPOCH_CHANGED,1
DE5 [1-11.2],FULL,71,3,1789464247710,1789464247832,122,000CE48C,0000400E,00004000,0000000E,FFFFFFA3,FFFFFFDB,000673C8,0000D913,07146417,0796B01B,000CE790,844940,845712,422856,-37,55571,0,0,0,1,0,0,0,1,EPOCH_CHANGED,1
DE5 [1-11.2],FULL,71,4,1789464247833,1789464247955,122,000CE790,00004009,00004000,0000000B,0000002F,0000002F,0006753E,0000D8E2,0714658D,0796B190,000CEA7C,845712,846460,423230,47,55522,0,0,0,1,1,0,0,1,"EPOCH_CHANGED,ARITHMETIC_MISMATCH",1
DE5 [1-11.2],FULL,71,5,1789464247956,1789464248079,123,000CEA7C,00004005,00004000,00000005,FFFFFFAA,FFFFFFAA,000676C1,0000D92E,07146710,0796B312,000CF082,846460,848002,423617,-86,55598,0,0,0,1,0,0,0,1,EPOCH_CHANGED,1
DE5 [1-11.2],FULL,71,6,1789464248080,1789464248202,122,000CF082,00003FFD,00004000,FFFFFFFD,FFFFFFDC,FFFFFFDC,00067841,0000D91C,07146A09,0796B609,000CF374,848002,848756,424001,-36,55580,0,0,0,1,0,0,0,1,EPOCH_CHANGED,1
DE5 [1-11.2],FULL,71,7,1789464248203,1789464248326,123,000CF374,00004001,00004000,00000001,FFFFFFC6,FFFFFFC6,00067B3A,0000D938,07146B89,0796B788,000CF674,848756,849524,424762,-58,55608,0,0,0,1,0,0,0,1,EPOCH_CHANGED,1
DE5 [1-11.2],FULL,71,8,1789464248327,1789464248450,123,000CF674,00003FEC,00004000,FFFFFFEC,FFFFFFDD,FFFFFFDD,00067CBA,0000D935,07146D09,0796B906,000CF974,849524,850292,425146,-35,55605,0,0,0,1,0,0,0,1,EPOCH_CHANGED,1
DE5 [1-11.2],FULL,73,1,1789464249766,1789464249888,122,000D232A,00003FFE,00004000,FFFFFFFE,00000139,00000139,00069195,0000D8A6,071481E4,0796CF46,000D2616,860970,861718,430485,313,55462,0,0,0,1,0,0,0,1,EPOCH_CHANGED,1
DE5 [1-11.2],FULL,73,2,1789464249889,1789464250018,129,000D2616,00003FFF,00004000,FFFFFFFF,000000C2,000000C2,0006930B,0000D8F3,071484DB,0796D0C6,000D2918,861718,862488,430859,194,55539,0,0,0,1,0,0,0,1,EPOCH_CHANGED,1
DE5 [1-11.2],FULL,73,3,1789464250019,1789464250147,128,000D2918,00004011,00004000,00000011,FFFFFFCB,FFFFFFCB,00069606,0000D930,07148655,0796D23F,000D2C0C,862488,863244,431622,-53,55600,0,0,0,1,0,0,0,1,EPOCH_CHANGED,1
DE5 [1-11.2],FULL,73,4,1789464250148,1789464250268,120,000D2C0C,00003FFF,00004000,00000002,FFFFFF98,FFFFFF98,00069786,0000D95E,071487D5,0796D3BE,000D2F0C,863244,864012,432006,-104,55646,0,0,0,1,1,0,0,1,"EPOCH_CHANGED,ARITHMETIC_MISMATCH",1
DE5 [1-11.2],FULL,73,5,1789464250269,1789464250389,120,000D320C,00003FFD,00004000,FFFFFFFD,FFFFFF73,FFFFFF73,00069906,0000D987,07148955,0796D6BB,000D350C,864780,865548,432390,-141,55687,0,0,0,1,0,0,0,1,EPOCH_CHANGED,1
DE5 [1-11.2],FULL,73,6,1789464250390,1789464250510,120,000D350C,00003FF8,00004000,FFFFFFF8,FFFFFECD,FFFFFECD,00069A86,0000DA25,07148C4B,0796D830,000D37F8,865548,866296,432774,-307,55845,0,0,0,1,0,0,0,1,EPOCH_CHANGED,1
DE5 [1-11.2],FULL,73,7,1789464250511,1789464250631,120,000D37F8,00004015,00004000,00000015,FFFFFF04,FFFFFF5B,00069D7E,0000DA1F,07148DCD,0796D9B1,000D3AFC,866296,867068,433534,-165,55839,0,0,0,1,0,0,0,1,EPOCH_CHANGED,1
DE5 [1-11.2],FULL,73,8,1789464250632,1789464250752,120,000D3AFC,00003FFC,00004000,00000000,FFFFFFF2,FFFFFFF2,00069EFD,0000D9DD,07148F4C,0796DB2F,000D3DFA,867068,867834,433917,-14,55773,0,0,0,1,1,0,0,1,"EPOCH_CHANGED,ARITHMETIC_MISMATCH",1
DE5 [1-11.2],FULL,75,1,1789464252073,1789464252194,121,000D67AE,00003FEB,00004000,FFFFFFEB,0000008D,0000008D,0006B3D7,0000D947,0714A426,0796F17B,000D6AB2,878510,879282,439255,141,55623,0,0,0,1,0,0,0,1,EPOCH_CHANGED,1
DE5 [1-11.2],FULL,75,2,1789464252195,1789464252316,121,000D6AB2,00003FFA,00004000,FFFFFFFA,0000008C,0000008C,0006B6D0,0000D948,0714A71F,0796F2F1,000D6DA0,879282,880032,440016,140,55624,0,0,0,1,0,0,0,1,EPOCH_CHANGED,1
DE5 [1-11.2],FULL,75,3,1789464252317,1789464252438,121,000D6DA0,00003FFF,00004000,FFFFFFFF,00000004,00000004,0006B851,0000D95B,0714A8A0,0796F471,000D70A2,880032,880802,440401,4,55643,0,0,0,1,0,0,0,1,EPOCH_CHANGED,1
DE5 [1-11.2],FULL,75,4,1789464252440,1789464252560,120,000D70A2,00004000,00004000,FFFFFFFD,FFFFFFE5,FFFFFFE5,0006B9D1,0000D96E,0714AA20,0796F5F0,000D73A2,880802,881570,440785,-27,55662,0,0,0,1,1,0,0,1,"EPOCH_CHANGED,ARITHMETIC_MISMATCH",1
DE5 [1-11.2],FULL,75,5,1789464252562,1789464252683,121,000D7690,00003FF3,00004000,FFFFFFF3,FFFFFFEE,FFFFFFEE,0006BB48,0000D970,0714AB97,0796F766,000D7990,882320,883088,441160,-18,55664,0,0,0,1,0,0,0,1,EPOCH_CHANGED,1
DE5 [1-11.2],FULL,75,6,1789464252684,1789464252805,121,000D7990,00003FFF,00004000,FFFFFFFF,FFFFFFFB,FFFFFFFB,0006BCC8,0000D992,0714AE92,0796FA5E,000D7C86,883088,883846,441544,-5,55698,0,0,0,1,0,0,0,1,EPOCH_CHANGED,1
DE5 [1-11.2],FULL,75,7,1789464252806,1789464252927,121,000D7C86,00004003,00004000,00000003,FFFFFFBE,FFFFFFBE,0006BFC4,0000D9CA,0714B013,0796FBDE,000D7F88,883846,884616,442308,-66,55754,0,0,0,1,0,0,0,1,EPOCH_CHANGED,1
DE5 [1-11.2],FULL,75,8,1789464252928,1789464253050,122,000D7F88,00004009,00004000,FFFFFFF1,FFFFFF72,FFFFFF72,0006C13E,0000D9EA,0714B18D,0796FD57,000D827C,884616,885372,442686,-142,55786,0,0,0,1,1,0,0,1,"EPOCH_CHANGED,ARITHMETIC_MISMATCH",1
DE5 [1-11.2],FULL,77,1,1789464254375,1789464254496,121,000DAC3A,00004003,00004000,00000003,00000039,00000039,0006D61D,0000D95D,0714C7EC,079713A6,000DAF3A,896058,896826,448029,57,55645,0,0,0,1,0,0,0,1,EPOCH_CHANGED,1
DE5 [1-11.2],FULL,77,2,1789464254497,1789464254618,121,000DAF3A,00004017,00004000,00000017,0000006D,0000006D,0006D915,0000D93A,0714C964,0797151D,000DB22A,896826,897578,448789,109,55610,0,0,0,1,0,0,0,1,EPOCH_CHANGED,1
DE5 [1-11.2],FULL,77,3,1789464254619,1789464254740,121,000DB22A,0000400C,00004000,0000000C,0000000B,0000000B,0006DA94,0000D94D,0714CAE3,0797169A,000DB528,897578,898344,449172,11,55629,0,0,0,1,0,0,0,1,EPOCH_CHANGED,1
DE5 [1-11.2],FULL,77,4,1789464254741,1789464254862,121,000DB528,00003FF6,00004000,00000016,FFFFFF6D,FFFFFF6D,0006DC16,0000D9B3,0714CC65,0797181B,000DB82C,898344,899116,449558,-147,55731,0,0,0,1,1,0,0,1,"EPOCH_CHANGED,ARITHMETIC_MISMATCH",1
DE5 [1-11.2],FULL,77,5,1789464254863,1789464254984,121,000DBB18,00004007,00004000,00000007,FFFFFF4F,FFFFFF4F,0006DD8C,0000D9E7,0714CDDB,07971B10,000DBE1A,899864,900634,449932,-177,55783,0,0,0,1,0,0,0,1,EPOCH_CHANGED,1
DE5 [1-11.2],FULL,77,6,1789464254986,1789464255107,121,000DBE1A,00004000,00004000,00000000,FFFFFF80,FFFFFF80,0006DF0D,0000D9A7,0714D0DC,07971C8F,000DC11A,900634,901402,450317,-128,55719,0,0,0,1,0,0,0,1,EPOCH_CHANGED,1
DE5 [1-11.2],FULL,77,7,1789464255108,1789464255229,121,000DC11A,00003FFA,00004000,FFFFFFFA,00000007,0000000E,0006E205,0000D99F,0714D254,07971E06,000DC40A,901402,902154,451077,14,55711,0,0,0,1,0,0,0,1,EPOCH_CHANGED,1
DE5 [1-11.2],FULL,77,8,1789464255230,1789464255351,121,000DC40A,00003FFE,00004000,FFFFFFFA,00000011,00000011,0006E386,0000D99B,0714D3D5,07971F86,000DC70C,902154,902924,451462,17,55707,0,0,0,1,1,0,0,1,"EPOCH_CHANGED,ARITHMETIC_MISMATCH",1
DE5 [1-11.2],FULL,79,1,1789464256670,1789464256791,121,000DF0BC,00003FF2,00004000,FFFFFFF2,FFFFFF7F,FFFFFF7F,0006F85E,0000D9B5,0714E8AD,079735D1,000DF3C6,913596,914374,456798,-129,55733,0,0,0,1,0,0,0,1,EPOCH_CHANGED,1
DE5 [1-11.2],FULL,79,2,1789464256792,1789464256913,121,000DF3C6,00004001,00004000,00000001,FFFFFF64,FFFFFF64,0006F9E3,0000D9F1,0714EBA8,07973746,000DF6B2,914374,915122,457187,-156,55793,0,0,0,1,0,0,0,1,EPOCH_CHANGED,1
DE5 [1-11.2],FULL,79,3,1789464256914,1789464257035,121,000DF6B2,00003FF2,00004000,FFFFFFF2,FFFFFF70,FFFFFFB9,0006FCDA,0000D9DA,0714ED29,079738C6,000DF9B4,915122,915892,457946,-71,55770,0,0,0,1,0,0,0,1,EPOCH_CHANGED,1
DE5 [1-11.2],FULL,79,4,1789464257037,1789464257158,121,000DF9B4,00003FF3,00004000,00000009,FFFFFFF6,FFFFFFF6,0006FE5D,0000D9BD,0714EEAC,07973A48,000DFCBA,915892,916666,458333,-10,55741,0,0,0,1,1,0,0,1,"EPOCH_CHANGED,ARITHMETIC_MISMATCH",1
DE5 [1-11.2],FULL,79,5,1789464257159,1789464257280,121,000DFCBA,00004000,00004000,00000000,00000023,00000023,0006FFD5,0000D9A2,0714F024,07973BBF,000E02AA,916666,918186,458709,35,55714,0,0,0,1,0,0,0,1,EPOCH_CHANGED,1
DE5 [1-11.2],FULL,79,6,1789464257281,1789464257402,121,000E02AA,00004001,00004000,00000001,00000012,00000012,00070155,0000D9A6,0714F324,07973EBD,000E05AA,918186,918954,459093,18,55718,0,0,0,1,0,0,0,1,EPOCH_CHANGED,1
DE5 [1-11.2],FULL,79,7,1789464257403,1789464257524,121,000E05AA,0000400B,00004000,0000000B,0000002C,0000002C,0007044C,0000D9A2,0714F49B,07974033,000E0898,918954,919704,459852,44,55714,0,0,0,1,0,0,0,1,EPOCH_CHANGED,1
DE5 [1-11.2],FULL,79,8,1789464257526,1789464257647,121,000E0898,00003FFB,00004000,FFFFFFFB,FFFFFFE9,FFFFFFE9,000705CF,0000D9B3,0714F61E,079741B5,000E0B9E,919704,920478,460239,-23,55731,0,0,0,1,0,0,0,1,EPOCH_CHANGED,1
DE5 [1-11.2],FULL,81,1,1789464259185,1789464259306,121,000E3B40,00003FF9,00004000,FFFFFFF9,FFFFFF7C,FFFFFF7C,00071DA0,0000DAB1,07150F6F,07975AF4,000E3E40,932672,933440,466336,-132,55985,0,0,0,1,0,0,0,1,EPOCH_CHANGED,1
DE5 [1-11.2],FULL,81,2,1789464259308,1789464259428,120,000E3E40,00003FFC,00004000,FFFFFFFC,FFFFFFD5,000000A7,000720A0,0000DA32,071510EF,07975C72,000E4140,933440,934208,467104,167,55858,0,0,0,1,0,0,0,1,EPOCH_CHANGED,1
DE5 [1-11.2],FULL,81,3,1789464259430,1789464259550,120,000E4140,00003FFE,00004000,FFFFFFF8,000000AC,000000AC,00072217,0000DA0F,07151266,07975DE8,000E442E,934208,934958,467479,172,55823,0,0,0,1,1,0,0,1,"EPOCH_CHANGED,ARITHMETIC_MISMATCH",1
DE5 [1-11.2],FULL,81,4,1789464259552,1789464259673,121,000E442E,00004002,00004000,00000002,00000079,00000079,00072397,0000DA0E,071513E6,07975F67,000E4A2E,934958,936494,467863,121,55822,0,0,0,1,0,0,0,1,EPOCH_CHANGED,1
DE5 [1-11.2],FULL,81,5,1789464259674,1789464259795,121,000E4A2E,00003FFD,00004000,FFFFFFFD,FFFFFFE0,FFFFFFE0,00072517,0000DA5A,071516E1,07976260,000E4D24,936494,937252,468247,-32,55898,0,0,0,1,0,0,0,1,EPOCH_CHANGED,1
DE5 [1-11.2],FULL,81,6,1789464259796,1789464259917,121,000E4D24,00003FF1,00004000,FFFFFFF1,FFFFFF8B,FFFFFF8B,00072812,0000DA9F,07151861,079763DF,000E5024,937252,938020,469010,-117,55967,0,0,0,1,0,0,0,1,EPOCH_CHANGED,1
DE5 [1-11.2],FULL,81,7,1789464259918,1789464260040,122,000E5024,00004003,00004000,00000003,FFFFFFA1,FFFFFFBB,00072992,0000DAA2,071519E1,0797655E,000E5324,938020,938788,469394,-69,55970,0,0,0,1,0,0,0,1,EPOCH_CHANGED,1
DE5 [1-11.2],FULL,81,8,1789464260041,1789464260162,121,000E5324,00004000,00004000,00000001,00000003,00000003,00072B09,0000DA82,07151B58,079766D4,000E5612,938788,939538,469769,3,55938,0,0,0,1,1,0,0,1,"EPOCH_CHANGED,ARITHMETIC_MISMATCH",1
DE5 [1-11.2],FULL,83,1,1789464261505,1789464261627,122,000E7FC8,00004004,00004000,00000004,00000035,00000008,00074164,0000DA94,071531B3,07977D1E,000E82C8,950216,950984,475492,8,55956,0,0,0,1,0,0,0,1,EPOCH_CHANGED,1
DE5 [1-11.2],FULL,83,2,1789464261629,1789464261751,122,000E82C8,00003FF5,00004000,FFFFFFFA,FFFFFFD9,FFFFFFD9,000742E0,0000DAB0,0715332F,07977E99,000E85C0,950984,951744,475872,-39,55984,0,0,0,1,1,0,0,1,"EPOCH_CHANGED,ARITHMETIC_MISMATCH",1
DE5 [1-11.2],FULL,83,3,1789464261752,1789464261874,122,000E85C0,00003FFB,00004000,FFFFFFFB,FFFFFF6D,FFFFFF6D,00074463,0000DAF9,071534B2,0797801B,000E8BB4,951744,953268,476259,-147,56057,0,0,0,1,0,0,0,1,EPOCH_CHANGED,1
DE5 [1-11.2],FULL,83,4,1789464261875,1789464261997,122,000E8BB4,00004001,00004000,00000001,FFFFFF6C,FFFFFF6C,000745DA,0000DB1B,071537AC,07978313,000E8EBA,953268,954042,476634,-148,56091,0,0,0,1,0,0,0,1,EPOCH_CHANGED,1
DE5 [1-11.2],FULL,83,5,1789464261998,1789464262121,123,000E8EBA,0000400B,00004000,0000000B,00000028,00000028,000748DD,0000DAA3,0715392C,07978492,000E91BA,954042,954810,477405,40,55971,0,0,0,1,0,0,0,1,EPOCH_CHANGED,1
DE5 [1-11.2],FULL,83,6,1789464262123,1789464262244,121,000E91BA,00004000,00004000,00000000,FFFFFFCF,FFFFFFCF,00074A53,0000DAE3,07153AA2,07978607,000E94A6,954810,955558,477779,-49,56035,0,0,0,1,0,0,0,1,EPOCH_CHANGED,1
DE5 [1-11.2],FULL,83,7,1789464262246,1789464262367,121,000E94A6,00004013,00004000,00000009,FFFFFFF0,FFFFFFF0,00074BD3,0000DADA,07153C22,07978786,000E97A6,955558,956326,478163,-16,56026,0,0,0,1,1,0,0,1,"EPOCH_CHANGED,ARITHMETIC_MISMATCH",1
DE5 [1-11.2],FULL,83,8,1789464262369,1789464262490,121,000E9A98,00003FFE,00004000,FFFFFFFE,00000072,00000072,00074D4C,0000DA88,07153D9B,07978A7C,000E9D98,957080,957848,478540,114,55944,0,0,0,1,0,0,0,1,EPOCH_CHANGED,1
DE5 [1-11.2],FULL,85,1,1789464263867,1789464263989,122,000EC754,00004002,00004000,00000002,FFFFFF96,FFFFFF96,000763AA,0000DAA6,071553F9,0797A0CA,000ECA54,968532,969300,484266,-106,55974,0,0,0,1,0,0,0,1,EPOCH_CHANGED,1
DE5 [1-11.2],FULL,85,2,1789464263991,1789464264114,123,000ECA54,0000400F,00004000,0000000F,FFFFFFE3,FFFFFFE3,0007652A,0000DA74,071556F3,0797A243,000ECD48,969300,970056,484650,-29,55924,0,0,0,1,0,0,0,1,EPOCH_CHANGED,1
DE5 [1-11.2],FULL,85,3,1789464264115,1789464264237,122,000ECD48,00004002,00004000,00000002,0000000C,FFFFFFA6,00076824,0000DAB2,07155873,0797A3C2,000ED048,970056,970824,485412,-90,55986,0,0,0,1,0,0,0,1,EPOCH_CHANGED,1
DE5 [1-11.2],FULL,85,4,1789464264238,1789464264360,122,000ED048,00004002,00004000,00000008,FFFFFF39,FFFFFF39,000769A4,0000DB0C,071559F3,0797A541,000ED348,970824,971592,485796,-199,56076,0,0,0,1,1,0,0,1,"EPOCH_CHANGED,ARITHMETIC_MISMATCH",1
DE5 [1-11.2],FULL,85,5,1789464264361,1789464264483,122,000ED636,0000400A,00004000,0000000A,FFFFFF5B,FFFFFF5B,00076B1B,0000DB1F,07155B6A,0797A6B6,000ED936,972342,973110,486171,-165,56095,0,0,0,1,0,0,0,1,EPOCH_CHANGED,1
DE5 [1-11.2],FULL,85,6,1789464264484,1789464264606,122,000ED936,00004000,00004000,00000000,FFFFFFE5,FFFFFFE5,00076C9B,0000DAE4,07155E6B,0797A9B5,000EDC38,973110,973880,486555,-27,56036,0,0,0,1,0,0,0,1,EPOCH_CHANGED,1
DE5 [1-11.2],FULL,85,7,1789464264607,1789464264728,121,000EDC38,00004017,00004000,00000017,FFFFFFFB,FFFFFFB2,00076F93,0000DB07,07155FE2,0797AB2B,000EDF26,973880,974630,487315,-78,56071,0,0,0,1,0,0,0,1,EPOCH_CHANGED,1
DE5 [1-11.2],FULL,85,8,1789464264730,1789464264851,121,000EDF26,00003FF4,00004000,FFFFFFF4,FFFFFFE8,FFFFFFE8,00077116,0000DAF7,07156165,0797ACAD,000EE22C,974630,975404,487702,-24,56055,0,0,0,1,0,0,0,1,EPOCH_CHANGED,1
DE5 [1-11.2],FULL,87,1,1789464266175,1789464266297,122,000F0BE6,00003FE5,00004000,FFFFFFE5,00000010,00000010,000785F3,0000D9C3,071577B9,0797C2F0,000F0ED4,986086,986836,493043,16,55747,0,0,0,1,0,0,0,1,EPOCH_CHANGED,1
DE5 [1-11.2],FULL,87,2,1789464266298,1789464266420,122,000F0ED4,00004008,00004000,00000008,FFFFFFA5,FFFFFFA5,000788EA,0000DA2A,07157939,0797C46F,000F11D4,986836,987604,493802,-91,55850,0,0,0,1,0,0,0,1,EPOCH_CHANGED,1
DE5 [1-11.2],FULL,87,3,1789464266421,1789464266543,122,000F11D4,00003FF9,00004000,FFFFFFF9,FFFFFFB0,FFFFFFB0,00078A6C,0000DA26,07157ABB,0797C5F0,000F14D8,987604,988376,494188,-80,55846,0,0,0,1,0,0,0,1,EPOCH_CHANGED,1
DE5 [1-11.2],FULL,87,4,1789464266544,1789464266666,122,000F14D8,00004013,00004000,FFFFFFF5,FFFFFFC0,FFFFFFC0,00078BE5,0000DA2E,07157C34,0797C768,000F17CA,988376,989130,494565,-64,55854,0,0,0,1,1,0,0,1,"EPOCH_CHANGED,ARITHMETIC_MISMATCH",1
DE5 [1-11.2],FULL,87,5,1789464266667,1789464266789,122,000F1ACA,00004002,00004000,00000002,00000023,00000023,00078D65,0000D9F8,07157DB4,0797CA5E,000F1DBC,989898,990652,494949,35,55800,0,0,0,1,0,0,0,1,EPOCH_CHANGED,1
DE5 [1-11.2],FULL,87,6,1789464266790,1789464266912,122,000F1DBC,00004009,00004000,00000009,0000003F,0000003F,00078EDE,0000D9E8,071580B0,0797CBE0,000F20C2,990652,991426,495326,63,55784,0,0,0,1,0,0,0,1,EPOCH_CHANGED,1
DE5 [1-11.2],FULL,87,7,1789464266913,1789464267046,133,000F20C2,00003FFF,00004000,FFFFFFFF,00000028,00000028,000791D8,0000D9DF,07158227,0797CD56,000F23B0,991426,992176,496088,40,55775,0,0,0,1,0,0,0,1,EPOCH_CHANGED,1
DE5 [1-11.2],FULL,87,8,1789464267048,1789464267173,125,000F23B0,00003FF1,00004000,FFFFFFFD,FFFFFFCC,FFFFFFCC,0007935A,0000DA12,071583A9,0797CED7,000F26B4,992176,992948,496474,-52,55826,0,0,0,1,1,0,0,1,"EPOCH_CHANGED,ARITHMETIC_MISMATCH",1
DE5 [1-11.2],FULL,89,1,1789464268487,1789464268609,122,000F5074,00004007,00004000,00000007,00000010,00000010,0007A83A,0000DA23,07159A00,0797E51E,000F5362,1003636,1004386,501818,16,55843,0,0,0,1,0,0,0,1,EPOCH_CHANGED,1
DE5 [1-11.2],FULL,89,2,1789464268610,1789464268732,122,000F5362,00003FFB,00004000,FFFFFFFB,0000001F,0000000B,0007AB31,0000DA2A,07159B80,0797E69C,000F5662,1004386,1005154,502577,11,55850,0,0,0,1,0,0,0,1,EPOCH_CHANGED,1
DE5 [1-11.2],FULL,89,3,1789464268733,1789464268855,122,000F5662,00004002,00004000,00000000,00000021,00000021,0007ACAB,0000DA19,07159CFA,0797E815,000F5956,1005154,1005910,502955,33,55833,0,0,0,1,1,0,0,1,"EPOCH_CHANGED,ARITHMETIC_MISMATCH",1
DE5 [1-11.2],FULL,89,4,1789464268856,1789464268978,122,000F5956,00004001,00004000,00000001,FFFFFF92,FFFFFF92,0007AE2B,0000DA6E,07159E7A,0797E994,000F5F48,1005910,1007432,503339,-110,55918,0,0,0,1,0,0,0,1,EPOCH_CHANGED,1
DE5 [1-11.2],FULL,89,5,1789464268979,1789464269101,122,000F5F48,00003FF3,00004000,FFFFFFF3,FFFFFFC4,FFFFFFC4,0007AFA4,0000DA63,0715A173,0797EC8B,000F6248,1007432,1008200,503716,-60,55907,0,0,0,1,0,0,0,1,EPOCH_CHANGED,1
DE5 [1-11.2],FULL,89,6,1789464269103,1789464269224,121,000F6248,00003FFD,00004000,FFFFFFFD,0000003B,0000003B,0007B2A4,0000D9F1,0715A2F3,0797EE0A,000F6548,1008200,1008968,504484,59,55793,0,0,0,1,0,0,0,1,EPOCH_CHANGED,1
DE5 [1-11.2],FULL,89,7,1789464269226,1789464269348,122,000F6548,00004004,00004000,00000004,00000033,00000033,0007B424,0000DA05,0715A473,0797EF89,000F6848,1008968,1009736,504868,51,55813,0,0,0,1,0,0,0,1,EPOCH_CHANGED,1
DE5 [1-11.2],FULL,89,8,1789464269349,1789464269471,122,000F6848,00004004,00004000,00000004,0000000A,0000000A,0007B59B,0000DA1A,0715A5EA,0797F0FF,000F6B36,1009736,1010486,505243,10,55834,0,0,0,1,0,0,0,1,EPOCH_CHANGED,1
DE5 [1-11.2],FULL,91,1,1789464270793,1789464270915,122,000F94F4,0000401A,00004000,0000001A,00000020,00000020,0007CA7A,0000D965,0715BC49,0798074E,000F97F4,1021172,1021940,510586,32,55653,0,0,0,1,0,0,0,1,EPOCH_CHANGED,1
DE5 [1-11.2],FULL,91,2,1789464270916,1789464271039,123,000F97F4,00004007,00004000,00000007,FFFFFFF0,0000000D,0007CD7A,0000D956,0715BDC9,079808CD,000F9AF4,1021940,1022708,511354,13,55638,0,0,0,1,0,0,0,1,EPOCH_CHANGED,1
DE5 [1-11.2],FULL,91,3,1789464271040,1789464271161,121,000F9AF4,0000400D,00004000,FFFFFFF3,00000095,00000095,0007CEF4,0000D8FC,0715BF43,07980A46,000F9DE8,1022708,1023464,511732,149,55548,0,0,0,1,1,0,0,1,"EPOCH_CHANGED,ARITHMETIC_MISMATCH",1
DE5 [1-11.2],FULL,91,4,1789464271162,1789464271282,120,000F9DE8,00004007,00004000,00000007,000000EE,000000EE,0007D074,0000D8A6,0715C0C3,07980D3B,000FA3D6,1023464,1024982,512116,238,55462,0,0,0,1,0,0,0,1,EPOCH_CHANGED,1
DE5 [1-11.2],FULL,91,5,1789464271284,1789464271404,120,000FA3D6,00004005,00004000,00000005,000000A2,000000A2,0007D1EB,0000D8AC,0715C3BD,07980EBC,000FA6DC,1024982,1025756,512491,162,55468,0,0,0,1,0,0,0,1,EPOCH_CHANGED,1
DE5 [1-11.2],FULL,91,6,1789464271405,1789464271526,121,000FA6DC,00004000,00004000,00000000,FFFFFFDC,FFFFFFDC,0007D4E4,0000D9B5,0715C533,07981031,000FA9C8,1025756,1026504,513252,-36,55733,0,0,0,1,0,0,0,1,EPOCH_CHANGED,1
DE5 [1-11.2],FULL,91,7,1789464271527,1789464271648,121,000FA9C8,00004000,00004000,00000000,FFFFFEF3,FFFFFEF3,0007D668,0000D9DF,0715C6B7,079811B4,000FACD0,1026504,1027280,513640,-269,55775,0,0,0,1,0,0,0,1,EPOCH_CHANGED,1
DE5 [1-11.2],FULL,91,8,1789464271649,1789464271769,120,000FACD0,00003FFD,00004000,00000002,FFFFFF3E,FFFFFF3E,0007D7E8,0000D9E1,0715C837,07981333,000FAFD0,1027280,1028048,514024,-194,55777,0,0,0,1,1,0,0,1,"EPOCH_CHANGED,ARITHMETIC_MISMATCH",1
DE5 [1-11.2],FULL,93,1,1789464273312,1789464273434,122,000FDF7E,00004000,00004000,00000000,FFFFFFAE,FFFFFFEB,0007F136,0000DA14,0715E185,07982C6E,000FE26C,1040254,1041004,520502,-21,55828,0,0,0,1,0,0,0,1,EPOCH_CHANGED,1
DE5 [1-11.2],FULL,93,2,1789464273435,1789464273557,122,000FE26C,00004004,00004000,0000000D,FFFFFFF5,FFFFFFF5,0007F2B6,0000DA12,0715E305,07982DED,000FE56C,1041004,1041772,520886,-11,55826,0,0,0,1,1,0,0,1,"EPOCH_CHANGED,ARITHMETIC_MISMATCH",1
DE5 [1-11.2],FULL,93,3,1789464273558,1789464273680,122,000FE56C,00004005,00004000,00000005,FFFFFFE7,FFFFFFE7,0007F436,0000DA1C,0715E485,07982F6C,000FEB5A,1041772,1043290,521270,-25,55836,0,0,0,1,0,0,0,1,EPOCH_CHANGED,1
DE5 [1-11.2],FULL,93,4,1789464273681,1789464273804,123,000FEB5A,00004003,00004000,00000003,FFFFFFD1,FFFFFFD1,0007F5AD,0000DA30,0715E780,07983265,000FEE62,1043290,1044066,521645,-47,55856,0,0,0,1,0,0,0,1,EPOCH_CHANGED,1
DE5 [1-11.2],FULL,93,5,1789464273805,1789464273927,122,000FEE62,00004011,00004000,00000011,FFFFFFE5,FFFFFFBC,0007F8A7,0000DA4E,0715E8F6,079833DA,000FF14E,1044066,1044814,522407,-68,55886,0,0,0,1,0,0,0,1,EPOCH_CHANGED,1
DE5 [1-11.2],FULL,93,6,1789464273928,1789464274051,123,000FF14E,00003FF7,00004000,00000001,FFFFFFF2,FFFFFFF2,0007FA29,0000DA3A,0715EA78,0798355B,000FF452,1044814,1045586,522793,-14,55866,0,0,0,1,1,0,0,1,"EPOCH_CHANGED,ARITHMETIC_MISMATCH",1
DE5 [1-11.2],FULL,93,7,1789464274052,1789464274174,122,000FF452,00004007,00004000,00000007,0000004D,0000004D,0007FBA9,0000DA05,0715EBF8,079836DA,000FFA3E,1045586,1047102,523177,77,55813,0,0,0,1,0,0,0,1,EPOCH_CHANGED,1
DE5 [1-11.2],FULL,93,8,1789464274175,1789464274297,122,000FFA3E,00003FED,00004000,FFFFFFED,00000063,00000063,0007FD1F,0000D9E6,0715EEEE,079839CD,000FFD3E,1047102,1047870,523551,99,55782,0,0,0,1,0,0,0,1,EPOCH_CHANGED,1
DE5 [1-11.2],FULL,95,1,1789464275680,1789464275802,122,001026F4,00003FFF,00004000,FFFFFFFF,00000065,00000065,0008137A,0000D9E5,0716054D,0798501B,001029FC,1058548,1059324,529274,101,55781,0,0,0,1,0,0,0,1,EPOCH_CHANGED,1
DE5 [1-11.2],FULL,95,2,1789464275804,1789464275925,121,001029FC,00004001,00004000,00000001,00000062,00000062,00081678,0000D9EE,071606C7,07985194,00102CF0,1059324,1060080,530040,98,55790,0,0,0,1,0,0,0,1,EPOCH_CHANGED,1
DE5 [1-11.2],FULL,95,3,1789464275927,1789464276049,122,00102CF0,00004001,00004000,00000001,FFFFFFED,FFFFFFED,000817F9,0000DA07,07160848,07985314,00102FF2,1060080,1060850,530425,-19,55815,0,0,0,1,0,0,0,1,EPOCH_CHANGED,1
DE5 [1-11.2],FULL,95,4,1789464276050,1789464276171,121,00102FF2,00004008,00004000,00000008,FFFFFFC0,FFFFFFC0,0008196F,0000DA26,071609BE,07985489,001032DE,1060850,1061598,530799,-64,55846,0,0,0,1,0,0,0,1,EPOCH_CHANGED,1
DE5 [1-11.2],FULL,95,5,1789464276172,1789464276293,121,001035DE,00004003,00004000,00000003,FFFFFF64,FFFFFF64,00081AEF,0000DA6E,07160B3E,07985788,001038E0,1062366,1063136,531183,-156,55918,0,0,0,1,0,0,0,1,EPOCH_CHANGED,1
DE5 [1-11.2],FULL,95,6,1789464276294,1789464276415,121,001038E0,00004008,00004000,00000008,FFFFFFBE,FFFFFFBE,00081C70,0000DA4C,07160E3F,07985907,00103BE0,1063136,1063904,531568,-66,55884,0,0,0,1,0,0,0,1,EPOCH_CHANGED,1
DE5 [1-11.2],FULL,95,7,1789464276417,1789464276537,120,00103BE0,00004018,00004000,00000018,FFFFFFE0,00000029,00081F67,0000DA22,07160FB6,07985A7D,00103ECE,1063904,1064654,532327,41,55842,0,0,0,1,0,0,0,1,EPOCH_CHANGED,1
DE5 [1-11.2],FULL,95,8,1789464276539,1789464276660,121,00103ECE,0000400A,00004000,0000000B,0000000A,0000000A,000820E8,0000DA2E,07161137,07985BFC,001041D0,1064654,1065424,532712,10,55854,0,0,0,1,1,0,0,1,"EPOCH_CHANGED,ARITHMETIC_MISMATCH",1
DE5 [1-11.2],FULL,97,1,1789464277973,1789464278096,123,00106B82,00003FFA,00004000,FFFFFFFA,FFFFFFA3,FFFFFFA3,000835C1,0000DA9E,07162793,07987248,00106E88,1076098,1076872,538049,-93,55966,0,0,0,1,0,0,0,1,EPOCH_CHANGED,1
DE5 [1-11.2],FULL,97,2,1789464278097,1789464278219,122,00106E88,00004007,00004000,00000007,FFFFFFDE,FFFFFFDE,000838BB,0000DAD7,0716290A,079873BE,00107176,1076872,1077622,538811,-34,56023,0,0,0,1,0,0,0,1,EPOCH_CHANGED,1
DE5 [1-11.2],FULL,97,3,1789464278221,1789464278342,121,00107176,00004002,00004000,00000002,FFFFFF78,FFFFFF78,00083A3B,0000DAEB,07162A8A,0798753D,00107476,1077622,1078390,539195,-136,56043,0,0,0,1,0,0,0,1,EPOCH_CHANGED,1
DE5 [1-11.2],FULL,97,4,1789464278344,1789464278465,121,00107476,00003FF8,00004000,FFFFFFF8,FFFFFFCC,FFFFFFCC,00083BB5,0000DACD,07162C04,079876B5,0010776A,1078390,1079146,539573,-52,56013,0,0,0,1,0,0,0,1,EPOCH_CHANGED,1
DE5 [1-11.2],FULL,97,5,1789464278467,1789464278588,121,00107A6A,00004007,00004000,00000007,00000022,00000022,00083D35,0000DA9F,07162D84,079879B4,00107D6C,1079914,1080684,539957,34,55967,0,0,0,1,0,0,0,1,EPOCH_CHANGED,1
DE5 [1-11.2],FULL,97,6,1789464278590,1789464278712,122,00107D6C,00003FFC,00004000,FFFFFFFC,FFFFFFF3,FFFFFFF3,00083EB6,0000DADE,07163085,07987B33,0010806C,1080684,1081452,540342,-13,56030,0,0,0,1,0,0,0,1,EPOCH_CHANGED,1
DE5 [1-11.2],FULL,97,7,1789464278713,1789464278835,122,0010806C,00004006,00004000,00000006,FFFFFFB5,FFFFFFD2,000841AD,0000DADB,071631FC,07987CA9,0010835A,1081452,1082202,541101,-46,56027,0,0,0,1,0,0,0,1,EPOCH_CHANGED,1
DE5 [1-11.2],FULL,97,8,1789464278836,1789464278958,122,0010835A,0000400C,00004000,FFFFFFFD,FFFFFFC9,FFFFFFC9,0008432E,0000DAEB,0716337D,07987E29,0010865C,1082202,1082972,541486,-55,56043,0,0,0,1,1,0,0,1,"EPOCH_CHANGED,ARITHMETIC_MISMATCH",1
DE5 [1-11.2],FULL,99,1,1789464280272,1789464280392,120,0010B00C,00003FEC,00004000,FFFFFFEC,FFFFFF31,FFFFFF31,00085806,0000DBA8,07164855,07989471,0010B30E,1093644,1094414,546822,-207,56232,0,0,0,1,0,0,0,1,EPOCH_CHANGED,1
DE5 [1-11.2],FULL,99,2,1789464280394,1789464280514,120,0010B30E,00004003,00004000,00000003,FFFFFF77,FFFFFF77,00085987,0000DB9D,07164B56,079895F0,0010B60E,1094414,1095182,547207,-137,56221,0,0,0,1,0,0,0,1,EPOCH_CHANGED,1
DE5 [1-11.2],FULL,99,3,1789464280515,1789464280636,121,0010B60E,00004016,00004000,00000016,FFFFFFAB,FFFFFFF0,00085C82,0000DB84,07164CD1,0798976A,0010B904,1095182,1095940,547970,-16,56196,0,0,0,1,0,0,0,1,EPOCH_CHANGED,1
DE5 [1-11.2],FULL,99,4,1789464280637,1789464280758,121,0010B904,00004007,00004000,FFFFFFFB,0000001A,0000001A,00085E02,0000DB6C,07164E51,079898E9,0010BC04,1095940,1096708,548354,26,56172,0,0,0,1,1,0,0,1,"EPOCH_CHANGED,ARITHMETIC_MISMATCH",1
DE5 [1-11.2],FULL,99,5,1789464280759,1789464280879,120,0010BC04,00004005,00004000,00000005,00000018,00000018,00085F7A,0000DB68,07164FC9,07989A5F,0010C1F6,1096708,1098230,548730,24,56168,0,0,0,1,0,0,0,1,EPOCH_CHANGED,1
DE5 [1-11.2],FULL,99,6,1789464280881,1789464281001,120,0010C1F6,00003FF5,00004000,FFFFFFF5,FFFFFFF2,FFFFFFF2,000860FB,0000DB7A,071652C1,07989D55,0010C4E4,1098230,1098980,549115,-14,56186,0,0,0,1,0,0,0,1,EPOCH_CHANGED,1
DE5 [1-11.2],FULL,99,7,1789464281002,1789464281123,121,0010C4E4,00003FF5,00004000,FFFFFFF5,FFFFFF93,FFFFFF93,000863F2,0000DBD6,07165441,07989ED4,0010C7E4,1098980,1099748,549874,-109,56278,0,0,0,1,0,0,0,1,EPOCH_CHANGED,1
DE5 [1-11.2],FULL,99,8,1789464281124,1789464281244,120,0010C7E4,00003FF2,00004000,FFFFFFF2,FFFFFFE9,FFFFFFE9,00086572,0000DBAE,071655C1,0798A053,0010CAE4,1099748,1100516,550258,-23,56238,0,0,0,1,0,0,0,1,EPOCH_CHANGED,1
DE5 [1-11.2],FULL,101,1,1789464282558,1789464282680,122,0010F1AA,00003FFC,00004000,FFFFFFFC,FFFFFFAB,FFFFFFAB,00087A4C,0000DB80,07166A9B,0798B51E,0010F798,1110442,1111960,555596,-85,56192,0,0,0,1,0,0,0,1,EPOCH_CHANGED,1
DE5 [1-11.2],FULL,101,2,1789464282681,1789464282803,122,0010F798,00003FF8,00004000,FFFFFFF8,FFFFFF9C,FFFFFF9C,00087BCC,0000DB9B,07166D94,0798B815,0010FA8A,1111960,1112714,555980,-100,56219,0,0,0,1,0,0,0,1,EPOCH_CHANGED,1
DE5 [1-11.2],FULL,101,3,1789464282804,1789464282926,122,0010FA8A,00003FFD,00004000,FFFFFFFD,FFFFFFC1,FFFFFFC1,00087EC5,0000DBA1,07166F14,0798B994,0010FD8A,1112714,1113482,556741,-63,56225,0,0,0,1,0,0,0,1,EPOCH_CHANGED,1
DE5 [1-11.2],FULL,101,4,1789464282927,1789464283050,123,0010FD8A,00004004,00004000,00000004,FFFFFF83,FFFFFF83,00088048,0000DBD5,07167097,0798BB16,00110090,1113482,1114256,557128,-125,56277,0,0,0,1,0,0,0,1,EPOCH_CHANGED,1
DE5 [1-11.2],FULL,101,5,1789464283051,1789464283173,122,00110090,00003FF9,00004000,FFFFFFF9,FFFFFFF6,FFFFFFF6,000881C1,0000DBA1,07167210,0798BC8E,00110382,1114256,1115010,557505,-10,56225,0,0,0,1,0,0,0,1,EPOCH_CHANGED,1
DE5 [1-11.2],FULL,101,6,1789464283174,1789464283296,122,00110682,00003FFD,00004000,FFFFFFFD,0000004C,0000004C,00088341,0000DB6E,07167507,0798BF83,00110970,1115778,1116528,557889,76,56174,0,0,0,1,0,0,0,1,EPOCH_CHANGED,1
DE5 [1-11.2],FULL,101,7,1789464283297,1789464283419,122,00110970,00004001,00004000,00000001,00000074,00000074,00088638,0000DB29,07167687,0798C101,00110C70,1116528,1117296,558648,116,56105,0,0,0,1,0,0,0,1,EPOCH_CHANGED,1
DE5 [1-11.2],FULL,101,8,1789464283420,1789464283542,122,00110C70,00004003,00004000,00000003,00000026,00000026,000887B8,0000DB48,07167807,0798C280,00110F70,1117296,1118064,559032,38,56136,0,0,0,1,0,0,0,1,EPOCH_CHANGED,1
DE5 [1-11.2],FULL,103,1,1789464284883,1789464285007,124,0011391E,00003FFF,00004000,FFFFFFFF,FFFFFFC2,FFFFFFC2,00089C8F,0000DBED,07168E5E,0798D8C7,00113C1E,1128734,1129502,564367,-62,56301,0,0,0,1,0,0,0,1,EPOCH_CHANGED,1
DE5 [1-11.2],FULL,103,2,1789464285009,1789464285131,122,00113C1E,00003FFD,00004000,FFFFFFFD,FFFFFFA5,FFFFFF9C,00089F91,0000DC03,07168FE0,0798DA47,00113F22,1129502,1130274,565137,-100,56323,0,0,0,1,0,0,0,1,EPOCH_CHANGED,1
DE5 [1-11.2],FULL,103,3,1789464285132,1789464285254,122,00113F22,0000400E,00004000,00000000,00000013,00000013,0008A107,0000DBCC,07169156,0798DBBC,0011420E,1130274,1131022,565511,19,56268,0,0,0,1,1,0,0,1,"EPOCH_CHANGED,ARITHMETIC_MISMATCH",1
DE5 [1-11.2],FULL,103,4,1789464285256,1789464285377,121,0011420E,00004005,00004000,00000005,000000BB,000000BB,0008A287,0000DB5C,071692D6,0798DD3B,0011480E,1131022,1132558,565895,187,56156,0,0,0,1,0,0,0,1,EPOCH_CHANGED,1
DE5 [1-11.2],FULL,103,5,1789464285379,1789464285501,122,0011480E,00004014,00004000,00000014,000000E7,000000E7,0008A407,0000DB17,071695D7,0798E03A,00114B10,1132558,1133328,566279,231,56087,0,0,0,1,0,0,0,1,EPOCH_CHANGED,1
DE5 [1-11.2],FULL,103,6,1789464285502,1789464285624,122,00114B10,00003FFB,00004000,FFFFFFFB,0000009D,0000009D,0008A6FE,0000DB48,0716974D,0798E1AF,00114DFC,1133328,1134076,567038,157,56136,0,0,0,1,0,0,0,1,EPOCH_CHANGED,1
DE5 [1-11.2],FULL,103,7,1789464285625,1789464285747,122,00114DFC,00004001,00004000,00000001,FFFFFF8D,FFFFFF8D,0008A87E,0000DBA6,071698CD,0798E32E,001150FC,1134076,1134844,567422,-115,56230,0,0,0,1,0,0,0,1,EPOCH_CHANGED,1
DE5 [1-11.2],FULL,103,8,1789464285748,1789464285870,122,001150FC,00003FF8,00004000,00000007,FFFFFF69,FFFFFF69,0008A9F9,0000DBD4,07169A48,0798E4A8,001153F2,1134844,1135602,567801,-151,56276,0,0,0,1,1,0,0,1,"EPOCH_CHANGED,ARITHMETIC_MISMATCH",1
DE5 [1-11.2],CORE,2,1,1789464167231,1789464167285,54,000385A4,NOT_MEASURED,NOT_MEASURED,NOT_MEASURED,NOT_MEASURED,FFFFFF45,0001C2D2,0000D34D,NOT_MEASURED,NOT_MEASURED,00038890,230820,231568,115410,-187,54093,0,0,0,1,0,0,0,1,EPOCH_CHANGED,1
DE5 [1-11.2],CORE,2,2,1789464167286,1789464167341,55,00038890,NOT_MEASURED,NOT_MEASURED,NOT_MEASURED,NOT_MEASURED,FFFFFF39,0001C448,0000D34D,NOT_MEASURED,NOT_MEASURED,00038890,231568,231568,115784,-199,54093,0,0,0,0,0,0,1,1,NONE,1
DE5 [1-11.2],CORE,4,1,1789464169584,1789464169639,55,0003CD22,NOT_MEASURED,NOT_MEASURED,NOT_MEASURED,NOT_MEASURED,FFFFFFAD,0001E691,0000D338,NOT_MEASURED,NOT_MEASURED,0003CD22,249122,249122,124561,-83,54072,0,0,0,0,0,0,1,1,NONE,1
DE5 [1-11.2],CORE,6,1,1789464172050,1789464172106,56,000414A4,NOT_MEASURED,NOT_MEASURED,NOT_MEASURED,NOT_MEASURED,FFFFFFFA,00020BCC,0000D3E5,NOT_MEASURED,NOT_MEASURED,00041798,267428,268184,134092,-6,54245,0,0,0,1,0,0,0,1,EPOCH_CHANGED,1
DE5 [1-11.2],CORE,6,2,1789464172107,1789464172162,55,00041798,NOT_MEASURED,NOT_MEASURED,NOT_MEASURED,NOT_MEASURED,FFFFFFFA,00020BCC,0000D3E5,NOT_MEASURED,NOT_MEASURED,00041798,268184,268184,134092,-6,54245,0,0,0,0,0,0,1,1,NONE,1
DE5 [1-11.2],CORE,8,1,1789464174418,1789464174474,56,00045C2A,NOT_MEASURED,NOT_MEASURED,NOT_MEASURED,NOT_MEASURED,FFFFFF26,00022E15,0000D46F,NOT_MEASURED,NOT_MEASURED,00045F2E,285738,286510,142869,-218,54383,0,0,0,1,0,0,0,1,EPOCH_CHANGED,1
DE5 [1-11.2],CORE,8,2,1789464174475,1789464174530,55,00045F2E,NOT_MEASURED,NOT_MEASURED,NOT_MEASURED,NOT_MEASURED,FFFFFFA1,00022F97,0000D44A,NOT_MEASURED,NOT_MEASURED,00045F2E,286510,286510,143255,-95,54346,0,0,0,0,0,0,1,1,NONE,1
DE5 [1-11.2],CORE,10,1,1789464176766,1789464176821,55,0004A3B0,NOT_MEASURED,NOT_MEASURED,NOT_MEASURED,NOT_MEASURED,000000AA,000251D8,0000D2B7,NOT_MEASURED,NOT_MEASURED,0004A3B0,304048,304048,152024,170,53943,0,0,0,0,0,0,1,1,NONE,1
DE5 [1-11.2],CORE,12,1,1789464179057,1789464179112,55,0004E546,NOT_MEASURED,NOT_MEASURED,NOT_MEASURED,NOT_MEASURED,FFFFFFBE,00027419,0000D32F,NOT_MEASURED,NOT_MEASURED,0004E832,320838,321586,160793,-66,54063,0,0,0,1,0,0,0,1,EPOCH_CHANGED,1
DE5 [1-11.2],CORE,12,2,1789464179113,1789464179169,56,0004E832,NOT_MEASURED,NOT_MEASURED,NOT_MEASURED,NOT_MEASURED,FFFFFFBE,00027419,0000D32F,NOT_MEASURED,NOT_MEASURED,0004E832,321586,321586,160793,-66,54063,0,0,0,0,0,0,1,1,NONE,1
DE5 [1-11.2],CORE,14,1,1789464181398,1789464181453,55,00052CC6,NOT_MEASURED,NOT_MEASURED,NOT_MEASURED,NOT_MEASURED,00000005,00029663,0000D34F,NOT_MEASURED,NOT_MEASURED,00052CC6,339142,339142,169571,5,54095,0,0,0,0,0,0,1,1,NONE,1
DE5 [1-11.2],CORE,16,1,1789464183684,1789464183739,55,00057158,NOT_MEASURED,NOT_MEASURED,NOT_MEASURED,NOT_MEASURED,00000014,0002B8AC,0000D46C,NOT_MEASURED,NOT_MEASURED,00057158,356696,356696,178348,20,54380,0,0,0,0,0,0,1,1,NONE,1
DE5 [1-11.2],CORE,18,1,1789464185977,1789464186033,56,0005B5DA,NOT_MEASURED,NOT_MEASURED,NOT_MEASURED,NOT_MEASURED,FFFFFFAB,0002DAED,0000D4E4,NOT_MEASURED,NOT_MEASURED,0005B5DA,374234,374234,187117,-85,54500,0,0,0,0,0,0,1,1,NONE,1
DE5 [1-11.2],CORE,20,1,1789464188273,1789464188328,55,0005FA5E,NOT_MEASURED,NOT_MEASURED,NOT_MEASURED,NOT_MEASURED,FFFFFF65,0002FD2F,0000D4CD,NOT_MEASURED,NOT_MEASURED,0005FA5E,391774,391774,195887,-155,54477,0,0,0,0,0,0,1,1,NONE,1
DE5 [1-11.2],CORE,22,1,1789464190571,1789464190627,56,00063EEC,NOT_MEASURED,NOT_MEASURED,NOT_MEASURED,NOT_MEASURED,FFFFFFEF,00031F76,0000D5BF,NOT_MEASURED,NOT_MEASURED,00063EEC,409324,409324,204662,-17,54719,0,0,0,0,0,0,1,1,NONE,1
DE5 [1-11.2],CORE,24,1,1789464192872,1789464192927,55,0006837E,NOT_MEASURED,NOT_MEASURED,NOT_MEASURED,NOT_MEASURED,FFFFFF41,000341BF,0000D5AE,NOT_MEASURED,NOT_MEASURED,0006837E,426878,426878,213439,-191,54702,0,0,0,0,0,0,1,1,NONE,1
DE5 [1-11.2],CORE,26,1,1789464195165,1789464195220,55,0006C802,NOT_MEASURED,NOT_MEASURED,NOT_MEASURED,NOT_MEASURED,0000001E,00036401,0000D5D8,NOT_MEASURED,NOT_MEASURED,0006C802,444418,444418,222209,30,54744,0,0,0,0,0,0,1,1,NONE,1
DE5 [1-11.2],CORE,28,1,1789464197471,1789464197526,55,00070C88,NOT_MEASURED,NOT_MEASURED,NOT_MEASURED,NOT_MEASURED,0000002F,00038644,0000D59A,NOT_MEASURED,NOT_MEASURED,00070C88,461960,461960,230980,47,54682,0,0,0,0,0,0,1,1,NONE,1
DE5 [1-11.2],CORE,30,1,1789464199761,1789464199816,55,00074E20,NOT_MEASURED,NOT_MEASURED,NOT_MEASURED,NOT_MEASURED,000000F4,0003A891,0000D4E1,NOT_MEASURED,NOT_MEASURED,00075122,478752,479522,239761,244,54497,0,0,0,1,0,0,0,1,EPOCH_CHANGED,1
DE5 [1-11.2],CORE,30,2,1789464199817,1789464199872,55,00075122,NOT_MEASURED,NOT_MEASURED,NOT_MEASURED,NOT_MEASURED,000000F4,0003A891,0000D4E1,NOT_MEASURED,NOT_MEASURED,0007540E,479522,480270,239761,244,54497,0,0,0,1,0,0,0,1,EPOCH_CHANGED,1
DE5 [1-11.2],CORE,30,3,1789464199873,1789464199928,55,0007540E,NOT_MEASURED,NOT_MEASURED,NOT_MEASURED,NOT_MEASURED,000000A6,0003AA07,0000D4E4,NOT_MEASURED,NOT_MEASURED,0007540E,480270,480270,240135,166,54500,0,0,0,0,0,0,1,1,NONE,1
DE5 [1-11.2],CORE,32,1,1789464202185,1789464202240,55,000798A8,NOT_MEASURED,NOT_MEASURED,NOT_MEASURED,NOT_MEASURED,00000003,0003CC54,0000D578,NOT_MEASURED,NOT_MEASURED,000798A8,497832,497832,248916,3,54648,0,0,0,0,0,0,1,1,NONE,1
DE5 [1-11.2],CORE,34,1,1789464204590,1789464204645,55,0007E024,NOT_MEASURED,NOT_MEASURED,NOT_MEASURED,NOT_MEASURED,0000013A,0003F012,0000D49E,NOT_MEASURED,NOT_MEASURED,0007E024,516132,516132,258066,314,54430,0,0,0,0,0,0,1,1,NONE,1
DE5 [1-11.2],CORE,36,1,1789464206895,1789464206951,56,000824B0,NOT_MEASURED,NOT_MEASURED,NOT_MEASURED,NOT_MEASURED,00000045,00041258,0000D539,NOT_MEASURED,NOT_MEASURED,000824B0,533680,533680,266840,69,54585,0,0,0,0,0,0,1,1,NONE,1
DE5 [1-11.2],CORE,38,1,1789464209192,1789464209247,55,00086940,NOT_MEASURED,NOT_MEASURED,NOT_MEASURED,NOT_MEASURED,FFFFFFEB,000434A0,0000D5BE,NOT_MEASURED,NOT_MEASURED,00086940,551232,551232,275616,-21,54718,0,0,0,0,0,0,1,1,NONE,1
DE5 [1-11.2],CORE,40,1,1789464211479,1789464211533,54,0008ADCE,NOT_MEASURED,NOT_MEASURED,NOT_MEASURED,NOT_MEASURED,00000004,000456E7,0000D6DE,NOT_MEASURED,NOT_MEASURED,0008ADCE,568782,568782,284391,4,55006,0,0,0,0,0,0,1,1,NONE,1
DE5 [1-11.2],CORE,42,1,1789464213787,1789464213841,54,0008F256,NOT_MEASURED,NOT_MEASURED,NOT_MEASURED,NOT_MEASURED,00000037,0004792B,0000D769,NOT_MEASURED,NOT_MEASURED,0008F256,586326,586326,293163,55,55145,0,0,0,0,0,0,1,1,NONE,1
DE5 [1-11.2],CORE,44,1,1789464216082,1789464216137,55,000936DA,NOT_MEASURED,NOT_MEASURED,NOT_MEASURED,NOT_MEASURED,00000017,00049B6D,0000D7AB,NOT_MEASURED,NOT_MEASURED,000936DA,603866,603866,301933,23,55211,0,0,0,0,0,0,1,1,NONE,1
DE5 [1-11.2],CORE,46,1,1789464218631,1789464218686,55,00098162,NOT_MEASURED,NOT_MEASURED,NOT_MEASURED,NOT_MEASURED,FFFFFF6C,0004C0B1,0000D7C6,NOT_MEASURED,NOT_MEASURED,00098452,622946,623698,311473,-148,55238,0,0,0,1,0,0,0,1,EPOCH_CHANGED,1
DE5 [1-11.2],CORE,46,2,1789464218688,1789464218743,55,00098452,NOT_MEASURED,NOT_MEASURED,NOT_MEASURED,NOT_MEASURED,FFFFFFC0,0004C229,0000D7C6,NOT_MEASURED,NOT_MEASURED,00098452,623698,623698,311849,-64,55238,0,0,0,0,0,0,1,1,NONE,1
DE5 [1-11.2],CORE,48,1,1789464221001,1789464221056,55,0009C8E2,NOT_MEASURED,NOT_MEASURED,NOT_MEASURED,NOT_MEASURED,FFFFFFC7,0004E471,0000D7A2,NOT_MEASURED,NOT_MEASURED,0009C8E2,641250,641250,320625,-57,55202,0,0,0,0,0,0,1,1,NONE,1
DE5 [1-11.2],CORE,50,1,1789464223294,1789464223350,56,000A0D70,NOT_MEASURED,NOT_MEASURED,NOT_MEASURED,NOT_MEASURED,FFFFFFC5,000506B8,0000D80E,NOT_MEASURED,NOT_MEASURED,000A0D70,658800,658800,329400,-59,55310,0,0,0,0,0,0,1,1,NONE,1
DE5 [1-11.2],CORE,52,1,1789464225589,1789464225645,56,000A51F0,NOT_MEASURED,NOT_MEASURED,NOT_MEASURED,NOT_MEASURED,0000000D,000528F8,0000D7E3,NOT_MEASURED,NOT_MEASURED,000A51F0,676336,676336,338168,13,55267,0,0,0,0,0,0,1,1,NONE,1
DE5 [1-11.2],CORE,54,1,1789464227879,1789464227933,54,000A967A,NOT_MEASURED,NOT_MEASURED,NOT_MEASURED,NOT_MEASURED,00000087,00054B3D,0000D709,NOT_MEASURED,NOT_MEASURED,000A967A,693882,693882,346941,135,55049,0,0,0,0,0,0,1,1,NONE,1
DE5 [1-11.2],CORE,56,1,1789464230202,1789464230258,56,000ADB0C,NOT_MEASURED,NOT_MEASURED,NOT_MEASURED,NOT_MEASURED,FFFFFF82,00056D86,0000D7B0,NOT_MEASURED,NOT_MEASURED,000ADB0C,711436,711436,355718,-126,55216,0,0,0,0,0,0,1,1,NONE,1
DE5 [1-11.2],CORE,58,1,1789464232701,1789464232757,56,000B2594,NOT_MEASURED,NOT_MEASURED,NOT_MEASURED,NOT_MEASURED,FFFFFFD7,000592CA,0000D7F2,NOT_MEASURED,NOT_MEASURED,000B2594,730516,730516,365258,-41,55282,0,0,0,0,0,0,1,1,NONE,1
DE5 [1-11.2],CORE,60,1,1789464235019,1789464235074,55,000B6A14,NOT_MEASURED,NOT_MEASURED,NOT_MEASURED,NOT_MEASURED,00000081,0005B50A,0000D7FA,NOT_MEASURED,NOT_MEASURED,000B6D14,748052,748820,374026,129,55290,0,0,0,1,0,0,0,1,EPOCH_CHANGED,1
DE5 [1-11.2],CORE,60,2,1789464235075,1789464235130,55,000B6D14,NOT_MEASURED,NOT_MEASURED,NOT_MEASURED,NOT_MEASURED,00000064,0005B68A,0000D7F1,NOT_MEASURED,NOT_MEASURED,000B6D14,748820,748820,374410,100,55281,0,0,0,0,0,0,1,1,NONE,1
DE5 [1-11.2],CORE,62,1,1789464237382,1789464237437,55,000BB1A4,NOT_MEASURED,NOT_MEASURED,NOT_MEASURED,NOT_MEASURED,FFFFFFE4,0005D8D2,0000D8CC,NOT_MEASURED,NOT_MEASURED,000BB1A4,766372,766372,383186,-28,55500,0,0,0,0,0,0,1,1,NONE,1
DE5 [1-11.2],CORE,64,1,1789464239687,1789464239742,55,000BF628,NOT_MEASURED,NOT_MEASURED,NOT_MEASURED,NOT_MEASURED,FFFFFEDC,0005FB14,0000D937,NOT_MEASURED,NOT_MEASURED,000BF628,783912,783912,391956,-292,55607,0,0,0,0,0,0,1,1,NONE,1
DE5 [1-11.2],CORE,66,1,1789464241968,1789464242024,56,000C3AAC,NOT_MEASURED,NOT_MEASURED,NOT_MEASURED,NOT_MEASURED,FFFFFFE7,00061D56,0000D92E,NOT_MEASURED,NOT_MEASURED,000C3AAC,801452,801452,400726,-25,55598,0,0,0,0,0,0,1,1,NONE,1
DE5 [1-11.2],CORE,68,1,1789464244260,1789464244314,54,000C7C3C,NOT_MEASURED,NOT_MEASURED,NOT_MEASURED,NOT_MEASURED,FFFFFF5A,00063F9F,0000D934,NOT_MEASURED,NOT_MEASURED,000C7F3E,818236,819006,409503,-166,55604,0,0,0,1,0,0,0,1,EPOCH_CHANGED,1
DE5 [1-11.2],CORE,68,2,1789464244316,1789464244371,55,000C7F3E,NOT_MEASURED,NOT_MEASURED,NOT_MEASURED,NOT_MEASURED,FFFFFF5A,00063F9F,0000D934,NOT_MEASURED,NOT_MEASURED,000C7F3E,819006,819006,409503,-166,55604,0,0,0,0,0,0,1,1,NONE,1
DE5 [1-11.2],CORE,70,1,1789464246775,1789464246830,55,000CC9BE,NOT_MEASURED,NOT_MEASURED,NOT_MEASURED,NOT_MEASURED,FFFFFFE5,000664DF,0000D8A7,NOT_MEASURED,NOT_MEASURED,000CC9BE,838078,838078,419039,-27,55463,0,0,0,0,0,0,1,1,NONE,1
DE5 [1-11.2],CORE,72,1,1789464249086,1789464249142,56,000D0E46,NOT_MEASURED,NOT_MEASURED,NOT_MEASURED,NOT_MEASURED,000000BA,00068723,0000D8F8,NOT_MEASURED,NOT_MEASURED,000D0E46,855622,855622,427811,186,55544,0,0,0,0,0,0,1,1,NONE,1
DE5 [1-11.2],CORE,74,1,1789464251384,1789464251439,55,000D52D6,NOT_MEASURED,NOT_MEASURED,NOT_MEASURED,NOT_MEASURED,0000006B,0006A96B,0000D951,NOT_MEASURED,NOT_MEASURED,000D52D6,873174,873174,436587,107,55633,0,0,0,0,0,0,1,1,NONE,1
DE5 [1-11.2],CORE,76,1,1789464253694,1789464253750,56,000D9760,NOT_MEASURED,NOT_MEASURED,NOT_MEASURED,NOT_MEASURED,000000CC,0006CBB0,0000D8D1,NOT_MEASURED,NOT_MEASURED,000D9760,890720,890720,445360,204,55505,0,0,0,0,0,0,1,1,NONE,1
DE5 [1-11.2],CORE,78,1,1789464255984,1789464256040,56,000DDBF0,NOT_MEASURED,NOT_MEASURED,NOT_MEASURED,NOT_MEASURED,00000070,0006EDF8,0000D929,NOT_MEASURED,NOT_MEASURED,000DDBF0,908272,908272,454136,112,55593,0,0,0,0,0,0,1,1,NONE,1
DE5 [1-11.2],CORE,80,1,1789464258282,1789464258337,55,000E207A,NOT_MEASURED,NOT_MEASURED,NOT_MEASURED,NOT_MEASURED,FFFFFF91,0007103D,0000DAC9,NOT_MEASURED,NOT_MEASURED,000E207A,925818,925818,462909,-111,56009,0,0,0,0,0,0,1,1,NONE,1
DE5 [1-11.2],CORE,82,1,1789464260796,1789464260851,55,000E6AF8,NOT_MEASURED,NOT_MEASURED,NOT_MEASURED,NOT_MEASURED,00000000,0007357C,0000DA94,NOT_MEASURED,NOT_MEASURED,000E6AF8,944888,944888,472444,0,55956,0,0,0,0,0,0,1,1,NONE,1
DE5 [1-11.2],CORE,84,1,1789464263130,1789464263185,55,000EAF80,NOT_MEASURED,NOT_MEASURED,NOT_MEASURED,NOT_MEASURED,FFFFFF79,000757C0,0000DA4B,NOT_MEASURED,NOT_MEASURED,000EB280,962432,963200,481216,-135,55883,0,0,0,1,0,0,0,1,EPOCH_CHANGED,1
DE5 [1-11.2],CORE,84,2,1789464263187,1789464263242,55,000EB280,NOT_MEASURED,NOT_MEASURED,NOT_MEASURED,NOT_MEASURED,00000035,00075940,0000DA4B,NOT_MEASURED,NOT_MEASURED,000EB280,963200,963200,481600,53,55883,0,0,0,0,0,0,1,1,NONE,1
DE5 [1-11.2],CORE,86,1,1789464265484,1789464265540,56,000EF70C,NOT_MEASURED,NOT_MEASURED,NOT_MEASURED,NOT_MEASURED,00000026,00077B86,0000DA6C,NOT_MEASURED,NOT_MEASURED,000EF70C,980748,980748,490374,38,55916,0,0,0,0,0,0,1,1,NONE,1
DE5 [1-11.2],CORE,88,1,1789464267807,1789464267862,55,000F3B88,NOT_MEASURED,NOT_MEASURED,NOT_MEASURED,NOT_MEASURED,FFFFFF88,00079DC4,0000DA76,NOT_MEASURED,NOT_MEASURED,000F3B88,998280,998280,499140,-120,55926,0,0,0,0,0,0,1,1,NONE,1
DE5 [1-11.2],CORE,90,1,1789464270103,1789464270158,55,000F801C,NOT_MEASURED,NOT_MEASURED,NOT_MEASURED,NOT_MEASURED,FFFFFF1C,0007C00E,0000DA25,NOT_MEASURED,NOT_MEASURED,000F801C,1015836,1015836,507918,-228,55845,0,0,0,0,0,0,1,1,NONE,1
DE5 [1-11.2],CORE,92,1,1789464272414,1789464272469,55,000FC49E,NOT_MEASURED,NOT_MEASURED,NOT_MEASURED,NOT_MEASURED,FFFFFFEA,0007E24F,0000D9D2,NOT_MEASURED,NOT_MEASURED,000FC49E,1033374,1033374,516687,-22,55762,0,0,0,0,0,0,1,1,NONE,1
DE5 [1-11.2],CORE,94,1,1789464274932,1789464274987,55,00100F28,NOT_MEASURED,NOT_MEASURED,NOT_MEASURED,NOT_MEASURED,0000001E,00080794,0000D9C4,NOT_MEASURED,NOT_MEASURED,00101228,1052456,1053224,526228,30,55748,0,0,0,1,0,0,0,1,EPOCH_CHANGED,1
DE5 [1-11.2],CORE,94,2,1789464274989,1789464275044,55,00101228,NOT_MEASURED,NOT_MEASURED,NOT_MEASURED,NOT_MEASURED,FFFFFFE8,00080914,0000D9C4,NOT_MEASURED,NOT_MEASURED,00101228,1053224,1053224,526612,-24,55748,0,0,0,0,0,0,1,1,NONE,1
DE5 [1-11.2],CORE,96,1,1789464277293,1789464277349,56,001056A4,NOT_MEASURED,NOT_MEASURED,NOT_MEASURED,NOT_MEASURED,FFFFFF7F,00082B52,0000DAAC,NOT_MEASURED,NOT_MEASURED,001056A4,1070756,1070756,535378,-129,55980,0,0,0,0,0,0,1,1,NONE,1
DE5 [1-11.2],CORE,98,1,1789464279590,1789464279646,56,00109B2C,NOT_MEASURED,NOT_MEASURED,NOT_MEASURED,NOT_MEASURED,00000046,00084D96,0000DA5B,NOT_MEASURED,NOT_MEASURED,00109B2C,1088300,1088300,544150,70,55899,0,0,0,0,0,0,1,1,NONE,1
DE5 [1-11.2],CORE,100,1,1789464281879,1789464281935,56,0010DFB6,NOT_MEASURED,NOT_MEASURED,NOT_MEASURED,NOT_MEASURED,00000002,00086FDB,0000DAF3,NOT_MEASURED,NOT_MEASURED,0010DFB6,1105846,1105846,552923,2,56051,0,0,0,0,0,0,1,1,NONE,1
DE5 [1-11.2],CORE,102,1,1789464284195,1789464284250,55,0011244E,NOT_MEASURED,NOT_MEASURED,NOT_MEASURED,NOT_MEASURED,FFFFFF63,00089227,0000DC3A,NOT_MEASURED,NOT_MEASURED,0011244E,1123406,1123406,561703,-157,56378,0,0,0,0,0,0,1,1,NONE,1
