DEPTH = 49152;
WIDTH = 32;
ADDRESS_RADIX = HEX;
DATA_RADIX = HEX;
CONTENT
BEGIN
0 : 02C0006F;
1 : 00000000;
2 : 0A11906F;
3 : 00000000;
4 : 43505257;
5 : 2D2D2D2D;
6 : 0001B650;
7 : 0001F504;
8 : 00000000;
9 : 00000000;
a : 00002403;
b : 0002E297;
c : FEC28293;
d : 0002A303;
e : 424F53B7;
f : F5438393;
10 : 00731E63;
11 : 0002E297;
12 : FD828293;
13 : 0002A303;
14 : 00130313;
15 : 0062A023;
16 : 0180006F;
17 : 0072A023;
18 : 00100313;
19 : 0002E297;
1a : FB828293;
1b : 0062A023;
1c : 0002E297;
1d : F9028293;
1e : E00003B7;
1f : 0063E3B3;
20 : 0072A023;
21 : 0001F297;
22 : 53C28293;
23 : 0002AE03;
24 : D00003B7;
25 : 01C3E3B3;
26 : 0002E297;
27 : F6828293;
28 : 0072A023;
29 : FFF30313;
2a : 00337313;
2b : 00231313;
2c : 0002E297;
2d : F7028293;
2e : 006282B3;
2f : 0001F397;
30 : 50438393;
31 : 0003AE03;
32 : 01C2A023;
33 : 0001F297;
34 : 4F428293;
35 : 0002A303;
36 : 0002E397;
37 : F3838393;
38 : 0063A023;
39 : 00020197;
3a : CC418193;
3b : 00030117;
3c : F1410113;
3d : 0001F297;
3e : 4E428293;
3f : 0002E317;
40 : F0830313;
41 : 0002A023;
42 : 00428293;
43 : FE62ECE3;
44 : 0001F297;
45 : 4B028293;
46 : 0002A303;
47 : 0002E397;
48 : EF838393;
49 : 0063A023;
4a : 28D190EF;
4b : 00000713;
4c : 01000613;
4d : 00E507B3;
4e : 0007C783;
4f : 00E586B3;
50 : 0006C683;
51 : 00078463;
52 : 00F68663;
53 : 40D78533;
54 : 00008067;
55 : 00170713;
56 : FCC71EE3;
57 : 00000513;
58 : 00008067;
59 : 000207B7;
5a : 9D87A783;
5b : 40255513;
5c : 01051513;
5d : 00B56533;
5e : 800005B7;
5f : 0207A823;
60 : 00B56533;
61 : 02A7A623;
62 : 0307A703;
63 : FE075EE3;
64 : 00008067;
65 : 00020737;
66 : 91072783;
67 : 91472703;
68 : 08E04A63;
69 : 00071463;
6a : 0807C663;
6b : FFF00693;
6c : 08D74863;
6d : 00D71663;
6e : 80000737;
6f : 08E7E263;
70 : 00020737;
71 : 9D070693;
72 : 02F6A823;
73 : 000206B7;
74 : 9086A783;
75 : 90C6A683;
76 : 9D070713;
77 : 06D04663;
78 : 00069463;
79 : 0607C263;
7a : FFF00613;
7b : 06C6C463;
7c : 00C69663;
7d : 800006B7;
7e : 04D7EE63;
7f : 000206B7;
80 : 02F72A23;
81 : 9006A783;
82 : 9046A683;
83 : 04D04863;
84 : 00069463;
85 : 0407C463;
86 : FFF00613;
87 : 04C6C663;
88 : 00C69663;
89 : 800006B7;
8a : 04D7E063;
8b : 02F72C23;
8c : 00008067;
8d : 800007B7;
8e : FFF7C793;
8f : F85FF06F;
90 : 800007B7;
91 : F7DFF06F;
92 : 800007B7;
93 : FFF7C793;
94 : FADFF06F;
95 : 800007B7;
96 : FA5FF06F;
97 : 800007B7;
98 : FFF7C793;
99 : FC9FF06F;
9a : 800007B7;
9b : FC1FF06F;
9c : 00020837;
9d : 8F882303;
9e : FFC00E13;
9f : 00000893;
a0 : 006E6863;
a1 : 00137E13;
a2 : 000E1463;
a3 : 00230893;
a4 : 0018E313;
a5 : 8E682C23;
a6 : 00020337;
a7 : 8EA32A23;
a8 : 00020537;
a9 : 00004337;
aa : 8E652823;
ab : 00020537;
ac : 8EB52623;
ad : 000205B7;
ae : 8EC5A423;
af : 00020637;
b0 : 8ED62223;
b1 : 000206B7;
b2 : 8EE6A023;
b3 : 00020737;
b4 : 8CF72E23;
b5 : 001007B7;
b6 : 22C7A683;
b7 : 00020737;
b8 : 8CD72C23;
b9 : 2307A703;
ba : 000207B7;
bb : 8CE7AA23;
bc : 8F182C23;
bd : 00008067;
be : 00100737;
bf : 000107B7;
c0 : 22072683;
c1 : 00A797B3;
c2 : 00FF0537;
c3 : 00A7F7B3;
c4 : FFF7C793;
c5 : 00D7F7B3;
c6 : 22F72023;
c7 : 00008067;
c8 : 00900793;
c9 : 000206B7;
ca : 04F51663;
cb : 8746C783;
cc : 0FF7F793;
cd : 02A78263;
ce : 00020737;
cf : 87072783;
d0 : 00178793;
d1 : 86F72823;
d2 : 001007B7;
d3 : 41C7A703;
d4 : 000207B7;
d5 : 86E7A623;
d6 : 00020737;
d7 : 88C72603;
d8 : 00100793;
d9 : 00A797B3;
da : 00C7E7B3;
db : 88F72623;
dc : 00C0006F;
dd : 01F00793;
de : FEA7F0E3;
df : 0FF57513;
e0 : 86A68A23;
e1 : 00008067;
e2 : 000207B7;
e3 : 8D27C783;
e4 : 00C79863;
e5 : 0001F7B7;
e6 : 5AB7AE23;
e7 : 00008067;
e8 : 02400793;
e9 : 02F60633;
ea : 00C50533;
eb : 00052783;
ec : 0C078263;
ed : 0001F7B7;
ee : 5BC7A603;
ef : 02052703;
f0 : 40C587B3;
f1 : 01279793;
f2 : 0127D693;
f3 : 01E7D793;
f4 : 02074863;
f5 : 00377713;
f6 : 40B60633;
f7 : 00370713;
f8 : 00861613;
f9 : 00865613;
fa : 01C71713;
fb : 00C76733;
fc : 81000637;
fd : 00C76733;
fe : 00100637;
ff : 24E62623;
100 : 01052703;
101 : 00071E63;
102 : 00279793;
103 : 00F52A23;
104 : 00100793;
105 : 00D52623;
106 : 00F52823;
107 : 00008067;
108 : 01452603;
109 : 00170713;
10a : 00E52823;
10b : 00C787B3;
10c : 0001B637;
10d : 00279793;
10e : B5860613;
10f : 00F607B3;
110 : 0007A783;
111 : 00F686B3;
112 : 00C52783;
113 : 00F687B3;
114 : 00852683;
115 : 00F52623;
116 : 00D71E63;
117 : 02E7C7B3;
118 : 00052623;
119 : 00052823;
11a : 00F52C23;
11b : 00100793;
11c : 00F52E23;
11d : 00008067;
11e : 0001F7B7;
11f : 7207A823;
120 : 000207B7;
121 : 8407AC23;
122 : 000207B7;
123 : 8407AA23;
124 : 000207B7;
125 : 8407A823;
126 : 000207B7;
127 : 8407A423;
128 : 000207B7;
129 : 8207A823;
12a : 000207B7;
12b : 8207A623;
12c : 000207B7;
12d : 8407A023;
12e : 000207B7;
12f : 8207AE23;
130 : 000207B7;
131 : 8207AC23;
132 : 000207B7;
133 : 8207A423;
134 : 000207B7;
135 : 8207A223;
136 : 000207B7;
137 : 8407A623;
138 : 000207B7;
139 : 8407A223;
13a : 000207B7;
13b : 8207AA23;
13c : 000207B7;
13d : 9D078793;
13e : 4407A423;
13f : 4407A623;
140 : 4407A823;
141 : 4407AA23;
142 : 4407AC23;
143 : 4407AE23;
144 : 4607A023;
145 : 4607A223;
146 : 4607A423;
147 : 4607A623;
148 : 4607A823;
149 : 4607AA23;
14a : 4607AC23;
14b : 4607AE23;
14c : 4807A023;
14d : 4807A223;
14e : 4807A423;
14f : 4807A623;
150 : 4807A823;
151 : 4807AA23;
152 : 4807AC23;
153 : 4807AE23;
154 : 4A07A023;
155 : 4A07A223;
156 : 4A07A423;
157 : 4A07A623;
158 : 4A07A823;
159 : 4A07AA23;
15a : 4A07AC23;
15b : 4A07AE23;
15c : 00008067;
15d : 000207B7;
15e : 8207A703;
15f : 00170713;
160 : 82E7A023;
161 : 8207A703;
162 : 00177713;
163 : 00071863;
164 : 8207A703;
165 : 00170713;
166 : 82E7A023;
167 : 0FF0000F;
168 : 00020737;
169 : 80072E23;
16a : 00020737;
16b : 80072C23;
16c : 00020737;
16d : 80072A23;
16e : 00020737;
16f : 80072823;
170 : 00020737;
171 : 80072623;
172 : 00020737;
173 : 80072423;
174 : 00020737;
175 : 80072223;
176 : 00020737;
177 : 80072023;
178 : 0001F737;
179 : 7E072E23;
17a : 0001F737;
17b : 7E072C23;
17c : 0001F737;
17d : 7E072A23;
17e : 0001F737;
17f : 7E072823;
180 : 0001F737;
181 : 7E072623;
182 : 0001F737;
183 : 7E072423;
184 : 0001F737;
185 : 7C072823;
186 : 0001F737;
187 : 7A072C23;
188 : 0001F737;
189 : 7A072A23;
18a : 0001F737;
18b : 7A072823;
18c : 0001F737;
18d : 74072023;
18e : 0001F737;
18f : 78072623;
190 : 0001F737;
191 : 74072623;
192 : 0001F737;
193 : 74072423;
194 : 0001F737;
195 : 00000693;
196 : 00000613;
197 : 74072223;
198 : 0001F737;
199 : 72D72E23;
19a : 72C72C23;
19b : 0001F737;
19c : 74072A23;
19d : 0001F737;
19e : 7A072423;
19f : 0001F737;
1a0 : 7AD72223;
1a1 : 7AC72023;
1a2 : 0001F737;
1a3 : 78072C23;
1a4 : 0001F737;
1a5 : 78072A23;
1a6 : 0001F737;
1a7 : 7EC72023;
1a8 : 7ED72223;
1a9 : 0001F737;
1aa : 7CD72623;
1ab : 7CC72423;
1ac : 0001F737;
1ad : 7CD72E23;
1ae : 7CC72C23;
1af : 0001F737;
1b0 : 7CD72223;
1b1 : 7CC72023;
1b2 : 0001F737;
1b3 : 7C072A23;
1b4 : 0001F737;
1b5 : 7A072E23;
1b6 : 0001F737;
1b7 : 78072423;
1b8 : 0001F737;
1b9 : 78072023;
1ba : 0001F737;
1bb : 78072223;
1bc : 0001F737;
1bd : 76D72E23;
1be : 76C72C23;
1bf : 0001F737;
1c0 : 76D72A23;
1c1 : 76C72823;
1c2 : 0001F737;
1c3 : 7A072623;
1c4 : 0001F737;
1c5 : 78072823;
1c6 : 0001F737;
1c7 : 74072E23;
1c8 : 0001F737;
1c9 : 76072423;
1ca : 0001F737;
1cb : 76072223;
1cc : 0001F737;
1cd : 76072023;
1ce : 0001F737;
1cf : 74072C23;
1d0 : 0001F737;
1d1 : 74072823;
1d2 : 00020737;
1d3 : 9D070713;
1d4 : 4C070693;
1d5 : 50070713;
1d6 : 0006A023;
1d7 : 00468693;
1d8 : FEE69CE3;
1d9 : 0FF0000F;
1da : 8207A703;
1db : 00170713;
1dc : 82E7A023;
1dd : 00008067;
1de : 00052703;
1df : 00050793;
1e0 : 08872503;
1e1 : 04050A63;
1e2 : 0047A703;
1e3 : 0CC72503;
1e4 : 04050463;
1e5 : 00100737;
1e6 : 20472683;
1e7 : 00000513;
1e8 : 20070713;
1e9 : 0046F693;
1ea : 02068863;
1eb : 00472703;
1ec : 00877713;
1ed : 02071263;
1ee : 00C7A503;
1ef : 00300793;
1f0 : 00A7C663;
1f1 : 01F55513;
1f2 : 00008067;
1f3 : FF850513;
1f4 : 00353513;
1f5 : 00154513;
1f6 : 00008067;
1f7 : 41F5D793;
1f8 : 00C52683;
1f9 : 00B7C5B3;
1fa : 40F585B3;
1fb : 00052A23;
1fc : 00052703;
1fd : 01052783;
1fe : 02B6CA63;
1ff : 00452683;
200 : 00D75663;
201 : 00170713;
202 : 00E52023;
203 : 00052703;
204 : 04E69663;
205 : 0017B793;
206 : 00F52A23;
207 : 00100793;
208 : 00F52823;
209 : 00100513;
20a : 00008067;
20b : 00852683;
20c : 00E6D663;
20d : FFF70713;
20e : 00E52023;
20f : 00052703;
210 : 00E69E63;
211 : 00078C63;
212 : 00052023;
213 : 00F52A23;
214 : 00052823;
215 : FFF00513;
216 : 00008067;
217 : 00078513;
218 : 00008067;
219 : 02052A23;
21a : 00000693;
21b : 02D52C23;
21c : 00000713;
21d : 02E52E23;
21e : 04D52023;
21f : 04E52223;
220 : 04D52423;
221 : 01852783;
222 : 04E52623;
223 : 04052823;
224 : 04F52A23;
225 : 04F52C23;
226 : 00D52823;
227 : 00E52A23;
228 : 02F52623;
229 : 02052823;
22a : 04052E23;
22b : 00008067;
22c : FF010113;
22d : 00812423;
22e : 00112623;
22f : 00500793;
230 : 02F52423;
231 : 000107B7;
232 : FFB78793;
233 : 02F52623;
234 : 00100793;
235 : 02F52223;
236 : 00F52423;
237 : 03200793;
238 : 08F52623;
239 : 08F52223;
23a : 00A00793;
23b : 08F52423;
23c : 01400793;
23d : 0AF52623;
23e : 4B000793;
23f : 06F52A23;
240 : 3E800793;
241 : 06F52623;
242 : 06400793;
243 : 06F52823;
244 : 000207B7;
245 : 8D27C783;
246 : 00008737;
247 : 02E52023;
248 : 00C00713;
249 : 00E52823;
24a : 0CC52E23;
24b : 12C00713;
24c : 40F60633;
24d : 0E052623;
24e : 0E052823;
24f : 00E52623;
250 : 0E052423;
251 : 0CB52C23;
252 : 0EC52223;
253 : 00050413;
254 : 00100793;
255 : 00060863;
256 : FFF60793;
257 : 0037F793;
258 : 00378793;
259 : 0EF42A23;
25a : 00061663;
25b : B0DFF0EF;
25c : C05FF0EF;
25d : 09842783;
25e : 00078663;
25f : 0007A223;
260 : 0207A423;
261 : 00840513;
262 : EDDFF0EF;
263 : 00C12083;
264 : 02042C23;
265 : 08042823;
266 : 08042023;
267 : 08042A23;
268 : 06042C23;
269 : 06042423;
26a : 06042E23;
26b : 00812403;
26c : 01010113;
26d : 00008067;
26e : 03452783;
26f : FE010113;
270 : 00812C23;
271 : 00912A23;
272 : 01212823;
273 : 01312623;
274 : 01412423;
275 : 01612223;
276 : 01712023;
277 : 00112E23;
278 : 00178793;
279 : 02F52A23;
27a : 00052783;
27b : 01052B03;
27c : 01452B83;
27d : 02F584B3;
27e : 00852603;
27f : 02B52423;
280 : 00058A13;
281 : 00050413;
282 : 02F597B3;
283 : 01648733;
284 : 009734B3;
285 : 00070913;
286 : 00452703;
287 : 00100513;
288 : 017787B3;
289 : 00F484B3;
28a : 02E587B3;
28b : 00048993;
28c : 02E59733;
28d : 012785B3;
28e : 00F5B7B3;
28f : 00970733;
290 : 00E787B3;
291 : FFF60713;
292 : 00E51533;
293 : 41F55713;
294 : 00A58533;
295 : 00E787B3;
296 : 00B535B3;
297 : 00F585B3;
298 : 020190EF;
299 : 01842783;
29a : 00A787B3;
29b : 02042503;
29c : 02A7D463;
29d : 01C42703;
29e : 00070863;
29f : 009BC663;
2a0 : 01749863;
2a1 : 012B7663;
2a2 : 01242823;
2a3 : 01342A23;
2a4 : FFF00713;
2a5 : 0400006F;
2a6 : 02442503;
2a7 : 02F55463;
2a8 : 01C42703;
2a9 : 00070863;
2aa : 0174C663;
2ab : 009B9863;
2ac : 01697663;
2ad : 01242823;
2ae : 01342A23;
2af : 00100713;
2b0 : 0140006F;
2b1 : 01242823;
2b2 : 00942A23;
2b3 : 00078513;
2b4 : 00000713;
2b5 : 03642C23;
2b6 : 03742E23;
2b7 : 01042603;
2b8 : 05242023;
2b9 : 01442683;
2ba : 05342223;
2bb : 04C42423;
2bc : 04D42623;
2bd : 05442823;
2be : 04F42A23;
2bf : 04A42C23;
2c0 : 04E42E23;
2c1 : 03442783;
2c2 : 01C12083;
2c3 : 02A42623;
2c4 : 00178793;
2c5 : 02F42A23;
2c6 : 01812403;
2c7 : 01412483;
2c8 : 01012903;
2c9 : 00C12983;
2ca : 00812A03;
2cb : 00412B03;
2cc : 00012B83;
2cd : 02010113;
2ce : 00008067;
2cf : 0D852783;
2d0 : F6010113;
2d1 : 08812C23;
2d2 : 08112E23;
2d3 : 08912A23;
2d4 : 09212823;
2d5 : 09312623;
2d6 : 09412423;
2d7 : 09512223;
2d8 : 09612023;
2d9 : 07712E23;
2da : 07812C23;
2db : 07912A23;
2dc : 07A12823;
2dd : 07B12623;
2de : 00050413;
2df : 00C79463;
2e0 : 0AB52E23;
2e1 : 0DC42783;
2e2 : 00F61463;
2e3 : 0CB42223;
2e4 : 0BC42783;
2e5 : 0207CE63;
2e6 : 0A442703;
2e7 : 00E78A63;
2e8 : 40E78733;
2e9 : 06074A63;
2ea : 08E42E23;
2eb : 0AF42223;
2ec : 0C042703;
2ed : 00074C63;
2ee : 00E7DA63;
2ef : 0B442703;
2f0 : 004006B7;
2f1 : 00D70733;
2f2 : 0AE42A23;
2f3 : 0CF42023;
2f4 : 0C442703;
2f5 : 04075863;
2f6 : 00000513;
2f7 : 09C12083;
2f8 : 09812403;
2f9 : 09412483;
2fa : 09012903;
2fb : 08C12983;
2fc : 08812A03;
2fd : 08412A83;
2fe : 08012B03;
2ff : 07C12B83;
300 : 07812C03;
301 : 07412C83;
302 : 07012D03;
303 : 06C12D83;
304 : 0A010113;
305 : 00008067;
306 : 004006B7;
307 : 00D70733;
308 : F89FF06F;
309 : 0A842683;
30a : 00D70A63;
30b : 40D706B3;
30c : 0806CC63;
30d : 0AD42023;
30e : 0AE42423;
30f : 0C842683;
310 : 0006CC63;
311 : 00D75A63;
312 : 0B842683;
313 : 00400637;
314 : 00C686B3;
315 : 0AD42C23;
316 : 0CE42423;
317 : F607CEE3;
318 : 0B042683;
319 : 00100613;
31a : 08C69263;
31b : 0B442583;
31c : 0B842603;
31d : 00B787B3;
31e : 00C70733;
31f : 04F75C63;
320 : 40E787B3;
321 : FFFFC737;
322 : 00E7F7B3;
323 : 40F587B3;
324 : 0AF42A23;
325 : 0B442603;
326 : 0B842783;
327 : 00064463;
328 : 0007DE63;
329 : 05F5E737;
32a : 10070713;
32b : 00E60633;
32c : 00E787B3;
32d : 0AC42A23;
32e : 0AF42C23;
32f : FFF68693;
330 : 0AD42823;
331 : 02C0006F;
332 : 00400637;
333 : 00C686B3;
334 : F65FF06F;
335 : 40F707B3;
336 : FFFFC737;
337 : 00E7F7B3;
338 : 40F607B3;
339 : 0AF42C23;
33a : FADFF06F;
33b : FCD048E3;
33c : 09C42783;
33d : 0A042903;
33e : 40F90933;
33f : 0E442783;
340 : 7A079663;
341 : 09042D03;
342 : 08042783;
343 : 01A03D33;
344 : 00F12823;
345 : 001D1D13;
346 : 00090593;
347 : 08040513;
348 : ABDFF0EF;
349 : 09442603;
34a : 09042703;
34b : 02060063;
34c : 02070063;
34d : 001007B7;
34e : 40078793;
34f : 01C7A783;
350 : 0F842683;
351 : 40D787B3;
352 : 10F42023;
353 : 76071663;
354 : 0AC42483;
355 : 00100993;
356 : 409004B3;
357 : 032484B3;
358 : 0E442C83;
359 : 780C9863;
35a : 00200793;
35b : 00000C13;
35c : 00F99863;
35d : 00842C83;
35e : 00100C13;
35f : 00042423;
360 : 06060863;
361 : 06070663;
362 : 03442583;
363 : 02042503;
364 : 01042603;
365 : 41F5D793;
366 : 41F55713;
367 : 40A58533;
368 : 40E787B3;
369 : 00A5B5B3;
36a : 40B785B3;
36b : 49D180EF;
36c : 00C42783;
36d : 02F48733;
36e : 02F497B3;
36f : 40E50733;
370 : 00E53533;
371 : 40F587B3;
372 : 00842583;
373 : 40A787B3;
374 : 02B48633;
375 : 02B495B3;
376 : 40C70633;
377 : 00C73733;
378 : 00C42C23;
379 : 40B787B3;
37a : 40E787B3;
37b : 00F42E23;
37c : 00048593;
37d : 00840513;
37e : BC1FF0EF;
37f : 0E442603;
380 : 00050A13;
381 : 6E061E63;
382 : 05842B83;
383 : 06442B03;
384 : 04042783;
385 : 04442803;
386 : 04842703;
387 : 00F12423;
388 : 04C42783;
389 : 05042783;
38a : 01012623;
38b : 05442803;
38c : 0D442A83;
38d : 00842D83;
38e : 00F12023;
38f : 01012223;
390 : 00A12C23;
391 : 000C0463;
392 : 01942423;
393 : 0F042783;
394 : 02079263;
395 : 0F000737;
396 : 01861793;
397 : 00E7F7B3;
398 : 008A1713;
399 : 00875713;
39a : 00E7E7B3;
39b : 00100737;
39c : 24F72223;
39d : 0F442783;
39e : 0D442683;
39f : 010008B7;
3a0 : 01C79713;
3a1 : FFF88793;
3a2 : 00F6F533;
3a3 : 080005B7;
3a4 : 00E56533;
3a5 : 00100337;
3a6 : 00B56533;
3a7 : 24A32623;
3a8 : 0D042803;
3a9 : 09000E37;
3aa : 20030593;
3ab : 00F87533;
3ac : 00E56533;
3ad : 01C56533;
3ae : 24A32623;
3af : 41C32503;
3b0 : 07000337;
3b1 : 00F57533;
3b2 : 00E56533;
3b3 : 00656533;
3b4 : 04A5A623;
3b5 : 09C42503;
3b6 : 03000337;
3b7 : 00F57533;
3b8 : 00E56533;
3b9 : 00656533;
3ba : 04A5A623;
3bb : 0A042503;
3bc : 02000337;
3bd : 00F57533;
3be : 00E56533;
3bf : 00656533;
3c0 : 04A5A623;
3c1 : 00F4F533;
3c2 : 00E56533;
3c3 : 011568B3;
3c4 : 0515A623;
3c5 : 0E042503;
3c6 : 00150893;
3c7 : 00F57533;
3c8 : 0F142023;
3c9 : 00E56533;
3ca : 050008B7;
3cb : 00FA77B3;
3cc : 00E7E7B3;
3cd : 01156533;
3ce : 80000737;
3cf : 04A5A623;
3d0 : 00E7E7B3;
3d1 : 04F5A623;
3d2 : 0B442583;
3d3 : FFF00793;
3d4 : 0BEBC737;
3d5 : 0CF42223;
3d6 : 0AF42E23;
3d7 : 20070713;
3d8 : 02B75263;
3d9 : 0B842783;
3da : 00F75E63;
3db : FA0A2737;
3dc : F0070713;
3dd : 00E585B3;
3de : 00E787B3;
3df : 0AB42A23;
3e0 : 0AF42C23;
3e1 : 0CC42783;
3e2 : 02078263;
3e3 : 0EC42783;
3e4 : 00079E63;
3e5 : 5906DE63;
3e6 : 0B442783;
3e7 : 00168693;
3e8 : 0CD42A23;
3e9 : FFF78793;
3ea : 0AF42A23;
3eb : 09042783;
3ec : 00000C93;
3ed : 08078863;
3ee : 02061463;
3ef : 07842783;
3f0 : 06842C83;
3f1 : 00078463;
3f2 : 008D6D13;
3f3 : 07442783;
3f4 : 40F00733;
3f5 : 56E4CA63;
3f6 : 5697C863;
3f7 : 060D6D13;
3f8 : 00048593;
3f9 : 06840513;
3fa : FF4FF0EF;
3fb : 07C42783;
3fc : 04078263;
3fd : 07842683;
3fe : 0F442783;
3ff : 00200713;
400 : 00069463;
401 : 00400713;
402 : 01C79793;
403 : 00E7E7B3;
404 : 86000737;
405 : 00E7E7B3;
406 : 00100737;
407 : 24F72623;
408 : 00068A63;
409 : 41C72783;
40a : 0F842703;
40b : 40E787B3;
40c : 0EF42E23;
40d : 09842783;
40e : 07842703;
40f : 50079A63;
410 : 0CE42623;
411 : 0E442603;
412 : 44061A63;
413 : 08042783;
414 : 00F12E23;
415 : 06842783;
416 : 02F12023;
417 : 09042783;
418 : 00078463;
419 : 004D6D13;
41a : 07842783;
41b : 00078463;
41c : 010D6D13;
41d : 0F042783;
41e : 200D6713;
41f : 00079463;
420 : 100D6713;
421 : 000207B7;
422 : 8587AE03;
423 : 001E0893;
424 : 8517AC23;
425 : 000207B7;
426 : 8547A683;
427 : 00168693;
428 : 84D7AA23;
429 : 00D12A23;
42a : 00100793;
42b : 54F99263;
42c : 000206B7;
42d : 8506A783;
42e : 00178793;
42f : 84F6A823;
430 : 000207B7;
431 : 8517A623;
432 : 000206B7;
433 : 8346A783;
434 : 04078063;
435 : 03378E63;
436 : 00100593;
437 : 56B79863;
438 : 00200593;
439 : 00B99A63;
43a : 00020537;
43b : 83052583;
43c : 00158593;
43d : 82B52823;
43e : 000205B7;
43f : 00879793;
440 : 8315A423;
441 : 0137E7B3;
442 : 000205B7;
443 : 82F5A223;
444 : 000207B7;
445 : 8336AA23;
446 : 8C87A683;
447 : 0D842503;
448 : 00010337;
449 : 02D12223;
44a : 0DC42683;
44b : FFF30313;
44c : 00851813;
44d : 01069593;
44e : 00FF0EB7;
44f : 01D5F5B3;
450 : 00687833;
451 : 00B86833;
452 : 05842583;
453 : 00869693;
454 : 0066F6B3;
455 : 02B12423;
456 : 06442583;
457 : 037D83B3;
458 : 00176D13;
459 : 02B12623;
45a : 0E042583;
45b : 02B12823;
45c : 0FF57593;
45d : 00B6E5B3;
45e : 000206B7;
45f : 8506A683;
460 : 037D9333;
461 : 02D12A23;
462 : 000206B7;
463 : 8486A683;
464 : 02D12C23;
465 : 000206B7;
466 : 8306A683;
467 : 02D12E23;
468 : 000206B7;
469 : 82C6A683;
46a : 04D12023;
46b : 000206B7;
46c : 8406A683;
46d : 04D12223;
46e : 000206B7;
46f : 83C6A683;
470 : 04D12423;
471 : 000206B7;
472 : 8386A683;
473 : 04D12623;
474 : 000206B7;
475 : 8286A683;
476 : 04D12823;
477 : 000206B7;
478 : 8246A683;
479 : 04D12A23;
47a : 000206B7;
47b : 84C6A683;
47c : 04D12C23;
47d : 000206B7;
47e : 8446A683;
47f : 04D12E23;
480 : 8C87A283;
481 : 00812683;
482 : 00012783;
483 : 00C12503;
484 : 40D78FB3;
485 : 00412683;
486 : 01F7B7B3;
487 : 40A68EB3;
488 : 40FE8EB3;
489 : 000207B7;
48a : 8207A683;
48b : 00168513;
48c : 00157F13;
48d : 000F1463;
48e : 00268513;
48f : 82A7A023;
490 : 0FF0000F;
491 : 000207B7;
492 : 8117AE23;
493 : 000207B7;
494 : 8057AC23;
495 : 000207B7;
496 : 8107AA23;
497 : 000207B7;
498 : 80B7A823;
499 : 000207B7;
49a : 8137A623;
49b : 000207B7;
49c : 81A7A423;
49d : 000207B7;
49e : 01812683;
49f : 8097A223;
4a0 : 000207B7;
4a1 : 8127A023;
4a2 : 0001F7B7;
4a3 : 7F77AE23;
4a4 : 0001F7B7;
4a5 : 7ED7AC23;
4a6 : 0001F7B7;
4a7 : 0001F6B7;
4a8 : 7F67AA23;
4a9 : 0001F7B7;
4aa : 7F57A823;
4ab : 7EC6A783;
4ac : 00178793;
4ad : 7EF6A623;
4ae : 000207B7;
4af : 00100693;
4b0 : 9D078793;
4b1 : 3AD99463;
4b2 : 0001F6B7;
4b3 : 7E86A703;
4b4 : 00170713;
4b5 : 7EE6A423;
4b6 : 0001F6B7;
4b7 : 7E06A703;
4b8 : 7E46A603;
4b9 : 01F70E33;
4ba : 00EE3733;
4bb : 01D60633;
4bc : 00C70733;
4bd : 7FC6A023;
4be : 7EE6A223;
4bf : 0001F6B7;
4c0 : 7D86A703;
4c1 : 7DC6A603;
4c2 : 00770E33;
4c3 : 00EE3733;
4c4 : 00660633;
4c5 : 00C70733;
4c6 : 7CE6AE23;
4c7 : 7DC6AC23;
4c8 : 0001F6B7;
4c9 : 7D46A703;
4ca : 00170713;
4cb : 7CE6AA23;
4cc : 000B0A63;
4cd : 0001F6B7;
4ce : 7886A703;
4cf : 00170713;
4d0 : 78E6A423;
4d1 : 007F9463;
4d2 : 026E8463;
4d3 : 0001F6B7;
4d4 : 7846A703;
4d5 : 00170713;
4d6 : 78E6A223;
4d7 : 000B0A63;
4d8 : 0001F6B7;
4d9 : 7806A703;
4da : 00170713;
4db : 78E6A023;
4dc : 00812603;
4dd : 00C12683;
4de : 0001F737;
4df : 76C72C23;
4e0 : 76D72E23;
4e1 : 00012603;
4e2 : 00412683;
4e3 : 0001F737;
4e4 : 76C72823;
4e5 : 76D72A23;
4e6 : 0FF0000F;
4e7 : 00020737;
4e8 : 00150513;
4e9 : 82A72023;
4ea : 0001F737;
4eb : 73072603;
4ec : 00160693;
4ed : 0016F513;
4ee : 00051463;
4ef : 00260693;
4f0 : 00168613;
4f1 : 72D72823;
4f2 : 0FF0000F;
4f3 : 02412683;
4f4 : 44C7A423;
4f5 : 4517A623;
4f6 : 44D7A823;
4f7 : 4507AA23;
4f8 : 4527AC23;
4f9 : 02812683;
4fa : 4537AE23;
4fb : 4697A023;
4fc : 46D7A223;
4fd : 02C12683;
4fe : 4747A423;
4ff : 46D7A623;
500 : 01012683;
501 : 47A7A823;
502 : 46D7AA23;
503 : 01C12683;
504 : 46D7AC23;
505 : 02012683;
506 : 4797AE23;
507 : 48D7A023;
508 : 03012683;
509 : 48D7A223;
50a : 01412683;
50b : 48B7A423;
50c : 48D7A623;
50d : 03412683;
50e : 48D7A823;
50f : 03812683;
510 : 48D7AA23;
511 : 03C12683;
512 : 48D7AC23;
513 : 04012683;
514 : 48D7AE23;
515 : 04412683;
516 : 4AD7A023;
517 : 04812683;
518 : 4AD7A223;
519 : 04C12683;
51a : 4AD7A423;
51b : 05012683;
51c : 4AD7A623;
51d : 05412683;
51e : 4AD7A823;
51f : 00100693;
520 : 4AD7AA23;
521 : 05812683;
522 : 4AD7AC23;
523 : 05C12683;
524 : 4AD7AE23;
525 : 0FF0000F;
526 : 72C72823;
527 : 0CC42503;
528 : F2050E63;
529 : 00100513;
52a : F34FF06F;
52b : 00012823;
52c : 00000D13;
52d : 865FF06F;
52e : 0BC42683;
52f : 0B442783;
530 : 00200993;
531 : 00D787B3;
532 : 0B842683;
533 : 40D787B3;
534 : 0C442683;
535 : 40D787B3;
536 : 01279493;
537 : 01279693;
538 : 0124D493;
539 : 8606DEE3;
53a : FFFFC7B7;
53b : 00F4E4B3;
53c : 871FF06F;
53d : 00000C93;
53e : 00000C13;
53f : 8F5FF06F;
540 : 00000793;
541 : 00000813;
542 : 00F12023;
543 : 01012223;
544 : 00F12423;
545 : 01012623;
546 : 00000D93;
547 : 00000A93;
548 : 00000B13;
549 : 00012C23;
54a : 00000B93;
54b : 919FF06F;
54c : A6D85EE3;
54d : 0B442783;
54e : FFF68693;
54f : 0CD42A23;
550 : 00178793;
551 : A65FF06F;
552 : 0A0D6D13;
553 : A95FF06F;
554 : 0287A683;
555 : 04068863;
556 : 04071263;
557 : 0007A223;
558 : 0C042623;
559 : 0047A703;
55a : 00471713;
55b : 00E78733;
55c : 00872683;
55d : 00D42623;
55e : 00C72683;
55f : 00D42423;
560 : 01072683;
561 : 01472703;
562 : 06042423;
563 : 00D42823;
564 : 06E42623;
565 : 06042E23;
566 : 06042C23;
567 : 07842703;
568 : 03C0006F;
569 : FE070CE3;
56a : 0F442703;
56b : 060006B7;
56c : 00368693;
56d : 01C71713;
56e : 00D76733;
56f : 001006B7;
570 : 24E6A623;
571 : 0007A683;
572 : 0047A703;
573 : FFF68693;
574 : 00D71A63;
575 : 00100713;
576 : 0CE42623;
577 : 02E7A423;
578 : A65FF06F;
579 : 00170713;
57a : 00E7A223;
57b : F79FF06F;
57c : 00020837;
57d : 84882683;
57e : 00020537;
57f : 84052303;
580 : 00168693;
581 : 84D82423;
582 : 00130313;
583 : 000206B7;
584 : 000205B7;
585 : 8516A223;
586 : 84652023;
587 : 04077693;
588 : 83C5A783;
589 : 00068663;
58a : 00178793;
58b : 82F5AE23;
58c : 08077793;
58d : A8078AE3;
58e : 000206B7;
58f : 8386A783;
590 : 00178793;
591 : 82F6AC23;
592 : A81FF06F;
593 : 00200513;
594 : AAA794E3;
595 : AAB992E3;
596 : 00020537;
597 : 82C52583;
598 : 00158593;
599 : 82B52623;
59a : A91FF06F;
59b : 0001FF37;
59c : 7D0F2683;
59d : 00168693;
59e : 7CDF2823;
59f : 0001FF37;
5a0 : 7C8F2683;
5a1 : 7CCF2B83;
5a2 : 01F68C33;
5a3 : 00DC36B3;
5a4 : 01DB8BB3;
5a5 : 017686B3;
5a6 : 7D8F2423;
5a7 : 7CDF2623;
5a8 : 0001FF37;
5a9 : 7C0F2683;
5aa : 7C4F2B83;
5ab : 00768C33;
5ac : 00DC36B3;
5ad : 006B8BB3;
5ae : 017686B3;
5af : 7CDF2223;
5b0 : 7D8F2023;
5b1 : 0001FF37;
5b2 : 7BCF2683;
5b3 : 00168693;
5b4 : 7ADF2E23;
5b5 : 0001FF37;
5b6 : 7B8F2683;
5b7 : 00168693;
5b8 : 7ADF2C23;
5b9 : 04077693;
5ba : 00068A63;
5bb : 0001FF37;
5bc : 7B4F2683;
5bd : 00168693;
5be : 7ADF2A23;
5bf : 08077713;
5c0 : 00070A63;
5c1 : 0001F6B7;
5c2 : 7B06A703;
5c3 : 00170713;
5c4 : 7AE6A823;
5c5 : 000026B7;
5c6 : 00D486B3;
5c7 : 00004F37;
5c8 : 40A6D713;
5c9 : 03E6E263;
5ca : 0001F6B7;
5cb : 7AC6A703;
5cc : 00170713;
5cd : 7AE6A623;
5ce : FFFFE6B7;
5cf : 00000713;
5d0 : 00D4C463;
5d1 : 00F00713;
5d2 : 00271713;
5d3 : 00E78733;
5d4 : 4C072683;
5d5 : 0001FBB7;
5d6 : 7A4BAD83;
5d7 : 00168693;
5d8 : 4CD72023;
5d9 : 0001F737;
5da : 7A872F03;
5db : 41F95693;
5dc : 00DD86B3;
5dd : 001F0F13;
5de : 7BE72423;
5df : 7A0BA703;
5e0 : 01270C33;
5e1 : 00EC3733;
5e2 : 00D70733;
5e3 : 7AEBA223;
5e4 : 7B8BA023;
5e5 : 00100B93;
5e6 : 0001F6B7;
5e7 : 0001F737;
5e8 : 017F1863;
5e9 : 7926AC23;
5ea : 79272A23;
5eb : 0180006F;
5ec : 7986AF03;
5ed : 01E95463;
5ee : 7926AC23;
5ef : 79472683;
5f0 : FF26C4E3;
5f1 : 0001F737;
5f2 : 79072703;
5f3 : 0A070C63;
5f4 : 0001F6B7;
5f5 : 7686A683;
5f6 : 0001F737;
5f7 : 75872703;
5f8 : 18D29263;
5f9 : 0001F6B7;
5fa : 7646A683;
5fb : 16D81C63;
5fc : 0001F6B7;
5fd : 7606A683;
5fe : 16D59663;
5ff : 0001F6B7;
600 : 75C6A683;
601 : 16DE1063;
602 : 40EA8633;
603 : 00163613;
604 : 00EA8A63;
605 : 0001F6B7;
606 : 7546A703;
607 : 00170713;
608 : 74E6AA23;
609 : 14060263;
60a : 0001F6B7;
60b : 7506A603;
60c : 41F4D713;
60d : 00002DB7;
60e : 41F65F13;
60f : 40C48633;
610 : 41E706B3;
611 : 00C4BE33;
612 : 41C686B3;
613 : FFFFCC37;
614 : 01B60E33;
615 : 00CE3BB3;
616 : FFFC0C13;
617 : 00DB8BB3;
618 : 018E7E33;
619 : 017E6E33;
61a : 00060713;
61b : 00068F13;
61c : 040E1A63;
61d : 0001F6B7;
61e : 74C6A703;
61f : 00170713;
620 : 74E6A623;
621 : 0001F737;
622 : 00100693;
623 : 78D72823;
624 : 0001F737;
625 : 75172E23;
626 : 0001F737;
627 : 76572423;
628 : 0001F737;
629 : 77072223;
62a : 0001F737;
62b : 76B72023;
62c : 0001F737;
62d : 75572C23;
62e : 0001F737;
62f : 74972823;
630 : A71FF06F;
631 : 00D04663;
632 : 06069263;
633 : 06CDF063;
634 : FFFFC737;
635 : 00E60733;
636 : 00C73633;
637 : FFF68693;
638 : 00D60F33;
639 : 0001F637;
63a : 74862683;
63b : 00168693;
63c : 74D62423;
63d : 0001F637;
63e : 74062683;
63f : 0001FE37;
640 : 00168693;
641 : 74D62023;
642 : 738E2683;
643 : 73CE2603;
644 : 00E68733;
645 : 00D736B3;
646 : 01E60F33;
647 : 01E686B3;
648 : 72EE2C23;
649 : 72DE2E23;
64a : F5DFF06F;
64b : FFF00E13;
64c : 01C6C863;
64d : FDC690E3;
64e : FFFFEE37;
64f : FBC67CE3;
650 : 00004737;
651 : 00E60733;
652 : 00C73633;
653 : 00D60F33;
654 : 0001F637;
655 : 74462683;
656 : 00168693;
657 : 74D62223;
658 : F95FF06F;
659 : EAEA98E3;
65a : 0001F6B7;
65b : 78C6A703;
65c : 00170713;
65d : 78E6A623;
65e : F0DFF06F;
65f : 001017B7;
660 : A0078793;
661 : 00F50533;
662 : 00052503;
663 : 00008067;
664 : 00000793;
665 : 00A79463;
666 : 00008067;
667 : 00000013;
668 : 00178793;
669 : FF1FF06F;
66a : 00050A63;
66b : 00052783;
66c : 00C7A303;
66d : 00030463;
66e : 00030067;
66f : 00000513;
670 : 00008067;
671 : 00054783;
672 : 00078863;
673 : 00100713;
674 : 02E78E63;
675 : 00008067;
676 : 02D58063;
677 : 00154783;
678 : 00400713;
679 : 00178793;
67a : 0FF7F793;
67b : 00F500A3;
67c : 00F76863;
67d : 00008067;
67e : 000500A3;
67f : 00008067;
680 : 00100793;
681 : 00F51023;
682 : 00008067;
683 : FED596E3;
684 : 00154783;
685 : 00400713;
686 : 00178793;
687 : 0FF7F793;
688 : 00F500A3;
689 : 00F77A63;
68a : 00200793;
68b : E0C60613;
68c : 00F50023;
68d : 00C52223;
68e : 00008067;
68f : 001007B7;
690 : 00452703;
691 : 40078793;
692 : 0047A783;
693 : 00100513;
694 : 00E51533;
695 : 00F57533;
696 : 00A03533;
697 : 00008067;
698 : 00452783;
699 : 00100713;
69a : 00F71733;
69b : 001007B7;
69c : 40078793;
69d : 00058663;
69e : 00E7A223;
69f : 00008067;
6a0 : 00E7A423;
6a1 : 00008067;
6a2 : 00008067;
6a3 : 00852803;
6a4 : 00050793;
6a5 : 00A00893;
6a6 : 00000513;
6a7 : 00D00313;
6a8 : 00A58733;
6a9 : 00074683;
6aa : 00069463;
6ab : 00008067;
6ac : 00C7A603;
6ad : 00082703;
6ae : 00467613;
6af : 00060C63;
6b0 : 01169A63;
6b1 : 00072603;
6b2 : 00167613;
6b3 : FE061CE3;
6b4 : 00672423;
6b5 : 00072603;
6b6 : 00167613;
6b7 : FE061CE3;
6b8 : 00D72423;
6b9 : 00150513;
6ba : FB9FF06F;
6bb : 0001F6B7;
6bc : 6B66D703;
6bd : 000207B7;
6be : 9D078793;
6bf : 00E787B3;
6c0 : 00151513;
6c1 : 00270713;
6c2 : 50A78023;
6c3 : 50B780A3;
6c4 : 6AE69B23;
6c5 : 00008067;
6c6 : 0001B6B7;
6c7 : FFF58593;
6c8 : 00000793;
6c9 : 00000713;
6ca : B9868693;
6cb : 0FD00893;
6cc : 0F900313;
6cd : 0FF00E13;
6ce : FA200E93;
6cf : 01C00813;
6d0 : 00E68633;
6d1 : 00064603;
6d2 : 01161E63;
6d3 : 00F50633;
6d4 : 01D60023;
6d5 : 00170713;
6d6 : 00178793;
6d7 : FF0712E3;
6d8 : 00008067;
6d9 : 00661A63;
6da : 00F50633;
6db : 00064603;
6dc : 00C787B3;
6dd : FE1FF06F;
6de : FDC61EE3;
6df : 00F50633;
6e0 : 40F58F33;
6e1 : 01E60023;
6e2 : FCDFF06F;
6e3 : FF010113;
6e4 : 00112623;
6e5 : 00812423;
6e6 : 00654783;
6e7 : 02000713;
6e8 : 00F75463;
6e9 : 02000793;
6ea : FA200713;
6eb : 0FF7F413;
6ec : 00F507B3;
6ed : 00E783A3;
6ee : 00A7C783;
6ef : 00400713;
6f0 : 00F75463;
6f1 : 00400793;
6f2 : 00F40433;
6f3 : 0FF47413;
6f4 : 008507B3;
6f5 : 00B786A3;
6f6 : 0167C583;
6f7 : 00100713;
6f8 : 00E78823;
6f9 : 02800793;
6fa : 00B7D463;
6fb : 02800593;
6fc : 00B40433;
6fd : 0FF47413;
6fe : 008507B3;
6ff : 01940413;
700 : 0FF47413;
701 : 00500713;
702 : 00040593;
703 : 00E78BA3;
704 : 00078C23;
705 : F05FF0EF;
706 : 00C12083;
707 : 00040513;
708 : 00812403;
709 : 01010113;
70a : 00008067;
70b : 00050793;
70c : 00060513;
70d : 00C58633;
70e : 00C59463;
70f : 00008067;
710 : 0007D683;
711 : 00158593;
712 : 00168713;
713 : 01071713;
714 : 01075713;
715 : 00E79023;
716 : FFF5C803;
717 : 00D786B3;
718 : 01068523;
719 : 0067D683;
71a : FCE698E3;
71b : 00079023;
71c : FC9FF06F;
71d : 00050793;
71e : 00060513;
71f : 00069463;
720 : 00060693;
721 : 00068713;
722 : 00D57463;
723 : 00050713;
724 : 00E78633;
725 : 02C79463;
726 : 02A6F063;
727 : 0025D783;
728 : 0065D703;
729 : 00F507B3;
72a : 40D786B3;
72b : 00D59123;
72c : 0025D783;
72d : 04F76063;
72e : 00008067;
72f : 0025D703;
730 : 00178793;
731 : 00E58733;
732 : 00A74703;
733 : FEE78FA3;
734 : 0025D703;
735 : 0065D803;
736 : 00170713;
737 : 01071713;
738 : 01075713;
739 : 00E59123;
73a : FAE816E3;
73b : 00059123;
73c : FA5FF06F;
73d : 40E787B3;
73e : 00F59123;
73f : FB5FF06F;
740 : 00100737;
741 : 22072683;
742 : 000107B7;
743 : 00A797B3;
744 : 00FF0537;
745 : 00A7F7B3;
746 : 00D7E7B3;
747 : 22F72023;
748 : 00008067;
749 : 00000713;
74a : 00000693;
74b : 02B6C663;
74c : 00010537;
74d : FFF50513;
74e : 01075793;
74f : 00A77733;
750 : 00E787B3;
751 : 0107D713;
752 : 00F70733;
753 : FFF74713;
754 : 00A77533;
755 : 00008067;
756 : 00169613;
757 : 00C50633;
758 : 00065783;
759 : 00065603;
75a : 00168693;
75b : 00879793;
75c : 00865613;
75d : 00C7E7B3;
75e : 01079793;
75f : 0107D793;
760 : 00F70733;
761 : FA9FF06F;
762 : FC010113;
763 : 02812C23;
764 : 02912A23;
765 : 03212823;
766 : 03312623;
767 : 03412423;
768 : 01812C23;
769 : 01912A23;
76a : 02112E23;
76b : 03512223;
76c : 03612023;
76d : 01712E23;
76e : 01A12823;
76f : 00050413;
770 : 00058913;
771 : 00C50993;
772 : 01050A13;
773 : 01450C93;
774 : 01650C13;
775 : 00060493;
776 : 04061463;
777 : 00400613;
778 : 00098593;
779 : 00810513;
77a : 1A10E0EF;
77b : 00400613;
77c : 000A0593;
77d : 00410513;
77e : 1910E0EF;
77f : 00200613;
780 : 000C8593;
781 : 00E10513;
782 : 1810E0EF;
783 : 00200613;
784 : 000C0593;
785 : 00C10513;
786 : 1710E0EF;
787 : 00410493;
788 : 00840B93;
789 : 00400613;
78a : 00048593;
78b : 000B8513;
78c : 1590E0EF;
78d : 00448A93;
78e : 00400613;
78f : 000A8593;
790 : 00098513;
791 : 1450E0EF;
792 : FEC90B13;
793 : 408B5D13;
794 : 000017B7;
795 : 10078793;
796 : 0FFB7B13;
797 : 0FFD7D13;
798 : 00F41823;
799 : 016409A3;
79a : 00200613;
79b : 00848593;
79c : 01A40923;
79d : 000C8513;
79e : 1110E0EF;
79f : 00200613;
7a0 : 00A48593;
7a1 : 000C0513;
7a2 : 1010E0EF;
7a3 : FF990593;
7a4 : 01640CA3;
7a5 : 01A40C23;
7a6 : 00041D23;
7a7 : 01240B33;
7a8 : 000B4C03;
7a9 : 4015D593;
7aa : 000B0023;
7ab : 000B8513;
7ac : E75FF0EF;
7ad : 01051513;
7ae : 01055513;
7af : 018B0023;
7b0 : 00051663;
7b1 : 00010537;
7b2 : FFF50513;
7b3 : 00851793;
7b4 : 00855513;
7b5 : 00A7E533;
7b6 : 04500793;
7b7 : 00F41023;
7b8 : 00891793;
7b9 : 01091913;
7ba : 01095913;
7bb : 00895913;
7bc : 0127E933;
7bd : 000017B7;
7be : 13F78793;
7bf : 00F42423;
7c0 : 00A41D23;
7c1 : 01241123;
7c2 : 00048593;
7c3 : 00042223;
7c4 : 00400613;
7c5 : 00098513;
7c6 : 0710E0EF;
7c7 : 000A8593;
7c8 : 00400613;
7c9 : 000A0513;
7ca : 0610E0EF;
7cb : 00040513;
7cc : 00A00593;
7cd : DF1FF0EF;
7ce : 00851793;
7cf : 01051513;
7d0 : 01055513;
7d1 : 00855513;
7d2 : 00A7E533;
7d3 : 03C12083;
7d4 : 00A41523;
7d5 : 03812403;
7d6 : 03412483;
7d7 : 03012903;
7d8 : 02C12983;
7d9 : 02812A03;
7da : 02412A83;
7db : 02012B03;
7dc : 01C12B83;
7dd : 01812C03;
7de : 01412C83;
7df : 01012D03;
7e0 : 04010113;
7e1 : 00008067;
7e2 : 0016F793;
7e3 : 1C079E63;
7e4 : FB010113;
7e5 : 04812423;
7e6 : 04912223;
7e7 : 03412C23;
7e8 : 03512A23;
7e9 : 03612823;
7ea : 03712623;
7eb : 03912223;
7ec : 04112623;
7ed : 05212023;
7ee : 03312E23;
7ef : 03812423;
7f0 : 00054983;
7f1 : 0046FB93;
7f2 : 00050A13;
7f3 : 40B989B3;
7f4 : 00158593;
7f5 : 00060413;
7f6 : 00068A93;
7f7 : 00B504B3;
7f8 : 0086FC93;
7f9 : 01703B33;
7fa : 01044903;
7fb : 04090A63;
7fc : 00042C03;
7fd : 00090613;
7fe : 0129D463;
7ff : 00098613;
800 : 0FF67613;
801 : 00048593;
802 : 000C0513;
803 : 0E80E0EF;
804 : 01851513;
805 : 41855513;
806 : 060C8463;
807 : 00090613;
808 : 000C0593;
809 : 00048513;
80a : 7600E0EF;
80b : 01044783;
80c : 00100713;
80d : 00000B13;
80e : 00F487B3;
80f : 00E78023;
810 : 01044783;
811 : 06079663;
812 : 00000513;
813 : 04C12083;
814 : 04812403;
815 : 04412483;
816 : 04012903;
817 : 03C12983;
818 : 03812A03;
819 : 03412A83;
81a : 03012B03;
81b : 02C12B83;
81c : 02812C03;
81d : 02412C83;
81e : 05010113;
81f : 00008067;
820 : 020B8263;
821 : 0E051663;
822 : F9395AE3;
823 : 00190913;
824 : FB3908E3;
825 : 000B8A63;
826 : 01395863;
827 : 00100B13;
828 : FA1FF06F;
829 : FE0504E3;
82a : 01440413;
82b : F3DFF06F;
82c : 00C42783;
82d : 00912623;
82e : 00F12C23;
82f : 01045783;
830 : 00F11E23;
831 : 000B0863;
832 : 0014C783;
833 : 00178793;
834 : 00F480A3;
835 : 01044503;
836 : 00442783;
837 : 00C10593;
838 : 00150513;
839 : 00A48533;
83a : 000780E7;
83b : 04051E63;
83c : F40B0CE3;
83d : 02444603;
83e : F40608E3;
83f : 01442583;
840 : 00048513;
841 : 01440413;
842 : 6800E0EF;
843 : 01044783;
844 : 00100713;
845 : 00C10593;
846 : 00F487B3;
847 : 00E78023;
848 : 00C42783;
849 : 01044503;
84a : 00F12C23;
84b : 01045783;
84c : 00150513;
84d : 00A48533;
84e : 00F11E23;
84f : 00442783;
850 : 000780E7;
851 : F00502E3;
852 : F00542E3;
853 : 01044783;
854 : 00CAFA93;
855 : 00178793;
856 : 00F50533;
857 : EE0A88E3;
858 : 00FA0023;
859 : EE9FF06F;
85a : FFC00513;
85b : 00008067;
85c : F2A05CE3;
85d : EA9FF06F;
85e : FC010113;
85f : 02812C23;
860 : 02912A23;
861 : 03212823;
862 : 03312623;
863 : 03512223;
864 : 03612023;
865 : 01712E23;
866 : 01812C23;
867 : 02112E23;
868 : 03412423;
869 : 01912A23;
86a : 01A12823;
86b : 01B12623;
86c : 00054A03;
86d : 00050A93;
86e : 00060413;
86f : 40BA0A33;
870 : 00158593;
871 : 00B504B3;
872 : 0086FB93;
873 : 00000993;
874 : 0036FC13;
875 : 0046FB13;
876 : 0016F913;
877 : 01044C83;
878 : 100C8063;
879 : 000C8D13;
87a : 000B9863;
87b : 019A5463;
87c : 000A0D13;
87d : 0FFD7D13;
87e : 000C0463;
87f : 034C9863;
880 : 00042D83;
881 : 020B9863;
882 : 000D0613;
883 : 00048593;
884 : 000D8513;
885 : 6E10D0EF;
886 : 01851993;
887 : 4189D993;
888 : 0C099863;
889 : 020B0C63;
88a : 01AC9E63;
88b : 01440413;
88c : FADFF06F;
88d : 00098663;
88e : 0A0B1E63;
88f : 0200006F;
890 : 000B0E63;
891 : 000C8613;
892 : 000D8593;
893 : 00048513;
894 : 5380E0EF;
895 : 01044783;
896 : 00FA8023;
897 : 02091463;
898 : 01044503;
899 : 00442783;
89a : 00040593;
89b : 00A48533;
89c : 000780E7;
89d : FA050CE3;
89e : 01044783;
89f : 00A78533;
8a0 : 0200006F;
8a1 : 00842783;
8a2 : 06078063;
8a3 : 01044503;
8a4 : 00040593;
8a5 : 00A48533;
8a6 : 000780E7;
8a7 : FC0552E3;
8a8 : 03C12083;
8a9 : 03812403;
8aa : 03412483;
8ab : 03012903;
8ac : 02C12983;
8ad : 02812A03;
8ae : 02412A83;
8af : 02012B03;
8b0 : 01C12B83;
8b1 : 01812C03;
8b2 : 01412C83;
8b3 : 01012D03;
8b4 : 00C12D83;
8b5 : 04010113;
8b6 : 00008067;
8b7 : F53058E3;
8b8 : 00000513;
8b9 : FBDFF06F;
8ba : FFC00513;
8bb : FB5FF06F;
8bc : FE0B06E3;
8bd : F53048E3;
8be : F20B8AE3;
8bf : F49FF06F;
8c0 : FE010113;
8c1 : 00112E23;
8c2 : 04054063;
8c3 : 41F55793;
8c4 : 01255713;
8c5 : 00E79793;
8c6 : 00E51513;
8c7 : 000025B7;
8c8 : 00E7E7B3;
8c9 : 00A12423;
8ca : F4058593;
8cb : 00810513;
8cc : 00F12623;
8cd : 280110EF;
8ce : 00812503;
8cf : 01C12083;
8d0 : 02010113;
8d1 : 00008067;
8d2 : FFFFC7B7;
8d3 : 02F50533;
8d4 : 000025B7;
8d5 : F4058593;
8d6 : 00A12423;
8d7 : 41F55513;
8d8 : 00A12623;
8d9 : 00810513;
8da : 24C110EF;
8db : 00812503;
8dc : 40A00533;
8dd : FC9FF06F;
8de : F5010113;
8df : 0B212023;
8e0 : 09312E23;
8e1 : 09412C23;
8e2 : 0001B937;
8e3 : 0001B9B7;
8e4 : 0001CA37;
8e5 : 09512A23;
8e6 : 09712623;
8e7 : 09812423;
8e8 : 0A112623;
8e9 : 0A812423;
8ea : 0A912223;
8eb : 09612823;
8ec : 09912223;
8ed : 09A12023;
8ee : 07B12E23;
8ef : 00050C13;
8f0 : 00058B93;
8f1 : 00050A93;
8f2 : B5890913;
8f3 : A2898993;
8f4 : 0FCA0A13;
8f5 : 000BC783;
8f6 : 04079463;
8f7 : 000A8023;
8f8 : 0AC12083;
8f9 : 0A812403;
8fa : 418A8533;
8fb : 0A412483;
8fc : 0A012903;
8fd : 09C12983;
8fe : 09812A03;
8ff : 09412A83;
900 : 09012B03;
901 : 08C12B83;
902 : 08812C03;
903 : 08412C83;
904 : 08012D03;
905 : 07C12D83;
906 : 0B010113;
907 : 00008067;
908 : 02500713;
909 : 00E78863;
90a : 00FA8023;
90b : 001A8A93;
90c : 3E80006F;
90d : 00000B13;
90e : 02B00693;
90f : 02D00593;
910 : 03000513;
911 : 02000813;
912 : 02300893;
913 : 01C0006F;
914 : 00B70863;
915 : 02A71663;
916 : 001B6B13;
917 : 0080006F;
918 : 010B6B13;
919 : 00078B93;
91a : 001BC703;
91b : 001B8793;
91c : 02D70863;
91d : FCE6EEE3;
91e : 03070863;
91f : 03170A63;
920 : FD070693;
921 : 0FF6F693;
922 : 00900593;
923 : 08D5E263;
924 : 00000413;
925 : 00900593;
926 : 00A00513;
927 : 02C0006F;
928 : 004B6B13;
929 : FC1FF06F;
92a : 008B6B13;
92b : FB9FF06F;
92c : 040B6B13;
92d : FB1FF06F;
92e : 02A40433;
92f : 00178793;
930 : 00D40433;
931 : FD040413;
932 : 0007C683;
933 : FD068713;
934 : 0FF77713;
935 : FEE5F2E3;
936 : 0007C683;
937 : 02E00713;
938 : FFF00493;
939 : 08E69063;
93a : 0017C583;
93b : 00900513;
93c : 00178713;
93d : FD058693;
93e : 0FF6F693;
93f : 0ED56863;
940 : 00000493;
941 : 00900593;
942 : 00A00513;
943 : 03C0006F;
944 : 02A00693;
945 : FFF00413;
946 : FCD710E3;
947 : 00062403;
948 : 002B8793;
949 : 00460613;
94a : FA0458E3;
94b : 40800433;
94c : 010B6B13;
94d : FA5FF06F;
94e : 02A484B3;
94f : 00170713;
950 : 00D484B3;
951 : FD048493;
952 : 00074683;
953 : FD068793;
954 : 0FF7F793;
955 : FEF5F2E3;
956 : 0004D463;
957 : 00000493;
958 : 00070793;
959 : 0007C703;
95a : 06800693;
95b : 02D70063;
95c : 0DF77693;
95d : 04C00593;
95e : 00B68A63;
95f : 05A00593;
960 : 00B68663;
961 : 07400693;
962 : 08D71463;
963 : 06C00593;
964 : 0017C683;
965 : 00178B93;
966 : 00B71863;
967 : 00E69663;
968 : 00278B93;
969 : 04C00713;
96a : 000BC783;
96b : 07800693;
96c : 02F6E063;
96d : 06200693;
96e : 06F6E263;
96f : 02500693;
970 : E6D784E3;
971 : 05800693;
972 : 01000C93;
973 : 06D78A63;
974 : 02500793;
975 : 00FA8023;
976 : 000BC783;
977 : 34078E63;
978 : 00FA80A3;
979 : 002A8A93;
97a : 2300006F;
97b : 02A00693;
97c : 00D59A63;
97d : 00062483;
97e : 00278713;
97f : 00460613;
980 : F59FF06F;
981 : 00070793;
982 : 00000493;
983 : F59FF06F;
984 : 00078B93;
985 : FFF00713;
986 : F91FF06F;
987 : F9D78793;
988 : 0FF7F793;
989 : 01500693;
98a : FAF6E4E3;
98b : 00279793;
98c : 013787B3;
98d : 0007A783;
98e : 00078067;
98f : 00800C93;
990 : 04C00793;
991 : 30F71063;
992 : 00760613;
993 : FF867613;
994 : 00062703;
995 : 00462783;
996 : 00860D13;
997 : 02E12023;
998 : 02F12223;
999 : 040B7693;
99a : 00068663;
99b : FF6C8693;
99c : 00D036B3;
99d : 010B7813;
99e : 020B7613;
99f : 00080463;
9a0 : FFEB7B13;
9a1 : 002B7593;
9a2 : 00000893;
9a3 : 02058463;
9a4 : 3207D263;
9a5 : 40E005B3;
9a6 : 40F007B3;
9a7 : 00E03733;
9a8 : 40E78733;
9a9 : 02B12023;
9aa : 02E12223;
9ab : FFF40413;
9ac : 02D00893;
9ad : 00068863;
9ae : 01000793;
9af : 32FC8063;
9b0 : FFF40413;
9b1 : 02012783;
9b2 : 02412703;
9b3 : 00E7E7B3;
9b4 : 30079A63;
9b5 : 03000793;
9b6 : 02F10623;
9b7 : 00100D93;
9b8 : 01B4D463;
9b9 : 000D8493;
9ba : 011B7793;
9bb : 40940433;
9bc : 02079A63;
9bd : 000A8793;
9be : 02000593;
9bf : 00178793;
9c0 : 40FA8733;
9c1 : 00870733;
9c2 : 36075063;
9c3 : 00040793;
9c4 : 00045463;
9c5 : 00000793;
9c6 : FFF40413;
9c7 : 00FA8AB3;
9c8 : 40F40433;
9c9 : 00088663;
9ca : 011A8023;
9cb : 001A8A93;
9cc : 00068C63;
9cd : 03000793;
9ce : 00FA8023;
9cf : 01000793;
9d0 : 32FC8863;
9d1 : 001A8A93;
9d2 : 04081063;
9d3 : 001B7793;
9d4 : 03000693;
9d5 : 00079463;
9d6 : 02000693;
9d7 : 000A8793;
9d8 : 00178793;
9d9 : 40F40733;
9da : 00EA8733;
9db : 30075A63;
9dc : 00040793;
9dd : 00045463;
9de : 00000793;
9df : FFF40413;
9e0 : 00FA8AB3;
9e1 : 40F40433;
9e2 : 000A8793;
9e3 : 03000693;
9e4 : 2FC0006F;
9e5 : 010B7793;
9e6 : 04079463;
9e7 : 000A8793;
9e8 : 02000693;
9e9 : 0080006F;
9ea : FED78FA3;
9eb : 00178793;
9ec : 40FA8733;
9ed : 00870733;
9ee : FEE048E3;
9ef : FFF40793;
9f0 : 00000713;
9f1 : 00805463;
9f2 : 00078713;
9f3 : 00EA8AB3;
9f4 : 00804463;
9f5 : 00100413;
9f6 : 40878433;
9f7 : 00140413;
9f8 : 00062783;
9f9 : 001A8713;
9fa : 00460693;
9fb : 00FA8023;
9fc : 02000593;
9fd : 00070793;
9fe : 008A8AB3;
9ff : 40FA8633;
a00 : 02C04063;
a01 : 00000A93;
a02 : 00805463;
a03 : FFF40A93;
a04 : 01570AB3;
a05 : 00068613;
a06 : 001B8B93;
a07 : BB9FF06F;
a08 : 00178793;
a09 : FEB78FA3;
a0a : FD5FF06F;
a0b : 00062C83;
a0c : 00460D13;
a0d : 000C9463;
a0e : 000A0C93;
a0f : 00048593;
a10 : 000C8513;
a11 : 6E10E0EF;
a12 : 010B7793;
a13 : 08078263;
a14 : 00000793;
a15 : 08A7C663;
a16 : 00050793;
a17 : 00055463;
a18 : 00000793;
a19 : 00FA8AB3;
a1a : 000A8793;
a1b : 008A86B3;
a1c : 02000613;
a1d : 40F68733;
a1e : 08E54063;
a1f : 00000793;
a20 : 00A44463;
a21 : 40A407B3;
a22 : 00FA8AB3;
a23 : 000D0613;
a24 : F89FF06F;
a25 : 00178793;
a26 : FEC78FA3;
a27 : 40F68733;
a28 : FEE54AE3;
a29 : 40A40733;
a2a : 00000793;
a2b : 00A44463;
a2c : 00070793;
a2d : 00FA8AB3;
a2e : 00000793;
a2f : 00A44463;
a30 : 40E007B3;
a31 : FFF40413;
a32 : 00878433;
a33 : F85FF06F;
a34 : 000A8793;
a35 : 008A86B3;
a36 : 02000613;
a37 : FC1FF06F;
a38 : 00FC8733;
a39 : 00074683;
a3a : 00FA8733;
a3b : 00178793;
a3c : 00D70023;
a3d : F61FF06F;
a3e : 00178793;
a3f : FEC78FA3;
a40 : F75FF06F;
a41 : 00062783;
a42 : 418A86B3;
a43 : 00460613;
a44 : 00D7A023;
a45 : F05FF06F;
a46 : 001B6B13;
a47 : 00800413;
a48 : 020B6B13;
a49 : 01000C93;
a4a : D19FF06F;
a4b : 002B6B13;
a4c : 00A00C93;
a4d : D0DFF06F;
a4e : 001A8A93;
a4f : FFFB8B93;
a50 : ED9FF06F;
a51 : 06C00793;
a52 : 00460D13;
a53 : 00F71A63;
a54 : 00062703;
a55 : 002B7793;
a56 : D00782E3;
a57 : 0480006F;
a58 : FDF77793;
a59 : 05A00693;
a5a : 00D79863;
a5b : 00062703;
a5c : 00000793;
a5d : CE9FF06F;
a5e : 07400793;
a5f : FEF708E3;
a60 : 06800693;
a61 : 002B7793;
a62 : 02D71263;
a63 : 00062703;
a64 : 01071713;
a65 : 00079663;
a66 : 01075713;
a67 : CC1FF06F;
a68 : 41075713;
a69 : 41F75793;
a6a : CB5FF06F;
a6b : 00062703;
a6c : FA9FF06F;
a6d : 004B7793;
a6e : 00078863;
a6f : FFF40413;
a70 : 02B00893;
a71 : CF1FF06F;
a72 : 008B7793;
a73 : CE0784E3;
a74 : FFF40413;
a75 : 02000893;
a76 : CDDFF06F;
a77 : FFE40413;
a78 : CE5FF06F;
a79 : 02C10713;
a7a : 00000D93;
a7b : 02412583;
a7c : 02012783;
a7d : 02059E63;
a7e : 0397F533;
a7f : 0397D7B3;
a80 : 02F12023;
a81 : 00A90533;
a82 : 05C54783;
a83 : 02412583;
a84 : 001D8D93;
a85 : 00F667B3;
a86 : 00F70023;
a87 : 02012783;
a88 : 00170713;
a89 : 00B7E7B3;
a8a : FC0792E3;
a8b : CB5FF06F;
a8c : 000C8593;
a8d : 02010513;
a8e : 01112E23;
a8f : 01012C23;
a90 : 00C12A23;
a91 : 00D12823;
a92 : 00E12623;
a93 : 369100EF;
a94 : 01C12883;
a95 : 01812803;
a96 : 01412603;
a97 : 01012683;
a98 : 00C12703;
a99 : FA1FF06F;
a9a : FEB78FA3;
a9b : C91FF06F;
a9c : 05866613;
a9d : 00CA80A3;
a9e : 002A8A93;
a9f : CCDFF06F;
aa0 : FED78FA3;
aa1 : CDDFF06F;
aa2 : FED78FA3;
aa3 : 00178793;
aa4 : 40F48733;
aa5 : 00EA8733;
aa6 : FFB758E3;
aa7 : 000D8713;
aa8 : 00000793;
aa9 : 01B4C463;
aaa : 41B487B3;
aab : 00FA8AB3;
aac : 000A8793;
aad : FFF00693;
aae : FFFD8D93;
aaf : 02DD9863;
ab0 : 00EA8AB3;
ab1 : 000A8793;
ab2 : 02000693;
ab3 : 00178793;
ab4 : 40F40733;
ab5 : 00EA8733;
ab6 : 02075663;
ab7 : 00045463;
ab8 : 00000413;
ab9 : 008A8AB3;
aba : DA5FF06F;
abb : 02C10613;
abc : 01B60633;
abd : 00064603;
abe : 00178793;
abf : FEC78FA3;
ac0 : FB9FF06F;
ac1 : FED78FA3;
ac2 : FC5FF06F;
ac3 : FD010113;
ac4 : 02112623;
ac5 : 02812423;
ac6 : 02912223;
ac7 : 03212023;
ac8 : 00054683;
ac9 : 0115C783;
aca : 00154483;
acb : 00058713;
acc : 0CD79A63;
acd : 04000693;
ace : 00060413;
acf : 00250593;
ad0 : 08D78E63;
ad1 : 02F6EE63;
ad2 : 00200693;
ad3 : 04D78063;
ad4 : 00400693;
ad5 : 00000513;
ad6 : 06D79663;
ad7 : 01374783;
ad8 : FFD00513;
ad9 : 0697E063;
ada : 00040513;
adb : 00048613;
adc : 00940433;
add : 4150D0EF;
ade : 00040023;
adf : 0440006F;
ae0 : 04200713;
ae1 : 00000513;
ae2 : 02E79E63;
ae3 : 00400913;
ae4 : FFD00513;
ae5 : 02996863;
ae6 : 00048613;
ae7 : 00810513;
ae8 : 00012423;
ae9 : 3E50D0EF;
aea : 00812503;
aeb : 40990933;
aec : 00391913;
aed : 769160EF;
aee : 01255933;
aef : 01242023;
af0 : 00248513;
af1 : 02C12083;
af2 : 02812403;
af3 : 02412483;
af4 : 02012903;
af5 : 03010113;
af6 : 00008067;
af7 : 00400793;
af8 : FFD00513;
af9 : FEF490E3;
afa : 00400613;
afb : 00040513;
afc : 3990D0EF;
afd : 00040593;
afe : 00C10513;
aff : 0EC0C0EF;
b00 : FC1FF06F;
b01 : FFD00513;
b02 : FBDFF06F;
b03 : 0125C703;
b04 : 00C5A603;
b05 : 00E60633;
b06 : EF5FF06F;
b07 : FC010113;
b08 : 02812C23;
b09 : 02912A23;
b0a : 03212823;
b0b : 02112E23;
b0c : 00B50023;
b0d : 04000793;
b0e : 00050413;
b0f : 00060493;
b10 : 00250913;
b11 : 0CF58A63;
b12 : 02B7E863;
b13 : 00200793;
b14 : 06F58863;
b15 : 00400793;
b16 : 08F58C63;
b17 : 00000513;
b18 : 03C12083;
b19 : 03812403;
b1a : 03412483;
b1b : 03012903;
b1c : 04010113;
b1d : 00008067;
b1e : 04300793;
b1f : 04B7F263;
b20 : 04600793;
b21 : FCF59CE3;
b22 : 0001F7B7;
b23 : 6AC7C783;
b24 : 00000513;
b25 : FC0786E3;
b26 : 00462783;
b27 : 00062703;
b28 : 01010593;
b29 : 00800613;
b2a : 00090513;
b2b : 00F12A23;
b2c : 00E12823;
b2d : 2D50D0EF;
b2e : 00800793;
b2f : 0240006F;
b30 : 0004A503;
b31 : 659160EF;
b32 : 00A12623;
b33 : 00400613;
b34 : 00C10593;
b35 : 00090513;
b36 : 2B10D0EF;
b37 : 00400793;
b38 : 00F400A3;
b39 : 00144503;
b3a : 00250513;
b3b : F75FF06F;
b3c : 01F00593;
b3d : 00060513;
b3e : 22D0E0EF;
b3f : 00A400A3;
b40 : 0FF57513;
b41 : 00150613;
b42 : 00048593;
b43 : 00090513;
b44 : 2790D0EF;
b45 : FD1FF06F;
b46 : 00400793;
b47 : 00F500A3;
b48 : 00048593;
b49 : 00400613;
b4a : 00090513;
b4b : 25D0D0EF;
b4c : 00048593;
b4d : 01C10513;
b4e : 7B10B0EF;
b4f : FA9FF06F;
b50 : FD010113;
b51 : 02912223;
b52 : 00058493;
b53 : 0001F5B7;
b54 : 02812423;
b55 : 01000613;
b56 : 00050413;
b57 : 4D458593;
b58 : 00C10513;
b59 : 02112623;
b5a : 2210D0EF;
b5b : 0114C583;
b5c : 00C10613;
b5d : 00040513;
b5e : 00010E23;
b5f : EA1FF0EF;
b60 : 02C12083;
b61 : 02812403;
b62 : 02412483;
b63 : 03010113;
b64 : 00008067;
b65 : 0125C783;
b66 : 00C5A603;
b67 : 0115C583;
b68 : 00F60633;
b69 : E79FF06F;
b6a : 00C5A703;
b6b : 0125C783;
b6c : 0115C583;
b6d : 00072603;
b6e : 00F60633;
b6f : E61FF06F;
b70 : FF010113;
b71 : 00912223;
b72 : 00C5A483;
b73 : 00812423;
b74 : 00112623;
b75 : 00048613;
b76 : D35FF0EF;
b77 : 00050413;
b78 : 02A05063;
b79 : 0004A703;
b7a : 00100793;
b7b : 02F71663;
b7c : 3F8150EF;
b7d : 6DC150EF;
b7e : 06400793;
b7f : 00F4A023;
b80 : 00C12083;
b81 : 00040513;
b82 : 00812403;
b83 : 00412483;
b84 : 01010113;
b85 : 00008067;
b86 : 0C800793;
b87 : FE1FF06F;
b88 : 00020737;
b89 : 9D070793;
b8a : 71C7A683;
b8b : 00C5A783;
b8c : FE010113;
b8d : 00812C23;
b8e : 00912A23;
b8f : 00112E23;
b90 : 00200613;
b91 : 00050493;
b92 : 00058413;
b93 : 04C78A63;
b94 : 00500613;
b95 : 0AC78263;
b96 : 9D070713;
b97 : 5BC72583;
b98 : 00100613;
b99 : 10C59063;
b9a : 00001637;
b9b : 00C70633;
b9c : 8E062603;
b9d : 0EB61863;
b9e : FFF78793;
b9f : 00C00613;
ba0 : 5B872503;
ba1 : 1CF66463;
ba2 : 0001B637;
ba3 : 00279793;
ba4 : A8060613;
ba5 : 00C787B3;
ba6 : 0007A783;
ba7 : 00078067;
ba8 : 05068513;
ba9 : 4650E0EF;
baa : 00058793;
bab : 00B12623;
bac : 00A12423;
bad : FFF00713;
bae : 01144583;
baf : 00E7C863;
bb0 : 02E79063;
bb1 : 80000737;
bb2 : 00E57C63;
bb3 : 80000537;
bb4 : 00A12223;
bb5 : 00410613;
bb6 : 00048513;
bb7 : 0700006F;
bb8 : 00F04663;
bb9 : FE0796E3;
bba : FE0554E3;
bbb : 80000537;
bbc : FFF54513;
bbd : FDDFF06F;
bbe : 0706A583;
bbf : 0746A783;
bc0 : 3B9AD637;
bc1 : A0060613;
bc2 : 02C58733;
bc3 : 02C787B3;
bc4 : 02C5B633;
bc5 : 00C787B3;
bc6 : 07C6A603;
bc7 : 07A6D683;
bc8 : 01061593;
bc9 : 00D5E6B3;
bca : 41065613;
bcb : 00D706B3;
bcc : 00C787B3;
bcd : 00E6B733;
bce : 01144583;
bcf : 00F707B3;
bd0 : 00D12423;
bd1 : 00F12623;
bd2 : 00810613;
bd3 : CD1FF0EF;
bd4 : 01C12083;
bd5 : 01812403;
bd6 : 01412483;
bd7 : 02010113;
bd8 : 00008067;
bd9 : 00100713;
bda : 02E78063;
bdb : 00000793;
bdc : 00000813;
bdd : 00F12423;
bde : 01012623;
bdf : 01144583;
be0 : 00810613;
be1 : F55FF06F;
be2 : 06300793;
be3 : 00F12423;
be4 : FEDFF06F;
be5 : 0616C783;
be6 : FF5FF06F;
be7 : 02C52703;
be8 : FFF00693;
be9 : 01144583;
bea : 02852783;
beb : 00D74863;
bec : 00D71A63;
bed : 800006B7;
bee : 00D7F663;
bef : 800007B7;
bf0 : FFF00713;
bf1 : 00E04663;
bf2 : 00071863;
bf3 : 0007D663;
bf4 : 800007B7;
bf5 : FFF7C793;
bf6 : 00F12423;
bf7 : 00810613;
bf8 : EF9FF06F;
bf9 : 0E850513;
bfa : 3210E0EF;
bfb : 00A12423;
bfc : 00B12623;
bfd : F89FF06F;
bfe : 04850513;
bff : 30D0E0EF;
c00 : 00A12423;
c01 : F79FF06F;
c02 : 05850513;
c03 : FF1FF06F;
c04 : 06850513;
c05 : FE9FF06F;
c06 : 07850513;
c07 : FE1FF06F;
c08 : 00052783;
c09 : F69FF06F;
c0a : 00452783;
c0b : F61FF06F;
c0c : 00852783;
c0d : F59FF06F;
c0e : 71872783;
c0f : 0187A503;
c10 : 01C7A583;
c11 : 25D0E0EF;
c12 : FA5FF06F;
c13 : FFF00513;
c14 : F01FF06F;
c15 : 000207B7;
c16 : 9D87A783;
c17 : 00100737;
c18 : 0207A823;
c19 : 02E7A623;
c1a : 0307A703;
c1b : FE075EE3;
c1c : 0307A783;
c1d : 32000513;
c1e : 0047D793;
c1f : 01F7F793;
c20 : 02A78533;
c21 : 00008067;
c22 : 000217B7;
c23 : 9D078713;
c24 : 8F072703;
c25 : 00060693;
c26 : 9D078793;
c27 : 02070A63;
c28 : 9387A703;
c29 : 00C50633;
c2a : 00C77463;
c2b : 40A706B3;
c2c : 8E87A703;
c2d : 93C7A783;
c2e : 01872603;
c2f : 00462303;
c30 : 00058613;
c31 : 00F505B3;
c32 : 00472503;
c33 : 00030067;
c34 : FFE00513;
c35 : 00008067;
c36 : 000217B7;
c37 : 9D078713;
c38 : 8F072703;
c39 : 00060693;
c3a : 9D078793;
c3b : 02070A63;
c3c : 9387A703;
c3d : 00C50633;
c3e : 00C77463;
c3f : 40A706B3;
c40 : 8E87A703;
c41 : 93C7A783;
c42 : 01872603;
c43 : 00062303;
c44 : 00058613;
c45 : 00F505B3;
c46 : 00472503;
c47 : 00030067;
c48 : FFE00513;
c49 : 00008067;
c4a : FF010113;
c4b : 00812423;
c4c : 00112623;
c4d : 00021437;
c4e : 00912223;
c4f : 9D040413;
c50 : 0A050663;
c51 : 8E842783;
c52 : 8EC42583;
c53 : 8F840493;
c54 : 0187A703;
c55 : 0047A503;
c56 : 94B42023;
c57 : 00072703;
c58 : 04000693;
c59 : 00048613;
c5a : 000700E7;
c5b : 93744783;
c5c : 8E942823;
c5d : 00078E63;
c5e : 00000513;
c5f : 00C12083;
c60 : 00812403;
c61 : 00412483;
c62 : 01010113;
c63 : 00008067;
c64 : 8F842503;
c65 : 189160EF;
c66 : 534447B7;
c67 : 22D78793;
c68 : FCF51CE3;
c69 : 8FC45783;
c6a : 8FC45703;
c6b : 00879793;
c6c : 00875713;
c6d : 00E7E7B3;
c6e : 01079793;
c6f : 0107D793;
c70 : FFF78793;
c71 : 94F42223;
c72 : 94042783;
c73 : 04078793;
c74 : 94F42023;
c75 : 90042503;
c76 : 90442583;
c77 : 175160EF;
c78 : 92A42E23;
c79 : 8F840513;
c7a : F95FF06F;
c7b : 94442783;
c7c : F80784E3;
c7d : 8E842783;
c7e : 94042583;
c7f : 8F840493;
c80 : 0187A703;
c81 : 0047A503;
c82 : 04000693;
c83 : 00072703;
c84 : 00048613;
c85 : 000700E7;
c86 : 94042783;
c87 : 8E942823;
c88 : 04078793;
c89 : 94F42023;
c8a : 94442783;
c8b : FFF78793;
c8c : 94F42223;
c8d : FA1FF06F;
c8e : FE010113;
c8f : 00812C23;
c90 : 00021437;
c91 : 9D040793;
c92 : 8E87A783;
c93 : 00112E23;
c94 : 00912A23;
c95 : 01212823;
c96 : 01312623;
c97 : 02079263;
c98 : FFE00513;
c99 : 01C12083;
c9a : 01812403;
c9b : 01412483;
c9c : 01012903;
c9d : 00C12983;
c9e : 02010113;
c9f : 00008067;
ca0 : 00050493;
ca1 : 656C7937;
ca2 : 00100513;
ca3 : 617469B7;
ca4 : 9D040413;
ca5 : E95FF0EF;
ca6 : 94690913;
ca7 : 14498993;
ca8 : 00000513;
ca9 : E85FF0EF;
caa : FA050CE3;
cab : 01852783;
cac : FF2798E3;
cad : 01C52783;
cae : FF3794E3;
caf : 02052783;
cb0 : FEF490E3;
cb1 : 8F042783;
cb2 : 0107A503;
cb3 : 0147A583;
cb4 : 081160EF;
cb5 : 93C42783;
cb6 : 40F50533;
cb7 : 00150513;
cb8 : 92A42C23;
cb9 : 00000513;
cba : F7DFF06F;
cbb : 00654783;
cbc : FF010113;
cbd : 02400713;
cbe : 0027F793;
cbf : 00079463;
cc0 : 00400713;
cc1 : 00852783;
cc2 : 000106B7;
cc3 : 0207A823;
cc4 : 02D7A623;
cc5 : 0307A683;
cc6 : FE06DEE3;
cc7 : 0307A683;
cc8 : 01069693;
cc9 : 0106D693;
cca : 00D11723;
ccb : 0207A823;
ccc : 000106B7;
ccd : 02D7A623;
cce : 0307A683;
ccf : FE06DEE3;
cd0 : 0307A783;
cd1 : 01079793;
cd2 : 0107D793;
cd3 : 00F11723;
cd4 : 00E15503;
cd5 : 01010113;
cd6 : 00A77533;
cd7 : 40E50533;
cd8 : 00153513;
cd9 : 00008067;
cda : 00C5A703;
cdb : 00100793;
cdc : 04F71A63;
cdd : FE010113;
cde : 00912A23;
cdf : 00050493;
ce0 : 00020537;
ce1 : 9D050513;
ce2 : 00112E23;
ce3 : 00812C23;
ce4 : 00058413;
ce5 : F59FF0EF;
ce6 : 01144583;
ce7 : 00150513;
ce8 : 00A12623;
ce9 : 00C10613;
cea : 00048513;
ceb : 871FF0EF;
cec : 01C12083;
ced : 01812403;
cee : 01412483;
cef : 02010113;
cf0 : 00008067;
cf1 : FFF00513;
cf2 : 00008067;
cf3 : 0001F737;
cf4 : 000216B7;
cf5 : 5C072783;
cf6 : 9D068693;
cf7 : 00000513;
cf8 : 03B00593;
cf9 : 94868813;
cfa : 05000893;
cfb : 00A78633;
cfc : 00064603;
cfd : 00060C63;
cfe : 00B60A63;
cff : 00A80333;
d00 : 00C30023;
d01 : 00150513;
d02 : FF1512E3;
d03 : 00A686B3;
d04 : 00A787B3;
d05 : 94068423;
d06 : 5CF72023;
d07 : 0007C603;
d08 : 03B00693;
d09 : 00D61663;
d0a : 00178793;
d0b : 5CF72023;
d0c : 00051863;
d0d : 0001B7B7;
d0e : BC478793;
d0f : 5CF72023;
d10 : 00008067;
d11 : 0001F737;
d12 : 4D070713;
d13 : 03872783;
d14 : 04872683;
d15 : 03C72703;
d16 : 0047A603;
d17 : 00C70523;
d18 : 0087A603;
d19 : 00C705A3;
d1a : 00C7A603;
d1b : 00C71623;
d1c : 0107A603;
d1d : 00C68423;
d1e : 0147C603;
d1f : 00C683A3;
d20 : 0157C603;
d21 : 00C68323;
d22 : 0167C603;
d23 : 00C682A3;
d24 : 0287A683;
d25 : 00D70723;
d26 : 02C7A683;
d27 : 00D707A3;
d28 : 0307A783;
d29 : 00F70823;
d2a : 00008067;
d2b : 0001F7B7;
d2c : 5087A703;
d2d : 0001B7B7;
d2e : BEC78793;
d2f : 00472583;
d30 : FFF00613;
d31 : 00079683;
d32 : 04D59263;
d33 : 00872603;
d34 : FFF00693;
d35 : 00D61663;
d36 : 0027C683;
d37 : 00D72423;
d38 : 00C72603;
d39 : FFF00693;
d3a : 00D61663;
d3b : 0047D683;
d3c : 00D72623;
d3d : 01072603;
d3e : FFF00693;
d3f : 00D61663;
d40 : 0037C783;
d41 : 00F72823;
d42 : 00008067;
d43 : FCC680E3;
d44 : 00A78793;
d45 : FB1FF06F;
d46 : 00021737;
d47 : 9D070793;
d48 : 74323637;
d49 : 9A07A583;
d4a : 99C78693;
d4b : 9D070713;
d4c : 00000793;
d4d : 47060613;
d4e : 00B79663;
d4f : FFF00513;
d50 : 00008067;
d51 : 00C6A803;
d52 : 00868693;
d53 : 00C81E63;
d54 : 00379793;
d55 : 00F707B3;
d56 : 9AC7A783;
d57 : 00F52023;
d58 : 00000513;
d59 : 00008067;
d5a : 00178793;
d5b : FCDFF06F;
d5c : FF010113;
d5d : 00912223;
d5e : 000204B7;
d5f : 00050593;
d60 : 00600613;
d61 : 9D048513;
d62 : 00812423;
d63 : 00112623;
d64 : 9D048413;
d65 : 1F40D0EF;
d66 : 00244783;
d67 : 00344703;
d68 : 00842683;
d69 : 01879793;
d6a : 01071713;
d6b : 00E7E7B3;
d6c : 00544703;
d6d : 00C12083;
d6e : 9D048593;
d6f : 00E7E7B3;
d70 : 00444703;
d71 : 00412483;
d72 : 0001F537;
d73 : 00871713;
d74 : 00E7E7B3;
d75 : 02F6A423;
d76 : 00045783;
d77 : 00600613;
d78 : 55C50513;
d79 : 00879713;
d7a : 01079793;
d7b : 0107D793;
d7c : 0087D793;
d7d : 00F767B3;
d7e : 01079793;
d7f : 0107D793;
d80 : 02F6A223;
d81 : 00644783;
d82 : 0017E793;
d83 : 00F40323;
d84 : 00812403;
d85 : 01010113;
d86 : 1700D06F;
d87 : FF010113;
d88 : 00812423;
d89 : 00050413;
d8a : 2D636537;
d8b : 16D50513;
d8c : 00112623;
d8d : C05FF0EF;
d8e : FFF00713;
d8f : 02054063;
d90 : 00600613;
d91 : 00040593;
d92 : 00000513;
d93 : A8DFF0EF;
d94 : 000207B7;
d95 : 00050713;
d96 : 2C07A023;
d97 : 00044783;
d98 : 0FF00693;
d99 : FFF00513;
d9a : 02D78C63;
d9b : 00144683;
d9c : 00D7E7B3;
d9d : 00244683;
d9e : 00D7E7B3;
d9f : 00344683;
da0 : 00D7E7B3;
da1 : 00444683;
da2 : 00D7E7B3;
da3 : 00544683;
da4 : 00D7E7B3;
da5 : 0FF7F793;
da6 : 00078463;
da7 : 41F75513;
da8 : 00C12083;
da9 : 00812403;
daa : 01010113;
dab : 00008067;
dac : 000207B7;
dad : 9D87A783;
dae : FF010113;
daf : 00112623;
db0 : 0207A823;
db1 : 00110737;
db2 : 02E7A623;
db3 : 0307A703;
db4 : FE075EE3;
db5 : 0307A583;
db6 : 02050463;
db7 : 000107B7;
db8 : FDF78793;
db9 : 00F5F5B3;
dba : 04400513;
dbb : A79FC0EF;
dbc : 00C12083;
dbd : 00000513;
dbe : 01010113;
dbf : 00008067;
dc0 : 0205E593;
dc1 : 01059593;
dc2 : 0105D593;
dc3 : FDDFF06F;
dc4 : FD010113;
dc5 : 02812423;
dc6 : 01312E23;
dc7 : 00021437;
dc8 : 2D4249B7;
dc9 : 03212023;
dca : 02112623;
dcb : 02912223;
dcc : 00012623;
dcd : 00000913;
dce : 9D040413;
dcf : 45398993;
dd0 : A1C42783;
dd1 : 012787B3;
dd2 : 0007A483;
dd3 : 0004D663;
dd4 : FED00513;
dd5 : 0400006F;
dd6 : A1442783;
dd7 : 04F4FA63;
dd8 : A2042783;
dd9 : A0C42503;
dda : 00400693;
ddb : 0007A783;
ddc : 00C10613;
ddd : 00048593;
dde : 000780E7;
ddf : 00C12783;
de0 : 03379863;
de1 : A0840793;
de2 : 8EF42423;
de3 : 8E942623;
de4 : 00000513;
de5 : 02C12083;
de6 : 02812403;
de7 : 02412483;
de8 : 02012903;
de9 : 01C12983;
dea : 03010113;
deb : 00008067;
dec : 00490913;
ded : F8DFF06F;
dee : 000217B7;
def : 9D078713;
df0 : 8F072703;
df1 : 00050613;
df2 : 9D078793;
df3 : 02070463;
df4 : 9387A703;
df5 : 00A77463;
df6 : 00070613;
df7 : 8E87A703;
df8 : 93C7A583;
df9 : 01872683;
dfa : 00472503;
dfb : 0086A303;
dfc : 00030067;
dfd : FFE00513;
dfe : 00008067;
dff : 00020737;
e00 : 9D070793;
e01 : 4387A783;
e02 : 9D070693;
e03 : 00004737;
e04 : 0407D063;
e05 : 00E787B3;
e06 : 00004737;
e07 : FFF70713;
e08 : 00179793;
e09 : 00002637;
e0a : F4060613;
e0b : 00E7F7B3;
e0c : 02C78733;
e0d : 02C797B3;
e0e : 00E75713;
e0f : 01279793;
e10 : 00E7E733;
e11 : 00E52023;
e12 : 43C6A503;
e13 : 00008067;
e14 : FCE7C4E3;
e15 : 40E787B3;
e16 : FC1FF06F;
e17 : FF010113;
e18 : 00912223;
e19 : 17C52483;
e1a : 00812423;
e1b : 0A850593;
e1c : 00050413;
e1d : 01000613;
e1e : 08048513;
e1f : 00112623;
e20 : 7090C0EF;
e21 : 0B840593;
e22 : 09048513;
e23 : 01000613;
e24 : 6F90C0EF;
e25 : 00100793;
e26 : 06F481A3;
e27 : 00C12083;
e28 : 00812403;
e29 : 00412483;
e2a : 01010113;
e2b : 00008067;
e2c : FC010113;
e2d : 02812C23;
e2e : 03212823;
e2f : 00058413;
e30 : 00050913;
e31 : 00010593;
e32 : 00060513;
e33 : 02112E23;
e34 : 02912A23;
e35 : 00060493;
e36 : 0190B0EF;
e37 : 02C4D783;
e38 : 02C4D703;
e39 : 00800613;
e3a : 00879793;
e3b : 00875713;
e3c : 00E7E7B3;
e3d : 00F11823;
e3e : 02F4C783;
e3f : 0324D703;
e40 : 03548593;
e41 : 00F10923;
e42 : 0304C783;
e43 : 00875713;
e44 : 01910513;
e45 : 00F10A23;
e46 : 0314C783;
e47 : 00F10AA3;
e48 : 0324D783;
e49 : 00879793;
e4a : 00E7E7B3;
e4b : 00F11B23;
e4c : 0344C783;
e4d : 00F10C23;
e4e : 6510C0EF;
e4f : 03D4C783;
e50 : 03E4C703;
e51 : 00800613;
e52 : 00879793;
e53 : 00E787B3;
e54 : 02F11123;
e55 : 03F4C783;
e56 : 00000593;
e57 : 02610513;
e58 : 02F10223;
e59 : 2AD0B0EF;
e5a : 02092783;
e5b : 0387A783;
e5c : 00078A63;
e5d : 00010613;
e5e : 00048593;
e5f : 00090513;
e60 : 000780E7;
e61 : 17892583;
e62 : 00A00613;
e63 : 00640513;
e64 : 5F90C0EF;
e65 : 29A95783;
e66 : 29090593;
e67 : 00A00613;
e68 : 00F41023;
e69 : 01040513;
e6a : 5E10C0EF;
e6b : 27790593;
e6c : 00200613;
e6d : 02940513;
e6e : 5D10C0EF;
e6f : 01015783;
e70 : 01410593;
e71 : 00400613;
e72 : 00F41223;
e73 : 01214783;
e74 : 01A40513;
e75 : 02F40323;
e76 : 5B10C0EF;
e77 : 01814783;
e78 : 01910593;
e79 : 00800613;
e7a : 02F403A3;
e7b : 01E40513;
e7c : 5990C0EF;
e7d : 02215783;
e7e : 02610593;
e7f : 02042623;
e80 : 00F41123;
e81 : 02414783;
e82 : 020405A3;
e83 : 00800613;
e84 : 02F40423;
e85 : 03040513;
e86 : 5710C0EF;
e87 : 09490593;
e88 : 03840513;
e89 : 00600613;
e8a : 5610C0EF;
e8b : 03C12083;
e8c : 03812403;
e8d : 03412483;
e8e : 03012903;
e8f : 04010113;
e90 : 00008067;
e91 : FE010113;
e92 : 00812C23;
e93 : 00021437;
e94 : 9D040793;
e95 : A107A783;
e96 : 01212823;
e97 : 01312623;
e98 : 00112E23;
e99 : 00500993;
e9a : 00912A23;
e9b : 02F989B3;
e9c : 9D040413;
e9d : 00050913;
e9e : 00059463;
e9f : A1842903;
ea0 : 00000493;
ea1 : 0334C263;
ea2 : 01C12083;
ea3 : 01812403;
ea4 : 01412483;
ea5 : 01012903;
ea6 : 00C12983;
ea7 : 00000513;
ea8 : 02010113;
ea9 : 00008067;
eaa : A2042783;
eab : A1042603;
eac : A0C42503;
ead : 0087A783;
eae : 012485B3;
eaf : 000780E7;
eb0 : A1042783;
eb1 : 00F484B3;
eb2 : FBDFF06F;
eb3 : 00100793;
eb4 : 00B7DA63;
eb5 : 00052023;
eb6 : 00052223;
eb7 : 00052423;
eb8 : 00008067;
eb9 : 11800713;
eba : 02E58733;
ebb : 000207B7;
ebc : 9D078693;
ebd : 00400813;
ebe : 9D078793;
ebf : 00E686B3;
ec0 : 1F46A703;
ec1 : 1F06A603;
ec2 : FFE70693;
ec3 : 00000713;
ec4 : 00D86A63;
ec5 : 0001F737;
ec6 : 3DC70713;
ec7 : 00D70733;
ec8 : 00074703;
ec9 : 11800693;
eca : 02D585B3;
ecb : 00E52023;
ecc : 00C52223;
ecd : 00B785B3;
ece : 1F85A783;
ecf : 00F52423;
ed0 : 00008067;
ed1 : FF010113;
ed2 : 00812423;
ed3 : 00020437;
ed4 : 00912223;
ed5 : 01212023;
ed6 : 9D040413;
ed7 : 00112623;
ed8 : 00058493;
ed9 : 0E840913;
eda : 00050C63;
edb : FFF50513;
edc : 11800793;
edd : 02F50533;
ede : 00A40533;
edf : 20050913;
ee0 : 00048513;
ee1 : F7CFE0EF;
ee2 : 00200793;
ee3 : 02F54533;
ee4 : 02942623;
ee5 : 00C12083;
ee6 : 00812403;
ee7 : 00412483;
ee8 : 0CA92823;
ee9 : 00012903;
eea : 01010113;
eeb : 00008067;
eec : FE010113;
eed : 01212823;
eee : 00020937;
eef : 00812C23;
ef0 : 00912A23;
ef1 : 01312623;
ef2 : 01412423;
ef3 : 01512223;
ef4 : 00112E23;
ef5 : 00050493;
ef6 : 00000413;
ef7 : 000209B7;
ef8 : 9D090913;
ef9 : 11800A13;
efa : 00400A93;
efb : 8D19C783;
efc : FFF78793;
efd : 02F44463;
efe : 01C12083;
eff : 01812403;
f00 : 01412483;
f01 : 01012903;
f02 : 00C12983;
f03 : 00812A03;
f04 : 00412A83;
f05 : 02010113;
f06 : 00008067;
f07 : 034407B3;
f08 : 00140413;
f09 : 00F907B3;
f0a : 1F47A783;
f0b : FD5790E3;
f0c : 00048593;
f0d : 00040513;
f0e : F0DFF0EF;
f0f : FB1FF06F;
f10 : 00020737;
f11 : 8C872783;
f12 : FD010113;
f13 : 01412C23;
f14 : 00178793;
f15 : 8CF72423;
f16 : 00100737;
f17 : 41C72683;
f18 : 000207B7;
f19 : 01512A23;
f1a : 8CD7A223;
f1b : 000207B7;
f1c : 8C07A023;
f1d : 000207B7;
f1e : 8A07AE23;
f1f : 000017B7;
f20 : 02112623;
f21 : 02812423;
f22 : 02912223;
f23 : 03212023;
f24 : 01312E23;
f25 : 01612823;
f26 : 01712623;
f27 : 01812423;
f28 : 01912223;
f29 : 00050A13;
f2a : 00058A93;
f2b : 80078793;
f2c : 3047B7F3;
f2d : 300477F3;
f2e : 20072703;
f2f : 000207B7;
f30 : 00020B37;
f31 : 01075493;
f32 : 03F4F493;
f33 : 8C978923;
f34 : 00571693;
f35 : 00300793;
f36 : 0006C663;
f37 : 01875793;
f38 : 0077F793;
f39 : 40165913;
f3a : 8CFB08A3;
f3b : 00020437;
f3c : 000207B7;
f3d : 00197913;
f3e : 8D278823;
f3f : 9D040793;
f40 : 0147A823;
f41 : 0007AE23;
f42 : 0207A423;
f43 : 0207A223;
f44 : 000207B7;
f45 : 8A07AC23;
f46 : 000207B7;
f47 : 8A07AA23;
f48 : 000207B7;
f49 : 8A07A823;
f4a : 000207B7;
f4b : 8A07A623;
f4c : 000207B7;
f4d : 8A07A423;
f4e : 000207B7;
f4f : 8A07A223;
f50 : 000207B7;
f51 : 8A07A023;
f52 : 000207B7;
f53 : 8807AE23;
f54 : 000207B7;
f55 : 8807AC23;
f56 : 000207B7;
f57 : 8807AA23;
f58 : 000207B7;
f59 : 8807A823;
f5a : 000207B7;
f5b : 8E07AC23;
f5c : 000207B7;
f5d : 8E07AA23;
f5e : 000207B7;
f5f : 8E07A823;
f60 : 000207B7;
f61 : 8E07A623;
f62 : 000207B7;
f63 : 8E07A423;
f64 : 000207B7;
f65 : 8E07A223;
f66 : 000207B7;
f67 : 8E07A023;
f68 : 000207B7;
f69 : 8C07AE23;
f6a : 000207B7;
f6b : 8C07AC23;
f6c : 000207B7;
f6d : 00100737;
f6e : 8C07AA23;
f6f : 22072423;
f70 : 22072223;
f71 : 20072223;
f72 : 00100693;
f73 : 26D72023;
f74 : 24072023;
f75 : 20072023;
f76 : 22072423;
f77 : 22072223;
f78 : 20072223;
f79 : 22072023;
f7a : 3E800693;
f7b : 24D72423;
f7c : 30072783;
f7d : 9D040413;
f7e : 0027E793;
f7f : 30F72023;
f80 : 00700793;
f81 : 000A0463;
f82 : 00900793;
f83 : 00F42A23;
f84 : 000207B7;
f85 : 8807A623;
f86 : 000207B7;
f87 : 8807A423;
f88 : 01442503;
f89 : CFCFC0EF;
f8a : 00300713;
f8b : 00048793;
f8c : 00EA1463;
f8d : 000A8793;
f8e : 0E840513;
f8f : 00048613;
f90 : 000A8593;
f91 : 01040993;
f92 : 02F42E23;
f93 : A65FC0EF;
f94 : 00098513;
f95 : 00148C13;
f96 : 00000993;
f97 : 00100C93;
f98 : 8D1B4783;
f99 : 11850B93;
f9a : FFF78693;
f9b : 10D9C263;
f9c : 02048463;
f9d : 42042223;
f9e : 42042E23;
f9f : 20000713;
fa0 : 42E42423;
fa1 : 42042623;
fa2 : 42042823;
fa3 : 42042023;
fa4 : FFF00713;
fa5 : 44E42023;
fa6 : 00100713;
fa7 : 04EA1863;
fa8 : 00100737;
fa9 : 20070713;
faa : 00472703;
fab : 00277713;
fac : 08070663;
fad : 03040713;
fae : 0CE42423;
faf : 0E840713;
fb0 : 0CE42623;
fb1 : 009785B3;
fb2 : 00090463;
fb3 : 00158593;
fb4 : 0C842783;
fb5 : 0CC42503;
fb6 : 00048613;
fb7 : 00B7A623;
fb8 : 9D1FC0EF;
fb9 : 0C042A23;
fba : 0C042823;
fbb : 001006B7;
fbc : 2806A703;
fbd : 20068793;
fbe : 00E71613;
fbf : 08065A63;
fc0 : 0007A783;
fc1 : 001006B7;
fc2 : 00479713;
fc3 : 08074863;
fc4 : 020A0663;
fc5 : 001007B7;
fc6 : 00100713;
fc7 : 26E7A223;
fc8 : 2287A703;
fc9 : 00176713;
fca : 22E7A423;
fcb : 000017B7;
fcc : 80078793;
fcd : 3047A7F3;
fce : 300467F3;
fcf : 02C12083;
fd0 : 02812403;
fd1 : 02412483;
fd2 : 02012903;
fd3 : 01C12983;
fd4 : 01812A03;
fd5 : 01412A83;
fd6 : 01012B03;
fd7 : 00C12B83;
fd8 : 00812C03;
fd9 : 00412C83;
fda : 03010113;
fdb : 00008067;
fdc : 013C0633;
fdd : 1F050513;
fde : 000A8593;
fdf : 935FC0EF;
fe0 : 00198993;
fe1 : 0D9BA623;
fe2 : 000B8513;
fe3 : ED5FF06F;
fe4 : 07C7A783;
fe5 : F5DFF06F;
fe6 : 0707A783;
fe7 : 2786A703;
fe8 : 20068793;
fe9 : 00E71613;
fea : FE0658E3;
feb : F65FF06F;
fec : 000217B7;
fed : 00251713;
fee : 9D078793;
fef : 00E787B3;
ff0 : A247A703;
ff1 : 00170713;
ff2 : A2E7A223;
ff3 : 000207B7;
ff4 : 86A7A423;
ff5 : 000207B7;
ff6 : 86B7A223;
ff7 : 000207B7;
ff8 : 86C7A023;
ff9 : 001007B7;
ffa : 41C7A703;
ffb : 000207B7;
ffc : 84E7AE23;
ffd : 00008067;
ffe : 000207B7;
fff : 8D27C783;
1000 : 02F54C63;
1001 : 40F50533;
1002 : 00100793;
1003 : 00A79533;
1004 : 001007B7;
1005 : 2287A703;
1006 : 20078793;
1007 : 00058863;
1008 : 00E56533;
1009 : 02A7A423;
100a : 00008067;
100b : FFF54513;
100c : 00E57533;
100d : FF1FF06F;
100e : 00100793;
100f : 00A79533;
1010 : 001007B7;
1011 : 2247A703;
1012 : 20078793;
1013 : 00058863;
1014 : 00E56533;
1015 : 02A7A223;
1016 : 00008067;
1017 : FFF54513;
1018 : 00E57533;
1019 : FF1FF06F;
101a : FF010113;
101b : 00112623;
101c : 00100793;
101d : 00F52023;
101e : 00052A23;
101f : 00052E23;
1020 : 00052623;
1021 : 00052823;
1022 : 00452503;
1023 : 00100593;
1024 : F69FF0EF;
1025 : 000207B7;
1026 : 00C12083;
1027 : 8D27C503;
1028 : 00100593;
1029 : 01010113;
102a : F51FF06F;
102b : FE010113;
102c : 00912A23;
102d : 000204B7;
102e : 00812C23;
102f : 01212823;
1030 : 01312623;
1031 : 01412423;
1032 : 00112E23;
1033 : 00000413;
1034 : 00020937;
1035 : 000209B7;
1036 : DF048493;
1037 : 02400A13;
1038 : 8D294783;
1039 : 02F44263;
103a : 01C12083;
103b : 01812403;
103c : 01412483;
103d : 01012903;
103e : 00C12983;
103f : 00812A03;
1040 : 02010113;
1041 : 00008067;
1042 : 9189A783;
1043 : 4087D7B3;
1044 : 0017F793;
1045 : 00078863;
1046 : 03440533;
1047 : 00A48533;
1048 : F49FF0EF;
1049 : 00140413;
104a : FB9FF06F;
104b : FF010113;
104c : 00812423;
104d : 02400793;
104e : 00050413;
104f : 02F407B3;
1050 : 00020537;
1051 : 9E050513;
1052 : 00112623;
1053 : 41078793;
1054 : 00F50533;
1055 : F15FF0EF;
1056 : 00020737;
1057 : 91872683;
1058 : 00100793;
1059 : 00C12083;
105a : 00879533;
105b : 00812403;
105c : 00D56533;
105d : 90A72C23;
105e : 01010113;
105f : 00008067;
1060 : FF010113;
1061 : 00812423;
1062 : 00112623;
1063 : 00912223;
1064 : 00A00793;
1065 : 0AF52823;
1066 : FFF00793;
1067 : 0AF52E23;
1068 : 0CF52223;
1069 : 0CF52023;
106a : 0CF52423;
106b : 0AF52223;
106c : 0AF52423;
106d : 10F52023;
106e : 0EF52E23;
106f : 0E452783;
1070 : 00100713;
1071 : 0E052623;
1072 : 0E052823;
1073 : 0A052C23;
1074 : 0A052A23;
1075 : 0C052823;
1076 : 0C052A23;
1077 : 0E052023;
1078 : 0EE52423;
1079 : 0C052623;
107a : 00050413;
107b : 00079663;
107c : A88FC0EF;
107d : B80FC0EF;
107e : 09842783;
107f : 02078863;
1080 : 0087A703;
1081 : 0007A223;
1082 : 0207A423;
1083 : 00E42623;
1084 : 00C7A703;
1085 : 00E42423;
1086 : 0107A703;
1087 : 0147A783;
1088 : 06042423;
1089 : 00E42823;
108a : 06F42623;
108b : 00840513;
108c : E34FC0EF;
108d : 001004B7;
108e : 02042C23;
108f : 06042C23;
1090 : 06042423;
1091 : 06042E23;
1092 : 08042823;
1093 : 08042023;
1094 : 08042A23;
1095 : 41C4A783;
1096 : 0D842503;
1097 : 00100593;
1098 : 0EF42C23;
1099 : D95FF0EF;
109a : 0DC42503;
109b : 00100593;
109c : D89FF0EF;
109d : 0F442783;
109e : 86000737;
109f : 00C12083;
10a0 : 00812403;
10a1 : 01C79793;
10a2 : 00170713;
10a3 : 00E7E7B3;
10a4 : 24F4A623;
10a5 : 00412483;
10a6 : 01010113;
10a7 : 00008067;
10a8 : FC010113;
10a9 : 02812C23;
10aa : 00020437;
10ab : 9D040793;
10ac : 02912A23;
10ad : 0107A483;
10ae : 02112E23;
10af : 03212823;
10b0 : 03312623;
10b1 : 03412423;
10b2 : 03512223;
10b3 : 03612023;
10b4 : 01712E23;
10b5 : 01812C23;
10b6 : 01912A23;
10b7 : 01A12823;
10b8 : 01B12623;
10b9 : 00100793;
10ba : 9D040413;
10bb : 00F48663;
10bc : 00000A13;
10bd : 10C0006F;
10be : 0D442783;
10bf : 00900713;
10c0 : 00000A13;
10c1 : FFF78793;
10c2 : 0EF76C63;
10c3 : 0001B737;
10c4 : 00279793;
10c5 : AB470713;
10c6 : 00E787B3;
10c7 : 0007A783;
10c8 : 00078067;
10c9 : 000207B7;
10ca : 8D07C783;
10cb : FC0792E3;
10cc : 001007B7;
10cd : 2047A703;
10ce : 20078793;
10cf : 00877713;
10d0 : FA0718E3;
10d1 : 0047A703;
10d2 : 800006B7;
10d3 : 00D76733;
10d4 : 00E7A223;
10d5 : 00A00793;
10d6 : 0CF42A23;
10d7 : 1540006F;
10d8 : 001007B7;
10d9 : 2047A703;
10da : 20078793;
10db : 00171713;
10dc : 00175713;
10dd : 00E7A223;
10de : 0047A703;
10df : 00877713;
10e0 : 00070663;
10e1 : 00900793;
10e2 : FD1FF06F;
10e3 : 0047A783;
10e4 : 0047F793;
10e5 : 10078E63;
10e6 : 00100793;
10e7 : FBDFF06F;
10e8 : 0C842783;
10e9 : 0887AA03;
10ea : 020A0663;
10eb : 00001937;
10ec : 80090913;
10ed : 304937F3;
10ee : 300477F3;
10ef : 0CC42503;
10f0 : DC1FF0EF;
10f1 : 30492973;
10f2 : 300467F3;
10f3 : 00800793;
10f4 : F89FF06F;
10f5 : 001007B7;
10f6 : 41C7A703;
10f7 : 000207B7;
10f8 : 8CC7A783;
10f9 : 40E787B3;
10fa : 00001737;
10fb : 38870713;
10fc : 00E787B3;
10fd : EE07DEE3;
10fe : 00900793;
10ff : 0CF42A23;
1100 : 0001BBB7;
1101 : 01040B13;
1102 : 00100913;
1103 : 00020CB7;
1104 : 11800993;
1105 : 00100A93;
1106 : 00500C13;
1107 : ADCB8B93;
1108 : 00020D37;
1109 : 8D1CC783;
110a : 28F94C63;
110b : 03C12083;
110c : 03812403;
110d : 03412483;
110e : 03012903;
110f : 02C12983;
1110 : 02412A83;
1111 : 02012B03;
1112 : 01C12B83;
1113 : 01812C03;
1114 : 01412C83;
1115 : 01012D03;
1116 : 00C12D83;
1117 : 000A0513;
1118 : 02812A03;
1119 : 04010113;
111a : 00008067;
111b : 001007B7;
111c : 00200713;
111d : 20E7A423;
111e : 0C842683;
111f : 0886A683;
1120 : 04068463;
1121 : 0CC42683;
1122 : 0CC6A683;
1123 : 02068E63;
1124 : 0A200613;
1125 : 30C7A023;
1126 : 30078693;
1127 : 00300793;
1128 : 00F6A823;
1129 : 00100793;
112a : 00F6AE23;
112b : 0CE42A23;
112c : 001007B7;
112d : 41C7A703;
112e : 000207B7;
112f : 00048A13;
1130 : 8CE7A623;
1131 : F3DFF06F;
1132 : 001007B7;
1133 : 41C7A703;
1134 : 000207B7;
1135 : 8CC7A783;
1136 : 40E787B3;
1137 : 00001737;
1138 : 38870713;
1139 : 00E787B3;
113a : E007D4E3;
113b : 00900793;
113c : 0CF42A23;
113d : DFDFF06F;
113e : 001007B7;
113f : 31C7A703;
1140 : 00177713;
1141 : DE0706E3;
1142 : 40078793;
1143 : 01C7A783;
1144 : 7D078793;
1145 : 0CF42C23;
1146 : 00300793;
1147 : E3DFF06F;
1148 : 001007B7;
1149 : 40078793;
114a : 01C7A783;
114b : 0D842703;
114c : 40E787B3;
114d : DA07CEE3;
114e : 00700793;
114f : 0CF42A23;
1150 : 0E042223;
1151 : F6DFF06F;
1152 : 001007B7;
1153 : 2087A703;
1154 : 20078793;
1155 : 00277713;
1156 : D8070CE3;
1157 : 00200713;
1158 : 00E7A423;
1159 : 0107A783;
115a : 00989737;
115b : 5B670713;
115c : F9B78693;
115d : D6D76EE3;
115e : 06400693;
115f : 02D787B3;
1160 : 00018737;
1161 : 6A070713;
1162 : 02E7E7B3;
1163 : 00078863;
1164 : 0000C737;
1165 : 34F70713;
1166 : 00F75E63;
1167 : 06400793;
1168 : 0CF42E23;
1169 : F9C00793;
116a : 0EF42023;
116b : 00400793;
116c : DA9FF06F;
116d : 0C042E23;
116e : 0ED42023;
116f : FF1FF06F;
1170 : 0CC42783;
1171 : 0D07A703;
1172 : 0D47A783;
1173 : D2F712E3;
1174 : 001007B7;
1175 : 2087A703;
1176 : 20078793;
1177 : 00277713;
1178 : D00708E3;
1179 : 00200913;
117a : 0127A423;
117b : 0107A783;
117c : 00989737;
117d : 5B670713;
117e : F9B78693;
117f : CED76AE3;
1180 : 06400713;
1181 : 02E787B3;
1182 : 00018737;
1183 : 6A070713;
1184 : 02E7E7B3;
1185 : 0DC42703;
1186 : 02E78663;
1187 : 0E042783;
1188 : 0E442703;
1189 : 00E787B3;
118a : 0EF42223;
118b : 0CC42983;
118c : 0E442503;
118d : CCDFD0EF;
118e : 03254533;
118f : 0CA9A823;
1190 : E71FF06F;
1191 : 0DC42703;
1192 : E6E794E3;
1193 : 000207B7;
1194 : 8D07C783;
1195 : 02079C63;
1196 : 000077B7;
1197 : 53078793;
1198 : 0E442703;
1199 : 00F707B3;
119a : 0EF42223;
119b : 0CC42903;
119c : 0E442503;
119d : C8DFD0EF;
119e : 00200793;
119f : 02F54533;
11a0 : 00500793;
11a1 : 0CA92823;
11a2 : CD1FF06F;
11a3 : 0000F7B7;
11a4 : 61878793;
11a5 : FCDFF06F;
11a6 : 0CC42783;
11a7 : 0D07A703;
11a8 : 0D47A783;
11a9 : C4F716E3;
11aa : 00600793;
11ab : CADFF06F;
11ac : 0C840513;
11ad : 8C4FC0EF;
11ae : C2051CE3;
11af : CC9FF06F;
11b0 : FFF90D93;
11b1 : 033D84B3;
11b2 : 009404B3;
11b3 : 1F44A783;
11b4 : 05578263;
11b5 : 001007B7;
11b6 : 20078793;
11b7 : 0207A783;
11b8 : 012A9733;
11b9 : 0087D793;
11ba : 00E7F7B3;
11bb : 02079463;
11bc : 2CCB2503;
11bd : 00000593;
11be : 901FF0EF;
11bf : 00090513;
11c0 : 2C0B2C23;
11c1 : BF5FB0EF;
11c2 : 1F54AA23;
11c3 : 00100493;
11c4 : 0780006F;
11c5 : 033D87B3;
11c6 : 00F407B3;
11c7 : 1F47A483;
11c8 : FFF48793;
11c9 : 10FC6A63;
11ca : 00279793;
11cb : 017787B3;
11cc : 0007A783;
11cd : 00078067;
11ce : 1B442783;
11cf : 0E078E63;
11d0 : 001007B7;
11d1 : 20078793;
11d2 : 0207A783;
11d3 : 012A9733;
11d4 : 0087D793;
11d5 : 00E7F7B3;
11d6 : 0E078063;
11d7 : 033D8DB3;
11d8 : 01B40DB3;
11d9 : 1F0DA783;
11da : 02079863;
11db : 01442703;
11dc : 00800793;
11dd : 00F71A63;
11de : 1F0B0513;
11df : A05FF0EF;
11e0 : 00200793;
11e1 : 1EFDAA23;
11e2 : 009A6A33;
11e3 : 00190913;
11e4 : 118B0B13;
11e5 : C91FF06F;
11e6 : 1F0DA783;
11e7 : FF5796E3;
11e8 : 8D2D4783;
11e9 : 1F8DAA23;
11ea : 1F0B0513;
11eb : 012787B3;
11ec : 20FDA223;
11ed : 200DAE23;
11ee : 20000793;
11ef : 20FDA423;
11f0 : 200DA623;
11f1 : 200DA823;
11f2 : 200DA023;
11f3 : FFF00793;
11f4 : 22FDA023;
11f5 : 895FF0EF;
11f6 : F35FF06F;
11f7 : 033D87B3;
11f8 : 00F407B3;
11f9 : 21C7A703;
11fa : 02070063;
11fb : 00600713;
11fc : 1EE7AA23;
11fd : 2187A703;
11fe : 00090513;
11ff : 1EE7AC23;
1200 : D00FD0EF;
1201 : F09FF06F;
1202 : 1B442783;
1203 : 00079E63;
1204 : 033D8DB3;
1205 : 00090513;
1206 : AE1FB0EF;
1207 : 01B40DB3;
1208 : 1F5DAA23;
1209 : EE9FF06F;
120a : 033D8DB3;
120b : 01B40DB3;
120c : 218DA783;
120d : 1EFDAC23;
120e : 00000493;
120f : F4DFF06F;
1210 : 033D8DB3;
1211 : 01B40DB3;
1212 : 278DA483;
1213 : F2048EE3;
1214 : 02C42583;
1215 : 00090513;
1216 : AECFF0EF;
1217 : 00300793;
1218 : 1EFDAA23;
1219 : EA9FF06F;
121a : 033D8DB3;
121b : 00000493;
121c : 01B40DB3;
121d : 2D0DA703;
121e : 2D4DA783;
121f : F0F716E3;
1220 : 00090513;
1221 : C7CFD0EF;
1222 : 00400793;
1223 : FD5FF06F;
1224 : 1B442783;
1225 : 00078C63;
1226 : 033D87B3;
1227 : 00000493;
1228 : 00F407B3;
1229 : 2787A783;
122a : EE0790E3;
122b : 00090513;
122c : A49FB0EF;
122d : 033D87B3;
122e : 00F407B3;
122f : 1F57AA23;
1230 : E4DFF06F;
1231 : 03852783;
1232 : FF010113;
1233 : 00812423;
1234 : 00112623;
1235 : 02F52823;
1236 : FFF00793;
1237 : 00052023;
1238 : 00052223;
1239 : 00F52423;
123a : 00020737;
123b : 00000613;
123c : 00000693;
123d : 90C72423;
123e : 90D72623;
123f : 00020737;
1240 : 90C72823;
1241 : 90D72A23;
1242 : FFF00613;
1243 : 00020737;
1244 : FFF00693;
1245 : 90D72223;
1246 : 90C72023;
1247 : 00020737;
1248 : 88072023;
1249 : 00020737;
124a : 00050413;
124b : 08F52A23;
124c : 00052823;
124d : 86072E23;
124e : 00100693;
124f : 00020737;
1250 : 01850513;
1251 : 86D72C23;
1252 : F1DFB0EF;
1253 : 001007B7;
1254 : 08042423;
1255 : 06042C23;
1256 : 08042623;
1257 : 40078793;
1258 : 01C7A783;
1259 : 00C42503;
125a : 00C12083;
125b : 08F42823;
125c : 00812403;
125d : 00100593;
125e : 01010113;
125f : E7CFF06F;
1260 : 0001B7B7;
1261 : FA010113;
1262 : 00020837;
1263 : AF478793;
1264 : 05212823;
1265 : 03812C23;
1266 : 04112E23;
1267 : 04812C23;
1268 : 04912A23;
1269 : 05312623;
126a : 05412423;
126b : 05512223;
126c : 05612023;
126d : 03712E23;
126e : 03912A23;
126f : 03A12823;
1270 : 03B12623;
1271 : 9D080C13;
1272 : 00F12023;
1273 : 00020937;
1274 : 001007B7;
1275 : 2807A703;
1276 : 20078793;
1277 : 00E71693;
1278 : 0406DC63;
1279 : 020C2783;
127a : 00178793;
127b : 02FC2023;
127c : 000017B7;
127d : 80078793;
127e : 3447B7F3;
127f : 05C12083;
1280 : 05812403;
1281 : 05412483;
1282 : 05012903;
1283 : 04C12983;
1284 : 04812A03;
1285 : 04412A83;
1286 : 04012B03;
1287 : 03C12B83;
1288 : 03812C03;
1289 : 03412C83;
128a : 03012D03;
128b : 02C12D83;
128c : 06010113;
128d : 00008067;
128e : 00020737;
128f : 07C7A403;
1290 : 88472783;
1291 : 01845493;
1292 : 00178793;
1293 : 88F72223;
1294 : 000207B7;
1295 : 8D27CA03;
1296 : 014C2983;
1297 : 00841413;
1298 : 07F4F493;
1299 : 00845413;
129a : 03449863;
129b : 028C2783;
129c : 00178793;
129d : 02FC2423;
129e : FFF98793;
129f : 00900713;
12a0 : 06F76863;
12a1 : 00012703;
12a2 : 00279793;
12a3 : 00E787B3;
12a4 : 0007A783;
12a5 : 00078067;
12a6 : FE0490E3;
12a7 : 024C2783;
12a8 : 00178793;
12a9 : 02FC2223;
12aa : FD1FF06F;
12ab : 06CC2783;
12ac : 00100AB7;
12ad : 00100593;
12ae : 24FAA023;
12af : 114C2783;
12b0 : 110C2683;
12b1 : 000A0513;
12b2 : 00D787B3;
12b3 : 00200693;
12b4 : 02D7C7B3;
12b5 : 24FAA223;
12b6 : D20FF0EF;
12b7 : 41CAA783;
12b8 : 03278793;
12b9 : 00FC2C23;
12ba : 00A00793;
12bb : 00FC2A23;
12bc : 014C2503;
12bd : 00A98A63;
12be : 00020737;
12bf : 88872783;
12c0 : 00178793;
12c1 : 88F72423;
12c2 : 819FB0EF;
12c3 : 010C2703;
12c4 : 00300793;
12c5 : 0AF71863;
12c6 : 00020737;
12c7 : 8C072783;
12c8 : 0A078263;
12c9 : 001009B7;
12ca : 000206B7;
12cb : 41C9A783;
12cc : 8BC6A683;
12cd : 40098993;
12ce : 40D787B3;
12cf : E807CAE3;
12d0 : 00000613;
12d1 : 00000693;
12d2 : 8C072023;
12d3 : 00020737;
12d4 : 90D72623;
12d5 : 90C72423;
12d6 : 00020737;
12d7 : 020C2A23;
12d8 : 90D72A23;
12d9 : 90C72823;
12da : FFF00713;
12db : 020C2823;
12dc : 90E92223;
12dd : 00020737;
12de : FFF00793;
12df : 040C2023;
12e0 : FFF00693;
12e1 : 88072023;
12e2 : 00020737;
12e3 : 02FC2C23;
12e4 : 90D92023;
12e5 : 86072E23;
12e6 : 00100693;
12e7 : 00020737;
12e8 : 048C0513;
12e9 : 0CFC2223;
12ea : 86D72C23;
12eb : CB9FB0EF;
12ec : 0A0C2C23;
12ed : 0A0C2423;
12ee : 0A0C2E23;
12ef : 01C9A783;
12f0 : 0CFC2023;
12f1 : 03CC2783;
12f2 : 10F49063;
12f3 : 000207B7;
12f4 : 8A87AC23;
12f5 : 000207B7;
12f6 : 8A97A423;
12f7 : 00004737;
12f8 : 000207B7;
12f9 : 8AE7A223;
12fa : 00020AB7;
12fb : 8A0AA783;
12fc : 000206B7;
12fd : 8786A703;
12fe : 00178793;
12ff : 8AFAA023;
1300 : 000207B7;
1301 : 8897A823;
1302 : 000207B7;
1303 : 04071063;
1304 : 030C2703;
1305 : 00020637;
1306 : 90E62823;
1307 : 41F75713;
1308 : 90E62A23;
1309 : 034C2703;
130a : 90E7A423;
130b : 41F75713;
130c : 90E7A623;
130d : 038C2703;
130e : 90E92023;
130f : 41F75713;
1310 : 90E92223;
1311 : 00100713;
1312 : 86E6AC23;
1313 : 90492703;
1314 : 90092983;
1315 : 41F45E13;
1316 : 00020DB7;
1317 : 00020D37;
1318 : 00020CB7;
1319 : 28075A63;
131a : 9087A423;
131b : 91C7A623;
131c : 90892023;
131d : 91C92223;
131e : D1CFB0EF;
131f : 034C2783;
1320 : 000206B7;
1321 : 00000613;
1322 : 8AFDAA23;
1323 : 8A0D2823;
1324 : 8A0CA623;
1325 : 030C2703;
1326 : 00000593;
1327 : 00000513;
1328 : 88E6AE23;
1329 : 038C2703;
132a : 000206B7;
132b : 88E6AC23;
132c : 00020737;
132d : 88F72A23;
132e : 8A0AA703;
132f : 074C2783;
1330 : 00000693;
1331 : DACFB0EF;
1332 : 0B8C2783;
1333 : D00782E3;
1334 : 1D0C2783;
1335 : 00078A63;
1336 : 00048613;
1337 : 00040593;
1338 : 0E8C0513;
1339 : E59FB0EF;
133a : 014C2703;
133b : 00800793;
133c : CEF710E3;
133d : 010C2703;
133e : 00020B37;
133f : 00300793;
1340 : 9E0B0993;
1341 : 00020AB7;
1342 : 00F71C63;
1343 : 9E0B0B13;
1344 : 00000B93;
1345 : 8D1AC783;
1346 : FFF78793;
1347 : 4AFBCC63;
1348 : 009A4A63;
1349 : 00048613;
134a : 00040593;
134b : 420C0513;
134c : E58FB0EF;
134d : 00000B13;
134e : 00100B93;
134f : 001A0A13;
1350 : 8D1AC783;
1351 : FFF78793;
1352 : C8FB54E3;
1353 : 1E09A783;
1354 : 03779063;
1355 : 016A07B3;
1356 : 00F49C63;
1357 : 2169A823;
1358 : 00000613;
1359 : 00040593;
135a : 1F098513;
135b : E1CFB0EF;
135c : 001B0B13;
135d : 11898993;
135e : FC9FF06F;
135f : 001007B7;
1360 : 41C7A703;
1361 : 018C2783;
1362 : 40E787B3;
1363 : D607D2E3;
1364 : 010C2783;
1365 : 00100713;
1366 : D4E78AE3;
1367 : 00300793;
1368 : D4DFF06F;
1369 : 00000593;
136a : 000A0513;
136b : A4CFF0EF;
136c : 0C8C2503;
136d : B11FF0EF;
136e : 001007B7;
136f : 00100713;
1370 : 20E7A223;
1371 : 00900693;
1372 : 0CDC2A23;
1373 : 0CEC2823;
1374 : A6000737;
1375 : 00170713;
1376 : 24E7A623;
1377 : 00200793;
1378 : D0DFF06F;
1379 : 000207B7;
137a : A9878513;
137b : 98DFB0EF;
137c : D00500E3;
137d : AB8FF0EF;
137e : 00800793;
137f : 00FC2A23;
1380 : 1C0C2503;
1381 : EFDFC0EF;
1382 : CE9FF06F;
1383 : 030C0513;
1384 : AB5FF0EF;
1385 : 010C2683;
1386 : 00300713;
1387 : 000207B7;
1388 : 02E69A63;
1389 : 00100713;
138a : 8CE7A023;
138b : 001007B7;
138c : 40078793;
138d : 01C7A783;
138e : 00002737;
138f : F4070713;
1390 : 00E787B3;
1391 : 00020737;
1392 : 8AF72E23;
1393 : 00400793;
1394 : C9DFF06F;
1395 : 8C07A023;
1396 : FF5FF06F;
1397 : 0B8C2783;
1398 : C80788E3;
1399 : 0BCC2783;
139a : C80784E3;
139b : 010C2703;
139c : 00300793;
139d : F8F710E3;
139e : 00500793;
139f : C71FF06F;
13a0 : 0E8C0513;
13a1 : AFCFF0EF;
13a2 : 00600793;
13a3 : C61FF06F;
13a4 : 1B4C2783;
13a5 : C4078EE3;
13a6 : F5DFF06F;
13a7 : 010C2703;
13a8 : 00100793;
13a9 : 02F71A63;
13aa : 000207B7;
13ab : A9878513;
13ac : 8C9FB0EF;
13ad : 02051263;
13ae : 01CC2783;
13af : 00178793;
13b0 : 00FC2E23;
13b1 : 00900793;
13b2 : 00FC2A23;
13b3 : 1C0C2503;
13b4 : C28FB0EF;
13b5 : C1DFF06F;
13b6 : 0B8C2783;
13b7 : FC078EE3;
13b8 : 010C2703;
13b9 : 00300793;
13ba : C0F714E3;
13bb : 1B4C2783;
13bc : C00790E3;
13bd : FC5FF06F;
13be : 000208B7;
13bf : 00EE4663;
13c0 : 03C71463;
13c1 : 03347263;
13c2 : 9108A703;
13c3 : 9148A603;
13c4 : 004006B7;
13c5 : 00D706B3;
13c6 : 00E6B733;
13c7 : 00C70733;
13c8 : 90D8A823;
13c9 : 90E8AA23;
13ca : 413409B3;
13cb : 0009D663;
13cc : 00400737;
13cd : 00E989B3;
13ce : 9108A303;
13cf : 9148AF03;
13d0 : 9087A503;
13d1 : 008302B3;
13d2 : 90C7AE83;
13d3 : 0062BFB3;
13d4 : 01EF8FB3;
13d5 : 40A28B33;
13d6 : 41DF86B3;
13d7 : 0162B733;
13d8 : 01C12E23;
13d9 : 00612C23;
13da : 01E12A23;
13db : 00A12823;
13dc : 00512623;
13dd : 01D12423;
13de : 01F12223;
13df : 40E68BB3;
13e0 : A14FB0EF;
13e1 : 034C2683;
13e2 : 00412F83;
13e3 : 00812E83;
13e4 : 8ADDAA23;
13e5 : 00C12283;
13e6 : 01012503;
13e7 : 01412F03;
13e8 : 01812303;
13e9 : 01C12E03;
13ea : 000207B7;
13eb : 000208B7;
13ec : 1D704A63;
13ed : 000B9463;
13ee : 1C0B4663;
13ef : FFF00693;
13f0 : 1CDBC863;
13f1 : 00DB9663;
13f2 : 800006B7;
13f3 : 1CDB6263;
13f4 : 000B0693;
13f5 : 8ADD2823;
13f6 : 8B3CA623;
13f7 : FFF00693;
13f8 : 1ADBCC63;
13f9 : 00DB9863;
13fa : FFFDB6B7;
13fb : 61068693;
13fc : 1ADB6463;
13fd : 1B704863;
13fe : 000B9863;
13ff : 000256B7;
1400 : 9F068693;
1401 : 1B66E063;
1402 : 000B0C93;
1403 : 01F04A63;
1404 : 040F9E63;
1405 : 05F5E6B7;
1406 : 10068693;
1407 : 0456F863;
1408 : 01D04A63;
1409 : 040E9463;
140a : 05F5E6B7;
140b : 10068693;
140c : 02A6FE63;
140d : FA0A26B7;
140e : F0068693;
140f : 00D305B3;
1410 : 00D506B3;
1411 : 0065B333;
1412 : FFFF0F13;
1413 : 00A6B533;
1414 : FFFE8E93;
1415 : 01E30333;
1416 : 01D50533;
1417 : 90B8A823;
1418 : 9068AA23;
1419 : 90D7A423;
141a : 90A7A623;
141b : 9087A683;
141c : 90C7A503;
141d : 000045B7;
141e : 00B685B3;
141f : 00D5B6B3;
1420 : 00A686B3;
1421 : 90D7A623;
1422 : 90B7A423;
1423 : 90892023;
1424 : 91C92223;
1425 : 900FB0EF;
1426 : 000206B7;
1427 : 8806A783;
1428 : 00178793;
1429 : 88F6A023;
142a : 10078863;
142b : 8806A023;
142c : 000206B7;
142d : 87C6A783;
142e : 048C2D03;
142f : 00178793;
1430 : 86F6AE23;
1431 : 0E079663;
1432 : 040C2423;
1433 : 000C8593;
1434 : 048C0513;
1435 : 8E5FB0EF;
1436 : 001006B7;
1437 : 05AC2423;
1438 : 00050793;
1439 : 24A6A023;
143a : 000C8593;
143b : 0A8C0513;
143c : 00F12223;
143d : EE8FB0EF;
143e : 0BCC2683;
143f : 00412783;
1440 : 02068263;
1441 : 0B8C2683;
1442 : 00068E63;
1443 : 001006B7;
1444 : 40068693;
1445 : 01C6A683;
1446 : 0C0C2583;
1447 : 40B686B3;
1448 : 0CDC2223;
1449 : 030C2683;
144a : 00020737;
144b : FFFFC5B7;
144c : 88D72E23;
144d : 038C2683;
144e : 00020737;
144f : 00B985B3;
1450 : 88D72C23;
1451 : 034C2683;
1452 : 00020737;
1453 : 88D72A23;
1454 : 07704863;
1455 : 000B9463;
1456 : 060B4463;
1457 : FFF00693;
1458 : 06DBC663;
1459 : 00DB9663;
145a : 80000737;
145b : 06EB6063;
145c : 000B0613;
145d : 8A0AA703;
145e : 000C8693;
145f : 00098513;
1460 : B45FF06F;
1461 : 800006B7;
1462 : FFF6C693;
1463 : E49FF06F;
1464 : 800006B7;
1465 : E41FF06F;
1466 : FFFDBCB7;
1467 : 610C8C93;
1468 : E6DFF06F;
1469 : 00025CB7;
146a : 9F0C8C93;
146b : E61FF06F;
146c : 8606AE23;
146d : F19FF06F;
146e : 074C2783;
146f : F2DFF06F;
1470 : 80000637;
1471 : FFF64613;
1472 : FADFF06F;
1473 : 80000637;
1474 : FA5FF06F;
1475 : 2D8B2783;
1476 : 00078A63;
1477 : 00048613;
1478 : 00040593;
1479 : 1F0B0513;
147a : 955FB0EF;
147b : 001B8B93;
147c : 118B0B13;
147d : B21FF06F;
147e : 00100737;
147f : 30872883;
1480 : 30C72603;
1481 : 30472783;
1482 : 30872803;
1483 : 30C72683;
1484 : 0FF67613;
1485 : 0FF6F693;
1486 : FF1812E3;
1487 : FEC690E3;
1488 : 00050663;
1489 : 01052023;
148a : 00D52223;
148b : 00058863;
148c : 00479793;
148d : 0017D793;
148e : 00F5A023;
148f : 00008067;
1490 : FE010113;
1491 : 00912A23;
1492 : 00C5A483;
1493 : 00812C23;
1494 : 00112E23;
1495 : 01212823;
1496 : 0024F793;
1497 : 00058413;
1498 : 04078063;
1499 : 001007B7;
149a : 40078793;
149b : 01C7A783;
149c : 00A00713;
149d : 0115C583;
149e : 02E7D7B3;
149f : 00810613;
14a0 : 00F12423;
14a1 : 999FD0EF;
14a2 : 01C12083;
14a3 : 01812403;
14a4 : 01412483;
14a5 : 01012903;
14a6 : 02010113;
14a7 : 00008067;
14a8 : 0044F793;
14a9 : 00050913;
14aa : 00078863;
14ab : 00000593;
14ac : 00810513;
14ad : F45FF0EF;
14ae : 0014F493;
14af : 00810613;
14b0 : 00048C63;
14b1 : 00812503;
14b2 : 00C12583;
14b3 : 00200613;
14b4 : 744090EF;
14b5 : 00050613;
14b6 : 01144583;
14b7 : 00090513;
14b8 : FA5FF06F;
14b9 : 001017B7;
14ba : A0078793;
14bb : 00F50533;
14bc : 00B52023;
14bd : 00000513;
14be : 00008067;
14bf : FE010113;
14c0 : 00812C23;
14c1 : 000207B7;
14c2 : 00050413;
14c3 : 00161613;
14c4 : 00100513;
14c5 : 00912A23;
14c6 : 01071713;
14c7 : 92A7A023;
14c8 : 00C69493;
14c9 : 0001F7B7;
14ca : 0000F6B7;
14cb : 01E67613;
14cc : 01212823;
14cd : 00E66633;
14ce : 00D4F4B3;
14cf : 00F5F913;
14d0 : 7287A623;
14d1 : 0001F7B7;
14d2 : 009664B3;
14d3 : 7327A423;
14d4 : 00800513;
14d5 : 0001F7B7;
14d6 : 00112E23;
14d7 : 01312623;
14d8 : 7297A223;
14d9 : 000019B7;
14da : E14FC0EF;
14db : FE198593;
14dc : 00B575B3;
14dd : 0095E5B3;
14de : 00800513;
14df : F69FF0EF;
14e0 : 06C00513;
14e1 : DF8FC0EF;
14e2 : FFFF05B7;
14e3 : 00C91913;
14e4 : 0FF58593;
14e5 : 00841413;
14e6 : 00B57533;
14e7 : 01246433;
14e8 : 00A46433;
14e9 : 80098593;
14ea : 00B465B3;
14eb : 06C00513;
14ec : F35FF0EF;
14ed : 0FF0000F;
14ee : 01C12083;
14ef : 01812403;
14f0 : 01412483;
14f1 : 01012903;
14f2 : 00C12983;
14f3 : 02010113;
14f4 : 00008067;
14f5 : 00050593;
14f6 : 04C00513;
14f7 : F09FF06F;
14f8 : 0001F7B7;
14f9 : FF010113;
14fa : 7207A583;
14fb : 000207B7;
14fc : 00912223;
14fd : 91C7D483;
14fe : 00812423;
14ff : 00010437;
1500 : 01212023;
1501 : FFF40913;
1502 : 0125F433;
1503 : 01049593;
1504 : 0085E5B3;
1505 : 13400513;
1506 : 00112623;
1507 : EC9FF0EF;
1508 : FFF4C593;
1509 : 01244433;
150a : 01059593;
150b : 0085E5B3;
150c : 00812403;
150d : 00C12083;
150e : 00412483;
150f : 00012903;
1510 : 13800513;
1511 : 01010113;
1512 : E9DFF06F;
1513 : FC010113;
1514 : 02812C23;
1515 : 00020437;
1516 : 02912A23;
1517 : 91C45483;
1518 : 03212823;
1519 : 01912A23;
151a : 0024E793;
151b : 90F41E23;
151c : 0001F937;
151d : 02112E23;
151e : 03312623;
151f : 03412423;
1520 : 03512223;
1521 : 03612023;
1522 : 01712E23;
1523 : 01812C23;
1524 : 01A12823;
1525 : 01B12623;
1526 : F49FF0EF;
1527 : 4D090793;
1528 : 07E7D783;
1529 : 0001BCB7;
152a : 4D090913;
152b : B58C8C93;
152c : 0A078C63;
152d : 1F0C8B13;
152e : 164C8C93;
152f : 0064E493;
1530 : 90941E23;
1531 : F1DFF0EF;
1532 : 000204B7;
1533 : 9D048793;
1534 : 0087A783;
1535 : E00029B7;
1536 : 00010AB7;
1537 : 00001A37;
1538 : 9D048C13;
1539 : 0007AA23;
153a : 00000B93;
153b : 9D048493;
153c : FFF98993;
153d : FFFA8A93;
153e : FFFA0A13;
153f : 91C45D83;
1540 : 076CEA63;
1541 : 400DE793;
1542 : 00001D37;
1543 : 90F41E23;
1544 : C00D0D13;
1545 : ECDFF0EF;
1546 : 0084A783;
1547 : 01ADEDB3;
1548 : 91B41E23;
1549 : 03812403;
154a : 03C12083;
154b : 03412483;
154c : 03012903;
154d : 02C12983;
154e : 02812A03;
154f : 02412A83;
1550 : 02012B03;
1551 : 01C12B83;
1552 : 01812C03;
1553 : 01412C83;
1554 : 01012D03;
1555 : 00C12D83;
1556 : 08000713;
1557 : 00E7AA23;
1558 : 04010113;
1559 : E7DFF06F;
155a : 163C8B13;
155b : 0C8C8C93;
155c : F4DFF06F;
155d : 003B9D13;
155e : 1F8D7D13;
155f : E07DFD93;
1560 : 01BD6D33;
1561 : 91A41E23;
1562 : E59FF0EF;
1563 : 001CC783;
1564 : 002CC703;
1565 : 00200693;
1566 : 01879793;
1567 : 01071713;
1568 : 00E7E7B3;
1569 : 004CC703;
156a : 000CC583;
156b : 00E7E7B3;
156c : 003CC703;
156d : 00871713;
156e : 00E7E7B3;
156f : FFFB8713;
1570 : 02E6E063;
1571 : FFEC4703;
1572 : FFFC4503;
1573 : 0137F7B3;
1574 : 00871713;
1575 : 00A76733;
1576 : 00D71713;
1577 : 00F767B3;
1578 : 00D7D713;
1579 : 000016B7;
157a : 01577733;
157b : AAA68693;
157c : 02D71263;
157d : 0077D713;
157e : 01F77713;
157f : 00700513;
1580 : 00A71A63;
1581 : 07E95703;
1582 : 0137F7B3;
1583 : 00D71713;
1584 : 00F767B3;
1585 : 0147F533;
1586 : 01459713;
1587 : 00C7D793;
1588 : 00F767B3;
1589 : 00879793;
158a : 03FBF713;
158b : 00E7E7B3;
158c : 0084A703;
158d : 0407E793;
158e : 200D6D13;
158f : 00A72C23;
1590 : 00F72A23;
1591 : 91A41E23;
1592 : 005C8C93;
1593 : D95FF0EF;
1594 : 001B8B93;
1595 : 002C0C13;
1596 : EA5FF06F;
1597 : 0001F7B7;
1598 : FF010113;
1599 : 71C7A583;
159a : 0001F7B7;
159b : 00812423;
159c : 7187A403;
159d : 00112623;
159e : 06040463;
159f : 00021737;
15a0 : 9D070713;
15a1 : A6472783;
15a2 : A7472683;
15a3 : 00279793;
15a4 : 01A69693;
15a5 : 00B6E5B3;
15a6 : 0FF7F793;
15a7 : 00B7E7B3;
15a8 : A6872583;
15a9 : 000046B7;
15aa : F0068693;
15ab : 00859593;
15ac : 00D5F5B3;
15ad : 00B7E5B3;
15ae : A6C72783;
15af : 000FC6B7;
15b0 : 00E79793;
15b1 : 00D7F7B3;
15b2 : 00F5E5B3;
15b3 : A7072783;
15b4 : 03F00737;
15b5 : 01479793;
15b6 : 00E7F7B3;
15b7 : 00B7E5B3;
15b8 : 00C00513;
15b9 : C01FF0EF;
15ba : 0001F7B7;
15bb : 7147A583;
15bc : 04040663;
15bd : 0001F7B7;
15be : 7107A783;
15bf : 000FC737;
15c0 : 00E79793;
15c1 : 00E7F7B3;
15c2 : 0001F737;
15c3 : 70C72703;
15c4 : 00E5E5B3;
15c5 : 00020737;
15c6 : 00B7E7B3;
15c7 : 44872583;
15c8 : 00004737;
15c9 : F0070713;
15ca : 00859593;
15cb : 00E5F5B3;
15cc : 00B7E7B3;
15cd : 001005B7;
15ce : 00B7E5B3;
15cf : 00812403;
15d0 : 00C12083;
15d1 : 01400513;
15d2 : 01010113;
15d3 : B99FF06F;
15d4 : 00000893;
15d5 : 00050E63;
15d6 : 00058C63;
15d7 : 00060A63;
15d8 : 01069863;
15d9 : 00E81663;
15da : 40F807B3;
15db : 0017B893;
15dc : 0002E7B7;
15dd : 0787A703;
15de : 04071263;
15df : 00050463;
15e0 : 00200537;
15e1 : 00058463;
15e2 : 004005B7;
15e3 : 00060463;
15e4 : 00800637;
15e5 : 00088463;
15e6 : 01000737;
15e7 : 01981813;
15e8 : 00A86833;
15e9 : 00B86833;
15ea : 00C86633;
15eb : 00E66633;
15ec : 0001F7B7;
15ed : 70C7A623;
15ee : EA5FF06F;
15ef : 00008067;
15f0 : FE010113;
15f1 : 01412423;
15f2 : 00058A13;
15f3 : 575255B7;
15f4 : 00812C23;
15f5 : 00912A23;
15f6 : 01512223;
15f7 : 00070493;
15f8 : 00050A93;
15f9 : 00100713;
15fa : 00078413;
15fb : 34C58593;
15fc : 0001F7B7;
15fd : 1E000513;
15fe : 00112E23;
15ff : 01212823;
1600 : 01312623;
1601 : 00068913;
1602 : 00060993;
1603 : 70E7A423;
1604 : AD5FF0EF;
1605 : 000A8593;
1606 : 1E400513;
1607 : AC9FF0EF;
1608 : 000A0593;
1609 : 1E800513;
160a : ABDFF0EF;
160b : 00098593;
160c : 1EC00513;
160d : AB1FF0EF;
160e : 00090593;
160f : 1F000513;
1610 : AA5FF0EF;
1611 : 00048593;
1612 : 1F400513;
1613 : A99FF0EF;
1614 : 00040593;
1615 : 1F800513;
1616 : A8DFF0EF;
1617 : 0FF0000F;
1618 : 0001F7B7;
1619 : 7047A583;
161a : 01812403;
161b : 01C12083;
161c : 01412483;
161d : 01012903;
161e : 00C12983;
161f : 00812A03;
1620 : 00412A83;
1621 : 00158593;
1622 : 70B7A223;
1623 : 1FC00513;
1624 : 02010113;
1625 : A51FF06F;
1626 : 0001F7B7;
1627 : 0001F737;
1628 : 7007A783;
1629 : 6FC72703;
162a : 00E7E7B3;
162b : 22079E63;
162c : 0002E7B7;
162d : 0307A583;
162e : FF010113;
162f : 17000513;
1630 : 00112623;
1631 : 00812423;
1632 : 01212023;
1633 : 00912223;
1634 : A15FF0EF;
1635 : 0002E7B7;
1636 : 0347A583;
1637 : 17400513;
1638 : 0002E437;
1639 : A01FF0EF;
163a : 0002E7B7;
163b : 0387A583;
163c : 17800513;
163d : 04040413;
163e : 9EDFF0EF;
163f : 0002E7B7;
1640 : 03C7A583;
1641 : 17C00513;
1642 : 0002E937;
1643 : 9D9FF0EF;
1644 : 00042583;
1645 : 18000513;
1646 : 07890913;
1647 : 9C9FF0EF;
1648 : 00442583;
1649 : 18400513;
164a : 9BDFF0EF;
164b : 00842583;
164c : 18800513;
164d : 9B1FF0EF;
164e : 00C42583;
164f : 18C00513;
1650 : 9A5FF0EF;
1651 : 0002E7B7;
1652 : 0507A583;
1653 : 19000513;
1654 : 995FF0EF;
1655 : 0002E7B7;
1656 : 0547A583;
1657 : 19400513;
1658 : 985FF0EF;
1659 : 0002E7B7;
165a : 0587A583;
165b : 19800513;
165c : 975FF0EF;
165d : 0002E7B7;
165e : 05C7A583;
165f : 19C00513;
1660 : 965FF0EF;
1661 : 0002E7B7;
1662 : 0607A583;
1663 : 1A000513;
1664 : 955FF0EF;
1665 : 0002E7B7;
1666 : 0647A583;
1667 : 1A400513;
1668 : 945FF0EF;
1669 : 0002E7B7;
166a : 0687A583;
166b : 1A800513;
166c : 935FF0EF;
166d : 0002E7B7;
166e : 06C7A583;
166f : 1AC00513;
1670 : 925FF0EF;
1671 : 0002E7B7;
1672 : 0707A583;
1673 : 1B000513;
1674 : 915FF0EF;
1675 : 0002E7B7;
1676 : 0747A583;
1677 : 1B400513;
1678 : 905FF0EF;
1679 : 00092783;
167a : 0E078463;
167b : 0001F7B7;
167c : 6F87A783;
167d : 0C079E63;
167e : 0002E7B7;
167f : 0807A683;
1680 : 0002E7B7;
1681 : 0847A403;
1682 : 0002E7B7;
1683 : 0887A703;
1684 : 00010637;
1685 : 0002E7B7;
1686 : FFF60593;
1687 : 08C7A783;
1688 : 00841413;
1689 : 01071713;
168a : 0002E4B7;
168b : 00C77733;
168c : 09448493;
168d : 00B47433;
168e : 00E46433;
168f : 0004A583;
1690 : 0FF6F713;
1691 : 00E46433;
1692 : 01879793;
1693 : 7F000737;
1694 : 00E7F7B3;
1695 : 1E000513;
1696 : 00F46433;
1697 : 889FF0EF;
1698 : 0044A583;
1699 : 1E400513;
169a : 87DFF0EF;
169b : 0084A583;
169c : 1E800513;
169d : 871FF0EF;
169e : 00C4A583;
169f : 1EC00513;
16a0 : 865FF0EF;
16a1 : 00040593;
16a2 : 1F000513;
16a3 : 859FF0EF;
16a4 : 0002E7B7;
16a5 : 07C7A583;
16a6 : 1F400513;
16a7 : 849FF0EF;
16a8 : 0002E7B7;
16a9 : 0907A583;
16aa : 1F800513;
16ab : 839FF0EF;
16ac : 00812403;
16ad : 00092583;
16ae : 00C12083;
16af : 00412483;
16b0 : 00012903;
16b1 : 1FC00513;
16b2 : 01010113;
16b3 : 819FF06F;
16b4 : 00C12083;
16b5 : 00812403;
16b6 : 00412483;
16b7 : 00012903;
16b8 : 01010113;
16b9 : 00008067;
16ba : 00008067;
16bb : 0002E7B7;
16bc : 00100713;
16bd : 05078793;
16be : 04E51C63;
16bf : 0007A703;
16c0 : 04071E63;
16c1 : 0002E737;
16c2 : 03472683;
16c3 : 00400713;
16c4 : 04E69663;
16c5 : 0002E737;
16c6 : 03872703;
16c7 : 04A71063;
16c8 : 00A7A023;
16c9 : 0002E7B7;
16ca : 0407AA23;
16cb : 00500793;
16cc : 00F50663;
16cd : 0002E7B7;
16ce : 04B7AC23;
16cf : 0002E7B7;
16d0 : 01C7A703;
16d1 : 0002E7B7;
16d2 : 04E7AE23;
16d3 : D4DFF06F;
16d4 : 0007A703;
16d5 : FFF50693;
16d6 : FCE684E3;
16d7 : 00008067;
16d8 : FF010113;
16d9 : 00000593;
16da : 00100513;
16db : 00112623;
16dc : 00812423;
16dd : F79FF0EF;
16de : 00000593;
16df : 00200513;
16e0 : F6DFF0EF;
16e1 : 000207B7;
16e2 : 9D078793;
16e3 : 0147A403;
16e4 : 00300513;
16e5 : 00040593;
16e6 : F55FF0EF;
16e7 : 00040593;
16e8 : 00400513;
16e9 : F49FF0EF;
16ea : 00C12083;
16eb : FF840513;
16ec : 00812403;
16ed : 00153513;
16ee : 01010113;
16ef : 00008067;
16f0 : E7010113;
16f1 : 18912223;
16f2 : 0001F4B7;
16f3 : 4D048793;
16f4 : 00400513;
16f5 : 18112623;
16f6 : 18812423;
16f7 : 17612823;
16f8 : 19212023;
16f9 : 0347AB03;
16fa : 17312E23;
16fb : 17412C23;
16fc : 17512A23;
16fd : 17712623;
16fe : 17812423;
16ff : 17912223;
1700 : 17A12023;
1701 : 15B12E23;
1702 : D75FB0EF;
1703 : 00050413;
1704 : 00400513;
1705 : D69FB0EF;
1706 : 00855513;
1707 : 00857533;
1708 : 4D048793;
1709 : 00157513;
170a : 00F12423;
170b : 04050263;
170c : 00000513;
170d : 18C12083;
170e : 18812403;
170f : 18412483;
1710 : 18012903;
1711 : 17C12983;
1712 : 17812A03;
1713 : 17412A83;
1714 : 17012B03;
1715 : 16C12B83;
1716 : 16812C03;
1717 : 16412C83;
1718 : 16012D03;
1719 : 15C12D83;
171a : 19010113;
171b : 00008067;
171c : 0001F537;
171d : 06400593;
171e : 67050513;
171f : 561080EF;
1720 : 00050493;
1721 : FA0516E3;
1722 : 00400513;
1723 : CF1FB0EF;
1724 : FFE57593;
1725 : 00400513;
1726 : E4CFF0EF;
1727 : 00400513;
1728 : CDDFB0EF;
1729 : 00021937;
172a : 9D090793;
172b : A807A783;
172c : 01800513;
172d : 00FF0BB7;
172e : 0047A583;
172f : 0087A983;
1730 : 00C7A403;
1731 : E20FF0EF;
1732 : 00098593;
1733 : 01C00513;
1734 : E14FF0EF;
1735 : 00040593;
1736 : 06000513;
1737 : E08FF0EF;
1738 : 0AC10593;
1739 : 0B010513;
173a : D10FF0EF;
173b : 0B412583;
173c : 0B012983;
173d : 02000513;
173e : 0AC12403;
173f : DE8FF0EF;
1740 : 00098593;
1741 : 02400513;
1742 : DDCFF0EF;
1743 : 00040593;
1744 : 02800513;
1745 : DD0FF0EF;
1746 : 00812783;
1747 : 9D090913;
1748 : 0807C403;
1749 : E3DFF0EF;
174a : 00A03533;
174b : FFD40413;
174c : 00151513;
174d : 00143413;
174e : 00A46433;
174f : 0001F7B7;
1750 : 7087AE23;
1751 : 919FF0EF;
1752 : 000B4783;
1753 : 0001F737;
1754 : 01000513;
1755 : 5EF72823;
1756 : 0001F737;
1757 : 5EC72583;
1758 : 00B7E5B3;
1759 : D80FF0EF;
175a : 334B2583;
175b : 330B2A03;
175c : 0001F7B7;
175d : 33CB2983;
175e : 340B2403;
175f : 05400513;
1760 : 6B47CC83;
1761 : 000B2C03;
1762 : D5CFF0EF;
1763 : 000A0593;
1764 : 05800513;
1765 : 00010A37;
1766 : D4CFF0EF;
1767 : FFFA0A93;
1768 : 01041413;
1769 : 00899993;
176a : 0159F5B3;
176b : 01747433;
176c : 00B46433;
176d : 018C9C93;
176e : 01946433;
176f : 0FFC7593;
1770 : 00B465B3;
1771 : 05C00513;
1772 : D1CFF0EF;
1773 : 0001F7B7;
1774 : 66C7A583;
1775 : 0001F7B7;
1776 : 6687A703;
1777 : 0001F6B7;
1778 : 0001F7B7;
1779 : 6647A783;
177a : 6606A603;
177b : 0FF5F593;
177c : 00871713;
177d : 01861613;
177e : 00C5E5B3;
177f : 01577733;
1780 : 01079793;
1781 : 0177F7B3;
1782 : 00E5E5B3;
1783 : 00F5E5B3;
1784 : 132B1783;
1785 : 130B4603;
1786 : F00A0693;
1787 : 0007C663;
1788 : 00879A13;
1789 : 015A76B3;
178a : 000207B7;
178b : 9307AA83;
178c : 000207B7;
178d : 92C7A503;
178e : 000207B7;
178f : 9287A703;
1790 : 000207B7;
1791 : 9247A783;
1792 : 000109B7;
1793 : FFF98813;
1794 : 01879793;
1795 : 0FFAFA93;
1796 : 00851513;
1797 : 01057533;
1798 : 00FAEAB3;
1799 : 00AAEAB3;
179a : 01071713;
179b : 00FF0537;
179c : 00A77733;
179d : 000207B7;
179e : 00EAEAB3;
179f : 9347A703;
17a0 : 0001F7B7;
17a1 : 65C7A983;
17a2 : 0001F7B7;
17a3 : 6587A783;
17a4 : 00899993;
17a5 : 0109F9B3;
17a6 : 01079793;
17a7 : 00A7F7B3;
17a8 : 00F9E9B3;
17a9 : 0FF77793;
17aa : 178B2703;
17ab : 00F9E7B3;
17ac : 01072403;
17ad : 00944703;
17ae : 04244983;
17af : 05C42A03;
17b0 : 00E03733;
17b1 : 00171713;
17b2 : 013039B3;
17b3 : 00E9E9B3;
17b4 : 010A1A13;
17b5 : 04344703;
17b6 : 00AA7A33;
17b7 : 04144503;
17b8 : 00E03733;
17b9 : 00271713;
17ba : 01851513;
17bb : 00E9E9B3;
17bc : 00AA6A33;
17bd : 00CA6A33;
17be : 01899993;
17bf : 07400513;
17c0 : 00F9E9B3;
17c1 : 00DA6A33;
17c2 : BDCFF0EF;
17c3 : 000A0593;
17c4 : 07800513;
17c5 : BD0FF0EF;
17c6 : 000A8593;
17c7 : 07C00513;
17c8 : BC4FF0EF;
17c9 : 00098593;
17ca : 08000513;
17cb : BB8FF0EF;
17cc : 00844783;
17cd : A00008B7;
17ce : 00078663;
17cf : A00007B7;
17d0 : 00178893;
17d1 : 00944783;
17d2 : 00042703;
17d3 : 00078837;
17d4 : 00F035B3;
17d5 : 03044783;
17d6 : 00B71713;
17d7 : 04344503;
17d8 : 00F03633;
17d9 : 04244783;
17da : 00159593;
17db : 00261613;
17dc : 00F036B3;
17dd : 000087B7;
17de : 80078793;
17df : 00F77733;
17e0 : 00442783;
17e1 : 00369693;
17e2 : 00A03533;
17e3 : 00F79793;
17e4 : 0107F7B3;
17e5 : 05C42803;
17e6 : 00F76733;
17e7 : 001807B7;
17e8 : 01381813;
17e9 : 00F87833;
17ea : 01076733;
17eb : 02D44803;
17ec : 04144783;
17ed : 00451513;
17ee : 00581813;
17ef : 0FF87813;
17f0 : 00879793;
17f1 : 01076733;
17f2 : 7007F793;
17f3 : 00F76733;
17f4 : 02E44783;
17f5 : 00E00837;
17f6 : 01579793;
17f7 : 0107F7B3;
17f8 : 00F767B3;
17f9 : 0117E7B3;
17fa : 00B7E7B3;
17fb : 00C7E7B3;
17fc : 00D7E7B3;
17fd : 00A7E533;
17fe : BDCFF0EF;
17ff : 0001F7B7;
1800 : 6547D583;
1801 : 0001F7B7;
1802 : 6507A603;
1803 : 0001F7B7;
1804 : 64C7D983;
1805 : 0001F7B7;
1806 : 6487A783;
1807 : 000106B7;
1808 : FFF68693;
1809 : 00D7F7B3;
180a : 01099993;
180b : 00F9E9B3;
180c : 0001F7B7;
180d : 6457C703;
180e : 0001F7B7;
180f : 6447C403;
1810 : 0001F7B7;
1811 : 6407A783;
1812 : 0FF47413;
1813 : 01041413;
1814 : 01871713;
1815 : 00876733;
1816 : 01059593;
1817 : 00D7F433;
1818 : 00D676B3;
1819 : 00D5E5B3;
181a : 06400513;
181b : 00876433;
181c : A74FF0EF;
181d : 00098593;
181e : 06800513;
181f : A68FF0EF;
1820 : 0001F7B7;
1821 : 72C7A783;
1822 : 00000593;
1823 : 00879793;
1824 : 7007F793;
1825 : 0087E733;
1826 : 000207B7;
1827 : 9207A783;
1828 : 00078663;
1829 : 000015B7;
182a : 80058593;
182b : 0001F7B7;
182c : 7287A783;
182d : 00010AB7;
182e : FFFA8A93;
182f : 00C79793;
1830 : 0157F7B3;
1831 : 00E7E7B3;
1832 : 00B7E5B3;
1833 : 06C00513;
1834 : A14FF0EF;
1835 : 0001F7B7;
1836 : 63C7A583;
1837 : 0001F7B7;
1838 : 63A7C783;
1839 : 00859593;
183a : 05000513;
183b : 0FF7F793;
183c : 00F5E5B3;
183d : 9F0FF0EF;
183e : 0001F7B7;
183f : 6397C703;
1840 : 00020437;
1841 : 9D040B13;
1842 : 0FF77D13;
1843 : A55FF0EF;
1844 : 0001F6B7;
1845 : 0001F7B7;
1846 : 0001F737;
1847 : 6387C783;
1848 : 63472703;
1849 : 6306AC83;
184a : 0001F6B7;
184b : 62C6AC03;
184c : 0001F6B7;
184d : 6286AB83;
184e : 0001F6B7;
184f : 6246AA03;
1850 : 00A035B3;
1851 : 014B2983;
1852 : 0D4B2603;
1853 : 010B2683;
1854 : 01CB2503;
1855 : 0FF7F793;
1856 : 0FF9F993;
1857 : 01851513;
1858 : 00861613;
1859 : 00979793;
185a : 01071713;
185b : 01A76733;
185c : 01567633;
185d : 00A9E9B3;
185e : 0157F7B3;
185f : 00E7E7B3;
1860 : 00C9E9B3;
1861 : 00859593;
1862 : 00FF0637;
1863 : 01069693;
1864 : 00C6F6B3;
1865 : 00B7E5B3;
1866 : 08C00513;
1867 : 00D9E9B3;
1868 : 944FF0EF;
1869 : 000C8593;
186a : 09000513;
186b : 938FF0EF;
186c : 000C0593;
186d : 09400513;
186e : 92CFF0EF;
186f : 000B8593;
1870 : 09800513;
1871 : 920FF0EF;
1872 : 000A0593;
1873 : 09C00513;
1874 : 914FF0EF;
1875 : 00098593;
1876 : 0A000513;
1877 : 908FF0EF;
1878 : 00100837;
1879 : 22882583;
187a : 22482D03;
187b : 22082C83;
187c : 28082C03;
187d : 24082B83;
187e : 24482D83;
187f : 0B8B2703;
1880 : 0BCB2A03;
1881 : 9D040413;
1882 : 00E036B3;
1883 : 014037B3;
1884 : 03C42A03;
1885 : 0A842703;
1886 : 00179793;
1887 : 008A1A13;
1888 : 01071713;
1889 : 00D76733;
188a : 015A7A33;
188b : 00EA6A33;
188c : 00FA6A33;
188d : 0B442703;
188e : 0AC42783;
188f : 1D042983;
1890 : 01577733;
1891 : 01079793;
1892 : 013038B3;
1893 : 1B442983;
1894 : 00F76733;
1895 : 17842603;
1896 : 01303533;
1897 : 16042683;
1898 : 16842783;
1899 : 15042983;
189a : F0080813;
189b : 00879793;
189c : 01499993;
189d : 0107F7B3;
189e : 0119E9B3;
189f : 17442B03;
18a0 : 0137E9B3;
18a1 : 16C42783;
18a2 : 00151513;
18a3 : 00C03633;
18a4 : 00261613;
18a5 : 00A9E9B3;
18a6 : 00D036B3;
18a7 : 00C9E9B3;
18a8 : 00369693;
18a9 : 015B7B33;
18aa : 01079793;
18ab : 00D9E9B3;
18ac : 00FB6B33;
18ad : 15C42783;
18ae : 15442683;
18af : 0A400513;
18b0 : 0157FAB3;
18b1 : 01069793;
18b2 : 00FAEAB3;
18b3 : 00E12623;
18b4 : 814FF0EF;
18b5 : 000D0593;
18b6 : 0A800513;
18b7 : 808FF0EF;
18b8 : 000C8593;
18b9 : 0AC00513;
18ba : FFDFE0EF;
18bb : 000C0593;
18bc : 0B000513;
18bd : FF1FE0EF;
18be : 000B8593;
18bf : 0B400513;
18c0 : FE5FE0EF;
18c1 : 000D8593;
18c2 : 0B800513;
18c3 : FD9FE0EF;
18c4 : 000A0593;
18c5 : 0BC00513;
18c6 : FCDFE0EF;
18c7 : 00C12703;
18c8 : 0C000513;
18c9 : 00070593;
18ca : FBDFE0EF;
18cb : 00098593;
18cc : 0C400513;
18cd : FB1FE0EF;
18ce : 000B0593;
18cf : 0C800513;
18d0 : FA5FE0EF;
18d1 : 000A8593;
18d2 : 0CC00513;
18d3 : F99FE0EF;
18d4 : 0001F637;
18d5 : 1D042683;
18d6 : 62062583;
18d7 : 0001F7B7;
18d8 : 00D03733;
18d9 : 1C059AE3;
18da : 60E7AE23;
18db : 00100793;
18dc : 62F62023;
18dd : 1D042703;
18de : 0001F7B7;
18df : 200712E3;
18e0 : 0001F737;
18e1 : 6007A623;
18e2 : 60072423;
18e3 : 1D042703;
18e4 : 00070863;
18e5 : 60C7A703;
18e6 : 00100793;
18e7 : 38F71463;
18e8 : 1D042783;
18e9 : 02078463;
18ea : 0001F7B7;
18eb : 6087A783;
18ec : 00200713;
18ed : 00F76C63;
18ee : 00279793;
18ef : 00F907B3;
18f0 : A947A703;
18f1 : 00170713;
18f2 : A8E7AA23;
18f3 : 1D042A03;
18f4 : 260A0A63;
18f5 : 0001F7B7;
18f6 : 6087A603;
18f7 : 00200793;
18f8 : 00000A13;
18f9 : 26C7E063;
18fa : 0001F7B7;
18fb : 7F47AE03;
18fc : 00861793;
18fd : 0017E793;
18fe : 00F12623;
18ff : 000207B7;
1900 : 81C7A783;
1901 : 01000737;
1902 : F0070713;
1903 : 00F12823;
1904 : 000207B7;
1905 : 8187A783;
1906 : 463458B7;
1907 : 00400813;
1908 : 00F12A23;
1909 : 000207B7;
190a : 8147A783;
190b : 00020F37;
190c : 00100C13;
190d : 00F12C23;
190e : 000207B7;
190f : 8087A783;
1910 : 4C040C93;
1911 : 04000D13;
1912 : 00879793;
1913 : 00E7F7B3;
1914 : 00020737;
1915 : 80C74703;
1916 : 00E7E7B3;
1917 : 00F12E23;
1918 : 000207B7;
1919 : 8047A783;
191a : 02F12023;
191b : 000207B7;
191c : 8007A783;
191d : 02F12223;
191e : 0001F7B7;
191f : 7FC7A783;
1920 : 02F12423;
1921 : 0001F7B7;
1922 : 7F87A783;
1923 : 02F12623;
1924 : 0001F7B7;
1925 : 7F07A783;
1926 : 02F12823;
1927 : 0001F7B7;
1928 : 7EC7A303;
1929 : 0001F7B7;
192a : 7E87A783;
192b : 02F12A23;
192c : 0001F7B7;
192d : 7D07A783;
192e : 02F12C23;
192f : 000207B7;
1930 : 8107A783;
1931 : 02F12E23;
1932 : 0001F7B7;
1933 : 7AC7AE83;
1934 : 0001F7B7;
1935 : 7E07A703;
1936 : 7E47A783;
1937 : 06E12623;
1938 : 06F12823;
1939 : 0001F7B7;
193a : 7C87A703;
193b : 7CC7A783;
193c : 06E12A23;
193d : 06F12C23;
193e : 0001F7B7;
193f : 7D87A703;
1940 : 7DC7A783;
1941 : 06E12E23;
1942 : 08F12023;
1943 : 0001F7B7;
1944 : 7C07A703;
1945 : 7C47A783;
1946 : 08E12223;
1947 : 08F12423;
1948 : 0001F7B7;
1949 : 7D47A783;
194a : 04F12C23;
194b : 0001F7B7;
194c : 7BC7A783;
194d : 04F12E23;
194e : 0001F7B7;
194f : 7887A783;
1950 : 06F12023;
1951 : 0001F7B7;
1952 : 7807A783;
1953 : 06F12223;
1954 : 0001F7B7;
1955 : 7847A783;
1956 : 06F12423;
1957 : 0001F7B7;
1958 : 7787A703;
1959 : 77C7A783;
195a : 08E12623;
195b : 08F12823;
195c : 0001F7B7;
195d : 7707A703;
195e : 7747A783;
195f : 08E12A23;
1960 : 08F12C23;
1961 : 0001F7B7;
1962 : 7B87A783;
1963 : 04F12023;
1964 : 0001F7B7;
1965 : 7B47A783;
1966 : 04F12223;
1967 : 0001F7B7;
1968 : 7B07A783;
1969 : 04F12423;
196a : 0001F7B7;
196b : 7407A783;
196c : 04F12623;
196d : 0001F7B7;
196e : 78C7A783;
196f : 04F12823;
1970 : 0001F7B7;
1971 : 74C7A783;
1972 : 04F12A23;
1973 : 0001F7B7;
1974 : 7487AD83;
1975 : 0001F7B7;
1976 : 7447AF83;
1977 : 0001F7B7;
1978 : 7387AA03;
1979 : 73C7AA83;
197a : 0001F7B7;
197b : 7A87A283;
197c : 0001F7B7;
197d : 7A07AB03;
197e : 7A47AB83;
197f : 0001F7B7;
1980 : 7987A383;
1981 : 0001F7B7;
1982 : 7947A083;
1983 : 0001F7B7;
1984 : 7547A983;
1985 : C3188793;
1986 : 08F12E23;
1987 : 820F2703;
1988 : 00177693;
1989 : 78068263;
198a : FFF80813;
198b : FE0818E3;
198c : FFF00793;
198d : 0C012623;
198e : 0C012823;
198f : 0CF12A23;
1990 : 00000A13;
1991 : 0001F7B7;
1992 : 7007A783;
1993 : 08079863;
1994 : 0001F7B7;
1995 : 00100713;
1996 : 0001F9B7;
1997 : 6EE7AE23;
1998 : 5F49A783;
1999 : 00178593;
199a : 0015F713;
199b : 100706E3;
199c : 15800513;
199d : 5EB9AA23;
199e : C6DFE0EF;
199f : 0FF0000F;
19a0 : 100A00E3;
19a1 : 0CC12703;
19a2 : 463457B7;
19a3 : C3178793;
19a4 : 15C00A93;
19a5 : 0EF718E3;
19a6 : 0D014703;
19a7 : 00100793;
19a8 : 0EF712E3;
19a9 : 0C810B13;
19aa : 1E000B93;
19ab : 004B2583;
19ac : 000A8513;
19ad : 004A8A93;
19ae : C2DFE0EF;
19af : 004B0B13;
19b0 : FF7A96E3;
19b1 : 0FF0000F;
19b2 : 5F49A583;
19b3 : 15800513;
19b4 : 00158593;
19b5 : 5EB9AA23;
19b6 : C0DFE0EF;
19b7 : 040A0463;
19b8 : 0001F737;
19b9 : 60872783;
19ba : 00200693;
19bb : 02F6E463;
19bc : 00279693;
19bd : 00D906B3;
19be : AA06A583;
19bf : 0001F537;
19c0 : 60452603;
19c1 : 00158593;
19c2 : AAB6A023;
19c3 : 00160693;
19c4 : 60D52223;
19c5 : 00178793;
19c6 : 00300693;
19c7 : 02D7F7B3;
19c8 : 60F72423;
19c9 : 02442583;
19ca : 00020737;
19cb : 02842783;
19cc : 07042D83;
19cd : 07442D03;
19ce : 88C72C83;
19cf : 00020737;
19d0 : 88872C03;
19d1 : 001009B7;
19d2 : 00020737;
19d3 : 0D000513;
19d4 : 87474A03;
19d5 : 00F12623;
19d6 : 02042B83;
19d7 : 2689AB03;
19d8 : 26C9AA83;
19d9 : B81FE0EF;
19da : 00C12783;
19db : 0D400513;
19dc : 0FFA7A13;
19dd : 00078593;
19de : B6DFE0EF;
19df : 000D8593;
19e0 : 0D800513;
19e1 : B61FE0EF;
19e2 : 000D0593;
19e3 : 0DC00513;
19e4 : B55FE0EF;
19e5 : 000C8593;
19e6 : 0E000513;
19e7 : B49FE0EF;
19e8 : 000C0593;
19e9 : 0E400513;
19ea : B3DFE0EF;
19eb : 000A0593;
19ec : 0E800513;
19ed : B31FE0EF;
19ee : 000B8593;
19ef : 0EC00513;
19f0 : B25FE0EF;
19f1 : 000B0593;
19f2 : 0F000513;
19f3 : B19FE0EF;
19f4 : 000A8593;
19f5 : 0F400513;
19f6 : B0DFE0EF;
19f7 : 2849A583;
19f8 : 20098993;
19f9 : 0889A983;
19fa : 0F800513;
19fb : AF9FE0EF;
19fc : 00098593;
19fd : 0FC00513;
19fe : AEDFE0EF;
19ff : 000207B7;
1a00 : 8847A583;
1a01 : 15400513;
1a02 : ADDFE0EF;
1a03 : 000207B7;
1a04 : 8B87A783;
1a05 : 000207B7;
1a06 : 8B47A783;
1a07 : 000207B7;
1a08 : 8B07A783;
1a09 : 000207B7;
1a0a : 8AC7A783;
1a0b : 000207B7;
1a0c : 8A87A783;
1a0d : 000207B7;
1a0e : 8A47A783;
1a0f : 000207B7;
1a10 : 8A07A783;
1a11 : 000207B7;
1a12 : 89C7A783;
1a13 : 000207B7;
1a14 : 8987A783;
1a15 : 000207B7;
1a16 : 8947A783;
1a17 : 000207B7;
1a18 : 8907A783;
1a19 : 0001F7B7;
1a1a : 6007A983;
1a1b : 00198993;
1a1c : 6137A023;
1a1d : 0001F7B7;
1a1e : 7007AA83;
1a1f : 040A9663;
1a20 : 0001F7B7;
1a21 : 7337A023;
1a22 : 000207B7;
1a23 : 91C7DA03;
1a24 : 00010B37;
1a25 : FFFB0B13;
1a26 : 0169F5B3;
1a27 : 010A1793;
1a28 : 00F5E5B3;
1a29 : 13400513;
1a2a : A3DFE0EF;
1a2b : FFF9C993;
1a2c : FFFA4593;
1a2d : 0169F9B3;
1a2e : 01059593;
1a2f : 00B9E5B3;
1a30 : 13800513;
1a31 : A21FE0EF;
1a32 : 000207B7;
1a33 : 8C87AB83;
1a34 : 000207B7;
1a35 : 8707AB03;
1a36 : 001007B7;
1a37 : 41C7A583;
1a38 : 000207B7;
1a39 : 01842C03;
1a3a : 8C47AA03;
1a3b : 000207B7;
1a3c : 86C7A983;
1a3d : 000A9C63;
1a3e : 13C00513;
1a3f : 9E9FE0EF;
1a40 : 000C0593;
1a41 : 14000513;
1a42 : 9DDFE0EF;
1a43 : 000B8593;
1a44 : 14400513;
1a45 : 9D1FE0EF;
1a46 : 000B0593;
1a47 : 14800513;
1a48 : 9C5FE0EF;
1a49 : 000A0593;
1a4a : 14C00513;
1a4b : 9B9FE0EF;
1a4c : 00098593;
1a4d : 15000513;
1a4e : 9ADFE0EF;
1a4f : 000207B7;
1a50 : 8687A583;
1a51 : 000207B7;
1a52 : 8647AB83;
1a53 : 000207B7;
1a54 : 8607AB03;
1a55 : 000207B7;
1a56 : 85C7A983;
1a57 : 0001F7B7;
1a58 : 7087AA03;
1a59 : 080A1A63;
1a5a : 0001F7B7;
1a5b : 00100713;
1a5c : 1E000513;
1a5d : 6EE7AC23;
1a5e : 96DFE0EF;
1a5f : 000B8593;
1a60 : 1E400513;
1a61 : 961FE0EF;
1a62 : 000B0593;
1a63 : 1E800513;
1a64 : 955FE0EF;
1a65 : 00098593;
1a66 : 1EC00513;
1a67 : 949FE0EF;
1a68 : 00000993;
1a69 : A2490B13;
1a6a : 0FF00B93;
1a6b : 02000C13;
1a6c : 01000C93;
1a6d : 00098693;
1a6e : 00000713;
1a6f : 00000593;
1a70 : 00269793;
1a71 : 00FB07B3;
1a72 : 0007A783;
1a73 : 00FBF463;
1a74 : 0FF00793;
1a75 : 00E797B3;
1a76 : 00870713;
1a77 : 00F5E5B3;
1a78 : 00168693;
1a79 : FD871EE3;
1a7a : 1F098513;
1a7b : 00498993;
1a7c : 8F5FE0EF;
1a7d : FD9990E3;
1a7e : 1D042683;
1a7f : 015A6AB3;
1a80 : 0E0A9A63;
1a81 : 0001F7B7;
1a82 : 6087A783;
1a83 : 0001F737;
1a84 : 61872703;
1a85 : A9C92B03;
1a86 : AA892A83;
1a87 : 00879913;
1a88 : 30097913;
1a89 : 00D037B3;
1a8a : 0001F637;
1a8b : 00F96933;
1a8c : 0001F9B7;
1a8d : 01071793;
1a8e : 61462C83;
1a8f : 00F96933;
1a90 : 0001F637;
1a91 : 5F89A783;
1a92 : 60462C03;
1a93 : 0001F637;
1a94 : 0001F5B7;
1a95 : 61062B83;
1a96 : 00100613;
1a97 : 6EC5AC23;
1a98 : 00178A13;
1a99 : 0001F5B7;
1a9a : 6EC5AE23;
1a9b : 001A7713;
1a9c : 52070863;
1a9d : 463455B7;
1a9e : 33158593;
1a9f : 1E000513;
1aa0 : 5F49AC23;
1aa1 : 861FE0EF;
1aa2 : 000A0593;
1aa3 : 1E400513;
1aa4 : 855FE0EF;
1aa5 : 00090593;
1aa6 : 1E800513;
1aa7 : 849FE0EF;
1aa8 : 000C8593;
1aa9 : 1EC00513;
1aaa : 83DFE0EF;
1aab : 000C0593;
1aac : 1F000513;
1aad : 831FE0EF;
1aae : 000B8593;
1aaf : 1F400513;
1ab0 : 825FE0EF;
1ab1 : 000B0593;
1ab2 : 1F800513;
1ab3 : 819FE0EF;
1ab4 : 000A8593;
1ab5 : 1FC00513;
1ab6 : 80DFE0EF;
1ab7 : 0FF0000F;
1ab8 : 5F89A583;
1ab9 : 1E400513;
1aba : 00158593;
1abb : 5EB9AC23;
1abc : FF4FE0EF;
1abd : 00000D93;
1abe : 00000D13;
1abf : 00000C93;
1ac0 : 00000A93;
1ac1 : 00000B93;
1ac2 : 00000C13;
1ac3 : 00400793;
1ac4 : 00000A13;
1ac5 : 00000B13;
1ac6 : FFF00913;
1ac7 : 00000993;
1ac8 : 00020637;
1ac9 : 00020537;
1aca : 00020837;
1acb : 000208B7;
1acc : 00020337;
1acd : 00020E37;
1ace : 00020EB7;
1acf : 00020F37;
1ad0 : 00020FB7;
1ad1 : 000202B7;
1ad2 : 8F862703;
1ad3 : 07C42583;
1ad4 : 00000693;
1ad5 : 00B763B3;
1ad6 : 0013F393;
1ad7 : 04039063;
1ad8 : 8F452D83;
1ad9 : 8F082D03;
1ada : 8EC8AC83;
1adb : 8E832C03;
1adc : 8E4E2B83;
1add : 8E0EAB03;
1ade : 8DCF2A83;
1adf : 8D8FAA03;
1ae0 : 8D42A983;
1ae1 : 8F862083;
1ae2 : 07C42383;
1ae3 : 00171863;
1ae4 : 00759663;
1ae5 : 00070913;
1ae6 : 00100693;
1ae7 : FFF78793;
1ae8 : 00078463;
1ae9 : FA0682E3;
1aea : FFF00793;
1aeb : 00F90663;
1aec : 00197793;
1aed : 3E078A63;
1aee : FFF00593;
1aef : 10000513;
1af0 : F24FE0EF;
1af1 : 0001F7B7;
1af2 : 6B47C703;
1af3 : 00300793;
1af4 : 10F71463;
1af5 : 00812783;
1af6 : 0347A783;
1af7 : 17C7AB03;
1af8 : 71842783;
1af9 : 0187A503;
1afa : 01C7A583;
1afb : 6B50A0EF;
1afc : 5BC42703;
1afd : 060B4A03;
1afe : 00100793;
1aff : 00050B93;
1b00 : 001A7A13;
1b01 : 42F71663;
1b02 : 000017B7;
1b03 : 00F407B3;
1b04 : 8E07A783;
1b05 : 40E79E63;
1b06 : 5B842A83;
1b07 : 400A8A63;
1b08 : 0E8A8513;
1b09 : 6E50A0EF;
1b0a : 00CAAA83;
1b0b : 00050913;
1b0c : 00058993;
1b0d : 030B0513;
1b0e : 6D10A0EF;
1b0f : 00050C93;
1b10 : 050B0513;
1b11 : 00058D13;
1b12 : 6C10A0EF;
1b13 : 71C42783;
1b14 : 00050C13;
1b15 : 00800513;
1b16 : 0687A403;
1b17 : 0001F7B7;
1b18 : 7247A583;
1b19 : 061B4783;
1b1a : 00BA65B3;
1b1b : 00879793;
1b1c : 00F5E5B3;
1b1d : E70FE0EF;
1b1e : 00098593;
1b1f : 02C00513;
1b20 : E64FE0EF;
1b21 : 00090593;
1b22 : 03000513;
1b23 : E58FE0EF;
1b24 : 000D0593;
1b25 : 03400513;
1b26 : E4CFE0EF;
1b27 : 000C8593;
1b28 : 03800513;
1b29 : E40FE0EF;
1b2a : 000B8593;
1b2b : 03C00513;
1b2c : E34FE0EF;
1b2d : 000C0593;
1b2e : 04000513;
1b2f : E28FE0EF;
1b30 : 000A8593;
1b31 : 04400513;
1b32 : E1CFE0EF;
1b33 : 00040593;
1b34 : 04800513;
1b35 : E10FE0EF;
1b36 : 000207B7;
1b37 : 8D17C903;
1b38 : 00800793;
1b39 : 0127D463;
1b3a : 00800913;
1b3b : 010009B7;
1b3c : 00000413;
1b3d : FFF90913;
1b3e : 00300A13;
1b3f : FFF98993;
1b40 : 3524C063;
1b41 : 0001F7B7;
1b42 : 0FF47413;
1b43 : 7087AA23;
1b44 : 94DFE0EF;
1b45 : 00400513;
1b46 : C65FA0EF;
1b47 : 00156593;
1b48 : 00400513;
1b49 : DC0FE0EF;
1b4a : 00400513;
1b4b : C51FA0EF;
1b4c : 00100513;
1b4d : F01FE06F;
1b4e : 61C7A603;
1b4f : E2E60C63;
1b50 : 00068E63;
1b51 : 0001F637;
1b52 : 61862683;
1b53 : 00168693;
1b54 : 60D62C23;
1b55 : 60E7AE23;
1b56 : E1CFF06F;
1b57 : 0001F637;
1b58 : 61462683;
1b59 : 00168693;
1b5a : 60D62A23;
1b5b : 0001F637;
1b5c : 61062683;
1b5d : 00168693;
1b5e : 60D62823;
1b5f : FD9FF06F;
1b60 : 60C7A703;
1b61 : 00071863;
1b62 : 00100713;
1b63 : 60E7A623;
1b64 : DFCFF06F;
1b65 : 00170713;
1b66 : 60E7A623;
1b67 : 01300693;
1b68 : FEE6E4E3;
1b69 : DE8FF06F;
1b6a : 00100793;
1b6b : 01C04663;
1b6c : 01C037B3;
1b6d : 00179793;
1b6e : 0C810593;
1b6f : 00058513;
1b70 : 00052023;
1b71 : 15010893;
1b72 : 00450513;
1b73 : FEA89AE3;
1b74 : 09C12503;
1b75 : 01879793;
1b76 : 0CE12A23;
1b77 : 0CA12623;
1b78 : 00C12503;
1b79 : 0E612E23;
1b7a : 0CA12823;
1b7b : 01012503;
1b7c : 0CA12C23;
1b7d : 01412503;
1b7e : 0CA12E23;
1b7f : 01812503;
1b80 : 0EA12023;
1b81 : 01C12503;
1b82 : 00A7E7B3;
1b83 : 0EF12223;
1b84 : 02012783;
1b85 : 0EF12423;
1b86 : 02412783;
1b87 : 0EF12623;
1b88 : 02812783;
1b89 : 0EF12823;
1b8a : 02C12783;
1b8b : 0EF12A23;
1b8c : 03012783;
1b8d : 0EF12C23;
1b8e : 03412783;
1b8f : 10F12023;
1b90 : 03812783;
1b91 : 10F12223;
1b92 : 03C12783;
1b93 : 10F12423;
1b94 : 06061263;
1b95 : 04012783;
1b96 : 13B12223;
1b97 : 13F12423;
1b98 : 10F12623;
1b99 : 04412783;
1b9a : 13412623;
1b9b : 13512823;
1b9c : 10F12823;
1b9d : 04812783;
1b9e : 12512A23;
1b9f : 13612C23;
1ba0 : 10F12A23;
1ba1 : 04C12783;
1ba2 : 13712E23;
1ba3 : 14712023;
1ba4 : 10F12C23;
1ba5 : 05012783;
1ba6 : 14112223;
1ba7 : 15312423;
1ba8 : 10F12E23;
1ba9 : 05412783;
1baa : 12F12023;
1bab : 15D12623;
1bac : 0900006F;
1bad : 0B861463;
1bae : 06C12783;
1baf : 10F12623;
1bb0 : 07012783;
1bb1 : 10F12823;
1bb2 : 07412783;
1bb3 : 10F12A23;
1bb4 : 07812783;
1bb5 : 10F12C23;
1bb6 : 07C12783;
1bb7 : 10F12E23;
1bb8 : 08012783;
1bb9 : 12F12023;
1bba : 08412783;
1bbb : 12F12223;
1bbc : 08812783;
1bbd : 12F12423;
1bbe : 05812783;
1bbf : 12F12623;
1bc0 : 05C12783;
1bc1 : 12F12823;
1bc2 : 06012783;
1bc3 : 12F12A23;
1bc4 : 06412783;
1bc5 : 12F12C23;
1bc6 : 06812783;
1bc7 : 12F12E23;
1bc8 : 08C12783;
1bc9 : 14F12023;
1bca : 09012783;
1bcb : 14F12223;
1bcc : 09412783;
1bcd : 14F12423;
1bce : 09812783;
1bcf : 14F12623;
1bd0 : 820F2783;
1bd1 : EEF71263;
1bd2 : 00177713;
1bd3 : EC071E63;
1bd4 : EC030C63;
1bd5 : 00100A13;
1bd6 : EECFF06F;
1bd7 : 00DC87B3;
1bd8 : 0007A783;
1bd9 : 00468693;
1bda : 00458593;
1bdb : 04F5A023;
1bdc : FFA696E3;
1bdd : F39FF06F;
1bde : 00278593;
1bdf : EF4FF06F;
1be0 : 15C00A93;
1be1 : 1E000B13;
1be2 : 000A8513;
1be3 : 00000593;
1be4 : 004A8A93;
1be5 : B50FE0EF;
1be6 : FF6A98E3;
1be7 : F28FF06F;
1be8 : 00278A13;
1be9 : AD1FF06F;
1bea : 00196593;
1beb : 10000513;
1bec : B34FE0EF;
1bed : 0FF0000F;
1bee : 10400513;
1bef : 000D8593;
1bf0 : B24FE0EF;
1bf1 : 000D0593;
1bf2 : 10800513;
1bf3 : B18FE0EF;
1bf4 : 000C8593;
1bf5 : 10C00513;
1bf6 : B0CFE0EF;
1bf7 : 000C0593;
1bf8 : 11000513;
1bf9 : B00FE0EF;
1bfa : 000B8593;
1bfb : 11400513;
1bfc : AF4FE0EF;
1bfd : 000B0593;
1bfe : 11800513;
1bff : AE8FE0EF;
1c00 : 000A8593;
1c01 : 11C00513;
1c02 : ADCFE0EF;
1c03 : 000A0593;
1c04 : 12000513;
1c05 : AD0FE0EF;
1c06 : 00098593;
1c07 : 12400513;
1c08 : AC4FE0EF;
1c09 : 0FF0000F;
1c0a : 00090593;
1c0b : B91FF06F;
1c0c : 00000A93;
1c0d : 00000913;
1c0e : 00000993;
1c0f : BF9FF06F;
1c10 : 00048593;
1c11 : 0BC10513;
1c12 : A85FC0EF;
1c13 : 0BC12783;
1c14 : 00A7F713;
1c15 : 00971733;
1c16 : 00E46433;
1c17 : 049A4263;
1c18 : 0C012583;
1c19 : 0047F713;
1c1a : 00E03733;
1c1b : 01859693;
1c1c : 0C412583;
1c1d : 0087F793;
1c1e : 01A71713;
1c1f : 0135F5B3;
1c20 : 00F037B3;
1c21 : 00D5E5B3;
1c22 : 00249513;
1c23 : 01B79793;
1c24 : 00E5E5B3;
1c25 : 00F5E5B3;
1c26 : 05050513;
1c27 : A48FE0EF;
1c28 : 00148493;
1c29 : C5DFF06F;
1c2a : 0002E7B7;
1c2b : 03078793;
1c2c : 0007A683;
1c2d : 504D5737;
1c2e : 35470713;
1c2f : 12E68A63;
1c30 : 00E7A023;
1c31 : 0002E7B7;
1c32 : 0207AA23;
1c33 : 0002E7B7;
1c34 : 0207AC23;
1c35 : 0002E7B7;
1c36 : 0207AE23;
1c37 : 0002E7B7;
1c38 : 0407A823;
1c39 : 0002E7B7;
1c3a : 0407AA23;
1c3b : 0002E7B7;
1c3c : 0407AC23;
1c3d : 0002E7B7;
1c3e : 0407AE23;
1c3f : 0002E7B7;
1c40 : 0607A023;
1c41 : 0002E7B7;
1c42 : 0607A223;
1c43 : 0002E7B7;
1c44 : 0607A423;
1c45 : 0002E7B7;
1c46 : 0607A623;
1c47 : 0002E7B7;
1c48 : 0607A823;
1c49 : 0002E7B7;
1c4a : 0607AA23;
1c4b : 0002E7B7;
1c4c : 0607AC23;
1c4d : 0002E7B7;
1c4e : 0607AE23;
1c4f : 0002E7B7;
1c50 : 0807A023;
1c51 : 0002E7B7;
1c52 : 0807A223;
1c53 : 0002E7B7;
1c54 : 0807A423;
1c55 : 0002E7B7;
1c56 : 0807A623;
1c57 : 0002E7B7;
1c58 : 0807A823;
1c59 : 0002E7B7;
1c5a : 09478793;
1c5b : 0007A023;
1c5c : 0007A223;
1c5d : 0007A423;
1c5e : 0007A623;
1c5f : 0002E7B7;
1c60 : 0A47A703;
1c61 : 464157B7;
1c62 : 54C78793;
1c63 : 04F70663;
1c64 : 0002E7B7;
1c65 : 0A07A423;
1c66 : 0002E7B7;
1c67 : 0A07A623;
1c68 : 0002E7B7;
1c69 : 0A07A823;
1c6a : 0002E7B7;
1c6b : 0A07AA23;
1c6c : 0002E7B7;
1c6d : 0A07AC23;
1c6e : 0002E7B7;
1c6f : 0A07AE23;
1c70 : 0002E7B7;
1c71 : 0C07A023;
1c72 : 0002E7B7;
1c73 : 0C07A223;
1c74 : 0002E7B7;
1c75 : 0C07A423;
1c76 : 0002E7B7;
1c77 : 04078793;
1c78 : 0007A023;
1c79 : 0007A223;
1c7a : 0007A423;
1c7b : 0007A623;
1c7c : 00008067;
1c7d : FE010113;
1c7e : 00812C23;
1c7f : 00912A23;
1c80 : 01212823;
1c81 : 01312623;
1c82 : 01412423;
1c83 : 00050413;
1c84 : 00112E23;
1c85 : 00058A13;
1c86 : 00060993;
1c87 : 00068913;
1c88 : 00070493;
1c89 : E85FF0EF;
1c8a : 0002E537;
1c8b : 07850793;
1c8c : 0007A783;
1c8d : 0C87FA63;
1c8e : 07850513;
1c8f : 00078663;
1c90 : 00178793;
1c91 : 0CF41263;
1c92 : 00852023;
1c93 : 0002E7B7;
1c94 : 01C7A703;
1c95 : 0002E7B7;
1c96 : 06E7AE23;
1c97 : 0002E7B7;
1c98 : 0947A023;
1c99 : 0002E7B7;
1c9a : 0937A223;
1c9b : 0002E7B7;
1c9c : 0927A423;
1c9d : 0002E7B7;
1c9e : 0897A623;
1c9f : 00400793;
1ca0 : 0687E463;
1ca1 : 0002E737;
1ca2 : 09470793;
1ca3 : 0007A023;
1ca4 : 0007A223;
1ca5 : 0007A423;
1ca6 : 00020537;
1ca7 : 0007A623;
1ca8 : 09470613;
1ca9 : 00000793;
1caa : 31850513;
1cab : 01000813;
1cac : FFC7F693;
1cad : 00F50733;
1cae : 00D606B3;
1caf : 00074703;
1cb0 : 0006A883;
1cb1 : 0037F593;
1cb2 : 00359593;
1cb3 : 00B71733;
1cb4 : 01176733;
1cb5 : 00E6A023;
1cb6 : 00178793;
1cb7 : FD079AE3;
1cb8 : 0002E7B7;
1cb9 : 0887A823;
1cba : 01812403;
1cbb : 01C12083;
1cbc : 01412483;
1cbd : 01012903;
1cbe : 00C12983;
1cbf : 00812A03;
1cc0 : 02010113;
1cc1 : D94FE06F;
1cc2 : 01C12083;
1cc3 : 01812403;
1cc4 : 01412483;
1cc5 : 01012903;
1cc6 : 00C12983;
1cc7 : 00812A03;
1cc8 : 02010113;
1cc9 : 00008067;
1cca : FF010113;
1ccb : 00812423;
1ccc : 00112623;
1ccd : 00050413;
1cce : D71FF0EF;
1ccf : 0002E7B7;
1cd0 : 06078793;
1cd1 : 0007A703;
1cd2 : FFF40693;
1cd3 : 02E69463;
1cd4 : 0087A023;
1cd5 : 0002E7B7;
1cd6 : 01C7A703;
1cd7 : 00812403;
1cd8 : 00C12083;
1cd9 : 0002E7B7;
1cda : 06E7AA23;
1cdb : 01010113;
1cdc : D28FE06F;
1cdd : 00C12083;
1cde : 00812403;
1cdf : 01010113;
1ce0 : 00008067;
1ce1 : FE010113;
1ce2 : 00912A23;
1ce3 : 0001F7B7;
1ce4 : 00070493;
1ce5 : 0001F737;
1ce6 : 7007A783;
1ce7 : 6FC72703;
1ce8 : 00812C23;
1ce9 : 00112E23;
1cea : 01212823;
1ceb : 01312623;
1cec : 01412423;
1ced : 00E7E7B3;
1cee : 00050413;
1cef : 04079663;
1cf0 : 00058A13;
1cf1 : 00050593;
1cf2 : 15C00513;
1cf3 : 00060993;
1cf4 : 00068913;
1cf5 : F11FD0EF;
1cf6 : 000A0593;
1cf7 : 16000513;
1cf8 : F05FD0EF;
1cf9 : 00098593;
1cfa : 16400513;
1cfb : EF9FD0EF;
1cfc : 00090593;
1cfd : 16800513;
1cfe : EEDFD0EF;
1cff : 00048593;
1d00 : 16C00513;
1d01 : EE1FD0EF;
1d02 : 02040863;
1d03 : C9DFF0EF;
1d04 : 0002E7B7;
1d05 : 0287AC23;
1d06 : 01812403;
1d07 : 01C12083;
1d08 : 01412483;
1d09 : 01012903;
1d0a : 00C12983;
1d0b : 00812A03;
1d0c : 02010113;
1d0d : C64FE06F;
1d0e : 01C12083;
1d0f : 01812403;
1d10 : 01412483;
1d11 : 01012903;
1d12 : 00C12983;
1d13 : 00812A03;
1d14 : 02010113;
1d15 : 00008067;
1d16 : 0001F7B7;
1d17 : 0001F737;
1d18 : 7007A783;
1d19 : 6FC72703;
1d1a : FF010113;
1d1b : 00812423;
1d1c : 00112623;
1d1d : 00E7E7B3;
1d1e : 00050413;
1d1f : 00079863;
1d20 : 00050593;
1d21 : 15800513;
1d22 : E5DFD0EF;
1d23 : 04040A63;
1d24 : C19FF0EF;
1d25 : 0002E7B7;
1d26 : 04078793;
1d27 : 0047A703;
1d28 : 00C12083;
1d29 : 00E7A023;
1d2a : 0087A703;
1d2b : 00E7A223;
1d2c : 00C7A703;
1d2d : 00E7A423;
1d2e : 0087A623;
1d2f : 0002E7B7;
1d30 : 0287AA23;
1d31 : 0002E7B7;
1d32 : 01C7A703;
1d33 : 00812403;
1d34 : 0002E7B7;
1d35 : 02E7AE23;
1d36 : 01010113;
1d37 : BBCFE06F;
1d38 : 00C12083;
1d39 : 00812403;
1d3a : 01010113;
1d3b : 00008067;
1d3c : 00852783;
1d3d : FF010113;
1d3e : 00112623;
1d3f : 0007A703;
1d40 : 00812423;
1d41 : 00072783;
1d42 : 0087F793;
1d43 : 10078063;
1d44 : 00072783;
1d45 : 0027F693;
1d46 : 00069A63;
1d47 : 0087D793;
1d48 : 0FF7F793;
1d49 : FFF00413;
1d4a : 0C078863;
1d4b : 00C72403;
1d4c : B79FF0EF;
1d4d : 0002E7B7;
1d4e : 06478713;
1d4f : 00072703;
1d50 : FFF00693;
1d51 : 06478613;
1d52 : 00D70463;
1d53 : 00170713;
1d54 : 0002E6B7;
1d55 : 07068793;
1d56 : 0007A783;
1d57 : 07068693;
1d58 : 00079663;
1d59 : 811CA7B7;
1d5a : DC578793;
1d5b : 0FF47413;
1d5c : 010005B7;
1d5d : 00F447B3;
1d5e : 19358593;
1d5f : 02B787B3;
1d60 : 00E62023;
1d61 : 0002E637;
1d62 : 06862423;
1d63 : 0002E637;
1d64 : 06E62623;
1d65 : 00F6A023;
1d66 : 0002E6B7;
1d67 : 06068793;
1d68 : 0007A783;
1d69 : 06068693;
1d6a : 00079463;
1d6b : 00100793;
1d6c : 00B00613;
1d6d : 00E67863;
1d6e : 00200713;
1d6f : 00E7F463;
1d70 : 00200793;
1d71 : 00A00713;
1d72 : 00E41863;
1d73 : 00300713;
1d74 : 00E7F463;
1d75 : 00300793;
1d76 : 0006A703;
1d77 : 00F70C63;
1d78 : 00F6A023;
1d79 : 0002E7B7;
1d7a : 01C7A703;
1d7b : 0002E7B7;
1d7c : 06E7AA23;
1d7d : AA4FE0EF;
1d7e : 00C12083;
1d7f : 00040513;
1d80 : 00812403;
1d81 : 01010113;
1d82 : 00008067;
1d83 : 00072783;
1d84 : 0017D793;
1d85 : 0017F793;
1d86 : F0DFF06F;
1d87 : FC010113;
1d88 : 02812C23;
1d89 : 00050413;
1d8a : 692D7537;
1d8b : 02000793;
1d8c : 27750513;
1d8d : 02112E23;
1d8e : 02912A23;
1d8f : 03212823;
1d90 : 03312623;
1d91 : 00F10DA3;
1d92 : BF1FB0EF;
1d93 : 12054E63;
1d94 : 00011F23;
1d95 : 0FF00493;
1d96 : 01E15503;
1d97 : 00100613;
1d98 : 01A10593;
1d99 : 00250513;
1d9a : A71FB0EF;
1d9b : 00100713;
1d9c : 01E15783;
1d9d : 02E50063;
1d9e : 10000713;
1d9f : 00F77463;
1da0 : 00011F23;
1da1 : 00440413;
1da2 : 00A00913;
1da3 : 02000993;
1da4 : 0B00006F;
1da5 : 01A14703;
1da6 : FE9700E3;
1da7 : 00178793;
1da8 : 00F11F23;
1da9 : FB5FF06F;
1daa : 00058513;
1dab : 00B12623;
1dac : 3AD070EF;
1dad : 00050493;
1dae : 01E15503;
1daf : 00C12583;
1db0 : 00048613;
1db1 : 00250513;
1db2 : 9C1FB0EF;
1db3 : 02950663;
1db4 : FFF00513;
1db5 : 000207B7;
1db6 : 2C07A023;
1db7 : 03C12083;
1db8 : 03812403;
1db9 : 03412483;
1dba : 03012903;
1dbb : 02C12983;
1dbc : 04010113;
1dbd : 00008067;
1dbe : 01E15783;
1dbf : 00F50533;
1dc0 : 01051513;
1dc1 : 00442783;
1dc2 : 01055513;
1dc3 : 00A11F23;
1dc4 : 06078863;
1dc5 : 01310DA3;
1dc6 : 00100613;
1dc7 : 01B10593;
1dc8 : 00250513;
1dc9 : 965FB0EF;
1dca : 00100793;
1dcb : 00440413;
1dcc : FAF510E3;
1dcd : 01E15783;
1dce : 00178793;
1dcf : 00F11F23;
1dd0 : 00042583;
1dd1 : F60592E3;
1dd2 : 00200613;
1dd3 : 01E10593;
1dd4 : 00000513;
1dd5 : 935FB0EF;
1dd6 : 00200793;
1dd7 : F6F51AE3;
1dd8 : 00200613;
1dd9 : 01C10593;
1dda : 00000513;
1ddb : 96DFB0EF;
1ddc : FFE50513;
1ddd : 00A03533;
1dde : 40A00533;
1ddf : F59FF06F;
1de0 : 01210DA3;
1de1 : F95FF06F;
1de2 : FFF00513;
1de3 : F51FF06F;
1de4 : 692D7537;
1de5 : FF010113;
1de6 : 27750513;
1de7 : 00112623;
1de8 : 00812423;
1de9 : A95FB0EF;
1dea : FFF00793;
1deb : 02054263;
1dec : 00021437;
1ded : 9D040413;
1dee : 93842503;
1def : FFDFB0EF;
1df0 : 93842783;
1df1 : 8E042823;
1df2 : 00A79E63;
1df3 : 00000793;
1df4 : 00C12083;
1df5 : 00812403;
1df6 : 00078513;
1df7 : 01010113;
1df8 : 00008067;
1df9 : FFF50793;
1dfa : 00F037B3;
1dfb : 40F007B3;
1dfc : FE1FF06F;
1dfd : F7010113;
1dfe : 08812423;
1dff : 696C6537;
1e00 : 00021437;
1e01 : 9D040793;
1e02 : 08112623;
1e03 : 08912223;
1e04 : 09212023;
1e05 : 07312E23;
1e06 : 16350513;
1e07 : 9A07A023;
1e08 : A19FB0EF;
1e09 : FFF00793;
1e0a : 02054663;
1e0b : 06C00613;
1e0c : 00410593;
1e0d : 00000513;
1e0e : 8A1FB0EF;
1e0f : 06C00793;
1e10 : 9D040413;
1e11 : 02F50863;
1e12 : 9A042023;
1e13 : FFF00793;
1e14 : 8E042823;
1e15 : 08C12083;
1e16 : 08812403;
1e17 : 08412483;
1e18 : 08012903;
1e19 : 07C12983;
1e1a : 00078513;
1e1b : 09010113;
1e1c : 00008067;
1e1d : 99C40493;
1e1e : 06C00613;
1e1f : 00410593;
1e20 : 00048513;
1e21 : 705080EF;
1e22 : A0840993;
1e23 : 00048913;
1e24 : 00092503;
1e25 : 00490913;
1e26 : 284120EF;
1e27 : FEA92E23;
1e28 : FF3918E3;
1e29 : 99C42783;
1e2a : CAFEC737;
1e2b : ABE70713;
1e2c : F8E79CE3;
1e2d : 9A042603;
1e2e : 00000713;
1e2f : 00F607B3;
1e30 : 00848493;
1e31 : 02E61063;
1e32 : 9A442703;
1e33 : F6F71EE3;
1e34 : 0001F7B7;
1e35 : 00100713;
1e36 : 6EE78A23;
1e37 : 00000793;
1e38 : F71FF06F;
1e39 : 0044A683;
1e3a : 0084A583;
1e3b : 00170713;
1e3c : 00B686B3;
1e3d : 00D787B3;
1e3e : FC9FF06F;
1e3f : F8010113;
1e40 : 06812C23;
1e41 : 00021437;
1e42 : 06912A23;
1e43 : 9D040493;
1e44 : 9A04A603;
1e45 : 99C48493;
1e46 : 07212823;
1e47 : 06112E23;
1e48 : 00050693;
1e49 : 00048713;
1e4a : 00000793;
1e4b : 9D040413;
1e4c : 00020937;
1e4d : 02C79663;
1e4e : 00C00613;
1e4f : FFF00713;
1e50 : 0AC78E63;
1e51 : 00379713;
1e52 : 00E40733;
1e53 : 00178793;
1e54 : 9AD72423;
1e55 : 9AB72623;
1e56 : 9AF42023;
1e57 : 01C0006F;
1e58 : 00C72503;
1e59 : 00870713;
1e5a : 0AA69863;
1e5b : 00379793;
1e5c : 00F407B3;
1e5d : 9AB7A623;
1e5e : 696C6537;
1e5f : 16350513;
1e60 : 8B9FB0EF;
1e61 : FFF00713;
1e62 : 06054A63;
1e63 : 9A042603;
1e64 : CAFEC7B7;
1e65 : ABE78793;
1e66 : 98F42E23;
1e67 : 00000713;
1e68 : 00F607B3;
1e69 : 00848493;
1e6a : 06E61C63;
1e6b : 06C00613;
1e6c : 36C90593;
1e6d : 00410513;
1e6e : 9AF42223;
1e6f : 00410493;
1e70 : 5C9080EF;
1e71 : 0004A503;
1e72 : 00448493;
1e73 : 150120EF;
1e74 : FEA4AE23;
1e75 : 07010793;
1e76 : FE9796E3;
1e77 : 93842503;
1e78 : DD9FB0EF;
1e79 : 06C00613;
1e7a : 00410593;
1e7b : 00000513;
1e7c : E98FB0EF;
1e7d : 00000713;
1e7e : 8E042823;
1e7f : 07C12083;
1e80 : 07812403;
1e81 : 07412483;
1e82 : 07012903;
1e83 : 00070513;
1e84 : 08010113;
1e85 : 00008067;
1e86 : 00178793;
1e87 : F19FF06F;
1e88 : 0044A683;
1e89 : 0084A583;
1e8a : 00170713;
1e8b : 00B686B3;
1e8c : 00D787B3;
1e8d : F71FF06F;
1e8e : 2D706537;
1e8f : FF010113;
1e90 : 67350513;
1e91 : 00112623;
1e92 : 00812423;
1e93 : FECFB0EF;
1e94 : FFF00793;
1e95 : 02054263;
1e96 : 00021437;
1e97 : 9D040413;
1e98 : 93842503;
1e99 : D55FB0EF;
1e9a : 93842783;
1e9b : 8E042823;
1e9c : 00A79E63;
1e9d : 00000793;
1e9e : 00C12083;
1e9f : 00812403;
1ea0 : 00078513;
1ea1 : 01010113;
1ea2 : 00008067;
1ea3 : FFF50793;
1ea4 : 00F037B3;
1ea5 : 40F007B3;
1ea6 : FE1FF06F;
1ea7 : 00000793;
1ea8 : 01052703;
1ea9 : 00E7C463;
1eaa : 00008067;
1eab : 00000013;
1eac : 00178793;
1ead : FEDFF06F;
1eae : 00050A63;
1eaf : 00052783;
1eb0 : 0087A303;
1eb1 : 00030463;
1eb2 : 00030067;
1eb3 : 00008067;
1eb4 : FF010113;
1eb5 : 00812423;
1eb6 : 0001F437;
1eb7 : 00000593;
1eb8 : 3B840513;
1eb9 : 00112623;
1eba : FD1FF0EF;
1ebb : 12C00513;
1ebc : EA1F90EF;
1ebd : 0001F537;
1ebe : 00100593;
1ebf : 3C050513;
1ec0 : FB9FF0EF;
1ec1 : 12C00513;
1ec2 : E89F90EF;
1ec3 : 3B840513;
1ec4 : 00100593;
1ec5 : FA5FF0EF;
1ec6 : 00812403;
1ec7 : 00C12083;
1ec8 : 12C00513;
1ec9 : 01010113;
1eca : E69F906F;
1ecb : FE010113;
1ecc : 01212823;
1ecd : 0001F937;
1ece : 01312623;
1ecf : 01412423;
1ed0 : 00050993;
1ed1 : 00058A13;
1ed2 : 3B890513;
1ed3 : 00100593;
1ed4 : 00112E23;
1ed5 : 00812C23;
1ed6 : 00912A23;
1ed7 : 01512223;
1ed8 : F59FF0EF;
1ed9 : 12C00513;
1eda : E29F90EF;
1edb : 0001F437;
1edc : 00000593;
1edd : 3C040513;
1ede : F41FF0EF;
1edf : 12C00513;
1ee0 : E11F90EF;
1ee1 : 00800A93;
1ee2 : 00000493;
1ee3 : 00100593;
1ee4 : 3C040513;
1ee5 : F25FF0EF;
1ee6 : 12C00513;
1ee7 : DF5F90EF;
1ee8 : 00149493;
1ee9 : 3B890513;
1eea : 0FF4F493;
1eeb : DFDF90EF;
1eec : 00050463;
1eed : 0014E493;
1eee : 00000593;
1eef : 3C040513;
1ef0 : EF9FF0EF;
1ef1 : 12C00513;
1ef2 : FFFA8A93;
1ef3 : DC5F90EF;
1ef4 : FA0A9EE3;
1ef5 : 00100593;
1ef6 : 000A1463;
1ef7 : 00000593;
1ef8 : 3B890513;
1ef9 : ED5FF0EF;
1efa : 12C00513;
1efb : DA5F90EF;
1efc : 00100593;
1efd : 3C040513;
1efe : EC1FF0EF;
1eff : 12C00513;
1f00 : D91F90EF;
1f01 : 3C040513;
1f02 : 00000593;
1f03 : EADFF0EF;
1f04 : 12C00513;
1f05 : D7DF90EF;
1f06 : 01C12083;
1f07 : 01812403;
1f08 : 00998023;
1f09 : 01012903;
1f0a : 01412483;
1f0b : 00C12983;
1f0c : 00812A03;
1f0d : 00412A83;
1f0e : 02010113;
1f0f : 00008067;
1f10 : FE010113;
1f11 : 00812C23;
1f12 : 00912A23;
1f13 : 01212823;
1f14 : 01312623;
1f15 : 00112E23;
1f16 : 00050413;
1f17 : 00800993;
1f18 : 0001F4B7;
1f19 : 0001F937;
1f1a : 08047593;
1f1b : 3B848513;
1f1c : E49FF0EF;
1f1d : 12C00513;
1f1e : D19F90EF;
1f1f : 00100593;
1f20 : 3C090513;
1f21 : E35FF0EF;
1f22 : 12C00513;
1f23 : D05F90EF;
1f24 : 00000593;
1f25 : 3C090513;
1f26 : E21FF0EF;
1f27 : 12C00513;
1f28 : 00141413;
1f29 : FFF98993;
1f2a : CE9F90EF;
1f2b : 0FF47413;
1f2c : FA099CE3;
1f2d : 00100593;
1f2e : 3B848513;
1f2f : DFDFF0EF;
1f30 : 12C00513;
1f31 : CCDF90EF;
1f32 : 00100593;
1f33 : 3C090513;
1f34 : DE9FF0EF;
1f35 : 12C00513;
1f36 : CB9F90EF;
1f37 : 3B848513;
1f38 : CC9F90EF;
1f39 : 00000593;
1f3a : 00050413;
1f3b : 3C090513;
1f3c : DC9FF0EF;
1f3d : 12C00513;
1f3e : C99F90EF;
1f3f : 3B848513;
1f40 : 00000593;
1f41 : DB5FF0EF;
1f42 : 12C00513;
1f43 : C85F90EF;
1f44 : 00040463;
1f45 : FED00413;
1f46 : 01C12083;
1f47 : 00040513;
1f48 : 01812403;
1f49 : 01412483;
1f4a : 01012903;
1f4b : 00C12983;
1f4c : 02010113;
1f4d : 00008067;
1f4e : 0001F537;
1f4f : FF010113;
1f50 : 00000593;
1f51 : 3B850513;
1f52 : 00112623;
1f53 : D6DFF0EF;
1f54 : 12C00513;
1f55 : C3DF90EF;
1f56 : 0001F537;
1f57 : 3C050513;
1f58 : 00000593;
1f59 : D55FF0EF;
1f5a : 00C12083;
1f5b : 12C00513;
1f5c : 01010113;
1f5d : C1DF906F;
1f5e : 00052783;
1f5f : 02078E63;
1f60 : FF010113;
1f61 : 00812423;
1f62 : 00912223;
1f63 : 00112623;
1f64 : 00050413;
1f65 : 00058493;
1f66 : D05FF0EF;
1f67 : 00042503;
1f68 : 00812403;
1f69 : 00C12083;
1f6a : 0014C593;
1f6b : 00412483;
1f6c : 01010113;
1f6d : D05FF06F;
1f6e : 00008067;
1f6f : 00050A63;
1f70 : 00052783;
1f71 : 0047A303;
1f72 : 00030463;
1f73 : 00030067;
1f74 : 00008067;
1f75 : FE010113;
1f76 : 00112E23;
1f77 : 00812C23;
1f78 : 00912A23;
1f79 : 00050413;
1f7a : 01312623;
1f7b : 01412423;
1f7c : 01212823;
1f7d : CA9FF0EF;
1f7e : 00C42503;
1f7f : 00000593;
1f80 : 00800993;
1f81 : CB5FF0EF;
1f82 : 00040513;
1f83 : C91FF0EF;
1f84 : 00442503;
1f85 : 00000593;
1f86 : 00000493;
1f87 : C9DFF0EF;
1f88 : 00842503;
1f89 : 00000593;
1f8a : 00000A13;
1f8b : F91FF0EF;
1f8c : 00040513;
1f8d : C69FF0EF;
1f8e : 01F4D793;
1f8f : 001A1913;
1f90 : 0127E933;
1f91 : 01442783;
1f92 : 00149493;
1f93 : 00090A13;
1f94 : 00078A63;
1f95 : 00842503;
1f96 : B51F90EF;
1f97 : 00050463;
1f98 : 0014E493;
1f99 : 00C42503;
1f9a : 00100593;
1f9b : C4DFF0EF;
1f9c : 00040513;
1f9d : C29FF0EF;
1f9e : 01442783;
1f9f : 00079A63;
1fa0 : 00842503;
1fa1 : B25F90EF;
1fa2 : 00050463;
1fa3 : 0014E493;
1fa4 : 00C42503;
1fa5 : 00000593;
1fa6 : FFF98993;
1fa7 : C1DFF0EF;
1fa8 : 00040513;
1fa9 : BF9FF0EF;
1faa : F80998E3;
1fab : 00040513;
1fac : BEDFF0EF;
1fad : 01C12083;
1fae : 01812403;
1faf : 00C12983;
1fb0 : 00812A03;
1fb1 : 00048513;
1fb2 : 00090593;
1fb3 : 01412483;
1fb4 : 01012903;
1fb5 : 02010113;
1fb6 : 00008067;
1fb7 : FE010113;
1fb8 : 00112E23;
1fb9 : 00812C23;
1fba : 00912A23;
1fbb : 00050413;
1fbc : 01212823;
1fbd : 01312623;
1fbe : 00060913;
1fbf : 01412423;
1fc0 : 00058993;
1fc1 : B99FF0EF;
1fc2 : 00442503;
1fc3 : 00000593;
1fc4 : 00700493;
1fc5 : BA5FF0EF;
1fc6 : 00442503;
1fc7 : 00100593;
1fc8 : FFF00A13;
1fc9 : E99FF0EF;
1fca : 00C42503;
1fcb : 00000593;
1fcc : B89FF0EF;
1fcd : 00040513;
1fce : B65FF0EF;
1fcf : 00048613;
1fd0 : 00098513;
1fd1 : 00090593;
1fd2 : 2C9110EF;
1fd3 : 00157593;
1fd4 : 00442503;
1fd5 : FFF48493;
1fd6 : B61FF0EF;
1fd7 : 00040513;
1fd8 : B3DFF0EF;
1fd9 : 00C42503;
1fda : 00100593;
1fdb : B4DFF0EF;
1fdc : 00040513;
1fdd : B29FF0EF;
1fde : 00C42503;
1fdf : 00000593;
1fe0 : B39FF0EF;
1fe1 : 00040513;
1fe2 : B15FF0EF;
1fe3 : FB4498E3;
1fe4 : 01C12083;
1fe5 : 01812403;
1fe6 : 01412483;
1fe7 : 01012903;
1fe8 : 00C12983;
1fe9 : 00812A03;
1fea : 02010113;
1feb : 00008067;
1fec : FF010113;
1fed : 00812423;
1fee : 00050413;
1fef : 00052503;
1ff0 : 00100593;
1ff1 : 00112623;
1ff2 : 00912223;
1ff3 : DADFF0EF;
1ff4 : 00042503;
1ff5 : 00000613;
1ff6 : 00500593;
1ff7 : F01FF0EF;
1ff8 : 00042503;
1ff9 : DF1FF0EF;
1ffa : 00050493;
1ffb : 00042503;
1ffc : 00000593;
1ffd : D85FF0EF;
1ffe : 00C12083;
1fff : 00812403;
2000 : 0FF4F513;
2001 : 00412483;
2002 : 01010113;
2003 : 00008067;
2004 : FE010113;
2005 : 00812C23;
2006 : 00050413;
2007 : 01042783;
2008 : 00912A23;
2009 : 01212823;
200a : 01312623;
200b : 0105D913;
200c : 0085D493;
200d : 00112E23;
200e : 00052503;
200f : 0FF97913;
2010 : 0FF4F493;
2011 : 0FF5F993;
2012 : 04078C63;
2013 : 0185D593;
2014 : 00000613;
2015 : E89FF0EF;
2016 : 00042503;
2017 : 00090593;
2018 : 00000613;
2019 : E79FF0EF;
201a : 00042503;
201b : 00048593;
201c : 00000613;
201d : E69FF0EF;
201e : 00042503;
201f : 01812403;
2020 : 01C12083;
2021 : 01412483;
2022 : 01012903;
2023 : 00098593;
2024 : 00C12983;
2025 : 00000613;
2026 : 02010113;
2027 : E41FF06F;
2028 : 00090593;
2029 : 00000613;
202a : FBDFF06F;
202b : 00452783;
202c : FE010113;
202d : 00912A23;
202e : FFF60493;
202f : 00F484B3;
2030 : 02F4D4B3;
2031 : 00812C23;
2032 : 01312623;
2033 : 01412423;
2034 : 01512223;
2035 : 00112E23;
2036 : 01212823;
2037 : 00050413;
2038 : 00058A13;
2039 : 00060993;
203a : 00000A93;
203b : 029AC663;
203c : 01C12083;
203d : 01812403;
203e : 01412483;
203f : 01012903;
2040 : 00812A03;
2041 : 00412A83;
2042 : 00098513;
2043 : 00C12983;
2044 : 02010113;
2045 : 00008067;
2046 : 00042503;
2047 : 00100593;
2048 : 00442903;
2049 : C55FF0EF;
204a : 00042503;
204b : 00000613;
204c : 00600593;
204d : DA9FF0EF;
204e : 00042503;
204f : 032A8933;
2050 : 00000593;
2051 : C35FF0EF;
2052 : 00042503;
2053 : 00100593;
2054 : C29FF0EF;
2055 : 01042783;
2056 : 00042503;
2057 : 0DC00593;
2058 : 01490933;
2059 : 00000613;
205a : 00079663;
205b : 0D800593;
205c : 00000613;
205d : D69FF0EF;
205e : 00090593;
205f : 00040513;
2060 : E91FF0EF;
2061 : 00042503;
2062 : 00000593;
2063 : BEDFF0EF;
2064 : 00040513;
2065 : E1DFF0EF;
2066 : 00157513;
2067 : FE051AE3;
2068 : 00040513;
2069 : E0DFF0EF;
206a : 00157513;
206b : FE051AE3;
206c : 001A8A93;
206d : F39FF06F;
206e : FE010113;
206f : 00812C23;
2070 : 00050413;
2071 : 00052503;
2072 : 01212823;
2073 : 00058913;
2074 : 00100593;
2075 : 00912A23;
2076 : 01312623;
2077 : 00112E23;
2078 : 00060993;
2079 : 00068493;
207a : B91FF0EF;
207b : 01042783;
207c : 00042503;
207d : 00B00593;
207e : 00078463;
207f : 00C00593;
2080 : 00000613;
2081 : CD9FF0EF;
2082 : 00090593;
2083 : 00040513;
2084 : E01FF0EF;
2085 : 00042503;
2086 : 00000593;
2087 : 00000613;
2088 : CBDFF0EF;
2089 : 00000913;
208a : 00042503;
208b : 02994663;
208c : 00000593;
208d : B45FF0EF;
208e : 01C12083;
208f : 01812403;
2090 : 01012903;
2091 : 00C12983;
2092 : 00048513;
2093 : 01412483;
2094 : 02010113;
2095 : 00008067;
2096 : B7DFF0EF;
2097 : 012987B3;
2098 : 00A78023;
2099 : 00190913;
209a : FC1FF06F;
209b : FE010113;
209c : 00812C23;
209d : 00050413;
209e : 00052503;
209f : 01212823;
20a0 : 00058913;
20a1 : 00100593;
20a2 : 00112E23;
20a3 : 00912A23;
20a4 : 01312623;
20a5 : 00068493;
20a6 : 00060993;
20a7 : ADDFF0EF;
20a8 : 00042503;
20a9 : 00000613;
20aa : 00600593;
20ab : C31FF0EF;
20ac : 00042503;
20ad : 00000593;
20ae : AC1FF0EF;
20af : 00042503;
20b0 : FDCFF0EF;
20b1 : 00042503;
20b2 : 00100593;
20b3 : AADFF0EF;
20b4 : 01042783;
20b5 : 00042503;
20b6 : 00200593;
20b7 : 00078463;
20b8 : 01200593;
20b9 : 00000613;
20ba : BF5FF0EF;
20bb : 00090593;
20bc : 00040513;
20bd : D1DFF0EF;
20be : 00000913;
20bf : 00042503;
20c0 : 02994E63;
20c1 : 00000593;
20c2 : A71FF0EF;
20c3 : 00040513;
20c4 : CA1FF0EF;
20c5 : 00157513;
20c6 : FE051AE3;
20c7 : 01C12083;
20c8 : 01812403;
20c9 : 01012903;
20ca : 00C12983;
20cb : 00048513;
20cc : 01412483;
20cd : 02010113;
20ce : 00008067;
20cf : 012987B3;
20d0 : 0007C583;
20d1 : 00000613;
20d2 : 00190913;
20d3 : B91FF0EF;
20d4 : FADFF06F;
20d5 : 0001F7B7;
20d6 : 0001F737;
20d7 : 6E07A623;
20d8 : 0001F7B7;
20d9 : 6E071223;
20da : 6C079E23;
20db : 6E470713;
20dc : 6DC78793;
20dd : 00000593;
20de : 00000513;
20df : 00072223;
20e0 : 0007A223;
20e1 : FC0FB06F;
20e2 : 001007B7;
20e3 : 40078793;
20e4 : 01C7A783;
20e5 : 00100737;
20e6 : 00F50533;
20e7 : 41C72783;
20e8 : 40A787B3;
20e9 : FE07CCE3;
20ea : 00008067;
20eb : FF010113;
20ec : 00812423;
20ed : 00001437;
20ee : 80040593;
20ef : 00000513;
20f0 : 00112623;
20f1 : DA1F70EF;
20f2 : 3E800513;
20f3 : FBDFF0EF;
20f4 : 000085B7;
20f5 : 00000513;
20f6 : D8DF70EF;
20f7 : 00000593;
20f8 : 00000513;
20f9 : D81F70EF;
20fa : 00000593;
20fb : 01000513;
20fc : D75F70EF;
20fd : 000207B7;
20fe : 9D67C783;
20ff : 34040593;
2100 : 0027F793;
2101 : 00079463;
2102 : 14000593;
2103 : 00000513;
2104 : D55F70EF;
2105 : 00812403;
2106 : 00C12083;
2107 : 00000593;
2108 : 04000513;
2109 : 01010113;
210a : D3DF706F;
210b : 0001F7B7;
210c : 6D07A503;
210d : 02050663;
210e : 00052783;
210f : 02078263;
2110 : FF010113;
2111 : 00112623;
2112 : 000780E7;
2113 : 00A04463;
2114 : FFF00513;
2115 : 00C12083;
2116 : 01010113;
2117 : 00008067;
2118 : FFF00513;
2119 : 00008067;
211a : FC010113;
211b : 02C12423;
211c : 02810613;
211d : 00112E23;
211e : 02D12623;
211f : 02E12823;
2120 : 02F12A23;
2121 : 03012C23;
2122 : 03112E23;
2123 : 00C12623;
2124 : EE9F90EF;
2125 : 01C12083;
2126 : 04010113;
2127 : 00008067;
2128 : FF010113;
2129 : 00812423;
212a : 00020437;
212b : 47C40413;
212c : 00058613;
212d : 00050593;
212e : 00040513;
212f : 00912223;
2130 : 00112623;
2131 : EB5F90EF;
2132 : 0001F7B7;
2133 : 00050493;
2134 : 6D07A503;
2135 : 00050863;
2136 : 00452783;
2137 : 00040593;
2138 : 000780E7;
2139 : 00C12083;
213a : 00812403;
213b : 00048513;
213c : 00412483;
213d : 01010113;
213e : 00008067;
213f : FC010113;
2140 : 02B12223;
2141 : 02410593;
2142 : 00112E23;
2143 : 02C12423;
2144 : 02D12623;
2145 : 02E12823;
2146 : 02F12A23;
2147 : 03012C23;
2148 : 03112E23;
2149 : 00B12623;
214a : F79FF0EF;
214b : 01C12083;
214c : 04010113;
214d : 00008067;
214e : FA010113;
214f : 02812C23;
2150 : 00020437;
2151 : 03212823;
2152 : 04C12423;
2153 : 04D12623;
2154 : 04E12823;
2155 : 04F12A23;
2156 : 05012C23;
2157 : 05112E23;
2158 : 00020937;
2159 : 9D040413;
215a : 5C442783;
215b : 03312623;
215c : 93892983;
215d : 02112E23;
215e : 02912A23;
215f : 00F9E7B3;
2160 : 01C7D793;
2161 : 06078863;
2162 : 0019E793;
2163 : 92F92C23;
2164 : 5DC42783;
2165 : 00058493;
2166 : 5A040513;
2167 : 00C7A783;
2168 : 01010593;
2169 : 000780E7;
216a : 01C12783;
216b : 01A15683;
216c : 01012603;
216d : 01079793;
216e : 00D7E6B3;
216f : 000017B7;
2170 : 00F40433;
2171 : 000F47B7;
2172 : 24078793;
2173 : 02F6C6B3;
2174 : 84842583;
2175 : 0001C537;
2176 : 10450513;
2177 : 93392C23;
2178 : F1DFF0EF;
2179 : 04810593;
217a : 00048513;
217b : 00B12623;
217c : EB1FF0EF;
217d : 03C12083;
217e : 03812403;
217f : 03412483;
2180 : 03012903;
2181 : 02C12983;
2182 : 06010113;
2183 : 00008067;
2184 : FF010113;
2185 : 00812423;
2186 : 00020437;
2187 : 9D040793;
2188 : 5C07A783;
2189 : 00912223;
218a : 00112623;
218b : 0447A783;
218c : 000204B7;
218d : 9D040413;
218e : F7048493;
218f : 02078C63;
2190 : 5A042783;
2191 : 00600713;
2192 : 00E78663;
2193 : 00900713;
2194 : 00E79A63;
2195 : 00600613;
2196 : 00000593;
2197 : 63A40513;
2198 : 5B1060EF;
2199 : 5C042783;
219a : 00048513;
219b : 0447A783;
219c : 000780E7;
219d : 5A042703;
219e : 00A00793;
219f : 00E7C663;
21a0 : 5A442703;
21a1 : 00E7D663;
21a2 : 00048513;
21a3 : 5A8100EF;
21a4 : 5A442683;
21a5 : 00300793;
21a6 : 5AD42023;
21a7 : 00F69A63;
21a8 : 000017B7;
21a9 : 00F407B3;
21aa : 8C07AE23;
21ab : 8E07A023;
21ac : 5C844783;
21ad : 0001C5B7;
21ae : 00048513;
21af : FF97F793;
21b0 : 5CF40423;
21b1 : 5B042783;
21b2 : 12058593;
21b3 : 0007A603;
21b4 : E69FF0EF;
21b5 : 00C12083;
21b6 : 00812403;
21b7 : 00412483;
21b8 : 00000513;
21b9 : 01010113;
21ba : 00008067;
21bb : E7010113;
21bc : 17312E23;
21bd : 17412C23;
21be : 17512A23;
21bf : 17812423;
21c0 : 18112623;
21c1 : 00021C37;
21c2 : 18812423;
21c3 : 18912223;
21c4 : 19212023;
21c5 : 17612823;
21c6 : 17712623;
21c7 : 17912223;
21c8 : 17A12023;
21c9 : 15B12E23;
21ca : 00050A13;
21cb : 00058A93;
21cc : 9D0C0C13;
21cd : 00050993;
21ce : 00059463;
21cf : A18C2983;
21d0 : A10C2783;
21d1 : 0001B437;
21d2 : B5840413;
21d3 : 40F00733;
21d4 : 13F78913;
21d5 : 00E97933;
21d6 : 01390933;
21d7 : 00100D93;
21d8 : 1F040B13;
21d9 : FFF78D13;
21da : 0001BBB7;
21db : 006D9C93;
21dc : 016C8CB3;
21dd : 010CA503;
21de : 014CA583;
21df : 00E12623;
21e0 : 001D8D93;
21e1 : 3CC110EF;
21e2 : 00CCA583;
21e3 : 00050493;
21e4 : 008CA503;
21e5 : 3BC110EF;
21e6 : 40A484B3;
21e7 : 41F95593;
21e8 : 00090513;
21e9 : 3AC110EF;
21ea : 00ACA423;
21eb : 01248533;
21ec : 00BCA623;
21ed : 41F55593;
21ee : 398110EF;
21ef : 00C12703;
21f0 : 00148493;
21f1 : 01248933;
21f2 : 01A90933;
21f3 : 00ACA823;
21f4 : 00BCAA23;
21f5 : 00500793;
21f6 : 00E97933;
21f7 : F8FD98E3;
21f8 : 00098513;
21f9 : 00000593;
21fa : 368110EF;
21fb : 30042703;
21fc : 30442783;
21fd : 1EA42C23;
21fe : 1EB42E23;
21ff : 20E42023;
2200 : 20F42223;
2201 : 000B0493;
2202 : 33040413;
2203 : 0001C937;
2204 : 01200613;
2205 : 02C48593;
2206 : 01010513;
2207 : 020101A3;
2208 : 175060EF;
2209 : 0084A503;
220a : 00C4A583;
220b : 04048493;
220c : 320110EF;
220d : FD44A583;
220e : 00A12623;
220f : FD04A503;
2210 : 310110EF;
2211 : 00C12603;
2212 : 00050693;
2213 : 01010593;
2214 : 13890513;
2215 : CA9FF0EF;
2216 : FA941CE3;
2217 : A10C2783;
2218 : 00500613;
2219 : 0001C537;
221a : 02F60633;
221b : 00098593;
221c : 15C50513;
221d : 00000413;
221e : 14000493;
221f : C81FF0EF;
2220 : 000A8593;
2221 : 000A0513;
2222 : 9BCFB0EF;
2223 : A20C2783;
2224 : A0CC2503;
2225 : 008B0633;
2226 : 0047A783;
2227 : 008985B3;
2228 : 04000693;
2229 : 04040413;
222a : 000780E7;
222b : FE9410E3;
222c : 0001C537;
222d : 18C50513;
222e : C45FF0EF;
222f : A20C2783;
2230 : A0CC2503;
2231 : 01010613;
2232 : 0007A783;
2233 : 00098593;
2234 : 14000693;
2235 : 000780E7;
2236 : 14000613;
2237 : 01010593;
2238 : D48B8513;
2239 : 011070EF;
223a : 04050863;
223b : 0001C537;
223c : 1A050513;
223d : C09FF0EF;
223e : E19FA0EF;
223f : 18C12083;
2240 : 18812403;
2241 : 18412483;
2242 : 18012903;
2243 : 17C12983;
2244 : 17812A03;
2245 : 17412A83;
2246 : 17012B03;
2247 : 16C12B83;
2248 : 16812C03;
2249 : 16412C83;
224a : 16012D03;
224b : 15C12D83;
224c : 19010113;
224d : 00008067;
224e : 0001C537;
224f : 1A850513;
2250 : FB5FF06F;
2251 : FF010113;
2252 : 00812423;
2253 : 00C5A403;
2254 : 00912223;
2255 : 00112623;
2256 : 00040613;
2257 : 01212023;
2258 : 9ACFA0EF;
2259 : 00050493;
225a : 06A05063;
225b : 0001F737;
225c : 5B872503;
225d : 00042783;
225e : 00100693;
225f : 00150593;
2260 : 00B035B3;
2261 : 00070913;
2262 : 00D78C63;
2263 : 03200713;
2264 : 04E78A63;
2265 : 0C800793;
2266 : 00F42023;
2267 : 02C0006F;
2268 : D4DFF0EF;
2269 : FE0548E3;
226a : 06400793;
226b : 00F42023;
226c : 0001F737;
226d : FFF00793;
226e : 5AF72A23;
226f : 0001F737;
2270 : 5AF92C23;
2271 : 5AF72823;
2272 : 00C12083;
2273 : 00812403;
2274 : 00012903;
2275 : 00048513;
2276 : 00412483;
2277 : 01010113;
2278 : 00008067;
2279 : 860FB0EF;
227a : FBDFF06F;
227b : 00300793;
227c : 28C7C663;
227d : FB010113;
227e : 04812423;
227f : 00050413;
2280 : 2D706537;
2281 : 67350513;
2282 : 04912223;
2283 : 03312E23;
2284 : 04112623;
2285 : 05212023;
2286 : 03412C23;
2287 : 03512A23;
2288 : 00058993;
2289 : 00060493;
228a : 811FA0EF;
228b : FFF00793;
228c : 02054663;
228d : 04048863;
228e : 00100793;
228f : 08F99063;
2290 : 0001F4B7;
2291 : 6F04A683;
2292 : 00400713;
2293 : FFE00793;
2294 : 22E69C63;
2295 : 00020737;
2296 : 2C072023;
2297 : 04C12083;
2298 : 04812403;
2299 : 04412483;
229a : 04012903;
229b : 03C12983;
229c : 03812A03;
229d : 03412A83;
229e : 00078513;
229f : 05010113;
22a0 : 00008067;
22a1 : 0001F937;
22a2 : 6E092823;
22a3 : 00100513;
22a4 : 0FF00A13;
22a5 : 01000A93;
22a6 : 02100613;
22a7 : 00C10593;
22a8 : E38FA0EF;
22a9 : 02100793;
22aa : 02F50C63;
22ab : 00100793;
22ac : F8F988E3;
22ad : 6F092783;
22ae : F8078EE3;
22af : 02100913;
22b0 : 03248533;
22b1 : 02100613;
22b2 : 00040593;
22b3 : 00150513;
22b4 : E08FA0EF;
22b5 : 05250263;
22b6 : FFF00793;
22b7 : F79FF06F;
22b8 : 00000793;
22b9 : 00C10713;
22ba : 00F70733;
22bb : 00074703;
22bc : FB470EE3;
22bd : 00178793;
22be : FF5796E3;
22bf : 6F092503;
22c0 : 02100793;
22c1 : 00150513;
22c2 : 6EA92823;
22c3 : 02F50533;
22c4 : 00150513;
22c5 : F85FF06F;
22c6 : 00000793;
22c7 : 00000713;
22c8 : 02000693;
22c9 : 00E40633;
22ca : 00064603;
22cb : 00170713;
22cc : 00C787B3;
22cd : FED718E3;
22ce : 02044703;
22cf : 0FF7F793;
22d0 : 00E78A63;
22d1 : 0001C537;
22d2 : 1B050513;
22d3 : 9B1FF0EF;
22d4 : F89FF06F;
22d5 : 01144503;
22d6 : 01544583;
22d7 : 01044703;
22d8 : 01444783;
22d9 : 00851513;
22da : 00859593;
22db : 00E56533;
22dc : 00F5E5B3;
22dd : 01244703;
22de : 01644783;
22df : 01071713;
22e0 : 01079793;
22e1 : 00A76733;
22e2 : 00B7E7B3;
22e3 : 01344503;
22e4 : 01744583;
22e5 : 01851513;
22e6 : 01859593;
22e7 : 00E56533;
22e8 : 00F5E5B3;
22e9 : 7AD100EF;
22ea : 00855793;
22eb : 00F408A3;
22ec : 01055793;
22ed : 00A40823;
22ee : 00F40923;
22ef : 01855513;
22f0 : 0085D793;
22f1 : 00A409A3;
22f2 : 00F40AA3;
22f3 : 01944503;
22f4 : 0105D793;
22f5 : 00F40B23;
22f6 : 01844783;
22f7 : 00851513;
22f8 : 00B40A23;
22f9 : 00F56533;
22fa : 01A44783;
22fb : 0185D593;
22fc : 00B40BA3;
22fd : 01079793;
22fe : 00A7E7B3;
22ff : 01B44503;
2300 : 01851513;
2301 : 00F56533;
2302 : 715100EF;
2303 : 00855793;
2304 : 00A40C23;
2305 : 00F40CA3;
2306 : 01055793;
2307 : 01855513;
2308 : 00A40DA3;
2309 : 01D44503;
230a : 00F40D23;
230b : 01C44783;
230c : 00851513;
230d : 00F56533;
230e : 01E44783;
230f : 01079793;
2310 : 00A7E7B3;
2311 : 01F44503;
2312 : 01851513;
2313 : 00F56533;
2314 : 6CD100EF;
2315 : 00855793;
2316 : 00A40E23;
2317 : 00F40EA3;
2318 : 01055793;
2319 : 01855513;
231a : 00F40F23;
231b : 00A40FA3;
231c : 0001F7B7;
231d : 6F07A783;
231e : DDDFF06F;
231f : FFC00793;
2320 : 00078513;
2321 : 00008067;
2322 : 02100613;
2323 : 00040593;
2324 : 00C10513;
2325 : 2F5070EF;
2326 : 01C12503;
2327 : 02012583;
2328 : 6B1100EF;
2329 : 00A12E23;
232a : 02412503;
232b : 02B12023;
232c : 66D100EF;
232d : 02A12223;
232e : 02812503;
232f : 661100EF;
2330 : 02A12423;
2331 : 00000713;
2332 : 00000793;
2333 : 02000693;
2334 : 00C10613;
2335 : 00F60633;
2336 : 00064603;
2337 : 00178793;
2338 : 00C70733;
2339 : FED796E3;
233a : 6F04A503;
233b : 02100413;
233c : 02100613;
233d : 02A40533;
233e : 00C10593;
233f : 02E10623;
2340 : 00150513;
2341 : B84FA0EF;
2342 : DC8518E3;
2343 : 6F04A783;
2344 : 00178793;
2345 : 6EF4A823;
2346 : F59FF06F;
2347 : FC010113;
2348 : 02912A23;
2349 : 03212823;
234a : 02112E23;
234b : 02812C23;
234c : 00050493;
234d : 00000913;
234e : 00090613;
234f : 00000593;
2350 : 00C10513;
2351 : CA9FF0EF;
2352 : 00050413;
2353 : 02A05C63;
2354 : 00048593;
2355 : 00C10513;
2356 : BD4F70EF;
2357 : 04051263;
2358 : 02412783;
2359 : 00100413;
235a : 00F4AC23;
235b : 02812783;
235c : 00F4AE23;
235d : 01C12783;
235e : 00F4A823;
235f : 02012783;
2360 : 00F4AA23;
2361 : 03C12083;
2362 : 00040513;
2363 : 03812403;
2364 : 03412483;
2365 : 03012903;
2366 : 04010113;
2367 : 00008067;
2368 : 00190913;
2369 : F8894AE3;
236a : 00000413;
236b : FD9FF06F;
236c : F3010113;
236d : 0C112623;
236e : 0C812423;
236f : 0C912223;
2370 : 0D212023;
2371 : 0B312E23;
2372 : 0B412C23;
2373 : 0B512A23;
2374 : 00059863;
2375 : C19FF0EF;
2376 : 00050413;
2377 : 1380006F;
2378 : 00050593;
2379 : 00050413;
237a : 02100613;
237b : 00810513;
237c : 199070EF;
237d : 00810513;
237e : F25FF0EF;
237f : 02051063;
2380 : 0001C537;
2381 : 1CC50513;
2382 : EF4FF0EF;
2383 : 00000613;
2384 : 00100593;
2385 : 00040513;
2386 : FBDFF06F;
2387 : 0001C537;
2388 : 1E450513;
2389 : 02C10913;
238a : ED4FF0EF;
238b : 00090A93;
238c : 00000A13;
238d : 02100993;
238e : 000A0613;
238f : 00000593;
2390 : 000A8513;
2391 : BA9FF0EF;
2392 : 00050493;
2393 : 10A05C63;
2394 : 00040593;
2395 : 000A8513;
2396 : AD4F70EF;
2397 : 08051863;
2398 : 033A07B3;
2399 : 0B010713;
239a : 00F707B3;
239b : 01842703;
239c : 00875693;
239d : F8E78A23;
239e : F8D78AA3;
239f : 01075693;
23a0 : 01875713;
23a1 : F8E78BA3;
23a2 : 01C42703;
23a3 : F8D78B23;
23a4 : 00875693;
23a5 : F8E78C23;
23a6 : F8D78CA3;
23a7 : 01075693;
23a8 : 01875713;
23a9 : F8D78D23;
23aa : F8E78DA3;
23ab : 01042683;
23ac : 01442703;
23ad : 0086D613;
23ae : F8D78623;
23af : F8C786A3;
23b0 : 0106D613;
23b1 : 0186D693;
23b2 : F8D787A3;
23b3 : 00875693;
23b4 : F8E78823;
23b5 : F8D788A3;
23b6 : 01075693;
23b7 : 01875713;
23b8 : F8C78723;
23b9 : F8D78923;
23ba : F8E789A3;
23bb : 001A0A13;
23bc : 021A8A93;
23bd : F49A42E3;
23be : B41FE0EF;
23bf : FFF00793;
23c0 : 00050413;
23c1 : 02F51C63;
23c2 : 0001C537;
23c3 : 20050513;
23c4 : DECFF0EF;
23c5 : 0CC12083;
23c6 : 00040513;
23c7 : 0C812403;
23c8 : 0C412483;
23c9 : 0C012903;
23ca : 0BC12983;
23cb : 0B812A03;
23cc : 0B412A83;
23cd : 0D010113;
23ce : 00008067;
23cf : 00000413;
23d0 : 00000613;
23d1 : 00100593;
23d2 : 00090513;
23d3 : AA1FF0EF;
23d4 : E80544E3;
23d5 : 00140413;
23d6 : 02190913;
23d7 : FE9442E3;
23d8 : FB5FF06F;
23d9 : 00050413;
23da : FADFF06F;
23db : 0005A783;
23dc : F9010113;
23dd : 06812423;
23de : 06912223;
23df : 05312E23;
23e0 : 05512A23;
23e1 : 05612823;
23e2 : 05712623;
23e3 : 05812423;
23e4 : 05912223;
23e5 : 06112623;
23e6 : 07212023;
23e7 : 05412C23;
23e8 : 0017CA03;
23e9 : 0007C903;
23ea : 00050993;
23eb : 00058493;
23ec : 00100413;
23ed : 00100A93;
23ee : 00200B13;
23ef : 00300B93;
23f0 : 00400C13;
23f1 : 00500C93;
23f2 : FFF40613;
23f3 : 00000593;
23f4 : 01C10513;
23f5 : A19FF0EF;
23f6 : 00150793;
23f7 : 04FAF463;
23f8 : 028A1E63;
23f9 : 03691663;
23fa : 01000613;
23fb : 01C10593;
23fc : 00810513;
23fd : 794070EF;
23fe : 00810613;
23ff : 00010C23;
2400 : 0114C583;
2401 : 00098513;
2402 : C15F90EF;
2403 : 01C0006F;
2404 : 05790663;
2405 : 05890863;
2406 : 05990A63;
2407 : 00140413;
2408 : FA8554E3;
2409 : 00000513;
240a : 06C12083;
240b : 06812403;
240c : 06412483;
240d : 06012903;
240e : 05C12983;
240f : 05812A03;
2410 : 05412A83;
2411 : 05012B03;
2412 : 04C12B83;
2413 : 04812C03;
2414 : 04412C83;
2415 : 07010113;
2416 : 00008067;
2417 : 03410613;
2418 : FA1FF06F;
2419 : 03810613;
241a : F99FF06F;
241b : 02C10613;
241c : F91FF06F;
241d : FD010113;
241e : 02812423;
241f : 00020437;
2420 : 9D040413;
2421 : 1B842703;
2422 : 1BC42783;
2423 : 02112623;
2424 : 02912223;
2425 : 03212023;
2426 : 01312E23;
2427 : 01412C23;
2428 : 1AF71063;
2429 : 00842703;
242a : 00050493;
242b : 00100513;
242c : 00472783;
242d : 0001FA37;
242e : 0001F937;
242f : 0107E793;
2430 : 00F72223;
2431 : AC4FF0EF;
2432 : 00842783;
2433 : 6ECA2403;
2434 : 00100693;
2435 : 0047A583;
2436 : 00040613;
2437 : 6E490513;
2438 : 0055D593;
2439 : 0015F593;
243a : 00B12623;
243b : 8D9F80EF;
243c : 00C12583;
243d : 0001F9B7;
243e : 00000693;
243f : 00040613;
2440 : 6DC98513;
2441 : 8C1F80EF;
2442 : 000027B7;
2443 : 51B78713;
2444 : 12875063;
2445 : 6E494703;
2446 : 00200693;
2447 : 6E490913;
2448 : 0AD71463;
2449 : 6DC9C683;
244a : 6DC98993;
244b : 08E69E63;
244c : 0049A683;
244d : FFFFE737;
244e : 00000613;
244f : F3F78793;
2450 : 0C070713;
2451 : 0CD7C063;
2452 : 00060463;
2453 : 00D9A223;
2454 : 00492703;
2455 : 000027B7;
2456 : FFFFE637;
2457 : 00000593;
2458 : F3F78793;
2459 : 0C060613;
245a : 0AE7C463;
245b : 00058463;
245c : 00E92223;
245d : 0AD75463;
245e : FFFFF7B7;
245f : 06078793;
2460 : 00F687B3;
2461 : 00F707B3;
2462 : FFF00693;
2463 : 00200713;
2464 : 02E7C733;
2465 : 00D7D863;
2466 : 000027B7;
2467 : F4078793;
2468 : 00F70733;
2469 : 000027B7;
246a : F3F78793;
246b : 00E7D863;
246c : FFFFE7B7;
246d : 0C078793;
246e : 00F70733;
246f : 00E4A023;
2470 : 00100513;
2471 : 0200006F;
2472 : 0001C537;
2473 : 21450513;
2474 : B2CFF0EF;
2475 : 000017B7;
2476 : 95578793;
2477 : 00F4A023;
2478 : FFF00513;
2479 : 02C12083;
247a : 02812403;
247b : 02412483;
247c : 02012903;
247d : 01C12983;
247e : 01812A03;
247f : 03010113;
2480 : 00008067;
2481 : 00E686B3;
2482 : 00100613;
2483 : F39FF06F;
2484 : 00C70733;
2485 : 00100593;
2486 : F51FF06F;
2487 : 00000793;
2488 : F6E6D2E3;
2489 : 000017B7;
248a : FA078793;
248b : F55FF06F;
248c : 06440593;
248d : 00000513;
248e : 6EBA2623;
248f : 909FA0EF;
2490 : 00000513;
2491 : FA1FF06F;
2492 : 0001C537;
2493 : FE010113;
2494 : 23050513;
2495 : 00812C23;
2496 : 00112E23;
2497 : 00020437;
2498 : A9CFF0EF;
2499 : 9D040513;
249a : 884FA0EF;
249b : 08050263;
249c : 00000613;
249d : 00300593;
249e : 00A00513;
249f : D35FA0EF;
24a0 : 00300513;
24a1 : 00000613;
24a2 : 00000593;
24a3 : 9B5FA0EF;
24a4 : 0001C537;
24a5 : 24850513;
24a6 : A64FF0EF;
24a7 : 8C5FC0EF;
24a8 : 04050E63;
24a9 : 0001E537;
24aa : CEC50513;
24ab : A50FF0EF;
24ac : 0001C537;
24ad : 25850513;
24ae : A44FF0EF;
24af : 898FF0EF;
24b0 : 00C10513;
24b1 : DB1FF0EF;
24b2 : FE050CE3;
24b3 : 00054A63;
24b4 : 00C12583;
24b5 : 74323537;
24b6 : 47050513;
24b7 : E20FE0EF;
24b8 : 01C12083;
24b9 : 01812403;
24ba : 02010113;
24bb : 00008067;
24bc : 06400513;
24bd : 894FF0EF;
24be : F6DFF06F;
24bf : 06400513;
24c0 : 888FF0EF;
24c1 : F99FF06F;
24c2 : FD010113;
24c3 : 02112623;
24c4 : 02812423;
24c5 : 02912223;
24c6 : 03212023;
24c7 : 01312E23;
24c8 : 01412C23;
24c9 : 1C050063;
24ca : 0001F437;
24cb : 00100593;
24cc : 3C040513;
24cd : F84FE0EF;
24ce : 12C00513;
24cf : E54F80EF;
24d0 : 0001F4B7;
24d1 : 00100593;
24d2 : 3B848513;
24d3 : F6CFE0EF;
24d4 : 12C00513;
24d5 : E3CF80EF;
24d6 : 9E1FE0EF;
24d7 : 0A000513;
24d8 : 8E1FE0EF;
24d9 : 00000513;
24da : 8D9FE0EF;
24db : 00100593;
24dc : 3B848513;
24dd : F44FE0EF;
24de : 12C00513;
24df : E14F80EF;
24e0 : 00100593;
24e1 : 3C040513;
24e2 : F30FE0EF;
24e3 : 12C00513;
24e4 : E00F80EF;
24e5 : 00000593;
24e6 : 3B848513;
24e7 : F1CFE0EF;
24e8 : 12C00513;
24e9 : DECF80EF;
24ea : 00000593;
24eb : 3C040513;
24ec : F08FE0EF;
24ed : 12C00513;
24ee : DD8F80EF;
24ef : 0A100513;
24f0 : 881FE0EF;
24f1 : 00100593;
24f2 : 00F10513;
24f3 : F60FE0EF;
24f4 : F00FE0EF;
24f5 : 00F14703;
24f6 : 00021437;
24f7 : 9D040793;
24f8 : BAE78623;
24f9 : 955FE0EF;
24fa : 0A100513;
24fb : 9D040413;
24fc : 000204B7;
24fd : 84DFE0EF;
24fe : 00100913;
24ff : BAC40A13;
2500 : 05F00993;
2501 : 57C48493;
2502 : 00000593;
2503 : 00F10513;
2504 : F1CFE0EF;
2505 : 00F14703;
2506 : 012A07B3;
2507 : 00190913;
2508 : 00E78023;
2509 : FF3912E3;
250a : 00100593;
250b : 00F10513;
250c : EFCFE0EF;
250d : 00F14783;
250e : C0F405A3;
250f : E94FE0EF;
2510 : 00000793;
2511 : 00000713;
2512 : 03F00693;
2513 : 00E48633;
2514 : 00064603;
2515 : 00170713;
2516 : 00C787B3;
2517 : 01079793;
2518 : 0107D793;
2519 : FED714E3;
251a : BEB44703;
251b : 0FF7F793;
251c : 0AF71663;
251d : 00000793;
251e : 04000713;
251f : 05F00693;
2520 : 00E48633;
2521 : 00064603;
2522 : 00170713;
2523 : 00C787B3;
2524 : 01079793;
2525 : 0107D793;
2526 : FED714E3;
2527 : C0B44703;
2528 : 0FF7F793;
2529 : 06F71C63;
252a : 0001F437;
252b : 4D040413;
252c : 02C42583;
252d : 00440493;
252e : 01000613;
252f : 02858593;
2530 : 00048513;
2531 : 2C4070EF;
2532 : 00048513;
2533 : 851FF0EF;
2534 : 06051463;
2535 : 00100793;
2536 : 02F42423;
2537 : FFA00793;
2538 : 0180006F;
2539 : 0001F537;
253a : 3D050513;
253b : CBCF80EF;
253c : FED00793;
253d : E2050AE3;
253e : 02C12083;
253f : 02812403;
2540 : 02412483;
2541 : 02012903;
2542 : 01C12983;
2543 : 01812A03;
2544 : 00078513;
2545 : 03010113;
2546 : 00008067;
2547 : 0001E5B7;
2548 : 0001C537;
2549 : E6858593;
254a : 27850513;
254b : FD1FE0EF;
254c : FFB00793;
254d : FC5FF06F;
254e : 00200793;
254f : 02F42423;
2550 : 00000793;
2551 : FB5FF06F;
2552 : FE010113;
2553 : 00912A23;
2554 : 0001F4B7;
2555 : 6D84A783;
2556 : 00812C23;
2557 : 01312623;
2558 : 01412423;
2559 : 00112E23;
255a : 01212823;
255b : 00050413;
255c : 00058A13;
255d : 00060993;
255e : 02079463;
255f : 0001C537;
2560 : 29050513;
2561 : F79FE0EF;
2562 : 001007B7;
2563 : 40078793;
2564 : 0247A783;
2565 : 01079793;
2566 : 0107D793;
2567 : 6CF4AC23;
2568 : 0001F937;
2569 : 6D492783;
256a : 02079263;
256b : 0001C537;
256c : 2A850513;
256d : F49FE0EF;
256e : 001007B7;
256f : 40078793;
2570 : 0247A783;
2571 : 0107D793;
2572 : 6CF92A23;
2573 : 020A1A63;
2574 : 6D84A783;
2575 : 02F46E63;
2576 : 0009A023;
2577 : FEA00513;
2578 : 01C12083;
2579 : 01812403;
257a : 01412483;
257b : 01012903;
257c : 00C12983;
257d : 00812A03;
257e : 02010113;
257f : 00008067;
2580 : 6D492783;
2581 : FCF47AE3;
2582 : 6D84A783;
2583 : 00F40433;
2584 : 01041413;
2585 : 001007B7;
2586 : 01045413;
2587 : 4287A423;
2588 : 40078793;
2589 : 02C7A783;
258a : 00000513;
258b : 00F9A023;
258c : FB1FF06F;
258d : FE010113;
258e : 00912A23;
258f : 00C5A483;
2590 : 01212823;
2591 : 00112E23;
2592 : 00048613;
2593 : 00812C23;
2594 : 01312623;
2595 : 01412423;
2596 : CB4F90EF;
2597 : 00050913;
2598 : 02A05463;
2599 : 0004A703;
259a : 00C00793;
259b : 0AF71A63;
259c : 00021437;
259d : 9D040413;
259e : C0C44783;
259f : 02079863;
25a0 : 0C900793;
25a1 : 00F4A023;
25a2 : 01C12083;
25a3 : 01812403;
25a4 : 01412483;
25a5 : 00C12983;
25a6 : 00812A03;
25a7 : 00090513;
25a8 : 01012903;
25a9 : 02010113;
25aa : 00008067;
25ab : 0001F9B7;
25ac : 6A89A703;
25ad : 0000B7B7;
25ae : DA378793;
25af : 00F70663;
25b0 : 0CA00793;
25b1 : FC1FF06F;
25b2 : 0001C537;
25b3 : C0C40593;
25b4 : 2C050513;
25b5 : E29FE0EF;
25b6 : 000207B7;
25b7 : 94840A13;
25b8 : 5DC78593;
25b9 : 05000613;
25ba : 000A0513;
25bb : C4040E23;
25bc : 2A5050EF;
25bd : 000A0513;
25be : 365050EF;
25bf : 0001F7B7;
25c0 : 6AA7A023;
25c1 : 525050EF;
25c2 : 0001F7B7;
25c3 : 6AA7A223;
25c4 : 94040423;
25c5 : 6A09A423;
25c6 : 06400793;
25c7 : F69FF06F;
25c8 : 0C800793;
25c9 : F61FF06F;
25ca : FE010113;
25cb : 00812C23;
25cc : 00C5A403;
25cd : 00912A23;
25ce : 00112E23;
25cf : 00040613;
25d0 : 000101A3;
25d1 : BC8F90EF;
25d2 : 00050493;
25d3 : 04A05263;
25d4 : 00042783;
25d5 : 00100713;
25d6 : 00E78A63;
25d7 : 03200713;
25d8 : 06E78863;
25d9 : 0C800793;
25da : 0600006F;
25db : 000217B7;
25dc : 9D078793;
25dd : C607C703;
25de : 02071863;
25df : 0C900793;
25e0 : 0001C537;
25e1 : 00F42023;
25e2 : 2E450513;
25e3 : D71FE0EF;
25e4 : 01C12083;
25e5 : 01812403;
25e6 : 00048513;
25e7 : 01412483;
25e8 : 02010113;
25e9 : 00008067;
25ea : C6078793;
25eb : 00F12423;
25ec : 00410513;
25ed : 00310793;
25ee : 00F12623;
25ef : E61FD0EF;
25f0 : 06400793;
25f1 : FA0540E3;
25f2 : 00F42023;
25f3 : FC5FF06F;
25f4 : FC1FD0EF;
25f5 : FEDFF06F;
25f6 : FF010113;
25f7 : 00812423;
25f8 : 00C5A403;
25f9 : 00912223;
25fa : 00112623;
25fb : 00040613;
25fc : B1CF90EF;
25fd : 00050493;
25fe : 0CA05063;
25ff : 00042783;
2600 : 00300713;
2601 : 02E78C63;
2602 : 00F74E63;
2603 : 00100713;
2604 : 08E78863;
2605 : 00200713;
2606 : 06E78863;
2607 : 0C800793;
2608 : 0940006F;
2609 : 03200713;
260a : FEE79AE3;
260b : A0CFE0EF;
260c : FFF00793;
260d : 04F51663;
260e : FE5FF06F;
260f : 00021737;
2610 : 9D070713;
2611 : C9872683;
2612 : 0001F7B7;
2613 : 4D078793;
2614 : 00D7AE23;
2615 : C9C72683;
2616 : 0001C537;
2617 : 2FC50513;
2618 : 02D7A023;
2619 : C9072683;
261a : C9472703;
261b : 00D7AA23;
261c : 00E7AC23;
261d : C89FE0EF;
261e : 1710E0EF;
261f : 4550E0EF;
2620 : 06400793;
2621 : 0300006F;
2622 : 0001F5B7;
2623 : 00020537;
2624 : 01000613;
2625 : 4D458593;
2626 : 65050513;
2627 : 6ED060EF;
2628 : 00021537;
2629 : 9D050513;
262a : C8054783;
262b : 02079263;
262c : 0CB00793;
262d : 00F42023;
262e : 00C12083;
262f : 00812403;
2630 : 00048513;
2631 : 00412483;
2632 : 01010113;
2633 : 00008067;
2634 : 01000593;
2635 : C8050513;
2636 : 64D070EF;
2637 : 00050793;
2638 : 00020537;
2639 : 65050513;
263a : 00F00713;
263b : 02000693;
263c : 02F75063;
263d : 00000613;
263e : 00100593;
263f : CB4FF0EF;
2640 : FFE00793;
2641 : 00F51E63;
2642 : 0CA00793;
2643 : FA9FF06F;
2644 : 00F50633;
2645 : 00D60023;
2646 : 00178793;
2647 : FD5FF06F;
2648 : FFF00793;
2649 : 00F51663;
264a : 0C900793;
264b : F89FF06F;
264c : 00000513;
264d : 9D5FF0EF;
264e : 06500793;
264f : F6051CE3;
2650 : F41FF06F;
2651 : F8010113;
2652 : 07212823;
2653 : 00021937;
2654 : 07412423;
2655 : 07512223;
2656 : 9D090A13;
2657 : 05812C23;
2658 : 05912A23;
2659 : 00010C37;
265a : 00020AB7;
265b : 0001FCB7;
265c : 07612023;
265d : 05712E23;
265e : 06112E23;
265f : 06812C23;
2660 : 06912A23;
2661 : 07312623;
2662 : 05A12823;
2663 : 05B12623;
2664 : A7CA0A13;
2665 : 00000B13;
2666 : 00000B93;
2667 : 9D090913;
2668 : FFFC0C13;
2669 : 674A8A93;
266a : 4D0C8C93;
266b : 0001F7B7;
266c : 6817C783;
266d : 04FBE263;
266e : 07C12083;
266f : 07812403;
2670 : 07412483;
2671 : 07012903;
2672 : 06C12983;
2673 : 06812A03;
2674 : 06412A83;
2675 : 05C12B83;
2676 : 05812C03;
2677 : 05412C83;
2678 : 05012D03;
2679 : 04C12D83;
267a : 000B0513;
267b : 06012B03;
267c : 08010113;
267d : 00008067;
267e : 0001F7B7;
267f : 6807C783;
2680 : 00079663;
2681 : 00000D13;
2682 : 0200006F;
2683 : 004A2D83;
2684 : 000019B7;
2685 : 00000D13;
2686 : 000DA583;
2687 : 0005A483;
2688 : 0134F4B3;
2689 : 00048A63;
268a : 01AB6B33;
268b : 001B8B93;
268c : 00CA0A13;
268d : F79FF06F;
268e : 00000413;
268f : 00000693;
2690 : 80098993;
2691 : 40000E37;
2692 : 00200513;
2693 : 1E000893;
2694 : 00300E93;
2695 : 00100313;
2696 : 00D00F13;
2697 : 0085A603;
2698 : 01065713;
2699 : 01061793;
269a : 01C67833;
269b : 00377713;
269c : 0107D793;
269d : 0E081663;
269e : 02071463;
269f : 36DF6863;
26a0 : 00879713;
26a1 : 0087D793;
26a2 : 00F767B3;
26a3 : FFE6F713;
26a4 : 00E90733;
26a5 : E8F71223;
26a6 : 00268693;
26a7 : FC1FF06F;
26a8 : 04A70663;
26a9 : 3488E863;
26aa : 09D71463;
26ab : 00879713;
26ac : 0087D793;
26ad : 00F767B3;
26ae : FFE47713;
26af : 00E90733;
26b0 : CAF71223;
26b1 : 00140413;
26b2 : F95FF06F;
26b3 : 00879713;
26b4 : FFE47413;
26b5 : 0087D793;
26b6 : 00890433;
26b7 : 00F767B3;
26b8 : CAF41223;
26b9 : 00060413;
26ba : F75FF06F;
26bb : F60688E3;
26bc : 40165793;
26bd : 0017F793;
26be : 00078A63;
26bf : 0001C537;
26c0 : 32850513;
26c1 : 9F9FE0EF;
26c2 : 00100813;
26c3 : FFFD0D13;
26c4 : 00200793;
26c5 : 05A7FA63;
26c6 : 02010423;
26c7 : 0E080C63;
26c8 : 00CDA783;
26c9 : 00178793;
26ca : 00FDA623;
26cb : ED9FF06F;
26cc : F26716E3;
26cd : 020D0263;
26ce : 006D1863;
26cf : 01061493;
26d0 : 001D0D13;
26d1 : F19FF06F;
26d2 : FEAD1CE3;
26d3 : 01867633;
26d4 : 00C4E4B3;
26d5 : FEDFF06F;
26d6 : 00078993;
26d7 : FE5FF06F;
26d8 : 00000813;
26d9 : FA9FF06F;
26da : 01C10593;
26db : 02010513;
26dc : 01012623;
26dd : E84FB0EF;
26de : 00449693;
26df : 059687B7;
26e0 : 0046D693;
26e1 : 2F078793;
26e2 : 00C12803;
26e3 : 01C4D613;
26e4 : 02D7F863;
26e5 : 01C12703;
26e6 : 0EE6B7B7;
26e7 : 27F78793;
26e8 : 02E7E063;
26e9 : 02012783;
26ea : 02412703;
26eb : FFF78593;
26ec : 0017B793;
26ed : 40F707B3;
26ee : 02B12023;
26ef : 02F12223;
26f0 : 02412783;
26f1 : 02012703;
26f2 : 00F4F493;
26f3 : 02F12A23;
26f4 : 02E12823;
26f5 : 40C484B3;
26f6 : 00100793;
26f7 : 00F48663;
26f8 : FF100793;
26f9 : 02F49463;
26fa : 00100793;
26fb : 02F12623;
26fc : 00B9D993;
26fd : 0019C993;
26fe : 00369693;
26ff : 0019F993;
2700 : 02D12C23;
2701 : 03310423;
2702 : F15FF06F;
2703 : 02012623;
2704 : FE1FF06F;
2705 : 008DA783;
2706 : 00178793;
2707 : 00FDA423;
2708 : 000DA783;
2709 : 0007A783;
270a : 01279713;
270b : 00075863;
270c : 0001C537;
270d : 35C50513;
270e : 8C5FE0EF;
270f : 1E000793;
2710 : 00040993;
2711 : 0087F463;
2712 : 1E000993;
2713 : DA040CE3;
2714 : E9095703;
2715 : 02011023;
2716 : 000A8493;
2717 : 00871793;
2718 : 00875713;
2719 : 00E7E7B3;
271a : 01079793;
271b : 00008737;
271c : 0107D793;
271d : 10070713;
271e : 02E79663;
271f : 00200613;
2720 : 000A8593;
2721 : 02010513;
2722 : 301060EF;
2723 : 00200613;
2724 : CA690593;
2725 : E9090513;
2726 : 2F1060EF;
2727 : FFC98993;
2728 : CA890493;
2729 : 02015783;
272a : 02015703;
272b : 00879793;
272c : 00875713;
272d : 00E7E7B3;
272e : 07ECD703;
272f : 01479793;
2730 : 0147D793;
2731 : D4F710E3;
2732 : 0004C683;
2733 : 04500713;
2734 : 00000793;
2735 : 02E69063;
2736 : 0094C683;
2737 : 01100713;
2738 : 00E69A63;
2739 : 0164C783;
273a : 0174C703;
273b : 00879793;
273c : 00E7E7B3;
273d : E9095503;
273e : E9490693;
273f : EC490813;
2740 : 00000413;
2741 : 00000613;
2742 : 0006A703;
2743 : 02070263;
2744 : 01472583;
2745 : 01459E63;
2746 : 00C75583;
2747 : 00A59A63;
2748 : 00E75583;
2749 : 0A079E63;
274a : 00059463;
274b : 00070613;
274c : 00468693;
274d : FD069AE3;
274e : 00041863;
274f : 00100D13;
2750 : CE0604E3;
2751 : 00060413;
2752 : 01E45703;
2753 : 02898793;
2754 : 00100D13;
2755 : CCF74AE3;
2756 : 01A40D93;
2757 : 00200613;
2758 : 01C10593;
2759 : 000D8513;
275a : 01311E23;
275b : EC1F70EF;
275c : 01E45783;
275d : 01800613;
275e : 02810593;
275f : 40A787B3;
2760 : 00F41F23;
2761 : 000D8513;
2762 : EA5F70EF;
2763 : 01E45783;
2764 : 00E00613;
2765 : E8490593;
2766 : 40A787B3;
2767 : 00F41F23;
2768 : 000D8513;
2769 : E89F70EF;
276a : 01E45783;
276b : 00048593;
276c : 40A787B3;
276d : 00F41F23;
276e : 01C15603;
276f : 000D8513;
2770 : E6DF70EF;
2771 : 01E45783;
2772 : 40A787B3;
2773 : 00F41F23;
2774 : 02245783;
2775 : 00178793;
2776 : 02F41123;
2777 : C4DFF06F;
2778 : F4B798E3;
2779 : 00070413;
277a : F49FF06F;
277b : 00240613;
277c : CC88FEE3;
277d : 00240413;
277e : C65FF06F;
277f : 0001F737;
2780 : 4D070793;
2781 : 0347A783;
2782 : FA010113;
2783 : 05212823;
2784 : 17C7A903;
2785 : 0001F7B7;
2786 : 67C7A683;
2787 : 06892603;
2788 : 04812C23;
2789 : 05412423;
278a : 04112E23;
278b : 04912A23;
278c : 05312623;
278d : 05512223;
278e : 05612023;
278f : 03712E23;
2790 : 03812C23;
2791 : 4D070A13;
2792 : 00078413;
2793 : 0001F537;
2794 : 04D61663;
2795 : 0001F7B7;
2796 : 6B47C703;
2797 : 00300793;
2798 : 02F71E63;
2799 : 66052C23;
279a : 00000513;
279b : 05C12083;
279c : 05812403;
279d : 05412483;
279e : 05012903;
279f : 04C12983;
27a0 : 04812A03;
27a1 : 04412A83;
27a2 : 04012B03;
27a3 : 03C12B83;
27a4 : 03812C03;
27a5 : 06010113;
27a6 : 00008067;
27a7 : 0001F9B7;
27a8 : 6749A783;
27a9 : FC0780E3;
27aa : 3E800593;
27ab : 67850513;
27ac : 32D040EF;
27ad : 00050493;
27ae : 00000513;
27af : FA0498E3;
27b0 : 6749A703;
27b1 : FFF00793;
27b2 : 00F71463;
27b3 : 6609AA23;
27b4 : 06892783;
27b5 : 00410593;
27b6 : 00810513;
27b7 : 66F42E23;
27b8 : B18FB0EF;
27b9 : 000207B7;
27ba : 4507A783;
27bb : 080A4583;
27bc : 0001C537;
27bd : 0047A683;
27be : 0087A603;
27bf : FFD58593;
27c0 : 0015B593;
27c1 : 39850513;
27c2 : DF4FE0EF;
27c3 : C55FB0EF;
27c4 : 00A035B3;
27c5 : 0001C537;
27c6 : 3AC50513;
27c7 : DE0FE0EF;
27c8 : 00020437;
27c9 : 9D040793;
27ca : 5A07A783;
27cb : 00A00713;
27cc : 9D040413;
27cd : 26F76C63;
27ce : 00379713;
27cf : 0001B7B7;
27d0 : B5878793;
27d1 : 00E787B3;
27d2 : 3307A583;
27d3 : 0001C537;
27d4 : 3B850513;
27d5 : DA8FE0EF;
27d6 : 0001F7B7;
27d7 : 6B47C683;
27d8 : 00300713;
27d9 : 00078A13;
27da : 02E69463;
27db : 06094583;
27dc : 0001C537;
27dd : 3C050513;
27de : 0015F593;
27df : D80FE0EF;
27e0 : 06492583;
27e1 : 0001C537;
27e2 : 3C850513;
27e3 : D70FE0EF;
27e4 : 000207B7;
27e5 : 8D17C983;
27e6 : 0001CAB7;
27e7 : FFF98993;
27e8 : 2134CC63;
27e9 : 00412603;
27ea : 00812583;
27eb : 0001C537;
27ec : 3E450513;
27ed : D48FE0EF;
27ee : 5BC42703;
27ef : 00100793;
27f0 : 00000493;
27f1 : 00F71C63;
27f2 : 000017B7;
27f3 : 00F407B3;
27f4 : 8E07A783;
27f5 : 00E79463;
27f6 : 5B842483;
27f7 : 6B4A4703;
27f8 : 00300793;
27f9 : 18F71E63;
27fa : 0E848C13;
27fb : 000C0513;
27fc : 319070EF;
27fd : 00050613;
27fe : 0001C537;
27ff : 00058693;
2800 : 3F850513;
2801 : CF8FE0EF;
2802 : 03090513;
2803 : 2FD070EF;
2804 : 00050613;
2805 : 0001C537;
2806 : 00058693;
2807 : 40050513;
2808 : CDCFE0EF;
2809 : 04848B93;
280a : 000B8513;
280b : 2DD070EF;
280c : 05848B13;
280d : 00050993;
280e : 000B0513;
280f : 2CD070EF;
2810 : 00050613;
2811 : 0001C537;
2812 : 00098593;
2813 : 40C50513;
2814 : CACFE0EF;
2815 : 06848A93;
2816 : 000A8513;
2817 : 2AD070EF;
2818 : 07848A13;
2819 : 00050993;
281a : 000A0513;
281b : 29D070EF;
281c : 00050613;
281d : 0001C537;
281e : 00098593;
281f : 42050513;
2820 : C7CFE0EF;
2821 : 71842783;
2822 : 0187A503;
2823 : 01C7A583;
2824 : 211070EF;
2825 : 00050613;
2826 : 0001C537;
2827 : 00058693;
2828 : 43450513;
2829 : C58FE0EF;
282a : 01000613;
282b : 000C0593;
282c : 02010513;
282d : 6D4060EF;
282e : 000B8593;
282f : 02010513;
2830 : 499070EF;
2831 : 000B0593;
2832 : 02010513;
2833 : 48D070EF;
2834 : 000A8593;
2835 : 02010513;
2836 : 481070EF;
2837 : 000A0593;
2838 : 02010513;
2839 : 475070EF;
283a : 02010513;
283b : 21D070EF;
283c : 00050613;
283d : 0001C537;
283e : 00058693;
283f : 44050513;
2840 : BFCFE0EF;
2841 : 05090513;
2842 : 201070EF;
2843 : 00050593;
2844 : 0001C537;
2845 : 44C50513;
2846 : BE4FE0EF;
2847 : 00C4A583;
2848 : 0001C537;
2849 : 45450513;
284a : BD4FE0EF;
284b : 06892583;
284c : 0001C537;
284d : 46050513;
284e : BC4FE0EF;
284f : F19F80EF;
2850 : 00050593;
2851 : 0001C537;
2852 : 46C50513;
2853 : BB0FE0EF;
2854 : 0004A583;
2855 : 0001C537;
2856 : 47850513;
2857 : BA0FE0EF;
2858 : 0044A583;
2859 : 0001C537;
285a : 48050513;
285b : B90FE0EF;
285c : 0084A583;
285d : 0001C537;
285e : 48850513;
285f : B80FE0EF;
2860 : 07442583;
2861 : 11C42603;
2862 : 23442683;
2863 : 0001C537;
2864 : 49450513;
2865 : B68FE0EF;
2866 : 0001E537;
2867 : CEC50513;
2868 : B5CFE0EF;
2869 : 00100513;
286a : CC5FF06F;
286b : 0001C5B7;
286c : 39058593;
286d : D99FF06F;
286e : 00048593;
286f : 01410513;
2870 : 90DF90EF;
2871 : 01C12683;
2872 : 01412603;
2873 : 00048593;
2874 : 3D4A8513;
2875 : B28FE0EF;
2876 : 00148493;
2877 : DC5FF06F;
2878 : FF010113;
2879 : 00812423;
287a : 0001F437;
287b : 4D040413;
287c : 00050593;
287d : 00400613;
287e : 08840513;
287f : 00112623;
2880 : 588060EF;
2881 : 08844783;
2882 : 08944703;
2883 : 01879793;
2884 : 01071713;
2885 : 00E7E7B3;
2886 : 08B44703;
2887 : 00E7E7B3;
2888 : 08A44703;
2889 : 00871713;
288a : 00E7E7B3;
288b : 00079463;
288c : 08042223;
288d : 00C12083;
288e : 00812403;
288f : 0001F7B7;
2890 : 68079A23;
2891 : 01010113;
2892 : 00008067;
2893 : 0001F5B7;
2894 : 00400613;
2895 : 55858593;
2896 : 5300606F;
2897 : 02255783;
2898 : 26078863;
2899 : FB010113;
289a : 04112623;
289b : 04812423;
289c : 04912223;
289d : 05212023;
289e : 03312E23;
289f : 03412C23;
28a0 : 03512A23;
28a1 : 01A50A13;
28a2 : FFF78793;
28a3 : 00050493;
28a4 : 00058993;
28a5 : 02F51123;
28a6 : 00060A93;
28a7 : 00068913;
28a8 : 00200613;
28a9 : 00000693;
28aa : 000A0593;
28ab : 00610513;
28ac : 00070413;
28ad : 9C1F70EF;
28ae : 01E4D783;
28af : 00000693;
28b0 : 01800613;
28b1 : 00F50533;
28b2 : 00A49F23;
28b3 : 000A0593;
28b4 : 01810513;
28b5 : 9A1F70EF;
28b6 : 01E4D783;
28b7 : 00000693;
28b8 : 00E00613;
28b9 : 00F50533;
28ba : 00A49F23;
28bb : 000A0593;
28bc : 00810513;
28bd : 981F70EF;
28be : 01E4D783;
28bf : 00615603;
28c0 : 00090693;
28c1 : 00F50533;
28c2 : 00A49F23;
28c3 : 000A0593;
28c4 : 000A8513;
28c5 : 961F70EF;
28c6 : 01E4D783;
28c7 : 01415703;
28c8 : 00600613;
28c9 : 00F50533;
28ca : 01415783;
28cb : 00875713;
28cc : 00A49F23;
28cd : 00879793;
28ce : 00E7E7B3;
28cf : 00F99623;
28d0 : 0001F7B7;
28d1 : 54E7D783;
28d2 : 00E10593;
28d3 : 00098513;
28d4 : 00F99823;
28d5 : 434060EF;
28d6 : 00600613;
28d7 : 00810593;
28d8 : 00698513;
28d9 : 424060EF;
28da : 10040E63;
28db : 02812783;
28dc : 01040513;
28dd : 00F42A23;
28de : 01C12783;
28df : 00F42C23;
28e0 : 000207B7;
28e1 : 9D078793;
28e2 : 1B87A983;
28e3 : 1BC7AA03;
28e4 : C6CF90EF;
28e5 : 02012703;
28e6 : 02412503;
28e7 : 02812603;
28e8 : 01814683;
28e9 : 00E42023;
28ea : 00A42223;
28eb : 00C42423;
28ec : 00000793;
28ed : 00068663;
28ee : 414989B3;
28ef : 0019B793;
28f0 : 00F42E23;
28f1 : 01C12683;
28f2 : 0144A783;
28f3 : 01042583;
28f4 : 0087A783;
28f5 : 00068463;
28f6 : FF860613;
28f7 : 40F585B3;
28f8 : 00058693;
28f9 : 0005D863;
28fa : 000026B7;
28fb : F4068693;
28fc : 00D586B3;
28fd : 000017B7;
28fe : FA078793;
28ff : 00F587B3;
2900 : 0007D863;
2901 : 000037B7;
2902 : EE078793;
2903 : 00F587B3;
2904 : 000025B7;
2905 : F3F58593;
2906 : 00F5D863;
2907 : FFFFE5B7;
2908 : 0C058593;
2909 : 00B787B3;
290a : 000015B7;
290b : 83068813;
290c : FA058593;
290d : 0905FA63;
290e : 000026B7;
290f : 00C42423;
2910 : 00B78833;
2911 : F3F68693;
2912 : 0706C663;
2913 : 01042623;
2914 : 00842783;
2915 : 3B9AD6B7;
2916 : 9FF68693;
2917 : 02F6D463;
2918 : C46536B7;
2919 : 60068693;
291a : 00D787B3;
291b : 00F42423;
291c : 00170793;
291d : 00E7B733;
291e : 00A70733;
291f : 00F42023;
2920 : 00E42223;
2921 : 00615503;
2922 : 00A97463;
2923 : 00090513;
2924 : 04C12083;
2925 : 04812403;
2926 : 04412483;
2927 : 04012903;
2928 : 03C12983;
2929 : 03812A03;
292a : 03412A83;
292b : 05010113;
292c : 00008067;
292d : 40B787B3;
292e : 00860613;
292f : 00F42623;
2930 : 00C42423;
2931 : F8DFF06F;
2932 : 00D42623;
2933 : F85FF06F;
2934 : 00000513;
2935 : 00008067;
2936 : 00021837;
2937 : FE010113;
2938 : 9D080893;
2939 : 00812C23;
293a : 00912A23;
293b : 01212823;
293c : 01312623;
293d : 01412423;
293e : 01512223;
293f : 00050413;
2940 : 00078913;
2941 : 00112E23;
2942 : 00058493;
2943 : 00060A93;
2944 : 00068A13;
2945 : 00070993;
2946 : E9488893;
2947 : 00000513;
2948 : 9D080813;
2949 : 00C00793;
294a : 0008A703;
294b : 08071063;
294c : 00251513;
294d : 00A80533;
294e : E8852A23;
294f : 01200613;
2950 : 00000593;
2951 : 00040513;
2952 : 6C9040EF;
2953 : 080A9463;
2954 : 00041723;
2955 : 000A1863;
2956 : 00800793;
2957 : 00F41623;
2958 : 01341723;
2959 : 01049593;
295a : 0105D593;
295b : 01242A23;
295c : 00041E23;
295d : 00041D23;
295e : 02B41023;
295f : 00B41F23;
2960 : 02041123;
2961 : 01C12083;
2962 : 00040513;
2963 : 01812403;
2964 : 01412483;
2965 : 01012903;
2966 : 00C12983;
2967 : 00812A03;
2968 : 00412A83;
2969 : 02010113;
296a : 00008067;
296b : 00150513;
296c : 00488893;
296d : F6F51AE3;
296e : 0001B5B7;
296f : 0001C537;
2970 : EE058593;
2971 : 4A850513;
2972 : F35FD0EF;
2973 : 00000413;
2974 : FB5FF06F;
2975 : 01200613;
2976 : 000A8593;
2977 : 00040513;
2978 : 1A8060EF;
2979 : F6DFF06F;
297a : 00021537;
297b : 9D050513;
297c : FF010113;
297d : A7C50793;
297e : 0A100713;
297f : 00000693;
2980 : 00000613;
2981 : 10000593;
2982 : EC450513;
2983 : 00112623;
2984 : EC9FF0EF;
2985 : 00C12083;
2986 : 0001F7B7;
2987 : 6AA7A823;
2988 : 01010113;
2989 : 00008067;
298a : FD010113;
298b : 01200613;
298c : 00000593;
298d : 00C10513;
298e : 02112623;
298f : 5D5040EF;
2990 : 00600613;
2991 : 0FF00593;
2992 : 00C10513;
2993 : 5C5040EF;
2994 : 00021537;
2995 : 60800793;
2996 : 9D050513;
2997 : 00F11C23;
2998 : 00C10613;
2999 : A7C50793;
299a : 00000713;
299b : 00100693;
299c : 08000593;
299d : FE850513;
299e : E61FF0EF;
299f : 02C12083;
29a0 : 0001F7B7;
29a1 : 68A7AC23;
29a2 : 03010113;
29a3 : 00008067;
29a4 : FD010113;
29a5 : 02812423;
29a6 : 00021437;
29a7 : 9D040413;
29a8 : A7C40793;
29a9 : 04400713;
29aa : 00000693;
29ab : 00000613;
29ac : 20000593;
29ad : 08C40513;
29ae : 02112623;
29af : 02912223;
29b0 : E19FF0EF;
29b1 : 000204B7;
29b2 : 0001F737;
29b3 : 44C48793;
29b4 : 68A72423;
29b5 : 00000693;
29b6 : 02500713;
29b7 : 00000613;
29b8 : 06000593;
29b9 : 2B040513;
29ba : DF1FF0EF;
29bb : 0001F737;
29bc : 68A72823;
29bd : 01200613;
29be : 00000593;
29bf : 00C10513;
29c0 : 511040EF;
29c1 : 00800713;
29c2 : 00E11C23;
29c3 : 44C48793;
29c4 : 00C10613;
29c5 : 33440513;
29c6 : 00000713;
29c7 : 00100693;
29c8 : 08000593;
29c9 : DB5FF0EF;
29ca : 02C12083;
29cb : 02812403;
29cc : 0001F7B7;
29cd : 68A7A623;
29ce : 02412483;
29cf : 03010113;
29d0 : 00008067;
29d1 : 00600613;
29d2 : 0400606F;
29d3 : FA010113;
29d4 : 05312623;
29d5 : 000209B7;
29d6 : 9D098513;
29d7 : 09E00613;
29d8 : 00000593;
29d9 : 50050513;
29da : 04112E23;
29db : 04912A23;
29dc : 05212823;
29dd : 05412423;
29de : 05512223;
29df : 05612023;
29e0 : 03712E23;
29e1 : 03812C23;
29e2 : 03912A23;
29e3 : 04812C23;
29e4 : 03A12823;
29e5 : 47D040EF;
29e6 : 0001C537;
29e7 : 0001FAB7;
29e8 : 0001F4B7;
29e9 : 4C850513;
29ea : 00020937;
29eb : 0001BC37;
29ec : 4D0A8A93;
29ed : 0001BBB7;
29ee : 6A049B23;
29ef : 00100B13;
29f0 : D3DFD0EF;
29f1 : 9D098A13;
29f2 : ED090913;
29f3 : B1CC0C13;
29f4 : 078A8C93;
29f5 : F04B8B93;
29f6 : FFEB0793;
29f7 : 00700713;
29f8 : 00F76A63;
29f9 : 00279793;
29fa : 018787B3;
29fb : 0007A783;
29fc : 00078067;
29fd : 00100513;
29fe : 00700593;
29ff : AF0F70EF;
2a00 : 6B64D503;
2a01 : 00400713;
2a02 : 00AA07B3;
2a03 : 00150513;
2a04 : 9D098593;
2a05 : 00A90533;
2a06 : 50E78023;
2a07 : 00700413;
2a08 : F25FF0EF;
2a09 : 6B64D583;
2a0a : 001B0B13;
2a0b : 00A00793;
2a0c : 00B40433;
2a0d : 6A849B23;
2a0e : FAFB10E3;
2a0f : 00000593;
2a10 : 00000513;
2a11 : AA8F70EF;
2a12 : 05C12083;
2a13 : 05812403;
2a14 : 05412483;
2a15 : 05012903;
2a16 : 04C12983;
2a17 : 04812A03;
2a18 : 04412A83;
2a19 : 04012B03;
2a1a : 03C12B83;
2a1b : 03812C03;
2a1c : 03412C83;
2a1d : 03012D03;
2a1e : 06010113;
2a1f : 00008067;
2a20 : 00200513;
2a21 : 00700593;
2a22 : A64F70EF;
2a23 : 6B64D503;
2a24 : 00300713;
2a25 : 00AA07B3;
2a26 : F75FF06F;
2a27 : 00200593;
2a28 : 00300513;
2a29 : A48F70EF;
2a2a : 6B64D783;
2a2b : 02800713;
2a2c : 00200413;
2a2d : 00FA07B3;
2a2e : 50078023;
2a2f : 50E780A3;
2a30 : F65FF06F;
2a31 : 0001CD37;
2a32 : 4C4D0513;
2a33 : 191040EF;
2a34 : 00150413;
2a35 : 00040593;
2a36 : 00400513;
2a37 : A10F70EF;
2a38 : 6B64D703;
2a39 : 4C4D0793;
2a3a : 00E90733;
2a3b : 0007C683;
2a3c : 00178793;
2a3d : 00170713;
2a3e : FED70FA3;
2a3f : FE0698E3;
2a40 : F25FF06F;
2a41 : 00C10513;
2a42 : 945FF0EF;
2a43 : 0001B5B7;
2a44 : 00400613;
2a45 : EFC58593;
2a46 : 00C10513;
2a47 : 7D8050EF;
2a48 : 04050863;
2a49 : 00C10593;
2a4a : 01010513;
2a4b : 3BC040EF;
2a4c : 01010513;
2a4d : 129040EF;
2a4e : 6B64D783;
2a4f : 00050413;
2a50 : 01010713;
2a51 : 00278793;
2a52 : 00F907B3;
2a53 : 00074683;
2a54 : 00170713;
2a55 : 00178793;
2a56 : FED78FA3;
2a57 : FE0698E3;
2a58 : 00040593;
2a59 : 00500513;
2a5a : 984F70EF;
2a5b : EB9FF06F;
2a5c : 00600613;
2a5d : 9D098593;
2a5e : 01010513;
2a5f : 6100A0EF;
2a60 : 6B64D503;
2a61 : 01100613;
2a62 : 01010593;
2a63 : 00250513;
2a64 : 00A90533;
2a65 : 001040EF;
2a66 : 01100413;
2a67 : FC5FF06F;
2a68 : 6B64D403;
2a69 : 00400613;
2a6a : 000C8593;
2a6b : 00240413;
2a6c : 00890433;
2a6d : 00040513;
2a6e : 7DC040EF;
2a6f : 00400593;
2a70 : 000C8513;
2a71 : 561060EF;
2a72 : 00A40433;
2a73 : 0001F7B7;
2a74 : 00040713;
2a75 : A7878793;
2a76 : 0007C683;
2a77 : 00178793;
2a78 : 00170713;
2a79 : FED70FA3;
2a7a : FE0698E3;
2a7b : 00240413;
2a7c : 02000613;
2a7d : 000B8593;
2a7e : 00040513;
2a7f : 798040EF;
2a80 : 02000593;
2a81 : 000B8513;
2a82 : 51D060EF;
2a83 : 6B64D583;
2a84 : 00A40433;
2a85 : 00600513;
2a86 : 00258593;
2a87 : 00B905B3;
2a88 : 40B40433;
2a89 : 0FF47413;
2a8a : 00040593;
2a8b : F3DFF06F;
2a8c : 00C10513;
2a8d : 819FF0EF;
2a8e : 0001B5B7;
2a8f : 00400613;
2a90 : EFC58593;
2a91 : 00C10513;
2a92 : 6AC050EF;
2a93 : 00051663;
2a94 : 00000413;
2a95 : DD1FF06F;
2a96 : 00C00593;
2a97 : 00800513;
2a98 : 88CF70EF;
2a99 : 6B64D783;
2a9a : 00500713;
2a9b : 00200693;
2a9c : 00FA07B3;
2a9d : 50E78023;
2a9e : 00C10513;
2a9f : 00100713;
2aa0 : 50E780A3;
2aa1 : 50D78323;
2aa2 : 50E78523;
2aa3 : FC0FF0EF;
2aa4 : 00C10593;
2aa5 : 01010513;
2aa6 : 250040EF;
2aa7 : 6B64D503;
2aa8 : 00400613;
2aa9 : 00C10593;
2aaa : 00250513;
2aab : 00A90533;
2aac : 4D9050EF;
2aad : 00C00413;
2aae : D6DFF06F;
2aaf : 07EAD783;
2ab0 : F80788E3;
2ab1 : 00600593;
2ab2 : 07F00513;
2ab3 : 820F70EF;
2ab4 : 6B64D783;
2ab5 : F8000713;
2ab6 : 00600413;
2ab7 : 00FA07B3;
2ab8 : 50E780A3;
2ab9 : FC200713;
2aba : 50E78123;
2abb : 00100713;
2abc : 50E781A3;
2abd : 07EAD703;
2abe : 50078023;
2abf : 00875693;
2ac0 : 50D78223;
2ac1 : 50E782A3;
2ac2 : D1DFF06F;
2ac3 : FD010113;
2ac4 : 01200613;
2ac5 : 00000593;
2ac6 : 00C10513;
2ac7 : 02112623;
2ac8 : 02812423;
2ac9 : 0ED040EF;
2aca : FFFFD7B7;
2acb : 00021437;
2acc : 9D040413;
2acd : C8878793;
2ace : 00000713;
2acf : 00100693;
2ad0 : 00F11C23;
2ad1 : 00C10613;
2ad2 : A7C40793;
2ad3 : 00000593;
2ad4 : 3D840513;
2ad5 : 985FF0EF;
2ad6 : 0001F7B7;
2ad7 : 3FC40413;
2ad8 : 6AA7AC23;
2ad9 : 01200613;
2ada : 00000593;
2adb : 00040513;
2adc : 0A1040EF;
2add : 0001B5B7;
2ade : 00600613;
2adf : F6458593;
2ae0 : 00040513;
2ae1 : 405050EF;
2ae2 : BC5FF0EF;
2ae3 : 02C12083;
2ae4 : 02812403;
2ae5 : 03010113;
2ae6 : 00008067;
2ae7 : F9010113;
2ae8 : 05612823;
2ae9 : 00050B13;
2aea : 02C10513;
2aeb : 06112623;
2aec : 06812423;
2aed : 06912223;
2aee : 00068413;
2aef : 00070493;
2af0 : 05412C23;
2af1 : 05712623;
2af2 : 07212023;
2af3 : 00060B93;
2af4 : 05312E23;
2af5 : 05512A23;
2af6 : B6DFF0EF;
2af7 : 014B2783;
2af8 : 03210513;
2af9 : 00000A13;
2afa : 0007A583;
2afb : B59FF0EF;
2afc : 0001F7B7;
2afd : 54E7D703;
2afe : 00CB5683;
2aff : 18070863;
2b00 : 08100793;
2b01 : 02F11C23;
2b02 : 018B5783;
2b03 : 02D11E23;
2b04 : 00D79793;
2b05 : 00E7E7B3;
2b06 : 00879713;
2b07 : 01079793;
2b08 : 0107D793;
2b09 : 0087D793;
2b0a : 00F767B3;
2b0b : 02F11D23;
2b0c : 0001F7B7;
2b0d : 6807C783;
2b0e : 00000513;
2b0f : 20078463;
2b10 : 03815683;
2b11 : 08100713;
2b12 : 01200793;
2b13 : 00E68463;
2b14 : 00E00793;
2b15 : 00878733;
2b16 : 03B00693;
2b17 : 4017D813;
2b18 : 00E6E663;
2b19 : 03C00413;
2b1a : 40F40433;
2b1b : 014B2783;
2b1c : 00145513;
2b1d : 02C10713;
2b1e : 0047AB03;
2b1f : 000207B7;
2b20 : 000B2583;
2b21 : 00F5A223;
2b22 : 00000793;
2b23 : 00075683;
2b24 : 00075603;
2b25 : 00178793;
2b26 : 00869693;
2b27 : 00865613;
2b28 : 00C6E6B3;
2b29 : 01069693;
2b2a : 0106D693;
2b2b : 00D5A223;
2b2c : 00270713;
2b2d : FCF81CE3;
2b2e : 00000793;
2b2f : 0CA79C63;
2b30 : 00147713;
2b31 : 02070A63;
2b32 : 00179793;
2b33 : 00FB8BB3;
2b34 : 000BD783;
2b35 : 000BD703;
2b36 : 00879793;
2b37 : 00875713;
2b38 : 00E7E7B3;
2b39 : 01079793;
2b3a : 0107D793;
2b3b : 00030737;
2b3c : 00E7E7B3;
2b3d : 00F5A223;
2b3e : 000117B7;
2b3f : 00F5A223;
2b40 : 000107B7;
2b41 : 00F5A223;
2b42 : 0005A783;
2b43 : 3E800913;
2b44 : 0017E793;
2b45 : 00F5A023;
2b46 : 000B2783;
2b47 : 0007A583;
2b48 : 0025F793;
2b49 : 00B12623;
2b4a : 02079263;
2b4b : 00100513;
2b4c : E58FD0EF;
2b4d : FFF90913;
2b4e : 00C12583;
2b4f : FC091EE3;
2b50 : 0001C537;
2b51 : 50850513;
2b52 : FB4FD0EF;
2b53 : 000019B7;
2b54 : 06400913;
2b55 : 80098993;
2b56 : 000B2703;
2b57 : 00072783;
2b58 : 0137F7B3;
2b59 : 06079063;
2b5a : 00100513;
2b5b : FFF90913;
2b5c : E18FD0EF;
2b5d : FE0912E3;
2b5e : 0001C537;
2b5f : 4D850513;
2b60 : F7CFD0EF;
2b61 : 00000A13;
2b62 : 0440006F;
2b63 : 02D11C23;
2b64 : EA1FF06F;
2b65 : 00179693;
2b66 : 00DB86B3;
2b67 : 0006D703;
2b68 : 0006D683;
2b69 : 00178793;
2b6a : 00871713;
2b6b : 0086D693;
2b6c : 00D76733;
2b6d : 01071713;
2b6e : 01075713;
2b6f : 00E5A223;
2b70 : EFDFF06F;
2b71 : 01472A03;
2b72 : 001A7A13;
2b73 : 000B2783;
2b74 : 01C10593;
2b75 : 02010513;
2b76 : 0187AA83;
2b77 : 0147A783;
2b78 : C18FA0EF;
2b79 : 004A9A93;
2b7a : 059687B7;
2b7b : 004ADA93;
2b7c : 2F078793;
2b7d : 0357F863;
2b7e : 01C12703;
2b7f : 0EE6B7B7;
2b80 : 27F78793;
2b81 : 02E7E063;
2b82 : 02012783;
2b83 : 02412703;
2b84 : FFF78693;
2b85 : 0017B793;
2b86 : 40F707B3;
2b87 : 02D12023;
2b88 : 02F12223;
2b89 : 004B2783;
2b8a : 02012903;
2b8b : 02412983;
2b8c : 00178793;
2b8d : 0FFA7A13;
2b8e : 003A9A93;
2b8f : 00FB2223;
2b90 : 00040513;
2b91 : 00048C63;
2b92 : 0124A023;
2b93 : 0134A223;
2b94 : 0154A423;
2b95 : 0004A623;
2b96 : 0144AE23;
2b97 : 06C12083;
2b98 : 06812403;
2b99 : 06412483;
2b9a : 06012903;
2b9b : 05C12983;
2b9c : 05812A03;
2b9d : 05412A83;
2b9e : 05012B03;
2b9f : 04C12B83;
2ba0 : 07010113;
2ba1 : 00008067;
2ba2 : 0001F7B7;
2ba3 : 6B47C703;
2ba4 : 00400793;
2ba5 : 02F71663;
2ba6 : 00000513;
2ba7 : 00008067;
2ba8 : 00000513;
2ba9 : 02C12083;
2baa : 02812403;
2bab : 02412483;
2bac : 02012903;
2bad : 01C12983;
2bae : 03010113;
2baf : 00008067;
2bb0 : 000015B7;
2bb1 : 0001F537;
2bb2 : FD010113;
2bb3 : 38858593;
2bb4 : 6CC50513;
2bb5 : 02112623;
2bb6 : 02812423;
2bb7 : 02912223;
2bb8 : 03212023;
2bb9 : 01312E23;
2bba : 2F5030EF;
2bbb : FA051AE3;
2bbc : 00C10513;
2bbd : B58FF0EF;
2bbe : 00020437;
2bbf : 0001F937;
2bc0 : 00600613;
2bc1 : 6C490593;
2bc2 : 9D040513;
2bc3 : 0001F4B7;
2bc4 : 1E4050EF;
2bc5 : 4D048493;
2bc6 : 0001F9B7;
2bc7 : 02051863;
2bc8 : 07E4D703;
2bc9 : 6C09D783;
2bca : 02F71263;
2bcb : 0844A783;
2bcc : 04078463;
2bcd : 0001F5B7;
2bce : 00400613;
2bcf : 6BC58593;
2bd0 : 00C10513;
2bd1 : 1B0050EF;
2bd2 : 02050863;
2bd3 : 801FF0EF;
2bd4 : 9D040593;
2bd5 : 6C490513;
2bd6 : FECFF0EF;
2bd7 : 0001F537;
2bd8 : 00400613;
2bd9 : 00C10593;
2bda : 6BC50513;
2bdb : 01D050EF;
2bdc : 07E4D783;
2bdd : 6CF99023;
2bde : 0001F7B7;
2bdf : 6B67D683;
2be0 : 0001F7B7;
2be1 : 6B87A503;
2be2 : 9D040613;
2be3 : 000215B7;
2be4 : 00000713;
2be5 : 50060613;
2be6 : DCC58593;
2be7 : C01FF0EF;
2be8 : 00100513;
2be9 : F01FF06F;
2bea : EE010113;
2beb : 10912A23;
2bec : 0001F4B7;
2bed : 6B04A503;
2bee : 00000713;
2bef : 0C800693;
2bf0 : 01810613;
2bf1 : 00410593;
2bf2 : 10112E23;
2bf3 : 10812C23;
2bf4 : 11212823;
2bf5 : 11312623;
2bf6 : 11412423;
2bf7 : 11512223;
2bf8 : 11612023;
2bf9 : 0F712E23;
2bfa : 0F812C23;
2bfb : 0F912A23;
2bfc : 0FA12823;
2bfd : 0FB12623;
2bfe : A64FF0EF;
2bff : 03800793;
2c00 : 04A7E263;
2c01 : 00000513;
2c02 : 11C12083;
2c03 : 11812403;
2c04 : 11412483;
2c05 : 11012903;
2c06 : 10C12983;
2c07 : 10812A03;
2c08 : 10412A83;
2c09 : 10012B03;
2c0a : 0FC12B83;
2c0b : 0F812C03;
2c0c : 0F412C83;
2c0d : 0F012D03;
2c0e : 0EC12D83;
2c0f : 12010113;
2c10 : 00008067;
2c11 : 0001F5B7;
2c12 : 00400613;
2c13 : 55858593;
2c14 : 02810513;
2c15 : 0A0050EF;
2c16 : FA0516E3;
2c17 : 0001F737;
2c18 : 0001B937;
2c19 : 6AC74603;
2c1a : B5890913;
2c1b : 0001B8B7;
2c1c : 00000813;
2c1d : 00000593;
2c1e : 00000B13;
2c1f : 04090E13;
2c20 : 00600E93;
2c21 : B3C88893;
2c22 : 0A000F13;
2c23 : 0A100F93;
2c24 : 0A300293;
2c25 : 00100393;
2c26 : 01C00313;
2c27 : 010E07B3;
2c28 : 0007C683;
2c29 : 00768793;
2c2a : 0FF7F793;
2c2b : 10FEE063;
2c2c : 00279793;
2c2d : 011787B3;
2c2e : 0007A783;
2c2f : 00078067;
2c30 : 000A8513;
2c31 : FD9FF06F;
2c32 : 0E010793;
2c33 : 00A787B3;
2c34 : F547C783;
2c35 : 00F50533;
2c36 : 00180813;
2c37 : 00150A93;
2c38 : FE6810E3;
2c39 : 00058463;
2c3a : 6AC70623;
2c3b : 03410D13;
2c3c : 00250513;
2c3d : 015D0AB3;
2c3e : 00AD0433;
2c3f : 41490913;
2c40 : 003B7C93;
2c41 : 004B7C13;
2c42 : 00C94983;
2c43 : 16098863;
2c44 : 000ACA03;
2c45 : 0FFA7B93;
2c46 : 0149F463;
2c47 : 0FF9FB93;
2c48 : 0C0C8063;
2c49 : 0B3A7E63;
2c4a : 01090913;
2c4b : FDDFF06F;
2c4c : 0E010793;
2c4d : 00A787B3;
2c4e : F547C603;
2c4f : 08C3F263;
2c50 : 6AC70623;
2c51 : 0240006F;
2c52 : 0E010793;
2c53 : 00A787B3;
2c54 : F547C783;
2c55 : 07E78A63;
2c56 : 07F78C63;
2c57 : 06578E63;
2c58 : F60B1CE3;
2c59 : FC059EE3;
2c5a : 00500593;
2c5b : 03410513;
2c5c : A1DF60EF;
2c5d : 00050413;
2c5e : 01C40413;
2c5f : 00000613;
2c60 : 00040593;
2c61 : 01810513;
2c62 : C01F60EF;
2c63 : 6B04A503;
2c64 : 00000713;
2c65 : 00040693;
2c66 : 01810613;
2c67 : 00410593;
2c68 : 9FDFF0EF;
2c69 : 00100513;
2c6a : E61FF06F;
2c6b : 0E010793;
2c6c : 00A787B3;
2c6d : F547C783;
2c6e : F2D780E3;
2c6f : FA9FF06F;
2c70 : 00100593;
2c71 : F15FF06F;
2c72 : 00200B13;
2c73 : F0DFF06F;
2c74 : 00400B13;
2c75 : F05FF06F;
2c76 : 00100B13;
2c77 : EFDFF06F;
2c78 : 00092D83;
2c79 : 000B8613;
2c7a : 00040593;
2c7b : 000D8513;
2c7c : 705040EF;
2c7d : 01851513;
2c7e : 41855513;
2c7f : 000C0E63;
2c80 : 00A04663;
2c81 : 0B49E663;
2c82 : F20510E3;
2c83 : 00098B93;
2c84 : 00C00A13;
2c85 : 0140006F;
2c86 : 0B3A6063;
2c87 : 000B0A13;
2c88 : 0940006F;
2c89 : 000C0A63;
2c8a : 00098613;
2c8b : 000D8593;
2c8c : 00040513;
2c8d : 554050EF;
2c8e : 00492783;
2c8f : 00892603;
2c90 : 000A0693;
2c91 : 000B8593;
2c92 : 000A8513;
2c93 : 000780E7;
2c94 : 02A05C63;
2c95 : 008A7A13;
2c96 : 014C6A33;
2c97 : 00C94783;
2c98 : 000A0863;
2c99 : 000AC703;
2c9a : 00E78733;
2c9b : 00EA8023;
2c9c : 00A78533;
2c9d : 00A40533;
2c9e : 02079063;
2c9f : 00200593;
2ca0 : 000D0513;
2ca1 : EEDFF06F;
2ca2 : EA0500E3;
2ca3 : 40A00533;
2ca4 : 0FF57593;
2ca5 : FEDFF06F;
2ca6 : 41A50433;
2ca7 : 00040593;
2ca8 : 000D0513;
2ca9 : 875F60EF;
2caa : D4044EE3;
2cab : ECDFF06F;
2cac : 00400A13;
2cad : F60508E3;
2cae : FCA042E3;
2caf : E6DFF06F;
2cb0 : 0001F7B7;
2cb1 : 5547A783;
2cb2 : F4010113;
2cb3 : 0A812C23;
2cb4 : 0A112E23;
2cb5 : 0A912A23;
2cb6 : 00000413;
2cb7 : 02078863;
2cb8 : 0001F4B7;
2cb9 : 6984A503;
2cba : 00000713;
2cbb : 08000693;
2cbc : 03010613;
2cbd : 01C10593;
2cbe : F65FE0EF;
2cbf : 00A05863;
2cc0 : 01B00793;
2cc1 : 02A7C063;
2cc2 : 00100413;
2cc3 : 0BC12083;
2cc4 : 00040513;
2cc5 : 0B812403;
2cc6 : 0B412483;
2cc7 : 0C010113;
2cc8 : 00008067;
2cc9 : 01010513;
2cca : F25FE0EF;
2ccb : 03614783;
2ccc : FC079CE3;
2ccd : 03714703;
2cce : 00100793;
2ccf : FCF716E3;
2cd0 : 00400613;
2cd1 : 01010593;
2cd2 : 04810513;
2cd3 : 5A9040EF;
2cd4 : FA051CE3;
2cd5 : 03810593;
2cd6 : 00600613;
2cd7 : 01410513;
2cd8 : 428050EF;
2cd9 : 00400613;
2cda : 03E10593;
2cdb : 00C10513;
2cdc : 418050EF;
2cdd : 000807B7;
2cde : 10078793;
2cdf : 02F12823;
2ce0 : 000205B7;
2ce1 : 020007B7;
2ce2 : 40678793;
2ce3 : 03810513;
2ce4 : 9D058593;
2ce5 : 02F12A23;
2ce6 : BACFF0EF;
2ce7 : 01010593;
2ce8 : 00400613;
2ce9 : 03E10513;
2cea : 3E0050EF;
2ceb : 01410593;
2cec : 00600613;
2ced : 04210513;
2cee : 3D0050EF;
2cef : 00C10593;
2cf0 : 00400613;
2cf1 : 04810513;
2cf2 : 3C0050EF;
2cf3 : 6984A503;
2cf4 : 00000713;
2cf5 : 01C00693;
2cf6 : 03010613;
2cf7 : 01C10593;
2cf8 : FBCFF0EF;
2cf9 : F25FF06F;
2cfa : E4010113;
2cfb : 1A912A23;
2cfc : 0001F4B7;
2cfd : 6884A503;
2cfe : 1A812C23;
2cff : 00000713;
2d00 : 19000693;
2d01 : 02010613;
2d02 : 00C10593;
2d03 : 0001F437;
2d04 : 1B212823;
2d05 : 1A112E23;
2d06 : 4D040413;
2d07 : E41FE0EF;
2d08 : 08442783;
2d09 : 00000913;
2d0a : 20079463;
2d0b : 0001F7B7;
2d0c : 6B47C703;
2d0d : 00400793;
2d0e : 1EF70C63;
2d0f : 14800793;
2d10 : 06F51463;
2d11 : 03414783;
2d12 : 06079063;
2d13 : 03514703;
2d14 : 04300793;
2d15 : 04F71A63;
2d16 : 000205B7;
2d17 : 00600613;
2d18 : 9D058593;
2d19 : 05810513;
2d1a : 48D040EF;
2d1b : 02051E63;
2d1c : 00100793;
2d1d : 04C10513;
2d1e : 08F42223;
2d1f : D65FE0EF;
2d20 : 00010513;
2d21 : DC9FE0EF;
2d22 : 00314703;
2d23 : 00214683;
2d24 : 00114603;
2d25 : 00014583;
2d26 : 0001C537;
2d27 : 53850513;
2d28 : 85CFD0EF;
2d29 : 00100913;
2d2a : 0001F537;
2d2b : 3E800593;
2d2c : 68450513;
2d2d : 528030EF;
2d2e : 16051C63;
2d2f : 0001F7B7;
2d30 : 6947D403;
2d31 : 00020937;
2d32 : 9D090593;
2d33 : 00140413;
2d34 : 01041413;
2d35 : 01045413;
2d36 : 68879A23;
2d37 : 000607B7;
2d38 : 10178793;
2d39 : 04010513;
2d3a : 02F12E23;
2d3b : A58FF0EF;
2d3c : 04415703;
2d3d : 04015783;
2d3e : 00200613;
2d3f : 00000593;
2d40 : 00E7C7B3;
2d41 : 04214703;
2d42 : 04F11023;
2d43 : 40845793;
2d44 : 00E7C7B3;
2d45 : 04F10123;
2d46 : 04314783;
2d47 : 04610513;
2d48 : 00F447B3;
2d49 : 04F101A3;
2d4a : 00841793;
2d4b : 00845413;
2d4c : 0087E433;
2d4d : 04811223;
2d4e : 6D9030EF;
2d4f : 00400613;
2d50 : 00000593;
2d51 : 04810513;
2d52 : 6C9030EF;
2d53 : 00400613;
2d54 : 00000593;
2d55 : 04C10513;
2d56 : 6B9030EF;
2d57 : 00400613;
2d58 : 00000593;
2d59 : 05010513;
2d5a : 6A9030EF;
2d5b : 00400613;
2d5c : 00000593;
2d5d : 05410513;
2d5e : 699030EF;
2d5f : 01000613;
2d60 : 00000593;
2d61 : 05810513;
2d62 : 689030EF;
2d63 : 9D090593;
2d64 : 05810513;
2d65 : 9B0FF0EF;
2d66 : 04000613;
2d67 : 00000593;
2d68 : 06810513;
2d69 : 66D030EF;
2d6a : 08000613;
2d6b : 00000593;
2d6c : 0A810513;
2d6d : 65D030EF;
2d6e : 04000613;
2d6f : 00000593;
2d70 : 12810513;
2d71 : 64D030EF;
2d72 : 00400613;
2d73 : 00000593;
2d74 : 00010513;
2d75 : 63D030EF;
2d76 : 00400613;
2d77 : 0FF00593;
2d78 : 00410513;
2d79 : 62D030EF;
2d7a : 430047B7;
2d7b : 40078793;
2d7c : 00010613;
2d7d : 14800593;
2d7e : 02010513;
2d7f : 00F12423;
2d80 : F88F60EF;
2d81 : 00600613;
2d82 : 0FF00593;
2d83 : 00C10513;
2d84 : 601030EF;
2d85 : 6884A503;
2d86 : 00000713;
2d87 : 14800693;
2d88 : 02010613;
2d89 : 00C10593;
2d8a : D74FF0EF;
2d8b : 00100913;
2d8c : 1BC12083;
2d8d : 1B812403;
2d8e : 1B412483;
2d8f : 00090513;
2d90 : 1B012903;
2d91 : 1C010113;
2d92 : 00008067;
2d93 : F2010113;
2d94 : 0C912A23;
2d95 : 0001F4B7;
2d96 : 4D048793;
2d97 : 0C112E23;
2d98 : 0C812C23;
2d99 : 0D212823;
2d9a : 0D312623;
2d9b : 0807C783;
2d9c : 00100713;
2d9d : 4D048493;
2d9e : 00E79863;
2d9f : 0844A703;
2da0 : 00F71463;
2da1 : 0804A223;
2da2 : D61FF0EF;
2da3 : 0001F9B7;
2da4 : 00050913;
2da5 : 68C9A503;
2da6 : 00000713;
2da7 : 08000693;
2da8 : 04010613;
2da9 : 02C10593;
2daa : BB5FE0EF;
2dab : 00000413;
2dac : 02A05C63;
2dad : 0844A783;
2dae : 02078863;
2daf : 00400613;
2db0 : 08848593;
2db1 : 05010513;
2db2 : 22D040EF;
2db3 : 00051E63;
2db4 : 02010513;
2db5 : B79FE0EF;
2db6 : 04014703;
2db7 : 04500793;
2db8 : 0CF70463;
2db9 : 00100413;
2dba : 0001F9B7;
2dbb : 6909A503;
2dbc : 00000713;
2dbd : 02000693;
2dbe : 04010613;
2dbf : 02C10593;
2dc0 : B5DFE0EF;
2dc1 : 00890933;
2dc2 : 00000413;
2dc3 : 06A05C63;
2dc4 : 00400613;
2dc5 : 08848593;
2dc6 : 05010513;
2dc7 : 1D9040EF;
2dc8 : 06051263;
2dc9 : 00000593;
2dca : 02010513;
2dcb : ACDF90EF;
2dcc : 02012503;
2dcd : 83AA87B7;
2dce : E8078793;
2dcf : 00F50533;
2dd0 : 3DC0E0EF;
2dd1 : 00A12E23;
2dd2 : 00400613;
2dd3 : 01C10593;
2dd4 : 05C10513;
2dd5 : 034050EF;
2dd6 : 00000613;
2dd7 : 02000593;
2dd8 : 04010513;
2dd9 : E24F60EF;
2dda : 6909A503;
2ddb : 00000713;
2ddc : 02000693;
2ddd : 04010613;
2dde : 02C10593;
2ddf : C20FF0EF;
2de0 : 00100413;
2de1 : 00890933;
2de2 : 0DC12083;
2de3 : 0D812403;
2de4 : 0D412483;
2de5 : 0CC12983;
2de6 : 01203533;
2de7 : 0D012903;
2de8 : 0E010113;
2de9 : 00008067;
2dea : 00400613;
2deb : 02010593;
2dec : 05010513;
2ded : 141040EF;
2dee : F20516E3;
2def : 04914703;
2df0 : 00100793;
2df1 : F2F710E3;
2df2 : 05414703;
2df3 : 00800793;
2df4 : F0F71AE3;
2df5 : 04215783;
2df6 : 00879413;
2df7 : 01079793;
2df8 : 0107D793;
2df9 : 0087D793;
2dfa : 00F46433;
2dfb : 01041413;
2dfc : 01045413;
2dfd : FE840413;
2dfe : 04000793;
2dff : 0087D463;
2e00 : 04000413;
2e01 : 00400613;
2e02 : 04C10593;
2e03 : 01C10513;
2e04 : 779040EF;
2e05 : 04500793;
2e06 : 01840693;
2e07 : 04F11023;
2e08 : 00400613;
2e09 : 13F00793;
2e0a : 02010593;
2e0b : 04C10513;
2e0c : 04D101A3;
2e0d : 00D12623;
2e0e : 04F12423;
2e0f : 04010123;
2e10 : 04012223;
2e11 : 745040EF;
2e12 : 00400613;
2e13 : 01C10593;
2e14 : 05010513;
2e15 : 735040EF;
2e16 : 00540413;
2e17 : 00200593;
2e18 : 02B445B3;
2e19 : 05410513;
2e1a : 04012A23;
2e1b : 00100413;
2e1c : CB4F60EF;
2e1d : 00851793;
2e1e : 01051513;
2e1f : 01055513;
2e20 : 00855513;
2e21 : 00A7E533;
2e22 : 04A11B23;
2e23 : 00A00593;
2e24 : 04010513;
2e25 : C90F60EF;
2e26 : 01051793;
2e27 : 0107D793;
2e28 : 00851713;
2e29 : 0087D793;
2e2a : 00C12683;
2e2b : 00F767B3;
2e2c : 04F11523;
2e2d : E2068AE3;
2e2e : 68C9A503;
2e2f : 00000713;
2e30 : 04010613;
2e31 : 02C10593;
2e32 : AD4FF0EF;
2e33 : E1DFF06F;
2e34 : F6010113;
2e35 : 08812C23;
2e36 : 09412423;
2e37 : 00020437;
2e38 : 0001BA37;
2e39 : 08112E23;
2e3a : 08912A23;
2e3b : 09212823;
2e3c : 09312623;
2e3d : 09512223;
2e3e : 09612023;
2e3f : 07712E23;
2e40 : 07812C23;
2e41 : 07912A23;
2e42 : 07A12823;
2e43 : 07B12623;
2e44 : 9D040413;
2e45 : B58A0A13;
2e46 : 20B05C63;
2e47 : 6B842783;
2e48 : 3E800693;
2e49 : 00054703;
2e4a : 01079893;
2e4b : 0108D893;
2e4c : 02D888B3;
2e4d : 00F77713;
2e4e : 6BC42803;
2e4f : 00271693;
2e50 : 00DA06B3;
2e51 : 4C46A683;
2e52 : 0107D793;
2e53 : 01081813;
2e54 : 00F86833;
2e55 : 6B042783;
2e56 : 00D12223;
2e57 : 5A040993;
2e58 : 0001C6B7;
2e59 : 00E12023;
2e5a : 00050913;
2e5b : 00058713;
2e5c : 00058493;
2e5d : 0108D893;
2e5e : 56068693;
2e5f : 00100613;
2e60 : 00500593;
2e61 : 00098513;
2e62 : 3180D0EF;
2e63 : 02100793;
2e64 : 1A97D063;
2e65 : 00094783;
2e66 : 00D00713;
2e67 : 00F7F793;
2e68 : 18F76863;
2e69 : 00FA07B3;
2e6a : 4FC7C783;
2e6b : 18F4C263;
2e6c : 00194783;
2e6d : 00200713;
2e6e : 00F7F793;
2e6f : 16E79A63;
2e70 : 00094783;
2e71 : 000014B7;
2e72 : 009404B3;
2e73 : 0047D793;
2e74 : 80F48823;
2e75 : 00094783;
2e76 : 00200613;
2e77 : 00690593;
2e78 : 00F7F793;
2e79 : 80F488A3;
2e7a : 00194783;
2e7b : 27798513;
2e7c : 00F7F793;
2e7d : 80F48923;
2e7e : 00295783;
2e7f : 00295703;
2e80 : 00879793;
2e81 : 00875713;
2e82 : 00E7E7B3;
2e83 : 80F49A23;
2e84 : 00494783;
2e85 : 80F48B23;
2e86 : 571040EF;
2e87 : 00000793;
2e88 : 00000813;
2e89 : 82F4A023;
2e8a : 8304A223;
2e8b : 00892503;
2e8c : 00C92583;
2e8d : 11C0E0EF;
2e8e : 82A4A423;
2e8f : 82B4A623;
2e90 : 00800613;
2e91 : 01490593;
2e92 : 29098513;
2e93 : 53D040EF;
2e94 : 01C95783;
2e95 : 01C95703;
2e96 : 8144DA83;
2e97 : 00879793;
2e98 : 00875713;
2e99 : 00E7E7B3;
2e9a : 82F49C23;
2e9b : 01E95783;
2e9c : 01E95703;
2e9d : 00879793;
2e9e : 00875713;
2e9f : 00E7E7B3;
2ea0 : 82F49D23;
2ea1 : 02190783;
2ea2 : 82F48E23;
2ea3 : 5A042703;
2ea4 : 5B042683;
2ea5 : 330A0793;
2ea6 : 00371D93;
2ea7 : 01B787B3;
2ea8 : 0AF69663;
2ea9 : 5A042623;
2eaa : 5AC42783;
2eab : 5AE42223;
2eac : 5A042423;
2ead : 02078063;
2eae : 01BA07B3;
2eaf : 3307A603;
2eb0 : 0001C5B7;
2eb1 : 000A8693;
2eb2 : 59058593;
2eb3 : 5A040513;
2eb4 : A69FC0EF;
2eb5 : 14090863;
2eb6 : 5D442783;
2eb7 : 000014B7;
2eb8 : 009404B3;
2eb9 : 0087AB83;
2eba : 8164C703;
2ebb : 00020B37;
2ebc : 010BC783;
2ebd : F70B0993;
2ebe : 06E78263;
2ebf : 000206B7;
2ec0 : 9306A783;
2ec1 : 00100613;
2ec2 : 00500593;
2ec3 : 00178793;
2ec4 : 92F6A823;
2ec5 : 0001C6B7;
2ec6 : 5AC68693;
2ec7 : F70B0513;
2ec8 : 1800D0EF;
2ec9 : 00000A93;
2eca : 00000913;
2ecb : 0F80006F;
2ecc : 00020737;
2ecd : 93472783;
2ece : 00000A93;
2ecf : 00000913;
2ed0 : 00178793;
2ed1 : 92F72A23;
2ed2 : F45FF06F;
2ed3 : 00100693;
2ed4 : 5AD42623;
2ed5 : 5AF42823;
2ed6 : F51FF06F;
2ed7 : 8174C783;
2ed8 : 0017F793;
2ed9 : 02078863;
2eda : 00020737;
2edb : 92C72783;
2edc : 0001C6B7;
2edd : 5C868693;
2ede : 00178793;
2edf : 92F72623;
2ee0 : 00100613;
2ee1 : 00500593;
2ee2 : F70B0513;
2ee3 : 1140D0EF;
2ee4 : F95FF06F;
2ee5 : 71842583;
2ee6 : 29098993;
2ee7 : 00A00613;
2ee8 : 00098513;
2ee9 : 00B12C23;
2eea : 54C040EF;
2eeb : 01812583;
2eec : 02051063;
2eed : 00020737;
2eee : 92872783;
2eef : 0001C6B7;
2ef0 : 5E468693;
2ef1 : 00178793;
2ef2 : 92F72423;
2ef3 : FB5FF06F;
2ef4 : 00800613;
2ef5 : 00098513;
2ef6 : 51C040EF;
2ef7 : 02051863;
2ef8 : 008BD703;
2ef9 : 00100793;
2efa : 02E7F263;
2efb : 8114C703;
2efc : 00B00793;
2efd : 00F70C63;
2efe : 00020737;
2eff : 92472783;
2f00 : 00178793;
2f01 : 92F72223;
2f02 : F1DFF06F;
2f03 : 5A042783;
2f04 : 00100713;
2f05 : FFD7F693;
2f06 : F0E686E3;
2f07 : 00200713;
2f08 : F0E782E3;
2f09 : 5A042703;
2f0a : 5A442783;
2f0b : 04F70263;
2f0c : 9E1FC0EF;
2f0d : 09C12083;
2f0e : 09812403;
2f0f : 09412483;
2f10 : 09012903;
2f11 : 08C12983;
2f12 : 08812A03;
2f13 : 08412A83;
2f14 : 08012B03;
2f15 : 07C12B83;
2f16 : 07812C03;
2f17 : 07412C83;
2f18 : 07012D03;
2f19 : 06C12D83;
2f1a : 0A010113;
2f1b : 00008067;
2f1c : 00020537;
2f1d : 000219B7;
2f1e : F7050493;
2f1f : 9D098993;
2f20 : 1A0A8063;
2f21 : 8DC9A703;
2f22 : 00100793;
2f23 : 04F71263;
2f24 : 5C042783;
2f25 : 0607A783;
2f26 : 16078E63;
2f27 : F7050513;
2f28 : 000780E7;
2f29 : 00050613;
2f2a : 00600593;
2f2b : 00048513;
2f2c : 15D0D0EF;
2f2d : 8DC9A783;
2f2e : 00078C63;
2f2f : 00200793;
2f30 : 00600593;
2f31 : 00048513;
2f32 : 8CF9AE23;
2f33 : 4C0030EF;
2f34 : 01BA0B33;
2f35 : 334B2783;
2f36 : 000A8613;
2f37 : 00090593;
2f38 : 00048513;
2f39 : 000780E7;
2f3a : 00050613;
2f3b : 00050C63;
2f3c : 330B2683;
2f3d : 8489A583;
2f3e : 0001C537;
2f3f : 5FC50513;
2f40 : FFCFC0EF;
2f41 : 5A042703;
2f42 : 5A442783;
2f43 : F2F712E3;
2f44 : 8E09A703;
2f45 : 00100793;
2f46 : 04F71863;
2f47 : 8DC9A783;
2f48 : FFE78793;
2f49 : 04F76263;
2f4a : 00600593;
2f4b : 00048513;
2f4c : 6D40D0EF;
2f4d : 02050A63;
2f4e : 001007B7;
2f4f : 41C7A703;
2f50 : 000207B7;
2f51 : 9207A783;
2f52 : 00079C63;
2f53 : 8E09A683;
2f54 : 8DC9A603;
2f55 : 5A042583;
2f56 : 00100513;
2f57 : DA0F90EF;
2f58 : 00048513;
2f59 : 2A50D0EF;
2f5a : 8DB9C783;
2f5b : 48078263;
2f5c : 8409C783;
2f5d : 8C098DA3;
2f5e : 00100513;
2f5f : 44078863;
2f60 : 5D442D03;
2f61 : 008D2C03;
2f62 : 008C5783;
2f63 : 0AF57663;
2f64 : 6D045B83;
2f65 : 0A0B8263;
2f66 : 71842783;
2f67 : 6E840C93;
2f68 : 00000B13;
2f69 : 00F12C23;
2f6a : 00800613;
2f6b : 000C0593;
2f6c : 000C8513;
2f6d : 340040EF;
2f6e : 06051A63;
2f6f : 01812583;
2f70 : 000C8513;
2f71 : 364040EF;
2f72 : 06055263;
2f73 : 005B0B13;
2f74 : 000C8593;
2f75 : 02010513;
2f76 : 006B1B13;
2f77 : 7B1090EF;
2f78 : 01640B33;
2f79 : 5B0B5803;
2f7a : 0001C737;
2f7b : 0001C6B7;
2f7c : 00050793;
2f7d : 61870713;
2f7e : 63C68693;
2f7f : 00300613;
2f80 : 00300593;
2f81 : 00048513;
2f82 : 6990C0EF;
2f83 : 00700513;
2f84 : 3BC0006F;
2f85 : 00005637;
2f86 : E2060613;
2f87 : E8DFF06F;
2f88 : 00F00793;
2f89 : 80F988A3;
2f8a : EA9FF06F;
2f8b : 001B0B13;
2f8c : 040C8C93;
2f8d : F77B4AE3;
2f8e : 010D2783;
2f8f : 6D241C03;
2f90 : 00F12E23;
2f91 : FFF00793;
2f92 : 04FC0E63;
2f93 : 006C1B13;
2f94 : 138B0B13;
2f95 : 01648B33;
2f96 : 0001E6B7;
2f97 : 50CA0713;
2f98 : 00048513;
2f99 : 34468693;
2f9a : 00200613;
2f9b : 00300593;
2f9c : 6310C0EF;
2f9d : 5A042503;
2f9e : 0001BBB7;
2f9f : 00100793;
2fa0 : FFF50713;
2fa1 : 064B8B93;
2fa2 : 34E7F263;
2fa3 : FFF00793;
2fa4 : 02FC1063;
2fa5 : 00400793;
2fa6 : 00F51C63;
2fa7 : 00400513;
2fa8 : 32C0006F;
2fa9 : 00021B37;
2faa : DE0B0B13;
2fab : FADFF06F;
2fac : 71842583;
2fad : 00100793;
2fae : 00A00613;
2faf : 02610513;
2fb0 : 04F105A3;
2fb1 : 0C5040EF;
2fb2 : 71842583;
2fb3 : 00A00613;
2fb4 : 03010513;
2fb5 : 02011023;
2fb6 : 0B1040EF;
2fb7 : 00200613;
2fb8 : 00000593;
2fb9 : 04910513;
2fba : 528030EF;
2fbb : 5D442783;
2fbc : 02011223;
2fbd : 00400613;
2fbe : 0087A583;
2fbf : 03A10513;
2fc0 : 00E5C783;
2fc1 : 00A58593;
2fc2 : 04F10323;
2fc3 : 07D040EF;
2fc4 : 5D442783;
2fc5 : 00800613;
2fc6 : 03E10513;
2fc7 : 0087A583;
2fc8 : 00F5C783;
2fc9 : 04F103A3;
2fca : 061040EF;
2fcb : FA000793;
2fcc : 00800613;
2fcd : 00000593;
2fce : 05010513;
2fcf : 02011123;
2fd0 : 04F10423;
2fd1 : 4CC030EF;
2fd2 : 018D2703;
2fd3 : 0A074663;
2fd4 : 34800C93;
2fd5 : 039707B3;
2fd6 : 000D2C83;
2fd7 : 0001C6B7;
2fd8 : 00170713;
2fd9 : 64C68693;
2fda : 00200613;
2fdb : 00300593;
2fdc : 00048513;
2fdd : 00FC8CB3;
2fde : 132C9C03;
2fdf : 130CD803;
2fe0 : 000C0793;
2fe1 : 51D0C0EF;
2fe2 : 5D442783;
2fe3 : 0087A783;
2fe4 : 00A78783;
2fe5 : 0C07DE63;
2fe6 : 006C1793;
2fe7 : 13878C13;
2fe8 : 018C8C33;
2fe9 : 000C0613;
2fea : 02010593;
2feb : 00048513;
2fec : 00F12C23;
2fed : 2300A0EF;
2fee : 10055E63;
2fef : 0001C6B7;
2ff0 : 000B8713;
2ff1 : 6A068693;
2ff2 : 00100613;
2ff3 : 00300593;
2ff4 : 00048513;
2ff5 : 4CD0C0EF;
2ff6 : 5D442783;
2ff7 : 0087A783;
2ff8 : 00A7C703;
2ff9 : 0FF00793;
2ffa : 28F71A63;
2ffb : 5A042703;
2ffc : 00400793;
2ffd : 0CC0006F;
2ffe : 0001C6B7;
2fff : 68068693;
3000 : 00200613;
3001 : 00300593;
3002 : 00048513;
3003 : 4950C0EF;
3004 : 0001C6B7;
3005 : 000B8713;
3006 : 6CC68693;
3007 : 00100613;
3008 : 00300593;
3009 : 00048513;
300a : 4790C0EF;
300b : 5D442783;
300c : 0087A783;
300d : 00A7C703;
300e : 0FF00793;
300f : FAF708E3;
3010 : 00048513;
3011 : 119030EF;
3012 : 5A042503;
3013 : 00100793;
3014 : 00000613;
3015 : FFB50713;
3016 : 16E7FA63;
3017 : 00048513;
3018 : 00500593;
3019 : 4440D0EF;
301a : 00500513;
301b : 1600006F;
301c : 000B0613;
301d : 02010593;
301e : 00048513;
301f : 1680A0EF;
3020 : F80548E3;
3021 : 12050463;
3022 : 0001C6B7;
3023 : 000B8713;
3024 : 69068693;
3025 : 00100613;
3026 : 00300593;
3027 : 00048513;
3028 : 4010C0EF;
3029 : 5D442783;
302a : 0FF00713;
302b : 0087A783;
302c : 00A7C683;
302d : 5A042783;
302e : 1AE69663;
302f : 00400713;
3030 : DCE78EE3;
3031 : 00300593;
3032 : 00048513;
3033 : 0C0030EF;
3034 : DCDFF06F;
3035 : 0C050C63;
3036 : 5D442783;
3037 : 0087A783;
3038 : 0087D703;
3039 : 00100793;
303a : 00F70863;
303b : 84C9A703;
303c : 018D2783;
303d : 06F71E63;
303e : 0001C6B7;
303f : 000B8713;
3040 : 71C68693;
3041 : 00100613;
3042 : 00300593;
3043 : 00048513;
3044 : 3910C0EF;
3045 : 5D442783;
3046 : 84C9A703;
3047 : 00000993;
3048 : 0187A783;
3049 : 02F71463;
304a : 01812783;
304b : 01C12503;
304c : 14878593;
304d : 00BC85B3;
304e : 7F1030EF;
304f : 00050993;
3050 : 000C0593;
3051 : 00048513;
3052 : 1DC040EF;
3053 : 5A042783;
3054 : 00100713;
3055 : FF878693;
3056 : 22D77263;
3057 : 00048513;
3058 : 00300593;
3059 : 028030EF;
305a : 00800513;
305b : 0600006F;
305c : 000B0613;
305d : 000C0593;
305e : 00048513;
305f : 65D090EF;
3060 : 18054C63;
3061 : 000B0613;
3062 : 000C0593;
3063 : 00048513;
3064 : 405090EF;
3065 : 00055A63;
3066 : 0001C6B7;
3067 : 000B8713;
3068 : 6BC68693;
3069 : EF1FF06F;
306a : 16051863;
306b : 0001C6B7;
306c : 00048513;
306d : 000B8713;
306e : 6B068693;
306f : 00100613;
3070 : 00300593;
3071 : 2DD0C0EF;
3072 : 00200513;
3073 : 5C042783;
3074 : 0407A783;
3075 : 00078863;
3076 : 5A442583;
3077 : 00048513;
3078 : 000780E7;
3079 : 5A042783;
307a : 5AA42223;
307b : A4A792E3;
307c : 5C042783;
307d : 0487A783;
307e : 02078663;
307f : 000A8613;
3080 : 00090593;
3081 : 00048513;
3082 : 000780E7;
3083 : 5A042703;
3084 : 5A442783;
3085 : A0F71EE3;
3086 : 5A842783;
3087 : 00F55463;
3088 : 5AA42423;
3089 : 00020737;
308a : 93872703;
308b : 5C442783;
308c : 00E7E7B3;
308d : 01C7D793;
308e : 00200713;
308f : 02F77063;
3090 : 01BA0A33;
3091 : 5A842683;
3092 : 330A2603;
3093 : 0001C5B7;
3094 : 75858593;
3095 : 00048513;
3096 : AE0FC0EF;
3097 : 5A842503;
3098 : 9D5FF06F;
3099 : 00700713;
309a : BAE782E3;
309b : 00300593;
309c : 00048513;
309d : 719020EF;
309e : B95FF06F;
309f : 00048513;
30a0 : 6DC030EF;
30a1 : 5D442983;
30a2 : 0049A783;
30a3 : 0387AB83;
30a4 : DB705CE3;
30a5 : 0009AB03;
30a6 : 00800593;
30a7 : 000B0513;
30a8 : 02D0C0EF;
30a9 : 00452703;
30aa : FFF00793;
30ab : 00F71E63;
30ac : 3E800613;
30ad : 02CB8633;
30ae : 00800593;
30af : 000B0513;
30b0 : 34C0D0EF;
30b1 : D85FF06F;
30b2 : 00800593;
30b3 : 000B0513;
30b4 : 1340D0EF;
30b5 : D6050AE3;
30b6 : 0009A503;
30b7 : FFF00613;
30b8 : 00800593;
30b9 : 3280D0EF;
30ba : 0001C6B7;
30bb : 00048513;
30bc : 6DC68693;
30bd : 00100613;
30be : 00600593;
30bf : 1A50C0EF;
30c0 : 5DC42783;
30c1 : 00100593;
30c2 : 00098513;
30c3 : 02C7A783;
30c4 : 000780E7;
30c5 : D35FF06F;
30c6 : 0001C6B7;
30c7 : 000B8713;
30c8 : 70C68693;
30c9 : 00100613;
30ca : 00300593;
30cb : 00048513;
30cc : 1710C0EF;
30cd : 5D442783;
30ce : 0087A783;
30cf : 00A7C703;
30d0 : 0FF00793;
30d1 : CAF704E3;
30d2 : 00048513;
30d3 : 61D020EF;
30d4 : 5A042503;
30d5 : 00100793;
30d6 : FFB50713;
30d7 : E6E7F8E3;
30d8 : 00048513;
30d9 : 3340D0EF;
30da : 5D442783;
30db : 00C7A783;
30dc : 0007D603;
30dd : 00160613;
30de : CE5FF06F;
30df : 02098663;
30e0 : 0001C6B7;
30e1 : 00048513;
30e2 : 72C68693;
30e3 : 00100613;
30e4 : 00300593;
30e5 : 10D0C0EF;
30e6 : 5A042503;
30e7 : 00800793;
30e8 : E2F506E3;
30e9 : DB9FF06F;
30ea : 00900713;
30eb : 00E78863;
30ec : 00300593;
30ed : 00048513;
30ee : 5D5020EF;
30ef : 5A042503;
30f0 : E0DFF06F;
30f1 : 01900893;
30f2 : 00054703;
30f3 : FBF70793;
30f4 : 0FF7F793;
30f5 : 00070693;
30f6 : 00F8E663;
30f7 : 02070693;
30f8 : 0FF6F693;
30f9 : 0005C783;
30fa : FBF78813;
30fb : 0FF87813;
30fc : 00078613;
30fd : 0108E663;
30fe : 02078613;
30ff : 0FF67613;
3100 : 00D60663;
3101 : 40E78533;
3102 : 00008067;
3103 : 00070863;
3104 : 00150513;
3105 : 00158593;
3106 : FB1FF06F;
3107 : 00000513;
3108 : 00008067;
3109 : 00000693;
310a : 02D00E13;
310b : 00900E93;
310c : 00500813;
310d : 03A00F13;
310e : 00600313;
310f : 08050C63;
3110 : 00054783;
3111 : 00100613;
3112 : 01C79663;
3113 : 00150513;
3114 : FFF00613;
3115 : 00000793;
3116 : 01C0006F;
3117 : FD070893;
3118 : 0FF8FF93;
3119 : 03FEEE63;
311a : 00479793;
311b : 00F887B3;
311c : 00150513;
311d : 00054703;
311e : FE0712E3;
311f : 02F607B3;
3120 : 00D58733;
3121 : 00F70023;
3122 : 00054783;
3123 : 01E79463;
3124 : 00150513;
3125 : 00168693;
3126 : FA6692E3;
3127 : 00008067;
3128 : FBF70893;
3129 : 0FF8FF93;
312a : 01F86A63;
312b : 00479793;
312c : 011787B3;
312d : 00A78793;
312e : FB9FF06F;
312f : F9F70713;
3130 : 0FF77893;
3131 : FB186CE3;
3132 : 00479793;
3133 : 00E787B3;
3134 : FE5FF06F;
3135 : 00D585B3;
3136 : 00058023;
3137 : 00004783;
3138 : 00100073;
3139 : 00000793;
313a : 04050863;
313b : 00054703;
313c : 02D00793;
313d : 00000693;
313e : 00F71663;
313f : 00150513;
3140 : 00100693;
3141 : 00000793;
3142 : 00900613;
3143 : 00A00893;
3144 : 0100006F;
3145 : 031787B3;
3146 : 00150513;
3147 : 00F707B3;
3148 : 00054703;
3149 : FD070713;
314a : 0FF77813;
314b : FF0674E3;
314c : 00068463;
314d : 40F007B3;
314e : 00F5A023;
314f : 00008067;
3150 : FE010113;
3151 : 00C10593;
3152 : 00112E23;
3153 : F99FF0EF;
3154 : 01C12083;
3155 : 00C12503;
3156 : 02010113;
3157 : 00008067;
3158 : 00052503;
3159 : FF010113;
315a : 00112623;
315b : 00100793;
315c : 00050663;
315d : FCDFF0EF;
315e : 00050793;
315f : 00020737;
3160 : 98072703;
3161 : 00002637;
3162 : 71060613;
3163 : 00A00693;
3164 : 02D706B3;
3165 : FFF00513;
3166 : 02C70733;
3167 : 3E800613;
3168 : 02C75733;
3169 : 0300006F;
316a : FFF60613;
316b : FEC04EE3;
316c : FFF58593;
316d : 00059863;
316e : 00070613;
316f : 0140006F;
3170 : 06300593;
3171 : 00068613;
3172 : FE5FF06F;
3173 : FFF60613;
3174 : FE061EE3;
3175 : FFF78793;
3176 : FEA794E3;
3177 : 00C12083;
3178 : 00000513;
3179 : 01010113;
317a : 00008067;
317b : 03C52783;
317c : FF010113;
317d : 00812423;
317e : 00C7A783;
317f : 00112623;
3180 : 00058413;
3181 : 000780E7;
3182 : 00C42783;
3183 : 00A45503;
3184 : 00C12083;
3185 : 01079793;
3186 : 00A7E533;
3187 : FFF0C7B7;
3188 : DC078793;
3189 : 02F54533;
318a : 00812403;
318b : 01010113;
318c : 3E850513;
318d : 00008067;
318e : 02052783;
318f : 02C7A303;
3190 : 00030463;
3191 : 00030067;
3192 : 00000513;
3193 : 00008067;
3194 : 3E800793;
3195 : 00F52423;
3196 : 00000513;
3197 : 00008067;
3198 : 0001F737;
3199 : 63C72783;
319a : 00178793;
319b : 62F72E23;
319c : 0001F7B7;
319d : 62A78D23;
319e : 00008067;
319f : 17852783;
31a0 : 12C00713;
31a1 : 0107A783;
31a2 : 02E7AA23;
31a3 : 00001737;
31a4 : BB870713;
31a5 : 02E7AE23;
31a6 : 00100713;
31a7 : 02E78823;
31a8 : 02B78723;
31a9 : 00078423;
31aa : 00200713;
31ab : 00E58863;
31ac : 000784A3;
31ad : 040780A3;
31ae : 04079123;
31af : 00008067;
31b0 : 34052783;
31b1 : FFD7F793;
31b2 : 02079263;
31b3 : FF010113;
31b4 : 00000593;
31b5 : 00112623;
31b6 : FA5FF0EF;
31b7 : 00C12083;
31b8 : 00000513;
31b9 : 01010113;
31ba : 00008067;
31bb : 00000513;
31bc : 00008067;
31bd : 00000513;
31be : 00008067;
31bf : 00000513;
31c0 : 00000593;
31c1 : 00008067;
31c2 : 34052703;
31c3 : 00100793;
31c4 : 00F71C63;
31c5 : 17852783;
31c6 : 0107A783;
31c7 : 0087C503;
31c8 : 00A03533;
31c9 : 00008067;
31ca : 00000513;
31cb : 00008067;
31cc : 34052703;
31cd : 00100793;
31ce : 02F71663;
31cf : 17852783;
31d0 : 00000513;
31d1 : 0107A783;
31d2 : 0087C703;
31d3 : 00070E63;
31d4 : 0097C703;
31d5 : 00070A63;
31d6 : 0007A503;
31d7 : 00153513;
31d8 : 00008067;
31d9 : 00100513;
31da : 00008067;
31db : 000217B7;
31dc : 06C52683;
31dd : 86478793;
31de : 03078713;
31df : 0007A603;
31e0 : 00C69463;
31e1 : 0007A023;
31e2 : 00478793;
31e3 : FEE798E3;
31e4 : 00000513;
31e5 : 00008067;
31e6 : 001007B7;
31e7 : 41C7A503;
31e8 : 00A58533;
31e9 : 00008067;
31ea : 0001F7B7;
31eb : 5CB7A223;
31ec : 00000513;
31ed : 00008067;
31ee : 0001F7B7;
31ef : 5C47A783;
31f0 : 00062023;
31f1 : 0006A023;
31f2 : 00F5A023;
31f3 : 00000513;
31f4 : 00008067;
31f5 : 0005A023;
31f6 : 00062023;
31f7 : 0006A023;
31f8 : FFF00513;
31f9 : 00008067;
31fa : FC010113;
31fb : 00812C23;
31fc : 00060413;
31fd : 00058613;
31fe : 00050593;
31ff : 0001D537;
3200 : 84850513;
3201 : 00112E23;
3202 : 02D12623;
3203 : 02E12823;
3204 : 02F12A23;
3205 : 03012C23;
3206 : 03112E23;
3207 : CE1FB0EF;
3208 : 02C10593;
3209 : 00040513;
320a : 00B12623;
320b : C75FB0EF;
320c : 01C12083;
320d : 01812403;
320e : 04010113;
320f : 00008067;
3210 : FD010113;
3211 : 00912A23;
3212 : 00060493;
3213 : 00058613;
3214 : 00050593;
3215 : 0001D537;
3216 : 84850513;
3217 : 00112E23;
3218 : 00812C23;
3219 : 02E12023;
321a : 00068413;
321b : 02F12223;
321c : 03012423;
321d : 03112623;
321e : C85FB0EF;
321f : 0001D537;
3220 : 00048613;
3221 : 00100593;
3222 : 85450513;
3223 : C71FB0EF;
3224 : 02010593;
3225 : 00040513;
3226 : 00B12623;
3227 : C05FB0EF;
3228 : 01C12083;
3229 : 01812403;
322a : 01412483;
322b : 03010113;
322c : 00008067;
322d : FC010113;
322e : 00812C23;
322f : 00058413;
3230 : 08057593;
3231 : 02C12423;
3232 : 00B035B3;
3233 : 07F57613;
3234 : 0001D537;
3235 : 00158593;
3236 : 85450513;
3237 : 00112E23;
3238 : 02D12623;
3239 : 02E12823;
323a : 02F12A23;
323b : 03012C23;
323c : 03112E23;
323d : C09FB0EF;
323e : 02810593;
323f : 00040513;
3240 : 00B12623;
3241 : B9DFB0EF;
3242 : 01C12083;
3243 : 01812403;
3244 : 04010113;
3245 : 00008067;
3246 : 00052603;
3247 : FF010113;
3248 : 00112623;
3249 : 00812423;
324a : 06061A63;
324b : 000207B7;
324c : 9387A583;
324d : 0001D537;
324e : 86050513;
324f : BC1FB0EF;
3250 : 00C12083;
3251 : 00812403;
3252 : 00000513;
3253 : 01010113;
3254 : 00008067;
3255 : FD078793;
3256 : 0FF7F513;
3257 : 02A5E063;
3258 : 00E797B3;
3259 : 00F46433;
325a : FFC70713;
325b : 00160613;
325c : 00064783;
325d : 00078E63;
325e : FCD71EE3;
325f : 0001B5B7;
3260 : 0001D537;
3261 : 6F058593;
3262 : 87850513;
3263 : B71FB0EF;
3264 : 000207B7;
3265 : 9287AC23;
3266 : F95FF06F;
3267 : 01C00713;
3268 : 00000413;
3269 : FFC00693;
326a : 00300593;
326b : FC5FF06F;
326c : 000207B7;
326d : 98078423;
326e : 000207B7;
326f : 9807A223;
3270 : 000157B7;
3271 : 00020737;
3272 : 14C78793;
3273 : 0001D537;
3274 : FF010113;
3275 : 98F72623;
3276 : 89050513;
3277 : 000207B7;
3278 : 00300713;
3279 : 00112623;
327a : 98E784A3;
327b : B11FB0EF;
327c : 00C12083;
327d : 0001F7B7;
327e : 6A07A023;
327f : 00000513;
3280 : 01010113;
3281 : 00008067;
3282 : 02402583;
3283 : 0001D537;
3284 : FF010113;
3285 : 89C50513;
3286 : 00112623;
3287 : AE1FB0EF;
3288 : 00C12083;
3289 : 00000513;
328a : 01010113;
328b : 00008067;
328c : FE010113;
328d : 00912A23;
328e : 00052483;
328f : 00112E23;
3290 : 00812C23;
3291 : 01212823;
3292 : 01312623;
3293 : 0A048263;
3294 : 0001D5B7;
3295 : 00050413;
3296 : 8A058593;
3297 : 00048513;
3298 : 965FF0EF;
3299 : 04051863;
329a : 000217B7;
329b : E3078793;
329c : 3C078713;
329d : 0007A683;
329e : 00068A63;
329f : 0207A623;
32a0 : 0207A423;
32a1 : 0207A223;
32a2 : 0207A023;
32a3 : 03078793;
32a4 : FEE792E3;
32a5 : 01C12083;
32a6 : 01812403;
32a7 : 01412483;
32a8 : 01012903;
32a9 : 00C12983;
32aa : 00000513;
32ab : 02010113;
32ac : 00008067;
32ad : 0001D5B7;
32ae : 8A858593;
32af : 00048513;
32b0 : 905FF0EF;
32b1 : 02051663;
32b2 : 00442503;
32b3 : 00020437;
32b4 : 00050663;
32b5 : A6DFF0EF;
32b6 : 96A42E23;
32b7 : 97C42583;
32b8 : 0001D537;
32b9 : 8AC50513;
32ba : A15FB0EF;
32bb : FA9FF06F;
32bc : 0001D537;
32bd : 00021437;
32be : 8CC50513;
32bf : E3040413;
32c0 : 9FDFB0EF;
32c1 : 3C040493;
32c2 : 3E800913;
32c3 : 0001D9B7;
32c4 : 00042783;
32c5 : 02078263;
32c6 : 02842683;
32c7 : 02C42703;
32c8 : 02442603;
32c9 : 0326D6B3;
32ca : 02042583;
32cb : 00440793;
32cc : 8FC98513;
32cd : 9C9FB0EF;
32ce : 03040413;
32cf : FC941AE3;
32d0 : F55FF06F;
32d1 : 0001B5B7;
32d2 : 0001D537;
32d3 : FF010113;
32d4 : 001007B7;
32d5 : F0458593;
32d6 : 91C50513;
32d7 : 00112623;
32d8 : 00812423;
32d9 : 40C7A403;
32da : 995FB0EF;
32db : 0001D537;
32dc : 95050513;
32dd : 989FB0EF;
32de : 00F47413;
32df : 000016B7;
32e0 : 0001D5B7;
32e1 : 0001D537;
32e2 : 00140413;
32e3 : 80068693;
32e4 : 0C000613;
32e5 : 96C58593;
32e6 : 97450513;
32e7 : 961FB0EF;
32e8 : 00441413;
32e9 : F4040713;
32ea : 00F00793;
32eb : 00E7FC63;
32ec : 0001D537;
32ed : 01040613;
32ee : 00040593;
32ef : 9A050513;
32f0 : 93DFB0EF;
32f1 : 00C12083;
32f2 : 00812403;
32f3 : 00000513;
32f4 : 01010113;
32f5 : 00008067;
32f6 : FE010113;
32f7 : 0001D537;
32f8 : 00912A23;
32f9 : 9CC50513;
32fa : 000214B7;
32fb : 00812C23;
32fc : 01212823;
32fd : 01312623;
32fe : 00112E23;
32ff : 00000413;
3300 : 8FDFB0EF;
3301 : 00020937;
3302 : 25C48493;
3303 : 0001D9B7;
3304 : 96892783;
3305 : 02F44263;
3306 : 01C12083;
3307 : 01812403;
3308 : 01412483;
3309 : 01012903;
330a : 00C12983;
330b : 00000513;
330c : 02010113;
330d : 00008067;
330e : 00241793;
330f : 00F487B3;
3310 : 0007A783;
3311 : 27498513;
3312 : 00140413;
3313 : 0007A583;
3314 : 8ADFB0EF;
3315 : FBDFF06F;
3316 : 00062683;
3317 : FE010113;
3318 : 00812C23;
3319 : 00912A23;
331a : 01212823;
331b : 00112E23;
331c : 01312623;
331d : 00050413;
331e : 00058493;
331f : 00060913;
3320 : 02068863;
3321 : 00000513;
3322 : 00251793;
3323 : 00F407B3;
3324 : 0007A783;
3325 : 00068713;
3326 : 0007C583;
3327 : 00074603;
3328 : 04058A63;
3329 : 04C58263;
332a : 00150513;
332b : FCA49EE3;
332c : 0001D537;
332d : 9E450513;
332e : 00249493;
332f : 841FB0EF;
3330 : 009404B3;
3331 : 0001D9B7;
3332 : 00042603;
3333 : FFC92583;
3334 : 9EC98513;
3335 : 00440413;
3336 : 825FB0EF;
3337 : FE9416E3;
3338 : FFF00513;
3339 : 0140006F;
333a : 00178793;
333b : 00170713;
333c : FA9FF06F;
333d : FA061AE3;
333e : 01C12083;
333f : 01812403;
3340 : 01412483;
3341 : 01012903;
3342 : 00C12983;
3343 : 02010113;
3344 : 00008067;
3345 : FF010113;
3346 : 00112623;
3347 : 00812423;
3348 : 02B00613;
3349 : 0005DC63;
334a : 00A03733;
334b : 40B007B3;
334c : 40E785B3;
334d : 40A00533;
334e : 02D00613;
334f : 0001F7B7;
3350 : 41E5D693;
3351 : 00259593;
3352 : 2CC7AE83;
3353 : 0025D593;
3354 : 03E00F13;
3355 : 00000813;
3356 : 20000E37;
3357 : D3B208B7;
3358 : 00000713;
3359 : 00000793;
335a : 01057333;
335b : 01C5FFB3;
335c : 01F36333;
335d : 00030C63;
335e : 01170333;
335f : 00E33FB3;
3360 : 01D787B3;
3361 : 00030713;
3362 : 00FF87B3;
3363 : 01FE9313;
3364 : 0018D893;
3365 : 011368B3;
3366 : 00185813;
3367 : 01FE1313;
3368 : FFFF0F13;
3369 : 001EDE93;
336a : 01036833;
336b : 001E5E13;
336c : FA0F1CE3;
336d : 00021437;
336e : 2FC40413;
336f : 0001D5B7;
3370 : 00040513;
3371 : 9F458593;
3372 : EA0FB0EF;
3373 : 00C12083;
3374 : 00040513;
3375 : 00812403;
3376 : 01010113;
3377 : 00008067;
3378 : 800007B7;
3379 : FFF7C793;
337a : FF010113;
337b : 00A03733;
337c : 00F58633;
337d : 00112623;
337e : 00812423;
337f : 00C70733;
3380 : 08E7E263;
3381 : 00F71863;
3382 : FFF50693;
3383 : FFE00793;
3384 : 06D7EA63;
3385 : 00A037B3;
3386 : 40B00733;
3387 : 40F705B3;
3388 : 40A00533;
3389 : 02D00613;
338a : 02050693;
338b : 01069713;
338c : 01075713;
338d : 3E800813;
338e : 02E80833;
338f : 00A6B533;
3390 : 00B507B3;
3391 : 00021437;
3392 : 2FC40413;
3393 : 01079713;
3394 : 0106D693;
3395 : 0001D5B7;
3396 : 00040513;
3397 : 00D76733;
3398 : 01085813;
3399 : 4107D793;
339a : A0458593;
339b : DFCFB0EF;
339c : 00C12083;
339d : 00040513;
339e : 00812403;
339f : 01010113;
33a0 : 00008067;
33a1 : 02000613;
33a2 : FA1FF06F;
33a3 : 00452783;
33a4 : FF010113;
33a5 : 00112623;
33a6 : 00812423;
33a7 : 00052683;
33a8 : 00852803;
33a9 : 00C52703;
33aa : 0007C863;
33ab : 00F6E7B3;
33ac : 08079263;
33ad : 08075063;
33ae : 01003633;
33af : 40E007B3;
33b0 : 40C78733;
33b1 : 0001D637;
33b2 : 41000833;
33b3 : 40D006B3;
33b4 : A2C60613;
33b5 : 01081593;
33b6 : 3E800793;
33b7 : 0105D593;
33b8 : 02F585B3;
33b9 : 000087B7;
33ba : 00021437;
33bb : 2FC40413;
33bc : 01085813;
33bd : 01071713;
33be : 00040513;
33bf : 01076733;
33c0 : 00F587B3;
33c1 : 00B7B5B3;
33c2 : 01059593;
33c3 : 0107D793;
33c4 : 00F5E7B3;
33c5 : 0001D5B7;
33c6 : A1058593;
33c7 : D4CFB0EF;
33c8 : 00C12083;
33c9 : 00040513;
33ca : 00812403;
33cb : 01010113;
33cc : 00008067;
33cd : 0001E637;
33ce : E6860613;
33cf : F99FF06F;
33d0 : 00052683;
33d1 : 00452783;
33d2 : F7010113;
33d3 : 08812423;
33d4 : 08112623;
33d5 : 00F6E6B3;
33d6 : 00058413;
33d7 : 04068C63;
33d8 : 4187D793;
33d9 : 0C07F793;
33da : 08000713;
33db : 02E79E63;
33dc : 0001D5B7;
33dd : A2058593;
33de : 00010513;
33df : CECFB0EF;
33e0 : 00010613;
33e1 : 0001D5B7;
33e2 : A3058593;
33e3 : 00040513;
33e4 : CD8FB0EF;
33e5 : 08C12083;
33e6 : 00040513;
33e7 : 08812403;
33e8 : 09010113;
33e9 : 00008067;
33ea : EE5FF0EF;
33eb : 00050613;
33ec : FD5FF06F;
33ed : 00050713;
33ee : 00C72583;
33ef : 00852503;
33f0 : E21FF0EF;
33f1 : 0001D5B7;
33f2 : 00050613;
33f3 : A3858593;
33f4 : FBDFF06F;
33f5 : FF010113;
33f6 : 00812423;
33f7 : 00912223;
33f8 : 00100793;
33f9 : 00050493;
33fa : 00020437;
33fb : 01212023;
33fc : 00112623;
33fd : 90F41E23;
33fe : BE8F80EF;
33ff : 0004A903;
3400 : 08090463;
3401 : 0001D5B7;
3402 : A4058593;
3403 : 00090513;
3404 : BB4FF0EF;
3405 : 06050A63;
3406 : 0001D5B7;
3407 : A4458593;
3408 : 00090513;
3409 : BA0FF0EF;
340a : 08051A63;
340b : 0044A503;
340c : 08050663;
340d : D0CFF0EF;
340e : 000017B7;
340f : FFF50713;
3410 : FFE78793;
3411 : 00050593;
3412 : 02E7FA63;
3413 : 0044A603;
3414 : 0001D537;
3415 : A4850513;
3416 : CA4FB0EF;
3417 : FEA00793;
3418 : 00C12083;
3419 : 00812403;
341a : 00412483;
341b : 00012903;
341c : 00078513;
341d : 01010113;
341e : 00008067;
341f : 0001F7B7;
3420 : 54A79723;
3421 : BC8F80EF;
3422 : 0001F7B7;
3423 : 54E7D603;
3424 : 0001D537;
3425 : A6450513;
3426 : 00060593;
3427 : C60FB0EF;
3428 : 91C45783;
3429 : 00001737;
342a : 00E7E7B3;
342b : 90F41E23;
342c : B30F80EF;
342d : 00000793;
342e : FA9FF06F;
342f : 0001D5B7;
3430 : A6058593;
3431 : 00090513;
3432 : AFCFF0EF;
3433 : FEA00793;
3434 : F80518E3;
3435 : 0001F7B7;
3436 : 54079723;
3437 : FA9FF06F;
3438 : FD010113;
3439 : 02912223;
343a : 00050613;
343b : 00050493;
343c : 0001B537;
343d : 00500593;
343e : 70050513;
343f : 02112623;
3440 : 02812423;
3441 : B55FF0EF;
3442 : 00400793;
3443 : 08A7E863;
3444 : 0001B737;
3445 : 00251793;
3446 : 68C70713;
3447 : 00E787B3;
3448 : 0007A783;
3449 : 00050413;
344a : 00078067;
344b : 0001D537;
344c : A8050513;
344d : BC8FB0EF;
344e : 000207B7;
344f : 9E078793;
3450 : 1C07A423;
3451 : 1C07A223;
3452 : 02C12083;
3453 : 00040513;
3454 : 02812403;
3455 : 02412483;
3456 : 03010113;
3457 : 00008067;
3458 : 0044A503;
3459 : 00020437;
345a : 9E040413;
345b : 02050C63;
345c : BD0FF0EF;
345d : 00050593;
345e : 00A12623;
345f : 0001D537;
3460 : AA050513;
3461 : B78FB0EF;
3462 : 00C12583;
3463 : 00000513;
3464 : 9B5F60EF;
3465 : 00100793;
3466 : 1CF42223;
3467 : 00000413;
3468 : FA9FF06F;
3469 : 0001D537;
346a : ACC50513;
346b : B50FB0EF;
346c : FE5FF06F;
346d : 0001D537;
346e : AE850513;
346f : B40FB0EF;
3470 : 000207B7;
3471 : 9E078793;
3472 : 00100713;
3473 : 1CE7A423;
3474 : FCDFF06F;
3475 : 0044A503;
3476 : FFF00413;
3477 : F60506E3;
3478 : B60FF0EF;
3479 : 00050413;
347a : 00050593;
347b : 0001D537;
347c : B0450513;
347d : B08FB0EF;
347e : 00040513;
347f : F31F60EF;
3480 : F9DFF06F;
3481 : 01C10513;
3482 : DF4F60EF;
3483 : 000205B7;
3484 : 9E058593;
3485 : 4105A603;
3486 : 01C12803;
3487 : 4145A683;
3488 : 42C5A703;
3489 : 4285A783;
348a : 4185A883;
348b : 0001D537;
348c : 00000593;
348d : B1850513;
348e : AC4FB0EF;
348f : F61FF06F;
3490 : FE010113;
3491 : 00812C23;
3492 : 00050613;
3493 : 00050413;
3494 : 0001B537;
3495 : 00400593;
3496 : 71450513;
3497 : 00112E23;
3498 : 00912A23;
3499 : 9F5FF0EF;
349a : 00200793;
349b : 0EF50C63;
349c : 02A7C063;
349d : 00100793;
349e : 08A7FA63;
349f : 01C12083;
34a0 : 01812403;
34a1 : 01412483;
34a2 : 02010113;
34a3 : 00008067;
34a4 : 00300793;
34a5 : FEF514E3;
34a6 : 000207B7;
34a7 : 3D87A583;
34a8 : 0001D537;
34a9 : B9C50513;
34aa : A54FB0EF;
34ab : 000207B7;
34ac : 2B87A783;
34ad : 00100513;
34ae : 10078063;
34af : 0001D4B7;
34b0 : E69F50EF;
34b1 : 00050413;
34b2 : 06050863;
34b3 : 00842503;
34b4 : 00C42583;
34b5 : 02040FA3;
34b6 : 0790C0EF;
34b7 : 01442583;
34b8 : 00A12623;
34b9 : 01042503;
34ba : 0690C0EF;
34bb : 00C12603;
34bc : 02042583;
34bd : 00050693;
34be : 02C40713;
34bf : BB848513;
34c0 : 9FCFB0EF;
34c1 : 00000513;
34c2 : FB9FF06F;
34c3 : 0001D537;
34c4 : B5450513;
34c5 : 9E8FB0EF;
34c6 : 00442503;
34c7 : 02051263;
34c8 : 0001D537;
34c9 : B6850513;
34ca : 9D4FB0EF;
34cb : 00000593;
34cc : 00000513;
34cd : BB8FB0EF;
34ce : 00000513;
34cf : F41FF06F;
34d0 : A00FF0EF;
34d1 : 00050593;
34d2 : 00050413;
34d3 : 0001D537;
34d4 : B7C50513;
34d5 : 9A8FB0EF;
34d6 : 00100593;
34d7 : 00040513;
34d8 : FD5FF06F;
34d9 : 0001D537;
34da : B8C50513;
34db : 990FB0EF;
34dc : 00442503;
34dd : 02051063;
34de : 0001D537;
34df : B6850513;
34e0 : 97CFB0EF;
34e1 : 00000593;
34e2 : 00000513;
34e3 : EB8F60EF;
34e4 : FA9FF06F;
34e5 : 9ACFF0EF;
34e6 : 00050593;
34e7 : 00050413;
34e8 : 0001D537;
34e9 : B7C50513;
34ea : 954FB0EF;
34eb : 00100593;
34ec : 00040513;
34ed : FD9FF06F;
34ee : 0001D537;
34ef : BAC50513;
34f0 : 93CFB0EF;
34f1 : F75FF06F;
34f2 : 00052783;
34f3 : FE010113;
34f4 : 00112E23;
34f5 : 00812C23;
34f6 : 00912A23;
34f7 : 01212823;
34f8 : 04079C63;
34f9 : 00C10513;
34fa : 930F60EF;
34fb : 00050413;
34fc : 02051863;
34fd : 00C12583;
34fe : 0001D537;
34ff : BDC50513;
3500 : 8FCFB0EF;
3501 : 01C12083;
3502 : 00040513;
3503 : 01812403;
3504 : 01412483;
3505 : 01012903;
3506 : 02010113;
3507 : 00008067;
3508 : 0001D537;
3509 : C0450513;
350a : 8D4FB0EF;
350b : E1DFB0EF;
350c : 00050413;
350d : FD1FF06F;
350e : 00050613;
350f : 00050493;
3510 : 0001B537;
3511 : 00300593;
3512 : 72450513;
3513 : 80DFF0EF;
3514 : 00100793;
3515 : 00050413;
3516 : 00F50A63;
3517 : 00200793;
3518 : 00F50C63;
3519 : FA0510E3;
351a : FC5FF06F;
351b : B88FA0EF;
351c : 00000413;
351d : F91FF06F;
351e : 0044A783;
351f : 0084A503;
3520 : 0007C603;
3521 : 0017C703;
3522 : 0027C403;
3523 : 01861613;
3524 : 01071713;
3525 : 00E66633;
3526 : 0037C703;
3527 : 00841413;
3528 : 00E66633;
3529 : 00C46433;
352a : 898FF0EF;
352b : 0044A583;
352c : 00050913;
352d : 00050693;
352e : 0001D537;
352f : 00040613;
3530 : C2C50513;
3531 : 838FB0EF;
3532 : 00090593;
3533 : 00040513;
3534 : C2CFA0EF;
3535 : F9DFF06F;
3536 : F9010113;
3537 : 06912223;
3538 : 0001B4B7;
3539 : 05312E23;
353a : 00050993;
353b : 6F048513;
353c : 00098613;
353d : 00A00593;
353e : 04050513;
353f : 07212023;
3540 : 05412C23;
3541 : 06112623;
3542 : 06812423;
3543 : 05512A23;
3544 : F48FF0EF;
3545 : 00050A13;
3546 : 00100913;
3547 : 6F048493;
3548 : 00291413;
3549 : 008987B3;
354a : 0007A503;
354b : 02051C63;
354c : FFF90913;
354d : 500A4C63;
354e : 014487B3;
354f : 0687C783;
3550 : 51279663;
3551 : 00900793;
3552 : 1F47EE63;
3553 : 0001B6B7;
3554 : 002A1713;
3555 : 6A068693;
3556 : 00D70733;
3557 : 00072783;
3558 : 00078067;
3559 : FDDFE0EF;
355a : 03010793;
355b : 00878433;
355c : 00A42023;
355d : 00190913;
355e : FA9FF06F;
355f : 03412403;
3560 : 03C12603;
3561 : 00600513;
3562 : 00040593;
3563 : 02C12623;
3564 : A21F60EF;
3565 : 02C12603;
3566 : 03812583;
3567 : 00040513;
3568 : EA0F60EF;
3569 : 06C12083;
356a : 06812403;
356b : 06412483;
356c : 06012903;
356d : 05C12983;
356e : 05412A83;
356f : 000A0513;
3570 : 05812A03;
3571 : 07010113;
3572 : 00008067;
3573 : 03412703;
3574 : 00071E63;
3575 : D8CF80EF;
3576 : 00050593;
3577 : 0001F537;
3578 : EF050513;
3579 : F19FA0EF;
357a : 15C0006F;
357b : 000207B7;
357c : 9E078793;
357d : 0047A603;
357e : 00800693;
357f : 00000593;
3580 : FCD61EE3;
3581 : FFF70713;
3582 : 11800693;
3583 : 02D70733;
3584 : 00E787B3;
3585 : 2687A583;
3586 : 00B035B3;
3587 : FC1FF06F;
3588 : 00020437;
3589 : 9E040793;
358a : 0047A783;
358b : 00A00713;
358c : 9E040413;
358d : 10F76C63;
358e : 00279793;
358f : 00F484B3;
3590 : 0744A603;
3591 : 00020937;
3592 : 000209B7;
3593 : 00042583;
3594 : 8D194703;
3595 : 8D29C683;
3596 : 0001D537;
3597 : C6850513;
3598 : E9DFA0EF;
3599 : 00042783;
359a : 0AF05A63;
359b : 00C42883;
359c : 10C42803;
359d : 06442783;
359e : 1A442703;
359f : 0A842683;
35a0 : 0C442603;
35a1 : 01042583;
35a2 : 04042503;
35a3 : 00A12A23;
35a4 : 03842503;
35a5 : 00A12823;
35a6 : 03C42503;
35a7 : 00A12623;
35a8 : 01842503;
35a9 : 00A12423;
35aa : 01442503;
35ab : 00A12223;
35ac : 1AC42503;
35ad : 00A12023;
35ae : 0001D537;
35af : C9450513;
35b0 : E3DFA0EF;
35b1 : 1D442803;
35b2 : 1D842783;
35b3 : 0B442703;
35b4 : 0E842683;
35b5 : 0E042603;
35b6 : 0E442583;
35b7 : 0001D537;
35b8 : D0C50513;
35b9 : E19FA0EF;
35ba : 17042783;
35bb : 02078263;
35bc : 17042703;
35bd : 17042783;
35be : 0001D537;
35bf : 00472583;
35c0 : 0007A603;
35c1 : D6C50513;
35c2 : 00158593;
35c3 : DF1FA0EF;
35c4 : 0001E537;
35c5 : CEC50513;
35c6 : DE5FA0EF;
35c7 : 00100493;
35c8 : 11800A13;
35c9 : 0001DAB7;
35ca : 8D194783;
35cb : 02F4C663;
35cc : 00000493;
35cd : 0001D937;
35ce : 8D29C783;
35cf : 02440413;
35d0 : 04F4CA63;
35d1 : 00000A13;
35d2 : E5DFF06F;
35d3 : 0001D637;
35d4 : C5C60613;
35d5 : EF1FF06F;
35d6 : FFF48593;
35d7 : 03458533;
35d8 : 00148493;
35d9 : 00A40533;
35da : 1E852603;
35db : 1E452683;
35dc : 2D852703;
35dd : 2BC52783;
35de : 2D052803;
35df : 22052883;
35e0 : 22452503;
35e1 : 00A12023;
35e2 : D80A8513;
35e3 : D71FA0EF;
35e4 : F99FF06F;
35e5 : 3EC42603;
35e6 : 40442703;
35e7 : 3F442683;
35e8 : 00048593;
35e9 : 00C03633;
35ea : DC490513;
35eb : D51FA0EF;
35ec : 00148493;
35ed : F85FF06F;
35ee : 03412503;
35ef : FFF00793;
35f0 : 03812583;
35f1 : 02F51063;
35f2 : 00000513;
35f3 : 02B12623;
35f4 : B74F60EF;
35f5 : 02C12583;
35f6 : 00058513;
35f7 : BD4F60EF;
35f8 : F65FF06F;
35f9 : B60F60EF;
35fa : F5DFF06F;
35fb : 03412783;
35fc : 06078863;
35fd : 11800713;
35fe : FFF78793;
35ff : 02E787B3;
3600 : 00020737;
3601 : 9E070713;
3602 : 1F078793;
3603 : 00E787B3;
3604 : 0D47A703;
3605 : 0D07A683;
3606 : 000027B7;
3607 : F4078593;
3608 : 00169693;
3609 : 00171793;
360a : 02B68633;
360b : 0001D537;
360c : DF850513;
360d : 02B78733;
360e : 00E65613;
360f : 02B696B3;
3610 : 02B797B3;
3611 : 01269693;
3612 : 00E75593;
3613 : 00C6E633;
3614 : 01279793;
3615 : 00B7E5B3;
3616 : CA5FA0EF;
3617 : EE9FF06F;
3618 : 000207B7;
3619 : AB878793;
361a : FA9FF06F;
361b : 00020537;
361c : 9E050513;
361d : 00452683;
361e : 00800713;
361f : 03412783;
3620 : ECE692E3;
3621 : EC0780E3;
3622 : 11800713;
3623 : FFF78793;
3624 : 02E787B3;
3625 : 1F078793;
3626 : 00F50533;
3627 : 8E5F60EF;
3628 : EA5FF06F;
3629 : 03412403;
362a : E8040EE3;
362b : FFF40793;
362c : 11800713;
362d : 02E787B3;
362e : 00020437;
362f : 9E040413;
3630 : 00000593;
3631 : 00F40433;
3632 : 2CC42503;
3633 : F2CF60EF;
3634 : 2C042C23;
3635 : E71FF06F;
3636 : 03412A03;
3637 : 000207B7;
3638 : 03812703;
3639 : 9E078793;
363a : 000A5A63;
363b : 06E7A223;
363c : 001007B7;
363d : 24E7A023;
363e : E4DFF06F;
363f : 0F000637;
3640 : 018A1693;
3641 : 00C6F6B3;
3642 : 01071613;
3643 : 01065613;
3644 : 00C6E6B3;
3645 : 00100637;
3646 : 24D62223;
3647 : 000A1663;
3648 : 10E7A623;
3649 : C81FF06F;
364a : FFFA0513;
364b : 11800693;
364c : 02D50533;
364d : 00A787B3;
364e : 22E7A223;
364f : E09FF06F;
3650 : 03412703;
3651 : 000207B7;
3652 : 9E078793;
3653 : 00075663;
3654 : 0647A583;
3655 : C89FF06F;
3656 : 00071663;
3657 : 10C7A583;
3658 : C7DFF06F;
3659 : FFF70713;
365a : 11800693;
365b : 02D70733;
365c : 00E787B3;
365d : 2247A583;
365e : C65FF06F;
365f : 000017B7;
3660 : 03412703;
3661 : 03C12583;
3662 : 04012603;
3663 : 04412683;
3664 : 80078793;
3665 : 3047B7F3;
3666 : 300477F3;
3667 : FFF00793;
3668 : 00F70E63;
3669 : 02070863;
366a : 000017B7;
366b : 80078793;
366c : 3047A7F3;
366d : 300467F3;
366e : D8DFF06F;
366f : 000207B7;
3670 : 9E078793;
3671 : 02B7AE23;
3672 : 02C7AC23;
3673 : 04D7A023;
3674 : FD9FF06F;
3675 : 00020737;
3676 : 9E070793;
3677 : 1707A503;
3678 : 9E070713;
3679 : 04050C63;
367a : 1707A803;
367b : 03812503;
367c : 00082803;
367d : 05055463;
367e : 1707A703;
367f : 00451813;
3680 : 01070733;
3681 : 00C72623;
3682 : 1707A703;
3683 : 01070733;
3684 : 00B72423;
3685 : 1707A703;
3686 : 01070733;
3687 : 00D72823;
3688 : 1707A703;
3689 : 00472703;
368a : F8E510E3;
368b : 0EB7A223;
368c : 0EC7A023;
368d : 0ED7A423;
368e : F71FF06F;
368f : 0EB72223;
3690 : 0EC72023;
3691 : 0ED72423;
3692 : F61FF06F;
3693 : FEA00A13;
3694 : B55FF06F;
3695 : FF010113;
3696 : 00912223;
3697 : 00052483;
3698 : 00112623;
3699 : 00812423;
369a : 04049863;
369b : 0001F7B7;
369c : 6747A403;
369d : 00143713;
369e : 66E7AA23;
369f : 0001F737;
36a0 : 67C72783;
36a1 : FFF78793;
36a2 : 66F72E23;
36a3 : 00040A63;
36a4 : 0001D537;
36a5 : E0050513;
36a6 : A65FA0EF;
36a7 : 00000413;
36a8 : 00C12083;
36a9 : 00040513;
36aa : 00812403;
36ab : 00412483;
36ac : 01010113;
36ad : 00008067;
36ae : 0001D5B7;
36af : E1458593;
36b0 : 00048513;
36b1 : 901FE0EF;
36b2 : 00050413;
36b3 : 00051E63;
36b4 : D84F50EF;
36b5 : 00050593;
36b6 : 0001D537;
36b7 : E1850513;
36b8 : A1DFA0EF;
36b9 : FBDFF06F;
36ba : 0001E5B7;
36bb : 5B458593;
36bc : 00048513;
36bd : 8D1FE0EF;
36be : 00050413;
36bf : 02051263;
36c0 : 0001F7B7;
36c1 : 00100713;
36c2 : 66E7AA23;
36c3 : 0001F737;
36c4 : 67C72783;
36c5 : FFF78793;
36c6 : 66F72E23;
36c7 : F85FF06F;
36c8 : 0001D5B7;
36c9 : A6058593;
36ca : 00048513;
36cb : 899FE0EF;
36cc : 00050413;
36cd : 00051E63;
36ce : 0001D537;
36cf : 0001F7B7;
36d0 : E0050513;
36d1 : 6607AA23;
36d2 : 9B5FA0EF;
36d3 : F55FF06F;
36d4 : 0001E5B7;
36d5 : 2F058593;
36d6 : 00048513;
36d7 : 869FE0EF;
36d8 : 00050413;
36d9 : 00051863;
36da : 0001F7B7;
36db : FFF00713;
36dc : F99FF06F;
36dd : FEA00413;
36de : F29FF06F;
36df : FB010113;
36e0 : 001007B7;
36e1 : 03512A23;
36e2 : 4247AA83;
36e3 : 05212023;
36e4 : 00010937;
36e5 : FFF90913;
36e6 : 03412C23;
36e7 : 012AFAB3;
36e8 : 0001FA37;
36e9 : 6D5A2C23;
36ea : 03312E23;
36eb : 4247A983;
36ec : 0001F737;
36ed : 04812423;
36ee : 0109D993;
36ef : 6D372A23;
36f0 : 00052403;
36f1 : 03612823;
36f2 : 03712623;
36f3 : 4207AB03;
36f4 : 4207AB83;
36f5 : 04112623;
36f6 : 04912223;
36f7 : 04041E63;
36f8 : 0001D537;
36f9 : E2050513;
36fa : 915FA0EF;
36fb : 0001D537;
36fc : 00098713;
36fd : 000A8693;
36fe : 012BF633;
36ff : 010B5593;
3700 : E3850513;
3701 : 8F9FA0EF;
3702 : 04C12083;
3703 : 00040513;
3704 : 04812403;
3705 : 04412483;
3706 : 04012903;
3707 : 03C12983;
3708 : 03812A03;
3709 : 03412A83;
370a : 03012B03;
370b : 02C12B83;
370c : 05010113;
370d : 00008067;
370e : 0001D5B7;
370f : 00050493;
3710 : E6458593;
3711 : 00040513;
3712 : F7CFE0EF;
3713 : 00050913;
3714 : 06051A63;
3715 : 00000493;
3716 : 00000413;
3717 : 0001DA37;
3718 : 02C0006F;
3719 : 01C10613;
371a : 00100593;
371b : 00048513;
371c : 8D9FB0EF;
371d : 01C12603;
371e : 00048593;
371f : 00050413;
3720 : E68A0513;
3721 : 879FA0EF;
3722 : 00148493;
3723 : FD349CE3;
3724 : 0001D4B7;
3725 : F7590AE3;
3726 : 01C10613;
3727 : 00000593;
3728 : 00090513;
3729 : 8A5FB0EF;
372a : 01C12603;
372b : 00090593;
372c : 00050413;
372d : E8048513;
372e : 845FA0EF;
372f : 00190913;
3730 : FD5FF06F;
3731 : 0001D5B7;
3732 : E9858593;
3733 : 00040513;
3734 : EF4FE0EF;
3735 : 04051063;
3736 : 0044A503;
3737 : 02050C63;
3738 : 861FE0EF;
3739 : 00050493;
373a : 01C10613;
373b : 00100593;
373c : 859FB0EF;
373d : 00050413;
373e : F00518E3;
373f : 01C12603;
3740 : 0001D537;
3741 : 00048593;
3742 : E9C50513;
3743 : FF0FA0EF;
3744 : EF9FF06F;
3745 : 0001D5B7;
3746 : EB058593;
3747 : 00040513;
3748 : EA4FE0EF;
3749 : 02051063;
374a : 0044A503;
374b : 00050C63;
374c : 811FE0EF;
374d : 00050493;
374e : 01C10613;
374f : 00000593;
3750 : FB1FF06F;
3751 : 0001D5B7;
3752 : 00040513;
3753 : EB458593;
3754 : E74FE0EF;
3755 : 00050413;
3756 : 00050663;
3757 : FEA00413;
3758 : EA9FF06F;
3759 : 0044A503;
375a : FE050AE3;
375b : 0084A783;
375c : FE0786E3;
375d : FCCFE0EF;
375e : 00A12623;
375f : 0084A503;
3760 : FC0FE0EF;
3761 : 6D8A2783;
3762 : 00C12603;
3763 : 00A12E23;
3764 : 00050593;
3765 : FCF674E3;
3766 : 01061713;
3767 : 001007B7;
3768 : 01075713;
3769 : 800006B7;
376a : 42A7A623;
376b : 00D76733;
376c : 0001D537;
376d : 42E7A423;
376e : EB850513;
376f : F51FF06F;
3770 : 000207B7;
3771 : 9897C703;
3772 : 000207B7;
3773 : 96C7A603;
3774 : 0001F7B7;
3775 : 6A07A583;
3776 : 00100693;
3777 : C18F906F;
3778 : 000207B7;
3779 : 9647A783;
377a : 00020737;
377b : 96072703;
377c : 000206B7;
377d : 9786A583;
377e : 00001637;
377f : 000206B7;
3780 : F0060613;
3781 : 9746A683;
3782 : 00879793;
3783 : 00C7F7B3;
3784 : 00C71713;
3785 : 0000F637;
3786 : 00C77733;
3787 : 00E7E7B3;
3788 : 01869713;
3789 : 00E7E7B3;
378a : 01059593;
378b : 00FF0737;
378c : 00E5F5B3;
378d : 00B7E7B3;
378e : 0001F737;
378f : 5EF72623;
3790 : 0001F737;
3791 : 5F072583;
3792 : 01000513;
3793 : 00B7E5B3;
3794 : C94F706F;
3795 : FB010113;
3796 : 03412C23;
3797 : 00020A37;
3798 : 971A4783;
3799 : 03312E23;
379a : 04112623;
379b : 04812423;
379c : 04912223;
379d : 05212023;
379e : 03512A23;
379f : 03612823;
37a0 : 03712623;
37a1 : 03812423;
37a2 : 03912223;
37a3 : 03A12023;
37a4 : 01B12E23;
37a5 : 00050993;
37a6 : 00078663;
37a7 : 00800513;
37a8 : F21FF0EF;
37a9 : 00600513;
37aa : C80F90EF;
37ab : 0009A783;
37ac : 00000913;
37ad : 10078A63;
37ae : 0001BAB7;
37af : 6F0A8A93;
37b0 : 00018B37;
37b1 : 100A8C93;
37b2 : 2F4B0B13;
37b3 : 00020BB7;
37b4 : 00020C37;
37b5 : 00291D93;
37b6 : 01B98DB3;
37b7 : 000DA483;
37b8 : 14048063;
37b9 : 0A0A8413;
37ba : 00042583;
37bb : 00048513;
37bc : CD4FE0EF;
37bd : 00050D13;
37be : 12051863;
37bf : 00842483;
37c0 : FFF00793;
37c1 : 00F49C63;
37c2 : 004DA503;
37c3 : 00190913;
37c4 : 00050663;
37c5 : E2CFE0EF;
37c6 : 00050493;
37c7 : 00442783;
37c8 : 05679063;
37c9 : 00200793;
37ca : 02F49C63;
37cb : 971A4783;
37cc : 00078663;
37cd : 00900513;
37ce : E89FF0EF;
37cf : 00700513;
37d0 : BE8F90EF;
37d1 : 978BA783;
37d2 : 00100D13;
37d3 : 00178793;
37d4 : 96FBAC23;
37d5 : E8DFF0EF;
37d6 : 00800513;
37d7 : BCCF90EF;
37d8 : 00442783;
37d9 : 00048513;
37da : 000780E7;
37db : 000D0E63;
37dc : 974C2783;
37dd : 00A12623;
37de : 00178793;
37df : 96FC2A23;
37e0 : E61FF0EF;
37e1 : 00C12503;
37e2 : 0C055063;
37e3 : 04C12083;
37e4 : 04812403;
37e5 : 04412483;
37e6 : 04012903;
37e7 : 03C12983;
37e8 : 03812A03;
37e9 : 03412A83;
37ea : 03012B03;
37eb : 02C12B83;
37ec : 02812C03;
37ed : 02412C83;
37ee : 02012D03;
37ef : 01C12D83;
37f0 : 05010113;
37f1 : 00008067;
37f2 : 0001F737;
37f3 : 6B474683;
37f4 : 00020737;
37f5 : FA072703;
37f6 : 00020637;
37f7 : 97064603;
37f8 : 0001B7B7;
37f9 : 6F078793;
37fa : 00271713;
37fb : 00269693;
37fc : 00D786B3;
37fd : 00E787B3;
37fe : 0001F737;
37ff : 00261613;
3800 : 40070713;
3801 : 00C70733;
3802 : 1006A683;
3803 : 1147A603;
3804 : 00072583;
3805 : 0001D537;
3806 : EE050513;
3807 : CE0FA0EF;
3808 : 00000513;
3809 : F69FF06F;
380a : 00C40413;
380b : EB941EE3;
380c : 0001D537;
380d : 00048593;
380e : EEC50513;
380f : CC0FA0EF;
3810 : FEA00513;
3811 : F49FF06F;
3812 : 00190913;
3813 : E89FF06F;
3814 : 00C52783;
3815 : FF010113;
3816 : 00812423;
3817 : 00112623;
3818 : 00050413;
3819 : 02078463;
381a : 0000F637;
381b : A6060613;
381c : 00700593;
381d : 5980B0EF;
381e : 00700593;
381f : 00040513;
3820 : 30D0A0EF;
3821 : 00A42423;
3822 : 0280006F;
3823 : 00700593;
3824 : 3740B0EF;
3825 : FE0502E3;
3826 : FFF00613;
3827 : 00700593;
3828 : 00040513;
3829 : 5680B0EF;
382a : 00100793;
382b : 00F42223;
382c : 00C12083;
382d : 00812403;
382e : 00000513;
382f : 01010113;
3830 : 00008067;
3831 : 0001B7B7;
3832 : 00259713;
3833 : 6F078793;
3834 : FF010113;
3835 : 00E787B3;
3836 : 01212023;
3837 : 1207A903;
3838 : 00912223;
3839 : 17C52483;
383a : 0001D6B7;
383b : 00812423;
383c : 00090713;
383d : 00058413;
383e : F0868693;
383f : 00100613;
3840 : 00400593;
3841 : 00112623;
3842 : 3990A0EF;
3843 : 068480A3;
3844 : 00C12083;
3845 : 00812403;
3846 : 0724A223;
3847 : 00412483;
3848 : 00012903;
3849 : 01010113;
384a : 00008067;
384b : 17852783;
384c : FD010113;
384d : 02912223;
384e : 0107A483;
384f : 03212023;
3850 : 01312E23;
3851 : 0044A703;
3852 : 02112623;
3853 : 02812423;
3854 : 01412C23;
3855 : 00800793;
3856 : 00058913;
3857 : 00060993;
3858 : 00E7EC63;
3859 : 00052703;
385a : 00100793;
385b : 00F70663;
385c : 34052703;
385d : 00F70463;
385e : 0004A223;
385f : 0004A783;
3860 : 0044A703;
3861 : 0001B437;
3862 : 6F040413;
3863 : 40E78A33;
3864 : 01403A33;
3865 : 04E78063;
3866 : 00271713;
3867 : 00279793;
3868 : 00E406B3;
3869 : 00F40733;
386a : 13872703;
386b : 1386A783;
386c : 0001D6B7;
386d : F1868693;
386e : 00200613;
386f : 00200593;
3870 : 00A12623;
3871 : 2DD0A0EF;
3872 : 0044A783;
3873 : 00C12503;
3874 : 00F4A023;
3875 : 0004A783;
3876 : 02C12083;
3877 : 02412483;
3878 : 00279793;
3879 : 00F40433;
387a : 15C42303;
387b : 02812403;
387c : 000A0693;
387d : 00098613;
387e : 01812A03;
387f : 01C12983;
3880 : 00090593;
3881 : 02012903;
3882 : 03010113;
3883 : 00030067;
3884 : 17852783;
3885 : 0107A703;
3886 : 03874783;
3887 : 02078C63;
3888 : FF010113;
3889 : 00112623;
388a : FFF78793;
388b : 0001D6B7;
388c : 02F70C23;
388d : F3868693;
388e : 00100613;
388f : 00200593;
3890 : 2610A0EF;
3891 : 00C12083;
3892 : 00100513;
3893 : 01010113;
3894 : 00008067;
3895 : 00000513;
3896 : 00008067;
3897 : FF010113;
3898 : 0001F737;
3899 : 0001D6B7;
389a : 00812423;
389b : 3EC70713;
389c : 00050413;
389d : F4C68693;
389e : 00000513;
389f : 00200613;
38a0 : 00200593;
38a1 : 00112623;
38a2 : 2190A0EF;
38a3 : 17842783;
38a4 : 00300713;
38a5 : 00000513;
38a6 : 0107A783;
38a7 : 02E786A3;
38a8 : 00C12083;
38a9 : 00812403;
38aa : 01010113;
38ab : 00008067;
38ac : FF010113;
38ad : 0001C737;
38ae : 0001D6B7;
38af : 00812423;
38b0 : 00058793;
38b1 : 00058413;
38b2 : 87070713;
38b3 : F5868693;
38b4 : 00100613;
38b5 : 00600593;
38b6 : 00112623;
38b7 : 1C50A0EF;
38b8 : 04040063;
38b9 : 41F45693;
38ba : 0076F793;
38bb : 00878433;
38bc : 00F437B3;
38bd : 00100737;
38be : 00D787B3;
38bf : 30072A23;
38c0 : 01D79793;
38c1 : 00345413;
38c2 : 30072C23;
38c3 : 0087E433;
38c4 : 30872823;
38c5 : 30072783;
38c6 : 0047E793;
38c7 : 30F72023;
38c8 : 00C12083;
38c9 : 00812403;
38ca : 00000513;
38cb : 01010113;
38cc : 00008067;
38cd : FF010113;
38ce : 00812423;
38cf : 00912223;
38d0 : 00112623;
38d1 : 00050413;
38d2 : 00058493;
38d3 : 02060263;
38d4 : 0001C737;
38d5 : 0001D6B7;
38d6 : 00060793;
38d7 : 88870713;
38d8 : F6468693;
38d9 : 00100613;
38da : 00600593;
38db : 1350A0EF;
38dc : 00040513;
38dd : 00812403;
38de : 00C12083;
38df : 00048593;
38e0 : 00412483;
38e1 : 01010113;
38e2 : F29FF06F;
38e3 : 08058663;
38e4 : 0045A703;
38e5 : 0005A783;
38e6 : 0085A603;
38e7 : 00C5A803;
38e8 : FF010113;
38e9 : 00112623;
38ea : 001006B7;
38eb : 30F6AA23;
38ec : 0FF77713;
38ed : 30E6AC23;
38ee : 00D81593;
38ef : 01365713;
38f0 : 00E5E733;
38f1 : 00371713;
38f2 : 00375713;
38f3 : 30E6A823;
38f4 : 3006A703;
38f5 : 01065613;
38f6 : 01081813;
38f7 : FF377713;
38f8 : 00876713;
38f9 : 30E6A023;
38fa : 0001C737;
38fb : 0001D6B7;
38fc : 00C86833;
38fd : 89C70713;
38fe : F9068693;
38ff : 00100613;
3900 : 00600593;
3901 : 09D0A0EF;
3902 : 00C12083;
3903 : 00000513;
3904 : 01010113;
3905 : 00008067;
3906 : 00000513;
3907 : 00008067;
3908 : FE010113;
3909 : 00812C23;
390a : 00912A23;
390b : 00058413;
390c : 00050493;
390d : 00410593;
390e : 00810513;
390f : 00112E23;
3910 : DB9F60EF;
3911 : 00C12703;
3912 : 00412803;
3913 : 00812783;
3914 : 00E42223;
3915 : 01085713;
3916 : 00E42623;
3917 : 01081713;
3918 : 00E42423;
3919 : 00020737;
391a : 93872703;
391b : 00F42023;
391c : 00177713;
391d : 02071263;
391e : 0001C737;
391f : 0001D6B7;
3920 : 8AC70713;
3921 : F9068693;
3922 : 00200613;
3923 : 00600593;
3924 : 00048513;
3925 : 00D0A0EF;
3926 : 01C12083;
3927 : 01812403;
3928 : 01412483;
3929 : 00000513;
392a : 02010113;
392b : 00008067;
392c : 0001B737;
392d : 6F070693;
392e : 1CC68693;
392f : 00000793;
3930 : 00100813;
3931 : 6F070713;
3932 : 08000313;
3933 : 00600E13;
3934 : 00C878B3;
3935 : 02088A63;
3936 : 0006D883;
3937 : 011508B3;
3938 : 00788883;
3939 : 0C08F893;
393a : 02689063;
393b : 0005A683;
393c : 00168613;
393d : 00C5A023;
393e : 00500613;
393f : 02D64A63;
3940 : 00100513;
3941 : 00008067;
3942 : FFF84893;
3943 : 00178793;
3944 : 01167633;
3945 : 00181813;
3946 : 01C78663;
3947 : 00268693;
3948 : FA0618E3;
3949 : 0005A023;
394a : 00000513;
394b : 00008067;
394c : 0001D6B7;
394d : FF010113;
394e : 00178793;
394f : 1D870713;
3950 : FA068693;
3951 : 00100613;
3952 : 00400593;
3953 : 00112623;
3954 : 7500A0EF;
3955 : 00C12083;
3956 : 00100513;
3957 : 01010113;
3958 : 00008067;
3959 : 05052783;
395a : 0005A603;
395b : 00050713;
395c : 0045D503;
395d : 0095C683;
395e : 00C78023;
395f : 00855813;
3960 : 00851613;
3961 : 01066633;
3962 : 00000893;
3963 : 00000813;
3964 : 00C79123;
3965 : 0107A423;
3966 : 0117A623;
3967 : 00079323;
3968 : 0085C603;
3969 : 02C78023;
396a : 00100613;
396b : 02C68063;
396c : 00200613;
396d : 02C68263;
396e : 02069663;
396f : 17872703;
3970 : 00B70703;
3971 : 02E780A3;
3972 : 00008067;
3973 : 17872703;
3974 : 00D70703;
3975 : FF1FF06F;
3976 : 17872703;
3977 : 00A70703;
3978 : FE5FF06F;
3979 : 02D780A3;
397a : 00008067;
397b : FF010113;
397c : 0025D783;
397d : 01212023;
397e : 0025D903;
397f : 0087D793;
3980 : 0001C737;
3981 : 00891913;
3982 : 0001D6B7;
3983 : 00F96933;
3984 : 00812423;
3985 : 00912223;
3986 : F4C68693;
3987 : 00058413;
3988 : 00060493;
3989 : 8E870713;
398a : 00200613;
398b : 00200593;
398c : 00112623;
398d : 01091913;
398e : 6680A0EF;
398f : 01095913;
3990 : 04D00793;
3991 : 00000693;
3992 : 1127F063;
3993 : 04045783;
3994 : 04045703;
3995 : 00879793;
3996 : 00875713;
3997 : 00E7E7B3;
3998 : 01079793;
3999 : 0107D793;
399a : 00300713;
399b : 0CE79E63;
399c : 04645783;
399d : 04645703;
399e : 04445603;
399f : 00879793;
39a0 : 00875713;
39a1 : 00E7E7B3;
39a2 : 04445703;
39a3 : 00865613;
39a4 : 01079793;
39a5 : 00871713;
39a6 : 00C76733;
39a7 : 01071713;
39a8 : 0107D793;
39a9 : 01075713;
39aa : 0087D613;
39ab : 00871713;
39ac : 00E66733;
39ad : 00080637;
39ae : 03060613;
39af : 08C71663;
39b0 : 04845703;
39b1 : 04845603;
39b2 : 00879793;
39b3 : 00871713;
39b4 : 00865613;
39b5 : 00C76733;
39b6 : 01071713;
39b7 : 01075713;
39b8 : 00875613;
39b9 : 00C7E7B3;
39ba : 01079793;
39bb : 0000E637;
39bc : 0107D793;
39bd : EAD60613;
39be : 04C79863;
39bf : 0FF77713;
39c0 : 00100793;
39c1 : 04F71263;
39c2 : 04A45783;
39c3 : 04A45703;
39c4 : 00879793;
39c5 : 00875713;
39c6 : 00E7E7B3;
39c7 : 01079793;
39c8 : 0107D793;
39c9 : 00002737;
39ca : 02E79063;
39cb : 04C45683;
39cc : 04C45783;
39cd : 00869693;
39ce : 0087D793;
39cf : 00F6E6B3;
39d0 : 01069693;
39d1 : 0106D693;
39d2 : 00C12083;
39d3 : 00812403;
39d4 : 00100793;
39d5 : 02F49323;
39d6 : 02D49423;
39d7 : 00012903;
39d8 : 00412483;
39d9 : 01010113;
39da : 00008067;
39db : 0001C737;
39dc : 0001D6B7;
39dd : FF010113;
39de : 8FC70713;
39df : F4C68693;
39e0 : 00200613;
39e1 : 00200593;
39e2 : 00812423;
39e3 : 00112623;
39e4 : 00050413;
39e5 : 50C0A0EF;
39e6 : 17842783;
39e7 : 04000513;
39e8 : 0107A683;
39e9 : 00200793;
39ea : 02D6C703;
39eb : 06F70A63;
39ec : 05042783;
39ed : 00005737;
39ee : E0070713;
39ef : 00E79123;
39f0 : 30000713;
39f1 : 04E79023;
39f2 : 00001737;
39f3 : A0070713;
39f4 : 04E79123;
39f5 : 00800713;
39f6 : 04E79223;
39f7 : FFFFE737;
39f8 : E3070713;
39f9 : 04E79323;
39fa : 1AD00713;
39fb : 04E79423;
39fc : 02000713;
39fd : 04E79523;
39fe : 0306C603;
39ff : 02D6C703;
3a00 : 00060463;
3a01 : 00476713;
3a02 : 0086C683;
3a03 : 00068463;
3a04 : 00876713;
3a05 : 00871713;
3a06 : 04E79623;
3a07 : 04E00513;
3a08 : 00C12083;
3a09 : 00812403;
3a0a : 01010113;
3a0b : 00008067;
3a0c : 0045A783;
3a0d : FF010113;
3a0e : 00912223;
3a0f : 00879713;
3a10 : 01079793;
3a11 : 0107D793;
3a12 : 00050493;
3a13 : 0087D793;
3a14 : 0005A503;
3a15 : 00F767B3;
3a16 : 02F49123;
3a17 : 00112623;
3a18 : 00812423;
3a19 : 00058413;
3a1a : 2B40B0EF;
3a1b : 00C42783;
3a1c : 02A4A223;
3a1d : 00A45503;
3a1e : 01079793;
3a1f : 00A7E533;
3a20 : 29C0B0EF;
3a21 : 00C12083;
3a22 : 00812403;
3a23 : 02A4A423;
3a24 : 00412483;
3a25 : 01010113;
3a26 : 00008067;
3a27 : 0001C737;
3a28 : 0001D6B7;
3a29 : FF010113;
3a2a : 91070713;
3a2b : F4C68693;
3a2c : 00200613;
3a2d : 00200593;
3a2e : 00812423;
3a2f : 00112623;
3a30 : 00050413;
3a31 : 3DC0A0EF;
3a32 : 34042703;
3a33 : 00100793;
3a34 : 00F71C63;
3a35 : 33C42703;
3a36 : 00300793;
3a37 : 00F71663;
3a38 : 00040513;
3a39 : 7090A0EF;
3a3a : 00C12083;
3a3b : 00812403;
3a3c : 00000513;
3a3d : 01010113;
3a3e : 00008067;
3a3f : FF010113;
3a40 : 00300593;
3a41 : 00112623;
3a42 : 1C40A0EF;
3a43 : 00452503;
3a44 : 00C12083;
3a45 : 00351513;
3a46 : 01010113;
3a47 : 00008067;
3a48 : 0001F737;
3a49 : 0001D6B7;
3a4a : FF010113;
3a4b : 3E470713;
3a4c : F4C68693;
3a4d : 00200613;
3a4e : 00200593;
3a4f : 00112623;
3a50 : 00812423;
3a51 : 00050413;
3a52 : 3580A0EF;
3a53 : 00B00593;
3a54 : 00040513;
3a55 : 1780A0EF;
3a56 : 00052023;
3a57 : FFF00793;
3a58 : 24F42223;
3a59 : 00000593;
3a5a : 00040513;
3a5b : D11FD0EF;
3a5c : 00100793;
3a5d : 32F42E23;
3a5e : 0001F7B7;
3a5f : 6B47C703;
3a60 : 00400793;
3a61 : 00F71663;
3a62 : 00800793;
3a63 : 00F42223;
3a64 : 00C12083;
3a65 : 00812403;
3a66 : 00000513;
3a67 : 01010113;
3a68 : 00008067;
3a69 : 001007B7;
3a6a : 40078793;
3a6b : 01C7A783;
3a6c : 001006B7;
3a6d : 00178793;
3a6e : 41C6A703;
3a6f : FEF76EE3;
3a70 : 00A04A63;
3a71 : 00100737;
3a72 : 41C72503;
3a73 : 40F50533;
3a74 : 00008067;
3a75 : FFF50513;
3a76 : FE9FF06F;
3a77 : 00100737;
3a78 : 41C72683;
3a79 : 00052703;
3a7a : 00050793;
3a7b : 00071863;
3a7c : 00D52023;
3a7d : 00000513;
3a7e : 00008067;
3a7f : 00B705B3;
3a80 : 40B686B3;
3a81 : 00100513;
3a82 : FE06C8E3;
3a83 : 00B7A023;
3a84 : FE5FF06F;
3a85 : 00015737;
3a86 : 18070713;
3a87 : 02E576B3;
3a88 : 000017B7;
3a89 : E1078793;
3a8a : FE010113;
3a8b : 03C00813;
3a8c : 00060F13;
3a8d : 00112E23;
3a8e : 00812C23;
3a8f : 7B200613;
3a90 : 02E555B3;
3a91 : 02F6F733;
3a92 : 02F6D7B3;
3a93 : 0306F8B3;
3a94 : 03075833;
3a95 : 00058713;
3a96 : 00367313;
3a97 : 00133693;
3a98 : 16D68693;
3a99 : 08D77E63;
3a9a : 00133313;
3a9b : 00C00693;
3a9c : 0001BE37;
3a9d : 6F0E0E13;
3a9e : 00000E93;
3a9f : 02D30333;
3aa0 : 006E0333;
3aa1 : 01D306B3;
3aa2 : 2306C503;
3aa3 : 001E8693;
3aa4 : 06A77E63;
3aa5 : 00021537;
3aa6 : 00200313;
3aa7 : 00170713;
3aa8 : 31C50413;
3aa9 : 066F0A63;
3aaa : 00458593;
3aab : 00700313;
3aac : 0265F5B3;
3aad : 248E0693;
3aae : 278E0E13;
3aaf : 002E9E93;
3ab0 : 01112023;
3ab1 : 00080893;
3ab2 : 00078813;
3ab3 : 00060793;
3ab4 : 01D686B3;
3ab5 : 31C50513;
3ab6 : 00259593;
3ab7 : 00BE0633;
3ab8 : 0001D5B7;
3ab9 : FB858593;
3aba : 981F90EF;
3abb : 01C12083;
3abc : 00040513;
3abd : 01812403;
3abe : 02010113;
3abf : 00008067;
3ac0 : 40D70733;
3ac1 : 00160613;
3ac2 : F51FF06F;
3ac3 : 40A70733;
3ac4 : 00068E93;
3ac5 : F71FF06F;
3ac6 : 0001D5B7;
3ac7 : FD858593;
3ac8 : 31C50513;
3ac9 : 945F90EF;
3aca : FC5FF06F;
3acb : FD010113;
3acc : 02912223;
3acd : 00410593;
3ace : 00050493;
3acf : 00810513;
3ad0 : 02112623;
3ad1 : 02812423;
3ad2 : 03212023;
3ad3 : 01312E23;
3ad4 : EA8F60EF;
3ad5 : 0004A783;
3ad6 : 02079663;
3ad7 : 00C12583;
3ad8 : 00812503;
3ad9 : 00000613;
3ada : EADFF0EF;
3adb : 00412603;
3adc : 00050593;
3add : 0001D537;
3ade : FF850513;
3adf : 981F90EF;
3ae0 : 0340006F;
3ae1 : 0001C537;
3ae2 : 00048613;
3ae3 : 00400593;
3ae4 : 98450513;
3ae5 : 8C4FE0EF;
3ae6 : 00200793;
3ae7 : 00050413;
3ae8 : 0EF50E63;
3ae9 : 00A7CC63;
3aea : 02050863;
3aeb : 00100793;
3aec : 0AF50063;
3aed : 00000413;
3aee : 0780006F;
3aef : 00300793;
3af0 : FEF51AE3;
3af1 : 0001D537;
3af2 : 00412603;
3af3 : 00812583;
3af4 : DF850513;
3af5 : FA9FF06F;
3af6 : 0084A783;
3af7 : 10078263;
3af8 : 0001F7B7;
3af9 : 6B47C703;
3afa : 00300793;
3afb : 0EF70A63;
3afc : 0044A503;
3afd : 94DFD0EF;
3afe : 00050913;
3aff : 41F55993;
3b00 : 0084A503;
3b01 : 0FF9F993;
3b02 : 939FD0EF;
3b03 : 001007B7;
3b04 : 3127AA23;
3b05 : 3137AC23;
3b06 : 00355513;
3b07 : 30A7A823;
3b08 : 3007A703;
3b09 : FF377713;
3b0a : 00876713;
3b0b : 30E7A023;
3b0c : 02C12083;
3b0d : 00040513;
3b0e : 02812403;
3b0f : 02412483;
3b10 : 02012903;
3b11 : 01C12983;
3b12 : 03010113;
3b13 : 00008067;
3b14 : 0044A503;
3b15 : FFF00413;
3b16 : FC050CE3;
3b17 : 0001F7B7;
3b18 : 6B47C703;
3b19 : 00300793;
3b1a : FCF704E3;
3b1b : 8D5FD0EF;
3b1c : 001007B7;
3b1d : 41F55713;
3b1e : 30A7AA23;
3b1f : 0FF77713;
3b20 : 30E7AC23;
3b21 : 3007A823;
3b22 : 31C7A703;
3b23 : FE777713;
3b24 : 01076713;
3b25 : 30E7AE23;
3b26 : F1DFF06F;
3b27 : 0044A503;
3b28 : FFF00413;
3b29 : F80506E3;
3b2a : 0001F7B7;
3b2b : 6B47C703;
3b2c : 00300793;
3b2d : F6F70EE3;
3b2e : 889FD0EF;
3b2f : 001007B7;
3b30 : 3007AA23;
3b31 : 3007AC23;
3b32 : 00355513;
3b33 : 30A7A823;
3b34 : 31C7A703;
3b35 : FC777713;
3b36 : 02076713;
3b37 : FB9FF06F;
3b38 : FFF00413;
3b39 : F4DFF06F;
3b3a : FF010113;
3b3b : 00812423;
3b3c : 00112623;
3b3d : 0035C783;
3b3e : 0025C703;
3b3f : 0015C683;
3b40 : 0005C603;
3b41 : 0001D5B7;
3b42 : 01058593;
3b43 : 00050413;
3b44 : F58F90EF;
3b45 : 00C12083;
3b46 : 00040513;
3b47 : 00812403;
3b48 : 01010113;
3b49 : 00008067;
3b4a : FD010113;
3b4b : 02812423;
3b4c : 00052403;
3b4d : 02112623;
3b4e : 02912223;
3b4f : 03212023;
3b50 : 00040E63;
3b51 : 0001D5B7;
3b52 : 00050913;
3b53 : A4058593;
3b54 : 00040513;
3b55 : E70FD0EF;
3b56 : 06051663;
3b57 : 00810513;
3b58 : CECFB0EF;
3b59 : 00810593;
3b5a : 00C10513;
3b5b : F7DFF0EF;
3b5c : 0001D537;
3b5d : 01C50513;
3b5e : F84F90EF;
3b5f : 0001F7B7;
3b60 : 5547A783;
3b61 : 00100713;
3b62 : 0AE78663;
3b63 : 00200713;
3b64 : 0AE78E63;
3b65 : 00000493;
3b66 : 00079863;
3b67 : 0001D537;
3b68 : 02C50513;
3b69 : F58F90EF;
3b6a : 02C12083;
3b6b : 02812403;
3b6c : 02012903;
3b6d : 00048513;
3b6e : 02412483;
3b6f : 03010113;
3b70 : 00008067;
3b71 : 0001D5B7;
3b72 : 00040513;
3b73 : A4458593;
3b74 : DF4FD0EF;
3b75 : 00050413;
3b76 : FEA00493;
3b77 : FC0516E3;
3b78 : 00492503;
3b79 : FC0502E3;
3b7a : 0001F7B7;
3b7b : 00200713;
3b7c : 54E7AA23;
3b7d : 02E00913;
3b7e : 00400493;
3b7f : 00C10593;
3b80 : EE4FD0EF;
3b81 : 00C12703;
3b82 : 00810793;
3b83 : 008787B3;
3b84 : 00E78023;
3b85 : 00054783;
3b86 : 01279463;
3b87 : 00150513;
3b88 : 00140413;
3b89 : FC941CE3;
3b8a : 00810513;
3b8b : BB4FB0EF;
3b8c : F35FF06F;
3b8d : 0001D537;
3b8e : 00C10593;
3b8f : 03C50513;
3b90 : EBCF90EF;
3b91 : 00000493;
3b92 : F61FF06F;
3b93 : 0001D537;
3b94 : 00C10593;
3b95 : 04850513;
3b96 : FE9FF06F;
3b97 : 000206B7;
3b98 : 9686A783;
3b99 : 02700713;
3b9a : 00F75A63;
3b9b : 00052583;
3b9c : 0001D537;
3b9d : 05850513;
3b9e : E84F906F;
3b9f : 00021737;
3ba0 : 00279613;
3ba1 : 25C70713;
3ba2 : 00C70733;
3ba3 : 00178793;
3ba4 : 00A72023;
3ba5 : 96F6A423;
3ba6 : 00008067;
3ba7 : 0001F737;
3ba8 : 5C072683;
3ba9 : 0001B7B7;
3baa : BC478793;
3bab : 0FF00713;
3bac : 00F6E863;
3bad : 02878613;
3bae : 00C6F463;
3baf : 40F68733;
3bb0 : 000207B7;
3bb1 : 00251693;
3bb2 : 43478793;
3bb3 : 00D787B3;
3bb4 : 00E7A023;
3bb5 : 0001F737;
3bb6 : 00100793;
3bb7 : 00A79533;
3bb8 : 71072783;
3bb9 : 00F56533;
3bba : 70A72823;
3bbb : F70F606F;
3bbc : FB010113;
3bbd : 04812423;
3bbe : 04912223;
3bbf : 05212023;
3bc0 : 03712623;
3bc1 : 04112623;
3bc2 : 03312E23;
3bc3 : 03412C23;
3bc4 : 03512A23;
3bc5 : 03612823;
3bc6 : 03812423;
3bc7 : 03912223;
3bc8 : 03A12023;
3bc9 : 01B12E23;
3bca : 00050913;
3bcb : 00058493;
3bcc : 00060B93;
3bcd : 00068413;
3bce : 00B6E663;
3bcf : 00D59863;
3bd0 : 00A67663;
3bd1 : 000B8513;
3bd2 : 00040593;
3bd3 : 00B56733;
3bd4 : 00000793;
3bd5 : 00070863;
3bd6 : 3610A0EF;
3bd7 : 04000B13;
3bd8 : 40AB07B3;
3bd9 : 04000B13;
3bda : 40FB0B33;
3bdb : 02000793;
3bdc : 0167D463;
3bdd : 02000B13;
3bde : 41F4DC13;
3bdf : 02000D93;
3be0 : 0284B733;
3be1 : 00100513;
3be2 : 416D8DB3;
3be3 : 01B517B3;
3be4 : 000B0613;
3be5 : FFF78993;
3be6 : 00F12623;
3be7 : 41F9DA13;
3be8 : 028C05B3;
3be9 : 02848533;
3bea : 00E585B3;
3beb : 29D0A0EF;
3bec : 03748733;
3bed : 00C12783;
3bee : 00050A93;
3bef : 00058C93;
3bf0 : 037C0C33;
3bf1 : 028906B3;
3bf2 : 0374B4B3;
3bf3 : 00D70D33;
3bf4 : 02893433;
3bf5 : 009C04B3;
3bf6 : 00ED3C33;
3bf7 : 03790833;
3bf8 : 03793933;
3bf9 : 00185B93;
3bfa : 01F91613;
3bfb : 01766BB3;
3bfc : 00848633;
3bfd : 00CC0C33;
3bfe : 00195913;
3bff : 009C6C63;
3c00 : 01849463;
3c01 : 00ED6863;
3c02 : 008C6663;
3c03 : 01841863;
3c04 : 00DD7663;
3c05 : 00050A93;
3c06 : 00158C93;
3c07 : 40F00533;
3c08 : 41F55593;
3c09 : 000D8613;
3c0a : 01A57533;
3c0b : 0185F5B3;
3c0c : 1E10A0EF;
3c0d : 015506B3;
3c0e : 01A9F7B3;
3c0f : 018A7A33;
3c10 : 00A6B533;
3c11 : 01958733;
3c12 : 0017D613;
3c13 : 01FA1A13;
3c14 : 01F79793;
3c15 : 00E50733;
3c16 : 01466A33;
3c17 : 01778533;
3c18 : 00F537B3;
3c19 : 012A05B3;
3c1a : 00B785B3;
3c1b : 00068413;
3c1c : 00070493;
3c1d : 0125E663;
3c1e : 00B91A63;
3c1f : 01757863;
3c20 : 00168413;
3c21 : 00D436B3;
3c22 : 00E684B3;
3c23 : 03F00613;
3c24 : 41660633;
3c25 : 17D0A0EF;
3c26 : 00050793;
3c27 : 00850533;
3c28 : 00F537B3;
3c29 : 009585B3;
3c2a : FFEB0613;
3c2b : 00B785B3;
3c2c : 1610A0EF;
3c2d : 04C12083;
3c2e : 04812403;
3c2f : 04412483;
3c30 : 04012903;
3c31 : 03C12983;
3c32 : 03812A03;
3c33 : 03412A83;
3c34 : 03012B03;
3c35 : 02C12B83;
3c36 : 02812C03;
3c37 : 02412C83;
3c38 : 02012D03;
3c39 : 01C12D83;
3c3a : 05010113;
3c3b : 00008067;
3c3c : FF010113;
3c3d : 00812423;
3c3e : 02255783;
3c3f : 02255403;
3c40 : 01212023;
3c41 : 00050913;
3c42 : 02452503;
3c43 : 0087D793;
3c44 : 00841413;
3c45 : 00112623;
3c46 : 00912223;
3c47 : 00F46433;
3c48 : 00058493;
3c49 : 1F90A0EF;
3c4a : 00A4A023;
3c4b : 01041413;
3c4c : 02892503;
3c4d : 01045413;
3c4e : 0084A223;
3c4f : 1E10A0EF;
3c50 : 00C12083;
3c51 : 00812403;
3c52 : 01055793;
3c53 : 01051513;
3c54 : 00F4A623;
3c55 : 00A4A423;
3c56 : 00012903;
3c57 : 00412483;
3c58 : 01010113;
3c59 : 00008067;
3c5a : 03452783;
3c5b : 0047A703;
3c5c : 03872703;
3c5d : 00E05A63;
3c5e : 0007A503;
3c5f : FFF00613;
3c60 : 00800593;
3c61 : 4880A06F;
3c62 : 00008067;
3c63 : 00100613;
3c64 : 3180A06F;
3c65 : 00050793;
3c66 : 0005C703;
3c67 : 00158593;
3c68 : 00178793;
3c69 : FEE78FA3;
3c6a : 00060693;
3c6b : FFF60613;
3c6c : 00071663;
3c6d : 00068613;
3c6e : 0080006F;
3c6f : FC061EE3;
3c70 : 00C78633;
3c71 : 00F61463;
3c72 : 00008067;
3c73 : 00178793;
3c74 : FE078FA3;
3c75 : FF1FF06F;
3c76 : FF010113;
3c77 : 00021737;
3c78 : E3070693;
3c79 : 00112623;
3c7a : 00812423;
3c7b : 00000793;
3c7c : E3070713;
3c7d : 01400813;
3c7e : 0006A883;
3c7f : 04089663;
3c80 : 03000693;
3c81 : 02D787B3;
3c82 : 00100693;
3c83 : 00F70433;
3c84 : 00478793;
3c85 : 00B42C23;
3c86 : 00C42E23;
3c87 : 00050593;
3c88 : 00D42023;
3c89 : 00042A23;
3c8a : 01000613;
3c8b : 00F70533;
3c8c : F65FF0EF;
3c8d : 00C12083;
3c8e : 00040513;
3c8f : 00812403;
3c90 : 01010113;
3c91 : 00008067;
3c92 : 00178793;
3c93 : 03068693;
3c94 : FB0794E3;
3c95 : 00000413;
3c96 : FDDFF06F;
3c97 : 00050793;
3c98 : 0007C703;
3c99 : 00071663;
3c9a : 40A78533;
3c9b : 00008067;
3c9c : 00178793;
3c9d : FEDFF06F;
3c9e : 00060693;
3c9f : 00058613;
3ca0 : 0001D5B7;
3ca1 : FF010113;
3ca2 : 09858593;
3ca3 : 00112623;
3ca4 : 00812423;
3ca5 : 00050413;
3ca6 : 9D0F90EF;
3ca7 : 00040513;
3ca8 : FBDFF0EF;
3ca9 : 00A40533;
3caa : FFC50713;
3cab : 00050793;
3cac : 0007C683;
3cad : FFF78793;
3cae : 00D78123;
3caf : FEF71AE3;
3cb0 : 02E00793;
3cb1 : FEF50EA3;
3cb2 : 00C12083;
3cb3 : 00040513;
3cb4 : 00812403;
3cb5 : 01010113;
3cb6 : 00008067;
3cb7 : FE010113;
3cb8 : 00912A23;
3cb9 : 00050493;
3cba : 00052503;
3cbb : 01212823;
3cbc : 01312623;
3cbd : 00112E23;
3cbe : 00812C23;
3cbf : 00058993;
3cc0 : F5DFF0EF;
3cc1 : 00050913;
3cc2 : 00000793;
3cc3 : 00279713;
3cc4 : 00E48733;
3cc5 : 00072403;
3cc6 : 02041C63;
3cc7 : 0001C437;
3cc8 : 99440413;
3cc9 : 00040513;
3cca : F35FF0EF;
3ccb : 41250533;
3ccc : 00A40533;
3ccd : 01C12083;
3cce : 01812403;
3ccf : 01412483;
3cd0 : 01012903;
3cd1 : 00C12983;
3cd2 : 02010113;
3cd3 : 00008067;
3cd4 : 01379663;
3cd5 : 00040513;
3cd6 : FDDFF06F;
3cd7 : 00178793;
3cd8 : FADFF06F;
3cd9 : 04B50263;
3cda : 04060063;
3cdb : 02B57263;
3cdc : 00000793;
3cdd : 00F58733;
3cde : 00074683;
3cdf : 00F50733;
3ce0 : 00178793;
3ce1 : 00D70023;
3ce2 : FEC796E3;
3ce3 : 00008067;
3ce4 : 00C586B3;
3ce5 : FCD57EE3;
3ce6 : FFF64593;
3ce7 : 00000793;
3ce8 : FFF78793;
3ce9 : 00F59463;
3cea : 00008067;
3ceb : 00F68733;
3cec : 00074803;
3ced : 00F60733;
3cee : 00E50733;
3cef : 01070023;
3cf0 : FE1FF06F;
3cf1 : FF010113;
3cf2 : 00812423;
3cf3 : 0001F437;
3cf4 : 6A042603;
3cf5 : 000207B7;
3cf6 : 31878793;
3cf7 : 00150593;
3cf8 : 40A60633;
3cf9 : 00B785B3;
3cfa : 00A78533;
3cfb : 00112623;
3cfc : F75FF0EF;
3cfd : 6A042783;
3cfe : 00C12083;
3cff : FFF78793;
3d00 : 6AF42023;
3d01 : 00812403;
3d02 : 01010113;
3d03 : 00008067;
3d04 : 00C50633;
3d05 : 00050793;
3d06 : 00178793;
3d07 : FEB78FA3;
3d08 : FEC79CE3;
3d09 : 00008067;
3d0a : FA010113;
3d0b : 02400613;
3d0c : 00000593;
3d0d : 01C10513;
3d0e : 04112E23;
3d0f : 04812C23;
3d10 : 04912A23;
3d11 : 05212823;
3d12 : 05312623;
3d13 : 05412423;
3d14 : 05512223;
3d15 : FBDFF0EF;
3d16 : 000206B7;
3d17 : 01C10713;
3d18 : 00000793;
3d19 : 00000613;
3d1a : 31868693;
3d1b : 02000513;
3d1c : 00800893;
3d1d : 00D785B3;
3d1e : 0005C803;
3d1f : 06A80063;
3d20 : 06080A63;
3d21 : 00F685B3;
3d22 : 00160613;
3d23 : 00B72023;
3d24 : 00F685B3;
3d25 : 0005C583;
3d26 : 16A58263;
3d27 : 04059863;
3d28 : 01C12783;
3d29 : 0007C703;
3d2a : 02300793;
3d2b : 04F71863;
3d2c : 00000413;
3d2d : 05C12083;
3d2e : 00040513;
3d2f : 05812403;
3d30 : 05412483;
3d31 : 05012903;
3d32 : 04C12983;
3d33 : 04812A03;
3d34 : 04412A83;
3d35 : 06010113;
3d36 : 00008067;
3d37 : 00058023;
3d38 : 00178793;
3d39 : 00158593;
3d3a : F91FF06F;
3d3b : 00178793;
3d3c : FA1FF06F;
3d3d : FA060EE3;
3d3e : FA9FF06F;
3d3f : 000207B7;
3d40 : 9717C703;
3d41 : 00078993;
3d42 : 02070463;
3d43 : 000207B7;
3d44 : 9897C703;
3d45 : 000207B7;
3d46 : 96C7A603;
3d47 : 0001F7B7;
3d48 : 6A07A583;
3d49 : 00100693;
3d4a : 00600513;
3d4b : CC9F70EF;
3d4c : 000207B7;
3d4d : 9687AA83;
3d4e : 01C12583;
3d4f : 00021437;
3d50 : 25C40413;
3d51 : 00000493;
3d52 : 0154CC63;
3d53 : 0001D537;
3d54 : 0C050513;
3d55 : FA9F80EF;
3d56 : FEA00413;
3d57 : F59FF06F;
3d58 : 00042A03;
3d59 : 00B12623;
3d5a : 00440413;
3d5b : 000A2903;
3d5c : 00090513;
3d5d : E51FC0EF;
3d5e : 00C12583;
3d5f : 06051C63;
3d60 : 0001D5B7;
3d61 : 0A058593;
3d62 : 00090513;
3d63 : E39FC0EF;
3d64 : 02051C63;
3d65 : 9719C783;
3d66 : 02078463;
3d67 : 000207B7;
3d68 : 9897C703;
3d69 : 000207B7;
3d6a : 96C7A603;
3d6b : 0001F7B7;
3d6c : 6A07A583;
3d6d : 00100693;
3d6e : 00700513;
3d6f : C39F70EF;
3d70 : 00500513;
3d71 : D65F70EF;
3d72 : 004A2783;
3d73 : 02010513;
3d74 : 000780E7;
3d75 : 00050413;
3d76 : EC055EE3;
3d77 : 000A2583;
3d78 : 00050613;
3d79 : 0001D537;
3d7a : 0A850513;
3d7b : F11F80EF;
3d7c : EC5FF06F;
3d7d : 00148493;
3d7e : F51FF06F;
3d7f : 00470713;
3d80 : E7161AE3;
3d81 : E9DFF06F;
3d82 : FE010113;
3d83 : 00500513;
3d84 : 00112E23;
3d85 : 00812C23;
3d86 : 00912A23;
3d87 : 01212823;
3d88 : 01312623;
3d89 : 01412423;
3d8a : 875FF0EF;
3d8b : 00020737;
3d8c : 96472783;
3d8d : 00020437;
3d8e : 00000913;
3d8f : 00178793;
3d90 : 96F72223;
3d91 : 96042023;
3d92 : 0001F9B7;
3d93 : F94FE0EF;
3d94 : 000204B7;
3d95 : 0001DA37;
3d96 : D75F30EF;
3d97 : 6AA9A023;
3d98 : 02050A63;
3d99 : 00190913;
3d9a : 97242023;
3d9b : F74FE0EF;
3d9c : 31848593;
3d9d : 0DCA0513;
3d9e : E85F80EF;
3d9f : 31848513;
3da0 : BDDFF0EF;
3da1 : 6AA9A023;
3da2 : DA1FF0EF;
3da3 : 30048C23;
3da4 : FC9FF06F;
3da5 : 01C12083;
3da6 : 01812403;
3da7 : 01412483;
3da8 : 01012903;
3da9 : 00C12983;
3daa : 00812A03;
3dab : 02010113;
3dac : 00008067;
3dad : FD010113;
3dae : 02912223;
3daf : 00050613;
3db0 : 00050493;
3db1 : 0001C537;
3db2 : 00400593;
3db3 : 9A050513;
3db4 : 02112623;
3db5 : 02812423;
3db6 : 03212023;
3db7 : 01312E23;
3db8 : 01412C23;
3db9 : D74FD0EF;
3dba : 00200793;
3dbb : 0AF50263;
3dbc : 00050413;
3dbd : 02A7CC63;
3dbe : 04050263;
3dbf : 00100793;
3dc0 : 04F50E63;
3dc1 : FFF00413;
3dc2 : 02C12083;
3dc3 : 00040513;
3dc4 : 02812403;
3dc5 : 02412483;
3dc6 : 02012903;
3dc7 : 01C12983;
3dc8 : 01812A03;
3dc9 : 03010113;
3dca : 00008067;
3dcb : 00300793;
3dcc : FCF51AE3;
3dcd : ED5FF0EF;
3dce : 00C0006F;
3dcf : 854F80EF;
3dd0 : 00054663;
3dd1 : 00000413;
3dd2 : FC1FF06F;
3dd3 : 0001D537;
3dd4 : 0EC50513;
3dd5 : DA9F80EF;
3dd6 : FB1FF06F;
3dd7 : 0044A783;
3dd8 : FFF00413;
3dd9 : FA0782E3;
3dda : 00048513;
3ddb : EB1F70EF;
3ddc : 00055A63;
3ddd : 0001D537;
3dde : 10C50513;
3ddf : D81F80EF;
3de0 : FC5FF06F;
3de1 : 0001C537;
3de2 : 1A850513;
3de3 : FF1FF06F;
3de4 : 0001D537;
3de5 : 12850513;
3de6 : D65F80EF;
3de7 : 00000493;
3de8 : 0001FA37;
3de9 : 000209B7;
3dea : 0001E937;
3deb : C21F30EF;
3dec : 6AAA2023;
3ded : 00050413;
3dee : 00050C63;
3def : 31898593;
3df0 : 34490513;
3df1 : D39F80EF;
3df2 : 00148493;
3df3 : FE1FF06F;
3df4 : 00049863;
3df5 : 0001D537;
3df6 : 14050513;
3df7 : D21F80EF;
3df8 : 692D7537;
3df9 : 27750513;
3dfa : A51F30EF;
3dfb : F4054CE3;
3dfc : 0001D537;
3dfd : 14C50513;
3dfe : D05F80EF;
3dff : 00000493;
3e00 : 0FF00913;
3e01 : 0001D9B7;
3e02 : 00100613;
3e03 : 00F10593;
3e04 : 00248513;
3e05 : 8C5F30EF;
3e06 : 00100793;
3e07 : 02F51C63;
3e08 : 00F14583;
3e09 : 03258063;
3e0a : 16898513;
3e0b : CD1F80EF;
3e0c : 00F14783;
3e0d : 00148493;
3e0e : 01049493;
3e0f : 0104D493;
3e10 : FD2794E3;
3e11 : 00049863;
3e12 : 0001D537;
3e13 : 14050513;
3e14 : CADF80EF;
3e15 : 000207B7;
3e16 : 2C07A023;
3e17 : EADFF06F;
3e18 : FF010113;
3e19 : 00912223;
3e1a : 17C52483;
3e1b : 00812423;
3e1c : 07F00613;
3e1d : 00050413;
3e1e : 00000593;
3e1f : 06148513;
3e20 : 00112623;
3e21 : B8DFF0EF;
3e22 : 03C42703;
3e23 : 00000793;
3e24 : 00F4AC23;
3e25 : 02072783;
3e26 : 00000813;
3e27 : 0104AE23;
3e28 : 08078063;
3e29 : 00040513;
3e2a : 000780E7;
3e2b : FFF00793;
3e2c : 02F51063;
3e2d : 0001D6B7;
3e2e : 00040513;
3e2f : 16C68693;
3e30 : 00100613;
3e31 : 00400593;
3e32 : 3D8090EF;
3e33 : 00000513;
3e34 : 40A007B3;
3e35 : 00A79793;
3e36 : 00F4A023;
3e37 : 41F7D793;
3e38 : 00F4A223;
3e39 : 0604C783;
3e3a : 00040513;
3e3b : 0004A703;
3e3c : 0017E793;
3e3d : 06F48023;
3e3e : 00812403;
3e3f : 0044A783;
3e40 : 00C12083;
3e41 : 00412483;
3e42 : 0001D6B7;
3e43 : 18868693;
3e44 : 00100613;
3e45 : 00400593;
3e46 : 01010113;
3e47 : 3840906F;
3e48 : 03442783;
3e49 : 0047A783;
3e4a : 01C7A783;
3e4b : 0017F793;
3e4c : 00079C63;
3e4d : 01472783;
3e4e : 00000613;
3e4f : 00000593;
3e50 : 00040513;
3e51 : 000780E7;
3e52 : 00000793;
3e53 : 00000813;
3e54 : 00F4A023;
3e55 : 0104A223;
3e56 : F8DFF06F;
3e57 : 03452783;
3e58 : FD010113;
3e59 : 02812423;
3e5a : 02912223;
3e5b : 03212023;
3e5c : 01312E23;
3e5d : 0107A903;
3e5e : 0087A983;
3e5f : 0147A403;
3e60 : 00050493;
3e61 : 00C7A783;
3e62 : 17C52503;
3e63 : 02112623;
3e64 : 00000693;
3e65 : 00000713;
3e66 : 00D7A823;
3e67 : 00E7AA23;
3e68 : 00D7A423;
3e69 : 00E7A623;
3e6a : 00079023;
3e6b : 01000613;
3e6c : 00000593;
3e6d : 04050513;
3e6e : A59FF0EF;
3e6f : 17C4A503;
3e70 : 01000613;
3e71 : 00000593;
3e72 : 05050513;
3e73 : A45FF0EF;
3e74 : 02000613;
3e75 : 00000593;
3e76 : 00090513;
3e77 : A35FF0EF;
3e78 : 0009A783;
3e79 : 00F92023;
3e7a : 0049A783;
3e7b : 00091423;
3e7c : 00F92223;
3e7d : 0009A783;
3e7e : 00F92823;
3e7f : 0049A783;
3e80 : 00F92A23;
3e81 : 00A9D783;
3e82 : 00F91C23;
3e83 : 00C9D783;
3e84 : 00F91D23;
3e85 : 00E9C783;
3e86 : 00F90E23;
3e87 : 00F9C783;
3e88 : 00F90EA3;
3e89 : 00744783;
3e8a : 0C078C63;
3e8b : 03C4A783;
3e8c : 00410693;
3e8d : 00810613;
3e8e : 0047A783;
3e8f : 00C10593;
3e90 : 00048513;
3e91 : 000780E7;
3e92 : 00050913;
3e93 : 02050463;
3e94 : 0001D6B7;
3e95 : 02500793;
3e96 : 02500713;
3e97 : 1A868693;
3e98 : 00100613;
3e99 : 00300593;
3e9a : 00048513;
3e9b : 00F12623;
3e9c : 230090EF;
3e9d : 00C12703;
3e9e : 00041783;
3e9f : 02E78C63;
3ea0 : 0001D6B7;
3ea1 : 00300593;
3ea2 : 00048513;
3ea3 : 1E468693;
3ea4 : 00100613;
3ea5 : 20C090EF;
3ea6 : 00C12783;
3ea7 : 00000593;
3ea8 : 00048513;
3ea9 : 00F41023;
3eaa : 03C4A783;
3eab : 0107A783;
3eac : 000780E7;
3ead : 00090863;
3eae : 00041123;
3eaf : 00040223;
3eb0 : 0240006F;
3eb1 : 00100793;
3eb2 : 00F40123;
3eb3 : 00812783;
3eb4 : 00F037B3;
3eb5 : 00F401A3;
3eb6 : 00412783;
3eb7 : 00F037B3;
3eb8 : 00F40223;
3eb9 : 02C12083;
3eba : 02812403;
3ebb : 02412483;
3ebc : 02012903;
3ebd : 01C12983;
3ebe : 03010113;
3ebf : 00008067;
3ec0 : 02500793;
3ec1 : 00F41023;
3ec2 : FB1FF06F;
3ec3 : 34052703;
3ec4 : 00100793;
3ec5 : 04F71263;
3ec6 : FF010113;
3ec7 : 00812423;
3ec8 : 00112623;
3ec9 : 00050413;
3eca : 02050423;
3ecb : 01852503;
3ecc : 00000593;
3ecd : 03800613;
3ece : 01050513;
3ecf : 8D5FF0EF;
3ed0 : 00040513;
3ed1 : 00812403;
3ed2 : 00C12083;
3ed3 : 00000593;
3ed4 : 01010113;
3ed5 : D70FE06F;
3ed6 : 00008067;
3ed7 : 17852783;
3ed8 : FF010113;
3ed9 : 0001F737;
3eda : 00912223;
3edb : 0107A483;
3edc : 64072783;
3edd : 00812423;
3ede : 00112623;
3edf : 00178793;
3ee0 : 64F72023;
3ee1 : 0004C703;
3ee2 : 0001F7B7;
3ee3 : 01212023;
3ee4 : 64E78223;
3ee5 : 02E4C783;
3ee6 : 0001F737;
3ee7 : 00050413;
3ee8 : 64F702A3;
3ee9 : 0001F737;
3eea : 62B70C23;
3eeb : 00100737;
3eec : 41C72683;
3eed : 0001F737;
3eee : 62D72A23;
3eef : 00300713;
3ef0 : 08E59A63;
3ef1 : 00052703;
3ef2 : 00100693;
3ef3 : FF870713;
3ef4 : 08E6E263;
3ef5 : 00200713;
3ef6 : 06E79E63;
3ef7 : 0424C783;
3ef8 : 06078E63;
3ef9 : 0414C903;
3efa : 0FD97913;
3efb : 06D91863;
3efc : 0001D6B7;
3efd : 1F868693;
3efe : 00100613;
3eff : 00200593;
3f00 : 0A0090EF;
3f01 : 00042703;
3f02 : 00800793;
3f03 : 04F71063;
3f04 : 0124A223;
3f05 : 00040513;
3f06 : 00200593;
3f07 : A61FC0EF;
3f08 : 00040513;
3f09 : EE9FF0EF;
3f0a : 00800793;
3f0b : 00F42223;
3f0c : 00040513;
3f0d : 00812403;
3f0e : 00C12083;
3f0f : 00412483;
3f10 : 00012903;
3f11 : 01010113;
3f12 : 3390906F;
3f13 : 0004A223;
3f14 : FC5FF06F;
3f15 : 00100713;
3f16 : 08E78063;
3f17 : 0001C737;
3f18 : 7C470713;
3f19 : 0001D6B7;
3f1a : 23468693;
3f1b : 00100613;
3f1c : 00200593;
3f1d : 00040513;
3f1e : 028090EF;
3f1f : 001007B7;
3f20 : 41C7A703;
3f21 : 000207B7;
3f22 : 9207A783;
3f23 : 00079C63;
3f24 : 34042683;
3f25 : 33C42603;
3f26 : 00042583;
3f27 : 00200513;
3f28 : E5CF50EF;
3f29 : 00040513;
3f2a : 0004A223;
3f2b : 00000593;
3f2c : 9CDFC0EF;
3f2d : 00040513;
3f2e : E55FF0EF;
3f2f : 00040513;
3f30 : 00812403;
3f31 : 00C12083;
3f32 : 00412483;
3f33 : 00012903;
3f34 : 01010113;
3f35 : 3350906F;
3f36 : 0001C737;
3f37 : 7A470713;
3f38 : F85FF06F;
3f39 : 17852783;
3f3a : FD010113;
3f3b : 02812423;
3f3c : 02912223;
3f3d : 02112623;
3f3e : 03212023;
3f3f : 01312E23;
3f40 : 01412C23;
3f41 : 0107A403;
3f42 : 00050493;
3f43 : 06068863;
3f44 : 00300793;
3f45 : 0003B637;
3f46 : 02F40C23;
3f47 : 98060613;
3f48 : 00B00593;
3f49 : 0E9090EF;
3f4a : 001007B7;
3f4b : 41C7A703;
3f4c : 000207B7;
3f4d : 00B00593;
3f4e : 94E7A223;
3f4f : 9447A603;
3f50 : 00048513;
3f51 : 03844903;
3f52 : 00C12623;
3f53 : 641080EF;
3f54 : 000207B7;
3f55 : 9407A703;
3f56 : 00C12603;
3f57 : 00042783;
3f58 : 00050693;
3f59 : 00090593;
3f5a : 00100513;
3f5b : A55F50EF;
3f5c : 00048513;
3f5d : 7DC070EF;
3f5e : 0140006F;
3f5f : 670070EF;
3f60 : 02051863;
3f61 : 00400793;
3f62 : 00F42223;
3f63 : 02C12083;
3f64 : 02812403;
3f65 : 02412483;
3f66 : 02012903;
3f67 : 01C12983;
3f68 : 01812A03;
3f69 : 00000513;
3f6a : 03010113;
3f6b : 00008067;
3f6c : 00B00593;
3f6d : 00048513;
3f6e : 5D5080EF;
3f6f : 00020A37;
3f70 : 000209B7;
3f71 : 944A2603;
3f72 : 00042783;
3f73 : 9409A703;
3f74 : 03844583;
3f75 : 00050693;
3f76 : 00050913;
3f77 : 00200513;
3f78 : 9E1F50EF;
3f79 : 03844783;
3f7a : 0000F737;
3f7b : A6070713;
3f7c : 02E787B3;
3f7d : F927CCE3;
3f7e : 04091863;
3f7f : 0001D737;
3f80 : 0001D6B7;
3f81 : 00048513;
3f82 : 25870713;
3f83 : 26468693;
3f84 : 00100613;
3f85 : 00600593;
3f86 : 689080EF;
3f87 : 944A2603;
3f88 : 03844583;
3f89 : 9409A703;
3f8a : 00042783;
3f8b : 00000693;
3f8c : 00400513;
3f8d : 98DF50EF;
3f8e : 00300593;
3f8f : 00048513;
3f90 : D1DFF0EF;
3f91 : F49FF06F;
3f92 : 00048513;
3f93 : BC4FE0EF;
3f94 : F2050EE3;
3f95 : 944A2603;
3f96 : 00042783;
3f97 : 9409A703;
3f98 : 03844583;
3f99 : 00090693;
3f9a : 00300513;
3f9b : F01FF06F;
3f9c : 17852783;
3f9d : 0001C737;
3f9e : 0001D6B7;
3f9f : FF010113;
3fa0 : 9B070713;
3fa1 : F4C68693;
3fa2 : 00200613;
3fa3 : 00200593;
3fa4 : 00812423;
3fa5 : 00912223;
3fa6 : 00050413;
3fa7 : 0107A483;
3fa8 : 00112623;
3fa9 : 5FD080EF;
3faa : 00042703;
3fab : 00900793;
3fac : 02F71063;
3fad : 00442703;
3fae : 00800793;
3faf : 00F71A63;
3fb0 : 0424C783;
3fb1 : 00078663;
3fb2 : 00040513;
3fb3 : 0B5090EF;
3fb4 : 34042703;
3fb5 : 00100793;
3fb6 : 04F71463;
3fb7 : 0084C783;
3fb8 : 02078263;
3fb9 : 00042783;
3fba : 00900713;
3fbb : 00E78663;
3fbc : 00600713;
3fbd : 00E79863;
3fbe : 00000593;
3fbf : 00040513;
3fc0 : F7CFC0EF;
3fc1 : 00442783;
3fc2 : 00600713;
3fc3 : 00E78E63;
3fc4 : 00800713;
3fc5 : 02E78463;
3fc6 : 00400713;
3fc7 : 04E79E63;
3fc8 : 00000593;
3fc9 : 00C0006F;
3fca : 0004A223;
3fcb : 00100593;
3fcc : 00040513;
3fcd : F48FC0EF;
3fce : 0400006F;
3fcf : 0414C783;
3fd0 : 00042683;
3fd1 : 00900713;
3fd2 : 0FD7F793;
3fd3 : 00E69C63;
3fd4 : 00100713;
3fd5 : 02E79263;
3fd6 : 00F4A223;
3fd7 : 00200593;
3fd8 : FD1FF06F;
3fd9 : 00100713;
3fda : 00E78863;
3fdb : 00700593;
3fdc : 00040513;
3fdd : BE9FF0EF;
3fde : 00042703;
3fdf : 00900793;
3fe0 : 04F71463;
3fe1 : 00040513;
3fe2 : 3DC070EF;
3fe3 : 00442703;
3fe4 : 00800793;
3fe5 : 02F70A63;
3fe6 : 03442503;
3fe7 : 00452783;
3fe8 : 03E7C783;
3fe9 : 02079263;
3fea : 03C42783;
3feb : 00812403;
3fec : 00C12083;
3fed : 00412483;
3fee : 02C7A303;
3fef : 00000593;
3ff0 : 01010113;
3ff1 : 00030067;
3ff2 : 00C12083;
3ff3 : 00812403;
3ff4 : 00412483;
3ff5 : 01010113;
3ff6 : 00008067;
3ff7 : B31FF06F;
3ff8 : FF010113;
3ff9 : 00912223;
3ffa : 01852483;
3ffb : 00112623;
3ffc : 00812423;
3ffd : 01212023;
3ffe : 00050413;
3fff : 17C52903;
4000 : 861FF0EF;
4001 : 03800613;
4002 : 00000593;
4003 : 01048513;
4004 : C00FF0EF;
4005 : 2D9060EF;
4006 : 00C4A783;
4007 : 00A4A823;
4008 : 00F55663;
4009 : 02A7E533;
400a : 00A4A623;
400b : 00C4A803;
400c : 0001C737;
400d : 0001D6B7;
400e : 9C070713;
400f : 27C68693;
4010 : 00300613;
4011 : 04100793;
4012 : 00400593;
4013 : 00040513;
4014 : 451080EF;
4015 : 00C4A503;
4016 : 084070EF;
4017 : 06094783;
4018 : 07090593;
4019 : 00040513;
401a : 0017E793;
401b : 06F90023;
401c : 03C42783;
401d : 00C7A783;
401e : 000780E7;
401f : 00100793;
4020 : 00040513;
4021 : 00F48A23;
4022 : 00100593;
4023 : 838FE0EF;
4024 : 00C12083;
4025 : 00812403;
4026 : 00412483;
4027 : 00012903;
4028 : 00000513;
4029 : 01010113;
402a : 00008067;
402b : FF010113;
402c : 00912223;
402d : 34052483;
402e : 00112623;
402f : 00812423;
4030 : 00100793;
4031 : 00F49C63;
4032 : 00050413;
4033 : F15FF0EF;
4034 : 01842783;
4035 : 00078463;
4036 : 00978B23;
4037 : 00C12083;
4038 : 00812403;
4039 : 00412483;
403a : 00000513;
403b : 01010113;
403c : 00008067;
403d : 00050713;
403e : 00000793;
403f : 02C78263;
4040 : 00F706B3;
4041 : 0006C803;
4042 : 00F586B3;
4043 : 0006C683;
4044 : 00178793;
4045 : 40D80533;
4046 : FED802E3;
4047 : 00008067;
4048 : 00000513;
4049 : 00008067;
404a : FF010113;
404b : 00800613;
404c : 00812423;
404d : 00912223;
404e : 00112623;
404f : 00050493;
4050 : 00058413;
4051 : FB1FF0EF;
4052 : 00051863;
4053 : 0084D503;
4054 : 00845783;
4055 : 40F50533;
4056 : 00C12083;
4057 : 00812403;
4058 : 00412483;
4059 : 01010113;
405a : 00008067;
405b : 03452783;
405c : 29050593;
405d : FF010113;
405e : 0107A503;
405f : 00112623;
4060 : FA9FF0EF;
4061 : 00C12083;
4062 : 00153513;
4063 : 01010113;
4064 : 00008067;
4065 : 01852703;
4066 : FFF00613;
4067 : 06C70063;
4068 : 00058693;
4069 : 34800593;
406a : 02B705B3;
406b : 00052703;
406c : 00000513;
406d : 00B705B3;
406e : 13259783;
406f : 04C78463;
4070 : 00679793;
4071 : 13878613;
4072 : 00C58633;
4073 : 00100513;
4074 : 02C68A63;
4075 : 14878793;
4076 : FF010113;
4077 : 00F585B3;
4078 : 01068513;
4079 : 00112623;
407a : F41FF0EF;
407b : 00C12083;
407c : 00153513;
407d : 01010113;
407e : 00008067;
407f : 00000513;
4080 : 00008067;
4081 : 00008067;
4082 : 02B5C783;
4083 : 02079263;
4084 : 03452503;
4085 : FF010113;
4086 : 00112623;
4087 : F79FF0EF;
4088 : 00C12083;
4089 : 00A03533;
408a : 01010113;
408b : 00008067;
408c : 00100513;
408d : 00008067;
408e : FE010113;
408f : 00112E23;
4090 : 00812C23;
4091 : 00912A23;
4092 : 00060413;
4093 : 01212823;
4094 : 01312623;
4095 : 00050493;
4096 : 00068913;
4097 : FADFF0EF;
4098 : 00040593;
4099 : 00050993;
409a : 00048513;
409b : F9DFF0EF;
409c : 00050413;
409d : 06098E63;
409e : 06051863;
409f : 0001D737;
40a0 : 0001D6B7;
40a1 : 2BC70713;
40a2 : 29868693;
40a3 : 00200613;
40a4 : 00300593;
40a5 : 00048513;
40a6 : 209080EF;
40a7 : FFF00793;
40a8 : 00F92023;
40a9 : 01C12083;
40aa : 00040513;
40ab : 01812403;
40ac : 01412483;
40ad : 01012903;
40ae : 00C12983;
40af : 02010113;
40b0 : 00008067;
40b1 : 0001D737;
40b2 : 2B870713;
40b3 : 29868693;
40b4 : 00200613;
40b5 : 00300593;
40b6 : 00048513;
40b7 : 1C5080EF;
40b8 : 00092023;
40b9 : FC1FF06F;
40ba : 00100413;
40bb : FB9FF06F;
40bc : 0001D6B7;
40bd : FC0508E3;
40be : 0001D737;
40bf : 2B470713;
40c0 : 29868693;
40c1 : 00200613;
40c2 : 00300593;
40c3 : 00048513;
40c4 : 191080EF;
40c5 : 00100793;
40c6 : 00F92023;
40c7 : 00000413;
40c8 : F85FF06F;
40c9 : 03452783;
40ca : FB010113;
40cb : 04912223;
40cc : 00C7A703;
40cd : 0147A483;
40ce : 03312E23;
40cf : 0107A983;
40d0 : 0025D783;
40d1 : 04112623;
40d2 : 04812423;
40d3 : 00178793;
40d4 : 05212023;
40d5 : 00F71023;
40d6 : 00058913;
40d7 : 00050413;
40d8 : 01058593;
40d9 : 00098513;
40da : 00B12623;
40db : DBDFF0EF;
40dc : 00C12583;
40dd : 00A03533;
40de : 00A98F23;
40df : 00A00613;
40e0 : 00098513;
40e1 : 404000EF;
40e2 : 00800613;
40e3 : 01E90593;
40e4 : 01098513;
40e5 : 3F4000EF;
40e6 : 01A95783;
40e7 : 00F99C23;
40e8 : 01C95783;
40e9 : 00F99D23;
40ea : 02694783;
40eb : 00F98E23;
40ec : 02794783;
40ed : 00F98EA3;
40ee : 02A94783;
40ef : 0087F713;
40f0 : 00E036B3;
40f1 : 00D483A3;
40f2 : 04070463;
40f3 : 03C42783;
40f4 : 01810693;
40f5 : 01C10613;
40f6 : 0007A783;
40f7 : 02010593;
40f8 : 00040513;
40f9 : 000780E7;
40fa : 04050463;
40fb : 0001D737;
40fc : 2C070713;
40fd : 0001D6B7;
40fe : 2C868693;
40ff : 00100613;
4100 : 00300593;
4101 : 00040513;
4102 : 099080EF;
4103 : 02A94783;
4104 : 0017D713;
4105 : 00177713;
4106 : 0017F793;
4107 : 00E481A3;
4108 : 00F48223;
4109 : 00495783;
410a : 00F49023;
410b : 0BC0006F;
410c : 02012783;
410d : 00B00713;
410e : 24F75263;
410f : 01700713;
4110 : 12E79663;
4111 : 01C12703;
4112 : 03B00793;
4113 : 12F71063;
4114 : 17842783;
4115 : 00B78703;
4116 : 00200793;
4117 : 00E79733;
4118 : 03C00793;
4119 : 40E787B3;
411a : 01812703;
411b : 10F74063;
411c : 0001D6B7;
411d : 30468693;
411e : 00200613;
411f : 00300593;
4120 : 00040513;
4121 : 01D080EF;
4122 : 03C42783;
4123 : 02410693;
4124 : 02810613;
4125 : 0047A783;
4126 : 02C10593;
4127 : 00040513;
4128 : 000780E7;
4129 : 02050063;
412a : 0001D6B7;
412b : 33468693;
412c : 00100613;
412d : 00300593;
412e : 00040513;
412f : 7E4080EF;
4130 : 0280006F;
4131 : 02412803;
4132 : 02812783;
4133 : 02C12703;
4134 : 0001D6B7;
4135 : 35C68693;
4136 : 00300613;
4137 : 00300593;
4138 : 00040513;
4139 : 7BC080EF;
413a : 02A94783;
413b : FFF00613;
413c : 00800593;
413d : 0027D713;
413e : 00177713;
413f : 00E48123;
4140 : 0047D713;
4141 : 00177713;
4142 : 00E482A3;
4143 : 0057D713;
4144 : 0037D793;
4145 : 00177713;
4146 : 0017F793;
4147 : 00E48323;
4148 : 00F483A3;
4149 : 02894783;
414a : 00F48423;
414b : 03442783;
414c : 0007A503;
414d : 0D8090EF;
414e : 02042783;
414f : 0687A783;
4150 : 00078863;
4151 : 00090593;
4152 : 00040513;
4153 : 000780E7;
4154 : 04C12083;
4155 : 04812403;
4156 : 04412483;
4157 : 04012903;
4158 : 03C12983;
4159 : 05010113;
415a : 00008067;
415b : 03C42783;
415c : 02410693;
415d : 02810613;
415e : 0047A783;
415f : 02C10593;
4160 : 00040513;
4161 : 000780E7;
4162 : 00050863;
4163 : 0001D737;
4164 : 39470713;
4165 : E61FF06F;
4166 : 02812783;
4167 : 02C12703;
4168 : 02412803;
4169 : 0001D6B7;
416a : 35C68693;
416b : 00300613;
416c : 00300593;
416d : 00040513;
416e : 6E8080EF;
416f : 02A94783;
4170 : 02812703;
4171 : 0027F693;
4172 : 00D03633;
4173 : 00E03733;
4174 : 0017F793;
4175 : 00C71E63;
4176 : 02412703;
4177 : 00E03733;
4178 : 00F71863;
4179 : 00491703;
417a : 02C12583;
417b : EEE58EE3;
417c : 0FF7F793;
417d : 00C481A3;
417e : 00F48223;
417f : 00491703;
4180 : 00E49023;
4181 : 06068463;
4182 : 00100693;
4183 : 02D12423;
4184 : 06078263;
4185 : 00100793;
4186 : 02F12223;
4187 : 02812783;
4188 : 02412803;
4189 : 0001D6B7;
418a : 39C68693;
418b : 00100613;
418c : 00300593;
418d : 00040513;
418e : 02E12623;
418f : 664080EF;
4190 : 03C42783;
4191 : 02412683;
4192 : 02812603;
4193 : 0087A783;
4194 : 02C12583;
4195 : 00040513;
4196 : 000780E7;
4197 : E80506E3;
4198 : 0001D6B7;
4199 : 3D468693;
419a : E49FF06F;
419b : 02012423;
419c : FA1FF06F;
419d : 02012223;
419e : FA5FF06F;
419f : 01C12703;
41a0 : 00E7E7B3;
41a1 : 0A079463;
41a2 : 17842783;
41a3 : 00B78703;
41a4 : 00200793;
41a5 : 00E797B3;
41a6 : 01812703;
41a7 : 08E7C863;
41a8 : 0001D6B7;
41a9 : 3F868693;
41aa : 00200613;
41ab : 00300593;
41ac : 00040513;
41ad : 5EC080EF;
41ae : 03C42783;
41af : 02410693;
41b0 : 02810613;
41b1 : 0047A783;
41b2 : 02C10593;
41b3 : 00040513;
41b4 : 000780E7;
41b5 : 02050463;
41b6 : 0001D6B7;
41b7 : 33468693;
41b8 : 00100613;
41b9 : 00300593;
41ba : 00040513;
41bb : 5B4080EF;
41bc : 000481A3;
41bd : 00048223;
41be : DF1FF06F;
41bf : 02812783;
41c0 : 02412803;
41c1 : 02C12703;
41c2 : 0001D6B7;
41c3 : 35C68693;
41c4 : 00300613;
41c5 : 00300593;
41c6 : 00040513;
41c7 : 584080EF;
41c8 : 02C12783;
41c9 : 00F49023;
41ca : FC9FF06F;
41cb : 00491703;
41cc : 00049783;
41cd : 02E78C63;
41ce : 0001D6B7;
41cf : 00300593;
41d0 : 00040513;
41d1 : 42468693;
41d2 : 00100613;
41d3 : 554080EF;
41d4 : 00495783;
41d5 : 00000593;
41d6 : 00040513;
41d7 : 00F49023;
41d8 : 03C42783;
41d9 : 0107A783;
41da : 000780E7;
41db : 02A94783;
41dc : 0017D713;
41dd : 00177713;
41de : 0017F793;
41df : 00E481A3;
41e0 : 00F48223;
41e1 : D65FF06F;
41e2 : 00000793;
41e3 : 00F61463;
41e4 : 00008067;
41e5 : 00F58733;
41e6 : 00074683;
41e7 : 00F50733;
41e8 : 00178793;
41e9 : 00D70023;
41ea : FE5FF06F;
41eb : 13251783;
41ec : FE010113;
41ed : 00812C23;
41ee : 01212823;
41ef : 00112E23;
41f0 : 00912A23;
41f1 : 01312623;
41f2 : 00050413;
41f3 : 00058913;
41f4 : 00B79663;
41f5 : FFF00793;
41f6 : 12F51923;
41f7 : 00691493;
41f8 : 009404B3;
41f9 : 00090993;
41fa : 13045783;
41fb : FFF78793;
41fc : 03305263;
41fd : 01C12083;
41fe : 12F41823;
41ff : 01812403;
4200 : 01412483;
4201 : 01012903;
4202 : 00C12983;
4203 : 02010113;
4204 : 00008067;
4205 : 00198993;
4206 : 13848513;
4207 : 04000613;
4208 : 02F95263;
4209 : 17848593;
420a : F61FF0EF;
420b : 13241783;
420c : 01379663;
420d : FFF98793;
420e : 12F41923;
420f : 04048493;
4210 : FA9FF06F;
4211 : 00000593;
4212 : BC9FE0EF;
4213 : FF1FF06F;
4214 : FF010113;
4215 : 00300593;
4216 : 00812423;
4217 : 00112623;
4218 : 00050413;
4219 : 3A1080EF;
421a : 08050E63;
421b : 00300593;
421c : 00040513;
421d : 919FE0EF;
421e : 03442583;
421f : 00000713;
4220 : 00000613;
4221 : 0085A783;
4222 : 00000693;
4223 : 34800813;
4224 : 0087D503;
4225 : 00700893;
4226 : 00100313;
4227 : 00400E13;
4228 : 06A74C63;
4229 : 00040513;
422a : 0A060263;
422b : 0A069063;
422c : 8ACFF0EF;
422d : 00600793;
422e : 00F42223;
422f : 13241783;
4230 : FFF00713;
4231 : 02E78C63;
4232 : 13045803;
4233 : 0307D863;
4234 : 0001D737;
4235 : 0001D6B7;
4236 : 00300593;
4237 : 00040513;
4238 : 45470713;
4239 : 45C68693;
423a : 00100613;
423b : 3B4080EF;
423c : 13241583;
423d : 00040513;
423e : EB5FF0EF;
423f : FFF00793;
4240 : 12F41923;
4241 : 00C12083;
4242 : 00812403;
4243 : 00000513;
4244 : 01010113;
4245 : 00008067;
4246 : 03070EB3;
4247 : 0005A783;
4248 : 01D787B3;
4249 : 0007A783;
424a : 00F8CA63;
424b : 00FE5463;
424c : 00100613;
424d : 00170713;
424e : F69FF06F;
424f : FF878793;
4250 : FEF36AE3;
4251 : 00100693;
4252 : FEDFF06F;
4253 : 81DFE0EF;
4254 : F65FF06F;
4255 : FF010113;
4256 : 00812423;
4257 : 00912223;
4258 : 00112623;
4259 : 27154703;
425a : 00B00793;
425b : 00050493;
425c : 00060413;
425d : 06E7E063;
425e : 0001B6B7;
425f : 00271793;
4260 : 6F068693;
4261 : 00F687B3;
4262 : 2E07A783;
4263 : 04078463;
4264 : 000780E7;
4265 : 00050413;
4266 : 00048513;
4267 : EB5FF0EF;
4268 : 00300593;
4269 : 00048513;
426a : 1E4080EF;
426b : 00A4A423;
426c : 00040663;
426d : 00200793;
426e : 00F4A223;
426f : 00C12083;
4270 : 00040513;
4271 : 00812403;
4272 : 00412483;
4273 : 01010113;
4274 : 00008067;
4275 : FC0402E3;
4276 : 0001D6B7;
4277 : 48068693;
4278 : 00100613;
4279 : 00500593;
427a : 00048513;
427b : 2B4080EF;
427c : 00000413;
427d : FA5FF06F;
427e : 02052783;
427f : FE010113;
4280 : 00812C23;
4281 : 00C7A783;
4282 : 01212823;
4283 : 01312623;
4284 : 00112E23;
4285 : 00912A23;
4286 : 00050413;
4287 : 00058993;
4288 : 00060913;
4289 : 02079A63;
428a : 27144703;
428b : 00C00793;
428c : 04E7F063;
428d : 00000493;
428e : 06090263;
428f : 0001D6B7;
4290 : 48068693;
4291 : 00100613;
4292 : 00500593;
4293 : 00040513;
4294 : 250080EF;
4295 : 0480006F;
4296 : 000780E7;
4297 : 00050493;
4298 : FC0504E3;
4299 : 00200793;
429a : 00F42223;
429b : 03C0006F;
429c : 0001B6B7;
429d : 00271793;
429e : 6F068693;
429f : 00F687B3;
42a0 : 3107A783;
42a1 : FA0788E3;
42a2 : 00090613;
42a3 : 00098593;
42a4 : 00040513;
42a5 : 000780E7;
42a6 : 00050493;
42a7 : 00040513;
42a8 : DB1FF0EF;
42a9 : FC0490E3;
42aa : 00040513;
42ab : 00300593;
42ac : 0DC080EF;
42ad : 00A42423;
42ae : 01C12083;
42af : 01812403;
42b0 : 01012903;
42b1 : 00C12983;
42b2 : 00048513;
42b3 : 01412483;
42b4 : 02010113;
42b5 : 00008067;
42b6 : FD010113;
42b7 : 01412C23;
42b8 : 03452A03;
42b9 : 02812423;
42ba : 02912223;
42bb : 004A2783;
42bc : 03212023;
42bd : 01312E23;
42be : 0047A783;
42bf : 02112623;
42c0 : 00600713;
42c1 : 17852483;
42c2 : 00050413;
42c3 : 00058913;
42c4 : 00060993;
42c5 : 00E79863;
42c6 : 008A2703;
42c7 : 00A74703;
42c8 : 24F71063;
42c9 : 03842783;
42ca : 00040513;
42cb : 0007A783;
42cc : 000780E7;
42cd : 22054663;
42ce : 008A2783;
42cf : 0087D703;
42d0 : 00100793;
42d1 : 02E7DC63;
42d2 : 000A2783;
42d3 : 00100613;
42d4 : 00000693;
42d5 : 00100593;
42d6 : 0007A503;
42d7 : 00B50863;
42d8 : 2A07C503;
42d9 : 00B51463;
42da : 00000613;
42db : 00168693;
42dc : 34878793;
42dd : FEE6C2E3;
42de : 10060463;
42df : 00100793;
42e0 : 06040593;
42e1 : 1EE7D463;
42e2 : 03442783;
42e3 : D8FD9737;
42e4 : FD970713;
42e5 : 0007A783;
42e6 : 40F407B3;
42e7 : 4037D793;
42e8 : 02E787B3;
42e9 : 0FF7F793;
42ea : 1C078263;
42eb : 00500713;
42ec : FFF00613;
42ed : 00E406B3;
42ee : 0606C683;
42ef : 00810593;
42f0 : 00E585B3;
42f1 : 40F68533;
42f2 : 00A58023;
42f3 : FFF70713;
42f4 : 00F6B7B3;
42f5 : FEC710E3;
42f6 : 03442783;
42f7 : 00814703;
42f8 : 0087A783;
42f9 : 00E78023;
42fa : 00914703;
42fb : 00E780A3;
42fc : 00A14703;
42fd : 00E78123;
42fe : FFF00713;
42ff : 00E781A3;
4300 : FFE00713;
4301 : 00E78223;
4302 : 00B14703;
4303 : 00E782A3;
4304 : 00C14703;
4305 : 00E78323;
4306 : 00D14703;
4307 : 00E783A3;
4308 : 03442783;
4309 : 0087A703;
430a : 0107A783;
430b : 00072683;
430c : 00D7A023;
430d : 00472683;
430e : 00D7A223;
430f : FFFF06B7;
4310 : 00D7A423;
4311 : 800006B7;
4312 : FFF6C693;
4313 : 00D7A623;
4314 : 00072683;
4315 : 00D7A823;
4316 : 00472683;
4317 : 00D7AA23;
4318 : 00A75683;
4319 : 00D79C23;
431a : 00C75683;
431b : 00D79D23;
431c : 00E74683;
431d : 00D78E23;
431e : 00F74703;
431f : 00E78EA3;
4320 : 03442783;
4321 : 00800613;
4322 : 00048513;
4323 : 0087A583;
4324 : AF9FF0EF;
4325 : 03442703;
4326 : 34840793;
4327 : 00040513;
4328 : 00072703;
4329 : 00048AA3;
432a : 40E787B3;
432b : D8FD9737;
432c : FD970713;
432d : 4037D793;
432e : 02E787B3;
432f : 00F49423;
4330 : 00200793;
4331 : 00F48723;
4332 : 2E842783;
4333 : 00F485A3;
4334 : 2EC42783;
4335 : 00F48623;
4336 : 2F042783;
4337 : 00F486A3;
4338 : 2F442783;
4339 : 00F48523;
433a : 2F842783;
433b : 00F48A23;
433c : 1A9080EF;
433d : 00040513;
433e : 73D070EF;
433f : 17842783;
4340 : 00B78503;
4341 : 58D070EF;
4342 : 01C42783;
4343 : 00251513;
4344 : 12A42A23;
4345 : 00F037B3;
4346 : 34F42023;
4347 : 02042783;
4348 : 32042E23;
4349 : 0007A783;
434a : 04078A63;
434b : 00098613;
434c : 00090593;
434d : 00040513;
434e : 000780E7;
434f : 04050063;
4350 : 0001C737;
4351 : 0001D6B7;
4352 : A3470713;
4353 : 49468693;
4354 : 00100613;
4355 : 00200593;
4356 : 00040513;
4357 : 745070EF;
4358 : 3E800793;
4359 : 00F42423;
435a : 0E00006F;
435b : 00600613;
435c : 00810513;
435d : A15FF0EF;
435e : E61FF06F;
435f : 03442783;
4360 : 0001D6B7;
4361 : 4B068693;
4362 : 0087A783;
4363 : 00100613;
4364 : 00300593;
4365 : 00A7C703;
4366 : 00040513;
4367 : 705070EF;
4368 : 03442783;
4369 : 0001D6B7;
436a : 4C468693;
436b : 0087A783;
436c : 00100613;
436d : 00300593;
436e : 00B7C703;
436f : 00040513;
4370 : 6E1070EF;
4371 : 05042483;
4372 : 02200613;
4373 : 00000593;
4374 : 00048513;
4375 : E3CFE0EF;
4376 : 17842703;
4377 : 00800613;
4378 : 01448513;
4379 : 01574783;
437a : 00E74703;
437b : 00479793;
437c : 00F77713;
437d : 00E7E7B3;
437e : 00F480A3;
437f : 03442783;
4380 : 0087A783;
4381 : 0107C783;
4382 : 00F48223;
4383 : 17842583;
4384 : 979FF0EF;
4385 : 17842703;
4386 : 00875783;
4387 : 00875703;
4388 : 00879793;
4389 : 00875713;
438a : 00E7E7B3;
438b : 00F49E23;
438c : 0001F7B7;
438d : 6B47C703;
438e : 00400793;
438f : 00F71463;
4390 : 00A00793;
4391 : 00F42223;
4392 : 02C12083;
4393 : 02812403;
4394 : 02412483;
4395 : 02012903;
4396 : 01C12983;
4397 : 01812A03;
4398 : 00000513;
4399 : 03010113;
439a : 00008067;
439b : FD010113;
439c : 17852783;
439d : 02912223;
439e : 00060493;
439f : 02812423;
43a0 : 03212023;
43a1 : 00058413;
43a2 : 00050913;
43a3 : 00800613;
43a4 : 02258593;
43a5 : 00048513;
43a6 : 01312E23;
43a7 : 01412C23;
43a8 : 0107A983;
43a9 : 02112623;
43aa : 00068A13;
43ab : 8DDFF0EF;
43ac : 02A45783;
43ad : 02A45703;
43ae : 00879793;
43af : 00875713;
43b0 : 00E7E7B3;
43b1 : 00F49423;
43b2 : 02C45783;
43b3 : 02C45703;
43b4 : 00879793;
43b5 : 00875713;
43b6 : 00E7E7B3;
43b7 : 01079793;
43b8 : 0107D793;
43b9 : 00300713;
43ba : 04E78E63;
43bb : 00100513;
43bc : 00F12623;
43bd : F6CFB0EF;
43be : 00C12783;
43bf : 0001D737;
43c0 : 0001D6B7;
43c1 : 4DC70713;
43c2 : 50068693;
43c3 : 00100613;
43c4 : 00500593;
43c5 : 00090513;
43c6 : 589070EF;
43c7 : 00000413;
43c8 : 02C12083;
43c9 : 00040513;
43ca : 02812403;
43cb : 02412483;
43cc : 02012903;
43cd : 01C12983;
43ce : 01812A03;
43cf : 03010113;
43d0 : 00008067;
43d1 : 03245483;
43d2 : 03245783;
43d3 : 03045703;
43d4 : 00849493;
43d5 : 0087D793;
43d6 : 00F4E4B3;
43d7 : 03045783;
43d8 : 00875713;
43d9 : 01049493;
43da : 00879793;
43db : 00E7E7B3;
43dc : 01079793;
43dd : 0104D493;
43de : 0107D793;
43df : 0084D713;
43e0 : 00879793;
43e1 : 00F767B3;
43e2 : 00080737;
43e3 : 03070713;
43e4 : 02E78463;
43e5 : 00200513;
43e6 : 00F12623;
43e7 : EC4FB0EF;
43e8 : 0001D737;
43e9 : 0001D6B7;
43ea : 00C12783;
43eb : 4DC70713;
43ec : 52868693;
43ed : F59FF06F;
43ee : 03445783;
43ef : 03445703;
43f0 : 00849493;
43f1 : 00879793;
43f2 : 00875713;
43f3 : 00E7E7B3;
43f4 : 01079793;
43f5 : 0107D793;
43f6 : 0087D713;
43f7 : 00E4E4B3;
43f8 : 01049493;
43f9 : 0000E737;
43fa : 0104D493;
43fb : EAD70713;
43fc : 02E48263;
43fd : 00300513;
43fe : E68FB0EF;
43ff : 0001D737;
4400 : 0001D6B7;
4401 : 00048793;
4402 : 4DC70713;
4403 : 54068693;
4404 : EFDFF06F;
4405 : 0FF7F793;
4406 : 00100713;
4407 : 02E78463;
4408 : 00400513;
4409 : 00F12623;
440a : E38FB0EF;
440b : 0001D737;
440c : 0001D6B7;
440d : 00C12783;
440e : 4DC70713;
440f : 56468693;
4410 : ECDFF06F;
4411 : 03645783;
4412 : 03645703;
4413 : 0001F6B7;
4414 : 00879793;
4415 : 00875713;
4416 : 00E7E7B3;
4417 : 6506A703;
4418 : 01079793;
4419 : 0107D793;
441a : 00170713;
441b : 64E6A823;
441c : 0001F737;
441d : 64F71A23;
441e : 00001737;
441f : 00FA1023;
4420 : 00370693;
4421 : 02D78463;
4422 : 00470713;
4423 : 08E78A63;
4424 : 33C92703;
4425 : 00200793;
4426 : 00100413;
4427 : E8F712E3;
4428 : 00090513;
4429 : 748080EF;
442a : E79FF06F;
442b : 03844783;
442c : 00100613;
442d : 00500593;
442e : 04F99223;
442f : 03845783;
4430 : 00090513;
4431 : 0087D793;
4432 : 04F98623;
4433 : 03C45703;
4434 : 03C45783;
4435 : 03A45683;
4436 : 00871713;
4437 : 0087D793;
4438 : 00F76733;
4439 : 03A45783;
443a : 0086D693;
443b : 01071713;
443c : 00879793;
443d : 00D7E7B3;
443e : 01079793;
443f : 0107D793;
4440 : 00F76733;
4441 : 17892783;
4442 : 0001D6B7;
4443 : 58868693;
4444 : 0107A783;
4445 : 04E7A423;
4446 : 389070EF;
4447 : F75FF06F;
4448 : 03842503;
4449 : 1F9080EF;
444a : 02A9A023;
444b : 03C42503;
444c : 1ED080EF;
444d : 00A9AE23;
444e : 04042503;
444f : 1E1080EF;
4450 : 02A9A423;
4451 : 04442503;
4452 : 1D5080EF;
4453 : 02A9A223;
4454 : F41FF06F;
4455 : 17852783;
4456 : 00052703;
4457 : FD010113;
4458 : 02812423;
4459 : 03212023;
445a : 02112623;
445b : 0107A903;
445c : 02912223;
445d : 00600793;
445e : 00050413;
445f : 06F71063;
4460 : 27154703;
4461 : 00C00793;
4462 : 3E800493;
4463 : 02F71A63;
4464 : 00E10693;
4465 : 01010613;
4466 : CD5FF0EF;
4467 : 02050263;
4468 : 00E15703;
4469 : 000017B7;
446a : 00F71863;
446b : 00300793;
446c : 00F92223;
446d : 00000493;
446e : 00040513;
446f : 5C4080EF;
4470 : 02C12083;
4471 : 02812403;
4472 : 02012903;
4473 : 00048513;
4474 : 02412483;
4475 : 03010113;
4476 : 00008067;
4477 : 05C92703;
4478 : 00100793;
4479 : 08F71063;
447a : 34052703;
447b : 00200793;
447c : 02F71463;
447d : 0001F737;
447e : 0001D6B7;
447f : 3F470713;
4480 : 5A468693;
4481 : 00100613;
4482 : 00200593;
4483 : 295070EF;
4484 : 00040513;
4485 : 56C080EF;
4486 : 34042703;
4487 : 00100793;
4488 : 02F71C63;
4489 : 00092783;
448a : 00000493;
448b : F8079AE3;
448c : 00042703;
448d : 00900793;
448e : 00F71663;
448f : 00800793;
4490 : 00F42223;
4491 : 00200593;
4492 : 00040513;
4493 : C30FB0EF;
4494 : 00100793;
4495 : 00F92223;
4496 : 04092E23;
4497 : 00000493;
4498 : F61FF06F;
4499 : 00200693;
449a : 3E800493;
449b : F4D71AE3;
449c : 34052703;
449d : 02F71463;
449e : 0001F737;
449f : 0001D6B7;
44a0 : 3F470713;
44a1 : 5C068693;
44a2 : 00100613;
44a3 : 00200593;
44a4 : 211070EF;
44a5 : 00040513;
44a6 : 570080EF;
44a7 : 00042703;
44a8 : 00900793;
44a9 : 00F71663;
44aa : 00800793;
44ab : 00F42223;
44ac : 04092E23;
44ad : 3E800493;
44ae : F09FF06F;
44af : 17852783;
44b0 : FE010113;
44b1 : 0001C737;
44b2 : 0001D6B7;
44b3 : 01212823;
44b4 : A4470713;
44b5 : 00058913;
44b6 : F4C68693;
44b7 : 00200613;
44b8 : 00200593;
44b9 : 00812C23;
44ba : 00912A23;
44bb : 00112E23;
44bc : 0107A483;
44bd : 01312623;
44be : 01412423;
44bf : 01512223;
44c0 : 00050413;
44c1 : 19D070EF;
44c2 : 03095783;
44c3 : 0E078463;
44c4 : 01842783;
44c5 : 03295403;
44c6 : 00690A93;
44c7 : 0167C703;
44c8 : 00347993;
44c9 : 04E48A13;
44ca : 04071E63;
44cb : 000A0593;
44cc : 000A8513;
44cd : DF5FE0EF;
44ce : 00100793;
44cf : 02051E63;
44d0 : 0584D783;
44d1 : 00095603;
44d2 : 00100693;
44d3 : 00178713;
44d4 : 01071713;
44d5 : 01075713;
44d6 : 00E60C63;
44d7 : 00278793;
44d8 : 01079793;
44d9 : 0107D793;
44da : 40C787B3;
44db : 0017B693;
44dc : 00100793;
44dd : 40D787B3;
44de : 02099463;
44df : 00078E63;
44e0 : 00C0006F;
44e1 : 00078B23;
44e2 : 00099E63;
44e3 : 05C4A703;
44e4 : 00200793;
44e5 : 0AF71063;
44e6 : 00000413;
44e7 : 0140006F;
44e8 : 00078863;
44e9 : 05C4A703;
44ea : 00100793;
44eb : 06F71863;
44ec : 00347713;
44ed : 00E037B3;
44ee : 04F48123;
44ef : 00345793;
44f0 : 00245413;
44f1 : 0017F793;
44f2 : 00147413;
44f3 : 00F484A3;
44f4 : 048481A3;
44f5 : 04E480A3;
44f6 : 00A00613;
44f7 : 000A8593;
44f8 : 000A0513;
44f9 : BA4FF0EF;
44fa : 00095783;
44fb : 04F49C23;
44fc : 02091823;
44fd : 01C12083;
44fe : 01812403;
44ff : 01412483;
4500 : 01012903;
4501 : 00C12983;
4502 : 00812A03;
4503 : 00412A83;
4504 : 00000513;
4505 : 02010113;
4506 : 00008067;
4507 : 00147713;
4508 : 00200413;
4509 : F80706E3;
450a : 04F4AE23;
450b : 00098413;
450c : F81FF06F;
450d : 04F4AE23;
450e : F61FF06F;
450f : 06C52783;
4510 : FD010113;
4511 : 02812423;
4512 : 02112623;
4513 : 02912223;
4514 : 03212023;
4515 : 00050413;
4516 : 00078463;
4517 : B10FB0EF;
4518 : 02C42783;
4519 : 00100713;
451a : 0EF74A63;
451b : 1007D663;
451c : 08C42583;
451d : 04042703;
451e : 00B70733;
451f : 00377793;
4520 : 00078663;
4521 : 00400693;
4522 : 40F687B3;
4523 : 00F70733;
4524 : 09042603;
4525 : 04442783;
4526 : 04E42823;
4527 : 00C787B3;
4528 : 0037F693;
4529 : 00068663;
452a : 00400513;
452b : 40D506B3;
452c : 00D787B3;
452d : 04F42A23;
452e : 40C787B3;
452f : 40B70733;
4530 : 04F42623;
4531 : 0001C5B7;
4532 : FFFFF7B7;
4533 : 78878793;
4534 : 04E42423;
4535 : 00600613;
4536 : A5058593;
4537 : 00C10513;
4538 : 00F11C23;
4539 : AA4FF0EF;
453a : 000207B7;
453b : 00021537;
453c : 44C78793;
453d : 00000713;
453e : 00100693;
453f : 00C10613;
4540 : 20000593;
4541 : 33C50513;
4542 : FD1F80EF;
4543 : 00050493;
4544 : 02050863;
4545 : 00020937;
4546 : 00600613;
4547 : 9D090593;
4548 : 07440513;
4549 : A64FF0EF;
454a : 00600613;
454b : 06942623;
454c : 9D090593;
454d : 06040513;
454e : A50FF0EF;
454f : 04942C23;
4550 : 02C12083;
4551 : 02812403;
4552 : 02412483;
4553 : 02012903;
4554 : 00000513;
4555 : 03010113;
4556 : 00008067;
4557 : 00200713;
4558 : F0E798E3;
4559 : 01200793;
455a : 08F42623;
455b : 00E00793;
455c : 08F42823;
455d : EFDFF06F;
455e : 08042623;
455f : 08042823;
4560 : EF1FF06F;
4561 : 00C00793;
4562 : 02F686B3;
4563 : FA010113;
4564 : 05412423;
4565 : 0001BA37;
4566 : 05212823;
4567 : 00058913;
4568 : 6F0A0593;
4569 : 04112E23;
456a : 04812C23;
456b : 04912A23;
456c : 00D586B3;
456d : 05312623;
456e : 36F6C783;
456f : FFFFF737;
4570 : 78870713;
4571 : 00E11C23;
4572 : 00600713;
4573 : 02E787B3;
4574 : 06C52483;
4575 : 3EC58593;
4576 : 00050413;
4577 : 00060993;
4578 : 00C10513;
4579 : 00600613;
457a : 00F585B3;
457b : 99CFF0EF;
457c : 02010713;
457d : 00098693;
457e : 00090613;
457f : 00048513;
4580 : 00C10593;
4581 : D98F90EF;
4582 : 02012783;
4583 : 02412683;
4584 : 03C12603;
4585 : 12F42023;
4586 : 02812783;
4587 : 12D42223;
4588 : 00050493;
4589 : 4107D893;
458a : 01079793;
458b : 12F42423;
458c : 13142623;
458d : 6F0A0713;
458e : 00061C63;
458f : 00269693;
4590 : 0026D693;
4591 : 8F000637;
4592 : 00D666B3;
4593 : 12D42223;
4594 : 12042803;
4595 : 0107D793;
4596 : 01089893;
4597 : 0001D6B7;
4598 : 00F8E8B3;
4599 : 40070713;
459a : 00048793;
459b : 5DC68693;
459c : 00200613;
459d : 00500593;
459e : 00040513;
459f : 624070EF;
45a0 : 0001F7B7;
45a1 : 6B47C703;
45a2 : 00400793;
45a3 : 02F71E63;
45a4 : 12842783;
45a5 : 3E800713;
45a6 : 12C42603;
45a7 : 01079693;
45a8 : 0106D693;
45a9 : 02E686B3;
45aa : 12042583;
45ab : 01061613;
45ac : 0107D793;
45ad : 0001D537;
45ae : 00F66633;
45af : 5FC50513;
45b0 : 0106D693;
45b1 : E39F60EF;
45b2 : 02905C63;
45b3 : 000207B7;
45b4 : 9387A783;
45b5 : 02442703;
45b6 : 00E7E7B3;
45b7 : 0147D793;
45b8 : 00E7F793;
45b9 : 00078E63;
45ba : 0001D537;
45bb : 12040693;
45bc : 00098613;
45bd : 00090593;
45be : 60C50513;
45bf : 3AC060EF;
45c0 : 05C12083;
45c1 : 05812403;
45c2 : 05012903;
45c3 : 04C12983;
45c4 : 04812A03;
45c5 : 00048513;
45c6 : 05412483;
45c7 : 06010113;
45c8 : 00008067;
45c9 : 00B505B3;
45ca : 00050793;
45cb : 00B79663;
45cc : 40A78533;
45cd : 00008067;
45ce : 0007C703;
45cf : FE070AE3;
45d0 : 00178793;
45d1 : FE9FF06F;
45d2 : FB010113;
45d3 : 04912223;
45d4 : 00050613;
45d5 : 00050493;
45d6 : 0001C537;
45d7 : 00500593;
45d8 : B0050513;
45d9 : 04112623;
45da : 04812423;
45db : 05212023;
45dc : 03312E23;
45dd : 03412C23;
45de : 03512A23;
45df : 03612823;
45e0 : CD8FB0EF;
45e1 : 00400793;
45e2 : 30A7E863;
45e3 : 0001B737;
45e4 : 00251793;
45e5 : 6C870713;
45e6 : 00E787B3;
45e7 : 0007A783;
45e8 : 00050413;
45e9 : 00078067;
45ea : A90F60EF;
45eb : FFF00793;
45ec : 0EF51063;
45ed : 0001C537;
45ee : 20050513;
45ef : D41F60EF;
45f0 : FFB00413;
45f1 : 0CC0006F;
45f2 : 0144A783;
45f3 : 2C078663;
45f4 : 0044A903;
45f5 : 01000593;
45f6 : 00090513;
45f7 : F49FF0EF;
45f8 : 00000793;
45f9 : 0CA79C63;
45fa : 01000793;
45fb : 02000713;
45fc : 0EF51463;
45fd : 0084A503;
45fe : D49FA0EF;
45ff : 02A12223;
4600 : 00C4A503;
4601 : D3DFA0EF;
4602 : 02A12423;
4603 : 0104A503;
4604 : D31FA0EF;
4605 : 3B9AD7B7;
4606 : A0078793;
4607 : 02F50733;
4608 : 02F51533;
4609 : 00E12E23;
460a : 02A12023;
460b : 00055463;
460c : FFF00413;
460d : 0144A503;
460e : D09FA0EF;
460f : 02850433;
4610 : 01C12783;
4611 : 02012703;
4612 : 00100593;
4613 : 00000613;
4614 : 00C10513;
4615 : 41F45693;
4616 : 00878433;
4617 : 00D70733;
4618 : 00F437B3;
4619 : 00E787B3;
461a : 02F12023;
461b : 00812E23;
461c : D40F70EF;
461d : FFE00793;
461e : 00050593;
461f : 06F51863;
4620 : 0001D537;
4621 : 61C50513;
4622 : C75F60EF;
4623 : FE400413;
4624 : 04C12083;
4625 : 00040513;
4626 : 04812403;
4627 : 04412483;
4628 : 04012903;
4629 : 03C12983;
462a : 03812A03;
462b : 03412A83;
462c : 03012B03;
462d : 05010113;
462e : 00008067;
462f : 00F90733;
4630 : 00074683;
4631 : 00C10713;
4632 : 00F70733;
4633 : 00D70023;
4634 : 00178793;
4635 : F11FF06F;
4636 : 00C10693;
4637 : 00A686B3;
4638 : 00E68023;
4639 : 00150513;
463a : F09FF06F;
463b : FFF00793;
463c : 00F51863;
463d : 0001D537;
463e : 62C50513;
463f : EC1FF06F;
4640 : 0001D537;
4641 : 63850513;
4642 : BF5F60EF;
4643 : 00000413;
4644 : F81FF06F;
4645 : 00055E63;
4646 : 00050593;
4647 : 0001D537;
4648 : 65C50513;
4649 : BD9F60EF;
464a : FF200413;
464b : F65FF06F;
464c : 00148493;
464d : 00048593;
464e : 67898513;
464f : BC1F60EF;
4650 : 00000913;
4651 : 00C10793;
4652 : 012787B3;
4653 : 0007C583;
4654 : 168A0513;
4655 : 00190913;
4656 : BA5F60EF;
4657 : FF5914E3;
4658 : 01C12703;
4659 : 02012783;
465a : 02812603;
465b : 02412583;
465c : 680B0513;
465d : B89F60EF;
465e : F884FAE3;
465f : 00048613;
4660 : 00000593;
4661 : 00C10513;
4662 : 864F70EF;
4663 : 00050413;
4664 : F80512E3;
4665 : 0001D537;
4666 : 64850513;
4667 : B61F60EF;
4668 : EF1FF06F;
4669 : 00100413;
466a : 00000493;
466b : 0001D9B7;
466c : 0001DA37;
466d : 01000A93;
466e : 0001DB37;
466f : FBDFF06F;
4670 : 0044A703;
4671 : 02071463;
4672 : 00000513;
4673 : 0340006F;
4674 : 00170713;
4675 : 00178793;
4676 : 00074603;
4677 : 0007C683;
4678 : 00060C63;
4679 : FED606E3;
467a : FE1FF06F;
467b : 0001D7B7;
467c : 61478793;
467d : FE5FF06F;
467e : 00100513;
467f : FC0696E3;
4680 : 909F70EF;
4681 : FED00793;
4682 : 00050413;
4683 : 00F51863;
4684 : 0001D537;
4685 : 6A450513;
4686 : F85FF06F;
4687 : FFB00793;
4688 : 00F51863;
4689 : 0001D537;
468a : 6B050513;
468b : F71FF06F;
468c : 0001F5B7;
468d : 0001D537;
468e : 4D458593;
468f : 6C050513;
4690 : ABDF60EF;
4691 : FFA00793;
4692 : 00F41863;
4693 : 0001D537;
4694 : 6C850513;
4695 : F49FF06F;
4696 : 0001F6B7;
4697 : 4D068693;
4698 : 0146A703;
4699 : 0186A783;
469a : 0206A603;
469b : 01C6A583;
469c : 0001D537;
469d : 6E050513;
469e : A85F60EF;
469f : E15FF06F;
46a0 : 0044A503;
46a1 : FFF00413;
46a2 : E00504E3;
46a3 : AB5FA0EF;
46a4 : C21F10EF;
46a5 : E79FF06F;
46a6 : FFF00413;
46a7 : DF5FF06F;
46a8 : 00000693;
46a9 : 0005DC63;
46aa : 00A03733;
46ab : 40B007B3;
46ac : 40E785B3;
46ad : 40A00533;
46ae : 00100693;
46af : 3E800713;
46b0 : 02A707B3;
46b1 : 02B705B3;
46b2 : 02A73733;
46b3 : 00008537;
46b4 : 00A78533;
46b5 : 00E58733;
46b6 : 00F535B3;
46b7 : 00E585B3;
46b8 : 01059793;
46b9 : 01055513;
46ba : 00A7E533;
46bb : 0105D593;
46bc : 00068A63;
46bd : 00A03733;
46be : 40B007B3;
46bf : 40E785B3;
46c0 : 40A00533;
46c1 : 00008067;
46c2 : 00452703;
46c3 : 00052883;
46c4 : 00852303;
46c5 : 00C52603;
46c6 : 00074863;
46c7 : 00E8E7B3;
46c8 : 0A079863;
46c9 : 0A065663;
46ca : 006036B3;
46cb : 40C007B3;
46cc : 40D78633;
46cd : 011036B3;
46ce : 40E007B3;
46cf : 40600333;
46d0 : 40D78733;
46d1 : 411008B3;
46d2 : FFF00513;
46d3 : FFF00593;
46d4 : 3E800813;
46d5 : 02C806B3;
46d6 : 000087B7;
46d7 : 02680633;
46d8 : 02683833;
46d9 : 00F607B3;
46da : 01068833;
46db : 00C7B6B3;
46dc : 010686B3;
46dd : 01069613;
46de : 0107D793;
46df : D4A51837;
46e0 : 00F667B3;
46e1 : 0E800613;
46e2 : 03160633;
46e3 : 0106D693;
46e4 : 02E80733;
46e5 : 00C70733;
46e6 : 03180633;
46e7 : 031838B3;
46e8 : 00C78633;
46e9 : 00F637B3;
46ea : 01170733;
46eb : 00E68733;
46ec : 00E787B3;
46ed : 02C585B3;
46ee : 02A787B3;
46ef : 00B787B3;
46f0 : 02A635B3;
46f1 : 02A60533;
46f2 : 00B785B3;
46f3 : 00008067;
46f4 : 00100513;
46f5 : 00000593;
46f6 : F79FF06F;
46f7 : 00452703;
46f8 : 00052683;
46f9 : 00852603;
46fa : 00C52803;
46fb : 0E075A63;
46fc : 41875793;
46fd : 0C07F793;
46fe : 08000593;
46ff : 0EB79863;
4700 : 00100793;
4701 : 00000593;
4702 : 02D588B3;
4703 : CA000337;
4704 : 02F70733;
4705 : 01170733;
4706 : 02F688B3;
4707 : 02F6B6B3;
4708 : 01152023;
4709 : 000048B7;
470a : B9A88893;
470b : 00D70733;
470c : 02F80833;
470d : 00E52223;
470e : 02C58733;
470f : 02C786B3;
4710 : 01070733;
4711 : 02C7B633;
4712 : 00D52423;
4713 : 00C70733;
4714 : 00E52623;
4715 : 00C52683;
4716 : 00852703;
4717 : 00052603;
4718 : 00452803;
4719 : 0806CA63;
471a : 00004837;
471b : FFFFC337;
471c : B9A80813;
471d : CA000EB7;
471e : 36000F37;
471f : 46530313;
4720 : 00C52703;
4721 : 00852683;
4722 : 00052603;
4723 : 00452883;
4724 : 08E84C63;
4725 : 01071463;
4726 : 08DEE863;
4727 : 02C58833;
4728 : 02F888B3;
4729 : 01180833;
472a : 02C788B3;
472b : 02C7B633;
472c : 01152023;
472d : 02F70733;
472e : 00C80633;
472f : 00C52223;
4730 : 02D585B3;
4731 : 02F68633;
4732 : 00B70733;
4733 : 02F6B7B3;
4734 : 00C52423;
4735 : 00F707B3;
4736 : 00F52623;
4737 : 00008067;
4738 : 00E6E7B3;
4739 : F0079EE3;
473a : F0085CE3;
473b : FFF00793;
473c : FFF00593;
473d : F15FF06F;
473e : FFF60E13;
473f : 00163613;
4740 : 40C80633;
4741 : 00C52223;
4742 : 00670633;
4743 : 00E63733;
4744 : 011686B3;
4745 : 00D70733;
4746 : 01C52023;
4747 : 00C52423;
4748 : 00E52623;
4749 : F31FF06F;
474a : 00160E13;
474b : 00CE3633;
474c : 01160633;
474d : 00C52223;
474e : 01E68633;
474f : 00D636B3;
4750 : 00670733;
4751 : 00E68733;
4752 : 01C52023;
4753 : 00C52423;
4754 : 00E52623;
4755 : F2DFF06F;
4756 : 0005A683;
4757 : 00052603;
4758 : 0045A803;
4759 : 00452703;
475a : 40D606B3;
475b : 00D63633;
475c : 41070733;
475d : 40C70733;
475e : 00E52223;
475f : 00852603;
4760 : 00D52023;
4761 : 0085A683;
4762 : 00C52703;
4763 : 00C5A583;
4764 : 40D606B3;
4765 : 00D63633;
4766 : 40B70733;
4767 : 40C70733;
4768 : 00D52423;
4769 : 00E52623;
476a : E35FF06F;
476b : F8010113;
476c : 07212823;
476d : 00050913;
476e : 06C52503;
476f : 06812C23;
4770 : 07312623;
4771 : 00068413;
4772 : 00058993;
4773 : 00060693;
4774 : 04010713;
4775 : 00058613;
4776 : 02C10593;
4777 : 06912A23;
4778 : 06112E23;
4779 : 07412423;
477a : C74F80EF;
477b : 00050493;
477c : 18A05C63;
477d : 0001FA37;
477e : 08040063;
477f : 04012783;
4780 : 3E800713;
4781 : 04412683;
4782 : 00F42023;
4783 : 04C12783;
4784 : 00D42223;
4785 : 01079793;
4786 : 02E7C7B3;
4787 : 04812703;
4788 : 41F75613;
4789 : 01075513;
478a : 01061613;
478b : 01071713;
478c : 00C56633;
478d : 41F7D593;
478e : 00E78733;
478f : 00F737B3;
4790 : 00C58633;
4791 : 00C787B3;
4792 : 00F42623;
4793 : 05C12783;
4794 : 00E42423;
4795 : 02079263;
4796 : 6B4A4703;
4797 : 00400793;
4798 : 00F70C63;
4799 : 00269693;
479a : 0026D693;
479b : 8F0007B7;
479c : 00D7E6B3;
479d : 00D42223;
479e : 00600613;
479f : 02C10593;
47a0 : 09490513;
47a1 : 905FE0EF;
47a2 : 03C15783;
47a3 : 02492703;
47a4 : 0AF91023;
47a5 : 000207B7;
47a6 : 9387A783;
47a7 : 00E7E7B3;
47a8 : 0147D793;
47a9 : 00E7F793;
47aa : 00078E63;
47ab : 0001D537;
47ac : 00040693;
47ad : 00048613;
47ae : 00098593;
47af : 70850513;
47b0 : 3E9050EF;
47b1 : 6B4A4703;
47b2 : 00400793;
47b3 : 0AF71E63;
47b4 : 01000613;
47b5 : 00040593;
47b6 : 01810513;
47b7 : 8ADFE0EF;
47b8 : 974F10EF;
47b9 : 00000793;
47ba : 3E800993;
47bb : 00F12423;
47bc : 01051793;
47bd : 0337C7B3;
47be : 00000813;
47bf : 00810593;
47c0 : 01810513;
47c1 : 01012623;
47c2 : 00010437;
47c3 : FFF40413;
47c4 : 00F12823;
47c5 : 41F7D793;
47c6 : 00F12A23;
47c7 : E3DFF0EF;
47c8 : 02012783;
47c9 : 02412603;
47ca : 01812583;
47cb : 0087F6B3;
47cc : 033686B3;
47cd : 0107D793;
47ce : 01061613;
47cf : 0001D537;
47d0 : 00F66633;
47d1 : 71050513;
47d2 : 4106D693;
47d3 : DB0F60EF;
47d4 : 12090593;
47d5 : 01810513;
47d6 : E01FF0EF;
47d7 : 02012783;
47d8 : 02412583;
47d9 : 0001D537;
47da : 0087F633;
47db : 03360633;
47dc : 01059593;
47dd : 0107D793;
47de : 00F5E5B3;
47df : 72050513;
47e0 : 41065613;
47e1 : D78F60EF;
47e2 : 07C12083;
47e3 : 07812403;
47e4 : 07012903;
47e5 : 06C12983;
47e6 : 06812A03;
47e7 : 00048513;
47e8 : 07412483;
47e9 : 08010113;
47ea : 00008067;
47eb : 0005A683;
47ec : 00052703;
47ed : 0045A803;
47ee : 00452603;
47ef : 00D706B3;
47f0 : 00E6B733;
47f1 : 01060633;
47f2 : 00C70733;
47f3 : 00E52223;
47f4 : 00D52023;
47f5 : 00852703;
47f6 : 0085A683;
47f7 : 00C52603;
47f8 : 00C5A583;
47f9 : 00D706B3;
47fa : 00E6B733;
47fb : 00B60633;
47fc : 00C70733;
47fd : 00D52423;
47fe : 00E52623;
47ff : BE1FF06F;
4800 : FD010113;
4801 : 02812423;
4802 : 03212023;
4803 : 02112623;
4804 : 02912223;
4805 : 00050413;
4806 : 00058913;
4807 : 950FE0EF;
4808 : 02051C63;
4809 : 00050493;
480a : 0001C5B7;
480b : 0001D537;
480c : B1458593;
480d : 73050513;
480e : CC4F60EF;
480f : 02C12083;
4810 : 02812403;
4811 : 02012903;
4812 : 00048513;
4813 : 02412483;
4814 : 03010113;
4815 : 00008067;
4816 : 02844783;
4817 : 0027F793;
4818 : 02079063;
4819 : 0001C5B7;
481a : 0001D537;
481b : B1458593;
481c : 76C50513;
481d : C88F60EF;
481e : 00000493;
481f : FC1FF06F;
4820 : 24C45683;
4821 : 29A45603;
4822 : 00C68E63;
4823 : 0001C5B7;
4824 : 0001D537;
4825 : B1458593;
4826 : 7A450513;
4827 : C60F60EF;
4828 : FD9FF06F;
4829 : 01010593;
482a : 00090513;
482b : 844FD0EF;
482c : 02844783;
482d : 0A840513;
482e : 01010593;
482f : FFD7F793;
4830 : 02F40423;
4831 : 00A12623;
4832 : EE5FF0EF;
4833 : 00C12503;
4834 : 28040593;
4835 : ED9FF0EF;
4836 : 28842703;
4837 : 28C42783;
4838 : 000205B7;
4839 : 10E42423;
483a : 10F42623;
483b : 00300613;
483c : 94C58593;
483d : 00040513;
483e : BB8FC0EF;
483f : F6051EE3;
4840 : 02042783;
4841 : 0207A783;
4842 : 00079863;
4843 : 00040513;
4844 : F4CF10EF;
4845 : F65FF06F;
4846 : 00040513;
4847 : 000780E7;
4848 : 00100793;
4849 : 00050493;
484a : F4F508E3;
484b : FE0550E3;
484c : F0DFF06F;
484d : FE010113;
484e : 00812C23;
484f : 01212823;
4850 : 00112E23;
4851 : 00912A23;
4852 : 00050413;
4853 : 00058913;
4854 : 81CFE0EF;
4855 : 02051C63;
4856 : 00050493;
4857 : 0001C5B7;
4858 : 0001D537;
4859 : B2C58593;
485a : 7E450513;
485b : B90F60EF;
485c : 01C12083;
485d : 01812403;
485e : 01012903;
485f : 00048513;
4860 : 01412483;
4861 : 02010113;
4862 : 00008067;
4863 : 0B042783;
4864 : 0B442703;
4865 : 00E7E7B3;
4866 : 02079263;
4867 : 0A842783;
4868 : 0AC42703;
4869 : 00E7E7B3;
486a : 00079A63;
486b : 1F400613;
486c : 00000593;
486d : 00040513;
486e : 454070EF;
486f : 01000613;
4870 : 11040593;
4871 : 0B840513;
4872 : DC0FE0EF;
4873 : 00010593;
4874 : 00090513;
4875 : F1DFC0EF;
4876 : 27744683;
4877 : 02844783;
4878 : 0A840713;
4879 : 0026F693;
487a : 28040493;
487b : 02068663;
487c : 0027E793;
487d : 02F40423;
487e : 29A45783;
487f : 01000613;
4880 : 00048593;
4881 : 24F41623;
4882 : 00070513;
4883 : D7CFE0EF;
4884 : 00000493;
4885 : F5DFF06F;
4886 : FFD7F793;
4887 : 02F40423;
4888 : 01000613;
4889 : 00010593;
488a : 00070513;
488b : D5CFE0EF;
488c : 00048593;
488d : D79FF0EF;
488e : 00000793;
488f : 00000813;
4890 : 000205B7;
4891 : 10F42423;
4892 : 11042623;
4893 : 00300613;
4894 : 94858593;
4895 : 00040513;
4896 : A58FC0EF;
4897 : FA051AE3;
4898 : 02042783;
4899 : 01C7A783;
489a : 00079863;
489b : 00040513;
489c : DECF10EF;
489d : F9DFF06F;
489e : 00040513;
489f : 000780E7;
48a0 : 00100793;
48a1 : 00050493;
48a2 : F8F504E3;
48a3 : FE0550E3;
48a4 : EE1FF06F;
48a5 : FE010113;
48a6 : 00912A23;
48a7 : 01852483;
48a8 : 01312623;
48a9 : 0A850993;
48aa : 00812C23;
48ab : 00098593;
48ac : 00050413;
48ad : 01000613;
48ae : 08848513;
48af : 00112E23;
48b0 : 01212823;
48b1 : CC4FE0EF;
48b2 : 0B840913;
48b3 : 01000613;
48b4 : 00090593;
48b5 : 09848513;
48b6 : CB0FE0EF;
48b7 : 04848593;
48b8 : 00098513;
48b9 : CC9FF0EF;
48ba : 07848593;
48bb : 00090513;
48bc : A69FF0EF;
48bd : 17C42403;
48be : 00098593;
48bf : 01000613;
48c0 : 08040513;
48c1 : C84FE0EF;
48c2 : 00090593;
48c3 : 09040513;
48c4 : 01000613;
48c5 : C74FE0EF;
48c6 : 00100793;
48c7 : 06F401A3;
48c8 : 01C12083;
48c9 : 01812403;
48ca : 01412483;
48cb : 01012903;
48cc : 00C12983;
48cd : 00000513;
48ce : 02010113;
48cf : 00008067;
48d0 : 0001C737;
48d1 : 0001D6B7;
48d2 : FF010113;
48d3 : B4070713;
48d4 : F4C68693;
48d5 : 00200613;
48d6 : 00200593;
48d7 : 00812423;
48d8 : 00112623;
48d9 : 00050413;
48da : 139060EF;
48db : 34042703;
48dc : 00100793;
48dd : 00040513;
48de : 00F71E63;
48df : F19FF0EF;
48e0 : 00C12083;
48e1 : 00812403;
48e2 : 00100513;
48e3 : 01010113;
48e4 : 00008067;
48e5 : CC8F10EF;
48e6 : FE9FF06F;
48e7 : 0001C737;
48e8 : 0001D6B7;
48e9 : FF010113;
48ea : B5070713;
48eb : F4C68693;
48ec : 00200613;
48ed : 00200593;
48ee : 00812423;
48ef : 00112623;
48f0 : 00050413;
48f1 : 0DD060EF;
48f2 : 34042703;
48f3 : 00100793;
48f4 : 00040513;
48f5 : 00F71E63;
48f6 : EBDFF0EF;
48f7 : 00C12083;
48f8 : 00812403;
48f9 : 00100513;
48fa : 01010113;
48fb : 00008067;
48fc : C6CF10EF;
48fd : FE9FF06F;
48fe : FE010113;
48ff : 00812C23;
4900 : 00000793;
4901 : 00050413;
4902 : 00000813;
4903 : 00010513;
4904 : 00112E23;
4905 : 00F12023;
4906 : 01012223;
4907 : 00B12423;
4908 : 00C12623;
4909 : FB8FF0EF;
490a : 00010593;
490b : 00040513;
490c : B7DFF0EF;
490d : 01C12083;
490e : 01812403;
490f : 02010113;
4910 : 00008067;
4911 : FE010113;
4912 : 00912A23;
4913 : 00058493;
4914 : 0001C5B7;
4915 : 01312623;
4916 : A5858593;
4917 : 05052983;
4918 : 00112E23;
4919 : 00812C23;
491a : 01212823;
491b : 00050413;
491c : 8F4FC0EF;
491d : 00200793;
491e : 00F98323;
491f : 24E45783;
4920 : 05042683;
4921 : 00050913;
4922 : 00178793;
4923 : 01079793;
4924 : 0107D793;
4925 : 00879713;
4926 : 24F41723;
4927 : 0087D793;
4928 : 00F767B3;
4929 : 00F69F23;
492a : 00A00613;
492b : 00000593;
492c : 02298513;
492d : F5DFC0EF;
492e : 19842583;
492f : 19C42603;
4930 : 00048513;
4931 : F35FF0EF;
4932 : 00098513;
4933 : 00048593;
4934 : B60FC0EF;
4935 : 01C12083;
4936 : 01812403;
4937 : 01412483;
4938 : 00C12983;
4939 : 00090513;
493a : 01012903;
493b : 02010113;
493c : 00008067;
493d : FD010113;
493e : 01312E23;
493f : 00C00993;
4940 : 033687B3;
4941 : 0001C737;
4942 : A5870993;
4943 : 02912223;
4944 : 00060493;
4945 : 08C52603;
4946 : 01412C23;
4947 : 00058A13;
4948 : 00C58633;
4949 : 04852583;
494a : 00F989B3;
494b : 03852783;
494c : 02812423;
494d : 02112623;
494e : 00C7A783;
494f : 03212023;
4950 : 00050413;
4951 : 000780E7;
4952 : FFE00793;
4953 : 10F50263;
4954 : 0001B937;
4955 : 01C90913;
4956 : 05455A63;
4957 : 0009A783;
4958 : 0001E6B7;
4959 : 81868693;
495a : 00279713;
495b : 00E90933;
495c : 00092703;
495d : 00100613;
495e : 00500593;
495f : 00040513;
4960 : 720060EF;
4961 : FFF00493;
4962 : 02C12083;
4963 : 02812403;
4964 : 02012903;
4965 : 01C12983;
4966 : 01812A03;
4967 : 00048513;
4968 : 02412483;
4969 : 03010113;
496a : 00008067;
496b : 02042783;
496c : 0547A783;
496d : 0A078263;
496e : 00040513;
496f : 000780E7;
4970 : 00058613;
4971 : 00050593;
4972 : 12040513;
4973 : E2DFF0EF;
4974 : 12842783;
4975 : 3E800713;
4976 : 12C42803;
4977 : 01079893;
4978 : 0108D893;
4979 : 02E888B3;
497a : 0009A703;
497b : 0107D793;
497c : 01081813;
497d : 00271713;
497e : 00E90933;
497f : 00092703;
4980 : 00F86833;
4981 : 12042783;
4982 : 0001E6B7;
4983 : 00E12023;
4984 : 0108D893;
4985 : 000A0713;
4986 : 83868693;
4987 : 00100613;
4988 : 00500593;
4989 : 00040513;
498a : 678060EF;
498b : 00100793;
498c : 00F49A63;
498d : 12740783;
498e : 08000713;
498f : 0C07F793;
4990 : F4E784E3;
4991 : 33042783;
4992 : 00178793;
4993 : 32F42823;
4994 : 00000493;
4995 : F35FF06F;
4996 : 19842583;
4997 : 19C42603;
4998 : F69FF06F;
4999 : 00C52783;
499a : FE010113;
499b : 00812C23;
499c : 00112E23;
499d : 00912A23;
499e : 01212823;
499f : 00050413;
49a0 : 06078A63;
49a1 : 00010593;
49a2 : F65F90EF;
49a3 : 3DE50613;
49a4 : 00100593;
49a5 : 00040513;
49a6 : 775060EF;
49a7 : 0001E537;
49a8 : 32040DA3;
49a9 : 86050513;
49aa : E55F50EF;
49ab : 0001E537;
49ac : 00000593;
49ad : 89050513;
49ae : E45F50EF;
49af : 0001E537;
49b0 : 8CC50513;
49b1 : E39F50EF;
49b2 : 00040513;
49b3 : 00100593;
49b4 : 4BC060EF;
49b5 : 00A42423;
49b6 : 01C12083;
49b7 : 01812403;
49b8 : 01412483;
49b9 : 01012903;
49ba : 00000513;
49bb : 02010113;
49bc : 00008067;
49bd : 00100593;
49be : 50D060EF;
49bf : FC0506E3;
49c0 : 00010593;
49c1 : 00040513;
49c2 : EE5F90EF;
49c3 : 03C42783;
49c4 : 03442503;
49c5 : 00100593;
49c6 : 02C7A783;
49c7 : 00012903;
49c8 : 00412483;
49c9 : 000780E7;
49ca : 03C42783;
49cb : 00010593;
49cc : 00040513;
49cd : 00C7A783;
49ce : 000780E7;
49cf : 00012783;
49d0 : 01279663;
49d1 : 00412783;
49d2 : FE9780E3;
49d3 : 03C42783;
49d4 : 00010593;
49d5 : 00040513;
49d6 : 00C7A783;
49d7 : 000780E7;
49d8 : 00010593;
49d9 : 00040513;
49da : CDDFF0EF;
49db : 00050593;
49dc : 00000693;
49dd : 00100613;
49de : 00040513;
49df : D79FF0EF;
49e0 : 00010593;
49e1 : 00040513;
49e2 : E65F90EF;
49e3 : FF650613;
49e4 : 00100593;
49e5 : 00040513;
49e6 : 675060EF;
49e7 : F2DFF06F;
49e8 : FB010113;
49e9 : 03512A23;
49ea : 00052A83;
49eb : 04812423;
49ec : 05212023;
49ed : 03412C23;
49ee : 04112623;
49ef : 04912223;
49f0 : 03312E23;
49f1 : 00500793;
49f2 : 00050413;
49f3 : 00058A13;
49f4 : 00060913;
49f5 : 12FA9C63;
49f6 : 00500593;
49f7 : 429060EF;
49f8 : 46050463;
49f9 : 00600793;
49fa : 00F42223;
49fb : 00000613;
49fc : 00100593;
49fd : 00040513;
49fe : 4B1060EF;
49ff : 00000613;
4a00 : 00400593;
4a01 : 00040513;
4a02 : 4A1060EF;
4a03 : 00000913;
4a04 : 00042423;
4a05 : 04C12083;
4a06 : 04812403;
4a07 : 04412483;
4a08 : 03C12983;
4a09 : 03812A03;
4a0a : 03412A83;
4a0b : 00090513;
4a0c : 04012903;
4a0d : 05010113;
4a0e : 00008067;
4a0f : 00C12783;
4a10 : 01012703;
4a11 : 00E7E7B3;
4a12 : 20079C63;
4a13 : 17842783;
4a14 : 00B78703;
4a15 : 00200793;
4a16 : 00E797B3;
4a17 : 01412703;
4a18 : 20E7C063;
4a19 : 0001D6B7;
4a1a : 3F868693;
4a1b : 00200613;
4a1c : 00500593;
4a1d : 00040513;
4a1e : 428060EF;
4a1f : 03C42783;
4a20 : 00810693;
4a21 : 00410613;
4a22 : 0047A783;
4a23 : 00010593;
4a24 : 00040513;
4a25 : 000780E7;
4a26 : 02050463;
4a27 : 0001D6B7;
4a28 : 33468693;
4a29 : 00100613;
4a2a : 00500593;
4a2b : 00040513;
4a2c : 3F0060EF;
4a2d : 000481A3;
4a2e : 00048223;
4a2f : 1A40006F;
4a30 : 00012783;
4a31 : 00F49023;
4a32 : FEDFF06F;
4a33 : 3C090263;
4a34 : 00F00793;
4a35 : 00000913;
4a36 : 3AF70C63;
4a37 : 0001D6B7;
4a38 : 48068693;
4a39 : 00100613;
4a3a : 00500593;
4a3b : 00040513;
4a3c : 3B0060EF;
4a3d : 39C0006F;
4a3e : 00100613;
4a3f : 00400593;
4a40 : 00040513;
4a41 : 200060EF;
4a42 : 39C0006F;
4a43 : 00100593;
4a44 : 2F5060EF;
4a45 : 0E050063;
4a46 : 00100593;
4a47 : 00040513;
4a48 : 86DFC0EF;
4a49 : 2B842683;
4a4a : 00100713;
4a4b : 00000793;
4a4c : 00E69463;
4a4d : 2B442783;
4a4e : 0AF41023;
4a4f : 03C42783;
4a50 : 01810593;
4a51 : 00040513;
4a52 : 00C7A783;
4a53 : 000780E7;
4a54 : 01810593;
4a55 : 00040513;
4a56 : AEDFF0EF;
4a57 : 00050593;
4a58 : 00000693;
4a59 : 00100613;
4a5a : 00040513;
4a5b : B89FF0EF;
4a5c : 06051663;
4a5d : 0001C5B7;
4a5e : A8858593;
4a5f : 00040513;
4a60 : 05042983;
4a61 : BE1FB0EF;
4a62 : 24E45783;
4a63 : 24E45703;
4a64 : 00050493;
4a65 : 00879793;
4a66 : 00875713;
4a67 : 00E7E7B3;
4a68 : 00F99F23;
4a69 : 12040593;
4a6a : 00098513;
4a6b : E85FB0EF;
4a6c : 12845503;
4a6d : 00000593;
4a6e : 198070EF;
4a6f : 00A9A423;
4a70 : 00B9A623;
4a71 : 00400693;
4a72 : 00000613;
4a73 : 00048593;
4a74 : 00040513;
4a75 : B21FF0EF;
4a76 : 00050E63;
4a77 : 0001E6B7;
4a78 : 90068693;
4a79 : 00100613;
4a7a : 00500593;
4a7b : 00040513;
4a7c : 2B0060EF;
4a7d : 03442783;
4a7e : 00400593;
4a7f : 00040513;
4a80 : 0147A483;
4a81 : 201060EF;
4a82 : 24050063;
4a83 : 00400593;
4a84 : 00040513;
4a85 : F78FC0EF;
4a86 : 0074C783;
4a87 : 04078263;
4a88 : 03C42783;
4a89 : 01410693;
4a8a : 01010613;
4a8b : 0007A783;
4a8c : 00C10593;
4a8d : 00040513;
4a8e : 000780E7;
4a8f : E00500E3;
4a90 : 0001D737;
4a91 : 0001D6B7;
4a92 : 2C070713;
4a93 : 2C868693;
4a94 : 00100613;
4a95 : 00500593;
4a96 : 00040513;
4a97 : 244060EF;
4a98 : 2B842683;
4a99 : 00100713;
4a9a : 00000793;
4a9b : 00E69463;
4a9c : 2B442783;
4a9d : 0001C5B7;
4a9e : 0AF41023;
4a9f : AAC58593;
4aa0 : 00040513;
4aa1 : 05042483;
4aa2 : ADDFB0EF;
4aa3 : 26445783;
4aa4 : 05042683;
4aa5 : 00050993;
4aa6 : 00178793;
4aa7 : 01079793;
4aa8 : 0107D793;
4aa9 : 26F41223;
4aaa : 00879713;
4aab : 0087D793;
4aac : 00F767B3;
4aad : 00F69F23;
4aae : 03442783;
4aaf : 01810693;
4ab0 : 00100593;
4ab1 : 0147A783;
4ab2 : 00600613;
4ab3 : 00478713;
4ab4 : 00E12C23;
4ab5 : 00378713;
4ab6 : 00E12E23;
4ab7 : 00278713;
4ab8 : 02E12023;
4ab9 : 00778713;
4aba : 02E12223;
4abb : 00578713;
4abc : 00678793;
4abd : 02E12423;
4abe : 02F12623;
4abf : 00048323;
4ac0 : 000483A3;
4ac1 : 00000713;
4ac2 : 0006A783;
4ac3 : 0007C783;
4ac4 : 00078A63;
4ac5 : 0074C503;
4ac6 : 00E597B3;
4ac7 : 00A7E7B3;
4ac8 : 00F483A3;
4ac9 : 00170713;
4aca : 00468693;
4acb : FCC71EE3;
4acc : 01E00613;
4acd : 00000593;
4ace : 02248513;
4acf : 8D5FC0EF;
4ad0 : 03442683;
4ad1 : 00800613;
4ad2 : 03548513;
4ad3 : 0146A703;
4ad4 : 00075783;
4ad5 : 00075703;
4ad6 : 00879793;
4ad7 : 00875713;
4ad8 : 00E7E7B3;
4ad9 : 02F49623;
4ada : 0106A783;
4adb : 01C7C783;
4adc : 02F487A3;
4add : 03442783;
4ade : 0107A783;
4adf : 0187C783;
4ae0 : 02F48823;
4ae1 : 03442783;
4ae2 : 0107A783;
4ae3 : 0197C783;
4ae4 : 02F488A3;
4ae5 : 03442783;
4ae6 : 0107A703;
4ae7 : 01A75783;
4ae8 : 01A75683;
4ae9 : 00879793;
4aea : 0086D693;
4aeb : 00D7E7B3;
4aec : 02F49923;
4aed : 01D74783;
4aee : 02F48A23;
4aef : 03442783;
4af0 : 0107A583;
4af1 : 01058593;
4af2 : BC1FD0EF;
4af3 : 03442783;
4af4 : 00C7A783;
4af5 : 0007D783;
4af6 : 0087D793;
4af7 : 02F48EA3;
4af8 : 03442783;
4af9 : 00C7A783;
4afa : 0007D783;
4afb : 02F48F23;
4afc : 03442783;
4afd : 0147A783;
4afe : 0087C783;
4aff : 02F48FA3;
4b00 : 02042783;
4b01 : 0347A783;
4b02 : 00078863;
4b03 : 00040513;
4b04 : 000780E7;
4b05 : 00050993;
4b06 : 00700693;
4b07 : 00000613;
4b08 : 00098593;
4b09 : 00040513;
4b0a : 8CDFF0EF;
4b0b : 00050E63;
4b0c : 0001E6B7;
4b0d : 91868693;
4b0e : 00100613;
4b0f : 00500593;
4b10 : 00040513;
4b11 : 05C060EF;
4b12 : 27144703;
4b13 : 00C00793;
4b14 : C6E7EEE3;
4b15 : 0001B6B7;
4b16 : 00271793;
4b17 : 6F068693;
4b18 : 00F687B3;
4b19 : 4747A783;
4b1a : C60782E3;
4b1b : 00090613;
4b1c : 000A0593;
4b1d : 00040513;
4b1e : 000780E7;
4b1f : 00150793;
4b20 : FFD7F793;
4b21 : 00050913;
4b22 : 00079463;
4b23 : 00000913;
4b24 : 00500793;
4b25 : C6FA92E3;
4b26 : 00500593;
4b27 : 00040513;
4b28 : 6ED050EF;
4b29 : 00A42423;
4b2a : B6DFF06F;
4b2b : 00052703;
4b2c : 00600793;
4b2d : 16F71C63;
4b2e : 0001C5B7;
4b2f : FD010113;
4b30 : A9458593;
4b31 : 02812423;
4b32 : 02912223;
4b33 : 00050413;
4b34 : 03212023;
4b35 : 01312E23;
4b36 : 01412C23;
4b37 : 05052483;
4b38 : 02112623;
4b39 : 11050993;
4b3a : 87DFB0EF;
4b3b : 02042783;
4b3c : 11845A03;
4b3d : 00050913;
4b3e : 0587A783;
4b3f : 00000593;
4b40 : 10079A63;
4b41 : 28042583;
4b42 : 28442703;
4b43 : 3B9AD6B7;
4b44 : A0068693;
4b45 : 02D587B3;
4b46 : 28C42603;
4b47 : 02D70733;
4b48 : 02D5B6B3;
4b49 : 00D70733;
4b4a : 01071713;
4b4b : 0107D693;
4b4c : 00E6E733;
4b4d : 28842683;
4b4e : 01079793;
4b4f : 00C70733;
4b50 : 00D786B3;
4b51 : 00F6B5B3;
4b52 : 41468A33;
4b53 : 00E585B3;
4b54 : 0146B6B3;
4b55 : 40D585B3;
4b56 : 000A0513;
4b57 : 5F5060EF;
4b58 : 29A45783;
4b59 : 29A45703;
4b5a : 00A4A423;
4b5b : 00879793;
4b5c : 00875713;
4b5d : 00E7E7B3;
4b5e : 00F49F23;
4b5f : 00B4A623;
4b60 : 00048513;
4b61 : 00098593;
4b62 : AA9FB0EF;
4b63 : 00800613;
4b64 : 29040593;
4b65 : 02C48513;
4b66 : 9F1FD0EF;
4b67 : 29845783;
4b68 : 29845703;
4b69 : 00500693;
4b6a : 00879793;
4b6b : 00875713;
4b6c : 00E7E7B3;
4b6d : 02F49A23;
4b6e : 00000613;
4b6f : 00090593;
4b70 : 00040513;
4b71 : F30FF0EF;
4b72 : 02051463;
4b73 : 02042783;
4b74 : 0307A783;
4b75 : 00078663;
4b76 : 00040513;
4b77 : 000780E7;
4b78 : 00600613;
4b79 : 09440593;
4b7a : 09A40513;
4b7b : 99DFD0EF;
4b7c : 02C12083;
4b7d : 02812403;
4b7e : 02412483;
4b7f : 02012903;
4b80 : 01C12983;
4b81 : 01812A03;
4b82 : 00000513;
4b83 : 03010113;
4b84 : 00008067;
4b85 : 00040513;
4b86 : 00B12623;
4b87 : 000780E7;
4b88 : 00C12583;
4b89 : EE0510E3;
4b8a : F31FF06F;
4b8b : 00000513;
4b8c : 00008067;
4b8d : FE010113;
4b8e : 17852783;
4b8f : 00812C23;
4b90 : 05052403;
4b91 : 00912A23;
4b92 : 01212823;
4b93 : 01312623;
4b94 : 00112E23;
4b95 : 0107A983;
4b96 : 00044783;
4b97 : 00058913;
4b98 : 00050493;
4b99 : FF07F793;
4b9a : 00C7E793;
4b9b : 00F40023;
4b9c : 00500793;
4b9d : 02F40023;
4b9e : 07F00793;
4b9f : 02F400A3;
4ba0 : 03452783;
4ba1 : 00800613;
4ba2 : 02240513;
4ba3 : 0107A583;
4ba4 : 8F9FD0EF;
4ba5 : 0344A783;
4ba6 : 0107A703;
4ba7 : 00875783;
4ba8 : 00875703;
4ba9 : 00879793;
4baa : 00875713;
4bab : 00E7E7B3;
4bac : 02F41523;
4bad : 30000793;
4bae : 02F41623;
4baf : 00800793;
4bb0 : 02F41823;
4bb1 : FFFFE7B7;
4bb2 : E3078793;
4bb3 : 02F41923;
4bb4 : 1AD00793;
4bb5 : 00895713;
4bb6 : 02F41A23;
4bb7 : 00891793;
4bb8 : 00E7E7B3;
4bb9 : 02F41B23;
4bba : 000017B7;
4bbb : 00378713;
4bbc : 06E90A63;
4bbd : 00478793;
4bbe : 0AF90C63;
4bbf : 00800793;
4bc0 : 03078593;
4bc1 : 0185D693;
4bc2 : 00859713;
4bc3 : 00D76733;
4bc4 : 00879793;
4bc5 : 00E41123;
4bc6 : 02F41723;
4bc7 : 00800693;
4bc8 : 00000613;
4bc9 : 00048513;
4bca : DCCFF0EF;
4bcb : 00051E63;
4bcc : 0001F737;
4bcd : 64872783;
4bce : 00178793;
4bcf : 64F72423;
4bd0 : 0001F7B7;
4bd1 : 65279623;
4bd2 : 01C12083;
4bd3 : 01812403;
4bd4 : 01412483;
4bd5 : 01012903;
4bd6 : 00C12983;
4bd7 : 02010113;
4bd8 : 00008067;
4bd9 : 1784A783;
4bda : 0309C703;
4bdb : 0107A683;
4bdc : 0406C783;
4bdd : 02070463;
4bde : 00879793;
4bdf : 03C6A503;
4be0 : 02F41C23;
4be1 : 399060EF;
4be2 : 02A41D23;
4be3 : 01055513;
4be4 : 02A41E23;
4be5 : 00E00793;
4be6 : F69FF06F;
4be7 : 1007E793;
4be8 : 00879713;
4be9 : 0087D793;
4bea : 00F767B3;
4beb : FD1FF06F;
4bec : 0109A503;
4bed : 369060EF;
4bee : 02A42C23;
4bef : 00C9A503;
4bf0 : 35D060EF;
4bf1 : 02A42E23;
4bf2 : 0189A503;
4bf3 : 351060EF;
4bf4 : 04A42023;
4bf5 : 0149A503;
4bf6 : 345060EF;
4bf7 : 04A42223;
4bf8 : 01800793;
4bf9 : F1DFF06F;
4bfa : 17852783;
4bfb : FF010113;
4bfc : 00912223;
4bfd : 0107A483;
4bfe : 00812423;
4bff : 00112623;
4c00 : 02E4C703;
4c01 : 00100793;
4c02 : 00050413;
4c03 : 02F70863;
4c04 : 00040513;
4c05 : 130040EF;
4c06 : 10100793;
4c07 : 0004A223;
4c08 : 00F49423;
4c09 : 00C12083;
4c0a : 00812403;
4c0b : 00412483;
4c0c : 00000513;
4c0d : 01010113;
4c0e : 00008067;
4c0f : 000015B7;
4c10 : 00558593;
4c11 : DF1FF0EF;
4c12 : FC0504E3;
4c13 : FD9FF06F;
4c14 : 17852783;
4c15 : FD010113;
4c16 : 02912223;
4c17 : 03212023;
4c18 : 02112623;
4c19 : 02812423;
4c1a : 0107A903;
4c1b : 00050493;
4c1c : 02068663;
4c1d : 00300793;
4c1e : 02F90C23;
4c1f : 4B000613;
4c20 : 00B00593;
4c21 : 588060EF;
4c22 : 000015B7;
4c23 : 00458593;
4c24 : 00048513;
4c25 : DA1FF0EF;
4c26 : 1040006F;
4c27 : 27154703;
4c28 : 00C00793;
4c29 : 08F71C63;
4c2a : 00068413;
4c2b : 01010613;
4c2c : 00E10693;
4c2d : DB9FD0EF;
4c2e : 08050263;
4c2f : 00E15703;
4c30 : 000017B7;
4c31 : 00378693;
4c32 : 02D71A63;
4c33 : 02E94683;
4c34 : 00100793;
4c35 : 04F69263;
4c36 : 00700793;
4c37 : 00F92223;
4c38 : 02C12083;
4c39 : 00040513;
4c3a : 02812403;
4c3b : 02412483;
4c3c : 02012903;
4c3d : 03010113;
4c3e : 00008067;
4c3f : 00578793;
4c40 : 00F71C63;
4c41 : 02E94683;
4c42 : 00200793;
4c43 : 00F69663;
4c44 : 00800793;
4c45 : FC9FF06F;
4c46 : 0001E7B7;
4c47 : 0001E6B7;
4c48 : 93478793;
4c49 : 94C68693;
4c4a : 00100613;
4c4b : 00200593;
4c4c : 00048513;
4c4d : 36D050EF;
4c4e : FA9FF06F;
4c4f : 00B00593;
4c50 : 00048513;
4c51 : 249050EF;
4c52 : 03894783;
4c53 : 12C00713;
4c54 : 00050413;
4c55 : 02E787B3;
4c56 : 04A7C263;
4c57 : 02051A63;
4c58 : 0001E737;
4c59 : 0001D6B7;
4c5a : 00048513;
4c5b : 98070713;
4c5c : 26468693;
4c5d : 00100613;
4c5e : 00600593;
4c5f : 325050EF;
4c60 : 00500593;
4c61 : 00048513;
4c62 : 9D5FC0EF;
4c63 : F55FF06F;
4c64 : 00048513;
4c65 : 87CFB0EF;
4c66 : EE0518E3;
4c67 : 00B00593;
4c68 : 00048513;
4c69 : 1E9050EF;
4c6a : 03894403;
4c6b : ED400693;
4c6c : 02D40433;
4c6d : 00A40433;
4c6e : F29FF06F;
4c6f : 17852783;
4c70 : FD010113;
4c71 : 02912223;
4c72 : 03212023;
4c73 : 02112623;
4c74 : 02812423;
4c75 : 0107A903;
4c76 : 00050493;
4c77 : 02068C63;
4c78 : 00300793;
4c79 : 02F90C23;
4c7a : 01852783;
4c7b : 00100713;
4c7c : 4B000613;
4c7d : 00E78AA3;
4c7e : 00B00593;
4c7f : 410060EF;
4c80 : 000015B7;
4c81 : 00258593;
4c82 : 00048513;
4c83 : C29FF0EF;
4c84 : 0DC0006F;
4c85 : 27154703;
4c86 : 00C00793;
4c87 : 06F71863;
4c88 : 00068413;
4c89 : 01010613;
4c8a : 00E10693;
4c8b : C41FD0EF;
4c8c : 04050E63;
4c8d : 00E15703;
4c8e : 000017B7;
4c8f : 00378793;
4c90 : 02F71463;
4c91 : 00700793;
4c92 : 00F92223;
4c93 : 02C12083;
4c94 : 00040513;
4c95 : 02812403;
4c96 : 02412483;
4c97 : 02012903;
4c98 : 03010113;
4c99 : 00008067;
4c9a : 0001E7B7;
4c9b : 0001E6B7;
4c9c : 99078793;
4c9d : 94C68693;
4c9e : 00100613;
4c9f : 00200593;
4ca0 : 00048513;
4ca1 : 21D050EF;
4ca2 : FC5FF06F;
4ca3 : 00B00593;
4ca4 : 00048513;
4ca5 : 0F9050EF;
4ca6 : 03894783;
4ca7 : 12C00713;
4ca8 : 00050413;
4ca9 : 02E787B3;
4caa : 04A7C263;
4cab : 02051A63;
4cac : 0001E737;
4cad : 0001D6B7;
4cae : 00048513;
4caf : 99C70713;
4cb0 : 26468693;
4cb1 : 00100613;
4cb2 : 00600593;
4cb3 : 1D5050EF;
4cb4 : 00400593;
4cb5 : 00048513;
4cb6 : 885FC0EF;
4cb7 : F71FF06F;
4cb8 : 00048513;
4cb9 : F2DFA0EF;
4cba : F0051CE3;
4cbb : 00B00593;
4cbc : 00048513;
4cbd : 099050EF;
4cbe : 03894403;
4cbf : ED400693;
4cc0 : 02D40433;
4cc1 : 00A40433;
4cc2 : F45FF06F;
4cc3 : 17852783;
4cc4 : FD010113;
4cc5 : 02912223;
4cc6 : 03212023;
4cc7 : 02112623;
4cc8 : 02812423;
4cc9 : 0107A903;
4cca : 00050493;
4ccb : 02068E63;
4ccc : 00100593;
4ccd : B48F90EF;
4cce : 00300793;
4ccf : 0003B637;
4cd0 : 02F90C23;
4cd1 : 98060613;
4cd2 : 00B00593;
4cd3 : 00048513;
4cd4 : 2BC060EF;
4cd5 : 000015B7;
4cd6 : 00158593;
4cd7 : 00048513;
4cd8 : AD5FF0EF;
4cd9 : 0E00006F;
4cda : 27154703;
4cdb : 00C00793;
4cdc : 06F71863;
4cdd : 00068413;
4cde : 01010613;
4cdf : 00E10693;
4ce0 : AEDFD0EF;
4ce1 : 04050E63;
4ce2 : 00E15703;
4ce3 : 000017B7;
4ce4 : 00278793;
4ce5 : 02F71463;
4ce6 : 00500793;
4ce7 : 00F92223;
4ce8 : 02C12083;
4ce9 : 00040513;
4cea : 02812403;
4ceb : 02412483;
4cec : 02012903;
4ced : 03010113;
4cee : 00008067;
4cef : 0001E7B7;
4cf0 : 0001E6B7;
4cf1 : 9A878793;
4cf2 : 94C68693;
4cf3 : 00100613;
4cf4 : 00200593;
4cf5 : 00048513;
4cf6 : 0C9050EF;
4cf7 : FC5FF06F;
4cf8 : 00B00593;
4cf9 : 00048513;
4cfa : 7A4050EF;
4cfb : 03894783;
4cfc : 0000F737;
4cfd : A6070713;
4cfe : 02E787B3;
4cff : 00050413;
4d00 : 04A7C263;
4d01 : 02051A63;
4d02 : 0001E737;
4d03 : 0001D6B7;
4d04 : 00048513;
4d05 : 9B070713;
4d06 : 26468693;
4d07 : 00100613;
4d08 : 00600593;
4d09 : 07D050EF;
4d0a : 00200593;
4d0b : 00048513;
4d0c : F2CFC0EF;
4d0d : F6DFF06F;
4d0e : 00048513;
4d0f : DD5FA0EF;
4d10 : F0051AE3;
4d11 : 00B00593;
4d12 : 00048513;
4d13 : 740050EF;
4d14 : 03894403;
4d15 : FFFF16B7;
4d16 : 5A068693;
4d17 : 02D40433;
4d18 : 00A40433;
4d19 : F3DFF06F;
4d1a : 17852783;
4d1b : FD010113;
4d1c : 02912223;
4d1d : 03212023;
4d1e : 02112623;
4d1f : 02812423;
4d20 : 0107A903;
4d21 : 00050493;
4d22 : 02068A63;
4d23 : B55FC0EF;
4d24 : 00300793;
4d25 : 00001637;
4d26 : 02F90C23;
4d27 : FA060613;
4d28 : 00B00593;
4d29 : 00048513;
4d2a : 164060EF;
4d2b : 000015B7;
4d2c : 00048513;
4d2d : 981FF0EF;
4d2e : 0DC0006F;
4d2f : 27154703;
4d30 : 00C00793;
4d31 : 06F71863;
4d32 : 00068413;
4d33 : 01010613;
4d34 : 00E10693;
4d35 : 999FD0EF;
4d36 : 04050E63;
4d37 : 00E15703;
4d38 : 000017B7;
4d39 : 00178793;
4d3a : 02F71463;
4d3b : 00200793;
4d3c : 00F92223;
4d3d : 02C12083;
4d3e : 00040513;
4d3f : 02812403;
4d40 : 02412483;
4d41 : 02012903;
4d42 : 03010113;
4d43 : 00008067;
4d44 : 0001E7B7;
4d45 : 0001E6B7;
4d46 : 9B478793;
4d47 : 94C68693;
4d48 : 00100613;
4d49 : 00200593;
4d4a : 00048513;
4d4b : 774050EF;
4d4c : FC5FF06F;
4d4d : 00B00593;
4d4e : 00048513;
4d4f : 650050EF;
4d50 : 03894783;
4d51 : 3E800713;
4d52 : 00050413;
4d53 : 02E787B3;
4d54 : 04A7C263;
4d55 : 02051A63;
4d56 : 0001E737;
4d57 : 0001D6B7;
4d58 : 00048513;
4d59 : 9BC70713;
4d5a : 26468693;
4d5b : 00100613;
4d5c : 00600593;
4d5d : 72C050EF;
4d5e : 00100593;
4d5f : 00048513;
4d60 : DDCFC0EF;
4d61 : F71FF06F;
4d62 : 00048513;
4d63 : C85FA0EF;
4d64 : F0051EE3;
4d65 : 00B00593;
4d66 : 00048513;
4d67 : 5F0050EF;
4d68 : 03894403;
4d69 : C1800693;
4d6a : 02D40433;
4d6b : 00A40433;
4d6c : F45FF06F;
4d6d : 00050313;
4d6e : 00432683;
4d6f : 00052503;
4d70 : 00000793;
4d71 : 0CB6E063;
4d72 : 02B6D8B3;
4d73 : 00000E13;
4d74 : 03158733;
4d75 : 40E686B3;
4d76 : 00100813;
4d77 : 00000613;
4d78 : 0240006F;
4d79 : 01F5DE93;
4d7a : 00179713;
4d7b : 00EEE7B3;
4d7c : 01F85E93;
4d7d : 00161713;
4d7e : 00159593;
4d7f : 00EEE633;
4d80 : 00181813;
4d81 : 00F04663;
4d82 : 00079A63;
4d83 : 00058863;
4d84 : FCD7EAE3;
4d85 : 00F69463;
4d86 : FCA5E6E3;
4d87 : 02F6EA63;
4d88 : 00D79463;
4d89 : 02B56663;
4d8a : 40B50733;
4d8b : 00E53EB3;
4d8c : 40F686B3;
4d8d : 00070513;
4d8e : 010E0733;
4d8f : 41D686B3;
4d90 : 00C888B3;
4d91 : 01C73EB3;
4d92 : 011E88B3;
4d93 : 00070E13;
4d94 : 01F79713;
4d95 : 0015D593;
4d96 : 00B765B3;
4d97 : 00185813;
4d98 : 01F61713;
4d99 : 01076833;
4d9a : 00165613;
4d9b : 00C86733;
4d9c : 0017D793;
4d9d : FA0714E3;
4d9e : 01C32023;
4d9f : 01132223;
4da0 : 00008067;
4da1 : 00000E13;
4da2 : 00000893;
4da3 : F4DFF06F;
4da4 : FE0C07B7;
4da5 : 0CF5C663;
4da6 : 00F59463;
4da7 : 0C050263;
4da8 : 01F407B7;
4da9 : 0CF5D463;
4daa : FFF78793;
4dab : 00F59663;
4dac : C1700793;
4dad : 0AA7EC63;
4dae : FE010113;
4daf : 00812C23;
4db0 : 00112E23;
4db1 : 00912A23;
4db2 : FFF00413;
4db3 : 0005C463;
4db4 : 00100413;
4db5 : 41F45493;
4db6 : 02A487B3;
4db7 : 028585B3;
4db8 : 00F585B3;
4db9 : 028507B3;
4dba : 02853533;
4dbb : 00F12423;
4dbc : 00A585B3;
4dbd : 00B12623;
4dbe : 00810513;
4dbf : 3E800593;
4dc0 : EB5FF0EF;
4dc1 : 00C12783;
4dc2 : 01051513;
4dc3 : 00812703;
4dc4 : 01079693;
4dc5 : 3E800793;
4dc6 : 02F557B3;
4dc7 : 01075613;
4dc8 : 01071713;
4dc9 : 00D666B3;
4dca : 01C12083;
4dcb : 00E78533;
4dcc : 00F537B3;
4dcd : 00D787B3;
4dce : 02A484B3;
4dcf : 028787B3;
4dd0 : 028535B3;
4dd1 : 009787B3;
4dd2 : 01412483;
4dd3 : 02850533;
4dd4 : 01812403;
4dd5 : 00B785B3;
4dd6 : 02010113;
4dd7 : 00008067;
4dd8 : 00000513;
4dd9 : 800005B7;
4dda : 00008067;
4ddb : 800005B7;
4ddc : FFFF0537;
4ddd : FFF5C593;
4dde : 00008067;
4ddf : FC010113;
4de0 : 02812C23;
4de1 : 03212823;
4de2 : 02112E23;
4de3 : 02912A23;
4de4 : 03312623;
4de5 : 00060913;
4de6 : 00100413;
4de7 : 0005D463;
4de8 : FFF00413;
4de9 : 41F45993;
4dea : 02A987B3;
4deb : 028585B3;
4dec : 00B785B3;
4ded : 02A407B3;
4dee : 02A43533;
4def : 00F12823;
4df0 : 00A58533;
4df1 : 00A12A23;
4df2 : 3E800593;
4df3 : 01010513;
4df4 : DE5FF0EF;
4df5 : 01012703;
4df6 : 01412783;
4df7 : 3B9AD5B7;
4df8 : 00050493;
4df9 : A0058593;
4dfa : 01810513;
4dfb : 00E12C23;
4dfc : 00F12E23;
4dfd : DC1FF0EF;
4dfe : 01055793;
4dff : 0104D713;
4e00 : 00F92623;
4e01 : 01049493;
4e02 : 000087B7;
4e03 : 00F487B3;
4e04 : 00A12823;
4e05 : 0097B4B3;
4e06 : 01051513;
4e07 : 00E484B3;
4e08 : 00A92423;
4e09 : 3E800593;
4e0a : 00810513;
4e0b : 00F12423;
4e0c : 00912623;
4e0d : 00012A23;
4e0e : D7DFF0EF;
4e0f : 00892783;
4e10 : 00812703;
4e11 : 00C92683;
4e12 : 00C12603;
4e13 : 00E78733;
4e14 : 00F737B3;
4e15 : 00C686B3;
4e16 : 00D787B3;
4e17 : 028787B3;
4e18 : 03C12083;
4e19 : 03412483;
4e1a : 02E986B3;
4e1b : 00D787B3;
4e1c : 028706B3;
4e1d : 02873733;
4e1e : 00D92423;
4e1f : 00E787B3;
4e20 : 00F92623;
4e21 : 01812703;
4e22 : 01C12783;
4e23 : 033709B3;
4e24 : 028787B3;
4e25 : 028706B3;
4e26 : 013787B3;
4e27 : 02C12983;
4e28 : 02873433;
4e29 : 00D92023;
4e2a : 00878433;
4e2b : 00892223;
4e2c : 03812403;
4e2d : 03012903;
4e2e : 04010113;
4e2f : 00008067;
4e30 : 000205B7;
4e31 : FA010113;
4e32 : 00300613;
4e33 : 95458593;
4e34 : 04812C23;
4e35 : 04912A23;
4e36 : 05312623;
4e37 : 17C52483;
4e38 : 04112E23;
4e39 : 05212823;
4e3a : 05412423;
4e3b : 05512223;
4e3c : 05612023;
4e3d : 03712E23;
4e3e : 03812C23;
4e3f : 03912A23;
4e40 : 03A12823;
4e41 : 03B12623;
4e42 : 00050413;
4e43 : BA5FA0EF;
4e44 : 00000993;
4e45 : 3E051E63;
4e46 : 000205B7;
4e47 : 00050993;
4e48 : 00F00613;
4e49 : 95058593;
4e4a : 00040513;
4e4b : 17C42903;
4e4c : B81FA0EF;
4e4d : 3C051E63;
4e4e : 00020AB7;
4e4f : 02442783;
4e50 : 938AA703;
4e51 : 08090B13;
4e52 : 09090993;
4e53 : 00E7E7B3;
4e54 : 0107D793;
4e55 : 00E7F793;
4e56 : 0A090A13;
4e57 : 0B090B93;
4e58 : 08078A63;
4e59 : 000B0513;
4e5a : D24F90EF;
4e5b : 0001E6B7;
4e5c : 00050713;
4e5d : 9C868693;
4e5e : 00200613;
4e5f : 00400593;
4e60 : 00040513;
4e61 : 31C050EF;
4e62 : 00098513;
4e63 : D00F90EF;
4e64 : 0001E6B7;
4e65 : 00050713;
4e66 : 9D468693;
4e67 : 00200613;
4e68 : 00400593;
4e69 : 00040513;
4e6a : 2F8050EF;
4e6b : 000A0513;
4e6c : CDCF90EF;
4e6d : 0001E6B7;
4e6e : 00050713;
4e6f : 9E068693;
4e70 : 00200613;
4e71 : 00400593;
4e72 : 00040513;
4e73 : 2D4050EF;
4e74 : 000B8513;
4e75 : CB8F90EF;
4e76 : 0001E6B7;
4e77 : 00050713;
4e78 : 9EC68693;
4e79 : 00200613;
4e7a : 00400593;
4e7b : 00040513;
4e7c : 2B0050EF;
4e7d : 01000613;
4e7e : 000B8593;
4e7f : 00010513;
4e80 : D89FC0EF;
4e81 : 000B0593;
4e82 : 00010513;
4e83 : B4CFE0EF;
4e84 : 01000613;
4e85 : 000A0593;
4e86 : 01010513;
4e87 : D6DFC0EF;
4e88 : 00098593;
4e89 : 01010513;
4e8a : B30FE0EF;
4e8b : 02090913;
4e8c : 01000613;
4e8d : 00010593;
4e8e : 00090513;
4e8f : D4DFC0EF;
4e90 : 00090513;
4e91 : 01010593;
4e92 : B10FE0EF;
4e93 : 02048B93;
4e94 : 000B8513;
4e95 : 8B4FE0EF;
4e96 : 19044703;
4e97 : 01F59793;
4e98 : 00155993;
4e99 : 0137E9B3;
4e9a : 4015D913;
4e9b : 17842783;
4e9c : 2E070063;
4e9d : 00098513;
4e9e : 00090593;
4e9f : 0347AD83;
4ea0 : 0307AC03;
4ea1 : C0DFF0EF;
4ea2 : 41F5D793;
4ea3 : 00A7C533;
4ea4 : 00B7C833;
4ea5 : 40F50633;
4ea6 : 40F80833;
4ea7 : 41FDD793;
4ea8 : 00058A13;
4ea9 : 0187C5B3;
4eaa : 00C536B3;
4eab : 01B7C733;
4eac : 40F58533;
4ead : 00A5B5B3;
4eae : 40F707B3;
4eaf : 40D806B3;
4eb0 : 40B785B3;
4eb1 : C2CFB0EF;
4eb2 : 01FA5A13;
4eb3 : 01FDD713;
4eb4 : 18042B03;
4eb5 : 18442D03;
4eb6 : 17842C83;
4eb7 : 00050793;
4eb8 : 00058693;
4eb9 : 00EA0A63;
4eba : 00A036B3;
4ebb : 40B005B3;
4ebc : 40A007B3;
4ebd : 40D586B3;
4ebe : 00FB07B3;
4ebf : 0167BB33;
4ec0 : 00DD05B3;
4ec1 : 00BB0B33;
4ec2 : 00FCAC23;
4ec3 : 016CAE23;
4ec4 : 17842783;
4ec5 : 03048B13;
4ec6 : 05048A13;
4ec7 : 0187A503;
4ec8 : 01C7A583;
4ec9 : F7DFD0EF;
4eca : 00050793;
4ecb : 01350533;
4ecc : 00F537B3;
4ecd : 012585B3;
4ece : 00B785B3;
4ecf : 000B0613;
4ed0 : C3DFF0EF;
4ed1 : 01000613;
4ed2 : 08048593;
4ed3 : 000A0513;
4ed4 : C39FC0EF;
4ed5 : 09048593;
4ed6 : 000A0513;
4ed7 : 9FCFE0EF;
4ed8 : 000B0593;
4ed9 : 000A0513;
4eda : C44FE0EF;
4edb : 00042703;
4edc : 00900793;
4edd : 04F71E63;
4ede : 03442783;
4edf : 0504A603;
4ee0 : 3B9AD6B7;
4ee1 : 00C7A583;
4ee2 : 0544A783;
4ee3 : A0068693;
4ee4 : 02D60733;
4ee5 : 02D787B3;
4ee6 : 02D636B3;
4ee7 : 05C4A603;
4ee8 : 00D787B3;
4ee9 : 01079793;
4eea : 01075693;
4eeb : 00F6E7B3;
4eec : 0584A683;
4eed : 01071713;
4eee : 00C787B3;
4eef : 00D706B3;
4ef0 : 00E6B733;
4ef1 : 00F707B3;
4ef2 : 00D5A423;
4ef3 : 00F5A623;
4ef4 : 04048493;
4ef5 : 00048613;
4ef6 : 00098513;
4ef7 : 00090593;
4ef8 : B9DFF0EF;
4ef9 : 00098513;
4efa : 00090593;
4efb : AA5FF0EF;
4efc : 00042703;
4efd : 00900793;
4efe : 00F71A63;
4eff : 03442783;
4f00 : 00C7A783;
4f01 : 00A7A823;
4f02 : 00B7AA23;
4f03 : 938AA783;
4f04 : 02442703;
4f05 : 00100993;
4f06 : 00E7E7B3;
4f07 : 0107D793;
4f08 : 00E7F793;
4f09 : 0E078663;
4f0a : 000B8513;
4f0b : A60F90EF;
4f0c : 0001E6B7;
4f0d : 00050713;
4f0e : 9F868693;
4f0f : 00200613;
4f10 : 00400593;
4f11 : 00040513;
4f12 : 058050EF;
4f13 : 000B0513;
4f14 : A3CF90EF;
4f15 : 0001E6B7;
4f16 : 00050713;
4f17 : A1068693;
4f18 : 00200613;
4f19 : 00400593;
4f1a : 00040513;
4f1b : 034050EF;
4f1c : 17842783;
4f1d : 01C7A583;
4f1e : 0187A503;
4f1f : 964F90EF;
4f20 : 0001E6B7;
4f21 : 00050713;
4f22 : A2868693;
4f23 : 00200613;
4f24 : 00400593;
4f25 : 00040513;
4f26 : 008050EF;
4f27 : 17842783;
4f28 : 0347A583;
4f29 : 0307A503;
4f2a : 86CF90EF;
4f2b : 0001E6B7;
4f2c : 00050713;
4f2d : A4468693;
4f2e : 00200613;
4f2f : 00400593;
4f30 : 00040513;
4f31 : 7DD040EF;
4f32 : 00048513;
4f33 : 9C0F90EF;
4f34 : 0001E6B7;
4f35 : 00050713;
4f36 : A6068693;
4f37 : 00200613;
4f38 : 00400593;
4f39 : 00040513;
4f3a : 7B9040EF;
4f3b : 000A0513;
4f3c : 99CF90EF;
4f3d : 0001E6B7;
4f3e : 00050713;
4f3f : A7868693;
4f40 : 00200613;
4f41 : 00400593;
4f42 : 00040513;
4f43 : 795040EF;
4f44 : 05C12083;
4f45 : 05812403;
4f46 : 05412483;
4f47 : 05012903;
4f48 : 04812A03;
4f49 : 04412A83;
4f4a : 04012B03;
4f4b : 03C12B83;
4f4c : 03812C03;
4f4d : 03412C83;
4f4e : 03012D03;
4f4f : 02C12D83;
4f50 : 00098513;
4f51 : 04C12983;
4f52 : 06010113;
4f53 : 00008067;
4f54 : 18042603;
4f55 : 18442683;
4f56 : 00C7AC23;
4f57 : 00D7AE23;
4f58 : DB1FF06F;
4f59 : FA010113;
4f5a : 04812C23;
4f5b : 17C52403;
4f5c : 04112E23;
4f5d : 04912A23;
4f5e : 05212823;
4f5f : 05312623;
4f60 : 05412423;
4f61 : 05512223;
4f62 : 05612023;
4f63 : 03712E23;
4f64 : 03812C23;
4f65 : 03912A23;
4f66 : 06344783;
4f67 : 02079E63;
4f68 : 00000513;
4f69 : 05C12083;
4f6a : 05812403;
4f6b : 05412483;
4f6c : 05012903;
4f6d : 04C12983;
4f6e : 04812A03;
4f6f : 04412A83;
4f70 : 04012B03;
4f71 : 03C12B83;
4f72 : 03812C03;
4f73 : 03412C83;
4f74 : 06010113;
4f75 : 00008067;
4f76 : 00058913;
4f77 : 000205B7;
4f78 : 060401A3;
4f79 : 00C00613;
4f7a : 95858593;
4f7b : 00050493;
4f7c : EC0FA0EF;
4f7d : FA0516E3;
4f7e : 01000613;
4f7f : 0C848593;
4f80 : 0A040513;
4f81 : 985FC0EF;
4f82 : 0B040513;
4f83 : 01000613;
4f84 : 0D848593;
4f85 : 975FC0EF;
4f86 : 00048513;
4f87 : 17C4A403;
4f88 : AA1FF0EF;
4f89 : 3C050663;
4f8a : 04042783;
4f8b : 04442703;
4f8c : 00E7E7B3;
4f8d : 3A079E63;
4f8e : 01C42A83;
4f8f : 01842B03;
4f90 : 04842783;
4f91 : 04C42C03;
4f92 : 01504C63;
4f93 : 000A9463;
4f94 : 000B1863;
4f95 : 300C4063;
4f96 : 00F42823;
4f97 : 01842A23;
4f98 : 0344A783;
4f99 : 01042A03;
4f9a : 01442983;
4f9b : 0047A783;
4f9c : 03F00C93;
4f9d : 02479B83;
4f9e : 417C8633;
4f9f : 000A0513;
4fa0 : 00098593;
4fa1 : 3FD050EF;
4fa2 : 00B56533;
4fa3 : 2C051E63;
4fa4 : 000B8613;
4fa5 : 00100513;
4fa6 : 00000593;
4fa7 : 3AD050EF;
4fa8 : 00050613;
4fa9 : 00058713;
4faa : 0155C663;
4fab : 00BA9863;
4fac : 01657663;
4fad : 00A42C23;
4fae : 00B42E23;
4faf : 01C42683;
4fb0 : 01842783;
4fb1 : 00E6C663;
4fb2 : 00D71E63;
4fb3 : 00C7FC63;
4fb4 : 00178713;
4fb5 : 00F737B3;
4fb6 : 00D787B3;
4fb7 : 00E42C23;
4fb8 : 00F42E23;
4fb9 : 000C5863;
4fba : 2809C463;
4fbb : 05442423;
4fbc : 05342623;
4fbd : 00300513;
4fbe : 033509B3;
4fbf : 04C42703;
4fc0 : 04842783;
4fc1 : 034506B3;
4fc2 : 03453533;
4fc3 : 00A989B3;
4fc4 : 00E9C663;
4fc5 : 07371863;
4fc6 : 06F6F663;
4fc7 : 0107D793;
4fc8 : 01071713;
4fc9 : 0001E6B7;
4fca : 00F76733;
4fcb : A9068693;
4fcc : 00100613;
4fcd : 00400593;
4fce : 00048513;
4fcf : 565040EF;
4fd0 : 01042703;
4fd1 : 01442683;
4fd2 : 01C42603;
4fd3 : 01F75793;
4fd4 : 00169693;
4fd5 : 00D7E6B3;
4fd6 : 01842783;
4fd7 : 00171713;
4fd8 : 00C686B3;
4fd9 : 00F707B3;
4fda : 00E7B733;
4fdb : 00D70733;
4fdc : 00178693;
4fdd : 00F6B7B3;
4fde : 00E787B3;
4fdf : 04D42423;
4fe0 : 04F42623;
4fe1 : 01842583;
4fe2 : 01C42783;
4fe3 : 01042683;
4fe4 : 0015B713;
4fe5 : 40E787B3;
4fe6 : 01442703;
4fe7 : FFF58613;
4fe8 : 02F687B3;
4fe9 : 02010513;
4fea : 02C70733;
4feb : 00E787B3;
4fec : 02C68733;
4fed : 02C6B6B3;
4fee : 04C42603;
4fef : 00D787B3;
4ff0 : 04842683;
4ff1 : 00C787B3;
4ff2 : 00D706B3;
4ff3 : 00E6B733;
4ff4 : 00F707B3;
4ff5 : 02D12023;
4ff6 : 02F12223;
4ff7 : DD8FF0EF;
4ff8 : 02012683;
4ff9 : 02412503;
4ffa : 0004A703;
4ffb : 00D42823;
4ffc : 00A42A23;
4ffd : 04D42423;
4ffe : 04A42623;
4fff : 00900793;
5000 : 04F71A63;
5001 : 0344A783;
5002 : 04042583;
5003 : 3B9AD637;
5004 : 00C7A803;
5005 : 04442783;
5006 : A0060613;
5007 : 02C58733;
5008 : 02C787B3;
5009 : 02C5B633;
500a : 00C787B3;
500b : 01079793;
500c : 01075613;
500d : 01071713;
500e : 00D706B3;
500f : 00F667B3;
5010 : 00E6B733;
5011 : 00A787B3;
5012 : 00F707B3;
5013 : 00D82823;
5014 : 00F82A23;
5015 : 01842703;
5016 : 04040513;
5017 : 00E12623;
5018 : E2DF80EF;
5019 : 00C12703;
501a : 0001E6B7;
501b : 00050793;
501c : 00100613;
501d : AA868693;
501e : 00400593;
501f : 00048513;
5020 : 421040EF;
5021 : 05042783;
5022 : 05442703;
5023 : 0344A603;
5024 : 00E7E7B3;
5025 : 0E079863;
5026 : 05842783;
5027 : 05C42683;
5028 : 2D000737;
5029 : 00E78733;
502a : 13168693;
502b : 00F737B3;
502c : 00D787B3;
502d : 26200693;
502e : 0CF6E663;
502f : 00D79663;
5030 : 5A0007B7;
5031 : 0CE7E063;
5032 : 17C4A703;
5033 : 05842503;
5034 : 05C42583;
5035 : 00072783;
5036 : 00472683;
5037 : 0007D837;
5038 : 00A78533;
5039 : 00F537B3;
503a : 00B686B3;
503b : 00D786B3;
503c : 00462783;
503d : 00A72023;
503e : 00D72223;
503f : 02279583;
5040 : 41F5D793;
5041 : 02B80633;
5042 : 02F807B3;
5043 : 02B83833;
5044 : 010787B3;
5045 : 01079793;
5046 : 01065813;
5047 : 00F867B3;
5048 : 01061613;
5049 : 12D7CC63;
504a : 00F69463;
504b : 12A66863;
504c : 40C00833;
504d : 40F007B3;
504e : 00C03633;
504f : 40C787B3;
5050 : 00F6C663;
5051 : 12D79063;
5052 : 11057E63;
5053 : 01072023;
5054 : 1100006F;
5055 : 00000793;
5056 : 00000813;
5057 : 00F42823;
5058 : 01042A23;
5059 : CFDFF06F;
505a : FFFB8B93;
505b : D0DFF06F;
505c : 00000793;
505d : 00000813;
505e : 04F42423;
505f : 05042623;
5060 : D75FF06F;
5061 : 00462783;
5062 : 01C7A783;
5063 : 0017F793;
5064 : F2079CE3;
5065 : 03C4A783;
5066 : 02010593;
5067 : 00048513;
5068 : 00C7A783;
5069 : 000780E7;
506a : 05040593;
506b : 02010513;
506c : DFDFD0EF;
506d : 03C4A783;
506e : 02010593;
506f : 00048513;
5070 : 0107A783;
5071 : 000780E7;
5072 : 00048513;
5073 : E94FB0EF;
5074 : 06842783;
5075 : 07040593;
5076 : 00048513;
5077 : 00178793;
5078 : 06F42423;
5079 : 03C4A783;
507a : 00C7A783;
507b : 000780E7;
507c : 00100513;
507d : BA0908E3;
507e : 17C4A503;
507f : 05050513;
5080 : 909FD0EF;
5081 : 02B12223;
5082 : 000F45B7;
5083 : 02A12023;
5084 : 24058593;
5085 : 02010513;
5086 : B9CFF0EF;
5087 : 0344A503;
5088 : 3E800793;
5089 : 02012703;
508a : 00452683;
508b : 0346A603;
508c : 02C787B3;
508d : 41F75613;
508e : 00E64733;
508f : 40C70733;
5090 : 18E7CA63;
5091 : 03C4A783;
5092 : 00100593;
5093 : 02C7A783;
5094 : 000780E7;
5095 : 00100513;
5096 : B4DFF06F;
5097 : 00C72023;
5098 : 00F72223;
5099 : 00472983;
509a : 00072A03;
509b : 01304663;
509c : 10099E63;
509d : 100A0C63;
509e : 01412C23;
509f : 01312E23;
50a0 : 01810513;
50a1 : B30FF0EF;
50a2 : 03304663;
50a3 : 00099463;
50a4 : 020A1263;
50a5 : 01812783;
50a6 : 40F006B3;
50a7 : 00F03733;
50a8 : 01C12783;
50a9 : 00D12C23;
50aa : 40F007B3;
50ab : 40E787B3;
50ac : 00F12E23;
50ad : 05C42983;
50ae : 05842A03;
50af : 01304663;
50b0 : 0E099463;
50b1 : 0E0A0263;
50b2 : 03412023;
50b3 : 03312223;
50b4 : 0344A783;
50b5 : 02010513;
50b6 : 0047A783;
50b7 : 02079583;
50b8 : AD4FF0EF;
50b9 : 03304663;
50ba : 00099463;
50bb : 020A1263;
50bc : 02012783;
50bd : 40F006B3;
50be : 00F03733;
50bf : 02412783;
50c0 : 02D12023;
50c1 : 40F007B3;
50c2 : 40E787B3;
50c3 : 02F12223;
50c4 : 0344A683;
50c5 : 02012783;
50c6 : 02412703;
50c7 : 0046A683;
50c8 : 01812583;
50c9 : 01C12603;
50ca : 01C6A683;
50cb : 0016F693;
50cc : 02069A63;
50cd : 00B785B3;
50ce : 00F5B7B3;
50cf : 00C70733;
50d0 : 00E787B3;
50d1 : 01079793;
50d2 : 0105D593;
50d3 : 00B7E5B3;
50d4 : 03C4A783;
50d5 : 01C7A703;
50d6 : 06070663;
50d7 : 00048513;
50d8 : 000700E7;
50d9 : 17C4A783;
50da : 0001E6B7;
50db : AC868693;
50dc : 0007A703;
50dd : 00200613;
50de : 00400593;
50df : 40A75713;
50e0 : 00048513;
50e1 : 11D040EF;
50e2 : E49FF06F;
50e3 : 014037B3;
50e4 : 41300733;
50e5 : 414006B3;
50e6 : 40F707B3;
50e7 : 00D12C23;
50e8 : 00F12E23;
50e9 : EDDFF06F;
50ea : 014037B3;
50eb : 41300733;
50ec : 414006B3;
50ed : 40F707B3;
50ee : 02D12023;
50ef : 02F12223;
50f0 : F11FF06F;
50f1 : 0187A783;
50f2 : 00048513;
50f3 : 000780E7;
50f4 : F95FF06F;
50f5 : 03E6C683;
50f6 : E6069EE3;
50f7 : 00500693;
50f8 : 02D7C6B3;
50f9 : 00D787B3;
50fa : E6E7D6E3;
50fb : 03C4A783;
50fc : 00000593;
50fd : 02C7A783;
50fe : E59FF06F;
50ff : FB010113;
5100 : 05212023;
5101 : 00058913;
5102 : 04812423;
5103 : 02010593;
5104 : 00050413;
5105 : 00090513;
5106 : 04112623;
5107 : 04912223;
5108 : CD1FA0EF;
5109 : 02C90593;
510a : 00800613;
510b : 03010513;
510c : B58FC0EF;
510d : 03495783;
510e : 03495483;
510f : 17842903;
5110 : 0087D793;
5111 : 00849493;
5112 : 00F4E4B3;
5113 : 01049493;
5114 : 0104D493;
5115 : 00800613;
5116 : 03010593;
5117 : 00090513;
5118 : 02911C23;
5119 : C91FB0EF;
511a : 02051263;
511b : 25045703;
511c : 29A45783;
511d : 00F71C63;
511e : 00895783;
511f : 00979863;
5120 : 00040513;
5121 : CE9FB0EF;
5122 : 04051263;
5123 : 02844783;
5124 : 0001C737;
5125 : 0001E6B7;
5126 : B9870713;
5127 : AE068693;
5128 : 00100613;
5129 : 00500593;
512a : 00040513;
512b : 7F4040EF;
512c : 04C12083;
512d : 04812403;
512e : 04412483;
512f : 04012903;
5130 : 00000513;
5131 : 05010113;
5132 : 00008067;
5133 : 0D840493;
5134 : 02010593;
5135 : 01000613;
5136 : 00048513;
5137 : AACFC0EF;
5138 : 02042783;
5139 : 28040593;
513a : 0587A783;
513b : 04078C63;
513c : 00040513;
513d : 00B12623;
513e : 000780E7;
513f : 00C12583;
5140 : 04051263;
5141 : 00048513;
5142 : AA5FD0EF;
5143 : 02042783;
5144 : 0147A783;
5145 : 06078663;
5146 : 00040513;
5147 : 000780E7;
5148 : F80508E3;
5149 : 17842783;
514a : 29C40703;
514b : 00A78683;
514c : F8E680E3;
514d : 00E78523;
514e : 00040513;
514f : 15C050EF;
5150 : F71FF06F;
5151 : 00000793;
5152 : 00F12823;
5153 : 17842783;
5154 : 00000813;
5155 : 00048513;
5156 : 0187A703;
5157 : 01C7A783;
5158 : 01012A23;
5159 : 00E12C23;
515a : 00F12E23;
515b : FECFD0EF;
515c : 01010593;
515d : 00048513;
515e : FE0FD0EF;
515f : F91FF06F;
5160 : 00100593;
5161 : 00040513;
5162 : FDCFF0EF;
5163 : F95FF06F;
5164 : FB010113;
5165 : 03512A23;
5166 : 0001BAB7;
5167 : 6F0A8713;
5168 : 0001D6B7;
5169 : 4C070713;
516a : F4C68693;
516b : 00200613;
516c : 00200593;
516d : 04912223;
516e : 04112623;
516f : 00050493;
5170 : 04812423;
5171 : 05212023;
5172 : 03312E23;
5173 : 03412C23;
5174 : 03612823;
5175 : 03712623;
5176 : 03812423;
5177 : 03912223;
5178 : 6C0040EF;
5179 : 3404A703;
517a : 00100793;
517b : 68F71C63;
517c : 0184A403;
517d : 0C848B13;
517e : 01000613;
517f : 0A840C13;
5180 : 000B0593;
5181 : 000C0513;
5182 : 980FC0EF;
5183 : 0B840793;
5184 : 0D848A13;
5185 : 01000613;
5186 : 000A0593;
5187 : 00078513;
5188 : 968FC0EF;
5189 : 17C4A703;
518a : 6F0A8A93;
518b : 06374703;
518c : 04070663;
518d : 0E840993;
518e : 01000613;
518f : 00050593;
5190 : 00098513;
5191 : 944FC0EF;
5192 : 08840593;
5193 : 00098513;
5194 : F08FD0EF;
5195 : 01000613;
5196 : 000C0593;
5197 : 01010513;
5198 : 928FC0EF;
5199 : 09840593;
519a : 01010513;
519b : EECFD0EF;
519c : 01010593;
519d : 00098513;
519e : EE0FD0EF;
519f : 06840593;
51a0 : 000B0513;
51a1 : 929FD0EF;
51a2 : 05840593;
51a3 : 000A0513;
51a4 : EC8FD0EF;
51a5 : 17C4A403;
51a6 : 06344783;
51a7 : 04078E63;
51a8 : 000205B7;
51a9 : 060401A3;
51aa : 00C00613;
51ab : 93C58593;
51ac : 00048513;
51ad : DFDF90EF;
51ae : 04051063;
51af : 01000613;
51b0 : 000B0593;
51b1 : 0A040513;
51b2 : 8C0FC0EF;
51b3 : 01000613;
51b4 : 000A0593;
51b5 : 0B040513;
51b6 : 8B0FC0EF;
51b7 : 17C4A983;
51b8 : 0619C783;
51b9 : 06079063;
51ba : 0001E537;
51bb : 4D0A8593;
51bc : B2050513;
51bd : E09F30EF;
51be : 33C4A703;
51bf : 00300793;
51c0 : 00F71663;
51c1 : 00048513;
51c2 : 0E4050EF;
51c3 : 04C12083;
51c4 : 04812403;
51c5 : 04412483;
51c6 : 04012903;
51c7 : 03C12983;
51c8 : 03812A03;
51c9 : 03412A83;
51ca : 03012B03;
51cb : 02C12B83;
51cc : 02812C03;
51cd : 02412C83;
51ce : 00000513;
51cf : 05010113;
51d0 : 00008067;
51d1 : 0184A403;
51d2 : 00048513;
51d3 : 01842B03;
51d4 : 01C42A03;
51d5 : 96CFF0EF;
51d6 : FA0500E3;
51d7 : 02098513;
51d8 : BA8FD0EF;
51d9 : 00A42C23;
51da : 00B42E23;
51db : 03098513;
51dc : B98FD0EF;
51dd : 01000613;
51de : 02A42023;
51df : 02B42223;
51e0 : 01010513;
51e1 : 05098593;
51e2 : 800FC0EF;
51e3 : 01010513;
51e4 : 00100C13;
51e5 : B74FD0EF;
51e6 : 01840A23;
51e7 : 0689A783;
51e8 : 02A42823;
51e9 : 02B42A23;
51ea : 00178793;
51eb : 06F9A423;
51ec : 03C4A783;
51ed : 07098593;
51ee : 00048513;
51ef : 00C7A783;
51f0 : 000780E7;
51f1 : 01544783;
51f2 : F20788E3;
51f3 : 00048513;
51f4 : 41D020EF;
51f5 : 00050613;
51f6 : 00050E63;
51f7 : 0001E537;
51f8 : 4E4A8593;
51f9 : B4850513;
51fa : D15F30EF;
51fb : 01840B23;
51fc : F09FF06F;
51fd : 121020EF;
51fe : 08051463;
51ff : 0609C783;
5200 : FFD7F793;
5201 : 06F98023;
5202 : 01012783;
5203 : 01412703;
5204 : 00E7E7B3;
5205 : 08079463;
5206 : 01C12683;
5207 : 01042C83;
5208 : 01812703;
5209 : FFF00C13;
520a : 0006C463;
520b : 00100C13;
520c : 0F904863;
520d : 0001E537;
520e : 000C8613;
520f : 4F8A8593;
5210 : BA450513;
5211 : CB9F30EF;
5212 : 01012703;
5213 : 0001E6B7;
5214 : 00090813;
5215 : 000B8793;
5216 : BCC68693;
5217 : 00200613;
5218 : 00400593;
5219 : 00048513;
521a : 438040EF;
521b : 040B8C63;
521c : 00200593;
521d : 00048513;
521e : 84DF90EF;
521f : 0480006F;
5220 : 0001E6B7;
5221 : B8068693;
5222 : 00100613;
5223 : 00400593;
5224 : 00048513;
5225 : 40C040EF;
5226 : E61FF06F;
5227 : 00100593;
5228 : 00048513;
5229 : 821F90EF;
522a : 01012703;
522b : 0001E6B7;
522c : B8C68693;
522d : 00200613;
522e : 00400593;
522f : 00048513;
5230 : 3E0040EF;
5231 : 0609C783;
5232 : 0649A703;
5233 : 0027F793;
5234 : 10079063;
5235 : 0001E7B7;
5236 : E6878793;
5237 : 0001E6B7;
5238 : BF468693;
5239 : 00300613;
523a : 00400593;
523b : 00048513;
523c : 3B0040EF;
523d : 0619C783;
523e : 00400713;
523f : FFF78793;
5240 : 0FF7F793;
5241 : 16F76E63;
5242 : 0001B737;
5243 : 00279793;
5244 : 6DC70713;
5245 : 00E787B3;
5246 : 0007A783;
5247 : 00078067;
5248 : 41FC5793;
5249 : 02E787B3;
524a : 00008937;
524b : 000C8593;
524c : 00810513;
524d : 038686B3;
524e : 02EC0633;
524f : 00D787B3;
5250 : 3E800693;
5251 : 02EC3733;
5252 : 00E787B3;
5253 : 02C68733;
5254 : 02F687B3;
5255 : 01270933;
5256 : 00E93733;
5257 : 01095913;
5258 : 02C6B6B3;
5259 : 00D787B3;
525a : 00F707B3;
525b : 01079713;
525c : 01276933;
525d : 0107D793;
525e : 01212423;
525f : 00F12623;
5260 : C35FE0EF;
5261 : 00812603;
5262 : 00C12703;
5263 : 41FCD793;
5264 : 02F607B3;
5265 : 3E800593;
5266 : 00810513;
5267 : 03970733;
5268 : 03960833;
5269 : 00E787B3;
526a : 03963633;
526b : 41090933;
526c : 01012423;
526d : 00C787B3;
526e : 00F12623;
526f : BF9FE0EF;
5270 : 00812B83;
5271 : 03890933;
5272 : 037C0BB3;
5273 : E7DFF06F;
5274 : 0001E7B7;
5275 : B1078793;
5276 : F05FF06F;
5277 : 01012503;
5278 : 01412583;
5279 : 00000613;
527a : 110020EF;
527b : 0609C783;
527c : 0027E793;
527d : 06F98023;
527e : 00300593;
527f : 07C0006F;
5280 : 000B8613;
5281 : 00000513;
5282 : 00000593;
5283 : FDDFF06F;
5284 : 00C42703;
5285 : 0001E6B7;
5286 : 00090813;
5287 : 000B8793;
5288 : C0C68693;
5289 : 00200613;
528a : 00400593;
528b : 00048513;
528c : 270040EF;
528d : 00C42803;
528e : 0001D6B7;
528f : 11700793;
5290 : 01090833;
5291 : 00400593;
5292 : 01042623;
5293 : 4E4A8713;
5294 : 27C68693;
5295 : 00300613;
5296 : 00048513;
5297 : 244040EF;
5298 : 00C42503;
5299 : 678020EF;
529a : 0609C783;
529b : 00500593;
529c : 0027E793;
529d : 06F98023;
529e : 00048513;
529f : E48F90EF;
52a0 : 0619C703;
52a1 : FFC70793;
52a2 : 0017B793;
52a3 : 06F98123;
52a4 : 00400793;
52a5 : 00F70863;
52a6 : 00042783;
52a7 : 00178793;
52a8 : 00F42023;
52a9 : 03442703;
52aa : 03042683;
52ab : 41F75613;
52ac : 00C6C6B3;
52ad : 00C747B3;
52ae : 40C68733;
52af : 00E6B6B3;
52b0 : 40C787B3;
52b1 : 40D787B3;
52b2 : 00F04863;
52b3 : 00079C63;
52b4 : 1F400793;
52b5 : 00E7F863;
52b6 : 00442783;
52b7 : 00178793;
52b8 : 00F42223;
52b9 : 01842683;
52ba : 01C42603;
52bb : 40DB05B3;
52bc : 00BB37B3;
52bd : 40CA0733;
52be : 40F70733;
52bf : 14074463;
52c0 : 00100793;
52c1 : 00E04A63;
52c2 : 00071663;
52c3 : 3E800713;
52c4 : 00B76463;
52c5 : 00000793;
52c6 : BE0780E3;
52c7 : 00842783;
52c8 : 00178793;
52c9 : 00F42423;
52ca : BD1FF06F;
52cb : 01010513;
52cc : FD9FC0EF;
52cd : 40A007B3;
52ce : 0005C463;
52cf : 00050793;
52d0 : 03B00713;
52d1 : 04F74463;
52d2 : 03C4A783;
52d3 : 0344A503;
52d4 : 00100593;
52d5 : 02C7A783;
52d6 : 000780E7;
52d7 : 02042703;
52d8 : 02442783;
52d9 : 00400593;
52da : 02E42C23;
52db : 02F42E23;
52dc : 00048513;
52dd : D50F90EF;
52de : 04042703;
52df : 00900793;
52e0 : F0E7D0E3;
52e1 : 04042023;
52e2 : E71FF06F;
52e3 : 04042783;
52e4 : 00178793;
52e5 : 04F42023;
52e6 : FE1FF06F;
52e7 : 02042683;
52e8 : 03842703;
52e9 : 02442783;
52ea : 03C42603;
52eb : 40E68733;
52ec : 00E6B6B3;
52ed : 40C787B3;
52ee : 40D787B3;
52ef : 02E42423;
52f0 : 41F95713;
52f1 : 02F42623;
52f2 : 012747B3;
52f3 : 40E787B3;
52f4 : 07800713;
52f5 : E2F742E3;
52f6 : 00400813;
52f7 : 03094833;
52f8 : 00C42903;
52f9 : 0001D6B7;
52fa : 14A00793;
52fb : 4E4A8713;
52fc : 27C68693;
52fd : 00300613;
52fe : 00400593;
52ff : 00048513;
5300 : 01280833;
5301 : 01042623;
5302 : 098040EF;
5303 : 00C42503;
5304 : 4CC020EF;
5305 : 00C42703;
5306 : 0001E6B7;
5307 : C2868693;
5308 : 00100613;
5309 : 00600593;
530a : 00048513;
530b : 074040EF;
530c : 02042703;
530d : 02442783;
530e : 02E42C23;
530f : 02F42E23;
5310 : E41FF06F;
5311 : 41600733;
5312 : 414007B3;
5313 : 01603B33;
5314 : 416787B3;
5315 : 40D706B3;
5316 : 00D73733;
5317 : 40C787B3;
5318 : 40E787B3;
5319 : 00100713;
531a : 00F04A63;
531b : 00079663;
531c : 3E800793;
531d : 00D7E463;
531e : 00000713;
531f : 0FF77793;
5320 : E99FF06F;
5321 : 0344A783;
5322 : 00048513;
5323 : 0047A783;
5324 : 03F7C583;
5325 : 8D0FF0EF;
5326 : A75FF06F;
5327 : FD010113;
5328 : 00A12C23;
5329 : 00B12E23;
532a : 01810513;
532b : 3E800593;
532c : 02112623;
532d : 02812423;
532e : 00060413;
532f : 8F9FE0EF;
5330 : 01C12783;
5331 : 01812703;
5332 : 00000813;
5333 : 00F42623;
5334 : 00000793;
5335 : 00E42423;
5336 : 00F42023;
5337 : 01042223;
5338 : 00040513;
5339 : EF9FC0EF;
533a : 02C12083;
533b : 02812403;
533c : 03010113;
533d : 00008067;
533e : 17852783;
533f : FD010113;
5340 : 02812423;
5341 : 02912223;
5342 : 03212023;
5343 : 02112623;
5344 : 0107A903;
5345 : 00050413;
5346 : 00058493;
5347 : 00068C63;
5348 : 00300793;
5349 : 02F90C23;
534a : 4B000613;
534b : 00B00593;
534c : 0DD040EF;
534d : 27144703;
534e : 00C00793;
534f : 0AF71663;
5350 : 00E10693;
5351 : 01010613;
5352 : 00048593;
5353 : 00040513;
5354 : 91CFC0EF;
5355 : 08050A63;
5356 : 00E15703;
5357 : 000017B7;
5358 : 00478793;
5359 : 06F71063;
535a : 01842403;
535b : 01C92503;
535c : 02092583;
535d : 04840613;
535e : F25FF0EF;
535f : 02492503;
5360 : 02892583;
5361 : 05840613;
5362 : F15FF0EF;
5363 : 02E94683;
5364 : 00100713;
5365 : 00800793;
5366 : 00E68463;
5367 : 00500793;
5368 : 00F92223;
5369 : 00000493;
536a : 02C12083;
536b : 02812403;
536c : 02012903;
536d : 00048513;
536e : 02412483;
536f : 03010113;
5370 : 00008067;
5371 : 0001E7B7;
5372 : 0001E6B7;
5373 : C3C78793;
5374 : 94C68693;
5375 : 00100613;
5376 : 00200593;
5377 : 00040513;
5378 : 6C1030EF;
5379 : FC1FF06F;
537a : 00B00593;
537b : 00040513;
537c : 59D030EF;
537d : 03894783;
537e : 12C00713;
537f : 00050493;
5380 : 02E787B3;
5381 : 04A7C063;
5382 : 02051A63;
5383 : 0001E737;
5384 : 0001D6B7;
5385 : 00040513;
5386 : C4870713;
5387 : 26468693;
5388 : 00100613;
5389 : 00600593;
538a : 679030EF;
538b : 00600593;
538c : 00040513;
538d : D29FA0EF;
538e : F71FF06F;
538f : 00040513;
5390 : BD0F90EF;
5391 : 00B00593;
5392 : 00040513;
5393 : 541030EF;
5394 : 03894483;
5395 : ED400793;
5396 : 02F484B3;
5397 : 00A484B3;
5398 : F49FF06F;
5399 : 17852783;
539a : FE010113;
539b : 00912A23;
539c : 19852703;
539d : 0107A483;
539e : 19C52783;
539f : 01212823;
53a0 : 3E800913;
53a1 : 02E90833;
53a2 : 00112E23;
53a3 : 00812C23;
53a4 : 01312623;
53a5 : 01412423;
53a6 : 0001EA37;
53a7 : 01852983;
53a8 : C5CA0693;
53a9 : 00100613;
53aa : 00200593;
53ab : 02E93733;
53ac : 0104A623;
53ad : 00050413;
53ae : 02F907B3;
53af : 00E787B3;
53b0 : 0001E737;
53b1 : 00F4A823;
53b2 : C5470713;
53b3 : 5D5030EF;
53b4 : 00C4A503;
53b5 : 0104A583;
53b6 : 06898613;
53b7 : DC1FF0EF;
53b8 : 1A042703;
53b9 : 1B042683;
53ba : 1A442603;
53bb : 1B442583;
53bc : 00D706B3;
53bd : 00E6B7B3;
53be : 00B60733;
53bf : 00E787B3;
53c0 : 02D90833;
53c1 : 0001E737;
53c2 : C7470713;
53c3 : 00040513;
53c4 : 00100613;
53c5 : 00200593;
53c6 : 02F907B3;
53c7 : 0104AA23;
53c8 : 02D93933;
53c9 : C5CA0693;
53ca : 012787B3;
53cb : 00F4AC23;
53cc : 571030EF;
53cd : 0144A503;
53ce : 0184A583;
53cf : 07898613;
53d0 : D5DFF0EF;
53d1 : 00600793;
53d2 : 00F4A223;
53d3 : 000015B7;
53d4 : 00100793;
53d5 : 02F48823;
53d6 : 00040513;
53d7 : 00358593;
53d8 : ED5FD0EF;
53d9 : 020487A3;
53da : 01C12083;
53db : 01812403;
53dc : 01412483;
53dd : 01012903;
53de : 00C12983;
53df : 00812A03;
53e0 : 00000513;
53e1 : 02010113;
53e2 : 00008067;
53e3 : FE010113;
53e4 : 00812C23;
53e5 : 00912A23;
53e6 : 01212823;
53e7 : 01312623;
53e8 : 01412423;
53e9 : 01512223;
53ea : 00112E23;
53eb : 00050913;
53ec : 00060413;
53ed : 00050023;
53ee : 00058493;
53ef : 00050993;
53f0 : 00C58A33;
53f1 : 0001EAB7;
53f2 : 0004C603;
53f3 : 00098513;
53f4 : C7CA8593;
53f5 : 00148493;
53f6 : C90F30EF;
53f7 : 00398993;
53f8 : FF4494E3;
53f9 : 00300613;
53fa : 02C40433;
53fb : 00090513;
53fc : 00890433;
53fd : FE040FA3;
53fe : 01C12083;
53ff : 01812403;
5400 : 01412483;
5401 : 01012903;
5402 : 00C12983;
5403 : 00812A03;
5404 : 00412A83;
5405 : 02010113;
5406 : 00008067;
5407 : 00052783;
5408 : FC010113;
5409 : 02112E23;
540a : 02812C23;
540b : 0A078663;
540c : 00050613;
540d : 00050413;
540e : 0001C537;
540f : 00400593;
5410 : BFC50513;
5411 : C15F70EF;
5412 : 00200793;
5413 : 0CF50E63;
5414 : 02A7C463;
5415 : 08050263;
5416 : 00100793;
5417 : 0AF50A63;
5418 : FFF00793;
5419 : 03C12083;
541a : 03812403;
541b : 00078513;
541c : 04010113;
541d : 00008067;
541e : 00300793;
541f : FEF512E3;
5420 : 00442503;
5421 : FFF00793;
5422 : FC050EE3;
5423 : 00810593;
5424 : B94F70EF;
5425 : 00842503;
5426 : 00050463;
5427 : CA4F70EF;
5428 : 2D636537;
5429 : 16D50513;
542a : 00020437;
542b : 98CEE0EF;
542c : 2B840413;
542d : 00054E63;
542e : 05042503;
542f : EFCEE0EF;
5430 : 00600613;
5431 : 00810593;
5432 : 00000513;
5433 : FBDED0EF;
5434 : 00042423;
5435 : 0140006F;
5436 : 000205B7;
5437 : 9D058593;
5438 : 00810513;
5439 : E60F50EF;
543a : 00600613;
543b : 00810593;
543c : 01010513;
543d : E99FF0EF;
543e : 0001E537;
543f : 01010593;
5440 : C8450513;
5441 : BF8F30EF;
5442 : 00000793;
5443 : F59FF06F;
5444 : 00442503;
5445 : 00050463;
5446 : C28F70EF;
5447 : 00810513;
5448 : CFCEE0EF;
5449 : FC5FF06F;
544a : 00442503;
544b : FFF00793;
544c : F2050AE3;
544d : 00810593;
544e : AECF70EF;
544f : 00810513;
5450 : C30EE0EF;
5451 : B08F00EF;
5452 : FA1FF06F;
5453 : F2010113;
5454 : 0C812C23;
5455 : 0D312623;
5456 : 0001F437;
5457 : 000209B7;
5458 : 5C844603;
5459 : 9889C783;
545a : 0C112E23;
545b : 0C912A23;
545c : 0D212823;
545d : 0D412423;
545e : 0D512223;
545f : 0D612023;
5460 : 0B712E23;
5461 : 0B812C23;
5462 : 0B912A23;
5463 : 0BA12823;
5464 : 0BB12623;
5465 : 2AC78E63;
5466 : 0001D537;
5467 : 89050513;
5468 : B5CF30EF;
5469 : 5C844783;
546a : 0017F793;
546b : 0C078E63;
546c : 0001B7B7;
546d : 0001F737;
546e : 0001E6B7;
546f : F0478793;
5470 : 54870713;
5471 : CBC68693;
5472 : 00400613;
5473 : 00100593;
5474 : 00100513;
5475 : E6CF70EF;
5476 : 0001E5B7;
5477 : CD058593;
5478 : 00500513;
5479 : ED0F70EF;
547a : 0001E637;
547b : 0001E5B7;
547c : E6860713;
547d : E6860693;
547e : CF058593;
547f : E6860613;
5480 : 00400513;
5481 : EB0F70EF;
5482 : 0001E937;
5483 : 0001F7B7;
5484 : D2490593;
5485 : 00600513;
5486 : 6817CA03;
5487 : 0001E4B7;
5488 : E94F70EF;
5489 : D7448513;
548a : AD4F30EF;
548b : D2490513;
548c : ACCF30EF;
548d : 00000913;
548e : 1F494C63;
548f : 0001E537;
5490 : DC450513;
5491 : AB8F30EF;
5492 : 0001E4B7;
5493 : E1848513;
5494 : AACF30EF;
5495 : 0001E537;
5496 : E6C50513;
5497 : AA0F30EF;
5498 : 00000913;
5499 : 1D494E63;
549a : 0001E5B7;
549b : EC058593;
549c : 00400513;
549d : E40F70EF;
549e : 0001E5B7;
549f : EE858593;
54a0 : 00600513;
54a1 : E30F70EF;
54a2 : 5C844783;
54a3 : 0027F793;
54a4 : 14078263;
54a5 : 0001E6B7;
54a6 : F3C68693;
54a7 : 00400613;
54a8 : 02D00593;
54a9 : 01300513;
54aa : D98F70EF;
54ab : 0001E637;
54ac : F4860613;
54ad : 02D00593;
54ae : 01400513;
54af : D2CF70EF;
54b0 : 0001E637;
54b1 : F5460613;
54b2 : 02D00593;
54b3 : 01500513;
54b4 : D18F70EF;
54b5 : 0001E6B7;
54b6 : F6068693;
54b7 : 00400613;
54b8 : 00100593;
54b9 : 01000513;
54ba : D58F70EF;
54bb : 0001E5B7;
54bc : F7058593;
54bd : 00600513;
54be : DBCF70EF;
54bf : 0001E5B7;
54c0 : FC458593;
54c1 : 00400513;
54c2 : DACF70EF;
54c3 : 0001E537;
54c4 : FD850513;
54c5 : 9E8F30EF;
54c6 : 0001E537;
54c7 : FEC50513;
54c8 : 9DCF30EF;
54c9 : 0001E537;
54ca : 00050513;
54cb : 9D0F30EF;
54cc : 0001E537;
54cd : 01450513;
54ce : 9C4F30EF;
54cf : 0001E637;
54d0 : 02860613;
54d1 : 02D00593;
54d2 : 01700513;
54d3 : C9CF70EF;
54d4 : 0001E537;
54d5 : 03050513;
54d6 : 9A4F30EF;
54d7 : 0001E537;
54d8 : 04450513;
54d9 : 998F30EF;
54da : 0001E537;
54db : 05850513;
54dc : 98CF30EF;
54dd : 0001E537;
54de : 06C50513;
54df : 980F30EF;
54e0 : 5C844783;
54e1 : 0047F793;
54e2 : 00078E63;
54e3 : 0001E537;
54e4 : 08050513;
54e5 : 968F30EF;
54e6 : 0001E537;
54e7 : 09450513;
54e8 : 95CF30EF;
54e9 : 0001E537;
54ea : 0A850513;
54eb : 950F30EF;
54ec : 5C844783;
54ed : 0047F793;
54ee : 00078E63;
54ef : 0001E537;
54f0 : 0BC50513;
54f1 : 938F30EF;
54f2 : 0001E537;
54f3 : 0D450513;
54f4 : 92CF30EF;
54f5 : 0001E537;
54f6 : 000207B7;
54f7 : 0EC50513;
54f8 : 9807A223;
54f9 : 918F30EF;
54fa : 5C844783;
54fb : 98F98423;
54fc : 00100513;
54fd : 0DC12083;
54fe : 0D812403;
54ff : 0D412483;
5500 : 0D012903;
5501 : 0CC12983;
5502 : 0C812A03;
5503 : 0C412A83;
5504 : 0C012B03;
5505 : 0BC12B83;
5506 : 0B812C03;
5507 : 0B412C83;
5508 : 0B012D03;
5509 : 0AC12D83;
550a : 0E010113;
550b : 00008067;
550c : D7448513;
550d : 8C8F30EF;
550e : 00190913;
550f : DFDFF06F;
5510 : E1848513;
5511 : 8B8F30EF;
5512 : 00190913;
5513 : E19FF06F;
5514 : 001007B7;
5515 : 0001F4B7;
5516 : 41C7A703;
5517 : 5044A783;
5518 : 50448913;
5519 : 000205B7;
551a : 17C7A783;
551b : 0687A803;
551c : 000207B7;
551d : 9847A683;
551e : 40D706B3;
551f : 0006D863;
5520 : 95C5A683;
5521 : 00000513;
5522 : F70686E3;
5523 : 3E870713;
5524 : 9505AE23;
5525 : 98E7A223;
5526 : 01810593;
5527 : 00100793;
5528 : 02010513;
5529 : 5CF40423;
552a : 98C98423;
552b : D4DEF0EF;
552c : 02412583;
552d : 02012503;
552e : 00200613;
552f : 0001EAB7;
5530 : D54F90EF;
5531 : 00050713;
5532 : CCCA8693;
5533 : 00900613;
5534 : 00B00593;
5535 : 00300513;
5536 : B68F70EF;
5537 : 01492783;
5538 : 01C10693;
5539 : 00068613;
553a : 00079A03;
553b : 5044A783;
553c : 01410593;
553d : 00000513;
553e : 03C7A783;
553f : 0001B4B7;
5540 : 0047A783;
5541 : 000780E7;
5542 : 0001D637;
5543 : 000A0693;
5544 : D6860613;
5545 : 02C00593;
5546 : 00300513;
5547 : ACCF70EF;
5548 : 03892783;
5549 : 6F048513;
554a : 52C50513;
554b : 0007A583;
554c : 6F048493;
554d : DA9F90EF;
554e : 00050613;
554f : 03B00593;
5550 : 00300513;
5551 : AA4F70EF;
5552 : E18F00EF;
5553 : 14051463;
5554 : 0001E6B7;
5555 : 76068693;
5556 : 0001E637;
5557 : 0F060613;
5558 : 04600593;
5559 : 00300513;
555a : A80F70EF;
555b : 0001F7B7;
555c : 6817C783;
555d : 00020B37;
555e : 0001FC37;
555f : 44CB0D13;
5560 : 44CB0B93;
5561 : 00F12023;
5562 : 00000A13;
5563 : 44CB0B13;
5564 : 544C0C13;
5565 : 0001EDB7;
5566 : 00012783;
5567 : 10FA4263;
5568 : 0001E7B7;
5569 : C9C78793;
556a : 00F12223;
556b : 0001E7B7;
556c : 0001CA37;
556d : 14878793;
556e : 0001EDB7;
556f : 00000B13;
5570 : C0CA0A13;
5571 : 00F12423;
5572 : CA0D8D93;
5573 : 00012783;
5574 : 20FB4C63;
5575 : 00092B03;
5576 : 340B2783;
5577 : 3C078663;
5578 : 01CB2783;
5579 : 00100713;
557a : 000A0B93;
557b : 00F76E63;
557c : 00379793;
557d : 00F484B3;
557e : 51C4C703;
557f : 000A0B93;
5580 : 00070463;
5581 : 00FA0BB3;
5582 : 0001E4B7;
5583 : E6848613;
5584 : 00100593;
5585 : 01000513;
5586 : 9D0F70EF;
5587 : 000B2703;
5588 : 00900793;
5589 : 00048813;
558a : 00F71A63;
558b : 17CB2603;
558c : 06064683;
558d : 0016F793;
558e : 36079C63;
558f : 0001E5B7;
5590 : 17C58593;
5591 : 00100513;
5592 : A6CF70EF;
5593 : 000207B7;
5594 : 8D17C903;
5595 : 00000493;
5596 : 0001E9B7;
5597 : FFF90913;
5598 : 0001EA37;
5599 : 0001EAB7;
559a : 0001EB37;
559b : 0001EBB7;
559c : 0001EC37;
559d : 6924C863;
559e : 0001E537;
559f : 27450513;
55a0 : E7DF20EF;
55a1 : 0001E537;
55a2 : 0EC50513;
55a3 : E71F20EF;
55a4 : D61FF06F;
55a5 : 0001E6B7;
55a6 : C9868693;
55a7 : EBDFF06F;
55a8 : 000BA503;
55a9 : C49ED0EF;
55aa : 00050C93;
55ab : 000A0713;
55ac : 08050A63;
55ad : 0001E7B7;
55ae : 0F878693;
55af : 00200613;
55b0 : 00100593;
55b1 : 00700513;
55b2 : 978F70EF;
55b3 : 000BA583;
55b4 : 00600613;
55b5 : 02010513;
55b6 : 8B5FF0EF;
55b7 : 02010713;
55b8 : CCCA8693;
55b9 : 00500613;
55ba : 00600593;
55bb : 00700513;
55bc : 950F70EF;
55bd : 0C0A1463;
55be : 0E0C8063;
55bf : 01C10513;
55c0 : B4DF40EF;
55c1 : 01C10593;
55c2 : 02010513;
55c3 : DDCF90EF;
55c4 : 010C2783;
55c5 : 00100713;
55c6 : 02E78E63;
55c7 : 00200713;
55c8 : 0AE78463;
55c9 : 04079663;
55ca : 0001E6B7;
55cb : 10068693;
55cc : 00100613;
55cd : 01A00593;
55ce : 00700513;
55cf : 904F70EF;
55d0 : 0300006F;
55d1 : 0001E7B7;
55d2 : 0FC78693;
55d3 : 00100613;
55d4 : F71FF06F;
55d5 : 0001E7B7;
55d6 : 02010713;
55d7 : 11878693;
55d8 : 00200613;
55d9 : 01A00593;
55da : 00700513;
55db : 8D4F70EF;
55dc : 004B2783;
55dd : 14CD8693;
55de : 00500613;
55df : 0087A703;
55e0 : 0047AC83;
55e1 : 03400593;
55e2 : 00700513;
55e3 : 8B4F70EF;
55e4 : 000C8693;
55e5 : 14CD8613;
55e6 : 03E00593;
55e7 : 00700513;
55e8 : 848F70EF;
55e9 : 00AC5683;
55ea : 0001E7B7;
55eb : 15078613;
55ec : 04800593;
55ed : 00700513;
55ee : 830F70EF;
55ef : 001A0A13;
55f0 : 00CB8B93;
55f1 : DD5FF06F;
55f2 : 0001E6B7;
55f3 : 02010713;
55f4 : 12468693;
55f5 : F8DFF06F;
55f6 : 0001E7B7;
55f7 : 13478693;
55f8 : 00200613;
55f9 : F51FF06F;
55fa : 000D2503;
55fb : 000A0B93;
55fc : AFDED0EF;
55fd : 00A12623;
55fe : B68F00EF;
55ff : 00092C83;
5600 : 00100613;
5601 : 00C12683;
5602 : 01CCA703;
5603 : 00050C13;
5604 : 00E66C63;
5605 : 00371713;
5606 : 00E48633;
5607 : 51C64603;
5608 : 00060463;
5609 : 00EA0BB3;
560a : 09AC8793;
560b : 00F12623;
560c : 2A4CA703;
560d : 16068263;
560e : 0001E6B7;
560f : 15468693;
5610 : 00200613;
5611 : 00100593;
5612 : 00C00513;
5613 : FF5F60EF;
5614 : 00412683;
5615 : 000C1463;
5616 : 00812683;
5617 : 00200613;
5618 : 00800593;
5619 : 00C00513;
561a : FD9F60EF;
561b : 0001E737;
561c : 0001E6B7;
561d : 15C70713;
561e : 16468693;
561f : 00900613;
5620 : 00E00593;
5621 : 00C00513;
5622 : FB9F60EF;
5623 : 00600613;
5624 : 09AC8593;
5625 : 02010513;
5626 : EF4FF0EF;
5627 : 02010613;
5628 : 01A00593;
5629 : 00C00513;
562a : F41F60EF;
562b : 000CA583;
562c : 54048513;
562d : 000D8C13;
562e : A25F90EF;
562f : 0001E6B7;
5630 : 00050713;
5631 : 16C68693;
5632 : 00200613;
5633 : 02E00593;
5634 : 00C00513;
5635 : F6DF60EF;
5636 : 01CCA683;
5637 : 00100713;
5638 : 00E69E63;
5639 : 178CA703;
563a : 56C48513;
563b : 01072703;
563c : 00072583;
563d : 9E9F90EF;
563e : 00050C13;
563f : 33CCA583;
5640 : 59448513;
5641 : 9D9F90EF;
5642 : 00050613;
5643 : 0001E537;
5644 : 000C0593;
5645 : 17050513;
5646 : BE5F20EF;
5647 : 02CCA683;
5648 : 00200613;
5649 : 03F00713;
564a : 00D66A63;
564b : 0001F737;
564c : 3FC70713;
564d : 00E686B3;
564e : 0006C703;
564f : 0001D6B7;
5650 : 00C00513;
5651 : 16868693;
5652 : 00900613;
5653 : 04C00593;
5654 : EF1F60EF;
5655 : 01CCA703;
5656 : 00200513;
5657 : 02070063;
5658 : 340CA783;
5659 : 00100713;
565a : 00E78A63;
565b : 00200713;
565c : 00100513;
565d : 00E79463;
565e : 00900513;
565f : 000BC603;
5660 : 0001E5B7;
5661 : 17858593;
5662 : F2DF60EF;
5663 : 001B0B13;
5664 : 00CD0D13;
5665 : C39FF06F;
5666 : 0001E6B7;
5667 : 15868693;
5668 : 00100613;
5669 : EA1FF06F;
566a : 00000793;
566b : C45FF06F;
566c : 340B2703;
566d : 00100793;
566e : 00000493;
566f : 00F71463;
5670 : 018B2483;
5671 : 5C844783;
5672 : 0027E713;
5673 : 32048663;
5674 : 04848A13;
5675 : 00400793;
5676 : 00E7E7B3;
5677 : 9889C703;
5678 : 5CF40423;
5679 : 0077F793;
567a : C6F712E3;
567b : 0026F693;
567c : 004BA703;
567d : 06462783;
567e : E6880813;
567f : 00068663;
5680 : 0001E837;
5681 : CAC80813;
5682 : 0001E6B7;
5683 : 1AC68693;
5684 : 00900613;
5685 : 01700593;
5686 : 01000513;
5687 : E25F60EF;
5688 : 06048063;
5689 : 0144C783;
568a : 00079A63;
568b : 0001E5B7;
568c : 1C058593;
568d : 00100513;
568e : E7DF60EF;
568f : 0004A703;
5690 : 0001E437;
5691 : 27C40693;
5692 : 00900613;
5693 : 03C00593;
5694 : 01300513;
5695 : DEDF60EF;
5696 : 0044A683;
5697 : 27C40613;
5698 : 03C00593;
5699 : 01400513;
569a : D81F60EF;
569b : 0084A683;
569c : 27C40613;
569d : 03C00593;
569e : 01500513;
569f : D6DF60EF;
56a0 : 00C92783;
56a1 : 0001E437;
56a2 : 0001E9B7;
56a3 : 0147A583;
56a4 : 0107A503;
56a5 : B4CF70EF;
56a6 : 00050713;
56a7 : 1DC40693;
56a8 : 00900613;
56a9 : 01400593;
56aa : 01300513;
56ab : D95F60EF;
56ac : 17CB2503;
56ad : 02010593;
56ae : 03050513;
56af : C84F70EF;
56b0 : 00050693;
56b1 : 1E498613;
56b2 : 01400513;
56b3 : 01400593;
56b4 : D19F60EF;
56b5 : 17CB2783;
56b6 : 0A0A0513;
56b7 : 000A1463;
56b8 : 02078513;
56b9 : 02010593;
56ba : C58F70EF;
56bb : 00050693;
56bc : 1E498613;
56bd : 01400593;
56be : 01500513;
56bf : CEDF60EF;
56c0 : 178B2783;
56c1 : 01C7A583;
56c2 : 0187A503;
56c3 : AD4F70EF;
56c4 : 00050693;
56c5 : 1DC40613;
56c6 : 01400593;
56c7 : 01600513;
56c8 : CC9F60EF;
56c9 : 18CB2583;
56ca : 188B2503;
56cb : 9E8F70EF;
56cc : 00050693;
56cd : CCCA8613;
56ce : 01600593;
56cf : 01700513;
56d0 : CA9F60EF;
56d1 : 188B2703;
56d2 : 18CB2783;
56d3 : 0001E637;
56d4 : 1EC60613;
56d5 : 03300593;
56d6 : 01700513;
56d7 : C8DF60EF;
56d8 : 1A4B2583;
56d9 : 1A0B2503;
56da : A78F70EF;
56db : 00050693;
56dc : 1DC40613;
56dd : 01400593;
56de : 01800513;
56df : C6DF60EF;
56e0 : 19CB2583;
56e1 : 198B2503;
56e2 : A58F70EF;
56e3 : 00050693;
56e4 : 1DC40613;
56e5 : 01400593;
56e6 : 01900513;
56e7 : C4DF60EF;
56e8 : 1B4B2583;
56e9 : 1B0B2503;
56ea : A38F70EF;
56eb : 00050693;
56ec : 1DC40613;
56ed : 01400593;
56ee : 01A00513;
56ef : C2DF60EF;
56f0 : 00C92783;
56f1 : 00C7A583;
56f2 : 0087A503;
56f3 : A14F70EF;
56f4 : 00050693;
56f5 : 1DC40613;
56f6 : 01B00513;
56f7 : 01400593;
56f8 : C09F60EF;
56f9 : 01C00513;
56fa : 04048863;
56fb : 00C4A583;
56fc : 02010513;
56fd : 41F5D613;
56fe : E80F90EF;
56ff : 00050693;
5700 : 1DC40613;
5701 : 01400593;
5702 : 01C00513;
5703 : BDDF60EF;
5704 : 0284A583;
5705 : 02C4A603;
5706 : 02010513;
5707 : E5CF90EF;
5708 : 00050693;
5709 : 1DC40613;
570a : 01D00513;
570b : 01400593;
570c : BB9F60EF;
570d : 01E00513;
570e : 17CB2783;
570f : 0001E637;
5710 : 1F060613;
5711 : 0687A683;
5712 : 01800593;
5713 : B9DF60EF;
5714 : 9E0A0EE3;
5715 : 02010593;
5716 : 000A0513;
5717 : AE4F70EF;
5718 : 0001E937;
5719 : 00050693;
571a : 1FC90613;
571b : 01A00593;
571c : 01F00513;
571d : B75F60EF;
571e : 0001E4B7;
571f : 20448593;
5720 : 00400513;
5721 : C31F60EF;
5722 : 02010593;
5723 : 010A0513;
5724 : AB0F70EF;
5725 : 0001E437;
5726 : 00050613;
5727 : 20C40593;
5728 : 00900513;
5729 : C11F60EF;
572a : 02010593;
572b : 020A0513;
572c : A90F70EF;
572d : 00050713;
572e : 1FC90693;
572f : 00900613;
5730 : 01A00593;
5731 : 02000513;
5732 : B79F60EF;
5733 : 20448593;
5734 : 00400513;
5735 : BE1F60EF;
5736 : 02010593;
5737 : 030A0513;
5738 : A60F70EF;
5739 : 00050613;
573a : 20C40593;
573b : 00900513;
573c : BC5F60EF;
573d : 959FF06F;
573e : 00000A13;
573f : 00000793;
5740 : CD9FF06F;
5741 : 00048613;
5742 : 21498593;
5743 : 00500513;
5744 : BA5F60EF;
5745 : 00048593;
5746 : 02010513;
5747 : DB1ED0EF;
5748 : 02012403;
5749 : 00147793;
574a : 00078863;
574b : 234A0593;
574c : 00200513;
574d : B81F60EF;
574e : 00447793;
574f : 00078863;
5750 : 23CA8593;
5751 : 00200513;
5752 : B6DF60EF;
5753 : 00247793;
5754 : 00078863;
5755 : 244B0593;
5756 : 00200513;
5757 : B59F60EF;
5758 : 00847413;
5759 : 02040063;
575a : 250B8593;
575b : 00200513;
575c : B45F60EF;
575d : 02812603;
575e : 258C0593;
575f : 00900513;
5760 : B35F60EF;
5761 : 00148493;
5762 : 8EDFF06F;
5763 : 00800613;
5764 : 9FCFF06F;
5765 : F7010113;
5766 : 07412C23;
5767 : 0001CA37;
5768 : C98A0A13;
5769 : 0001E6B7;
576a : 09212023;
576b : 07312E23;
576c : 00060913;
576d : 00058993;
576e : 34468693;
576f : 00200613;
5770 : 00300593;
5771 : 000A0713;
5772 : 08912223;
5773 : 08112623;
5774 : 08812423;
5775 : 07512A23;
5776 : 07612823;
5777 : 07712623;
5778 : 07812423;
5779 : 00050493;
577a : 6B9020EF;
577b : 02410693;
577c : 00090613;
577d : 00098593;
577e : 00048513;
577f : C3CFA0EF;
5780 : 02051E63;
5781 : 02412403;
5782 : 08C12083;
5783 : 00040513;
5784 : 08812403;
5785 : 08412483;
5786 : 08012903;
5787 : 07C12983;
5788 : 07812A03;
5789 : 07412A83;
578a : 07012B03;
578b : 06C12B83;
578c : 06812C03;
578d : 09010113;
578e : 00008067;
578f : 0029D703;
5790 : 00295783;
5791 : 00200693;
5792 : 40F70433;
5793 : 00140613;
5794 : 02C6F063;
5795 : 0001E6B7;
5796 : 28468693;
5797 : 00300613;
5798 : 00300593;
5799 : 00048513;
579a : 639020EF;
579b : F9DFF06F;
579c : 00100693;
579d : 01098B13;
579e : 00698B93;
579f : 04D41663;
57a0 : 000B8593;
57a1 : 000B0513;
57a2 : 00F12E23;
57a3 : 00E12C23;
57a4 : A98FA0EF;
57a5 : 01812703;
57a6 : 01C12783;
57a7 : FA051CE3;
57a8 : 1F000793;
57a9 : 0001E6B7;
57aa : 000A0713;
57ab : 2AC68693;
57ac : 00100613;
57ad : 00300593;
57ae : 00048513;
57af : 5E5020EF;
57b0 : 00000413;
57b1 : F45FF06F;
57b2 : FFF00693;
57b3 : 01090A93;
57b4 : 00690C13;
57b5 : 02D41663;
57b6 : 000C0593;
57b7 : 000A8513;
57b8 : 00F12E23;
57b9 : 00E12C23;
57ba : A40FA0EF;
57bb : 01812703;
57bc : 01C12783;
57bd : F60510E3;
57be : 1FB00793;
57bf : FA9FF06F;
57c0 : 000A8593;
57c1 : 000B0513;
57c2 : A20FA0EF;
57c3 : 00050413;
57c4 : 0001EA37;
57c5 : 000B0593;
57c6 : 04410513;
57c7 : 04040C63;
57c8 : E6DFF0EF;
57c9 : 0189D803;
57ca : 00A12E23;
57cb : 000A8593;
57cc : 02810513;
57cd : 01012C23;
57ce : E55FF0EF;
57cf : 01895703;
57d0 : 01812803;
57d1 : 01C12783;
57d2 : 00E12223;
57d3 : 0001E737;
57d4 : 00A12023;
57d5 : 2BC70893;
57d6 : 2C0A0693;
57d7 : 2BC70713;
57d8 : 00300613;
57d9 : 00300593;
57da : 00048513;
57db : 535020EF;
57dc : E99FF06F;
57dd : E19FF0EF;
57de : 0189D803;
57df : 00A12E23;
57e0 : 000A8593;
57e1 : 02810513;
57e2 : 01012C23;
57e3 : E01FF0EF;
57e4 : 01895703;
57e5 : 01812803;
57e6 : 01C12783;
57e7 : 00E12223;
57e8 : 0001E737;
57e9 : 2E470893;
57ea : 00A12023;
57eb : 2E470713;
57ec : 2C0A0693;
57ed : 00300613;
57ee : 00300593;
57ef : 00048513;
57f0 : 4E1020EF;
57f1 : 000C0593;
57f2 : 000B8513;
57f3 : 95CFA0EF;
57f4 : 00050413;
57f5 : E35FF06F;
57f6 : FD010113;
57f7 : 0001C737;
57f8 : 0001E6B7;
57f9 : 02812423;
57fa : 02912223;
57fb : 00058413;
57fc : 00060493;
57fd : 34468693;
57fe : 00200613;
57ff : 00300593;
5800 : CAC70713;
5801 : 03212023;
5802 : 02112623;
5803 : 00050913;
5804 : 491020EF;
5805 : 00010693;
5806 : 00048613;
5807 : 00040593;
5808 : 00090513;
5809 : A14FA0EF;
580a : 02051063;
580b : 00012503;
580c : 02C12083;
580d : 02812403;
580e : 02412483;
580f : 02012903;
5810 : 03010113;
5811 : 00008067;
5812 : 02644783;
5813 : 0264C883;
5814 : 03178C63;
5815 : 0001E737;
5816 : 0001E6B7;
5817 : 2E870813;
5818 : 00090513;
5819 : 2E870713;
581a : 2F468693;
581b : 00300613;
581c : 00300593;
581d : 42D020EF;
581e : 02644503;
581f : 0264C783;
5820 : 40F50533;
5821 : FADFF06F;
5822 : 01A44783;
5823 : 01A4C883;
5824 : 03178A63;
5825 : 0001E737;
5826 : 0001E6B7;
5827 : 30870813;
5828 : 00090513;
5829 : 30870713;
582a : 2F468693;
582b : 00300613;
582c : 00300593;
582d : 3ED020EF;
582e : 01A44503;
582f : 01A4C783;
5830 : FC1FF06F;
5831 : 01B44783;
5832 : 01B4C883;
5833 : 03178A63;
5834 : 0001E737;
5835 : 0001E6B7;
5836 : 31470813;
5837 : 00090513;
5838 : 31470713;
5839 : 2F468693;
583a : 00300613;
583b : 00300593;
583c : 3B1020EF;
583d : 01B44503;
583e : 01B4C783;
583f : F85FF06F;
5840 : 01C45783;
5841 : 01C4D883;
5842 : 03178A63;
5843 : 0001E737;
5844 : 0001E6B7;
5845 : 32470813;
5846 : 00090513;
5847 : 32470713;
5848 : 2F468693;
5849 : 00300613;
584a : 00300593;
584b : 375020EF;
584c : 01C45503;
584d : 01C4D783;
584e : F49FF06F;
584f : 02744783;
5850 : 0274C883;
5851 : 03178A63;
5852 : 0001E737;
5853 : 0001E6B7;
5854 : 33070813;
5855 : 00090513;
5856 : 33070713;
5857 : 2F468693;
5858 : 00300613;
5859 : 00300593;
585a : 339020EF;
585b : 02744503;
585c : 0274C783;
585d : F0DFF06F;
585e : 01E40413;
585f : 00040593;
5860 : 00410513;
5861 : C09FF0EF;
5862 : 0001E6B7;
5863 : 00050713;
5864 : 33C68693;
5865 : 00300613;
5866 : 00090513;
5867 : 00300593;
5868 : 301020EF;
5869 : 01E48493;
586a : 00048593;
586b : 00410513;
586c : BDDFF0EF;
586d : 0001E6B7;
586e : 00050713;
586f : 34868693;
5870 : 00090513;
5871 : 00300613;
5872 : 00300593;
5873 : 2D5020EF;
5874 : 00800613;
5875 : 00048593;
5876 : 00040513;
5877 : F19F90EF;
5878 : E51FF06F;
5879 : FD010113;
587a : 0001C737;
587b : 0001E6B7;
587c : CB870713;
587d : 34468693;
587e : 02912223;
587f : 03212023;
5880 : 00058493;
5881 : 00060913;
5882 : 00300593;
5883 : 00200613;
5884 : 02112623;
5885 : 02812423;
5886 : 00050413;
5887 : 285020EF;
5888 : 01048593;
5889 : 00410513;
588a : B65FF0EF;
588b : 0001E6B7;
588c : 00050713;
588d : 35468693;
588e : 00300613;
588f : 00300593;
5890 : 00040513;
5891 : 25D020EF;
5892 : 01090593;
5893 : 00410513;
5894 : B3DFF0EF;
5895 : 0001E6B7;
5896 : 00050713;
5897 : 36468693;
5898 : 00300613;
5899 : 00300593;
589a : 00040513;
589b : 235020EF;
589c : 00800613;
589d : 01E90593;
589e : 01E48513;
589f : E79F90EF;
58a0 : 00090613;
58a1 : 00048593;
58a2 : 02051263;
58a3 : 00040513;
58a4 : B05FF0EF;
58a5 : 02C12083;
58a6 : 02812403;
58a7 : 02412483;
58a8 : 02012903;
58a9 : 03010113;
58aa : 00008067;
58ab : 00040513;
58ac : D29FF0EF;
58ad : FE1FF06F;
58ae : F3010113;
58af : 0001C737;
58b0 : 0001E6B7;
58b1 : CC870713;
58b2 : 34468693;
58b3 : 00200613;
58b4 : 0C912223;
58b5 : 00058493;
58b6 : 00300593;
58b7 : 0C112623;
58b8 : 0C812423;
58b9 : 0B312E23;
58ba : 00050413;
58bb : 29050993;
58bc : 0B512A23;
58bd : 0D212023;
58be : 0B412C23;
58bf : 0B612823;
58c0 : 0B712623;
58c1 : 19D020EF;
58c2 : 00098593;
58c3 : 00410513;
58c4 : A7DFF0EF;
58c5 : 29845803;
58c6 : 0001E737;
58c7 : 0001C6B7;
58c8 : 00050793;
58c9 : 37470713;
58ca : 00300613;
58cb : 00300593;
58cc : 00040513;
58cd : 63C68693;
58ce : 169020EF;
58cf : 03442783;
58d0 : 0001CAB7;
58d1 : 00800613;
58d2 : 0087A583;
58d3 : 00100793;
58d4 : 00098513;
58d5 : 0085D703;
58d6 : 14E7F263;
58d7 : D99F90EF;
58d8 : 06051463;
58d9 : 17842583;
58da : 00098513;
58db : 0001E937;
58dc : DB9F90EF;
58dd : 0001E737;
58de : 00050A13;
58df : 3D070713;
58e0 : 38C90693;
58e1 : 00200613;
58e2 : 00300593;
58e3 : 00040513;
58e4 : 111020EF;
58e5 : 0C0A5A63;
58e6 : 0001E737;
58e7 : 00300593;
58e8 : 00040513;
58e9 : 3A470713;
58ea : 38C90693;
58eb : 00200613;
58ec : 0F1020EF;
58ed : 00700793;
58ee : 00F42223;
58ef : 00300593;
58f0 : 00040513;
58f1 : DC9F80EF;
58f2 : 0024D703;
58f3 : 0FE00793;
58f4 : 0EE7E463;
58f5 : 13045B03;
58f6 : 14840A13;
58f7 : 00000913;
58f8 : 0F694263;
58f9 : 00100793;
58fa : 02F485A3;
58fb : 13045783;
58fc : 18078063;
58fd : 17840B13;
58fe : 00000993;
58ff : 00100A13;
5900 : 00100B93;
5901 : 13045783;
5902 : 00699913;
5903 : 13890913;
5904 : 01240933;
5905 : 04000613;
5906 : 1EFA4463;
5907 : 00090593;
5908 : 02010513;
5909 : B64FA0EF;
590a : 00100793;
590b : 00048613;
590c : 02010593;
590d : 00040513;
590e : 04F105A3;
590f : DA9FF0EF;
5910 : 12055E63;
5911 : 0001E6B7;
5912 : 3F100793;
5913 : CC8A8713;
5914 : 43C68693;
5915 : 00100613;
5916 : 00300593;
5917 : 00040513;
5918 : 041020EF;
5919 : 0240006F;
591a : 020A0463;
591b : 0001E737;
591c : 3C070713;
591d : 38C90693;
591e : 00200613;
591f : 00300593;
5920 : 00040513;
5921 : 01D020EF;
5922 : 00000913;
5923 : 1440006F;
5924 : 0001E737;
5925 : 3DC70713;
5926 : FDDFF06F;
5927 : C59F90EF;
5928 : F20514E3;
5929 : 0001E737;
592a : 0001E6B7;
592b : 3D070713;
592c : 38C68693;
592d : FC5FF06F;
592e : 0001E6B7;
592f : 3E868693;
5930 : FB9FF06F;
5931 : 000A0593;
5932 : 00098513;
5933 : C5DF90EF;
5934 : 040A0A13;
5935 : 08051A63;
5936 : 0001E6B7;
5937 : 00090713;
5938 : 42068693;
5939 : 00200613;
593a : 00300593;
593b : 00040513;
593c : 7B0020EF;
593d : 00691913;
593e : 012407B3;
593f : 1637C703;
5940 : 02E485A3;
5941 : 1647A703;
5942 : 1387D783;
5943 : 02E4A623;
5944 : 29A45703;
5945 : 00178793;
5946 : 02F71C63;
5947 : 03C42783;
5948 : 00000593;
5949 : 00040513;
594a : 0247A783;
594b : 000780E7;
594c : 13442703;
594d : 02C4A783;
594e : 02A4A623;
594f : 00E787B3;
5950 : 40A787B3;
5951 : FFF7C793;
5952 : 01F7D793;
5953 : 02F485A3;
5954 : 13890913;
5955 : 04000613;
5956 : 00048593;
5957 : 01240533;
5958 : A28FA0EF;
5959 : F25FF06F;
595a : 00190913;
595b : E75FF06F;
595c : 00100793;
595d : 12F41823;
595e : 00000993;
595f : 020485A3;
5960 : 03C42783;
5961 : 00699913;
5962 : 00000593;
5963 : 0247A783;
5964 : 00040513;
5965 : 13890913;
5966 : 000780E7;
5967 : 01240933;
5968 : 02A4A623;
5969 : 04000613;
596a : 00048593;
596b : 00090513;
596c : 9D8FA0EF;
596d : 0001E6B7;
596e : 00098713;
596f : 48468693;
5970 : 00100613;
5971 : 00300593;
5972 : 00040513;
5973 : 6D4020EF;
5974 : 0CC12083;
5975 : 0C812403;
5976 : 0C412483;
5977 : 0BC12983;
5978 : 0B812A03;
5979 : 0B412A83;
597a : 0B012B03;
597b : 0AC12B83;
597c : 00090513;
597d : 0C012903;
597e : 0D010113;
597f : 00008067;
5980 : 000B0593;
5981 : 06010513;
5982 : 980FA0EF;
5983 : 04000613;
5984 : 00090593;
5985 : 02010513;
5986 : 970FA0EF;
5987 : 02010613;
5988 : 06010593;
5989 : 00040513;
598a : 057105A3;
598b : 097105A3;
598c : BB5FF0EF;
598d : 00A05463;
598e : 000A0993;
598f : 001A0A13;
5990 : 040B0B13;
5991 : DC1FF06F;
5992 : 02052783;
5993 : FA010113;
5994 : 04812C23;
5995 : 0187A783;
5996 : 04112E23;
5997 : 00050413;
5998 : 00058613;
5999 : 04079263;
599a : 00040513;
599b : 01010593;
599c : A40ED0EF;
599d : 00040513;
599e : AF5F90EF;
599f : 04051663;
59a0 : 0001C5B7;
59a1 : 0001E537;
59a2 : CDC58593;
59a3 : 4A450513;
59a4 : E6DF10EF;
59a5 : 01010593;
59a6 : 00040513;
59a7 : C1DFF0EF;
59a8 : 00000513;
59a9 : 0140006F;
59aa : 00B12623;
59ab : 000780E7;
59ac : 00C12603;
59ad : FA050AE3;
59ae : 05C12083;
59af : 05812403;
59b0 : 06010113;
59b1 : 00008067;
59b2 : 00300593;
59b3 : 00040513;
59b4 : ABDF80EF;
59b5 : 01010593;
59b6 : 00040513;
59b7 : BDDFF0EF;
59b8 : 00050593;
59b9 : FA050EE3;
59ba : 00040513;
59bb : C39F90EF;
59bc : 00600613;
59bd : 09440593;
59be : 09A40513;
59bf : 88CFA0EF;
59c0 : FA1FF06F;
59c1 : 13251783;
59c2 : FA010113;
59c3 : 04912A23;
59c4 : 05212823;
59c5 : 04112E23;
59c6 : 04812C23;
59c7 : FFF00713;
59c8 : 00050493;
59c9 : 00058613;
59ca : 00000913;
59cb : 00E78863;
59cc : 00679793;
59cd : 13878793;
59ce : 00F50933;
59cf : 0204A783;
59d0 : 0187A783;
59d1 : 02079463;
59d2 : 01010593;
59d3 : 00048513;
59d4 : 960ED0EF;
59d5 : 01010593;
59d6 : 00048513;
59d7 : B5DFF0EF;
59d8 : 04091063;
59d9 : 00000413;
59da : 01C0006F;
59db : 00048513;
59dc : 00C12623;
59dd : 000780E7;
59de : 00C12603;
59df : 00050413;
59e0 : FC0504E3;
59e1 : 05C12083;
59e2 : 00040513;
59e3 : 05812403;
59e4 : 05412483;
59e5 : 05012903;
59e6 : 06010113;
59e7 : 00008067;
59e8 : 01090593;
59e9 : 29048513;
59ea : 981F90EF;
59eb : 00050413;
59ec : FA051AE3;
59ed : 00300593;
59ee : 00048513;
59ef : 9D1F80EF;
59f0 : FC5FF06F;
59f1 : 02052783;
59f2 : FA010113;
59f3 : 04812C23;
59f4 : 0187A783;
59f5 : 04112E23;
59f6 : 00050413;
59f7 : 00058613;
59f8 : 02079863;
59f9 : 01010593;
59fa : 00040513;
59fb : 8C4ED0EF;
59fc : 01010593;
59fd : 00040513;
59fe : AC1FF0EF;
59ff : 00000513;
5a00 : 05C12083;
5a01 : 05812403;
5a02 : 06010113;
5a03 : 00008067;
5a04 : 00B12623;
5a05 : 000780E7;
5a06 : 00C12603;
5a07 : FE0512E3;
5a08 : FC5FF06F;
5a09 : FA1FF06F;
5a0a : 00052703;
5a0b : FC010113;
5a0c : 02812C23;
5a0d : 02912A23;
5a0e : 03312623;
5a0f : 02112E23;
5a10 : 03212823;
5a11 : 03412423;
5a12 : 00800793;
5a13 : 00050413;
5a14 : 00058993;
5a15 : 00060493;
5a16 : 0CF71063;
5a17 : 02052783;
5a18 : 03C7A783;
5a19 : 00078663;
5a1a : 000780E7;
5a1b : 00050663;
5a1c : 00900793;
5a1d : 00F42223;
5a1e : 00C42783;
5a1f : 0C078663;
5a20 : 01000613;
5a21 : 00000593;
5a22 : 0A840513;
5a23 : B85F80EF;
5a24 : 0001E6B7;
5a25 : 50068693;
5a26 : 00200613;
5a27 : 00400593;
5a28 : 00040513;
5a29 : 3FC020EF;
5a2a : 00040513;
5a2b : FB5F80EF;
5a2c : 02042783;
5a2d : 0107A783;
5a2e : 08078863;
5a2f : 00048613;
5a30 : 00098593;
5a31 : 00040513;
5a32 : 000780E7;
5a33 : 00050913;
5a34 : 06050C63;
5a35 : 00100793;
5a36 : 00F91463;
5a37 : 00000913;
5a38 : 00040513;
5a39 : 00000613;
5a3a : 00300593;
5a3b : 218020EF;
5a3c : 00A42423;
5a3d : 03C12083;
5a3e : 03812403;
5a3f : 03412483;
5a40 : 02C12983;
5a41 : 02812A03;
5a42 : 00090513;
5a43 : 03012903;
5a44 : 04010113;
5a45 : 00008067;
5a46 : 03452703;
5a47 : 01072583;
5a48 : 01E5C703;
5a49 : 02070263;
5a4a : 00058F23;
5a4b : 00F52223;
5a4c : 00010513;
5a4d : C58FF0EF;
5a4e : 00050593;
5a4f : 0001E537;
5a50 : 4DC50513;
5a51 : BB9F10EF;
5a52 : 00000593;
5a53 : 00040513;
5a54 : 2B5020EF;
5a55 : 10050663;
5a56 : 00000593;
5a57 : 00040513;
5a58 : 82DF80EF;
5a59 : 03C42783;
5a5a : 00010593;
5a5b : 00040513;
5a5c : 00C7A783;
5a5d : 000780E7;
5a5e : 0001C5B7;
5a5f : A6458593;
5a60 : 00040513;
5a61 : 05042A03;
5a62 : BDDF70EF;
5a63 : 25045783;
5a64 : 05042683;
5a65 : 00050913;
5a66 : 00178793;
5a67 : 01079793;
5a68 : 0107D793;
5a69 : 24F41823;
5a6a : 00879713;
5a6b : 0087D793;
5a6c : 00F767B3;
5a6d : 00F69F23;
5a6e : 02042783;
5a6f : 0587A783;
5a70 : 0E079463;
5a71 : 17842783;
5a72 : 0187A503;
5a73 : 01C7A783;
5a74 : 00A035B3;
5a75 : 40F007B3;
5a76 : 40A00533;
5a77 : 40B785B3;
5a78 : 170030EF;
5a79 : 00AA2423;
5a7a : 00BA2623;
5a7b : 00A00613;
5a7c : 00000593;
5a7d : 022A0513;
5a7e : A19F80EF;
5a7f : 19C42603;
5a80 : 19842583;
5a81 : 00010513;
5a82 : 9F1FB0EF;
5a83 : 00010593;
5a84 : 000A0513;
5a85 : E1DF70EF;
5a86 : 00090593;
5a87 : 00100693;
5a88 : 00100613;
5a89 : 00040513;
5a8a : ACDFB0EF;
5a8b : 00050913;
5a8c : 01000613;
5a8d : 12040593;
5a8e : 0C840513;
5a8f : D4DF90EF;
5a90 : FFF00793;
5a91 : 00F91E63;
5a92 : 0001E6B7;
5a93 : 52868693;
5a94 : 00100613;
5a95 : 00500593;
5a96 : 00040513;
5a97 : 244020EF;
5a98 : 27144703;
5a99 : 00C00793;
5a9a : 04E7EA63;
5a9b : 0001B6B7;
5a9c : 00271793;
5a9d : 6F068693;
5a9e : 00F687B3;
5a9f : 6047A783;
5aa0 : 02078E63;
5aa1 : 00048613;
5aa2 : 00098593;
5aa3 : 00040513;
5aa4 : 000780E7;
5aa5 : 00050493;
5aa6 : 00040513;
5aa7 : DB5F90EF;
5aa8 : 00048913;
5aa9 : E31FF06F;
5aaa : 00040513;
5aab : 000780E7;
5aac : F0051AE3;
5aad : 00000593;
5aae : F29FF06F;
5aaf : FC048EE3;
5ab0 : 0001D6B7;
5ab1 : 48068693;
5ab2 : 00100613;
5ab3 : 00500593;
5ab4 : 00040513;
5ab5 : 1CC020EF;
5ab6 : 00000493;
5ab7 : FBDFF06F;
5ab8 : 000207B7;
5ab9 : FA07A503;
5aba : 00008067;
5abb : 00002537;
5abc : F4050513;
5abd : 00008067;
5abe : 00B567B3;
5abf : 02078263;
5ac0 : 001007B7;
5ac1 : 30A7AA23;
5ac2 : 0FF5F593;
5ac3 : 30B7AC23;
5ac4 : 3007A823;
5ac5 : 3007A703;
5ac6 : 00476713;
5ac7 : 30E7A023;
5ac8 : 04060063;
5ac9 : 41F65693;
5aca : 0076F793;
5acb : 00C78633;
5acc : 00F637B3;
5acd : 00100737;
5ace : 00D787B3;
5acf : 30072A23;
5ad0 : 01D79793;
5ad1 : 00365613;
5ad2 : 30072C23;
5ad3 : 00C7E633;
5ad4 : 30C72823;
5ad5 : 30072783;
5ad6 : 0047E793;
5ad7 : 30F72023;
5ad8 : 00000513;
5ad9 : 00008067;
5ada : 00200793;
5adb : 00020637;
5adc : 00F58463;
5add : 9CB62023;
5ade : 00452683;
5adf : 9C062603;
5ae0 : 00100737;
5ae1 : 03E6C683;
5ae2 : 31C72783;
5ae3 : 00C6E6B3;
5ae4 : 00068A63;
5ae5 : 00C7E793;
5ae6 : 30F72E23;
5ae7 : 00000513;
5ae8 : 00008067;
5ae9 : FF37F793;
5aea : FF1FF06F;
5aeb : 00000513;
5aec : 00008067;
5aed : 0001F7B7;
5aee : 5507C503;
5aef : FFD50513;
5af0 : 00153513;
5af1 : 00008067;
5af2 : 001007B7;
5af3 : 00020737;
5af4 : 41C7A603;
5af5 : 000206B7;
5af6 : 9A472783;
5af7 : 9A86A583;
5af8 : 9AC6A423;
5af9 : 00F607B3;
5afa : 40B787B3;
5afb : 9AF72223;
5afc : 3E800693;
5afd : 00000513;
5afe : 00F6FE63;
5aff : C1878793;
5b00 : 9AF72223;
5b01 : 02402783;
5b02 : 00100513;
5b03 : 00178793;
5b04 : 02F02223;
5b05 : 00008067;
5b06 : 001007B7;
5b07 : 41C7A703;
5b08 : 000207B7;
5b09 : 9AE7A423;
5b0a : 00008067;
5b0b : FD010113;
5b0c : 02112623;
5b0d : 00964783;
5b0e : 00F12823;
5b0f : 00864783;
5b10 : 00F12623;
5b11 : 00764783;
5b12 : 00F12423;
5b13 : 00664783;
5b14 : 00F12223;
5b15 : 00564783;
5b16 : 00F12023;
5b17 : 00464883;
5b18 : 00364803;
5b19 : 00264783;
5b1a : 00164703;
5b1b : 00064683;
5b1c : 00058613;
5b1d : 00050593;
5b1e : 0001F537;
5b1f : 89C50513;
5b20 : 87DF10EF;
5b21 : 02C12083;
5b22 : 03010113;
5b23 : 00008067;
5b24 : FD010113;
5b25 : 03212023;
5b26 : 01312E23;
5b27 : 01512A23;
5b28 : 00050913;
5b29 : 00058993;
5b2a : 00068A93;
5b2b : 00060693;
5b2c : 00058613;
5b2d : 00050593;
5b2e : 0001F537;
5b2f : 8D450513;
5b30 : 02812423;
5b31 : 02912223;
5b32 : 01412C23;
5b33 : 01612823;
5b34 : 01712623;
5b35 : 01812423;
5b36 : 01912223;
5b37 : 01A12023;
5b38 : 02112623;
5b39 : 00070A13;
5b3a : 0001EB37;
5b3b : 811F10EF;
5b3c : 0001EBB7;
5b3d : 0001EC37;
5b3e : 00050413;
5b3f : 00000493;
5b40 : 0001FCB7;
5b41 : 0001FD37;
5b42 : 6ACB0B13;
5b43 : CA8B8B93;
5b44 : CECC0C13;
5b45 : 00F4F793;
5b46 : 0544CA63;
5b47 : 00078A63;
5b48 : 0001E537;
5b49 : CEC50513;
5b4a : FD4F10EF;
5b4b : 00A40433;
5b4c : 02C12083;
5b4d : 00040513;
5b4e : 02812403;
5b4f : 02412483;
5b50 : 02012903;
5b51 : 01C12983;
5b52 : 01812A03;
5b53 : 01412A83;
5b54 : 01012B03;
5b55 : 00C12B83;
5b56 : 00812C03;
5b57 : 00412C83;
5b58 : 00012D03;
5b59 : 03010113;
5b5a : 00008067;
5b5b : 00079C63;
5b5c : 00098613;
5b5d : 00090593;
5b5e : 8E8C8513;
5b5f : F80F10EF;
5b60 : 00A40433;
5b61 : 009A87B3;
5b62 : 0007C583;
5b63 : 8F0D0513;
5b64 : 00148493;
5b65 : F68F10EF;
5b66 : 0034F793;
5b67 : 00A40433;
5b68 : 000B0513;
5b69 : 00079A63;
5b6a : 00F4F793;
5b6b : 000B8513;
5b6c : 00079463;
5b6d : 000C0513;
5b6e : F44F10EF;
5b6f : 00A40433;
5b70 : F55FF06F;
5b71 : 00364783;
5b72 : 00264703;
5b73 : FE010113;
5b74 : 00112E23;
5b75 : 00812C23;
5b76 : 00912A23;
5b77 : 01212823;
5b78 : 00879793;
5b79 : 00E7E733;
5b7a : 00464783;
5b7b : 00050493;
5b7c : 00564503;
5b7d : 01079793;
5b7e : 00E7E7B3;
5b7f : 01851513;
5b80 : 00F56533;
5b81 : 00060413;
5b82 : 00058913;
5b83 : 511020EF;
5b84 : 00744783;
5b85 : 00644703;
5b86 : 00A12623;
5b87 : 00879793;
5b88 : 00E7E733;
5b89 : 00844783;
5b8a : 00944503;
5b8b : 01079793;
5b8c : 00E7E7B3;
5b8d : 01851513;
5b8e : 00F56533;
5b8f : 4E1020EF;
5b90 : 01812403;
5b91 : 00C12683;
5b92 : 01C12083;
5b93 : 00090613;
5b94 : 00048593;
5b95 : 01012903;
5b96 : 01412483;
5b97 : 00050713;
5b98 : 0001F537;
5b99 : 8F850513;
5b9a : 02010113;
5b9b : E90F106F;
5b9c : 000207B7;
5b9d : 9707C783;
5b9e : 00079663;
5b9f : 00000513;
5ba0 : 00008067;
5ba1 : FD010113;
5ba2 : 01412C23;
5ba3 : 00020A37;
5ba4 : F70A2703;
5ba5 : 02812423;
5ba6 : 03212023;
5ba7 : 02112623;
5ba8 : 02912223;
5ba9 : 01312E23;
5baa : 00100793;
5bab : F70A0413;
5bac : 0001F937;
5bad : 10F70063;
5bae : 03842783;
5baf : 04C42583;
5bb0 : 000204B7;
5bb1 : 0087A783;
5bb2 : 08048693;
5bb3 : 07C00613;
5bb4 : F70A0513;
5bb5 : 000780E7;
5bb6 : 00050993;
5bb7 : 0CA05A63;
5bb8 : 02042783;
5bb9 : 0507A783;
5bba : 0A078263;
5bbb : F70A0513;
5bbc : 000780E7;
5bbd : 00000793;
5bbe : 00000813;
5bbf : 00A12423;
5bc0 : 00010513;
5bc1 : 00F12023;
5bc2 : 01012223;
5bc3 : 00B12623;
5bc4 : CCDFA0EF;
5bc5 : 00010593;
5bc6 : 08048513;
5bc7 : E3DFA0EF;
5bc8 : 33442783;
5bc9 : 00178793;
5bca : 32F42A23;
5bcb : 05442503;
5bcc : 00B00793;
5bcd : 13045A03;
5bce : 00054483;
5bcf : 00F4F493;
5bd0 : 0CF48E63;
5bd1 : 0A97E463;
5bd2 : 0C048063;
5bd3 : 00800793;
5bd4 : 0EF48063;
5bd5 : 00098593;
5bd6 : 979F40EF;
5bd7 : 5CA92823;
5bd8 : 00B00793;
5bd9 : 0EF48063;
5bda : 00100513;
5bdb : 02C12083;
5bdc : 02812403;
5bdd : 02412483;
5bde : 02012903;
5bdf : 01C12983;
5be0 : 01812A03;
5be1 : 03010113;
5be2 : 00008067;
5be3 : 1A042783;
5be4 : 1B042503;
5be5 : 1A442583;
5be6 : 1B442703;
5be7 : 00A78533;
5be8 : 00F537B3;
5be9 : 00E585B3;
5bea : 00B785B3;
5beb : F49FF06F;
5bec : F6051EE3;
5bed : 001007B7;
5bee : 00020737;
5bef : 41C7A683;
5bf0 : 9C472783;
5bf1 : 5D092603;
5bf2 : 00000513;
5bf3 : 40F687B3;
5bf4 : F8C7CEE3;
5bf5 : 00000593;
5bf6 : 00000513;
5bf7 : 9CD72223;
5bf8 : 8F1F40EF;
5bf9 : 5CA92823;
5bfa : F81FF06F;
5bfb : 00C00793;
5bfc : F6F492E3;
5bfd : 0001F737;
5bfe : 66072783;
5bff : 00178793;
5c00 : 66F72023;
5c01 : F51FF06F;
5c02 : 0001F737;
5c03 : 66C72783;
5c04 : 00178793;
5c05 : 66F72623;
5c06 : F3DFF06F;
5c07 : 0001F737;
5c08 : 66872783;
5c09 : 00178793;
5c0a : 66F72423;
5c0b : F29FF06F;
5c0c : 0001F737;
5c0d : 66472783;
5c0e : 00178793;
5c0f : 66F72223;
5c10 : F15FF06F;
5c11 : 0001F737;
5c12 : 65C72783;
5c13 : 00178793;
5c14 : 64F72E23;
5c15 : 05442703;
5c16 : 00374783;
5c17 : 00274683;
5c18 : 00879793;
5c19 : 00D7E7B3;
5c1a : 00879713;
5c1b : 0087D793;
5c1c : 00F767B3;
5c1d : 01079793;
5c1e : 0107D793;
5c1f : 00020737;
5c20 : 9CF72423;
5c21 : 13045783;
5c22 : EEFA70E3;
5c23 : 0001F737;
5c24 : 65872783;
5c25 : 00178793;
5c26 : 64F72C23;
5c27 : ECDFF06F;
5c28 : FF010113;
5c29 : 00812423;
5c2a : 00112623;
5c2b : 00058413;
5c2c : AB1EE0EF;
5c2d : 02050063;
5c2e : 00200793;
5c2f : 00F42023;
5c30 : 00C12083;
5c31 : 00812403;
5c32 : 00000513;
5c33 : 01010113;
5c34 : 00008067;
5c35 : 00042023;
5c36 : FE9FF06F;
5c37 : FF010113;
5c38 : 00812423;
5c39 : 00050593;
5c3a : 00050413;
5c3b : 00000513;
5c3c : 00112623;
5c3d : A51EC0EF;
5c3e : 00040513;
5c3f : AB5EC0EF;
5c40 : 00C12083;
5c41 : 00812403;
5c42 : 00000513;
5c43 : 01010113;
5c44 : 00008067;
5c45 : 001007B7;
5c46 : 3007A783;
5c47 : 00100513;
5c48 : 0047F793;
5c49 : 00078E63;
5c4a : 000207B7;
5c4b : 9E078793;
5c4c : 1A87A503;
5c4d : 1AC7A783;
5c4e : 40F50533;
5c4f : 00A03533;
5c50 : 00008067;
5c51 : FF010113;
5c52 : 00000513;
5c53 : 00112623;
5c54 : FDDEC0EF;
5c55 : 00C12083;
5c56 : 00000513;
5c57 : 01010113;
5c58 : 00008067;
5c59 : FC010113;
5c5a : 001007B7;
5c5b : 02812C23;
5c5c : 41C7A403;
5c5d : 03412423;
5c5e : 00000713;
5c5f : 00040693;
5c60 : 00040613;
5c61 : 00000593;
5c62 : 00050A13;
5c63 : 00100513;
5c64 : 02112E23;
5c65 : 02912A23;
5c66 : 03212823;
5c67 : 03512223;
5c68 : 03612023;
5c69 : 01712E23;
5c6a : 01812C23;
5c6b : 01912A23;
5c6c : 01A12823;
5c6d : 01B12623;
5c6e : 03312623;
5c6f : 9C8F00EF;
5c70 : 0001F537;
5c71 : 90850513;
5c72 : B34F10EF;
5c73 : 00040913;
5c74 : 00000493;
5c75 : 0002EAB7;
5c76 : 00400B93;
5c77 : 00500C13;
5c78 : 0002ECB7;
5c79 : 0002ED37;
5c7a : 0002EDB7;
5c7b : 0001FB37;
5c7c : 971EE0EF;
5c7d : 050AA783;
5c7e : 00050993;
5c7f : 01779C63;
5c80 : 058AA823;
5c81 : 040CAA23;
5c82 : 01CD2783;
5c83 : 04FDAE23;
5c84 : E88EE0EF;
5c85 : 00098713;
5c86 : 00090693;
5c87 : 00040613;
5c88 : 00048593;
5c89 : 00200513;
5c8a : 95CF00EF;
5c8b : 10099663;
5c8c : 00148493;
5c8d : 00090693;
5c8e : 00000713;
5c8f : 00040613;
5c90 : 00048593;
5c91 : 00300513;
5c92 : 93CF00EF;
5c93 : 854ED0EF;
5c94 : 00090693;
5c95 : 00000713;
5c96 : 00040613;
5c97 : 00048593;
5c98 : 00400513;
5c99 : 920F00EF;
5c9a : 00090693;
5c9b : 00000713;
5c9c : 00040613;
5c9d : 00048593;
5c9e : 00500513;
5c9f : 908F00EF;
5ca0 : 3E800513;
5ca1 : 904F10EF;
5ca2 : 00090693;
5ca3 : 00000713;
5ca4 : 00040613;
5ca5 : 00048593;
5ca6 : 00600513;
5ca7 : 8E8F00EF;
5ca8 : 001007B7;
5ca9 : 41C7A903;
5caa : 00000713;
5cab : 00040613;
5cac : 00090693;
5cad : 00048593;
5cae : 00700513;
5caf : 8C8F00EF;
5cb0 : 408907B3;
5cb1 : 06FA7463;
5cb2 : 0001F537;
5cb3 : 91450513;
5cb4 : A2CF10EF;
5cb5 : 00800513;
5cb6 : 00000713;
5cb7 : 00090693;
5cb8 : 00040613;
5cb9 : 00048593;
5cba : 89CF00EF;
5cbb : F8C00513;
5cbc : 03C12083;
5cbd : 03812403;
5cbe : 03412483;
5cbf : 03012903;
5cc0 : 02C12983;
5cc1 : 02812A03;
5cc2 : 02412A83;
5cc3 : 02012B03;
5cc4 : 01C12B83;
5cc5 : 01812C03;
5cc6 : 01412C83;
5cc7 : 01012D03;
5cc8 : 00C12D83;
5cc9 : 04010113;
5cca : 00008067;
5ccb : 924B0513;
5ccc : 9CCF10EF;
5ccd : EBDFF06F;
5cce : 0001E537;
5ccf : CEC50513;
5cd0 : 9BCF10EF;
5cd1 : 00800513;
5cd2 : 00098713;
5cd3 : 00090693;
5cd4 : 00040613;
5cd5 : 00048593;
5cd6 : 82CF00EF;
5cd7 : 00000513;
5cd8 : F91FF06F;
5cd9 : 0001F7B7;
5cda : 6B47C783;
5cdb : 00200713;
5cdc : 06E79A63;
5cdd : 03452703;
5cde : FF010113;
5cdf : 00812423;
5ce0 : 03872703;
5ce1 : 00112623;
5ce2 : 00050413;
5ce3 : 00072703;
5ce4 : 04F71063;
5ce5 : 00100613;
5ce6 : 00200593;
5ce7 : 00200513;
5ce8 : C11EC0EF;
5ce9 : 00200513;
5cea : 00100613;
5ceb : 00000593;
5cec : 891EC0EF;
5ced : 03442783;
5cee : 00100713;
5cef : 00005537;
5cf0 : 0387A783;
5cf1 : E2050513;
5cf2 : 00E7A023;
5cf3 : D99FF0EF;
5cf4 : 00C12083;
5cf5 : 00812403;
5cf6 : 00000513;
5cf7 : 01010113;
5cf8 : 00008067;
5cf9 : 00000513;
5cfa : 00008067;
5cfb : 0001F737;
5cfc : 63072783;
5cfd : FE010113;
5cfe : 00812C23;
5cff : 00178793;
5d00 : 00112E23;
5d01 : 00912A23;
5d02 : 01212823;
5d03 : 62F72823;
5d04 : F50EE0EF;
5d05 : 00020437;
5d06 : 12051463;
5d07 : 0001F737;
5d08 : 62C72783;
5d09 : 9A042E23;
5d0a : 00178793;
5d0b : 62F72623;
5d0c : 0001F7B7;
5d0d : 00100713;
5d0e : 62E78CA3;
5d0f : 000207B7;
5d10 : 00100713;
5d11 : 94E7A023;
5d12 : 0440006F;
5d13 : FFF48493;
5d14 : 00048863;
5d15 : 9D090513;
5d16 : E95EB0EF;
5d17 : 04051063;
5d18 : 0001F737;
5d19 : 62872783;
5d1a : 00178793;
5d1b : 62F72423;
5d1c : 0001F7B7;
5d1d : 00200713;
5d1e : 62E78CA3;
5d1f : 000017B7;
5d20 : 00020737;
5d21 : B0178793;
5d22 : 94F72023;
5d23 : 00100513;
5d24 : 05C0006F;
5d25 : 3EA00493;
5d26 : 00020937;
5d27 : 00810513;
5d28 : BD5F10EF;
5d29 : FA0504E3;
5d2a : 04055E63;
5d2b : 00810513;
5d2c : 868EC0EF;
5d2d : FA0546E3;
5d2e : 00812703;
5d2f : 000207B7;
5d30 : 44E7AA23;
5d31 : 00100793;
5d32 : 9AF42E23;
5d33 : 70000793;
5d34 : 00001737;
5d35 : 00E7E7B3;
5d36 : 00020737;
5d37 : 94F72023;
5d38 : 0001F7B7;
5d39 : 62078CA3;
5d3a : 00000513;
5d3b : 01C12083;
5d3c : 01812403;
5d3d : 01412483;
5d3e : 01012903;
5d3f : 02010113;
5d40 : 00008067;
5d41 : 00C10513;
5d42 : 810EC0EF;
5d43 : 00812583;
5d44 : 00054C63;
5d45 : 00C12783;
5d46 : 83058713;
5d47 : 00E7E663;
5d48 : 7D058713;
5d49 : 00F77A63;
5d4a : 74323537;
5d4b : 47050513;
5d4c : BCCF00EF;
5d4d : F85FF06F;
5d4e : 00F12423;
5d4f : F7DFF06F;
5d50 : 9BC42783;
5d51 : F40788E3;
5d52 : 10000793;
5d53 : F85FF06F;
5d54 : 0001F737;
5d55 : 62472783;
5d56 : 00178793;
5d57 : 62F72223;
5d58 : 0001F7B7;
5d59 : 6B47C703;
5d5a : 00100793;
5d5b : 0AF70263;
5d5c : 000207B7;
5d5d : 9E078793;
5d5e : 0007A683;
5d5f : FF010113;
5d60 : 00812423;
5d61 : 00112623;
5d62 : 00300713;
5d63 : 00050413;
5d64 : 04E69063;
5d65 : 03452703;
5d66 : 03872703;
5d67 : 00072683;
5d68 : 00200713;
5d69 : 02E69663;
5d6a : 0047A703;
5d6b : 00700793;
5d6c : 02F70063;
5d6d : 00000513;
5d6e : B75EC0EF;
5d6f : 00C12083;
5d70 : 00812403;
5d71 : 00000513;
5d72 : 01010113;
5d73 : 00008067;
5d74 : 00100613;
5d75 : 00300593;
5d76 : 00100513;
5d77 : 9D5EC0EF;
5d78 : 00100613;
5d79 : 00000593;
5d7a : 00300513;
5d7b : E54EC0EF;
5d7c : 03442783;
5d7d : 00200713;
5d7e : 00000513;
5d7f : 0387A783;
5d80 : 00E7A023;
5d81 : B29EC0EF;
5d82 : D4DF00EF;
5d83 : FB1FF06F;
5d84 : 00000513;
5d85 : 00008067;
5d86 : FF010113;
5d87 : 00400513;
5d88 : 00112623;
5d89 : 879F70EF;
5d8a : FE1F70EF;
5d8b : 0002E737;
5d8c : 0D470713;
5d8d : 00100793;
5d8e : 00F72023;
5d8f : 0002E837;
5d90 : 01C82683;
5d91 : 0002E7B7;
5d92 : 0E078793;
5d93 : 00D7A023;
5d94 : 0002E6B7;
5d95 : 0CC6A503;
5d96 : 0002E6B7;
5d97 : 0D06A583;
5d98 : 00072603;
5d99 : 0002E737;
5d9a : 0D872683;
5d9b : 0002E737;
5d9c : 0DC72703;
5d9d : 00C12083;
5d9e : 0007A783;
5d9f : 01C82803;
5da0 : 01010113;
5da1 : 8CCEE06F;
5da2 : 0002E7B7;
5da3 : 0DC78713;
5da4 : 0002E837;
5da5 : 00072603;
5da6 : 01C82683;
5da7 : FE010113;
5da8 : 0002E737;
5da9 : 00112E23;
5daa : 00812C23;
5dab : 00912A23;
5dac : 01212823;
5dad : 01312623;
5dae : 01412423;
5daf : 0DC78793;
5db0 : 0D070713;
5db1 : 00D61663;
5db2 : 00072683;
5db3 : 04069263;
5db4 : 00100693;
5db5 : 00D72023;
5db6 : 01C82683;
5db7 : 00D7A023;
5db8 : 0002E6B7;
5db9 : 0CC6A503;
5dba : 00072583;
5dbb : 0002E737;
5dbc : 0D472603;
5dbd : 0002E737;
5dbe : 0D872683;
5dbf : 0007A703;
5dc0 : 0002E7B7;
5dc1 : 0E07A783;
5dc2 : 01C82803;
5dc3 : 844EE0EF;
5dc4 : 00020437;
5dc5 : 98944783;
5dc6 : 00200713;
5dc7 : 00040493;
5dc8 : 2CE78863;
5dc9 : 04F76863;
5dca : 0A079063;
5dcb : 0001F537;
5dcc : 92850513;
5dcd : DC9F00EF;
5dce : 000207B7;
5dcf : 9607A623;
5dd0 : 0001F7B7;
5dd1 : 6A07A023;
5dd2 : 00100793;
5dd3 : 98F404A3;
5dd4 : 00100513;
5dd5 : 01C12083;
5dd6 : 01812403;
5dd7 : 01412483;
5dd8 : 01012903;
5dd9 : 00C12983;
5dda : 00812A03;
5ddb : 02010113;
5ddc : 00008067;
5ddd : 00300713;
5dde : 00000513;
5ddf : FCE79CE3;
5de0 : CADF00EF;
5de1 : 07200793;
5de2 : 00050413;
5de3 : 00F51A63;
5de4 : 000207B7;
5de5 : 98078423;
5de6 : 000207B7;
5de7 : 9807A223;
5de8 : 000207B7;
5de9 : 98C7A783;
5dea : 2E079263;
5deb : 0001F737;
5dec : 6A072703;
5ded : 000207B7;
5dee : 31878793;
5def : 00E787B3;
5df0 : 00078023;
5df1 : 2C00006F;
5df2 : C65F00EF;
5df3 : 00050793;
5df4 : 00000513;
5df5 : F807C0E3;
5df6 : 01B00713;
5df7 : 00020937;
5df8 : 00E78C63;
5df9 : 9A095503;
5dfa : 10057713;
5dfb : 0C070263;
5dfc : 05B00713;
5dfd : 0AE79E63;
5dfe : 10000793;
5dff : 9AF91023;
5e00 : 9A095403;
5e01 : 0FF47793;
5e02 : F40784E3;
5e03 : 07E00793;
5e04 : 1CF40063;
5e05 : 0A87E263;
5e06 : 00A00793;
5e07 : 14F40263;
5e08 : 00D00793;
5e09 : 12F40E63;
5e0a : 00900793;
5e0b : 18F40E63;
5e0c : 10047793;
5e0d : 18079A63;
5e0e : 0001F9B7;
5e0f : 6A09A603;
5e10 : 04F00793;
5e11 : 18C7C263;
5e12 : 00020A37;
5e13 : 96CA2583;
5e14 : 000204B7;
5e15 : 31848493;
5e16 : 00B60C63;
5e17 : 00158513;
5e18 : 40B60633;
5e19 : 00A48533;
5e1a : 00B485B3;
5e1b : AF9F70EF;
5e1c : 96CA2783;
5e1d : 0001F537;
5e1e : 04000593;
5e1f : 00F484B3;
5e20 : 00178793;
5e21 : 96FA2623;
5e22 : 6A09A783;
5e23 : 93050513;
5e24 : 00848023;
5e25 : 00178793;
5e26 : 6AF9A023;
5e27 : C61F00EF;
5e28 : 0001D537;
5e29 : 9A095583;
5e2a : 16850513;
5e2b : 0880006F;
5e2c : 00A7E7B3;
5e2d : F49FF06F;
5e2e : 14300793;
5e2f : 08F40063;
5e30 : 14400793;
5e31 : 04F40863;
5e32 : 07F00793;
5e33 : F6F412E3;
5e34 : 00020437;
5e35 : 96C42783;
5e36 : 0EF05863;
5e37 : 0001F4B7;
5e38 : 04400593;
5e39 : 93048513;
5e3a : C15F00EF;
5e3b : 05000593;
5e3c : 93048513;
5e3d : C09F00EF;
5e3e : 96C42503;
5e3f : FFF50513;
5e40 : AC5F70EF;
5e41 : 96C42783;
5e42 : FFF78793;
5e43 : 96F42623;
5e44 : 0B80006F;
5e45 : 00020737;
5e46 : 96C72783;
5e47 : 0AF05663;
5e48 : FFF78793;
5e49 : 96F72623;
5e4a : 04400593;
5e4b : 0001F537;
5e4c : 93050513;
5e4d : BC9F00EF;
5e4e : 0900006F;
5e4f : 00020737;
5e50 : 0001F6B7;
5e51 : 96C72783;
5e52 : 6A06A683;
5e53 : 06D7DE63;
5e54 : 00178793;
5e55 : 96F72623;
5e56 : 04300593;
5e57 : FD1FF06F;
5e58 : 0001E537;
5e59 : CEC50513;
5e5a : B95F00EF;
5e5b : 00020A37;
5e5c : 971A4783;
5e5d : 000209B7;
5e5e : 0001F437;
5e5f : 02079263;
5e60 : 9894C703;
5e61 : 96C9A603;
5e62 : 6A042583;
5e63 : 00000693;
5e64 : 00100513;
5e65 : 861EF0EF;
5e66 : 00100793;
5e67 : 96FA08A3;
5e68 : 00400513;
5e69 : 985EF0EF;
5e6a : 96C9A603;
5e6b : 6A042583;
5e6c : 00200793;
5e6d : 00200713;
5e6e : 00100693;
5e6f : 00200513;
5e70 : 98F484A3;
5e71 : 831EF0EF;
5e72 : 9A091023;
5e73 : D85FF06F;
5e74 : 000207B7;
5e75 : 96C7A503;
5e76 : 0001F7B7;
5e77 : 6A07A783;
5e78 : FEF504E3;
5e79 : 9E1F70EF;
5e7a : 05000593;
5e7b : F41FF06F;
5e7c : 00020437;
5e7d : 97144783;
5e7e : 0001F937;
5e7f : 02078063;
5e80 : 000207B7;
5e81 : 96C7A603;
5e82 : 6A092583;
5e83 : 00200713;
5e84 : 00100693;
5e85 : 00300513;
5e86 : FDCEF0EF;
5e87 : 6A092583;
5e88 : 000207B7;
5e89 : 31878793;
5e8a : 00B787B3;
5e8b : 00078023;
5e8c : 97144783;
5e8d : 02078E63;
5e8e : 000209B7;
5e8f : 9894C703;
5e90 : 96C9A603;
5e91 : 00100693;
5e92 : 00400513;
5e93 : FA8EF0EF;
5e94 : 97144783;
5e95 : 00078E63;
5e96 : 9894C703;
5e97 : 96C9A603;
5e98 : 6A092583;
5e99 : 00100693;
5e9a : 00500513;
5e9b : F88EF0EF;
5e9c : 9B9F70EF;
5e9d : 9894C703;
5e9e : 960408A3;
5e9f : 00300793;
5ea0 : CCF708E3;
5ea1 : 980484A3;
5ea2 : CC9FF06F;
5ea3 : 000780E7;
5ea4 : D0054EE3;
5ea5 : 01B00793;
5ea6 : D0F40AE3;
5ea7 : 07100793;
5ea8 : CAF418E3;
5ea9 : D09FF06F;
5eaa : F9010113;
5eab : 06812423;
5eac : 06912223;
5ead : 05412C23;
5eae : 06112623;
5eaf : 07212023;
5eb0 : 05312E23;
5eb1 : 05512A23;
5eb2 : 05612823;
5eb3 : 05712623;
5eb4 : 05812423;
5eb5 : 05912223;
5eb6 : 05A12023;
5eb7 : 03B12E23;
5eb8 : 00050413;
5eb9 : 00058493;
5eba : 00060A13;
5ebb : 04068863;
5ebc : 00C6A603;
5ebd : 00A6D783;
5ebe : 0006A703;
5ebf : 00768683;
5ec0 : 01061613;
5ec1 : 00F667B3;
5ec2 : 3E800613;
5ec3 : 02C7C7B3;
5ec4 : 0C06F693;
5ec5 : 08000613;
5ec6 : 0AC69463;
5ec7 : 0001F837;
5ec8 : 93880813;
5ec9 : 0001F537;
5eca : 00070693;
5ecb : 00070613;
5ecc : 00040593;
5ecd : 96850513;
5ece : 9C5F00EF;
5ecf : 0014C603;
5ed0 : 02100793;
5ed1 : 00F67613;
5ed2 : 0947E263;
5ed3 : 0001F537;
5ed4 : 000A0613;
5ed5 : 00040593;
5ed6 : 98C50513;
5ed7 : 9A1F00EF;
5ed8 : 0001F637;
5ed9 : 0001F5B7;
5eda : 000A0713;
5edb : 00048693;
5edc : 00040513;
5edd : DD460613;
5ede : DDC58593;
5edf : 914FF0EF;
5ee0 : 06C12083;
5ee1 : 06812403;
5ee2 : 06412483;
5ee3 : 06012903;
5ee4 : 05C12983;
5ee5 : 05812A03;
5ee6 : 05412A83;
5ee7 : 05012B03;
5ee8 : 04C12B83;
5ee9 : 04812C03;
5eea : 04412C83;
5eeb : 04012D03;
5eec : 03C12D83;
5eed : 00000513;
5eee : 07010113;
5eef : 00008067;
5ef0 : 0001E837;
5ef1 : E6880813;
5ef2 : F5DFF06F;
5ef3 : 00200793;
5ef4 : 00F60A63;
5ef5 : 0001F537;
5ef6 : 00040593;
5ef7 : 9A450513;
5ef8 : F7DFF06F;
5ef9 : 0034C783;
5efa : 0024CA03;
5efb : 0004C903;
5efc : 00879793;
5efd : 0147E7B3;
5efe : 00879A13;
5eff : 0087D793;
5f00 : 00FA67B3;
5f01 : 01079A13;
5f02 : 0044C783;
5f03 : 00F97913;
5f04 : 010A5A13;
5f05 : 0001F537;
5f06 : 000A0713;
5f07 : 00090693;
5f08 : 00200613;
5f09 : 00040593;
5f0a : 9C450513;
5f0b : 8D1F00EF;
5f0c : 0084A503;
5f0d : 6E9010EF;
5f0e : 00A12E23;
5f0f : 00C4A503;
5f10 : 6DD010EF;
5f11 : 01C12703;
5f12 : 0074C683;
5f13 : 0064C603;
5f14 : 00050813;
5f15 : 00050793;
5f16 : 0001F537;
5f17 : 00040593;
5f18 : 9F050513;
5f19 : 899F00EF;
5f1a : 0001F5B7;
5f1b : 01448613;
5f1c : A2458593;
5f1d : 00040513;
5f1e : FB5FE0EF;
5f1f : 01F4C783;
5f20 : 01E4C603;
5f21 : 0214C703;
5f22 : 00879793;
5f23 : 00C7E7B3;
5f24 : 00879613;
5f25 : 0087D793;
5f26 : 00F66633;
5f27 : 0204C683;
5f28 : 01061613;
5f29 : 0001F537;
5f2a : 01065613;
5f2b : 00040593;
5f2c : A2C50513;
5f2d : 849F00EF;
5f2e : 00C00793;
5f2f : 2127E463;
5f30 : 0001C7B7;
5f31 : D2878793;
5f32 : 00291913;
5f33 : 00F90933;
5f34 : 00092783;
5f35 : 00078067;
5f36 : 0001F537;
5f37 : 00040593;
5f38 : A5850513;
5f39 : 819F00EF;
5f3a : 0001F5B7;
5f3b : 02248613;
5f3c : A7058593;
5f3d : 00040513;
5f3e : 8CCFF0EF;
5f3f : 02C00993;
5f40 : 0001FBB7;
5f41 : 0001FC37;
5f42 : 0001FD37;
5f43 : 0001CCB7;
5f44 : 01348933;
5f45 : 950B8B93;
5f46 : 413A09B3;
5f47 : 958C0C13;
5f48 : 960D0D13;
5f49 : D60C8C93;
5f4a : E3305CE3;
5f4b : 00300713;
5f4c : 19374E63;
5f4d : 0001F537;
5f4e : 00098613;
5f4f : 00040593;
5f50 : C2050513;
5f51 : E19FF06F;
5f52 : 0001F537;
5f53 : 00040593;
5f54 : A7C50513;
5f55 : FA8F00EF;
5f56 : 0001F5B7;
5f57 : 02248613;
5f58 : A9858593;
5f59 : F91FF06F;
5f5a : 0001F537;
5f5b : 00040593;
5f5c : AA850513;
5f5d : F88F00EF;
5f5e : 0001F5B7;
5f5f : 02248613;
5f60 : AC458593;
5f61 : F71FF06F;
5f62 : 0001F537;
5f63 : 00040593;
5f64 : AD450513;
5f65 : F68F00EF;
5f66 : 0001F937;
5f67 : 02248613;
5f68 : AF090593;
5f69 : 00040513;
5f6a : 81CFF0EF;
5f6b : 02C48613;
5f6c : AF090593;
5f6d : 00040513;
5f6e : E75FE0EF;
5f6f : 03600993;
5f70 : F41FF06F;
5f71 : 0001F537;
5f72 : 00040593;
5f73 : B0450513;
5f74 : F2CF00EF;
5f75 : 00400613;
5f76 : 03048593;
5f77 : 02C10513;
5f78 : 9A9F80EF;
5f79 : 02E15783;
5f7a : 02E15703;
5f7b : 02248913;
5f7c : 00879793;
5f7d : 00875713;
5f7e : 0001F5B7;
5f7f : 00E7E7B3;
5f80 : 00090613;
5f81 : B2058593;
5f82 : 00040513;
5f83 : 02F11723;
5f84 : FB5FE0EF;
5f85 : 02E15783;
5f86 : 02D14703;
5f87 : 02C14683;
5f88 : 0001F637;
5f89 : 0001F537;
5f8a : B3860613;
5f8b : 00040593;
5f8c : B5C50513;
5f8d : EC8F00EF;
5f8e : 0344C683;
5f8f : 02F4C603;
5f90 : 0001F537;
5f91 : 00040593;
5f92 : B7050513;
5f93 : EB0F00EF;
5f94 : 03C4C783;
5f95 : 0394C883;
5f96 : 0384C803;
5f97 : 00F12423;
5f98 : 03B4C783;
5f99 : 0364C703;
5f9a : 0354C683;
5f9b : 00F12223;
5f9c : 03A4C783;
5f9d : 0001F637;
5f9e : 0001F537;
5f9f : 00F12023;
5fa0 : 0374C783;
5fa1 : B9860613;
5fa2 : 00040593;
5fa3 : BB850513;
5fa4 : E6CF00EF;
5fa5 : 04000993;
5fa6 : E69FF06F;
5fa7 : 0001F537;
5fa8 : 00040593;
5fa9 : BE850513;
5faa : E54F00EF;
5fab : 0001F5B7;
5fac : 02248613;
5fad : C0458593;
5fae : 00040513;
5faf : D71FE0EF;
5fb0 : E3DFF06F;
5fb1 : 02200993;
5fb2 : E39FF06F;
5fb3 : 00194783;
5fb4 : 00094603;
5fb5 : 00294A83;
5fb6 : 00879793;
5fb7 : 00C7E7B3;
5fb8 : 00879613;
5fb9 : 0087D793;
5fba : 00F667B3;
5fbb : 01079613;
5fbc : 00394783;
5fbd : 0001F537;
5fbe : 01065613;
5fbf : 00879793;
5fc0 : 0157E7B3;
5fc1 : 00879A93;
5fc2 : 0087D793;
5fc3 : 00FAE7B3;
5fc4 : 01079A93;
5fc5 : 010ADA93;
5fc6 : 004A8B13;
5fc7 : 000B0693;
5fc8 : 00040593;
5fc9 : C4850513;
5fca : 00C12E23;
5fcb : DD0F00EF;
5fcc : 01C12603;
5fcd : 00300713;
5fce : 0169FC63;
5fcf : 0001F537;
5fd0 : 00098613;
5fd1 : 000B0593;
5fd2 : C6450513;
5fd3 : C11FF06F;
5fd4 : 000087B7;
5fd5 : 00178793;
5fd6 : 02F61E63;
5fd7 : 00594603;
5fd8 : 00494583;
5fd9 : 0001F537;
5fda : C8850513;
5fdb : D90F00EF;
5fdc : 00600793;
5fdd : 0EFB0263;
5fde : 0001F637;
5fdf : FFEA8713;
5fe0 : 00690693;
5fe1 : CA460613;
5fe2 : 0001F5B7;
5fe3 : CB058593;
5fe4 : 1D40006F;
5fe5 : 00490D93;
5fe6 : 22E61863;
5fe7 : 00594603;
5fe8 : 00494583;
5fe9 : 00994803;
5fea : 00894783;
5feb : 00794703;
5fec : 00694683;
5fed : 0001F537;
5fee : CB850513;
5fef : D40F00EF;
5ff0 : 0001C5B7;
5ff1 : 00300613;
5ff2 : D6058593;
5ff3 : 000D8513;
5ff4 : 924F80EF;
5ff5 : 00051E63;
5ff6 : 0001F5B7;
5ff7 : 00300613;
5ff8 : CE058593;
5ff9 : 00790513;
5ffa : 90CF80EF;
5ffb : 02050263;
5ffc : 0001F637;
5ffd : 0001F5B7;
5ffe : FFAA8713;
5fff : 00A90693;
6000 : CA460613;
6001 : CB058593;
6002 : 00040513;
6003 : C85FE0EF;
6004 : 00A94A83;
6005 : 00B94683;
6006 : FFFFF7B7;
6007 : 008A9A93;
6008 : 00DA8AB3;
6009 : 010A9A93;
600a : 010ADA93;
600b : 00FA87B3;
600c : 01079793;
600d : 0107D793;
600e : 00500713;
600f : 02F76463;
6010 : FFFFF7B7;
6011 : 00FA87B3;
6012 : 00279793;
6013 : 00FC87B3;
6014 : 0047A603;
6015 : 02061063;
6016 : 416989B3;
6017 : 01690933;
6018 : CC9FF06F;
6019 : 000027B7;
601a : FEFA98E3;
601b : 0001F637;
601c : 94460613;
601d : 0001F537;
601e : 000A8693;
601f : 00040593;
6020 : CE450513;
6021 : C78F00EF;
6022 : 000017B7;
6023 : 00478713;
6024 : 08EA8263;
6025 : 00002737;
6026 : 0CEA8C63;
6027 : 00378793;
6028 : FAFA9CE3;
6029 : 00700793;
602a : 0167CE63;
602b : 0001F537;
602c : 000B0613;
602d : 00040593;
602e : D0050513;
602f : C40F00EF;
6030 : F99FF06F;
6031 : 00C94783;
6032 : 000B8613;
6033 : 00079463;
6034 : 000C0613;
6035 : 00E94783;
6036 : 00F94703;
6037 : 00D94683;
6038 : 01879793;
6039 : 01071713;
603a : 00E787B3;
603b : 01094703;
603c : 0001F537;
603d : 00040593;
603e : 00871713;
603f : 00E787B3;
6040 : 01194703;
6041 : D2C50513;
6042 : 00E78733;
6043 : BF0F00EF;
6044 : F49FF06F;
6045 : 01100793;
6046 : 0167CC63;
6047 : 0001F537;
6048 : 000B0613;
6049 : 00040593;
604a : D6450513;
604b : F91FF06F;
604c : 0001FAB7;
604d : 0001E637;
604e : 00800713;
604f : 00C90693;
6050 : C5460613;
6051 : CB0A8593;
6052 : 00040513;
6053 : B45FE0EF;
6054 : 0001E637;
6055 : 00800713;
6056 : 01490693;
6057 : C7460613;
6058 : CB0A8593;
6059 : 00040513;
605a : B29FE0EF;
605b : EEDFF06F;
605c : 00D94703;
605d : 00200693;
605e : 000D0613;
605f : 00377793;
6060 : FFF78793;
6061 : 0FF7F793;
6062 : 00F6E863;
6063 : 00279793;
6064 : 00FC87B3;
6065 : 01C7A603;
6066 : 00477793;
6067 : 000B8693;
6068 : 00079463;
6069 : 000C0693;
606a : 00877793;
606b : 000B8713;
606c : 00079463;
606d : 000C0713;
606e : 0001F537;
606f : 00040593;
6070 : D9050513;
6071 : F49FF06F;
6072 : 0001E537;
6073 : CEC50513;
6074 : B2CF00EF;
6075 : 0001F637;
6076 : 000A8713;
6077 : 000D8693;
6078 : DCC60613;
6079 : DA5FF06F;
607a : FE010113;
607b : 00912A23;
607c : 000204B7;
607d : 00812C23;
607e : F7048413;
607f : 17842783;
6080 : 00112E23;
6081 : 01212823;
6082 : 0107A783;
6083 : 01312623;
6084 : 00020537;
6085 : 04000613;
6086 : 00000593;
6087 : 000784A3;
6088 : 040780A3;
6089 : 0A850513;
608a : 9E8F70EF;
608b : FFFF07B7;
608c : 12F42823;
608d : 000207B7;
608e : 96078823;
608f : 00300793;
6090 : 00F42223;
6091 : 2A040023;
6092 : BC8F00EF;
6093 : 03842783;
6094 : F7048513;
6095 : 0047A783;
6096 : 000780E7;
6097 : 17C42703;
6098 : 0001F7B7;
6099 : DE478793;
609a : 06F72223;
609b : 02042783;
609c : 04C7A783;
609d : 00078663;
609e : F7048513;
609f : 000780E7;
60a0 : 01842783;
60a1 : 00078663;
60a2 : 00100713;
60a3 : 00E78B23;
60a4 : 0001F7B7;
60a5 : 50478713;
60a6 : 00872903;
60a7 : 00000413;
60a8 : 00078493;
60a9 : 34800993;
60aa : 00895783;
60ab : 02F44263;
60ac : 01C12083;
60ad : 01812403;
60ae : 01412483;
60af : 01012903;
60b0 : 00C12983;
60b1 : 00000513;
60b2 : 02010113;
60b3 : 00008067;
60b4 : 03340533;
60b5 : 5044A783;
60b6 : 00A78533;
60b7 : 02052783;
60b8 : 0087A783;
60b9 : 00078463;
60ba : 000780E7;
60bb : 00140413;
60bc : FB9FF06F;
60bd : 000207B7;
60be : 0E87A783;
60bf : FE010113;
60c0 : 00812C23;
60c1 : 01412423;
60c2 : 00112E23;
60c3 : 0107AA03;
60c4 : 00912A23;
60c5 : 01212823;
60c6 : 01312623;
60c7 : 01512223;
60c8 : 01612023;
60c9 : 00200793;
60ca : 00050413;
60cb : 00F51A63;
60cc : 00900513;
60cd : FF5EE0EF;
60ce : 00100513;
60cf : 91CEF0EF;
60d0 : 0001F4B7;
60d1 : 50448913;
60d2 : 0001FAB7;
60d3 : 00492983;
60d4 : 6A0A8A23;
60d5 : E95FF0EF;
60d6 : 00492783;
60d7 : FFF00713;
60d8 : 00048B13;
60d9 : 00E7A423;
60da : 00E7A623;
60db : 00E7A823;
60dc : 00E79A23;
60dd : 00E78B23;
60de : 00300793;
60df : 12F40A63;
60e0 : 0087CE63;
60e1 : 00100713;
60e2 : 02E40063;
60e3 : 00200693;
60e4 : 0AD40663;
60e5 : 00000493;
60e6 : 0640006F;
60e7 : 00400793;
60e8 : 00000493;
60e9 : 04F41C63;
60ea : 00300793;
60eb : 02FA06A3;
60ec : 03892783;
60ed : 00100613;
60ee : 00100593;
60ef : 0007A023;
60f0 : 00600793;
60f1 : 00F9A223;
60f2 : 00300513;
60f3 : BE5EB0EF;
60f4 : 00000593;
60f5 : 00100613;
60f6 : 00100513;
60f7 : 865EB0EF;
60f8 : 0000F537;
60f9 : A6050513;
60fa : D7DFE0EF;
60fb : 00050493;
60fc : 00100593;
60fd : 504B0513;
60fe : F70FE0EF;
60ff : 8B0EB0EF;
6100 : 844EB0EF;
6101 : 03892783;
6102 : 6A8A8A23;
6103 : 01C12083;
6104 : 0087A223;
6105 : 01812403;
6106 : 01012903;
6107 : 00C12983;
6108 : 00812A03;
6109 : 00412A83;
610a : 00012B03;
610b : 00048513;
610c : 01412483;
610d : 02010113;
610e : 00008067;
610f : 02FA06A3;
6110 : 03892783;
6111 : 00200513;
6112 : 00E7A023;
6113 : 80CEF0EF;
6114 : 00100613;
6115 : 00200593;
6116 : 00400513;
6117 : B55EB0EF;
6118 : 00100613;
6119 : 00000593;
611a : 00200513;
611b : FD4EB0EF;
611c : 00300513;
611d : FE5EE0EF;
611e : 00100593;
611f : 50448513;
6120 : EE8FE0EF;
6121 : 0C100793;
6122 : 00F9A223;
6123 : 00400513;
6124 : FC9EE0EF;
6125 : 00005537;
6126 : E2050513;
6127 : CC9FE0EF;
6128 : 00050493;
6129 : 00500513;
612a : FB1EE0EF;
612b : F51FF06F;
612c : 00200793;
612d : 02FA06A3;
612e : 03892783;
612f : 00200713;
6130 : 00E7A023;
6131 : 0FF00793;
6132 : 00F9A223;
6133 : EC9FF06F;
6134 : 0001F7B7;
6135 : 6607A623;
6136 : 0001F7B7;
6137 : 6607A423;
6138 : 0001F7B7;
6139 : 6607A223;
613a : 0001F7B7;
613b : 6607A023;
613c : 0001F7B7;
613d : 6407AE23;
613e : 0001F7B7;
613f : 6407AC23;
6140 : 000207B7;
6141 : 9C07A423;
6142 : 000207B7;
6143 : 9207AA23;
6144 : 000207B7;
6145 : 9207A823;
6146 : 000207B7;
6147 : 9207A623;
6148 : 000207B7;
6149 : 9207A423;
614a : 000207B7;
614b : 9207A223;
614c : 0001F7B7;
614d : 6407A823;
614e : 0001F7B7;
614f : 6207AE23;
6150 : 0001F7B7;
6151 : 62078D23;
6152 : 0001F7B7;
6153 : 6407A423;
6154 : 0001F7B7;
6155 : 64079A23;
6156 : 0001F7B7;
6157 : FB010113;
6158 : 64079623;
6159 : 0001F7B7;
615a : 04112623;
615b : 04812423;
615c : 04912223;
615d : 05212023;
615e : 03412C23;
615f : 03512A23;
6160 : 03712623;
6161 : 03812423;
6162 : 03A12023;
6163 : 6407A023;
6164 : 03312E23;
6165 : 0001F7B7;
6166 : 03612823;
6167 : 03912223;
6168 : 01B12E23;
6169 : 64078223;
616a : 0001F7B7;
616b : 640782A3;
616c : 0001F7B7;
616d : 62078C23;
616e : 0001F7B7;
616f : 6207AA23;
6170 : 0001F7B7;
6171 : 6207A823;
6172 : 0001F7B7;
6173 : 6207A623;
6174 : 0001F7B7;
6175 : 6207A423;
6176 : 0001F7B7;
6177 : 6207A223;
6178 : 0001F7B7;
6179 : 62078CA3;
617a : 000207B7;
617b : 9407A023;
617c : 0001F4B7;
617d : 000207B7;
617e : 9407A223;
617f : 4D048493;
6180 : 0184AD03;
6181 : 0144A403;
6182 : A4DEA0EF;
6183 : 41F55593;
6184 : 880FB0EF;
6185 : 00050C13;
6186 : 01C4A503;
6187 : 00058913;
6188 : 00020AB7;
6189 : 41F55593;
618a : 868FB0EF;
618b : 00050A13;
618c : 0204A503;
618d : 00058B93;
618e : F70A8493;
618f : 41F55593;
6190 : 850FB0EF;
6191 : F70A8793;
6192 : 1B87A823;
6193 : 1B27AA23;
6194 : 400007B7;
6195 : 00FD07B3;
6196 : 80000737;
6197 : 10F76463;
6198 : 00050993;
6199 : 00058B13;
619a : 00E79463;
619b : 0E041C63;
619c : 1904C783;
619d : 0A078463;
619e : 41FD5793;
619f : 3284A023;
61a0 : 1884A423;
61a1 : 0087C433;
61a2 : 40F40DB3;
61a3 : 01A7CCB3;
61a4 : 01B43433;
61a5 : 40FC8CB3;
61a6 : 408C8CB3;
61a7 : 01FC9793;
61a8 : 001DD413;
61a9 : 0087E433;
61aa : 401CD913;
61ab : 00040613;
61ac : 00090693;
61ad : 000D8513;
61ae : 000C8593;
61af : 33A4A223;
61b0 : 19A4A623;
61b1 : 1784AC03;
61b2 : 829F60EF;
61b3 : 01F59793;
61b4 : 00155613;
61b5 : 00C7E633;
61b6 : 0015D693;
61b7 : 00100713;
61b8 : 00200813;
61b9 : 10069263;
61ba : 10C86063;
61bb : 000D5A63;
61bc : 008037B3;
61bd : 41200933;
61be : 40F90933;
61bf : 40800433;
61c0 : 3104A503;
61c1 : 3144A583;
61c2 : 028C2823;
61c3 : 032C2A23;
61c4 : F81FA0EF;
61c5 : 18A4A023;
61c6 : 18B4A223;
61c7 : 3004A503;
61c8 : 3044A583;
61c9 : F6DFA0EF;
61ca : 01450A33;
61cb : 01758BB3;
61cc : 00AA3533;
61cd : 01750533;
61ce : 18A4AE23;
61cf : 30C4A583;
61d0 : 3084A503;
61d1 : 1944AC23;
61d2 : F49FA0EF;
61d3 : 013509B3;
61d4 : 00A9B533;
61d5 : 01658B33;
61d6 : 01650533;
61d7 : 1B34A023;
61d8 : 1AA4A223;
61d9 : 00000593;
61da : 00000513;
61db : 964F30EF;
61dc : 0001F7B7;
61dd : 5CA7A823;
61de : 001007B7;
61df : 41C7A703;
61e0 : 000207B7;
61e1 : 00100413;
61e2 : F70A8513;
61e3 : 9CE7A223;
61e4 : 00100793;
61e5 : 2AF48023;
61e6 : 0084A023;
61e7 : B70F70EF;
61e8 : 000207B7;
61e9 : 04C12083;
61ea : 96878823;
61eb : 04812403;
61ec : 04412483;
61ed : 04012903;
61ee : 03C12983;
61ef : 03812A03;
61f0 : 03412A83;
61f1 : 03012B03;
61f2 : 02C12B83;
61f3 : 02812C03;
61f4 : 02412C83;
61f5 : 02012D03;
61f6 : 01C12D83;
61f7 : 00000513;
61f8 : 05010113;
61f9 : 00008067;
61fa : 060D4063;
61fb : 04070463;
61fc : 40C407B3;
61fd : 00F435B3;
61fe : 40D90933;
61ff : 00078413;
6200 : 40B90933;
6201 : 00174713;
6202 : 000D8513;
6203 : 000C8593;
6204 : 00E12623;
6205 : EDCF60EF;
6206 : 01F59793;
6207 : 00155613;
6208 : 00C12703;
6209 : 00C7E633;
620a : 0015D693;
620b : 00200813;
620c : EB5FF06F;
620d : 00860433;
620e : 00C437B3;
620f : 01268933;
6210 : 01278933;
6211 : FC1FF06F;
6212 : 00160593;
6213 : 00C5B7B3;
6214 : 00D787B3;
6215 : 00858433;
6216 : 00B435B3;
6217 : 01278933;
6218 : 01258933;
6219 : FA5FF06F;
621a : 00050C63;
621b : 00100793;
621c : 00F50A63;
621d : 000207B7;
621e : 9707C503;
621f : 00008067;
6220 : 969FF06F;
6221 : C4DFF06F;
6222 : FE010113;
6223 : 00812C23;
6224 : 00020437;
6225 : 9D040513;
6226 : 00912A23;
6227 : 00112E23;
6228 : 01212823;
6229 : 01312623;
622a : A45EA0EF;
622b : 001007B7;
622c : 41C7A703;
622d : 00050493;
622e : 000206B7;
622f : 06050663;
6230 : 0001F7B7;
6231 : 01E00713;
6232 : 5CE7A623;
6233 : 000207B7;
6234 : 9806AC23;
6235 : 9807AA23;
6236 : 00020937;
6237 : 99C92783;
6238 : 0001F437;
6239 : 54440413;
623a : 12079263;
623b : 18048C63;
623c : 00000513;
623d : A15F00EF;
623e : BD9FF0EF;
623f : 00100793;
6240 : 00F40623;
6241 : 00100513;
6242 : 01C12083;
6243 : 01812403;
6244 : 98992E23;
6245 : 00C12983;
6246 : 01412483;
6247 : 01012903;
6248 : 02010113;
6249 : 00008067;
624a : 9986A783;
624b : 00020937;
624c : 02079E63;
624d : 0001F637;
624e : 6B464583;
624f : 0001F7B7;
6250 : 00300613;
6251 : 5CC7A783;
6252 : 00C59463;
6253 : 00F78793;
6254 : 3E800613;
6255 : 02C787B3;
6256 : 00E787B3;
6257 : 98F92823;
6258 : 00100793;
6259 : 98F6AC23;
625a : F71FF06F;
625b : 99092783;
625c : 40F707B3;
625d : F607C2E3;
625e : 00020737;
625f : 99472783;
6260 : 9D040413;
6261 : 00178793;
6262 : 98F72A23;
6263 : 00842783;
6264 : 0007A023;
6265 : AB9EC0EF;
6266 : 00842783;
6267 : 0E000713;
6268 : 00E7A023;
6269 : 00644783;
626a : 0027E793;
626b : 00F40323;
626c : 9FDEF0EF;
626d : 0001F7B7;
626e : 5CC7A703;
626f : 09500693;
6270 : 04E6E263;
6271 : 00171713;
6272 : 5CE7A623;
6273 : 0001F737;
6274 : 6B474683;
6275 : 00300713;
6276 : 5CC7A783;
6277 : 00E69463;
6278 : 00F78793;
6279 : 3E800693;
627a : 02D787B3;
627b : 00100737;
627c : 40070713;
627d : 01C72703;
627e : 00E787B3;
627f : 98F92823;
6280 : ED9FF06F;
6281 : 12C00713;
6282 : FC1FF06F;
6283 : 00300793;
6284 : 06049A63;
6285 : 00200793;
6286 : 00F40623;
6287 : FCCFF0EF;
6288 : 0001F7B7;
6289 : 6B47C783;
628a : 00100993;
628b : FFF78793;
628c : 0FF7F793;
628d : ECF9E8E3;
628e : 0001F437;
628f : 50440513;
6290 : 00100593;
6291 : 924FE0EF;
6292 : 50440413;
6293 : 03842783;
6294 : 00200713;
6295 : 0007A683;
6296 : EAE696E3;
6297 : 0137A023;
6298 : 00100613;
6299 : 00200593;
629a : 00500513;
629b : D44EB0EF;
629c : 00100613;
629d : 00000593;
629e : 00200513;
629f : 9C4EB0EF;
62a0 : E85FF06F;
62a1 : 00F40623;
62a2 : 00000513;
62a3 : E7DFF06F;
62a4 : 00050793;
62a5 : 00054E63;
62a6 : 01500713;
62a7 : 7D000537;
62a8 : 02F74463;
62a9 : 3E800513;
62aa : 00F51533;
62ab : 00008067;
62ac : FF700713;
62ad : 00100513;
62ae : 00E7C863;
62af : 40F007B3;
62b0 : 3E800513;
62b1 : 40F55533;
62b2 : 00008067;
62b3 : 0001C7B7;
62b4 : 00359713;
62b5 : D6078793;
62b6 : 00E787B3;
62b7 : 02C7A783;
62b8 : 0017F793;
62b9 : 00079663;
62ba : 03452783;
62bb : 0007A503;
62bc : 00C00793;
62bd : 02F585B3;
62be : 1BC58593;
62bf : 00B50533;
62c0 : 00008067;
62c1 : FF010113;
62c2 : 00112623;
62c3 : 00812423;
62c4 : 00912223;
62c5 : 00050413;
62c6 : 00060493;
62c7 : 01212023;
62c8 : FADFF0EF;
62c9 : 00048593;
62ca : 00050913;
62cb : 00040513;
62cc : F9DFF0EF;
62cd : 03C42783;
62ce : 00050493;
62cf : 00000593;
62d0 : 0247A783;
62d1 : 00040513;
62d2 : 000780E7;
62d3 : 00892783;
62d4 : 0084A683;
62d5 : 00050713;
62d6 : 40F68633;
62d7 : 00065463;
62d8 : 00068793;
62d9 : 00C12083;
62da : 00812403;
62db : 40F70533;
62dc : 41F55513;
62dd : 40E787B3;
62de : 00412483;
62df : 00012903;
62e0 : 00A7F533;
62e1 : 01010113;
62e2 : 00008067;
62e3 : FF010113;
62e4 : 00112623;
62e5 : 00812423;
62e6 : 00912223;
62e7 : 00050413;
62e8 : F2DFF0EF;
62e9 : 03C42783;
62ea : 00050493;
62eb : 00000593;
62ec : 0247A783;
62ed : 00040513;
62ee : 000780E7;
62ef : 0084A783;
62f0 : 40A78533;
62f1 : 00055463;
62f2 : 00000513;
62f3 : 00C12083;
62f4 : 00812403;
62f5 : 00412483;
62f6 : 01010113;
62f7 : 00008067;
62f8 : FF010113;
62f9 : 00112623;
62fa : 00812423;
62fb : 00912223;
62fc : 01212023;
62fd : 00050413;
62fe : 00060913;
62ff : ED1FF0EF;
6300 : 03C42783;
6301 : 00050493;
6302 : 00090593;
6303 : 0247A783;
6304 : 00040513;
6305 : 000780E7;
6306 : 00C12083;
6307 : 00812403;
6308 : 00A4A423;
6309 : 00012903;
630a : 00412483;
630b : 01010113;
630c : 00008067;
630d : FE010113;
630e : 00812C23;
630f : 0001C437;
6310 : 00912A23;
6311 : 01212823;
6312 : 00112E23;
6313 : D8840413;
6314 : 00000493;
6315 : 00C00913;
6316 : 00442783;
6317 : 0027F793;
6318 : 00078A63;
6319 : 00048593;
631a : 00A12623;
631b : D20F60EF;
631c : 00C12503;
631d : 00148493;
631e : 00840413;
631f : FD249EE3;
6320 : 01812403;
6321 : 01C12083;
6322 : 01412483;
6323 : 01012903;
6324 : 01400613;
6325 : 00400593;
6326 : 02010113;
6327 : F45FF06F;
6328 : FD010113;
6329 : 00812C23;
632a : 02F12223;
632b : 00112E23;
632c : 02E12023;
632d : 03012423;
632e : 03112623;
632f : 00068413;
6330 : 00000793;
6331 : 00050463;
6332 : 02452783;
6333 : 00020737;
6334 : 93872703;
6335 : 00259593;
6336 : 00E7E7B3;
6337 : 00B7D7B3;
6338 : 00F7F793;
6339 : 02C7EC63;
633a : 04050263;
633b : 2A852683;
633c : 0001C7B7;
633d : D6078793;
633e : 00B785B3;
633f : 0885A583;
6340 : 0001F537;
6341 : DF850513;
6342 : FF4EF0EF;
6343 : 02010593;
6344 : 00040513;
6345 : 00B12623;
6346 : F88EF0EF;
6347 : 01C12083;
6348 : 01812403;
6349 : 03010113;
634a : 00008067;
634b : 0001F7B7;
634c : DF078693;
634d : FBDFF06F;
634e : 000207B7;
634f : 9707C783;
6350 : F8010113;
6351 : 07412423;
6352 : 06112E23;
6353 : 06812C23;
6354 : 06912A23;
6355 : 07212823;
6356 : 07312623;
6357 : 07512223;
6358 : 07612023;
6359 : 05712E23;
635a : 05812C23;
635b : 05912A23;
635c : 05A12823;
635d : 05B12623;
635e : 00000A13;
635f : 64078463;
6360 : 0001F7B7;
6361 : 6B47C703;
6362 : 00400793;
6363 : 62F70C63;
6364 : 001007B7;
6365 : 000206B7;
6366 : 41C7A703;
6367 : 9CC6A603;
6368 : 40078793;
6369 : 40C70733;
636a : 7CF00613;
636b : 60E67C63;
636c : 01C7A783;
636d : 0001C937;
636e : D6090713;
636f : 0001E9B7;
6370 : 9CF6A623;
6371 : 0E070713;
6372 : 34498693;
6373 : 00200613;
6374 : 00300593;
6375 : 00000513;
6376 : EC9FF0EF;
6377 : 0001F437;
6378 : 50440793;
6379 : 0047AA03;
637a : 00600713;
637b : D6090913;
637c : 004A2783;
637d : 50440493;
637e : 46E78C63;
637f : 0C100713;
6380 : 4AE79C63;
6381 : 00100C13;
6382 : 0C490B93;
6383 : 46C0006F;
6384 : 0001FB37;
6385 : 5D4B0793;
6386 : 00FC07B3;
6387 : 02412703;
6388 : 00078783;
6389 : 5D4B0B13;
638a : 48E78863;
638b : 00200793;
638c : 08F71A63;
638d : E10EA0EF;
638e : 001BC783;
638f : 0001F737;
6390 : E0870713;
6391 : 02078263;
6392 : 50442783;
6393 : 00100593;
6394 : 50440513;
6395 : 03C7A783;
6396 : 00E12A23;
6397 : 02C7A783;
6398 : 000780E7;
6399 : 01412703;
639a : 02412783;
639b : 018B0B33;
639c : 00FB0023;
639d : 44070263;
639e : 0144A683;
639f : 00CAD883;
63a0 : 00BAC803;
63a1 : 0056C603;
63a2 : 00AAC783;
63a3 : 00300593;
63a4 : 00C12623;
63a5 : 0066C603;
63a6 : 00000513;
63a7 : 00C12423;
63a8 : 0076C603;
63a9 : 00C12223;
63aa : 0086C683;
63ab : 00100613;
63ac : 00D12023;
63ad : 0001F6B7;
63ae : E4C68693;
63af : DE5FF0EF;
63b0 : 3F80006F;
63b1 : 004B8793;
63b2 : 00071463;
63b3 : 010B8793;
63b4 : 0007C683;
63b5 : 0144A703;
63b6 : 00DA8523;
63b7 : 0017C683;
63b8 : 008A4603;
63b9 : 00D67463;
63ba : 00DA85A3;
63bb : 0027D683;
63bc : 00CA5603;
63bd : 00D67463;
63be : 00DA9623;
63bf : 0047C683;
63c0 : 010A2603;
63c1 : 00D65463;
63c2 : 00D70423;
63c3 : 014A4683;
63c4 : 00068663;
63c5 : 0057C683;
63c6 : 00D703A3;
63c7 : 015A4683;
63c8 : 00068663;
63c9 : 0067C683;
63ca : 00D70323;
63cb : 016A4683;
63cc : 00068663;
63cd : 0077C683;
63ce : 00D702A3;
63cf : 0087A703;
63d0 : F29FF06F;
63d1 : 038B0A33;
63d2 : 50442783;
63d3 : 00000593;
63d4 : 00000A93;
63d5 : 01478A33;
63d6 : 03CA2783;
63d7 : 000A0513;
63d8 : 0247A783;
63d9 : 000780E7;
63da : 00050B93;
63db : 130A5803;
63dc : 010AC663;
63dd : 001B0B13;
63de : 3680006F;
63df : 006A9D93;
63e0 : 034A2503;
63e1 : 138D8593;
63e2 : 00BA05B3;
63e3 : 01012A23;
63e4 : A04F70EF;
63e5 : 04051663;
63e6 : 01BA0DB3;
63e7 : 164DA783;
63e8 : 134A2703;
63e9 : 01412803;
63ea : 00E787B3;
63eb : 417787B3;
63ec : 0207D863;
63ed : 000A0513;
63ee : 000A8793;
63ef : E68C8713;
63f0 : 45CD0693;
63f1 : 00100613;
63f2 : 00300593;
63f3 : CD5FF0EF;
63f4 : 000A8593;
63f5 : 000A0513;
63f6 : FD4F70EF;
63f7 : F91FF06F;
63f8 : 001A8A93;
63f9 : F89FF06F;
63fa : 2A054603;
63fb : 00060663;
63fc : 00052A03;
63fd : 26DA0263;
63fe : 00178793;
63ff : 34850513;
6400 : 3180006F;
6401 : 34800793;
6402 : 02FA88B3;
6403 : 50442783;
6404 : 01178B33;
6405 : 2A0B4703;
6406 : 130B5783;
6407 : 04071063;
6408 : 02078863;
6409 : 000D8713;
640a : 34498693;
640b : 00200613;
640c : 00300593;
640d : 000B0513;
640e : C69FF0EF;
640f : 04000613;
6410 : 00000593;
6411 : 138B0513;
6412 : BC8F60EF;
6413 : 120B1823;
6414 : FFF00793;
6415 : 12FB1923;
6416 : 0940006F;
6417 : FE078AE3;
6418 : 000B2783;
6419 : 00100713;
641a : 138B0693;
641b : FFE78793;
641c : 0EF77263;
641d : 178B0593;
641e : 00000B93;
641f : 130B5783;
6420 : 006B9A13;
6421 : 01468A33;
6422 : 08F74663;
6423 : 000A0593;
6424 : 000B0513;
6425 : 00F12A23;
6426 : 970F70EF;
6427 : 01412783;
6428 : 0A050663;
6429 : 000B8713;
642a : F0CC0693;
642b : 00100613;
642c : 00300593;
642d : 000B0513;
642e : BE9FF0EF;
642f : 010A0593;
6430 : 02410513;
6431 : CC9FC0EF;
6432 : 018A5803;
6433 : 00050793;
6434 : F34C8713;
6435 : 63CD0693;
6436 : 00300613;
6437 : 00300593;
6438 : 000B0513;
6439 : BBDFF0EF;
643a : 137B1923;
643b : 132B1583;
643c : 0005CE63;
643d : 00659593;
643e : 17058593;
643f : 00600613;
6440 : 00BB05B3;
6441 : 09AB0513;
6442 : E80F70EF;
6443 : 001A8A93;
6444 : 2200006F;
6445 : 000A0613;
6446 : 000B0513;
6447 : 00E12E23;
6448 : 00D12C23;
6449 : 00B12A23;
644a : 8BCFD0EF;
644b : 01412583;
644c : 01812683;
644d : 01C12703;
644e : 00055463;
644f : 00070B93;
6450 : 00170713;
6451 : 04058593;
6452 : F35FF06F;
6453 : FFF00B93;
6454 : F99FF06F;
6455 : FFFF07B7;
6456 : 12FB2823;
6457 : 04000613;
6458 : 00000593;
6459 : 00068513;
645a : AA8F60EF;
645b : F81FF06F;
645c : 03598533;
645d : 50442A03;
645e : 00AA0533;
645f : 13251583;
6460 : 01691863;
6461 : 05258263;
6462 : 00098913;
6463 : 03C0006F;
6464 : 03658C63;
6465 : 035907B3;
6466 : 00659593;
6467 : 13858593;
6468 : 00B505B3;
6469 : 00FA0A33;
646a : 132A1603;
646b : 00661613;
646c : 13860613;
646d : 00CA0633;
646e : 82CFD0EF;
646f : FC0546E3;
6470 : 130A5783;
6471 : FC0782E3;
6472 : 00198993;
6473 : 1980006F;
6474 : 34800A13;
6475 : 034907B3;
6476 : 50442A03;
6477 : 0001F6B7;
6478 : 00190713;
6479 : F5068693;
647a : 00100613;
647b : 00300593;
647c : 00FA0A33;
647d : 000A0513;
647e : AA9FF0EF;
647f : 132A1983;
6480 : 02410513;
6481 : 00598993;
6482 : 00699993;
6483 : 00898593;
6484 : 00BA05B3;
6485 : B79FC0EF;
6486 : 013A09B3;
6487 : 0109D803;
6488 : 0001F737;
6489 : 0001C6B7;
648a : 00050793;
648b : F3470713;
648c : 63C68693;
648d : 00300613;
648e : 00300593;
648f : 000A0513;
6490 : A61FF0EF;
6491 : 14C0006F;
6492 : 00B78023;
6493 : 00170713;
6494 : 34878793;
6495 : 1640006F;
6496 : 0001F6B7;
6497 : F7468693;
6498 : 00200613;
6499 : 00300593;
649a : A39FF0EF;
649b : 1580006F;
649c : 00000C13;
649d : 0A890B93;
649e : 50442783;
649f : 02410593;
64a0 : 50440513;
64a1 : 03C7A783;
64a2 : 0084AA83;
64a3 : 0287A783;
64a4 : 000780E7;
64a5 : B6050EE3;
64a6 : 0084A783;
64a7 : 0001F6B7;
64a8 : E1068693;
64a9 : 00A7C703;
64aa : 00100613;
64ab : 00300593;
64ac : 00000513;
64ad : 9EDFF0EF;
64ae : 0001F6B7;
64af : EF468693;
64b0 : 00100613;
64b1 : 00300593;
64b2 : 00000513;
64b3 : 9D5FF0EF;
64b4 : 00000B13;
64b5 : 34800C13;
64b6 : 0001ECB7;
64b7 : 0001DD37;
64b8 : 0084A783;
64b9 : 0087D783;
64ba : C4FB4EE3;
64bb : 0F490713;
64bc : 34498693;
64bd : 00000513;
64be : 00200613;
64bf : 00300593;
64c0 : 9A1FF0EF;
64c1 : 0084A783;
64c2 : 50442503;
64c3 : 00100693;
64c4 : 0087D703;
64c5 : 00000793;
64c6 : CCE7C8E3;
64c7 : 00000A93;
64c8 : 0001FC37;
64c9 : 0001FCB7;
64ca : 0001CD37;
64cb : 11090D93;
64cc : 0084A783;
64cd : 0087D783;
64ce : CCFAC6E3;
64cf : 12890713;
64d0 : 34498693;
64d1 : 00200613;
64d2 : 00300593;
64d3 : 00000513;
64d4 : 951FF0EF;
64d5 : FFF00913;
64d6 : 00000993;
64d7 : 34800A93;
64d8 : FFF00B13;
64d9 : 0084A783;
64da : 0087D783;
64db : E0F9C2E3;
64dc : FFF00793;
64dd : E4F91EE3;
64de : 0001F6B7;
64df : F4468693;
64e0 : 00200613;
64e1 : 00300593;
64e2 : 00000513;
64e3 : 915FF0EF;
64e4 : 0184A783;
64e5 : 00F90663;
64e6 : 00100793;
64e7 : 00F4AE23;
64e8 : 50442783;
64e9 : 0084A603;
64ea : 0124AC23;
64eb : 33B78793;
64ec : 00000713;
64ed : 00100593;
64ee : 00865683;
64ef : E8D746E3;
64f0 : 00100A13;
64f1 : 07C12083;
64f2 : 07812403;
64f3 : 07412483;
64f4 : 07012903;
64f5 : 06C12983;
64f6 : 06412A83;
64f7 : 06012B03;
64f8 : 05C12B83;
64f9 : 05812C03;
64fa : 05412C83;
64fb : 05012D03;
64fc : 04C12D83;
64fd : 000A0513;
64fe : 06812A03;
64ff : 08010113;
6500 : 00008067;
6501 : FF010113;
6502 : 00812423;
6503 : 00912223;
6504 : 00112623;
6505 : 01212023;
6506 : 00050413;
6507 : 00058493;
6508 : EACFF0EF;
6509 : 00452703;
650a : FFF00793;
650b : 02F71063;
650c : 00000513;
650d : 00C12083;
650e : 00812403;
650f : 00412483;
6510 : 00012903;
6511 : 01010113;
6512 : 00008067;
6513 : 03C42783;
6514 : 00050913;
6515 : 00000593;
6516 : 0247A783;
6517 : 00040513;
6518 : 000780E7;
6519 : 00892703;
651a : 00050793;
651b : 40E50733;
651c : FC0740E3;
651d : 0001C5B7;
651e : 00349493;
651f : D6058593;
6520 : 009585B3;
6521 : 0285A703;
6522 : 0001F6B7;
6523 : 00040513;
6524 : F9068693;
6525 : 00100613;
6526 : 00600593;
6527 : 805FF0EF;
6528 : 00100513;
6529 : F91FF06F;
652a : FD010113;
652b : 02812423;
652c : 02912223;
652d : 01312E23;
652e : 02112623;
652f : 03212023;
6530 : 00050493;
6531 : 00058413;
6532 : 00060993;
6533 : E00FF0EF;
6534 : 00452703;
6535 : FFF00793;
6536 : 10F70C63;
6537 : 00050913;
6538 : 00052503;
6539 : 033707B3;
653a : 08050663;
653b : 08F05463;
653c : 000205B7;
653d : 9B85A703;
653e : 00071A63;
653f : 0344A703;
6540 : 00872703;
6541 : 00472703;
6542 : 9AE5AC23;
6543 : 9B85A603;
6544 : 41C65837;
6545 : E6D80813;
6546 : 03060633;
6547 : 000036B7;
6548 : 03968713;
6549 : 00E60633;
654a : 030606B3;
654b : 00400813;
654c : 00E686B3;
654d : 9AD5AC23;
654e : 00179713;
654f : 00500593;
6550 : 02B747B3;
6551 : 02E85863;
6552 : 00200737;
6553 : C0070713;
6554 : 00665613;
6555 : 00E67633;
6556 : 0106D713;
6557 : 3FF77713;
6558 : 00100693;
6559 : 00C76733;
655a : 06D50663;
655b : 00200693;
655c : 06D50A63;
655d : 00078613;
655e : 00040593;
655f : 00048513;
6560 : 00F12623;
6561 : E5CFF0EF;
6562 : 00341593;
6563 : 0001C437;
6564 : D6040413;
6565 : 00B40433;
6566 : 02842703;
6567 : 02812403;
6568 : 00892803;
6569 : 00C12783;
656a : 02C12083;
656b : 02012903;
656c : 01C12983;
656d : 00048513;
656e : 02412483;
656f : 0001F6B7;
6570 : FAC68693;
6571 : 00300613;
6572 : 00600593;
6573 : 03010113;
6574 : ED0FF06F;
6575 : 02F77733;
6576 : 00179693;
6577 : 00E687B3;
6578 : F95FF06F;
6579 : 02B787B3;
657a : 02F777B3;
657b : F89FF06F;
657c : 02C12083;
657d : 02812403;
657e : 02412483;
657f : 02012903;
6580 : 01C12983;
6581 : 03010113;
6582 : 00008067;
6583 : FE010113;
6584 : 00112E23;
6585 : 00812C23;
6586 : 00912A23;
6587 : 01212823;
6588 : 01312623;
6589 : 00060493;
658a : 00050913;
658b : 00058413;
658c : C9CFF0EF;
658d : 00050993;
658e : 00952223;
658f : 00048613;
6590 : 00040593;
6591 : 00090513;
6592 : D98FF0EF;
6593 : 0001C5B7;
6594 : D6058593;
6595 : 00341413;
6596 : 00858433;
6597 : 02842703;
6598 : 01812403;
6599 : 0089A803;
659a : 01C12083;
659b : 00C12983;
659c : 00048793;
659d : 00090513;
659e : 01412483;
659f : 01012903;
65a0 : 0001F6B7;
65a1 : FCC68693;
65a2 : 00300613;
65a3 : 00600593;
65a4 : 02010113;
65a5 : E0CFF06F;
65a6 : FE010113;
65a7 : 00912A23;
65a8 : 17852483;
65a9 : 0001C737;
65aa : 0001E6B7;
65ab : 00112E23;
65ac : E9C70713;
65ad : 34468693;
65ae : 00300613;
65af : 00600593;
65b0 : 00812C23;
65b1 : 01312623;
65b2 : 01412423;
65b3 : 01212823;
65b4 : 00050413;
65b5 : 00A48903;
65b6 : DC8FF0EF;
65b7 : 00200793;
65b8 : 1AF42E23;
65b9 : 00100793;
65ba : 1EF42623;
65bb : 1CF42423;
65bc : 00090513;
65bd : B9CFF0EF;
65be : 1CA42023;
65bf : 00D48503;
65c0 : B90FF0EF;
65c1 : 1CA42623;
65c2 : 03442983;
65c3 : 00B48903;
65c4 : 0009AA03;
65c5 : 00090513;
65c6 : B78FF0EF;
65c7 : 1D8A2783;
65c8 : FFF00713;
65c9 : 00E78463;
65ca : 00F55463;
65cb : 1CAA2C23;
65cc : 00C9A783;
65cd : 00C4C703;
65ce : 3E800693;
65cf : 0007D783;
65d0 : 01271733;
65d1 : 02D70733;
65d2 : 00178793;
65d3 : 012696B3;
65d4 : 01C12083;
65d5 : 1EA42823;
65d6 : 01412483;
65d7 : 01012903;
65d8 : 00C12983;
65d9 : 00812A03;
65da : 02D787B3;
65db : 1EE42223;
65dc : 1EF42E23;
65dd : 01812403;
65de : 02010113;
65df : 00008067;
65e0 : 33C52783;
65e1 : 06078263;
65e2 : FF010113;
65e3 : 00812423;
65e4 : 00300793;
65e5 : 00112623;
65e6 : 32F52E23;
65e7 : 00600593;
65e8 : 00050413;
65e9 : 9E9F50EF;
65ea : 34042703;
65eb : 00100793;
65ec : 02F70463;
65ed : 34F42023;
65ee : 02042783;
65ef : 0647A303;
65f0 : 00030C63;
65f1 : 00040513;
65f2 : 00812403;
65f3 : 00C12083;
65f4 : 01010113;
65f5 : 00030067;
65f6 : 00C12083;
65f7 : 00812403;
65f8 : 01010113;
65f9 : 00008067;
65fa : 00008067;
65fb : 33C52703;
65fc : 00070A63;
65fd : 00300713;
65fe : 32E52E23;
65ff : 00600593;
6600 : 98DF506F;
6601 : 00008067;
6602 : 34052703;
6603 : FF010113;
6604 : 00812423;
6605 : 00112623;
6606 : 00100793;
6607 : 00050413;
6608 : 02F71663;
6609 : 001007B7;
660a : 41C7A703;
660b : 000207B7;
660c : 9207A783;
660d : 00079C63;
660e : 33C52603;
660f : 00052583;
6610 : 00100693;
6611 : 00000513;
6612 : AB5EB0EF;
6613 : 34042703;
6614 : 00400793;
6615 : 32F42E23;
6616 : 00100793;
6617 : 02F71E63;
6618 : 33A44783;
6619 : 00078663;
661a : 00200793;
661b : 34F42023;
661c : 00040513;
661d : FEDF50EF;
661e : 02042783;
661f : 0647A303;
6620 : 00030C63;
6621 : 00040513;
6622 : 00812403;
6623 : 00C12083;
6624 : 01010113;
6625 : 00030067;
6626 : 00C12083;
6627 : 00812403;
6628 : 01010113;
6629 : 00008067;
662a : FBC10113;
662b : 00112223;
662c : 00512423;
662d : 00612623;
662e : 00712823;
662f : 00A12A23;
6630 : 00B12C23;
6631 : 00C12E23;
6632 : 02D12023;
6633 : 02E12223;
6634 : 02F12423;
6635 : 03012623;
6636 : 03112823;
6637 : 03C12A23;
6638 : 03D12C23;
6639 : 03E12E23;
663a : 05F12023;
663b : 341020F3;
663c : 342023F3;
663d : 34302E73;
663e : 0FF3F293;
663f : 00B00313;
6640 : 0A628E63;
6641 : 00014297;
6642 : 7A428293;
6643 : 0002A303;
6644 : 00130313;
6645 : 0062A023;
6646 : 00014297;
6647 : 79428293;
6648 : 0072A023;
6649 : 00014297;
664a : 78C28293;
664b : 0012A023;
664c : 00014297;
664d : 78428293;
664e : 01C2A023;
664f : 00014297;
6650 : 77C28293;
6651 : 00412303;
6652 : 0062A023;
6653 : 00014297;
6654 : 77028293;
6655 : 04410313;
6656 : 0062A023;
6657 : 00014297;
6658 : 76428293;
6659 : 00014317;
665a : 6B830313;
665b : 00032303;
665c : 0062A023;
665d : 00014297;
665e : 75028293;
665f : 00014317;
6660 : 6B830313;
6661 : 00032303;
6662 : 0062A023;
6663 : 00014297;
6664 : 73C28293;
6665 : 00014317;
6666 : 6BC30313;
6667 : 00032303;
6668 : 0062A023;
6669 : 46415337;
666a : 54C30313;
666b : 00014297;
666c : 6F828293;
666d : 0062A023;
666e : 0540006F;
666f : 0FF3F393;
6670 : FC1EA0EF;
6671 : 00412083;
6672 : 00812283;
6673 : 00C12303;
6674 : 01012383;
6675 : 01412503;
6676 : 01812583;
6677 : 01C12603;
6678 : 02012683;
6679 : 02412703;
667a : 02812783;
667b : 02C12803;
667c : 03012883;
667d : 03412E03;
667e : 03812E83;
667f : 03C12F03;
6680 : 04012F83;
6681 : 04410113;
6682 : 30200073;
6683 : 0000006F;
6684 : 02060063;
6685 : 02000793;
6686 : 40C787B3;
6687 : 00F04C63;
6688 : FE060513;
6689 : 00000713;
668a : 00A5D533;
668b : 00070593;
668c : 00008067;
668d : 00C5D733;
668e : 00C55533;
668f : 00F595B3;
6690 : 00B56533;
6691 : FE9FF06F;
6692 : 02060063;
6693 : 02000793;
6694 : 40C787B3;
6695 : 00F04C63;
6696 : FE060593;
6697 : 00000713;
6698 : 00B515B3;
6699 : 00070513;
669a : 00008067;
669b : 00C51733;
669c : 00C595B3;
669d : 00F55533;
669e : 00A5E5B3;
669f : FE9FF06F;
66a0 : 02060063;
66a1 : 02000793;
66a2 : 40C787B3;
66a3 : 00F04C63;
66a4 : FE060513;
66a5 : 41F5D713;
66a6 : 40A5D533;
66a7 : 00070593;
66a8 : 00008067;
66a9 : 40C5D733;
66aa : 00C55533;
66ab : 00F595B3;
66ac : 00B56533;
66ad : FE9FF06F;
66ae : 04058263;
66af : 00000513;
66b0 : 000107B7;
66b1 : 04F5F263;
66b2 : 0FF00793;
66b3 : 00B7B7B3;
66b4 : 00379793;
66b5 : 02000713;
66b6 : 40F70733;
66b7 : 00F5D5B3;
66b8 : 00002797;
66b9 : 51C78793;
66ba : 00B785B3;
66bb : 0005C783;
66bc : 40F707B3;
66bd : 00A78533;
66be : 00008067;
66bf : 00050593;
66c0 : 02000513;
66c1 : FBDFF06F;
66c2 : 01000737;
66c3 : 01000793;
66c4 : FCE5E2E3;
66c5 : 01800793;
66c6 : FBDFF06F;
66c7 : 01851713;
66c8 : 01855793;
66c9 : 000106B7;
66ca : 00E7E7B3;
66cb : F0068693;
66cc : 40855713;
66cd : 00D77733;
66ce : 00E7E7B3;
66cf : 00851513;
66d0 : 00FF0737;
66d1 : 00E57533;
66d2 : 00A7E533;
66d3 : 00008067;
66d4 : 00010837;
66d5 : F0080813;
66d6 : 0085D793;
66d7 : 0107F7B3;
66d8 : 0185D693;
66d9 : 00859613;
66da : 00F6E6B3;
66db : 01855793;
66dc : 00F667B3;
66dd : 00FF0637;
66de : 00F677B3;
66df : 00F6E6B3;
66e0 : 01851713;
66e1 : 01859793;
66e2 : 01855593;
66e3 : 00B76733;
66e4 : 00855593;
66e5 : 00F5E5B3;
66e6 : 00851893;
66e7 : 0105F5B3;
66e8 : 00B765B3;
66e9 : 01167633;
66ea : 00F6E533;
66eb : 00C5E5B3;
66ec : 00008067;
66ed : 0001F7B7;
66ee : FA010113;
66ef : 7007A623;
66f0 : 000207B7;
66f1 : 04112E23;
66f2 : 04812C23;
66f3 : 04912A23;
66f4 : 05212823;
66f5 : 05312623;
66f6 : 05412423;
66f7 : 05512223;
66f8 : 05612023;
66f9 : 03712E23;
66fa : 03812C23;
66fb : 03912A23;
66fc : 03A12823;
66fd : 03B12623;
66fe : 43478793;
66ff : 03F00713;
6700 : 00E7A023;
6701 : 00E7A223;
6702 : 00E7A423;
6703 : 00E7A623;
6704 : 00E7A823;
6705 : 00E7AA23;
6706 : 0001F7B7;
6707 : 00100713;
6708 : 7007A823;
6709 : 0001F7B7;
670a : 70E7AC23;
670b : A31EB0EF;
670c : 00000513;
670d : A68F50EF;
670e : 0002E9B7;
670f : 00098913;
6710 : 0000B437;
6711 : 00100513;
6712 : 00892023;
6713 : A50F50EF;
6714 : 0000B537;
6715 : F80EB0EF;
6716 : 00021A37;
6717 : 3C000613;
6718 : 00000593;
6719 : E30A0513;
671a : FA8F50EF;
671b : 0001F537;
671c : 00000613;
671d : 00000593;
671e : FEC50513;
671f : D5CF50EF;
6720 : 00019637;
6721 : 0001F537;
6722 : 88860613;
6723 : 00000593;
6724 : FF450513;
6725 : D44F50EF;
6726 : 00017637;
6727 : 000175B7;
6728 : 0001F537;
6729 : BC860613;
672a : C1858593;
672b : 00050513;
672c : D28F50EF;
672d : 00017637;
672e : 0001F537;
672f : E7060613;
6730 : 00000593;
6731 : 00850513;
6732 : D10F50EF;
6733 : 00019637;
6734 : 0001F537;
6735 : D3860613;
6736 : 00000593;
6737 : 00C50513;
6738 : CF8F50EF;
6739 : 00017637;
673a : 000175B7;
673b : 0001F537;
673c : 68860613;
673d : 61858593;
673e : 01450513;
673f : CDCF50EF;
6740 : 00004637;
6741 : 0001F537;
6742 : 2A060613;
6743 : 00000593;
6744 : 02050513;
6745 : CC4F50EF;
6746 : 0000A637;
6747 : 0001F537;
6748 : 94460613;
6749 : 00000593;
674a : 02850513;
674b : 000174B7;
674c : CA8F50EF;
674d : BB448493;
674e : 00952A23;
674f : 0000B637;
6750 : 0000A5B7;
6751 : 0001F537;
6752 : 2C060613;
6753 : 62858593;
6754 : 03050513;
6755 : C84F50EF;
6756 : 00952A23;
6757 : 0000B637;
6758 : 0000A5B7;
6759 : 0001F537;
675a : 64C60613;
675b : 69058593;
675c : 03450513;
675d : C64F50EF;
675e : 0000B637;
675f : 0000B5B7;
6760 : 0001F537;
6761 : E8860613;
6762 : B0C58593;
6763 : 03C50513;
6764 : C48F50EF;
6765 : 00952A23;
6766 : 0000B637;
6767 : 0000A5B7;
6768 : 0001F537;
6769 : FA860613;
676a : 5E858593;
676b : 04450513;
676c : C28F50EF;
676d : 00952A23;
676e : 0000A637;
676f : 0001F537;
6770 : DFC60613;
6771 : 00000593;
6772 : 04C50513;
6773 : C0CF50EF;
6774 : 00006637;
6775 : 0001F537;
6776 : BC060613;
6777 : 00000593;
6778 : 05450513;
6779 : BF4F50EF;
677a : 00A40513;
677b : 00A92023;
677c : DE4EB0EF;
677d : 00B40513;
677e : 00A92023;
677f : 00000413;
6780 : DD4EB0EF;
6781 : 00098993;
6782 : AA0ED0EF;
6783 : 08C00493;
6784 : 00040513;
6785 : 00000593;
6786 : 00440413;
6787 : CC8EB0EF;
6788 : FE9418E3;
6789 : 0001F7B7;
678a : 5E07AA23;
678b : 0001F7B7;
678c : 6E07AE23;
678d : 0001F7B7;
678e : 5E07AC23;
678f : 0001F7B7;
6790 : 6E07AC23;
6791 : 0001F7B7;
6792 : 7007A423;
6793 : 0001F7B7;
6794 : 7007A223;
6795 : 0001F7B7;
6796 : 7007A023;
6797 : 0001F7B7;
6798 : 7207A223;
6799 : 0001F7B7;
679a : 7207A623;
679b : 0001F7B7;
679c : 7207A423;
679d : 00000593;
679e : 000207B7;
679f : 12800513;
67a0 : 9207A023;
67a1 : C60EB0EF;
67a2 : 00000593;
67a3 : 12C00513;
67a4 : C54EB0EF;
67a5 : 00000593;
67a6 : 13000513;
67a7 : C48EB0EF;
67a8 : 00000593;
67a9 : 13400513;
67aa : C3CEB0EF;
67ab : 00000593;
67ac : 13800513;
67ad : C30EB0EF;
67ae : 00000593;
67af : 13C00513;
67b0 : C24EB0EF;
67b1 : 00000593;
67b2 : 14000513;
67b3 : C18EB0EF;
67b4 : 00200593;
67b5 : 00000513;
67b6 : C0CEB0EF;
67b7 : 00000513;
67b8 : D78ED0EF;
67b9 : 00000713;
67ba : 00000693;
67bb : 00000613;
67bc : 00000593;
67bd : 00000513;
67be : C8CED0EF;
67bf : 99DEB0EF;
67c0 : F5CEB0EF;
67c1 : 0000B537;
67c2 : 00150513;
67c3 : CC8EB0EF;
67c4 : 001007B7;
67c5 : 000204B7;
67c6 : 50078793;
67c7 : 1C23C737;
67c8 : 000775B7;
67c9 : 9AF4A623;
67ca : 9AC70713;
67cb : 00000793;
67cc : 35958593;
67cd : 01810513;
67ce : 00E12C23;
67cf : 00F12E23;
67d0 : E74F90EF;
67d1 : 9AC4A783;
67d2 : 01812703;
67d3 : 00021437;
67d4 : 9AC48493;
67d5 : 00E7A223;
67d6 : 56040793;
67d7 : 00600713;
67d8 : 00E7A623;
67d9 : 00007737;
67da : 4F070713;
67db : 00E7A023;
67dc : 00002737;
67dd : A8C70713;
67de : 00E7A223;
67df : 0097A423;
67e0 : 0001F7B7;
67e1 : 6D07A703;
67e2 : 56040413;
67e3 : 00071463;
67e4 : 6C87A823;
67e5 : 001007B7;
67e6 : 4187A703;
67e7 : 80000637;
67e8 : 000204B7;
67e9 : 00C76733;
67ea : 40E7AC23;
67eb : 01313737;
67ec : 3007AE23;
67ed : D0370713;
67ee : 30E7A023;
67ef : 43800613;
67f0 : 00000593;
67f1 : 9E048513;
67f2 : C48F50EF;
67f3 : 9E048793;
67f4 : 0007A023;
67f5 : 000207B7;
67f6 : 8807A623;
67f7 : 000207B7;
67f8 : 8807A423;
67f9 : 00700713;
67fa : 000207B7;
67fb : 86E78A23;
67fc : 000207B7;
67fd : 8C07A023;
67fe : 000207B7;
67ff : 8A07AE23;
6800 : 000207B7;
6801 : 8807A223;
6802 : 000207B7;
6803 : 8E07AC23;
6804 : 000207B7;
6805 : 8E07AA23;
6806 : 000207B7;
6807 : 8E07A823;
6808 : 000207B7;
6809 : 8E07A623;
680a : 000207B7;
680b : 8E07A423;
680c : 000207B7;
680d : 8E07A223;
680e : 000207B7;
680f : 8E07A023;
6810 : 000207B7;
6811 : 8C07AE23;
6812 : 000207B7;
6813 : 8C07AC23;
6814 : 000207B7;
6815 : 8C07AA23;
6816 : 000207B7;
6817 : 8607A423;
6818 : 000207B7;
6819 : 8607A223;
681a : 000207B7;
681b : 8607A023;
681c : 00020637;
681d : 000207B7;
681e : 8407AE23;
681f : 00000713;
6820 : 9E048793;
6821 : 3F460613;
6822 : 01000593;
6823 : 00271693;
6824 : 00D606B3;
6825 : 0006A023;
6826 : 00170713;
6827 : FEB718E3;
6828 : 00100737;
6829 : 20072683;
682a : 00020637;
682b : 0106D713;
682c : 03F77713;
682d : 8CE60923;
682e : 00569593;
682f : 0186D713;
6830 : 00020637;
6831 : 00777713;
6832 : 0005D463;
6833 : 00300713;
6834 : 00000693;
6835 : 8CE608A3;
6836 : 00020737;
6837 : 00000613;
6838 : 90C72823;
6839 : 90D72A23;
683a : 00020737;
683b : 90C72423;
683c : 90D72623;
683d : FFF00613;
683e : 00020737;
683f : FFF00693;
6840 : 90C72023;
6841 : 90D72223;
6842 : 00020737;
6843 : 86072C23;
6844 : 00020737;
6845 : 88072023;
6846 : 00020737;
6847 : 1607A823;
6848 : 86072E23;
6849 : 00500713;
684a : 04E7AC23;
684b : 00010737;
684c : FFB70713;
684d : 04E7AE23;
684e : FFFFF737;
684f : 73670713;
6850 : 02E7AE23;
6851 : FFE00713;
6852 : 02E7AC23;
6853 : 00C00713;
6854 : 04E7A023;
6855 : 00100713;
6856 : 04E7AA23;
6857 : 7D000713;
6858 : 0AE7A223;
6859 : 3E800713;
685a : 08E7AE23;
685b : 06400713;
685c : 0AE7A023;
685d : 40000913;
685e : 40000493;
685f : 00048513;
6860 : 825F40EF;
6861 : 72050863;
6862 : 4014D493;
6863 : 40295913;
6864 : 00200B13;
6865 : 00990AB3;
6866 : 000A8513;
6867 : 809F40EF;
6868 : 00051463;
6869 : 000A8493;
686a : 03694933;
686b : FE0914E3;
686c : 000207B7;
686d : 9897A023;
686e : 00600793;
686f : 02F42023;
6870 : 0001F7B7;
6871 : 42078793;
6872 : 00F42823;
6873 : 0001F7B7;
6874 : 41078793;
6875 : 00F42C23;
6876 : 0001F7B7;
6877 : 41878793;
6878 : 0001F537;
6879 : 00F42A23;
687a : 00000593;
687b : 40850793;
687c : 40850513;
687d : 00F42E23;
687e : 8C1ED0EF;
687f : 01042503;
6880 : 00100593;
6881 : 00A00A93;
6882 : 8B1ED0EF;
6883 : 01042503;
6884 : 00100593;
6885 : 02840493;
6886 : BA5ED0EF;
6887 : 01442503;
6888 : 00100593;
6889 : B99ED0EF;
688a : 01842503;
688b : 00000593;
688c : B8DED0EF;
688d : 01C42503;
688e : 00100593;
688f : B81ED0EF;
6890 : 00100793;
6891 : 02F42223;
6892 : 00100737;
6893 : 40C72783;
6894 : 41472683;
6895 : 01040513;
6896 : 0107D793;
6897 : 40070713;
6898 : 00A79793;
6899 : 00C72703;
689a : 02A42423;
689b : 02F42623;
689c : 02D42A23;
689d : 02042C23;
689e : 00048513;
689f : FFFA8A93;
68a0 : D31ED0EF;
68a1 : FE0A9AE3;
68a2 : 02842503;
68a3 : 00100593;
68a4 : AE9ED0EF;
68a5 : 02842503;
68a6 : 805ED0EF;
68a7 : 02842503;
68a8 : 00000593;
68a9 : AD5ED0EF;
68aa : 02842503;
68ab : FF0ED0EF;
68ac : 02842503;
68ad : 00100593;
68ae : AC1ED0EF;
68af : 02842503;
68b0 : 00000613;
68b1 : 09F00593;
68b2 : C15ED0EF;
68b3 : 02842503;
68b4 : B05ED0EF;
68b5 : 01051493;
68b6 : 02842503;
68b7 : AF9ED0EF;
68b8 : 00851513;
68b9 : 00A484B3;
68ba : 02842503;
68bb : AE9ED0EF;
68bc : 00A484B3;
68bd : 02842503;
68be : 00000593;
68bf : A7DED0EF;
68c0 : 0FF4F513;
68c1 : 02000793;
68c2 : 5AF51C63;
68c3 : 000107B7;
68c4 : 02F42623;
68c5 : 00100793;
68c6 : 02F42C23;
68c7 : 040007B7;
68c8 : 02F42823;
68c9 : 000207B7;
68ca : 0001F737;
68cb : 3D878793;
68cc : 05C70713;
68cd : 00E7A023;
68ce : 00021737;
68cf : 58870713;
68d0 : 0001CAB7;
68d1 : 00E7A223;
68d2 : D60A8713;
68d3 : 14C70693;
68d4 : 00D7AC23;
68d5 : 03042683;
68d6 : 15870713;
68d7 : 00E7AA23;
68d8 : 00D7A623;
68d9 : 03442683;
68da : 00100B37;
68db : 000204B7;
68dc : 00D7A823;
68dd : 02C42683;
68de : 9D048B93;
68df : 100B0B13;
68e0 : 00D7A423;
68e1 : B8CE90EF;
68e2 : 0000B537;
68e3 : 00250513;
68e4 : 844EB0EF;
68e5 : 0001F537;
68e6 : 06850513;
68e7 : 960EE0EF;
68e8 : 310B2503;
68e9 : D60A8A93;
68ea : 9D048493;
68eb : F70FF0EF;
68ec : 00A12C23;
68ed : 0001F537;
68ee : 00400613;
68ef : 01810593;
68f0 : 54850513;
68f1 : BC4F60EF;
68f2 : 304B2783;
68f3 : 00100513;
68f4 : 0107E793;
68f5 : 30FB2223;
68f6 : 016BA423;
68f7 : 000B8323;
68f8 : AD0E90EF;
68f9 : 008BA783;
68fa : 00300713;
68fb : 005EE6B7;
68fc : 0007A023;
68fd : 00E7A623;
68fe : 00D7A423;
68ff : 0001F637;
6900 : 00E7A223;
6901 : 68164703;
6902 : 00021B37;
6903 : 00100793;
6904 : E20B0B13;
6905 : 02E7EA63;
6906 : 00C00693;
6907 : 02D706B3;
6908 : 000207B7;
6909 : 44C78793;
690a : 00170713;
690b : 68E600A3;
690c : 00D787B3;
690d : 000016B7;
690e : 95568693;
690f : 0097A023;
6910 : 0167A223;
6911 : 00D7A423;
6912 : 0C800513;
6913 : F3DED0EF;
6914 : 0084A783;
6915 : 0007A023;
6916 : FF5EA0EF;
6917 : 0084A783;
6918 : 0E000713;
6919 : 00E7A023;
691a : 0064C783;
691b : 0027E793;
691c : 00F48323;
691d : F39ED0EF;
691e : 001007B7;
691f : 0007A703;
6920 : 00FB2023;
6921 : 00100693;
6922 : 01875593;
6923 : 00F5F593;
6924 : 0001F4B7;
6925 : 42D58E63;
6926 : 0001F537;
6927 : 08450513;
6928 : 85CEE0EF;
6929 : 68048023;
692a : 01313737;
692b : 001007B7;
692c : D0270693;
692d : 30D7A023;
692e : 3007AA23;
692f : 3007AC23;
6930 : 3007A823;
6931 : D0A70713;
6932 : 30E7A023;
6933 : 30D7A023;
6934 : 3007AE23;
6935 : 01810513;
6936 : 944E90EF;
6937 : 00050C63;
6938 : 332207B7;
6939 : 00278793;
693a : 00F12C23;
693b : 14400793;
693c : 00F11E23;
693d : 01810513;
693e : 878E90EF;
693f : F51EA0EF;
6940 : 00200513;
6941 : 999F40EF;
6942 : 0000B537;
6943 : 00350513;
6944 : EC5EA0EF;
6945 : 0001F7B7;
6946 : 6F47C783;
6947 : 00079463;
6948 : AD4ED0EF;
6949 : 0001F5B7;
694a : 0001F537;
694b : 0B858593;
694c : 0EC50513;
694d : FC9ED0EF;
694e : 000204B7;
694f : F7048493;
6950 : 04040793;
6951 : 16F4AC23;
6952 : 178A8793;
6953 : 02F4AC23;
6954 : 18CA8793;
6955 : 02F4AE23;
6956 : 0001C7B7;
6957 : 4C478793;
6958 : 2AF4A223;
6959 : 2AF4A423;
695a : 07840793;
695b : 0001FC37;
695c : 04F4A023;
695d : 00020537;
695e : 0F840793;
695f : 00100B13;
6960 : 504C0B93;
6961 : 04F4A223;
6962 : 1C0A8593;
6963 : 17840793;
6964 : 07000613;
6965 : 23050513;
6966 : 2B64A823;
6967 : 0364A823;
6968 : 16F4AE23;
6969 : 33648D23;
696a : 19648823;
696b : 0374AA23;
696c : 0204A623;
696d : 9D4F60EF;
696e : 25840793;
696f : 00F4AC23;
6970 : 1784A783;
6971 : 230A8A93;
6972 : 0164AE23;
6973 : 0354A023;
6974 : 35040413;
6975 : 020BA703;
6976 : 0087A823;
6977 : 00000813;
6978 : 00000793;
6979 : 1AF4A423;
697a : 1B04A623;
697b : 008BAB03;
697c : 504C0793;
697d : 00E04463;
697e : 00100713;
697f : 00EB1423;
6980 : 0047A703;
6981 : 0001F437;
6982 : 56440413;
6983 : 00071463;
6984 : 0087A223;
6985 : 0047A483;
6986 : E95E80EF;
6987 : E29E80EF;
6988 : 03C44783;
6989 : 00000693;
698a : 000B08A3;
698b : 02FB00A3;
698c : 504C2783;
698d : 00300613;
698e : FFF00593;
698f : 25078793;
6990 : FFF00513;
6991 : 008B5703;
6992 : 2AE6C063;
6993 : 34800413;
6994 : 008B5783;
6995 : 2CF94463;
6996 : 01810513;
6997 : EBDE80EF;
6998 : 00054863;
6999 : 01812703;
699a : 000207B7;
699b : 44E7AA23;
699c : 000207B7;
699d : 9607A623;
699e : 0001F7B7;
699f : 6A07A023;
69a0 : 000207B7;
69a1 : 980784A3;
69a2 : 00300513;
69a3 : 000207B7;
69a4 : 9807A623;
69a5 : 809F40EF;
69a6 : 0001F537;
69a7 : 4C850513;
69a8 : FBCF40EF;
69a9 : 0001F537;
69aa : 4C050513;
69ab : FB0F40EF;
69ac : 0001F537;
69ad : 4B850513;
69ae : FA4F40EF;
69af : 0001F537;
69b0 : 4B050513;
69b1 : F98F40EF;
69b2 : 0001F537;
69b3 : 4A850513;
69b4 : F8CF40EF;
69b5 : 0001F537;
69b6 : 4A050513;
69b7 : F80F40EF;
69b8 : 0001F537;
69b9 : 49850513;
69ba : F74F40EF;
69bb : 0001F537;
69bc : 49050513;
69bd : F68F40EF;
69be : 0001F537;
69bf : 48850513;
69c0 : F5CF40EF;
69c1 : 0001F537;
69c2 : 48050513;
69c3 : F50F40EF;
69c4 : 0001F537;
69c5 : 47850513;
69c6 : F44F40EF;
69c7 : 0001F537;
69c8 : 47050513;
69c9 : F38F40EF;
69ca : 0001F537;
69cb : 46850513;
69cc : F2CF40EF;
69cd : 0001F537;
69ce : 46050513;
69cf : F20F40EF;
69d0 : 0001F537;
69d1 : 45850513;
69d2 : F14F40EF;
69d3 : 0001F537;
69d4 : 45050513;
69d5 : F08F40EF;
69d6 : 0001F537;
69d7 : 44850513;
69d8 : EFCF40EF;
69d9 : 0001F537;
69da : 44050513;
69db : EF0F40EF;
69dc : 0001F537;
69dd : 43850513;
69de : EE4F40EF;
69df : 0001F537;
69e0 : 43050513;
69e1 : ED8F40EF;
69e2 : 0001F537;
69e3 : 42850513;
69e4 : ECCF40EF;
69e5 : BADC17B7;
69e6 : FFE78793;
69e7 : 00030737;
69e8 : 00300513;
69e9 : 80F72023;
69ea : B4DFD0EF;
69eb : D25FD0EF;
69ec : 000204B7;
69ed : 9B448593;
69ee : 00000513;
69ef : A3DEA0EF;
69f0 : 001007B7;
69f1 : 40078793;
69f2 : 01C7A783;
69f3 : 00020937;
69f4 : E30A0A93;
69f5 : 9AF92823;
69f6 : 0000B7B7;
69f7 : 00178793;
69f8 : E30A0413;
69f9 : 00021A37;
69fa : 00F9A023;
69fb : 3C0A8B13;
69fc : E30A0A13;
69fd : 00042783;
69fe : 00078863;
69ff : 01842783;
6a00 : 00078463;
6a01 : 000780E7;
6a02 : 03040413;
6a03 : FE8B14E3;
6a04 : 0000B537;
6a05 : 00450513;
6a06 : 00A9A023;
6a07 : BB9EA0EF;
6a08 : 0002E737;
6a09 : 0CC70713;
6a0a : 00100793;
6a0b : 00F72023;
6a0c : 0002E837;
6a0d : 01C82683;
6a0e : 0002E7B7;
6a0f : 0D878793;
6a10 : 00D7A023;
6a11 : 00072503;
6a12 : 0002E737;
6a13 : 0D072583;
6a14 : 0002E737;
6a15 : 0D472603;
6a16 : 0007A683;
6a17 : 0002E7B7;
6a18 : 0DC7A703;
6a19 : 0002E7B7;
6a1a : 0E07A783;
6a1b : 01C82803;
6a1c : 3B9AD9B7;
6a1d : A0098993;
6a1e : ED9EA0EF;
6a1f : 00020BB7;
6a20 : 0001FD37;
6a21 : 000A8413;
6a22 : 00100DB7;
6a23 : 00042783;
6a24 : 00040C93;
6a25 : 16078263;
6a26 : 01C42783;
6a27 : 0A079463;
6a28 : 02042783;
6a29 : 00178793;
6a2a : 02F42023;
6a2b : 000A0C93;
6a2c : 0B40006F;
6a2d : 012484B3;
6a2e : 00191913;
6a2f : 8C1FF06F;
6a30 : 00100793;
6a31 : 00A79533;
6a32 : 02A42823;
6a33 : A59FF06F;
6a34 : 68B48023;
6a35 : 00700693;
6a36 : 04D7A023;
6a37 : 40076713;
6a38 : 00E7A023;
6a39 : BC5FF06F;
6a3a : DAC7A823;
6a3b : 0E07A623;
6a3c : DC07A023;
6a3d : 04D7AE23;
6a3e : EEB79123;
6a3f : F7078713;
6a40 : 00A72023;
6a41 : 00072223;
6a42 : 00C70713;
6a43 : FEE79AE3;
6a44 : 00168693;
6a45 : 34878793;
6a46 : D2DFF06F;
6a47 : 02890533;
6a48 : 504C2783;
6a49 : 00A78533;
6a4a : 02052783;
6a4b : 0047A783;
6a4c : 00078663;
6a4d : 00048593;
6a4e : 000780E7;
6a4f : 00190913;
6a50 : D11FF06F;
6a51 : 01442783;
6a52 : 0A079E63;
6a53 : 01C42783;
6a54 : 000780E7;
6a55 : 02042783;
6a56 : 00A787B3;
6a57 : 02F42023;
6a58 : F40506E3;
6a59 : 01810593;
6a5a : 00000513;
6a5b : 88DEA0EF;
6a5c : 01812683;
6a5d : 9B44A783;
6a5e : 41CDAC03;
6a5f : 40F687B3;
6a60 : 0007D463;
6a61 : 013787B3;
6a62 : 028CA603;
6a63 : 00C787B3;
6a64 : 08F9E063;
6a65 : 02FCA423;
6a66 : 9AD4AA23;
6a67 : 9B092683;
6a68 : 40DC06B3;
6a69 : 0006D463;
6a6a : 3E868693;
6a6b : 02CCA603;
6a6c : 02D67263;
6a6d : 97CBA783;
6a6e : 00078C63;
6a6f : 004C8593;
6a70 : 120D0513;
6a71 : 00D12623;
6a72 : B35ED0EF;
6a73 : 00C12683;
6a74 : 02DCA623;
6a75 : 97CBA783;
6a76 : 00078E63;
6a77 : 00D7FC63;
6a78 : 0001F7B7;
6a79 : 00068613;
6a7a : 004C8593;
6a7b : 15478513;
6a7c : B0DED0EF;
6a7d : 9B892823;
6a7e : 03040413;
6a7f : E96418E3;
6a80 : E85FF06F;
6a81 : 000780E7;
6a82 : F40512E3;
6a83 : EA1FF06F;
6a84 : 413787B3;
6a85 : 02FCA423;
6a86 : 024CA783;
6a87 : 00178793;
6a88 : 02FCA223;
6a89 : F75FF06F;
6a8a : 00002794;
6a8b : 0000292C;
6a8c : 000025D0;
6a8d : 000025D0;
6a8e : 000025D0;
6a8f : 000025D0;
6a90 : 0000292C;
6a91 : 000025D0;
6a92 : 000025D0;
6a93 : 000025D0;
6a94 : 000025D0;
6a95 : 00002904;
6a96 : 0000263C;
6a97 : 00002918;
6a98 : 000025D0;
6a99 : 000025D0;
6a9a : 0000282C;
6a9b : 000025D0;
6a9c : 00002930;
6a9d : 000025D0;
6a9e : 000025D0;
6a9f : 00002920;
6aa0 : 00002F94;
6aa1 : 0000304C;
6aa2 : 00002F9C;
6aa3 : 00002FE4;
6aa4 : 0000304C;
6aa5 : 00002FF8;
6aa6 : 00003008;
6aa7 : 00003010;
6aa8 : 00003018;
6aa9 : 00003020;
6aaa : 00003028;
6aab : 00003030;
6aac : 00003038;
6aad : 000043A0;
6aae : 000044F8;
6aaf : 00004520;
6ab0 : 000045C0;
6ab1 : 00004698;
6ab2 : 000046B0;
6ab3 : 00004548;
6ab4 : 0000446C;
6ab5 : 00004324;
6ab6 : 00004360;
6ab7 : 00004738;
6ab8 : 00004840;
6ab9 : 00004868;
6aba : 00004890;
6abb : 000047DC;
6abc : 00004808;
6abd : 00004DA4;
6abe : 00004DE4;
6abf : 00004E0C;
6ac0 : 00004E5C;
6ac1 : 00004E80;
6ac2 : 00004E90;
6ac3 : 00004AF0;
6ac4 : 00004E9C;
6ac5 : 00004AAC;
6ac6 : 00004D7C;
6ac7 : 0000A880;
6ac8 : 0000A89C;
6ac9 : 0000A8C4;
6aca : 0000A904;
6acb : 0000A9A0;
6acc : 0000AA50;
6acd : 0000AA30;
6ace : 0000AABC;
6acf : 0000B0C8;
6ad0 : 0000B130;
6ad1 : 0000B0D8;
6ad2 : 0000B0D8;
6ad3 : 0000B148;
6ad4 : 0000B0D8;
6ad5 : 0000B0D8;
6ad6 : 00000000;
6ad7 : 00000000;
6ad8 : 00000000;
6ad9 : FFFFC000;
6ada : 00000000;
6adb : 00000000;
6adc : 00000000;
6add : 00000000;
6ade : 00000000;
6adf : 00000000;
6ae0 : 00000000;
6ae1 : 00000000;
6ae2 : 00004000;
6ae3 : 00000000;
6ae4 : 00000000;
6ae5 : 00000000;
6ae6 : 0102FF30;
6ae7 : 700604FA;
6ae8 : 696C6275;
6ae9 : 02FFFD63;
6aea : FC0102F9;
6aeb : 30FB0102;
6aec : 06FF30FF;
6aed : 33323130;
6aee : 37363534;
6aef : 42413938;
6af0 : 46454443;
6af1 : 65646F6D;
6af2 : 73616D20;
6af3 : 3B726574;
6af4 : 6E616C76;
6af5 : 66666F20;
6af6 : 7074703B;
6af7 : 6F747320;
6af8 : 74703B70;
6af9 : 74732070;
6afa : 00747261;
6afb : 20210006;
6afc : 0101B900;
6afd : 00070001;
6afe : C71DA021;
6aff : 00010101;
6b00 : A0FE00BB;
6b01 : 0001C71D;
6b02 : 00C10000;
6b03 : C71DA020;
6b04 : 00000000;
6b05 : A0FEFFFF;
6b06 : 0000C71D;
6b07 : 00000000;
6b08 : 00000004;
6b09 : 46E20100;
6b0a : EA011380;
6b0b : 019000CF;
6b0c : 108157F3;
6b0d : E0FFFF01;
6b0e : FFFF010B;
6b0f : FF0188E0;
6b10 : 0108E1FF;
6b11 : 1B0020E0;
6b12 : 00C0EB01;
6b13 : 30E00198;
6b14 : E0016321;
6b15 : 0461610D;
6b16 : 10838900;
6b17 : 0320F001;
6b18 : 80010463;
6b19 : F101BB0C;
6b1a : 0133E31E;
6b1b : 316324E0;
6b1c : 0300E101;
6b1d : 00E1012B;
6b1e : 00043BC3;
6b1f : 00714114;
6b20 : C3250060;
6b21 : 25026000;
6b22 : 810104CB;
6b23 : 010448C9;
6b24 : 0479C780;
6b25 : 780EBD00;
6b26 : 09008001;
6b27 : 20800153;
6b28 : 00045109;
6b29 : 01C049BD;
6b2a : 5B097AFD;
6b2b : 69810104;
6b2c : 810104F8;
6b2d : 0008F469;
6b2e : 00000000;
6b2f : 00000004;
6b30 : 46E20100;
6b31 : EA011380;
6b32 : 019000CF;
6b33 : 108157F3;
6b34 : E0FFFF01;
6b35 : FFFF010B;
6b36 : FF0188E0;
6b37 : 0108E1FF;
6b38 : 1B0020E0;
6b39 : 00C0EB01;
6b3a : 30E00198;
6b3b : E0016321;
6b3c : 0461610D;
6b3d : 10838900;
6b3e : 0320F001;
6b3f : 80010463;
6b40 : E100BF0C;
6b41 : 01A34355;
6b42 : 33E41EF1;
6b43 : 6424E001;
6b44 : 00E10131;
6b45 : E1012B04;
6b46 : 043BC400;
6b47 : 79229800;
6b48 : 8F800104;
6b49 : 800104C0;
6b4a : E0006122;
6b4b : 00A34301;
6b4c : A16301E0;
6b4d : 8C800104;
6b4e : 02E000F8;
6b4f : 0104A383;
6b50 : 08F08C80;
6b51 : 00000000;
6b52 : 2D424453;
6b53 : 01010500;
6b54 : 00000000;
6b55 : 00000000;
6b56 : 00000000;
6b57 : 7F030000;
6b58 : 656C6946;
6b59 : 61746144;
6b5a : 2020202E;
6b5b : 01000000;
6b5c : 00000000;
6b5d : 2020202E;
6b5e : 20202020;
6b5f : 20202020;
6b60 : 20202020;
6b61 : 00202020;
6b62 : 00000000;
6b63 : 06000000;
6b64 : 00000000;
6b65 : 40010000;
6b66 : 00000000;
6b67 : BF010000;
6b68 : 656C6946;
6b69 : 61746144;
6b6a : 696C6163;
6b6b : 01000000;
6b6c : 00000000;
6b6d : 696C6163;
6b6e : 74617262;
6b6f : 206E6F69;
6b70 : 20202020;
6b71 : 01202020;
6b72 : 00000000;
6b73 : 06000000;
6b74 : 00000000;
6b75 : C0010000;
6b76 : 00000000;
6b77 : C5010000;
6b78 : 656C6946;
6b79 : 61746144;
6b7a : 2D63616D;
6b7b : 01000000;
6b7c : 00000000;
6b7d : 2D63616D;
6b7e : 72646461;
6b7f : 20737365;
6b80 : 20202020;
6b81 : 01202020;
6b82 : 00000000;
6b83 : 06000000;
6b84 : 00000000;
6b85 : 00020000;
6b86 : 00000000;
6b87 : 7F020000;
6b88 : 656C6946;
6b89 : 61746144;
6b8a : 2D706673;
6b8b : 01000000;
6b8c : 00000000;
6b8d : 2D706673;
6b8e : 61746164;
6b8f : 65736162;
6b90 : 20202020;
6b91 : 01202020;
6b92 : 00000000;
6b93 : 06000000;
6b94 : 00000000;
6b95 : 80020000;
6b96 : 00000000;
6b97 : 7F030000;
6b98 : 656C6946;
6b99 : 61746144;
6b9a : 692D7277;
6b9b : 01000000;
6b9c : 00000000;
6b9d : 692D7277;
6b9e : 2074696E;
6b9f : 20202020;
6ba0 : 20202020;
6ba1 : 01202020;
6ba2 : 00000000;
6ba3 : 00000000;
6ba4 : 0001C770;
6ba5 : 00010AD8;
6ba6 : 0001C780;
6ba7 : 0000E050;
6ba8 : 0001C788;
6ba9 : 0000C650;
6baa : 0001C794;
6bab : 000109F8;
6bac : 0001C7A0;
6bad : 000127A0;
6bae : 0001C7A4;
6baf : 000127A0;
6bb0 : 0001C7AC;
6bb1 : 00010954;
6bb2 : 0001C7B4;
6bb3 : 00016828;
6bb4 : 0001C7C4;
6bb5 : 00016828;
6bb6 : 0001C7CC;
6bb7 : 00012664;
6bb8 : 64707470;
6bb9 : 74656E5F;
6bba : 635F6669;
6bbb : 74616572;
6bbc : 6F735F65;
6bbd : 74656B63;
6bbe : 00000000;
6bbf : 00000000;
6bc0 : 00000000;
6bc1 : 7473616D;
6bc2 : 642D7265;
6bc3 : 6E676169;
6bc4 : 6974736F;
6bc5 : 61622D63;
6bc6 : 696C6573;
6bc7 : 322D656E;
6bc8 : 00363230;
6bc9 : 00000000;
6bca : 00000000;
6bcb : 00000000;
6bcc : 00000000;
6bcd : 00000000;
6bce : 00000000;
6bcf : 00000000;
6bd0 : 00000000;
6bd1 : 00000000;
6bd2 : 00000000;
6bd3 : 00000000;
6bd4 : 00000000;
6bd5 : 00000000;
6bd6 : 00000000;
6bd7 : 00000000;
6bd8 : 00000000;
6bd9 : 00C28001;
6bda : 00000E00;
6bdb : 0001B644;
6bdc : 00002178;
6bdd : 0001B5E0;
6bde : 00000009;
6bdf : 0001B5D4;
6be0 : 00002178;
6be1 : 0001B584;
6be2 : 00000009;
6be3 : 0001B578;
6be4 : 00002178;
6be5 : 0001B4B0;
6be6 : 00000009;
6be7 : 0001B4A4;
6be8 : 00002178;
6be9 : 0001B33C;
6bea : 00000009;
6beb : 0001B330;
6bec : 00002178;
6bed : 0001B2A4;
6bee : 00000009;
6bef : 0001B298;
6bf0 : 00002178;
6bf1 : 0001B220;
6bf2 : 00000009;
6bf3 : 0001B214;
6bf4 : 00001F88;
6bf5 : 0001B1B0;
6bf6 : 0000000A;
6bf7 : 0001B1A4;
6bf8 : 00002178;
6bf9 : 0001B168;
6bfa : 00000009;
6bfb : 0001B15C;
6bfc : 00002178;
6bfd : 0001B0F8;
6bfe : 00000009;
6bff : 0001B0EC;
6c00 : 00002178;
6c01 : 0001B088;
6c02 : 00000009;
6c03 : 00000000;
6c04 : 00000000;
6c05 : 00000000;
6c06 : 00000000;
6c07 : 0001C7D4;
6c08 : 0001C7DC;
6c09 : 0001C7E8;
6c0a : 0001C7F4;
6c0b : 00000000;
6c0c : 00000000;
6c0d : 00000000;
6c0e : 00000000;
6c0f : 0001C818;
6c10 : 0001C800;
6c11 : 0001C80C;
6c12 : 0001C824;
6c13 : 0001C830;
6c14 : 0001C83C;
6c15 : 36362C2C;
6c16 : 00000000;
6c17 : 4036362C;
6c18 : 00003022;
6c19 : 5F636D62;
6c1a : 74617473;
6c1b : 65645F65;
6c1c : 69736963;
6c1d : 00006E6F;
6c1e : 65746564;
6c1f : 6E696D72;
6c20 : 69747369;
6c21 : 00000063;
6c22 : 0001F2DC;
6c23 : 00002D94;
6c24 : 00009634;
6c25 : 0001F5D8;
6c26 : 04000202;
6c27 : 0001F2D8;
6c28 : 00002D94;
6c29 : 00002C0C;
6c2a : 000205DC;
6c2b : 51000402;
6c2c : 0001F2D4;
6c2d : 00002D94;
6c2e : 00002C0C;
6c2f : 0001F6A8;
6c30 : 04000202;
6c31 : 0001F2D0;
6c32 : 00002D94;
6c33 : 00002C0C;
6c34 : 0001F6A4;
6c35 : 04000202;
6c36 : 00000000;
6c37 : 00000000;
6c38 : 00000000;
6c39 : 00000000;
6c3a : 00000000;
6c3b : 0401062B;
6c3c : 01656001;
6c3d : 0000000C;
6c3e : 0001F2EC;
6c3f : 00002D94;
6c40 : 00008944;
6c41 : 0001F5DC;
6c42 : 04000202;
6c43 : 0001F2E8;
6c44 : 00002D94;
6c45 : 00002C0C;
6c46 : 0001F5B4;
6c47 : 04000202;
6c48 : 0001F2E4;
6c49 : 00002D94;
6c4a : 00002C0C;
6c4b : 0001F5B8;
6c4c : 04000202;
6c4d : 0001F2E0;
6c4e : 00002D94;
6c4f : 00002C0C;
6c50 : 0001F5B0;
6c51 : 04000202;
6c52 : 00000000;
6c53 : 00000000;
6c54 : 00000000;
6c55 : 00000000;
6c56 : 00000000;
6c57 : 0401062B;
6c58 : 01656001;
6c59 : 0000000A;
6c5a : 0001F2F4;
6c5b : 00002D94;
6c5c : 00009728;
6c5d : 0001F5E0;
6c5e : 04000202;
6c5f : 0001F2F0;
6c60 : 00002D94;
6c61 : 00002C0C;
6c62 : 00020630;
6c63 : 20000402;
6c64 : 00000000;
6c65 : 00000000;
6c66 : 00000000;
6c67 : 00000000;
6c68 : 00000000;
6c69 : 0401062B;
6c6a : 01656001;
6c6b : 00000009;
6c6c : 0001F304;
6c6d : 00008F6C;
6c6e : 00000000;
6c6f : 00000000;
6c70 : 01000401;
6c71 : 0001F300;
6c72 : 00008F6C;
6c73 : 00000000;
6c74 : 00000000;
6c75 : 01000201;
6c76 : 0001F2FC;
6c77 : 00008F6C;
6c78 : 00000000;
6c79 : 00000000;
6c7a : 01000201;
6c7b : 0001F2F8;
6c7c : 00008F6C;
6c7d : 00000000;
6c7e : 00000000;
6c7f : 01000201;
6c80 : 00000000;
6c81 : 00000000;
6c82 : 00000000;
6c83 : 00000000;
6c84 : 00000000;
6c85 : 0401062B;
6c86 : 01656001;
6c87 : 00000108;
6c88 : 0001F318;
6c89 : 00003368;
6c8a : 00000000;
6c8b : 00000001;
6c8c : 01000202;
6c8d : 0001F314;
6c8e : 00002D40;
6c8f : 00000000;
6c90 : 00000000;
6c91 : 01000402;
6c92 : 0001F310;
6c93 : 00002D94;
6c94 : 00000000;
6c95 : 0001F4F8;
6c96 : 04000202;
6c97 : 0001F30C;
6c98 : 00002D94;
6c99 : 00000000;
6c9a : 00020E24;
6c9b : 04004102;
6c9c : 0001F308;
6c9d : 00002D94;
6c9e : 00000000;
6c9f : 00020E28;
6ca0 : 04004102;
6ca1 : 00000000;
6ca2 : 00000000;
6ca3 : 00000000;
6ca4 : 00000000;
6ca5 : 00000000;
6ca6 : 0401062B;
6ca7 : 01656001;
6ca8 : 00000007;
6ca9 : 0001F330;
6caa : 00002D94;
6cab : 00002DC0;
6cac : 0001F5E8;
6cad : 04000202;
6cae : 0001F32C;
6caf : 00002D94;
6cb0 : 000097D8;
6cb1 : 0001F5E4;
6cb2 : 04000202;
6cb3 : 0001F328;
6cb4 : 00002D94;
6cb5 : 00002C0C;
6cb6 : 00020650;
6cb7 : 10000402;
6cb8 : 0001F324;
6cb9 : 00002D94;
6cba : 00002C0C;
6cbb : 00020668;
6cbc : 04000202;
6cbd : 0001F320;
6cbe : 00002D94;
6cbf : 00002C0C;
6cc0 : 0002066C;
6cc1 : 04000202;
6cc2 : 0001F31C;
6cc3 : 00002D94;
6cc4 : 00002C0C;
6cc5 : 00020660;
6cc6 : 08000202;
6cc7 : 00000000;
6cc8 : 00000000;
6cc9 : 00000000;
6cca : 00000000;
6ccb : 00000000;
6ccc : 0401062B;
6ccd : 01656001;
6cce : 00000006;
6ccf : 0001F374;
6cd0 : 00002E20;
6cd1 : 00000000;
6cd2 : 00000001;
6cd3 : 01000202;
6cd4 : 0001F370;
6cd5 : 00002E20;
6cd6 : 00000000;
6cd7 : 00000002;
6cd8 : 01000202;
6cd9 : 0001F36C;
6cda : 00002E20;
6cdb : 00000000;
6cdc : 00000003;
6cdd : 01000202;
6cde : 0001F368;
6cdf : 00002E20;
6ce0 : 00000000;
6ce1 : 00000004;
6ce2 : 01004602;
6ce3 : 0001F364;
6ce4 : 00002DA8;
6ce5 : 00000000;
6ce6 : 000200EC;
6ce7 : 04684102;
6ce8 : 0001F360;
6ce9 : 00002E20;
6cea : 00000000;
6ceb : 00000005;
6cec : 01004602;
6ced : 0001F35C;
6cee : 00002E20;
6cef : 00000000;
6cf0 : 00000006;
6cf1 : 01000202;
6cf2 : 0001F358;
6cf3 : 00002E20;
6cf4 : 00000000;
6cf5 : 00000007;
6cf6 : 01000202;
6cf7 : 0001F354;
6cf8 : 00002E20;
6cf9 : 00000000;
6cfa : 00000008;
6cfb : 01000202;
6cfc : 0001F350;
6cfd : 00002E20;
6cfe : 00000000;
6cff : 00000009;
6d00 : 01000202;
6d01 : 0001F34C;
6d02 : 00002E20;
6d03 : 00000000;
6d04 : 0000000A;
6d05 : 01004102;
6d06 : 0001F348;
6d07 : 00002E20;
6d08 : 00000000;
6d09 : 0000000B;
6d0a : 01004102;
6d0b : 0001F344;
6d0c : 00002E20;
6d0d : 00000000;
6d0e : 0000000C;
6d0f : 01004102;
6d10 : 0001F340;
6d11 : 00002E20;
6d12 : 00000000;
6d13 : 0000000D;
6d14 : 01004602;
6d15 : 0001F33C;
6d16 : 00002D94;
6d17 : 00000000;
6d18 : 000202A0;
6d19 : 04004102;
6d1a : 0001F338;
6d1b : 00002D94;
6d1c : 00000000;
6d1d : 000202A4;
6d1e : 04004102;
6d1f : 0001F334;
6d20 : 00002D94;
6d21 : 00000000;
6d22 : 000200F0;
6d23 : 08084602;
6d24 : 00000000;
6d25 : 00000000;
6d26 : 00000000;
6d27 : 00000000;
6d28 : 00000000;
6d29 : 0401062B;
6d2a : 01656001;
6d2b : 00000005;
6d2c : 0001F398;
6d2d : 00002D94;
6d2e : 00000000;
6d2f : 0001F9E0;
6d30 : 01000202;
6d31 : 0001F394;
6d32 : 00002D94;
6d33 : 00000000;
6d34 : 0001F9F0;
6d35 : 01004102;
6d36 : 0001F390;
6d37 : 00002D94;
6d38 : 00000000;
6d39 : 0001F9E4;
6d3a : 01000202;
6d3b : 0001F38C;
6d3c : 00002D94;
6d3d : 00000000;
6d3e : 0001FAA4;
6d3f : 01000202;
6d40 : 0001F388;
6d41 : 00002D94;
6d42 : 00000000;
6d43 : 0001FA88;
6d44 : 01004102;
6d45 : 0001F384;
6d46 : 00002D94;
6d47 : 00000000;
6d48 : 0001FB84;
6d49 : 01004102;
6d4a : 0001F380;
6d4b : 00002D94;
6d4c : 00000000;
6d4d : 0001FA44;
6d4e : 01000202;
6d4f : 0001F37C;
6d50 : 00002D94;
6d51 : 00000000;
6d52 : 0001FAEC;
6d53 : 01000202;
6d54 : 0001F378;
6d55 : 00002D94;
6d56 : 00000000;
6d57 : 0001F9EC;
6d58 : 01004102;
6d59 : 00000000;
6d5a : 00000000;
6d5b : 00000000;
6d5c : 00000000;
6d5d : 00000000;
6d5e : 0401062B;
6d5f : 01656001;
6d60 : 00000004;
6d61 : 0001F3A4;
6d62 : 00005240;
6d63 : 00000000;
6d64 : 00000004;
6d65 : 01004602;
6d66 : 0001F3A0;
6d67 : 00005240;
6d68 : 00000000;
6d69 : 00000005;
6d6a : 01000402;
6d6b : 0001F39C;
6d6c : 00005240;
6d6d : 00000000;
6d6e : 00000002;
6d6f : 01004302;
6d70 : 00000000;
6d71 : 00000000;
6d72 : 00000000;
6d73 : 00000000;
6d74 : 00000000;
6d75 : 0401062B;
6d76 : 01656001;
6d77 : 00000002;
6d78 : 0001F3B4;
6d79 : 00002D94;
6d7a : 00000000;
6d7b : 0001F548;
6d7c : 01000402;
6d7d : 0001F3B0;
6d7e : 00002D94;
6d7f : 00000000;
6d80 : 0001AF04;
6d81 : 01000402;
6d82 : 0001F3AC;
6d83 : 00002D94;
6d84 : 00000000;
6d85 : 0001AF44;
6d86 : 01000402;
6d87 : 0001F3A8;
6d88 : 00002D94;
6d89 : 00000000;
6d8a : 0001B078;
6d8b : 01000402;
6d8c : 00000000;
6d8d : 00000000;
6d8e : 00000000;
6d8f : 00000000;
6d90 : 00000000;
6d91 : 0401062B;
6d92 : 01656001;
6d93 : 00000001;
6d94 : ADA5301E;
6d95 : 00000001;
6d96 : 0001F544;
6d97 : 00000014;
6d98 : 00020E30;
6d99 : 00000000;
6d9a : 00000000;
6d9b : 0001F9E0;
6d9c : 00000000;
6d9d : 0001F4D0;
6d9e : 00000000;
6d9f : 00000000;
6da0 : 00001A88;
6da1 : 00001A60;
6da2 : 00001A3C;
6da3 : 0000D12C;
6da4 : 0000D160;
6da5 : 0000D1B4;
6da6 : 0000D1D4;
6da7 : 0000D204;
6da8 : 0000D57C;
6da9 : 0000D5CC;
6daa : 0000D620;
6dab : 0000D7B8;
6dac : 0000D7EC;
6dad : 0000D86C;
6dae : 0000D8A4;
6daf : 0000D8D8;
6db0 : 0000D940;
6db1 : 0000D97C;
6db2 : 000117A8;
6db3 : 000117C8;
6db4 : 000119A4;
6db5 : 000119C0;
6db6 : 00011A80;
6db7 : 000149DC;
6db8 : 00014A00;
6db9 : 00014A10;
6dba : 00014B9C;
6dbb : 00014B2C;
6dbc : 645F7070;
6dbd : 5F676169;
6dbe : 73726170;
6dbf : 00000065;
6dc0 : 0001E868;
6dc1 : 0001E874;
6dc2 : 0001E880;
6dc3 : 0001E88C;
6dc4 : 0001E810;
6dc5 : 0001E854;
6dc6 : 0001E85C;
6dc7 : 0001E860;
6dc8 : 0001E864;
6dc9 : 0001D614;
6dca : 0001E838;
6dcb : 0001E76C;
6dcc : 0001E804;
6dcd : 0001E80C;
6dce : 0001E810;
6dcf : 0001E818;
6dd0 : 0001E81C;
6dd1 : 0001E730;
6dd2 : 0001E738;
6dd3 : 0001E820;
6dd4 : 0001E828;
6dd5 : 0001E830;
6dd6 : 02000103;
6dd7 : 02010101;
6dd8 : 00000501;
6dd9 : 00000000;
6dda : 0001E794;
6ddb : 0001E7A0;
6ddc : 0001E7AC;
6ddd : 0001E7BC;
6dde : 0001E7C8;
6ddf : 0001E7D4;
6de0 : 0001C788;
6de1 : 0001E7E0;
6de2 : 0001E7E8;
6de3 : 0001E7F4;
6de4 : 0001E730;
6de5 : 00018868;
6de6 : 00000001;
6de7 : 0001E738;
6de8 : 00018868;
6de9 : 00000000;
6dea : 0001E740;
6deb : 00016AE0;
6dec : 00000001;
6ded : 0001E744;
6dee : 00016AE0;
6def : 00000001;
6df0 : 0001E74C;
6df1 : 000182F4;
6df2 : 00000001;
6df3 : 0001C7A4;
6df4 : 000182F4;
6df5 : 00000002;
6df6 : 0001C7C4;
6df7 : 000182F4;
6df8 : 00000003;
6df9 : 0001C7CC;
6dfa : 000182F4;
6dfb : 00000004;
6dfc : 00000000;
6dfd : 0001E74C;
6dfe : 0001C7A4;
6dff : 0001C7C4;
6e00 : 0001C7CC;
6e01 : 00000000;
6e02 : 0001E740;
6e03 : 0001E750;
6e04 : 0001E5B8;
6e05 : 0001E5C8;
6e06 : 0001E5D4;
6e07 : 0001E5E0;
6e08 : 0001E5EC;
6e09 : 0001E5F8;
6e0a : 0001E540;
6e0b : 0001E548;
6e0c : 0001E554;
6e0d : 0001E560;
6e0e : 0001E56C;
6e0f : 0001E578;
6e10 : 0001E588;
6e11 : 0001E598;
6e12 : 0001E5AC;
6e13 : 00011154;
6e14 : 00013468;
6e15 : 0000FCE4;
6e16 : 0001330C;
6e17 : 000131BC;
6e18 : 00014E64;
6e19 : 00013050;
6e1a : 00014CF8;
6e1b : 00012FE8;
6e1c : 63707277;
6e1d : 6D69745F;
6e1e : 64615F65;
6e1f : 7473756A;
6e20 : 66666F5F;
6e21 : 00746573;
6e22 : 63707277;
6e23 : 6D69745F;
6e24 : 64615F65;
6e25 : 7473756A;
6e26 : 00000000;
6e27 : 63707277;
6e28 : 6D69745F;
6e29 : 65735F65;
6e2a : 00000074;
6e2b : 63707277;
6e2c : 6D69745F;
6e2d : 65675F65;
6e2e : 00000074;
6e2f : 00B800A8;
6e30 : 00D800C8;
6e31 : 00F800E8;
6e32 : 745F7369;
6e33 : 73656D69;
6e34 : 706D6174;
6e35 : 636E695F;
6e36 : 6572726F;
6e37 : 745F7463;
6e38 : 73657268;
6e39 : 00000000;
6e3a : 755F7277;
6e3b : 6361706E;
6e3c : 6E615F6B;
6e3d : 6E756F6E;
6e3e : 00006563;
6e3f : 705F7277;
6e40 : 5F6B6361;
6e41 : 6F6E6E61;
6e42 : 65636E75;
6e43 : 00000000;
6e44 : 685F7277;
6e45 : 6C646E61;
6e46 : 72645F65;
6e47 : 00007165;
6e48 : 1E1F1C1F;
6e49 : 1F1F1E1F;
6e4a : 1F1E1F1E;
6e4b : 1E1F1D1F;
6e4c : 1F1F1E1F;
6e4d : 1F1E1F1E;
6e4e : 006E614A;
6e4f : 00626546;
6e50 : 0072614D;
6e51 : 00727041;
6e52 : 0079614D;
6e53 : 006E754A;
6e54 : 006C754A;
6e55 : 00677541;
6e56 : 00706553;
6e57 : 0074634F;
6e58 : 00766F4E;
6e59 : 00636544;
6e5a : 006E7553;
6e5b : 006E6F4D;
6e5c : 00657554;
6e5d : 00646557;
6e5e : 00756854;
6e5f : 00697246;
6e60 : 00746153;
6e61 : 0001CA44;
6e62 : 0001E840;
6e63 : 0001E848;
6e64 : 0001E850;
6e65 : 3F3F3F3F;
6e66 : 3F3F3F3F;
6e67 : 003F3F3F;
6e68 : 0001E774;
6e69 : 0001E77C;
6e6a : 0001E780;
6e6b : 0001E894;
6e6c : 735F7277;
6e6d : 65746174;
6e6e : 6168635F;
6e6f : 0065676E;
6e70 : 5F687277;
6e71 : 76726573;
6e72 : 6E695F6F;
6e73 : 00007469;
6e74 : 00000000;
6e75 : 00000000;
6e76 : 00000000;
6e77 : 00000000;
6e78 : 00000000;
6e79 : 00000000;
6e7a : 00000000;
6e7b : 00000000;
6e7c : 00000000;
6e7d : 00000000;
6e7e : 00000000;
6e7f : 00016704;
6e80 : 00000000;
6e81 : 00000000;
6e82 : 00000000;
6e83 : 00000000;
6e84 : 00000000;
6e85 : 00000000;
6e86 : 00000000;
6e87 : 00000000;
6e88 : 00000000;
6e89 : 00000000;
6e8a : 00000000;
6e8b : 000167C4;
6e8c : 0000C638;
6e8d : 695F7070;
6e8e : 6974696E;
6e8f : 7A696C61;
6e90 : 00676E69;
6e91 : 625F7277;
6e92 : 5F61636D;
6e93 : 00003173;
6e94 : 00191B01;
6e95 : 00000000;
6e96 : 00000000;
6e97 : 0101002C;
6e98 : 00000100;
6e99 : 00000001;
6e9a : 0101002C;
6e9b : 00007F01;
6e9c : 00000002;
6e9d : 02010036;
6e9e : 00007F05;
6e9f : 00000003;
6ea0 : 02010036;
6ea1 : 00007F05;
6ea2 : 00000008;
6ea3 : 0100002C;
6ea4 : 00000102;
6ea5 : 00000009;
6ea6 : 01000036;
6ea7 : 00000203;
6ea8 : 0000000A;
6ea9 : 02000036;
6eaa : 00007F05;
6eab : 0000000B;
6eac : 01000040;
6ead : 00000005;
6eae : 0000000C;
6eaf : 0100FFFF;
6eb0 : 00007F05;
6eb1 : 0000000C;
6eb2 : 0200FFFF;
6eb3 : 00007F05;
6eb4 : 0000000D;
6eb5 : 0100FFFF;
6eb6 : 00007F04;
6eb7 : 00000000;
6eb8 : 1B010000;
6eb9 : 00000019;
6eba : 00C28001;
6ebb : 00000E00;
6ebc : 63707277;
6ebd : 74656E5F;
6ebe : 6E65735F;
6ebf : 00000064;
6ec0 : 0001E774;
6ec1 : 0001E77C;
6ec2 : 0001E780;
6ec3 : 0001E788;
6ec4 : 0001E790;
6ec5 : 76616C73;
6ec6 : 61685F65;
6ec7 : 656C646E;
6ec8 : 6C6F665F;
6ec9 : 75776F6C;
6eca : 00000070;
6ecb : 76616C73;
6ecc : 61685F65;
6ecd : 656C646E;
6ece : 6E79735F;
6ecf : 00000063;
6ed0 : 685F7277;
6ed1 : 6C646E61;
6ed2 : 79735F65;
6ed3 : 0000636E;
6ed4 : 685F7277;
6ed5 : 6C646E61;
6ed6 : 6F665F65;
6ed7 : 776F6C6C;
6ed8 : 00007075;
6ed9 : 00000000;
6eda : 00012CAC;
6edb : 00000000;
6edc : 00000000;
6edd : 00000000;
6ede : 00000000;
6edf : 00000000;
6ee0 : 00000000;
6ee1 : 00000000;
6ee2 : 00000000;
6ee3 : 00000000;
6ee4 : 00016824;
6ee5 : 0000C638;
6ee6 : 76616C73;
6ee7 : 61685F65;
6ee8 : 656C646E;
6ee9 : 7365725F;
6eea : 736E6F70;
6eeb : 00000065;
6eec : 685F7277;
6eed : 6C646E61;
6eee : 65725F65;
6eef : 00007073;
6ef0 : 72775F5F;
6ef1 : 65735F68;
6ef2 : 5F6F7672;
6ef3 : 61647075;
6ef4 : 00006574;
6ef5 : 72775F5F;
6ef6 : 65735F68;
6ef7 : 5F6F7672;
6ef8 : 61647075;
6ef9 : 00006574;
6efa : 745F7070;
6efb : 5F656D69;
6efc : 64726168;
6efd : 69726177;
6efe : 0000657A;
6eff : 0001CA40;
6f00 : 0001E764;
6f01 : 0001CA44;
6f02 : 0001E76C;
6f03 : 00000050;
6f04 : 0001E71C;
6f05 : 00000057;
6f06 : 0001E720;
6f07 : 0001E60C;
6f08 : 0001E610;
6f09 : 0001E614;
6f0a : 0001E618;
6f0b : 00000000;
6f0c : 0001E6A4;
6f0d : 0001E6B0;
6f0e : 0001E6BC;
6f0f : 0001E6C8;
6f10 : 0001E6D4;
6f11 : 0001E6E0;
6f12 : 0001E6EC;
6f13 : 0001E6F8;
6f14 : 0001E704;
6f15 : 0001E710;
6f16 : 00000000;
6f17 : 0001E644;
6f18 : 0001D9BC;
6f19 : 0001E650;
6f1a : 0001E65C;
6f1b : 0001E668;
6f1c : 0001E674;
6f1d : 0001E680;
6f1e : 0001E68C;
6f1f : 0001E698;
6f20 : 00000000;
6f21 : 0001E61C;
6f22 : 0001E624;
6f23 : 0001E62C;
6f24 : 0001E634;
6f25 : 0001E63C;
6f26 : 5F636D62;
6f27 : 6F706F74;
6f28 : 79676F6C;
6f29 : 706D635F;
6f2a : 00000000;
6f2b : 5F636D62;
6f2c : 635F6D67;
6f2d : 0000706D;
6f2e : 5F636D62;
6f2f : 61746164;
6f30 : 5F746573;
6f31 : 00706D63;
6f32 : 5F636D62;
6f33 : 5F646461;
6f34 : 6E677266;
6f35 : 73616D5F;
6f36 : 00726574;
6f37 : 76616C73;
6f38 : 61685F65;
6f39 : 656C646E;
6f3a : 6E6E615F;
6f3b : 636E756F;
6f3c : 00000065;
6f3d : 00012134;
6f3e : 00000000;
6f3f : 00000000;
6f40 : 00000000;
6f41 : 00000000;
6f42 : 00000000;
6f43 : 00000000;
6f44 : 00000000;
6f45 : 00012000;
6f46 : 000143FC;
6f47 : 00000000;
6f48 : 00016648;
6f49 : 0000C638;
6f4a : 00017CD8;
6f4b : 00017D48;
6f4c : 00017EC4;
6f4d : 00017EC4;
6f4e : 00017EC4;
6f4f : 00017EC4;
6f50 : 00017EC4;
6f51 : 00017EC4;
6f52 : 00017D68;
6f53 : 00017D88;
6f54 : 00017EC4;
6f55 : 00017DC4;
6f56 : 00017E9C;
6f57 : 00000000;
6f58 : 00300008;
6f59 : 0001F2A8;
6f5a : 0001D9B4;
6f5b : 0001D9A8;
6f5c : 0001D990;
6f5d : 0001DC3C;
6f5e : 0001F2B8;
6f5f : 0001F284;
6f60 : 0001F290;
6f61 : 0001F29C;
6f62 : 0001F1F0;
6f63 : 00000003;
6f64 : 0001F1F8;
6f65 : 00000003;
6f66 : 0001F204;
6f67 : 00000000;
6f68 : 0001F208;
6f69 : 00000003;
6f6a : 0001F214;
6f6b : 00000003;
6f6c : 0001F220;
6f6d : 00000003;
6f6e : 0001F228;
6f6f : 00000001;
6f70 : 0001F234;
6f71 : 00000001;
6f72 : 0001F240;
6f73 : 00000000;
6f74 : 0001F24C;
6f75 : 00000001;
6f76 : 0001F258;
6f77 : 00000001;
6f78 : 0001F264;
6f79 : 00000001;
6f7a : 00000000;
6f7b : 0001F1C8;
6f7c : 0001F1D0;
6f7d : 0001F010;
6f7e : 0001F1DC;
6f7f : 0001F1E4;
6f80 : 0001D2C0;
6f81 : 0001F1EC;
6f82 : 00000106;
6f83 : C71D2107;
6f84 : 010101A0;
6f85 : 0001F26C;
6f86 : C71DFEBB;
6f87 : 000001A0;
6f88 : 0001F278;
6f89 : 000000C1;
6f8a : C71DFEC1;
6f8b : 000000A0;
6f8c : 0001F26C;
6f8d : C71DFEC1;
6f8e : 000000A0;
6f8f : 0001F278;
6f90 : 5F636D62;
6f91 : 636C6163;
6f92 : 74616C75;
6f93 : 62655F65;
6f94 : 00747365;
6f95 : 5F636D62;
6f96 : 5F796E61;
6f97 : 74726F70;
6f98 : 696E695F;
6f99 : 6C616974;
6f9a : 6E697A69;
6f9b : 00000067;
6f9c : 5F636D62;
6f9d : 73756C66;
6f9e : 72665F68;
6f9f : 6D5F6E67;
6fa0 : 65747361;
6fa1 : 00000072;
6fa2 : 5F636D62;
6fa3 : 61647075;
6fa4 : 655F6574;
6fa5 : 74736562;
6fa6 : 00000000;
6fa7 : 745F7070;
6fa8 : 6F656D69;
6fa9 : 695F7475;
6faa : 0074696E;
6fab : 000081B8;
6fac : 0000826C;
6fad : 000080AC;
6fae : 00000000;
6faf : 00000100;
6fb0 : 00000200;
6fb1 : 00000300;
6fb2 : 00170000;
6fb3 : 002E0000;
6fb4 : 00600000;
6fb5 : FFFFFFFF;
6fb6 : 0001143C;
6fb7 : 0000C76C;
6fb8 : 00011DAC;
6fb9 : 00011584;
6fba : 00000000;
6fbb : 0000C7D4;
6fbc : 0000C7B8;
6fbd : 0000C7A8;
6fbe : 0000E420;
6fbf : 0000E38C;
6fc0 : 0000E334;
6fc1 : 0000E2B0;
6fc2 : 00000000;
6fc3 : 00000000;
6fc4 : 0000C798;
6fc5 : 000170A0;
6fc6 : 00016B68;
6fc7 : 00000000;
6fc8 : 00000000;
6fc9 : 00000000;
6fca : 00000000;
6fcb : 00000000;
6fcc : 00000000;
6fcd : 00000000;
6fce : 00000000;
6fcf : 00000000;
6fd0 : 00000000;
6fd1 : 00000001;
6fd2 : 00000001;
6fd3 : 00000003;
6fd4 : 00000000;
6fd5 : 00000000;
6fd6 : 00000000;
6fd7 : 00000000;
6fd8 : 00000000;
6fd9 : 00000000;
6fda : 00000000;
6fdb : 00000000;
6fdc : 00000000;
6fdd : 00000000;
6fde : 00000000;
6fdf : 00000000;
6fe0 : 00000000;
6fe1 : 00000000;
6fe2 : 00000007;
6fe3 : 00000000;
6fe4 : 0000E920;
6fe5 : 0000E25C;
6fe6 : 00000000;
6fe7 : 00000000;
6fe8 : 000100AC;
6fe9 : 00014590;
6fea : 00000000;
6feb : 00012340;
6fec : 0001239C;
6fed : 00000000;
6fee : 00000000;
6fef : 00000000;
6ff0 : 0000E89C;
6ff1 : 0000E76C;
6ff2 : 0000E5EC;
6ff3 : 0000C730;
6ff4 : 00000000;
6ff5 : 0000FE70;
6ff6 : 0000E12C;
6ff7 : 0000FFDC;
6ff8 : 0000C6FC;
6ff9 : 0000C6FC;
6ffa : 0000C6F4;
6ffb : 0000C708;
6ffc : 0000E8FC;
6ffd : 0000C6C0;
6ffe : 000112BC;
6fff : 02020100;
7000 : 03030303;
7001 : 04040404;
7002 : 04040404;
7003 : 05050505;
7004 : 05050505;
7005 : 05050505;
7006 : 05050505;
7007 : 06060606;
7008 : 06060606;
7009 : 06060606;
700a : 06060606;
700b : 06060606;
700c : 06060606;
700d : 06060606;
700e : 06060606;
700f : 07070707;
7010 : 07070707;
7011 : 07070707;
7012 : 07070707;
7013 : 07070707;
7014 : 07070707;
7015 : 07070707;
7016 : 07070707;
7017 : 07070707;
7018 : 07070707;
7019 : 07070707;
701a : 07070707;
701b : 07070707;
701c : 07070707;
701d : 07070707;
701e : 07070707;
701f : 08080808;
7020 : 08080808;
7021 : 08080808;
7022 : 08080808;
7023 : 08080808;
7024 : 08080808;
7025 : 08080808;
7026 : 08080808;
7027 : 08080808;
7028 : 08080808;
7029 : 08080808;
702a : 08080808;
702b : 08080808;
702c : 08080808;
702d : 08080808;
702e : 08080808;
702f : 08080808;
7030 : 08080808;
7031 : 08080808;
7032 : 08080808;
7033 : 08080808;
7034 : 08080808;
7035 : 08080808;
7036 : 08080808;
7037 : 08080808;
7038 : 08080808;
7039 : 08080808;
703a : 08080808;
703b : 08080808;
703c : 08080808;
703d : 08080808;
703e : 08080808;
703f : 4C554E3C;
7040 : 00003E4C;
7041 : 67616964;
7042 : 6D73662D;
7043 : 252D312D;
7044 : 25203A73;
7045 : 2E643930;
7046 : 64333025;
7047 : 0000203A;
7048 : 5641454C;
7049 : 73252045;
704a : 656E2820;
704b : 203A7478;
704c : 29693325;
704d : 00000A0A;
704e : 656C6966;
704f : 656D616E;
7050 : 7325203A;
7051 : 6966203B;
7052 : 3A747372;
7053 : 3B782520;
7054 : 73616C20;
7055 : 25203A74;
7056 : 00000A78;
7057 : 6D726F46;
7058 : 69747461;
7059 : 5320676E;
705a : 53464244;
705b : 61622820;
705c : 30206573;
705d : 38302578;
705e : 73202C78;
705f : 20657A69;
7060 : 30257830;
7061 : 2E297838;
7062 : 000A2E2E;
7063 : 69726556;
7064 : 61636966;
7065 : 6E6F6974;
7066 : 0A2E2E2E;
7067 : 00000000;
7068 : 6F727245;
7069 : 000A2E72;
706a : 0A2E4B4F;
706b : 00000000;
706c : 3A706673;
706d : 726F6320;
706e : 74707572;
706f : 63206465;
7070 : 6B636568;
7071 : 0A6D7573;
7072 : 00000000;
7073 : 69646441;
7074 : 6E20676E;
7075 : 53207765;
7076 : 65205046;
7077 : 7972746E;
7078 : 0000000A;
7079 : 61647055;
707a : 65206574;
707b : 74736978;
707c : 20676E69;
707d : 20504653;
707e : 72746E65;
707f : 00000A79;
7080 : 6C756F43;
7081 : 6F6E2064;
7082 : 72652074;
7083 : 20657361;
7084 : 000A4244;
7085 : 53545852;
7086 : 6C616320;
7087 : 61726269;
7088 : 6E6F6974;
7089 : 72726520;
708a : 0A2E726F;
708b : 00000000;
708c : 74696157;
708d : 20676E69;
708e : 20726F66;
708f : 6B6E696C;
7090 : 0A2E2E2E;
7091 : 00000000;
7092 : 6B636F4C;
7093 : 20676E69;
7094 : 2E4C4C50;
7095 : 000A2E2E;
7096 : 696C6143;
7097 : 74617262;
7098 : 20676E69;
7099 : 74205852;
709a : 73656D69;
709b : 706D6174;
709c : 2E2E7265;
709d : 00000A2E;
709e : 6E6F7257;
709f : 46532067;
70a0 : 68632050;
70a1 : 736B6365;
70a2 : 25206D75;
70a3 : 00000A73;
70a4 : 63746566;
70a5 : 676E6968;
70a6 : 61696420;
70a7 : 77725F67;
70a8 : 726F775F;
70a9 : 000A7364;
70aa : 63746566;
70ab : 676E6968;
70ac : 61696420;
70ad : 6F725F67;
70ae : 726F775F;
70af : 000A7364;
70b0 : 63657845;
70b1 : 20657475;
70b2 : 6D6D6F63;
70b3 : 20646E61;
70b4 : 6D6F7266;
70b5 : 4D4E5320;
70b6 : 22203A50;
70b7 : 0A227325;
70b8 : 00000000;
70b9 : 504D4E53;
70ba : 6D65203A;
70bb : 20797470;
70bc : 74696E69;
70bd : 6E696C20;
70be : 00000A65;
70bf : 504D4E53;
70c0 : 4653203A;
70c1 : 70752050;
70c2 : 65746164;
70c3 : 6E692064;
70c4 : 6D656D20;
70c5 : 2C79726F;
70c6 : 73657220;
70c7 : 74726174;
70c8 : 50545020;
70c9 : 0000000A;
70ca : 6E726157;
70cb : 3A676E69;
70cc : 6E694D20;
70cd : 40206369;
70ce : 72207825;
70cf : 69656365;
70d0 : 20646576;
70d1 : 6F727265;
70d2 : 756F656E;
70d3 : 72662073;
70d4 : 2C656D61;
70d5 : 0A782520;
70d6 : 00000000;
70d7 : 6E726157;
70d8 : 3A676E69;
70d9 : 6E694D20;
70da : 52206369;
70db : 69662078;
70dc : 66206F66;
70dd : 2C6C6C75;
70de : 70786520;
70df : 20746365;
70e0 : 6E6F7277;
70e1 : 72662067;
70e2 : 73656D61;
70e3 : 0000000A;
70e4 : 41564E49;
70e5 : 0044494C;
70e6 : 3A6B6E6C;
70e7 : 72206425;
70e8 : 64253A78;
70e9 : 3A787420;
70ea : 00206425;
70eb : 6B636F6C;
70ec : 2064253A;
70ed : 00000000;
70ee : 3A707470;
70ef : 00207325;
70f0 : 253A7673;
70f1 : 00002064;
70f2 : 273A7373;
70f3 : 20277325;
70f4 : 00000000;
70f5 : 25787561;
70f6 : 30253A64;
70f7 : 30257838;
70f8 : 00207838;
70f9 : 3A636573;
70fa : 6E206425;
70fb : 3A636573;
70fc : 64393025;
70fd : 00000020;
70fe : 253A756D;
70ff : 0020644C;
7100 : 3A736D64;
7101 : 20644C25;
7102 : 00000000;
7103 : 6D787464;
7104 : 2064253A;
7105 : 6D787264;
7106 : 2064253A;
7107 : 00000000;
7108 : 73787464;
7109 : 2064253A;
710a : 73787264;
710b : 2064253A;
710c : 00000000;
710d : 6D797361;
710e : 644C253A;
710f : 00000020;
7110 : 74747263;
7111 : 644C253A;
7112 : 00000020;
7113 : 3A6F6B63;
7114 : 00206425;
7115 : 70746573;
7116 : 2064253A;
7117 : 00000000;
7118 : 746E6375;
7119 : 2064253A;
711a : 00000000;
711b : 696C7362;
711c : 253A6564;
711d : 00002064;
711e : 3A736573;
711f : 00207525;
7120 : 3A6F6573;
7121 : 00207525;
7122 : 72646573;
7123 : 2075253A;
7124 : 00000000;
7125 : 253A6468;
7126 : 646D2064;
7127 : 2064253A;
7128 : 253A6461;
7129 : 00002064;
712a : 203A7325;
712b : 73206F6E;
712c : 656B636F;
712d : 6C732074;
712e : 2073746F;
712f : 7466656C;
7130 : 0000000A;
7131 : 00307277;
7132 : 70646C6C;
7133 : 64707520;
7134 : 0A657461;
7135 : 00000000;
7136 : 6E726157;
7137 : 3A676E69;
7138 : 20787420;
7139 : 656D6974;
713a : 6D617473;
713b : 656E2070;
713c : 20726576;
713d : 61636562;
713e : 6120656D;
713f : 6C696176;
7140 : 656C6261;
7141 : 0000000A;
7142 : 6E726157;
7143 : 3A676E69;
7144 : 20787420;
7145 : 20746F6E;
7146 : 6D726574;
7147 : 74616E69;
7148 : 69206465;
7149 : 6E69666E;
714a : 20657469;
714b : 3D72636D;
714c : 78257830;
714d : 0000000A;
714e : 63736944;
714f : 7265766F;
7150 : 49206465;
7151 : 64612050;
7152 : 73657264;
7153 : 25282073;
7154 : 64252E64;
7155 : 2E64252E;
7156 : 21296425;
7157 : 0000000A;
7158 : 56434552;
7159 : 32302520;
715a : 79622064;
715b : 20736574;
715c : 25207461;
715d : 252E6439;
715e : 2E643930;
715f : 64333025;
7160 : 79742820;
7161 : 25206570;
7162 : 25202C78;
7163 : 000A2973;
7164 : 45544E45;
7165 : 73252052;
7166 : 6170202C;
7167 : 74656B63;
7168 : 6E656C20;
7169 : 0A692520;
716a : 00000000;
716b : 6E6F7257;
716c : 6F642067;
716d : 6E69616D;
716e : 3A692520;
716f : 73696420;
7170 : 64726163;
7171 : 0000000A;
7172 : 65746C41;
7173 : 74616E72;
7174 : 616D2065;
7175 : 72657473;
7176 : 6964203A;
7177 : 72616373;
7178 : 00000A64;
7179 : 706F6F4C;
717a : 20676E69;
717b : 6D617266;
717c : 64203A65;
717d : 61637369;
717e : 000A6472;
717f : 206D7366;
7180 : 20726F66;
7181 : 203A7325;
7182 : 6F727245;
7183 : 69252072;
7184 : 206E6920;
7185 : 000A7325;
7186 : 74746542;
7187 : 4D207265;
7188 : 65747361;
7189 : 6E6F2072;
718a : 6D617320;
718b : 6C432065;
718c : 206B636F;
718d : 74726F50;
718e : 00644920;
718f : 203A7325;
7190 : 252E7325;
7191 : 0A783430;
7192 : 00000000;
7193 : 696B6154;
7194 : 7220676E;
7195 : 206C6165;
7196 : 73656245;
7197 : 74612074;
7198 : 726F7020;
7199 : 69252074;
719a : 726F6620;
719b : 6E676965;
719c : 73616D20;
719d : 20726574;
719e : 252F6925;
719f : 00000A69;
71a0 : 72206F4E;
71a1 : 206C6165;
71a2 : 73656245;
71a3 : 00000A74;
71a4 : 203A7325;
71a5 : 73736170;
71a6 : 20657669;
71a7 : 000A3170;
71a8 : 203A7325;
71a9 : 7473616D;
71aa : 6D207265;
71ab : 00000A32;
71ac : 203A7325;
71ad : 6F727265;
71ae : 00000A72;
71af : 203A7325;
71b0 : 73736170;
71b1 : 20657669;
71b2 : 000A3270;
71b3 : 203A7325;
71b4 : 7473616D;
71b5 : 6D207265;
71b6 : 00000A31;
71b7 : 62616E45;
71b8 : 7420656C;
71b9 : 6E696D69;
71ba : 756F2067;
71bb : 74757074;
71bc : 72472820;
71bd : 20646E61;
71be : 7473616D;
71bf : 62207265;
71c0 : 4D422079;
71c1 : 0A294143;
71c2 : 00000000;
71c3 : 203A7325;
71c4 : 7473616D;
71c5 : 6D207265;
71c6 : 00000A33;
71c7 : 203A7325;
71c8 : 76616C73;
71c9 : 31732065;
71ca : 0000000A;
71cb : 2077656E;
71cc : 65726F66;
71cd : 206E6769;
71ce : 7473616D;
71cf : 202C7265;
71d0 : 6E616863;
71d1 : 74206567;
71d2 : 6E75206F;
71d3 : 696C6163;
71d4 : 74617262;
71d5 : 000A6465;
71d6 : 203A7325;
71d7 : 6E656572;
71d8 : 20726574;
71d9 : 25206E69;
71da : 736D2069;
71db : 0000000A;
71dc : 74696E69;
71dd : 696C6169;
71de : 676E697A;
71df : 00000000;
71e0 : 6C756166;
71e1 : 00007974;
71e2 : 61736964;
71e3 : 64656C62;
71e4 : 00000000;
71e5 : 7473696C;
71e6 : 6E696E65;
71e7 : 00000067;
71e8 : 2D657270;
71e9 : 7473616D;
71ea : 00007265;
71eb : 73736170;
71ec : 00657669;
71ed : 61636E75;
71ee : 7262696C;
71ef : 64657461;
71f0 : 00000000;
71f1 : 76616C73;
71f2 : 00000065;
71f3 : 63736261;
71f4 : 00006C61;
71f5 : 636E7973;
71f6 : 00000000;
71f7 : 616C6564;
71f8 : 65725F79;
71f9 : 00000071;
71fa : 6C656470;
71fb : 725F7961;
71fc : 00007165;
71fd : 6C656470;
71fe : 725F7961;
71ff : 00707365;
7200 : 616C6564;
7201 : 65725F79;
7202 : 00007073;
7203 : 6C656470;
7204 : 725F7961;
7205 : 5F707365;
7206 : 6C6C6F66;
7207 : 755F776F;
7208 : 00000070;
7209 : 6F6E6E61;
720a : 65636E75;
720b : 00000000;
720c : 6E676973;
720d : 6E696C61;
720e : 00000067;
720f : 616E616D;
7210 : 656D6567;
7211 : 0000746E;
7212 : 64255B1B;
7213 : 6664253B;
7214 : 00000000;
7215 : 25305B1B;
7216 : 25333B64;
7217 : 00006D64;
7218 : 49535050;
7219 : 72657620;
721a : 69736F62;
721b : 203A7974;
721c : 6C383025;
721d : 00000A78;
721e : 203A7325;
721f : 6F727265;
7220 : 61702072;
7221 : 6E697372;
7222 : 25222067;
7223 : 000A2273;
7224 : 4A325B1B;
7225 : 3B315B1B;
7226 : 00004831;
7227 : 000A7525;
7228 : 65736572;
7229 : 00000074;
722a : 0078616D;
722b : 6E697270;
722c : 61745F74;
722d : 745F6B73;
722e : 5F656D69;
722f : 65726874;
7230 : 6C6F6873;
7231 : 64252064;
7232 : 0000000A;
7233 : 65746920;
7234 : 69746172;
7235 : 20736E6F;
7236 : 20202020;
7237 : 6F636573;
7238 : 2E73646E;
7239 : 7263696D;
723a : 2020736F;
723b : 616D2020;
723c : 736D5F78;
723d : 6D616E20;
723e : 00000A65;
723f : 39252020;
7240 : 2020696C;
7241 : 6C392520;
7242 : 30252E69;
7243 : 20696C36;
7244 : 646C3925;
7245 : 0A732520;
7246 : 00000000;
7247 : 43205257;
7248 : 2065726F;
7249 : 6C697562;
724a : 25203A64;
724b : 75282073;
724c : 7075736E;
724d : 74726F70;
724e : 64206465;
724f : 6C657665;
7250 : 7265706F;
7251 : 69756220;
7252 : 0A29646C;
7253 : 00000000;
7254 : 65746544;
7255 : 6E696D72;
7256 : 69747369;
7257 : 69622063;
7258 : 7972616E;
7259 : 69756220;
725a : 000A646C;
725b : 43534952;
725c : 00000056;
725d : 6C697542;
725e : 6F662074;
725f : 73252072;
7260 : 6425202C;
7261 : 20426B20;
7262 : 2C4D4152;
7263 : 61747320;
7264 : 69206B63;
7265 : 64252073;
7266 : 74796220;
7267 : 000A7365;
7268 : 4E524157;
7269 : 3A474E49;
726a : 72616820;
726b : 72617764;
726c : 61732065;
726d : 25207379;
726e : 20426B69;
726f : 52203D3C;
7270 : 3C204D41;
7271 : 6B692520;
7272 : 00000A42;
7273 : 69617641;
7274 : 6C62616C;
7275 : 6F632065;
7276 : 6E616D6D;
7277 : 0A3A7364;
7278 : 00000000;
7279 : 67617375;
727a : 000A3A65;
727b : 20732520;
727c : 000A7325;
727d : 64256325;
727e : 3130252E;
727f : 756C6C38;
7280 : 00000000;
7281 : 6C256325;
7282 : 252E646C;
7283 : 00643330;
7284 : 64257325;
7285 : 3930252E;
7286 : 33302564;
7287 : 00000064;
7288 : 6E492D2D;
7289 : 72726F63;
728a : 2D746365;
728b : 0000002D;
728c : 73207325;
728d : 00006365;
728e : 6E207325;
728f : 00002073;
7290 : 00746567;
7291 : 00746573;
7292 : 28206925;
7293 : 22732522;
7294 : 756F2029;
7295 : 666F2074;
7296 : 6E617220;
7297 : 000A6567;
7298 : 0066666F;
7299 : 72727563;
729a : 20746E65;
729b : 6E616C76;
729c : 6925203A;
729d : 78302820;
729e : 0A297825;
729f : 00000000;
72a0 : 72466E55;
72a1 : 697A6565;
72a2 : 5320676E;
72a3 : 204C4C50;
72a4 : 73616870;
72a5 : 68732065;
72a6 : 65746669;
72a7 : 00000A72;
72a8 : 65657246;
72a9 : 676E697A;
72aa : 4C505320;
72ab : 6870204C;
72ac : 20657361;
72ad : 66696873;
72ae : 20726574;
72af : 70207461;
72b0 : 65736168;
72b1 : 20642520;
72b2 : 000A7370;
72b3 : 65657246;
72b4 : 676E697A;
72b5 : 4C505320;
72b6 : 6870204C;
72b7 : 20657361;
72b8 : 66696873;
72b9 : 00726574;
72ba : 65657246;
72bb : 676E697A;
72bc : 4C505320;
72bd : 4356204C;
72be : 6F63204F;
72bf : 6F72746E;
72c0 : 0000006C;
72c1 : 62616E65;
72c2 : 7020656C;
72c3 : 63617274;
72c4 : 2072656B;
72c5 : 000A6425;
72c6 : 61727470;
72c7 : 25206B63;
72c8 : 65203A64;
72c9 : 6425206E;
72ca : 20646920;
72cb : 72206425;
72cc : 79646165;
72cd : 20642520;
72ce : 73616870;
72cf : 64252065;
72d0 : 64252820;
72d1 : 29737020;
72d2 : 67766120;
72d3 : 0A642520;
72d4 : 00000000;
72d5 : 6D726F46;
72d6 : 69747461;
72d7 : 7520676E;
72d8 : 676E6973;
72d9 : 00000020;
72da : 61666564;
72db : 20746C75;
72dc : 61636F6C;
72dd : 6E6F6974;
72de : 0000000A;
72df : 61636F6C;
72e0 : 6E6F6974;
72e1 : 25783020;
72e2 : 00000A58;
72e3 : 73617245;
72e4 : 20676E69;
72e5 : 6E697375;
72e6 : 00002067;
72e7 : 66626473;
72e8 : 6E6F2073;
72e9 : 0A732520;
72ea : 00000000;
72eb : 53206F6E;
72ec : 53464244;
72ed : 0000000A;
72ee : 656C6966;
72ef : 25783020;
72f0 : 20783830;
72f1 : 30252040;
72f2 : 252D7838;
72f3 : 2C783830;
72f4 : 6D616E20;
72f5 : 31252065;
72f6 : 000A7339;
72f7 : 6E756F46;
72f8 : 68702064;
72f9 : 20657361;
72fa : 6E617274;
72fb : 69746973;
72fc : 69206E6F;
72fd : 4545206E;
72fe : 4D4F5250;
72ff : 6425203A;
7300 : 000A7370;
7301 : 7361654D;
7302 : 6E697275;
7303 : 32742067;
7304 : 2034742F;
7305 : 73616870;
7306 : 72742065;
7307 : 69736E61;
7308 : 6E6F6974;
7309 : 0A2E2E2E;
730a : 00000000;
730b : 74746553;
730c : 20676E69;
730d : 696C6163;
730e : 74617262;
730f : 206E6F69;
7310 : 61726170;
7311 : 6574656D;
7312 : 73252072;
7313 : 78305B20;
7314 : 205D7825;
7315 : 25206F74;
7316 : 00000A64;
7317 : 6B6E553C;
7318 : 6E776F6E;
7319 : 0000003E;
731a : 74666F73;
731b : 3A6C6C70;
731c : 646F6D20;
731d : 64253A65;
731e : 71657320;
731f : 2073253A;
7320 : 65725F6E;
7321 : 64252066;
7322 : 6F5F6E20;
7323 : 25207475;
7324 : 00000A64;
7325 : 73717269;
7326 : 2064253A;
7327 : 67696C61;
7328 : 6E656D6E;
7329 : 74735F74;
732a : 3A657461;
732b : 48206425;
732c : 2064254C;
732d : 64254C4D;
732e : 3D594820;
732f : 4D206425;
7330 : 64253D59;
7331 : 6C654420;
7332 : 3D746E43;
7333 : 73206425;
7334 : 6F707465;
7335 : 3A746E69;
7336 : 72206425;
7337 : 6E636665;
7338 : 64253A74;
7339 : 67617420;
733a : 3A746E63;
733b : 68206425;
733c : 3A706B5F;
733d : 68206425;
733e : 3A696B5F;
733f : 68206425;
7340 : 6968735F;
7341 : 253A7466;
7342 : 00002064;
7343 : 706B5F6D;
7344 : 2064253A;
7345 : 696B5F6D;
7346 : 2064253A;
7347 : 68735F6D;
7348 : 3A746669;
7349 : 68206425;
734a : 636F6C5F;
734b : 75645F6B;
734c : 69746172;
734d : 253A6E6F;
734e : 5F6D2064;
734f : 71657266;
7350 : 636F6C5F;
7351 : 75645F6B;
7352 : 69746172;
7353 : 253A6E6F;
7354 : 5F6D2064;
7355 : 73616870;
7356 : 6F6C5F65;
7357 : 645F6B63;
7358 : 74617275;
7359 : 3A6E6F69;
735a : 00006425;
735b : 69616720;
735c : 63735F6E;
735d : 3A646568;
735e : 252F6425;
735f : 00000064;
7360 : 74666F73;
7361 : 3A6C6C70;
7362 : 58554120;
7363 : 203A6425;
7364 : 25206870;
7365 : 65732064;
7366 : 64252071;
7367 : 206E6520;
7368 : 6C206425;
7369 : 206B636F;
736a : 73206425;
736b : 6C706D61;
736c : 25207365;
736d : 52452064;
736e : 64253D52;
736f : 253D5920;
7370 : 00000A64;
7371 : 74666F73;
7372 : 3A6C6C70;
7373 : 72747020;
7374 : 656B6361;
7375 : 3A642572;
7376 : 616E6520;
7377 : 64656C62;
7378 : 20642520;
7379 : 76615F6E;
737a : 64252067;
737b : 6C617620;
737c : 25206575;
737d : 00000A64;
737e : 25206425;
737f : 00000A64;
7380 : 74617473;
7381 : 69747369;
7382 : 6E207363;
7383 : 6F20776F;
7384 : 000A6666;
7385 : 00737462;
7386 : 70206425;
7387 : 00000A73;
7388 : 20787541;
7389 : 67616964;
738a : 74736F6E;
738b : 20736369;
738c : 6F666E69;
738d : 00000A3A;
738e : 203A6469;
738f : 252E6425;
7390 : 72202C64;
7391 : 7720772F;
7392 : 7364726F;
7393 : 6425203A;
7394 : 2F72202C;
7395 : 6F77206F;
7396 : 3A736472;
7397 : 0A642520;
7398 : 00000000;
7399 : 006C6C61;
739a : 77204F52;
739b : 2064726F;
739c : 64332D25;
739d : 30203D20;
739e : 38302578;
739f : 00000A78;
73a0 : 77205752;
73a1 : 2064726F;
73a2 : 64332D25;
73a3 : 30203D20;
73a4 : 38302578;
73a5 : 00000A78;
73a6 : 00006F72;
73a7 : 64726F57;
73a8 : 20642520;
73a9 : 30207369;
73aa : 38302578;
73ab : 00000A78;
73ac : 00007772;
73ad : 00000077;
73ae : 756C6156;
73af : 78302065;
73b0 : 78383025;
73b1 : 69727720;
73b2 : 6E657474;
73b3 : 206F7420;
73b4 : 20656874;
73b5 : 64726F77;
73b6 : 0A642520;
73b7 : 00000000;
73b8 : 203B7325;
73b9 : 25207325;
73ba : 00000A73;
73bb : 6E6B6E55;
73bc : 206E776F;
73bd : 63627573;
73be : 616D6D6F;
73bf : 2220646E;
73c0 : 0A227325;
73c1 : 00000000;
73c2 : 2077656E;
73c3 : 74617473;
73c4 : 73252065;
73c5 : 0000000A;
73c6 : 73205257;
73c7 : 65746174;
73c8 : 454C203A;
73c9 : 3D455641;
73ca : 202C7325;
73cb : 45544E45;
73cc : 73253D52;
73cd : 0000000A;
73ce : 72746552;
73cf : 6E6F2079;
73d0 : 6D697420;
73d1 : 74756F65;
73d2 : 0000000A;
73d3 : 6B6F6F68;
73d4 : 7325203A;
73d5 : 0000000A;
73d6 : 203A7325;
73d7 : 0A696C25;
73d8 : 00000000;
73d9 : 6E726157;
73da : 3A676E69;
73db : 3A732520;
73dc : 6E616320;
73dd : 746F6E20;
73de : 6A646120;
73df : 20747375;
73e0 : 71657266;
73e1 : 6270705F;
73e2 : 696C2520;
73e3 : 0000000A;
73e4 : 203A7325;
73e5 : 756C3925;
73e6 : 3930252E;
73e7 : 000A696C;
73e8 : 203A7325;
73e9 : 20642574;
73ea : 69207369;
73eb : 726F636E;
73ec : 74636572;
73ed : 0000000A;
73ee : 202C7325;
73ef : 25207325;
73f0 : 25202C64;
73f1 : 25202C64;
73f2 : 3A643230;
73f3 : 64323025;
73f4 : 3230253A;
73f5 : 00000064;
73f6 : 2D643425;
73f7 : 64323025;
73f8 : 3230252D;
73f9 : 30252D64;
73fa : 253A6432;
73fb : 3A643230;
73fc : 64323025;
73fd : 00000000;
73fe : 2B207325;
73ff : 6E206425;
7400 : 736F6E61;
7401 : 6E6F6365;
7402 : 0A2E7364;
7403 : 00000000;
7404 : 252E6425;
7405 : 64252E64;
7406 : 0064252E;
7407 : 612D5049;
7408 : 65726464;
7409 : 203A7373;
740a : 00000000;
740b : 74206E69;
740c : 6E696172;
740d : 0A676E69;
740e : 00000000;
740f : 28207325;
7410 : 746F6F62;
7411 : 000A2970;
7412 : 28207325;
7413 : 74617473;
7414 : 0A296369;
7415 : 00000000;
7416 : 276E6163;
7417 : 65722074;
7418 : 74736967;
7419 : 73207265;
741a : 6C6C6568;
741b : 6D6F6320;
741c : 646E616D;
741d : 73252720;
741e : 69202C27;
741f : 6572636E;
7420 : 20657361;
7421 : 4C454853;
7422 : 414D5F4C;
7423 : 4F435F58;
7424 : 4E414D4D;
7425 : 000A5344;
7426 : 35302025;
7427 : 0000644C;
7428 : 65646F6D;
7429 : 00000000;
742a : 6D6D6F43;
742b : 20646E61;
742c : 22732522;
742d : 7265203A;
742e : 20726F72;
742f : 000A6425;
7430 : 65726E55;
7431 : 6E676F63;
7432 : 64657A69;
7433 : 6D6F6320;
7434 : 646E616D;
7435 : 73252220;
7436 : 000A2E22;
7437 : 63657865;
7438 : 6E697475;
7439 : 25203A67;
743a : 00000A73;
743b : 6C756F43;
743c : 6F6E2064;
743d : 72652074;
743e : 20657361;
743f : 74696E69;
7440 : 72637320;
7441 : 0A747069;
7442 : 00000000;
7443 : 6C756F43;
7444 : 6F6E2064;
7445 : 64612074;
7446 : 68742064;
7447 : 6F632065;
7448 : 6E616D6D;
7449 : 00000A64;
744a : 62202D2D;
744b : 746C6975;
744c : 206E692D;
744d : 69726373;
744e : 2D207470;
744f : 00000A2D;
7450 : 706D6528;
7451 : 0A297974;
7452 : 00000000;
7453 : 75202D2D;
7454 : 2D726573;
7455 : 69666564;
7456 : 2064656E;
7457 : 69726373;
7458 : 2D207470;
7459 : 00000A2D;
745a : 00006325;
745b : 6F727265;
745c : 6E692072;
745d : 6F5F7420;
745e : 3E2D7370;
745f : 76726573;
7460 : 6E695F6F;
7461 : 00007469;
7462 : 74696E49;
7463 : 696C6169;
7464 : 3A64657A;
7465 : 73626F20;
7466 : 6972645F;
7467 : 25207466;
7468 : 0A696C6C;
7469 : 00000000;
746a : 6C756F43;
746b : 6F6E2064;
746c : 65672074;
746d : 54552074;
746e : 666F2043;
746f : 74657366;
7470 : 6F726620;
7471 : 7973206D;
7472 : 6D657473;
7473 : 6174202C;
7474 : 676E696B;
7475 : 66656420;
7476 : 746C7561;
7477 : 6925203A;
7478 : 0000000A;
7479 : 2077654E;
747a : 20435455;
747b : 7366666F;
747c : 203A7465;
747d : 000A6925;
747e : 6F636552;
747f : 61726576;
7480 : 20656C62;
7481 : 53205257;
7482 : 434F4C5F;
7483 : 6974204B;
7484 : 756F656D;
7485 : 72203A74;
7486 : 72612D65;
7487 : 6C53206D;
7488 : 20657661;
7489 : 68205257;
748a : 73646E61;
748b : 656B6168;
748c : 0000000A;
748d : 646E6148;
748e : 6B616873;
748f : 61662065;
7490 : 72756C69;
7491 : 6E203A65;
7492 : 6E20776F;
7493 : 772D6E6F;
7494 : 73252072;
7495 : 0000000A;
7496 : 535F5257;
7497 : 4B434F4C;
7498 : 00000000;
7499 : 656D6974;
749a : 2074756F;
749b : 69707865;
749c : 3A646572;
749d : 0A732520;
749e : 00000000;
749f : 252E7325;
74a0 : 41203A64;
74a1 : 73756A64;
74a2 : 68705F74;
74a3 : 3A657361;
74a4 : 0A642520;
74a5 : 00000000;
74a6 : 61746144;
74a7 : 20746573;
74a8 : 6E207325;
74a9 : 7120746F;
74aa : 696C6175;
74ab : 64656966;
74ac : 0000000A;
74ad : 00000041;
74ae : 20262041;
74af : 00000042;
74b0 : 656D6974;
74b1 : 00000000;
74b2 : 6C756F43;
74b3 : 6F6E2064;
74b4 : 65672074;
74b5 : 54552074;
74b6 : 73252043;
74b7 : 6F726620;
74b8 : 7973206D;
74b9 : 6D657473;
74ba : 6174202C;
74bb : 676E696B;
74bc : 63657220;
74bd : 65766965;
74be : 6C662064;
74bf : 0A736761;
74c0 : 00000000;
74c1 : 72707041;
74c2 : 6863616F;
74c3 : 20676E69;
74c4 : 6E64696D;
74c5 : 74686769;
74c6 : 6F6E202C;
74c7 : 70752074;
74c8 : 69746164;
74c9 : 6C20676E;
74ca : 20706165;
74cb : 67616C66;
74cc : 00000A73;
74cd : 6C756F43;
74ce : 6F6E2064;
74cf : 65672074;
74d0 : 54552074;
74d1 : 666F2043;
74d2 : 74657366;
74d3 : 6F726620;
74d4 : 7973206D;
74d5 : 6D657473;
74d6 : 0000000A;
74d7 : 72727543;
74d8 : 20746E65;
74d9 : 20435455;
74da : 67616C66;
74db : 6F202C73;
74dc : 65736666;
74dd : 25203A74;
74de : 6C202C69;
74df : 35706165;
74e0 : 25203A39;
74e1 : 6C202C69;
74e2 : 36706165;
74e3 : 25203A31;
74e4 : 00000A69;
74e5 : 67616C66;
74e6 : 00000073;
74e7 : 20435455;
74e8 : 67616C66;
74e9 : 68632073;
74ea : 65676E61;
74eb : 6F202C64;
74ec : 65736666;
74ed : 25203A74;
74ee : 6C202C69;
74ef : 35706165;
74f0 : 25203A39;
74f1 : 6C202C69;
74f2 : 36706165;
74f3 : 25203A31;
74f4 : 00000A69;
74f5 : 6C756F43;
74f6 : 6F6E2064;
74f7 : 65732074;
74f8 : 54552074;
74f9 : 666F2043;
74fa : 74657366;
74fb : 206E6F20;
74fc : 74737973;
74fd : 000A6D65;
74fe : 726F6873;
74ff : 66612074;
7500 : 20726574;
7501 : 6E64696D;
7502 : 74686769;
7503 : 6174202C;
7504 : 676E696B;
7505 : 636F6C20;
7506 : 6F206C61;
7507 : 65736666;
7508 : 00000A74;
7509 : 2077654E;
750a : 20435455;
750b : 7366666F;
750c : 69207465;
750d : 6874206E;
750e : 696D2065;
750f : 656C6464;
7510 : 20666F20;
7511 : 20656874;
7512 : 3A796164;
7513 : 0A692520;
7514 : 00000000;
7515 : 65427245;
7516 : 00207473;
7517 : 64656741;
7518 : 74756F20;
7519 : 66732520;
751a : 6965726F;
751b : 6D206E67;
751c : 65747361;
751d : 69252072;
751e : 0A69252F;
751f : 00000000;
7520 : 6F6E6749;
7521 : 20646572;
7522 : 6D617266;
7523 : 69252065;
7524 : 0000000A;
7525 : 203A7325;
7526 : 276E6163;
7527 : 6E692074;
7528 : 65207469;
7529 : 6E657478;
752a : 6E6F6973;
752b : 0000000A;
752c : 636F6C63;
752d : 6C63206B;
752e : 20737361;
752f : 6425203D;
7530 : 0000000A;
7531 : 636F6C63;
7532 : 6361206B;
7533 : 61727563;
7534 : 3D207963;
7535 : 0A642520;
7536 : 00000000;
7537 : 646E6168;
7538 : 5320656C;
7539 : 616E6769;
753a : 676E696C;
753b : 67736D20;
753c : 6166202C;
753d : 64656C69;
753e : 6F6E202C;
753f : 00002074;
7540 : 726F7325;
7541 : 696E6167;
7542 : 6974617A;
7543 : 65206E6F;
7544 : 6E657478;
7545 : 6E6F6973;
7546 : 564C5420;
7547 : 30203D20;
7548 : 0A782578;
7549 : 00000000;
754a : 45437325;
754b : 73274E52;
754c : 49554F20;
754d : 30203D20;
754e : 0A782578;
754f : 00000000;
7550 : 68577325;
7551 : 20657469;
7552 : 62626152;
7553 : 6D207469;
7554 : 63696761;
7555 : 6D756E20;
7556 : 20726562;
7557 : 7830203D;
7558 : 000A7825;
7559 : 75737325;
755a : 726F7070;
755b : 20646574;
755c : 73726576;
755d : 206E6F69;
755e : 626D756E;
755f : 3D207265;
7560 : 25783020;
7561 : 00000A78;
7562 : 6568746F;
7563 : 646F4E72;
7564 : 6C614365;
7565 : 69726550;
7566 : 3020646F;
7567 : 0A782578;
7568 : 00000000;
7569 : 203A7325;
756a : 65205257;
756b : 6E657478;
756c : 6E6F6973;
756d : 616E6520;
756e : 64656C62;
756f : 00000A2E;
7570 : 203A7325;
7571 : 65205257;
7572 : 6E657478;
7573 : 6E6F6973;
7574 : 73696420;
7575 : 656C6261;
7576 : 000A2E64;
7577 : 203A7325;
7578 : 3D746E73;
7579 : 202C6425;
757a : 3D636573;
757b : 2C646C25;
757c : 65736E20;
757d : 6C253D63;
757e : 00000A64;
757f : 64393025;
7580 : 39302520;
7581 : 30252064;
7582 : 00206433;
7583 : 646E6573;
7584 : 0000203A;
7585 : 63726F66;
7586 : 00000065;
7587 : 20504653;
7588 : 69204244;
7589 : 75662073;
758a : 000A6C6C;
758b : 20433249;
758c : 6F727265;
758d : 00000A72;
758e : 53206425;
758f : 20735046;
7590 : 44206E69;
7591 : 00000A42;
7592 : 20504653;
7593 : 61746164;
7594 : 65736162;
7595 : 706D6520;
7596 : 000A7974;
7597 : 20504653;
7598 : 61746164;
7599 : 65736162;
759a : 72726520;
759b : 2820726F;
759c : 0A296425;
759d : 00000000;
759e : 203A6425;
759f : 003A4E50;
75a0 : 78546420;
75a1 : 3825203A;
75a2 : 52642064;
75a3 : 25203A78;
75a4 : 61206438;
75a5 : 6168706C;
75a6 : 3125203A;
75a7 : 0A644C39;
75a8 : 00000000;
75a9 : 53206F4E;
75aa : 0A2E5046;
75ab : 00000000;
75ac : 20504653;
75ad : 64616572;
75ae : 72726520;
75af : 000A726F;
75b0 : 36312E25;
75b1 : 00000A73;
75b2 : 6C756F43;
75b3 : 6F6E2064;
75b4 : 616D2074;
75b5 : 20686374;
75b6 : 44206F74;
75b7 : 00000A42;
75b8 : 20504653;
75b9 : 6374616D;
75ba : 2C646568;
75bb : 78546420;
75bc : 2064253D;
75bd : 3D785264;
75be : 61206425;
75bf : 6168706C;
75c0 : 644C253D;
75c1 : 0000000A;
75c2 : 76636572;
75c3 : 0000203A;
75c4 : 64393025;
75c5 : 39302520;
75c6 : 30252064;
75c7 : 00006433;
75c8 : 25202020;
75c9 : 252E6439;
75ca : 0A643330;
75cb : 00000000;
75cc : 4F525245;
75cd : 25203A52;
75ce : 46203A73;
75cf : 6F6C6C6F;
75d0 : 70752077;
75d1 : 73656D20;
75d2 : 65676173;
75d3 : 20736920;
75d4 : 20746F6E;
75d5 : 6D6F7266;
75d6 : 72756320;
75d7 : 746E6572;
75d8 : 72617020;
75d9 : 0A746E65;
75da : 00000000;
75db : 4F525245;
75dc : 25203A52;
75dd : 53203A73;
75de : 6576616C;
75df : 73617720;
75e0 : 746F6E20;
75e1 : 69617720;
75e2 : 676E6974;
75e3 : 66206120;
75e4 : 6F6C6C6F;
75e5 : 70752077;
75e6 : 73656D20;
75e7 : 65676173;
75e8 : 0000000A;
75e9 : 4F525245;
75ea : 25203A52;
75eb : 53203A73;
75ec : 65757165;
75ed : 4965636E;
75ee : 64252044;
75ef : 656F6420;
75f0 : 74276E73;
75f1 : 74616D20;
75f2 : 6C206863;
75f3 : 20747361;
75f4 : 636E7953;
75f5 : 73656D20;
75f6 : 65676173;
75f7 : 0A642520;
75f8 : 00000000;
75f9 : 4F525245;
75fa : 25203A52;
75fb : 53203A73;
75fc : 20636E79;
75fd : 7373656D;
75fe : 20656761;
75ff : 6E207369;
7600 : 6620746F;
7601 : 206D6F72;
7602 : 72727563;
7603 : 20746E65;
7604 : 65726170;
7605 : 000A746E;
7606 : 25287325;
7607 : 4D202964;
7608 : 61737365;
7609 : 63206567;
760a : 74276E61;
760b : 20656220;
760c : 746E6573;
760d : 0000000A;
760e : 544E4553;
760f : 32302520;
7610 : 79622064;
7611 : 20736574;
7612 : 25207461;
7613 : 30252E64;
7614 : 252E6439;
7615 : 20643330;
7616 : 29732528;
7617 : 0000000A;
7618 : 20232323;
7619 : 702E3474;
761a : 65736168;
761b : 20736920;
761c : 65726C61;
761d : 20796461;
761e : 72726F63;
761f : 65746365;
7620 : 6F662064;
7621 : 69622072;
7622 : 696C7374;
7623 : 000A6564;
7624 : 203A3174;
7625 : 20202020;
7626 : 20202020;
7627 : 20202020;
7628 : 20202020;
7629 : 20202020;
762a : 203A3474;
762b : 20202020;
762c : 20202020;
762d : 20202020;
762e : 20202020;
762f : 74696220;
7630 : 64696C73;
7631 : 25203A65;
7632 : 00000A64;
7633 : 20202020;
7634 : 65732020;
7635 : 20202E63;
7636 : 20202020;
7637 : 2E736E20;
7638 : 20616870;
7639 : 20202020;
763a : 65732020;
763b : 20202E63;
763c : 20202020;
763d : 2E736E20;
763e : 0A616870;
763f : 00000000;
7640 : 6C756F63;
7641 : 6F6E2064;
7642 : 65732074;
7643 : 7320646E;
7644 : 0A636E79;
7645 : 00000000;
7646 : 6C756F63;
7647 : 6F6E2064;
7648 : 65732074;
7649 : 6120646E;
764a : 756F6E6E;
764b : 0A65636E;
764c : 00000000;
764d : 494C4143;
764e : 54415242;
764f : 52572F45;
7650 : 444F4D5F;
7651 : 4E4F5F45;
7652 : 00000000;
7653 : 203A5257;
7654 : 61766E49;
7655 : 2064696C;
7656 : 4967736D;
7657 : 25782864;
7658 : 29783430;
7659 : 63657220;
765a : 65766965;
765b : 25202E64;
765c : 61772073;
765d : 78652073;
765e : 74636570;
765f : 000A6465;
7660 : 435F5257;
7661 : 42494C41;
7662 : 45544152;
7663 : 00000044;
7664 : 494C4143;
7665 : 54415242;
7666 : 00000045;
7667 : 4C5F5257;
7668 : 454B434F;
7669 : 00000044;
766a : 4B434F4C;
766b : 00004445;
766c : 4D5F5257;
766d : 4B434F4C;
766e : 00000000;
766f : 505F5257;
7670 : 45534552;
7671 : 0000544E;
7672 : 203A3154;
7673 : 73207325;
7674 : 0000000A;
7675 : 203A3254;
7676 : 73207325;
7677 : 0000000A;
7678 : 203A3354;
7679 : 73207325;
767a : 0000000A;
767b : 203A3454;
767c : 73207325;
767d : 0000000A;
767e : 616C6564;
767f : 204D4D79;
7680 : 20202020;
7681 : 20202020;
7682 : 7325203A;
7683 : 000A7320;
7684 : 616C6564;
7685 : 20534D79;
7686 : 20202020;
7687 : 20202020;
7688 : 7325203A;
7689 : 000A7320;
768a : 616C6564;
768b : 79734179;
768c : 2020206D;
768d : 20202020;
768e : 7325203A;
768f : 0A736E20;
7690 : 00000000;
7691 : 616C6564;
7692 : 79734179;
7693 : 656F436D;
7694 : 20206666;
7695 : 7325203A;
7696 : 0A736E20;
7697 : 00000000;
7698 : 6E61656D;
7699 : 616C6544;
769a : 20202079;
769b : 20202020;
769c : 7325203A;
769d : 000A7320;
769e : 7366666F;
769f : 72467465;
76a0 : 614D6D6F;
76a1 : 72657473;
76a2 : 7325203A;
76a3 : 000A7320;
76a4 : 6D697254;
76a5 : 6F6F7420;
76a6 : 6E6F6C2D;
76a7 : 706D2067;
76a8 : 25203A64;
76a9 : 00000A69;
76aa : 65746641;
76ab : 76612072;
76ac : 69252867;
76ad : 6D202C29;
76ae : 446E6165;
76af : 79616C65;
76b0 : 7325203A;
76b1 : 00000A20;
76b2 : 6573624F;
76b3 : 64657672;
76b4 : 69726420;
76b5 : 203A7466;
76b6 : 0A693925;
76b7 : 00000000;
76b8 : 3A207325;
76b9 : 6C654420;
76ba : 52207961;
76bb : 20707365;
76bc : 73656F64;
76bd : 2074276E;
76be : 6374616D;
76bf : 65442068;
76c0 : 2079616C;
76c1 : 20716552;
76c2 : 25206628;
76c3 : 000A2978;
76c4 : 61772820;
76c5 : 66207469;
76c6 : 6820726F;
76c7 : 00002977;
76c8 : 4F525245;
76c9 : 25203A52;
76ca : 203A2073;
76cb : 76726553;
76cc : 6F6E206F;
76cd : 6E692074;
76ce : 61697469;
76cf : 657A696C;
76d0 : 21212064;
76d1 : 000A2121;
76d2 : 4F525245;
76d3 : 25203A52;
76d4 : 50203A73;
76d5 : 65204C4C;
76d6 : 726F7272;
76d7 : 74656420;
76d8 : 65746365;
76d9 : 45282064;
76da : 253D7272;
76db : 202E2964;
76dc : 63726F46;
76dd : 65722065;
76de : 72617473;
76df : 000A2E74;
76e0 : 76726573;
76e1 : 75623A6F;
76e2 : 000A7973;
76e3 : 7366666F;
76e4 : 534D7465;
76e5 : 6C25203A;
76e6 : 65732069;
76e7 : 2E2E2063;
76e8 : 00000A2E;
76e9 : 4F525245;
76ea : 25203A52;
76eb : 203A2073;
76ec : 61766E49;
76ed : 2064696C;
76ee : 636F6C63;
76ef : 6570206B;
76f0 : 646F6972;
76f1 : 0A642520;
76f2 : 00000000;
76f3 : 7366666F;
76f4 : 534D7465;
76f5 : 6C25203A;
76f6 : 65732069;
76f7 : 30252063;
76f8 : 20696C39;
76f9 : 6B636974;
76fa : 25282073;
76fb : 7020696C;
76fc : 000A2973;
76fd : 5F687277;
76fe : 76726573;
76ff : 7473206F;
7700 : 3A657461;
7701 : 25732520;
7702 : 00000A73;
7703 : 73646C6F;
7704 : 20707465;
7705 : 202C6925;
7706 : 7366666F;
7707 : 25207465;
7708 : 30253A69;
7709 : 000A6934;
770a : 756A6461;
770b : 70207473;
770c : 65736168;
770d : 0A692520;
770e : 00000000;
770f : 494C4143;
7710 : 54415242;
7711 : 00004445;
7712 : 435F5257;
7713 : 42494C41;
7714 : 00514552;
7715 : 746C6564;
7716 : 00785461;
7717 : 203A7325;
7718 : 3D62736D;
7719 : 78257830;
771a : 62736C20;
771b : 2578303D;
771c : 00000A78;
771d : 746C6564;
771e : 00785261;
771f : 78323025;
7720 : 0000003A;
7721 : 2D43414D;
7722 : 72646461;
7723 : 3A737365;
7724 : 0A732520;
7725 : 00000000;
7726 : 00206465;
7727 : 006B634C;
7728 : 20202020;
7729 : 20202020;
772a : 00002020;
772b : 69617728;
772c : 6F662074;
772d : 77682072;
772e : 00000029;
772f : 57207325;
7730 : 20435052;
7731 : 696E6F4D;
7732 : 20726F74;
7733 : 00007325;
7734 : 45207C20;
7735 : 712F6373;
7736 : 65203D20;
7737 : 3B746978;
7738 : 3D207220;
7739 : 64657220;
773a : 0A776172;
773b : 0000000A;
773c : 20494154;
773d : 656D6954;
773e : 3232253A;
773f : 43545573;
7740 : 66666F20;
7741 : 3A746573;
7742 : 20733425;
7743 : 4C4C5020;
7744 : 646F6D20;
7745 : 34253A65;
7746 : 74732073;
7747 : 3A657461;
7748 : 0000000A;
7749 : 2B2D2D2D;
774a : 2D2D2D2D;
774b : 2D2D2D2D;
774c : 2D2D2D2D;
774d : 2D2D2D2D;
774e : 2B2D2D2D;
774f : 2D2D2D2D;
7750 : 2D2D2D2D;
7751 : 2D2D2D2D;
7752 : 2D2D2D2D;
7753 : 2D2D2D2D;
7754 : 2D2D2D2D;
7755 : 2D2D2B2D;
7756 : 2D2D2D2D;
7757 : 2B2D2D2D;
7758 : 2D2D2D2D;
7759 : 2D2D2D2D;
775a : 2D2D2B2D;
775b : 0A2D2D2D;
775c : 00000000;
775d : 7C202320;
775e : 20202020;
775f : 20202020;
7760 : 2043414D;
7761 : 20202020;
7762 : 7C202020;
7763 : 20202020;
7764 : 49202020;
7765 : 73282050;
7766 : 6372756F;
7767 : 20202965;
7768 : 20202020;
7769 : 20207C20;
776a : 58522020;
776b : 7C202020;
776c : 20202020;
776d : 20205854;
776e : 56207C20;
776f : 0A4E414C;
7770 : 00000000;
7771 : 2D2D2D0A;
7772 : 4C414820;
7773 : 2D2D2D20;
7774 : 2D2D2D7C;
7775 : 2D2D2D2D;
7776 : 2D2D2D2D;
7777 : 50202D2D;
7778 : 20495350;
7779 : 2D2D2D2D;
777a : 2D2D2D2D;
777b : 2D2D2D2D;
777c : 2D2D2D2D;
777d : 2D2D2D2D;
777e : 2D2D2D2D;
777f : 2D2D2D2D;
7780 : 2D2D2D2D;
7781 : 2D2D2D2D;
7782 : 2D2D2D2D;
7783 : 2D2D2D2D;
7784 : 2D2D2D2D;
7785 : 0000000A;
7786 : 66744920;
7787 : 46207C20;
7788 : 7C207172;
7789 : 6F432020;
778a : 6769666E;
778b : 7C202020;
778c : 43414D20;
778d : 20666F20;
778e : 72656570;
778f : 726F7020;
7790 : 7C202074;
7791 : 20202020;
7792 : 2F505450;
7793 : 2F545845;
7794 : 54454450;
7795 : 20544345;
7796 : 74617453;
7797 : 20207365;
7798 : 50207C20;
7799 : 0A206F72;
779a : 00000000;
779b : 2D2D2D2D;
779c : 2D2D2B2D;
779d : 2B2D2D2D;
779e : 2D2D2D2D;
779f : 2D2D2D2D;
77a0 : 2B2D2D2D;
77a1 : 2D2D2D2D;
77a2 : 2D2D2D2D;
77a3 : 2D2D2D2D;
77a4 : 2D2D2D2D;
77a5 : 2B2D2D2D;
77a6 : 2D2D2D2D;
77a7 : 2D2D2D2D;
77a8 : 2D2D2D2D;
77a9 : 2D2D2D2D;
77aa : 2D2D2D2D;
77ab : 2D2D2D2D;
77ac : 2D2D2D2D;
77ad : 2D2D2B2D;
77ae : 0A2D2D2D;
77af : 00000000;
77b0 : 286F7250;
77b1 : 6F636F74;
77b2 : 203A296C;
77b3 : 61522D52;
77b4 : 68744577;
77b5 : 2D56202C;
77b6 : 4E414C56;
77b7 : 2D55202C;
77b8 : 0A504455;
77b9 : 00000000;
77ba : 2D2D2D0A;
77bb : 2D2D2D2D;
77bc : 2D2D2D2D;
77bd : 2D2D2D2D;
77be : 2D2D2D2D;
77bf : 2D2D2D2D;
77c0 : 2D2D2D2D;
77c1 : 6E795320;
77c2 : 6F726863;
77c3 : 617A696E;
77c4 : 6E6F6974;
77c5 : 61747320;
77c6 : 20737574;
77c7 : 2D2D2D2D;
77c8 : 2D2D2D2D;
77c9 : 2D2D2D2D;
77ca : 2D2D2D2D;
77cb : 2D2D2D2D;
77cc : 2D2D2D2D;
77cd : 2D2D2D2D;
77ce : 00000000;
77cf : 20727265;
77d0 : 74617473;
77d1 : 00003A65;
77d2 : 20727265;
77d3 : 7366666F;
77d4 : 003A7465;
77d5 : 20727265;
77d6 : 746C6564;
77d7 : 00003A61;
77d8 : 76726553;
77d9 : 7473206F;
77da : 3A657461;
77db : 0000000A;
77dc : 2D2D2D0A;
77dd : 6D695420;
77de : 20676E69;
77df : 61726170;
77e0 : 6574656D;
77e1 : 2D207372;
77e2 : 2D2D2D2D;
77e3 : 2D2D2D2D;
77e4 : 2D2D2D2D;
77e5 : 2D2D2D2D;
77e6 : 2D2D2D2D;
77e7 : 2D2D2D2D;
77e8 : 2D2D2D2D;
77e9 : 2D2D2D2D;
77ea : 2D2D2D2D;
77eb : 2D2D2D2D;
77ec : 2D2D2D2D;
77ed : 2D2D2D2D;
77ee : 2D2D2D2D;
77ef : 2D2D2D2D;
77f0 : 0000000A;
77f1 : 6E61656D;
77f2 : 616C6544;
77f3 : 20202079;
77f4 : 20202020;
77f5 : 000A3A20;
77f6 : 616C6564;
77f7 : 20534D79;
77f8 : 20202020;
77f9 : 20202020;
77fa : 000A3A20;
77fb : 616C6564;
77fc : 204D4D79;
77fd : 20202020;
77fe : 20202020;
77ff : 000A3A20;
7800 : 616C6564;
7801 : 79734179;
7802 : 74656D6D;
7803 : 20207972;
7804 : 000A3A20;
7805 : 616C6564;
7806 : 656F4379;
7807 : 63696666;
7808 : 746E6569;
7809 : 00003A20;
780a : 0A617066;
780b : 00000000;
780c : 72676E69;
780d : 4C737365;
780e : 6E657461;
780f : 20207963;
7810 : 000A3A20;
7811 : 65726765;
7812 : 614C7373;
7813 : 636E6574;
7814 : 20202079;
7815 : 000A3A20;
7816 : 696D6573;
7817 : 74617473;
7818 : 614C6369;
7819 : 636E6574;
781a : 000A3A79;
781b : 7366666F;
781c : 72467465;
781d : 614D6D6F;
781e : 72657473;
781f : 000A3A20;
7820 : 73616850;
7821 : 65732065;
7822 : 696F7074;
7823 : 2020746E;
7824 : 000A3A20;
7825 : 77656B53;
7826 : 20202020;
7827 : 20202020;
7828 : 20202020;
7829 : 000A3A20;
782a : 61647055;
782b : 63206574;
782c : 746E756F;
782d : 20207265;
782e : 000A3A20;
782f : 7473614D;
7830 : 50207265;
7831 : 64205948;
7832 : 79616C65;
7833 : 58542073;
7834 : 00000A3A;
7835 : 76616C53;
7836 : 50202065;
7837 : 64205948;
7838 : 79616C65;
7839 : 58542073;
783a : 00000A3A;
783b : 004A5B1B;
783c : 6B636F4C;
783d : 00007325;
783e : 00752520;
783f : 0075252A;
7840 : 544F4F42;
7841 : 75722050;
7842 : 6E696E6E;
7843 : 20202067;
7844 : 20202020;
7845 : 00202020;
7846 : 73363125;
7847 : 4F4F4228;
7848 : 00295054;
7849 : 73353125;
784a : 61747328;
784b : 29636974;
784c : 00000000;
784d : 20202020;
784e : 20202020;
784f : 20202020;
7850 : 20202020;
7851 : 20202020;
7852 : 00202020;
7853 : 00643725;
7854 : 00643425;
7855 : 00732520;
7856 : 0073252A;
7857 : 6F747561;
7858 : 00000000;
7859 : 30312D25;
785a : 00000073;
785b : 002F7325;
785c : 252F7325;
785d : 00000073;
785e : 0063252D;
785f : 6B6E694C;
7860 : 776F6420;
7861 : 6D202C6E;
7862 : 65747361;
7863 : 6F6D2072;
7864 : 6F206564;
7865 : 79732072;
7866 : 6920636E;
7867 : 206F666E;
7868 : 20746F6E;
7869 : 696C6176;
786a : 00000064;
786b : 203A7325;
786c : 30322D25;
786d : 2D252073;
786e : 0A733531;
786f : 00000000;
7870 : 63617254;
7871 : 676E696B;
7872 : 726F6620;
7873 : 6C626963;
7874 : 69642079;
7875 : 6C626173;
7876 : 000A6465;
7877 : 73303225;
7878 : 00736E20;
7879 : 73343225;
787a : 00000000;
787b : 00754C25;
787c : 75363125;
787d : 6D697420;
787e : 00007365;
787f : 73323225;
7880 : 00000000;
7881 : 58522020;
7882 : 0000003A;
7883 : 73323225;
7884 : 004B5B1B;
7885 : 75410A0A;
7886 : 6C632078;
7887 : 206B636F;
7888 : 73206425;
7889 : 75746174;
788a : 20203A73;
788b : 20202020;
788c : 00002020;
788d : 62616E65;
788e : 0064656C;
788f : 696E6F6D;
7890 : 00726F74;
7891 : 6F6C202C;
7892 : 64656B63;
7893 : 00000000;
7894 : 6572202C;
7895 : 00796461;
7896 : 55412820;
7897 : 6F742D58;
7898 : 2052572D;
7899 : 7366666F;
789a : 203A7465;
789b : 70206425;
789c : 00002973;
789d : 0A6D5B1B;
789e : 00000000;
789f : 20752520;
78a0 : 00000000;
78a1 : 70657453;
78a2 : 6D655273;
78a3 : 6465766F;
78a4 : 203A4120;
78a5 : 202C6925;
78a6 : 70657453;
78a7 : 6D655273;
78a8 : 6465766F;
78a9 : 203A4220;
78aa : 000A6925;
78ab : 253A7325;
78ac : 45203A69;
78ad : 726F7272;
78ae : 000A3120;
78af : 00007854;
78b0 : 64497325;
78b1 : 203A4120;
78b2 : 252E7325;
78b3 : 2C783430;
78b4 : 4973250A;
78b5 : 3A422064;
78b6 : 2E732520;
78b7 : 78343025;
78b8 : 0000000A;
78b9 : 00007852;
78ba : 6F697250;
78bb : 79746972;
78bc : 00000031;
78bd : 41207325;
78be : 6925203A;
78bf : 7325202C;
78c0 : 203A4220;
78c1 : 000A6925;
78c2 : 636F6C43;
78c3 : 616C436B;
78c4 : 00007373;
78c5 : 636F6C43;
78c6 : 6363416B;
78c7 : 63617275;
78c8 : 00000079;
78c9 : 69726156;
78ca : 65636E61;
78cb : 00000000;
78cc : 6F697250;
78cd : 79746972;
78ce : 00000032;
78cf : 64496D47;
78d0 : 203A4120;
78d1 : 000A7325;
78d2 : 64496D47;
78d3 : 203A4220;
78d4 : 000A7325;
78d5 : 74726F70;
78d6 : 41206449;
78d7 : 7325203A;
78d8 : 0000000A;
78d9 : 74726F70;
78da : 42206449;
78db : 7325203A;
78dc : 0000000A;
78dd : 65726F46;
78de : 206E6769;
78df : 7473614D;
78e0 : 50207265;
78e1 : 2074726F;
78e2 : 00006449;
78e3 : 6F6E6E41;
78e4 : 65636E75;
78e5 : 61726620;
78e6 : 6620656D;
78e7 : 206D6F72;
78e8 : 000A7325;
78e9 : 65622061;
78ea : 72657474;
78eb : 726F7020;
78ec : 6E6F2074;
78ed : 69687420;
78ee : 6C632073;
78ef : 006B636F;
78f0 : 6F772061;
78f1 : 20657372;
78f2 : 74726F70;
78f3 : 206E6F20;
78f4 : 73696874;
78f5 : 6F6C6320;
78f6 : 00006B63;
78f7 : 73696874;
78f8 : 726F7020;
78f9 : 00000074;
78fa : 6F6E6E41;
78fb : 65636E75;
78fc : 61726620;
78fd : 7320656D;
78fe : 73706574;
78ff : 6D657220;
7900 : 6465766F;
7901 : 72616C20;
7902 : 20726567;
7903 : 6520726F;
7904 : 6C617571;
7905 : 35353220;
7906 : 6925203A;
7907 : 0000000A;
7908 : 65726F46;
7909 : 206E6769;
790a : 7473614D;
790b : 25207265;
790c : 70752069;
790d : 65746164;
790e : 00000A64;
790f : 253A7325;
7910 : 4E203A69;
7911 : 66207765;
7912 : 6965726F;
7913 : 6D206E67;
7914 : 65747361;
7915 : 6F772072;
7916 : 20657372;
7917 : 6E616874;
7918 : 726F7720;
7919 : 69207473;
791a : 6874206E;
791b : 75662065;
791c : 74206C6C;
791d : 656C6261;
791e : 6B73202C;
791f : 69707069;
7920 : 000A676E;
7921 : 2077654E;
7922 : 65726F66;
7923 : 206E6769;
7924 : 7473614D;
7925 : 25207265;
7926 : 64612069;
7927 : 0A646564;
7928 : 00000000;
7929 : 4F525245;
792a : 25203A52;
792b : 41203A73;
792c : 756F6E6E;
792d : 2065636E;
792e : 7373656D;
792f : 20656761;
7930 : 6E207369;
7931 : 6620746F;
7932 : 206D6F72;
7933 : 72727563;
7934 : 20746E65;
7935 : 65726170;
7936 : 000A746E;
7937 : 4F464E49;
7938 : 654E203A;
7939 : 72672077;
793a : 6D646E61;
793b : 65747361;
793c : 65642072;
793d : 74636574;
793e : 203A6465;
793f : 000A7325;
7940 : 65746E45;
7941 : 20646572;
7942 : 75206F74;
7943 : 6C61636E;
7944 : 61726269;
7945 : 2C646574;
7946 : 73657220;
7947 : 73207465;
7948 : 6F767265;
7949 : 0000000A;
794a : 6C756F63;
794b : 6F6E2064;
794c : 65732074;
794d : 7220646E;
794e : 65757165;
794f : 000A7473;
7950 : 692D7277;
7951 : 00656C64;
7952 : 702D7277;
7953 : 65736572;
7954 : 0000746E;
7955 : 732D7277;
7956 : 636F6C2D;
7957 : 0000006B;
7958 : 6D2D7277;
7959 : 636F6C2D;
795a : 0000006B;
795b : 6C2D7277;
795c : 656B636F;
795d : 00000064;
795e : 632D7277;
795f : 62696C61;
7960 : 69746172;
7961 : 00006E6F;
7962 : 632D7277;
7963 : 62696C61;
7964 : 65746172;
7965 : 00000064;
7966 : 722D7277;
7967 : 2D707365;
7968 : 696C6163;
7969 : 65722D62;
796a : 00000071;
796b : 6C2D7277;
796c : 2D6B6E69;
796d : 00006E6F;
796e : 6E696E55;
796f : 61697469;
7970 : 657A696C;
7971 : 00000064;
7972 : 434E5953;
7973 : 4941545F;
7974 : 00000000;
7975 : 434E5953;
7976 : 45534E5F;
7977 : 00000043;
7978 : 434E5953;
7979 : 4148505F;
797a : 00004553;
797b : 43415254;
797c : 48505F4B;
797d : 00455341;
797e : 54494157;
797f : 46464F5F;
7980 : 5F544553;
7981 : 42415453;
7982 : 0000454C;
7983 : 00004D47;
7984 : 00005246;
7985 : 00004342;
7986 : 00002D2D;
7987 : 454E4F4E;
7988 : 00202020;
7989 : 4D5F4157;
798a : 00204753;
798b : 495F4450;
798c : 00475250;
798d : 5F545845;
798e : 00204E4F;
798f : 5F545845;
7990 : 0046464F;
7991 : 454C4449;
7992 : 20202020;
7993 : 00002020;
7994 : 535F5257;
7995 : 434F4C5F;
7996 : 0000204B;
7997 : 4D5F5257;
7998 : 434F4C5F;
7999 : 0000204B;
799a : 4C5F5257;
799b : 454B434F;
799c : 00002044;
799d : 435F5257;
799e : 492D4C41;
799f : 00004E4F;
79a0 : 435F5257;
79a1 : 452D4C41;
79a2 : 00002044;
79a3 : 525F5257;
79a4 : 435F5053;
79a5 : 00004C41;
79a6 : 4C5F5257;
79a7 : 5F4B4E49;
79a8 : 00004E4F;
79a9 : 20544F45;
79aa : 20202020;
79ab : 00000020;
79ac : 54494E49;
79ad : 20474E49;
79ae : 00000020;
79af : 4C554146;
79b0 : 20205954;
79b1 : 00000020;
79b2 : 41534944;
79b3 : 44454C42;
79b4 : 00000020;
79b5 : 5453494C;
79b6 : 4E494E45;
79b7 : 00000047;
79b8 : 4D455250;
79b9 : 45545341;
79ba : 00000052;
79bb : 5453414D;
79bc : 20205245;
79bd : 00000020;
79be : 53534150;
79bf : 20455649;
79c0 : 00000020;
79c1 : 41434E55;
79c2 : 5242494C;
79c3 : 00000020;
79c4 : 56414C53;
79c5 : 20202045;
79c6 : 00000020;
79c7 : 00505450;
79c8 : 74696857;
79c9 : 61522D65;
79ca : 74696262;
79cb : 00000000;
79cc : 72617473;
79cd : 00000074;
79ce : 706F7473;
79cf : 00000000;
79d0 : 00653265;
79d1 : 616C6564;
79d2 : 00000079;
79d3 : 00006D67;
79d4 : 00703270;
79d5 : 706F7473;
79d6 : 00646570;
79d7 : 6E6E7572;
79d8 : 00676E69;
79d9 : 70746567;
79da : 00000000;
79db : 70746573;
79dc : 00000000;
79dd : 73617265;
79de : 00000065;
79df : 00646461;
79e0 : 776F6873;
79e1 : 00000000;
79e2 : 6374616D;
79e3 : 00000068;
79e4 : 00616E65;
79e5 : 72617473;
79e6 : 78652D74;
79e7 : 00000074;
79e8 : 74696177;
79e9 : 7478652D;
79ea : 00000000;
79eb : 72617473;
79ec : 65682D74;
79ed : 7265706C;
79ee : 00000000;
79ef : 74696177;
79f0 : 6C65682D;
79f1 : 00726570;
79f2 : 72617473;
79f3 : 616D2D74;
79f4 : 00006E69;
79f5 : 74696177;
79f6 : 69616D2D;
79f7 : 0000006E;
79f8 : 64616572;
79f9 : 00000079;
79fa : 61656C63;
79fb : 61642D72;
79fc : 00007363;
79fd : 74696177;
79fe : 656C632D;
79ff : 642D7261;
7a00 : 00736361;
7a01 : 74696E69;
7a02 : 00000000;
7a03 : 00006C63;
7a04 : 74617473;
7a05 : 00000000;
7a06 : 00737073;
7a07 : 00737067;
7a08 : 63616473;
7a09 : 00000000;
7a0a : 63616467;
7a0b : 00000000;
7a0c : 6E696167;
7a0d : 00000000;
7a0e : 64616F6C;
7a0f : 00000000;
7a10 : 73746573;
7a11 : 00006365;
7a12 : 6E746573;
7a13 : 00636573;
7a14 : 00776172;
7a15 : 6D726F66;
7a16 : 00007461;
7a17 : 00007366;
7a18 : 00657366;
7a19 : 0000736C;
7a1a : 72666E75;
7a1b : 657A6565;
7a1c : 00000000;
7a1d : 662D7370;
7a1e : 7A656572;
7a1f : 00000065;
7a20 : 2D6F6376;
7a21 : 65657266;
7a22 : 0000657A;
7a23 : 6E616863;
7a24 : 006C656E;
7a25 : 746F6F62;
7a26 : 00000000;
7a27 : 73257325;
7a28 : 78323025;
7a29 : 3230252D;
7a2a : 30252D78;
7a2b : 252D7832;
7a2c : 2D783230;
7a2d : 78323025;
7a2e : 3230252D;
7a2f : 30252D78;
7a30 : 252D7832;
7a31 : 2D783230;
7a32 : 78323025;
7a33 : 3230252D;
7a34 : 00000A78;
7a35 : 73257325;
7a36 : 28207325;
7a37 : 657A6973;
7a38 : 29692520;
7a39 : 0000000A;
7a3a : 73257325;
7a3b : 00000000;
7a3c : 78323025;
7a3d : 00000000;
7a3e : 73257325;
7a3f : 2E756C25;
7a40 : 69393025;
7a41 : 0000000A;
7a42 : 6B636F4C;
7a43 : 20676E69;
7a44 : 004C4C50;
7a45 : 636F4C0A;
7a46 : 6974206B;
7a47 : 756F656D;
7a48 : 00002E74;
7a49 : 0000002E;
7a4a : 23637277;
7a4b : 00000020;
7a4c : 25315B1B;
7a4d : 00000063;
7a4e : 766E6920;
7a4f : 64696C61;
7a50 : 00000000;
7a51 : 5F4E4E41;
7a52 : 49465553;
7a53 : 00000058;
7a54 : 65757254;
7a55 : 00000000;
7a56 : 736C6146;
7a57 : 00000065;
7a58 : 5F4E4F4E;
7a59 : 00005257;
7a5a : 49547325;
7a5b : 203A454D;
7a5c : 696C2528;
7a5d : 30202D20;
7a5e : 786C2578;
7a5f : 6C252029;
7a60 : 30252E69;
7a61 : 25696C36;
7a62 : 00000A73;
7a63 : 72747325;
7a64 : 61636E75;
7a65 : 20646574;
7a66 : 6E656C28;
7a67 : 25203D20;
7a68 : 000A2969;
7a69 : 45567325;
7a6a : 4F495352;
7a6b : 75203A4E;
7a6c : 7075736E;
7a6d : 74726F70;
7a6e : 28206465;
7a6f : 0A296925;
7a70 : 00000000;
7a71 : 45567325;
7a72 : 4F495352;
7a73 : 25203A4E;
7a74 : 74282069;
7a75 : 20657079;
7a76 : 202C6925;
7a77 : 206E656C;
7a78 : 202C6925;
7a79 : 616D6F64;
7a7a : 25206E69;
7a7b : 000A2969;
7a7c : 4C467325;
7a7d : 3A534741;
7a7e : 25783020;
7a7f : 25783230;
7a80 : 20783230;
7a81 : 726F6328;
7a82 : 74636572;
7a83 : 206E6F69;
7a84 : 30257830;
7a85 : 253A7838;
7a86 : 20783830;
7a87 : 75383025;
7a88 : 00000A29;
7a89 : 54524F50;
7a8a : 0000203A;
7a8b : 45527325;
7a8c : 203A5453;
7a8d : 20716573;
7a8e : 202C6925;
7a8f : 6C727463;
7a90 : 2C692520;
7a91 : 676F6C20;
7a92 : 746E692D;
7a93 : 61767265;
7a94 : 6925206C;
7a95 : 0000000A;
7a96 : 454D7325;
7a97 : 47415353;
7a98 : 28203A45;
7a99 : 53202945;
7a9a : 0A434E59;
7a9b : 00000000;
7a9c : 2D47534D;
7a9d : 434E5953;
7a9e : 0000203A;
7a9f : 454D7325;
7aa0 : 47415353;
7aa1 : 28203A45;
7aa2 : 44202945;
7aa3 : 59414C45;
7aa4 : 5145525F;
7aa5 : 0000000A;
7aa6 : 2D47534D;
7aa7 : 414C4544;
7aa8 : 45525F59;
7aa9 : 00203A51;
7aaa : 454D7325;
7aab : 47415353;
7aac : 28203A45;
7aad : 46202947;
7aae : 4F4C4C4F;
7aaf : 50555F57;
7ab0 : 0000000A;
7ab1 : 2D47534D;
7ab2 : 4C4C4F46;
7ab3 : 555F574F;
7ab4 : 00203A50;
7ab5 : 454D7325;
7ab6 : 47415353;
7ab7 : 28203A45;
7ab8 : 44202947;
7ab9 : 59414C45;
7aba : 5345525F;
7abb : 00000A50;
7abc : 2D47534D;
7abd : 414C4544;
7abe : 45525F59;
7abf : 203A5053;
7ac0 : 00000000;
7ac1 : 454D7325;
7ac2 : 47415353;
7ac3 : 28203A45;
7ac4 : 41202947;
7ac5 : 554F4E4E;
7ac6 : 0A45434E;
7ac7 : 00000000;
7ac8 : 2D47534D;
7ac9 : 4F4E4E41;
7aca : 45434E55;
7acb : 7473203A;
7acc : 20706D61;
7acd : 00000000;
7ace : 2D47534D;
7acf : 4F4E4E41;
7ad0 : 45434E55;
7ad1 : 7267203A;
7ad2 : 6D646E61;
7ad3 : 65747361;
7ad4 : 75712D72;
7ad5 : 74696C61;
7ad6 : 00002079;
7ad7 : 73257325;
7ad8 : 78323025;
7ad9 : 3230252D;
7ada : 30252D78;
7adb : 000A7834;
7adc : 534D7325;
7add : 4E412D47;
7ade : 4E554F4E;
7adf : 203A4543;
7ae0 : 6E617267;
7ae1 : 73616D64;
7ae2 : 2D726574;
7ae3 : 6F697270;
7ae4 : 20692520;
7ae5 : 000A6925;
7ae6 : 2D47534D;
7ae7 : 4F4E4E41;
7ae8 : 45434E55;
7ae9 : 7267203A;
7aea : 6D646E61;
7aeb : 65747361;
7aec : 64692D72;
7aed : 00000020;
7aee : 73257325;
7aef : 78323025;
7af0 : 3230252D;
7af1 : 30252D78;
7af2 : 252D7832;
7af3 : 2D783230;
7af4 : 78323025;
7af5 : 3230252D;
7af6 : 30252D78;
7af7 : 252D7832;
7af8 : 0A783230;
7af9 : 00000000;
7afa : 454D7325;
7afb : 47415353;
7afc : 28203A45;
7afd : 53202947;
7afe : 414E4749;
7aff : 474E494C;
7b00 : 0000000A;
7b01 : 2D47534D;
7b02 : 4E474953;
7b03 : 4E494C41;
7b04 : 74203A47;
7b05 : 65677261;
7b06 : 6F702D74;
7b07 : 00207472;
7b08 : 4C547325;
7b09 : 74203A56;
7b0a : 73206F6F;
7b0b : 74726F68;
7b0c : 726F6620;
7b0d : 61656820;
7b0e : 20726564;
7b0f : 746F7428;
7b10 : 25206C61;
7b11 : 000A2969;
7b12 : 4C547325;
7b13 : 74203A56;
7b14 : 20657079;
7b15 : 78343025;
7b16 : 6E656C20;
7b17 : 20692520;
7b18 : 00000000;
7b19 : 206F6F74;
7b1a : 726F6873;
7b1b : 65282074;
7b1c : 63657078;
7b1d : 20646574;
7b1e : 202C6925;
7b1f : 61746F74;
7b20 : 6925206C;
7b21 : 00000A29;
7b22 : 732D316C;
7b23 : 20636E79;
7b24 : 666E6F63;
7b25 : 32302520;
7b26 : 63612078;
7b27 : 30252074;
7b28 : 000A7832;
7b29 : 2D766C74;
7b2a : 746E6F63;
7b2b : 00746E65;
7b2c : 3A564C54;
7b2d : 00000020;
7b2e : 2069756F;
7b2f : 78323025;
7b30 : 3230253A;
7b31 : 30253A78;
7b32 : 73207832;
7b33 : 25206275;
7b34 : 3A783230;
7b35 : 78323025;
7b36 : 3230253A;
7b37 : 00000A78;
7b38 : 0001ADDE;
7b39 : 4C547325;
7b3a : 6D203A56;
7b3b : 61737365;
7b3c : 64496567;
7b3d : 28732520;
7b3e : 78257830;
7b3f : 00000A29;
7b40 : 4C547325;
7b41 : 74203A56;
7b42 : 73206F6F;
7b43 : 74726F68;
7b44 : 78652820;
7b45 : 74636570;
7b46 : 38206465;
7b47 : 6F74202C;
7b48 : 206C6174;
7b49 : 0A296925;
7b4a : 00000000;
7b4b : 4C547325;
7b4c : 63203A56;
7b4d : 65536C61;
7b4e : 6150646E;
7b4f : 72657474;
7b50 : 7325206E;
7b51 : 6163202C;
7b52 : 7465526C;
7b53 : 25207972;
7b54 : 63202C75;
7b55 : 65506C61;
7b56 : 646F6972;
7b57 : 0A642520;
7b58 : 00000000;
7b59 : 4C547325;
7b5a : 74203A56;
7b5b : 73206F6F;
7b5c : 74726F68;
7b5d : 78652820;
7b5e : 74636570;
7b5f : 31206465;
7b60 : 74202C38;
7b61 : 6C61746F;
7b62 : 29692520;
7b63 : 0000000A;
7b64 : 4C547325;
7b65 : 77203A56;
7b66 : 616C4672;
7b67 : 203A7367;
7b68 : 6F437277;
7b69 : 6769666E;
7b6a : 2C732520;
7b6b : 6C616320;
7b6c : 61726269;
7b6d : 20646574;
7b6e : 202C7325;
7b6f : 6F4D7277;
7b70 : 6E4F6564;
7b71 : 0A732520;
7b72 : 00000000;
7b73 : 61746164;
7b74 : 00000000;
7b75 : 6C796170;
7b76 : 0064616F;
7b77 : 504D5544;
7b78 : 0000203A;
7b79 : 4B4E494C;
7b7a : 574F445F;
7b7b : 0000004E;
7b7c : 69737070;
7b7d : 00000000;
7b7e : 67616964;
7b7f : 2D73252D;
7b80 : 252D6925;
7b81 : 00203A73;
7b82 : 6B636F6C;
7b83 : 00006465;
7b84 : 6C756F43;
7b85 : 6F6E2064;
7b86 : 65672074;
7b87 : 4D472074;
7b88 : 636F6C20;
7b89 : 676E696B;
7b8a : 61747320;
7b8b : 202C6574;
7b8c : 696B6174;
7b8d : 6F20676E;
7b8e : 6320646C;
7b8f : 6B636F6C;
7b90 : 616C6320;
7b91 : 203A7373;
7b92 : 000A6925;
7b93 : 696D6954;
7b94 : 6D20676E;
7b95 : 2065646F;
7b96 : 6E616863;
7b97 : 20646567;
7b98 : 7325203A;
7b99 : 6C63202C;
7b9a : 206B636F;
7b9b : 73616C63;
7b9c : 25203A73;
7b9d : 63202C64;
7b9e : 6B636F6C;
7b9f : 63636120;
7ba0 : 63617275;
7ba1 : 25203A79;
7ba2 : 63202C64;
7ba3 : 6B636F6C;
7ba4 : 72617620;
7ba5 : 636E6169;
7ba6 : 30203A65;
7ba7 : 34302578;
7ba8 : 74202C78;
7ba9 : 53656D69;
7baa : 6372756F;
7bab : 30203A65;
7bac : 32302578;
7bad : 70202C78;
7bae : 69547074;
7baf : 6353656D;
7bb0 : 3A656C61;
7bb1 : 2C642520;
7bb2 : 65726620;
7bb3 : 6E657571;
7bb4 : 72547963;
7bb5 : 61656361;
7bb6 : 3A656C62;
7bb7 : 2C642520;
7bb8 : 6D697420;
7bb9 : 61725465;
7bba : 62616563;
7bbb : 203A656C;
7bbc : 000A6425;
7bbd : 5F636D62;
7bbe : 5F656761;
7bbf : 6E677266;
7bc0 : 73616D5F;
7bc1 : 73726574;
7bc2 : 0000000A;
7bc3 : 74736542;
7bc4 : 726F6620;
7bc5 : 6E676965;
7bc6 : 73616D20;
7bc7 : 20726574;
7bc8 : 61207369;
7bc9 : 6E692074;
7bca : 20786564;
7bcb : 252F6925;
7bcc : 00000A69;
7bcd : 72756F53;
7bce : 6F506563;
7bcf : 64497472;
7bd0 : 00000000;
7bd1 : 45206F4E;
7bd2 : 74736562;
7bd3 : 0000000A;
7bd4 : 74736542;
7bd5 : 726F6620;
7bd6 : 6E676965;
7bd7 : 73616D20;
7bd8 : 20726574;
7bd9 : 61207369;
7bda : 6F702074;
7bdb : 25207472;
7bdc : 00000A69;
7bdd : 6F502041;
7bde : 69207472;
7bdf : 6E692073;
7be0 : 696E6920;
7be1 : 6C616974;
7be2 : 6E697A69;
7be3 : 00000A67;
7be4 : 656D6974;
7be5 : 2074756F;
7be6 : 69707865;
7be7 : 3A646572;
7be8 : 20732520;
7be9 : 6C25202D;
7bea : 00000A75;
7beb : 656D6974;
7bec : 2074756F;
7bed : 65736572;
7bee : 3A646574;
7bef : 20732520;
7bf0 : 6925202D;
7bf1 : 25202F20;
7bf2 : 000A756C;
7bf3 : 656D6974;
7bf4 : 2074756F;
7bf5 : 7265766F;
7bf6 : 3A2E7277;
7bf7 : 20732520;
7bf8 : 6925202D;
7bf9 : 25202F20;
7bfa : 000A756C;
7bfb : 656C6469;
7bfc : 00000000;
7bfd : 63656863;
7bfe : 696C2D6B;
7bff : 00006B6E;
7c00 : 69747075;
7c01 : 0000656D;
7c02 : 00707470;
7c03 : 5F707470;
7c04 : 00636D62;
7c05 : 6C656873;
7c06 : 75672B6C;
7c07 : 00000069;
7c08 : 6C6C7073;
7c09 : 0068622D;
7c0a : 2D74656E;
7c0b : 00006862;
7c0c : 00707261;
7c0d : 34767069;
7c0e : 00000000;
7c0f : 70646C6C;
7c10 : 00000000;
7c11 : 706D6E73;
7c12 : 00000000;
7c13 : 74617473;
7c14 : 00000073;
7c15 : 67616964;
7c16 : 00000073;
7c17 : 2D697073;
7c18 : 73616C66;
7c19 : 00000068;
7c1a : 43205257;
7c1b : 3A65726F;
7c1c : 61747320;
7c1d : 6E697472;
7c1e : 70752067;
7c1f : 0A2E2E2E;
7c20 : 00000000;
7c21 : 6F727245;
7c22 : 4D203A72;
7c23 : 63696E69;
7c24 : 4C444820;
7c25 : 72657620;
7c26 : 6E6F6973;
7c27 : 20642520;
7c28 : 20746F6E;
7c29 : 70707573;
7c2a : 6574726F;
7c2b : 79622064;
7c2c : 0A777320;
7c2d : 00000000;
7c2e : 7473616D;
7c2f : 642D7265;
7c30 : 6E676169;
7c31 : 6974736F;
7c32 : 61622D63;
7c33 : 696C6573;
7c34 : 322D656E;
7c35 : 30363230;
7c36 : 2D373138;
7c37 : 38313331;
7c38 : 3437672D;
7c39 : 38326364;
7c3a : 00003638;
7c3b : 69535050;
7c3c : 726F6620;
7c3d : 50525720;
7c3e : 43202E43;
7c3f : 696D6D6F;
7c40 : 73252074;
7c41 : 7562202C;
7c42 : 20746C69;
7c43 : 64206E6F;
7c44 : 72657465;
7c45 : 696E696D;
7c46 : 63697473;
7c47 : 0000000A;
7c48 : 2077654E;
7c49 : 2078616D;
7c4a : 206E7572;
7c4b : 656D6974;
7c4c : 726F6620;
7c4d : 74206120;
7c4e : 206B7361;
7c4f : 202C7325;
7c50 : 20646C6F;
7c51 : 2C646C25;
7c52 : 77656E20;
7c53 : 0A642520;
7c54 : 00000000;
7c55 : 6B736174;
7c56 : 2C732520;
7c57 : 6E757220;
7c58 : 726F6620;
7c59 : 20642520;
7c5a : 000A736D;
7c5b : 6E616C76;
7c5c : 00000000;
7c5d : 62726576;
7c5e : 0065736F;
7c5f : 00726576;
7c60 : 65656C73;
7c61 : 00000070;
7c62 : 00706673;
7c63 : 00626473;
7c64 : 61727470;
7c65 : 00006B63;
7c66 : 00007370;
7c67 : 006C6C70;
7c68 : 0063616D;
7c69 : 00007069;
7c6a : 706C6568;
7c6b : 00000000;
7c6c : 00697567;
7c6d : 67616964;
7c6e : 00000000;
7c6f : 696C6163;
7c70 : 74617262;
7c71 : 006E6F69;
7c72 : 666E6F63;
7c73 : 00006769;
7c74 : 65747865;
7c75 : 6F69736E;
7c76 : 0000006E;
7c77 : 76726573;
7c78 : 0000006F;
7c79 : 6D617266;
7c7a : 00007365;
7c7b : 006D7366;
7c7c : 55514552;
7c7d : 00545345;
7c7e : 434E5953;
7c7f : 4E45535F;
7c80 : 00000044;
7c81 : 00434D42;
7c82 : 5F4E4E41;
7c83 : 45434552;
7c84 : 00545049;
7c85 : 5F4E4E41;
7c86 : 444E4553;
7c87 : 00000000;
7c88 : 4C415551;
7c89 : 00000000;
7c8a : 544F5250;
7c8b : 4154535F;
7c8c : 00004554;
7c8d : 535F4E49;
7c8e : 45544154;
7c8f : 00000000;
7c90 : 425F4D47;
7c91 : 4D425F59;
7c92 : 00004143;
7c93 : 5F45314C;
7c94 : 535F5854;
7c95 : 00434E59;
7c96 : 5F45314C;
7c97 : 535F5852;
7c98 : 00434E59;
7c99 : 455F5257;
7c9a : 00005458;
7c9b : 646C6F68;
7c9c : 7265766F;
7c9d : 00000000;
7c9e : 6F6C6E75;
7c9f : 64656B63;
7ca0 : 00000000;
7ca1 : 4D5F5257;
7ca2 : 4C4E4F5F;
7ca3 : 00000059;
7ca4 : 535F5257;
7ca5 : 4C4E4F5F;
7ca6 : 00000059;
7ca7 : 4D5F5257;
7ca8 : 444E415F;
7ca9 : 0000535F;
7caa : 56414C53;
7cab : 52505F45;
7cac : 4E455345;
7cad : 00000054;
7cae : 4D5F5257;
7caf : 5F45444F;
7cb0 : 00004E4F;
7cb1 : 00000000;
7cb2 : D3B20000;
7cb3 : 06F05B59;
7cb4 : 00000004;
7cb5 : 00000003;
7cb6 : 00000002;
7cb7 : 00000001;
7cb8 : 00000004;
7cb9 : 00000003;
7cba : 00000002;
7cbb : 00000001;
7cbc : 00000002;
7cbd : 00000001;
7cbe : 00000005;
7cbf : 00000004;
7cc0 : 00000003;
7cc1 : 00000002;
7cc2 : 00000005;
7cc3 : 00000004;
7cc4 : 00000003;
7cc5 : 00000002;
7cc6 : 00000001;
7cc7 : 00000006;
7cc8 : 00000005;
7cc9 : 00000004;
7cca : 00000003;
7ccb : 00000002;
7ccc : 00000001;
7ccd : 0000001B;
7cce : 00000018;
7ccf : 00000017;
7cd0 : 00000016;
7cd1 : 00000014;
7cd2 : 00000013;
7cd3 : 00000012;
7cd4 : 00000011;
7cd5 : 00000010;
7cd6 : 0000000F;
7cd7 : 0000000E;
7cd8 : 0000000D;
7cd9 : 0000000C;
7cda : 0000000A;
7cdb : 00000009;
7cdc : 00000008;
7cdd : 00000005;
7cde : 00000009;
7cdf : 00000008;
7ce0 : 00000007;
7ce1 : 00000006;
7ce2 : 00000005;
7ce3 : 00000004;
7ce4 : 00000003;
7ce5 : 00000002;
7ce6 : 00000001;
7ce7 : 00000003;
7ce8 : 00000002;
7ce9 : 00000001;
7cea : 00000004;
7ceb : 00000003;
7cec : 00000002;
7ced : 00000001;
7cee : 0001B67C;
7cef : 00000009;
7cf0 : 0001B67C;
7cf1 : 00000008;
7cf2 : 000003E8;
7cf3 : 0001F504;
7cf4 : 0001B67C;
7cf5 : 00000007;
7cf6 : 00100A00;
7cf7 : 04060001;
7cf8 : 0000000C;
7cf9 : 695F7277;
7cfa : 0074696E;
7cfb : 6F5F7277;
7cfc : 006E6570;
7cfd : 695F7277;
7cfe : 00656C64;
7cff : 00565552;
7d00 : 0001E754;
7d01 : 0001E75C;
7d02 : 0001B67C;
7d03 : 0000000A;
7d04 : 0001B67C;
7d05 : 0000000D;
7d06 : 0001B67C;
7d07 : 0000000C;
7d08 : 0001B67C;
7d09 : 0000000B;
7d0a : 0001F16C;
7d0b : 0000CFD4;
7d0c : 0001F174;
7d0d : 0000C918;
7d0e : 0001F17C;
7d0f : 0000CB44;
7d10 : 0001F000;
7d11 : 0000CA08;
7d12 : 0001D2C0;
7d13 : 0000EB2C;
7d14 : 0001E810;
7d15 : 0000DA54;
7d16 : 0001F180;
7d17 : 0000C560;
7d18 : 0001F188;
7d19 : 00011748;
7d1a : 0001F18C;
7d1b : 0000D240;
7d1c : 0001F190;
7d1d : 0000D0E0;
7d1e : 0001F008;
7d1f : 0000DE54;
7d20 : 0001F198;
7d21 : 0000CA30;
7d22 : 0001F19C;
7d23 : 0000D4D8;
7d24 : 0001D0A0;
7d25 : 0000DE54;
7d26 : 0001F1A0;
7d27 : 0001501C;
7d28 : 0001F1A4;
7d29 : 0000ED28;
7d2a : 0001E804;
7d2b : 0000F6B4;
7d2c : 0001F1A8;
7d2d : 0000CBD8;
7d2e : 0001F1B0;
7d2f : 0000C9B0;
7d30 : 0001F1B4;
7d31 : 0000DB7C;
7d32 : 0001F1BC;
7d33 : 0000D3C8;
7d34 : 00000001;
7d35 : 00000000;
7d36 : 00000000;
7d37 : 00000000;
7d38 : 00000000;
7d39 : 00000000;
7d3a : 00000000;
7d3b : 00000000;
7d3c : 00000000;
7d3d : 00000000;
7d3e : 00000000;
7d3f : 0002057C;
7d40 : 00000000;
7d41 : 0001FF70;
7d42 : 00000000;
7d43 : 00021238;
7d44 : 00021220;
7d45 : 000211FC;
7d46 : 000211F0;
7d47 : 00000000;
7d48 : 00000000;
7d49 : 00000001;
7d4a : 00000001;
7d4b : 00000000;
7d4c : 00000000;
7d4d : 00000000;
7d4e : 00000000;
7d4f : 0001F5A8;
7d50 : 00000000;
7d51 : 00000001;
7d52 : 00000000;
7d53 : 00010000;
7d54 : 00000000;
7d55 : 00000000;
7d56 : 00000000;
7d57 : 00000000;
7d58 : 00000000;
7d59 : 00000000;
7d5a : 000000F8;
7d5b : FFFFFFFF;
7d5c : FFFFFFFF;
7d5d : FFFFFFFF;
7d5e : 00FFFFFF;
7d5f : 00000001;
7d60 : 00000000;
7d61 : 03E8000A;
7d62 : 00000006;
7d63 : 00000080;
7d64 : 00000080;
7d65 : 00000000;
7d66 : 000001F4;
7d67 : 00000000;
7d68 : 00000000;
7d69 : 00000000;
7d6a : 00000003;
7d6b : 00000000;
7d6c : FFFFFFFF;
7d6d : FFFFFFFF;
7d6e : FFFFFFFF;
7d6f : FFFFFFFF;
7d70 : 0001ABC4;
7d71 : 00000025;
7d72 : 00000001;
7d73 : 0000001E;
7d74 : 000003E8;
7d75 : 0000FFFF;
7d76 : 0000FFFF;
7d77 : 00000000;
7d78 : 00000000;
7d79 : 00000000;
7d7a : 00000000;
7d7b : 00000000;
7d7c : 00000000;
7d7d : 00000000;
7d7e : 00000000;
7d7f : 00000000;
7d80 : 00000000;
7d81 : 00000000;
7d82 : 00000000;
7d83 : 00000000;
7d84 : 00000000;
7d85 : 00000000;
7d86 : 00000000;
7d87 : 00000000;
7d88 : 00000000;
7d89 : 00000000;
7d8a : 00000000;
7d8b : 00000000;
7d8c : 00000000;
7d8d : 00000000;
7d8e : 00000000;
7d8f : 00000000;
7d90 : 00000000;
7d91 : 00000000;
7d92 : 00000000;
7d93 : 00000000;
7d94 : 00000000;
7d95 : 00000000;
7d96 : 00000000;
7d97 : 00000000;
7d98 : 00000000;
7d99 : 00000000;
7d9a : 00000000;
7d9b : 00000000;
7d9c : 00000000;
7d9d : 00000000;
7d9e : 00000000;
7d9f : 00000000;
7da0 : 00000000;
7da1 : 00000000;
7da2 : 00000000;
7da3 : 00000000;
7da4 : 00000000;
7da5 : 00000000;
7da6 : 00000000;
7da7 : 00000000;
7da8 : 00000000;
7da9 : 00000000;
7daa : 00000000;
7dab : 00000000;
7dac : 00000000;
7dad : 00000000;
7dae : 00000000;
7daf : 00000000;
7db0 : 00000000;
7db1 : 00000000;
7db2 : 00000000;
7db3 : 00000000;
7db4 : 00000000;
7db5 : 00000000;
7db6 : 00000000;
7db7 : 00000000;
7db8 : 00000000;
7db9 : 00000000;
7dba : 00000000;
7dbb : 00000000;
7dbc : 00000000;
7dbd : 00000000;
7dbe : 00000000;
7dbf : 00000000;
7dc0 : 00000000;
7dc1 : 00000000;
7dc2 : 00000000;
7dc3 : 00000000;
7dc4 : 00000000;
7dc5 : 00000000;
7dc6 : 00000000;
7dc7 : 00000000;
7dc8 : 00000000;
7dc9 : 00000000;
7dca : 00000000;
7dcb : 00000000;
7dcc : 00000000;
7dcd : 00000000;
7dce : 00000000;
7dcf : 00000000;
7dd0 : 00000000;
7dd1 : 00000000;
7dd2 : 00000000;
7dd3 : 00000000;
7dd4 : 00000000;
7dd5 : 00000000;
7dd6 : 00000000;
7dd7 : 00000000;
7dd8 : 00000000;
7dd9 : 00000000;
7dda : 00000000;
7ddb : 00000000;
7ddc : 00000000;
7ddd : 00000000;
7dde : 00000000;
7ddf : 00000000;
7de0 : 00000000;
7de1 : 00000000;
7de2 : 00000000;
7de3 : 00000000;
7de4 : 00000000;
7de5 : 00000000;
7de6 : 00000000;
7de7 : 00000000;
7de8 : 00000000;
7de9 : 00000000;
7dea : 00000000;
7deb : 00000000;
7dec : 00000000;
7ded : 00000000;
7dee : 00000000;
7def : 00000000;
7df0 : 00000000;
7df1 : 00000000;
7df2 : 00000000;
7df3 : 00000000;
7df4 : 00000000;
7df5 : 00000000;
7df6 : 00000000;
7df7 : 00000000;
7df8 : 00000000;
7df9 : 00000000;
7dfa : 00000000;
7dfb : 00000000;
7dfc : 00000000;
7dfd : 00000000;
7dfe : 00000000;
7dff : 00000000;
7e00 : 00000000;
7e01 : 00000000;
7e02 : 00000000;
7e03 : 00000000;
7e04 : 00000000;
7e05 : 00000000;
7e06 : 00000000;
7e07 : 00000000;
7e08 : 00000000;
7e09 : 00000000;
7e0a : 00000000;
7e0b : 00000000;
7e0c : 00000000;
7e0d : 00000000;
7e0e : 00000000;
7e0f : 00000000;
7e10 : 00000000;
7e11 : 00000000;
7e12 : 00000000;
7e13 : 00000000;
7e14 : 00000000;
7e15 : 00000000;
7e16 : 00000000;
7e17 : 00000000;
7e18 : 00000000;
7e19 : 00000000;
7e1a : 00000000;
7e1b : 00000000;
7e1c : 00000000;
7e1d : 00000000;
7e1e : 00000000;
7e1f : 00000000;
7e20 : 00000000;
7e21 : 00000000;
7e22 : 00000000;
7e23 : 00000000;
7e24 : 00000000;
7e25 : 00000000;
7e26 : 00000000;
7e27 : 00000000;
7e28 : 00000000;
7e29 : 00000000;
7e2a : 00000000;
7e2b : 00000000;
7e2c : 00000000;
7e2d : 00000000;
7e2e : 00000000;
7e2f : 00000000;
7e30 : 00000000;
7e31 : 00000000;
7e32 : 00000000;
7e33 : 00000000;
7e34 : 00000000;
7e35 : 00000000;
7e36 : 00000000;
7e37 : 00000000;
7e38 : 00000000;
7e39 : 00000000;
7e3a : 00000000;
7e3b : 00000000;
7e3c : 00000000;
7e3d : 00000000;
7e3e : 00000000;
7e3f : 00000000;
7e40 : 00000000;
7e41 : 00000000;
7e42 : 00000000;
7e43 : 00000000;
7e44 : 00000000;
7e45 : 00000000;
7e46 : 00000000;
7e47 : 00000000;
7e48 : 00000000;
7e49 : 00000000;
7e4a : 00000000;
7e4b : 00000000;
7e4c : 00000000;
7e4d : 00000000;
7e4e : 00000000;
7e4f : 00000000;
7e50 : 00000000;
7e51 : 00000000;
7e52 : 00000000;
7e53 : 00000000;
7e54 : 00000000;
7e55 : 00000000;
7e56 : 00000000;
7e57 : 00000000;
7e58 : 00000000;
7e59 : 00000000;
7e5a : 00000000;
7e5b : 00000000;
7e5c : 00000000;
7e5d : 00000000;
7e5e : 00000000;
7e5f : 00000000;
7e60 : 00000000;
7e61 : 00000000;
7e62 : 00000000;
7e63 : 00000000;
7e64 : 00000000;
7e65 : 00000000;
7e66 : 00000000;
7e67 : 00000000;
7e68 : 00000000;
7e69 : 00000000;
7e6a : 00000000;
7e6b : 00000000;
7e6c : 00000000;
7e6d : 00000000;
7e6e : 00000000;
7e6f : 00000000;
7e70 : 00000000;
7e71 : 00000000;
7e72 : 00000000;
7e73 : 00000000;
7e74 : 00000000;
7e75 : 00000000;
7e76 : 00000000;
7e77 : 00000000;
7e78 : 00000000;
7e79 : 00000000;
7e7a : 00000000;
7e7b : 00000000;
7e7c : 00000000;
7e7d : 00000000;
7e7e : 00000000;
7e7f : 00000000;
7e80 : 00000000;
7e81 : 00000000;
7e82 : 00000000;
7e83 : 00000000;
7e84 : 00000000;
7e85 : 00000000;
7e86 : 00000000;
7e87 : 00000000;
7e88 : 00000000;
7e89 : 00000000;
7e8a : 00000000;
7e8b : 00000000;
7e8c : 00000000;
7e8d : 00000000;
7e8e : 00000000;
7e8f : 00000000;
7e90 : 00000000;
7e91 : 00000000;
7e92 : 00000000;
7e93 : 00000000;
7e94 : 00000000;
7e95 : 00000000;
7e96 : 00000000;
7e97 : 00000000;
7e98 : 00000000;
7e99 : 00000000;
7e9a : 00000000;
7e9b : 00000000;
7e9c : 00000000;
7e9d : 00000000;
7e9e : 00000000;
7e9f : 00000000;
7ea0 : 00000000;
7ea1 : 00000000;
7ea2 : 00000000;
7ea3 : 00000000;
7ea4 : 00000000;
7ea5 : 00000000;
7ea6 : 00000000;
7ea7 : 00000000;
7ea8 : 00000000;
7ea9 : 00000000;
7eaa : 00000000;
7eab : 00000000;
7eac : 00000000;
7ead : 00000000;
7eae : 00000000;
7eaf : 00000000;
7eb0 : 00000000;
7eb1 : 00000000;
7eb2 : 00000000;
7eb3 : 00000000;
7eb4 : 00000000;
7eb5 : 00000000;
7eb6 : 00000000;
7eb7 : 00000000;
7eb8 : 00000000;
7eb9 : 00000000;
7eba : 00000000;
7ebb : 00000000;
7ebc : 00000000;
7ebd : 00000000;
7ebe : 00000000;
7ebf : 00000000;
7ec0 : 00000000;
7ec1 : 00000000;
7ec2 : 00000000;
7ec3 : 00000000;
7ec4 : 00000000;
7ec5 : 00000000;
7ec6 : 00000000;
7ec7 : 00000000;
7ec8 : 00000000;
7ec9 : 00000000;
7eca : 00000000;
7ecb : 00000000;
7ecc : 00000000;
7ecd : 00000000;
7ece : 00000000;
7ecf : 00000000;
7ed0 : 00000000;
7ed1 : 00000000;
7ed2 : 00000000;
7ed3 : 00000000;
7ed4 : 00000000;
7ed5 : 00000000;
7ed6 : 00000000;
7ed7 : 00000000;
7ed8 : 00000000;
7ed9 : 00000000;
7eda : 00000000;
7edb : 00000000;
7edc : 00000000;
7edd : 00000000;
7ede : 00000000;
7edf : 00000000;
7ee0 : 00000000;
7ee1 : 00000000;
7ee2 : 00000000;
7ee3 : 00000000;
7ee4 : 00000000;
7ee5 : 00000000;
7ee6 : 00000000;
7ee7 : 00000000;
7ee8 : 00000000;
7ee9 : 00000000;
7eea : 00000000;
7eeb : 00000000;
7eec : 00000000;
7eed : 00000000;
7eee : 00000000;
7eef : 00000000;
7ef0 : 00000000;
7ef1 : 00000000;
7ef2 : 00000000;
7ef3 : 00000000;
7ef4 : 00000000;
7ef5 : 00000000;
7ef6 : 00000000;
7ef7 : 00000000;
7ef8 : 00000000;
7ef9 : 00000000;
7efa : 00000000;
7efb : 00000000;
7efc : 00000000;
7efd : 00000000;
7efe : 00000000;
7eff : 00000000;
7f00 : 00000000;
7f01 : 00000000;
7f02 : 00000000;
7f03 : 00000000;
7f04 : 00000000;
7f05 : 00000000;
7f06 : 00000000;
7f07 : 00000000;
7f08 : 00000000;
7f09 : 00000000;
7f0a : 00000000;
7f0b : 00000000;
7f0c : 00000000;
7f0d : 00000000;
7f0e : 00000000;
7f0f : 00000000;
7f10 : 00000000;
7f11 : 00000000;
7f12 : 00000000;
7f13 : 00000000;
7f14 : 00000000;
7f15 : 00000000;
7f16 : 00000000;
7f17 : 00000000;
7f18 : 00000000;
7f19 : 00000000;
7f1a : 00000000;
7f1b : 00000000;
7f1c : 00000000;
7f1d : 00000000;
7f1e : 00000000;
7f1f : 00000000;
7f20 : 00000000;
7f21 : 00000000;
7f22 : 00000000;
7f23 : 00000000;
7f24 : 00000000;
7f25 : 00000000;
7f26 : 00000000;
7f27 : 00000000;
7f28 : 00000000;
7f29 : 00000000;
7f2a : 00000000;
7f2b : 00000000;
7f2c : 00000000;
7f2d : 00000000;
7f2e : 00000000;
7f2f : 00000000;
7f30 : 00000000;
7f31 : 00000000;
7f32 : 00000000;
7f33 : 00000000;
7f34 : 00000000;
7f35 : 00000000;
7f36 : 00000000;
7f37 : 00000000;
7f38 : 00000000;
7f39 : 00000000;
7f3a : 00000000;
7f3b : 00000000;
7f3c : 00000000;
7f3d : 00000000;
7f3e : 00000000;
7f3f : 00000000;
7f40 : 00000000;
7f41 : 00000000;
7f42 : 00000000;
7f43 : 00000000;
7f44 : 00000000;
7f45 : 00000000;
7f46 : 00000000;
7f47 : 00000000;
7f48 : 00000000;
7f49 : 00000000;
7f4a : 00000000;
7f4b : 00000000;
7f4c : 00000000;
7f4d : 00000000;
7f4e : 00000000;
7f4f : 00000000;
7f50 : 00000000;
7f51 : 00000000;
7f52 : 00000000;
7f53 : 00000000;
7f54 : 00000000;
7f55 : 00000000;
7f56 : 00000000;
7f57 : 00000000;
7f58 : 00000000;
7f59 : 00000000;
7f5a : 00000000;
7f5b : 00000000;
7f5c : 00000000;
7f5d : 00000000;
7f5e : 00000000;
7f5f : 00000000;
7f60 : 00000000;
7f61 : 00000000;
7f62 : 00000000;
7f63 : 00000000;
7f64 : 00000000;
7f65 : 00000000;
7f66 : 00000000;
7f67 : 00000000;
7f68 : 00000000;
7f69 : 00000000;
7f6a : 00000000;
7f6b : 00000000;
7f6c : 00000000;
7f6d : 00000000;
7f6e : 00000000;
7f6f : 00000000;
7f70 : 00000000;
7f71 : 00000000;
7f72 : 00000000;
7f73 : 00000000;
7f74 : 00000000;
7f75 : 00000000;
7f76 : 00000000;
7f77 : 00000000;
7f78 : 00000000;
7f79 : 00000000;
7f7a : 00000000;
7f7b : 00000000;
7f7c : 00000000;
7f7d : 00000000;
7f7e : 00000000;
7f7f : 00000000;
7f80 : 00000000;
7f81 : 00000000;
7f82 : 00000000;
7f83 : 00000000;
7f84 : 00000000;
7f85 : 00000000;
7f86 : 00000000;
7f87 : 00000000;
7f88 : 00000000;
7f89 : 00000000;
7f8a : 00000000;
7f8b : 00000000;
7f8c : 00000000;
7f8d : 00000000;
7f8e : 00000000;
7f8f : 00000000;
7f90 : 00000000;
7f91 : 00000000;
7f92 : 00000000;
7f93 : 00000000;
7f94 : 00000000;
7f95 : 00000000;
7f96 : 00000000;
7f97 : 00000000;
7f98 : 00000000;
7f99 : 00000000;
7f9a : 00000000;
7f9b : 00000000;
7f9c : 00000000;
7f9d : 00000000;
7f9e : 00000000;
7f9f : 00000000;
7fa0 : 00000000;
7fa1 : 00000000;
7fa2 : 00000000;
7fa3 : 00000000;
7fa4 : 00000000;
7fa5 : 00000000;
7fa6 : 00000000;
7fa7 : 00000000;
7fa8 : 00000000;
7fa9 : 00000000;
7faa : 00000000;
7fab : 00000000;
7fac : 00000000;
7fad : 00000000;
7fae : 00000000;
7faf : 00000000;
7fb0 : 00000000;
7fb1 : 00000000;
7fb2 : 00000000;
7fb3 : 00000000;
7fb4 : 00000000;
7fb5 : 00000000;
7fb6 : 00000000;
7fb7 : 00000000;
7fb8 : 00000000;
7fb9 : 00000000;
7fba : 00000000;
7fbb : 00000000;
7fbc : 00000000;
7fbd : 00000000;
7fbe : 00000000;
7fbf : 00000000;
7fc0 : 00000000;
7fc1 : 00000000;
7fc2 : 00000000;
7fc3 : 00000000;
7fc4 : 00000000;
7fc5 : 00000000;
7fc6 : 00000000;
7fc7 : 00000000;
7fc8 : 00000000;
7fc9 : 00000000;
7fca : 00000000;
7fcb : 00000000;
7fcc : 00000000;
7fcd : 00000000;
7fce : 00000000;
7fcf : 00000000;
7fd0 : 00000000;
7fd1 : 00000000;
7fd2 : 00000000;
7fd3 : 00000000;
7fd4 : 00000000;
7fd5 : 00000000;
7fd6 : 00000000;
7fd7 : 00000000;
7fd8 : 00000000;
7fd9 : 00000000;
7fda : 00000000;
7fdb : 00000000;
7fdc : 00000000;
7fdd : 00000000;
7fde : 00000000;
7fdf : 00000000;
7fe0 : 00000000;
7fe1 : 00000000;
7fe2 : 00000000;
7fe3 : 00000000;
7fe4 : 00000000;
7fe5 : 00000000;
7fe6 : 00000000;
7fe7 : 00000000;
7fe8 : 00000000;
7fe9 : 00000000;
7fea : 00000000;
7feb : 00000000;
7fec : 00000000;
7fed : 00000000;
7fee : 00000000;
7fef : 00000000;
7ff0 : 00000000;
7ff1 : 00000000;
7ff2 : 00000000;
7ff3 : 00000000;
7ff4 : 00000000;
7ff5 : 00000000;
7ff6 : 00000000;
7ff7 : 00000000;
7ff8 : 00000000;
7ff9 : 00000000;
7ffa : 00000000;
7ffb : 00000000;
7ffc : 00000000;
7ffd : 00000000;
7ffe : 00000000;
7fff : 00000000;
8000 : 00000000;
8001 : 00000000;
8002 : 00000000;
8003 : 00000000;
8004 : 00000000;
8005 : 00000000;
8006 : 00000000;
8007 : 00000000;
8008 : 00000000;
8009 : 00000000;
800a : 00000000;
800b : 00000000;
800c : 00000000;
800d : 00000000;
800e : 00000000;
800f : 00000000;
8010 : 00000000;
8011 : 00000000;
8012 : 00000000;
8013 : 00000000;
8014 : 00000000;
8015 : 00000000;
8016 : 00000000;
8017 : 00000000;
8018 : 00000000;
8019 : 00000000;
801a : 00000000;
801b : 00000000;
801c : 00000000;
801d : 00000000;
801e : 00000000;
801f : 00000000;
8020 : 00000000;
8021 : 00000000;
8022 : 00000000;
8023 : 00000000;
8024 : 00000000;
8025 : 00000000;
8026 : 00000000;
8027 : 00000000;
8028 : 00000000;
8029 : 00000000;
802a : 00000000;
802b : 00000000;
802c : 00000000;
802d : 00000000;
802e : 00000000;
802f : 00000000;
8030 : 00000000;
8031 : 00000000;
8032 : 00000000;
8033 : 00000000;
8034 : 00000000;
8035 : 00000000;
8036 : 00000000;
8037 : 00000000;
8038 : 00000000;
8039 : 00000000;
803a : 00000000;
803b : 00000000;
803c : 00000000;
803d : 00000000;
803e : 00000000;
803f : 00000000;
8040 : 00000000;
8041 : 00000000;
8042 : 00000000;
8043 : 00000000;
8044 : 00000000;
8045 : 00000000;
8046 : 00000000;
8047 : 00000000;
8048 : 00000000;
8049 : 00000000;
804a : 00000000;
804b : 00000000;
804c : 00000000;
804d : 00000000;
804e : 00000000;
804f : 00000000;
8050 : 00000000;
8051 : 00000000;
8052 : 00000000;
8053 : 00000000;
8054 : 00000000;
8055 : 00000000;
8056 : 00000000;
8057 : 00000000;
8058 : 00000000;
8059 : 00000000;
805a : 00000000;
805b : 00000000;
805c : 00000000;
805d : 00000000;
805e : 00000000;
805f : 00000000;
8060 : 00000000;
8061 : 00000000;
8062 : 00000000;
8063 : 00000000;
8064 : 00000000;
8065 : 00000000;
8066 : 00000000;
8067 : 00000000;
8068 : 00000000;
8069 : 00000000;
806a : 00000000;
806b : 00000000;
806c : 00000000;
806d : 00000000;
806e : 00000000;
806f : 00000000;
8070 : 00000000;
8071 : 00000000;
8072 : 00000000;
8073 : 00000000;
8074 : 00000000;
8075 : 00000000;
8076 : 00000000;
8077 : 00000000;
8078 : 00000000;
8079 : 00000000;
807a : 00000000;
807b : 00000000;
807c : 00000000;
807d : 00000000;
807e : 00000000;
807f : 00000000;
8080 : 00000000;
8081 : 00000000;
8082 : 00000000;
8083 : 00000000;
8084 : 00000000;
8085 : 00000000;
8086 : 00000000;
8087 : 00000000;
8088 : 00000000;
8089 : 00000000;
808a : 00000000;
808b : 00000000;
808c : 00000000;
808d : 00000000;
808e : 00000000;
808f : 00000000;
8090 : 00000000;
8091 : 00000000;
8092 : 00000000;
8093 : 00000000;
8094 : 00000000;
8095 : 00000000;
8096 : 00000000;
8097 : 00000000;
8098 : 00000000;
8099 : 00000000;
809a : 00000000;
809b : 00000000;
809c : 00000000;
809d : 00000000;
809e : 00000000;
809f : 00000000;
80a0 : 00000000;
80a1 : 00000000;
80a2 : 00000000;
80a3 : 00000000;
80a4 : 00000000;
80a5 : 00000000;
80a6 : 00000000;
80a7 : 00000000;
80a8 : 00000000;
80a9 : 00000000;
80aa : 00000000;
80ab : 00000000;
80ac : 00000000;
80ad : 00000000;
80ae : 00000000;
80af : 00000000;
80b0 : 00000000;
80b1 : 00000000;
80b2 : 00000000;
80b3 : 00000000;
80b4 : 00000000;
80b5 : 00000000;
80b6 : 00000000;
80b7 : 00000000;
80b8 : 00000000;
80b9 : 00000000;
80ba : 00000000;
80bb : 00000000;
80bc : 00000000;
80bd : 00000000;
80be : 00000000;
80bf : 00000000;
80c0 : 00000000;
80c1 : 00000000;
80c2 : 00000000;
80c3 : 00000000;
80c4 : 00000000;
80c5 : 00000000;
80c6 : 00000000;
80c7 : 00000000;
80c8 : 00000000;
80c9 : 00000000;
80ca : 00000000;
80cb : 00000000;
80cc : 00000000;
80cd : 00000000;
80ce : 00000000;
80cf : 00000000;
80d0 : 00000000;
80d1 : 00000000;
80d2 : 00000000;
80d3 : 00000000;
80d4 : 00000000;
80d5 : 00000000;
80d6 : 00000000;
80d7 : 00000000;
80d8 : 00000000;
80d9 : 00000000;
80da : 00000000;
80db : 00000000;
80dc : 00000000;
80dd : 00000000;
80de : 00000000;
80df : 00000000;
80e0 : 00000000;
80e1 : 00000000;
80e2 : 00000000;
80e3 : 00000000;
80e4 : 00000000;
80e5 : 00000000;
80e6 : 00000000;
80e7 : 00000000;
80e8 : 00000000;
80e9 : 00000000;
80ea : 00000000;
80eb : 00000000;
80ec : 00000000;
80ed : 00000000;
80ee : 00000000;
80ef : 00000000;
80f0 : 00000000;
80f1 : 00000000;
80f2 : 00000000;
80f3 : 00000000;
80f4 : 00000000;
80f5 : 00000000;
80f6 : 00000000;
80f7 : 00000000;
80f8 : 00000000;
80f9 : 00000000;
80fa : 00000000;
80fb : 00000000;
80fc : 00000000;
80fd : 00000000;
80fe : 00000000;
80ff : 00000000;
8100 : 00000000;
8101 : 00000000;
8102 : 00000000;
8103 : 00000000;
8104 : 00000000;
8105 : 00000000;
8106 : 00000000;
8107 : 00000000;
8108 : 00000000;
8109 : 00000000;
810a : 00000000;
810b : 00000000;
810c : 00000000;
810d : 00000000;
810e : 00000000;
810f : 00000000;
8110 : 00000000;
8111 : 00000000;
8112 : 00000000;
8113 : 00000000;
8114 : 00000000;
8115 : 00000000;
8116 : 00000000;
8117 : 00000000;
8118 : 00000000;
8119 : 00000000;
811a : 00000000;
811b : 00000000;
811c : 00000000;
811d : 00000000;
811e : 00000000;
811f : 00000000;
8120 : 00000000;
8121 : 00000000;
8122 : 00000000;
8123 : 00000000;
8124 : 00000000;
8125 : 00000000;
8126 : 00000000;
8127 : 00000000;
8128 : 00000000;
8129 : 00000000;
812a : 00000000;
812b : 00000000;
812c : 00000000;
812d : 00000000;
812e : 00000000;
812f : 00000000;
8130 : 00000000;
8131 : 00000000;
8132 : 00000000;
8133 : 00000000;
8134 : 00000000;
8135 : 00000000;
8136 : 00000000;
8137 : 00000000;
8138 : 00000000;
8139 : 00000000;
813a : 00000000;
813b : 00000000;
813c : 00000000;
813d : 00000000;
813e : 00000000;
813f : 00000000;
8140 : 00000000;
8141 : 00000000;
8142 : 00000000;
8143 : 00000000;
8144 : 00000000;
8145 : 00000000;
8146 : 00000000;
8147 : 00000000;
8148 : 00000000;
8149 : 00000000;
814a : 00000000;
814b : 00000000;
814c : 00000000;
814d : 00000000;
814e : 00000000;
814f : 00000000;
8150 : 00000000;
8151 : 00000000;
8152 : 00000000;
8153 : 00000000;
8154 : 00000000;
8155 : 00000000;
8156 : 00000000;
8157 : 00000000;
8158 : 00000000;
8159 : 00000000;
815a : 00000000;
815b : 00000000;
815c : 00000000;
815d : 00000000;
815e : 00000000;
815f : 00000000;
8160 : 00000000;
8161 : 00000000;
8162 : 00000000;
8163 : 00000000;
8164 : 00000000;
8165 : 00000000;
8166 : 00000000;
8167 : 00000000;
8168 : 00000000;
8169 : 00000000;
816a : 00000000;
816b : 00000000;
816c : 00000000;
816d : 00000000;
816e : 00000000;
816f : 00000000;
8170 : 00000000;
8171 : 00000000;
8172 : 00000000;
8173 : 00000000;
8174 : 00000000;
8175 : 00000000;
8176 : 00000000;
8177 : 00000000;
8178 : 00000000;
8179 : 00000000;
817a : 00000000;
817b : 00000000;
817c : 00000000;
817d : 00000000;
817e : 00000000;
817f : 00000000;
8180 : 00000000;
8181 : 00000000;
8182 : 00000000;
8183 : 00000000;
8184 : 00000000;
8185 : 00000000;
8186 : 00000000;
8187 : 00000000;
8188 : 00000000;
8189 : 00000000;
818a : 00000000;
818b : 00000000;
818c : 00000000;
818d : 00000000;
818e : 00000000;
818f : 00000000;
8190 : 00000000;
8191 : 00000000;
8192 : 00000000;
8193 : 00000000;
8194 : 00000000;
8195 : 00000000;
8196 : 00000000;
8197 : 00000000;
8198 : 00000000;
8199 : 00000000;
819a : 00000000;
819b : 00000000;
819c : 00000000;
819d : 00000000;
819e : 00000000;
819f : 00000000;
81a0 : 00000000;
81a1 : 00000000;
81a2 : 00000000;
81a3 : 00000000;
81a4 : 00000000;
81a5 : 00000000;
81a6 : 00000000;
81a7 : 00000000;
81a8 : 00000000;
81a9 : 00000000;
81aa : 00000000;
81ab : 00000000;
81ac : 00000000;
81ad : 00000000;
81ae : 00000000;
81af : 00000000;
81b0 : 00000000;
81b1 : 00000000;
81b2 : 00000000;
81b3 : 00000000;
81b4 : 00000000;
81b5 : 00000000;
81b6 : 00000000;
81b7 : 00000000;
81b8 : 00000000;
81b9 : 00000000;
81ba : 00000000;
81bb : 00000000;
81bc : 00000000;
81bd : 00000000;
81be : 00000000;
81bf : 00000000;
81c0 : 00000000;
81c1 : 00000000;
81c2 : 00000000;
81c3 : 00000000;
81c4 : 00000000;
81c5 : 00000000;
81c6 : 00000000;
81c7 : 00000000;
81c8 : 00000000;
81c9 : 00000000;
81ca : 00000000;
81cb : 00000000;
81cc : 00000000;
81cd : 00000000;
81ce : 00000000;
81cf : 00000000;
81d0 : 00000000;
81d1 : 00000000;
81d2 : 00000000;
81d3 : 00000000;
81d4 : 00000000;
81d5 : 00000000;
81d6 : 00000000;
81d7 : 00000000;
81d8 : 00000000;
81d9 : 00000000;
81da : 00000000;
81db : 00000000;
81dc : 00000000;
81dd : 00000000;
81de : 00000000;
81df : 00000000;
81e0 : 00000000;
81e1 : 00000000;
81e2 : 00000000;
81e3 : 00000000;
81e4 : 00000000;
81e5 : 00000000;
81e6 : 00000000;
81e7 : 00000000;
81e8 : 00000000;
81e9 : 00000000;
81ea : 00000000;
81eb : 00000000;
81ec : 00000000;
81ed : 00000000;
81ee : 00000000;
81ef : 00000000;
81f0 : 00000000;
81f1 : 00000000;
81f2 : 00000000;
81f3 : 00000000;
81f4 : 00000000;
81f5 : 00000000;
81f6 : 00000000;
81f7 : 00000000;
81f8 : 00000000;
81f9 : 00000000;
81fa : 00000000;
81fb : 00000000;
81fc : 00000000;
81fd : 00000000;
81fe : 00000000;
81ff : 00000000;
8200 : 00000000;
8201 : 00000000;
8202 : 00000000;
8203 : 00000000;
8204 : 00000000;
8205 : 00000000;
8206 : 00000000;
8207 : 00000000;
8208 : 00000000;
8209 : 00000000;
820a : 00000000;
820b : 00000000;
820c : 00000000;
820d : 00000000;
820e : 00000000;
820f : 00000000;
8210 : 00000000;
8211 : 00000000;
8212 : 00000000;
8213 : 00000000;
8214 : 00000000;
8215 : 00000000;
8216 : 00000000;
8217 : 00000000;
8218 : 00000000;
8219 : 00000000;
821a : 00000000;
821b : 00000000;
821c : 00000000;
821d : 00000000;
821e : 00000000;
821f : 00000000;
8220 : 00000000;
8221 : 00000000;
8222 : 00000000;
8223 : 00000000;
8224 : 00000000;
8225 : 00000000;
8226 : 00000000;
8227 : 00000000;
8228 : 00000000;
8229 : 00000000;
822a : 00000000;
822b : 00000000;
822c : 00000000;
822d : 00000000;
822e : 00000000;
822f : 00000000;
8230 : 00000000;
8231 : 00000000;
8232 : 00000000;
8233 : 00000000;
8234 : 00000000;
8235 : 00000000;
8236 : 00000000;
8237 : 00000000;
8238 : 00000000;
8239 : 00000000;
823a : 00000000;
823b : 00000000;
823c : 00000000;
823d : 00000000;
823e : 00000000;
823f : 00000000;
8240 : 00000000;
8241 : 00000000;
8242 : 00000000;
8243 : 00000000;
8244 : 00000000;
8245 : 00000000;
8246 : 00000000;
8247 : 00000000;
8248 : 00000000;
8249 : 00000000;
824a : 00000000;
824b : 00000000;
824c : 00000000;
824d : 00000000;
824e : 00000000;
824f : 00000000;
8250 : 00000000;
8251 : 00000000;
8252 : 00000000;
8253 : 00000000;
8254 : 00000000;
8255 : 00000000;
8256 : 00000000;
8257 : 00000000;
8258 : 00000000;
8259 : 00000000;
825a : 00000000;
825b : 00000000;
825c : 00000000;
825d : 00000000;
825e : 00000000;
825f : 00000000;
8260 : 00000000;
8261 : 00000000;
8262 : 00000000;
8263 : 00000000;
8264 : 00000000;
8265 : 00000000;
8266 : 00000000;
8267 : 00000000;
8268 : 00000000;
8269 : 00000000;
826a : 00000000;
826b : 00000000;
826c : 00000000;
826d : 00000000;
826e : 00000000;
826f : 00000000;
8270 : 00000000;
8271 : 00000000;
8272 : 00000000;
8273 : 00000000;
8274 : 00000000;
8275 : 00000000;
8276 : 00000000;
8277 : 00000000;
8278 : 00000000;
8279 : 00000000;
827a : 00000000;
827b : 00000000;
827c : 00000000;
827d : 00000000;
827e : 00000000;
827f : 00000000;
8280 : 00000000;
8281 : 00000000;
8282 : 00000000;
8283 : 00000000;
8284 : 00000000;
8285 : 00000000;
8286 : 00000000;
8287 : 00000000;
8288 : 00000000;
8289 : 00000000;
828a : 00000000;
828b : 00000000;
828c : 00000000;
828d : 00000000;
828e : 00000000;
828f : 00000000;
8290 : 00000000;
8291 : 00000000;
8292 : 00000000;
8293 : 00000000;
8294 : 00000000;
8295 : 00000000;
8296 : 00000000;
8297 : 00000000;
8298 : 00000000;
8299 : 00000000;
829a : 00000000;
829b : 00000000;
829c : 00000000;
829d : 00000000;
829e : 00000000;
829f : 00000000;
82a0 : 00000000;
82a1 : 00000000;
82a2 : 00000000;
82a3 : 00000000;
82a4 : 00000000;
82a5 : 00000000;
82a6 : 00000000;
82a7 : 00000000;
82a8 : 00000000;
82a9 : 00000000;
82aa : 00000000;
82ab : 00000000;
82ac : 00000000;
82ad : 00000000;
82ae : 00000000;
82af : 00000000;
82b0 : 00000000;
82b1 : 00000000;
82b2 : 00000000;
82b3 : 00000000;
82b4 : 00000000;
82b5 : 00000000;
82b6 : 00000000;
82b7 : 00000000;
82b8 : 00000000;
82b9 : 00000000;
82ba : 00000000;
82bb : 00000000;
82bc : 00000000;
82bd : 00000000;
82be : 00000000;
82bf : 00000000;
82c0 : 00000000;
82c1 : 00000000;
82c2 : 00000000;
82c3 : 00000000;
82c4 : 00000000;
82c5 : 00000000;
82c6 : 00000000;
82c7 : 00000000;
82c8 : 00000000;
82c9 : 00000000;
82ca : 00000000;
82cb : 00000000;
82cc : 00000000;
82cd : 00000000;
82ce : 00000000;
82cf : 00000000;
82d0 : 00000000;
82d1 : 00000000;
82d2 : 00000000;
82d3 : 00000000;
82d4 : 00000000;
82d5 : 00000000;
82d6 : 00000000;
82d7 : 00000000;
82d8 : 00000000;
82d9 : 00000000;
82da : 00000000;
82db : 00000000;
82dc : 00000000;
82dd : 00000000;
82de : 00000000;
82df : 00000000;
82e0 : 00000000;
82e1 : 00000000;
82e2 : 00000000;
82e3 : 00000000;
82e4 : 00000000;
82e5 : 00000000;
82e6 : 00000000;
82e7 : 00000000;
82e8 : 00000000;
82e9 : 00000000;
82ea : 00000000;
82eb : 00000000;
82ec : 00000000;
82ed : 00000000;
82ee : 00000000;
82ef : 00000000;
82f0 : 00000000;
82f1 : 00000000;
82f2 : 00000000;
82f3 : 00000000;
82f4 : 00000000;
82f5 : 00000000;
82f6 : 00000000;
82f7 : 00000000;
82f8 : 00000000;
82f9 : 00000000;
82fa : 00000000;
82fb : 00000000;
82fc : 00000000;
82fd : 00000000;
82fe : 00000000;
82ff : 00000000;
8300 : 00000000;
8301 : 00000000;
8302 : 00000000;
8303 : 00000000;
8304 : 00000000;
8305 : 00000000;
8306 : 00000000;
8307 : 00000000;
8308 : 00000000;
8309 : 00000000;
830a : 00000000;
830b : 00000000;
830c : 00000000;
830d : 00000000;
830e : 00000000;
830f : 00000000;
8310 : 00000000;
8311 : 00000000;
8312 : 00000000;
8313 : 00000000;
8314 : 00000000;
8315 : 00000000;
8316 : 00000000;
8317 : 00000000;
8318 : 00000000;
8319 : 00000000;
831a : 00000000;
831b : 00000000;
831c : 00000000;
831d : 00000000;
831e : 00000000;
831f : 00000000;
8320 : 00000000;
8321 : 00000000;
8322 : 00000000;
8323 : 00000000;
8324 : 00000000;
8325 : 00000000;
8326 : 00000000;
8327 : 00000000;
8328 : 00000000;
8329 : 00000000;
832a : 00000000;
832b : 00000000;
832c : 00000000;
832d : 00000000;
832e : 00000000;
832f : 00000000;
8330 : 00000000;
8331 : 00000000;
8332 : 00000000;
8333 : 00000000;
8334 : 00000000;
8335 : 00000000;
8336 : 00000000;
8337 : 00000000;
8338 : 00000000;
8339 : 00000000;
833a : 00000000;
833b : 00000000;
833c : 00000000;
833d : 00000000;
833e : 00000000;
833f : 00000000;
8340 : 00000000;
8341 : 00000000;
8342 : 00000000;
8343 : 00000000;
8344 : 00000000;
8345 : 00000000;
8346 : 00000000;
8347 : 00000000;
8348 : 00000000;
8349 : 00000000;
834a : 00000000;
834b : 00000000;
834c : 00000000;
834d : 00000000;
834e : 00000000;
834f : 00000000;
8350 : 00000000;
8351 : 00000000;
8352 : 00000000;
8353 : 00000000;
8354 : 00000000;
8355 : 00000000;
8356 : 00000000;
8357 : 00000000;
8358 : 00000000;
8359 : 00000000;
835a : 00000000;
835b : 00000000;
835c : 00000000;
835d : 00000000;
835e : 00000000;
835f : 00000000;
8360 : 00000000;
8361 : 00000000;
8362 : 00000000;
8363 : 00000000;
8364 : 00000000;
8365 : 00000000;
8366 : 00000000;
8367 : 00000000;
8368 : 00000000;
8369 : 00000000;
836a : 00000000;
836b : 00000000;
836c : 00000000;
836d : 00000000;
836e : 00000000;
836f : 00000000;
8370 : 00000000;
8371 : 00000000;
8372 : 00000000;
8373 : 00000000;
8374 : 00000000;
8375 : 00000000;
8376 : 00000000;
8377 : 00000000;
8378 : 00000000;
8379 : 00000000;
837a : 00000000;
837b : 00000000;
837c : 00000000;
837d : 00000000;
837e : 00000000;
837f : 00000000;
8380 : 00000000;
8381 : 00000000;
8382 : 00000000;
8383 : 00000000;
8384 : 00000000;
8385 : 00000000;
8386 : 00000000;
8387 : 00000000;
8388 : 00000000;
8389 : 00000000;
838a : 00000000;
838b : 00000000;
838c : 00000000;
838d : 00000000;
838e : 00000000;
838f : 00000000;
8390 : 00000000;
8391 : 00000000;
8392 : 00000000;
8393 : 00000000;
8394 : 00000000;
8395 : 00000000;
8396 : 00000000;
8397 : 00000000;
8398 : 00000000;
8399 : 00000000;
839a : 00000000;
839b : 00000000;
839c : 00000000;
839d : 00000000;
839e : 00000000;
839f : 00000000;
83a0 : 00000000;
83a1 : 00000000;
83a2 : 00000000;
83a3 : 00000000;
83a4 : 00000000;
83a5 : 00000000;
83a6 : 00000000;
83a7 : 00000000;
83a8 : 00000000;
83a9 : 00000000;
83aa : 00000000;
83ab : 00000000;
83ac : 00000000;
83ad : 00000000;
83ae : 00000000;
83af : 00000000;
83b0 : 00000000;
83b1 : 00000000;
83b2 : 00000000;
83b3 : 00000000;
83b4 : 00000000;
83b5 : 00000000;
83b6 : 00000000;
83b7 : 00000000;
83b8 : 00000000;
83b9 : 00000000;
83ba : 00000000;
83bb : 00000000;
83bc : 00000000;
83bd : 00000000;
83be : 00000000;
83bf : 00000000;
83c0 : 00000000;
83c1 : 00000000;
83c2 : 00000000;
83c3 : 00000000;
83c4 : 00000000;
83c5 : 00000000;
83c6 : 00000000;
83c7 : 00000000;
83c8 : 00000000;
83c9 : 00000000;
83ca : 00000000;
83cb : 00000000;
83cc : 00000000;
83cd : 00000000;
83ce : 00000000;
83cf : 00000000;
83d0 : 00000000;
83d1 : 00000000;
83d2 : 00000000;
83d3 : 00000000;
83d4 : 00000000;
83d5 : 00000000;
83d6 : 00000000;
83d7 : 00000000;
83d8 : 00000000;
83d9 : 00000000;
83da : 00000000;
83db : 00000000;
83dc : 00000000;
83dd : 00000000;
83de : 00000000;
83df : 00000000;
83e0 : 00000000;
83e1 : 00000000;
83e2 : 00000000;
83e3 : 00000000;
83e4 : 00000000;
83e5 : 00000000;
83e6 : 00000000;
83e7 : 00000000;
83e8 : 00000000;
83e9 : 00000000;
83ea : 00000000;
83eb : 00000000;
83ec : 00000000;
83ed : 00000000;
83ee : 00000000;
83ef : 00000000;
83f0 : 00000000;
83f1 : 00000000;
83f2 : 00000000;
83f3 : 00000000;
83f4 : 00000000;
83f5 : 00000000;
83f6 : 00000000;
83f7 : 00000000;
83f8 : 00000000;
83f9 : 00000000;
83fa : 00000000;
83fb : 00000000;
83fc : 00000000;
83fd : 00000000;
83fe : 00000000;
83ff : 00000000;
8400 : 00000000;
8401 : 00000000;
8402 : 00000000;
8403 : 00000000;
8404 : 00000000;
8405 : 00000000;
8406 : 00000000;
8407 : 00000000;
8408 : 00000000;
8409 : 00000000;
840a : 00000000;
840b : 00000000;
840c : 00000000;
840d : 00000000;
840e : 00000000;
840f : 00000000;
8410 : 00000000;
8411 : 00000000;
8412 : 00000000;
8413 : 00000000;
8414 : 00000000;
8415 : 00000000;
8416 : 00000000;
8417 : 00000000;
8418 : 00000000;
8419 : 00000000;
841a : 00000000;
841b : 00000000;
841c : 00000000;
841d : 00000000;
841e : 00000000;
841f : 00000000;
8420 : 00000000;
8421 : 00000000;
8422 : 00000000;
8423 : 00000000;
8424 : 00000000;
8425 : 00000000;
8426 : 00000000;
8427 : 00000000;
8428 : 00000000;
8429 : 00000000;
842a : 00000000;
842b : 00000000;
842c : 00000000;
842d : 00000000;
842e : 00000000;
842f : 00000000;
8430 : 00000000;
8431 : 00000000;
8432 : 00000000;
8433 : 00000000;
8434 : 00000000;
8435 : 00000000;
8436 : 00000000;
8437 : 00000000;
8438 : 00000000;
8439 : 00000000;
843a : 00000000;
843b : 00000000;
843c : 00000000;
843d : 00000000;
843e : 00000000;
843f : 00000000;
8440 : 00000000;
8441 : 00000000;
8442 : 00000000;
8443 : 00000000;
8444 : 00000000;
8445 : 00000000;
8446 : 00000000;
8447 : 00000000;
8448 : 00000000;
8449 : 00000000;
844a : 00000000;
844b : 00000000;
844c : 00000000;
844d : 00000000;
844e : 00000000;
844f : 00000000;
8450 : 00000000;
8451 : 00000000;
8452 : 00000000;
8453 : 00000000;
8454 : 00000000;
8455 : 00000000;
8456 : 00000000;
8457 : 00000000;
8458 : 00000000;
8459 : 00000000;
845a : 00000000;
845b : 00000000;
845c : 00000000;
845d : 00000000;
845e : 00000000;
845f : 00000000;
8460 : 00000000;
8461 : 00000000;
8462 : 00000000;
8463 : 00000000;
8464 : 00000000;
8465 : 00000000;
8466 : 00000000;
8467 : 00000000;
8468 : 00000000;
8469 : 00000000;
846a : 00000000;
846b : 00000000;
846c : 00000000;
846d : 00000000;
846e : 00000000;
846f : 00000000;
8470 : 00000000;
8471 : 00000000;
8472 : 00000000;
8473 : 00000000;
8474 : 00000000;
8475 : 00000000;
8476 : 00000000;
8477 : 00000000;
8478 : 00000000;
8479 : 00000000;
847a : 00000000;
847b : 00000000;
847c : 00000000;
847d : 00000000;
847e : 00000000;
847f : 00000000;
8480 : 00000000;
8481 : 00000000;
8482 : 00000000;
8483 : 00000000;
8484 : 00000000;
8485 : 00000000;
8486 : 00000000;
8487 : 00000000;
8488 : 00000000;
8489 : 00000000;
848a : 00000000;
848b : 00000000;
848c : 00000000;
848d : 00000000;
848e : 00000000;
848f : 00000000;
8490 : 00000000;
8491 : 00000000;
8492 : 00000000;
8493 : 00000000;
8494 : 00000000;
8495 : 00000000;
8496 : 00000000;
8497 : 00000000;
8498 : 00000000;
8499 : 00000000;
849a : 00000000;
849b : 00000000;
849c : 00000000;
849d : 00000000;
849e : 00000000;
849f : 00000000;
84a0 : 00000000;
84a1 : 00000000;
84a2 : 00000000;
84a3 : 00000000;
84a4 : 00000000;
84a5 : 00000000;
84a6 : 00000000;
84a7 : 00000000;
84a8 : 00000000;
84a9 : 00000000;
84aa : 00000000;
84ab : 00000000;
84ac : 00000000;
84ad : 00000000;
84ae : 00000000;
84af : 00000000;
84b0 : 00000000;
84b1 : 00000000;
84b2 : 00000000;
84b3 : 00000000;
84b4 : 00000000;
84b5 : 00000000;
84b6 : 00000000;
84b7 : 00000000;
84b8 : 00000000;
84b9 : 00000000;
84ba : 00000000;
84bb : 00000000;
84bc : 00000000;
84bd : 00000000;
84be : 00000000;
84bf : 00000000;
84c0 : 00000000;
84c1 : 00000000;
84c2 : 00000000;
84c3 : 00000000;
84c4 : 00000000;
84c5 : 00000000;
84c6 : 00000000;
84c7 : 00000000;
84c8 : 00000000;
84c9 : 00000000;
84ca : 00000000;
84cb : 00000000;
84cc : 00000000;
84cd : 00000000;
84ce : 00000000;
84cf : 00000000;
84d0 : 00000000;
84d1 : 00000000;
84d2 : 00000000;
84d3 : 00000000;
84d4 : 00000000;
84d5 : 00000000;
84d6 : 00000000;
84d7 : 00000000;
84d8 : 00000000;
84d9 : 00000000;
84da : 00000000;
84db : 00000000;
84dc : 00000000;
84dd : 00000000;
84de : 00000000;
84df : 00000000;
84e0 : 00000000;
84e1 : 00000000;
84e2 : 00000000;
84e3 : 00000000;
84e4 : 00000000;
84e5 : 00000000;
84e6 : 00000000;
84e7 : 00000000;
84e8 : 00000000;
84e9 : 00000000;
84ea : 00000000;
84eb : 00000000;
84ec : 00000000;
84ed : 00000000;
84ee : 00000000;
84ef : 00000000;
84f0 : 00000000;
84f1 : 00000000;
84f2 : 00000000;
84f3 : 00000000;
84f4 : 00000000;
84f5 : 00000000;
84f6 : 00000000;
84f7 : 00000000;
84f8 : 00000000;
84f9 : 00000000;
84fa : 00000000;
84fb : 00000000;
84fc : 00000000;
84fd : 00000000;
84fe : 00000000;
84ff : 00000000;
8500 : 00000000;
8501 : 00000000;
8502 : 00000000;
8503 : 00000000;
8504 : 00000000;
8505 : 00000000;
8506 : 00000000;
8507 : 00000000;
8508 : 00000000;
8509 : 00000000;
850a : 00000000;
850b : 00000000;
850c : 00000000;
850d : 00000000;
850e : 00000000;
850f : 00000000;
8510 : 00000000;
8511 : 00000000;
8512 : 00000000;
8513 : 00000000;
8514 : 00000000;
8515 : 00000000;
8516 : 00000000;
8517 : 00000000;
8518 : 00000000;
8519 : 00000000;
851a : 00000000;
851b : 00000000;
851c : 00000000;
851d : 00000000;
851e : 00000000;
851f : 00000000;
8520 : 00000000;
8521 : 00000000;
8522 : 00000000;
8523 : 00000000;
8524 : 00000000;
8525 : 00000000;
8526 : 00000000;
8527 : 00000000;
8528 : 00000000;
8529 : 00000000;
852a : 00000000;
852b : 00000000;
852c : 00000000;
852d : 00000000;
852e : 00000000;
852f : 00000000;
8530 : 00000000;
8531 : 00000000;
8532 : 00000000;
8533 : 00000000;
8534 : 00000000;
8535 : 00000000;
8536 : 00000000;
8537 : 00000000;
8538 : 00000000;
8539 : 00000000;
853a : 00000000;
853b : 00000000;
853c : 00000000;
853d : 00000000;
853e : 00000000;
853f : 00000000;
8540 : 00000000;
8541 : 00000000;
8542 : 00000000;
8543 : 00000000;
8544 : 00000000;
8545 : 00000000;
8546 : 00000000;
8547 : 00000000;
8548 : 00000000;
8549 : 00000000;
854a : 00000000;
854b : 00000000;
854c : 00000000;
854d : 00000000;
854e : 00000000;
854f : 00000000;
8550 : 00000000;
8551 : 00000000;
8552 : 00000000;
8553 : 00000000;
8554 : 00000000;
8555 : 00000000;
8556 : 00000000;
8557 : 00000000;
8558 : 00000000;
8559 : 00000000;
855a : 00000000;
855b : 00000000;
855c : 00000000;
855d : 00000000;
855e : 00000000;
855f : 00000000;
8560 : 00000000;
8561 : 00000000;
8562 : 00000000;
8563 : 00000000;
8564 : 00000000;
8565 : 00000000;
8566 : 00000000;
8567 : 00000000;
8568 : 00000000;
8569 : 00000000;
856a : 00000000;
856b : 00000000;
856c : 00000000;
856d : 00000000;
856e : 00000000;
856f : 00000000;
8570 : 00000000;
8571 : 00000000;
8572 : 00000000;
8573 : 00000000;
8574 : 00000000;
8575 : 00000000;
8576 : 00000000;
8577 : 00000000;
8578 : 00000000;
8579 : 00000000;
857a : 00000000;
857b : 00000000;
857c : 00000000;
857d : 00000000;
857e : 00000000;
857f : 00000000;
8580 : 00000000;
8581 : 00000000;
8582 : 00000000;
8583 : 00000000;
8584 : 00000000;
8585 : 00000000;
8586 : 00000000;
8587 : 00000000;
8588 : 00000000;
8589 : 00000000;
858a : 00000000;
858b : 00000000;
858c : 00000000;
858d : 00000000;
858e : 00000000;
858f : 00000000;
8590 : 00000000;
8591 : 00000000;
8592 : 00000000;
8593 : 00000000;
8594 : 00000000;
8595 : 00000000;
8596 : 00000000;
8597 : 00000000;
8598 : 00000000;
8599 : 00000000;
859a : 00000000;
859b : 00000000;
859c : 00000000;
859d : 00000000;
859e : 00000000;
859f : 00000000;
85a0 : 00000000;
85a1 : 00000000;
85a2 : 00000000;
85a3 : 00000000;
85a4 : 00000000;
85a5 : 00000000;
85a6 : 00000000;
85a7 : 00000000;
85a8 : 00000000;
85a9 : 00000000;
85aa : 00000000;
85ab : 00000000;
85ac : 00000000;
85ad : 00000000;
85ae : 00000000;
85af : 00000000;
85b0 : 00000000;
85b1 : 00000000;
85b2 : 00000000;
85b3 : 00000000;
85b4 : 00000000;
85b5 : 00000000;
85b6 : 00000000;
85b7 : 00000000;
85b8 : 00000000;
85b9 : 00000000;
85ba : 00000000;
85bb : 00000000;
85bc : 00000000;
85bd : 00000000;
85be : 00000000;
85bf : 00000000;
85c0 : 00000000;
85c1 : 00000000;
85c2 : 00000000;
85c3 : 00000000;
85c4 : 00000000;
85c5 : 00000000;
85c6 : 00000000;
85c7 : 00000000;
85c8 : 00000000;
85c9 : 00000000;
85ca : 00000000;
85cb : 00000000;
85cc : 00000000;
85cd : 00000000;
85ce : 00000000;
85cf : 00000000;
85d0 : 00000000;
85d1 : 00000000;
85d2 : 00000000;
85d3 : 00000000;
85d4 : 00000000;
85d5 : 00000000;
85d6 : 00000000;
85d7 : 00000000;
85d8 : 00000000;
85d9 : 00000000;
85da : 00000000;
85db : 00000000;
85dc : 00000000;
85dd : 00000000;
85de : 00000000;
85df : 00000000;
85e0 : 00000000;
85e1 : 00000000;
85e2 : 00000000;
85e3 : 00000000;
85e4 : 00000000;
85e5 : 00000000;
85e6 : 00000000;
85e7 : 00000000;
85e8 : 00000000;
85e9 : 00000000;
85ea : 00000000;
85eb : 00000000;
85ec : 00000000;
85ed : 00000000;
85ee : 00000000;
85ef : 00000000;
85f0 : 00000000;
85f1 : 00000000;
85f2 : 00000000;
85f3 : 00000000;
85f4 : 00000000;
85f5 : 00000000;
85f6 : 00000000;
85f7 : 00000000;
85f8 : 00000000;
85f9 : 00000000;
85fa : 00000000;
85fb : 00000000;
85fc : 00000000;
85fd : 00000000;
85fe : 00000000;
85ff : 00000000;
8600 : 00000000;
8601 : 00000000;
8602 : 00000000;
8603 : 00000000;
8604 : 00000000;
8605 : 00000000;
8606 : 00000000;
8607 : 00000000;
8608 : 00000000;
8609 : 00000000;
860a : 00000000;
860b : 00000000;
860c : 00000000;
860d : 00000000;
860e : 00000000;
860f : 00000000;
8610 : 00000000;
8611 : 00000000;
8612 : 00000000;
8613 : 00000000;
8614 : 00000000;
8615 : 00000000;
8616 : 00000000;
8617 : 00000000;
8618 : 00000000;
8619 : 00000000;
861a : 00000000;
861b : 00000000;
861c : 00000000;
861d : 00000000;
861e : 00000000;
861f : 00000000;
8620 : 00000000;
8621 : 00000000;
8622 : 00000000;
8623 : 00000000;
8624 : 00000000;
8625 : 00000000;
8626 : 00000000;
8627 : 00000000;
8628 : 00000000;
8629 : 00000000;
862a : 00000000;
862b : 00000000;
862c : 00000000;
862d : 00000000;
862e : 00000000;
862f : 00000000;
8630 : 00000000;
8631 : 00000000;
8632 : 00000000;
8633 : 00000000;
8634 : 00000000;
8635 : 00000000;
8636 : 00000000;
8637 : 00000000;
8638 : 00000000;
8639 : 00000000;
863a : 00000000;
863b : 00000000;
863c : 00000000;
863d : 00000000;
863e : 00000000;
863f : 00000000;
8640 : 00000000;
8641 : 00000000;
8642 : 00000000;
8643 : 00000000;
8644 : 00000000;
8645 : 00000000;
8646 : 00000000;
8647 : 00000000;
8648 : 00000000;
8649 : 00000000;
864a : 00000000;
864b : 00000000;
864c : 00000000;
864d : 00000000;
864e : 00000000;
864f : 00000000;
8650 : 00000000;
8651 : 00000000;
8652 : 00000000;
8653 : 00000000;
8654 : 00000000;
8655 : 00000000;
8656 : 00000000;
8657 : 00000000;
8658 : 00000000;
8659 : 00000000;
865a : 00000000;
865b : 00000000;
865c : 00000000;
865d : 00000000;
865e : 00000000;
865f : 00000000;
8660 : 00000000;
8661 : 00000000;
8662 : 00000000;
8663 : 00000000;
8664 : 00000000;
8665 : 00000000;
8666 : 00000000;
8667 : 00000000;
8668 : 00000000;
8669 : 00000000;
866a : 00000000;
866b : 00000000;
866c : 00000000;
866d : 00000000;
866e : 00000000;
866f : 00000000;
8670 : 00000000;
8671 : 00000000;
8672 : 00000000;
8673 : 00000000;
8674 : 00000000;
8675 : 00000000;
8676 : 00000000;
8677 : 00000000;
8678 : 00000000;
8679 : 00000000;
867a : 00000000;
867b : 00000000;
867c : 00000000;
867d : 00000000;
867e : 00000000;
867f : 00000000;
8680 : 00000000;
8681 : 00000000;
8682 : 00000000;
8683 : 00000000;
8684 : 00000000;
8685 : 00000000;
8686 : 00000000;
8687 : 00000000;
8688 : 00000000;
8689 : 00000000;
868a : 00000000;
868b : 00000000;
868c : 00000000;
868d : 00000000;
868e : 00000000;
868f : 00000000;
8690 : 00000000;
8691 : 00000000;
8692 : 00000000;
8693 : 00000000;
8694 : 00000000;
8695 : 00000000;
8696 : 00000000;
8697 : 00000000;
8698 : 00000000;
8699 : 00000000;
869a : 00000000;
869b : 00000000;
869c : 00000000;
869d : 00000000;
869e : 00000000;
869f : 00000000;
86a0 : 00000000;
86a1 : 00000000;
86a2 : 00000000;
86a3 : 00000000;
86a4 : 00000000;
86a5 : 00000000;
86a6 : 00000000;
86a7 : 00000000;
86a8 : 00000000;
86a9 : 00000000;
86aa : 00000000;
86ab : 00000000;
86ac : 00000000;
86ad : 00000000;
86ae : 00000000;
86af : 00000000;
86b0 : 00000000;
86b1 : 00000000;
86b2 : 00000000;
86b3 : 00000000;
86b4 : 00000000;
86b5 : 00000000;
86b6 : 00000000;
86b7 : 00000000;
86b8 : 00000000;
86b9 : 00000000;
86ba : 00000000;
86bb : 00000000;
86bc : 00000000;
86bd : 00000000;
86be : 00000000;
86bf : 00000000;
86c0 : 00000000;
86c1 : 00000000;
86c2 : 00000000;
86c3 : 00000000;
86c4 : 00000000;
86c5 : 00000000;
86c6 : 00000000;
86c7 : 00000000;
86c8 : 00000000;
86c9 : 00000000;
86ca : 00000000;
86cb : 00000000;
86cc : 00000000;
86cd : 00000000;
86ce : 00000000;
86cf : 00000000;
86d0 : 00000000;
86d1 : 00000000;
86d2 : 00000000;
86d3 : 00000000;
86d4 : 00000000;
86d5 : 00000000;
86d6 : 00000000;
86d7 : 00000000;
86d8 : 00000000;
86d9 : 00000000;
86da : 00000000;
86db : 00000000;
86dc : 00000000;
86dd : 00000000;
86de : 00000000;
86df : 00000000;
86e0 : 00000000;
86e1 : 00000000;
86e2 : 00000000;
86e3 : 00000000;
86e4 : 00000000;
86e5 : 00000000;
86e6 : 00000000;
86e7 : 00000000;
86e8 : 00000000;
86e9 : 00000000;
86ea : 00000000;
86eb : 00000000;
86ec : 00000000;
86ed : 00000000;
86ee : 00000000;
86ef : 00000000;
86f0 : 00000000;
86f1 : 00000000;
86f2 : 00000000;
86f3 : 00000000;
86f4 : 00000000;
86f5 : 00000000;
86f6 : 00000000;
86f7 : 00000000;
86f8 : 00000000;
86f9 : 00000000;
86fa : 00000000;
86fb : 00000000;
86fc : 00000000;
86fd : 00000000;
86fe : 00000000;
86ff : 00000000;
8700 : 00000000;
8701 : 00000000;
8702 : 00000000;
8703 : 00000000;
8704 : 00000000;
8705 : 00000000;
8706 : 00000000;
8707 : 00000000;
8708 : 00000000;
8709 : 00000000;
870a : 00000000;
870b : 00000000;
870c : 00000000;
870d : 00000000;
870e : 00000000;
870f : 00000000;
8710 : 00000000;
8711 : 00000000;
8712 : 00000000;
8713 : 00000000;
8714 : 00000000;
8715 : 00000000;
8716 : 00000000;
8717 : 00000000;
8718 : 00000000;
8719 : 00000000;
871a : 00000000;
871b : 00000000;
871c : 00000000;
871d : 00000000;
871e : 00000000;
871f : 00000000;
8720 : 00000000;
8721 : 00000000;
8722 : 00000000;
8723 : 00000000;
8724 : 00000000;
8725 : 00000000;
8726 : 00000000;
8727 : 00000000;
8728 : 00000000;
8729 : 00000000;
872a : 00000000;
872b : 00000000;
872c : 00000000;
872d : 00000000;
872e : 00000000;
872f : 00000000;
8730 : 00000000;
8731 : 00000000;
8732 : 00000000;
8733 : 00000000;
8734 : 00000000;
8735 : 00000000;
8736 : 00000000;
8737 : 00000000;
8738 : 00000000;
8739 : 00000000;
873a : 00000000;
873b : 00000000;
873c : 00000000;
873d : 00000000;
873e : 00000000;
873f : 00000000;
8740 : 00000000;
8741 : 00000000;
8742 : 00000000;
8743 : 00000000;
8744 : 00000000;
8745 : 00000000;
8746 : 00000000;
8747 : 00000000;
8748 : 00000000;
8749 : 00000000;
874a : 00000000;
874b : 00000000;
874c : 00000000;
874d : 00000000;
874e : 00000000;
874f : 00000000;
8750 : 00000000;
8751 : 00000000;
8752 : 00000000;
8753 : 00000000;
8754 : 00000000;
8755 : 00000000;
8756 : 00000000;
8757 : 00000000;
8758 : 00000000;
8759 : 00000000;
875a : 00000000;
875b : 00000000;
875c : 00000000;
875d : 00000000;
875e : 00000000;
875f : 00000000;
8760 : 00000000;
8761 : 00000000;
8762 : 00000000;
8763 : 00000000;
8764 : 00000000;
8765 : 00000000;
8766 : 00000000;
8767 : 00000000;
8768 : 00000000;
8769 : 00000000;
876a : 00000000;
876b : 00000000;
876c : 00000000;
876d : 00000000;
876e : 00000000;
876f : 00000000;
8770 : 00000000;
8771 : 00000000;
8772 : 00000000;
8773 : 00000000;
8774 : 00000000;
8775 : 00000000;
8776 : 00000000;
8777 : 00000000;
8778 : 00000000;
8779 : 00000000;
877a : 00000000;
877b : 00000000;
877c : 00000000;
877d : 00000000;
877e : 00000000;
877f : 00000000;
8780 : 00000000;
8781 : 00000000;
8782 : 00000000;
8783 : 00000000;
8784 : 00000000;
8785 : 00000000;
8786 : 00000000;
8787 : 00000000;
8788 : 00000000;
8789 : 00000000;
878a : 00000000;
878b : 00000000;
878c : 00000000;
878d : 00000000;
878e : 00000000;
878f : 00000000;
8790 : 00000000;
8791 : 00000000;
8792 : 00000000;
8793 : 00000000;
8794 : 00000000;
8795 : 00000000;
8796 : 00000000;
8797 : 00000000;
8798 : 00000000;
8799 : 00000000;
879a : 00000000;
879b : 00000000;
879c : 00000000;
879d : 00000000;
879e : 00000000;
879f : 00000000;
87a0 : 00000000;
87a1 : 00000000;
87a2 : 00000000;
87a3 : 00000000;
87a4 : 00000000;
87a5 : 00000000;
87a6 : 00000000;
87a7 : 00000000;
87a8 : 00000000;
87a9 : 00000000;
87aa : 00000000;
87ab : 00000000;
87ac : 00000000;
87ad : 00000000;
87ae : 00000000;
87af : 00000000;
87b0 : 00000000;
87b1 : 00000000;
87b2 : 00000000;
87b3 : 00000000;
87b4 : 00000000;
87b5 : 00000000;
87b6 : 00000000;
87b7 : 00000000;
87b8 : 00000000;
87b9 : 00000000;
87ba : 00000000;
87bb : 00000000;
87bc : 00000000;
87bd : 00000000;
87be : 00000000;
87bf : 00000000;
87c0 : 00000000;
87c1 : 00000000;
87c2 : 00000000;
87c3 : 00000000;
87c4 : 00000000;
87c5 : 00000000;
87c6 : 00000000;
87c7 : 00000000;
87c8 : 00000000;
87c9 : 00000000;
87ca : 00000000;
87cb : 00000000;
87cc : 00000000;
87cd : 00000000;
87ce : 00000000;
87cf : 00000000;
87d0 : 00000000;
87d1 : 00000000;
87d2 : 00000000;
87d3 : 00000000;
87d4 : 00000000;
87d5 : 00000000;
87d6 : 00000000;
87d7 : 00000000;
87d8 : 00000000;
87d9 : 00000000;
87da : 00000000;
87db : 00000000;
87dc : 00000000;
87dd : 00000000;
87de : 00000000;
87df : 00000000;
87e0 : 00000000;
87e1 : 00000000;
87e2 : 00000000;
87e3 : 00000000;
87e4 : 00000000;
87e5 : 00000000;
87e6 : 00000000;
87e7 : 00000000;
87e8 : 00000000;
87e9 : 00000000;
87ea : 00000000;
87eb : 00000000;
87ec : 00000000;
87ed : 00000000;
87ee : 00000000;
87ef : 00000000;
87f0 : 00000000;
87f1 : 00000000;
87f2 : 00000000;
87f3 : 00000000;
87f4 : 00000000;
87f5 : 00000000;
87f6 : 00000000;
87f7 : 00000000;
87f8 : 00000000;
87f9 : 00000000;
87fa : 00000000;
87fb : 00000000;
87fc : 00000000;
87fd : 00000000;
87fe : 00000000;
87ff : 00000000;
8800 : 00000000;
8801 : 00000000;
8802 : 00000000;
8803 : 00000000;
8804 : 00000000;
8805 : 00000000;
8806 : 00000000;
8807 : 00000000;
8808 : 00000000;
8809 : 00000000;
880a : 00000000;
880b : 00000000;
880c : 00000000;
880d : 00000000;
880e : 00000000;
880f : 00000000;
8810 : 00000000;
8811 : 00000000;
8812 : 00000000;
8813 : 00000000;
8814 : 00000000;
8815 : 00000000;
8816 : 00000000;
8817 : 00000000;
8818 : 00000000;
8819 : 00000000;
881a : 00000000;
881b : 00000000;
881c : 00000000;
881d : 00000000;
881e : 00000000;
881f : 00000000;
8820 : 00000000;
8821 : 00000000;
8822 : 00000000;
8823 : 00000000;
8824 : 00000000;
8825 : 00000000;
8826 : 00000000;
8827 : 00000000;
8828 : 00000000;
8829 : 00000000;
882a : 00000000;
882b : 00000000;
882c : 00000000;
882d : 00000000;
882e : 00000000;
882f : 00000000;
8830 : 00000000;
8831 : 00000000;
8832 : 00000000;
8833 : 00000000;
8834 : 00000000;
8835 : 00000000;
8836 : 00000000;
8837 : 00000000;
8838 : 00000000;
8839 : 00000000;
883a : 00000000;
883b : 00000000;
883c : 00000000;
883d : 00000000;
883e : 00000000;
883f : 00000000;
8840 : 00000000;
8841 : 00000000;
8842 : 00000000;
8843 : 00000000;
8844 : 00000000;
8845 : 00000000;
8846 : 00000000;
8847 : 00000000;
8848 : 00000000;
8849 : 00000000;
884a : 00000000;
884b : 00000000;
884c : 00000000;
884d : 00000000;
884e : 00000000;
884f : 00000000;
8850 : 00000000;
8851 : 00000000;
8852 : 00000000;
8853 : 00000000;
8854 : 00000000;
8855 : 00000000;
8856 : 00000000;
8857 : 00000000;
8858 : 00000000;
8859 : 00000000;
885a : 00000000;
885b : 00000000;
885c : 00000000;
885d : 00000000;
885e : 00000000;
885f : 00000000;
8860 : 00000000;
8861 : 00000000;
8862 : 00000000;
8863 : 00000000;
8864 : 00000000;
8865 : 00000000;
8866 : 00000000;
8867 : 00000000;
8868 : 00000000;
8869 : 00000000;
886a : 00000000;
886b : 00000000;
886c : 00000000;
886d : 00000000;
886e : 00000000;
886f : 00000000;
8870 : 00000000;
8871 : 00000000;
8872 : 00000000;
8873 : 00000000;
8874 : 00000000;
8875 : 00000000;
8876 : 00000000;
8877 : 00000000;
8878 : 00000000;
8879 : 00000000;
887a : 00000000;
887b : 00000000;
887c : 00000000;
887d : 00000000;
887e : 00000000;
887f : 00000000;
8880 : 00000000;
8881 : 00000000;
8882 : 00000000;
8883 : 00000000;
8884 : 00000000;
8885 : 00000000;
8886 : 00000000;
8887 : 00000000;
8888 : 00000000;
8889 : 00000000;
888a : 00000000;
888b : 00000000;
888c : 00000000;
888d : 00000000;
888e : 00000000;
888f : 00000000;
8890 : 00000000;
8891 : 00000000;
8892 : 00000000;
8893 : 00000000;
8894 : 00000000;
8895 : 00000000;
8896 : 00000000;
8897 : 00000000;
8898 : 00000000;
8899 : 00000000;
889a : 00000000;
889b : 00000000;
889c : 00000000;
889d : 00000000;
889e : 00000000;
889f : 00000000;
88a0 : 00000000;
88a1 : 00000000;
88a2 : 00000000;
88a3 : 00000000;
88a4 : 00000000;
88a5 : 00000000;
88a6 : 00000000;
88a7 : 00000000;
88a8 : 00000000;
88a9 : 00000000;
88aa : 00000000;
88ab : 00000000;
88ac : 00000000;
88ad : 00000000;
88ae : 00000000;
88af : 00000000;
88b0 : 00000000;
88b1 : 00000000;
88b2 : 00000000;
88b3 : 00000000;
88b4 : 00000000;
88b5 : 00000000;
88b6 : 00000000;
88b7 : 00000000;
88b8 : 00000000;
88b9 : 00000000;
88ba : 00000000;
88bb : 00000000;
88bc : 00000000;
88bd : 00000000;
88be : 00000000;
88bf : 00000000;
88c0 : 00000000;
88c1 : 00000000;
88c2 : 00000000;
88c3 : 00000000;
88c4 : 00000000;
88c5 : 00000000;
88c6 : 00000000;
88c7 : 00000000;
88c8 : 00000000;
88c9 : 00000000;
88ca : 00000000;
88cb : 00000000;
88cc : 00000000;
88cd : 00000000;
88ce : 00000000;
88cf : 00000000;
88d0 : 00000000;
88d1 : 00000000;
88d2 : 00000000;
88d3 : 00000000;
88d4 : 00000000;
88d5 : 00000000;
88d6 : 00000000;
88d7 : 00000000;
88d8 : 00000000;
88d9 : 00000000;
88da : 00000000;
88db : 00000000;
88dc : 00000000;
88dd : 00000000;
88de : 00000000;
88df : 00000000;
88e0 : 00000000;
88e1 : 00000000;
88e2 : 00000000;
88e3 : 00000000;
88e4 : 00000000;
88e5 : 00000000;
88e6 : 00000000;
88e7 : 00000000;
88e8 : 00000000;
88e9 : 00000000;
88ea : 00000000;
88eb : 00000000;
88ec : 00000000;
88ed : 00000000;
88ee : 00000000;
88ef : 00000000;
88f0 : 00000000;
88f1 : 00000000;
88f2 : 00000000;
88f3 : 00000000;
88f4 : 00000000;
88f5 : 00000000;
88f6 : 00000000;
88f7 : 00000000;
88f8 : 00000000;
88f9 : 00000000;
88fa : 00000000;
88fb : 00000000;
88fc : 00000000;
88fd : 00000000;
88fe : 00000000;
88ff : 00000000;
8900 : 00000000;
8901 : 00000000;
8902 : 00000000;
8903 : 00000000;
8904 : 00000000;
8905 : 00000000;
8906 : 00000000;
8907 : 00000000;
8908 : 00000000;
8909 : 00000000;
890a : 00000000;
890b : 00000000;
890c : 00000000;
890d : 00000000;
890e : 00000000;
890f : 00000000;
8910 : 00000000;
8911 : 00000000;
8912 : 00000000;
8913 : 00000000;
8914 : 00000000;
8915 : 00000000;
8916 : 00000000;
8917 : 00000000;
8918 : 00000000;
8919 : 00000000;
891a : 00000000;
891b : 00000000;
891c : 00000000;
891d : 00000000;
891e : 00000000;
891f : 00000000;
8920 : 00000000;
8921 : 00000000;
8922 : 00000000;
8923 : 00000000;
8924 : 00000000;
8925 : 00000000;
8926 : 00000000;
8927 : 00000000;
8928 : 00000000;
8929 : 00000000;
892a : 00000000;
892b : 00000000;
892c : 00000000;
892d : 00000000;
892e : 00000000;
892f : 00000000;
8930 : 00000000;
8931 : 00000000;
8932 : 00000000;
8933 : 00000000;
8934 : 00000000;
8935 : 00000000;
8936 : 00000000;
8937 : 00000000;
8938 : 00000000;
8939 : 00000000;
893a : 00000000;
893b : 00000000;
893c : 00000000;
893d : 00000000;
893e : 00000000;
893f : 00000000;
8940 : 00000000;
8941 : 00000000;
8942 : 00000000;
8943 : 00000000;
8944 : 00000000;
8945 : 00000000;
8946 : 00000000;
8947 : 00000000;
8948 : 00000000;
8949 : 00000000;
894a : 00000000;
894b : 00000000;
894c : 00000000;
894d : 00000000;
894e : 00000000;
894f : 00000000;
8950 : 00000000;
8951 : 00000000;
8952 : 00000000;
8953 : 00000000;
8954 : 00000000;
8955 : 00000000;
8956 : 00000000;
8957 : 00000000;
8958 : 00000000;
8959 : 00000000;
895a : 00000000;
895b : 00000000;
895c : 00000000;
895d : 00000000;
895e : 00000000;
895f : 00000000;
8960 : 00000000;
8961 : 00000000;
8962 : 00000000;
8963 : 00000000;
8964 : 00000000;
8965 : 00000000;
8966 : 00000000;
8967 : 00000000;
8968 : 00000000;
8969 : 00000000;
896a : 00000000;
896b : 00000000;
896c : 00000000;
896d : 00000000;
896e : 00000000;
896f : 00000000;
8970 : 00000000;
8971 : 00000000;
8972 : 00000000;
8973 : 00000000;
8974 : 00000000;
8975 : 00000000;
8976 : 00000000;
8977 : 00000000;
8978 : 00000000;
8979 : 00000000;
897a : 00000000;
897b : 00000000;
897c : 00000000;
897d : 00000000;
897e : 00000000;
897f : 00000000;
8980 : 00000000;
8981 : 00000000;
8982 : 00000000;
8983 : 00000000;
8984 : 00000000;
8985 : 00000000;
8986 : 00000000;
8987 : 00000000;
8988 : 00000000;
8989 : 00000000;
898a : 00000000;
898b : 00000000;
898c : 00000000;
898d : 00000000;
898e : 00000000;
898f : 00000000;
8990 : 00000000;
8991 : 00000000;
8992 : 00000000;
8993 : 00000000;
8994 : 00000000;
8995 : 00000000;
8996 : 00000000;
8997 : 00000000;
8998 : 00000000;
8999 : 00000000;
899a : 00000000;
899b : 00000000;
899c : 00000000;
899d : 00000000;
899e : 00000000;
899f : 00000000;
89a0 : 00000000;
89a1 : 00000000;
89a2 : 00000000;
89a3 : 00000000;
89a4 : 00000000;
89a5 : 00000000;
89a6 : 00000000;
89a7 : 00000000;
89a8 : 00000000;
89a9 : 00000000;
89aa : 00000000;
89ab : 00000000;
89ac : 00000000;
89ad : 00000000;
89ae : 00000000;
89af : 00000000;
89b0 : 00000000;
89b1 : 00000000;
89b2 : 00000000;
89b3 : 00000000;
89b4 : 00000000;
89b5 : 00000000;
89b6 : 00000000;
89b7 : 00000000;
89b8 : 00000000;
89b9 : 00000000;
89ba : 00000000;
89bb : 00000000;
89bc : 00000000;
89bd : 00000000;
89be : 00000000;
89bf : 00000000;
89c0 : 00000000;
89c1 : 00000000;
89c2 : 00000000;
89c3 : 00000000;
89c4 : 00000000;
89c5 : 00000000;
89c6 : 00000000;
89c7 : 00000000;
89c8 : 00000000;
89c9 : 00000000;
89ca : 00000000;
89cb : 00000000;
89cc : 00000000;
89cd : 00000000;
89ce : 00000000;
89cf : 00000000;
89d0 : 00000000;
89d1 : 00000000;
89d2 : 00000000;
89d3 : 00000000;
89d4 : 00000000;
89d5 : 00000000;
89d6 : 00000000;
89d7 : 00000000;
89d8 : 00000000;
89d9 : 00000000;
89da : 00000000;
89db : 00000000;
89dc : 00000000;
89dd : 00000000;
89de : 00000000;
89df : 00000000;
89e0 : 00000000;
89e1 : 00000000;
89e2 : 00000000;
89e3 : 00000000;
89e4 : 00000000;
89e5 : 00000000;
89e6 : 00000000;
89e7 : 00000000;
89e8 : 00000000;
89e9 : 00000000;
89ea : 00000000;
89eb : 00000000;
89ec : 00000000;
89ed : 00000000;
89ee : 00000000;
89ef : 00000000;
89f0 : 00000000;
89f1 : 00000000;
89f2 : 00000000;
89f3 : 00000000;
89f4 : 00000000;
89f5 : 00000000;
89f6 : 00000000;
89f7 : 00000000;
89f8 : 00000000;
89f9 : 00000000;
89fa : 00000000;
89fb : 00000000;
89fc : 00000000;
89fd : 00000000;
89fe : 00000000;
89ff : 00000000;
8a00 : 00000000;
8a01 : 00000000;
8a02 : 00000000;
8a03 : 00000000;
8a04 : 00000000;
8a05 : 00000000;
8a06 : 00000000;
8a07 : 00000000;
8a08 : 00000000;
8a09 : 00000000;
8a0a : 00000000;
8a0b : 00000000;
8a0c : 00000000;
8a0d : 00000000;
8a0e : 00000000;
8a0f : 00000000;
8a10 : 00000000;
8a11 : 00000000;
8a12 : 00000000;
8a13 : 00000000;
8a14 : 00000000;
8a15 : 00000000;
8a16 : 00000000;
8a17 : 00000000;
8a18 : 00000000;
8a19 : 00000000;
8a1a : 00000000;
8a1b : 00000000;
8a1c : 00000000;
8a1d : 00000000;
8a1e : 00000000;
8a1f : 00000000;
8a20 : 00000000;
8a21 : 00000000;
8a22 : 00000000;
8a23 : 00000000;
8a24 : 00000000;
8a25 : 00000000;
8a26 : 00000000;
8a27 : 00000000;
8a28 : 00000000;
8a29 : 00000000;
8a2a : 00000000;
8a2b : 00000000;
8a2c : 00000000;
8a2d : 00000000;
8a2e : 00000000;
8a2f : 00000000;
8a30 : 00000000;
8a31 : 00000000;
8a32 : 00000000;
8a33 : 00000000;
8a34 : 00000000;
8a35 : 00000000;
8a36 : 00000000;
8a37 : 00000000;
8a38 : 00000000;
8a39 : 00000000;
8a3a : 00000000;
8a3b : 00000000;
8a3c : 00000000;
8a3d : 00000000;
8a3e : 00000000;
8a3f : 00000000;
8a40 : 00000000;
8a41 : 00000000;
8a42 : 00000000;
8a43 : 00000000;
8a44 : 00000000;
8a45 : 00000000;
8a46 : 00000000;
8a47 : 00000000;
8a48 : 00000000;
8a49 : 00000000;
8a4a : 00000000;
8a4b : 00000000;
8a4c : 00000000;
8a4d : 00000000;
8a4e : 00000000;
8a4f : 00000000;
8a50 : 00000000;
8a51 : 00000000;
8a52 : 00000000;
8a53 : 00000000;
8a54 : 00000000;
8a55 : 00000000;
8a56 : 00000000;
8a57 : 00000000;
8a58 : 00000000;
8a59 : 00000000;
8a5a : 00000000;
8a5b : 00000000;
8a5c : 00000000;
8a5d : 00000000;
8a5e : 00000000;
8a5f : 00000000;
8a60 : 00000000;
8a61 : 00000000;
8a62 : 00000000;
8a63 : 00000000;
8a64 : 00000000;
8a65 : 00000000;
8a66 : 00000000;
8a67 : 00000000;
8a68 : 00000000;
8a69 : 00000000;
8a6a : 00000000;
8a6b : 00000000;
8a6c : 00000000;
8a6d : 00000000;
8a6e : 00000000;
8a6f : 00000000;
8a70 : 00000000;
8a71 : 00000000;
8a72 : 00000000;
8a73 : 00000000;
8a74 : 00000000;
8a75 : 00000000;
8a76 : 00000000;
8a77 : 00000000;
8a78 : 00000000;
8a79 : 00000000;
8a7a : 00000000;
8a7b : 00000000;
8a7c : 00000000;
8a7d : 00000000;
8a7e : 00000000;
8a7f : 00000000;
8a80 : 00000000;
8a81 : 00000000;
8a82 : 00000000;
8a83 : 00000000;
8a84 : 00000000;
8a85 : 00000000;
8a86 : 00000000;
8a87 : 00000000;
8a88 : 00000000;
8a89 : 00000000;
8a8a : 00000000;
8a8b : 00000000;
8a8c : 00000000;
8a8d : 00000000;
8a8e : 00000000;
8a8f : 00000000;
8a90 : 00000000;
8a91 : 00000000;
8a92 : 00000000;
8a93 : 00000000;
8a94 : 00000000;
8a95 : 00000000;
8a96 : 00000000;
8a97 : 00000000;
8a98 : 00000000;
8a99 : 00000000;
8a9a : 00000000;
8a9b : 00000000;
8a9c : 00000000;
8a9d : 00000000;
8a9e : 00000000;
8a9f : 00000000;
8aa0 : 00000000;
8aa1 : 00000000;
8aa2 : 00000000;
8aa3 : 00000000;
8aa4 : 00000000;
8aa5 : 00000000;
8aa6 : 00000000;
8aa7 : 00000000;
8aa8 : 00000000;
8aa9 : 00000000;
8aaa : 00000000;
8aab : 00000000;
8aac : 00000000;
8aad : 00000000;
8aae : 00000000;
8aaf : 00000000;
8ab0 : 00000000;
8ab1 : 00000000;
8ab2 : 00000000;
8ab3 : 00000000;
8ab4 : 00000000;
8ab5 : 00000000;
8ab6 : 00000000;
8ab7 : 00000000;
8ab8 : 00000000;
8ab9 : 00000000;
8aba : 00000000;
8abb : 00000000;
8abc : 00000000;
8abd : 00000000;
8abe : 00000000;
8abf : 00000000;
8ac0 : 00000000;
8ac1 : 00000000;
8ac2 : 00000000;
8ac3 : 00000000;
8ac4 : 00000000;
8ac5 : 00000000;
8ac6 : 00000000;
8ac7 : 00000000;
8ac8 : 00000000;
8ac9 : 00000000;
8aca : 00000000;
8acb : 00000000;
8acc : 00000000;
8acd : 00000000;
8ace : 00000000;
8acf : 00000000;
8ad0 : 00000000;
8ad1 : 00000000;
8ad2 : 00000000;
8ad3 : 00000000;
8ad4 : 00000000;
8ad5 : 00000000;
8ad6 : 00000000;
8ad7 : 00000000;
8ad8 : 00000000;
8ad9 : 00000000;
8ada : 00000000;
8adb : 00000000;
8adc : 00000000;
8add : 00000000;
8ade : 00000000;
8adf : 00000000;
8ae0 : 00000000;
8ae1 : 00000000;
8ae2 : 00000000;
8ae3 : 00000000;
8ae4 : 00000000;
8ae5 : 00000000;
8ae6 : 00000000;
8ae7 : 00000000;
8ae8 : 00000000;
8ae9 : 00000000;
8aea : 00000000;
8aeb : 00000000;
8aec : 00000000;
8aed : 00000000;
8aee : 00000000;
8aef : 00000000;
8af0 : 00000000;
8af1 : 00000000;
8af2 : 00000000;
8af3 : 00000000;
8af4 : 00000000;
8af5 : 00000000;
8af6 : 00000000;
8af7 : 00000000;
8af8 : 00000000;
8af9 : 00000000;
8afa : 00000000;
8afb : 00000000;
8afc : 00000000;
8afd : 00000000;
8afe : 00000000;
8aff : 00000000;
8b00 : 00000000;
8b01 : 00000000;
8b02 : 00000000;
8b03 : 00000000;
8b04 : 00000000;
8b05 : 00000000;
8b06 : 00000000;
8b07 : 00000000;
8b08 : 00000000;
8b09 : 00000000;
8b0a : 00000000;
8b0b : 00000000;
8b0c : 00000000;
8b0d : 00000000;
8b0e : 00000000;
8b0f : 00000000;
8b10 : 00000000;
8b11 : 00000000;
8b12 : 00000000;
8b13 : 00000000;
8b14 : 00000000;
8b15 : 00000000;
8b16 : 00000000;
8b17 : 00000000;
8b18 : 00000000;
8b19 : 00000000;
8b1a : 00000000;
8b1b : 00000000;
8b1c : 00000000;
8b1d : 00000000;
8b1e : 00000000;
8b1f : 00000000;
8b20 : 00000000;
8b21 : 00000000;
8b22 : 00000000;
8b23 : 00000000;
8b24 : 00000000;
8b25 : 00000000;
8b26 : 00000000;
8b27 : 00000000;
8b28 : 00000000;
8b29 : 00000000;
8b2a : 00000000;
8b2b : 00000000;
8b2c : 00000000;
8b2d : 00000000;
8b2e : 00000000;
8b2f : 00000000;
8b30 : 00000000;
8b31 : 00000000;
8b32 : 00000000;
8b33 : 00000000;
8b34 : 00000000;
8b35 : 00000000;
8b36 : 00000000;
8b37 : 00000000;
8b38 : 00000000;
8b39 : 00000000;
8b3a : 00000000;
8b3b : 00000000;
8b3c : 00000000;
8b3d : 00000000;
8b3e : 00000000;
8b3f : 00000000;
8b40 : 00000000;
8b41 : 00000000;
8b42 : 00000000;
8b43 : 00000000;
8b44 : 00000000;
8b45 : 00000000;
8b46 : 00000000;
8b47 : 00000000;
8b48 : 00000000;
8b49 : 00000000;
8b4a : 00000000;
8b4b : 00000000;
8b4c : 00000000;
8b4d : 00000000;
8b4e : 00000000;
8b4f : 00000000;
8b50 : 00000000;
8b51 : 00000000;
8b52 : 00000000;
8b53 : 00000000;
8b54 : 00000000;
8b55 : 00000000;
8b56 : 00000000;
8b57 : 00000000;
8b58 : 00000000;
8b59 : 00000000;
8b5a : 00000000;
8b5b : 00000000;
8b5c : 00000000;
8b5d : 00000000;
8b5e : 00000000;
8b5f : 00000000;
8b60 : 00000000;
8b61 : 00000000;
8b62 : 00000000;
8b63 : 00000000;
8b64 : 00000000;
8b65 : 00000000;
8b66 : 00000000;
8b67 : 00000000;
8b68 : 00000000;
8b69 : 00000000;
8b6a : 00000000;
8b6b : 00000000;
8b6c : 00000000;
8b6d : 00000000;
8b6e : 00000000;
8b6f : 00000000;
8b70 : 00000000;
8b71 : 00000000;
8b72 : 00000000;
8b73 : 00000000;
8b74 : 00000000;
8b75 : 00000000;
8b76 : 00000000;
8b77 : 00000000;
8b78 : 00000000;
8b79 : 00000000;
8b7a : 00000000;
8b7b : 00000000;
8b7c : 00000000;
8b7d : 00000000;
8b7e : 00000000;
8b7f : 00000000;
8b80 : 00000000;
8b81 : 00000000;
8b82 : 00000000;
8b83 : 00000000;
8b84 : 00000000;
8b85 : 00000000;
8b86 : 00000000;
8b87 : 00000000;
8b88 : 00000000;
8b89 : 00000000;
8b8a : 00000000;
8b8b : 00000000;
8b8c : 00000000;
8b8d : 00000000;
8b8e : 00000000;
8b8f : 00000000;
8b90 : 00000000;
8b91 : 00000000;
8b92 : 00000000;
8b93 : 00000000;
8b94 : 00000000;
8b95 : 00000000;
8b96 : 00000000;
8b97 : 00000000;
8b98 : 00000000;
8b99 : 00000000;
8b9a : 00000000;
8b9b : 00000000;
8b9c : 00000000;
8b9d : 00000000;
8b9e : 00000000;
8b9f : 00000000;
8ba0 : 00000000;
8ba1 : 00000000;
8ba2 : 00000000;
8ba3 : 00000000;
8ba4 : 00000000;
8ba5 : 00000000;
8ba6 : 00000000;
8ba7 : 00000000;
8ba8 : 00000000;
8ba9 : 00000000;
8baa : 00000000;
8bab : 00000000;
8bac : 00000000;
8bad : 00000000;
8bae : 00000000;
8baf : 00000000;
8bb0 : 00000000;
8bb1 : 00000000;
8bb2 : 00000000;
8bb3 : 00000000;
8bb4 : 00000000;
8bb5 : 00000000;
8bb6 : 00000000;
8bb7 : 00000000;
8bb8 : 00000000;
8bb9 : 00000000;
8bba : 00000000;
8bbb : 00000000;
8bbc : 00000000;
8bbd : 00000000;
8bbe : 00000000;
8bbf : 00000000;
8bc0 : 00000000;
8bc1 : 00000000;
8bc2 : 00000000;
8bc3 : 00000000;
8bc4 : 00000000;
8bc5 : 00000000;
8bc6 : 00000000;
8bc7 : 00000000;
8bc8 : 00000000;
8bc9 : 00000000;
8bca : 00000000;
8bcb : 00000000;
8bcc : 00000000;
8bcd : 00000000;
8bce : 00000000;
8bcf : 00000000;
8bd0 : 00000000;
8bd1 : 00000000;
8bd2 : 00000000;
8bd3 : 00000000;
8bd4 : 00000000;
8bd5 : 00000000;
8bd6 : 00000000;
8bd7 : 00000000;
8bd8 : 00000000;
8bd9 : 00000000;
8bda : 00000000;
8bdb : 00000000;
8bdc : 00000000;
8bdd : 00000000;
8bde : 00000000;
8bdf : 00000000;
8be0 : 00000000;
8be1 : 00000000;
8be2 : 00000000;
8be3 : 00000000;
8be4 : 00000000;
8be5 : 00000000;
8be6 : 00000000;
8be7 : 00000000;
8be8 : 00000000;
8be9 : 00000000;
8bea : 00000000;
8beb : 00000000;
8bec : 00000000;
8bed : 00000000;
8bee : 00000000;
8bef : 00000000;
8bf0 : 00000000;
8bf1 : 00000000;
8bf2 : 00000000;
8bf3 : 00000000;
8bf4 : 00000000;
8bf5 : 00000000;
8bf6 : 00000000;
8bf7 : 00000000;
8bf8 : 00000000;
8bf9 : 00000000;
8bfa : 00000000;
8bfb : 00000000;
8bfc : 00000000;
8bfd : 00000000;
8bfe : 00000000;
8bff : 00000000;
8c00 : 00000000;
8c01 : 00000000;
8c02 : 00000000;
8c03 : 00000000;
8c04 : 00000000;
8c05 : 00000000;
8c06 : 00000000;
8c07 : 00000000;
8c08 : 00000000;
8c09 : 00000000;
8c0a : 00000000;
8c0b : 00000000;
8c0c : 00000000;
8c0d : 00000000;
8c0e : 00000000;
8c0f : 00000000;
8c10 : 00000000;
8c11 : 00000000;
8c12 : 00000000;
8c13 : 00000000;
8c14 : 00000000;
8c15 : 00000000;
8c16 : 00000000;
8c17 : 00000000;
8c18 : 00000000;
8c19 : 00000000;
8c1a : 00000000;
8c1b : 00000000;
8c1c : 00000000;
8c1d : 00000000;
8c1e : 00000000;
8c1f : 00000000;
8c20 : 00000000;
8c21 : 00000000;
8c22 : 00000000;
8c23 : 00000000;
8c24 : 00000000;
8c25 : 00000000;
8c26 : 00000000;
8c27 : 00000000;
8c28 : 00000000;
8c29 : 00000000;
8c2a : 00000000;
8c2b : 00000000;
8c2c : 00000000;
8c2d : 00000000;
8c2e : 00000000;
8c2f : 00000000;
8c30 : 00000000;
8c31 : 00000000;
8c32 : 00000000;
8c33 : 00000000;
8c34 : 00000000;
8c35 : 00000000;
8c36 : 00000000;
8c37 : 00000000;
8c38 : 00000000;
8c39 : 00000000;
8c3a : 00000000;
8c3b : 00000000;
8c3c : 00000000;
8c3d : 00000000;
8c3e : 00000000;
8c3f : 00000000;
8c40 : 00000000;
8c41 : 00000000;
8c42 : 00000000;
8c43 : 00000000;
8c44 : 00000000;
8c45 : 00000000;
8c46 : 00000000;
8c47 : 00000000;
8c48 : 00000000;
8c49 : 00000000;
8c4a : 00000000;
8c4b : 00000000;
8c4c : 00000000;
8c4d : 00000000;
8c4e : 00000000;
8c4f : 00000000;
8c50 : 00000000;
8c51 : 00000000;
8c52 : 00000000;
8c53 : 00000000;
8c54 : 00000000;
8c55 : 00000000;
8c56 : 00000000;
8c57 : 00000000;
8c58 : 00000000;
8c59 : 00000000;
8c5a : 00000000;
8c5b : 00000000;
8c5c : 00000000;
8c5d : 00000000;
8c5e : 00000000;
8c5f : 00000000;
8c60 : 00000000;
8c61 : 00000000;
8c62 : 00000000;
8c63 : 00000000;
8c64 : 00000000;
8c65 : 00000000;
8c66 : 00000000;
8c67 : 00000000;
8c68 : 00000000;
8c69 : 00000000;
8c6a : 00000000;
8c6b : 00000000;
8c6c : 00000000;
8c6d : 00000000;
8c6e : 00000000;
8c6f : 00000000;
8c70 : 00000000;
8c71 : 00000000;
8c72 : 00000000;
8c73 : 00000000;
8c74 : 00000000;
8c75 : 00000000;
8c76 : 00000000;
8c77 : 00000000;
8c78 : 00000000;
8c79 : 00000000;
8c7a : 00000000;
8c7b : 00000000;
8c7c : 00000000;
8c7d : 00000000;
8c7e : 00000000;
8c7f : 00000000;
8c80 : 00000000;
8c81 : 00000000;
8c82 : 00000000;
8c83 : 00000000;
8c84 : 00000000;
8c85 : 00000000;
8c86 : 00000000;
8c87 : 00000000;
8c88 : 00000000;
8c89 : 00000000;
8c8a : 00000000;
8c8b : 00000000;
8c8c : 00000000;
8c8d : 00000000;
8c8e : 00000000;
8c8f : 00000000;
8c90 : 00000000;
8c91 : 00000000;
8c92 : 00000000;
8c93 : 00000000;
8c94 : 00000000;
8c95 : 00000000;
8c96 : 00000000;
8c97 : 00000000;
8c98 : 00000000;
8c99 : 00000000;
8c9a : 00000000;
8c9b : 00000000;
8c9c : 00000000;
8c9d : 00000000;
8c9e : 00000000;
8c9f : 00000000;
8ca0 : 00000000;
8ca1 : 00000000;
8ca2 : 00000000;
8ca3 : 00000000;
8ca4 : 00000000;
8ca5 : 00000000;
8ca6 : 00000000;
8ca7 : 00000000;
8ca8 : 00000000;
8ca9 : 00000000;
8caa : 00000000;
8cab : 00000000;
8cac : 00000000;
8cad : 00000000;
8cae : 00000000;
8caf : 00000000;
8cb0 : 00000000;
8cb1 : 00000000;
8cb2 : 00000000;
8cb3 : 00000000;
8cb4 : 00000000;
8cb5 : 00000000;
8cb6 : 00000000;
8cb7 : 00000000;
8cb8 : 00000000;
8cb9 : 00000000;
8cba : 00000000;
8cbb : 00000000;
8cbc : 00000000;
8cbd : 00000000;
8cbe : 00000000;
8cbf : 00000000;
8cc0 : 00000000;
8cc1 : 00000000;
8cc2 : 00000000;
8cc3 : 00000000;
8cc4 : 00000000;
8cc5 : 00000000;
8cc6 : 00000000;
8cc7 : 00000000;
8cc8 : 00000000;
8cc9 : 00000000;
8cca : 00000000;
8ccb : 00000000;
8ccc : 00000000;
8ccd : 00000000;
8cce : 00000000;
8ccf : 00000000;
8cd0 : 00000000;
8cd1 : 00000000;
8cd2 : 00000000;
8cd3 : 00000000;
8cd4 : 00000000;
8cd5 : 00000000;
8cd6 : 00000000;
8cd7 : 00000000;
8cd8 : 00000000;
8cd9 : 00000000;
8cda : 00000000;
8cdb : 00000000;
8cdc : 00000000;
8cdd : 00000000;
8cde : 00000000;
8cdf : 00000000;
8ce0 : 00000000;
8ce1 : 00000000;
8ce2 : 00000000;
8ce3 : 00000000;
8ce4 : 00000000;
8ce5 : 00000000;
8ce6 : 00000000;
8ce7 : 00000000;
8ce8 : 00000000;
8ce9 : 00000000;
8cea : 00000000;
8ceb : 00000000;
8cec : 00000000;
8ced : 00000000;
8cee : 00000000;
8cef : 00000000;
8cf0 : 00000000;
8cf1 : 00000000;
8cf2 : 00000000;
8cf3 : 00000000;
8cf4 : 00000000;
8cf5 : 00000000;
8cf6 : 00000000;
8cf7 : 00000000;
8cf8 : 00000000;
8cf9 : 00000000;
8cfa : 00000000;
8cfb : 00000000;
8cfc : 00000000;
8cfd : 00000000;
8cfe : 00000000;
8cff : 00000000;
8d00 : 00000000;
8d01 : 00000000;
8d02 : 00000000;
8d03 : 00000000;
8d04 : 00000000;
8d05 : 00000000;
8d06 : 00000000;
8d07 : 00000000;
8d08 : 00000000;
8d09 : 00000000;
8d0a : 00000000;
8d0b : 00000000;
8d0c : 00000000;
8d0d : 00000000;
8d0e : 00000000;
8d0f : 00000000;
8d10 : 00000000;
8d11 : 00000000;
8d12 : 00000000;
8d13 : 00000000;
8d14 : 00000000;
8d15 : 00000000;
8d16 : 00000000;
8d17 : 00000000;
8d18 : 00000000;
8d19 : 00000000;
8d1a : 00000000;
8d1b : 00000000;
8d1c : 00000000;
8d1d : 00000000;
8d1e : 00000000;
8d1f : 00000000;
8d20 : 00000000;
8d21 : 00000000;
8d22 : 00000000;
8d23 : 00000000;
8d24 : 00000000;
8d25 : 00000000;
8d26 : 00000000;
8d27 : 00000000;
8d28 : 00000000;
8d29 : 00000000;
8d2a : 00000000;
8d2b : 00000000;
8d2c : 00000000;
8d2d : 00000000;
8d2e : 00000000;
8d2f : 00000000;
8d30 : 00000000;
8d31 : 00000000;
8d32 : 00000000;
8d33 : 00000000;
8d34 : 00000000;
8d35 : 00000000;
8d36 : 00000000;
8d37 : 00000000;
8d38 : 00000000;
8d39 : 00000000;
8d3a : 00000000;
8d3b : 00000000;
8d3c : 00000000;
8d3d : 00000000;
8d3e : 00000000;
8d3f : 00000000;
8d40 : 00000000;
8d41 : 00000000;
8d42 : 00000000;
8d43 : 00000000;
8d44 : 00000000;
8d45 : 00000000;
8d46 : 00000000;
8d47 : 00000000;
8d48 : 00000000;
8d49 : 00000000;
8d4a : 00000000;
8d4b : 00000000;
8d4c : 00000000;
8d4d : 00000000;
8d4e : 00000000;
8d4f : 00000000;
8d50 : 00000000;
8d51 : 00000000;
8d52 : 00000000;
8d53 : 00000000;
8d54 : 00000000;
8d55 : 00000000;
8d56 : 00000000;
8d57 : 00000000;
8d58 : 00000000;
8d59 : 00000000;
8d5a : 00000000;
8d5b : 00000000;
8d5c : 00000000;
8d5d : 00000000;
8d5e : 00000000;
8d5f : 00000000;
8d60 : 00000000;
8d61 : 00000000;
8d62 : 00000000;
8d63 : 00000000;
8d64 : 00000000;
8d65 : 00000000;
8d66 : 00000000;
8d67 : 00000000;
8d68 : 00000000;
8d69 : 00000000;
8d6a : 00000000;
8d6b : 00000000;
8d6c : 00000000;
8d6d : 00000000;
8d6e : 00000000;
8d6f : 00000000;
8d70 : 00000000;
8d71 : 00000000;
8d72 : 00000000;
8d73 : 00000000;
8d74 : 00000000;
8d75 : 00000000;
8d76 : 00000000;
8d77 : 00000000;
8d78 : 00000000;
8d79 : 00000000;
8d7a : 00000000;
8d7b : 00000000;
8d7c : 00000000;
8d7d : 00000000;
8d7e : 00000000;
8d7f : 00000000;
8d80 : 00000000;
8d81 : 00000000;
8d82 : 00000000;
8d83 : 00000000;
8d84 : 00000000;
8d85 : 00000000;
8d86 : 00000000;
8d87 : 00000000;
8d88 : 00000000;
8d89 : 00000000;
8d8a : 00000000;
8d8b : 00000000;
8d8c : 00000000;
8d8d : 00000000;
8d8e : 00000000;
8d8f : 00000000;
8d90 : 00000000;
8d91 : 00000000;
8d92 : 00000000;
8d93 : 00000000;
8d94 : 00000000;
8d95 : 00000000;
8d96 : 00000000;
8d97 : 00000000;
8d98 : 00000000;
8d99 : 00000000;
8d9a : 00000000;
8d9b : 00000000;
8d9c : 00000000;
8d9d : 00000000;
8d9e : 00000000;
8d9f : 00000000;
8da0 : 00000000;
8da1 : 00000000;
8da2 : 00000000;
8da3 : 00000000;
8da4 : 00000000;
8da5 : 00000000;
8da6 : 00000000;
8da7 : 00000000;
8da8 : 00000000;
8da9 : 00000000;
8daa : 00000000;
8dab : 00000000;
8dac : 00000000;
8dad : 00000000;
8dae : 00000000;
8daf : 00000000;
8db0 : 00000000;
8db1 : 00000000;
8db2 : 00000000;
8db3 : 00000000;
8db4 : 00000000;
8db5 : 00000000;
8db6 : 00000000;
8db7 : 00000000;
8db8 : 00000000;
8db9 : 00000000;
8dba : 00000000;
8dbb : 00000000;
8dbc : 00000000;
8dbd : 00000000;
8dbe : 00000000;
8dbf : 00000000;
8dc0 : 00000000;
8dc1 : 00000000;
8dc2 : 00000000;
8dc3 : 00000000;
8dc4 : 00000000;
8dc5 : 00000000;
8dc6 : 00000000;
8dc7 : 00000000;
8dc8 : 00000000;
8dc9 : 00000000;
8dca : 00000000;
8dcb : 00000000;
8dcc : 00000000;
8dcd : 00000000;
8dce : 00000000;
8dcf : 00000000;
8dd0 : 00000000;
8dd1 : 00000000;
8dd2 : 00000000;
8dd3 : 00000000;
8dd4 : 00000000;
8dd5 : 00000000;
8dd6 : 00000000;
8dd7 : 00000000;
8dd8 : 00000000;
8dd9 : 00000000;
8dda : 00000000;
8ddb : 00000000;
8ddc : 00000000;
8ddd : 00000000;
8dde : 00000000;
8ddf : 00000000;
8de0 : 00000000;
8de1 : 00000000;
8de2 : 00000000;
8de3 : 00000000;
8de4 : 00000000;
8de5 : 00000000;
8de6 : 00000000;
8de7 : 00000000;
8de8 : 00000000;
8de9 : 00000000;
8dea : 00000000;
8deb : 00000000;
8dec : 00000000;
8ded : 00000000;
8dee : 00000000;
8def : 00000000;
8df0 : 00000000;
8df1 : 00000000;
8df2 : 00000000;
8df3 : 00000000;
8df4 : 00000000;
8df5 : 00000000;
8df6 : 00000000;
8df7 : 00000000;
8df8 : 00000000;
8df9 : 00000000;
8dfa : 00000000;
8dfb : 00000000;
8dfc : 00000000;
8dfd : 00000000;
8dfe : 00000000;
8dff : 00000000;
8e00 : 00000000;
8e01 : 00000000;
8e02 : 00000000;
8e03 : 00000000;
8e04 : 00000000;
8e05 : 00000000;
8e06 : 00000000;
8e07 : 00000000;
8e08 : 00000000;
8e09 : 00000000;
8e0a : 00000000;
8e0b : 00000000;
8e0c : 00000000;
8e0d : 00000000;
8e0e : 00000000;
8e0f : 00000000;
8e10 : 00000000;
8e11 : 00000000;
8e12 : 00000000;
8e13 : 00000000;
8e14 : 00000000;
8e15 : 00000000;
8e16 : 00000000;
8e17 : 00000000;
8e18 : 00000000;
8e19 : 00000000;
8e1a : 00000000;
8e1b : 00000000;
8e1c : 00000000;
8e1d : 00000000;
8e1e : 00000000;
8e1f : 00000000;
8e20 : 00000000;
8e21 : 00000000;
8e22 : 00000000;
8e23 : 00000000;
8e24 : 00000000;
8e25 : 00000000;
8e26 : 00000000;
8e27 : 00000000;
8e28 : 00000000;
8e29 : 00000000;
8e2a : 00000000;
8e2b : 00000000;
8e2c : 00000000;
8e2d : 00000000;
8e2e : 00000000;
8e2f : 00000000;
8e30 : 00000000;
8e31 : 00000000;
8e32 : 00000000;
8e33 : 00000000;
8e34 : 00000000;
8e35 : 00000000;
8e36 : 00000000;
8e37 : 00000000;
8e38 : 00000000;
8e39 : 00000000;
8e3a : 00000000;
8e3b : 00000000;
8e3c : 00000000;
8e3d : 00000000;
8e3e : 00000000;
8e3f : 00000000;
8e40 : 00000000;
8e41 : 00000000;
8e42 : 00000000;
8e43 : 00000000;
8e44 : 00000000;
8e45 : 00000000;
8e46 : 00000000;
8e47 : 00000000;
8e48 : 00000000;
8e49 : 00000000;
8e4a : 00000000;
8e4b : 00000000;
8e4c : 00000000;
8e4d : 00000000;
8e4e : 00000000;
8e4f : 00000000;
8e50 : 00000000;
8e51 : 00000000;
8e52 : 00000000;
8e53 : 00000000;
8e54 : 00000000;
8e55 : 00000000;
8e56 : 00000000;
8e57 : 00000000;
8e58 : 00000000;
8e59 : 00000000;
8e5a : 00000000;
8e5b : 00000000;
8e5c : 00000000;
8e5d : 00000000;
8e5e : 00000000;
8e5f : 00000000;
8e60 : 00000000;
8e61 : 00000000;
8e62 : 00000000;
8e63 : 00000000;
8e64 : 00000000;
8e65 : 00000000;
8e66 : 00000000;
8e67 : 00000000;
8e68 : 00000000;
8e69 : 00000000;
8e6a : 00000000;
8e6b : 00000000;
8e6c : 00000000;
8e6d : 00000000;
8e6e : 00000000;
8e6f : 00000000;
8e70 : 00000000;
8e71 : 00000000;
8e72 : 00000000;
8e73 : 00000000;
8e74 : 00000000;
8e75 : 00000000;
8e76 : 00000000;
8e77 : 00000000;
8e78 : 00000000;
8e79 : 00000000;
8e7a : 00000000;
8e7b : 00000000;
8e7c : 00000000;
8e7d : 00000000;
8e7e : 00000000;
8e7f : 00000000;
8e80 : 00000000;
8e81 : 00000000;
8e82 : 00000000;
8e83 : 00000000;
8e84 : 00000000;
8e85 : 00000000;
8e86 : 00000000;
8e87 : 00000000;
8e88 : 00000000;
8e89 : 00000000;
8e8a : 00000000;
8e8b : 00000000;
8e8c : 00000000;
8e8d : 00000000;
8e8e : 00000000;
8e8f : 00000000;
8e90 : 00000000;
8e91 : 00000000;
8e92 : 00000000;
8e93 : 00000000;
8e94 : 00000000;
8e95 : 00000000;
8e96 : 00000000;
8e97 : 00000000;
8e98 : 00000000;
8e99 : 00000000;
8e9a : 00000000;
8e9b : 00000000;
8e9c : 00000000;
8e9d : 00000000;
8e9e : 00000000;
8e9f : 00000000;
8ea0 : 00000000;
8ea1 : 00000000;
8ea2 : 00000000;
8ea3 : 00000000;
8ea4 : 00000000;
8ea5 : 00000000;
8ea6 : 00000000;
8ea7 : 00000000;
8ea8 : 00000000;
8ea9 : 00000000;
8eaa : 00000000;
8eab : 00000000;
8eac : 00000000;
8ead : 00000000;
8eae : 00000000;
8eaf : 00000000;
8eb0 : 00000000;
8eb1 : 00000000;
8eb2 : 00000000;
8eb3 : 00000000;
8eb4 : 00000000;
8eb5 : 00000000;
8eb6 : 00000000;
8eb7 : 00000000;
8eb8 : 00000000;
8eb9 : 00000000;
8eba : 00000000;
8ebb : 00000000;
8ebc : 00000000;
8ebd : 00000000;
8ebe : 00000000;
8ebf : 00000000;
8ec0 : 00000000;
8ec1 : 00000000;
8ec2 : 00000000;
8ec3 : 00000000;
8ec4 : 00000000;
8ec5 : 00000000;
8ec6 : 00000000;
8ec7 : 00000000;
8ec8 : 00000000;
8ec9 : 00000000;
8eca : 00000000;
8ecb : 00000000;
8ecc : 00000000;
8ecd : 00000000;
8ece : 00000000;
8ecf : 00000000;
8ed0 : 00000000;
8ed1 : 00000000;
8ed2 : 00000000;
8ed3 : 00000000;
8ed4 : 00000000;
8ed5 : 00000000;
8ed6 : 00000000;
8ed7 : 00000000;
8ed8 : 00000000;
8ed9 : 00000000;
8eda : 00000000;
8edb : 00000000;
8edc : 00000000;
8edd : 00000000;
8ede : 00000000;
8edf : 00000000;
8ee0 : 00000000;
8ee1 : 00000000;
8ee2 : 00000000;
8ee3 : 00000000;
8ee4 : 00000000;
8ee5 : 00000000;
8ee6 : 00000000;
8ee7 : 00000000;
8ee8 : 00000000;
8ee9 : 00000000;
8eea : 00000000;
8eeb : 00000000;
8eec : 00000000;
8eed : 00000000;
8eee : 00000000;
8eef : 00000000;
8ef0 : 00000000;
8ef1 : 00000000;
8ef2 : 00000000;
8ef3 : 00000000;
8ef4 : 00000000;
8ef5 : 00000000;
8ef6 : 00000000;
8ef7 : 00000000;
8ef8 : 00000000;
8ef9 : 00000000;
8efa : 00000000;
8efb : 00000000;
8efc : 00000000;
8efd : 00000000;
8efe : 00000000;
8eff : 00000000;
8f00 : 00000000;
8f01 : 00000000;
8f02 : 00000000;
8f03 : 00000000;
8f04 : 00000000;
8f05 : 00000000;
8f06 : 00000000;
8f07 : 00000000;
8f08 : 00000000;
8f09 : 00000000;
8f0a : 00000000;
8f0b : 00000000;
8f0c : 00000000;
8f0d : 00000000;
8f0e : 00000000;
8f0f : 00000000;
8f10 : 00000000;
8f11 : 00000000;
8f12 : 00000000;
8f13 : 00000000;
8f14 : 00000000;
8f15 : 00000000;
8f16 : 00000000;
8f17 : 00000000;
8f18 : 00000000;
8f19 : 00000000;
8f1a : 00000000;
8f1b : 00000000;
8f1c : 00000000;
8f1d : 00000000;
8f1e : 00000000;
8f1f : 00000000;
8f20 : 00000000;
8f21 : 00000000;
8f22 : 00000000;
8f23 : 00000000;
8f24 : 00000000;
8f25 : 00000000;
8f26 : 00000000;
8f27 : 00000000;
8f28 : 00000000;
8f29 : 00000000;
8f2a : 00000000;
8f2b : 00000000;
8f2c : 00000000;
8f2d : 00000000;
8f2e : 00000000;
8f2f : 00000000;
8f30 : 00000000;
8f31 : 00000000;
8f32 : 00000000;
8f33 : 00000000;
8f34 : 00000000;
8f35 : 00000000;
8f36 : 00000000;
8f37 : 00000000;
8f38 : 00000000;
8f39 : 00000000;
8f3a : 00000000;
8f3b : 00000000;
8f3c : 00000000;
8f3d : 00000000;
8f3e : 00000000;
8f3f : 00000000;
8f40 : 00000000;
8f41 : 00000000;
8f42 : 00000000;
8f43 : 00000000;
8f44 : 00000000;
8f45 : 00000000;
8f46 : 00000000;
8f47 : 00000000;
8f48 : 00000000;
8f49 : 00000000;
8f4a : 00000000;
8f4b : 00000000;
8f4c : 00000000;
8f4d : 00000000;
8f4e : 00000000;
8f4f : 00000000;
8f50 : 00000000;
8f51 : 00000000;
8f52 : 00000000;
8f53 : 00000000;
8f54 : 00000000;
8f55 : 00000000;
8f56 : 00000000;
8f57 : 00000000;
8f58 : 00000000;
8f59 : 00000000;
8f5a : 00000000;
8f5b : 00000000;
8f5c : 00000000;
8f5d : 00000000;
8f5e : 00000000;
8f5f : 00000000;
8f60 : 00000000;
8f61 : 00000000;
8f62 : 00000000;
8f63 : 00000000;
8f64 : 00000000;
8f65 : 00000000;
8f66 : 00000000;
8f67 : 00000000;
8f68 : 00000000;
8f69 : 00000000;
8f6a : 00000000;
8f6b : 00000000;
8f6c : 00000000;
8f6d : 00000000;
8f6e : 00000000;
8f6f : 00000000;
8f70 : 00000000;
8f71 : 00000000;
8f72 : 00000000;
8f73 : 00000000;
8f74 : 00000000;
8f75 : 00000000;
8f76 : 00000000;
8f77 : 00000000;
8f78 : 00000000;
8f79 : 00000000;
8f7a : 00000000;
8f7b : 00000000;
8f7c : 00000000;
8f7d : 00000000;
8f7e : 00000000;
8f7f : 00000000;
8f80 : 00000000;
8f81 : 00000000;
8f82 : 00000000;
8f83 : 00000000;
8f84 : 00000000;
8f85 : 00000000;
8f86 : 00000000;
8f87 : 00000000;
8f88 : 00000000;
8f89 : 00000000;
8f8a : 00000000;
8f8b : 00000000;
8f8c : 00000000;
8f8d : 00000000;
8f8e : 00000000;
8f8f : 00000000;
8f90 : 00000000;
8f91 : 00000000;
8f92 : 00000000;
8f93 : 00000000;
8f94 : 00000000;
8f95 : 00000000;
8f96 : 00000000;
8f97 : 00000000;
8f98 : 00000000;
8f99 : 00000000;
8f9a : 00000000;
8f9b : 00000000;
8f9c : 00000000;
8f9d : 00000000;
8f9e : 00000000;
8f9f : 00000000;
8fa0 : 00000000;
8fa1 : 00000000;
8fa2 : 00000000;
8fa3 : 00000000;
8fa4 : 00000000;
8fa5 : 00000000;
8fa6 : 00000000;
8fa7 : 00000000;
8fa8 : 00000000;
8fa9 : 00000000;
8faa : 00000000;
8fab : 00000000;
8fac : 00000000;
8fad : 00000000;
8fae : 00000000;
8faf : 00000000;
8fb0 : 00000000;
8fb1 : 00000000;
8fb2 : 00000000;
8fb3 : 00000000;
8fb4 : 00000000;
8fb5 : 00000000;
8fb6 : 00000000;
8fb7 : 00000000;
8fb8 : 00000000;
8fb9 : 00000000;
8fba : 00000000;
8fbb : 00000000;
8fbc : 00000000;
8fbd : 00000000;
8fbe : 00000000;
8fbf : 00000000;
8fc0 : 00000000;
8fc1 : 00000000;
8fc2 : 00000000;
8fc3 : 00000000;
8fc4 : 00000000;
8fc5 : 00000000;
8fc6 : 00000000;
8fc7 : 00000000;
8fc8 : 00000000;
8fc9 : 00000000;
8fca : 00000000;
8fcb : 00000000;
8fcc : 00000000;
8fcd : 00000000;
8fce : 00000000;
8fcf : 00000000;
8fd0 : 00000000;
8fd1 : 00000000;
8fd2 : 00000000;
8fd3 : 00000000;
8fd4 : 00000000;
8fd5 : 00000000;
8fd6 : 00000000;
8fd7 : 00000000;
8fd8 : 00000000;
8fd9 : 00000000;
8fda : 00000000;
8fdb : 00000000;
8fdc : 00000000;
8fdd : 00000000;
8fde : 00000000;
8fdf : 00000000;
8fe0 : 00000000;
8fe1 : 00000000;
8fe2 : 00000000;
8fe3 : 00000000;
8fe4 : 00000000;
8fe5 : 00000000;
8fe6 : 00000000;
8fe7 : 00000000;
8fe8 : 00000000;
8fe9 : 00000000;
8fea : 00000000;
8feb : 00000000;
8fec : 00000000;
8fed : 00000000;
8fee : 00000000;
8fef : 00000000;
8ff0 : 00000000;
8ff1 : 00000000;
8ff2 : 00000000;
8ff3 : 00000000;
8ff4 : 00000000;
8ff5 : 00000000;
8ff6 : 00000000;
8ff7 : 00000000;
8ff8 : 00000000;
8ff9 : 00000000;
8ffa : 00000000;
8ffb : 00000000;
8ffc : 00000000;
8ffd : 00000000;
8ffe : 00000000;
8fff : 00000000;
9000 : 00000000;
9001 : 00000000;
9002 : 00000000;
9003 : 00000000;
9004 : 00000000;
9005 : 00000000;
9006 : 00000000;
9007 : 00000000;
9008 : 00000000;
9009 : 00000000;
900a : 00000000;
900b : 00000000;
900c : 00000000;
900d : 00000000;
900e : 00000000;
900f : 00000000;
9010 : 00000000;
9011 : 00000000;
9012 : 00000000;
9013 : 00000000;
9014 : 00000000;
9015 : 00000000;
9016 : 00000000;
9017 : 00000000;
9018 : 00000000;
9019 : 00000000;
901a : 00000000;
901b : 00000000;
901c : 00000000;
901d : 00000000;
901e : 00000000;
901f : 00000000;
9020 : 00000000;
9021 : 00000000;
9022 : 00000000;
9023 : 00000000;
9024 : 00000000;
9025 : 00000000;
9026 : 00000000;
9027 : 00000000;
9028 : 00000000;
9029 : 00000000;
902a : 00000000;
902b : 00000000;
902c : 00000000;
902d : 00000000;
902e : 00000000;
902f : 00000000;
9030 : 00000000;
9031 : 00000000;
9032 : 00000000;
9033 : 00000000;
9034 : 00000000;
9035 : 00000000;
9036 : 00000000;
9037 : 00000000;
9038 : 00000000;
9039 : 00000000;
903a : 00000000;
903b : 00000000;
903c : 00000000;
903d : 00000000;
903e : 00000000;
903f : 00000000;
9040 : 00000000;
9041 : 00000000;
9042 : 00000000;
9043 : 00000000;
9044 : 00000000;
9045 : 00000000;
9046 : 00000000;
9047 : 00000000;
9048 : 00000000;
9049 : 00000000;
904a : 00000000;
904b : 00000000;
904c : 00000000;
904d : 00000000;
904e : 00000000;
904f : 00000000;
9050 : 00000000;
9051 : 00000000;
9052 : 00000000;
9053 : 00000000;
9054 : 00000000;
9055 : 00000000;
9056 : 00000000;
9057 : 00000000;
9058 : 00000000;
9059 : 00000000;
905a : 00000000;
905b : 00000000;
905c : 00000000;
905d : 00000000;
905e : 00000000;
905f : 00000000;
9060 : 00000000;
9061 : 00000000;
9062 : 00000000;
9063 : 00000000;
9064 : 00000000;
9065 : 00000000;
9066 : 00000000;
9067 : 00000000;
9068 : 00000000;
9069 : 00000000;
906a : 00000000;
906b : 00000000;
906c : 00000000;
906d : 00000000;
906e : 00000000;
906f : 00000000;
9070 : 00000000;
9071 : 00000000;
9072 : 00000000;
9073 : 00000000;
9074 : 00000000;
9075 : 00000000;
9076 : 00000000;
9077 : 00000000;
9078 : 00000000;
9079 : 00000000;
907a : 00000000;
907b : 00000000;
907c : 00000000;
907d : 00000000;
907e : 00000000;
907f : 00000000;
9080 : 00000000;
9081 : 00000000;
9082 : 00000000;
9083 : 00000000;
9084 : 00000000;
9085 : 00000000;
9086 : 00000000;
9087 : 00000000;
9088 : 00000000;
9089 : 00000000;
908a : 00000000;
908b : 00000000;
908c : 00000000;
908d : 00000000;
908e : 00000000;
908f : 00000000;
9090 : 00000000;
9091 : 00000000;
9092 : 00000000;
9093 : 00000000;
9094 : 00000000;
9095 : 00000000;
9096 : 00000000;
9097 : 00000000;
9098 : 00000000;
9099 : 00000000;
909a : 00000000;
909b : 00000000;
909c : 00000000;
909d : 00000000;
909e : 00000000;
909f : 00000000;
90a0 : 00000000;
90a1 : 00000000;
90a2 : 00000000;
90a3 : 00000000;
90a4 : 00000000;
90a5 : 00000000;
90a6 : 00000000;
90a7 : 00000000;
90a8 : 00000000;
90a9 : 00000000;
90aa : 00000000;
90ab : 00000000;
90ac : 00000000;
90ad : 00000000;
90ae : 00000000;
90af : 00000000;
90b0 : 00000000;
90b1 : 00000000;
90b2 : 00000000;
90b3 : 00000000;
90b4 : 00000000;
90b5 : 00000000;
90b6 : 00000000;
90b7 : 00000000;
90b8 : 00000000;
90b9 : 00000000;
90ba : 00000000;
90bb : 00000000;
90bc : 00000000;
90bd : 00000000;
90be : 00000000;
90bf : 00000000;
90c0 : 00000000;
90c1 : 00000000;
90c2 : 00000000;
90c3 : 00000000;
90c4 : 00000000;
90c5 : 00000000;
90c6 : 00000000;
90c7 : 00000000;
90c8 : 00000000;
90c9 : 00000000;
90ca : 00000000;
90cb : 00000000;
90cc : 00000000;
90cd : 00000000;
90ce : 00000000;
90cf : 00000000;
90d0 : 00000000;
90d1 : 00000000;
90d2 : 00000000;
90d3 : 00000000;
90d4 : 00000000;
90d5 : 00000000;
90d6 : 00000000;
90d7 : 00000000;
90d8 : 00000000;
90d9 : 00000000;
90da : 00000000;
90db : 00000000;
90dc : 00000000;
90dd : 00000000;
90de : 00000000;
90df : 00000000;
90e0 : 00000000;
90e1 : 00000000;
90e2 : 00000000;
90e3 : 00000000;
90e4 : 00000000;
90e5 : 00000000;
90e6 : 00000000;
90e7 : 00000000;
90e8 : 00000000;
90e9 : 00000000;
90ea : 00000000;
90eb : 00000000;
90ec : 00000000;
90ed : 00000000;
90ee : 00000000;
90ef : 00000000;
90f0 : 00000000;
90f1 : 00000000;
90f2 : 00000000;
90f3 : 00000000;
90f4 : 00000000;
90f5 : 00000000;
90f6 : 00000000;
90f7 : 00000000;
90f8 : 00000000;
90f9 : 00000000;
90fa : 00000000;
90fb : 00000000;
90fc : 00000000;
90fd : 00000000;
90fe : 00000000;
90ff : 00000000;
9100 : 00000000;
9101 : 00000000;
9102 : 00000000;
9103 : 00000000;
9104 : 00000000;
9105 : 00000000;
9106 : 00000000;
9107 : 00000000;
9108 : 00000000;
9109 : 00000000;
910a : 00000000;
910b : 00000000;
910c : 00000000;
910d : 00000000;
910e : 00000000;
910f : 00000000;
9110 : 00000000;
9111 : 00000000;
9112 : 00000000;
9113 : 00000000;
9114 : 00000000;
9115 : 00000000;
9116 : 00000000;
9117 : 00000000;
9118 : 00000000;
9119 : 00000000;
911a : 00000000;
911b : 00000000;
911c : 00000000;
911d : 00000000;
911e : 00000000;
911f : 00000000;
9120 : 00000000;
9121 : 00000000;
9122 : 00000000;
9123 : 00000000;
9124 : 00000000;
9125 : 00000000;
9126 : 00000000;
9127 : 00000000;
9128 : 00000000;
9129 : 00000000;
912a : 00000000;
912b : 00000000;
912c : 00000000;
912d : 00000000;
912e : 00000000;
912f : 00000000;
9130 : 00000000;
9131 : 00000000;
9132 : 00000000;
9133 : 00000000;
9134 : 00000000;
9135 : 00000000;
9136 : 00000000;
9137 : 00000000;
9138 : 00000000;
9139 : 00000000;
913a : 00000000;
913b : 00000000;
913c : 00000000;
913d : 00000000;
913e : 00000000;
913f : 00000000;
9140 : 00000000;
9141 : 00000000;
9142 : 00000000;
9143 : 00000000;
9144 : 00000000;
9145 : 00000000;
9146 : 00000000;
9147 : 00000000;
9148 : 00000000;
9149 : 00000000;
914a : 00000000;
914b : 00000000;
914c : 00000000;
914d : 00000000;
914e : 00000000;
914f : 00000000;
9150 : 00000000;
9151 : 00000000;
9152 : 00000000;
9153 : 00000000;
9154 : 00000000;
9155 : 00000000;
9156 : 00000000;
9157 : 00000000;
9158 : 00000000;
9159 : 00000000;
915a : 00000000;
915b : 00000000;
915c : 00000000;
915d : 00000000;
915e : 00000000;
915f : 00000000;
9160 : 00000000;
9161 : 00000000;
9162 : 00000000;
9163 : 00000000;
9164 : 00000000;
9165 : 00000000;
9166 : 00000000;
9167 : 00000000;
9168 : 00000000;
9169 : 00000000;
916a : 00000000;
916b : 00000000;
916c : 00000000;
916d : 00000000;
916e : 00000000;
916f : 00000000;
9170 : 00000000;
9171 : 00000000;
9172 : 00000000;
9173 : 00000000;
9174 : 00000000;
9175 : 00000000;
9176 : 00000000;
9177 : 00000000;
9178 : 00000000;
9179 : 00000000;
917a : 00000000;
917b : 00000000;
917c : 00000000;
917d : 00000000;
917e : 00000000;
917f : 00000000;
9180 : 00000000;
9181 : 00000000;
9182 : 00000000;
9183 : 00000000;
9184 : 00000000;
9185 : 00000000;
9186 : 00000000;
9187 : 00000000;
9188 : 00000000;
9189 : 00000000;
918a : 00000000;
918b : 00000000;
918c : 00000000;
918d : 00000000;
918e : 00000000;
918f : 00000000;
9190 : 00000000;
9191 : 00000000;
9192 : 00000000;
9193 : 00000000;
9194 : 00000000;
9195 : 00000000;
9196 : 00000000;
9197 : 00000000;
9198 : 00000000;
9199 : 00000000;
919a : 00000000;
919b : 00000000;
919c : 00000000;
919d : 00000000;
919e : 00000000;
919f : 00000000;
91a0 : 00000000;
91a1 : 00000000;
91a2 : 00000000;
91a3 : 00000000;
91a4 : 00000000;
91a5 : 00000000;
91a6 : 00000000;
91a7 : 00000000;
91a8 : 00000000;
91a9 : 00000000;
91aa : 00000000;
91ab : 00000000;
91ac : 00000000;
91ad : 00000000;
91ae : 00000000;
91af : 00000000;
91b0 : 00000000;
91b1 : 00000000;
91b2 : 00000000;
91b3 : 00000000;
91b4 : 00000000;
91b5 : 00000000;
91b6 : 00000000;
91b7 : 00000000;
91b8 : 00000000;
91b9 : 00000000;
91ba : 00000000;
91bb : 00000000;
91bc : 00000000;
91bd : 00000000;
91be : 00000000;
91bf : 00000000;
91c0 : 00000000;
91c1 : 00000000;
91c2 : 00000000;
91c3 : 00000000;
91c4 : 00000000;
91c5 : 00000000;
91c6 : 00000000;
91c7 : 00000000;
91c8 : 00000000;
91c9 : 00000000;
91ca : 00000000;
91cb : 00000000;
91cc : 00000000;
91cd : 00000000;
91ce : 00000000;
91cf : 00000000;
91d0 : 00000000;
91d1 : 00000000;
91d2 : 00000000;
91d3 : 00000000;
91d4 : 00000000;
91d5 : 00000000;
91d6 : 00000000;
91d7 : 00000000;
91d8 : 00000000;
91d9 : 00000000;
91da : 00000000;
91db : 00000000;
91dc : 00000000;
91dd : 00000000;
91de : 00000000;
91df : 00000000;
91e0 : 00000000;
91e1 : 00000000;
91e2 : 00000000;
91e3 : 00000000;
91e4 : 00000000;
91e5 : 00000000;
91e6 : 00000000;
91e7 : 00000000;
91e8 : 00000000;
91e9 : 00000000;
91ea : 00000000;
91eb : 00000000;
91ec : 00000000;
91ed : 00000000;
91ee : 00000000;
91ef : 00000000;
91f0 : 00000000;
91f1 : 00000000;
91f2 : 00000000;
91f3 : 00000000;
91f4 : 00000000;
91f5 : 00000000;
91f6 : 00000000;
91f7 : 00000000;
91f8 : 00000000;
91f9 : 00000000;
91fa : 00000000;
91fb : 00000000;
91fc : 00000000;
91fd : 00000000;
91fe : 00000000;
91ff : 00000000;
9200 : 00000000;
9201 : 00000000;
9202 : 00000000;
9203 : 00000000;
9204 : 00000000;
9205 : 00000000;
9206 : 00000000;
9207 : 00000000;
9208 : 00000000;
9209 : 00000000;
920a : 00000000;
920b : 00000000;
920c : 00000000;
920d : 00000000;
920e : 00000000;
920f : 00000000;
9210 : 00000000;
9211 : 00000000;
9212 : 00000000;
9213 : 00000000;
9214 : 00000000;
9215 : 00000000;
9216 : 00000000;
9217 : 00000000;
9218 : 00000000;
9219 : 00000000;
921a : 00000000;
921b : 00000000;
921c : 00000000;
921d : 00000000;
921e : 00000000;
921f : 00000000;
9220 : 00000000;
9221 : 00000000;
9222 : 00000000;
9223 : 00000000;
9224 : 00000000;
9225 : 00000000;
9226 : 00000000;
9227 : 00000000;
9228 : 00000000;
9229 : 00000000;
922a : 00000000;
922b : 00000000;
922c : 00000000;
922d : 00000000;
922e : 00000000;
922f : 00000000;
9230 : 00000000;
9231 : 00000000;
9232 : 00000000;
9233 : 00000000;
9234 : 00000000;
9235 : 00000000;
9236 : 00000000;
9237 : 00000000;
9238 : 00000000;
9239 : 00000000;
923a : 00000000;
923b : 00000000;
923c : 00000000;
923d : 00000000;
923e : 00000000;
923f : 00000000;
9240 : 00000000;
9241 : 00000000;
9242 : 00000000;
9243 : 00000000;
9244 : 00000000;
9245 : 00000000;
9246 : 00000000;
9247 : 00000000;
9248 : 00000000;
9249 : 00000000;
924a : 00000000;
924b : 00000000;
924c : 00000000;
924d : 00000000;
924e : 00000000;
924f : 00000000;
9250 : 00000000;
9251 : 00000000;
9252 : 00000000;
9253 : 00000000;
9254 : 00000000;
9255 : 00000000;
9256 : 00000000;
9257 : 00000000;
9258 : 00000000;
9259 : 00000000;
925a : 00000000;
925b : 00000000;
925c : 00000000;
925d : 00000000;
925e : 00000000;
925f : 00000000;
9260 : 00000000;
9261 : 00000000;
9262 : 00000000;
9263 : 00000000;
9264 : 00000000;
9265 : 00000000;
9266 : 00000000;
9267 : 00000000;
9268 : 00000000;
9269 : 00000000;
926a : 00000000;
926b : 00000000;
926c : 00000000;
926d : 00000000;
926e : 00000000;
926f : 00000000;
9270 : 00000000;
9271 : 00000000;
9272 : 00000000;
9273 : 00000000;
9274 : 00000000;
9275 : 00000000;
9276 : 00000000;
9277 : 00000000;
9278 : 00000000;
9279 : 00000000;
927a : 00000000;
927b : 00000000;
927c : 00000000;
927d : 00000000;
927e : 00000000;
927f : 00000000;
9280 : 00000000;
9281 : 00000000;
9282 : 00000000;
9283 : 00000000;
9284 : 00000000;
9285 : 00000000;
9286 : 00000000;
9287 : 00000000;
9288 : 00000000;
9289 : 00000000;
928a : 00000000;
928b : 00000000;
928c : 00000000;
928d : 00000000;
928e : 00000000;
928f : 00000000;
9290 : 00000000;
9291 : 00000000;
9292 : 00000000;
9293 : 00000000;
9294 : 00000000;
9295 : 00000000;
9296 : 00000000;
9297 : 00000000;
9298 : 00000000;
9299 : 00000000;
929a : 00000000;
929b : 00000000;
929c : 00000000;
929d : 00000000;
929e : 00000000;
929f : 00000000;
92a0 : 00000000;
92a1 : 00000000;
92a2 : 00000000;
92a3 : 00000000;
92a4 : 00000000;
92a5 : 00000000;
92a6 : 00000000;
92a7 : 00000000;
92a8 : 00000000;
92a9 : 00000000;
92aa : 00000000;
92ab : 00000000;
92ac : 00000000;
92ad : 00000000;
92ae : 00000000;
92af : 00000000;
92b0 : 00000000;
92b1 : 00000000;
92b2 : 00000000;
92b3 : 00000000;
92b4 : 00000000;
92b5 : 00000000;
92b6 : 00000000;
92b7 : 00000000;
92b8 : 00000000;
92b9 : 00000000;
92ba : 00000000;
92bb : 00000000;
92bc : 00000000;
92bd : 00000000;
92be : 00000000;
92bf : 00000000;
92c0 : 00000000;
92c1 : 00000000;
92c2 : 00000000;
92c3 : 00000000;
92c4 : 00000000;
92c5 : 00000000;
92c6 : 00000000;
92c7 : 00000000;
92c8 : 00000000;
92c9 : 00000000;
92ca : 00000000;
92cb : 00000000;
92cc : 00000000;
92cd : 00000000;
92ce : 00000000;
92cf : 00000000;
92d0 : 00000000;
92d1 : 00000000;
92d2 : 00000000;
92d3 : 00000000;
92d4 : 00000000;
92d5 : 00000000;
92d6 : 00000000;
92d7 : 00000000;
92d8 : 00000000;
92d9 : 00000000;
92da : 00000000;
92db : 00000000;
92dc : 00000000;
92dd : 00000000;
92de : 00000000;
92df : 00000000;
92e0 : 00000000;
92e1 : 00000000;
92e2 : 00000000;
92e3 : 00000000;
92e4 : 00000000;
92e5 : 00000000;
92e6 : 00000000;
92e7 : 00000000;
92e8 : 00000000;
92e9 : 00000000;
92ea : 00000000;
92eb : 00000000;
92ec : 00000000;
92ed : 00000000;
92ee : 00000000;
92ef : 00000000;
92f0 : 00000000;
92f1 : 00000000;
92f2 : 00000000;
92f3 : 00000000;
92f4 : 00000000;
92f5 : 00000000;
92f6 : 00000000;
92f7 : 00000000;
92f8 : 00000000;
92f9 : 00000000;
92fa : 00000000;
92fb : 00000000;
92fc : 00000000;
92fd : 00000000;
92fe : 00000000;
92ff : 00000000;
9300 : 00000000;
9301 : 00000000;
9302 : 00000000;
9303 : 00000000;
9304 : 00000000;
9305 : 00000000;
9306 : 00000000;
9307 : 00000000;
9308 : 00000000;
9309 : 00000000;
930a : 00000000;
930b : 00000000;
930c : 00000000;
930d : 00000000;
930e : 00000000;
930f : 00000000;
9310 : 00000000;
9311 : 00000000;
9312 : 00000000;
9313 : 00000000;
9314 : 00000000;
9315 : 00000000;
9316 : 00000000;
9317 : 00000000;
9318 : 00000000;
9319 : 00000000;
931a : 00000000;
931b : 00000000;
931c : 00000000;
931d : 00000000;
931e : 00000000;
931f : 00000000;
9320 : 00000000;
9321 : 00000000;
9322 : 00000000;
9323 : 00000000;
9324 : 00000000;
9325 : 00000000;
9326 : 00000000;
9327 : 00000000;
9328 : 00000000;
9329 : 00000000;
932a : 00000000;
932b : 00000000;
932c : 00000000;
932d : 00000000;
932e : 00000000;
932f : 00000000;
9330 : 00000000;
9331 : 00000000;
9332 : 00000000;
9333 : 00000000;
9334 : 00000000;
9335 : 00000000;
9336 : 00000000;
9337 : 00000000;
9338 : 00000000;
9339 : 00000000;
933a : 00000000;
933b : 00000000;
933c : 00000000;
933d : 00000000;
933e : 00000000;
933f : 00000000;
9340 : 00000000;
9341 : 00000000;
9342 : 00000000;
9343 : 00000000;
9344 : 00000000;
9345 : 00000000;
9346 : 00000000;
9347 : 00000000;
9348 : 00000000;
9349 : 00000000;
934a : 00000000;
934b : 00000000;
934c : 00000000;
934d : 00000000;
934e : 00000000;
934f : 00000000;
9350 : 00000000;
9351 : 00000000;
9352 : 00000000;
9353 : 00000000;
9354 : 00000000;
9355 : 00000000;
9356 : 00000000;
9357 : 00000000;
9358 : 00000000;
9359 : 00000000;
935a : 00000000;
935b : 00000000;
935c : 00000000;
935d : 00000000;
935e : 00000000;
935f : 00000000;
9360 : 00000000;
9361 : 00000000;
9362 : 00000000;
9363 : 00000000;
9364 : 00000000;
9365 : 00000000;
9366 : 00000000;
9367 : 00000000;
9368 : 00000000;
9369 : 00000000;
936a : 00000000;
936b : 00000000;
936c : 00000000;
936d : 00000000;
936e : 00000000;
936f : 00000000;
9370 : 00000000;
9371 : 00000000;
9372 : 00000000;
9373 : 00000000;
9374 : 00000000;
9375 : 00000000;
9376 : 00000000;
9377 : 00000000;
9378 : 00000000;
9379 : 00000000;
937a : 00000000;
937b : 00000000;
937c : 00000000;
937d : 00000000;
937e : 00000000;
937f : 00000000;
9380 : 00000000;
9381 : 00000000;
9382 : 00000000;
9383 : 00000000;
9384 : 00000000;
9385 : 00000000;
9386 : 00000000;
9387 : 00000000;
9388 : 00000000;
9389 : 00000000;
938a : 00000000;
938b : 00000000;
938c : 00000000;
938d : 00000000;
938e : 00000000;
938f : 00000000;
9390 : 00000000;
9391 : 00000000;
9392 : 00000000;
9393 : 00000000;
9394 : 00000000;
9395 : 00000000;
9396 : 00000000;
9397 : 00000000;
9398 : 00000000;
9399 : 00000000;
939a : 00000000;
939b : 00000000;
939c : 00000000;
939d : 00000000;
939e : 00000000;
939f : 00000000;
93a0 : 00000000;
93a1 : 00000000;
93a2 : 00000000;
93a3 : 00000000;
93a4 : 00000000;
93a5 : 00000000;
93a6 : 00000000;
93a7 : 00000000;
93a8 : 00000000;
93a9 : 00000000;
93aa : 00000000;
93ab : 00000000;
93ac : 00000000;
93ad : 00000000;
93ae : 00000000;
93af : 00000000;
93b0 : 00000000;
93b1 : 00000000;
93b2 : 00000000;
93b3 : 00000000;
93b4 : 00000000;
93b5 : 00000000;
93b6 : 00000000;
93b7 : 00000000;
93b8 : 00000000;
93b9 : 00000000;
93ba : 00000000;
93bb : 00000000;
93bc : 00000000;
93bd : 00000000;
93be : 00000000;
93bf : 00000000;
93c0 : 00000000;
93c1 : 00000000;
93c2 : 00000000;
93c3 : 00000000;
93c4 : 00000000;
93c5 : 00000000;
93c6 : 00000000;
93c7 : 00000000;
93c8 : 00000000;
93c9 : 00000000;
93ca : 00000000;
93cb : 00000000;
93cc : 00000000;
93cd : 00000000;
93ce : 00000000;
93cf : 00000000;
93d0 : 00000000;
93d1 : 00000000;
93d2 : 00000000;
93d3 : 00000000;
93d4 : 00000000;
93d5 : 00000000;
93d6 : 00000000;
93d7 : 00000000;
93d8 : 00000000;
93d9 : 00000000;
93da : 00000000;
93db : 00000000;
93dc : 00000000;
93dd : 00000000;
93de : 00000000;
93df : 00000000;
93e0 : 00000000;
93e1 : 00000000;
93e2 : 00000000;
93e3 : 00000000;
93e4 : 00000000;
93e5 : 00000000;
93e6 : 00000000;
93e7 : 00000000;
93e8 : 00000000;
93e9 : 00000000;
93ea : 00000000;
93eb : 00000000;
93ec : 00000000;
93ed : 00000000;
93ee : 00000000;
93ef : 00000000;
93f0 : 00000000;
93f1 : 00000000;
93f2 : 00000000;
93f3 : 00000000;
93f4 : 00000000;
93f5 : 00000000;
93f6 : 00000000;
93f7 : 00000000;
93f8 : 00000000;
93f9 : 00000000;
93fa : 00000000;
93fb : 00000000;
93fc : 00000000;
93fd : 00000000;
93fe : 00000000;
93ff : 00000000;
9400 : 00000000;
9401 : 00000000;
9402 : 00000000;
9403 : 00000000;
9404 : 00000000;
9405 : 00000000;
9406 : 00000000;
9407 : 00000000;
9408 : 00000000;
9409 : 00000000;
940a : 00000000;
940b : 00000000;
940c : 00000000;
940d : 00000000;
940e : 00000000;
940f : 00000000;
9410 : 00000000;
9411 : 00000000;
9412 : 00000000;
9413 : 00000000;
9414 : 00000000;
9415 : 00000000;
9416 : 00000000;
9417 : 00000000;
9418 : 00000000;
9419 : 00000000;
941a : 00000000;
941b : 00000000;
941c : 00000000;
941d : 00000000;
941e : 00000000;
941f : 00000000;
9420 : 00000000;
9421 : 00000000;
9422 : 00000000;
9423 : 00000000;
9424 : 00000000;
9425 : 00000000;
9426 : 00000000;
9427 : 00000000;
9428 : 00000000;
9429 : 00000000;
942a : 00000000;
942b : 00000000;
942c : 00000000;
942d : 00000000;
942e : 00000000;
942f : 00000000;
9430 : 00000000;
9431 : 00000000;
9432 : 00000000;
9433 : 00000000;
9434 : 00000000;
9435 : 00000000;
9436 : 00000000;
9437 : 00000000;
9438 : 00000000;
9439 : 00000000;
943a : 00000000;
943b : 00000000;
943c : 00000000;
943d : 00000000;
943e : 00000000;
943f : 00000000;
9440 : 00000000;
9441 : 00000000;
9442 : 00000000;
9443 : 00000000;
9444 : 00000000;
9445 : 00000000;
9446 : 00000000;
9447 : 00000000;
9448 : 00000000;
9449 : 00000000;
944a : 00000000;
944b : 00000000;
944c : 00000000;
944d : 00000000;
944e : 00000000;
944f : 00000000;
9450 : 00000000;
9451 : 00000000;
9452 : 00000000;
9453 : 00000000;
9454 : 00000000;
9455 : 00000000;
9456 : 00000000;
9457 : 00000000;
9458 : 00000000;
9459 : 00000000;
945a : 00000000;
945b : 00000000;
945c : 00000000;
945d : 00000000;
945e : 00000000;
945f : 00000000;
9460 : 00000000;
9461 : 00000000;
9462 : 00000000;
9463 : 00000000;
9464 : 00000000;
9465 : 00000000;
9466 : 00000000;
9467 : 00000000;
9468 : 00000000;
9469 : 00000000;
946a : 00000000;
946b : 00000000;
946c : 00000000;
946d : 00000000;
946e : 00000000;
946f : 00000000;
9470 : 00000000;
9471 : 00000000;
9472 : 00000000;
9473 : 00000000;
9474 : 00000000;
9475 : 00000000;
9476 : 00000000;
9477 : 00000000;
9478 : 00000000;
9479 : 00000000;
947a : 00000000;
947b : 00000000;
947c : 00000000;
947d : 00000000;
947e : 00000000;
947f : 00000000;
9480 : 00000000;
9481 : 00000000;
9482 : 00000000;
9483 : 00000000;
9484 : 00000000;
9485 : 00000000;
9486 : 00000000;
9487 : 00000000;
9488 : 00000000;
9489 : 00000000;
948a : 00000000;
948b : 00000000;
948c : 00000000;
948d : 00000000;
948e : 00000000;
948f : 00000000;
9490 : 00000000;
9491 : 00000000;
9492 : 00000000;
9493 : 00000000;
9494 : 00000000;
9495 : 00000000;
9496 : 00000000;
9497 : 00000000;
9498 : 00000000;
9499 : 00000000;
949a : 00000000;
949b : 00000000;
949c : 00000000;
949d : 00000000;
949e : 00000000;
949f : 00000000;
94a0 : 00000000;
94a1 : 00000000;
94a2 : 00000000;
94a3 : 00000000;
94a4 : 00000000;
94a5 : 00000000;
94a6 : 00000000;
94a7 : 00000000;
94a8 : 00000000;
94a9 : 00000000;
94aa : 00000000;
94ab : 00000000;
94ac : 00000000;
94ad : 00000000;
94ae : 00000000;
94af : 00000000;
94b0 : 00000000;
94b1 : 00000000;
94b2 : 00000000;
94b3 : 00000000;
94b4 : 00000000;
94b5 : 00000000;
94b6 : 00000000;
94b7 : 00000000;
94b8 : 00000000;
94b9 : 00000000;
94ba : 00000000;
94bb : 00000000;
94bc : 00000000;
94bd : 00000000;
94be : 00000000;
94bf : 00000000;
94c0 : 00000000;
94c1 : 00000000;
94c2 : 00000000;
94c3 : 00000000;
94c4 : 00000000;
94c5 : 00000000;
94c6 : 00000000;
94c7 : 00000000;
94c8 : 00000000;
94c9 : 00000000;
94ca : 00000000;
94cb : 00000000;
94cc : 00000000;
94cd : 00000000;
94ce : 00000000;
94cf : 00000000;
94d0 : 00000000;
94d1 : 00000000;
94d2 : 00000000;
94d3 : 00000000;
94d4 : 00000000;
94d5 : 00000000;
94d6 : 00000000;
94d7 : 00000000;
94d8 : 00000000;
94d9 : 00000000;
94da : 00000000;
94db : 00000000;
94dc : 00000000;
94dd : 00000000;
94de : 00000000;
94df : 00000000;
94e0 : 00000000;
94e1 : 00000000;
94e2 : 00000000;
94e3 : 00000000;
94e4 : 00000000;
94e5 : 00000000;
94e6 : 00000000;
94e7 : 00000000;
94e8 : 00000000;
94e9 : 00000000;
94ea : 00000000;
94eb : 00000000;
94ec : 00000000;
94ed : 00000000;
94ee : 00000000;
94ef : 00000000;
94f0 : 00000000;
94f1 : 00000000;
94f2 : 00000000;
94f3 : 00000000;
94f4 : 00000000;
94f5 : 00000000;
94f6 : 00000000;
94f7 : 00000000;
94f8 : 00000000;
94f9 : 00000000;
94fa : 00000000;
94fb : 00000000;
94fc : 00000000;
94fd : 00000000;
94fe : 00000000;
94ff : 00000000;
9500 : 00000000;
9501 : 00000000;
9502 : 00000000;
9503 : 00000000;
9504 : 00000000;
9505 : 00000000;
9506 : 00000000;
9507 : 00000000;
9508 : 00000000;
9509 : 00000000;
950a : 00000000;
950b : 00000000;
950c : 00000000;
950d : 00000000;
950e : 00000000;
950f : 00000000;
9510 : 00000000;
9511 : 00000000;
9512 : 00000000;
9513 : 00000000;
9514 : 00000000;
9515 : 00000000;
9516 : 00000000;
9517 : 00000000;
9518 : 00000000;
9519 : 00000000;
951a : 00000000;
951b : 00000000;
951c : 00000000;
951d : 00000000;
951e : 00000000;
951f : 00000000;
9520 : 00000000;
9521 : 00000000;
9522 : 00000000;
9523 : 00000000;
9524 : 00000000;
9525 : 00000000;
9526 : 00000000;
9527 : 00000000;
9528 : 00000000;
9529 : 00000000;
952a : 00000000;
952b : 00000000;
952c : 00000000;
952d : 00000000;
952e : 00000000;
952f : 00000000;
9530 : 00000000;
9531 : 00000000;
9532 : 00000000;
9533 : 00000000;
9534 : 00000000;
9535 : 00000000;
9536 : 00000000;
9537 : 00000000;
9538 : 00000000;
9539 : 00000000;
953a : 00000000;
953b : 00000000;
953c : 00000000;
953d : 00000000;
953e : 00000000;
953f : 00000000;
9540 : 00000000;
9541 : 00000000;
9542 : 00000000;
9543 : 00000000;
9544 : 00000000;
9545 : 00000000;
9546 : 00000000;
9547 : 00000000;
9548 : 00000000;
9549 : 00000000;
954a : 00000000;
954b : 00000000;
954c : 00000000;
954d : 00000000;
954e : 00000000;
954f : 00000000;
9550 : 00000000;
9551 : 00000000;
9552 : 00000000;
9553 : 00000000;
9554 : 00000000;
9555 : 00000000;
9556 : 00000000;
9557 : 00000000;
9558 : 00000000;
9559 : 00000000;
955a : 00000000;
955b : 00000000;
955c : 00000000;
955d : 00000000;
955e : 00000000;
955f : 00000000;
9560 : 00000000;
9561 : 00000000;
9562 : 00000000;
9563 : 00000000;
9564 : 00000000;
9565 : 00000000;
9566 : 00000000;
9567 : 00000000;
9568 : 00000000;
9569 : 00000000;
956a : 00000000;
956b : 00000000;
956c : 00000000;
956d : 00000000;
956e : 00000000;
956f : 00000000;
9570 : 00000000;
9571 : 00000000;
9572 : 00000000;
9573 : 00000000;
9574 : 00000000;
9575 : 00000000;
9576 : 00000000;
9577 : 00000000;
9578 : 00000000;
9579 : 00000000;
957a : 00000000;
957b : 00000000;
957c : 00000000;
957d : 00000000;
957e : 00000000;
957f : 00000000;
9580 : 00000000;
9581 : 00000000;
9582 : 00000000;
9583 : 00000000;
9584 : 00000000;
9585 : 00000000;
9586 : 00000000;
9587 : 00000000;
9588 : 00000000;
9589 : 00000000;
958a : 00000000;
958b : 00000000;
958c : 00000000;
958d : 00000000;
958e : 00000000;
958f : 00000000;
9590 : 00000000;
9591 : 00000000;
9592 : 00000000;
9593 : 00000000;
9594 : 00000000;
9595 : 00000000;
9596 : 00000000;
9597 : 00000000;
9598 : 00000000;
9599 : 00000000;
959a : 00000000;
959b : 00000000;
959c : 00000000;
959d : 00000000;
959e : 00000000;
959f : 00000000;
95a0 : 00000000;
95a1 : 00000000;
95a2 : 00000000;
95a3 : 00000000;
95a4 : 00000000;
95a5 : 00000000;
95a6 : 00000000;
95a7 : 00000000;
95a8 : 00000000;
95a9 : 00000000;
95aa : 00000000;
95ab : 00000000;
95ac : 00000000;
95ad : 00000000;
95ae : 00000000;
95af : 00000000;
95b0 : 00000000;
95b1 : 00000000;
95b2 : 00000000;
95b3 : 00000000;
95b4 : 00000000;
95b5 : 00000000;
95b6 : 00000000;
95b7 : 00000000;
95b8 : 00000000;
95b9 : 00000000;
95ba : 00000000;
95bb : 00000000;
95bc : 00000000;
95bd : 00000000;
95be : 00000000;
95bf : 00000000;
95c0 : 00000000;
95c1 : 00000000;
95c2 : 00000000;
95c3 : 00000000;
95c4 : 00000000;
95c5 : 00000000;
95c6 : 00000000;
95c7 : 00000000;
95c8 : 00000000;
95c9 : 00000000;
95ca : 00000000;
95cb : 00000000;
95cc : 00000000;
95cd : 00000000;
95ce : 00000000;
95cf : 00000000;
95d0 : 00000000;
95d1 : 00000000;
95d2 : 00000000;
95d3 : 00000000;
95d4 : 00000000;
95d5 : 00000000;
95d6 : 00000000;
95d7 : 00000000;
95d8 : 00000000;
95d9 : 00000000;
95da : 00000000;
95db : 00000000;
95dc : 00000000;
95dd : 00000000;
95de : 00000000;
95df : 00000000;
95e0 : 00000000;
95e1 : 00000000;
95e2 : 00000000;
95e3 : 00000000;
95e4 : 00000000;
95e5 : 00000000;
95e6 : 00000000;
95e7 : 00000000;
95e8 : 00000000;
95e9 : 00000000;
95ea : 00000000;
95eb : 00000000;
95ec : 00000000;
95ed : 00000000;
95ee : 00000000;
95ef : 00000000;
95f0 : 00000000;
95f1 : 00000000;
95f2 : 00000000;
95f3 : 00000000;
95f4 : 00000000;
95f5 : 00000000;
95f6 : 00000000;
95f7 : 00000000;
95f8 : 00000000;
95f9 : 00000000;
95fa : 00000000;
95fb : 00000000;
95fc : 00000000;
95fd : 00000000;
95fe : 00000000;
95ff : 00000000;
9600 : 00000000;
9601 : 00000000;
9602 : 00000000;
9603 : 00000000;
9604 : 00000000;
9605 : 00000000;
9606 : 00000000;
9607 : 00000000;
9608 : 00000000;
9609 : 00000000;
960a : 00000000;
960b : 00000000;
960c : 00000000;
960d : 00000000;
960e : 00000000;
960f : 00000000;
9610 : 00000000;
9611 : 00000000;
9612 : 00000000;
9613 : 00000000;
9614 : 00000000;
9615 : 00000000;
9616 : 00000000;
9617 : 00000000;
9618 : 00000000;
9619 : 00000000;
961a : 00000000;
961b : 00000000;
961c : 00000000;
961d : 00000000;
961e : 00000000;
961f : 00000000;
9620 : 00000000;
9621 : 00000000;
9622 : 00000000;
9623 : 00000000;
9624 : 00000000;
9625 : 00000000;
9626 : 00000000;
9627 : 00000000;
9628 : 00000000;
9629 : 00000000;
962a : 00000000;
962b : 00000000;
962c : 00000000;
962d : 00000000;
962e : 00000000;
962f : 00000000;
9630 : 00000000;
9631 : 00000000;
9632 : 00000000;
9633 : 00000000;
9634 : 00000000;
9635 : 00000000;
9636 : 00000000;
9637 : 00000000;
9638 : 00000000;
9639 : 00000000;
963a : 00000000;
963b : 00000000;
963c : 00000000;
963d : 00000000;
963e : 00000000;
963f : 00000000;
9640 : 00000000;
9641 : 00000000;
9642 : 00000000;
9643 : 00000000;
9644 : 00000000;
9645 : 00000000;
9646 : 00000000;
9647 : 00000000;
9648 : 00000000;
9649 : 00000000;
964a : 00000000;
964b : 00000000;
964c : 00000000;
964d : 00000000;
964e : 00000000;
964f : 00000000;
9650 : 00000000;
9651 : 00000000;
9652 : 00000000;
9653 : 00000000;
9654 : 00000000;
9655 : 00000000;
9656 : 00000000;
9657 : 00000000;
9658 : 00000000;
9659 : 00000000;
965a : 00000000;
965b : 00000000;
965c : 00000000;
965d : 00000000;
965e : 00000000;
965f : 00000000;
9660 : 00000000;
9661 : 00000000;
9662 : 00000000;
9663 : 00000000;
9664 : 00000000;
9665 : 00000000;
9666 : 00000000;
9667 : 00000000;
9668 : 00000000;
9669 : 00000000;
966a : 00000000;
966b : 00000000;
966c : 00000000;
966d : 00000000;
966e : 00000000;
966f : 00000000;
9670 : 00000000;
9671 : 00000000;
9672 : 00000000;
9673 : 00000000;
9674 : 00000000;
9675 : 00000000;
9676 : 00000000;
9677 : 00000000;
9678 : 00000000;
9679 : 00000000;
967a : 00000000;
967b : 00000000;
967c : 00000000;
967d : 00000000;
967e : 00000000;
967f : 00000000;
9680 : 00000000;
9681 : 00000000;
9682 : 00000000;
9683 : 00000000;
9684 : 00000000;
9685 : 00000000;
9686 : 00000000;
9687 : 00000000;
9688 : 00000000;
9689 : 00000000;
968a : 00000000;
968b : 00000000;
968c : 00000000;
968d : 00000000;
968e : 00000000;
968f : 00000000;
9690 : 00000000;
9691 : 00000000;
9692 : 00000000;
9693 : 00000000;
9694 : 00000000;
9695 : 00000000;
9696 : 00000000;
9697 : 00000000;
9698 : 00000000;
9699 : 00000000;
969a : 00000000;
969b : 00000000;
969c : 00000000;
969d : 00000000;
969e : 00000000;
969f : 00000000;
96a0 : 00000000;
96a1 : 00000000;
96a2 : 00000000;
96a3 : 00000000;
96a4 : 00000000;
96a5 : 00000000;
96a6 : 00000000;
96a7 : 00000000;
96a8 : 00000000;
96a9 : 00000000;
96aa : 00000000;
96ab : 00000000;
96ac : 00000000;
96ad : 00000000;
96ae : 00000000;
96af : 00000000;
96b0 : 00000000;
96b1 : 00000000;
96b2 : 00000000;
96b3 : 00000000;
96b4 : 00000000;
96b5 : 00000000;
96b6 : 00000000;
96b7 : 00000000;
96b8 : 00000000;
96b9 : 00000000;
96ba : 00000000;
96bb : 00000000;
96bc : 00000000;
96bd : 00000000;
96be : 00000000;
96bf : 00000000;
96c0 : 00000000;
96c1 : 00000000;
96c2 : 00000000;
96c3 : 00000000;
96c4 : 00000000;
96c5 : 00000000;
96c6 : 00000000;
96c7 : 00000000;
96c8 : 00000000;
96c9 : 00000000;
96ca : 00000000;
96cb : 00000000;
96cc : 00000000;
96cd : 00000000;
96ce : 00000000;
96cf : 00000000;
96d0 : 00000000;
96d1 : 00000000;
96d2 : 00000000;
96d3 : 00000000;
96d4 : 00000000;
96d5 : 00000000;
96d6 : 00000000;
96d7 : 00000000;
96d8 : 00000000;
96d9 : 00000000;
96da : 00000000;
96db : 00000000;
96dc : 00000000;
96dd : 00000000;
96de : 00000000;
96df : 00000000;
96e0 : 00000000;
96e1 : 00000000;
96e2 : 00000000;
96e3 : 00000000;
96e4 : 00000000;
96e5 : 00000000;
96e6 : 00000000;
96e7 : 00000000;
96e8 : 00000000;
96e9 : 00000000;
96ea : 00000000;
96eb : 00000000;
96ec : 00000000;
96ed : 00000000;
96ee : 00000000;
96ef : 00000000;
96f0 : 00000000;
96f1 : 00000000;
96f2 : 00000000;
96f3 : 00000000;
96f4 : 00000000;
96f5 : 00000000;
96f6 : 00000000;
96f7 : 00000000;
96f8 : 00000000;
96f9 : 00000000;
96fa : 00000000;
96fb : 00000000;
96fc : 00000000;
96fd : 00000000;
96fe : 00000000;
96ff : 00000000;
9700 : 00000000;
9701 : 00000000;
9702 : 00000000;
9703 : 00000000;
9704 : 00000000;
9705 : 00000000;
9706 : 00000000;
9707 : 00000000;
9708 : 00000000;
9709 : 00000000;
970a : 00000000;
970b : 00000000;
970c : 00000000;
970d : 00000000;
970e : 00000000;
970f : 00000000;
9710 : 00000000;
9711 : 00000000;
9712 : 00000000;
9713 : 00000000;
9714 : 00000000;
9715 : 00000000;
9716 : 00000000;
9717 : 00000000;
9718 : 00000000;
9719 : 00000000;
971a : 00000000;
971b : 00000000;
971c : 00000000;
971d : 00000000;
971e : 00000000;
971f : 00000000;
9720 : 00000000;
9721 : 00000000;
9722 : 00000000;
9723 : 00000000;
9724 : 00000000;
9725 : 00000000;
9726 : 00000000;
9727 : 00000000;
9728 : 00000000;
9729 : 00000000;
972a : 00000000;
972b : 00000000;
972c : 00000000;
972d : 00000000;
972e : 00000000;
972f : 00000000;
9730 : 00000000;
9731 : 00000000;
9732 : 00000000;
9733 : 00000000;
9734 : 00000000;
9735 : 00000000;
9736 : 00000000;
9737 : 00000000;
9738 : 00000000;
9739 : 00000000;
973a : 00000000;
973b : 00000000;
973c : 00000000;
973d : 00000000;
973e : 00000000;
973f : 00000000;
9740 : 00000000;
9741 : 00000000;
9742 : 00000000;
9743 : 00000000;
9744 : 00000000;
9745 : 00000000;
9746 : 00000000;
9747 : 00000000;
9748 : 00000000;
9749 : 00000000;
974a : 00000000;
974b : 00000000;
974c : 00000000;
974d : 00000000;
974e : 00000000;
974f : 00000000;
9750 : 00000000;
9751 : 00000000;
9752 : 00000000;
9753 : 00000000;
9754 : 00000000;
9755 : 00000000;
9756 : 00000000;
9757 : 00000000;
9758 : 00000000;
9759 : 00000000;
975a : 00000000;
975b : 00000000;
975c : 00000000;
975d : 00000000;
975e : 00000000;
975f : 00000000;
9760 : 00000000;
9761 : 00000000;
9762 : 00000000;
9763 : 00000000;
9764 : 00000000;
9765 : 00000000;
9766 : 00000000;
9767 : 00000000;
9768 : 00000000;
9769 : 00000000;
976a : 00000000;
976b : 00000000;
976c : 00000000;
976d : 00000000;
976e : 00000000;
976f : 00000000;
9770 : 00000000;
9771 : 00000000;
9772 : 00000000;
9773 : 00000000;
9774 : 00000000;
9775 : 00000000;
9776 : 00000000;
9777 : 00000000;
9778 : 00000000;
9779 : 00000000;
977a : 00000000;
977b : 00000000;
977c : 00000000;
977d : 00000000;
977e : 00000000;
977f : 00000000;
9780 : 00000000;
9781 : 00000000;
9782 : 00000000;
9783 : 00000000;
9784 : 00000000;
9785 : 00000000;
9786 : 00000000;
9787 : 00000000;
9788 : 00000000;
9789 : 00000000;
978a : 00000000;
978b : 00000000;
978c : 00000000;
978d : 00000000;
978e : 00000000;
978f : 00000000;
9790 : 00000000;
9791 : 00000000;
9792 : 00000000;
9793 : 00000000;
9794 : 00000000;
9795 : 00000000;
9796 : 00000000;
9797 : 00000000;
9798 : 00000000;
9799 : 00000000;
979a : 00000000;
979b : 00000000;
979c : 00000000;
979d : 00000000;
979e : 00000000;
979f : 00000000;
97a0 : 00000000;
97a1 : 00000000;
97a2 : 00000000;
97a3 : 00000000;
97a4 : 00000000;
97a5 : 00000000;
97a6 : 00000000;
97a7 : 00000000;
97a8 : 00000000;
97a9 : 00000000;
97aa : 00000000;
97ab : 00000000;
97ac : 00000000;
97ad : 00000000;
97ae : 00000000;
97af : 00000000;
97b0 : 00000000;
97b1 : 00000000;
97b2 : 00000000;
97b3 : 00000000;
97b4 : 00000000;
97b5 : 00000000;
97b6 : 00000000;
97b7 : 00000000;
97b8 : 00000000;
97b9 : 00000000;
97ba : 00000000;
97bb : 00000000;
97bc : 00000000;
97bd : 00000000;
97be : 00000000;
97bf : 00000000;
97c0 : 00000000;
97c1 : 00000000;
97c2 : 00000000;
97c3 : 00000000;
97c4 : 00000000;
97c5 : 00000000;
97c6 : 00000000;
97c7 : 00000000;
97c8 : 00000000;
97c9 : 00000000;
97ca : 00000000;
97cb : 00000000;
97cc : 00000000;
97cd : 00000000;
97ce : 00000000;
97cf : 00000000;
97d0 : 00000000;
97d1 : 00000000;
97d2 : 00000000;
97d3 : 00000000;
97d4 : 00000000;
97d5 : 00000000;
97d6 : 00000000;
97d7 : 00000000;
97d8 : 00000000;
97d9 : 00000000;
97da : 00000000;
97db : 00000000;
97dc : 00000000;
97dd : 00000000;
97de : 00000000;
97df : 00000000;
97e0 : 00000000;
97e1 : 00000000;
97e2 : 00000000;
97e3 : 00000000;
97e4 : 00000000;
97e5 : 00000000;
97e6 : 00000000;
97e7 : 00000000;
97e8 : 00000000;
97e9 : 00000000;
97ea : 00000000;
97eb : 00000000;
97ec : 00000000;
97ed : 00000000;
97ee : 00000000;
97ef : 00000000;
97f0 : 00000000;
97f1 : 00000000;
97f2 : 00000000;
97f3 : 00000000;
97f4 : 00000000;
97f5 : 00000000;
97f6 : 00000000;
97f7 : 00000000;
97f8 : 00000000;
97f9 : 00000000;
97fa : 00000000;
97fb : 00000000;
97fc : 00000000;
97fd : 00000000;
97fe : 00000000;
97ff : 00000000;
9800 : 00000000;
9801 : 00000000;
9802 : 00000000;
9803 : 00000000;
9804 : 00000000;
9805 : 00000000;
9806 : 00000000;
9807 : 00000000;
9808 : 00000000;
9809 : 00000000;
980a : 00000000;
980b : 00000000;
980c : 00000000;
980d : 00000000;
980e : 00000000;
980f : 00000000;
9810 : 00000000;
9811 : 00000000;
9812 : 00000000;
9813 : 00000000;
9814 : 00000000;
9815 : 00000000;
9816 : 00000000;
9817 : 00000000;
9818 : 00000000;
9819 : 00000000;
981a : 00000000;
981b : 00000000;
981c : 00000000;
981d : 00000000;
981e : 00000000;
981f : 00000000;
9820 : 00000000;
9821 : 00000000;
9822 : 00000000;
9823 : 00000000;
9824 : 00000000;
9825 : 00000000;
9826 : 00000000;
9827 : 00000000;
9828 : 00000000;
9829 : 00000000;
982a : 00000000;
982b : 00000000;
982c : 00000000;
982d : 00000000;
982e : 00000000;
982f : 00000000;
9830 : 00000000;
9831 : 00000000;
9832 : 00000000;
9833 : 00000000;
9834 : 00000000;
9835 : 00000000;
9836 : 00000000;
9837 : 00000000;
9838 : 00000000;
9839 : 00000000;
983a : 00000000;
983b : 00000000;
983c : 00000000;
983d : 00000000;
983e : 00000000;
983f : 00000000;
9840 : 00000000;
9841 : 00000000;
9842 : 00000000;
9843 : 00000000;
9844 : 00000000;
9845 : 00000000;
9846 : 00000000;
9847 : 00000000;
9848 : 00000000;
9849 : 00000000;
984a : 00000000;
984b : 00000000;
984c : 00000000;
984d : 00000000;
984e : 00000000;
984f : 00000000;
9850 : 00000000;
9851 : 00000000;
9852 : 00000000;
9853 : 00000000;
9854 : 00000000;
9855 : 00000000;
9856 : 00000000;
9857 : 00000000;
9858 : 00000000;
9859 : 00000000;
985a : 00000000;
985b : 00000000;
985c : 00000000;
985d : 00000000;
985e : 00000000;
985f : 00000000;
9860 : 00000000;
9861 : 00000000;
9862 : 00000000;
9863 : 00000000;
9864 : 00000000;
9865 : 00000000;
9866 : 00000000;
9867 : 00000000;
9868 : 00000000;
9869 : 00000000;
986a : 00000000;
986b : 00000000;
986c : 00000000;
986d : 00000000;
986e : 00000000;
986f : 00000000;
9870 : 00000000;
9871 : 00000000;
9872 : 00000000;
9873 : 00000000;
9874 : 00000000;
9875 : 00000000;
9876 : 00000000;
9877 : 00000000;
9878 : 00000000;
9879 : 00000000;
987a : 00000000;
987b : 00000000;
987c : 00000000;
987d : 00000000;
987e : 00000000;
987f : 00000000;
9880 : 00000000;
9881 : 00000000;
9882 : 00000000;
9883 : 00000000;
9884 : 00000000;
9885 : 00000000;
9886 : 00000000;
9887 : 00000000;
9888 : 00000000;
9889 : 00000000;
988a : 00000000;
988b : 00000000;
988c : 00000000;
988d : 00000000;
988e : 00000000;
988f : 00000000;
9890 : 00000000;
9891 : 00000000;
9892 : 00000000;
9893 : 00000000;
9894 : 00000000;
9895 : 00000000;
9896 : 00000000;
9897 : 00000000;
9898 : 00000000;
9899 : 00000000;
989a : 00000000;
989b : 00000000;
989c : 00000000;
989d : 00000000;
989e : 00000000;
989f : 00000000;
98a0 : 00000000;
98a1 : 00000000;
98a2 : 00000000;
98a3 : 00000000;
98a4 : 00000000;
98a5 : 00000000;
98a6 : 00000000;
98a7 : 00000000;
98a8 : 00000000;
98a9 : 00000000;
98aa : 00000000;
98ab : 00000000;
98ac : 00000000;
98ad : 00000000;
98ae : 00000000;
98af : 00000000;
98b0 : 00000000;
98b1 : 00000000;
98b2 : 00000000;
98b3 : 00000000;
98b4 : 00000000;
98b5 : 00000000;
98b6 : 00000000;
98b7 : 00000000;
98b8 : 00000000;
98b9 : 00000000;
98ba : 00000000;
98bb : 00000000;
98bc : 00000000;
98bd : 00000000;
98be : 00000000;
98bf : 00000000;
98c0 : 00000000;
98c1 : 00000000;
98c2 : 00000000;
98c3 : 00000000;
98c4 : 00000000;
98c5 : 00000000;
98c6 : 00000000;
98c7 : 00000000;
98c8 : 00000000;
98c9 : 00000000;
98ca : 00000000;
98cb : 00000000;
98cc : 00000000;
98cd : 00000000;
98ce : 00000000;
98cf : 00000000;
98d0 : 00000000;
98d1 : 00000000;
98d2 : 00000000;
98d3 : 00000000;
98d4 : 00000000;
98d5 : 00000000;
98d6 : 00000000;
98d7 : 00000000;
98d8 : 00000000;
98d9 : 00000000;
98da : 00000000;
98db : 00000000;
98dc : 00000000;
98dd : 00000000;
98de : 00000000;
98df : 00000000;
98e0 : 00000000;
98e1 : 00000000;
98e2 : 00000000;
98e3 : 00000000;
98e4 : 00000000;
98e5 : 00000000;
98e6 : 00000000;
98e7 : 00000000;
98e8 : 00000000;
98e9 : 00000000;
98ea : 00000000;
98eb : 00000000;
98ec : 00000000;
98ed : 00000000;
98ee : 00000000;
98ef : 00000000;
98f0 : 00000000;
98f1 : 00000000;
98f2 : 00000000;
98f3 : 00000000;
98f4 : 00000000;
98f5 : 00000000;
98f6 : 00000000;
98f7 : 00000000;
98f8 : 00000000;
98f9 : 00000000;
98fa : 00000000;
98fb : 00000000;
98fc : 00000000;
98fd : 00000000;
98fe : 00000000;
98ff : 00000000;
9900 : 00000000;
9901 : 00000000;
9902 : 00000000;
9903 : 00000000;
9904 : 00000000;
9905 : 00000000;
9906 : 00000000;
9907 : 00000000;
9908 : 00000000;
9909 : 00000000;
990a : 00000000;
990b : 00000000;
990c : 00000000;
990d : 00000000;
990e : 00000000;
990f : 00000000;
9910 : 00000000;
9911 : 00000000;
9912 : 00000000;
9913 : 00000000;
9914 : 00000000;
9915 : 00000000;
9916 : 00000000;
9917 : 00000000;
9918 : 00000000;
9919 : 00000000;
991a : 00000000;
991b : 00000000;
991c : 00000000;
991d : 00000000;
991e : 00000000;
991f : 00000000;
9920 : 00000000;
9921 : 00000000;
9922 : 00000000;
9923 : 00000000;
9924 : 00000000;
9925 : 00000000;
9926 : 00000000;
9927 : 00000000;
9928 : 00000000;
9929 : 00000000;
992a : 00000000;
992b : 00000000;
992c : 00000000;
992d : 00000000;
992e : 00000000;
992f : 00000000;
9930 : 00000000;
9931 : 00000000;
9932 : 00000000;
9933 : 00000000;
9934 : 00000000;
9935 : 00000000;
9936 : 00000000;
9937 : 00000000;
9938 : 00000000;
9939 : 00000000;
993a : 00000000;
993b : 00000000;
993c : 00000000;
993d : 00000000;
993e : 00000000;
993f : 00000000;
9940 : 00000000;
9941 : 00000000;
9942 : 00000000;
9943 : 00000000;
9944 : 00000000;
9945 : 00000000;
9946 : 00000000;
9947 : 00000000;
9948 : 00000000;
9949 : 00000000;
994a : 00000000;
994b : 00000000;
994c : 00000000;
994d : 00000000;
994e : 00000000;
994f : 00000000;
9950 : 00000000;
9951 : 00000000;
9952 : 00000000;
9953 : 00000000;
9954 : 00000000;
9955 : 00000000;
9956 : 00000000;
9957 : 00000000;
9958 : 00000000;
9959 : 00000000;
995a : 00000000;
995b : 00000000;
995c : 00000000;
995d : 00000000;
995e : 00000000;
995f : 00000000;
9960 : 00000000;
9961 : 00000000;
9962 : 00000000;
9963 : 00000000;
9964 : 00000000;
9965 : 00000000;
9966 : 00000000;
9967 : 00000000;
9968 : 00000000;
9969 : 00000000;
996a : 00000000;
996b : 00000000;
996c : 00000000;
996d : 00000000;
996e : 00000000;
996f : 00000000;
9970 : 00000000;
9971 : 00000000;
9972 : 00000000;
9973 : 00000000;
9974 : 00000000;
9975 : 00000000;
9976 : 00000000;
9977 : 00000000;
9978 : 00000000;
9979 : 00000000;
997a : 00000000;
997b : 00000000;
997c : 00000000;
997d : 00000000;
997e : 00000000;
997f : 00000000;
9980 : 00000000;
9981 : 00000000;
9982 : 00000000;
9983 : 00000000;
9984 : 00000000;
9985 : 00000000;
9986 : 00000000;
9987 : 00000000;
9988 : 00000000;
9989 : 00000000;
998a : 00000000;
998b : 00000000;
998c : 00000000;
998d : 00000000;
998e : 00000000;
998f : 00000000;
9990 : 00000000;
9991 : 00000000;
9992 : 00000000;
9993 : 00000000;
9994 : 00000000;
9995 : 00000000;
9996 : 00000000;
9997 : 00000000;
9998 : 00000000;
9999 : 00000000;
999a : 00000000;
999b : 00000000;
999c : 00000000;
999d : 00000000;
999e : 00000000;
999f : 00000000;
99a0 : 00000000;
99a1 : 00000000;
99a2 : 00000000;
99a3 : 00000000;
99a4 : 00000000;
99a5 : 00000000;
99a6 : 00000000;
99a7 : 00000000;
99a8 : 00000000;
99a9 : 00000000;
99aa : 00000000;
99ab : 00000000;
99ac : 00000000;
99ad : 00000000;
99ae : 00000000;
99af : 00000000;
99b0 : 00000000;
99b1 : 00000000;
99b2 : 00000000;
99b3 : 00000000;
99b4 : 00000000;
99b5 : 00000000;
99b6 : 00000000;
99b7 : 00000000;
99b8 : 00000000;
99b9 : 00000000;
99ba : 00000000;
99bb : 00000000;
99bc : 00000000;
99bd : 00000000;
99be : 00000000;
99bf : 00000000;
99c0 : 00000000;
99c1 : 00000000;
99c2 : 00000000;
99c3 : 00000000;
99c4 : 00000000;
99c5 : 00000000;
99c6 : 00000000;
99c7 : 00000000;
99c8 : 00000000;
99c9 : 00000000;
99ca : 00000000;
99cb : 00000000;
99cc : 00000000;
99cd : 00000000;
99ce : 00000000;
99cf : 00000000;
99d0 : 00000000;
99d1 : 00000000;
99d2 : 00000000;
99d3 : 00000000;
99d4 : 00000000;
99d5 : 00000000;
99d6 : 00000000;
99d7 : 00000000;
99d8 : 00000000;
99d9 : 00000000;
99da : 00000000;
99db : 00000000;
99dc : 00000000;
99dd : 00000000;
99de : 00000000;
99df : 00000000;
99e0 : 00000000;
99e1 : 00000000;
99e2 : 00000000;
99e3 : 00000000;
99e4 : 00000000;
99e5 : 00000000;
99e6 : 00000000;
99e7 : 00000000;
99e8 : 00000000;
99e9 : 00000000;
99ea : 00000000;
99eb : 00000000;
99ec : 00000000;
99ed : 00000000;
99ee : 00000000;
99ef : 00000000;
99f0 : 00000000;
99f1 : 00000000;
99f2 : 00000000;
99f3 : 00000000;
99f4 : 00000000;
99f5 : 00000000;
99f6 : 00000000;
99f7 : 00000000;
99f8 : 00000000;
99f9 : 00000000;
99fa : 00000000;
99fb : 00000000;
99fc : 00000000;
99fd : 00000000;
99fe : 00000000;
99ff : 00000000;
9a00 : 00000000;
9a01 : 00000000;
9a02 : 00000000;
9a03 : 00000000;
9a04 : 00000000;
9a05 : 00000000;
9a06 : 00000000;
9a07 : 00000000;
9a08 : 00000000;
9a09 : 00000000;
9a0a : 00000000;
9a0b : 00000000;
9a0c : 00000000;
9a0d : 00000000;
9a0e : 00000000;
9a0f : 00000000;
9a10 : 00000000;
9a11 : 00000000;
9a12 : 00000000;
9a13 : 00000000;
9a14 : 00000000;
9a15 : 00000000;
9a16 : 00000000;
9a17 : 00000000;
9a18 : 00000000;
9a19 : 00000000;
9a1a : 00000000;
9a1b : 00000000;
9a1c : 00000000;
9a1d : 00000000;
9a1e : 00000000;
9a1f : 00000000;
9a20 : 00000000;
9a21 : 00000000;
9a22 : 00000000;
9a23 : 00000000;
9a24 : 00000000;
9a25 : 00000000;
9a26 : 00000000;
9a27 : 00000000;
9a28 : 00000000;
9a29 : 00000000;
9a2a : 00000000;
9a2b : 00000000;
9a2c : 00000000;
9a2d : 00000000;
9a2e : 00000000;
9a2f : 00000000;
9a30 : 00000000;
9a31 : 00000000;
9a32 : 00000000;
9a33 : 00000000;
9a34 : 00000000;
9a35 : 00000000;
9a36 : 00000000;
9a37 : 00000000;
9a38 : 00000000;
9a39 : 00000000;
9a3a : 00000000;
9a3b : 00000000;
9a3c : 00000000;
9a3d : 00000000;
9a3e : 00000000;
9a3f : 00000000;
9a40 : 00000000;
9a41 : 00000000;
9a42 : 00000000;
9a43 : 00000000;
9a44 : 00000000;
9a45 : 00000000;
9a46 : 00000000;
9a47 : 00000000;
9a48 : 00000000;
9a49 : 00000000;
9a4a : 00000000;
9a4b : 00000000;
9a4c : 00000000;
9a4d : 00000000;
9a4e : 00000000;
9a4f : 00000000;
9a50 : 00000000;
9a51 : 00000000;
9a52 : 00000000;
9a53 : 00000000;
9a54 : 00000000;
9a55 : 00000000;
9a56 : 00000000;
9a57 : 00000000;
9a58 : 00000000;
9a59 : 00000000;
9a5a : 00000000;
9a5b : 00000000;
9a5c : 00000000;
9a5d : 00000000;
9a5e : 00000000;
9a5f : 00000000;
9a60 : 00000000;
9a61 : 00000000;
9a62 : 00000000;
9a63 : 00000000;
9a64 : 00000000;
9a65 : 00000000;
9a66 : 00000000;
9a67 : 00000000;
9a68 : 00000000;
9a69 : 00000000;
9a6a : 00000000;
9a6b : 00000000;
9a6c : 00000000;
9a6d : 00000000;
9a6e : 00000000;
9a6f : 00000000;
9a70 : 00000000;
9a71 : 00000000;
9a72 : 00000000;
9a73 : 00000000;
9a74 : 00000000;
9a75 : 00000000;
9a76 : 00000000;
9a77 : 00000000;
9a78 : 00000000;
9a79 : 00000000;
9a7a : 00000000;
9a7b : 00000000;
9a7c : 00000000;
9a7d : 00000000;
9a7e : 00000000;
9a7f : 00000000;
9a80 : 00000000;
9a81 : 00000000;
9a82 : 00000000;
9a83 : 00000000;
9a84 : 00000000;
9a85 : 00000000;
9a86 : 00000000;
9a87 : 00000000;
9a88 : 00000000;
9a89 : 00000000;
9a8a : 00000000;
9a8b : 00000000;
9a8c : 00000000;
9a8d : 00000000;
9a8e : 00000000;
9a8f : 00000000;
9a90 : 00000000;
9a91 : 00000000;
9a92 : 00000000;
9a93 : 00000000;
9a94 : 00000000;
9a95 : 00000000;
9a96 : 00000000;
9a97 : 00000000;
9a98 : 00000000;
9a99 : 00000000;
9a9a : 00000000;
9a9b : 00000000;
9a9c : 00000000;
9a9d : 00000000;
9a9e : 00000000;
9a9f : 00000000;
9aa0 : 00000000;
9aa1 : 00000000;
9aa2 : 00000000;
9aa3 : 00000000;
9aa4 : 00000000;
9aa5 : 00000000;
9aa6 : 00000000;
9aa7 : 00000000;
9aa8 : 00000000;
9aa9 : 00000000;
9aaa : 00000000;
9aab : 00000000;
9aac : 00000000;
9aad : 00000000;
9aae : 00000000;
9aaf : 00000000;
9ab0 : 00000000;
9ab1 : 00000000;
9ab2 : 00000000;
9ab3 : 00000000;
9ab4 : 00000000;
9ab5 : 00000000;
9ab6 : 00000000;
9ab7 : 00000000;
9ab8 : 00000000;
9ab9 : 00000000;
9aba : 00000000;
9abb : 00000000;
9abc : 00000000;
9abd : 00000000;
9abe : 00000000;
9abf : 00000000;
9ac0 : 00000000;
9ac1 : 00000000;
9ac2 : 00000000;
9ac3 : 00000000;
9ac4 : 00000000;
9ac5 : 00000000;
9ac6 : 00000000;
9ac7 : 00000000;
9ac8 : 00000000;
9ac9 : 00000000;
9aca : 00000000;
9acb : 00000000;
9acc : 00000000;
9acd : 00000000;
9ace : 00000000;
9acf : 00000000;
9ad0 : 00000000;
9ad1 : 00000000;
9ad2 : 00000000;
9ad3 : 00000000;
9ad4 : 00000000;
9ad5 : 00000000;
9ad6 : 00000000;
9ad7 : 00000000;
9ad8 : 00000000;
9ad9 : 00000000;
9ada : 00000000;
9adb : 00000000;
9adc : 00000000;
9add : 00000000;
9ade : 00000000;
9adf : 00000000;
9ae0 : 00000000;
9ae1 : 00000000;
9ae2 : 00000000;
9ae3 : 00000000;
9ae4 : 00000000;
9ae5 : 00000000;
9ae6 : 00000000;
9ae7 : 00000000;
9ae8 : 00000000;
9ae9 : 00000000;
9aea : 00000000;
9aeb : 00000000;
9aec : 00000000;
9aed : 00000000;
9aee : 00000000;
9aef : 00000000;
9af0 : 00000000;
9af1 : 00000000;
9af2 : 00000000;
9af3 : 00000000;
9af4 : 00000000;
9af5 : 00000000;
9af6 : 00000000;
9af7 : 00000000;
9af8 : 00000000;
9af9 : 00000000;
9afa : 00000000;
9afb : 00000000;
9afc : 00000000;
9afd : 00000000;
9afe : 00000000;
9aff : 00000000;
9b00 : 00000000;
9b01 : 00000000;
9b02 : 00000000;
9b03 : 00000000;
9b04 : 00000000;
9b05 : 00000000;
9b06 : 00000000;
9b07 : 00000000;
9b08 : 00000000;
9b09 : 00000000;
9b0a : 00000000;
9b0b : 00000000;
9b0c : 00000000;
9b0d : 00000000;
9b0e : 00000000;
9b0f : 00000000;
9b10 : 00000000;
9b11 : 00000000;
9b12 : 00000000;
9b13 : 00000000;
9b14 : 00000000;
9b15 : 00000000;
9b16 : 00000000;
9b17 : 00000000;
9b18 : 00000000;
9b19 : 00000000;
9b1a : 00000000;
9b1b : 00000000;
9b1c : 00000000;
9b1d : 00000000;
9b1e : 00000000;
9b1f : 00000000;
9b20 : 00000000;
9b21 : 00000000;
9b22 : 00000000;
9b23 : 00000000;
9b24 : 00000000;
9b25 : 00000000;
9b26 : 00000000;
9b27 : 00000000;
9b28 : 00000000;
9b29 : 00000000;
9b2a : 00000000;
9b2b : 00000000;
9b2c : 00000000;
9b2d : 00000000;
9b2e : 00000000;
9b2f : 00000000;
9b30 : 00000000;
9b31 : 00000000;
9b32 : 00000000;
9b33 : 00000000;
9b34 : 00000000;
9b35 : 00000000;
9b36 : 00000000;
9b37 : 00000000;
9b38 : 00000000;
9b39 : 00000000;
9b3a : 00000000;
9b3b : 00000000;
9b3c : 00000000;
9b3d : 00000000;
9b3e : 00000000;
9b3f : 00000000;
9b40 : 00000000;
9b41 : 00000000;
9b42 : 00000000;
9b43 : 00000000;
9b44 : 00000000;
9b45 : 00000000;
9b46 : 00000000;
9b47 : 00000000;
9b48 : 00000000;
9b49 : 00000000;
9b4a : 00000000;
9b4b : 00000000;
9b4c : 00000000;
9b4d : 00000000;
9b4e : 00000000;
9b4f : 00000000;
9b50 : 00000000;
9b51 : 00000000;
9b52 : 00000000;
9b53 : 00000000;
9b54 : 00000000;
9b55 : 00000000;
9b56 : 00000000;
9b57 : 00000000;
9b58 : 00000000;
9b59 : 00000000;
9b5a : 00000000;
9b5b : 00000000;
9b5c : 00000000;
9b5d : 00000000;
9b5e : 00000000;
9b5f : 00000000;
9b60 : 00000000;
9b61 : 00000000;
9b62 : 00000000;
9b63 : 00000000;
9b64 : 00000000;
9b65 : 00000000;
9b66 : 00000000;
9b67 : 00000000;
9b68 : 00000000;
9b69 : 00000000;
9b6a : 00000000;
9b6b : 00000000;
9b6c : 00000000;
9b6d : 00000000;
9b6e : 00000000;
9b6f : 00000000;
9b70 : 00000000;
9b71 : 00000000;
9b72 : 00000000;
9b73 : 00000000;
9b74 : 00000000;
9b75 : 00000000;
9b76 : 00000000;
9b77 : 00000000;
9b78 : 00000000;
9b79 : 00000000;
9b7a : 00000000;
9b7b : 00000000;
9b7c : 00000000;
9b7d : 00000000;
9b7e : 00000000;
9b7f : 00000000;
9b80 : 00000000;
9b81 : 00000000;
9b82 : 00000000;
9b83 : 00000000;
9b84 : 00000000;
9b85 : 00000000;
9b86 : 00000000;
9b87 : 00000000;
9b88 : 00000000;
9b89 : 00000000;
9b8a : 00000000;
9b8b : 00000000;
9b8c : 00000000;
9b8d : 00000000;
9b8e : 00000000;
9b8f : 00000000;
9b90 : 00000000;
9b91 : 00000000;
9b92 : 00000000;
9b93 : 00000000;
9b94 : 00000000;
9b95 : 00000000;
9b96 : 00000000;
9b97 : 00000000;
9b98 : 00000000;
9b99 : 00000000;
9b9a : 00000000;
9b9b : 00000000;
9b9c : 00000000;
9b9d : 00000000;
9b9e : 00000000;
9b9f : 00000000;
9ba0 : 00000000;
9ba1 : 00000000;
9ba2 : 00000000;
9ba3 : 00000000;
9ba4 : 00000000;
9ba5 : 00000000;
9ba6 : 00000000;
9ba7 : 00000000;
9ba8 : 00000000;
9ba9 : 00000000;
9baa : 00000000;
9bab : 00000000;
9bac : 00000000;
9bad : 00000000;
9bae : 00000000;
9baf : 00000000;
9bb0 : 00000000;
9bb1 : 00000000;
9bb2 : 00000000;
9bb3 : 00000000;
9bb4 : 00000000;
9bb5 : 00000000;
9bb6 : 00000000;
9bb7 : 00000000;
9bb8 : 00000000;
9bb9 : 00000000;
9bba : 00000000;
9bbb : 00000000;
9bbc : 00000000;
9bbd : 00000000;
9bbe : 00000000;
9bbf : 00000000;
9bc0 : 00000000;
9bc1 : 00000000;
9bc2 : 00000000;
9bc3 : 00000000;
9bc4 : 00000000;
9bc5 : 00000000;
9bc6 : 00000000;
9bc7 : 00000000;
9bc8 : 00000000;
9bc9 : 00000000;
9bca : 00000000;
9bcb : 00000000;
9bcc : 00000000;
9bcd : 00000000;
9bce : 00000000;
9bcf : 00000000;
9bd0 : 00000000;
9bd1 : 00000000;
9bd2 : 00000000;
9bd3 : 00000000;
9bd4 : 00000000;
9bd5 : 00000000;
9bd6 : 00000000;
9bd7 : 00000000;
9bd8 : 00000000;
9bd9 : 00000000;
9bda : 00000000;
9bdb : 00000000;
9bdc : 00000000;
9bdd : 00000000;
9bde : 00000000;
9bdf : 00000000;
9be0 : 00000000;
9be1 : 00000000;
9be2 : 00000000;
9be3 : 00000000;
9be4 : 00000000;
9be5 : 00000000;
9be6 : 00000000;
9be7 : 00000000;
9be8 : 00000000;
9be9 : 00000000;
9bea : 00000000;
9beb : 00000000;
9bec : 00000000;
9bed : 00000000;
9bee : 00000000;
9bef : 00000000;
9bf0 : 00000000;
9bf1 : 00000000;
9bf2 : 00000000;
9bf3 : 00000000;
9bf4 : 00000000;
9bf5 : 00000000;
9bf6 : 00000000;
9bf7 : 00000000;
9bf8 : 00000000;
9bf9 : 00000000;
9bfa : 00000000;
9bfb : 00000000;
9bfc : 00000000;
9bfd : 00000000;
9bfe : 00000000;
9bff : 00000000;
9c00 : 00000000;
9c01 : 00000000;
9c02 : 00000000;
9c03 : 00000000;
9c04 : 00000000;
9c05 : 00000000;
9c06 : 00000000;
9c07 : 00000000;
9c08 : 00000000;
9c09 : 00000000;
9c0a : 00000000;
9c0b : 00000000;
9c0c : 00000000;
9c0d : 00000000;
9c0e : 00000000;
9c0f : 00000000;
9c10 : 00000000;
9c11 : 00000000;
9c12 : 00000000;
9c13 : 00000000;
9c14 : 00000000;
9c15 : 00000000;
9c16 : 00000000;
9c17 : 00000000;
9c18 : 00000000;
9c19 : 00000000;
9c1a : 00000000;
9c1b : 00000000;
9c1c : 00000000;
9c1d : 00000000;
9c1e : 00000000;
9c1f : 00000000;
9c20 : 00000000;
9c21 : 00000000;
9c22 : 00000000;
9c23 : 00000000;
9c24 : 00000000;
9c25 : 00000000;
9c26 : 00000000;
9c27 : 00000000;
9c28 : 00000000;
9c29 : 00000000;
9c2a : 00000000;
9c2b : 00000000;
9c2c : 00000000;
9c2d : 00000000;
9c2e : 00000000;
9c2f : 00000000;
9c30 : 00000000;
9c31 : 00000000;
9c32 : 00000000;
9c33 : 00000000;
9c34 : 00000000;
9c35 : 00000000;
9c36 : 00000000;
9c37 : 00000000;
9c38 : 00000000;
9c39 : 00000000;
9c3a : 00000000;
9c3b : 00000000;
9c3c : 00000000;
9c3d : 00000000;
9c3e : 00000000;
9c3f : 00000000;
9c40 : 00000000;
9c41 : 00000000;
9c42 : 00000000;
9c43 : 00000000;
9c44 : 00000000;
9c45 : 00000000;
9c46 : 00000000;
9c47 : 00000000;
9c48 : 00000000;
9c49 : 00000000;
9c4a : 00000000;
9c4b : 00000000;
9c4c : 00000000;
9c4d : 00000000;
9c4e : 00000000;
9c4f : 00000000;
9c50 : 00000000;
9c51 : 00000000;
9c52 : 00000000;
9c53 : 00000000;
9c54 : 00000000;
9c55 : 00000000;
9c56 : 00000000;
9c57 : 00000000;
9c58 : 00000000;
9c59 : 00000000;
9c5a : 00000000;
9c5b : 00000000;
9c5c : 00000000;
9c5d : 00000000;
9c5e : 00000000;
9c5f : 00000000;
9c60 : 00000000;
9c61 : 00000000;
9c62 : 00000000;
9c63 : 00000000;
9c64 : 00000000;
9c65 : 00000000;
9c66 : 00000000;
9c67 : 00000000;
9c68 : 00000000;
9c69 : 00000000;
9c6a : 00000000;
9c6b : 00000000;
9c6c : 00000000;
9c6d : 00000000;
9c6e : 00000000;
9c6f : 00000000;
9c70 : 00000000;
9c71 : 00000000;
9c72 : 00000000;
9c73 : 00000000;
9c74 : 00000000;
9c75 : 00000000;
9c76 : 00000000;
9c77 : 00000000;
9c78 : 00000000;
9c79 : 00000000;
9c7a : 00000000;
9c7b : 00000000;
9c7c : 00000000;
9c7d : 00000000;
9c7e : 00000000;
9c7f : 00000000;
9c80 : 00000000;
9c81 : 00000000;
9c82 : 00000000;
9c83 : 00000000;
9c84 : 00000000;
9c85 : 00000000;
9c86 : 00000000;
9c87 : 00000000;
9c88 : 00000000;
9c89 : 00000000;
9c8a : 00000000;
9c8b : 00000000;
9c8c : 00000000;
9c8d : 00000000;
9c8e : 00000000;
9c8f : 00000000;
9c90 : 00000000;
9c91 : 00000000;
9c92 : 00000000;
9c93 : 00000000;
9c94 : 00000000;
9c95 : 00000000;
9c96 : 00000000;
9c97 : 00000000;
9c98 : 00000000;
9c99 : 00000000;
9c9a : 00000000;
9c9b : 00000000;
9c9c : 00000000;
9c9d : 00000000;
9c9e : 00000000;
9c9f : 00000000;
9ca0 : 00000000;
9ca1 : 00000000;
9ca2 : 00000000;
9ca3 : 00000000;
9ca4 : 00000000;
9ca5 : 00000000;
9ca6 : 00000000;
9ca7 : 00000000;
9ca8 : 00000000;
9ca9 : 00000000;
9caa : 00000000;
9cab : 00000000;
9cac : 00000000;
9cad : 00000000;
9cae : 00000000;
9caf : 00000000;
9cb0 : 00000000;
9cb1 : 00000000;
9cb2 : 00000000;
9cb3 : 00000000;
9cb4 : 00000000;
9cb5 : 00000000;
9cb6 : 00000000;
9cb7 : 00000000;
9cb8 : 00000000;
9cb9 : 00000000;
9cba : 00000000;
9cbb : 00000000;
9cbc : 00000000;
9cbd : 00000000;
9cbe : 00000000;
9cbf : 00000000;
9cc0 : 00000000;
9cc1 : 00000000;
9cc2 : 00000000;
9cc3 : 00000000;
9cc4 : 00000000;
9cc5 : 00000000;
9cc6 : 00000000;
9cc7 : 00000000;
9cc8 : 00000000;
9cc9 : 00000000;
9cca : 00000000;
9ccb : 00000000;
9ccc : 00000000;
9ccd : 00000000;
9cce : 00000000;
9ccf : 00000000;
9cd0 : 00000000;
9cd1 : 00000000;
9cd2 : 00000000;
9cd3 : 00000000;
9cd4 : 00000000;
9cd5 : 00000000;
9cd6 : 00000000;
9cd7 : 00000000;
9cd8 : 00000000;
9cd9 : 00000000;
9cda : 00000000;
9cdb : 00000000;
9cdc : 00000000;
9cdd : 00000000;
9cde : 00000000;
9cdf : 00000000;
9ce0 : 00000000;
9ce1 : 00000000;
9ce2 : 00000000;
9ce3 : 00000000;
9ce4 : 00000000;
9ce5 : 00000000;
9ce6 : 00000000;
9ce7 : 00000000;
9ce8 : 00000000;
9ce9 : 00000000;
9cea : 00000000;
9ceb : 00000000;
9cec : 00000000;
9ced : 00000000;
9cee : 00000000;
9cef : 00000000;
9cf0 : 00000000;
9cf1 : 00000000;
9cf2 : 00000000;
9cf3 : 00000000;
9cf4 : 00000000;
9cf5 : 00000000;
9cf6 : 00000000;
9cf7 : 00000000;
9cf8 : 00000000;
9cf9 : 00000000;
9cfa : 00000000;
9cfb : 00000000;
9cfc : 00000000;
9cfd : 00000000;
9cfe : 00000000;
9cff : 00000000;
9d00 : 00000000;
9d01 : 00000000;
9d02 : 00000000;
9d03 : 00000000;
9d04 : 00000000;
9d05 : 00000000;
9d06 : 00000000;
9d07 : 00000000;
9d08 : 00000000;
9d09 : 00000000;
9d0a : 00000000;
9d0b : 00000000;
9d0c : 00000000;
9d0d : 00000000;
9d0e : 00000000;
9d0f : 00000000;
9d10 : 00000000;
9d11 : 00000000;
9d12 : 00000000;
9d13 : 00000000;
9d14 : 00000000;
9d15 : 00000000;
9d16 : 00000000;
9d17 : 00000000;
9d18 : 00000000;
9d19 : 00000000;
9d1a : 00000000;
9d1b : 00000000;
9d1c : 00000000;
9d1d : 00000000;
9d1e : 00000000;
9d1f : 00000000;
9d20 : 00000000;
9d21 : 00000000;
9d22 : 00000000;
9d23 : 00000000;
9d24 : 00000000;
9d25 : 00000000;
9d26 : 00000000;
9d27 : 00000000;
9d28 : 00000000;
9d29 : 00000000;
9d2a : 00000000;
9d2b : 00000000;
9d2c : 00000000;
9d2d : 00000000;
9d2e : 00000000;
9d2f : 00000000;
9d30 : 00000000;
9d31 : 00000000;
9d32 : 00000000;
9d33 : 00000000;
9d34 : 00000000;
9d35 : 00000000;
9d36 : 00000000;
9d37 : 00000000;
9d38 : 00000000;
9d39 : 00000000;
9d3a : 00000000;
9d3b : 00000000;
9d3c : 00000000;
9d3d : 00000000;
9d3e : 00000000;
9d3f : 00000000;
9d40 : 00000000;
9d41 : 00000000;
9d42 : 00000000;
9d43 : 00000000;
9d44 : 00000000;
9d45 : 00000000;
9d46 : 00000000;
9d47 : 00000000;
9d48 : 00000000;
9d49 : 00000000;
9d4a : 00000000;
9d4b : 00000000;
9d4c : 00000000;
9d4d : 00000000;
9d4e : 00000000;
9d4f : 00000000;
9d50 : 00000000;
9d51 : 00000000;
9d52 : 00000000;
9d53 : 00000000;
9d54 : 00000000;
9d55 : 00000000;
9d56 : 00000000;
9d57 : 00000000;
9d58 : 00000000;
9d59 : 00000000;
9d5a : 00000000;
9d5b : 00000000;
9d5c : 00000000;
9d5d : 00000000;
9d5e : 00000000;
9d5f : 00000000;
9d60 : 00000000;
9d61 : 00000000;
9d62 : 00000000;
9d63 : 00000000;
9d64 : 00000000;
9d65 : 00000000;
9d66 : 00000000;
9d67 : 00000000;
9d68 : 00000000;
9d69 : 00000000;
9d6a : 00000000;
9d6b : 00000000;
9d6c : 00000000;
9d6d : 00000000;
9d6e : 00000000;
9d6f : 00000000;
9d70 : 00000000;
9d71 : 00000000;
9d72 : 00000000;
9d73 : 00000000;
9d74 : 00000000;
9d75 : 00000000;
9d76 : 00000000;
9d77 : 00000000;
9d78 : 00000000;
9d79 : 00000000;
9d7a : 00000000;
9d7b : 00000000;
9d7c : 00000000;
9d7d : 00000000;
9d7e : 00000000;
9d7f : 00000000;
9d80 : 00000000;
9d81 : 00000000;
9d82 : 00000000;
9d83 : 00000000;
9d84 : 00000000;
9d85 : 00000000;
9d86 : 00000000;
9d87 : 00000000;
9d88 : 00000000;
9d89 : 00000000;
9d8a : 00000000;
9d8b : 00000000;
9d8c : 00000000;
9d8d : 00000000;
9d8e : 00000000;
9d8f : 00000000;
9d90 : 00000000;
9d91 : 00000000;
9d92 : 00000000;
9d93 : 00000000;
9d94 : 00000000;
9d95 : 00000000;
9d96 : 00000000;
9d97 : 00000000;
9d98 : 00000000;
9d99 : 00000000;
9d9a : 00000000;
9d9b : 00000000;
9d9c : 00000000;
9d9d : 00000000;
9d9e : 00000000;
9d9f : 00000000;
9da0 : 00000000;
9da1 : 00000000;
9da2 : 00000000;
9da3 : 00000000;
9da4 : 00000000;
9da5 : 00000000;
9da6 : 00000000;
9da7 : 00000000;
9da8 : 00000000;
9da9 : 00000000;
9daa : 00000000;
9dab : 00000000;
9dac : 00000000;
9dad : 00000000;
9dae : 00000000;
9daf : 00000000;
9db0 : 00000000;
9db1 : 00000000;
9db2 : 00000000;
9db3 : 00000000;
9db4 : 00000000;
9db5 : 00000000;
9db6 : 00000000;
9db7 : 00000000;
9db8 : 00000000;
9db9 : 00000000;
9dba : 00000000;
9dbb : 00000000;
9dbc : 00000000;
9dbd : 00000000;
9dbe : 00000000;
9dbf : 00000000;
9dc0 : 00000000;
9dc1 : 00000000;
9dc2 : 00000000;
9dc3 : 00000000;
9dc4 : 00000000;
9dc5 : 00000000;
9dc6 : 00000000;
9dc7 : 00000000;
9dc8 : 00000000;
9dc9 : 00000000;
9dca : 00000000;
9dcb : 00000000;
9dcc : 00000000;
9dcd : 00000000;
9dce : 00000000;
9dcf : 00000000;
9dd0 : 00000000;
9dd1 : 00000000;
9dd2 : 00000000;
9dd3 : 00000000;
9dd4 : 00000000;
9dd5 : 00000000;
9dd6 : 00000000;
9dd7 : 00000000;
9dd8 : 00000000;
9dd9 : 00000000;
9dda : 00000000;
9ddb : 00000000;
9ddc : 00000000;
9ddd : 00000000;
9dde : 00000000;
9ddf : 00000000;
9de0 : 00000000;
9de1 : 00000000;
9de2 : 00000000;
9de3 : 00000000;
9de4 : 00000000;
9de5 : 00000000;
9de6 : 00000000;
9de7 : 00000000;
9de8 : 00000000;
9de9 : 00000000;
9dea : 00000000;
9deb : 00000000;
9dec : 00000000;
9ded : 00000000;
9dee : 00000000;
9def : 00000000;
9df0 : 00000000;
9df1 : 00000000;
9df2 : 00000000;
9df3 : 00000000;
9df4 : 00000000;
9df5 : 00000000;
9df6 : 00000000;
9df7 : 00000000;
9df8 : 00000000;
9df9 : 00000000;
9dfa : 00000000;
9dfb : 00000000;
9dfc : 00000000;
9dfd : 00000000;
9dfe : 00000000;
9dff : 00000000;
9e00 : 00000000;
9e01 : 00000000;
9e02 : 00000000;
9e03 : 00000000;
9e04 : 00000000;
9e05 : 00000000;
9e06 : 00000000;
9e07 : 00000000;
9e08 : 00000000;
9e09 : 00000000;
9e0a : 00000000;
9e0b : 00000000;
9e0c : 00000000;
9e0d : 00000000;
9e0e : 00000000;
9e0f : 00000000;
9e10 : 00000000;
9e11 : 00000000;
9e12 : 00000000;
9e13 : 00000000;
9e14 : 00000000;
9e15 : 00000000;
9e16 : 00000000;
9e17 : 00000000;
9e18 : 00000000;
9e19 : 00000000;
9e1a : 00000000;
9e1b : 00000000;
9e1c : 00000000;
9e1d : 00000000;
9e1e : 00000000;
9e1f : 00000000;
9e20 : 00000000;
9e21 : 00000000;
9e22 : 00000000;
9e23 : 00000000;
9e24 : 00000000;
9e25 : 00000000;
9e26 : 00000000;
9e27 : 00000000;
9e28 : 00000000;
9e29 : 00000000;
9e2a : 00000000;
9e2b : 00000000;
9e2c : 00000000;
9e2d : 00000000;
9e2e : 00000000;
9e2f : 00000000;
9e30 : 00000000;
9e31 : 00000000;
9e32 : 00000000;
9e33 : 00000000;
9e34 : 00000000;
9e35 : 00000000;
9e36 : 00000000;
9e37 : 00000000;
9e38 : 00000000;
9e39 : 00000000;
9e3a : 00000000;
9e3b : 00000000;
9e3c : 00000000;
9e3d : 00000000;
9e3e : 00000000;
9e3f : 00000000;
9e40 : 00000000;
9e41 : 00000000;
9e42 : 00000000;
9e43 : 00000000;
9e44 : 00000000;
9e45 : 00000000;
9e46 : 00000000;
9e47 : 00000000;
9e48 : 00000000;
9e49 : 00000000;
9e4a : 00000000;
9e4b : 00000000;
9e4c : 00000000;
9e4d : 00000000;
9e4e : 00000000;
9e4f : 00000000;
9e50 : 00000000;
9e51 : 00000000;
9e52 : 00000000;
9e53 : 00000000;
9e54 : 00000000;
9e55 : 00000000;
9e56 : 00000000;
9e57 : 00000000;
9e58 : 00000000;
9e59 : 00000000;
9e5a : 00000000;
9e5b : 00000000;
9e5c : 00000000;
9e5d : 00000000;
9e5e : 00000000;
9e5f : 00000000;
9e60 : 00000000;
9e61 : 00000000;
9e62 : 00000000;
9e63 : 00000000;
9e64 : 00000000;
9e65 : 00000000;
9e66 : 00000000;
9e67 : 00000000;
9e68 : 00000000;
9e69 : 00000000;
9e6a : 00000000;
9e6b : 00000000;
9e6c : 00000000;
9e6d : 00000000;
9e6e : 00000000;
9e6f : 00000000;
9e70 : 00000000;
9e71 : 00000000;
9e72 : 00000000;
9e73 : 00000000;
9e74 : 00000000;
9e75 : 00000000;
9e76 : 00000000;
9e77 : 00000000;
9e78 : 00000000;
9e79 : 00000000;
9e7a : 00000000;
9e7b : 00000000;
9e7c : 00000000;
9e7d : 00000000;
9e7e : 00000000;
9e7f : 00000000;
9e80 : 00000000;
9e81 : 00000000;
9e82 : 00000000;
9e83 : 00000000;
9e84 : 00000000;
9e85 : 00000000;
9e86 : 00000000;
9e87 : 00000000;
9e88 : 00000000;
9e89 : 00000000;
9e8a : 00000000;
9e8b : 00000000;
9e8c : 00000000;
9e8d : 00000000;
9e8e : 00000000;
9e8f : 00000000;
9e90 : 00000000;
9e91 : 00000000;
9e92 : 00000000;
9e93 : 00000000;
9e94 : 00000000;
9e95 : 00000000;
9e96 : 00000000;
9e97 : 00000000;
9e98 : 00000000;
9e99 : 00000000;
9e9a : 00000000;
9e9b : 00000000;
9e9c : 00000000;
9e9d : 00000000;
9e9e : 00000000;
9e9f : 00000000;
9ea0 : 00000000;
9ea1 : 00000000;
9ea2 : 00000000;
9ea3 : 00000000;
9ea4 : 00000000;
9ea5 : 00000000;
9ea6 : 00000000;
9ea7 : 00000000;
9ea8 : 00000000;
9ea9 : 00000000;
9eaa : 00000000;
9eab : 00000000;
9eac : 00000000;
9ead : 00000000;
9eae : 00000000;
9eaf : 00000000;
9eb0 : 00000000;
9eb1 : 00000000;
9eb2 : 00000000;
9eb3 : 00000000;
9eb4 : 00000000;
9eb5 : 00000000;
9eb6 : 00000000;
9eb7 : 00000000;
9eb8 : 00000000;
9eb9 : 00000000;
9eba : 00000000;
9ebb : 00000000;
9ebc : 00000000;
9ebd : 00000000;
9ebe : 00000000;
9ebf : 00000000;
9ec0 : 00000000;
9ec1 : 00000000;
9ec2 : 00000000;
9ec3 : 00000000;
9ec4 : 00000000;
9ec5 : 00000000;
9ec6 : 00000000;
9ec7 : 00000000;
9ec8 : 00000000;
9ec9 : 00000000;
9eca : 00000000;
9ecb : 00000000;
9ecc : 00000000;
9ecd : 00000000;
9ece : 00000000;
9ecf : 00000000;
9ed0 : 00000000;
9ed1 : 00000000;
9ed2 : 00000000;
9ed3 : 00000000;
9ed4 : 00000000;
9ed5 : 00000000;
9ed6 : 00000000;
9ed7 : 00000000;
9ed8 : 00000000;
9ed9 : 00000000;
9eda : 00000000;
9edb : 00000000;
9edc : 00000000;
9edd : 00000000;
9ede : 00000000;
9edf : 00000000;
9ee0 : 00000000;
9ee1 : 00000000;
9ee2 : 00000000;
9ee3 : 00000000;
9ee4 : 00000000;
9ee5 : 00000000;
9ee6 : 00000000;
9ee7 : 00000000;
9ee8 : 00000000;
9ee9 : 00000000;
9eea : 00000000;
9eeb : 00000000;
9eec : 00000000;
9eed : 00000000;
9eee : 00000000;
9eef : 00000000;
9ef0 : 00000000;
9ef1 : 00000000;
9ef2 : 00000000;
9ef3 : 00000000;
9ef4 : 00000000;
9ef5 : 00000000;
9ef6 : 00000000;
9ef7 : 00000000;
9ef8 : 00000000;
9ef9 : 00000000;
9efa : 00000000;
9efb : 00000000;
9efc : 00000000;
9efd : 00000000;
9efe : 00000000;
9eff : 00000000;
9f00 : 00000000;
9f01 : 00000000;
9f02 : 00000000;
9f03 : 00000000;
9f04 : 00000000;
9f05 : 00000000;
9f06 : 00000000;
9f07 : 00000000;
9f08 : 00000000;
9f09 : 00000000;
9f0a : 00000000;
9f0b : 00000000;
9f0c : 00000000;
9f0d : 00000000;
9f0e : 00000000;
9f0f : 00000000;
9f10 : 00000000;
9f11 : 00000000;
9f12 : 00000000;
9f13 : 00000000;
9f14 : 00000000;
9f15 : 00000000;
9f16 : 00000000;
9f17 : 00000000;
9f18 : 00000000;
9f19 : 00000000;
9f1a : 00000000;
9f1b : 00000000;
9f1c : 00000000;
9f1d : 00000000;
9f1e : 00000000;
9f1f : 00000000;
9f20 : 00000000;
9f21 : 00000000;
9f22 : 00000000;
9f23 : 00000000;
9f24 : 00000000;
9f25 : 00000000;
9f26 : 00000000;
9f27 : 00000000;
9f28 : 00000000;
9f29 : 00000000;
9f2a : 00000000;
9f2b : 00000000;
9f2c : 00000000;
9f2d : 00000000;
9f2e : 00000000;
9f2f : 00000000;
9f30 : 00000000;
9f31 : 00000000;
9f32 : 00000000;
9f33 : 00000000;
9f34 : 00000000;
9f35 : 00000000;
9f36 : 00000000;
9f37 : 00000000;
9f38 : 00000000;
9f39 : 00000000;
9f3a : 00000000;
9f3b : 00000000;
9f3c : 00000000;
9f3d : 00000000;
9f3e : 00000000;
9f3f : 00000000;
9f40 : 00000000;
9f41 : 00000000;
9f42 : 00000000;
9f43 : 00000000;
9f44 : 00000000;
9f45 : 00000000;
9f46 : 00000000;
9f47 : 00000000;
9f48 : 00000000;
9f49 : 00000000;
9f4a : 00000000;
9f4b : 00000000;
9f4c : 00000000;
9f4d : 00000000;
9f4e : 00000000;
9f4f : 00000000;
9f50 : 00000000;
9f51 : 00000000;
9f52 : 00000000;
9f53 : 00000000;
9f54 : 00000000;
9f55 : 00000000;
9f56 : 00000000;
9f57 : 00000000;
9f58 : 00000000;
9f59 : 00000000;
9f5a : 00000000;
9f5b : 00000000;
9f5c : 00000000;
9f5d : 00000000;
9f5e : 00000000;
9f5f : 00000000;
9f60 : 00000000;
9f61 : 00000000;
9f62 : 00000000;
9f63 : 00000000;
9f64 : 00000000;
9f65 : 00000000;
9f66 : 00000000;
9f67 : 00000000;
9f68 : 00000000;
9f69 : 00000000;
9f6a : 00000000;
9f6b : 00000000;
9f6c : 00000000;
9f6d : 00000000;
9f6e : 00000000;
9f6f : 00000000;
9f70 : 00000000;
9f71 : 00000000;
9f72 : 00000000;
9f73 : 00000000;
9f74 : 00000000;
9f75 : 00000000;
9f76 : 00000000;
9f77 : 00000000;
9f78 : 00000000;
9f79 : 00000000;
9f7a : 00000000;
9f7b : 00000000;
9f7c : 00000000;
9f7d : 00000000;
9f7e : 00000000;
9f7f : 00000000;
9f80 : 00000000;
9f81 : 00000000;
9f82 : 00000000;
9f83 : 00000000;
9f84 : 00000000;
9f85 : 00000000;
9f86 : 00000000;
9f87 : 00000000;
9f88 : 00000000;
9f89 : 00000000;
9f8a : 00000000;
9f8b : 00000000;
9f8c : 00000000;
9f8d : 00000000;
9f8e : 00000000;
9f8f : 00000000;
9f90 : 00000000;
9f91 : 00000000;
9f92 : 00000000;
9f93 : 00000000;
9f94 : 00000000;
9f95 : 00000000;
9f96 : 00000000;
9f97 : 00000000;
9f98 : 00000000;
9f99 : 00000000;
9f9a : 00000000;
9f9b : 00000000;
9f9c : 00000000;
9f9d : 00000000;
9f9e : 00000000;
9f9f : 00000000;
9fa0 : 00000000;
9fa1 : 00000000;
9fa2 : 00000000;
9fa3 : 00000000;
9fa4 : 00000000;
9fa5 : 00000000;
9fa6 : 00000000;
9fa7 : 00000000;
9fa8 : 00000000;
9fa9 : 00000000;
9faa : 00000000;
9fab : 00000000;
9fac : 00000000;
9fad : 00000000;
9fae : 00000000;
9faf : 00000000;
9fb0 : 00000000;
9fb1 : 00000000;
9fb2 : 00000000;
9fb3 : 00000000;
9fb4 : 00000000;
9fb5 : 00000000;
9fb6 : 00000000;
9fb7 : 00000000;
9fb8 : 00000000;
9fb9 : 00000000;
9fba : 00000000;
9fbb : 00000000;
9fbc : 00000000;
9fbd : 00000000;
9fbe : 00000000;
9fbf : 00000000;
9fc0 : 00000000;
9fc1 : 00000000;
9fc2 : 00000000;
9fc3 : 00000000;
9fc4 : 00000000;
9fc5 : 00000000;
9fc6 : 00000000;
9fc7 : 00000000;
9fc8 : 00000000;
9fc9 : 00000000;
9fca : 00000000;
9fcb : 00000000;
9fcc : 00000000;
9fcd : 00000000;
9fce : 00000000;
9fcf : 00000000;
9fd0 : 00000000;
9fd1 : 00000000;
9fd2 : 00000000;
9fd3 : 00000000;
9fd4 : 00000000;
9fd5 : 00000000;
9fd6 : 00000000;
9fd7 : 00000000;
9fd8 : 00000000;
9fd9 : 00000000;
9fda : 00000000;
9fdb : 00000000;
9fdc : 00000000;
9fdd : 00000000;
9fde : 00000000;
9fdf : 00000000;
9fe0 : 00000000;
9fe1 : 00000000;
9fe2 : 00000000;
9fe3 : 00000000;
9fe4 : 00000000;
9fe5 : 00000000;
9fe6 : 00000000;
9fe7 : 00000000;
9fe8 : 00000000;
9fe9 : 00000000;
9fea : 00000000;
9feb : 00000000;
9fec : 00000000;
9fed : 00000000;
9fee : 00000000;
9fef : 00000000;
9ff0 : 00000000;
9ff1 : 00000000;
9ff2 : 00000000;
9ff3 : 00000000;
9ff4 : 00000000;
9ff5 : 00000000;
9ff6 : 00000000;
9ff7 : 00000000;
9ff8 : 00000000;
9ff9 : 00000000;
9ffa : 00000000;
9ffb : 00000000;
9ffc : 00000000;
9ffd : 00000000;
9ffe : 00000000;
9fff : 00000000;
a000 : 00000000;
a001 : 00000000;
a002 : 00000000;
a003 : 00000000;
a004 : 00000000;
a005 : 00000000;
a006 : 00000000;
a007 : 00000000;
a008 : 00000000;
a009 : 00000000;
a00a : 00000000;
a00b : 00000000;
a00c : 00000000;
a00d : 00000000;
a00e : 00000000;
a00f : 00000000;
a010 : 00000000;
a011 : 00000000;
a012 : 00000000;
a013 : 00000000;
a014 : 00000000;
a015 : 00000000;
a016 : 00000000;
a017 : 00000000;
a018 : 00000000;
a019 : 00000000;
a01a : 00000000;
a01b : 00000000;
a01c : 00000000;
a01d : 00000000;
a01e : 00000000;
a01f : 00000000;
a020 : 00000000;
a021 : 00000000;
a022 : 00000000;
a023 : 00000000;
a024 : 00000000;
a025 : 00000000;
a026 : 00000000;
a027 : 00000000;
a028 : 00000000;
a029 : 00000000;
a02a : 00000000;
a02b : 00000000;
a02c : 00000000;
a02d : 00000000;
a02e : 00000000;
a02f : 00000000;
a030 : 00000000;
a031 : 00000000;
a032 : 00000000;
a033 : 00000000;
a034 : 00000000;
a035 : 00000000;
a036 : 00000000;
a037 : 00000000;
a038 : 00000000;
a039 : 00000000;
a03a : 00000000;
a03b : 00000000;
a03c : 00000000;
a03d : 00000000;
a03e : 00000000;
a03f : 00000000;
a040 : 00000000;
a041 : 00000000;
a042 : 00000000;
a043 : 00000000;
a044 : 00000000;
a045 : 00000000;
a046 : 00000000;
a047 : 00000000;
a048 : 00000000;
a049 : 00000000;
a04a : 00000000;
a04b : 00000000;
a04c : 00000000;
a04d : 00000000;
a04e : 00000000;
a04f : 00000000;
a050 : 00000000;
a051 : 00000000;
a052 : 00000000;
a053 : 00000000;
a054 : 00000000;
a055 : 00000000;
a056 : 00000000;
a057 : 00000000;
a058 : 00000000;
a059 : 00000000;
a05a : 00000000;
a05b : 00000000;
a05c : 00000000;
a05d : 00000000;
a05e : 00000000;
a05f : 00000000;
a060 : 00000000;
a061 : 00000000;
a062 : 00000000;
a063 : 00000000;
a064 : 00000000;
a065 : 00000000;
a066 : 00000000;
a067 : 00000000;
a068 : 00000000;
a069 : 00000000;
a06a : 00000000;
a06b : 00000000;
a06c : 00000000;
a06d : 00000000;
a06e : 00000000;
a06f : 00000000;
a070 : 00000000;
a071 : 00000000;
a072 : 00000000;
a073 : 00000000;
a074 : 00000000;
a075 : 00000000;
a076 : 00000000;
a077 : 00000000;
a078 : 00000000;
a079 : 00000000;
a07a : 00000000;
a07b : 00000000;
a07c : 00000000;
a07d : 00000000;
a07e : 00000000;
a07f : 00000000;
a080 : 00000000;
a081 : 00000000;
a082 : 00000000;
a083 : 00000000;
a084 : 00000000;
a085 : 00000000;
a086 : 00000000;
a087 : 00000000;
a088 : 00000000;
a089 : 00000000;
a08a : 00000000;
a08b : 00000000;
a08c : 00000000;
a08d : 00000000;
a08e : 00000000;
a08f : 00000000;
a090 : 00000000;
a091 : 00000000;
a092 : 00000000;
a093 : 00000000;
a094 : 00000000;
a095 : 00000000;
a096 : 00000000;
a097 : 00000000;
a098 : 00000000;
a099 : 00000000;
a09a : 00000000;
a09b : 00000000;
a09c : 00000000;
a09d : 00000000;
a09e : 00000000;
a09f : 00000000;
a0a0 : 00000000;
a0a1 : 00000000;
a0a2 : 00000000;
a0a3 : 00000000;
a0a4 : 00000000;
a0a5 : 00000000;
a0a6 : 00000000;
a0a7 : 00000000;
a0a8 : 00000000;
a0a9 : 00000000;
a0aa : 00000000;
a0ab : 00000000;
a0ac : 00000000;
a0ad : 00000000;
a0ae : 00000000;
a0af : 00000000;
a0b0 : 00000000;
a0b1 : 00000000;
a0b2 : 00000000;
a0b3 : 00000000;
a0b4 : 00000000;
a0b5 : 00000000;
a0b6 : 00000000;
a0b7 : 00000000;
a0b8 : 00000000;
a0b9 : 00000000;
a0ba : 00000000;
a0bb : 00000000;
a0bc : 00000000;
a0bd : 00000000;
a0be : 00000000;
a0bf : 00000000;
a0c0 : 00000000;
a0c1 : 00000000;
a0c2 : 00000000;
a0c3 : 00000000;
a0c4 : 00000000;
a0c5 : 00000000;
a0c6 : 00000000;
a0c7 : 00000000;
a0c8 : 00000000;
a0c9 : 00000000;
a0ca : 00000000;
a0cb : 00000000;
a0cc : 00000000;
a0cd : 00000000;
a0ce : 00000000;
a0cf : 00000000;
a0d0 : 00000000;
a0d1 : 00000000;
a0d2 : 00000000;
a0d3 : 00000000;
a0d4 : 00000000;
a0d5 : 00000000;
a0d6 : 00000000;
a0d7 : 00000000;
a0d8 : 00000000;
a0d9 : 00000000;
a0da : 00000000;
a0db : 00000000;
a0dc : 00000000;
a0dd : 00000000;
a0de : 00000000;
a0df : 00000000;
a0e0 : 00000000;
a0e1 : 00000000;
a0e2 : 00000000;
a0e3 : 00000000;
a0e4 : 00000000;
a0e5 : 00000000;
a0e6 : 00000000;
a0e7 : 00000000;
a0e8 : 00000000;
a0e9 : 00000000;
a0ea : 00000000;
a0eb : 00000000;
a0ec : 00000000;
a0ed : 00000000;
a0ee : 00000000;
a0ef : 00000000;
a0f0 : 00000000;
a0f1 : 00000000;
a0f2 : 00000000;
a0f3 : 00000000;
a0f4 : 00000000;
a0f5 : 00000000;
a0f6 : 00000000;
a0f7 : 00000000;
a0f8 : 00000000;
a0f9 : 00000000;
a0fa : 00000000;
a0fb : 00000000;
a0fc : 00000000;
a0fd : 00000000;
a0fe : 00000000;
a0ff : 00000000;
a100 : 00000000;
a101 : 00000000;
a102 : 00000000;
a103 : 00000000;
a104 : 00000000;
a105 : 00000000;
a106 : 00000000;
a107 : 00000000;
a108 : 00000000;
a109 : 00000000;
a10a : 00000000;
a10b : 00000000;
a10c : 00000000;
a10d : 00000000;
a10e : 00000000;
a10f : 00000000;
a110 : 00000000;
a111 : 00000000;
a112 : 00000000;
a113 : 00000000;
a114 : 00000000;
a115 : 00000000;
a116 : 00000000;
a117 : 00000000;
a118 : 00000000;
a119 : 00000000;
a11a : 00000000;
a11b : 00000000;
a11c : 00000000;
a11d : 00000000;
a11e : 00000000;
a11f : 00000000;
a120 : 00000000;
a121 : 00000000;
a122 : 00000000;
a123 : 00000000;
a124 : 00000000;
a125 : 00000000;
a126 : 00000000;
a127 : 00000000;
a128 : 00000000;
a129 : 00000000;
a12a : 00000000;
a12b : 00000000;
a12c : 00000000;
a12d : 00000000;
a12e : 00000000;
a12f : 00000000;
a130 : 00000000;
a131 : 00000000;
a132 : 00000000;
a133 : 00000000;
a134 : 00000000;
a135 : 00000000;
a136 : 00000000;
a137 : 00000000;
a138 : 00000000;
a139 : 00000000;
a13a : 00000000;
a13b : 00000000;
a13c : 00000000;
a13d : 00000000;
a13e : 00000000;
a13f : 00000000;
a140 : 00000000;
a141 : 00000000;
a142 : 00000000;
a143 : 00000000;
a144 : 00000000;
a145 : 00000000;
a146 : 00000000;
a147 : 00000000;
a148 : 00000000;
a149 : 00000000;
a14a : 00000000;
a14b : 00000000;
a14c : 00000000;
a14d : 00000000;
a14e : 00000000;
a14f : 00000000;
a150 : 00000000;
a151 : 00000000;
a152 : 00000000;
a153 : 00000000;
a154 : 00000000;
a155 : 00000000;
a156 : 00000000;
a157 : 00000000;
a158 : 00000000;
a159 : 00000000;
a15a : 00000000;
a15b : 00000000;
a15c : 00000000;
a15d : 00000000;
a15e : 00000000;
a15f : 00000000;
a160 : 00000000;
a161 : 00000000;
a162 : 00000000;
a163 : 00000000;
a164 : 00000000;
a165 : 00000000;
a166 : 00000000;
a167 : 00000000;
a168 : 00000000;
a169 : 00000000;
a16a : 00000000;
a16b : 00000000;
a16c : 00000000;
a16d : 00000000;
a16e : 00000000;
a16f : 00000000;
a170 : 00000000;
a171 : 00000000;
a172 : 00000000;
a173 : 00000000;
a174 : 00000000;
a175 : 00000000;
a176 : 00000000;
a177 : 00000000;
a178 : 00000000;
a179 : 00000000;
a17a : 00000000;
a17b : 00000000;
a17c : 00000000;
a17d : 00000000;
a17e : 00000000;
a17f : 00000000;
a180 : 00000000;
a181 : 00000000;
a182 : 00000000;
a183 : 00000000;
a184 : 00000000;
a185 : 00000000;
a186 : 00000000;
a187 : 00000000;
a188 : 00000000;
a189 : 00000000;
a18a : 00000000;
a18b : 00000000;
a18c : 00000000;
a18d : 00000000;
a18e : 00000000;
a18f : 00000000;
a190 : 00000000;
a191 : 00000000;
a192 : 00000000;
a193 : 00000000;
a194 : 00000000;
a195 : 00000000;
a196 : 00000000;
a197 : 00000000;
a198 : 00000000;
a199 : 00000000;
a19a : 00000000;
a19b : 00000000;
a19c : 00000000;
a19d : 00000000;
a19e : 00000000;
a19f : 00000000;
a1a0 : 00000000;
a1a1 : 00000000;
a1a2 : 00000000;
a1a3 : 00000000;
a1a4 : 00000000;
a1a5 : 00000000;
a1a6 : 00000000;
a1a7 : 00000000;
a1a8 : 00000000;
a1a9 : 00000000;
a1aa : 00000000;
a1ab : 00000000;
a1ac : 00000000;
a1ad : 00000000;
a1ae : 00000000;
a1af : 00000000;
a1b0 : 00000000;
a1b1 : 00000000;
a1b2 : 00000000;
a1b3 : 00000000;
a1b4 : 00000000;
a1b5 : 00000000;
a1b6 : 00000000;
a1b7 : 00000000;
a1b8 : 00000000;
a1b9 : 00000000;
a1ba : 00000000;
a1bb : 00000000;
a1bc : 00000000;
a1bd : 00000000;
a1be : 00000000;
a1bf : 00000000;
a1c0 : 00000000;
a1c1 : 00000000;
a1c2 : 00000000;
a1c3 : 00000000;
a1c4 : 00000000;
a1c5 : 00000000;
a1c6 : 00000000;
a1c7 : 00000000;
a1c8 : 00000000;
a1c9 : 00000000;
a1ca : 00000000;
a1cb : 00000000;
a1cc : 00000000;
a1cd : 00000000;
a1ce : 00000000;
a1cf : 00000000;
a1d0 : 00000000;
a1d1 : 00000000;
a1d2 : 00000000;
a1d3 : 00000000;
a1d4 : 00000000;
a1d5 : 00000000;
a1d6 : 00000000;
a1d7 : 00000000;
a1d8 : 00000000;
a1d9 : 00000000;
a1da : 00000000;
a1db : 00000000;
a1dc : 00000000;
a1dd : 00000000;
a1de : 00000000;
a1df : 00000000;
a1e0 : 00000000;
a1e1 : 00000000;
a1e2 : 00000000;
a1e3 : 00000000;
a1e4 : 00000000;
a1e5 : 00000000;
a1e6 : 00000000;
a1e7 : 00000000;
a1e8 : 00000000;
a1e9 : 00000000;
a1ea : 00000000;
a1eb : 00000000;
a1ec : 00000000;
a1ed : 00000000;
a1ee : 00000000;
a1ef : 00000000;
a1f0 : 00000000;
a1f1 : 00000000;
a1f2 : 00000000;
a1f3 : 00000000;
a1f4 : 00000000;
a1f5 : 00000000;
a1f6 : 00000000;
a1f7 : 00000000;
a1f8 : 00000000;
a1f9 : 00000000;
a1fa : 00000000;
a1fb : 00000000;
a1fc : 00000000;
a1fd : 00000000;
a1fe : 00000000;
a1ff : 00000000;
a200 : 00000000;
a201 : 00000000;
a202 : 00000000;
a203 : 00000000;
a204 : 00000000;
a205 : 00000000;
a206 : 00000000;
a207 : 00000000;
a208 : 00000000;
a209 : 00000000;
a20a : 00000000;
a20b : 00000000;
a20c : 00000000;
a20d : 00000000;
a20e : 00000000;
a20f : 00000000;
a210 : 00000000;
a211 : 00000000;
a212 : 00000000;
a213 : 00000000;
a214 : 00000000;
a215 : 00000000;
a216 : 00000000;
a217 : 00000000;
a218 : 00000000;
a219 : 00000000;
a21a : 00000000;
a21b : 00000000;
a21c : 00000000;
a21d : 00000000;
a21e : 00000000;
a21f : 00000000;
a220 : 00000000;
a221 : 00000000;
a222 : 00000000;
a223 : 00000000;
a224 : 00000000;
a225 : 00000000;
a226 : 00000000;
a227 : 00000000;
a228 : 00000000;
a229 : 00000000;
a22a : 00000000;
a22b : 00000000;
a22c : 00000000;
a22d : 00000000;
a22e : 00000000;
a22f : 00000000;
a230 : 00000000;
a231 : 00000000;
a232 : 00000000;
a233 : 00000000;
a234 : 00000000;
a235 : 00000000;
a236 : 00000000;
a237 : 00000000;
a238 : 00000000;
a239 : 00000000;
a23a : 00000000;
a23b : 00000000;
a23c : 00000000;
a23d : 00000000;
a23e : 00000000;
a23f : 00000000;
a240 : 00000000;
a241 : 00000000;
a242 : 00000000;
a243 : 00000000;
a244 : 00000000;
a245 : 00000000;
a246 : 00000000;
a247 : 00000000;
a248 : 00000000;
a249 : 00000000;
a24a : 00000000;
a24b : 00000000;
a24c : 00000000;
a24d : 00000000;
a24e : 00000000;
a24f : 00000000;
a250 : 00000000;
a251 : 00000000;
a252 : 00000000;
a253 : 00000000;
a254 : 00000000;
a255 : 00000000;
a256 : 00000000;
a257 : 00000000;
a258 : 00000000;
a259 : 00000000;
a25a : 00000000;
a25b : 00000000;
a25c : 00000000;
a25d : 00000000;
a25e : 00000000;
a25f : 00000000;
a260 : 00000000;
a261 : 00000000;
a262 : 00000000;
a263 : 00000000;
a264 : 00000000;
a265 : 00000000;
a266 : 00000000;
a267 : 00000000;
a268 : 00000000;
a269 : 00000000;
a26a : 00000000;
a26b : 00000000;
a26c : 00000000;
a26d : 00000000;
a26e : 00000000;
a26f : 00000000;
a270 : 00000000;
a271 : 00000000;
a272 : 00000000;
a273 : 00000000;
a274 : 00000000;
a275 : 00000000;
a276 : 00000000;
a277 : 00000000;
a278 : 00000000;
a279 : 00000000;
a27a : 00000000;
a27b : 00000000;
a27c : 00000000;
a27d : 00000000;
a27e : 00000000;
a27f : 00000000;
a280 : 00000000;
a281 : 00000000;
a282 : 00000000;
a283 : 00000000;
a284 : 00000000;
a285 : 00000000;
a286 : 00000000;
a287 : 00000000;
a288 : 00000000;
a289 : 00000000;
a28a : 00000000;
a28b : 00000000;
a28c : 00000000;
a28d : 00000000;
a28e : 00000000;
a28f : 00000000;
a290 : 00000000;
a291 : 00000000;
a292 : 00000000;
a293 : 00000000;
a294 : 00000000;
a295 : 00000000;
a296 : 00000000;
a297 : 00000000;
a298 : 00000000;
a299 : 00000000;
a29a : 00000000;
a29b : 00000000;
a29c : 00000000;
a29d : 00000000;
a29e : 00000000;
a29f : 00000000;
a2a0 : 00000000;
a2a1 : 00000000;
a2a2 : 00000000;
a2a3 : 00000000;
a2a4 : 00000000;
a2a5 : 00000000;
a2a6 : 00000000;
a2a7 : 00000000;
a2a8 : 00000000;
a2a9 : 00000000;
a2aa : 00000000;
a2ab : 00000000;
a2ac : 00000000;
a2ad : 00000000;
a2ae : 00000000;
a2af : 00000000;
a2b0 : 00000000;
a2b1 : 00000000;
a2b2 : 00000000;
a2b3 : 00000000;
a2b4 : 00000000;
a2b5 : 00000000;
a2b6 : 00000000;
a2b7 : 00000000;
a2b8 : 00000000;
a2b9 : 00000000;
a2ba : 00000000;
a2bb : 00000000;
a2bc : 00000000;
a2bd : 00000000;
a2be : 00000000;
a2bf : 00000000;
a2c0 : 00000000;
a2c1 : 00000000;
a2c2 : 00000000;
a2c3 : 00000000;
a2c4 : 00000000;
a2c5 : 00000000;
a2c6 : 00000000;
a2c7 : 00000000;
a2c8 : 00000000;
a2c9 : 00000000;
a2ca : 00000000;
a2cb : 00000000;
a2cc : 00000000;
a2cd : 00000000;
a2ce : 00000000;
a2cf : 00000000;
a2d0 : 00000000;
a2d1 : 00000000;
a2d2 : 00000000;
a2d3 : 00000000;
a2d4 : 00000000;
a2d5 : 00000000;
a2d6 : 00000000;
a2d7 : 00000000;
a2d8 : 00000000;
a2d9 : 00000000;
a2da : 00000000;
a2db : 00000000;
a2dc : 00000000;
a2dd : 00000000;
a2de : 00000000;
a2df : 00000000;
a2e0 : 00000000;
a2e1 : 00000000;
a2e2 : 00000000;
a2e3 : 00000000;
a2e4 : 00000000;
a2e5 : 00000000;
a2e6 : 00000000;
a2e7 : 00000000;
a2e8 : 00000000;
a2e9 : 00000000;
a2ea : 00000000;
a2eb : 00000000;
a2ec : 00000000;
a2ed : 00000000;
a2ee : 00000000;
a2ef : 00000000;
a2f0 : 00000000;
a2f1 : 00000000;
a2f2 : 00000000;
a2f3 : 00000000;
a2f4 : 00000000;
a2f5 : 00000000;
a2f6 : 00000000;
a2f7 : 00000000;
a2f8 : 00000000;
a2f9 : 00000000;
a2fa : 00000000;
a2fb : 00000000;
a2fc : 00000000;
a2fd : 00000000;
a2fe : 00000000;
a2ff : 00000000;
a300 : 00000000;
a301 : 00000000;
a302 : 00000000;
a303 : 00000000;
a304 : 00000000;
a305 : 00000000;
a306 : 00000000;
a307 : 00000000;
a308 : 00000000;
a309 : 00000000;
a30a : 00000000;
a30b : 00000000;
a30c : 00000000;
a30d : 00000000;
a30e : 00000000;
a30f : 00000000;
a310 : 00000000;
a311 : 00000000;
a312 : 00000000;
a313 : 00000000;
a314 : 00000000;
a315 : 00000000;
a316 : 00000000;
a317 : 00000000;
a318 : 00000000;
a319 : 00000000;
a31a : 00000000;
a31b : 00000000;
a31c : 00000000;
a31d : 00000000;
a31e : 00000000;
a31f : 00000000;
a320 : 00000000;
a321 : 00000000;
a322 : 00000000;
a323 : 00000000;
a324 : 00000000;
a325 : 00000000;
a326 : 00000000;
a327 : 00000000;
a328 : 00000000;
a329 : 00000000;
a32a : 00000000;
a32b : 00000000;
a32c : 00000000;
a32d : 00000000;
a32e : 00000000;
a32f : 00000000;
a330 : 00000000;
a331 : 00000000;
a332 : 00000000;
a333 : 00000000;
a334 : 00000000;
a335 : 00000000;
a336 : 00000000;
a337 : 00000000;
a338 : 00000000;
a339 : 00000000;
a33a : 00000000;
a33b : 00000000;
a33c : 00000000;
a33d : 00000000;
a33e : 00000000;
a33f : 00000000;
a340 : 00000000;
a341 : 00000000;
a342 : 00000000;
a343 : 00000000;
a344 : 00000000;
a345 : 00000000;
a346 : 00000000;
a347 : 00000000;
a348 : 00000000;
a349 : 00000000;
a34a : 00000000;
a34b : 00000000;
a34c : 00000000;
a34d : 00000000;
a34e : 00000000;
a34f : 00000000;
a350 : 00000000;
a351 : 00000000;
a352 : 00000000;
a353 : 00000000;
a354 : 00000000;
a355 : 00000000;
a356 : 00000000;
a357 : 00000000;
a358 : 00000000;
a359 : 00000000;
a35a : 00000000;
a35b : 00000000;
a35c : 00000000;
a35d : 00000000;
a35e : 00000000;
a35f : 00000000;
a360 : 00000000;
a361 : 00000000;
a362 : 00000000;
a363 : 00000000;
a364 : 00000000;
a365 : 00000000;
a366 : 00000000;
a367 : 00000000;
a368 : 00000000;
a369 : 00000000;
a36a : 00000000;
a36b : 00000000;
a36c : 00000000;
a36d : 00000000;
a36e : 00000000;
a36f : 00000000;
a370 : 00000000;
a371 : 00000000;
a372 : 00000000;
a373 : 00000000;
a374 : 00000000;
a375 : 00000000;
a376 : 00000000;
a377 : 00000000;
a378 : 00000000;
a379 : 00000000;
a37a : 00000000;
a37b : 00000000;
a37c : 00000000;
a37d : 00000000;
a37e : 00000000;
a37f : 00000000;
a380 : 00000000;
a381 : 00000000;
a382 : 00000000;
a383 : 00000000;
a384 : 00000000;
a385 : 00000000;
a386 : 00000000;
a387 : 00000000;
a388 : 00000000;
a389 : 00000000;
a38a : 00000000;
a38b : 00000000;
a38c : 00000000;
a38d : 00000000;
a38e : 00000000;
a38f : 00000000;
a390 : 00000000;
a391 : 00000000;
a392 : 00000000;
a393 : 00000000;
a394 : 00000000;
a395 : 00000000;
a396 : 00000000;
a397 : 00000000;
a398 : 00000000;
a399 : 00000000;
a39a : 00000000;
a39b : 00000000;
a39c : 00000000;
a39d : 00000000;
a39e : 00000000;
a39f : 00000000;
a3a0 : 00000000;
a3a1 : 00000000;
a3a2 : 00000000;
a3a3 : 00000000;
a3a4 : 00000000;
a3a5 : 00000000;
a3a6 : 00000000;
a3a7 : 00000000;
a3a8 : 00000000;
a3a9 : 00000000;
a3aa : 00000000;
a3ab : 00000000;
a3ac : 00000000;
a3ad : 00000000;
a3ae : 00000000;
a3af : 00000000;
a3b0 : 00000000;
a3b1 : 00000000;
a3b2 : 00000000;
a3b3 : 00000000;
a3b4 : 00000000;
a3b5 : 00000000;
a3b6 : 00000000;
a3b7 : 00000000;
a3b8 : 00000000;
a3b9 : 00000000;
a3ba : 00000000;
a3bb : 00000000;
a3bc : 00000000;
a3bd : 00000000;
a3be : 00000000;
a3bf : 00000000;
a3c0 : 00000000;
a3c1 : 00000000;
a3c2 : 00000000;
a3c3 : 00000000;
a3c4 : 00000000;
a3c5 : 00000000;
a3c6 : 00000000;
a3c7 : 00000000;
a3c8 : 00000000;
a3c9 : 00000000;
a3ca : 00000000;
a3cb : 00000000;
a3cc : 00000000;
a3cd : 00000000;
a3ce : 00000000;
a3cf : 00000000;
a3d0 : 00000000;
a3d1 : 00000000;
a3d2 : 00000000;
a3d3 : 00000000;
a3d4 : 00000000;
a3d5 : 00000000;
a3d6 : 00000000;
a3d7 : 00000000;
a3d8 : 00000000;
a3d9 : 00000000;
a3da : 00000000;
a3db : 00000000;
a3dc : 00000000;
a3dd : 00000000;
a3de : 00000000;
a3df : 00000000;
a3e0 : 00000000;
a3e1 : 00000000;
a3e2 : 00000000;
a3e3 : 00000000;
a3e4 : 00000000;
a3e5 : 00000000;
a3e6 : 00000000;
a3e7 : 00000000;
a3e8 : 00000000;
a3e9 : 00000000;
a3ea : 00000000;
a3eb : 00000000;
a3ec : 00000000;
a3ed : 00000000;
a3ee : 00000000;
a3ef : 00000000;
a3f0 : 00000000;
a3f1 : 00000000;
a3f2 : 00000000;
a3f3 : 00000000;
a3f4 : 00000000;
a3f5 : 00000000;
a3f6 : 00000000;
a3f7 : 00000000;
a3f8 : 00000000;
a3f9 : 00000000;
a3fa : 00000000;
a3fb : 00000000;
a3fc : 00000000;
a3fd : 00000000;
a3fe : 00000000;
a3ff : 00000000;
a400 : 00000000;
a401 : 00000000;
a402 : 00000000;
a403 : 00000000;
a404 : 00000000;
a405 : 00000000;
a406 : 00000000;
a407 : 00000000;
a408 : 00000000;
a409 : 00000000;
a40a : 00000000;
a40b : 00000000;
a40c : 00000000;
a40d : 00000000;
a40e : 00000000;
a40f : 00000000;
a410 : 00000000;
a411 : 00000000;
a412 : 00000000;
a413 : 00000000;
a414 : 00000000;
a415 : 00000000;
a416 : 00000000;
a417 : 00000000;
a418 : 00000000;
a419 : 00000000;
a41a : 00000000;
a41b : 00000000;
a41c : 00000000;
a41d : 00000000;
a41e : 00000000;
a41f : 00000000;
a420 : 00000000;
a421 : 00000000;
a422 : 00000000;
a423 : 00000000;
a424 : 00000000;
a425 : 00000000;
a426 : 00000000;
a427 : 00000000;
a428 : 00000000;
a429 : 00000000;
a42a : 00000000;
a42b : 00000000;
a42c : 00000000;
a42d : 00000000;
a42e : 00000000;
a42f : 00000000;
a430 : 00000000;
a431 : 00000000;
a432 : 00000000;
a433 : 00000000;
a434 : 00000000;
a435 : 00000000;
a436 : 00000000;
a437 : 00000000;
a438 : 00000000;
a439 : 00000000;
a43a : 00000000;
a43b : 00000000;
a43c : 00000000;
a43d : 00000000;
a43e : 00000000;
a43f : 00000000;
a440 : 00000000;
a441 : 00000000;
a442 : 00000000;
a443 : 00000000;
a444 : 00000000;
a445 : 00000000;
a446 : 00000000;
a447 : 00000000;
a448 : 00000000;
a449 : 00000000;
a44a : 00000000;
a44b : 00000000;
a44c : 00000000;
a44d : 00000000;
a44e : 00000000;
a44f : 00000000;
a450 : 00000000;
a451 : 00000000;
a452 : 00000000;
a453 : 00000000;
a454 : 00000000;
a455 : 00000000;
a456 : 00000000;
a457 : 00000000;
a458 : 00000000;
a459 : 00000000;
a45a : 00000000;
a45b : 00000000;
a45c : 00000000;
a45d : 00000000;
a45e : 00000000;
a45f : 00000000;
a460 : 00000000;
a461 : 00000000;
a462 : 00000000;
a463 : 00000000;
a464 : 00000000;
a465 : 00000000;
a466 : 00000000;
a467 : 00000000;
a468 : 00000000;
a469 : 00000000;
a46a : 00000000;
a46b : 00000000;
a46c : 00000000;
a46d : 00000000;
a46e : 00000000;
a46f : 00000000;
a470 : 00000000;
a471 : 00000000;
a472 : 00000000;
a473 : 00000000;
a474 : 00000000;
a475 : 00000000;
a476 : 00000000;
a477 : 00000000;
a478 : 00000000;
a479 : 00000000;
a47a : 00000000;
a47b : 00000000;
a47c : 00000000;
a47d : 00000000;
a47e : 00000000;
a47f : 00000000;
a480 : 00000000;
a481 : 00000000;
a482 : 00000000;
a483 : 00000000;
a484 : 00000000;
a485 : 00000000;
a486 : 00000000;
a487 : 00000000;
a488 : 00000000;
a489 : 00000000;
a48a : 00000000;
a48b : 00000000;
a48c : 00000000;
a48d : 00000000;
a48e : 00000000;
a48f : 00000000;
a490 : 00000000;
a491 : 00000000;
a492 : 00000000;
a493 : 00000000;
a494 : 00000000;
a495 : 00000000;
a496 : 00000000;
a497 : 00000000;
a498 : 00000000;
a499 : 00000000;
a49a : 00000000;
a49b : 00000000;
a49c : 00000000;
a49d : 00000000;
a49e : 00000000;
a49f : 00000000;
a4a0 : 00000000;
a4a1 : 00000000;
a4a2 : 00000000;
a4a3 : 00000000;
a4a4 : 00000000;
a4a5 : 00000000;
a4a6 : 00000000;
a4a7 : 00000000;
a4a8 : 00000000;
a4a9 : 00000000;
a4aa : 00000000;
a4ab : 00000000;
a4ac : 00000000;
a4ad : 00000000;
a4ae : 00000000;
a4af : 00000000;
a4b0 : 00000000;
a4b1 : 00000000;
a4b2 : 00000000;
a4b3 : 00000000;
a4b4 : 00000000;
a4b5 : 00000000;
a4b6 : 00000000;
a4b7 : 00000000;
a4b8 : 00000000;
a4b9 : 00000000;
a4ba : 00000000;
a4bb : 00000000;
a4bc : 00000000;
a4bd : 00000000;
a4be : 00000000;
a4bf : 00000000;
a4c0 : 00000000;
a4c1 : 00000000;
a4c2 : 00000000;
a4c3 : 00000000;
a4c4 : 00000000;
a4c5 : 00000000;
a4c6 : 00000000;
a4c7 : 00000000;
a4c8 : 00000000;
a4c9 : 00000000;
a4ca : 00000000;
a4cb : 00000000;
a4cc : 00000000;
a4cd : 00000000;
a4ce : 00000000;
a4cf : 00000000;
a4d0 : 00000000;
a4d1 : 00000000;
a4d2 : 00000000;
a4d3 : 00000000;
a4d4 : 00000000;
a4d5 : 00000000;
a4d6 : 00000000;
a4d7 : 00000000;
a4d8 : 00000000;
a4d9 : 00000000;
a4da : 00000000;
a4db : 00000000;
a4dc : 00000000;
a4dd : 00000000;
a4de : 00000000;
a4df : 00000000;
a4e0 : 00000000;
a4e1 : 00000000;
a4e2 : 00000000;
a4e3 : 00000000;
a4e4 : 00000000;
a4e5 : 00000000;
a4e6 : 00000000;
a4e7 : 00000000;
a4e8 : 00000000;
a4e9 : 00000000;
a4ea : 00000000;
a4eb : 00000000;
a4ec : 00000000;
a4ed : 00000000;
a4ee : 00000000;
a4ef : 00000000;
a4f0 : 00000000;
a4f1 : 00000000;
a4f2 : 00000000;
a4f3 : 00000000;
a4f4 : 00000000;
a4f5 : 00000000;
a4f6 : 00000000;
a4f7 : 00000000;
a4f8 : 00000000;
a4f9 : 00000000;
a4fa : 00000000;
a4fb : 00000000;
a4fc : 00000000;
a4fd : 00000000;
a4fe : 00000000;
a4ff : 00000000;
a500 : 00000000;
a501 : 00000000;
a502 : 00000000;
a503 : 00000000;
a504 : 00000000;
a505 : 00000000;
a506 : 00000000;
a507 : 00000000;
a508 : 00000000;
a509 : 00000000;
a50a : 00000000;
a50b : 00000000;
a50c : 00000000;
a50d : 00000000;
a50e : 00000000;
a50f : 00000000;
a510 : 00000000;
a511 : 00000000;
a512 : 00000000;
a513 : 00000000;
a514 : 00000000;
a515 : 00000000;
a516 : 00000000;
a517 : 00000000;
a518 : 00000000;
a519 : 00000000;
a51a : 00000000;
a51b : 00000000;
a51c : 00000000;
a51d : 00000000;
a51e : 00000000;
a51f : 00000000;
a520 : 00000000;
a521 : 00000000;
a522 : 00000000;
a523 : 00000000;
a524 : 00000000;
a525 : 00000000;
a526 : 00000000;
a527 : 00000000;
a528 : 00000000;
a529 : 00000000;
a52a : 00000000;
a52b : 00000000;
a52c : 00000000;
a52d : 00000000;
a52e : 00000000;
a52f : 00000000;
a530 : 00000000;
a531 : 00000000;
a532 : 00000000;
a533 : 00000000;
a534 : 00000000;
a535 : 00000000;
a536 : 00000000;
a537 : 00000000;
a538 : 00000000;
a539 : 00000000;
a53a : 00000000;
a53b : 00000000;
a53c : 00000000;
a53d : 00000000;
a53e : 00000000;
a53f : 00000000;
a540 : 00000000;
a541 : 00000000;
a542 : 00000000;
a543 : 00000000;
a544 : 00000000;
a545 : 00000000;
a546 : 00000000;
a547 : 00000000;
a548 : 00000000;
a549 : 00000000;
a54a : 00000000;
a54b : 00000000;
a54c : 00000000;
a54d : 00000000;
a54e : 00000000;
a54f : 00000000;
a550 : 00000000;
a551 : 00000000;
a552 : 00000000;
a553 : 00000000;
a554 : 00000000;
a555 : 00000000;
a556 : 00000000;
a557 : 00000000;
a558 : 00000000;
a559 : 00000000;
a55a : 00000000;
a55b : 00000000;
a55c : 00000000;
a55d : 00000000;
a55e : 00000000;
a55f : 00000000;
a560 : 00000000;
a561 : 00000000;
a562 : 00000000;
a563 : 00000000;
a564 : 00000000;
a565 : 00000000;
a566 : 00000000;
a567 : 00000000;
a568 : 00000000;
a569 : 00000000;
a56a : 00000000;
a56b : 00000000;
a56c : 00000000;
a56d : 00000000;
a56e : 00000000;
a56f : 00000000;
a570 : 00000000;
a571 : 00000000;
a572 : 00000000;
a573 : 00000000;
a574 : 00000000;
a575 : 00000000;
a576 : 00000000;
a577 : 00000000;
a578 : 00000000;
a579 : 00000000;
a57a : 00000000;
a57b : 00000000;
a57c : 00000000;
a57d : 00000000;
a57e : 00000000;
a57f : 00000000;
a580 : 00000000;
a581 : 00000000;
a582 : 00000000;
a583 : 00000000;
a584 : 00000000;
a585 : 00000000;
a586 : 00000000;
a587 : 00000000;
a588 : 00000000;
a589 : 00000000;
a58a : 00000000;
a58b : 00000000;
a58c : 00000000;
a58d : 00000000;
a58e : 00000000;
a58f : 00000000;
a590 : 00000000;
a591 : 00000000;
a592 : 00000000;
a593 : 00000000;
a594 : 00000000;
a595 : 00000000;
a596 : 00000000;
a597 : 00000000;
a598 : 00000000;
a599 : 00000000;
a59a : 00000000;
a59b : 00000000;
a59c : 00000000;
a59d : 00000000;
a59e : 00000000;
a59f : 00000000;
a5a0 : 00000000;
a5a1 : 00000000;
a5a2 : 00000000;
a5a3 : 00000000;
a5a4 : 00000000;
a5a5 : 00000000;
a5a6 : 00000000;
a5a7 : 00000000;
a5a8 : 00000000;
a5a9 : 00000000;
a5aa : 00000000;
a5ab : 00000000;
a5ac : 00000000;
a5ad : 00000000;
a5ae : 00000000;
a5af : 00000000;
a5b0 : 00000000;
a5b1 : 00000000;
a5b2 : 00000000;
a5b3 : 00000000;
a5b4 : 00000000;
a5b5 : 00000000;
a5b6 : 00000000;
a5b7 : 00000000;
a5b8 : 00000000;
a5b9 : 00000000;
a5ba : 00000000;
a5bb : 00000000;
a5bc : 00000000;
a5bd : 00000000;
a5be : 00000000;
a5bf : 00000000;
a5c0 : 00000000;
a5c1 : 00000000;
a5c2 : 00000000;
a5c3 : 00000000;
a5c4 : 00000000;
a5c5 : 00000000;
a5c6 : 00000000;
a5c7 : 00000000;
a5c8 : 00000000;
a5c9 : 00000000;
a5ca : 00000000;
a5cb : 00000000;
a5cc : 00000000;
a5cd : 00000000;
a5ce : 00000000;
a5cf : 00000000;
a5d0 : 00000000;
a5d1 : 00000000;
a5d2 : 00000000;
a5d3 : 00000000;
a5d4 : 00000000;
a5d5 : 00000000;
a5d6 : 00000000;
a5d7 : 00000000;
a5d8 : 00000000;
a5d9 : 00000000;
a5da : 00000000;
a5db : 00000000;
a5dc : 00000000;
a5dd : 00000000;
a5de : 00000000;
a5df : 00000000;
a5e0 : 00000000;
a5e1 : 00000000;
a5e2 : 00000000;
a5e3 : 00000000;
a5e4 : 00000000;
a5e5 : 00000000;
a5e6 : 00000000;
a5e7 : 00000000;
a5e8 : 00000000;
a5e9 : 00000000;
a5ea : 00000000;
a5eb : 00000000;
a5ec : 00000000;
a5ed : 00000000;
a5ee : 00000000;
a5ef : 00000000;
a5f0 : 00000000;
a5f1 : 00000000;
a5f2 : 00000000;
a5f3 : 00000000;
a5f4 : 00000000;
a5f5 : 00000000;
a5f6 : 00000000;
a5f7 : 00000000;
a5f8 : 00000000;
a5f9 : 00000000;
a5fa : 00000000;
a5fb : 00000000;
a5fc : 00000000;
a5fd : 00000000;
a5fe : 00000000;
a5ff : 00000000;
a600 : 00000000;
a601 : 00000000;
a602 : 00000000;
a603 : 00000000;
a604 : 00000000;
a605 : 00000000;
a606 : 00000000;
a607 : 00000000;
a608 : 00000000;
a609 : 00000000;
a60a : 00000000;
a60b : 00000000;
a60c : 00000000;
a60d : 00000000;
a60e : 00000000;
a60f : 00000000;
a610 : 00000000;
a611 : 00000000;
a612 : 00000000;
a613 : 00000000;
a614 : 00000000;
a615 : 00000000;
a616 : 00000000;
a617 : 00000000;
a618 : 00000000;
a619 : 00000000;
a61a : 00000000;
a61b : 00000000;
a61c : 00000000;
a61d : 00000000;
a61e : 00000000;
a61f : 00000000;
a620 : 00000000;
a621 : 00000000;
a622 : 00000000;
a623 : 00000000;
a624 : 00000000;
a625 : 00000000;
a626 : 00000000;
a627 : 00000000;
a628 : 00000000;
a629 : 00000000;
a62a : 00000000;
a62b : 00000000;
a62c : 00000000;
a62d : 00000000;
a62e : 00000000;
a62f : 00000000;
a630 : 00000000;
a631 : 00000000;
a632 : 00000000;
a633 : 00000000;
a634 : 00000000;
a635 : 00000000;
a636 : 00000000;
a637 : 00000000;
a638 : 00000000;
a639 : 00000000;
a63a : 00000000;
a63b : 00000000;
a63c : 00000000;
a63d : 00000000;
a63e : 00000000;
a63f : 00000000;
a640 : 00000000;
a641 : 00000000;
a642 : 00000000;
a643 : 00000000;
a644 : 00000000;
a645 : 00000000;
a646 : 00000000;
a647 : 00000000;
a648 : 00000000;
a649 : 00000000;
a64a : 00000000;
a64b : 00000000;
a64c : 00000000;
a64d : 00000000;
a64e : 00000000;
a64f : 00000000;
a650 : 00000000;
a651 : 00000000;
a652 : 00000000;
a653 : 00000000;
a654 : 00000000;
a655 : 00000000;
a656 : 00000000;
a657 : 00000000;
a658 : 00000000;
a659 : 00000000;
a65a : 00000000;
a65b : 00000000;
a65c : 00000000;
a65d : 00000000;
a65e : 00000000;
a65f : 00000000;
a660 : 00000000;
a661 : 00000000;
a662 : 00000000;
a663 : 00000000;
a664 : 00000000;
a665 : 00000000;
a666 : 00000000;
a667 : 00000000;
a668 : 00000000;
a669 : 00000000;
a66a : 00000000;
a66b : 00000000;
a66c : 00000000;
a66d : 00000000;
a66e : 00000000;
a66f : 00000000;
a670 : 00000000;
a671 : 00000000;
a672 : 00000000;
a673 : 00000000;
a674 : 00000000;
a675 : 00000000;
a676 : 00000000;
a677 : 00000000;
a678 : 00000000;
a679 : 00000000;
a67a : 00000000;
a67b : 00000000;
a67c : 00000000;
a67d : 00000000;
a67e : 00000000;
a67f : 00000000;
a680 : 00000000;
a681 : 00000000;
a682 : 00000000;
a683 : 00000000;
a684 : 00000000;
a685 : 00000000;
a686 : 00000000;
a687 : 00000000;
a688 : 00000000;
a689 : 00000000;
a68a : 00000000;
a68b : 00000000;
a68c : 00000000;
a68d : 00000000;
a68e : 00000000;
a68f : 00000000;
a690 : 00000000;
a691 : 00000000;
a692 : 00000000;
a693 : 00000000;
a694 : 00000000;
a695 : 00000000;
a696 : 00000000;
a697 : 00000000;
a698 : 00000000;
a699 : 00000000;
a69a : 00000000;
a69b : 00000000;
a69c : 00000000;
a69d : 00000000;
a69e : 00000000;
a69f : 00000000;
a6a0 : 00000000;
a6a1 : 00000000;
a6a2 : 00000000;
a6a3 : 00000000;
a6a4 : 00000000;
a6a5 : 00000000;
a6a6 : 00000000;
a6a7 : 00000000;
a6a8 : 00000000;
a6a9 : 00000000;
a6aa : 00000000;
a6ab : 00000000;
a6ac : 00000000;
a6ad : 00000000;
a6ae : 00000000;
a6af : 00000000;
a6b0 : 00000000;
a6b1 : 00000000;
a6b2 : 00000000;
a6b3 : 00000000;
a6b4 : 00000000;
a6b5 : 00000000;
a6b6 : 00000000;
a6b7 : 00000000;
a6b8 : 00000000;
a6b9 : 00000000;
a6ba : 00000000;
a6bb : 00000000;
a6bc : 00000000;
a6bd : 00000000;
a6be : 00000000;
a6bf : 00000000;
a6c0 : 00000000;
a6c1 : 00000000;
a6c2 : 00000000;
a6c3 : 00000000;
a6c4 : 00000000;
a6c5 : 00000000;
a6c6 : 00000000;
a6c7 : 00000000;
a6c8 : 00000000;
a6c9 : 00000000;
a6ca : 00000000;
a6cb : 00000000;
a6cc : 00000000;
a6cd : 00000000;
a6ce : 00000000;
a6cf : 00000000;
a6d0 : 00000000;
a6d1 : 00000000;
a6d2 : 00000000;
a6d3 : 00000000;
a6d4 : 00000000;
a6d5 : 00000000;
a6d6 : 00000000;
a6d7 : 00000000;
a6d8 : 00000000;
a6d9 : 00000000;
a6da : 00000000;
a6db : 00000000;
a6dc : 00000000;
a6dd : 00000000;
a6de : 00000000;
a6df : 00000000;
a6e0 : 00000000;
a6e1 : 00000000;
a6e2 : 00000000;
a6e3 : 00000000;
a6e4 : 00000000;
a6e5 : 00000000;
a6e6 : 00000000;
a6e7 : 00000000;
a6e8 : 00000000;
a6e9 : 00000000;
a6ea : 00000000;
a6eb : 00000000;
a6ec : 00000000;
a6ed : 00000000;
a6ee : 00000000;
a6ef : 00000000;
a6f0 : 00000000;
a6f1 : 00000000;
a6f2 : 00000000;
a6f3 : 00000000;
a6f4 : 00000000;
a6f5 : 00000000;
a6f6 : 00000000;
a6f7 : 00000000;
a6f8 : 00000000;
a6f9 : 00000000;
a6fa : 00000000;
a6fb : 00000000;
a6fc : 00000000;
a6fd : 00000000;
a6fe : 00000000;
a6ff : 00000000;
a700 : 00000000;
a701 : 00000000;
a702 : 00000000;
a703 : 00000000;
a704 : 00000000;
a705 : 00000000;
a706 : 00000000;
a707 : 00000000;
a708 : 00000000;
a709 : 00000000;
a70a : 00000000;
a70b : 00000000;
a70c : 00000000;
a70d : 00000000;
a70e : 00000000;
a70f : 00000000;
a710 : 00000000;
a711 : 00000000;
a712 : 00000000;
a713 : 00000000;
a714 : 00000000;
a715 : 00000000;
a716 : 00000000;
a717 : 00000000;
a718 : 00000000;
a719 : 00000000;
a71a : 00000000;
a71b : 00000000;
a71c : 00000000;
a71d : 00000000;
a71e : 00000000;
a71f : 00000000;
a720 : 00000000;
a721 : 00000000;
a722 : 00000000;
a723 : 00000000;
a724 : 00000000;
a725 : 00000000;
a726 : 00000000;
a727 : 00000000;
a728 : 00000000;
a729 : 00000000;
a72a : 00000000;
a72b : 00000000;
a72c : 00000000;
a72d : 00000000;
a72e : 00000000;
a72f : 00000000;
a730 : 00000000;
a731 : 00000000;
a732 : 00000000;
a733 : 00000000;
a734 : 00000000;
a735 : 00000000;
a736 : 00000000;
a737 : 00000000;
a738 : 00000000;
a739 : 00000000;
a73a : 00000000;
a73b : 00000000;
a73c : 00000000;
a73d : 00000000;
a73e : 00000000;
a73f : 00000000;
a740 : 00000000;
a741 : 00000000;
a742 : 00000000;
a743 : 00000000;
a744 : 00000000;
a745 : 00000000;
a746 : 00000000;
a747 : 00000000;
a748 : 00000000;
a749 : 00000000;
a74a : 00000000;
a74b : 00000000;
a74c : 00000000;
a74d : 00000000;
a74e : 00000000;
a74f : 00000000;
a750 : 00000000;
a751 : 00000000;
a752 : 00000000;
a753 : 00000000;
a754 : 00000000;
a755 : 00000000;
a756 : 00000000;
a757 : 00000000;
a758 : 00000000;
a759 : 00000000;
a75a : 00000000;
a75b : 00000000;
a75c : 00000000;
a75d : 00000000;
a75e : 00000000;
a75f : 00000000;
a760 : 00000000;
a761 : 00000000;
a762 : 00000000;
a763 : 00000000;
a764 : 00000000;
a765 : 00000000;
a766 : 00000000;
a767 : 00000000;
a768 : 00000000;
a769 : 00000000;
a76a : 00000000;
a76b : 00000000;
a76c : 00000000;
a76d : 00000000;
a76e : 00000000;
a76f : 00000000;
a770 : 00000000;
a771 : 00000000;
a772 : 00000000;
a773 : 00000000;
a774 : 00000000;
a775 : 00000000;
a776 : 00000000;
a777 : 00000000;
a778 : 00000000;
a779 : 00000000;
a77a : 00000000;
a77b : 00000000;
a77c : 00000000;
a77d : 00000000;
a77e : 00000000;
a77f : 00000000;
a780 : 00000000;
a781 : 00000000;
a782 : 00000000;
a783 : 00000000;
a784 : 00000000;
a785 : 00000000;
a786 : 00000000;
a787 : 00000000;
a788 : 00000000;
a789 : 00000000;
a78a : 00000000;
a78b : 00000000;
a78c : 00000000;
a78d : 00000000;
a78e : 00000000;
a78f : 00000000;
a790 : 00000000;
a791 : 00000000;
a792 : 00000000;
a793 : 00000000;
a794 : 00000000;
a795 : 00000000;
a796 : 00000000;
a797 : 00000000;
a798 : 00000000;
a799 : 00000000;
a79a : 00000000;
a79b : 00000000;
a79c : 00000000;
a79d : 00000000;
a79e : 00000000;
a79f : 00000000;
a7a0 : 00000000;
a7a1 : 00000000;
a7a2 : 00000000;
a7a3 : 00000000;
a7a4 : 00000000;
a7a5 : 00000000;
a7a6 : 00000000;
a7a7 : 00000000;
a7a8 : 00000000;
a7a9 : 00000000;
a7aa : 00000000;
a7ab : 00000000;
a7ac : 00000000;
a7ad : 00000000;
a7ae : 00000000;
a7af : 00000000;
a7b0 : 00000000;
a7b1 : 00000000;
a7b2 : 00000000;
a7b3 : 00000000;
a7b4 : 00000000;
a7b5 : 00000000;
a7b6 : 00000000;
a7b7 : 00000000;
a7b8 : 00000000;
a7b9 : 00000000;
a7ba : 00000000;
a7bb : 00000000;
a7bc : 00000000;
a7bd : 00000000;
a7be : 00000000;
a7bf : 00000000;
a7c0 : 00000000;
a7c1 : 00000000;
a7c2 : 00000000;
a7c3 : 00000000;
a7c4 : 00000000;
a7c5 : 00000000;
a7c6 : 00000000;
a7c7 : 00000000;
a7c8 : 00000000;
a7c9 : 00000000;
a7ca : 00000000;
a7cb : 00000000;
a7cc : 00000000;
a7cd : 00000000;
a7ce : 00000000;
a7cf : 00000000;
a7d0 : 00000000;
a7d1 : 00000000;
a7d2 : 00000000;
a7d3 : 00000000;
a7d4 : 00000000;
a7d5 : 00000000;
a7d6 : 00000000;
a7d7 : 00000000;
a7d8 : 00000000;
a7d9 : 00000000;
a7da : 00000000;
a7db : 00000000;
a7dc : 00000000;
a7dd : 00000000;
a7de : 00000000;
a7df : 00000000;
a7e0 : 00000000;
a7e1 : 00000000;
a7e2 : 00000000;
a7e3 : 00000000;
a7e4 : 00000000;
a7e5 : 00000000;
a7e6 : 00000000;
a7e7 : 00000000;
a7e8 : 00000000;
a7e9 : 00000000;
a7ea : 00000000;
a7eb : 00000000;
a7ec : 00000000;
a7ed : 00000000;
a7ee : 00000000;
a7ef : 00000000;
a7f0 : 00000000;
a7f1 : 00000000;
a7f2 : 00000000;
a7f3 : 00000000;
a7f4 : 00000000;
a7f5 : 00000000;
a7f6 : 00000000;
a7f7 : 00000000;
a7f8 : 00000000;
a7f9 : 00000000;
a7fa : 00000000;
a7fb : 00000000;
a7fc : 00000000;
a7fd : 00000000;
a7fe : 00000000;
a7ff : 00000000;
a800 : 00000000;
a801 : 00000000;
a802 : 00000000;
a803 : 00000000;
a804 : 00000000;
a805 : 00000000;
a806 : 00000000;
a807 : 00000000;
a808 : 00000000;
a809 : 00000000;
a80a : 00000000;
a80b : 00000000;
a80c : 00000000;
a80d : 00000000;
a80e : 00000000;
a80f : 00000000;
a810 : 00000000;
a811 : 00000000;
a812 : 00000000;
a813 : 00000000;
a814 : 00000000;
a815 : 00000000;
a816 : 00000000;
a817 : 00000000;
a818 : 00000000;
a819 : 00000000;
a81a : 00000000;
a81b : 00000000;
a81c : 00000000;
a81d : 00000000;
a81e : 00000000;
a81f : 00000000;
a820 : 00000000;
a821 : 00000000;
a822 : 00000000;
a823 : 00000000;
a824 : 00000000;
a825 : 00000000;
a826 : 00000000;
a827 : 00000000;
a828 : 00000000;
a829 : 00000000;
a82a : 00000000;
a82b : 00000000;
a82c : 00000000;
a82d : 00000000;
a82e : 00000000;
a82f : 00000000;
a830 : 00000000;
a831 : 00000000;
a832 : 00000000;
a833 : 00000000;
a834 : 00000000;
a835 : 00000000;
a836 : 00000000;
a837 : 00000000;
a838 : 00000000;
a839 : 00000000;
a83a : 00000000;
a83b : 00000000;
a83c : 00000000;
a83d : 00000000;
a83e : 00000000;
a83f : 00000000;
a840 : 00000000;
a841 : 00000000;
a842 : 00000000;
a843 : 00000000;
a844 : 00000000;
a845 : 00000000;
a846 : 00000000;
a847 : 00000000;
a848 : 00000000;
a849 : 00000000;
a84a : 00000000;
a84b : 00000000;
a84c : 00000000;
a84d : 00000000;
a84e : 00000000;
a84f : 00000000;
a850 : 00000000;
a851 : 00000000;
a852 : 00000000;
a853 : 00000000;
a854 : 00000000;
a855 : 00000000;
a856 : 00000000;
a857 : 00000000;
a858 : 00000000;
a859 : 00000000;
a85a : 00000000;
a85b : 00000000;
a85c : 00000000;
a85d : 00000000;
a85e : 00000000;
a85f : 00000000;
a860 : 00000000;
a861 : 00000000;
a862 : 00000000;
a863 : 00000000;
a864 : 00000000;
a865 : 00000000;
a866 : 00000000;
a867 : 00000000;
a868 : 00000000;
a869 : 00000000;
a86a : 00000000;
a86b : 00000000;
a86c : 00000000;
a86d : 00000000;
a86e : 00000000;
a86f : 00000000;
a870 : 00000000;
a871 : 00000000;
a872 : 00000000;
a873 : 00000000;
a874 : 00000000;
a875 : 00000000;
a876 : 00000000;
a877 : 00000000;
a878 : 00000000;
a879 : 00000000;
a87a : 00000000;
a87b : 00000000;
a87c : 00000000;
a87d : 00000000;
a87e : 00000000;
a87f : 00000000;
a880 : 00000000;
a881 : 00000000;
a882 : 00000000;
a883 : 00000000;
a884 : 00000000;
a885 : 00000000;
a886 : 00000000;
a887 : 00000000;
a888 : 00000000;
a889 : 00000000;
a88a : 00000000;
a88b : 00000000;
a88c : 00000000;
a88d : 00000000;
a88e : 00000000;
a88f : 00000000;
a890 : 00000000;
a891 : 00000000;
a892 : 00000000;
a893 : 00000000;
a894 : 00000000;
a895 : 00000000;
a896 : 00000000;
a897 : 00000000;
a898 : 00000000;
a899 : 00000000;
a89a : 00000000;
a89b : 00000000;
a89c : 00000000;
a89d : 00000000;
a89e : 00000000;
a89f : 00000000;
a8a0 : 00000000;
a8a1 : 00000000;
a8a2 : 00000000;
a8a3 : 00000000;
a8a4 : 00000000;
a8a5 : 00000000;
a8a6 : 00000000;
a8a7 : 00000000;
a8a8 : 00000000;
a8a9 : 00000000;
a8aa : 00000000;
a8ab : 00000000;
a8ac : 00000000;
a8ad : 00000000;
a8ae : 00000000;
a8af : 00000000;
a8b0 : 00000000;
a8b1 : 00000000;
a8b2 : 00000000;
a8b3 : 00000000;
a8b4 : 00000000;
a8b5 : 00000000;
a8b6 : 00000000;
a8b7 : 00000000;
a8b8 : 00000000;
a8b9 : 00000000;
a8ba : 00000000;
a8bb : 00000000;
a8bc : 00000000;
a8bd : 00000000;
a8be : 00000000;
a8bf : 00000000;
a8c0 : 00000000;
a8c1 : 00000000;
a8c2 : 00000000;
a8c3 : 00000000;
a8c4 : 00000000;
a8c5 : 00000000;
a8c6 : 00000000;
a8c7 : 00000000;
a8c8 : 00000000;
a8c9 : 00000000;
a8ca : 00000000;
a8cb : 00000000;
a8cc : 00000000;
a8cd : 00000000;
a8ce : 00000000;
a8cf : 00000000;
a8d0 : 00000000;
a8d1 : 00000000;
a8d2 : 00000000;
a8d3 : 00000000;
a8d4 : 00000000;
a8d5 : 00000000;
a8d6 : 00000000;
a8d7 : 00000000;
a8d8 : 00000000;
a8d9 : 00000000;
a8da : 00000000;
a8db : 00000000;
a8dc : 00000000;
a8dd : 00000000;
a8de : 00000000;
a8df : 00000000;
a8e0 : 00000000;
a8e1 : 00000000;
a8e2 : 00000000;
a8e3 : 00000000;
a8e4 : 00000000;
a8e5 : 00000000;
a8e6 : 00000000;
a8e7 : 00000000;
a8e8 : 00000000;
a8e9 : 00000000;
a8ea : 00000000;
a8eb : 00000000;
a8ec : 00000000;
a8ed : 00000000;
a8ee : 00000000;
a8ef : 00000000;
a8f0 : 00000000;
a8f1 : 00000000;
a8f2 : 00000000;
a8f3 : 00000000;
a8f4 : 00000000;
a8f5 : 00000000;
a8f6 : 00000000;
a8f7 : 00000000;
a8f8 : 00000000;
a8f9 : 00000000;
a8fa : 00000000;
a8fb : 00000000;
a8fc : 00000000;
a8fd : 00000000;
a8fe : 00000000;
a8ff : 00000000;
a900 : 00000000;
a901 : 00000000;
a902 : 00000000;
a903 : 00000000;
a904 : 00000000;
a905 : 00000000;
a906 : 00000000;
a907 : 00000000;
a908 : 00000000;
a909 : 00000000;
a90a : 00000000;
a90b : 00000000;
a90c : 00000000;
a90d : 00000000;
a90e : 00000000;
a90f : 00000000;
a910 : 00000000;
a911 : 00000000;
a912 : 00000000;
a913 : 00000000;
a914 : 00000000;
a915 : 00000000;
a916 : 00000000;
a917 : 00000000;
a918 : 00000000;
a919 : 00000000;
a91a : 00000000;
a91b : 00000000;
a91c : 00000000;
a91d : 00000000;
a91e : 00000000;
a91f : 00000000;
a920 : 00000000;
a921 : 00000000;
a922 : 00000000;
a923 : 00000000;
a924 : 00000000;
a925 : 00000000;
a926 : 00000000;
a927 : 00000000;
a928 : 00000000;
a929 : 00000000;
a92a : 00000000;
a92b : 00000000;
a92c : 00000000;
a92d : 00000000;
a92e : 00000000;
a92f : 00000000;
a930 : 00000000;
a931 : 00000000;
a932 : 00000000;
a933 : 00000000;
a934 : 00000000;
a935 : 00000000;
a936 : 00000000;
a937 : 00000000;
a938 : 00000000;
a939 : 00000000;
a93a : 00000000;
a93b : 00000000;
a93c : 00000000;
a93d : 00000000;
a93e : 00000000;
a93f : 00000000;
a940 : 00000000;
a941 : 00000000;
a942 : 00000000;
a943 : 00000000;
a944 : 00000000;
a945 : 00000000;
a946 : 00000000;
a947 : 00000000;
a948 : 00000000;
a949 : 00000000;
a94a : 00000000;
a94b : 00000000;
a94c : 00000000;
a94d : 00000000;
a94e : 00000000;
a94f : 00000000;
a950 : 00000000;
a951 : 00000000;
a952 : 00000000;
a953 : 00000000;
a954 : 00000000;
a955 : 00000000;
a956 : 00000000;
a957 : 00000000;
a958 : 00000000;
a959 : 00000000;
a95a : 00000000;
a95b : 00000000;
a95c : 00000000;
a95d : 00000000;
a95e : 00000000;
a95f : 00000000;
a960 : 00000000;
a961 : 00000000;
a962 : 00000000;
a963 : 00000000;
a964 : 00000000;
a965 : 00000000;
a966 : 00000000;
a967 : 00000000;
a968 : 00000000;
a969 : 00000000;
a96a : 00000000;
a96b : 00000000;
a96c : 00000000;
a96d : 00000000;
a96e : 00000000;
a96f : 00000000;
a970 : 00000000;
a971 : 00000000;
a972 : 00000000;
a973 : 00000000;
a974 : 00000000;
a975 : 00000000;
a976 : 00000000;
a977 : 00000000;
a978 : 00000000;
a979 : 00000000;
a97a : 00000000;
a97b : 00000000;
a97c : 00000000;
a97d : 00000000;
a97e : 00000000;
a97f : 00000000;
a980 : 00000000;
a981 : 00000000;
a982 : 00000000;
a983 : 00000000;
a984 : 00000000;
a985 : 00000000;
a986 : 00000000;
a987 : 00000000;
a988 : 00000000;
a989 : 00000000;
a98a : 00000000;
a98b : 00000000;
a98c : 00000000;
a98d : 00000000;
a98e : 00000000;
a98f : 00000000;
a990 : 00000000;
a991 : 00000000;
a992 : 00000000;
a993 : 00000000;
a994 : 00000000;
a995 : 00000000;
a996 : 00000000;
a997 : 00000000;
a998 : 00000000;
a999 : 00000000;
a99a : 00000000;
a99b : 00000000;
a99c : 00000000;
a99d : 00000000;
a99e : 00000000;
a99f : 00000000;
a9a0 : 00000000;
a9a1 : 00000000;
a9a2 : 00000000;
a9a3 : 00000000;
a9a4 : 00000000;
a9a5 : 00000000;
a9a6 : 00000000;
a9a7 : 00000000;
a9a8 : 00000000;
a9a9 : 00000000;
a9aa : 00000000;
a9ab : 00000000;
a9ac : 00000000;
a9ad : 00000000;
a9ae : 00000000;
a9af : 00000000;
a9b0 : 00000000;
a9b1 : 00000000;
a9b2 : 00000000;
a9b3 : 00000000;
a9b4 : 00000000;
a9b5 : 00000000;
a9b6 : 00000000;
a9b7 : 00000000;
a9b8 : 00000000;
a9b9 : 00000000;
a9ba : 00000000;
a9bb : 00000000;
a9bc : 00000000;
a9bd : 00000000;
a9be : 00000000;
a9bf : 00000000;
a9c0 : 00000000;
a9c1 : 00000000;
a9c2 : 00000000;
a9c3 : 00000000;
a9c4 : 00000000;
a9c5 : 00000000;
a9c6 : 00000000;
a9c7 : 00000000;
a9c8 : 00000000;
a9c9 : 00000000;
a9ca : 00000000;
a9cb : 00000000;
a9cc : 00000000;
a9cd : 00000000;
a9ce : 00000000;
a9cf : 00000000;
a9d0 : 00000000;
a9d1 : 00000000;
a9d2 : 00000000;
a9d3 : 00000000;
a9d4 : 00000000;
a9d5 : 00000000;
a9d6 : 00000000;
a9d7 : 00000000;
a9d8 : 00000000;
a9d9 : 00000000;
a9da : 00000000;
a9db : 00000000;
a9dc : 00000000;
a9dd : 00000000;
a9de : 00000000;
a9df : 00000000;
a9e0 : 00000000;
a9e1 : 00000000;
a9e2 : 00000000;
a9e3 : 00000000;
a9e4 : 00000000;
a9e5 : 00000000;
a9e6 : 00000000;
a9e7 : 00000000;
a9e8 : 00000000;
a9e9 : 00000000;
a9ea : 00000000;
a9eb : 00000000;
a9ec : 00000000;
a9ed : 00000000;
a9ee : 00000000;
a9ef : 00000000;
a9f0 : 00000000;
a9f1 : 00000000;
a9f2 : 00000000;
a9f3 : 00000000;
a9f4 : 00000000;
a9f5 : 00000000;
a9f6 : 00000000;
a9f7 : 00000000;
a9f8 : 00000000;
a9f9 : 00000000;
a9fa : 00000000;
a9fb : 00000000;
a9fc : 00000000;
a9fd : 00000000;
a9fe : 00000000;
a9ff : 00000000;
aa00 : 00000000;
aa01 : 00000000;
aa02 : 00000000;
aa03 : 00000000;
aa04 : 00000000;
aa05 : 00000000;
aa06 : 00000000;
aa07 : 00000000;
aa08 : 00000000;
aa09 : 00000000;
aa0a : 00000000;
aa0b : 00000000;
aa0c : 00000000;
aa0d : 00000000;
aa0e : 00000000;
aa0f : 00000000;
aa10 : 00000000;
aa11 : 00000000;
aa12 : 00000000;
aa13 : 00000000;
aa14 : 00000000;
aa15 : 00000000;
aa16 : 00000000;
aa17 : 00000000;
aa18 : 00000000;
aa19 : 00000000;
aa1a : 00000000;
aa1b : 00000000;
aa1c : 00000000;
aa1d : 00000000;
aa1e : 00000000;
aa1f : 00000000;
aa20 : 00000000;
aa21 : 00000000;
aa22 : 00000000;
aa23 : 00000000;
aa24 : 00000000;
aa25 : 00000000;
aa26 : 00000000;
aa27 : 00000000;
aa28 : 00000000;
aa29 : 00000000;
aa2a : 00000000;
aa2b : 00000000;
aa2c : 00000000;
aa2d : 00000000;
aa2e : 00000000;
aa2f : 00000000;
aa30 : 00000000;
aa31 : 00000000;
aa32 : 00000000;
aa33 : 00000000;
aa34 : 00000000;
aa35 : 00000000;
aa36 : 00000000;
aa37 : 00000000;
aa38 : 00000000;
aa39 : 00000000;
aa3a : 00000000;
aa3b : 00000000;
aa3c : 00000000;
aa3d : 00000000;
aa3e : 00000000;
aa3f : 00000000;
aa40 : 00000000;
aa41 : 00000000;
aa42 : 00000000;
aa43 : 00000000;
aa44 : 00000000;
aa45 : 00000000;
aa46 : 00000000;
aa47 : 00000000;
aa48 : 00000000;
aa49 : 00000000;
aa4a : 00000000;
aa4b : 00000000;
aa4c : 00000000;
aa4d : 00000000;
aa4e : 00000000;
aa4f : 00000000;
aa50 : 00000000;
aa51 : 00000000;
aa52 : 00000000;
aa53 : 00000000;
aa54 : 00000000;
aa55 : 00000000;
aa56 : 00000000;
aa57 : 00000000;
aa58 : 00000000;
aa59 : 00000000;
aa5a : 00000000;
aa5b : 00000000;
aa5c : 00000000;
aa5d : 00000000;
aa5e : 00000000;
aa5f : 00000000;
aa60 : 00000000;
aa61 : 00000000;
aa62 : 00000000;
aa63 : 00000000;
aa64 : 00000000;
aa65 : 00000000;
aa66 : 00000000;
aa67 : 00000000;
aa68 : 00000000;
aa69 : 00000000;
aa6a : 00000000;
aa6b : 00000000;
aa6c : 00000000;
aa6d : 00000000;
aa6e : 00000000;
aa6f : 00000000;
aa70 : 00000000;
aa71 : 00000000;
aa72 : 00000000;
aa73 : 00000000;
aa74 : 00000000;
aa75 : 00000000;
aa76 : 00000000;
aa77 : 00000000;
aa78 : 00000000;
aa79 : 00000000;
aa7a : 00000000;
aa7b : 00000000;
aa7c : 00000000;
aa7d : 00000000;
aa7e : 00000000;
aa7f : 00000000;
aa80 : 00000000;
aa81 : 00000000;
aa82 : 00000000;
aa83 : 00000000;
aa84 : 00000000;
aa85 : 00000000;
aa86 : 00000000;
aa87 : 00000000;
aa88 : 00000000;
aa89 : 00000000;
aa8a : 00000000;
aa8b : 00000000;
aa8c : 00000000;
aa8d : 00000000;
aa8e : 00000000;
aa8f : 00000000;
aa90 : 00000000;
aa91 : 00000000;
aa92 : 00000000;
aa93 : 00000000;
aa94 : 00000000;
aa95 : 00000000;
aa96 : 00000000;
aa97 : 00000000;
aa98 : 00000000;
aa99 : 00000000;
aa9a : 00000000;
aa9b : 00000000;
aa9c : 00000000;
aa9d : 00000000;
aa9e : 00000000;
aa9f : 00000000;
aaa0 : 00000000;
aaa1 : 00000000;
aaa2 : 00000000;
aaa3 : 00000000;
aaa4 : 00000000;
aaa5 : 00000000;
aaa6 : 00000000;
aaa7 : 00000000;
aaa8 : 00000000;
aaa9 : 00000000;
aaaa : 00000000;
aaab : 00000000;
aaac : 00000000;
aaad : 00000000;
aaae : 00000000;
aaaf : 00000000;
aab0 : 00000000;
aab1 : 00000000;
aab2 : 00000000;
aab3 : 00000000;
aab4 : 00000000;
aab5 : 00000000;
aab6 : 00000000;
aab7 : 00000000;
aab8 : 00000000;
aab9 : 00000000;
aaba : 00000000;
aabb : 00000000;
aabc : 00000000;
aabd : 00000000;
aabe : 00000000;
aabf : 00000000;
aac0 : 00000000;
aac1 : 00000000;
aac2 : 00000000;
aac3 : 00000000;
aac4 : 00000000;
aac5 : 00000000;
aac6 : 00000000;
aac7 : 00000000;
aac8 : 00000000;
aac9 : 00000000;
aaca : 00000000;
aacb : 00000000;
aacc : 00000000;
aacd : 00000000;
aace : 00000000;
aacf : 00000000;
aad0 : 00000000;
aad1 : 00000000;
aad2 : 00000000;
aad3 : 00000000;
aad4 : 00000000;
aad5 : 00000000;
aad6 : 00000000;
aad7 : 00000000;
aad8 : 00000000;
aad9 : 00000000;
aada : 00000000;
aadb : 00000000;
aadc : 00000000;
aadd : 00000000;
aade : 00000000;
aadf : 00000000;
aae0 : 00000000;
aae1 : 00000000;
aae2 : 00000000;
aae3 : 00000000;
aae4 : 00000000;
aae5 : 00000000;
aae6 : 00000000;
aae7 : 00000000;
aae8 : 00000000;
aae9 : 00000000;
aaea : 00000000;
aaeb : 00000000;
aaec : 00000000;
aaed : 00000000;
aaee : 00000000;
aaef : 00000000;
aaf0 : 00000000;
aaf1 : 00000000;
aaf2 : 00000000;
aaf3 : 00000000;
aaf4 : 00000000;
aaf5 : 00000000;
aaf6 : 00000000;
aaf7 : 00000000;
aaf8 : 00000000;
aaf9 : 00000000;
aafa : 00000000;
aafb : 00000000;
aafc : 00000000;
aafd : 00000000;
aafe : 00000000;
aaff : 00000000;
ab00 : 00000000;
ab01 : 00000000;
ab02 : 00000000;
ab03 : 00000000;
ab04 : 00000000;
ab05 : 00000000;
ab06 : 00000000;
ab07 : 00000000;
ab08 : 00000000;
ab09 : 00000000;
ab0a : 00000000;
ab0b : 00000000;
ab0c : 00000000;
ab0d : 00000000;
ab0e : 00000000;
ab0f : 00000000;
ab10 : 00000000;
ab11 : 00000000;
ab12 : 00000000;
ab13 : 00000000;
ab14 : 00000000;
ab15 : 00000000;
ab16 : 00000000;
ab17 : 00000000;
ab18 : 00000000;
ab19 : 00000000;
ab1a : 00000000;
ab1b : 00000000;
ab1c : 00000000;
ab1d : 00000000;
ab1e : 00000000;
ab1f : 00000000;
ab20 : 00000000;
ab21 : 00000000;
ab22 : 00000000;
ab23 : 00000000;
ab24 : 00000000;
ab25 : 00000000;
ab26 : 00000000;
ab27 : 00000000;
ab28 : 00000000;
ab29 : 00000000;
ab2a : 00000000;
ab2b : 00000000;
ab2c : 00000000;
ab2d : 00000000;
ab2e : 00000000;
ab2f : 00000000;
ab30 : 00000000;
ab31 : 00000000;
ab32 : 00000000;
ab33 : 00000000;
ab34 : 00000000;
ab35 : 00000000;
ab36 : 00000000;
ab37 : 00000000;
ab38 : 00000000;
ab39 : 00000000;
ab3a : 00000000;
ab3b : 00000000;
ab3c : 00000000;
ab3d : 00000000;
ab3e : 00000000;
ab3f : 00000000;
ab40 : 00000000;
ab41 : 00000000;
ab42 : 00000000;
ab43 : 00000000;
ab44 : 00000000;
ab45 : 00000000;
ab46 : 00000000;
ab47 : 00000000;
ab48 : 00000000;
ab49 : 00000000;
ab4a : 00000000;
ab4b : 00000000;
ab4c : 00000000;
ab4d : 00000000;
ab4e : 00000000;
ab4f : 00000000;
ab50 : 00000000;
ab51 : 00000000;
ab52 : 00000000;
ab53 : 00000000;
ab54 : 00000000;
ab55 : 00000000;
ab56 : 00000000;
ab57 : 00000000;
ab58 : 00000000;
ab59 : 00000000;
ab5a : 00000000;
ab5b : 00000000;
ab5c : 00000000;
ab5d : 00000000;
ab5e : 00000000;
ab5f : 00000000;
ab60 : 00000000;
ab61 : 00000000;
ab62 : 00000000;
ab63 : 00000000;
ab64 : 00000000;
ab65 : 00000000;
ab66 : 00000000;
ab67 : 00000000;
ab68 : 00000000;
ab69 : 00000000;
ab6a : 00000000;
ab6b : 00000000;
ab6c : 00000000;
ab6d : 00000000;
ab6e : 00000000;
ab6f : 00000000;
ab70 : 00000000;
ab71 : 00000000;
ab72 : 00000000;
ab73 : 00000000;
ab74 : 00000000;
ab75 : 00000000;
ab76 : 00000000;
ab77 : 00000000;
ab78 : 00000000;
ab79 : 00000000;
ab7a : 00000000;
ab7b : 00000000;
ab7c : 00000000;
ab7d : 00000000;
ab7e : 00000000;
ab7f : 00000000;
ab80 : 00000000;
ab81 : 00000000;
ab82 : 00000000;
ab83 : 00000000;
ab84 : 00000000;
ab85 : 00000000;
ab86 : 00000000;
ab87 : 00000000;
ab88 : 00000000;
ab89 : 00000000;
ab8a : 00000000;
ab8b : 00000000;
ab8c : 00000000;
ab8d : 00000000;
ab8e : 00000000;
ab8f : 00000000;
ab90 : 00000000;
ab91 : 00000000;
ab92 : 00000000;
ab93 : 00000000;
ab94 : 00000000;
ab95 : 00000000;
ab96 : 00000000;
ab97 : 00000000;
ab98 : 00000000;
ab99 : 00000000;
ab9a : 00000000;
ab9b : 00000000;
ab9c : 00000000;
ab9d : 00000000;
ab9e : 00000000;
ab9f : 00000000;
aba0 : 00000000;
aba1 : 00000000;
aba2 : 00000000;
aba3 : 00000000;
aba4 : 00000000;
aba5 : 00000000;
aba6 : 00000000;
aba7 : 00000000;
aba8 : 00000000;
aba9 : 00000000;
abaa : 00000000;
abab : 00000000;
abac : 00000000;
abad : 00000000;
abae : 00000000;
abaf : 00000000;
abb0 : 00000000;
abb1 : 00000000;
abb2 : 00000000;
abb3 : 00000000;
abb4 : 00000000;
abb5 : 00000000;
abb6 : 00000000;
abb7 : 00000000;
abb8 : 00000000;
abb9 : 00000000;
abba : 00000000;
abbb : 00000000;
abbc : 00000000;
abbd : 00000000;
abbe : 00000000;
abbf : 00000000;
abc0 : 00000000;
abc1 : 00000000;
abc2 : 00000000;
abc3 : 00000000;
abc4 : 00000000;
abc5 : 00000000;
abc6 : 00000000;
abc7 : 00000000;
abc8 : 00000000;
abc9 : 00000000;
abca : 00000000;
abcb : 00000000;
abcc : 00000000;
abcd : 00000000;
abce : 00000000;
abcf : 00000000;
abd0 : 00000000;
abd1 : 00000000;
abd2 : 00000000;
abd3 : 00000000;
abd4 : 00000000;
abd5 : 00000000;
abd6 : 00000000;
abd7 : 00000000;
abd8 : 00000000;
abd9 : 00000000;
abda : 00000000;
abdb : 00000000;
abdc : 00000000;
abdd : 00000000;
abde : 00000000;
abdf : 00000000;
abe0 : 00000000;
abe1 : 00000000;
abe2 : 00000000;
abe3 : 00000000;
abe4 : 00000000;
abe5 : 00000000;
abe6 : 00000000;
abe7 : 00000000;
abe8 : 00000000;
abe9 : 00000000;
abea : 00000000;
abeb : 00000000;
abec : 00000000;
abed : 00000000;
abee : 00000000;
abef : 00000000;
abf0 : 00000000;
abf1 : 00000000;
abf2 : 00000000;
abf3 : 00000000;
abf4 : 00000000;
abf5 : 00000000;
abf6 : 00000000;
abf7 : 00000000;
abf8 : 00000000;
abf9 : 00000000;
abfa : 00000000;
abfb : 00000000;
abfc : 00000000;
abfd : 00000000;
abfe : 00000000;
abff : 00000000;
ac00 : 00000000;
ac01 : 00000000;
ac02 : 00000000;
ac03 : 00000000;
ac04 : 00000000;
ac05 : 00000000;
ac06 : 00000000;
ac07 : 00000000;
ac08 : 00000000;
ac09 : 00000000;
ac0a : 00000000;
ac0b : 00000000;
ac0c : 00000000;
ac0d : 00000000;
ac0e : 00000000;
ac0f : 00000000;
ac10 : 00000000;
ac11 : 00000000;
ac12 : 00000000;
ac13 : 00000000;
ac14 : 00000000;
ac15 : 00000000;
ac16 : 00000000;
ac17 : 00000000;
ac18 : 00000000;
ac19 : 00000000;
ac1a : 00000000;
ac1b : 00000000;
ac1c : 00000000;
ac1d : 00000000;
ac1e : 00000000;
ac1f : 00000000;
ac20 : 00000000;
ac21 : 00000000;
ac22 : 00000000;
ac23 : 00000000;
ac24 : 00000000;
ac25 : 00000000;
ac26 : 00000000;
ac27 : 00000000;
ac28 : 00000000;
ac29 : 00000000;
ac2a : 00000000;
ac2b : 00000000;
ac2c : 00000000;
ac2d : 00000000;
ac2e : 00000000;
ac2f : 00000000;
ac30 : 00000000;
ac31 : 00000000;
ac32 : 00000000;
ac33 : 00000000;
ac34 : 00000000;
ac35 : 00000000;
ac36 : 00000000;
ac37 : 00000000;
ac38 : 00000000;
ac39 : 00000000;
ac3a : 00000000;
ac3b : 00000000;
ac3c : 00000000;
ac3d : 00000000;
ac3e : 00000000;
ac3f : 00000000;
ac40 : 00000000;
ac41 : 00000000;
ac42 : 00000000;
ac43 : 00000000;
ac44 : 00000000;
ac45 : 00000000;
ac46 : 00000000;
ac47 : 00000000;
ac48 : 00000000;
ac49 : 00000000;
ac4a : 00000000;
ac4b : 00000000;
ac4c : 00000000;
ac4d : 00000000;
ac4e : 00000000;
ac4f : 00000000;
ac50 : 00000000;
ac51 : 00000000;
ac52 : 00000000;
ac53 : 00000000;
ac54 : 00000000;
ac55 : 00000000;
ac56 : 00000000;
ac57 : 00000000;
ac58 : 00000000;
ac59 : 00000000;
ac5a : 00000000;
ac5b : 00000000;
ac5c : 00000000;
ac5d : 00000000;
ac5e : 00000000;
ac5f : 00000000;
ac60 : 00000000;
ac61 : 00000000;
ac62 : 00000000;
ac63 : 00000000;
ac64 : 00000000;
ac65 : 00000000;
ac66 : 00000000;
ac67 : 00000000;
ac68 : 00000000;
ac69 : 00000000;
ac6a : 00000000;
ac6b : 00000000;
ac6c : 00000000;
ac6d : 00000000;
ac6e : 00000000;
ac6f : 00000000;
ac70 : 00000000;
ac71 : 00000000;
ac72 : 00000000;
ac73 : 00000000;
ac74 : 00000000;
ac75 : 00000000;
ac76 : 00000000;
ac77 : 00000000;
ac78 : 00000000;
ac79 : 00000000;
ac7a : 00000000;
ac7b : 00000000;
ac7c : 00000000;
ac7d : 00000000;
ac7e : 00000000;
ac7f : 00000000;
ac80 : 00000000;
ac81 : 00000000;
ac82 : 00000000;
ac83 : 00000000;
ac84 : 00000000;
ac85 : 00000000;
ac86 : 00000000;
ac87 : 00000000;
ac88 : 00000000;
ac89 : 00000000;
ac8a : 00000000;
ac8b : 00000000;
ac8c : 00000000;
ac8d : 00000000;
ac8e : 00000000;
ac8f : 00000000;
ac90 : 00000000;
ac91 : 00000000;
ac92 : 00000000;
ac93 : 00000000;
ac94 : 00000000;
ac95 : 00000000;
ac96 : 00000000;
ac97 : 00000000;
ac98 : 00000000;
ac99 : 00000000;
ac9a : 00000000;
ac9b : 00000000;
ac9c : 00000000;
ac9d : 00000000;
ac9e : 00000000;
ac9f : 00000000;
aca0 : 00000000;
aca1 : 00000000;
aca2 : 00000000;
aca3 : 00000000;
aca4 : 00000000;
aca5 : 00000000;
aca6 : 00000000;
aca7 : 00000000;
aca8 : 00000000;
aca9 : 00000000;
acaa : 00000000;
acab : 00000000;
acac : 00000000;
acad : 00000000;
acae : 00000000;
acaf : 00000000;
acb0 : 00000000;
acb1 : 00000000;
acb2 : 00000000;
acb3 : 00000000;
acb4 : 00000000;
acb5 : 00000000;
acb6 : 00000000;
acb7 : 00000000;
acb8 : 00000000;
acb9 : 00000000;
acba : 00000000;
acbb : 00000000;
acbc : 00000000;
acbd : 00000000;
acbe : 00000000;
acbf : 00000000;
acc0 : 00000000;
acc1 : 00000000;
acc2 : 00000000;
acc3 : 00000000;
acc4 : 00000000;
acc5 : 00000000;
acc6 : 00000000;
acc7 : 00000000;
acc8 : 00000000;
acc9 : 00000000;
acca : 00000000;
accb : 00000000;
accc : 00000000;
accd : 00000000;
acce : 00000000;
accf : 00000000;
acd0 : 00000000;
acd1 : 00000000;
acd2 : 00000000;
acd3 : 00000000;
acd4 : 00000000;
acd5 : 00000000;
acd6 : 00000000;
acd7 : 00000000;
acd8 : 00000000;
acd9 : 00000000;
acda : 00000000;
acdb : 00000000;
acdc : 00000000;
acdd : 00000000;
acde : 00000000;
acdf : 00000000;
ace0 : 00000000;
ace1 : 00000000;
ace2 : 00000000;
ace3 : 00000000;
ace4 : 00000000;
ace5 : 00000000;
ace6 : 00000000;
ace7 : 00000000;
ace8 : 00000000;
ace9 : 00000000;
acea : 00000000;
aceb : 00000000;
acec : 00000000;
aced : 00000000;
acee : 00000000;
acef : 00000000;
acf0 : 00000000;
acf1 : 00000000;
acf2 : 00000000;
acf3 : 00000000;
acf4 : 00000000;
acf5 : 00000000;
acf6 : 00000000;
acf7 : 00000000;
acf8 : 00000000;
acf9 : 00000000;
acfa : 00000000;
acfb : 00000000;
acfc : 00000000;
acfd : 00000000;
acfe : 00000000;
acff : 00000000;
ad00 : 00000000;
ad01 : 00000000;
ad02 : 00000000;
ad03 : 00000000;
ad04 : 00000000;
ad05 : 00000000;
ad06 : 00000000;
ad07 : 00000000;
ad08 : 00000000;
ad09 : 00000000;
ad0a : 00000000;
ad0b : 00000000;
ad0c : 00000000;
ad0d : 00000000;
ad0e : 00000000;
ad0f : 00000000;
ad10 : 00000000;
ad11 : 00000000;
ad12 : 00000000;
ad13 : 00000000;
ad14 : 00000000;
ad15 : 00000000;
ad16 : 00000000;
ad17 : 00000000;
ad18 : 00000000;
ad19 : 00000000;
ad1a : 00000000;
ad1b : 00000000;
ad1c : 00000000;
ad1d : 00000000;
ad1e : 00000000;
ad1f : 00000000;
ad20 : 00000000;
ad21 : 00000000;
ad22 : 00000000;
ad23 : 00000000;
ad24 : 00000000;
ad25 : 00000000;
ad26 : 00000000;
ad27 : 00000000;
ad28 : 00000000;
ad29 : 00000000;
ad2a : 00000000;
ad2b : 00000000;
ad2c : 00000000;
ad2d : 00000000;
ad2e : 00000000;
ad2f : 00000000;
ad30 : 00000000;
ad31 : 00000000;
ad32 : 00000000;
ad33 : 00000000;
ad34 : 00000000;
ad35 : 00000000;
ad36 : 00000000;
ad37 : 00000000;
ad38 : 00000000;
ad39 : 00000000;
ad3a : 00000000;
ad3b : 00000000;
ad3c : 00000000;
ad3d : 00000000;
ad3e : 00000000;
ad3f : 00000000;
ad40 : 00000000;
ad41 : 00000000;
ad42 : 00000000;
ad43 : 00000000;
ad44 : 00000000;
ad45 : 00000000;
ad46 : 00000000;
ad47 : 00000000;
ad48 : 00000000;
ad49 : 00000000;
ad4a : 00000000;
ad4b : 00000000;
ad4c : 00000000;
ad4d : 00000000;
ad4e : 00000000;
ad4f : 00000000;
ad50 : 00000000;
ad51 : 00000000;
ad52 : 00000000;
ad53 : 00000000;
ad54 : 00000000;
ad55 : 00000000;
ad56 : 00000000;
ad57 : 00000000;
ad58 : 00000000;
ad59 : 00000000;
ad5a : 00000000;
ad5b : 00000000;
ad5c : 00000000;
ad5d : 00000000;
ad5e : 00000000;
ad5f : 00000000;
ad60 : 00000000;
ad61 : 00000000;
ad62 : 00000000;
ad63 : 00000000;
ad64 : 00000000;
ad65 : 00000000;
ad66 : 00000000;
ad67 : 00000000;
ad68 : 00000000;
ad69 : 00000000;
ad6a : 00000000;
ad6b : 00000000;
ad6c : 00000000;
ad6d : 00000000;
ad6e : 00000000;
ad6f : 00000000;
ad70 : 00000000;
ad71 : 00000000;
ad72 : 00000000;
ad73 : 00000000;
ad74 : 00000000;
ad75 : 00000000;
ad76 : 00000000;
ad77 : 00000000;
ad78 : 00000000;
ad79 : 00000000;
ad7a : 00000000;
ad7b : 00000000;
ad7c : 00000000;
ad7d : 00000000;
ad7e : 00000000;
ad7f : 00000000;
ad80 : 00000000;
ad81 : 00000000;
ad82 : 00000000;
ad83 : 00000000;
ad84 : 00000000;
ad85 : 00000000;
ad86 : 00000000;
ad87 : 00000000;
ad88 : 00000000;
ad89 : 00000000;
ad8a : 00000000;
ad8b : 00000000;
ad8c : 00000000;
ad8d : 00000000;
ad8e : 00000000;
ad8f : 00000000;
ad90 : 00000000;
ad91 : 00000000;
ad92 : 00000000;
ad93 : 00000000;
ad94 : 00000000;
ad95 : 00000000;
ad96 : 00000000;
ad97 : 00000000;
ad98 : 00000000;
ad99 : 00000000;
ad9a : 00000000;
ad9b : 00000000;
ad9c : 00000000;
ad9d : 00000000;
ad9e : 00000000;
ad9f : 00000000;
ada0 : 00000000;
ada1 : 00000000;
ada2 : 00000000;
ada3 : 00000000;
ada4 : 00000000;
ada5 : 00000000;
ada6 : 00000000;
ada7 : 00000000;
ada8 : 00000000;
ada9 : 00000000;
adaa : 00000000;
adab : 00000000;
adac : 00000000;
adad : 00000000;
adae : 00000000;
adaf : 00000000;
adb0 : 00000000;
adb1 : 00000000;
adb2 : 00000000;
adb3 : 00000000;
adb4 : 00000000;
adb5 : 00000000;
adb6 : 00000000;
adb7 : 00000000;
adb8 : 00000000;
adb9 : 00000000;
adba : 00000000;
adbb : 00000000;
adbc : 00000000;
adbd : 00000000;
adbe : 00000000;
adbf : 00000000;
adc0 : 00000000;
adc1 : 00000000;
adc2 : 00000000;
adc3 : 00000000;
adc4 : 00000000;
adc5 : 00000000;
adc6 : 00000000;
adc7 : 00000000;
adc8 : 00000000;
adc9 : 00000000;
adca : 00000000;
adcb : 00000000;
adcc : 00000000;
adcd : 00000000;
adce : 00000000;
adcf : 00000000;
add0 : 00000000;
add1 : 00000000;
add2 : 00000000;
add3 : 00000000;
add4 : 00000000;
add5 : 00000000;
add6 : 00000000;
add7 : 00000000;
add8 : 00000000;
add9 : 00000000;
adda : 00000000;
addb : 00000000;
addc : 00000000;
addd : 00000000;
adde : 00000000;
addf : 00000000;
ade0 : 00000000;
ade1 : 00000000;
ade2 : 00000000;
ade3 : 00000000;
ade4 : 00000000;
ade5 : 00000000;
ade6 : 00000000;
ade7 : 00000000;
ade8 : 00000000;
ade9 : 00000000;
adea : 00000000;
adeb : 00000000;
adec : 00000000;
aded : 00000000;
adee : 00000000;
adef : 00000000;
adf0 : 00000000;
adf1 : 00000000;
adf2 : 00000000;
adf3 : 00000000;
adf4 : 00000000;
adf5 : 00000000;
adf6 : 00000000;
adf7 : 00000000;
adf8 : 00000000;
adf9 : 00000000;
adfa : 00000000;
adfb : 00000000;
adfc : 00000000;
adfd : 00000000;
adfe : 00000000;
adff : 00000000;
ae00 : 00000000;
ae01 : 00000000;
ae02 : 00000000;
ae03 : 00000000;
ae04 : 00000000;
ae05 : 00000000;
ae06 : 00000000;
ae07 : 00000000;
ae08 : 00000000;
ae09 : 00000000;
ae0a : 00000000;
ae0b : 00000000;
ae0c : 00000000;
ae0d : 00000000;
ae0e : 00000000;
ae0f : 00000000;
ae10 : 00000000;
ae11 : 00000000;
ae12 : 00000000;
ae13 : 00000000;
ae14 : 00000000;
ae15 : 00000000;
ae16 : 00000000;
ae17 : 00000000;
ae18 : 00000000;
ae19 : 00000000;
ae1a : 00000000;
ae1b : 00000000;
ae1c : 00000000;
ae1d : 00000000;
ae1e : 00000000;
ae1f : 00000000;
ae20 : 00000000;
ae21 : 00000000;
ae22 : 00000000;
ae23 : 00000000;
ae24 : 00000000;
ae25 : 00000000;
ae26 : 00000000;
ae27 : 00000000;
ae28 : 00000000;
ae29 : 00000000;
ae2a : 00000000;
ae2b : 00000000;
ae2c : 00000000;
ae2d : 00000000;
ae2e : 00000000;
ae2f : 00000000;
ae30 : 00000000;
ae31 : 00000000;
ae32 : 00000000;
ae33 : 00000000;
ae34 : 00000000;
ae35 : 00000000;
ae36 : 00000000;
ae37 : 00000000;
ae38 : 00000000;
ae39 : 00000000;
ae3a : 00000000;
ae3b : 00000000;
ae3c : 00000000;
ae3d : 00000000;
ae3e : 00000000;
ae3f : 00000000;
ae40 : 00000000;
ae41 : 00000000;
ae42 : 00000000;
ae43 : 00000000;
ae44 : 00000000;
ae45 : 00000000;
ae46 : 00000000;
ae47 : 00000000;
ae48 : 00000000;
ae49 : 00000000;
ae4a : 00000000;
ae4b : 00000000;
ae4c : 00000000;
ae4d : 00000000;
ae4e : 00000000;
ae4f : 00000000;
ae50 : 00000000;
ae51 : 00000000;
ae52 : 00000000;
ae53 : 00000000;
ae54 : 00000000;
ae55 : 00000000;
ae56 : 00000000;
ae57 : 00000000;
ae58 : 00000000;
ae59 : 00000000;
ae5a : 00000000;
ae5b : 00000000;
ae5c : 00000000;
ae5d : 00000000;
ae5e : 00000000;
ae5f : 00000000;
ae60 : 00000000;
ae61 : 00000000;
ae62 : 00000000;
ae63 : 00000000;
ae64 : 00000000;
ae65 : 00000000;
ae66 : 00000000;
ae67 : 00000000;
ae68 : 00000000;
ae69 : 00000000;
ae6a : 00000000;
ae6b : 00000000;
ae6c : 00000000;
ae6d : 00000000;
ae6e : 00000000;
ae6f : 00000000;
ae70 : 00000000;
ae71 : 00000000;
ae72 : 00000000;
ae73 : 00000000;
ae74 : 00000000;
ae75 : 00000000;
ae76 : 00000000;
ae77 : 00000000;
ae78 : 00000000;
ae79 : 00000000;
ae7a : 00000000;
ae7b : 00000000;
ae7c : 00000000;
ae7d : 00000000;
ae7e : 00000000;
ae7f : 00000000;
ae80 : 00000000;
ae81 : 00000000;
ae82 : 00000000;
ae83 : 00000000;
ae84 : 00000000;
ae85 : 00000000;
ae86 : 00000000;
ae87 : 00000000;
ae88 : 00000000;
ae89 : 00000000;
ae8a : 00000000;
ae8b : 00000000;
ae8c : 00000000;
ae8d : 00000000;
ae8e : 00000000;
ae8f : 00000000;
ae90 : 00000000;
ae91 : 00000000;
ae92 : 00000000;
ae93 : 00000000;
ae94 : 00000000;
ae95 : 00000000;
ae96 : 00000000;
ae97 : 00000000;
ae98 : 00000000;
ae99 : 00000000;
ae9a : 00000000;
ae9b : 00000000;
ae9c : 00000000;
ae9d : 00000000;
ae9e : 00000000;
ae9f : 00000000;
aea0 : 00000000;
aea1 : 00000000;
aea2 : 00000000;
aea3 : 00000000;
aea4 : 00000000;
aea5 : 00000000;
aea6 : 00000000;
aea7 : 00000000;
aea8 : 00000000;
aea9 : 00000000;
aeaa : 00000000;
aeab : 00000000;
aeac : 00000000;
aead : 00000000;
aeae : 00000000;
aeaf : 00000000;
aeb0 : 00000000;
aeb1 : 00000000;
aeb2 : 00000000;
aeb3 : 00000000;
aeb4 : 00000000;
aeb5 : 00000000;
aeb6 : 00000000;
aeb7 : 00000000;
aeb8 : 00000000;
aeb9 : 00000000;
aeba : 00000000;
aebb : 00000000;
aebc : 00000000;
aebd : 00000000;
aebe : 00000000;
aebf : 00000000;
aec0 : 00000000;
aec1 : 00000000;
aec2 : 00000000;
aec3 : 00000000;
aec4 : 00000000;
aec5 : 00000000;
aec6 : 00000000;
aec7 : 00000000;
aec8 : 00000000;
aec9 : 00000000;
aeca : 00000000;
aecb : 00000000;
aecc : 00000000;
aecd : 00000000;
aece : 00000000;
aecf : 00000000;
aed0 : 00000000;
aed1 : 00000000;
aed2 : 00000000;
aed3 : 00000000;
aed4 : 00000000;
aed5 : 00000000;
aed6 : 00000000;
aed7 : 00000000;
aed8 : 00000000;
aed9 : 00000000;
aeda : 00000000;
aedb : 00000000;
aedc : 00000000;
aedd : 00000000;
aede : 00000000;
aedf : 00000000;
aee0 : 00000000;
aee1 : 00000000;
aee2 : 00000000;
aee3 : 00000000;
aee4 : 00000000;
aee5 : 00000000;
aee6 : 00000000;
aee7 : 00000000;
aee8 : 00000000;
aee9 : 00000000;
aeea : 00000000;
aeeb : 00000000;
aeec : 00000000;
aeed : 00000000;
aeee : 00000000;
aeef : 00000000;
aef0 : 00000000;
aef1 : 00000000;
aef2 : 00000000;
aef3 : 00000000;
aef4 : 00000000;
aef5 : 00000000;
aef6 : 00000000;
aef7 : 00000000;
aef8 : 00000000;
aef9 : 00000000;
aefa : 00000000;
aefb : 00000000;
aefc : 00000000;
aefd : 00000000;
aefe : 00000000;
aeff : 00000000;
af00 : 00000000;
af01 : 00000000;
af02 : 00000000;
af03 : 00000000;
af04 : 00000000;
af05 : 00000000;
af06 : 00000000;
af07 : 00000000;
af08 : 00000000;
af09 : 00000000;
af0a : 00000000;
af0b : 00000000;
af0c : 00000000;
af0d : 00000000;
af0e : 00000000;
af0f : 00000000;
af10 : 00000000;
af11 : 00000000;
af12 : 00000000;
af13 : 00000000;
af14 : 00000000;
af15 : 00000000;
af16 : 00000000;
af17 : 00000000;
af18 : 00000000;
af19 : 00000000;
af1a : 00000000;
af1b : 00000000;
af1c : 00000000;
af1d : 00000000;
af1e : 00000000;
af1f : 00000000;
af20 : 00000000;
af21 : 00000000;
af22 : 00000000;
af23 : 00000000;
af24 : 00000000;
af25 : 00000000;
af26 : 00000000;
af27 : 00000000;
af28 : 00000000;
af29 : 00000000;
af2a : 00000000;
af2b : 00000000;
af2c : 00000000;
af2d : 00000000;
af2e : 00000000;
af2f : 00000000;
af30 : 00000000;
af31 : 00000000;
af32 : 00000000;
af33 : 00000000;
af34 : 00000000;
af35 : 00000000;
af36 : 00000000;
af37 : 00000000;
af38 : 00000000;
af39 : 00000000;
af3a : 00000000;
af3b : 00000000;
af3c : 00000000;
af3d : 00000000;
af3e : 00000000;
af3f : 00000000;
af40 : 00000000;
af41 : 00000000;
af42 : 00000000;
af43 : 00000000;
af44 : 00000000;
af45 : 00000000;
af46 : 00000000;
af47 : 00000000;
af48 : 00000000;
af49 : 00000000;
af4a : 00000000;
af4b : 00000000;
af4c : 00000000;
af4d : 00000000;
af4e : 00000000;
af4f : 00000000;
af50 : 00000000;
af51 : 00000000;
af52 : 00000000;
af53 : 00000000;
af54 : 00000000;
af55 : 00000000;
af56 : 00000000;
af57 : 00000000;
af58 : 00000000;
af59 : 00000000;
af5a : 00000000;
af5b : 00000000;
af5c : 00000000;
af5d : 00000000;
af5e : 00000000;
af5f : 00000000;
af60 : 00000000;
af61 : 00000000;
af62 : 00000000;
af63 : 00000000;
af64 : 00000000;
af65 : 00000000;
af66 : 00000000;
af67 : 00000000;
af68 : 00000000;
af69 : 00000000;
af6a : 00000000;
af6b : 00000000;
af6c : 00000000;
af6d : 00000000;
af6e : 00000000;
af6f : 00000000;
af70 : 00000000;
af71 : 00000000;
af72 : 00000000;
af73 : 00000000;
af74 : 00000000;
af75 : 00000000;
af76 : 00000000;
af77 : 00000000;
af78 : 00000000;
af79 : 00000000;
af7a : 00000000;
af7b : 00000000;
af7c : 00000000;
af7d : 00000000;
af7e : 00000000;
af7f : 00000000;
af80 : 00000000;
af81 : 00000000;
af82 : 00000000;
af83 : 00000000;
af84 : 00000000;
af85 : 00000000;
af86 : 00000000;
af87 : 00000000;
af88 : 00000000;
af89 : 00000000;
af8a : 00000000;
af8b : 00000000;
af8c : 00000000;
af8d : 00000000;
af8e : 00000000;
af8f : 00000000;
af90 : 00000000;
af91 : 00000000;
af92 : 00000000;
af93 : 00000000;
af94 : 00000000;
af95 : 00000000;
af96 : 00000000;
af97 : 00000000;
af98 : 00000000;
af99 : 00000000;
af9a : 00000000;
af9b : 00000000;
af9c : 00000000;
af9d : 00000000;
af9e : 00000000;
af9f : 00000000;
afa0 : 00000000;
afa1 : 00000000;
afa2 : 00000000;
afa3 : 00000000;
afa4 : 00000000;
afa5 : 00000000;
afa6 : 00000000;
afa7 : 00000000;
afa8 : 00000000;
afa9 : 00000000;
afaa : 00000000;
afab : 00000000;
afac : 00000000;
afad : 00000000;
afae : 00000000;
afaf : 00000000;
afb0 : 00000000;
afb1 : 00000000;
afb2 : 00000000;
afb3 : 00000000;
afb4 : 00000000;
afb5 : 00000000;
afb6 : 00000000;
afb7 : 00000000;
afb8 : 00000000;
afb9 : 00000000;
afba : 00000000;
afbb : 00000000;
afbc : 00000000;
afbd : 00000000;
afbe : 00000000;
afbf : 00000000;
afc0 : 00000000;
afc1 : 00000000;
afc2 : 00000000;
afc3 : 00000000;
afc4 : 00000000;
afc5 : 00000000;
afc6 : 00000000;
afc7 : 00000000;
afc8 : 00000000;
afc9 : 00000000;
afca : 00000000;
afcb : 00000000;
afcc : 00000000;
afcd : 00000000;
afce : 00000000;
afcf : 00000000;
afd0 : 00000000;
afd1 : 00000000;
afd2 : 00000000;
afd3 : 00000000;
afd4 : 00000000;
afd5 : 00000000;
afd6 : 00000000;
afd7 : 00000000;
afd8 : 00000000;
afd9 : 00000000;
afda : 00000000;
afdb : 00000000;
afdc : 00000000;
afdd : 00000000;
afde : 00000000;
afdf : 00000000;
afe0 : 00000000;
afe1 : 00000000;
afe2 : 00000000;
afe3 : 00000000;
afe4 : 00000000;
afe5 : 00000000;
afe6 : 00000000;
afe7 : 00000000;
afe8 : 00000000;
afe9 : 00000000;
afea : 00000000;
afeb : 00000000;
afec : 00000000;
afed : 00000000;
afee : 00000000;
afef : 00000000;
aff0 : 00000000;
aff1 : 00000000;
aff2 : 00000000;
aff3 : 00000000;
aff4 : 00000000;
aff5 : 00000000;
aff6 : 00000000;
aff7 : 00000000;
aff8 : 00000000;
aff9 : 00000000;
affa : 00000000;
affb : 00000000;
affc : 00000000;
affd : 00000000;
affe : 00000000;
afff : 00000000;
b000 : 00000000;
b001 : 00000000;
b002 : 00000000;
b003 : 00000000;
b004 : 00000000;
b005 : 00000000;
b006 : 00000000;
b007 : 00000000;
b008 : 00000000;
b009 : 00000000;
b00a : 00000000;
b00b : 00000000;
b00c : 00000000;
b00d : 00000000;
b00e : 00000000;
b00f : 00000000;
b010 : 00000000;
b011 : 00000000;
b012 : 00000000;
b013 : 00000000;
b014 : 00000000;
b015 : 00000000;
b016 : 00000000;
b017 : 00000000;
b018 : 00000000;
b019 : 00000000;
b01a : 00000000;
b01b : 00000000;
b01c : 00000000;
b01d : 00000000;
b01e : 00000000;
b01f : 00000000;
b020 : 00000000;
b021 : 00000000;
b022 : 00000000;
b023 : 00000000;
b024 : 00000000;
b025 : 00000000;
b026 : 00000000;
b027 : 00000000;
b028 : 00000000;
b029 : 00000000;
b02a : 00000000;
b02b : 00000000;
b02c : 00000000;
b02d : 00000000;
b02e : 00000000;
b02f : 00000000;
b030 : 00000000;
b031 : 00000000;
b032 : 00000000;
b033 : 00000000;
b034 : 00000000;
b035 : 00000000;
b036 : 00000000;
b037 : 00000000;
b038 : 00000000;
b039 : 00000000;
b03a : 00000000;
b03b : 00000000;
b03c : 00000000;
b03d : 00000000;
b03e : 00000000;
b03f : 00000000;
b040 : 00000000;
b041 : 00000000;
b042 : 00000000;
b043 : 00000000;
b044 : 00000000;
b045 : 00000000;
b046 : 00000000;
b047 : 00000000;
b048 : 00000000;
b049 : 00000000;
b04a : 00000000;
b04b : 00000000;
b04c : 00000000;
b04d : 00000000;
b04e : 00000000;
b04f : 00000000;
b050 : 00000000;
b051 : 00000000;
b052 : 00000000;
b053 : 00000000;
b054 : 00000000;
b055 : 00000000;
b056 : 00000000;
b057 : 00000000;
b058 : 00000000;
b059 : 00000000;
b05a : 00000000;
b05b : 00000000;
b05c : 00000000;
b05d : 00000000;
b05e : 00000000;
b05f : 00000000;
b060 : 00000000;
b061 : 00000000;
b062 : 00000000;
b063 : 00000000;
b064 : 00000000;
b065 : 00000000;
b066 : 00000000;
b067 : 00000000;
b068 : 00000000;
b069 : 00000000;
b06a : 00000000;
b06b : 00000000;
b06c : 00000000;
b06d : 00000000;
b06e : 00000000;
b06f : 00000000;
b070 : 00000000;
b071 : 00000000;
b072 : 00000000;
b073 : 00000000;
b074 : 00000000;
b075 : 00000000;
b076 : 00000000;
b077 : 00000000;
b078 : 00000000;
b079 : 00000000;
b07a : 00000000;
b07b : 00000000;
b07c : 00000000;
b07d : 00000000;
b07e : 00000000;
b07f : 00000000;
b080 : 00000000;
b081 : 00000000;
b082 : 00000000;
b083 : 00000000;
b084 : 00000000;
b085 : 00000000;
b086 : 00000000;
b087 : 00000000;
b088 : 00000000;
b089 : 00000000;
b08a : 00000000;
b08b : 00000000;
b08c : 00000000;
b08d : 00000000;
b08e : 00000000;
b08f : 00000000;
b090 : 00000000;
b091 : 00000000;
b092 : 00000000;
b093 : 00000000;
b094 : 00000000;
b095 : 00000000;
b096 : 00000000;
b097 : 00000000;
b098 : 00000000;
b099 : 00000000;
b09a : 00000000;
b09b : 00000000;
b09c : 00000000;
b09d : 00000000;
b09e : 00000000;
b09f : 00000000;
b0a0 : 00000000;
b0a1 : 00000000;
b0a2 : 00000000;
b0a3 : 00000000;
b0a4 : 00000000;
b0a5 : 00000000;
b0a6 : 00000000;
b0a7 : 00000000;
b0a8 : 00000000;
b0a9 : 00000000;
b0aa : 00000000;
b0ab : 00000000;
b0ac : 00000000;
b0ad : 00000000;
b0ae : 00000000;
b0af : 00000000;
b0b0 : 00000000;
b0b1 : 00000000;
b0b2 : 00000000;
b0b3 : 00000000;
b0b4 : 00000000;
b0b5 : 00000000;
b0b6 : 00000000;
b0b7 : 00000000;
b0b8 : 00000000;
b0b9 : 00000000;
b0ba : 00000000;
b0bb : 00000000;
b0bc : 00000000;
b0bd : 00000000;
b0be : 00000000;
b0bf : 00000000;
b0c0 : 00000000;
b0c1 : 00000000;
b0c2 : 00000000;
b0c3 : 00000000;
b0c4 : 00000000;
b0c5 : 00000000;
b0c6 : 00000000;
b0c7 : 00000000;
b0c8 : 00000000;
b0c9 : 00000000;
b0ca : 00000000;
b0cb : 00000000;
b0cc : 00000000;
b0cd : 00000000;
b0ce : 00000000;
b0cf : 00000000;
b0d0 : 00000000;
b0d1 : 00000000;
b0d2 : 00000000;
b0d3 : 00000000;
b0d4 : 00000000;
b0d5 : 00000000;
b0d6 : 00000000;
b0d7 : 00000000;
b0d8 : 00000000;
b0d9 : 00000000;
b0da : 00000000;
b0db : 00000000;
b0dc : 00000000;
b0dd : 00000000;
b0de : 00000000;
b0df : 00000000;
b0e0 : 00000000;
b0e1 : 00000000;
b0e2 : 00000000;
b0e3 : 00000000;
b0e4 : 00000000;
b0e5 : 00000000;
b0e6 : 00000000;
b0e7 : 00000000;
b0e8 : 00000000;
b0e9 : 00000000;
b0ea : 00000000;
b0eb : 00000000;
b0ec : 00000000;
b0ed : 00000000;
b0ee : 00000000;
b0ef : 00000000;
b0f0 : 00000000;
b0f1 : 00000000;
b0f2 : 00000000;
b0f3 : 00000000;
b0f4 : 00000000;
b0f5 : 00000000;
b0f6 : 00000000;
b0f7 : 00000000;
b0f8 : 00000000;
b0f9 : 00000000;
b0fa : 00000000;
b0fb : 00000000;
b0fc : 00000000;
b0fd : 00000000;
b0fe : 00000000;
b0ff : 00000000;
b100 : 00000000;
b101 : 00000000;
b102 : 00000000;
b103 : 00000000;
b104 : 00000000;
b105 : 00000000;
b106 : 00000000;
b107 : 00000000;
b108 : 00000000;
b109 : 00000000;
b10a : 00000000;
b10b : 00000000;
b10c : 00000000;
b10d : 00000000;
b10e : 00000000;
b10f : 00000000;
b110 : 00000000;
b111 : 00000000;
b112 : 00000000;
b113 : 00000000;
b114 : 00000000;
b115 : 00000000;
b116 : 00000000;
b117 : 00000000;
b118 : 00000000;
b119 : 00000000;
b11a : 00000000;
b11b : 00000000;
b11c : 00000000;
b11d : 00000000;
b11e : 00000000;
b11f : 00000000;
b120 : 00000000;
b121 : 00000000;
b122 : 00000000;
b123 : 00000000;
b124 : 00000000;
b125 : 00000000;
b126 : 00000000;
b127 : 00000000;
b128 : 00000000;
b129 : 00000000;
b12a : 00000000;
b12b : 00000000;
b12c : 00000000;
b12d : 00000000;
b12e : 00000000;
b12f : 00000000;
b130 : 00000000;
b131 : 00000000;
b132 : 00000000;
b133 : 00000000;
b134 : 00000000;
b135 : 00000000;
b136 : 00000000;
b137 : 00000000;
b138 : 00000000;
b139 : 00000000;
b13a : 00000000;
b13b : 00000000;
b13c : 00000000;
b13d : 00000000;
b13e : 00000000;
b13f : 00000000;
b140 : 00000000;
b141 : 00000000;
b142 : 00000000;
b143 : 00000000;
b144 : 00000000;
b145 : 00000000;
b146 : 00000000;
b147 : 00000000;
b148 : 00000000;
b149 : 00000000;
b14a : 00000000;
b14b : 00000000;
b14c : 00000000;
b14d : 00000000;
b14e : 00000000;
b14f : 00000000;
b150 : 00000000;
b151 : 00000000;
b152 : 00000000;
b153 : 00000000;
b154 : 00000000;
b155 : 00000000;
b156 : 00000000;
b157 : 00000000;
b158 : 00000000;
b159 : 00000000;
b15a : 00000000;
b15b : 00000000;
b15c : 00000000;
b15d : 00000000;
b15e : 00000000;
b15f : 00000000;
b160 : 00000000;
b161 : 00000000;
b162 : 00000000;
b163 : 00000000;
b164 : 00000000;
b165 : 00000000;
b166 : 00000000;
b167 : 00000000;
b168 : 00000000;
b169 : 00000000;
b16a : 00000000;
b16b : 00000000;
b16c : 00000000;
b16d : 00000000;
b16e : 00000000;
b16f : 00000000;
b170 : 00000000;
b171 : 00000000;
b172 : 00000000;
b173 : 00000000;
b174 : 00000000;
b175 : 00000000;
b176 : 00000000;
b177 : 00000000;
b178 : 00000000;
b179 : 00000000;
b17a : 00000000;
b17b : 00000000;
b17c : 00000000;
b17d : 00000000;
b17e : 00000000;
b17f : 00000000;
b180 : 00000000;
b181 : 00000000;
b182 : 00000000;
b183 : 00000000;
b184 : 00000000;
b185 : 00000000;
b186 : 00000000;
b187 : 00000000;
b188 : 00000000;
b189 : 00000000;
b18a : 00000000;
b18b : 00000000;
b18c : 00000000;
b18d : 00000000;
b18e : 00000000;
b18f : 00000000;
b190 : 00000000;
b191 : 00000000;
b192 : 00000000;
b193 : 00000000;
b194 : 00000000;
b195 : 00000000;
b196 : 00000000;
b197 : 00000000;
b198 : 00000000;
b199 : 00000000;
b19a : 00000000;
b19b : 00000000;
b19c : 00000000;
b19d : 00000000;
b19e : 00000000;
b19f : 00000000;
b1a0 : 00000000;
b1a1 : 00000000;
b1a2 : 00000000;
b1a3 : 00000000;
b1a4 : 00000000;
b1a5 : 00000000;
b1a6 : 00000000;
b1a7 : 00000000;
b1a8 : 00000000;
b1a9 : 00000000;
b1aa : 00000000;
b1ab : 00000000;
b1ac : 00000000;
b1ad : 00000000;
b1ae : 00000000;
b1af : 00000000;
b1b0 : 00000000;
b1b1 : 00000000;
b1b2 : 00000000;
b1b3 : 00000000;
b1b4 : 00000000;
b1b5 : 00000000;
b1b6 : 00000000;
b1b7 : 00000000;
b1b8 : 00000000;
b1b9 : 00000000;
b1ba : 00000000;
b1bb : 00000000;
b1bc : 00000000;
b1bd : 00000000;
b1be : 00000000;
b1bf : 00000000;
b1c0 : 00000000;
b1c1 : 00000000;
b1c2 : 00000000;
b1c3 : 00000000;
b1c4 : 00000000;
b1c5 : 00000000;
b1c6 : 00000000;
b1c7 : 00000000;
b1c8 : 00000000;
b1c9 : 00000000;
b1ca : 00000000;
b1cb : 00000000;
b1cc : 00000000;
b1cd : 00000000;
b1ce : 00000000;
b1cf : 00000000;
b1d0 : 00000000;
b1d1 : 00000000;
b1d2 : 00000000;
b1d3 : 00000000;
b1d4 : 00000000;
b1d5 : 00000000;
b1d6 : 00000000;
b1d7 : 00000000;
b1d8 : 00000000;
b1d9 : 00000000;
b1da : 00000000;
b1db : 00000000;
b1dc : 00000000;
b1dd : 00000000;
b1de : 00000000;
b1df : 00000000;
b1e0 : 00000000;
b1e1 : 00000000;
b1e2 : 00000000;
b1e3 : 00000000;
b1e4 : 00000000;
b1e5 : 00000000;
b1e6 : 00000000;
b1e7 : 00000000;
b1e8 : 00000000;
b1e9 : 00000000;
b1ea : 00000000;
b1eb : 00000000;
b1ec : 00000000;
b1ed : 00000000;
b1ee : 00000000;
b1ef : 00000000;
b1f0 : 00000000;
b1f1 : 00000000;
b1f2 : 00000000;
b1f3 : 00000000;
b1f4 : 00000000;
b1f5 : 00000000;
b1f6 : 00000000;
b1f7 : 00000000;
b1f8 : 00000000;
b1f9 : 00000000;
b1fa : 00000000;
b1fb : 00000000;
b1fc : 00000000;
b1fd : 00000000;
b1fe : 00000000;
b1ff : 00000000;
b200 : 00000000;
b201 : 00000000;
b202 : 00000000;
b203 : 00000000;
b204 : 00000000;
b205 : 00000000;
b206 : 00000000;
b207 : 00000000;
b208 : 00000000;
b209 : 00000000;
b20a : 00000000;
b20b : 00000000;
b20c : 00000000;
b20d : 00000000;
b20e : 00000000;
b20f : 00000000;
b210 : 00000000;
b211 : 00000000;
b212 : 00000000;
b213 : 00000000;
b214 : 00000000;
b215 : 00000000;
b216 : 00000000;
b217 : 00000000;
b218 : 00000000;
b219 : 00000000;
b21a : 00000000;
b21b : 00000000;
b21c : 00000000;
b21d : 00000000;
b21e : 00000000;
b21f : 00000000;
b220 : 00000000;
b221 : 00000000;
b222 : 00000000;
b223 : 00000000;
b224 : 00000000;
b225 : 00000000;
b226 : 00000000;
b227 : 00000000;
b228 : 00000000;
b229 : 00000000;
b22a : 00000000;
b22b : 00000000;
b22c : 00000000;
b22d : 00000000;
b22e : 00000000;
b22f : 00000000;
b230 : 00000000;
b231 : 00000000;
b232 : 00000000;
b233 : 00000000;
b234 : 00000000;
b235 : 00000000;
b236 : 00000000;
b237 : 00000000;
b238 : 00000000;
b239 : 00000000;
b23a : 00000000;
b23b : 00000000;
b23c : 00000000;
b23d : 00000000;
b23e : 00000000;
b23f : 00000000;
b240 : 00000000;
b241 : 00000000;
b242 : 00000000;
b243 : 00000000;
b244 : 00000000;
b245 : 00000000;
b246 : 00000000;
b247 : 00000000;
b248 : 00000000;
b249 : 00000000;
b24a : 00000000;
b24b : 00000000;
b24c : 00000000;
b24d : 00000000;
b24e : 00000000;
b24f : 00000000;
b250 : 00000000;
b251 : 00000000;
b252 : 00000000;
b253 : 00000000;
b254 : 00000000;
b255 : 00000000;
b256 : 00000000;
b257 : 00000000;
b258 : 00000000;
b259 : 00000000;
b25a : 00000000;
b25b : 00000000;
b25c : 00000000;
b25d : 00000000;
b25e : 00000000;
b25f : 00000000;
b260 : 00000000;
b261 : 00000000;
b262 : 00000000;
b263 : 00000000;
b264 : 00000000;
b265 : 00000000;
b266 : 00000000;
b267 : 00000000;
b268 : 00000000;
b269 : 00000000;
b26a : 00000000;
b26b : 00000000;
b26c : 00000000;
b26d : 00000000;
b26e : 00000000;
b26f : 00000000;
b270 : 00000000;
b271 : 00000000;
b272 : 00000000;
b273 : 00000000;
b274 : 00000000;
b275 : 00000000;
b276 : 00000000;
b277 : 00000000;
b278 : 00000000;
b279 : 00000000;
b27a : 00000000;
b27b : 00000000;
b27c : 00000000;
b27d : 00000000;
b27e : 00000000;
b27f : 00000000;
b280 : 00000000;
b281 : 00000000;
b282 : 00000000;
b283 : 00000000;
b284 : 00000000;
b285 : 00000000;
b286 : 00000000;
b287 : 00000000;
b288 : 00000000;
b289 : 00000000;
b28a : 00000000;
b28b : 00000000;
b28c : 00000000;
b28d : 00000000;
b28e : 00000000;
b28f : 00000000;
b290 : 00000000;
b291 : 00000000;
b292 : 00000000;
b293 : 00000000;
b294 : 00000000;
b295 : 00000000;
b296 : 00000000;
b297 : 00000000;
b298 : 00000000;
b299 : 00000000;
b29a : 00000000;
b29b : 00000000;
b29c : 00000000;
b29d : 00000000;
b29e : 00000000;
b29f : 00000000;
b2a0 : 00000000;
b2a1 : 00000000;
b2a2 : 00000000;
b2a3 : 00000000;
b2a4 : 00000000;
b2a5 : 00000000;
b2a6 : 00000000;
b2a7 : 00000000;
b2a8 : 00000000;
b2a9 : 00000000;
b2aa : 00000000;
b2ab : 00000000;
b2ac : 00000000;
b2ad : 00000000;
b2ae : 00000000;
b2af : 00000000;
b2b0 : 00000000;
b2b1 : 00000000;
b2b2 : 00000000;
b2b3 : 00000000;
b2b4 : 00000000;
b2b5 : 00000000;
b2b6 : 00000000;
b2b7 : 00000000;
b2b8 : 00000000;
b2b9 : 00000000;
b2ba : 00000000;
b2bb : 00000000;
b2bc : 00000000;
b2bd : 00000000;
b2be : 00000000;
b2bf : 00000000;
b2c0 : 00000000;
b2c1 : 00000000;
b2c2 : 00000000;
b2c3 : 00000000;
b2c4 : 00000000;
b2c5 : 00000000;
b2c6 : 00000000;
b2c7 : 00000000;
b2c8 : 00000000;
b2c9 : 00000000;
b2ca : 00000000;
b2cb : 00000000;
b2cc : 00000000;
b2cd : 00000000;
b2ce : 00000000;
b2cf : 00000000;
b2d0 : 00000000;
b2d1 : 00000000;
b2d2 : 00000000;
b2d3 : 00000000;
b2d4 : 00000000;
b2d5 : 00000000;
b2d6 : 00000000;
b2d7 : 00000000;
b2d8 : 00000000;
b2d9 : 00000000;
b2da : 00000000;
b2db : 00000000;
b2dc : 00000000;
b2dd : 00000000;
b2de : 00000000;
b2df : 00000000;
b2e0 : 00000000;
b2e1 : 00000000;
b2e2 : 00000000;
b2e3 : 00000000;
b2e4 : 00000000;
b2e5 : 00000000;
b2e6 : 00000000;
b2e7 : 00000000;
b2e8 : 00000000;
b2e9 : 00000000;
b2ea : 00000000;
b2eb : 00000000;
b2ec : 00000000;
b2ed : 00000000;
b2ee : 00000000;
b2ef : 00000000;
b2f0 : 00000000;
b2f1 : 00000000;
b2f2 : 00000000;
b2f3 : 00000000;
b2f4 : 00000000;
b2f5 : 00000000;
b2f6 : 00000000;
b2f7 : 00000000;
b2f8 : 00000000;
b2f9 : 00000000;
b2fa : 00000000;
b2fb : 00000000;
b2fc : 00000000;
b2fd : 00000000;
b2fe : 00000000;
b2ff : 00000000;
b300 : 00000000;
b301 : 00000000;
b302 : 00000000;
b303 : 00000000;
b304 : 00000000;
b305 : 00000000;
b306 : 00000000;
b307 : 00000000;
b308 : 00000000;
b309 : 00000000;
b30a : 00000000;
b30b : 00000000;
b30c : 00000000;
b30d : 00000000;
b30e : 00000000;
b30f : 00000000;
b310 : 00000000;
b311 : 00000000;
b312 : 00000000;
b313 : 00000000;
b314 : 00000000;
b315 : 00000000;
b316 : 00000000;
b317 : 00000000;
b318 : 00000000;
b319 : 00000000;
b31a : 00000000;
b31b : 00000000;
b31c : 00000000;
b31d : 00000000;
b31e : 00000000;
b31f : 00000000;
b320 : 00000000;
b321 : 00000000;
b322 : 00000000;
b323 : 00000000;
b324 : 00000000;
b325 : 00000000;
b326 : 00000000;
b327 : 00000000;
b328 : 00000000;
b329 : 00000000;
b32a : 00000000;
b32b : 00000000;
b32c : 00000000;
b32d : 00000000;
b32e : 00000000;
b32f : 00000000;
b330 : 00000000;
b331 : 00000000;
b332 : 00000000;
b333 : 00000000;
b334 : 00000000;
b335 : 00000000;
b336 : 00000000;
b337 : 00000000;
b338 : 00000000;
b339 : 00000000;
b33a : 00000000;
b33b : 00000000;
b33c : 00000000;
b33d : 00000000;
b33e : 00000000;
b33f : 00000000;
b340 : 00000000;
b341 : 00000000;
b342 : 00000000;
b343 : 00000000;
b344 : 00000000;
b345 : 00000000;
b346 : 00000000;
b347 : 00000000;
b348 : 00000000;
b349 : 00000000;
b34a : 00000000;
b34b : 00000000;
b34c : 00000000;
b34d : 00000000;
b34e : 00000000;
b34f : 00000000;
b350 : 00000000;
b351 : 00000000;
b352 : 00000000;
b353 : 00000000;
b354 : 00000000;
b355 : 00000000;
b356 : 00000000;
b357 : 00000000;
b358 : 00000000;
b359 : 00000000;
b35a : 00000000;
b35b : 00000000;
b35c : 00000000;
b35d : 00000000;
b35e : 00000000;
b35f : 00000000;
b360 : 00000000;
b361 : 00000000;
b362 : 00000000;
b363 : 00000000;
b364 : 00000000;
b365 : 00000000;
b366 : 00000000;
b367 : 00000000;
b368 : 00000000;
b369 : 00000000;
b36a : 00000000;
b36b : 00000000;
b36c : 00000000;
b36d : 00000000;
b36e : 00000000;
b36f : 00000000;
b370 : 00000000;
b371 : 00000000;
b372 : 00000000;
b373 : 00000000;
b374 : 00000000;
b375 : 00000000;
b376 : 00000000;
b377 : 00000000;
b378 : 00000000;
b379 : 00000000;
b37a : 00000000;
b37b : 00000000;
b37c : 00000000;
b37d : 00000000;
b37e : 00000000;
b37f : 00000000;
b380 : 00000000;
b381 : 00000000;
b382 : 00000000;
b383 : 00000000;
b384 : 00000000;
b385 : 00000000;
b386 : 00000000;
b387 : 00000000;
b388 : 00000000;
b389 : 00000000;
b38a : 00000000;
b38b : 00000000;
b38c : 00000000;
b38d : 00000000;
b38e : 00000000;
b38f : 00000000;
b390 : 00000000;
b391 : 00000000;
b392 : 00000000;
b393 : 00000000;
b394 : 00000000;
b395 : 00000000;
b396 : 00000000;
b397 : 00000000;
b398 : 00000000;
b399 : 00000000;
b39a : 00000000;
b39b : 00000000;
b39c : 00000000;
b39d : 00000000;
b39e : 00000000;
b39f : 00000000;
b3a0 : 00000000;
b3a1 : 00000000;
b3a2 : 00000000;
b3a3 : 00000000;
b3a4 : 00000000;
b3a5 : 00000000;
b3a6 : 00000000;
b3a7 : 00000000;
b3a8 : 00000000;
b3a9 : 00000000;
b3aa : 00000000;
b3ab : 00000000;
b3ac : 00000000;
b3ad : 00000000;
b3ae : 00000000;
b3af : 00000000;
b3b0 : 00000000;
b3b1 : 00000000;
b3b2 : 00000000;
b3b3 : 00000000;
b3b4 : 00000000;
b3b5 : 00000000;
b3b6 : 00000000;
b3b7 : 00000000;
b3b8 : 00000000;
b3b9 : 00000000;
b3ba : 00000000;
b3bb : 00000000;
b3bc : 00000000;
b3bd : 00000000;
b3be : 00000000;
b3bf : 00000000;
b3c0 : 00000000;
b3c1 : 00000000;
b3c2 : 00000000;
b3c3 : 00000000;
b3c4 : 00000000;
b3c5 : 00000000;
b3c6 : 00000000;
b3c7 : 00000000;
b3c8 : 00000000;
b3c9 : 00000000;
b3ca : 00000000;
b3cb : 00000000;
b3cc : 00000000;
b3cd : 00000000;
b3ce : 00000000;
b3cf : 00000000;
b3d0 : 00000000;
b3d1 : 00000000;
b3d2 : 00000000;
b3d3 : 00000000;
b3d4 : 00000000;
b3d5 : 00000000;
b3d6 : 00000000;
b3d7 : 00000000;
b3d8 : 00000000;
b3d9 : 00000000;
b3da : 00000000;
b3db : 00000000;
b3dc : 00000000;
b3dd : 00000000;
b3de : 00000000;
b3df : 00000000;
b3e0 : 00000000;
b3e1 : 00000000;
b3e2 : 00000000;
b3e3 : 00000000;
b3e4 : 00000000;
b3e5 : 00000000;
b3e6 : 00000000;
b3e7 : 00000000;
b3e8 : 00000000;
b3e9 : 00000000;
b3ea : 00000000;
b3eb : 00000000;
b3ec : 00000000;
b3ed : 00000000;
b3ee : 00000000;
b3ef : 00000000;
b3f0 : 00000000;
b3f1 : 00000000;
b3f2 : 00000000;
b3f3 : 00000000;
b3f4 : 00000000;
b3f5 : 00000000;
b3f6 : 00000000;
b3f7 : 00000000;
b3f8 : 00000000;
b3f9 : 00000000;
b3fa : 00000000;
b3fb : 00000000;
b3fc : 00000000;
b3fd : 00000000;
b3fe : 00000000;
b3ff : 00000000;
b400 : 00000000;
b401 : 00000000;
b402 : 00000000;
b403 : 00000000;
b404 : 00000000;
b405 : 00000000;
b406 : 00000000;
b407 : 00000000;
b408 : 00000000;
b409 : 00000000;
b40a : 00000000;
b40b : 00000000;
b40c : 00000000;
b40d : 00000000;
b40e : 00000000;
b40f : 00000000;
b410 : 00000000;
b411 : 00000000;
b412 : 00000000;
b413 : 00000000;
b414 : 00000000;
b415 : 00000000;
b416 : 00000000;
b417 : 00000000;
b418 : 00000000;
b419 : 00000000;
b41a : 00000000;
b41b : 00000000;
b41c : 00000000;
b41d : 00000000;
b41e : 00000000;
b41f : 00000000;
b420 : 00000000;
b421 : 00000000;
b422 : 00000000;
b423 : 00000000;
b424 : 00000000;
b425 : 00000000;
b426 : 00000000;
b427 : 00000000;
b428 : 00000000;
b429 : 00000000;
b42a : 00000000;
b42b : 00000000;
b42c : 00000000;
b42d : 00000000;
b42e : 00000000;
b42f : 00000000;
b430 : 00000000;
b431 : 00000000;
b432 : 00000000;
b433 : 00000000;
b434 : 00000000;
b435 : 00000000;
b436 : 00000000;
b437 : 00000000;
b438 : 00000000;
b439 : 00000000;
b43a : 00000000;
b43b : 00000000;
b43c : 00000000;
b43d : 00000000;
b43e : 00000000;
b43f : 00000000;
b440 : 00000000;
b441 : 00000000;
b442 : 00000000;
b443 : 00000000;
b444 : 00000000;
b445 : 00000000;
b446 : 00000000;
b447 : 00000000;
b448 : 00000000;
b449 : 00000000;
b44a : 00000000;
b44b : 00000000;
b44c : 00000000;
b44d : 00000000;
b44e : 00000000;
b44f : 00000000;
b450 : 00000000;
b451 : 00000000;
b452 : 00000000;
b453 : 00000000;
b454 : 00000000;
b455 : 00000000;
b456 : 00000000;
b457 : 00000000;
b458 : 00000000;
b459 : 00000000;
b45a : 00000000;
b45b : 00000000;
b45c : 00000000;
b45d : 00000000;
b45e : 00000000;
b45f : 00000000;
b460 : 00000000;
b461 : 00000000;
b462 : 00000000;
b463 : 00000000;
b464 : 00000000;
b465 : 00000000;
b466 : 00000000;
b467 : 00000000;
b468 : 00000000;
b469 : 00000000;
b46a : 00000000;
b46b : 00000000;
b46c : 00000000;
b46d : 00000000;
b46e : 00000000;
b46f : 00000000;
b470 : 00000000;
b471 : 00000000;
b472 : 00000000;
b473 : 00000000;
b474 : 00000000;
b475 : 00000000;
b476 : 00000000;
b477 : 00000000;
b478 : 00000000;
b479 : 00000000;
b47a : 00000000;
b47b : 00000000;
b47c : 00000000;
b47d : 00000000;
b47e : 00000000;
b47f : 00000000;
b480 : 00000000;
b481 : 00000000;
b482 : 00000000;
b483 : 00000000;
b484 : 00000000;
b485 : 00000000;
b486 : 00000000;
b487 : 00000000;
b488 : 00000000;
b489 : 00000000;
b48a : 00000000;
b48b : 00000000;
b48c : 00000000;
b48d : 00000000;
b48e : 00000000;
b48f : 00000000;
b490 : 00000000;
b491 : 00000000;
b492 : 00000000;
b493 : 00000000;
b494 : 00000000;
b495 : 00000000;
b496 : 00000000;
b497 : 00000000;
b498 : 00000000;
b499 : 00000000;
b49a : 00000000;
b49b : 00000000;
b49c : 00000000;
b49d : 00000000;
b49e : 00000000;
b49f : 00000000;
b4a0 : 00000000;
b4a1 : 00000000;
b4a2 : 00000000;
b4a3 : 00000000;
b4a4 : 00000000;
b4a5 : 00000000;
b4a6 : 00000000;
b4a7 : 00000000;
b4a8 : 00000000;
b4a9 : 00000000;
b4aa : 00000000;
b4ab : 00000000;
b4ac : 00000000;
b4ad : 00000000;
b4ae : 00000000;
b4af : 00000000;
b4b0 : 00000000;
b4b1 : 00000000;
b4b2 : 00000000;
b4b3 : 00000000;
b4b4 : 00000000;
b4b5 : 00000000;
b4b6 : 00000000;
b4b7 : 00000000;
b4b8 : 00000000;
b4b9 : 00000000;
b4ba : 00000000;
b4bb : 00000000;
b4bc : 00000000;
b4bd : 00000000;
b4be : 00000000;
b4bf : 00000000;
b4c0 : 00000000;
b4c1 : 00000000;
b4c2 : 00000000;
b4c3 : 00000000;
b4c4 : 00000000;
b4c5 : 00000000;
b4c6 : 00000000;
b4c7 : 00000000;
b4c8 : 00000000;
b4c9 : 00000000;
b4ca : 00000000;
b4cb : 00000000;
b4cc : 00000000;
b4cd : 00000000;
b4ce : 00000000;
b4cf : 00000000;
b4d0 : 00000000;
b4d1 : 00000000;
b4d2 : 00000000;
b4d3 : 00000000;
b4d4 : 00000000;
b4d5 : 00000000;
b4d6 : 00000000;
b4d7 : 00000000;
b4d8 : 00000000;
b4d9 : 00000000;
b4da : 00000000;
b4db : 00000000;
b4dc : 00000000;
b4dd : 00000000;
b4de : 00000000;
b4df : 00000000;
b4e0 : 00000000;
b4e1 : 00000000;
b4e2 : 00000000;
b4e3 : 00000000;
b4e4 : 00000000;
b4e5 : 00000000;
b4e6 : 00000000;
b4e7 : 00000000;
b4e8 : 00000000;
b4e9 : 00000000;
b4ea : 00000000;
b4eb : 00000000;
b4ec : 00000000;
b4ed : 00000000;
b4ee : 00000000;
b4ef : 00000000;
b4f0 : 00000000;
b4f1 : 00000000;
b4f2 : 00000000;
b4f3 : 00000000;
b4f4 : 00000000;
b4f5 : 00000000;
b4f6 : 00000000;
b4f7 : 00000000;
b4f8 : 00000000;
b4f9 : 00000000;
b4fa : 00000000;
b4fb : 00000000;
b4fc : 00000000;
b4fd : 00000000;
b4fe : 00000000;
b4ff : 00000000;
b500 : 00000000;
b501 : 00000000;
b502 : 00000000;
b503 : 00000000;
b504 : 00000000;
b505 : 00000000;
b506 : 00000000;
b507 : 00000000;
b508 : 00000000;
b509 : 00000000;
b50a : 00000000;
b50b : 00000000;
b50c : 00000000;
b50d : 00000000;
b50e : 00000000;
b50f : 00000000;
b510 : 00000000;
b511 : 00000000;
b512 : 00000000;
b513 : 00000000;
b514 : 00000000;
b515 : 00000000;
b516 : 00000000;
b517 : 00000000;
b518 : 00000000;
b519 : 00000000;
b51a : 00000000;
b51b : 00000000;
b51c : 00000000;
b51d : 00000000;
b51e : 00000000;
b51f : 00000000;
b520 : 00000000;
b521 : 00000000;
b522 : 00000000;
b523 : 00000000;
b524 : 00000000;
b525 : 00000000;
b526 : 00000000;
b527 : 00000000;
b528 : 00000000;
b529 : 00000000;
b52a : 00000000;
b52b : 00000000;
b52c : 00000000;
b52d : 00000000;
b52e : 00000000;
b52f : 00000000;
b530 : 00000000;
b531 : 00000000;
b532 : 00000000;
b533 : 00000000;
b534 : 00000000;
b535 : 00000000;
b536 : 00000000;
b537 : 00000000;
b538 : 00000000;
b539 : 00000000;
b53a : 00000000;
b53b : 00000000;
b53c : 00000000;
b53d : 00000000;
b53e : 00000000;
b53f : 00000000;
b540 : 00000000;
b541 : 00000000;
b542 : 00000000;
b543 : 00000000;
b544 : 00000000;
b545 : 00000000;
b546 : 00000000;
b547 : 00000000;
b548 : 00000000;
b549 : 00000000;
b54a : 00000000;
b54b : 00000000;
b54c : 00000000;
b54d : 00000000;
b54e : 00000000;
b54f : 00000000;
b550 : 00000000;
b551 : 00000000;
b552 : 00000000;
b553 : 00000000;
b554 : 00000000;
b555 : 00000000;
b556 : 00000000;
b557 : 00000000;
b558 : 00000000;
b559 : 00000000;
b55a : 00000000;
b55b : 00000000;
b55c : 00000000;
b55d : 00000000;
b55e : 00000000;
b55f : 00000000;
b560 : 00000000;
b561 : 00000000;
b562 : 00000000;
b563 : 00000000;
b564 : 00000000;
b565 : 00000000;
b566 : 00000000;
b567 : 00000000;
b568 : 00000000;
b569 : 00000000;
b56a : 00000000;
b56b : 00000000;
b56c : 00000000;
b56d : 00000000;
b56e : 00000000;
b56f : 00000000;
b570 : 00000000;
b571 : 00000000;
b572 : 00000000;
b573 : 00000000;
b574 : 00000000;
b575 : 00000000;
b576 : 00000000;
b577 : 00000000;
b578 : 00000000;
b579 : 00000000;
b57a : 00000000;
b57b : 00000000;
b57c : 00000000;
b57d : 00000000;
b57e : 00000000;
b57f : 00000000;
b580 : 00000000;
b581 : 00000000;
b582 : 00000000;
b583 : 00000000;
b584 : 00000000;
b585 : 00000000;
b586 : 00000000;
b587 : 00000000;
b588 : 00000000;
b589 : 00000000;
b58a : 00000000;
b58b : 00000000;
b58c : 00000000;
b58d : 00000000;
b58e : 00000000;
b58f : 00000000;
b590 : 00000000;
b591 : 00000000;
b592 : 00000000;
b593 : 00000000;
b594 : 00000000;
b595 : 00000000;
b596 : 00000000;
b597 : 00000000;
b598 : 00000000;
b599 : 00000000;
b59a : 00000000;
b59b : 00000000;
b59c : 00000000;
b59d : 00000000;
b59e : 00000000;
b59f : 00000000;
b5a0 : 00000000;
b5a1 : 00000000;
b5a2 : 00000000;
b5a3 : 00000000;
b5a4 : 00000000;
b5a5 : 00000000;
b5a6 : 00000000;
b5a7 : 00000000;
b5a8 : 00000000;
b5a9 : 00000000;
b5aa : 00000000;
b5ab : 00000000;
b5ac : 00000000;
b5ad : 00000000;
b5ae : 00000000;
b5af : 00000000;
b5b0 : 00000000;
b5b1 : 00000000;
b5b2 : 00000000;
b5b3 : 00000000;
b5b4 : 00000000;
b5b5 : 00000000;
b5b6 : 00000000;
b5b7 : 00000000;
b5b8 : 00000000;
b5b9 : 00000000;
b5ba : 00000000;
b5bb : 00000000;
b5bc : 00000000;
b5bd : 00000000;
b5be : 00000000;
b5bf : 00000000;
b5c0 : 00000000;
b5c1 : 00000000;
b5c2 : 00000000;
b5c3 : 00000000;
b5c4 : 00000000;
b5c5 : 00000000;
b5c6 : 00000000;
b5c7 : 00000000;
b5c8 : 00000000;
b5c9 : 00000000;
b5ca : 00000000;
b5cb : 00000000;
b5cc : 00000000;
b5cd : 00000000;
b5ce : 00000000;
b5cf : 00000000;
b5d0 : 00000000;
b5d1 : 00000000;
b5d2 : 00000000;
b5d3 : 00000000;
b5d4 : 00000000;
b5d5 : 00000000;
b5d6 : 00000000;
b5d7 : 00000000;
b5d8 : 00000000;
b5d9 : 00000000;
b5da : 00000000;
b5db : 00000000;
b5dc : 00000000;
b5dd : 00000000;
b5de : 00000000;
b5df : 00000000;
b5e0 : 00000000;
b5e1 : 00000000;
b5e2 : 00000000;
b5e3 : 00000000;
b5e4 : 00000000;
b5e5 : 00000000;
b5e6 : 00000000;
b5e7 : 00000000;
b5e8 : 00000000;
b5e9 : 00000000;
b5ea : 00000000;
b5eb : 00000000;
b5ec : 00000000;
b5ed : 00000000;
b5ee : 00000000;
b5ef : 00000000;
b5f0 : 00000000;
b5f1 : 00000000;
b5f2 : 00000000;
b5f3 : 00000000;
b5f4 : 00000000;
b5f5 : 00000000;
b5f6 : 00000000;
b5f7 : 00000000;
b5f8 : 00000000;
b5f9 : 00000000;
b5fa : 00000000;
b5fb : 00000000;
b5fc : 00000000;
b5fd : 00000000;
b5fe : 00000000;
b5ff : 00000000;
b600 : 00000000;
b601 : 00000000;
b602 : 00000000;
b603 : 00000000;
b604 : 00000000;
b605 : 00000000;
b606 : 00000000;
b607 : 00000000;
b608 : 00000000;
b609 : 00000000;
b60a : 00000000;
b60b : 00000000;
b60c : 00000000;
b60d : 00000000;
b60e : 00000000;
b60f : 00000000;
b610 : 00000000;
b611 : 00000000;
b612 : 00000000;
b613 : 00000000;
b614 : 00000000;
b615 : 00000000;
b616 : 00000000;
b617 : 00000000;
b618 : 00000000;
b619 : 00000000;
b61a : 00000000;
b61b : 00000000;
b61c : 00000000;
b61d : 00000000;
b61e : 00000000;
b61f : 00000000;
b620 : 00000000;
b621 : 00000000;
b622 : 00000000;
b623 : 00000000;
b624 : 00000000;
b625 : 00000000;
b626 : 00000000;
b627 : 00000000;
b628 : 00000000;
b629 : 00000000;
b62a : 00000000;
b62b : 00000000;
b62c : 00000000;
b62d : 00000000;
b62e : 00000000;
b62f : 00000000;
b630 : 00000000;
b631 : 00000000;
b632 : 00000000;
b633 : 00000000;
b634 : 00000000;
b635 : 00000000;
b636 : 00000000;
b637 : 00000000;
b638 : 00000000;
b639 : 00000000;
b63a : 00000000;
b63b : 00000000;
b63c : 00000000;
b63d : 00000000;
b63e : 00000000;
b63f : 00000000;
b640 : 00000000;
b641 : 00000000;
b642 : 00000000;
b643 : 00000000;
b644 : 00000000;
b645 : 00000000;
b646 : 00000000;
b647 : 00000000;
b648 : 00000000;
b649 : 00000000;
b64a : 00000000;
b64b : 00000000;
b64c : 00000000;
b64d : 00000000;
b64e : 00000000;
b64f : 00000000;
b650 : 00000000;
b651 : 00000000;
b652 : 00000000;
b653 : 00000000;
b654 : 00000000;
b655 : 00000000;
b656 : 00000000;
b657 : 00000000;
b658 : 00000000;
b659 : 00000000;
b65a : 00000000;
b65b : 00000000;
b65c : 00000000;
b65d : 00000000;
b65e : 00000000;
b65f : 00000000;
b660 : 00000000;
b661 : 00000000;
b662 : 00000000;
b663 : 00000000;
b664 : 00000000;
b665 : 00000000;
b666 : 00000000;
b667 : 00000000;
b668 : 00000000;
b669 : 00000000;
b66a : 00000000;
b66b : 00000000;
b66c : 00000000;
b66d : 00000000;
b66e : 00000000;
b66f : 00000000;
b670 : 00000000;
b671 : 00000000;
b672 : 00000000;
b673 : 00000000;
b674 : 00000000;
b675 : 00000000;
b676 : 00000000;
b677 : 00000000;
b678 : 00000000;
b679 : 00000000;
b67a : 00000000;
b67b : 00000000;
b67c : 00000000;
b67d : 00000000;
b67e : 00000000;
b67f : 00000000;
b680 : 00000000;
b681 : 00000000;
b682 : 00000000;
b683 : 00000000;
b684 : 00000000;
b685 : 00000000;
b686 : 00000000;
b687 : 00000000;
b688 : 00000000;
b689 : 00000000;
b68a : 00000000;
b68b : 00000000;
b68c : 00000000;
b68d : 00000000;
b68e : 00000000;
b68f : 00000000;
b690 : 00000000;
b691 : 00000000;
b692 : 00000000;
b693 : 00000000;
b694 : 00000000;
b695 : 00000000;
b696 : 00000000;
b697 : 00000000;
b698 : 00000000;
b699 : 00000000;
b69a : 00000000;
b69b : 00000000;
b69c : 00000000;
b69d : 00000000;
b69e : 00000000;
b69f : 00000000;
b6a0 : 00000000;
b6a1 : 00000000;
b6a2 : 00000000;
b6a3 : 00000000;
b6a4 : 00000000;
b6a5 : 00000000;
b6a6 : 00000000;
b6a7 : 00000000;
b6a8 : 00000000;
b6a9 : 00000000;
b6aa : 00000000;
b6ab : 00000000;
b6ac : 00000000;
b6ad : 00000000;
b6ae : 00000000;
b6af : 00000000;
b6b0 : 00000000;
b6b1 : 00000000;
b6b2 : 00000000;
b6b3 : 00000000;
b6b4 : 00000000;
b6b5 : 00000000;
b6b6 : 00000000;
b6b7 : 00000000;
b6b8 : 00000000;
b6b9 : 00000000;
b6ba : 00000000;
b6bb : 00000000;
b6bc : 00000000;
b6bd : 00000000;
b6be : 00000000;
b6bf : 00000000;
b6c0 : 00000000;
b6c1 : 00000000;
b6c2 : 00000000;
b6c3 : 00000000;
b6c4 : 00000000;
b6c5 : 00000000;
b6c6 : 00000000;
b6c7 : 00000000;
b6c8 : 00000000;
b6c9 : 00000000;
b6ca : 00000000;
b6cb : 00000000;
b6cc : 00000000;
b6cd : 00000000;
b6ce : 00000000;
b6cf : 00000000;
b6d0 : 00000000;
b6d1 : 00000000;
b6d2 : 00000000;
b6d3 : 00000000;
b6d4 : 00000000;
b6d5 : 00000000;
b6d6 : 00000000;
b6d7 : 00000000;
b6d8 : 00000000;
b6d9 : 00000000;
b6da : 00000000;
b6db : 00000000;
b6dc : 00000000;
b6dd : 00000000;
b6de : 00000000;
b6df : 00000000;
b6e0 : 00000000;
b6e1 : 00000000;
b6e2 : 00000000;
b6e3 : 00000000;
b6e4 : 00000000;
b6e5 : 00000000;
b6e6 : 00000000;
b6e7 : 00000000;
b6e8 : 00000000;
b6e9 : 00000000;
b6ea : 00000000;
b6eb : 00000000;
b6ec : 00000000;
b6ed : 00000000;
b6ee : 00000000;
b6ef : 00000000;
b6f0 : 00000000;
b6f1 : 00000000;
b6f2 : 00000000;
b6f3 : 00000000;
b6f4 : 00000000;
b6f5 : 00000000;
b6f6 : 00000000;
b6f7 : 00000000;
b6f8 : 00000000;
b6f9 : 00000000;
b6fa : 00000000;
b6fb : 00000000;
b6fc : 00000000;
b6fd : 00000000;
b6fe : 00000000;
b6ff : 00000000;
b700 : 00000000;
b701 : 00000000;
b702 : 00000000;
b703 : 00000000;
b704 : 00000000;
b705 : 00000000;
b706 : 00000000;
b707 : 00000000;
b708 : 00000000;
b709 : 00000000;
b70a : 00000000;
b70b : 00000000;
b70c : 00000000;
b70d : 00000000;
b70e : 00000000;
b70f : 00000000;
b710 : 00000000;
b711 : 00000000;
b712 : 00000000;
b713 : 00000000;
b714 : 00000000;
b715 : 00000000;
b716 : 00000000;
b717 : 00000000;
b718 : 00000000;
b719 : 00000000;
b71a : 00000000;
b71b : 00000000;
b71c : 00000000;
b71d : 00000000;
b71e : 00000000;
b71f : 00000000;
b720 : 00000000;
b721 : 00000000;
b722 : 00000000;
b723 : 00000000;
b724 : 00000000;
b725 : 00000000;
b726 : 00000000;
b727 : 00000000;
b728 : 00000000;
b729 : 00000000;
b72a : 00000000;
b72b : 00000000;
b72c : 00000000;
b72d : 00000000;
b72e : 00000000;
b72f : 00000000;
b730 : 00000000;
b731 : 00000000;
b732 : 00000000;
b733 : 00000000;
b734 : 00000000;
b735 : 00000000;
b736 : 00000000;
b737 : 00000000;
b738 : 00000000;
b739 : 00000000;
b73a : 00000000;
b73b : 00000000;
b73c : 00000000;
b73d : 00000000;
b73e : 00000000;
b73f : 00000000;
b740 : 00000000;
b741 : 00000000;
b742 : 00000000;
b743 : 00000000;
b744 : 00000000;
b745 : 00000000;
b746 : 00000000;
b747 : 00000000;
b748 : 00000000;
b749 : 00000000;
b74a : 00000000;
b74b : 00000000;
b74c : 00000000;
b74d : 00000000;
b74e : 00000000;
b74f : 00000000;
b750 : 00000000;
b751 : 00000000;
b752 : 00000000;
b753 : 00000000;
b754 : 00000000;
b755 : 00000000;
b756 : 00000000;
b757 : 00000000;
b758 : 00000000;
b759 : 00000000;
b75a : 00000000;
b75b : 00000000;
b75c : 00000000;
b75d : 00000000;
b75e : 00000000;
b75f : 00000000;
b760 : 00000000;
b761 : 00000000;
b762 : 00000000;
b763 : 00000000;
b764 : 00000000;
b765 : 00000000;
b766 : 00000000;
b767 : 00000000;
b768 : 00000000;
b769 : 00000000;
b76a : 00000000;
b76b : 00000000;
b76c : 00000000;
b76d : 00000000;
b76e : 00000000;
b76f : 00000000;
b770 : 00000000;
b771 : 00000000;
b772 : 00000000;
b773 : 00000000;
b774 : 00000000;
b775 : 00000000;
b776 : 00000000;
b777 : 00000000;
b778 : 00000000;
b779 : 00000000;
b77a : 00000000;
b77b : 00000000;
b77c : 00000000;
b77d : 00000000;
b77e : 00000000;
b77f : 00000000;
b780 : 00000000;
b781 : 00000000;
b782 : 00000000;
b783 : 00000000;
b784 : 00000000;
b785 : 00000000;
b786 : 00000000;
b787 : 00000000;
b788 : 00000000;
b789 : 00000000;
b78a : 00000000;
b78b : 00000000;
b78c : 00000000;
b78d : 00000000;
b78e : 00000000;
b78f : 00000000;
b790 : 00000000;
b791 : 00000000;
b792 : 00000000;
b793 : 00000000;
b794 : 00000000;
b795 : 00000000;
b796 : 00000000;
b797 : 00000000;
b798 : 00000000;
b799 : 00000000;
b79a : 00000000;
b79b : 00000000;
b79c : 00000000;
b79d : 00000000;
b79e : 00000000;
b79f : 00000000;
b7a0 : 00000000;
b7a1 : 00000000;
b7a2 : 00000000;
b7a3 : 00000000;
b7a4 : 00000000;
b7a5 : 00000000;
b7a6 : 00000000;
b7a7 : 00000000;
b7a8 : 00000000;
b7a9 : 00000000;
b7aa : 00000000;
b7ab : 00000000;
b7ac : 00000000;
b7ad : 00000000;
b7ae : 00000000;
b7af : 00000000;
b7b0 : 00000000;
b7b1 : 00000000;
b7b2 : 00000000;
b7b3 : 00000000;
b7b4 : 00000000;
b7b5 : 00000000;
b7b6 : 00000000;
b7b7 : 00000000;
b7b8 : 00000000;
b7b9 : 00000000;
b7ba : 00000000;
b7bb : 00000000;
b7bc : 00000000;
b7bd : 00000000;
b7be : 00000000;
b7bf : 00000000;
b7c0 : 00000000;
b7c1 : 00000000;
b7c2 : 00000000;
b7c3 : 00000000;
b7c4 : 00000000;
b7c5 : 00000000;
b7c6 : 00000000;
b7c7 : 00000000;
b7c8 : 00000000;
b7c9 : 00000000;
b7ca : 00000000;
b7cb : 00000000;
b7cc : 00000000;
b7cd : 00000000;
b7ce : 00000000;
b7cf : 00000000;
b7d0 : 00000000;
b7d1 : 00000000;
b7d2 : 00000000;
b7d3 : 00000000;
b7d4 : 00000000;
b7d5 : 00000000;
b7d6 : 00000000;
b7d7 : 00000000;
b7d8 : 00000000;
b7d9 : 00000000;
b7da : 00000000;
b7db : 00000000;
b7dc : 00000000;
b7dd : 00000000;
b7de : 00000000;
b7df : 00000000;
b7e0 : 00000000;
b7e1 : 00000000;
b7e2 : 00000000;
b7e3 : 00000000;
b7e4 : 00000000;
b7e5 : 00000000;
b7e6 : 00000000;
b7e7 : 00000000;
b7e8 : 00000000;
b7e9 : 00000000;
b7ea : 00000000;
b7eb : 00000000;
b7ec : 00000000;
b7ed : 00000000;
b7ee : 00000000;
b7ef : 00000000;
b7f0 : 00000000;
b7f1 : 00000000;
b7f2 : 00000000;
b7f3 : 00000000;
b7f4 : 00000000;
b7f5 : 00000000;
b7f6 : 00000000;
b7f7 : 00000000;
b7f8 : 00000000;
b7f9 : 00000000;
b7fa : 00000000;
b7fb : 00000000;
b7fc : 00000000;
b7fd : 00000000;
b7fe : 00000000;
b7ff : 00000000;
b800 : 00000000;
b801 : 00000000;
b802 : 00000000;
b803 : 00000000;
b804 : 00000000;
b805 : 00000000;
b806 : 00000000;
b807 : 00000000;
b808 : 00000000;
b809 : 00000000;
b80a : 00000000;
b80b : 00000000;
b80c : 00000000;
b80d : 00000000;
b80e : 00000000;
b80f : 00000000;
b810 : 00000000;
b811 : 00000000;
b812 : 00000000;
b813 : 00000000;
b814 : 00000000;
b815 : 00000000;
b816 : 00000000;
b817 : 00000000;
b818 : 00000000;
b819 : 00000000;
b81a : 00000000;
b81b : 00000000;
b81c : 00000000;
b81d : 00000000;
b81e : 00000000;
b81f : 00000000;
b820 : 00000000;
b821 : 00000000;
b822 : 00000000;
b823 : 00000000;
b824 : 00000000;
b825 : 00000000;
b826 : 00000000;
b827 : 00000000;
b828 : 00000000;
b829 : 00000000;
b82a : 00000000;
b82b : 00000000;
b82c : 00000000;
b82d : 00000000;
b82e : 00000000;
b82f : 00000000;
b830 : 00000000;
b831 : 00000000;
b832 : 00000000;
b833 : 00000000;
b834 : 00000000;
b835 : 00000000;
b836 : 00000000;
b837 : 00000000;
b838 : 00000000;
b839 : 00000000;
b83a : 00000000;
b83b : 00000000;
b83c : 00000000;
b83d : 00000000;
b83e : 00000000;
b83f : 00000000;
b840 : 00000000;
b841 : 00000000;
b842 : 00000000;
b843 : 00000000;
b844 : 00000000;
b845 : 00000000;
b846 : 00000000;
b847 : 00000000;
b848 : 00000000;
b849 : 00000000;
b84a : 00000000;
b84b : 00000000;
b84c : 00000000;
b84d : 00000000;
b84e : 00000000;
b84f : 00000000;
b850 : 00000000;
b851 : 00000000;
b852 : 00000000;
b853 : 00000000;
b854 : 00000000;
b855 : 00000000;
b856 : 00000000;
b857 : 00000000;
b858 : 00000000;
b859 : 00000000;
b85a : 00000000;
b85b : 00000000;
b85c : 00000000;
b85d : 00000000;
b85e : 00000000;
b85f : 00000000;
b860 : 00000000;
b861 : 00000000;
b862 : 00000000;
b863 : 00000000;
b864 : 00000000;
b865 : 00000000;
b866 : 00000000;
b867 : 00000000;
b868 : 00000000;
b869 : 00000000;
b86a : 00000000;
b86b : 00000000;
b86c : 00000000;
b86d : 00000000;
b86e : 00000000;
b86f : 00000000;
b870 : 00000000;
b871 : 00000000;
b872 : 00000000;
b873 : 00000000;
b874 : 00000000;
b875 : 00000000;
b876 : 00000000;
b877 : 00000000;
b878 : 00000000;
b879 : 00000000;
b87a : 00000000;
b87b : 00000000;
b87c : 00000000;
b87d : 00000000;
b87e : 00000000;
b87f : 00000000;
b880 : 00000000;
b881 : 00000000;
b882 : 00000000;
b883 : 00000000;
b884 : 00000000;
b885 : 00000000;
b886 : 00000000;
b887 : 00000000;
b888 : 00000000;
b889 : 00000000;
b88a : 00000000;
b88b : 00000000;
b88c : 00000000;
b88d : 00000000;
b88e : 00000000;
b88f : 00000000;
b890 : 00000000;
b891 : 00000000;
b892 : 00000000;
b893 : 00000000;
b894 : 00000000;
b895 : 00000000;
b896 : 00000000;
b897 : 00000000;
b898 : 00000000;
b899 : 00000000;
b89a : 00000000;
b89b : 00000000;
b89c : 00000000;
b89d : 00000000;
b89e : 00000000;
b89f : 00000000;
b8a0 : 00000000;
b8a1 : 00000000;
b8a2 : 00000000;
b8a3 : 00000000;
b8a4 : 00000000;
b8a5 : 00000000;
b8a6 : 00000000;
b8a7 : 00000000;
b8a8 : 00000000;
b8a9 : 00000000;
b8aa : 00000000;
b8ab : 00000000;
b8ac : 00000000;
b8ad : 00000000;
b8ae : 00000000;
b8af : 00000000;
b8b0 : 00000000;
b8b1 : 00000000;
b8b2 : 00000000;
b8b3 : 00000000;
b8b4 : 00000000;
b8b5 : 00000000;
b8b6 : 00000000;
b8b7 : 00000000;
b8b8 : 00000000;
b8b9 : 00000000;
b8ba : 00000000;
b8bb : 00000000;
b8bc : 00000000;
b8bd : 00000000;
b8be : 00000000;
b8bf : 00000000;
b8c0 : 00000000;
b8c1 : 00000000;
b8c2 : 00000000;
b8c3 : 00000000;
b8c4 : 00000000;
b8c5 : 00000000;
b8c6 : 00000000;
b8c7 : 00000000;
b8c8 : 00000000;
b8c9 : 00000000;
b8ca : 00000000;
b8cb : 00000000;
b8cc : 00000000;
b8cd : 00000000;
b8ce : 00000000;
b8cf : 00000000;
b8d0 : 00000000;
b8d1 : 00000000;
b8d2 : 00000000;
b8d3 : 00000000;
b8d4 : 00000000;
b8d5 : 00000000;
b8d6 : 00000000;
b8d7 : 00000000;
b8d8 : 00000000;
b8d9 : 00000000;
b8da : 00000000;
b8db : 00000000;
b8dc : 00000000;
b8dd : 00000000;
b8de : 00000000;
b8df : 00000000;
b8e0 : 00000000;
b8e1 : 00000000;
b8e2 : 00000000;
b8e3 : 00000000;
b8e4 : 00000000;
b8e5 : 00000000;
b8e6 : 00000000;
b8e7 : 00000000;
b8e8 : 00000000;
b8e9 : 00000000;
b8ea : 00000000;
b8eb : 00000000;
b8ec : 00000000;
b8ed : 00000000;
b8ee : 00000000;
b8ef : 00000000;
b8f0 : 00000000;
b8f1 : 00000000;
b8f2 : 00000000;
b8f3 : 00000000;
b8f4 : 00000000;
b8f5 : 00000000;
b8f6 : 00000000;
b8f7 : 00000000;
b8f8 : 00000000;
b8f9 : 00000000;
b8fa : 00000000;
b8fb : 00000000;
b8fc : 00000000;
b8fd : 00000000;
b8fe : 00000000;
b8ff : 00000000;
b900 : 00000000;
b901 : 00000000;
b902 : 00000000;
b903 : 00000000;
b904 : 00000000;
b905 : 00000000;
b906 : 00000000;
b907 : 00000000;
b908 : 00000000;
b909 : 00000000;
b90a : 00000000;
b90b : 00000000;
b90c : 00000000;
b90d : 00000000;
b90e : 00000000;
b90f : 00000000;
b910 : 00000000;
b911 : 00000000;
b912 : 00000000;
b913 : 00000000;
b914 : 00000000;
b915 : 00000000;
b916 : 00000000;
b917 : 00000000;
b918 : 00000000;
b919 : 00000000;
b91a : 00000000;
b91b : 00000000;
b91c : 00000000;
b91d : 00000000;
b91e : 00000000;
b91f : 00000000;
b920 : 00000000;
b921 : 00000000;
b922 : 00000000;
b923 : 00000000;
b924 : 00000000;
b925 : 00000000;
b926 : 00000000;
b927 : 00000000;
b928 : 00000000;
b929 : 00000000;
b92a : 00000000;
b92b : 00000000;
b92c : 00000000;
b92d : 00000000;
b92e : 00000000;
b92f : 00000000;
b930 : 00000000;
b931 : 00000000;
b932 : 00000000;
b933 : 00000000;
b934 : 00000000;
b935 : 00000000;
b936 : 00000000;
b937 : 00000000;
b938 : 00000000;
b939 : 00000000;
b93a : 00000000;
b93b : 00000000;
b93c : 00000000;
b93d : 00000000;
b93e : 00000000;
b93f : 00000000;
b940 : 00000000;
b941 : 00000000;
b942 : 00000000;
b943 : 00000000;
b944 : 00000000;
b945 : 00000000;
b946 : 00000000;
b947 : 00000000;
b948 : 00000000;
b949 : 00000000;
b94a : 00000000;
b94b : 00000000;
b94c : 00000000;
b94d : 00000000;
b94e : 00000000;
b94f : 00000000;
b950 : 00000000;
b951 : 00000000;
b952 : 00000000;
b953 : 00000000;
b954 : 00000000;
b955 : 00000000;
b956 : 00000000;
b957 : 00000000;
b958 : 00000000;
b959 : 00000000;
b95a : 00000000;
b95b : 00000000;
b95c : 00000000;
b95d : 00000000;
b95e : 00000000;
b95f : 00000000;
b960 : 00000000;
b961 : 00000000;
b962 : 00000000;
b963 : 00000000;
b964 : 00000000;
b965 : 00000000;
b966 : 00000000;
b967 : 00000000;
b968 : 00000000;
b969 : 00000000;
b96a : 00000000;
b96b : 00000000;
b96c : 00000000;
b96d : 00000000;
b96e : 00000000;
b96f : 00000000;
b970 : 00000000;
b971 : 00000000;
b972 : 00000000;
b973 : 00000000;
b974 : 00000000;
b975 : 00000000;
b976 : 00000000;
b977 : 00000000;
b978 : 00000000;
b979 : 00000000;
b97a : 00000000;
b97b : 00000000;
b97c : 00000000;
b97d : 00000000;
b97e : 00000000;
b97f : 00000000;
b980 : 00000000;
b981 : 00000000;
b982 : 00000000;
b983 : 00000000;
b984 : 00000000;
b985 : 00000000;
b986 : 00000000;
b987 : 00000000;
b988 : 00000000;
b989 : 00000000;
b98a : 00000000;
b98b : 00000000;
b98c : 00000000;
b98d : 00000000;
b98e : 00000000;
b98f : 00000000;
b990 : 00000000;
b991 : 00000000;
b992 : 00000000;
b993 : 00000000;
b994 : 00000000;
b995 : 00000000;
b996 : 00000000;
b997 : 00000000;
b998 : 00000000;
b999 : 00000000;
b99a : 00000000;
b99b : 00000000;
b99c : 00000000;
b99d : 00000000;
b99e : 00000000;
b99f : 00000000;
b9a0 : 00000000;
b9a1 : 00000000;
b9a2 : 00000000;
b9a3 : 00000000;
b9a4 : 00000000;
b9a5 : 00000000;
b9a6 : 00000000;
b9a7 : 00000000;
b9a8 : 00000000;
b9a9 : 00000000;
b9aa : 00000000;
b9ab : 00000000;
b9ac : 00000000;
b9ad : 00000000;
b9ae : 00000000;
b9af : 00000000;
b9b0 : 00000000;
b9b1 : 00000000;
b9b2 : 00000000;
b9b3 : 00000000;
b9b4 : 00000000;
b9b5 : 00000000;
b9b6 : 00000000;
b9b7 : 00000000;
b9b8 : 00000000;
b9b9 : 00000000;
b9ba : 00000000;
b9bb : 00000000;
b9bc : 00000000;
b9bd : 00000000;
b9be : 00000000;
b9bf : 00000000;
b9c0 : 00000000;
b9c1 : 00000000;
b9c2 : 00000000;
b9c3 : 00000000;
b9c4 : 00000000;
b9c5 : 00000000;
b9c6 : 00000000;
b9c7 : 00000000;
b9c8 : 00000000;
b9c9 : 00000000;
b9ca : 00000000;
b9cb : 00000000;
b9cc : 00000000;
b9cd : 00000000;
b9ce : 00000000;
b9cf : 00000000;
b9d0 : 00000000;
b9d1 : 00000000;
b9d2 : 00000000;
b9d3 : 00000000;
b9d4 : 00000000;
b9d5 : 00000000;
b9d6 : 00000000;
b9d7 : 00000000;
b9d8 : 00000000;
b9d9 : 00000000;
b9da : 00000000;
b9db : 00000000;
b9dc : 00000000;
b9dd : 00000000;
b9de : 00000000;
b9df : 00000000;
b9e0 : 00000000;
b9e1 : 00000000;
b9e2 : 00000000;
b9e3 : 00000000;
b9e4 : 00000000;
b9e5 : 00000000;
b9e6 : 00000000;
b9e7 : 00000000;
b9e8 : 00000000;
b9e9 : 00000000;
b9ea : 00000000;
b9eb : 00000000;
b9ec : 00000000;
b9ed : 00000000;
b9ee : 00000000;
b9ef : 00000000;
b9f0 : 00000000;
b9f1 : 00000000;
b9f2 : 00000000;
b9f3 : 00000000;
b9f4 : 00000000;
b9f5 : 00000000;
b9f6 : 00000000;
b9f7 : 00000000;
b9f8 : 00000000;
b9f9 : 00000000;
b9fa : 00000000;
b9fb : 00000000;
b9fc : 00000000;
b9fd : 00000000;
b9fe : 00000000;
b9ff : 00000000;
ba00 : 00000000;
ba01 : 00000000;
ba02 : 00000000;
ba03 : 00000000;
ba04 : 00000000;
ba05 : 00000000;
ba06 : 00000000;
ba07 : 00000000;
ba08 : 00000000;
ba09 : 00000000;
ba0a : 00000000;
ba0b : 00000000;
ba0c : 00000000;
ba0d : 00000000;
ba0e : 00000000;
ba0f : 00000000;
ba10 : 00000000;
ba11 : 00000000;
ba12 : 00000000;
ba13 : 00000000;
ba14 : 00000000;
ba15 : 00000000;
ba16 : 00000000;
ba17 : 00000000;
ba18 : 00000000;
ba19 : 00000000;
ba1a : 00000000;
ba1b : 00000000;
ba1c : 00000000;
ba1d : 00000000;
ba1e : 00000000;
ba1f : 00000000;
ba20 : 00000000;
ba21 : 00000000;
ba22 : 00000000;
ba23 : 00000000;
ba24 : 00000000;
ba25 : 00000000;
ba26 : 00000000;
ba27 : 00000000;
ba28 : 00000000;
ba29 : 00000000;
ba2a : 00000000;
ba2b : 00000000;
ba2c : 00000000;
ba2d : 00000000;
ba2e : 00000000;
ba2f : 00000000;
ba30 : 00000000;
ba31 : 00000000;
ba32 : 00000000;
ba33 : 00000000;
ba34 : 00000000;
ba35 : 00000000;
ba36 : 00000000;
ba37 : 00000000;
ba38 : 00000000;
ba39 : 00000000;
ba3a : 00000000;
ba3b : 00000000;
ba3c : 00000000;
ba3d : 00000000;
ba3e : 00000000;
ba3f : 00000000;
ba40 : 00000000;
ba41 : 00000000;
ba42 : 00000000;
ba43 : 00000000;
ba44 : 00000000;
ba45 : 00000000;
ba46 : 00000000;
ba47 : 00000000;
ba48 : 00000000;
ba49 : 00000000;
ba4a : 00000000;
ba4b : 00000000;
ba4c : 00000000;
ba4d : 00000000;
ba4e : 00000000;
ba4f : 00000000;
ba50 : 00000000;
ba51 : 00000000;
ba52 : 00000000;
ba53 : 00000000;
ba54 : 00000000;
ba55 : 00000000;
ba56 : 00000000;
ba57 : 00000000;
ba58 : 00000000;
ba59 : 00000000;
ba5a : 00000000;
ba5b : 00000000;
ba5c : 00000000;
ba5d : 00000000;
ba5e : 00000000;
ba5f : 00000000;
ba60 : 00000000;
ba61 : 00000000;
ba62 : 00000000;
ba63 : 00000000;
ba64 : 00000000;
ba65 : 00000000;
ba66 : 00000000;
ba67 : 00000000;
ba68 : 00000000;
ba69 : 00000000;
ba6a : 00000000;
ba6b : 00000000;
ba6c : 00000000;
ba6d : 00000000;
ba6e : 00000000;
ba6f : 00000000;
ba70 : 00000000;
ba71 : 00000000;
ba72 : 00000000;
ba73 : 00000000;
ba74 : 00000000;
ba75 : 00000000;
ba76 : 00000000;
ba77 : 00000000;
ba78 : 00000000;
ba79 : 00000000;
ba7a : 00000000;
ba7b : 00000000;
ba7c : 00000000;
ba7d : 00000000;
ba7e : 00000000;
ba7f : 00000000;
ba80 : 00000000;
ba81 : 00000000;
ba82 : 00000000;
ba83 : 00000000;
ba84 : 00000000;
ba85 : 00000000;
ba86 : 00000000;
ba87 : 00000000;
ba88 : 00000000;
ba89 : 00000000;
ba8a : 00000000;
ba8b : 00000000;
ba8c : 00000000;
ba8d : 00000000;
ba8e : 00000000;
ba8f : 00000000;
ba90 : 00000000;
ba91 : 00000000;
ba92 : 00000000;
ba93 : 00000000;
ba94 : 00000000;
ba95 : 00000000;
ba96 : 00000000;
ba97 : 00000000;
ba98 : 00000000;
ba99 : 00000000;
ba9a : 00000000;
ba9b : 00000000;
ba9c : 00000000;
ba9d : 00000000;
ba9e : 00000000;
ba9f : 00000000;
baa0 : 00000000;
baa1 : 00000000;
baa2 : 00000000;
baa3 : 00000000;
baa4 : 00000000;
baa5 : 00000000;
baa6 : 00000000;
baa7 : 00000000;
baa8 : 00000000;
baa9 : 00000000;
baaa : 00000000;
baab : 00000000;
baac : 00000000;
baad : 00000000;
baae : 00000000;
baaf : 00000000;
bab0 : 00000000;
bab1 : 00000000;
bab2 : 00000000;
bab3 : 00000000;
bab4 : 00000000;
bab5 : 00000000;
bab6 : 00000000;
bab7 : 00000000;
bab8 : 00000000;
bab9 : 00000000;
baba : 00000000;
babb : 00000000;
babc : 00000000;
babd : 00000000;
babe : 00000000;
babf : 00000000;
bac0 : 00000000;
bac1 : 00000000;
bac2 : 00000000;
bac3 : 00000000;
bac4 : 00000000;
bac5 : 00000000;
bac6 : 00000000;
bac7 : 00000000;
bac8 : 00000000;
bac9 : 00000000;
baca : 00000000;
bacb : 00000000;
bacc : 00000000;
bacd : 00000000;
bace : 00000000;
bacf : 00000000;
bad0 : 00000000;
bad1 : 00000000;
bad2 : 00000000;
bad3 : 00000000;
bad4 : 00000000;
bad5 : 00000000;
bad6 : 00000000;
bad7 : 00000000;
bad8 : 00000000;
bad9 : 00000000;
bada : 00000000;
badb : 00000000;
badc : 00000000;
badd : 00000000;
bade : 00000000;
badf : 00000000;
bae0 : 00000000;
bae1 : 00000000;
bae2 : 00000000;
bae3 : 00000000;
bae4 : 00000000;
bae5 : 00000000;
bae6 : 00000000;
bae7 : 00000000;
bae8 : 00000000;
bae9 : 00000000;
baea : 00000000;
baeb : 00000000;
baec : 00000000;
baed : 00000000;
baee : 00000000;
baef : 00000000;
baf0 : 00000000;
baf1 : 00000000;
baf2 : 00000000;
baf3 : 00000000;
baf4 : 00000000;
baf5 : 00000000;
baf6 : 00000000;
baf7 : 00000000;
baf8 : 00000000;
baf9 : 00000000;
bafa : 00000000;
bafb : 00000000;
bafc : 00000000;
bafd : 00000000;
bafe : 00000000;
baff : 00000000;
bb00 : 00000000;
bb01 : 00000000;
bb02 : 00000000;
bb03 : 00000000;
bb04 : 00000000;
bb05 : 00000000;
bb06 : 00000000;
bb07 : 00000000;
bb08 : 00000000;
bb09 : 00000000;
bb0a : 00000000;
bb0b : 00000000;
bb0c : 00000000;
bb0d : 00000000;
bb0e : 00000000;
bb0f : 00000000;
bb10 : 00000000;
bb11 : 00000000;
bb12 : 00000000;
bb13 : 00000000;
bb14 : 00000000;
bb15 : 00000000;
bb16 : 00000000;
bb17 : 00000000;
bb18 : 00000000;
bb19 : 00000000;
bb1a : 00000000;
bb1b : 00000000;
bb1c : 00000000;
bb1d : 00000000;
bb1e : 00000000;
bb1f : 00000000;
bb20 : 00000000;
bb21 : 00000000;
bb22 : 00000000;
bb23 : 00000000;
bb24 : 00000000;
bb25 : 00000000;
bb26 : 00000000;
bb27 : 00000000;
bb28 : 00000000;
bb29 : 00000000;
bb2a : 00000000;
bb2b : 00000000;
bb2c : 00000000;
bb2d : 00000000;
bb2e : 00000000;
bb2f : 00000000;
bb30 : 00000000;
bb31 : 00000000;
bb32 : 00000000;
bb33 : 00000000;
bb34 : 00000000;
bb35 : 00000000;
bb36 : 00000000;
bb37 : 00000000;
bb38 : 00000000;
bb39 : 00000000;
bb3a : 00000000;
bb3b : 00000000;
bb3c : 00000000;
bb3d : 00000000;
bb3e : 00000000;
bb3f : 00000000;
bb40 : 00000000;
bb41 : 00000000;
bb42 : 00000000;
bb43 : 00000000;
bb44 : 00000000;
bb45 : 00000000;
bb46 : 00000000;
bb47 : 00000000;
bb48 : 00000000;
bb49 : 00000000;
bb4a : 00000000;
bb4b : 00000000;
bb4c : 00000000;
bb4d : 00000000;
bb4e : 00000000;
bb4f : 00000000;
bb50 : 00000000;
bb51 : 00000000;
bb52 : 00000000;
bb53 : 00000000;
bb54 : 00000000;
bb55 : 00000000;
bb56 : 00000000;
bb57 : 00000000;
bb58 : 00000000;
bb59 : 00000000;
bb5a : 00000000;
bb5b : 00000000;
bb5c : 00000000;
bb5d : 00000000;
bb5e : 00000000;
bb5f : 00000000;
bb60 : 00000000;
bb61 : 00000000;
bb62 : 00000000;
bb63 : 00000000;
bb64 : 00000000;
bb65 : 00000000;
bb66 : 00000000;
bb67 : 00000000;
bb68 : 00000000;
bb69 : 00000000;
bb6a : 00000000;
bb6b : 00000000;
bb6c : 00000000;
bb6d : 00000000;
bb6e : 00000000;
bb6f : 00000000;
bb70 : 00000000;
bb71 : 00000000;
bb72 : 00000000;
bb73 : 00000000;
bb74 : 00000000;
bb75 : 00000000;
bb76 : 00000000;
bb77 : 00000000;
bb78 : 00000000;
bb79 : 00000000;
bb7a : 00000000;
bb7b : 00000000;
bb7c : 00000000;
bb7d : 00000000;
bb7e : 00000000;
bb7f : 00000000;
bb80 : 00000000;
bb81 : 00000000;
bb82 : 00000000;
bb83 : 00000000;
bb84 : 00000000;
bb85 : 00000000;
bb86 : 00000000;
bb87 : 00000000;
bb88 : 00000000;
bb89 : 00000000;
bb8a : 00000000;
bb8b : 00000000;
bb8c : 00000000;
bb8d : 00000000;
bb8e : 00000000;
bb8f : 00000000;
bb90 : 00000000;
bb91 : 00000000;
bb92 : 00000000;
bb93 : 00000000;
bb94 : 00000000;
bb95 : 00000000;
bb96 : 00000000;
bb97 : 00000000;
bb98 : 00000000;
bb99 : 00000000;
bb9a : 00000000;
bb9b : 00000000;
bb9c : 00000000;
bb9d : 00000000;
bb9e : 00000000;
bb9f : 00000000;
bba0 : 00000000;
bba1 : 00000000;
bba2 : 00000000;
bba3 : 00000000;
bba4 : 00000000;
bba5 : 00000000;
bba6 : 00000000;
bba7 : 00000000;
bba8 : 00000000;
bba9 : 00000000;
bbaa : 00000000;
bbab : 00000000;
bbac : 00000000;
bbad : 00000000;
bbae : 00000000;
bbaf : 00000000;
bbb0 : 00000000;
bbb1 : 00000000;
bbb2 : 00000000;
bbb3 : 00000000;
bbb4 : 00000000;
bbb5 : 00000000;
bbb6 : 00000000;
bbb7 : 00000000;
bbb8 : 00000000;
bbb9 : 00000000;
bbba : 00000000;
bbbb : 00000000;
bbbc : 00000000;
bbbd : 00000000;
bbbe : 00000000;
bbbf : 00000000;
bbc0 : 00000000;
bbc1 : 00000000;
bbc2 : 00000000;
bbc3 : 00000000;
bbc4 : 00000000;
bbc5 : 00000000;
bbc6 : 00000000;
bbc7 : 00000000;
bbc8 : 00000000;
bbc9 : 00000000;
bbca : 00000000;
bbcb : 00000000;
bbcc : 00000000;
bbcd : 00000000;
bbce : 00000000;
bbcf : 00000000;
bbd0 : 00000000;
bbd1 : 00000000;
bbd2 : 00000000;
bbd3 : 00000000;
bbd4 : 00000000;
bbd5 : 00000000;
bbd6 : 00000000;
bbd7 : 00000000;
bbd8 : 00000000;
bbd9 : 00000000;
bbda : 00000000;
bbdb : 00000000;
bbdc : 00000000;
bbdd : 00000000;
bbde : 00000000;
bbdf : 00000000;
bbe0 : 00000000;
bbe1 : 00000000;
bbe2 : 00000000;
bbe3 : 00000000;
bbe4 : 00000000;
bbe5 : 00000000;
bbe6 : 00000000;
bbe7 : 00000000;
bbe8 : 00000000;
bbe9 : 00000000;
bbea : 00000000;
bbeb : 00000000;
bbec : 00000000;
bbed : 00000000;
bbee : 00000000;
bbef : 00000000;
bbf0 : 00000000;
bbf1 : 00000000;
bbf2 : 00000000;
bbf3 : 00000000;
bbf4 : 00000000;
bbf5 : 00000000;
bbf6 : 00000000;
bbf7 : 00000000;
bbf8 : 00000000;
bbf9 : 00000000;
bbfa : 00000000;
bbfb : 00000000;
bbfc : 00000000;
bbfd : 00000000;
bbfe : 00000000;
bbff : 00000000;
bc00 : 00000000;
bc01 : 00000000;
bc02 : 00000000;
bc03 : 00000000;
bc04 : 00000000;
bc05 : 00000000;
bc06 : 00000000;
bc07 : 00000000;
bc08 : 00000000;
bc09 : 00000000;
bc0a : 00000000;
bc0b : 00000000;
bc0c : 00000000;
bc0d : 00000000;
bc0e : 00000000;
bc0f : 00000000;
bc10 : 00000000;
bc11 : 00000000;
bc12 : 00000000;
bc13 : 00000000;
bc14 : 00000000;
bc15 : 00000000;
bc16 : 00000000;
bc17 : 00000000;
bc18 : 00000000;
bc19 : 00000000;
bc1a : 00000000;
bc1b : 00000000;
bc1c : 00000000;
bc1d : 00000000;
bc1e : 00000000;
bc1f : 00000000;
bc20 : 00000000;
bc21 : 00000000;
bc22 : 00000000;
bc23 : 00000000;
bc24 : 00000000;
bc25 : 00000000;
bc26 : 00000000;
bc27 : 00000000;
bc28 : 00000000;
bc29 : 00000000;
bc2a : 00000000;
bc2b : 00000000;
bc2c : 00000000;
bc2d : 00000000;
bc2e : 00000000;
bc2f : 00000000;
bc30 : 00000000;
bc31 : 00000000;
bc32 : 00000000;
bc33 : 00000000;
bc34 : 00000000;
bc35 : 00000000;
bc36 : 00000000;
bc37 : 00000000;
bc38 : 00000000;
bc39 : 00000000;
bc3a : 00000000;
bc3b : 00000000;
bc3c : 00000000;
bc3d : 00000000;
bc3e : 00000000;
bc3f : 00000000;
bc40 : 00000000;
bc41 : 00000000;
bc42 : 00000000;
bc43 : 00000000;
bc44 : 00000000;
bc45 : 00000000;
bc46 : 00000000;
bc47 : 00000000;
bc48 : 00000000;
bc49 : 00000000;
bc4a : 00000000;
bc4b : 00000000;
bc4c : 00000000;
bc4d : 00000000;
bc4e : 00000000;
bc4f : 00000000;
bc50 : 00000000;
bc51 : 00000000;
bc52 : 00000000;
bc53 : 00000000;
bc54 : 00000000;
bc55 : 00000000;
bc56 : 00000000;
bc57 : 00000000;
bc58 : 00000000;
bc59 : 00000000;
bc5a : 00000000;
bc5b : 00000000;
bc5c : 00000000;
bc5d : 00000000;
bc5e : 00000000;
bc5f : 00000000;
bc60 : 00000000;
bc61 : 00000000;
bc62 : 00000000;
bc63 : 00000000;
bc64 : 00000000;
bc65 : 00000000;
bc66 : 00000000;
bc67 : 00000000;
bc68 : 00000000;
bc69 : 00000000;
bc6a : 00000000;
bc6b : 00000000;
bc6c : 00000000;
bc6d : 00000000;
bc6e : 00000000;
bc6f : 00000000;
bc70 : 00000000;
bc71 : 00000000;
bc72 : 00000000;
bc73 : 00000000;
bc74 : 00000000;
bc75 : 00000000;
bc76 : 00000000;
bc77 : 00000000;
bc78 : 00000000;
bc79 : 00000000;
bc7a : 00000000;
bc7b : 00000000;
bc7c : 00000000;
bc7d : 00000000;
bc7e : 00000000;
bc7f : 00000000;
bc80 : 00000000;
bc81 : 00000000;
bc82 : 00000000;
bc83 : 00000000;
bc84 : 00000000;
bc85 : 00000000;
bc86 : 00000000;
bc87 : 00000000;
bc88 : 00000000;
bc89 : 00000000;
bc8a : 00000000;
bc8b : 00000000;
bc8c : 00000000;
bc8d : 00000000;
bc8e : 00000000;
bc8f : 00000000;
bc90 : 00000000;
bc91 : 00000000;
bc92 : 00000000;
bc93 : 00000000;
bc94 : 00000000;
bc95 : 00000000;
bc96 : 00000000;
bc97 : 00000000;
bc98 : 00000000;
bc99 : 00000000;
bc9a : 00000000;
bc9b : 00000000;
bc9c : 00000000;
bc9d : 00000000;
bc9e : 00000000;
bc9f : 00000000;
bca0 : 00000000;
bca1 : 00000000;
bca2 : 00000000;
bca3 : 00000000;
bca4 : 00000000;
bca5 : 00000000;
bca6 : 00000000;
bca7 : 00000000;
bca8 : 00000000;
bca9 : 00000000;
bcaa : 00000000;
bcab : 00000000;
bcac : 00000000;
bcad : 00000000;
bcae : 00000000;
bcaf : 00000000;
bcb0 : 00000000;
bcb1 : 00000000;
bcb2 : 00000000;
bcb3 : 00000000;
bcb4 : 00000000;
bcb5 : 00000000;
bcb6 : 00000000;
bcb7 : 00000000;
bcb8 : 00000000;
bcb9 : 00000000;
bcba : 00000000;
bcbb : 00000000;
bcbc : 00000000;
bcbd : 00000000;
bcbe : 00000000;
bcbf : 00000000;
bcc0 : 00000000;
bcc1 : 00000000;
bcc2 : 00000000;
bcc3 : 00000000;
bcc4 : 00000000;
bcc5 : 00000000;
bcc6 : 00000000;
bcc7 : 00000000;
bcc8 : 00000000;
bcc9 : 00000000;
bcca : 00000000;
bccb : 00000000;
bccc : 00000000;
bccd : 00000000;
bcce : 00000000;
bccf : 00000000;
bcd0 : 00000000;
bcd1 : 00000000;
bcd2 : 00000000;
bcd3 : 00000000;
bcd4 : 00000000;
bcd5 : 00000000;
bcd6 : 00000000;
bcd7 : 00000000;
bcd8 : 00000000;
bcd9 : 00000000;
bcda : 00000000;
bcdb : 00000000;
bcdc : 00000000;
bcdd : 00000000;
bcde : 00000000;
bcdf : 00000000;
bce0 : 00000000;
bce1 : 00000000;
bce2 : 00000000;
bce3 : 00000000;
bce4 : 00000000;
bce5 : 00000000;
bce6 : 00000000;
bce7 : 00000000;
bce8 : 00000000;
bce9 : 00000000;
bcea : 00000000;
bceb : 00000000;
bcec : 00000000;
bced : 00000000;
bcee : 00000000;
bcef : 00000000;
bcf0 : 00000000;
bcf1 : 00000000;
bcf2 : 00000000;
bcf3 : 00000000;
bcf4 : 00000000;
bcf5 : 00000000;
bcf6 : 00000000;
bcf7 : 00000000;
bcf8 : 00000000;
bcf9 : 00000000;
bcfa : 00000000;
bcfb : 00000000;
bcfc : 00000000;
bcfd : 00000000;
bcfe : 00000000;
bcff : 00000000;
bd00 : 00000000;
bd01 : 00000000;
bd02 : 00000000;
bd03 : 00000000;
bd04 : 00000000;
bd05 : 00000000;
bd06 : 00000000;
bd07 : 00000000;
bd08 : 00000000;
bd09 : 00000000;
bd0a : 00000000;
bd0b : 00000000;
bd0c : 00000000;
bd0d : 00000000;
bd0e : 00000000;
bd0f : 00000000;
bd10 : 00000000;
bd11 : 00000000;
bd12 : 00000000;
bd13 : 00000000;
bd14 : 00000000;
bd15 : 00000000;
bd16 : 00000000;
bd17 : 00000000;
bd18 : 00000000;
bd19 : 00000000;
bd1a : 00000000;
bd1b : 00000000;
bd1c : 00000000;
bd1d : 00000000;
bd1e : 00000000;
bd1f : 00000000;
bd20 : 00000000;
bd21 : 00000000;
bd22 : 00000000;
bd23 : 00000000;
bd24 : 00000000;
bd25 : 00000000;
bd26 : 00000000;
bd27 : 00000000;
bd28 : 00000000;
bd29 : 00000000;
bd2a : 00000000;
bd2b : 00000000;
bd2c : 00000000;
bd2d : 00000000;
bd2e : 00000000;
bd2f : 00000000;
bd30 : 00000000;
bd31 : 00000000;
bd32 : 00000000;
bd33 : 00000000;
bd34 : 00000000;
bd35 : 00000000;
bd36 : 00000000;
bd37 : 00000000;
bd38 : 00000000;
bd39 : 00000000;
bd3a : 00000000;
bd3b : 00000000;
bd3c : 00000000;
bd3d : 00000000;
bd3e : 00000000;
bd3f : 00000000;
bd40 : 00000000;
bd41 : 00000000;
bd42 : 00000000;
bd43 : 00000000;
bd44 : 00000000;
bd45 : 00000000;
bd46 : 00000000;
bd47 : 00000000;
bd48 : 00000000;
bd49 : 00000000;
bd4a : 00000000;
bd4b : 00000000;
bd4c : 00000000;
bd4d : 00000000;
bd4e : 00000000;
bd4f : 00000000;
bd50 : 00000000;
bd51 : 00000000;
bd52 : 00000000;
bd53 : 00000000;
bd54 : 00000000;
bd55 : 00000000;
bd56 : 00000000;
bd57 : 00000000;
bd58 : 00000000;
bd59 : 00000000;
bd5a : 00000000;
bd5b : 00000000;
bd5c : 00000000;
bd5d : 00000000;
bd5e : 00000000;
bd5f : 00000000;
bd60 : 00000000;
bd61 : 00000000;
bd62 : 00000000;
bd63 : 00000000;
bd64 : 00000000;
bd65 : 00000000;
bd66 : 00000000;
bd67 : 00000000;
bd68 : 00000000;
bd69 : 00000000;
bd6a : 00000000;
bd6b : 00000000;
bd6c : 00000000;
bd6d : 00000000;
bd6e : 00000000;
bd6f : 00000000;
bd70 : 00000000;
bd71 : 00000000;
bd72 : 00000000;
bd73 : 00000000;
bd74 : 00000000;
bd75 : 00000000;
bd76 : 00000000;
bd77 : 00000000;
bd78 : 00000000;
bd79 : 00000000;
bd7a : 00000000;
bd7b : 00000000;
bd7c : 00000000;
bd7d : 00000000;
bd7e : 00000000;
bd7f : 00000000;
bd80 : 00000000;
bd81 : 00000000;
bd82 : 00000000;
bd83 : 00000000;
bd84 : 00000000;
bd85 : 00000000;
bd86 : 00000000;
bd87 : 00000000;
bd88 : 00000000;
bd89 : 00000000;
bd8a : 00000000;
bd8b : 00000000;
bd8c : 00000000;
bd8d : 00000000;
bd8e : 00000000;
bd8f : 00000000;
bd90 : 00000000;
bd91 : 00000000;
bd92 : 00000000;
bd93 : 00000000;
bd94 : 00000000;
bd95 : 00000000;
bd96 : 00000000;
bd97 : 00000000;
bd98 : 00000000;
bd99 : 00000000;
bd9a : 00000000;
bd9b : 00000000;
bd9c : 00000000;
bd9d : 00000000;
bd9e : 00000000;
bd9f : 00000000;
bda0 : 00000000;
bda1 : 00000000;
bda2 : 00000000;
bda3 : 00000000;
bda4 : 00000000;
bda5 : 00000000;
bda6 : 00000000;
bda7 : 00000000;
bda8 : 00000000;
bda9 : 00000000;
bdaa : 00000000;
bdab : 00000000;
bdac : 00000000;
bdad : 00000000;
bdae : 00000000;
bdaf : 00000000;
bdb0 : 00000000;
bdb1 : 00000000;
bdb2 : 00000000;
bdb3 : 00000000;
bdb4 : 00000000;
bdb5 : 00000000;
bdb6 : 00000000;
bdb7 : 00000000;
bdb8 : 00000000;
bdb9 : 00000000;
bdba : 00000000;
bdbb : 00000000;
bdbc : 00000000;
bdbd : 00000000;
bdbe : 00000000;
bdbf : 00000000;
bdc0 : 00000000;
bdc1 : 00000000;
bdc2 : 00000000;
bdc3 : 00000000;
bdc4 : 00000000;
bdc5 : 00000000;
bdc6 : 00000000;
bdc7 : 00000000;
bdc8 : 00000000;
bdc9 : 00000000;
bdca : 00000000;
bdcb : 00000000;
bdcc : 00000000;
bdcd : 00000000;
bdce : 00000000;
bdcf : 00000000;
bdd0 : 00000000;
bdd1 : 00000000;
bdd2 : 00000000;
bdd3 : 00000000;
bdd4 : 00000000;
bdd5 : 00000000;
bdd6 : 00000000;
bdd7 : 00000000;
bdd8 : 00000000;
bdd9 : 00000000;
bdda : 00000000;
bddb : 00000000;
bddc : 00000000;
bddd : 00000000;
bdde : 00000000;
bddf : 00000000;
bde0 : 00000000;
bde1 : 00000000;
bde2 : 00000000;
bde3 : 00000000;
bde4 : 00000000;
bde5 : 00000000;
bde6 : 00000000;
bde7 : 00000000;
bde8 : 00000000;
bde9 : 00000000;
bdea : 00000000;
bdeb : 00000000;
bdec : 00000000;
bded : 00000000;
bdee : 00000000;
bdef : 00000000;
bdf0 : 00000000;
bdf1 : 00000000;
bdf2 : 00000000;
bdf3 : 00000000;
bdf4 : 00000000;
bdf5 : 00000000;
bdf6 : 00000000;
bdf7 : 00000000;
bdf8 : 00000000;
bdf9 : 00000000;
bdfa : 00000000;
bdfb : 00000000;
bdfc : 00000000;
bdfd : 00000000;
bdfe : 00000000;
bdff : 00000000;
be00 : 00000000;
be01 : 00000000;
be02 : 00000000;
be03 : 00000000;
be04 : 00000000;
be05 : 00000000;
be06 : 00000000;
be07 : 00000000;
be08 : 00000000;
be09 : 00000000;
be0a : 00000000;
be0b : 00000000;
be0c : 00000000;
be0d : 00000000;
be0e : 00000000;
be0f : 00000000;
be10 : 00000000;
be11 : 00000000;
be12 : 00000000;
be13 : 00000000;
be14 : 00000000;
be15 : 00000000;
be16 : 00000000;
be17 : 00000000;
be18 : 00000000;
be19 : 00000000;
be1a : 00000000;
be1b : 00000000;
be1c : 00000000;
be1d : 00000000;
be1e : 00000000;
be1f : 00000000;
be20 : 00000000;
be21 : 00000000;
be22 : 00000000;
be23 : 00000000;
be24 : 00000000;
be25 : 00000000;
be26 : 00000000;
be27 : 00000000;
be28 : 00000000;
be29 : 00000000;
be2a : 00000000;
be2b : 00000000;
be2c : 00000000;
be2d : 00000000;
be2e : 00000000;
be2f : 00000000;
be30 : 00000000;
be31 : 00000000;
be32 : 00000000;
be33 : 00000000;
be34 : 00000000;
be35 : 00000000;
be36 : 00000000;
be37 : 00000000;
be38 : 00000000;
be39 : 00000000;
be3a : 00000000;
be3b : 00000000;
be3c : 00000000;
be3d : 00000000;
be3e : 00000000;
be3f : 00000000;
be40 : 00000000;
be41 : 00000000;
be42 : 00000000;
be43 : 00000000;
be44 : 00000000;
be45 : 00000000;
be46 : 00000000;
be47 : 00000000;
be48 : 00000000;
be49 : 00000000;
be4a : 00000000;
be4b : 00000000;
be4c : 00000000;
be4d : 00000000;
be4e : 00000000;
be4f : 00000000;
be50 : 00000000;
be51 : 00000000;
be52 : 00000000;
be53 : 00000000;
be54 : 00000000;
be55 : 00000000;
be56 : 00000000;
be57 : 00000000;
be58 : 00000000;
be59 : 00000000;
be5a : 00000000;
be5b : 00000000;
be5c : 00000000;
be5d : 00000000;
be5e : 00000000;
be5f : 00000000;
be60 : 00000000;
be61 : 00000000;
be62 : 00000000;
be63 : 00000000;
be64 : 00000000;
be65 : 00000000;
be66 : 00000000;
be67 : 00000000;
be68 : 00000000;
be69 : 00000000;
be6a : 00000000;
be6b : 00000000;
be6c : 00000000;
be6d : 00000000;
be6e : 00000000;
be6f : 00000000;
be70 : 00000000;
be71 : 00000000;
be72 : 00000000;
be73 : 00000000;
be74 : 00000000;
be75 : 00000000;
be76 : 00000000;
be77 : 00000000;
be78 : 00000000;
be79 : 00000000;
be7a : 00000000;
be7b : 00000000;
be7c : 00000000;
be7d : 00000000;
be7e : 00000000;
be7f : 00000000;
be80 : 00000000;
be81 : 00000000;
be82 : 00000000;
be83 : 00000000;
be84 : 00000000;
be85 : 00000000;
be86 : 00000000;
be87 : 00000000;
be88 : 00000000;
be89 : 00000000;
be8a : 00000000;
be8b : 00000000;
be8c : 00000000;
be8d : 00000000;
be8e : 00000000;
be8f : 00000000;
be90 : 00000000;
be91 : 00000000;
be92 : 00000000;
be93 : 00000000;
be94 : 00000000;
be95 : 00000000;
be96 : 00000000;
be97 : 00000000;
be98 : 00000000;
be99 : 00000000;
be9a : 00000000;
be9b : 00000000;
be9c : 00000000;
be9d : 00000000;
be9e : 00000000;
be9f : 00000000;
bea0 : 00000000;
bea1 : 00000000;
bea2 : 00000000;
bea3 : 00000000;
bea4 : 00000000;
bea5 : 00000000;
bea6 : 00000000;
bea7 : 00000000;
bea8 : 00000000;
bea9 : 00000000;
beaa : 00000000;
beab : 00000000;
beac : 00000000;
bead : 00000000;
beae : 00000000;
beaf : 00000000;
beb0 : 00000000;
beb1 : 00000000;
beb2 : 00000000;
beb3 : 00000000;
beb4 : 00000000;
beb5 : 00000000;
beb6 : 00000000;
beb7 : 00000000;
beb8 : 00000000;
beb9 : 00000000;
beba : 00000000;
bebb : 00000000;
bebc : 00000000;
bebd : 00000000;
bebe : 00000000;
bebf : 00000000;
bec0 : 00000000;
bec1 : 00000000;
bec2 : 00000000;
bec3 : 00000000;
bec4 : 00000000;
bec5 : 00000000;
bec6 : 00000000;
bec7 : 00000000;
bec8 : 00000000;
bec9 : 00000000;
beca : 00000000;
becb : 00000000;
becc : 00000000;
becd : 00000000;
bece : 00000000;
becf : 00000000;
bed0 : 00000000;
bed1 : 00000000;
bed2 : 00000000;
bed3 : 00000000;
bed4 : 00000000;
bed5 : 00000000;
bed6 : 00000000;
bed7 : 00000000;
bed8 : 00000000;
bed9 : 00000000;
beda : 00000000;
bedb : 00000000;
bedc : 00000000;
bedd : 00000000;
bede : 00000000;
bedf : 00000000;
bee0 : 00000000;
bee1 : 00000000;
bee2 : 00000000;
bee3 : 00000000;
bee4 : 00000000;
bee5 : 00000000;
bee6 : 00000000;
bee7 : 00000000;
bee8 : 00000000;
bee9 : 00000000;
beea : 00000000;
beeb : 00000000;
beec : 00000000;
beed : 00000000;
beee : 00000000;
beef : 00000000;
bef0 : 00000000;
bef1 : 00000000;
bef2 : 00000000;
bef3 : 00000000;
bef4 : 00000000;
bef5 : 00000000;
bef6 : 00000000;
bef7 : 00000000;
bef8 : 00000000;
bef9 : 00000000;
befa : 00000000;
befb : 00000000;
befc : 00000000;
befd : 00000000;
befe : 00000000;
beff : 00000000;
bf00 : 00000000;
bf01 : 00000000;
bf02 : 00000000;
bf03 : 00000000;
bf04 : 00000000;
bf05 : 00000000;
bf06 : 00000000;
bf07 : 00000000;
bf08 : 00000000;
bf09 : 00000000;
bf0a : 00000000;
bf0b : 00000000;
bf0c : 00000000;
bf0d : 00000000;
bf0e : 00000000;
bf0f : 00000000;
bf10 : 00000000;
bf11 : 00000000;
bf12 : 00000000;
bf13 : 00000000;
bf14 : 00000000;
bf15 : 00000000;
bf16 : 00000000;
bf17 : 00000000;
bf18 : 00000000;
bf19 : 00000000;
bf1a : 00000000;
bf1b : 00000000;
bf1c : 00000000;
bf1d : 00000000;
bf1e : 00000000;
bf1f : 00000000;
bf20 : 00000000;
bf21 : 00000000;
bf22 : 00000000;
bf23 : 00000000;
bf24 : 00000000;
bf25 : 00000000;
bf26 : 00000000;
bf27 : 00000000;
bf28 : 00000000;
bf29 : 00000000;
bf2a : 00000000;
bf2b : 00000000;
bf2c : 00000000;
bf2d : 00000000;
bf2e : 00000000;
bf2f : 00000000;
bf30 : 00000000;
bf31 : 00000000;
bf32 : 00000000;
bf33 : 00000000;
bf34 : 00000000;
bf35 : 00000000;
bf36 : 00000000;
bf37 : 00000000;
bf38 : 00000000;
bf39 : 00000000;
bf3a : 00000000;
bf3b : 00000000;
bf3c : 00000000;
bf3d : 00000000;
bf3e : 00000000;
bf3f : 00000000;
bf40 : 00000000;
bf41 : 00000000;
bf42 : 00000000;
bf43 : 00000000;
bf44 : 00000000;
bf45 : 00000000;
bf46 : 00000000;
bf47 : 00000000;
bf48 : 00000000;
bf49 : 00000000;
bf4a : 00000000;
bf4b : 00000000;
bf4c : 00000000;
bf4d : 00000000;
bf4e : 00000000;
bf4f : 00000000;
bf50 : 00000000;
bf51 : 00000000;
bf52 : 00000000;
bf53 : 00000000;
bf54 : 00000000;
bf55 : 00000000;
bf56 : 00000000;
bf57 : 00000000;
bf58 : 00000000;
bf59 : 00000000;
bf5a : 00000000;
bf5b : 00000000;
bf5c : 00000000;
bf5d : 00000000;
bf5e : 00000000;
bf5f : 00000000;
bf60 : 00000000;
bf61 : 00000000;
bf62 : 00000000;
bf63 : 00000000;
bf64 : 00000000;
bf65 : 00000000;
bf66 : 00000000;
bf67 : 00000000;
bf68 : 00000000;
bf69 : 00000000;
bf6a : 00000000;
bf6b : 00000000;
bf6c : 00000000;
bf6d : 00000000;
bf6e : 00000000;
bf6f : 00000000;
bf70 : 00000000;
bf71 : 00000000;
bf72 : 00000000;
bf73 : 00000000;
bf74 : 00000000;
bf75 : 00000000;
bf76 : 00000000;
bf77 : 00000000;
bf78 : 00000000;
bf79 : 00000000;
bf7a : 00000000;
bf7b : 00000000;
bf7c : 00000000;
bf7d : 00000000;
bf7e : 00000000;
bf7f : 00000000;
bf80 : 00000000;
bf81 : 00000000;
bf82 : 00000000;
bf83 : 00000000;
bf84 : 00000000;
bf85 : 00000000;
bf86 : 00000000;
bf87 : 00000000;
bf88 : 00000000;
bf89 : 00000000;
bf8a : 00000000;
bf8b : 00000000;
bf8c : 00000000;
bf8d : 00000000;
bf8e : 00000000;
bf8f : 00000000;
bf90 : 00000000;
bf91 : 00000000;
bf92 : 00000000;
bf93 : 00000000;
bf94 : 00000000;
bf95 : 00000000;
bf96 : 00000000;
bf97 : 00000000;
bf98 : 00000000;
bf99 : 00000000;
bf9a : 00000000;
bf9b : 00000000;
bf9c : 00000000;
bf9d : 00000000;
bf9e : 00000000;
bf9f : 00000000;
bfa0 : 00000000;
bfa1 : 00000000;
bfa2 : 00000000;
bfa3 : 00000000;
bfa4 : 00000000;
bfa5 : 00000000;
bfa6 : 00000000;
bfa7 : 00000000;
bfa8 : 00000000;
bfa9 : 00000000;
bfaa : 00000000;
bfab : 00000000;
bfac : 00000000;
bfad : 00000000;
bfae : 00000000;
bfaf : 00000000;
bfb0 : 00000000;
bfb1 : 00000000;
bfb2 : 00000000;
bfb3 : 00000000;
bfb4 : 00000000;
bfb5 : 00000000;
bfb6 : 00000000;
bfb7 : 00000000;
bfb8 : 00000000;
bfb9 : 00000000;
bfba : 00000000;
bfbb : 00000000;
bfbc : 00000000;
bfbd : 00000000;
bfbe : 00000000;
bfbf : 00000000;
bfc0 : 00000000;
bfc1 : 00000000;
bfc2 : 00000000;
bfc3 : 00000000;
bfc4 : 00000000;
bfc5 : 00000000;
bfc6 : 00000000;
bfc7 : 00000000;
bfc8 : 00000000;
bfc9 : 00000000;
bfca : 00000000;
bfcb : 00000000;
bfcc : 00000000;
bfcd : 00000000;
bfce : 00000000;
bfcf : 00000000;
bfd0 : 00000000;
bfd1 : 00000000;
bfd2 : 00000000;
bfd3 : 00000000;
bfd4 : 00000000;
bfd5 : 00000000;
bfd6 : 00000000;
bfd7 : 00000000;
bfd8 : 00000000;
bfd9 : 00000000;
bfda : 00000000;
bfdb : 00000000;
bfdc : 00000000;
bfdd : 00000000;
bfde : 00000000;
bfdf : 00000000;
bfe0 : 00000000;
bfe1 : 00000000;
bfe2 : 00000000;
bfe3 : 00000000;
bfe4 : 00000000;
bfe5 : 00000000;
bfe6 : 00000000;
bfe7 : 00000000;
bfe8 : 00000000;
bfe9 : 00000000;
bfea : 00000000;
bfeb : 00000000;
bfec : 00000000;
bfed : 00000000;
bfee : 00000000;
bfef : 00000000;
bff0 : 00000000;
bff1 : 00000000;
bff2 : 00000000;
bff3 : 00000000;
bff4 : 00000000;
bff5 : 00000000;
bff6 : 00000000;
bff7 : 00000000;
bff8 : 00000000;
bff9 : 00000000;
bffa : 00000000;
bffb : 00000000;
bffc : 00000000;
bffd : 00000000;
bffe : 00000000;
bfff : 00000000;
END;
