White Rabbit Step 1-6 dashboard  2026-09-30T09:06:48+08:00  (read-only)
Sampling interval: 10s; per-board comparison window: 2000ms

+------------------------------------------------------------+
| MASTER   DE5_1-11.1                                      |
+------------------------------------------------------------+
| Step 1  PHY / Link           PASS                        |
| Step 2  Endpoint / PTP       PASS                        |
| Step 3  WR Handshake         INFO                        |
| Step 4  SoftPLL Startup      PASS                        |
| Step 5  Closed-loop Lock     INFO                        |
| Step 6  Global Time          VALID                       |
+------------------------------------------------------------+
| Link health                  Link=1  TM=1  RX=1  TX=1 |
| Lock signals                 Helper=NA  MainFreq=NA  MainPhase=NA |
|                              MainLock=NA  PSTAT=NA             |
| Global-Time reason           PPS snapshot valid; Step6 gate passed |
| WR PTP servo state           NA                          |
| WR phase offset              NA ps                       |
| Global-Time validity         TIME_VALID=1 PPS_VALID=1     |
| Snapshot                     snapshot=1 stable=1 count=120 |
| PPS registers                CR=20000006 EN=0 ESCR=12    |
| PPS register validity        TM=1 PPS=1                  |
| Step5 result                 NOT_APPLICABLE_MASTER       |
+------------------------------------------------------------+
+------------------------------------------------------------+
| SLAVE    DE5_1-11.2                                      |
+------------------------------------------------------------+
| Step 1  PHY / Link           PASS                        |
| Step 2  Endpoint / PTP       PASS                        |
| Step 3  WR Handshake         PASS                        |
| Step 4  SoftPLL Startup      PASS                        |
| Step 5  Closed-loop Lock     INFO                        |
| Step 6  Global Time          WAITING                     |
+------------------------------------------------------------+
| Link health                  Link=1  TM=1  RX=1  TX=1 |
| Lock signals                 Helper=1  MainFreq=1  MainPhase=1 |
|                              MainLock=1  PSTAT=1             |
| Global-Time reason           PTP servo offset not yet <60 ps |
| WR PTP servo state           WAIT_OFFSET_STABLE          |
| WR phase offset              -523 ps (target |offset| <60 ps) |
| Global-Time validity         TIME_VALID=0 PPS_VALID=0     |
| Snapshot                     snapshot=0 stable=1 count=0 |
| PPS registers                CR=20000006 EN=0 ESCR=0     |
| PPS register validity        TM=0 PPS=0                  |
| Step5 result                 LOCK_ACQUIRED_NOT_STABLE    |
+------------------------------------------------------------+

Global Time summary (125 MHz reference; 1 cycle = 8 ns)
------------------------------------------------------------
  MASTER  (DE5_1-11.1)
    TAI=119          CYCLES=124999999    VALID
  SLAVE   (DE5_1-11.2)
    TAI=--           CYCLES=--           WAITING (TIME_VALID=0, PPS_VALID=0)
------------------------------------------------------------
Dashboard read complete.
White Rabbit Step 1-6 dashboard  2026-09-30T09:06:58+08:00  (read-only)
Sampling interval: 10s; per-board comparison window: 2000ms

+------------------------------------------------------------+
| MASTER   DE5_1-11.1                                      |
+------------------------------------------------------------+
| Step 1  PHY / Link           PASS                        |
| Step 2  Endpoint / PTP       PASS                        |
| Step 3  WR Handshake         INFO                        |
| Step 4  SoftPLL Startup      PASS                        |
| Step 5  Closed-loop Lock     INFO                        |
| Step 6  Global Time          VALID                       |
+------------------------------------------------------------+
| Link health                  Link=1  TM=1  RX=1  TX=1 |
| Lock signals                 Helper=NA  MainFreq=NA  MainPhase=NA |
|                              MainLock=NA  PSTAT=NA             |
| Global-Time reason           PPS snapshot valid; Step6 gate passed |
| WR PTP servo state           NA                          |
| WR phase offset              NA ps                       |
| Global-Time validity         TIME_VALID=1 PPS_VALID=1     |
| Snapshot                     snapshot=1 stable=1 count=130 |
| PPS registers                CR=20000006 EN=0 ESCR=12    |
| PPS register validity        TM=1 PPS=1                  |
| Step5 result                 NOT_APPLICABLE_MASTER       |
+------------------------------------------------------------+
+------------------------------------------------------------+
| SLAVE    DE5_1-11.2                                      |
+------------------------------------------------------------+
| Step 1  PHY / Link           PASS                        |
| Step 2  Endpoint / PTP       PASS                        |
| Step 3  WR Handshake         PASS                        |
| Step 4  SoftPLL Startup      PASS                        |
| Step 5  Closed-loop Lock     INFO                        |
| Step 6  Global Time          WAITING                     |
+------------------------------------------------------------+
| Link health                  Link=1  TM=1  RX=1  TX=1 |
| Lock signals                 Helper=1  MainFreq=1  MainPhase=1 |
|                              MainLock=1  PSTAT=1             |
| Global-Time reason           PTP servo offset not yet <60 ps |
| WR PTP servo state           WAIT_OFFSET_STABLE          |
| WR phase offset              -542 ps (target |offset| <60 ps) |
| Global-Time validity         TIME_VALID=0 PPS_VALID=0     |
| Snapshot                     snapshot=0 stable=1 count=0 |
| PPS registers                CR=20000006 EN=0 ESCR=0     |
| PPS register validity        TM=0 PPS=0                  |
| Step5 result                 LOCK_ACQUIRED_NOT_STABLE    |
+------------------------------------------------------------+

Global Time summary (125 MHz reference; 1 cycle = 8 ns)
------------------------------------------------------------
  MASTER  (DE5_1-11.1)
    TAI=129          CYCLES=124999999    VALID
  SLAVE   (DE5_1-11.2)
    TAI=--           CYCLES=--           WAITING (TIME_VALID=0, PPS_VALID=0)
------------------------------------------------------------
Dashboard read complete.
White Rabbit Step 1-6 dashboard  2026-09-30T09:07:08+08:00  (read-only)
Sampling interval: 10s; per-board comparison window: 2000ms

+------------------------------------------------------------+
| MASTER   DE5_1-11.1                                      |
+------------------------------------------------------------+
| Step 1  PHY / Link           PASS                        |
| Step 2  Endpoint / PTP       PASS                        |
| Step 3  WR Handshake         INFO                        |
| Step 4  SoftPLL Startup      PASS                        |
| Step 5  Closed-loop Lock     INFO                        |
| Step 6  Global Time          VALID                       |
+------------------------------------------------------------+
| Link health                  Link=1  TM=1  RX=1  TX=1 |
| Lock signals                 Helper=NA  MainFreq=NA  MainPhase=NA |
|                              MainLock=NA  PSTAT=NA             |
| Global-Time reason           PPS snapshot valid; Step6 gate passed |
| WR PTP servo state           NA                          |
| WR phase offset              NA ps                       |
| Global-Time validity         TIME_VALID=1 PPS_VALID=1     |
| Snapshot                     snapshot=1 stable=1 count=140 |
| PPS registers                CR=20000006 EN=0 ESCR=12    |
| PPS register validity        TM=1 PPS=1                  |
| Step5 result                 NOT_APPLICABLE_MASTER       |
+------------------------------------------------------------+
+------------------------------------------------------------+
| SLAVE    DE5_1-11.2                                      |
+------------------------------------------------------------+
| Step 1  PHY / Link           PASS                        |
| Step 2  Endpoint / PTP       PASS                        |
| Step 3  WR Handshake         PASS                        |
| Step 4  SoftPLL Startup      PASS                        |
| Step 5  Closed-loop Lock     INFO                        |
| Step 6  Global Time          WAITING                     |
+------------------------------------------------------------+
| Link health                  Link=1  TM=1  RX=1  TX=1 |
| Lock signals                 Helper=1  MainFreq=1  MainPhase=1 |
|                              MainLock=1  PSTAT=1             |
| Global-Time reason           PTP servo offset not yet <60 ps |
| WR PTP servo state           WAIT_OFFSET_STABLE          |
| WR phase offset              -516 ps (target |offset| <60 ps) |
| Global-Time validity         TIME_VALID=0 PPS_VALID=0     |
| Snapshot                     snapshot=0 stable=1 count=0 |
| PPS registers                CR=20000006 EN=0 ESCR=0     |
| PPS register validity        TM=0 PPS=0                  |
| Step5 result                 LOCK_ACQUIRED_NOT_STABLE    |
+------------------------------------------------------------+

Global Time summary (125 MHz reference; 1 cycle = 8 ns)
------------------------------------------------------------
  MASTER  (DE5_1-11.1)
    TAI=139          CYCLES=124999999    VALID
  SLAVE   (DE5_1-11.2)
    TAI=--           CYCLES=--           WAITING (TIME_VALID=0, PPS_VALID=0)
------------------------------------------------------------
Dashboard read complete.
White Rabbit Step 1-6 dashboard  2026-09-30T09:07:18+08:00  (read-only)
Sampling interval: 10s; per-board comparison window: 2000ms

+------------------------------------------------------------+
| MASTER   DE5_1-11.1                                      |
+------------------------------------------------------------+
| Step 1  PHY / Link           PASS                        |
| Step 2  Endpoint / PTP       PASS                        |
| Step 3  WR Handshake         INFO                        |
| Step 4  SoftPLL Startup      PASS                        |
| Step 5  Closed-loop Lock     INFO                        |
| Step 6  Global Time          VALID                       |
+------------------------------------------------------------+
| Link health                  Link=1  TM=1  RX=1  TX=1 |
| Lock signals                 Helper=NA  MainFreq=NA  MainPhase=NA |
|                              MainLock=NA  PSTAT=NA             |
| Global-Time reason           PPS snapshot valid; Step6 gate passed |
| WR PTP servo state           NA                          |
| WR phase offset              NA ps                       |
| Global-Time validity         TIME_VALID=1 PPS_VALID=1     |
| Snapshot                     snapshot=1 stable=1 count=150 |
| PPS registers                CR=20000006 EN=0 ESCR=12    |
| PPS register validity        TM=1 PPS=1                  |
| Step5 result                 NOT_APPLICABLE_MASTER       |
+------------------------------------------------------------+
+------------------------------------------------------------+
| SLAVE    DE5_1-11.2                                      |
+------------------------------------------------------------+
| Step 1  PHY / Link           PASS                        |
| Step 2  Endpoint / PTP       PASS                        |
| Step 3  WR Handshake         PASS                        |
| Step 4  SoftPLL Startup      PASS                        |
| Step 5  Closed-loop Lock     INFO                        |
| Step 6  Global Time          WAITING                     |
+------------------------------------------------------------+
| Link health                  Link=1  TM=1  RX=1  TX=1 |
| Lock signals                 Helper=1  MainFreq=1  MainPhase=1 |
|                              MainLock=1  PSTAT=1             |
| Global-Time reason           PTP servo offset not yet <60 ps |
| WR PTP servo state           WAIT_OFFSET_STABLE          |
| WR phase offset              3588 ps (target |offset| <60 ps) |
| Global-Time validity         TIME_VALID=0 PPS_VALID=0     |
| Snapshot                     snapshot=0 stable=1 count=0 |
| PPS registers                CR=20000006 EN=0 ESCR=0     |
| PPS register validity        TM=0 PPS=0                  |
| Step5 result                 LOCK_ACQUIRED_NOT_STABLE    |
+------------------------------------------------------------+

Global Time summary (125 MHz reference; 1 cycle = 8 ns)
------------------------------------------------------------
  MASTER  (DE5_1-11.1)
    TAI=149          CYCLES=124999999    VALID
  SLAVE   (DE5_1-11.2)
    TAI=--           CYCLES=--           WAITING (TIME_VALID=0, PPS_VALID=0)
------------------------------------------------------------
Dashboard read complete.
White Rabbit Step 1-6 dashboard  2026-09-30T09:07:28+08:00  (read-only)
Sampling interval: 10s; per-board comparison window: 2000ms

+------------------------------------------------------------+
| MASTER   DE5_1-11.1                                      |
+------------------------------------------------------------+
| Step 1  PHY / Link           PASS                        |
| Step 2  Endpoint / PTP       PASS                        |
| Step 3  WR Handshake         INFO                        |
| Step 4  SoftPLL Startup      PASS                        |
| Step 5  Closed-loop Lock     INFO                        |
| Step 6  Global Time          VALID                       |
+------------------------------------------------------------+
| Link health                  Link=1  TM=1  RX=1  TX=1 |
| Lock signals                 Helper=NA  MainFreq=NA  MainPhase=NA |
|                              MainLock=NA  PSTAT=NA             |
| Global-Time reason           PPS snapshot valid; Step6 gate passed |
| WR PTP servo state           NA                          |
| WR phase offset              NA ps                       |
| Global-Time validity         TIME_VALID=1 PPS_VALID=1     |
| Snapshot                     snapshot=1 stable=1 count=160 |
| PPS registers                CR=20000006 EN=0 ESCR=12    |
| PPS register validity        TM=1 PPS=1                  |
| Step5 result                 NOT_APPLICABLE_MASTER       |
+------------------------------------------------------------+
+------------------------------------------------------------+
| SLAVE    DE5_1-11.2                                      |
+------------------------------------------------------------+
| Step 1  PHY / Link           PASS                        |
| Step 2  Endpoint / PTP       PASS                        |
| Step 3  WR Handshake         PASS                        |
| Step 4  SoftPLL Startup      PASS                        |
| Step 5  Closed-loop Lock     INFO                        |
| Step 6  Global Time          WAITING                     |
+------------------------------------------------------------+
| Link health                  Link=1  TM=1  RX=1  TX=1 |
| Lock signals                 Helper=1  MainFreq=1  MainPhase=1 |
|                              MainLock=1  PSTAT=1             |
| Global-Time reason           PTP servo offset not yet <60 ps |
| WR PTP servo state           WAIT_OFFSET_STABLE          |
| WR phase offset              -799 ps (target |offset| <60 ps) |
| Global-Time validity         TIME_VALID=0 PPS_VALID=0     |
| Snapshot                     snapshot=0 stable=1 count=0 |
| PPS registers                CR=20000006 EN=0 ESCR=0     |
| PPS register validity        TM=0 PPS=0                  |
| Step5 result                 LOCK_ACQUIRED_NOT_STABLE    |
+------------------------------------------------------------+

Global Time summary (125 MHz reference; 1 cycle = 8 ns)
------------------------------------------------------------
  MASTER  (DE5_1-11.1)
    TAI=159          CYCLES=124999999    VALID
  SLAVE   (DE5_1-11.2)
    TAI=--           CYCLES=--           WAITING (TIME_VALID=0, PPS_VALID=0)
------------------------------------------------------------
Dashboard read complete.
White Rabbit Step 1-6 dashboard  2026-09-30T09:07:38+08:00  (read-only)
Sampling interval: 10s; per-board comparison window: 2000ms

+------------------------------------------------------------+
| MASTER   DE5_1-11.1                                      |
+------------------------------------------------------------+
| Step 1  PHY / Link           PASS                        |
| Step 2  Endpoint / PTP       PASS                        |
| Step 3  WR Handshake         INFO                        |
| Step 4  SoftPLL Startup      PASS                        |
| Step 5  Closed-loop Lock     INFO                        |
| Step 6  Global Time          VALID                       |
+------------------------------------------------------------+
| Link health                  Link=1  TM=1  RX=1  TX=1 |
| Lock signals                 Helper=NA  MainFreq=NA  MainPhase=NA |
|                              MainLock=NA  PSTAT=NA             |
| Global-Time reason           PPS snapshot valid; Step6 gate passed |
| WR PTP servo state           NA                          |
| WR phase offset              NA ps                       |
| Global-Time validity         TIME_VALID=1 PPS_VALID=1     |
| Snapshot                     snapshot=1 stable=1 count=170 |
| PPS registers                CR=20000006 EN=0 ESCR=140   |
| PPS register validity        TM=1 PPS=1                  |
| Step5 result                 NOT_APPLICABLE_MASTER       |
+------------------------------------------------------------+
+------------------------------------------------------------+
| SLAVE    DE5_1-11.2                                      |
+------------------------------------------------------------+
| Step 1  PHY / Link           PASS                        |
| Step 2  Endpoint / PTP       PASS                        |
| Step 3  WR Handshake         PASS                        |
| Step 4  SoftPLL Startup      PASS                        |
| Step 5  Closed-loop Lock     INFO                        |
| Step 6  Global Time          WAITING                     |
+------------------------------------------------------------+
| Link health                  Link=1  TM=1  RX=1  TX=1 |
| Lock signals                 Helper=1  MainFreq=1  MainPhase=1 |
|                              MainLock=1  PSTAT=1             |
| Global-Time reason           PTP servo offset not yet <60 ps |
| WR PTP servo state           WAIT_OFFSET_STABLE          |
| WR phase offset              -839 ps (target |offset| <60 ps) |
| Global-Time validity         TIME_VALID=0 PPS_VALID=0     |
| Snapshot                     snapshot=0 stable=1 count=0 |
| PPS registers                CR=20000006 EN=0 ESCR=0     |
| PPS register validity        TM=0 PPS=0                  |
| Step5 result                 LOCK_ACQUIRED_NOT_STABLE    |
+------------------------------------------------------------+

Global Time summary (125 MHz reference; 1 cycle = 8 ns)
------------------------------------------------------------
  MASTER  (DE5_1-11.1)
    TAI=169          CYCLES=124999999    VALID
  SLAVE   (DE5_1-11.2)
    TAI=--           CYCLES=--           WAITING (TIME_VALID=0, PPS_VALID=0)
------------------------------------------------------------
Dashboard read complete.
White Rabbit Step 1-6 dashboard  2026-09-30T09:07:48+08:00  (read-only)
Sampling interval: 10s; per-board comparison window: 2000ms

+------------------------------------------------------------+
| MASTER   DE5_1-11.1                                      |
+------------------------------------------------------------+
| Step 1  PHY / Link           PASS                        |
| Step 2  Endpoint / PTP       PASS                        |
| Step 3  WR Handshake         INFO                        |
| Step 4  SoftPLL Startup      PASS                        |
| Step 5  Closed-loop Lock     INFO                        |
| Step 6  Global Time          VALID                       |
+------------------------------------------------------------+
| Link health                  Link=1  TM=1  RX=1  TX=1 |
| Lock signals                 Helper=NA  MainFreq=NA  MainPhase=NA |
|                              MainLock=NA  PSTAT=NA             |
| Global-Time reason           PPS snapshot valid; Step6 gate passed |
| WR PTP servo state           NA                          |
| WR phase offset              NA ps                       |
| Global-Time validity         TIME_VALID=1 PPS_VALID=1     |
| Snapshot                     snapshot=1 stable=1 count=180 |
| PPS registers                CR=20000006 EN=0 ESCR=12    |
| PPS register validity        TM=1 PPS=1                  |
| Step5 result                 NOT_APPLICABLE_MASTER       |
+------------------------------------------------------------+
+------------------------------------------------------------+
| SLAVE    DE5_1-11.2                                      |
+------------------------------------------------------------+
| Step 1  PHY / Link           PASS                        |
| Step 2  Endpoint / PTP       PASS                        |
| Step 3  WR Handshake         PASS                        |
| Step 4  SoftPLL Startup      PASS                        |
| Step 5  Closed-loop Lock     INFO                        |
| Step 6  Global Time          WAITING                     |
+------------------------------------------------------------+
| Link health                  Link=1  TM=1  RX=1  TX=1 |
| Lock signals                 Helper=1  MainFreq=1  MainPhase=1 |
|                              MainLock=1  PSTAT=1             |
| Global-Time reason           PTP servo offset not yet <60 ps |
| WR PTP servo state           WAIT_OFFSET_STABLE          |
| WR phase offset              -794 ps (target |offset| <60 ps) |
| Global-Time validity         TIME_VALID=0 PPS_VALID=0     |
| Snapshot                     snapshot=0 stable=1 count=0 |
| PPS registers                CR=20000006 EN=0 ESCR=0     |
| PPS register validity        TM=0 PPS=0                  |
| Step5 result                 LOCK_ACQUIRED_NOT_STABLE    |
+------------------------------------------------------------+

Global Time summary (125 MHz reference; 1 cycle = 8 ns)
------------------------------------------------------------
  MASTER  (DE5_1-11.1)
    TAI=179          CYCLES=124999999    VALID
  SLAVE   (DE5_1-11.2)
    TAI=--           CYCLES=--           WAITING (TIME_VALID=0, PPS_VALID=0)
------------------------------------------------------------
Dashboard read complete.
White Rabbit Step 1-6 dashboard  2026-09-30T09:07:58+08:00  (read-only)
Sampling interval: 10s; per-board comparison window: 2000ms

+------------------------------------------------------------+
| MASTER   DE5_1-11.1                                      |
+------------------------------------------------------------+
| Step 1  PHY / Link           PASS                        |
| Step 2  Endpoint / PTP       PASS                        |
| Step 3  WR Handshake         INFO                        |
| Step 4  SoftPLL Startup      PASS                        |
| Step 5  Closed-loop Lock     INFO                        |
| Step 6  Global Time          VALID                       |
+------------------------------------------------------------+
| Link health                  Link=1  TM=1  RX=1  TX=1 |
| Lock signals                 Helper=NA  MainFreq=NA  MainPhase=NA |
|                              MainLock=NA  PSTAT=NA             |
| Global-Time reason           PPS snapshot valid; Step6 gate passed |
| WR PTP servo state           NA                          |
| WR phase offset              NA ps                       |
| Global-Time validity         TIME_VALID=1 PPS_VALID=1     |
| Snapshot                     snapshot=1 stable=1 count=190 |
| PPS registers                CR=20000006 EN=0 ESCR=12    |
| PPS register validity        TM=1 PPS=1                  |
| Step5 result                 NOT_APPLICABLE_MASTER       |
+------------------------------------------------------------+
+------------------------------------------------------------+
| SLAVE    DE5_1-11.2                                      |
+------------------------------------------------------------+
| Step 1  PHY / Link           PASS                        |
| Step 2  Endpoint / PTP       PASS                        |
| Step 3  WR Handshake         PASS                        |
| Step 4  SoftPLL Startup      PASS                        |
| Step 5  Closed-loop Lock     INFO                        |
| Step 6  Global Time          WAITING                     |
+------------------------------------------------------------+
| Link health                  Link=1  TM=1  RX=1  TX=1 |
| Lock signals                 Helper=1  MainFreq=1  MainPhase=1 |
|                              MainLock=1  PSTAT=1             |
| Global-Time reason           PTP servo offset not yet <60 ps |
| WR PTP servo state           WAIT_OFFSET_STABLE          |
| WR phase offset              3344 ps (target |offset| <60 ps) |
| Global-Time validity         TIME_VALID=0 PPS_VALID=0     |
| Snapshot                     snapshot=0 stable=1 count=0 |
| PPS registers                CR=20000006 EN=0 ESCR=0     |
| PPS register validity        TM=0 PPS=0                  |
| Step5 result                 LOCK_ACQUIRED_NOT_STABLE    |
+------------------------------------------------------------+

Global Time summary (125 MHz reference; 1 cycle = 8 ns)
------------------------------------------------------------
  MASTER  (DE5_1-11.1)
    TAI=189          CYCLES=124999999    VALID
  SLAVE   (DE5_1-11.2)
    TAI=--           CYCLES=--           WAITING (TIME_VALID=0, PPS_VALID=0)
------------------------------------------------------------
Dashboard read complete.
White Rabbit Step 1-6 dashboard  2026-09-30T09:08:08+08:00  (read-only)
Sampling interval: 10s; per-board comparison window: 2000ms

+------------------------------------------------------------+
| MASTER   DE5_1-11.1                                      |
+------------------------------------------------------------+
| Step 1  PHY / Link           PASS                        |
| Step 2  Endpoint / PTP       PASS                        |
| Step 3  WR Handshake         INFO                        |
| Step 4  SoftPLL Startup      PASS                        |
| Step 5  Closed-loop Lock     INFO                        |
| Step 6  Global Time          VALID                       |
+------------------------------------------------------------+
| Link health                  Link=1  TM=1  RX=1  TX=1 |
| Lock signals                 Helper=NA  MainFreq=NA  MainPhase=NA |
|                              MainLock=NA  PSTAT=NA             |
| Global-Time reason           PPS snapshot valid; Step6 gate passed |
| WR PTP servo state           NA                          |
| WR phase offset              NA ps                       |
| Global-Time validity         TIME_VALID=1 PPS_VALID=1     |
| Snapshot                     snapshot=1 stable=1 count=200 |
| PPS registers                CR=20000006 EN=0 ESCR=12    |
| PPS register validity        TM=1 PPS=1                  |
| Step5 result                 NOT_APPLICABLE_MASTER       |
+------------------------------------------------------------+
+------------------------------------------------------------+
| SLAVE    DE5_1-11.2                                      |
+------------------------------------------------------------+
| Step 1  PHY / Link           PASS                        |
| Step 2  Endpoint / PTP       PASS                        |
| Step 3  WR Handshake         PASS                        |
| Step 4  SoftPLL Startup      PASS                        |
| Step 5  Closed-loop Lock     INFO                        |
| Step 6  Global Time          WAITING                     |
+------------------------------------------------------------+
| Link health                  Link=1  TM=1  RX=1  TX=1 |
| Lock signals                 Helper=1  MainFreq=1  MainPhase=1 |
|                              MainLock=1  PSTAT=1             |
| Global-Time reason           PTP servo offset not yet <60 ps |
| WR PTP servo state           WAIT_OFFSET_STABLE          |
| WR phase offset              3482 ps (target |offset| <60 ps) |
| Global-Time validity         TIME_VALID=0 PPS_VALID=0     |
| Snapshot                     snapshot=0 stable=1 count=0 |
| PPS registers                CR=20000006 EN=0 ESCR=0     |
| PPS register validity        TM=0 PPS=0                  |
| Step5 result                 LOCK_ACQUIRED_NOT_STABLE    |
+------------------------------------------------------------+

Global Time summary (125 MHz reference; 1 cycle = 8 ns)
------------------------------------------------------------
  MASTER  (DE5_1-11.1)
    TAI=199          CYCLES=124999999    VALID
  SLAVE   (DE5_1-11.2)
    TAI=--           CYCLES=--           WAITING (TIME_VALID=0, PPS_VALID=0)
------------------------------------------------------------
Dashboard read complete.
White Rabbit Step 1-6 dashboard  2026-09-30T09:08:18+08:00  (read-only)
Sampling interval: 10s; per-board comparison window: 2000ms

+------------------------------------------------------------+
| MASTER   DE5_1-11.1                                      |
+------------------------------------------------------------+
| Step 1  PHY / Link           PASS                        |
| Step 2  Endpoint / PTP       PASS                        |
| Step 3  WR Handshake         INFO                        |
| Step 4  SoftPLL Startup      PASS                        |
| Step 5  Closed-loop Lock     INFO                        |
| Step 6  Global Time          VALID                       |
+------------------------------------------------------------+
| Link health                  Link=1  TM=1  RX=1  TX=1 |
| Lock signals                 Helper=NA  MainFreq=NA  MainPhase=NA |
|                              MainLock=NA  PSTAT=NA             |
| Global-Time reason           PPS snapshot valid; Step6 gate passed |
| WR PTP servo state           NA                          |
| WR phase offset              NA ps                       |
| Global-Time validity         TIME_VALID=1 PPS_VALID=1     |
| Snapshot                     snapshot=1 stable=1 count=210 |
| PPS registers                CR=20000006 EN=0 ESCR=12    |
| PPS register validity        TM=1 PPS=1                  |
| Step5 result                 NOT_APPLICABLE_MASTER       |
+------------------------------------------------------------+
+------------------------------------------------------------+
| SLAVE    DE5_1-11.2                                      |
+------------------------------------------------------------+
| Step 1  PHY / Link           PASS                        |
| Step 2  Endpoint / PTP       PASS                        |
| Step 3  WR Handshake         PASS                        |
| Step 4  SoftPLL Startup      PASS                        |
| Step 5  Closed-loop Lock     INFO                        |
| Step 6  Global Time          WAITING                     |
+------------------------------------------------------------+
| Link health                  Link=1  TM=1  RX=1  TX=1 |
| Lock signals                 Helper=1  MainFreq=1  MainPhase=1 |
|                              MainLock=1  PSTAT=1             |
| Global-Time reason           PTP servo offset not yet <60 ps |
| WR PTP servo state           WAIT_OFFSET_STABLE          |
| WR phase offset              3497 ps (target |offset| <60 ps) |
| Global-Time validity         TIME_VALID=0 PPS_VALID=0     |
| Snapshot                     snapshot=0 stable=1 count=0 |
| PPS registers                CR=20000006 EN=0 ESCR=0     |
| PPS register validity        TM=0 PPS=0                  |
| Step5 result                 LOCK_ACQUIRED_NOT_STABLE    |
+------------------------------------------------------------+

Global Time summary (125 MHz reference; 1 cycle = 8 ns)
------------------------------------------------------------
  MASTER  (DE5_1-11.1)
    TAI=209          CYCLES=124999999    VALID
  SLAVE   (DE5_1-11.2)
    TAI=--           CYCLES=--           WAITING (TIME_VALID=0, PPS_VALID=0)
------------------------------------------------------------
Dashboard read complete.
White Rabbit Step 1-6 dashboard  2026-09-30T09:08:28+08:00  (read-only)
Sampling interval: 10s; per-board comparison window: 2000ms

+------------------------------------------------------------+
| MASTER   DE5_1-11.1                                      |
+------------------------------------------------------------+
| Step 1  PHY / Link           PASS                        |
| Step 2  Endpoint / PTP       PASS                        |
| Step 3  WR Handshake         INFO                        |
| Step 4  SoftPLL Startup      PASS                        |
| Step 5  Closed-loop Lock     INFO                        |
| Step 6  Global Time          VALID                       |
+------------------------------------------------------------+
| Link health                  Link=1  TM=1  RX=1  TX=1 |
| Lock signals                 Helper=NA  MainFreq=NA  MainPhase=NA |
|                              MainLock=NA  PSTAT=NA             |
| Global-Time reason           PPS snapshot valid; Step6 gate passed |
| WR PTP servo state           NA                          |
| WR phase offset              NA ps                       |
| Global-Time validity         TIME_VALID=1 PPS_VALID=1     |
| Snapshot                     snapshot=1 stable=1 count=220 |
| PPS registers                CR=20000006 EN=0 ESCR=12    |
| PPS register validity        TM=1 PPS=1                  |
| Step5 result                 NOT_APPLICABLE_MASTER       |
+------------------------------------------------------------+
+------------------------------------------------------------+
| SLAVE    DE5_1-11.2                                      |
+------------------------------------------------------------+
| Step 1  PHY / Link           PASS                        |
| Step 2  Endpoint / PTP       PASS                        |
| Step 3  WR Handshake         PASS                        |
| Step 4  SoftPLL Startup      PASS                        |
| Step 5  Closed-loop Lock     INFO                        |
| Step 6  Global Time          WAITING                     |
+------------------------------------------------------------+
| Link health                  Link=1  TM=1  RX=1  TX=1 |
| Lock signals                 Helper=1  MainFreq=1  MainPhase=1 |
|                              MainLock=1  PSTAT=1             |
| Global-Time reason           PTP servo offset not yet <60 ps |
| WR PTP servo state           WAIT_OFFSET_STABLE          |
| WR phase offset              -898 ps (target |offset| <60 ps) |
| Global-Time validity         TIME_VALID=0 PPS_VALID=0     |
| Snapshot                     snapshot=0 stable=1 count=0 |
| PPS registers                CR=20000006 EN=0 ESCR=0     |
| PPS register validity        TM=0 PPS=0                  |
| Step5 result                 LOCK_ACQUIRED_NOT_STABLE    |
+------------------------------------------------------------+

Global Time summary (125 MHz reference; 1 cycle = 8 ns)
------------------------------------------------------------
  MASTER  (DE5_1-11.1)
    TAI=219          CYCLES=124999999    VALID
  SLAVE   (DE5_1-11.2)
    TAI=--           CYCLES=--           WAITING (TIME_VALID=0, PPS_VALID=0)
------------------------------------------------------------
Dashboard read complete.
White Rabbit Step 1-6 dashboard  2026-09-30T09:08:38+08:00  (read-only)
Sampling interval: 10s; per-board comparison window: 2000ms

+------------------------------------------------------------+
| MASTER   DE5_1-11.1                                      |
+------------------------------------------------------------+
| Step 1  PHY / Link           PASS                        |
| Step 2  Endpoint / PTP       PASS                        |
| Step 3  WR Handshake         INFO                        |
| Step 4  SoftPLL Startup      PASS                        |
| Step 5  Closed-loop Lock     INFO                        |
| Step 6  Global Time          VALID                       |
+------------------------------------------------------------+
| Link health                  Link=1  TM=1  RX=1  TX=1 |
| Lock signals                 Helper=NA  MainFreq=NA  MainPhase=NA |
|                              MainLock=NA  PSTAT=NA             |
| Global-Time reason           PPS snapshot valid; Step6 gate passed |
| WR PTP servo state           NA                          |
| WR phase offset              NA ps                       |
| Global-Time validity         TIME_VALID=1 PPS_VALID=1     |
| Snapshot                     snapshot=1 stable=1 count=230 |
| PPS registers                CR=20000006 EN=0 ESCR=12    |
| PPS register validity        TM=1 PPS=1                  |
| Step5 result                 NOT_APPLICABLE_MASTER       |
+------------------------------------------------------------+
+------------------------------------------------------------+
| SLAVE    DE5_1-11.2                                      |
+------------------------------------------------------------+
| Step 1  PHY / Link           PASS                        |
| Step 2  Endpoint / PTP       PASS                        |
| Step 3  WR Handshake         PASS                        |
| Step 4  SoftPLL Startup      PASS                        |
| Step 5  Closed-loop Lock     INFO                        |
| Step 6  Global Time          WAITING                     |
+------------------------------------------------------------+
| Link health                  Link=1  TM=1  RX=1  TX=1 |
| Lock signals                 Helper=1  MainFreq=1  MainPhase=1 |
|                              MainLock=1  PSTAT=1             |
| Global-Time reason           PTP servo offset not yet <60 ps |
| WR PTP servo state           WAIT_OFFSET_STABLE          |
| WR phase offset              -681 ps (target |offset| <60 ps) |
| Global-Time validity         TIME_VALID=0 PPS_VALID=0     |
| Snapshot                     snapshot=0 stable=1 count=0 |
| PPS registers                CR=20000006 EN=0 ESCR=0     |
| PPS register validity        TM=0 PPS=0                  |
| Step5 result                 LOCK_ACQUIRED_NOT_STABLE    |
+------------------------------------------------------------+

Global Time summary (125 MHz reference; 1 cycle = 8 ns)
------------------------------------------------------------
  MASTER  (DE5_1-11.1)
    TAI=229          CYCLES=124999999    VALID
  SLAVE   (DE5_1-11.2)
    TAI=--           CYCLES=--           WAITING (TIME_VALID=0, PPS_VALID=0)
------------------------------------------------------------
Dashboard read complete.
White Rabbit Step 1-6 dashboard  2026-09-30T09:08:48+08:00  (read-only)
Sampling interval: 10s; per-board comparison window: 2000ms

+------------------------------------------------------------+
| MASTER   DE5_1-11.1                                      |
+------------------------------------------------------------+
| Step 1  PHY / Link           PASS                        |
| Step 2  Endpoint / PTP       PASS                        |
| Step 3  WR Handshake         INFO                        |
| Step 4  SoftPLL Startup      PASS                        |
| Step 5  Closed-loop Lock     INFO                        |
| Step 6  Global Time          VALID                       |
+------------------------------------------------------------+
| Link health                  Link=1  TM=1  RX=1  TX=1 |
| Lock signals                 Helper=NA  MainFreq=NA  MainPhase=NA |
|                              MainLock=NA  PSTAT=NA             |
| Global-Time reason           PPS snapshot valid; Step6 gate passed |
| WR PTP servo state           NA                          |
| WR phase offset              NA ps                       |
| Global-Time validity         TIME_VALID=1 PPS_VALID=1     |
| Snapshot                     snapshot=1 stable=1 count=240 |
| PPS registers                CR=20000006 EN=0 ESCR=12    |
| PPS register validity        TM=1 PPS=1                  |
| Step5 result                 NOT_APPLICABLE_MASTER       |
+------------------------------------------------------------+
+------------------------------------------------------------+
| SLAVE    DE5_1-11.2                                      |
+------------------------------------------------------------+
| Step 1  PHY / Link           PASS                        |
| Step 2  Endpoint / PTP       PASS                        |
| Step 3  WR Handshake         PASS                        |
| Step 4  SoftPLL Startup      PASS                        |
| Step 5  Closed-loop Lock     INFO                        |
| Step 6  Global Time          WAITING                     |
+------------------------------------------------------------+
| Link health                  Link=1  TM=1  RX=1  TX=1 |
| Lock signals                 Helper=1  MainFreq=1  MainPhase=1 |
|                              MainLock=1  PSTAT=1             |
| Global-Time reason           PTP servo offset not yet <60 ps |
| WR PTP servo state           WAIT_OFFSET_STABLE          |
| WR phase offset              -694 ps (target |offset| <60 ps) |
| Global-Time validity         TIME_VALID=0 PPS_VALID=0     |
| Snapshot                     snapshot=0 stable=1 count=0 |
| PPS registers                CR=20000006 EN=0 ESCR=0     |
| PPS register validity        TM=0 PPS=0                  |
| Step5 result                 LOCK_ACQUIRED_NOT_STABLE    |
+------------------------------------------------------------+

Global Time summary (125 MHz reference; 1 cycle = 8 ns)
------------------------------------------------------------
  MASTER  (DE5_1-11.1)
    TAI=239          CYCLES=124999999    VALID
  SLAVE   (DE5_1-11.2)
    TAI=--           CYCLES=--           WAITING (TIME_VALID=0, PPS_VALID=0)
------------------------------------------------------------
Dashboard read complete.
White Rabbit Step 1-6 dashboard  2026-09-30T09:08:58+08:00  (read-only)
Sampling interval: 10s; per-board comparison window: 2000ms

+------------------------------------------------------------+
| MASTER   DE5_1-11.1                                      |
+------------------------------------------------------------+
| Step 1  PHY / Link           PASS                        |
| Step 2  Endpoint / PTP       PASS                        |
| Step 3  WR Handshake         INFO                        |
| Step 4  SoftPLL Startup      PASS                        |
| Step 5  Closed-loop Lock     INFO                        |
| Step 6  Global Time          VALID                       |
+------------------------------------------------------------+
| Link health                  Link=1  TM=1  RX=1  TX=1 |
| Lock signals                 Helper=NA  MainFreq=NA  MainPhase=NA |
|                              MainLock=NA  PSTAT=NA             |
| Global-Time reason           PPS snapshot valid; Step6 gate passed |
| WR PTP servo state           NA                          |
| WR phase offset              NA ps                       |
| Global-Time validity         TIME_VALID=1 PPS_VALID=1     |
| Snapshot                     snapshot=1 stable=1 count=250 |
| PPS registers                CR=20000006 EN=0 ESCR=12    |
| PPS register validity        TM=1 PPS=1                  |
| Step5 result                 NOT_APPLICABLE_MASTER       |
+------------------------------------------------------------+
+------------------------------------------------------------+
| SLAVE    DE5_1-11.2                                      |
+------------------------------------------------------------+
| Step 1  PHY / Link           PASS                        |
| Step 2  Endpoint / PTP       PASS                        |
| Step 3  WR Handshake         PASS                        |
| Step 4  SoftPLL Startup      PASS                        |
| Step 5  Closed-loop Lock     INFO                        |
| Step 6  Global Time          WAITING                     |
+------------------------------------------------------------+
| Link health                  Link=1  TM=1  RX=1  TX=1 |
| Lock signals                 Helper=1  MainFreq=1  MainPhase=1 |
|                              MainLock=1  PSTAT=1             |
| Global-Time reason           PTP servo offset not yet <60 ps |
| WR PTP servo state           SYNC_PHASE                  |
| WR phase offset              -690 ps (target |offset| <60 ps) |
| Global-Time validity         TIME_VALID=0 PPS_VALID=0     |
| Snapshot                     snapshot=0 stable=1 count=0 |
| PPS registers                CR=20000006 EN=0 ESCR=0     |
| PPS register validity        TM=0 PPS=0                  |
| Step5 result                 LOCK_ACQUIRED_NOT_STABLE    |
+------------------------------------------------------------+

Global Time summary (125 MHz reference; 1 cycle = 8 ns)
------------------------------------------------------------
  MASTER  (DE5_1-11.1)
    TAI=249          CYCLES=124999999    VALID
  SLAVE   (DE5_1-11.2)
    TAI=--           CYCLES=--           WAITING (TIME_VALID=0, PPS_VALID=0)
------------------------------------------------------------
Dashboard read complete.
White Rabbit Step 1-6 dashboard  2026-09-30T09:09:08+08:00  (read-only)
Sampling interval: 10s; per-board comparison window: 2000ms

+------------------------------------------------------------+
| MASTER   DE5_1-11.1                                      |
+------------------------------------------------------------+
| Step 1  PHY / Link           PASS                        |
| Step 2  Endpoint / PTP       PASS                        |
| Step 3  WR Handshake         INFO                        |
| Step 4  SoftPLL Startup      PASS                        |
| Step 5  Closed-loop Lock     INFO                        |
| Step 6  Global Time          VALID                       |
+------------------------------------------------------------+
| Link health                  Link=1  TM=1  RX=1  TX=1 |
| Lock signals                 Helper=NA  MainFreq=NA  MainPhase=NA |
|                              MainLock=NA  PSTAT=NA             |
| Global-Time reason           PPS snapshot valid; Step6 gate passed |
| WR PTP servo state           NA                          |
| WR phase offset              NA ps                       |
| Global-Time validity         TIME_VALID=1 PPS_VALID=1     |
| Snapshot                     snapshot=1 stable=1 count=260 |
| PPS registers                CR=20000006 EN=0 ESCR=268   |
| PPS register validity        TM=1 PPS=1                  |
| Step5 result                 NOT_APPLICABLE_MASTER       |
+------------------------------------------------------------+
+------------------------------------------------------------+
| SLAVE    DE5_1-11.2                                      |
+------------------------------------------------------------+
| Step 1  PHY / Link           PASS                        |
| Step 2  Endpoint / PTP       PASS                        |
| Step 3  WR Handshake         PASS                        |
| Step 4  SoftPLL Startup      PASS                        |
| Step 5  Closed-loop Lock     INFO                        |
| Step 6  Global Time          WAITING                     |
+------------------------------------------------------------+
| Link health                  Link=1  TM=1  RX=1  TX=1 |
| Lock signals                 Helper=1  MainFreq=1  MainPhase=1 |
|                              MainLock=1  PSTAT=1             |
| Global-Time reason           PTP servo offset not yet <60 ps |
| WR PTP servo state           WAIT_OFFSET_STABLE          |
| WR phase offset              3596 ps (target |offset| <60 ps) |
| Global-Time validity         TIME_VALID=0 PPS_VALID=0     |
| Snapshot                     snapshot=0 stable=1 count=0 |
| PPS registers                CR=20000006 EN=0 ESCR=256   |
| PPS register validity        TM=0 PPS=0                  |
| Step5 result                 LOCK_ACQUIRED_NOT_STABLE    |
+------------------------------------------------------------+

Global Time summary (125 MHz reference; 1 cycle = 8 ns)
------------------------------------------------------------
  MASTER  (DE5_1-11.1)
    TAI=259          CYCLES=124999999    VALID
  SLAVE   (DE5_1-11.2)
    TAI=--           CYCLES=--           WAITING (TIME_VALID=0, PPS_VALID=0)
------------------------------------------------------------
Dashboard read complete.
White Rabbit Step 1-6 dashboard  2026-09-30T09:09:18+08:00  (read-only)
Sampling interval: 10s; per-board comparison window: 2000ms

+------------------------------------------------------------+
| MASTER   DE5_1-11.1                                      |
+------------------------------------------------------------+
| Step 1  PHY / Link           PASS                        |
| Step 2  Endpoint / PTP       PASS                        |
| Step 3  WR Handshake         INFO                        |
| Step 4  SoftPLL Startup      PASS                        |
| Step 5  Closed-loop Lock     INFO                        |
| Step 6  Global Time          VALID                       |
+------------------------------------------------------------+
| Link health                  Link=1  TM=1  RX=1  TX=1 |
| Lock signals                 Helper=NA  MainFreq=NA  MainPhase=NA |
|                              MainLock=NA  PSTAT=NA             |
| Global-Time reason           PPS snapshot valid; Step6 gate passed |
| WR PTP servo state           NA                          |
| WR phase offset              NA ps                       |
| Global-Time validity         TIME_VALID=1 PPS_VALID=1     |
| Snapshot                     snapshot=1 stable=1 count=269 |
| PPS registers                CR=20000006 EN=0 ESCR=268   |
| PPS register validity        TM=1 PPS=1                  |
| Step5 result                 NOT_APPLICABLE_MASTER       |
+------------------------------------------------------------+
+------------------------------------------------------------+
| SLAVE    DE5_1-11.2                                      |
+------------------------------------------------------------+
| Step 1  PHY / Link           PASS                        |
| Step 2  Endpoint / PTP       PASS                        |
| Step 3  WR Handshake         PASS                        |
| Step 4  SoftPLL Startup      PASS                        |
| Step 5  Closed-loop Lock     INFO                        |
| Step 6  Global Time          WAITING                     |
+------------------------------------------------------------+
| Link health                  Link=1  TM=1  RX=1  TX=1 |
| Lock signals                 Helper=1  MainFreq=1  MainPhase=1 |
|                              MainLock=1  PSTAT=1             |
| Global-Time reason           PTP servo offset not yet <60 ps |
| WR PTP servo state           WAIT_OFFSET_STABLE          |
| WR phase offset              -562 ps (target |offset| <60 ps) |
| Global-Time validity         TIME_VALID=0 PPS_VALID=0     |
| Snapshot                     snapshot=0 stable=1 count=0 |
| PPS registers                CR=20000006 EN=0 ESCR=256   |
| PPS register validity        TM=0 PPS=0                  |
| Step5 result                 LOCK_ACQUIRED_NOT_STABLE    |
+------------------------------------------------------------+

Global Time summary (125 MHz reference; 1 cycle = 8 ns)
------------------------------------------------------------
  MASTER  (DE5_1-11.1)
    TAI=268          CYCLES=124999999    VALID
  SLAVE   (DE5_1-11.2)
    TAI=--           CYCLES=--           WAITING (TIME_VALID=0, PPS_VALID=0)
------------------------------------------------------------
Dashboard read complete.
White Rabbit Step 1-6 dashboard  2026-09-30T09:09:28+08:00  (read-only)
Sampling interval: 10s; per-board comparison window: 2000ms

+------------------------------------------------------------+
| MASTER   DE5_1-11.1                                      |
+------------------------------------------------------------+
| Step 1  PHY / Link           PASS                        |
| Step 2  Endpoint / PTP       PASS                        |
| Step 3  WR Handshake         INFO                        |
| Step 4  SoftPLL Startup      PASS                        |
| Step 5  Closed-loop Lock     INFO                        |
| Step 6  Global Time          VALID                       |
+------------------------------------------------------------+
| Link health                  Link=1  TM=1  RX=1  TX=1 |
| Lock signals                 Helper=NA  MainFreq=NA  MainPhase=NA |
|                              MainLock=NA  PSTAT=NA             |
| Global-Time reason           PPS snapshot valid; Step6 gate passed |
| WR PTP servo state           NA                          |
| WR phase offset              NA ps                       |
| Global-Time validity         TIME_VALID=1 PPS_VALID=1     |
| Snapshot                     snapshot=1 stable=1 count=279 |
| PPS registers                CR=20000006 EN=0 ESCR=268   |
| PPS register validity        TM=1 PPS=1                  |
| Step5 result                 NOT_APPLICABLE_MASTER       |
+------------------------------------------------------------+
+------------------------------------------------------------+
| SLAVE    DE5_1-11.2                                      |
+------------------------------------------------------------+
| Step 1  PHY / Link           PASS                        |
| Step 2  Endpoint / PTP       PASS                        |
| Step 3  WR Handshake         PASS                        |
| Step 4  SoftPLL Startup      PASS                        |
| Step 5  Closed-loop Lock     INFO                        |
| Step 6  Global Time          WAITING                     |
+------------------------------------------------------------+
| Link health                  Link=1  TM=1  RX=1  TX=1 |
| Lock signals                 Helper=1  MainFreq=1  MainPhase=1 |
|                              MainLock=1  PSTAT=1             |
| Global-Time reason           PTP servo offset not yet <60 ps |
| WR PTP servo state           WAIT_OFFSET_STABLE          |
| WR phase offset              -993 ps (target |offset| <60 ps) |
| Global-Time validity         TIME_VALID=0 PPS_VALID=0     |
| Snapshot                     snapshot=0 stable=1 count=0 |
| PPS registers                CR=20000006 EN=0 ESCR=256   |
| PPS register validity        TM=0 PPS=0                  |
| Step5 result                 LOCK_ACQUIRED_NOT_STABLE    |
+------------------------------------------------------------+

Global Time summary (125 MHz reference; 1 cycle = 8 ns)
------------------------------------------------------------
  MASTER  (DE5_1-11.1)
    TAI=278          CYCLES=124999999    VALID
  SLAVE   (DE5_1-11.2)
    TAI=--           CYCLES=--           WAITING (TIME_VALID=0, PPS_VALID=0)
------------------------------------------------------------
Dashboard read complete.
White Rabbit Step 1-6 dashboard  2026-09-30T09:09:38+08:00  (read-only)
Sampling interval: 10s; per-board comparison window: 2000ms

+------------------------------------------------------------+
| MASTER   DE5_1-11.1                                      |
+------------------------------------------------------------+
| Step 1  PHY / Link           PASS                        |
| Step 2  Endpoint / PTP       PASS                        |
| Step 3  WR Handshake         INFO                        |
| Step 4  SoftPLL Startup      PASS                        |
| Step 5  Closed-loop Lock     INFO                        |
| Step 6  Global Time          VALID                       |
+------------------------------------------------------------+
| Link health                  Link=1  TM=1  RX=1  TX=1 |
| Lock signals                 Helper=NA  MainFreq=NA  MainPhase=NA |
|                              MainLock=NA  PSTAT=NA             |
| Global-Time reason           PPS snapshot valid; Step6 gate passed |
| WR PTP servo state           NA                          |
| WR phase offset              NA ps                       |
| Global-Time validity         TIME_VALID=1 PPS_VALID=1     |
| Snapshot                     snapshot=1 stable=1 count=289 |
| PPS registers                CR=20000006 EN=0 ESCR=268   |
| PPS register validity        TM=1 PPS=1                  |
| Step5 result                 NOT_APPLICABLE_MASTER       |
+------------------------------------------------------------+
+------------------------------------------------------------+
| SLAVE    DE5_1-11.2                                      |
+------------------------------------------------------------+
| Step 1  PHY / Link           PASS                        |
| Step 2  Endpoint / PTP       PASS                        |
| Step 3  WR Handshake         PASS                        |
| Step 4  SoftPLL Startup      PASS                        |
| Step 5  Closed-loop Lock     INFO                        |
| Step 6  Global Time          WAITING                     |
+------------------------------------------------------------+
| Link health                  Link=1  TM=1  RX=1  TX=1 |
| Lock signals                 Helper=1  MainFreq=1  MainPhase=1 |
|                              MainLock=1  PSTAT=1             |
| Global-Time reason           PTP servo offset not yet <60 ps |
| WR PTP servo state           WAIT_OFFSET_STABLE          |
| WR phase offset              -934 ps (target |offset| <60 ps) |
| Global-Time validity         TIME_VALID=0 PPS_VALID=0     |
| Snapshot                     snapshot=0 stable=1 count=0 |
| PPS registers                CR=20000006 EN=0 ESCR=256   |
| PPS register validity        TM=0 PPS=0                  |
| Step5 result                 LOCK_ACQUIRED_NOT_STABLE    |
+------------------------------------------------------------+

Global Time summary (125 MHz reference; 1 cycle = 8 ns)
------------------------------------------------------------
  MASTER  (DE5_1-11.1)
    TAI=288          CYCLES=124999999    VALID
  SLAVE   (DE5_1-11.2)
    TAI=--           CYCLES=--           WAITING (TIME_VALID=0, PPS_VALID=0)
------------------------------------------------------------
Dashboard read complete.
White Rabbit Step 1-6 dashboard  2026-09-30T09:09:48+08:00  (read-only)
Sampling interval: 10s; per-board comparison window: 2000ms

+------------------------------------------------------------+
| MASTER   DE5_1-11.1                                      |
+------------------------------------------------------------+
| Step 1  PHY / Link           PASS                        |
| Step 2  Endpoint / PTP       PASS                        |
| Step 3  WR Handshake         INFO                        |
| Step 4  SoftPLL Startup      PASS                        |
| Step 5  Closed-loop Lock     INFO                        |
| Step 6  Global Time          VALID                       |
+------------------------------------------------------------+
| Link health                  Link=1  TM=1  RX=1  TX=1 |
| Lock signals                 Helper=NA  MainFreq=NA  MainPhase=NA |
|                              MainLock=NA  PSTAT=NA             |
| Global-Time reason           PPS snapshot valid; Step6 gate passed |
| WR PTP servo state           NA                          |
| WR phase offset              NA ps                       |
| Global-Time validity         TIME_VALID=1 PPS_VALID=1     |
| Snapshot                     snapshot=1 stable=1 count=299 |
| PPS registers                CR=20000006 EN=0 ESCR=268   |
| PPS register validity        TM=1 PPS=1                  |
| Step5 result                 NOT_APPLICABLE_MASTER       |
+------------------------------------------------------------+
+------------------------------------------------------------+
| SLAVE    DE5_1-11.2                                      |
+------------------------------------------------------------+
| Step 1  PHY / Link           PASS                        |
| Step 2  Endpoint / PTP       PASS                        |
| Step 3  WR Handshake         PASS                        |
| Step 4  SoftPLL Startup      PASS                        |
| Step 5  Closed-loop Lock     INFO                        |
| Step 6  Global Time          WAITING                     |
+------------------------------------------------------------+
| Link health                  Link=1  TM=1  RX=1  TX=1 |
| Lock signals                 Helper=1  MainFreq=1  MainPhase=1 |
|                              MainLock=1  PSTAT=1             |
| Global-Time reason           PTP servo offset not yet <60 ps |
| WR PTP servo state           WAIT_OFFSET_STABLE          |
| WR phase offset              -706 ps (target |offset| <60 ps) |
| Global-Time validity         TIME_VALID=0 PPS_VALID=0     |
| Snapshot                     snapshot=0 stable=1 count=0 |
| PPS registers                CR=20000006 EN=0 ESCR=256   |
| PPS register validity        TM=0 PPS=0                  |
| Step5 result                 LOCK_ACQUIRED_NOT_STABLE    |
+------------------------------------------------------------+

Global Time summary (125 MHz reference; 1 cycle = 8 ns)
------------------------------------------------------------
  MASTER  (DE5_1-11.1)
    TAI=298          CYCLES=124999999    VALID
  SLAVE   (DE5_1-11.2)
    TAI=--           CYCLES=--           WAITING (TIME_VALID=0, PPS_VALID=0)
------------------------------------------------------------
Dashboard read complete.
White Rabbit Step 1-6 dashboard  2026-09-30T09:09:58+08:00  (read-only)
Sampling interval: 10s; per-board comparison window: 2000ms

+------------------------------------------------------------+
| MASTER   DE5_1-11.1                                      |
+------------------------------------------------------------+
| Step 1  PHY / Link           PASS                        |
| Step 2  Endpoint / PTP       PASS                        |
| Step 3  WR Handshake         INFO                        |
| Step 4  SoftPLL Startup      PASS                        |
| Step 5  Closed-loop Lock     INFO                        |
| Step 6  Global Time          VALID                       |
+------------------------------------------------------------+
| Link health                  Link=1  TM=1  RX=1  TX=1 |
| Lock signals                 Helper=NA  MainFreq=NA  MainPhase=NA |
|                              MainLock=NA  PSTAT=NA             |
| Global-Time reason           PPS snapshot valid; Step6 gate passed |
| WR PTP servo state           NA                          |
| WR phase offset              NA ps                       |
| Global-Time validity         TIME_VALID=1 PPS_VALID=1     |
| Snapshot                     snapshot=1 stable=1 count=309 |
| PPS registers                CR=20000006 EN=0 ESCR=268   |
| PPS register validity        TM=1 PPS=1                  |
| Step5 result                 NOT_APPLICABLE_MASTER       |
+------------------------------------------------------------+
+------------------------------------------------------------+
| SLAVE    DE5_1-11.2                                      |
+------------------------------------------------------------+
| Step 1  PHY / Link           PASS                        |
| Step 2  Endpoint / PTP       PASS                        |
| Step 3  WR Handshake         PASS                        |
| Step 4  SoftPLL Startup      PASS                        |
| Step 5  Closed-loop Lock     INFO                        |
| Step 6  Global Time          WAITING                     |
+------------------------------------------------------------+
| Link health                  Link=1  TM=1  RX=1  TX=1 |
| Lock signals                 Helper=1  MainFreq=1  MainPhase=1 |
|                              MainLock=1  PSTAT=1             |
| Global-Time reason           PTP servo offset not yet <60 ps |
| WR PTP servo state           WAIT_OFFSET_STABLE          |
| WR phase offset              -875 ps (target |offset| <60 ps) |
| Global-Time validity         TIME_VALID=0 PPS_VALID=0     |
| Snapshot                     snapshot=0 stable=1 count=0 |
| PPS registers                CR=20000006 EN=0 ESCR=256   |
| PPS register validity        TM=0 PPS=0                  |
| Step5 result                 LOCK_ACQUIRED_NOT_STABLE    |
+------------------------------------------------------------+

Global Time summary (125 MHz reference; 1 cycle = 8 ns)
------------------------------------------------------------
  MASTER  (DE5_1-11.1)
    TAI=308          CYCLES=124999999    VALID
  SLAVE   (DE5_1-11.2)
    TAI=--           CYCLES=--           WAITING (TIME_VALID=0, PPS_VALID=0)
------------------------------------------------------------
Dashboard read complete.
White Rabbit Step 1-6 dashboard  2026-09-30T09:10:08+08:00  (read-only)
Sampling interval: 10s; per-board comparison window: 2000ms

+------------------------------------------------------------+
| MASTER   DE5_1-11.1                                      |
+------------------------------------------------------------+
| Step 1  PHY / Link           PASS                        |
| Step 2  Endpoint / PTP       PASS                        |
| Step 3  WR Handshake         INFO                        |
| Step 4  SoftPLL Startup      PASS                        |
| Step 5  Closed-loop Lock     INFO                        |
| Step 6  Global Time          VALID                       |
+------------------------------------------------------------+
| Link health                  Link=1  TM=1  RX=1  TX=1 |
| Lock signals                 Helper=NA  MainFreq=NA  MainPhase=NA |
|                              MainLock=NA  PSTAT=NA             |
| Global-Time reason           PPS snapshot valid; Step6 gate passed |
| WR PTP servo state           NA                          |
| WR phase offset              NA ps                       |
| Global-Time validity         TIME_VALID=1 PPS_VALID=1     |
| Snapshot                     snapshot=1 stable=1 count=319 |
| PPS registers                CR=20000006 EN=0 ESCR=268   |
| PPS register validity        TM=1 PPS=1                  |
| Step5 result                 NOT_APPLICABLE_MASTER       |
+------------------------------------------------------------+
+------------------------------------------------------------+
| SLAVE    DE5_1-11.2                                      |
+------------------------------------------------------------+
| Step 1  PHY / Link           PASS                        |
| Step 2  Endpoint / PTP       PASS                        |
| Step 3  WR Handshake         PASS                        |
| Step 4  SoftPLL Startup      PASS                        |
| Step 5  Closed-loop Lock     INFO                        |
| Step 6  Global Time          WAITING                     |
+------------------------------------------------------------+
| Link health                  Link=1  TM=1  RX=1  TX=1 |
| Lock signals                 Helper=1  MainFreq=1  MainPhase=1 |
|                              MainLock=1  PSTAT=1             |
| Global-Time reason           PTP servo offset not yet <60 ps |
| WR PTP servo state           WAIT_OFFSET_STABLE          |
| WR phase offset              -799 ps (target |offset| <60 ps) |
| Global-Time validity         TIME_VALID=0 PPS_VALID=0     |
| Snapshot                     snapshot=0 stable=1 count=0 |
| PPS registers                CR=20000006 EN=0 ESCR=256   |
| PPS register validity        TM=0 PPS=0                  |
| Step5 result                 LOCK_ACQUIRED_NOT_STABLE    |
+------------------------------------------------------------+

Global Time summary (125 MHz reference; 1 cycle = 8 ns)
------------------------------------------------------------
  MASTER  (DE5_1-11.1)
    TAI=318          CYCLES=124999999    VALID
  SLAVE   (DE5_1-11.2)
    TAI=--           CYCLES=--           WAITING (TIME_VALID=0, PPS_VALID=0)
------------------------------------------------------------
Dashboard read complete.
White Rabbit Step 1-6 dashboard  2026-09-30T09:10:18+08:00  (read-only)
Sampling interval: 10s; per-board comparison window: 2000ms

+------------------------------------------------------------+
| MASTER   DE5_1-11.1                                      |
+------------------------------------------------------------+
| Step 1  PHY / Link           PASS                        |
| Step 2  Endpoint / PTP       PASS                        |
| Step 3  WR Handshake         INFO                        |
| Step 4  SoftPLL Startup      PASS                        |
| Step 5  Closed-loop Lock     INFO                        |
| Step 6  Global Time          VALID                       |
+------------------------------------------------------------+
| Link health                  Link=1  TM=1  RX=1  TX=1 |
| Lock signals                 Helper=NA  MainFreq=NA  MainPhase=NA |
|                              MainLock=NA  PSTAT=NA             |
| Global-Time reason           PPS snapshot valid; Step6 gate passed |
| WR PTP servo state           NA                          |
| WR phase offset              NA ps                       |
| Global-Time validity         TIME_VALID=1 PPS_VALID=1     |
| Snapshot                     snapshot=1 stable=1 count=329 |
| PPS registers                CR=20000006 EN=0 ESCR=268   |
| PPS register validity        TM=1 PPS=1                  |
| Step5 result                 NOT_APPLICABLE_MASTER       |
+------------------------------------------------------------+
+------------------------------------------------------------+
| SLAVE    DE5_1-11.2                                      |
+------------------------------------------------------------+
| Step 1  PHY / Link           PASS                        |
| Step 2  Endpoint / PTP       PASS                        |
| Step 3  WR Handshake         PASS                        |
| Step 4  SoftPLL Startup      PASS                        |
| Step 5  Closed-loop Lock     INFO                        |
| Step 6  Global Time          WAITING                     |
+------------------------------------------------------------+
| Link health                  Link=1  TM=1  RX=1  TX=1 |
| Lock signals                 Helper=1  MainFreq=1  MainPhase=1 |
|                              MainLock=1  PSTAT=1             |
| Global-Time reason           PTP servo offset not yet <60 ps |
| WR PTP servo state           WAIT_OFFSET_STABLE          |
| WR phase offset              -463 ps (target |offset| <60 ps) |
| Global-Time validity         TIME_VALID=0 PPS_VALID=0     |
| Snapshot                     snapshot=0 stable=1 count=0 |
| PPS registers                CR=20000006 EN=0 ESCR=256   |
| PPS register validity        TM=0 PPS=0                  |
| Step5 result                 LOCK_ACQUIRED_NOT_STABLE    |
+------------------------------------------------------------+

Global Time summary (125 MHz reference; 1 cycle = 8 ns)
------------------------------------------------------------
  MASTER  (DE5_1-11.1)
    TAI=328          CYCLES=124999999    VALID
  SLAVE   (DE5_1-11.2)
    TAI=--           CYCLES=--           WAITING (TIME_VALID=0, PPS_VALID=0)
------------------------------------------------------------
Dashboard read complete.
White Rabbit Step 1-6 dashboard  2026-09-30T09:10:28+08:00  (read-only)
Sampling interval: 10s; per-board comparison window: 2000ms

+------------------------------------------------------------+
| MASTER   DE5_1-11.1                                      |
+------------------------------------------------------------+
| Step 1  PHY / Link           PASS                        |
| Step 2  Endpoint / PTP       PASS                        |
| Step 3  WR Handshake         INFO                        |
| Step 4  SoftPLL Startup      PASS                        |
| Step 5  Closed-loop Lock     INFO                        |
| Step 6  Global Time          VALID                       |
+------------------------------------------------------------+
| Link health                  Link=1  TM=1  RX=1  TX=1 |
| Lock signals                 Helper=NA  MainFreq=NA  MainPhase=NA |
|                              MainLock=NA  PSTAT=NA             |
| Global-Time reason           PPS snapshot valid; Step6 gate passed |
| WR PTP servo state           NA                          |
| WR phase offset              NA ps                       |
| Global-Time validity         TIME_VALID=1 PPS_VALID=1     |
| Snapshot                     snapshot=1 stable=1 count=339 |
| PPS registers                CR=20000006 EN=0 ESCR=268   |
| PPS register validity        TM=1 PPS=1                  |
| Step5 result                 NOT_APPLICABLE_MASTER       |
+------------------------------------------------------------+
+------------------------------------------------------------+
| SLAVE    DE5_1-11.2                                      |
+------------------------------------------------------------+
| Step 1  PHY / Link           PASS                        |
| Step 2  Endpoint / PTP       PASS                        |
| Step 3  WR Handshake         PASS                        |
| Step 4  SoftPLL Startup      PASS                        |
| Step 5  Closed-loop Lock     INFO                        |
| Step 6  Global Time          WAITING                     |
+------------------------------------------------------------+
| Link health                  Link=1  TM=1  RX=1  TX=1 |
| Lock signals                 Helper=1  MainFreq=1  MainPhase=1 |
|                              MainLock=1  PSTAT=1             |
| Global-Time reason           PTP servo offset not yet <60 ps |
| WR PTP servo state           WAIT_OFFSET_STABLE          |
| WR phase offset              3346 ps (target |offset| <60 ps) |
| Global-Time validity         TIME_VALID=0 PPS_VALID=0     |
| Snapshot                     snapshot=0 stable=1 count=0 |
| PPS registers                CR=20000006 EN=0 ESCR=256   |
| PPS register validity        TM=0 PPS=0                  |
| Step5 result                 LOCK_ACQUIRED_NOT_STABLE    |
+------------------------------------------------------------+

Global Time summary (125 MHz reference; 1 cycle = 8 ns)
------------------------------------------------------------
  MASTER  (DE5_1-11.1)
    TAI=338          CYCLES=124999999    VALID
  SLAVE   (DE5_1-11.2)
    TAI=--           CYCLES=--           WAITING (TIME_VALID=0, PPS_VALID=0)
------------------------------------------------------------
Dashboard read complete.
White Rabbit Step 1-6 dashboard  2026-09-30T09:10:38+08:00  (read-only)
Sampling interval: 10s; per-board comparison window: 2000ms

+------------------------------------------------------------+
| MASTER   DE5_1-11.1                                      |
+------------------------------------------------------------+
| Step 1  PHY / Link           PASS                        |
| Step 2  Endpoint / PTP       PASS                        |
| Step 3  WR Handshake         INFO                        |
| Step 4  SoftPLL Startup      PASS                        |
| Step 5  Closed-loop Lock     INFO                        |
| Step 6  Global Time          VALID                       |
+------------------------------------------------------------+
| Link health                  Link=1  TM=1  RX=1  TX=1 |
| Lock signals                 Helper=NA  MainFreq=NA  MainPhase=NA |
|                              MainLock=NA  PSTAT=NA             |
| Global-Time reason           PPS snapshot valid; Step6 gate passed |
| WR PTP servo state           NA                          |
| WR phase offset              NA ps                       |
| Global-Time validity         TIME_VALID=1 PPS_VALID=1     |
| Snapshot                     snapshot=1 stable=1 count=349 |
| PPS registers                CR=20000006 EN=0 ESCR=268   |
| PPS register validity        TM=1 PPS=1                  |
| Step5 result                 NOT_APPLICABLE_MASTER       |
+------------------------------------------------------------+
+------------------------------------------------------------+
| SLAVE    DE5_1-11.2                                      |
+------------------------------------------------------------+
| Step 1  PHY / Link           PASS                        |
| Step 2  Endpoint / PTP       PASS                        |
| Step 3  WR Handshake         PASS                        |
| Step 4  SoftPLL Startup      PASS                        |
| Step 5  Closed-loop Lock     INFO                        |
| Step 6  Global Time          WAITING                     |
+------------------------------------------------------------+
| Link health                  Link=1  TM=1  RX=1  TX=1 |
| Lock signals                 Helper=1  MainFreq=1  MainPhase=1 |
|                              MainLock=1  PSTAT=1             |
| Global-Time reason           PTP servo offset not yet <60 ps |
| WR PTP servo state           SYNC_PHASE                  |
| WR phase offset              -880 ps (target |offset| <60 ps) |
| Global-Time validity         TIME_VALID=0 PPS_VALID=0     |
| Snapshot                     snapshot=0 stable=1 count=0 |
| PPS registers                CR=20000006 EN=0 ESCR=256   |
| PPS register validity        TM=0 PPS=0                  |
| Step5 result                 LOCK_ACQUIRED_NOT_STABLE    |
+------------------------------------------------------------+

Global Time summary (125 MHz reference; 1 cycle = 8 ns)
------------------------------------------------------------
  MASTER  (DE5_1-11.1)
    TAI=348          CYCLES=124999999    VALID
  SLAVE   (DE5_1-11.2)
    TAI=--           CYCLES=--           WAITING (TIME_VALID=0, PPS_VALID=0)
------------------------------------------------------------
Dashboard read complete.
White Rabbit Step 1-6 dashboard  2026-09-30T09:10:48+08:00  (read-only)
Sampling interval: 10s; per-board comparison window: 2000ms

+------------------------------------------------------------+
| MASTER   DE5_1-11.1                                      |
+------------------------------------------------------------+
| Step 1  PHY / Link           PASS                        |
| Step 2  Endpoint / PTP       PASS                        |
| Step 3  WR Handshake         INFO                        |
| Step 4  SoftPLL Startup      PASS                        |
| Step 5  Closed-loop Lock     INFO                        |
| Step 6  Global Time          VALID                       |
+------------------------------------------------------------+
| Link health                  Link=1  TM=1  RX=1  TX=1 |
| Lock signals                 Helper=NA  MainFreq=NA  MainPhase=NA |
|                              MainLock=NA  PSTAT=NA             |
| Global-Time reason           PPS snapshot valid; Step6 gate passed |
| WR PTP servo state           NA                          |
| WR phase offset              NA ps                       |
| Global-Time validity         TIME_VALID=1 PPS_VALID=1     |
| Snapshot                     snapshot=1 stable=1 count=359 |
| PPS registers                CR=20000006 EN=0 ESCR=268   |
| PPS register validity        TM=1 PPS=1                  |
| Step5 result                 NOT_APPLICABLE_MASTER       |
+------------------------------------------------------------+
+------------------------------------------------------------+
| SLAVE    DE5_1-11.2                                      |
+------------------------------------------------------------+
| Step 1  PHY / Link           PASS                        |
| Step 2  Endpoint / PTP       PASS                        |
| Step 3  WR Handshake         PASS                        |
| Step 4  SoftPLL Startup      PASS                        |
| Step 5  Closed-loop Lock     INFO                        |
| Step 6  Global Time          WAITING                     |
+------------------------------------------------------------+
| Link health                  Link=1  TM=1  RX=1  TX=1 |
| Lock signals                 Helper=1  MainFreq=1  MainPhase=1 |
|                              MainLock=1  PSTAT=1             |
| Global-Time reason           PTP servo offset not yet <60 ps |
| WR PTP servo state           WAIT_OFFSET_STABLE          |
| WR phase offset              -653 ps (target |offset| <60 ps) |
| Global-Time validity         TIME_VALID=0 PPS_VALID=0     |
| Snapshot                     snapshot=0 stable=1 count=0 |
| PPS registers                CR=20000006 EN=0 ESCR=256   |
| PPS register validity        TM=0 PPS=0                  |
| Step5 result                 LOCK_ACQUIRED_NOT_STABLE    |
+------------------------------------------------------------+

Global Time summary (125 MHz reference; 1 cycle = 8 ns)
------------------------------------------------------------
  MASTER  (DE5_1-11.1)
    TAI=358          CYCLES=124999999    VALID
  SLAVE   (DE5_1-11.2)
    TAI=--           CYCLES=--           WAITING (TIME_VALID=0, PPS_VALID=0)
------------------------------------------------------------
Dashboard read complete.
White Rabbit Step 1-6 dashboard  2026-09-30T09:10:58+08:00  (read-only)
Sampling interval: 10s; per-board comparison window: 2000ms

+------------------------------------------------------------+
| MASTER   DE5_1-11.1                                      |
+------------------------------------------------------------+
| Step 1  PHY / Link           PASS                        |
| Step 2  Endpoint / PTP       PASS                        |
| Step 3  WR Handshake         INFO                        |
| Step 4  SoftPLL Startup      PASS                        |
| Step 5  Closed-loop Lock     INFO                        |
| Step 6  Global Time          VALID                       |
+------------------------------------------------------------+
| Link health                  Link=1  TM=1  RX=1  TX=1 |
| Lock signals                 Helper=NA  MainFreq=NA  MainPhase=NA |
|                              MainLock=NA  PSTAT=NA             |
| Global-Time reason           PPS snapshot valid; Step6 gate passed |
| WR PTP servo state           NA                          |
| WR phase offset              NA ps                       |
| Global-Time validity         TIME_VALID=1 PPS_VALID=1     |
| Snapshot                     snapshot=1 stable=1 count=369 |
| PPS registers                CR=20000006 EN=0 ESCR=268   |
| PPS register validity        TM=1 PPS=1                  |
| Step5 result                 NOT_APPLICABLE_MASTER       |
+------------------------------------------------------------+
+------------------------------------------------------------+
| SLAVE    DE5_1-11.2                                      |
+------------------------------------------------------------+
| Step 1  PHY / Link           PASS                        |
| Step 2  Endpoint / PTP       PASS                        |
| Step 3  WR Handshake         PASS                        |
| Step 4  SoftPLL Startup      PASS                        |
| Step 5  Closed-loop Lock     INFO                        |
| Step 6  Global Time          WAITING                     |
+------------------------------------------------------------+
| Link health                  Link=1  TM=1  RX=1  TX=1 |
| Lock signals                 Helper=1  MainFreq=1  MainPhase=1 |
|                              MainLock=1  PSTAT=1             |
| Global-Time reason           PTP servo offset not yet <60 ps |
| WR PTP servo state           WAIT_OFFSET_STABLE          |
| WR phase offset              -598 ps (target |offset| <60 ps) |
| Global-Time validity         TIME_VALID=0 PPS_VALID=0     |
| Snapshot                     snapshot=0 stable=1 count=0 |
| PPS registers                CR=20000006 EN=0 ESCR=256   |
| PPS register validity        TM=0 PPS=0                  |
| Step5 result                 LOCK_ACQUIRED_NOT_STABLE    |
+------------------------------------------------------------+

Global Time summary (125 MHz reference; 1 cycle = 8 ns)
------------------------------------------------------------
  MASTER  (DE5_1-11.1)
    TAI=368          CYCLES=124999999    VALID
  SLAVE   (DE5_1-11.2)
    TAI=--           CYCLES=--           WAITING (TIME_VALID=0, PPS_VALID=0)
------------------------------------------------------------
Dashboard read complete.
White Rabbit Step 1-6 dashboard  2026-09-30T09:11:08+08:00  (read-only)
Sampling interval: 10s; per-board comparison window: 2000ms

+------------------------------------------------------------+
| MASTER   DE5_1-11.1                                      |
+------------------------------------------------------------+
| Step 1  PHY / Link           PASS                        |
| Step 2  Endpoint / PTP       PASS                        |
| Step 3  WR Handshake         INFO                        |
| Step 4  SoftPLL Startup      PASS                        |
| Step 5  Closed-loop Lock     INFO                        |
| Step 6  Global Time          VALID                       |
+------------------------------------------------------------+
| Link health                  Link=1  TM=1  RX=1  TX=1 |
| Lock signals                 Helper=NA  MainFreq=NA  MainPhase=NA |
|                              MainLock=NA  PSTAT=NA             |
| Global-Time reason           PPS snapshot valid; Step6 gate passed |
| WR PTP servo state           NA                          |
| WR phase offset              NA ps                       |
| Global-Time validity         TIME_VALID=1 PPS_VALID=1     |
| Snapshot                     snapshot=1 stable=1 count=379 |
| PPS registers                CR=20000006 EN=0 ESCR=268   |
| PPS register validity        TM=1 PPS=1                  |
| Step5 result                 NOT_APPLICABLE_MASTER       |
+------------------------------------------------------------+
+------------------------------------------------------------+
| SLAVE    DE5_1-11.2                                      |
+------------------------------------------------------------+
| Step 1  PHY / Link           PASS                        |
| Step 2  Endpoint / PTP       PASS                        |
| Step 3  WR Handshake         PASS                        |
| Step 4  SoftPLL Startup      PASS                        |
| Step 5  Closed-loop Lock     INFO                        |
| Step 6  Global Time          WAITING                     |
+------------------------------------------------------------+
| Link health                  Link=1  TM=1  RX=1  TX=1 |
| Lock signals                 Helper=1  MainFreq=1  MainPhase=1 |
|                              MainLock=1  PSTAT=1             |
| Global-Time reason           PTP servo offset not yet <60 ps |
| WR PTP servo state           WAIT_OFFSET_STABLE          |
| WR phase offset              -570 ps (target |offset| <60 ps) |
| Global-Time validity         TIME_VALID=0 PPS_VALID=0     |
| Snapshot                     snapshot=0 stable=1 count=0 |
| PPS registers                CR=20000006 EN=0 ESCR=256   |
| PPS register validity        TM=0 PPS=0                  |
| Step5 result                 LOCK_ACQUIRED_NOT_STABLE    |
+------------------------------------------------------------+

Global Time summary (125 MHz reference; 1 cycle = 8 ns)
------------------------------------------------------------
  MASTER  (DE5_1-11.1)
    TAI=378          CYCLES=124999999    VALID
  SLAVE   (DE5_1-11.2)
    TAI=--           CYCLES=--           WAITING (TIME_VALID=0, PPS_VALID=0)
------------------------------------------------------------
Dashboard read complete.
White Rabbit Step 1-6 dashboard  2026-09-30T09:11:18+08:00  (read-only)
Sampling interval: 10s; per-board comparison window: 2000ms

+------------------------------------------------------------+
| MASTER   DE5_1-11.1                                      |
+------------------------------------------------------------+
| Step 1  PHY / Link           PASS                        |
| Step 2  Endpoint / PTP       PASS                        |
| Step 3  WR Handshake         INFO                        |
| Step 4  SoftPLL Startup      PASS                        |
| Step 5  Closed-loop Lock     INFO                        |
| Step 6  Global Time          VALID                       |
+------------------------------------------------------------+
| Link health                  Link=1  TM=1  RX=1  TX=1 |
| Lock signals                 Helper=NA  MainFreq=NA  MainPhase=NA |
|                              MainLock=NA  PSTAT=NA             |
| Global-Time reason           PPS snapshot valid; Step6 gate passed |
| WR PTP servo state           NA                          |
| WR phase offset              NA ps                       |
| Global-Time validity         TIME_VALID=1 PPS_VALID=1     |
| Snapshot                     snapshot=1 stable=1 count=389 |
| PPS registers                CR=20000006 EN=0 ESCR=268   |
| PPS register validity        TM=1 PPS=1                  |
| Step5 result                 NOT_APPLICABLE_MASTER       |
+------------------------------------------------------------+
+------------------------------------------------------------+
| SLAVE    DE5_1-11.2                                      |
+------------------------------------------------------------+
| Step 1  PHY / Link           PASS                        |
| Step 2  Endpoint / PTP       PASS                        |
| Step 3  WR Handshake         PASS                        |
| Step 4  SoftPLL Startup      PASS                        |
| Step 5  Closed-loop Lock     INFO                        |
| Step 6  Global Time          WAITING                     |
+------------------------------------------------------------+
| Link health                  Link=1  TM=1  RX=1  TX=1 |
| Lock signals                 Helper=1  MainFreq=1  MainPhase=1 |
|                              MainLock=1  PSTAT=1             |
| Global-Time reason           PTP servo offset not yet <60 ps |
| WR PTP servo state           WAIT_OFFSET_STABLE          |
| WR phase offset              3523 ps (target |offset| <60 ps) |
| Global-Time validity         TIME_VALID=0 PPS_VALID=0     |
| Snapshot                     snapshot=0 stable=1 count=0 |
| PPS registers                CR=20000006 EN=0 ESCR=256   |
| PPS register validity        TM=0 PPS=0                  |
| Step5 result                 LOCK_ACQUIRED_NOT_STABLE    |
+------------------------------------------------------------+

Global Time summary (125 MHz reference; 1 cycle = 8 ns)
------------------------------------------------------------
  MASTER  (DE5_1-11.1)
    TAI=388          CYCLES=124999999    VALID
  SLAVE   (DE5_1-11.2)
    TAI=--           CYCLES=--           WAITING (TIME_VALID=0, PPS_VALID=0)
------------------------------------------------------------
Dashboard read complete.
White Rabbit Step 1-6 dashboard  2026-09-30T09:11:28+08:00  (read-only)
Sampling interval: 10s; per-board comparison window: 2000ms

+------------------------------------------------------------+
| MASTER   DE5_1-11.1                                      |
+------------------------------------------------------------+
| Step 1  PHY / Link           PASS                        |
| Step 2  Endpoint / PTP       PASS                        |
| Step 3  WR Handshake         INFO                        |
| Step 4  SoftPLL Startup      PASS                        |
| Step 5  Closed-loop Lock     INFO                        |
| Step 6  Global Time          VALID                       |
+------------------------------------------------------------+
| Link health                  Link=1  TM=1  RX=1  TX=1 |
| Lock signals                 Helper=NA  MainFreq=NA  MainPhase=NA |
|                              MainLock=NA  PSTAT=NA             |
| Global-Time reason           PPS snapshot valid; Step6 gate passed |
| WR PTP servo state           NA                          |
| WR phase offset              NA ps                       |
| Global-Time validity         TIME_VALID=1 PPS_VALID=1     |
| Snapshot                     snapshot=1 stable=1 count=399 |
| PPS registers                CR=20000006 EN=0 ESCR=268   |
| PPS register validity        TM=1 PPS=1                  |
| Step5 result                 NOT_APPLICABLE_MASTER       |
+------------------------------------------------------------+
+------------------------------------------------------------+
| SLAVE    DE5_1-11.2                                      |
+------------------------------------------------------------+
| Step 1  PHY / Link           PASS                        |
| Step 2  Endpoint / PTP       PASS                        |
| Step 3  WR Handshake         PASS                        |
| Step 4  SoftPLL Startup      PASS                        |
| Step 5  Closed-loop Lock     INFO                        |
| Step 6  Global Time          WAITING                     |
+------------------------------------------------------------+
| Link health                  Link=1  TM=1  RX=1  TX=1 |
| Lock signals                 Helper=1  MainFreq=1  MainPhase=1 |
|                              MainLock=1  PSTAT=1             |
| Global-Time reason           PTP servo offset not yet <60 ps |
| WR PTP servo state           WAIT_OFFSET_STABLE          |
| WR phase offset              -909 ps (target |offset| <60 ps) |
| Global-Time validity         TIME_VALID=0 PPS_VALID=0     |
| Snapshot                     snapshot=0 stable=1 count=0 |
| PPS registers                CR=20000006 EN=0 ESCR=10223488 |
| PPS register validity        TM=0 PPS=0                  |
| Step5 result                 LOCK_ACQUIRED_NOT_STABLE    |
+------------------------------------------------------------+

Global Time summary (125 MHz reference; 1 cycle = 8 ns)
------------------------------------------------------------
  MASTER  (DE5_1-11.1)
    TAI=398          CYCLES=124999999    VALID
  SLAVE   (DE5_1-11.2)
    TAI=--           CYCLES=--           WAITING (TIME_VALID=0, PPS_VALID=0)
------------------------------------------------------------
Dashboard read complete.
White Rabbit Step 1-6 dashboard  2026-09-30T09:11:38+08:00  (read-only)
Sampling interval: 10s; per-board comparison window: 2000ms

+------------------------------------------------------------+
| MASTER   DE5_1-11.1                                      |
+------------------------------------------------------------+
| Step 1  PHY / Link           PASS                        |
| Step 2  Endpoint / PTP       PASS                        |
| Step 3  WR Handshake         INFO                        |
| Step 4  SoftPLL Startup      PASS                        |
| Step 5  Closed-loop Lock     INFO                        |
| Step 6  Global Time          VALID                       |
+------------------------------------------------------------+
| Link health                  Link=1  TM=1  RX=1  TX=1 |
| Lock signals                 Helper=NA  MainFreq=NA  MainPhase=NA |
|                              MainLock=NA  PSTAT=NA             |
| Global-Time reason           PPS snapshot valid; Step6 gate passed |
| WR PTP servo state           NA                          |
| WR phase offset              NA ps                       |
| Global-Time validity         TIME_VALID=1 PPS_VALID=1     |
| Snapshot                     snapshot=1 stable=1 count=409 |
| PPS registers                CR=20000006 EN=0 ESCR=268   |
| PPS register validity        TM=1 PPS=1                  |
| Step5 result                 NOT_APPLICABLE_MASTER       |
+------------------------------------------------------------+
+------------------------------------------------------------+
| SLAVE    DE5_1-11.2                                      |
+------------------------------------------------------------+
| Step 1  PHY / Link           PASS                        |
| Step 2  Endpoint / PTP       PASS                        |
| Step 3  WR Handshake         PASS                        |
| Step 4  SoftPLL Startup      PASS                        |
| Step 5  Closed-loop Lock     INFO                        |
| Step 6  Global Time          WAITING                     |
+------------------------------------------------------------+
| Link health                  Link=1  TM=1  RX=1  TX=1 |
| Lock signals                 Helper=1  MainFreq=1  MainPhase=1 |
|                              MainLock=1  PSTAT=1             |
| Global-Time reason           PTP servo offset not yet <60 ps |
| WR PTP servo state           WAIT_OFFSET_STABLE          |
| WR phase offset              -1160 ps (target |offset| <60 ps) |
| Global-Time validity         TIME_VALID=0 PPS_VALID=0     |
| Snapshot                     snapshot=0 stable=1 count=0 |
| PPS registers                CR=20000006 EN=0 ESCR=256   |
| PPS register validity        TM=0 PPS=0                  |
| Step5 result                 LOCK_ACQUIRED_NOT_STABLE    |
+------------------------------------------------------------+

Global Time summary (125 MHz reference; 1 cycle = 8 ns)
------------------------------------------------------------
  MASTER  (DE5_1-11.1)
    TAI=408          CYCLES=124999999    VALID
  SLAVE   (DE5_1-11.2)
    TAI=--           CYCLES=--           WAITING (TIME_VALID=0, PPS_VALID=0)
------------------------------------------------------------
Dashboard read complete.
White Rabbit Step 1-6 dashboard  2026-09-30T09:11:48+08:00  (read-only)
Sampling interval: 10s; per-board comparison window: 2000ms

+------------------------------------------------------------+
| MASTER   DE5_1-11.1                                      |
+------------------------------------------------------------+
| Step 1  PHY / Link           PASS                        |
| Step 2  Endpoint / PTP       PASS                        |
| Step 3  WR Handshake         INFO                        |
| Step 4  SoftPLL Startup      PASS                        |
| Step 5  Closed-loop Lock     INFO                        |
| Step 6  Global Time          VALID                       |
+------------------------------------------------------------+
| Link health                  Link=1  TM=1  RX=1  TX=1 |
| Lock signals                 Helper=NA  MainFreq=NA  MainPhase=NA |
|                              MainLock=NA  PSTAT=NA             |
| Global-Time reason           PPS snapshot valid; Step6 gate passed |
| WR PTP servo state           NA                          |
| WR phase offset              NA ps                       |
| Global-Time validity         TIME_VALID=1 PPS_VALID=1     |
| Snapshot                     snapshot=1 stable=1 count=419 |
| PPS registers                CR=20000006 EN=0 ESCR=268   |
| PPS register validity        TM=1 PPS=1                  |
| Step5 result                 NOT_APPLICABLE_MASTER       |
+------------------------------------------------------------+
+------------------------------------------------------------+
| SLAVE    DE5_1-11.2                                      |
+------------------------------------------------------------+
| Step 1  PHY / Link           PASS                        |
| Step 2  Endpoint / PTP       PASS                        |
| Step 3  WR Handshake         PASS                        |
| Step 4  SoftPLL Startup      PASS                        |
| Step 5  Closed-loop Lock     INFO                        |
| Step 6  Global Time          WAITING                     |
+------------------------------------------------------------+
| Link health                  Link=1  TM=1  RX=1  TX=1 |
| Lock signals                 Helper=1  MainFreq=1  MainPhase=1 |
|                              MainLock=1  PSTAT=1             |
| Global-Time reason           PTP servo offset not yet <60 ps |
| WR PTP servo state           WAIT_OFFSET_STABLE          |
| WR phase offset              -896 ps (target |offset| <60 ps) |
| Global-Time validity         TIME_VALID=0 PPS_VALID=0     |
| Snapshot                     snapshot=0 stable=1 count=0 |
| PPS registers                CR=20000006 EN=0 ESCR=256   |
| PPS register validity        TM=0 PPS=0                  |
| Step5 result                 LOCK_ACQUIRED_NOT_STABLE    |
+------------------------------------------------------------+

Global Time summary (125 MHz reference; 1 cycle = 8 ns)
------------------------------------------------------------
  MASTER  (DE5_1-11.1)
    TAI=418          CYCLES=124999999    VALID
  SLAVE   (DE5_1-11.2)
    TAI=--           CYCLES=--           WAITING (TIME_VALID=0, PPS_VALID=0)
------------------------------------------------------------
Dashboard read complete.
White Rabbit Step 1-6 dashboard  2026-09-30T09:11:58+08:00  (read-only)
Sampling interval: 10s; per-board comparison window: 2000ms

+------------------------------------------------------------+
| MASTER   DE5_1-11.1                                      |
+------------------------------------------------------------+
| Step 1  PHY / Link           PASS                        |
| Step 2  Endpoint / PTP       PASS                        |
| Step 3  WR Handshake         INFO                        |
| Step 4  SoftPLL Startup      PASS                        |
| Step 5  Closed-loop Lock     INFO                        |
| Step 6  Global Time          VALID                       |
+------------------------------------------------------------+
| Link health                  Link=1  TM=1  RX=1  TX=1 |
| Lock signals                 Helper=NA  MainFreq=NA  MainPhase=NA |
|                              MainLock=NA  PSTAT=NA             |
| Global-Time reason           PPS snapshot valid; Step6 gate passed |
| WR PTP servo state           NA                          |
| WR phase offset              NA ps                       |
| Global-Time validity         TIME_VALID=1 PPS_VALID=1     |
| Snapshot                     snapshot=1 stable=1 count=429 |
| PPS registers                CR=20000006 EN=0 ESCR=268   |
| PPS register validity        TM=1 PPS=1                  |
| Step5 result                 NOT_APPLICABLE_MASTER       |
+------------------------------------------------------------+
+------------------------------------------------------------+
| SLAVE    DE5_1-11.2                                      |
+------------------------------------------------------------+
| Step 1  PHY / Link           PASS                        |
| Step 2  Endpoint / PTP       PASS                        |
| Step 3  WR Handshake         PASS                        |
| Step 4  SoftPLL Startup      PASS                        |
| Step 5  Closed-loop Lock     INFO                        |
| Step 6  Global Time          WAITING                     |
+------------------------------------------------------------+
| Link health                  Link=1  TM=1  RX=1  TX=1 |
| Lock signals                 Helper=1  MainFreq=1  MainPhase=1 |
|                              MainLock=1  PSTAT=1             |
| Global-Time reason           PTP servo offset not yet <60 ps |
| WR PTP servo state           WAIT_OFFSET_STABLE          |
| WR phase offset              -712 ps (target |offset| <60 ps) |
| Global-Time validity         TIME_VALID=0 PPS_VALID=0     |
| Snapshot                     snapshot=0 stable=1 count=0 |
| PPS registers                CR=20000006 EN=0 ESCR=256   |
| PPS register validity        TM=0 PPS=0                  |
| Step5 result                 LOCK_ACQUIRED_NOT_STABLE    |
+------------------------------------------------------------+

Global Time summary (125 MHz reference; 1 cycle = 8 ns)
------------------------------------------------------------
  MASTER  (DE5_1-11.1)
    TAI=428          CYCLES=124999999    VALID
  SLAVE   (DE5_1-11.2)
    TAI=--           CYCLES=--           WAITING (TIME_VALID=0, PPS_VALID=0)
------------------------------------------------------------
Dashboard read complete.
White Rabbit Step 1-6 dashboard  2026-09-30T09:12:08+08:00  (read-only)
Sampling interval: 10s; per-board comparison window: 2000ms

+------------------------------------------------------------+
| MASTER   DE5_1-11.1                                      |
+------------------------------------------------------------+
| Step 1  PHY / Link           PASS                        |
| Step 2  Endpoint / PTP       PASS                        |
| Step 3  WR Handshake         INFO                        |
| Step 4  SoftPLL Startup      PASS                        |
| Step 5  Closed-loop Lock     INFO                        |
| Step 6  Global Time          VALID                       |
+------------------------------------------------------------+
| Link health                  Link=1  TM=1  RX=1  TX=1 |
| Lock signals                 Helper=NA  MainFreq=NA  MainPhase=NA |
|                              MainLock=NA  PSTAT=NA             |
| Global-Time reason           PPS snapshot valid; Step6 gate passed |
| WR PTP servo state           NA                          |
| WR phase offset              NA ps                       |
| Global-Time validity         TIME_VALID=1 PPS_VALID=1     |
| Snapshot                     snapshot=1 stable=1 count=439 |
| PPS registers                CR=20000006 EN=0 ESCR=268   |
| PPS register validity        TM=1 PPS=1                  |
| Step5 result                 NOT_APPLICABLE_MASTER       |
+------------------------------------------------------------+
+------------------------------------------------------------+
| SLAVE    DE5_1-11.2                                      |
+------------------------------------------------------------+
| Step 1  PHY / Link           PASS                        |
| Step 2  Endpoint / PTP       PASS                        |
| Step 3  WR Handshake         PASS                        |
| Step 4  SoftPLL Startup      PASS                        |
| Step 5  Closed-loop Lock     INFO                        |
| Step 6  Global Time          WAITING                     |
+------------------------------------------------------------+
| Link health                  Link=1  TM=1  RX=1  TX=1 |
| Lock signals                 Helper=1  MainFreq=1  MainPhase=1 |
|                              MainLock=1  PSTAT=1             |
| Global-Time reason           PTP servo offset not yet <60 ps |
| WR PTP servo state           WAIT_OFFSET_STABLE          |
| WR phase offset              3406 ps (target |offset| <60 ps) |
| Global-Time validity         TIME_VALID=0 PPS_VALID=0     |
| Snapshot                     snapshot=0 stable=1 count=0 |
| PPS registers                CR=20000006 EN=0 ESCR=256   |
| PPS register validity        TM=0 PPS=0                  |
| Step5 result                 LOCK_ACQUIRED_NOT_STABLE    |
+------------------------------------------------------------+

Global Time summary (125 MHz reference; 1 cycle = 8 ns)
------------------------------------------------------------
  MASTER  (DE5_1-11.1)
    TAI=438          CYCLES=124999999    VALID
  SLAVE   (DE5_1-11.2)
    TAI=--           CYCLES=--           WAITING (TIME_VALID=0, PPS_VALID=0)
------------------------------------------------------------
Dashboard read complete.
White Rabbit Step 1-6 dashboard  2026-09-30T09:12:18+08:00  (read-only)
Sampling interval: 10s; per-board comparison window: 2000ms

+------------------------------------------------------------+
| MASTER   DE5_1-11.1                                      |
+------------------------------------------------------------+
| Step 1  PHY / Link           PASS                        |
| Step 2  Endpoint / PTP       PASS                        |
| Step 3  WR Handshake         INFO                        |
| Step 4  SoftPLL Startup      PASS                        |
| Step 5  Closed-loop Lock     INFO                        |
| Step 6  Global Time          VALID                       |
+------------------------------------------------------------+
| Link health                  Link=1  TM=1  RX=1  TX=1 |
| Lock signals                 Helper=NA  MainFreq=NA  MainPhase=NA |
|                              MainLock=NA  PSTAT=NA             |
| Global-Time reason           PPS snapshot valid; Step6 gate passed |
| WR PTP servo state           NA                          |
| WR phase offset              NA ps                       |
| Global-Time validity         TIME_VALID=1 PPS_VALID=1     |
| Snapshot                     snapshot=1 stable=1 count=449 |
| PPS registers                CR=20000006 EN=0 ESCR=268   |
| PPS register validity        TM=1 PPS=1                  |
| Step5 result                 NOT_APPLICABLE_MASTER       |
+------------------------------------------------------------+
+------------------------------------------------------------+
| SLAVE    DE5_1-11.2                                      |
+------------------------------------------------------------+
| Step 1  PHY / Link           PASS                        |
| Step 2  Endpoint / PTP       PASS                        |
| Step 3  WR Handshake         PASS                        |
| Step 4  SoftPLL Startup      PASS                        |
| Step 5  Closed-loop Lock     INFO                        |
| Step 6  Global Time          WAITING                     |
+------------------------------------------------------------+
| Link health                  Link=1  TM=1  RX=1  TX=1 |
| Lock signals                 Helper=1  MainFreq=1  MainPhase=1 |
|                              MainLock=1  PSTAT=1             |
| Global-Time reason           PTP servo offset not yet <60 ps |
| WR PTP servo state           WAIT_OFFSET_STABLE          |
| WR phase offset              -514 ps (target |offset| <60 ps) |
| Global-Time validity         TIME_VALID=0 PPS_VALID=0     |
| Snapshot                     snapshot=0 stable=1 count=0 |
| PPS registers                CR=20000006 EN=0 ESCR=256   |
| PPS register validity        TM=0 PPS=0                  |
| Step5 result                 LOCK_ACQUIRED_NOT_STABLE    |
+------------------------------------------------------------+

Global Time summary (125 MHz reference; 1 cycle = 8 ns)
------------------------------------------------------------
  MASTER  (DE5_1-11.1)
    TAI=448          CYCLES=124999999    VALID
  SLAVE   (DE5_1-11.2)
    TAI=--           CYCLES=--           WAITING (TIME_VALID=0, PPS_VALID=0)
------------------------------------------------------------
Dashboard read complete.
White Rabbit Step 1-6 dashboard  2026-09-30T09:12:28+08:00  (read-only)
Sampling interval: 10s; per-board comparison window: 2000ms

+------------------------------------------------------------+
| MASTER   DE5_1-11.1                                      |
+------------------------------------------------------------+
| Step 1  PHY / Link           PASS                        |
| Step 2  Endpoint / PTP       PASS                        |
| Step 3  WR Handshake         INFO                        |
| Step 4  SoftPLL Startup      PASS                        |
| Step 5  Closed-loop Lock     INFO                        |
| Step 6  Global Time          VALID                       |
+------------------------------------------------------------+
| Link health                  Link=1  TM=1  RX=1  TX=1 |
| Lock signals                 Helper=NA  MainFreq=NA  MainPhase=NA |
|                              MainLock=NA  PSTAT=NA             |
| Global-Time reason           PPS snapshot valid; Step6 gate passed |
| WR PTP servo state           NA                          |
| WR phase offset              NA ps                       |
| Global-Time validity         TIME_VALID=1 PPS_VALID=1     |
| Snapshot                     snapshot=1 stable=1 count=459 |
| PPS registers                CR=20000006 EN=0 ESCR=268   |
| PPS register validity        TM=1 PPS=1                  |
| Step5 result                 NOT_APPLICABLE_MASTER       |
+------------------------------------------------------------+
+------------------------------------------------------------+
| SLAVE    DE5_1-11.2                                      |
+------------------------------------------------------------+
| Step 1  PHY / Link           PASS                        |
| Step 2  Endpoint / PTP       PASS                        |
| Step 3  WR Handshake         PASS                        |
| Step 4  SoftPLL Startup      PASS                        |
| Step 5  Closed-loop Lock     INFO                        |
| Step 6  Global Time          WAITING                     |
+------------------------------------------------------------+
| Link health                  Link=1  TM=1  RX=1  TX=1 |
| Lock signals                 Helper=1  MainFreq=1  MainPhase=1 |
|                              MainLock=1  PSTAT=1             |
| Global-Time reason           PTP servo offset not yet <60 ps |
| WR PTP servo state           SYNC_PHASE                  |
| WR phase offset              3400 ps (target |offset| <60 ps) |
| Global-Time validity         TIME_VALID=0 PPS_VALID=0     |
| Snapshot                     snapshot=0 stable=1 count=0 |
| PPS registers                CR=20000006 EN=0 ESCR=256   |
| PPS register validity        TM=0 PPS=0                  |
| Step5 result                 LOCK_ACQUIRED_NOT_STABLE    |
+------------------------------------------------------------+

Global Time summary (125 MHz reference; 1 cycle = 8 ns)
------------------------------------------------------------
  MASTER  (DE5_1-11.1)
    TAI=458          CYCLES=124999999    VALID
  SLAVE   (DE5_1-11.2)
    TAI=--           CYCLES=--           WAITING (TIME_VALID=0, PPS_VALID=0)
------------------------------------------------------------
Dashboard read complete.
White Rabbit Step 1-6 dashboard  2026-09-30T09:12:38+08:00  (read-only)
Sampling interval: 10s; per-board comparison window: 2000ms

+------------------------------------------------------------+
| MASTER   DE5_1-11.1                                      |
+------------------------------------------------------------+
| Step 1  PHY / Link           PASS                        |
| Step 2  Endpoint / PTP       PASS                        |
| Step 3  WR Handshake         INFO                        |
| Step 4  SoftPLL Startup      PASS                        |
| Step 5  Closed-loop Lock     INFO                        |
| Step 6  Global Time          VALID                       |
+------------------------------------------------------------+
| Link health                  Link=1  TM=1  RX=1  TX=1 |
| Lock signals                 Helper=NA  MainFreq=NA  MainPhase=NA |
|                              MainLock=NA  PSTAT=NA             |
| Global-Time reason           PPS snapshot valid; Step6 gate passed |
| WR PTP servo state           NA                          |
| WR phase offset              NA ps                       |
| Global-Time validity         TIME_VALID=1 PPS_VALID=1     |
| Snapshot                     snapshot=1 stable=1 count=469 |
| PPS registers                CR=20000006 EN=0 ESCR=268   |
| PPS register validity        TM=1 PPS=1                  |
| Step5 result                 NOT_APPLICABLE_MASTER       |
+------------------------------------------------------------+
+------------------------------------------------------------+
| SLAVE    DE5_1-11.2                                      |
+------------------------------------------------------------+
| Step 1  PHY / Link           PASS                        |
| Step 2  Endpoint / PTP       PASS                        |
| Step 3  WR Handshake         PASS                        |
| Step 4  SoftPLL Startup      PASS                        |
| Step 5  Closed-loop Lock     INFO                        |
| Step 6  Global Time          WAITING                     |
+------------------------------------------------------------+
| Link health                  Link=1  TM=1  RX=1  TX=1 |
| Lock signals                 Helper=1  MainFreq=1  MainPhase=1 |
|                              MainLock=1  PSTAT=1             |
| Global-Time reason           PTP servo offset not yet <60 ps |
| WR PTP servo state           WAIT_OFFSET_STABLE          |
| WR phase offset              3584 ps (target |offset| <60 ps) |
| Global-Time validity         TIME_VALID=0 PPS_VALID=0     |
| Snapshot                     snapshot=0 stable=1 count=0 |
| PPS registers                CR=20000006 EN=0 ESCR=256   |
| PPS register validity        TM=0 PPS=0                  |
| Step5 result                 LOCK_ACQUIRED_NOT_STABLE    |
+------------------------------------------------------------+

Global Time summary (125 MHz reference; 1 cycle = 8 ns)
------------------------------------------------------------
  MASTER  (DE5_1-11.1)
    TAI=468          CYCLES=124999999    VALID
  SLAVE   (DE5_1-11.2)
    TAI=--           CYCLES=--           WAITING (TIME_VALID=0, PPS_VALID=0)
------------------------------------------------------------
Dashboard read complete.
White Rabbit Step 1-6 dashboard  2026-09-30T09:12:48+08:00  (read-only)
Sampling interval: 10s; per-board comparison window: 2000ms

+------------------------------------------------------------+
| MASTER   DE5_1-11.1                                      |
+------------------------------------------------------------+
| Step 1  PHY / Link           PASS                        |
| Step 2  Endpoint / PTP       PASS                        |
| Step 3  WR Handshake         INFO                        |
| Step 4  SoftPLL Startup      PASS                        |
| Step 5  Closed-loop Lock     INFO                        |
| Step 6  Global Time          VALID                       |
+------------------------------------------------------------+
| Link health                  Link=1  TM=1  RX=1  TX=1 |
| Lock signals                 Helper=NA  MainFreq=NA  MainPhase=NA |
|                              MainLock=NA  PSTAT=NA             |
| Global-Time reason           PPS snapshot valid; Step6 gate passed |
| WR PTP servo state           NA                          |
| WR phase offset              NA ps                       |
| Global-Time validity         TIME_VALID=1 PPS_VALID=1     |
| Snapshot                     snapshot=1 stable=1 count=480 |
| PPS registers                CR=20000006 EN=0 ESCR=268   |
| PPS register validity        TM=1 PPS=1                  |
| Step5 result                 NOT_APPLICABLE_MASTER       |
+------------------------------------------------------------+
+------------------------------------------------------------+
| SLAVE    DE5_1-11.2                                      |
+------------------------------------------------------------+
| Step 1  PHY / Link           PASS                        |
| Step 2  Endpoint / PTP       PASS                        |
| Step 3  WR Handshake         PASS                        |
| Step 4  SoftPLL Startup      PASS                        |
| Step 5  Closed-loop Lock     INFO                        |
| Step 6  Global Time          WAITING                     |
+------------------------------------------------------------+
| Link health                  Link=1  TM=1  RX=1  TX=1 |
| Lock signals                 Helper=1  MainFreq=1  MainPhase=1 |
|                              MainLock=1  PSTAT=1             |
| Global-Time reason           PTP servo offset not yet <60 ps |
| WR PTP servo state           WAIT_OFFSET_STABLE          |
| WR phase offset              3551 ps (target |offset| <60 ps) |
| Global-Time validity         TIME_VALID=0 PPS_VALID=0     |
| Snapshot                     snapshot=0 stable=1 count=0 |
| PPS registers                CR=20000006 EN=0 ESCR=256   |
| PPS register validity        TM=0 PPS=0                  |
| Step5 result                 LOCK_ACQUIRED_NOT_STABLE    |
+------------------------------------------------------------+

Global Time summary (125 MHz reference; 1 cycle = 8 ns)
------------------------------------------------------------
  MASTER  (DE5_1-11.1)
    TAI=479          CYCLES=124999999    VALID
  SLAVE   (DE5_1-11.2)
    TAI=--           CYCLES=--           WAITING (TIME_VALID=0, PPS_VALID=0)
------------------------------------------------------------
Dashboard read complete.
White Rabbit Step 1-6 dashboard  2026-09-30T09:12:58+08:00  (read-only)
Sampling interval: 10s; per-board comparison window: 2000ms

+------------------------------------------------------------+
| MASTER   DE5_1-11.1                                      |
+------------------------------------------------------------+
| Step 1  PHY / Link           PASS                        |
| Step 2  Endpoint / PTP       PASS                        |
| Step 3  WR Handshake         INFO                        |
| Step 4  SoftPLL Startup      PASS                        |
| Step 5  Closed-loop Lock     INFO                        |
| Step 6  Global Time          VALID                       |
+------------------------------------------------------------+
| Link health                  Link=1  TM=1  RX=1  TX=1 |
| Lock signals                 Helper=NA  MainFreq=NA  MainPhase=NA |
|                              MainLock=NA  PSTAT=NA             |
| Global-Time reason           PPS snapshot valid; Step6 gate passed |
| WR PTP servo state           NA                          |
| WR phase offset              NA ps                       |
| Global-Time validity         TIME_VALID=1 PPS_VALID=1     |
| Snapshot                     snapshot=1 stable=1 count=490 |
| PPS registers                CR=20000006 EN=0 ESCR=396   |
| PPS register validity        TM=1 PPS=1                  |
| Step5 result                 NOT_APPLICABLE_MASTER       |
+------------------------------------------------------------+
+------------------------------------------------------------+
| SLAVE    DE5_1-11.2                                      |
+------------------------------------------------------------+
| Step 1  PHY / Link           PASS                        |
| Step 2  Endpoint / PTP       PASS                        |
| Step 3  WR Handshake         PASS                        |
| Step 4  SoftPLL Startup      PASS                        |
| Step 5  Closed-loop Lock     INFO                        |
| Step 6  Global Time          WAITING                     |
+------------------------------------------------------------+
| Link health                  Link=1  TM=1  RX=1  TX=1 |
| Lock signals                 Helper=1  MainFreq=1  MainPhase=1 |
|                              MainLock=1  PSTAT=1             |
| Global-Time reason           PTP servo offset not yet <60 ps |
| WR PTP servo state           WAIT_OFFSET_STABLE          |
| WR phase offset              -930 ps (target |offset| <60 ps) |
| Global-Time validity         TIME_VALID=0 PPS_VALID=0     |
| Snapshot                     snapshot=0 stable=1 count=0 |
| PPS registers                CR=20000006 EN=0 ESCR=256   |
| PPS register validity        TM=0 PPS=0                  |
| Step5 result                 LOCK_ACQUIRED_NOT_STABLE    |
+------------------------------------------------------------+

Global Time summary (125 MHz reference; 1 cycle = 8 ns)
------------------------------------------------------------
  MASTER  (DE5_1-11.1)
    TAI=489          CYCLES=124999999    VALID
  SLAVE   (DE5_1-11.2)
    TAI=--           CYCLES=--           WAITING (TIME_VALID=0, PPS_VALID=0)
------------------------------------------------------------
Dashboard read complete.
White Rabbit Step 1-6 dashboard  2026-09-30T09:13:08+08:00  (read-only)
Sampling interval: 10s; per-board comparison window: 2000ms

+------------------------------------------------------------+
| MASTER   DE5_1-11.1                                      |
+------------------------------------------------------------+
| Step 1  PHY / Link           PASS                        |
| Step 2  Endpoint / PTP       PASS                        |
| Step 3  WR Handshake         INFO                        |
| Step 4  SoftPLL Startup      PASS                        |
| Step 5  Closed-loop Lock     INFO                        |
| Step 6  Global Time          VALID                       |
+------------------------------------------------------------+
| Link health                  Link=1  TM=1  RX=1  TX=1 |
| Lock signals                 Helper=NA  MainFreq=NA  MainPhase=NA |
|                              MainLock=NA  PSTAT=NA             |
| Global-Time reason           PPS snapshot valid; Step6 gate passed |
| WR PTP servo state           NA                          |
| WR phase offset              NA ps                       |
| Global-Time validity         TIME_VALID=1 PPS_VALID=1     |
| Snapshot                     snapshot=1 stable=1 count=500 |
| PPS registers                CR=20000006 EN=0 ESCR=268   |
| PPS register validity        TM=1 PPS=1                  |
| Step5 result                 NOT_APPLICABLE_MASTER       |
+------------------------------------------------------------+
+------------------------------------------------------------+
| SLAVE    DE5_1-11.2                                      |
+------------------------------------------------------------+
| Step 1  PHY / Link           PASS                        |
| Step 2  Endpoint / PTP       PASS                        |
| Step 3  WR Handshake         PASS                        |
| Step 4  SoftPLL Startup      PASS                        |
| Step 5  Closed-loop Lock     INFO                        |
| Step 6  Global Time          WAITING                     |
+------------------------------------------------------------+
| Link health                  Link=1  TM=1  RX=1  TX=1 |
| Lock signals                 Helper=1  MainFreq=1  MainPhase=1 |
|                              MainLock=1  PSTAT=1             |
| Global-Time reason           PTP servo offset not yet <60 ps |
| WR PTP servo state           WAIT_OFFSET_STABLE          |
| WR phase offset              -668 ps (target |offset| <60 ps) |
| Global-Time validity         TIME_VALID=0 PPS_VALID=0     |
| Snapshot                     snapshot=0 stable=1 count=0 |
| PPS registers                CR=20000006 EN=0 ESCR=256   |
| PPS register validity        TM=0 PPS=0                  |
| Step5 result                 LOCK_ACQUIRED_NOT_STABLE    |
+------------------------------------------------------------+

Global Time summary (125 MHz reference; 1 cycle = 8 ns)
------------------------------------------------------------
  MASTER  (DE5_1-11.1)
    TAI=499          CYCLES=124999999    VALID
  SLAVE   (DE5_1-11.2)
    TAI=--           CYCLES=--           WAITING (TIME_VALID=0, PPS_VALID=0)
------------------------------------------------------------
Dashboard read complete.
White Rabbit Step 1-6 dashboard  2026-09-30T09:13:18+08:00  (read-only)
Sampling interval: 10s; per-board comparison window: 2000ms

+------------------------------------------------------------+
| MASTER   DE5_1-11.1                                      |
+------------------------------------------------------------+
| Step 1  PHY / Link           PASS                        |
| Step 2  Endpoint / PTP       PASS                        |
| Step 3  WR Handshake         INFO                        |
| Step 4  SoftPLL Startup      PASS                        |
| Step 5  Closed-loop Lock     INFO                        |
| Step 6  Global Time          VALID                       |
+------------------------------------------------------------+
| Link health                  Link=1  TM=1  RX=1  TX=1 |
| Lock signals                 Helper=NA  MainFreq=NA  MainPhase=NA |
|                              MainLock=NA  PSTAT=NA             |
| Global-Time reason           PPS snapshot valid; Step6 gate passed |
| WR PTP servo state           NA                          |
| WR phase offset              NA ps                       |
| Global-Time validity         TIME_VALID=1 PPS_VALID=1     |
| Snapshot                     snapshot=1 stable=1 count=510 |
| PPS registers                CR=20000006 EN=0 ESCR=268   |
| PPS register validity        TM=1 PPS=1                  |
| Step5 result                 NOT_APPLICABLE_MASTER       |
+------------------------------------------------------------+
+------------------------------------------------------------+
| SLAVE    DE5_1-11.2                                      |
+------------------------------------------------------------+
| Step 1  PHY / Link           PASS                        |
| Step 2  Endpoint / PTP       PASS                        |
| Step 3  WR Handshake         PASS                        |
| Step 4  SoftPLL Startup      PASS                        |
| Step 5  Closed-loop Lock     INFO                        |
| Step 6  Global Time          WAITING                     |
+------------------------------------------------------------+
| Link health                  Link=1  TM=1  RX=1  TX=1 |
| Lock signals                 Helper=1  MainFreq=1  MainPhase=1 |
|                              MainLock=1  PSTAT=1             |
| Global-Time reason           PTP servo offset not yet <60 ps |
| WR PTP servo state           WAIT_OFFSET_STABLE          |
| WR phase offset              -684 ps (target |offset| <60 ps) |
| Global-Time validity         TIME_VALID=0 PPS_VALID=0     |
| Snapshot                     snapshot=0 stable=1 count=0 |
| PPS registers                CR=20000006 EN=0 ESCR=512   |
| PPS register validity        TM=0 PPS=0                  |
| Step5 result                 LOCK_ACQUIRED_NOT_STABLE    |
+------------------------------------------------------------+

Global Time summary (125 MHz reference; 1 cycle = 8 ns)
------------------------------------------------------------
  MASTER  (DE5_1-11.1)
    TAI=509          CYCLES=124999999    VALID
  SLAVE   (DE5_1-11.2)
    TAI=--           CYCLES=--           WAITING (TIME_VALID=0, PPS_VALID=0)
------------------------------------------------------------
Dashboard read complete.
White Rabbit Step 1-6 dashboard  2026-09-30T09:13:28+08:00  (read-only)
Sampling interval: 10s; per-board comparison window: 2000ms

+------------------------------------------------------------+
| MASTER   DE5_1-11.1                                      |
+------------------------------------------------------------+
| Step 1  PHY / Link           PASS                        |
| Step 2  Endpoint / PTP       PASS                        |
| Step 3  WR Handshake         INFO                        |
| Step 4  SoftPLL Startup      PASS                        |
| Step 5  Closed-loop Lock     INFO                        |
| Step 6  Global Time          VALID                       |
+------------------------------------------------------------+
| Link health                  Link=1  TM=1  RX=1  TX=1 |
| Lock signals                 Helper=NA  MainFreq=NA  MainPhase=NA |
|                              MainLock=NA  PSTAT=NA             |
| Global-Time reason           PPS snapshot valid; Step6 gate passed |
| WR PTP servo state           NA                          |
| WR phase offset              NA ps                       |
| Global-Time validity         TIME_VALID=1 PPS_VALID=1     |
| Snapshot                     snapshot=1 stable=1 count=520 |
| PPS registers                CR=20000006 EN=0 ESCR=524   |
| PPS register validity        TM=1 PPS=1                  |
| Step5 result                 NOT_APPLICABLE_MASTER       |
+------------------------------------------------------------+
+------------------------------------------------------------+
| SLAVE    DE5_1-11.2                                      |
+------------------------------------------------------------+
| Step 1  PHY / Link           PASS                        |
| Step 2  Endpoint / PTP       PASS                        |
| Step 3  WR Handshake         PASS                        |
| Step 4  SoftPLL Startup      PASS                        |
| Step 5  Closed-loop Lock     INFO                        |
| Step 6  Global Time          WAITING                     |
+------------------------------------------------------------+
| Link health                  Link=1  TM=1  RX=1  TX=1 |
| Lock signals                 Helper=1  MainFreq=1  MainPhase=1 |
|                              MainLock=1  PSTAT=1             |
| Global-Time reason           PTP servo offset not yet <60 ps |
| WR PTP servo state           WAIT_OFFSET_STABLE          |
| WR phase offset              3443 ps (target |offset| <60 ps) |
| Global-Time validity         TIME_VALID=0 PPS_VALID=0     |
| Snapshot                     snapshot=0 stable=1 count=0 |
| PPS registers                CR=20000006 EN=0 ESCR=512   |
| PPS register validity        TM=0 PPS=0                  |
| Step5 result                 LOCK_ACQUIRED_NOT_STABLE    |
+------------------------------------------------------------+

Global Time summary (125 MHz reference; 1 cycle = 8 ns)
------------------------------------------------------------
  MASTER  (DE5_1-11.1)
    TAI=519          CYCLES=124999999    VALID
  SLAVE   (DE5_1-11.2)
    TAI=--           CYCLES=--           WAITING (TIME_VALID=0, PPS_VALID=0)
------------------------------------------------------------
Dashboard read complete.
White Rabbit Step 1-6 dashboard  2026-09-30T09:13:38+08:00  (read-only)
Sampling interval: 10s; per-board comparison window: 2000ms

+------------------------------------------------------------+
| MASTER   DE5_1-11.1                                      |
+------------------------------------------------------------+
| Step 1  PHY / Link           PASS                        |
| Step 2  Endpoint / PTP       PASS                        |
| Step 3  WR Handshake         INFO                        |
| Step 4  SoftPLL Startup      PASS                        |
| Step 5  Closed-loop Lock     INFO                        |
| Step 6  Global Time          VALID                       |
+------------------------------------------------------------+
| Link health                  Link=1  TM=1  RX=1  TX=1 |
| Lock signals                 Helper=NA  MainFreq=NA  MainPhase=NA |
|                              MainLock=NA  PSTAT=NA             |
| Global-Time reason           PPS snapshot valid; Step6 gate passed |
| WR PTP servo state           NA                          |
| WR phase offset              NA ps                       |
| Global-Time validity         TIME_VALID=1 PPS_VALID=1     |
| Snapshot                     snapshot=1 stable=1 count=529 |
| PPS registers                CR=20000006 EN=0 ESCR=524   |
| PPS register validity        TM=1 PPS=1                  |
| Step5 result                 NOT_APPLICABLE_MASTER       |
+------------------------------------------------------------+
+------------------------------------------------------------+
| SLAVE    DE5_1-11.2                                      |
+------------------------------------------------------------+
| Step 1  PHY / Link           PASS                        |
| Step 2  Endpoint / PTP       PASS                        |
| Step 3  WR Handshake         PASS                        |
| Step 4  SoftPLL Startup      PASS                        |
| Step 5  Closed-loop Lock     INFO                        |
| Step 6  Global Time          WAITING                     |
+------------------------------------------------------------+
| Link health                  Link=1  TM=1  RX=1  TX=1 |
| Lock signals                 Helper=1  MainFreq=1  MainPhase=1 |
|                              MainLock=1  PSTAT=1             |
| Global-Time reason           PTP servo offset not yet <60 ps |
| WR PTP servo state           WAIT_OFFSET_STABLE          |
| WR phase offset              -482 ps (target |offset| <60 ps) |
| Global-Time validity         TIME_VALID=0 PPS_VALID=0     |
| Snapshot                     snapshot=0 stable=1 count=0 |
| PPS registers                CR=20000006 EN=0 ESCR=512   |
| PPS register validity        TM=0 PPS=0                  |
| Step5 result                 LOCK_ACQUIRED_NOT_STABLE    |
+------------------------------------------------------------+

Global Time summary (125 MHz reference; 1 cycle = 8 ns)
------------------------------------------------------------
  MASTER  (DE5_1-11.1)
    TAI=528          CYCLES=124999999    VALID
  SLAVE   (DE5_1-11.2)
    TAI=--           CYCLES=--           WAITING (TIME_VALID=0, PPS_VALID=0)
------------------------------------------------------------
Dashboard read complete.
White Rabbit Step 1-6 dashboard  2026-09-30T09:13:48+08:00  (read-only)
Sampling interval: 10s; per-board comparison window: 2000ms

+------------------------------------------------------------+
| MASTER   DE5_1-11.1                                      |
+------------------------------------------------------------+
| Step 1  PHY / Link           PASS                        |
| Step 2  Endpoint / PTP       PASS                        |
| Step 3  WR Handshake         INFO                        |
| Step 4  SoftPLL Startup      PASS                        |
| Step 5  Closed-loop Lock     INFO                        |
| Step 6  Global Time          VALID                       |
+------------------------------------------------------------+
| Link health                  Link=1  TM=1  RX=1  TX=1 |
| Lock signals                 Helper=NA  MainFreq=NA  MainPhase=NA |
|                              MainLock=NA  PSTAT=NA             |
| Global-Time reason           PPS snapshot valid; Step6 gate passed |
| WR PTP servo state           NA                          |
| WR phase offset              NA ps                       |
| Global-Time validity         TIME_VALID=1 PPS_VALID=1     |
| Snapshot                     snapshot=1 stable=1 count=540 |
| PPS registers                CR=20000006 EN=0 ESCR=524   |
| PPS register validity        TM=1 PPS=1                  |
| Step5 result                 NOT_APPLICABLE_MASTER       |
+------------------------------------------------------------+
+------------------------------------------------------------+
| SLAVE    DE5_1-11.2                                      |
+------------------------------------------------------------+
| Step 1  PHY / Link           PASS                        |
| Step 2  Endpoint / PTP       PASS                        |
| Step 3  WR Handshake         PASS                        |
| Step 4  SoftPLL Startup      PASS                        |
| Step 5  Closed-loop Lock     INFO                        |
| Step 6  Global Time          WAITING                     |
+------------------------------------------------------------+
| Link health                  Link=1  TM=1  RX=1  TX=1 |
| Lock signals                 Helper=1  MainFreq=1  MainPhase=1 |
|                              MainLock=1  PSTAT=1             |
| Global-Time reason           PTP servo offset not yet <60 ps |
| WR PTP servo state           WAIT_OFFSET_STABLE          |
| WR phase offset              -396 ps (target |offset| <60 ps) |
| Global-Time validity         TIME_VALID=0 PPS_VALID=0     |
| Snapshot                     snapshot=0 stable=1 count=0 |
| PPS registers                CR=20000006 EN=0 ESCR=512   |
| PPS register validity        TM=0 PPS=0                  |
| Step5 result                 LOCK_ACQUIRED_NOT_STABLE    |
+------------------------------------------------------------+

Global Time summary (125 MHz reference; 1 cycle = 8 ns)
------------------------------------------------------------
  MASTER  (DE5_1-11.1)
    TAI=539          CYCLES=124999999    VALID
  SLAVE   (DE5_1-11.2)
    TAI=--           CYCLES=--           WAITING (TIME_VALID=0, PPS_VALID=0)
------------------------------------------------------------
Dashboard read complete.
White Rabbit Step 1-6 dashboard  2026-09-30T09:13:58+08:00  (read-only)
Sampling interval: 10s; per-board comparison window: 2000ms

+------------------------------------------------------------+
| MASTER   DE5_1-11.1                                      |
+------------------------------------------------------------+
| Step 1  PHY / Link           PASS                        |
| Step 2  Endpoint / PTP       PASS                        |
| Step 3  WR Handshake         INFO                        |
| Step 4  SoftPLL Startup      PASS                        |
| Step 5  Closed-loop Lock     INFO                        |
| Step 6  Global Time          VALID                       |
+------------------------------------------------------------+
| Link health                  Link=1  TM=1  RX=1  TX=1 |
| Lock signals                 Helper=NA  MainFreq=NA  MainPhase=NA |
|                              MainLock=NA  PSTAT=NA             |
| Global-Time reason           PPS snapshot valid; Step6 gate passed |
| WR PTP servo state           NA                          |
| WR phase offset              NA ps                       |
| Global-Time validity         TIME_VALID=1 PPS_VALID=1     |
| Snapshot                     snapshot=1 stable=1 count=550 |
| PPS registers                CR=20000006 EN=0 ESCR=524   |
| PPS register validity        TM=1 PPS=1                  |
| Step5 result                 NOT_APPLICABLE_MASTER       |
+------------------------------------------------------------+
+------------------------------------------------------------+
| SLAVE    DE5_1-11.2                                      |
+------------------------------------------------------------+
| Step 1  PHY / Link           PASS                        |
| Step 2  Endpoint / PTP       PASS                        |
| Step 3  WR Handshake         PASS                        |
| Step 4  SoftPLL Startup      PASS                        |
| Step 5  Closed-loop Lock     INFO                        |
| Step 6  Global Time          WAITING                     |
+------------------------------------------------------------+
| Link health                  Link=1  TM=1  RX=1  TX=1 |
| Lock signals                 Helper=1  MainFreq=1  MainPhase=1 |
|                              MainLock=1  PSTAT=1             |
| Global-Time reason           PTP servo offset not yet <60 ps |
| WR PTP servo state           WAIT_OFFSET_STABLE          |
| WR phase offset              3575 ps (target |offset| <60 ps) |
| Global-Time validity         TIME_VALID=0 PPS_VALID=0     |
| Snapshot                     snapshot=0 stable=1 count=0 |
| PPS registers                CR=20000006 EN=0 ESCR=512   |
| PPS register validity        TM=0 PPS=0                  |
| Step5 result                 LOCK_ACQUIRED_NOT_STABLE    |
+------------------------------------------------------------+

Global Time summary (125 MHz reference; 1 cycle = 8 ns)
------------------------------------------------------------
  MASTER  (DE5_1-11.1)
    TAI=549          CYCLES=124999999    VALID
  SLAVE   (DE5_1-11.2)
    TAI=--           CYCLES=--           WAITING (TIME_VALID=0, PPS_VALID=0)
------------------------------------------------------------
Dashboard read complete.
White Rabbit Step 1-6 dashboard  2026-09-30T09:14:08+08:00  (read-only)
Sampling interval: 10s; per-board comparison window: 2000ms

+------------------------------------------------------------+
| MASTER   DE5_1-11.1                                      |
+------------------------------------------------------------+
| Step 1  PHY / Link           PASS                        |
| Step 2  Endpoint / PTP       PASS                        |
| Step 3  WR Handshake         INFO                        |
| Step 4  SoftPLL Startup      PASS                        |
| Step 5  Closed-loop Lock     INFO                        |
| Step 6  Global Time          VALID                       |
+------------------------------------------------------------+
| Link health                  Link=1  TM=1  RX=1  TX=1 |
| Lock signals                 Helper=NA  MainFreq=NA  MainPhase=NA |
|                              MainLock=NA  PSTAT=NA             |
| Global-Time reason           PPS snapshot valid; Step6 gate passed |
| WR PTP servo state           NA                          |
| WR phase offset              NA ps                       |
| Global-Time validity         TIME_VALID=1 PPS_VALID=1     |
| Snapshot                     snapshot=1 stable=1 count=560 |
| PPS registers                CR=20000006 EN=0 ESCR=524   |
| PPS register validity        TM=1 PPS=1                  |
| Step5 result                 NOT_APPLICABLE_MASTER       |
+------------------------------------------------------------+
+------------------------------------------------------------+
| SLAVE    DE5_1-11.2                                      |
+------------------------------------------------------------+
| Step 1  PHY / Link           PASS                        |
| Step 2  Endpoint / PTP       PASS                        |
| Step 3  WR Handshake         PASS                        |
| Step 4  SoftPLL Startup      PASS                        |
| Step 5  Closed-loop Lock     INFO                        |
| Step 6  Global Time          WAITING                     |
+------------------------------------------------------------+
| Link health                  Link=1  TM=1  RX=1  TX=1 |
| Lock signals                 Helper=1  MainFreq=1  MainPhase=1 |
|                              MainLock=1  PSTAT=1             |
| Global-Time reason           PTP servo offset not yet <60 ps |
| WR PTP servo state           WAIT_OFFSET_STABLE          |
| WR phase offset              -947 ps (target |offset| <60 ps) |
| Global-Time validity         TIME_VALID=0 PPS_VALID=0     |
| Snapshot                     snapshot=0 stable=1 count=0 |
| PPS registers                CR=20000006 EN=0 ESCR=512   |
| PPS register validity        TM=0 PPS=0                  |
| Step5 result                 LOCK_ACQUIRED_NOT_STABLE    |
+------------------------------------------------------------+

Global Time summary (125 MHz reference; 1 cycle = 8 ns)
------------------------------------------------------------
  MASTER  (DE5_1-11.1)
    TAI=559          CYCLES=124999999    VALID
  SLAVE   (DE5_1-11.2)
    TAI=--           CYCLES=--           WAITING (TIME_VALID=0, PPS_VALID=0)
------------------------------------------------------------
Dashboard read complete.
White Rabbit Step 1-6 dashboard  2026-09-30T09:14:18+08:00  (read-only)
Sampling interval: 10s; per-board comparison window: 2000ms

+------------------------------------------------------------+
| MASTER   DE5_1-11.1                                      |
+------------------------------------------------------------+
| Step 1  PHY / Link           PASS                        |
| Step 2  Endpoint / PTP       PASS                        |
| Step 3  WR Handshake         INFO                        |
| Step 4  SoftPLL Startup      PASS                        |
| Step 5  Closed-loop Lock     INFO                        |
| Step 6  Global Time          VALID                       |
+------------------------------------------------------------+
| Link health                  Link=1  TM=1  RX=1  TX=1 |
| Lock signals                 Helper=NA  MainFreq=NA  MainPhase=NA |
|                              MainLock=NA  PSTAT=NA             |
| Global-Time reason           PPS snapshot valid; Step6 gate passed |
| WR PTP servo state           NA                          |
| WR phase offset              NA ps                       |
| Global-Time validity         TIME_VALID=1 PPS_VALID=1     |
| Snapshot                     snapshot=1 stable=1 count=570 |
| PPS registers                CR=20000006 EN=0 ESCR=524   |
| PPS register validity        TM=1 PPS=1                  |
| Step5 result                 NOT_APPLICABLE_MASTER       |
+------------------------------------------------------------+
+------------------------------------------------------------+
| SLAVE    DE5_1-11.2                                      |
+------------------------------------------------------------+
| Step 1  PHY / Link           PASS                        |
| Step 2  Endpoint / PTP       PASS                        |
| Step 3  WR Handshake         PASS                        |
| Step 4  SoftPLL Startup      PASS                        |
| Step 5  Closed-loop Lock     INFO                        |
| Step 6  Global Time          WAITING                     |
+------------------------------------------------------------+
| Link health                  Link=1  TM=1  RX=1  TX=1 |
| Lock signals                 Helper=1  MainFreq=1  MainPhase=1 |
|                              MainLock=1  PSTAT=1             |
| Global-Time reason           PTP servo offset not yet <60 ps |
| WR PTP servo state           WAIT_OFFSET_STABLE          |
| WR phase offset              -925 ps (target |offset| <60 ps) |
| Global-Time validity         TIME_VALID=0 PPS_VALID=0     |
| Snapshot                     snapshot=0 stable=1 count=0 |
| PPS registers                CR=20000006 EN=0 ESCR=512   |
| PPS register validity        TM=0 PPS=0                  |
| Step5 result                 LOCK_ACQUIRED_NOT_STABLE    |
+------------------------------------------------------------+

Global Time summary (125 MHz reference; 1 cycle = 8 ns)
------------------------------------------------------------
  MASTER  (DE5_1-11.1)
    TAI=569          CYCLES=124999999    VALID
  SLAVE   (DE5_1-11.2)
    TAI=--           CYCLES=--           WAITING (TIME_VALID=0, PPS_VALID=0)
------------------------------------------------------------
Dashboard read complete.
White Rabbit Step 1-6 dashboard  2026-09-30T09:14:28+08:00  (read-only)
Sampling interval: 10s; per-board comparison window: 2000ms

+------------------------------------------------------------+
| MASTER   DE5_1-11.1                                      |
+------------------------------------------------------------+
| Step 1  PHY / Link           PASS                        |
| Step 2  Endpoint / PTP       PASS                        |
| Step 3  WR Handshake         INFO                        |
| Step 4  SoftPLL Startup      PASS                        |
| Step 5  Closed-loop Lock     INFO                        |
| Step 6  Global Time          VALID                       |
+------------------------------------------------------------+
| Link health                  Link=1  TM=1  RX=1  TX=1 |
| Lock signals                 Helper=NA  MainFreq=NA  MainPhase=NA |
|                              MainLock=NA  PSTAT=NA             |
| Global-Time reason           PPS snapshot valid; Step6 gate passed |
| WR PTP servo state           NA                          |
| WR phase offset              NA ps                       |
| Global-Time validity         TIME_VALID=1 PPS_VALID=1     |
| Snapshot                     snapshot=1 stable=1 count=580 |
| PPS registers                CR=20000006 EN=0 ESCR=524   |
| PPS register validity        TM=1 PPS=1                  |
| Step5 result                 NOT_APPLICABLE_MASTER       |
+------------------------------------------------------------+
+------------------------------------------------------------+
| SLAVE    DE5_1-11.2                                      |
+------------------------------------------------------------+
| Step 1  PHY / Link           PASS                        |
| Step 2  Endpoint / PTP       PASS                        |
| Step 3  WR Handshake         PASS                        |
| Step 4  SoftPLL Startup      PASS                        |
| Step 5  Closed-loop Lock     INFO                        |
| Step 6  Global Time          WAITING                     |
+------------------------------------------------------------+
| Link health                  Link=1  TM=1  RX=1  TX=1 |
| Lock signals                 Helper=1  MainFreq=1  MainPhase=1 |
|                              MainLock=1  PSTAT=1             |
| Global-Time reason           PTP servo offset not yet <60 ps |
| WR PTP servo state           SYNC_PHASE                  |
| WR phase offset              -753 ps (target |offset| <60 ps) |
| Global-Time validity         TIME_VALID=0 PPS_VALID=0     |
| Snapshot                     snapshot=0 stable=1 count=0 |
| PPS registers                CR=20000006 EN=0 ESCR=512   |
| PPS register validity        TM=0 PPS=0                  |
| Step5 result                 LOCK_ACQUIRED_NOT_STABLE    |
+------------------------------------------------------------+

Global Time summary (125 MHz reference; 1 cycle = 8 ns)
------------------------------------------------------------
  MASTER  (DE5_1-11.1)
    TAI=579          CYCLES=124999999    VALID
  SLAVE   (DE5_1-11.2)
    TAI=--           CYCLES=--           WAITING (TIME_VALID=0, PPS_VALID=0)
------------------------------------------------------------
Dashboard read complete.
White Rabbit Step 1-6 dashboard  2026-09-30T09:14:38+08:00  (read-only)
Sampling interval: 10s; per-board comparison window: 2000ms

+------------------------------------------------------------+
| MASTER   DE5_1-11.1                                      |
+------------------------------------------------------------+
| Step 1  PHY / Link           PASS                        |
| Step 2  Endpoint / PTP       PASS                        |
| Step 3  WR Handshake         INFO                        |
| Step 4  SoftPLL Startup      PASS                        |
| Step 5  Closed-loop Lock     INFO                        |
| Step 6  Global Time          VALID                       |
+------------------------------------------------------------+
| Link health                  Link=1  TM=1  RX=1  TX=1 |
| Lock signals                 Helper=NA  MainFreq=NA  MainPhase=NA |
|                              MainLock=NA  PSTAT=NA             |
| Global-Time reason           PPS snapshot valid; Step6 gate passed |
| WR PTP servo state           NA                          |
| WR phase offset              NA ps                       |
| Global-Time validity         TIME_VALID=1 PPS_VALID=1     |
| Snapshot                     snapshot=1 stable=1 count=590 |
| PPS registers                CR=20000006 EN=0 ESCR=524   |
| PPS register validity        TM=1 PPS=1                  |
| Step5 result                 NOT_APPLICABLE_MASTER       |
+------------------------------------------------------------+
+------------------------------------------------------------+
| SLAVE    DE5_1-11.2                                      |
+------------------------------------------------------------+
| Step 1  PHY / Link           PASS                        |
| Step 2  Endpoint / PTP       PASS                        |
| Step 3  WR Handshake         PASS                        |
| Step 4  SoftPLL Startup      PASS                        |
| Step 5  Closed-loop Lock     INFO                        |
| Step 6  Global Time          WAITING                     |
+------------------------------------------------------------+
| Link health                  Link=1  TM=1  RX=1  TX=1 |
| Lock signals                 Helper=1  MainFreq=1  MainPhase=1 |
|                              MainLock=1  PSTAT=1             |
| Global-Time reason           PTP servo offset not yet <60 ps |
| WR PTP servo state           WAIT_OFFSET_STABLE          |
| WR phase offset              3169 ps (target |offset| <60 ps) |
| Global-Time validity         TIME_VALID=0 PPS_VALID=0     |
| Snapshot                     snapshot=0 stable=1 count=0 |
| PPS registers                CR=20000006 EN=0 ESCR=512   |
| PPS register validity        TM=0 PPS=0                  |
| Step5 result                 LOCK_ACQUIRED_NOT_STABLE    |
+------------------------------------------------------------+

Global Time summary (125 MHz reference; 1 cycle = 8 ns)
------------------------------------------------------------
  MASTER  (DE5_1-11.1)
    TAI=589          CYCLES=124999999    VALID
  SLAVE   (DE5_1-11.2)
    TAI=--           CYCLES=--           WAITING (TIME_VALID=0, PPS_VALID=0)
------------------------------------------------------------
Dashboard read complete.
White Rabbit Step 1-6 dashboard  2026-09-30T09:14:48+08:00  (read-only)
Sampling interval: 10s; per-board comparison window: 2000ms

+------------------------------------------------------------+
| MASTER   DE5_1-11.1                                      |
+------------------------------------------------------------+
| Step 1  PHY / Link           PASS                        |
| Step 2  Endpoint / PTP       PASS                        |
| Step 3  WR Handshake         INFO                        |
| Step 4  SoftPLL Startup      PASS                        |
| Step 5  Closed-loop Lock     INFO                        |
| Step 6  Global Time          VALID                       |
+------------------------------------------------------------+
| Link health                  Link=1  TM=1  RX=1  TX=1 |
| Lock signals                 Helper=NA  MainFreq=NA  MainPhase=NA |
|                              MainLock=NA  PSTAT=NA             |
| Global-Time reason           PPS snapshot valid; Step6 gate passed |
| WR PTP servo state           NA                          |
| WR phase offset              NA ps                       |
| Global-Time validity         TIME_VALID=1 PPS_VALID=1     |
| Snapshot                     snapshot=1 stable=1 count=600 |
| PPS registers                CR=20000006 EN=0 ESCR=524   |
| PPS register validity        TM=1 PPS=1                  |
| Step5 result                 NOT_APPLICABLE_MASTER       |
+------------------------------------------------------------+
+------------------------------------------------------------+
| SLAVE    DE5_1-11.2                                      |
+------------------------------------------------------------+
| Step 1  PHY / Link           PASS                        |
| Step 2  Endpoint / PTP       PASS                        |
| Step 3  WR Handshake         PASS                        |
| Step 4  SoftPLL Startup      PASS                        |
| Step 5  Closed-loop Lock     INFO                        |
| Step 6  Global Time          WAITING                     |
+------------------------------------------------------------+
| Link health                  Link=1  TM=1  RX=1  TX=1 |
| Lock signals                 Helper=1  MainFreq=1  MainPhase=1 |
|                              MainLock=1  PSTAT=1             |
| Global-Time reason           PTP servo offset not yet <60 ps |
| WR PTP servo state           WAIT_OFFSET_STABLE          |
| WR phase offset              -624 ps (target |offset| <60 ps) |
| Global-Time validity         TIME_VALID=0 PPS_VALID=0     |
| Snapshot                     snapshot=0 stable=1 count=0 |
| PPS registers                CR=20000006 EN=0 ESCR=512   |
| PPS register validity        TM=0 PPS=0                  |
| Step5 result                 LOCK_ACQUIRED_NOT_STABLE    |
+------------------------------------------------------------+

Global Time summary (125 MHz reference; 1 cycle = 8 ns)
------------------------------------------------------------
  MASTER  (DE5_1-11.1)
    TAI=599          CYCLES=124999999    VALID
  SLAVE   (DE5_1-11.2)
    TAI=--           CYCLES=--           WAITING (TIME_VALID=0, PPS_VALID=0)
------------------------------------------------------------
Dashboard read complete.
White Rabbit Step 1-6 dashboard  2026-09-30T09:14:58+08:00  (read-only)
Sampling interval: 10s; per-board comparison window: 2000ms

+------------------------------------------------------------+
| MASTER   DE5_1-11.1                                      |
+------------------------------------------------------------+
| Step 1  PHY / Link           PASS                        |
| Step 2  Endpoint / PTP       PASS                        |
| Step 3  WR Handshake         INFO                        |
| Step 4  SoftPLL Startup      PASS                        |
| Step 5  Closed-loop Lock     INFO                        |
| Step 6  Global Time          VALID                       |
+------------------------------------------------------------+
| Link health                  Link=1  TM=1  RX=1  TX=1 |
| Lock signals                 Helper=NA  MainFreq=NA  MainPhase=NA |
|                              MainLock=NA  PSTAT=NA             |
| Global-Time reason           PPS snapshot valid; Step6 gate passed |
| WR PTP servo state           NA                          |
| WR phase offset              NA ps                       |
| Global-Time validity         TIME_VALID=1 PPS_VALID=1     |
| Snapshot                     snapshot=1 stable=1 count=610 |
| PPS registers                CR=20000006 EN=0 ESCR=524   |
| PPS register validity        TM=1 PPS=1                  |
| Step5 result                 NOT_APPLICABLE_MASTER       |
+------------------------------------------------------------+
+------------------------------------------------------------+
| SLAVE    DE5_1-11.2                                      |
+------------------------------------------------------------+
| Step 1  PHY / Link           PASS                        |
| Step 2  Endpoint / PTP       PASS                        |
| Step 3  WR Handshake         PASS                        |
| Step 4  SoftPLL Startup      PASS                        |
| Step 5  Closed-loop Lock     INFO                        |
| Step 6  Global Time          WAITING                     |
+------------------------------------------------------------+
| Link health                  Link=1  TM=1  RX=1  TX=1 |
| Lock signals                 Helper=1  MainFreq=1  MainPhase=1 |
|                              MainLock=1  PSTAT=1             |
| Global-Time reason           PTP servo offset not yet <60 ps |
| WR PTP servo state           WAIT_OFFSET_STABLE          |
| WR phase offset              -944 ps (target |offset| <60 ps) |
| Global-Time validity         TIME_VALID=0 PPS_VALID=0     |
| Snapshot                     snapshot=0 stable=1 count=0 |
| PPS registers                CR=20000006 EN=0 ESCR=512   |
| PPS register validity        TM=0 PPS=0                  |
| Step5 result                 LOCK_ACQUIRED_NOT_STABLE    |
+------------------------------------------------------------+

Global Time summary (125 MHz reference; 1 cycle = 8 ns)
------------------------------------------------------------
  MASTER  (DE5_1-11.1)
    TAI=609          CYCLES=124999999    VALID
  SLAVE   (DE5_1-11.2)
    TAI=--           CYCLES=--           WAITING (TIME_VALID=0, PPS_VALID=0)
------------------------------------------------------------
Dashboard read complete.
White Rabbit Step 1-6 dashboard  2026-09-30T09:15:08+08:00  (read-only)
Sampling interval: 10s; per-board comparison window: 2000ms

+------------------------------------------------------------+
| MASTER   DE5_1-11.1                                      |
+------------------------------------------------------------+
| Step 1  PHY / Link           PASS                        |
| Step 2  Endpoint / PTP       PASS                        |
| Step 3  WR Handshake         INFO                        |
| Step 4  SoftPLL Startup      PASS                        |
| Step 5  Closed-loop Lock     INFO                        |
| Step 6  Global Time          VALID                       |
+------------------------------------------------------------+
| Link health                  Link=1  TM=1  RX=1  TX=1 |
| Lock signals                 Helper=NA  MainFreq=NA  MainPhase=NA |
|                              MainLock=NA  PSTAT=NA             |
| Global-Time reason           PPS snapshot valid; Step6 gate passed |
| WR PTP servo state           NA                          |
| WR phase offset              NA ps                       |
| Global-Time validity         TIME_VALID=1 PPS_VALID=1     |
| Snapshot                     snapshot=1 stable=1 count=620 |
| PPS registers                CR=20000006 EN=0 ESCR=524   |
| PPS register validity        TM=1 PPS=1                  |
| Step5 result                 NOT_APPLICABLE_MASTER       |
+------------------------------------------------------------+
+------------------------------------------------------------+
| SLAVE    DE5_1-11.2                                      |
+------------------------------------------------------------+
| Step 1  PHY / Link           PASS                        |
| Step 2  Endpoint / PTP       PASS                        |
| Step 3  WR Handshake         PASS                        |
| Step 4  SoftPLL Startup      PASS                        |
| Step 5  Closed-loop Lock     INFO                        |
| Step 6  Global Time          WAITING                     |
+------------------------------------------------------------+
| Link health                  Link=1  TM=1  RX=1  TX=1 |
| Lock signals                 Helper=1  MainFreq=1  MainPhase=1 |
|                              MainLock=1  PSTAT=1             |
| Global-Time reason           PTP servo offset not yet <60 ps |
| WR PTP servo state           WAIT_OFFSET_STABLE          |
| WR phase offset              -925 ps (target |offset| <60 ps) |
| Global-Time validity         TIME_VALID=0 PPS_VALID=0     |
| Snapshot                     snapshot=0 stable=1 count=0 |
| PPS registers                CR=20000006 EN=0 ESCR=512   |
| PPS register validity        TM=0 PPS=0                  |
| Step5 result                 LOCK_ACQUIRED_NOT_STABLE    |
+------------------------------------------------------------+

Global Time summary (125 MHz reference; 1 cycle = 8 ns)
------------------------------------------------------------
  MASTER  (DE5_1-11.1)
    TAI=619          CYCLES=124999999    VALID
  SLAVE   (DE5_1-11.2)
    TAI=--           CYCLES=--           WAITING (TIME_VALID=0, PPS_VALID=0)
------------------------------------------------------------
Dashboard read complete.
White Rabbit Step 1-6 dashboard  2026-09-30T09:15:18+08:00  (read-only)
Sampling interval: 10s; per-board comparison window: 2000ms

+------------------------------------------------------------+
| MASTER   DE5_1-11.1                                      |
+------------------------------------------------------------+
| Step 1  PHY / Link           PASS                        |
| Step 2  Endpoint / PTP       PASS                        |
| Step 3  WR Handshake         INFO                        |
| Step 4  SoftPLL Startup      PASS                        |
| Step 5  Closed-loop Lock     INFO                        |
| Step 6  Global Time          VALID                       |
+------------------------------------------------------------+
| Link health                  Link=1  TM=1  RX=1  TX=1 |
| Lock signals                 Helper=NA  MainFreq=NA  MainPhase=NA |
|                              MainLock=NA  PSTAT=NA             |
| Global-Time reason           PPS snapshot valid; Step6 gate passed |
| WR PTP servo state           NA                          |
| WR phase offset              NA ps                       |
| Global-Time validity         TIME_VALID=1 PPS_VALID=1     |
| Snapshot                     snapshot=1 stable=1 count=630 |
| PPS registers                CR=20000006 EN=0 ESCR=524   |
| PPS register validity        TM=1 PPS=1                  |
| Step5 result                 NOT_APPLICABLE_MASTER       |
+------------------------------------------------------------+
+------------------------------------------------------------+
| SLAVE    DE5_1-11.2                                      |
+------------------------------------------------------------+
| Step 1  PHY / Link           PASS                        |
| Step 2  Endpoint / PTP       PASS                        |
| Step 3  WR Handshake         PASS                        |
| Step 4  SoftPLL Startup      PASS                        |
| Step 5  Closed-loop Lock     INFO                        |
| Step 6  Global Time          WAITING                     |
+------------------------------------------------------------+
| Link health                  Link=1  TM=1  RX=1  TX=1 |
| Lock signals                 Helper=1  MainFreq=1  MainPhase=1 |
|                              MainLock=1  PSTAT=1             |
| Global-Time reason           PTP servo offset not yet <60 ps |
| WR PTP servo state           WAIT_OFFSET_STABLE          |
| WR phase offset              -747 ps (target |offset| <60 ps) |
| Global-Time validity         TIME_VALID=0 PPS_VALID=0     |
| Snapshot                     snapshot=0 stable=1 count=0 |
| PPS registers                CR=20000006 EN=0 ESCR=512   |
| PPS register validity        TM=0 PPS=0                  |
| Step5 result                 LOCK_ACQUIRED_NOT_STABLE    |
+------------------------------------------------------------+

Global Time summary (125 MHz reference; 1 cycle = 8 ns)
------------------------------------------------------------
  MASTER  (DE5_1-11.1)
    TAI=629          CYCLES=124999999    VALID
  SLAVE   (DE5_1-11.2)
    TAI=--           CYCLES=--           WAITING (TIME_VALID=0, PPS_VALID=0)
------------------------------------------------------------
Dashboard read complete.
White Rabbit Step 1-6 dashboard  2026-09-30T09:15:28+08:00  (read-only)
Sampling interval: 10s; per-board comparison window: 2000ms

+------------------------------------------------------------+
| MASTER   DE5_1-11.1                                      |
+------------------------------------------------------------+
| Step 1  PHY / Link           PASS                        |
| Step 2  Endpoint / PTP       PASS                        |
| Step 3  WR Handshake         INFO                        |
| Step 4  SoftPLL Startup      PASS                        |
| Step 5  Closed-loop Lock     INFO                        |
| Step 6  Global Time          VALID                       |
+------------------------------------------------------------+
| Link health                  Link=1  TM=1  RX=1  TX=1 |
| Lock signals                 Helper=NA  MainFreq=NA  MainPhase=NA |
|                              MainLock=NA  PSTAT=NA             |
| Global-Time reason           PPS snapshot valid; Step6 gate passed |
| WR PTP servo state           NA                          |
| WR phase offset              NA ps                       |
| Global-Time validity         TIME_VALID=1 PPS_VALID=1     |
| Snapshot                     snapshot=1 stable=1 count=640 |
| PPS registers                CR=20000006 EN=0 ESCR=524   |
| PPS register validity        TM=1 PPS=1                  |
| Step5 result                 NOT_APPLICABLE_MASTER       |
+------------------------------------------------------------+
+------------------------------------------------------------+
| SLAVE    DE5_1-11.2                                      |
+------------------------------------------------------------+
| Step 1  PHY / Link           PASS                        |
| Step 2  Endpoint / PTP       PASS                        |
| Step 3  WR Handshake         PASS                        |
| Step 4  SoftPLL Startup      PASS                        |
| Step 5  Closed-loop Lock     INFO                        |
| Step 6  Global Time          WAITING                     |
+------------------------------------------------------------+
| Link health                  Link=1  TM=1  RX=1  TX=1 |
| Lock signals                 Helper=1  MainFreq=1  MainPhase=1 |
|                              MainLock=1  PSTAT=1             |
| Global-Time reason           PTP servo offset not yet <60 ps |
| WR PTP servo state           WAIT_OFFSET_STABLE          |
| WR phase offset              -628 ps (target |offset| <60 ps) |
| Global-Time validity         TIME_VALID=0 PPS_VALID=0     |
| Snapshot                     snapshot=0 stable=1 count=0 |
| PPS registers                CR=20000006 EN=0 ESCR=512   |
| PPS register validity        TM=0 PPS=0                  |
| Step5 result                 LOCK_ACQUIRED_NOT_STABLE    |
+------------------------------------------------------------+

Global Time summary (125 MHz reference; 1 cycle = 8 ns)
------------------------------------------------------------
  MASTER  (DE5_1-11.1)
    TAI=639          CYCLES=124999999    VALID
  SLAVE   (DE5_1-11.2)
    TAI=--           CYCLES=--           WAITING (TIME_VALID=0, PPS_VALID=0)
------------------------------------------------------------
Dashboard read complete.
White Rabbit Step 1-6 dashboard  2026-09-30T09:15:38+08:00  (read-only)
Sampling interval: 10s; per-board comparison window: 2000ms

+------------------------------------------------------------+
| MASTER   DE5_1-11.1                                      |
+------------------------------------------------------------+
| Step 1  PHY / Link           PASS                        |
| Step 2  Endpoint / PTP       PASS                        |
| Step 3  WR Handshake         INFO                        |
| Step 4  SoftPLL Startup      PASS                        |
| Step 5  Closed-loop Lock     INFO                        |
| Step 6  Global Time          VALID                       |
+------------------------------------------------------------+
| Link health                  Link=1  TM=1  RX=1  TX=1 |
| Lock signals                 Helper=NA  MainFreq=NA  MainPhase=NA |
|                              MainLock=NA  PSTAT=NA             |
| Global-Time reason           PPS snapshot valid; Step6 gate passed |
| WR PTP servo state           NA                          |
| WR phase offset              NA ps                       |
| Global-Time validity         TIME_VALID=1 PPS_VALID=1     |
| Snapshot                     snapshot=1 stable=1 count=650 |
| PPS registers                CR=20000006 EN=0 ESCR=524   |
| PPS register validity        TM=1 PPS=1                  |
| Step5 result                 NOT_APPLICABLE_MASTER       |
+------------------------------------------------------------+
+------------------------------------------------------------+
| SLAVE    DE5_1-11.2                                      |
+------------------------------------------------------------+
| Step 1  PHY / Link           PASS                        |
| Step 2  Endpoint / PTP       PASS                        |
| Step 3  WR Handshake         PASS                        |
| Step 4  SoftPLL Startup      PASS                        |
| Step 5  Closed-loop Lock     INFO                        |
| Step 6  Global Time          WAITING                     |
+------------------------------------------------------------+
| Link health                  Link=1  TM=1  RX=1  TX=1 |
| Lock signals                 Helper=1  MainFreq=1  MainPhase=1 |
|                              MainLock=1  PSTAT=1             |
| Global-Time reason           PTP servo offset not yet <60 ps |
| WR PTP servo state           WAIT_OFFSET_STABLE          |
| WR phase offset              -1243 ps (target |offset| <60 ps) |
| Global-Time validity         TIME_VALID=0 PPS_VALID=0     |
| Snapshot                     snapshot=0 stable=1 count=0 |
| PPS registers                CR=20000006 EN=0 ESCR=512   |
| PPS register validity        TM=0 PPS=0                  |
| Step5 result                 LOCK_ACQUIRED_NOT_STABLE    |
+------------------------------------------------------------+

Global Time summary (125 MHz reference; 1 cycle = 8 ns)
------------------------------------------------------------
  MASTER  (DE5_1-11.1)
    TAI=649          CYCLES=124999999    VALID
  SLAVE   (DE5_1-11.2)
    TAI=--           CYCLES=--           WAITING (TIME_VALID=0, PPS_VALID=0)
------------------------------------------------------------
Dashboard read complete.
White Rabbit Step 1-6 dashboard  2026-09-30T09:15:48+08:00  (read-only)
Sampling interval: 10s; per-board comparison window: 2000ms

+------------------------------------------------------------+
| MASTER   DE5_1-11.1                                      |
+------------------------------------------------------------+
| Step 1  PHY / Link           PASS                        |
| Step 2  Endpoint / PTP       PASS                        |
| Step 3  WR Handshake         INFO                        |
| Step 4  SoftPLL Startup      PASS                        |
| Step 5  Closed-loop Lock     INFO                        |
| Step 6  Global Time          VALID                       |
+------------------------------------------------------------+
| Link health                  Link=1  TM=1  RX=1  TX=1 |
| Lock signals                 Helper=NA  MainFreq=NA  MainPhase=NA |
|                              MainLock=NA  PSTAT=NA             |
| Global-Time reason           PPS snapshot valid; Step6 gate passed |
| WR PTP servo state           NA                          |
| WR phase offset              NA ps                       |
| Global-Time validity         TIME_VALID=1 PPS_VALID=1     |
| Snapshot                     snapshot=1 stable=1 count=660 |
| PPS registers                CR=20000006 EN=0 ESCR=524   |
| PPS register validity        TM=1 PPS=1                  |
| Step5 result                 NOT_APPLICABLE_MASTER       |
+------------------------------------------------------------+
+------------------------------------------------------------+
| SLAVE    DE5_1-11.2                                      |
+------------------------------------------------------------+
| Step 1  PHY / Link           PASS                        |
| Step 2  Endpoint / PTP       PASS                        |
| Step 3  WR Handshake         PASS                        |
| Step 4  SoftPLL Startup      PASS                        |
| Step 5  Closed-loop Lock     INFO                        |
| Step 6  Global Time          WAITING                     |
+------------------------------------------------------------+
| Link health                  Link=1  TM=1  RX=1  TX=1 |
| Lock signals                 Helper=1  MainFreq=1  MainPhase=1 |
|                              MainLock=1  PSTAT=1             |
| Global-Time reason           PTP servo offset not yet <60 ps |
| WR PTP servo state           WAIT_OFFSET_STABLE          |
| WR phase offset              -1180 ps (target |offset| <60 ps) |
| Global-Time validity         TIME_VALID=0 PPS_VALID=0     |
| Snapshot                     snapshot=0 stable=1 count=0 |
| PPS registers                CR=20000006 EN=0 ESCR=512   |
| PPS register validity        TM=0 PPS=0                  |
| Step5 result                 LOCK_ACQUIRED_NOT_STABLE    |
+------------------------------------------------------------+

Global Time summary (125 MHz reference; 1 cycle = 8 ns)
------------------------------------------------------------
  MASTER  (DE5_1-11.1)
    TAI=659          CYCLES=124999999    VALID
  SLAVE   (DE5_1-11.2)
    TAI=--           CYCLES=--           WAITING (TIME_VALID=0, PPS_VALID=0)
------------------------------------------------------------
Dashboard read complete.
White Rabbit Step 1-6 dashboard  2026-09-30T09:15:58+08:00  (read-only)
Sampling interval: 10s; per-board comparison window: 2000ms

+------------------------------------------------------------+
| MASTER   DE5_1-11.1                                      |
+------------------------------------------------------------+
| Step 1  PHY / Link           PASS                        |
| Step 2  Endpoint / PTP       PASS                        |
| Step 3  WR Handshake         INFO                        |
| Step 4  SoftPLL Startup      PASS                        |
| Step 5  Closed-loop Lock     INFO                        |
| Step 6  Global Time          VALID                       |
+------------------------------------------------------------+
| Link health                  Link=1  TM=1  RX=1  TX=1 |
| Lock signals                 Helper=NA  MainFreq=NA  MainPhase=NA |
|                              MainLock=NA  PSTAT=NA             |
| Global-Time reason           PPS snapshot valid; Step6 gate passed |
| WR PTP servo state           NA                          |
| WR phase offset              NA ps                       |
| Global-Time validity         TIME_VALID=1 PPS_VALID=1     |
| Snapshot                     snapshot=1 stable=1 count=670 |
| PPS registers                CR=20000006 EN=0 ESCR=524   |
| PPS register validity        TM=1 PPS=1                  |
| Step5 result                 NOT_APPLICABLE_MASTER       |
+------------------------------------------------------------+
+------------------------------------------------------------+
| SLAVE    DE5_1-11.2                                      |
+------------------------------------------------------------+
| Step 1  PHY / Link           PASS                        |
| Step 2  Endpoint / PTP       PASS                        |
| Step 3  WR Handshake         PASS                        |
| Step 4  SoftPLL Startup      PASS                        |
| Step 5  Closed-loop Lock     INFO                        |
| Step 6  Global Time          WAITING                     |
+------------------------------------------------------------+
| Link health                  Link=1  TM=1  RX=1  TX=1 |
| Lock signals                 Helper=1  MainFreq=1  MainPhase=1 |
|                              MainLock=1  PSTAT=1             |
| Global-Time reason           PTP servo offset not yet <60 ps |
| WR PTP servo state           WAIT_OFFSET_STABLE          |
| WR phase offset              -1121 ps (target |offset| <60 ps) |
| Global-Time validity         TIME_VALID=0 PPS_VALID=0     |
| Snapshot                     snapshot=0 stable=1 count=0 |
| PPS registers                CR=20000006 EN=0 ESCR=512   |
| PPS register validity        TM=0 PPS=0                  |
| Step5 result                 LOCK_ACQUIRED_NOT_STABLE    |
+------------------------------------------------------------+

Global Time summary (125 MHz reference; 1 cycle = 8 ns)
------------------------------------------------------------
  MASTER  (DE5_1-11.1)
    TAI=669          CYCLES=124999999    VALID
  SLAVE   (DE5_1-11.2)
    TAI=--           CYCLES=--           WAITING (TIME_VALID=0, PPS_VALID=0)
------------------------------------------------------------
Dashboard read complete.
White Rabbit Step 1-6 dashboard  2026-09-30T09:16:08+08:00  (read-only)
Sampling interval: 10s; per-board comparison window: 2000ms

+------------------------------------------------------------+
| MASTER   DE5_1-11.1                                      |
+------------------------------------------------------------+
| Step 1  PHY / Link           PASS                        |
| Step 2  Endpoint / PTP       PASS                        |
| Step 3  WR Handshake         INFO                        |
| Step 4  SoftPLL Startup      PASS                        |
| Step 5  Closed-loop Lock     INFO                        |
| Step 6  Global Time          VALID                       |
+------------------------------------------------------------+
| Link health                  Link=1  TM=1  RX=1  TX=1 |
| Lock signals                 Helper=NA  MainFreq=NA  MainPhase=NA |
|                              MainLock=NA  PSTAT=NA             |
| Global-Time reason           PPS snapshot valid; Step6 gate passed |
| WR PTP servo state           NA                          |
| WR phase offset              NA ps                       |
| Global-Time validity         TIME_VALID=1 PPS_VALID=1     |
| Snapshot                     snapshot=1 stable=1 count=680 |
| PPS registers                CR=20000006 EN=0 ESCR=524   |
| PPS register validity        TM=1 PPS=1                  |
| Step5 result                 NOT_APPLICABLE_MASTER       |
+------------------------------------------------------------+
+------------------------------------------------------------+
| SLAVE    DE5_1-11.2                                      |
+------------------------------------------------------------+
| Step 1  PHY / Link           PASS                        |
| Step 2  Endpoint / PTP       PASS                        |
| Step 3  WR Handshake         PASS                        |
| Step 4  SoftPLL Startup      PASS                        |
| Step 5  Closed-loop Lock     INFO                        |
| Step 6  Global Time          WAITING                     |
+------------------------------------------------------------+
| Link health                  Link=1  TM=1  RX=1  TX=1 |
| Lock signals                 Helper=1  MainFreq=1  MainPhase=1 |
|                              MainLock=1  PSTAT=1             |
| Global-Time reason           PTP servo offset not yet <60 ps |
| WR PTP servo state           SYNC_PHASE                  |
| WR phase offset              -656 ps (target |offset| <60 ps) |
| Global-Time validity         TIME_VALID=0 PPS_VALID=0     |
| Snapshot                     snapshot=0 stable=1 count=0 |
| PPS registers                CR=20000006 EN=0 ESCR=512   |
| PPS register validity        TM=0 PPS=0                  |
| Step5 result                 LOCK_ACQUIRED_NOT_STABLE    |
+------------------------------------------------------------+

Global Time summary (125 MHz reference; 1 cycle = 8 ns)
------------------------------------------------------------
  MASTER  (DE5_1-11.1)
    TAI=679          CYCLES=124999999    VALID
  SLAVE   (DE5_1-11.2)
    TAI=--           CYCLES=--           WAITING (TIME_VALID=0, PPS_VALID=0)
------------------------------------------------------------
Dashboard read complete.
White Rabbit Step 1-6 dashboard  2026-09-30T09:16:18+08:00  (read-only)
Sampling interval: 10s; per-board comparison window: 2000ms

+------------------------------------------------------------+
| MASTER   DE5_1-11.1                                      |
+------------------------------------------------------------+
| Step 1  PHY / Link           PASS                        |
| Step 2  Endpoint / PTP       PASS                        |
| Step 3  WR Handshake         INFO                        |
| Step 4  SoftPLL Startup      PASS                        |
| Step 5  Closed-loop Lock     INFO                        |
| Step 6  Global Time          VALID                       |
+------------------------------------------------------------+
| Link health                  Link=1  TM=1  RX=1  TX=1 |
| Lock signals                 Helper=NA  MainFreq=NA  MainPhase=NA |
|                              MainLock=NA  PSTAT=NA             |
| Global-Time reason           PPS snapshot valid; Step6 gate passed |
| WR PTP servo state           NA                          |
| WR phase offset              NA ps                       |
| Global-Time validity         TIME_VALID=1 PPS_VALID=1     |
| Snapshot                     snapshot=1 stable=1 count=690 |
| PPS registers                CR=20000006 EN=0 ESCR=524   |
| PPS register validity        TM=1 PPS=1                  |
| Step5 result                 NOT_APPLICABLE_MASTER       |
+------------------------------------------------------------+
+------------------------------------------------------------+
| SLAVE    DE5_1-11.2                                      |
+------------------------------------------------------------+
| Step 1  PHY / Link           PASS                        |
| Step 2  Endpoint / PTP       PASS                        |
| Step 3  WR Handshake         PASS                        |
| Step 4  SoftPLL Startup      PASS                        |
| Step 5  Closed-loop Lock     INFO                        |
| Step 6  Global Time          WAITING                     |
+------------------------------------------------------------+
| Link health                  Link=1  TM=1  RX=1  TX=1 |
| Lock signals                 Helper=1  MainFreq=1  MainPhase=1 |
|                              MainLock=1  PSTAT=1             |
| Global-Time reason           PTP servo offset not yet <60 ps |
| WR PTP servo state           WAIT_OFFSET_STABLE          |
| WR phase offset              -667 ps (target |offset| <60 ps) |
| Global-Time validity         TIME_VALID=0 PPS_VALID=0     |
| Snapshot                     snapshot=0 stable=1 count=0 |
| PPS registers                CR=20000006 EN=0 ESCR=512   |
| PPS register validity        TM=0 PPS=0                  |
| Step5 result                 LOCK_ACQUIRED_NOT_STABLE    |
+------------------------------------------------------------+

Global Time summary (125 MHz reference; 1 cycle = 8 ns)
------------------------------------------------------------
  MASTER  (DE5_1-11.1)
    TAI=689          CYCLES=124999999    VALID
  SLAVE   (DE5_1-11.2)
    TAI=--           CYCLES=--           WAITING (TIME_VALID=0, PPS_VALID=0)
------------------------------------------------------------
Dashboard read complete.
White Rabbit Step 1-6 dashboard  2026-09-30T09:16:28+08:00  (read-only)
Sampling interval: 10s; per-board comparison window: 2000ms

+------------------------------------------------------------+
| MASTER   DE5_1-11.1                                      |
+------------------------------------------------------------+
| Step 1  PHY / Link           PASS                        |
| Step 2  Endpoint / PTP       PASS                        |
| Step 3  WR Handshake         INFO                        |
| Step 4  SoftPLL Startup      PASS                        |
| Step 5  Closed-loop Lock     INFO                        |
| Step 6  Global Time          VALID                       |
+------------------------------------------------------------+
| Link health                  Link=1  TM=1  RX=1  TX=1 |
| Lock signals                 Helper=NA  MainFreq=NA  MainPhase=NA |
|                              MainLock=NA  PSTAT=NA             |
| Global-Time reason           PPS snapshot valid; Step6 gate passed |
| WR PTP servo state           NA                          |
| WR phase offset              NA ps                       |
| Global-Time validity         TIME_VALID=1 PPS_VALID=1     |
| Snapshot                     snapshot=1 stable=1 count=699 |
| PPS registers                CR=20000006 EN=0 ESCR=524   |
| PPS register validity        TM=1 PPS=1                  |
| Step5 result                 NOT_APPLICABLE_MASTER       |
+------------------------------------------------------------+
+------------------------------------------------------------+
| SLAVE    DE5_1-11.2                                      |
+------------------------------------------------------------+
| Step 1  PHY / Link           PASS                        |
| Step 2  Endpoint / PTP       PASS                        |
| Step 3  WR Handshake         PASS                        |
| Step 4  SoftPLL Startup      PASS                        |
| Step 5  Closed-loop Lock     INFO                        |
| Step 6  Global Time          WAITING                     |
+------------------------------------------------------------+
| Link health                  Link=1  TM=1  RX=1  TX=1 |
| Lock signals                 Helper=1  MainFreq=1  MainPhase=1 |
|                              MainLock=1  PSTAT=1             |
| Global-Time reason           PTP servo offset not yet <60 ps |
| WR PTP servo state           WAIT_OFFSET_STABLE          |
| WR phase offset              -668 ps (target |offset| <60 ps) |
| Global-Time validity         TIME_VALID=0 PPS_VALID=0     |
| Snapshot                     snapshot=0 stable=1 count=0 |
| PPS registers                CR=20000006 EN=0 ESCR=27685632 |
| PPS register validity        TM=0 PPS=0                  |
| Step5 result                 LOCK_ACQUIRED_NOT_STABLE    |
+------------------------------------------------------------+

Global Time summary (125 MHz reference; 1 cycle = 8 ns)
------------------------------------------------------------
  MASTER  (DE5_1-11.1)
    TAI=698          CYCLES=124999999    VALID
  SLAVE   (DE5_1-11.2)
    TAI=--           CYCLES=--           WAITING (TIME_VALID=0, PPS_VALID=0)
------------------------------------------------------------
Dashboard read complete.
White Rabbit Step 1-6 dashboard  2026-09-30T09:16:38+08:00  (read-only)
Sampling interval: 10s; per-board comparison window: 2000ms

+------------------------------------------------------------+
| MASTER   DE5_1-11.1                                      |
+------------------------------------------------------------+
| Step 1  PHY / Link           PASS                        |
| Step 2  Endpoint / PTP       PASS                        |
| Step 3  WR Handshake         INFO                        |
| Step 4  SoftPLL Startup      PASS                        |
| Step 5  Closed-loop Lock     INFO                        |
| Step 6  Global Time          VALID                       |
+------------------------------------------------------------+
| Link health                  Link=1  TM=1  RX=1  TX=1 |
| Lock signals                 Helper=NA  MainFreq=NA  MainPhase=NA |
|                              MainLock=NA  PSTAT=NA             |
| Global-Time reason           PPS snapshot valid; Step6 gate passed |
| WR PTP servo state           NA                          |
| WR phase offset              NA ps                       |
| Global-Time validity         TIME_VALID=1 PPS_VALID=1     |
| Snapshot                     snapshot=1 stable=1 count=710 |
| PPS registers                CR=20000006 EN=0 ESCR=524   |
| PPS register validity        TM=1 PPS=1                  |
| Step5 result                 NOT_APPLICABLE_MASTER       |
+------------------------------------------------------------+
+------------------------------------------------------------+
| SLAVE    DE5_1-11.2                                      |
+------------------------------------------------------------+
| Step 1  PHY / Link           PASS                        |
| Step 2  Endpoint / PTP       PASS                        |
| Step 3  WR Handshake         PASS                        |
| Step 4  SoftPLL Startup      PASS                        |
| Step 5  Closed-loop Lock     INFO                        |
| Step 6  Global Time          WAITING                     |
+------------------------------------------------------------+
| Link health                  Link=1  TM=1  RX=1  TX=1 |
| Lock signals                 Helper=1  MainFreq=1  MainPhase=1 |
|                              MainLock=1  PSTAT=1             |
| Global-Time reason           PTP servo offset not yet <60 ps |
| WR PTP servo state           WAIT_OFFSET_STABLE          |
| WR phase offset              3368 ps (target |offset| <60 ps) |
| Global-Time validity         TIME_VALID=0 PPS_VALID=0     |
| Snapshot                     snapshot=0 stable=1 count=0 |
| PPS registers                CR=20000006 EN=0 ESCR=512   |
| PPS register validity        TM=0 PPS=0                  |
| Step5 result                 LOCK_ACQUIRED_NOT_STABLE    |
+------------------------------------------------------------+

Global Time summary (125 MHz reference; 1 cycle = 8 ns)
------------------------------------------------------------
  MASTER  (DE5_1-11.1)
    TAI=709          CYCLES=124999999    VALID
  SLAVE   (DE5_1-11.2)
    TAI=--           CYCLES=--           WAITING (TIME_VALID=0, PPS_VALID=0)
------------------------------------------------------------
Dashboard read complete.
White Rabbit Step 1-6 dashboard  2026-09-30T09:16:48+08:00  (read-only)
Sampling interval: 10s; per-board comparison window: 2000ms

+------------------------------------------------------------+
| MASTER   DE5_1-11.1                                      |
+------------------------------------------------------------+
| Step 1  PHY / Link           PASS                        |
| Step 2  Endpoint / PTP       PASS                        |
| Step 3  WR Handshake         INFO                        |
| Step 4  SoftPLL Startup      PASS                        |
| Step 5  Closed-loop Lock     INFO                        |
| Step 6  Global Time          VALID                       |
+------------------------------------------------------------+
| Link health                  Link=1  TM=1  RX=1  TX=1 |
| Lock signals                 Helper=NA  MainFreq=NA  MainPhase=NA |
|                              MainLock=NA  PSTAT=NA             |
| Global-Time reason           PPS snapshot valid; Step6 gate passed |
| WR PTP servo state           NA                          |
| WR phase offset              NA ps                       |
| Global-Time validity         TIME_VALID=1 PPS_VALID=1     |
| Snapshot                     snapshot=1 stable=1 count=720 |
| PPS registers                CR=20000006 EN=0 ESCR=524   |
| PPS register validity        TM=1 PPS=1                  |
| Step5 result                 NOT_APPLICABLE_MASTER       |
+------------------------------------------------------------+
+------------------------------------------------------------+
| SLAVE    DE5_1-11.2                                      |
+------------------------------------------------------------+
| Step 1  PHY / Link           PASS                        |
| Step 2  Endpoint / PTP       PASS                        |
| Step 3  WR Handshake         PASS                        |
| Step 4  SoftPLL Startup      PASS                        |
| Step 5  Closed-loop Lock     INFO                        |
| Step 6  Global Time          WAITING                     |
+------------------------------------------------------------+
| Link health                  Link=1  TM=1  RX=1  TX=1 |
| Lock signals                 Helper=1  MainFreq=1  MainPhase=1 |
|                              MainLock=1  PSTAT=1             |
| Global-Time reason           PTP servo offset not yet <60 ps |
| WR PTP servo state           WAIT_OFFSET_STABLE          |
| WR phase offset              3467 ps (target |offset| <60 ps) |
| Global-Time validity         TIME_VALID=0 PPS_VALID=0     |
| Snapshot                     snapshot=0 stable=1 count=0 |
| PPS registers                CR=20000006 EN=0 ESCR=512   |
| PPS register validity        TM=0 PPS=0                  |
| Step5 result                 LOCK_ACQUIRED_NOT_STABLE    |
+------------------------------------------------------------+

Global Time summary (125 MHz reference; 1 cycle = 8 ns)
------------------------------------------------------------
  MASTER  (DE5_1-11.1)
    TAI=719          CYCLES=124999999    VALID
  SLAVE   (DE5_1-11.2)
    TAI=--           CYCLES=--           WAITING (TIME_VALID=0, PPS_VALID=0)
------------------------------------------------------------
Dashboard read complete.
White Rabbit Step 1-6 dashboard  2026-09-30T09:16:58+08:00  (read-only)
Sampling interval: 10s; per-board comparison window: 2000ms

+------------------------------------------------------------+
| MASTER   DE5_1-11.1                                      |
+------------------------------------------------------------+
| Step 1  PHY / Link           PASS                        |
| Step 2  Endpoint / PTP       PASS                        |
| Step 3  WR Handshake         INFO                        |
| Step 4  SoftPLL Startup      PASS                        |
| Step 5  Closed-loop Lock     INFO                        |
| Step 6  Global Time          VALID                       |
+------------------------------------------------------------+
| Link health                  Link=1  TM=1  RX=1  TX=1 |
| Lock signals                 Helper=NA  MainFreq=NA  MainPhase=NA |
|                              MainLock=NA  PSTAT=NA             |
| Global-Time reason           PPS snapshot valid; Step6 gate passed |
| WR PTP servo state           NA                          |
| WR phase offset              NA ps                       |
| Global-Time validity         TIME_VALID=1 PPS_VALID=1     |
| Snapshot                     snapshot=1 stable=1 count=730 |
| PPS registers                CR=20000006 EN=0 ESCR=524   |
| PPS register validity        TM=1 PPS=1                  |
| Step5 result                 NOT_APPLICABLE_MASTER       |
+------------------------------------------------------------+
+------------------------------------------------------------+
| SLAVE    DE5_1-11.2                                      |
+------------------------------------------------------------+
| Step 1  PHY / Link           PASS                        |
| Step 2  Endpoint / PTP       PASS                        |
| Step 3  WR Handshake         PASS                        |
| Step 4  SoftPLL Startup      PASS                        |
| Step 5  Closed-loop Lock     INFO                        |
| Step 6  Global Time          WAITING                     |
+------------------------------------------------------------+
| Link health                  Link=1  TM=1  RX=1  TX=1 |
| Lock signals                 Helper=1  MainFreq=1  MainPhase=1 |
|                              MainLock=1  PSTAT=1             |
| Global-Time reason           PTP servo offset not yet <60 ps |
| WR PTP servo state           WAIT_OFFSET_STABLE          |
| WR phase offset              -275 ps (target |offset| <60 ps) |
| Global-Time validity         TIME_VALID=0 PPS_VALID=0     |
| Snapshot                     snapshot=0 stable=1 count=0 |
| PPS registers                CR=20000006 EN=0 ESCR=512   |
| PPS register validity        TM=0 PPS=0                  |
| Step5 result                 LOCK_ACQUIRED_NOT_STABLE    |
+------------------------------------------------------------+

Global Time summary (125 MHz reference; 1 cycle = 8 ns)
------------------------------------------------------------
  MASTER  (DE5_1-11.1)
    TAI=729          CYCLES=124999999    VALID
  SLAVE   (DE5_1-11.2)
    TAI=--           CYCLES=--           WAITING (TIME_VALID=0, PPS_VALID=0)
------------------------------------------------------------
Dashboard read complete.
White Rabbit Step 1-6 dashboard  2026-09-30T09:17:08+08:00  (read-only)
Sampling interval: 10s; per-board comparison window: 2000ms

+------------------------------------------------------------+
| MASTER   DE5_1-11.1                                      |
+------------------------------------------------------------+
| Step 1  PHY / Link           PASS                        |
| Step 2  Endpoint / PTP       PASS                        |
| Step 3  WR Handshake         INFO                        |
| Step 4  SoftPLL Startup      PASS                        |
| Step 5  Closed-loop Lock     INFO                        |
| Step 6  Global Time          VALID                       |
+------------------------------------------------------------+
| Link health                  Link=1  TM=1  RX=1  TX=1 |
| Lock signals                 Helper=NA  MainFreq=NA  MainPhase=NA |
|                              MainLock=NA  PSTAT=NA             |
| Global-Time reason           PPS snapshot valid; Step6 gate passed |
| WR PTP servo state           NA                          |
| WR phase offset              NA ps                       |
| Global-Time validity         TIME_VALID=1 PPS_VALID=1     |
| Snapshot                     snapshot=1 stable=1 count=740 |
| PPS registers                CR=20000006 EN=0 ESCR=524   |
| PPS register validity        TM=1 PPS=1                  |
| Step5 result                 NOT_APPLICABLE_MASTER       |
+------------------------------------------------------------+
+------------------------------------------------------------+
| SLAVE    DE5_1-11.2                                      |
+------------------------------------------------------------+
| Step 1  PHY / Link           PASS                        |
| Step 2  Endpoint / PTP       PASS                        |
| Step 3  WR Handshake         PASS                        |
| Step 4  SoftPLL Startup      PASS                        |
| Step 5  Closed-loop Lock     INFO                        |
| Step 6  Global Time          WAITING                     |
+------------------------------------------------------------+
| Link health                  Link=1  TM=1  RX=1  TX=1 |
| Lock signals                 Helper=1  MainFreq=1  MainPhase=1 |
|                              MainLock=1  PSTAT=1             |
| Global-Time reason           PTP servo offset not yet <60 ps |
| WR PTP servo state           WAIT_OFFSET_STABLE          |
| WR phase offset              -744 ps (target |offset| <60 ps) |
| Global-Time validity         TIME_VALID=0 PPS_VALID=0     |
| Snapshot                     snapshot=0 stable=1 count=0 |
| PPS registers                CR=20000006 EN=0 ESCR=512   |
| PPS register validity        TM=0 PPS=0                  |
| Step5 result                 LOCK_ACQUIRED_NOT_STABLE    |
+------------------------------------------------------------+

Global Time summary (125 MHz reference; 1 cycle = 8 ns)
------------------------------------------------------------
  MASTER  (DE5_1-11.1)
    TAI=739          CYCLES=124999999    VALID
  SLAVE   (DE5_1-11.2)
    TAI=--           CYCLES=--           WAITING (TIME_VALID=0, PPS_VALID=0)
------------------------------------------------------------
Dashboard read complete.
White Rabbit Step 1-6 dashboard  2026-09-30T09:17:18+08:00  (read-only)
Sampling interval: 10s; per-board comparison window: 2000ms

+------------------------------------------------------------+
| MASTER   DE5_1-11.1                                      |
+------------------------------------------------------------+
| Step 1  PHY / Link           PASS                        |
| Step 2  Endpoint / PTP       PASS                        |
| Step 3  WR Handshake         INFO                        |
| Step 4  SoftPLL Startup      PASS                        |
| Step 5  Closed-loop Lock     INFO                        |
| Step 6  Global Time          VALID                       |
+------------------------------------------------------------+
| Link health                  Link=1  TM=1  RX=1  TX=1 |
| Lock signals                 Helper=NA  MainFreq=NA  MainPhase=NA |
|                              MainLock=NA  PSTAT=NA             |
| Global-Time reason           PPS snapshot valid; Step6 gate passed |
| WR PTP servo state           NA                          |
| WR phase offset              NA ps                       |
| Global-Time validity         TIME_VALID=1 PPS_VALID=1     |
| Snapshot                     snapshot=1 stable=1 count=750 |
| PPS registers                CR=20000006 EN=0 ESCR=524   |
| PPS register validity        TM=1 PPS=1                  |
| Step5 result                 NOT_APPLICABLE_MASTER       |
+------------------------------------------------------------+
+------------------------------------------------------------+
| SLAVE    DE5_1-11.2                                      |
+------------------------------------------------------------+
| Step 1  PHY / Link           PASS                        |
| Step 2  Endpoint / PTP       PASS                        |
| Step 3  WR Handshake         PASS                        |
| Step 4  SoftPLL Startup      PASS                        |
| Step 5  Closed-loop Lock     INFO                        |
| Step 6  Global Time          WAITING                     |
+------------------------------------------------------------+
| Link health                  Link=1  TM=1  RX=1  TX=1 |
| Lock signals                 Helper=1  MainFreq=1  MainPhase=1 |
|                              MainLock=1  PSTAT=1             |
| Global-Time reason           PTP servo offset not yet <60 ps |
| WR PTP servo state           WAIT_OFFSET_STABLE          |
| WR phase offset              -501 ps (target |offset| <60 ps) |
| Global-Time validity         TIME_VALID=0 PPS_VALID=0     |
| Snapshot                     snapshot=0 stable=1 count=0 |
| PPS registers                CR=20000006 EN=0 ESCR=512   |
| PPS register validity        TM=0 PPS=0                  |
| Step5 result                 LOCK_ACQUIRED_NOT_STABLE    |
+------------------------------------------------------------+

Global Time summary (125 MHz reference; 1 cycle = 8 ns)
------------------------------------------------------------
  MASTER  (DE5_1-11.1)
    TAI=749          CYCLES=124999999    VALID
  SLAVE   (DE5_1-11.2)
    TAI=--           CYCLES=--           WAITING (TIME_VALID=0, PPS_VALID=0)
------------------------------------------------------------
Dashboard read complete.
White Rabbit Step 1-6 dashboard  2026-09-30T09:17:28+08:00  (read-only)
Sampling interval: 10s; per-board comparison window: 2000ms

+------------------------------------------------------------+
| MASTER   DE5_1-11.1                                      |
+------------------------------------------------------------+
| Step 1  PHY / Link           PASS                        |
| Step 2  Endpoint / PTP       PASS                        |
| Step 3  WR Handshake         INFO                        |
| Step 4  SoftPLL Startup      PASS                        |
| Step 5  Closed-loop Lock     INFO                        |
| Step 6  Global Time          VALID                       |
+------------------------------------------------------------+
| Link health                  Link=1  TM=1  RX=1  TX=1 |
| Lock signals                 Helper=NA  MainFreq=NA  MainPhase=NA |
|                              MainLock=NA  PSTAT=NA             |
| Global-Time reason           PPS snapshot valid; Step6 gate passed |
| WR PTP servo state           NA                          |
| WR phase offset              NA ps                       |
| Global-Time validity         TIME_VALID=1 PPS_VALID=1     |
| Snapshot                     snapshot=1 stable=1 count=760 |
| PPS registers                CR=20000006 EN=0 ESCR=524   |
| PPS register validity        TM=1 PPS=1                  |
| Step5 result                 NOT_APPLICABLE_MASTER       |
+------------------------------------------------------------+
+------------------------------------------------------------+
| SLAVE    DE5_1-11.2                                      |
+------------------------------------------------------------+
| Step 1  PHY / Link           PASS                        |
| Step 2  Endpoint / PTP       PASS                        |
| Step 3  WR Handshake         PASS                        |
| Step 4  SoftPLL Startup      PASS                        |
| Step 5  Closed-loop Lock     INFO                        |
| Step 6  Global Time          WAITING                     |
+------------------------------------------------------------+
| Link health                  Link=1  TM=1  RX=1  TX=1 |
| Lock signals                 Helper=1  MainFreq=1  MainPhase=1 |
|                              MainLock=1  PSTAT=1             |
| Global-Time reason           PTP servo offset not yet <60 ps |
| WR PTP servo state           SYNC_PHASE                  |
| WR phase offset              -829 ps (target |offset| <60 ps) |
| Global-Time validity         TIME_VALID=0 PPS_VALID=0     |
| Snapshot                     snapshot=0 stable=1 count=0 |
| PPS registers                CR=20000006 EN=0 ESCR=512   |
| PPS register validity        TM=0 PPS=0                  |
| Step5 result                 LOCK_ACQUIRED_NOT_STABLE    |
+------------------------------------------------------------+

Global Time summary (125 MHz reference; 1 cycle = 8 ns)
------------------------------------------------------------
  MASTER  (DE5_1-11.1)
    TAI=759          CYCLES=124999999    VALID
  SLAVE   (DE5_1-11.2)
    TAI=--           CYCLES=--           WAITING (TIME_VALID=0, PPS_VALID=0)
------------------------------------------------------------
Dashboard read complete.
White Rabbit Step 1-6 dashboard  2026-09-30T09:17:38+08:00  (read-only)
Sampling interval: 10s; per-board comparison window: 2000ms

+------------------------------------------------------------+
| MASTER   DE5_1-11.1                                      |
+------------------------------------------------------------+
| Step 1  PHY / Link           PASS                        |
| Step 2  Endpoint / PTP       PASS                        |
| Step 3  WR Handshake         INFO                        |
| Step 4  SoftPLL Startup      PASS                        |
| Step 5  Closed-loop Lock     INFO                        |
| Step 6  Global Time          VALID                       |
+------------------------------------------------------------+
| Link health                  Link=1  TM=1  RX=1  TX=1 |
| Lock signals                 Helper=NA  MainFreq=NA  MainPhase=NA |
|                              MainLock=NA  PSTAT=NA             |
| Global-Time reason           PPS snapshot valid; Step6 gate passed |
| WR PTP servo state           NA                          |
| WR phase offset              NA ps                       |
| Global-Time validity         TIME_VALID=1 PPS_VALID=1     |
| Snapshot                     snapshot=1 stable=1 count=770 |
| PPS registers                CR=20000006 EN=0 ESCR=780   |
| PPS register validity        TM=1 PPS=1                  |
| Step5 result                 NOT_APPLICABLE_MASTER       |
+------------------------------------------------------------+
+------------------------------------------------------------+
| SLAVE    DE5_1-11.2                                      |
+------------------------------------------------------------+
| Step 1  PHY / Link           PASS                        |
| Step 2  Endpoint / PTP       PASS                        |
| Step 3  WR Handshake         PASS                        |
| Step 4  SoftPLL Startup      PASS                        |
| Step 5  Closed-loop Lock     INFO                        |
| Step 6  Global Time          WAITING                     |
+------------------------------------------------------------+
| Link health                  Link=1  TM=1  RX=1  TX=1 |
| Lock signals                 Helper=1  MainFreq=1  MainPhase=1 |
|                              MainLock=1  PSTAT=1             |
| Global-Time reason           PTP servo offset not yet <60 ps |
| WR PTP servo state           WAIT_OFFSET_STABLE          |
| WR phase offset              -682 ps (target |offset| <60 ps) |
| Global-Time validity         TIME_VALID=0 PPS_VALID=0     |
| Snapshot                     snapshot=0 stable=1 count=0 |
| PPS registers                CR=20000006 EN=0 ESCR=768   |
| PPS register validity        TM=0 PPS=0                  |
| Step5 result                 LOCK_ACQUIRED_NOT_STABLE    |
+------------------------------------------------------------+

Global Time summary (125 MHz reference; 1 cycle = 8 ns)
------------------------------------------------------------
  MASTER  (DE5_1-11.1)
    TAI=769          CYCLES=124999999    VALID
  SLAVE   (DE5_1-11.2)
    TAI=--           CYCLES=--           WAITING (TIME_VALID=0, PPS_VALID=0)
------------------------------------------------------------
Dashboard read complete.
White Rabbit Step 1-6 dashboard  2026-09-30T09:17:48+08:00  (read-only)
Sampling interval: 10s; per-board comparison window: 2000ms

+------------------------------------------------------------+
| MASTER   DE5_1-11.1                                      |
+------------------------------------------------------------+
| Step 1  PHY / Link           PASS                        |
| Step 2  Endpoint / PTP       PASS                        |
| Step 3  WR Handshake         INFO                        |
| Step 4  SoftPLL Startup      PASS                        |
| Step 5  Closed-loop Lock     INFO                        |
| Step 6  Global Time          VALID                       |
+------------------------------------------------------------+
| Link health                  Link=1  TM=1  RX=1  TX=1 |
| Lock signals                 Helper=NA  MainFreq=NA  MainPhase=NA |
|                              MainLock=NA  PSTAT=NA             |
| Global-Time reason           PPS snapshot valid; Step6 gate passed |
| WR PTP servo state           NA                          |
| WR phase offset              NA ps                       |
| Global-Time validity         TIME_VALID=1 PPS_VALID=1     |
| Snapshot                     snapshot=1 stable=1 count=779 |
| PPS registers                CR=20000006 EN=0 ESCR=780   |
| PPS register validity        TM=1 PPS=1                  |
| Step5 result                 NOT_APPLICABLE_MASTER       |
+------------------------------------------------------------+
+------------------------------------------------------------+
| SLAVE    DE5_1-11.2                                      |
+------------------------------------------------------------+
| Step 1  PHY / Link           PASS                        |
| Step 2  Endpoint / PTP       PASS                        |
| Step 3  WR Handshake         PASS                        |
| Step 4  SoftPLL Startup      PASS                        |
| Step 5  Closed-loop Lock     INFO                        |
| Step 6  Global Time          WAITING                     |
+------------------------------------------------------------+
| Link health                  Link=1  TM=1  RX=1  TX=1 |
| Lock signals                 Helper=1  MainFreq=1  MainPhase=1 |
|                              MainLock=1  PSTAT=1             |
| Global-Time reason           PTP servo offset not yet <60 ps |
| WR PTP servo state           WAIT_OFFSET_STABLE          |
| WR phase offset              -630 ps (target |offset| <60 ps) |
| Global-Time validity         TIME_VALID=0 PPS_VALID=0     |
| Snapshot                     snapshot=0 stable=1 count=0 |
| PPS registers                CR=20000006 EN=0 ESCR=768   |
| PPS register validity        TM=0 PPS=0                  |
| Step5 result                 LOCK_ACQUIRED_NOT_STABLE    |
+------------------------------------------------------------+

Global Time summary (125 MHz reference; 1 cycle = 8 ns)
------------------------------------------------------------
  MASTER  (DE5_1-11.1)
    TAI=778          CYCLES=124999999    VALID
  SLAVE   (DE5_1-11.2)
    TAI=--           CYCLES=--           WAITING (TIME_VALID=0, PPS_VALID=0)
------------------------------------------------------------
Dashboard read complete.
White Rabbit Step 1-6 dashboard  2026-09-30T09:17:58+08:00  (read-only)
Sampling interval: 10s; per-board comparison window: 2000ms

+------------------------------------------------------------+
| MASTER   DE5_1-11.1                                      |
+------------------------------------------------------------+
| Step 1  PHY / Link           PASS                        |
| Step 2  Endpoint / PTP       PASS                        |
| Step 3  WR Handshake         INFO                        |
| Step 4  SoftPLL Startup      PASS                        |
| Step 5  Closed-loop Lock     INFO                        |
| Step 6  Global Time          VALID                       |
+------------------------------------------------------------+
| Link health                  Link=1  TM=1  RX=1  TX=1 |
| Lock signals                 Helper=NA  MainFreq=NA  MainPhase=NA |
|                              MainLock=NA  PSTAT=NA             |
| Global-Time reason           PPS snapshot valid; Step6 gate passed |
| WR PTP servo state           NA                          |
| WR phase offset              NA ps                       |
| Global-Time validity         TIME_VALID=1 PPS_VALID=1     |
| Snapshot                     snapshot=1 stable=1 count=789 |
| PPS registers                CR=20000006 EN=0 ESCR=780   |
| PPS register validity        TM=1 PPS=1                  |
| Step5 result                 NOT_APPLICABLE_MASTER       |
+------------------------------------------------------------+
+------------------------------------------------------------+
| SLAVE    DE5_1-11.2                                      |
+------------------------------------------------------------+
| Step 1  PHY / Link           PASS                        |
| Step 2  Endpoint / PTP       PASS                        |
| Step 3  WR Handshake         PASS                        |
| Step 4  SoftPLL Startup      PASS                        |
| Step 5  Closed-loop Lock     INFO                        |
| Step 6  Global Time          WAITING                     |
+------------------------------------------------------------+
| Link health                  Link=1  TM=1  RX=1  TX=1 |
| Lock signals                 Helper=1  MainFreq=1  MainPhase=1 |
|                              MainLock=1  PSTAT=1             |
| Global-Time reason           PTP servo offset not yet <60 ps |
| WR PTP servo state           WAIT_OFFSET_STABLE          |
| WR phase offset              -471 ps (target |offset| <60 ps) |
| Global-Time validity         TIME_VALID=0 PPS_VALID=0     |
| Snapshot                     snapshot=0 stable=1 count=0 |
| PPS registers                CR=20000006 EN=0 ESCR=768   |
| PPS register validity        TM=0 PPS=0                  |
| Step5 result                 LOCK_ACQUIRED_NOT_STABLE    |
+------------------------------------------------------------+

Global Time summary (125 MHz reference; 1 cycle = 8 ns)
------------------------------------------------------------
  MASTER  (DE5_1-11.1)
    TAI=788          CYCLES=124999999    VALID
  SLAVE   (DE5_1-11.2)
    TAI=--           CYCLES=--           WAITING (TIME_VALID=0, PPS_VALID=0)
------------------------------------------------------------
Dashboard read complete.
White Rabbit Step 1-6 dashboard  2026-09-30T09:18:08+08:00  (read-only)
Sampling interval: 10s; per-board comparison window: 2000ms

+------------------------------------------------------------+
| MASTER   DE5_1-11.1                                      |
+------------------------------------------------------------+
| Step 1  PHY / Link           PASS                        |
| Step 2  Endpoint / PTP       PASS                        |
| Step 3  WR Handshake         INFO                        |
| Step 4  SoftPLL Startup      PASS                        |
| Step 5  Closed-loop Lock     INFO                        |
| Step 6  Global Time          VALID                       |
+------------------------------------------------------------+
| Link health                  Link=1  TM=1  RX=1  TX=1 |
| Lock signals                 Helper=NA  MainFreq=NA  MainPhase=NA |
|                              MainLock=NA  PSTAT=NA             |
| Global-Time reason           PPS snapshot valid; Step6 gate passed |
| WR PTP servo state           NA                          |
| WR phase offset              NA ps                       |
| Global-Time validity         TIME_VALID=1 PPS_VALID=1     |
| Snapshot                     snapshot=1 stable=1 count=799 |
| PPS registers                CR=20000006 EN=0 ESCR=780   |
| PPS register validity        TM=1 PPS=1                  |
| Step5 result                 NOT_APPLICABLE_MASTER       |
+------------------------------------------------------------+
+------------------------------------------------------------+
| SLAVE    DE5_1-11.2                                      |
+------------------------------------------------------------+
| Step 1  PHY / Link           PASS                        |
| Step 2  Endpoint / PTP       PASS                        |
| Step 3  WR Handshake         PASS                        |
| Step 4  SoftPLL Startup      PASS                        |
| Step 5  Closed-loop Lock     INFO                        |
| Step 6  Global Time          WAITING                     |
+------------------------------------------------------------+
| Link health                  Link=1  TM=1  RX=1  TX=1 |
| Lock signals                 Helper=1  MainFreq=1  MainPhase=1 |
|                              MainLock=1  PSTAT=1             |
| Global-Time reason           PTP servo offset not yet <60 ps |
| WR PTP servo state           WAIT_OFFSET_STABLE          |
| WR phase offset              -823 ps (target |offset| <60 ps) |
| Global-Time validity         TIME_VALID=0 PPS_VALID=0     |
| Snapshot                     snapshot=0 stable=1 count=0 |
| PPS registers                CR=20000006 EN=0 ESCR=768   |
| PPS register validity        TM=0 PPS=0                  |
| Step5 result                 LOCK_ACQUIRED_NOT_STABLE    |
+------------------------------------------------------------+

Global Time summary (125 MHz reference; 1 cycle = 8 ns)
------------------------------------------------------------
  MASTER  (DE5_1-11.1)
    TAI=798          CYCLES=124999999    VALID
  SLAVE   (DE5_1-11.2)
    TAI=--           CYCLES=--           WAITING (TIME_VALID=0, PPS_VALID=0)
------------------------------------------------------------
Dashboard read complete.
White Rabbit Step 1-6 dashboard  2026-09-30T09:18:18+08:00  (read-only)
Sampling interval: 10s; per-board comparison window: 2000ms

+------------------------------------------------------------+
| MASTER   DE5_1-11.1                                      |
+------------------------------------------------------------+
| Step 1  PHY / Link           PASS                        |
| Step 2  Endpoint / PTP       PASS                        |
| Step 3  WR Handshake         INFO                        |
| Step 4  SoftPLL Startup      PASS                        |
| Step 5  Closed-loop Lock     INFO                        |
| Step 6  Global Time          VALID                       |
+------------------------------------------------------------+
| Link health                  Link=1  TM=1  RX=1  TX=1 |
| Lock signals                 Helper=NA  MainFreq=NA  MainPhase=NA |
|                              MainLock=NA  PSTAT=NA             |
| Global-Time reason           PPS snapshot valid; Step6 gate passed |
| WR PTP servo state           NA                          |
| WR phase offset              NA ps                       |
| Global-Time validity         TIME_VALID=1 PPS_VALID=1     |
| Snapshot                     snapshot=1 stable=1 count=810 |
| PPS registers                CR=20000006 EN=0 ESCR=780   |
| PPS register validity        TM=1 PPS=1                  |
| Step5 result                 NOT_APPLICABLE_MASTER       |
+------------------------------------------------------------+
+------------------------------------------------------------+
| SLAVE    DE5_1-11.2                                      |
+------------------------------------------------------------+
| Step 1  PHY / Link           PASS                        |
| Step 2  Endpoint / PTP       PASS                        |
| Step 3  WR Handshake         PASS                        |
| Step 4  SoftPLL Startup      PASS                        |
| Step 5  Closed-loop Lock     INFO                        |
| Step 6  Global Time          WAITING                     |
+------------------------------------------------------------+
| Link health                  Link=1  TM=1  RX=1  TX=1 |
| Lock signals                 Helper=1  MainFreq=1  MainPhase=1 |
|                              MainLock=1  PSTAT=1             |
| Global-Time reason           PTP servo offset not yet <60 ps |
| WR PTP servo state           WAIT_OFFSET_STABLE          |
| WR phase offset              -962 ps (target |offset| <60 ps) |
| Global-Time validity         TIME_VALID=0 PPS_VALID=0     |
| Snapshot                     snapshot=0 stable=1 count=0 |
| PPS registers                CR=20000006 EN=0 ESCR=768   |
| PPS register validity        TM=0 PPS=0                  |
| Step5 result                 LOCK_ACQUIRED_NOT_STABLE    |
+------------------------------------------------------------+

Global Time summary (125 MHz reference; 1 cycle = 8 ns)
------------------------------------------------------------
  MASTER  (DE5_1-11.1)
    TAI=809          CYCLES=124999999    VALID
  SLAVE   (DE5_1-11.2)
    TAI=--           CYCLES=--           WAITING (TIME_VALID=0, PPS_VALID=0)
------------------------------------------------------------
Dashboard read complete.
White Rabbit Step 1-6 dashboard  2026-09-30T09:18:28+08:00  (read-only)
Sampling interval: 10s; per-board comparison window: 2000ms

+------------------------------------------------------------+
| MASTER   DE5_1-11.1                                      |
+------------------------------------------------------------+
| Step 1  PHY / Link           PASS                        |
| Step 2  Endpoint / PTP       PASS                        |
| Step 3  WR Handshake         INFO                        |
| Step 4  SoftPLL Startup      PASS                        |
| Step 5  Closed-loop Lock     INFO                        |
| Step 6  Global Time          VALID                       |
+------------------------------------------------------------+
| Link health                  Link=1  TM=1  RX=1  TX=1 |
| Lock signals                 Helper=NA  MainFreq=NA  MainPhase=NA |
|                              MainLock=NA  PSTAT=NA             |
| Global-Time reason           PPS snapshot valid; Step6 gate passed |
| WR PTP servo state           NA                          |
| WR phase offset              NA ps                       |
| Global-Time validity         TIME_VALID=1 PPS_VALID=1     |
| Snapshot                     snapshot=1 stable=1 count=820 |
| PPS registers                CR=20000006 EN=0 ESCR=780   |
| PPS register validity        TM=1 PPS=1                  |
| Step5 result                 NOT_APPLICABLE_MASTER       |
+------------------------------------------------------------+
+------------------------------------------------------------+
| SLAVE    DE5_1-11.2                                      |
+------------------------------------------------------------+
| Step 1  PHY / Link           PASS                        |
| Step 2  Endpoint / PTP       PASS                        |
| Step 3  WR Handshake         PASS                        |
| Step 4  SoftPLL Startup      PASS                        |
| Step 5  Closed-loop Lock     INFO                        |
| Step 6  Global Time          WAITING                     |
+------------------------------------------------------------+
| Link health                  Link=1  TM=1  RX=1  TX=1 |
| Lock signals                 Helper=1  MainFreq=1  MainPhase=1 |
|                              MainLock=1  PSTAT=1             |
| Global-Time reason           PTP servo offset not yet <60 ps |
| WR PTP servo state           WAIT_OFFSET_STABLE          |
| WR phase offset              -830 ps (target |offset| <60 ps) |
| Global-Time validity         TIME_VALID=0 PPS_VALID=0     |
| Snapshot                     snapshot=0 stable=1 count=0 |
| PPS registers                CR=20000006 EN=0 ESCR=768   |
| PPS register validity        TM=0 PPS=0                  |
| Step5 result                 LOCK_ACQUIRED_NOT_STABLE    |
+------------------------------------------------------------+

Global Time summary (125 MHz reference; 1 cycle = 8 ns)
------------------------------------------------------------
  MASTER  (DE5_1-11.1)
    TAI=819          CYCLES=124999999    VALID
  SLAVE   (DE5_1-11.2)
    TAI=--           CYCLES=--           WAITING (TIME_VALID=0, PPS_VALID=0)
------------------------------------------------------------
Dashboard read complete.
White Rabbit Step 1-6 dashboard  2026-09-30T09:18:38+08:00  (read-only)
Sampling interval: 10s; per-board comparison window: 2000ms

+------------------------------------------------------------+
| MASTER   DE5_1-11.1                                      |
+------------------------------------------------------------+
| Step 1  PHY / Link           PASS                        |
| Step 2  Endpoint / PTP       PASS                        |
| Step 3  WR Handshake         INFO                        |
| Step 4  SoftPLL Startup      PASS                        |
| Step 5  Closed-loop Lock     INFO                        |
| Step 6  Global Time          VALID                       |
+------------------------------------------------------------+
| Link health                  Link=1  TM=1  RX=1  TX=1 |
| Lock signals                 Helper=NA  MainFreq=NA  MainPhase=NA |
|                              MainLock=NA  PSTAT=NA             |
| Global-Time reason           PPS snapshot valid; Step6 gate passed |
| WR PTP servo state           NA                          |
| WR phase offset              NA ps                       |
| Global-Time validity         TIME_VALID=1 PPS_VALID=1     |
| Snapshot                     snapshot=1 stable=1 count=830 |
| PPS registers                CR=20000006 EN=0 ESCR=780   |
| PPS register validity        TM=1 PPS=1                  |
| Step5 result                 NOT_APPLICABLE_MASTER       |
+------------------------------------------------------------+
+------------------------------------------------------------+
| SLAVE    DE5_1-11.2                                      |
+------------------------------------------------------------+
| Step 1  PHY / Link           PASS                        |
| Step 2  Endpoint / PTP       PASS                        |
| Step 3  WR Handshake         PASS                        |
| Step 4  SoftPLL Startup      PASS                        |
| Step 5  Closed-loop Lock     INFO                        |
| Step 6  Global Time          WAITING                     |
+------------------------------------------------------------+
| Link health                  Link=1  TM=1  RX=1  TX=1 |
| Lock signals                 Helper=1  MainFreq=1  MainPhase=1 |
|                              MainLock=1  PSTAT=1             |
| Global-Time reason           PTP servo offset not yet <60 ps |
| WR PTP servo state           WAIT_OFFSET_STABLE          |
| WR phase offset              -787 ps (target |offset| <60 ps) |
| Global-Time validity         TIME_VALID=0 PPS_VALID=0     |
| Snapshot                     snapshot=0 stable=1 count=0 |
| PPS registers                CR=20000006 EN=0 ESCR=768   |
| PPS register validity        TM=0 PPS=0                  |
| Step5 result                 LOCK_ACQUIRED_NOT_STABLE    |
+------------------------------------------------------------+

Global Time summary (125 MHz reference; 1 cycle = 8 ns)
------------------------------------------------------------
  MASTER  (DE5_1-11.1)
    TAI=829          CYCLES=124999999    VALID
  SLAVE   (DE5_1-11.2)
    TAI=--           CYCLES=--           WAITING (TIME_VALID=0, PPS_VALID=0)
------------------------------------------------------------
Dashboard read complete.
White Rabbit Step 1-6 dashboard  2026-09-30T09:18:48+08:00  (read-only)
Sampling interval: 10s; per-board comparison window: 2000ms

+------------------------------------------------------------+
| MASTER   DE5_1-11.1                                      |
+------------------------------------------------------------+
| Step 1  PHY / Link           PASS                        |
| Step 2  Endpoint / PTP       PASS                        |
| Step 3  WR Handshake         INFO                        |
| Step 4  SoftPLL Startup      PASS                        |
| Step 5  Closed-loop Lock     INFO                        |
| Step 6  Global Time          VALID                       |
+------------------------------------------------------------+
| Link health                  Link=1  TM=1  RX=1  TX=1 |
| Lock signals                 Helper=NA  MainFreq=NA  MainPhase=NA |
|                              MainLock=NA  PSTAT=NA             |
| Global-Time reason           PPS snapshot valid; Step6 gate passed |
| WR PTP servo state           NA                          |
| WR phase offset              NA ps                       |
| Global-Time validity         TIME_VALID=1 PPS_VALID=1     |
| Snapshot                     snapshot=1 stable=1 count=840 |
| PPS registers                CR=20000006 EN=0 ESCR=780   |
| PPS register validity        TM=1 PPS=1                  |
| Step5 result                 NOT_APPLICABLE_MASTER       |
+------------------------------------------------------------+
+------------------------------------------------------------+
| SLAVE    DE5_1-11.2                                      |
+------------------------------------------------------------+
| Step 1  PHY / Link           PASS                        |
| Step 2  Endpoint / PTP       PASS                        |
| Step 3  WR Handshake         PASS                        |
| Step 4  SoftPLL Startup      PASS                        |
| Step 5  Closed-loop Lock     INFO                        |
| Step 6  Global Time          WAITING                     |
+------------------------------------------------------------+
| Link health                  Link=1  TM=1  RX=1  TX=1 |
| Lock signals                 Helper=1  MainFreq=1  MainPhase=1 |
|                              MainLock=1  PSTAT=1             |
| Global-Time reason           PTP servo offset not yet <60 ps |
| WR PTP servo state           WAIT_OFFSET_STABLE          |
| WR phase offset              -685 ps (target |offset| <60 ps) |
| Global-Time validity         TIME_VALID=0 PPS_VALID=0     |
| Snapshot                     snapshot=0 stable=1 count=0 |
| PPS registers                CR=20000006 EN=0 ESCR=768   |
| PPS register validity        TM=0 PPS=0                  |
| Step5 result                 LOCK_ACQUIRED_NOT_STABLE    |
+------------------------------------------------------------+

Global Time summary (125 MHz reference; 1 cycle = 8 ns)
------------------------------------------------------------
  MASTER  (DE5_1-11.1)
    TAI=839          CYCLES=124999999    VALID
  SLAVE   (DE5_1-11.2)
    TAI=--           CYCLES=--           WAITING (TIME_VALID=0, PPS_VALID=0)
------------------------------------------------------------
Dashboard read complete.
White Rabbit Step 1-6 dashboard  2026-09-30T09:18:58+08:00  (read-only)
Sampling interval: 10s; per-board comparison window: 2000ms

+------------------------------------------------------------+
| MASTER   DE5_1-11.1                                      |
+------------------------------------------------------------+
| Step 1  PHY / Link           PASS                        |
| Step 2  Endpoint / PTP       PASS                        |
| Step 3  WR Handshake         INFO                        |
| Step 4  SoftPLL Startup      PASS                        |
| Step 5  Closed-loop Lock     INFO                        |
| Step 6  Global Time          VALID                       |
+------------------------------------------------------------+
| Link health                  Link=1  TM=1  RX=1  TX=1 |
| Lock signals                 Helper=NA  MainFreq=NA  MainPhase=NA |
|                              MainLock=NA  PSTAT=NA             |
| Global-Time reason           PPS snapshot valid; Step6 gate passed |
| WR PTP servo state           NA                          |
| WR phase offset              NA ps                       |
| Global-Time validity         TIME_VALID=1 PPS_VALID=1     |
| Snapshot                     snapshot=1 stable=1 count=849 |
| PPS registers                CR=20000006 EN=0 ESCR=780   |
| PPS register validity        TM=1 PPS=1                  |
| Step5 result                 NOT_APPLICABLE_MASTER       |
+------------------------------------------------------------+
+------------------------------------------------------------+
| SLAVE    DE5_1-11.2                                      |
+------------------------------------------------------------+
| Step 1  PHY / Link           PASS                        |
| Step 2  Endpoint / PTP       PASS                        |
| Step 3  WR Handshake         PASS                        |
| Step 4  SoftPLL Startup      PASS                        |
| Step 5  Closed-loop Lock     INFO                        |
| Step 6  Global Time          WAITING                     |
+------------------------------------------------------------+
| Link health                  Link=1  TM=1  RX=1  TX=1 |
| Lock signals                 Helper=1  MainFreq=1  MainPhase=1 |
|                              MainLock=1  PSTAT=1             |
| Global-Time reason           PTP servo offset not yet <60 ps |
| WR PTP servo state           SYNC_PHASE                  |
| WR phase offset              -571 ps (target |offset| <60 ps) |
| Global-Time validity         TIME_VALID=0 PPS_VALID=0     |
| Snapshot                     snapshot=0 stable=1 count=0 |
| PPS registers                CR=20000006 EN=0 ESCR=768   |
| PPS register validity        TM=0 PPS=0                  |
| Step5 result                 LOCK_ACQUIRED_NOT_STABLE    |
+------------------------------------------------------------+

Global Time summary (125 MHz reference; 1 cycle = 8 ns)
------------------------------------------------------------
  MASTER  (DE5_1-11.1)
    TAI=848          CYCLES=124999999    VALID
  SLAVE   (DE5_1-11.2)
    TAI=--           CYCLES=--           WAITING (TIME_VALID=0, PPS_VALID=0)
------------------------------------------------------------
Dashboard read complete.
White Rabbit Step 1-6 dashboard  2026-09-30T09:19:08+08:00  (read-only)
Sampling interval: 10s; per-board comparison window: 2000ms

+------------------------------------------------------------+
| MASTER   DE5_1-11.1                                      |
+------------------------------------------------------------+
| Step 1  PHY / Link           PASS                        |
| Step 2  Endpoint / PTP       PASS                        |
| Step 3  WR Handshake         INFO                        |
| Step 4  SoftPLL Startup      PASS                        |
| Step 5  Closed-loop Lock     INFO                        |
| Step 6  Global Time          VALID                       |
+------------------------------------------------------------+
| Link health                  Link=1  TM=1  RX=1  TX=1 |
| Lock signals                 Helper=NA  MainFreq=NA  MainPhase=NA |
|                              MainLock=NA  PSTAT=NA             |
| Global-Time reason           PPS snapshot valid; Step6 gate passed |
| WR PTP servo state           NA                          |
| WR phase offset              NA ps                       |
| Global-Time validity         TIME_VALID=1 PPS_VALID=1     |
| Snapshot                     snapshot=1 stable=1 count=859 |
| PPS registers                CR=20000006 EN=0 ESCR=780   |
| PPS register validity        TM=1 PPS=1                  |
| Step5 result                 NOT_APPLICABLE_MASTER       |
+------------------------------------------------------------+
+------------------------------------------------------------+
| SLAVE    DE5_1-11.2                                      |
+------------------------------------------------------------+
| Step 1  PHY / Link           PASS                        |
| Step 2  Endpoint / PTP       PASS                        |
| Step 3  WR Handshake         PASS                        |
| Step 4  SoftPLL Startup      PASS                        |
| Step 5  Closed-loop Lock     INFO                        |
| Step 6  Global Time          WAITING                     |
+------------------------------------------------------------+
| Link health                  Link=1  TM=1  RX=1  TX=1 |
| Lock signals                 Helper=1  MainFreq=1  MainPhase=1 |
|                              MainLock=1  PSTAT=1             |
| Global-Time reason           PTP servo offset not yet <60 ps |
| WR PTP servo state           WAIT_OFFSET_STABLE          |
| WR phase offset              3510 ps (target |offset| <60 ps) |
| Global-Time validity         TIME_VALID=0 PPS_VALID=0     |
| Snapshot                     snapshot=0 stable=1 count=0 |
| PPS registers                CR=20000006 EN=0 ESCR=768   |
| PPS register validity        TM=0 PPS=0                  |
| Step5 result                 LOCK_ACQUIRED_NOT_STABLE    |
+------------------------------------------------------------+

Global Time summary (125 MHz reference; 1 cycle = 8 ns)
------------------------------------------------------------
  MASTER  (DE5_1-11.1)
    TAI=858          CYCLES=124999999    VALID
  SLAVE   (DE5_1-11.2)
    TAI=--           CYCLES=--           WAITING (TIME_VALID=0, PPS_VALID=0)
------------------------------------------------------------
Dashboard read complete.
White Rabbit Step 1-6 dashboard  2026-09-30T09:19:18+08:00  (read-only)
Sampling interval: 10s; per-board comparison window: 2000ms

+------------------------------------------------------------+
| MASTER   DE5_1-11.1                                      |
+------------------------------------------------------------+
| Step 1  PHY / Link           PASS                        |
| Step 2  Endpoint / PTP       PASS                        |
| Step 3  WR Handshake         INFO                        |
| Step 4  SoftPLL Startup      PASS                        |
| Step 5  Closed-loop Lock     INFO                        |
| Step 6  Global Time          VALID                       |
+------------------------------------------------------------+
| Link health                  Link=1  TM=1  RX=1  TX=1 |
| Lock signals                 Helper=NA  MainFreq=NA  MainPhase=NA |
|                              MainLock=NA  PSTAT=NA             |
| Global-Time reason           PPS snapshot valid; Step6 gate passed |
| WR PTP servo state           NA                          |
| WR phase offset              NA ps                       |
| Global-Time validity         TIME_VALID=1 PPS_VALID=1     |
| Snapshot                     snapshot=1 stable=1 count=869 |
| PPS registers                CR=20000006 EN=0 ESCR=780   |
| PPS register validity        TM=1 PPS=1                  |
| Step5 result                 NOT_APPLICABLE_MASTER       |
+------------------------------------------------------------+
+------------------------------------------------------------+
| SLAVE    DE5_1-11.2                                      |
+------------------------------------------------------------+
| Step 1  PHY / Link           PASS                        |
| Step 2  Endpoint / PTP       PASS                        |
| Step 3  WR Handshake         PASS                        |
| Step 4  SoftPLL Startup      PASS                        |
| Step 5  Closed-loop Lock     INFO                        |
| Step 6  Global Time          WAITING                     |
+------------------------------------------------------------+
| Link health                  Link=1  TM=1  RX=1  TX=1 |
| Lock signals                 Helper=1  MainFreq=1  MainPhase=1 |
|                              MainLock=1  PSTAT=1             |
| Global-Time reason           PTP servo offset not yet <60 ps |
| WR PTP servo state           WAIT_OFFSET_STABLE          |
| WR phase offset              3448 ps (target |offset| <60 ps) |
| Global-Time validity         TIME_VALID=0 PPS_VALID=0     |
| Snapshot                     snapshot=0 stable=1 count=0 |
| PPS registers                CR=20000006 EN=0 ESCR=768   |
| PPS register validity        TM=0 PPS=0                  |
| Step5 result                 LOCK_ACQUIRED_NOT_STABLE    |
+------------------------------------------------------------+

Global Time summary (125 MHz reference; 1 cycle = 8 ns)
------------------------------------------------------------
  MASTER  (DE5_1-11.1)
    TAI=868          CYCLES=124999999    VALID
  SLAVE   (DE5_1-11.2)
    TAI=--           CYCLES=--           WAITING (TIME_VALID=0, PPS_VALID=0)
------------------------------------------------------------
Dashboard read complete.
White Rabbit Step 1-6 dashboard  2026-09-30T09:19:28+08:00  (read-only)
Sampling interval: 10s; per-board comparison window: 2000ms

+------------------------------------------------------------+
| MASTER   DE5_1-11.1                                      |
+------------------------------------------------------------+
| Step 1  PHY / Link           PASS                        |
| Step 2  Endpoint / PTP       PASS                        |
| Step 3  WR Handshake         INFO                        |
| Step 4  SoftPLL Startup      PASS                        |
| Step 5  Closed-loop Lock     INFO                        |
| Step 6  Global Time          VALID                       |
+------------------------------------------------------------+
| Link health                  Link=1  TM=1  RX=1  TX=1 |
| Lock signals                 Helper=NA  MainFreq=NA  MainPhase=NA |
|                              MainLock=NA  PSTAT=NA             |
| Global-Time reason           PPS snapshot valid; Step6 gate passed |
| WR PTP servo state           NA                          |
| WR phase offset              NA ps                       |
| Global-Time validity         TIME_VALID=1 PPS_VALID=1     |
| Snapshot                     snapshot=1 stable=1 count=879 |
| PPS registers                CR=20000006 EN=0 ESCR=780   |
| PPS register validity        TM=1 PPS=1                  |
| Step5 result                 NOT_APPLICABLE_MASTER       |
+------------------------------------------------------------+
+------------------------------------------------------------+
| SLAVE    DE5_1-11.2                                      |
+------------------------------------------------------------+
| Step 1  PHY / Link           PASS                        |
| Step 2  Endpoint / PTP       PASS                        |
| Step 3  WR Handshake         PASS                        |
| Step 4  SoftPLL Startup      PASS                        |
| Step 5  Closed-loop Lock     INFO                        |
| Step 6  Global Time          WAITING                     |
+------------------------------------------------------------+
| Link health                  Link=1  TM=1  RX=1  TX=1 |
| Lock signals                 Helper=1  MainFreq=1  MainPhase=1 |
|                              MainLock=1  PSTAT=1             |
| Global-Time reason           PTP servo offset not yet <60 ps |
| WR PTP servo state           WAIT_OFFSET_STABLE          |
| WR phase offset              -503 ps (target |offset| <60 ps) |
| Global-Time validity         TIME_VALID=0 PPS_VALID=0     |
| Snapshot                     snapshot=0 stable=1 count=0 |
| PPS registers                CR=20000006 EN=0 ESCR=768   |
| PPS register validity        TM=0 PPS=0                  |
| Step5 result                 LOCK_ACQUIRED_NOT_STABLE    |
+------------------------------------------------------------+

Global Time summary (125 MHz reference; 1 cycle = 8 ns)
------------------------------------------------------------
  MASTER  (DE5_1-11.1)
    TAI=878          CYCLES=124999999    VALID
  SLAVE   (DE5_1-11.2)
    TAI=--           CYCLES=--           WAITING (TIME_VALID=0, PPS_VALID=0)
------------------------------------------------------------
Dashboard read complete.
White Rabbit Step 1-6 dashboard  2026-09-30T09:19:38+08:00  (read-only)
Sampling interval: 10s; per-board comparison window: 2000ms

+------------------------------------------------------------+
| MASTER   DE5_1-11.1                                      |
+------------------------------------------------------------+
| Step 1  PHY / Link           PASS                        |
| Step 2  Endpoint / PTP       PASS                        |
| Step 3  WR Handshake         INFO                        |
| Step 4  SoftPLL Startup      PASS                        |
| Step 5  Closed-loop Lock     INFO                        |
| Step 6  Global Time          VALID                       |
+------------------------------------------------------------+
| Link health                  Link=1  TM=1  RX=1  TX=1 |
| Lock signals                 Helper=NA  MainFreq=NA  MainPhase=NA |
|                              MainLock=NA  PSTAT=NA             |
| Global-Time reason           PPS snapshot valid; Step6 gate passed |
| WR PTP servo state           NA                          |
| WR phase offset              NA ps                       |
| Global-Time validity         TIME_VALID=1 PPS_VALID=1     |
| Snapshot                     snapshot=1 stable=1 count=890 |
| PPS registers                CR=20000006 EN=0 ESCR=780   |
| PPS register validity        TM=1 PPS=1                  |
| Step5 result                 NOT_APPLICABLE_MASTER       |
+------------------------------------------------------------+
+------------------------------------------------------------+
| SLAVE    DE5_1-11.2                                      |
+------------------------------------------------------------+
| Step 1  PHY / Link           PASS                        |
| Step 2  Endpoint / PTP       PASS                        |
| Step 3  WR Handshake         PASS                        |
| Step 4  SoftPLL Startup      PASS                        |
| Step 5  Closed-loop Lock     INFO                        |
| Step 6  Global Time          WAITING                     |
+------------------------------------------------------------+
| Link health                  Link=1  TM=1  RX=1  TX=1 |
| Lock signals                 Helper=1  MainFreq=1  MainPhase=1 |
|                              MainLock=1  PSTAT=1             |
| Global-Time reason           PTP servo offset not yet <60 ps |
| WR PTP servo state           WAIT_OFFSET_STABLE          |
| WR phase offset              -717 ps (target |offset| <60 ps) |
| Global-Time validity         TIME_VALID=0 PPS_VALID=0     |
| Snapshot                     snapshot=0 stable=1 count=0 |
| PPS registers                CR=20000006 EN=0 ESCR=768   |
| PPS register validity        TM=0 PPS=0                  |
| Step5 result                 LOCK_ACQUIRED_NOT_STABLE    |
+------------------------------------------------------------+

Global Time summary (125 MHz reference; 1 cycle = 8 ns)
------------------------------------------------------------
  MASTER  (DE5_1-11.1)
    TAI=889          CYCLES=124999999    VALID
  SLAVE   (DE5_1-11.2)
    TAI=--           CYCLES=--           WAITING (TIME_VALID=0, PPS_VALID=0)
------------------------------------------------------------
Dashboard read complete.
White Rabbit Step 1-6 dashboard  2026-09-30T09:19:48+08:00  (read-only)
Sampling interval: 10s; per-board comparison window: 2000ms

+------------------------------------------------------------+
| MASTER   DE5_1-11.1                                      |
+------------------------------------------------------------+
| Step 1  PHY / Link           PASS                        |
| Step 2  Endpoint / PTP       PASS                        |
| Step 3  WR Handshake         INFO                        |
| Step 4  SoftPLL Startup      PASS                        |
| Step 5  Closed-loop Lock     INFO                        |
| Step 6  Global Time          VALID                       |
+------------------------------------------------------------+
| Link health                  Link=1  TM=1  RX=1  TX=1 |
| Lock signals                 Helper=NA  MainFreq=NA  MainPhase=NA |
|                              MainLock=NA  PSTAT=NA             |
| Global-Time reason           PPS snapshot valid; Step6 gate passed |
| WR PTP servo state           NA                          |
| WR phase offset              NA ps                       |
| Global-Time validity         TIME_VALID=1 PPS_VALID=1     |
| Snapshot                     snapshot=1 stable=1 count=900 |
| PPS registers                CR=20000006 EN=0 ESCR=780   |
| PPS register validity        TM=1 PPS=1                  |
| Step5 result                 NOT_APPLICABLE_MASTER       |
+------------------------------------------------------------+
+------------------------------------------------------------+
| SLAVE    DE5_1-11.2                                      |
+------------------------------------------------------------+
| Step 1  PHY / Link           PASS                        |
| Step 2  Endpoint / PTP       PASS                        |
| Step 3  WR Handshake         PASS                        |
| Step 4  SoftPLL Startup      PASS                        |
| Step 5  Closed-loop Lock     INFO                        |
| Step 6  Global Time          WAITING                     |
+------------------------------------------------------------+
| Link health                  Link=1  TM=1  RX=1  TX=1 |
| Lock signals                 Helper=1  MainFreq=1  MainPhase=1 |
|                              MainLock=1  PSTAT=1             |
| Global-Time reason           PTP servo offset not yet <60 ps |
| WR PTP servo state           WAIT_OFFSET_STABLE          |
| WR phase offset              -540 ps (target |offset| <60 ps) |
| Global-Time validity         TIME_VALID=0 PPS_VALID=0     |
| Snapshot                     snapshot=0 stable=1 count=0 |
| PPS registers                CR=20000006 EN=0 ESCR=768   |
| PPS register validity        TM=0 PPS=0                  |
| Step5 result                 LOCK_ACQUIRED_NOT_STABLE    |
+------------------------------------------------------------+

Global Time summary (125 MHz reference; 1 cycle = 8 ns)
------------------------------------------------------------
  MASTER  (DE5_1-11.1)
    TAI=899          CYCLES=124999999    VALID
  SLAVE   (DE5_1-11.2)
    TAI=--           CYCLES=--           WAITING (TIME_VALID=0, PPS_VALID=0)
------------------------------------------------------------
Dashboard read complete.
White Rabbit Step 1-6 dashboard  2026-09-30T09:19:58+08:00  (read-only)
Sampling interval: 10s; per-board comparison window: 2000ms

+------------------------------------------------------------+
| MASTER   DE5_1-11.1                                      |
+------------------------------------------------------------+
| Step 1  PHY / Link           PASS                        |
| Step 2  Endpoint / PTP       PASS                        |
| Step 3  WR Handshake         INFO                        |
| Step 4  SoftPLL Startup      PASS                        |
| Step 5  Closed-loop Lock     INFO                        |
| Step 6  Global Time          VALID                       |
+------------------------------------------------------------+
| Link health                  Link=1  TM=1  RX=1  TX=1 |
| Lock signals                 Helper=NA  MainFreq=NA  MainPhase=NA |
|                              MainLock=NA  PSTAT=NA             |
| Global-Time reason           PPS snapshot valid; Step6 gate passed |
| WR PTP servo state           NA                          |
| WR phase offset              NA ps                       |
| Global-Time validity         TIME_VALID=1 PPS_VALID=1     |
| Snapshot                     snapshot=1 stable=1 count=909 |
| PPS registers                CR=20000006 EN=0 ESCR=780   |
| PPS register validity        TM=1 PPS=1                  |
| Step5 result                 NOT_APPLICABLE_MASTER       |
+------------------------------------------------------------+
+------------------------------------------------------------+
| SLAVE    DE5_1-11.2                                      |
+------------------------------------------------------------+
| Step 1  PHY / Link           PASS                        |
| Step 2  Endpoint / PTP       PASS                        |
| Step 3  WR Handshake         PASS                        |
| Step 4  SoftPLL Startup      PASS                        |
| Step 5  Closed-loop Lock     INFO                        |
| Step 6  Global Time          WAITING                     |
+------------------------------------------------------------+
| Link health                  Link=1  TM=1  RX=1  TX=1 |
| Lock signals                 Helper=1  MainFreq=1  MainPhase=1 |
|                              MainLock=1  PSTAT=1             |
| Global-Time reason           PTP servo offset not yet <60 ps |
| WR PTP servo state           WAIT_OFFSET_STABLE          |
| WR phase offset              -1091 ps (target |offset| <60 ps) |
| Global-Time validity         TIME_VALID=0 PPS_VALID=0     |
| Snapshot                     snapshot=0 stable=1 count=0 |
| PPS registers                CR=20000006 EN=0 ESCR=768   |
| PPS register validity        TM=0 PPS=0                  |
| Step5 result                 LOCK_ACQUIRED_NOT_STABLE    |
+------------------------------------------------------------+

Global Time summary (125 MHz reference; 1 cycle = 8 ns)
------------------------------------------------------------
  MASTER  (DE5_1-11.1)
    TAI=908          CYCLES=124999999    VALID
  SLAVE   (DE5_1-11.2)
    TAI=--           CYCLES=--           WAITING (TIME_VALID=0, PPS_VALID=0)
------------------------------------------------------------
Dashboard read complete.
White Rabbit Step 1-6 dashboard  2026-09-30T09:20:08+08:00  (read-only)
Sampling interval: 10s; per-board comparison window: 2000ms

+------------------------------------------------------------+
| MASTER   DE5_1-11.1                                      |
+------------------------------------------------------------+
| Step 1  PHY / Link           PASS                        |
| Step 2  Endpoint / PTP       PASS                        |
| Step 3  WR Handshake         INFO                        |
| Step 4  SoftPLL Startup      PASS                        |
| Step 5  Closed-loop Lock     INFO                        |
| Step 6  Global Time          VALID                       |
+------------------------------------------------------------+
| Link health                  Link=1  TM=1  RX=1  TX=1 |
| Lock signals                 Helper=NA  MainFreq=NA  MainPhase=NA |
|                              MainLock=NA  PSTAT=NA             |
| Global-Time reason           PPS snapshot valid; Step6 gate passed |
| WR PTP servo state           NA                          |
| WR phase offset              NA ps                       |
| Global-Time validity         TIME_VALID=1 PPS_VALID=1     |
| Snapshot                     snapshot=1 stable=1 count=919 |
| PPS registers                CR=20000006 EN=0 ESCR=780   |
| PPS register validity        TM=1 PPS=1                  |
| Step5 result                 NOT_APPLICABLE_MASTER       |
+------------------------------------------------------------+
+------------------------------------------------------------+
| SLAVE    DE5_1-11.2                                      |
+------------------------------------------------------------+
| Step 1  PHY / Link           PASS                        |
| Step 2  Endpoint / PTP       PASS                        |
| Step 3  WR Handshake         PASS                        |
| Step 4  SoftPLL Startup      PASS                        |
| Step 5  Closed-loop Lock     INFO                        |
| Step 6  Global Time          WAITING                     |
+------------------------------------------------------------+
| Link health                  Link=1  TM=1  RX=1  TX=1 |
| Lock signals                 Helper=1  MainFreq=1  MainPhase=1 |
|                              MainLock=1  PSTAT=1             |
| Global-Time reason           PTP servo offset not yet <60 ps |
| WR PTP servo state           WAIT_OFFSET_STABLE          |
| WR phase offset              -1122 ps (target |offset| <60 ps) |
| Global-Time validity         TIME_VALID=0 PPS_VALID=0     |
| Snapshot                     snapshot=0 stable=1 count=0 |
| PPS registers                CR=20000006 EN=0 ESCR=768   |
| PPS register validity        TM=0 PPS=0                  |
| Step5 result                 LOCK_ACQUIRED_NOT_STABLE    |
+------------------------------------------------------------+

Global Time summary (125 MHz reference; 1 cycle = 8 ns)
------------------------------------------------------------
  MASTER  (DE5_1-11.1)
    TAI=918          CYCLES=124999999    VALID
  SLAVE   (DE5_1-11.2)
    TAI=--           CYCLES=--           WAITING (TIME_VALID=0, PPS_VALID=0)
------------------------------------------------------------
Dashboard read complete.
White Rabbit Step 1-6 dashboard  2026-09-30T09:20:18+08:00  (read-only)
Sampling interval: 10s; per-board comparison window: 2000ms

+------------------------------------------------------------+
| MASTER   DE5_1-11.1                                      |
+------------------------------------------------------------+
| Step 1  PHY / Link           PASS                        |
| Step 2  Endpoint / PTP       PASS                        |
| Step 3  WR Handshake         INFO                        |
| Step 4  SoftPLL Startup      PASS                        |
| Step 5  Closed-loop Lock     INFO                        |
| Step 6  Global Time          VALID                       |
+------------------------------------------------------------+
| Link health                  Link=1  TM=1  RX=1  TX=1 |
| Lock signals                 Helper=NA  MainFreq=NA  MainPhase=NA |
|                              MainLock=NA  PSTAT=NA             |
| Global-Time reason           PPS snapshot valid; Step6 gate passed |
| WR PTP servo state           NA                          |
| WR phase offset              NA ps                       |
| Global-Time validity         TIME_VALID=1 PPS_VALID=1     |
| Snapshot                     snapshot=1 stable=1 count=929 |
| PPS registers                CR=20000006 EN=0 ESCR=780   |
| PPS register validity        TM=1 PPS=1                  |
| Step5 result                 NOT_APPLICABLE_MASTER       |
+------------------------------------------------------------+
+------------------------------------------------------------+
| SLAVE    DE5_1-11.2                                      |
+------------------------------------------------------------+
| Step 1  PHY / Link           PASS                        |
| Step 2  Endpoint / PTP       PASS                        |
| Step 3  WR Handshake         PASS                        |
| Step 4  SoftPLL Startup      PASS                        |
| Step 5  Closed-loop Lock     INFO                        |
| Step 6  Global Time          WAITING                     |
+------------------------------------------------------------+
| Link health                  Link=1  TM=1  RX=1  TX=1 |
| Lock signals                 Helper=1  MainFreq=1  MainPhase=1 |
|                              MainLock=1  PSTAT=1             |
| Global-Time reason           PTP servo offset not yet <60 ps |
| WR PTP servo state           WAIT_OFFSET_STABLE          |
| WR phase offset              -865 ps (target |offset| <60 ps) |
| Global-Time validity         TIME_VALID=0 PPS_VALID=0     |
| Snapshot                     snapshot=0 stable=1 count=0 |
| PPS registers                CR=20000006 EN=0 ESCR=768   |
| PPS register validity        TM=0 PPS=0                  |
| Step5 result                 LOCK_ACQUIRED_NOT_STABLE    |
+------------------------------------------------------------+

Global Time summary (125 MHz reference; 1 cycle = 8 ns)
------------------------------------------------------------
  MASTER  (DE5_1-11.1)
    TAI=928          CYCLES=124999999    VALID
  SLAVE   (DE5_1-11.2)
    TAI=--           CYCLES=--           WAITING (TIME_VALID=0, PPS_VALID=0)
------------------------------------------------------------
Dashboard read complete.
White Rabbit Step 1-6 dashboard  2026-09-30T09:20:28+08:00  (read-only)
Sampling interval: 10s; per-board comparison window: 2000ms

+------------------------------------------------------------+
| MASTER   DE5_1-11.1                                      |
+------------------------------------------------------------+
| Step 1  PHY / Link           PASS                        |
| Step 2  Endpoint / PTP       PASS                        |
| Step 3  WR Handshake         INFO                        |
| Step 4  SoftPLL Startup      PASS                        |
| Step 5  Closed-loop Lock     INFO                        |
| Step 6  Global Time          VALID                       |
+------------------------------------------------------------+
| Link health                  Link=1  TM=1  RX=1  TX=1 |
| Lock signals                 Helper=NA  MainFreq=NA  MainPhase=NA |
|                              MainLock=NA  PSTAT=NA             |
| Global-Time reason           PPS snapshot valid; Step6 gate passed |
| WR PTP servo state           NA                          |
| WR phase offset              NA ps                       |
| Global-Time validity         TIME_VALID=1 PPS_VALID=1     |
| Snapshot                     snapshot=1 stable=1 count=939 |
| PPS registers                CR=20000006 EN=0 ESCR=780   |
| PPS register validity        TM=1 PPS=1                  |
| Step5 result                 NOT_APPLICABLE_MASTER       |
+------------------------------------------------------------+
+------------------------------------------------------------+
| SLAVE    DE5_1-11.2                                      |
+------------------------------------------------------------+
| Step 1  PHY / Link           PASS                        |
| Step 2  Endpoint / PTP       PASS                        |
| Step 3  WR Handshake         PASS                        |
| Step 4  SoftPLL Startup      PASS                        |
| Step 5  Closed-loop Lock     INFO                        |
| Step 6  Global Time          WAITING                     |
+------------------------------------------------------------+
| Link health                  Link=1  TM=1  RX=1  TX=1 |
| Lock signals                 Helper=1  MainFreq=1  MainPhase=1 |
|                              MainLock=1  PSTAT=1             |
| Global-Time reason           PTP servo offset not yet <60 ps |
| WR PTP servo state           WAIT_OFFSET_STABLE          |
| WR phase offset              -784 ps (target |offset| <60 ps) |
| Global-Time validity         TIME_VALID=0 PPS_VALID=0     |
| Snapshot                     snapshot=0 stable=1 count=0 |
| PPS registers                CR=20000006 EN=0 ESCR=768   |
| PPS register validity        TM=0 PPS=0                  |
| Step5 result                 LOCK_ACQUIRED_NOT_STABLE    |
+------------------------------------------------------------+

Global Time summary (125 MHz reference; 1 cycle = 8 ns)
------------------------------------------------------------
  MASTER  (DE5_1-11.1)
    TAI=938          CYCLES=124999999    VALID
  SLAVE   (DE5_1-11.2)
    TAI=--           CYCLES=--           WAITING (TIME_VALID=0, PPS_VALID=0)
------------------------------------------------------------
Dashboard read complete.
White Rabbit Step 1-6 dashboard  2026-09-30T09:20:38+08:00  (read-only)
Sampling interval: 10s; per-board comparison window: 2000ms

+------------------------------------------------------------+
| MASTER   DE5_1-11.1                                      |
+------------------------------------------------------------+
| Step 1  PHY / Link           PASS                        |
| Step 2  Endpoint / PTP       PASS                        |
| Step 3  WR Handshake         INFO                        |
| Step 4  SoftPLL Startup      PASS                        |
| Step 5  Closed-loop Lock     INFO                        |
| Step 6  Global Time          VALID                       |
+------------------------------------------------------------+
| Link health                  Link=1  TM=1  RX=1  TX=1 |
| Lock signals                 Helper=NA  MainFreq=NA  MainPhase=NA |
|                              MainLock=NA  PSTAT=NA             |
| Global-Time reason           PPS snapshot valid; Step6 gate passed |
| WR PTP servo state           NA                          |
| WR phase offset              NA ps                       |
| Global-Time validity         TIME_VALID=1 PPS_VALID=1     |
| Snapshot                     snapshot=1 stable=1 count=949 |
| PPS registers                CR=20000006 EN=0 ESCR=780   |
| PPS register validity        TM=1 PPS=1                  |
| Step5 result                 NOT_APPLICABLE_MASTER       |
+------------------------------------------------------------+
+------------------------------------------------------------+
| SLAVE    DE5_1-11.2                                      |
+------------------------------------------------------------+
| Step 1  PHY / Link           PASS                        |
| Step 2  Endpoint / PTP       PASS                        |
| Step 3  WR Handshake         PASS                        |
| Step 4  SoftPLL Startup      PASS                        |
| Step 5  Closed-loop Lock     INFO                        |
| Step 6  Global Time          WAITING                     |
+------------------------------------------------------------+
| Link health                  Link=1  TM=1  RX=1  TX=1 |
| Lock signals                 Helper=1  MainFreq=1  MainPhase=1 |
|                              MainLock=1  PSTAT=1             |
| Global-Time reason           PTP servo offset not yet <60 ps |
| WR PTP servo state           SYNC_PHASE                  |
| WR phase offset              -682 ps (target |offset| <60 ps) |
| Global-Time validity         TIME_VALID=0 PPS_VALID=0     |
| Snapshot                     snapshot=0 stable=1 count=0 |
| PPS registers                CR=20000006 EN=0 ESCR=896   |
| PPS register validity        TM=0 PPS=0                  |
| Step5 result                 LOCK_ACQUIRED_NOT_STABLE    |
+------------------------------------------------------------+

Global Time summary (125 MHz reference; 1 cycle = 8 ns)
------------------------------------------------------------
  MASTER  (DE5_1-11.1)
    TAI=948          CYCLES=124999999    VALID
  SLAVE   (DE5_1-11.2)
    TAI=--           CYCLES=--           WAITING (TIME_VALID=0, PPS_VALID=0)
------------------------------------------------------------
Dashboard read complete.
White Rabbit Step 1-6 dashboard  2026-09-30T09:20:48+08:00  (read-only)
Sampling interval: 10s; per-board comparison window: 2000ms

+------------------------------------------------------------+
| MASTER   DE5_1-11.1                                      |
+------------------------------------------------------------+
| Step 1  PHY / Link           PASS                        |
| Step 2  Endpoint / PTP       PASS                        |
| Step 3  WR Handshake         INFO                        |
| Step 4  SoftPLL Startup      PASS                        |
| Step 5  Closed-loop Lock     INFO                        |
| Step 6  Global Time          VALID                       |
+------------------------------------------------------------+
| Link health                  Link=1  TM=1  RX=1  TX=1 |
| Lock signals                 Helper=NA  MainFreq=NA  MainPhase=NA |
|                              MainLock=NA  PSTAT=NA             |
| Global-Time reason           PPS snapshot valid; Step6 gate passed |
| WR PTP servo state           NA                          |
| WR phase offset              NA ps                       |
| Global-Time validity         TIME_VALID=1 PPS_VALID=1     |
| Snapshot                     snapshot=1 stable=1 count=959 |
| PPS registers                CR=20000006 EN=0 ESCR=908   |
| PPS register validity        TM=1 PPS=1                  |
| Step5 result                 NOT_APPLICABLE_MASTER       |
+------------------------------------------------------------+
+------------------------------------------------------------+
| SLAVE    DE5_1-11.2                                      |
+------------------------------------------------------------+
| Step 1  PHY / Link           PASS                        |
| Step 2  Endpoint / PTP       PASS                        |
| Step 3  WR Handshake         PASS                        |
| Step 4  SoftPLL Startup      PASS                        |
| Step 5  Closed-loop Lock     INFO                        |
| Step 6  Global Time          WAITING                     |
+------------------------------------------------------------+
| Link health                  Link=1  TM=1  RX=1  TX=1 |
| Lock signals                 Helper=1  MainFreq=1  MainPhase=1 |
|                              MainLock=1  PSTAT=1             |
| Global-Time reason           PTP servo offset not yet <60 ps |
| WR PTP servo state           WAIT_OFFSET_STABLE          |
| WR phase offset              -717 ps (target |offset| <60 ps) |
| Global-Time validity         TIME_VALID=0 PPS_VALID=0     |
| Snapshot                     snapshot=0 stable=1 count=0 |
| PPS registers                CR=20000006 EN=0 ESCR=768   |
| PPS register validity        TM=0 PPS=0                  |
| Step5 result                 LOCK_ACQUIRED_NOT_STABLE    |
+------------------------------------------------------------+

Global Time summary (125 MHz reference; 1 cycle = 8 ns)
------------------------------------------------------------
  MASTER  (DE5_1-11.1)
    TAI=958          CYCLES=124999999    VALID
  SLAVE   (DE5_1-11.2)
    TAI=--           CYCLES=--           WAITING (TIME_VALID=0, PPS_VALID=0)
------------------------------------------------------------
Dashboard read complete.
White Rabbit Step 1-6 dashboard  2026-09-30T09:20:58+08:00  (read-only)
Sampling interval: 10s; per-board comparison window: 2000ms

+------------------------------------------------------------+
| MASTER   DE5_1-11.1                                      |
+------------------------------------------------------------+
| Step 1  PHY / Link           PASS                        |
| Step 2  Endpoint / PTP       PASS                        |
| Step 3  WR Handshake         INFO                        |
| Step 4  SoftPLL Startup      PASS                        |
| Step 5  Closed-loop Lock     INFO                        |
| Step 6  Global Time          VALID                       |
+------------------------------------------------------------+
| Link health                  Link=1  TM=1  RX=1  TX=1 |
| Lock signals                 Helper=NA  MainFreq=NA  MainPhase=NA |
|                              MainLock=NA  PSTAT=NA             |
| Global-Time reason           PPS snapshot valid; Step6 gate passed |
| WR PTP servo state           NA                          |
| WR phase offset              NA ps                       |
| Global-Time validity         TIME_VALID=1 PPS_VALID=1     |
| Snapshot                     snapshot=1 stable=1 count=969 |
| PPS registers                CR=20000006 EN=0 ESCR=780   |
| PPS register validity        TM=1 PPS=1                  |
| Step5 result                 NOT_APPLICABLE_MASTER       |
+------------------------------------------------------------+
+------------------------------------------------------------+
| SLAVE    DE5_1-11.2                                      |
+------------------------------------------------------------+
| Step 1  PHY / Link           PASS                        |
| Step 2  Endpoint / PTP       PASS                        |
| Step 3  WR Handshake         PASS                        |
| Step 4  SoftPLL Startup      PASS                        |
| Step 5  Closed-loop Lock     INFO                        |
| Step 6  Global Time          WAITING                     |
+------------------------------------------------------------+
| Link health                  Link=1  TM=1  RX=1  TX=1 |
| Lock signals                 Helper=1  MainFreq=1  MainPhase=1 |
|                              MainLock=1  PSTAT=1             |
| Global-Time reason           PTP servo offset not yet <60 ps |
| WR PTP servo state           WAIT_OFFSET_STABLE          |
| WR phase offset              -559 ps (target |offset| <60 ps) |
| Global-Time validity         TIME_VALID=0 PPS_VALID=0     |
| Snapshot                     snapshot=0 stable=1 count=0 |
| PPS registers                CR=20000006 EN=0 ESCR=768   |
| PPS register validity        TM=0 PPS=0                  |
| Step5 result                 LOCK_ACQUIRED_NOT_STABLE    |
+------------------------------------------------------------+

Global Time summary (125 MHz reference; 1 cycle = 8 ns)
------------------------------------------------------------
  MASTER  (DE5_1-11.1)
    TAI=968          CYCLES=124999999    VALID
  SLAVE   (DE5_1-11.2)
    TAI=--           CYCLES=--           WAITING (TIME_VALID=0, PPS_VALID=0)
------------------------------------------------------------
Dashboard read complete.
White Rabbit Step 1-6 dashboard  2026-09-30T09:21:08+08:00  (read-only)
Sampling interval: 10s; per-board comparison window: 2000ms

+------------------------------------------------------------+
| MASTER   DE5_1-11.1                                      |
+------------------------------------------------------------+
| Step 1  PHY / Link           PASS                        |
| Step 2  Endpoint / PTP       PASS                        |
| Step 3  WR Handshake         INFO                        |
| Step 4  SoftPLL Startup      PASS                        |
| Step 5  Closed-loop Lock     INFO                        |
| Step 6  Global Time          VALID                       |
+------------------------------------------------------------+
| Link health                  Link=1  TM=1  RX=1  TX=1 |
| Lock signals                 Helper=NA  MainFreq=NA  MainPhase=NA |
|                              MainLock=NA  PSTAT=NA             |
| Global-Time reason           PPS snapshot valid; Step6 gate passed |
| WR PTP servo state           NA                          |
| WR phase offset              NA ps                       |
| Global-Time validity         TIME_VALID=1 PPS_VALID=1     |
| Snapshot                     snapshot=1 stable=1 count=979 |
| PPS registers                CR=20000006 EN=0 ESCR=780   |
| PPS register validity        TM=1 PPS=1                  |
| Step5 result                 NOT_APPLICABLE_MASTER       |
+------------------------------------------------------------+
+------------------------------------------------------------+
| SLAVE    DE5_1-11.2                                      |
+------------------------------------------------------------+
| Step 1  PHY / Link           PASS                        |
| Step 2  Endpoint / PTP       PASS                        |
| Step 3  WR Handshake         PASS                        |
| Step 4  SoftPLL Startup      PASS                        |
| Step 5  Closed-loop Lock     INFO                        |
| Step 6  Global Time          WAITING                     |
+------------------------------------------------------------+
| Link health                  Link=1  TM=1  RX=1  TX=1 |
| Lock signals                 Helper=1  MainFreq=1  MainPhase=1 |
|                              MainLock=1  PSTAT=1             |
| Global-Time reason           PTP servo offset not yet <60 ps |
| WR PTP servo state           WAIT_OFFSET_STABLE          |
| WR phase offset              -996 ps (target |offset| <60 ps) |
| Global-Time validity         TIME_VALID=0 PPS_VALID=0     |
| Snapshot                     snapshot=0 stable=1 count=0 |
| PPS registers                CR=20000006 EN=0 ESCR=768   |
| PPS register validity        TM=0 PPS=0                  |
| Step5 result                 LOCK_ACQUIRED_NOT_STABLE    |
+------------------------------------------------------------+

Global Time summary (125 MHz reference; 1 cycle = 8 ns)
------------------------------------------------------------
  MASTER  (DE5_1-11.1)
    TAI=978          CYCLES=124999999    VALID
  SLAVE   (DE5_1-11.2)
    TAI=--           CYCLES=--           WAITING (TIME_VALID=0, PPS_VALID=0)
------------------------------------------------------------
Dashboard read complete.
White Rabbit Step 1-6 dashboard  2026-09-30T09:21:18+08:00  (read-only)
Sampling interval: 10s; per-board comparison window: 2000ms

+------------------------------------------------------------+
| MASTER   DE5_1-11.1                                      |
+------------------------------------------------------------+
| Step 1  PHY / Link           PASS                        |
| Step 2  Endpoint / PTP       PASS                        |
| Step 3  WR Handshake         INFO                        |
| Step 4  SoftPLL Startup      PASS                        |
| Step 5  Closed-loop Lock     INFO                        |
| Step 6  Global Time          VALID                       |
+------------------------------------------------------------+
| Link health                  Link=1  TM=1  RX=1  TX=1 |
| Lock signals                 Helper=NA  MainFreq=NA  MainPhase=NA |
|                              MainLock=NA  PSTAT=NA             |
| Global-Time reason           PPS snapshot valid; Step6 gate passed |
| WR PTP servo state           NA                          |
| WR phase offset              NA ps                       |
| Global-Time validity         TIME_VALID=1 PPS_VALID=1     |
| Snapshot                     snapshot=1 stable=1 count=989 |
| PPS registers                CR=20000006 EN=0 ESCR=780   |
| PPS register validity        TM=1 PPS=1                  |
| Step5 result                 NOT_APPLICABLE_MASTER       |
+------------------------------------------------------------+
+------------------------------------------------------------+
| SLAVE    DE5_1-11.2                                      |
+------------------------------------------------------------+
| Step 1  PHY / Link           PASS                        |
| Step 2  Endpoint / PTP       PASS                        |
| Step 3  WR Handshake         PASS                        |
| Step 4  SoftPLL Startup      PASS                        |
| Step 5  Closed-loop Lock     INFO                        |
| Step 6  Global Time          WAITING                     |
+------------------------------------------------------------+
| Link health                  Link=1  TM=1  RX=1  TX=1 |
| Lock signals                 Helper=1  MainFreq=1  MainPhase=1 |
|                              MainLock=1  PSTAT=1             |
| Global-Time reason           PTP servo offset not yet <60 ps |
| WR PTP servo state           WAIT_OFFSET_STABLE          |
| WR phase offset              -1003 ps (target |offset| <60 ps) |
| Global-Time validity         TIME_VALID=0 PPS_VALID=0     |
| Snapshot                     snapshot=0 stable=1 count=0 |
| PPS registers                CR=20000006 EN=0 ESCR=768   |
| PPS register validity        TM=0 PPS=0                  |
| Step5 result                 LOCK_ACQUIRED_NOT_STABLE    |
+------------------------------------------------------------+

Global Time summary (125 MHz reference; 1 cycle = 8 ns)
------------------------------------------------------------
  MASTER  (DE5_1-11.1)
    TAI=988          CYCLES=124999999    VALID
  SLAVE   (DE5_1-11.2)
    TAI=--           CYCLES=--           WAITING (TIME_VALID=0, PPS_VALID=0)
------------------------------------------------------------
Dashboard read complete.
White Rabbit Step 1-6 dashboard  2026-09-30T09:21:28+08:00  (read-only)
Sampling interval: 10s; per-board comparison window: 2000ms

+------------------------------------------------------------+
| MASTER   DE5_1-11.1                                      |
+------------------------------------------------------------+
| Step 1  PHY / Link           PASS                        |
| Step 2  Endpoint / PTP       PASS                        |
| Step 3  WR Handshake         INFO                        |
| Step 4  SoftPLL Startup      PASS                        |
| Step 5  Closed-loop Lock     INFO                        |
| Step 6  Global Time          VALID                       |
+------------------------------------------------------------+
| Link health                  Link=1  TM=1  RX=1  TX=1 |
| Lock signals                 Helper=NA  MainFreq=NA  MainPhase=NA |
|                              MainLock=NA  PSTAT=NA             |
| Global-Time reason           PPS snapshot valid; Step6 gate passed |
| WR PTP servo state           NA                          |
| WR phase offset              NA ps                       |
| Global-Time validity         TIME_VALID=1 PPS_VALID=1     |
| Snapshot                     snapshot=1 stable=1 count=999 |
| PPS registers                CR=20000006 EN=0 ESCR=780   |
| PPS register validity        TM=1 PPS=1                  |
| Step5 result                 NOT_APPLICABLE_MASTER       |
+------------------------------------------------------------+
+------------------------------------------------------------+
| SLAVE    DE5_1-11.2                                      |
+------------------------------------------------------------+
| Step 1  PHY / Link           PASS                        |
| Step 2  Endpoint / PTP       PASS                        |
| Step 3  WR Handshake         PASS                        |
| Step 4  SoftPLL Startup      PASS                        |
| Step 5  Closed-loop Lock     INFO                        |
| Step 6  Global Time          WAITING                     |
+------------------------------------------------------------+
| Link health                  Link=1  TM=1  RX=1  TX=1 |
| Lock signals                 Helper=1  MainFreq=1  MainPhase=1 |
|                              MainLock=1  PSTAT=1             |
| Global-Time reason           PTP servo offset not yet <60 ps |
| WR PTP servo state           WAIT_OFFSET_STABLE          |
| WR phase offset              -674 ps (target |offset| <60 ps) |
| Global-Time validity         TIME_VALID=0 PPS_VALID=0     |
| Snapshot                     snapshot=0 stable=1 count=0 |
| PPS registers                CR=20000006 EN=0 ESCR=768   |
| PPS register validity        TM=0 PPS=0                  |
| Step5 result                 LOCK_ACQUIRED_NOT_STABLE    |
+------------------------------------------------------------+

Global Time summary (125 MHz reference; 1 cycle = 8 ns)
------------------------------------------------------------
  MASTER  (DE5_1-11.1)
    TAI=998          CYCLES=124999999    VALID
  SLAVE   (DE5_1-11.2)
    TAI=--           CYCLES=--           WAITING (TIME_VALID=0, PPS_VALID=0)
------------------------------------------------------------
Dashboard read complete.
White Rabbit Step 1-6 dashboard  2026-09-30T09:21:38+08:00  (read-only)
Sampling interval: 10s; per-board comparison window: 2000ms

+------------------------------------------------------------+
| MASTER   DE5_1-11.1                                      |
+------------------------------------------------------------+
| Step 1  PHY / Link           PASS                        |
| Step 2  Endpoint / PTP       PASS                        |
| Step 3  WR Handshake         INFO                        |
| Step 4  SoftPLL Startup      PASS                        |
| Step 5  Closed-loop Lock     INFO                        |
| Step 6  Global Time          VALID                       |
+------------------------------------------------------------+
| Link health                  Link=1  TM=1  RX=1  TX=1 |
| Lock signals                 Helper=NA  MainFreq=NA  MainPhase=NA |
|                              MainLock=NA  PSTAT=NA             |
| Global-Time reason           PPS snapshot valid; Step6 gate passed |
| WR PTP servo state           NA                          |
| WR phase offset              NA ps                       |
| Global-Time validity         TIME_VALID=1 PPS_VALID=1     |
| Snapshot                     snapshot=1 stable=1 count=1009 |
| PPS registers                CR=20000006 EN=0 ESCR=780   |
| PPS register validity        TM=1 PPS=1                  |
| Step5 result                 NOT_APPLICABLE_MASTER       |
+------------------------------------------------------------+
+------------------------------------------------------------+
| SLAVE    DE5_1-11.2                                      |
+------------------------------------------------------------+
| Step 1  PHY / Link           PASS                        |
| Step 2  Endpoint / PTP       PASS                        |
| Step 3  WR Handshake         PASS                        |
| Step 4  SoftPLL Startup      PASS                        |
| Step 5  Closed-loop Lock     INFO                        |
| Step 6  Global Time          WAITING                     |
+------------------------------------------------------------+
| Link health                  Link=1  TM=1  RX=1  TX=1 |
| Lock signals                 Helper=1  MainFreq=1  MainPhase=1 |
|                              MainLock=1  PSTAT=1             |
| Global-Time reason           PTP servo offset not yet <60 ps |
| WR PTP servo state           WAIT_OFFSET_STABLE          |
| WR phase offset              -593 ps (target |offset| <60 ps) |
| Global-Time validity         TIME_VALID=0 PPS_VALID=0     |
| Snapshot                     snapshot=0 stable=1 count=0 |
| PPS registers                CR=20000006 EN=0 ESCR=768   |
| PPS register validity        TM=0 PPS=0                  |
| Step5 result                 LOCK_ACQUIRED_NOT_STABLE    |
+------------------------------------------------------------+

Global Time summary (125 MHz reference; 1 cycle = 8 ns)
------------------------------------------------------------
  MASTER  (DE5_1-11.1)
    TAI=1008         CYCLES=124999999    VALID
  SLAVE   (DE5_1-11.2)
    TAI=--           CYCLES=--           WAITING (TIME_VALID=0, PPS_VALID=0)
------------------------------------------------------------
Dashboard read complete.
White Rabbit Step 1-6 dashboard  2026-09-30T09:21:48+08:00  (read-only)
Sampling interval: 10s; per-board comparison window: 2000ms

+------------------------------------------------------------+
| MASTER   DE5_1-11.1                                      |
+------------------------------------------------------------+
| Step 1  PHY / Link           PASS                        |
| Step 2  Endpoint / PTP       PASS                        |
| Step 3  WR Handshake         INFO                        |
| Step 4  SoftPLL Startup      PASS                        |
| Step 5  Closed-loop Lock     INFO                        |
| Step 6  Global Time          VALID                       |
+------------------------------------------------------------+
| Link health                  Link=1  TM=1  RX=1  TX=1 |
| Lock signals                 Helper=NA  MainFreq=NA  MainPhase=NA |
|                              MainLock=NA  PSTAT=NA             |
| Global-Time reason           PPS snapshot valid; Step6 gate passed |
| WR PTP servo state           NA                          |
| WR phase offset              NA ps                       |
| Global-Time validity         TIME_VALID=1 PPS_VALID=1     |
| Snapshot                     snapshot=1 stable=1 count=1019 |
| PPS registers                CR=20000006 EN=0 ESCR=780   |
| PPS register validity        TM=1 PPS=1                  |
| Step5 result                 NOT_APPLICABLE_MASTER       |
+------------------------------------------------------------+
+------------------------------------------------------------+
| SLAVE    DE5_1-11.2                                      |
+------------------------------------------------------------+
| Step 1  PHY / Link           PASS                        |
| Step 2  Endpoint / PTP       PASS                        |
| Step 3  WR Handshake         PASS                        |
| Step 4  SoftPLL Startup      PASS                        |
| Step 5  Closed-loop Lock     INFO                        |
| Step 6  Global Time          WAITING                     |
+------------------------------------------------------------+
| Link health                  Link=1  TM=1  RX=1  TX=1 |
| Lock signals                 Helper=1  MainFreq=1  MainPhase=1 |
|                              MainLock=1  PSTAT=1             |
| Global-Time reason           PTP servo offset not yet <60 ps |
| WR PTP servo state           WAIT_OFFSET_STABLE          |
| WR phase offset              -630 ps (target |offset| <60 ps) |
| Global-Time validity         TIME_VALID=0 PPS_VALID=0     |
| Snapshot                     snapshot=0 stable=1 count=0 |
| PPS registers                CR=20000006 EN=0 ESCR=896   |
| PPS register validity        TM=0 PPS=0                  |
| Step5 result                 LOCK_ACQUIRED_NOT_STABLE    |
+------------------------------------------------------------+

Global Time summary (125 MHz reference; 1 cycle = 8 ns)
------------------------------------------------------------
  MASTER  (DE5_1-11.1)
    TAI=1018         CYCLES=124999999    VALID
  SLAVE   (DE5_1-11.2)
    TAI=--           CYCLES=--           WAITING (TIME_VALID=0, PPS_VALID=0)
------------------------------------------------------------
Dashboard read complete.
White Rabbit Step 1-6 dashboard  2026-09-30T09:21:58+08:00  (read-only)
Sampling interval: 10s; per-board comparison window: 2000ms

+------------------------------------------------------------+
| MASTER   DE5_1-11.1                                      |
+------------------------------------------------------------+
| Step 1  PHY / Link           PASS                        |
| Step 2  Endpoint / PTP       PASS                        |
| Step 3  WR Handshake         INFO                        |
| Step 4  SoftPLL Startup      PASS                        |
| Step 5  Closed-loop Lock     INFO                        |
| Step 6  Global Time          WAITING                     |
+------------------------------------------------------------+
| Link health                  Link=1  TM=1  RX=1  TX=1 |
| Lock signals                 Helper=NA  MainFreq=NA  MainPhase=NA |
|                              MainLock=NA  PSTAT=NA             |
| Global-Time reason           TIME_VALID=1, PPS_VALID=1   |
| WR PTP servo state           NA                          |
| WR phase offset              NA ps                       |
| Global-Time validity         TIME_VALID=1 PPS_VALID=1     |
| Snapshot                     snapshot=1 stable=0 count=1030 |
| PPS registers                CR=20000006 EN=0 ESCR=1036  |
| PPS register validity        TM=1 PPS=1                  |
| Step5 result                 NOT_APPLICABLE_MASTER       |
+------------------------------------------------------------+
+------------------------------------------------------------+
| SLAVE    DE5_1-11.2                                      |
+------------------------------------------------------------+
| Step 1  PHY / Link           PASS                        |
| Step 2  Endpoint / PTP       PASS                        |
| Step 3  WR Handshake         PASS                        |
| Step 4  SoftPLL Startup      PASS                        |
| Step 5  Closed-loop Lock     INFO                        |
| Step 6  Global Time          WAITING                     |
+------------------------------------------------------------+
| Link health                  Link=1  TM=1  RX=1  TX=1 |
| Lock signals                 Helper=1  MainFreq=1  MainPhase=1 |
|                              MainLock=1  PSTAT=1             |
| Global-Time reason           PTP servo offset not yet <60 ps |
| WR PTP servo state           WAIT_OFFSET_STABLE          |
| WR phase offset              -856 ps (target |offset| <60 ps) |
| Global-Time validity         TIME_VALID=0 PPS_VALID=0     |
| Snapshot                     snapshot=0 stable=1 count=0 |
| PPS registers                CR=20000006 EN=0 ESCR=1024  |
| PPS register validity        TM=0 PPS=0                  |
| Step5 result                 LOCK_ACQUIRED_NOT_STABLE    |
+------------------------------------------------------------+

Global Time summary (125 MHz reference; 1 cycle = 8 ns)
------------------------------------------------------------
  MASTER  (DE5_1-11.1)
    TAI=--           CYCLES=--           WAITING (TIME_VALID=1, PPS_VALID=1)
  SLAVE   (DE5_1-11.2)
    TAI=--           CYCLES=--           WAITING (TIME_VALID=0, PPS_VALID=0)
------------------------------------------------------------
Dashboard read complete.
White Rabbit Step 1-6 dashboard  2026-09-30T09:22:08+08:00  (read-only)
Sampling interval: 10s; per-board comparison window: 2000ms

+------------------------------------------------------------+
| MASTER   DE5_1-11.1                                      |
+------------------------------------------------------------+
| Step 1  PHY / Link           PASS                        |
| Step 2  Endpoint / PTP       PASS                        |
| Step 3  WR Handshake         INFO                        |
| Step 4  SoftPLL Startup      PASS                        |
| Step 5  Closed-loop Lock     INFO                        |
| Step 6  Global Time          VALID                       |
+------------------------------------------------------------+
| Link health                  Link=1  TM=1  RX=1  TX=1 |
| Lock signals                 Helper=NA  MainFreq=NA  MainPhase=NA |
|                              MainLock=NA  PSTAT=NA             |
| Global-Time reason           PPS snapshot valid; Step6 gate passed |
| WR PTP servo state           NA                          |
| WR phase offset              NA ps                       |
| Global-Time validity         TIME_VALID=1 PPS_VALID=1     |
| Snapshot                     snapshot=1 stable=1 count=1040 |
| PPS registers                CR=20000006 EN=0 ESCR=1036  |
| PPS register validity        TM=1 PPS=1                  |
| Step5 result                 NOT_APPLICABLE_MASTER       |
+------------------------------------------------------------+
+------------------------------------------------------------+
| SLAVE    DE5_1-11.2                                      |
+------------------------------------------------------------+
| Step 1  PHY / Link           PASS                        |
| Step 2  Endpoint / PTP       PASS                        |
| Step 3  WR Handshake         PASS                        |
| Step 4  SoftPLL Startup      PASS                        |
| Step 5  Closed-loop Lock     INFO                        |
| Step 6  Global Time          WAITING                     |
+------------------------------------------------------------+
| Link health                  Link=1  TM=1  RX=1  TX=1 |
| Lock signals                 Helper=1  MainFreq=1  MainPhase=1 |
|                              MainLock=1  PSTAT=1             |
| Global-Time reason           PTP servo offset not yet <60 ps |
| WR PTP servo state           WAIT_OFFSET_STABLE          |
| WR phase offset              -848 ps (target |offset| <60 ps) |
| Global-Time validity         TIME_VALID=0 PPS_VALID=0     |
| Snapshot                     snapshot=0 stable=1 count=0 |
| PPS registers                CR=20000006 EN=0 ESCR=1024  |
| PPS register validity        TM=0 PPS=0                  |
| Step5 result                 LOCK_ACQUIRED_NOT_STABLE    |
+------------------------------------------------------------+

Global Time summary (125 MHz reference; 1 cycle = 8 ns)
------------------------------------------------------------
  MASTER  (DE5_1-11.1)
    TAI=1039         CYCLES=124999999    VALID
  SLAVE   (DE5_1-11.2)
    TAI=--           CYCLES=--           WAITING (TIME_VALID=0, PPS_VALID=0)
------------------------------------------------------------
Dashboard read complete.
White Rabbit Step 1-6 dashboard  2026-09-30T09:22:18+08:00  (read-only)
Sampling interval: 10s; per-board comparison window: 2000ms

+------------------------------------------------------------+
| MASTER   DE5_1-11.1                                      |
+------------------------------------------------------------+
| Step 1  PHY / Link           PASS                        |
| Step 2  Endpoint / PTP       PASS                        |
| Step 3  WR Handshake         INFO                        |
| Step 4  SoftPLL Startup      PASS                        |
| Step 5  Closed-loop Lock     INFO                        |
| Step 6  Global Time          VALID                       |
+------------------------------------------------------------+
| Link health                  Link=1  TM=1  RX=1  TX=1 |
| Lock signals                 Helper=NA  MainFreq=NA  MainPhase=NA |
|                              MainLock=NA  PSTAT=NA             |
| Global-Time reason           PPS snapshot valid; Step6 gate passed |
| WR PTP servo state           NA                          |
| WR phase offset              NA ps                       |
| Global-Time validity         TIME_VALID=1 PPS_VALID=1     |
| Snapshot                     snapshot=1 stable=1 count=1050 |
| PPS registers                CR=20000006 EN=0 ESCR=122617740 |
| PPS register validity        TM=1 PPS=1                  |
| Step5 result                 NOT_APPLICABLE_MASTER       |
+------------------------------------------------------------+
+------------------------------------------------------------+
| SLAVE    DE5_1-11.2                                      |
+------------------------------------------------------------+
| Step 1  PHY / Link           PASS                        |
| Step 2  Endpoint / PTP       PASS                        |
| Step 3  WR Handshake         PASS                        |
| Step 4  SoftPLL Startup      PASS                        |
| Step 5  Closed-loop Lock     INFO                        |
| Step 6  Global Time          WAITING                     |
+------------------------------------------------------------+
| Link health                  Link=1  TM=1  RX=1  TX=1 |
| Lock signals                 Helper=1  MainFreq=1  MainPhase=1 |
|                              MainLock=1  PSTAT=1             |
| Global-Time reason           PTP servo offset not yet <60 ps |
| WR PTP servo state           WAIT_OFFSET_STABLE          |
| WR phase offset              -830 ps (target |offset| <60 ps) |
| Global-Time validity         TIME_VALID=0 PPS_VALID=0     |
| Snapshot                     snapshot=0 stable=1 count=0 |
| PPS registers                CR=20000006 EN=0 ESCR=1024  |
| PPS register validity        TM=0 PPS=0                  |
| Step5 result                 LOCK_ACQUIRED_NOT_STABLE    |
+------------------------------------------------------------+

Global Time summary (125 MHz reference; 1 cycle = 8 ns)
------------------------------------------------------------
  MASTER  (DE5_1-11.1)
    TAI=1049         CYCLES=124999999    VALID
  SLAVE   (DE5_1-11.2)
    TAI=--           CYCLES=--           WAITING (TIME_VALID=0, PPS_VALID=0)
------------------------------------------------------------
Dashboard read complete.
White Rabbit Step 1-6 dashboard  2026-09-30T09:22:28+08:00  (read-only)
Sampling interval: 10s; per-board comparison window: 2000ms

+------------------------------------------------------------+
| MASTER   DE5_1-11.1                                      |
+------------------------------------------------------------+
| Step 1  PHY / Link           PASS                        |
| Step 2  Endpoint / PTP       PASS                        |
| Step 3  WR Handshake         INFO                        |
| Step 4  SoftPLL Startup      PASS                        |
| Step 5  Closed-loop Lock     INFO                        |
| Step 6  Global Time          VALID                       |
+------------------------------------------------------------+
| Link health                  Link=1  TM=1  RX=1  TX=1 |
| Lock signals                 Helper=NA  MainFreq=NA  MainPhase=NA |
|                              MainLock=NA  PSTAT=NA             |
| Global-Time reason           PPS snapshot valid; Step6 gate passed |
| WR PTP servo state           NA                          |
| WR phase offset              NA ps                       |
| Global-Time validity         TIME_VALID=1 PPS_VALID=1     |
| Snapshot                     snapshot=1 stable=1 count=1060 |
| PPS registers                CR=20000006 EN=0 ESCR=1036  |
| PPS register validity        TM=1 PPS=1                  |
| Step5 result                 NOT_APPLICABLE_MASTER       |
+------------------------------------------------------------+
+------------------------------------------------------------+
| SLAVE    DE5_1-11.2                                      |
+------------------------------------------------------------+
| Step 1  PHY / Link           PASS                        |
| Step 2  Endpoint / PTP       PASS                        |
| Step 3  WR Handshake         PASS                        |
| Step 4  SoftPLL Startup      PASS                        |
| Step 5  Closed-loop Lock     INFO                        |
| Step 6  Global Time          WAITING                     |
+------------------------------------------------------------+
| Link health                  Link=1  TM=1  RX=1  TX=1 |
| Lock signals                 Helper=1  MainFreq=1  MainPhase=1 |
|                              MainLock=1  PSTAT=1             |
| Global-Time reason           PTP servo offset not yet <60 ps |
| WR PTP servo state           WAIT_OFFSET_STABLE          |
| WR phase offset              -819 ps (target |offset| <60 ps) |
| Global-Time validity         TIME_VALID=0 PPS_VALID=0     |
| Snapshot                     snapshot=0 stable=1 count=0 |
| PPS registers                CR=20000006 EN=0 ESCR=1024  |
| PPS register validity        TM=0 PPS=0                  |
| Step5 result                 LOCK_ACQUIRED_NOT_STABLE    |
+------------------------------------------------------------+

Global Time summary (125 MHz reference; 1 cycle = 8 ns)
------------------------------------------------------------
  MASTER  (DE5_1-11.1)
    TAI=1059         CYCLES=124999999    VALID
  SLAVE   (DE5_1-11.2)
    TAI=--           CYCLES=--           WAITING (TIME_VALID=0, PPS_VALID=0)
------------------------------------------------------------
Dashboard read complete.
White Rabbit Step 1-6 dashboard  2026-09-30T09:22:38+08:00  (read-only)
Sampling interval: 10s; per-board comparison window: 2000ms

+------------------------------------------------------------+
| MASTER   DE5_1-11.1                                      |
+------------------------------------------------------------+
| Step 1  PHY / Link           PASS                        |
| Step 2  Endpoint / PTP       PASS                        |
| Step 3  WR Handshake         INFO                        |
| Step 4  SoftPLL Startup      PASS                        |
| Step 5  Closed-loop Lock     INFO                        |
| Step 6  Global Time          VALID                       |
+------------------------------------------------------------+
| Link health                  Link=1  TM=1  RX=1  TX=1 |
| Lock signals                 Helper=NA  MainFreq=NA  MainPhase=NA |
|                              MainLock=NA  PSTAT=NA             |
| Global-Time reason           PPS snapshot valid; Step6 gate passed |
| WR PTP servo state           NA                          |
| WR phase offset              NA ps                       |
| Global-Time validity         TIME_VALID=1 PPS_VALID=1     |
| Snapshot                     snapshot=1 stable=1 count=1070 |
| PPS registers                CR=20000006 EN=0 ESCR=1036  |
| PPS register validity        TM=1 PPS=1                  |
| Step5 result                 NOT_APPLICABLE_MASTER       |
+------------------------------------------------------------+
+------------------------------------------------------------+
| SLAVE    DE5_1-11.2                                      |
+------------------------------------------------------------+
| Step 1  PHY / Link           PASS                        |
| Step 2  Endpoint / PTP       PASS                        |
| Step 3  WR Handshake         PASS                        |
| Step 4  SoftPLL Startup      PASS                        |
| Step 5  Closed-loop Lock     INFO                        |
| Step 6  Global Time          WAITING                     |
+------------------------------------------------------------+
| Link health                  Link=1  TM=1  RX=1  TX=1 |
| Lock signals                 Helper=1  MainFreq=1  MainPhase=1 |
|                              MainLock=1  PSTAT=1             |
| Global-Time reason           PTP servo offset not yet <60 ps |
| WR PTP servo state           WAIT_OFFSET_STABLE          |
| WR phase offset              -747 ps (target |offset| <60 ps) |
| Global-Time validity         TIME_VALID=0 PPS_VALID=0     |
| Snapshot                     snapshot=0 stable=1 count=0 |
| PPS registers                CR=20000006 EN=0 ESCR=1024  |
| PPS register validity        TM=0 PPS=0                  |
| Step5 result                 LOCK_ACQUIRED_NOT_STABLE    |
+------------------------------------------------------------+

Global Time summary (125 MHz reference; 1 cycle = 8 ns)
------------------------------------------------------------
  MASTER  (DE5_1-11.1)
    TAI=1069         CYCLES=124999999    VALID
  SLAVE   (DE5_1-11.2)
    TAI=--           CYCLES=--           WAITING (TIME_VALID=0, PPS_VALID=0)
------------------------------------------------------------
Dashboard read complete.
White Rabbit Step 1-6 dashboard  2026-09-30T09:22:48+08:00  (read-only)
Sampling interval: 10s; per-board comparison window: 2000ms

+------------------------------------------------------------+
| MASTER   DE5_1-11.1                                      |
+------------------------------------------------------------+
| Step 1  PHY / Link           PASS                        |
| Step 2  Endpoint / PTP       PASS                        |
| Step 3  WR Handshake         INFO                        |
| Step 4  SoftPLL Startup      PASS                        |
| Step 5  Closed-loop Lock     INFO                        |
| Step 6  Global Time          VALID                       |
+------------------------------------------------------------+
| Link health                  Link=1  TM=1  RX=1  TX=1 |
| Lock signals                 Helper=NA  MainFreq=NA  MainPhase=NA |
|                              MainLock=NA  PSTAT=NA             |
| Global-Time reason           PPS snapshot valid; Step6 gate passed |
| WR PTP servo state           NA                          |
| WR phase offset              NA ps                       |
| Global-Time validity         TIME_VALID=1 PPS_VALID=1     |
| Snapshot                     snapshot=1 stable=1 count=1079 |
| PPS registers                CR=20000006 EN=0 ESCR=1036  |
| PPS register validity        TM=1 PPS=1                  |
| Step5 result                 NOT_APPLICABLE_MASTER       |
+------------------------------------------------------------+
+------------------------------------------------------------+
| SLAVE    DE5_1-11.2                                      |
+------------------------------------------------------------+
| Step 1  PHY / Link           PASS                        |
| Step 2  Endpoint / PTP       PASS                        |
| Step 3  WR Handshake         PASS                        |
| Step 4  SoftPLL Startup      PASS                        |
| Step 5  Closed-loop Lock     INFO                        |
| Step 6  Global Time          WAITING                     |
+------------------------------------------------------------+
| Link health                  Link=1  TM=1  RX=1  TX=1 |
| Lock signals                 Helper=1  MainFreq=1  MainPhase=1 |
|                              MainLock=1  PSTAT=1             |
| Global-Time reason           PTP servo offset not yet <60 ps |
| WR PTP servo state           SYNC_PHASE                  |
| WR phase offset              -472 ps (target |offset| <60 ps) |
| Global-Time validity         TIME_VALID=0 PPS_VALID=0     |
| Snapshot                     snapshot=0 stable=1 count=0 |
| PPS registers                CR=20000006 EN=0 ESCR=1024  |
| PPS register validity        TM=0 PPS=0                  |
| Step5 result                 LOCK_ACQUIRED_NOT_STABLE    |
+------------------------------------------------------------+

Global Time summary (125 MHz reference; 1 cycle = 8 ns)
------------------------------------------------------------
  MASTER  (DE5_1-11.1)
    TAI=1078         CYCLES=124999999    VALID
  SLAVE   (DE5_1-11.2)
    TAI=--           CYCLES=--           WAITING (TIME_VALID=0, PPS_VALID=0)
------------------------------------------------------------
Dashboard read complete.
White Rabbit Step 1-6 dashboard  2026-09-30T09:22:58+08:00  (read-only)
Sampling interval: 10s; per-board comparison window: 2000ms

+------------------------------------------------------------+
| MASTER   DE5_1-11.1                                      |
+------------------------------------------------------------+
| Step 1  PHY / Link           PASS                        |
| Step 2  Endpoint / PTP       PASS                        |
| Step 3  WR Handshake         INFO                        |
| Step 4  SoftPLL Startup      PASS                        |
| Step 5  Closed-loop Lock     INFO                        |
| Step 6  Global Time          VALID                       |
+------------------------------------------------------------+
| Link health                  Link=1  TM=1  RX=1  TX=1 |
| Lock signals                 Helper=NA  MainFreq=NA  MainPhase=NA |
|                              MainLock=NA  PSTAT=NA             |
| Global-Time reason           PPS snapshot valid; Step6 gate passed |
| WR PTP servo state           NA                          |
| WR phase offset              NA ps                       |
| Global-Time validity         TIME_VALID=1 PPS_VALID=1     |
| Snapshot                     snapshot=1 stable=1 count=1089 |
| PPS registers                CR=20000006 EN=0 ESCR=1036  |
| PPS register validity        TM=1 PPS=1                  |
| Step5 result                 NOT_APPLICABLE_MASTER       |
+------------------------------------------------------------+
+------------------------------------------------------------+
| SLAVE    DE5_1-11.2                                      |
+------------------------------------------------------------+
| Step 1  PHY / Link           PASS                        |
| Step 2  Endpoint / PTP       PASS                        |
| Step 3  WR Handshake         PASS                        |
| Step 4  SoftPLL Startup      PASS                        |
| Step 5  Closed-loop Lock     INFO                        |
| Step 6  Global Time          WAITING                     |
+------------------------------------------------------------+
| Link health                  Link=1  TM=1  RX=1  TX=1 |
| Lock signals                 Helper=1  MainFreq=1  MainPhase=1 |
|                              MainLock=1  PSTAT=1             |
| Global-Time reason           PTP servo offset not yet <60 ps |
| WR PTP servo state           WAIT_OFFSET_STABLE          |
| WR phase offset              -628 ps (target |offset| <60 ps) |
| Global-Time validity         TIME_VALID=0 PPS_VALID=0     |
| Snapshot                     snapshot=0 stable=1 count=0 |
| PPS registers                CR=20000006 EN=0 ESCR=1024  |
| PPS register validity        TM=0 PPS=0                  |
| Step5 result                 LOCK_ACQUIRED_NOT_STABLE    |
+------------------------------------------------------------+

Global Time summary (125 MHz reference; 1 cycle = 8 ns)
------------------------------------------------------------
  MASTER  (DE5_1-11.1)
    TAI=1088         CYCLES=124999999    VALID
  SLAVE   (DE5_1-11.2)
    TAI=--           CYCLES=--           WAITING (TIME_VALID=0, PPS_VALID=0)
------------------------------------------------------------
Dashboard read complete.
White Rabbit Step 1-6 dashboard  2026-09-30T09:23:08+08:00  (read-only)
Sampling interval: 10s; per-board comparison window: 2000ms

+------------------------------------------------------------+
| MASTER   DE5_1-11.1                                      |
+------------------------------------------------------------+
| Step 1  PHY / Link           PASS                        |
| Step 2  Endpoint / PTP       PASS                        |
| Step 3  WR Handshake         INFO                        |
| Step 4  SoftPLL Startup      PASS                        |
| Step 5  Closed-loop Lock     INFO                        |
| Step 6  Global Time          VALID                       |
+------------------------------------------------------------+
| Link health                  Link=1  TM=1  RX=1  TX=1 |
| Lock signals                 Helper=NA  MainFreq=NA  MainPhase=NA |
|                              MainLock=NA  PSTAT=NA             |
| Global-Time reason           PPS snapshot valid; Step6 gate passed |
| WR PTP servo state           NA                          |
| WR phase offset              NA ps                       |
| Global-Time validity         TIME_VALID=1 PPS_VALID=1     |
| Snapshot                     snapshot=1 stable=1 count=1099 |
| PPS registers                CR=20000006 EN=0 ESCR=1036  |
| PPS register validity        TM=1 PPS=1                  |
| Step5 result                 NOT_APPLICABLE_MASTER       |
+------------------------------------------------------------+
+------------------------------------------------------------+
| SLAVE    DE5_1-11.2                                      |
+------------------------------------------------------------+
| Step 1  PHY / Link           PASS                        |
| Step 2  Endpoint / PTP       PASS                        |
| Step 3  WR Handshake         PASS                        |
| Step 4  SoftPLL Startup      PASS                        |
| Step 5  Closed-loop Lock     INFO                        |
| Step 6  Global Time          WAITING                     |
+------------------------------------------------------------+
| Link health                  Link=1  TM=1  RX=1  TX=1 |
| Lock signals                 Helper=1  MainFreq=1  MainPhase=1 |
|                              MainLock=1  PSTAT=1             |
| Global-Time reason           PTP servo offset not yet <60 ps |
| WR PTP servo state           WAIT_OFFSET_STABLE          |
| WR phase offset              -889 ps (target |offset| <60 ps) |
| Global-Time validity         TIME_VALID=0 PPS_VALID=0     |
| Snapshot                     snapshot=0 stable=1 count=0 |
| PPS registers                CR=20000006 EN=0 ESCR=1024  |
| PPS register validity        TM=0 PPS=0                  |
| Step5 result                 LOCK_ACQUIRED_NOT_STABLE    |
+------------------------------------------------------------+

Global Time summary (125 MHz reference; 1 cycle = 8 ns)
------------------------------------------------------------
  MASTER  (DE5_1-11.1)
    TAI=1098         CYCLES=124999999    VALID
  SLAVE   (DE5_1-11.2)
    TAI=--           CYCLES=--           WAITING (TIME_VALID=0, PPS_VALID=0)
------------------------------------------------------------
Dashboard read complete.
White Rabbit Step 1-6 dashboard  2026-09-30T09:23:18+08:00  (read-only)
Sampling interval: 10s; per-board comparison window: 2000ms

+------------------------------------------------------------+
| MASTER   DE5_1-11.1                                      |
+------------------------------------------------------------+
| Step 1  PHY / Link           PASS                        |
| Step 2  Endpoint / PTP       PASS                        |
| Step 3  WR Handshake         INFO                        |
| Step 4  SoftPLL Startup      PASS                        |
| Step 5  Closed-loop Lock     INFO                        |
| Step 6  Global Time          VALID                       |
+------------------------------------------------------------+
| Link health                  Link=1  TM=1  RX=1  TX=1 |
| Lock signals                 Helper=NA  MainFreq=NA  MainPhase=NA |
|                              MainLock=NA  PSTAT=NA             |
| Global-Time reason           PPS snapshot valid; Step6 gate passed |
| WR PTP servo state           NA                          |
| WR phase offset              NA ps                       |
| Global-Time validity         TIME_VALID=1 PPS_VALID=1     |
| Snapshot                     snapshot=1 stable=1 count=1109 |
| PPS registers                CR=20000006 EN=0 ESCR=1036  |
| PPS register validity        TM=1 PPS=1                  |
| Step5 result                 NOT_APPLICABLE_MASTER       |
+------------------------------------------------------------+
+------------------------------------------------------------+
| SLAVE    DE5_1-11.2                                      |
+------------------------------------------------------------+
| Step 1  PHY / Link           PASS                        |
| Step 2  Endpoint / PTP       PASS                        |
| Step 3  WR Handshake         PASS                        |
| Step 4  SoftPLL Startup      PASS                        |
| Step 5  Closed-loop Lock     INFO                        |
| Step 6  Global Time          WAITING                     |
+------------------------------------------------------------+
| Link health                  Link=1  TM=1  RX=1  TX=1 |
| Lock signals                 Helper=1  MainFreq=1  MainPhase=1 |
|                              MainLock=1  PSTAT=1             |
| Global-Time reason           PTP servo offset not yet <60 ps |
| WR PTP servo state           WAIT_OFFSET_STABLE          |
| WR phase offset              -781 ps (target |offset| <60 ps) |
| Global-Time validity         TIME_VALID=0 PPS_VALID=0     |
| Snapshot                     snapshot=0 stable=1 count=0 |
| PPS registers                CR=20000006 EN=0 ESCR=1024  |
| PPS register validity        TM=0 PPS=0                  |
| Step5 result                 LOCK_ACQUIRED_NOT_STABLE    |
+------------------------------------------------------------+

Global Time summary (125 MHz reference; 1 cycle = 8 ns)
------------------------------------------------------------
  MASTER  (DE5_1-11.1)
    TAI=1108         CYCLES=124999999    VALID
  SLAVE   (DE5_1-11.2)
    TAI=--           CYCLES=--           WAITING (TIME_VALID=0, PPS_VALID=0)
------------------------------------------------------------
Dashboard read complete.
White Rabbit Step 1-6 dashboard  2026-09-30T09:23:28+08:00  (read-only)
Sampling interval: 10s; per-board comparison window: 2000ms

+------------------------------------------------------------+
| MASTER   DE5_1-11.1                                      |
+------------------------------------------------------------+
| Step 1  PHY / Link           PASS                        |
| Step 2  Endpoint / PTP       PASS                        |
| Step 3  WR Handshake         INFO                        |
| Step 4  SoftPLL Startup      PASS                        |
| Step 5  Closed-loop Lock     INFO                        |
| Step 6  Global Time          VALID                       |
+------------------------------------------------------------+
| Link health                  Link=1  TM=1  RX=1  TX=1 |
| Lock signals                 Helper=NA  MainFreq=NA  MainPhase=NA |
|                              MainLock=NA  PSTAT=NA             |
| Global-Time reason           PPS snapshot valid; Step6 gate passed |
| WR PTP servo state           NA                          |
| WR phase offset              NA ps                       |
| Global-Time validity         TIME_VALID=1 PPS_VALID=1     |
| Snapshot                     snapshot=1 stable=1 count=1119 |
| PPS registers                CR=20000006 EN=0 ESCR=1036  |
| PPS register validity        TM=1 PPS=1                  |
| Step5 result                 NOT_APPLICABLE_MASTER       |
+------------------------------------------------------------+
+------------------------------------------------------------+
| SLAVE    DE5_1-11.2                                      |
+------------------------------------------------------------+
| Step 1  PHY / Link           PASS                        |
| Step 2  Endpoint / PTP       PASS                        |
| Step 3  WR Handshake         PASS                        |
| Step 4  SoftPLL Startup      PASS                        |
| Step 5  Closed-loop Lock     INFO                        |
| Step 6  Global Time          WAITING                     |
+------------------------------------------------------------+
| Link health                  Link=1  TM=1  RX=1  TX=1 |
| Lock signals                 Helper=1  MainFreq=1  MainPhase=1 |
|                              MainLock=1  PSTAT=1             |
| Global-Time reason           PTP servo offset not yet <60 ps |
| WR PTP servo state           WAIT_OFFSET_STABLE          |
| WR phase offset              -697 ps (target |offset| <60 ps) |
| Global-Time validity         TIME_VALID=0 PPS_VALID=0     |
| Snapshot                     snapshot=0 stable=1 count=0 |
| PPS registers                CR=20000006 EN=0 ESCR=1024  |
| PPS register validity        TM=0 PPS=0                  |
| Step5 result                 LOCK_ACQUIRED_NOT_STABLE    |
+------------------------------------------------------------+

Global Time summary (125 MHz reference; 1 cycle = 8 ns)
------------------------------------------------------------
  MASTER  (DE5_1-11.1)
    TAI=1118         CYCLES=124999999    VALID
  SLAVE   (DE5_1-11.2)
    TAI=--           CYCLES=--           WAITING (TIME_VALID=0, PPS_VALID=0)
------------------------------------------------------------
Dashboard read complete.
White Rabbit Step 1-6 dashboard  2026-09-30T09:23:38+08:00  (read-only)
Sampling interval: 10s; per-board comparison window: 2000ms

+------------------------------------------------------------+
| MASTER   DE5_1-11.1                                      |
+------------------------------------------------------------+
| Step 1  PHY / Link           PASS                        |
| Step 2  Endpoint / PTP       PASS                        |
| Step 3  WR Handshake         INFO                        |
| Step 4  SoftPLL Startup      PASS                        |
| Step 5  Closed-loop Lock     INFO                        |
| Step 6  Global Time          VALID                       |
+------------------------------------------------------------+
| Link health                  Link=1  TM=1  RX=1  TX=1 |
| Lock signals                 Helper=NA  MainFreq=NA  MainPhase=NA |
|                              MainLock=NA  PSTAT=NA             |
| Global-Time reason           PPS snapshot valid; Step6 gate passed |
| WR PTP servo state           NA                          |
| WR phase offset              NA ps                       |
| Global-Time validity         TIME_VALID=1 PPS_VALID=1     |
| Snapshot                     snapshot=1 stable=1 count=1129 |
| PPS registers                CR=20000006 EN=0 ESCR=1036  |
| PPS register validity        TM=1 PPS=1                  |
| Step5 result                 NOT_APPLICABLE_MASTER       |
+------------------------------------------------------------+
+------------------------------------------------------------+
| SLAVE    DE5_1-11.2                                      |
+------------------------------------------------------------+
| Step 1  PHY / Link           PASS                        |
| Step 2  Endpoint / PTP       PASS                        |
| Step 3  WR Handshake         PASS                        |
| Step 4  SoftPLL Startup      PASS                        |
| Step 5  Closed-loop Lock     INFO                        |
| Step 6  Global Time          WAITING                     |
+------------------------------------------------------------+
| Link health                  Link=1  TM=1  RX=1  TX=1 |
| Lock signals                 Helper=1  MainFreq=1  MainPhase=1 |
|                              MainLock=1  PSTAT=1             |
| Global-Time reason           PTP servo offset not yet <60 ps |
| WR PTP servo state           WAIT_OFFSET_STABLE          |
| WR phase offset              -620 ps (target |offset| <60 ps) |
| Global-Time validity         TIME_VALID=0 PPS_VALID=0     |
| Snapshot                     snapshot=0 stable=1 count=0 |
| PPS registers                CR=20000006 EN=0 ESCR=1024  |
| PPS register validity        TM=0 PPS=0                  |
| Step5 result                 LOCK_ACQUIRED_NOT_STABLE    |
+------------------------------------------------------------+

Global Time summary (125 MHz reference; 1 cycle = 8 ns)
------------------------------------------------------------
  MASTER  (DE5_1-11.1)
    TAI=1128         CYCLES=124999999    VALID
  SLAVE   (DE5_1-11.2)
    TAI=--           CYCLES=--           WAITING (TIME_VALID=0, PPS_VALID=0)
------------------------------------------------------------
Dashboard read complete.
White Rabbit Step 1-6 dashboard  2026-09-30T09:23:48+08:00  (read-only)
Sampling interval: 10s; per-board comparison window: 2000ms

+------------------------------------------------------------+
| MASTER   DE5_1-11.1                                      |
+------------------------------------------------------------+
| Step 1  PHY / Link           PASS                        |
| Step 2  Endpoint / PTP       PASS                        |
| Step 3  WR Handshake         INFO                        |
| Step 4  SoftPLL Startup      PASS                        |
| Step 5  Closed-loop Lock     INFO                        |
| Step 6  Global Time          VALID                       |
+------------------------------------------------------------+
| Link health                  Link=1  TM=1  RX=1  TX=1 |
| Lock signals                 Helper=NA  MainFreq=NA  MainPhase=NA |
|                              MainLock=NA  PSTAT=NA             |
| Global-Time reason           PPS snapshot valid; Step6 gate passed |
| WR PTP servo state           NA                          |
| WR phase offset              NA ps                       |
| Global-Time validity         TIME_VALID=1 PPS_VALID=1     |
| Snapshot                     snapshot=1 stable=1 count=1139 |
| PPS registers                CR=20000006 EN=0 ESCR=1036  |
| PPS register validity        TM=1 PPS=1                  |
| Step5 result                 NOT_APPLICABLE_MASTER       |
+------------------------------------------------------------+
+------------------------------------------------------------+
| SLAVE    DE5_1-11.2                                      |
+------------------------------------------------------------+
| Step 1  PHY / Link           PASS                        |
| Step 2  Endpoint / PTP       PASS                        |
| Step 3  WR Handshake         PASS                        |
| Step 4  SoftPLL Startup      PASS                        |
| Step 5  Closed-loop Lock     INFO                        |
| Step 6  Global Time          WAITING                     |
+------------------------------------------------------------+
| Link health                  Link=1  TM=1  RX=1  TX=1 |
| Lock signals                 Helper=1  MainFreq=1  MainPhase=1 |
|                              MainLock=1  PSTAT=1             |
| Global-Time reason           PTP servo offset not yet <60 ps |
| WR PTP servo state           WAIT_OFFSET_STABLE          |
| WR phase offset              -1063 ps (target |offset| <60 ps) |
| Global-Time validity         TIME_VALID=0 PPS_VALID=0     |
| Snapshot                     snapshot=0 stable=1 count=0 |
| PPS registers                CR=20000006 EN=0 ESCR=1024  |
| PPS register validity        TM=0 PPS=0                  |
| Step5 result                 LOCK_ACQUIRED_NOT_STABLE    |
+------------------------------------------------------------+

Global Time summary (125 MHz reference; 1 cycle = 8 ns)
------------------------------------------------------------
  MASTER  (DE5_1-11.1)
    TAI=1138         CYCLES=124999999    VALID
  SLAVE   (DE5_1-11.2)
    TAI=--           CYCLES=--           WAITING (TIME_VALID=0, PPS_VALID=0)
------------------------------------------------------------
Dashboard read complete.
White Rabbit Step 1-6 dashboard  2026-09-30T09:23:58+08:00  (read-only)
Sampling interval: 10s; per-board comparison window: 2000ms

+------------------------------------------------------------+
| MASTER   DE5_1-11.1                                      |
+------------------------------------------------------------+
| Step 1  PHY / Link           PASS                        |
| Step 2  Endpoint / PTP       PASS                        |
| Step 3  WR Handshake         INFO                        |
| Step 4  SoftPLL Startup      PASS                        |
| Step 5  Closed-loop Lock     INFO                        |
| Step 6  Global Time          VALID                       |
+------------------------------------------------------------+
| Link health                  Link=1  TM=1  RX=1  TX=1 |
| Lock signals                 Helper=NA  MainFreq=NA  MainPhase=NA |
|                              MainLock=NA  PSTAT=NA             |
| Global-Time reason           PPS snapshot valid; Step6 gate passed |
| WR PTP servo state           NA                          |
| WR phase offset              NA ps                       |
| Global-Time validity         TIME_VALID=1 PPS_VALID=1     |
| Snapshot                     snapshot=1 stable=1 count=1149 |
| PPS registers                CR=20000006 EN=0 ESCR=1036  |
| PPS register validity        TM=1 PPS=1                  |
| Step5 result                 NOT_APPLICABLE_MASTER       |
+------------------------------------------------------------+
+------------------------------------------------------------+
| SLAVE    DE5_1-11.2                                      |
+------------------------------------------------------------+
| Step 1  PHY / Link           PASS                        |
| Step 2  Endpoint / PTP       PASS                        |
| Step 3  WR Handshake         PASS                        |
| Step 4  SoftPLL Startup      PASS                        |
| Step 5  Closed-loop Lock     INFO                        |
| Step 6  Global Time          WAITING                     |
+------------------------------------------------------------+
| Link health                  Link=1  TM=1  RX=1  TX=1 |
| Lock signals                 Helper=1  MainFreq=1  MainPhase=1 |
|                              MainLock=1  PSTAT=1             |
| Global-Time reason           PTP servo offset not yet <60 ps |
| WR PTP servo state           WAIT_OFFSET_STABLE          |
| WR phase offset              -1013 ps (target |offset| <60 ps) |
| Global-Time validity         TIME_VALID=0 PPS_VALID=0     |
| Snapshot                     snapshot=0 stable=1 count=0 |
| PPS registers                CR=20000006 EN=0 ESCR=1024  |
| PPS register validity        TM=0 PPS=0                  |
| Step5 result                 LOCK_ACQUIRED_NOT_STABLE    |
+------------------------------------------------------------+

Global Time summary (125 MHz reference; 1 cycle = 8 ns)
------------------------------------------------------------
  MASTER  (DE5_1-11.1)
    TAI=1148         CYCLES=124999999    VALID
  SLAVE   (DE5_1-11.2)
    TAI=--           CYCLES=--           WAITING (TIME_VALID=0, PPS_VALID=0)
------------------------------------------------------------
Dashboard read complete.
White Rabbit Step 1-6 dashboard  2026-09-30T09:24:08+08:00  (read-only)
Sampling interval: 10s; per-board comparison window: 2000ms

+------------------------------------------------------------+
| MASTER   DE5_1-11.1                                      |
+------------------------------------------------------------+
| Step 1  PHY / Link           PASS                        |
| Step 2  Endpoint / PTP       PASS                        |
| Step 3  WR Handshake         INFO                        |
| Step 4  SoftPLL Startup      PASS                        |
| Step 5  Closed-loop Lock     INFO                        |
| Step 6  Global Time          VALID                       |
+------------------------------------------------------------+
| Link health                  Link=1  TM=1  RX=1  TX=1 |
| Lock signals                 Helper=NA  MainFreq=NA  MainPhase=NA |
|                              MainLock=NA  PSTAT=NA             |
| Global-Time reason           PPS snapshot valid; Step6 gate passed |
| WR PTP servo state           NA                          |
| WR phase offset              NA ps                       |
| Global-Time validity         TIME_VALID=1 PPS_VALID=1     |
| Snapshot                     snapshot=1 stable=1 count=1159 |
| PPS registers                CR=20000006 EN=0 ESCR=1036  |
| PPS register validity        TM=1 PPS=1                  |
| Step5 result                 NOT_APPLICABLE_MASTER       |
+------------------------------------------------------------+
+------------------------------------------------------------+
| SLAVE    DE5_1-11.2                                      |
+------------------------------------------------------------+
| Step 1  PHY / Link           PASS                        |
| Step 2  Endpoint / PTP       PASS                        |
| Step 3  WR Handshake         PASS                        |
| Step 4  SoftPLL Startup      PASS                        |
| Step 5  Closed-loop Lock     INFO                        |
| Step 6  Global Time          WAITING                     |
+------------------------------------------------------------+
| Link health                  Link=1  TM=1  RX=1  TX=1 |
| Lock signals                 Helper=1  MainFreq=1  MainPhase=1 |
|                              MainLock=1  PSTAT=1             |
| Global-Time reason           PTP servo offset not yet <60 ps |
| WR PTP servo state           SYNC_PHASE                  |
| WR phase offset              -899 ps (target |offset| <60 ps) |
| Global-Time validity         TIME_VALID=0 PPS_VALID=0     |
| Snapshot                     snapshot=0 stable=1 count=0 |
| PPS registers                CR=20000006 EN=0 ESCR=1024  |
| PPS register validity        TM=0 PPS=0                  |
| Step5 result                 LOCK_ACQUIRED_NOT_STABLE    |
+------------------------------------------------------------+

Global Time summary (125 MHz reference; 1 cycle = 8 ns)
------------------------------------------------------------
  MASTER  (DE5_1-11.1)
    TAI=1158         CYCLES=124999999    VALID
  SLAVE   (DE5_1-11.2)
    TAI=--           CYCLES=--           WAITING (TIME_VALID=0, PPS_VALID=0)
------------------------------------------------------------
Dashboard read complete.
White Rabbit Step 1-6 dashboard  2026-09-30T09:24:18+08:00  (read-only)
Sampling interval: 10s; per-board comparison window: 2000ms

+------------------------------------------------------------+
| MASTER   DE5_1-11.1                                      |
+------------------------------------------------------------+
| Step 1  PHY / Link           PASS                        |
| Step 2  Endpoint / PTP       PASS                        |
| Step 3  WR Handshake         INFO                        |
| Step 4  SoftPLL Startup      PASS                        |
| Step 5  Closed-loop Lock     INFO                        |
| Step 6  Global Time          VALID                       |
+------------------------------------------------------------+
| Link health                  Link=1  TM=1  RX=1  TX=1 |
| Lock signals                 Helper=NA  MainFreq=NA  MainPhase=NA |
|                              MainLock=NA  PSTAT=NA             |
| Global-Time reason           PPS snapshot valid; Step6 gate passed |
| WR PTP servo state           NA                          |
| WR phase offset              NA ps                       |
| Global-Time validity         TIME_VALID=1 PPS_VALID=1     |
| Snapshot                     snapshot=1 stable=1 count=1169 |
| PPS registers                CR=20000006 EN=0 ESCR=1036  |
| PPS register validity        TM=1 PPS=1                  |
| Step5 result                 NOT_APPLICABLE_MASTER       |
+------------------------------------------------------------+
+------------------------------------------------------------+
| SLAVE    DE5_1-11.2                                      |
+------------------------------------------------------------+
| Step 1  PHY / Link           PASS                        |
| Step 2  Endpoint / PTP       PASS                        |
| Step 3  WR Handshake         PASS                        |
| Step 4  SoftPLL Startup      PASS                        |
| Step 5  Closed-loop Lock     INFO                        |
| Step 6  Global Time          WAITING                     |
+------------------------------------------------------------+
| Link health                  Link=1  TM=1  RX=1  TX=1 |
| Lock signals                 Helper=1  MainFreq=1  MainPhase=1 |
|                              MainLock=1  PSTAT=1             |
| Global-Time reason           PTP servo offset not yet <60 ps |
| WR PTP servo state           SYNC_PHASE                  |
| WR phase offset              -818 ps (target |offset| <60 ps) |
| Global-Time validity         TIME_VALID=0 PPS_VALID=0     |
| Snapshot                     snapshot=0 stable=1 count=0 |
| PPS registers                CR=20000006 EN=0 ESCR=1152  |
| PPS register validity        TM=0 PPS=0                  |
| Step5 result                 LOCK_ACQUIRED_NOT_STABLE    |
+------------------------------------------------------------+

Global Time summary (125 MHz reference; 1 cycle = 8 ns)
------------------------------------------------------------
  MASTER  (DE5_1-11.1)
    TAI=1168         CYCLES=124999999    VALID
  SLAVE   (DE5_1-11.2)
    TAI=--           CYCLES=--           WAITING (TIME_VALID=0, PPS_VALID=0)
------------------------------------------------------------
Dashboard read complete.
White Rabbit Step 1-6 dashboard  2026-09-30T09:24:28+08:00  (read-only)
Sampling interval: 10s; per-board comparison window: 2000ms

+------------------------------------------------------------+
| MASTER   DE5_1-11.1                                      |
+------------------------------------------------------------+
| Step 1  PHY / Link           PASS                        |
| Step 2  Endpoint / PTP       PASS                        |
| Step 3  WR Handshake         INFO                        |
| Step 4  SoftPLL Startup      PASS                        |
| Step 5  Closed-loop Lock     INFO                        |
| Step 6  Global Time          VALID                       |
+------------------------------------------------------------+
| Link health                  Link=1  TM=1  RX=1  TX=1 |
| Lock signals                 Helper=NA  MainFreq=NA  MainPhase=NA |
|                              MainLock=NA  PSTAT=NA             |
| Global-Time reason           PPS snapshot valid; Step6 gate passed |
| WR PTP servo state           NA                          |
| WR phase offset              NA ps                       |
| Global-Time validity         TIME_VALID=1 PPS_VALID=1     |
| Snapshot                     snapshot=1 stable=1 count=1180 |
| PPS registers                CR=20000006 EN=0 ESCR=1036  |
| PPS register validity        TM=1 PPS=1                  |
| Step5 result                 NOT_APPLICABLE_MASTER       |
+------------------------------------------------------------+
+------------------------------------------------------------+
| SLAVE    DE5_1-11.2                                      |
+------------------------------------------------------------+
| Step 1  PHY / Link           PASS                        |
| Step 2  Endpoint / PTP       PASS                        |
| Step 3  WR Handshake         PASS                        |
| Step 4  SoftPLL Startup      PASS                        |
| Step 5  Closed-loop Lock     INFO                        |
| Step 6  Global Time          WAITING                     |
+------------------------------------------------------------+
| Link health                  Link=1  TM=1  RX=1  TX=1 |
| Lock signals                 Helper=1  MainFreq=1  MainPhase=1 |
|                              MainLock=1  PSTAT=1             |
| Global-Time reason           PTP servo offset not yet <60 ps |
| WR PTP servo state           WAIT_OFFSET_STABLE          |
| WR phase offset              -635 ps (target |offset| <60 ps) |
| Global-Time validity         TIME_VALID=0 PPS_VALID=0     |
| Snapshot                     snapshot=0 stable=1 count=0 |
| PPS registers                CR=20000006 EN=0 ESCR=1024  |
| PPS register validity        TM=0 PPS=0                  |
| Step5 result                 LOCK_ACQUIRED_NOT_STABLE    |
+------------------------------------------------------------+

Global Time summary (125 MHz reference; 1 cycle = 8 ns)
------------------------------------------------------------
  MASTER  (DE5_1-11.1)
    TAI=1179         CYCLES=124999999    VALID
  SLAVE   (DE5_1-11.2)
    TAI=--           CYCLES=--           WAITING (TIME_VALID=0, PPS_VALID=0)
------------------------------------------------------------
Dashboard read complete.
White Rabbit Step 1-6 dashboard  2026-09-30T09:24:38+08:00  (read-only)
Sampling interval: 10s; per-board comparison window: 2000ms

+------------------------------------------------------------+
| MASTER   DE5_1-11.1                                      |
+------------------------------------------------------------+
| Step 1  PHY / Link           PASS                        |
| Step 2  Endpoint / PTP       PASS                        |
| Step 3  WR Handshake         INFO                        |
| Step 4  SoftPLL Startup      PASS                        |
| Step 5  Closed-loop Lock     INFO                        |
| Step 6  Global Time          VALID                       |
+------------------------------------------------------------+
| Link health                  Link=1  TM=1  RX=1  TX=1 |
| Lock signals                 Helper=NA  MainFreq=NA  MainPhase=NA |
|                              MainLock=NA  PSTAT=NA             |
| Global-Time reason           PPS snapshot valid; Step6 gate passed |
| WR PTP servo state           NA                          |
| WR phase offset              NA ps                       |
| Global-Time validity         TIME_VALID=1 PPS_VALID=1     |
| Snapshot                     snapshot=1 stable=1 count=1190 |
| PPS registers                CR=20000006 EN=0 ESCR=1036  |
| PPS register validity        TM=1 PPS=1                  |
| Step5 result                 NOT_APPLICABLE_MASTER       |
+------------------------------------------------------------+
+------------------------------------------------------------+
| SLAVE    DE5_1-11.2                                      |
+------------------------------------------------------------+
| Step 1  PHY / Link           PASS                        |
| Step 2  Endpoint / PTP       PASS                        |
| Step 3  WR Handshake         PASS                        |
| Step 4  SoftPLL Startup      PASS                        |
| Step 5  Closed-loop Lock     INFO                        |
| Step 6  Global Time          WAITING                     |
+------------------------------------------------------------+
| Link health                  Link=1  TM=1  RX=1  TX=1 |
| Lock signals                 Helper=1  MainFreq=1  MainPhase=1 |
|                              MainLock=1  PSTAT=1             |
| Global-Time reason           PTP servo offset not yet <60 ps |
| WR PTP servo state           WAIT_OFFSET_STABLE          |
| WR phase offset              -486 ps (target |offset| <60 ps) |
| Global-Time validity         TIME_VALID=0 PPS_VALID=0     |
| Snapshot                     snapshot=0 stable=1 count=0 |
| PPS registers                CR=20000006 EN=0 ESCR=1024  |
| PPS register validity        TM=0 PPS=0                  |
| Step5 result                 LOCK_ACQUIRED_NOT_STABLE    |
+------------------------------------------------------------+

Global Time summary (125 MHz reference; 1 cycle = 8 ns)
------------------------------------------------------------
  MASTER  (DE5_1-11.1)
    TAI=1189         CYCLES=124999999    VALID
  SLAVE   (DE5_1-11.2)
    TAI=--           CYCLES=--           WAITING (TIME_VALID=0, PPS_VALID=0)
------------------------------------------------------------
Dashboard read complete.
White Rabbit Step 1-6 dashboard  2026-09-30T09:24:48+08:00  (read-only)
Sampling interval: 10s; per-board comparison window: 2000ms

+------------------------------------------------------------+
| MASTER   DE5_1-11.1                                      |
+------------------------------------------------------------+
| Step 1  PHY / Link           PASS                        |
| Step 2  Endpoint / PTP       PASS                        |
| Step 3  WR Handshake         INFO                        |
| Step 4  SoftPLL Startup      PASS                        |
| Step 5  Closed-loop Lock     INFO                        |
| Step 6  Global Time          VALID                       |
+------------------------------------------------------------+
| Link health                  Link=1  TM=1  RX=1  TX=1 |
| Lock signals                 Helper=NA  MainFreq=NA  MainPhase=NA |
|                              MainLock=NA  PSTAT=NA             |
| Global-Time reason           PPS snapshot valid; Step6 gate passed |
| WR PTP servo state           NA                          |
| WR phase offset              NA ps                       |
| Global-Time validity         TIME_VALID=1 PPS_VALID=1     |
| Snapshot                     snapshot=1 stable=1 count=1199 |
| PPS registers                CR=20000006 EN=0 ESCR=1036  |
| PPS register validity        TM=1 PPS=1                  |
| Step5 result                 NOT_APPLICABLE_MASTER       |
+------------------------------------------------------------+
+------------------------------------------------------------+
| SLAVE    DE5_1-11.2                                      |
+------------------------------------------------------------+
| Step 1  PHY / Link           PASS                        |
| Step 2  Endpoint / PTP       PASS                        |
| Step 3  WR Handshake         PASS                        |
| Step 4  SoftPLL Startup      PASS                        |
| Step 5  Closed-loop Lock     INFO                        |
| Step 6  Global Time          WAITING                     |
+------------------------------------------------------------+
| Link health                  Link=1  TM=1  RX=1  TX=1 |
| Lock signals                 Helper=1  MainFreq=1  MainPhase=1 |
|                              MainLock=1  PSTAT=1             |
| Global-Time reason           PTP servo offset not yet <60 ps |
| WR PTP servo state           WAIT_OFFSET_STABLE          |
| WR phase offset              -400 ps (target |offset| <60 ps) |
| Global-Time validity         TIME_VALID=0 PPS_VALID=0     |
| Snapshot                     snapshot=0 stable=1 count=0 |
| PPS registers                CR=20000006 EN=0 ESCR=1024  |
| PPS register validity        TM=0 PPS=0                  |
| Step5 result                 LOCK_ACQUIRED_NOT_STABLE    |
+------------------------------------------------------------+

Global Time summary (125 MHz reference; 1 cycle = 8 ns)
------------------------------------------------------------
  MASTER  (DE5_1-11.1)
    TAI=1198         CYCLES=124999999    VALID
  SLAVE   (DE5_1-11.2)
    TAI=--           CYCLES=--           WAITING (TIME_VALID=0, PPS_VALID=0)
------------------------------------------------------------
Dashboard read complete.
White Rabbit Step 1-6 dashboard  2026-09-30T09:24:58+08:00  (read-only)
Sampling interval: 10s; per-board comparison window: 2000ms

+------------------------------------------------------------+
| MASTER   DE5_1-11.1                                      |
+------------------------------------------------------------+
| Step 1  PHY / Link           PASS                        |
| Step 2  Endpoint / PTP       PASS                        |
| Step 3  WR Handshake         INFO                        |
| Step 4  SoftPLL Startup      PASS                        |
| Step 5  Closed-loop Lock     INFO                        |
| Step 6  Global Time          VALID                       |
+------------------------------------------------------------+
| Link health                  Link=1  TM=1  RX=1  TX=1 |
| Lock signals                 Helper=NA  MainFreq=NA  MainPhase=NA |
|                              MainLock=NA  PSTAT=NA             |
| Global-Time reason           PPS snapshot valid; Step6 gate passed |
| WR PTP servo state           NA                          |
| WR phase offset              NA ps                       |
| Global-Time validity         TIME_VALID=1 PPS_VALID=1     |
| Snapshot                     snapshot=1 stable=1 count=1209 |
| PPS registers                CR=20000006 EN=0 ESCR=1036  |
| PPS register validity        TM=1 PPS=1                  |
| Step5 result                 NOT_APPLICABLE_MASTER       |
+------------------------------------------------------------+
+------------------------------------------------------------+
| SLAVE    DE5_1-11.2                                      |
+------------------------------------------------------------+
| Step 1  PHY / Link           PASS                        |
| Step 2  Endpoint / PTP       PASS                        |
| Step 3  WR Handshake         PASS                        |
| Step 4  SoftPLL Startup      PASS                        |
| Step 5  Closed-loop Lock     INFO                        |
| Step 6  Global Time          WAITING                     |
+------------------------------------------------------------+
| Link health                  Link=1  TM=1  RX=1  TX=1 |
| Lock signals                 Helper=1  MainFreq=1  MainPhase=1 |
|                              MainLock=1  PSTAT=1             |
| Global-Time reason           PTP servo offset not yet <60 ps |
| WR PTP servo state           WAIT_OFFSET_STABLE          |
| WR phase offset              3531 ps (target |offset| <60 ps) |
| Global-Time validity         TIME_VALID=0 PPS_VALID=0     |
| Snapshot                     snapshot=0 stable=1 count=0 |
| PPS registers                CR=20000006 EN=0 ESCR=1024  |
| PPS register validity        TM=0 PPS=0                  |
| Step5 result                 LOCK_ACQUIRED_NOT_STABLE    |
+------------------------------------------------------------+

Global Time summary (125 MHz reference; 1 cycle = 8 ns)
------------------------------------------------------------
  MASTER  (DE5_1-11.1)
    TAI=1208         CYCLES=124999999    VALID
  SLAVE   (DE5_1-11.2)
    TAI=--           CYCLES=--           WAITING (TIME_VALID=0, PPS_VALID=0)
------------------------------------------------------------
Dashboard read complete.
White Rabbit Step 1-6 dashboard  2026-09-30T09:25:08+08:00  (read-only)
Sampling interval: 10s; per-board comparison window: 2000ms

+------------------------------------------------------------+
| MASTER   DE5_1-11.1                                      |
+------------------------------------------------------------+
| Step 1  PHY / Link           PASS                        |
| Step 2  Endpoint / PTP       PASS                        |
| Step 3  WR Handshake         INFO                        |
| Step 4  SoftPLL Startup      PASS                        |
| Step 5  Closed-loop Lock     INFO                        |
| Step 6  Global Time          VALID                       |
+------------------------------------------------------------+
| Link health                  Link=1  TM=1  RX=1  TX=1 |
| Lock signals                 Helper=NA  MainFreq=NA  MainPhase=NA |
|                              MainLock=NA  PSTAT=NA             |
| Global-Time reason           PPS snapshot valid; Step6 gate passed |
| WR PTP servo state           NA                          |
| WR phase offset              NA ps                       |
| Global-Time validity         TIME_VALID=1 PPS_VALID=1     |
| Snapshot                     snapshot=1 stable=1 count=1219 |
| PPS registers                CR=20000006 EN=0 ESCR=1036  |
| PPS register validity        TM=1 PPS=1                  |
| Step5 result                 NOT_APPLICABLE_MASTER       |
+------------------------------------------------------------+
+------------------------------------------------------------+
| SLAVE    DE5_1-11.2                                      |
+------------------------------------------------------------+
| Step 1  PHY / Link           PASS                        |
| Step 2  Endpoint / PTP       PASS                        |
| Step 3  WR Handshake         PASS                        |
| Step 4  SoftPLL Startup      PASS                        |
| Step 5  Closed-loop Lock     INFO                        |
| Step 6  Global Time          WAITING                     |
+------------------------------------------------------------+
| Link health                  Link=1  TM=1  RX=1  TX=1 |
| Lock signals                 Helper=1  MainFreq=1  MainPhase=1 |
|                              MainLock=1  PSTAT=1             |
| Global-Time reason           PTP servo offset not yet <60 ps |
| WR PTP servo state           WAIT_OFFSET_STABLE          |
| WR phase offset              3521 ps (target |offset| <60 ps) |
| Global-Time validity         TIME_VALID=0 PPS_VALID=0     |
| Snapshot                     snapshot=0 stable=1 count=0 |
| PPS registers                CR=20000006 EN=0 ESCR=1024  |
| PPS register validity        TM=0 PPS=0                  |
| Step5 result                 LOCK_ACQUIRED_NOT_STABLE    |
+------------------------------------------------------------+

Global Time summary (125 MHz reference; 1 cycle = 8 ns)
------------------------------------------------------------
  MASTER  (DE5_1-11.1)
    TAI=1218         CYCLES=124999999    VALID
  SLAVE   (DE5_1-11.2)
    TAI=--           CYCLES=--           WAITING (TIME_VALID=0, PPS_VALID=0)
------------------------------------------------------------
Dashboard read complete.
White Rabbit Step 1-6 dashboard  2026-09-30T09:25:18+08:00  (read-only)
Sampling interval: 10s; per-board comparison window: 2000ms

+------------------------------------------------------------+
| MASTER   DE5_1-11.1                                      |
+------------------------------------------------------------+
| Step 1  PHY / Link           PASS                        |
| Step 2  Endpoint / PTP       PASS                        |
| Step 3  WR Handshake         INFO                        |
| Step 4  SoftPLL Startup      PASS                        |
| Step 5  Closed-loop Lock     INFO                        |
| Step 6  Global Time          VALID                       |
+------------------------------------------------------------+
| Link health                  Link=1  TM=1  RX=1  TX=1 |
| Lock signals                 Helper=NA  MainFreq=NA  MainPhase=NA |
|                              MainLock=NA  PSTAT=NA             |
| Global-Time reason           PPS snapshot valid; Step6 gate passed |
| WR PTP servo state           NA                          |
| WR phase offset              NA ps                       |
| Global-Time validity         TIME_VALID=1 PPS_VALID=1     |
| Snapshot                     snapshot=1 stable=1 count=1229 |
| PPS registers                CR=20000006 EN=0 ESCR=1036  |
| PPS register validity        TM=1 PPS=1                  |
| Step5 result                 NOT_APPLICABLE_MASTER       |
+------------------------------------------------------------+
+------------------------------------------------------------+
| SLAVE    DE5_1-11.2                                      |
+------------------------------------------------------------+
| Step 1  PHY / Link           PASS                        |
| Step 2  Endpoint / PTP       PASS                        |
| Step 3  WR Handshake         PASS                        |
| Step 4  SoftPLL Startup      PASS                        |
| Step 5  Closed-loop Lock     INFO                        |
| Step 6  Global Time          WAITING                     |
+------------------------------------------------------------+
| Link health                  Link=1  TM=1  RX=1  TX=1 |
| Lock signals                 Helper=1  MainFreq=1  MainPhase=1 |
|                              MainLock=1  PSTAT=1             |
| Global-Time reason           PTP servo offset not yet <60 ps |
| WR PTP servo state           WAIT_OFFSET_STABLE          |
| WR phase offset              -649 ps (target |offset| <60 ps) |
| Global-Time validity         TIME_VALID=0 PPS_VALID=0     |
| Snapshot                     snapshot=0 stable=1 count=0 |
| PPS registers                CR=20000006 EN=0 ESCR=1024  |
| PPS register validity        TM=0 PPS=0                  |
| Step5 result                 LOCK_ACQUIRED_NOT_STABLE    |
+------------------------------------------------------------+

Global Time summary (125 MHz reference; 1 cycle = 8 ns)
------------------------------------------------------------
  MASTER  (DE5_1-11.1)
    TAI=1228         CYCLES=124999999    VALID
  SLAVE   (DE5_1-11.2)
    TAI=--           CYCLES=--           WAITING (TIME_VALID=0, PPS_VALID=0)
------------------------------------------------------------
Dashboard read complete.
White Rabbit Step 1-6 dashboard  2026-09-30T09:25:28+08:00  (read-only)
Sampling interval: 10s; per-board comparison window: 2000ms

+------------------------------------------------------------+
| MASTER   DE5_1-11.1                                      |
+------------------------------------------------------------+
| Step 1  PHY / Link           PASS                        |
| Step 2  Endpoint / PTP       PASS                        |
| Step 3  WR Handshake         INFO                        |
| Step 4  SoftPLL Startup      PASS                        |
| Step 5  Closed-loop Lock     INFO                        |
| Step 6  Global Time          VALID                       |
+------------------------------------------------------------+
| Link health                  Link=1  TM=1  RX=1  TX=1 |
| Lock signals                 Helper=NA  MainFreq=NA  MainPhase=NA |
|                              MainLock=NA  PSTAT=NA             |
| Global-Time reason           PPS snapshot valid; Step6 gate passed |
| WR PTP servo state           NA                          |
| WR phase offset              NA ps                       |
| Global-Time validity         TIME_VALID=1 PPS_VALID=1     |
| Snapshot                     snapshot=1 stable=1 count=1240 |
| PPS registers                CR=20000006 EN=0 ESCR=1164  |
| PPS register validity        TM=1 PPS=1                  |
| Step5 result                 NOT_APPLICABLE_MASTER       |
+------------------------------------------------------------+
+------------------------------------------------------------+
| SLAVE    DE5_1-11.2                                      |
+------------------------------------------------------------+
| Step 1  PHY / Link           PASS                        |
| Step 2  Endpoint / PTP       PASS                        |
| Step 3  WR Handshake         PASS                        |
| Step 4  SoftPLL Startup      PASS                        |
| Step 5  Closed-loop Lock     INFO                        |
| Step 6  Global Time          WAITING                     |
+------------------------------------------------------------+
| Link health                  Link=1  TM=1  RX=1  TX=1 |
| Lock signals                 Helper=1  MainFreq=1  MainPhase=1 |
|                              MainLock=1  PSTAT=1             |
| Global-Time reason           PTP servo offset not yet <60 ps |
| WR PTP servo state           WAIT_OFFSET_STABLE          |
| WR phase offset              -527 ps (target |offset| <60 ps) |
| Global-Time validity         TIME_VALID=0 PPS_VALID=0     |
| Snapshot                     snapshot=0 stable=1 count=0 |
| PPS registers                CR=20000006 EN=0 ESCR=1024  |
| PPS register validity        TM=0 PPS=0                  |
| Step5 result                 LOCK_ACQUIRED_NOT_STABLE    |
+------------------------------------------------------------+

Global Time summary (125 MHz reference; 1 cycle = 8 ns)
------------------------------------------------------------
  MASTER  (DE5_1-11.1)
    TAI=1239         CYCLES=124999999    VALID
  SLAVE   (DE5_1-11.2)
    TAI=--           CYCLES=--           WAITING (TIME_VALID=0, PPS_VALID=0)
------------------------------------------------------------
Dashboard read complete.
White Rabbit Step 1-6 dashboard  2026-09-30T09:25:38+08:00  (read-only)
Sampling interval: 10s; per-board comparison window: 2000ms

+------------------------------------------------------------+
| MASTER   DE5_1-11.1                                      |
+------------------------------------------------------------+
| Step 1  PHY / Link           PASS                        |
| Step 2  Endpoint / PTP       PASS                        |
| Step 3  WR Handshake         INFO                        |
| Step 4  SoftPLL Startup      PASS                        |
| Step 5  Closed-loop Lock     INFO                        |
| Step 6  Global Time          VALID                       |
+------------------------------------------------------------+
| Link health                  Link=1  TM=1  RX=1  TX=1 |
| Lock signals                 Helper=NA  MainFreq=NA  MainPhase=NA |
|                              MainLock=NA  PSTAT=NA             |
| Global-Time reason           PPS snapshot valid; Step6 gate passed |
| WR PTP servo state           NA                          |
| WR phase offset              NA ps                       |
| Global-Time validity         TIME_VALID=1 PPS_VALID=1     |
| Snapshot                     snapshot=1 stable=1 count=1249 |
| PPS registers                CR=20000006 EN=0 ESCR=1036  |
| PPS register validity        TM=1 PPS=1                  |
| Step5 result                 NOT_APPLICABLE_MASTER       |
+------------------------------------------------------------+
+------------------------------------------------------------+
| SLAVE    DE5_1-11.2                                      |
+------------------------------------------------------------+
| Step 1  PHY / Link           PASS                        |
| Step 2  Endpoint / PTP       PASS                        |
| Step 3  WR Handshake         PASS                        |
| Step 4  SoftPLL Startup      PASS                        |
| Step 5  Closed-loop Lock     INFO                        |
| Step 6  Global Time          WAITING                     |
+------------------------------------------------------------+
| Link health                  Link=1  TM=1  RX=1  TX=1 |
| Lock signals                 Helper=1  MainFreq=1  MainPhase=1 |
|                              MainLock=1  PSTAT=1             |
| Global-Time reason           PTP servo offset not yet <60 ps |
| WR PTP servo state           WAIT_OFFSET_STABLE          |
| WR phase offset              -699 ps (target |offset| <60 ps) |
| Global-Time validity         TIME_VALID=0 PPS_VALID=0     |
| Snapshot                     snapshot=0 stable=1 count=0 |
| PPS registers                CR=20000006 EN=0 ESCR=1024  |
| PPS register validity        TM=0 PPS=0                  |
| Step5 result                 LOCK_ACQUIRED_NOT_STABLE    |
+------------------------------------------------------------+

Global Time summary (125 MHz reference; 1 cycle = 8 ns)
------------------------------------------------------------
  MASTER  (DE5_1-11.1)
    TAI=1248         CYCLES=124999999    VALID
  SLAVE   (DE5_1-11.2)
    TAI=--           CYCLES=--           WAITING (TIME_VALID=0, PPS_VALID=0)
------------------------------------------------------------
Dashboard read complete.
White Rabbit Step 1-6 dashboard  2026-09-30T09:25:48+08:00  (read-only)
Sampling interval: 10s; per-board comparison window: 2000ms

+------------------------------------------------------------+
| MASTER   DE5_1-11.1                                      |
+------------------------------------------------------------+
| Step 1  PHY / Link           PASS                        |
| Step 2  Endpoint / PTP       PASS                        |
| Step 3  WR Handshake         INFO                        |
| Step 4  SoftPLL Startup      PASS                        |
| Step 5  Closed-loop Lock     INFO                        |
| Step 6  Global Time          VALID                       |
+------------------------------------------------------------+
| Link health                  Link=1  TM=1  RX=1  TX=1 |
| Lock signals                 Helper=NA  MainFreq=NA  MainPhase=NA |
|                              MainLock=NA  PSTAT=NA             |
| Global-Time reason           PPS snapshot valid; Step6 gate passed |
| WR PTP servo state           NA                          |
| WR phase offset              NA ps                       |
| Global-Time validity         TIME_VALID=1 PPS_VALID=1     |
| Snapshot                     snapshot=1 stable=1 count=1259 |
| PPS registers                CR=20000006 EN=0 ESCR=1036  |
| PPS register validity        TM=1 PPS=1                  |
| Step5 result                 NOT_APPLICABLE_MASTER       |
+------------------------------------------------------------+
+------------------------------------------------------------+
| SLAVE    DE5_1-11.2                                      |
+------------------------------------------------------------+
| Step 1  PHY / Link           PASS                        |
| Step 2  Endpoint / PTP       PASS                        |
| Step 3  WR Handshake         PASS                        |
| Step 4  SoftPLL Startup      PASS                        |
| Step 5  Closed-loop Lock     INFO                        |
| Step 6  Global Time          WAITING                     |
+------------------------------------------------------------+
| Link health                  Link=1  TM=1  RX=1  TX=1 |
| Lock signals                 Helper=1  MainFreq=1  MainPhase=1 |
|                              MainLock=1  PSTAT=1             |
| Global-Time reason           PTP servo offset not yet <60 ps |
| WR PTP servo state           WAIT_OFFSET_STABLE          |
| WR phase offset              -590 ps (target |offset| <60 ps) |
| Global-Time validity         TIME_VALID=0 PPS_VALID=0     |
| Snapshot                     snapshot=0 stable=1 count=0 |
| PPS registers                CR=20000006 EN=0 ESCR=1024  |
| PPS register validity        TM=0 PPS=0                  |
| Step5 result                 LOCK_ACQUIRED_NOT_STABLE    |
+------------------------------------------------------------+

Global Time summary (125 MHz reference; 1 cycle = 8 ns)
------------------------------------------------------------
  MASTER  (DE5_1-11.1)
    TAI=1258         CYCLES=124999999    VALID
  SLAVE   (DE5_1-11.2)
    TAI=--           CYCLES=--           WAITING (TIME_VALID=0, PPS_VALID=0)
------------------------------------------------------------
Dashboard read complete.
White Rabbit Step 1-6 dashboard  2026-09-30T09:25:58+08:00  (read-only)
Sampling interval: 10s; per-board comparison window: 2000ms

+------------------------------------------------------------+
| MASTER   DE5_1-11.1                                      |
+------------------------------------------------------------+
| Step 1  PHY / Link           PASS                        |
| Step 2  Endpoint / PTP       PASS                        |
| Step 3  WR Handshake         INFO                        |
| Step 4  SoftPLL Startup      PASS                        |
| Step 5  Closed-loop Lock     INFO                        |
| Step 6  Global Time          VALID                       |
+------------------------------------------------------------+
| Link health                  Link=1  TM=1  RX=1  TX=1 |
| Lock signals                 Helper=NA  MainFreq=NA  MainPhase=NA |
|                              MainLock=NA  PSTAT=NA             |
| Global-Time reason           PPS snapshot valid; Step6 gate passed |
| WR PTP servo state           NA                          |
| WR phase offset              NA ps                       |
| Global-Time validity         TIME_VALID=1 PPS_VALID=1     |
| Snapshot                     snapshot=1 stable=1 count=1270 |
| PPS registers                CR=20000006 EN=0 ESCR=1036  |
| PPS register validity        TM=1 PPS=1                  |
| Step5 result                 NOT_APPLICABLE_MASTER       |
+------------------------------------------------------------+
+------------------------------------------------------------+
| SLAVE    DE5_1-11.2                                      |
+------------------------------------------------------------+
| Step 1  PHY / Link           PASS                        |
| Step 2  Endpoint / PTP       PASS                        |
| Step 3  WR Handshake         PASS                        |
| Step 4  SoftPLL Startup      PASS                        |
| Step 5  Closed-loop Lock     INFO                        |
| Step 6  Global Time          WAITING                     |
+------------------------------------------------------------+
| Link health                  Link=1  TM=1  RX=1  TX=1 |
| Lock signals                 Helper=1  MainFreq=1  MainPhase=1 |
|                              MainLock=1  PSTAT=1             |
| Global-Time reason           PTP servo offset not yet <60 ps |
| WR PTP servo state           WAIT_OFFSET_STABLE          |
| WR phase offset              3393 ps (target |offset| <60 ps) |
| Global-Time validity         TIME_VALID=0 PPS_VALID=0     |
| Snapshot                     snapshot=0 stable=1 count=0 |
| PPS registers                CR=20000006 EN=0 ESCR=1024  |
| PPS register validity        TM=0 PPS=0                  |
| Step5 result                 LOCK_ACQUIRED_NOT_STABLE    |
+------------------------------------------------------------+

Global Time summary (125 MHz reference; 1 cycle = 8 ns)
------------------------------------------------------------
  MASTER  (DE5_1-11.1)
    TAI=1269         CYCLES=124999999    VALID
  SLAVE   (DE5_1-11.2)
    TAI=--           CYCLES=--           WAITING (TIME_VALID=0, PPS_VALID=0)
------------------------------------------------------------
Dashboard read complete.
White Rabbit Step 1-6 dashboard  2026-09-30T09:26:08+08:00  (read-only)
Sampling interval: 10s; per-board comparison window: 2000ms

+------------------------------------------------------------+
| MASTER   DE5_1-11.1                                      |
+------------------------------------------------------------+
| Step 1  PHY / Link           PASS                        |
| Step 2  Endpoint / PTP       PASS                        |
| Step 3  WR Handshake         INFO                        |
| Step 4  SoftPLL Startup      PASS                        |
| Step 5  Closed-loop Lock     INFO                        |
| Step 6  Global Time          VALID                       |
+------------------------------------------------------------+
| Link health                  Link=1  TM=1  RX=1  TX=1 |
| Lock signals                 Helper=NA  MainFreq=NA  MainPhase=NA |
|                              MainLock=NA  PSTAT=NA             |
| Global-Time reason           PPS snapshot valid; Step6 gate passed |
| WR PTP servo state           NA                          |
| WR phase offset              NA ps                       |
| Global-Time validity         TIME_VALID=1 PPS_VALID=1     |
| Snapshot                     snapshot=1 stable=1 count=1279 |
| PPS registers                CR=20000006 EN=0 ESCR=1036  |
| PPS register validity        TM=1 PPS=1                  |
| Step5 result                 NOT_APPLICABLE_MASTER       |
+------------------------------------------------------------+
+------------------------------------------------------------+
| SLAVE    DE5_1-11.2                                      |
+------------------------------------------------------------+
| Step 1  PHY / Link           PASS                        |
| Step 2  Endpoint / PTP       PASS                        |
| Step 3  WR Handshake         PASS                        |
| Step 4  SoftPLL Startup      PASS                        |
| Step 5  Closed-loop Lock     INFO                        |
| Step 6  Global Time          WAITING                     |
+------------------------------------------------------------+
| Link health                  Link=1  TM=1  RX=1  TX=1 |
| Lock signals                 Helper=1  MainFreq=1  MainPhase=1 |
|                              MainLock=1  PSTAT=1             |
| Global-Time reason           PTP servo offset not yet <60 ps |
| WR PTP servo state           WAIT_OFFSET_STABLE          |
| WR phase offset              -1120 ps (target |offset| <60 ps) |
| Global-Time validity         TIME_VALID=0 PPS_VALID=0     |
| Snapshot                     snapshot=0 stable=1 count=0 |
| PPS registers                CR=20000006 EN=0 ESCR=1280  |
| PPS register validity        TM=0 PPS=0                  |
| Step5 result                 LOCK_ACQUIRED_NOT_STABLE    |
+------------------------------------------------------------+

Global Time summary (125 MHz reference; 1 cycle = 8 ns)
------------------------------------------------------------
  MASTER  (DE5_1-11.1)
    TAI=1278         CYCLES=124999999    VALID
  SLAVE   (DE5_1-11.2)
    TAI=--           CYCLES=--           WAITING (TIME_VALID=0, PPS_VALID=0)
------------------------------------------------------------
Dashboard read complete.
White Rabbit Step 1-6 dashboard  2026-09-30T09:26:18+08:00  (read-only)
Sampling interval: 10s; per-board comparison window: 2000ms

+------------------------------------------------------------+
| MASTER   DE5_1-11.1                                      |
+------------------------------------------------------------+
| Step 1  PHY / Link           PASS                        |
| Step 2  Endpoint / PTP       PASS                        |
| Step 3  WR Handshake         INFO                        |
| Step 4  SoftPLL Startup      PASS                        |
| Step 5  Closed-loop Lock     INFO                        |
| Step 6  Global Time          VALID                       |
+------------------------------------------------------------+
| Link health                  Link=1  TM=1  RX=1  TX=1 |
| Lock signals                 Helper=NA  MainFreq=NA  MainPhase=NA |
|                              MainLock=NA  PSTAT=NA             |
| Global-Time reason           PPS snapshot valid; Step6 gate passed |
| WR PTP servo state           NA                          |
| WR phase offset              NA ps                       |
| Global-Time validity         TIME_VALID=1 PPS_VALID=1     |
| Snapshot                     snapshot=1 stable=1 count=1289 |
| PPS registers                CR=20000006 EN=0 ESCR=1292  |
| PPS register validity        TM=1 PPS=1                  |
| Step5 result                 NOT_APPLICABLE_MASTER       |
+------------------------------------------------------------+
+------------------------------------------------------------+
| SLAVE    DE5_1-11.2                                      |
+------------------------------------------------------------+
| Step 1  PHY / Link           PASS                        |
| Step 2  Endpoint / PTP       PASS                        |
| Step 3  WR Handshake         PASS                        |
| Step 4  SoftPLL Startup      PASS                        |
| Step 5  Closed-loop Lock     INFO                        |
| Step 6  Global Time          WAITING                     |
+------------------------------------------------------------+
| Link health                  Link=1  TM=1  RX=1  TX=1 |
| Lock signals                 Helper=1  MainFreq=1  MainPhase=1 |
|                              MainLock=1  PSTAT=1             |
| Global-Time reason           PTP servo offset not yet <60 ps |
| WR PTP servo state           WAIT_OFFSET_STABLE          |
| WR phase offset              -862 ps (target |offset| <60 ps) |
| Global-Time validity         TIME_VALID=0 PPS_VALID=0     |
| Snapshot                     snapshot=0 stable=1 count=0 |
| PPS registers                CR=20000006 EN=0 ESCR=1280  |
| PPS register validity        TM=0 PPS=0                  |
| Step5 result                 LOCK_ACQUIRED_NOT_STABLE    |
+------------------------------------------------------------+

Global Time summary (125 MHz reference; 1 cycle = 8 ns)
------------------------------------------------------------
  MASTER  (DE5_1-11.1)
    TAI=1288         CYCLES=124999999    VALID
  SLAVE   (DE5_1-11.2)
    TAI=--           CYCLES=--           WAITING (TIME_VALID=0, PPS_VALID=0)
------------------------------------------------------------
Dashboard read complete.
White Rabbit Step 1-6 dashboard  2026-09-30T09:26:28+08:00  (read-only)
Sampling interval: 10s; per-board comparison window: 2000ms

+------------------------------------------------------------+
| MASTER   DE5_1-11.1                                      |
+------------------------------------------------------------+
| Step 1  PHY / Link           PASS                        |
| Step 2  Endpoint / PTP       PASS                        |
| Step 3  WR Handshake         INFO                        |
| Step 4  SoftPLL Startup      PASS                        |
| Step 5  Closed-loop Lock     INFO                        |
| Step 6  Global Time          VALID                       |
+------------------------------------------------------------+
| Link health                  Link=1  TM=1  RX=1  TX=1 |
| Lock signals                 Helper=NA  MainFreq=NA  MainPhase=NA |
|                              MainLock=NA  PSTAT=NA             |
| Global-Time reason           PPS snapshot valid; Step6 gate passed |
| WR PTP servo state           NA                          |
| WR phase offset              NA ps                       |
| Global-Time validity         TIME_VALID=1 PPS_VALID=1     |
| Snapshot                     snapshot=1 stable=1 count=1299 |
| PPS registers                CR=20000006 EN=0 ESCR=1292  |
| PPS register validity        TM=1 PPS=1                  |
| Step5 result                 NOT_APPLICABLE_MASTER       |
+------------------------------------------------------------+
+------------------------------------------------------------+
| SLAVE    DE5_1-11.2                                      |
+------------------------------------------------------------+
| Step 1  PHY / Link           PASS                        |
| Step 2  Endpoint / PTP       PASS                        |
| Step 3  WR Handshake         PASS                        |
| Step 4  SoftPLL Startup      PASS                        |
| Step 5  Closed-loop Lock     INFO                        |
| Step 6  Global Time          WAITING                     |
+------------------------------------------------------------+
| Link health                  Link=1  TM=1  RX=1  TX=1 |
| Lock signals                 Helper=1  MainFreq=1  MainPhase=1 |
|                              MainLock=1  PSTAT=1             |
| Global-Time reason           PTP servo offset not yet <60 ps |
| WR PTP servo state           WAIT_OFFSET_STABLE          |
| WR phase offset              -786 ps (target |offset| <60 ps) |
| Global-Time validity         TIME_VALID=0 PPS_VALID=0     |
| Snapshot                     snapshot=0 stable=1 count=0 |
| PPS registers                CR=20000006 EN=0 ESCR=1280  |
| PPS register validity        TM=0 PPS=0                  |
| Step5 result                 LOCK_ACQUIRED_NOT_STABLE    |
+------------------------------------------------------------+

Global Time summary (125 MHz reference; 1 cycle = 8 ns)
------------------------------------------------------------
  MASTER  (DE5_1-11.1)
    TAI=1298         CYCLES=124999999    VALID
  SLAVE   (DE5_1-11.2)
    TAI=--           CYCLES=--           WAITING (TIME_VALID=0, PPS_VALID=0)
------------------------------------------------------------
Dashboard read complete.
White Rabbit Step 1-6 dashboard  2026-09-30T09:26:38+08:00  (read-only)
Sampling interval: 10s; per-board comparison window: 2000ms

+------------------------------------------------------------+
| MASTER   DE5_1-11.1                                      |
+------------------------------------------------------------+
| Step 1  PHY / Link           PASS                        |
| Step 2  Endpoint / PTP       PASS                        |
| Step 3  WR Handshake         INFO                        |
| Step 4  SoftPLL Startup      PASS                        |
| Step 5  Closed-loop Lock     INFO                        |
| Step 6  Global Time          VALID                       |
+------------------------------------------------------------+
| Link health                  Link=1  TM=1  RX=1  TX=1 |
| Lock signals                 Helper=NA  MainFreq=NA  MainPhase=NA |
|                              MainLock=NA  PSTAT=NA             |
| Global-Time reason           PPS snapshot valid; Step6 gate passed |
| WR PTP servo state           NA                          |
| WR phase offset              NA ps                       |
| Global-Time validity         TIME_VALID=1 PPS_VALID=1     |
| Snapshot                     snapshot=1 stable=1 count=1309 |
| PPS registers                CR=20000006 EN=0 ESCR=1292  |
| PPS register validity        TM=1 PPS=1                  |
| Step5 result                 NOT_APPLICABLE_MASTER       |
+------------------------------------------------------------+
+------------------------------------------------------------+
| SLAVE    DE5_1-11.2                                      |
+------------------------------------------------------------+
| Step 1  PHY / Link           PASS                        |
| Step 2  Endpoint / PTP       PASS                        |
| Step 3  WR Handshake         PASS                        |
| Step 4  SoftPLL Startup      PASS                        |
| Step 5  Closed-loop Lock     INFO                        |
| Step 6  Global Time          WAITING                     |
+------------------------------------------------------------+
| Link health                  Link=1  TM=1  RX=1  TX=1 |
| Lock signals                 Helper=1  MainFreq=1  MainPhase=1 |
|                              MainLock=1  PSTAT=1             |
| Global-Time reason           PTP servo offset not yet <60 ps |
| WR PTP servo state           WAIT_OFFSET_STABLE          |
| WR phase offset              -589 ps (target |offset| <60 ps) |
| Global-Time validity         TIME_VALID=0 PPS_VALID=0     |
| Snapshot                     snapshot=0 stable=1 count=0 |
| PPS registers                CR=20000006 EN=0 ESCR=1280  |
| PPS register validity        TM=0 PPS=0                  |
| Step5 result                 LOCK_ACQUIRED_NOT_STABLE    |
+------------------------------------------------------------+

Global Time summary (125 MHz reference; 1 cycle = 8 ns)
------------------------------------------------------------
  MASTER  (DE5_1-11.1)
    TAI=1308         CYCLES=124999999    VALID
  SLAVE   (DE5_1-11.2)
    TAI=--           CYCLES=--           WAITING (TIME_VALID=0, PPS_VALID=0)
------------------------------------------------------------
Dashboard read complete.
White Rabbit Step 1-6 dashboard  2026-09-30T09:26:48+08:00  (read-only)
Sampling interval: 10s; per-board comparison window: 2000ms

+------------------------------------------------------------+
| MASTER   DE5_1-11.1                                      |
+------------------------------------------------------------+
| Step 1  PHY / Link           PASS                        |
| Step 2  Endpoint / PTP       PASS                        |
| Step 3  WR Handshake         INFO                        |
| Step 4  SoftPLL Startup      PASS                        |
| Step 5  Closed-loop Lock     INFO                        |
| Step 6  Global Time          VALID                       |
+------------------------------------------------------------+
| Link health                  Link=1  TM=1  RX=1  TX=1 |
| Lock signals                 Helper=NA  MainFreq=NA  MainPhase=NA |
|                              MainLock=NA  PSTAT=NA             |
| Global-Time reason           PPS snapshot valid; Step6 gate passed |
| WR PTP servo state           NA                          |
| WR phase offset              NA ps                       |
| Global-Time validity         TIME_VALID=1 PPS_VALID=1     |
| Snapshot                     snapshot=1 stable=1 count=1319 |
| PPS registers                CR=20000006 EN=0 ESCR=1292  |
| PPS register validity        TM=1 PPS=1                  |
| Step5 result                 NOT_APPLICABLE_MASTER       |
+------------------------------------------------------------+
+------------------------------------------------------------+
| SLAVE    DE5_1-11.2                                      |
+------------------------------------------------------------+
| Step 1  PHY / Link           PASS                        |
| Step 2  Endpoint / PTP       PASS                        |
| Step 3  WR Handshake         PASS                        |
| Step 4  SoftPLL Startup      PASS                        |
| Step 5  Closed-loop Lock     INFO                        |
| Step 6  Global Time          WAITING                     |
+------------------------------------------------------------+
| Link health                  Link=1  TM=1  RX=1  TX=1 |
| Lock signals                 Helper=1  MainFreq=1  MainPhase=1 |
|                              MainLock=1  PSTAT=1             |
| Global-Time reason           PTP servo offset not yet <60 ps |
| WR PTP servo state           WAIT_OFFSET_STABLE          |
| WR phase offset              3423 ps (target |offset| <60 ps) |
| Global-Time validity         TIME_VALID=0 PPS_VALID=0     |
| Snapshot                     snapshot=0 stable=1 count=0 |
| PPS registers                CR=20000006 EN=0 ESCR=1280  |
| PPS register validity        TM=0 PPS=0                  |
| Step5 result                 LOCK_ACQUIRED_NOT_STABLE    |
+------------------------------------------------------------+

Global Time summary (125 MHz reference; 1 cycle = 8 ns)
------------------------------------------------------------
  MASTER  (DE5_1-11.1)
    TAI=1318         CYCLES=124999999    VALID
  SLAVE   (DE5_1-11.2)
    TAI=--           CYCLES=--           WAITING (TIME_VALID=0, PPS_VALID=0)
------------------------------------------------------------
Dashboard read complete.
White Rabbit Step 1-6 dashboard  2026-09-30T09:26:58+08:00  (read-only)
Sampling interval: 10s; per-board comparison window: 2000ms

+------------------------------------------------------------+
| MASTER   DE5_1-11.1                                      |
+------------------------------------------------------------+
| Step 1  PHY / Link           PASS                        |
| Step 2  Endpoint / PTP       PASS                        |
| Step 3  WR Handshake         INFO                        |
| Step 4  SoftPLL Startup      PASS                        |
| Step 5  Closed-loop Lock     INFO                        |
| Step 6  Global Time          VALID                       |
+------------------------------------------------------------+
| Link health                  Link=1  TM=1  RX=1  TX=1 |
| Lock signals                 Helper=NA  MainFreq=NA  MainPhase=NA |
|                              MainLock=NA  PSTAT=NA             |
| Global-Time reason           PPS snapshot valid; Step6 gate passed |
| WR PTP servo state           NA                          |
| WR phase offset              NA ps                       |
| Global-Time validity         TIME_VALID=1 PPS_VALID=1     |
| Snapshot                     snapshot=1 stable=1 count=1329 |
| PPS registers                CR=20000006 EN=0 ESCR=1292  |
| PPS register validity        TM=1 PPS=1                  |
| Step5 result                 NOT_APPLICABLE_MASTER       |
+------------------------------------------------------------+
+------------------------------------------------------------+
| SLAVE    DE5_1-11.2                                      |
+------------------------------------------------------------+
| Step 1  PHY / Link           PASS                        |
| Step 2  Endpoint / PTP       PASS                        |
| Step 3  WR Handshake         PASS                        |
| Step 4  SoftPLL Startup      PASS                        |
| Step 5  Closed-loop Lock     INFO                        |
| Step 6  Global Time          WAITING                     |
+------------------------------------------------------------+
| Link health                  Link=1  TM=1  RX=1  TX=1 |
| Lock signals                 Helper=1  MainFreq=1  MainPhase=1 |
|                              MainLock=1  PSTAT=1             |
| Global-Time reason           PTP servo offset not yet <60 ps |
| WR PTP servo state           WAIT_OFFSET_STABLE          |
| WR phase offset              -577 ps (target |offset| <60 ps) |
| Global-Time validity         TIME_VALID=0 PPS_VALID=0     |
| Snapshot                     snapshot=0 stable=1 count=0 |
| PPS registers                CR=20000006 EN=0 ESCR=1280  |
| PPS register validity        TM=0 PPS=0                  |
| Step5 result                 LOCK_ACQUIRED_NOT_STABLE    |
+------------------------------------------------------------+

Global Time summary (125 MHz reference; 1 cycle = 8 ns)
------------------------------------------------------------
  MASTER  (DE5_1-11.1)
    TAI=1328         CYCLES=124999999    VALID
  SLAVE   (DE5_1-11.2)
    TAI=--           CYCLES=--           WAITING (TIME_VALID=0, PPS_VALID=0)
------------------------------------------------------------
Dashboard read complete.
White Rabbit Step 1-6 dashboard  2026-09-30T09:27:08+08:00  (read-only)
Sampling interval: 10s; per-board comparison window: 2000ms

+------------------------------------------------------------+
| MASTER   DE5_1-11.1                                      |
+------------------------------------------------------------+
| Step 1  PHY / Link           PASS                        |
| Step 2  Endpoint / PTP       PASS                        |
| Step 3  WR Handshake         INFO                        |
| Step 4  SoftPLL Startup      PASS                        |
| Step 5  Closed-loop Lock     INFO                        |
| Step 6  Global Time          VALID                       |
+------------------------------------------------------------+
| Link health                  Link=1  TM=1  RX=1  TX=1 |
| Lock signals                 Helper=NA  MainFreq=NA  MainPhase=NA |
|                              MainLock=NA  PSTAT=NA             |
| Global-Time reason           PPS snapshot valid; Step6 gate passed |
| WR PTP servo state           NA                          |
| WR phase offset              NA ps                       |
| Global-Time validity         TIME_VALID=1 PPS_VALID=1     |
| Snapshot                     snapshot=1 stable=1 count=1339 |
| PPS registers                CR=20000006 EN=0 ESCR=1292  |
| PPS register validity        TM=1 PPS=1                  |
| Step5 result                 NOT_APPLICABLE_MASTER       |
+------------------------------------------------------------+
+------------------------------------------------------------+
| SLAVE    DE5_1-11.2                                      |
+------------------------------------------------------------+
| Step 1  PHY / Link           PASS                        |
| Step 2  Endpoint / PTP       PASS                        |
| Step 3  WR Handshake         PASS                        |
| Step 4  SoftPLL Startup      PASS                        |
| Step 5  Closed-loop Lock     INFO                        |
| Step 6  Global Time          WAITING                     |
+------------------------------------------------------------+
| Link health                  Link=1  TM=1  RX=1  TX=1 |
| Lock signals                 Helper=1  MainFreq=1  MainPhase=1 |
|                              MainLock=1  PSTAT=1             |
| Global-Time reason           PTP servo offset not yet <60 ps |
| WR PTP servo state           WAIT_OFFSET_STABLE          |
| WR phase offset              -1059 ps (target |offset| <60 ps) |
| Global-Time validity         TIME_VALID=0 PPS_VALID=0     |
| Snapshot                     snapshot=0 stable=1 count=0 |
| PPS registers                CR=20000006 EN=0 ESCR=1280  |
| PPS register validity        TM=0 PPS=0                  |
| Step5 result                 LOCK_ACQUIRED_NOT_STABLE    |
+------------------------------------------------------------+

Global Time summary (125 MHz reference; 1 cycle = 8 ns)
------------------------------------------------------------
  MASTER  (DE5_1-11.1)
    TAI=1338         CYCLES=124999999    VALID
  SLAVE   (DE5_1-11.2)
    TAI=--           CYCLES=--           WAITING (TIME_VALID=0, PPS_VALID=0)
------------------------------------------------------------
Dashboard read complete.
White Rabbit Step 1-6 dashboard  2026-09-30T09:27:18+08:00  (read-only)
Sampling interval: 10s; per-board comparison window: 2000ms

+------------------------------------------------------------+
| MASTER   DE5_1-11.1                                      |
+------------------------------------------------------------+
| Step 1  PHY / Link           PASS                        |
| Step 2  Endpoint / PTP       PASS                        |
| Step 3  WR Handshake         INFO                        |
| Step 4  SoftPLL Startup      PASS                        |
| Step 5  Closed-loop Lock     INFO                        |
| Step 6  Global Time          VALID                       |
+------------------------------------------------------------+
| Link health                  Link=1  TM=1  RX=1  TX=1 |
| Lock signals                 Helper=NA  MainFreq=NA  MainPhase=NA |
|                              MainLock=NA  PSTAT=NA             |
| Global-Time reason           PPS snapshot valid; Step6 gate passed |
| WR PTP servo state           NA                          |
| WR phase offset              NA ps                       |
| Global-Time validity         TIME_VALID=1 PPS_VALID=1     |
| Snapshot                     snapshot=1 stable=1 count=1349 |
| PPS registers                CR=20000006 EN=0 ESCR=108712844 |
| PPS register validity        TM=1 PPS=1                  |
| Step5 result                 NOT_APPLICABLE_MASTER       |
+------------------------------------------------------------+
+------------------------------------------------------------+
| SLAVE    DE5_1-11.2                                      |
+------------------------------------------------------------+
| Step 1  PHY / Link           PASS                        |
| Step 2  Endpoint / PTP       PASS                        |
| Step 3  WR Handshake         PASS                        |
| Step 4  SoftPLL Startup      PASS                        |
| Step 5  Closed-loop Lock     INFO                        |
| Step 6  Global Time          WAITING                     |
+------------------------------------------------------------+
| Link health                  Link=1  TM=1  RX=1  TX=1 |
| Lock signals                 Helper=1  MainFreq=1  MainPhase=1 |
|                              MainLock=1  PSTAT=1             |
| Global-Time reason           PTP servo offset not yet <60 ps |
| WR PTP servo state           WAIT_OFFSET_STABLE          |
| WR phase offset              -768 ps (target |offset| <60 ps) |
| Global-Time validity         TIME_VALID=0 PPS_VALID=0     |
| Snapshot                     snapshot=0 stable=1 count=0 |
| PPS registers                CR=20000006 EN=0 ESCR=1280  |
| PPS register validity        TM=0 PPS=0                  |
| Step5 result                 LOCK_ACQUIRED_NOT_STABLE    |
+------------------------------------------------------------+

Global Time summary (125 MHz reference; 1 cycle = 8 ns)
------------------------------------------------------------
  MASTER  (DE5_1-11.1)
    TAI=1348         CYCLES=124999999    VALID
  SLAVE   (DE5_1-11.2)
    TAI=--           CYCLES=--           WAITING (TIME_VALID=0, PPS_VALID=0)
------------------------------------------------------------
Dashboard read complete.
White Rabbit Step 1-6 dashboard  2026-09-30T09:27:28+08:00  (read-only)
Sampling interval: 10s; per-board comparison window: 2000ms

+------------------------------------------------------------+
| MASTER   DE5_1-11.1                                      |
+------------------------------------------------------------+
| Step 1  PHY / Link           PASS                        |
| Step 2  Endpoint / PTP       PASS                        |
| Step 3  WR Handshake         INFO                        |
| Step 4  SoftPLL Startup      PASS                        |
| Step 5  Closed-loop Lock     INFO                        |
| Step 6  Global Time          VALID                       |
+------------------------------------------------------------+
| Link health                  Link=1  TM=1  RX=1  TX=1 |
| Lock signals                 Helper=NA  MainFreq=NA  MainPhase=NA |
|                              MainLock=NA  PSTAT=NA             |
| Global-Time reason           PPS snapshot valid; Step6 gate passed |
| WR PTP servo state           NA                          |
| WR phase offset              NA ps                       |
| Global-Time validity         TIME_VALID=1 PPS_VALID=1     |
| Snapshot                     snapshot=1 stable=1 count=1359 |
| PPS registers                CR=20000006 EN=0 ESCR=1292  |
| PPS register validity        TM=1 PPS=1                  |
| Step5 result                 NOT_APPLICABLE_MASTER       |
+------------------------------------------------------------+
+------------------------------------------------------------+
| SLAVE    DE5_1-11.2                                      |
+------------------------------------------------------------+
| Step 1  PHY / Link           PASS                        |
| Step 2  Endpoint / PTP       PASS                        |
| Step 3  WR Handshake         PASS                        |
| Step 4  SoftPLL Startup      PASS                        |
| Step 5  Closed-loop Lock     INFO                        |
| Step 6  Global Time          WAITING                     |
+------------------------------------------------------------+
| Link health                  Link=1  TM=1  RX=1  TX=1 |
| Lock signals                 Helper=1  MainFreq=1  MainPhase=1 |
|                              MainLock=1  PSTAT=1             |
| Global-Time reason           PTP servo offset not yet <60 ps |
| WR PTP servo state           WAIT_OFFSET_STABLE          |
| WR phase offset              -734 ps (target |offset| <60 ps) |
| Global-Time validity         TIME_VALID=0 PPS_VALID=0     |
| Snapshot                     snapshot=0 stable=1 count=0 |
| PPS registers                CR=20000006 EN=0 ESCR=1280  |
| PPS register validity        TM=0 PPS=0                  |
| Step5 result                 LOCK_ACQUIRED_NOT_STABLE    |
+------------------------------------------------------------+

Global Time summary (125 MHz reference; 1 cycle = 8 ns)
------------------------------------------------------------
  MASTER  (DE5_1-11.1)
    TAI=1358         CYCLES=124999999    VALID
  SLAVE   (DE5_1-11.2)
    TAI=--           CYCLES=--           WAITING (TIME_VALID=0, PPS_VALID=0)
------------------------------------------------------------
Dashboard read complete.
White Rabbit Step 1-6 dashboard  2026-09-30T09:27:38+08:00  (read-only)
Sampling interval: 10s; per-board comparison window: 2000ms

+------------------------------------------------------------+
| MASTER   DE5_1-11.1                                      |
+------------------------------------------------------------+
| Step 1  PHY / Link           PASS                        |
| Step 2  Endpoint / PTP       PASS                        |
| Step 3  WR Handshake         INFO                        |
| Step 4  SoftPLL Startup      PASS                        |
| Step 5  Closed-loop Lock     INFO                        |
| Step 6  Global Time          VALID                       |
+------------------------------------------------------------+
| Link health                  Link=1  TM=1  RX=1  TX=1 |
| Lock signals                 Helper=NA  MainFreq=NA  MainPhase=NA |
|                              MainLock=NA  PSTAT=NA             |
| Global-Time reason           PPS snapshot valid; Step6 gate passed |
| WR PTP servo state           NA                          |
| WR phase offset              NA ps                       |
| Global-Time validity         TIME_VALID=1 PPS_VALID=1     |
| Snapshot                     snapshot=1 stable=1 count=1369 |
| PPS registers                CR=20000006 EN=0 ESCR=1292  |
| PPS register validity        TM=1 PPS=1                  |
| Step5 result                 NOT_APPLICABLE_MASTER       |
+------------------------------------------------------------+
+------------------------------------------------------------+
| SLAVE    DE5_1-11.2                                      |
+------------------------------------------------------------+
| Step 1  PHY / Link           PASS                        |
| Step 2  Endpoint / PTP       PASS                        |
| Step 3  WR Handshake         PASS                        |
| Step 4  SoftPLL Startup      PASS                        |
| Step 5  Closed-loop Lock     INFO                        |
| Step 6  Global Time          WAITING                     |
+------------------------------------------------------------+
| Link health                  Link=1  TM=1  RX=1  TX=1 |
| Lock signals                 Helper=1  MainFreq=1  MainPhase=1 |
|                              MainLock=1  PSTAT=1             |
| Global-Time reason           PTP servo offset not yet <60 ps |
| WR PTP servo state           SYNC_PHASE                  |
| WR phase offset              -822 ps (target |offset| <60 ps) |
| Global-Time validity         TIME_VALID=0 PPS_VALID=0     |
| Snapshot                     snapshot=0 stable=1 count=0 |
| PPS registers                CR=20000006 EN=0 ESCR=1280  |
| PPS register validity        TM=0 PPS=0                  |
| Step5 result                 LOCK_ACQUIRED_NOT_STABLE    |
+------------------------------------------------------------+

Global Time summary (125 MHz reference; 1 cycle = 8 ns)
------------------------------------------------------------
  MASTER  (DE5_1-11.1)
    TAI=1368         CYCLES=124999999    VALID
  SLAVE   (DE5_1-11.2)
    TAI=--           CYCLES=--           WAITING (TIME_VALID=0, PPS_VALID=0)
------------------------------------------------------------
Dashboard read complete.
White Rabbit Step 1-6 dashboard  2026-09-30T09:27:48+08:00  (read-only)
Sampling interval: 10s; per-board comparison window: 2000ms

+------------------------------------------------------------+
| MASTER   DE5_1-11.1                                      |
+------------------------------------------------------------+
| Step 1  PHY / Link           PASS                        |
| Step 2  Endpoint / PTP       PASS                        |
| Step 3  WR Handshake         INFO                        |
| Step 4  SoftPLL Startup      PASS                        |
| Step 5  Closed-loop Lock     INFO                        |
| Step 6  Global Time          VALID                       |
+------------------------------------------------------------+
| Link health                  Link=1  TM=1  RX=1  TX=1 |
| Lock signals                 Helper=NA  MainFreq=NA  MainPhase=NA |
|                              MainLock=NA  PSTAT=NA             |
| Global-Time reason           PPS snapshot valid; Step6 gate passed |
| WR PTP servo state           NA                          |
| WR phase offset              NA ps                       |
| Global-Time validity         TIME_VALID=1 PPS_VALID=1     |
| Snapshot                     snapshot=1 stable=1 count=1379 |
| PPS registers                CR=20000006 EN=0 ESCR=1292  |
| PPS register validity        TM=1 PPS=1                  |
| Step5 result                 NOT_APPLICABLE_MASTER       |
+------------------------------------------------------------+
+------------------------------------------------------------+
| SLAVE    DE5_1-11.2                                      |
+------------------------------------------------------------+
| Step 1  PHY / Link           PASS                        |
| Step 2  Endpoint / PTP       PASS                        |
| Step 3  WR Handshake         PASS                        |
| Step 4  SoftPLL Startup      PASS                        |
| Step 5  Closed-loop Lock     INFO                        |
| Step 6  Global Time          WAITING                     |
+------------------------------------------------------------+
| Link health                  Link=1  TM=1  RX=1  TX=1 |
| Lock signals                 Helper=1  MainFreq=1  MainPhase=1 |
|                              MainLock=1  PSTAT=1             |
| Global-Time reason           PTP servo offset not yet <60 ps |
| WR PTP servo state           WAIT_OFFSET_STABLE          |
| WR phase offset              -592 ps (target |offset| <60 ps) |
| Global-Time validity         TIME_VALID=0 PPS_VALID=0     |
| Snapshot                     snapshot=0 stable=1 count=0 |
| PPS registers                CR=20000006 EN=0 ESCR=1280  |
| PPS register validity        TM=0 PPS=0                  |
| Step5 result                 LOCK_ACQUIRED_NOT_STABLE    |
+------------------------------------------------------------+

Global Time summary (125 MHz reference; 1 cycle = 8 ns)
------------------------------------------------------------
  MASTER  (DE5_1-11.1)
    TAI=1378         CYCLES=124999999    VALID
  SLAVE   (DE5_1-11.2)
    TAI=--           CYCLES=--           WAITING (TIME_VALID=0, PPS_VALID=0)
------------------------------------------------------------
Dashboard read complete.
White Rabbit Step 1-6 dashboard  2026-09-30T09:27:58+08:00  (read-only)
Sampling interval: 10s; per-board comparison window: 2000ms

+------------------------------------------------------------+
| MASTER   DE5_1-11.1                                      |
+------------------------------------------------------------+
| Step 1  PHY / Link           PASS                        |
| Step 2  Endpoint / PTP       PASS                        |
| Step 3  WR Handshake         INFO                        |
| Step 4  SoftPLL Startup      PASS                        |
| Step 5  Closed-loop Lock     INFO                        |
| Step 6  Global Time          VALID                       |
+------------------------------------------------------------+
| Link health                  Link=1  TM=1  RX=1  TX=1 |
| Lock signals                 Helper=NA  MainFreq=NA  MainPhase=NA |
|                              MainLock=NA  PSTAT=NA             |
| Global-Time reason           PPS snapshot valid; Step6 gate passed |
| WR PTP servo state           NA                          |
| WR phase offset              NA ps                       |
| Global-Time validity         TIME_VALID=1 PPS_VALID=1     |
| Snapshot                     snapshot=1 stable=1 count=1389 |
| PPS registers                CR=20000006 EN=0 ESCR=1292  |
| PPS register validity        TM=1 PPS=1                  |
| Step5 result                 NOT_APPLICABLE_MASTER       |
+------------------------------------------------------------+
+------------------------------------------------------------+
| SLAVE    DE5_1-11.2                                      |
+------------------------------------------------------------+
| Step 1  PHY / Link           PASS                        |
| Step 2  Endpoint / PTP       PASS                        |
| Step 3  WR Handshake         PASS                        |
| Step 4  SoftPLL Startup      PASS                        |
| Step 5  Closed-loop Lock     INFO                        |
| Step 6  Global Time          WAITING                     |
+------------------------------------------------------------+
| Link health                  Link=1  TM=1  RX=1  TX=1 |
| Lock signals                 Helper=1  MainFreq=1  MainPhase=1 |
|                              MainLock=1  PSTAT=1             |
| Global-Time reason           PTP servo offset not yet <60 ps |
| WR PTP servo state           WAIT_OFFSET_STABLE          |
| WR phase offset              -691 ps (target |offset| <60 ps) |
| Global-Time validity         TIME_VALID=0 PPS_VALID=0     |
| Snapshot                     snapshot=0 stable=1 count=0 |
| PPS registers                CR=20000006 EN=0 ESCR=1280  |
| PPS register validity        TM=0 PPS=0                  |
| Step5 result                 LOCK_ACQUIRED_NOT_STABLE    |
+------------------------------------------------------------+

Global Time summary (125 MHz reference; 1 cycle = 8 ns)
------------------------------------------------------------
  MASTER  (DE5_1-11.1)
    TAI=1388         CYCLES=124999999    VALID
  SLAVE   (DE5_1-11.2)
    TAI=--           CYCLES=--           WAITING (TIME_VALID=0, PPS_VALID=0)
------------------------------------------------------------
Dashboard read complete.
White Rabbit Step 1-6 dashboard  2026-09-30T09:28:08+08:00  (read-only)
Sampling interval: 10s; per-board comparison window: 2000ms

+------------------------------------------------------------+
| MASTER   DE5_1-11.1                                      |
+------------------------------------------------------------+
| Step 1  PHY / Link           PASS                        |
| Step 2  Endpoint / PTP       PASS                        |
| Step 3  WR Handshake         INFO                        |
| Step 4  SoftPLL Startup      PASS                        |
| Step 5  Closed-loop Lock     INFO                        |
| Step 6  Global Time          VALID                       |
+------------------------------------------------------------+
| Link health                  Link=1  TM=1  RX=1  TX=1 |
| Lock signals                 Helper=NA  MainFreq=NA  MainPhase=NA |
|                              MainLock=NA  PSTAT=NA             |
| Global-Time reason           PPS snapshot valid; Step6 gate passed |
| WR PTP servo state           NA                          |
| WR phase offset              NA ps                       |
| Global-Time validity         TIME_VALID=1 PPS_VALID=1     |
| Snapshot                     snapshot=1 stable=1 count=1399 |
| PPS registers                CR=20000006 EN=0 ESCR=1292  |
| PPS register validity        TM=1 PPS=1                  |
| Step5 result                 NOT_APPLICABLE_MASTER       |
+------------------------------------------------------------+
+------------------------------------------------------------+
| SLAVE    DE5_1-11.2                                      |
+------------------------------------------------------------+
| Step 1  PHY / Link           PASS                        |
| Step 2  Endpoint / PTP       PASS                        |
| Step 3  WR Handshake         PASS                        |
| Step 4  SoftPLL Startup      PASS                        |
| Step 5  Closed-loop Lock     INFO                        |
| Step 6  Global Time          WAITING                     |
+------------------------------------------------------------+
| Link health                  Link=1  TM=1  RX=1  TX=1 |
| Lock signals                 Helper=1  MainFreq=1  MainPhase=1 |
|                              MainLock=1  PSTAT=1             |
| Global-Time reason           PTP servo offset not yet <60 ps |
| WR PTP servo state           WAIT_OFFSET_STABLE          |
| WR phase offset              -882 ps (target |offset| <60 ps) |
| Global-Time validity         TIME_VALID=0 PPS_VALID=0     |
| Snapshot                     snapshot=0 stable=1 count=0 |
| PPS registers                CR=20000006 EN=0 ESCR=1280  |
| PPS register validity        TM=0 PPS=0                  |
| Step5 result                 LOCK_ACQUIRED_NOT_STABLE    |
+------------------------------------------------------------+

Global Time summary (125 MHz reference; 1 cycle = 8 ns)
------------------------------------------------------------
  MASTER  (DE5_1-11.1)
    TAI=1398         CYCLES=124999999    VALID
  SLAVE   (DE5_1-11.2)
    TAI=--           CYCLES=--           WAITING (TIME_VALID=0, PPS_VALID=0)
------------------------------------------------------------
Dashboard read complete.
White Rabbit Step 1-6 dashboard  2026-09-30T09:28:18+08:00  (read-only)
Sampling interval: 10s; per-board comparison window: 2000ms

+------------------------------------------------------------+
| MASTER   DE5_1-11.1                                      |
+------------------------------------------------------------+
| Step 1  PHY / Link           PASS                        |
| Step 2  Endpoint / PTP       PASS                        |
| Step 3  WR Handshake         INFO                        |
| Step 4  SoftPLL Startup      PASS                        |
| Step 5  Closed-loop Lock     INFO                        |
| Step 6  Global Time          VALID                       |
+------------------------------------------------------------+
| Link health                  Link=1  TM=1  RX=1  TX=1 |
| Lock signals                 Helper=NA  MainFreq=NA  MainPhase=NA |
|                              MainLock=NA  PSTAT=NA             |
| Global-Time reason           PPS snapshot valid; Step6 gate passed |
| WR PTP servo state           NA                          |
| WR phase offset              NA ps                       |
| Global-Time validity         TIME_VALID=1 PPS_VALID=1     |
| Snapshot                     snapshot=1 stable=1 count=1409 |
| PPS registers                CR=20000006 EN=0 ESCR=1292  |
| PPS register validity        TM=1 PPS=1                  |
| Step5 result                 NOT_APPLICABLE_MASTER       |
+------------------------------------------------------------+
+------------------------------------------------------------+
| SLAVE    DE5_1-11.2                                      |
+------------------------------------------------------------+
| Step 1  PHY / Link           PASS                        |
| Step 2  Endpoint / PTP       PASS                        |
| Step 3  WR Handshake         PASS                        |
| Step 4  SoftPLL Startup      PASS                        |
| Step 5  Closed-loop Lock     INFO                        |
| Step 6  Global Time          WAITING                     |
+------------------------------------------------------------+
| Link health                  Link=1  TM=1  RX=1  TX=1 |
| Lock signals                 Helper=1  MainFreq=1  MainPhase=1 |
|                              MainLock=1  PSTAT=1             |
| Global-Time reason           PTP servo offset not yet <60 ps |
| WR PTP servo state           WAIT_OFFSET_STABLE          |
| WR phase offset              -917 ps (target |offset| <60 ps) |
| Global-Time validity         TIME_VALID=0 PPS_VALID=0     |
| Snapshot                     snapshot=0 stable=1 count=0 |
| PPS registers                CR=20000006 EN=0 ESCR=1280  |
| PPS register validity        TM=0 PPS=0                  |
| Step5 result                 LOCK_ACQUIRED_NOT_STABLE    |
+------------------------------------------------------------+

Global Time summary (125 MHz reference; 1 cycle = 8 ns)
------------------------------------------------------------
  MASTER  (DE5_1-11.1)
    TAI=1408         CYCLES=124999999    VALID
  SLAVE   (DE5_1-11.2)
    TAI=--           CYCLES=--           WAITING (TIME_VALID=0, PPS_VALID=0)
------------------------------------------------------------
Dashboard read complete.
White Rabbit Step 1-6 dashboard  2026-09-30T09:28:28+08:00  (read-only)
Sampling interval: 10s; per-board comparison window: 2000ms

+------------------------------------------------------------+
| MASTER   DE5_1-11.1                                      |
+------------------------------------------------------------+
| Step 1  PHY / Link           PASS                        |
| Step 2  Endpoint / PTP       PASS                        |
| Step 3  WR Handshake         INFO                        |
| Step 4  SoftPLL Startup      PASS                        |
| Step 5  Closed-loop Lock     INFO                        |
| Step 6  Global Time          VALID                       |
+------------------------------------------------------------+
| Link health                  Link=1  TM=1  RX=1  TX=1 |
| Lock signals                 Helper=NA  MainFreq=NA  MainPhase=NA |
|                              MainLock=NA  PSTAT=NA             |
| Global-Time reason           PPS snapshot valid; Step6 gate passed |
| WR PTP servo state           NA                          |
| WR phase offset              NA ps                       |
| Global-Time validity         TIME_VALID=1 PPS_VALID=1     |
| Snapshot                     snapshot=1 stable=1 count=1419 |
| PPS registers                CR=20000006 EN=0 ESCR=1292  |
| PPS register validity        TM=1 PPS=1                  |
| Step5 result                 NOT_APPLICABLE_MASTER       |
+------------------------------------------------------------+
+------------------------------------------------------------+
| SLAVE    DE5_1-11.2                                      |
+------------------------------------------------------------+
| Step 1  PHY / Link           PASS                        |
| Step 2  Endpoint / PTP       PASS                        |
| Step 3  WR Handshake         PASS                        |
| Step 4  SoftPLL Startup      PASS                        |
| Step 5  Closed-loop Lock     INFO                        |
| Step 6  Global Time          WAITING                     |
+------------------------------------------------------------+
| Link health                  Link=1  TM=1  RX=1  TX=1 |
| Lock signals                 Helper=1  MainFreq=1  MainPhase=1 |
|                              MainLock=1  PSTAT=1             |
| Global-Time reason           PTP servo offset not yet <60 ps |
| WR PTP servo state           WAIT_OFFSET_STABLE          |
| WR phase offset              -626 ps (target |offset| <60 ps) |
| Global-Time validity         TIME_VALID=0 PPS_VALID=0     |
| Snapshot                     snapshot=0 stable=1 count=0 |
| PPS registers                CR=20000006 EN=0 ESCR=1280  |
| PPS register validity        TM=0 PPS=0                  |
| Step5 result                 LOCK_ACQUIRED_NOT_STABLE    |
+------------------------------------------------------------+

Global Time summary (125 MHz reference; 1 cycle = 8 ns)
------------------------------------------------------------
  MASTER  (DE5_1-11.1)
    TAI=1418         CYCLES=124999999    VALID
  SLAVE   (DE5_1-11.2)
    TAI=--           CYCLES=--           WAITING (TIME_VALID=0, PPS_VALID=0)
------------------------------------------------------------
Dashboard read complete.
White Rabbit Step 1-6 dashboard  2026-09-30T09:28:38+08:00  (read-only)
Sampling interval: 10s; per-board comparison window: 2000ms

+------------------------------------------------------------+
| MASTER   DE5_1-11.1                                      |
+------------------------------------------------------------+
| Step 1  PHY / Link           PASS                        |
| Step 2  Endpoint / PTP       PASS                        |
| Step 3  WR Handshake         INFO                        |
| Step 4  SoftPLL Startup      PASS                        |
| Step 5  Closed-loop Lock     INFO                        |
| Step 6  Global Time          VALID                       |
+------------------------------------------------------------+
| Link health                  Link=1  TM=1  RX=1  TX=1 |
| Lock signals                 Helper=NA  MainFreq=NA  MainPhase=NA |
|                              MainLock=NA  PSTAT=NA             |
| Global-Time reason           PPS snapshot valid; Step6 gate passed |
| WR PTP servo state           NA                          |
| WR phase offset              NA ps                       |
| Global-Time validity         TIME_VALID=1 PPS_VALID=1     |
| Snapshot                     snapshot=1 stable=1 count=1429 |
| PPS registers                CR=20000006 EN=0 ESCR=1292  |
| PPS register validity        TM=1 PPS=1                  |
| Step5 result                 NOT_APPLICABLE_MASTER       |
+------------------------------------------------------------+
+------------------------------------------------------------+
| SLAVE    DE5_1-11.2                                      |
+------------------------------------------------------------+
| Step 1  PHY / Link           PASS                        |
| Step 2  Endpoint / PTP       PASS                        |
| Step 3  WR Handshake         PASS                        |
| Step 4  SoftPLL Startup      PASS                        |
| Step 5  Closed-loop Lock     INFO                        |
| Step 6  Global Time          WAITING                     |
+------------------------------------------------------------+
| Link health                  Link=1  TM=1  RX=1  TX=1 |
| Lock signals                 Helper=1  MainFreq=1  MainPhase=1 |
|                              MainLock=1  PSTAT=1             |
| Global-Time reason           PTP servo offset not yet <60 ps |
| WR PTP servo state           WAIT_OFFSET_STABLE          |
| WR phase offset              -689 ps (target |offset| <60 ps) |
| Global-Time validity         TIME_VALID=0 PPS_VALID=0     |
| Snapshot                     snapshot=0 stable=1 count=0 |
| PPS registers                CR=20000006 EN=0 ESCR=1280  |
| PPS register validity        TM=0 PPS=0                  |
| Step5 result                 LOCK_ACQUIRED_NOT_STABLE    |
+------------------------------------------------------------+

Global Time summary (125 MHz reference; 1 cycle = 8 ns)
------------------------------------------------------------
  MASTER  (DE5_1-11.1)
    TAI=1428         CYCLES=124999999    VALID
  SLAVE   (DE5_1-11.2)
    TAI=--           CYCLES=--           WAITING (TIME_VALID=0, PPS_VALID=0)
------------------------------------------------------------
Dashboard read complete.
White Rabbit Step 1-6 dashboard  2026-09-30T09:28:48+08:00  (read-only)
Sampling interval: 10s; per-board comparison window: 2000ms

+------------------------------------------------------------+
| MASTER   DE5_1-11.1                                      |
+------------------------------------------------------------+
| Step 1  PHY / Link           PASS                        |
| Step 2  Endpoint / PTP       PASS                        |
| Step 3  WR Handshake         INFO                        |
| Step 4  SoftPLL Startup      PASS                        |
| Step 5  Closed-loop Lock     INFO                        |
| Step 6  Global Time          VALID                       |
+------------------------------------------------------------+
| Link health                  Link=1  TM=1  RX=1  TX=1 |
| Lock signals                 Helper=NA  MainFreq=NA  MainPhase=NA |
|                              MainLock=NA  PSTAT=NA             |
| Global-Time reason           PPS snapshot valid; Step6 gate passed |
| WR PTP servo state           NA                          |
| WR phase offset              NA ps                       |
| Global-Time validity         TIME_VALID=1 PPS_VALID=1     |
| Snapshot                     snapshot=1 stable=1 count=1440 |
| PPS registers                CR=20000006 EN=0 ESCR=1420  |
| PPS register validity        TM=1 PPS=1                  |
| Step5 result                 NOT_APPLICABLE_MASTER       |
+------------------------------------------------------------+
+------------------------------------------------------------+
| SLAVE    DE5_1-11.2                                      |
+------------------------------------------------------------+
| Step 1  PHY / Link           PASS                        |
| Step 2  Endpoint / PTP       PASS                        |
| Step 3  WR Handshake         PASS                        |
| Step 4  SoftPLL Startup      PASS                        |
| Step 5  Closed-loop Lock     INFO                        |
| Step 6  Global Time          WAITING                     |
+------------------------------------------------------------+
| Link health                  Link=1  TM=1  RX=1  TX=1 |
| Lock signals                 Helper=1  MainFreq=1  MainPhase=1 |
|                              MainLock=1  PSTAT=1             |
| Global-Time reason           PTP servo offset not yet <60 ps |
| WR PTP servo state           WAIT_OFFSET_STABLE          |
| WR phase offset              3449 ps (target |offset| <60 ps) |
| Global-Time validity         TIME_VALID=0 PPS_VALID=0     |
| Snapshot                     snapshot=0 stable=1 count=0 |
| PPS registers                CR=20000006 EN=0 ESCR=1280  |
| PPS register validity        TM=0 PPS=0                  |
| Step5 result                 LOCK_ACQUIRED_NOT_STABLE    |
+------------------------------------------------------------+

Global Time summary (125 MHz reference; 1 cycle = 8 ns)
------------------------------------------------------------
  MASTER  (DE5_1-11.1)
    TAI=1439         CYCLES=124999999    VALID
  SLAVE   (DE5_1-11.2)
    TAI=--           CYCLES=--           WAITING (TIME_VALID=0, PPS_VALID=0)
------------------------------------------------------------
Dashboard read complete.
White Rabbit Step 1-6 dashboard  2026-09-30T09:28:58+08:00  (read-only)
Sampling interval: 10s; per-board comparison window: 2000ms

+------------------------------------------------------------+
| MASTER   DE5_1-11.1                                      |
+------------------------------------------------------------+
| Step 1  PHY / Link           PASS                        |
| Step 2  Endpoint / PTP       PASS                        |
| Step 3  WR Handshake         INFO                        |
| Step 4  SoftPLL Startup      PASS                        |
| Step 5  Closed-loop Lock     INFO                        |
| Step 6  Global Time          VALID                       |
+------------------------------------------------------------+
| Link health                  Link=1  TM=1  RX=1  TX=1 |
| Lock signals                 Helper=NA  MainFreq=NA  MainPhase=NA |
|                              MainLock=NA  PSTAT=NA             |
| Global-Time reason           PPS snapshot valid; Step6 gate passed |
| WR PTP servo state           NA                          |
| WR phase offset              NA ps                       |
| Global-Time validity         TIME_VALID=1 PPS_VALID=1     |
| Snapshot                     snapshot=1 stable=1 count=1450 |
| PPS registers                CR=20000006 EN=0 ESCR=1292  |
| PPS register validity        TM=1 PPS=1                  |
| Step5 result                 NOT_APPLICABLE_MASTER       |
+------------------------------------------------------------+
+------------------------------------------------------------+
| SLAVE    DE5_1-11.2                                      |
+------------------------------------------------------------+
| Step 1  PHY / Link           PASS                        |
| Step 2  Endpoint / PTP       PASS                        |
| Step 3  WR Handshake         PASS                        |
| Step 4  SoftPLL Startup      PASS                        |
| Step 5  Closed-loop Lock     INFO                        |
| Step 6  Global Time          WAITING                     |
+------------------------------------------------------------+
| Link health                  Link=1  TM=1  RX=1  TX=1 |
| Lock signals                 Helper=1  MainFreq=1  MainPhase=1 |
|                              MainLock=1  PSTAT=1             |
| Global-Time reason           PTP servo offset not yet <60 ps |
| WR PTP servo state           WAIT_OFFSET_STABLE          |
| WR phase offset              3451 ps (target |offset| <60 ps) |
| Global-Time validity         TIME_VALID=0 PPS_VALID=0     |
| Snapshot                     snapshot=0 stable=1 count=0 |
| PPS registers                CR=20000006 EN=0 ESCR=1280  |
| PPS register validity        TM=0 PPS=0                  |
| Step5 result                 LOCK_ACQUIRED_NOT_STABLE    |
+------------------------------------------------------------+

Global Time summary (125 MHz reference; 1 cycle = 8 ns)
------------------------------------------------------------
  MASTER  (DE5_1-11.1)
    TAI=1449         CYCLES=124999999    VALID
  SLAVE   (DE5_1-11.2)
    TAI=--           CYCLES=--           WAITING (TIME_VALID=0, PPS_VALID=0)
------------------------------------------------------------
Dashboard read complete.
White Rabbit Step 1-6 dashboard  2026-09-30T09:29:08+08:00  (read-only)
Sampling interval: 10s; per-board comparison window: 2000ms

+------------------------------------------------------------+
| MASTER   DE5_1-11.1                                      |
+------------------------------------------------------------+
| Step 1  PHY / Link           PASS                        |
| Step 2  Endpoint / PTP       PASS                        |
| Step 3  WR Handshake         INFO                        |
| Step 4  SoftPLL Startup      PASS                        |
| Step 5  Closed-loop Lock     INFO                        |
| Step 6  Global Time          VALID                       |
+------------------------------------------------------------+
| Link health                  Link=1  TM=1  RX=1  TX=1 |
| Lock signals                 Helper=NA  MainFreq=NA  MainPhase=NA |
|                              MainLock=NA  PSTAT=NA             |
| Global-Time reason           PPS snapshot valid; Step6 gate passed |
| WR PTP servo state           NA                          |
| WR phase offset              NA ps                       |
| Global-Time validity         TIME_VALID=1 PPS_VALID=1     |
| Snapshot                     snapshot=1 stable=1 count=1459 |
| PPS registers                CR=20000006 EN=0 ESCR=1292  |
| PPS register validity        TM=1 PPS=1                  |
| Step5 result                 NOT_APPLICABLE_MASTER       |
+------------------------------------------------------------+
+------------------------------------------------------------+
| SLAVE    DE5_1-11.2                                      |
+------------------------------------------------------------+
| Step 1  PHY / Link           PASS                        |
| Step 2  Endpoint / PTP       PASS                        |
| Step 3  WR Handshake         PASS                        |
| Step 4  SoftPLL Startup      PASS                        |
| Step 5  Closed-loop Lock     INFO                        |
| Step 6  Global Time          WAITING                     |
+------------------------------------------------------------+
| Link health                  Link=1  TM=1  RX=1  TX=1 |
| Lock signals                 Helper=1  MainFreq=1  MainPhase=1 |
|                              MainLock=1  PSTAT=1             |
| Global-Time reason           PTP servo offset not yet <60 ps |
| WR PTP servo state           WAIT_OFFSET_STABLE          |
| WR phase offset              3346 ps (target |offset| <60 ps) |
| Global-Time validity         TIME_VALID=0 PPS_VALID=0     |
| Snapshot                     snapshot=0 stable=1 count=0 |
| PPS registers                CR=20000006 EN=0 ESCR=1280  |
| PPS register validity        TM=0 PPS=0                  |
| Step5 result                 LOCK_ACQUIRED_NOT_STABLE    |
+------------------------------------------------------------+

Global Time summary (125 MHz reference; 1 cycle = 8 ns)
------------------------------------------------------------
  MASTER  (DE5_1-11.1)
    TAI=1458         CYCLES=124999999    VALID
  SLAVE   (DE5_1-11.2)
    TAI=--           CYCLES=--           WAITING (TIME_VALID=0, PPS_VALID=0)
------------------------------------------------------------
Dashboard read complete.
White Rabbit Step 1-6 dashboard  2026-09-30T09:29:18+08:00  (read-only)
Sampling interval: 10s; per-board comparison window: 2000ms

+------------------------------------------------------------+
| MASTER   DE5_1-11.1                                      |
+------------------------------------------------------------+
| Step 1  PHY / Link           PASS                        |
| Step 2  Endpoint / PTP       PASS                        |
| Step 3  WR Handshake         INFO                        |
| Step 4  SoftPLL Startup      PASS                        |
| Step 5  Closed-loop Lock     INFO                        |
| Step 6  Global Time          VALID                       |
+------------------------------------------------------------+
| Link health                  Link=1  TM=1  RX=1  TX=1 |
| Lock signals                 Helper=NA  MainFreq=NA  MainPhase=NA |
|                              MainLock=NA  PSTAT=NA             |
| Global-Time reason           PPS snapshot valid; Step6 gate passed |
| WR PTP servo state           NA                          |
| WR phase offset              NA ps                       |
| Global-Time validity         TIME_VALID=1 PPS_VALID=1     |
| Snapshot                     snapshot=1 stable=1 count=1469 |
| PPS registers                CR=20000006 EN=0 ESCR=1292  |
| PPS register validity        TM=1 PPS=1                  |
| Step5 result                 NOT_APPLICABLE_MASTER       |
+------------------------------------------------------------+
+------------------------------------------------------------+
| SLAVE    DE5_1-11.2                                      |
+------------------------------------------------------------+
| Step 1  PHY / Link           PASS                        |
| Step 2  Endpoint / PTP       PASS                        |
| Step 3  WR Handshake         PASS                        |
| Step 4  SoftPLL Startup      PASS                        |
| Step 5  Closed-loop Lock     INFO                        |
| Step 6  Global Time          WAITING                     |
+------------------------------------------------------------+
| Link health                  Link=1  TM=1  RX=1  TX=1 |
| Lock signals                 Helper=1  MainFreq=1  MainPhase=1 |
|                              MainLock=1  PSTAT=1             |
| Global-Time reason           PTP servo offset not yet <60 ps |
| WR PTP servo state           WAIT_OFFSET_STABLE          |
| WR phase offset              -1042 ps (target |offset| <60 ps) |
| Global-Time validity         TIME_VALID=0 PPS_VALID=0     |
| Snapshot                     snapshot=0 stable=1 count=0 |
| PPS registers                CR=20000006 EN=0 ESCR=1280  |
| PPS register validity        TM=0 PPS=0                  |
| Step5 result                 LOCK_ACQUIRED_NOT_STABLE    |
+------------------------------------------------------------+

Global Time summary (125 MHz reference; 1 cycle = 8 ns)
------------------------------------------------------------
  MASTER  (DE5_1-11.1)
    TAI=1468         CYCLES=124999999    VALID
  SLAVE   (DE5_1-11.2)
    TAI=--           CYCLES=--           WAITING (TIME_VALID=0, PPS_VALID=0)
------------------------------------------------------------
Dashboard read complete.
White Rabbit Step 1-6 dashboard  2026-09-30T09:29:28+08:00  (read-only)
Sampling interval: 10s; per-board comparison window: 2000ms

+------------------------------------------------------------+
| MASTER   DE5_1-11.1                                      |
+------------------------------------------------------------+
| Step 1  PHY / Link           PASS                        |
| Step 2  Endpoint / PTP       PASS                        |
| Step 3  WR Handshake         INFO                        |
| Step 4  SoftPLL Startup      PASS                        |
| Step 5  Closed-loop Lock     INFO                        |
| Step 6  Global Time          VALID                       |
+------------------------------------------------------------+
| Link health                  Link=1  TM=1  RX=1  TX=1 |
| Lock signals                 Helper=NA  MainFreq=NA  MainPhase=NA |
|                              MainLock=NA  PSTAT=NA             |
| Global-Time reason           PPS snapshot valid; Step6 gate passed |
| WR PTP servo state           NA                          |
| WR phase offset              NA ps                       |
| Global-Time validity         TIME_VALID=1 PPS_VALID=1     |
| Snapshot                     snapshot=1 stable=1 count=1480 |
| PPS registers                CR=20000006 EN=0 ESCR=1292  |
| PPS register validity        TM=1 PPS=1                  |
| Step5 result                 NOT_APPLICABLE_MASTER       |
+------------------------------------------------------------+
+------------------------------------------------------------+
| SLAVE    DE5_1-11.2                                      |
+------------------------------------------------------------+
| Step 1  PHY / Link           PASS                        |
| Step 2  Endpoint / PTP       PASS                        |
| Step 3  WR Handshake         PASS                        |
| Step 4  SoftPLL Startup      PASS                        |
| Step 5  Closed-loop Lock     INFO                        |
| Step 6  Global Time          WAITING                     |
+------------------------------------------------------------+
| Link health                  Link=1  TM=1  RX=1  TX=1 |
| Lock signals                 Helper=1  MainFreq=1  MainPhase=1 |
|                              MainLock=1  PSTAT=1             |
| Global-Time reason           PTP servo offset not yet <60 ps |
| WR PTP servo state           SYNC_PHASE                  |
| WR phase offset              -995 ps (target |offset| <60 ps) |
| Global-Time validity         TIME_VALID=0 PPS_VALID=0     |
| Snapshot                     snapshot=0 stable=1 count=0 |
| PPS registers                CR=20000006 EN=0 ESCR=1280  |
| PPS register validity        TM=0 PPS=0                  |
| Step5 result                 LOCK_ACQUIRED_NOT_STABLE    |
+------------------------------------------------------------+

Global Time summary (125 MHz reference; 1 cycle = 8 ns)
------------------------------------------------------------
  MASTER  (DE5_1-11.1)
    TAI=1479         CYCLES=124999999    VALID
  SLAVE   (DE5_1-11.2)
    TAI=--           CYCLES=--           WAITING (TIME_VALID=0, PPS_VALID=0)
------------------------------------------------------------
Dashboard read complete.
White Rabbit Step 1-6 dashboard  2026-09-30T09:29:38+08:00  (read-only)
Sampling interval: 10s; per-board comparison window: 2000ms

+------------------------------------------------------------+
| MASTER   DE5_1-11.1                                      |
+------------------------------------------------------------+
| Step 1  PHY / Link           PASS                        |
| Step 2  Endpoint / PTP       PASS                        |
| Step 3  WR Handshake         INFO                        |
| Step 4  SoftPLL Startup      PASS                        |
| Step 5  Closed-loop Lock     INFO                        |
| Step 6  Global Time          VALID                       |
+------------------------------------------------------------+
| Link health                  Link=1  TM=1  RX=1  TX=1 |
| Lock signals                 Helper=NA  MainFreq=NA  MainPhase=NA |
|                              MainLock=NA  PSTAT=NA             |
| Global-Time reason           PPS snapshot valid; Step6 gate passed |
| WR PTP servo state           NA                          |
| WR phase offset              NA ps                       |
| Global-Time validity         TIME_VALID=1 PPS_VALID=1     |
| Snapshot                     snapshot=1 stable=1 count=1490 |
| PPS registers                CR=20000006 EN=0 ESCR=1292  |
| PPS register validity        TM=1 PPS=1                  |
| Step5 result                 NOT_APPLICABLE_MASTER       |
+------------------------------------------------------------+
+------------------------------------------------------------+
| SLAVE    DE5_1-11.2                                      |
+------------------------------------------------------------+
| Step 1  PHY / Link           PASS                        |
| Step 2  Endpoint / PTP       PASS                        |
| Step 3  WR Handshake         PASS                        |
| Step 4  SoftPLL Startup      PASS                        |
| Step 5  Closed-loop Lock     INFO                        |
| Step 6  Global Time          WAITING                     |
+------------------------------------------------------------+
| Link health                  Link=1  TM=1  RX=1  TX=1 |
| Lock signals                 Helper=1  MainFreq=1  MainPhase=1 |
|                              MainLock=1  PSTAT=1             |
| Global-Time reason           PTP servo offset not yet <60 ps |
| WR PTP servo state           WAIT_OFFSET_STABLE          |
| WR phase offset              -824 ps (target |offset| <60 ps) |
| Global-Time validity         TIME_VALID=0 PPS_VALID=0     |
| Snapshot                     snapshot=0 stable=1 count=0 |
| PPS registers                CR=20000006 EN=0 ESCR=1280  |
| PPS register validity        TM=0 PPS=0                  |
| Step5 result                 LOCK_ACQUIRED_NOT_STABLE    |
+------------------------------------------------------------+

Global Time summary (125 MHz reference; 1 cycle = 8 ns)
------------------------------------------------------------
  MASTER  (DE5_1-11.1)
    TAI=1489         CYCLES=124999999    VALID
  SLAVE   (DE5_1-11.2)
    TAI=--           CYCLES=--           WAITING (TIME_VALID=0, PPS_VALID=0)
------------------------------------------------------------
Dashboard read complete.
White Rabbit Step 1-6 dashboard  2026-09-30T09:29:48+08:00  (read-only)
Sampling interval: 10s; per-board comparison window: 2000ms

+------------------------------------------------------------+
| MASTER   DE5_1-11.1                                      |
+------------------------------------------------------------+
| Step 1  PHY / Link           PASS                        |
| Step 2  Endpoint / PTP       PASS                        |
| Step 3  WR Handshake         INFO                        |
| Step 4  SoftPLL Startup      PASS                        |
| Step 5  Closed-loop Lock     INFO                        |
| Step 6  Global Time          VALID                       |
+------------------------------------------------------------+
| Link health                  Link=1  TM=1  RX=1  TX=1 |
| Lock signals                 Helper=NA  MainFreq=NA  MainPhase=NA |
|                              MainLock=NA  PSTAT=NA             |
| Global-Time reason           PPS snapshot valid; Step6 gate passed |
| WR PTP servo state           NA                          |
| WR phase offset              NA ps                       |
| Global-Time validity         TIME_VALID=1 PPS_VALID=1     |
| Snapshot                     snapshot=1 stable=1 count=1500 |
| PPS registers                CR=20000006 EN=0 ESCR=1292  |
| PPS register validity        TM=1 PPS=1                  |
| Step5 result                 NOT_APPLICABLE_MASTER       |
+------------------------------------------------------------+
+------------------------------------------------------------+
| SLAVE    DE5_1-11.2                                      |
+------------------------------------------------------------+
| Step 1  PHY / Link           PASS                        |
| Step 2  Endpoint / PTP       PASS                        |
| Step 3  WR Handshake         PASS                        |
| Step 4  SoftPLL Startup      PASS                        |
| Step 5  Closed-loop Lock     INFO                        |
| Step 6  Global Time          WAITING                     |
+------------------------------------------------------------+
| Link health                  Link=1  TM=1  RX=1  TX=1 |
| Lock signals                 Helper=1  MainFreq=1  MainPhase=1 |
|                              MainLock=1  PSTAT=1             |
| Global-Time reason           PTP servo offset not yet <60 ps |
| WR PTP servo state           WAIT_OFFSET_STABLE          |
| WR phase offset              -503 ps (target |offset| <60 ps) |
| Global-Time validity         TIME_VALID=0 PPS_VALID=0     |
| Snapshot                     snapshot=0 stable=1 count=0 |
| PPS registers                CR=20000006 EN=0 ESCR=1280  |
| PPS register validity        TM=0 PPS=0                  |
| Step5 result                 LOCK_ACQUIRED_NOT_STABLE    |
+------------------------------------------------------------+

Global Time summary (125 MHz reference; 1 cycle = 8 ns)
------------------------------------------------------------
  MASTER  (DE5_1-11.1)
    TAI=1499         CYCLES=124999999    VALID
  SLAVE   (DE5_1-11.2)
    TAI=--           CYCLES=--           WAITING (TIME_VALID=0, PPS_VALID=0)
------------------------------------------------------------
Dashboard read complete.
White Rabbit Step 1-6 dashboard  2026-09-30T09:29:58+08:00  (read-only)
Sampling interval: 10s; per-board comparison window: 2000ms

+------------------------------------------------------------+
| MASTER   DE5_1-11.1                                      |
+------------------------------------------------------------+
| Step 1  PHY / Link           PASS                        |
| Step 2  Endpoint / PTP       PASS                        |
| Step 3  WR Handshake         INFO                        |
| Step 4  SoftPLL Startup      PASS                        |
| Step 5  Closed-loop Lock     INFO                        |
| Step 6  Global Time          VALID                       |
+------------------------------------------------------------+
| Link health                  Link=1  TM=1  RX=1  TX=1 |
| Lock signals                 Helper=NA  MainFreq=NA  MainPhase=NA |
|                              MainLock=NA  PSTAT=NA             |
| Global-Time reason           PPS snapshot valid; Step6 gate passed |
| WR PTP servo state           NA                          |
| WR phase offset              NA ps                       |
| Global-Time validity         TIME_VALID=1 PPS_VALID=1     |
| Snapshot                     snapshot=1 stable=1 count=1510 |
| PPS registers                CR=20000006 EN=0 ESCR=1292  |
| PPS register validity        TM=1 PPS=1                  |
| Step5 result                 NOT_APPLICABLE_MASTER       |
+------------------------------------------------------------+
+------------------------------------------------------------+
| SLAVE    DE5_1-11.2                                      |
+------------------------------------------------------------+
| Step 1  PHY / Link           PASS                        |
| Step 2  Endpoint / PTP       PASS                        |
| Step 3  WR Handshake         PASS                        |
| Step 4  SoftPLL Startup      PASS                        |
| Step 5  Closed-loop Lock     INFO                        |
| Step 6  Global Time          WAITING                     |
+------------------------------------------------------------+
| Link health                  Link=1  TM=1  RX=1  TX=1 |
| Lock signals                 Helper=1  MainFreq=1  MainPhase=1 |
|                              MainLock=1  PSTAT=1             |
| Global-Time reason           PTP servo offset not yet <60 ps |
| WR PTP servo state           WAIT_OFFSET_STABLE          |
| WR phase offset              -440 ps (target |offset| <60 ps) |
| Global-Time validity         TIME_VALID=0 PPS_VALID=0     |
| Snapshot                     snapshot=0 stable=1 count=0 |
| PPS registers                CR=20000006 EN=0 ESCR=1280  |
| PPS register validity        TM=0 PPS=0                  |
| Step5 result                 LOCK_ACQUIRED_NOT_STABLE    |
+------------------------------------------------------------+

Global Time summary (125 MHz reference; 1 cycle = 8 ns)
------------------------------------------------------------
  MASTER  (DE5_1-11.1)
    TAI=1509         CYCLES=124999999    VALID
  SLAVE   (DE5_1-11.2)
    TAI=--           CYCLES=--           WAITING (TIME_VALID=0, PPS_VALID=0)
------------------------------------------------------------
Dashboard read complete.
White Rabbit Step 1-6 dashboard  2026-09-30T09:30:08+08:00  (read-only)
Sampling interval: 10s; per-board comparison window: 2000ms

+------------------------------------------------------------+
| MASTER   DE5_1-11.1                                      |
+------------------------------------------------------------+
| Step 1  PHY / Link           PASS                        |
| Step 2  Endpoint / PTP       PASS                        |
| Step 3  WR Handshake         INFO                        |
| Step 4  SoftPLL Startup      PASS                        |
| Step 5  Closed-loop Lock     INFO                        |
| Step 6  Global Time          VALID                       |
+------------------------------------------------------------+
| Link health                  Link=1  TM=1  RX=1  TX=1 |
| Lock signals                 Helper=NA  MainFreq=NA  MainPhase=NA |
|                              MainLock=NA  PSTAT=NA             |
| Global-Time reason           PPS snapshot valid; Step6 gate passed |
| WR PTP servo state           NA                          |
| WR phase offset              NA ps                       |
| Global-Time validity         TIME_VALID=1 PPS_VALID=1     |
| Snapshot                     snapshot=1 stable=1 count=1520 |
| PPS registers                CR=20000006 EN=0 ESCR=1292  |
| PPS register validity        TM=1 PPS=1                  |
| Step5 result                 NOT_APPLICABLE_MASTER       |
+------------------------------------------------------------+
+------------------------------------------------------------+
| SLAVE    DE5_1-11.2                                      |
+------------------------------------------------------------+
| Step 1  PHY / Link           PASS                        |
| Step 2  Endpoint / PTP       PASS                        |
| Step 3  WR Handshake         PASS                        |
| Step 4  SoftPLL Startup      PASS                        |
| Step 5  Closed-loop Lock     INFO                        |
| Step 6  Global Time          WAITING                     |
+------------------------------------------------------------+
| Link health                  Link=1  TM=1  RX=1  TX=1 |
| Lock signals                 Helper=1  MainFreq=1  MainPhase=1 |
|                              MainLock=1  PSTAT=1             |
| Global-Time reason           PTP servo offset not yet <60 ps |
| WR PTP servo state           WAIT_OFFSET_STABLE          |
| WR phase offset              -1044 ps (target |offset| <60 ps) |
| Global-Time validity         TIME_VALID=0 PPS_VALID=0     |
| Snapshot                     snapshot=0 stable=1 count=0 |
| PPS registers                CR=20000006 EN=0 ESCR=1280  |
| PPS register validity        TM=0 PPS=0                  |
| Step5 result                 LOCK_ACQUIRED_NOT_STABLE    |
+------------------------------------------------------------+

Global Time summary (125 MHz reference; 1 cycle = 8 ns)
------------------------------------------------------------
  MASTER  (DE5_1-11.1)
    TAI=1519         CYCLES=124999999    VALID
  SLAVE   (DE5_1-11.2)
    TAI=--           CYCLES=--           WAITING (TIME_VALID=0, PPS_VALID=0)
------------------------------------------------------------
Dashboard read complete.
White Rabbit Step 1-6 dashboard  2026-09-30T09:30:18+08:00  (read-only)
Sampling interval: 10s; per-board comparison window: 2000ms

+------------------------------------------------------------+
| MASTER   DE5_1-11.1                                      |
+------------------------------------------------------------+
| Step 1  PHY / Link           PASS                        |
| Step 2  Endpoint / PTP       PASS                        |
| Step 3  WR Handshake         INFO                        |
| Step 4  SoftPLL Startup      PASS                        |
| Step 5  Closed-loop Lock     INFO                        |
| Step 6  Global Time          VALID                       |
+------------------------------------------------------------+
| Link health                  Link=1  TM=1  RX=1  TX=1 |
| Lock signals                 Helper=NA  MainFreq=NA  MainPhase=NA |
|                              MainLock=NA  PSTAT=NA             |
| Global-Time reason           PPS snapshot valid; Step6 gate passed |
| WR PTP servo state           NA                          |
| WR phase offset              NA ps                       |
| Global-Time validity         TIME_VALID=1 PPS_VALID=1     |
| Snapshot                     snapshot=1 stable=1 count=1529 |
| PPS registers                CR=20000006 EN=0 ESCR=1292  |
| PPS register validity        TM=1 PPS=1                  |
| Step5 result                 NOT_APPLICABLE_MASTER       |
+------------------------------------------------------------+
+------------------------------------------------------------+
| SLAVE    DE5_1-11.2                                      |
+------------------------------------------------------------+
| Step 1  PHY / Link           PASS                        |
| Step 2  Endpoint / PTP       PASS                        |
| Step 3  WR Handshake         PASS                        |
| Step 4  SoftPLL Startup      PASS                        |
| Step 5  Closed-loop Lock     INFO                        |
| Step 6  Global Time          WAITING                     |
+------------------------------------------------------------+
| Link health                  Link=1  TM=1  RX=1  TX=1 |
| Lock signals                 Helper=1  MainFreq=1  MainPhase=1 |
|                              MainLock=1  PSTAT=1             |
| Global-Time reason           PTP servo offset not yet <60 ps |
| WR PTP servo state           WAIT_OFFSET_STABLE          |
| WR phase offset              -747 ps (target |offset| <60 ps) |
| Global-Time validity         TIME_VALID=0 PPS_VALID=0     |
| Snapshot                     snapshot=0 stable=1 count=0 |
| PPS registers                CR=20000006 EN=0 ESCR=1280  |
| PPS register validity        TM=0 PPS=0                  |
| Step5 result                 LOCK_ACQUIRED_NOT_STABLE    |
+------------------------------------------------------------+

Global Time summary (125 MHz reference; 1 cycle = 8 ns)
------------------------------------------------------------
  MASTER  (DE5_1-11.1)
    TAI=1528         CYCLES=124999999    VALID
  SLAVE   (DE5_1-11.2)
    TAI=--           CYCLES=--           WAITING (TIME_VALID=0, PPS_VALID=0)
------------------------------------------------------------
Dashboard read complete.
White Rabbit Step 1-6 dashboard  2026-09-30T09:30:28+08:00  (read-only)
Sampling interval: 10s; per-board comparison window: 2000ms

+------------------------------------------------------------+
| MASTER   DE5_1-11.1                                      |
+------------------------------------------------------------+
| Step 1  PHY / Link           PASS                        |
| Step 2  Endpoint / PTP       PASS                        |
| Step 3  WR Handshake         INFO                        |
| Step 4  SoftPLL Startup      PASS                        |
| Step 5  Closed-loop Lock     INFO                        |
| Step 6  Global Time          VALID                       |
+------------------------------------------------------------+
| Link health                  Link=1  TM=1  RX=1  TX=1 |
| Lock signals                 Helper=NA  MainFreq=NA  MainPhase=NA |
|                              MainLock=NA  PSTAT=NA             |
| Global-Time reason           PPS snapshot valid; Step6 gate passed |
| WR PTP servo state           NA                          |
| WR phase offset              NA ps                       |
| Global-Time validity         TIME_VALID=1 PPS_VALID=1     |
| Snapshot                     snapshot=1 stable=1 count=1539 |
| PPS registers                CR=20000006 EN=0 ESCR=1548  |
| PPS register validity        TM=1 PPS=1                  |
| Step5 result                 NOT_APPLICABLE_MASTER       |
+------------------------------------------------------------+
+------------------------------------------------------------+
| SLAVE    DE5_1-11.2                                      |
+------------------------------------------------------------+
| Step 1  PHY / Link           PASS                        |
| Step 2  Endpoint / PTP       PASS                        |
| Step 3  WR Handshake         PASS                        |
| Step 4  SoftPLL Startup      PASS                        |
| Step 5  Closed-loop Lock     INFO                        |
| Step 6  Global Time          WAITING                     |
+------------------------------------------------------------+
| Link health                  Link=1  TM=1  RX=1  TX=1 |
| Lock signals                 Helper=1  MainFreq=1  MainPhase=1 |
|                              MainLock=1  PSTAT=1             |
| Global-Time reason           PTP servo offset not yet <60 ps |
| WR PTP servo state           WAIT_OFFSET_STABLE          |
| WR phase offset              -611 ps (target |offset| <60 ps) |
| Global-Time validity         TIME_VALID=0 PPS_VALID=0     |
| Snapshot                     snapshot=0 stable=1 count=0 |
| PPS registers                CR=20000006 EN=0 ESCR=1536  |
| PPS register validity        TM=0 PPS=0                  |
| Step5 result                 LOCK_ACQUIRED_NOT_STABLE    |
+------------------------------------------------------------+

Global Time summary (125 MHz reference; 1 cycle = 8 ns)
------------------------------------------------------------
  MASTER  (DE5_1-11.1)
    TAI=1538         CYCLES=124999999    VALID
  SLAVE   (DE5_1-11.2)
    TAI=--           CYCLES=--           WAITING (TIME_VALID=0, PPS_VALID=0)
------------------------------------------------------------
Dashboard read complete.
White Rabbit Step 1-6 dashboard  2026-09-30T09:30:38+08:00  (read-only)
Sampling interval: 10s; per-board comparison window: 2000ms

+------------------------------------------------------------+
| MASTER   DE5_1-11.1                                      |
+------------------------------------------------------------+
| Step 1  PHY / Link           PASS                        |
| Step 2  Endpoint / PTP       PASS                        |
| Step 3  WR Handshake         INFO                        |
| Step 4  SoftPLL Startup      PASS                        |
| Step 5  Closed-loop Lock     INFO                        |
| Step 6  Global Time          VALID                       |
+------------------------------------------------------------+
| Link health                  Link=1  TM=1  RX=1  TX=1 |
| Lock signals                 Helper=NA  MainFreq=NA  MainPhase=NA |
|                              MainLock=NA  PSTAT=NA             |
| Global-Time reason           PPS snapshot valid; Step6 gate passed |
| WR PTP servo state           NA                          |
| WR phase offset              NA ps                       |
| Global-Time validity         TIME_VALID=1 PPS_VALID=1     |
| Snapshot                     snapshot=1 stable=1 count=1549 |
| PPS registers                CR=20000006 EN=0 ESCR=1548  |
| PPS register validity        TM=1 PPS=1                  |
| Step5 result                 NOT_APPLICABLE_MASTER       |
+------------------------------------------------------------+
+------------------------------------------------------------+
| SLAVE    DE5_1-11.2                                      |
+------------------------------------------------------------+
| Step 1  PHY / Link           PASS                        |
| Step 2  Endpoint / PTP       PASS                        |
| Step 3  WR Handshake         PASS                        |
| Step 4  SoftPLL Startup      PASS                        |
| Step 5  Closed-loop Lock     INFO                        |
| Step 6  Global Time          WAITING                     |
+------------------------------------------------------------+
| Link health                  Link=1  TM=1  RX=1  TX=1 |
| Lock signals                 Helper=1  MainFreq=1  MainPhase=1 |
|                              MainLock=1  PSTAT=1             |
| Global-Time reason           PTP servo offset not yet <60 ps |
| WR PTP servo state           WAIT_OFFSET_STABLE          |
| WR phase offset              -837 ps (target |offset| <60 ps) |
| Global-Time validity         TIME_VALID=0 PPS_VALID=0     |
| Snapshot                     snapshot=0 stable=1 count=0 |
| PPS registers                CR=20000006 EN=0 ESCR=1536  |
| PPS register validity        TM=0 PPS=0                  |
| Step5 result                 LOCK_ACQUIRED_NOT_STABLE    |
+------------------------------------------------------------+

Global Time summary (125 MHz reference; 1 cycle = 8 ns)
------------------------------------------------------------
  MASTER  (DE5_1-11.1)
    TAI=1548         CYCLES=124999999    VALID
  SLAVE   (DE5_1-11.2)
    TAI=--           CYCLES=--           WAITING (TIME_VALID=0, PPS_VALID=0)
------------------------------------------------------------
Dashboard read complete.
White Rabbit Step 1-6 dashboard  2026-09-30T09:30:48+08:00  (read-only)
Sampling interval: 10s; per-board comparison window: 2000ms

+------------------------------------------------------------+
| MASTER   DE5_1-11.1                                      |
+------------------------------------------------------------+
| Step 1  PHY / Link           PASS                        |
| Step 2  Endpoint / PTP       PASS                        |
| Step 3  WR Handshake         INFO                        |
| Step 4  SoftPLL Startup      PASS                        |
| Step 5  Closed-loop Lock     INFO                        |
| Step 6  Global Time          VALID                       |
+------------------------------------------------------------+
| Link health                  Link=1  TM=1  RX=1  TX=1 |
| Lock signals                 Helper=NA  MainFreq=NA  MainPhase=NA |
|                              MainLock=NA  PSTAT=NA             |
| Global-Time reason           PPS snapshot valid; Step6 gate passed |
| WR PTP servo state           NA                          |
| WR phase offset              NA ps                       |
| Global-Time validity         TIME_VALID=1 PPS_VALID=1     |
| Snapshot                     snapshot=1 stable=1 count=1559 |
| PPS registers                CR=20000006 EN=0 ESCR=1548  |
| PPS register validity        TM=1 PPS=1                  |
| Step5 result                 NOT_APPLICABLE_MASTER       |
+------------------------------------------------------------+
+------------------------------------------------------------+
| SLAVE    DE5_1-11.2                                      |
+------------------------------------------------------------+
| Step 1  PHY / Link           PASS                        |
| Step 2  Endpoint / PTP       PASS                        |
| Step 3  WR Handshake         PASS                        |
| Step 4  SoftPLL Startup      PASS                        |
| Step 5  Closed-loop Lock     INFO                        |
| Step 6  Global Time          WAITING                     |
+------------------------------------------------------------+
| Link health                  Link=1  TM=1  RX=1  TX=1 |
| Lock signals                 Helper=1  MainFreq=1  MainPhase=1 |
|                              MainLock=1  PSTAT=1             |
| Global-Time reason           PTP servo offset not yet <60 ps |
| WR PTP servo state           SYNC_PHASE                  |
| WR phase offset              3350 ps (target |offset| <60 ps) |
| Global-Time validity         TIME_VALID=0 PPS_VALID=0     |
| Snapshot                     snapshot=0 stable=1 count=0 |
| PPS registers                CR=20000006 EN=0 ESCR=1536  |
| PPS register validity        TM=0 PPS=0                  |
| Step5 result                 LOCK_ACQUIRED_NOT_STABLE    |
+------------------------------------------------------------+

Global Time summary (125 MHz reference; 1 cycle = 8 ns)
------------------------------------------------------------
  MASTER  (DE5_1-11.1)
    TAI=1558         CYCLES=124999999    VALID
  SLAVE   (DE5_1-11.2)
    TAI=--           CYCLES=--           WAITING (TIME_VALID=0, PPS_VALID=0)
------------------------------------------------------------
Dashboard read complete.
White Rabbit Step 1-6 dashboard  2026-09-30T09:30:58+08:00  (read-only)
Sampling interval: 10s; per-board comparison window: 2000ms

+------------------------------------------------------------+
| MASTER   DE5_1-11.1                                      |
+------------------------------------------------------------+
| Step 1  PHY / Link           PASS                        |
| Step 2  Endpoint / PTP       PASS                        |
| Step 3  WR Handshake         INFO                        |
| Step 4  SoftPLL Startup      PASS                        |
| Step 5  Closed-loop Lock     INFO                        |
| Step 6  Global Time          VALID                       |
+------------------------------------------------------------+
| Link health                  Link=1  TM=1  RX=1  TX=1 |
| Lock signals                 Helper=NA  MainFreq=NA  MainPhase=NA |
|                              MainLock=NA  PSTAT=NA             |
| Global-Time reason           PPS snapshot valid; Step6 gate passed |
| WR PTP servo state           NA                          |
| WR phase offset              NA ps                       |
| Global-Time validity         TIME_VALID=1 PPS_VALID=1     |
| Snapshot                     snapshot=1 stable=1 count=1569 |
| PPS registers                CR=20000006 EN=0 ESCR=1548  |
| PPS register validity        TM=1 PPS=1                  |
| Step5 result                 NOT_APPLICABLE_MASTER       |
+------------------------------------------------------------+
+------------------------------------------------------------+
| SLAVE    DE5_1-11.2                                      |
+------------------------------------------------------------+
| Step 1  PHY / Link           PASS                        |
| Step 2  Endpoint / PTP       PASS                        |
| Step 3  WR Handshake         PASS                        |
| Step 4  SoftPLL Startup      PASS                        |
| Step 5  Closed-loop Lock     INFO                        |
| Step 6  Global Time          WAITING                     |
+------------------------------------------------------------+
| Link health                  Link=1  TM=1  RX=1  TX=1 |
| Lock signals                 Helper=1  MainFreq=1  MainPhase=1 |
|                              MainLock=1  PSTAT=1             |
| Global-Time reason           PTP servo offset not yet <60 ps |
| WR PTP servo state           WAIT_OFFSET_STABLE          |
| WR phase offset              3555 ps (target |offset| <60 ps) |
| Global-Time validity         TIME_VALID=0 PPS_VALID=0     |
| Snapshot                     snapshot=0 stable=1 count=0 |
| PPS registers                CR=20000006 EN=0 ESCR=1536  |
| PPS register validity        TM=0 PPS=0                  |
| Step5 result                 LOCK_ACQUIRED_NOT_STABLE    |
+------------------------------------------------------------+

Global Time summary (125 MHz reference; 1 cycle = 8 ns)
------------------------------------------------------------
  MASTER  (DE5_1-11.1)
    TAI=1568         CYCLES=124999999    VALID
  SLAVE   (DE5_1-11.2)
    TAI=--           CYCLES=--           WAITING (TIME_VALID=0, PPS_VALID=0)
------------------------------------------------------------
Dashboard read complete.
White Rabbit Step 1-6 dashboard  2026-09-30T09:31:08+08:00  (read-only)
Sampling interval: 10s; per-board comparison window: 2000ms

+------------------------------------------------------------+
| MASTER   DE5_1-11.1                                      |
+------------------------------------------------------------+
| Step 1  PHY / Link           PASS                        |
| Step 2  Endpoint / PTP       PASS                        |
| Step 3  WR Handshake         INFO                        |
| Step 4  SoftPLL Startup      PASS                        |
| Step 5  Closed-loop Lock     INFO                        |
| Step 6  Global Time          VALID                       |
+------------------------------------------------------------+
| Link health                  Link=1  TM=1  RX=1  TX=1 |
| Lock signals                 Helper=NA  MainFreq=NA  MainPhase=NA |
|                              MainLock=NA  PSTAT=NA             |
| Global-Time reason           PPS snapshot valid; Step6 gate passed |
| WR PTP servo state           NA                          |
| WR phase offset              NA ps                       |
| Global-Time validity         TIME_VALID=1 PPS_VALID=1     |
| Snapshot                     snapshot=1 stable=1 count=1579 |
| PPS registers                CR=20000006 EN=0 ESCR=1548  |
| PPS register validity        TM=1 PPS=1                  |
| Step5 result                 NOT_APPLICABLE_MASTER       |
+------------------------------------------------------------+
+------------------------------------------------------------+
| SLAVE    DE5_1-11.2                                      |
+------------------------------------------------------------+
| Step 1  PHY / Link           PASS                        |
| Step 2  Endpoint / PTP       PASS                        |
| Step 3  WR Handshake         PASS                        |
| Step 4  SoftPLL Startup      PASS                        |
| Step 5  Closed-loop Lock     INFO                        |
| Step 6  Global Time          WAITING                     |
+------------------------------------------------------------+
| Link health                  Link=1  TM=1  RX=1  TX=1 |
| Lock signals                 Helper=1  MainFreq=1  MainPhase=1 |
|                              MainLock=1  PSTAT=1             |
| Global-Time reason           PTP servo offset not yet <60 ps |
| WR PTP servo state           WAIT_OFFSET_STABLE          |
| WR phase offset              3443 ps (target |offset| <60 ps) |
| Global-Time validity         TIME_VALID=0 PPS_VALID=0     |
| Snapshot                     snapshot=0 stable=1 count=0 |
| PPS registers                CR=20000006 EN=0 ESCR=1536  |
| PPS register validity        TM=0 PPS=0                  |
| Step5 result                 LOCK_ACQUIRED_NOT_STABLE    |
+------------------------------------------------------------+

Global Time summary (125 MHz reference; 1 cycle = 8 ns)
------------------------------------------------------------
  MASTER  (DE5_1-11.1)
    TAI=1578         CYCLES=124999999    VALID
  SLAVE   (DE5_1-11.2)
    TAI=--           CYCLES=--           WAITING (TIME_VALID=0, PPS_VALID=0)
------------------------------------------------------------
Dashboard read complete.
White Rabbit Step 1-6 dashboard  2026-09-30T09:31:18+08:00  (read-only)
Sampling interval: 10s; per-board comparison window: 2000ms

+------------------------------------------------------------+
| MASTER   DE5_1-11.1                                      |
+------------------------------------------------------------+
| Step 1  PHY / Link           PASS                        |
| Step 2  Endpoint / PTP       PASS                        |
| Step 3  WR Handshake         INFO                        |
| Step 4  SoftPLL Startup      PASS                        |
| Step 5  Closed-loop Lock     INFO                        |
| Step 6  Global Time          VALID                       |
+------------------------------------------------------------+
| Link health                  Link=1  TM=1  RX=1  TX=1 |
| Lock signals                 Helper=NA  MainFreq=NA  MainPhase=NA |
|                              MainLock=NA  PSTAT=NA             |
| Global-Time reason           PPS snapshot valid; Step6 gate passed |
| WR PTP servo state           NA                          |
| WR phase offset              NA ps                       |
| Global-Time validity         TIME_VALID=1 PPS_VALID=1     |
| Snapshot                     snapshot=1 stable=1 count=1589 |
| PPS registers                CR=20000006 EN=0 ESCR=1548  |
| PPS register validity        TM=1 PPS=1                  |
| Step5 result                 NOT_APPLICABLE_MASTER       |
+------------------------------------------------------------+
+------------------------------------------------------------+
| SLAVE    DE5_1-11.2                                      |
+------------------------------------------------------------+
| Step 1  PHY / Link           PASS                        |
| Step 2  Endpoint / PTP       PASS                        |
| Step 3  WR Handshake         PASS                        |
| Step 4  SoftPLL Startup      PASS                        |
| Step 5  Closed-loop Lock     INFO                        |
| Step 6  Global Time          WAITING                     |
+------------------------------------------------------------+
| Link health                  Link=1  TM=1  RX=1  TX=1 |
| Lock signals                 Helper=1  MainFreq=1  MainPhase=1 |
|                              MainLock=1  PSTAT=1             |
| Global-Time reason           PTP servo offset not yet <60 ps |
| WR PTP servo state           WAIT_OFFSET_STABLE          |
| WR phase offset              3633 ps (target |offset| <60 ps) |
| Global-Time validity         TIME_VALID=0 PPS_VALID=0     |
| Snapshot                     snapshot=0 stable=1 count=0 |
| PPS registers                CR=20000006 EN=0 ESCR=1536  |
| PPS register validity        TM=0 PPS=0                  |
| Step5 result                 LOCK_ACQUIRED_NOT_STABLE    |
+------------------------------------------------------------+

Global Time summary (125 MHz reference; 1 cycle = 8 ns)
------------------------------------------------------------
  MASTER  (DE5_1-11.1)
    TAI=1588         CYCLES=124999999    VALID
  SLAVE   (DE5_1-11.2)
    TAI=--           CYCLES=--           WAITING (TIME_VALID=0, PPS_VALID=0)
------------------------------------------------------------
Dashboard read complete.
White Rabbit Step 1-6 dashboard  2026-09-30T09:31:28+08:00  (read-only)
Sampling interval: 10s; per-board comparison window: 2000ms

+------------------------------------------------------------+
| MASTER   DE5_1-11.1                                      |
+------------------------------------------------------------+
| Step 1  PHY / Link           PASS                        |
| Step 2  Endpoint / PTP       PASS                        |
| Step 3  WR Handshake         INFO                        |
| Step 4  SoftPLL Startup      PASS                        |
| Step 5  Closed-loop Lock     INFO                        |
| Step 6  Global Time          VALID                       |
+------------------------------------------------------------+
| Link health                  Link=1  TM=1  RX=1  TX=1 |
| Lock signals                 Helper=NA  MainFreq=NA  MainPhase=NA |
|                              MainLock=NA  PSTAT=NA             |
| Global-Time reason           PPS snapshot valid; Step6 gate passed |
| WR PTP servo state           NA                          |
| WR phase offset              NA ps                       |
| Global-Time validity         TIME_VALID=1 PPS_VALID=1     |
| Snapshot                     snapshot=1 stable=1 count=1599 |
| PPS registers                CR=20000006 EN=0 ESCR=1548  |
| PPS register validity        TM=1 PPS=1                  |
| Step5 result                 NOT_APPLICABLE_MASTER       |
+------------------------------------------------------------+
+------------------------------------------------------------+
| SLAVE    DE5_1-11.2                                      |
+------------------------------------------------------------+
| Step 1  PHY / Link           PASS                        |
| Step 2  Endpoint / PTP       PASS                        |
| Step 3  WR Handshake         PASS                        |
| Step 4  SoftPLL Startup      PASS                        |
| Step 5  Closed-loop Lock     INFO                        |
| Step 6  Global Time          WAITING                     |
+------------------------------------------------------------+
| Link health                  Link=1  TM=1  RX=1  TX=1 |
| Lock signals                 Helper=1  MainFreq=1  MainPhase=1 |
|                              MainLock=1  PSTAT=1             |
| Global-Time reason           PTP servo offset not yet <60 ps |
| WR PTP servo state           WAIT_OFFSET_STABLE          |
| WR phase offset              -810 ps (target |offset| <60 ps) |
| Global-Time validity         TIME_VALID=0 PPS_VALID=0     |
| Snapshot                     snapshot=0 stable=1 count=0 |
| PPS registers                CR=20000006 EN=0 ESCR=1536  |
| PPS register validity        TM=0 PPS=0                  |
| Step5 result                 LOCK_ACQUIRED_NOT_STABLE    |
+------------------------------------------------------------+

Global Time summary (125 MHz reference; 1 cycle = 8 ns)
------------------------------------------------------------
  MASTER  (DE5_1-11.1)
    TAI=1598         CYCLES=124999999    VALID
  SLAVE   (DE5_1-11.2)
    TAI=--           CYCLES=--           WAITING (TIME_VALID=0, PPS_VALID=0)
------------------------------------------------------------
Dashboard read complete.
White Rabbit Step 1-6 dashboard  2026-09-30T09:31:38+08:00  (read-only)
Sampling interval: 10s; per-board comparison window: 2000ms

+------------------------------------------------------------+
| MASTER   DE5_1-11.1                                      |
+------------------------------------------------------------+
| Step 1  PHY / Link           PASS                        |
| Step 2  Endpoint / PTP       PASS                        |
| Step 3  WR Handshake         INFO                        |
| Step 4  SoftPLL Startup      PASS                        |
| Step 5  Closed-loop Lock     INFO                        |
| Step 6  Global Time          VALID                       |
+------------------------------------------------------------+
| Link health                  Link=1  TM=1  RX=1  TX=1 |
| Lock signals                 Helper=NA  MainFreq=NA  MainPhase=NA |
|                              MainLock=NA  PSTAT=NA             |
| Global-Time reason           PPS snapshot valid; Step6 gate passed |
| WR PTP servo state           NA                          |
| WR phase offset              NA ps                       |
| Global-Time validity         TIME_VALID=1 PPS_VALID=1     |
| Snapshot                     snapshot=1 stable=1 count=1609 |
| PPS registers                CR=20000006 EN=0 ESCR=1548  |
| PPS register validity        TM=1 PPS=1                  |
| Step5 result                 NOT_APPLICABLE_MASTER       |
+------------------------------------------------------------+
+------------------------------------------------------------+
| SLAVE    DE5_1-11.2                                      |
+------------------------------------------------------------+
| Step 1  PHY / Link           PASS                        |
| Step 2  Endpoint / PTP       PASS                        |
| Step 3  WR Handshake         PASS                        |
| Step 4  SoftPLL Startup      PASS                        |
| Step 5  Closed-loop Lock     INFO                        |
| Step 6  Global Time          WAITING                     |
+------------------------------------------------------------+
| Link health                  Link=1  TM=1  RX=1  TX=1 |
| Lock signals                 Helper=1  MainFreq=1  MainPhase=1 |
|                              MainLock=1  PSTAT=1             |
| Global-Time reason           PTP servo offset not yet <60 ps |
| WR PTP servo state           WAIT_OFFSET_STABLE          |
| WR phase offset              -877 ps (target |offset| <60 ps) |
| Global-Time validity         TIME_VALID=0 PPS_VALID=0     |
| Snapshot                     snapshot=0 stable=1 count=0 |
| PPS registers                CR=20000006 EN=0 ESCR=1536  |
| PPS register validity        TM=0 PPS=0                  |
| Step5 result                 LOCK_ACQUIRED_NOT_STABLE    |
+------------------------------------------------------------+

Global Time summary (125 MHz reference; 1 cycle = 8 ns)
------------------------------------------------------------
  MASTER  (DE5_1-11.1)
    TAI=1608         CYCLES=124999999    VALID
  SLAVE   (DE5_1-11.2)
    TAI=--           CYCLES=--           WAITING (TIME_VALID=0, PPS_VALID=0)
------------------------------------------------------------
Dashboard read complete.
White Rabbit Step 1-6 dashboard  2026-09-30T09:31:48+08:00  (read-only)
Sampling interval: 10s; per-board comparison window: 2000ms

+------------------------------------------------------------+
| MASTER   DE5_1-11.1                                      |
+------------------------------------------------------------+
| Step 1  PHY / Link           PASS                        |
| Step 2  Endpoint / PTP       PASS                        |
| Step 3  WR Handshake         INFO                        |
| Step 4  SoftPLL Startup      PASS                        |
| Step 5  Closed-loop Lock     INFO                        |
| Step 6  Global Time          VALID                       |
+------------------------------------------------------------+
| Link health                  Link=1  TM=1  RX=1  TX=1 |
| Lock signals                 Helper=NA  MainFreq=NA  MainPhase=NA |
|                              MainLock=NA  PSTAT=NA             |
| Global-Time reason           PPS snapshot valid; Step6 gate passed |
| WR PTP servo state           NA                          |
| WR phase offset              NA ps                       |
| Global-Time validity         TIME_VALID=1 PPS_VALID=1     |
| Snapshot                     snapshot=1 stable=1 count=1619 |
| PPS registers                CR=20000006 EN=0 ESCR=96396812 |
| PPS register validity        TM=1 PPS=1                  |
| Step5 result                 NOT_APPLICABLE_MASTER       |
+------------------------------------------------------------+
+------------------------------------------------------------+
| SLAVE    DE5_1-11.2                                      |
+------------------------------------------------------------+
| Step 1  PHY / Link           PASS                        |
| Step 2  Endpoint / PTP       PASS                        |
| Step 3  WR Handshake         PASS                        |
| Step 4  SoftPLL Startup      PASS                        |
| Step 5  Closed-loop Lock     INFO                        |
| Step 6  Global Time          WAITING                     |
+------------------------------------------------------------+
| Link health                  Link=1  TM=1  RX=1  TX=1 |
| Lock signals                 Helper=1  MainFreq=1  MainPhase=1 |
|                              MainLock=1  PSTAT=1             |
| Global-Time reason           PTP servo offset not yet <60 ps |
| WR PTP servo state           WAIT_OFFSET_STABLE          |
| WR phase offset              -467 ps (target |offset| <60 ps) |
| Global-Time validity         TIME_VALID=0 PPS_VALID=0     |
| Snapshot                     snapshot=0 stable=1 count=0 |
| PPS registers                CR=20000006 EN=0 ESCR=1536  |
| PPS register validity        TM=0 PPS=0                  |
| Step5 result                 LOCK_ACQUIRED_NOT_STABLE    |
+------------------------------------------------------------+

Global Time summary (125 MHz reference; 1 cycle = 8 ns)
------------------------------------------------------------
  MASTER  (DE5_1-11.1)
    TAI=1618         CYCLES=124999999    VALID
  SLAVE   (DE5_1-11.2)
    TAI=--           CYCLES=--           WAITING (TIME_VALID=0, PPS_VALID=0)
------------------------------------------------------------
Dashboard read complete.
White Rabbit Step 1-6 dashboard  2026-09-30T09:31:58+08:00  (read-only)
Sampling interval: 10s; per-board comparison window: 2000ms

+------------------------------------------------------------+
| MASTER   DE5_1-11.1                                      |
+------------------------------------------------------------+
| Step 1  PHY / Link           PASS                        |
| Step 2  Endpoint / PTP       PASS                        |
| Step 3  WR Handshake         INFO                        |
| Step 4  SoftPLL Startup      PASS                        |
| Step 5  Closed-loop Lock     INFO                        |
| Step 6  Global Time          VALID                       |
+------------------------------------------------------------+
| Link health                  Link=1  TM=1  RX=1  TX=1 |
| Lock signals                 Helper=NA  MainFreq=NA  MainPhase=NA |
|                              MainLock=NA  PSTAT=NA             |
| Global-Time reason           PPS snapshot valid; Step6 gate passed |
| WR PTP servo state           NA                          |
| WR phase offset              NA ps                       |
| Global-Time validity         TIME_VALID=1 PPS_VALID=1     |
| Snapshot                     snapshot=1 stable=1 count=1629 |
| PPS registers                CR=20000006 EN=0 ESCR=1548  |
| PPS register validity        TM=1 PPS=1                  |
| Step5 result                 NOT_APPLICABLE_MASTER       |
+------------------------------------------------------------+
+------------------------------------------------------------+
| SLAVE    DE5_1-11.2                                      |
+------------------------------------------------------------+
| Step 1  PHY / Link           PASS                        |
| Step 2  Endpoint / PTP       PASS                        |
| Step 3  WR Handshake         PASS                        |
| Step 4  SoftPLL Startup      PASS                        |
| Step 5  Closed-loop Lock     INFO                        |
| Step 6  Global Time          WAITING                     |
+------------------------------------------------------------+
| Link health                  Link=1  TM=1  RX=1  TX=1 |
| Lock signals                 Helper=1  MainFreq=1  MainPhase=1 |
|                              MainLock=1  PSTAT=1             |
| Global-Time reason           PTP servo offset not yet <60 ps |
| WR PTP servo state           WAIT_OFFSET_STABLE          |
| WR phase offset              -430 ps (target |offset| <60 ps) |
| Global-Time validity         TIME_VALID=0 PPS_VALID=0     |
| Snapshot                     snapshot=0 stable=1 count=0 |
| PPS registers                CR=20000006 EN=0 ESCR=1536  |
| PPS register validity        TM=0 PPS=0                  |
| Step5 result                 LOCK_ACQUIRED_NOT_STABLE    |
+------------------------------------------------------------+

Global Time summary (125 MHz reference; 1 cycle = 8 ns)
------------------------------------------------------------
  MASTER  (DE5_1-11.1)
    TAI=1628         CYCLES=124999999    VALID
  SLAVE   (DE5_1-11.2)
    TAI=--           CYCLES=--           WAITING (TIME_VALID=0, PPS_VALID=0)
------------------------------------------------------------
Dashboard read complete.
White Rabbit Step 1-6 dashboard  2026-09-30T09:32:08+08:00  (read-only)
Sampling interval: 10s; per-board comparison window: 2000ms

+------------------------------------------------------------+
| MASTER   DE5_1-11.1                                      |
+------------------------------------------------------------+
| Step 1  PHY / Link           PASS                        |
| Step 2  Endpoint / PTP       PASS                        |
| Step 3  WR Handshake         INFO                        |
| Step 4  SoftPLL Startup      PASS                        |
| Step 5  Closed-loop Lock     INFO                        |
| Step 6  Global Time          VALID                       |
+------------------------------------------------------------+
| Link health                  Link=1  TM=1  RX=1  TX=1 |
| Lock signals                 Helper=NA  MainFreq=NA  MainPhase=NA |
|                              MainLock=NA  PSTAT=NA             |
| Global-Time reason           PPS snapshot valid; Step6 gate passed |
| WR PTP servo state           NA                          |
| WR phase offset              NA ps                       |
| Global-Time validity         TIME_VALID=1 PPS_VALID=1     |
| Snapshot                     snapshot=1 stable=1 count=1639 |
| PPS registers                CR=20000006 EN=0 ESCR=94310540 |
| PPS register validity        TM=1 PPS=1                  |
| Step5 result                 NOT_APPLICABLE_MASTER       |
+------------------------------------------------------------+
+------------------------------------------------------------+
| SLAVE    DE5_1-11.2                                      |
+------------------------------------------------------------+
| Step 1  PHY / Link           PASS                        |
| Step 2  Endpoint / PTP       PASS                        |
| Step 3  WR Handshake         PASS                        |
| Step 4  SoftPLL Startup      PASS                        |
| Step 5  Closed-loop Lock     INFO                        |
| Step 6  Global Time          WAITING                     |
+------------------------------------------------------------+
| Link health                  Link=1  TM=1  RX=1  TX=1 |
| Lock signals                 Helper=1  MainFreq=1  MainPhase=1 |
|                              MainLock=1  PSTAT=1             |
| Global-Time reason           PTP servo offset not yet <60 ps |
| WR PTP servo state           WAIT_OFFSET_STABLE          |
| WR phase offset              -615 ps (target |offset| <60 ps) |
| Global-Time validity         TIME_VALID=0 PPS_VALID=0     |
| Snapshot                     snapshot=0 stable=1 count=0 |
| PPS registers                CR=20000006 EN=0 ESCR=1536  |
| PPS register validity        TM=0 PPS=0                  |
| Step5 result                 LOCK_ACQUIRED_NOT_STABLE    |
+------------------------------------------------------------+

Global Time summary (125 MHz reference; 1 cycle = 8 ns)
------------------------------------------------------------
  MASTER  (DE5_1-11.1)
    TAI=1638         CYCLES=124999999    VALID
  SLAVE   (DE5_1-11.2)
    TAI=--           CYCLES=--           WAITING (TIME_VALID=0, PPS_VALID=0)
------------------------------------------------------------
Dashboard read complete.
White Rabbit Step 1-6 dashboard  2026-09-30T09:32:18+08:00  (read-only)
Sampling interval: 10s; per-board comparison window: 2000ms

+------------------------------------------------------------+
| MASTER   DE5_1-11.1                                      |
+------------------------------------------------------------+
| Step 1  PHY / Link           PASS                        |
| Step 2  Endpoint / PTP       PASS                        |
| Step 3  WR Handshake         INFO                        |
| Step 4  SoftPLL Startup      PASS                        |
| Step 5  Closed-loop Lock     INFO                        |
| Step 6  Global Time          VALID                       |
+------------------------------------------------------------+
| Link health                  Link=1  TM=1  RX=1  TX=1 |
| Lock signals                 Helper=NA  MainFreq=NA  MainPhase=NA |
|                              MainLock=NA  PSTAT=NA             |
| Global-Time reason           PPS snapshot valid; Step6 gate passed |
| WR PTP servo state           NA                          |
| WR phase offset              NA ps                       |
| Global-Time validity         TIME_VALID=1 PPS_VALID=1     |
| Snapshot                     snapshot=1 stable=1 count=1649 |
| PPS registers                CR=20000006 EN=0 ESCR=1548  |
| PPS register validity        TM=1 PPS=1                  |
| Step5 result                 NOT_APPLICABLE_MASTER       |
+------------------------------------------------------------+
+------------------------------------------------------------+
| SLAVE    DE5_1-11.2                                      |
+------------------------------------------------------------+
| Step 1  PHY / Link           PASS                        |
| Step 2  Endpoint / PTP       PASS                        |
| Step 3  WR Handshake         PASS                        |
| Step 4  SoftPLL Startup      PASS                        |
| Step 5  Closed-loop Lock     INFO                        |
| Step 6  Global Time          WAITING                     |
+------------------------------------------------------------+
| Link health                  Link=1  TM=1  RX=1  TX=1 |
| Lock signals                 Helper=1  MainFreq=1  MainPhase=1 |
|                              MainLock=1  PSTAT=1             |
| Global-Time reason           PTP servo offset not yet <60 ps |
| WR PTP servo state           WAIT_OFFSET_STABLE          |
| WR phase offset              3408 ps (target |offset| <60 ps) |
| Global-Time validity         TIME_VALID=0 PPS_VALID=0     |
| Snapshot                     snapshot=0 stable=1 count=0 |
| PPS registers                CR=20000006 EN=0 ESCR=1536  |
| PPS register validity        TM=0 PPS=0                  |
| Step5 result                 LOCK_ACQUIRED_NOT_STABLE    |
+------------------------------------------------------------+

Global Time summary (125 MHz reference; 1 cycle = 8 ns)
------------------------------------------------------------
  MASTER  (DE5_1-11.1)
    TAI=1648         CYCLES=124999999    VALID
  SLAVE   (DE5_1-11.2)
    TAI=--           CYCLES=--           WAITING (TIME_VALID=0, PPS_VALID=0)
------------------------------------------------------------
Dashboard read complete.
White Rabbit Step 1-6 dashboard  2026-09-30T09:32:28+08:00  (read-only)
Sampling interval: 10s; per-board comparison window: 2000ms

+------------------------------------------------------------+
| MASTER   DE5_1-11.1                                      |
+------------------------------------------------------------+
| Step 1  PHY / Link           PASS                        |
| Step 2  Endpoint / PTP       PASS                        |
| Step 3  WR Handshake         INFO                        |
| Step 4  SoftPLL Startup      PASS                        |
| Step 5  Closed-loop Lock     INFO                        |
| Step 6  Global Time          VALID                       |
+------------------------------------------------------------+
| Link health                  Link=1  TM=1  RX=1  TX=1 |
| Lock signals                 Helper=NA  MainFreq=NA  MainPhase=NA |
|                              MainLock=NA  PSTAT=NA             |
| Global-Time reason           PPS snapshot valid; Step6 gate passed |
| WR PTP servo state           NA                          |
| WR phase offset              NA ps                       |
| Global-Time validity         TIME_VALID=1 PPS_VALID=1     |
| Snapshot                     snapshot=1 stable=1 count=1659 |
| PPS registers                CR=20000006 EN=0 ESCR=1548  |
| PPS register validity        TM=1 PPS=1                  |
| Step5 result                 NOT_APPLICABLE_MASTER       |
+------------------------------------------------------------+
+------------------------------------------------------------+
| SLAVE    DE5_1-11.2                                      |
+------------------------------------------------------------+
| Step 1  PHY / Link           PASS                        |
| Step 2  Endpoint / PTP       PASS                        |
| Step 3  WR Handshake         PASS                        |
| Step 4  SoftPLL Startup      PASS                        |
| Step 5  Closed-loop Lock     INFO                        |
| Step 6  Global Time          WAITING                     |
+------------------------------------------------------------+
| Link health                  Link=1  TM=1  RX=1  TX=1 |
| Lock signals                 Helper=1  MainFreq=1  MainPhase=1 |
|                              MainLock=1  PSTAT=1             |
| Global-Time reason           PTP servo offset not yet <60 ps |
| WR PTP servo state           SYNC_PHASE                  |
| WR phase offset              -753 ps (target |offset| <60 ps) |
| Global-Time validity         TIME_VALID=0 PPS_VALID=0     |
| Snapshot                     snapshot=0 stable=1 count=0 |
| PPS registers                CR=20000006 EN=0 ESCR=1536  |
| PPS register validity        TM=0 PPS=0                  |
| Step5 result                 LOCK_ACQUIRED_NOT_STABLE    |
+------------------------------------------------------------+

Global Time summary (125 MHz reference; 1 cycle = 8 ns)
------------------------------------------------------------
  MASTER  (DE5_1-11.1)
    TAI=1658         CYCLES=124999999    VALID
  SLAVE   (DE5_1-11.2)
    TAI=--           CYCLES=--           WAITING (TIME_VALID=0, PPS_VALID=0)
------------------------------------------------------------
Dashboard read complete.
White Rabbit Step 1-6 dashboard  2026-09-30T09:32:38+08:00  (read-only)
Sampling interval: 10s; per-board comparison window: 2000ms

+------------------------------------------------------------+
| MASTER   DE5_1-11.1                                      |
+------------------------------------------------------------+
| Step 1  PHY / Link           PASS                        |
| Step 2  Endpoint / PTP       PASS                        |
| Step 3  WR Handshake         INFO                        |
| Step 4  SoftPLL Startup      PASS                        |
| Step 5  Closed-loop Lock     INFO                        |
| Step 6  Global Time          VALID                       |
+------------------------------------------------------------+
| Link health                  Link=1  TM=1  RX=1  TX=1 |
| Lock signals                 Helper=NA  MainFreq=NA  MainPhase=NA |
|                              MainLock=NA  PSTAT=NA             |
| Global-Time reason           PPS snapshot valid; Step6 gate passed |
| WR PTP servo state           NA                          |
| WR phase offset              NA ps                       |
| Global-Time validity         TIME_VALID=1 PPS_VALID=1     |
| Snapshot                     snapshot=1 stable=1 count=1669 |
| PPS registers                CR=20000006 EN=0 ESCR=1548  |
| PPS register validity        TM=1 PPS=1                  |
| Step5 result                 NOT_APPLICABLE_MASTER       |
+------------------------------------------------------------+
+------------------------------------------------------------+
| SLAVE    DE5_1-11.2                                      |
+------------------------------------------------------------+
| Step 1  PHY / Link           PASS                        |
| Step 2  Endpoint / PTP       PASS                        |
| Step 3  WR Handshake         PASS                        |
| Step 4  SoftPLL Startup      PASS                        |
| Step 5  Closed-loop Lock     INFO                        |
| Step 6  Global Time          WAITING                     |
+------------------------------------------------------------+
| Link health                  Link=1  TM=1  RX=1  TX=1 |
| Lock signals                 Helper=1  MainFreq=1  MainPhase=1 |
|                              MainLock=1  PSTAT=1             |
| Global-Time reason           PTP servo offset not yet <60 ps |
| WR PTP servo state           WAIT_OFFSET_STABLE          |
| WR phase offset              -967 ps (target |offset| <60 ps) |
| Global-Time validity         TIME_VALID=0 PPS_VALID=0     |
| Snapshot                     snapshot=0 stable=1 count=0 |
| PPS registers                CR=20000006 EN=0 ESCR=1536  |
| PPS register validity        TM=0 PPS=0                  |
| Step5 result                 LOCK_ACQUIRED_NOT_STABLE    |
+------------------------------------------------------------+

Global Time summary (125 MHz reference; 1 cycle = 8 ns)
------------------------------------------------------------
  MASTER  (DE5_1-11.1)
    TAI=1668         CYCLES=124999999    VALID
  SLAVE   (DE5_1-11.2)
    TAI=--           CYCLES=--           WAITING (TIME_VALID=0, PPS_VALID=0)
------------------------------------------------------------
Dashboard read complete.
White Rabbit Step 1-6 dashboard  2026-09-30T09:32:47+08:00  (read-only)
Sampling interval: 10s; per-board comparison window: 2000ms

+------------------------------------------------------------+
| MASTER   DE5_1-11.1                                      |
+------------------------------------------------------------+
| Step 1  PHY / Link           PASS                        |
| Step 2  Endpoint / PTP       PASS                        |
| Step 3  WR Handshake         INFO                        |
| Step 4  SoftPLL Startup      PASS                        |
| Step 5  Closed-loop Lock     INFO                        |
| Step 6  Global Time          VALID                       |
+------------------------------------------------------------+
| Link health                  Link=1  TM=1  RX=1  TX=1 |
| Lock signals                 Helper=NA  MainFreq=NA  MainPhase=NA |
|                              MainLock=NA  PSTAT=NA             |
| Global-Time reason           PPS snapshot valid; Step6 gate passed |
| WR PTP servo state           NA                          |
| WR phase offset              NA ps                       |
| Global-Time validity         TIME_VALID=1 PPS_VALID=1     |
| Snapshot                     snapshot=1 stable=1 count=1679 |
| PPS registers                CR=20000006 EN=0 ESCR=1548  |
| PPS register validity        TM=1 PPS=1                  |
| Step5 result                 NOT_APPLICABLE_MASTER       |
+------------------------------------------------------------+
+------------------------------------------------------------+
| SLAVE    DE5_1-11.2                                      |
+------------------------------------------------------------+
| Step 1  PHY / Link           PASS                        |
| Step 2  Endpoint / PTP       PASS                        |
| Step 3  WR Handshake         PASS                        |
| Step 4  SoftPLL Startup      PASS                        |
| Step 5  Closed-loop Lock     INFO                        |
| Step 6  Global Time          WAITING                     |
+------------------------------------------------------------+
| Link health                  Link=1  TM=1  RX=1  TX=1 |
| Lock signals                 Helper=1  MainFreq=1  MainPhase=1 |
|                              MainLock=1  PSTAT=1             |
| Global-Time reason           PTP servo offset not yet <60 ps |
| WR PTP servo state           WAIT_OFFSET_STABLE          |
| WR phase offset              -620 ps (target |offset| <60 ps) |
| Global-Time validity         TIME_VALID=0 PPS_VALID=0     |
| Snapshot                     snapshot=0 stable=1 count=0 |
| PPS registers                CR=20000006 EN=0 ESCR=1536  |
| PPS register validity        TM=0 PPS=0                  |
| Step5 result                 LOCK_ACQUIRED_NOT_STABLE    |
+------------------------------------------------------------+

Global Time summary (125 MHz reference; 1 cycle = 8 ns)
------------------------------------------------------------
  MASTER  (DE5_1-11.1)
    TAI=1678         CYCLES=124999999    VALID
  SLAVE   (DE5_1-11.2)
    TAI=--           CYCLES=--           WAITING (TIME_VALID=0, PPS_VALID=0)
------------------------------------------------------------
Dashboard read complete.
White Rabbit Step 1-6 dashboard  2026-09-30T09:32:58+08:00  (read-only)
Sampling interval: 10s; per-board comparison window: 2000ms

+------------------------------------------------------------+
| MASTER   DE5_1-11.1                                      |
+------------------------------------------------------------+
| Step 1  PHY / Link           PASS                        |
| Step 2  Endpoint / PTP       PASS                        |
| Step 3  WR Handshake         INFO                        |
| Step 4  SoftPLL Startup      PASS                        |
| Step 5  Closed-loop Lock     INFO                        |
| Step 6  Global Time          VALID                       |
+------------------------------------------------------------+
| Link health                  Link=1  TM=1  RX=1  TX=1 |
| Lock signals                 Helper=NA  MainFreq=NA  MainPhase=NA |
|                              MainLock=NA  PSTAT=NA             |
| Global-Time reason           PPS snapshot valid; Step6 gate passed |
| WR PTP servo state           NA                          |
| WR phase offset              NA ps                       |
| Global-Time validity         TIME_VALID=1 PPS_VALID=1     |
| Snapshot                     snapshot=1 stable=1 count=1690 |
| PPS registers                CR=20000006 EN=0 ESCR=1548  |
| PPS register validity        TM=1 PPS=1                  |
| Step5 result                 NOT_APPLICABLE_MASTER       |
+------------------------------------------------------------+
+------------------------------------------------------------+
| SLAVE    DE5_1-11.2                                      |
+------------------------------------------------------------+
| Step 1  PHY / Link           PASS                        |
| Step 2  Endpoint / PTP       PASS                        |
| Step 3  WR Handshake         PASS                        |
| Step 4  SoftPLL Startup      PASS                        |
| Step 5  Closed-loop Lock     INFO                        |
| Step 6  Global Time          WAITING                     |
+------------------------------------------------------------+
| Link health                  Link=1  TM=1  RX=1  TX=1 |
| Lock signals                 Helper=1  MainFreq=1  MainPhase=1 |
|                              MainLock=1  PSTAT=1             |
| Global-Time reason           PTP servo offset not yet <60 ps |
| WR PTP servo state           WAIT_OFFSET_STABLE          |
| WR phase offset              3498 ps (target |offset| <60 ps) |
| Global-Time validity         TIME_VALID=0 PPS_VALID=0     |
| Snapshot                     snapshot=0 stable=1 count=0 |
| PPS registers                CR=20000006 EN=0 ESCR=1536  |
| PPS register validity        TM=0 PPS=0                  |
| Step5 result                 LOCK_ACQUIRED_NOT_STABLE    |
+------------------------------------------------------------+

Global Time summary (125 MHz reference; 1 cycle = 8 ns)
------------------------------------------------------------
  MASTER  (DE5_1-11.1)
    TAI=1689         CYCLES=124999999    VALID
  SLAVE   (DE5_1-11.2)
    TAI=--           CYCLES=--           WAITING (TIME_VALID=0, PPS_VALID=0)
------------------------------------------------------------
Dashboard read complete.
White Rabbit Step 1-6 dashboard  2026-09-30T09:33:08+08:00  (read-only)
Sampling interval: 10s; per-board comparison window: 2000ms

+------------------------------------------------------------+
| MASTER   DE5_1-11.1                                      |
+------------------------------------------------------------+
| Step 1  PHY / Link           PASS                        |
| Step 2  Endpoint / PTP       PASS                        |
| Step 3  WR Handshake         INFO                        |
| Step 4  SoftPLL Startup      PASS                        |
| Step 5  Closed-loop Lock     INFO                        |
| Step 6  Global Time          VALID                       |
+------------------------------------------------------------+
| Link health                  Link=1  TM=1  RX=1  TX=1 |
| Lock signals                 Helper=NA  MainFreq=NA  MainPhase=NA |
|                              MainLock=NA  PSTAT=NA             |
| Global-Time reason           PPS snapshot valid; Step6 gate passed |
| WR PTP servo state           NA                          |
| WR phase offset              NA ps                       |
| Global-Time validity         TIME_VALID=1 PPS_VALID=1     |
| Snapshot                     snapshot=1 stable=1 count=1700 |
| PPS registers                CR=20000006 EN=0 ESCR=1548  |
| PPS register validity        TM=1 PPS=1                  |
| Step5 result                 NOT_APPLICABLE_MASTER       |
+------------------------------------------------------------+
+------------------------------------------------------------+
| SLAVE    DE5_1-11.2                                      |
+------------------------------------------------------------+
| Step 1  PHY / Link           PASS                        |
| Step 2  Endpoint / PTP       PASS                        |
| Step 3  WR Handshake         PASS                        |
| Step 4  SoftPLL Startup      PASS                        |
| Step 5  Closed-loop Lock     INFO                        |
| Step 6  Global Time          WAITING                     |
+------------------------------------------------------------+
| Link health                  Link=1  TM=1  RX=1  TX=1 |
| Lock signals                 Helper=1  MainFreq=1  MainPhase=1 |
|                              MainLock=1  PSTAT=1             |
| Global-Time reason           PTP servo offset not yet <60 ps |
| WR PTP servo state           WAIT_OFFSET_STABLE          |
| WR phase offset              -1040 ps (target |offset| <60 ps) |
| Global-Time validity         TIME_VALID=0 PPS_VALID=0     |
| Snapshot                     snapshot=0 stable=1 count=0 |
| PPS registers                CR=20000006 EN=0 ESCR=1536  |
| PPS register validity        TM=0 PPS=0                  |
| Step5 result                 LOCK_ACQUIRED_NOT_STABLE    |
+------------------------------------------------------------+

Global Time summary (125 MHz reference; 1 cycle = 8 ns)
------------------------------------------------------------
  MASTER  (DE5_1-11.1)
    TAI=1699         CYCLES=124999999    VALID
  SLAVE   (DE5_1-11.2)
    TAI=--           CYCLES=--           WAITING (TIME_VALID=0, PPS_VALID=0)
------------------------------------------------------------
Dashboard read complete.
White Rabbit Step 1-6 dashboard  2026-09-30T09:33:18+08:00  (read-only)
Sampling interval: 10s; per-board comparison window: 2000ms

+------------------------------------------------------------+
| MASTER   DE5_1-11.1                                      |
+------------------------------------------------------------+
| Step 1  PHY / Link           PASS                        |
| Step 2  Endpoint / PTP       PASS                        |
| Step 3  WR Handshake         INFO                        |
| Step 4  SoftPLL Startup      PASS                        |
| Step 5  Closed-loop Lock     INFO                        |
| Step 6  Global Time          VALID                       |
+------------------------------------------------------------+
| Link health                  Link=1  TM=1  RX=1  TX=1 |
| Lock signals                 Helper=NA  MainFreq=NA  MainPhase=NA |
|                              MainLock=NA  PSTAT=NA             |
| Global-Time reason           PPS snapshot valid; Step6 gate passed |
| WR PTP servo state           NA                          |
| WR phase offset              NA ps                       |
| Global-Time validity         TIME_VALID=1 PPS_VALID=1     |
| Snapshot                     snapshot=1 stable=1 count=1710 |
| PPS registers                CR=20000006 EN=0 ESCR=1548  |
| PPS register validity        TM=1 PPS=1                  |
| Step5 result                 NOT_APPLICABLE_MASTER       |
+------------------------------------------------------------+
+------------------------------------------------------------+
| SLAVE    DE5_1-11.2                                      |
+------------------------------------------------------------+
| Step 1  PHY / Link           PASS                        |
| Step 2  Endpoint / PTP       PASS                        |
| Step 3  WR Handshake         PASS                        |
| Step 4  SoftPLL Startup      PASS                        |
| Step 5  Closed-loop Lock     INFO                        |
| Step 6  Global Time          WAITING                     |
+------------------------------------------------------------+
| Link health                  Link=1  TM=1  RX=1  TX=1 |
| Lock signals                 Helper=1  MainFreq=1  MainPhase=1 |
|                              MainLock=1  PSTAT=1             |
| Global-Time reason           PTP servo offset not yet <60 ps |
| WR PTP servo state           WAIT_OFFSET_STABLE          |
| WR phase offset              -1020 ps (target |offset| <60 ps) |
| Global-Time validity         TIME_VALID=0 PPS_VALID=0     |
| Snapshot                     snapshot=0 stable=1 count=0 |
| PPS registers                CR=20000006 EN=0 ESCR=1536  |
| PPS register validity        TM=0 PPS=0                  |
| Step5 result                 LOCK_ACQUIRED_NOT_STABLE    |
+------------------------------------------------------------+

Global Time summary (125 MHz reference; 1 cycle = 8 ns)
------------------------------------------------------------
  MASTER  (DE5_1-11.1)
    TAI=1709         CYCLES=124999999    VALID
  SLAVE   (DE5_1-11.2)
    TAI=--           CYCLES=--           WAITING (TIME_VALID=0, PPS_VALID=0)
------------------------------------------------------------
Dashboard read complete.
White Rabbit Step 1-6 dashboard  2026-09-30T09:33:28+08:00  (read-only)
Sampling interval: 10s; per-board comparison window: 2000ms

+------------------------------------------------------------+
| MASTER   DE5_1-11.1                                      |
+------------------------------------------------------------+
| Step 1  PHY / Link           PASS                        |
| Step 2  Endpoint / PTP       PASS                        |
| Step 3  WR Handshake         INFO                        |
| Step 4  SoftPLL Startup      PASS                        |
| Step 5  Closed-loop Lock     INFO                        |
| Step 6  Global Time          VALID                       |
+------------------------------------------------------------+
| Link health                  Link=1  TM=1  RX=1  TX=1 |
| Lock signals                 Helper=NA  MainFreq=NA  MainPhase=NA |
|                              MainLock=NA  PSTAT=NA             |
| Global-Time reason           PPS snapshot valid; Step6 gate passed |
| WR PTP servo state           NA                          |
| WR phase offset              NA ps                       |
| Global-Time validity         TIME_VALID=1 PPS_VALID=1     |
| Snapshot                     snapshot=1 stable=1 count=1720 |
| PPS registers                CR=20000006 EN=0 ESCR=1548  |
| PPS register validity        TM=1 PPS=1                  |
| Step5 result                 NOT_APPLICABLE_MASTER       |
+------------------------------------------------------------+
+------------------------------------------------------------+
| SLAVE    DE5_1-11.2                                      |
+------------------------------------------------------------+
| Step 1  PHY / Link           PASS                        |
| Step 2  Endpoint / PTP       PASS                        |
| Step 3  WR Handshake         PASS                        |
| Step 4  SoftPLL Startup      PASS                        |
| Step 5  Closed-loop Lock     INFO                        |
| Step 6  Global Time          WAITING                     |
+------------------------------------------------------------+
| Link health                  Link=1  TM=1  RX=1  TX=1 |
| Lock signals                 Helper=1  MainFreq=1  MainPhase=1 |
|                              MainLock=1  PSTAT=1             |
| Global-Time reason           PTP servo offset not yet <60 ps |
| WR PTP servo state           WAIT_OFFSET_STABLE          |
| WR phase offset              -790 ps (target |offset| <60 ps) |
| Global-Time validity         TIME_VALID=0 PPS_VALID=0     |
| Snapshot                     snapshot=0 stable=1 count=0 |
| PPS registers                CR=20000006 EN=0 ESCR=1664  |
| PPS register validity        TM=0 PPS=0                  |
| Step5 result                 LOCK_ACQUIRED_NOT_STABLE    |
+------------------------------------------------------------+

Global Time summary (125 MHz reference; 1 cycle = 8 ns)
------------------------------------------------------------
  MASTER  (DE5_1-11.1)
    TAI=1719         CYCLES=124999999    VALID
  SLAVE   (DE5_1-11.2)
    TAI=--           CYCLES=--           WAITING (TIME_VALID=0, PPS_VALID=0)
------------------------------------------------------------
Dashboard read complete.
White Rabbit Step 1-6 dashboard  2026-09-30T09:33:39+08:00  (read-only)
Sampling interval: 10s; per-board comparison window: 2000ms

+------------------------------------------------------------+
| MASTER   DE5_1-11.1                                      |
+------------------------------------------------------------+
| Step 1  PHY / Link           PASS                        |
| Step 2  Endpoint / PTP       PASS                        |
| Step 3  WR Handshake         INFO                        |
| Step 4  SoftPLL Startup      PASS                        |
| Step 5  Closed-loop Lock     INFO                        |
| Step 6  Global Time          VALID                       |
+------------------------------------------------------------+
| Link health                  Link=1  TM=1  RX=1  TX=1 |
| Lock signals                 Helper=NA  MainFreq=NA  MainPhase=NA |
|                              MainLock=NA  PSTAT=NA             |
| Global-Time reason           PPS snapshot valid; Step6 gate passed |
| WR PTP servo state           NA                          |
| WR phase offset              NA ps                       |
| Global-Time validity         TIME_VALID=1 PPS_VALID=1     |
| Snapshot                     snapshot=1 stable=1 count=1730 |
| PPS registers                CR=20000006 EN=0 ESCR=1548  |
| PPS register validity        TM=1 PPS=1                  |
| Step5 result                 NOT_APPLICABLE_MASTER       |
+------------------------------------------------------------+
+------------------------------------------------------------+
| SLAVE    DE5_1-11.2                                      |
+------------------------------------------------------------+
| Step 1  PHY / Link           PASS                        |
| Step 2  Endpoint / PTP       PASS                        |
| Step 3  WR Handshake         PASS                        |
| Step 4  SoftPLL Startup      PASS                        |
| Step 5  Closed-loop Lock     INFO                        |
| Step 6  Global Time          WAITING                     |
+------------------------------------------------------------+
| Link health                  Link=1  TM=1  RX=1  TX=1 |
| Lock signals                 Helper=1  MainFreq=1  MainPhase=1 |
|                              MainLock=1  PSTAT=1             |
| Global-Time reason           PTP servo offset not yet <60 ps |
| WR PTP servo state           WAIT_OFFSET_STABLE          |
| WR phase offset              -829 ps (target |offset| <60 ps) |
| Global-Time validity         TIME_VALID=0 PPS_VALID=0     |
| Snapshot                     snapshot=0 stable=1 count=0 |
| PPS registers                CR=20000006 EN=0 ESCR=1536  |
| PPS register validity        TM=0 PPS=0                  |
| Step5 result                 LOCK_ACQUIRED_NOT_STABLE    |
+------------------------------------------------------------+

Global Time summary (125 MHz reference; 1 cycle = 8 ns)
------------------------------------------------------------
  MASTER  (DE5_1-11.1)
    TAI=1729         CYCLES=124999999    VALID
  SLAVE   (DE5_1-11.2)
    TAI=--           CYCLES=--           WAITING (TIME_VALID=0, PPS_VALID=0)
------------------------------------------------------------
Dashboard read complete.
White Rabbit Step 1-6 dashboard  2026-09-30T09:33:48+08:00  (read-only)
Sampling interval: 10s; per-board comparison window: 2000ms

+------------------------------------------------------------+
| MASTER   DE5_1-11.1                                      |
+------------------------------------------------------------+
| Step 1  PHY / Link           PASS                        |
| Step 2  Endpoint / PTP       PASS                        |
| Step 3  WR Handshake         INFO                        |
| Step 4  SoftPLL Startup      PASS                        |
| Step 5  Closed-loop Lock     INFO                        |
| Step 6  Global Time          VALID                       |
+------------------------------------------------------------+
| Link health                  Link=1  TM=1  RX=1  TX=1 |
| Lock signals                 Helper=NA  MainFreq=NA  MainPhase=NA |
|                              MainLock=NA  PSTAT=NA             |
| Global-Time reason           PPS snapshot valid; Step6 gate passed |
| WR PTP servo state           NA                          |
| WR phase offset              NA ps                       |
| Global-Time validity         TIME_VALID=1 PPS_VALID=1     |
| Snapshot                     snapshot=1 stable=1 count=1739 |
| PPS registers                CR=20000006 EN=0 ESCR=1548  |
| PPS register validity        TM=1 PPS=1                  |
| Step5 result                 NOT_APPLICABLE_MASTER       |
+------------------------------------------------------------+
+------------------------------------------------------------+
| SLAVE    DE5_1-11.2                                      |
+------------------------------------------------------------+
| Step 1  PHY / Link           PASS                        |
| Step 2  Endpoint / PTP       PASS                        |
| Step 3  WR Handshake         PASS                        |
| Step 4  SoftPLL Startup      PASS                        |
| Step 5  Closed-loop Lock     INFO                        |
| Step 6  Global Time          WAITING                     |
+------------------------------------------------------------+
| Link health                  Link=1  TM=1  RX=1  TX=1 |
| Lock signals                 Helper=1  MainFreq=1  MainPhase=1 |
|                              MainLock=1  PSTAT=1             |
| Global-Time reason           PTP servo offset not yet <60 ps |
| WR PTP servo state           WAIT_OFFSET_STABLE          |
| WR phase offset              3338 ps (target |offset| <60 ps) |
| Global-Time validity         TIME_VALID=0 PPS_VALID=0     |
| Snapshot                     snapshot=0 stable=1 count=0 |
| PPS registers                CR=20000006 EN=0 ESCR=1536  |
| PPS register validity        TM=0 PPS=0                  |
| Step5 result                 LOCK_ACQUIRED_NOT_STABLE    |
+------------------------------------------------------------+

Global Time summary (125 MHz reference; 1 cycle = 8 ns)
------------------------------------------------------------
  MASTER  (DE5_1-11.1)
    TAI=1738         CYCLES=124999999    VALID
  SLAVE   (DE5_1-11.2)
    TAI=--           CYCLES=--           WAITING (TIME_VALID=0, PPS_VALID=0)
------------------------------------------------------------
Dashboard read complete.
White Rabbit Step 1-6 dashboard  2026-09-30T09:33:57+08:00  (read-only)
Sampling interval: 10s; per-board comparison window: 2000ms

+------------------------------------------------------------+
| MASTER   DE5_1-11.1                                      |
+------------------------------------------------------------+
| Step 1  PHY / Link           PASS                        |
| Step 2  Endpoint / PTP       PASS                        |
| Step 3  WR Handshake         INFO                        |
| Step 4  SoftPLL Startup      PASS                        |
| Step 5  Closed-loop Lock     INFO                        |
| Step 6  Global Time          VALID                       |
+------------------------------------------------------------+
| Link health                  Link=1  TM=1  RX=1  TX=1 |
| Lock signals                 Helper=NA  MainFreq=NA  MainPhase=NA |
|                              MainLock=NA  PSTAT=NA             |
| Global-Time reason           PPS snapshot valid; Step6 gate passed |
| WR PTP servo state           NA                          |
| WR phase offset              NA ps                       |
| Global-Time validity         TIME_VALID=1 PPS_VALID=1     |
| Snapshot                     snapshot=1 stable=1 count=1749 |
| PPS registers                CR=20000006 EN=0 ESCR=1548  |
| PPS register validity        TM=1 PPS=1                  |
| Step5 result                 NOT_APPLICABLE_MASTER       |
+------------------------------------------------------------+
+------------------------------------------------------------+
| SLAVE    DE5_1-11.2                                      |
+------------------------------------------------------------+
| Step 1  PHY / Link           PASS                        |
| Step 2  Endpoint / PTP       PASS                        |
| Step 3  WR Handshake         PASS                        |
| Step 4  SoftPLL Startup      PASS                        |
| Step 5  Closed-loop Lock     INFO                        |
| Step 6  Global Time          WAITING                     |
+------------------------------------------------------------+
| Link health                  Link=1  TM=1  RX=1  TX=1 |
| Lock signals                 Helper=1  MainFreq=1  MainPhase=1 |
|                              MainLock=1  PSTAT=1             |
| Global-Time reason           PTP servo offset not yet <60 ps |
| WR PTP servo state           WAIT_OFFSET_STABLE          |
| WR phase offset              3622 ps (target |offset| <60 ps) |
| Global-Time validity         TIME_VALID=0 PPS_VALID=0     |
| Snapshot                     snapshot=0 stable=1 count=0 |
| PPS registers                CR=20000006 EN=0 ESCR=1536  |
| PPS register validity        TM=0 PPS=0                  |
| Step5 result                 LOCK_ACQUIRED_NOT_STABLE    |
+------------------------------------------------------------+

Global Time summary (125 MHz reference; 1 cycle = 8 ns)
------------------------------------------------------------
  MASTER  (DE5_1-11.1)
    TAI=1748         CYCLES=124999999    VALID
  SLAVE   (DE5_1-11.2)
    TAI=--           CYCLES=--           WAITING (TIME_VALID=0, PPS_VALID=0)
------------------------------------------------------------
Dashboard read complete.
White Rabbit Step 1-6 dashboard  2026-09-30T09:34:08+08:00  (read-only)
Sampling interval: 10s; per-board comparison window: 2000ms

+------------------------------------------------------------+
| MASTER   DE5_1-11.1                                      |
+------------------------------------------------------------+
| Step 1  PHY / Link           PASS                        |
| Step 2  Endpoint / PTP       PASS                        |
| Step 3  WR Handshake         INFO                        |
| Step 4  SoftPLL Startup      PASS                        |
| Step 5  Closed-loop Lock     INFO                        |
| Step 6  Global Time          VALID                       |
+------------------------------------------------------------+
| Link health                  Link=1  TM=1  RX=1  TX=1 |
| Lock signals                 Helper=NA  MainFreq=NA  MainPhase=NA |
|                              MainLock=NA  PSTAT=NA             |
| Global-Time reason           PPS snapshot valid; Step6 gate passed |
| WR PTP servo state           NA                          |
| WR phase offset              NA ps                       |
| Global-Time validity         TIME_VALID=1 PPS_VALID=1     |
| Snapshot                     snapshot=1 stable=1 count=1760 |
| PPS registers                CR=20000006 EN=0 ESCR=1548  |
| PPS register validity        TM=1 PPS=1                  |
| Step5 result                 NOT_APPLICABLE_MASTER       |
+------------------------------------------------------------+
+------------------------------------------------------------+
| SLAVE    DE5_1-11.2                                      |
+------------------------------------------------------------+
| Step 1  PHY / Link           PASS                        |
| Step 2  Endpoint / PTP       PASS                        |
| Step 3  WR Handshake         PASS                        |
| Step 4  SoftPLL Startup      PASS                        |
| Step 5  Closed-loop Lock     INFO                        |
| Step 6  Global Time          WAITING                     |
+------------------------------------------------------------+
| Link health                  Link=1  TM=1  RX=1  TX=1 |
| Lock signals                 Helper=1  MainFreq=1  MainPhase=1 |
|                              MainLock=1  PSTAT=1             |
| Global-Time reason           PTP servo offset not yet <60 ps |
| WR PTP servo state           WAIT_OFFSET_STABLE          |
| WR phase offset              -1187 ps (target |offset| <60 ps) |
| Global-Time validity         TIME_VALID=0 PPS_VALID=0     |
| Snapshot                     snapshot=0 stable=1 count=0 |
| PPS registers                CR=20000006 EN=0 ESCR=1536  |
| PPS register validity        TM=0 PPS=0                  |
| Step5 result                 LOCK_ACQUIRED_NOT_STABLE    |
+------------------------------------------------------------+

Global Time summary (125 MHz reference; 1 cycle = 8 ns)
------------------------------------------------------------
  MASTER  (DE5_1-11.1)
    TAI=1759         CYCLES=124999999    VALID
  SLAVE   (DE5_1-11.2)
    TAI=--           CYCLES=--           WAITING (TIME_VALID=0, PPS_VALID=0)
------------------------------------------------------------
Dashboard read complete.
White Rabbit Step 1-6 dashboard  2026-09-30T09:34:18+08:00  (read-only)
Sampling interval: 10s; per-board comparison window: 2000ms

+------------------------------------------------------------+
| MASTER   DE5_1-11.1                                      |
+------------------------------------------------------------+
| Step 1  PHY / Link           PASS                        |
| Step 2  Endpoint / PTP       PASS                        |
| Step 3  WR Handshake         INFO                        |
| Step 4  SoftPLL Startup      PASS                        |
| Step 5  Closed-loop Lock     INFO                        |
| Step 6  Global Time          VALID                       |
+------------------------------------------------------------+
| Link health                  Link=1  TM=1  RX=1  TX=1 |
| Lock signals                 Helper=NA  MainFreq=NA  MainPhase=NA |
|                              MainLock=NA  PSTAT=NA             |
| Global-Time reason           PPS snapshot valid; Step6 gate passed |
| WR PTP servo state           NA                          |
| WR phase offset              NA ps                       |
| Global-Time validity         TIME_VALID=1 PPS_VALID=1     |
| Snapshot                     snapshot=1 stable=1 count=1770 |
| PPS registers                CR=20000006 EN=0 ESCR=1676  |
| PPS register validity        TM=1 PPS=1                  |
| Step5 result                 NOT_APPLICABLE_MASTER       |
+------------------------------------------------------------+
+------------------------------------------------------------+
| SLAVE    DE5_1-11.2                                      |
+------------------------------------------------------------+
| Step 1  PHY / Link           PASS                        |
| Step 2  Endpoint / PTP       PASS                        |
| Step 3  WR Handshake         PASS                        |
| Step 4  SoftPLL Startup      PASS                        |
| Step 5  Closed-loop Lock     INFO                        |
| Step 6  Global Time          WAITING                     |
+------------------------------------------------------------+
| Link health                  Link=1  TM=1  RX=1  TX=1 |
| Lock signals                 Helper=1  MainFreq=1  MainPhase=1 |
|                              MainLock=1  PSTAT=1             |
| Global-Time reason           PTP servo offset not yet <60 ps |
| WR PTP servo state           WAIT_OFFSET_STABLE          |
| WR phase offset              -1066 ps (target |offset| <60 ps) |
| Global-Time validity         TIME_VALID=0 PPS_VALID=0     |
| Snapshot                     snapshot=0 stable=1 count=0 |
| PPS registers                CR=20000006 EN=0 ESCR=1536  |
| PPS register validity        TM=0 PPS=0                  |
| Step5 result                 LOCK_ACQUIRED_NOT_STABLE    |
+------------------------------------------------------------+

Global Time summary (125 MHz reference; 1 cycle = 8 ns)
------------------------------------------------------------
  MASTER  (DE5_1-11.1)
    TAI=1769         CYCLES=124999999    VALID
  SLAVE   (DE5_1-11.2)
    TAI=--           CYCLES=--           WAITING (TIME_VALID=0, PPS_VALID=0)
------------------------------------------------------------
Dashboard read complete.
White Rabbit Step 1-6 dashboard  2026-09-30T09:34:28+08:00  (read-only)
Sampling interval: 10s; per-board comparison window: 2000ms

+------------------------------------------------------------+
| MASTER   DE5_1-11.1                                      |
+------------------------------------------------------------+
| Step 1  PHY / Link           PASS                        |
| Step 2  Endpoint / PTP       PASS                        |
| Step 3  WR Handshake         INFO                        |
| Step 4  SoftPLL Startup      PASS                        |
| Step 5  Closed-loop Lock     INFO                        |
| Step 6  Global Time          VALID                       |
+------------------------------------------------------------+
| Link health                  Link=1  TM=1  RX=1  TX=1 |
| Lock signals                 Helper=NA  MainFreq=NA  MainPhase=NA |
|                              MainLock=NA  PSTAT=NA             |
| Global-Time reason           PPS snapshot valid; Step6 gate passed |
| WR PTP servo state           NA                          |
| WR phase offset              NA ps                       |
| Global-Time validity         TIME_VALID=1 PPS_VALID=1     |
| Snapshot                     snapshot=1 stable=1 count=1780 |
| PPS registers                CR=20000006 EN=0 ESCR=1548  |
| PPS register validity        TM=1 PPS=1                  |
| Step5 result                 NOT_APPLICABLE_MASTER       |
+------------------------------------------------------------+
+------------------------------------------------------------+
| SLAVE    DE5_1-11.2                                      |
+------------------------------------------------------------+
| Step 1  PHY / Link           PASS                        |
| Step 2  Endpoint / PTP       PASS                        |
| Step 3  WR Handshake         PASS                        |
| Step 4  SoftPLL Startup      PASS                        |
| Step 5  Closed-loop Lock     INFO                        |
| Step 6  Global Time          WAITING                     |
+------------------------------------------------------------+
| Link health                  Link=1  TM=1  RX=1  TX=1 |
| Lock signals                 Helper=1  MainFreq=1  MainPhase=1 |
|                              MainLock=1  PSTAT=1             |
| Global-Time reason           PTP servo offset not yet <60 ps |
| WR PTP servo state           WAIT_OFFSET_STABLE          |
| WR phase offset              -880 ps (target |offset| <60 ps) |
| Global-Time validity         TIME_VALID=0 PPS_VALID=0     |
| Snapshot                     snapshot=0 stable=1 count=0 |
| PPS registers                CR=20000006 EN=0 ESCR=1536  |
| PPS register validity        TM=0 PPS=0                  |
| Step5 result                 LOCK_ACQUIRED_NOT_STABLE    |
+------------------------------------------------------------+

Global Time summary (125 MHz reference; 1 cycle = 8 ns)
------------------------------------------------------------
  MASTER  (DE5_1-11.1)
    TAI=1779         CYCLES=124999999    VALID
  SLAVE   (DE5_1-11.2)
    TAI=--           CYCLES=--           WAITING (TIME_VALID=0, PPS_VALID=0)
------------------------------------------------------------
Dashboard read complete.
White Rabbit Step 1-6 dashboard  2026-09-30T09:34:38+08:00  (read-only)
Sampling interval: 10s; per-board comparison window: 2000ms

+------------------------------------------------------------+
| MASTER   DE5_1-11.1                                      |
+------------------------------------------------------------+
| Step 1  PHY / Link           PASS                        |
| Step 2  Endpoint / PTP       PASS                        |
| Step 3  WR Handshake         INFO                        |
| Step 4  SoftPLL Startup      PASS                        |
| Step 5  Closed-loop Lock     INFO                        |
| Step 6  Global Time          VALID                       |
+------------------------------------------------------------+
| Link health                  Link=1  TM=1  RX=1  TX=1 |
| Lock signals                 Helper=NA  MainFreq=NA  MainPhase=NA |
|                              MainLock=NA  PSTAT=NA             |
| Global-Time reason           PPS snapshot valid; Step6 gate passed |
| WR PTP servo state           NA                          |
| WR phase offset              NA ps                       |
| Global-Time validity         TIME_VALID=1 PPS_VALID=1     |
| Snapshot                     snapshot=1 stable=1 count=1790 |
| PPS registers                CR=20000006 EN=0 ESCR=1548  |
| PPS register validity        TM=1 PPS=1                  |
| Step5 result                 NOT_APPLICABLE_MASTER       |
+------------------------------------------------------------+
+------------------------------------------------------------+
| SLAVE    DE5_1-11.2                                      |
+------------------------------------------------------------+
| Step 1  PHY / Link           PASS                        |
| Step 2  Endpoint / PTP       PASS                        |
| Step 3  WR Handshake         PASS                        |
| Step 4  SoftPLL Startup      PASS                        |
| Step 5  Closed-loop Lock     INFO                        |
| Step 6  Global Time          WAITING                     |
+------------------------------------------------------------+
| Link health                  Link=1  TM=1  RX=1  TX=1 |
| Lock signals                 Helper=1  MainFreq=1  MainPhase=1 |
|                              MainLock=1  PSTAT=1             |
| Global-Time reason           PTP servo offset not yet <60 ps |
| WR PTP servo state           WAIT_OFFSET_STABLE          |
| WR phase offset              -730 ps (target |offset| <60 ps) |
| Global-Time validity         TIME_VALID=0 PPS_VALID=0     |
| Snapshot                     snapshot=0 stable=1 count=0 |
| PPS registers                CR=20000006 EN=0 ESCR=1792  |
| PPS register validity        TM=0 PPS=0                  |
| Step5 result                 LOCK_ACQUIRED_NOT_STABLE    |
+------------------------------------------------------------+

Global Time summary (125 MHz reference; 1 cycle = 8 ns)
------------------------------------------------------------
  MASTER  (DE5_1-11.1)
    TAI=1789         CYCLES=124999999    VALID
  SLAVE   (DE5_1-11.2)
    TAI=--           CYCLES=--           WAITING (TIME_VALID=0, PPS_VALID=0)
------------------------------------------------------------
Dashboard read complete.
