DEPTH = 49152;
WIDTH = 32;
ADDRESS_RADIX = HEX;
DATA_RADIX = HEX;
CONTENT
BEGIN
0 : 02C0006F;
1 : 00000000;
2 : 6A41906F;
3 : 00000000;
4 : 43505257;
5 : 2D2D2D2D;
6 : 0001B4B8;
7 : 0001F32C;
8 : 00000000;
9 : 00000000;
a : 00002403;
b : 0002E297;
c : FEC28293;
d : 0002A303;
e : 424F53B7;
f : F5438393;
10 : 00731E63;
11 : 0002E297;
12 : FD828293;
13 : 0002A303;
14 : 00130313;
15 : 0062A023;
16 : 0180006F;
17 : 0072A023;
18 : 00100313;
19 : 0002E297;
1a : FB828293;
1b : 0062A023;
1c : 0002E297;
1d : F9028293;
1e : E00003B7;
1f : 0063E3B3;
20 : 0072A023;
21 : 0001F297;
22 : 36428293;
23 : 0002AE03;
24 : D00003B7;
25 : 01C3E3B3;
26 : 0002E297;
27 : F6828293;
28 : 0072A023;
29 : FFF30313;
2a : 00337313;
2b : 00231313;
2c : 0002E297;
2d : F7028293;
2e : 006282B3;
2f : 0001F397;
30 : 32C38393;
31 : 0003AE03;
32 : 01C2A023;
33 : 0001F297;
34 : 31C28293;
35 : 0002A303;
36 : 0002E397;
37 : F3838393;
38 : 0063A023;
39 : 00020197;
3a : AEC18193;
3b : 00030117;
3c : F1410113;
3d : 0001F297;
3e : 30C28293;
3f : 0002E317;
40 : F0830313;
41 : 0002A023;
42 : 00428293;
43 : FE62ECE3;
44 : 0001F297;
45 : 2D828293;
46 : 0002A303;
47 : 0002E397;
48 : EF838393;
49 : 0063A023;
4a : 091190EF;
4b : 00000713;
4c : 01000613;
4d : 00E507B3;
4e : 0007C783;
4f : 00E586B3;
50 : 0006C683;
51 : 00078463;
52 : 00F68663;
53 : 40D78533;
54 : 00008067;
55 : 00170713;
56 : FCC71EE3;
57 : 00000513;
58 : 00008067;
59 : 0001F737;
5a : 73872783;
5b : 73C72703;
5c : 08E04A63;
5d : 00071463;
5e : 0807C663;
5f : FFF00693;
60 : 08D74863;
61 : 00D71663;
62 : 80000737;
63 : 08E7E263;
64 : 0001F737;
65 : 7F070693;
66 : 02F6A023;
67 : 0001F6B7;
68 : 7306A783;
69 : 7346A683;
6a : 7F070713;
6b : 06D04663;
6c : 00069463;
6d : 0607C263;
6e : FFF00613;
6f : 06C6C463;
70 : 00C69663;
71 : 800006B7;
72 : 04D7EE63;
73 : 0001F6B7;
74 : 02F72223;
75 : 7286A783;
76 : 72C6A683;
77 : 04D04863;
78 : 00069463;
79 : 0407C463;
7a : FFF00613;
7b : 04C6C663;
7c : 00C69663;
7d : 800006B7;
7e : 04D7E063;
7f : 02F72423;
80 : 00008067;
81 : 800007B7;
82 : FFF7C793;
83 : F85FF06F;
84 : 800007B7;
85 : F7DFF06F;
86 : 800007B7;
87 : FFF7C793;
88 : FADFF06F;
89 : 800007B7;
8a : FA5FF06F;
8b : 800007B7;
8c : FFF7C793;
8d : FC9FF06F;
8e : 800007B7;
8f : FC1FF06F;
90 : 0001F837;
91 : 72082303;
92 : FFC00E13;
93 : 00000893;
94 : 006E6863;
95 : 00137E13;
96 : 000E1463;
97 : 00230893;
98 : 0018E313;
99 : 72682023;
9a : 0001F337;
9b : 70A32E23;
9c : 0001F537;
9d : 00004337;
9e : 70652C23;
9f : 0001F537;
a0 : 70B52A23;
a1 : 0001F5B7;
a2 : 70C5A823;
a3 : 0001F637;
a4 : 70D62623;
a5 : 0001F6B7;
a6 : 70E6A423;
a7 : 0001F737;
a8 : 70F72223;
a9 : 001007B7;
aa : 22C7A683;
ab : 0001F737;
ac : 70D72023;
ad : 2307A703;
ae : 0001F7B7;
af : 6EE7AE23;
b0 : 73182023;
b1 : 00008067;
b2 : 00100737;
b3 : 000107B7;
b4 : 22072683;
b5 : 00A797B3;
b6 : 00FF0537;
b7 : 00A7F7B3;
b8 : FFF7C793;
b9 : 00D7F7B3;
ba : 22F72023;
bb : 00008067;
bc : 00900793;
bd : 0001F6B7;
be : 04F51663;
bf : 69C6C783;
c0 : 0FF7F793;
c1 : 02A78263;
c2 : 0001F737;
c3 : 69872783;
c4 : 00178793;
c5 : 68F72C23;
c6 : 001007B7;
c7 : 41C7A703;
c8 : 0001F7B7;
c9 : 68E7AA23;
ca : 0001F737;
cb : 6B472603;
cc : 00100793;
cd : 00A797B3;
ce : 00C7E7B3;
cf : 6AF72A23;
d0 : 00C0006F;
d1 : 01F00793;
d2 : FEA7F0E3;
d3 : 0FF57513;
d4 : 68A68E23;
d5 : 00008067;
d6 : 0001F7B7;
d7 : 6FA7C783;
d8 : 00C79863;
d9 : 0001F7B7;
da : 3EB7A223;
db : 00008067;
dc : 02400793;
dd : 02F60633;
de : 00C50533;
df : 00052783;
e0 : 0C078263;
e1 : 0001F7B7;
e2 : 3E47A603;
e3 : 02052703;
e4 : 40C587B3;
e5 : 01279793;
e6 : 0127D693;
e7 : 01E7D793;
e8 : 02074863;
e9 : 00377713;
ea : 40B60633;
eb : 00370713;
ec : 00861613;
ed : 00865613;
ee : 01C71713;
ef : 00C76733;
f0 : 81000637;
f1 : 00C76733;
f2 : 00100637;
f3 : 24E62623;
f4 : 01052703;
f5 : 00071E63;
f6 : 00279793;
f7 : 00F52A23;
f8 : 00100793;
f9 : 00D52623;
fa : 00F52823;
fb : 00008067;
fc : 01452603;
fd : 00170713;
fe : 00E52823;
ff : 00C787B3;
100 : 0001B637;
101 : 00279793;
102 : 9C060613;
103 : 00F607B3;
104 : 0007A783;
105 : 00F686B3;
106 : 00C52783;
107 : 00F687B3;
108 : 00852683;
109 : 00F52623;
10a : 00D71E63;
10b : 02E7C7B3;
10c : 00052623;
10d : 00052823;
10e : 00F52C23;
10f : 00100793;
110 : 00F52E23;
111 : 00008067;
112 : 0001F7B7;
113 : 5407AC23;
114 : 0001F7B7;
115 : 6807A023;
116 : 0001F7B7;
117 : 6607AE23;
118 : 0001F7B7;
119 : 6607AC23;
11a : 0001F7B7;
11b : 6607A823;
11c : 0001F7B7;
11d : 6407AC23;
11e : 0001F7B7;
11f : 6407AA23;
120 : 0001F7B7;
121 : 6607A423;
122 : 0001F7B7;
123 : 6607A223;
124 : 0001F7B7;
125 : 6607A023;
126 : 0001F7B7;
127 : 6407A823;
128 : 0001F7B7;
129 : 6407A623;
12a : 0001F7B7;
12b : 6607AA23;
12c : 0001F7B7;
12d : 6607A623;
12e : 0001F7B7;
12f : 6407AE23;
130 : 0001F7B7;
131 : 7F078793;
132 : 4207AC23;
133 : 4207AE23;
134 : 4407A023;
135 : 4407A223;
136 : 4407A423;
137 : 4407A623;
138 : 4407A823;
139 : 4407AA23;
13a : 4407AC23;
13b : 4407AE23;
13c : 4607A023;
13d : 4607A223;
13e : 4607A423;
13f : 4607A623;
140 : 4607A823;
141 : 4607AA23;
142 : 4607AC23;
143 : 4607AE23;
144 : 4807A023;
145 : 4807A223;
146 : 4807A423;
147 : 4807A623;
148 : 4807A823;
149 : 4807AA23;
14a : 4807AC23;
14b : 4807AE23;
14c : 4A07A023;
14d : 4A07A223;
14e : 4A07A423;
14f : 4A07A623;
150 : 00008067;
151 : 0001F7B7;
152 : 6487A703;
153 : 00170713;
154 : 64E7A423;
155 : 6487A703;
156 : 00177713;
157 : 00071863;
158 : 6487A703;
159 : 00170713;
15a : 64E7A423;
15b : 0FF0000F;
15c : 0001F737;
15d : 64072223;
15e : 0001F737;
15f : 64072023;
160 : 0001F737;
161 : 62072E23;
162 : 0001F737;
163 : 62072C23;
164 : 0001F737;
165 : 62072A23;
166 : 0001F737;
167 : 62072823;
168 : 0001F737;
169 : 62072623;
16a : 0001F737;
16b : 62072423;
16c : 0001F737;
16d : 62072223;
16e : 0001F737;
16f : 62072023;
170 : 0001F737;
171 : 60072E23;
172 : 0001F737;
173 : 60072C23;
174 : 0001F737;
175 : 60072A23;
176 : 0001F737;
177 : 60072823;
178 : 0001F737;
179 : 5E072C23;
17a : 0001F737;
17b : 5E072023;
17c : 0001F737;
17d : 5C072E23;
17e : 0001F737;
17f : 5C072C23;
180 : 0001F737;
181 : 56072423;
182 : 0001F737;
183 : 5A072A23;
184 : 0001F737;
185 : 56072A23;
186 : 0001F737;
187 : 56072823;
188 : 0001F737;
189 : 00000693;
18a : 00000613;
18b : 56072623;
18c : 0001F737;
18d : 56D72223;
18e : 56C72023;
18f : 0001F737;
190 : 56072E23;
191 : 0001F737;
192 : 5C072823;
193 : 0001F737;
194 : 5CD72623;
195 : 5CC72423;
196 : 0001F737;
197 : 5C072023;
198 : 0001F737;
199 : 5A072E23;
19a : 0001F737;
19b : 60C72423;
19c : 60D72623;
19d : 0001F737;
19e : 5ED72A23;
19f : 5EC72823;
1a0 : 0001F737;
1a1 : 60D72223;
1a2 : 60C72023;
1a3 : 0001F737;
1a4 : 5ED72623;
1a5 : 5EC72423;
1a6 : 0001F737;
1a7 : 5E072E23;
1a8 : 0001F737;
1a9 : 5E072223;
1aa : 0001F737;
1ab : 5A072823;
1ac : 0001F737;
1ad : 5A072423;
1ae : 0001F737;
1af : 5A072623;
1b0 : 0001F737;
1b1 : 5AD72223;
1b2 : 5AC72023;
1b3 : 0001F737;
1b4 : 58D72E23;
1b5 : 58C72C23;
1b6 : 0001F737;
1b7 : 5C072A23;
1b8 : 0001F737;
1b9 : 5A072C23;
1ba : 0001F737;
1bb : 58072223;
1bc : 0001F737;
1bd : 58072823;
1be : 0001F737;
1bf : 58072623;
1c0 : 0001F737;
1c1 : 58072423;
1c2 : 0001F737;
1c3 : 58072023;
1c4 : 0001F737;
1c5 : 56072C23;
1c6 : 0001F737;
1c7 : 7F070713;
1c8 : 4B070693;
1c9 : 4F070713;
1ca : 0006A023;
1cb : 00468693;
1cc : FEE69CE3;
1cd : 0FF0000F;
1ce : 6487A703;
1cf : 00170713;
1d0 : 64E7A423;
1d1 : 00008067;
1d2 : 00052703;
1d3 : 00050793;
1d4 : 08872503;
1d5 : 04050A63;
1d6 : 0047A703;
1d7 : 0CC72503;
1d8 : 04050463;
1d9 : 00100737;
1da : 20472683;
1db : 00000513;
1dc : 20070713;
1dd : 0046F693;
1de : 02068863;
1df : 00472703;
1e0 : 00877713;
1e1 : 02071263;
1e2 : 00C7A503;
1e3 : 00300793;
1e4 : 00A7C663;
1e5 : 01F55513;
1e6 : 00008067;
1e7 : FF850513;
1e8 : 00353513;
1e9 : 00154513;
1ea : 00008067;
1eb : 41F5D793;
1ec : 00C52683;
1ed : 00B7C5B3;
1ee : 40F585B3;
1ef : 00052A23;
1f0 : 00052703;
1f1 : 01052783;
1f2 : 02B6CA63;
1f3 : 00452683;
1f4 : 00D75663;
1f5 : 00170713;
1f6 : 00E52023;
1f7 : 00052703;
1f8 : 04E69663;
1f9 : 0017B793;
1fa : 00F52A23;
1fb : 00100793;
1fc : 00F52823;
1fd : 00100513;
1fe : 00008067;
1ff : 00852683;
200 : 00E6D663;
201 : FFF70713;
202 : 00E52023;
203 : 00052703;
204 : 00E69E63;
205 : 00078C63;
206 : 00052023;
207 : 00F52A23;
208 : 00052823;
209 : FFF00513;
20a : 00008067;
20b : 00078513;
20c : 00008067;
20d : 02052A23;
20e : 00000693;
20f : 02D52C23;
210 : 00000713;
211 : 02E52E23;
212 : 04D52023;
213 : 04E52223;
214 : 04D52423;
215 : 01852783;
216 : 04E52623;
217 : 04052823;
218 : 04F52A23;
219 : 04F52C23;
21a : 00D52823;
21b : 00E52A23;
21c : 02F52623;
21d : 02052823;
21e : 04052E23;
21f : 00008067;
220 : FF010113;
221 : 00812423;
222 : 00112623;
223 : 00500793;
224 : 02F52423;
225 : 000107B7;
226 : FFB78793;
227 : 02F52623;
228 : 00100793;
229 : 02F52223;
22a : 00F52423;
22b : 03200793;
22c : 08F52623;
22d : 08F52223;
22e : 00A00793;
22f : 08F52423;
230 : 01400793;
231 : 0AF52623;
232 : 4B000793;
233 : 06F52A23;
234 : 3E800793;
235 : 06F52623;
236 : 06400793;
237 : 06F52823;
238 : 0001F7B7;
239 : 6FA7C783;
23a : 00008737;
23b : 02E52023;
23c : 00C00713;
23d : 00E52823;
23e : 0CC52E23;
23f : 12C00713;
240 : 40F60633;
241 : 0E052623;
242 : 0E052823;
243 : 00E52623;
244 : 0E052423;
245 : 0CB52C23;
246 : 0EC52223;
247 : 00050413;
248 : 00100793;
249 : 00060863;
24a : FFF60793;
24b : 0037F793;
24c : 00378793;
24d : 0EF42A23;
24e : 00061663;
24f : B0DFF0EF;
250 : C05FF0EF;
251 : 09842783;
252 : 00078663;
253 : 0007A223;
254 : 0207A423;
255 : 00840513;
256 : EDDFF0EF;
257 : 00C12083;
258 : 02042C23;
259 : 08042823;
25a : 08042023;
25b : 08042A23;
25c : 06042C23;
25d : 06042423;
25e : 06042E23;
25f : 00812403;
260 : 01010113;
261 : 00008067;
262 : 03452783;
263 : FE010113;
264 : 00812C23;
265 : 00912A23;
266 : 01212823;
267 : 01312623;
268 : 01412423;
269 : 01612223;
26a : 01712023;
26b : 00112E23;
26c : 00178793;
26d : 02F52A23;
26e : 00052783;
26f : 01052B03;
270 : 01452B83;
271 : 02F584B3;
272 : 00852603;
273 : 02B52423;
274 : 00058A13;
275 : 00050413;
276 : 02F597B3;
277 : 01648733;
278 : 009734B3;
279 : 00070913;
27a : 00452703;
27b : 00100513;
27c : 017787B3;
27d : 00F484B3;
27e : 02E587B3;
27f : 00048993;
280 : 02E59733;
281 : 012785B3;
282 : 00F5B7B3;
283 : 00970733;
284 : 00E787B3;
285 : FFF60713;
286 : 00E51533;
287 : 41F55713;
288 : 00A58533;
289 : 00E787B3;
28a : 00B535B3;
28b : 00F585B3;
28c : 655180EF;
28d : 01842783;
28e : 00A787B3;
28f : 02042503;
290 : 02A7D463;
291 : 01C42703;
292 : 00070863;
293 : 009BC663;
294 : 01749863;
295 : 012B7663;
296 : 01242823;
297 : 01342A23;
298 : FFF00713;
299 : 0400006F;
29a : 02442503;
29b : 02F55463;
29c : 01C42703;
29d : 00070863;
29e : 0174C663;
29f : 009B9863;
2a0 : 01697663;
2a1 : 01242823;
2a2 : 01342A23;
2a3 : 00100713;
2a4 : 0140006F;
2a5 : 01242823;
2a6 : 00942A23;
2a7 : 00078513;
2a8 : 00000713;
2a9 : 03642C23;
2aa : 03742E23;
2ab : 01042603;
2ac : 05242023;
2ad : 01442683;
2ae : 05342223;
2af : 04C42423;
2b0 : 04D42623;
2b1 : 05442823;
2b2 : 04F42A23;
2b3 : 04A42C23;
2b4 : 04E42E23;
2b5 : 03442783;
2b6 : 01C12083;
2b7 : 02A42623;
2b8 : 00178793;
2b9 : 02F42A23;
2ba : 01812403;
2bb : 01412483;
2bc : 01012903;
2bd : 00C12983;
2be : 00812A03;
2bf : 00412B03;
2c0 : 00012B83;
2c1 : 02010113;
2c2 : 00008067;
2c3 : 0D852783;
2c4 : F6010113;
2c5 : 08812C23;
2c6 : 08112E23;
2c7 : 08912A23;
2c8 : 09212823;
2c9 : 09312623;
2ca : 09412423;
2cb : 09512223;
2cc : 09612023;
2cd : 07712E23;
2ce : 07812C23;
2cf : 07912A23;
2d0 : 07A12823;
2d1 : 07B12623;
2d2 : 00050413;
2d3 : 00C79463;
2d4 : 0AB52E23;
2d5 : 0DC42783;
2d6 : 00F61463;
2d7 : 0CB42223;
2d8 : 0BC42783;
2d9 : 0207CE63;
2da : 0A442703;
2db : 00E78A63;
2dc : 40E78733;
2dd : 06074A63;
2de : 08E42E23;
2df : 0AF42223;
2e0 : 0C042703;
2e1 : 00074C63;
2e2 : 00E7DA63;
2e3 : 0B442703;
2e4 : 004006B7;
2e5 : 00D70733;
2e6 : 0AE42A23;
2e7 : 0CF42023;
2e8 : 0C442703;
2e9 : 04075863;
2ea : 00000513;
2eb : 09C12083;
2ec : 09812403;
2ed : 09412483;
2ee : 09012903;
2ef : 08C12983;
2f0 : 08812A03;
2f1 : 08412A83;
2f2 : 08012B03;
2f3 : 07C12B83;
2f4 : 07812C03;
2f5 : 07412C83;
2f6 : 07012D03;
2f7 : 06C12D83;
2f8 : 0A010113;
2f9 : 00008067;
2fa : 004006B7;
2fb : 00D70733;
2fc : F89FF06F;
2fd : 0A842683;
2fe : 00D70A63;
2ff : 40D706B3;
300 : 0806CC63;
301 : 0AD42023;
302 : 0AE42423;
303 : 0C842683;
304 : 0006CC63;
305 : 00D75A63;
306 : 0B842683;
307 : 00400637;
308 : 00C686B3;
309 : 0AD42C23;
30a : 0CE42423;
30b : F607CEE3;
30c : 0B042683;
30d : 00100613;
30e : 08C69263;
30f : 0B442583;
310 : 0B842603;
311 : 00B787B3;
312 : 00C70733;
313 : 04F75C63;
314 : 40E787B3;
315 : FFFFC737;
316 : 00E7F7B3;
317 : 40F587B3;
318 : 0AF42A23;
319 : 0B442603;
31a : 0B842783;
31b : 00064463;
31c : 0007DE63;
31d : 05F5E737;
31e : 10070713;
31f : 00E60633;
320 : 00E787B3;
321 : 0AC42A23;
322 : 0AF42C23;
323 : FFF68693;
324 : 0AD42823;
325 : 02C0006F;
326 : 00400637;
327 : 00C686B3;
328 : F65FF06F;
329 : 40F707B3;
32a : FFFFC737;
32b : 00E7F7B3;
32c : 40F607B3;
32d : 0AF42C23;
32e : FADFF06F;
32f : FCD048E3;
330 : 09C42783;
331 : 0A042903;
332 : 40F90933;
333 : 0E442783;
334 : 7A079663;
335 : 09042D03;
336 : 08042783;
337 : 01A03D33;
338 : 00F12823;
339 : 001D1D13;
33a : 00090593;
33b : 08040513;
33c : ABDFF0EF;
33d : 09442603;
33e : 09042703;
33f : 02060063;
340 : 02070063;
341 : 001007B7;
342 : 40078793;
343 : 01C7A783;
344 : 0F842683;
345 : 40D787B3;
346 : 10F42023;
347 : 76071663;
348 : 0AC42483;
349 : 00100993;
34a : 409004B3;
34b : 032484B3;
34c : 0E442C83;
34d : 780C9863;
34e : 00200793;
34f : 00000C13;
350 : 00F99863;
351 : 00842C83;
352 : 00100C13;
353 : 00042423;
354 : 06060863;
355 : 06070663;
356 : 03442583;
357 : 02042503;
358 : 01042603;
359 : 41F5D793;
35a : 41F55713;
35b : 40A58533;
35c : 40E787B3;
35d : 00A5B5B3;
35e : 40B785B3;
35f : 2D1180EF;
360 : 00C42783;
361 : 02F48733;
362 : 02F497B3;
363 : 40E50733;
364 : 00E53533;
365 : 40F587B3;
366 : 00842583;
367 : 40A787B3;
368 : 02B48633;
369 : 02B495B3;
36a : 40C70633;
36b : 00C73733;
36c : 00C42C23;
36d : 40B787B3;
36e : 40E787B3;
36f : 00F42E23;
370 : 00048593;
371 : 00840513;
372 : BC1FF0EF;
373 : 0E442603;
374 : 00050A13;
375 : 6E061E63;
376 : 05842B83;
377 : 06442B03;
378 : 04042783;
379 : 04442803;
37a : 04842703;
37b : 00F12423;
37c : 04C42783;
37d : 05042783;
37e : 01012623;
37f : 05442803;
380 : 0D442A83;
381 : 00842D83;
382 : 00F12023;
383 : 01012223;
384 : 00A12C23;
385 : 000C0463;
386 : 01942423;
387 : 0F042783;
388 : 02079263;
389 : 0F000737;
38a : 01861793;
38b : 00E7F7B3;
38c : 008A1713;
38d : 00875713;
38e : 00E7E7B3;
38f : 00100737;
390 : 24F72223;
391 : 0F442783;
392 : 0D442683;
393 : 010008B7;
394 : 01C79713;
395 : FFF88793;
396 : 00F6F533;
397 : 080005B7;
398 : 00E56533;
399 : 00100337;
39a : 00B56533;
39b : 24A32623;
39c : 0D042803;
39d : 09000E37;
39e : 20030593;
39f : 00F87533;
3a0 : 00E56533;
3a1 : 01C56533;
3a2 : 24A32623;
3a3 : 41C32503;
3a4 : 07000337;
3a5 : 00F57533;
3a6 : 00E56533;
3a7 : 00656533;
3a8 : 04A5A623;
3a9 : 09C42503;
3aa : 03000337;
3ab : 00F57533;
3ac : 00E56533;
3ad : 00656533;
3ae : 04A5A623;
3af : 0A042503;
3b0 : 02000337;
3b1 : 00F57533;
3b2 : 00E56533;
3b3 : 00656533;
3b4 : 04A5A623;
3b5 : 00F4F533;
3b6 : 00E56533;
3b7 : 011568B3;
3b8 : 0515A623;
3b9 : 0E042503;
3ba : 00150893;
3bb : 00F57533;
3bc : 0F142023;
3bd : 00E56533;
3be : 050008B7;
3bf : 00FA77B3;
3c0 : 00E7E7B3;
3c1 : 01156533;
3c2 : 80000737;
3c3 : 04A5A623;
3c4 : 00E7E7B3;
3c5 : 04F5A623;
3c6 : 0B442583;
3c7 : FFF00793;
3c8 : 0BEBC737;
3c9 : 0CF42223;
3ca : 0AF42E23;
3cb : 20070713;
3cc : 02B75263;
3cd : 0B842783;
3ce : 00F75E63;
3cf : FA0A2737;
3d0 : F0070713;
3d1 : 00E585B3;
3d2 : 00E787B3;
3d3 : 0AB42A23;
3d4 : 0AF42C23;
3d5 : 0CC42783;
3d6 : 02078263;
3d7 : 0EC42783;
3d8 : 00079E63;
3d9 : 5906DE63;
3da : 0B442783;
3db : 00168693;
3dc : 0CD42A23;
3dd : FFF78793;
3de : 0AF42A23;
3df : 09042783;
3e0 : 00000C93;
3e1 : 08078863;
3e2 : 02061463;
3e3 : 07842783;
3e4 : 06842C83;
3e5 : 00078463;
3e6 : 008D6D13;
3e7 : 07442783;
3e8 : 40F00733;
3e9 : 56E4CA63;
3ea : 5697C863;
3eb : 060D6D13;
3ec : 00048593;
3ed : 06840513;
3ee : FF4FF0EF;
3ef : 07C42783;
3f0 : 04078263;
3f1 : 07842683;
3f2 : 0F442783;
3f3 : 00200713;
3f4 : 00069463;
3f5 : 00400713;
3f6 : 01C79793;
3f7 : 00E7E7B3;
3f8 : 86000737;
3f9 : 00E7E7B3;
3fa : 00100737;
3fb : 24F72623;
3fc : 00068A63;
3fd : 41C72783;
3fe : 0F842703;
3ff : 40E787B3;
400 : 0EF42E23;
401 : 09842783;
402 : 07842703;
403 : 50079A63;
404 : 0CE42623;
405 : 0E442603;
406 : 44061A63;
407 : 08042783;
408 : 00F12E23;
409 : 06842783;
40a : 02F12023;
40b : 09042783;
40c : 00078463;
40d : 004D6D13;
40e : 07842783;
40f : 00078463;
410 : 010D6D13;
411 : 0F042783;
412 : 200D6713;
413 : 00079463;
414 : 100D6713;
415 : 0001F7B7;
416 : 6807AE03;
417 : 001E0893;
418 : 6917A023;
419 : 0001F7B7;
41a : 67C7A683;
41b : 00168693;
41c : 66D7AE23;
41d : 00D12A23;
41e : 00100793;
41f : 54F99263;
420 : 0001F6B7;
421 : 6786A783;
422 : 00178793;
423 : 66F6AC23;
424 : 0001F7B7;
425 : 6717AA23;
426 : 0001F6B7;
427 : 65C6A783;
428 : 04078063;
429 : 03378E63;
42a : 00100593;
42b : 56B79863;
42c : 00200593;
42d : 00B99A63;
42e : 0001F537;
42f : 65852583;
430 : 00158593;
431 : 64B52C23;
432 : 0001F5B7;
433 : 00879793;
434 : 6515A823;
435 : 0137E7B3;
436 : 0001F5B7;
437 : 64F5A623;
438 : 0001F7B7;
439 : 6536AE23;
43a : 6F07A683;
43b : 0D842503;
43c : 00010337;
43d : 02D12223;
43e : 0DC42683;
43f : FFF30313;
440 : 00851813;
441 : 01069593;
442 : 00FF0EB7;
443 : 01D5F5B3;
444 : 00687833;
445 : 00B86833;
446 : 05842583;
447 : 00869693;
448 : 0066F6B3;
449 : 02B12423;
44a : 06442583;
44b : 037D83B3;
44c : 00176D13;
44d : 02B12623;
44e : 0E042583;
44f : 02B12823;
450 : 0FF57593;
451 : 00B6E5B3;
452 : 0001F6B7;
453 : 6786A683;
454 : 037D9333;
455 : 02D12A23;
456 : 0001F6B7;
457 : 6706A683;
458 : 02D12C23;
459 : 0001F6B7;
45a : 6586A683;
45b : 02D12E23;
45c : 0001F6B7;
45d : 6546A683;
45e : 04D12023;
45f : 0001F6B7;
460 : 6686A683;
461 : 04D12223;
462 : 0001F6B7;
463 : 6646A683;
464 : 04D12423;
465 : 0001F6B7;
466 : 6606A683;
467 : 04D12623;
468 : 0001F6B7;
469 : 6506A683;
46a : 04D12823;
46b : 0001F6B7;
46c : 64C6A683;
46d : 04D12A23;
46e : 0001F6B7;
46f : 6746A683;
470 : 04D12C23;
471 : 0001F6B7;
472 : 66C6A683;
473 : 04D12E23;
474 : 6F07A283;
475 : 00812683;
476 : 00012783;
477 : 00C12503;
478 : 40D78FB3;
479 : 00412683;
47a : 01F7B7B3;
47b : 40A68EB3;
47c : 40FE8EB3;
47d : 0001F7B7;
47e : 6487A683;
47f : 00168513;
480 : 00157F13;
481 : 000F1463;
482 : 00268513;
483 : 64A7A423;
484 : 0FF0000F;
485 : 0001F7B7;
486 : 6517A223;
487 : 0001F7B7;
488 : 6457A023;
489 : 0001F7B7;
48a : 6307AE23;
48b : 0001F7B7;
48c : 62B7AC23;
48d : 0001F7B7;
48e : 6337AA23;
48f : 0001F7B7;
490 : 63A7A823;
491 : 0001F7B7;
492 : 01812683;
493 : 6297A623;
494 : 0001F7B7;
495 : 6327A423;
496 : 0001F7B7;
497 : 6377A223;
498 : 0001F7B7;
499 : 62D7A023;
49a : 0001F7B7;
49b : 0001F6B7;
49c : 6167AE23;
49d : 0001F7B7;
49e : 6157AC23;
49f : 6146A783;
4a0 : 00178793;
4a1 : 60F6AA23;
4a2 : 0001F7B7;
4a3 : 00100693;
4a4 : 7F078793;
4a5 : 3AD99463;
4a6 : 0001F6B7;
4a7 : 6106A703;
4a8 : 00170713;
4a9 : 60E6A823;
4aa : 0001F6B7;
4ab : 6086A703;
4ac : 60C6A603;
4ad : 01F70E33;
4ae : 00EE3733;
4af : 01D60633;
4b0 : 00C70733;
4b1 : 61C6A423;
4b2 : 60E6A623;
4b3 : 0001F6B7;
4b4 : 6006A703;
4b5 : 6046A603;
4b6 : 00770E33;
4b7 : 00EE3733;
4b8 : 00660633;
4b9 : 00C70733;
4ba : 60E6A223;
4bb : 61C6A023;
4bc : 0001F6B7;
4bd : 5FC6A703;
4be : 00170713;
4bf : 5EE6AE23;
4c0 : 000B0A63;
4c1 : 0001F6B7;
4c2 : 5B06A703;
4c3 : 00170713;
4c4 : 5AE6A823;
4c5 : 007F9463;
4c6 : 026E8463;
4c7 : 0001F6B7;
4c8 : 5AC6A703;
4c9 : 00170713;
4ca : 5AE6A623;
4cb : 000B0A63;
4cc : 0001F6B7;
4cd : 5A86A703;
4ce : 00170713;
4cf : 5AE6A423;
4d0 : 00812603;
4d1 : 00C12683;
4d2 : 0001F737;
4d3 : 5AC72023;
4d4 : 5AD72223;
4d5 : 00012603;
4d6 : 00412683;
4d7 : 0001F737;
4d8 : 58C72C23;
4d9 : 58D72E23;
4da : 0FF0000F;
4db : 0001F737;
4dc : 00150513;
4dd : 64A72423;
4de : 0001F737;
4df : 55872603;
4e0 : 00160693;
4e1 : 0016F513;
4e2 : 00051463;
4e3 : 00260693;
4e4 : 00168613;
4e5 : 54D72C23;
4e6 : 0FF0000F;
4e7 : 02412683;
4e8 : 42C7AC23;
4e9 : 4317AE23;
4ea : 44D7A023;
4eb : 4507A223;
4ec : 4527A423;
4ed : 02812683;
4ee : 4537A623;
4ef : 4497A823;
4f0 : 44D7AA23;
4f1 : 02C12683;
4f2 : 4547AC23;
4f3 : 44D7AE23;
4f4 : 01012683;
4f5 : 47A7A023;
4f6 : 46D7A223;
4f7 : 01C12683;
4f8 : 46D7A423;
4f9 : 02012683;
4fa : 4797A623;
4fb : 46D7A823;
4fc : 03012683;
4fd : 46D7AA23;
4fe : 01412683;
4ff : 46B7AC23;
500 : 46D7AE23;
501 : 03412683;
502 : 48D7A023;
503 : 03812683;
504 : 48D7A223;
505 : 03C12683;
506 : 48D7A423;
507 : 04012683;
508 : 48D7A623;
509 : 04412683;
50a : 48D7A823;
50b : 04812683;
50c : 48D7AA23;
50d : 04C12683;
50e : 48D7AC23;
50f : 05012683;
510 : 48D7AE23;
511 : 05412683;
512 : 4AD7A023;
513 : 00100693;
514 : 4AD7A223;
515 : 05812683;
516 : 4AD7A423;
517 : 05C12683;
518 : 4AD7A623;
519 : 0FF0000F;
51a : 54C72C23;
51b : 0CC42503;
51c : F2050E63;
51d : 00100513;
51e : F34FF06F;
51f : 00012823;
520 : 00000D13;
521 : 865FF06F;
522 : 0BC42683;
523 : 0B442783;
524 : 00200993;
525 : 00D787B3;
526 : 0B842683;
527 : 40D787B3;
528 : 0C442683;
529 : 40D787B3;
52a : 01279493;
52b : 01279693;
52c : 0124D493;
52d : 8606DEE3;
52e : FFFFC7B7;
52f : 00F4E4B3;
530 : 871FF06F;
531 : 00000C93;
532 : 00000C13;
533 : 8F5FF06F;
534 : 00000793;
535 : 00000813;
536 : 00F12023;
537 : 01012223;
538 : 00F12423;
539 : 01012623;
53a : 00000D93;
53b : 00000A93;
53c : 00000B13;
53d : 00012C23;
53e : 00000B93;
53f : 919FF06F;
540 : A6D85EE3;
541 : 0B442783;
542 : FFF68693;
543 : 0CD42A23;
544 : 00178793;
545 : A65FF06F;
546 : 0A0D6D13;
547 : A95FF06F;
548 : 0287A683;
549 : 04068863;
54a : 04071263;
54b : 0007A223;
54c : 0C042623;
54d : 0047A703;
54e : 00471713;
54f : 00E78733;
550 : 00872683;
551 : 00D42623;
552 : 00C72683;
553 : 00D42423;
554 : 01072683;
555 : 01472703;
556 : 06042423;
557 : 00D42823;
558 : 06E42623;
559 : 06042E23;
55a : 06042C23;
55b : 07842703;
55c : 03C0006F;
55d : FE070CE3;
55e : 0F442703;
55f : 060006B7;
560 : 00368693;
561 : 01C71713;
562 : 00D76733;
563 : 001006B7;
564 : 24E6A623;
565 : 0007A683;
566 : 0047A703;
567 : FFF68693;
568 : 00D71A63;
569 : 00100713;
56a : 0CE42623;
56b : 02E7A423;
56c : A65FF06F;
56d : 00170713;
56e : 00E7A223;
56f : F79FF06F;
570 : 0001F837;
571 : 67082683;
572 : 0001F537;
573 : 66852303;
574 : 00168693;
575 : 66D82823;
576 : 00130313;
577 : 0001F6B7;
578 : 0001F5B7;
579 : 6716A623;
57a : 66652423;
57b : 04077693;
57c : 6645A783;
57d : 00068663;
57e : 00178793;
57f : 66F5A223;
580 : 08077793;
581 : A8078AE3;
582 : 0001F6B7;
583 : 6606A783;
584 : 00178793;
585 : 66F6A023;
586 : A81FF06F;
587 : 00200513;
588 : AAA794E3;
589 : AAB992E3;
58a : 0001F537;
58b : 65452583;
58c : 00158593;
58d : 64B52A23;
58e : A91FF06F;
58f : 0001FF37;
590 : 5F8F2683;
591 : 00168693;
592 : 5EDF2C23;
593 : 0001FF37;
594 : 5F0F2683;
595 : 5F4F2B83;
596 : 01F68C33;
597 : 00DC36B3;
598 : 01DB8BB3;
599 : 017686B3;
59a : 5F8F2823;
59b : 5EDF2A23;
59c : 0001FF37;
59d : 5E8F2683;
59e : 5ECF2B83;
59f : 00768C33;
5a0 : 00DC36B3;
5a1 : 006B8BB3;
5a2 : 017686B3;
5a3 : 5EDF2623;
5a4 : 5F8F2423;
5a5 : 0001FF37;
5a6 : 5E4F2683;
5a7 : 00168693;
5a8 : 5EDF2223;
5a9 : 0001FF37;
5aa : 5E0F2683;
5ab : 00168693;
5ac : 5EDF2023;
5ad : 04077693;
5ae : 00068A63;
5af : 0001FF37;
5b0 : 5DCF2683;
5b1 : 00168693;
5b2 : 5CDF2E23;
5b3 : 08077713;
5b4 : 00070A63;
5b5 : 0001F6B7;
5b6 : 5D86A703;
5b7 : 00170713;
5b8 : 5CE6AC23;
5b9 : 000026B7;
5ba : 00D486B3;
5bb : 00004F37;
5bc : 40A6D713;
5bd : 03E6E263;
5be : 0001F6B7;
5bf : 5D46A703;
5c0 : 00170713;
5c1 : 5CE6AA23;
5c2 : FFFFE6B7;
5c3 : 00000713;
5c4 : 00D4C463;
5c5 : 00F00713;
5c6 : 00271713;
5c7 : 00E78733;
5c8 : 4B072683;
5c9 : 0001FBB7;
5ca : 5CCBAD83;
5cb : 00168693;
5cc : 4AD72823;
5cd : 0001F737;
5ce : 5D072F03;
5cf : 41F95693;
5d0 : 00DD86B3;
5d1 : 001F0F13;
5d2 : 5DE72823;
5d3 : 5C8BA703;
5d4 : 01270C33;
5d5 : 00EC3733;
5d6 : 00D70733;
5d7 : 5CEBA623;
5d8 : 5D8BA423;
5d9 : 00100B93;
5da : 0001F6B7;
5db : 0001F737;
5dc : 017F1863;
5dd : 5D26A023;
5de : 5B272E23;
5df : 0180006F;
5e0 : 5C06AF03;
5e1 : 01E95463;
5e2 : 5D26A023;
5e3 : 5BC72683;
5e4 : FF26C4E3;
5e5 : 0001F737;
5e6 : 5B872703;
5e7 : 0A070C63;
5e8 : 0001F6B7;
5e9 : 5906A683;
5ea : 0001F737;
5eb : 58072703;
5ec : 18D29263;
5ed : 0001F6B7;
5ee : 58C6A683;
5ef : 16D81C63;
5f0 : 0001F6B7;
5f1 : 5886A683;
5f2 : 16D59663;
5f3 : 0001F6B7;
5f4 : 5846A683;
5f5 : 16DE1063;
5f6 : 40EA8633;
5f7 : 00163613;
5f8 : 00EA8A63;
5f9 : 0001F6B7;
5fa : 57C6A703;
5fb : 00170713;
5fc : 56E6AE23;
5fd : 14060263;
5fe : 0001F6B7;
5ff : 5786A603;
600 : 41F4D713;
601 : 00002DB7;
602 : 41F65F13;
603 : 40C48633;
604 : 41E706B3;
605 : 00C4BE33;
606 : 41C686B3;
607 : FFFFCC37;
608 : 01B60E33;
609 : 00CE3BB3;
60a : FFFC0C13;
60b : 00DB8BB3;
60c : 018E7E33;
60d : 017E6E33;
60e : 00060713;
60f : 00068F13;
610 : 040E1A63;
611 : 0001F6B7;
612 : 5746A703;
613 : 00170713;
614 : 56E6AA23;
615 : 0001F737;
616 : 00100693;
617 : 5AD72C23;
618 : 0001F737;
619 : 59172223;
61a : 0001F737;
61b : 58572823;
61c : 0001F737;
61d : 59072623;
61e : 0001F737;
61f : 58B72423;
620 : 0001F737;
621 : 59572023;
622 : 0001F737;
623 : 56972C23;
624 : A71FF06F;
625 : 00D04663;
626 : 06069263;
627 : 06CDF063;
628 : FFFFC737;
629 : 00E60733;
62a : 00C73633;
62b : FFF68693;
62c : 00D60F33;
62d : 0001F637;
62e : 57062683;
62f : 00168693;
630 : 56D62823;
631 : 0001F637;
632 : 56862683;
633 : 0001FE37;
634 : 00168693;
635 : 56D62423;
636 : 560E2683;
637 : 564E2603;
638 : 00E68733;
639 : 00D736B3;
63a : 01E60F33;
63b : 01E686B3;
63c : 56EE2023;
63d : 56DE2223;
63e : F5DFF06F;
63f : FFF00E13;
640 : 01C6C863;
641 : FDC690E3;
642 : FFFFEE37;
643 : FBC67CE3;
644 : 00004737;
645 : 00E60733;
646 : 00C73633;
647 : 00D60F33;
648 : 0001F637;
649 : 56C62683;
64a : 00168693;
64b : 56D62623;
64c : F95FF06F;
64d : EAEA98E3;
64e : 0001F6B7;
64f : 5B46A703;
650 : 00170713;
651 : 5AE6AA23;
652 : F0DFF06F;
653 : 001017B7;
654 : A0078793;
655 : 00F50533;
656 : 00052503;
657 : 00008067;
658 : 00000793;
659 : 00A79463;
65a : 00008067;
65b : 00000013;
65c : 00178793;
65d : FF1FF06F;
65e : 00050A63;
65f : 00052783;
660 : 00C7A303;
661 : 00030463;
662 : 00030067;
663 : 00000513;
664 : 00008067;
665 : 00054783;
666 : 00078863;
667 : 00100713;
668 : 02E78E63;
669 : 00008067;
66a : 02D58063;
66b : 00154783;
66c : 00400713;
66d : 00178793;
66e : 0FF7F793;
66f : 00F500A3;
670 : 00F76863;
671 : 00008067;
672 : 000500A3;
673 : 00008067;
674 : 00100793;
675 : 00F51023;
676 : 00008067;
677 : FED596E3;
678 : 00154783;
679 : 00400713;
67a : 00178793;
67b : 0FF7F793;
67c : 00F500A3;
67d : 00F77A63;
67e : 00200793;
67f : E0C60613;
680 : 00F50023;
681 : 00C52223;
682 : 00008067;
683 : 001007B7;
684 : 00452703;
685 : 40078793;
686 : 0047A783;
687 : 00100513;
688 : 00E51533;
689 : 00F57533;
68a : 00A03533;
68b : 00008067;
68c : 00452783;
68d : 00100713;
68e : 00F71733;
68f : 001007B7;
690 : 40078793;
691 : 00058663;
692 : 00E7A223;
693 : 00008067;
694 : 00E7A423;
695 : 00008067;
696 : 00008067;
697 : 00852803;
698 : 00050793;
699 : 00A00893;
69a : 00000513;
69b : 00D00313;
69c : 00A58733;
69d : 00074683;
69e : 00069463;
69f : 00008067;
6a0 : 00C7A603;
6a1 : 00082703;
6a2 : 00467613;
6a3 : 00060C63;
6a4 : 01169A63;
6a5 : 00072603;
6a6 : 00167613;
6a7 : FE061CE3;
6a8 : 00672423;
6a9 : 00072603;
6aa : 00167613;
6ab : FE061CE3;
6ac : 00D72423;
6ad : 00150513;
6ae : FB9FF06F;
6af : 0001F6B7;
6b0 : 4DE6D703;
6b1 : 0001F7B7;
6b2 : 7F078793;
6b3 : 00E787B3;
6b4 : 00151513;
6b5 : 00270713;
6b6 : 4EA78823;
6b7 : 4EB788A3;
6b8 : 4CE69F23;
6b9 : 00008067;
6ba : 0001B6B7;
6bb : FFF58593;
6bc : 00000793;
6bd : 00000713;
6be : A0068693;
6bf : 0FD00893;
6c0 : 0F900313;
6c1 : 0FF00E13;
6c2 : FA200E93;
6c3 : 01C00813;
6c4 : 00E68633;
6c5 : 00064603;
6c6 : 01161E63;
6c7 : 00F50633;
6c8 : 01D60023;
6c9 : 00170713;
6ca : 00178793;
6cb : FF0712E3;
6cc : 00008067;
6cd : 00661A63;
6ce : 00F50633;
6cf : 00064603;
6d0 : 00C787B3;
6d1 : FE1FF06F;
6d2 : FDC61EE3;
6d3 : 00F50633;
6d4 : 40F58F33;
6d5 : 01E60023;
6d6 : FCDFF06F;
6d7 : FF010113;
6d8 : 00112623;
6d9 : 00812423;
6da : 00654783;
6db : 02000713;
6dc : 00F75463;
6dd : 02000793;
6de : FA200713;
6df : 0FF7F413;
6e0 : 00F507B3;
6e1 : 00E783A3;
6e2 : 00A7C783;
6e3 : 00400713;
6e4 : 00F75463;
6e5 : 00400793;
6e6 : 00F40433;
6e7 : 0FF47413;
6e8 : 008507B3;
6e9 : 00B786A3;
6ea : 0167C583;
6eb : 00100713;
6ec : 00E78823;
6ed : 02800793;
6ee : 00B7D463;
6ef : 02800593;
6f0 : 00B40433;
6f1 : 0FF47413;
6f2 : 008507B3;
6f3 : 01940413;
6f4 : 0FF47413;
6f5 : 00500713;
6f6 : 00040593;
6f7 : 00E78BA3;
6f8 : 00078C23;
6f9 : F05FF0EF;
6fa : 00C12083;
6fb : 00040513;
6fc : 00812403;
6fd : 01010113;
6fe : 00008067;
6ff : 00050793;
700 : 00060513;
701 : 00C58633;
702 : 00C59463;
703 : 00008067;
704 : 0007D683;
705 : 00158593;
706 : 00168713;
707 : 01071713;
708 : 01075713;
709 : 00E79023;
70a : FFF5C803;
70b : 00D786B3;
70c : 01068523;
70d : 0067D683;
70e : FCE698E3;
70f : 00079023;
710 : FC9FF06F;
711 : 00050793;
712 : 00060513;
713 : 00069463;
714 : 00060693;
715 : 00068713;
716 : 00D57463;
717 : 00050713;
718 : 00E78633;
719 : 02C79463;
71a : 02A6F063;
71b : 0025D783;
71c : 0065D703;
71d : 00F507B3;
71e : 40D786B3;
71f : 00D59123;
720 : 0025D783;
721 : 04F76063;
722 : 00008067;
723 : 0025D703;
724 : 00178793;
725 : 00E58733;
726 : 00A74703;
727 : FEE78FA3;
728 : 0025D703;
729 : 0065D803;
72a : 00170713;
72b : 01071713;
72c : 01075713;
72d : 00E59123;
72e : FAE816E3;
72f : 00059123;
730 : FA5FF06F;
731 : 40E787B3;
732 : 00F59123;
733 : FB5FF06F;
734 : 00100737;
735 : 22072683;
736 : 000107B7;
737 : 00A797B3;
738 : 00FF0537;
739 : 00A7F7B3;
73a : 00D7E7B3;
73b : 22F72023;
73c : 00008067;
73d : 00000713;
73e : 00000693;
73f : 02B6C663;
740 : 00010537;
741 : FFF50513;
742 : 01075793;
743 : 00A77733;
744 : 00E787B3;
745 : 0107D713;
746 : 00F70733;
747 : FFF74713;
748 : 00A77533;
749 : 00008067;
74a : 00169613;
74b : 00C50633;
74c : 00065783;
74d : 00065603;
74e : 00168693;
74f : 00879793;
750 : 00865613;
751 : 00C7E7B3;
752 : 01079793;
753 : 0107D793;
754 : 00F70733;
755 : FA9FF06F;
756 : FC010113;
757 : 02812C23;
758 : 02912A23;
759 : 03212823;
75a : 03312623;
75b : 03412423;
75c : 01812C23;
75d : 01912A23;
75e : 02112E23;
75f : 03512223;
760 : 03612023;
761 : 01712E23;
762 : 01A12823;
763 : 00050413;
764 : 00058913;
765 : 00C50993;
766 : 01050A13;
767 : 01450C93;
768 : 01650C13;
769 : 00060493;
76a : 04061463;
76b : 00400613;
76c : 00098593;
76d : 00810513;
76e : 0E10E0EF;
76f : 00400613;
770 : 000A0593;
771 : 00410513;
772 : 0D10E0EF;
773 : 00200613;
774 : 000C8593;
775 : 00E10513;
776 : 0C10E0EF;
777 : 00200613;
778 : 000C0593;
779 : 00C10513;
77a : 0B10E0EF;
77b : 00410493;
77c : 00840B93;
77d : 00400613;
77e : 00048593;
77f : 000B8513;
780 : 0990E0EF;
781 : 00448A93;
782 : 00400613;
783 : 000A8593;
784 : 00098513;
785 : 0850E0EF;
786 : FEC90B13;
787 : 408B5D13;
788 : 000017B7;
789 : 10078793;
78a : 0FFB7B13;
78b : 0FFD7D13;
78c : 00F41823;
78d : 016409A3;
78e : 00200613;
78f : 00848593;
790 : 01A40923;
791 : 000C8513;
792 : 0510E0EF;
793 : 00200613;
794 : 00A48593;
795 : 000C0513;
796 : 0410E0EF;
797 : FF990593;
798 : 01640CA3;
799 : 01A40C23;
79a : 00041D23;
79b : 01240B33;
79c : 000B4C03;
79d : 4015D593;
79e : 000B0023;
79f : 000B8513;
7a0 : E75FF0EF;
7a1 : 01051513;
7a2 : 01055513;
7a3 : 018B0023;
7a4 : 00051663;
7a5 : 00010537;
7a6 : FFF50513;
7a7 : 00851793;
7a8 : 00855513;
7a9 : 00A7E533;
7aa : 04500793;
7ab : 00F41023;
7ac : 00891793;
7ad : 01091913;
7ae : 01095913;
7af : 00895913;
7b0 : 0127E933;
7b1 : 000017B7;
7b2 : 13F78793;
7b3 : 00F42423;
7b4 : 00A41D23;
7b5 : 01241123;
7b6 : 00048593;
7b7 : 00042223;
7b8 : 00400613;
7b9 : 00098513;
7ba : 7B00E0EF;
7bb : 000A8593;
7bc : 00400613;
7bd : 000A0513;
7be : 7A00E0EF;
7bf : 00040513;
7c0 : 00A00593;
7c1 : DF1FF0EF;
7c2 : 00851793;
7c3 : 01051513;
7c4 : 01055513;
7c5 : 00855513;
7c6 : 00A7E533;
7c7 : 03C12083;
7c8 : 00A41523;
7c9 : 03812403;
7ca : 03412483;
7cb : 03012903;
7cc : 02C12983;
7cd : 02812A03;
7ce : 02412A83;
7cf : 02012B03;
7d0 : 01C12B83;
7d1 : 01812C03;
7d2 : 01412C83;
7d3 : 01012D03;
7d4 : 04010113;
7d5 : 00008067;
7d6 : 0016F793;
7d7 : 1C079E63;
7d8 : FB010113;
7d9 : 04812423;
7da : 04912223;
7db : 03412C23;
7dc : 03512A23;
7dd : 03612823;
7de : 03712623;
7df : 03912223;
7e0 : 04112623;
7e1 : 05212023;
7e2 : 03312E23;
7e3 : 03812423;
7e4 : 00054983;
7e5 : 0046FB93;
7e6 : 00050A13;
7e7 : 40B989B3;
7e8 : 00158593;
7e9 : 00060413;
7ea : 00068A93;
7eb : 00B504B3;
7ec : 0086FC93;
7ed : 01703B33;
7ee : 01044903;
7ef : 04090A63;
7f0 : 00042C03;
7f1 : 00090613;
7f2 : 0129D463;
7f3 : 00098613;
7f4 : 0FF67613;
7f5 : 00048593;
7f6 : 000C0513;
7f7 : 0280E0EF;
7f8 : 01851513;
7f9 : 41855513;
7fa : 060C8463;
7fb : 00090613;
7fc : 000C0593;
7fd : 00048513;
7fe : 6A00E0EF;
7ff : 01044783;
800 : 00100713;
801 : 00000B13;
802 : 00F487B3;
803 : 00E78023;
804 : 01044783;
805 : 06079663;
806 : 00000513;
807 : 04C12083;
808 : 04812403;
809 : 04412483;
80a : 04012903;
80b : 03C12983;
80c : 03812A03;
80d : 03412A83;
80e : 03012B03;
80f : 02C12B83;
810 : 02812C03;
811 : 02412C83;
812 : 05010113;
813 : 00008067;
814 : 020B8263;
815 : 0E051663;
816 : F9395AE3;
817 : 00190913;
818 : FB3908E3;
819 : 000B8A63;
81a : 01395863;
81b : 00100B13;
81c : FA1FF06F;
81d : FE0504E3;
81e : 01440413;
81f : F3DFF06F;
820 : 00C42783;
821 : 00912623;
822 : 00F12C23;
823 : 01045783;
824 : 00F11E23;
825 : 000B0863;
826 : 0014C783;
827 : 00178793;
828 : 00F480A3;
829 : 01044503;
82a : 00442783;
82b : 00C10593;
82c : 00150513;
82d : 00A48533;
82e : 000780E7;
82f : 04051E63;
830 : F40B0CE3;
831 : 02444603;
832 : F40608E3;
833 : 01442583;
834 : 00048513;
835 : 01440413;
836 : 5C00E0EF;
837 : 01044783;
838 : 00100713;
839 : 00C10593;
83a : 00F487B3;
83b : 00E78023;
83c : 00C42783;
83d : 01044503;
83e : 00F12C23;
83f : 01045783;
840 : 00150513;
841 : 00A48533;
842 : 00F11E23;
843 : 00442783;
844 : 000780E7;
845 : F00502E3;
846 : F00542E3;
847 : 01044783;
848 : 00CAFA93;
849 : 00178793;
84a : 00F50533;
84b : EE0A88E3;
84c : 00FA0023;
84d : EE9FF06F;
84e : FFC00513;
84f : 00008067;
850 : F2A05CE3;
851 : EA9FF06F;
852 : FC010113;
853 : 02812C23;
854 : 02912A23;
855 : 03212823;
856 : 03312623;
857 : 03512223;
858 : 03612023;
859 : 01712E23;
85a : 01812C23;
85b : 02112E23;
85c : 03412423;
85d : 01912A23;
85e : 01A12823;
85f : 01B12623;
860 : 00054A03;
861 : 00050A93;
862 : 00060413;
863 : 40BA0A33;
864 : 00158593;
865 : 00B504B3;
866 : 0086FB93;
867 : 00000993;
868 : 0036FC13;
869 : 0046FB13;
86a : 0016F913;
86b : 01044C83;
86c : 100C8063;
86d : 000C8D13;
86e : 000B9863;
86f : 019A5463;
870 : 000A0D13;
871 : 0FFD7D13;
872 : 000C0463;
873 : 034C9863;
874 : 00042D83;
875 : 020B9863;
876 : 000D0613;
877 : 00048593;
878 : 000D8513;
879 : 6210D0EF;
87a : 01851993;
87b : 4189D993;
87c : 0C099863;
87d : 020B0C63;
87e : 01AC9E63;
87f : 01440413;
880 : FADFF06F;
881 : 00098663;
882 : 0A0B1E63;
883 : 0200006F;
884 : 000B0E63;
885 : 000C8613;
886 : 000D8593;
887 : 00048513;
888 : 4780E0EF;
889 : 01044783;
88a : 00FA8023;
88b : 02091463;
88c : 01044503;
88d : 00442783;
88e : 00040593;
88f : 00A48533;
890 : 000780E7;
891 : FA050CE3;
892 : 01044783;
893 : 00A78533;
894 : 0200006F;
895 : 00842783;
896 : 06078063;
897 : 01044503;
898 : 00040593;
899 : 00A48533;
89a : 000780E7;
89b : FC0552E3;
89c : 03C12083;
89d : 03812403;
89e : 03412483;
89f : 03012903;
8a0 : 02C12983;
8a1 : 02812A03;
8a2 : 02412A83;
8a3 : 02012B03;
8a4 : 01C12B83;
8a5 : 01812C03;
8a6 : 01412C83;
8a7 : 01012D03;
8a8 : 00C12D83;
8a9 : 04010113;
8aa : 00008067;
8ab : F53058E3;
8ac : 00000513;
8ad : FBDFF06F;
8ae : FFC00513;
8af : FB5FF06F;
8b0 : FE0B06E3;
8b1 : F53048E3;
8b2 : F20B8AE3;
8b3 : F49FF06F;
8b4 : FE010113;
8b5 : 00112E23;
8b6 : 04054063;
8b7 : 41F55793;
8b8 : 01255713;
8b9 : 00E79793;
8ba : 00E51513;
8bb : 000025B7;
8bc : 00E7E7B3;
8bd : 00A12423;
8be : F4058593;
8bf : 00810513;
8c0 : 00F12623;
8c1 : 1C0110EF;
8c2 : 00812503;
8c3 : 01C12083;
8c4 : 02010113;
8c5 : 00008067;
8c6 : FFFFC7B7;
8c7 : 02F50533;
8c8 : 000025B7;
8c9 : F4058593;
8ca : 00A12423;
8cb : 41F55513;
8cc : 00A12623;
8cd : 00810513;
8ce : 18C110EF;
8cf : 00812503;
8d0 : 40A00533;
8d1 : FC9FF06F;
8d2 : F5010113;
8d3 : 0B212023;
8d4 : 09312E23;
8d5 : 09412C23;
8d6 : 0001B937;
8d7 : 0001B9B7;
8d8 : 0001CA37;
8d9 : 09512A23;
8da : 09712623;
8db : 09812423;
8dc : 0A112623;
8dd : 0A812423;
8de : 0A912223;
8df : 09612823;
8e0 : 09912223;
8e1 : 09A12023;
8e2 : 07B12E23;
8e3 : 00050C13;
8e4 : 00058B93;
8e5 : 00050A93;
8e6 : 9C090913;
8e7 : 89098993;
8e8 : F64A0A13;
8e9 : 000BC783;
8ea : 04079463;
8eb : 000A8023;
8ec : 0AC12083;
8ed : 0A812403;
8ee : 418A8533;
8ef : 0A412483;
8f0 : 0A012903;
8f1 : 09C12983;
8f2 : 09812A03;
8f3 : 09412A83;
8f4 : 09012B03;
8f5 : 08C12B83;
8f6 : 08812C03;
8f7 : 08412C83;
8f8 : 08012D03;
8f9 : 07C12D83;
8fa : 0B010113;
8fb : 00008067;
8fc : 02500713;
8fd : 00E78863;
8fe : 00FA8023;
8ff : 001A8A93;
900 : 3E80006F;
901 : 00000B13;
902 : 02B00693;
903 : 02D00593;
904 : 03000513;
905 : 02000813;
906 : 02300893;
907 : 01C0006F;
908 : 00B70863;
909 : 02A71663;
90a : 001B6B13;
90b : 0080006F;
90c : 010B6B13;
90d : 00078B93;
90e : 001BC703;
90f : 001B8793;
910 : 02D70863;
911 : FCE6EEE3;
912 : 03070863;
913 : 03170A63;
914 : FD070693;
915 : 0FF6F693;
916 : 00900593;
917 : 08D5E263;
918 : 00000413;
919 : 00900593;
91a : 00A00513;
91b : 02C0006F;
91c : 004B6B13;
91d : FC1FF06F;
91e : 008B6B13;
91f : FB9FF06F;
920 : 040B6B13;
921 : FB1FF06F;
922 : 02A40433;
923 : 00178793;
924 : 00D40433;
925 : FD040413;
926 : 0007C683;
927 : FD068713;
928 : 0FF77713;
929 : FEE5F2E3;
92a : 0007C683;
92b : 02E00713;
92c : FFF00493;
92d : 08E69063;
92e : 0017C583;
92f : 00900513;
930 : 00178713;
931 : FD058693;
932 : 0FF6F693;
933 : 0ED56863;
934 : 00000493;
935 : 00900593;
936 : 00A00513;
937 : 03C0006F;
938 : 02A00693;
939 : FFF00413;
93a : FCD710E3;
93b : 00062403;
93c : 002B8793;
93d : 00460613;
93e : FA0458E3;
93f : 40800433;
940 : 010B6B13;
941 : FA5FF06F;
942 : 02A484B3;
943 : 00170713;
944 : 00D484B3;
945 : FD048493;
946 : 00074683;
947 : FD068793;
948 : 0FF7F793;
949 : FEF5F2E3;
94a : 0004D463;
94b : 00000493;
94c : 00070793;
94d : 0007C703;
94e : 06800693;
94f : 02D70063;
950 : 0DF77693;
951 : 04C00593;
952 : 00B68A63;
953 : 05A00593;
954 : 00B68663;
955 : 07400693;
956 : 08D71463;
957 : 06C00593;
958 : 0017C683;
959 : 00178B93;
95a : 00B71863;
95b : 00E69663;
95c : 00278B93;
95d : 04C00713;
95e : 000BC783;
95f : 07800693;
960 : 02F6E063;
961 : 06200693;
962 : 06F6E263;
963 : 02500693;
964 : E6D784E3;
965 : 05800693;
966 : 01000C93;
967 : 06D78A63;
968 : 02500793;
969 : 00FA8023;
96a : 000BC783;
96b : 34078E63;
96c : 00FA80A3;
96d : 002A8A93;
96e : 2300006F;
96f : 02A00693;
970 : 00D59A63;
971 : 00062483;
972 : 00278713;
973 : 00460613;
974 : F59FF06F;
975 : 00070793;
976 : 00000493;
977 : F59FF06F;
978 : 00078B93;
979 : FFF00713;
97a : F91FF06F;
97b : F9D78793;
97c : 0FF7F793;
97d : 01500693;
97e : FAF6E4E3;
97f : 00279793;
980 : 013787B3;
981 : 0007A783;
982 : 00078067;
983 : 00800C93;
984 : 04C00793;
985 : 30F71063;
986 : 00760613;
987 : FF867613;
988 : 00062703;
989 : 00462783;
98a : 00860D13;
98b : 02E12023;
98c : 02F12223;
98d : 040B7693;
98e : 00068663;
98f : FF6C8693;
990 : 00D036B3;
991 : 010B7813;
992 : 020B7613;
993 : 00080463;
994 : FFEB7B13;
995 : 002B7593;
996 : 00000893;
997 : 02058463;
998 : 3207D263;
999 : 40E005B3;
99a : 40F007B3;
99b : 00E03733;
99c : 40E78733;
99d : 02B12023;
99e : 02E12223;
99f : FFF40413;
9a0 : 02D00893;
9a1 : 00068863;
9a2 : 01000793;
9a3 : 32FC8063;
9a4 : FFF40413;
9a5 : 02012783;
9a6 : 02412703;
9a7 : 00E7E7B3;
9a8 : 30079A63;
9a9 : 03000793;
9aa : 02F10623;
9ab : 00100D93;
9ac : 01B4D463;
9ad : 000D8493;
9ae : 011B7793;
9af : 40940433;
9b0 : 02079A63;
9b1 : 000A8793;
9b2 : 02000593;
9b3 : 00178793;
9b4 : 40FA8733;
9b5 : 00870733;
9b6 : 36075063;
9b7 : 00040793;
9b8 : 00045463;
9b9 : 00000793;
9ba : FFF40413;
9bb : 00FA8AB3;
9bc : 40F40433;
9bd : 00088663;
9be : 011A8023;
9bf : 001A8A93;
9c0 : 00068C63;
9c1 : 03000793;
9c2 : 00FA8023;
9c3 : 01000793;
9c4 : 32FC8863;
9c5 : 001A8A93;
9c6 : 04081063;
9c7 : 001B7793;
9c8 : 03000693;
9c9 : 00079463;
9ca : 02000693;
9cb : 000A8793;
9cc : 00178793;
9cd : 40F40733;
9ce : 00EA8733;
9cf : 30075A63;
9d0 : 00040793;
9d1 : 00045463;
9d2 : 00000793;
9d3 : FFF40413;
9d4 : 00FA8AB3;
9d5 : 40F40433;
9d6 : 000A8793;
9d7 : 03000693;
9d8 : 2FC0006F;
9d9 : 010B7793;
9da : 04079463;
9db : 000A8793;
9dc : 02000693;
9dd : 0080006F;
9de : FED78FA3;
9df : 00178793;
9e0 : 40FA8733;
9e1 : 00870733;
9e2 : FEE048E3;
9e3 : FFF40793;
9e4 : 00000713;
9e5 : 00805463;
9e6 : 00078713;
9e7 : 00EA8AB3;
9e8 : 00804463;
9e9 : 00100413;
9ea : 40878433;
9eb : 00140413;
9ec : 00062783;
9ed : 001A8713;
9ee : 00460693;
9ef : 00FA8023;
9f0 : 02000593;
9f1 : 00070793;
9f2 : 008A8AB3;
9f3 : 40FA8633;
9f4 : 02C04063;
9f5 : 00000A93;
9f6 : 00805463;
9f7 : FFF40A93;
9f8 : 01570AB3;
9f9 : 00068613;
9fa : 001B8B93;
9fb : BB9FF06F;
9fc : 00178793;
9fd : FEB78FA3;
9fe : FD5FF06F;
9ff : 00062C83;
a00 : 00460D13;
a01 : 000C9463;
a02 : 000A0C93;
a03 : 00048593;
a04 : 000C8513;
a05 : 6210E0EF;
a06 : 010B7793;
a07 : 08078263;
a08 : 00000793;
a09 : 08A7C663;
a0a : 00050793;
a0b : 00055463;
a0c : 00000793;
a0d : 00FA8AB3;
a0e : 000A8793;
a0f : 008A86B3;
a10 : 02000613;
a11 : 40F68733;
a12 : 08E54063;
a13 : 00000793;
a14 : 00A44463;
a15 : 40A407B3;
a16 : 00FA8AB3;
a17 : 000D0613;
a18 : F89FF06F;
a19 : 00178793;
a1a : FEC78FA3;
a1b : 40F68733;
a1c : FEE54AE3;
a1d : 40A40733;
a1e : 00000793;
a1f : 00A44463;
a20 : 00070793;
a21 : 00FA8AB3;
a22 : 00000793;
a23 : 00A44463;
a24 : 40E007B3;
a25 : FFF40413;
a26 : 00878433;
a27 : F85FF06F;
a28 : 000A8793;
a29 : 008A86B3;
a2a : 02000613;
a2b : FC1FF06F;
a2c : 00FC8733;
a2d : 00074683;
a2e : 00FA8733;
a2f : 00178793;
a30 : 00D70023;
a31 : F61FF06F;
a32 : 00178793;
a33 : FEC78FA3;
a34 : F75FF06F;
a35 : 00062783;
a36 : 418A86B3;
a37 : 00460613;
a38 : 00D7A023;
a39 : F05FF06F;
a3a : 001B6B13;
a3b : 00800413;
a3c : 020B6B13;
a3d : 01000C93;
a3e : D19FF06F;
a3f : 002B6B13;
a40 : 00A00C93;
a41 : D0DFF06F;
a42 : 001A8A93;
a43 : FFFB8B93;
a44 : ED9FF06F;
a45 : 06C00793;
a46 : 00460D13;
a47 : 00F71A63;
a48 : 00062703;
a49 : 002B7793;
a4a : D00782E3;
a4b : 0480006F;
a4c : FDF77793;
a4d : 05A00693;
a4e : 00D79863;
a4f : 00062703;
a50 : 00000793;
a51 : CE9FF06F;
a52 : 07400793;
a53 : FEF708E3;
a54 : 06800693;
a55 : 002B7793;
a56 : 02D71263;
a57 : 00062703;
a58 : 01071713;
a59 : 00079663;
a5a : 01075713;
a5b : CC1FF06F;
a5c : 41075713;
a5d : 41F75793;
a5e : CB5FF06F;
a5f : 00062703;
a60 : FA9FF06F;
a61 : 004B7793;
a62 : 00078863;
a63 : FFF40413;
a64 : 02B00893;
a65 : CF1FF06F;
a66 : 008B7793;
a67 : CE0784E3;
a68 : FFF40413;
a69 : 02000893;
a6a : CDDFF06F;
a6b : FFE40413;
a6c : CE5FF06F;
a6d : 02C10713;
a6e : 00000D93;
a6f : 02412583;
a70 : 02012783;
a71 : 02059E63;
a72 : 0397F533;
a73 : 0397D7B3;
a74 : 02F12023;
a75 : 00A90533;
a76 : 05C54783;
a77 : 02412583;
a78 : 001D8D93;
a79 : 00F667B3;
a7a : 00F70023;
a7b : 02012783;
a7c : 00170713;
a7d : 00B7E7B3;
a7e : FC0792E3;
a7f : CB5FF06F;
a80 : 000C8593;
a81 : 02010513;
a82 : 01112E23;
a83 : 01012C23;
a84 : 00C12A23;
a85 : 00D12823;
a86 : 00E12623;
a87 : 2A9100EF;
a88 : 01C12883;
a89 : 01812803;
a8a : 01412603;
a8b : 01012683;
a8c : 00C12703;
a8d : FA1FF06F;
a8e : FEB78FA3;
a8f : C91FF06F;
a90 : 05866613;
a91 : 00CA80A3;
a92 : 002A8A93;
a93 : CCDFF06F;
a94 : FED78FA3;
a95 : CDDFF06F;
a96 : FED78FA3;
a97 : 00178793;
a98 : 40F48733;
a99 : 00EA8733;
a9a : FFB758E3;
a9b : 000D8713;
a9c : 00000793;
a9d : 01B4C463;
a9e : 41B487B3;
a9f : 00FA8AB3;
aa0 : 000A8793;
aa1 : FFF00693;
aa2 : FFFD8D93;
aa3 : 02DD9863;
aa4 : 00EA8AB3;
aa5 : 000A8793;
aa6 : 02000693;
aa7 : 00178793;
aa8 : 40F40733;
aa9 : 00EA8733;
aaa : 02075663;
aab : 00045463;
aac : 00000413;
aad : 008A8AB3;
aae : DA5FF06F;
aaf : 02C10613;
ab0 : 01B60633;
ab1 : 00064603;
ab2 : 00178793;
ab3 : FEC78FA3;
ab4 : FB9FF06F;
ab5 : FED78FA3;
ab6 : FC5FF06F;
ab7 : FD010113;
ab8 : 02112623;
ab9 : 02812423;
aba : 02912223;
abb : 03212023;
abc : 00054683;
abd : 0115C783;
abe : 00154483;
abf : 00058713;
ac0 : 0CD79A63;
ac1 : 04000693;
ac2 : 00060413;
ac3 : 00250593;
ac4 : 08D78E63;
ac5 : 02F6EE63;
ac6 : 00200693;
ac7 : 04D78063;
ac8 : 00400693;
ac9 : 00000513;
aca : 06D79663;
acb : 01374783;
acc : FFD00513;
acd : 0697E063;
ace : 00040513;
acf : 00048613;
ad0 : 00940433;
ad1 : 3550D0EF;
ad2 : 00040023;
ad3 : 0440006F;
ad4 : 04200713;
ad5 : 00000513;
ad6 : 02E79E63;
ad7 : 00400913;
ad8 : FFD00513;
ad9 : 02996863;
ada : 00048613;
adb : 00810513;
adc : 00012423;
add : 3250D0EF;
ade : 00812503;
adf : 40990933;
ae0 : 00391913;
ae1 : 59D160EF;
ae2 : 01255933;
ae3 : 01242023;
ae4 : 00248513;
ae5 : 02C12083;
ae6 : 02812403;
ae7 : 02412483;
ae8 : 02012903;
ae9 : 03010113;
aea : 00008067;
aeb : 00400793;
aec : FFD00513;
aed : FEF490E3;
aee : 00400613;
aef : 00040513;
af0 : 2D90D0EF;
af1 : 00040593;
af2 : 00C10513;
af3 : 0CC0C0EF;
af4 : FC1FF06F;
af5 : FFD00513;
af6 : FBDFF06F;
af7 : 0125C703;
af8 : 00C5A603;
af9 : 00E60633;
afa : EF5FF06F;
afb : FC010113;
afc : 02812C23;
afd : 02912A23;
afe : 03212823;
aff : 02112E23;
b00 : 00B50023;
b01 : 04000793;
b02 : 00050413;
b03 : 00060493;
b04 : 00250913;
b05 : 0CF58A63;
b06 : 02B7E863;
b07 : 00200793;
b08 : 06F58863;
b09 : 00400793;
b0a : 08F58C63;
b0b : 00000513;
b0c : 03C12083;
b0d : 03812403;
b0e : 03412483;
b0f : 03012903;
b10 : 04010113;
b11 : 00008067;
b12 : 04300793;
b13 : 04B7F263;
b14 : 04600793;
b15 : FCF59CE3;
b16 : 0001F7B7;
b17 : 4D47C783;
b18 : 00000513;
b19 : FC0786E3;
b1a : 00462783;
b1b : 00062703;
b1c : 01010593;
b1d : 00800613;
b1e : 00090513;
b1f : 00F12A23;
b20 : 00E12823;
b21 : 2150D0EF;
b22 : 00800793;
b23 : 0240006F;
b24 : 0004A503;
b25 : 48D160EF;
b26 : 00A12623;
b27 : 00400613;
b28 : 00C10593;
b29 : 00090513;
b2a : 1F10D0EF;
b2b : 00400793;
b2c : 00F400A3;
b2d : 00144503;
b2e : 00250513;
b2f : F75FF06F;
b30 : 01F00593;
b31 : 00060513;
b32 : 16D0E0EF;
b33 : 00A400A3;
b34 : 0FF57513;
b35 : 00150613;
b36 : 00048593;
b37 : 00090513;
b38 : 1B90D0EF;
b39 : FD1FF06F;
b3a : 00400793;
b3b : 00F500A3;
b3c : 00048593;
b3d : 00400613;
b3e : 00090513;
b3f : 19D0D0EF;
b40 : 00048593;
b41 : 01C10513;
b42 : 7910B0EF;
b43 : FA9FF06F;
b44 : FD010113;
b45 : 02912223;
b46 : 00058493;
b47 : 0001F5B7;
b48 : 02812423;
b49 : 01000613;
b4a : 00050413;
b4b : 2FC58593;
b4c : 00C10513;
b4d : 02112623;
b4e : 1610D0EF;
b4f : 0114C583;
b50 : 00C10613;
b51 : 00040513;
b52 : 00010E23;
b53 : EA1FF0EF;
b54 : 02C12083;
b55 : 02812403;
b56 : 02412483;
b57 : 03010113;
b58 : 00008067;
b59 : 0125C783;
b5a : 00C5A603;
b5b : 0115C583;
b5c : 00F60633;
b5d : E79FF06F;
b5e : 00C5A703;
b5f : 0125C783;
b60 : 0115C583;
b61 : 00072603;
b62 : 00F60633;
b63 : E61FF06F;
b64 : FF010113;
b65 : 00912223;
b66 : 00C5A483;
b67 : 00812423;
b68 : 00112623;
b69 : 00048613;
b6a : D35FF0EF;
b6b : 00050413;
b6c : 02A05063;
b6d : 0004A703;
b6e : 00100793;
b6f : 02F71663;
b70 : 338150EF;
b71 : 61C150EF;
b72 : 06400793;
b73 : 00F4A023;
b74 : 00C12083;
b75 : 00040513;
b76 : 00812403;
b77 : 00412483;
b78 : 01010113;
b79 : 00008067;
b7a : 0C800793;
b7b : FE1FF06F;
b7c : 0001F737;
b7d : 7F070793;
b7e : 70C7A683;
b7f : 00C5A783;
b80 : FE010113;
b81 : 00812C23;
b82 : 00912A23;
b83 : 00112E23;
b84 : 00200613;
b85 : 00050493;
b86 : 00058413;
b87 : 04C78A63;
b88 : 00500613;
b89 : 0AC78263;
b8a : 7F070713;
b8b : 5AC72583;
b8c : 00100613;
b8d : 10C59063;
b8e : 00001637;
b8f : 00C70633;
b90 : 8D062603;
b91 : 0EB61863;
b92 : FFF78793;
b93 : 00C00613;
b94 : 5A872503;
b95 : 1CF66463;
b96 : 0001B637;
b97 : 00279793;
b98 : 8E860613;
b99 : 00C787B3;
b9a : 0007A783;
b9b : 00078067;
b9c : 05068513;
b9d : 3A50E0EF;
b9e : 00058793;
b9f : 00B12623;
ba0 : 00A12423;
ba1 : FFF00713;
ba2 : 01144583;
ba3 : 00E7C863;
ba4 : 02E79063;
ba5 : 80000737;
ba6 : 00E57C63;
ba7 : 80000537;
ba8 : 00A12223;
ba9 : 00410613;
baa : 00048513;
bab : 0700006F;
bac : 00F04663;
bad : FE0796E3;
bae : FE0554E3;
baf : 80000537;
bb0 : FFF54513;
bb1 : FDDFF06F;
bb2 : 0706A583;
bb3 : 0746A783;
bb4 : 3B9AD637;
bb5 : A0060613;
bb6 : 02C58733;
bb7 : 02C787B3;
bb8 : 02C5B633;
bb9 : 00C787B3;
bba : 07C6A603;
bbb : 07A6D683;
bbc : 01061593;
bbd : 00D5E6B3;
bbe : 41065613;
bbf : 00D706B3;
bc0 : 00C787B3;
bc1 : 00E6B733;
bc2 : 01144583;
bc3 : 00F707B3;
bc4 : 00D12423;
bc5 : 00F12623;
bc6 : 00810613;
bc7 : CD1FF0EF;
bc8 : 01C12083;
bc9 : 01812403;
bca : 01412483;
bcb : 02010113;
bcc : 00008067;
bcd : 00100713;
bce : 02E78063;
bcf : 00000793;
bd0 : 00000813;
bd1 : 00F12423;
bd2 : 01012623;
bd3 : 01144583;
bd4 : 00810613;
bd5 : F55FF06F;
bd6 : 06300793;
bd7 : 00F12423;
bd8 : FEDFF06F;
bd9 : 0616C783;
bda : FF5FF06F;
bdb : 02C52703;
bdc : FFF00693;
bdd : 01144583;
bde : 02852783;
bdf : 00D74863;
be0 : 00D71A63;
be1 : 800006B7;
be2 : 00D7F663;
be3 : 800007B7;
be4 : FFF00713;
be5 : 00E04663;
be6 : 00071863;
be7 : 0007D663;
be8 : 800007B7;
be9 : FFF7C793;
bea : 00F12423;
beb : 00810613;
bec : EF9FF06F;
bed : 0E850513;
bee : 2610E0EF;
bef : 00A12423;
bf0 : 00B12623;
bf1 : F89FF06F;
bf2 : 04850513;
bf3 : 24D0E0EF;
bf4 : 00A12423;
bf5 : F79FF06F;
bf6 : 05850513;
bf7 : FF1FF06F;
bf8 : 06850513;
bf9 : FE9FF06F;
bfa : 07850513;
bfb : FE1FF06F;
bfc : 00052783;
bfd : F69FF06F;
bfe : 00452783;
bff : F61FF06F;
c00 : 00852783;
c01 : F59FF06F;
c02 : 70872783;
c03 : 0187A503;
c04 : 01C7A583;
c05 : 19D0E0EF;
c06 : FA5FF06F;
c07 : FFF00513;
c08 : F01FF06F;
c09 : 000207B7;
c0a : 0D07A783;
c0b : 00100737;
c0c : 0207A823;
c0d : 02E7A623;
c0e : 0307A703;
c0f : FE075EE3;
c10 : 0307A783;
c11 : 32000513;
c12 : 0047D793;
c13 : 01F7F793;
c14 : 02A78533;
c15 : 00008067;
c16 : 000207B7;
c17 : 7F078713;
c18 : 8F072703;
c19 : 00060693;
c1a : 7F078793;
c1b : 02070A63;
c1c : 9387A703;
c1d : 00C50633;
c1e : 00C77463;
c1f : 40A706B3;
c20 : 8E87A703;
c21 : 93C7A783;
c22 : 01872603;
c23 : 00462303;
c24 : 00058613;
c25 : 00F505B3;
c26 : 00472503;
c27 : 00030067;
c28 : FFE00513;
c29 : 00008067;
c2a : 000207B7;
c2b : 7F078713;
c2c : 8F072703;
c2d : 00060693;
c2e : 7F078793;
c2f : 02070A63;
c30 : 9387A703;
c31 : 00C50633;
c32 : 00C77463;
c33 : 40A706B3;
c34 : 8E87A703;
c35 : 93C7A783;
c36 : 01872603;
c37 : 00062303;
c38 : 00058613;
c39 : 00F505B3;
c3a : 00472503;
c3b : 00030067;
c3c : FFE00513;
c3d : 00008067;
c3e : FF010113;
c3f : 00812423;
c40 : 00112623;
c41 : 00020437;
c42 : 00912223;
c43 : 7F040413;
c44 : 0A050663;
c45 : 8E842783;
c46 : 8EC42583;
c47 : 8F840493;
c48 : 0187A703;
c49 : 0047A503;
c4a : 94B42023;
c4b : 00072703;
c4c : 04000693;
c4d : 00048613;
c4e : 000700E7;
c4f : 93744783;
c50 : 8E942823;
c51 : 00078E63;
c52 : 00000513;
c53 : 00C12083;
c54 : 00812403;
c55 : 00412483;
c56 : 01010113;
c57 : 00008067;
c58 : 8F842503;
c59 : 7BC160EF;
c5a : 534447B7;
c5b : 22D78793;
c5c : FCF51CE3;
c5d : 8FC45783;
c5e : 8FC45703;
c5f : 00879793;
c60 : 00875713;
c61 : 00E7E7B3;
c62 : 01079793;
c63 : 0107D793;
c64 : FFF78793;
c65 : 94F42223;
c66 : 94042783;
c67 : 04078793;
c68 : 94F42023;
c69 : 90042503;
c6a : 90442583;
c6b : 7A8160EF;
c6c : 92A42E23;
c6d : 8F840513;
c6e : F95FF06F;
c6f : 94442783;
c70 : F80784E3;
c71 : 8E842783;
c72 : 94042583;
c73 : 8F840493;
c74 : 0187A703;
c75 : 0047A503;
c76 : 04000693;
c77 : 00072703;
c78 : 00048613;
c79 : 000700E7;
c7a : 94042783;
c7b : 8E942823;
c7c : 04078793;
c7d : 94F42023;
c7e : 94442783;
c7f : FFF78793;
c80 : 94F42223;
c81 : FA1FF06F;
c82 : FE010113;
c83 : 00812C23;
c84 : 00020437;
c85 : 7F040793;
c86 : 8E87A783;
c87 : 00112E23;
c88 : 00912A23;
c89 : 01212823;
c8a : 01312623;
c8b : 02079263;
c8c : FFE00513;
c8d : 01C12083;
c8e : 01812403;
c8f : 01412483;
c90 : 01012903;
c91 : 00C12983;
c92 : 02010113;
c93 : 00008067;
c94 : 00050493;
c95 : 656C7937;
c96 : 00100513;
c97 : 617469B7;
c98 : 7F040413;
c99 : E95FF0EF;
c9a : 94690913;
c9b : 14498993;
c9c : 00000513;
c9d : E85FF0EF;
c9e : FA050CE3;
c9f : 01852783;
ca0 : FF2798E3;
ca1 : 01C52783;
ca2 : FF3794E3;
ca3 : 02052783;
ca4 : FEF490E3;
ca5 : 8F042783;
ca6 : 0107A503;
ca7 : 0147A583;
ca8 : 6B4160EF;
ca9 : 93C42783;
caa : 40F50533;
cab : 00150513;
cac : 92A42C23;
cad : 00000513;
cae : F7DFF06F;
caf : 00654783;
cb0 : FF010113;
cb1 : 02400713;
cb2 : 0027F793;
cb3 : 00079463;
cb4 : 00400713;
cb5 : 00852783;
cb6 : 000106B7;
cb7 : 0207A823;
cb8 : 02D7A623;
cb9 : 0307A683;
cba : FE06DEE3;
cbb : 0307A683;
cbc : 01069693;
cbd : 0106D693;
cbe : 00D11723;
cbf : 0207A823;
cc0 : 000106B7;
cc1 : 02D7A623;
cc2 : 0307A683;
cc3 : FE06DEE3;
cc4 : 0307A783;
cc5 : 01079793;
cc6 : 0107D793;
cc7 : 00F11723;
cc8 : 00E15503;
cc9 : 01010113;
cca : 00A77533;
ccb : 40E50533;
ccc : 00153513;
ccd : 00008067;
cce : 00C5A703;
ccf : 00100793;
cd0 : 04F71A63;
cd1 : FE010113;
cd2 : 00912A23;
cd3 : 00050493;
cd4 : 00020537;
cd5 : 0C850513;
cd6 : 00112E23;
cd7 : 00812C23;
cd8 : 00058413;
cd9 : F59FF0EF;
cda : 01144583;
cdb : 00150513;
cdc : 00A12623;
cdd : 00C10613;
cde : 00048513;
cdf : 871FF0EF;
ce0 : 01C12083;
ce1 : 01812403;
ce2 : 01412483;
ce3 : 02010113;
ce4 : 00008067;
ce5 : FFF00513;
ce6 : 00008067;
ce7 : 0001F737;
ce8 : 000206B7;
ce9 : 3E872783;
cea : 7F068693;
ceb : 00000513;
cec : 03B00593;
ced : 94868813;
cee : 05000893;
cef : 00A78633;
cf0 : 00064603;
cf1 : 00060C63;
cf2 : 00B60A63;
cf3 : 00A80333;
cf4 : 00C30023;
cf5 : 00150513;
cf6 : FF1512E3;
cf7 : 00A686B3;
cf8 : 00A787B3;
cf9 : 94068423;
cfa : 3EF72423;
cfb : 0007C603;
cfc : 03B00693;
cfd : 00D61663;
cfe : 00178793;
cff : 3EF72423;
d00 : 00051863;
d01 : 0001B7B7;
d02 : A2C78793;
d03 : 3EF72423;
d04 : 00008067;
d05 : 0001F737;
d06 : 2F870713;
d07 : 03872783;
d08 : 04872683;
d09 : 03C72703;
d0a : 0047A603;
d0b : 00C70523;
d0c : 0087A603;
d0d : 00C705A3;
d0e : 00C7A603;
d0f : 00C71623;
d10 : 0107A603;
d11 : 00C68423;
d12 : 0147C603;
d13 : 00C683A3;
d14 : 0157C603;
d15 : 00C68323;
d16 : 0167C603;
d17 : 00C682A3;
d18 : 0287A683;
d19 : 00D70723;
d1a : 02C7A683;
d1b : 00D707A3;
d1c : 0307A783;
d1d : 00F70823;
d1e : 00008067;
d1f : 0001F7B7;
d20 : 3307A703;
d21 : 0001B7B7;
d22 : A5478793;
d23 : 00472583;
d24 : FFF00613;
d25 : 00079683;
d26 : 04D59263;
d27 : 00872603;
d28 : FFF00693;
d29 : 00D61663;
d2a : 0027C683;
d2b : 00D72423;
d2c : 00C72603;
d2d : FFF00693;
d2e : 00D61663;
d2f : 0047D683;
d30 : 00D72623;
d31 : 01072603;
d32 : FFF00693;
d33 : 00D61663;
d34 : 0037C783;
d35 : 00F72823;
d36 : 00008067;
d37 : FCC680E3;
d38 : 00A78793;
d39 : FB1FF06F;
d3a : 00020737;
d3b : 7F070793;
d3c : 74323637;
d3d : 9A07A583;
d3e : 99C78693;
d3f : 7F070713;
d40 : 00000793;
d41 : 47060613;
d42 : 00B79663;
d43 : FFF00513;
d44 : 00008067;
d45 : 00C6A803;
d46 : 00868693;
d47 : 00C81E63;
d48 : 00379793;
d49 : 00F707B3;
d4a : 9AC7A783;
d4b : 00F52023;
d4c : 00000513;
d4d : 00008067;
d4e : 00178793;
d4f : FCDFF06F;
d50 : FF010113;
d51 : 00812423;
d52 : 00020437;
d53 : 7F040413;
d54 : 00912223;
d55 : 8D840493;
d56 : 00050593;
d57 : 00600613;
d58 : 00048513;
d59 : 00112623;
d5a : 1300D0EF;
d5b : 8DA44783;
d5c : 8DB44703;
d5d : 8E042683;
d5e : 01879793;
d5f : 01071713;
d60 : 00E7E7B3;
d61 : 8DD44703;
d62 : 00C12083;
d63 : 00048593;
d64 : 00E7E7B3;
d65 : 8DC44703;
d66 : 00412483;
d67 : 0001F537;
d68 : 00871713;
d69 : 00E7E7B3;
d6a : 02F6A423;
d6b : 8D845783;
d6c : 00600613;
d6d : 38450513;
d6e : 00879713;
d6f : 01079793;
d70 : 0107D793;
d71 : 0087D793;
d72 : 00F767B3;
d73 : 01079793;
d74 : 0107D793;
d75 : 02F6A223;
d76 : 8DE44783;
d77 : 0017E793;
d78 : 8CF40F23;
d79 : 00812403;
d7a : 01010113;
d7b : 0AC0D06F;
d7c : FF010113;
d7d : 00812423;
d7e : 00050413;
d7f : 2D636537;
d80 : 16D50513;
d81 : 00112623;
d82 : C01FF0EF;
d83 : FFF00713;
d84 : 02054063;
d85 : 00600613;
d86 : 00040593;
d87 : 00000513;
d88 : A89FF0EF;
d89 : 000207B7;
d8a : 00050713;
d8b : 0E07A023;
d8c : 00044783;
d8d : 0FF00693;
d8e : FFF00513;
d8f : 02D78C63;
d90 : 00144683;
d91 : 00D7E7B3;
d92 : 00244683;
d93 : 00D7E7B3;
d94 : 00344683;
d95 : 00D7E7B3;
d96 : 00444683;
d97 : 00D7E7B3;
d98 : 00544683;
d99 : 00D7E7B3;
d9a : 0FF7F793;
d9b : 00078463;
d9c : 41F75513;
d9d : 00C12083;
d9e : 00812403;
d9f : 01010113;
da0 : 00008067;
da1 : 000207B7;
da2 : 0D07A783;
da3 : 40255513;
da4 : 01051513;
da5 : 00B56533;
da6 : 800005B7;
da7 : 0207A823;
da8 : 00B56533;
da9 : 02A7A623;
daa : 0307A703;
dab : FE075EE3;
dac : 00008067;
dad : 000207B7;
dae : 0D07A783;
daf : FF010113;
db0 : 00112623;
db1 : 0207A823;
db2 : 00110737;
db3 : 02E7A623;
db4 : 0307A703;
db5 : FE075EE3;
db6 : 0307A583;
db7 : 02050463;
db8 : 000107B7;
db9 : FDF78793;
dba : 00F5F5B3;
dbb : 04400513;
dbc : F95FF0EF;
dbd : 00C12083;
dbe : 00000513;
dbf : 01010113;
dc0 : 00008067;
dc1 : 0205E593;
dc2 : 01059593;
dc3 : 0105D593;
dc4 : FDDFF06F;
dc5 : FD010113;
dc6 : 02812423;
dc7 : 01312E23;
dc8 : 00020437;
dc9 : 2D4249B7;
dca : 03212023;
dcb : 02112623;
dcc : 02912223;
dcd : 00012623;
dce : 00000913;
dcf : 7F040413;
dd0 : 45398993;
dd1 : A1C42783;
dd2 : 012787B3;
dd3 : 0007A483;
dd4 : 0004D663;
dd5 : FED00513;
dd6 : 0400006F;
dd7 : A1442783;
dd8 : 04F4FA63;
dd9 : A2042783;
dda : A0C42503;
ddb : 00400693;
ddc : 0007A783;
ddd : 00C10613;
dde : 00048593;
ddf : 000780E7;
de0 : 00C12783;
de1 : 03379863;
de2 : A0840793;
de3 : 8EF42423;
de4 : 8E942623;
de5 : 00000513;
de6 : 02C12083;
de7 : 02812403;
de8 : 02412483;
de9 : 02012903;
dea : 01C12983;
deb : 03010113;
dec : 00008067;
ded : 00490913;
dee : F8DFF06F;
def : 000207B7;
df0 : 7F078713;
df1 : 8F072703;
df2 : 00050613;
df3 : 7F078793;
df4 : 02070463;
df5 : 9387A703;
df6 : 00A77463;
df7 : 00070613;
df8 : 8E87A703;
df9 : 93C7A583;
dfa : 01872683;
dfb : 00472503;
dfc : 0086A303;
dfd : 00030067;
dfe : FFE00513;
dff : 00008067;
e00 : 0001F737;
e01 : 7F070793;
e02 : 4287A783;
e03 : 7F070693;
e04 : 00004737;
e05 : 0407D063;
e06 : 00E787B3;
e07 : 00004737;
e08 : FFF70713;
e09 : 00179793;
e0a : 00002637;
e0b : F4060613;
e0c : 00E7F7B3;
e0d : 02C78733;
e0e : 02C797B3;
e0f : 00E75713;
e10 : 01279793;
e11 : 00E7E733;
e12 : 00E52023;
e13 : 42C6A503;
e14 : 00008067;
e15 : FCE7C4E3;
e16 : 40E787B3;
e17 : FC1FF06F;
e18 : FF010113;
e19 : 00912223;
e1a : 17C52483;
e1b : 00812423;
e1c : 0A850593;
e1d : 00050413;
e1e : 01000613;
e1f : 08048513;
e20 : 00112623;
e21 : 6150C0EF;
e22 : 0B840593;
e23 : 09048513;
e24 : 01000613;
e25 : 6050C0EF;
e26 : 00100793;
e27 : 06F481A3;
e28 : 00C12083;
e29 : 00812403;
e2a : 00412483;
e2b : 01010113;
e2c : 00008067;
e2d : FC010113;
e2e : 02812C23;
e2f : 03212823;
e30 : 00058413;
e31 : 00050913;
e32 : 00010593;
e33 : 00060513;
e34 : 02112E23;
e35 : 02912A23;
e36 : 00060493;
e37 : 7C40B0EF;
e38 : 02C4D783;
e39 : 02C4D703;
e3a : 00800613;
e3b : 00879793;
e3c : 00875713;
e3d : 00E7E7B3;
e3e : 00F11823;
e3f : 02F4C783;
e40 : 0324D703;
e41 : 03548593;
e42 : 00F10923;
e43 : 0304C783;
e44 : 00875713;
e45 : 01910513;
e46 : 00F10A23;
e47 : 0314C783;
e48 : 00F10AA3;
e49 : 0324D783;
e4a : 00879793;
e4b : 00E7E7B3;
e4c : 00F11B23;
e4d : 0344C783;
e4e : 00F10C23;
e4f : 55D0C0EF;
e50 : 03D4C783;
e51 : 03E4C703;
e52 : 00800613;
e53 : 00879793;
e54 : 00E787B3;
e55 : 02F11123;
e56 : 03F4C783;
e57 : 00000593;
e58 : 02610513;
e59 : 02F10223;
e5a : 2590B0EF;
e5b : 02092783;
e5c : 0387A783;
e5d : 00078A63;
e5e : 00010613;
e5f : 00048593;
e60 : 00090513;
e61 : 000780E7;
e62 : 17892583;
e63 : 00A00613;
e64 : 00640513;
e65 : 5050C0EF;
e66 : 29A95783;
e67 : 29090593;
e68 : 00A00613;
e69 : 00F41023;
e6a : 01040513;
e6b : 4ED0C0EF;
e6c : 27790593;
e6d : 00200613;
e6e : 02940513;
e6f : 4DD0C0EF;
e70 : 01015783;
e71 : 01410593;
e72 : 00400613;
e73 : 00F41223;
e74 : 01214783;
e75 : 01A40513;
e76 : 02F40323;
e77 : 4BD0C0EF;
e78 : 01814783;
e79 : 01910593;
e7a : 00800613;
e7b : 02F403A3;
e7c : 01E40513;
e7d : 4A50C0EF;
e7e : 02215783;
e7f : 02610593;
e80 : 02042623;
e81 : 00F41123;
e82 : 02414783;
e83 : 020405A3;
e84 : 00800613;
e85 : 02F40423;
e86 : 03040513;
e87 : 47D0C0EF;
e88 : 09490593;
e89 : 03840513;
e8a : 00600613;
e8b : 46D0C0EF;
e8c : 03C12083;
e8d : 03812403;
e8e : 03412483;
e8f : 03012903;
e90 : 04010113;
e91 : 00008067;
e92 : FE010113;
e93 : 00812C23;
e94 : 00020437;
e95 : 7F040793;
e96 : A107A783;
e97 : 01212823;
e98 : 01312623;
e99 : 00112E23;
e9a : 00500993;
e9b : 00912A23;
e9c : 02F989B3;
e9d : 7F040413;
e9e : 00050913;
e9f : 00059463;
ea0 : A1842903;
ea1 : 00000493;
ea2 : 0334C263;
ea3 : 01C12083;
ea4 : 01812403;
ea5 : 01412483;
ea6 : 01012903;
ea7 : 00C12983;
ea8 : 00000513;
ea9 : 02010113;
eaa : 00008067;
eab : A2042783;
eac : A1042603;
ead : A0C42503;
eae : 0087A783;
eaf : 012485B3;
eb0 : 000780E7;
eb1 : A1042783;
eb2 : 00F484B3;
eb3 : FBDFF06F;
eb4 : 00100793;
eb5 : 00B7DA63;
eb6 : 00052023;
eb7 : 00052223;
eb8 : 00052423;
eb9 : 00008067;
eba : 11800713;
ebb : 02E58733;
ebc : 0001F7B7;
ebd : 7F078693;
ebe : 00400813;
ebf : 7F078793;
ec0 : 00E686B3;
ec1 : 1E46A703;
ec2 : 1E06A603;
ec3 : FFE70693;
ec4 : 00000713;
ec5 : 00D86A63;
ec6 : 0001F737;
ec7 : 20470713;
ec8 : 00D70733;
ec9 : 00074703;
eca : 11800693;
ecb : 02D585B3;
ecc : 00E52023;
ecd : 00C52223;
ece : 00B785B3;
ecf : 1E85A783;
ed0 : 00F52423;
ed1 : 00008067;
ed2 : FF010113;
ed3 : 00812423;
ed4 : 0001F437;
ed5 : 00912223;
ed6 : 01212023;
ed7 : 7F040413;
ed8 : 00112623;
ed9 : 00058493;
eda : 0D840913;
edb : 00050C63;
edc : FFF50513;
edd : 11800793;
ede : 02F50533;
edf : 1F050513;
ee0 : 00A40933;
ee1 : 00048513;
ee2 : F48FE0EF;
ee3 : 00200793;
ee4 : 02F54533;
ee5 : 00942E23;
ee6 : 00C12083;
ee7 : 00812403;
ee8 : 00412483;
ee9 : 0CA92823;
eea : 00012903;
eeb : 01010113;
eec : 00008067;
eed : FE010113;
eee : 01212823;
eef : 0001F937;
ef0 : 00812C23;
ef1 : 00912A23;
ef2 : 01312623;
ef3 : 01412423;
ef4 : 01512223;
ef5 : 00112E23;
ef6 : 00050493;
ef7 : 00000413;
ef8 : 0001F9B7;
ef9 : 7F090913;
efa : 11800A13;
efb : 00400A93;
efc : 6F99C783;
efd : FFF78793;
efe : 02F44463;
eff : 01C12083;
f00 : 01812403;
f01 : 01412483;
f02 : 01012903;
f03 : 00C12983;
f04 : 00812A03;
f05 : 00412A83;
f06 : 02010113;
f07 : 00008067;
f08 : 034407B3;
f09 : 00140413;
f0a : 00F907B3;
f0b : 1E47A783;
f0c : FD5790E3;
f0d : 00048593;
f0e : 00040513;
f0f : F0DFF0EF;
f10 : FB1FF06F;
f11 : 0001F737;
f12 : 6F072783;
f13 : FD010113;
f14 : 01412C23;
f15 : 00178793;
f16 : 6EF72823;
f17 : 00100737;
f18 : 41C72683;
f19 : 0001F7B7;
f1a : 01512A23;
f1b : 6ED7A623;
f1c : 0001F7B7;
f1d : 6E07A423;
f1e : 0001F7B7;
f1f : 6E07A223;
f20 : 000017B7;
f21 : 02112623;
f22 : 02812423;
f23 : 02912223;
f24 : 03212023;
f25 : 01312E23;
f26 : 01612823;
f27 : 01712623;
f28 : 01812423;
f29 : 01912223;
f2a : 00050A13;
f2b : 00058A93;
f2c : 80078793;
f2d : 3047B7F3;
f2e : 300477F3;
f2f : 20072703;
f30 : 0001F7B7;
f31 : 0001FB37;
f32 : 01075493;
f33 : 03F4F493;
f34 : 6E978D23;
f35 : 00571693;
f36 : 00300793;
f37 : 0006C663;
f38 : 01875793;
f39 : 0077F793;
f3a : 40165993;
f3b : 6EFB0CA3;
f3c : 0001F737;
f3d : 0001F7B7;
f3e : 0019F993;
f3f : 6F378C23;
f40 : 7F070793;
f41 : 0147A023;
f42 : 0007A623;
f43 : 0007AC23;
f44 : 0007AA23;
f45 : 0001F7B7;
f46 : 6E07A023;
f47 : 0001F7B7;
f48 : 6C07AE23;
f49 : 0001F7B7;
f4a : 6C07AC23;
f4b : 0001F7B7;
f4c : 6C07AA23;
f4d : 0001F7B7;
f4e : 6C07A823;
f4f : 0001F7B7;
f50 : 6C07A623;
f51 : 0001F7B7;
f52 : 6C07A423;
f53 : 0001F7B7;
f54 : 6C07A223;
f55 : 0001F7B7;
f56 : 6C07A023;
f57 : 0001F7B7;
f58 : 6A07AE23;
f59 : 0001F7B7;
f5a : 6A07AC23;
f5b : 0001F7B7;
f5c : 7207A023;
f5d : 0001F7B7;
f5e : 7007AE23;
f5f : 0001F7B7;
f60 : 7007AC23;
f61 : 0001F7B7;
f62 : 7007AA23;
f63 : 0001F7B7;
f64 : 7007A823;
f65 : 0001F7B7;
f66 : 7007A623;
f67 : 0001F7B7;
f68 : 7007A423;
f69 : 0001F7B7;
f6a : 7007A223;
f6b : 0001F7B7;
f6c : 7007A023;
f6d : 0001F7B7;
f6e : 001006B7;
f6f : 6E07AE23;
f70 : 2206A423;
f71 : 2206A223;
f72 : 2006A223;
f73 : 00100613;
f74 : 26C6A023;
f75 : 2406A023;
f76 : 2006A023;
f77 : 2206A423;
f78 : 2206A223;
f79 : 2006A223;
f7a : 2206A023;
f7b : 3E800613;
f7c : 24C6A423;
f7d : 3006A783;
f7e : 00070913;
f7f : 7F070413;
f80 : 0027E793;
f81 : 30F6A023;
f82 : 00700793;
f83 : 000A0463;
f84 : 00900793;
f85 : 00F42223;
f86 : 0001F7B7;
f87 : 6A07AA23;
f88 : 0001F7B7;
f89 : 6A07A823;
f8a : 00442503;
f8b : CC4FC0EF;
f8c : 00300713;
f8d : 00048793;
f8e : 00EA1463;
f8f : 000A8793;
f90 : 0D840513;
f91 : 00048613;
f92 : 000A8593;
f93 : 02F42623;
f94 : A31FC0EF;
f95 : 7F090513;
f96 : 00148C13;
f97 : 00000913;
f98 : 00100C93;
f99 : 6F9B4783;
f9a : 11850B93;
f9b : FFF78693;
f9c : 10D94463;
f9d : 02048463;
f9e : 40042A23;
f9f : 42042623;
fa0 : 20000713;
fa1 : 40E42C23;
fa2 : 40042E23;
fa3 : 42042023;
fa4 : 40042823;
fa5 : FFF00713;
fa6 : 42E42823;
fa7 : 00100713;
fa8 : 04EA1A63;
fa9 : 00100737;
faa : 20070713;
fab : 00472703;
fac : 00277713;
fad : 08070863;
fae : 02040713;
faf : 0AE42C23;
fb0 : 00020737;
fb1 : 8C870713;
fb2 : 0AE42E23;
fb3 : 009785B3;
fb4 : 00098463;
fb5 : 00158593;
fb6 : 0B842783;
fb7 : 0BC42503;
fb8 : 00048613;
fb9 : 00B7A623;
fba : 999FC0EF;
fbb : 0C042223;
fbc : 0C042023;
fbd : 001006B7;
fbe : 2806A703;
fbf : 20068793;
fc0 : 00E71613;
fc1 : 08065A63;
fc2 : 0007A783;
fc3 : 001006B7;
fc4 : 00479713;
fc5 : 08074863;
fc6 : 020A0663;
fc7 : 001007B7;
fc8 : 00100713;
fc9 : 26E7A223;
fca : 2287A703;
fcb : 00176713;
fcc : 22E7A423;
fcd : 000017B7;
fce : 80078793;
fcf : 3047A7F3;
fd0 : 300467F3;
fd1 : 02C12083;
fd2 : 02812403;
fd3 : 02412483;
fd4 : 02012903;
fd5 : 01C12983;
fd6 : 01812A03;
fd7 : 01412A83;
fd8 : 01012B03;
fd9 : 00C12B83;
fda : 00812C03;
fdb : 00412C83;
fdc : 03010113;
fdd : 00008067;
fde : 012C0633;
fdf : 1F050513;
fe0 : 000A8593;
fe1 : 8FDFC0EF;
fe2 : 00190913;
fe3 : 0D9BA623;
fe4 : 000B8513;
fe5 : ED1FF06F;
fe6 : 07C7A783;
fe7 : F5DFF06F;
fe8 : 0707A783;
fe9 : 2786A703;
fea : 20068793;
feb : 00E71613;
fec : FE0658E3;
fed : F65FF06F;
fee : 000207B7;
fef : 00251713;
ff0 : 7F078793;
ff1 : 00E787B3;
ff2 : A247A703;
ff3 : 00170713;
ff4 : A2E7A223;
ff5 : 0001F7B7;
ff6 : 68A7A823;
ff7 : 0001F7B7;
ff8 : 68B7A623;
ff9 : 0001F7B7;
ffa : 68C7A423;
ffb : 001007B7;
ffc : 41C7A703;
ffd : 0001F7B7;
ffe : 68E7A223;
fff : 00008067;
1000 : 0001F7B7;
1001 : 6FA7C783;
1002 : 02F54C63;
1003 : 40F50533;
1004 : 00100793;
1005 : 00A79533;
1006 : 001007B7;
1007 : 2287A703;
1008 : 20078793;
1009 : 00058863;
100a : 00E56533;
100b : 02A7A423;
100c : 00008067;
100d : FFF54513;
100e : 00E57533;
100f : FF1FF06F;
1010 : 00100793;
1011 : 00A79533;
1012 : 001007B7;
1013 : 2247A703;
1014 : 20078793;
1015 : 00058863;
1016 : 00E56533;
1017 : 02A7A223;
1018 : 00008067;
1019 : FFF54513;
101a : 00E57533;
101b : FF1FF06F;
101c : FF010113;
101d : 00112623;
101e : 00100793;
101f : 00F52023;
1020 : 00052A23;
1021 : 00052E23;
1022 : 00052623;
1023 : 00052823;
1024 : 00452503;
1025 : 00100593;
1026 : F69FF0EF;
1027 : 0001F7B7;
1028 : 00C12083;
1029 : 6FA7C503;
102a : 00100593;
102b : 01010113;
102c : F51FF06F;
102d : FE010113;
102e : 00912A23;
102f : 000204B7;
1030 : 00812C23;
1031 : 01212823;
1032 : 01312623;
1033 : 01412423;
1034 : 00112E23;
1035 : 00000413;
1036 : 0001F937;
1037 : 0001F9B7;
1038 : C0048493;
1039 : 02400A13;
103a : 6FA94783;
103b : 02F44263;
103c : 01C12083;
103d : 01812403;
103e : 01412483;
103f : 01012903;
1040 : 00C12983;
1041 : 00812A03;
1042 : 02010113;
1043 : 00008067;
1044 : 7409A783;
1045 : 4087D7B3;
1046 : 0017F793;
1047 : 00078863;
1048 : 03440533;
1049 : 00A48533;
104a : F49FF0EF;
104b : 00140413;
104c : FB9FF06F;
104d : 02400793;
104e : 02F507B3;
104f : FF010113;
1050 : 00812423;
1051 : 00050413;
1052 : 0001F537;
1053 : 7F050513;
1054 : 00112623;
1055 : 41078793;
1056 : 00F50533;
1057 : F15FF0EF;
1058 : 0001F737;
1059 : 74072683;
105a : 00100793;
105b : 00C12083;
105c : 00879533;
105d : 00812403;
105e : 00D56533;
105f : 74A72023;
1060 : 01010113;
1061 : 00008067;
1062 : FF010113;
1063 : 00812423;
1064 : 00112623;
1065 : 00912223;
1066 : 00A00793;
1067 : 0AF52823;
1068 : FFF00793;
1069 : 0AF52E23;
106a : 0CF52223;
106b : 0CF52023;
106c : 0CF52423;
106d : 0AF52223;
106e : 0AF52423;
106f : 10F52023;
1070 : 0EF52E23;
1071 : 0E452783;
1072 : 00100713;
1073 : 0E052623;
1074 : 0E052823;
1075 : 0A052C23;
1076 : 0A052A23;
1077 : 0C052823;
1078 : 0C052A23;
1079 : 0E052023;
107a : 0EE52423;
107b : 0C052623;
107c : 00050413;
107d : 00079663;
107e : A50FC0EF;
107f : B48FC0EF;
1080 : 09842783;
1081 : 02078863;
1082 : 0087A703;
1083 : 0007A223;
1084 : 0207A423;
1085 : 00E42623;
1086 : 00C7A703;
1087 : 00E42423;
1088 : 0107A703;
1089 : 0147A783;
108a : 06042423;
108b : 00E42823;
108c : 06F42623;
108d : 00840513;
108e : DFCFC0EF;
108f : 001004B7;
1090 : 02042C23;
1091 : 06042C23;
1092 : 06042423;
1093 : 06042E23;
1094 : 08042823;
1095 : 08042023;
1096 : 08042A23;
1097 : 41C4A783;
1098 : 0D842503;
1099 : 00100593;
109a : 0EF42C23;
109b : D95FF0EF;
109c : 0DC42503;
109d : 00100593;
109e : D89FF0EF;
109f : 0F442783;
10a0 : 86000737;
10a1 : 00C12083;
10a2 : 00812403;
10a3 : 01C79793;
10a4 : 00170713;
10a5 : 00E7E7B3;
10a6 : 24F4A623;
10a7 : 00412483;
10a8 : 01010113;
10a9 : 00008067;
10aa : FC010113;
10ab : 02812C23;
10ac : 0001F437;
10ad : 7F040793;
10ae : 02912A23;
10af : 0007A483;
10b0 : 02112E23;
10b1 : 03212823;
10b2 : 03312623;
10b3 : 03412423;
10b4 : 03512223;
10b5 : 03612023;
10b6 : 01712E23;
10b7 : 01812C23;
10b8 : 01912A23;
10b9 : 01A12823;
10ba : 01B12623;
10bb : 00100793;
10bc : 7F040413;
10bd : 00F48663;
10be : 00000A13;
10bf : 10C0006F;
10c0 : 0C442783;
10c1 : 00900713;
10c2 : 00000A13;
10c3 : FFF78793;
10c4 : 0EF76C63;
10c5 : 0001B737;
10c6 : 00279793;
10c7 : 91C70713;
10c8 : 00E787B3;
10c9 : 0007A783;
10ca : 00078067;
10cb : 0001F7B7;
10cc : 6F87C783;
10cd : FC0792E3;
10ce : 001007B7;
10cf : 2047A703;
10d0 : 20078793;
10d1 : 00877713;
10d2 : FA0718E3;
10d3 : 0047A703;
10d4 : 800006B7;
10d5 : 00D76733;
10d6 : 00E7A223;
10d7 : 00A00793;
10d8 : 0CF42223;
10d9 : 1540006F;
10da : 001007B7;
10db : 2047A703;
10dc : 20078793;
10dd : 00171713;
10de : 00175713;
10df : 00E7A223;
10e0 : 0047A703;
10e1 : 00877713;
10e2 : 00070663;
10e3 : 00900793;
10e4 : FD1FF06F;
10e5 : 0047A783;
10e6 : 0047F793;
10e7 : 10078E63;
10e8 : 00100793;
10e9 : FBDFF06F;
10ea : 0B842783;
10eb : 0887AA03;
10ec : 020A0663;
10ed : 00001937;
10ee : 80090913;
10ef : 304937F3;
10f0 : 300477F3;
10f1 : 0BC42503;
10f2 : DC1FF0EF;
10f3 : 30492973;
10f4 : 300467F3;
10f5 : 00800793;
10f6 : F89FF06F;
10f7 : 001007B7;
10f8 : 41C7A703;
10f9 : 0001F7B7;
10fa : 6F47A783;
10fb : 40E787B3;
10fc : 00001737;
10fd : 38870713;
10fe : 00E787B3;
10ff : EE07DEE3;
1100 : 00900793;
1101 : 0CF42223;
1102 : 0001BBB7;
1103 : 00040B13;
1104 : 00100913;
1105 : 0001FCB7;
1106 : 11800993;
1107 : 00100A93;
1108 : 00500C13;
1109 : 944B8B93;
110a : 0001FD37;
110b : 6F9CC783;
110c : 28F94C63;
110d : 03C12083;
110e : 03812403;
110f : 03412483;
1110 : 03012903;
1111 : 02C12983;
1112 : 02412A83;
1113 : 02012B03;
1114 : 01C12B83;
1115 : 01812C03;
1116 : 01412C83;
1117 : 01012D03;
1118 : 00C12D83;
1119 : 000A0513;
111a : 02812A03;
111b : 04010113;
111c : 00008067;
111d : 001007B7;
111e : 00200713;
111f : 20E7A423;
1120 : 0B842683;
1121 : 0886A683;
1122 : 04068463;
1123 : 0BC42683;
1124 : 0CC6A683;
1125 : 02068E63;
1126 : 0A200613;
1127 : 30C7A023;
1128 : 30078693;
1129 : 00300793;
112a : 00F6A823;
112b : 00100793;
112c : 00F6AE23;
112d : 0CE42223;
112e : 001007B7;
112f : 41C7A703;
1130 : 0001F7B7;
1131 : 00048A13;
1132 : 6EE7AA23;
1133 : F3DFF06F;
1134 : 001007B7;
1135 : 41C7A703;
1136 : 0001F7B7;
1137 : 6F47A783;
1138 : 40E787B3;
1139 : 00001737;
113a : 38870713;
113b : 00E787B3;
113c : E007D4E3;
113d : 00900793;
113e : 0CF42223;
113f : DFDFF06F;
1140 : 001007B7;
1141 : 31C7A703;
1142 : 00177713;
1143 : DE0706E3;
1144 : 40078793;
1145 : 01C7A783;
1146 : 7D078793;
1147 : 0CF42423;
1148 : 00300793;
1149 : E3DFF06F;
114a : 001007B7;
114b : 40078793;
114c : 01C7A783;
114d : 0C842703;
114e : 40E787B3;
114f : DA07CEE3;
1150 : 00700793;
1151 : 0CF42223;
1152 : 0C042A23;
1153 : F6DFF06F;
1154 : 001007B7;
1155 : 2087A703;
1156 : 20078793;
1157 : 00277713;
1158 : D8070CE3;
1159 : 00200713;
115a : 00E7A423;
115b : 0107A783;
115c : 00989737;
115d : 5B670713;
115e : F9B78693;
115f : D6D76EE3;
1160 : 06400693;
1161 : 02D787B3;
1162 : 00018737;
1163 : 6A070713;
1164 : 02E7E7B3;
1165 : 00078863;
1166 : 0000C737;
1167 : 34F70713;
1168 : 00F75E63;
1169 : 06400793;
116a : 0CF42623;
116b : F9C00793;
116c : 0CF42823;
116d : 00400793;
116e : DA9FF06F;
116f : 0C042623;
1170 : 0CD42823;
1171 : FF1FF06F;
1172 : 0BC42783;
1173 : 0D07A703;
1174 : 0D47A783;
1175 : D2F712E3;
1176 : 001007B7;
1177 : 2087A703;
1178 : 20078793;
1179 : 00277713;
117a : D00708E3;
117b : 00200913;
117c : 0127A423;
117d : 0107A783;
117e : 00989737;
117f : 5B670713;
1180 : F9B78693;
1181 : CED76AE3;
1182 : 06400713;
1183 : 02E787B3;
1184 : 00018737;
1185 : 6A070713;
1186 : 02E7E7B3;
1187 : 0CC42703;
1188 : 02E78663;
1189 : 0D042783;
118a : 0D442703;
118b : 00E787B3;
118c : 0CF42A23;
118d : 0BC42983;
118e : 0D442503;
118f : C95FD0EF;
1190 : 03254533;
1191 : 0CA9A823;
1192 : E71FF06F;
1193 : 0CC42703;
1194 : E6E794E3;
1195 : 0001F7B7;
1196 : 6F87C783;
1197 : 02079C63;
1198 : 000077B7;
1199 : 53078793;
119a : 0D442703;
119b : 00F707B3;
119c : 0CF42A23;
119d : 0BC42903;
119e : 0D442503;
119f : C55FD0EF;
11a0 : 00200793;
11a1 : 02F54533;
11a2 : 00500793;
11a3 : 0CA92823;
11a4 : CD1FF06F;
11a5 : 0000F7B7;
11a6 : 61878793;
11a7 : FCDFF06F;
11a8 : 0BC42783;
11a9 : 0D07A703;
11aa : 0D47A783;
11ab : C4F716E3;
11ac : 00600793;
11ad : CADFF06F;
11ae : 0B840513;
11af : 88CFC0EF;
11b0 : C2051CE3;
11b1 : CC9FF06F;
11b2 : FFF90D93;
11b3 : 033D84B3;
11b4 : 009404B3;
11b5 : 1E44A783;
11b6 : 05578263;
11b7 : 001007B7;
11b8 : 20078793;
11b9 : 0207A783;
11ba : 012A9733;
11bb : 0087D793;
11bc : 00E7F7B3;
11bd : 02079463;
11be : 2CCB2503;
11bf : 00000593;
11c0 : 901FF0EF;
11c1 : 00090513;
11c2 : 2C0B2C23;
11c3 : BBDFB0EF;
11c4 : 1F54A223;
11c5 : 00100493;
11c6 : 0780006F;
11c7 : 033D87B3;
11c8 : 00F407B3;
11c9 : 1E47A483;
11ca : FFF48793;
11cb : 10FC6A63;
11cc : 00279793;
11cd : 017787B3;
11ce : 0007A783;
11cf : 00078067;
11d0 : 1A442783;
11d1 : 0E078E63;
11d2 : 001007B7;
11d3 : 20078793;
11d4 : 0207A783;
11d5 : 012A9733;
11d6 : 0087D793;
11d7 : 00E7F7B3;
11d8 : 0E078063;
11d9 : 033D8DB3;
11da : 01B40DB3;
11db : 1E0DA783;
11dc : 02079863;
11dd : 00442703;
11de : 00800793;
11df : 00F71A63;
11e0 : 1F0B0513;
11e1 : A05FF0EF;
11e2 : 00200793;
11e3 : 1EFDA223;
11e4 : 009A6A33;
11e5 : 00190913;
11e6 : 118B0B13;
11e7 : C91FF06F;
11e8 : 1E0DA783;
11e9 : FF5796E3;
11ea : 6FAD4783;
11eb : 1F8DA223;
11ec : 1F0B0513;
11ed : 012787B3;
11ee : 1EFDAA23;
11ef : 200DA623;
11f0 : 20000793;
11f1 : 1EFDAC23;
11f2 : 1E0DAE23;
11f3 : 200DA023;
11f4 : 1E0DA823;
11f5 : FFF00793;
11f6 : 20FDA823;
11f7 : 895FF0EF;
11f8 : F35FF06F;
11f9 : 033D87B3;
11fa : 00F407B3;
11fb : 20C7A703;
11fc : 02070063;
11fd : 00600713;
11fe : 1EE7A223;
11ff : 2087A703;
1200 : 00090513;
1201 : 1EE7A423;
1202 : CC8FD0EF;
1203 : F09FF06F;
1204 : 1A442783;
1205 : 00079E63;
1206 : 033D8DB3;
1207 : 00090513;
1208 : AA9FB0EF;
1209 : 01B40DB3;
120a : 1F5DA223;
120b : EE9FF06F;
120c : 033D8DB3;
120d : 01B40DB3;
120e : 208DA783;
120f : 1EFDA423;
1210 : 00000493;
1211 : F4DFF06F;
1212 : 033D8DB3;
1213 : 01B40DB3;
1214 : 268DA483;
1215 : F2048EE3;
1216 : 01C42583;
1217 : 00090513;
1218 : AE8FF0EF;
1219 : 00300793;
121a : 1EFDA223;
121b : EA9FF06F;
121c : 033D8DB3;
121d : 00000493;
121e : 01B40DB3;
121f : 2C0DA703;
1220 : 2C4DA783;
1221 : F0F716E3;
1222 : 00090513;
1223 : C44FD0EF;
1224 : 00400793;
1225 : FD5FF06F;
1226 : 1A442783;
1227 : 00078C63;
1228 : 033D87B3;
1229 : 00000493;
122a : 00F407B3;
122b : 2687A783;
122c : EE0790E3;
122d : 00090513;
122e : A11FB0EF;
122f : 033D87B3;
1230 : 00F407B3;
1231 : 1F57A223;
1232 : E4DFF06F;
1233 : 03852783;
1234 : FF010113;
1235 : 00812423;
1236 : 00112623;
1237 : 02F52823;
1238 : FFF00793;
1239 : 00052023;
123a : 00052223;
123b : 00F52423;
123c : 0001F737;
123d : 00000613;
123e : 00000693;
123f : 72C72823;
1240 : 72D72A23;
1241 : 0001F737;
1242 : 72C72C23;
1243 : 72D72E23;
1244 : FFF00613;
1245 : 0001F737;
1246 : FFF00693;
1247 : 72D72623;
1248 : 72C72423;
1249 : 0001F737;
124a : 6A072423;
124b : 0001F737;
124c : 00050413;
124d : 08F52A23;
124e : 00052823;
124f : 6A072223;
1250 : 00100693;
1251 : 0001F737;
1252 : 01850513;
1253 : 6AD72023;
1254 : EE5FB0EF;
1255 : 001007B7;
1256 : 08042423;
1257 : 06042C23;
1258 : 08042623;
1259 : 40078793;
125a : 01C7A783;
125b : 00C42503;
125c : 00C12083;
125d : 08F42823;
125e : 00812403;
125f : 00100593;
1260 : 01010113;
1261 : E7CFF06F;
1262 : 0001B7B7;
1263 : FA010113;
1264 : 0001F837;
1265 : 95C78793;
1266 : 05212823;
1267 : 03812C23;
1268 : 04112E23;
1269 : 04812C23;
126a : 04912A23;
126b : 05312623;
126c : 05412423;
126d : 05512223;
126e : 05612023;
126f : 03712E23;
1270 : 03912A23;
1271 : 03A12823;
1272 : 03B12623;
1273 : 7F080C13;
1274 : 00F12023;
1275 : 0001F937;
1276 : 001007B7;
1277 : 2807A703;
1278 : 20078793;
1279 : 00E71693;
127a : 0406DC63;
127b : 010C2783;
127c : 00178793;
127d : 00FC2823;
127e : 000017B7;
127f : 80078793;
1280 : 3447B7F3;
1281 : 05C12083;
1282 : 05812403;
1283 : 05412483;
1284 : 05012903;
1285 : 04C12983;
1286 : 04812A03;
1287 : 04412A83;
1288 : 04012B03;
1289 : 03C12B83;
128a : 03812C03;
128b : 03412C83;
128c : 03012D03;
128d : 02C12D83;
128e : 06010113;
128f : 00008067;
1290 : 0001F737;
1291 : 07C7A403;
1292 : 6AC72783;
1293 : 01845493;
1294 : 00178793;
1295 : 6AF72623;
1296 : 0001F7B7;
1297 : 6FA7CA03;
1298 : 004C2983;
1299 : 00841413;
129a : 07F4F493;
129b : 00845413;
129c : 03449863;
129d : 018C2783;
129e : 00178793;
129f : 00FC2C23;
12a0 : FFF98793;
12a1 : 00900713;
12a2 : 06F76863;
12a3 : 00012703;
12a4 : 00279793;
12a5 : 00E787B3;
12a6 : 0007A783;
12a7 : 00078067;
12a8 : FE0490E3;
12a9 : 014C2783;
12aa : 00178793;
12ab : 00FC2A23;
12ac : FD1FF06F;
12ad : 05CC2783;
12ae : 00100AB7;
12af : 00100593;
12b0 : 24FAA023;
12b1 : 104C2783;
12b2 : 100C2683;
12b3 : 000A0513;
12b4 : 00D787B3;
12b5 : 00200693;
12b6 : 02D7C7B3;
12b7 : 24FAA223;
12b8 : D20FF0EF;
12b9 : 41CAA783;
12ba : 03278793;
12bb : 00FC2423;
12bc : 00A00793;
12bd : 00FC2223;
12be : 004C2503;
12bf : 00A98A63;
12c0 : 0001F737;
12c1 : 6B072783;
12c2 : 00178793;
12c3 : 6AF72823;
12c4 : FE0FB0EF;
12c5 : 000C2703;
12c6 : 00300793;
12c7 : 0AF71863;
12c8 : 0001F737;
12c9 : 6E872783;
12ca : 0A078263;
12cb : 001009B7;
12cc : 0001F6B7;
12cd : 41C9A783;
12ce : 6E46A683;
12cf : 40098993;
12d0 : 40D787B3;
12d1 : E807CAE3;
12d2 : 00000613;
12d3 : 00000693;
12d4 : 6E072423;
12d5 : 0001F737;
12d6 : 72D72A23;
12d7 : 72C72823;
12d8 : 0001F737;
12d9 : 020C2223;
12da : 72D72E23;
12db : 72C72C23;
12dc : FFF00713;
12dd : 020C2023;
12de : 72E92623;
12df : 0001F737;
12e0 : FFF00793;
12e1 : 020C2823;
12e2 : FFF00693;
12e3 : 6A072423;
12e4 : 0001F737;
12e5 : 02FC2423;
12e6 : 72D92423;
12e7 : 6A072223;
12e8 : 00100693;
12e9 : 0001F737;
12ea : 038C0513;
12eb : 0AFC2A23;
12ec : 6AD72023;
12ed : C81FB0EF;
12ee : 0A0C2423;
12ef : 080C2C23;
12f0 : 0A0C2623;
12f1 : 01C9A783;
12f2 : 0AFC2823;
12f3 : 02CC2783;
12f4 : 10F49063;
12f5 : 0001F7B7;
12f6 : 6E87A023;
12f7 : 0001F7B7;
12f8 : 6C97A823;
12f9 : 00004737;
12fa : 0001F7B7;
12fb : 6CE7A623;
12fc : 0001FAB7;
12fd : 6C8AA783;
12fe : 0001F6B7;
12ff : 6A06A703;
1300 : 00178793;
1301 : 6CFAA423;
1302 : 0001F7B7;
1303 : 6A97AC23;
1304 : 0001F7B7;
1305 : 04071063;
1306 : 020C2703;
1307 : 0001F637;
1308 : 72E62C23;
1309 : 41F75713;
130a : 72E62E23;
130b : 024C2703;
130c : 72E7A823;
130d : 41F75713;
130e : 72E7AA23;
130f : 028C2703;
1310 : 72E92423;
1311 : 41F75713;
1312 : 72E92623;
1313 : 00100713;
1314 : 6AE6A023;
1315 : 72C92703;
1316 : 72892983;
1317 : 41F45E13;
1318 : 0001FDB7;
1319 : 0001FD37;
131a : 0001FCB7;
131b : 28075863;
131c : 7287A823;
131d : 73C7AA23;
131e : 72892423;
131f : 73C92623;
1320 : CE4FB0EF;
1321 : 024C2783;
1322 : 0001F6B7;
1323 : 00000613;
1324 : 6CFDAE23;
1325 : 6C0D2C23;
1326 : 6C0CAA23;
1327 : 020C2703;
1328 : 00000593;
1329 : 00000513;
132a : 6CE6A223;
132b : 028C2703;
132c : 0001F6B7;
132d : 6CE6A023;
132e : 0001F737;
132f : 6AF72E23;
1330 : 6C8AA703;
1331 : 064C2783;
1332 : 00000693;
1333 : D74FB0EF;
1334 : 0A8C2783;
1335 : D00782E3;
1336 : 1C0C2783;
1337 : 00078A63;
1338 : 00048613;
1339 : 00040593;
133a : 0D8C0513;
133b : E21FB0EF;
133c : 004C2703;
133d : 00800793;
133e : CEF710E3;
133f : 000C2703;
1340 : 00300793;
1341 : 0001F9B7;
1342 : 00F71C63;
1343 : 000C0A93;
1344 : 00000B13;
1345 : 6F99C783;
1346 : FFF78793;
1347 : 4AFB4E63;
1348 : 009A4A63;
1349 : 00048613;
134a : 00040593;
134b : 410C0513;
134c : E28FB0EF;
134d : 000C0B13;
134e : 00000A93;
134f : 00100B93;
1350 : 001A0A13;
1351 : 6F99C783;
1352 : FFF78793;
1353 : C8FAD6E3;
1354 : 1E0B2783;
1355 : 03779063;
1356 : 015A07B3;
1357 : 00F49C63;
1358 : 215B2823;
1359 : 00000613;
135a : 00040593;
135b : 1F0B0513;
135c : DE8FB0EF;
135d : 001A8A93;
135e : 118B0B13;
135f : FC9FF06F;
1360 : 001007B7;
1361 : 41C7A703;
1362 : 008C2783;
1363 : 40E787B3;
1364 : D607D4E3;
1365 : 000C2783;
1366 : 00100713;
1367 : D4E78CE3;
1368 : 00300793;
1369 : D51FF06F;
136a : 00000593;
136b : 000A0513;
136c : A50FF0EF;
136d : 0B8C2503;
136e : B15FF0EF;
136f : 001007B7;
1370 : 00100713;
1371 : 20E7A223;
1372 : 00900693;
1373 : 0CDC2223;
1374 : 0CEC2023;
1375 : A6000737;
1376 : 00170713;
1377 : 24E7A623;
1378 : 00200793;
1379 : D11FF06F;
137a : 000207B7;
137b : 8A878513;
137c : 959FB0EF;
137d : D00502E3;
137e : ABCFF0EF;
137f : 00800793;
1380 : 00FC2223;
1381 : 1B0C2503;
1382 : EC9FC0EF;
1383 : CEDFF06F;
1384 : 020C0513;
1385 : AB9FF0EF;
1386 : 000C2683;
1387 : 00300713;
1388 : 0001F7B7;
1389 : 02E69A63;
138a : 00100713;
138b : 6EE7A423;
138c : 001007B7;
138d : 40078793;
138e : 01C7A783;
138f : 00002737;
1390 : F4070713;
1391 : 00E787B3;
1392 : 0001F737;
1393 : 6EF72223;
1394 : 00400793;
1395 : CA1FF06F;
1396 : 6E07A423;
1397 : FF5FF06F;
1398 : 0A8C2783;
1399 : C8078AE3;
139a : 0ACC2783;
139b : C80786E3;
139c : 000C2703;
139d : 00300793;
139e : F8F710E3;
139f : 00500793;
13a0 : C75FF06F;
13a1 : 0D8C0513;
13a2 : B00FF0EF;
13a3 : 00600793;
13a4 : C65FF06F;
13a5 : 1A4C2783;
13a6 : C60780E3;
13a7 : F5DFF06F;
13a8 : 000C2703;
13a9 : 00100793;
13aa : 02F71A63;
13ab : 000207B7;
13ac : 8A878513;
13ad : 895FB0EF;
13ae : 02051263;
13af : 00CC2783;
13b0 : 00178793;
13b1 : 00FC2623;
13b2 : 00900793;
13b3 : 00FC2223;
13b4 : 1B0C2503;
13b5 : BF4FB0EF;
13b6 : C21FF06F;
13b7 : 0A8C2783;
13b8 : FC078EE3;
13b9 : 000C2703;
13ba : 00300793;
13bb : C0F716E3;
13bc : 1A4C2783;
13bd : C00792E3;
13be : FC5FF06F;
13bf : 0001F8B7;
13c0 : 00EE4663;
13c1 : 03C71463;
13c2 : 03347263;
13c3 : 7388A703;
13c4 : 73C8A603;
13c5 : 004006B7;
13c6 : 00D706B3;
13c7 : 00E6B733;
13c8 : 00C70733;
13c9 : 72D8AC23;
13ca : 72E8AE23;
13cb : 413409B3;
13cc : 0009D663;
13cd : 00400737;
13ce : 00E989B3;
13cf : 7388A303;
13d0 : 73C8AF03;
13d1 : 7307A503;
13d2 : 008302B3;
13d3 : 7347AE83;
13d4 : 0062BFB3;
13d5 : 01EF8FB3;
13d6 : 40A28B33;
13d7 : 41DF86B3;
13d8 : 0162B733;
13d9 : 01C12E23;
13da : 00612C23;
13db : 01E12A23;
13dc : 00A12823;
13dd : 00512623;
13de : 01D12423;
13df : 01F12223;
13e0 : 40E68BB3;
13e1 : 9E0FB0EF;
13e2 : 024C2683;
13e3 : 00412F83;
13e4 : 00812E83;
13e5 : 6CDDAE23;
13e6 : 00C12283;
13e7 : 01012503;
13e8 : 01412F03;
13e9 : 01812303;
13ea : 01C12E03;
13eb : 0001F7B7;
13ec : 0001F8B7;
13ed : 1D704A63;
13ee : 000B9463;
13ef : 1C0B4663;
13f0 : FFF00693;
13f1 : 1CDBC863;
13f2 : 00DB9663;
13f3 : 800006B7;
13f4 : 1CDB6263;
13f5 : 000B0693;
13f6 : 6CDD2C23;
13f7 : 6D3CAA23;
13f8 : FFF00693;
13f9 : 1ADBCC63;
13fa : 00DB9863;
13fb : FFFDB6B7;
13fc : 61068693;
13fd : 1ADB6463;
13fe : 1B704863;
13ff : 000B9863;
1400 : 000256B7;
1401 : 9F068693;
1402 : 1B66E063;
1403 : 000B0C93;
1404 : 01F04A63;
1405 : 040F9E63;
1406 : 05F5E6B7;
1407 : 10068693;
1408 : 0456F863;
1409 : 01D04A63;
140a : 040E9463;
140b : 05F5E6B7;
140c : 10068693;
140d : 02A6FE63;
140e : FA0A26B7;
140f : F0068693;
1410 : 00D305B3;
1411 : 00D506B3;
1412 : 0065B333;
1413 : FFFF0F13;
1414 : 00A6B533;
1415 : FFFE8E93;
1416 : 01E30333;
1417 : 01D50533;
1418 : 72B8AC23;
1419 : 7268AE23;
141a : 72D7A823;
141b : 72A7AA23;
141c : 7307A683;
141d : 7347A503;
141e : 000045B7;
141f : 00B685B3;
1420 : 00D5B6B3;
1421 : 00A686B3;
1422 : 72D7AA23;
1423 : 72B7A823;
1424 : 72892423;
1425 : 73C92623;
1426 : 8CCFB0EF;
1427 : 0001F6B7;
1428 : 6A86A783;
1429 : 00178793;
142a : 6AF6A423;
142b : 10078863;
142c : 6A06A423;
142d : 0001F6B7;
142e : 6A46A783;
142f : 038C2D03;
1430 : 00178793;
1431 : 6AF6A223;
1432 : 0E079663;
1433 : 020C2C23;
1434 : 000C8593;
1435 : 038C0513;
1436 : 8B1FB0EF;
1437 : 001006B7;
1438 : 03AC2C23;
1439 : 00050793;
143a : 24A6A023;
143b : 000C8593;
143c : 098C0513;
143d : 00F12223;
143e : EB4FB0EF;
143f : 0ACC2683;
1440 : 00412783;
1441 : 02068263;
1442 : 0A8C2683;
1443 : 00068E63;
1444 : 001006B7;
1445 : 40068693;
1446 : 01C6A683;
1447 : 0B0C2583;
1448 : 40B686B3;
1449 : 0ADC2A23;
144a : 020C2683;
144b : 0001F737;
144c : FFFFC5B7;
144d : 6CD72223;
144e : 028C2683;
144f : 0001F737;
1450 : 00B985B3;
1451 : 6CD72023;
1452 : 024C2683;
1453 : 0001F737;
1454 : 6AD72E23;
1455 : 07704863;
1456 : 000B9463;
1457 : 060B4463;
1458 : FFF00693;
1459 : 06DBC663;
145a : 00DB9663;
145b : 80000737;
145c : 06EB6063;
145d : 000B0613;
145e : 6C8AA703;
145f : 000C8693;
1460 : 00098513;
1461 : B49FF06F;
1462 : 800006B7;
1463 : FFF6C693;
1464 : E49FF06F;
1465 : 800006B7;
1466 : E41FF06F;
1467 : FFFDBCB7;
1468 : 610C8C93;
1469 : E6DFF06F;
146a : 00025CB7;
146b : 9F0C8C93;
146c : E61FF06F;
146d : 6A06A223;
146e : F19FF06F;
146f : 064C2783;
1470 : F2DFF06F;
1471 : 80000637;
1472 : FFF64613;
1473 : FADFF06F;
1474 : 80000637;
1475 : FA5FF06F;
1476 : 2D8AA783;
1477 : 00078A63;
1478 : 00048613;
1479 : 00040593;
147a : 1F0A8513;
147b : 921FB0EF;
147c : 001B0B13;
147d : 118A8A93;
147e : B1DFF06F;
147f : 00100737;
1480 : 30872883;
1481 : 30C72603;
1482 : 30472783;
1483 : 30872803;
1484 : 30C72683;
1485 : 0FF67613;
1486 : 0FF6F693;
1487 : FF1812E3;
1488 : FEC690E3;
1489 : 00050663;
148a : 01052023;
148b : 00D52223;
148c : 00058863;
148d : 00479793;
148e : 0017D793;
148f : 00F5A023;
1490 : 00008067;
1491 : FE010113;
1492 : 00912A23;
1493 : 00C5A483;
1494 : 00812C23;
1495 : 00112E23;
1496 : 01212823;
1497 : 0024F793;
1498 : 00058413;
1499 : 04078063;
149a : 001007B7;
149b : 40078793;
149c : 01C7A783;
149d : 00A00713;
149e : 0115C583;
149f : 02E7D7B3;
14a0 : 00810613;
14a1 : 00F12423;
14a2 : 965FD0EF;
14a3 : 01C12083;
14a4 : 01812403;
14a5 : 01412483;
14a6 : 01012903;
14a7 : 02010113;
14a8 : 00008067;
14a9 : 0044F793;
14aa : 00050913;
14ab : 00078863;
14ac : 00000593;
14ad : 00810513;
14ae : F45FF0EF;
14af : 0014F493;
14b0 : 00810613;
14b1 : 00048C63;
14b2 : 00812503;
14b3 : 00C12583;
14b4 : 00200613;
14b5 : 6F0090EF;
14b6 : 00050613;
14b7 : 01144583;
14b8 : 00090513;
14b9 : FA5FF06F;
14ba : 001017B7;
14bb : A0078793;
14bc : 00F50533;
14bd : 00B52023;
14be : 00000513;
14bf : 00008067;
14c0 : FE010113;
14c1 : 00812C23;
14c2 : 0001F7B7;
14c3 : 00050413;
14c4 : 00161613;
14c5 : 00100513;
14c6 : 00912A23;
14c7 : 01071713;
14c8 : 74A7A423;
14c9 : 00C69493;
14ca : 0001F7B7;
14cb : 0000F6B7;
14cc : 01E67613;
14cd : 01212823;
14ce : 00E66633;
14cf : 00D4F4B3;
14d0 : 00F5F913;
14d1 : 5487AA23;
14d2 : 0001F7B7;
14d3 : 009664B3;
14d4 : 5527A823;
14d5 : 00800513;
14d6 : 0001F7B7;
14d7 : 00112E23;
14d8 : 01312623;
14d9 : 5497A623;
14da : 000019B7;
14db : DE0FC0EF;
14dc : FE198593;
14dd : 00B575B3;
14de : 0095E5B3;
14df : 00800513;
14e0 : F69FF0EF;
14e1 : 06C00513;
14e2 : DC4FC0EF;
14e3 : FFFF05B7;
14e4 : 00C91913;
14e5 : 0FF58593;
14e6 : 00841413;
14e7 : 00B57533;
14e8 : 01246433;
14e9 : 00A46433;
14ea : 80098593;
14eb : 00B465B3;
14ec : 06C00513;
14ed : F35FF0EF;
14ee : 0FF0000F;
14ef : 01C12083;
14f0 : 01812403;
14f1 : 01412483;
14f2 : 01012903;
14f3 : 00C12983;
14f4 : 02010113;
14f5 : 00008067;
14f6 : 00050593;
14f7 : 04C00513;
14f8 : F09FF06F;
14f9 : 0001F7B7;
14fa : FF010113;
14fb : 5487A583;
14fc : 0001F7B7;
14fd : 00912223;
14fe : 7447D483;
14ff : 00812423;
1500 : 00010437;
1501 : 01212023;
1502 : FFF40913;
1503 : 0125F433;
1504 : 01049593;
1505 : 0085E5B3;
1506 : 13400513;
1507 : 00112623;
1508 : EC9FF0EF;
1509 : FFF4C593;
150a : 01244433;
150b : 01059593;
150c : 0085E5B3;
150d : 00812403;
150e : 00C12083;
150f : 00412483;
1510 : 00012903;
1511 : 13800513;
1512 : 01010113;
1513 : E9DFF06F;
1514 : FC010113;
1515 : 02812C23;
1516 : 0001F437;
1517 : 02912A23;
1518 : 74445483;
1519 : 03212823;
151a : 01912A23;
151b : 0024E793;
151c : 74F41223;
151d : 0001F937;
151e : 02112E23;
151f : 03312623;
1520 : 03412423;
1521 : 03512223;
1522 : 03612023;
1523 : 01712E23;
1524 : 01812C23;
1525 : 01A12823;
1526 : 01B12623;
1527 : F49FF0EF;
1528 : 2F890793;
1529 : 07E7D783;
152a : 0001BCB7;
152b : 2F890913;
152c : 9C0C8C93;
152d : 0A078C63;
152e : 1F0C8B13;
152f : 164C8C93;
1530 : 0064E493;
1531 : 74941223;
1532 : F1DFF0EF;
1533 : 000204B7;
1534 : 7F048713;
1535 : 8E072783;
1536 : E00029B7;
1537 : 00010AB7;
1538 : 00001A37;
1539 : 0007AA23;
153a : 8D870C13;
153b : 00000B93;
153c : 7F048493;
153d : FFF98993;
153e : FFFA8A93;
153f : FFFA0A13;
1540 : 74445D83;
1541 : 076CEA63;
1542 : 400DE793;
1543 : 00001D37;
1544 : 74F41223;
1545 : C00D0D13;
1546 : ECDFF0EF;
1547 : 8E04A783;
1548 : 01ADEDB3;
1549 : 75B41223;
154a : 03812403;
154b : 03C12083;
154c : 03412483;
154d : 03012903;
154e : 02C12983;
154f : 02812A03;
1550 : 02412A83;
1551 : 02012B03;
1552 : 01C12B83;
1553 : 01812C03;
1554 : 01412C83;
1555 : 01012D03;
1556 : 00C12D83;
1557 : 08000713;
1558 : 00E7AA23;
1559 : 04010113;
155a : E7DFF06F;
155b : 163C8B13;
155c : 0C8C8C93;
155d : F4DFF06F;
155e : 003B9D13;
155f : 1F8D7D13;
1560 : E07DFD93;
1561 : 01BD6D33;
1562 : 75A41223;
1563 : E59FF0EF;
1564 : 001CC783;
1565 : 002CC683;
1566 : 00200713;
1567 : 01879793;
1568 : 01069693;
1569 : 00D7E7B3;
156a : 004CC683;
156b : 000CC583;
156c : 00D7E7B3;
156d : 003CC683;
156e : 00869693;
156f : 00D7E7B3;
1570 : FFFB8693;
1571 : 02D76063;
1572 : FFEC4683;
1573 : FFFC4503;
1574 : 0137F7B3;
1575 : 00869693;
1576 : 00A6E6B3;
1577 : 00D69693;
1578 : 00F6E7B3;
1579 : 00D7D693;
157a : 00001737;
157b : 0156F6B3;
157c : AAA70713;
157d : 02E69263;
157e : 0077D693;
157f : 01F6F693;
1580 : 00700513;
1581 : 00A69A63;
1582 : 07E95683;
1583 : 0137F7B3;
1584 : 00D69693;
1585 : 00F6E7B3;
1586 : 0147F533;
1587 : 01459693;
1588 : 00C7D793;
1589 : 00F6E7B3;
158a : 00879793;
158b : 03FBF693;
158c : 00D7E7B3;
158d : 8E04A683;
158e : 0407E793;
158f : 200D6D13;
1590 : 00A6AC23;
1591 : 00F6AA23;
1592 : 75A41223;
1593 : 005C8C93;
1594 : D95FF0EF;
1595 : 001B8B93;
1596 : 002C0C13;
1597 : EA5FF06F;
1598 : 0001F7B7;
1599 : FF010113;
159a : 5447A583;
159b : 0001F7B7;
159c : 00812423;
159d : 5407A403;
159e : 00112623;
159f : 06040463;
15a0 : 00020737;
15a1 : 7F070713;
15a2 : A6472783;
15a3 : A7472683;
15a4 : 00279793;
15a5 : 01A69693;
15a6 : 00B6E5B3;
15a7 : 0FF7F793;
15a8 : 00B7E7B3;
15a9 : A6872583;
15aa : 000046B7;
15ab : F0068693;
15ac : 00859593;
15ad : 00D5F5B3;
15ae : 00B7E5B3;
15af : A6C72783;
15b0 : 000FC6B7;
15b1 : 00E79793;
15b2 : 00D7F7B3;
15b3 : 00F5E5B3;
15b4 : A7072783;
15b5 : 03F00737;
15b6 : 01479793;
15b7 : 00E7F7B3;
15b8 : 00B7E5B3;
15b9 : 00C00513;
15ba : C01FF0EF;
15bb : 0001F7B7;
15bc : 53C7A583;
15bd : 04040663;
15be : 0001F7B7;
15bf : 5387A783;
15c0 : 000FC737;
15c1 : 00E79793;
15c2 : 00E7F7B3;
15c3 : 0001F737;
15c4 : 53472703;
15c5 : 00E5E5B3;
15c6 : 00020737;
15c7 : 00B7E7B3;
15c8 : 26872583;
15c9 : 00004737;
15ca : F0070713;
15cb : 00859593;
15cc : 00E5F5B3;
15cd : 00B7E7B3;
15ce : 001005B7;
15cf : 00B7E5B3;
15d0 : 00812403;
15d1 : 00C12083;
15d2 : 01400513;
15d3 : 01010113;
15d4 : B99FF06F;
15d5 : 00000893;
15d6 : 00050E63;
15d7 : 00058C63;
15d8 : 00060A63;
15d9 : 01069863;
15da : 00E81663;
15db : 40F807B3;
15dc : 0017B893;
15dd : 0002E7B7;
15de : 0787A703;
15df : 04071263;
15e0 : 00050463;
15e1 : 00200537;
15e2 : 00058463;
15e3 : 004005B7;
15e4 : 00060463;
15e5 : 00800637;
15e6 : 00088463;
15e7 : 01000737;
15e8 : 01981813;
15e9 : 00A86833;
15ea : 00B86833;
15eb : 00C86633;
15ec : 00E66633;
15ed : 0001F7B7;
15ee : 52C7AA23;
15ef : EA5FF06F;
15f0 : 00008067;
15f1 : FE010113;
15f2 : 01412423;
15f3 : 00058A13;
15f4 : 575255B7;
15f5 : 00812C23;
15f6 : 00912A23;
15f7 : 01512223;
15f8 : 00070493;
15f9 : 00050A93;
15fa : 00100713;
15fb : 00078413;
15fc : 34C58593;
15fd : 0001F7B7;
15fe : 1E000513;
15ff : 00112E23;
1600 : 01212823;
1601 : 01312623;
1602 : 00068913;
1603 : 00060993;
1604 : 52E7A823;
1605 : AD5FF0EF;
1606 : 000A8593;
1607 : 1E400513;
1608 : AC9FF0EF;
1609 : 000A0593;
160a : 1E800513;
160b : ABDFF0EF;
160c : 00098593;
160d : 1EC00513;
160e : AB1FF0EF;
160f : 00090593;
1610 : 1F000513;
1611 : AA5FF0EF;
1612 : 00048593;
1613 : 1F400513;
1614 : A99FF0EF;
1615 : 00040593;
1616 : 1F800513;
1617 : A8DFF0EF;
1618 : 0FF0000F;
1619 : 0001F7B7;
161a : 52C7A583;
161b : 01812403;
161c : 01C12083;
161d : 01412483;
161e : 01012903;
161f : 00C12983;
1620 : 00812A03;
1621 : 00412A83;
1622 : 00158593;
1623 : 52B7A623;
1624 : 1FC00513;
1625 : 02010113;
1626 : A51FF06F;
1627 : 0001F7B7;
1628 : 0001F737;
1629 : 5287A783;
162a : 52472703;
162b : 00E7E7B3;
162c : 22079E63;
162d : 0002E7B7;
162e : 0307A583;
162f : FF010113;
1630 : 17000513;
1631 : 00112623;
1632 : 00812423;
1633 : 01212023;
1634 : 00912223;
1635 : A15FF0EF;
1636 : 0002E7B7;
1637 : 0347A583;
1638 : 17400513;
1639 : 0002E437;
163a : A01FF0EF;
163b : 0002E7B7;
163c : 0387A583;
163d : 17800513;
163e : 04040413;
163f : 9EDFF0EF;
1640 : 0002E7B7;
1641 : 03C7A583;
1642 : 17C00513;
1643 : 0002E937;
1644 : 9D9FF0EF;
1645 : 00042583;
1646 : 18000513;
1647 : 07890913;
1648 : 9C9FF0EF;
1649 : 00442583;
164a : 18400513;
164b : 9BDFF0EF;
164c : 00842583;
164d : 18800513;
164e : 9B1FF0EF;
164f : 00C42583;
1650 : 18C00513;
1651 : 9A5FF0EF;
1652 : 0002E7B7;
1653 : 0507A583;
1654 : 19000513;
1655 : 995FF0EF;
1656 : 0002E7B7;
1657 : 0547A583;
1658 : 19400513;
1659 : 985FF0EF;
165a : 0002E7B7;
165b : 0587A583;
165c : 19800513;
165d : 975FF0EF;
165e : 0002E7B7;
165f : 05C7A583;
1660 : 19C00513;
1661 : 965FF0EF;
1662 : 0002E7B7;
1663 : 0607A583;
1664 : 1A000513;
1665 : 955FF0EF;
1666 : 0002E7B7;
1667 : 0647A583;
1668 : 1A400513;
1669 : 945FF0EF;
166a : 0002E7B7;
166b : 0687A583;
166c : 1A800513;
166d : 935FF0EF;
166e : 0002E7B7;
166f : 06C7A583;
1670 : 1AC00513;
1671 : 925FF0EF;
1672 : 0002E7B7;
1673 : 0707A583;
1674 : 1B000513;
1675 : 915FF0EF;
1676 : 0002E7B7;
1677 : 0747A583;
1678 : 1B400513;
1679 : 905FF0EF;
167a : 00092783;
167b : 0E078463;
167c : 0001F7B7;
167d : 5207A783;
167e : 0C079E63;
167f : 0002E7B7;
1680 : 0807A683;
1681 : 0002E7B7;
1682 : 0847A403;
1683 : 0002E7B7;
1684 : 0887A703;
1685 : 00010637;
1686 : 0002E7B7;
1687 : FFF60593;
1688 : 08C7A783;
1689 : 00841413;
168a : 01071713;
168b : 0002E4B7;
168c : 00C77733;
168d : 09448493;
168e : 00B47433;
168f : 00E46433;
1690 : 0004A583;
1691 : 0FF6F713;
1692 : 00E46433;
1693 : 01879793;
1694 : 7F000737;
1695 : 00E7F7B3;
1696 : 1E000513;
1697 : 00F46433;
1698 : 889FF0EF;
1699 : 0044A583;
169a : 1E400513;
169b : 87DFF0EF;
169c : 0084A583;
169d : 1E800513;
169e : 871FF0EF;
169f : 00C4A583;
16a0 : 1EC00513;
16a1 : 865FF0EF;
16a2 : 00040593;
16a3 : 1F000513;
16a4 : 859FF0EF;
16a5 : 0002E7B7;
16a6 : 07C7A583;
16a7 : 1F400513;
16a8 : 849FF0EF;
16a9 : 0002E7B7;
16aa : 0907A583;
16ab : 1F800513;
16ac : 839FF0EF;
16ad : 00812403;
16ae : 00092583;
16af : 00C12083;
16b0 : 00412483;
16b1 : 00012903;
16b2 : 1FC00513;
16b3 : 01010113;
16b4 : 819FF06F;
16b5 : 00C12083;
16b6 : 00812403;
16b7 : 00412483;
16b8 : 00012903;
16b9 : 01010113;
16ba : 00008067;
16bb : 00008067;
16bc : 0002E7B7;
16bd : 00100713;
16be : 05078793;
16bf : 04E51C63;
16c0 : 0007A703;
16c1 : 04071E63;
16c2 : 0002E737;
16c3 : 03472683;
16c4 : 00400713;
16c5 : 04E69663;
16c6 : 0002E737;
16c7 : 03872703;
16c8 : 04A71063;
16c9 : 00A7A023;
16ca : 0002E7B7;
16cb : 0407AA23;
16cc : 00500793;
16cd : 00F50663;
16ce : 0002E7B7;
16cf : 04B7AC23;
16d0 : 0002E7B7;
16d1 : 01C7A703;
16d2 : 0002E7B7;
16d3 : 04E7AE23;
16d4 : D4DFF06F;
16d5 : 0007A703;
16d6 : FFF50693;
16d7 : FCE684E3;
16d8 : 00008067;
16d9 : FF010113;
16da : 00000593;
16db : 00100513;
16dc : 00112623;
16dd : 00812423;
16de : F79FF0EF;
16df : 00000593;
16e0 : 00200513;
16e1 : F6DFF0EF;
16e2 : 0001F7B7;
16e3 : 7F078793;
16e4 : 0047A403;
16e5 : 00300513;
16e6 : 00040593;
16e7 : F55FF0EF;
16e8 : 00040593;
16e9 : 00400513;
16ea : F49FF0EF;
16eb : 00C12083;
16ec : FF840513;
16ed : 00812403;
16ee : 00153513;
16ef : 01010113;
16f0 : 00008067;
16f1 : E7010113;
16f2 : 18912223;
16f3 : 0001F4B7;
16f4 : 2F848793;
16f5 : 00400513;
16f6 : 18112623;
16f7 : 18812423;
16f8 : 17612823;
16f9 : 19212023;
16fa : 0347AB03;
16fb : 17312E23;
16fc : 17412C23;
16fd : 17512A23;
16fe : 17712623;
16ff : 17812423;
1700 : 17912223;
1701 : 17A12023;
1702 : 15B12E23;
1703 : D41FB0EF;
1704 : 00050413;
1705 : 00400513;
1706 : D35FB0EF;
1707 : 00855513;
1708 : 00857533;
1709 : 2F848793;
170a : 00157513;
170b : 00F12423;
170c : 04050263;
170d : 00000513;
170e : 18C12083;
170f : 18812403;
1710 : 18412483;
1711 : 18012903;
1712 : 17C12983;
1713 : 17812A03;
1714 : 17412A83;
1715 : 17012B03;
1716 : 16C12B83;
1717 : 16812C03;
1718 : 16412C83;
1719 : 16012D03;
171a : 15C12D83;
171b : 19010113;
171c : 00008067;
171d : 0001F537;
171e : 06400593;
171f : 49850513;
1720 : 50D080EF;
1721 : 00050493;
1722 : FA0516E3;
1723 : 00400513;
1724 : CBDFB0EF;
1725 : FFE57593;
1726 : 00400513;
1727 : E4CFF0EF;
1728 : 00400513;
1729 : CA9FB0EF;
172a : 00020937;
172b : 7F090793;
172c : A807A783;
172d : 01800513;
172e : 00FF0BB7;
172f : 0047A583;
1730 : 0087A983;
1731 : 00C7A403;
1732 : E20FF0EF;
1733 : 00098593;
1734 : 01C00513;
1735 : E14FF0EF;
1736 : 00040593;
1737 : 06000513;
1738 : E08FF0EF;
1739 : 0AC10593;
173a : 0B010513;
173b : D10FF0EF;
173c : 0B412583;
173d : 0B012983;
173e : 02000513;
173f : 0AC12403;
1740 : DE8FF0EF;
1741 : 00098593;
1742 : 02400513;
1743 : DDCFF0EF;
1744 : 00040593;
1745 : 02800513;
1746 : DD0FF0EF;
1747 : 00812783;
1748 : 7F090913;
1749 : 0807C403;
174a : E3DFF0EF;
174b : 00A03533;
174c : FFD40413;
174d : 00151513;
174e : 00143413;
174f : 00A46433;
1750 : 0001F7B7;
1751 : 5487A223;
1752 : 919FF0EF;
1753 : 000B4783;
1754 : 0001F737;
1755 : 01000513;
1756 : 40F72C23;
1757 : 0001F737;
1758 : 41472583;
1759 : 00B7E5B3;
175a : D80FF0EF;
175b : 334B2583;
175c : 330B2A03;
175d : 0001F7B7;
175e : 33CB2983;
175f : 340B2403;
1760 : 05400513;
1761 : 4DC7CC83;
1762 : 000B2C03;
1763 : D5CFF0EF;
1764 : 000A0593;
1765 : 05800513;
1766 : 00010A37;
1767 : D4CFF0EF;
1768 : FFFA0A93;
1769 : 01041413;
176a : 00899993;
176b : 0159F5B3;
176c : 01747433;
176d : 00B46433;
176e : 018C9C93;
176f : 01946433;
1770 : 0FFC7593;
1771 : 00B465B3;
1772 : 05C00513;
1773 : D1CFF0EF;
1774 : 0001F7B7;
1775 : 4947A583;
1776 : 0001F7B7;
1777 : 4907A703;
1778 : 0001F6B7;
1779 : 0001F7B7;
177a : 48C7A783;
177b : 4886A603;
177c : 0FF5F593;
177d : 00871713;
177e : 01861613;
177f : 00C5E5B3;
1780 : 01577733;
1781 : 01079793;
1782 : 0177F7B3;
1783 : 00E5E5B3;
1784 : 00F5E5B3;
1785 : 132B1783;
1786 : 130B4603;
1787 : F00A0693;
1788 : 0007C663;
1789 : 00879A13;
178a : 015A76B3;
178b : 0001F7B7;
178c : 7587AA83;
178d : 0001F7B7;
178e : 7547A503;
178f : 0001F7B7;
1790 : 7507A703;
1791 : 0001F7B7;
1792 : 74C7A783;
1793 : 000109B7;
1794 : FFF98813;
1795 : 01879793;
1796 : 0FFAFA93;
1797 : 00851513;
1798 : 01057533;
1799 : 00FAEAB3;
179a : 00AAEAB3;
179b : 01071713;
179c : 00FF0537;
179d : 00A77733;
179e : 0001F7B7;
179f : 00EAEAB3;
17a0 : 75C7A703;
17a1 : 0001F7B7;
17a2 : 4847A983;
17a3 : 0001F7B7;
17a4 : 4807A783;
17a5 : 00899993;
17a6 : 0109F9B3;
17a7 : 01079793;
17a8 : 00A7F7B3;
17a9 : 00F9E9B3;
17aa : 0FF77793;
17ab : 178B2703;
17ac : 00F9E7B3;
17ad : 01072403;
17ae : 00944703;
17af : 04244983;
17b0 : 05C42A03;
17b1 : 00E03733;
17b2 : 00171713;
17b3 : 013039B3;
17b4 : 00E9E9B3;
17b5 : 010A1A13;
17b6 : 04344703;
17b7 : 00AA7A33;
17b8 : 04144503;
17b9 : 00E03733;
17ba : 00271713;
17bb : 01851513;
17bc : 00E9E9B3;
17bd : 00AA6A33;
17be : 00CA6A33;
17bf : 01899993;
17c0 : 07400513;
17c1 : 00F9E9B3;
17c2 : 00DA6A33;
17c3 : BDCFF0EF;
17c4 : 000A0593;
17c5 : 07800513;
17c6 : BD0FF0EF;
17c7 : 000A8593;
17c8 : 07C00513;
17c9 : BC4FF0EF;
17ca : 00098593;
17cb : 08000513;
17cc : BB8FF0EF;
17cd : 00844783;
17ce : A00008B7;
17cf : 00078663;
17d0 : A00007B7;
17d1 : 00178893;
17d2 : 00944783;
17d3 : 00042703;
17d4 : 00078837;
17d5 : 00F035B3;
17d6 : 03044783;
17d7 : 00B71713;
17d8 : 04344503;
17d9 : 00F03633;
17da : 04244783;
17db : 00159593;
17dc : 00261613;
17dd : 00F036B3;
17de : 000087B7;
17df : 80078793;
17e0 : 00F77733;
17e1 : 00442783;
17e2 : 00369693;
17e3 : 00A03533;
17e4 : 00F79793;
17e5 : 0107F7B3;
17e6 : 05C42803;
17e7 : 00F76733;
17e8 : 001807B7;
17e9 : 01381813;
17ea : 00F87833;
17eb : 01076733;
17ec : 02D44803;
17ed : 04144783;
17ee : 00451513;
17ef : 00581813;
17f0 : 0FF87813;
17f1 : 00879793;
17f2 : 01076733;
17f3 : 7007F793;
17f4 : 00F76733;
17f5 : 02E44783;
17f6 : 00E00837;
17f7 : 01579793;
17f8 : 0107F7B3;
17f9 : 00F767B3;
17fa : 0117E7B3;
17fb : 00B7E7B3;
17fc : 00C7E7B3;
17fd : 00D7E7B3;
17fe : 00A7E533;
17ff : BDCFF0EF;
1800 : 0001F7B7;
1801 : 47C7D583;
1802 : 0001F7B7;
1803 : 4787A603;
1804 : 0001F7B7;
1805 : 4747D983;
1806 : 0001F7B7;
1807 : 4707A783;
1808 : 000106B7;
1809 : FFF68693;
180a : 00D7F7B3;
180b : 01099993;
180c : 00F9E9B3;
180d : 0001F7B7;
180e : 46D7C703;
180f : 0001F7B7;
1810 : 46C7C403;
1811 : 0001F7B7;
1812 : 4687A783;
1813 : 0FF47413;
1814 : 01041413;
1815 : 01871713;
1816 : 00876733;
1817 : 01059593;
1818 : 00D7F433;
1819 : 00D676B3;
181a : 00D5E5B3;
181b : 06400513;
181c : 00876433;
181d : A74FF0EF;
181e : 00098593;
181f : 06800513;
1820 : A68FF0EF;
1821 : 0001F7B7;
1822 : 5547A783;
1823 : 00000593;
1824 : 00879793;
1825 : 7007F793;
1826 : 0087E733;
1827 : 0001F7B7;
1828 : 7487A783;
1829 : 00078663;
182a : 000015B7;
182b : 80058593;
182c : 0001F7B7;
182d : 5507A783;
182e : 00010AB7;
182f : FFFA8A93;
1830 : 00C79793;
1831 : 0157F7B3;
1832 : 00E7E7B3;
1833 : 00B7E5B3;
1834 : 06C00513;
1835 : A14FF0EF;
1836 : 0001F7B7;
1837 : 4647A583;
1838 : 0001F7B7;
1839 : 4627C783;
183a : 00859593;
183b : 05000513;
183c : 0FF7F793;
183d : 00F5E5B3;
183e : 9F0FF0EF;
183f : 0001F7B7;
1840 : 4617C703;
1841 : 0001F437;
1842 : 7F040B13;
1843 : 0FF77D13;
1844 : A55FF0EF;
1845 : 0001F6B7;
1846 : 0001F7B7;
1847 : 0001F737;
1848 : 4607C783;
1849 : 45C72703;
184a : 4586AC83;
184b : 0001F6B7;
184c : 4546AC03;
184d : 0001F6B7;
184e : 4506AB83;
184f : 0001F6B7;
1850 : 44C6AA03;
1851 : 00A035B3;
1852 : 004B2983;
1853 : 0C4B2603;
1854 : 000B2683;
1855 : 00CB2503;
1856 : 0FF7F793;
1857 : 0FF9F993;
1858 : 01851513;
1859 : 00861613;
185a : 00979793;
185b : 01071713;
185c : 01A76733;
185d : 01567633;
185e : 00A9E9B3;
185f : 0157F7B3;
1860 : 00E7E7B3;
1861 : 00C9E9B3;
1862 : 00859593;
1863 : 00FF0637;
1864 : 01069693;
1865 : 00C6F6B3;
1866 : 00B7E5B3;
1867 : 08C00513;
1868 : 00D9E9B3;
1869 : 944FF0EF;
186a : 000C8593;
186b : 09000513;
186c : 938FF0EF;
186d : 000C0593;
186e : 09400513;
186f : 92CFF0EF;
1870 : 000B8593;
1871 : 09800513;
1872 : 920FF0EF;
1873 : 000A0593;
1874 : 09C00513;
1875 : 914FF0EF;
1876 : 00098593;
1877 : 0A000513;
1878 : 908FF0EF;
1879 : 00100837;
187a : 22882583;
187b : 22482D03;
187c : 22082C83;
187d : 28082C03;
187e : 24082B83;
187f : 24482D83;
1880 : 0A8B2703;
1881 : 0ACB2A03;
1882 : 7F040413;
1883 : 00E036B3;
1884 : 014037B3;
1885 : 02C42A03;
1886 : 09842703;
1887 : 00179793;
1888 : 008A1A13;
1889 : 01071713;
188a : 00D76733;
188b : 015A7A33;
188c : 00EA6A33;
188d : 00FA6A33;
188e : 0A442703;
188f : 09C42783;
1890 : 1C042983;
1891 : 01577733;
1892 : 01079793;
1893 : 013038B3;
1894 : 1A442983;
1895 : 00F76733;
1896 : 16842603;
1897 : 01303533;
1898 : 15042683;
1899 : 15842783;
189a : 14042983;
189b : F0080813;
189c : 00879793;
189d : 01499993;
189e : 0107F7B3;
189f : 0119E9B3;
18a0 : 16442B03;
18a1 : 0137E9B3;
18a2 : 15C42783;
18a3 : 00151513;
18a4 : 00C03633;
18a5 : 00261613;
18a6 : 00A9E9B3;
18a7 : 00D036B3;
18a8 : 00C9E9B3;
18a9 : 00369693;
18aa : 015B7B33;
18ab : 01079793;
18ac : 00D9E9B3;
18ad : 00FB6B33;
18ae : 14C42783;
18af : 14442683;
18b0 : 0A400513;
18b1 : 0157FAB3;
18b2 : 01069793;
18b3 : 00FAEAB3;
18b4 : 00E12623;
18b5 : 814FF0EF;
18b6 : 000D0593;
18b7 : 0A800513;
18b8 : 808FF0EF;
18b9 : 000C8593;
18ba : 0AC00513;
18bb : FFDFE0EF;
18bc : 000C0593;
18bd : 0B000513;
18be : FF1FE0EF;
18bf : 000B8593;
18c0 : 0B400513;
18c1 : FE5FE0EF;
18c2 : 000D8593;
18c3 : 0B800513;
18c4 : FD9FE0EF;
18c5 : 000A0593;
18c6 : 0BC00513;
18c7 : FCDFE0EF;
18c8 : 00C12703;
18c9 : 0C000513;
18ca : 00070593;
18cb : FBDFE0EF;
18cc : 00098593;
18cd : 0C400513;
18ce : FB1FE0EF;
18cf : 000B0593;
18d0 : 0C800513;
18d1 : FA5FE0EF;
18d2 : 000A8593;
18d3 : 0CC00513;
18d4 : F99FE0EF;
18d5 : 0001F637;
18d6 : 1C042683;
18d7 : 44862583;
18d8 : 0001F7B7;
18d9 : 00D03733;
18da : 1C059AE3;
18db : 44E7A223;
18dc : 00100793;
18dd : 44F62423;
18de : 1C042703;
18df : 0001F7B7;
18e0 : 200712E3;
18e1 : 0001F737;
18e2 : 4207AA23;
18e3 : 42072823;
18e4 : 1C042703;
18e5 : 00070863;
18e6 : 4347A703;
18e7 : 00100793;
18e8 : 38F71463;
18e9 : 1C042783;
18ea : 02078463;
18eb : 0001F7B7;
18ec : 4307A783;
18ed : 00200713;
18ee : 00F76C63;
18ef : 00279793;
18f0 : 00F907B3;
18f1 : A947A703;
18f2 : 00170713;
18f3 : A8E7AA23;
18f4 : 1C042A03;
18f5 : 260A0A63;
18f6 : 0001F7B7;
18f7 : 4307A603;
18f8 : 00200793;
18f9 : 00000A13;
18fa : 26C7E063;
18fb : 0001F7B7;
18fc : 61C7AE03;
18fd : 00861793;
18fe : 0017E793;
18ff : 00F12623;
1900 : 0001F7B7;
1901 : 6447A783;
1902 : 01000737;
1903 : F0070713;
1904 : 00F12823;
1905 : 0001F7B7;
1906 : 6407A783;
1907 : 463458B7;
1908 : 00400813;
1909 : 00F12A23;
190a : 0001F7B7;
190b : 63C7A783;
190c : 0001FF37;
190d : 00100C13;
190e : 00F12C23;
190f : 0001F7B7;
1910 : 6307A783;
1911 : 4B040C93;
1912 : 04000D13;
1913 : 00879793;
1914 : 00E7F7B3;
1915 : 0001F737;
1916 : 63474703;
1917 : 00E7E7B3;
1918 : 00F12E23;
1919 : 0001F7B7;
191a : 62C7A783;
191b : 02F12023;
191c : 0001F7B7;
191d : 6287A783;
191e : 02F12223;
191f : 0001F7B7;
1920 : 6247A783;
1921 : 02F12423;
1922 : 0001F7B7;
1923 : 6207A783;
1924 : 02F12623;
1925 : 0001F7B7;
1926 : 6187A783;
1927 : 02F12823;
1928 : 0001F7B7;
1929 : 6147A303;
192a : 0001F7B7;
192b : 6107A783;
192c : 02F12A23;
192d : 0001F7B7;
192e : 5F87A783;
192f : 02F12C23;
1930 : 0001F7B7;
1931 : 6387A783;
1932 : 02F12E23;
1933 : 0001F7B7;
1934 : 5D47AE83;
1935 : 0001F7B7;
1936 : 6087A703;
1937 : 60C7A783;
1938 : 06E12623;
1939 : 06F12823;
193a : 0001F7B7;
193b : 5F07A703;
193c : 5F47A783;
193d : 06E12A23;
193e : 06F12C23;
193f : 0001F7B7;
1940 : 6007A703;
1941 : 6047A783;
1942 : 06E12E23;
1943 : 08F12023;
1944 : 0001F7B7;
1945 : 5E87A703;
1946 : 5EC7A783;
1947 : 08E12223;
1948 : 08F12423;
1949 : 0001F7B7;
194a : 5FC7A783;
194b : 04F12C23;
194c : 0001F7B7;
194d : 5E47A783;
194e : 04F12E23;
194f : 0001F7B7;
1950 : 5B07A783;
1951 : 06F12023;
1952 : 0001F7B7;
1953 : 5A87A783;
1954 : 06F12223;
1955 : 0001F7B7;
1956 : 5AC7A783;
1957 : 06F12423;
1958 : 0001F7B7;
1959 : 5A07A703;
195a : 5A47A783;
195b : 08E12623;
195c : 08F12823;
195d : 0001F7B7;
195e : 5987A703;
195f : 59C7A783;
1960 : 08E12A23;
1961 : 08F12C23;
1962 : 0001F7B7;
1963 : 5E07A783;
1964 : 04F12023;
1965 : 0001F7B7;
1966 : 5DC7A783;
1967 : 04F12223;
1968 : 0001F7B7;
1969 : 5D87A783;
196a : 04F12423;
196b : 0001F7B7;
196c : 5687A783;
196d : 04F12623;
196e : 0001F7B7;
196f : 5B47A783;
1970 : 04F12823;
1971 : 0001F7B7;
1972 : 5747A783;
1973 : 04F12A23;
1974 : 0001F7B7;
1975 : 5707AD83;
1976 : 0001F7B7;
1977 : 56C7AF83;
1978 : 0001F7B7;
1979 : 5607AA03;
197a : 5647AA83;
197b : 0001F7B7;
197c : 5D07A283;
197d : 0001F7B7;
197e : 5C87AB03;
197f : 5CC7AB83;
1980 : 0001F7B7;
1981 : 5C07A383;
1982 : 0001F7B7;
1983 : 5BC7A083;
1984 : 0001F7B7;
1985 : 57C7A983;
1986 : C3188793;
1987 : 08F12E23;
1988 : 648F2703;
1989 : 00177693;
198a : 78068263;
198b : FFF80813;
198c : FE0818E3;
198d : FFF00793;
198e : 0C012623;
198f : 0C012823;
1990 : 0CF12A23;
1991 : 00000A13;
1992 : 0001F7B7;
1993 : 5287A783;
1994 : 08079863;
1995 : 0001F7B7;
1996 : 00100713;
1997 : 0001F9B7;
1998 : 52E7A223;
1999 : 41C9A783;
199a : 00178593;
199b : 0015F713;
199c : 100706E3;
199d : 15800513;
199e : 40B9AE23;
199f : C6DFE0EF;
19a0 : 0FF0000F;
19a1 : 100A00E3;
19a2 : 0CC12703;
19a3 : 463457B7;
19a4 : C3178793;
19a5 : 15C00A93;
19a6 : 0EF718E3;
19a7 : 0D014703;
19a8 : 00100793;
19a9 : 0EF712E3;
19aa : 0C810B13;
19ab : 1E000B93;
19ac : 004B2583;
19ad : 000A8513;
19ae : 004A8A93;
19af : C2DFE0EF;
19b0 : 004B0B13;
19b1 : FF7A96E3;
19b2 : 0FF0000F;
19b3 : 41C9A583;
19b4 : 15800513;
19b5 : 00158593;
19b6 : 40B9AE23;
19b7 : C0DFE0EF;
19b8 : 040A0463;
19b9 : 0001F737;
19ba : 43072783;
19bb : 00200693;
19bc : 02F6E463;
19bd : 00279693;
19be : 00D906B3;
19bf : AA06A583;
19c0 : 0001F537;
19c1 : 42C52603;
19c2 : 00158593;
19c3 : AAB6A023;
19c4 : 00160693;
19c5 : 42D52623;
19c6 : 00178793;
19c7 : 00300693;
19c8 : 02D7F7B3;
19c9 : 42F72823;
19ca : 01442583;
19cb : 0001F737;
19cc : 01842783;
19cd : 06042D83;
19ce : 06442D03;
19cf : 6B472C83;
19d0 : 0001F737;
19d1 : 6B072C03;
19d2 : 001009B7;
19d3 : 0001F737;
19d4 : 0D000513;
19d5 : 69C74A03;
19d6 : 00F12623;
19d7 : 01042B83;
19d8 : 2689AB03;
19d9 : 26C9AA83;
19da : B81FE0EF;
19db : 00C12783;
19dc : 0D400513;
19dd : 0FFA7A13;
19de : 00078593;
19df : B6DFE0EF;
19e0 : 000D8593;
19e1 : 0D800513;
19e2 : B61FE0EF;
19e3 : 000D0593;
19e4 : 0DC00513;
19e5 : B55FE0EF;
19e6 : 000C8593;
19e7 : 0E000513;
19e8 : B49FE0EF;
19e9 : 000C0593;
19ea : 0E400513;
19eb : B3DFE0EF;
19ec : 000A0593;
19ed : 0E800513;
19ee : B31FE0EF;
19ef : 000B8593;
19f0 : 0EC00513;
19f1 : B25FE0EF;
19f2 : 000B0593;
19f3 : 0F000513;
19f4 : B19FE0EF;
19f5 : 000A8593;
19f6 : 0F400513;
19f7 : B0DFE0EF;
19f8 : 2849A583;
19f9 : 20098993;
19fa : 0889A983;
19fb : 0F800513;
19fc : AF9FE0EF;
19fd : 00098593;
19fe : 0FC00513;
19ff : AEDFE0EF;
1a00 : 0001F7B7;
1a01 : 6AC7A583;
1a02 : 15400513;
1a03 : ADDFE0EF;
1a04 : 0001F7B7;
1a05 : 6E07A783;
1a06 : 0001F7B7;
1a07 : 6DC7A783;
1a08 : 0001F7B7;
1a09 : 6D87A783;
1a0a : 0001F7B7;
1a0b : 6D47A783;
1a0c : 0001F7B7;
1a0d : 6D07A783;
1a0e : 0001F7B7;
1a0f : 6CC7A783;
1a10 : 0001F7B7;
1a11 : 6C87A783;
1a12 : 0001F7B7;
1a13 : 6C47A783;
1a14 : 0001F7B7;
1a15 : 6C07A783;
1a16 : 0001F7B7;
1a17 : 6BC7A783;
1a18 : 0001F7B7;
1a19 : 6B87A783;
1a1a : 0001F7B7;
1a1b : 4287A983;
1a1c : 00198993;
1a1d : 4337A423;
1a1e : 0001F7B7;
1a1f : 5287AA83;
1a20 : 040A9663;
1a21 : 0001F7B7;
1a22 : 5537A423;
1a23 : 0001F7B7;
1a24 : 7447DA03;
1a25 : 00010B37;
1a26 : FFFB0B13;
1a27 : 0169F5B3;
1a28 : 010A1793;
1a29 : 00F5E5B3;
1a2a : 13400513;
1a2b : A3DFE0EF;
1a2c : FFF9C993;
1a2d : FFFA4593;
1a2e : 0169F9B3;
1a2f : 01059593;
1a30 : 00B9E5B3;
1a31 : 13800513;
1a32 : A21FE0EF;
1a33 : 0001F7B7;
1a34 : 6F07AB83;
1a35 : 0001F7B7;
1a36 : 6987AB03;
1a37 : 001007B7;
1a38 : 41C7A583;
1a39 : 0001F7B7;
1a3a : 00842C03;
1a3b : 6EC7AA03;
1a3c : 0001F7B7;
1a3d : 6947A983;
1a3e : 000A9C63;
1a3f : 13C00513;
1a40 : 9E9FE0EF;
1a41 : 000C0593;
1a42 : 14000513;
1a43 : 9DDFE0EF;
1a44 : 000B8593;
1a45 : 14400513;
1a46 : 9D1FE0EF;
1a47 : 000B0593;
1a48 : 14800513;
1a49 : 9C5FE0EF;
1a4a : 000A0593;
1a4b : 14C00513;
1a4c : 9B9FE0EF;
1a4d : 00098593;
1a4e : 15000513;
1a4f : 9ADFE0EF;
1a50 : 0001F7B7;
1a51 : 6907A583;
1a52 : 0001F7B7;
1a53 : 68C7AB83;
1a54 : 0001F7B7;
1a55 : 6887AB03;
1a56 : 0001F7B7;
1a57 : 6847A983;
1a58 : 0001F7B7;
1a59 : 5307AA03;
1a5a : 080A1A63;
1a5b : 0001F7B7;
1a5c : 00100713;
1a5d : 1E000513;
1a5e : 52E7A023;
1a5f : 96DFE0EF;
1a60 : 000B8593;
1a61 : 1E400513;
1a62 : 961FE0EF;
1a63 : 000B0593;
1a64 : 1E800513;
1a65 : 955FE0EF;
1a66 : 00098593;
1a67 : 1EC00513;
1a68 : 949FE0EF;
1a69 : 00000993;
1a6a : A2490B13;
1a6b : 0FF00B93;
1a6c : 02000C13;
1a6d : 01000C93;
1a6e : 00098693;
1a6f : 00000713;
1a70 : 00000593;
1a71 : 00269793;
1a72 : 00FB07B3;
1a73 : 0007A783;
1a74 : 00FBF463;
1a75 : 0FF00793;
1a76 : 00E797B3;
1a77 : 00870713;
1a78 : 00F5E5B3;
1a79 : 00168693;
1a7a : FD871EE3;
1a7b : 1F098513;
1a7c : 00498993;
1a7d : 8F5FE0EF;
1a7e : FD9990E3;
1a7f : 1C042683;
1a80 : 015A6AB3;
1a81 : 0E0A9A63;
1a82 : 0001F7B7;
1a83 : 4307A783;
1a84 : 0001F737;
1a85 : 44072703;
1a86 : A9C92B03;
1a87 : AA892A83;
1a88 : 00879913;
1a89 : 30097913;
1a8a : 00D037B3;
1a8b : 0001F637;
1a8c : 00F96933;
1a8d : 0001F9B7;
1a8e : 01071793;
1a8f : 43C62C83;
1a90 : 00F96933;
1a91 : 0001F637;
1a92 : 4209A783;
1a93 : 42C62C03;
1a94 : 0001F637;
1a95 : 0001F5B7;
1a96 : 43862B83;
1a97 : 00100613;
1a98 : 52C5A023;
1a99 : 00178A13;
1a9a : 0001F5B7;
1a9b : 52C5A223;
1a9c : 001A7713;
1a9d : 52070863;
1a9e : 463455B7;
1a9f : 33158593;
1aa0 : 1E000513;
1aa1 : 4349A023;
1aa2 : 861FE0EF;
1aa3 : 000A0593;
1aa4 : 1E400513;
1aa5 : 855FE0EF;
1aa6 : 00090593;
1aa7 : 1E800513;
1aa8 : 849FE0EF;
1aa9 : 000C8593;
1aaa : 1EC00513;
1aab : 83DFE0EF;
1aac : 000C0593;
1aad : 1F000513;
1aae : 831FE0EF;
1aaf : 000B8593;
1ab0 : 1F400513;
1ab1 : 825FE0EF;
1ab2 : 000B0593;
1ab3 : 1F800513;
1ab4 : 819FE0EF;
1ab5 : 000A8593;
1ab6 : 1FC00513;
1ab7 : 80DFE0EF;
1ab8 : 0FF0000F;
1ab9 : 4209A583;
1aba : 1E400513;
1abb : 00158593;
1abc : 42B9A023;
1abd : FF4FE0EF;
1abe : 00000D93;
1abf : 00000D13;
1ac0 : 00000C93;
1ac1 : 00000A93;
1ac2 : 00000B93;
1ac3 : 00000C13;
1ac4 : 00400793;
1ac5 : 00000A13;
1ac6 : 00000B13;
1ac7 : FFF00913;
1ac8 : 00000993;
1ac9 : 0001F637;
1aca : 0001F537;
1acb : 0001F837;
1acc : 0001F8B7;
1acd : 0001F337;
1ace : 0001FE37;
1acf : 0001FEB7;
1ad0 : 0001FF37;
1ad1 : 0001FFB7;
1ad2 : 0001F2B7;
1ad3 : 72062703;
1ad4 : 06C42583;
1ad5 : 00000693;
1ad6 : 00B763B3;
1ad7 : 0013F393;
1ad8 : 04039063;
1ad9 : 71C52D83;
1ada : 71882D03;
1adb : 7148AC83;
1adc : 71032C03;
1add : 70CE2B83;
1ade : 708EAB03;
1adf : 704F2A83;
1ae0 : 700FAA03;
1ae1 : 6FC2A983;
1ae2 : 72062083;
1ae3 : 06C42383;
1ae4 : 00171863;
1ae5 : 00759663;
1ae6 : 00070913;
1ae7 : 00100693;
1ae8 : FFF78793;
1ae9 : 00078463;
1aea : FA0682E3;
1aeb : FFF00793;
1aec : 00F90663;
1aed : 00197793;
1aee : 3E078A63;
1aef : FFF00593;
1af0 : 10000513;
1af1 : F24FE0EF;
1af2 : 0001F7B7;
1af3 : 4DC7C703;
1af4 : 00300793;
1af5 : 10F71463;
1af6 : 00812783;
1af7 : 0347A783;
1af8 : 17C7AB03;
1af9 : 70842783;
1afa : 0187A503;
1afb : 01C7A583;
1afc : 5C10A0EF;
1afd : 5AC42703;
1afe : 060B4A03;
1aff : 00100793;
1b00 : 00050B93;
1b01 : 001A7A13;
1b02 : 42F71663;
1b03 : 000017B7;
1b04 : 00F407B3;
1b05 : 8D07A783;
1b06 : 40E79E63;
1b07 : 5A842A83;
1b08 : 400A8A63;
1b09 : 0E8A8513;
1b0a : 5F10A0EF;
1b0b : 00CAAA83;
1b0c : 00050913;
1b0d : 00058993;
1b0e : 030B0513;
1b0f : 5DD0A0EF;
1b10 : 00050C93;
1b11 : 050B0513;
1b12 : 00058D13;
1b13 : 5CD0A0EF;
1b14 : 70C42783;
1b15 : 00050C13;
1b16 : 00800513;
1b17 : 0687A403;
1b18 : 0001F7B7;
1b19 : 54C7A583;
1b1a : 061B4783;
1b1b : 00BA65B3;
1b1c : 00879793;
1b1d : 00F5E5B3;
1b1e : E70FE0EF;
1b1f : 00098593;
1b20 : 02C00513;
1b21 : E64FE0EF;
1b22 : 00090593;
1b23 : 03000513;
1b24 : E58FE0EF;
1b25 : 000D0593;
1b26 : 03400513;
1b27 : E4CFE0EF;
1b28 : 000C8593;
1b29 : 03800513;
1b2a : E40FE0EF;
1b2b : 000B8593;
1b2c : 03C00513;
1b2d : E34FE0EF;
1b2e : 000C0593;
1b2f : 04000513;
1b30 : E28FE0EF;
1b31 : 000A8593;
1b32 : 04400513;
1b33 : E1CFE0EF;
1b34 : 00040593;
1b35 : 04800513;
1b36 : E10FE0EF;
1b37 : 0001F7B7;
1b38 : 6F97C903;
1b39 : 00800793;
1b3a : 0127D463;
1b3b : 00800913;
1b3c : 010009B7;
1b3d : 00000413;
1b3e : FFF90913;
1b3f : 00300A13;
1b40 : FFF98993;
1b41 : 3524C063;
1b42 : 0001F7B7;
1b43 : 0FF47413;
1b44 : 5287AE23;
1b45 : 94DFE0EF;
1b46 : 00400513;
1b47 : C31FA0EF;
1b48 : 00156593;
1b49 : 00400513;
1b4a : DC0FE0EF;
1b4b : 00400513;
1b4c : C1DFA0EF;
1b4d : 00100513;
1b4e : F01FE06F;
1b4f : 4447A603;
1b50 : E2E60C63;
1b51 : 00068E63;
1b52 : 0001F637;
1b53 : 44062683;
1b54 : 00168693;
1b55 : 44D62023;
1b56 : 44E7A223;
1b57 : E1CFF06F;
1b58 : 0001F637;
1b59 : 43C62683;
1b5a : 00168693;
1b5b : 42D62E23;
1b5c : 0001F637;
1b5d : 43862683;
1b5e : 00168693;
1b5f : 42D62C23;
1b60 : FD9FF06F;
1b61 : 4347A703;
1b62 : 00071863;
1b63 : 00100713;
1b64 : 42E7AA23;
1b65 : DFCFF06F;
1b66 : 00170713;
1b67 : 42E7AA23;
1b68 : 01300693;
1b69 : FEE6E4E3;
1b6a : DE8FF06F;
1b6b : 00100793;
1b6c : 01C04663;
1b6d : 01C037B3;
1b6e : 00179793;
1b6f : 0C810593;
1b70 : 00058513;
1b71 : 00052023;
1b72 : 15010893;
1b73 : 00450513;
1b74 : FEA89AE3;
1b75 : 09C12503;
1b76 : 01879793;
1b77 : 0CE12A23;
1b78 : 0CA12623;
1b79 : 00C12503;
1b7a : 0E612E23;
1b7b : 0CA12823;
1b7c : 01012503;
1b7d : 0CA12C23;
1b7e : 01412503;
1b7f : 0CA12E23;
1b80 : 01812503;
1b81 : 0EA12023;
1b82 : 01C12503;
1b83 : 00A7E7B3;
1b84 : 0EF12223;
1b85 : 02012783;
1b86 : 0EF12423;
1b87 : 02412783;
1b88 : 0EF12623;
1b89 : 02812783;
1b8a : 0EF12823;
1b8b : 02C12783;
1b8c : 0EF12A23;
1b8d : 03012783;
1b8e : 0EF12C23;
1b8f : 03412783;
1b90 : 10F12023;
1b91 : 03812783;
1b92 : 10F12223;
1b93 : 03C12783;
1b94 : 10F12423;
1b95 : 06061263;
1b96 : 04012783;
1b97 : 13B12223;
1b98 : 13F12423;
1b99 : 10F12623;
1b9a : 04412783;
1b9b : 13412623;
1b9c : 13512823;
1b9d : 10F12823;
1b9e : 04812783;
1b9f : 12512A23;
1ba0 : 13612C23;
1ba1 : 10F12A23;
1ba2 : 04C12783;
1ba3 : 13712E23;
1ba4 : 14712023;
1ba5 : 10F12C23;
1ba6 : 05012783;
1ba7 : 14112223;
1ba8 : 15312423;
1ba9 : 10F12E23;
1baa : 05412783;
1bab : 12F12023;
1bac : 15D12623;
1bad : 0900006F;
1bae : 0B861463;
1baf : 06C12783;
1bb0 : 10F12623;
1bb1 : 07012783;
1bb2 : 10F12823;
1bb3 : 07412783;
1bb4 : 10F12A23;
1bb5 : 07812783;
1bb6 : 10F12C23;
1bb7 : 07C12783;
1bb8 : 10F12E23;
1bb9 : 08012783;
1bba : 12F12023;
1bbb : 08412783;
1bbc : 12F12223;
1bbd : 08812783;
1bbe : 12F12423;
1bbf : 05812783;
1bc0 : 12F12623;
1bc1 : 05C12783;
1bc2 : 12F12823;
1bc3 : 06012783;
1bc4 : 12F12A23;
1bc5 : 06412783;
1bc6 : 12F12C23;
1bc7 : 06812783;
1bc8 : 12F12E23;
1bc9 : 08C12783;
1bca : 14F12023;
1bcb : 09012783;
1bcc : 14F12223;
1bcd : 09412783;
1bce : 14F12423;
1bcf : 09812783;
1bd0 : 14F12623;
1bd1 : 648F2783;
1bd2 : EEF71263;
1bd3 : 00177713;
1bd4 : EC071E63;
1bd5 : EC030C63;
1bd6 : 00100A13;
1bd7 : EECFF06F;
1bd8 : 00DC87B3;
1bd9 : 0007A783;
1bda : 00468693;
1bdb : 00458593;
1bdc : 04F5A023;
1bdd : FFA696E3;
1bde : F39FF06F;
1bdf : 00278593;
1be0 : EF4FF06F;
1be1 : 15C00A93;
1be2 : 1E000B13;
1be3 : 000A8513;
1be4 : 00000593;
1be5 : 004A8A93;
1be6 : B50FE0EF;
1be7 : FF6A98E3;
1be8 : F28FF06F;
1be9 : 00278A13;
1bea : AD1FF06F;
1beb : 00196593;
1bec : 10000513;
1bed : B34FE0EF;
1bee : 0FF0000F;
1bef : 10400513;
1bf0 : 000D8593;
1bf1 : B24FE0EF;
1bf2 : 000D0593;
1bf3 : 10800513;
1bf4 : B18FE0EF;
1bf5 : 000C8593;
1bf6 : 10C00513;
1bf7 : B0CFE0EF;
1bf8 : 000C0593;
1bf9 : 11000513;
1bfa : B00FE0EF;
1bfb : 000B8593;
1bfc : 11400513;
1bfd : AF4FE0EF;
1bfe : 000B0593;
1bff : 11800513;
1c00 : AE8FE0EF;
1c01 : 000A8593;
1c02 : 11C00513;
1c03 : ADCFE0EF;
1c04 : 000A0593;
1c05 : 12000513;
1c06 : AD0FE0EF;
1c07 : 00098593;
1c08 : 12400513;
1c09 : AC4FE0EF;
1c0a : 0FF0000F;
1c0b : 00090593;
1c0c : B91FF06F;
1c0d : 00000A93;
1c0e : 00000913;
1c0f : 00000993;
1c10 : BF9FF06F;
1c11 : 00048593;
1c12 : 0BC10513;
1c13 : A85FC0EF;
1c14 : 0BC12783;
1c15 : 00A7F713;
1c16 : 00971733;
1c17 : 00E46433;
1c18 : 049A4263;
1c19 : 0C012583;
1c1a : 0047F713;
1c1b : 00E03733;
1c1c : 01859693;
1c1d : 0C412583;
1c1e : 0087F793;
1c1f : 01A71713;
1c20 : 0135F5B3;
1c21 : 00F037B3;
1c22 : 00D5E5B3;
1c23 : 00249513;
1c24 : 01B79793;
1c25 : 00E5E5B3;
1c26 : 00F5E5B3;
1c27 : 05050513;
1c28 : A48FE0EF;
1c29 : 00148493;
1c2a : C5DFF06F;
1c2b : 0002E7B7;
1c2c : 03078793;
1c2d : 0007A683;
1c2e : 504D5737;
1c2f : 35470713;
1c30 : 12E68A63;
1c31 : 00E7A023;
1c32 : 0002E7B7;
1c33 : 0207AA23;
1c34 : 0002E7B7;
1c35 : 0207AC23;
1c36 : 0002E7B7;
1c37 : 0207AE23;
1c38 : 0002E7B7;
1c39 : 0407A823;
1c3a : 0002E7B7;
1c3b : 0407AA23;
1c3c : 0002E7B7;
1c3d : 0407AC23;
1c3e : 0002E7B7;
1c3f : 0407AE23;
1c40 : 0002E7B7;
1c41 : 0607A023;
1c42 : 0002E7B7;
1c43 : 0607A223;
1c44 : 0002E7B7;
1c45 : 0607A423;
1c46 : 0002E7B7;
1c47 : 0607A623;
1c48 : 0002E7B7;
1c49 : 0607A823;
1c4a : 0002E7B7;
1c4b : 0607AA23;
1c4c : 0002E7B7;
1c4d : 0607AC23;
1c4e : 0002E7B7;
1c4f : 0607AE23;
1c50 : 0002E7B7;
1c51 : 0807A023;
1c52 : 0002E7B7;
1c53 : 0807A223;
1c54 : 0002E7B7;
1c55 : 0807A423;
1c56 : 0002E7B7;
1c57 : 0807A623;
1c58 : 0002E7B7;
1c59 : 0807A823;
1c5a : 0002E7B7;
1c5b : 09478793;
1c5c : 0007A023;
1c5d : 0007A223;
1c5e : 0007A423;
1c5f : 0007A623;
1c60 : 0002E7B7;
1c61 : 0A47A703;
1c62 : 464157B7;
1c63 : 54C78793;
1c64 : 04F70663;
1c65 : 0002E7B7;
1c66 : 0A07A423;
1c67 : 0002E7B7;
1c68 : 0A07A623;
1c69 : 0002E7B7;
1c6a : 0A07A823;
1c6b : 0002E7B7;
1c6c : 0A07AA23;
1c6d : 0002E7B7;
1c6e : 0A07AC23;
1c6f : 0002E7B7;
1c70 : 0A07AE23;
1c71 : 0002E7B7;
1c72 : 0C07A023;
1c73 : 0002E7B7;
1c74 : 0C07A223;
1c75 : 0002E7B7;
1c76 : 0C07A423;
1c77 : 0002E7B7;
1c78 : 04078793;
1c79 : 0007A023;
1c7a : 0007A223;
1c7b : 0007A423;
1c7c : 0007A623;
1c7d : 00008067;
1c7e : FE010113;
1c7f : 00812C23;
1c80 : 00912A23;
1c81 : 01212823;
1c82 : 01312623;
1c83 : 01412423;
1c84 : 00050413;
1c85 : 00112E23;
1c86 : 00058A13;
1c87 : 00060993;
1c88 : 00068913;
1c89 : 00070493;
1c8a : E85FF0EF;
1c8b : 0002E537;
1c8c : 07850793;
1c8d : 0007A783;
1c8e : 0C87FA63;
1c8f : 07850513;
1c90 : 00078663;
1c91 : 00178793;
1c92 : 0CF41263;
1c93 : 00852023;
1c94 : 0002E7B7;
1c95 : 01C7A703;
1c96 : 0002E7B7;
1c97 : 06E7AE23;
1c98 : 0002E7B7;
1c99 : 0947A023;
1c9a : 0002E7B7;
1c9b : 0937A223;
1c9c : 0002E7B7;
1c9d : 0927A423;
1c9e : 0002E7B7;
1c9f : 0897A623;
1ca0 : 00400793;
1ca1 : 0687E463;
1ca2 : 0002E737;
1ca3 : 09470793;
1ca4 : 0007A023;
1ca5 : 0007A223;
1ca6 : 0007A423;
1ca7 : 00020537;
1ca8 : 0007A623;
1ca9 : 09470613;
1caa : 00000793;
1cab : 13850513;
1cac : 01000813;
1cad : FFC7F693;
1cae : 00F50733;
1caf : 00D606B3;
1cb0 : 00074703;
1cb1 : 0006A883;
1cb2 : 0037F593;
1cb3 : 00359593;
1cb4 : 00B71733;
1cb5 : 01176733;
1cb6 : 00E6A023;
1cb7 : 00178793;
1cb8 : FD079AE3;
1cb9 : 0002E7B7;
1cba : 0887A823;
1cbb : 01812403;
1cbc : 01C12083;
1cbd : 01412483;
1cbe : 01012903;
1cbf : 00C12983;
1cc0 : 00812A03;
1cc1 : 02010113;
1cc2 : D94FE06F;
1cc3 : 01C12083;
1cc4 : 01812403;
1cc5 : 01412483;
1cc6 : 01012903;
1cc7 : 00C12983;
1cc8 : 00812A03;
1cc9 : 02010113;
1cca : 00008067;
1ccb : FF010113;
1ccc : 00812423;
1ccd : 00112623;
1cce : 00050413;
1ccf : D71FF0EF;
1cd0 : 0002E7B7;
1cd1 : 06078793;
1cd2 : 0007A703;
1cd3 : FFF40693;
1cd4 : 02E69463;
1cd5 : 0087A023;
1cd6 : 0002E7B7;
1cd7 : 01C7A703;
1cd8 : 00812403;
1cd9 : 00C12083;
1cda : 0002E7B7;
1cdb : 06E7AA23;
1cdc : 01010113;
1cdd : D28FE06F;
1cde : 00C12083;
1cdf : 00812403;
1ce0 : 01010113;
1ce1 : 00008067;
1ce2 : FE010113;
1ce3 : 00912A23;
1ce4 : 0001F7B7;
1ce5 : 00070493;
1ce6 : 0001F737;
1ce7 : 5287A783;
1ce8 : 52472703;
1ce9 : 00812C23;
1cea : 00112E23;
1ceb : 01212823;
1cec : 01312623;
1ced : 01412423;
1cee : 00E7E7B3;
1cef : 00050413;
1cf0 : 04079663;
1cf1 : 00058A13;
1cf2 : 00050593;
1cf3 : 15C00513;
1cf4 : 00060993;
1cf5 : 00068913;
1cf6 : F11FD0EF;
1cf7 : 000A0593;
1cf8 : 16000513;
1cf9 : F05FD0EF;
1cfa : 00098593;
1cfb : 16400513;
1cfc : EF9FD0EF;
1cfd : 00090593;
1cfe : 16800513;
1cff : EEDFD0EF;
1d00 : 00048593;
1d01 : 16C00513;
1d02 : EE1FD0EF;
1d03 : 02040863;
1d04 : C9DFF0EF;
1d05 : 0002E7B7;
1d06 : 0287AC23;
1d07 : 01812403;
1d08 : 01C12083;
1d09 : 01412483;
1d0a : 01012903;
1d0b : 00C12983;
1d0c : 00812A03;
1d0d : 02010113;
1d0e : C64FE06F;
1d0f : 01C12083;
1d10 : 01812403;
1d11 : 01412483;
1d12 : 01012903;
1d13 : 00C12983;
1d14 : 00812A03;
1d15 : 02010113;
1d16 : 00008067;
1d17 : 0001F7B7;
1d18 : 0001F737;
1d19 : 5287A783;
1d1a : 52472703;
1d1b : FF010113;
1d1c : 00812423;
1d1d : 00112623;
1d1e : 00E7E7B3;
1d1f : 00050413;
1d20 : 00079863;
1d21 : 00050593;
1d22 : 15800513;
1d23 : E5DFD0EF;
1d24 : 04040A63;
1d25 : C19FF0EF;
1d26 : 0002E7B7;
1d27 : 04078793;
1d28 : 0047A703;
1d29 : 00C12083;
1d2a : 00E7A023;
1d2b : 0087A703;
1d2c : 00E7A223;
1d2d : 00C7A703;
1d2e : 00E7A423;
1d2f : 0087A623;
1d30 : 0002E7B7;
1d31 : 0287AA23;
1d32 : 0002E7B7;
1d33 : 01C7A703;
1d34 : 00812403;
1d35 : 0002E7B7;
1d36 : 02E7AE23;
1d37 : 01010113;
1d38 : BBCFE06F;
1d39 : 00C12083;
1d3a : 00812403;
1d3b : 01010113;
1d3c : 00008067;
1d3d : 00852783;
1d3e : FF010113;
1d3f : 00112623;
1d40 : 0007A703;
1d41 : 00812423;
1d42 : 00072783;
1d43 : 0087F793;
1d44 : 10078063;
1d45 : 00072783;
1d46 : 0027F693;
1d47 : 00069A63;
1d48 : 0087D793;
1d49 : 0FF7F793;
1d4a : FFF00413;
1d4b : 0C078863;
1d4c : 00C72403;
1d4d : B79FF0EF;
1d4e : 0002E7B7;
1d4f : 06478713;
1d50 : 00072703;
1d51 : FFF00693;
1d52 : 06478613;
1d53 : 00D70463;
1d54 : 00170713;
1d55 : 0002E6B7;
1d56 : 07068793;
1d57 : 0007A783;
1d58 : 07068693;
1d59 : 00079663;
1d5a : 811CA7B7;
1d5b : DC578793;
1d5c : 0FF47413;
1d5d : 010005B7;
1d5e : 00F447B3;
1d5f : 19358593;
1d60 : 02B787B3;
1d61 : 00E62023;
1d62 : 0002E637;
1d63 : 06862423;
1d64 : 0002E637;
1d65 : 06E62623;
1d66 : 00F6A023;
1d67 : 0002E6B7;
1d68 : 06068793;
1d69 : 0007A783;
1d6a : 06068693;
1d6b : 00079463;
1d6c : 00100793;
1d6d : 00B00613;
1d6e : 00E67863;
1d6f : 00200713;
1d70 : 00E7F463;
1d71 : 00200793;
1d72 : 00A00713;
1d73 : 00E41863;
1d74 : 00300713;
1d75 : 00E7F463;
1d76 : 00300793;
1d77 : 0006A703;
1d78 : 00F70C63;
1d79 : 00F6A023;
1d7a : 0002E7B7;
1d7b : 01C7A703;
1d7c : 0002E7B7;
1d7d : 06E7AA23;
1d7e : AA4FE0EF;
1d7f : 00C12083;
1d80 : 00040513;
1d81 : 00812403;
1d82 : 01010113;
1d83 : 00008067;
1d84 : 00072783;
1d85 : 0017D793;
1d86 : 0017F793;
1d87 : F0DFF06F;
1d88 : FC010113;
1d89 : 02812C23;
1d8a : 00050413;
1d8b : 692D7537;
1d8c : 02000793;
1d8d : 27750513;
1d8e : 02112E23;
1d8f : 02912A23;
1d90 : 03212823;
1d91 : 03312623;
1d92 : 00F10DA3;
1d93 : BBDFB0EF;
1d94 : 12054E63;
1d95 : 00011F23;
1d96 : 0FF00493;
1d97 : 01E15503;
1d98 : 00100613;
1d99 : 01A10593;
1d9a : 00250513;
1d9b : A3DFB0EF;
1d9c : 00100713;
1d9d : 01E15783;
1d9e : 02E50063;
1d9f : 10000713;
1da0 : 00F77463;
1da1 : 00011F23;
1da2 : 00440413;
1da3 : 00A00913;
1da4 : 02000993;
1da5 : 0B00006F;
1da6 : 01A14703;
1da7 : FE9700E3;
1da8 : 00178793;
1da9 : 00F11F23;
1daa : FB5FF06F;
1dab : 00058513;
1dac : 00B12623;
1dad : 359070EF;
1dae : 00050493;
1daf : 01E15503;
1db0 : 00C12583;
1db1 : 00048613;
1db2 : 00250513;
1db3 : 98DFB0EF;
1db4 : 02950663;
1db5 : FFF00513;
1db6 : 000207B7;
1db7 : 0E07A023;
1db8 : 03C12083;
1db9 : 03812403;
1dba : 03412483;
1dbb : 03012903;
1dbc : 02C12983;
1dbd : 04010113;
1dbe : 00008067;
1dbf : 01E15783;
1dc0 : 00F50533;
1dc1 : 01051513;
1dc2 : 00442783;
1dc3 : 01055513;
1dc4 : 00A11F23;
1dc5 : 06078863;
1dc6 : 01310DA3;
1dc7 : 00100613;
1dc8 : 01B10593;
1dc9 : 00250513;
1dca : 931FB0EF;
1dcb : 00100793;
1dcc : 00440413;
1dcd : FAF510E3;
1dce : 01E15783;
1dcf : 00178793;
1dd0 : 00F11F23;
1dd1 : 00042583;
1dd2 : F60592E3;
1dd3 : 00200613;
1dd4 : 01E10593;
1dd5 : 00000513;
1dd6 : 901FB0EF;
1dd7 : 00200793;
1dd8 : F6F51AE3;
1dd9 : 00200613;
1dda : 01C10593;
1ddb : 00000513;
1ddc : 939FB0EF;
1ddd : FFE50513;
1dde : 00A03533;
1ddf : 40A00533;
1de0 : F59FF06F;
1de1 : 01210DA3;
1de2 : F95FF06F;
1de3 : FFF00513;
1de4 : F51FF06F;
1de5 : 692D7537;
1de6 : FF010113;
1de7 : 27750513;
1de8 : 00112623;
1de9 : 00812423;
1dea : A61FB0EF;
1deb : FFF00793;
1dec : 02054263;
1ded : 00020437;
1dee : 7F040413;
1def : 93842503;
1df0 : FFDFB0EF;
1df1 : 93842783;
1df2 : 8E042823;
1df3 : 00A79E63;
1df4 : 00000793;
1df5 : 00C12083;
1df6 : 00812403;
1df7 : 00078513;
1df8 : 01010113;
1df9 : 00008067;
1dfa : FFF50793;
1dfb : 00F037B3;
1dfc : 40F007B3;
1dfd : FE1FF06F;
1dfe : F7010113;
1dff : 08812423;
1e00 : 696C6537;
1e01 : 00020437;
1e02 : 7F040793;
1e03 : 08112623;
1e04 : 08912223;
1e05 : 09212023;
1e06 : 07312E23;
1e07 : 16350513;
1e08 : 9A07A023;
1e09 : 9E5FB0EF;
1e0a : FFF00793;
1e0b : 02054663;
1e0c : 06C00613;
1e0d : 00410593;
1e0e : 00000513;
1e0f : 86DFB0EF;
1e10 : 06C00793;
1e11 : 7F040413;
1e12 : 02F50863;
1e13 : 9A042023;
1e14 : FFF00793;
1e15 : 8E042823;
1e16 : 08C12083;
1e17 : 08812403;
1e18 : 08412483;
1e19 : 08012903;
1e1a : 07C12983;
1e1b : 00078513;
1e1c : 09010113;
1e1d : 00008067;
1e1e : 99C40493;
1e1f : 06C00613;
1e20 : 00410593;
1e21 : 00048513;
1e22 : 611080EF;
1e23 : A0840993;
1e24 : 00048913;
1e25 : 00092503;
1e26 : 00490913;
1e27 : 084120EF;
1e28 : FEA92E23;
1e29 : FF3918E3;
1e2a : 99C42783;
1e2b : CAFEC737;
1e2c : ABE70713;
1e2d : F8E79CE3;
1e2e : 9A042603;
1e2f : 00000713;
1e30 : 00F607B3;
1e31 : 00848493;
1e32 : 02E61063;
1e33 : 9A442703;
1e34 : F6F71EE3;
1e35 : 0001F7B7;
1e36 : 00100713;
1e37 : 50E78E23;
1e38 : 00000793;
1e39 : F71FF06F;
1e3a : 0044A683;
1e3b : 0084A583;
1e3c : 00170713;
1e3d : 00B686B3;
1e3e : 00D787B3;
1e3f : FC9FF06F;
1e40 : F8010113;
1e41 : 06812C23;
1e42 : 00020437;
1e43 : 06912A23;
1e44 : 7F040493;
1e45 : 9A04A603;
1e46 : 99C48493;
1e47 : 07212823;
1e48 : 06112E23;
1e49 : 00050693;
1e4a : 00048713;
1e4b : 00000793;
1e4c : 7F040413;
1e4d : 00020937;
1e4e : 02C79663;
1e4f : 00C00613;
1e50 : FFF00713;
1e51 : 0AC78E63;
1e52 : 00379713;
1e53 : 00E40733;
1e54 : 00178793;
1e55 : 9AD72423;
1e56 : 9AB72623;
1e57 : 9AF42023;
1e58 : 01C0006F;
1e59 : 00C72503;
1e5a : 00870713;
1e5b : 0AA69863;
1e5c : 00379793;
1e5d : 00F407B3;
1e5e : 9AB7A623;
1e5f : 696C6537;
1e60 : 16350513;
1e61 : 885FB0EF;
1e62 : FFF00713;
1e63 : 06054A63;
1e64 : 9A042603;
1e65 : CAFEC7B7;
1e66 : ABE78793;
1e67 : 98F42E23;
1e68 : 00000713;
1e69 : 00F607B3;
1e6a : 00848493;
1e6b : 06E61C63;
1e6c : 06C00613;
1e6d : 18C90593;
1e6e : 00410513;
1e6f : 9AF42223;
1e70 : 00410493;
1e71 : 4D5080EF;
1e72 : 0004A503;
1e73 : 00448493;
1e74 : 751110EF;
1e75 : FEA4AE23;
1e76 : 07010793;
1e77 : FE9796E3;
1e78 : 93842503;
1e79 : DD9FB0EF;
1e7a : 06C00613;
1e7b : 00410593;
1e7c : 00000513;
1e7d : E64FB0EF;
1e7e : 00000713;
1e7f : 8E042823;
1e80 : 07C12083;
1e81 : 07812403;
1e82 : 07412483;
1e83 : 07012903;
1e84 : 00070513;
1e85 : 08010113;
1e86 : 00008067;
1e87 : 00178793;
1e88 : F19FF06F;
1e89 : 0044A683;
1e8a : 0084A583;
1e8b : 00170713;
1e8c : 00B686B3;
1e8d : 00D787B3;
1e8e : F71FF06F;
1e8f : 2D706537;
1e90 : FF010113;
1e91 : 67350513;
1e92 : 00112623;
1e93 : 00812423;
1e94 : FB8FB0EF;
1e95 : FFF00793;
1e96 : 02054263;
1e97 : 00020437;
1e98 : 7F040413;
1e99 : 93842503;
1e9a : D55FB0EF;
1e9b : 93842783;
1e9c : 8E042823;
1e9d : 00A79E63;
1e9e : 00000793;
1e9f : 00C12083;
1ea0 : 00812403;
1ea1 : 00078513;
1ea2 : 01010113;
1ea3 : 00008067;
1ea4 : FFF50793;
1ea5 : 00F037B3;
1ea6 : 40F007B3;
1ea7 : FE1FF06F;
1ea8 : 00000793;
1ea9 : 01052703;
1eaa : 00E7C463;
1eab : 00008067;
1eac : 00000013;
1ead : 00178793;
1eae : FEDFF06F;
1eaf : 00050A63;
1eb0 : 00052783;
1eb1 : 0087A303;
1eb2 : 00030463;
1eb3 : 00030067;
1eb4 : 00008067;
1eb5 : FF010113;
1eb6 : 00812423;
1eb7 : 0001F437;
1eb8 : 00000593;
1eb9 : 1E040513;
1eba : 00112623;
1ebb : FD1FF0EF;
1ebc : 12C00513;
1ebd : E6DF90EF;
1ebe : 0001F537;
1ebf : 00100593;
1ec0 : 1E850513;
1ec1 : FB9FF0EF;
1ec2 : 12C00513;
1ec3 : E55F90EF;
1ec4 : 1E040513;
1ec5 : 00100593;
1ec6 : FA5FF0EF;
1ec7 : 00812403;
1ec8 : 00C12083;
1ec9 : 12C00513;
1eca : 01010113;
1ecb : E35F906F;
1ecc : FE010113;
1ecd : 01212823;
1ece : 0001F937;
1ecf : 01312623;
1ed0 : 01412423;
1ed1 : 00050993;
1ed2 : 00058A13;
1ed3 : 1E090513;
1ed4 : 00100593;
1ed5 : 00112E23;
1ed6 : 00812C23;
1ed7 : 00912A23;
1ed8 : 01512223;
1ed9 : F59FF0EF;
1eda : 12C00513;
1edb : DF5F90EF;
1edc : 0001F437;
1edd : 00000593;
1ede : 1E840513;
1edf : F41FF0EF;
1ee0 : 12C00513;
1ee1 : DDDF90EF;
1ee2 : 00800A93;
1ee3 : 00000493;
1ee4 : 00100593;
1ee5 : 1E840513;
1ee6 : F25FF0EF;
1ee7 : 12C00513;
1ee8 : DC1F90EF;
1ee9 : 00149493;
1eea : 1E090513;
1eeb : 0FF4F493;
1eec : DC9F90EF;
1eed : 00050463;
1eee : 0014E493;
1eef : 00000593;
1ef0 : 1E840513;
1ef1 : EF9FF0EF;
1ef2 : 12C00513;
1ef3 : FFFA8A93;
1ef4 : D91F90EF;
1ef5 : FA0A9EE3;
1ef6 : 00100593;
1ef7 : 000A1463;
1ef8 : 00000593;
1ef9 : 1E090513;
1efa : ED5FF0EF;
1efb : 12C00513;
1efc : D71F90EF;
1efd : 00100593;
1efe : 1E840513;
1eff : EC1FF0EF;
1f00 : 12C00513;
1f01 : D5DF90EF;
1f02 : 1E840513;
1f03 : 00000593;
1f04 : EADFF0EF;
1f05 : 12C00513;
1f06 : D49F90EF;
1f07 : 01C12083;
1f08 : 01812403;
1f09 : 00998023;
1f0a : 01012903;
1f0b : 01412483;
1f0c : 00C12983;
1f0d : 00812A03;
1f0e : 00412A83;
1f0f : 02010113;
1f10 : 00008067;
1f11 : FE010113;
1f12 : 00812C23;
1f13 : 00912A23;
1f14 : 01212823;
1f15 : 01312623;
1f16 : 00112E23;
1f17 : 00050413;
1f18 : 00800993;
1f19 : 0001F4B7;
1f1a : 0001F937;
1f1b : 08047593;
1f1c : 1E048513;
1f1d : E49FF0EF;
1f1e : 12C00513;
1f1f : CE5F90EF;
1f20 : 00100593;
1f21 : 1E890513;
1f22 : E35FF0EF;
1f23 : 12C00513;
1f24 : CD1F90EF;
1f25 : 00000593;
1f26 : 1E890513;
1f27 : E21FF0EF;
1f28 : 12C00513;
1f29 : 00141413;
1f2a : FFF98993;
1f2b : CB5F90EF;
1f2c : 0FF47413;
1f2d : FA099CE3;
1f2e : 00100593;
1f2f : 1E048513;
1f30 : DFDFF0EF;
1f31 : 12C00513;
1f32 : C99F90EF;
1f33 : 00100593;
1f34 : 1E890513;
1f35 : DE9FF0EF;
1f36 : 12C00513;
1f37 : C85F90EF;
1f38 : 1E048513;
1f39 : C95F90EF;
1f3a : 00000593;
1f3b : 00050413;
1f3c : 1E890513;
1f3d : DC9FF0EF;
1f3e : 12C00513;
1f3f : C65F90EF;
1f40 : 1E048513;
1f41 : 00000593;
1f42 : DB5FF0EF;
1f43 : 12C00513;
1f44 : C51F90EF;
1f45 : 00040463;
1f46 : FED00413;
1f47 : 01C12083;
1f48 : 00040513;
1f49 : 01812403;
1f4a : 01412483;
1f4b : 01012903;
1f4c : 00C12983;
1f4d : 02010113;
1f4e : 00008067;
1f4f : 0001F537;
1f50 : FF010113;
1f51 : 00000593;
1f52 : 1E050513;
1f53 : 00112623;
1f54 : D6DFF0EF;
1f55 : 12C00513;
1f56 : C09F90EF;
1f57 : 0001F537;
1f58 : 1E850513;
1f59 : 00000593;
1f5a : D55FF0EF;
1f5b : 00C12083;
1f5c : 12C00513;
1f5d : 01010113;
1f5e : BE9F906F;
1f5f : 00052783;
1f60 : 02078E63;
1f61 : FF010113;
1f62 : 00812423;
1f63 : 00912223;
1f64 : 00112623;
1f65 : 00050413;
1f66 : 00058493;
1f67 : D05FF0EF;
1f68 : 00042503;
1f69 : 00812403;
1f6a : 00C12083;
1f6b : 0014C593;
1f6c : 00412483;
1f6d : 01010113;
1f6e : D05FF06F;
1f6f : 00008067;
1f70 : 00050A63;
1f71 : 00052783;
1f72 : 0047A303;
1f73 : 00030463;
1f74 : 00030067;
1f75 : 00008067;
1f76 : FE010113;
1f77 : 00112E23;
1f78 : 00812C23;
1f79 : 00912A23;
1f7a : 00050413;
1f7b : 01312623;
1f7c : 01412423;
1f7d : 01212823;
1f7e : CA9FF0EF;
1f7f : 00C42503;
1f80 : 00000593;
1f81 : 00800993;
1f82 : CB5FF0EF;
1f83 : 00040513;
1f84 : C91FF0EF;
1f85 : 00442503;
1f86 : 00000593;
1f87 : 00000493;
1f88 : C9DFF0EF;
1f89 : 00842503;
1f8a : 00000593;
1f8b : 00000A13;
1f8c : F91FF0EF;
1f8d : 00040513;
1f8e : C69FF0EF;
1f8f : 01F4D793;
1f90 : 001A1913;
1f91 : 0127E933;
1f92 : 01442783;
1f93 : 00149493;
1f94 : 00090A13;
1f95 : 00078A63;
1f96 : 00842503;
1f97 : B1DF90EF;
1f98 : 00050463;
1f99 : 0014E493;
1f9a : 00C42503;
1f9b : 00100593;
1f9c : C4DFF0EF;
1f9d : 00040513;
1f9e : C29FF0EF;
1f9f : 01442783;
1fa0 : 00079A63;
1fa1 : 00842503;
1fa2 : AF1F90EF;
1fa3 : 00050463;
1fa4 : 0014E493;
1fa5 : 00C42503;
1fa6 : 00000593;
1fa7 : FFF98993;
1fa8 : C1DFF0EF;
1fa9 : 00040513;
1faa : BF9FF0EF;
1fab : F80998E3;
1fac : 00040513;
1fad : BEDFF0EF;
1fae : 01C12083;
1faf : 01812403;
1fb0 : 00C12983;
1fb1 : 00812A03;
1fb2 : 00048513;
1fb3 : 00090593;
1fb4 : 01412483;
1fb5 : 01012903;
1fb6 : 02010113;
1fb7 : 00008067;
1fb8 : FE010113;
1fb9 : 00112E23;
1fba : 00812C23;
1fbb : 00912A23;
1fbc : 00050413;
1fbd : 01212823;
1fbe : 01312623;
1fbf : 00060913;
1fc0 : 01412423;
1fc1 : 00058993;
1fc2 : B99FF0EF;
1fc3 : 00442503;
1fc4 : 00000593;
1fc5 : 00700493;
1fc6 : BA5FF0EF;
1fc7 : 00442503;
1fc8 : 00100593;
1fc9 : FFF00A13;
1fca : E99FF0EF;
1fcb : 00C42503;
1fcc : 00000593;
1fcd : B89FF0EF;
1fce : 00040513;
1fcf : B65FF0EF;
1fd0 : 00048613;
1fd1 : 00098513;
1fd2 : 00090593;
1fd3 : 0C9110EF;
1fd4 : 00157593;
1fd5 : 00442503;
1fd6 : FFF48493;
1fd7 : B61FF0EF;
1fd8 : 00040513;
1fd9 : B3DFF0EF;
1fda : 00C42503;
1fdb : 00100593;
1fdc : B4DFF0EF;
1fdd : 00040513;
1fde : B29FF0EF;
1fdf : 00C42503;
1fe0 : 00000593;
1fe1 : B39FF0EF;
1fe2 : 00040513;
1fe3 : B15FF0EF;
1fe4 : FB4498E3;
1fe5 : 01C12083;
1fe6 : 01812403;
1fe7 : 01412483;
1fe8 : 01012903;
1fe9 : 00C12983;
1fea : 00812A03;
1feb : 02010113;
1fec : 00008067;
1fed : FF010113;
1fee : 00812423;
1fef : 00050413;
1ff0 : 00052503;
1ff1 : 00100593;
1ff2 : 00112623;
1ff3 : 00912223;
1ff4 : DADFF0EF;
1ff5 : 00042503;
1ff6 : 00000613;
1ff7 : 00500593;
1ff8 : F01FF0EF;
1ff9 : 00042503;
1ffa : DF1FF0EF;
1ffb : 00050493;
1ffc : 00042503;
1ffd : 00000593;
1ffe : D85FF0EF;
1fff : 00C12083;
2000 : 00812403;
2001 : 0FF4F513;
2002 : 00412483;
2003 : 01010113;
2004 : 00008067;
2005 : FE010113;
2006 : 00812C23;
2007 : 00050413;
2008 : 01042783;
2009 : 00912A23;
200a : 01212823;
200b : 01312623;
200c : 0105D913;
200d : 0085D493;
200e : 00112E23;
200f : 00052503;
2010 : 0FF97913;
2011 : 0FF4F493;
2012 : 0FF5F993;
2013 : 04078C63;
2014 : 0185D593;
2015 : 00000613;
2016 : E89FF0EF;
2017 : 00042503;
2018 : 00090593;
2019 : 00000613;
201a : E79FF0EF;
201b : 00042503;
201c : 00048593;
201d : 00000613;
201e : E69FF0EF;
201f : 00042503;
2020 : 01812403;
2021 : 01C12083;
2022 : 01412483;
2023 : 01012903;
2024 : 00098593;
2025 : 00C12983;
2026 : 00000613;
2027 : 02010113;
2028 : E41FF06F;
2029 : 00090593;
202a : 00000613;
202b : FBDFF06F;
202c : 00452783;
202d : FE010113;
202e : 00912A23;
202f : FFF60493;
2030 : 00F484B3;
2031 : 02F4D4B3;
2032 : 00812C23;
2033 : 01312623;
2034 : 01412423;
2035 : 01512223;
2036 : 00112E23;
2037 : 01212823;
2038 : 00050413;
2039 : 00058A13;
203a : 00060993;
203b : 00000A93;
203c : 029AC663;
203d : 01C12083;
203e : 01812403;
203f : 01412483;
2040 : 01012903;
2041 : 00812A03;
2042 : 00412A83;
2043 : 00098513;
2044 : 00C12983;
2045 : 02010113;
2046 : 00008067;
2047 : 00042503;
2048 : 00100593;
2049 : 00442903;
204a : C55FF0EF;
204b : 00042503;
204c : 00000613;
204d : 00600593;
204e : DA9FF0EF;
204f : 00042503;
2050 : 032A8933;
2051 : 00000593;
2052 : C35FF0EF;
2053 : 00042503;
2054 : 00100593;
2055 : C29FF0EF;
2056 : 01042783;
2057 : 00042503;
2058 : 0DC00593;
2059 : 01490933;
205a : 00000613;
205b : 00079663;
205c : 0D800593;
205d : 00000613;
205e : D69FF0EF;
205f : 00090593;
2060 : 00040513;
2061 : E91FF0EF;
2062 : 00042503;
2063 : 00000593;
2064 : BEDFF0EF;
2065 : 00040513;
2066 : E1DFF0EF;
2067 : 00157513;
2068 : FE051AE3;
2069 : 00040513;
206a : E0DFF0EF;
206b : 00157513;
206c : FE051AE3;
206d : 001A8A93;
206e : F39FF06F;
206f : FE010113;
2070 : 00812C23;
2071 : 00050413;
2072 : 00052503;
2073 : 01212823;
2074 : 00058913;
2075 : 00100593;
2076 : 00912A23;
2077 : 01312623;
2078 : 00112E23;
2079 : 00060993;
207a : 00068493;
207b : B91FF0EF;
207c : 01042783;
207d : 00042503;
207e : 00B00593;
207f : 00078463;
2080 : 00C00593;
2081 : 00000613;
2082 : CD9FF0EF;
2083 : 00090593;
2084 : 00040513;
2085 : E01FF0EF;
2086 : 00042503;
2087 : 00000593;
2088 : 00000613;
2089 : CBDFF0EF;
208a : 00000913;
208b : 00042503;
208c : 02994663;
208d : 00000593;
208e : B45FF0EF;
208f : 01C12083;
2090 : 01812403;
2091 : 01012903;
2092 : 00C12983;
2093 : 00048513;
2094 : 01412483;
2095 : 02010113;
2096 : 00008067;
2097 : B7DFF0EF;
2098 : 012987B3;
2099 : 00A78023;
209a : 00190913;
209b : FC1FF06F;
209c : FE010113;
209d : 00812C23;
209e : 00050413;
209f : 00052503;
20a0 : 01212823;
20a1 : 00058913;
20a2 : 00100593;
20a3 : 00112E23;
20a4 : 00912A23;
20a5 : 01312623;
20a6 : 00068493;
20a7 : 00060993;
20a8 : ADDFF0EF;
20a9 : 00042503;
20aa : 00000613;
20ab : 00600593;
20ac : C31FF0EF;
20ad : 00042503;
20ae : 00000593;
20af : AC1FF0EF;
20b0 : 00042503;
20b1 : FDCFF0EF;
20b2 : 00042503;
20b3 : 00100593;
20b4 : AADFF0EF;
20b5 : 01042783;
20b6 : 00042503;
20b7 : 00200593;
20b8 : 00078463;
20b9 : 01200593;
20ba : 00000613;
20bb : BF5FF0EF;
20bc : 00090593;
20bd : 00040513;
20be : D1DFF0EF;
20bf : 00000913;
20c0 : 00042503;
20c1 : 02994E63;
20c2 : 00000593;
20c3 : A71FF0EF;
20c4 : 00040513;
20c5 : CA1FF0EF;
20c6 : 00157513;
20c7 : FE051AE3;
20c8 : 01C12083;
20c9 : 01812403;
20ca : 01012903;
20cb : 00C12983;
20cc : 00048513;
20cd : 01412483;
20ce : 02010113;
20cf : 00008067;
20d0 : 012987B3;
20d1 : 0007C583;
20d2 : 00000613;
20d3 : 00190913;
20d4 : B91FF0EF;
20d5 : FADFF06F;
20d6 : 0001F7B7;
20d7 : 0001F737;
20d8 : 5007AA23;
20d9 : 0001F7B7;
20da : 50071623;
20db : 50079223;
20dc : 50C70713;
20dd : 50478793;
20de : 00000593;
20df : 00000513;
20e0 : 00072223;
20e1 : 0007A223;
20e2 : FC0FB06F;
20e3 : 001007B7;
20e4 : 40078793;
20e5 : 01C7A783;
20e6 : 00100737;
20e7 : 00F50533;
20e8 : 41C72783;
20e9 : 40A787B3;
20ea : FE07CCE3;
20eb : 00008067;
20ec : 0001F7B7;
20ed : 4F87A503;
20ee : 02050663;
20ef : 00052783;
20f0 : 02078263;
20f1 : FF010113;
20f2 : 00112623;
20f3 : 000780E7;
20f4 : 00A04463;
20f5 : FFF00513;
20f6 : 00C12083;
20f7 : 01010113;
20f8 : 00008067;
20f9 : FFF00513;
20fa : 00008067;
20fb : FC010113;
20fc : 02C12423;
20fd : 02810613;
20fe : 00112E23;
20ff : 02D12623;
2100 : 02E12823;
2101 : 02F12A23;
2102 : 03012C23;
2103 : 03112E23;
2104 : 00C12623;
2105 : F35F90EF;
2106 : 01C12083;
2107 : 04010113;
2108 : 00008067;
2109 : FF010113;
210a : 00812423;
210b : 00020437;
210c : 29C40413;
210d : 00058613;
210e : 00050593;
210f : 00040513;
2110 : 00912223;
2111 : 00112623;
2112 : F01F90EF;
2113 : 0001F7B7;
2114 : 00050493;
2115 : 4F87A503;
2116 : 00050863;
2117 : 00452783;
2118 : 00040593;
2119 : 000780E7;
211a : 00C12083;
211b : 00812403;
211c : 00048513;
211d : 00412483;
211e : 01010113;
211f : 00008067;
2120 : FC010113;
2121 : 02B12223;
2122 : 02410593;
2123 : 00112E23;
2124 : 02C12423;
2125 : 02D12623;
2126 : 02E12823;
2127 : 02F12A23;
2128 : 03012C23;
2129 : 03112E23;
212a : 00B12623;
212b : F79FF0EF;
212c : 01C12083;
212d : 04010113;
212e : 00008067;
212f : FA010113;
2130 : 02812C23;
2131 : 0001F437;
2132 : 03212823;
2133 : 04C12423;
2134 : 04D12623;
2135 : 04E12823;
2136 : 04F12A23;
2137 : 05012C23;
2138 : 05112E23;
2139 : 0001F937;
213a : 7F040413;
213b : 5B442783;
213c : 03312623;
213d : 76092983;
213e : 02112E23;
213f : 02912A23;
2140 : 00F9E7B3;
2141 : 01C7D793;
2142 : 06078863;
2143 : 0019E793;
2144 : 76F92023;
2145 : 5CC42783;
2146 : 00058493;
2147 : 59040513;
2148 : 00C7A783;
2149 : 01010593;
214a : 000780E7;
214b : 01C12783;
214c : 01A15683;
214d : 01012603;
214e : 01079793;
214f : 00D7E6B3;
2150 : 000017B7;
2151 : 00F40433;
2152 : 000F47B7;
2153 : 24078793;
2154 : 02F6C6B3;
2155 : 83842583;
2156 : 0001C537;
2157 : F6C50513;
2158 : 77392023;
2159 : F1DFF0EF;
215a : 04810593;
215b : 00048513;
215c : 00B12623;
215d : EB1FF0EF;
215e : 03C12083;
215f : 03812403;
2160 : 03412483;
2161 : 03012903;
2162 : 02C12983;
2163 : 06010113;
2164 : 00008067;
2165 : FF010113;
2166 : 00812423;
2167 : 0001F437;
2168 : 7F040793;
2169 : 5B07A783;
216a : 00912223;
216b : 00112623;
216c : 0447A783;
216d : 000204B7;
216e : 7F040413;
216f : D8048493;
2170 : 02078C63;
2171 : 59042783;
2172 : 00600713;
2173 : 00E78663;
2174 : 00900713;
2175 : 00E79A63;
2176 : 00600613;
2177 : 00000593;
2178 : 62A40513;
2179 : 5DD060EF;
217a : 5B042783;
217b : 00048513;
217c : 0447A783;
217d : 000780E7;
217e : 59042703;
217f : 00A00793;
2180 : 00E7C663;
2181 : 59442703;
2182 : 00E7D663;
2183 : 00048513;
2184 : 428100EF;
2185 : 59442683;
2186 : 00300793;
2187 : 58D42823;
2188 : 00F69A63;
2189 : 000017B7;
218a : 00F407B3;
218b : 8C07A623;
218c : 8C07A823;
218d : 5B844783;
218e : 0001C5B7;
218f : 00048513;
2190 : FF97F793;
2191 : 5AF40C23;
2192 : 5A042783;
2193 : F8858593;
2194 : 0007A603;
2195 : E69FF0EF;
2196 : 00C12083;
2197 : 00812403;
2198 : 00412483;
2199 : 00000513;
219a : 01010113;
219b : 00008067;
219c : E7010113;
219d : 17312E23;
219e : 17412C23;
219f : 17512A23;
21a0 : 17812423;
21a1 : 18112623;
21a2 : 00020C37;
21a3 : 18812423;
21a4 : 18912223;
21a5 : 19212023;
21a6 : 17612823;
21a7 : 17712623;
21a8 : 17912223;
21a9 : 17A12023;
21aa : 15B12E23;
21ab : 00050A13;
21ac : 00058A93;
21ad : 7F0C0C13;
21ae : 00050993;
21af : 00059463;
21b0 : A18C2983;
21b1 : A10C2783;
21b2 : 0001B437;
21b3 : 9C040413;
21b4 : 40F00733;
21b5 : 13F78913;
21b6 : 00E97933;
21b7 : 01390933;
21b8 : 00100D93;
21b9 : 1F040B13;
21ba : FFF78D13;
21bb : 0001BBB7;
21bc : 006D9C93;
21bd : 016C8CB3;
21be : 010CA503;
21bf : 014CA583;
21c0 : 00E12623;
21c1 : 001D8D93;
21c2 : 24C110EF;
21c3 : 00CCA583;
21c4 : 00050493;
21c5 : 008CA503;
21c6 : 23C110EF;
21c7 : 40A484B3;
21c8 : 41F95593;
21c9 : 00090513;
21ca : 22C110EF;
21cb : 00ACA423;
21cc : 01248533;
21cd : 00BCA623;
21ce : 41F55593;
21cf : 218110EF;
21d0 : 00C12703;
21d1 : 00148493;
21d2 : 01248933;
21d3 : 01A90933;
21d4 : 00ACA823;
21d5 : 00BCAA23;
21d6 : 00500793;
21d7 : 00E97933;
21d8 : F8FD98E3;
21d9 : 00098513;
21da : 00000593;
21db : 1E8110EF;
21dc : 30042703;
21dd : 30442783;
21de : 1EA42C23;
21df : 1EB42E23;
21e0 : 20E42023;
21e1 : 20F42223;
21e2 : 000B0493;
21e3 : 33040413;
21e4 : 0001C937;
21e5 : 01200613;
21e6 : 02C48593;
21e7 : 01010513;
21e8 : 020101A3;
21e9 : 1A1060EF;
21ea : 0084A503;
21eb : 00C4A583;
21ec : 04048493;
21ed : 1A0110EF;
21ee : FD44A583;
21ef : 00A12623;
21f0 : FD04A503;
21f1 : 190110EF;
21f2 : 00C12603;
21f3 : 00050693;
21f4 : 01010593;
21f5 : FA090513;
21f6 : CA9FF0EF;
21f7 : FA941CE3;
21f8 : A10C2783;
21f9 : 00500613;
21fa : 0001C537;
21fb : 02F60633;
21fc : 00098593;
21fd : FC450513;
21fe : 00000413;
21ff : 14000493;
2200 : C81FF0EF;
2201 : 000A8593;
2202 : 000A0513;
2203 : A3CFB0EF;
2204 : A20C2783;
2205 : A0CC2503;
2206 : 008B0633;
2207 : 0047A783;
2208 : 008985B3;
2209 : 04000693;
220a : 04040413;
220b : 000780E7;
220c : FE9410E3;
220d : 0001C537;
220e : FF450513;
220f : C45FF0EF;
2210 : A20C2783;
2211 : A0CC2503;
2212 : 01010613;
2213 : 0007A783;
2214 : 00098593;
2215 : 14000693;
2216 : 000780E7;
2217 : 14000613;
2218 : 01010593;
2219 : BB0B8513;
221a : 79C070EF;
221b : 04050863;
221c : 0001C537;
221d : 00850513;
221e : C09FF0EF;
221f : E99FA0EF;
2220 : 18C12083;
2221 : 18812403;
2222 : 18412483;
2223 : 18012903;
2224 : 17C12983;
2225 : 17812A03;
2226 : 17412A83;
2227 : 17012B03;
2228 : 16C12B83;
2229 : 16812C03;
222a : 16412C83;
222b : 16012D03;
222c : 15C12D83;
222d : 19010113;
222e : 00008067;
222f : 0001C537;
2230 : 01050513;
2231 : FB5FF06F;
2232 : FF010113;
2233 : 00812423;
2234 : 00C5A403;
2235 : 00912223;
2236 : 00112623;
2237 : 00040613;
2238 : 01212023;
2239 : 9F8FA0EF;
223a : 00050493;
223b : 06A05063;
223c : 0001F737;
223d : 3E072503;
223e : 00042783;
223f : 00100693;
2240 : 00150593;
2241 : 00B035B3;
2242 : 00070913;
2243 : 00D78C63;
2244 : 03200713;
2245 : 04E78A63;
2246 : 0C800793;
2247 : 00F42023;
2248 : 02C0006F;
2249 : D4DFF0EF;
224a : FE0548E3;
224b : 06400793;
224c : 00F42023;
224d : 0001F737;
224e : FFF00793;
224f : 3CF72E23;
2250 : 0001F737;
2251 : 3EF92023;
2252 : 3CF72C23;
2253 : 00C12083;
2254 : 00812403;
2255 : 00012903;
2256 : 00048513;
2257 : 00412483;
2258 : 01010113;
2259 : 00008067;
225a : 8E0FB0EF;
225b : FBDFF06F;
225c : 00300793;
225d : 28C7C663;
225e : FB010113;
225f : 04812423;
2260 : 00050413;
2261 : 2D706537;
2262 : 67350513;
2263 : 04912223;
2264 : 03312E23;
2265 : 04112623;
2266 : 05212023;
2267 : 03412C23;
2268 : 03512A23;
2269 : 00058993;
226a : 00060493;
226b : 85DFA0EF;
226c : FFF00793;
226d : 02054663;
226e : 04048863;
226f : 00100793;
2270 : 08F99063;
2271 : 0001F4B7;
2272 : 5184A683;
2273 : 00400713;
2274 : FFE00793;
2275 : 22E69C63;
2276 : 00020737;
2277 : 0E072023;
2278 : 04C12083;
2279 : 04812403;
227a : 04412483;
227b : 04012903;
227c : 03C12983;
227d : 03812A03;
227e : 03412A83;
227f : 00078513;
2280 : 05010113;
2281 : 00008067;
2282 : 0001F937;
2283 : 50092C23;
2284 : 00100513;
2285 : 0FF00A13;
2286 : 01000A93;
2287 : 02100613;
2288 : 00C10593;
2289 : E84FA0EF;
228a : 02100793;
228b : 02F50C63;
228c : 00100793;
228d : F8F988E3;
228e : 51892783;
228f : F8078EE3;
2290 : 02100913;
2291 : 03248533;
2292 : 02100613;
2293 : 00040593;
2294 : 00150513;
2295 : E54FA0EF;
2296 : 05250263;
2297 : FFF00793;
2298 : F79FF06F;
2299 : 00000793;
229a : 00C10713;
229b : 00F70733;
229c : 00074703;
229d : FB470EE3;
229e : 00178793;
229f : FF5796E3;
22a0 : 51892503;
22a1 : 02100793;
22a2 : 00150513;
22a3 : 50A92C23;
22a4 : 02F50533;
22a5 : 00150513;
22a6 : F85FF06F;
22a7 : 00000793;
22a8 : 00000713;
22a9 : 02000693;
22aa : 00E40633;
22ab : 00064603;
22ac : 00170713;
22ad : 00C787B3;
22ae : FED718E3;
22af : 02044703;
22b0 : 0FF7F793;
22b1 : 00E78A63;
22b2 : 0001C537;
22b3 : 01850513;
22b4 : 9B1FF0EF;
22b5 : F89FF06F;
22b6 : 01144503;
22b7 : 01544583;
22b8 : 01044703;
22b9 : 01444783;
22ba : 00851513;
22bb : 00859593;
22bc : 00E56533;
22bd : 00F5E5B3;
22be : 01244703;
22bf : 01644783;
22c0 : 01071713;
22c1 : 01079793;
22c2 : 00A76733;
22c3 : 00B7E7B3;
22c4 : 01344503;
22c5 : 01744583;
22c6 : 01851513;
22c7 : 01859593;
22c8 : 00E56533;
22c9 : 00F5E5B3;
22ca : 62D100EF;
22cb : 00855793;
22cc : 00F408A3;
22cd : 01055793;
22ce : 00A40823;
22cf : 00F40923;
22d0 : 01855513;
22d1 : 0085D793;
22d2 : 00A409A3;
22d3 : 00F40AA3;
22d4 : 01944503;
22d5 : 0105D793;
22d6 : 00F40B23;
22d7 : 01844783;
22d8 : 00851513;
22d9 : 00B40A23;
22da : 00F56533;
22db : 01A44783;
22dc : 0185D593;
22dd : 00B40BA3;
22de : 01079793;
22df : 00A7E7B3;
22e0 : 01B44503;
22e1 : 01851513;
22e2 : 00F56533;
22e3 : 595100EF;
22e4 : 00855793;
22e5 : 00A40C23;
22e6 : 00F40CA3;
22e7 : 01055793;
22e8 : 01855513;
22e9 : 00A40DA3;
22ea : 01D44503;
22eb : 00F40D23;
22ec : 01C44783;
22ed : 00851513;
22ee : 00F56533;
22ef : 01E44783;
22f0 : 01079793;
22f1 : 00A7E7B3;
22f2 : 01F44503;
22f3 : 01851513;
22f4 : 00F56533;
22f5 : 54D100EF;
22f6 : 00855793;
22f7 : 00A40E23;
22f8 : 00F40EA3;
22f9 : 01055793;
22fa : 01855513;
22fb : 00F40F23;
22fc : 00A40FA3;
22fd : 0001F7B7;
22fe : 5187A783;
22ff : DDDFF06F;
2300 : FFC00793;
2301 : 00078513;
2302 : 00008067;
2303 : 02100613;
2304 : 00040593;
2305 : 00C10513;
2306 : 281070EF;
2307 : 01C12503;
2308 : 02012583;
2309 : 531100EF;
230a : 00A12E23;
230b : 02412503;
230c : 02B12023;
230d : 4ED100EF;
230e : 02A12223;
230f : 02812503;
2310 : 4E1100EF;
2311 : 02A12423;
2312 : 00000713;
2313 : 00000793;
2314 : 02000693;
2315 : 00C10613;
2316 : 00F60633;
2317 : 00064603;
2318 : 00178793;
2319 : 00C70733;
231a : FED796E3;
231b : 5184A503;
231c : 02100413;
231d : 02100613;
231e : 02A40533;
231f : 00C10593;
2320 : 02E10623;
2321 : 00150513;
2322 : BD0FA0EF;
2323 : DC8518E3;
2324 : 5184A783;
2325 : 00178793;
2326 : 50F4AC23;
2327 : F59FF06F;
2328 : FC010113;
2329 : 02912A23;
232a : 03212823;
232b : 02112E23;
232c : 02812C23;
232d : 00050493;
232e : 00000913;
232f : 00090613;
2330 : 00000593;
2331 : 00C10513;
2332 : CA9FF0EF;
2333 : 00050413;
2334 : 02A05C63;
2335 : 00048593;
2336 : 00C10513;
2337 : C50F70EF;
2338 : 04051263;
2339 : 02412783;
233a : 00100413;
233b : 00F4AC23;
233c : 02812783;
233d : 00F4AE23;
233e : 01C12783;
233f : 00F4A823;
2340 : 02012783;
2341 : 00F4AA23;
2342 : 03C12083;
2343 : 00040513;
2344 : 03812403;
2345 : 03412483;
2346 : 03012903;
2347 : 04010113;
2348 : 00008067;
2349 : 00190913;
234a : F8894AE3;
234b : 00000413;
234c : FD9FF06F;
234d : F3010113;
234e : 0C112623;
234f : 0C812423;
2350 : 0C912223;
2351 : 0D212023;
2352 : 0B312E23;
2353 : 0B412C23;
2354 : 0B512A23;
2355 : 00059863;
2356 : C19FF0EF;
2357 : 00050413;
2358 : 1380006F;
2359 : 00050593;
235a : 00050413;
235b : 02100613;
235c : 00810513;
235d : 125070EF;
235e : 00810513;
235f : F25FF0EF;
2360 : 02051063;
2361 : 0001C537;
2362 : 03450513;
2363 : EF4FF0EF;
2364 : 00000613;
2365 : 00100593;
2366 : 00040513;
2367 : FBDFF06F;
2368 : 0001C537;
2369 : 04C50513;
236a : 02C10913;
236b : ED4FF0EF;
236c : 00090A93;
236d : 00000A13;
236e : 02100993;
236f : 000A0613;
2370 : 00000593;
2371 : 000A8513;
2372 : BA9FF0EF;
2373 : 00050493;
2374 : 10A05C63;
2375 : 00040593;
2376 : 000A8513;
2377 : B50F70EF;
2378 : 08051863;
2379 : 033A07B3;
237a : 0B010713;
237b : 00F707B3;
237c : 01842703;
237d : 00875693;
237e : F8E78A23;
237f : F8D78AA3;
2380 : 01075693;
2381 : 01875713;
2382 : F8E78BA3;
2383 : 01C42703;
2384 : F8D78B23;
2385 : 00875693;
2386 : F8E78C23;
2387 : F8D78CA3;
2388 : 01075693;
2389 : 01875713;
238a : F8D78D23;
238b : F8E78DA3;
238c : 01042683;
238d : 01442703;
238e : 0086D613;
238f : F8D78623;
2390 : F8C786A3;
2391 : 0106D613;
2392 : 0186D693;
2393 : F8D787A3;
2394 : 00875693;
2395 : F8E78823;
2396 : F8D788A3;
2397 : 01075693;
2398 : 01875713;
2399 : F8C78723;
239a : F8D78923;
239b : F8E789A3;
239c : 001A0A13;
239d : 021A8A93;
239e : F49A42E3;
239f : BC1FE0EF;
23a0 : FFF00793;
23a1 : 00050413;
23a2 : 02F51C63;
23a3 : 0001C537;
23a4 : 06850513;
23a5 : DECFF0EF;
23a6 : 0CC12083;
23a7 : 00040513;
23a8 : 0C812403;
23a9 : 0C412483;
23aa : 0C012903;
23ab : 0BC12983;
23ac : 0B812A03;
23ad : 0B412A83;
23ae : 0D010113;
23af : 00008067;
23b0 : 00000413;
23b1 : 00000613;
23b2 : 00100593;
23b3 : 00090513;
23b4 : AA1FF0EF;
23b5 : E80544E3;
23b6 : 00140413;
23b7 : 02190913;
23b8 : FE9442E3;
23b9 : FB5FF06F;
23ba : 00050413;
23bb : FADFF06F;
23bc : 0005A783;
23bd : F9010113;
23be : 06812423;
23bf : 06912223;
23c0 : 05312E23;
23c1 : 05512A23;
23c2 : 05612823;
23c3 : 05712623;
23c4 : 05812423;
23c5 : 05912223;
23c6 : 06112623;
23c7 : 07212023;
23c8 : 05412C23;
23c9 : 0017CA03;
23ca : 0007C903;
23cb : 00050993;
23cc : 00058493;
23cd : 00100413;
23ce : 00100A93;
23cf : 00200B13;
23d0 : 00300B93;
23d1 : 00400C13;
23d2 : 00500C93;
23d3 : FFF40613;
23d4 : 00000593;
23d5 : 01C10513;
23d6 : A19FF0EF;
23d7 : 00150793;
23d8 : 04FAF463;
23d9 : 028A1E63;
23da : 03691663;
23db : 01000613;
23dc : 01C10593;
23dd : 00810513;
23de : 720070EF;
23df : 00810613;
23e0 : 00010C23;
23e1 : 0114C583;
23e2 : 00098513;
23e3 : C61F90EF;
23e4 : 01C0006F;
23e5 : 05790663;
23e6 : 05890863;
23e7 : 05990A63;
23e8 : 00140413;
23e9 : FA8554E3;
23ea : 00000513;
23eb : 06C12083;
23ec : 06812403;
23ed : 06412483;
23ee : 06012903;
23ef : 05C12983;
23f0 : 05812A03;
23f1 : 05412A83;
23f2 : 05012B03;
23f3 : 04C12B83;
23f4 : 04812C03;
23f5 : 04412C83;
23f6 : 07010113;
23f7 : 00008067;
23f8 : 03410613;
23f9 : FA1FF06F;
23fa : 03810613;
23fb : F99FF06F;
23fc : 02C10613;
23fd : F91FF06F;
23fe : 0001F7B7;
23ff : 7F078793;
2400 : 1A87A703;
2401 : 1AC7A783;
2402 : 1CF71663;
2403 : FD010113;
2404 : 02812423;
2405 : 00020437;
2406 : 7F040413;
2407 : 8E042703;
2408 : 02112623;
2409 : 02912223;
240a : 00472783;
240b : 03212023;
240c : 01312E23;
240d : 01412C23;
240e : 0107E793;
240f : 00F72223;
2410 : 00050493;
2411 : 00100513;
2412 : B44FF0EF;
2413 : 8E042783;
2414 : 0001FA37;
2415 : 514A2403;
2416 : 0047A583;
2417 : 0001F937;
2418 : 00100693;
2419 : 0055D593;
241a : 0015F593;
241b : 00040613;
241c : 50C90513;
241d : 00B12623;
241e : 91DF80EF;
241f : 00C12583;
2420 : 0001F9B7;
2421 : 00000693;
2422 : 00040613;
2423 : 50498513;
2424 : 905F80EF;
2425 : 000027B7;
2426 : 51B78713;
2427 : 12875063;
2428 : 50C94703;
2429 : 00200693;
242a : 50C90913;
242b : 0AD71463;
242c : 5049C683;
242d : 50498993;
242e : 08E69E63;
242f : 0049A683;
2430 : FFFFE737;
2431 : 00000613;
2432 : F3F78793;
2433 : 0C070713;
2434 : 0CD7C063;
2435 : 00060463;
2436 : 00D9A223;
2437 : 00492703;
2438 : 000027B7;
2439 : FFFFE637;
243a : 00000593;
243b : F3F78793;
243c : 0C060613;
243d : 0AE7C463;
243e : 00058463;
243f : 00E92223;
2440 : 0AD75463;
2441 : FFFFF7B7;
2442 : 06078793;
2443 : 00F687B3;
2444 : 00F707B3;
2445 : FFF00693;
2446 : 00200713;
2447 : 02E7C733;
2448 : 00D7D863;
2449 : 000027B7;
244a : F4078793;
244b : 00F70733;
244c : 000027B7;
244d : F3F78793;
244e : 00E7D863;
244f : FFFFE7B7;
2450 : 0C078793;
2451 : 00F70733;
2452 : 00E4A023;
2453 : 00100513;
2454 : 0200006F;
2455 : 0001C537;
2456 : 07C50513;
2457 : B24FF0EF;
2458 : 000017B7;
2459 : 95578793;
245a : 00F4A023;
245b : FFF00513;
245c : 02C12083;
245d : 02812403;
245e : 02412483;
245f : 02012903;
2460 : 01C12983;
2461 : 01812A03;
2462 : 03010113;
2463 : 00008067;
2464 : 00E686B3;
2465 : 00100613;
2466 : F39FF06F;
2467 : 00C70733;
2468 : 00100593;
2469 : F51FF06F;
246a : 00000793;
246b : F6E6D2E3;
246c : 000017B7;
246d : FA078793;
246e : F55FF06F;
246f : 06440593;
2470 : 00000513;
2471 : 50BA2A23;
2472 : 981FA0EF;
2473 : 00000513;
2474 : FA1FF06F;
2475 : 00000513;
2476 : 00008067;
2477 : FE010113;
2478 : 0001C537;
2479 : 00812C23;
247a : 09850513;
247b : 00020437;
247c : 00112E23;
247d : 0C840413;
247e : A88FF0EF;
247f : 00040513;
2480 : 8BCFA0EF;
2481 : 08050263;
2482 : 00000613;
2483 : 00300593;
2484 : 00A00513;
2485 : DA5FA0EF;
2486 : 00300513;
2487 : 00000613;
2488 : 00000593;
2489 : A21FA0EF;
248a : 0001C537;
248b : 0B050513;
248c : A50FF0EF;
248d : 931FC0EF;
248e : 04050E63;
248f : 0001E537;
2490 : B1850513;
2491 : A3CFF0EF;
2492 : 0001C537;
2493 : 0C050513;
2494 : A30FF0EF;
2495 : 904FF0EF;
2496 : 00C10513;
2497 : D9DFF0EF;
2498 : FE050CE3;
2499 : 00054A63;
249a : 00C12583;
249b : 74323537;
249c : 47050513;
249d : E8CFE0EF;
249e : 01C12083;
249f : 01812403;
24a0 : 02010113;
24a1 : 00008067;
24a2 : 06400513;
24a3 : 900FF0EF;
24a4 : F6DFF06F;
24a5 : 06400513;
24a6 : 8F4FF0EF;
24a7 : F99FF06F;
24a8 : FD010113;
24a9 : 02112623;
24aa : 02812423;
24ab : 02912223;
24ac : 03212023;
24ad : 01312E23;
24ae : 01412C23;
24af : 1C050063;
24b0 : 0001F437;
24b1 : 00100593;
24b2 : 1E840513;
24b3 : FF0FE0EF;
24b4 : 12C00513;
24b5 : E8CF80EF;
24b6 : 0001F4B7;
24b7 : 00100593;
24b8 : 1E048513;
24b9 : FD8FE0EF;
24ba : 12C00513;
24bb : E74F80EF;
24bc : A4DFE0EF;
24bd : 0A000513;
24be : 94DFE0EF;
24bf : 00000513;
24c0 : 945FE0EF;
24c1 : 00100593;
24c2 : 1E048513;
24c3 : FB0FE0EF;
24c4 : 12C00513;
24c5 : E4CF80EF;
24c6 : 00100593;
24c7 : 1E840513;
24c8 : F9CFE0EF;
24c9 : 12C00513;
24ca : E38F80EF;
24cb : 00000593;
24cc : 1E048513;
24cd : F88FE0EF;
24ce : 12C00513;
24cf : E24F80EF;
24d0 : 00000593;
24d1 : 1E840513;
24d2 : F74FE0EF;
24d3 : 12C00513;
24d4 : E10F80EF;
24d5 : 0A100513;
24d6 : 8EDFE0EF;
24d7 : 00100593;
24d8 : 00F10513;
24d9 : FCCFE0EF;
24da : F6CFE0EF;
24db : 00F14703;
24dc : 00020437;
24dd : 7F040793;
24de : BAE78623;
24df : 9C1FE0EF;
24e0 : 0A100513;
24e1 : 7F040413;
24e2 : 000204B7;
24e3 : 8B9FE0EF;
24e4 : 00100913;
24e5 : BAC40A13;
24e6 : 05F00993;
24e7 : 39C48493;
24e8 : 00000593;
24e9 : 00F10513;
24ea : F88FE0EF;
24eb : 00F14703;
24ec : 012A07B3;
24ed : 00190913;
24ee : 00E78023;
24ef : FF3912E3;
24f0 : 00100593;
24f1 : 00F10513;
24f2 : F68FE0EF;
24f3 : 00F14783;
24f4 : C0F405A3;
24f5 : F00FE0EF;
24f6 : 00000793;
24f7 : 00000713;
24f8 : 03F00693;
24f9 : 00E48633;
24fa : 00064603;
24fb : 00170713;
24fc : 00C787B3;
24fd : 01079793;
24fe : 0107D793;
24ff : FED714E3;
2500 : BEB44703;
2501 : 0FF7F793;
2502 : 0AF71663;
2503 : 00000793;
2504 : 04000713;
2505 : 05F00693;
2506 : 00E48633;
2507 : 00064603;
2508 : 00170713;
2509 : 00C787B3;
250a : 01079793;
250b : 0107D793;
250c : FED714E3;
250d : C0B44703;
250e : 0FF7F793;
250f : 06F71C63;
2510 : 0001F437;
2511 : 2F840413;
2512 : 02C42583;
2513 : 00440493;
2514 : 01000613;
2515 : 02858593;
2516 : 00048513;
2517 : 23C070EF;
2518 : 00048513;
2519 : 83DFF0EF;
251a : 06051463;
251b : 00100793;
251c : 02F42423;
251d : FFA00793;
251e : 0180006F;
251f : 0001F537;
2520 : 1F850513;
2521 : CF4F80EF;
2522 : FED00793;
2523 : E2050AE3;
2524 : 02C12083;
2525 : 02812403;
2526 : 02412483;
2527 : 02012903;
2528 : 01C12983;
2529 : 01812A03;
252a : 00078513;
252b : 03010113;
252c : 00008067;
252d : 0001E5B7;
252e : 0001C537;
252f : C9458593;
2530 : 0E050513;
2531 : FBDFE0EF;
2532 : FFB00793;
2533 : FC5FF06F;
2534 : 00200793;
2535 : 02F42423;
2536 : 00000793;
2537 : FB5FF06F;
2538 : FE010113;
2539 : 00912A23;
253a : 0001F4B7;
253b : 5004A783;
253c : 00812C23;
253d : 01312623;
253e : 01412423;
253f : 00112E23;
2540 : 01212823;
2541 : 00050413;
2542 : 00058A13;
2543 : 00060993;
2544 : 02079463;
2545 : 0001C537;
2546 : 0F850513;
2547 : F65FE0EF;
2548 : 001007B7;
2549 : 40078793;
254a : 0247A783;
254b : 01079793;
254c : 0107D793;
254d : 50F4A023;
254e : 0001F937;
254f : 4FC92783;
2550 : 02079263;
2551 : 0001C537;
2552 : 11050513;
2553 : F35FE0EF;
2554 : 001007B7;
2555 : 40078793;
2556 : 0247A783;
2557 : 0107D793;
2558 : 4EF92E23;
2559 : 020A1A63;
255a : 5004A783;
255b : 02F46E63;
255c : 0009A023;
255d : FEA00513;
255e : 01C12083;
255f : 01812403;
2560 : 01412483;
2561 : 01012903;
2562 : 00C12983;
2563 : 00812A03;
2564 : 02010113;
2565 : 00008067;
2566 : 4FC92783;
2567 : FCF47AE3;
2568 : 5004A783;
2569 : 00F40433;
256a : 01041413;
256b : 001007B7;
256c : 01045413;
256d : 4287A423;
256e : 40078793;
256f : 02C7A783;
2570 : 00000513;
2571 : 00F9A023;
2572 : FB1FF06F;
2573 : FE010113;
2574 : 00912A23;
2575 : 00C5A483;
2576 : 01212823;
2577 : 00112E23;
2578 : 00048613;
2579 : 00812C23;
257a : 01312623;
257b : 01412423;
257c : CECF90EF;
257d : 00050913;
257e : 02A05463;
257f : 0004A703;
2580 : 00C00793;
2581 : 0AF71A63;
2582 : 00020437;
2583 : 7F040413;
2584 : C0C44783;
2585 : 02079863;
2586 : 0C900793;
2587 : 00F4A023;
2588 : 01C12083;
2589 : 01812403;
258a : 01412483;
258b : 00C12983;
258c : 00812A03;
258d : 00090513;
258e : 01012903;
258f : 02010113;
2590 : 00008067;
2591 : 0001F9B7;
2592 : 4D09A703;
2593 : 0000B7B7;
2594 : DA378793;
2595 : 00F70663;
2596 : 0CA00793;
2597 : FC1FF06F;
2598 : 0001C537;
2599 : C0C40593;
259a : 12850513;
259b : E15FE0EF;
259c : 000207B7;
259d : 94840A13;
259e : 3FC78593;
259f : 05000613;
25a0 : 000A0513;
25a1 : C4040E23;
25a2 : 2BD050EF;
25a3 : 000A0513;
25a4 : 37D050EF;
25a5 : 0001F7B7;
25a6 : 4CA7A423;
25a7 : 53D050EF;
25a8 : 0001F7B7;
25a9 : 4CA7A623;
25aa : 94040423;
25ab : 4C09A823;
25ac : 06400793;
25ad : F69FF06F;
25ae : 0C800793;
25af : F61FF06F;
25b0 : FE010113;
25b1 : 00812C23;
25b2 : 00C5A403;
25b3 : 00912A23;
25b4 : 00112E23;
25b5 : 00040613;
25b6 : 000101A3;
25b7 : C00F90EF;
25b8 : 00050493;
25b9 : 04A05263;
25ba : 00042783;
25bb : 00100713;
25bc : 00E78A63;
25bd : 03200713;
25be : 06E78863;
25bf : 0C800793;
25c0 : 0600006F;
25c1 : 000207B7;
25c2 : 7F078793;
25c3 : C607C703;
25c4 : 02071863;
25c5 : 0C900793;
25c6 : 0001C537;
25c7 : 00F42023;
25c8 : 14C50513;
25c9 : D5DFE0EF;
25ca : 01C12083;
25cb : 01812403;
25cc : 00048513;
25cd : 01412483;
25ce : 02010113;
25cf : 00008067;
25d0 : C6078793;
25d1 : 00F12423;
25d2 : 00410513;
25d3 : 00310793;
25d4 : 00F12623;
25d5 : ECDFD0EF;
25d6 : 06400793;
25d7 : FA0540E3;
25d8 : 00F42023;
25d9 : FC5FF06F;
25da : 82CFE0EF;
25db : FEDFF06F;
25dc : FF010113;
25dd : 00812423;
25de : 00C5A403;
25df : 00912223;
25e0 : 00112623;
25e1 : 00040613;
25e2 : B54F90EF;
25e3 : 00050493;
25e4 : 0CA05063;
25e5 : 00042783;
25e6 : 00300713;
25e7 : 02E78C63;
25e8 : 00F74E63;
25e9 : 00100713;
25ea : 08E78863;
25eb : 00200713;
25ec : 06E78863;
25ed : 0C800793;
25ee : 0940006F;
25ef : 03200713;
25f0 : FEE79AE3;
25f1 : A78FE0EF;
25f2 : FFF00793;
25f3 : 04F51663;
25f4 : FE5FF06F;
25f5 : 00020737;
25f6 : 7F070713;
25f7 : C9872683;
25f8 : 0001F7B7;
25f9 : 2F878793;
25fa : 00D7AE23;
25fb : C9C72683;
25fc : 0001C537;
25fd : 16450513;
25fe : 02D7A023;
25ff : C9072683;
2600 : C9472703;
2601 : 00D7AA23;
2602 : 00E7AC23;
2603 : C75FE0EF;
2604 : 0E90E0EF;
2605 : 3CD0E0EF;
2606 : 06400793;
2607 : 0300006F;
2608 : 0001F5B7;
2609 : 00020537;
260a : 01000613;
260b : 2FC58593;
260c : 47050513;
260d : 665060EF;
260e : 00020537;
260f : 7F050513;
2610 : C8054783;
2611 : 02079263;
2612 : 0CB00793;
2613 : 00F42023;
2614 : 00C12083;
2615 : 00812403;
2616 : 00048513;
2617 : 00412483;
2618 : 01010113;
2619 : 00008067;
261a : 01000593;
261b : C8050513;
261c : 5C5070EF;
261d : 00050793;
261e : 00020537;
261f : 47050513;
2620 : 00F00713;
2621 : 02000693;
2622 : 02F75063;
2623 : 00000613;
2624 : 00100593;
2625 : CA0FF0EF;
2626 : FFE00793;
2627 : 00F51E63;
2628 : 0CA00793;
2629 : FA9FF06F;
262a : 00F50633;
262b : 00D60023;
262c : 00178793;
262d : FD5FF06F;
262e : FFF00793;
262f : 00F51663;
2630 : 0C900793;
2631 : F89FF06F;
2632 : 00000513;
2633 : 9D5FF0EF;
2634 : 06500793;
2635 : F6051CE3;
2636 : F41FF06F;
2637 : F8010113;
2638 : 07212823;
2639 : 00020937;
263a : 07412423;
263b : 07512223;
263c : 7F090A13;
263d : 05812C23;
263e : 05912A23;
263f : 00010C37;
2640 : 00020AB7;
2641 : 0001FCB7;
2642 : 07612023;
2643 : 05712E23;
2644 : 06112E23;
2645 : 06812C23;
2646 : 06912A23;
2647 : 07312623;
2648 : 05A12823;
2649 : 05B12623;
264a : A7CA0A13;
264b : 00000B13;
264c : 00000B93;
264d : 7F090913;
264e : FFFC0C13;
264f : 494A8A93;
2650 : 2F8C8C93;
2651 : 0001F7B7;
2652 : 4A97C783;
2653 : 04FBE263;
2654 : 07C12083;
2655 : 07812403;
2656 : 07412483;
2657 : 07012903;
2658 : 06C12983;
2659 : 06812A03;
265a : 06412A83;
265b : 05C12B83;
265c : 05812C03;
265d : 05412C83;
265e : 05012D03;
265f : 04C12D83;
2660 : 000B0513;
2661 : 06012B03;
2662 : 08010113;
2663 : 00008067;
2664 : 0001F7B7;
2665 : 4A87C783;
2666 : 00079663;
2667 : 00000D13;
2668 : 0200006F;
2669 : 004A2D83;
266a : 000019B7;
266b : 00000D13;
266c : 000DA583;
266d : 0005A483;
266e : 0134F4B3;
266f : 00048A63;
2670 : 01AB6B33;
2671 : 001B8B93;
2672 : 00CA0A13;
2673 : F79FF06F;
2674 : 00000413;
2675 : 00000693;
2676 : 80098993;
2677 : 40000E37;
2678 : 00200513;
2679 : 1E000893;
267a : 00300E93;
267b : 00100313;
267c : 00D00F13;
267d : 0085A603;
267e : 01065713;
267f : 01061793;
2680 : 01C67833;
2681 : 00377713;
2682 : 0107D793;
2683 : 0E081663;
2684 : 02071463;
2685 : 36DF6863;
2686 : 00879713;
2687 : 0087D793;
2688 : 00F767B3;
2689 : FFE6F713;
268a : 00E90733;
268b : E8F71223;
268c : 00268693;
268d : FC1FF06F;
268e : 04A70663;
268f : 3488E863;
2690 : 09D71463;
2691 : 00879713;
2692 : 0087D793;
2693 : 00F767B3;
2694 : FFE47713;
2695 : 00E90733;
2696 : CAF71223;
2697 : 00140413;
2698 : F95FF06F;
2699 : 00879713;
269a : FFE47413;
269b : 0087D793;
269c : 00890433;
269d : 00F767B3;
269e : CAF41223;
269f : 00060413;
26a0 : F75FF06F;
26a1 : F60688E3;
26a2 : 40165793;
26a3 : 0017F793;
26a4 : 00078A63;
26a5 : 0001C537;
26a6 : 19050513;
26a7 : 9E5FE0EF;
26a8 : 00100813;
26a9 : FFFD0D13;
26aa : 00200793;
26ab : 05A7FA63;
26ac : 02010423;
26ad : 0E080C63;
26ae : 00CDA783;
26af : 00178793;
26b0 : 00FDA623;
26b1 : ED9FF06F;
26b2 : F26716E3;
26b3 : 020D0263;
26b4 : 006D1863;
26b5 : 01061493;
26b6 : 001D0D13;
26b7 : F19FF06F;
26b8 : FEAD1CE3;
26b9 : 01867633;
26ba : 00C4E4B3;
26bb : FEDFF06F;
26bc : 00078993;
26bd : FE5FF06F;
26be : 00000813;
26bf : FA9FF06F;
26c0 : 01C10593;
26c1 : 02010513;
26c2 : 01012623;
26c3 : EF0FB0EF;
26c4 : 00449693;
26c5 : 059687B7;
26c6 : 0046D693;
26c7 : 2F078793;
26c8 : 00C12803;
26c9 : 01C4D613;
26ca : 02D7F863;
26cb : 01C12703;
26cc : 0EE6B7B7;
26cd : 27F78793;
26ce : 02E7E063;
26cf : 02012783;
26d0 : 02412703;
26d1 : FFF78593;
26d2 : 0017B793;
26d3 : 40F707B3;
26d4 : 02B12023;
26d5 : 02F12223;
26d6 : 02412783;
26d7 : 02012703;
26d8 : 00F4F493;
26d9 : 02F12A23;
26da : 02E12823;
26db : 40C484B3;
26dc : 00100793;
26dd : 00F48663;
26de : FF100793;
26df : 02F49463;
26e0 : 00100793;
26e1 : 02F12623;
26e2 : 00B9D993;
26e3 : 0019C993;
26e4 : 00369693;
26e5 : 0019F993;
26e6 : 02D12C23;
26e7 : 03310423;
26e8 : F15FF06F;
26e9 : 02012623;
26ea : FE1FF06F;
26eb : 008DA783;
26ec : 00178793;
26ed : 00FDA423;
26ee : 000DA783;
26ef : 0007A783;
26f0 : 01279713;
26f1 : 00075863;
26f2 : 0001C537;
26f3 : 1C450513;
26f4 : 8B1FE0EF;
26f5 : 1E000793;
26f6 : 00040993;
26f7 : 0087F463;
26f8 : 1E000993;
26f9 : DA040CE3;
26fa : E9095703;
26fb : 02011023;
26fc : 000A8493;
26fd : 00871793;
26fe : 00875713;
26ff : 00E7E7B3;
2700 : 01079793;
2701 : 00008737;
2702 : 0107D793;
2703 : 10070713;
2704 : 02E79663;
2705 : 00200613;
2706 : 000A8593;
2707 : 02010513;
2708 : 279060EF;
2709 : 00200613;
270a : CA690593;
270b : E9090513;
270c : 269060EF;
270d : FFC98993;
270e : CA890493;
270f : 02015783;
2710 : 02015703;
2711 : 00879793;
2712 : 00875713;
2713 : 00E7E7B3;
2714 : 07ECD703;
2715 : 01479793;
2716 : 0147D793;
2717 : D4F710E3;
2718 : 0004C683;
2719 : 04500713;
271a : 00000793;
271b : 02E69063;
271c : 0094C683;
271d : 01100713;
271e : 00E69A63;
271f : 0164C783;
2720 : 0174C703;
2721 : 00879793;
2722 : 00E7E7B3;
2723 : E9095503;
2724 : E9490693;
2725 : EC490813;
2726 : 00000413;
2727 : 00000613;
2728 : 0006A703;
2729 : 02070263;
272a : 01472583;
272b : 01459E63;
272c : 00C75583;
272d : 00A59A63;
272e : 00E75583;
272f : 0A079E63;
2730 : 00059463;
2731 : 00070613;
2732 : 00468693;
2733 : FD069AE3;
2734 : 00041863;
2735 : 00100D13;
2736 : CE0604E3;
2737 : 00060413;
2738 : 01E45703;
2739 : 02898793;
273a : 00100D13;
273b : CCF74AE3;
273c : 01A40D93;
273d : 00200613;
273e : 01C10593;
273f : 000D8513;
2740 : 01311E23;
2741 : EF9F70EF;
2742 : 01E45783;
2743 : 01800613;
2744 : 02810593;
2745 : 40A787B3;
2746 : 00F41F23;
2747 : 000D8513;
2748 : EDDF70EF;
2749 : 01E45783;
274a : 00E00613;
274b : E8490593;
274c : 40A787B3;
274d : 00F41F23;
274e : 000D8513;
274f : EC1F70EF;
2750 : 01E45783;
2751 : 00048593;
2752 : 40A787B3;
2753 : 00F41F23;
2754 : 01C15603;
2755 : 000D8513;
2756 : EA5F70EF;
2757 : 01E45783;
2758 : 40A787B3;
2759 : 00F41F23;
275a : 02245783;
275b : 00178793;
275c : 02F41123;
275d : C4DFF06F;
275e : F4B798E3;
275f : 00070413;
2760 : F49FF06F;
2761 : 00240613;
2762 : CC88FEE3;
2763 : 00240413;
2764 : C65FF06F;
2765 : 0001F737;
2766 : 2F870793;
2767 : 0347A783;
2768 : FA010113;
2769 : 05212823;
276a : 17C7A903;
276b : 0001F7B7;
276c : 4A47A683;
276d : 06892603;
276e : 04812C23;
276f : 05412423;
2770 : 04112E23;
2771 : 04912A23;
2772 : 05312623;
2773 : 05512223;
2774 : 05612023;
2775 : 03712E23;
2776 : 03812C23;
2777 : 2F870A13;
2778 : 00078413;
2779 : 0001F537;
277a : 04D61663;
277b : 0001F7B7;
277c : 4DC7C703;
277d : 00300793;
277e : 02F71E63;
277f : 4A052023;
2780 : 00000513;
2781 : 05C12083;
2782 : 05812403;
2783 : 05412483;
2784 : 05012903;
2785 : 04C12983;
2786 : 04812A03;
2787 : 04412A83;
2788 : 04012B03;
2789 : 03C12B83;
278a : 03812C03;
278b : 06010113;
278c : 00008067;
278d : 0001F9B7;
278e : 49C9A783;
278f : FC0780E3;
2790 : 3E800593;
2791 : 4A050513;
2792 : 345040EF;
2793 : 00050493;
2794 : 00000513;
2795 : FA0498E3;
2796 : 49C9A703;
2797 : FFF00793;
2798 : 00F71463;
2799 : 4809AE23;
279a : 06892783;
279b : 00410593;
279c : 00810513;
279d : 4AF42223;
279e : B84FB0EF;
279f : 000207B7;
27a0 : 2707A783;
27a1 : 080A4583;
27a2 : 0001C537;
27a3 : 0047A683;
27a4 : 0087A603;
27a5 : FFD58593;
27a6 : 0015B593;
27a7 : 20050513;
27a8 : DE0FE0EF;
27a9 : CC1FB0EF;
27aa : 00A035B3;
27ab : 0001C537;
27ac : 21450513;
27ad : DCCFE0EF;
27ae : 0001F437;
27af : 7F040793;
27b0 : 5907A783;
27b1 : 00A00713;
27b2 : 7F040413;
27b3 : 26F76C63;
27b4 : 00379713;
27b5 : 0001B7B7;
27b6 : 9C078793;
27b7 : 00E787B3;
27b8 : 3307A583;
27b9 : 0001C537;
27ba : 22050513;
27bb : D94FE0EF;
27bc : 0001F7B7;
27bd : 4DC7C683;
27be : 00300713;
27bf : 00078A13;
27c0 : 02E69463;
27c1 : 06094583;
27c2 : 0001C537;
27c3 : 22850513;
27c4 : 0015F593;
27c5 : D6CFE0EF;
27c6 : 06492583;
27c7 : 0001C537;
27c8 : 23050513;
27c9 : D5CFE0EF;
27ca : 0001F7B7;
27cb : 6F97C983;
27cc : 0001CAB7;
27cd : FFF98993;
27ce : 2134CC63;
27cf : 00412603;
27d0 : 00812583;
27d1 : 0001C537;
27d2 : 24C50513;
27d3 : D34FE0EF;
27d4 : 5AC42703;
27d5 : 00100793;
27d6 : 00000493;
27d7 : 00F71C63;
27d8 : 000017B7;
27d9 : 00F407B3;
27da : 8D07A783;
27db : 00E79463;
27dc : 5A842483;
27dd : 4DCA4703;
27de : 00300793;
27df : 18F71E63;
27e0 : 0E848C13;
27e1 : 000C0513;
27e2 : 291070EF;
27e3 : 00050613;
27e4 : 0001C537;
27e5 : 00058693;
27e6 : 26050513;
27e7 : CE4FE0EF;
27e8 : 03090513;
27e9 : 275070EF;
27ea : 00050613;
27eb : 0001C537;
27ec : 00058693;
27ed : 26850513;
27ee : CC8FE0EF;
27ef : 04848B93;
27f0 : 000B8513;
27f1 : 255070EF;
27f2 : 05848B13;
27f3 : 00050993;
27f4 : 000B0513;
27f5 : 245070EF;
27f6 : 00050613;
27f7 : 0001C537;
27f8 : 00098593;
27f9 : 27450513;
27fa : C98FE0EF;
27fb : 06848A93;
27fc : 000A8513;
27fd : 225070EF;
27fe : 07848A13;
27ff : 00050993;
2800 : 000A0513;
2801 : 215070EF;
2802 : 00050613;
2803 : 0001C537;
2804 : 00098593;
2805 : 28850513;
2806 : C68FE0EF;
2807 : 70842783;
2808 : 0187A503;
2809 : 01C7A583;
280a : 189070EF;
280b : 00050613;
280c : 0001C537;
280d : 00058693;
280e : 29C50513;
280f : C44FE0EF;
2810 : 01000613;
2811 : 000C0593;
2812 : 02010513;
2813 : 64C060EF;
2814 : 000B8593;
2815 : 02010513;
2816 : 411070EF;
2817 : 000B0593;
2818 : 02010513;
2819 : 405070EF;
281a : 000A8593;
281b : 02010513;
281c : 3F9070EF;
281d : 000A0593;
281e : 02010513;
281f : 3ED070EF;
2820 : 02010513;
2821 : 195070EF;
2822 : 00050613;
2823 : 0001C537;
2824 : 00058693;
2825 : 2A850513;
2826 : BE8FE0EF;
2827 : 05090513;
2828 : 179070EF;
2829 : 00050593;
282a : 0001C537;
282b : 2B450513;
282c : BD0FE0EF;
282d : 00C4A583;
282e : 0001C537;
282f : 2BC50513;
2830 : BC0FE0EF;
2831 : 06892583;
2832 : 0001C537;
2833 : 2C850513;
2834 : BB0FE0EF;
2835 : F51F80EF;
2836 : 00050593;
2837 : 0001C537;
2838 : 2D450513;
2839 : B9CFE0EF;
283a : 0004A583;
283b : 0001C537;
283c : 2E050513;
283d : B8CFE0EF;
283e : 0044A583;
283f : 0001C537;
2840 : 2E850513;
2841 : B7CFE0EF;
2842 : 0084A583;
2843 : 0001C537;
2844 : 2F050513;
2845 : B6CFE0EF;
2846 : 06442583;
2847 : 10C42603;
2848 : 22442683;
2849 : 0001C537;
284a : 2FC50513;
284b : B54FE0EF;
284c : 0001E537;
284d : B1850513;
284e : B48FE0EF;
284f : 00100513;
2850 : CC5FF06F;
2851 : 0001C5B7;
2852 : 1F858593;
2853 : D99FF06F;
2854 : 00048593;
2855 : 01410513;
2856 : 979F90EF;
2857 : 01C12683;
2858 : 01412603;
2859 : 00048593;
285a : 23CA8513;
285b : B14FE0EF;
285c : 00148493;
285d : DC5FF06F;
285e : FF010113;
285f : 00812423;
2860 : 0001F437;
2861 : 2F840413;
2862 : 00050593;
2863 : 00400613;
2864 : 08840513;
2865 : 00112623;
2866 : 500060EF;
2867 : 08844783;
2868 : 08944703;
2869 : 01879793;
286a : 01071713;
286b : 00E7E7B3;
286c : 08B44703;
286d : 00E7E7B3;
286e : 08A44703;
286f : 00871713;
2870 : 00E7E7B3;
2871 : 00079463;
2872 : 08042223;
2873 : 00C12083;
2874 : 00812403;
2875 : 0001F7B7;
2876 : 4A079E23;
2877 : 01010113;
2878 : 00008067;
2879 : 0001F5B7;
287a : 00400613;
287b : 38058593;
287c : 4A80606F;
287d : 02255783;
287e : 26078863;
287f : FB010113;
2880 : 04112623;
2881 : 04812423;
2882 : 04912223;
2883 : 05212023;
2884 : 03312E23;
2885 : 03412C23;
2886 : 03512A23;
2887 : 01A50A13;
2888 : FFF78793;
2889 : 00050493;
288a : 00058993;
288b : 02F51123;
288c : 00060A93;
288d : 00068913;
288e : 00200613;
288f : 00000693;
2890 : 000A0593;
2891 : 00610513;
2892 : 00070413;
2893 : 9F9F70EF;
2894 : 01E4D783;
2895 : 00000693;
2896 : 01800613;
2897 : 00F50533;
2898 : 00A49F23;
2899 : 000A0593;
289a : 01810513;
289b : 9D9F70EF;
289c : 01E4D783;
289d : 00000693;
289e : 00E00613;
289f : 00F50533;
28a0 : 00A49F23;
28a1 : 000A0593;
28a2 : 00810513;
28a3 : 9B9F70EF;
28a4 : 01E4D783;
28a5 : 00615603;
28a6 : 00090693;
28a7 : 00F50533;
28a8 : 00A49F23;
28a9 : 000A0593;
28aa : 000A8513;
28ab : 999F70EF;
28ac : 01E4D783;
28ad : 01415703;
28ae : 00600613;
28af : 00F50533;
28b0 : 01415783;
28b1 : 00875713;
28b2 : 00A49F23;
28b3 : 00879793;
28b4 : 00E7E7B3;
28b5 : 00F99623;
28b6 : 0001F7B7;
28b7 : 3767D783;
28b8 : 00E10593;
28b9 : 00098513;
28ba : 00F99823;
28bb : 3AC060EF;
28bc : 00600613;
28bd : 00810593;
28be : 00698513;
28bf : 39C060EF;
28c0 : 10040E63;
28c1 : 02812783;
28c2 : 01040513;
28c3 : 00F42A23;
28c4 : 01C12783;
28c5 : 00F42C23;
28c6 : 0001F7B7;
28c7 : 7F078793;
28c8 : 1A87A983;
28c9 : 1AC7AA03;
28ca : CD8F90EF;
28cb : 02012703;
28cc : 02412503;
28cd : 02812603;
28ce : 01814683;
28cf : 00E42023;
28d0 : 00A42223;
28d1 : 00C42423;
28d2 : 00000793;
28d3 : 00068663;
28d4 : 414989B3;
28d5 : 0019B793;
28d6 : 00F42E23;
28d7 : 01C12683;
28d8 : 0144A783;
28d9 : 01042583;
28da : 0087A783;
28db : 00068463;
28dc : FF860613;
28dd : 40F585B3;
28de : 00058693;
28df : 0005D863;
28e0 : 000026B7;
28e1 : F4068693;
28e2 : 00D586B3;
28e3 : 000017B7;
28e4 : FA078793;
28e5 : 00F587B3;
28e6 : 0007D863;
28e7 : 000037B7;
28e8 : EE078793;
28e9 : 00F587B3;
28ea : 000025B7;
28eb : F3F58593;
28ec : 00F5D863;
28ed : FFFFE5B7;
28ee : 0C058593;
28ef : 00B787B3;
28f0 : 000015B7;
28f1 : 83068813;
28f2 : FA058593;
28f3 : 0905FA63;
28f4 : 000026B7;
28f5 : 00C42423;
28f6 : 00B78833;
28f7 : F3F68693;
28f8 : 0706C663;
28f9 : 01042623;
28fa : 00842783;
28fb : 3B9AD6B7;
28fc : 9FF68693;
28fd : 02F6D463;
28fe : C46536B7;
28ff : 60068693;
2900 : 00D787B3;
2901 : 00F42423;
2902 : 00170793;
2903 : 00E7B733;
2904 : 00A70733;
2905 : 00F42023;
2906 : 00E42223;
2907 : 00615503;
2908 : 00A97463;
2909 : 00090513;
290a : 04C12083;
290b : 04812403;
290c : 04412483;
290d : 04012903;
290e : 03C12983;
290f : 03812A03;
2910 : 03412A83;
2911 : 05010113;
2912 : 00008067;
2913 : 40B787B3;
2914 : 00860613;
2915 : 00F42623;
2916 : 00C42423;
2917 : F8DFF06F;
2918 : 00D42623;
2919 : F85FF06F;
291a : 00000513;
291b : 00008067;
291c : 00020837;
291d : FE010113;
291e : 7F080893;
291f : 00812C23;
2920 : 00912A23;
2921 : 01212823;
2922 : 01312623;
2923 : 01412423;
2924 : 01512223;
2925 : 00050413;
2926 : 00078913;
2927 : 00112E23;
2928 : 00058493;
2929 : 00060A93;
292a : 00068A13;
292b : 00070993;
292c : E9488893;
292d : 00000513;
292e : 7F080813;
292f : 00C00793;
2930 : 0008A703;
2931 : 08071063;
2932 : 00251513;
2933 : 00A80533;
2934 : E8852A23;
2935 : 01200613;
2936 : 00000593;
2937 : 00040513;
2938 : 6E1040EF;
2939 : 080A9463;
293a : 00041723;
293b : 000A1863;
293c : 00800793;
293d : 00F41623;
293e : 01341723;
293f : 01049593;
2940 : 0105D593;
2941 : 01242A23;
2942 : 00041E23;
2943 : 00041D23;
2944 : 02B41023;
2945 : 00B41F23;
2946 : 02041123;
2947 : 01C12083;
2948 : 00040513;
2949 : 01812403;
294a : 01412483;
294b : 01012903;
294c : 00C12983;
294d : 00812A03;
294e : 00412A83;
294f : 02010113;
2950 : 00008067;
2951 : 00150513;
2952 : 00488893;
2953 : F6F51AE3;
2954 : 0001B5B7;
2955 : 0001C537;
2956 : D4858593;
2957 : 31050513;
2958 : F21FD0EF;
2959 : 00000413;
295a : FB5FF06F;
295b : 01200613;
295c : 000A8593;
295d : 00040513;
295e : 120060EF;
295f : F6DFF06F;
2960 : 00020537;
2961 : 7F050513;
2962 : FF010113;
2963 : A7C50793;
2964 : 0A100713;
2965 : 00000693;
2966 : 00000613;
2967 : 10000593;
2968 : EC450513;
2969 : 00112623;
296a : EC9FF0EF;
296b : 00C12083;
296c : 0001F7B7;
296d : 4CA7AC23;
296e : 01010113;
296f : 00008067;
2970 : FD010113;
2971 : 01200613;
2972 : 00000593;
2973 : 00C10513;
2974 : 02112623;
2975 : 5ED040EF;
2976 : 00600613;
2977 : 0FF00593;
2978 : 00C10513;
2979 : 5DD040EF;
297a : 00020537;
297b : 60800793;
297c : 7F050513;
297d : 00F11C23;
297e : 00C10613;
297f : A7C50793;
2980 : 00000713;
2981 : 00100693;
2982 : 08000593;
2983 : FE850513;
2984 : E61FF0EF;
2985 : 02C12083;
2986 : 0001F7B7;
2987 : 4CA7A023;
2988 : 03010113;
2989 : 00008067;
298a : FD010113;
298b : 02812423;
298c : 00020437;
298d : 7F040413;
298e : A7C40793;
298f : 04400713;
2990 : 00000693;
2991 : 00000613;
2992 : 20000593;
2993 : 08C40513;
2994 : 02112623;
2995 : 02912223;
2996 : E19FF0EF;
2997 : 000204B7;
2998 : 0001F737;
2999 : 26C48793;
299a : 4AA72823;
299b : 00000693;
299c : 02500713;
299d : 00000613;
299e : 06000593;
299f : 2B040513;
29a0 : DF1FF0EF;
29a1 : 0001F737;
29a2 : 4AA72C23;
29a3 : 01200613;
29a4 : 00000593;
29a5 : 00C10513;
29a6 : 529040EF;
29a7 : 00800713;
29a8 : 00E11C23;
29a9 : 26C48793;
29aa : 00C10613;
29ab : 33440513;
29ac : 00000713;
29ad : 00100693;
29ae : 08000593;
29af : DB5FF0EF;
29b0 : 02C12083;
29b1 : 02812403;
29b2 : 0001F7B7;
29b3 : 4AA7AA23;
29b4 : 02412483;
29b5 : 03010113;
29b6 : 00008067;
29b7 : 00600613;
29b8 : 7B90506F;
29b9 : FA010113;
29ba : 05312623;
29bb : 0001F9B7;
29bc : 7F098513;
29bd : 09E00613;
29be : 00000593;
29bf : 4F050513;
29c0 : 04112E23;
29c1 : 04912A23;
29c2 : 05212823;
29c3 : 05412423;
29c4 : 05512223;
29c5 : 05612023;
29c6 : 03712E23;
29c7 : 03812C23;
29c8 : 04812C23;
29c9 : 03912A23;
29ca : 499040EF;
29cb : 0001C537;
29cc : 0001FAB7;
29cd : 0001F4B7;
29ce : 33050513;
29cf : 00020937;
29d0 : 00020A37;
29d1 : 0001BBB7;
29d2 : 2F8A8A93;
29d3 : 4C049F23;
29d4 : 00100B13;
29d5 : D2DFD0EF;
29d6 : 7F098993;
29d7 : CE090913;
29d8 : 0C8A0A13;
29d9 : 984B8B93;
29da : 078A8C13;
29db : FFEB0793;
29dc : 00700713;
29dd : 00F76A63;
29de : 00279793;
29df : 017787B3;
29e0 : 0007A783;
29e1 : 00078067;
29e2 : 00100513;
29e3 : 00700593;
29e4 : B2CF70EF;
29e5 : 4DE4D503;
29e6 : 00400713;
29e7 : 00A987B3;
29e8 : 00150513;
29e9 : 000A0593;
29ea : 00A90533;
29eb : 4EE78823;
29ec : 00700413;
29ed : F29FF0EF;
29ee : 4DE4D583;
29ef : 001B0B13;
29f0 : 00A00793;
29f1 : 00B40433;
29f2 : 4C849F23;
29f3 : FAFB10E3;
29f4 : 00000593;
29f5 : 00000513;
29f6 : AE4F70EF;
29f7 : 05C12083;
29f8 : 05812403;
29f9 : 05412483;
29fa : 05012903;
29fb : 04C12983;
29fc : 04812A03;
29fd : 04412A83;
29fe : 04012B03;
29ff : 03C12B83;
2a00 : 03812C03;
2a01 : 03412C83;
2a02 : 06010113;
2a03 : 00008067;
2a04 : 00200513;
2a05 : 00700593;
2a06 : AA4F70EF;
2a07 : 4DE4D503;
2a08 : 00300713;
2a09 : 00A987B3;
2a0a : F79FF06F;
2a0b : 00200593;
2a0c : 00300513;
2a0d : A88F70EF;
2a0e : 4DE4D783;
2a0f : 02800713;
2a10 : 00200413;
2a11 : 00F987B3;
2a12 : 4E078823;
2a13 : 4EE788A3;
2a14 : F69FF06F;
2a15 : 0001CCB7;
2a16 : 32CC8513;
2a17 : 1B1040EF;
2a18 : 00150413;
2a19 : 00040593;
2a1a : 00400513;
2a1b : A50F70EF;
2a1c : 4DE4D703;
2a1d : 32CC8793;
2a1e : 00E90733;
2a1f : 0007C683;
2a20 : 00178793;
2a21 : 00170713;
2a22 : FED70FA3;
2a23 : FE0698E3;
2a24 : F29FF06F;
2a25 : 00C10513;
2a26 : 94DFF0EF;
2a27 : 0001B5B7;
2a28 : 00400613;
2a29 : D6458593;
2a2a : 00C10513;
2a2b : 758050EF;
2a2c : 04050863;
2a2d : 00C10593;
2a2e : 01010513;
2a2f : 3DC040EF;
2a30 : 01010513;
2a31 : 149040EF;
2a32 : 4DE4D783;
2a33 : 00050413;
2a34 : 01010713;
2a35 : 00278793;
2a36 : 00F907B3;
2a37 : 00074683;
2a38 : 00170713;
2a39 : 00178793;
2a3a : FED78FA3;
2a3b : FE0698E3;
2a3c : 00040593;
2a3d : 00500513;
2a3e : 9C4F70EF;
2a3f : EBDFF06F;
2a40 : 00600613;
2a41 : 000A0593;
2a42 : 01010513;
2a43 : 5900A0EF;
2a44 : 4DE4D503;
2a45 : 01100613;
2a46 : 01010593;
2a47 : 00250513;
2a48 : 00A90533;
2a49 : 021040EF;
2a4a : 01100413;
2a4b : FC5FF06F;
2a4c : 4DE4D403;
2a4d : 00400613;
2a4e : 000C0593;
2a4f : 00240413;
2a50 : 00890433;
2a51 : 00040513;
2a52 : 7FC040EF;
2a53 : 00400593;
2a54 : 000C0513;
2a55 : 4E1060EF;
2a56 : 00A40433;
2a57 : 0001F7B7;
2a58 : 00040713;
2a59 : 8A478793;
2a5a : 0007C683;
2a5b : 00178793;
2a5c : 00170713;
2a5d : FED70FA3;
2a5e : FE0698E3;
2a5f : 0001BCB7;
2a60 : 00240413;
2a61 : D6CC8C93;
2a62 : 02000613;
2a63 : 000C8593;
2a64 : 00040513;
2a65 : 7B0040EF;
2a66 : 02000593;
2a67 : 000C8513;
2a68 : 495060EF;
2a69 : 4DE4D583;
2a6a : 00A40433;
2a6b : 00600513;
2a6c : 00258593;
2a6d : 00B905B3;
2a6e : 40B40433;
2a6f : 0FF47413;
2a70 : 00040593;
2a71 : F35FF06F;
2a72 : 00C10513;
2a73 : 819FF0EF;
2a74 : 0001B5B7;
2a75 : 00400613;
2a76 : D6458593;
2a77 : 00C10513;
2a78 : 624050EF;
2a79 : 00051663;
2a7a : 00000413;
2a7b : DCDFF06F;
2a7c : 00C00593;
2a7d : 00800513;
2a7e : 8C4F70EF;
2a7f : 4DE4D783;
2a80 : 00500713;
2a81 : 00200693;
2a82 : 00F987B3;
2a83 : 4EE78823;
2a84 : 00C10513;
2a85 : 00100713;
2a86 : 4EE788A3;
2a87 : 4ED78B23;
2a88 : 4EE78D23;
2a89 : FC0FF0EF;
2a8a : 00C10593;
2a8b : 01010513;
2a8c : 268040EF;
2a8d : 4DE4D503;
2a8e : 00400613;
2a8f : 00C10593;
2a90 : 00250513;
2a91 : 00A90533;
2a92 : 451050EF;
2a93 : 00C00413;
2a94 : D69FF06F;
2a95 : 07EAD783;
2a96 : F80788E3;
2a97 : 00600593;
2a98 : 07F00513;
2a99 : 858F70EF;
2a9a : 4DE4D783;
2a9b : F8000713;
2a9c : 00600413;
2a9d : 00F987B3;
2a9e : 4EE788A3;
2a9f : FC200713;
2aa0 : 4EE78923;
2aa1 : 00100713;
2aa2 : 4EE789A3;
2aa3 : 07EAD703;
2aa4 : 4E078823;
2aa5 : 00875693;
2aa6 : 4ED78A23;
2aa7 : 4EE78AA3;
2aa8 : D19FF06F;
2aa9 : FD010113;
2aaa : 01200613;
2aab : 00000593;
2aac : 00C10513;
2aad : 02112623;
2aae : 02812423;
2aaf : 105040EF;
2ab0 : FFFFD7B7;
2ab1 : 00020437;
2ab2 : 7F040413;
2ab3 : C8878793;
2ab4 : 00000713;
2ab5 : 00100693;
2ab6 : 00F11C23;
2ab7 : 00C10613;
2ab8 : A7C40793;
2ab9 : 00000593;
2aba : 3D840513;
2abb : 985FF0EF;
2abc : 0001F7B7;
2abd : 3FC40413;
2abe : 4EA7A023;
2abf : 01200613;
2ac0 : 00000593;
2ac1 : 00040513;
2ac2 : 0B9040EF;
2ac3 : 0001B5B7;
2ac4 : 00600613;
2ac5 : DCC58593;
2ac6 : 00040513;
2ac7 : 37D050EF;
2ac8 : BC5FF0EF;
2ac9 : 02C12083;
2aca : 02812403;
2acb : 03010113;
2acc : 00008067;
2acd : F9010113;
2ace : 05612823;
2acf : 00050B13;
2ad0 : 02C10513;
2ad1 : 06112623;
2ad2 : 06812423;
2ad3 : 06912223;
2ad4 : 00068413;
2ad5 : 00070493;
2ad6 : 05412C23;
2ad7 : 05712623;
2ad8 : 07212023;
2ad9 : 00060B93;
2ada : 05312E23;
2adb : 05512A23;
2adc : B6DFF0EF;
2add : 014B2783;
2ade : 03210513;
2adf : 00000A13;
2ae0 : 0007A583;
2ae1 : B59FF0EF;
2ae2 : 0001F7B7;
2ae3 : 3767D703;
2ae4 : 00CB5683;
2ae5 : 18070863;
2ae6 : 08100793;
2ae7 : 02F11C23;
2ae8 : 018B5783;
2ae9 : 02D11E23;
2aea : 00D79793;
2aeb : 00E7E7B3;
2aec : 00879713;
2aed : 01079793;
2aee : 0107D793;
2aef : 0087D793;
2af0 : 00F767B3;
2af1 : 02F11D23;
2af2 : 0001F7B7;
2af3 : 4A87C783;
2af4 : 00000513;
2af5 : 20078463;
2af6 : 03815683;
2af7 : 08100713;
2af8 : 01200793;
2af9 : 00E68463;
2afa : 00E00793;
2afb : 00878733;
2afc : 03B00693;
2afd : 4017D813;
2afe : 00E6E663;
2aff : 03C00413;
2b00 : 40F40433;
2b01 : 014B2783;
2b02 : 00145513;
2b03 : 02C10713;
2b04 : 0047AB03;
2b05 : 000207B7;
2b06 : 000B2583;
2b07 : 00F5A223;
2b08 : 00000793;
2b09 : 00075683;
2b0a : 00075603;
2b0b : 00178793;
2b0c : 00869693;
2b0d : 00865613;
2b0e : 00C6E6B3;
2b0f : 01069693;
2b10 : 0106D693;
2b11 : 00D5A223;
2b12 : 00270713;
2b13 : FCF81CE3;
2b14 : 00000793;
2b15 : 0CA79C63;
2b16 : 00147713;
2b17 : 02070A63;
2b18 : 00179793;
2b19 : 00FB8BB3;
2b1a : 000BD783;
2b1b : 000BD703;
2b1c : 00879793;
2b1d : 00875713;
2b1e : 00E7E7B3;
2b1f : 01079793;
2b20 : 0107D793;
2b21 : 00030737;
2b22 : 00E7E7B3;
2b23 : 00F5A223;
2b24 : 000117B7;
2b25 : 00F5A223;
2b26 : 000107B7;
2b27 : 00F5A223;
2b28 : 0005A783;
2b29 : 3E800913;
2b2a : 0017E793;
2b2b : 00F5A023;
2b2c : 000B2783;
2b2d : 0007A583;
2b2e : 0025F793;
2b2f : 00B12623;
2b30 : 02079263;
2b31 : 00100513;
2b32 : EC4FD0EF;
2b33 : FFF90913;
2b34 : 00C12583;
2b35 : FC091EE3;
2b36 : 0001C537;
2b37 : 37050513;
2b38 : FA0FD0EF;
2b39 : 000019B7;
2b3a : 06400913;
2b3b : 80098993;
2b3c : 000B2703;
2b3d : 00072783;
2b3e : 0137F7B3;
2b3f : 06079063;
2b40 : 00100513;
2b41 : FFF90913;
2b42 : E84FD0EF;
2b43 : FE0912E3;
2b44 : 0001C537;
2b45 : 34050513;
2b46 : F68FD0EF;
2b47 : 00000A13;
2b48 : 0440006F;
2b49 : 02D11C23;
2b4a : EA1FF06F;
2b4b : 00179693;
2b4c : 00DB86B3;
2b4d : 0006D703;
2b4e : 0006D683;
2b4f : 00178793;
2b50 : 00871713;
2b51 : 0086D693;
2b52 : 00D76733;
2b53 : 01071713;
2b54 : 01075713;
2b55 : 00E5A223;
2b56 : EFDFF06F;
2b57 : 01472A03;
2b58 : 001A7A13;
2b59 : 000B2783;
2b5a : 01C10593;
2b5b : 02010513;
2b5c : 0187AA83;
2b5d : 0147A783;
2b5e : C84FA0EF;
2b5f : 004A9A93;
2b60 : 059687B7;
2b61 : 004ADA93;
2b62 : 2F078793;
2b63 : 0357F863;
2b64 : 01C12703;
2b65 : 0EE6B7B7;
2b66 : 27F78793;
2b67 : 02E7E063;
2b68 : 02012783;
2b69 : 02412703;
2b6a : FFF78693;
2b6b : 0017B793;
2b6c : 40F707B3;
2b6d : 02D12023;
2b6e : 02F12223;
2b6f : 004B2783;
2b70 : 02012903;
2b71 : 02412983;
2b72 : 00178793;
2b73 : 0FFA7A13;
2b74 : 003A9A93;
2b75 : 00FB2223;
2b76 : 00040513;
2b77 : 00048C63;
2b78 : 0124A023;
2b79 : 0134A223;
2b7a : 0154A423;
2b7b : 0004A623;
2b7c : 0144AE23;
2b7d : 06C12083;
2b7e : 06812403;
2b7f : 06412483;
2b80 : 06012903;
2b81 : 05C12983;
2b82 : 05812A03;
2b83 : 05412A83;
2b84 : 05012B03;
2b85 : 04C12B83;
2b86 : 07010113;
2b87 : 00008067;
2b88 : 0001F7B7;
2b89 : 4DC7C703;
2b8a : 00400793;
2b8b : 02F71863;
2b8c : 00000513;
2b8d : 00008067;
2b8e : 00000513;
2b8f : 02C12083;
2b90 : 02812403;
2b91 : 02412483;
2b92 : 02012903;
2b93 : 01C12983;
2b94 : 01812A03;
2b95 : 03010113;
2b96 : 00008067;
2b97 : 000015B7;
2b98 : 0001F537;
2b99 : FD010113;
2b9a : 38858593;
2b9b : 4F450513;
2b9c : 02112623;
2b9d : 02812423;
2b9e : 02912223;
2b9f : 03212023;
2ba0 : 01312E23;
2ba1 : 01412C23;
2ba2 : 305030EF;
2ba3 : FA0516E3;
2ba4 : 00C10513;
2ba5 : B50FF0EF;
2ba6 : 000209B7;
2ba7 : 0001F437;
2ba8 : 7F098513;
2ba9 : 4EC40593;
2baa : 00600613;
2bab : 8D850513;
2bac : 00040493;
2bad : 150050EF;
2bae : 0001F437;
2baf : 7F098993;
2bb0 : 00020A37;
2bb1 : 2F840413;
2bb2 : 0001F937;
2bb3 : 02051863;
2bb4 : 07E45703;
2bb5 : 4E895783;
2bb6 : 02F71263;
2bb7 : 08442783;
2bb8 : 04078463;
2bb9 : 0001F5B7;
2bba : 00400613;
2bbb : 4E458593;
2bbc : 00C10513;
2bbd : 110050EF;
2bbe : 02050863;
2bbf : FE8FF0EF;
2bc0 : 0C8A0593;
2bc1 : 4EC48513;
2bc2 : FD4FF0EF;
2bc3 : 0001F537;
2bc4 : 00400613;
2bc5 : 00C10593;
2bc6 : 4E450513;
2bc7 : 77C050EF;
2bc8 : 07E45783;
2bc9 : 4EF91423;
2bca : 0001F7B7;
2bcb : 4DE7D683;
2bcc : 0001F7B7;
2bcd : 4E07A503;
2bce : 00020637;
2bcf : 00000713;
2bd0 : CE060613;
2bd1 : 3FC98593;
2bd2 : BEDFF0EF;
2bd3 : 00100513;
2bd4 : EEDFF06F;
2bd5 : EE010113;
2bd6 : 10912A23;
2bd7 : 0001F4B7;
2bd8 : 4D84A503;
2bd9 : 00000713;
2bda : 0C800693;
2bdb : 01810613;
2bdc : 00410593;
2bdd : 10112E23;
2bde : 10812C23;
2bdf : 11212823;
2be0 : 11312623;
2be1 : 11412423;
2be2 : 11512223;
2be3 : 11612023;
2be4 : 0F712E23;
2be5 : 0F812C23;
2be6 : 0F912A23;
2be7 : 0FA12823;
2be8 : 0FB12623;
2be9 : A50FF0EF;
2bea : 03800793;
2beb : 04A7E263;
2bec : 00000513;
2bed : 11C12083;
2bee : 11812403;
2bef : 11412483;
2bf0 : 11012903;
2bf1 : 10C12983;
2bf2 : 10812A03;
2bf3 : 10412A83;
2bf4 : 10012B03;
2bf5 : 0FC12B83;
2bf6 : 0F812C03;
2bf7 : 0F412C83;
2bf8 : 0F012D03;
2bf9 : 0EC12D83;
2bfa : 12010113;
2bfb : 00008067;
2bfc : 0001F5B7;
2bfd : 00400613;
2bfe : 38058593;
2bff : 02810513;
2c00 : 004050EF;
2c01 : FA0516E3;
2c02 : 0001F737;
2c03 : 0001B937;
2c04 : 4D474603;
2c05 : 9C090913;
2c06 : 0001B8B7;
2c07 : 00000813;
2c08 : 00000593;
2c09 : 00000B13;
2c0a : 04090E13;
2c0b : 00600E93;
2c0c : 9A488893;
2c0d : 0A000F13;
2c0e : 0A100F93;
2c0f : 0A300293;
2c10 : 00100393;
2c11 : 01C00313;
2c12 : 010E07B3;
2c13 : 0007C683;
2c14 : 00768793;
2c15 : 0FF7F793;
2c16 : 10FEE063;
2c17 : 00279793;
2c18 : 011787B3;
2c19 : 0007A783;
2c1a : 00078067;
2c1b : 000A8513;
2c1c : FD9FF06F;
2c1d : 0E010793;
2c1e : 00A787B3;
2c1f : F547C783;
2c20 : 00F50533;
2c21 : 00180813;
2c22 : 00150A93;
2c23 : FE6810E3;
2c24 : 00058463;
2c25 : 4CC70A23;
2c26 : 03410D13;
2c27 : 00250513;
2c28 : 015D0AB3;
2c29 : 00AD0433;
2c2a : 41490913;
2c2b : 003B7C93;
2c2c : 004B7C13;
2c2d : 00C94983;
2c2e : 16098863;
2c2f : 000ACA03;
2c30 : 0FFA7B93;
2c31 : 0149F463;
2c32 : 0FF9FB93;
2c33 : 0C0C8063;
2c34 : 0B3A7E63;
2c35 : 01090913;
2c36 : FDDFF06F;
2c37 : 0E010793;
2c38 : 00A787B3;
2c39 : F547C603;
2c3a : 08C3F263;
2c3b : 4CC70A23;
2c3c : 0240006F;
2c3d : 0E010793;
2c3e : 00A787B3;
2c3f : F547C783;
2c40 : 07E78A63;
2c41 : 07F78C63;
2c42 : 06578E63;
2c43 : F60B1CE3;
2c44 : FC059EE3;
2c45 : 00500593;
2c46 : 03410513;
2c47 : A41F60EF;
2c48 : 00050413;
2c49 : 01C40413;
2c4a : 00000613;
2c4b : 00040593;
2c4c : 01810513;
2c4d : C25F60EF;
2c4e : 4D84A503;
2c4f : 00000713;
2c50 : 00040693;
2c51 : 01810613;
2c52 : 00410593;
2c53 : 9E9FF0EF;
2c54 : 00100513;
2c55 : E61FF06F;
2c56 : 0E010793;
2c57 : 00A787B3;
2c58 : F547C783;
2c59 : F2D780E3;
2c5a : FA9FF06F;
2c5b : 00100593;
2c5c : F15FF06F;
2c5d : 00200B13;
2c5e : F0DFF06F;
2c5f : 00400B13;
2c60 : F05FF06F;
2c61 : 00100B13;
2c62 : EFDFF06F;
2c63 : 00092D83;
2c64 : 000B8613;
2c65 : 00040593;
2c66 : 000D8513;
2c67 : 669040EF;
2c68 : 01851513;
2c69 : 41855513;
2c6a : 000C0E63;
2c6b : 00A04663;
2c6c : 0B49E663;
2c6d : F20510E3;
2c6e : 00098B93;
2c6f : 00C00A13;
2c70 : 0140006F;
2c71 : 0B3A6063;
2c72 : 000B0A13;
2c73 : 0940006F;
2c74 : 000C0A63;
2c75 : 00098613;
2c76 : 000D8593;
2c77 : 00040513;
2c78 : 4B8050EF;
2c79 : 00492783;
2c7a : 00892603;
2c7b : 000A0693;
2c7c : 000B8593;
2c7d : 000A8513;
2c7e : 000780E7;
2c7f : 02A05C63;
2c80 : 008A7A13;
2c81 : 014C6A33;
2c82 : 00C94783;
2c83 : 000A0863;
2c84 : 000AC703;
2c85 : 00E78733;
2c86 : 00EA8023;
2c87 : 00A78533;
2c88 : 00A40533;
2c89 : 02079063;
2c8a : 00200593;
2c8b : 000D0513;
2c8c : EEDFF06F;
2c8d : EA0500E3;
2c8e : 40A00533;
2c8f : 0FF57593;
2c90 : FEDFF06F;
2c91 : 41A50433;
2c92 : 00040593;
2c93 : 000D0513;
2c94 : 899F60EF;
2c95 : D4044EE3;
2c96 : ECDFF06F;
2c97 : 00400A13;
2c98 : F60508E3;
2c99 : FCA042E3;
2c9a : E6DFF06F;
2c9b : 0001F7B7;
2c9c : 37C7A783;
2c9d : F4010113;
2c9e : 0A812C23;
2c9f : 0A112E23;
2ca0 : 0A912A23;
2ca1 : 00000413;
2ca2 : 02078863;
2ca3 : 0001F4B7;
2ca4 : 4C04A503;
2ca5 : 00000713;
2ca6 : 08000693;
2ca7 : 03010613;
2ca8 : 01C10593;
2ca9 : F51FE0EF;
2caa : 00A05863;
2cab : 01B00793;
2cac : 02A7C063;
2cad : 00100413;
2cae : 0BC12083;
2caf : 00040513;
2cb0 : 0B812403;
2cb1 : 0B412483;
2cb2 : 0C010113;
2cb3 : 00008067;
2cb4 : 01010513;
2cb5 : F11FE0EF;
2cb6 : 03614783;
2cb7 : FC079CE3;
2cb8 : 03714703;
2cb9 : 00100793;
2cba : FCF716E3;
2cbb : 00400613;
2cbc : 01010593;
2cbd : 04810513;
2cbe : 50D040EF;
2cbf : FA051CE3;
2cc0 : 03810593;
2cc1 : 00600613;
2cc2 : 01410513;
2cc3 : 38C050EF;
2cc4 : 00400613;
2cc5 : 03E10593;
2cc6 : 00C10513;
2cc7 : 37C050EF;
2cc8 : 000807B7;
2cc9 : 10078793;
2cca : 02F12823;
2ccb : 000205B7;
2ccc : 020007B7;
2ccd : 40678793;
2cce : 03810513;
2ccf : 0C858593;
2cd0 : 02F12A23;
2cd1 : B98FF0EF;
2cd2 : 01010593;
2cd3 : 00400613;
2cd4 : 03E10513;
2cd5 : 344050EF;
2cd6 : 01410593;
2cd7 : 00600613;
2cd8 : 04210513;
2cd9 : 334050EF;
2cda : 00C10593;
2cdb : 00400613;
2cdc : 04810513;
2cdd : 324050EF;
2cde : 4C04A503;
2cdf : 00000713;
2ce0 : 01C00693;
2ce1 : 03010613;
2ce2 : 01C10593;
2ce3 : FA8FF0EF;
2ce4 : F25FF06F;
2ce5 : E4010113;
2ce6 : 1A912A23;
2ce7 : 0001F4B7;
2ce8 : 4B04A503;
2ce9 : 1A812C23;
2cea : 00000713;
2ceb : 19000693;
2cec : 02010613;
2ced : 00C10593;
2cee : 0001F437;
2cef : 1B212823;
2cf0 : 1A112E23;
2cf1 : 2F840413;
2cf2 : E2DFE0EF;
2cf3 : 08442783;
2cf4 : 00000913;
2cf5 : 20079663;
2cf6 : 0001F7B7;
2cf7 : 4DC7C703;
2cf8 : 00400793;
2cf9 : 1EF70E63;
2cfa : 14800793;
2cfb : 06F51463;
2cfc : 03414783;
2cfd : 06079063;
2cfe : 03514703;
2cff : 04300793;
2d00 : 04F71A63;
2d01 : 000205B7;
2d02 : 00600613;
2d03 : 0C858593;
2d04 : 05810513;
2d05 : 3F1040EF;
2d06 : 02051E63;
2d07 : 00100793;
2d08 : 04C10513;
2d09 : 08F42223;
2d0a : D51FE0EF;
2d0b : 00010513;
2d0c : DB5FE0EF;
2d0d : 00314703;
2d0e : 00214683;
2d0f : 00114603;
2d10 : 00014583;
2d11 : 0001C537;
2d12 : 3A050513;
2d13 : 834FD0EF;
2d14 : 00100913;
2d15 : 0001F537;
2d16 : 3E800593;
2d17 : 4AC50513;
2d18 : 52C030EF;
2d19 : 16051E63;
2d1a : 0001F7B7;
2d1b : 4BC7D403;
2d1c : 00020937;
2d1d : 0C890913;
2d1e : 00140413;
2d1f : 01041413;
2d20 : 01045413;
2d21 : 4A879E23;
2d22 : 000607B7;
2d23 : 10178793;
2d24 : 00090593;
2d25 : 04010513;
2d26 : 02F12E23;
2d27 : A40FF0EF;
2d28 : 04415703;
2d29 : 04015783;
2d2a : 00200613;
2d2b : 00000593;
2d2c : 00E7C7B3;
2d2d : 04214703;
2d2e : 04F11023;
2d2f : 40845793;
2d30 : 00E7C7B3;
2d31 : 04F10123;
2d32 : 04314783;
2d33 : 04610513;
2d34 : 00F447B3;
2d35 : 04F101A3;
2d36 : 00841793;
2d37 : 00845413;
2d38 : 0087E433;
2d39 : 04811223;
2d3a : 6D9030EF;
2d3b : 00400613;
2d3c : 00000593;
2d3d : 04810513;
2d3e : 6C9030EF;
2d3f : 00400613;
2d40 : 00000593;
2d41 : 04C10513;
2d42 : 6B9030EF;
2d43 : 00400613;
2d44 : 00000593;
2d45 : 05010513;
2d46 : 6A9030EF;
2d47 : 00400613;
2d48 : 00000593;
2d49 : 05410513;
2d4a : 699030EF;
2d4b : 01000613;
2d4c : 00000593;
2d4d : 05810513;
2d4e : 689030EF;
2d4f : 00090593;
2d50 : 05810513;
2d51 : 998FF0EF;
2d52 : 04000613;
2d53 : 00000593;
2d54 : 06810513;
2d55 : 66D030EF;
2d56 : 08000613;
2d57 : 00000593;
2d58 : 0A810513;
2d59 : 65D030EF;
2d5a : 04000613;
2d5b : 00000593;
2d5c : 12810513;
2d5d : 64D030EF;
2d5e : 00400613;
2d5f : 00000593;
2d60 : 00010513;
2d61 : 63D030EF;
2d62 : 00400613;
2d63 : 0FF00593;
2d64 : 00410513;
2d65 : 62D030EF;
2d66 : 430047B7;
2d67 : 40078793;
2d68 : 00010613;
2d69 : 14800593;
2d6a : 02010513;
2d6b : 00F12423;
2d6c : FA8F60EF;
2d6d : 00600613;
2d6e : 0FF00593;
2d6f : 00C10513;
2d70 : 601030EF;
2d71 : 4B04A503;
2d72 : 00000713;
2d73 : 14800693;
2d74 : 02010613;
2d75 : 00C10593;
2d76 : D5CFF0EF;
2d77 : 00100913;
2d78 : 1BC12083;
2d79 : 1B812403;
2d7a : 1B412483;
2d7b : 00090513;
2d7c : 1B012903;
2d7d : 1C010113;
2d7e : 00008067;
2d7f : F2010113;
2d80 : 0C912A23;
2d81 : 0001F4B7;
2d82 : 2F848793;
2d83 : 0C112E23;
2d84 : 0C812C23;
2d85 : 0D212823;
2d86 : 0D312623;
2d87 : 0807C783;
2d88 : 00100713;
2d89 : 2F848493;
2d8a : 00E79863;
2d8b : 0844A703;
2d8c : 00F71463;
2d8d : 0804A223;
2d8e : D5DFF0EF;
2d8f : 0001F9B7;
2d90 : 00050913;
2d91 : 4B49A503;
2d92 : 00000713;
2d93 : 08000693;
2d94 : 04010613;
2d95 : 02C10593;
2d96 : B9DFE0EF;
2d97 : 00000413;
2d98 : 02A05C63;
2d99 : 0844A783;
2d9a : 02078863;
2d9b : 00400613;
2d9c : 08848593;
2d9d : 05010513;
2d9e : 18D040EF;
2d9f : 00051E63;
2da0 : 02010513;
2da1 : B61FE0EF;
2da2 : 04014703;
2da3 : 04500793;
2da4 : 0CF70463;
2da5 : 00100413;
2da6 : 0001F9B7;
2da7 : 4B89A503;
2da8 : 00000713;
2da9 : 02000693;
2daa : 04010613;
2dab : 02C10593;
2dac : B45FE0EF;
2dad : 00890933;
2dae : 00000413;
2daf : 06A05C63;
2db0 : 00400613;
2db1 : 08848593;
2db2 : 05010513;
2db3 : 139040EF;
2db4 : 06051263;
2db5 : 00000593;
2db6 : 02010513;
2db7 : B21F90EF;
2db8 : 02012503;
2db9 : 83AA87B7;
2dba : E8078793;
2dbb : 00F50533;
2dbc : 2300E0EF;
2dbd : 00A12E23;
2dbe : 00400613;
2dbf : 01C10593;
2dc0 : 05C10513;
2dc1 : 795040EF;
2dc2 : 00000613;
2dc3 : 02000593;
2dc4 : 04010513;
2dc5 : E44F60EF;
2dc6 : 4B89A503;
2dc7 : 00000713;
2dc8 : 02000693;
2dc9 : 04010613;
2dca : 02C10593;
2dcb : C08FF0EF;
2dcc : 00100413;
2dcd : 00890933;
2dce : 0DC12083;
2dcf : 0D812403;
2dd0 : 0D412483;
2dd1 : 0CC12983;
2dd2 : 01203533;
2dd3 : 0D012903;
2dd4 : 0E010113;
2dd5 : 00008067;
2dd6 : 00400613;
2dd7 : 02010593;
2dd8 : 05010513;
2dd9 : 0A1040EF;
2dda : F20516E3;
2ddb : 04914703;
2ddc : 00100793;
2ddd : F2F710E3;
2dde : 05414703;
2ddf : 00800793;
2de0 : F0F71AE3;
2de1 : 04215783;
2de2 : 00879413;
2de3 : 01079793;
2de4 : 0107D793;
2de5 : 0087D793;
2de6 : 00F46433;
2de7 : 01041413;
2de8 : 01045413;
2de9 : FE840413;
2dea : 04000793;
2deb : 0087D463;
2dec : 04000413;
2ded : 00400613;
2dee : 04C10593;
2def : 01C10513;
2df0 : 6D9040EF;
2df1 : 04500793;
2df2 : 01840693;
2df3 : 04F11023;
2df4 : 00400613;
2df5 : 13F00793;
2df6 : 02010593;
2df7 : 04C10513;
2df8 : 04D101A3;
2df9 : 00D12623;
2dfa : 04F12423;
2dfb : 04010123;
2dfc : 04012223;
2dfd : 6A5040EF;
2dfe : 00400613;
2dff : 01C10593;
2e00 : 05010513;
2e01 : 695040EF;
2e02 : 00540413;
2e03 : 00200593;
2e04 : 02B445B3;
2e05 : 05410513;
2e06 : 04012A23;
2e07 : 00100413;
2e08 : CD4F60EF;
2e09 : 00851793;
2e0a : 01051513;
2e0b : 01055513;
2e0c : 00855513;
2e0d : 00A7E533;
2e0e : 04A11B23;
2e0f : 00A00593;
2e10 : 04010513;
2e11 : CB0F60EF;
2e12 : 01051793;
2e13 : 0107D793;
2e14 : 00851713;
2e15 : 0087D793;
2e16 : 00C12683;
2e17 : 00F767B3;
2e18 : 04F11523;
2e19 : E2068AE3;
2e1a : 4B49A503;
2e1b : 00000713;
2e1c : 04010613;
2e1d : 02C10593;
2e1e : ABCFF0EF;
2e1f : E1DFF06F;
2e20 : F6010113;
2e21 : 08812C23;
2e22 : 09412423;
2e23 : 0001F437;
2e24 : 0001BA37;
2e25 : 08112E23;
2e26 : 08912A23;
2e27 : 09212823;
2e28 : 09312623;
2e29 : 09512223;
2e2a : 09612023;
2e2b : 07712E23;
2e2c : 07812C23;
2e2d : 07912A23;
2e2e : 07A12823;
2e2f : 07B12623;
2e30 : 7F040413;
2e31 : 9C0A0A13;
2e32 : 20B05C63;
2e33 : 6A842783;
2e34 : 3E800693;
2e35 : 00054703;
2e36 : 01079893;
2e37 : 0108D893;
2e38 : 02D888B3;
2e39 : 00F77713;
2e3a : 6AC42803;
2e3b : 00271693;
2e3c : 00DA06B3;
2e3d : 4C46A683;
2e3e : 0107D793;
2e3f : 01081813;
2e40 : 00F86833;
2e41 : 6A042783;
2e42 : 00D12223;
2e43 : 59040993;
2e44 : 0001C6B7;
2e45 : 00E12023;
2e46 : 00050913;
2e47 : 00058713;
2e48 : 00058493;
2e49 : 0108D893;
2e4a : 3C868693;
2e4b : 00100613;
2e4c : 00500593;
2e4d : 00098513;
2e4e : 16C0D0EF;
2e4f : 02100793;
2e50 : 1A97D063;
2e51 : 00094783;
2e52 : 00D00713;
2e53 : 00F7F793;
2e54 : 18F76863;
2e55 : 00FA07B3;
2e56 : 4FC7C783;
2e57 : 18F4C263;
2e58 : 00194783;
2e59 : 00200713;
2e5a : 00F7F793;
2e5b : 16E79A63;
2e5c : 00094783;
2e5d : 000014B7;
2e5e : 009404B3;
2e5f : 0047D793;
2e60 : 80F48023;
2e61 : 00094783;
2e62 : 00200613;
2e63 : 00690593;
2e64 : 00F7F793;
2e65 : 80F480A3;
2e66 : 00194783;
2e67 : 27798513;
2e68 : 00F7F793;
2e69 : 80F48123;
2e6a : 00295783;
2e6b : 00295703;
2e6c : 00879793;
2e6d : 00875713;
2e6e : 00E7E7B3;
2e6f : 80F49223;
2e70 : 00494783;
2e71 : 80F48323;
2e72 : 4D1040EF;
2e73 : 00000793;
2e74 : 00000813;
2e75 : 80F4A823;
2e76 : 8104AA23;
2e77 : 00892503;
2e78 : 00C92583;
2e79 : 7710D0EF;
2e7a : 80A4AC23;
2e7b : 80B4AE23;
2e7c : 00800613;
2e7d : 01490593;
2e7e : 29098513;
2e7f : 49D040EF;
2e80 : 01C95783;
2e81 : 01C95703;
2e82 : 8044DA83;
2e83 : 00879793;
2e84 : 00875713;
2e85 : 00E7E7B3;
2e86 : 82F49423;
2e87 : 01E95783;
2e88 : 01E95703;
2e89 : 00879793;
2e8a : 00875713;
2e8b : 00E7E7B3;
2e8c : 82F49523;
2e8d : 02190783;
2e8e : 82F48623;
2e8f : 59042703;
2e90 : 5A042683;
2e91 : 330A0793;
2e92 : 00371D93;
2e93 : 01B787B3;
2e94 : 0AF69663;
2e95 : 58042E23;
2e96 : 59C42783;
2e97 : 58E42A23;
2e98 : 58042C23;
2e99 : 02078063;
2e9a : 01BA07B3;
2e9b : 3307A603;
2e9c : 0001C5B7;
2e9d : 000A8693;
2e9e : 3F858593;
2e9f : 59040513;
2ea0 : A3DFC0EF;
2ea1 : 14090863;
2ea2 : 5C442783;
2ea3 : 000014B7;
2ea4 : 009404B3;
2ea5 : 0087AB83;
2ea6 : 8064C703;
2ea7 : 00020B37;
2ea8 : 010BC783;
2ea9 : D80B0993;
2eaa : 06E78263;
2eab : 0001F6B7;
2eac : 7586A783;
2ead : 00100613;
2eae : 00500593;
2eaf : 00178793;
2eb0 : 74F6AC23;
2eb1 : 0001C6B7;
2eb2 : 41468693;
2eb3 : D80B0513;
2eb4 : 7D50C0EF;
2eb5 : 00000A93;
2eb6 : 00000913;
2eb7 : 0F80006F;
2eb8 : 0001F737;
2eb9 : 75C72783;
2eba : 00000A93;
2ebb : 00000913;
2ebc : 00178793;
2ebd : 74F72E23;
2ebe : F45FF06F;
2ebf : 00100693;
2ec0 : 58D42E23;
2ec1 : 5AF42023;
2ec2 : F51FF06F;
2ec3 : 8074C783;
2ec4 : 0017F793;
2ec5 : 02078863;
2ec6 : 0001F737;
2ec7 : 75472783;
2ec8 : 0001C6B7;
2ec9 : 43068693;
2eca : 00178793;
2ecb : 74F72A23;
2ecc : 00100613;
2ecd : 00500593;
2ece : D80B0513;
2ecf : 7690C0EF;
2ed0 : F95FF06F;
2ed1 : 70842583;
2ed2 : 29098993;
2ed3 : 00A00613;
2ed4 : 00098513;
2ed5 : 00B12C23;
2ed6 : 4AC040EF;
2ed7 : 01812583;
2ed8 : 02051063;
2ed9 : 0001F737;
2eda : 75072783;
2edb : 0001C6B7;
2edc : 44C68693;
2edd : 00178793;
2ede : 74F72823;
2edf : FB5FF06F;
2ee0 : 00800613;
2ee1 : 00098513;
2ee2 : 47C040EF;
2ee3 : 02051863;
2ee4 : 008BD703;
2ee5 : 00100793;
2ee6 : 02E7F263;
2ee7 : 8014C703;
2ee8 : 00B00793;
2ee9 : 00F70C63;
2eea : 0001F737;
2eeb : 74C72783;
2eec : 00178793;
2eed : 74F72623;
2eee : F1DFF06F;
2eef : 59042783;
2ef0 : 00100713;
2ef1 : FFD7F693;
2ef2 : F0E686E3;
2ef3 : 00200713;
2ef4 : F0E782E3;
2ef5 : 59042703;
2ef6 : 59442783;
2ef7 : 04F70263;
2ef8 : 9B5FC0EF;
2ef9 : 09C12083;
2efa : 09812403;
2efb : 09412483;
2efc : 09012903;
2efd : 08C12983;
2efe : 08812A03;
2eff : 08412A83;
2f00 : 08012B03;
2f01 : 07C12B83;
2f02 : 07812C03;
2f03 : 07412C83;
2f04 : 07012D03;
2f05 : 06C12D83;
2f06 : 0A010113;
2f07 : 00008067;
2f08 : 00020537;
2f09 : 000209B7;
2f0a : D8050493;
2f0b : 7F098993;
2f0c : 1A0A8063;
2f0d : 8CC9A703;
2f0e : 00100793;
2f0f : 04F71263;
2f10 : 5B042783;
2f11 : 0607A783;
2f12 : 16078E63;
2f13 : D8050513;
2f14 : 000780E7;
2f15 : 00050613;
2f16 : 00600593;
2f17 : 00048513;
2f18 : 7B00D0EF;
2f19 : 8CC9A783;
2f1a : 00078C63;
2f1b : 00200793;
2f1c : 00600593;
2f1d : 00048513;
2f1e : 8CF9A623;
2f1f : 4C0030EF;
2f20 : 01BA0B33;
2f21 : 334B2783;
2f22 : 000A8613;
2f23 : 00090593;
2f24 : 00048513;
2f25 : 000780E7;
2f26 : 00050613;
2f27 : 00050C63;
2f28 : 330B2683;
2f29 : 8389A583;
2f2a : 0001C537;
2f2b : 46450513;
2f2c : FD0FC0EF;
2f2d : 59042703;
2f2e : 59442783;
2f2f : F2F712E3;
2f30 : 8D09A703;
2f31 : 00100793;
2f32 : 04F71863;
2f33 : 8CC9A783;
2f34 : FFE78793;
2f35 : 04F76263;
2f36 : 00600593;
2f37 : 00048513;
2f38 : 5280D0EF;
2f39 : 02050A63;
2f3a : 001007B7;
2f3b : 41C7A703;
2f3c : 0001F7B7;
2f3d : 7487A783;
2f3e : 00079C63;
2f3f : 8D09A683;
2f40 : 8CC9A603;
2f41 : 59042583;
2f42 : 00100513;
2f43 : DF4F90EF;
2f44 : 00048513;
2f45 : 0F90D0EF;
2f46 : 8CB9C783;
2f47 : 48078263;
2f48 : 8309C783;
2f49 : 8C0985A3;
2f4a : 00100513;
2f4b : 44078863;
2f4c : 5C442D03;
2f4d : 008D2C03;
2f4e : 008C5783;
2f4f : 0AF57663;
2f50 : 6C045B83;
2f51 : 0A0B8263;
2f52 : 70842783;
2f53 : 6D840C93;
2f54 : 00000B13;
2f55 : 00F12C23;
2f56 : 00800613;
2f57 : 000C0593;
2f58 : 000C8513;
2f59 : 2A0040EF;
2f5a : 06051A63;
2f5b : 01812583;
2f5c : 000C8513;
2f5d : 2C4040EF;
2f5e : 06055263;
2f5f : 005B0B13;
2f60 : 000C8593;
2f61 : 02010513;
2f62 : 006B1B13;
2f63 : 711090EF;
2f64 : 01640B33;
2f65 : 5A0B5803;
2f66 : 0001C737;
2f67 : 0001C6B7;
2f68 : 00050793;
2f69 : 48070713;
2f6a : 4A468693;
2f6b : 00300613;
2f6c : 00300593;
2f6d : 00048513;
2f6e : 4ED0C0EF;
2f6f : 00700513;
2f70 : 3BC0006F;
2f71 : 00005637;
2f72 : E2060613;
2f73 : E8DFF06F;
2f74 : 00F00793;
2f75 : 80F980A3;
2f76 : EA9FF06F;
2f77 : 001B0B13;
2f78 : 040C8C93;
2f79 : F77B4AE3;
2f7a : 010D2783;
2f7b : 6C241C03;
2f7c : 00F12E23;
2f7d : FFF00793;
2f7e : 04FC0E63;
2f7f : 006C1B13;
2f80 : 138B0B13;
2f81 : 01648B33;
2f82 : 0001E6B7;
2f83 : 50CA0713;
2f84 : 00048513;
2f85 : 17068693;
2f86 : 00200613;
2f87 : 00300593;
2f88 : 4850C0EF;
2f89 : 59042503;
2f8a : 0001BBB7;
2f8b : 00100793;
2f8c : FFF50713;
2f8d : ECCB8B93;
2f8e : 34E7F263;
2f8f : FFF00793;
2f90 : 02FC1063;
2f91 : 00400793;
2f92 : 00F51C63;
2f93 : 00400513;
2f94 : 32C0006F;
2f95 : 00021B37;
2f96 : C00B0B13;
2f97 : FADFF06F;
2f98 : 70842583;
2f99 : 00100793;
2f9a : 00A00613;
2f9b : 02610513;
2f9c : 04F105A3;
2f9d : 025040EF;
2f9e : 70842583;
2f9f : 00A00613;
2fa0 : 03010513;
2fa1 : 02011023;
2fa2 : 011040EF;
2fa3 : 00200613;
2fa4 : 00000593;
2fa5 : 04910513;
2fa6 : 528030EF;
2fa7 : 5C442783;
2fa8 : 02011223;
2fa9 : 00400613;
2faa : 0087A583;
2fab : 03A10513;
2fac : 00E5C783;
2fad : 00A58593;
2fae : 04F10323;
2faf : 7DC040EF;
2fb0 : 5C442783;
2fb1 : 00800613;
2fb2 : 03E10513;
2fb3 : 0087A583;
2fb4 : 00F5C783;
2fb5 : 04F103A3;
2fb6 : 7C0040EF;
2fb7 : FA000793;
2fb8 : 00800613;
2fb9 : 00000593;
2fba : 05010513;
2fbb : 02011123;
2fbc : 04F10423;
2fbd : 4CC030EF;
2fbe : 018D2703;
2fbf : 0A074663;
2fc0 : 34800C93;
2fc1 : 039707B3;
2fc2 : 000D2C83;
2fc3 : 0001C6B7;
2fc4 : 00170713;
2fc5 : 4B468693;
2fc6 : 00200613;
2fc7 : 00300593;
2fc8 : 00048513;
2fc9 : 00FC8CB3;
2fca : 132C9C03;
2fcb : 130CD803;
2fcc : 000C0793;
2fcd : 3710C0EF;
2fce : 5C442783;
2fcf : 0087A783;
2fd0 : 00A78783;
2fd1 : 0C07DE63;
2fd2 : 006C1793;
2fd3 : 13878C13;
2fd4 : 018C8C33;
2fd5 : 000C0613;
2fd6 : 02010593;
2fd7 : 00048513;
2fd8 : 00F12C23;
2fd9 : 1900A0EF;
2fda : 10055E63;
2fdb : 0001C6B7;
2fdc : 000B8713;
2fdd : 50868693;
2fde : 00100613;
2fdf : 00300593;
2fe0 : 00048513;
2fe1 : 3210C0EF;
2fe2 : 5C442783;
2fe3 : 0087A783;
2fe4 : 00A7C703;
2fe5 : 0FF00793;
2fe6 : 28F71A63;
2fe7 : 59042703;
2fe8 : 00400793;
2fe9 : 0CC0006F;
2fea : 0001C6B7;
2feb : 4E868693;
2fec : 00200613;
2fed : 00300593;
2fee : 00048513;
2fef : 2E90C0EF;
2ff0 : 0001C6B7;
2ff1 : 000B8713;
2ff2 : 53468693;
2ff3 : 00100613;
2ff4 : 00300593;
2ff5 : 00048513;
2ff6 : 2CD0C0EF;
2ff7 : 5C442783;
2ff8 : 0087A783;
2ff9 : 00A7C703;
2ffa : 0FF00793;
2ffb : FAF708E3;
2ffc : 00048513;
2ffd : 119030EF;
2ffe : 59042503;
2fff : 00100793;
3000 : 00000613;
3001 : FFB50713;
3002 : 16E7FA63;
3003 : 00048513;
3004 : 00500593;
3005 : 2980D0EF;
3006 : 00500513;
3007 : 1600006F;
3008 : 000B0613;
3009 : 02010593;
300a : 00048513;
300b : 0C80A0EF;
300c : F80548E3;
300d : 12050463;
300e : 0001C6B7;
300f : 000B8713;
3010 : 4F868693;
3011 : 00100613;
3012 : 00300593;
3013 : 00048513;
3014 : 2550C0EF;
3015 : 5C442783;
3016 : 0FF00713;
3017 : 0087A783;
3018 : 00A7C683;
3019 : 59042783;
301a : 1AE69663;
301b : 00400713;
301c : DCE78EE3;
301d : 00300593;
301e : 00048513;
301f : 0C0030EF;
3020 : DCDFF06F;
3021 : 0C050C63;
3022 : 5C442783;
3023 : 0087A783;
3024 : 0087D703;
3025 : 00100793;
3026 : 00F70863;
3027 : 83C9A703;
3028 : 018D2783;
3029 : 06F71E63;
302a : 0001C6B7;
302b : 000B8713;
302c : 58468693;
302d : 00100613;
302e : 00300593;
302f : 00048513;
3030 : 1E50C0EF;
3031 : 5C442783;
3032 : 83C9A703;
3033 : 00000993;
3034 : 0187A783;
3035 : 02F71463;
3036 : 01812783;
3037 : 01C12503;
3038 : 14878593;
3039 : 00BC85B3;
303a : 751030EF;
303b : 00050993;
303c : 000C0593;
303d : 00048513;
303e : 13C040EF;
303f : 59042783;
3040 : 00100713;
3041 : FF878693;
3042 : 22D77263;
3043 : 00048513;
3044 : 00300593;
3045 : 028030EF;
3046 : 00800513;
3047 : 0600006F;
3048 : 000B0613;
3049 : 000C0593;
304a : 00048513;
304b : 5BD090EF;
304c : 18054C63;
304d : 000B0613;
304e : 000C0593;
304f : 00048513;
3050 : 365090EF;
3051 : 00055A63;
3052 : 0001C6B7;
3053 : 000B8713;
3054 : 52468693;
3055 : EF1FF06F;
3056 : 16051863;
3057 : 0001C6B7;
3058 : 00048513;
3059 : 000B8713;
305a : 51868693;
305b : 00100613;
305c : 00300593;
305d : 1310C0EF;
305e : 00200513;
305f : 5B042783;
3060 : 0407A783;
3061 : 00078863;
3062 : 59442583;
3063 : 00048513;
3064 : 000780E7;
3065 : 59042783;
3066 : 58A42A23;
3067 : A4A792E3;
3068 : 5B042783;
3069 : 0487A783;
306a : 02078663;
306b : 000A8613;
306c : 00090593;
306d : 00048513;
306e : 000780E7;
306f : 59042703;
3070 : 59442783;
3071 : A0F71EE3;
3072 : 59842783;
3073 : 00F55463;
3074 : 58A42C23;
3075 : 0001F737;
3076 : 76072703;
3077 : 5B442783;
3078 : 00E7E7B3;
3079 : 01C7D793;
307a : 00200713;
307b : 02F77063;
307c : 01BA0A33;
307d : 59842683;
307e : 330A2603;
307f : 0001C5B7;
3080 : 5C058593;
3081 : 00048513;
3082 : AB4FC0EF;
3083 : 59842503;
3084 : 9D5FF06F;
3085 : 00700713;
3086 : BAE782E3;
3087 : 00300593;
3088 : 00048513;
3089 : 719020EF;
308a : B95FF06F;
308b : 00048513;
308c : 6DC030EF;
308d : 5C442983;
308e : 0049A783;
308f : 0387AB83;
3090 : DB705CE3;
3091 : 0009AB03;
3092 : 00800593;
3093 : 000B0513;
3094 : 6800C0EF;
3095 : 00452703;
3096 : FFF00793;
3097 : 00F71E63;
3098 : 3E800613;
3099 : 02CB8633;
309a : 00800593;
309b : 000B0513;
309c : 1A00D0EF;
309d : D85FF06F;
309e : 00800593;
309f : 000B0513;
30a0 : 7890C0EF;
30a1 : D6050AE3;
30a2 : 0009A503;
30a3 : FFF00613;
30a4 : 00800593;
30a5 : 17C0D0EF;
30a6 : 0001C6B7;
30a7 : 00048513;
30a8 : 54468693;
30a9 : 00100613;
30aa : 00600593;
30ab : 7F80C0EF;
30ac : 5CC42783;
30ad : 00100593;
30ae : 00098513;
30af : 02C7A783;
30b0 : 000780E7;
30b1 : D35FF06F;
30b2 : 0001C6B7;
30b3 : 000B8713;
30b4 : 57468693;
30b5 : 00100613;
30b6 : 00300593;
30b7 : 00048513;
30b8 : 7C40C0EF;
30b9 : 5C442783;
30ba : 0087A783;
30bb : 00A7C703;
30bc : 0FF00793;
30bd : CAF704E3;
30be : 00048513;
30bf : 61D020EF;
30c0 : 59042503;
30c1 : 00100793;
30c2 : FFB50713;
30c3 : E6E7F8E3;
30c4 : 00048513;
30c5 : 1880D0EF;
30c6 : 5C442783;
30c7 : 00C7A783;
30c8 : 0007D603;
30c9 : 00160613;
30ca : CE5FF06F;
30cb : 02098663;
30cc : 0001C6B7;
30cd : 00048513;
30ce : 59468693;
30cf : 00100613;
30d0 : 00300593;
30d1 : 7600C0EF;
30d2 : 59042503;
30d3 : 00800793;
30d4 : E2F506E3;
30d5 : DB9FF06F;
30d6 : 00900713;
30d7 : 00E78863;
30d8 : 00300593;
30d9 : 00048513;
30da : 5D5020EF;
30db : 59042503;
30dc : E0DFF06F;
30dd : 01900893;
30de : 00054703;
30df : FBF70793;
30e0 : 0FF7F793;
30e1 : 00070693;
30e2 : 00F8E663;
30e3 : 02070693;
30e4 : 0FF6F693;
30e5 : 0005C783;
30e6 : FBF78813;
30e7 : 0FF87813;
30e8 : 00078613;
30e9 : 0108E663;
30ea : 02078613;
30eb : 0FF67613;
30ec : 00D60663;
30ed : 40E78533;
30ee : 00008067;
30ef : 00070863;
30f0 : 00150513;
30f1 : 00158593;
30f2 : FB1FF06F;
30f3 : 00000513;
30f4 : 00008067;
30f5 : 00000693;
30f6 : 02D00E13;
30f7 : 00900E93;
30f8 : 00500813;
30f9 : 03A00F13;
30fa : 00600313;
30fb : 08050C63;
30fc : 00054783;
30fd : 00100613;
30fe : 01C79663;
30ff : 00150513;
3100 : FFF00613;
3101 : 00000793;
3102 : 01C0006F;
3103 : FD070893;
3104 : 0FF8FF93;
3105 : 03FEEE63;
3106 : 00479793;
3107 : 00F887B3;
3108 : 00150513;
3109 : 00054703;
310a : FE0712E3;
310b : 02F607B3;
310c : 00D58733;
310d : 00F70023;
310e : 00054783;
310f : 01E79463;
3110 : 00150513;
3111 : 00168693;
3112 : FA6692E3;
3113 : 00008067;
3114 : FBF70893;
3115 : 0FF8FF93;
3116 : 01F86A63;
3117 : 00479793;
3118 : 011787B3;
3119 : 00A78793;
311a : FB9FF06F;
311b : F9F70713;
311c : 0FF77893;
311d : FB186CE3;
311e : 00479793;
311f : 00E787B3;
3120 : FE5FF06F;
3121 : 00D585B3;
3122 : 00058023;
3123 : 00004783;
3124 : 00100073;
3125 : 00000793;
3126 : 04050863;
3127 : 00054703;
3128 : 02D00793;
3129 : 00000693;
312a : 00F71663;
312b : 00150513;
312c : 00100693;
312d : 00000793;
312e : 00900613;
312f : 00A00893;
3130 : 0100006F;
3131 : 031787B3;
3132 : 00150513;
3133 : 00F707B3;
3134 : 00054703;
3135 : FD070713;
3136 : 0FF77813;
3137 : FF0674E3;
3138 : 00068463;
3139 : 40F007B3;
313a : 00F5A023;
313b : 00008067;
313c : FE010113;
313d : 00C10593;
313e : 00112E23;
313f : F99FF0EF;
3140 : 01C12083;
3141 : 00C12503;
3142 : 02010113;
3143 : 00008067;
3144 : 00052503;
3145 : FF010113;
3146 : 00112623;
3147 : 00100793;
3148 : 00050663;
3149 : FCDFF0EF;
314a : 00050793;
314b : 0001F737;
314c : 7A872703;
314d : 00002637;
314e : 71060613;
314f : 00A00693;
3150 : 02D706B3;
3151 : FFF00513;
3152 : 02C70733;
3153 : 3E800613;
3154 : 02C75733;
3155 : 0300006F;
3156 : FFF60613;
3157 : FEC04EE3;
3158 : FFF58593;
3159 : 00059863;
315a : 00070613;
315b : 0140006F;
315c : 06300593;
315d : 00068613;
315e : FE5FF06F;
315f : FFF60613;
3160 : FE061EE3;
3161 : FFF78793;
3162 : FEA794E3;
3163 : 00C12083;
3164 : 00000513;
3165 : 01010113;
3166 : 00008067;
3167 : 03C52783;
3168 : FF010113;
3169 : 00812423;
316a : 00C7A783;
316b : 00112623;
316c : 00058413;
316d : 000780E7;
316e : 00C42783;
316f : 00A45503;
3170 : 00C12083;
3171 : 01079793;
3172 : 00A7E533;
3173 : FFF0C7B7;
3174 : DC078793;
3175 : 02F54533;
3176 : 00812403;
3177 : 01010113;
3178 : 3E850513;
3179 : 00008067;
317a : 02052783;
317b : 02C7A303;
317c : 00030463;
317d : 00030067;
317e : 00000513;
317f : 00008067;
3180 : 3E800793;
3181 : 00F52423;
3182 : 00000513;
3183 : 00008067;
3184 : 0001F737;
3185 : 46472783;
3186 : 00178793;
3187 : 46F72223;
3188 : 0001F7B7;
3189 : 46A78123;
318a : 00008067;
318b : 17852783;
318c : 12C00713;
318d : 0107A783;
318e : 02E7AA23;
318f : 00001737;
3190 : BB870713;
3191 : 02E7AE23;
3192 : 00100713;
3193 : 02E78823;
3194 : 02B78723;
3195 : 00078423;
3196 : 00200713;
3197 : 00E58863;
3198 : 000784A3;
3199 : 040780A3;
319a : 04079123;
319b : 00008067;
319c : 34052783;
319d : FFD7F793;
319e : 02079263;
319f : FF010113;
31a0 : 00000593;
31a1 : 00112623;
31a2 : FA5FF0EF;
31a3 : 00C12083;
31a4 : 00000513;
31a5 : 01010113;
31a6 : 00008067;
31a7 : 00000513;
31a8 : 00008067;
31a9 : 00000513;
31aa : 00008067;
31ab : 00000513;
31ac : 00000593;
31ad : 00008067;
31ae : 34052703;
31af : 00100793;
31b0 : 00F71C63;
31b1 : 17852783;
31b2 : 0107A783;
31b3 : 0087C503;
31b4 : 00A03533;
31b5 : 00008067;
31b6 : 00000513;
31b7 : 00008067;
31b8 : 34052703;
31b9 : 00100793;
31ba : 02F71663;
31bb : 17852783;
31bc : 00000513;
31bd : 0107A783;
31be : 0087C703;
31bf : 00070E63;
31c0 : 0097C703;
31c1 : 00070A63;
31c2 : 0007A503;
31c3 : 00153513;
31c4 : 00008067;
31c5 : 00100513;
31c6 : 00008067;
31c7 : 000207B7;
31c8 : 06C52683;
31c9 : 68478793;
31ca : 03078713;
31cb : 0007A603;
31cc : 00C69463;
31cd : 0007A023;
31ce : 00478793;
31cf : FEE798E3;
31d0 : 00000513;
31d1 : 00008067;
31d2 : 001007B7;
31d3 : 41C7A503;
31d4 : 00A58533;
31d5 : 00008067;
31d6 : 0001F7B7;
31d7 : 3EB7A623;
31d8 : 00000513;
31d9 : 00008067;
31da : 0001F7B7;
31db : 3EC7A783;
31dc : 00062023;
31dd : 0006A023;
31de : 00F5A023;
31df : 00000513;
31e0 : 00008067;
31e1 : 0005A023;
31e2 : 00062023;
31e3 : 0006A023;
31e4 : FFF00513;
31e5 : 00008067;
31e6 : FC010113;
31e7 : 00812C23;
31e8 : 00060413;
31e9 : 00058613;
31ea : 00050593;
31eb : 0001C537;
31ec : 6B050513;
31ed : 00112E23;
31ee : 02D12623;
31ef : 02E12823;
31f0 : 02F12A23;
31f1 : 03012C23;
31f2 : 03112E23;
31f3 : CB5FB0EF;
31f4 : 02C10593;
31f5 : 00040513;
31f6 : 00B12623;
31f7 : C49FB0EF;
31f8 : 01C12083;
31f9 : 01812403;
31fa : 04010113;
31fb : 00008067;
31fc : FD010113;
31fd : 00912A23;
31fe : 00060493;
31ff : 00058613;
3200 : 00050593;
3201 : 0001C537;
3202 : 6B050513;
3203 : 00112E23;
3204 : 00812C23;
3205 : 02E12023;
3206 : 00068413;
3207 : 02F12223;
3208 : 03012423;
3209 : 03112623;
320a : C59FB0EF;
320b : 0001C537;
320c : 00048613;
320d : 00100593;
320e : 6BC50513;
320f : C45FB0EF;
3210 : 02010593;
3211 : 00040513;
3212 : 00B12623;
3213 : BD9FB0EF;
3214 : 01C12083;
3215 : 01812403;
3216 : 01412483;
3217 : 03010113;
3218 : 00008067;
3219 : FC010113;
321a : 00812C23;
321b : 00058413;
321c : 08057593;
321d : 02C12423;
321e : 00B035B3;
321f : 07F57613;
3220 : 0001C537;
3221 : 00158593;
3222 : 6BC50513;
3223 : 00112E23;
3224 : 02D12623;
3225 : 02E12823;
3226 : 02F12A23;
3227 : 03012C23;
3228 : 03112E23;
3229 : BDDFB0EF;
322a : 02810593;
322b : 00040513;
322c : 00B12623;
322d : B71FB0EF;
322e : 01C12083;
322f : 01812403;
3230 : 04010113;
3231 : 00008067;
3232 : 00052603;
3233 : FF010113;
3234 : 00112623;
3235 : 00812423;
3236 : 06061A63;
3237 : 0001F7B7;
3238 : 7607A583;
3239 : 0001C537;
323a : 6C850513;
323b : B95FB0EF;
323c : 00C12083;
323d : 00812403;
323e : 00000513;
323f : 01010113;
3240 : 00008067;
3241 : FD078793;
3242 : 0FF7F513;
3243 : 02A5E063;
3244 : 00E797B3;
3245 : 00F46433;
3246 : FFC70713;
3247 : 00160613;
3248 : 00064783;
3249 : 00078E63;
324a : FCD71EE3;
324b : 0001B5B7;
324c : 0001C537;
324d : 55858593;
324e : 6E050513;
324f : B45FB0EF;
3250 : 0001F7B7;
3251 : 7687A023;
3252 : F95FF06F;
3253 : 01C00713;
3254 : 00000413;
3255 : FFC00693;
3256 : 00300593;
3257 : FC5FF06F;
3258 : 0001F7B7;
3259 : 7A078823;
325a : 0001F7B7;
325b : 7A07A623;
325c : 000157B7;
325d : 0001F737;
325e : 05C78793;
325f : 0001C537;
3260 : FF010113;
3261 : 7AF72A23;
3262 : 6F850513;
3263 : 0001F7B7;
3264 : 00300713;
3265 : 00112623;
3266 : 7AE788A3;
3267 : AE5FB0EF;
3268 : 00C12083;
3269 : 0001F7B7;
326a : 4C07A423;
326b : 00000513;
326c : 01010113;
326d : 00008067;
326e : 02402583;
326f : 0001C537;
3270 : FF010113;
3271 : 70450513;
3272 : 00112623;
3273 : AB5FB0EF;
3274 : 00C12083;
3275 : 00000513;
3276 : 01010113;
3277 : 00008067;
3278 : FE010113;
3279 : 00912A23;
327a : 00052483;
327b : 00112E23;
327c : 00812C23;
327d : 01212823;
327e : 01312623;
327f : 0A048263;
3280 : 0001C5B7;
3281 : 00050413;
3282 : 70858593;
3283 : 00048513;
3284 : 965FF0EF;
3285 : 04051863;
3286 : 000217B7;
3287 : C5078793;
3288 : 3C078713;
3289 : 0007A683;
328a : 00068A63;
328b : 0207A623;
328c : 0207A423;
328d : 0207A223;
328e : 0207A023;
328f : 03078793;
3290 : FEE792E3;
3291 : 01C12083;
3292 : 01812403;
3293 : 01412483;
3294 : 01012903;
3295 : 00C12983;
3296 : 00000513;
3297 : 02010113;
3298 : 00008067;
3299 : 0001C5B7;
329a : 71058593;
329b : 00048513;
329c : 905FF0EF;
329d : 02051663;
329e : 00442503;
329f : 0001F437;
32a0 : 00050663;
32a1 : A6DFF0EF;
32a2 : 7AA42223;
32a3 : 7A442583;
32a4 : 0001C537;
32a5 : 71450513;
32a6 : 9E9FB0EF;
32a7 : FA9FF06F;
32a8 : 0001C537;
32a9 : 00021437;
32aa : 73450513;
32ab : C5040413;
32ac : 9D1FB0EF;
32ad : 3C040493;
32ae : 3E800913;
32af : 0001C9B7;
32b0 : 00042783;
32b1 : 02078263;
32b2 : 02842683;
32b3 : 02C42703;
32b4 : 02442603;
32b5 : 0326D6B3;
32b6 : 02042583;
32b7 : 00440793;
32b8 : 76498513;
32b9 : 99DFB0EF;
32ba : 03040413;
32bb : FC941AE3;
32bc : F55FF06F;
32bd : 0001B5B7;
32be : 0001C537;
32bf : FF010113;
32c0 : 001007B7;
32c1 : D6C58593;
32c2 : 78450513;
32c3 : 00112623;
32c4 : 00812423;
32c5 : 40C7A403;
32c6 : 969FB0EF;
32c7 : 0001C537;
32c8 : 7B850513;
32c9 : 95DFB0EF;
32ca : 00F47413;
32cb : 000016B7;
32cc : 0001C5B7;
32cd : 0001C537;
32ce : 00140413;
32cf : 80068693;
32d0 : 0C000613;
32d1 : 7D458593;
32d2 : 7DC50513;
32d3 : 935FB0EF;
32d4 : 00441413;
32d5 : F4040713;
32d6 : 00F00793;
32d7 : 00E7FC63;
32d8 : 0001D537;
32d9 : 01040613;
32da : 00040593;
32db : 80850513;
32dc : 911FB0EF;
32dd : 00C12083;
32de : 00812403;
32df : 00000513;
32e0 : 01010113;
32e1 : 00008067;
32e2 : FE010113;
32e3 : 0001D537;
32e4 : 00912A23;
32e5 : 83450513;
32e6 : 000214B7;
32e7 : 00812C23;
32e8 : 01212823;
32e9 : 01312623;
32ea : 00112E23;
32eb : 00000413;
32ec : 8D1FB0EF;
32ed : 0001F937;
32ee : 07C48493;
32ef : 0001D9B7;
32f0 : 79092783;
32f1 : 02F44263;
32f2 : 01C12083;
32f3 : 01812403;
32f4 : 01412483;
32f5 : 01012903;
32f6 : 00C12983;
32f7 : 00000513;
32f8 : 02010113;
32f9 : 00008067;
32fa : 00241793;
32fb : 00F487B3;
32fc : 0007A783;
32fd : 0A098513;
32fe : 00140413;
32ff : 0007A583;
3300 : 881FB0EF;
3301 : FBDFF06F;
3302 : 00062683;
3303 : FE010113;
3304 : 00812C23;
3305 : 00912A23;
3306 : 01212823;
3307 : 00112E23;
3308 : 01312623;
3309 : 00050413;
330a : 00058493;
330b : 00060913;
330c : 02068863;
330d : 00000513;
330e : 00251793;
330f : 00F407B3;
3310 : 0007A783;
3311 : 00068713;
3312 : 0007C583;
3313 : 00074603;
3314 : 04058A63;
3315 : 04C58263;
3316 : 00150513;
3317 : FCA49EE3;
3318 : 0001D537;
3319 : 84C50513;
331a : 00249493;
331b : 815FB0EF;
331c : 009404B3;
331d : 0001D9B7;
331e : 00042603;
331f : FFC92583;
3320 : 85498513;
3321 : 00440413;
3322 : FF8FB0EF;
3323 : FE9416E3;
3324 : FFF00513;
3325 : 0140006F;
3326 : 00178793;
3327 : 00170713;
3328 : FA9FF06F;
3329 : FA061AE3;
332a : 01C12083;
332b : 01812403;
332c : 01412483;
332d : 01012903;
332e : 00C12983;
332f : 02010113;
3330 : 00008067;
3331 : FF010113;
3332 : 00112623;
3333 : 00812423;
3334 : 02B00613;
3335 : 0005DC63;
3336 : 00A03733;
3337 : 40B007B3;
3338 : 40E785B3;
3339 : 40A00533;
333a : 02D00613;
333b : 0001F7B7;
333c : 41E5D693;
333d : 00259593;
333e : 0F47AE83;
333f : 0025D593;
3340 : 03E00F13;
3341 : 00000813;
3342 : 20000E37;
3343 : D3B208B7;
3344 : 00000713;
3345 : 00000793;
3346 : 01057333;
3347 : 01C5FFB3;
3348 : 01F36333;
3349 : 00030C63;
334a : 01170333;
334b : 00E33FB3;
334c : 01D787B3;
334d : 00030713;
334e : 00FF87B3;
334f : 01FE9313;
3350 : 0018D893;
3351 : 011368B3;
3352 : 00185813;
3353 : 01FE1313;
3354 : FFFF0F13;
3355 : 001EDE93;
3356 : 01036833;
3357 : 001E5E13;
3358 : FA0F1CE3;
3359 : 00021437;
335a : 11C40413;
335b : 0001D5B7;
335c : 00040513;
335d : 85C58593;
335e : E74FB0EF;
335f : 00C12083;
3360 : 00040513;
3361 : 00812403;
3362 : 01010113;
3363 : 00008067;
3364 : 800007B7;
3365 : FFF7C793;
3366 : FF010113;
3367 : 00A03733;
3368 : 00F58633;
3369 : 00112623;
336a : 00812423;
336b : 00C70733;
336c : 08E7E263;
336d : 00F71863;
336e : FFF50693;
336f : FFE00793;
3370 : 06D7EA63;
3371 : 00A037B3;
3372 : 40B00733;
3373 : 40F705B3;
3374 : 40A00533;
3375 : 02D00613;
3376 : 02050693;
3377 : 01069713;
3378 : 01075713;
3379 : 3E800813;
337a : 02E80833;
337b : 00A6B533;
337c : 00B507B3;
337d : 00021437;
337e : 11C40413;
337f : 01079713;
3380 : 0106D693;
3381 : 0001D5B7;
3382 : 00040513;
3383 : 00D76733;
3384 : 01085813;
3385 : 4107D793;
3386 : 86C58593;
3387 : DD0FB0EF;
3388 : 00C12083;
3389 : 00040513;
338a : 00812403;
338b : 01010113;
338c : 00008067;
338d : 02000613;
338e : FA1FF06F;
338f : 00452783;
3390 : FF010113;
3391 : 00112623;
3392 : 00812423;
3393 : 00052683;
3394 : 00852803;
3395 : 00C52703;
3396 : 0007C863;
3397 : 00F6E7B3;
3398 : 08079263;
3399 : 08075063;
339a : 01003633;
339b : 40E007B3;
339c : 40C78733;
339d : 0001D637;
339e : 41000833;
339f : 40D006B3;
33a0 : 89460613;
33a1 : 01081593;
33a2 : 3E800793;
33a3 : 0105D593;
33a4 : 02F585B3;
33a5 : 000087B7;
33a6 : 00021437;
33a7 : 11C40413;
33a8 : 01085813;
33a9 : 01071713;
33aa : 00040513;
33ab : 01076733;
33ac : 00F587B3;
33ad : 00B7B5B3;
33ae : 01059593;
33af : 0107D793;
33b0 : 00F5E7B3;
33b1 : 0001D5B7;
33b2 : 87858593;
33b3 : D20FB0EF;
33b4 : 00C12083;
33b5 : 00040513;
33b6 : 00812403;
33b7 : 01010113;
33b8 : 00008067;
33b9 : 0001E637;
33ba : C9460613;
33bb : F99FF06F;
33bc : 00052683;
33bd : 00452783;
33be : F7010113;
33bf : 08812423;
33c0 : 08112623;
33c1 : 00F6E6B3;
33c2 : 00058413;
33c3 : 04068C63;
33c4 : 4187D793;
33c5 : 0C07F793;
33c6 : 08000713;
33c7 : 02E79E63;
33c8 : 0001D5B7;
33c9 : 88858593;
33ca : 00010513;
33cb : CC0FB0EF;
33cc : 00010613;
33cd : 0001D5B7;
33ce : 89858593;
33cf : 00040513;
33d0 : CACFB0EF;
33d1 : 08C12083;
33d2 : 00040513;
33d3 : 08812403;
33d4 : 09010113;
33d5 : 00008067;
33d6 : EE5FF0EF;
33d7 : 00050613;
33d8 : FD5FF06F;
33d9 : 00050713;
33da : 00C72583;
33db : 00852503;
33dc : E21FF0EF;
33dd : 0001D5B7;
33de : 00050613;
33df : 8A058593;
33e0 : FBDFF06F;
33e1 : FF010113;
33e2 : 00812423;
33e3 : 00912223;
33e4 : 00100793;
33e5 : 00050493;
33e6 : 0001F437;
33e7 : 01212023;
33e8 : 00112623;
33e9 : 74F41223;
33ea : C3CF80EF;
33eb : 0004A903;
33ec : 08090463;
33ed : 0001D5B7;
33ee : 8A858593;
33ef : 00090513;
33f0 : BB4FF0EF;
33f1 : 06050A63;
33f2 : 0001D5B7;
33f3 : 8AC58593;
33f4 : 00090513;
33f5 : BA0FF0EF;
33f6 : 08051A63;
33f7 : 0044A503;
33f8 : 08050663;
33f9 : D0CFF0EF;
33fa : 000017B7;
33fb : FFF50713;
33fc : FFE78793;
33fd : 00050593;
33fe : 02E7FA63;
33ff : 0044A603;
3400 : 0001D537;
3401 : 8B050513;
3402 : C78FB0EF;
3403 : FEA00793;
3404 : 00C12083;
3405 : 00812403;
3406 : 00412483;
3407 : 00012903;
3408 : 00078513;
3409 : 01010113;
340a : 00008067;
340b : 0001F7B7;
340c : 36A79B23;
340d : C1CF80EF;
340e : 0001F7B7;
340f : 3767D603;
3410 : 0001D537;
3411 : 8CC50513;
3412 : 00060593;
3413 : C34FB0EF;
3414 : 74445783;
3415 : 00001737;
3416 : 00E7E7B3;
3417 : 74F41223;
3418 : B84F80EF;
3419 : 00000793;
341a : FA9FF06F;
341b : 0001D5B7;
341c : 8C858593;
341d : 00090513;
341e : AFCFF0EF;
341f : FEA00793;
3420 : F80518E3;
3421 : 0001F7B7;
3422 : 36079B23;
3423 : FA9FF06F;
3424 : FD010113;
3425 : 02912223;
3426 : 00050613;
3427 : 00050493;
3428 : 0001B537;
3429 : 00500593;
342a : 56850513;
342b : 02112623;
342c : 02812423;
342d : B55FF0EF;
342e : 00400793;
342f : 08A7E863;
3430 : 0001B737;
3431 : 00251793;
3432 : 4F470713;
3433 : 00E787B3;
3434 : 0007A783;
3435 : 00050413;
3436 : 00078067;
3437 : 0001D537;
3438 : 8E850513;
3439 : B9CFB0EF;
343a : 0001F7B7;
343b : 7F078793;
343c : 1C07A423;
343d : 1C07A223;
343e : 02C12083;
343f : 00040513;
3440 : 02812403;
3441 : 02412483;
3442 : 03010113;
3443 : 00008067;
3444 : 0044A503;
3445 : 0001F437;
3446 : 7F040413;
3447 : 02050C63;
3448 : BD0FF0EF;
3449 : 00050593;
344a : 00A12623;
344b : 0001D537;
344c : 90850513;
344d : B4CFB0EF;
344e : 00C12583;
344f : 00000513;
3450 : A09F60EF;
3451 : 00100793;
3452 : 1CF42223;
3453 : 00000413;
3454 : FA9FF06F;
3455 : 0001D537;
3456 : 93450513;
3457 : B24FB0EF;
3458 : FE5FF06F;
3459 : 0001D537;
345a : 95050513;
345b : B14FB0EF;
345c : 0001F7B7;
345d : 7F078793;
345e : 00100713;
345f : 1CE7A423;
3460 : FCDFF06F;
3461 : 0044A503;
3462 : FFF00413;
3463 : F60506E3;
3464 : B60FF0EF;
3465 : 00050413;
3466 : 00050593;
3467 : 0001D537;
3468 : 96C50513;
3469 : ADCFB0EF;
346a : 00040513;
346b : F89F60EF;
346c : F9DFF06F;
346d : 01C10513;
346e : E48F60EF;
346f : 0001F5B7;
3470 : 7F058593;
3471 : 4105A603;
3472 : 01C12803;
3473 : 4145A683;
3474 : 42C5A703;
3475 : 4285A783;
3476 : 4185A883;
3477 : 0001D537;
3478 : 00000593;
3479 : 98050513;
347a : A98FB0EF;
347b : F61FF06F;
347c : FE010113;
347d : 00812C23;
347e : 00050613;
347f : 00050413;
3480 : 0001B537;
3481 : 00400593;
3482 : 57C50513;
3483 : 00112E23;
3484 : 00912A23;
3485 : 9F5FF0EF;
3486 : 00200793;
3487 : 0EF50C63;
3488 : 02A7C063;
3489 : 00100793;
348a : 08A7FA63;
348b : 01C12083;
348c : 01812403;
348d : 01412483;
348e : 02010113;
348f : 00008067;
3490 : 00300793;
3491 : FEF514E3;
3492 : 000207B7;
3493 : 1F87A583;
3494 : 0001D537;
3495 : A0450513;
3496 : A28FB0EF;
3497 : 000207B7;
3498 : 0D87A783;
3499 : 00100513;
349a : 10078063;
349b : 0001D4B7;
349c : E89F50EF;
349d : 00050413;
349e : 06050863;
349f : 00842503;
34a0 : 00C42583;
34a1 : 02040FA3;
34a2 : 6CC0C0EF;
34a3 : 01442583;
34a4 : 00A12623;
34a5 : 01042503;
34a6 : 6BC0C0EF;
34a7 : 00C12603;
34a8 : 02042583;
34a9 : 00050693;
34aa : 02C40713;
34ab : A2048513;
34ac : 9D0FB0EF;
34ad : 00000513;
34ae : FB9FF06F;
34af : 0001D537;
34b0 : 9BC50513;
34b1 : 9BCFB0EF;
34b2 : 00442503;
34b3 : 02051263;
34b4 : 0001D537;
34b5 : 9D050513;
34b6 : 9A8FB0EF;
34b7 : 00000593;
34b8 : 00000513;
34b9 : B8CFB0EF;
34ba : 00000513;
34bb : F41FF06F;
34bc : A00FF0EF;
34bd : 00050593;
34be : 00050413;
34bf : 0001D537;
34c0 : 9E450513;
34c1 : 97CFB0EF;
34c2 : 00100593;
34c3 : 00040513;
34c4 : FD5FF06F;
34c5 : 0001D537;
34c6 : 9F450513;
34c7 : 964FB0EF;
34c8 : 00442503;
34c9 : 02051063;
34ca : 0001D537;
34cb : 9D050513;
34cc : 950FB0EF;
34cd : 00000593;
34ce : 00000513;
34cf : F0CF60EF;
34d0 : FA9FF06F;
34d1 : 9ACFF0EF;
34d2 : 00050593;
34d3 : 00050413;
34d4 : 0001D537;
34d5 : 9E450513;
34d6 : 928FB0EF;
34d7 : 00100593;
34d8 : 00040513;
34d9 : FD9FF06F;
34da : 0001D537;
34db : A1450513;
34dc : 910FB0EF;
34dd : F75FF06F;
34de : 00052783;
34df : FE010113;
34e0 : 00112E23;
34e1 : 00812C23;
34e2 : 00912A23;
34e3 : 01212823;
34e4 : 04079C63;
34e5 : 00C10513;
34e6 : 950F60EF;
34e7 : 00050413;
34e8 : 02051863;
34e9 : 00C12583;
34ea : 0001D537;
34eb : A4450513;
34ec : 8D0FB0EF;
34ed : 01C12083;
34ee : 00040513;
34ef : 01812403;
34f0 : 01412483;
34f1 : 01012903;
34f2 : 02010113;
34f3 : 00008067;
34f4 : 0001D537;
34f5 : A6C50513;
34f6 : 8A8FB0EF;
34f7 : E01FB0EF;
34f8 : 00050413;
34f9 : FD1FF06F;
34fa : 00050613;
34fb : 00050493;
34fc : 0001B537;
34fd : 00300593;
34fe : 58C50513;
34ff : 80DFF0EF;
3500 : 00100793;
3501 : 00050413;
3502 : 00F50A63;
3503 : 00200793;
3504 : 00F50C63;
3505 : FA0510E3;
3506 : FC5FF06F;
3507 : BDCFA0EF;
3508 : 00000413;
3509 : F91FF06F;
350a : 0044A783;
350b : 0084A503;
350c : 0007C603;
350d : 0017C703;
350e : 0027C403;
350f : 01861613;
3510 : 01071713;
3511 : 00E66633;
3512 : 0037C703;
3513 : 00841413;
3514 : 00E66633;
3515 : 00C46433;
3516 : 898FF0EF;
3517 : 0044A583;
3518 : 00050913;
3519 : 00050693;
351a : 0001D537;
351b : 00040613;
351c : A9450513;
351d : 80CFB0EF;
351e : 00090593;
351f : 00040513;
3520 : C80FA0EF;
3521 : F9DFF06F;
3522 : F9010113;
3523 : 06912223;
3524 : 0001B4B7;
3525 : 05312E23;
3526 : 00050993;
3527 : 55848513;
3528 : 00098613;
3529 : 00A00593;
352a : 04050513;
352b : 07212023;
352c : 05412C23;
352d : 06112623;
352e : 06812423;
352f : 05512A23;
3530 : F48FF0EF;
3531 : 00050A13;
3532 : 00100913;
3533 : 55848493;
3534 : 00291413;
3535 : 008987B3;
3536 : 0007A503;
3537 : 02051C63;
3538 : FFF90913;
3539 : 500A4C63;
353a : 014487B3;
353b : 0687C783;
353c : 51279663;
353d : 00900793;
353e : 1F47EE63;
353f : 0001B6B7;
3540 : 002A1713;
3541 : 50868693;
3542 : 00D70733;
3543 : 00072783;
3544 : 00078067;
3545 : FDDFE0EF;
3546 : 03010793;
3547 : 00878433;
3548 : 00A42023;
3549 : 00190913;
354a : FA9FF06F;
354b : 03412403;
354c : 03C12603;
354d : 00600513;
354e : 00040593;
354f : 02C12623;
3550 : A79F60EF;
3551 : 02C12603;
3552 : 03812583;
3553 : 00040513;
3554 : EF4F60EF;
3555 : 06C12083;
3556 : 06812403;
3557 : 06412483;
3558 : 06012903;
3559 : 05C12983;
355a : 05412A83;
355b : 000A0513;
355c : 05812A03;
355d : 07010113;
355e : 00008067;
355f : 03412703;
3560 : 00071E63;
3561 : DE0F80EF;
3562 : 00050593;
3563 : 0001F537;
3564 : D1C50513;
3565 : EEDFA0EF;
3566 : 15C0006F;
3567 : 0001F7B7;
3568 : 7F078793;
3569 : 0047A603;
356a : 00800693;
356b : 00000593;
356c : FCD61EE3;
356d : FFF70713;
356e : 11800693;
356f : 02D70733;
3570 : 00E787B3;
3571 : 2687A583;
3572 : 00B035B3;
3573 : FC1FF06F;
3574 : 0001F437;
3575 : 7F040793;
3576 : 0047A783;
3577 : 00A00713;
3578 : 7F040413;
3579 : 10F76C63;
357a : 00279793;
357b : 00F484B3;
357c : 0744A603;
357d : 0001F937;
357e : 0001F9B7;
357f : 00042583;
3580 : 6F994703;
3581 : 6FA9C683;
3582 : 0001D537;
3583 : AD050513;
3584 : E71FA0EF;
3585 : 00042783;
3586 : 0AF05A63;
3587 : 00C42883;
3588 : 10C42803;
3589 : 06442783;
358a : 1A442703;
358b : 0A842683;
358c : 0C442603;
358d : 01042583;
358e : 04042503;
358f : 00A12A23;
3590 : 03842503;
3591 : 00A12823;
3592 : 03C42503;
3593 : 00A12623;
3594 : 01842503;
3595 : 00A12423;
3596 : 01442503;
3597 : 00A12223;
3598 : 1AC42503;
3599 : 00A12023;
359a : 0001D537;
359b : AFC50513;
359c : E11FA0EF;
359d : 1D442803;
359e : 1D842783;
359f : 0B442703;
35a0 : 0E842683;
35a1 : 0E042603;
35a2 : 0E442583;
35a3 : 0001D537;
35a4 : B7450513;
35a5 : DEDFA0EF;
35a6 : 17042783;
35a7 : 02078263;
35a8 : 17042703;
35a9 : 17042783;
35aa : 0001D537;
35ab : 00472583;
35ac : 0007A603;
35ad : BD450513;
35ae : 00158593;
35af : DC5FA0EF;
35b0 : 0001E537;
35b1 : B1850513;
35b2 : DB9FA0EF;
35b3 : 00100493;
35b4 : 11800A13;
35b5 : 0001DAB7;
35b6 : 6F994783;
35b7 : 02F4C663;
35b8 : 00000493;
35b9 : 0001D937;
35ba : 6FA9C783;
35bb : 02440413;
35bc : 04F4CA63;
35bd : 00000A13;
35be : E5DFF06F;
35bf : 0001D637;
35c0 : AC460613;
35c1 : EF1FF06F;
35c2 : FFF48593;
35c3 : 03458533;
35c4 : 00148493;
35c5 : 00A40533;
35c6 : 1E852603;
35c7 : 1E452683;
35c8 : 2D852703;
35c9 : 2BC52783;
35ca : 2D052803;
35cb : 22052883;
35cc : 22452503;
35cd : 00A12023;
35ce : BE8A8513;
35cf : D45FA0EF;
35d0 : F99FF06F;
35d1 : 3EC42603;
35d2 : 40442703;
35d3 : 3F442683;
35d4 : 00048593;
35d5 : 00C03633;
35d6 : C2C90513;
35d7 : D25FA0EF;
35d8 : 00148493;
35d9 : F85FF06F;
35da : 03412503;
35db : FFF00793;
35dc : 03812583;
35dd : 02F51063;
35de : 00000513;
35df : 02B12623;
35e0 : BC8F60EF;
35e1 : 02C12583;
35e2 : 00058513;
35e3 : C28F60EF;
35e4 : F65FF06F;
35e5 : BB4F60EF;
35e6 : F5DFF06F;
35e7 : 03412783;
35e8 : 06078863;
35e9 : 11800713;
35ea : FFF78793;
35eb : 02E787B3;
35ec : 0001F737;
35ed : 7F070713;
35ee : 1F078793;
35ef : 00E787B3;
35f0 : 0D47A703;
35f1 : 0D07A683;
35f2 : 000027B7;
35f3 : F4078593;
35f4 : 00169693;
35f5 : 00171793;
35f6 : 02B68633;
35f7 : 0001D537;
35f8 : C6050513;
35f9 : 02B78733;
35fa : 00E65613;
35fb : 02B696B3;
35fc : 02B797B3;
35fd : 01269693;
35fe : 00E75593;
35ff : 00C6E633;
3600 : 01279793;
3601 : 00B7E5B3;
3602 : C79FA0EF;
3603 : EE9FF06F;
3604 : 000207B7;
3605 : 8C878793;
3606 : FA9FF06F;
3607 : 0001F537;
3608 : 7F050513;
3609 : 00452683;
360a : 00800713;
360b : 03412783;
360c : ECE692E3;
360d : EC0780E3;
360e : 11800713;
360f : FFF78793;
3610 : 02E787B3;
3611 : 1F078793;
3612 : 00F50533;
3613 : 93DF60EF;
3614 : EA5FF06F;
3615 : 03412403;
3616 : E8040EE3;
3617 : FFF40793;
3618 : 11800713;
3619 : 02E787B3;
361a : 0001F437;
361b : 7F040413;
361c : 00000593;
361d : 00F40433;
361e : 2CC42503;
361f : F84F60EF;
3620 : 2C042C23;
3621 : E71FF06F;
3622 : 03412A03;
3623 : 0001F7B7;
3624 : 03812703;
3625 : 7F078793;
3626 : 000A5A63;
3627 : 06E7A223;
3628 : 001007B7;
3629 : 24E7A023;
362a : E4DFF06F;
362b : 0F000637;
362c : 018A1693;
362d : 00C6F6B3;
362e : 01071613;
362f : 01065613;
3630 : 00C6E6B3;
3631 : 00100637;
3632 : 24D62223;
3633 : 000A1663;
3634 : 10E7A623;
3635 : C81FF06F;
3636 : FFFA0513;
3637 : 11800693;
3638 : 02D50533;
3639 : 00A787B3;
363a : 22E7A223;
363b : E09FF06F;
363c : 03412703;
363d : 0001F7B7;
363e : 7F078793;
363f : 00075663;
3640 : 0647A583;
3641 : C89FF06F;
3642 : 00071663;
3643 : 10C7A583;
3644 : C7DFF06F;
3645 : FFF70713;
3646 : 11800693;
3647 : 02D70733;
3648 : 00E787B3;
3649 : 2247A583;
364a : C65FF06F;
364b : 000017B7;
364c : 03412703;
364d : 03C12583;
364e : 04012603;
364f : 04412683;
3650 : 80078793;
3651 : 3047B7F3;
3652 : 300477F3;
3653 : FFF00793;
3654 : 00F70E63;
3655 : 02070863;
3656 : 000017B7;
3657 : 80078793;
3658 : 3047A7F3;
3659 : 300467F3;
365a : D8DFF06F;
365b : 0001F7B7;
365c : 7F078793;
365d : 02B7AE23;
365e : 02C7AC23;
365f : 04D7A023;
3660 : FD9FF06F;
3661 : 0001F737;
3662 : 7F070793;
3663 : 1707A503;
3664 : 7F070713;
3665 : 04050C63;
3666 : 1707A803;
3667 : 03812503;
3668 : 00082803;
3669 : 05055463;
366a : 1707A703;
366b : 00451813;
366c : 01070733;
366d : 00C72623;
366e : 1707A703;
366f : 01070733;
3670 : 00B72423;
3671 : 1707A703;
3672 : 01070733;
3673 : 00D72823;
3674 : 1707A703;
3675 : 00472703;
3676 : F8E510E3;
3677 : 0EB7A223;
3678 : 0EC7A023;
3679 : 0ED7A423;
367a : F71FF06F;
367b : 0EB72223;
367c : 0EC72023;
367d : 0ED72423;
367e : F61FF06F;
367f : FEA00A13;
3680 : B55FF06F;
3681 : FF010113;
3682 : 00912223;
3683 : 00052483;
3684 : 00112623;
3685 : 00812423;
3686 : 04049863;
3687 : 0001F7B7;
3688 : 49C7A403;
3689 : 00143713;
368a : 48E7AE23;
368b : 0001F737;
368c : 4A472783;
368d : FFF78793;
368e : 4AF72223;
368f : 00040A63;
3690 : 0001D537;
3691 : C6850513;
3692 : A39FA0EF;
3693 : 00000413;
3694 : 00C12083;
3695 : 00040513;
3696 : 00812403;
3697 : 00412483;
3698 : 01010113;
3699 : 00008067;
369a : 0001D5B7;
369b : C7C58593;
369c : 00048513;
369d : 901FE0EF;
369e : 00050413;
369f : 00051E63;
36a0 : DA4F50EF;
36a1 : 00050593;
36a2 : 0001D537;
36a3 : C8050513;
36a4 : 9F1FA0EF;
36a5 : FBDFF06F;
36a6 : 0001E5B7;
36a7 : 3E058593;
36a8 : 00048513;
36a9 : 8D1FE0EF;
36aa : 00050413;
36ab : 02051263;
36ac : 0001F7B7;
36ad : 00100713;
36ae : 48E7AE23;
36af : 0001F737;
36b0 : 4A472783;
36b1 : FFF78793;
36b2 : 4AF72223;
36b3 : F85FF06F;
36b4 : 0001D5B7;
36b5 : 8C858593;
36b6 : 00048513;
36b7 : 899FE0EF;
36b8 : 00050413;
36b9 : 00051E63;
36ba : 0001D537;
36bb : 0001F7B7;
36bc : C6850513;
36bd : 4807AE23;
36be : 989FA0EF;
36bf : F55FF06F;
36c0 : 0001E5B7;
36c1 : 11C58593;
36c2 : 00048513;
36c3 : 869FE0EF;
36c4 : 00050413;
36c5 : 00051863;
36c6 : 0001F7B7;
36c7 : FFF00713;
36c8 : F99FF06F;
36c9 : FEA00413;
36ca : F29FF06F;
36cb : FB010113;
36cc : 001007B7;
36cd : 03512A23;
36ce : 4247AA83;
36cf : 05212023;
36d0 : 00010937;
36d1 : FFF90913;
36d2 : 03412C23;
36d3 : 012AFAB3;
36d4 : 0001FA37;
36d5 : 515A2023;
36d6 : 03312E23;
36d7 : 4247A983;
36d8 : 0001F737;
36d9 : 04812423;
36da : 0109D993;
36db : 4F372E23;
36dc : 00052403;
36dd : 03612823;
36de : 03712623;
36df : 4207AB03;
36e0 : 4207AB83;
36e1 : 04112623;
36e2 : 04912223;
36e3 : 04041E63;
36e4 : 0001D537;
36e5 : C8850513;
36e6 : 8E9FA0EF;
36e7 : 0001D537;
36e8 : 00098713;
36e9 : 000A8693;
36ea : 012BF633;
36eb : 010B5593;
36ec : CA050513;
36ed : 8CDFA0EF;
36ee : 04C12083;
36ef : 00040513;
36f0 : 04812403;
36f1 : 04412483;
36f2 : 04012903;
36f3 : 03C12983;
36f4 : 03812A03;
36f5 : 03412A83;
36f6 : 03012B03;
36f7 : 02C12B83;
36f8 : 05010113;
36f9 : 00008067;
36fa : 0001D5B7;
36fb : 00050493;
36fc : CCC58593;
36fd : 00040513;
36fe : F7CFE0EF;
36ff : 00050913;
3700 : 06051A63;
3701 : 00000493;
3702 : 00000413;
3703 : 0001DA37;
3704 : 02C0006F;
3705 : 01C10613;
3706 : 00100593;
3707 : 00048513;
3708 : 8C1FB0EF;
3709 : 01C12603;
370a : 00048593;
370b : 00050413;
370c : CD0A0513;
370d : 84DFA0EF;
370e : 00148493;
370f : FD349CE3;
3710 : 0001D4B7;
3711 : F7590AE3;
3712 : 01C10613;
3713 : 00000593;
3714 : 00090513;
3715 : 88DFB0EF;
3716 : 01C12603;
3717 : 00090593;
3718 : 00050413;
3719 : CE848513;
371a : 819FA0EF;
371b : 00190913;
371c : FD5FF06F;
371d : 0001D5B7;
371e : D0058593;
371f : 00040513;
3720 : EF4FE0EF;
3721 : 04051063;
3722 : 0044A503;
3723 : 02050C63;
3724 : 861FE0EF;
3725 : 00050493;
3726 : 01C10613;
3727 : 00100593;
3728 : 841FB0EF;
3729 : 00050413;
372a : F00518E3;
372b : 01C12603;
372c : 0001D537;
372d : 00048593;
372e : D0450513;
372f : FC4FA0EF;
3730 : EF9FF06F;
3731 : 0001D5B7;
3732 : D1858593;
3733 : 00040513;
3734 : EA4FE0EF;
3735 : 02051063;
3736 : 0044A503;
3737 : 00050C63;
3738 : 811FE0EF;
3739 : 00050493;
373a : 01C10613;
373b : 00000593;
373c : FB1FF06F;
373d : 0001D5B7;
373e : 00040513;
373f : D1C58593;
3740 : E74FE0EF;
3741 : 00050413;
3742 : 00050663;
3743 : FEA00413;
3744 : EA9FF06F;
3745 : 0044A503;
3746 : FE050AE3;
3747 : 0084A783;
3748 : FE0786E3;
3749 : FCCFE0EF;
374a : 00A12623;
374b : 0084A503;
374c : FC0FE0EF;
374d : 500A2783;
374e : 00C12603;
374f : 00A12E23;
3750 : 00050593;
3751 : FCF674E3;
3752 : 01061713;
3753 : 001007B7;
3754 : 01075713;
3755 : 800006B7;
3756 : 42A7A623;
3757 : 00D76733;
3758 : 0001D537;
3759 : 42E7A423;
375a : D2050513;
375b : F51FF06F;
375c : 0001F7B7;
375d : 7B17C703;
375e : 0001F7B7;
375f : 7947A603;
3760 : 0001F7B7;
3761 : 4C87A583;
3762 : 00100693;
3763 : C6CF906F;
3764 : 0001F7B7;
3765 : 78C7A783;
3766 : 0001F737;
3767 : 78872703;
3768 : 0001F6B7;
3769 : 7A06A583;
376a : 00001637;
376b : 0001F6B7;
376c : F0060613;
376d : 79C6A683;
376e : 00879793;
376f : 00C7F7B3;
3770 : 00C71713;
3771 : 0000F637;
3772 : 00C77733;
3773 : 00E7E7B3;
3774 : 01869713;
3775 : 00E7E7B3;
3776 : 01059593;
3777 : 00FF0737;
3778 : 00E5F5B3;
3779 : 00B7E7B3;
377a : 0001F737;
377b : 40F72A23;
377c : 0001F737;
377d : 41872583;
377e : 01000513;
377f : 00B7E5B3;
3780 : CE8F706F;
3781 : FB010113;
3782 : 03412C23;
3783 : 0001FA37;
3784 : 799A4783;
3785 : 03312E23;
3786 : 04112623;
3787 : 04812423;
3788 : 04912223;
3789 : 05212023;
378a : 03512A23;
378b : 03612823;
378c : 03712623;
378d : 03812423;
378e : 03912223;
378f : 03A12023;
3790 : 01B12E23;
3791 : 00050993;
3792 : 00078663;
3793 : 00800513;
3794 : F21FF0EF;
3795 : 00600513;
3796 : CD4F90EF;
3797 : 0009A783;
3798 : 00000913;
3799 : 10078A63;
379a : 0001BAB7;
379b : 558A8A93;
379c : 00018B37;
379d : 100A8C93;
379e : 204B0B13;
379f : 0001FBB7;
37a0 : 0001FC37;
37a1 : 00291D93;
37a2 : 01B98DB3;
37a3 : 000DA483;
37a4 : 14048063;
37a5 : 0A0A8413;
37a6 : 00042583;
37a7 : 00048513;
37a8 : CD4FE0EF;
37a9 : 00050D13;
37aa : 12051863;
37ab : 00842483;
37ac : FFF00793;
37ad : 00F49C63;
37ae : 004DA503;
37af : 00190913;
37b0 : 00050663;
37b1 : E2CFE0EF;
37b2 : 00050493;
37b3 : 00442783;
37b4 : 05679063;
37b5 : 00200793;
37b6 : 02F49C63;
37b7 : 799A4783;
37b8 : 00078663;
37b9 : 00900513;
37ba : E89FF0EF;
37bb : 00700513;
37bc : C3CF90EF;
37bd : 7A0BA783;
37be : 00100D13;
37bf : 00178793;
37c0 : 7AFBA023;
37c1 : E8DFF0EF;
37c2 : 00800513;
37c3 : C20F90EF;
37c4 : 00442783;
37c5 : 00048513;
37c6 : 000780E7;
37c7 : 000D0E63;
37c8 : 79CC2783;
37c9 : 00A12623;
37ca : 00178793;
37cb : 78FC2E23;
37cc : E61FF0EF;
37cd : 00C12503;
37ce : 0C055063;
37cf : 04C12083;
37d0 : 04812403;
37d1 : 04412483;
37d2 : 04012903;
37d3 : 03C12983;
37d4 : 03812A03;
37d5 : 03412A83;
37d6 : 03012B03;
37d7 : 02C12B83;
37d8 : 02812C03;
37d9 : 02412C83;
37da : 02012D03;
37db : 01C12D83;
37dc : 05010113;
37dd : 00008067;
37de : 0001F737;
37df : 4DC74683;
37e0 : 00020737;
37e1 : DB072703;
37e2 : 0001F637;
37e3 : 79864603;
37e4 : 0001B7B7;
37e5 : 55878793;
37e6 : 00271713;
37e7 : 00269693;
37e8 : 00D786B3;
37e9 : 00E787B3;
37ea : 0001F737;
37eb : 00261613;
37ec : 22870713;
37ed : 00C70733;
37ee : 1006A683;
37ef : 1147A603;
37f0 : 00072583;
37f1 : 0001D537;
37f2 : D4850513;
37f3 : CB4FA0EF;
37f4 : 00000513;
37f5 : F69FF06F;
37f6 : 00C40413;
37f7 : EB941EE3;
37f8 : 0001D537;
37f9 : 00048593;
37fa : D5450513;
37fb : C94FA0EF;
37fc : FEA00513;
37fd : F49FF06F;
37fe : 00190913;
37ff : E89FF06F;
3800 : 00C52783;
3801 : FF010113;
3802 : 00812423;
3803 : 00112623;
3804 : 00050413;
3805 : 02078463;
3806 : 0000F637;
3807 : A6060613;
3808 : 00700593;
3809 : 3EC0B0EF;
380a : 00700593;
380b : 00040513;
380c : 1610A0EF;
380d : 00A42423;
380e : 0280006F;
380f : 00700593;
3810 : 1C80B0EF;
3811 : FE0502E3;
3812 : FFF00613;
3813 : 00700593;
3814 : 00040513;
3815 : 3BC0B0EF;
3816 : 00100793;
3817 : 00F42223;
3818 : 00C12083;
3819 : 00812403;
381a : 00000513;
381b : 01010113;
381c : 00008067;
381d : 0001B7B7;
381e : 00259713;
381f : 55878793;
3820 : FF010113;
3821 : 00E787B3;
3822 : 01212023;
3823 : 1207A903;
3824 : 00912223;
3825 : 17C52483;
3826 : 0001D6B7;
3827 : 00812423;
3828 : 00090713;
3829 : 00058413;
382a : D7068693;
382b : 00100613;
382c : 00400593;
382d : 00112623;
382e : 1ED0A0EF;
382f : 068480A3;
3830 : 00C12083;
3831 : 00812403;
3832 : 0724A223;
3833 : 00412483;
3834 : 00012903;
3835 : 01010113;
3836 : 00008067;
3837 : 17852783;
3838 : FD010113;
3839 : 02912223;
383a : 0107A483;
383b : 03212023;
383c : 01312E23;
383d : 0044A703;
383e : 02112623;
383f : 02812423;
3840 : 01412C23;
3841 : 00800793;
3842 : 00058913;
3843 : 00060993;
3844 : 00E7EC63;
3845 : 00052703;
3846 : 00100793;
3847 : 00F70663;
3848 : 34052703;
3849 : 00F70463;
384a : 0004A223;
384b : 0004A783;
384c : 0044A703;
384d : 0001B437;
384e : 55840413;
384f : 40E78A33;
3850 : 01403A33;
3851 : 04E78063;
3852 : 00271713;
3853 : 00279793;
3854 : 00E406B3;
3855 : 00F40733;
3856 : 13872703;
3857 : 1386A783;
3858 : 0001D6B7;
3859 : D8068693;
385a : 00200613;
385b : 00200593;
385c : 00A12623;
385d : 1310A0EF;
385e : 0044A783;
385f : 00C12503;
3860 : 00F4A023;
3861 : 0004A783;
3862 : 02C12083;
3863 : 02412483;
3864 : 00279793;
3865 : 00F40433;
3866 : 15C42303;
3867 : 02812403;
3868 : 000A0693;
3869 : 00098613;
386a : 01812A03;
386b : 01C12983;
386c : 00090593;
386d : 02012903;
386e : 03010113;
386f : 00030067;
3870 : 17852783;
3871 : 0107A703;
3872 : 03874783;
3873 : 02078C63;
3874 : FF010113;
3875 : 00112623;
3876 : FFF78793;
3877 : 0001D6B7;
3878 : 02F70C23;
3879 : DA068693;
387a : 00100613;
387b : 00200593;
387c : 0B50A0EF;
387d : 00C12083;
387e : 00100513;
387f : 01010113;
3880 : 00008067;
3881 : 00000513;
3882 : 00008067;
3883 : FF010113;
3884 : 0001F737;
3885 : 0001D6B7;
3886 : 00812423;
3887 : 21470713;
3888 : 00050413;
3889 : DB468693;
388a : 00000513;
388b : 00200613;
388c : 00200593;
388d : 00112623;
388e : 06D0A0EF;
388f : 17842783;
3890 : 00300713;
3891 : 00000513;
3892 : 0107A783;
3893 : 02E786A3;
3894 : 00C12083;
3895 : 00812403;
3896 : 01010113;
3897 : 00008067;
3898 : FF010113;
3899 : 0001B737;
389a : 0001D6B7;
389b : 00812423;
389c : 00058793;
389d : 00058413;
389e : 6D870713;
389f : DC068693;
38a0 : 00100613;
38a1 : 00600593;
38a2 : 00112623;
38a3 : 0190A0EF;
38a4 : 04040063;
38a5 : 41F45693;
38a6 : 0076F793;
38a7 : 00878433;
38a8 : 00F437B3;
38a9 : 00100737;
38aa : 00D787B3;
38ab : 30072A23;
38ac : 01D79793;
38ad : 00345413;
38ae : 30072C23;
38af : 0087E433;
38b0 : 30872823;
38b1 : 30072783;
38b2 : 0047E793;
38b3 : 30F72023;
38b4 : 00C12083;
38b5 : 00812403;
38b6 : 00000513;
38b7 : 01010113;
38b8 : 00008067;
38b9 : FF010113;
38ba : 00812423;
38bb : 00912223;
38bc : 00112623;
38bd : 00050413;
38be : 00058493;
38bf : 02060263;
38c0 : 0001B737;
38c1 : 0001D6B7;
38c2 : 00060793;
38c3 : 6F070713;
38c4 : DCC68693;
38c5 : 00100613;
38c6 : 00600593;
38c7 : 7880A0EF;
38c8 : 00040513;
38c9 : 00812403;
38ca : 00C12083;
38cb : 00048593;
38cc : 00412483;
38cd : 01010113;
38ce : F29FF06F;
38cf : 08058663;
38d0 : 0045A703;
38d1 : 0005A783;
38d2 : 0085A603;
38d3 : 00C5A803;
38d4 : FF010113;
38d5 : 00112623;
38d6 : 001006B7;
38d7 : 30F6AA23;
38d8 : 0FF77713;
38d9 : 30E6AC23;
38da : 00D81593;
38db : 01365713;
38dc : 00E5E733;
38dd : 00371713;
38de : 00375713;
38df : 30E6A823;
38e0 : 3006A703;
38e1 : 01065613;
38e2 : 01081813;
38e3 : FF377713;
38e4 : 00876713;
38e5 : 30E6A023;
38e6 : 0001B737;
38e7 : 0001D6B7;
38e8 : 00C86833;
38e9 : 70470713;
38ea : DF868693;
38eb : 00100613;
38ec : 00600593;
38ed : 6F00A0EF;
38ee : 00C12083;
38ef : 00000513;
38f0 : 01010113;
38f1 : 00008067;
38f2 : 00000513;
38f3 : 00008067;
38f4 : FE010113;
38f5 : 00812C23;
38f6 : 00912A23;
38f7 : 00058413;
38f8 : 00050493;
38f9 : 00410593;
38fa : 00810513;
38fb : 00112E23;
38fc : E0DF60EF;
38fd : 00C12703;
38fe : 00412803;
38ff : 00812783;
3900 : 00E42223;
3901 : 01085713;
3902 : 00E42623;
3903 : 01081713;
3904 : 00E42423;
3905 : 0001F737;
3906 : 76072703;
3907 : 00F42023;
3908 : 00177713;
3909 : 02071263;
390a : 0001B737;
390b : 0001D6B7;
390c : 71470713;
390d : DF868693;
390e : 00200613;
390f : 00600593;
3910 : 00048513;
3911 : 6600A0EF;
3912 : 01C12083;
3913 : 01812403;
3914 : 01412483;
3915 : 00000513;
3916 : 02010113;
3917 : 00008067;
3918 : 0001B737;
3919 : 55870693;
391a : 1CC68693;
391b : 00000793;
391c : 00100813;
391d : 55870713;
391e : 08000313;
391f : 00600E13;
3920 : 00C878B3;
3921 : 02088A63;
3922 : 0006D883;
3923 : 011508B3;
3924 : 00788883;
3925 : 0C08F893;
3926 : 02689063;
3927 : 0005A683;
3928 : 00168613;
3929 : 00C5A023;
392a : 00500613;
392b : 02D64A63;
392c : 00100513;
392d : 00008067;
392e : FFF84893;
392f : 00178793;
3930 : 01167633;
3931 : 00181813;
3932 : 01C78663;
3933 : 00268693;
3934 : FA0618E3;
3935 : 0005A023;
3936 : 00000513;
3937 : 00008067;
3938 : 0001D6B7;
3939 : FF010113;
393a : 00178793;
393b : 1D870713;
393c : E0868693;
393d : 00100613;
393e : 00400593;
393f : 00112623;
3940 : 5A40A0EF;
3941 : 00C12083;
3942 : 00100513;
3943 : 01010113;
3944 : 00008067;
3945 : 05052783;
3946 : 0005A603;
3947 : 00050713;
3948 : 0045D503;
3949 : 0095C683;
394a : 00C78023;
394b : 00855813;
394c : 00851613;
394d : 01066633;
394e : 00000893;
394f : 00000813;
3950 : 00C79123;
3951 : 0107A423;
3952 : 0117A623;
3953 : 00079323;
3954 : 0085C603;
3955 : 02C78023;
3956 : 00100613;
3957 : 02C68063;
3958 : 00200613;
3959 : 02C68263;
395a : 02069663;
395b : 17872703;
395c : 00B70703;
395d : 02E780A3;
395e : 00008067;
395f : 17872703;
3960 : 00D70703;
3961 : FF1FF06F;
3962 : 17872703;
3963 : 00A70703;
3964 : FE5FF06F;
3965 : 02D780A3;
3966 : 00008067;
3967 : FF010113;
3968 : 0025D783;
3969 : 01212023;
396a : 0025D903;
396b : 0087D793;
396c : 0001B737;
396d : 00891913;
396e : 0001D6B7;
396f : 00F96933;
3970 : 00812423;
3971 : 00912223;
3972 : DB468693;
3973 : 00058413;
3974 : 00060493;
3975 : 75070713;
3976 : 00200613;
3977 : 00200593;
3978 : 00112623;
3979 : 01091913;
397a : 4BC0A0EF;
397b : 01095913;
397c : 04D00793;
397d : 00000693;
397e : 1127F063;
397f : 04045783;
3980 : 04045703;
3981 : 00879793;
3982 : 00875713;
3983 : 00E7E7B3;
3984 : 01079793;
3985 : 0107D793;
3986 : 00300713;
3987 : 0CE79E63;
3988 : 04645783;
3989 : 04645703;
398a : 04445603;
398b : 00879793;
398c : 00875713;
398d : 00E7E7B3;
398e : 04445703;
398f : 00865613;
3990 : 01079793;
3991 : 00871713;
3992 : 00C76733;
3993 : 01071713;
3994 : 0107D793;
3995 : 01075713;
3996 : 0087D613;
3997 : 00871713;
3998 : 00E66733;
3999 : 00080637;
399a : 03060613;
399b : 08C71663;
399c : 04845703;
399d : 04845603;
399e : 00879793;
399f : 00871713;
39a0 : 00865613;
39a1 : 00C76733;
39a2 : 01071713;
39a3 : 01075713;
39a4 : 00875613;
39a5 : 00C7E7B3;
39a6 : 01079793;
39a7 : 0000E637;
39a8 : 0107D793;
39a9 : EAD60613;
39aa : 04C79863;
39ab : 0FF77713;
39ac : 00100793;
39ad : 04F71263;
39ae : 04A45783;
39af : 04A45703;
39b0 : 00879793;
39b1 : 00875713;
39b2 : 00E7E7B3;
39b3 : 01079793;
39b4 : 0107D793;
39b5 : 00002737;
39b6 : 02E79063;
39b7 : 04C45683;
39b8 : 04C45783;
39b9 : 00869693;
39ba : 0087D793;
39bb : 00F6E6B3;
39bc : 01069693;
39bd : 0106D693;
39be : 00C12083;
39bf : 00812403;
39c0 : 00100793;
39c1 : 02F49323;
39c2 : 02D49423;
39c3 : 00012903;
39c4 : 00412483;
39c5 : 01010113;
39c6 : 00008067;
39c7 : 0001B737;
39c8 : 0001D6B7;
39c9 : FF010113;
39ca : 76470713;
39cb : DB468693;
39cc : 00200613;
39cd : 00200593;
39ce : 00812423;
39cf : 00112623;
39d0 : 00050413;
39d1 : 3600A0EF;
39d2 : 17842783;
39d3 : 04000513;
39d4 : 0107A683;
39d5 : 00200793;
39d6 : 02D6C703;
39d7 : 06F70A63;
39d8 : 05042783;
39d9 : 00005737;
39da : E0070713;
39db : 00E79123;
39dc : 30000713;
39dd : 04E79023;
39de : 00001737;
39df : A0070713;
39e0 : 04E79123;
39e1 : 00800713;
39e2 : 04E79223;
39e3 : FFFFE737;
39e4 : E3070713;
39e5 : 04E79323;
39e6 : 1AD00713;
39e7 : 04E79423;
39e8 : 02000713;
39e9 : 04E79523;
39ea : 0306C603;
39eb : 02D6C703;
39ec : 00060463;
39ed : 00476713;
39ee : 0086C683;
39ef : 00068463;
39f0 : 00876713;
39f1 : 00871713;
39f2 : 04E79623;
39f3 : 04E00513;
39f4 : 00C12083;
39f5 : 00812403;
39f6 : 01010113;
39f7 : 00008067;
39f8 : 0045A783;
39f9 : FF010113;
39fa : 00912223;
39fb : 00879713;
39fc : 01079793;
39fd : 0107D793;
39fe : 00050493;
39ff : 0087D793;
3a00 : 0005A503;
3a01 : 00F767B3;
3a02 : 02F49123;
3a03 : 00112623;
3a04 : 00812423;
3a05 : 00058413;
3a06 : 1080B0EF;
3a07 : 00C42783;
3a08 : 02A4A223;
3a09 : 00A45503;
3a0a : 01079793;
3a0b : 00A7E533;
3a0c : 0F00B0EF;
3a0d : 00C12083;
3a0e : 00812403;
3a0f : 02A4A423;
3a10 : 00412483;
3a11 : 01010113;
3a12 : 00008067;
3a13 : 0001B737;
3a14 : 0001D6B7;
3a15 : FF010113;
3a16 : 77870713;
3a17 : DB468693;
3a18 : 00200613;
3a19 : 00200593;
3a1a : 00812423;
3a1b : 00112623;
3a1c : 00050413;
3a1d : 2300A0EF;
3a1e : 34042703;
3a1f : 00100793;
3a20 : 00F71C63;
3a21 : 33C42703;
3a22 : 00300793;
3a23 : 00F71663;
3a24 : 00040513;
3a25 : 55D0A0EF;
3a26 : 00C12083;
3a27 : 00812403;
3a28 : 00000513;
3a29 : 01010113;
3a2a : 00008067;
3a2b : FF010113;
3a2c : 00300593;
3a2d : 00112623;
3a2e : 0180A0EF;
3a2f : 00452503;
3a30 : 00C12083;
3a31 : 00351513;
3a32 : 01010113;
3a33 : 00008067;
3a34 : 0001F737;
3a35 : 0001D6B7;
3a36 : FF010113;
3a37 : 20C70713;
3a38 : DB468693;
3a39 : 00200613;
3a3a : 00200593;
3a3b : 00112623;
3a3c : 00812423;
3a3d : 00050413;
3a3e : 1AC0A0EF;
3a3f : 00B00593;
3a40 : 00040513;
3a41 : 7CD090EF;
3a42 : 00052023;
3a43 : FFF00793;
3a44 : 24F42223;
3a45 : 00000593;
3a46 : 00040513;
3a47 : D11FD0EF;
3a48 : 00100793;
3a49 : 32F42E23;
3a4a : 0001F7B7;
3a4b : 4DC7C703;
3a4c : 00400793;
3a4d : 00F71663;
3a4e : 00800793;
3a4f : 00F42223;
3a50 : 00C12083;
3a51 : 00812403;
3a52 : 00000513;
3a53 : 01010113;
3a54 : 00008067;
3a55 : 001007B7;
3a56 : 40078793;
3a57 : 01C7A783;
3a58 : 001006B7;
3a59 : 00178793;
3a5a : 41C6A703;
3a5b : FEF76EE3;
3a5c : 00A04A63;
3a5d : 00100737;
3a5e : 41C72503;
3a5f : 40F50533;
3a60 : 00008067;
3a61 : FFF50513;
3a62 : FE9FF06F;
3a63 : 00100737;
3a64 : 41C72683;
3a65 : 00052703;
3a66 : 00050793;
3a67 : 00071863;
3a68 : 00D52023;
3a69 : 00000513;
3a6a : 00008067;
3a6b : 00B705B3;
3a6c : 40B686B3;
3a6d : 00100513;
3a6e : FE06C8E3;
3a6f : 00B7A023;
3a70 : FE5FF06F;
3a71 : 00015737;
3a72 : 18070713;
3a73 : 02E576B3;
3a74 : 000017B7;
3a75 : E1078793;
3a76 : FE010113;
3a77 : 03C00813;
3a78 : 00060F13;
3a79 : 00112E23;
3a7a : 00812C23;
3a7b : 7B200613;
3a7c : 02E555B3;
3a7d : 02F6F733;
3a7e : 02F6D7B3;
3a7f : 0306F8B3;
3a80 : 03075833;
3a81 : 00058713;
3a82 : 00367313;
3a83 : 00133693;
3a84 : 16D68693;
3a85 : 08D77E63;
3a86 : 00133313;
3a87 : 00C00693;
3a88 : 0001BE37;
3a89 : 558E0E13;
3a8a : 00000E93;
3a8b : 02D30333;
3a8c : 006E0333;
3a8d : 01D306B3;
3a8e : 2306C503;
3a8f : 001E8693;
3a90 : 06A77E63;
3a91 : 00021537;
3a92 : 00200313;
3a93 : 00170713;
3a94 : 13C50413;
3a95 : 066F0A63;
3a96 : 00458593;
3a97 : 00700313;
3a98 : 0265F5B3;
3a99 : 248E0693;
3a9a : 278E0E13;
3a9b : 002E9E93;
3a9c : 01112023;
3a9d : 00080893;
3a9e : 00078813;
3a9f : 00060793;
3aa0 : 01D686B3;
3aa1 : 13C50513;
3aa2 : 00259593;
3aa3 : 00BE0633;
3aa4 : 0001D5B7;
3aa5 : E2058593;
3aa6 : 955F90EF;
3aa7 : 01C12083;
3aa8 : 00040513;
3aa9 : 01812403;
3aaa : 02010113;
3aab : 00008067;
3aac : 40D70733;
3aad : 00160613;
3aae : F51FF06F;
3aaf : 40A70733;
3ab0 : 00068E93;
3ab1 : F71FF06F;
3ab2 : 0001D5B7;
3ab3 : E4058593;
3ab4 : 13C50513;
3ab5 : 919F90EF;
3ab6 : FC5FF06F;
3ab7 : FD010113;
3ab8 : 02912223;
3ab9 : 00410593;
3aba : 00050493;
3abb : 00810513;
3abc : 02112623;
3abd : 02812423;
3abe : 03212023;
3abf : 01312E23;
3ac0 : EFCF60EF;
3ac1 : 0004A783;
3ac2 : 02079663;
3ac3 : 00C12583;
3ac4 : 00812503;
3ac5 : 00000613;
3ac6 : EADFF0EF;
3ac7 : 00412603;
3ac8 : 00050593;
3ac9 : 0001D537;
3aca : E6050513;
3acb : 955F90EF;
3acc : 0340006F;
3acd : 0001B537;
3ace : 00048613;
3acf : 00400593;
3ad0 : 7EC50513;
3ad1 : 8C4FE0EF;
3ad2 : 00200793;
3ad3 : 00050413;
3ad4 : 0EF50E63;
3ad5 : 00A7CC63;
3ad6 : 02050863;
3ad7 : 00100793;
3ad8 : 0AF50063;
3ad9 : 00000413;
3ada : 0780006F;
3adb : 00300793;
3adc : FEF51AE3;
3add : 0001D537;
3ade : 00412603;
3adf : 00812583;
3ae0 : C6050513;
3ae1 : FA9FF06F;
3ae2 : 0084A783;
3ae3 : 10078263;
3ae4 : 0001F7B7;
3ae5 : 4DC7C703;
3ae6 : 00300793;
3ae7 : 0EF70A63;
3ae8 : 0044A503;
3ae9 : 94DFD0EF;
3aea : 00050913;
3aeb : 41F55993;
3aec : 0084A503;
3aed : 0FF9F993;
3aee : 939FD0EF;
3aef : 001007B7;
3af0 : 3127AA23;
3af1 : 3137AC23;
3af2 : 00355513;
3af3 : 30A7A823;
3af4 : 3007A703;
3af5 : FF377713;
3af6 : 00876713;
3af7 : 30E7A023;
3af8 : 02C12083;
3af9 : 00040513;
3afa : 02812403;
3afb : 02412483;
3afc : 02012903;
3afd : 01C12983;
3afe : 03010113;
3aff : 00008067;
3b00 : 0044A503;
3b01 : FFF00413;
3b02 : FC050CE3;
3b03 : 0001F7B7;
3b04 : 4DC7C703;
3b05 : 00300793;
3b06 : FCF704E3;
3b07 : 8D5FD0EF;
3b08 : 001007B7;
3b09 : 41F55713;
3b0a : 30A7AA23;
3b0b : 0FF77713;
3b0c : 30E7AC23;
3b0d : 3007A823;
3b0e : 31C7A703;
3b0f : FE777713;
3b10 : 01076713;
3b11 : 30E7AE23;
3b12 : F1DFF06F;
3b13 : 0044A503;
3b14 : FFF00413;
3b15 : F80506E3;
3b16 : 0001F7B7;
3b17 : 4DC7C703;
3b18 : 00300793;
3b19 : F6F70EE3;
3b1a : 889FD0EF;
3b1b : 001007B7;
3b1c : 3007AA23;
3b1d : 3007AC23;
3b1e : 00355513;
3b1f : 30A7A823;
3b20 : 31C7A703;
3b21 : FC777713;
3b22 : 02076713;
3b23 : FB9FF06F;
3b24 : FFF00413;
3b25 : F4DFF06F;
3b26 : FF010113;
3b27 : 00812423;
3b28 : 00112623;
3b29 : 0035C783;
3b2a : 0025C703;
3b2b : 0015C683;
3b2c : 0005C603;
3b2d : 0001D5B7;
3b2e : E7858593;
3b2f : 00050413;
3b30 : F2CF90EF;
3b31 : 00C12083;
3b32 : 00040513;
3b33 : 00812403;
3b34 : 01010113;
3b35 : 00008067;
3b36 : FD010113;
3b37 : 02812423;
3b38 : 00052403;
3b39 : 02112623;
3b3a : 02912223;
3b3b : 03212023;
3b3c : 00040E63;
3b3d : 0001D5B7;
3b3e : 00050913;
3b3f : 8A858593;
3b40 : 00040513;
3b41 : E70FD0EF;
3b42 : 06051663;
3b43 : 00810513;
3b44 : CD4FB0EF;
3b45 : 00810593;
3b46 : 00C10513;
3b47 : F7DFF0EF;
3b48 : 0001D537;
3b49 : E8450513;
3b4a : F58F90EF;
3b4b : 0001F7B7;
3b4c : 37C7A783;
3b4d : 00100713;
3b4e : 0AE78663;
3b4f : 00200713;
3b50 : 0AE78E63;
3b51 : 00000493;
3b52 : 00079863;
3b53 : 0001D537;
3b54 : E9450513;
3b55 : F2CF90EF;
3b56 : 02C12083;
3b57 : 02812403;
3b58 : 02012903;
3b59 : 00048513;
3b5a : 02412483;
3b5b : 03010113;
3b5c : 00008067;
3b5d : 0001D5B7;
3b5e : 00040513;
3b5f : 8AC58593;
3b60 : DF4FD0EF;
3b61 : 00050413;
3b62 : FEA00493;
3b63 : FC0516E3;
3b64 : 00492503;
3b65 : FC0502E3;
3b66 : 0001F7B7;
3b67 : 00200713;
3b68 : 36E7AE23;
3b69 : 02E00913;
3b6a : 00400493;
3b6b : 00C10593;
3b6c : EE4FD0EF;
3b6d : 00C12703;
3b6e : 00810793;
3b6f : 008787B3;
3b70 : 00E78023;
3b71 : 00054783;
3b72 : 01279463;
3b73 : 00150513;
3b74 : 00140413;
3b75 : FC941CE3;
3b76 : 00810513;
3b77 : B9CFB0EF;
3b78 : F35FF06F;
3b79 : 0001D537;
3b7a : 00C10593;
3b7b : EA450513;
3b7c : E90F90EF;
3b7d : 00000493;
3b7e : F61FF06F;
3b7f : 0001D537;
3b80 : 00C10593;
3b81 : EB050513;
3b82 : FE9FF06F;
3b83 : 0001F6B7;
3b84 : 7906A783;
3b85 : 02700713;
3b86 : 00F75A63;
3b87 : 00052583;
3b88 : 0001D537;
3b89 : EC050513;
3b8a : E58F906F;
3b8b : 00021737;
3b8c : 00279613;
3b8d : 07C70713;
3b8e : 00C70733;
3b8f : 00178793;
3b90 : 00A72023;
3b91 : 78F6A823;
3b92 : 00008067;
3b93 : 0001F737;
3b94 : 3E872683;
3b95 : 0001B7B7;
3b96 : A2C78793;
3b97 : 0FF00713;
3b98 : 00F6E863;
3b99 : 02878613;
3b9a : 00C6F463;
3b9b : 40F68733;
3b9c : 000207B7;
3b9d : 00251693;
3b9e : 25478793;
3b9f : 00D787B3;
3ba0 : 00E7A023;
3ba1 : 0001F737;
3ba2 : 00100793;
3ba3 : 00A79533;
3ba4 : 53872783;
3ba5 : 00F56533;
3ba6 : 52A72C23;
3ba7 : FC4F606F;
3ba8 : FB010113;
3ba9 : 04812423;
3baa : 04912223;
3bab : 05212023;
3bac : 03712623;
3bad : 04112623;
3bae : 03312E23;
3baf : 03412C23;
3bb0 : 03512A23;
3bb1 : 03612823;
3bb2 : 03812423;
3bb3 : 03912223;
3bb4 : 03A12023;
3bb5 : 01B12E23;
3bb6 : 00050913;
3bb7 : 00058493;
3bb8 : 00060B93;
3bb9 : 00068413;
3bba : 00B6E663;
3bbb : 00D59863;
3bbc : 00A67663;
3bbd : 000B8513;
3bbe : 00040593;
3bbf : 00B56733;
3bc0 : 00000793;
3bc1 : 00070863;
3bc2 : 1B50A0EF;
3bc3 : 04000B13;
3bc4 : 40AB07B3;
3bc5 : 04000B13;
3bc6 : 40FB0B33;
3bc7 : 02000793;
3bc8 : 0167D463;
3bc9 : 02000B13;
3bca : 41F4DC13;
3bcb : 02000D93;
3bcc : 0284B733;
3bcd : 00100513;
3bce : 416D8DB3;
3bcf : 01B517B3;
3bd0 : 000B0613;
3bd1 : FFF78993;
3bd2 : 00F12623;
3bd3 : 41F9DA13;
3bd4 : 028C05B3;
3bd5 : 02848533;
3bd6 : 00E585B3;
3bd7 : 0F10A0EF;
3bd8 : 03748733;
3bd9 : 00C12783;
3bda : 00050A93;
3bdb : 00058C93;
3bdc : 037C0C33;
3bdd : 028906B3;
3bde : 0374B4B3;
3bdf : 00D70D33;
3be0 : 02893433;
3be1 : 009C04B3;
3be2 : 00ED3C33;
3be3 : 03790833;
3be4 : 03793933;
3be5 : 00185B93;
3be6 : 01F91613;
3be7 : 01766BB3;
3be8 : 00848633;
3be9 : 00CC0C33;
3bea : 00195913;
3beb : 009C6C63;
3bec : 01849463;
3bed : 00ED6863;
3bee : 008C6663;
3bef : 01841863;
3bf0 : 00DD7663;
3bf1 : 00050A93;
3bf2 : 00158C93;
3bf3 : 40F00533;
3bf4 : 41F55593;
3bf5 : 000D8613;
3bf6 : 01A57533;
3bf7 : 0185F5B3;
3bf8 : 0350A0EF;
3bf9 : 015506B3;
3bfa : 01A9F7B3;
3bfb : 018A7A33;
3bfc : 00A6B533;
3bfd : 01958733;
3bfe : 0017D613;
3bff : 01FA1A13;
3c00 : 01F79793;
3c01 : 00E50733;
3c02 : 01466A33;
3c03 : 01778533;
3c04 : 00F537B3;
3c05 : 012A05B3;
3c06 : 00B785B3;
3c07 : 00068413;
3c08 : 00070493;
3c09 : 0125E663;
3c0a : 00B91A63;
3c0b : 01757863;
3c0c : 00168413;
3c0d : 00D436B3;
3c0e : 00E684B3;
3c0f : 03F00613;
3c10 : 41660633;
3c11 : 7D00A0EF;
3c12 : 00050793;
3c13 : 00850533;
3c14 : 00F537B3;
3c15 : 009585B3;
3c16 : FFEB0613;
3c17 : 00B785B3;
3c18 : 7B40A0EF;
3c19 : 04C12083;
3c1a : 04812403;
3c1b : 04412483;
3c1c : 04012903;
3c1d : 03C12983;
3c1e : 03812A03;
3c1f : 03412A83;
3c20 : 03012B03;
3c21 : 02C12B83;
3c22 : 02812C03;
3c23 : 02412C83;
3c24 : 02012D03;
3c25 : 01C12D83;
3c26 : 05010113;
3c27 : 00008067;
3c28 : FF010113;
3c29 : 00812423;
3c2a : 02255783;
3c2b : 02255403;
3c2c : 01212023;
3c2d : 00050913;
3c2e : 02452503;
3c2f : 0087D793;
3c30 : 00841413;
3c31 : 00112623;
3c32 : 00912223;
3c33 : 00F46433;
3c34 : 00058493;
3c35 : 04D0A0EF;
3c36 : 00A4A023;
3c37 : 01041413;
3c38 : 02892503;
3c39 : 01045413;
3c3a : 0084A223;
3c3b : 0350A0EF;
3c3c : 00C12083;
3c3d : 00812403;
3c3e : 01055793;
3c3f : 01051513;
3c40 : 00F4A623;
3c41 : 00A4A423;
3c42 : 00012903;
3c43 : 00412483;
3c44 : 01010113;
3c45 : 00008067;
3c46 : 03452783;
3c47 : 0047A703;
3c48 : 03872703;
3c49 : 00E05A63;
3c4a : 0007A503;
3c4b : FFF00613;
3c4c : 00800593;
3c4d : 2DC0A06F;
3c4e : 00008067;
3c4f : 00100613;
3c50 : 16C0A06F;
3c51 : 00050793;
3c52 : 0005C703;
3c53 : 00158593;
3c54 : 00178793;
3c55 : FEE78FA3;
3c56 : 00060693;
3c57 : FFF60613;
3c58 : 00071663;
3c59 : 00068613;
3c5a : 0080006F;
3c5b : FC061EE3;
3c5c : 00C78633;
3c5d : 00F61463;
3c5e : 00008067;
3c5f : 00178793;
3c60 : FE078FA3;
3c61 : FF1FF06F;
3c62 : FF010113;
3c63 : 00021737;
3c64 : C5070693;
3c65 : 00112623;
3c66 : 00812423;
3c67 : 00000793;
3c68 : C5070713;
3c69 : 01400813;
3c6a : 0006A883;
3c6b : 04089663;
3c6c : 03000693;
3c6d : 02D787B3;
3c6e : 00100693;
3c6f : 00F70433;
3c70 : 00478793;
3c71 : 00B42C23;
3c72 : 00C42E23;
3c73 : 00050593;
3c74 : 00D42023;
3c75 : 00042A23;
3c76 : 01000613;
3c77 : 00F70533;
3c78 : F65FF0EF;
3c79 : 00C12083;
3c7a : 00040513;
3c7b : 00812403;
3c7c : 01010113;
3c7d : 00008067;
3c7e : 00178793;
3c7f : 03068693;
3c80 : FB0794E3;
3c81 : 00000413;
3c82 : FDDFF06F;
3c83 : 00050793;
3c84 : 0007C703;
3c85 : 00071663;
3c86 : 40A78533;
3c87 : 00008067;
3c88 : 00178793;
3c89 : FEDFF06F;
3c8a : 00060693;
3c8b : 00058613;
3c8c : 0001D5B7;
3c8d : FF010113;
3c8e : F0058593;
3c8f : 00112623;
3c90 : 00812423;
3c91 : 00050413;
3c92 : 9A4F90EF;
3c93 : 00040513;
3c94 : FBDFF0EF;
3c95 : 00A40533;
3c96 : FFC50713;
3c97 : 00050793;
3c98 : 0007C683;
3c99 : FFF78793;
3c9a : 00D78123;
3c9b : FEF71AE3;
3c9c : 02E00793;
3c9d : FEF50EA3;
3c9e : 00C12083;
3c9f : 00040513;
3ca0 : 00812403;
3ca1 : 01010113;
3ca2 : 00008067;
3ca3 : FE010113;
3ca4 : 00912A23;
3ca5 : 00050493;
3ca6 : 00052503;
3ca7 : 01212823;
3ca8 : 01312623;
3ca9 : 00112E23;
3caa : 00812C23;
3cab : 00058993;
3cac : F5DFF0EF;
3cad : 00050913;
3cae : 00000793;
3caf : 00279713;
3cb0 : 00E48733;
3cb1 : 00072403;
3cb2 : 02041C63;
3cb3 : 0001B437;
3cb4 : 7FC40413;
3cb5 : 00040513;
3cb6 : F35FF0EF;
3cb7 : 41250533;
3cb8 : 00A40533;
3cb9 : 01C12083;
3cba : 01812403;
3cbb : 01412483;
3cbc : 01012903;
3cbd : 00C12983;
3cbe : 02010113;
3cbf : 00008067;
3cc0 : 01379663;
3cc1 : 00040513;
3cc2 : FDDFF06F;
3cc3 : 00178793;
3cc4 : FADFF06F;
3cc5 : 04B50263;
3cc6 : 04060063;
3cc7 : 02B57263;
3cc8 : 00000793;
3cc9 : 00F58733;
3cca : 00074683;
3ccb : 00F50733;
3ccc : 00178793;
3ccd : 00D70023;
3cce : FEC796E3;
3ccf : 00008067;
3cd0 : 00C586B3;
3cd1 : FCD57EE3;
3cd2 : FFF64593;
3cd3 : 00000793;
3cd4 : FFF78793;
3cd5 : 00F59463;
3cd6 : 00008067;
3cd7 : 00F68733;
3cd8 : 00074803;
3cd9 : 00F60733;
3cda : 00E50733;
3cdb : 01070023;
3cdc : FE1FF06F;
3cdd : FF010113;
3cde : 00812423;
3cdf : 0001F437;
3ce0 : 4C842603;
3ce1 : 000207B7;
3ce2 : 13878793;
3ce3 : 00150593;
3ce4 : 40A60633;
3ce5 : 00B785B3;
3ce6 : 00A78533;
3ce7 : 00112623;
3ce8 : F75FF0EF;
3ce9 : 4C842783;
3cea : 00C12083;
3ceb : FFF78793;
3cec : 4CF42423;
3ced : 00812403;
3cee : 01010113;
3cef : 00008067;
3cf0 : 00C50633;
3cf1 : 00050793;
3cf2 : 00178793;
3cf3 : FEB78FA3;
3cf4 : FEC79CE3;
3cf5 : 00008067;
3cf6 : FA010113;
3cf7 : 02400613;
3cf8 : 00000593;
3cf9 : 01C10513;
3cfa : 04112E23;
3cfb : 04812C23;
3cfc : 04912A23;
3cfd : 05212823;
3cfe : 05312623;
3cff : 05412423;
3d00 : 05512223;
3d01 : FBDFF0EF;
3d02 : 000206B7;
3d03 : 01C10713;
3d04 : 00000793;
3d05 : 00000613;
3d06 : 13868693;
3d07 : 02000513;
3d08 : 00800893;
3d09 : 00D785B3;
3d0a : 0005C803;
3d0b : 06A80063;
3d0c : 06080A63;
3d0d : 00F685B3;
3d0e : 00160613;
3d0f : 00B72023;
3d10 : 00F685B3;
3d11 : 0005C583;
3d12 : 16A58263;
3d13 : 04059863;
3d14 : 01C12783;
3d15 : 0007C703;
3d16 : 02300793;
3d17 : 04F71863;
3d18 : 00000413;
3d19 : 05C12083;
3d1a : 00040513;
3d1b : 05812403;
3d1c : 05412483;
3d1d : 05012903;
3d1e : 04C12983;
3d1f : 04812A03;
3d20 : 04412A83;
3d21 : 06010113;
3d22 : 00008067;
3d23 : 00058023;
3d24 : 00178793;
3d25 : 00158593;
3d26 : F91FF06F;
3d27 : 00178793;
3d28 : FA1FF06F;
3d29 : FA060EE3;
3d2a : FA9FF06F;
3d2b : 0001F7B7;
3d2c : 7997C703;
3d2d : 00078993;
3d2e : 02070463;
3d2f : 0001F7B7;
3d30 : 7B17C703;
3d31 : 0001F7B7;
3d32 : 7947A603;
3d33 : 0001F7B7;
3d34 : 4C87A583;
3d35 : 00100693;
3d36 : 00600513;
3d37 : D1DF70EF;
3d38 : 0001F7B7;
3d39 : 7907AA83;
3d3a : 01C12583;
3d3b : 00021437;
3d3c : 07C40413;
3d3d : 00000493;
3d3e : 0154CC63;
3d3f : 0001D537;
3d40 : F2850513;
3d41 : F7DF80EF;
3d42 : FEA00413;
3d43 : F59FF06F;
3d44 : 00042A03;
3d45 : 00B12623;
3d46 : 00440413;
3d47 : 000A2903;
3d48 : 00090513;
3d49 : E51FC0EF;
3d4a : 00C12583;
3d4b : 06051C63;
3d4c : 0001D5B7;
3d4d : F0858593;
3d4e : 00090513;
3d4f : E39FC0EF;
3d50 : 02051C63;
3d51 : 7999C783;
3d52 : 02078463;
3d53 : 0001F7B7;
3d54 : 7B17C703;
3d55 : 0001F7B7;
3d56 : 7947A603;
3d57 : 0001F7B7;
3d58 : 4C87A583;
3d59 : 00100693;
3d5a : 00700513;
3d5b : C8DF70EF;
3d5c : 00500513;
3d5d : DB9F70EF;
3d5e : 004A2783;
3d5f : 02010513;
3d60 : 000780E7;
3d61 : 00050413;
3d62 : EC055EE3;
3d63 : 000A2583;
3d64 : 00050613;
3d65 : 0001D537;
3d66 : F1050513;
3d67 : EE5F80EF;
3d68 : EC5FF06F;
3d69 : 00148493;
3d6a : F51FF06F;
3d6b : 00470713;
3d6c : E7161AE3;
3d6d : E9DFF06F;
3d6e : FE010113;
3d6f : 00500513;
3d70 : 00112E23;
3d71 : 00812C23;
3d72 : 00912A23;
3d73 : 01212823;
3d74 : 01312623;
3d75 : 01412423;
3d76 : 875FF0EF;
3d77 : 0001F737;
3d78 : 78C72783;
3d79 : 0001F437;
3d7a : 00000913;
3d7b : 00178793;
3d7c : 78F72623;
3d7d : 78042423;
3d7e : 0001F9B7;
3d7f : F94FE0EF;
3d80 : 000204B7;
3d81 : 0001DA37;
3d82 : D95F30EF;
3d83 : 4CA9A423;
3d84 : 02050A63;
3d85 : 00190913;
3d86 : 79242423;
3d87 : F74FE0EF;
3d88 : 13848593;
3d89 : F44A0513;
3d8a : E59F80EF;
3d8b : 13848513;
3d8c : BDDFF0EF;
3d8d : 4CA9A423;
3d8e : DA1FF0EF;
3d8f : 12048C23;
3d90 : FC9FF06F;
3d91 : 01C12083;
3d92 : 01812403;
3d93 : 01412483;
3d94 : 01012903;
3d95 : 00C12983;
3d96 : 00812A03;
3d97 : 02010113;
3d98 : 00008067;
3d99 : FD010113;
3d9a : 02912223;
3d9b : 00050613;
3d9c : 00050493;
3d9d : 0001C537;
3d9e : 00400593;
3d9f : 80850513;
3da0 : 02112623;
3da1 : 02812423;
3da2 : 03212023;
3da3 : 01312E23;
3da4 : 01412C23;
3da5 : D74FD0EF;
3da6 : 00200793;
3da7 : 0AF50263;
3da8 : 00050413;
3da9 : 02A7CC63;
3daa : 04050263;
3dab : 00100793;
3dac : 04F50E63;
3dad : FFF00413;
3dae : 02C12083;
3daf : 00040513;
3db0 : 02812403;
3db1 : 02412483;
3db2 : 02012903;
3db3 : 01C12983;
3db4 : 01812A03;
3db5 : 03010113;
3db6 : 00008067;
3db7 : 00300793;
3db8 : FCF51AE3;
3db9 : ED5FF0EF;
3dba : 00C0006F;
3dbb : 8A8F80EF;
3dbc : 00054663;
3dbd : 00000413;
3dbe : FC1FF06F;
3dbf : 0001D537;
3dc0 : F5450513;
3dc1 : D7DF80EF;
3dc2 : FB1FF06F;
3dc3 : 0044A783;
3dc4 : FFF00413;
3dc5 : FA0782E3;
3dc6 : 00048513;
3dc7 : F05F70EF;
3dc8 : 00055A63;
3dc9 : 0001D537;
3dca : F7450513;
3dcb : D55F80EF;
3dcc : FC5FF06F;
3dcd : 0001C537;
3dce : 01050513;
3dcf : FF1FF06F;
3dd0 : 0001D537;
3dd1 : F9050513;
3dd2 : D39F80EF;
3dd3 : 00000493;
3dd4 : 0001FA37;
3dd5 : 000209B7;
3dd6 : 0001E937;
3dd7 : C41F30EF;
3dd8 : 4CAA2423;
3dd9 : 00050413;
3dda : 00050C63;
3ddb : 13898593;
3ddc : 17090513;
3ddd : D0DF80EF;
3dde : 00148493;
3ddf : FE1FF06F;
3de0 : 00049863;
3de1 : 0001D537;
3de2 : FA850513;
3de3 : CF5F80EF;
3de4 : 692D7537;
3de5 : 27750513;
3de6 : A71F30EF;
3de7 : F4054CE3;
3de8 : 0001D537;
3de9 : FB450513;
3dea : CD9F80EF;
3deb : 00000493;
3dec : 0FF00913;
3ded : 0001D9B7;
3dee : 00100613;
3def : 00F10593;
3df0 : 00248513;
3df1 : 8E5F30EF;
3df2 : 00100793;
3df3 : 02F51C63;
3df4 : 00F14583;
3df5 : 03258063;
3df6 : FD098513;
3df7 : CA5F80EF;
3df8 : 00F14783;
3df9 : 00148493;
3dfa : 01049493;
3dfb : 0104D493;
3dfc : FD2794E3;
3dfd : 00049863;
3dfe : 0001D537;
3dff : FA850513;
3e00 : C81F80EF;
3e01 : 000207B7;
3e02 : 0E07A023;
3e03 : EADFF06F;
3e04 : FF010113;
3e05 : 00912223;
3e06 : 17C52483;
3e07 : 00812423;
3e08 : 07F00613;
3e09 : 00050413;
3e0a : 00000593;
3e0b : 06148513;
3e0c : 00112623;
3e0d : B8DFF0EF;
3e0e : 03C42703;
3e0f : 00000793;
3e10 : 00F4AC23;
3e11 : 02072783;
3e12 : 00000813;
3e13 : 0104AE23;
3e14 : 08078063;
3e15 : 00040513;
3e16 : 000780E7;
3e17 : FFF00793;
3e18 : 02F51063;
3e19 : 0001D6B7;
3e1a : 00040513;
3e1b : FD468693;
3e1c : 00100613;
3e1d : 00400593;
3e1e : 22C090EF;
3e1f : 00000513;
3e20 : 40A007B3;
3e21 : 00A79793;
3e22 : 00F4A023;
3e23 : 41F7D793;
3e24 : 00F4A223;
3e25 : 0604C783;
3e26 : 00040513;
3e27 : 0004A703;
3e28 : 0017E793;
3e29 : 06F48023;
3e2a : 00812403;
3e2b : 0044A783;
3e2c : 00C12083;
3e2d : 00412483;
3e2e : 0001D6B7;
3e2f : FF068693;
3e30 : 00100613;
3e31 : 00400593;
3e32 : 01010113;
3e33 : 1D80906F;
3e34 : 03442783;
3e35 : 0047A783;
3e36 : 01C7A783;
3e37 : 0017F793;
3e38 : 00079C63;
3e39 : 01472783;
3e3a : 00000613;
3e3b : 00000593;
3e3c : 00040513;
3e3d : 000780E7;
3e3e : 00000793;
3e3f : 00000813;
3e40 : 00F4A023;
3e41 : 0104A223;
3e42 : F8DFF06F;
3e43 : 03452783;
3e44 : FD010113;
3e45 : 02812423;
3e46 : 02912223;
3e47 : 03212023;
3e48 : 01312E23;
3e49 : 0107A903;
3e4a : 0087A983;
3e4b : 0147A403;
3e4c : 00050493;
3e4d : 00C7A783;
3e4e : 17C52503;
3e4f : 02112623;
3e50 : 00000693;
3e51 : 00000713;
3e52 : 00D7A823;
3e53 : 00E7AA23;
3e54 : 00D7A423;
3e55 : 00E7A623;
3e56 : 00079023;
3e57 : 01000613;
3e58 : 00000593;
3e59 : 04050513;
3e5a : A59FF0EF;
3e5b : 17C4A503;
3e5c : 01000613;
3e5d : 00000593;
3e5e : 05050513;
3e5f : A45FF0EF;
3e60 : 02000613;
3e61 : 00000593;
3e62 : 00090513;
3e63 : A35FF0EF;
3e64 : 0009A783;
3e65 : 00F92023;
3e66 : 0049A783;
3e67 : 00091423;
3e68 : 00F92223;
3e69 : 0009A783;
3e6a : 00F92823;
3e6b : 0049A783;
3e6c : 00F92A23;
3e6d : 00A9D783;
3e6e : 00F91C23;
3e6f : 00C9D783;
3e70 : 00F91D23;
3e71 : 00E9C783;
3e72 : 00F90E23;
3e73 : 00F9C783;
3e74 : 00F90EA3;
3e75 : 00744783;
3e76 : 0C078C63;
3e77 : 03C4A783;
3e78 : 00410693;
3e79 : 00810613;
3e7a : 0047A783;
3e7b : 00C10593;
3e7c : 00048513;
3e7d : 000780E7;
3e7e : 00050913;
3e7f : 02050463;
3e80 : 0001D6B7;
3e81 : 02500793;
3e82 : 02500713;
3e83 : 01068693;
3e84 : 00100613;
3e85 : 00300593;
3e86 : 00048513;
3e87 : 00F12623;
3e88 : 084090EF;
3e89 : 00C12703;
3e8a : 00041783;
3e8b : 02E78C63;
3e8c : 0001D6B7;
3e8d : 00300593;
3e8e : 00048513;
3e8f : 04C68693;
3e90 : 00100613;
3e91 : 060090EF;
3e92 : 00C12783;
3e93 : 00000593;
3e94 : 00048513;
3e95 : 00F41023;
3e96 : 03C4A783;
3e97 : 0107A783;
3e98 : 000780E7;
3e99 : 00090863;
3e9a : 00041123;
3e9b : 00040223;
3e9c : 0240006F;
3e9d : 00100793;
3e9e : 00F40123;
3e9f : 00812783;
3ea0 : 00F037B3;
3ea1 : 00F401A3;
3ea2 : 00412783;
3ea3 : 00F037B3;
3ea4 : 00F40223;
3ea5 : 02C12083;
3ea6 : 02812403;
3ea7 : 02412483;
3ea8 : 02012903;
3ea9 : 01C12983;
3eaa : 03010113;
3eab : 00008067;
3eac : 02500793;
3ead : 00F41023;
3eae : FB1FF06F;
3eaf : 34052703;
3eb0 : 00100793;
3eb1 : 04F71263;
3eb2 : FF010113;
3eb3 : 00812423;
3eb4 : 00112623;
3eb5 : 00050413;
3eb6 : 02050423;
3eb7 : 01852503;
3eb8 : 00000593;
3eb9 : 03800613;
3eba : 01050513;
3ebb : 8D5FF0EF;
3ebc : 00040513;
3ebd : 00812403;
3ebe : 00C12083;
3ebf : 00000593;
3ec0 : 01010113;
3ec1 : D70FE06F;
3ec2 : 00008067;
3ec3 : 17852783;
3ec4 : FF010113;
3ec5 : 0001F737;
3ec6 : 00912223;
3ec7 : 0107A483;
3ec8 : 46872783;
3ec9 : 00812423;
3eca : 00112623;
3ecb : 00178793;
3ecc : 46F72423;
3ecd : 0004C703;
3ece : 0001F7B7;
3ecf : 00050413;
3ed0 : 46E78623;
3ed1 : 02E4C703;
3ed2 : 0001F7B7;
3ed3 : 46E786A3;
3ed4 : 0001F7B7;
3ed5 : 46B78023;
3ed6 : 001007B7;
3ed7 : 41C7A683;
3ed8 : 0001F7B7;
3ed9 : 44D7AE23;
3eda : 00100793;
3edb : 06F70E63;
3edc : 0001C737;
3edd : 62C70713;
3ede : 0001D6B7;
3edf : 06068693;
3ee0 : 00100613;
3ee1 : 00200593;
3ee2 : 00040513;
3ee3 : 719080EF;
3ee4 : 001007B7;
3ee5 : 41C7A703;
3ee6 : 0001F7B7;
3ee7 : 7487A783;
3ee8 : 00079C63;
3ee9 : 34042683;
3eea : 33C42603;
3eeb : 00042583;
3eec : 00200513;
3eed : F4CF50EF;
3eee : 00040513;
3eef : 0004A223;
3ef0 : 00000593;
3ef1 : A69FC0EF;
3ef2 : 00040513;
3ef3 : EF1FF0EF;
3ef4 : 00040513;
3ef5 : 00812403;
3ef6 : 00C12083;
3ef7 : 00412483;
3ef8 : 01010113;
3ef9 : 2290906F;
3efa : 0001C737;
3efb : 60C70713;
3efc : F89FF06F;
3efd : 17852783;
3efe : FD010113;
3eff : 02812423;
3f00 : 02912223;
3f01 : 02112623;
3f02 : 03212023;
3f03 : 01312E23;
3f04 : 01412C23;
3f05 : 0107A403;
3f06 : 00050493;
3f07 : 06068863;
3f08 : 00300793;
3f09 : 0003B637;
3f0a : 02F40C23;
3f0b : 98060613;
3f0c : 00B00593;
3f0d : 7DC090EF;
3f0e : 001007B7;
3f0f : 41C7A703;
3f10 : 0001F7B7;
3f11 : 00B00593;
3f12 : 76E7A623;
3f13 : 76C7A603;
3f14 : 00048513;
3f15 : 03844903;
3f16 : 00C12623;
3f17 : 535080EF;
3f18 : 0001F7B7;
3f19 : 7687A703;
3f1a : 00C12603;
3f1b : 00042783;
3f1c : 00050693;
3f1d : 00090593;
3f1e : 00100513;
3f1f : B49F50EF;
3f20 : 00048513;
3f21 : 7DC070EF;
3f22 : 0140006F;
3f23 : 670070EF;
3f24 : 02051863;
3f25 : 00400793;
3f26 : 00F42223;
3f27 : 02C12083;
3f28 : 02812403;
3f29 : 02412483;
3f2a : 02012903;
3f2b : 01C12983;
3f2c : 01812A03;
3f2d : 00000513;
3f2e : 03010113;
3f2f : 00008067;
3f30 : 00B00593;
3f31 : 00048513;
3f32 : 4C9080EF;
3f33 : 0001FA37;
3f34 : 0001F9B7;
3f35 : 76CA2603;
3f36 : 00042783;
3f37 : 7689A703;
3f38 : 03844583;
3f39 : 00050693;
3f3a : 00050913;
3f3b : 00200513;
3f3c : AD5F50EF;
3f3d : 03844783;
3f3e : 0000F737;
3f3f : A6070713;
3f40 : 02E787B3;
3f41 : F927CCE3;
3f42 : 04091863;
3f43 : 0001D737;
3f44 : 0001D6B7;
3f45 : 00048513;
3f46 : 08470713;
3f47 : 09068693;
3f48 : 00100613;
3f49 : 00600593;
3f4a : 57D080EF;
3f4b : 76CA2603;
3f4c : 03844583;
3f4d : 7689A703;
3f4e : 00042783;
3f4f : 00000693;
3f50 : 00400513;
3f51 : A81F50EF;
3f52 : 00300593;
3f53 : 00048513;
3f54 : DBDFF0EF;
3f55 : F49FF06F;
3f56 : 00048513;
3f57 : C64FE0EF;
3f58 : F2050EE3;
3f59 : 76CA2603;
3f5a : 00042783;
3f5b : 7689A703;
3f5c : 03844583;
3f5d : 00090693;
3f5e : 00300513;
3f5f : F01FF06F;
3f60 : 17852783;
3f61 : 0001C737;
3f62 : 0001D6B7;
3f63 : FF010113;
3f64 : 81870713;
3f65 : DB468693;
3f66 : 00200613;
3f67 : 00200593;
3f68 : 00812423;
3f69 : 00912223;
3f6a : 00050413;
3f6b : 0107A483;
3f6c : 00112623;
3f6d : 4F1080EF;
3f6e : 00042703;
3f6f : 00900793;
3f70 : 02F71063;
3f71 : 00442703;
3f72 : 00800793;
3f73 : 00F71A63;
3f74 : 0424C783;
3f75 : 00078663;
3f76 : 00040513;
3f77 : 7A8090EF;
3f78 : 34042703;
3f79 : 00100793;
3f7a : 04F71463;
3f7b : 0084C783;
3f7c : 02078263;
3f7d : 00042783;
3f7e : 00900713;
3f7f : 00E78663;
3f80 : 00600713;
3f81 : 00E79863;
3f82 : 00000593;
3f83 : 00040513;
3f84 : 81DFC0EF;
3f85 : 00442783;
3f86 : 00600713;
3f87 : 00E78E63;
3f88 : 00800713;
3f89 : 02E78463;
3f8a : 00400713;
3f8b : 04E79E63;
3f8c : 00000593;
3f8d : 00C0006F;
3f8e : 0004A223;
3f8f : 00100593;
3f90 : 00040513;
3f91 : FE8FC0EF;
3f92 : 0400006F;
3f93 : 0414C783;
3f94 : 00042683;
3f95 : 00900713;
3f96 : 0FD7F793;
3f97 : 00E69C63;
3f98 : 00100713;
3f99 : 02E79263;
3f9a : 00F4A223;
3f9b : 00200593;
3f9c : FD1FF06F;
3f9d : 00100713;
3f9e : 00E78863;
3f9f : 00700593;
3fa0 : 00040513;
3fa1 : C89FF0EF;
3fa2 : 00042703;
3fa3 : 00900793;
3fa4 : 04F71463;
3fa5 : 00040513;
3fa6 : 3DC070EF;
3fa7 : 00442703;
3fa8 : 00800793;
3fa9 : 02F70A63;
3faa : 03442503;
3fab : 00452783;
3fac : 03E7C783;
3fad : 02079263;
3fae : 03C42783;
3faf : 00812403;
3fb0 : 00C12083;
3fb1 : 00412483;
3fb2 : 02C7A303;
3fb3 : 00000593;
3fb4 : 01010113;
3fb5 : 00030067;
3fb6 : 00C12083;
3fb7 : 00812403;
3fb8 : 00412483;
3fb9 : 01010113;
3fba : 00008067;
3fbb : BD1FF06F;
3fbc : FF010113;
3fbd : 00912223;
3fbe : 01852483;
3fbf : 00112623;
3fc0 : 00812423;
3fc1 : 01212023;
3fc2 : 00050413;
3fc3 : 17C52903;
3fc4 : 901FF0EF;
3fc5 : 03800613;
3fc6 : 00000593;
3fc7 : 01048513;
3fc8 : CA0FF0EF;
3fc9 : 2D9060EF;
3fca : 00C4A783;
3fcb : 00A4A823;
3fcc : 00F55663;
3fcd : 02A7E533;
3fce : 00A4A623;
3fcf : 00C4A803;
3fd0 : 0001C737;
3fd1 : 0001D6B7;
3fd2 : 82870713;
3fd3 : 0A868693;
3fd4 : 00300613;
3fd5 : 04100793;
3fd6 : 00400593;
3fd7 : 00040513;
3fd8 : 345080EF;
3fd9 : 00C4A503;
3fda : 084070EF;
3fdb : 06094783;
3fdc : 07090593;
3fdd : 00040513;
3fde : 0017E793;
3fdf : 06F90023;
3fe0 : 03C42783;
3fe1 : 00C7A783;
3fe2 : 000780E7;
3fe3 : 00100793;
3fe4 : 00040513;
3fe5 : 00F48A23;
3fe6 : 00100593;
3fe7 : 8D8FE0EF;
3fe8 : 00C12083;
3fe9 : 00812403;
3fea : 00412483;
3feb : 00012903;
3fec : 00000513;
3fed : 01010113;
3fee : 00008067;
3fef : FF010113;
3ff0 : 00912223;
3ff1 : 34052483;
3ff2 : 00112623;
3ff3 : 00812423;
3ff4 : 00100793;
3ff5 : 00F49C63;
3ff6 : 00050413;
3ff7 : F15FF0EF;
3ff8 : 01842783;
3ff9 : 00078463;
3ffa : 00978B23;
3ffb : 00C12083;
3ffc : 00812403;
3ffd : 00412483;
3ffe : 00000513;
3fff : 01010113;
4000 : 00008067;
4001 : 00050713;
4002 : 00000793;
4003 : 02C78263;
4004 : 00F706B3;
4005 : 0006C803;
4006 : 00F586B3;
4007 : 0006C683;
4008 : 00178793;
4009 : 40D80533;
400a : FED802E3;
400b : 00008067;
400c : 00000513;
400d : 00008067;
400e : FF010113;
400f : 00800613;
4010 : 00812423;
4011 : 00912223;
4012 : 00112623;
4013 : 00050493;
4014 : 00058413;
4015 : FB1FF0EF;
4016 : 00051863;
4017 : 0084D503;
4018 : 00845783;
4019 : 40F50533;
401a : 00C12083;
401b : 00812403;
401c : 00412483;
401d : 01010113;
401e : 00008067;
401f : 03452783;
4020 : 29050593;
4021 : FF010113;
4022 : 0107A503;
4023 : 00112623;
4024 : FA9FF0EF;
4025 : 00C12083;
4026 : 00153513;
4027 : 01010113;
4028 : 00008067;
4029 : 01852703;
402a : FFF00613;
402b : 06C70063;
402c : 00058693;
402d : 34800593;
402e : 02B705B3;
402f : 00052703;
4030 : 00000513;
4031 : 00B705B3;
4032 : 13259783;
4033 : 04C78463;
4034 : 00679793;
4035 : 13878613;
4036 : 00C58633;
4037 : 00100513;
4038 : 02C68A63;
4039 : 14878793;
403a : FF010113;
403b : 00F585B3;
403c : 01068513;
403d : 00112623;
403e : F41FF0EF;
403f : 00C12083;
4040 : 00153513;
4041 : 01010113;
4042 : 00008067;
4043 : 00000513;
4044 : 00008067;
4045 : 00008067;
4046 : 02B5C783;
4047 : 02079263;
4048 : 03452503;
4049 : FF010113;
404a : 00112623;
404b : F79FF0EF;
404c : 00C12083;
404d : 00A03533;
404e : 01010113;
404f : 00008067;
4050 : 00100513;
4051 : 00008067;
4052 : FE010113;
4053 : 00112E23;
4054 : 00812C23;
4055 : 00912A23;
4056 : 00060413;
4057 : 01212823;
4058 : 01312623;
4059 : 00050493;
405a : 00068913;
405b : FADFF0EF;
405c : 00040593;
405d : 00050993;
405e : 00048513;
405f : F9DFF0EF;
4060 : 00050413;
4061 : 06098E63;
4062 : 06051863;
4063 : 0001D737;
4064 : 0001D6B7;
4065 : 0E870713;
4066 : 0C468693;
4067 : 00200613;
4068 : 00300593;
4069 : 00048513;
406a : 0FD080EF;
406b : FFF00793;
406c : 00F92023;
406d : 01C12083;
406e : 00040513;
406f : 01812403;
4070 : 01412483;
4071 : 01012903;
4072 : 00C12983;
4073 : 02010113;
4074 : 00008067;
4075 : 0001D737;
4076 : 0E470713;
4077 : 0C468693;
4078 : 00200613;
4079 : 00300593;
407a : 00048513;
407b : 0B9080EF;
407c : 00092023;
407d : FC1FF06F;
407e : 00100413;
407f : FB9FF06F;
4080 : 0001D6B7;
4081 : FC0508E3;
4082 : 0001D737;
4083 : 0E070713;
4084 : 0C468693;
4085 : 00200613;
4086 : 00300593;
4087 : 00048513;
4088 : 085080EF;
4089 : 00100793;
408a : 00F92023;
408b : 00000413;
408c : F85FF06F;
408d : 03452783;
408e : FB010113;
408f : 04912223;
4090 : 00C7A703;
4091 : 0147A483;
4092 : 03312E23;
4093 : 0107A983;
4094 : 0025D783;
4095 : 04112623;
4096 : 04812423;
4097 : 00178793;
4098 : 05212023;
4099 : 00F71023;
409a : 00058913;
409b : 00050413;
409c : 01058593;
409d : 00098513;
409e : 00B12623;
409f : DBDFF0EF;
40a0 : 00C12583;
40a1 : 00A03533;
40a2 : 00A98F23;
40a3 : 00A00613;
40a4 : 00098513;
40a5 : 404000EF;
40a6 : 00800613;
40a7 : 01E90593;
40a8 : 01098513;
40a9 : 3F4000EF;
40aa : 01A95783;
40ab : 00F99C23;
40ac : 01C95783;
40ad : 00F99D23;
40ae : 02694783;
40af : 00F98E23;
40b0 : 02794783;
40b1 : 00F98EA3;
40b2 : 02A94783;
40b3 : 0087F713;
40b4 : 00E036B3;
40b5 : 00D483A3;
40b6 : 04070463;
40b7 : 03C42783;
40b8 : 01810693;
40b9 : 01C10613;
40ba : 0007A783;
40bb : 02010593;
40bc : 00040513;
40bd : 000780E7;
40be : 04050463;
40bf : 0001D737;
40c0 : 0EC70713;
40c1 : 0001D6B7;
40c2 : 0F468693;
40c3 : 00100613;
40c4 : 00300593;
40c5 : 00040513;
40c6 : 78C080EF;
40c7 : 02A94783;
40c8 : 0017D713;
40c9 : 00177713;
40ca : 0017F793;
40cb : 00E481A3;
40cc : 00F48223;
40cd : 00495783;
40ce : 00F49023;
40cf : 0BC0006F;
40d0 : 02012783;
40d1 : 00B00713;
40d2 : 24F75263;
40d3 : 01700713;
40d4 : 12E79663;
40d5 : 01C12703;
40d6 : 03B00793;
40d7 : 12F71063;
40d8 : 17842783;
40d9 : 00B78703;
40da : 00200793;
40db : 00E79733;
40dc : 03C00793;
40dd : 40E787B3;
40de : 01812703;
40df : 10F74063;
40e0 : 0001D6B7;
40e1 : 13068693;
40e2 : 00200613;
40e3 : 00300593;
40e4 : 00040513;
40e5 : 710080EF;
40e6 : 03C42783;
40e7 : 02410693;
40e8 : 02810613;
40e9 : 0047A783;
40ea : 02C10593;
40eb : 00040513;
40ec : 000780E7;
40ed : 02050063;
40ee : 0001D6B7;
40ef : 16068693;
40f0 : 00100613;
40f1 : 00300593;
40f2 : 00040513;
40f3 : 6D8080EF;
40f4 : 0280006F;
40f5 : 02412803;
40f6 : 02812783;
40f7 : 02C12703;
40f8 : 0001D6B7;
40f9 : 18868693;
40fa : 00300613;
40fb : 00300593;
40fc : 00040513;
40fd : 6B0080EF;
40fe : 02A94783;
40ff : FFF00613;
4100 : 00800593;
4101 : 0027D713;
4102 : 00177713;
4103 : 00E48123;
4104 : 0047D713;
4105 : 00177713;
4106 : 00E482A3;
4107 : 0057D713;
4108 : 0037D793;
4109 : 00177713;
410a : 0017F793;
410b : 00E48323;
410c : 00F483A3;
410d : 02894783;
410e : 00F48423;
410f : 03442783;
4110 : 0007A503;
4111 : 7CD080EF;
4112 : 02042783;
4113 : 0687A783;
4114 : 00078863;
4115 : 00090593;
4116 : 00040513;
4117 : 000780E7;
4118 : 04C12083;
4119 : 04812403;
411a : 04412483;
411b : 04012903;
411c : 03C12983;
411d : 05010113;
411e : 00008067;
411f : 03C42783;
4120 : 02410693;
4121 : 02810613;
4122 : 0047A783;
4123 : 02C10593;
4124 : 00040513;
4125 : 000780E7;
4126 : 00050863;
4127 : 0001D737;
4128 : 1C070713;
4129 : E61FF06F;
412a : 02812783;
412b : 02C12703;
412c : 02412803;
412d : 0001D6B7;
412e : 18868693;
412f : 00300613;
4130 : 00300593;
4131 : 00040513;
4132 : 5DC080EF;
4133 : 02A94783;
4134 : 02812703;
4135 : 0027F693;
4136 : 00D03633;
4137 : 00E03733;
4138 : 0017F793;
4139 : 00C71E63;
413a : 02412703;
413b : 00E03733;
413c : 00F71863;
413d : 00491703;
413e : 02C12583;
413f : EEE58EE3;
4140 : 0FF7F793;
4141 : 00C481A3;
4142 : 00F48223;
4143 : 00491703;
4144 : 00E49023;
4145 : 06068463;
4146 : 00100693;
4147 : 02D12423;
4148 : 06078263;
4149 : 00100793;
414a : 02F12223;
414b : 02812783;
414c : 02412803;
414d : 0001D6B7;
414e : 1C868693;
414f : 00100613;
4150 : 00300593;
4151 : 00040513;
4152 : 02E12623;
4153 : 558080EF;
4154 : 03C42783;
4155 : 02412683;
4156 : 02812603;
4157 : 0087A783;
4158 : 02C12583;
4159 : 00040513;
415a : 000780E7;
415b : E80506E3;
415c : 0001D6B7;
415d : 20068693;
415e : E49FF06F;
415f : 02012423;
4160 : FA1FF06F;
4161 : 02012223;
4162 : FA5FF06F;
4163 : 01C12703;
4164 : 00E7E7B3;
4165 : 0A079463;
4166 : 17842783;
4167 : 00B78703;
4168 : 00200793;
4169 : 00E797B3;
416a : 01812703;
416b : 08E7C863;
416c : 0001D6B7;
416d : 22468693;
416e : 00200613;
416f : 00300593;
4170 : 00040513;
4171 : 4E0080EF;
4172 : 03C42783;
4173 : 02410693;
4174 : 02810613;
4175 : 0047A783;
4176 : 02C10593;
4177 : 00040513;
4178 : 000780E7;
4179 : 02050463;
417a : 0001D6B7;
417b : 16068693;
417c : 00100613;
417d : 00300593;
417e : 00040513;
417f : 4A8080EF;
4180 : 000481A3;
4181 : 00048223;
4182 : DF1FF06F;
4183 : 02812783;
4184 : 02412803;
4185 : 02C12703;
4186 : 0001D6B7;
4187 : 18868693;
4188 : 00300613;
4189 : 00300593;
418a : 00040513;
418b : 478080EF;
418c : 02C12783;
418d : 00F49023;
418e : FC9FF06F;
418f : 00491703;
4190 : 00049783;
4191 : 02E78C63;
4192 : 0001D6B7;
4193 : 00300593;
4194 : 00040513;
4195 : 25068693;
4196 : 00100613;
4197 : 448080EF;
4198 : 00495783;
4199 : 00000593;
419a : 00040513;
419b : 00F49023;
419c : 03C42783;
419d : 0107A783;
419e : 000780E7;
419f : 02A94783;
41a0 : 0017D713;
41a1 : 00177713;
41a2 : 0017F793;
41a3 : 00E481A3;
41a4 : 00F48223;
41a5 : D65FF06F;
41a6 : 00000793;
41a7 : 00F61463;
41a8 : 00008067;
41a9 : 00F58733;
41aa : 00074683;
41ab : 00F50733;
41ac : 00178793;
41ad : 00D70023;
41ae : FE5FF06F;
41af : 13251783;
41b0 : FE010113;
41b1 : 00812C23;
41b2 : 01212823;
41b3 : 00112E23;
41b4 : 00912A23;
41b5 : 01312623;
41b6 : 00050413;
41b7 : 00058913;
41b8 : 00B79663;
41b9 : FFF00793;
41ba : 12F51923;
41bb : 00691493;
41bc : 009404B3;
41bd : 00090993;
41be : 13045783;
41bf : FFF78793;
41c0 : 03305263;
41c1 : 01C12083;
41c2 : 12F41823;
41c3 : 01812403;
41c4 : 01412483;
41c5 : 01012903;
41c6 : 00C12983;
41c7 : 02010113;
41c8 : 00008067;
41c9 : 00198993;
41ca : 13848513;
41cb : 04000613;
41cc : 02F95263;
41cd : 17848593;
41ce : F61FF0EF;
41cf : 13241783;
41d0 : 01379663;
41d1 : FFF98793;
41d2 : 12F41923;
41d3 : 04048493;
41d4 : FA9FF06F;
41d5 : 00000593;
41d6 : C69FE0EF;
41d7 : FF1FF06F;
41d8 : FF010113;
41d9 : 00300593;
41da : 00812423;
41db : 00112623;
41dc : 00050413;
41dd : 295080EF;
41de : 08050E63;
41df : 00300593;
41e0 : 00040513;
41e1 : 9B9FE0EF;
41e2 : 03442583;
41e3 : 00000713;
41e4 : 00000613;
41e5 : 0085A783;
41e6 : 00000693;
41e7 : 34800813;
41e8 : 0087D503;
41e9 : 00700893;
41ea : 00100313;
41eb : 00400E13;
41ec : 06A74C63;
41ed : 00040513;
41ee : 0A060263;
41ef : 0A069063;
41f0 : 94CFF0EF;
41f1 : 00600793;
41f2 : 00F42223;
41f3 : 13241783;
41f4 : FFF00713;
41f5 : 02E78C63;
41f6 : 13045803;
41f7 : 0307D863;
41f8 : 0001D737;
41f9 : 0001D6B7;
41fa : 00300593;
41fb : 00040513;
41fc : 28070713;
41fd : 28868693;
41fe : 00100613;
41ff : 2A8080EF;
4200 : 13241583;
4201 : 00040513;
4202 : EB5FF0EF;
4203 : FFF00793;
4204 : 12F41923;
4205 : 00C12083;
4206 : 00812403;
4207 : 00000513;
4208 : 01010113;
4209 : 00008067;
420a : 03070EB3;
420b : 0005A783;
420c : 01D787B3;
420d : 0007A783;
420e : 00F8CA63;
420f : 00FE5463;
4210 : 00100613;
4211 : 00170713;
4212 : F69FF06F;
4213 : FF878793;
4214 : FEF36AE3;
4215 : 00100693;
4216 : FEDFF06F;
4217 : 8BDFE0EF;
4218 : F65FF06F;
4219 : FF010113;
421a : 00812423;
421b : 00912223;
421c : 00112623;
421d : 27154703;
421e : 00B00793;
421f : 00050493;
4220 : 00060413;
4221 : 06E7E063;
4222 : 0001B6B7;
4223 : 00271793;
4224 : 55868693;
4225 : 00F687B3;
4226 : 2E07A783;
4227 : 04078463;
4228 : 000780E7;
4229 : 00050413;
422a : 00048513;
422b : EB5FF0EF;
422c : 00300593;
422d : 00048513;
422e : 0D8080EF;
422f : 00A4A423;
4230 : 00040663;
4231 : 00200793;
4232 : 00F4A223;
4233 : 00C12083;
4234 : 00040513;
4235 : 00812403;
4236 : 00412483;
4237 : 01010113;
4238 : 00008067;
4239 : FC0402E3;
423a : 0001D6B7;
423b : 2AC68693;
423c : 00100613;
423d : 00500593;
423e : 00048513;
423f : 1A8080EF;
4240 : 00000413;
4241 : FA5FF06F;
4242 : 02052783;
4243 : FE010113;
4244 : 00812C23;
4245 : 00C7A783;
4246 : 01212823;
4247 : 01312623;
4248 : 00112E23;
4249 : 00912A23;
424a : 00050413;
424b : 00058993;
424c : 00060913;
424d : 02079A63;
424e : 27144703;
424f : 00C00793;
4250 : 04E7F063;
4251 : 00000493;
4252 : 06090263;
4253 : 0001D6B7;
4254 : 2AC68693;
4255 : 00100613;
4256 : 00500593;
4257 : 00040513;
4258 : 144080EF;
4259 : 0480006F;
425a : 000780E7;
425b : 00050493;
425c : FC0504E3;
425d : 00200793;
425e : 00F42223;
425f : 03C0006F;
4260 : 0001B6B7;
4261 : 00271793;
4262 : 55868693;
4263 : 00F687B3;
4264 : 3107A783;
4265 : FA0788E3;
4266 : 00090613;
4267 : 00098593;
4268 : 00040513;
4269 : 000780E7;
426a : 00050493;
426b : 00040513;
426c : DB1FF0EF;
426d : FC0490E3;
426e : 00040513;
426f : 00300593;
4270 : 7D1070EF;
4271 : 00A42423;
4272 : 01C12083;
4273 : 01812403;
4274 : 01012903;
4275 : 00C12983;
4276 : 00048513;
4277 : 01412483;
4278 : 02010113;
4279 : 00008067;
427a : FD010113;
427b : 01412C23;
427c : 03452A03;
427d : 02812423;
427e : 02912223;
427f : 004A2783;
4280 : 03212023;
4281 : 01312E23;
4282 : 0047A783;
4283 : 02112623;
4284 : 00600713;
4285 : 17852483;
4286 : 00050413;
4287 : 00058913;
4288 : 00060993;
4289 : 00E79863;
428a : 008A2703;
428b : 00A74703;
428c : 24F71063;
428d : 03842783;
428e : 00040513;
428f : 0007A783;
4290 : 000780E7;
4291 : 22054663;
4292 : 008A2783;
4293 : 0087D703;
4294 : 00100793;
4295 : 02E7DC63;
4296 : 000A2783;
4297 : 00100613;
4298 : 00000693;
4299 : 00100593;
429a : 0007A503;
429b : 00B50863;
429c : 2A07C503;
429d : 00B51463;
429e : 00000613;
429f : 00168693;
42a0 : 34878793;
42a1 : FEE6C2E3;
42a2 : 10060463;
42a3 : 00100793;
42a4 : 06040593;
42a5 : 1EE7D463;
42a6 : 03442783;
42a7 : D8FD9737;
42a8 : FD970713;
42a9 : 0007A783;
42aa : 40F407B3;
42ab : 4037D793;
42ac : 02E787B3;
42ad : 0FF7F793;
42ae : 1C078263;
42af : 00500713;
42b0 : FFF00613;
42b1 : 00E406B3;
42b2 : 0606C683;
42b3 : 00810593;
42b4 : 00E585B3;
42b5 : 40F68533;
42b6 : 00A58023;
42b7 : FFF70713;
42b8 : 00F6B7B3;
42b9 : FEC710E3;
42ba : 03442783;
42bb : 00814703;
42bc : 0087A783;
42bd : 00E78023;
42be : 00914703;
42bf : 00E780A3;
42c0 : 00A14703;
42c1 : 00E78123;
42c2 : FFF00713;
42c3 : 00E781A3;
42c4 : FFE00713;
42c5 : 00E78223;
42c6 : 00B14703;
42c7 : 00E782A3;
42c8 : 00C14703;
42c9 : 00E78323;
42ca : 00D14703;
42cb : 00E783A3;
42cc : 03442783;
42cd : 0087A703;
42ce : 0107A783;
42cf : 00072683;
42d0 : 00D7A023;
42d1 : 00472683;
42d2 : 00D7A223;
42d3 : FFFF06B7;
42d4 : 00D7A423;
42d5 : 800006B7;
42d6 : FFF6C693;
42d7 : 00D7A623;
42d8 : 00072683;
42d9 : 00D7A823;
42da : 00472683;
42db : 00D7AA23;
42dc : 00A75683;
42dd : 00D79C23;
42de : 00C75683;
42df : 00D79D23;
42e0 : 00E74683;
42e1 : 00D78E23;
42e2 : 00F74703;
42e3 : 00E78EA3;
42e4 : 03442783;
42e5 : 00800613;
42e6 : 00048513;
42e7 : 0087A583;
42e8 : AF9FF0EF;
42e9 : 03442703;
42ea : 34840793;
42eb : 00040513;
42ec : 00072703;
42ed : 00048AA3;
42ee : 40E787B3;
42ef : D8FD9737;
42f0 : FD970713;
42f1 : 4037D793;
42f2 : 02E787B3;
42f3 : 00F49423;
42f4 : 00200793;
42f5 : 00F48723;
42f6 : 2E842783;
42f7 : 00F485A3;
42f8 : 2EC42783;
42f9 : 00F48623;
42fa : 2F042783;
42fb : 00F486A3;
42fc : 2F442783;
42fd : 00F48523;
42fe : 2F842783;
42ff : 00F48A23;
4300 : 09D080EF;
4301 : 00040513;
4302 : 631070EF;
4303 : 17842783;
4304 : 00B78503;
4305 : 481070EF;
4306 : 01C42783;
4307 : 00251513;
4308 : 12A42A23;
4309 : 00F037B3;
430a : 34F42023;
430b : 02042783;
430c : 32042E23;
430d : 0007A783;
430e : 04078A63;
430f : 00098613;
4310 : 00090593;
4311 : 00040513;
4312 : 000780E7;
4313 : 04050063;
4314 : 0001C737;
4315 : 0001D6B7;
4316 : 89C70713;
4317 : 2C068693;
4318 : 00100613;
4319 : 00200593;
431a : 00040513;
431b : 639070EF;
431c : 3E800793;
431d : 00F42423;
431e : 0E00006F;
431f : 00600613;
4320 : 00810513;
4321 : A15FF0EF;
4322 : E61FF06F;
4323 : 03442783;
4324 : 0001D6B7;
4325 : 2DC68693;
4326 : 0087A783;
4327 : 00100613;
4328 : 00300593;
4329 : 00A7C703;
432a : 00040513;
432b : 5F9070EF;
432c : 03442783;
432d : 0001D6B7;
432e : 2F068693;
432f : 0087A783;
4330 : 00100613;
4331 : 00300593;
4332 : 00B7C703;
4333 : 00040513;
4334 : 5D5070EF;
4335 : 05042483;
4336 : 02200613;
4337 : 00000593;
4338 : 00048513;
4339 : EDCFE0EF;
433a : 17842703;
433b : 00800613;
433c : 01448513;
433d : 01574783;
433e : 00E74703;
433f : 00479793;
4340 : 00F77713;
4341 : 00E7E7B3;
4342 : 00F480A3;
4343 : 03442783;
4344 : 0087A783;
4345 : 0107C783;
4346 : 00F48223;
4347 : 17842583;
4348 : 979FF0EF;
4349 : 17842703;
434a : 00875783;
434b : 00875703;
434c : 00879793;
434d : 00875713;
434e : 00E7E7B3;
434f : 00F49E23;
4350 : 0001F7B7;
4351 : 4DC7C703;
4352 : 00400793;
4353 : 00F71463;
4354 : 00A00793;
4355 : 00F42223;
4356 : 02C12083;
4357 : 02812403;
4358 : 02412483;
4359 : 02012903;
435a : 01C12983;
435b : 01812A03;
435c : 00000513;
435d : 03010113;
435e : 00008067;
435f : FD010113;
4360 : 17852783;
4361 : 02912223;
4362 : 00060493;
4363 : 02812423;
4364 : 03212023;
4365 : 00058413;
4366 : 00050913;
4367 : 00800613;
4368 : 02258593;
4369 : 00048513;
436a : 01312E23;
436b : 01412C23;
436c : 0107A983;
436d : 02112623;
436e : 00068A13;
436f : 8DDFF0EF;
4370 : 02A45783;
4371 : 02A45703;
4372 : 00879793;
4373 : 00875713;
4374 : 00E7E7B3;
4375 : 00F49423;
4376 : 02C45783;
4377 : 02C45703;
4378 : 00879793;
4379 : 00875713;
437a : 00E7E7B3;
437b : 01079793;
437c : 0107D793;
437d : 00300713;
437e : 04E78E63;
437f : 00100513;
4380 : 00F12623;
4381 : 80DFB0EF;
4382 : 00C12783;
4383 : 0001D737;
4384 : 0001D6B7;
4385 : 30870713;
4386 : 32C68693;
4387 : 00100613;
4388 : 00500593;
4389 : 00090513;
438a : 47D070EF;
438b : 00000413;
438c : 02C12083;
438d : 00040513;
438e : 02812403;
438f : 02412483;
4390 : 02012903;
4391 : 01C12983;
4392 : 01812A03;
4393 : 03010113;
4394 : 00008067;
4395 : 03245483;
4396 : 03245783;
4397 : 03045703;
4398 : 00849493;
4399 : 0087D793;
439a : 00F4E4B3;
439b : 03045783;
439c : 00875713;
439d : 01049493;
439e : 00879793;
439f : 00E7E7B3;
43a0 : 01079793;
43a1 : 0104D493;
43a2 : 0107D793;
43a3 : 0084D713;
43a4 : 00879793;
43a5 : 00F767B3;
43a6 : 00080737;
43a7 : 03070713;
43a8 : 02E78463;
43a9 : 00200513;
43aa : 00F12623;
43ab : F64FB0EF;
43ac : 0001D737;
43ad : 0001D6B7;
43ae : 00C12783;
43af : 30870713;
43b0 : 35468693;
43b1 : F59FF06F;
43b2 : 03445783;
43b3 : 03445703;
43b4 : 00849493;
43b5 : 00879793;
43b6 : 00875713;
43b7 : 00E7E7B3;
43b8 : 01079793;
43b9 : 0107D793;
43ba : 0087D713;
43bb : 00E4E4B3;
43bc : 01049493;
43bd : 0000E737;
43be : 0104D493;
43bf : EAD70713;
43c0 : 02E48263;
43c1 : 00300513;
43c2 : F08FB0EF;
43c3 : 0001D737;
43c4 : 0001D6B7;
43c5 : 00048793;
43c6 : 30870713;
43c7 : 36C68693;
43c8 : EFDFF06F;
43c9 : 0FF7F793;
43ca : 00100713;
43cb : 02E78463;
43cc : 00400513;
43cd : 00F12623;
43ce : ED8FB0EF;
43cf : 0001D737;
43d0 : 0001D6B7;
43d1 : 00C12783;
43d2 : 30870713;
43d3 : 39068693;
43d4 : ECDFF06F;
43d5 : 03645783;
43d6 : 03645703;
43d7 : 0001F6B7;
43d8 : 00879793;
43d9 : 00875713;
43da : 00E7E7B3;
43db : 4786A703;
43dc : 01079793;
43dd : 0107D793;
43de : 00170713;
43df : 46E6AC23;
43e0 : 0001F737;
43e1 : 46F71E23;
43e2 : 00001737;
43e3 : 00FA1023;
43e4 : 00370693;
43e5 : 02D78463;
43e6 : 00470713;
43e7 : 08E78A63;
43e8 : 33C92703;
43e9 : 00200793;
43ea : 00100413;
43eb : E8F712E3;
43ec : 00090513;
43ed : 63C080EF;
43ee : E79FF06F;
43ef : 03844783;
43f0 : 00100613;
43f1 : 00500593;
43f2 : 04F99223;
43f3 : 03845783;
43f4 : 00090513;
43f5 : 0087D793;
43f6 : 04F98623;
43f7 : 03C45703;
43f8 : 03C45783;
43f9 : 03A45683;
43fa : 00871713;
43fb : 0087D793;
43fc : 00F76733;
43fd : 03A45783;
43fe : 0086D693;
43ff : 01071713;
4400 : 00879793;
4401 : 00D7E7B3;
4402 : 01079793;
4403 : 0107D793;
4404 : 00F76733;
4405 : 17892783;
4406 : 0001D6B7;
4407 : 3B468693;
4408 : 0107A783;
4409 : 04E7A423;
440a : 27D070EF;
440b : F75FF06F;
440c : 03842503;
440d : 0ED080EF;
440e : 02A9A023;
440f : 03C42503;
4410 : 0E1080EF;
4411 : 00A9AE23;
4412 : 04042503;
4413 : 0D5080EF;
4414 : 02A9A423;
4415 : 04442503;
4416 : 0C9080EF;
4417 : 02A9A223;
4418 : F41FF06F;
4419 : 17852783;
441a : 00052703;
441b : FD010113;
441c : 02812423;
441d : 03212023;
441e : 02112623;
441f : 0107A903;
4420 : 02912223;
4421 : 00600793;
4422 : 00050413;
4423 : 06F71063;
4424 : 27154703;
4425 : 00C00793;
4426 : 3E800493;
4427 : 02F71A63;
4428 : 00E10693;
4429 : 01010613;
442a : CD5FF0EF;
442b : 02050263;
442c : 00E15703;
442d : 000017B7;
442e : 00F71863;
442f : 00300793;
4430 : 00F92223;
4431 : 00000493;
4432 : 00040513;
4433 : 4B8080EF;
4434 : 02C12083;
4435 : 02812403;
4436 : 02012903;
4437 : 00048513;
4438 : 02412483;
4439 : 03010113;
443a : 00008067;
443b : 05C92703;
443c : 00100793;
443d : 08F71063;
443e : 34052703;
443f : 00200793;
4440 : 02F71463;
4441 : 0001F737;
4442 : 0001D6B7;
4443 : 21C70713;
4444 : 3D068693;
4445 : 00100613;
4446 : 00200593;
4447 : 189070EF;
4448 : 00040513;
4449 : 460080EF;
444a : 34042703;
444b : 00100793;
444c : 02F71C63;
444d : 00092783;
444e : 00000493;
444f : F8079AE3;
4450 : 00042703;
4451 : 00900793;
4452 : 00F71663;
4453 : 00800793;
4454 : 00F42223;
4455 : 00200593;
4456 : 00040513;
4457 : CD0FB0EF;
4458 : 00100793;
4459 : 00F92223;
445a : 04092E23;
445b : 00000493;
445c : F61FF06F;
445d : 00200693;
445e : 3E800493;
445f : F4D71AE3;
4460 : 34052703;
4461 : 02F71463;
4462 : 0001F737;
4463 : 0001D6B7;
4464 : 21C70713;
4465 : 3EC68693;
4466 : 00100613;
4467 : 00200593;
4468 : 105070EF;
4469 : 00040513;
446a : 464080EF;
446b : 00042703;
446c : 00900793;
446d : 00F71663;
446e : 00800793;
446f : 00F42223;
4470 : 04092E23;
4471 : 3E800493;
4472 : F09FF06F;
4473 : 17852783;
4474 : FE010113;
4475 : 0001C737;
4476 : 0001D6B7;
4477 : 01212823;
4478 : 8AC70713;
4479 : 00058913;
447a : DB468693;
447b : 00200613;
447c : 00200593;
447d : 00812C23;
447e : 00912A23;
447f : 00112E23;
4480 : 0107A483;
4481 : 01312623;
4482 : 01412423;
4483 : 01512223;
4484 : 00050413;
4485 : 091070EF;
4486 : 03095783;
4487 : 0E078463;
4488 : 01842783;
4489 : 03295403;
448a : 00690A93;
448b : 0167C703;
448c : 00347993;
448d : 04E48A13;
448e : 04071E63;
448f : 000A0593;
4490 : 000A8513;
4491 : DF5FE0EF;
4492 : 00100793;
4493 : 02051E63;
4494 : 0584D783;
4495 : 00095603;
4496 : 00100693;
4497 : 00178713;
4498 : 01071713;
4499 : 01075713;
449a : 00E60C63;
449b : 00278793;
449c : 01079793;
449d : 0107D793;
449e : 40C787B3;
449f : 0017B693;
44a0 : 00100793;
44a1 : 40D787B3;
44a2 : 02099463;
44a3 : 00078E63;
44a4 : 00C0006F;
44a5 : 00078B23;
44a6 : 00099E63;
44a7 : 05C4A703;
44a8 : 00200793;
44a9 : 0AF71063;
44aa : 00000413;
44ab : 0140006F;
44ac : 00078863;
44ad : 05C4A703;
44ae : 00100793;
44af : 06F71863;
44b0 : 00347713;
44b1 : 00E037B3;
44b2 : 04F48123;
44b3 : 00345793;
44b4 : 00245413;
44b5 : 0017F793;
44b6 : 00147413;
44b7 : 00F484A3;
44b8 : 048481A3;
44b9 : 04E480A3;
44ba : 00A00613;
44bb : 000A8593;
44bc : 000A0513;
44bd : BA4FF0EF;
44be : 00095783;
44bf : 04F49C23;
44c0 : 02091823;
44c1 : 01C12083;
44c2 : 01812403;
44c3 : 01412483;
44c4 : 01012903;
44c5 : 00C12983;
44c6 : 00812A03;
44c7 : 00412A83;
44c8 : 00000513;
44c9 : 02010113;
44ca : 00008067;
44cb : 00147713;
44cc : 00200413;
44cd : F80706E3;
44ce : 04F4AE23;
44cf : 00098413;
44d0 : F81FF06F;
44d1 : 04F4AE23;
44d2 : F61FF06F;
44d3 : 06C52783;
44d4 : FD010113;
44d5 : 02812423;
44d6 : 02112623;
44d7 : 02912223;
44d8 : 03212023;
44d9 : 00050413;
44da : 00078463;
44db : BB0FB0EF;
44dc : 02C42783;
44dd : 00100713;
44de : 0EF74A63;
44df : 1007D663;
44e0 : 08C42583;
44e1 : 04042703;
44e2 : 00B70733;
44e3 : 00377793;
44e4 : 00078663;
44e5 : 00400693;
44e6 : 40F687B3;
44e7 : 00F70733;
44e8 : 09042603;
44e9 : 04442783;
44ea : 04E42823;
44eb : 00C787B3;
44ec : 0037F693;
44ed : 00068663;
44ee : 00400513;
44ef : 40D506B3;
44f0 : 00D787B3;
44f1 : 04F42A23;
44f2 : 40C787B3;
44f3 : 40B70733;
44f4 : 04F42623;
44f5 : 0001C5B7;
44f6 : FFFFF7B7;
44f7 : 78878793;
44f8 : 04E42423;
44f9 : 00600613;
44fa : 8B858593;
44fb : 00C10513;
44fc : 00F11C23;
44fd : AA4FF0EF;
44fe : 000207B7;
44ff : 00021537;
4500 : 26C78793;
4501 : 00000713;
4502 : 00100693;
4503 : 00C10613;
4504 : 20000593;
4505 : 15C50513;
4506 : 858F90EF;
4507 : 00050493;
4508 : 02050863;
4509 : 00020937;
450a : 00600613;
450b : 0C890593;
450c : 07440513;
450d : A64FF0EF;
450e : 00600613;
450f : 06942623;
4510 : 0C890593;
4511 : 06040513;
4512 : A50FF0EF;
4513 : 04942C23;
4514 : 02C12083;
4515 : 02812403;
4516 : 02412483;
4517 : 02012903;
4518 : 00000513;
4519 : 03010113;
451a : 00008067;
451b : 00200713;
451c : F0E798E3;
451d : 01200793;
451e : 08F42623;
451f : 00E00793;
4520 : 08F42823;
4521 : EFDFF06F;
4522 : 08042623;
4523 : 08042823;
4524 : EF1FF06F;
4525 : 00C00793;
4526 : 02F686B3;
4527 : FA010113;
4528 : 05412423;
4529 : 0001BA37;
452a : 05212823;
452b : 00058913;
452c : 558A0593;
452d : 04112E23;
452e : 04812C23;
452f : 04912A23;
4530 : 00D586B3;
4531 : 05312623;
4532 : 36F6C783;
4533 : FFFFF737;
4534 : 78870713;
4535 : 00E11C23;
4536 : 00600713;
4537 : 02E787B3;
4538 : 06C52483;
4539 : 3EC58593;
453a : 00050413;
453b : 00060993;
453c : 00C10513;
453d : 00600613;
453e : 00F585B3;
453f : 99CFF0EF;
4540 : 02010713;
4541 : 00098693;
4542 : 00090613;
4543 : 00048513;
4544 : 00C10593;
4545 : E20F90EF;
4546 : 02012783;
4547 : 02412683;
4548 : 03C12603;
4549 : 12F42023;
454a : 02812783;
454b : 12D42223;
454c : 00050493;
454d : 4107D893;
454e : 01079793;
454f : 12F42423;
4550 : 13142623;
4551 : 558A0713;
4552 : 00061C63;
4553 : 00269693;
4554 : 0026D693;
4555 : 8F000637;
4556 : 00D666B3;
4557 : 12D42223;
4558 : 12042803;
4559 : 0107D793;
455a : 01089893;
455b : 0001D6B7;
455c : 00F8E8B3;
455d : 40070713;
455e : 00048793;
455f : 40868693;
4560 : 00200613;
4561 : 00500593;
4562 : 00040513;
4563 : 518070EF;
4564 : 0001F7B7;
4565 : 4DC7C703;
4566 : 00400793;
4567 : 02F71E63;
4568 : 12842783;
4569 : 3E800713;
456a : 12C42603;
456b : 01079693;
456c : 0106D693;
456d : 02E686B3;
456e : 12042583;
456f : 01061613;
4570 : 0107D793;
4571 : 0001D537;
4572 : 00F66633;
4573 : 42850513;
4574 : 0106D693;
4575 : EADF60EF;
4576 : 02905C63;
4577 : 0001F7B7;
4578 : 7607A783;
4579 : 02442703;
457a : 00E7E7B3;
457b : 0147D793;
457c : 00E7F793;
457d : 00078E63;
457e : 0001D537;
457f : 12040693;
4580 : 00098613;
4581 : 00090593;
4582 : 43850513;
4583 : 3AC060EF;
4584 : 05C12083;
4585 : 05812403;
4586 : 05012903;
4587 : 04C12983;
4588 : 04812A03;
4589 : 00048513;
458a : 05412483;
458b : 06010113;
458c : 00008067;
458d : 00B505B3;
458e : 00050793;
458f : 00B79663;
4590 : 40A78533;
4591 : 00008067;
4592 : 0007C703;
4593 : FE070AE3;
4594 : 00178793;
4595 : FE9FF06F;
4596 : FB010113;
4597 : 04912223;
4598 : 00050613;
4599 : 00050493;
459a : 0001C537;
459b : 00500593;
459c : 96850513;
459d : 04112623;
459e : 04812423;
459f : 05212023;
45a0 : 03312E23;
45a1 : 03412C23;
45a2 : 03512A23;
45a3 : 03612823;
45a4 : D78FB0EF;
45a5 : 00400793;
45a6 : 30A7E863;
45a7 : 0001B737;
45a8 : 00251793;
45a9 : 53070713;
45aa : 00E787B3;
45ab : 0007A783;
45ac : 00050413;
45ad : 00078067;
45ae : B84F60EF;
45af : FFF00793;
45b0 : 0EF51063;
45b1 : 0001C537;
45b2 : 06850513;
45b3 : DB5F60EF;
45b4 : FFB00413;
45b5 : 0CC0006F;
45b6 : 0144A783;
45b7 : 2C078663;
45b8 : 0044A903;
45b9 : 01000593;
45ba : 00090513;
45bb : F49FF0EF;
45bc : 00000793;
45bd : 0CA79C63;
45be : 01000793;
45bf : 02000713;
45c0 : 0EF51463;
45c1 : 0084A503;
45c2 : DE9FA0EF;
45c3 : 02A12223;
45c4 : 00C4A503;
45c5 : DDDFA0EF;
45c6 : 02A12423;
45c7 : 0104A503;
45c8 : DD1FA0EF;
45c9 : 3B9AD7B7;
45ca : A0078793;
45cb : 02F50733;
45cc : 02F51533;
45cd : 00E12E23;
45ce : 02A12023;
45cf : 00055463;
45d0 : FFF00413;
45d1 : 0144A503;
45d2 : DA9FA0EF;
45d3 : 02850433;
45d4 : 01C12783;
45d5 : 02012703;
45d6 : 00100593;
45d7 : 00000613;
45d8 : 00C10513;
45d9 : 41F45693;
45da : 00878433;
45db : 00D70733;
45dc : 00F437B3;
45dd : 00E787B3;
45de : 02F12023;
45df : 00812E23;
45e0 : DB4F70EF;
45e1 : FFE00793;
45e2 : 00050593;
45e3 : 06F51863;
45e4 : 0001D537;
45e5 : 44850513;
45e6 : CE9F60EF;
45e7 : FE400413;
45e8 : 04C12083;
45e9 : 00040513;
45ea : 04812403;
45eb : 04412483;
45ec : 04012903;
45ed : 03C12983;
45ee : 03812A03;
45ef : 03412A83;
45f0 : 03012B03;
45f1 : 05010113;
45f2 : 00008067;
45f3 : 00F90733;
45f4 : 00074683;
45f5 : 00C10713;
45f6 : 00F70733;
45f7 : 00D70023;
45f8 : 00178793;
45f9 : F11FF06F;
45fa : 00C10693;
45fb : 00A686B3;
45fc : 00E68023;
45fd : 00150513;
45fe : F09FF06F;
45ff : FFF00793;
4600 : 00F51863;
4601 : 0001D537;
4602 : 45850513;
4603 : EC1FF06F;
4604 : 0001D537;
4605 : 46450513;
4606 : C69F60EF;
4607 : 00000413;
4608 : F81FF06F;
4609 : 00055E63;
460a : 00050593;
460b : 0001D537;
460c : 48850513;
460d : C4DF60EF;
460e : FF200413;
460f : F65FF06F;
4610 : 00148493;
4611 : 00048593;
4612 : 4A498513;
4613 : C35F60EF;
4614 : 00000913;
4615 : 00C10793;
4616 : 012787B3;
4617 : 0007C583;
4618 : FD0A0513;
4619 : 00190913;
461a : C19F60EF;
461b : FF5914E3;
461c : 01C12703;
461d : 02012783;
461e : 02812603;
461f : 02412583;
4620 : 4ACB0513;
4621 : BFDF60EF;
4622 : F884FAE3;
4623 : 00048613;
4624 : 00000593;
4625 : 00C10513;
4626 : 8D8F70EF;
4627 : 00050413;
4628 : F80512E3;
4629 : 0001D537;
462a : 47450513;
462b : BD5F60EF;
462c : EF1FF06F;
462d : 00100413;
462e : 00000493;
462f : 0001D9B7;
4630 : 0001DA37;
4631 : 01000A93;
4632 : 0001DB37;
4633 : FBDFF06F;
4634 : 0044A703;
4635 : 02071463;
4636 : 00000513;
4637 : 0340006F;
4638 : 00170713;
4639 : 00178793;
463a : 00074603;
463b : 0007C683;
463c : 00060C63;
463d : FED606E3;
463e : FE1FF06F;
463f : 0001D7B7;
4640 : 44078793;
4641 : FE5FF06F;
4642 : 00100513;
4643 : FC0696E3;
4644 : 991F70EF;
4645 : FED00793;
4646 : 00050413;
4647 : 00F51863;
4648 : 0001D537;
4649 : 4D050513;
464a : F85FF06F;
464b : FFB00793;
464c : 00F51863;
464d : 0001D537;
464e : 4DC50513;
464f : F71FF06F;
4650 : 0001F5B7;
4651 : 0001D537;
4652 : 2FC58593;
4653 : 4EC50513;
4654 : B31F60EF;
4655 : FFA00793;
4656 : 00F41863;
4657 : 0001D537;
4658 : 4F450513;
4659 : F49FF06F;
465a : 0001F6B7;
465b : 2F868693;
465c : 0146A703;
465d : 0186A783;
465e : 0206A603;
465f : 01C6A583;
4660 : 0001D537;
4661 : 50C50513;
4662 : AF9F60EF;
4663 : E15FF06F;
4664 : 0044A503;
4665 : FFF00413;
4666 : E00504E3;
4667 : B55FA0EF;
4668 : D15F10EF;
4669 : E79FF06F;
466a : FFF00413;
466b : DF5FF06F;
466c : 00000693;
466d : 0005DC63;
466e : 00A03733;
466f : 40B007B3;
4670 : 40E785B3;
4671 : 40A00533;
4672 : 00100693;
4673 : 3E800713;
4674 : 02A707B3;
4675 : 02B705B3;
4676 : 02A73733;
4677 : 00008537;
4678 : 00A78533;
4679 : 00E58733;
467a : 00F535B3;
467b : 00E585B3;
467c : 01059793;
467d : 01055513;
467e : 00A7E533;
467f : 0105D593;
4680 : 00068A63;
4681 : 00A03733;
4682 : 40B007B3;
4683 : 40E785B3;
4684 : 40A00533;
4685 : 00008067;
4686 : 00452703;
4687 : 00052883;
4688 : 00852303;
4689 : 00C52603;
468a : 00074863;
468b : 00E8E7B3;
468c : 0A079863;
468d : 0A065663;
468e : 006036B3;
468f : 40C007B3;
4690 : 40D78633;
4691 : 011036B3;
4692 : 40E007B3;
4693 : 40600333;
4694 : 40D78733;
4695 : 411008B3;
4696 : FFF00513;
4697 : FFF00593;
4698 : 3E800813;
4699 : 02C806B3;
469a : 000087B7;
469b : 02680633;
469c : 02683833;
469d : 00F607B3;
469e : 01068833;
469f : 00C7B6B3;
46a0 : 010686B3;
46a1 : 01069613;
46a2 : 0107D793;
46a3 : D4A51837;
46a4 : 00F667B3;
46a5 : 0E800613;
46a6 : 03160633;
46a7 : 0106D693;
46a8 : 02E80733;
46a9 : 00C70733;
46aa : 03180633;
46ab : 031838B3;
46ac : 00C78633;
46ad : 00F637B3;
46ae : 01170733;
46af : 00E68733;
46b0 : 00E787B3;
46b1 : 02C585B3;
46b2 : 02A787B3;
46b3 : 00B787B3;
46b4 : 02A635B3;
46b5 : 02A60533;
46b6 : 00B785B3;
46b7 : 00008067;
46b8 : 00100513;
46b9 : 00000593;
46ba : F79FF06F;
46bb : 00452703;
46bc : 00052683;
46bd : 00852603;
46be : 00C52803;
46bf : 0E075A63;
46c0 : 41875793;
46c1 : 0C07F793;
46c2 : 08000593;
46c3 : 0EB79863;
46c4 : 00100793;
46c5 : 00000593;
46c6 : 02D588B3;
46c7 : CA000337;
46c8 : 02F70733;
46c9 : 01170733;
46ca : 02F688B3;
46cb : 02F6B6B3;
46cc : 01152023;
46cd : 000048B7;
46ce : B9A88893;
46cf : 00D70733;
46d0 : 02F80833;
46d1 : 00E52223;
46d2 : 02C58733;
46d3 : 02C786B3;
46d4 : 01070733;
46d5 : 02C7B633;
46d6 : 00D52423;
46d7 : 00C70733;
46d8 : 00E52623;
46d9 : 00C52683;
46da : 00852703;
46db : 00052603;
46dc : 00452803;
46dd : 0806CA63;
46de : 00004837;
46df : FFFFC337;
46e0 : B9A80813;
46e1 : CA000EB7;
46e2 : 36000F37;
46e3 : 46530313;
46e4 : 00C52703;
46e5 : 00852683;
46e6 : 00052603;
46e7 : 00452883;
46e8 : 08E84C63;
46e9 : 01071463;
46ea : 08DEE863;
46eb : 02C58833;
46ec : 02F888B3;
46ed : 01180833;
46ee : 02C788B3;
46ef : 02C7B633;
46f0 : 01152023;
46f1 : 02F70733;
46f2 : 00C80633;
46f3 : 00C52223;
46f4 : 02D585B3;
46f5 : 02F68633;
46f6 : 00B70733;
46f7 : 02F6B7B3;
46f8 : 00C52423;
46f9 : 00F707B3;
46fa : 00F52623;
46fb : 00008067;
46fc : 00E6E7B3;
46fd : F0079EE3;
46fe : F0085CE3;
46ff : FFF00793;
4700 : FFF00593;
4701 : F15FF06F;
4702 : FFF60E13;
4703 : 00163613;
4704 : 40C80633;
4705 : 00C52223;
4706 : 00670633;
4707 : 00E63733;
4708 : 011686B3;
4709 : 00D70733;
470a : 01C52023;
470b : 00C52423;
470c : 00E52623;
470d : F31FF06F;
470e : 00160E13;
470f : 00CE3633;
4710 : 01160633;
4711 : 00C52223;
4712 : 01E68633;
4713 : 00D636B3;
4714 : 00670733;
4715 : 00E68733;
4716 : 01C52023;
4717 : 00C52423;
4718 : 00E52623;
4719 : F2DFF06F;
471a : 0005A683;
471b : 00052603;
471c : 0045A803;
471d : 00452703;
471e : 40D606B3;
471f : 00D63633;
4720 : 41070733;
4721 : 40C70733;
4722 : 00E52223;
4723 : 00852603;
4724 : 00D52023;
4725 : 0085A683;
4726 : 00C52703;
4727 : 00C5A583;
4728 : 40D606B3;
4729 : 00D63633;
472a : 40B70733;
472b : 40C70733;
472c : 00D52423;
472d : 00E52623;
472e : E35FF06F;
472f : F8010113;
4730 : 07212823;
4731 : 00050913;
4732 : 06C52503;
4733 : 06812C23;
4734 : 07312623;
4735 : 00068413;
4736 : 00058993;
4737 : 00060693;
4738 : 04010713;
4739 : 00058613;
473a : 02C10593;
473b : 06912A23;
473c : 06112E23;
473d : 07412423;
473e : CFCF80EF;
473f : 00050493;
4740 : 18A05C63;
4741 : 0001FA37;
4742 : 08040063;
4743 : 04012783;
4744 : 3E800713;
4745 : 04412683;
4746 : 00F42023;
4747 : 04C12783;
4748 : 00D42223;
4749 : 01079793;
474a : 02E7C7B3;
474b : 04812703;
474c : 41F75613;
474d : 01075513;
474e : 01061613;
474f : 01071713;
4750 : 00C56633;
4751 : 41F7D593;
4752 : 00E78733;
4753 : 00F737B3;
4754 : 00C58633;
4755 : 00C787B3;
4756 : 00F42623;
4757 : 05C12783;
4758 : 00E42423;
4759 : 02079263;
475a : 4DCA4703;
475b : 00400793;
475c : 00F70C63;
475d : 00269693;
475e : 0026D693;
475f : 8F0007B7;
4760 : 00D7E6B3;
4761 : 00D42223;
4762 : 00600613;
4763 : 02C10593;
4764 : 09490513;
4765 : 905FE0EF;
4766 : 03C15783;
4767 : 02492703;
4768 : 0AF91023;
4769 : 0001F7B7;
476a : 7607A783;
476b : 00E7E7B3;
476c : 0147D793;
476d : 00E7F793;
476e : 00078E63;
476f : 0001D537;
4770 : 00040693;
4771 : 00048613;
4772 : 00098593;
4773 : 53450513;
4774 : 3E9050EF;
4775 : 4DCA4703;
4776 : 00400793;
4777 : 0AF71E63;
4778 : 01000613;
4779 : 00040593;
477a : 01810513;
477b : 8ADFE0EF;
477c : A34F10EF;
477d : 00000793;
477e : 3E800993;
477f : 00F12423;
4780 : 01051793;
4781 : 0337C7B3;
4782 : 00000813;
4783 : 00810593;
4784 : 01810513;
4785 : 01012623;
4786 : 00010437;
4787 : FFF40413;
4788 : 00F12823;
4789 : 41F7D793;
478a : 00F12A23;
478b : E3DFF0EF;
478c : 02012783;
478d : 02412603;
478e : 01812583;
478f : 0087F6B3;
4790 : 033686B3;
4791 : 0107D793;
4792 : 01061613;
4793 : 0001D537;
4794 : 00F66633;
4795 : 53C50513;
4796 : 4106D693;
4797 : E24F60EF;
4798 : 12090593;
4799 : 01810513;
479a : E01FF0EF;
479b : 02012783;
479c : 02412583;
479d : 0001D537;
479e : 0087F633;
479f : 03360633;
47a0 : 01059593;
47a1 : 0107D793;
47a2 : 00F5E5B3;
47a3 : 54C50513;
47a4 : 41065613;
47a5 : DECF60EF;
47a6 : 07C12083;
47a7 : 07812403;
47a8 : 07012903;
47a9 : 06C12983;
47aa : 06812A03;
47ab : 00048513;
47ac : 07412483;
47ad : 08010113;
47ae : 00008067;
47af : 0005A683;
47b0 : 00052703;
47b1 : 0045A803;
47b2 : 00452603;
47b3 : 00D706B3;
47b4 : 00E6B733;
47b5 : 01060633;
47b6 : 00C70733;
47b7 : 00E52223;
47b8 : 00D52023;
47b9 : 00852703;
47ba : 0085A683;
47bb : 00C52603;
47bc : 00C5A583;
47bd : 00D706B3;
47be : 00E6B733;
47bf : 00B60633;
47c0 : 00C70733;
47c1 : 00D52423;
47c2 : 00E52623;
47c3 : BE1FF06F;
47c4 : FD010113;
47c5 : 02812423;
47c6 : 03212023;
47c7 : 02112623;
47c8 : 02912223;
47c9 : 00050413;
47ca : 00058913;
47cb : 950FE0EF;
47cc : 02051C63;
47cd : 00050493;
47ce : 0001C5B7;
47cf : 0001D537;
47d0 : 97C58593;
47d1 : 55C50513;
47d2 : D38F60EF;
47d3 : 02C12083;
47d4 : 02812403;
47d5 : 02012903;
47d6 : 00048513;
47d7 : 02412483;
47d8 : 03010113;
47d9 : 00008067;
47da : 02844783;
47db : 0027F793;
47dc : 02079063;
47dd : 0001C5B7;
47de : 0001D537;
47df : 97C58593;
47e0 : 59850513;
47e1 : CFCF60EF;
47e2 : 00000493;
47e3 : FC1FF06F;
47e4 : 24C45683;
47e5 : 29A45603;
47e6 : 00C68E63;
47e7 : 0001C5B7;
47e8 : 0001D537;
47e9 : 97C58593;
47ea : 5D050513;
47eb : CD4F60EF;
47ec : FD9FF06F;
47ed : 01010593;
47ee : 00090513;
47ef : 8E4FD0EF;
47f0 : 02844783;
47f1 : 0A840513;
47f2 : 01010593;
47f3 : FFD7F793;
47f4 : 02F40423;
47f5 : 00A12623;
47f6 : EE5FF0EF;
47f7 : 00C12503;
47f8 : 28040593;
47f9 : ED9FF0EF;
47fa : 28842703;
47fb : 28C42783;
47fc : 0001F5B7;
47fd : 10E42423;
47fe : 10F42623;
47ff : 00300613;
4800 : 77458593;
4801 : 00040513;
4802 : C58FC0EF;
4803 : F6051EE3;
4804 : 02042783;
4805 : 0207A783;
4806 : 00079863;
4807 : 00040513;
4808 : 841F10EF;
4809 : F65FF06F;
480a : 00040513;
480b : 000780E7;
480c : 00100793;
480d : 00050493;
480e : F4F508E3;
480f : FE0550E3;
4810 : F0DFF06F;
4811 : FE010113;
4812 : 00812C23;
4813 : 01212823;
4814 : 00112E23;
4815 : 00912A23;
4816 : 00050413;
4817 : 00058913;
4818 : 81CFE0EF;
4819 : 02051C63;
481a : 00050493;
481b : 0001C5B7;
481c : 0001D537;
481d : 99458593;
481e : 61050513;
481f : C04F60EF;
4820 : 01C12083;
4821 : 01812403;
4822 : 01012903;
4823 : 00048513;
4824 : 01412483;
4825 : 02010113;
4826 : 00008067;
4827 : 0B042783;
4828 : 0B442703;
4829 : 00E7E7B3;
482a : 02079263;
482b : 0A842783;
482c : 0AC42703;
482d : 00E7E7B3;
482e : 00079A63;
482f : 1F400613;
4830 : 00000593;
4831 : 00040513;
4832 : 348070EF;
4833 : 01000613;
4834 : 11040593;
4835 : 0B840513;
4836 : DC0FE0EF;
4837 : 00010593;
4838 : 00090513;
4839 : FBDFC0EF;
483a : 27744683;
483b : 02844783;
483c : 0A840713;
483d : 0026F693;
483e : 28040493;
483f : 02068663;
4840 : 0027E793;
4841 : 02F40423;
4842 : 29A45783;
4843 : 01000613;
4844 : 00048593;
4845 : 24F41623;
4846 : 00070513;
4847 : D7CFE0EF;
4848 : 00000493;
4849 : F5DFF06F;
484a : FFD7F793;
484b : 02F40423;
484c : 01000613;
484d : 00010593;
484e : 00070513;
484f : D5CFE0EF;
4850 : 00048593;
4851 : D79FF0EF;
4852 : 00000793;
4853 : 00000813;
4854 : 0001F5B7;
4855 : 10F42423;
4856 : 11042623;
4857 : 00300613;
4858 : 77058593;
4859 : 00040513;
485a : AF8FC0EF;
485b : FA051AE3;
485c : 02042783;
485d : 01C7A783;
485e : 00079863;
485f : 00040513;
4860 : EE0F10EF;
4861 : F9DFF06F;
4862 : 00040513;
4863 : 000780E7;
4864 : 00100793;
4865 : 00050493;
4866 : F8F504E3;
4867 : FE0550E3;
4868 : EE1FF06F;
4869 : FE010113;
486a : 00912A23;
486b : 01852483;
486c : 01312623;
486d : 0A850993;
486e : 00812C23;
486f : 00098593;
4870 : 00050413;
4871 : 01000613;
4872 : 08848513;
4873 : 00112E23;
4874 : 01212823;
4875 : CC4FE0EF;
4876 : 0B840913;
4877 : 01000613;
4878 : 00090593;
4879 : 09848513;
487a : CB0FE0EF;
487b : 04848593;
487c : 00098513;
487d : CC9FF0EF;
487e : 07848593;
487f : 00090513;
4880 : A69FF0EF;
4881 : 17C42403;
4882 : 00098593;
4883 : 01000613;
4884 : 08040513;
4885 : C84FE0EF;
4886 : 00090593;
4887 : 09040513;
4888 : 01000613;
4889 : C74FE0EF;
488a : 00100793;
488b : 06F401A3;
488c : 01C12083;
488d : 01812403;
488e : 01412483;
488f : 01012903;
4890 : 00C12983;
4891 : 00000513;
4892 : 02010113;
4893 : 00008067;
4894 : 0001C737;
4895 : 0001D6B7;
4896 : FF010113;
4897 : 9A870713;
4898 : DB468693;
4899 : 00200613;
489a : 00200593;
489b : 00812423;
489c : 00112623;
489d : 00050413;
489e : 02D060EF;
489f : 34042703;
48a0 : 00100793;
48a1 : 00040513;
48a2 : 00F71E63;
48a3 : F19FF0EF;
48a4 : 00C12083;
48a5 : 00812403;
48a6 : 00100513;
48a7 : 01010113;
48a8 : 00008067;
48a9 : DBCF10EF;
48aa : FE9FF06F;
48ab : 0001C737;
48ac : 0001D6B7;
48ad : FF010113;
48ae : 9B870713;
48af : DB468693;
48b0 : 00200613;
48b1 : 00200593;
48b2 : 00812423;
48b3 : 00112623;
48b4 : 00050413;
48b5 : 7D0060EF;
48b6 : 34042703;
48b7 : 00100793;
48b8 : 00040513;
48b9 : 00F71E63;
48ba : EBDFF0EF;
48bb : 00C12083;
48bc : 00812403;
48bd : 00100513;
48be : 01010113;
48bf : 00008067;
48c0 : D60F10EF;
48c1 : FE9FF06F;
48c2 : FE010113;
48c3 : 00812C23;
48c4 : 00000793;
48c5 : 00050413;
48c6 : 00000813;
48c7 : 00010513;
48c8 : 00112E23;
48c9 : 00F12023;
48ca : 01012223;
48cb : 00B12423;
48cc : 00C12623;
48cd : FB8FF0EF;
48ce : 00010593;
48cf : 00040513;
48d0 : B7DFF0EF;
48d1 : 01C12083;
48d2 : 01812403;
48d3 : 02010113;
48d4 : 00008067;
48d5 : FE010113;
48d6 : 00912A23;
48d7 : 00058493;
48d8 : 0001C5B7;
48d9 : 01312623;
48da : 8C058593;
48db : 05052983;
48dc : 00112E23;
48dd : 00812C23;
48de : 01212823;
48df : 00050413;
48e0 : 994FC0EF;
48e1 : 00200793;
48e2 : 00F98323;
48e3 : 24E45783;
48e4 : 05042683;
48e5 : 00050913;
48e6 : 00178793;
48e7 : 01079793;
48e8 : 0107D793;
48e9 : 00879713;
48ea : 24F41723;
48eb : 0087D793;
48ec : 00F767B3;
48ed : 00F69F23;
48ee : 00A00613;
48ef : 00000593;
48f0 : 02298513;
48f1 : FFDFC0EF;
48f2 : 19842583;
48f3 : 19C42603;
48f4 : 00048513;
48f5 : F35FF0EF;
48f6 : 00098513;
48f7 : 00048593;
48f8 : C00FC0EF;
48f9 : 01C12083;
48fa : 01812403;
48fb : 01412483;
48fc : 00C12983;
48fd : 00090513;
48fe : 01012903;
48ff : 02010113;
4900 : 00008067;
4901 : FD010113;
4902 : 01312E23;
4903 : 00C00993;
4904 : 033687B3;
4905 : 0001C737;
4906 : 8C070993;
4907 : 02912223;
4908 : 00060493;
4909 : 08C52603;
490a : 01412C23;
490b : 00058A13;
490c : 00C58633;
490d : 04852583;
490e : 00F989B3;
490f : 03852783;
4910 : 02812423;
4911 : 02112623;
4912 : 00C7A783;
4913 : 03212023;
4914 : 00050413;
4915 : 000780E7;
4916 : FFE00793;
4917 : 10F50263;
4918 : 0001B937;
4919 : E8490913;
491a : 05455A63;
491b : 0009A783;
491c : 0001D6B7;
491d : 64468693;
491e : 00279713;
491f : 00E90933;
4920 : 00092703;
4921 : 00100613;
4922 : 00500593;
4923 : 00040513;
4924 : 614060EF;
4925 : FFF00493;
4926 : 02C12083;
4927 : 02812403;
4928 : 02012903;
4929 : 01C12983;
492a : 01812A03;
492b : 00048513;
492c : 02412483;
492d : 03010113;
492e : 00008067;
492f : 02042783;
4930 : 0547A783;
4931 : 0A078263;
4932 : 00040513;
4933 : 000780E7;
4934 : 00058613;
4935 : 00050593;
4936 : 12040513;
4937 : E2DFF0EF;
4938 : 12842783;
4939 : 3E800713;
493a : 12C42803;
493b : 01079893;
493c : 0108D893;
493d : 02E888B3;
493e : 0009A703;
493f : 0107D793;
4940 : 01081813;
4941 : 00271713;
4942 : 00E90933;
4943 : 00092703;
4944 : 00F86833;
4945 : 12042783;
4946 : 0001D6B7;
4947 : 00E12023;
4948 : 0108D893;
4949 : 000A0713;
494a : 66468693;
494b : 00100613;
494c : 00500593;
494d : 00040513;
494e : 56C060EF;
494f : 00100793;
4950 : 00F49A63;
4951 : 12740783;
4952 : 08000713;
4953 : 0C07F793;
4954 : F4E784E3;
4955 : 33042783;
4956 : 00178793;
4957 : 32F42823;
4958 : 00000493;
4959 : F35FF06F;
495a : 19842583;
495b : 19C42603;
495c : F69FF06F;
495d : 00C52783;
495e : FE010113;
495f : 00812C23;
4960 : 00112E23;
4961 : 00912A23;
4962 : 01212823;
4963 : 00050413;
4964 : 06078A63;
4965 : 00010593;
4966 : 804FA0EF;
4967 : 3DE50613;
4968 : 00100593;
4969 : 00040513;
496a : 669060EF;
496b : 0001D537;
496c : 32040DA3;
496d : 68C50513;
496e : EC9F50EF;
496f : 0001D537;
4970 : 00000593;
4971 : 6BC50513;
4972 : EB9F50EF;
4973 : 0001D537;
4974 : 6F850513;
4975 : EADF50EF;
4976 : 00040513;
4977 : 00100593;
4978 : 3B0060EF;
4979 : 00A42423;
497a : 01C12083;
497b : 01812403;
497c : 01412483;
497d : 01012903;
497e : 00000513;
497f : 02010113;
4980 : 00008067;
4981 : 00100593;
4982 : 401060EF;
4983 : FC0506E3;
4984 : 00010593;
4985 : 00040513;
4986 : F85F90EF;
4987 : 03C42783;
4988 : 03442503;
4989 : 00100593;
498a : 02C7A783;
498b : 00012903;
498c : 00412483;
498d : 000780E7;
498e : 03C42783;
498f : 00010593;
4990 : 00040513;
4991 : 00C7A783;
4992 : 000780E7;
4993 : 00012783;
4994 : 01279663;
4995 : 00412783;
4996 : FE9780E3;
4997 : 03C42783;
4998 : 00010593;
4999 : 00040513;
499a : 00C7A783;
499b : 000780E7;
499c : 00010593;
499d : 00040513;
499e : CDDFF0EF;
499f : 00050593;
49a0 : 00000693;
49a1 : 00100613;
49a2 : 00040513;
49a3 : D79FF0EF;
49a4 : 00010593;
49a5 : 00040513;
49a6 : F05F90EF;
49a7 : FF650613;
49a8 : 00100593;
49a9 : 00040513;
49aa : 569060EF;
49ab : F2DFF06F;
49ac : FB010113;
49ad : 03512A23;
49ae : 00052A83;
49af : 04812423;
49b0 : 05212023;
49b1 : 03412C23;
49b2 : 04112623;
49b3 : 04912223;
49b4 : 03312E23;
49b5 : 00500793;
49b6 : 00050413;
49b7 : 00058A13;
49b8 : 00060913;
49b9 : 12FA9C63;
49ba : 00500593;
49bb : 31D060EF;
49bc : 46050463;
49bd : 00600793;
49be : 00F42223;
49bf : 00000613;
49c0 : 00100593;
49c1 : 00040513;
49c2 : 3A5060EF;
49c3 : 00000613;
49c4 : 00400593;
49c5 : 00040513;
49c6 : 395060EF;
49c7 : 00000913;
49c8 : 00042423;
49c9 : 04C12083;
49ca : 04812403;
49cb : 04412483;
49cc : 03C12983;
49cd : 03812A03;
49ce : 03412A83;
49cf : 00090513;
49d0 : 04012903;
49d1 : 05010113;
49d2 : 00008067;
49d3 : 00C12783;
49d4 : 01012703;
49d5 : 00E7E7B3;
49d6 : 20079C63;
49d7 : 17842783;
49d8 : 00B78703;
49d9 : 00200793;
49da : 00E797B3;
49db : 01412703;
49dc : 20E7C063;
49dd : 0001D6B7;
49de : 22468693;
49df : 00200613;
49e0 : 00500593;
49e1 : 00040513;
49e2 : 31C060EF;
49e3 : 03C42783;
49e4 : 00810693;
49e5 : 00410613;
49e6 : 0047A783;
49e7 : 00010593;
49e8 : 00040513;
49e9 : 000780E7;
49ea : 02050463;
49eb : 0001D6B7;
49ec : 16068693;
49ed : 00100613;
49ee : 00500593;
49ef : 00040513;
49f0 : 2E4060EF;
49f1 : 000481A3;
49f2 : 00048223;
49f3 : 1A40006F;
49f4 : 00012783;
49f5 : 00F49023;
49f6 : FEDFF06F;
49f7 : 3C090263;
49f8 : 00F00793;
49f9 : 00000913;
49fa : 3AF70C63;
49fb : 0001D6B7;
49fc : 2AC68693;
49fd : 00100613;
49fe : 00500593;
49ff : 00040513;
4a00 : 2A4060EF;
4a01 : 39C0006F;
4a02 : 00100613;
4a03 : 00400593;
4a04 : 00040513;
4a05 : 0F4060EF;
4a06 : 39C0006F;
4a07 : 00100593;
4a08 : 1E9060EF;
4a09 : 0E050063;
4a0a : 00100593;
4a0b : 00040513;
4a0c : 90DFC0EF;
4a0d : 2B842683;
4a0e : 00100713;
4a0f : 00000793;
4a10 : 00E69463;
4a11 : 2B442783;
4a12 : 0AF41023;
4a13 : 03C42783;
4a14 : 01810593;
4a15 : 00040513;
4a16 : 00C7A783;
4a17 : 000780E7;
4a18 : 01810593;
4a19 : 00040513;
4a1a : AEDFF0EF;
4a1b : 00050593;
4a1c : 00000693;
4a1d : 00100613;
4a1e : 00040513;
4a1f : B89FF0EF;
4a20 : 06051663;
4a21 : 0001C5B7;
4a22 : 8F058593;
4a23 : 00040513;
4a24 : 05042983;
4a25 : C81FB0EF;
4a26 : 24E45783;
4a27 : 24E45703;
4a28 : 00050493;
4a29 : 00879793;
4a2a : 00875713;
4a2b : 00E7E7B3;
4a2c : 00F99F23;
4a2d : 12040593;
4a2e : 00098513;
4a2f : F25FB0EF;
4a30 : 12845503;
4a31 : 00000593;
4a32 : 08C070EF;
4a33 : 00A9A423;
4a34 : 00B9A623;
4a35 : 00400693;
4a36 : 00000613;
4a37 : 00048593;
4a38 : 00040513;
4a39 : B21FF0EF;
4a3a : 00050E63;
4a3b : 0001D6B7;
4a3c : 72C68693;
4a3d : 00100613;
4a3e : 00500593;
4a3f : 00040513;
4a40 : 1A4060EF;
4a41 : 03442783;
4a42 : 00400593;
4a43 : 00040513;
4a44 : 0147A483;
4a45 : 0F5060EF;
4a46 : 24050063;
4a47 : 00400593;
4a48 : 00040513;
4a49 : 819FC0EF;
4a4a : 0074C783;
4a4b : 04078263;
4a4c : 03C42783;
4a4d : 01410693;
4a4e : 01010613;
4a4f : 0007A783;
4a50 : 00C10593;
4a51 : 00040513;
4a52 : 000780E7;
4a53 : E00500E3;
4a54 : 0001D737;
4a55 : 0001D6B7;
4a56 : 0EC70713;
4a57 : 0F468693;
4a58 : 00100613;
4a59 : 00500593;
4a5a : 00040513;
4a5b : 138060EF;
4a5c : 2B842683;
4a5d : 00100713;
4a5e : 00000793;
4a5f : 00E69463;
4a60 : 2B442783;
4a61 : 0001C5B7;
4a62 : 0AF41023;
4a63 : 91458593;
4a64 : 00040513;
4a65 : 05042483;
4a66 : B7DFB0EF;
4a67 : 26445783;
4a68 : 05042683;
4a69 : 00050993;
4a6a : 00178793;
4a6b : 01079793;
4a6c : 0107D793;
4a6d : 26F41223;
4a6e : 00879713;
4a6f : 0087D793;
4a70 : 00F767B3;
4a71 : 00F69F23;
4a72 : 03442783;
4a73 : 01810693;
4a74 : 00100593;
4a75 : 0147A783;
4a76 : 00600613;
4a77 : 00478713;
4a78 : 00E12C23;
4a79 : 00378713;
4a7a : 00E12E23;
4a7b : 00278713;
4a7c : 02E12023;
4a7d : 00778713;
4a7e : 02E12223;
4a7f : 00578713;
4a80 : 00678793;
4a81 : 02E12423;
4a82 : 02F12623;
4a83 : 00048323;
4a84 : 000483A3;
4a85 : 00000713;
4a86 : 0006A783;
4a87 : 0007C783;
4a88 : 00078A63;
4a89 : 0074C503;
4a8a : 00E597B3;
4a8b : 00A7E7B3;
4a8c : 00F483A3;
4a8d : 00170713;
4a8e : 00468693;
4a8f : FCC71EE3;
4a90 : 01E00613;
4a91 : 00000593;
4a92 : 02248513;
4a93 : 975FC0EF;
4a94 : 03442683;
4a95 : 00800613;
4a96 : 03548513;
4a97 : 0146A703;
4a98 : 00075783;
4a99 : 00075703;
4a9a : 00879793;
4a9b : 00875713;
4a9c : 00E7E7B3;
4a9d : 02F49623;
4a9e : 0106A783;
4a9f : 01C7C783;
4aa0 : 02F487A3;
4aa1 : 03442783;
4aa2 : 0107A783;
4aa3 : 0187C783;
4aa4 : 02F48823;
4aa5 : 03442783;
4aa6 : 0107A783;
4aa7 : 0197C783;
4aa8 : 02F488A3;
4aa9 : 03442783;
4aaa : 0107A703;
4aab : 01A75783;
4aac : 01A75683;
4aad : 00879793;
4aae : 0086D693;
4aaf : 00D7E7B3;
4ab0 : 02F49923;
4ab1 : 01D74783;
4ab2 : 02F48A23;
4ab3 : 03442783;
4ab4 : 0107A583;
4ab5 : 01058593;
4ab6 : BC1FD0EF;
4ab7 : 03442783;
4ab8 : 00C7A783;
4ab9 : 0007D783;
4aba : 0087D793;
4abb : 02F48EA3;
4abc : 03442783;
4abd : 00C7A783;
4abe : 0007D783;
4abf : 02F48F23;
4ac0 : 03442783;
4ac1 : 0147A783;
4ac2 : 0087C783;
4ac3 : 02F48FA3;
4ac4 : 02042783;
4ac5 : 0347A783;
4ac6 : 00078863;
4ac7 : 00040513;
4ac8 : 000780E7;
4ac9 : 00050993;
4aca : 00700693;
4acb : 00000613;
4acc : 00098593;
4acd : 00040513;
4ace : 8CDFF0EF;
4acf : 00050E63;
4ad0 : 0001D6B7;
4ad1 : 74468693;
4ad2 : 00100613;
4ad3 : 00500593;
4ad4 : 00040513;
4ad5 : 751050EF;
4ad6 : 27144703;
4ad7 : 00C00793;
4ad8 : C6E7EEE3;
4ad9 : 0001B6B7;
4ada : 00271793;
4adb : 55868693;
4adc : 00F687B3;
4add : 4747A783;
4ade : C60782E3;
4adf : 00090613;
4ae0 : 000A0593;
4ae1 : 00040513;
4ae2 : 000780E7;
4ae3 : 00150793;
4ae4 : FFD7F793;
4ae5 : 00050913;
4ae6 : 00079463;
4ae7 : 00000913;
4ae8 : 00500793;
4ae9 : C6FA92E3;
4aea : 00500593;
4aeb : 00040513;
4aec : 5E1050EF;
4aed : 00A42423;
4aee : B6DFF06F;
4aef : 00052703;
4af0 : 00600793;
4af1 : 16F71C63;
4af2 : 0001C5B7;
4af3 : FD010113;
4af4 : 8FC58593;
4af5 : 02812423;
4af6 : 02912223;
4af7 : 00050413;
4af8 : 03212023;
4af9 : 01312E23;
4afa : 01412C23;
4afb : 05052483;
4afc : 02112623;
4afd : 11050993;
4afe : 91DFB0EF;
4aff : 02042783;
4b00 : 11845A03;
4b01 : 00050913;
4b02 : 0587A783;
4b03 : 00000593;
4b04 : 10079A63;
4b05 : 28042583;
4b06 : 28442703;
4b07 : 3B9AD6B7;
4b08 : A0068693;
4b09 : 02D587B3;
4b0a : 28C42603;
4b0b : 02D70733;
4b0c : 02D5B6B3;
4b0d : 00D70733;
4b0e : 01071713;
4b0f : 0107D693;
4b10 : 00E6E733;
4b11 : 28842683;
4b12 : 01079793;
4b13 : 00C70733;
4b14 : 00D786B3;
4b15 : 00F6B5B3;
4b16 : 41468A33;
4b17 : 00E585B3;
4b18 : 0146B6B3;
4b19 : 40D585B3;
4b1a : 000A0513;
4b1b : 4E9060EF;
4b1c : 29A45783;
4b1d : 29A45703;
4b1e : 00A4A423;
4b1f : 00879793;
4b20 : 00875713;
4b21 : 00E7E7B3;
4b22 : 00F49F23;
4b23 : 00B4A623;
4b24 : 00048513;
4b25 : 00098593;
4b26 : B49FB0EF;
4b27 : 00800613;
4b28 : 29040593;
4b29 : 02C48513;
4b2a : 9F1FD0EF;
4b2b : 29845783;
4b2c : 29845703;
4b2d : 00500693;
4b2e : 00879793;
4b2f : 00875713;
4b30 : 00E7E7B3;
4b31 : 02F49A23;
4b32 : 00000613;
4b33 : 00090593;
4b34 : 00040513;
4b35 : F30FF0EF;
4b36 : 02051463;
4b37 : 02042783;
4b38 : 0307A783;
4b39 : 00078663;
4b3a : 00040513;
4b3b : 000780E7;
4b3c : 00600613;
4b3d : 09440593;
4b3e : 09A40513;
4b3f : 99DFD0EF;
4b40 : 02C12083;
4b41 : 02812403;
4b42 : 02412483;
4b43 : 02012903;
4b44 : 01C12983;
4b45 : 01812A03;
4b46 : 00000513;
4b47 : 03010113;
4b48 : 00008067;
4b49 : 00040513;
4b4a : 00B12623;
4b4b : 000780E7;
4b4c : 00C12583;
4b4d : EE0510E3;
4b4e : F31FF06F;
4b4f : 00000513;
4b50 : 00008067;
4b51 : FE010113;
4b52 : 17852783;
4b53 : 00812C23;
4b54 : 05052403;
4b55 : 00912A23;
4b56 : 01212823;
4b57 : 01312623;
4b58 : 00112E23;
4b59 : 0107A983;
4b5a : 00044783;
4b5b : 00058913;
4b5c : 00050493;
4b5d : FF07F793;
4b5e : 00C7E793;
4b5f : 00F40023;
4b60 : 00500793;
4b61 : 02F40023;
4b62 : 07F00793;
4b63 : 02F400A3;
4b64 : 03452783;
4b65 : 00800613;
4b66 : 02240513;
4b67 : 0107A583;
4b68 : 8F9FD0EF;
4b69 : 0344A783;
4b6a : 0107A703;
4b6b : 00875783;
4b6c : 00875703;
4b6d : 00879793;
4b6e : 00875713;
4b6f : 00E7E7B3;
4b70 : 02F41523;
4b71 : 30000793;
4b72 : 02F41623;
4b73 : 00800793;
4b74 : 02F41823;
4b75 : FFFFE7B7;
4b76 : E3078793;
4b77 : 02F41923;
4b78 : 1AD00793;
4b79 : 00895713;
4b7a : 02F41A23;
4b7b : 00891793;
4b7c : 00E7E7B3;
4b7d : 02F41B23;
4b7e : 000017B7;
4b7f : 00378713;
4b80 : 06E90A63;
4b81 : 00478793;
4b82 : 0AF90C63;
4b83 : 00800793;
4b84 : 03078593;
4b85 : 0185D693;
4b86 : 00859713;
4b87 : 00D76733;
4b88 : 00879793;
4b89 : 00E41123;
4b8a : 02F41723;
4b8b : 00800693;
4b8c : 00000613;
4b8d : 00048513;
4b8e : DCCFF0EF;
4b8f : 00051E63;
4b90 : 0001F737;
4b91 : 47072783;
4b92 : 00178793;
4b93 : 46F72823;
4b94 : 0001F7B7;
4b95 : 47279A23;
4b96 : 01C12083;
4b97 : 01812403;
4b98 : 01412483;
4b99 : 01012903;
4b9a : 00C12983;
4b9b : 02010113;
4b9c : 00008067;
4b9d : 1784A783;
4b9e : 0309C703;
4b9f : 0107A683;
4ba0 : 0406C783;
4ba1 : 02070463;
4ba2 : 00879793;
4ba3 : 03C6A503;
4ba4 : 02F41C23;
4ba5 : 28D060EF;
4ba6 : 02A41D23;
4ba7 : 01055513;
4ba8 : 02A41E23;
4ba9 : 00E00793;
4baa : F69FF06F;
4bab : 1007E793;
4bac : 00879713;
4bad : 0087D793;
4bae : 00F767B3;
4baf : FD1FF06F;
4bb0 : 0109A503;
4bb1 : 25D060EF;
4bb2 : 02A42C23;
4bb3 : 00C9A503;
4bb4 : 251060EF;
4bb5 : 02A42E23;
4bb6 : 0189A503;
4bb7 : 245060EF;
4bb8 : 04A42023;
4bb9 : 0149A503;
4bba : 239060EF;
4bbb : 04A42223;
4bbc : 01800793;
4bbd : F1DFF06F;
4bbe : 17852783;
4bbf : FF010113;
4bc0 : 00912223;
4bc1 : 0107A483;
4bc2 : 00812423;
4bc3 : 00112623;
4bc4 : 02E4C703;
4bc5 : 00100793;
4bc6 : 00050413;
4bc7 : 02F70863;
4bc8 : 00040513;
4bc9 : 130040EF;
4bca : 10100793;
4bcb : 0004A223;
4bcc : 00F49423;
4bcd : 00C12083;
4bce : 00812403;
4bcf : 00412483;
4bd0 : 00000513;
4bd1 : 01010113;
4bd2 : 00008067;
4bd3 : 000015B7;
4bd4 : 00558593;
4bd5 : DF1FF0EF;
4bd6 : FC0504E3;
4bd7 : FD9FF06F;
4bd8 : 17852783;
4bd9 : FD010113;
4bda : 02912223;
4bdb : 03212023;
4bdc : 02112623;
4bdd : 02812423;
4bde : 0107A903;
4bdf : 00050493;
4be0 : 02068663;
4be1 : 00300793;
4be2 : 02F90C23;
4be3 : 4B000613;
4be4 : 00B00593;
4be5 : 47C060EF;
4be6 : 000015B7;
4be7 : 00458593;
4be8 : 00048513;
4be9 : DA1FF0EF;
4bea : 1040006F;
4beb : 27154703;
4bec : 00C00793;
4bed : 08F71C63;
4bee : 00068413;
4bef : 01010613;
4bf0 : 00E10693;
4bf1 : DB9FD0EF;
4bf2 : 08050263;
4bf3 : 00E15703;
4bf4 : 000017B7;
4bf5 : 00378693;
4bf6 : 02D71A63;
4bf7 : 02E94683;
4bf8 : 00100793;
4bf9 : 04F69263;
4bfa : 00700793;
4bfb : 00F92223;
4bfc : 02C12083;
4bfd : 00040513;
4bfe : 02812403;
4bff : 02412483;
4c00 : 02012903;
4c01 : 03010113;
4c02 : 00008067;
4c03 : 00578793;
4c04 : 00F71C63;
4c05 : 02E94683;
4c06 : 00200793;
4c07 : 00F69663;
4c08 : 00800793;
4c09 : FC9FF06F;
4c0a : 0001D7B7;
4c0b : 0001D6B7;
4c0c : 76078793;
4c0d : 77868693;
4c0e : 00100613;
4c0f : 00200593;
4c10 : 00048513;
4c11 : 261050EF;
4c12 : FA9FF06F;
4c13 : 00B00593;
4c14 : 00048513;
4c15 : 13D050EF;
4c16 : 03894783;
4c17 : 12C00713;
4c18 : 00050413;
4c19 : 02E787B3;
4c1a : 04A7C263;
4c1b : 02051A63;
4c1c : 0001D737;
4c1d : 0001D6B7;
4c1e : 00048513;
4c1f : 7AC70713;
4c20 : 09068693;
4c21 : 00100613;
4c22 : 00600593;
4c23 : 219050EF;
4c24 : 00500593;
4c25 : 00048513;
4c26 : A75FC0EF;
4c27 : F55FF06F;
4c28 : 00048513;
4c29 : 91CFB0EF;
4c2a : EE0518E3;
4c2b : 00B00593;
4c2c : 00048513;
4c2d : 0DD050EF;
4c2e : 03894403;
4c2f : ED400693;
4c30 : 02D40433;
4c31 : 00A40433;
4c32 : F29FF06F;
4c33 : 17852783;
4c34 : FD010113;
4c35 : 02912223;
4c36 : 03212023;
4c37 : 02112623;
4c38 : 02812423;
4c39 : 0107A903;
4c3a : 00050493;
4c3b : 02068C63;
4c3c : 00300793;
4c3d : 02F90C23;
4c3e : 01852783;
4c3f : 00100713;
4c40 : 4B000613;
4c41 : 00E78AA3;
4c42 : 00B00593;
4c43 : 304060EF;
4c44 : 000015B7;
4c45 : 00258593;
4c46 : 00048513;
4c47 : C29FF0EF;
4c48 : 0DC0006F;
4c49 : 27154703;
4c4a : 00C00793;
4c4b : 06F71863;
4c4c : 00068413;
4c4d : 01010613;
4c4e : 00E10693;
4c4f : C41FD0EF;
4c50 : 04050E63;
4c51 : 00E15703;
4c52 : 000017B7;
4c53 : 00378793;
4c54 : 02F71463;
4c55 : 00700793;
4c56 : 00F92223;
4c57 : 02C12083;
4c58 : 00040513;
4c59 : 02812403;
4c5a : 02412483;
4c5b : 02012903;
4c5c : 03010113;
4c5d : 00008067;
4c5e : 0001D7B7;
4c5f : 0001D6B7;
4c60 : 7BC78793;
4c61 : 77868693;
4c62 : 00100613;
4c63 : 00200593;
4c64 : 00048513;
4c65 : 111050EF;
4c66 : FC5FF06F;
4c67 : 00B00593;
4c68 : 00048513;
4c69 : 7EC050EF;
4c6a : 03894783;
4c6b : 12C00713;
4c6c : 00050413;
4c6d : 02E787B3;
4c6e : 04A7C263;
4c6f : 02051A63;
4c70 : 0001D737;
4c71 : 0001D6B7;
4c72 : 00048513;
4c73 : 7C870713;
4c74 : 09068693;
4c75 : 00100613;
4c76 : 00600593;
4c77 : 0C9050EF;
4c78 : 00400593;
4c79 : 00048513;
4c7a : 925FC0EF;
4c7b : F71FF06F;
4c7c : 00048513;
4c7d : FCDFA0EF;
4c7e : F0051CE3;
4c7f : 00B00593;
4c80 : 00048513;
4c81 : 78C050EF;
4c82 : 03894403;
4c83 : ED400693;
4c84 : 02D40433;
4c85 : 00A40433;
4c86 : F45FF06F;
4c87 : 17852783;
4c88 : FD010113;
4c89 : 02912223;
4c8a : 03212023;
4c8b : 02112623;
4c8c : 02812423;
4c8d : 0107A903;
4c8e : 00050493;
4c8f : 02068E63;
4c90 : 00100593;
4c91 : BE8F90EF;
4c92 : 00300793;
4c93 : 0003B637;
4c94 : 02F90C23;
4c95 : 98060613;
4c96 : 00B00593;
4c97 : 00048513;
4c98 : 1B0060EF;
4c99 : 000015B7;
4c9a : 00158593;
4c9b : 00048513;
4c9c : AD5FF0EF;
4c9d : 0E00006F;
4c9e : 27154703;
4c9f : 00C00793;
4ca0 : 06F71863;
4ca1 : 00068413;
4ca2 : 01010613;
4ca3 : 00E10693;
4ca4 : AEDFD0EF;
4ca5 : 04050E63;
4ca6 : 00E15703;
4ca7 : 000017B7;
4ca8 : 00278793;
4ca9 : 02F71463;
4caa : 00500793;
4cab : 00F92223;
4cac : 02C12083;
4cad : 00040513;
4cae : 02812403;
4caf : 02412483;
4cb0 : 02012903;
4cb1 : 03010113;
4cb2 : 00008067;
4cb3 : 0001D7B7;
4cb4 : 0001D6B7;
4cb5 : 7D478793;
4cb6 : 77868693;
4cb7 : 00100613;
4cb8 : 00200593;
4cb9 : 00048513;
4cba : 7BC050EF;
4cbb : FC5FF06F;
4cbc : 00B00593;
4cbd : 00048513;
4cbe : 698050EF;
4cbf : 03894783;
4cc0 : 0000F737;
4cc1 : A6070713;
4cc2 : 02E787B3;
4cc3 : 00050413;
4cc4 : 04A7C263;
4cc5 : 02051A63;
4cc6 : 0001D737;
4cc7 : 0001D6B7;
4cc8 : 00048513;
4cc9 : 7DC70713;
4cca : 09068693;
4ccb : 00100613;
4ccc : 00600593;
4ccd : 770050EF;
4cce : 00200593;
4ccf : 00048513;
4cd0 : FCCFC0EF;
4cd1 : F6DFF06F;
4cd2 : 00048513;
4cd3 : E75FA0EF;
4cd4 : F0051AE3;
4cd5 : 00B00593;
4cd6 : 00048513;
4cd7 : 634050EF;
4cd8 : 03894403;
4cd9 : FFFF16B7;
4cda : 5A068693;
4cdb : 02D40433;
4cdc : 00A40433;
4cdd : F3DFF06F;
4cde : 17852783;
4cdf : FD010113;
4ce0 : 02912223;
4ce1 : 03212023;
4ce2 : 02112623;
4ce3 : 02812423;
4ce4 : 0107A903;
4ce5 : 00050493;
4ce6 : 02068A63;
4ce7 : B55FC0EF;
4ce8 : 00300793;
4ce9 : 00001637;
4cea : 02F90C23;
4ceb : FA060613;
4cec : 00B00593;
4ced : 00048513;
4cee : 058060EF;
4cef : 000015B7;
4cf0 : 00048513;
4cf1 : 981FF0EF;
4cf2 : 0DC0006F;
4cf3 : 27154703;
4cf4 : 00C00793;
4cf5 : 06F71863;
4cf6 : 00068413;
4cf7 : 01010613;
4cf8 : 00E10693;
4cf9 : 999FD0EF;
4cfa : 04050E63;
4cfb : 00E15703;
4cfc : 000017B7;
4cfd : 00178793;
4cfe : 02F71463;
4cff : 00200793;
4d00 : 00F92223;
4d01 : 02C12083;
4d02 : 00040513;
4d03 : 02812403;
4d04 : 02412483;
4d05 : 02012903;
4d06 : 03010113;
4d07 : 00008067;
4d08 : 0001D7B7;
4d09 : 0001D6B7;
4d0a : 7E078793;
4d0b : 77868693;
4d0c : 00100613;
4d0d : 00200593;
4d0e : 00048513;
4d0f : 668050EF;
4d10 : FC5FF06F;
4d11 : 00B00593;
4d12 : 00048513;
4d13 : 544050EF;
4d14 : 03894783;
4d15 : 3E800713;
4d16 : 00050413;
4d17 : 02E787B3;
4d18 : 04A7C263;
4d19 : 02051A63;
4d1a : 0001D737;
4d1b : 0001D6B7;
4d1c : 00048513;
4d1d : 7E870713;
4d1e : 09068693;
4d1f : 00100613;
4d20 : 00600593;
4d21 : 620050EF;
4d22 : 00100593;
4d23 : 00048513;
4d24 : E7CFC0EF;
4d25 : F71FF06F;
4d26 : 00048513;
4d27 : D25FA0EF;
4d28 : F0051EE3;
4d29 : 00B00593;
4d2a : 00048513;
4d2b : 4E4050EF;
4d2c : 03894403;
4d2d : C1800693;
4d2e : 02D40433;
4d2f : 00A40433;
4d30 : F45FF06F;
4d31 : 00050313;
4d32 : 00432683;
4d33 : 00052503;
4d34 : 00000793;
4d35 : 0CB6E063;
4d36 : 02B6D8B3;
4d37 : 00000E13;
4d38 : 03158733;
4d39 : 40E686B3;
4d3a : 00100813;
4d3b : 00000613;
4d3c : 0240006F;
4d3d : 01F5DE93;
4d3e : 00179713;
4d3f : 00EEE7B3;
4d40 : 01F85E93;
4d41 : 00161713;
4d42 : 00159593;
4d43 : 00EEE633;
4d44 : 00181813;
4d45 : 00F04663;
4d46 : 00079A63;
4d47 : 00058863;
4d48 : FCD7EAE3;
4d49 : 00F69463;
4d4a : FCA5E6E3;
4d4b : 02F6EA63;
4d4c : 00D79463;
4d4d : 02B56663;
4d4e : 40B50733;
4d4f : 00E53EB3;
4d50 : 40F686B3;
4d51 : 00070513;
4d52 : 010E0733;
4d53 : 41D686B3;
4d54 : 00C888B3;
4d55 : 01C73EB3;
4d56 : 011E88B3;
4d57 : 00070E13;
4d58 : 01F79713;
4d59 : 0015D593;
4d5a : 00B765B3;
4d5b : 00185813;
4d5c : 01F61713;
4d5d : 01076833;
4d5e : 00165613;
4d5f : 00C86733;
4d60 : 0017D793;
4d61 : FA0714E3;
4d62 : 01C32023;
4d63 : 01132223;
4d64 : 00008067;
4d65 : 00000E13;
4d66 : 00000893;
4d67 : F4DFF06F;
4d68 : FE0C07B7;
4d69 : 0CF5C663;
4d6a : 00F59463;
4d6b : 0C050263;
4d6c : 01F407B7;
4d6d : 0CF5D463;
4d6e : FFF78793;
4d6f : 00F59663;
4d70 : C1700793;
4d71 : 0AA7EC63;
4d72 : FE010113;
4d73 : 00812C23;
4d74 : 00112E23;
4d75 : 00912A23;
4d76 : FFF00413;
4d77 : 0005C463;
4d78 : 00100413;
4d79 : 41F45493;
4d7a : 02A487B3;
4d7b : 028585B3;
4d7c : 00F585B3;
4d7d : 028507B3;
4d7e : 02853533;
4d7f : 00F12423;
4d80 : 00A585B3;
4d81 : 00B12623;
4d82 : 00810513;
4d83 : 3E800593;
4d84 : EB5FF0EF;
4d85 : 00C12783;
4d86 : 01051513;
4d87 : 00812703;
4d88 : 01079693;
4d89 : 3E800793;
4d8a : 02F557B3;
4d8b : 01075613;
4d8c : 01071713;
4d8d : 00D666B3;
4d8e : 01C12083;
4d8f : 00E78533;
4d90 : 00F537B3;
4d91 : 00D787B3;
4d92 : 02A484B3;
4d93 : 028787B3;
4d94 : 028535B3;
4d95 : 009787B3;
4d96 : 01412483;
4d97 : 02850533;
4d98 : 01812403;
4d99 : 00B785B3;
4d9a : 02010113;
4d9b : 00008067;
4d9c : 00000513;
4d9d : 800005B7;
4d9e : 00008067;
4d9f : 800005B7;
4da0 : FFFF0537;
4da1 : FFF5C593;
4da2 : 00008067;
4da3 : FC010113;
4da4 : 02812C23;
4da5 : 03212823;
4da6 : 02112E23;
4da7 : 02912A23;
4da8 : 03312623;
4da9 : 00060913;
4daa : 00100413;
4dab : 0005D463;
4dac : FFF00413;
4dad : 41F45993;
4dae : 02A987B3;
4daf : 028585B3;
4db0 : 00B785B3;
4db1 : 02A407B3;
4db2 : 02A43533;
4db3 : 00F12823;
4db4 : 00A58533;
4db5 : 00A12A23;
4db6 : 3E800593;
4db7 : 01010513;
4db8 : DE5FF0EF;
4db9 : 01012703;
4dba : 01412783;
4dbb : 3B9AD5B7;
4dbc : 00050493;
4dbd : A0058593;
4dbe : 01810513;
4dbf : 00E12C23;
4dc0 : 00F12E23;
4dc1 : DC1FF0EF;
4dc2 : 01055793;
4dc3 : 0104D713;
4dc4 : 00F92623;
4dc5 : 01049493;
4dc6 : 000087B7;
4dc7 : 00F487B3;
4dc8 : 00A12823;
4dc9 : 0097B4B3;
4dca : 01051513;
4dcb : 00E484B3;
4dcc : 00A92423;
4dcd : 3E800593;
4dce : 00810513;
4dcf : 00F12423;
4dd0 : 00912623;
4dd1 : 00012A23;
4dd2 : D7DFF0EF;
4dd3 : 00892783;
4dd4 : 00812703;
4dd5 : 00C92683;
4dd6 : 00C12603;
4dd7 : 00E78733;
4dd8 : 00F737B3;
4dd9 : 00C686B3;
4dda : 00D787B3;
4ddb : 028787B3;
4ddc : 03C12083;
4ddd : 03412483;
4dde : 02E986B3;
4ddf : 00D787B3;
4de0 : 028706B3;
4de1 : 02873733;
4de2 : 00D92423;
4de3 : 00E787B3;
4de4 : 00F92623;
4de5 : 01812703;
4de6 : 01C12783;
4de7 : 033709B3;
4de8 : 028787B3;
4de9 : 028706B3;
4dea : 013787B3;
4deb : 02C12983;
4dec : 02873433;
4ded : 00D92023;
4dee : 00878433;
4def : 00892223;
4df0 : 03812403;
4df1 : 03012903;
4df2 : 04010113;
4df3 : 00008067;
4df4 : 0001F5B7;
4df5 : FA010113;
4df6 : 00300613;
4df7 : 77C58593;
4df8 : 04812C23;
4df9 : 04912A23;
4dfa : 05312623;
4dfb : 17C52483;
4dfc : 04112E23;
4dfd : 05212823;
4dfe : 05412423;
4dff : 05512223;
4e00 : 05612023;
4e01 : 03712E23;
4e02 : 03812C23;
4e03 : 03912A23;
4e04 : 03A12823;
4e05 : 03B12623;
4e06 : 00050413;
4e07 : C45FA0EF;
4e08 : 00000993;
4e09 : 3E051E63;
4e0a : 0001F5B7;
4e0b : 00050993;
4e0c : 00F00613;
4e0d : 77858593;
4e0e : 00040513;
4e0f : 17C42903;
4e10 : C21FA0EF;
4e11 : 3C051E63;
4e12 : 0001FAB7;
4e13 : 02442783;
4e14 : 760AA703;
4e15 : 08090B13;
4e16 : 09090993;
4e17 : 00E7E7B3;
4e18 : 0107D793;
4e19 : 00E7F793;
4e1a : 0A090A13;
4e1b : 0B090B93;
4e1c : 08078A63;
4e1d : 000B0513;
4e1e : DC4F90EF;
4e1f : 0001D6B7;
4e20 : 00050713;
4e21 : 7F468693;
4e22 : 00200613;
4e23 : 00400593;
4e24 : 00040513;
4e25 : 210050EF;
4e26 : 00098513;
4e27 : DA0F90EF;
4e28 : 0001E6B7;
4e29 : 00050713;
4e2a : 80068693;
4e2b : 00200613;
4e2c : 00400593;
4e2d : 00040513;
4e2e : 1EC050EF;
4e2f : 000A0513;
4e30 : D7CF90EF;
4e31 : 0001E6B7;
4e32 : 00050713;
4e33 : 80C68693;
4e34 : 00200613;
4e35 : 00400593;
4e36 : 00040513;
4e37 : 1C8050EF;
4e38 : 000B8513;
4e39 : D58F90EF;
4e3a : 0001E6B7;
4e3b : 00050713;
4e3c : 81868693;
4e3d : 00200613;
4e3e : 00400593;
4e3f : 00040513;
4e40 : 1A4050EF;
4e41 : 01000613;
4e42 : 000B8593;
4e43 : 00010513;
4e44 : D89FC0EF;
4e45 : 000B0593;
4e46 : 00010513;
4e47 : B4CFE0EF;
4e48 : 01000613;
4e49 : 000A0593;
4e4a : 01010513;
4e4b : D6DFC0EF;
4e4c : 00098593;
4e4d : 01010513;
4e4e : B30FE0EF;
4e4f : 02090913;
4e50 : 01000613;
4e51 : 00010593;
4e52 : 00090513;
4e53 : D4DFC0EF;
4e54 : 00090513;
4e55 : 01010593;
4e56 : B10FE0EF;
4e57 : 02048B93;
4e58 : 000B8513;
4e59 : 8B4FE0EF;
4e5a : 19044703;
4e5b : 01F59793;
4e5c : 00155993;
4e5d : 0137E9B3;
4e5e : 4015D913;
4e5f : 17842783;
4e60 : 2E070063;
4e61 : 00098513;
4e62 : 00090593;
4e63 : 0347AD83;
4e64 : 0307AC03;
4e65 : C0DFF0EF;
4e66 : 41F5D793;
4e67 : 00A7C533;
4e68 : 00B7C833;
4e69 : 40F50633;
4e6a : 40F80833;
4e6b : 41FDD793;
4e6c : 00058A13;
4e6d : 0187C5B3;
4e6e : 00C536B3;
4e6f : 01B7C733;
4e70 : 40F58533;
4e71 : 00A5B5B3;
4e72 : 40F707B3;
4e73 : 40D806B3;
4e74 : 40B785B3;
4e75 : CCCFB0EF;
4e76 : 01FA5A13;
4e77 : 01FDD713;
4e78 : 18042B03;
4e79 : 18442D03;
4e7a : 17842C83;
4e7b : 00050793;
4e7c : 00058693;
4e7d : 00EA0A63;
4e7e : 00A036B3;
4e7f : 40B005B3;
4e80 : 40A007B3;
4e81 : 40D586B3;
4e82 : 00FB07B3;
4e83 : 0167BB33;
4e84 : 00DD05B3;
4e85 : 00BB0B33;
4e86 : 00FCAC23;
4e87 : 016CAE23;
4e88 : 17842783;
4e89 : 03048B13;
4e8a : 05048A13;
4e8b : 0187A503;
4e8c : 01C7A583;
4e8d : F7DFD0EF;
4e8e : 00050793;
4e8f : 01350533;
4e90 : 00F537B3;
4e91 : 012585B3;
4e92 : 00B785B3;
4e93 : 000B0613;
4e94 : C3DFF0EF;
4e95 : 01000613;
4e96 : 08048593;
4e97 : 000A0513;
4e98 : C39FC0EF;
4e99 : 09048593;
4e9a : 000A0513;
4e9b : 9FCFE0EF;
4e9c : 000B0593;
4e9d : 000A0513;
4e9e : C44FE0EF;
4e9f : 00042703;
4ea0 : 00900793;
4ea1 : 04F71E63;
4ea2 : 03442783;
4ea3 : 0504A603;
4ea4 : 3B9AD6B7;
4ea5 : 00C7A583;
4ea6 : 0544A783;
4ea7 : A0068693;
4ea8 : 02D60733;
4ea9 : 02D787B3;
4eaa : 02D636B3;
4eab : 05C4A603;
4eac : 00D787B3;
4ead : 01079793;
4eae : 01075693;
4eaf : 00F6E7B3;
4eb0 : 0584A683;
4eb1 : 01071713;
4eb2 : 00C787B3;
4eb3 : 00D706B3;
4eb4 : 00E6B733;
4eb5 : 00F707B3;
4eb6 : 00D5A423;
4eb7 : 00F5A623;
4eb8 : 04048493;
4eb9 : 00048613;
4eba : 00098513;
4ebb : 00090593;
4ebc : B9DFF0EF;
4ebd : 00098513;
4ebe : 00090593;
4ebf : AA5FF0EF;
4ec0 : 00042703;
4ec1 : 00900793;
4ec2 : 00F71A63;
4ec3 : 03442783;
4ec4 : 00C7A783;
4ec5 : 00A7A823;
4ec6 : 00B7AA23;
4ec7 : 760AA783;
4ec8 : 02442703;
4ec9 : 00100993;
4eca : 00E7E7B3;
4ecb : 0107D793;
4ecc : 00E7F793;
4ecd : 0E078663;
4ece : 000B8513;
4ecf : B00F90EF;
4ed0 : 0001E6B7;
4ed1 : 00050713;
4ed2 : 82468693;
4ed3 : 00200613;
4ed4 : 00400593;
4ed5 : 00040513;
4ed6 : 74D040EF;
4ed7 : 000B0513;
4ed8 : ADCF90EF;
4ed9 : 0001E6B7;
4eda : 00050713;
4edb : 83C68693;
4edc : 00200613;
4edd : 00400593;
4ede : 00040513;
4edf : 729040EF;
4ee0 : 17842783;
4ee1 : 01C7A583;
4ee2 : 0187A503;
4ee3 : A04F90EF;
4ee4 : 0001E6B7;
4ee5 : 00050713;
4ee6 : 85468693;
4ee7 : 00200613;
4ee8 : 00400593;
4ee9 : 00040513;
4eea : 6FD040EF;
4eeb : 17842783;
4eec : 0347A583;
4eed : 0307A503;
4eee : 90CF90EF;
4eef : 0001E6B7;
4ef0 : 00050713;
4ef1 : 87068693;
4ef2 : 00200613;
4ef3 : 00400593;
4ef4 : 00040513;
4ef5 : 6D1040EF;
4ef6 : 00048513;
4ef7 : A60F90EF;
4ef8 : 0001E6B7;
4ef9 : 00050713;
4efa : 88C68693;
4efb : 00200613;
4efc : 00400593;
4efd : 00040513;
4efe : 6AD040EF;
4eff : 000A0513;
4f00 : A3CF90EF;
4f01 : 0001E6B7;
4f02 : 00050713;
4f03 : 8A468693;
4f04 : 00200613;
4f05 : 00400593;
4f06 : 00040513;
4f07 : 689040EF;
4f08 : 05C12083;
4f09 : 05812403;
4f0a : 05412483;
4f0b : 05012903;
4f0c : 04812A03;
4f0d : 04412A83;
4f0e : 04012B03;
4f0f : 03C12B83;
4f10 : 03812C03;
4f11 : 03412C83;
4f12 : 03012D03;
4f13 : 02C12D83;
4f14 : 00098513;
4f15 : 04C12983;
4f16 : 06010113;
4f17 : 00008067;
4f18 : 18042603;
4f19 : 18442683;
4f1a : 00C7AC23;
4f1b : 00D7AE23;
4f1c : DB1FF06F;
4f1d : FA010113;
4f1e : 04812C23;
4f1f : 17C52403;
4f20 : 04112E23;
4f21 : 04912A23;
4f22 : 05212823;
4f23 : 05312623;
4f24 : 05412423;
4f25 : 05512223;
4f26 : 05612023;
4f27 : 03712E23;
4f28 : 03812C23;
4f29 : 03912A23;
4f2a : 06344783;
4f2b : 02079E63;
4f2c : 00000513;
4f2d : 05C12083;
4f2e : 05812403;
4f2f : 05412483;
4f30 : 05012903;
4f31 : 04C12983;
4f32 : 04812A03;
4f33 : 04412A83;
4f34 : 04012B03;
4f35 : 03C12B83;
4f36 : 03812C03;
4f37 : 03412C83;
4f38 : 06010113;
4f39 : 00008067;
4f3a : 00058913;
4f3b : 0001F5B7;
4f3c : 060401A3;
4f3d : 00C00613;
4f3e : 78058593;
4f3f : 00050493;
4f40 : F60FA0EF;
4f41 : FA0516E3;
4f42 : 01000613;
4f43 : 0C848593;
4f44 : 0A040513;
4f45 : 985FC0EF;
4f46 : 0B040513;
4f47 : 01000613;
4f48 : 0D848593;
4f49 : 975FC0EF;
4f4a : 00048513;
4f4b : 17C4A403;
4f4c : AA1FF0EF;
4f4d : 3C050663;
4f4e : 04042783;
4f4f : 04442703;
4f50 : 00E7E7B3;
4f51 : 3A079E63;
4f52 : 01C42A83;
4f53 : 01842B03;
4f54 : 04842783;
4f55 : 04C42C03;
4f56 : 01504C63;
4f57 : 000A9463;
4f58 : 000B1863;
4f59 : 300C4063;
4f5a : 00F42823;
4f5b : 01842A23;
4f5c : 0344A783;
4f5d : 01042A03;
4f5e : 01442983;
4f5f : 0047A783;
4f60 : 03F00C93;
4f61 : 02479B83;
4f62 : 417C8633;
4f63 : 000A0513;
4f64 : 00098593;
4f65 : 2F1050EF;
4f66 : 00B56533;
4f67 : 2C051E63;
4f68 : 000B8613;
4f69 : 00100513;
4f6a : 00000593;
4f6b : 2A1050EF;
4f6c : 00050613;
4f6d : 00058713;
4f6e : 0155C663;
4f6f : 00BA9863;
4f70 : 01657663;
4f71 : 00A42C23;
4f72 : 00B42E23;
4f73 : 01C42683;
4f74 : 01842783;
4f75 : 00E6C663;
4f76 : 00D71E63;
4f77 : 00C7FC63;
4f78 : 00178713;
4f79 : 00F737B3;
4f7a : 00D787B3;
4f7b : 00E42C23;
4f7c : 00F42E23;
4f7d : 000C5863;
4f7e : 2809C463;
4f7f : 05442423;
4f80 : 05342623;
4f81 : 00300513;
4f82 : 033509B3;
4f83 : 04C42703;
4f84 : 04842783;
4f85 : 034506B3;
4f86 : 03453533;
4f87 : 00A989B3;
4f88 : 00E9C663;
4f89 : 07371863;
4f8a : 06F6F663;
4f8b : 0107D793;
4f8c : 01071713;
4f8d : 0001E6B7;
4f8e : 00F76733;
4f8f : 8BC68693;
4f90 : 00100613;
4f91 : 00400593;
4f92 : 00048513;
4f93 : 459040EF;
4f94 : 01042703;
4f95 : 01442683;
4f96 : 01C42603;
4f97 : 01F75793;
4f98 : 00169693;
4f99 : 00D7E6B3;
4f9a : 01842783;
4f9b : 00171713;
4f9c : 00C686B3;
4f9d : 00F707B3;
4f9e : 00E7B733;
4f9f : 00D70733;
4fa0 : 00178693;
4fa1 : 00F6B7B3;
4fa2 : 00E787B3;
4fa3 : 04D42423;
4fa4 : 04F42623;
4fa5 : 01842583;
4fa6 : 01C42783;
4fa7 : 01042683;
4fa8 : 0015B713;
4fa9 : 40E787B3;
4faa : 01442703;
4fab : FFF58613;
4fac : 02F687B3;
4fad : 02010513;
4fae : 02C70733;
4faf : 00E787B3;
4fb0 : 02C68733;
4fb1 : 02C6B6B3;
4fb2 : 04C42603;
4fb3 : 00D787B3;
4fb4 : 04842683;
4fb5 : 00C787B3;
4fb6 : 00D706B3;
4fb7 : 00E6B733;
4fb8 : 00F707B3;
4fb9 : 02D12023;
4fba : 02F12223;
4fbb : DD8FF0EF;
4fbc : 02012683;
4fbd : 02412503;
4fbe : 0004A703;
4fbf : 00D42823;
4fc0 : 00A42A23;
4fc1 : 04D42423;
4fc2 : 04A42623;
4fc3 : 00900793;
4fc4 : 04F71A63;
4fc5 : 0344A783;
4fc6 : 04042583;
4fc7 : 3B9AD637;
4fc8 : 00C7A803;
4fc9 : 04442783;
4fca : A0060613;
4fcb : 02C58733;
4fcc : 02C787B3;
4fcd : 02C5B633;
4fce : 00C787B3;
4fcf : 01079793;
4fd0 : 01075613;
4fd1 : 01071713;
4fd2 : 00D706B3;
4fd3 : 00F667B3;
4fd4 : 00E6B733;
4fd5 : 00A787B3;
4fd6 : 00F707B3;
4fd7 : 00D82823;
4fd8 : 00F82A23;
4fd9 : 01842703;
4fda : 04040513;
4fdb : 00E12623;
4fdc : ECDF80EF;
4fdd : 00C12703;
4fde : 0001E6B7;
4fdf : 00050793;
4fe0 : 00100613;
4fe1 : 8D468693;
4fe2 : 00400593;
4fe3 : 00048513;
4fe4 : 315040EF;
4fe5 : 05042783;
4fe6 : 05442703;
4fe7 : 0344A603;
4fe8 : 00E7E7B3;
4fe9 : 0E079863;
4fea : 05842783;
4feb : 05C42683;
4fec : 2D000737;
4fed : 00E78733;
4fee : 13168693;
4fef : 00F737B3;
4ff0 : 00D787B3;
4ff1 : 26200693;
4ff2 : 0CF6E663;
4ff3 : 00D79663;
4ff4 : 5A0007B7;
4ff5 : 0CE7E063;
4ff6 : 17C4A703;
4ff7 : 05842503;
4ff8 : 05C42583;
4ff9 : 00072783;
4ffa : 00472683;
4ffb : 0007D837;
4ffc : 00A78533;
4ffd : 00F537B3;
4ffe : 00B686B3;
4fff : 00D786B3;
5000 : 00462783;
5001 : 00A72023;
5002 : 00D72223;
5003 : 02279583;
5004 : 41F5D793;
5005 : 02B80633;
5006 : 02F807B3;
5007 : 02B83833;
5008 : 010787B3;
5009 : 01079793;
500a : 01065813;
500b : 00F867B3;
500c : 01061613;
500d : 12D7CC63;
500e : 00F69463;
500f : 12A66863;
5010 : 40C00833;
5011 : 40F007B3;
5012 : 00C03633;
5013 : 40C787B3;
5014 : 00F6C663;
5015 : 12D79063;
5016 : 11057E63;
5017 : 01072023;
5018 : 1100006F;
5019 : 00000793;
501a : 00000813;
501b : 00F42823;
501c : 01042A23;
501d : CFDFF06F;
501e : FFFB8B93;
501f : D0DFF06F;
5020 : 00000793;
5021 : 00000813;
5022 : 04F42423;
5023 : 05042623;
5024 : D75FF06F;
5025 : 00462783;
5026 : 01C7A783;
5027 : 0017F793;
5028 : F2079CE3;
5029 : 03C4A783;
502a : 02010593;
502b : 00048513;
502c : 00C7A783;
502d : 000780E7;
502e : 05040593;
502f : 02010513;
5030 : DFDFD0EF;
5031 : 03C4A783;
5032 : 02010593;
5033 : 00048513;
5034 : 0107A783;
5035 : 000780E7;
5036 : 00048513;
5037 : F34FB0EF;
5038 : 06842783;
5039 : 07040593;
503a : 00048513;
503b : 00178793;
503c : 06F42423;
503d : 03C4A783;
503e : 00C7A783;
503f : 000780E7;
5040 : 00100513;
5041 : BA0908E3;
5042 : 17C4A503;
5043 : 05050513;
5044 : 909FD0EF;
5045 : 02B12223;
5046 : 000F45B7;
5047 : 02A12023;
5048 : 24058593;
5049 : 02010513;
504a : B9CFF0EF;
504b : 0344A503;
504c : 3E800793;
504d : 02012703;
504e : 00452683;
504f : 0346A603;
5050 : 02C787B3;
5051 : 41F75613;
5052 : 00E64733;
5053 : 40C70733;
5054 : 18E7CA63;
5055 : 03C4A783;
5056 : 00100593;
5057 : 02C7A783;
5058 : 000780E7;
5059 : 00100513;
505a : B4DFF06F;
505b : 00C72023;
505c : 00F72223;
505d : 00472983;
505e : 00072A03;
505f : 01304663;
5060 : 10099E63;
5061 : 100A0C63;
5062 : 01412C23;
5063 : 01312E23;
5064 : 01810513;
5065 : B30FF0EF;
5066 : 03304663;
5067 : 00099463;
5068 : 020A1263;
5069 : 01812783;
506a : 40F006B3;
506b : 00F03733;
506c : 01C12783;
506d : 00D12C23;
506e : 40F007B3;
506f : 40E787B3;
5070 : 00F12E23;
5071 : 05C42983;
5072 : 05842A03;
5073 : 01304663;
5074 : 0E099463;
5075 : 0E0A0263;
5076 : 03412023;
5077 : 03312223;
5078 : 0344A783;
5079 : 02010513;
507a : 0047A783;
507b : 02079583;
507c : AD4FF0EF;
507d : 03304663;
507e : 00099463;
507f : 020A1263;
5080 : 02012783;
5081 : 40F006B3;
5082 : 00F03733;
5083 : 02412783;
5084 : 02D12023;
5085 : 40F007B3;
5086 : 40E787B3;
5087 : 02F12223;
5088 : 0344A683;
5089 : 02012783;
508a : 02412703;
508b : 0046A683;
508c : 01812583;
508d : 01C12603;
508e : 01C6A683;
508f : 0016F693;
5090 : 02069A63;
5091 : 00B785B3;
5092 : 00F5B7B3;
5093 : 00C70733;
5094 : 00E787B3;
5095 : 01079793;
5096 : 0105D593;
5097 : 00B7E5B3;
5098 : 03C4A783;
5099 : 01C7A703;
509a : 06070663;
509b : 00048513;
509c : 000700E7;
509d : 17C4A783;
509e : 0001E6B7;
509f : 8F468693;
50a0 : 0007A703;
50a1 : 00200613;
50a2 : 00400593;
50a3 : 40A75713;
50a4 : 00048513;
50a5 : 011040EF;
50a6 : E49FF06F;
50a7 : 014037B3;
50a8 : 41300733;
50a9 : 414006B3;
50aa : 40F707B3;
50ab : 00D12C23;
50ac : 00F12E23;
50ad : EDDFF06F;
50ae : 014037B3;
50af : 41300733;
50b0 : 414006B3;
50b1 : 40F707B3;
50b2 : 02D12023;
50b3 : 02F12223;
50b4 : F11FF06F;
50b5 : 0187A783;
50b6 : 00048513;
50b7 : 000780E7;
50b8 : F95FF06F;
50b9 : 03E6C683;
50ba : E6069EE3;
50bb : 00500693;
50bc : 02D7C6B3;
50bd : 00D787B3;
50be : E6E7D6E3;
50bf : 03C4A783;
50c0 : 00000593;
50c1 : 02C7A783;
50c2 : E59FF06F;
50c3 : FB010113;
50c4 : 05212023;
50c5 : 00058913;
50c6 : 04812423;
50c7 : 02010593;
50c8 : 00050413;
50c9 : 00090513;
50ca : 04112623;
50cb : 04912223;
50cc : D71FA0EF;
50cd : 02C90593;
50ce : 00800613;
50cf : 03010513;
50d0 : B58FC0EF;
50d1 : 03495783;
50d2 : 03495483;
50d3 : 17842903;
50d4 : 0087D793;
50d5 : 00849493;
50d6 : 00F4E4B3;
50d7 : 01049493;
50d8 : 0104D493;
50d9 : 00800613;
50da : 03010593;
50db : 00090513;
50dc : 02911C23;
50dd : C91FB0EF;
50de : 02051263;
50df : 25045703;
50e0 : 29A45783;
50e1 : 00F71C63;
50e2 : 00895783;
50e3 : 00979863;
50e4 : 00040513;
50e5 : CE9FB0EF;
50e6 : 04051263;
50e7 : 02844783;
50e8 : 0001C737;
50e9 : 0001E6B7;
50ea : A0070713;
50eb : 90C68693;
50ec : 00100613;
50ed : 00500593;
50ee : 00040513;
50ef : 6E8040EF;
50f0 : 04C12083;
50f1 : 04812403;
50f2 : 04412483;
50f3 : 04012903;
50f4 : 00000513;
50f5 : 05010113;
50f6 : 00008067;
50f7 : 0D840493;
50f8 : 02010593;
50f9 : 01000613;
50fa : 00048513;
50fb : AACFC0EF;
50fc : 02042783;
50fd : 28040593;
50fe : 0587A783;
50ff : 04078C63;
5100 : 00040513;
5101 : 00B12623;
5102 : 000780E7;
5103 : 00C12583;
5104 : 04051263;
5105 : 00048513;
5106 : AA5FD0EF;
5107 : 02042783;
5108 : 0147A783;
5109 : 06078663;
510a : 00040513;
510b : 000780E7;
510c : F80508E3;
510d : 17842783;
510e : 29C40703;
510f : 00A78683;
5110 : F8E680E3;
5111 : 00E78523;
5112 : 00040513;
5113 : 050050EF;
5114 : F71FF06F;
5115 : 00000793;
5116 : 00F12823;
5117 : 17842783;
5118 : 00000813;
5119 : 00048513;
511a : 0187A703;
511b : 01C7A783;
511c : 01012A23;
511d : 00E12C23;
511e : 00F12E23;
511f : FECFD0EF;
5120 : 01010593;
5121 : 00048513;
5122 : FE0FD0EF;
5123 : F91FF06F;
5124 : 00100593;
5125 : 00040513;
5126 : FDCFF0EF;
5127 : F95FF06F;
5128 : FB010113;
5129 : 03512A23;
512a : 0001BAB7;
512b : 558A8713;
512c : 0001D6B7;
512d : 4C070713;
512e : DB468693;
512f : 00200613;
5130 : 00200593;
5131 : 04912223;
5132 : 04112623;
5133 : 00050493;
5134 : 04812423;
5135 : 05212023;
5136 : 03312E23;
5137 : 03412C23;
5138 : 03612823;
5139 : 03712623;
513a : 03812423;
513b : 03912223;
513c : 5B4040EF;
513d : 3404A703;
513e : 00100793;
513f : 68F71C63;
5140 : 0184A403;
5141 : 0C848B13;
5142 : 01000613;
5143 : 0A840C13;
5144 : 000B0593;
5145 : 000C0513;
5146 : 980FC0EF;
5147 : 0B840793;
5148 : 0D848A13;
5149 : 01000613;
514a : 000A0593;
514b : 00078513;
514c : 968FC0EF;
514d : 17C4A703;
514e : 558A8A93;
514f : 06374703;
5150 : 04070663;
5151 : 0E840993;
5152 : 01000613;
5153 : 00050593;
5154 : 00098513;
5155 : 944FC0EF;
5156 : 08840593;
5157 : 00098513;
5158 : F08FD0EF;
5159 : 01000613;
515a : 000C0593;
515b : 01010513;
515c : 928FC0EF;
515d : 09840593;
515e : 01010513;
515f : EECFD0EF;
5160 : 01010593;
5161 : 00098513;
5162 : EE0FD0EF;
5163 : 06840593;
5164 : 000B0513;
5165 : 929FD0EF;
5166 : 05840593;
5167 : 000A0513;
5168 : EC8FD0EF;
5169 : 17C4A403;
516a : 06344783;
516b : 04078E63;
516c : 0001F5B7;
516d : 060401A3;
516e : 00C00613;
516f : 76458593;
5170 : 00048513;
5171 : E9DF90EF;
5172 : 04051063;
5173 : 01000613;
5174 : 000B0593;
5175 : 0A040513;
5176 : 8C0FC0EF;
5177 : 01000613;
5178 : 000A0593;
5179 : 0B040513;
517a : 8B0FC0EF;
517b : 17C4A983;
517c : 0619C783;
517d : 06079063;
517e : 0001E537;
517f : 4D0A8593;
5180 : 94C50513;
5181 : E7DF30EF;
5182 : 33C4A703;
5183 : 00300793;
5184 : 00F71663;
5185 : 00048513;
5186 : 7D9040EF;
5187 : 04C12083;
5188 : 04812403;
5189 : 04412483;
518a : 04012903;
518b : 03C12983;
518c : 03812A03;
518d : 03412A83;
518e : 03012B03;
518f : 02C12B83;
5190 : 02812C03;
5191 : 02412C83;
5192 : 00000513;
5193 : 05010113;
5194 : 00008067;
5195 : 0184A403;
5196 : 00048513;
5197 : 01842B03;
5198 : 01C42A03;
5199 : 96CFF0EF;
519a : FA0500E3;
519b : 02098513;
519c : BA8FD0EF;
519d : 00A42C23;
519e : 00B42E23;
519f : 03098513;
51a0 : B98FD0EF;
51a1 : 01000613;
51a2 : 02A42023;
51a3 : 02B42223;
51a4 : 01010513;
51a5 : 05098593;
51a6 : 800FC0EF;
51a7 : 01010513;
51a8 : 00100C13;
51a9 : B74FD0EF;
51aa : 01840A23;
51ab : 0689A783;
51ac : 02A42823;
51ad : 02B42A23;
51ae : 00178793;
51af : 06F9A423;
51b0 : 03C4A783;
51b1 : 07098593;
51b2 : 00048513;
51b3 : 00C7A783;
51b4 : 000780E7;
51b5 : 01544783;
51b6 : F20788E3;
51b7 : 00048513;
51b8 : 41D020EF;
51b9 : 00050613;
51ba : 00050E63;
51bb : 0001E537;
51bc : 4E4A8593;
51bd : 97450513;
51be : D89F30EF;
51bf : 01840B23;
51c0 : F09FF06F;
51c1 : 121020EF;
51c2 : 08051463;
51c3 : 0609C783;
51c4 : FFD7F793;
51c5 : 06F98023;
51c6 : 01012783;
51c7 : 01412703;
51c8 : 00E7E7B3;
51c9 : 08079463;
51ca : 01C12683;
51cb : 01042C83;
51cc : 01812703;
51cd : FFF00C13;
51ce : 0006C463;
51cf : 00100C13;
51d0 : 0F904863;
51d1 : 0001E537;
51d2 : 000C8613;
51d3 : 4F8A8593;
51d4 : 9D050513;
51d5 : D2DF30EF;
51d6 : 01012703;
51d7 : 0001E6B7;
51d8 : 00090813;
51d9 : 000B8793;
51da : 9F868693;
51db : 00200613;
51dc : 00400593;
51dd : 00048513;
51de : 32C040EF;
51df : 040B8C63;
51e0 : 00200593;
51e1 : 00048513;
51e2 : 8EDF90EF;
51e3 : 0480006F;
51e4 : 0001E6B7;
51e5 : 9AC68693;
51e6 : 00100613;
51e7 : 00400593;
51e8 : 00048513;
51e9 : 300040EF;
51ea : E61FF06F;
51eb : 00100593;
51ec : 00048513;
51ed : 8C1F90EF;
51ee : 01012703;
51ef : 0001E6B7;
51f0 : 9B868693;
51f1 : 00200613;
51f2 : 00400593;
51f3 : 00048513;
51f4 : 2D4040EF;
51f5 : 0609C783;
51f6 : 0649A703;
51f7 : 0027F793;
51f8 : 10079063;
51f9 : 0001E7B7;
51fa : C9478793;
51fb : 0001E6B7;
51fc : A2068693;
51fd : 00300613;
51fe : 00400593;
51ff : 00048513;
5200 : 2A4040EF;
5201 : 0619C783;
5202 : 00400713;
5203 : FFF78793;
5204 : 0FF7F793;
5205 : 16F76E63;
5206 : 0001B737;
5207 : 00279793;
5208 : 54470713;
5209 : 00E787B3;
520a : 0007A783;
520b : 00078067;
520c : 41FC5793;
520d : 02E787B3;
520e : 00008937;
520f : 000C8593;
5210 : 00810513;
5211 : 038686B3;
5212 : 02EC0633;
5213 : 00D787B3;
5214 : 3E800693;
5215 : 02EC3733;
5216 : 00E787B3;
5217 : 02C68733;
5218 : 02F687B3;
5219 : 01270933;
521a : 00E93733;
521b : 01095913;
521c : 02C6B6B3;
521d : 00D787B3;
521e : 00F707B3;
521f : 01079713;
5220 : 01276933;
5221 : 0107D793;
5222 : 01212423;
5223 : 00F12623;
5224 : C35FE0EF;
5225 : 00812603;
5226 : 00C12703;
5227 : 41FCD793;
5228 : 02F607B3;
5229 : 3E800593;
522a : 00810513;
522b : 03970733;
522c : 03960833;
522d : 00E787B3;
522e : 03963633;
522f : 41090933;
5230 : 01012423;
5231 : 00C787B3;
5232 : 00F12623;
5233 : BF9FE0EF;
5234 : 00812B83;
5235 : 03890933;
5236 : 037C0BB3;
5237 : E7DFF06F;
5238 : 0001E7B7;
5239 : 93C78793;
523a : F05FF06F;
523b : 01012503;
523c : 01412583;
523d : 00000613;
523e : 110020EF;
523f : 0609C783;
5240 : 0027E793;
5241 : 06F98023;
5242 : 00300593;
5243 : 07C0006F;
5244 : 000B8613;
5245 : 00000513;
5246 : 00000593;
5247 : FDDFF06F;
5248 : 00C42703;
5249 : 0001E6B7;
524a : 00090813;
524b : 000B8793;
524c : A3868693;
524d : 00200613;
524e : 00400593;
524f : 00048513;
5250 : 164040EF;
5251 : 00C42803;
5252 : 0001D6B7;
5253 : 11700793;
5254 : 01090833;
5255 : 00400593;
5256 : 01042623;
5257 : 4E4A8713;
5258 : 0A868693;
5259 : 00300613;
525a : 00048513;
525b : 138040EF;
525c : 00C42503;
525d : 678020EF;
525e : 0609C783;
525f : 00500593;
5260 : 0027E793;
5261 : 06F98023;
5262 : 00048513;
5263 : EE8F90EF;
5264 : 0619C703;
5265 : FFC70793;
5266 : 0017B793;
5267 : 06F98123;
5268 : 00400793;
5269 : 00F70863;
526a : 00042783;
526b : 00178793;
526c : 00F42023;
526d : 03442703;
526e : 03042683;
526f : 41F75613;
5270 : 00C6C6B3;
5271 : 00C747B3;
5272 : 40C68733;
5273 : 00E6B6B3;
5274 : 40C787B3;
5275 : 40D787B3;
5276 : 00F04863;
5277 : 00079C63;
5278 : 1F400793;
5279 : 00E7F863;
527a : 00442783;
527b : 00178793;
527c : 00F42223;
527d : 01842683;
527e : 01C42603;
527f : 40DB05B3;
5280 : 00BB37B3;
5281 : 40CA0733;
5282 : 40F70733;
5283 : 14074463;
5284 : 00100793;
5285 : 00E04A63;
5286 : 00071663;
5287 : 3E800713;
5288 : 00B76463;
5289 : 00000793;
528a : BE0780E3;
528b : 00842783;
528c : 00178793;
528d : 00F42423;
528e : BD1FF06F;
528f : 01010513;
5290 : FD9FC0EF;
5291 : 40A007B3;
5292 : 0005C463;
5293 : 00050793;
5294 : 03B00713;
5295 : 04F74463;
5296 : 03C4A783;
5297 : 0344A503;
5298 : 00100593;
5299 : 02C7A783;
529a : 000780E7;
529b : 02042703;
529c : 02442783;
529d : 00400593;
529e : 02E42C23;
529f : 02F42E23;
52a0 : 00048513;
52a1 : DF0F90EF;
52a2 : 04042703;
52a3 : 00900793;
52a4 : F0E7D0E3;
52a5 : 04042023;
52a6 : E71FF06F;
52a7 : 04042783;
52a8 : 00178793;
52a9 : 04F42023;
52aa : FE1FF06F;
52ab : 02042683;
52ac : 03842703;
52ad : 02442783;
52ae : 03C42603;
52af : 40E68733;
52b0 : 00E6B6B3;
52b1 : 40C787B3;
52b2 : 40D787B3;
52b3 : 02E42423;
52b4 : 41F95713;
52b5 : 02F42623;
52b6 : 012747B3;
52b7 : 40E787B3;
52b8 : 07800713;
52b9 : E2F742E3;
52ba : 00400813;
52bb : 03094833;
52bc : 00C42903;
52bd : 0001D6B7;
52be : 14A00793;
52bf : 4E4A8713;
52c0 : 0A868693;
52c1 : 00300613;
52c2 : 00400593;
52c3 : 00048513;
52c4 : 01280833;
52c5 : 01042623;
52c6 : 78D030EF;
52c7 : 00C42503;
52c8 : 4CC020EF;
52c9 : 00C42703;
52ca : 0001E6B7;
52cb : A5468693;
52cc : 00100613;
52cd : 00600593;
52ce : 00048513;
52cf : 769030EF;
52d0 : 02042703;
52d1 : 02442783;
52d2 : 02E42C23;
52d3 : 02F42E23;
52d4 : E41FF06F;
52d5 : 41600733;
52d6 : 414007B3;
52d7 : 01603B33;
52d8 : 416787B3;
52d9 : 40D706B3;
52da : 00D73733;
52db : 40C787B3;
52dc : 40E787B3;
52dd : 00100713;
52de : 00F04A63;
52df : 00079663;
52e0 : 3E800793;
52e1 : 00D7E463;
52e2 : 00000713;
52e3 : 0FF77793;
52e4 : E99FF06F;
52e5 : 0344A783;
52e6 : 00048513;
52e7 : 0047A783;
52e8 : 03F7C583;
52e9 : 8D0FF0EF;
52ea : A75FF06F;
52eb : FD010113;
52ec : 00A12C23;
52ed : 00B12E23;
52ee : 01810513;
52ef : 3E800593;
52f0 : 02112623;
52f1 : 02812423;
52f2 : 00060413;
52f3 : 8F9FE0EF;
52f4 : 01C12783;
52f5 : 01812703;
52f6 : 00000813;
52f7 : 00F42623;
52f8 : 00000793;
52f9 : 00E42423;
52fa : 00F42023;
52fb : 01042223;
52fc : 00040513;
52fd : EF9FC0EF;
52fe : 02C12083;
52ff : 02812403;
5300 : 03010113;
5301 : 00008067;
5302 : 17852783;
5303 : FD010113;
5304 : 02812423;
5305 : 02912223;
5306 : 03212023;
5307 : 02112623;
5308 : 0107A903;
5309 : 00050413;
530a : 00058493;
530b : 00068C63;
530c : 00300793;
530d : 02F90C23;
530e : 4B000613;
530f : 00B00593;
5310 : 7D0040EF;
5311 : 27144703;
5312 : 00C00793;
5313 : 0AF71663;
5314 : 00E10693;
5315 : 01010613;
5316 : 00048593;
5317 : 00040513;
5318 : 91CFC0EF;
5319 : 08050A63;
531a : 00E15703;
531b : 000017B7;
531c : 00478793;
531d : 06F71063;
531e : 01842403;
531f : 01C92503;
5320 : 02092583;
5321 : 04840613;
5322 : F25FF0EF;
5323 : 02492503;
5324 : 02892583;
5325 : 05840613;
5326 : F15FF0EF;
5327 : 02E94683;
5328 : 00100713;
5329 : 00800793;
532a : 00E68463;
532b : 00500793;
532c : 00F92223;
532d : 00000493;
532e : 02C12083;
532f : 02812403;
5330 : 02012903;
5331 : 00048513;
5332 : 02412483;
5333 : 03010113;
5334 : 00008067;
5335 : 0001E7B7;
5336 : 0001D6B7;
5337 : A6878793;
5338 : 77868693;
5339 : 00100613;
533a : 00200593;
533b : 00040513;
533c : 5B5030EF;
533d : FC1FF06F;
533e : 00B00593;
533f : 00040513;
5340 : 491030EF;
5341 : 03894783;
5342 : 12C00713;
5343 : 00050493;
5344 : 02E787B3;
5345 : 04A7C063;
5346 : 02051A63;
5347 : 0001E737;
5348 : 0001D6B7;
5349 : 00040513;
534a : A7470713;
534b : 09068693;
534c : 00100613;
534d : 00600593;
534e : 56D030EF;
534f : 00600593;
5350 : 00040513;
5351 : DC9FA0EF;
5352 : F71FF06F;
5353 : 00040513;
5354 : C70F90EF;
5355 : 00B00593;
5356 : 00040513;
5357 : 435030EF;
5358 : 03894483;
5359 : ED400793;
535a : 02F484B3;
535b : 00A484B3;
535c : F49FF06F;
535d : 17852783;
535e : FE010113;
535f : 00912A23;
5360 : 19852703;
5361 : 0107A483;
5362 : 19C52783;
5363 : 01212823;
5364 : 3E800913;
5365 : 02E90833;
5366 : 00112E23;
5367 : 00812C23;
5368 : 01312623;
5369 : 01412423;
536a : 0001EA37;
536b : 01852983;
536c : A88A0693;
536d : 00100613;
536e : 00200593;
536f : 02E93733;
5370 : 0104A623;
5371 : 00050413;
5372 : 02F907B3;
5373 : 00E787B3;
5374 : 0001E737;
5375 : 00F4A823;
5376 : A8070713;
5377 : 4C9030EF;
5378 : 00C4A503;
5379 : 0104A583;
537a : 06898613;
537b : DC1FF0EF;
537c : 1A042703;
537d : 1B042683;
537e : 1A442603;
537f : 1B442583;
5380 : 00D706B3;
5381 : 00E6B7B3;
5382 : 00B60733;
5383 : 00E787B3;
5384 : 02D90833;
5385 : 0001E737;
5386 : AA070713;
5387 : 00040513;
5388 : 00100613;
5389 : 00200593;
538a : 02F907B3;
538b : 0104AA23;
538c : 02D93933;
538d : A88A0693;
538e : 012787B3;
538f : 00F4AC23;
5390 : 465030EF;
5391 : 0144A503;
5392 : 0184A583;
5393 : 07898613;
5394 : D5DFF0EF;
5395 : 00600793;
5396 : 00F4A223;
5397 : 000015B7;
5398 : 00100793;
5399 : 02F48823;
539a : 00040513;
539b : 00358593;
539c : ED5FD0EF;
539d : 020487A3;
539e : 01C12083;
539f : 01812403;
53a0 : 01412483;
53a1 : 01012903;
53a2 : 00C12983;
53a3 : 00812A03;
53a4 : 00000513;
53a5 : 02010113;
53a6 : 00008067;
53a7 : FE010113;
53a8 : 00812C23;
53a9 : 00912A23;
53aa : 01212823;
53ab : 01312623;
53ac : 01412423;
53ad : 01512223;
53ae : 00112E23;
53af : 00050913;
53b0 : 00060413;
53b1 : 00050023;
53b2 : 00058493;
53b3 : 00050993;
53b4 : 00C58A33;
53b5 : 0001EAB7;
53b6 : 0004C603;
53b7 : 00098513;
53b8 : AA8A8593;
53b9 : 00148493;
53ba : D04F30EF;
53bb : 00398993;
53bc : FF4494E3;
53bd : 00300613;
53be : 02C40433;
53bf : 00090513;
53c0 : 00890433;
53c1 : FE040FA3;
53c2 : 01C12083;
53c3 : 01812403;
53c4 : 01412483;
53c5 : 01012903;
53c6 : 00C12983;
53c7 : 00812A03;
53c8 : 00412A83;
53c9 : 02010113;
53ca : 00008067;
53cb : 00052783;
53cc : FC010113;
53cd : 02112E23;
53ce : 02812C23;
53cf : 0A078663;
53d0 : 00050613;
53d1 : 00050413;
53d2 : 0001C537;
53d3 : 00400593;
53d4 : A6450513;
53d5 : CB5F70EF;
53d6 : 00200793;
53d7 : 0CF50E63;
53d8 : 02A7C463;
53d9 : 08050263;
53da : 00100793;
53db : 0AF50A63;
53dc : FFF00793;
53dd : 03C12083;
53de : 03812403;
53df : 00078513;
53e0 : 04010113;
53e1 : 00008067;
53e2 : 00300793;
53e3 : FEF512E3;
53e4 : 00442503;
53e5 : FFF00793;
53e6 : FC050EE3;
53e7 : 00810593;
53e8 : C34F70EF;
53e9 : 00842503;
53ea : 00050463;
53eb : D44F70EF;
53ec : 2D636537;
53ed : 16D50513;
53ee : 00020437;
53ef : A4CEE0EF;
53f0 : 0D840413;
53f1 : 00054E63;
53f2 : 05042503;
53f3 : FF0EE0EF;
53f4 : 00600613;
53f5 : 00810593;
53f6 : 00000513;
53f7 : 87CEE0EF;
53f8 : 00042423;
53f9 : 0140006F;
53fa : 000205B7;
53fb : 0C858593;
53fc : 00810513;
53fd : EE8F50EF;
53fe : 00600613;
53ff : 00810593;
5400 : 01010513;
5401 : E99FF0EF;
5402 : 0001E537;
5403 : 01010593;
5404 : AB050513;
5405 : C6CF30EF;
5406 : 00000793;
5407 : F59FF06F;
5408 : 00442503;
5409 : 00050463;
540a : CC8F70EF;
540b : 00810513;
540c : DC0EE0EF;
540d : FC5FF06F;
540e : 00442503;
540f : FFF00793;
5410 : F2050AE3;
5411 : 00810593;
5412 : B8CF70EF;
5413 : 00810513;
5414 : CF0EE0EF;
5415 : BFCF00EF;
5416 : FA1FF06F;
5417 : F2010113;
5418 : 0C812C23;
5419 : 0D312623;
541a : 0001F437;
541b : 0001F9B7;
541c : 3F044603;
541d : 7B09C783;
541e : 0C112E23;
541f : 0C912A23;
5420 : 0D212823;
5421 : 0D412423;
5422 : 0D512223;
5423 : 0D612023;
5424 : 0B712E23;
5425 : 0B812C23;
5426 : 0B912A23;
5427 : 0BA12823;
5428 : 0BB12623;
5429 : 2AC78E63;
542a : 0001C537;
542b : 6F850513;
542c : BD0F30EF;
542d : 3F044783;
542e : 0017F793;
542f : 0C078E63;
5430 : 0001B7B7;
5431 : 0001F737;
5432 : 0001E6B7;
5433 : D6C78793;
5434 : 37070713;
5435 : AE868693;
5436 : 00400613;
5437 : 00100593;
5438 : 00100513;
5439 : F0CF70EF;
543a : 0001E5B7;
543b : AFC58593;
543c : 00500513;
543d : F70F70EF;
543e : 0001E637;
543f : 0001E5B7;
5440 : C9460713;
5441 : C9460693;
5442 : B1C58593;
5443 : C9460613;
5444 : 00400513;
5445 : F50F70EF;
5446 : 0001E937;
5447 : 0001F7B7;
5448 : B5090593;
5449 : 00600513;
544a : 4A97CA03;
544b : 0001E4B7;
544c : F34F70EF;
544d : BA048513;
544e : B48F30EF;
544f : B5090513;
5450 : B40F30EF;
5451 : 00000913;
5452 : 1F494C63;
5453 : 0001E537;
5454 : BF050513;
5455 : B2CF30EF;
5456 : 0001E4B7;
5457 : C4448513;
5458 : B20F30EF;
5459 : 0001E537;
545a : C9850513;
545b : B14F30EF;
545c : 00000913;
545d : 1D494E63;
545e : 0001E5B7;
545f : CEC58593;
5460 : 00400513;
5461 : EE0F70EF;
5462 : 0001E5B7;
5463 : D1458593;
5464 : 00600513;
5465 : ED0F70EF;
5466 : 3F044783;
5467 : 0027F793;
5468 : 14078263;
5469 : 0001E6B7;
546a : D6868693;
546b : 00400613;
546c : 02D00593;
546d : 01300513;
546e : E38F70EF;
546f : 0001E637;
5470 : D7460613;
5471 : 02D00593;
5472 : 01400513;
5473 : DCCF70EF;
5474 : 0001E637;
5475 : D8060613;
5476 : 02D00593;
5477 : 01500513;
5478 : DB8F70EF;
5479 : 0001E6B7;
547a : D8C68693;
547b : 00400613;
547c : 00100593;
547d : 01000513;
547e : DF8F70EF;
547f : 0001E5B7;
5480 : D9C58593;
5481 : 00600513;
5482 : E5CF70EF;
5483 : 0001E5B7;
5484 : DF058593;
5485 : 00400513;
5486 : E4CF70EF;
5487 : 0001E537;
5488 : E0450513;
5489 : A5CF30EF;
548a : 0001E537;
548b : E1850513;
548c : A50F30EF;
548d : 0001E537;
548e : E2C50513;
548f : A44F30EF;
5490 : 0001E537;
5491 : E4050513;
5492 : A38F30EF;
5493 : 0001E637;
5494 : E5460613;
5495 : 02D00593;
5496 : 01700513;
5497 : D3CF70EF;
5498 : 0001E537;
5499 : E5C50513;
549a : A18F30EF;
549b : 0001E537;
549c : E7050513;
549d : A0CF30EF;
549e : 0001E537;
549f : E8450513;
54a0 : A00F30EF;
54a1 : 0001E537;
54a2 : E9850513;
54a3 : 9F4F30EF;
54a4 : 3F044783;
54a5 : 0047F793;
54a6 : 00078E63;
54a7 : 0001E537;
54a8 : EAC50513;
54a9 : 9DCF30EF;
54aa : 0001E537;
54ab : EC050513;
54ac : 9D0F30EF;
54ad : 0001E537;
54ae : ED450513;
54af : 9C4F30EF;
54b0 : 3F044783;
54b1 : 0047F793;
54b2 : 00078E63;
54b3 : 0001E537;
54b4 : EE850513;
54b5 : 9ACF30EF;
54b6 : 0001E537;
54b7 : F0050513;
54b8 : 9A0F30EF;
54b9 : 0001E537;
54ba : 0001F7B7;
54bb : F1850513;
54bc : 7A07A623;
54bd : 98CF30EF;
54be : 3F044783;
54bf : 7AF98823;
54c0 : 00100513;
54c1 : 0DC12083;
54c2 : 0D812403;
54c3 : 0D412483;
54c4 : 0D012903;
54c5 : 0CC12983;
54c6 : 0C812A03;
54c7 : 0C412A83;
54c8 : 0C012B03;
54c9 : 0BC12B83;
54ca : 0B812C03;
54cb : 0B412C83;
54cc : 0B012D03;
54cd : 0AC12D83;
54ce : 0E010113;
54cf : 00008067;
54d0 : BA048513;
54d1 : 93CF30EF;
54d2 : 00190913;
54d3 : DFDFF06F;
54d4 : C4448513;
54d5 : 92CF30EF;
54d6 : 00190913;
54d7 : E19FF06F;
54d8 : 001007B7;
54d9 : 0001F4B7;
54da : 41C7A703;
54db : 32C4A783;
54dc : 32C48913;
54dd : 0001F5B7;
54de : 17C7A783;
54df : 0687A803;
54e0 : 0001F7B7;
54e1 : 7AC7A683;
54e2 : 40D706B3;
54e3 : 0006D863;
54e4 : 7845A683;
54e5 : 00000513;
54e6 : F70686E3;
54e7 : 3E870713;
54e8 : 7905A223;
54e9 : 7AE7A623;
54ea : 01810593;
54eb : 00100793;
54ec : 02010513;
54ed : 3EF40823;
54ee : 7AC98823;
54ef : E41EF0EF;
54f0 : 02412583;
54f1 : 02012503;
54f2 : 00200613;
54f3 : 0001EAB7;
54f4 : DF4F90EF;
54f5 : 00050713;
54f6 : AF8A8693;
54f7 : 00900613;
54f8 : 00B00593;
54f9 : 00300513;
54fa : C08F70EF;
54fb : 01492783;
54fc : 01C10693;
54fd : 00068613;
54fe : 00079A03;
54ff : 32C4A783;
5500 : 01410593;
5501 : 00000513;
5502 : 03C7A783;
5503 : 0001B4B7;
5504 : 0047A783;
5505 : 000780E7;
5506 : 0001D637;
5507 : 000A0693;
5508 : BD060613;
5509 : 02C00593;
550a : 00300513;
550b : B6CF70EF;
550c : 03892783;
550d : 55848513;
550e : 52C50513;
550f : 0007A583;
5510 : 55848493;
5511 : E49F90EF;
5512 : 00050613;
5513 : 03B00593;
5514 : 00300513;
5515 : B44F70EF;
5516 : F0CF00EF;
5517 : 14051463;
5518 : 0001E6B7;
5519 : 58C68693;
551a : 0001E637;
551b : F1C60613;
551c : 04600593;
551d : 00300513;
551e : B20F70EF;
551f : 0001F7B7;
5520 : 4A97C783;
5521 : 00020B37;
5522 : 0001FC37;
5523 : 26CB0D13;
5524 : 26CB0B93;
5525 : 00F12023;
5526 : 00000A13;
5527 : 26CB0B13;
5528 : 36CC0C13;
5529 : 0001EDB7;
552a : 00012783;
552b : 10FA4263;
552c : 0001E7B7;
552d : AC878793;
552e : 00F12223;
552f : 0001E7B7;
5530 : 0001CA37;
5531 : F7478793;
5532 : 0001EDB7;
5533 : 00000B13;
5534 : A74A0A13;
5535 : 00F12423;
5536 : ACCD8D93;
5537 : 00012783;
5538 : 20FB4C63;
5539 : 00092B03;
553a : 340B2783;
553b : 3C078663;
553c : 01CB2783;
553d : 00100713;
553e : 000A0B93;
553f : 00F76E63;
5540 : 00379793;
5541 : 00F484B3;
5542 : 51C4C703;
5543 : 000A0B93;
5544 : 00070463;
5545 : 00FA0BB3;
5546 : 0001E4B7;
5547 : C9448613;
5548 : 00100593;
5549 : 01000513;
554a : A70F70EF;
554b : 000B2703;
554c : 00900793;
554d : 00048813;
554e : 00F71A63;
554f : 17CB2603;
5550 : 06064683;
5551 : 0016F793;
5552 : 36079C63;
5553 : 0001E5B7;
5554 : FA858593;
5555 : 00100513;
5556 : B0CF70EF;
5557 : 0001F7B7;
5558 : 6F97C903;
5559 : 00000493;
555a : 0001E9B7;
555b : FFF90913;
555c : 0001EA37;
555d : 0001EAB7;
555e : 0001EB37;
555f : 0001EBB7;
5560 : 0001EC37;
5561 : 6924C863;
5562 : 0001E537;
5563 : 0A050513;
5564 : EF1F20EF;
5565 : 0001E537;
5566 : F1850513;
5567 : EE5F20EF;
5568 : D61FF06F;
5569 : 0001E6B7;
556a : AC468693;
556b : EBDFF06F;
556c : 000BA503;
556d : D09ED0EF;
556e : 00050C93;
556f : 000A0713;
5570 : 08050A63;
5571 : 0001E7B7;
5572 : F2478693;
5573 : 00200613;
5574 : 00100593;
5575 : 00700513;
5576 : A18F70EF;
5577 : 000BA583;
5578 : 00600613;
5579 : 02010513;
557a : 8B5FF0EF;
557b : 02010713;
557c : AF8A8693;
557d : 00500613;
557e : 00600593;
557f : 00700513;
5580 : 9F0F70EF;
5581 : 0C0A1463;
5582 : 0E0C8063;
5583 : 01C10513;
5584 : BD5F40EF;
5585 : 01C10593;
5586 : 02010513;
5587 : E7CF90EF;
5588 : 010C2783;
5589 : 00100713;
558a : 02E78E63;
558b : 00200713;
558c : 0AE78463;
558d : 04079663;
558e : 0001E6B7;
558f : F2C68693;
5590 : 00100613;
5591 : 01A00593;
5592 : 00700513;
5593 : 9A4F70EF;
5594 : 0300006F;
5595 : 0001E7B7;
5596 : F2878693;
5597 : 00100613;
5598 : F71FF06F;
5599 : 0001E7B7;
559a : 02010713;
559b : F4478693;
559c : 00200613;
559d : 01A00593;
559e : 00700513;
559f : 974F70EF;
55a0 : 004B2783;
55a1 : F78D8693;
55a2 : 00500613;
55a3 : 0087A703;
55a4 : 0047AC83;
55a5 : 03400593;
55a6 : 00700513;
55a7 : 954F70EF;
55a8 : 000C8693;
55a9 : F78D8613;
55aa : 03E00593;
55ab : 00700513;
55ac : 8E8F70EF;
55ad : 00AC5683;
55ae : 0001E7B7;
55af : F7C78613;
55b0 : 04800593;
55b1 : 00700513;
55b2 : 8D0F70EF;
55b3 : 001A0A13;
55b4 : 00CB8B93;
55b5 : DD5FF06F;
55b6 : 0001E6B7;
55b7 : 02010713;
55b8 : F5068693;
55b9 : F8DFF06F;
55ba : 0001E7B7;
55bb : F6078693;
55bc : 00200613;
55bd : F51FF06F;
55be : 000D2503;
55bf : 000A0B93;
55c0 : BBDED0EF;
55c1 : 00A12623;
55c2 : C5CF00EF;
55c3 : 00092C83;
55c4 : 00100613;
55c5 : 00C12683;
55c6 : 01CCA703;
55c7 : 00050C13;
55c8 : 00E66C63;
55c9 : 00371713;
55ca : 00E48633;
55cb : 51C64603;
55cc : 00060463;
55cd : 00EA0BB3;
55ce : 09AC8793;
55cf : 00F12623;
55d0 : 2A4CA703;
55d1 : 16068263;
55d2 : 0001E6B7;
55d3 : F8068693;
55d4 : 00200613;
55d5 : 00100593;
55d6 : 00C00513;
55d7 : 894F70EF;
55d8 : 00412683;
55d9 : 000C1463;
55da : 00812683;
55db : 00200613;
55dc : 00800593;
55dd : 00C00513;
55de : 878F70EF;
55df : 0001E737;
55e0 : 0001E6B7;
55e1 : F8870713;
55e2 : F9068693;
55e3 : 00900613;
55e4 : 00E00593;
55e5 : 00C00513;
55e6 : 858F70EF;
55e7 : 00600613;
55e8 : 09AC8593;
55e9 : 02010513;
55ea : EF4FF0EF;
55eb : 02010613;
55ec : 01A00593;
55ed : 00C00513;
55ee : FE1F60EF;
55ef : 000CA583;
55f0 : 54048513;
55f1 : 000D8C13;
55f2 : AC5F90EF;
55f3 : 0001E6B7;
55f4 : 00050713;
55f5 : F9868693;
55f6 : 00200613;
55f7 : 02E00593;
55f8 : 00C00513;
55f9 : 80CF70EF;
55fa : 01CCA683;
55fb : 00100713;
55fc : 00E69E63;
55fd : 178CA703;
55fe : 56C48513;
55ff : 01072703;
5600 : 00072583;
5601 : A89F90EF;
5602 : 00050C13;
5603 : 33CCA583;
5604 : 59448513;
5605 : A79F90EF;
5606 : 00050613;
5607 : 0001E537;
5608 : 000C0593;
5609 : F9C50513;
560a : C59F20EF;
560b : 02CCA683;
560c : 00200613;
560d : 03F00713;
560e : 00D66A63;
560f : 0001F737;
5610 : 22470713;
5611 : 00E686B3;
5612 : 0006C703;
5613 : 0001D6B7;
5614 : 00C00513;
5615 : FD068693;
5616 : 00900613;
5617 : 04C00593;
5618 : F91F60EF;
5619 : 01CCA703;
561a : 00200513;
561b : 02070063;
561c : 340CA783;
561d : 00100713;
561e : 00E78A63;
561f : 00200713;
5620 : 00100513;
5621 : 00E79463;
5622 : 00900513;
5623 : 000BC603;
5624 : 0001E5B7;
5625 : FA458593;
5626 : FCDF60EF;
5627 : 001B0B13;
5628 : 00CD0D13;
5629 : C39FF06F;
562a : 0001E6B7;
562b : F8468693;
562c : 00100613;
562d : EA1FF06F;
562e : 00000793;
562f : C45FF06F;
5630 : 340B2703;
5631 : 00100793;
5632 : 00000493;
5633 : 00F71463;
5634 : 018B2483;
5635 : 3F044783;
5636 : 0027E713;
5637 : 32048663;
5638 : 04848A13;
5639 : 00400793;
563a : 00E7E7B3;
563b : 7B09C703;
563c : 3EF40823;
563d : 0077F793;
563e : C6F712E3;
563f : 0026F693;
5640 : 004BA703;
5641 : 06462783;
5642 : C9480813;
5643 : 00068663;
5644 : 0001E837;
5645 : AD880813;
5646 : 0001E6B7;
5647 : FD868693;
5648 : 00900613;
5649 : 01700593;
564a : 01000513;
564b : EC5F60EF;
564c : 06048063;
564d : 0144C783;
564e : 00079A63;
564f : 0001E5B7;
5650 : FEC58593;
5651 : 00100513;
5652 : F1DF60EF;
5653 : 0004A703;
5654 : 0001E437;
5655 : 0A840693;
5656 : 00900613;
5657 : 03C00593;
5658 : 01300513;
5659 : E8DF60EF;
565a : 0044A683;
565b : 0A840613;
565c : 03C00593;
565d : 01400513;
565e : E21F60EF;
565f : 0084A683;
5660 : 0A840613;
5661 : 03C00593;
5662 : 01500513;
5663 : E0DF60EF;
5664 : 00C92783;
5665 : 0001E437;
5666 : 0001E9B7;
5667 : 0147A583;
5668 : 0107A503;
5669 : BECF70EF;
566a : 00050713;
566b : 00840693;
566c : 00900613;
566d : 01400593;
566e : 01300513;
566f : E35F60EF;
5670 : 17CB2503;
5671 : 02010593;
5672 : 03050513;
5673 : D24F70EF;
5674 : 00050693;
5675 : 01098613;
5676 : 01400513;
5677 : 01400593;
5678 : DB9F60EF;
5679 : 17CB2783;
567a : 0A0A0513;
567b : 000A1463;
567c : 02078513;
567d : 02010593;
567e : CF8F70EF;
567f : 00050693;
5680 : 01098613;
5681 : 01400593;
5682 : 01500513;
5683 : D8DF60EF;
5684 : 178B2783;
5685 : 01C7A583;
5686 : 0187A503;
5687 : B74F70EF;
5688 : 00050693;
5689 : 00840613;
568a : 01400593;
568b : 01600513;
568c : D69F60EF;
568d : 18CB2583;
568e : 188B2503;
568f : A88F70EF;
5690 : 00050693;
5691 : AF8A8613;
5692 : 01600593;
5693 : 01700513;
5694 : D49F60EF;
5695 : 188B2703;
5696 : 18CB2783;
5697 : 0001E637;
5698 : 01860613;
5699 : 03300593;
569a : 01700513;
569b : D2DF60EF;
569c : 1A4B2583;
569d : 1A0B2503;
569e : B18F70EF;
569f : 00050693;
56a0 : 00840613;
56a1 : 01400593;
56a2 : 01800513;
56a3 : D0DF60EF;
56a4 : 19CB2583;
56a5 : 198B2503;
56a6 : AF8F70EF;
56a7 : 00050693;
56a8 : 00840613;
56a9 : 01400593;
56aa : 01900513;
56ab : CEDF60EF;
56ac : 1B4B2583;
56ad : 1B0B2503;
56ae : AD8F70EF;
56af : 00050693;
56b0 : 00840613;
56b1 : 01400593;
56b2 : 01A00513;
56b3 : CCDF60EF;
56b4 : 00C92783;
56b5 : 00C7A583;
56b6 : 0087A503;
56b7 : AB4F70EF;
56b8 : 00050693;
56b9 : 00840613;
56ba : 01B00513;
56bb : 01400593;
56bc : CA9F60EF;
56bd : 01C00513;
56be : 04048863;
56bf : 00C4A583;
56c0 : 02010513;
56c1 : 41F5D613;
56c2 : F20F90EF;
56c3 : 00050693;
56c4 : 00840613;
56c5 : 01400593;
56c6 : 01C00513;
56c7 : C7DF60EF;
56c8 : 0284A583;
56c9 : 02C4A603;
56ca : 02010513;
56cb : EFCF90EF;
56cc : 00050693;
56cd : 00840613;
56ce : 01D00513;
56cf : 01400593;
56d0 : C59F60EF;
56d1 : 01E00513;
56d2 : 17CB2783;
56d3 : 0001E637;
56d4 : 01C60613;
56d5 : 0687A683;
56d6 : 01800593;
56d7 : C3DF60EF;
56d8 : 9E0A0EE3;
56d9 : 02010593;
56da : 000A0513;
56db : B84F70EF;
56dc : 0001E937;
56dd : 00050693;
56de : 02890613;
56df : 01A00593;
56e0 : 01F00513;
56e1 : C15F60EF;
56e2 : 0001E4B7;
56e3 : 03048593;
56e4 : 00400513;
56e5 : CD1F60EF;
56e6 : 02010593;
56e7 : 010A0513;
56e8 : B50F70EF;
56e9 : 0001E437;
56ea : 00050613;
56eb : 03840593;
56ec : 00900513;
56ed : CB1F60EF;
56ee : 02010593;
56ef : 020A0513;
56f0 : B30F70EF;
56f1 : 00050713;
56f2 : 02890693;
56f3 : 00900613;
56f4 : 01A00593;
56f5 : 02000513;
56f6 : C19F60EF;
56f7 : 03048593;
56f8 : 00400513;
56f9 : C81F60EF;
56fa : 02010593;
56fb : 030A0513;
56fc : B00F70EF;
56fd : 00050613;
56fe : 03840593;
56ff : 00900513;
5700 : C65F60EF;
5701 : 959FF06F;
5702 : 00000A13;
5703 : 00000793;
5704 : CD9FF06F;
5705 : 00048613;
5706 : 04098593;
5707 : 00500513;
5708 : C45F60EF;
5709 : 00048593;
570a : 02010513;
570b : EA5ED0EF;
570c : 02012403;
570d : 00147793;
570e : 00078863;
570f : 060A0593;
5710 : 00200513;
5711 : C21F60EF;
5712 : 00447793;
5713 : 00078863;
5714 : 068A8593;
5715 : 00200513;
5716 : C0DF60EF;
5717 : 00247793;
5718 : 00078863;
5719 : 070B0593;
571a : 00200513;
571b : BF9F60EF;
571c : 00847413;
571d : 02040063;
571e : 07CB8593;
571f : 00200513;
5720 : BE5F60EF;
5721 : 02812603;
5722 : 084C0593;
5723 : 00900513;
5724 : BD5F60EF;
5725 : 00148493;
5726 : 8EDFF06F;
5727 : 00800613;
5728 : 9FCFF06F;
5729 : F7010113;
572a : 07412C23;
572b : 0001CA37;
572c : B00A0A13;
572d : 0001E6B7;
572e : 09212023;
572f : 07312E23;
5730 : 00060913;
5731 : 00058993;
5732 : 17068693;
5733 : 00200613;
5734 : 00300593;
5735 : 000A0713;
5736 : 08912223;
5737 : 08112623;
5738 : 08812423;
5739 : 07512A23;
573a : 07612823;
573b : 07712623;
573c : 07812423;
573d : 00050493;
573e : 5AD020EF;
573f : 02410693;
5740 : 00090613;
5741 : 00098593;
5742 : 00048513;
5743 : C3CFA0EF;
5744 : 02051E63;
5745 : 02412403;
5746 : 08C12083;
5747 : 00040513;
5748 : 08812403;
5749 : 08412483;
574a : 08012903;
574b : 07C12983;
574c : 07812A03;
574d : 07412A83;
574e : 07012B03;
574f : 06C12B83;
5750 : 06812C03;
5751 : 09010113;
5752 : 00008067;
5753 : 0029D703;
5754 : 00295783;
5755 : 00200693;
5756 : 40F70433;
5757 : 00140613;
5758 : 02C6F063;
5759 : 0001E6B7;
575a : 0B068693;
575b : 00300613;
575c : 00300593;
575d : 00048513;
575e : 52D020EF;
575f : F9DFF06F;
5760 : 00100693;
5761 : 01098B13;
5762 : 00698B93;
5763 : 04D41663;
5764 : 000B8593;
5765 : 000B0513;
5766 : 00F12E23;
5767 : 00E12C23;
5768 : A98FA0EF;
5769 : 01812703;
576a : 01C12783;
576b : FA051CE3;
576c : 1F000793;
576d : 0001E6B7;
576e : 000A0713;
576f : 0D868693;
5770 : 00100613;
5771 : 00300593;
5772 : 00048513;
5773 : 4D9020EF;
5774 : 00000413;
5775 : F45FF06F;
5776 : FFF00693;
5777 : 01090A93;
5778 : 00690C13;
5779 : 02D41663;
577a : 000C0593;
577b : 000A8513;
577c : 00F12E23;
577d : 00E12C23;
577e : A40FA0EF;
577f : 01812703;
5780 : 01C12783;
5781 : F60510E3;
5782 : 1FB00793;
5783 : FA9FF06F;
5784 : 000A8593;
5785 : 000B0513;
5786 : A20FA0EF;
5787 : 00050413;
5788 : 0001EA37;
5789 : 000B0593;
578a : 04410513;
578b : 04040C63;
578c : E6DFF0EF;
578d : 0189D803;
578e : 00A12E23;
578f : 000A8593;
5790 : 02810513;
5791 : 01012C23;
5792 : E55FF0EF;
5793 : 01895703;
5794 : 01812803;
5795 : 01C12783;
5796 : 00E12223;
5797 : 0001E737;
5798 : 00A12023;
5799 : 0E870893;
579a : 0ECA0693;
579b : 0E870713;
579c : 00300613;
579d : 00300593;
579e : 00048513;
579f : 429020EF;
57a0 : E99FF06F;
57a1 : E19FF0EF;
57a2 : 0189D803;
57a3 : 00A12E23;
57a4 : 000A8593;
57a5 : 02810513;
57a6 : 01012C23;
57a7 : E01FF0EF;
57a8 : 01895703;
57a9 : 01812803;
57aa : 01C12783;
57ab : 00E12223;
57ac : 0001E737;
57ad : 11070893;
57ae : 00A12023;
57af : 11070713;
57b0 : 0ECA0693;
57b1 : 00300613;
57b2 : 00300593;
57b3 : 00048513;
57b4 : 3D5020EF;
57b5 : 000C0593;
57b6 : 000B8513;
57b7 : 95CFA0EF;
57b8 : 00050413;
57b9 : E35FF06F;
57ba : FD010113;
57bb : 0001C737;
57bc : 0001E6B7;
57bd : 02812423;
57be : 02912223;
57bf : 00058413;
57c0 : 00060493;
57c1 : 17068693;
57c2 : 00200613;
57c3 : 00300593;
57c4 : B1470713;
57c5 : 03212023;
57c6 : 02112623;
57c7 : 00050913;
57c8 : 385020EF;
57c9 : 00010693;
57ca : 00048613;
57cb : 00040593;
57cc : 00090513;
57cd : A14FA0EF;
57ce : 02051063;
57cf : 00012503;
57d0 : 02C12083;
57d1 : 02812403;
57d2 : 02412483;
57d3 : 02012903;
57d4 : 03010113;
57d5 : 00008067;
57d6 : 02644783;
57d7 : 0264C883;
57d8 : 03178C63;
57d9 : 0001E737;
57da : 0001E6B7;
57db : 11470813;
57dc : 00090513;
57dd : 11470713;
57de : 12068693;
57df : 00300613;
57e0 : 00300593;
57e1 : 321020EF;
57e2 : 02644503;
57e3 : 0264C783;
57e4 : 40F50533;
57e5 : FADFF06F;
57e6 : 01A44783;
57e7 : 01A4C883;
57e8 : 03178A63;
57e9 : 0001E737;
57ea : 0001E6B7;
57eb : 13470813;
57ec : 00090513;
57ed : 13470713;
57ee : 12068693;
57ef : 00300613;
57f0 : 00300593;
57f1 : 2E1020EF;
57f2 : 01A44503;
57f3 : 01A4C783;
57f4 : FC1FF06F;
57f5 : 01B44783;
57f6 : 01B4C883;
57f7 : 03178A63;
57f8 : 0001E737;
57f9 : 0001E6B7;
57fa : 14070813;
57fb : 00090513;
57fc : 14070713;
57fd : 12068693;
57fe : 00300613;
57ff : 00300593;
5800 : 2A5020EF;
5801 : 01B44503;
5802 : 01B4C783;
5803 : F85FF06F;
5804 : 01C45783;
5805 : 01C4D883;
5806 : 03178A63;
5807 : 0001E737;
5808 : 0001E6B7;
5809 : 15070813;
580a : 00090513;
580b : 15070713;
580c : 12068693;
580d : 00300613;
580e : 00300593;
580f : 269020EF;
5810 : 01C45503;
5811 : 01C4D783;
5812 : F49FF06F;
5813 : 02744783;
5814 : 0274C883;
5815 : 03178A63;
5816 : 0001E737;
5817 : 0001E6B7;
5818 : 15C70813;
5819 : 00090513;
581a : 15C70713;
581b : 12068693;
581c : 00300613;
581d : 00300593;
581e : 22D020EF;
581f : 02744503;
5820 : 0274C783;
5821 : F0DFF06F;
5822 : 01E40413;
5823 : 00040593;
5824 : 00410513;
5825 : C09FF0EF;
5826 : 0001E6B7;
5827 : 00050713;
5828 : 16868693;
5829 : 00300613;
582a : 00090513;
582b : 00300593;
582c : 1F5020EF;
582d : 01E48493;
582e : 00048593;
582f : 00410513;
5830 : BDDFF0EF;
5831 : 0001E6B7;
5832 : 00050713;
5833 : 17468693;
5834 : 00090513;
5835 : 00300613;
5836 : 00300593;
5837 : 1C9020EF;
5838 : 00800613;
5839 : 00048593;
583a : 00040513;
583b : F19F90EF;
583c : E51FF06F;
583d : FD010113;
583e : 0001C737;
583f : 0001E6B7;
5840 : B2070713;
5841 : 17068693;
5842 : 02912223;
5843 : 03212023;
5844 : 00058493;
5845 : 00060913;
5846 : 00300593;
5847 : 00200613;
5848 : 02112623;
5849 : 02812423;
584a : 00050413;
584b : 179020EF;
584c : 01048593;
584d : 00410513;
584e : B65FF0EF;
584f : 0001E6B7;
5850 : 00050713;
5851 : 18068693;
5852 : 00300613;
5853 : 00300593;
5854 : 00040513;
5855 : 151020EF;
5856 : 01090593;
5857 : 00410513;
5858 : B3DFF0EF;
5859 : 0001E6B7;
585a : 00050713;
585b : 19068693;
585c : 00300613;
585d : 00300593;
585e : 00040513;
585f : 129020EF;
5860 : 00800613;
5861 : 01E90593;
5862 : 01E48513;
5863 : E79F90EF;
5864 : 00090613;
5865 : 00048593;
5866 : 02051263;
5867 : 00040513;
5868 : B05FF0EF;
5869 : 02C12083;
586a : 02812403;
586b : 02412483;
586c : 02012903;
586d : 03010113;
586e : 00008067;
586f : 00040513;
5870 : D29FF0EF;
5871 : FE1FF06F;
5872 : F3010113;
5873 : 0001C737;
5874 : 0001E6B7;
5875 : B3070713;
5876 : 17068693;
5877 : 00200613;
5878 : 0C912223;
5879 : 00058493;
587a : 00300593;
587b : 0C112623;
587c : 0C812423;
587d : 0B312E23;
587e : 00050413;
587f : 29050993;
5880 : 0B512A23;
5881 : 0D212023;
5882 : 0B412C23;
5883 : 0B612823;
5884 : 0B712623;
5885 : 091020EF;
5886 : 00098593;
5887 : 00410513;
5888 : A7DFF0EF;
5889 : 29845803;
588a : 0001E737;
588b : 0001C6B7;
588c : 00050793;
588d : 1A070713;
588e : 00300613;
588f : 00300593;
5890 : 00040513;
5891 : 4A468693;
5892 : 05D020EF;
5893 : 03442783;
5894 : 0001CAB7;
5895 : 00800613;
5896 : 0087A583;
5897 : 00100793;
5898 : 00098513;
5899 : 0085D703;
589a : 14E7F263;
589b : D99F90EF;
589c : 06051463;
589d : 17842583;
589e : 00098513;
589f : 0001E937;
58a0 : DB9F90EF;
58a1 : 0001E737;
58a2 : 00050A13;
58a3 : 1FC70713;
58a4 : 1B890693;
58a5 : 00200613;
58a6 : 00300593;
58a7 : 00040513;
58a8 : 005020EF;
58a9 : 0C0A5A63;
58aa : 0001E737;
58ab : 00300593;
58ac : 00040513;
58ad : 1D070713;
58ae : 1B890693;
58af : 00200613;
58b0 : 7E4020EF;
58b1 : 00700793;
58b2 : 00F42223;
58b3 : 00300593;
58b4 : 00040513;
58b5 : E69F80EF;
58b6 : 0024D703;
58b7 : 0FE00793;
58b8 : 0EE7E463;
58b9 : 13045B03;
58ba : 14840A13;
58bb : 00000913;
58bc : 0F694263;
58bd : 00100793;
58be : 02F485A3;
58bf : 13045783;
58c0 : 18078063;
58c1 : 17840B13;
58c2 : 00000993;
58c3 : 00100A13;
58c4 : 00100B93;
58c5 : 13045783;
58c6 : 00699913;
58c7 : 13890913;
58c8 : 01240933;
58c9 : 04000613;
58ca : 1EFA4463;
58cb : 00090593;
58cc : 02010513;
58cd : B64FA0EF;
58ce : 00100793;
58cf : 00048613;
58d0 : 02010593;
58d1 : 00040513;
58d2 : 04F105A3;
58d3 : DA9FF0EF;
58d4 : 12055E63;
58d5 : 0001E6B7;
58d6 : 3F100793;
58d7 : B30A8713;
58d8 : 26868693;
58d9 : 00100613;
58da : 00300593;
58db : 00040513;
58dc : 734020EF;
58dd : 0240006F;
58de : 020A0463;
58df : 0001E737;
58e0 : 1EC70713;
58e1 : 1B890693;
58e2 : 00200613;
58e3 : 00300593;
58e4 : 00040513;
58e5 : 710020EF;
58e6 : 00000913;
58e7 : 1440006F;
58e8 : 0001E737;
58e9 : 20870713;
58ea : FDDFF06F;
58eb : C59F90EF;
58ec : F20514E3;
58ed : 0001E737;
58ee : 0001E6B7;
58ef : 1FC70713;
58f0 : 1B868693;
58f1 : FC5FF06F;
58f2 : 0001E6B7;
58f3 : 21468693;
58f4 : FB9FF06F;
58f5 : 000A0593;
58f6 : 00098513;
58f7 : C5DF90EF;
58f8 : 040A0A13;
58f9 : 08051A63;
58fa : 0001E6B7;
58fb : 00090713;
58fc : 24C68693;
58fd : 00200613;
58fe : 00300593;
58ff : 00040513;
5900 : 6A4020EF;
5901 : 00691913;
5902 : 012407B3;
5903 : 1637C703;
5904 : 02E485A3;
5905 : 1647A703;
5906 : 1387D783;
5907 : 02E4A623;
5908 : 29A45703;
5909 : 00178793;
590a : 02F71C63;
590b : 03C42783;
590c : 00000593;
590d : 00040513;
590e : 0247A783;
590f : 000780E7;
5910 : 13442703;
5911 : 02C4A783;
5912 : 02A4A623;
5913 : 00E787B3;
5914 : 40A787B3;
5915 : FFF7C793;
5916 : 01F7D793;
5917 : 02F485A3;
5918 : 13890913;
5919 : 04000613;
591a : 00048593;
591b : 01240533;
591c : A28FA0EF;
591d : F25FF06F;
591e : 00190913;
591f : E75FF06F;
5920 : 00100793;
5921 : 12F41823;
5922 : 00000993;
5923 : 020485A3;
5924 : 03C42783;
5925 : 00699913;
5926 : 00000593;
5927 : 0247A783;
5928 : 00040513;
5929 : 13890913;
592a : 000780E7;
592b : 01240933;
592c : 02A4A623;
592d : 04000613;
592e : 00048593;
592f : 00090513;
5930 : 9D8FA0EF;
5931 : 0001E6B7;
5932 : 00098713;
5933 : 2B068693;
5934 : 00100613;
5935 : 00300593;
5936 : 00040513;
5937 : 5C8020EF;
5938 : 0CC12083;
5939 : 0C812403;
593a : 0C412483;
593b : 0BC12983;
593c : 0B812A03;
593d : 0B412A83;
593e : 0B012B03;
593f : 0AC12B83;
5940 : 00090513;
5941 : 0C012903;
5942 : 0D010113;
5943 : 00008067;
5944 : 000B0593;
5945 : 06010513;
5946 : 980FA0EF;
5947 : 04000613;
5948 : 00090593;
5949 : 02010513;
594a : 970FA0EF;
594b : 02010613;
594c : 06010593;
594d : 00040513;
594e : 057105A3;
594f : 097105A3;
5950 : BB5FF0EF;
5951 : 00A05463;
5952 : 000A0993;
5953 : 001A0A13;
5954 : 040B0B13;
5955 : DC1FF06F;
5956 : 02052783;
5957 : FA010113;
5958 : 04812C23;
5959 : 0187A783;
595a : 04112E23;
595b : 00050413;
595c : 00058613;
595d : 04079263;
595e : 00040513;
595f : 01010593;
5960 : B34ED0EF;
5961 : 00040513;
5962 : AF5F90EF;
5963 : 04051663;
5964 : 0001C5B7;
5965 : 0001E537;
5966 : B4458593;
5967 : 2D050513;
5968 : EE1F10EF;
5969 : 01010593;
596a : 00040513;
596b : C1DFF0EF;
596c : 00000513;
596d : 0140006F;
596e : 00B12623;
596f : 000780E7;
5970 : 00C12603;
5971 : FA050AE3;
5972 : 05C12083;
5973 : 05812403;
5974 : 06010113;
5975 : 00008067;
5976 : 00300593;
5977 : 00040513;
5978 : B5DF80EF;
5979 : 01010593;
597a : 00040513;
597b : BDDFF0EF;
597c : 00050593;
597d : FA050EE3;
597e : 00040513;
597f : C39F90EF;
5980 : 00600613;
5981 : 09440593;
5982 : 09A40513;
5983 : 88CFA0EF;
5984 : FA1FF06F;
5985 : 13251783;
5986 : FA010113;
5987 : 04912A23;
5988 : 05212823;
5989 : 04112E23;
598a : 04812C23;
598b : FFF00713;
598c : 00050493;
598d : 00058613;
598e : 00000913;
598f : 00E78863;
5990 : 00679793;
5991 : 13878793;
5992 : 00F50933;
5993 : 0204A783;
5994 : 0187A783;
5995 : 02079463;
5996 : 01010593;
5997 : 00048513;
5998 : A54ED0EF;
5999 : 01010593;
599a : 00048513;
599b : B5DFF0EF;
599c : 04091063;
599d : 00000413;
599e : 01C0006F;
599f : 00048513;
59a0 : 00C12623;
59a1 : 000780E7;
59a2 : 00C12603;
59a3 : 00050413;
59a4 : FC0504E3;
59a5 : 05C12083;
59a6 : 00040513;
59a7 : 05812403;
59a8 : 05412483;
59a9 : 05012903;
59aa : 06010113;
59ab : 00008067;
59ac : 01090593;
59ad : 29048513;
59ae : 981F90EF;
59af : 00050413;
59b0 : FA051AE3;
59b1 : 00300593;
59b2 : 00048513;
59b3 : A71F80EF;
59b4 : FC5FF06F;
59b5 : 02052783;
59b6 : FA010113;
59b7 : 04812C23;
59b8 : 0187A783;
59b9 : 04112E23;
59ba : 00050413;
59bb : 00058613;
59bc : 02079863;
59bd : 01010593;
59be : 00040513;
59bf : 9B8ED0EF;
59c0 : 01010593;
59c1 : 00040513;
59c2 : AC1FF0EF;
59c3 : 00000513;
59c4 : 05C12083;
59c5 : 05812403;
59c6 : 06010113;
59c7 : 00008067;
59c8 : 00B12623;
59c9 : 000780E7;
59ca : 00C12603;
59cb : FE0512E3;
59cc : FC5FF06F;
59cd : FA1FF06F;
59ce : 00052703;
59cf : FC010113;
59d0 : 02812C23;
59d1 : 02912A23;
59d2 : 03312623;
59d3 : 02112E23;
59d4 : 03212823;
59d5 : 03412423;
59d6 : 00800793;
59d7 : 00050413;
59d8 : 00058993;
59d9 : 00060493;
59da : 0CF71063;
59db : 02052783;
59dc : 03C7A783;
59dd : 00078663;
59de : 000780E7;
59df : 00050663;
59e0 : 00900793;
59e1 : 00F42223;
59e2 : 00C42783;
59e3 : 0C078663;
59e4 : 01000613;
59e5 : 00000593;
59e6 : 0A840513;
59e7 : C25F80EF;
59e8 : 0001E6B7;
59e9 : 32C68693;
59ea : 00200613;
59eb : 00400593;
59ec : 00040513;
59ed : 2F0020EF;
59ee : 00040513;
59ef : 854F90EF;
59f0 : 02042783;
59f1 : 0107A783;
59f2 : 08078863;
59f3 : 00048613;
59f4 : 00098593;
59f5 : 00040513;
59f6 : 000780E7;
59f7 : 00050913;
59f8 : 06050C63;
59f9 : 00100793;
59fa : 00F91463;
59fb : 00000913;
59fc : 00040513;
59fd : 00000613;
59fe : 00300593;
59ff : 10C020EF;
5a00 : 00A42423;
5a01 : 03C12083;
5a02 : 03812403;
5a03 : 03412483;
5a04 : 02C12983;
5a05 : 02812A03;
5a06 : 00090513;
5a07 : 03012903;
5a08 : 04010113;
5a09 : 00008067;
5a0a : 03452703;
5a0b : 01072583;
5a0c : 01E5C703;
5a0d : 02070263;
5a0e : 00058F23;
5a0f : 00F52223;
5a10 : 00010513;
5a11 : C58FF0EF;
5a12 : 00050593;
5a13 : 0001E537;
5a14 : 30850513;
5a15 : C2DF10EF;
5a16 : 00000593;
5a17 : 00040513;
5a18 : 1A9020EF;
5a19 : 10050663;
5a1a : 00000593;
5a1b : 00040513;
5a1c : 8CDF80EF;
5a1d : 03C42783;
5a1e : 00010593;
5a1f : 00040513;
5a20 : 00C7A783;
5a21 : 000780E7;
5a22 : 0001C5B7;
5a23 : 8CC58593;
5a24 : 00040513;
5a25 : 05042A03;
5a26 : C7DF70EF;
5a27 : 25045783;
5a28 : 05042683;
5a29 : 00050913;
5a2a : 00178793;
5a2b : 01079793;
5a2c : 0107D793;
5a2d : 24F41823;
5a2e : 00879713;
5a2f : 0087D793;
5a30 : 00F767B3;
5a31 : 00F69F23;
5a32 : 02042783;
5a33 : 0587A783;
5a34 : 0E079463;
5a35 : 17842783;
5a36 : 0187A503;
5a37 : 01C7A783;
5a38 : 00A035B3;
5a39 : 40F007B3;
5a3a : 40A00533;
5a3b : 40B785B3;
5a3c : 064030EF;
5a3d : 00AA2423;
5a3e : 00BA2623;
5a3f : 00A00613;
5a40 : 00000593;
5a41 : 022A0513;
5a42 : AB9F80EF;
5a43 : 19C42603;
5a44 : 19842583;
5a45 : 00010513;
5a46 : 9F1FB0EF;
5a47 : 00010593;
5a48 : 000A0513;
5a49 : EBDF70EF;
5a4a : 00090593;
5a4b : 00100693;
5a4c : 00100613;
5a4d : 00040513;
5a4e : ACDFB0EF;
5a4f : 00050913;
5a50 : 01000613;
5a51 : 12040593;
5a52 : 0C840513;
5a53 : D4DF90EF;
5a54 : FFF00793;
5a55 : 00F91E63;
5a56 : 0001E6B7;
5a57 : 35468693;
5a58 : 00100613;
5a59 : 00500593;
5a5a : 00040513;
5a5b : 138020EF;
5a5c : 27144703;
5a5d : 00C00793;
5a5e : 04E7EA63;
5a5f : 0001B6B7;
5a60 : 00271793;
5a61 : 55868693;
5a62 : 00F687B3;
5a63 : 6047A783;
5a64 : 02078E63;
5a65 : 00048613;
5a66 : 00098593;
5a67 : 00040513;
5a68 : 000780E7;
5a69 : 00050493;
5a6a : 00040513;
5a6b : DB5F90EF;
5a6c : 00048913;
5a6d : E31FF06F;
5a6e : 00040513;
5a6f : 000780E7;
5a70 : F0051AE3;
5a71 : 00000593;
5a72 : F29FF06F;
5a73 : FC048EE3;
5a74 : 0001D6B7;
5a75 : 2AC68693;
5a76 : 00100613;
5a77 : 00500593;
5a78 : 00040513;
5a79 : 0C0020EF;
5a7a : 00000493;
5a7b : FBDFF06F;
5a7c : 000207B7;
5a7d : DB07A503;
5a7e : 00008067;
5a7f : 00002537;
5a80 : F4050513;
5a81 : 00008067;
5a82 : 00B567B3;
5a83 : 02078263;
5a84 : 001007B7;
5a85 : 30A7AA23;
5a86 : 0FF5F593;
5a87 : 30B7AC23;
5a88 : 3007A823;
5a89 : 3007A703;
5a8a : 00476713;
5a8b : 30E7A023;
5a8c : 04060063;
5a8d : 41F65693;
5a8e : 0076F793;
5a8f : 00C78633;
5a90 : 00F637B3;
5a91 : 00100737;
5a92 : 00D787B3;
5a93 : 30072A23;
5a94 : 01D79793;
5a95 : 00365613;
5a96 : 30072C23;
5a97 : 00C7E633;
5a98 : 30C72823;
5a99 : 30072783;
5a9a : 0047E793;
5a9b : 30F72023;
5a9c : 00000513;
5a9d : 00008067;
5a9e : 00200793;
5a9f : 0001F637;
5aa0 : 00F58463;
5aa1 : 7CB62E23;
5aa2 : 00452683;
5aa3 : 7DC62603;
5aa4 : 00100737;
5aa5 : 03E6C683;
5aa6 : 31C72783;
5aa7 : 00C6E6B3;
5aa8 : 00068A63;
5aa9 : 00C7E793;
5aaa : 30F72E23;
5aab : 00000513;
5aac : 00008067;
5aad : FF37F793;
5aae : FF1FF06F;
5aaf : 00000513;
5ab0 : 00008067;
5ab1 : 0001F7B7;
5ab2 : 3787C503;
5ab3 : FFD50513;
5ab4 : 00153513;
5ab5 : 00008067;
5ab6 : 001007B7;
5ab7 : 0001F737;
5ab8 : 41C7A603;
5ab9 : 0001F6B7;
5aba : 7C072783;
5abb : 7C46A583;
5abc : 7CC6A223;
5abd : 00F607B3;
5abe : 40B787B3;
5abf : 7CF72023;
5ac0 : 3E800693;
5ac1 : 00000513;
5ac2 : 00F6FE63;
5ac3 : C1878793;
5ac4 : 7CF72023;
5ac5 : 02402783;
5ac6 : 00100513;
5ac7 : 00178793;
5ac8 : 02F02223;
5ac9 : 00008067;
5aca : 001007B7;
5acb : 41C7A703;
5acc : 0001F7B7;
5acd : 7CE7A223;
5ace : 00008067;
5acf : FD010113;
5ad0 : 02112623;
5ad1 : 00964783;
5ad2 : 00F12823;
5ad3 : 00864783;
5ad4 : 00F12623;
5ad5 : 00764783;
5ad6 : 00F12423;
5ad7 : 00664783;
5ad8 : 00F12223;
5ad9 : 00564783;
5ada : 00F12023;
5adb : 00464883;
5adc : 00364803;
5add : 00264783;
5ade : 00164703;
5adf : 00064683;
5ae0 : 00058613;
5ae1 : 00050593;
5ae2 : 0001E537;
5ae3 : 6C850513;
5ae4 : 8F1F10EF;
5ae5 : 02C12083;
5ae6 : 03010113;
5ae7 : 00008067;
5ae8 : FD010113;
5ae9 : 03212023;
5aea : 01312E23;
5aeb : 01512A23;
5aec : 00050913;
5aed : 00058993;
5aee : 00068A93;
5aef : 00060693;
5af0 : 00058613;
5af1 : 00050593;
5af2 : 0001E537;
5af3 : 70050513;
5af4 : 02812423;
5af5 : 02912223;
5af6 : 01412C23;
5af7 : 01612823;
5af8 : 01712623;
5af9 : 01812423;
5afa : 01912223;
5afb : 01A12023;
5afc : 02112623;
5afd : 00070A13;
5afe : 0001EB37;
5aff : 885F10EF;
5b00 : 0001EBB7;
5b01 : 0001EC37;
5b02 : 00050413;
5b03 : 00000493;
5b04 : 0001ECB7;
5b05 : 0001ED37;
5b06 : 4D8B0B13;
5b07 : AD4B8B93;
5b08 : B18C0C13;
5b09 : 00F4F793;
5b0a : 0544CA63;
5b0b : 00078A63;
5b0c : 0001E537;
5b0d : B1850513;
5b0e : 849F10EF;
5b0f : 00A40433;
5b10 : 02C12083;
5b11 : 00040513;
5b12 : 02812403;
5b13 : 02412483;
5b14 : 02012903;
5b15 : 01C12983;
5b16 : 01812A03;
5b17 : 01412A83;
5b18 : 01012B03;
5b19 : 00C12B83;
5b1a : 00812C03;
5b1b : 00412C83;
5b1c : 00012D03;
5b1d : 03010113;
5b1e : 00008067;
5b1f : 00079C63;
5b20 : 00098613;
5b21 : 00090593;
5b22 : 714C8513;
5b23 : FF4F10EF;
5b24 : 00A40433;
5b25 : 009A87B3;
5b26 : 0007C583;
5b27 : 71CD0513;
5b28 : 00148493;
5b29 : FDCF10EF;
5b2a : 0034F793;
5b2b : 00A40433;
5b2c : 000B0513;
5b2d : 00079A63;
5b2e : 00F4F793;
5b2f : 000B8513;
5b30 : 00079463;
5b31 : 000C0513;
5b32 : FB8F10EF;
5b33 : 00A40433;
5b34 : F55FF06F;
5b35 : 00364783;
5b36 : 00264703;
5b37 : FE010113;
5b38 : 00112E23;
5b39 : 00812C23;
5b3a : 00912A23;
5b3b : 01212823;
5b3c : 00879793;
5b3d : 00E7E733;
5b3e : 00464783;
5b3f : 00050493;
5b40 : 00564503;
5b41 : 01079793;
5b42 : 00E7E7B3;
5b43 : 01851513;
5b44 : 00F56533;
5b45 : 00060413;
5b46 : 00058913;
5b47 : 405020EF;
5b48 : 00744783;
5b49 : 00644703;
5b4a : 00A12623;
5b4b : 00879793;
5b4c : 00E7E733;
5b4d : 00844783;
5b4e : 00944503;
5b4f : 01079793;
5b50 : 00E7E7B3;
5b51 : 01851513;
5b52 : 00F56533;
5b53 : 3D5020EF;
5b54 : 01812403;
5b55 : 00C12683;
5b56 : 01C12083;
5b57 : 00090613;
5b58 : 00048593;
5b59 : 01012903;
5b5a : 01412483;
5b5b : 00050713;
5b5c : 0001E537;
5b5d : 72450513;
5b5e : 02010113;
5b5f : F04F106F;
5b60 : 0001F7B7;
5b61 : 7987C783;
5b62 : 00079663;
5b63 : 00000513;
5b64 : 00008067;
5b65 : FD010113;
5b66 : 01412C23;
5b67 : 00020A37;
5b68 : D80A2703;
5b69 : 02812423;
5b6a : 03212023;
5b6b : 02112623;
5b6c : 02912223;
5b6d : 01312E23;
5b6e : 00100793;
5b6f : D80A0413;
5b70 : 0001F937;
5b71 : 10F70063;
5b72 : 03842783;
5b73 : 04C42583;
5b74 : 000204B7;
5b75 : 0087A783;
5b76 : E9048693;
5b77 : 07C00613;
5b78 : D80A0513;
5b79 : 000780E7;
5b7a : 00050993;
5b7b : 0CA05A63;
5b7c : 02042783;
5b7d : 0507A783;
5b7e : 0A078263;
5b7f : D80A0513;
5b80 : 000780E7;
5b81 : 00000793;
5b82 : 00000813;
5b83 : 00A12423;
5b84 : 00010513;
5b85 : 00F12023;
5b86 : 01012223;
5b87 : 00B12623;
5b88 : CCDFA0EF;
5b89 : 00010593;
5b8a : E9048513;
5b8b : E3DFA0EF;
5b8c : 33442783;
5b8d : 00178793;
5b8e : 32F42A23;
5b8f : 05442503;
5b90 : 00B00793;
5b91 : 13045A03;
5b92 : 00054483;
5b93 : 00F4F493;
5b94 : 0CF48E63;
5b95 : 0A97E463;
5b96 : 0C048063;
5b97 : 00800793;
5b98 : 0EF48063;
5b99 : 00098593;
5b9a : A19F40EF;
5b9b : 3EA92A23;
5b9c : 00B00793;
5b9d : 0EF48063;
5b9e : 00100513;
5b9f : 02C12083;
5ba0 : 02812403;
5ba1 : 02412483;
5ba2 : 02012903;
5ba3 : 01C12983;
5ba4 : 01812A03;
5ba5 : 03010113;
5ba6 : 00008067;
5ba7 : 1A042783;
5ba8 : 1B042503;
5ba9 : 1A442583;
5baa : 1B442703;
5bab : 00A78533;
5bac : 00F537B3;
5bad : 00E585B3;
5bae : 00B785B3;
5baf : F49FF06F;
5bb0 : F6051EE3;
5bb1 : 001007B7;
5bb2 : 0001F737;
5bb3 : 41C7A683;
5bb4 : 7E072783;
5bb5 : 3F492603;
5bb6 : 00000513;
5bb7 : 40F687B3;
5bb8 : F8C7CEE3;
5bb9 : 00000593;
5bba : 00000513;
5bbb : 7ED72023;
5bbc : 991F40EF;
5bbd : 3EA92A23;
5bbe : F81FF06F;
5bbf : 00C00793;
5bc0 : F6F492E3;
5bc1 : 0001F737;
5bc2 : 48872783;
5bc3 : 00178793;
5bc4 : 48F72423;
5bc5 : F51FF06F;
5bc6 : 0001F737;
5bc7 : 49472783;
5bc8 : 00178793;
5bc9 : 48F72A23;
5bca : F3DFF06F;
5bcb : 0001F737;
5bcc : 49072783;
5bcd : 00178793;
5bce : 48F72823;
5bcf : F29FF06F;
5bd0 : 0001F737;
5bd1 : 48C72783;
5bd2 : 00178793;
5bd3 : 48F72623;
5bd4 : F15FF06F;
5bd5 : 0001F737;
5bd6 : 48472783;
5bd7 : 00178793;
5bd8 : 48F72223;
5bd9 : 05442703;
5bda : 00374783;
5bdb : 00274683;
5bdc : 00879793;
5bdd : 00D7E7B3;
5bde : 00879713;
5bdf : 0087D793;
5be0 : 00F767B3;
5be1 : 01079793;
5be2 : 0107D793;
5be3 : 0001F737;
5be4 : 7EF72223;
5be5 : 13045783;
5be6 : EEFA70E3;
5be7 : 0001F737;
5be8 : 48072783;
5be9 : 00178793;
5bea : 48F72023;
5beb : ECDFF06F;
5bec : FF010113;
5bed : 00812423;
5bee : 00112623;
5bef : 00058413;
5bf0 : BA5EE0EF;
5bf1 : 02050063;
5bf2 : 00200793;
5bf3 : 00F42023;
5bf4 : 00C12083;
5bf5 : 00812403;
5bf6 : 00000513;
5bf7 : 01010113;
5bf8 : 00008067;
5bf9 : 00042023;
5bfa : FE9FF06F;
5bfb : FF010113;
5bfc : 00812423;
5bfd : 00050593;
5bfe : 00050413;
5bff : 00000513;
5c00 : 00112623;
5c01 : B45EC0EF;
5c02 : 00040513;
5c03 : BA9EC0EF;
5c04 : 00C12083;
5c05 : 00812403;
5c06 : 00000513;
5c07 : 01010113;
5c08 : 00008067;
5c09 : 001007B7;
5c0a : 3007A783;
5c0b : 00100513;
5c0c : 0047F793;
5c0d : 00078E63;
5c0e : 0001F7B7;
5c0f : 7F078793;
5c10 : 1A87A503;
5c11 : 1AC7A783;
5c12 : 40F50533;
5c13 : 00A03533;
5c14 : 00008067;
5c15 : FF010113;
5c16 : 00000513;
5c17 : 00112623;
5c18 : 8D4ED0EF;
5c19 : 00C12083;
5c1a : 00000513;
5c1b : 01010113;
5c1c : 00008067;
5c1d : FC010113;
5c1e : 001007B7;
5c1f : 02812C23;
5c20 : 41C7A403;
5c21 : 03412423;
5c22 : 00000713;
5c23 : 00040693;
5c24 : 00040613;
5c25 : 00000593;
5c26 : 00050A13;
5c27 : 00100513;
5c28 : 02112E23;
5c29 : 02912A23;
5c2a : 03212823;
5c2b : 03512223;
5c2c : 03612023;
5c2d : 01712E23;
5c2e : 01812C23;
5c2f : 01912A23;
5c30 : 01A12823;
5c31 : 01B12623;
5c32 : 03312623;
5c33 : ABCF00EF;
5c34 : 0001E537;
5c35 : 73450513;
5c36 : BA8F10EF;
5c37 : 00040913;
5c38 : 00000493;
5c39 : 0002EAB7;
5c3a : 00400B93;
5c3b : 00500C13;
5c3c : 0002ECB7;
5c3d : 0002ED37;
5c3e : 0002EDB7;
5c3f : 0001EB37;
5c40 : A65EE0EF;
5c41 : 050AA783;
5c42 : 00050993;
5c43 : 01779C63;
5c44 : 058AA823;
5c45 : 040CAA23;
5c46 : 01CD2783;
5c47 : 04FDAE23;
5c48 : F7CEE0EF;
5c49 : 00098713;
5c4a : 00090693;
5c4b : 00040613;
5c4c : 00048593;
5c4d : 00200513;
5c4e : A50F00EF;
5c4f : 10099663;
5c50 : 00148493;
5c51 : 00090693;
5c52 : 00000713;
5c53 : 00040613;
5c54 : 00048593;
5c55 : 00300513;
5c56 : A30F00EF;
5c57 : 94CED0EF;
5c58 : 00090693;
5c59 : 00000713;
5c5a : 00040613;
5c5b : 00048593;
5c5c : 00400513;
5c5d : A14F00EF;
5c5e : 00090693;
5c5f : 00000713;
5c60 : 00040613;
5c61 : 00048593;
5c62 : 00500513;
5c63 : 9FCF00EF;
5c64 : 3E800513;
5c65 : 9F8F10EF;
5c66 : 00090693;
5c67 : 00000713;
5c68 : 00040613;
5c69 : 00048593;
5c6a : 00600513;
5c6b : 9DCF00EF;
5c6c : 001007B7;
5c6d : 41C7A903;
5c6e : 00000713;
5c6f : 00040613;
5c70 : 00090693;
5c71 : 00048593;
5c72 : 00700513;
5c73 : 9BCF00EF;
5c74 : 408907B3;
5c75 : 06FA7463;
5c76 : 0001E537;
5c77 : 74050513;
5c78 : AA0F10EF;
5c79 : 00800513;
5c7a : 00000713;
5c7b : 00090693;
5c7c : 00040613;
5c7d : 00048593;
5c7e : 990F00EF;
5c7f : F8C00513;
5c80 : 03C12083;
5c81 : 03812403;
5c82 : 03412483;
5c83 : 03012903;
5c84 : 02C12983;
5c85 : 02812A03;
5c86 : 02412A83;
5c87 : 02012B03;
5c88 : 01C12B83;
5c89 : 01812C03;
5c8a : 01412C83;
5c8b : 01012D03;
5c8c : 00C12D83;
5c8d : 04010113;
5c8e : 00008067;
5c8f : 750B0513;
5c90 : A40F10EF;
5c91 : EBDFF06F;
5c92 : 0001E537;
5c93 : B1850513;
5c94 : A30F10EF;
5c95 : 00800513;
5c96 : 00098713;
5c97 : 00090693;
5c98 : 00040613;
5c99 : 00048593;
5c9a : 920F00EF;
5c9b : 00000513;
5c9c : F91FF06F;
5c9d : 0001F7B7;
5c9e : 4DC7C783;
5c9f : 00200713;
5ca0 : 06E79A63;
5ca1 : 03452703;
5ca2 : FF010113;
5ca3 : 00812423;
5ca4 : 03872703;
5ca5 : 00112623;
5ca6 : 00050413;
5ca7 : 00072703;
5ca8 : 04F71063;
5ca9 : 00100613;
5caa : 00200593;
5cab : 00200513;
5cac : D09EC0EF;
5cad : 00200513;
5cae : 00100613;
5caf : 00000593;
5cb0 : 985EC0EF;
5cb1 : 03442783;
5cb2 : 00100713;
5cb3 : 00005537;
5cb4 : 0387A783;
5cb5 : E2050513;
5cb6 : 00E7A023;
5cb7 : D99FF0EF;
5cb8 : 00C12083;
5cb9 : 00812403;
5cba : 00000513;
5cbb : 01010113;
5cbc : 00008067;
5cbd : 00000513;
5cbe : 00008067;
5cbf : 0001F737;
5cc0 : 45872783;
5cc1 : FE010113;
5cc2 : 00812C23;
5cc3 : 00178793;
5cc4 : 00112E23;
5cc5 : 00912A23;
5cc6 : 01212823;
5cc7 : 44F72C23;
5cc8 : 845EE0EF;
5cc9 : 0001F437;
5cca : 12051463;
5ccb : 0001F737;
5ccc : 45472783;
5ccd : 7C042C23;
5cce : 00178793;
5ccf : 44F72A23;
5cd0 : 0001F7B7;
5cd1 : 00100713;
5cd2 : 46E780A3;
5cd3 : 0001F7B7;
5cd4 : 00100713;
5cd5 : 76E7A423;
5cd6 : 0440006F;
5cd7 : FFF48493;
5cd8 : 00048863;
5cd9 : 0C890513;
5cda : F55EB0EF;
5cdb : 04051063;
5cdc : 0001F737;
5cdd : 45072783;
5cde : 00178793;
5cdf : 44F72823;
5ce0 : 0001F7B7;
5ce1 : 00200713;
5ce2 : 46E780A3;
5ce3 : 000017B7;
5ce4 : 0001F737;
5ce5 : B0178793;
5ce6 : 76F72423;
5ce7 : 00100513;
5ce8 : 05C0006F;
5ce9 : 3EA00493;
5cea : 00020937;
5ceb : 00810513;
5cec : C49F10EF;
5ced : FA0504E3;
5cee : 04055E63;
5cef : 00810513;
5cf0 : 928EC0EF;
5cf1 : FA0546E3;
5cf2 : 00812703;
5cf3 : 000207B7;
5cf4 : 26E7AA23;
5cf5 : 00100793;
5cf6 : 7CF42C23;
5cf7 : 70000793;
5cf8 : 00001737;
5cf9 : 00E7E7B3;
5cfa : 0001F737;
5cfb : 76F72423;
5cfc : 0001F7B7;
5cfd : 460780A3;
5cfe : 00000513;
5cff : 01C12083;
5d00 : 01812403;
5d01 : 01412483;
5d02 : 01012903;
5d03 : 02010113;
5d04 : 00008067;
5d05 : 00C10513;
5d06 : 8D0EC0EF;
5d07 : 00812583;
5d08 : 00054C63;
5d09 : 00C12783;
5d0a : 83058713;
5d0b : 00E7E663;
5d0c : 7D058713;
5d0d : 00F77A63;
5d0e : 74323537;
5d0f : 47050513;
5d10 : CC0F00EF;
5d11 : F85FF06F;
5d12 : 00F12423;
5d13 : F7DFF06F;
5d14 : 7D842783;
5d15 : F40788E3;
5d16 : 10000793;
5d17 : F85FF06F;
5d18 : 0001F737;
5d19 : 44C72783;
5d1a : 00178793;
5d1b : 44F72623;
5d1c : 0001F7B7;
5d1d : 4DC7C703;
5d1e : 00100793;
5d1f : 0AF70263;
5d20 : 0001F7B7;
5d21 : 7F078793;
5d22 : 0007A683;
5d23 : FF010113;
5d24 : 00812423;
5d25 : 00112623;
5d26 : 00300713;
5d27 : 00050413;
5d28 : 04E69063;
5d29 : 03452703;
5d2a : 03872703;
5d2b : 00072683;
5d2c : 00200713;
5d2d : 02E69663;
5d2e : 0047A703;
5d2f : 00700793;
5d30 : 02F70063;
5d31 : 00000513;
5d32 : C6DEC0EF;
5d33 : 00C12083;
5d34 : 00812403;
5d35 : 00000513;
5d36 : 01010113;
5d37 : 00008067;
5d38 : 00100613;
5d39 : 00300593;
5d3a : 00100513;
5d3b : ACDEC0EF;
5d3c : 00100613;
5d3d : 00000593;
5d3e : 00300513;
5d3f : F48EC0EF;
5d40 : 03442783;
5d41 : 00200713;
5d42 : 00000513;
5d43 : 0387A783;
5d44 : 00E7A023;
5d45 : C21EC0EF;
5d46 : E41F00EF;
5d47 : FB1FF06F;
5d48 : 00000513;
5d49 : 00008067;
5d4a : FF010113;
5d4b : 00400513;
5d4c : 00112623;
5d4d : 919F70EF;
5d4e : 880F80EF;
5d4f : 0002E737;
5d50 : 0D470713;
5d51 : 00100793;
5d52 : 00F72023;
5d53 : 0002E837;
5d54 : 01C82683;
5d55 : 0002E7B7;
5d56 : 0E078793;
5d57 : 00D7A023;
5d58 : 0002E6B7;
5d59 : 0CC6A503;
5d5a : 0002E6B7;
5d5b : 0D06A583;
5d5c : 00072603;
5d5d : 0002E737;
5d5e : 0D872683;
5d5f : 0002E737;
5d60 : 0DC72703;
5d61 : 00C12083;
5d62 : 0007A783;
5d63 : 01C82803;
5d64 : 01010113;
5d65 : 9C0EE06F;
5d66 : 0002E7B7;
5d67 : 0DC78713;
5d68 : 0002E837;
5d69 : 00072603;
5d6a : 01C82683;
5d6b : FE010113;
5d6c : 0002E737;
5d6d : 00112E23;
5d6e : 00812C23;
5d6f : 00912A23;
5d70 : 01212823;
5d71 : 01312623;
5d72 : 01412423;
5d73 : 0DC78793;
5d74 : 0D070713;
5d75 : 00D61663;
5d76 : 00072683;
5d77 : 04069263;
5d78 : 00100693;
5d79 : 00D72023;
5d7a : 01C82683;
5d7b : 00D7A023;
5d7c : 0002E6B7;
5d7d : 0CC6A503;
5d7e : 00072583;
5d7f : 0002E737;
5d80 : 0D472603;
5d81 : 0002E737;
5d82 : 0D872683;
5d83 : 0007A703;
5d84 : 0002E7B7;
5d85 : 0E07A783;
5d86 : 01C82803;
5d87 : 938EE0EF;
5d88 : 0001F437;
5d89 : 7B144783;
5d8a : 00200713;
5d8b : 00040493;
5d8c : 2CE78863;
5d8d : 04F76863;
5d8e : 0A079063;
5d8f : 0001E537;
5d90 : 75450513;
5d91 : E3DF00EF;
5d92 : 0001F7B7;
5d93 : 7807AA23;
5d94 : 0001F7B7;
5d95 : 4C07A423;
5d96 : 00100793;
5d97 : 7AF408A3;
5d98 : 00100513;
5d99 : 01C12083;
5d9a : 01812403;
5d9b : 01412483;
5d9c : 01012903;
5d9d : 00C12983;
5d9e : 00812A03;
5d9f : 02010113;
5da0 : 00008067;
5da1 : 00300713;
5da2 : 00000513;
5da3 : FCE79CE3;
5da4 : D21F00EF;
5da5 : 07200793;
5da6 : 00050413;
5da7 : 00F51A63;
5da8 : 0001F7B7;
5da9 : 7A078823;
5daa : 0001F7B7;
5dab : 7A07A623;
5dac : 0001F7B7;
5dad : 7B47A783;
5dae : 2E079263;
5daf : 0001F737;
5db0 : 4C872703;
5db1 : 000207B7;
5db2 : 13878793;
5db3 : 00E787B3;
5db4 : 00078023;
5db5 : 2C00006F;
5db6 : CD9F00EF;
5db7 : 00050793;
5db8 : 00000513;
5db9 : F807C0E3;
5dba : 01B00713;
5dbb : 0001F937;
5dbc : 00E78C63;
5dbd : 7BC95503;
5dbe : 10057713;
5dbf : 0C070263;
5dc0 : 05B00713;
5dc1 : 0AE79E63;
5dc2 : 10000793;
5dc3 : 7AF91E23;
5dc4 : 7BC95403;
5dc5 : 0FF47793;
5dc6 : F40784E3;
5dc7 : 07E00793;
5dc8 : 1CF40063;
5dc9 : 0A87E263;
5dca : 00A00793;
5dcb : 14F40263;
5dcc : 00D00793;
5dcd : 12F40E63;
5dce : 00900793;
5dcf : 18F40E63;
5dd0 : 10047793;
5dd1 : 18079A63;
5dd2 : 0001F9B7;
5dd3 : 4C89A603;
5dd4 : 04F00793;
5dd5 : 18C7C263;
5dd6 : 0001FA37;
5dd7 : 794A2583;
5dd8 : 000204B7;
5dd9 : 13848493;
5dda : 00B60C63;
5ddb : 00158513;
5ddc : 40B60633;
5ddd : 00A48533;
5dde : 00B485B3;
5ddf : B99F70EF;
5de0 : 794A2783;
5de1 : 0001E537;
5de2 : 04000593;
5de3 : 00F484B3;
5de4 : 00178793;
5de5 : 78FA2A23;
5de6 : 4C89A783;
5de7 : 75C50513;
5de8 : 00848023;
5de9 : 00178793;
5dea : 4CF9A423;
5deb : CD5F00EF;
5dec : 0001D537;
5ded : 7BC95583;
5dee : FD050513;
5def : 0880006F;
5df0 : 00A7E7B3;
5df1 : F49FF06F;
5df2 : 14300793;
5df3 : 08F40063;
5df4 : 14400793;
5df5 : 04F40863;
5df6 : 07F00793;
5df7 : F6F412E3;
5df8 : 0001F437;
5df9 : 79442783;
5dfa : 0EF05863;
5dfb : 0001E4B7;
5dfc : 04400593;
5dfd : 75C48513;
5dfe : C89F00EF;
5dff : 05000593;
5e00 : 75C48513;
5e01 : C7DF00EF;
5e02 : 79442503;
5e03 : FFF50513;
5e04 : B65F70EF;
5e05 : 79442783;
5e06 : FFF78793;
5e07 : 78F42A23;
5e08 : 0B80006F;
5e09 : 0001F737;
5e0a : 79472783;
5e0b : 0AF05663;
5e0c : FFF78793;
5e0d : 78F72A23;
5e0e : 04400593;
5e0f : 0001E537;
5e10 : 75C50513;
5e11 : C3DF00EF;
5e12 : 0900006F;
5e13 : 0001F737;
5e14 : 0001F6B7;
5e15 : 79472783;
5e16 : 4C86A683;
5e17 : 06D7DE63;
5e18 : 00178793;
5e19 : 78F72A23;
5e1a : 04300593;
5e1b : FD1FF06F;
5e1c : 0001E537;
5e1d : B1850513;
5e1e : C09F00EF;
5e1f : 0001FA37;
5e20 : 799A4783;
5e21 : 0001F9B7;
5e22 : 0001F437;
5e23 : 02079263;
5e24 : 7B14C703;
5e25 : 7949A603;
5e26 : 4C842583;
5e27 : 00000693;
5e28 : 00100513;
5e29 : 955EF0EF;
5e2a : 00100793;
5e2b : 78FA0CA3;
5e2c : 00400513;
5e2d : A79EF0EF;
5e2e : 7949A603;
5e2f : 4C842583;
5e30 : 00200793;
5e31 : 00200713;
5e32 : 00100693;
5e33 : 00200513;
5e34 : 7AF488A3;
5e35 : 925EF0EF;
5e36 : 7A091E23;
5e37 : D85FF06F;
5e38 : 0001F7B7;
5e39 : 7947A503;
5e3a : 0001F7B7;
5e3b : 4C87A783;
5e3c : FEF504E3;
5e3d : A81F70EF;
5e3e : 05000593;
5e3f : F41FF06F;
5e40 : 0001F437;
5e41 : 79944783;
5e42 : 0001F937;
5e43 : 02078063;
5e44 : 0001F7B7;
5e45 : 7947A603;
5e46 : 4C892583;
5e47 : 00200713;
5e48 : 00100693;
5e49 : 00300513;
5e4a : 8D1EF0EF;
5e4b : 4C892583;
5e4c : 000207B7;
5e4d : 13878793;
5e4e : 00B787B3;
5e4f : 00078023;
5e50 : 79944783;
5e51 : 02078E63;
5e52 : 0001F9B7;
5e53 : 7B14C703;
5e54 : 7949A603;
5e55 : 00100693;
5e56 : 00400513;
5e57 : 89DEF0EF;
5e58 : 79944783;
5e59 : 00078E63;
5e5a : 7B14C703;
5e5b : 7949A603;
5e5c : 4C892583;
5e5d : 00100693;
5e5e : 00500513;
5e5f : 87DEF0EF;
5e60 : A59F70EF;
5e61 : 7B14C703;
5e62 : 78040CA3;
5e63 : 00300793;
5e64 : CCF708E3;
5e65 : 7A0488A3;
5e66 : CC9FF06F;
5e67 : 000780E7;
5e68 : D0054EE3;
5e69 : 01B00793;
5e6a : D0F40AE3;
5e6b : 07100793;
5e6c : CAF418E3;
5e6d : D09FF06F;
5e6e : F9010113;
5e6f : 06812423;
5e70 : 06912223;
5e71 : 05412C23;
5e72 : 06112623;
5e73 : 07212023;
5e74 : 05312E23;
5e75 : 05512A23;
5e76 : 05612823;
5e77 : 05712623;
5e78 : 05812423;
5e79 : 05912223;
5e7a : 05A12023;
5e7b : 03B12E23;
5e7c : 00050413;
5e7d : 00058493;
5e7e : 00060A13;
5e7f : 04068863;
5e80 : 00C6A603;
5e81 : 00A6D783;
5e82 : 0006A703;
5e83 : 00768683;
5e84 : 01061613;
5e85 : 00F667B3;
5e86 : 3E800613;
5e87 : 02C7C7B3;
5e88 : 0C06F693;
5e89 : 08000613;
5e8a : 0AC69463;
5e8b : 0001E837;
5e8c : 76480813;
5e8d : 0001E537;
5e8e : 00070693;
5e8f : 00070613;
5e90 : 00040593;
5e91 : 79450513;
5e92 : A39F00EF;
5e93 : 0014C603;
5e94 : 02100793;
5e95 : 00F67613;
5e96 : 0947E263;
5e97 : 0001E537;
5e98 : 000A0613;
5e99 : 00040593;
5e9a : 7B850513;
5e9b : A15F00EF;
5e9c : 0001F637;
5e9d : 0001F5B7;
5e9e : 000A0713;
5e9f : 00048693;
5ea0 : 00040513;
5ea1 : C0060613;
5ea2 : C0858593;
5ea3 : 914FF0EF;
5ea4 : 06C12083;
5ea5 : 06812403;
5ea6 : 06412483;
5ea7 : 06012903;
5ea8 : 05C12983;
5ea9 : 05812A03;
5eaa : 05412A83;
5eab : 05012B03;
5eac : 04C12B83;
5ead : 04812C03;
5eae : 04412C83;
5eaf : 04012D03;
5eb0 : 03C12D83;
5eb1 : 00000513;
5eb2 : 07010113;
5eb3 : 00008067;
5eb4 : 0001E837;
5eb5 : C9480813;
5eb6 : F5DFF06F;
5eb7 : 00200793;
5eb8 : 00F60A63;
5eb9 : 0001E537;
5eba : 00040593;
5ebb : 7D050513;
5ebc : F7DFF06F;
5ebd : 0034C783;
5ebe : 0024CA03;
5ebf : 0004C903;
5ec0 : 00879793;
5ec1 : 0147E7B3;
5ec2 : 00879A13;
5ec3 : 0087D793;
5ec4 : 00FA67B3;
5ec5 : 01079A13;
5ec6 : 0044C783;
5ec7 : 00F97913;
5ec8 : 010A5A13;
5ec9 : 0001E537;
5eca : 000A0713;
5ecb : 00090693;
5ecc : 00200613;
5ecd : 00040593;
5ece : 7F050513;
5ecf : 945F00EF;
5ed0 : 0084A503;
5ed1 : 5DD010EF;
5ed2 : 00A12E23;
5ed3 : 00C4A503;
5ed4 : 5D1010EF;
5ed5 : 01C12703;
5ed6 : 0074C683;
5ed7 : 0064C603;
5ed8 : 00050813;
5ed9 : 00050793;
5eda : 0001F537;
5edb : 00040593;
5edc : 81C50513;
5edd : 90DF00EF;
5ede : 0001F5B7;
5edf : 01448613;
5ee0 : 85058593;
5ee1 : 00040513;
5ee2 : FB5FE0EF;
5ee3 : 01F4C783;
5ee4 : 01E4C603;
5ee5 : 0214C703;
5ee6 : 00879793;
5ee7 : 00C7E7B3;
5ee8 : 00879613;
5ee9 : 0087D793;
5eea : 00F66633;
5eeb : 0204C683;
5eec : 01061613;
5eed : 0001F537;
5eee : 01065613;
5eef : 00040593;
5ef0 : 85850513;
5ef1 : 8BDF00EF;
5ef2 : 00C00793;
5ef3 : 2127E463;
5ef4 : 0001C7B7;
5ef5 : B9078793;
5ef6 : 00291913;
5ef7 : 00F90933;
5ef8 : 00092783;
5ef9 : 00078067;
5efa : 0001F537;
5efb : 00040593;
5efc : 88450513;
5efd : 88DF00EF;
5efe : 0001F5B7;
5eff : 02248613;
5f00 : 89C58593;
5f01 : 00040513;
5f02 : 8CCFF0EF;
5f03 : 02C00993;
5f04 : 0001EBB7;
5f05 : 0001EC37;
5f06 : 0001ED37;
5f07 : 0001CCB7;
5f08 : 01348933;
5f09 : 77CB8B93;
5f0a : 413A09B3;
5f0b : 784C0C13;
5f0c : 78CD0D13;
5f0d : BC8C8C93;
5f0e : E3305CE3;
5f0f : 00300713;
5f10 : 19374E63;
5f11 : 0001F537;
5f12 : 00098613;
5f13 : 00040593;
5f14 : A4C50513;
5f15 : E19FF06F;
5f16 : 0001F537;
5f17 : 00040593;
5f18 : 8A850513;
5f19 : 81DF00EF;
5f1a : 0001F5B7;
5f1b : 02248613;
5f1c : 8C458593;
5f1d : F91FF06F;
5f1e : 0001F537;
5f1f : 00040593;
5f20 : 8D450513;
5f21 : FFCF00EF;
5f22 : 0001F5B7;
5f23 : 02248613;
5f24 : 8F058593;
5f25 : F71FF06F;
5f26 : 0001F537;
5f27 : 00040593;
5f28 : 90050513;
5f29 : FDCF00EF;
5f2a : 0001F937;
5f2b : 02248613;
5f2c : 91C90593;
5f2d : 00040513;
5f2e : 81CFF0EF;
5f2f : 02C48613;
5f30 : 91C90593;
5f31 : 00040513;
5f32 : E75FE0EF;
5f33 : 03600993;
5f34 : F41FF06F;
5f35 : 0001F537;
5f36 : 00040593;
5f37 : 93050513;
5f38 : FA0F00EF;
5f39 : 00400613;
5f3a : 03048593;
5f3b : 02C10513;
5f3c : 9A9F80EF;
5f3d : 02E15783;
5f3e : 02E15703;
5f3f : 02248913;
5f40 : 00879793;
5f41 : 00875713;
5f42 : 0001F5B7;
5f43 : 00E7E7B3;
5f44 : 00090613;
5f45 : 94C58593;
5f46 : 00040513;
5f47 : 02F11723;
5f48 : FB5FE0EF;
5f49 : 02E15783;
5f4a : 02D14703;
5f4b : 02C14683;
5f4c : 0001F637;
5f4d : 0001F537;
5f4e : 96460613;
5f4f : 00040593;
5f50 : 98850513;
5f51 : F3CF00EF;
5f52 : 0344C683;
5f53 : 02F4C603;
5f54 : 0001F537;
5f55 : 00040593;
5f56 : 99C50513;
5f57 : F24F00EF;
5f58 : 03C4C783;
5f59 : 0394C883;
5f5a : 0384C803;
5f5b : 00F12423;
5f5c : 03B4C783;
5f5d : 0364C703;
5f5e : 0354C683;
5f5f : 00F12223;
5f60 : 03A4C783;
5f61 : 0001F637;
5f62 : 0001F537;
5f63 : 00F12023;
5f64 : 0374C783;
5f65 : 9C460613;
5f66 : 00040593;
5f67 : 9E450513;
5f68 : EE0F00EF;
5f69 : 04000993;
5f6a : E69FF06F;
5f6b : 0001F537;
5f6c : 00040593;
5f6d : A1450513;
5f6e : EC8F00EF;
5f6f : 0001F5B7;
5f70 : 02248613;
5f71 : A3058593;
5f72 : 00040513;
5f73 : D71FE0EF;
5f74 : E3DFF06F;
5f75 : 02200993;
5f76 : E39FF06F;
5f77 : 00194783;
5f78 : 00094603;
5f79 : 00294A83;
5f7a : 00879793;
5f7b : 00C7E7B3;
5f7c : 00879613;
5f7d : 0087D793;
5f7e : 00F667B3;
5f7f : 01079613;
5f80 : 00394783;
5f81 : 0001F537;
5f82 : 01065613;
5f83 : 00879793;
5f84 : 0157E7B3;
5f85 : 00879A93;
5f86 : 0087D793;
5f87 : 00FAE7B3;
5f88 : 01079A93;
5f89 : 010ADA93;
5f8a : 004A8B13;
5f8b : 000B0693;
5f8c : 00040593;
5f8d : A7450513;
5f8e : 00C12E23;
5f8f : E44F00EF;
5f90 : 01C12603;
5f91 : 00300713;
5f92 : 0169FC63;
5f93 : 0001F537;
5f94 : 00098613;
5f95 : 000B0593;
5f96 : A9050513;
5f97 : C11FF06F;
5f98 : 000087B7;
5f99 : 00178793;
5f9a : 02F61E63;
5f9b : 00594603;
5f9c : 00494583;
5f9d : 0001F537;
5f9e : AB450513;
5f9f : E04F00EF;
5fa0 : 00600793;
5fa1 : 0EFB0263;
5fa2 : 0001F637;
5fa3 : FFEA8713;
5fa4 : 00690693;
5fa5 : AD060613;
5fa6 : 0001F5B7;
5fa7 : ADC58593;
5fa8 : 1D40006F;
5fa9 : 00490D93;
5faa : 22E61863;
5fab : 00594603;
5fac : 00494583;
5fad : 00994803;
5fae : 00894783;
5faf : 00794703;
5fb0 : 00694683;
5fb1 : 0001F537;
5fb2 : AE450513;
5fb3 : DB4F00EF;
5fb4 : 0001C5B7;
5fb5 : 00300613;
5fb6 : BC858593;
5fb7 : 000D8513;
5fb8 : 924F80EF;
5fb9 : 00051E63;
5fba : 0001F5B7;
5fbb : 00300613;
5fbc : B0C58593;
5fbd : 00790513;
5fbe : 90CF80EF;
5fbf : 02050263;
5fc0 : 0001F637;
5fc1 : 0001F5B7;
5fc2 : FFAA8713;
5fc3 : 00A90693;
5fc4 : AD060613;
5fc5 : ADC58593;
5fc6 : 00040513;
5fc7 : C85FE0EF;
5fc8 : 00A94A83;
5fc9 : 00B94683;
5fca : FFFFF7B7;
5fcb : 008A9A93;
5fcc : 00DA8AB3;
5fcd : 010A9A93;
5fce : 010ADA93;
5fcf : 00FA87B3;
5fd0 : 01079793;
5fd1 : 0107D793;
5fd2 : 00500713;
5fd3 : 02F76463;
5fd4 : FFFFF7B7;
5fd5 : 00FA87B3;
5fd6 : 00279793;
5fd7 : 00FC87B3;
5fd8 : 0047A603;
5fd9 : 02061063;
5fda : 416989B3;
5fdb : 01690933;
5fdc : CC9FF06F;
5fdd : 000027B7;
5fde : FEFA98E3;
5fdf : 0001E637;
5fe0 : 77060613;
5fe1 : 0001F537;
5fe2 : 000A8693;
5fe3 : 00040593;
5fe4 : B1050513;
5fe5 : CECF00EF;
5fe6 : 000017B7;
5fe7 : 00478713;
5fe8 : 08EA8263;
5fe9 : 00002737;
5fea : 0CEA8C63;
5feb : 00378793;
5fec : FAFA9CE3;
5fed : 00700793;
5fee : 0167CE63;
5fef : 0001F537;
5ff0 : 000B0613;
5ff1 : 00040593;
5ff2 : B2C50513;
5ff3 : CB4F00EF;
5ff4 : F99FF06F;
5ff5 : 00C94783;
5ff6 : 000B8613;
5ff7 : 00079463;
5ff8 : 000C0613;
5ff9 : 00E94783;
5ffa : 00F94703;
5ffb : 00D94683;
5ffc : 01879793;
5ffd : 01071713;
5ffe : 00E787B3;
5fff : 01094703;
6000 : 0001F537;
6001 : 00040593;
6002 : 00871713;
6003 : 00E787B3;
6004 : 01194703;
6005 : B5850513;
6006 : 00E78733;
6007 : C64F00EF;
6008 : F49FF06F;
6009 : 01100793;
600a : 0167CC63;
600b : 0001F537;
600c : 000B0613;
600d : 00040593;
600e : B9050513;
600f : F91FF06F;
6010 : 0001FAB7;
6011 : 0001E637;
6012 : 00800713;
6013 : 00C90693;
6014 : A8060613;
6015 : ADCA8593;
6016 : 00040513;
6017 : B45FE0EF;
6018 : 0001E637;
6019 : 00800713;
601a : 01490693;
601b : AA060613;
601c : ADCA8593;
601d : 00040513;
601e : B29FE0EF;
601f : EEDFF06F;
6020 : 00D94703;
6021 : 00200693;
6022 : 000D0613;
6023 : 00377793;
6024 : FFF78793;
6025 : 0FF7F793;
6026 : 00F6E863;
6027 : 00279793;
6028 : 00FC87B3;
6029 : 01C7A603;
602a : 00477793;
602b : 000B8693;
602c : 00079463;
602d : 000C0693;
602e : 00877793;
602f : 000B8713;
6030 : 00079463;
6031 : 000C0713;
6032 : 0001F537;
6033 : 00040593;
6034 : BBC50513;
6035 : F49FF06F;
6036 : 0001E537;
6037 : B1850513;
6038 : BA0F00EF;
6039 : 0001F637;
603a : 000A8713;
603b : 000D8693;
603c : BF860613;
603d : DA5FF06F;
603e : FE010113;
603f : 00912A23;
6040 : 000204B7;
6041 : 00812C23;
6042 : D8048413;
6043 : 17842783;
6044 : 00112E23;
6045 : 01212823;
6046 : 0107A783;
6047 : 01312623;
6048 : 00020537;
6049 : 04000613;
604a : 00000593;
604b : 000784A3;
604c : 040780A3;
604d : EB850513;
604e : A88F70EF;
604f : FFFF07B7;
6050 : 12F42823;
6051 : 0001F7B7;
6052 : 78078C23;
6053 : 00300793;
6054 : 00F42223;
6055 : 2A040023;
6056 : C3CF00EF;
6057 : 03842783;
6058 : D8048513;
6059 : 0047A783;
605a : 000780E7;
605b : 17C42703;
605c : 0001F7B7;
605d : C1078793;
605e : 06F72223;
605f : 02042783;
6060 : 04C7A783;
6061 : 00078663;
6062 : D8048513;
6063 : 000780E7;
6064 : 01842783;
6065 : 00078663;
6066 : 00100713;
6067 : 00E78B23;
6068 : 0001F7B7;
6069 : 32C78713;
606a : 00872903;
606b : 00000413;
606c : 00078493;
606d : 34800993;
606e : 00895783;
606f : 02F44263;
6070 : 01C12083;
6071 : 01812403;
6072 : 01412483;
6073 : 01012903;
6074 : 00C12983;
6075 : 00000513;
6076 : 02010113;
6077 : 00008067;
6078 : 03340533;
6079 : 32C4A783;
607a : 00A78533;
607b : 02052783;
607c : 0087A783;
607d : 00078463;
607e : 000780E7;
607f : 00140413;
6080 : FB9FF06F;
6081 : 000207B7;
6082 : EF87A783;
6083 : FE010113;
6084 : 00812C23;
6085 : 01412423;
6086 : 00112E23;
6087 : 0107AA03;
6088 : 00912A23;
6089 : 01212823;
608a : 01312623;
608b : 01512223;
608c : 01612023;
608d : 00200793;
608e : 00050413;
608f : 00F51A63;
6090 : 00900513;
6091 : 8E8EF0EF;
6092 : 00100513;
6093 : A10EF0EF;
6094 : 0001F4B7;
6095 : 32C48913;
6096 : 0001FAB7;
6097 : 00492983;
6098 : 4C0A8E23;
6099 : E95FF0EF;
609a : 00492783;
609b : FFF00713;
609c : 00048B13;
609d : 00E7A423;
609e : 00E7A623;
609f : 00E7A823;
60a0 : 00E79A23;
60a1 : 00E78B23;
60a2 : 00300793;
60a3 : 12F40A63;
60a4 : 0087CE63;
60a5 : 00100713;
60a6 : 02E40063;
60a7 : 00200693;
60a8 : 0AD40663;
60a9 : 00000493;
60aa : 0640006F;
60ab : 00400793;
60ac : 00000493;
60ad : 04F41C63;
60ae : 00300793;
60af : 02FA06A3;
60b0 : 03892783;
60b1 : 00100613;
60b2 : 00100593;
60b3 : 0007A023;
60b4 : 00600793;
60b5 : 00F9A223;
60b6 : 00300513;
60b7 : CDDEB0EF;
60b8 : 00000593;
60b9 : 00100613;
60ba : 00100513;
60bb : 959EB0EF;
60bc : 0000F537;
60bd : A6050513;
60be : D7DFE0EF;
60bf : 00050493;
60c0 : 00100593;
60c1 : 32CB0513;
60c2 : F70FE0EF;
60c3 : 970EB0EF;
60c4 : 904EB0EF;
60c5 : 03892783;
60c6 : 4C8A8E23;
60c7 : 01C12083;
60c8 : 0087A223;
60c9 : 01812403;
60ca : 01012903;
60cb : 00C12983;
60cc : 00812A03;
60cd : 00412A83;
60ce : 00012B03;
60cf : 00048513;
60d0 : 01412483;
60d1 : 02010113;
60d2 : 00008067;
60d3 : 02FA06A3;
60d4 : 03892783;
60d5 : 00200513;
60d6 : 00E7A023;
60d7 : 900EF0EF;
60d8 : 00100613;
60d9 : 00200593;
60da : 00400513;
60db : C4DEB0EF;
60dc : 00100613;
60dd : 00000593;
60de : 00200513;
60df : 8C9EB0EF;
60e0 : 00300513;
60e1 : 8D8EF0EF;
60e2 : 00100593;
60e3 : 32C48513;
60e4 : EE8FE0EF;
60e5 : 0C100793;
60e6 : 00F9A223;
60e7 : 00400513;
60e8 : 8BCEF0EF;
60e9 : 00005537;
60ea : E2050513;
60eb : CC9FE0EF;
60ec : 00050493;
60ed : 00500513;
60ee : 8A4EF0EF;
60ef : F51FF06F;
60f0 : 00200793;
60f1 : 02FA06A3;
60f2 : 03892783;
60f3 : 00200713;
60f4 : 00E7A023;
60f5 : 0FF00793;
60f6 : 00F9A223;
60f7 : EC9FF06F;
60f8 : 0001F7B7;
60f9 : 4807AA23;
60fa : 0001F7B7;
60fb : 4807A823;
60fc : 0001F7B7;
60fd : 4807A623;
60fe : 0001F7B7;
60ff : 4807A423;
6100 : 0001F7B7;
6101 : 4807A223;
6102 : 0001F7B7;
6103 : 4807A023;
6104 : 0001F7B7;
6105 : 7E07A223;
6106 : 0001F7B7;
6107 : 7407AE23;
6108 : 0001F7B7;
6109 : 7407AC23;
610a : 0001F7B7;
610b : 7407AA23;
610c : 0001F7B7;
610d : 7407A823;
610e : 0001F7B7;
610f : 7407A623;
6110 : 0001F7B7;
6111 : 4607AC23;
6112 : 0001F7B7;
6113 : 4607A223;
6114 : 0001F7B7;
6115 : 46078123;
6116 : 0001F7B7;
6117 : 4607A823;
6118 : 0001F7B7;
6119 : 46079E23;
611a : 0001F7B7;
611b : FB010113;
611c : 46079A23;
611d : 0001F7B7;
611e : 04112623;
611f : 04812423;
6120 : 04912223;
6121 : 05212023;
6122 : 03412C23;
6123 : 03512A23;
6124 : 03712623;
6125 : 03812423;
6126 : 03A12023;
6127 : 4607A423;
6128 : 03312E23;
6129 : 0001F7B7;
612a : 03612823;
612b : 03912223;
612c : 01B12E23;
612d : 46078623;
612e : 0001F7B7;
612f : 460786A3;
6130 : 0001F7B7;
6131 : 46078023;
6132 : 0001F7B7;
6133 : 4407AE23;
6134 : 0001F7B7;
6135 : 4407AC23;
6136 : 0001F7B7;
6137 : 4407AA23;
6138 : 0001F7B7;
6139 : 4407A823;
613a : 0001F7B7;
613b : 4407A623;
613c : 0001F7B7;
613d : 460780A3;
613e : 0001F7B7;
613f : 7607A423;
6140 : 0001F4B7;
6141 : 0001F7B7;
6142 : 7607A623;
6143 : 2F848493;
6144 : 0184AD03;
6145 : 0144A403;
6146 : B0DEA0EF;
6147 : 41F55593;
6148 : 880FB0EF;
6149 : 00050C13;
614a : 01C4A503;
614b : 00058913;
614c : 00020AB7;
614d : 41F55593;
614e : 868FB0EF;
614f : 00050A13;
6150 : 0204A503;
6151 : 00058B93;
6152 : D80A8493;
6153 : 41F55593;
6154 : 850FB0EF;
6155 : D80A8793;
6156 : 1B87A823;
6157 : 1B27AA23;
6158 : 400007B7;
6159 : 00FD07B3;
615a : 80000737;
615b : 10F76463;
615c : 00050993;
615d : 00058B13;
615e : 00E79463;
615f : 0E041C63;
6160 : 1904C783;
6161 : 0A078463;
6162 : 41FD5793;
6163 : 3284A023;
6164 : 1884A423;
6165 : 0087C433;
6166 : 40F40DB3;
6167 : 01A7CCB3;
6168 : 01B43433;
6169 : 40FC8CB3;
616a : 408C8CB3;
616b : 01FC9793;
616c : 001DD413;
616d : 0087E433;
616e : 401CD913;
616f : 00040613;
6170 : 00090693;
6171 : 000D8513;
6172 : 000C8593;
6173 : 33A4A223;
6174 : 19A4A623;
6175 : 1784AC03;
6176 : 8C9F60EF;
6177 : 01F59793;
6178 : 00155613;
6179 : 00C7E633;
617a : 0015D693;
617b : 00100713;
617c : 00200813;
617d : 10069263;
617e : 10C86063;
617f : 000D5A63;
6180 : 008037B3;
6181 : 41200933;
6182 : 40F90933;
6183 : 40800433;
6184 : 3104A503;
6185 : 3144A583;
6186 : 028C2823;
6187 : 032C2A23;
6188 : F81FA0EF;
6189 : 18A4A023;
618a : 18B4A223;
618b : 3004A503;
618c : 3044A583;
618d : F6DFA0EF;
618e : 01450A33;
618f : 01758BB3;
6190 : 00AA3533;
6191 : 01750533;
6192 : 18A4AE23;
6193 : 30C4A583;
6194 : 3084A503;
6195 : 1944AC23;
6196 : F49FA0EF;
6197 : 013509B3;
6198 : 00A9B533;
6199 : 01658B33;
619a : 01650533;
619b : 1B34A023;
619c : 1AA4A223;
619d : 00000593;
619e : 00000513;
619f : A04F30EF;
61a0 : 0001F7B7;
61a1 : 3EA7AA23;
61a2 : 001007B7;
61a3 : 41C7A703;
61a4 : 0001F7B7;
61a5 : 00100413;
61a6 : D80A8513;
61a7 : 7EE7A023;
61a8 : 00100793;
61a9 : 2AF48023;
61aa : 0084A023;
61ab : C10F70EF;
61ac : 0001F7B7;
61ad : 04C12083;
61ae : 78878C23;
61af : 04812403;
61b0 : 04412483;
61b1 : 04012903;
61b2 : 03C12983;
61b3 : 03812A03;
61b4 : 03412A83;
61b5 : 03012B03;
61b6 : 02C12B83;
61b7 : 02812C03;
61b8 : 02412C83;
61b9 : 02012D03;
61ba : 01C12D83;
61bb : 00000513;
61bc : 05010113;
61bd : 00008067;
61be : 060D4063;
61bf : 04070463;
61c0 : 40C407B3;
61c1 : 00F435B3;
61c2 : 40D90933;
61c3 : 00078413;
61c4 : 40B90933;
61c5 : 00174713;
61c6 : 000D8513;
61c7 : 000C8593;
61c8 : 00E12623;
61c9 : F7CF60EF;
61ca : 01F59793;
61cb : 00155613;
61cc : 00C12703;
61cd : 00C7E633;
61ce : 0015D693;
61cf : 00200813;
61d0 : EB5FF06F;
61d1 : 00860433;
61d2 : 00C437B3;
61d3 : 01268933;
61d4 : 01278933;
61d5 : FC1FF06F;
61d6 : 00160593;
61d7 : 00C5B7B3;
61d8 : 00D787B3;
61d9 : 00858433;
61da : 00B435B3;
61db : 01278933;
61dc : 01258933;
61dd : FA5FF06F;
61de : 00050C63;
61df : 00100793;
61e0 : 00F50A63;
61e1 : 0001F7B7;
61e2 : 7987C503;
61e3 : 00008067;
61e4 : 969FF06F;
61e5 : C4DFF06F;
61e6 : 00020537;
61e7 : FE010113;
61e8 : 0C850513;
61e9 : 00812C23;
61ea : 00912A23;
61eb : 01212823;
61ec : 00112E23;
61ed : 01312623;
61ee : 0001F937;
61ef : B01EA0EF;
61f0 : 7B892783;
61f1 : 0001F4B7;
61f2 : 00050413;
61f3 : 36C48493;
61f4 : 04079063;
61f5 : 0A050A63;
61f6 : 00000513;
61f7 : AC5F00EF;
61f8 : C01FF0EF;
61f9 : 00100793;
61fa : 00F48623;
61fb : 00100513;
61fc : 7A892C23;
61fd : 01C12083;
61fe : 01812403;
61ff : 01412483;
6200 : 01012903;
6201 : 00C12983;
6202 : 02010113;
6203 : 00008067;
6204 : 00300793;
6205 : 06051A63;
6206 : 00200793;
6207 : 00F48623;
6208 : 8D9FF0EF;
6209 : 0001F7B7;
620a : 4DC7C783;
620b : 00100993;
620c : FFF78793;
620d : 0FF7F793;
620e : FAF9EAE3;
620f : 0001F4B7;
6210 : 32C48513;
6211 : 00100593;
6212 : A30FE0EF;
6213 : 32C48493;
6214 : 0384A783;
6215 : 00200713;
6216 : 0007A683;
6217 : F8E698E3;
6218 : 0137A023;
6219 : 00100613;
621a : 00200593;
621b : 00500513;
621c : F48EB0EF;
621d : 00100613;
621e : 00000593;
621f : 00200513;
6220 : BC4EB0EF;
6221 : F69FF06F;
6222 : 00F48623;
6223 : 00000513;
6224 : F61FF06F;
6225 : 00050793;
6226 : 00054E63;
6227 : 01500713;
6228 : 7D000537;
6229 : 02F74463;
622a : 3E800513;
622b : 00F51533;
622c : 00008067;
622d : FF700713;
622e : 00100513;
622f : 00E7C863;
6230 : 40F007B3;
6231 : 3E800513;
6232 : 40F55533;
6233 : 00008067;
6234 : 0001C7B7;
6235 : 00359713;
6236 : BC878793;
6237 : 00E787B3;
6238 : 02C7A783;
6239 : 0017F793;
623a : 00079663;
623b : 03452783;
623c : 0007A503;
623d : 00C00793;
623e : 02F585B3;
623f : 1BC58593;
6240 : 00B50533;
6241 : 00008067;
6242 : FF010113;
6243 : 00112623;
6244 : 00812423;
6245 : 00912223;
6246 : 00050413;
6247 : 00060493;
6248 : 01212023;
6249 : FADFF0EF;
624a : 00048593;
624b : 00050913;
624c : 00040513;
624d : F9DFF0EF;
624e : 03C42783;
624f : 00050493;
6250 : 00000593;
6251 : 0247A783;
6252 : 00040513;
6253 : 000780E7;
6254 : 00892783;
6255 : 0084A683;
6256 : 00050713;
6257 : 40F68633;
6258 : 00065463;
6259 : 00068793;
625a : 00C12083;
625b : 00812403;
625c : 40F70533;
625d : 41F55513;
625e : 40E787B3;
625f : 00412483;
6260 : 00012903;
6261 : 00A7F533;
6262 : 01010113;
6263 : 00008067;
6264 : FF010113;
6265 : 00112623;
6266 : 00812423;
6267 : 00912223;
6268 : 00050413;
6269 : F2DFF0EF;
626a : 03C42783;
626b : 00050493;
626c : 00000593;
626d : 0247A783;
626e : 00040513;
626f : 000780E7;
6270 : 0084A783;
6271 : 40A78533;
6272 : 00055463;
6273 : 00000513;
6274 : 00C12083;
6275 : 00812403;
6276 : 00412483;
6277 : 01010113;
6278 : 00008067;
6279 : FF010113;
627a : 00112623;
627b : 00812423;
627c : 00912223;
627d : 01212023;
627e : 00050413;
627f : 00060913;
6280 : ED1FF0EF;
6281 : 03C42783;
6282 : 00050493;
6283 : 00090593;
6284 : 0247A783;
6285 : 00040513;
6286 : 000780E7;
6287 : 00C12083;
6288 : 00812403;
6289 : 00A4A423;
628a : 00012903;
628b : 00412483;
628c : 01010113;
628d : 00008067;
628e : FE010113;
628f : 00812C23;
6290 : 0001C437;
6291 : 00912A23;
6292 : 01212823;
6293 : 00112E23;
6294 : BF040413;
6295 : 00000493;
6296 : 00C00913;
6297 : 00442783;
6298 : 0027F793;
6299 : 00078A63;
629a : 00048593;
629b : 00A12623;
629c : ECCF60EF;
629d : 00C12503;
629e : 00148493;
629f : 00840413;
62a0 : FD249EE3;
62a1 : 01812403;
62a2 : 01C12083;
62a3 : 01412483;
62a4 : 01012903;
62a5 : 01400613;
62a6 : 00400593;
62a7 : 02010113;
62a8 : F45FF06F;
62a9 : FD010113;
62aa : 00812C23;
62ab : 02F12223;
62ac : 00112E23;
62ad : 02E12023;
62ae : 03012423;
62af : 03112623;
62b0 : 00068413;
62b1 : 00000793;
62b2 : 00050463;
62b3 : 02452783;
62b4 : 0001F737;
62b5 : 76072703;
62b6 : 00259593;
62b7 : 00E7E7B3;
62b8 : 00B7D7B3;
62b9 : 00F7F793;
62ba : 02C7EC63;
62bb : 04050263;
62bc : 2A852683;
62bd : 0001C7B7;
62be : BC878793;
62bf : 00B785B3;
62c0 : 0885A583;
62c1 : 0001F537;
62c2 : C2450513;
62c3 : 975EF0EF;
62c4 : 02010593;
62c5 : 00040513;
62c6 : 00B12623;
62c7 : 909EF0EF;
62c8 : 01C12083;
62c9 : 01812403;
62ca : 03010113;
62cb : 00008067;
62cc : 0001F7B7;
62cd : C1C78693;
62ce : FBDFF06F;
62cf : 0001F7B7;
62d0 : 7987C783;
62d1 : F8010113;
62d2 : 07412423;
62d3 : 06112E23;
62d4 : 06812C23;
62d5 : 06912A23;
62d6 : 07212823;
62d7 : 07312623;
62d8 : 07512223;
62d9 : 07612023;
62da : 05712E23;
62db : 05812C23;
62dc : 05912A23;
62dd : 05A12823;
62de : 05B12623;
62df : 00000A13;
62e0 : 64078463;
62e1 : 0001F7B7;
62e2 : 4DC7C703;
62e3 : 00400793;
62e4 : 62F70C63;
62e5 : 001007B7;
62e6 : 0001F6B7;
62e7 : 41C7A703;
62e8 : 7E86A603;
62e9 : 40078793;
62ea : 40C70733;
62eb : 7CF00613;
62ec : 60E67C63;
62ed : 01C7A783;
62ee : 0001C937;
62ef : BC890713;
62f0 : 0001E9B7;
62f1 : 7EF6A423;
62f2 : 0E070713;
62f3 : 17098693;
62f4 : 00200613;
62f5 : 00300593;
62f6 : 00000513;
62f7 : EC9FF0EF;
62f8 : 0001F437;
62f9 : 32C40793;
62fa : 0047AA03;
62fb : 00600713;
62fc : BC890913;
62fd : 004A2783;
62fe : 32C40493;
62ff : 46E78C63;
6300 : 0C100713;
6301 : 4AE79C63;
6302 : 00100C13;
6303 : 0C490B93;
6304 : 46C0006F;
6305 : 0001FB37;
6306 : 3F8B0793;
6307 : 00FC07B3;
6308 : 02412703;
6309 : 00078783;
630a : 3F8B0B13;
630b : 48E78863;
630c : 00200793;
630d : 08F71A63;
630e : FDCEA0EF;
630f : 001BC783;
6310 : 0001F737;
6311 : C3470713;
6312 : 02078263;
6313 : 32C42783;
6314 : 00100593;
6315 : 32C40513;
6316 : 03C7A783;
6317 : 00E12A23;
6318 : 02C7A783;
6319 : 000780E7;
631a : 01412703;
631b : 02412783;
631c : 018B0B33;
631d : 00FB0023;
631e : 44070263;
631f : 0144A683;
6320 : 00CAD883;
6321 : 00BAC803;
6322 : 0056C603;
6323 : 00AAC783;
6324 : 00300593;
6325 : 00C12623;
6326 : 0066C603;
6327 : 00000513;
6328 : 00C12423;
6329 : 0076C603;
632a : 00C12223;
632b : 0086C683;
632c : 00100613;
632d : 00D12023;
632e : 0001F6B7;
632f : C7868693;
6330 : DE5FF0EF;
6331 : 3F80006F;
6332 : 004B8793;
6333 : 00071463;
6334 : 010B8793;
6335 : 0007C683;
6336 : 0144A703;
6337 : 00DA8523;
6338 : 0017C683;
6339 : 008A4603;
633a : 00D67463;
633b : 00DA85A3;
633c : 0027D683;
633d : 00CA5603;
633e : 00D67463;
633f : 00DA9623;
6340 : 0047C683;
6341 : 010A2603;
6342 : 00D65463;
6343 : 00D70423;
6344 : 014A4683;
6345 : 00068663;
6346 : 0057C683;
6347 : 00D703A3;
6348 : 015A4683;
6349 : 00068663;
634a : 0067C683;
634b : 00D70323;
634c : 016A4683;
634d : 00068663;
634e : 0077C683;
634f : 00D702A3;
6350 : 0087A703;
6351 : F29FF06F;
6352 : 038B0A33;
6353 : 32C42783;
6354 : 00000593;
6355 : 00000A93;
6356 : 01478A33;
6357 : 03CA2783;
6358 : 000A0513;
6359 : 0247A783;
635a : 000780E7;
635b : 00050B93;
635c : 130A5803;
635d : 010AC663;
635e : 001B0B13;
635f : 3680006F;
6360 : 006A9D93;
6361 : 034A2503;
6362 : 138D8593;
6363 : 00BA05B3;
6364 : 01012A23;
6365 : B10F70EF;
6366 : 04051663;
6367 : 01BA0DB3;
6368 : 164DA783;
6369 : 134A2703;
636a : 01412803;
636b : 00E787B3;
636c : 417787B3;
636d : 0207D863;
636e : 000A0513;
636f : 000A8793;
6370 : C94C8713;
6371 : 288D0693;
6372 : 00100613;
6373 : 00300593;
6374 : CD5FF0EF;
6375 : 000A8593;
6376 : 000A0513;
6377 : 8E1F70EF;
6378 : F91FF06F;
6379 : 001A8A93;
637a : F89FF06F;
637b : 2A054603;
637c : 00060663;
637d : 00052A03;
637e : 26DA0263;
637f : 00178793;
6380 : 34850513;
6381 : 3180006F;
6382 : 34800793;
6383 : 02FA88B3;
6384 : 32C42783;
6385 : 01178B33;
6386 : 2A0B4703;
6387 : 130B5783;
6388 : 04071063;
6389 : 02078863;
638a : 000D8713;
638b : 17098693;
638c : 00200613;
638d : 00300593;
638e : 000B0513;
638f : C69FF0EF;
6390 : 04000613;
6391 : 00000593;
6392 : 138B0513;
6393 : D74F60EF;
6394 : 120B1823;
6395 : FFF00793;
6396 : 12FB1923;
6397 : 0940006F;
6398 : FE078AE3;
6399 : 000B2783;
639a : 00100713;
639b : 138B0693;
639c : FFE78793;
639d : 0EF77263;
639e : 178B0593;
639f : 00000B93;
63a0 : 130B5783;
63a1 : 006B9A13;
63a2 : 01468A33;
63a3 : 08F74663;
63a4 : 000A0593;
63a5 : 000B0513;
63a6 : 00F12A23;
63a7 : A7CF70EF;
63a8 : 01412783;
63a9 : 0A050663;
63aa : 000B8713;
63ab : D38C0693;
63ac : 00100613;
63ad : 00300593;
63ae : 000B0513;
63af : BE9FF0EF;
63b0 : 010A0593;
63b1 : 02410513;
63b2 : DD5FC0EF;
63b3 : 018A5803;
63b4 : 00050793;
63b5 : D60C8713;
63b6 : 4A4D0693;
63b7 : 00300613;
63b8 : 00300593;
63b9 : 000B0513;
63ba : BBDFF0EF;
63bb : 137B1923;
63bc : 132B1583;
63bd : 0005CE63;
63be : 00659593;
63bf : 17058593;
63c0 : 00600613;
63c1 : 00BB05B3;
63c2 : 09AB0513;
63c3 : F8CF70EF;
63c4 : 001A8A93;
63c5 : 2200006F;
63c6 : 000A0613;
63c7 : 000B0513;
63c8 : 00E12E23;
63c9 : 00D12C23;
63ca : 00B12A23;
63cb : 9C8FD0EF;
63cc : 01412583;
63cd : 01812683;
63ce : 01C12703;
63cf : 00055463;
63d0 : 00070B93;
63d1 : 00170713;
63d2 : 04058593;
63d3 : F35FF06F;
63d4 : FFF00B93;
63d5 : F99FF06F;
63d6 : FFFF07B7;
63d7 : 12FB2823;
63d8 : 04000613;
63d9 : 00000593;
63da : 00068513;
63db : C54F60EF;
63dc : F81FF06F;
63dd : 03598533;
63de : 32C42A03;
63df : 00AA0533;
63e0 : 13251583;
63e1 : 01691863;
63e2 : 05258263;
63e3 : 00098913;
63e4 : 03C0006F;
63e5 : 03658C63;
63e6 : 035907B3;
63e7 : 00659593;
63e8 : 13858593;
63e9 : 00B505B3;
63ea : 00FA0A33;
63eb : 132A1603;
63ec : 00661613;
63ed : 13860613;
63ee : 00CA0633;
63ef : 938FD0EF;
63f0 : FC0546E3;
63f1 : 130A5783;
63f2 : FC0782E3;
63f3 : 00198993;
63f4 : 1980006F;
63f5 : 34800A13;
63f6 : 034907B3;
63f7 : 32C42A03;
63f8 : 0001F6B7;
63f9 : 00190713;
63fa : D7C68693;
63fb : 00100613;
63fc : 00300593;
63fd : 00FA0A33;
63fe : 000A0513;
63ff : AA9FF0EF;
6400 : 132A1983;
6401 : 02410513;
6402 : 00598993;
6403 : 00699993;
6404 : 00898593;
6405 : 00BA05B3;
6406 : C85FC0EF;
6407 : 013A09B3;
6408 : 0109D803;
6409 : 0001F737;
640a : 0001C6B7;
640b : 00050793;
640c : D6070713;
640d : 4A468693;
640e : 00300613;
640f : 00300593;
6410 : 000A0513;
6411 : A61FF0EF;
6412 : 14C0006F;
6413 : 00B78023;
6414 : 00170713;
6415 : 34878793;
6416 : 1640006F;
6417 : 0001F6B7;
6418 : DA068693;
6419 : 00200613;
641a : 00300593;
641b : A39FF0EF;
641c : 1580006F;
641d : 00000C13;
641e : 0A890B93;
641f : 32C42783;
6420 : 02410593;
6421 : 32C40513;
6422 : 03C7A783;
6423 : 0084AA83;
6424 : 0287A783;
6425 : 000780E7;
6426 : B6050EE3;
6427 : 0084A783;
6428 : 0001F6B7;
6429 : C3C68693;
642a : 00A7C703;
642b : 00100613;
642c : 00300593;
642d : 00000513;
642e : 9EDFF0EF;
642f : 0001F6B7;
6430 : D2068693;
6431 : 00100613;
6432 : 00300593;
6433 : 00000513;
6434 : 9D5FF0EF;
6435 : 00000B13;
6436 : 34800C13;
6437 : 0001ECB7;
6438 : 0001DD37;
6439 : 0084A783;
643a : 0087D783;
643b : C4FB4EE3;
643c : 0F490713;
643d : 17098693;
643e : 00000513;
643f : 00200613;
6440 : 00300593;
6441 : 9A1FF0EF;
6442 : 0084A783;
6443 : 32C42503;
6444 : 00100693;
6445 : 0087D703;
6446 : 00000793;
6447 : CCE7C8E3;
6448 : 00000A93;
6449 : 0001FC37;
644a : 0001FCB7;
644b : 0001CD37;
644c : 11090D93;
644d : 0084A783;
644e : 0087D783;
644f : CCFAC6E3;
6450 : 12890713;
6451 : 17098693;
6452 : 00200613;
6453 : 00300593;
6454 : 00000513;
6455 : 951FF0EF;
6456 : FFF00913;
6457 : 00000993;
6458 : 34800A93;
6459 : FFF00B13;
645a : 0084A783;
645b : 0087D783;
645c : E0F9C2E3;
645d : FFF00793;
645e : E4F91EE3;
645f : 0001F6B7;
6460 : D7068693;
6461 : 00200613;
6462 : 00300593;
6463 : 00000513;
6464 : 915FF0EF;
6465 : 0184A783;
6466 : 00F90663;
6467 : 00100793;
6468 : 00F4AE23;
6469 : 32C42783;
646a : 0084A603;
646b : 0124AC23;
646c : 33B78793;
646d : 00000713;
646e : 00100593;
646f : 00865683;
6470 : E8D746E3;
6471 : 00100A13;
6472 : 07C12083;
6473 : 07812403;
6474 : 07412483;
6475 : 07012903;
6476 : 06C12983;
6477 : 06412A83;
6478 : 06012B03;
6479 : 05C12B83;
647a : 05812C03;
647b : 05412C83;
647c : 05012D03;
647d : 04C12D83;
647e : 000A0513;
647f : 06812A03;
6480 : 08010113;
6481 : 00008067;
6482 : FF010113;
6483 : 00812423;
6484 : 00912223;
6485 : 00112623;
6486 : 01212023;
6487 : 00050413;
6488 : 00058493;
6489 : EACFF0EF;
648a : 00452703;
648b : FFF00793;
648c : 02F71063;
648d : 00000513;
648e : 00C12083;
648f : 00812403;
6490 : 00412483;
6491 : 00012903;
6492 : 01010113;
6493 : 00008067;
6494 : 03C42783;
6495 : 00050913;
6496 : 00000593;
6497 : 0247A783;
6498 : 00040513;
6499 : 000780E7;
649a : 00892703;
649b : 00050793;
649c : 40E50733;
649d : FC0740E3;
649e : 0001C5B7;
649f : 00349493;
64a0 : BC858593;
64a1 : 009585B3;
64a2 : 0285A703;
64a3 : 0001F6B7;
64a4 : 00040513;
64a5 : DBC68693;
64a6 : 00100613;
64a7 : 00600593;
64a8 : 805FF0EF;
64a9 : 00100513;
64aa : F91FF06F;
64ab : FD010113;
64ac : 02812423;
64ad : 02912223;
64ae : 01312E23;
64af : 02112623;
64b0 : 03212023;
64b1 : 00050493;
64b2 : 00058413;
64b3 : 00060993;
64b4 : E00FF0EF;
64b5 : 00452703;
64b6 : FFF00793;
64b7 : 10F70C63;
64b8 : 00050913;
64b9 : 00052503;
64ba : 033707B3;
64bb : 08050663;
64bc : 08F05463;
64bd : 0001F5B7;
64be : 7D45A703;
64bf : 00071A63;
64c0 : 0344A703;
64c1 : 00872703;
64c2 : 00472703;
64c3 : 7CE5AA23;
64c4 : 7D45A603;
64c5 : 41C65837;
64c6 : E6D80813;
64c7 : 03060633;
64c8 : 000036B7;
64c9 : 03968713;
64ca : 00E60633;
64cb : 030606B3;
64cc : 00400813;
64cd : 00E686B3;
64ce : 7CD5AA23;
64cf : 00179713;
64d0 : 00500593;
64d1 : 02B747B3;
64d2 : 02E85863;
64d3 : 00200737;
64d4 : C0070713;
64d5 : 00665613;
64d6 : 00E67633;
64d7 : 0106D713;
64d8 : 3FF77713;
64d9 : 00100693;
64da : 00C76733;
64db : 06D50663;
64dc : 00200693;
64dd : 06D50A63;
64de : 00078613;
64df : 00040593;
64e0 : 00048513;
64e1 : 00F12623;
64e2 : E5CFF0EF;
64e3 : 00341593;
64e4 : 0001C437;
64e5 : BC840413;
64e6 : 00B40433;
64e7 : 02842703;
64e8 : 02812403;
64e9 : 00892803;
64ea : 00C12783;
64eb : 02C12083;
64ec : 02012903;
64ed : 01C12983;
64ee : 00048513;
64ef : 02412483;
64f0 : 0001F6B7;
64f1 : DD868693;
64f2 : 00300613;
64f3 : 00600593;
64f4 : 03010113;
64f5 : ED0FF06F;
64f6 : 02F77733;
64f7 : 00179693;
64f8 : 00E687B3;
64f9 : F95FF06F;
64fa : 02B787B3;
64fb : 02F777B3;
64fc : F89FF06F;
64fd : 02C12083;
64fe : 02812403;
64ff : 02412483;
6500 : 02012903;
6501 : 01C12983;
6502 : 03010113;
6503 : 00008067;
6504 : FE010113;
6505 : 00112E23;
6506 : 00812C23;
6507 : 00912A23;
6508 : 01212823;
6509 : 01312623;
650a : 00060493;
650b : 00050913;
650c : 00058413;
650d : C9CFF0EF;
650e : 00050993;
650f : 00952223;
6510 : 00048613;
6511 : 00040593;
6512 : 00090513;
6513 : D98FF0EF;
6514 : 0001C5B7;
6515 : BC858593;
6516 : 00341413;
6517 : 00858433;
6518 : 02842703;
6519 : 01812403;
651a : 0089A803;
651b : 01C12083;
651c : 00C12983;
651d : 00048793;
651e : 00090513;
651f : 01412483;
6520 : 01012903;
6521 : 0001F6B7;
6522 : DF868693;
6523 : 00300613;
6524 : 00600593;
6525 : 02010113;
6526 : E0CFF06F;
6527 : FE010113;
6528 : 00912A23;
6529 : 17852483;
652a : 0001C737;
652b : 0001E6B7;
652c : 00112E23;
652d : D0470713;
652e : 17068693;
652f : 00300613;
6530 : 00600593;
6531 : 00812C23;
6532 : 01312623;
6533 : 01412423;
6534 : 01212823;
6535 : 00050413;
6536 : 00A48903;
6537 : DC8FF0EF;
6538 : 00200793;
6539 : 1AF42E23;
653a : 00100793;
653b : 1EF42623;
653c : 1CF42423;
653d : 00090513;
653e : B9CFF0EF;
653f : 1CA42023;
6540 : 00D48503;
6541 : B90FF0EF;
6542 : 1CA42623;
6543 : 03442983;
6544 : 00B48903;
6545 : 0009AA03;
6546 : 00090513;
6547 : B78FF0EF;
6548 : 1D8A2783;
6549 : FFF00713;
654a : 00E78463;
654b : 00F55463;
654c : 1CAA2C23;
654d : 00C9A783;
654e : 00C4C703;
654f : 3E800693;
6550 : 0007D783;
6551 : 01271733;
6552 : 02D70733;
6553 : 00178793;
6554 : 012696B3;
6555 : 01C12083;
6556 : 1EA42823;
6557 : 01412483;
6558 : 01012903;
6559 : 00C12983;
655a : 00812A03;
655b : 02D787B3;
655c : 1EE42223;
655d : 1EF42E23;
655e : 01812403;
655f : 02010113;
6560 : 00008067;
6561 : 33C52783;
6562 : 06078263;
6563 : FF010113;
6564 : 00812423;
6565 : 00300793;
6566 : 00112623;
6567 : 32F52E23;
6568 : 00600593;
6569 : 00050413;
656a : B95F50EF;
656b : 34042703;
656c : 00100793;
656d : 02F70463;
656e : 34F42023;
656f : 02042783;
6570 : 0647A303;
6571 : 00030C63;
6572 : 00040513;
6573 : 00812403;
6574 : 00C12083;
6575 : 01010113;
6576 : 00030067;
6577 : 00C12083;
6578 : 00812403;
6579 : 01010113;
657a : 00008067;
657b : 00008067;
657c : 33C52703;
657d : 00070A63;
657e : 00300713;
657f : 32E52E23;
6580 : 00600593;
6581 : B39F506F;
6582 : 00008067;
6583 : 34052703;
6584 : FF010113;
6585 : 00812423;
6586 : 00112623;
6587 : 00100793;
6588 : 00050413;
6589 : 02F71663;
658a : 001007B7;
658b : 41C7A703;
658c : 0001F7B7;
658d : 7487A783;
658e : 00079C63;
658f : 33C52603;
6590 : 00052583;
6591 : 00100693;
6592 : 00000513;
6593 : CB5EB0EF;
6594 : 34042703;
6595 : 00400793;
6596 : 32F42E23;
6597 : 00100793;
6598 : 02F71E63;
6599 : 33A44783;
659a : 00078663;
659b : 00200793;
659c : 34F42023;
659d : 00040513;
659e : 998F60EF;
659f : 02042783;
65a0 : 0647A303;
65a1 : 00030C63;
65a2 : 00040513;
65a3 : 00812403;
65a4 : 00C12083;
65a5 : 01010113;
65a6 : 00030067;
65a7 : 00C12083;
65a8 : 00812403;
65a9 : 01010113;
65aa : 00008067;
65ab : FBC10113;
65ac : 00112223;
65ad : 00512423;
65ae : 00612623;
65af : 00712823;
65b0 : 00A12A23;
65b1 : 00B12C23;
65b2 : 00C12E23;
65b3 : 02D12023;
65b4 : 02E12223;
65b5 : 02F12423;
65b6 : 03012623;
65b7 : 03112823;
65b8 : 03C12A23;
65b9 : 03D12C23;
65ba : 03E12E23;
65bb : 05F12023;
65bc : 341020F3;
65bd : 342023F3;
65be : 34302E73;
65bf : 0FF3F293;
65c0 : 00B00313;
65c1 : 0A628E63;
65c2 : 00015297;
65c3 : 9A028293;
65c4 : 0002A303;
65c5 : 00130313;
65c6 : 0062A023;
65c7 : 00015297;
65c8 : 99028293;
65c9 : 0072A023;
65ca : 00015297;
65cb : 98828293;
65cc : 0012A023;
65cd : 00015297;
65ce : 98028293;
65cf : 01C2A023;
65d0 : 00015297;
65d1 : 97828293;
65d2 : 00412303;
65d3 : 0062A023;
65d4 : 00015297;
65d5 : 96C28293;
65d6 : 04410313;
65d7 : 0062A023;
65d8 : 00015297;
65d9 : 96028293;
65da : 00015317;
65db : 8B430313;
65dc : 00032303;
65dd : 0062A023;
65de : 00015297;
65df : 94C28293;
65e0 : 00015317;
65e1 : 8B430313;
65e2 : 00032303;
65e3 : 0062A023;
65e4 : 00015297;
65e5 : 93828293;
65e6 : 00015317;
65e7 : 8B830313;
65e8 : 00032303;
65e9 : 0062A023;
65ea : 46415337;
65eb : 54C30313;
65ec : 00015297;
65ed : 8F428293;
65ee : 0062A023;
65ef : 0540006F;
65f0 : 0FF3F393;
65f1 : 9C4EB0EF;
65f2 : 00412083;
65f3 : 00812283;
65f4 : 00C12303;
65f5 : 01012383;
65f6 : 01412503;
65f7 : 01812583;
65f8 : 01C12603;
65f9 : 02012683;
65fa : 02412703;
65fb : 02812783;
65fc : 02C12803;
65fd : 03012883;
65fe : 03412E03;
65ff : 03812E83;
6600 : 03C12F03;
6601 : 04012F83;
6602 : 04410113;
6603 : 30200073;
6604 : 0000006F;
6605 : 02060063;
6606 : 02000793;
6607 : 40C787B3;
6608 : 00F04C63;
6609 : FE060513;
660a : 00000713;
660b : 00A5D533;
660c : 00070593;
660d : 00008067;
660e : 00C5D733;
660f : 00C55533;
6610 : 00F595B3;
6611 : 00B56533;
6612 : FE9FF06F;
6613 : 02060063;
6614 : 02000793;
6615 : 40C787B3;
6616 : 00F04C63;
6617 : FE060593;
6618 : 00000713;
6619 : 00B515B3;
661a : 00070513;
661b : 00008067;
661c : 00C51733;
661d : 00C595B3;
661e : 00F55533;
661f : 00A5E5B3;
6620 : FE9FF06F;
6621 : 02060063;
6622 : 02000793;
6623 : 40C787B3;
6624 : 00F04C63;
6625 : FE060513;
6626 : 41F5D713;
6627 : 40A5D533;
6628 : 00070593;
6629 : 00008067;
662a : 40C5D733;
662b : 00C55533;
662c : 00F595B3;
662d : 00B56533;
662e : FE9FF06F;
662f : 04058263;
6630 : 00000513;
6631 : 000107B7;
6632 : 04F5F263;
6633 : 0FF00793;
6634 : 00B7B7B3;
6635 : 00379793;
6636 : 02000713;
6637 : 40F70733;
6638 : 00F5D5B3;
6639 : 00002797;
663a : 58078793;
663b : 00B785B3;
663c : 0005C783;
663d : 40F707B3;
663e : 00A78533;
663f : 00008067;
6640 : 00050593;
6641 : 02000513;
6642 : FBDFF06F;
6643 : 01000737;
6644 : 01000793;
6645 : FCE5E2E3;
6646 : 01800793;
6647 : FBDFF06F;
6648 : 01851713;
6649 : 01855793;
664a : 000106B7;
664b : 00E7E7B3;
664c : F0068693;
664d : 40855713;
664e : 00D77733;
664f : 00E7E7B3;
6650 : 00851513;
6651 : 00FF0737;
6652 : 00E57533;
6653 : 00A7E533;
6654 : 00008067;
6655 : 00010837;
6656 : F0080813;
6657 : 0085D793;
6658 : 0107F7B3;
6659 : 0185D693;
665a : 00859613;
665b : 00F6E6B3;
665c : 01855793;
665d : 00F667B3;
665e : 00FF0637;
665f : 00F677B3;
6660 : 00F6E6B3;
6661 : 01851713;
6662 : 01859793;
6663 : 01855593;
6664 : 00B76733;
6665 : 00855593;
6666 : 00F5E5B3;
6667 : 00851893;
6668 : 0105F5B3;
6669 : 00B765B3;
666a : 01167633;
666b : 00F6E533;
666c : 00C5E5B3;
666d : 00008067;
666e : 0001F7B7;
666f : FA010113;
6670 : 5207AA23;
6671 : 000207B7;
6672 : 04112E23;
6673 : 04812C23;
6674 : 04912A23;
6675 : 05212823;
6676 : 05312623;
6677 : 05412423;
6678 : 05512223;
6679 : 05612023;
667a : 03712E23;
667b : 03812C23;
667c : 03912A23;
667d : 03A12823;
667e : 03B12623;
667f : 25478793;
6680 : 03F00713;
6681 : 00E7A023;
6682 : 00E7A223;
6683 : 00E7A423;
6684 : 00E7A623;
6685 : 00E7A823;
6686 : 00E7AA23;
6687 : 0001F7B7;
6688 : 00100713;
6689 : 5207AC23;
668a : 0001F7B7;
668b : 54E7A023;
668c : C31EB0EF;
668d : 00000513;
668e : C14F50EF;
668f : 0002E9B7;
6690 : 00098913;
6691 : 0000B437;
6692 : 00100513;
6693 : 00892023;
6694 : BFCF50EF;
6695 : 0000B537;
6696 : 981EB0EF;
6697 : 00021A37;
6698 : 3C000613;
6699 : 00000593;
669a : C50A0513;
669b : 955F50EF;
669c : 0001F537;
669d : 00000613;
669e : 00000593;
669f : E1850513;
66a0 : F08F50EF;
66a1 : 00018637;
66a2 : 0001F537;
66a3 : 79860613;
66a4 : 00000593;
66a5 : E2050513;
66a6 : EF0F50EF;
66a7 : 00017637;
66a8 : 000175B7;
66a9 : 0001F537;
66aa : AD860613;
66ab : B2858593;
66ac : E2C50513;
66ad : ED4F50EF;
66ae : 00017637;
66af : 0001F537;
66b0 : D8060613;
66b1 : 00000593;
66b2 : E3450513;
66b3 : EBCF50EF;
66b4 : 00019637;
66b5 : 0001F537;
66b6 : B3C60613;
66b7 : 00000593;
66b8 : E3850513;
66b9 : EA4F50EF;
66ba : 00017637;
66bb : 000175B7;
66bc : 0001F537;
66bd : 59860613;
66be : 52858593;
66bf : E4050513;
66c0 : E88F50EF;
66c1 : 00004637;
66c2 : 0001F537;
66c3 : 2A860613;
66c4 : 00000593;
66c5 : E4C50513;
66c6 : E70F50EF;
66c7 : 0000A637;
66c8 : 0001F537;
66c9 : 8DC60613;
66ca : 00000593;
66cb : E5450513;
66cc : 000174B7;
66cd : E54F50EF;
66ce : AC448493;
66cf : 00952A23;
66d0 : 0000B637;
66d1 : 0000A5B7;
66d2 : 0001F537;
66d3 : 26C60613;
66d4 : 5C058593;
66d5 : E5C50513;
66d6 : E30F50EF;
66d7 : 00952A23;
66d8 : 0000B637;
66d9 : 0000A5B7;
66da : 0001F537;
66db : 5FC60613;
66dc : 62858593;
66dd : E6050513;
66de : E10F50EF;
66df : 0000B637;
66e0 : 0000B5B7;
66e1 : 0001F537;
66e2 : E2060613;
66e3 : AA458593;
66e4 : E6850513;
66e5 : DF4F50EF;
66e6 : 00952A23;
66e7 : 0000B637;
66e8 : 0000A5B7;
66e9 : 0001F537;
66ea : F5460613;
66eb : 58058593;
66ec : E7050513;
66ed : DD4F50EF;
66ee : 00952A23;
66ef : 0000A637;
66f0 : 0001F537;
66f1 : D9460613;
66f2 : 00000593;
66f3 : E7850513;
66f4 : DB8F50EF;
66f5 : 00006637;
66f6 : 0001F537;
66f7 : BC460613;
66f8 : 00000593;
66f9 : E8050513;
66fa : DA0F50EF;
66fb : 00A40513;
66fc : 00A92023;
66fd : FE4EB0EF;
66fe : 00B40513;
66ff : 00A92023;
6700 : 00000413;
6701 : FD4EB0EF;
6702 : 00098993;
6703 : CA0ED0EF;
6704 : 08C00493;
6705 : 00040513;
6706 : 00000593;
6707 : 00440413;
6708 : EC8EB0EF;
6709 : FE9418E3;
670a : 0001F7B7;
670b : 4007AE23;
670c : 0001F7B7;
670d : 5207A223;
670e : 0001F7B7;
670f : 4207A023;
6710 : 0001F7B7;
6711 : 5207A023;
6712 : 0001F7B7;
6713 : 5207A823;
6714 : 0001F7B7;
6715 : 5207A623;
6716 : 0001F7B7;
6717 : 5207A423;
6718 : 0001F7B7;
6719 : 5407A623;
671a : 0001F7B7;
671b : 5407AA23;
671c : 0001F7B7;
671d : 5407A823;
671e : 00000593;
671f : 0001F7B7;
6720 : 12800513;
6721 : 7407A423;
6722 : E60EB0EF;
6723 : 00000593;
6724 : 12C00513;
6725 : E54EB0EF;
6726 : 00000593;
6727 : 13000513;
6728 : E48EB0EF;
6729 : 00000593;
672a : 13400513;
672b : E3CEB0EF;
672c : 00000593;
672d : 13800513;
672e : E30EB0EF;
672f : 00000593;
6730 : 13C00513;
6731 : E24EB0EF;
6732 : 00000593;
6733 : 14000513;
6734 : E18EB0EF;
6735 : 00200593;
6736 : 00000513;
6737 : E0CEB0EF;
6738 : 00000513;
6739 : F78ED0EF;
673a : 00000713;
673b : 00000693;
673c : 00000613;
673d : 00000593;
673e : 00000513;
673f : E8CED0EF;
6740 : B9DEB0EF;
6741 : 95DEB0EF;
6742 : 0000B537;
6743 : 00150513;
6744 : EC8EB0EF;
6745 : 001007B7;
6746 : 0001F4B7;
6747 : 50078793;
6748 : 1C23C737;
6749 : 000775B7;
674a : 7CF4A423;
674b : 9AC70713;
674c : 00000793;
674d : 35958593;
674e : 01810513;
674f : 00E12C23;
6750 : 00F12E23;
6751 : F80F90EF;
6752 : 7C84A783;
6753 : 01812703;
6754 : 00021437;
6755 : 7C848493;
6756 : 00E7A223;
6757 : 38040793;
6758 : 00600713;
6759 : 00E7A623;
675a : 00007737;
675b : 4F470713;
675c : 00E7A023;
675d : 00002737;
675e : A5C70713;
675f : 00E7A223;
6760 : 0097A423;
6761 : 0001F7B7;
6762 : 4F87A703;
6763 : 38040413;
6764 : 00071463;
6765 : 4E87AC23;
6766 : 001007B7;
6767 : 4187A703;
6768 : 80000637;
6769 : 0001F4B7;
676a : 00C76733;
676b : 40E7AC23;
676c : 01313737;
676d : 3007AE23;
676e : D0370713;
676f : 30E7A023;
6770 : 43800613;
6771 : 00000593;
6772 : 7F048513;
6773 : DF4F50EF;
6774 : 7F048793;
6775 : 0007A023;
6776 : 0001F7B7;
6777 : 6A07AA23;
6778 : 0001F7B7;
6779 : 6A07A823;
677a : 00700713;
677b : 0001F7B7;
677c : 68E78E23;
677d : 0001F7B7;
677e : 6E07A423;
677f : 0001F7B7;
6780 : 6E07A223;
6781 : 0001F7B7;
6782 : 6A07A623;
6783 : 0001F7B7;
6784 : 7207A023;
6785 : 0001F7B7;
6786 : 7007AE23;
6787 : 0001F7B7;
6788 : 7007AC23;
6789 : 0001F7B7;
678a : 7007AA23;
678b : 0001F7B7;
678c : 7007A823;
678d : 0001F7B7;
678e : 7007A623;
678f : 0001F7B7;
6790 : 7007A423;
6791 : 0001F7B7;
6792 : 7007A223;
6793 : 0001F7B7;
6794 : 7007A023;
6795 : 0001F7B7;
6796 : 6E07AE23;
6797 : 0001F7B7;
6798 : 6807A823;
6799 : 0001F7B7;
679a : 6807A623;
679b : 0001F7B7;
679c : 6807A423;
679d : 00020637;
679e : 0001F7B7;
679f : 6807A223;
67a0 : 00000713;
67a1 : 7F048793;
67a2 : 21460613;
67a3 : 01000593;
67a4 : 00271693;
67a5 : 00D606B3;
67a6 : 0006A023;
67a7 : 00170713;
67a8 : FEB718E3;
67a9 : 00100737;
67aa : 20072683;
67ab : 0001F637;
67ac : 0106D713;
67ad : 03F77713;
67ae : 6EE60D23;
67af : 00569593;
67b0 : 0186D713;
67b1 : 0001F637;
67b2 : 00777713;
67b3 : 0005D463;
67b4 : 00300713;
67b5 : 00000693;
67b6 : 6EE60CA3;
67b7 : 0001F737;
67b8 : 00000613;
67b9 : 72C72C23;
67ba : 72D72E23;
67bb : 0001F737;
67bc : 72C72823;
67bd : 72D72A23;
67be : FFF00613;
67bf : 0001F737;
67c0 : FFF00693;
67c1 : 72C72423;
67c2 : 72D72623;
67c3 : 0001F737;
67c4 : 6A072023;
67c5 : 0001F737;
67c6 : 6A072423;
67c7 : 0001F737;
67c8 : 1607A823;
67c9 : 6A072223;
67ca : 00500713;
67cb : 04E7AC23;
67cc : 00010737;
67cd : FFB70713;
67ce : 04E7AE23;
67cf : FFFFF737;
67d0 : 73670713;
67d1 : 02E7AE23;
67d2 : FFE00713;
67d3 : 02E7AC23;
67d4 : 00C00713;
67d5 : 04E7A023;
67d6 : 00100713;
67d7 : 04E7AA23;
67d8 : 7D000713;
67d9 : 0AE7A223;
67da : 3E800713;
67db : 08E7AE23;
67dc : 06400713;
67dd : 0AE7A023;
67de : 40000913;
67df : 40000493;
67e0 : 00048513;
67e1 : 9D1F40EF;
67e2 : 78050863;
67e3 : 4014D493;
67e4 : 40295913;
67e5 : 00200B13;
67e6 : 00990AB3;
67e7 : 000A8513;
67e8 : 9B5F40EF;
67e9 : 00051463;
67ea : 000A8493;
67eb : 03694933;
67ec : FE0914E3;
67ed : 0001F7B7;
67ee : 7A97A423;
67ef : 00600793;
67f0 : 02F42023;
67f1 : 0001F7B7;
67f2 : 24878793;
67f3 : 00F42823;
67f4 : 0001F7B7;
67f5 : 23878793;
67f6 : 00F42C23;
67f7 : 0001F7B7;
67f8 : 24078793;
67f9 : 0001F537;
67fa : 00F42A23;
67fb : 00000593;
67fc : 23050793;
67fd : 23050513;
67fe : 00F42E23;
67ff : AC1ED0EF;
6800 : 01042503;
6801 : 00100593;
6802 : 00A00A93;
6803 : AB1ED0EF;
6804 : 01042503;
6805 : 00100593;
6806 : 02840493;
6807 : DA5ED0EF;
6808 : 01442503;
6809 : 00100593;
680a : D99ED0EF;
680b : 01842503;
680c : 00000593;
680d : D8DED0EF;
680e : 01C42503;
680f : 00100593;
6810 : D81ED0EF;
6811 : 00100793;
6812 : 02F42223;
6813 : 00100737;
6814 : 40C72783;
6815 : 41472683;
6816 : 01040513;
6817 : 0107D793;
6818 : 40070713;
6819 : 00A79793;
681a : 00C72703;
681b : 02A42423;
681c : 02F42623;
681d : 02D42A23;
681e : 02042C23;
681f : 00048513;
6820 : FFFA8A93;
6821 : F31ED0EF;
6822 : FE0A9AE3;
6823 : 02842503;
6824 : 00100593;
6825 : CE9ED0EF;
6826 : 02842503;
6827 : A05ED0EF;
6828 : 02842503;
6829 : 00000593;
682a : CD5ED0EF;
682b : 02842503;
682c : 9F1ED0EF;
682d : 02842503;
682e : 00100593;
682f : CC1ED0EF;
6830 : 02842503;
6831 : 00000613;
6832 : 09F00593;
6833 : E15ED0EF;
6834 : 02842503;
6835 : D05ED0EF;
6836 : 01051493;
6837 : 02842503;
6838 : CF9ED0EF;
6839 : 00851513;
683a : 00A484B3;
683b : 02842503;
683c : CE9ED0EF;
683d : 00A484B3;
683e : 02842503;
683f : 00000593;
6840 : C7DED0EF;
6841 : 0FF4F513;
6842 : 02000793;
6843 : 60F51C63;
6844 : 000107B7;
6845 : 02F42623;
6846 : 00100793;
6847 : 02F42C23;
6848 : 040007B7;
6849 : 02F42823;
684a : 000207B7;
684b : 0001F737;
684c : 1F878793;
684d : E8870713;
684e : 00E7A023;
684f : 00021737;
6850 : 3A870713;
6851 : 0001CAB7;
6852 : 00E7A223;
6853 : BC8A8713;
6854 : 14C70693;
6855 : 00D7AC23;
6856 : 03042683;
6857 : 15870713;
6858 : 00E7AA23;
6859 : 00D7A623;
685a : 03442683;
685b : 00100B37;
685c : 000204B7;
685d : 00D7A823;
685e : 02C42683;
685f : 0C848B93;
6860 : 100B0B13;
6861 : 00D7A423;
6862 : D8CE90EF;
6863 : 0000B537;
6864 : 00250513;
6865 : A44EB0EF;
6866 : 0001F537;
6867 : E9450513;
6868 : AE0EE0EF;
6869 : 310B2503;
686a : BC8A8A93;
686b : 0C848493;
686c : F70FF0EF;
686d : 00A12C23;
686e : 0001F537;
686f : 00400613;
6870 : 01810593;
6871 : 37050513;
6872 : CD0F60EF;
6873 : 304B2783;
6874 : 00100513;
6875 : 0107E793;
6876 : 30FB2223;
6877 : 016BA423;
6878 : 000B8323;
6879 : CD0E90EF;
687a : 008BA783;
687b : 00300713;
687c : 005EE6B7;
687d : 0007A023;
687e : 00E7A623;
687f : 00D7A423;
6880 : 0001F637;
6881 : 00E7A223;
6882 : 4A964703;
6883 : 00021B37;
6884 : 00100793;
6885 : C40B0B13;
6886 : 02E7EA63;
6887 : 00C00693;
6888 : 02D706B3;
6889 : 000207B7;
688a : 26C78793;
688b : 00170713;
688c : 4AE604A3;
688d : 00D787B3;
688e : 000016B7;
688f : 95568693;
6890 : 0097A023;
6891 : 0167A223;
6892 : 00D7A423;
6893 : 0C800513;
6894 : 93CEE0EF;
6895 : 0084A783;
6896 : 00001BB7;
6897 : 0007A023;
6898 : 9F0EB0EF;
6899 : 0084A783;
689a : 0E000713;
689b : 800B8593;
689c : 00E7A023;
689d : 0064C783;
689e : 00000513;
689f : 0027E793;
68a0 : 00F48323;
68a1 : C00E90EF;
68a2 : 3E800513;
68a3 : 900EE0EF;
68a4 : 000085B7;
68a5 : 00000513;
68a6 : BECE90EF;
68a7 : 00000593;
68a8 : 00000513;
68a9 : BE0E90EF;
68aa : 00000593;
68ab : 01000513;
68ac : BD4E90EF;
68ad : 0064C783;
68ae : 14000593;
68af : 0027F793;
68b0 : 00078463;
68b1 : 340B8593;
68b2 : 00000513;
68b3 : BB8E90EF;
68b4 : 00000593;
68b5 : 04000513;
68b6 : BACE90EF;
68b7 : 001007B7;
68b8 : 0007A703;
68b9 : 00FB2023;
68ba : 00100693;
68bb : 01875593;
68bc : 00F5F593;
68bd : 0001F4B7;
68be : 42D58E63;
68bf : 0001F537;
68c0 : EB050513;
68c1 : 97CEE0EF;
68c2 : 4A048423;
68c3 : 01313737;
68c4 : 001007B7;
68c5 : D0270693;
68c6 : 30D7A023;
68c7 : 3007AA23;
68c8 : 3007AC23;
68c9 : 3007A823;
68ca : D0A70713;
68cb : 30E7A023;
68cc : 30D7A023;
68cd : 3007AE23;
68ce : 01810513;
68cf : AB4E90EF;
68d0 : 00050C63;
68d1 : 332207B7;
68d2 : 00278793;
68d3 : 00F12C23;
68d4 : 14400793;
68d5 : 00F11E23;
68d6 : 01810513;
68d7 : 9E4E90EF;
68d8 : 8F0EB0EF;
68d9 : 00200513;
68da : AE5F40EF;
68db : 0000B537;
68dc : 00350513;
68dd : 864EB0EF;
68de : 0001F7B7;
68df : 51C7C783;
68e0 : 00079463;
68e1 : C74ED0EF;
68e2 : 0001F5B7;
68e3 : 0001F537;
68e4 : EE458593;
68e5 : F1850513;
68e6 : 8E8EE0EF;
68e7 : 000204B7;
68e8 : D8048493;
68e9 : 04040793;
68ea : 16F4AC23;
68eb : 178A8793;
68ec : 02F4AC23;
68ed : 18CA8793;
68ee : 02F4AE23;
68ef : 0001C7B7;
68f0 : 32C78793;
68f1 : 2AF4A223;
68f2 : 2AF4A423;
68f3 : 07840793;
68f4 : 0001FC37;
68f5 : 04F4A023;
68f6 : 00020537;
68f7 : 0F840793;
68f8 : 00100B13;
68f9 : 32CC0B93;
68fa : 04F4A223;
68fb : 1C0A8593;
68fc : 17840793;
68fd : 07000613;
68fe : 04050513;
68ff : 2B64A823;
6900 : 0364A823;
6901 : 16F4AE23;
6902 : 33648D23;
6903 : 19648823;
6904 : 0374AA23;
6905 : 0204A623;
6906 : A80F60EF;
6907 : 25840793;
6908 : 00F4AC23;
6909 : 1784A783;
690a : 230A8A93;
690b : 0164AE23;
690c : 0354A023;
690d : 35040413;
690e : 020BA703;
690f : 0087A823;
6910 : 00000813;
6911 : 00000793;
6912 : 1AF4A423;
6913 : 1B04A623;
6914 : 008BAB03;
6915 : 32CC0793;
6916 : 00E04463;
6917 : 00100713;
6918 : 00EB1423;
6919 : 0047A703;
691a : 0001F437;
691b : 38C40413;
691c : 00071463;
691d : 0087A223;
691e : 0047A483;
691f : 800E90EF;
6920 : F95E80EF;
6921 : 03C44783;
6922 : 00000693;
6923 : 000B08A3;
6924 : 02FB00A3;
6925 : 32CC2783;
6926 : 00300613;
6927 : FFF00593;
6928 : 25078793;
6929 : FFF00513;
692a : 008B5703;
692b : 2AE6C063;
692c : 34800413;
692d : 008B5783;
692e : 2CF94463;
692f : 01810513;
6930 : 828E90EF;
6931 : 00054863;
6932 : 01812703;
6933 : 000207B7;
6934 : 26E7AA23;
6935 : 0001F7B7;
6936 : 7807AA23;
6937 : 0001F7B7;
6938 : 4C07A423;
6939 : 0001F7B7;
693a : 7A0788A3;
693b : 00300513;
693c : 0001F7B7;
693d : 7A07AA23;
693e : 955F40EF;
693f : 0001F537;
6940 : 2F050513;
6941 : 909F40EF;
6942 : 0001F537;
6943 : 2E850513;
6944 : 8FDF40EF;
6945 : 0001F537;
6946 : 2E050513;
6947 : 8F1F40EF;
6948 : 0001F537;
6949 : 2D850513;
694a : 8E5F40EF;
694b : 0001F537;
694c : 2D050513;
694d : 8D9F40EF;
694e : 0001F537;
694f : 2C850513;
6950 : 8CDF40EF;
6951 : 0001F537;
6952 : 2C050513;
6953 : 8C1F40EF;
6954 : 0001F537;
6955 : 2B850513;
6956 : 8B5F40EF;
6957 : 0001F537;
6958 : 2B050513;
6959 : 8A9F40EF;
695a : 0001F537;
695b : 2A850513;
695c : 89DF40EF;
695d : 0001F537;
695e : 2A050513;
695f : 891F40EF;
6960 : 0001F537;
6961 : 29850513;
6962 : 885F40EF;
6963 : 0001F537;
6964 : 29050513;
6965 : 879F40EF;
6966 : 0001F537;
6967 : 28850513;
6968 : 86DF40EF;
6969 : 0001F537;
696a : 28050513;
696b : 861F40EF;
696c : 0001F537;
696d : 27850513;
696e : 855F40EF;
696f : 0001F537;
6970 : 27050513;
6971 : 849F40EF;
6972 : 0001F537;
6973 : 26850513;
6974 : 83DF40EF;
6975 : 0001F537;
6976 : 26050513;
6977 : 831F40EF;
6978 : 0001F537;
6979 : 25850513;
697a : 825F40EF;
697b : 0001F537;
697c : 25050513;
697d : 819F40EF;
697e : BADC17B7;
697f : FFE78793;
6980 : 00030737;
6981 : 00300513;
6982 : 80F72023;
6983 : BF9FD0EF;
6984 : DD1FD0EF;
6985 : 0001F4B7;
6986 : 7D048593;
6987 : 00000513;
6988 : BDDEA0EF;
6989 : 001007B7;
698a : 40078793;
698b : 01C7A783;
698c : 0001F937;
698d : C50A0A93;
698e : 7CF92623;
698f : 0000B7B7;
6990 : 00178793;
6991 : C50A0413;
6992 : 00021A37;
6993 : 00F9A023;
6994 : 3C0A8B13;
6995 : C50A0A13;
6996 : 00042783;
6997 : 00078863;
6998 : 01842783;
6999 : 00078463;
699a : 000780E7;
699b : 03040413;
699c : FE8B14E3;
699d : 0000B537;
699e : 00450513;
699f : 00A9A023;
69a0 : D59EA0EF;
69a1 : 0002E737;
69a2 : 0CC70713;
69a3 : 00100793;
69a4 : 00F72023;
69a5 : 0002E837;
69a6 : 01C82683;
69a7 : 0002E7B7;
69a8 : 0D878793;
69a9 : 00D7A023;
69aa : 00072503;
69ab : 0002E737;
69ac : 0D072583;
69ad : 0002E737;
69ae : 0D472603;
69af : 0007A683;
69b0 : 0002E7B7;
69b1 : 0DC7A703;
69b2 : 0002E7B7;
69b3 : 0E07A783;
69b4 : 01C82803;
69b5 : 3B9AD9B7;
69b6 : A0098993;
69b7 : 878EB0EF;
69b8 : 0001FBB7;
69b9 : 0001FD37;
69ba : 000A8413;
69bb : 00100DB7;
69bc : 00042783;
69bd : 00040C93;
69be : 16078263;
69bf : 01C42783;
69c0 : 0A079463;
69c1 : 02042783;
69c2 : 00178793;
69c3 : 02F42023;
69c4 : 000A0C93;
69c5 : 0B40006F;
69c6 : 012484B3;
69c7 : 00191913;
69c8 : 861FF06F;
69c9 : 00100793;
69ca : 00A79533;
69cb : 02A42823;
69cc : 9F9FF06F;
69cd : 4AB48423;
69ce : 00700693;
69cf : 04D7A023;
69d0 : 40076713;
69d1 : 00E7A023;
69d2 : BC5FF06F;
69d3 : DAC7A823;
69d4 : 0E07A623;
69d5 : DC07A023;
69d6 : 04D7AE23;
69d7 : EEB79123;
69d8 : F7078713;
69d9 : 00A72023;
69da : 00072223;
69db : 00C70713;
69dc : FEE79AE3;
69dd : 00168693;
69de : 34878793;
69df : D2DFF06F;
69e0 : 02890533;
69e1 : 32CC2783;
69e2 : 00A78533;
69e3 : 02052783;
69e4 : 0047A783;
69e5 : 00078663;
69e6 : 00048593;
69e7 : 000780E7;
69e8 : 00190913;
69e9 : D11FF06F;
69ea : 01442783;
69eb : 0A079E63;
69ec : 01C42783;
69ed : 000780E7;
69ee : 02042783;
69ef : 00A787B3;
69f0 : 02F42023;
69f1 : F40506E3;
69f2 : 01810593;
69f3 : 00000513;
69f4 : A2DEA0EF;
69f5 : 01812683;
69f6 : 7D04A783;
69f7 : 41CDAC03;
69f8 : 40F687B3;
69f9 : 0007D463;
69fa : 013787B3;
69fb : 028CA603;
69fc : 00C787B3;
69fd : 08F9E063;
69fe : 02FCA423;
69ff : 7CD4A823;
6a00 : 7CC92683;
6a01 : 40DC06B3;
6a02 : 0006D463;
6a03 : 3E868693;
6a04 : 02CCA603;
6a05 : 02D67263;
6a06 : 7A4BA783;
6a07 : 00078C63;
6a08 : 004C8593;
6a09 : F4CD0513;
6a0a : 00D12623;
6a0b : C55ED0EF;
6a0c : 00C12683;
6a0d : 02DCA623;
6a0e : 7A4BA783;
6a0f : 00078E63;
6a10 : 00D7FC63;
6a11 : 0001F7B7;
6a12 : 00068613;
6a13 : 004C8593;
6a14 : F8078513;
6a15 : C2DED0EF;
6a16 : 7D892623;
6a17 : 03040413;
6a18 : E96418E3;
6a19 : E85FF06F;
6a1a : 000780E7;
6a1b : F40512E3;
6a1c : EA1FF06F;
6a1d : 413787B3;
6a1e : 02FCA423;
6a1f : 024CA783;
6a20 : 00178793;
6a21 : 02FCA223;
6a22 : F75FF06F;
6a23 : 00000000;
6a24 : 00002764;
6a25 : 000028FC;
6a26 : 000025A0;
6a27 : 000025A0;
6a28 : 000025A0;
6a29 : 000025A0;
6a2a : 000028FC;
6a2b : 000025A0;
6a2c : 000025A0;
6a2d : 000025A0;
6a2e : 000025A0;
6a2f : 000028D4;
6a30 : 0000260C;
6a31 : 000028E8;
6a32 : 000025A0;
6a33 : 000025A0;
6a34 : 000027FC;
6a35 : 000025A0;
6a36 : 00002900;
6a37 : 000025A0;
6a38 : 000025A0;
6a39 : 000028F0;
6a3a : 00002F64;
6a3b : 0000301C;
6a3c : 00002F6C;
6a3d : 00002FB4;
6a3e : 0000301C;
6a3f : 00002FC8;
6a40 : 00002FD8;
6a41 : 00002FE0;
6a42 : 00002FE8;
6a43 : 00002FF0;
6a44 : 00002FF8;
6a45 : 00003000;
6a46 : 00003008;
6a47 : 000043A8;
6a48 : 00004500;
6a49 : 00004528;
6a4a : 000045C8;
6a4b : 000046A0;
6a4c : 000046B8;
6a4d : 00004550;
6a4e : 00004474;
6a4f : 0000432C;
6a50 : 00004368;
6a51 : 00004740;
6a52 : 00004848;
6a53 : 00004870;
6a54 : 00004898;
6a55 : 000047E4;
6a56 : 00004810;
6a57 : 00004DA8;
6a58 : 00004DE8;
6a59 : 00004E10;
6a5a : 00004E60;
6a5b : 00004E84;
6a5c : 00004E94;
6a5d : 00004AF8;
6a5e : 00004EA0;
6a5f : 00004AB4;
6a60 : 00004D80;
6a61 : 0000A810;
6a62 : 0000A82C;
6a63 : 0000A854;
6a64 : 0000A894;
6a65 : 0000A930;
6a66 : 0000A9E8;
6a67 : 0000A9C8;
6a68 : 0000AA54;
6a69 : 0000B074;
6a6a : 0000B0DC;
6a6b : 0000B084;
6a6c : 0000B084;
6a6d : 0000B0F4;
6a6e : 0000B084;
6a6f : 0000B084;
6a70 : 00000000;
6a71 : 00000000;
6a72 : 00000000;
6a73 : FFFFC000;
6a74 : 00000000;
6a75 : 00000000;
6a76 : 00000000;
6a77 : 00000000;
6a78 : 00000000;
6a79 : 00000000;
6a7a : 00000000;
6a7b : 00000000;
6a7c : 00004000;
6a7d : 00000000;
6a7e : 00000000;
6a7f : 00000000;
6a80 : 0102FF30;
6a81 : 700604FA;
6a82 : 696C6275;
6a83 : 02FFFD63;
6a84 : FC0102F9;
6a85 : 30FB0102;
6a86 : 06FF30FF;
6a87 : 33323130;
6a88 : 37363534;
6a89 : 42413938;
6a8a : 46454443;
6a8b : 65646F6D;
6a8c : 73616D20;
6a8d : 3B726574;
6a8e : 6E616C76;
6a8f : 66666F20;
6a90 : 7074703B;
6a91 : 6F747320;
6a92 : 74703B70;
6a93 : 74732070;
6a94 : 00747261;
6a95 : 20210006;
6a96 : 0101B900;
6a97 : 00070001;
6a98 : C71DA021;
6a99 : 00010101;
6a9a : A0FE00BB;
6a9b : 0001C71D;
6a9c : 00C10000;
6a9d : C71DA020;
6a9e : 00000000;
6a9f : A0FEFFFF;
6aa0 : 0000C71D;
6aa1 : 00000000;
6aa2 : 00000004;
6aa3 : 46E20100;
6aa4 : EA011380;
6aa5 : 019000CF;
6aa6 : 108157F3;
6aa7 : E0FFFF01;
6aa8 : FFFF010B;
6aa9 : FF0188E0;
6aaa : 0108E1FF;
6aab : 1B0020E0;
6aac : 00C0EB01;
6aad : 30E00198;
6aae : E0016321;
6aaf : 0461610D;
6ab0 : 10838900;
6ab1 : 0320F001;
6ab2 : 80010463;
6ab3 : F101BB0C;
6ab4 : 0133E31E;
6ab5 : 316324E0;
6ab6 : 0300E101;
6ab7 : 00E1012B;
6ab8 : 00043BC3;
6ab9 : 00714114;
6aba : C3250060;
6abb : 25026000;
6abc : 810104CB;
6abd : 010448C9;
6abe : 0479C780;
6abf : 780EBD00;
6ac0 : 09008001;
6ac1 : 20800153;
6ac2 : 00045109;
6ac3 : 01C049BD;
6ac4 : 5B097AFD;
6ac5 : 69810104;
6ac6 : 810104F8;
6ac7 : 0008F469;
6ac8 : 00000000;
6ac9 : 00000004;
6aca : 46E20100;
6acb : EA011380;
6acc : 019000CF;
6acd : 108157F3;
6ace : E0FFFF01;
6acf : FFFF010B;
6ad0 : FF0188E0;
6ad1 : 0108E1FF;
6ad2 : 1B0020E0;
6ad3 : 00C0EB01;
6ad4 : 30E00198;
6ad5 : E0016321;
6ad6 : 0461610D;
6ad7 : 10838900;
6ad8 : 0320F001;
6ad9 : 80010463;
6ada : E100BF0C;
6adb : 01A34355;
6adc : 33E41EF1;
6add : 6424E001;
6ade : 00E10131;
6adf : E1012B04;
6ae0 : 043BC400;
6ae1 : 79229800;
6ae2 : 8F800104;
6ae3 : 800104C0;
6ae4 : E0006122;
6ae5 : 00A34301;
6ae6 : A16301E0;
6ae7 : 8C800104;
6ae8 : 02E000F8;
6ae9 : 0104A383;
6aea : 08F08C80;
6aeb : 00000000;
6aec : 2D424453;
6aed : 01010500;
6aee : 00000000;
6aef : 00000000;
6af0 : 00000000;
6af1 : 7F030000;
6af2 : 656C6946;
6af3 : 61746144;
6af4 : 2020202E;
6af5 : 01000000;
6af6 : 00000000;
6af7 : 2020202E;
6af8 : 20202020;
6af9 : 20202020;
6afa : 20202020;
6afb : 00202020;
6afc : 00000000;
6afd : 06000000;
6afe : 00000000;
6aff : 40010000;
6b00 : 00000000;
6b01 : BF010000;
6b02 : 656C6946;
6b03 : 61746144;
6b04 : 696C6163;
6b05 : 01000000;
6b06 : 00000000;
6b07 : 696C6163;
6b08 : 74617262;
6b09 : 206E6F69;
6b0a : 20202020;
6b0b : 01202020;
6b0c : 00000000;
6b0d : 06000000;
6b0e : 00000000;
6b0f : C0010000;
6b10 : 00000000;
6b11 : C5010000;
6b12 : 656C6946;
6b13 : 61746144;
6b14 : 2D63616D;
6b15 : 01000000;
6b16 : 00000000;
6b17 : 2D63616D;
6b18 : 72646461;
6b19 : 20737365;
6b1a : 20202020;
6b1b : 01202020;
6b1c : 00000000;
6b1d : 06000000;
6b1e : 00000000;
6b1f : 00020000;
6b20 : 00000000;
6b21 : 7F020000;
6b22 : 656C6946;
6b23 : 61746144;
6b24 : 2D706673;
6b25 : 01000000;
6b26 : 00000000;
6b27 : 2D706673;
6b28 : 61746164;
6b29 : 65736162;
6b2a : 20202020;
6b2b : 01202020;
6b2c : 00000000;
6b2d : 06000000;
6b2e : 00000000;
6b2f : 80020000;
6b30 : 00000000;
6b31 : 7F030000;
6b32 : 656C6946;
6b33 : 61746144;
6b34 : 692D7277;
6b35 : 01000000;
6b36 : 00000000;
6b37 : 692D7277;
6b38 : 2074696E;
6b39 : 20202020;
6b3a : 20202020;
6b3b : 01202020;
6b3c : 00000000;
6b3d : 00000000;
6b3e : 0001C5D8;
6b3f : 000109E8;
6b40 : 0001C5E8;
6b41 : 0000E000;
6b42 : 0001C5F0;
6b43 : 0000C600;
6b44 : 0001C5FC;
6b45 : 00010908;
6b46 : 0001C608;
6b47 : 000126B0;
6b48 : 0001C60C;
6b49 : 000126B0;
6b4a : 0001C614;
6b4b : 00010864;
6b4c : 0001C61C;
6b4d : 00016738;
6b4e : 0001C62C;
6b4f : 00016738;
6b50 : 0001C634;
6b51 : 00012574;
6b52 : 64707470;
6b53 : 74656E5F;
6b54 : 635F6669;
6b55 : 74616572;
6b56 : 6F735F65;
6b57 : 74656B63;
6b58 : 00000000;
6b59 : 00000000;
6b5a : 00000000;
6b5b : 7473616D;
6b5c : 642D7265;
6b5d : 6E676169;
6b5e : 6974736F;
6b5f : 61622D63;
6b60 : 696C6573;
6b61 : 322D656E;
6b62 : 00363230;
6b63 : 00000000;
6b64 : 00000000;
6b65 : 00000000;
6b66 : 00000000;
6b67 : 00000000;
6b68 : 00000000;
6b69 : 00000000;
6b6a : 00000000;
6b6b : 00000000;
6b6c : 00000000;
6b6d : 00000000;
6b6e : 00000000;
6b6f : 00000000;
6b70 : 00000000;
6b71 : 00000000;
6b72 : 00000000;
6b73 : 00C28001;
6b74 : 00000E00;
6b75 : 0001B4AC;
6b76 : 00002148;
6b77 : 0001B448;
6b78 : 00000009;
6b79 : 0001B43C;
6b7a : 00002148;
6b7b : 0001B3EC;
6b7c : 00000009;
6b7d : 0001B3E0;
6b7e : 00002148;
6b7f : 0001B318;
6b80 : 00000009;
6b81 : 0001B30C;
6b82 : 00002148;
6b83 : 0001B1A4;
6b84 : 00000009;
6b85 : 0001B198;
6b86 : 00002148;
6b87 : 0001B10C;
6b88 : 00000009;
6b89 : 0001B100;
6b8a : 00002148;
6b8b : 0001B088;
6b8c : 00000009;
6b8d : 0001B07C;
6b8e : 00001F58;
6b8f : 0001B018;
6b90 : 0000000A;
6b91 : 0001B00C;
6b92 : 00002148;
6b93 : 0001AFD0;
6b94 : 00000009;
6b95 : 0001AFC4;
6b96 : 00002148;
6b97 : 0001AF60;
6b98 : 00000009;
6b99 : 0001AF54;
6b9a : 00002148;
6b9b : 0001AEF0;
6b9c : 00000009;
6b9d : 00000000;
6b9e : 00000000;
6b9f : 00000000;
6ba0 : 00000000;
6ba1 : 0001C63C;
6ba2 : 0001C644;
6ba3 : 0001C650;
6ba4 : 0001C65C;
6ba5 : 00000000;
6ba6 : 00000000;
6ba7 : 00000000;
6ba8 : 00000000;
6ba9 : 0001C680;
6baa : 0001C668;
6bab : 0001C674;
6bac : 0001C68C;
6bad : 0001C698;
6bae : 0001C6A4;
6baf : 36362C2C;
6bb0 : 00000000;
6bb1 : 4036362C;
6bb2 : 00003022;
6bb3 : 5F636D62;
6bb4 : 74617473;
6bb5 : 65645F65;
6bb6 : 69736963;
6bb7 : 00006E6F;
6bb8 : 65746564;
6bb9 : 6E696D72;
6bba : 69747369;
6bbb : 00000063;
6bbc : 0001F104;
6bbd : 00002D64;
6bbe : 000095CC;
6bbf : 0001F400;
6bc0 : 04000202;
6bc1 : 0001F100;
6bc2 : 00002D64;
6bc3 : 00002BDC;
6bc4 : 000203FC;
6bc5 : 51000402;
6bc6 : 0001F0FC;
6bc7 : 00002D64;
6bc8 : 00002BDC;
6bc9 : 0001F4D0;
6bca : 04000202;
6bcb : 0001F0F8;
6bcc : 00002D64;
6bcd : 00002BDC;
6bce : 0001F4CC;
6bcf : 04000202;
6bd0 : 00000000;
6bd1 : 00000000;
6bd2 : 00000000;
6bd3 : 00000000;
6bd4 : 00000000;
6bd5 : 0401062B;
6bd6 : 01656001;
6bd7 : 0000000C;
6bd8 : 0001F114;
6bd9 : 00002D64;
6bda : 000088C8;
6bdb : 0001F404;
6bdc : 04000202;
6bdd : 0001F110;
6bde : 00002D64;
6bdf : 00002BDC;
6be0 : 0001F3DC;
6be1 : 04000202;
6be2 : 0001F10C;
6be3 : 00002D64;
6be4 : 00002BDC;
6be5 : 0001F3E0;
6be6 : 04000202;
6be7 : 0001F108;
6be8 : 00002D64;
6be9 : 00002BDC;
6bea : 0001F3D8;
6beb : 04000202;
6bec : 00000000;
6bed : 00000000;
6bee : 00000000;
6bef : 00000000;
6bf0 : 00000000;
6bf1 : 0401062B;
6bf2 : 01656001;
6bf3 : 0000000A;
6bf4 : 0001F11C;
6bf5 : 00002D64;
6bf6 : 000096C0;
6bf7 : 0001F408;
6bf8 : 04000202;
6bf9 : 0001F118;
6bfa : 00002D64;
6bfb : 00002BDC;
6bfc : 00020450;
6bfd : 20000402;
6bfe : 00000000;
6bff : 00000000;
6c00 : 00000000;
6c01 : 00000000;
6c02 : 00000000;
6c03 : 0401062B;
6c04 : 01656001;
6c05 : 00000009;
6c06 : 0001F12C;
6c07 : 00008EF0;
6c08 : 00000000;
6c09 : 00000000;
6c0a : 01000401;
6c0b : 0001F128;
6c0c : 00008EF0;
6c0d : 00000000;
6c0e : 00000000;
6c0f : 01000201;
6c10 : 0001F124;
6c11 : 00008EF0;
6c12 : 00000000;
6c13 : 00000000;
6c14 : 01000201;
6c15 : 0001F120;
6c16 : 00008EF0;
6c17 : 00000000;
6c18 : 00000000;
6c19 : 01000201;
6c1a : 00000000;
6c1b : 00000000;
6c1c : 00000000;
6c1d : 00000000;
6c1e : 00000000;
6c1f : 0401062B;
6c20 : 01656001;
6c21 : 00000108;
6c22 : 0001F140;
6c23 : 00003338;
6c24 : 00000000;
6c25 : 00000001;
6c26 : 01000202;
6c27 : 0001F13C;
6c28 : 00002D10;
6c29 : 00000000;
6c2a : 00000000;
6c2b : 01000402;
6c2c : 0001F138;
6c2d : 00002D64;
6c2e : 00000000;
6c2f : 0001F320;
6c30 : 04000202;
6c31 : 0001F134;
6c32 : 00002D64;
6c33 : 00000000;
6c34 : 00020C44;
6c35 : 04004102;
6c36 : 0001F130;
6c37 : 00002D64;
6c38 : 00000000;
6c39 : 00020C48;
6c3a : 04004102;
6c3b : 00000000;
6c3c : 00000000;
6c3d : 00000000;
6c3e : 00000000;
6c3f : 00000000;
6c40 : 0401062B;
6c41 : 01656001;
6c42 : 00000007;
6c43 : 0001F158;
6c44 : 00002D64;
6c45 : 00002D90;
6c46 : 0001F410;
6c47 : 04000202;
6c48 : 0001F154;
6c49 : 00002D64;
6c4a : 00009770;
6c4b : 0001F40C;
6c4c : 04000202;
6c4d : 0001F150;
6c4e : 00002D64;
6c4f : 00002BDC;
6c50 : 00020470;
6c51 : 10000402;
6c52 : 0001F14C;
6c53 : 00002D64;
6c54 : 00002BDC;
6c55 : 00020488;
6c56 : 04000202;
6c57 : 0001F148;
6c58 : 00002D64;
6c59 : 00002BDC;
6c5a : 0002048C;
6c5b : 04000202;
6c5c : 0001F144;
6c5d : 00002D64;
6c5e : 00002BDC;
6c5f : 00020480;
6c60 : 08000202;
6c61 : 00000000;
6c62 : 00000000;
6c63 : 00000000;
6c64 : 00000000;
6c65 : 00000000;
6c66 : 0401062B;
6c67 : 01656001;
6c68 : 00000006;
6c69 : 0001F19C;
6c6a : 00002DF0;
6c6b : 00000000;
6c6c : 00000001;
6c6d : 01000202;
6c6e : 0001F198;
6c6f : 00002DF0;
6c70 : 00000000;
6c71 : 00000002;
6c72 : 01000202;
6c73 : 0001F194;
6c74 : 00002DF0;
6c75 : 00000000;
6c76 : 00000003;
6c77 : 01000202;
6c78 : 0001F190;
6c79 : 00002DF0;
6c7a : 00000000;
6c7b : 00000004;
6c7c : 01004602;
6c7d : 0001F18C;
6c7e : 00002D78;
6c7f : 00000000;
6c80 : 0001FEFC;
6c81 : 04684102;
6c82 : 0001F188;
6c83 : 00002DF0;
6c84 : 00000000;
6c85 : 00000005;
6c86 : 01004602;
6c87 : 0001F184;
6c88 : 00002DF0;
6c89 : 00000000;
6c8a : 00000006;
6c8b : 01000202;
6c8c : 0001F180;
6c8d : 00002DF0;
6c8e : 00000000;
6c8f : 00000007;
6c90 : 01000202;
6c91 : 0001F17C;
6c92 : 00002DF0;
6c93 : 00000000;
6c94 : 00000008;
6c95 : 01000202;
6c96 : 0001F178;
6c97 : 00002DF0;
6c98 : 00000000;
6c99 : 00000009;
6c9a : 01000202;
6c9b : 0001F174;
6c9c : 00002DF0;
6c9d : 00000000;
6c9e : 0000000A;
6c9f : 01004102;
6ca0 : 0001F170;
6ca1 : 00002DF0;
6ca2 : 00000000;
6ca3 : 0000000B;
6ca4 : 01004102;
6ca5 : 0001F16C;
6ca6 : 00002DF0;
6ca7 : 00000000;
6ca8 : 0000000C;
6ca9 : 01004102;
6caa : 0001F168;
6cab : 00002DF0;
6cac : 00000000;
6cad : 0000000D;
6cae : 01004602;
6caf : 0001F164;
6cb0 : 00002D64;
6cb1 : 00000000;
6cb2 : 000200B0;
6cb3 : 04004102;
6cb4 : 0001F160;
6cb5 : 00002D64;
6cb6 : 00000000;
6cb7 : 000200B4;
6cb8 : 04004102;
6cb9 : 0001F15C;
6cba : 00002D64;
6cbb : 00000000;
6cbc : 0001FF00;
6cbd : 08084602;
6cbe : 00000000;
6cbf : 00000000;
6cc0 : 00000000;
6cc1 : 00000000;
6cc2 : 00000000;
6cc3 : 0401062B;
6cc4 : 01656001;
6cc5 : 00000005;
6cc6 : 0001F1C0;
6cc7 : 00002D64;
6cc8 : 00000000;
6cc9 : 0001F7F0;
6cca : 01000202;
6ccb : 0001F1BC;
6ccc : 00002D64;
6ccd : 00000000;
6cce : 0001F800;
6ccf : 01004102;
6cd0 : 0001F1B8;
6cd1 : 00002D64;
6cd2 : 00000000;
6cd3 : 0001F7F4;
6cd4 : 01000202;
6cd5 : 0001F1B4;
6cd6 : 00002D64;
6cd7 : 00000000;
6cd8 : 0001F8B4;
6cd9 : 01000202;
6cda : 0001F1B0;
6cdb : 00002D64;
6cdc : 00000000;
6cdd : 0001F898;
6cde : 01004102;
6cdf : 0001F1AC;
6ce0 : 00002D64;
6ce1 : 00000000;
6ce2 : 0001F994;
6ce3 : 01004102;
6ce4 : 0001F1A8;
6ce5 : 00002D64;
6ce6 : 00000000;
6ce7 : 0001F854;
6ce8 : 01000202;
6ce9 : 0001F1A4;
6cea : 00002D64;
6ceb : 00000000;
6cec : 0001F8FC;
6ced : 01000202;
6cee : 0001F1A0;
6cef : 00002D64;
6cf0 : 00000000;
6cf1 : 0001F7FC;
6cf2 : 01004102;
6cf3 : 00000000;
6cf4 : 00000000;
6cf5 : 00000000;
6cf6 : 00000000;
6cf7 : 00000000;
6cf8 : 0401062B;
6cf9 : 01656001;
6cfa : 00000004;
6cfb : 0001F1CC;
6cfc : 00005244;
6cfd : 00000000;
6cfe : 00000004;
6cff : 01004602;
6d00 : 0001F1C8;
6d01 : 00005244;
6d02 : 00000000;
6d03 : 00000005;
6d04 : 01000402;
6d05 : 0001F1C4;
6d06 : 00005244;
6d07 : 00000000;
6d08 : 00000002;
6d09 : 01004302;
6d0a : 00000000;
6d0b : 00000000;
6d0c : 00000000;
6d0d : 00000000;
6d0e : 00000000;
6d0f : 0401062B;
6d10 : 01656001;
6d11 : 00000002;
6d12 : 0001F1DC;
6d13 : 00002D64;
6d14 : 00000000;
6d15 : 0001F370;
6d16 : 01000402;
6d17 : 0001F1D8;
6d18 : 00002D64;
6d19 : 00000000;
6d1a : 0001AD6C;
6d1b : 01000402;
6d1c : 0001F1D4;
6d1d : 00002D64;
6d1e : 00000000;
6d1f : 0001ADAC;
6d20 : 01000402;
6d21 : 0001F1D0;
6d22 : 00002D64;
6d23 : 00000000;
6d24 : 0001AEE0;
6d25 : 01000402;
6d26 : 00000000;
6d27 : 00000000;
6d28 : 00000000;
6d29 : 00000000;
6d2a : 00000000;
6d2b : 0401062B;
6d2c : 01656001;
6d2d : 00000001;
6d2e : ADA5301E;
6d2f : 00000001;
6d30 : 0001F36C;
6d31 : 00000014;
6d32 : 00020C50;
6d33 : 00000000;
6d34 : 00000000;
6d35 : 0001F7F0;
6d36 : 00000000;
6d37 : 0001F2F8;
6d38 : 00000000;
6d39 : 00000000;
6d3a : 00001A58;
6d3b : 00001A30;
6d3c : 00001A0C;
6d3d : 0000D0DC;
6d3e : 0000D110;
6d3f : 0000D164;
6d40 : 0000D184;
6d41 : 0000D1B4;
6d42 : 0000D52C;
6d43 : 0000D57C;
6d44 : 0000D5D0;
6d45 : 0000D768;
6d46 : 0000D79C;
6d47 : 0000D81C;
6d48 : 0000D854;
6d49 : 0000D888;
6d4a : 0000D8F0;
6d4b : 0000D92C;
6d4c : 000116B8;
6d4d : 000116D8;
6d4e : 000118B4;
6d4f : 000118D0;
6d50 : 00011990;
6d51 : 000148EC;
6d52 : 00014910;
6d53 : 00014920;
6d54 : 00014AAC;
6d55 : 00014A3C;
6d56 : 645F7070;
6d57 : 5F676169;
6d58 : 73726170;
6d59 : 00000065;
6d5a : 0001E694;
6d5b : 0001E6A0;
6d5c : 0001E6AC;
6d5d : 0001E6B8;
6d5e : 0001E63C;
6d5f : 0001E680;
6d60 : 0001E688;
6d61 : 0001E68C;
6d62 : 0001E690;
6d63 : 0001D440;
6d64 : 0001E664;
6d65 : 0001E598;
6d66 : 0001E630;
6d67 : 0001E638;
6d68 : 0001E63C;
6d69 : 0001E644;
6d6a : 0001E648;
6d6b : 0001E55C;
6d6c : 0001E564;
6d6d : 0001E64C;
6d6e : 0001E654;
6d6f : 0001E65C;
6d70 : 02000103;
6d71 : 02010101;
6d72 : 00000501;
6d73 : 00000000;
6d74 : 0001E5C0;
6d75 : 0001E5CC;
6d76 : 0001E5D8;
6d77 : 0001E5E8;
6d78 : 0001E5F4;
6d79 : 0001E600;
6d7a : 0001C5F0;
6d7b : 0001E60C;
6d7c : 0001E614;
6d7d : 0001E620;
6d7e : 0001E55C;
6d7f : 00018778;
6d80 : 00000001;
6d81 : 0001E564;
6d82 : 00018778;
6d83 : 00000000;
6d84 : 0001E56C;
6d85 : 000169F0;
6d86 : 00000001;
6d87 : 0001E570;
6d88 : 000169F0;
6d89 : 00000001;
6d8a : 0001E578;
6d8b : 00018204;
6d8c : 00000001;
6d8d : 0001C60C;
6d8e : 00018204;
6d8f : 00000002;
6d90 : 0001C62C;
6d91 : 00018204;
6d92 : 00000003;
6d93 : 0001C634;
6d94 : 00018204;
6d95 : 00000004;
6d96 : 00000000;
6d97 : 0001E578;
6d98 : 0001C60C;
6d99 : 0001C62C;
6d9a : 0001C634;
6d9b : 00000000;
6d9c : 0001E56C;
6d9d : 0001E57C;
6d9e : 0001E3E4;
6d9f : 0001E3F4;
6da0 : 0001E400;
6da1 : 0001E40C;
6da2 : 0001E418;
6da3 : 0001E424;
6da4 : 0001E36C;
6da5 : 0001E374;
6da6 : 0001E380;
6da7 : 0001E38C;
6da8 : 0001E398;
6da9 : 0001E3A4;
6daa : 0001E3B4;
6dab : 0001E3C4;
6dac : 0001E3D8;
6dad : 00011064;
6dae : 00013378;
6daf : 0000FBF4;
6db0 : 0001321C;
6db1 : 000130CC;
6db2 : 00014D74;
6db3 : 00012F60;
6db4 : 00014C08;
6db5 : 00012EF8;
6db6 : 63707277;
6db7 : 6D69745F;
6db8 : 64615F65;
6db9 : 7473756A;
6dba : 66666F5F;
6dbb : 00746573;
6dbc : 63707277;
6dbd : 6D69745F;
6dbe : 64615F65;
6dbf : 7473756A;
6dc0 : 00000000;
6dc1 : 63707277;
6dc2 : 6D69745F;
6dc3 : 65735F65;
6dc4 : 00000074;
6dc5 : 63707277;
6dc6 : 6D69745F;
6dc7 : 65675F65;
6dc8 : 00000074;
6dc9 : 00B800A8;
6dca : 00D800C8;
6dcb : 00F800E8;
6dcc : 745F7369;
6dcd : 73656D69;
6dce : 706D6174;
6dcf : 636E695F;
6dd0 : 6572726F;
6dd1 : 745F7463;
6dd2 : 73657268;
6dd3 : 00000000;
6dd4 : 755F7277;
6dd5 : 6361706E;
6dd6 : 6E615F6B;
6dd7 : 6E756F6E;
6dd8 : 00006563;
6dd9 : 705F7277;
6dda : 5F6B6361;
6ddb : 6F6E6E61;
6ddc : 65636E75;
6ddd : 00000000;
6dde : 685F7277;
6ddf : 6C646E61;
6de0 : 72645F65;
6de1 : 00007165;
6de2 : 1E1F1C1F;
6de3 : 1F1F1E1F;
6de4 : 1F1E1F1E;
6de5 : 1E1F1D1F;
6de6 : 1F1F1E1F;
6de7 : 1F1E1F1E;
6de8 : 006E614A;
6de9 : 00626546;
6dea : 0072614D;
6deb : 00727041;
6dec : 0079614D;
6ded : 006E754A;
6dee : 006C754A;
6def : 00677541;
6df0 : 00706553;
6df1 : 0074634F;
6df2 : 00766F4E;
6df3 : 00636544;
6df4 : 006E7553;
6df5 : 006E6F4D;
6df6 : 00657554;
6df7 : 00646557;
6df8 : 00756854;
6df9 : 00697246;
6dfa : 00746153;
6dfb : 0001C8AC;
6dfc : 0001E66C;
6dfd : 0001E674;
6dfe : 0001E67C;
6dff : 3F3F3F3F;
6e00 : 3F3F3F3F;
6e01 : 003F3F3F;
6e02 : 0001E5A0;
6e03 : 0001E5A8;
6e04 : 0001E5AC;
6e05 : 0001E6C0;
6e06 : 735F7277;
6e07 : 65746174;
6e08 : 6168635F;
6e09 : 0065676E;
6e0a : 5F687277;
6e0b : 76726573;
6e0c : 6E695F6F;
6e0d : 00007469;
6e0e : 00000000;
6e0f : 00000000;
6e10 : 00000000;
6e11 : 00000000;
6e12 : 00000000;
6e13 : 00000000;
6e14 : 00000000;
6e15 : 00000000;
6e16 : 00000000;
6e17 : 00000000;
6e18 : 00000000;
6e19 : 00016614;
6e1a : 00000000;
6e1b : 00000000;
6e1c : 00000000;
6e1d : 00000000;
6e1e : 00000000;
6e1f : 00000000;
6e20 : 00000000;
6e21 : 00000000;
6e22 : 00000000;
6e23 : 00000000;
6e24 : 00000000;
6e25 : 000166D4;
6e26 : 0000C5E8;
6e27 : 695F7070;
6e28 : 6974696E;
6e29 : 7A696C61;
6e2a : 00676E69;
6e2b : 625F7277;
6e2c : 5F61636D;
6e2d : 00003173;
6e2e : 00191B01;
6e2f : 00000000;
6e30 : 00000000;
6e31 : 0101002C;
6e32 : 00000100;
6e33 : 00000001;
6e34 : 0101002C;
6e35 : 00007F01;
6e36 : 00000002;
6e37 : 02010036;
6e38 : 00007F05;
6e39 : 00000003;
6e3a : 02010036;
6e3b : 00007F05;
6e3c : 00000008;
6e3d : 0100002C;
6e3e : 00000102;
6e3f : 00000009;
6e40 : 01000036;
6e41 : 00000203;
6e42 : 0000000A;
6e43 : 02000036;
6e44 : 00007F05;
6e45 : 0000000B;
6e46 : 01000040;
6e47 : 00000005;
6e48 : 0000000C;
6e49 : 0100FFFF;
6e4a : 00007F05;
6e4b : 0000000C;
6e4c : 0200FFFF;
6e4d : 00007F05;
6e4e : 0000000D;
6e4f : 0100FFFF;
6e50 : 00007F04;
6e51 : 00000000;
6e52 : 1B010000;
6e53 : 00000019;
6e54 : 00C28001;
6e55 : 00000E00;
6e56 : 63707277;
6e57 : 74656E5F;
6e58 : 6E65735F;
6e59 : 00000064;
6e5a : 0001E5A0;
6e5b : 0001E5A8;
6e5c : 0001E5AC;
6e5d : 0001E5B4;
6e5e : 0001E5BC;
6e5f : 76616C73;
6e60 : 61685F65;
6e61 : 656C646E;
6e62 : 6C6F665F;
6e63 : 75776F6C;
6e64 : 00000070;
6e65 : 76616C73;
6e66 : 61685F65;
6e67 : 656C646E;
6e68 : 6E79735F;
6e69 : 00000063;
6e6a : 685F7277;
6e6b : 6C646E61;
6e6c : 79735F65;
6e6d : 0000636E;
6e6e : 685F7277;
6e6f : 6C646E61;
6e70 : 6F665F65;
6e71 : 776F6C6C;
6e72 : 00007075;
6e73 : 00000000;
6e74 : 00012BBC;
6e75 : 00000000;
6e76 : 00000000;
6e77 : 00000000;
6e78 : 00000000;
6e79 : 00000000;
6e7a : 00000000;
6e7b : 00000000;
6e7c : 00000000;
6e7d : 00000000;
6e7e : 00016734;
6e7f : 0000C5E8;
6e80 : 76616C73;
6e81 : 61685F65;
6e82 : 656C646E;
6e83 : 7365725F;
6e84 : 736E6F70;
6e85 : 00000065;
6e86 : 685F7277;
6e87 : 6C646E61;
6e88 : 65725F65;
6e89 : 00007073;
6e8a : 72775F5F;
6e8b : 65735F68;
6e8c : 5F6F7672;
6e8d : 61647075;
6e8e : 00006574;
6e8f : 72775F5F;
6e90 : 65735F68;
6e91 : 5F6F7672;
6e92 : 61647075;
6e93 : 00006574;
6e94 : 745F7070;
6e95 : 5F656D69;
6e96 : 64726168;
6e97 : 69726177;
6e98 : 0000657A;
6e99 : 0001C8A8;
6e9a : 0001E590;
6e9b : 0001C8AC;
6e9c : 0001E598;
6e9d : 00000050;
6e9e : 0001E548;
6e9f : 00000057;
6ea0 : 0001E54C;
6ea1 : 0001E438;
6ea2 : 0001E43C;
6ea3 : 0001E440;
6ea4 : 0001E444;
6ea5 : 00000000;
6ea6 : 0001E4D0;
6ea7 : 0001E4DC;
6ea8 : 0001E4E8;
6ea9 : 0001E4F4;
6eaa : 0001E500;
6eab : 0001E50C;
6eac : 0001E518;
6ead : 0001E524;
6eae : 0001E530;
6eaf : 0001E53C;
6eb0 : 00000000;
6eb1 : 0001E470;
6eb2 : 0001D7E8;
6eb3 : 0001E47C;
6eb4 : 0001E488;
6eb5 : 0001E494;
6eb6 : 0001E4A0;
6eb7 : 0001E4AC;
6eb8 : 0001E4B8;
6eb9 : 0001E4C4;
6eba : 00000000;
6ebb : 0001E448;
6ebc : 0001E450;
6ebd : 0001E458;
6ebe : 0001E460;
6ebf : 0001E468;
6ec0 : 5F636D62;
6ec1 : 6F706F74;
6ec2 : 79676F6C;
6ec3 : 706D635F;
6ec4 : 00000000;
6ec5 : 5F636D62;
6ec6 : 635F6D67;
6ec7 : 0000706D;
6ec8 : 5F636D62;
6ec9 : 61746164;
6eca : 5F746573;
6ecb : 00706D63;
6ecc : 5F636D62;
6ecd : 5F646461;
6ece : 6E677266;
6ecf : 73616D5F;
6ed0 : 00726574;
6ed1 : 76616C73;
6ed2 : 61685F65;
6ed3 : 656C646E;
6ed4 : 6E6E615F;
6ed5 : 636E756F;
6ed6 : 00000065;
6ed7 : 00012044;
6ed8 : 00000000;
6ed9 : 00000000;
6eda : 00000000;
6edb : 00000000;
6edc : 00000000;
6edd : 00000000;
6ede : 00000000;
6edf : 00011F10;
6ee0 : 0001430C;
6ee1 : 00000000;
6ee2 : 00016558;
6ee3 : 0000C5E8;
6ee4 : 00017BE8;
6ee5 : 00017C58;
6ee6 : 00017DD4;
6ee7 : 00017DD4;
6ee8 : 00017DD4;
6ee9 : 00017DD4;
6eea : 00017DD4;
6eeb : 00017DD4;
6eec : 00017C78;
6eed : 00017C98;
6eee : 00017DD4;
6eef : 00017CD4;
6ef0 : 00017DAC;
6ef1 : 00000000;
6ef2 : 00300008;
6ef3 : 0001F0D4;
6ef4 : 0001D7E0;
6ef5 : 0001D7D4;
6ef6 : 0001D7BC;
6ef7 : 0001DA68;
6ef8 : 0001F0E4;
6ef9 : 0001F0B0;
6efa : 0001F0BC;
6efb : 0001F0C8;
6efc : 0001F01C;
6efd : 00000003;
6efe : 0001F024;
6eff : 00000003;
6f00 : 0001F030;
6f01 : 00000000;
6f02 : 0001F034;
6f03 : 00000003;
6f04 : 0001F040;
6f05 : 00000003;
6f06 : 0001F04C;
6f07 : 00000003;
6f08 : 0001F054;
6f09 : 00000001;
6f0a : 0001F060;
6f0b : 00000001;
6f0c : 0001F06C;
6f0d : 00000000;
6f0e : 0001F078;
6f0f : 00000001;
6f10 : 0001F084;
6f11 : 00000001;
6f12 : 0001F090;
6f13 : 00000001;
6f14 : 00000000;
6f15 : 0001EFF4;
6f16 : 0001EFFC;
6f17 : 0001EE3C;
6f18 : 0001F008;
6f19 : 0001F010;
6f1a : 0001D0EC;
6f1b : 0001F018;
6f1c : 00000106;
6f1d : C71D2107;
6f1e : 010101A0;
6f1f : 0001F098;
6f20 : C71DFEBB;
6f21 : 000001A0;
6f22 : 0001F0A4;
6f23 : 000000C1;
6f24 : C71DFEC1;
6f25 : 000000A0;
6f26 : 0001F098;
6f27 : C71DFEC1;
6f28 : 000000A0;
6f29 : 0001F0A4;
6f2a : 5F636D62;
6f2b : 636C6163;
6f2c : 74616C75;
6f2d : 62655F65;
6f2e : 00747365;
6f2f : 5F636D62;
6f30 : 5F796E61;
6f31 : 74726F70;
6f32 : 696E695F;
6f33 : 6C616974;
6f34 : 6E697A69;
6f35 : 00000067;
6f36 : 5F636D62;
6f37 : 73756C66;
6f38 : 72665F68;
6f39 : 6D5F6E67;
6f3a : 65747361;
6f3b : 00000072;
6f3c : 5F636D62;
6f3d : 61647075;
6f3e : 655F6574;
6f3f : 74736562;
6f40 : 00000000;
6f41 : 745F7070;
6f42 : 6F656D69;
6f43 : 695F7475;
6f44 : 0074696E;
6f45 : 000081BC;
6f46 : 00008270;
6f47 : 000080B0;
6f48 : 00000000;
6f49 : 00000100;
6f4a : 00000200;
6f4b : 00000300;
6f4c : 00170000;
6f4d : 002E0000;
6f4e : 00600000;
6f4f : FFFFFFFF;
6f50 : 0001134C;
6f51 : 0000C71C;
6f52 : 00011CBC;
6f53 : 00011494;
6f54 : 00000000;
6f55 : 0000C784;
6f56 : 0000C768;
6f57 : 0000C758;
6f58 : 0000E3D0;
6f59 : 0000E33C;
6f5a : 0000E2E4;
6f5b : 0000E260;
6f5c : 00000000;
6f5d : 00000000;
6f5e : 0000C748;
6f5f : 00016FB0;
6f60 : 00016A78;
6f61 : 00000000;
6f62 : 00000000;
6f63 : 00000000;
6f64 : 00000000;
6f65 : 00000000;
6f66 : 00000000;
6f67 : 00000000;
6f68 : 00000000;
6f69 : 00000000;
6f6a : 00000000;
6f6b : 00000001;
6f6c : 00000001;
6f6d : 00000003;
6f6e : 00000000;
6f6f : 00000000;
6f70 : 00000000;
6f71 : 00000000;
6f72 : 00000000;
6f73 : 00000000;
6f74 : 00000000;
6f75 : 00000000;
6f76 : 00000000;
6f77 : 00000000;
6f78 : 00000000;
6f79 : 00000000;
6f7a : 00000000;
6f7b : 00000000;
6f7c : 00000007;
6f7d : 00000000;
6f7e : 0000E8D0;
6f7f : 0000E20C;
6f80 : 00000000;
6f81 : 00000000;
6f82 : 0000FFBC;
6f83 : 000144A0;
6f84 : 00000000;
6f85 : 00012250;
6f86 : 000122AC;
6f87 : 00000000;
6f88 : 00000000;
6f89 : 00000000;
6f8a : 0000E84C;
6f8b : 0000E71C;
6f8c : 0000E59C;
6f8d : 0000C6E0;
6f8e : 00000000;
6f8f : 0000FD80;
6f90 : 0000E0DC;
6f91 : 0000FEEC;
6f92 : 0000C6AC;
6f93 : 0000C6AC;
6f94 : 0000C6A4;
6f95 : 0000C6B8;
6f96 : 0000E8AC;
6f97 : 0000C670;
6f98 : 000111CC;
6f99 : 02020100;
6f9a : 03030303;
6f9b : 04040404;
6f9c : 04040404;
6f9d : 05050505;
6f9e : 05050505;
6f9f : 05050505;
6fa0 : 05050505;
6fa1 : 06060606;
6fa2 : 06060606;
6fa3 : 06060606;
6fa4 : 06060606;
6fa5 : 06060606;
6fa6 : 06060606;
6fa7 : 06060606;
6fa8 : 06060606;
6fa9 : 07070707;
6faa : 07070707;
6fab : 07070707;
6fac : 07070707;
6fad : 07070707;
6fae : 07070707;
6faf : 07070707;
6fb0 : 07070707;
6fb1 : 07070707;
6fb2 : 07070707;
6fb3 : 07070707;
6fb4 : 07070707;
6fb5 : 07070707;
6fb6 : 07070707;
6fb7 : 07070707;
6fb8 : 07070707;
6fb9 : 08080808;
6fba : 08080808;
6fbb : 08080808;
6fbc : 08080808;
6fbd : 08080808;
6fbe : 08080808;
6fbf : 08080808;
6fc0 : 08080808;
6fc1 : 08080808;
6fc2 : 08080808;
6fc3 : 08080808;
6fc4 : 08080808;
6fc5 : 08080808;
6fc6 : 08080808;
6fc7 : 08080808;
6fc8 : 08080808;
6fc9 : 08080808;
6fca : 08080808;
6fcb : 08080808;
6fcc : 08080808;
6fcd : 08080808;
6fce : 08080808;
6fcf : 08080808;
6fd0 : 08080808;
6fd1 : 08080808;
6fd2 : 08080808;
6fd3 : 08080808;
6fd4 : 08080808;
6fd5 : 08080808;
6fd6 : 08080808;
6fd7 : 08080808;
6fd8 : 08080808;
6fd9 : 4C554E3C;
6fda : 00003E4C;
6fdb : 67616964;
6fdc : 6D73662D;
6fdd : 252D312D;
6fde : 25203A73;
6fdf : 2E643930;
6fe0 : 64333025;
6fe1 : 0000203A;
6fe2 : 5641454C;
6fe3 : 73252045;
6fe4 : 656E2820;
6fe5 : 203A7478;
6fe6 : 29693325;
6fe7 : 00000A0A;
6fe8 : 656C6966;
6fe9 : 656D616E;
6fea : 7325203A;
6feb : 6966203B;
6fec : 3A747372;
6fed : 3B782520;
6fee : 73616C20;
6fef : 25203A74;
6ff0 : 00000A78;
6ff1 : 6D726F46;
6ff2 : 69747461;
6ff3 : 5320676E;
6ff4 : 53464244;
6ff5 : 61622820;
6ff6 : 30206573;
6ff7 : 38302578;
6ff8 : 73202C78;
6ff9 : 20657A69;
6ffa : 30257830;
6ffb : 2E297838;
6ffc : 000A2E2E;
6ffd : 69726556;
6ffe : 61636966;
6fff : 6E6F6974;
7000 : 0A2E2E2E;
7001 : 00000000;
7002 : 6F727245;
7003 : 000A2E72;
7004 : 0A2E4B4F;
7005 : 00000000;
7006 : 3A706673;
7007 : 726F6320;
7008 : 74707572;
7009 : 63206465;
700a : 6B636568;
700b : 0A6D7573;
700c : 00000000;
700d : 69646441;
700e : 6E20676E;
700f : 53207765;
7010 : 65205046;
7011 : 7972746E;
7012 : 0000000A;
7013 : 61647055;
7014 : 65206574;
7015 : 74736978;
7016 : 20676E69;
7017 : 20504653;
7018 : 72746E65;
7019 : 00000A79;
701a : 6C756F43;
701b : 6F6E2064;
701c : 72652074;
701d : 20657361;
701e : 000A4244;
701f : 53545852;
7020 : 6C616320;
7021 : 61726269;
7022 : 6E6F6974;
7023 : 72726520;
7024 : 0A2E726F;
7025 : 00000000;
7026 : 74696157;
7027 : 20676E69;
7028 : 20726F66;
7029 : 6B6E696C;
702a : 0A2E2E2E;
702b : 00000000;
702c : 6B636F4C;
702d : 20676E69;
702e : 2E4C4C50;
702f : 000A2E2E;
7030 : 696C6143;
7031 : 74617262;
7032 : 20676E69;
7033 : 74205852;
7034 : 73656D69;
7035 : 706D6174;
7036 : 2E2E7265;
7037 : 00000A2E;
7038 : 6E6F7257;
7039 : 46532067;
703a : 68632050;
703b : 736B6365;
703c : 25206D75;
703d : 00000A73;
703e : 63746566;
703f : 676E6968;
7040 : 61696420;
7041 : 77725F67;
7042 : 726F775F;
7043 : 000A7364;
7044 : 63746566;
7045 : 676E6968;
7046 : 61696420;
7047 : 6F725F67;
7048 : 726F775F;
7049 : 000A7364;
704a : 63657845;
704b : 20657475;
704c : 6D6D6F63;
704d : 20646E61;
704e : 6D6F7266;
704f : 4D4E5320;
7050 : 22203A50;
7051 : 0A227325;
7052 : 00000000;
7053 : 504D4E53;
7054 : 6D65203A;
7055 : 20797470;
7056 : 74696E69;
7057 : 6E696C20;
7058 : 00000A65;
7059 : 504D4E53;
705a : 4653203A;
705b : 70752050;
705c : 65746164;
705d : 6E692064;
705e : 6D656D20;
705f : 2C79726F;
7060 : 73657220;
7061 : 74726174;
7062 : 50545020;
7063 : 0000000A;
7064 : 6E726157;
7065 : 3A676E69;
7066 : 6E694D20;
7067 : 40206369;
7068 : 72207825;
7069 : 69656365;
706a : 20646576;
706b : 6F727265;
706c : 756F656E;
706d : 72662073;
706e : 2C656D61;
706f : 0A782520;
7070 : 00000000;
7071 : 6E726157;
7072 : 3A676E69;
7073 : 6E694D20;
7074 : 52206369;
7075 : 69662078;
7076 : 66206F66;
7077 : 2C6C6C75;
7078 : 70786520;
7079 : 20746365;
707a : 6E6F7277;
707b : 72662067;
707c : 73656D61;
707d : 0000000A;
707e : 41564E49;
707f : 0044494C;
7080 : 3A6B6E6C;
7081 : 72206425;
7082 : 64253A78;
7083 : 3A787420;
7084 : 00206425;
7085 : 6B636F6C;
7086 : 2064253A;
7087 : 00000000;
7088 : 3A707470;
7089 : 00207325;
708a : 253A7673;
708b : 00002064;
708c : 273A7373;
708d : 20277325;
708e : 00000000;
708f : 25787561;
7090 : 30253A64;
7091 : 30257838;
7092 : 00207838;
7093 : 3A636573;
7094 : 6E206425;
7095 : 3A636573;
7096 : 64393025;
7097 : 00000020;
7098 : 253A756D;
7099 : 0020644C;
709a : 3A736D64;
709b : 20644C25;
709c : 00000000;
709d : 6D787464;
709e : 2064253A;
709f : 6D787264;
70a0 : 2064253A;
70a1 : 00000000;
70a2 : 73787464;
70a3 : 2064253A;
70a4 : 73787264;
70a5 : 2064253A;
70a6 : 00000000;
70a7 : 6D797361;
70a8 : 644C253A;
70a9 : 00000020;
70aa : 74747263;
70ab : 644C253A;
70ac : 00000020;
70ad : 3A6F6B63;
70ae : 00206425;
70af : 70746573;
70b0 : 2064253A;
70b1 : 00000000;
70b2 : 746E6375;
70b3 : 2064253A;
70b4 : 00000000;
70b5 : 696C7362;
70b6 : 253A6564;
70b7 : 00002064;
70b8 : 3A736573;
70b9 : 00207525;
70ba : 3A6F6573;
70bb : 00207525;
70bc : 72646573;
70bd : 2075253A;
70be : 00000000;
70bf : 253A6468;
70c0 : 646D2064;
70c1 : 2064253A;
70c2 : 253A6461;
70c3 : 00002064;
70c4 : 203A7325;
70c5 : 73206F6E;
70c6 : 656B636F;
70c7 : 6C732074;
70c8 : 2073746F;
70c9 : 7466656C;
70ca : 0000000A;
70cb : 00307277;
70cc : 70646C6C;
70cd : 64707520;
70ce : 0A657461;
70cf : 00000000;
70d0 : 6E726157;
70d1 : 3A676E69;
70d2 : 20787420;
70d3 : 656D6974;
70d4 : 6D617473;
70d5 : 656E2070;
70d6 : 20726576;
70d7 : 61636562;
70d8 : 6120656D;
70d9 : 6C696176;
70da : 656C6261;
70db : 0000000A;
70dc : 6E726157;
70dd : 3A676E69;
70de : 20787420;
70df : 20746F6E;
70e0 : 6D726574;
70e1 : 74616E69;
70e2 : 69206465;
70e3 : 6E69666E;
70e4 : 20657469;
70e5 : 3D72636D;
70e6 : 78257830;
70e7 : 0000000A;
70e8 : 63736944;
70e9 : 7265766F;
70ea : 49206465;
70eb : 64612050;
70ec : 73657264;
70ed : 25282073;
70ee : 64252E64;
70ef : 2E64252E;
70f0 : 21296425;
70f1 : 0000000A;
70f2 : 56434552;
70f3 : 32302520;
70f4 : 79622064;
70f5 : 20736574;
70f6 : 25207461;
70f7 : 252E6439;
70f8 : 2E643930;
70f9 : 64333025;
70fa : 79742820;
70fb : 25206570;
70fc : 25202C78;
70fd : 000A2973;
70fe : 45544E45;
70ff : 73252052;
7100 : 6170202C;
7101 : 74656B63;
7102 : 6E656C20;
7103 : 0A692520;
7104 : 00000000;
7105 : 6E6F7257;
7106 : 6F642067;
7107 : 6E69616D;
7108 : 3A692520;
7109 : 73696420;
710a : 64726163;
710b : 0000000A;
710c : 65746C41;
710d : 74616E72;
710e : 616D2065;
710f : 72657473;
7110 : 6964203A;
7111 : 72616373;
7112 : 00000A64;
7113 : 706F6F4C;
7114 : 20676E69;
7115 : 6D617266;
7116 : 64203A65;
7117 : 61637369;
7118 : 000A6472;
7119 : 206D7366;
711a : 20726F66;
711b : 203A7325;
711c : 6F727245;
711d : 69252072;
711e : 206E6920;
711f : 000A7325;
7120 : 74746542;
7121 : 4D207265;
7122 : 65747361;
7123 : 6E6F2072;
7124 : 6D617320;
7125 : 6C432065;
7126 : 206B636F;
7127 : 74726F50;
7128 : 00644920;
7129 : 203A7325;
712a : 252E7325;
712b : 0A783430;
712c : 00000000;
712d : 696B6154;
712e : 7220676E;
712f : 206C6165;
7130 : 73656245;
7131 : 74612074;
7132 : 726F7020;
7133 : 69252074;
7134 : 726F6620;
7135 : 6E676965;
7136 : 73616D20;
7137 : 20726574;
7138 : 252F6925;
7139 : 00000A69;
713a : 72206F4E;
713b : 206C6165;
713c : 73656245;
713d : 00000A74;
713e : 203A7325;
713f : 73736170;
7140 : 20657669;
7141 : 000A3170;
7142 : 203A7325;
7143 : 7473616D;
7144 : 6D207265;
7145 : 00000A32;
7146 : 203A7325;
7147 : 6F727265;
7148 : 00000A72;
7149 : 203A7325;
714a : 73736170;
714b : 20657669;
714c : 000A3270;
714d : 203A7325;
714e : 7473616D;
714f : 6D207265;
7150 : 00000A31;
7151 : 62616E45;
7152 : 7420656C;
7153 : 6E696D69;
7154 : 756F2067;
7155 : 74757074;
7156 : 72472820;
7157 : 20646E61;
7158 : 7473616D;
7159 : 62207265;
715a : 4D422079;
715b : 0A294143;
715c : 00000000;
715d : 203A7325;
715e : 7473616D;
715f : 6D207265;
7160 : 00000A33;
7161 : 203A7325;
7162 : 76616C73;
7163 : 31732065;
7164 : 0000000A;
7165 : 2077656E;
7166 : 65726F66;
7167 : 206E6769;
7168 : 7473616D;
7169 : 202C7265;
716a : 6E616863;
716b : 74206567;
716c : 6E75206F;
716d : 696C6163;
716e : 74617262;
716f : 000A6465;
7170 : 203A7325;
7171 : 6E656572;
7172 : 20726574;
7173 : 25206E69;
7174 : 736D2069;
7175 : 0000000A;
7176 : 74696E69;
7177 : 696C6169;
7178 : 676E697A;
7179 : 00000000;
717a : 6C756166;
717b : 00007974;
717c : 61736964;
717d : 64656C62;
717e : 00000000;
717f : 7473696C;
7180 : 6E696E65;
7181 : 00000067;
7182 : 2D657270;
7183 : 7473616D;
7184 : 00007265;
7185 : 73736170;
7186 : 00657669;
7187 : 61636E75;
7188 : 7262696C;
7189 : 64657461;
718a : 00000000;
718b : 76616C73;
718c : 00000065;
718d : 63736261;
718e : 00006C61;
718f : 636E7973;
7190 : 00000000;
7191 : 616C6564;
7192 : 65725F79;
7193 : 00000071;
7194 : 6C656470;
7195 : 725F7961;
7196 : 00007165;
7197 : 6C656470;
7198 : 725F7961;
7199 : 00707365;
719a : 616C6564;
719b : 65725F79;
719c : 00007073;
719d : 6C656470;
719e : 725F7961;
719f : 5F707365;
71a0 : 6C6C6F66;
71a1 : 755F776F;
71a2 : 00000070;
71a3 : 6F6E6E61;
71a4 : 65636E75;
71a5 : 00000000;
71a6 : 6E676973;
71a7 : 6E696C61;
71a8 : 00000067;
71a9 : 616E616D;
71aa : 656D6567;
71ab : 0000746E;
71ac : 64255B1B;
71ad : 6664253B;
71ae : 00000000;
71af : 25305B1B;
71b0 : 25333B64;
71b1 : 00006D64;
71b2 : 49535050;
71b3 : 72657620;
71b4 : 69736F62;
71b5 : 203A7974;
71b6 : 6C383025;
71b7 : 00000A78;
71b8 : 203A7325;
71b9 : 6F727265;
71ba : 61702072;
71bb : 6E697372;
71bc : 25222067;
71bd : 000A2273;
71be : 4A325B1B;
71bf : 3B315B1B;
71c0 : 00004831;
71c1 : 000A7525;
71c2 : 65736572;
71c3 : 00000074;
71c4 : 0078616D;
71c5 : 6E697270;
71c6 : 61745F74;
71c7 : 745F6B73;
71c8 : 5F656D69;
71c9 : 65726874;
71ca : 6C6F6873;
71cb : 64252064;
71cc : 0000000A;
71cd : 65746920;
71ce : 69746172;
71cf : 20736E6F;
71d0 : 20202020;
71d1 : 6F636573;
71d2 : 2E73646E;
71d3 : 7263696D;
71d4 : 2020736F;
71d5 : 616D2020;
71d6 : 736D5F78;
71d7 : 6D616E20;
71d8 : 00000A65;
71d9 : 39252020;
71da : 2020696C;
71db : 6C392520;
71dc : 30252E69;
71dd : 20696C36;
71de : 646C3925;
71df : 0A732520;
71e0 : 00000000;
71e1 : 43205257;
71e2 : 2065726F;
71e3 : 6C697562;
71e4 : 25203A64;
71e5 : 75282073;
71e6 : 7075736E;
71e7 : 74726F70;
71e8 : 64206465;
71e9 : 6C657665;
71ea : 7265706F;
71eb : 69756220;
71ec : 0A29646C;
71ed : 00000000;
71ee : 65746544;
71ef : 6E696D72;
71f0 : 69747369;
71f1 : 69622063;
71f2 : 7972616E;
71f3 : 69756220;
71f4 : 000A646C;
71f5 : 43534952;
71f6 : 00000056;
71f7 : 6C697542;
71f8 : 6F662074;
71f9 : 73252072;
71fa : 6425202C;
71fb : 20426B20;
71fc : 2C4D4152;
71fd : 61747320;
71fe : 69206B63;
71ff : 64252073;
7200 : 74796220;
7201 : 000A7365;
7202 : 4E524157;
7203 : 3A474E49;
7204 : 72616820;
7205 : 72617764;
7206 : 61732065;
7207 : 25207379;
7208 : 20426B69;
7209 : 52203D3C;
720a : 3C204D41;
720b : 6B692520;
720c : 00000A42;
720d : 69617641;
720e : 6C62616C;
720f : 6F632065;
7210 : 6E616D6D;
7211 : 0A3A7364;
7212 : 00000000;
7213 : 67617375;
7214 : 000A3A65;
7215 : 20732520;
7216 : 000A7325;
7217 : 64256325;
7218 : 3130252E;
7219 : 756C6C38;
721a : 00000000;
721b : 6C256325;
721c : 252E646C;
721d : 00643330;
721e : 64257325;
721f : 3930252E;
7220 : 33302564;
7221 : 00000064;
7222 : 6E492D2D;
7223 : 72726F63;
7224 : 2D746365;
7225 : 0000002D;
7226 : 73207325;
7227 : 00006365;
7228 : 6E207325;
7229 : 00002073;
722a : 00746567;
722b : 00746573;
722c : 28206925;
722d : 22732522;
722e : 756F2029;
722f : 666F2074;
7230 : 6E617220;
7231 : 000A6567;
7232 : 0066666F;
7233 : 72727563;
7234 : 20746E65;
7235 : 6E616C76;
7236 : 6925203A;
7237 : 78302820;
7238 : 0A297825;
7239 : 00000000;
723a : 72466E55;
723b : 697A6565;
723c : 5320676E;
723d : 204C4C50;
723e : 73616870;
723f : 68732065;
7240 : 65746669;
7241 : 00000A72;
7242 : 65657246;
7243 : 676E697A;
7244 : 4C505320;
7245 : 6870204C;
7246 : 20657361;
7247 : 66696873;
7248 : 20726574;
7249 : 70207461;
724a : 65736168;
724b : 20642520;
724c : 000A7370;
724d : 65657246;
724e : 676E697A;
724f : 4C505320;
7250 : 6870204C;
7251 : 20657361;
7252 : 66696873;
7253 : 00726574;
7254 : 65657246;
7255 : 676E697A;
7256 : 4C505320;
7257 : 4356204C;
7258 : 6F63204F;
7259 : 6F72746E;
725a : 0000006C;
725b : 62616E65;
725c : 7020656C;
725d : 63617274;
725e : 2072656B;
725f : 000A6425;
7260 : 61727470;
7261 : 25206B63;
7262 : 65203A64;
7263 : 6425206E;
7264 : 20646920;
7265 : 72206425;
7266 : 79646165;
7267 : 20642520;
7268 : 73616870;
7269 : 64252065;
726a : 64252820;
726b : 29737020;
726c : 67766120;
726d : 0A642520;
726e : 00000000;
726f : 6D726F46;
7270 : 69747461;
7271 : 7520676E;
7272 : 676E6973;
7273 : 00000020;
7274 : 61666564;
7275 : 20746C75;
7276 : 61636F6C;
7277 : 6E6F6974;
7278 : 0000000A;
7279 : 61636F6C;
727a : 6E6F6974;
727b : 25783020;
727c : 00000A58;
727d : 73617245;
727e : 20676E69;
727f : 6E697375;
7280 : 00002067;
7281 : 66626473;
7282 : 6E6F2073;
7283 : 0A732520;
7284 : 00000000;
7285 : 53206F6E;
7286 : 53464244;
7287 : 0000000A;
7288 : 656C6966;
7289 : 25783020;
728a : 20783830;
728b : 30252040;
728c : 252D7838;
728d : 2C783830;
728e : 6D616E20;
728f : 31252065;
7290 : 000A7339;
7291 : 6E756F46;
7292 : 68702064;
7293 : 20657361;
7294 : 6E617274;
7295 : 69746973;
7296 : 69206E6F;
7297 : 4545206E;
7298 : 4D4F5250;
7299 : 6425203A;
729a : 000A7370;
729b : 7361654D;
729c : 6E697275;
729d : 32742067;
729e : 2034742F;
729f : 73616870;
72a0 : 72742065;
72a1 : 69736E61;
72a2 : 6E6F6974;
72a3 : 0A2E2E2E;
72a4 : 00000000;
72a5 : 74746553;
72a6 : 20676E69;
72a7 : 696C6163;
72a8 : 74617262;
72a9 : 206E6F69;
72aa : 61726170;
72ab : 6574656D;
72ac : 73252072;
72ad : 78305B20;
72ae : 205D7825;
72af : 25206F74;
72b0 : 00000A64;
72b1 : 6B6E553C;
72b2 : 6E776F6E;
72b3 : 0000003E;
72b4 : 74666F73;
72b5 : 3A6C6C70;
72b6 : 646F6D20;
72b7 : 64253A65;
72b8 : 71657320;
72b9 : 2073253A;
72ba : 65725F6E;
72bb : 64252066;
72bc : 6F5F6E20;
72bd : 25207475;
72be : 00000A64;
72bf : 73717269;
72c0 : 2064253A;
72c1 : 67696C61;
72c2 : 6E656D6E;
72c3 : 74735F74;
72c4 : 3A657461;
72c5 : 48206425;
72c6 : 2064254C;
72c7 : 64254C4D;
72c8 : 3D594820;
72c9 : 4D206425;
72ca : 64253D59;
72cb : 6C654420;
72cc : 3D746E43;
72cd : 73206425;
72ce : 6F707465;
72cf : 3A746E69;
72d0 : 72206425;
72d1 : 6E636665;
72d2 : 64253A74;
72d3 : 67617420;
72d4 : 3A746E63;
72d5 : 68206425;
72d6 : 3A706B5F;
72d7 : 68206425;
72d8 : 3A696B5F;
72d9 : 68206425;
72da : 6968735F;
72db : 253A7466;
72dc : 00002064;
72dd : 706B5F6D;
72de : 2064253A;
72df : 696B5F6D;
72e0 : 2064253A;
72e1 : 68735F6D;
72e2 : 3A746669;
72e3 : 68206425;
72e4 : 636F6C5F;
72e5 : 75645F6B;
72e6 : 69746172;
72e7 : 253A6E6F;
72e8 : 5F6D2064;
72e9 : 71657266;
72ea : 636F6C5F;
72eb : 75645F6B;
72ec : 69746172;
72ed : 253A6E6F;
72ee : 5F6D2064;
72ef : 73616870;
72f0 : 6F6C5F65;
72f1 : 645F6B63;
72f2 : 74617275;
72f3 : 3A6E6F69;
72f4 : 00006425;
72f5 : 69616720;
72f6 : 63735F6E;
72f7 : 3A646568;
72f8 : 252F6425;
72f9 : 00000064;
72fa : 74666F73;
72fb : 3A6C6C70;
72fc : 58554120;
72fd : 203A6425;
72fe : 25206870;
72ff : 65732064;
7300 : 64252071;
7301 : 206E6520;
7302 : 6C206425;
7303 : 206B636F;
7304 : 73206425;
7305 : 6C706D61;
7306 : 25207365;
7307 : 52452064;
7308 : 64253D52;
7309 : 253D5920;
730a : 00000A64;
730b : 74666F73;
730c : 3A6C6C70;
730d : 72747020;
730e : 656B6361;
730f : 3A642572;
7310 : 616E6520;
7311 : 64656C62;
7312 : 20642520;
7313 : 76615F6E;
7314 : 64252067;
7315 : 6C617620;
7316 : 25206575;
7317 : 00000A64;
7318 : 25206425;
7319 : 00000A64;
731a : 74617473;
731b : 69747369;
731c : 6E207363;
731d : 6F20776F;
731e : 000A6666;
731f : 00737462;
7320 : 70206425;
7321 : 00000A73;
7322 : 20787541;
7323 : 67616964;
7324 : 74736F6E;
7325 : 20736369;
7326 : 6F666E69;
7327 : 00000A3A;
7328 : 203A6469;
7329 : 252E6425;
732a : 72202C64;
732b : 7720772F;
732c : 7364726F;
732d : 6425203A;
732e : 2F72202C;
732f : 6F77206F;
7330 : 3A736472;
7331 : 0A642520;
7332 : 00000000;
7333 : 006C6C61;
7334 : 77204F52;
7335 : 2064726F;
7336 : 64332D25;
7337 : 30203D20;
7338 : 38302578;
7339 : 00000A78;
733a : 77205752;
733b : 2064726F;
733c : 64332D25;
733d : 30203D20;
733e : 38302578;
733f : 00000A78;
7340 : 00006F72;
7341 : 64726F57;
7342 : 20642520;
7343 : 30207369;
7344 : 38302578;
7345 : 00000A78;
7346 : 00007772;
7347 : 00000077;
7348 : 756C6156;
7349 : 78302065;
734a : 78383025;
734b : 69727720;
734c : 6E657474;
734d : 206F7420;
734e : 20656874;
734f : 64726F77;
7350 : 0A642520;
7351 : 00000000;
7352 : 203B7325;
7353 : 25207325;
7354 : 00000A73;
7355 : 6E6B6E55;
7356 : 206E776F;
7357 : 63627573;
7358 : 616D6D6F;
7359 : 2220646E;
735a : 0A227325;
735b : 00000000;
735c : 2077656E;
735d : 74617473;
735e : 73252065;
735f : 0000000A;
7360 : 73205257;
7361 : 65746174;
7362 : 454C203A;
7363 : 3D455641;
7364 : 202C7325;
7365 : 45544E45;
7366 : 73253D52;
7367 : 0000000A;
7368 : 72746552;
7369 : 6E6F2079;
736a : 6D697420;
736b : 74756F65;
736c : 0000000A;
736d : 6B6F6F68;
736e : 7325203A;
736f : 0000000A;
7370 : 203A7325;
7371 : 0A696C25;
7372 : 00000000;
7373 : 6E726157;
7374 : 3A676E69;
7375 : 3A732520;
7376 : 6E616320;
7377 : 746F6E20;
7378 : 6A646120;
7379 : 20747375;
737a : 71657266;
737b : 6270705F;
737c : 696C2520;
737d : 0000000A;
737e : 203A7325;
737f : 756C3925;
7380 : 3930252E;
7381 : 000A696C;
7382 : 203A7325;
7383 : 20642574;
7384 : 69207369;
7385 : 726F636E;
7386 : 74636572;
7387 : 0000000A;
7388 : 202C7325;
7389 : 25207325;
738a : 25202C64;
738b : 25202C64;
738c : 3A643230;
738d : 64323025;
738e : 3230253A;
738f : 00000064;
7390 : 2D643425;
7391 : 64323025;
7392 : 3230252D;
7393 : 30252D64;
7394 : 253A6432;
7395 : 3A643230;
7396 : 64323025;
7397 : 00000000;
7398 : 2B207325;
7399 : 6E206425;
739a : 736F6E61;
739b : 6E6F6365;
739c : 0A2E7364;
739d : 00000000;
739e : 252E6425;
739f : 64252E64;
73a0 : 0064252E;
73a1 : 612D5049;
73a2 : 65726464;
73a3 : 203A7373;
73a4 : 00000000;
73a5 : 74206E69;
73a6 : 6E696172;
73a7 : 0A676E69;
73a8 : 00000000;
73a9 : 28207325;
73aa : 746F6F62;
73ab : 000A2970;
73ac : 28207325;
73ad : 74617473;
73ae : 0A296369;
73af : 00000000;
73b0 : 276E6163;
73b1 : 65722074;
73b2 : 74736967;
73b3 : 73207265;
73b4 : 6C6C6568;
73b5 : 6D6F6320;
73b6 : 646E616D;
73b7 : 73252720;
73b8 : 69202C27;
73b9 : 6572636E;
73ba : 20657361;
73bb : 4C454853;
73bc : 414D5F4C;
73bd : 4F435F58;
73be : 4E414D4D;
73bf : 000A5344;
73c0 : 35302025;
73c1 : 0000644C;
73c2 : 65646F6D;
73c3 : 00000000;
73c4 : 6D6D6F43;
73c5 : 20646E61;
73c6 : 22732522;
73c7 : 7265203A;
73c8 : 20726F72;
73c9 : 000A6425;
73ca : 65726E55;
73cb : 6E676F63;
73cc : 64657A69;
73cd : 6D6F6320;
73ce : 646E616D;
73cf : 73252220;
73d0 : 000A2E22;
73d1 : 63657865;
73d2 : 6E697475;
73d3 : 25203A67;
73d4 : 00000A73;
73d5 : 6C756F43;
73d6 : 6F6E2064;
73d7 : 72652074;
73d8 : 20657361;
73d9 : 74696E69;
73da : 72637320;
73db : 0A747069;
73dc : 00000000;
73dd : 6C756F43;
73de : 6F6E2064;
73df : 64612074;
73e0 : 68742064;
73e1 : 6F632065;
73e2 : 6E616D6D;
73e3 : 00000A64;
73e4 : 62202D2D;
73e5 : 746C6975;
73e6 : 206E692D;
73e7 : 69726373;
73e8 : 2D207470;
73e9 : 00000A2D;
73ea : 706D6528;
73eb : 0A297974;
73ec : 00000000;
73ed : 75202D2D;
73ee : 2D726573;
73ef : 69666564;
73f0 : 2064656E;
73f1 : 69726373;
73f2 : 2D207470;
73f3 : 00000A2D;
73f4 : 00006325;
73f5 : 6F727265;
73f6 : 6E692072;
73f7 : 6F5F7420;
73f8 : 3E2D7370;
73f9 : 76726573;
73fa : 6E695F6F;
73fb : 00007469;
73fc : 74696E49;
73fd : 696C6169;
73fe : 3A64657A;
73ff : 73626F20;
7400 : 6972645F;
7401 : 25207466;
7402 : 0A696C6C;
7403 : 00000000;
7404 : 6C756F43;
7405 : 6F6E2064;
7406 : 65672074;
7407 : 54552074;
7408 : 666F2043;
7409 : 74657366;
740a : 6F726620;
740b : 7973206D;
740c : 6D657473;
740d : 6174202C;
740e : 676E696B;
740f : 66656420;
7410 : 746C7561;
7411 : 6925203A;
7412 : 0000000A;
7413 : 2077654E;
7414 : 20435455;
7415 : 7366666F;
7416 : 203A7465;
7417 : 000A6925;
7418 : 646E6148;
7419 : 6B616873;
741a : 61662065;
741b : 72756C69;
741c : 6E203A65;
741d : 6E20776F;
741e : 772D6E6F;
741f : 73252072;
7420 : 0000000A;
7421 : 535F5257;
7422 : 4B434F4C;
7423 : 00000000;
7424 : 656D6974;
7425 : 2074756F;
7426 : 69707865;
7427 : 3A646572;
7428 : 0A732520;
7429 : 00000000;
742a : 252E7325;
742b : 41203A64;
742c : 73756A64;
742d : 68705F74;
742e : 3A657361;
742f : 0A642520;
7430 : 00000000;
7431 : 61746144;
7432 : 20746573;
7433 : 6E207325;
7434 : 7120746F;
7435 : 696C6175;
7436 : 64656966;
7437 : 0000000A;
7438 : 00000041;
7439 : 20262041;
743a : 00000042;
743b : 656D6974;
743c : 00000000;
743d : 6C756F43;
743e : 6F6E2064;
743f : 65672074;
7440 : 54552074;
7441 : 73252043;
7442 : 6F726620;
7443 : 7973206D;
7444 : 6D657473;
7445 : 6174202C;
7446 : 676E696B;
7447 : 63657220;
7448 : 65766965;
7449 : 6C662064;
744a : 0A736761;
744b : 00000000;
744c : 72707041;
744d : 6863616F;
744e : 20676E69;
744f : 6E64696D;
7450 : 74686769;
7451 : 6F6E202C;
7452 : 70752074;
7453 : 69746164;
7454 : 6C20676E;
7455 : 20706165;
7456 : 67616C66;
7457 : 00000A73;
7458 : 6C756F43;
7459 : 6F6E2064;
745a : 65672074;
745b : 54552074;
745c : 666F2043;
745d : 74657366;
745e : 6F726620;
745f : 7973206D;
7460 : 6D657473;
7461 : 0000000A;
7462 : 72727543;
7463 : 20746E65;
7464 : 20435455;
7465 : 67616C66;
7466 : 6F202C73;
7467 : 65736666;
7468 : 25203A74;
7469 : 6C202C69;
746a : 35706165;
746b : 25203A39;
746c : 6C202C69;
746d : 36706165;
746e : 25203A31;
746f : 00000A69;
7470 : 67616C66;
7471 : 00000073;
7472 : 20435455;
7473 : 67616C66;
7474 : 68632073;
7475 : 65676E61;
7476 : 6F202C64;
7477 : 65736666;
7478 : 25203A74;
7479 : 6C202C69;
747a : 35706165;
747b : 25203A39;
747c : 6C202C69;
747d : 36706165;
747e : 25203A31;
747f : 00000A69;
7480 : 6C756F43;
7481 : 6F6E2064;
7482 : 65732074;
7483 : 54552074;
7484 : 666F2043;
7485 : 74657366;
7486 : 206E6F20;
7487 : 74737973;
7488 : 000A6D65;
7489 : 726F6873;
748a : 66612074;
748b : 20726574;
748c : 6E64696D;
748d : 74686769;
748e : 6174202C;
748f : 676E696B;
7490 : 636F6C20;
7491 : 6F206C61;
7492 : 65736666;
7493 : 00000A74;
7494 : 2077654E;
7495 : 20435455;
7496 : 7366666F;
7497 : 69207465;
7498 : 6874206E;
7499 : 696D2065;
749a : 656C6464;
749b : 20666F20;
749c : 20656874;
749d : 3A796164;
749e : 0A692520;
749f : 00000000;
74a0 : 65427245;
74a1 : 00207473;
74a2 : 64656741;
74a3 : 74756F20;
74a4 : 66732520;
74a5 : 6965726F;
74a6 : 6D206E67;
74a7 : 65747361;
74a8 : 69252072;
74a9 : 0A69252F;
74aa : 00000000;
74ab : 6F6E6749;
74ac : 20646572;
74ad : 6D617266;
74ae : 69252065;
74af : 0000000A;
74b0 : 203A7325;
74b1 : 276E6163;
74b2 : 6E692074;
74b3 : 65207469;
74b4 : 6E657478;
74b5 : 6E6F6973;
74b6 : 0000000A;
74b7 : 636F6C63;
74b8 : 6C63206B;
74b9 : 20737361;
74ba : 6425203D;
74bb : 0000000A;
74bc : 636F6C63;
74bd : 6361206B;
74be : 61727563;
74bf : 3D207963;
74c0 : 0A642520;
74c1 : 00000000;
74c2 : 646E6168;
74c3 : 5320656C;
74c4 : 616E6769;
74c5 : 676E696C;
74c6 : 67736D20;
74c7 : 6166202C;
74c8 : 64656C69;
74c9 : 6F6E202C;
74ca : 00002074;
74cb : 726F7325;
74cc : 696E6167;
74cd : 6974617A;
74ce : 65206E6F;
74cf : 6E657478;
74d0 : 6E6F6973;
74d1 : 564C5420;
74d2 : 30203D20;
74d3 : 0A782578;
74d4 : 00000000;
74d5 : 45437325;
74d6 : 73274E52;
74d7 : 49554F20;
74d8 : 30203D20;
74d9 : 0A782578;
74da : 00000000;
74db : 68577325;
74dc : 20657469;
74dd : 62626152;
74de : 6D207469;
74df : 63696761;
74e0 : 6D756E20;
74e1 : 20726562;
74e2 : 7830203D;
74e3 : 000A7825;
74e4 : 75737325;
74e5 : 726F7070;
74e6 : 20646574;
74e7 : 73726576;
74e8 : 206E6F69;
74e9 : 626D756E;
74ea : 3D207265;
74eb : 25783020;
74ec : 00000A78;
74ed : 6568746F;
74ee : 646F4E72;
74ef : 6C614365;
74f0 : 69726550;
74f1 : 3020646F;
74f2 : 0A782578;
74f3 : 00000000;
74f4 : 203A7325;
74f5 : 65205257;
74f6 : 6E657478;
74f7 : 6E6F6973;
74f8 : 616E6520;
74f9 : 64656C62;
74fa : 00000A2E;
74fb : 203A7325;
74fc : 65205257;
74fd : 6E657478;
74fe : 6E6F6973;
74ff : 73696420;
7500 : 656C6261;
7501 : 000A2E64;
7502 : 203A7325;
7503 : 3D746E73;
7504 : 202C6425;
7505 : 3D636573;
7506 : 2C646C25;
7507 : 65736E20;
7508 : 6C253D63;
7509 : 00000A64;
750a : 64393025;
750b : 39302520;
750c : 30252064;
750d : 00206433;
750e : 646E6573;
750f : 0000203A;
7510 : 63726F66;
7511 : 00000065;
7512 : 20504653;
7513 : 69204244;
7514 : 75662073;
7515 : 000A6C6C;
7516 : 20433249;
7517 : 6F727265;
7518 : 00000A72;
7519 : 53206425;
751a : 20735046;
751b : 44206E69;
751c : 00000A42;
751d : 20504653;
751e : 61746164;
751f : 65736162;
7520 : 706D6520;
7521 : 000A7974;
7522 : 20504653;
7523 : 61746164;
7524 : 65736162;
7525 : 72726520;
7526 : 2820726F;
7527 : 0A296425;
7528 : 00000000;
7529 : 203A6425;
752a : 003A4E50;
752b : 78546420;
752c : 3825203A;
752d : 52642064;
752e : 25203A78;
752f : 61206438;
7530 : 6168706C;
7531 : 3125203A;
7532 : 0A644C39;
7533 : 00000000;
7534 : 53206F4E;
7535 : 0A2E5046;
7536 : 00000000;
7537 : 20504653;
7538 : 64616572;
7539 : 72726520;
753a : 000A726F;
753b : 36312E25;
753c : 00000A73;
753d : 6C756F43;
753e : 6F6E2064;
753f : 616D2074;
7540 : 20686374;
7541 : 44206F74;
7542 : 00000A42;
7543 : 20504653;
7544 : 6374616D;
7545 : 2C646568;
7546 : 78546420;
7547 : 2064253D;
7548 : 3D785264;
7549 : 61206425;
754a : 6168706C;
754b : 644C253D;
754c : 0000000A;
754d : 76636572;
754e : 0000203A;
754f : 64393025;
7550 : 39302520;
7551 : 30252064;
7552 : 00006433;
7553 : 25202020;
7554 : 252E6439;
7555 : 0A643330;
7556 : 00000000;
7557 : 4F525245;
7558 : 25203A52;
7559 : 46203A73;
755a : 6F6C6C6F;
755b : 70752077;
755c : 73656D20;
755d : 65676173;
755e : 20736920;
755f : 20746F6E;
7560 : 6D6F7266;
7561 : 72756320;
7562 : 746E6572;
7563 : 72617020;
7564 : 0A746E65;
7565 : 00000000;
7566 : 4F525245;
7567 : 25203A52;
7568 : 53203A73;
7569 : 6576616C;
756a : 73617720;
756b : 746F6E20;
756c : 69617720;
756d : 676E6974;
756e : 66206120;
756f : 6F6C6C6F;
7570 : 70752077;
7571 : 73656D20;
7572 : 65676173;
7573 : 0000000A;
7574 : 4F525245;
7575 : 25203A52;
7576 : 53203A73;
7577 : 65757165;
7578 : 4965636E;
7579 : 64252044;
757a : 656F6420;
757b : 74276E73;
757c : 74616D20;
757d : 6C206863;
757e : 20747361;
757f : 636E7953;
7580 : 73656D20;
7581 : 65676173;
7582 : 0A642520;
7583 : 00000000;
7584 : 4F525245;
7585 : 25203A52;
7586 : 53203A73;
7587 : 20636E79;
7588 : 7373656D;
7589 : 20656761;
758a : 6E207369;
758b : 6620746F;
758c : 206D6F72;
758d : 72727563;
758e : 20746E65;
758f : 65726170;
7590 : 000A746E;
7591 : 25287325;
7592 : 4D202964;
7593 : 61737365;
7594 : 63206567;
7595 : 74276E61;
7596 : 20656220;
7597 : 746E6573;
7598 : 0000000A;
7599 : 544E4553;
759a : 32302520;
759b : 79622064;
759c : 20736574;
759d : 25207461;
759e : 30252E64;
759f : 252E6439;
75a0 : 20643330;
75a1 : 29732528;
75a2 : 0000000A;
75a3 : 20232323;
75a4 : 702E3474;
75a5 : 65736168;
75a6 : 20736920;
75a7 : 65726C61;
75a8 : 20796461;
75a9 : 72726F63;
75aa : 65746365;
75ab : 6F662064;
75ac : 69622072;
75ad : 696C7374;
75ae : 000A6564;
75af : 203A3174;
75b0 : 20202020;
75b1 : 20202020;
75b2 : 20202020;
75b3 : 20202020;
75b4 : 20202020;
75b5 : 203A3474;
75b6 : 20202020;
75b7 : 20202020;
75b8 : 20202020;
75b9 : 20202020;
75ba : 74696220;
75bb : 64696C73;
75bc : 25203A65;
75bd : 00000A64;
75be : 20202020;
75bf : 65732020;
75c0 : 20202E63;
75c1 : 20202020;
75c2 : 2E736E20;
75c3 : 20616870;
75c4 : 20202020;
75c5 : 65732020;
75c6 : 20202E63;
75c7 : 20202020;
75c8 : 2E736E20;
75c9 : 0A616870;
75ca : 00000000;
75cb : 6C756F63;
75cc : 6F6E2064;
75cd : 65732074;
75ce : 7320646E;
75cf : 0A636E79;
75d0 : 00000000;
75d1 : 6C756F63;
75d2 : 6F6E2064;
75d3 : 65732074;
75d4 : 6120646E;
75d5 : 756F6E6E;
75d6 : 0A65636E;
75d7 : 00000000;
75d8 : 494C4143;
75d9 : 54415242;
75da : 52572F45;
75db : 444F4D5F;
75dc : 4E4F5F45;
75dd : 00000000;
75de : 203A5257;
75df : 61766E49;
75e0 : 2064696C;
75e1 : 4967736D;
75e2 : 25782864;
75e3 : 29783430;
75e4 : 63657220;
75e5 : 65766965;
75e6 : 25202E64;
75e7 : 61772073;
75e8 : 78652073;
75e9 : 74636570;
75ea : 000A6465;
75eb : 435F5257;
75ec : 42494C41;
75ed : 45544152;
75ee : 00000044;
75ef : 494C4143;
75f0 : 54415242;
75f1 : 00000045;
75f2 : 4C5F5257;
75f3 : 454B434F;
75f4 : 00000044;
75f5 : 4B434F4C;
75f6 : 00004445;
75f7 : 4D5F5257;
75f8 : 4B434F4C;
75f9 : 00000000;
75fa : 505F5257;
75fb : 45534552;
75fc : 0000544E;
75fd : 203A3154;
75fe : 73207325;
75ff : 0000000A;
7600 : 203A3254;
7601 : 73207325;
7602 : 0000000A;
7603 : 203A3354;
7604 : 73207325;
7605 : 0000000A;
7606 : 203A3454;
7607 : 73207325;
7608 : 0000000A;
7609 : 616C6564;
760a : 204D4D79;
760b : 20202020;
760c : 20202020;
760d : 7325203A;
760e : 000A7320;
760f : 616C6564;
7610 : 20534D79;
7611 : 20202020;
7612 : 20202020;
7613 : 7325203A;
7614 : 000A7320;
7615 : 616C6564;
7616 : 79734179;
7617 : 2020206D;
7618 : 20202020;
7619 : 7325203A;
761a : 0A736E20;
761b : 00000000;
761c : 616C6564;
761d : 79734179;
761e : 656F436D;
761f : 20206666;
7620 : 7325203A;
7621 : 0A736E20;
7622 : 00000000;
7623 : 6E61656D;
7624 : 616C6544;
7625 : 20202079;
7626 : 20202020;
7627 : 7325203A;
7628 : 000A7320;
7629 : 7366666F;
762a : 72467465;
762b : 614D6D6F;
762c : 72657473;
762d : 7325203A;
762e : 000A7320;
762f : 6D697254;
7630 : 6F6F7420;
7631 : 6E6F6C2D;
7632 : 706D2067;
7633 : 25203A64;
7634 : 00000A69;
7635 : 65746641;
7636 : 76612072;
7637 : 69252867;
7638 : 6D202C29;
7639 : 446E6165;
763a : 79616C65;
763b : 7325203A;
763c : 00000A20;
763d : 6573624F;
763e : 64657672;
763f : 69726420;
7640 : 203A7466;
7641 : 0A693925;
7642 : 00000000;
7643 : 3A207325;
7644 : 6C654420;
7645 : 52207961;
7646 : 20707365;
7647 : 73656F64;
7648 : 2074276E;
7649 : 6374616D;
764a : 65442068;
764b : 2079616C;
764c : 20716552;
764d : 25206628;
764e : 000A2978;
764f : 61772820;
7650 : 66207469;
7651 : 6820726F;
7652 : 00002977;
7653 : 4F525245;
7654 : 25203A52;
7655 : 203A2073;
7656 : 76726553;
7657 : 6F6E206F;
7658 : 6E692074;
7659 : 61697469;
765a : 657A696C;
765b : 21212064;
765c : 000A2121;
765d : 4F525245;
765e : 25203A52;
765f : 50203A73;
7660 : 65204C4C;
7661 : 726F7272;
7662 : 74656420;
7663 : 65746365;
7664 : 45282064;
7665 : 253D7272;
7666 : 202E2964;
7667 : 63726F46;
7668 : 65722065;
7669 : 72617473;
766a : 000A2E74;
766b : 76726573;
766c : 75623A6F;
766d : 000A7973;
766e : 7366666F;
766f : 534D7465;
7670 : 6C25203A;
7671 : 65732069;
7672 : 2E2E2063;
7673 : 00000A2E;
7674 : 4F525245;
7675 : 25203A52;
7676 : 203A2073;
7677 : 61766E49;
7678 : 2064696C;
7679 : 636F6C63;
767a : 6570206B;
767b : 646F6972;
767c : 0A642520;
767d : 00000000;
767e : 7366666F;
767f : 534D7465;
7680 : 6C25203A;
7681 : 65732069;
7682 : 30252063;
7683 : 20696C39;
7684 : 6B636974;
7685 : 25282073;
7686 : 7020696C;
7687 : 000A2973;
7688 : 5F687277;
7689 : 76726573;
768a : 7473206F;
768b : 3A657461;
768c : 25732520;
768d : 00000A73;
768e : 73646C6F;
768f : 20707465;
7690 : 202C6925;
7691 : 7366666F;
7692 : 25207465;
7693 : 30253A69;
7694 : 000A6934;
7695 : 756A6461;
7696 : 70207473;
7697 : 65736168;
7698 : 0A692520;
7699 : 00000000;
769a : 494C4143;
769b : 54415242;
769c : 00004445;
769d : 435F5257;
769e : 42494C41;
769f : 00514552;
76a0 : 746C6564;
76a1 : 00785461;
76a2 : 203A7325;
76a3 : 3D62736D;
76a4 : 78257830;
76a5 : 62736C20;
76a6 : 2578303D;
76a7 : 00000A78;
76a8 : 746C6564;
76a9 : 00785261;
76aa : 78323025;
76ab : 0000003A;
76ac : 2D43414D;
76ad : 72646461;
76ae : 3A737365;
76af : 0A732520;
76b0 : 00000000;
76b1 : 00206465;
76b2 : 006B634C;
76b3 : 20202020;
76b4 : 20202020;
76b5 : 00002020;
76b6 : 69617728;
76b7 : 6F662074;
76b8 : 77682072;
76b9 : 00000029;
76ba : 57207325;
76bb : 20435052;
76bc : 696E6F4D;
76bd : 20726F74;
76be : 00007325;
76bf : 45207C20;
76c0 : 712F6373;
76c1 : 65203D20;
76c2 : 3B746978;
76c3 : 3D207220;
76c4 : 64657220;
76c5 : 0A776172;
76c6 : 0000000A;
76c7 : 20494154;
76c8 : 656D6954;
76c9 : 3232253A;
76ca : 43545573;
76cb : 66666F20;
76cc : 3A746573;
76cd : 20733425;
76ce : 4C4C5020;
76cf : 646F6D20;
76d0 : 34253A65;
76d1 : 74732073;
76d2 : 3A657461;
76d3 : 0000000A;
76d4 : 2B2D2D2D;
76d5 : 2D2D2D2D;
76d6 : 2D2D2D2D;
76d7 : 2D2D2D2D;
76d8 : 2D2D2D2D;
76d9 : 2B2D2D2D;
76da : 2D2D2D2D;
76db : 2D2D2D2D;
76dc : 2D2D2D2D;
76dd : 2D2D2D2D;
76de : 2D2D2D2D;
76df : 2D2D2D2D;
76e0 : 2D2D2B2D;
76e1 : 2D2D2D2D;
76e2 : 2B2D2D2D;
76e3 : 2D2D2D2D;
76e4 : 2D2D2D2D;
76e5 : 2D2D2B2D;
76e6 : 0A2D2D2D;
76e7 : 00000000;
76e8 : 7C202320;
76e9 : 20202020;
76ea : 20202020;
76eb : 2043414D;
76ec : 20202020;
76ed : 7C202020;
76ee : 20202020;
76ef : 49202020;
76f0 : 73282050;
76f1 : 6372756F;
76f2 : 20202965;
76f3 : 20202020;
76f4 : 20207C20;
76f5 : 58522020;
76f6 : 7C202020;
76f7 : 20202020;
76f8 : 20205854;
76f9 : 56207C20;
76fa : 0A4E414C;
76fb : 00000000;
76fc : 2D2D2D0A;
76fd : 4C414820;
76fe : 2D2D2D20;
76ff : 2D2D2D7C;
7700 : 2D2D2D2D;
7701 : 2D2D2D2D;
7702 : 50202D2D;
7703 : 20495350;
7704 : 2D2D2D2D;
7705 : 2D2D2D2D;
7706 : 2D2D2D2D;
7707 : 2D2D2D2D;
7708 : 2D2D2D2D;
7709 : 2D2D2D2D;
770a : 2D2D2D2D;
770b : 2D2D2D2D;
770c : 2D2D2D2D;
770d : 2D2D2D2D;
770e : 2D2D2D2D;
770f : 2D2D2D2D;
7710 : 0000000A;
7711 : 66744920;
7712 : 46207C20;
7713 : 7C207172;
7714 : 6F432020;
7715 : 6769666E;
7716 : 7C202020;
7717 : 43414D20;
7718 : 20666F20;
7719 : 72656570;
771a : 726F7020;
771b : 7C202074;
771c : 20202020;
771d : 2F505450;
771e : 2F545845;
771f : 54454450;
7720 : 20544345;
7721 : 74617453;
7722 : 20207365;
7723 : 50207C20;
7724 : 0A206F72;
7725 : 00000000;
7726 : 2D2D2D2D;
7727 : 2D2D2B2D;
7728 : 2B2D2D2D;
7729 : 2D2D2D2D;
772a : 2D2D2D2D;
772b : 2B2D2D2D;
772c : 2D2D2D2D;
772d : 2D2D2D2D;
772e : 2D2D2D2D;
772f : 2D2D2D2D;
7730 : 2B2D2D2D;
7731 : 2D2D2D2D;
7732 : 2D2D2D2D;
7733 : 2D2D2D2D;
7734 : 2D2D2D2D;
7735 : 2D2D2D2D;
7736 : 2D2D2D2D;
7737 : 2D2D2D2D;
7738 : 2D2D2B2D;
7739 : 0A2D2D2D;
773a : 00000000;
773b : 286F7250;
773c : 6F636F74;
773d : 203A296C;
773e : 61522D52;
773f : 68744577;
7740 : 2D56202C;
7741 : 4E414C56;
7742 : 2D55202C;
7743 : 0A504455;
7744 : 00000000;
7745 : 2D2D2D0A;
7746 : 2D2D2D2D;
7747 : 2D2D2D2D;
7748 : 2D2D2D2D;
7749 : 2D2D2D2D;
774a : 2D2D2D2D;
774b : 2D2D2D2D;
774c : 6E795320;
774d : 6F726863;
774e : 617A696E;
774f : 6E6F6974;
7750 : 61747320;
7751 : 20737574;
7752 : 2D2D2D2D;
7753 : 2D2D2D2D;
7754 : 2D2D2D2D;
7755 : 2D2D2D2D;
7756 : 2D2D2D2D;
7757 : 2D2D2D2D;
7758 : 2D2D2D2D;
7759 : 00000000;
775a : 20727265;
775b : 74617473;
775c : 00003A65;
775d : 20727265;
775e : 7366666F;
775f : 003A7465;
7760 : 20727265;
7761 : 746C6564;
7762 : 00003A61;
7763 : 76726553;
7764 : 7473206F;
7765 : 3A657461;
7766 : 0000000A;
7767 : 2D2D2D0A;
7768 : 6D695420;
7769 : 20676E69;
776a : 61726170;
776b : 6574656D;
776c : 2D207372;
776d : 2D2D2D2D;
776e : 2D2D2D2D;
776f : 2D2D2D2D;
7770 : 2D2D2D2D;
7771 : 2D2D2D2D;
7772 : 2D2D2D2D;
7773 : 2D2D2D2D;
7774 : 2D2D2D2D;
7775 : 2D2D2D2D;
7776 : 2D2D2D2D;
7777 : 2D2D2D2D;
7778 : 2D2D2D2D;
7779 : 2D2D2D2D;
777a : 2D2D2D2D;
777b : 0000000A;
777c : 6E61656D;
777d : 616C6544;
777e : 20202079;
777f : 20202020;
7780 : 000A3A20;
7781 : 616C6564;
7782 : 20534D79;
7783 : 20202020;
7784 : 20202020;
7785 : 000A3A20;
7786 : 616C6564;
7787 : 204D4D79;
7788 : 20202020;
7789 : 20202020;
778a : 000A3A20;
778b : 616C6564;
778c : 79734179;
778d : 74656D6D;
778e : 20207972;
778f : 000A3A20;
7790 : 616C6564;
7791 : 656F4379;
7792 : 63696666;
7793 : 746E6569;
7794 : 00003A20;
7795 : 0A617066;
7796 : 00000000;
7797 : 72676E69;
7798 : 4C737365;
7799 : 6E657461;
779a : 20207963;
779b : 000A3A20;
779c : 65726765;
779d : 614C7373;
779e : 636E6574;
779f : 20202079;
77a0 : 000A3A20;
77a1 : 696D6573;
77a2 : 74617473;
77a3 : 614C6369;
77a4 : 636E6574;
77a5 : 000A3A79;
77a6 : 7366666F;
77a7 : 72467465;
77a8 : 614D6D6F;
77a9 : 72657473;
77aa : 000A3A20;
77ab : 73616850;
77ac : 65732065;
77ad : 696F7074;
77ae : 2020746E;
77af : 000A3A20;
77b0 : 77656B53;
77b1 : 20202020;
77b2 : 20202020;
77b3 : 20202020;
77b4 : 000A3A20;
77b5 : 61647055;
77b6 : 63206574;
77b7 : 746E756F;
77b8 : 20207265;
77b9 : 000A3A20;
77ba : 7473614D;
77bb : 50207265;
77bc : 64205948;
77bd : 79616C65;
77be : 58542073;
77bf : 00000A3A;
77c0 : 76616C53;
77c1 : 50202065;
77c2 : 64205948;
77c3 : 79616C65;
77c4 : 58542073;
77c5 : 00000A3A;
77c6 : 004A5B1B;
77c7 : 6B636F4C;
77c8 : 00007325;
77c9 : 00752520;
77ca : 0075252A;
77cb : 544F4F42;
77cc : 75722050;
77cd : 6E696E6E;
77ce : 20202067;
77cf : 20202020;
77d0 : 00202020;
77d1 : 73363125;
77d2 : 4F4F4228;
77d3 : 00295054;
77d4 : 73353125;
77d5 : 61747328;
77d6 : 29636974;
77d7 : 00000000;
77d8 : 20202020;
77d9 : 20202020;
77da : 20202020;
77db : 20202020;
77dc : 20202020;
77dd : 00202020;
77de : 00643725;
77df : 00643425;
77e0 : 00732520;
77e1 : 0073252A;
77e2 : 6F747561;
77e3 : 00000000;
77e4 : 30312D25;
77e5 : 00000073;
77e6 : 002F7325;
77e7 : 252F7325;
77e8 : 00000073;
77e9 : 0063252D;
77ea : 6B6E694C;
77eb : 776F6420;
77ec : 6D202C6E;
77ed : 65747361;
77ee : 6F6D2072;
77ef : 6F206564;
77f0 : 79732072;
77f1 : 6920636E;
77f2 : 206F666E;
77f3 : 20746F6E;
77f4 : 696C6176;
77f5 : 00000064;
77f6 : 203A7325;
77f7 : 30322D25;
77f8 : 2D252073;
77f9 : 0A733531;
77fa : 00000000;
77fb : 63617254;
77fc : 676E696B;
77fd : 726F6620;
77fe : 6C626963;
77ff : 69642079;
7800 : 6C626173;
7801 : 000A6465;
7802 : 73303225;
7803 : 00736E20;
7804 : 73343225;
7805 : 00000000;
7806 : 00754C25;
7807 : 75363125;
7808 : 6D697420;
7809 : 00007365;
780a : 73323225;
780b : 00000000;
780c : 58522020;
780d : 0000003A;
780e : 73323225;
780f : 004B5B1B;
7810 : 75410A0A;
7811 : 6C632078;
7812 : 206B636F;
7813 : 73206425;
7814 : 75746174;
7815 : 20203A73;
7816 : 20202020;
7817 : 00002020;
7818 : 62616E65;
7819 : 0064656C;
781a : 696E6F6D;
781b : 00726F74;
781c : 6F6C202C;
781d : 64656B63;
781e : 00000000;
781f : 6572202C;
7820 : 00796461;
7821 : 55412820;
7822 : 6F742D58;
7823 : 2052572D;
7824 : 7366666F;
7825 : 203A7465;
7826 : 70206425;
7827 : 00002973;
7828 : 0A6D5B1B;
7829 : 00000000;
782a : 20752520;
782b : 00000000;
782c : 70657453;
782d : 6D655273;
782e : 6465766F;
782f : 203A4120;
7830 : 202C6925;
7831 : 70657453;
7832 : 6D655273;
7833 : 6465766F;
7834 : 203A4220;
7835 : 000A6925;
7836 : 253A7325;
7837 : 45203A69;
7838 : 726F7272;
7839 : 000A3120;
783a : 00007854;
783b : 64497325;
783c : 203A4120;
783d : 252E7325;
783e : 2C783430;
783f : 4973250A;
7840 : 3A422064;
7841 : 2E732520;
7842 : 78343025;
7843 : 0000000A;
7844 : 00007852;
7845 : 6F697250;
7846 : 79746972;
7847 : 00000031;
7848 : 41207325;
7849 : 6925203A;
784a : 7325202C;
784b : 203A4220;
784c : 000A6925;
784d : 636F6C43;
784e : 616C436B;
784f : 00007373;
7850 : 636F6C43;
7851 : 6363416B;
7852 : 63617275;
7853 : 00000079;
7854 : 69726156;
7855 : 65636E61;
7856 : 00000000;
7857 : 6F697250;
7858 : 79746972;
7859 : 00000032;
785a : 64496D47;
785b : 203A4120;
785c : 000A7325;
785d : 64496D47;
785e : 203A4220;
785f : 000A7325;
7860 : 74726F70;
7861 : 41206449;
7862 : 7325203A;
7863 : 0000000A;
7864 : 74726F70;
7865 : 42206449;
7866 : 7325203A;
7867 : 0000000A;
7868 : 65726F46;
7869 : 206E6769;
786a : 7473614D;
786b : 50207265;
786c : 2074726F;
786d : 00006449;
786e : 6F6E6E41;
786f : 65636E75;
7870 : 61726620;
7871 : 6620656D;
7872 : 206D6F72;
7873 : 000A7325;
7874 : 65622061;
7875 : 72657474;
7876 : 726F7020;
7877 : 6E6F2074;
7878 : 69687420;
7879 : 6C632073;
787a : 006B636F;
787b : 6F772061;
787c : 20657372;
787d : 74726F70;
787e : 206E6F20;
787f : 73696874;
7880 : 6F6C6320;
7881 : 00006B63;
7882 : 73696874;
7883 : 726F7020;
7884 : 00000074;
7885 : 6F6E6E41;
7886 : 65636E75;
7887 : 61726620;
7888 : 7320656D;
7889 : 73706574;
788a : 6D657220;
788b : 6465766F;
788c : 72616C20;
788d : 20726567;
788e : 6520726F;
788f : 6C617571;
7890 : 35353220;
7891 : 6925203A;
7892 : 0000000A;
7893 : 65726F46;
7894 : 206E6769;
7895 : 7473614D;
7896 : 25207265;
7897 : 70752069;
7898 : 65746164;
7899 : 00000A64;
789a : 253A7325;
789b : 4E203A69;
789c : 66207765;
789d : 6965726F;
789e : 6D206E67;
789f : 65747361;
78a0 : 6F772072;
78a1 : 20657372;
78a2 : 6E616874;
78a3 : 726F7720;
78a4 : 69207473;
78a5 : 6874206E;
78a6 : 75662065;
78a7 : 74206C6C;
78a8 : 656C6261;
78a9 : 6B73202C;
78aa : 69707069;
78ab : 000A676E;
78ac : 2077654E;
78ad : 65726F66;
78ae : 206E6769;
78af : 7473614D;
78b0 : 25207265;
78b1 : 64612069;
78b2 : 0A646564;
78b3 : 00000000;
78b4 : 4F525245;
78b5 : 25203A52;
78b6 : 41203A73;
78b7 : 756F6E6E;
78b8 : 2065636E;
78b9 : 7373656D;
78ba : 20656761;
78bb : 6E207369;
78bc : 6620746F;
78bd : 206D6F72;
78be : 72727563;
78bf : 20746E65;
78c0 : 65726170;
78c1 : 000A746E;
78c2 : 4F464E49;
78c3 : 654E203A;
78c4 : 72672077;
78c5 : 6D646E61;
78c6 : 65747361;
78c7 : 65642072;
78c8 : 74636574;
78c9 : 203A6465;
78ca : 000A7325;
78cb : 65746E45;
78cc : 20646572;
78cd : 75206F74;
78ce : 6C61636E;
78cf : 61726269;
78d0 : 2C646574;
78d1 : 73657220;
78d2 : 73207465;
78d3 : 6F767265;
78d4 : 0000000A;
78d5 : 6C756F63;
78d6 : 6F6E2064;
78d7 : 65732074;
78d8 : 7220646E;
78d9 : 65757165;
78da : 000A7473;
78db : 692D7277;
78dc : 00656C64;
78dd : 702D7277;
78de : 65736572;
78df : 0000746E;
78e0 : 732D7277;
78e1 : 636F6C2D;
78e2 : 0000006B;
78e3 : 6D2D7277;
78e4 : 636F6C2D;
78e5 : 0000006B;
78e6 : 6C2D7277;
78e7 : 656B636F;
78e8 : 00000064;
78e9 : 632D7277;
78ea : 62696C61;
78eb : 69746172;
78ec : 00006E6F;
78ed : 632D7277;
78ee : 62696C61;
78ef : 65746172;
78f0 : 00000064;
78f1 : 722D7277;
78f2 : 2D707365;
78f3 : 696C6163;
78f4 : 65722D62;
78f5 : 00000071;
78f6 : 6C2D7277;
78f7 : 2D6B6E69;
78f8 : 00006E6F;
78f9 : 6E696E55;
78fa : 61697469;
78fb : 657A696C;
78fc : 00000064;
78fd : 434E5953;
78fe : 4941545F;
78ff : 00000000;
7900 : 434E5953;
7901 : 45534E5F;
7902 : 00000043;
7903 : 434E5953;
7904 : 4148505F;
7905 : 00004553;
7906 : 43415254;
7907 : 48505F4B;
7908 : 00455341;
7909 : 54494157;
790a : 46464F5F;
790b : 5F544553;
790c : 42415453;
790d : 0000454C;
790e : 00004D47;
790f : 00005246;
7910 : 00004342;
7911 : 00002D2D;
7912 : 454E4F4E;
7913 : 00202020;
7914 : 4D5F4157;
7915 : 00204753;
7916 : 495F4450;
7917 : 00475250;
7918 : 5F545845;
7919 : 00204E4F;
791a : 5F545845;
791b : 0046464F;
791c : 454C4449;
791d : 20202020;
791e : 00002020;
791f : 535F5257;
7920 : 434F4C5F;
7921 : 0000204B;
7922 : 4D5F5257;
7923 : 434F4C5F;
7924 : 0000204B;
7925 : 4C5F5257;
7926 : 454B434F;
7927 : 00002044;
7928 : 435F5257;
7929 : 492D4C41;
792a : 00004E4F;
792b : 435F5257;
792c : 452D4C41;
792d : 00002044;
792e : 525F5257;
792f : 435F5053;
7930 : 00004C41;
7931 : 4C5F5257;
7932 : 5F4B4E49;
7933 : 00004E4F;
7934 : 20544F45;
7935 : 20202020;
7936 : 00000020;
7937 : 54494E49;
7938 : 20474E49;
7939 : 00000020;
793a : 4C554146;
793b : 20205954;
793c : 00000020;
793d : 41534944;
793e : 44454C42;
793f : 00000020;
7940 : 5453494C;
7941 : 4E494E45;
7942 : 00000047;
7943 : 4D455250;
7944 : 45545341;
7945 : 00000052;
7946 : 5453414D;
7947 : 20205245;
7948 : 00000020;
7949 : 53534150;
794a : 20455649;
794b : 00000020;
794c : 41434E55;
794d : 5242494C;
794e : 00000020;
794f : 56414C53;
7950 : 20202045;
7951 : 00000020;
7952 : 00505450;
7953 : 74696857;
7954 : 61522D65;
7955 : 74696262;
7956 : 00000000;
7957 : 72617473;
7958 : 00000074;
7959 : 706F7473;
795a : 00000000;
795b : 00653265;
795c : 616C6564;
795d : 00000079;
795e : 00006D67;
795f : 00703270;
7960 : 706F7473;
7961 : 00646570;
7962 : 6E6E7572;
7963 : 00676E69;
7964 : 70746567;
7965 : 00000000;
7966 : 70746573;
7967 : 00000000;
7968 : 73617265;
7969 : 00000065;
796a : 00646461;
796b : 776F6873;
796c : 00000000;
796d : 6374616D;
796e : 00000068;
796f : 00616E65;
7970 : 72617473;
7971 : 78652D74;
7972 : 00000074;
7973 : 74696177;
7974 : 7478652D;
7975 : 00000000;
7976 : 72617473;
7977 : 65682D74;
7978 : 7265706C;
7979 : 00000000;
797a : 74696177;
797b : 6C65682D;
797c : 00726570;
797d : 72617473;
797e : 616D2D74;
797f : 00006E69;
7980 : 74696177;
7981 : 69616D2D;
7982 : 0000006E;
7983 : 64616572;
7984 : 00000079;
7985 : 61656C63;
7986 : 61642D72;
7987 : 00007363;
7988 : 74696177;
7989 : 656C632D;
798a : 642D7261;
798b : 00736361;
798c : 74696E69;
798d : 00000000;
798e : 00006C63;
798f : 74617473;
7990 : 00000000;
7991 : 00737073;
7992 : 00737067;
7993 : 63616473;
7994 : 00000000;
7995 : 63616467;
7996 : 00000000;
7997 : 6E696167;
7998 : 00000000;
7999 : 64616F6C;
799a : 00000000;
799b : 73746573;
799c : 00006365;
799d : 6E746573;
799e : 00636573;
799f : 00776172;
79a0 : 6D726F66;
79a1 : 00007461;
79a2 : 00007366;
79a3 : 00657366;
79a4 : 0000736C;
79a5 : 72666E75;
79a6 : 657A6565;
79a7 : 00000000;
79a8 : 662D7370;
79a9 : 7A656572;
79aa : 00000065;
79ab : 2D6F6376;
79ac : 65657266;
79ad : 0000657A;
79ae : 6E616863;
79af : 006C656E;
79b0 : 746F6F62;
79b1 : 00000000;
79b2 : 73257325;
79b3 : 78323025;
79b4 : 3230252D;
79b5 : 30252D78;
79b6 : 252D7832;
79b7 : 2D783230;
79b8 : 78323025;
79b9 : 3230252D;
79ba : 30252D78;
79bb : 252D7832;
79bc : 2D783230;
79bd : 78323025;
79be : 3230252D;
79bf : 00000A78;
79c0 : 73257325;
79c1 : 28207325;
79c2 : 657A6973;
79c3 : 29692520;
79c4 : 0000000A;
79c5 : 73257325;
79c6 : 00000000;
79c7 : 78323025;
79c8 : 00000000;
79c9 : 73257325;
79ca : 2E756C25;
79cb : 69393025;
79cc : 0000000A;
79cd : 6B636F4C;
79ce : 20676E69;
79cf : 004C4C50;
79d0 : 636F4C0A;
79d1 : 6974206B;
79d2 : 756F656D;
79d3 : 00002E74;
79d4 : 0000002E;
79d5 : 23637277;
79d6 : 00000020;
79d7 : 25315B1B;
79d8 : 00000063;
79d9 : 766E6920;
79da : 64696C61;
79db : 00000000;
79dc : 5F4E4E41;
79dd : 49465553;
79de : 00000058;
79df : 65757254;
79e0 : 00000000;
79e1 : 736C6146;
79e2 : 00000065;
79e3 : 5F4E4F4E;
79e4 : 00005257;
79e5 : 49547325;
79e6 : 203A454D;
79e7 : 696C2528;
79e8 : 30202D20;
79e9 : 786C2578;
79ea : 6C252029;
79eb : 30252E69;
79ec : 25696C36;
79ed : 00000A73;
79ee : 72747325;
79ef : 61636E75;
79f0 : 20646574;
79f1 : 6E656C28;
79f2 : 25203D20;
79f3 : 000A2969;
79f4 : 45567325;
79f5 : 4F495352;
79f6 : 75203A4E;
79f7 : 7075736E;
79f8 : 74726F70;
79f9 : 28206465;
79fa : 0A296925;
79fb : 00000000;
79fc : 45567325;
79fd : 4F495352;
79fe : 25203A4E;
79ff : 74282069;
7a00 : 20657079;
7a01 : 202C6925;
7a02 : 206E656C;
7a03 : 202C6925;
7a04 : 616D6F64;
7a05 : 25206E69;
7a06 : 000A2969;
7a07 : 4C467325;
7a08 : 3A534741;
7a09 : 25783020;
7a0a : 25783230;
7a0b : 20783230;
7a0c : 726F6328;
7a0d : 74636572;
7a0e : 206E6F69;
7a0f : 30257830;
7a10 : 253A7838;
7a11 : 20783830;
7a12 : 75383025;
7a13 : 00000A29;
7a14 : 54524F50;
7a15 : 0000203A;
7a16 : 45527325;
7a17 : 203A5453;
7a18 : 20716573;
7a19 : 202C6925;
7a1a : 6C727463;
7a1b : 2C692520;
7a1c : 676F6C20;
7a1d : 746E692D;
7a1e : 61767265;
7a1f : 6925206C;
7a20 : 0000000A;
7a21 : 454D7325;
7a22 : 47415353;
7a23 : 28203A45;
7a24 : 53202945;
7a25 : 0A434E59;
7a26 : 00000000;
7a27 : 2D47534D;
7a28 : 434E5953;
7a29 : 0000203A;
7a2a : 454D7325;
7a2b : 47415353;
7a2c : 28203A45;
7a2d : 44202945;
7a2e : 59414C45;
7a2f : 5145525F;
7a30 : 0000000A;
7a31 : 2D47534D;
7a32 : 414C4544;
7a33 : 45525F59;
7a34 : 00203A51;
7a35 : 454D7325;
7a36 : 47415353;
7a37 : 28203A45;
7a38 : 46202947;
7a39 : 4F4C4C4F;
7a3a : 50555F57;
7a3b : 0000000A;
7a3c : 2D47534D;
7a3d : 4C4C4F46;
7a3e : 555F574F;
7a3f : 00203A50;
7a40 : 454D7325;
7a41 : 47415353;
7a42 : 28203A45;
7a43 : 44202947;
7a44 : 59414C45;
7a45 : 5345525F;
7a46 : 00000A50;
7a47 : 2D47534D;
7a48 : 414C4544;
7a49 : 45525F59;
7a4a : 203A5053;
7a4b : 00000000;
7a4c : 454D7325;
7a4d : 47415353;
7a4e : 28203A45;
7a4f : 41202947;
7a50 : 554F4E4E;
7a51 : 0A45434E;
7a52 : 00000000;
7a53 : 2D47534D;
7a54 : 4F4E4E41;
7a55 : 45434E55;
7a56 : 7473203A;
7a57 : 20706D61;
7a58 : 00000000;
7a59 : 2D47534D;
7a5a : 4F4E4E41;
7a5b : 45434E55;
7a5c : 7267203A;
7a5d : 6D646E61;
7a5e : 65747361;
7a5f : 75712D72;
7a60 : 74696C61;
7a61 : 00002079;
7a62 : 73257325;
7a63 : 78323025;
7a64 : 3230252D;
7a65 : 30252D78;
7a66 : 000A7834;
7a67 : 534D7325;
7a68 : 4E412D47;
7a69 : 4E554F4E;
7a6a : 203A4543;
7a6b : 6E617267;
7a6c : 73616D64;
7a6d : 2D726574;
7a6e : 6F697270;
7a6f : 20692520;
7a70 : 000A6925;
7a71 : 2D47534D;
7a72 : 4F4E4E41;
7a73 : 45434E55;
7a74 : 7267203A;
7a75 : 6D646E61;
7a76 : 65747361;
7a77 : 64692D72;
7a78 : 00000020;
7a79 : 73257325;
7a7a : 78323025;
7a7b : 3230252D;
7a7c : 30252D78;
7a7d : 252D7832;
7a7e : 2D783230;
7a7f : 78323025;
7a80 : 3230252D;
7a81 : 30252D78;
7a82 : 252D7832;
7a83 : 0A783230;
7a84 : 00000000;
7a85 : 454D7325;
7a86 : 47415353;
7a87 : 28203A45;
7a88 : 53202947;
7a89 : 414E4749;
7a8a : 474E494C;
7a8b : 0000000A;
7a8c : 2D47534D;
7a8d : 4E474953;
7a8e : 4E494C41;
7a8f : 74203A47;
7a90 : 65677261;
7a91 : 6F702D74;
7a92 : 00207472;
7a93 : 4C547325;
7a94 : 74203A56;
7a95 : 73206F6F;
7a96 : 74726F68;
7a97 : 726F6620;
7a98 : 61656820;
7a99 : 20726564;
7a9a : 746F7428;
7a9b : 25206C61;
7a9c : 000A2969;
7a9d : 4C547325;
7a9e : 74203A56;
7a9f : 20657079;
7aa0 : 78343025;
7aa1 : 6E656C20;
7aa2 : 20692520;
7aa3 : 00000000;
7aa4 : 206F6F74;
7aa5 : 726F6873;
7aa6 : 65282074;
7aa7 : 63657078;
7aa8 : 20646574;
7aa9 : 202C6925;
7aaa : 61746F74;
7aab : 6925206C;
7aac : 00000A29;
7aad : 732D316C;
7aae : 20636E79;
7aaf : 666E6F63;
7ab0 : 32302520;
7ab1 : 63612078;
7ab2 : 30252074;
7ab3 : 000A7832;
7ab4 : 2D766C74;
7ab5 : 746E6F63;
7ab6 : 00746E65;
7ab7 : 3A564C54;
7ab8 : 00000020;
7ab9 : 2069756F;
7aba : 78323025;
7abb : 3230253A;
7abc : 30253A78;
7abd : 73207832;
7abe : 25206275;
7abf : 3A783230;
7ac0 : 78323025;
7ac1 : 3230253A;
7ac2 : 00000A78;
7ac3 : 0001ADDE;
7ac4 : 4C547325;
7ac5 : 6D203A56;
7ac6 : 61737365;
7ac7 : 64496567;
7ac8 : 28732520;
7ac9 : 78257830;
7aca : 00000A29;
7acb : 4C547325;
7acc : 74203A56;
7acd : 73206F6F;
7ace : 74726F68;
7acf : 78652820;
7ad0 : 74636570;
7ad1 : 38206465;
7ad2 : 6F74202C;
7ad3 : 206C6174;
7ad4 : 0A296925;
7ad5 : 00000000;
7ad6 : 4C547325;
7ad7 : 63203A56;
7ad8 : 65536C61;
7ad9 : 6150646E;
7ada : 72657474;
7adb : 7325206E;
7adc : 6163202C;
7add : 7465526C;
7ade : 25207972;
7adf : 63202C75;
7ae0 : 65506C61;
7ae1 : 646F6972;
7ae2 : 0A642520;
7ae3 : 00000000;
7ae4 : 4C547325;
7ae5 : 74203A56;
7ae6 : 73206F6F;
7ae7 : 74726F68;
7ae8 : 78652820;
7ae9 : 74636570;
7aea : 31206465;
7aeb : 74202C38;
7aec : 6C61746F;
7aed : 29692520;
7aee : 0000000A;
7aef : 4C547325;
7af0 : 77203A56;
7af1 : 616C4672;
7af2 : 203A7367;
7af3 : 6F437277;
7af4 : 6769666E;
7af5 : 2C732520;
7af6 : 6C616320;
7af7 : 61726269;
7af8 : 20646574;
7af9 : 202C7325;
7afa : 6F4D7277;
7afb : 6E4F6564;
7afc : 0A732520;
7afd : 00000000;
7afe : 61746164;
7aff : 00000000;
7b00 : 6C796170;
7b01 : 0064616F;
7b02 : 504D5544;
7b03 : 0000203A;
7b04 : 4B4E494C;
7b05 : 574F445F;
7b06 : 0000004E;
7b07 : 69737070;
7b08 : 00000000;
7b09 : 67616964;
7b0a : 2D73252D;
7b0b : 252D6925;
7b0c : 00203A73;
7b0d : 6B636F6C;
7b0e : 00006465;
7b0f : 6C756F43;
7b10 : 6F6E2064;
7b11 : 65672074;
7b12 : 4D472074;
7b13 : 636F6C20;
7b14 : 676E696B;
7b15 : 61747320;
7b16 : 202C6574;
7b17 : 696B6174;
7b18 : 6F20676E;
7b19 : 6320646C;
7b1a : 6B636F6C;
7b1b : 616C6320;
7b1c : 203A7373;
7b1d : 000A6925;
7b1e : 696D6954;
7b1f : 6D20676E;
7b20 : 2065646F;
7b21 : 6E616863;
7b22 : 20646567;
7b23 : 7325203A;
7b24 : 6C63202C;
7b25 : 206B636F;
7b26 : 73616C63;
7b27 : 25203A73;
7b28 : 63202C64;
7b29 : 6B636F6C;
7b2a : 63636120;
7b2b : 63617275;
7b2c : 25203A79;
7b2d : 63202C64;
7b2e : 6B636F6C;
7b2f : 72617620;
7b30 : 636E6169;
7b31 : 30203A65;
7b32 : 34302578;
7b33 : 74202C78;
7b34 : 53656D69;
7b35 : 6372756F;
7b36 : 30203A65;
7b37 : 32302578;
7b38 : 70202C78;
7b39 : 69547074;
7b3a : 6353656D;
7b3b : 3A656C61;
7b3c : 2C642520;
7b3d : 65726620;
7b3e : 6E657571;
7b3f : 72547963;
7b40 : 61656361;
7b41 : 3A656C62;
7b42 : 2C642520;
7b43 : 6D697420;
7b44 : 61725465;
7b45 : 62616563;
7b46 : 203A656C;
7b47 : 000A6425;
7b48 : 5F636D62;
7b49 : 5F656761;
7b4a : 6E677266;
7b4b : 73616D5F;
7b4c : 73726574;
7b4d : 0000000A;
7b4e : 74736542;
7b4f : 726F6620;
7b50 : 6E676965;
7b51 : 73616D20;
7b52 : 20726574;
7b53 : 61207369;
7b54 : 6E692074;
7b55 : 20786564;
7b56 : 252F6925;
7b57 : 00000A69;
7b58 : 72756F53;
7b59 : 6F506563;
7b5a : 64497472;
7b5b : 00000000;
7b5c : 45206F4E;
7b5d : 74736562;
7b5e : 0000000A;
7b5f : 74736542;
7b60 : 726F6620;
7b61 : 6E676965;
7b62 : 73616D20;
7b63 : 20726574;
7b64 : 61207369;
7b65 : 6F702074;
7b66 : 25207472;
7b67 : 00000A69;
7b68 : 6F502041;
7b69 : 69207472;
7b6a : 6E692073;
7b6b : 696E6920;
7b6c : 6C616974;
7b6d : 6E697A69;
7b6e : 00000A67;
7b6f : 656D6974;
7b70 : 2074756F;
7b71 : 69707865;
7b72 : 3A646572;
7b73 : 20732520;
7b74 : 6C25202D;
7b75 : 00000A75;
7b76 : 656D6974;
7b77 : 2074756F;
7b78 : 65736572;
7b79 : 3A646574;
7b7a : 20732520;
7b7b : 6925202D;
7b7c : 25202F20;
7b7d : 000A756C;
7b7e : 656D6974;
7b7f : 2074756F;
7b80 : 7265766F;
7b81 : 3A2E7277;
7b82 : 20732520;
7b83 : 6925202D;
7b84 : 25202F20;
7b85 : 000A756C;
7b86 : 656C6469;
7b87 : 00000000;
7b88 : 63656863;
7b89 : 696C2D6B;
7b8a : 00006B6E;
7b8b : 69747075;
7b8c : 0000656D;
7b8d : 00707470;
7b8e : 5F707470;
7b8f : 00636D62;
7b90 : 6C656873;
7b91 : 75672B6C;
7b92 : 00000069;
7b93 : 6C6C7073;
7b94 : 0068622D;
7b95 : 2D74656E;
7b96 : 00006862;
7b97 : 00707261;
7b98 : 34767069;
7b99 : 00000000;
7b9a : 70646C6C;
7b9b : 00000000;
7b9c : 706D6E73;
7b9d : 00000000;
7b9e : 74617473;
7b9f : 00000073;
7ba0 : 67616964;
7ba1 : 00000073;
7ba2 : 2D697073;
7ba3 : 73616C66;
7ba4 : 00000068;
7ba5 : 43205257;
7ba6 : 3A65726F;
7ba7 : 61747320;
7ba8 : 6E697472;
7ba9 : 70752067;
7baa : 0A2E2E2E;
7bab : 00000000;
7bac : 6F727245;
7bad : 4D203A72;
7bae : 63696E69;
7baf : 4C444820;
7bb0 : 72657620;
7bb1 : 6E6F6973;
7bb2 : 20642520;
7bb3 : 20746F6E;
7bb4 : 70707573;
7bb5 : 6574726F;
7bb6 : 79622064;
7bb7 : 0A777320;
7bb8 : 00000000;
7bb9 : 7473616D;
7bba : 642D7265;
7bbb : 6E676169;
7bbc : 6974736F;
7bbd : 61622D63;
7bbe : 696C6573;
7bbf : 322D656E;
7bc0 : 30363230;
7bc1 : 2D373138;
7bc2 : 39353331;
7bc3 : 3935672D;
7bc4 : 62373133;
7bc5 : 00006434;
7bc6 : 69535050;
7bc7 : 726F6620;
7bc8 : 50525720;
7bc9 : 43202E43;
7bca : 696D6D6F;
7bcb : 73252074;
7bcc : 7562202C;
7bcd : 20746C69;
7bce : 64206E6F;
7bcf : 72657465;
7bd0 : 696E696D;
7bd1 : 63697473;
7bd2 : 0000000A;
7bd3 : 2077654E;
7bd4 : 2078616D;
7bd5 : 206E7572;
7bd6 : 656D6974;
7bd7 : 726F6620;
7bd8 : 74206120;
7bd9 : 206B7361;
7bda : 202C7325;
7bdb : 20646C6F;
7bdc : 2C646C25;
7bdd : 77656E20;
7bde : 0A642520;
7bdf : 00000000;
7be0 : 6B736174;
7be1 : 2C732520;
7be2 : 6E757220;
7be3 : 726F6620;
7be4 : 20642520;
7be5 : 000A736D;
7be6 : 6E616C76;
7be7 : 00000000;
7be8 : 62726576;
7be9 : 0065736F;
7bea : 00726576;
7beb : 65656C73;
7bec : 00000070;
7bed : 00706673;
7bee : 00626473;
7bef : 61727470;
7bf0 : 00006B63;
7bf1 : 00007370;
7bf2 : 006C6C70;
7bf3 : 0063616D;
7bf4 : 00007069;
7bf5 : 706C6568;
7bf6 : 00000000;
7bf7 : 00697567;
7bf8 : 67616964;
7bf9 : 00000000;
7bfa : 696C6163;
7bfb : 74617262;
7bfc : 006E6F69;
7bfd : 666E6F63;
7bfe : 00006769;
7bff : 65747865;
7c00 : 6F69736E;
7c01 : 0000006E;
7c02 : 76726573;
7c03 : 0000006F;
7c04 : 6D617266;
7c05 : 00007365;
7c06 : 006D7366;
7c07 : 55514552;
7c08 : 00545345;
7c09 : 434E5953;
7c0a : 4E45535F;
7c0b : 00000044;
7c0c : 00434D42;
7c0d : 5F4E4E41;
7c0e : 45434552;
7c0f : 00545049;
7c10 : 5F4E4E41;
7c11 : 444E4553;
7c12 : 00000000;
7c13 : 4C415551;
7c14 : 00000000;
7c15 : 544F5250;
7c16 : 4154535F;
7c17 : 00004554;
7c18 : 535F4E49;
7c19 : 45544154;
7c1a : 00000000;
7c1b : 425F4D47;
7c1c : 4D425F59;
7c1d : 00004143;
7c1e : 5F45314C;
7c1f : 535F5854;
7c20 : 00434E59;
7c21 : 5F45314C;
7c22 : 535F5852;
7c23 : 00434E59;
7c24 : 455F5257;
7c25 : 00005458;
7c26 : 646C6F68;
7c27 : 7265766F;
7c28 : 00000000;
7c29 : 6F6C6E75;
7c2a : 64656B63;
7c2b : 00000000;
7c2c : 4D5F5257;
7c2d : 4C4E4F5F;
7c2e : 00000059;
7c2f : 535F5257;
7c30 : 4C4E4F5F;
7c31 : 00000059;
7c32 : 4D5F5257;
7c33 : 444E415F;
7c34 : 0000535F;
7c35 : 56414C53;
7c36 : 52505F45;
7c37 : 4E455345;
7c38 : 00000054;
7c39 : 4D5F5257;
7c3a : 5F45444F;
7c3b : 00004E4F;
7c3c : D3B20000;
7c3d : 06F05B59;
7c3e : 00000004;
7c3f : 00000003;
7c40 : 00000002;
7c41 : 00000001;
7c42 : 00000004;
7c43 : 00000003;
7c44 : 00000002;
7c45 : 00000001;
7c46 : 00000002;
7c47 : 00000001;
7c48 : 00000005;
7c49 : 00000004;
7c4a : 00000003;
7c4b : 00000002;
7c4c : 00000005;
7c4d : 00000004;
7c4e : 00000003;
7c4f : 00000002;
7c50 : 00000001;
7c51 : 00000006;
7c52 : 00000005;
7c53 : 00000004;
7c54 : 00000003;
7c55 : 00000002;
7c56 : 00000001;
7c57 : 0000001B;
7c58 : 00000018;
7c59 : 00000017;
7c5a : 00000016;
7c5b : 00000014;
7c5c : 00000013;
7c5d : 00000012;
7c5e : 00000011;
7c5f : 00000010;
7c60 : 0000000F;
7c61 : 0000000E;
7c62 : 0000000D;
7c63 : 0000000C;
7c64 : 0000000A;
7c65 : 00000009;
7c66 : 00000008;
7c67 : 00000005;
7c68 : 00000009;
7c69 : 00000008;
7c6a : 00000007;
7c6b : 00000006;
7c6c : 00000005;
7c6d : 00000004;
7c6e : 00000003;
7c6f : 00000002;
7c70 : 00000001;
7c71 : 00000003;
7c72 : 00000002;
7c73 : 00000001;
7c74 : 00000004;
7c75 : 00000003;
7c76 : 00000002;
7c77 : 00000001;
7c78 : 0001B4E4;
7c79 : 00000009;
7c7a : 0001B4E4;
7c7b : 00000008;
7c7c : 000003E8;
7c7d : 0001F32C;
7c7e : 0001B4E4;
7c7f : 00000007;
7c80 : 00100A00;
7c81 : 04060001;
7c82 : 0000000C;
7c83 : 695F7277;
7c84 : 0074696E;
7c85 : 6F5F7277;
7c86 : 006E6570;
7c87 : 695F7277;
7c88 : 00656C64;
7c89 : 00565552;
7c8a : 0001E580;
7c8b : 0001E588;
7c8c : 0001B4E4;
7c8d : 0000000A;
7c8e : 0001B4E4;
7c8f : 0000000D;
7c90 : 0001B4E4;
7c91 : 0000000C;
7c92 : 0001B4E4;
7c93 : 0000000B;
7c94 : 0001EF98;
7c95 : 0000CF84;
7c96 : 0001EFA0;
7c97 : 0000C8C8;
7c98 : 0001EFA8;
7c99 : 0000CAF4;
7c9a : 0001EE2C;
7c9b : 0000C9B8;
7c9c : 0001D0EC;
7c9d : 0000EADC;
7c9e : 0001E63C;
7c9f : 0000DA04;
7ca0 : 0001EFAC;
7ca1 : 0000C510;
7ca2 : 0001EFB4;
7ca3 : 00011658;
7ca4 : 0001EFB8;
7ca5 : 0000D1F0;
7ca6 : 0001EFBC;
7ca7 : 0000D090;
7ca8 : 0001EE34;
7ca9 : 0000DE04;
7caa : 0001EFC4;
7cab : 0000C9E0;
7cac : 0001EFC8;
7cad : 0000D488;
7cae : 0001CF08;
7caf : 0000DE04;
7cb0 : 0001EFCC;
7cb1 : 00014F2C;
7cb2 : 0001EFD0;
7cb3 : 0000ECD8;
7cb4 : 0001E630;
7cb5 : 0000F664;
7cb6 : 0001EFD4;
7cb7 : 0000CB88;
7cb8 : 0001EFDC;
7cb9 : 0000C960;
7cba : 0001EFE0;
7cbb : 0000DB2C;
7cbc : 0001EFE8;
7cbd : 0000D378;
7cbe : 00000001;
7cbf : 00000000;
7cc0 : 00000000;
7cc1 : 00000000;
7cc2 : 00000000;
7cc3 : 00000000;
7cc4 : 00000000;
7cc5 : 00000000;
7cc6 : 00000000;
7cc7 : 00000000;
7cc8 : 00000000;
7cc9 : 0002039C;
7cca : 00000000;
7ccb : 0001FD80;
7ccc : 00000000;
7ccd : 00021058;
7cce : 00021040;
7ccf : 0002101C;
7cd0 : 00021010;
7cd1 : 00000000;
7cd2 : 00000000;
7cd3 : 00000001;
7cd4 : 00000001;
7cd5 : 00000000;
7cd6 : 00000000;
7cd7 : 00000000;
7cd8 : 00000000;
7cd9 : 0001F3D0;
7cda : 00000000;
7cdb : 00000001;
7cdc : 00000000;
7cdd : 00010000;
7cde : 00000000;
7cdf : 00000000;
7ce0 : 00000000;
7ce1 : 00000000;
7ce2 : 00000000;
7ce3 : 00000000;
7ce4 : 000000F8;
7ce5 : FFFFFFFF;
7ce6 : FFFFFFFF;
7ce7 : FFFFFFFF;
7ce8 : 00FFFFFF;
7ce9 : 00000001;
7cea : 00000000;
7ceb : 03E8000A;
7cec : 00000006;
7ced : 00000080;
7cee : 00000080;
7cef : 00000000;
7cf0 : 000001F4;
7cf1 : 00000000;
7cf2 : 00000000;
7cf3 : 00000000;
7cf4 : 00000003;
7cf5 : 00000000;
7cf6 : FFFFFFFF;
7cf7 : FFFFFFFF;
7cf8 : FFFFFFFF;
7cf9 : FFFFFFFF;
7cfa : 0001AA2C;
7cfb : 00000025;
7cfc : 00000001;
7cfd : 000003E8;
7cfe : 0000FFFF;
7cff : 0000FFFF;
7d00 : 00000000;
7d01 : 00000000;
7d02 : 00000000;
7d03 : 00000000;
7d04 : 00000000;
7d05 : 00000000;
7d06 : 00000000;
7d07 : 00000000;
7d08 : 00000000;
7d09 : 00000000;
7d0a : 00000000;
7d0b : 00000000;
7d0c : 00000000;
7d0d : 00000000;
7d0e : 00000000;
7d0f : 00000000;
7d10 : 00000000;
7d11 : 00000000;
7d12 : 00000000;
7d13 : 00000000;
7d14 : 00000000;
7d15 : 00000000;
7d16 : 00000000;
7d17 : 00000000;
7d18 : 00000000;
7d19 : 00000000;
7d1a : 00000000;
7d1b : 00000000;
7d1c : 00000000;
7d1d : 00000000;
7d1e : 00000000;
7d1f : 00000000;
7d20 : 00000000;
7d21 : 00000000;
7d22 : 00000000;
7d23 : 00000000;
7d24 : 00000000;
7d25 : 00000000;
7d26 : 00000000;
7d27 : 00000000;
7d28 : 00000000;
7d29 : 00000000;
7d2a : 00000000;
7d2b : 00000000;
7d2c : 00000000;
7d2d : 00000000;
7d2e : 00000000;
7d2f : 00000000;
7d30 : 00000000;
7d31 : 00000000;
7d32 : 00000000;
7d33 : 00000000;
7d34 : 00000000;
7d35 : 00000000;
7d36 : 00000000;
7d37 : 00000000;
7d38 : 00000000;
7d39 : 00000000;
7d3a : 00000000;
7d3b : 00000000;
7d3c : 00000000;
7d3d : 00000000;
7d3e : 00000000;
7d3f : 00000000;
7d40 : 00000000;
7d41 : 00000000;
7d42 : 00000000;
7d43 : 00000000;
7d44 : 00000000;
7d45 : 00000000;
7d46 : 00000000;
7d47 : 00000000;
7d48 : 00000000;
7d49 : 00000000;
7d4a : 00000000;
7d4b : 00000000;
7d4c : 00000000;
7d4d : 00000000;
7d4e : 00000000;
7d4f : 00000000;
7d50 : 00000000;
7d51 : 00000000;
7d52 : 00000000;
7d53 : 00000000;
7d54 : 00000000;
7d55 : 00000000;
7d56 : 00000000;
7d57 : 00000000;
7d58 : 00000000;
7d59 : 00000000;
7d5a : 00000000;
7d5b : 00000000;
7d5c : 00000000;
7d5d : 00000000;
7d5e : 00000000;
7d5f : 00000000;
7d60 : 00000000;
7d61 : 00000000;
7d62 : 00000000;
7d63 : 00000000;
7d64 : 00000000;
7d65 : 00000000;
7d66 : 00000000;
7d67 : 00000000;
7d68 : 00000000;
7d69 : 00000000;
7d6a : 00000000;
7d6b : 00000000;
7d6c : 00000000;
7d6d : 00000000;
7d6e : 00000000;
7d6f : 00000000;
7d70 : 00000000;
7d71 : 00000000;
7d72 : 00000000;
7d73 : 00000000;
7d74 : 00000000;
7d75 : 00000000;
7d76 : 00000000;
7d77 : 00000000;
7d78 : 00000000;
7d79 : 00000000;
7d7a : 00000000;
7d7b : 00000000;
7d7c : 00000000;
7d7d : 00000000;
7d7e : 00000000;
7d7f : 00000000;
7d80 : 00000000;
7d81 : 00000000;
7d82 : 00000000;
7d83 : 00000000;
7d84 : 00000000;
7d85 : 00000000;
7d86 : 00000000;
7d87 : 00000000;
7d88 : 00000000;
7d89 : 00000000;
7d8a : 00000000;
7d8b : 00000000;
7d8c : 00000000;
7d8d : 00000000;
7d8e : 00000000;
7d8f : 00000000;
7d90 : 00000000;
7d91 : 00000000;
7d92 : 00000000;
7d93 : 00000000;
7d94 : 00000000;
7d95 : 00000000;
7d96 : 00000000;
7d97 : 00000000;
7d98 : 00000000;
7d99 : 00000000;
7d9a : 00000000;
7d9b : 00000000;
7d9c : 00000000;
7d9d : 00000000;
7d9e : 00000000;
7d9f : 00000000;
7da0 : 00000000;
7da1 : 00000000;
7da2 : 00000000;
7da3 : 00000000;
7da4 : 00000000;
7da5 : 00000000;
7da6 : 00000000;
7da7 : 00000000;
7da8 : 00000000;
7da9 : 00000000;
7daa : 00000000;
7dab : 00000000;
7dac : 00000000;
7dad : 00000000;
7dae : 00000000;
7daf : 00000000;
7db0 : 00000000;
7db1 : 00000000;
7db2 : 00000000;
7db3 : 00000000;
7db4 : 00000000;
7db5 : 00000000;
7db6 : 00000000;
7db7 : 00000000;
7db8 : 00000000;
7db9 : 00000000;
7dba : 00000000;
7dbb : 00000000;
7dbc : 00000000;
7dbd : 00000000;
7dbe : 00000000;
7dbf : 00000000;
7dc0 : 00000000;
7dc1 : 00000000;
7dc2 : 00000000;
7dc3 : 00000000;
7dc4 : 00000000;
7dc5 : 00000000;
7dc6 : 00000000;
7dc7 : 00000000;
7dc8 : 00000000;
7dc9 : 00000000;
7dca : 00000000;
7dcb : 00000000;
7dcc : 00000000;
7dcd : 00000000;
7dce : 00000000;
7dcf : 00000000;
7dd0 : 00000000;
7dd1 : 00000000;
7dd2 : 00000000;
7dd3 : 00000000;
7dd4 : 00000000;
7dd5 : 00000000;
7dd6 : 00000000;
7dd7 : 00000000;
7dd8 : 00000000;
7dd9 : 00000000;
7dda : 00000000;
7ddb : 00000000;
7ddc : 00000000;
7ddd : 00000000;
7dde : 00000000;
7ddf : 00000000;
7de0 : 00000000;
7de1 : 00000000;
7de2 : 00000000;
7de3 : 00000000;
7de4 : 00000000;
7de5 : 00000000;
7de6 : 00000000;
7de7 : 00000000;
7de8 : 00000000;
7de9 : 00000000;
7dea : 00000000;
7deb : 00000000;
7dec : 00000000;
7ded : 00000000;
7dee : 00000000;
7def : 00000000;
7df0 : 00000000;
7df1 : 00000000;
7df2 : 00000000;
7df3 : 00000000;
7df4 : 00000000;
7df5 : 00000000;
7df6 : 00000000;
7df7 : 00000000;
7df8 : 00000000;
7df9 : 00000000;
7dfa : 00000000;
7dfb : 00000000;
7dfc : 00000000;
7dfd : 00000000;
7dfe : 00000000;
7dff : 00000000;
7e00 : 00000000;
7e01 : 00000000;
7e02 : 00000000;
7e03 : 00000000;
7e04 : 00000000;
7e05 : 00000000;
7e06 : 00000000;
7e07 : 00000000;
7e08 : 00000000;
7e09 : 00000000;
7e0a : 00000000;
7e0b : 00000000;
7e0c : 00000000;
7e0d : 00000000;
7e0e : 00000000;
7e0f : 00000000;
7e10 : 00000000;
7e11 : 00000000;
7e12 : 00000000;
7e13 : 00000000;
7e14 : 00000000;
7e15 : 00000000;
7e16 : 00000000;
7e17 : 00000000;
7e18 : 00000000;
7e19 : 00000000;
7e1a : 00000000;
7e1b : 00000000;
7e1c : 00000000;
7e1d : 00000000;
7e1e : 00000000;
7e1f : 00000000;
7e20 : 00000000;
7e21 : 00000000;
7e22 : 00000000;
7e23 : 00000000;
7e24 : 00000000;
7e25 : 00000000;
7e26 : 00000000;
7e27 : 00000000;
7e28 : 00000000;
7e29 : 00000000;
7e2a : 00000000;
7e2b : 00000000;
7e2c : 00000000;
7e2d : 00000000;
7e2e : 00000000;
7e2f : 00000000;
7e30 : 00000000;
7e31 : 00000000;
7e32 : 00000000;
7e33 : 00000000;
7e34 : 00000000;
7e35 : 00000000;
7e36 : 00000000;
7e37 : 00000000;
7e38 : 00000000;
7e39 : 00000000;
7e3a : 00000000;
7e3b : 00000000;
7e3c : 00000000;
7e3d : 00000000;
7e3e : 00000000;
7e3f : 00000000;
7e40 : 00000000;
7e41 : 00000000;
7e42 : 00000000;
7e43 : 00000000;
7e44 : 00000000;
7e45 : 00000000;
7e46 : 00000000;
7e47 : 00000000;
7e48 : 00000000;
7e49 : 00000000;
7e4a : 00000000;
7e4b : 00000000;
7e4c : 00000000;
7e4d : 00000000;
7e4e : 00000000;
7e4f : 00000000;
7e50 : 00000000;
7e51 : 00000000;
7e52 : 00000000;
7e53 : 00000000;
7e54 : 00000000;
7e55 : 00000000;
7e56 : 00000000;
7e57 : 00000000;
7e58 : 00000000;
7e59 : 00000000;
7e5a : 00000000;
7e5b : 00000000;
7e5c : 00000000;
7e5d : 00000000;
7e5e : 00000000;
7e5f : 00000000;
7e60 : 00000000;
7e61 : 00000000;
7e62 : 00000000;
7e63 : 00000000;
7e64 : 00000000;
7e65 : 00000000;
7e66 : 00000000;
7e67 : 00000000;
7e68 : 00000000;
7e69 : 00000000;
7e6a : 00000000;
7e6b : 00000000;
7e6c : 00000000;
7e6d : 00000000;
7e6e : 00000000;
7e6f : 00000000;
7e70 : 00000000;
7e71 : 00000000;
7e72 : 00000000;
7e73 : 00000000;
7e74 : 00000000;
7e75 : 00000000;
7e76 : 00000000;
7e77 : 00000000;
7e78 : 00000000;
7e79 : 00000000;
7e7a : 00000000;
7e7b : 00000000;
7e7c : 00000000;
7e7d : 00000000;
7e7e : 00000000;
7e7f : 00000000;
7e80 : 00000000;
7e81 : 00000000;
7e82 : 00000000;
7e83 : 00000000;
7e84 : 00000000;
7e85 : 00000000;
7e86 : 00000000;
7e87 : 00000000;
7e88 : 00000000;
7e89 : 00000000;
7e8a : 00000000;
7e8b : 00000000;
7e8c : 00000000;
7e8d : 00000000;
7e8e : 00000000;
7e8f : 00000000;
7e90 : 00000000;
7e91 : 00000000;
7e92 : 00000000;
7e93 : 00000000;
7e94 : 00000000;
7e95 : 00000000;
7e96 : 00000000;
7e97 : 00000000;
7e98 : 00000000;
7e99 : 00000000;
7e9a : 00000000;
7e9b : 00000000;
7e9c : 00000000;
7e9d : 00000000;
7e9e : 00000000;
7e9f : 00000000;
7ea0 : 00000000;
7ea1 : 00000000;
7ea2 : 00000000;
7ea3 : 00000000;
7ea4 : 00000000;
7ea5 : 00000000;
7ea6 : 00000000;
7ea7 : 00000000;
7ea8 : 00000000;
7ea9 : 00000000;
7eaa : 00000000;
7eab : 00000000;
7eac : 00000000;
7ead : 00000000;
7eae : 00000000;
7eaf : 00000000;
7eb0 : 00000000;
7eb1 : 00000000;
7eb2 : 00000000;
7eb3 : 00000000;
7eb4 : 00000000;
7eb5 : 00000000;
7eb6 : 00000000;
7eb7 : 00000000;
7eb8 : 00000000;
7eb9 : 00000000;
7eba : 00000000;
7ebb : 00000000;
7ebc : 00000000;
7ebd : 00000000;
7ebe : 00000000;
7ebf : 00000000;
7ec0 : 00000000;
7ec1 : 00000000;
7ec2 : 00000000;
7ec3 : 00000000;
7ec4 : 00000000;
7ec5 : 00000000;
7ec6 : 00000000;
7ec7 : 00000000;
7ec8 : 00000000;
7ec9 : 00000000;
7eca : 00000000;
7ecb : 00000000;
7ecc : 00000000;
7ecd : 00000000;
7ece : 00000000;
7ecf : 00000000;
7ed0 : 00000000;
7ed1 : 00000000;
7ed2 : 00000000;
7ed3 : 00000000;
7ed4 : 00000000;
7ed5 : 00000000;
7ed6 : 00000000;
7ed7 : 00000000;
7ed8 : 00000000;
7ed9 : 00000000;
7eda : 00000000;
7edb : 00000000;
7edc : 00000000;
7edd : 00000000;
7ede : 00000000;
7edf : 00000000;
7ee0 : 00000000;
7ee1 : 00000000;
7ee2 : 00000000;
7ee3 : 00000000;
7ee4 : 00000000;
7ee5 : 00000000;
7ee6 : 00000000;
7ee7 : 00000000;
7ee8 : 00000000;
7ee9 : 00000000;
7eea : 00000000;
7eeb : 00000000;
7eec : 00000000;
7eed : 00000000;
7eee : 00000000;
7eef : 00000000;
7ef0 : 00000000;
7ef1 : 00000000;
7ef2 : 00000000;
7ef3 : 00000000;
7ef4 : 00000000;
7ef5 : 00000000;
7ef6 : 00000000;
7ef7 : 00000000;
7ef8 : 00000000;
7ef9 : 00000000;
7efa : 00000000;
7efb : 00000000;
7efc : 00000000;
7efd : 00000000;
7efe : 00000000;
7eff : 00000000;
7f00 : 00000000;
7f01 : 00000000;
7f02 : 00000000;
7f03 : 00000000;
7f04 : 00000000;
7f05 : 00000000;
7f06 : 00000000;
7f07 : 00000000;
7f08 : 00000000;
7f09 : 00000000;
7f0a : 00000000;
7f0b : 00000000;
7f0c : 00000000;
7f0d : 00000000;
7f0e : 00000000;
7f0f : 00000000;
7f10 : 00000000;
7f11 : 00000000;
7f12 : 00000000;
7f13 : 00000000;
7f14 : 00000000;
7f15 : 00000000;
7f16 : 00000000;
7f17 : 00000000;
7f18 : 00000000;
7f19 : 00000000;
7f1a : 00000000;
7f1b : 00000000;
7f1c : 00000000;
7f1d : 00000000;
7f1e : 00000000;
7f1f : 00000000;
7f20 : 00000000;
7f21 : 00000000;
7f22 : 00000000;
7f23 : 00000000;
7f24 : 00000000;
7f25 : 00000000;
7f26 : 00000000;
7f27 : 00000000;
7f28 : 00000000;
7f29 : 00000000;
7f2a : 00000000;
7f2b : 00000000;
7f2c : 00000000;
7f2d : 00000000;
7f2e : 00000000;
7f2f : 00000000;
7f30 : 00000000;
7f31 : 00000000;
7f32 : 00000000;
7f33 : 00000000;
7f34 : 00000000;
7f35 : 00000000;
7f36 : 00000000;
7f37 : 00000000;
7f38 : 00000000;
7f39 : 00000000;
7f3a : 00000000;
7f3b : 00000000;
7f3c : 00000000;
7f3d : 00000000;
7f3e : 00000000;
7f3f : 00000000;
7f40 : 00000000;
7f41 : 00000000;
7f42 : 00000000;
7f43 : 00000000;
7f44 : 00000000;
7f45 : 00000000;
7f46 : 00000000;
7f47 : 00000000;
7f48 : 00000000;
7f49 : 00000000;
7f4a : 00000000;
7f4b : 00000000;
7f4c : 00000000;
7f4d : 00000000;
7f4e : 00000000;
7f4f : 00000000;
7f50 : 00000000;
7f51 : 00000000;
7f52 : 00000000;
7f53 : 00000000;
7f54 : 00000000;
7f55 : 00000000;
7f56 : 00000000;
7f57 : 00000000;
7f58 : 00000000;
7f59 : 00000000;
7f5a : 00000000;
7f5b : 00000000;
7f5c : 00000000;
7f5d : 00000000;
7f5e : 00000000;
7f5f : 00000000;
7f60 : 00000000;
7f61 : 00000000;
7f62 : 00000000;
7f63 : 00000000;
7f64 : 00000000;
7f65 : 00000000;
7f66 : 00000000;
7f67 : 00000000;
7f68 : 00000000;
7f69 : 00000000;
7f6a : 00000000;
7f6b : 00000000;
7f6c : 00000000;
7f6d : 00000000;
7f6e : 00000000;
7f6f : 00000000;
7f70 : 00000000;
7f71 : 00000000;
7f72 : 00000000;
7f73 : 00000000;
7f74 : 00000000;
7f75 : 00000000;
7f76 : 00000000;
7f77 : 00000000;
7f78 : 00000000;
7f79 : 00000000;
7f7a : 00000000;
7f7b : 00000000;
7f7c : 00000000;
7f7d : 00000000;
7f7e : 00000000;
7f7f : 00000000;
7f80 : 00000000;
7f81 : 00000000;
7f82 : 00000000;
7f83 : 00000000;
7f84 : 00000000;
7f85 : 00000000;
7f86 : 00000000;
7f87 : 00000000;
7f88 : 00000000;
7f89 : 00000000;
7f8a : 00000000;
7f8b : 00000000;
7f8c : 00000000;
7f8d : 00000000;
7f8e : 00000000;
7f8f : 00000000;
7f90 : 00000000;
7f91 : 00000000;
7f92 : 00000000;
7f93 : 00000000;
7f94 : 00000000;
7f95 : 00000000;
7f96 : 00000000;
7f97 : 00000000;
7f98 : 00000000;
7f99 : 00000000;
7f9a : 00000000;
7f9b : 00000000;
7f9c : 00000000;
7f9d : 00000000;
7f9e : 00000000;
7f9f : 00000000;
7fa0 : 00000000;
7fa1 : 00000000;
7fa2 : 00000000;
7fa3 : 00000000;
7fa4 : 00000000;
7fa5 : 00000000;
7fa6 : 00000000;
7fa7 : 00000000;
7fa8 : 00000000;
7fa9 : 00000000;
7faa : 00000000;
7fab : 00000000;
7fac : 00000000;
7fad : 00000000;
7fae : 00000000;
7faf : 00000000;
7fb0 : 00000000;
7fb1 : 00000000;
7fb2 : 00000000;
7fb3 : 00000000;
7fb4 : 00000000;
7fb5 : 00000000;
7fb6 : 00000000;
7fb7 : 00000000;
7fb8 : 00000000;
7fb9 : 00000000;
7fba : 00000000;
7fbb : 00000000;
7fbc : 00000000;
7fbd : 00000000;
7fbe : 00000000;
7fbf : 00000000;
7fc0 : 00000000;
7fc1 : 00000000;
7fc2 : 00000000;
7fc3 : 00000000;
7fc4 : 00000000;
7fc5 : 00000000;
7fc6 : 00000000;
7fc7 : 00000000;
7fc8 : 00000000;
7fc9 : 00000000;
7fca : 00000000;
7fcb : 00000000;
7fcc : 00000000;
7fcd : 00000000;
7fce : 00000000;
7fcf : 00000000;
7fd0 : 00000000;
7fd1 : 00000000;
7fd2 : 00000000;
7fd3 : 00000000;
7fd4 : 00000000;
7fd5 : 00000000;
7fd6 : 00000000;
7fd7 : 00000000;
7fd8 : 00000000;
7fd9 : 00000000;
7fda : 00000000;
7fdb : 00000000;
7fdc : 00000000;
7fdd : 00000000;
7fde : 00000000;
7fdf : 00000000;
7fe0 : 00000000;
7fe1 : 00000000;
7fe2 : 00000000;
7fe3 : 00000000;
7fe4 : 00000000;
7fe5 : 00000000;
7fe6 : 00000000;
7fe7 : 00000000;
7fe8 : 00000000;
7fe9 : 00000000;
7fea : 00000000;
7feb : 00000000;
7fec : 00000000;
7fed : 00000000;
7fee : 00000000;
7fef : 00000000;
7ff0 : 00000000;
7ff1 : 00000000;
7ff2 : 00000000;
7ff3 : 00000000;
7ff4 : 00000000;
7ff5 : 00000000;
7ff6 : 00000000;
7ff7 : 00000000;
7ff8 : 00000000;
7ff9 : 00000000;
7ffa : 00000000;
7ffb : 00000000;
7ffc : 00000000;
7ffd : 00000000;
7ffe : 00000000;
7fff : 00000000;
8000 : 00000000;
8001 : 00000000;
8002 : 00000000;
8003 : 00000000;
8004 : 00000000;
8005 : 00000000;
8006 : 00000000;
8007 : 00000000;
8008 : 00000000;
8009 : 00000000;
800a : 00000000;
800b : 00000000;
800c : 00000000;
800d : 00000000;
800e : 00000000;
800f : 00000000;
8010 : 00000000;
8011 : 00000000;
8012 : 00000000;
8013 : 00000000;
8014 : 00000000;
8015 : 00000000;
8016 : 00000000;
8017 : 00000000;
8018 : 00000000;
8019 : 00000000;
801a : 00000000;
801b : 00000000;
801c : 00000000;
801d : 00000000;
801e : 00000000;
801f : 00000000;
8020 : 00000000;
8021 : 00000000;
8022 : 00000000;
8023 : 00000000;
8024 : 00000000;
8025 : 00000000;
8026 : 00000000;
8027 : 00000000;
8028 : 00000000;
8029 : 00000000;
802a : 00000000;
802b : 00000000;
802c : 00000000;
802d : 00000000;
802e : 00000000;
802f : 00000000;
8030 : 00000000;
8031 : 00000000;
8032 : 00000000;
8033 : 00000000;
8034 : 00000000;
8035 : 00000000;
8036 : 00000000;
8037 : 00000000;
8038 : 00000000;
8039 : 00000000;
803a : 00000000;
803b : 00000000;
803c : 00000000;
803d : 00000000;
803e : 00000000;
803f : 00000000;
8040 : 00000000;
8041 : 00000000;
8042 : 00000000;
8043 : 00000000;
8044 : 00000000;
8045 : 00000000;
8046 : 00000000;
8047 : 00000000;
8048 : 00000000;
8049 : 00000000;
804a : 00000000;
804b : 00000000;
804c : 00000000;
804d : 00000000;
804e : 00000000;
804f : 00000000;
8050 : 00000000;
8051 : 00000000;
8052 : 00000000;
8053 : 00000000;
8054 : 00000000;
8055 : 00000000;
8056 : 00000000;
8057 : 00000000;
8058 : 00000000;
8059 : 00000000;
805a : 00000000;
805b : 00000000;
805c : 00000000;
805d : 00000000;
805e : 00000000;
805f : 00000000;
8060 : 00000000;
8061 : 00000000;
8062 : 00000000;
8063 : 00000000;
8064 : 00000000;
8065 : 00000000;
8066 : 00000000;
8067 : 00000000;
8068 : 00000000;
8069 : 00000000;
806a : 00000000;
806b : 00000000;
806c : 00000000;
806d : 00000000;
806e : 00000000;
806f : 00000000;
8070 : 00000000;
8071 : 00000000;
8072 : 00000000;
8073 : 00000000;
8074 : 00000000;
8075 : 00000000;
8076 : 00000000;
8077 : 00000000;
8078 : 00000000;
8079 : 00000000;
807a : 00000000;
807b : 00000000;
807c : 00000000;
807d : 00000000;
807e : 00000000;
807f : 00000000;
8080 : 00000000;
8081 : 00000000;
8082 : 00000000;
8083 : 00000000;
8084 : 00000000;
8085 : 00000000;
8086 : 00000000;
8087 : 00000000;
8088 : 00000000;
8089 : 00000000;
808a : 00000000;
808b : 00000000;
808c : 00000000;
808d : 00000000;
808e : 00000000;
808f : 00000000;
8090 : 00000000;
8091 : 00000000;
8092 : 00000000;
8093 : 00000000;
8094 : 00000000;
8095 : 00000000;
8096 : 00000000;
8097 : 00000000;
8098 : 00000000;
8099 : 00000000;
809a : 00000000;
809b : 00000000;
809c : 00000000;
809d : 00000000;
809e : 00000000;
809f : 00000000;
80a0 : 00000000;
80a1 : 00000000;
80a2 : 00000000;
80a3 : 00000000;
80a4 : 00000000;
80a5 : 00000000;
80a6 : 00000000;
80a7 : 00000000;
80a8 : 00000000;
80a9 : 00000000;
80aa : 00000000;
80ab : 00000000;
80ac : 00000000;
80ad : 00000000;
80ae : 00000000;
80af : 00000000;
80b0 : 00000000;
80b1 : 00000000;
80b2 : 00000000;
80b3 : 00000000;
80b4 : 00000000;
80b5 : 00000000;
80b6 : 00000000;
80b7 : 00000000;
80b8 : 00000000;
80b9 : 00000000;
80ba : 00000000;
80bb : 00000000;
80bc : 00000000;
80bd : 00000000;
80be : 00000000;
80bf : 00000000;
80c0 : 00000000;
80c1 : 00000000;
80c2 : 00000000;
80c3 : 00000000;
80c4 : 00000000;
80c5 : 00000000;
80c6 : 00000000;
80c7 : 00000000;
80c8 : 00000000;
80c9 : 00000000;
80ca : 00000000;
80cb : 00000000;
80cc : 00000000;
80cd : 00000000;
80ce : 00000000;
80cf : 00000000;
80d0 : 00000000;
80d1 : 00000000;
80d2 : 00000000;
80d3 : 00000000;
80d4 : 00000000;
80d5 : 00000000;
80d6 : 00000000;
80d7 : 00000000;
80d8 : 00000000;
80d9 : 00000000;
80da : 00000000;
80db : 00000000;
80dc : 00000000;
80dd : 00000000;
80de : 00000000;
80df : 00000000;
80e0 : 00000000;
80e1 : 00000000;
80e2 : 00000000;
80e3 : 00000000;
80e4 : 00000000;
80e5 : 00000000;
80e6 : 00000000;
80e7 : 00000000;
80e8 : 00000000;
80e9 : 00000000;
80ea : 00000000;
80eb : 00000000;
80ec : 00000000;
80ed : 00000000;
80ee : 00000000;
80ef : 00000000;
80f0 : 00000000;
80f1 : 00000000;
80f2 : 00000000;
80f3 : 00000000;
80f4 : 00000000;
80f5 : 00000000;
80f6 : 00000000;
80f7 : 00000000;
80f8 : 00000000;
80f9 : 00000000;
80fa : 00000000;
80fb : 00000000;
80fc : 00000000;
80fd : 00000000;
80fe : 00000000;
80ff : 00000000;
8100 : 00000000;
8101 : 00000000;
8102 : 00000000;
8103 : 00000000;
8104 : 00000000;
8105 : 00000000;
8106 : 00000000;
8107 : 00000000;
8108 : 00000000;
8109 : 00000000;
810a : 00000000;
810b : 00000000;
810c : 00000000;
810d : 00000000;
810e : 00000000;
810f : 00000000;
8110 : 00000000;
8111 : 00000000;
8112 : 00000000;
8113 : 00000000;
8114 : 00000000;
8115 : 00000000;
8116 : 00000000;
8117 : 00000000;
8118 : 00000000;
8119 : 00000000;
811a : 00000000;
811b : 00000000;
811c : 00000000;
811d : 00000000;
811e : 00000000;
811f : 00000000;
8120 : 00000000;
8121 : 00000000;
8122 : 00000000;
8123 : 00000000;
8124 : 00000000;
8125 : 00000000;
8126 : 00000000;
8127 : 00000000;
8128 : 00000000;
8129 : 00000000;
812a : 00000000;
812b : 00000000;
812c : 00000000;
812d : 00000000;
812e : 00000000;
812f : 00000000;
8130 : 00000000;
8131 : 00000000;
8132 : 00000000;
8133 : 00000000;
8134 : 00000000;
8135 : 00000000;
8136 : 00000000;
8137 : 00000000;
8138 : 00000000;
8139 : 00000000;
813a : 00000000;
813b : 00000000;
813c : 00000000;
813d : 00000000;
813e : 00000000;
813f : 00000000;
8140 : 00000000;
8141 : 00000000;
8142 : 00000000;
8143 : 00000000;
8144 : 00000000;
8145 : 00000000;
8146 : 00000000;
8147 : 00000000;
8148 : 00000000;
8149 : 00000000;
814a : 00000000;
814b : 00000000;
814c : 00000000;
814d : 00000000;
814e : 00000000;
814f : 00000000;
8150 : 00000000;
8151 : 00000000;
8152 : 00000000;
8153 : 00000000;
8154 : 00000000;
8155 : 00000000;
8156 : 00000000;
8157 : 00000000;
8158 : 00000000;
8159 : 00000000;
815a : 00000000;
815b : 00000000;
815c : 00000000;
815d : 00000000;
815e : 00000000;
815f : 00000000;
8160 : 00000000;
8161 : 00000000;
8162 : 00000000;
8163 : 00000000;
8164 : 00000000;
8165 : 00000000;
8166 : 00000000;
8167 : 00000000;
8168 : 00000000;
8169 : 00000000;
816a : 00000000;
816b : 00000000;
816c : 00000000;
816d : 00000000;
816e : 00000000;
816f : 00000000;
8170 : 00000000;
8171 : 00000000;
8172 : 00000000;
8173 : 00000000;
8174 : 00000000;
8175 : 00000000;
8176 : 00000000;
8177 : 00000000;
8178 : 00000000;
8179 : 00000000;
817a : 00000000;
817b : 00000000;
817c : 00000000;
817d : 00000000;
817e : 00000000;
817f : 00000000;
8180 : 00000000;
8181 : 00000000;
8182 : 00000000;
8183 : 00000000;
8184 : 00000000;
8185 : 00000000;
8186 : 00000000;
8187 : 00000000;
8188 : 00000000;
8189 : 00000000;
818a : 00000000;
818b : 00000000;
818c : 00000000;
818d : 00000000;
818e : 00000000;
818f : 00000000;
8190 : 00000000;
8191 : 00000000;
8192 : 00000000;
8193 : 00000000;
8194 : 00000000;
8195 : 00000000;
8196 : 00000000;
8197 : 00000000;
8198 : 00000000;
8199 : 00000000;
819a : 00000000;
819b : 00000000;
819c : 00000000;
819d : 00000000;
819e : 00000000;
819f : 00000000;
81a0 : 00000000;
81a1 : 00000000;
81a2 : 00000000;
81a3 : 00000000;
81a4 : 00000000;
81a5 : 00000000;
81a6 : 00000000;
81a7 : 00000000;
81a8 : 00000000;
81a9 : 00000000;
81aa : 00000000;
81ab : 00000000;
81ac : 00000000;
81ad : 00000000;
81ae : 00000000;
81af : 00000000;
81b0 : 00000000;
81b1 : 00000000;
81b2 : 00000000;
81b3 : 00000000;
81b4 : 00000000;
81b5 : 00000000;
81b6 : 00000000;
81b7 : 00000000;
81b8 : 00000000;
81b9 : 00000000;
81ba : 00000000;
81bb : 00000000;
81bc : 00000000;
81bd : 00000000;
81be : 00000000;
81bf : 00000000;
81c0 : 00000000;
81c1 : 00000000;
81c2 : 00000000;
81c3 : 00000000;
81c4 : 00000000;
81c5 : 00000000;
81c6 : 00000000;
81c7 : 00000000;
81c8 : 00000000;
81c9 : 00000000;
81ca : 00000000;
81cb : 00000000;
81cc : 00000000;
81cd : 00000000;
81ce : 00000000;
81cf : 00000000;
81d0 : 00000000;
81d1 : 00000000;
81d2 : 00000000;
81d3 : 00000000;
81d4 : 00000000;
81d5 : 00000000;
81d6 : 00000000;
81d7 : 00000000;
81d8 : 00000000;
81d9 : 00000000;
81da : 00000000;
81db : 00000000;
81dc : 00000000;
81dd : 00000000;
81de : 00000000;
81df : 00000000;
81e0 : 00000000;
81e1 : 00000000;
81e2 : 00000000;
81e3 : 00000000;
81e4 : 00000000;
81e5 : 00000000;
81e6 : 00000000;
81e7 : 00000000;
81e8 : 00000000;
81e9 : 00000000;
81ea : 00000000;
81eb : 00000000;
81ec : 00000000;
81ed : 00000000;
81ee : 00000000;
81ef : 00000000;
81f0 : 00000000;
81f1 : 00000000;
81f2 : 00000000;
81f3 : 00000000;
81f4 : 00000000;
81f5 : 00000000;
81f6 : 00000000;
81f7 : 00000000;
81f8 : 00000000;
81f9 : 00000000;
81fa : 00000000;
81fb : 00000000;
81fc : 00000000;
81fd : 00000000;
81fe : 00000000;
81ff : 00000000;
8200 : 00000000;
8201 : 00000000;
8202 : 00000000;
8203 : 00000000;
8204 : 00000000;
8205 : 00000000;
8206 : 00000000;
8207 : 00000000;
8208 : 00000000;
8209 : 00000000;
820a : 00000000;
820b : 00000000;
820c : 00000000;
820d : 00000000;
820e : 00000000;
820f : 00000000;
8210 : 00000000;
8211 : 00000000;
8212 : 00000000;
8213 : 00000000;
8214 : 00000000;
8215 : 00000000;
8216 : 00000000;
8217 : 00000000;
8218 : 00000000;
8219 : 00000000;
821a : 00000000;
821b : 00000000;
821c : 00000000;
821d : 00000000;
821e : 00000000;
821f : 00000000;
8220 : 00000000;
8221 : 00000000;
8222 : 00000000;
8223 : 00000000;
8224 : 00000000;
8225 : 00000000;
8226 : 00000000;
8227 : 00000000;
8228 : 00000000;
8229 : 00000000;
822a : 00000000;
822b : 00000000;
822c : 00000000;
822d : 00000000;
822e : 00000000;
822f : 00000000;
8230 : 00000000;
8231 : 00000000;
8232 : 00000000;
8233 : 00000000;
8234 : 00000000;
8235 : 00000000;
8236 : 00000000;
8237 : 00000000;
8238 : 00000000;
8239 : 00000000;
823a : 00000000;
823b : 00000000;
823c : 00000000;
823d : 00000000;
823e : 00000000;
823f : 00000000;
8240 : 00000000;
8241 : 00000000;
8242 : 00000000;
8243 : 00000000;
8244 : 00000000;
8245 : 00000000;
8246 : 00000000;
8247 : 00000000;
8248 : 00000000;
8249 : 00000000;
824a : 00000000;
824b : 00000000;
824c : 00000000;
824d : 00000000;
824e : 00000000;
824f : 00000000;
8250 : 00000000;
8251 : 00000000;
8252 : 00000000;
8253 : 00000000;
8254 : 00000000;
8255 : 00000000;
8256 : 00000000;
8257 : 00000000;
8258 : 00000000;
8259 : 00000000;
825a : 00000000;
825b : 00000000;
825c : 00000000;
825d : 00000000;
825e : 00000000;
825f : 00000000;
8260 : 00000000;
8261 : 00000000;
8262 : 00000000;
8263 : 00000000;
8264 : 00000000;
8265 : 00000000;
8266 : 00000000;
8267 : 00000000;
8268 : 00000000;
8269 : 00000000;
826a : 00000000;
826b : 00000000;
826c : 00000000;
826d : 00000000;
826e : 00000000;
826f : 00000000;
8270 : 00000000;
8271 : 00000000;
8272 : 00000000;
8273 : 00000000;
8274 : 00000000;
8275 : 00000000;
8276 : 00000000;
8277 : 00000000;
8278 : 00000000;
8279 : 00000000;
827a : 00000000;
827b : 00000000;
827c : 00000000;
827d : 00000000;
827e : 00000000;
827f : 00000000;
8280 : 00000000;
8281 : 00000000;
8282 : 00000000;
8283 : 00000000;
8284 : 00000000;
8285 : 00000000;
8286 : 00000000;
8287 : 00000000;
8288 : 00000000;
8289 : 00000000;
828a : 00000000;
828b : 00000000;
828c : 00000000;
828d : 00000000;
828e : 00000000;
828f : 00000000;
8290 : 00000000;
8291 : 00000000;
8292 : 00000000;
8293 : 00000000;
8294 : 00000000;
8295 : 00000000;
8296 : 00000000;
8297 : 00000000;
8298 : 00000000;
8299 : 00000000;
829a : 00000000;
829b : 00000000;
829c : 00000000;
829d : 00000000;
829e : 00000000;
829f : 00000000;
82a0 : 00000000;
82a1 : 00000000;
82a2 : 00000000;
82a3 : 00000000;
82a4 : 00000000;
82a5 : 00000000;
82a6 : 00000000;
82a7 : 00000000;
82a8 : 00000000;
82a9 : 00000000;
82aa : 00000000;
82ab : 00000000;
82ac : 00000000;
82ad : 00000000;
82ae : 00000000;
82af : 00000000;
82b0 : 00000000;
82b1 : 00000000;
82b2 : 00000000;
82b3 : 00000000;
82b4 : 00000000;
82b5 : 00000000;
82b6 : 00000000;
82b7 : 00000000;
82b8 : 00000000;
82b9 : 00000000;
82ba : 00000000;
82bb : 00000000;
82bc : 00000000;
82bd : 00000000;
82be : 00000000;
82bf : 00000000;
82c0 : 00000000;
82c1 : 00000000;
82c2 : 00000000;
82c3 : 00000000;
82c4 : 00000000;
82c5 : 00000000;
82c6 : 00000000;
82c7 : 00000000;
82c8 : 00000000;
82c9 : 00000000;
82ca : 00000000;
82cb : 00000000;
82cc : 00000000;
82cd : 00000000;
82ce : 00000000;
82cf : 00000000;
82d0 : 00000000;
82d1 : 00000000;
82d2 : 00000000;
82d3 : 00000000;
82d4 : 00000000;
82d5 : 00000000;
82d6 : 00000000;
82d7 : 00000000;
82d8 : 00000000;
82d9 : 00000000;
82da : 00000000;
82db : 00000000;
82dc : 00000000;
82dd : 00000000;
82de : 00000000;
82df : 00000000;
82e0 : 00000000;
82e1 : 00000000;
82e2 : 00000000;
82e3 : 00000000;
82e4 : 00000000;
82e5 : 00000000;
82e6 : 00000000;
82e7 : 00000000;
82e8 : 00000000;
82e9 : 00000000;
82ea : 00000000;
82eb : 00000000;
82ec : 00000000;
82ed : 00000000;
82ee : 00000000;
82ef : 00000000;
82f0 : 00000000;
82f1 : 00000000;
82f2 : 00000000;
82f3 : 00000000;
82f4 : 00000000;
82f5 : 00000000;
82f6 : 00000000;
82f7 : 00000000;
82f8 : 00000000;
82f9 : 00000000;
82fa : 00000000;
82fb : 00000000;
82fc : 00000000;
82fd : 00000000;
82fe : 00000000;
82ff : 00000000;
8300 : 00000000;
8301 : 00000000;
8302 : 00000000;
8303 : 00000000;
8304 : 00000000;
8305 : 00000000;
8306 : 00000000;
8307 : 00000000;
8308 : 00000000;
8309 : 00000000;
830a : 00000000;
830b : 00000000;
830c : 00000000;
830d : 00000000;
830e : 00000000;
830f : 00000000;
8310 : 00000000;
8311 : 00000000;
8312 : 00000000;
8313 : 00000000;
8314 : 00000000;
8315 : 00000000;
8316 : 00000000;
8317 : 00000000;
8318 : 00000000;
8319 : 00000000;
831a : 00000000;
831b : 00000000;
831c : 00000000;
831d : 00000000;
831e : 00000000;
831f : 00000000;
8320 : 00000000;
8321 : 00000000;
8322 : 00000000;
8323 : 00000000;
8324 : 00000000;
8325 : 00000000;
8326 : 00000000;
8327 : 00000000;
8328 : 00000000;
8329 : 00000000;
832a : 00000000;
832b : 00000000;
832c : 00000000;
832d : 00000000;
832e : 00000000;
832f : 00000000;
8330 : 00000000;
8331 : 00000000;
8332 : 00000000;
8333 : 00000000;
8334 : 00000000;
8335 : 00000000;
8336 : 00000000;
8337 : 00000000;
8338 : 00000000;
8339 : 00000000;
833a : 00000000;
833b : 00000000;
833c : 00000000;
833d : 00000000;
833e : 00000000;
833f : 00000000;
8340 : 00000000;
8341 : 00000000;
8342 : 00000000;
8343 : 00000000;
8344 : 00000000;
8345 : 00000000;
8346 : 00000000;
8347 : 00000000;
8348 : 00000000;
8349 : 00000000;
834a : 00000000;
834b : 00000000;
834c : 00000000;
834d : 00000000;
834e : 00000000;
834f : 00000000;
8350 : 00000000;
8351 : 00000000;
8352 : 00000000;
8353 : 00000000;
8354 : 00000000;
8355 : 00000000;
8356 : 00000000;
8357 : 00000000;
8358 : 00000000;
8359 : 00000000;
835a : 00000000;
835b : 00000000;
835c : 00000000;
835d : 00000000;
835e : 00000000;
835f : 00000000;
8360 : 00000000;
8361 : 00000000;
8362 : 00000000;
8363 : 00000000;
8364 : 00000000;
8365 : 00000000;
8366 : 00000000;
8367 : 00000000;
8368 : 00000000;
8369 : 00000000;
836a : 00000000;
836b : 00000000;
836c : 00000000;
836d : 00000000;
836e : 00000000;
836f : 00000000;
8370 : 00000000;
8371 : 00000000;
8372 : 00000000;
8373 : 00000000;
8374 : 00000000;
8375 : 00000000;
8376 : 00000000;
8377 : 00000000;
8378 : 00000000;
8379 : 00000000;
837a : 00000000;
837b : 00000000;
837c : 00000000;
837d : 00000000;
837e : 00000000;
837f : 00000000;
8380 : 00000000;
8381 : 00000000;
8382 : 00000000;
8383 : 00000000;
8384 : 00000000;
8385 : 00000000;
8386 : 00000000;
8387 : 00000000;
8388 : 00000000;
8389 : 00000000;
838a : 00000000;
838b : 00000000;
838c : 00000000;
838d : 00000000;
838e : 00000000;
838f : 00000000;
8390 : 00000000;
8391 : 00000000;
8392 : 00000000;
8393 : 00000000;
8394 : 00000000;
8395 : 00000000;
8396 : 00000000;
8397 : 00000000;
8398 : 00000000;
8399 : 00000000;
839a : 00000000;
839b : 00000000;
839c : 00000000;
839d : 00000000;
839e : 00000000;
839f : 00000000;
83a0 : 00000000;
83a1 : 00000000;
83a2 : 00000000;
83a3 : 00000000;
83a4 : 00000000;
83a5 : 00000000;
83a6 : 00000000;
83a7 : 00000000;
83a8 : 00000000;
83a9 : 00000000;
83aa : 00000000;
83ab : 00000000;
83ac : 00000000;
83ad : 00000000;
83ae : 00000000;
83af : 00000000;
83b0 : 00000000;
83b1 : 00000000;
83b2 : 00000000;
83b3 : 00000000;
83b4 : 00000000;
83b5 : 00000000;
83b6 : 00000000;
83b7 : 00000000;
83b8 : 00000000;
83b9 : 00000000;
83ba : 00000000;
83bb : 00000000;
83bc : 00000000;
83bd : 00000000;
83be : 00000000;
83bf : 00000000;
83c0 : 00000000;
83c1 : 00000000;
83c2 : 00000000;
83c3 : 00000000;
83c4 : 00000000;
83c5 : 00000000;
83c6 : 00000000;
83c7 : 00000000;
83c8 : 00000000;
83c9 : 00000000;
83ca : 00000000;
83cb : 00000000;
83cc : 00000000;
83cd : 00000000;
83ce : 00000000;
83cf : 00000000;
83d0 : 00000000;
83d1 : 00000000;
83d2 : 00000000;
83d3 : 00000000;
83d4 : 00000000;
83d5 : 00000000;
83d6 : 00000000;
83d7 : 00000000;
83d8 : 00000000;
83d9 : 00000000;
83da : 00000000;
83db : 00000000;
83dc : 00000000;
83dd : 00000000;
83de : 00000000;
83df : 00000000;
83e0 : 00000000;
83e1 : 00000000;
83e2 : 00000000;
83e3 : 00000000;
83e4 : 00000000;
83e5 : 00000000;
83e6 : 00000000;
83e7 : 00000000;
83e8 : 00000000;
83e9 : 00000000;
83ea : 00000000;
83eb : 00000000;
83ec : 00000000;
83ed : 00000000;
83ee : 00000000;
83ef : 00000000;
83f0 : 00000000;
83f1 : 00000000;
83f2 : 00000000;
83f3 : 00000000;
83f4 : 00000000;
83f5 : 00000000;
83f6 : 00000000;
83f7 : 00000000;
83f8 : 00000000;
83f9 : 00000000;
83fa : 00000000;
83fb : 00000000;
83fc : 00000000;
83fd : 00000000;
83fe : 00000000;
83ff : 00000000;
8400 : 00000000;
8401 : 00000000;
8402 : 00000000;
8403 : 00000000;
8404 : 00000000;
8405 : 00000000;
8406 : 00000000;
8407 : 00000000;
8408 : 00000000;
8409 : 00000000;
840a : 00000000;
840b : 00000000;
840c : 00000000;
840d : 00000000;
840e : 00000000;
840f : 00000000;
8410 : 00000000;
8411 : 00000000;
8412 : 00000000;
8413 : 00000000;
8414 : 00000000;
8415 : 00000000;
8416 : 00000000;
8417 : 00000000;
8418 : 00000000;
8419 : 00000000;
841a : 00000000;
841b : 00000000;
841c : 00000000;
841d : 00000000;
841e : 00000000;
841f : 00000000;
8420 : 00000000;
8421 : 00000000;
8422 : 00000000;
8423 : 00000000;
8424 : 00000000;
8425 : 00000000;
8426 : 00000000;
8427 : 00000000;
8428 : 00000000;
8429 : 00000000;
842a : 00000000;
842b : 00000000;
842c : 00000000;
842d : 00000000;
842e : 00000000;
842f : 00000000;
8430 : 00000000;
8431 : 00000000;
8432 : 00000000;
8433 : 00000000;
8434 : 00000000;
8435 : 00000000;
8436 : 00000000;
8437 : 00000000;
8438 : 00000000;
8439 : 00000000;
843a : 00000000;
843b : 00000000;
843c : 00000000;
843d : 00000000;
843e : 00000000;
843f : 00000000;
8440 : 00000000;
8441 : 00000000;
8442 : 00000000;
8443 : 00000000;
8444 : 00000000;
8445 : 00000000;
8446 : 00000000;
8447 : 00000000;
8448 : 00000000;
8449 : 00000000;
844a : 00000000;
844b : 00000000;
844c : 00000000;
844d : 00000000;
844e : 00000000;
844f : 00000000;
8450 : 00000000;
8451 : 00000000;
8452 : 00000000;
8453 : 00000000;
8454 : 00000000;
8455 : 00000000;
8456 : 00000000;
8457 : 00000000;
8458 : 00000000;
8459 : 00000000;
845a : 00000000;
845b : 00000000;
845c : 00000000;
845d : 00000000;
845e : 00000000;
845f : 00000000;
8460 : 00000000;
8461 : 00000000;
8462 : 00000000;
8463 : 00000000;
8464 : 00000000;
8465 : 00000000;
8466 : 00000000;
8467 : 00000000;
8468 : 00000000;
8469 : 00000000;
846a : 00000000;
846b : 00000000;
846c : 00000000;
846d : 00000000;
846e : 00000000;
846f : 00000000;
8470 : 00000000;
8471 : 00000000;
8472 : 00000000;
8473 : 00000000;
8474 : 00000000;
8475 : 00000000;
8476 : 00000000;
8477 : 00000000;
8478 : 00000000;
8479 : 00000000;
847a : 00000000;
847b : 00000000;
847c : 00000000;
847d : 00000000;
847e : 00000000;
847f : 00000000;
8480 : 00000000;
8481 : 00000000;
8482 : 00000000;
8483 : 00000000;
8484 : 00000000;
8485 : 00000000;
8486 : 00000000;
8487 : 00000000;
8488 : 00000000;
8489 : 00000000;
848a : 00000000;
848b : 00000000;
848c : 00000000;
848d : 00000000;
848e : 00000000;
848f : 00000000;
8490 : 00000000;
8491 : 00000000;
8492 : 00000000;
8493 : 00000000;
8494 : 00000000;
8495 : 00000000;
8496 : 00000000;
8497 : 00000000;
8498 : 00000000;
8499 : 00000000;
849a : 00000000;
849b : 00000000;
849c : 00000000;
849d : 00000000;
849e : 00000000;
849f : 00000000;
84a0 : 00000000;
84a1 : 00000000;
84a2 : 00000000;
84a3 : 00000000;
84a4 : 00000000;
84a5 : 00000000;
84a6 : 00000000;
84a7 : 00000000;
84a8 : 00000000;
84a9 : 00000000;
84aa : 00000000;
84ab : 00000000;
84ac : 00000000;
84ad : 00000000;
84ae : 00000000;
84af : 00000000;
84b0 : 00000000;
84b1 : 00000000;
84b2 : 00000000;
84b3 : 00000000;
84b4 : 00000000;
84b5 : 00000000;
84b6 : 00000000;
84b7 : 00000000;
84b8 : 00000000;
84b9 : 00000000;
84ba : 00000000;
84bb : 00000000;
84bc : 00000000;
84bd : 00000000;
84be : 00000000;
84bf : 00000000;
84c0 : 00000000;
84c1 : 00000000;
84c2 : 00000000;
84c3 : 00000000;
84c4 : 00000000;
84c5 : 00000000;
84c6 : 00000000;
84c7 : 00000000;
84c8 : 00000000;
84c9 : 00000000;
84ca : 00000000;
84cb : 00000000;
84cc : 00000000;
84cd : 00000000;
84ce : 00000000;
84cf : 00000000;
84d0 : 00000000;
84d1 : 00000000;
84d2 : 00000000;
84d3 : 00000000;
84d4 : 00000000;
84d5 : 00000000;
84d6 : 00000000;
84d7 : 00000000;
84d8 : 00000000;
84d9 : 00000000;
84da : 00000000;
84db : 00000000;
84dc : 00000000;
84dd : 00000000;
84de : 00000000;
84df : 00000000;
84e0 : 00000000;
84e1 : 00000000;
84e2 : 00000000;
84e3 : 00000000;
84e4 : 00000000;
84e5 : 00000000;
84e6 : 00000000;
84e7 : 00000000;
84e8 : 00000000;
84e9 : 00000000;
84ea : 00000000;
84eb : 00000000;
84ec : 00000000;
84ed : 00000000;
84ee : 00000000;
84ef : 00000000;
84f0 : 00000000;
84f1 : 00000000;
84f2 : 00000000;
84f3 : 00000000;
84f4 : 00000000;
84f5 : 00000000;
84f6 : 00000000;
84f7 : 00000000;
84f8 : 00000000;
84f9 : 00000000;
84fa : 00000000;
84fb : 00000000;
84fc : 00000000;
84fd : 00000000;
84fe : 00000000;
84ff : 00000000;
8500 : 00000000;
8501 : 00000000;
8502 : 00000000;
8503 : 00000000;
8504 : 00000000;
8505 : 00000000;
8506 : 00000000;
8507 : 00000000;
8508 : 00000000;
8509 : 00000000;
850a : 00000000;
850b : 00000000;
850c : 00000000;
850d : 00000000;
850e : 00000000;
850f : 00000000;
8510 : 00000000;
8511 : 00000000;
8512 : 00000000;
8513 : 00000000;
8514 : 00000000;
8515 : 00000000;
8516 : 00000000;
8517 : 00000000;
8518 : 00000000;
8519 : 00000000;
851a : 00000000;
851b : 00000000;
851c : 00000000;
851d : 00000000;
851e : 00000000;
851f : 00000000;
8520 : 00000000;
8521 : 00000000;
8522 : 00000000;
8523 : 00000000;
8524 : 00000000;
8525 : 00000000;
8526 : 00000000;
8527 : 00000000;
8528 : 00000000;
8529 : 00000000;
852a : 00000000;
852b : 00000000;
852c : 00000000;
852d : 00000000;
852e : 00000000;
852f : 00000000;
8530 : 00000000;
8531 : 00000000;
8532 : 00000000;
8533 : 00000000;
8534 : 00000000;
8535 : 00000000;
8536 : 00000000;
8537 : 00000000;
8538 : 00000000;
8539 : 00000000;
853a : 00000000;
853b : 00000000;
853c : 00000000;
853d : 00000000;
853e : 00000000;
853f : 00000000;
8540 : 00000000;
8541 : 00000000;
8542 : 00000000;
8543 : 00000000;
8544 : 00000000;
8545 : 00000000;
8546 : 00000000;
8547 : 00000000;
8548 : 00000000;
8549 : 00000000;
854a : 00000000;
854b : 00000000;
854c : 00000000;
854d : 00000000;
854e : 00000000;
854f : 00000000;
8550 : 00000000;
8551 : 00000000;
8552 : 00000000;
8553 : 00000000;
8554 : 00000000;
8555 : 00000000;
8556 : 00000000;
8557 : 00000000;
8558 : 00000000;
8559 : 00000000;
855a : 00000000;
855b : 00000000;
855c : 00000000;
855d : 00000000;
855e : 00000000;
855f : 00000000;
8560 : 00000000;
8561 : 00000000;
8562 : 00000000;
8563 : 00000000;
8564 : 00000000;
8565 : 00000000;
8566 : 00000000;
8567 : 00000000;
8568 : 00000000;
8569 : 00000000;
856a : 00000000;
856b : 00000000;
856c : 00000000;
856d : 00000000;
856e : 00000000;
856f : 00000000;
8570 : 00000000;
8571 : 00000000;
8572 : 00000000;
8573 : 00000000;
8574 : 00000000;
8575 : 00000000;
8576 : 00000000;
8577 : 00000000;
8578 : 00000000;
8579 : 00000000;
857a : 00000000;
857b : 00000000;
857c : 00000000;
857d : 00000000;
857e : 00000000;
857f : 00000000;
8580 : 00000000;
8581 : 00000000;
8582 : 00000000;
8583 : 00000000;
8584 : 00000000;
8585 : 00000000;
8586 : 00000000;
8587 : 00000000;
8588 : 00000000;
8589 : 00000000;
858a : 00000000;
858b : 00000000;
858c : 00000000;
858d : 00000000;
858e : 00000000;
858f : 00000000;
8590 : 00000000;
8591 : 00000000;
8592 : 00000000;
8593 : 00000000;
8594 : 00000000;
8595 : 00000000;
8596 : 00000000;
8597 : 00000000;
8598 : 00000000;
8599 : 00000000;
859a : 00000000;
859b : 00000000;
859c : 00000000;
859d : 00000000;
859e : 00000000;
859f : 00000000;
85a0 : 00000000;
85a1 : 00000000;
85a2 : 00000000;
85a3 : 00000000;
85a4 : 00000000;
85a5 : 00000000;
85a6 : 00000000;
85a7 : 00000000;
85a8 : 00000000;
85a9 : 00000000;
85aa : 00000000;
85ab : 00000000;
85ac : 00000000;
85ad : 00000000;
85ae : 00000000;
85af : 00000000;
85b0 : 00000000;
85b1 : 00000000;
85b2 : 00000000;
85b3 : 00000000;
85b4 : 00000000;
85b5 : 00000000;
85b6 : 00000000;
85b7 : 00000000;
85b8 : 00000000;
85b9 : 00000000;
85ba : 00000000;
85bb : 00000000;
85bc : 00000000;
85bd : 00000000;
85be : 00000000;
85bf : 00000000;
85c0 : 00000000;
85c1 : 00000000;
85c2 : 00000000;
85c3 : 00000000;
85c4 : 00000000;
85c5 : 00000000;
85c6 : 00000000;
85c7 : 00000000;
85c8 : 00000000;
85c9 : 00000000;
85ca : 00000000;
85cb : 00000000;
85cc : 00000000;
85cd : 00000000;
85ce : 00000000;
85cf : 00000000;
85d0 : 00000000;
85d1 : 00000000;
85d2 : 00000000;
85d3 : 00000000;
85d4 : 00000000;
85d5 : 00000000;
85d6 : 00000000;
85d7 : 00000000;
85d8 : 00000000;
85d9 : 00000000;
85da : 00000000;
85db : 00000000;
85dc : 00000000;
85dd : 00000000;
85de : 00000000;
85df : 00000000;
85e0 : 00000000;
85e1 : 00000000;
85e2 : 00000000;
85e3 : 00000000;
85e4 : 00000000;
85e5 : 00000000;
85e6 : 00000000;
85e7 : 00000000;
85e8 : 00000000;
85e9 : 00000000;
85ea : 00000000;
85eb : 00000000;
85ec : 00000000;
85ed : 00000000;
85ee : 00000000;
85ef : 00000000;
85f0 : 00000000;
85f1 : 00000000;
85f2 : 00000000;
85f3 : 00000000;
85f4 : 00000000;
85f5 : 00000000;
85f6 : 00000000;
85f7 : 00000000;
85f8 : 00000000;
85f9 : 00000000;
85fa : 00000000;
85fb : 00000000;
85fc : 00000000;
85fd : 00000000;
85fe : 00000000;
85ff : 00000000;
8600 : 00000000;
8601 : 00000000;
8602 : 00000000;
8603 : 00000000;
8604 : 00000000;
8605 : 00000000;
8606 : 00000000;
8607 : 00000000;
8608 : 00000000;
8609 : 00000000;
860a : 00000000;
860b : 00000000;
860c : 00000000;
860d : 00000000;
860e : 00000000;
860f : 00000000;
8610 : 00000000;
8611 : 00000000;
8612 : 00000000;
8613 : 00000000;
8614 : 00000000;
8615 : 00000000;
8616 : 00000000;
8617 : 00000000;
8618 : 00000000;
8619 : 00000000;
861a : 00000000;
861b : 00000000;
861c : 00000000;
861d : 00000000;
861e : 00000000;
861f : 00000000;
8620 : 00000000;
8621 : 00000000;
8622 : 00000000;
8623 : 00000000;
8624 : 00000000;
8625 : 00000000;
8626 : 00000000;
8627 : 00000000;
8628 : 00000000;
8629 : 00000000;
862a : 00000000;
862b : 00000000;
862c : 00000000;
862d : 00000000;
862e : 00000000;
862f : 00000000;
8630 : 00000000;
8631 : 00000000;
8632 : 00000000;
8633 : 00000000;
8634 : 00000000;
8635 : 00000000;
8636 : 00000000;
8637 : 00000000;
8638 : 00000000;
8639 : 00000000;
863a : 00000000;
863b : 00000000;
863c : 00000000;
863d : 00000000;
863e : 00000000;
863f : 00000000;
8640 : 00000000;
8641 : 00000000;
8642 : 00000000;
8643 : 00000000;
8644 : 00000000;
8645 : 00000000;
8646 : 00000000;
8647 : 00000000;
8648 : 00000000;
8649 : 00000000;
864a : 00000000;
864b : 00000000;
864c : 00000000;
864d : 00000000;
864e : 00000000;
864f : 00000000;
8650 : 00000000;
8651 : 00000000;
8652 : 00000000;
8653 : 00000000;
8654 : 00000000;
8655 : 00000000;
8656 : 00000000;
8657 : 00000000;
8658 : 00000000;
8659 : 00000000;
865a : 00000000;
865b : 00000000;
865c : 00000000;
865d : 00000000;
865e : 00000000;
865f : 00000000;
8660 : 00000000;
8661 : 00000000;
8662 : 00000000;
8663 : 00000000;
8664 : 00000000;
8665 : 00000000;
8666 : 00000000;
8667 : 00000000;
8668 : 00000000;
8669 : 00000000;
866a : 00000000;
866b : 00000000;
866c : 00000000;
866d : 00000000;
866e : 00000000;
866f : 00000000;
8670 : 00000000;
8671 : 00000000;
8672 : 00000000;
8673 : 00000000;
8674 : 00000000;
8675 : 00000000;
8676 : 00000000;
8677 : 00000000;
8678 : 00000000;
8679 : 00000000;
867a : 00000000;
867b : 00000000;
867c : 00000000;
867d : 00000000;
867e : 00000000;
867f : 00000000;
8680 : 00000000;
8681 : 00000000;
8682 : 00000000;
8683 : 00000000;
8684 : 00000000;
8685 : 00000000;
8686 : 00000000;
8687 : 00000000;
8688 : 00000000;
8689 : 00000000;
868a : 00000000;
868b : 00000000;
868c : 00000000;
868d : 00000000;
868e : 00000000;
868f : 00000000;
8690 : 00000000;
8691 : 00000000;
8692 : 00000000;
8693 : 00000000;
8694 : 00000000;
8695 : 00000000;
8696 : 00000000;
8697 : 00000000;
8698 : 00000000;
8699 : 00000000;
869a : 00000000;
869b : 00000000;
869c : 00000000;
869d : 00000000;
869e : 00000000;
869f : 00000000;
86a0 : 00000000;
86a1 : 00000000;
86a2 : 00000000;
86a3 : 00000000;
86a4 : 00000000;
86a5 : 00000000;
86a6 : 00000000;
86a7 : 00000000;
86a8 : 00000000;
86a9 : 00000000;
86aa : 00000000;
86ab : 00000000;
86ac : 00000000;
86ad : 00000000;
86ae : 00000000;
86af : 00000000;
86b0 : 00000000;
86b1 : 00000000;
86b2 : 00000000;
86b3 : 00000000;
86b4 : 00000000;
86b5 : 00000000;
86b6 : 00000000;
86b7 : 00000000;
86b8 : 00000000;
86b9 : 00000000;
86ba : 00000000;
86bb : 00000000;
86bc : 00000000;
86bd : 00000000;
86be : 00000000;
86bf : 00000000;
86c0 : 00000000;
86c1 : 00000000;
86c2 : 00000000;
86c3 : 00000000;
86c4 : 00000000;
86c5 : 00000000;
86c6 : 00000000;
86c7 : 00000000;
86c8 : 00000000;
86c9 : 00000000;
86ca : 00000000;
86cb : 00000000;
86cc : 00000000;
86cd : 00000000;
86ce : 00000000;
86cf : 00000000;
86d0 : 00000000;
86d1 : 00000000;
86d2 : 00000000;
86d3 : 00000000;
86d4 : 00000000;
86d5 : 00000000;
86d6 : 00000000;
86d7 : 00000000;
86d8 : 00000000;
86d9 : 00000000;
86da : 00000000;
86db : 00000000;
86dc : 00000000;
86dd : 00000000;
86de : 00000000;
86df : 00000000;
86e0 : 00000000;
86e1 : 00000000;
86e2 : 00000000;
86e3 : 00000000;
86e4 : 00000000;
86e5 : 00000000;
86e6 : 00000000;
86e7 : 00000000;
86e8 : 00000000;
86e9 : 00000000;
86ea : 00000000;
86eb : 00000000;
86ec : 00000000;
86ed : 00000000;
86ee : 00000000;
86ef : 00000000;
86f0 : 00000000;
86f1 : 00000000;
86f2 : 00000000;
86f3 : 00000000;
86f4 : 00000000;
86f5 : 00000000;
86f6 : 00000000;
86f7 : 00000000;
86f8 : 00000000;
86f9 : 00000000;
86fa : 00000000;
86fb : 00000000;
86fc : 00000000;
86fd : 00000000;
86fe : 00000000;
86ff : 00000000;
8700 : 00000000;
8701 : 00000000;
8702 : 00000000;
8703 : 00000000;
8704 : 00000000;
8705 : 00000000;
8706 : 00000000;
8707 : 00000000;
8708 : 00000000;
8709 : 00000000;
870a : 00000000;
870b : 00000000;
870c : 00000000;
870d : 00000000;
870e : 00000000;
870f : 00000000;
8710 : 00000000;
8711 : 00000000;
8712 : 00000000;
8713 : 00000000;
8714 : 00000000;
8715 : 00000000;
8716 : 00000000;
8717 : 00000000;
8718 : 00000000;
8719 : 00000000;
871a : 00000000;
871b : 00000000;
871c : 00000000;
871d : 00000000;
871e : 00000000;
871f : 00000000;
8720 : 00000000;
8721 : 00000000;
8722 : 00000000;
8723 : 00000000;
8724 : 00000000;
8725 : 00000000;
8726 : 00000000;
8727 : 00000000;
8728 : 00000000;
8729 : 00000000;
872a : 00000000;
872b : 00000000;
872c : 00000000;
872d : 00000000;
872e : 00000000;
872f : 00000000;
8730 : 00000000;
8731 : 00000000;
8732 : 00000000;
8733 : 00000000;
8734 : 00000000;
8735 : 00000000;
8736 : 00000000;
8737 : 00000000;
8738 : 00000000;
8739 : 00000000;
873a : 00000000;
873b : 00000000;
873c : 00000000;
873d : 00000000;
873e : 00000000;
873f : 00000000;
8740 : 00000000;
8741 : 00000000;
8742 : 00000000;
8743 : 00000000;
8744 : 00000000;
8745 : 00000000;
8746 : 00000000;
8747 : 00000000;
8748 : 00000000;
8749 : 00000000;
874a : 00000000;
874b : 00000000;
874c : 00000000;
874d : 00000000;
874e : 00000000;
874f : 00000000;
8750 : 00000000;
8751 : 00000000;
8752 : 00000000;
8753 : 00000000;
8754 : 00000000;
8755 : 00000000;
8756 : 00000000;
8757 : 00000000;
8758 : 00000000;
8759 : 00000000;
875a : 00000000;
875b : 00000000;
875c : 00000000;
875d : 00000000;
875e : 00000000;
875f : 00000000;
8760 : 00000000;
8761 : 00000000;
8762 : 00000000;
8763 : 00000000;
8764 : 00000000;
8765 : 00000000;
8766 : 00000000;
8767 : 00000000;
8768 : 00000000;
8769 : 00000000;
876a : 00000000;
876b : 00000000;
876c : 00000000;
876d : 00000000;
876e : 00000000;
876f : 00000000;
8770 : 00000000;
8771 : 00000000;
8772 : 00000000;
8773 : 00000000;
8774 : 00000000;
8775 : 00000000;
8776 : 00000000;
8777 : 00000000;
8778 : 00000000;
8779 : 00000000;
877a : 00000000;
877b : 00000000;
877c : 00000000;
877d : 00000000;
877e : 00000000;
877f : 00000000;
8780 : 00000000;
8781 : 00000000;
8782 : 00000000;
8783 : 00000000;
8784 : 00000000;
8785 : 00000000;
8786 : 00000000;
8787 : 00000000;
8788 : 00000000;
8789 : 00000000;
878a : 00000000;
878b : 00000000;
878c : 00000000;
878d : 00000000;
878e : 00000000;
878f : 00000000;
8790 : 00000000;
8791 : 00000000;
8792 : 00000000;
8793 : 00000000;
8794 : 00000000;
8795 : 00000000;
8796 : 00000000;
8797 : 00000000;
8798 : 00000000;
8799 : 00000000;
879a : 00000000;
879b : 00000000;
879c : 00000000;
879d : 00000000;
879e : 00000000;
879f : 00000000;
87a0 : 00000000;
87a1 : 00000000;
87a2 : 00000000;
87a3 : 00000000;
87a4 : 00000000;
87a5 : 00000000;
87a6 : 00000000;
87a7 : 00000000;
87a8 : 00000000;
87a9 : 00000000;
87aa : 00000000;
87ab : 00000000;
87ac : 00000000;
87ad : 00000000;
87ae : 00000000;
87af : 00000000;
87b0 : 00000000;
87b1 : 00000000;
87b2 : 00000000;
87b3 : 00000000;
87b4 : 00000000;
87b5 : 00000000;
87b6 : 00000000;
87b7 : 00000000;
87b8 : 00000000;
87b9 : 00000000;
87ba : 00000000;
87bb : 00000000;
87bc : 00000000;
87bd : 00000000;
87be : 00000000;
87bf : 00000000;
87c0 : 00000000;
87c1 : 00000000;
87c2 : 00000000;
87c3 : 00000000;
87c4 : 00000000;
87c5 : 00000000;
87c6 : 00000000;
87c7 : 00000000;
87c8 : 00000000;
87c9 : 00000000;
87ca : 00000000;
87cb : 00000000;
87cc : 00000000;
87cd : 00000000;
87ce : 00000000;
87cf : 00000000;
87d0 : 00000000;
87d1 : 00000000;
87d2 : 00000000;
87d3 : 00000000;
87d4 : 00000000;
87d5 : 00000000;
87d6 : 00000000;
87d7 : 00000000;
87d8 : 00000000;
87d9 : 00000000;
87da : 00000000;
87db : 00000000;
87dc : 00000000;
87dd : 00000000;
87de : 00000000;
87df : 00000000;
87e0 : 00000000;
87e1 : 00000000;
87e2 : 00000000;
87e3 : 00000000;
87e4 : 00000000;
87e5 : 00000000;
87e6 : 00000000;
87e7 : 00000000;
87e8 : 00000000;
87e9 : 00000000;
87ea : 00000000;
87eb : 00000000;
87ec : 00000000;
87ed : 00000000;
87ee : 00000000;
87ef : 00000000;
87f0 : 00000000;
87f1 : 00000000;
87f2 : 00000000;
87f3 : 00000000;
87f4 : 00000000;
87f5 : 00000000;
87f6 : 00000000;
87f7 : 00000000;
87f8 : 00000000;
87f9 : 00000000;
87fa : 00000000;
87fb : 00000000;
87fc : 00000000;
87fd : 00000000;
87fe : 00000000;
87ff : 00000000;
8800 : 00000000;
8801 : 00000000;
8802 : 00000000;
8803 : 00000000;
8804 : 00000000;
8805 : 00000000;
8806 : 00000000;
8807 : 00000000;
8808 : 00000000;
8809 : 00000000;
880a : 00000000;
880b : 00000000;
880c : 00000000;
880d : 00000000;
880e : 00000000;
880f : 00000000;
8810 : 00000000;
8811 : 00000000;
8812 : 00000000;
8813 : 00000000;
8814 : 00000000;
8815 : 00000000;
8816 : 00000000;
8817 : 00000000;
8818 : 00000000;
8819 : 00000000;
881a : 00000000;
881b : 00000000;
881c : 00000000;
881d : 00000000;
881e : 00000000;
881f : 00000000;
8820 : 00000000;
8821 : 00000000;
8822 : 00000000;
8823 : 00000000;
8824 : 00000000;
8825 : 00000000;
8826 : 00000000;
8827 : 00000000;
8828 : 00000000;
8829 : 00000000;
882a : 00000000;
882b : 00000000;
882c : 00000000;
882d : 00000000;
882e : 00000000;
882f : 00000000;
8830 : 00000000;
8831 : 00000000;
8832 : 00000000;
8833 : 00000000;
8834 : 00000000;
8835 : 00000000;
8836 : 00000000;
8837 : 00000000;
8838 : 00000000;
8839 : 00000000;
883a : 00000000;
883b : 00000000;
883c : 00000000;
883d : 00000000;
883e : 00000000;
883f : 00000000;
8840 : 00000000;
8841 : 00000000;
8842 : 00000000;
8843 : 00000000;
8844 : 00000000;
8845 : 00000000;
8846 : 00000000;
8847 : 00000000;
8848 : 00000000;
8849 : 00000000;
884a : 00000000;
884b : 00000000;
884c : 00000000;
884d : 00000000;
884e : 00000000;
884f : 00000000;
8850 : 00000000;
8851 : 00000000;
8852 : 00000000;
8853 : 00000000;
8854 : 00000000;
8855 : 00000000;
8856 : 00000000;
8857 : 00000000;
8858 : 00000000;
8859 : 00000000;
885a : 00000000;
885b : 00000000;
885c : 00000000;
885d : 00000000;
885e : 00000000;
885f : 00000000;
8860 : 00000000;
8861 : 00000000;
8862 : 00000000;
8863 : 00000000;
8864 : 00000000;
8865 : 00000000;
8866 : 00000000;
8867 : 00000000;
8868 : 00000000;
8869 : 00000000;
886a : 00000000;
886b : 00000000;
886c : 00000000;
886d : 00000000;
886e : 00000000;
886f : 00000000;
8870 : 00000000;
8871 : 00000000;
8872 : 00000000;
8873 : 00000000;
8874 : 00000000;
8875 : 00000000;
8876 : 00000000;
8877 : 00000000;
8878 : 00000000;
8879 : 00000000;
887a : 00000000;
887b : 00000000;
887c : 00000000;
887d : 00000000;
887e : 00000000;
887f : 00000000;
8880 : 00000000;
8881 : 00000000;
8882 : 00000000;
8883 : 00000000;
8884 : 00000000;
8885 : 00000000;
8886 : 00000000;
8887 : 00000000;
8888 : 00000000;
8889 : 00000000;
888a : 00000000;
888b : 00000000;
888c : 00000000;
888d : 00000000;
888e : 00000000;
888f : 00000000;
8890 : 00000000;
8891 : 00000000;
8892 : 00000000;
8893 : 00000000;
8894 : 00000000;
8895 : 00000000;
8896 : 00000000;
8897 : 00000000;
8898 : 00000000;
8899 : 00000000;
889a : 00000000;
889b : 00000000;
889c : 00000000;
889d : 00000000;
889e : 00000000;
889f : 00000000;
88a0 : 00000000;
88a1 : 00000000;
88a2 : 00000000;
88a3 : 00000000;
88a4 : 00000000;
88a5 : 00000000;
88a6 : 00000000;
88a7 : 00000000;
88a8 : 00000000;
88a9 : 00000000;
88aa : 00000000;
88ab : 00000000;
88ac : 00000000;
88ad : 00000000;
88ae : 00000000;
88af : 00000000;
88b0 : 00000000;
88b1 : 00000000;
88b2 : 00000000;
88b3 : 00000000;
88b4 : 00000000;
88b5 : 00000000;
88b6 : 00000000;
88b7 : 00000000;
88b8 : 00000000;
88b9 : 00000000;
88ba : 00000000;
88bb : 00000000;
88bc : 00000000;
88bd : 00000000;
88be : 00000000;
88bf : 00000000;
88c0 : 00000000;
88c1 : 00000000;
88c2 : 00000000;
88c3 : 00000000;
88c4 : 00000000;
88c5 : 00000000;
88c6 : 00000000;
88c7 : 00000000;
88c8 : 00000000;
88c9 : 00000000;
88ca : 00000000;
88cb : 00000000;
88cc : 00000000;
88cd : 00000000;
88ce : 00000000;
88cf : 00000000;
88d0 : 00000000;
88d1 : 00000000;
88d2 : 00000000;
88d3 : 00000000;
88d4 : 00000000;
88d5 : 00000000;
88d6 : 00000000;
88d7 : 00000000;
88d8 : 00000000;
88d9 : 00000000;
88da : 00000000;
88db : 00000000;
88dc : 00000000;
88dd : 00000000;
88de : 00000000;
88df : 00000000;
88e0 : 00000000;
88e1 : 00000000;
88e2 : 00000000;
88e3 : 00000000;
88e4 : 00000000;
88e5 : 00000000;
88e6 : 00000000;
88e7 : 00000000;
88e8 : 00000000;
88e9 : 00000000;
88ea : 00000000;
88eb : 00000000;
88ec : 00000000;
88ed : 00000000;
88ee : 00000000;
88ef : 00000000;
88f0 : 00000000;
88f1 : 00000000;
88f2 : 00000000;
88f3 : 00000000;
88f4 : 00000000;
88f5 : 00000000;
88f6 : 00000000;
88f7 : 00000000;
88f8 : 00000000;
88f9 : 00000000;
88fa : 00000000;
88fb : 00000000;
88fc : 00000000;
88fd : 00000000;
88fe : 00000000;
88ff : 00000000;
8900 : 00000000;
8901 : 00000000;
8902 : 00000000;
8903 : 00000000;
8904 : 00000000;
8905 : 00000000;
8906 : 00000000;
8907 : 00000000;
8908 : 00000000;
8909 : 00000000;
890a : 00000000;
890b : 00000000;
890c : 00000000;
890d : 00000000;
890e : 00000000;
890f : 00000000;
8910 : 00000000;
8911 : 00000000;
8912 : 00000000;
8913 : 00000000;
8914 : 00000000;
8915 : 00000000;
8916 : 00000000;
8917 : 00000000;
8918 : 00000000;
8919 : 00000000;
891a : 00000000;
891b : 00000000;
891c : 00000000;
891d : 00000000;
891e : 00000000;
891f : 00000000;
8920 : 00000000;
8921 : 00000000;
8922 : 00000000;
8923 : 00000000;
8924 : 00000000;
8925 : 00000000;
8926 : 00000000;
8927 : 00000000;
8928 : 00000000;
8929 : 00000000;
892a : 00000000;
892b : 00000000;
892c : 00000000;
892d : 00000000;
892e : 00000000;
892f : 00000000;
8930 : 00000000;
8931 : 00000000;
8932 : 00000000;
8933 : 00000000;
8934 : 00000000;
8935 : 00000000;
8936 : 00000000;
8937 : 00000000;
8938 : 00000000;
8939 : 00000000;
893a : 00000000;
893b : 00000000;
893c : 00000000;
893d : 00000000;
893e : 00000000;
893f : 00000000;
8940 : 00000000;
8941 : 00000000;
8942 : 00000000;
8943 : 00000000;
8944 : 00000000;
8945 : 00000000;
8946 : 00000000;
8947 : 00000000;
8948 : 00000000;
8949 : 00000000;
894a : 00000000;
894b : 00000000;
894c : 00000000;
894d : 00000000;
894e : 00000000;
894f : 00000000;
8950 : 00000000;
8951 : 00000000;
8952 : 00000000;
8953 : 00000000;
8954 : 00000000;
8955 : 00000000;
8956 : 00000000;
8957 : 00000000;
8958 : 00000000;
8959 : 00000000;
895a : 00000000;
895b : 00000000;
895c : 00000000;
895d : 00000000;
895e : 00000000;
895f : 00000000;
8960 : 00000000;
8961 : 00000000;
8962 : 00000000;
8963 : 00000000;
8964 : 00000000;
8965 : 00000000;
8966 : 00000000;
8967 : 00000000;
8968 : 00000000;
8969 : 00000000;
896a : 00000000;
896b : 00000000;
896c : 00000000;
896d : 00000000;
896e : 00000000;
896f : 00000000;
8970 : 00000000;
8971 : 00000000;
8972 : 00000000;
8973 : 00000000;
8974 : 00000000;
8975 : 00000000;
8976 : 00000000;
8977 : 00000000;
8978 : 00000000;
8979 : 00000000;
897a : 00000000;
897b : 00000000;
897c : 00000000;
897d : 00000000;
897e : 00000000;
897f : 00000000;
8980 : 00000000;
8981 : 00000000;
8982 : 00000000;
8983 : 00000000;
8984 : 00000000;
8985 : 00000000;
8986 : 00000000;
8987 : 00000000;
8988 : 00000000;
8989 : 00000000;
898a : 00000000;
898b : 00000000;
898c : 00000000;
898d : 00000000;
898e : 00000000;
898f : 00000000;
8990 : 00000000;
8991 : 00000000;
8992 : 00000000;
8993 : 00000000;
8994 : 00000000;
8995 : 00000000;
8996 : 00000000;
8997 : 00000000;
8998 : 00000000;
8999 : 00000000;
899a : 00000000;
899b : 00000000;
899c : 00000000;
899d : 00000000;
899e : 00000000;
899f : 00000000;
89a0 : 00000000;
89a1 : 00000000;
89a2 : 00000000;
89a3 : 00000000;
89a4 : 00000000;
89a5 : 00000000;
89a6 : 00000000;
89a7 : 00000000;
89a8 : 00000000;
89a9 : 00000000;
89aa : 00000000;
89ab : 00000000;
89ac : 00000000;
89ad : 00000000;
89ae : 00000000;
89af : 00000000;
89b0 : 00000000;
89b1 : 00000000;
89b2 : 00000000;
89b3 : 00000000;
89b4 : 00000000;
89b5 : 00000000;
89b6 : 00000000;
89b7 : 00000000;
89b8 : 00000000;
89b9 : 00000000;
89ba : 00000000;
89bb : 00000000;
89bc : 00000000;
89bd : 00000000;
89be : 00000000;
89bf : 00000000;
89c0 : 00000000;
89c1 : 00000000;
89c2 : 00000000;
89c3 : 00000000;
89c4 : 00000000;
89c5 : 00000000;
89c6 : 00000000;
89c7 : 00000000;
89c8 : 00000000;
89c9 : 00000000;
89ca : 00000000;
89cb : 00000000;
89cc : 00000000;
89cd : 00000000;
89ce : 00000000;
89cf : 00000000;
89d0 : 00000000;
89d1 : 00000000;
89d2 : 00000000;
89d3 : 00000000;
89d4 : 00000000;
89d5 : 00000000;
89d6 : 00000000;
89d7 : 00000000;
89d8 : 00000000;
89d9 : 00000000;
89da : 00000000;
89db : 00000000;
89dc : 00000000;
89dd : 00000000;
89de : 00000000;
89df : 00000000;
89e0 : 00000000;
89e1 : 00000000;
89e2 : 00000000;
89e3 : 00000000;
89e4 : 00000000;
89e5 : 00000000;
89e6 : 00000000;
89e7 : 00000000;
89e8 : 00000000;
89e9 : 00000000;
89ea : 00000000;
89eb : 00000000;
89ec : 00000000;
89ed : 00000000;
89ee : 00000000;
89ef : 00000000;
89f0 : 00000000;
89f1 : 00000000;
89f2 : 00000000;
89f3 : 00000000;
89f4 : 00000000;
89f5 : 00000000;
89f6 : 00000000;
89f7 : 00000000;
89f8 : 00000000;
89f9 : 00000000;
89fa : 00000000;
89fb : 00000000;
89fc : 00000000;
89fd : 00000000;
89fe : 00000000;
89ff : 00000000;
8a00 : 00000000;
8a01 : 00000000;
8a02 : 00000000;
8a03 : 00000000;
8a04 : 00000000;
8a05 : 00000000;
8a06 : 00000000;
8a07 : 00000000;
8a08 : 00000000;
8a09 : 00000000;
8a0a : 00000000;
8a0b : 00000000;
8a0c : 00000000;
8a0d : 00000000;
8a0e : 00000000;
8a0f : 00000000;
8a10 : 00000000;
8a11 : 00000000;
8a12 : 00000000;
8a13 : 00000000;
8a14 : 00000000;
8a15 : 00000000;
8a16 : 00000000;
8a17 : 00000000;
8a18 : 00000000;
8a19 : 00000000;
8a1a : 00000000;
8a1b : 00000000;
8a1c : 00000000;
8a1d : 00000000;
8a1e : 00000000;
8a1f : 00000000;
8a20 : 00000000;
8a21 : 00000000;
8a22 : 00000000;
8a23 : 00000000;
8a24 : 00000000;
8a25 : 00000000;
8a26 : 00000000;
8a27 : 00000000;
8a28 : 00000000;
8a29 : 00000000;
8a2a : 00000000;
8a2b : 00000000;
8a2c : 00000000;
8a2d : 00000000;
8a2e : 00000000;
8a2f : 00000000;
8a30 : 00000000;
8a31 : 00000000;
8a32 : 00000000;
8a33 : 00000000;
8a34 : 00000000;
8a35 : 00000000;
8a36 : 00000000;
8a37 : 00000000;
8a38 : 00000000;
8a39 : 00000000;
8a3a : 00000000;
8a3b : 00000000;
8a3c : 00000000;
8a3d : 00000000;
8a3e : 00000000;
8a3f : 00000000;
8a40 : 00000000;
8a41 : 00000000;
8a42 : 00000000;
8a43 : 00000000;
8a44 : 00000000;
8a45 : 00000000;
8a46 : 00000000;
8a47 : 00000000;
8a48 : 00000000;
8a49 : 00000000;
8a4a : 00000000;
8a4b : 00000000;
8a4c : 00000000;
8a4d : 00000000;
8a4e : 00000000;
8a4f : 00000000;
8a50 : 00000000;
8a51 : 00000000;
8a52 : 00000000;
8a53 : 00000000;
8a54 : 00000000;
8a55 : 00000000;
8a56 : 00000000;
8a57 : 00000000;
8a58 : 00000000;
8a59 : 00000000;
8a5a : 00000000;
8a5b : 00000000;
8a5c : 00000000;
8a5d : 00000000;
8a5e : 00000000;
8a5f : 00000000;
8a60 : 00000000;
8a61 : 00000000;
8a62 : 00000000;
8a63 : 00000000;
8a64 : 00000000;
8a65 : 00000000;
8a66 : 00000000;
8a67 : 00000000;
8a68 : 00000000;
8a69 : 00000000;
8a6a : 00000000;
8a6b : 00000000;
8a6c : 00000000;
8a6d : 00000000;
8a6e : 00000000;
8a6f : 00000000;
8a70 : 00000000;
8a71 : 00000000;
8a72 : 00000000;
8a73 : 00000000;
8a74 : 00000000;
8a75 : 00000000;
8a76 : 00000000;
8a77 : 00000000;
8a78 : 00000000;
8a79 : 00000000;
8a7a : 00000000;
8a7b : 00000000;
8a7c : 00000000;
8a7d : 00000000;
8a7e : 00000000;
8a7f : 00000000;
8a80 : 00000000;
8a81 : 00000000;
8a82 : 00000000;
8a83 : 00000000;
8a84 : 00000000;
8a85 : 00000000;
8a86 : 00000000;
8a87 : 00000000;
8a88 : 00000000;
8a89 : 00000000;
8a8a : 00000000;
8a8b : 00000000;
8a8c : 00000000;
8a8d : 00000000;
8a8e : 00000000;
8a8f : 00000000;
8a90 : 00000000;
8a91 : 00000000;
8a92 : 00000000;
8a93 : 00000000;
8a94 : 00000000;
8a95 : 00000000;
8a96 : 00000000;
8a97 : 00000000;
8a98 : 00000000;
8a99 : 00000000;
8a9a : 00000000;
8a9b : 00000000;
8a9c : 00000000;
8a9d : 00000000;
8a9e : 00000000;
8a9f : 00000000;
8aa0 : 00000000;
8aa1 : 00000000;
8aa2 : 00000000;
8aa3 : 00000000;
8aa4 : 00000000;
8aa5 : 00000000;
8aa6 : 00000000;
8aa7 : 00000000;
8aa8 : 00000000;
8aa9 : 00000000;
8aaa : 00000000;
8aab : 00000000;
8aac : 00000000;
8aad : 00000000;
8aae : 00000000;
8aaf : 00000000;
8ab0 : 00000000;
8ab1 : 00000000;
8ab2 : 00000000;
8ab3 : 00000000;
8ab4 : 00000000;
8ab5 : 00000000;
8ab6 : 00000000;
8ab7 : 00000000;
8ab8 : 00000000;
8ab9 : 00000000;
8aba : 00000000;
8abb : 00000000;
8abc : 00000000;
8abd : 00000000;
8abe : 00000000;
8abf : 00000000;
8ac0 : 00000000;
8ac1 : 00000000;
8ac2 : 00000000;
8ac3 : 00000000;
8ac4 : 00000000;
8ac5 : 00000000;
8ac6 : 00000000;
8ac7 : 00000000;
8ac8 : 00000000;
8ac9 : 00000000;
8aca : 00000000;
8acb : 00000000;
8acc : 00000000;
8acd : 00000000;
8ace : 00000000;
8acf : 00000000;
8ad0 : 00000000;
8ad1 : 00000000;
8ad2 : 00000000;
8ad3 : 00000000;
8ad4 : 00000000;
8ad5 : 00000000;
8ad6 : 00000000;
8ad7 : 00000000;
8ad8 : 00000000;
8ad9 : 00000000;
8ada : 00000000;
8adb : 00000000;
8adc : 00000000;
8add : 00000000;
8ade : 00000000;
8adf : 00000000;
8ae0 : 00000000;
8ae1 : 00000000;
8ae2 : 00000000;
8ae3 : 00000000;
8ae4 : 00000000;
8ae5 : 00000000;
8ae6 : 00000000;
8ae7 : 00000000;
8ae8 : 00000000;
8ae9 : 00000000;
8aea : 00000000;
8aeb : 00000000;
8aec : 00000000;
8aed : 00000000;
8aee : 00000000;
8aef : 00000000;
8af0 : 00000000;
8af1 : 00000000;
8af2 : 00000000;
8af3 : 00000000;
8af4 : 00000000;
8af5 : 00000000;
8af6 : 00000000;
8af7 : 00000000;
8af8 : 00000000;
8af9 : 00000000;
8afa : 00000000;
8afb : 00000000;
8afc : 00000000;
8afd : 00000000;
8afe : 00000000;
8aff : 00000000;
8b00 : 00000000;
8b01 : 00000000;
8b02 : 00000000;
8b03 : 00000000;
8b04 : 00000000;
8b05 : 00000000;
8b06 : 00000000;
8b07 : 00000000;
8b08 : 00000000;
8b09 : 00000000;
8b0a : 00000000;
8b0b : 00000000;
8b0c : 00000000;
8b0d : 00000000;
8b0e : 00000000;
8b0f : 00000000;
8b10 : 00000000;
8b11 : 00000000;
8b12 : 00000000;
8b13 : 00000000;
8b14 : 00000000;
8b15 : 00000000;
8b16 : 00000000;
8b17 : 00000000;
8b18 : 00000000;
8b19 : 00000000;
8b1a : 00000000;
8b1b : 00000000;
8b1c : 00000000;
8b1d : 00000000;
8b1e : 00000000;
8b1f : 00000000;
8b20 : 00000000;
8b21 : 00000000;
8b22 : 00000000;
8b23 : 00000000;
8b24 : 00000000;
8b25 : 00000000;
8b26 : 00000000;
8b27 : 00000000;
8b28 : 00000000;
8b29 : 00000000;
8b2a : 00000000;
8b2b : 00000000;
8b2c : 00000000;
8b2d : 00000000;
8b2e : 00000000;
8b2f : 00000000;
8b30 : 00000000;
8b31 : 00000000;
8b32 : 00000000;
8b33 : 00000000;
8b34 : 00000000;
8b35 : 00000000;
8b36 : 00000000;
8b37 : 00000000;
8b38 : 00000000;
8b39 : 00000000;
8b3a : 00000000;
8b3b : 00000000;
8b3c : 00000000;
8b3d : 00000000;
8b3e : 00000000;
8b3f : 00000000;
8b40 : 00000000;
8b41 : 00000000;
8b42 : 00000000;
8b43 : 00000000;
8b44 : 00000000;
8b45 : 00000000;
8b46 : 00000000;
8b47 : 00000000;
8b48 : 00000000;
8b49 : 00000000;
8b4a : 00000000;
8b4b : 00000000;
8b4c : 00000000;
8b4d : 00000000;
8b4e : 00000000;
8b4f : 00000000;
8b50 : 00000000;
8b51 : 00000000;
8b52 : 00000000;
8b53 : 00000000;
8b54 : 00000000;
8b55 : 00000000;
8b56 : 00000000;
8b57 : 00000000;
8b58 : 00000000;
8b59 : 00000000;
8b5a : 00000000;
8b5b : 00000000;
8b5c : 00000000;
8b5d : 00000000;
8b5e : 00000000;
8b5f : 00000000;
8b60 : 00000000;
8b61 : 00000000;
8b62 : 00000000;
8b63 : 00000000;
8b64 : 00000000;
8b65 : 00000000;
8b66 : 00000000;
8b67 : 00000000;
8b68 : 00000000;
8b69 : 00000000;
8b6a : 00000000;
8b6b : 00000000;
8b6c : 00000000;
8b6d : 00000000;
8b6e : 00000000;
8b6f : 00000000;
8b70 : 00000000;
8b71 : 00000000;
8b72 : 00000000;
8b73 : 00000000;
8b74 : 00000000;
8b75 : 00000000;
8b76 : 00000000;
8b77 : 00000000;
8b78 : 00000000;
8b79 : 00000000;
8b7a : 00000000;
8b7b : 00000000;
8b7c : 00000000;
8b7d : 00000000;
8b7e : 00000000;
8b7f : 00000000;
8b80 : 00000000;
8b81 : 00000000;
8b82 : 00000000;
8b83 : 00000000;
8b84 : 00000000;
8b85 : 00000000;
8b86 : 00000000;
8b87 : 00000000;
8b88 : 00000000;
8b89 : 00000000;
8b8a : 00000000;
8b8b : 00000000;
8b8c : 00000000;
8b8d : 00000000;
8b8e : 00000000;
8b8f : 00000000;
8b90 : 00000000;
8b91 : 00000000;
8b92 : 00000000;
8b93 : 00000000;
8b94 : 00000000;
8b95 : 00000000;
8b96 : 00000000;
8b97 : 00000000;
8b98 : 00000000;
8b99 : 00000000;
8b9a : 00000000;
8b9b : 00000000;
8b9c : 00000000;
8b9d : 00000000;
8b9e : 00000000;
8b9f : 00000000;
8ba0 : 00000000;
8ba1 : 00000000;
8ba2 : 00000000;
8ba3 : 00000000;
8ba4 : 00000000;
8ba5 : 00000000;
8ba6 : 00000000;
8ba7 : 00000000;
8ba8 : 00000000;
8ba9 : 00000000;
8baa : 00000000;
8bab : 00000000;
8bac : 00000000;
8bad : 00000000;
8bae : 00000000;
8baf : 00000000;
8bb0 : 00000000;
8bb1 : 00000000;
8bb2 : 00000000;
8bb3 : 00000000;
8bb4 : 00000000;
8bb5 : 00000000;
8bb6 : 00000000;
8bb7 : 00000000;
8bb8 : 00000000;
8bb9 : 00000000;
8bba : 00000000;
8bbb : 00000000;
8bbc : 00000000;
8bbd : 00000000;
8bbe : 00000000;
8bbf : 00000000;
8bc0 : 00000000;
8bc1 : 00000000;
8bc2 : 00000000;
8bc3 : 00000000;
8bc4 : 00000000;
8bc5 : 00000000;
8bc6 : 00000000;
8bc7 : 00000000;
8bc8 : 00000000;
8bc9 : 00000000;
8bca : 00000000;
8bcb : 00000000;
8bcc : 00000000;
8bcd : 00000000;
8bce : 00000000;
8bcf : 00000000;
8bd0 : 00000000;
8bd1 : 00000000;
8bd2 : 00000000;
8bd3 : 00000000;
8bd4 : 00000000;
8bd5 : 00000000;
8bd6 : 00000000;
8bd7 : 00000000;
8bd8 : 00000000;
8bd9 : 00000000;
8bda : 00000000;
8bdb : 00000000;
8bdc : 00000000;
8bdd : 00000000;
8bde : 00000000;
8bdf : 00000000;
8be0 : 00000000;
8be1 : 00000000;
8be2 : 00000000;
8be3 : 00000000;
8be4 : 00000000;
8be5 : 00000000;
8be6 : 00000000;
8be7 : 00000000;
8be8 : 00000000;
8be9 : 00000000;
8bea : 00000000;
8beb : 00000000;
8bec : 00000000;
8bed : 00000000;
8bee : 00000000;
8bef : 00000000;
8bf0 : 00000000;
8bf1 : 00000000;
8bf2 : 00000000;
8bf3 : 00000000;
8bf4 : 00000000;
8bf5 : 00000000;
8bf6 : 00000000;
8bf7 : 00000000;
8bf8 : 00000000;
8bf9 : 00000000;
8bfa : 00000000;
8bfb : 00000000;
8bfc : 00000000;
8bfd : 00000000;
8bfe : 00000000;
8bff : 00000000;
8c00 : 00000000;
8c01 : 00000000;
8c02 : 00000000;
8c03 : 00000000;
8c04 : 00000000;
8c05 : 00000000;
8c06 : 00000000;
8c07 : 00000000;
8c08 : 00000000;
8c09 : 00000000;
8c0a : 00000000;
8c0b : 00000000;
8c0c : 00000000;
8c0d : 00000000;
8c0e : 00000000;
8c0f : 00000000;
8c10 : 00000000;
8c11 : 00000000;
8c12 : 00000000;
8c13 : 00000000;
8c14 : 00000000;
8c15 : 00000000;
8c16 : 00000000;
8c17 : 00000000;
8c18 : 00000000;
8c19 : 00000000;
8c1a : 00000000;
8c1b : 00000000;
8c1c : 00000000;
8c1d : 00000000;
8c1e : 00000000;
8c1f : 00000000;
8c20 : 00000000;
8c21 : 00000000;
8c22 : 00000000;
8c23 : 00000000;
8c24 : 00000000;
8c25 : 00000000;
8c26 : 00000000;
8c27 : 00000000;
8c28 : 00000000;
8c29 : 00000000;
8c2a : 00000000;
8c2b : 00000000;
8c2c : 00000000;
8c2d : 00000000;
8c2e : 00000000;
8c2f : 00000000;
8c30 : 00000000;
8c31 : 00000000;
8c32 : 00000000;
8c33 : 00000000;
8c34 : 00000000;
8c35 : 00000000;
8c36 : 00000000;
8c37 : 00000000;
8c38 : 00000000;
8c39 : 00000000;
8c3a : 00000000;
8c3b : 00000000;
8c3c : 00000000;
8c3d : 00000000;
8c3e : 00000000;
8c3f : 00000000;
8c40 : 00000000;
8c41 : 00000000;
8c42 : 00000000;
8c43 : 00000000;
8c44 : 00000000;
8c45 : 00000000;
8c46 : 00000000;
8c47 : 00000000;
8c48 : 00000000;
8c49 : 00000000;
8c4a : 00000000;
8c4b : 00000000;
8c4c : 00000000;
8c4d : 00000000;
8c4e : 00000000;
8c4f : 00000000;
8c50 : 00000000;
8c51 : 00000000;
8c52 : 00000000;
8c53 : 00000000;
8c54 : 00000000;
8c55 : 00000000;
8c56 : 00000000;
8c57 : 00000000;
8c58 : 00000000;
8c59 : 00000000;
8c5a : 00000000;
8c5b : 00000000;
8c5c : 00000000;
8c5d : 00000000;
8c5e : 00000000;
8c5f : 00000000;
8c60 : 00000000;
8c61 : 00000000;
8c62 : 00000000;
8c63 : 00000000;
8c64 : 00000000;
8c65 : 00000000;
8c66 : 00000000;
8c67 : 00000000;
8c68 : 00000000;
8c69 : 00000000;
8c6a : 00000000;
8c6b : 00000000;
8c6c : 00000000;
8c6d : 00000000;
8c6e : 00000000;
8c6f : 00000000;
8c70 : 00000000;
8c71 : 00000000;
8c72 : 00000000;
8c73 : 00000000;
8c74 : 00000000;
8c75 : 00000000;
8c76 : 00000000;
8c77 : 00000000;
8c78 : 00000000;
8c79 : 00000000;
8c7a : 00000000;
8c7b : 00000000;
8c7c : 00000000;
8c7d : 00000000;
8c7e : 00000000;
8c7f : 00000000;
8c80 : 00000000;
8c81 : 00000000;
8c82 : 00000000;
8c83 : 00000000;
8c84 : 00000000;
8c85 : 00000000;
8c86 : 00000000;
8c87 : 00000000;
8c88 : 00000000;
8c89 : 00000000;
8c8a : 00000000;
8c8b : 00000000;
8c8c : 00000000;
8c8d : 00000000;
8c8e : 00000000;
8c8f : 00000000;
8c90 : 00000000;
8c91 : 00000000;
8c92 : 00000000;
8c93 : 00000000;
8c94 : 00000000;
8c95 : 00000000;
8c96 : 00000000;
8c97 : 00000000;
8c98 : 00000000;
8c99 : 00000000;
8c9a : 00000000;
8c9b : 00000000;
8c9c : 00000000;
8c9d : 00000000;
8c9e : 00000000;
8c9f : 00000000;
8ca0 : 00000000;
8ca1 : 00000000;
8ca2 : 00000000;
8ca3 : 00000000;
8ca4 : 00000000;
8ca5 : 00000000;
8ca6 : 00000000;
8ca7 : 00000000;
8ca8 : 00000000;
8ca9 : 00000000;
8caa : 00000000;
8cab : 00000000;
8cac : 00000000;
8cad : 00000000;
8cae : 00000000;
8caf : 00000000;
8cb0 : 00000000;
8cb1 : 00000000;
8cb2 : 00000000;
8cb3 : 00000000;
8cb4 : 00000000;
8cb5 : 00000000;
8cb6 : 00000000;
8cb7 : 00000000;
8cb8 : 00000000;
8cb9 : 00000000;
8cba : 00000000;
8cbb : 00000000;
8cbc : 00000000;
8cbd : 00000000;
8cbe : 00000000;
8cbf : 00000000;
8cc0 : 00000000;
8cc1 : 00000000;
8cc2 : 00000000;
8cc3 : 00000000;
8cc4 : 00000000;
8cc5 : 00000000;
8cc6 : 00000000;
8cc7 : 00000000;
8cc8 : 00000000;
8cc9 : 00000000;
8cca : 00000000;
8ccb : 00000000;
8ccc : 00000000;
8ccd : 00000000;
8cce : 00000000;
8ccf : 00000000;
8cd0 : 00000000;
8cd1 : 00000000;
8cd2 : 00000000;
8cd3 : 00000000;
8cd4 : 00000000;
8cd5 : 00000000;
8cd6 : 00000000;
8cd7 : 00000000;
8cd8 : 00000000;
8cd9 : 00000000;
8cda : 00000000;
8cdb : 00000000;
8cdc : 00000000;
8cdd : 00000000;
8cde : 00000000;
8cdf : 00000000;
8ce0 : 00000000;
8ce1 : 00000000;
8ce2 : 00000000;
8ce3 : 00000000;
8ce4 : 00000000;
8ce5 : 00000000;
8ce6 : 00000000;
8ce7 : 00000000;
8ce8 : 00000000;
8ce9 : 00000000;
8cea : 00000000;
8ceb : 00000000;
8cec : 00000000;
8ced : 00000000;
8cee : 00000000;
8cef : 00000000;
8cf0 : 00000000;
8cf1 : 00000000;
8cf2 : 00000000;
8cf3 : 00000000;
8cf4 : 00000000;
8cf5 : 00000000;
8cf6 : 00000000;
8cf7 : 00000000;
8cf8 : 00000000;
8cf9 : 00000000;
8cfa : 00000000;
8cfb : 00000000;
8cfc : 00000000;
8cfd : 00000000;
8cfe : 00000000;
8cff : 00000000;
8d00 : 00000000;
8d01 : 00000000;
8d02 : 00000000;
8d03 : 00000000;
8d04 : 00000000;
8d05 : 00000000;
8d06 : 00000000;
8d07 : 00000000;
8d08 : 00000000;
8d09 : 00000000;
8d0a : 00000000;
8d0b : 00000000;
8d0c : 00000000;
8d0d : 00000000;
8d0e : 00000000;
8d0f : 00000000;
8d10 : 00000000;
8d11 : 00000000;
8d12 : 00000000;
8d13 : 00000000;
8d14 : 00000000;
8d15 : 00000000;
8d16 : 00000000;
8d17 : 00000000;
8d18 : 00000000;
8d19 : 00000000;
8d1a : 00000000;
8d1b : 00000000;
8d1c : 00000000;
8d1d : 00000000;
8d1e : 00000000;
8d1f : 00000000;
8d20 : 00000000;
8d21 : 00000000;
8d22 : 00000000;
8d23 : 00000000;
8d24 : 00000000;
8d25 : 00000000;
8d26 : 00000000;
8d27 : 00000000;
8d28 : 00000000;
8d29 : 00000000;
8d2a : 00000000;
8d2b : 00000000;
8d2c : 00000000;
8d2d : 00000000;
8d2e : 00000000;
8d2f : 00000000;
8d30 : 00000000;
8d31 : 00000000;
8d32 : 00000000;
8d33 : 00000000;
8d34 : 00000000;
8d35 : 00000000;
8d36 : 00000000;
8d37 : 00000000;
8d38 : 00000000;
8d39 : 00000000;
8d3a : 00000000;
8d3b : 00000000;
8d3c : 00000000;
8d3d : 00000000;
8d3e : 00000000;
8d3f : 00000000;
8d40 : 00000000;
8d41 : 00000000;
8d42 : 00000000;
8d43 : 00000000;
8d44 : 00000000;
8d45 : 00000000;
8d46 : 00000000;
8d47 : 00000000;
8d48 : 00000000;
8d49 : 00000000;
8d4a : 00000000;
8d4b : 00000000;
8d4c : 00000000;
8d4d : 00000000;
8d4e : 00000000;
8d4f : 00000000;
8d50 : 00000000;
8d51 : 00000000;
8d52 : 00000000;
8d53 : 00000000;
8d54 : 00000000;
8d55 : 00000000;
8d56 : 00000000;
8d57 : 00000000;
8d58 : 00000000;
8d59 : 00000000;
8d5a : 00000000;
8d5b : 00000000;
8d5c : 00000000;
8d5d : 00000000;
8d5e : 00000000;
8d5f : 00000000;
8d60 : 00000000;
8d61 : 00000000;
8d62 : 00000000;
8d63 : 00000000;
8d64 : 00000000;
8d65 : 00000000;
8d66 : 00000000;
8d67 : 00000000;
8d68 : 00000000;
8d69 : 00000000;
8d6a : 00000000;
8d6b : 00000000;
8d6c : 00000000;
8d6d : 00000000;
8d6e : 00000000;
8d6f : 00000000;
8d70 : 00000000;
8d71 : 00000000;
8d72 : 00000000;
8d73 : 00000000;
8d74 : 00000000;
8d75 : 00000000;
8d76 : 00000000;
8d77 : 00000000;
8d78 : 00000000;
8d79 : 00000000;
8d7a : 00000000;
8d7b : 00000000;
8d7c : 00000000;
8d7d : 00000000;
8d7e : 00000000;
8d7f : 00000000;
8d80 : 00000000;
8d81 : 00000000;
8d82 : 00000000;
8d83 : 00000000;
8d84 : 00000000;
8d85 : 00000000;
8d86 : 00000000;
8d87 : 00000000;
8d88 : 00000000;
8d89 : 00000000;
8d8a : 00000000;
8d8b : 00000000;
8d8c : 00000000;
8d8d : 00000000;
8d8e : 00000000;
8d8f : 00000000;
8d90 : 00000000;
8d91 : 00000000;
8d92 : 00000000;
8d93 : 00000000;
8d94 : 00000000;
8d95 : 00000000;
8d96 : 00000000;
8d97 : 00000000;
8d98 : 00000000;
8d99 : 00000000;
8d9a : 00000000;
8d9b : 00000000;
8d9c : 00000000;
8d9d : 00000000;
8d9e : 00000000;
8d9f : 00000000;
8da0 : 00000000;
8da1 : 00000000;
8da2 : 00000000;
8da3 : 00000000;
8da4 : 00000000;
8da5 : 00000000;
8da6 : 00000000;
8da7 : 00000000;
8da8 : 00000000;
8da9 : 00000000;
8daa : 00000000;
8dab : 00000000;
8dac : 00000000;
8dad : 00000000;
8dae : 00000000;
8daf : 00000000;
8db0 : 00000000;
8db1 : 00000000;
8db2 : 00000000;
8db3 : 00000000;
8db4 : 00000000;
8db5 : 00000000;
8db6 : 00000000;
8db7 : 00000000;
8db8 : 00000000;
8db9 : 00000000;
8dba : 00000000;
8dbb : 00000000;
8dbc : 00000000;
8dbd : 00000000;
8dbe : 00000000;
8dbf : 00000000;
8dc0 : 00000000;
8dc1 : 00000000;
8dc2 : 00000000;
8dc3 : 00000000;
8dc4 : 00000000;
8dc5 : 00000000;
8dc6 : 00000000;
8dc7 : 00000000;
8dc8 : 00000000;
8dc9 : 00000000;
8dca : 00000000;
8dcb : 00000000;
8dcc : 00000000;
8dcd : 00000000;
8dce : 00000000;
8dcf : 00000000;
8dd0 : 00000000;
8dd1 : 00000000;
8dd2 : 00000000;
8dd3 : 00000000;
8dd4 : 00000000;
8dd5 : 00000000;
8dd6 : 00000000;
8dd7 : 00000000;
8dd8 : 00000000;
8dd9 : 00000000;
8dda : 00000000;
8ddb : 00000000;
8ddc : 00000000;
8ddd : 00000000;
8dde : 00000000;
8ddf : 00000000;
8de0 : 00000000;
8de1 : 00000000;
8de2 : 00000000;
8de3 : 00000000;
8de4 : 00000000;
8de5 : 00000000;
8de6 : 00000000;
8de7 : 00000000;
8de8 : 00000000;
8de9 : 00000000;
8dea : 00000000;
8deb : 00000000;
8dec : 00000000;
8ded : 00000000;
8dee : 00000000;
8def : 00000000;
8df0 : 00000000;
8df1 : 00000000;
8df2 : 00000000;
8df3 : 00000000;
8df4 : 00000000;
8df5 : 00000000;
8df6 : 00000000;
8df7 : 00000000;
8df8 : 00000000;
8df9 : 00000000;
8dfa : 00000000;
8dfb : 00000000;
8dfc : 00000000;
8dfd : 00000000;
8dfe : 00000000;
8dff : 00000000;
8e00 : 00000000;
8e01 : 00000000;
8e02 : 00000000;
8e03 : 00000000;
8e04 : 00000000;
8e05 : 00000000;
8e06 : 00000000;
8e07 : 00000000;
8e08 : 00000000;
8e09 : 00000000;
8e0a : 00000000;
8e0b : 00000000;
8e0c : 00000000;
8e0d : 00000000;
8e0e : 00000000;
8e0f : 00000000;
8e10 : 00000000;
8e11 : 00000000;
8e12 : 00000000;
8e13 : 00000000;
8e14 : 00000000;
8e15 : 00000000;
8e16 : 00000000;
8e17 : 00000000;
8e18 : 00000000;
8e19 : 00000000;
8e1a : 00000000;
8e1b : 00000000;
8e1c : 00000000;
8e1d : 00000000;
8e1e : 00000000;
8e1f : 00000000;
8e20 : 00000000;
8e21 : 00000000;
8e22 : 00000000;
8e23 : 00000000;
8e24 : 00000000;
8e25 : 00000000;
8e26 : 00000000;
8e27 : 00000000;
8e28 : 00000000;
8e29 : 00000000;
8e2a : 00000000;
8e2b : 00000000;
8e2c : 00000000;
8e2d : 00000000;
8e2e : 00000000;
8e2f : 00000000;
8e30 : 00000000;
8e31 : 00000000;
8e32 : 00000000;
8e33 : 00000000;
8e34 : 00000000;
8e35 : 00000000;
8e36 : 00000000;
8e37 : 00000000;
8e38 : 00000000;
8e39 : 00000000;
8e3a : 00000000;
8e3b : 00000000;
8e3c : 00000000;
8e3d : 00000000;
8e3e : 00000000;
8e3f : 00000000;
8e40 : 00000000;
8e41 : 00000000;
8e42 : 00000000;
8e43 : 00000000;
8e44 : 00000000;
8e45 : 00000000;
8e46 : 00000000;
8e47 : 00000000;
8e48 : 00000000;
8e49 : 00000000;
8e4a : 00000000;
8e4b : 00000000;
8e4c : 00000000;
8e4d : 00000000;
8e4e : 00000000;
8e4f : 00000000;
8e50 : 00000000;
8e51 : 00000000;
8e52 : 00000000;
8e53 : 00000000;
8e54 : 00000000;
8e55 : 00000000;
8e56 : 00000000;
8e57 : 00000000;
8e58 : 00000000;
8e59 : 00000000;
8e5a : 00000000;
8e5b : 00000000;
8e5c : 00000000;
8e5d : 00000000;
8e5e : 00000000;
8e5f : 00000000;
8e60 : 00000000;
8e61 : 00000000;
8e62 : 00000000;
8e63 : 00000000;
8e64 : 00000000;
8e65 : 00000000;
8e66 : 00000000;
8e67 : 00000000;
8e68 : 00000000;
8e69 : 00000000;
8e6a : 00000000;
8e6b : 00000000;
8e6c : 00000000;
8e6d : 00000000;
8e6e : 00000000;
8e6f : 00000000;
8e70 : 00000000;
8e71 : 00000000;
8e72 : 00000000;
8e73 : 00000000;
8e74 : 00000000;
8e75 : 00000000;
8e76 : 00000000;
8e77 : 00000000;
8e78 : 00000000;
8e79 : 00000000;
8e7a : 00000000;
8e7b : 00000000;
8e7c : 00000000;
8e7d : 00000000;
8e7e : 00000000;
8e7f : 00000000;
8e80 : 00000000;
8e81 : 00000000;
8e82 : 00000000;
8e83 : 00000000;
8e84 : 00000000;
8e85 : 00000000;
8e86 : 00000000;
8e87 : 00000000;
8e88 : 00000000;
8e89 : 00000000;
8e8a : 00000000;
8e8b : 00000000;
8e8c : 00000000;
8e8d : 00000000;
8e8e : 00000000;
8e8f : 00000000;
8e90 : 00000000;
8e91 : 00000000;
8e92 : 00000000;
8e93 : 00000000;
8e94 : 00000000;
8e95 : 00000000;
8e96 : 00000000;
8e97 : 00000000;
8e98 : 00000000;
8e99 : 00000000;
8e9a : 00000000;
8e9b : 00000000;
8e9c : 00000000;
8e9d : 00000000;
8e9e : 00000000;
8e9f : 00000000;
8ea0 : 00000000;
8ea1 : 00000000;
8ea2 : 00000000;
8ea3 : 00000000;
8ea4 : 00000000;
8ea5 : 00000000;
8ea6 : 00000000;
8ea7 : 00000000;
8ea8 : 00000000;
8ea9 : 00000000;
8eaa : 00000000;
8eab : 00000000;
8eac : 00000000;
8ead : 00000000;
8eae : 00000000;
8eaf : 00000000;
8eb0 : 00000000;
8eb1 : 00000000;
8eb2 : 00000000;
8eb3 : 00000000;
8eb4 : 00000000;
8eb5 : 00000000;
8eb6 : 00000000;
8eb7 : 00000000;
8eb8 : 00000000;
8eb9 : 00000000;
8eba : 00000000;
8ebb : 00000000;
8ebc : 00000000;
8ebd : 00000000;
8ebe : 00000000;
8ebf : 00000000;
8ec0 : 00000000;
8ec1 : 00000000;
8ec2 : 00000000;
8ec3 : 00000000;
8ec4 : 00000000;
8ec5 : 00000000;
8ec6 : 00000000;
8ec7 : 00000000;
8ec8 : 00000000;
8ec9 : 00000000;
8eca : 00000000;
8ecb : 00000000;
8ecc : 00000000;
8ecd : 00000000;
8ece : 00000000;
8ecf : 00000000;
8ed0 : 00000000;
8ed1 : 00000000;
8ed2 : 00000000;
8ed3 : 00000000;
8ed4 : 00000000;
8ed5 : 00000000;
8ed6 : 00000000;
8ed7 : 00000000;
8ed8 : 00000000;
8ed9 : 00000000;
8eda : 00000000;
8edb : 00000000;
8edc : 00000000;
8edd : 00000000;
8ede : 00000000;
8edf : 00000000;
8ee0 : 00000000;
8ee1 : 00000000;
8ee2 : 00000000;
8ee3 : 00000000;
8ee4 : 00000000;
8ee5 : 00000000;
8ee6 : 00000000;
8ee7 : 00000000;
8ee8 : 00000000;
8ee9 : 00000000;
8eea : 00000000;
8eeb : 00000000;
8eec : 00000000;
8eed : 00000000;
8eee : 00000000;
8eef : 00000000;
8ef0 : 00000000;
8ef1 : 00000000;
8ef2 : 00000000;
8ef3 : 00000000;
8ef4 : 00000000;
8ef5 : 00000000;
8ef6 : 00000000;
8ef7 : 00000000;
8ef8 : 00000000;
8ef9 : 00000000;
8efa : 00000000;
8efb : 00000000;
8efc : 00000000;
8efd : 00000000;
8efe : 00000000;
8eff : 00000000;
8f00 : 00000000;
8f01 : 00000000;
8f02 : 00000000;
8f03 : 00000000;
8f04 : 00000000;
8f05 : 00000000;
8f06 : 00000000;
8f07 : 00000000;
8f08 : 00000000;
8f09 : 00000000;
8f0a : 00000000;
8f0b : 00000000;
8f0c : 00000000;
8f0d : 00000000;
8f0e : 00000000;
8f0f : 00000000;
8f10 : 00000000;
8f11 : 00000000;
8f12 : 00000000;
8f13 : 00000000;
8f14 : 00000000;
8f15 : 00000000;
8f16 : 00000000;
8f17 : 00000000;
8f18 : 00000000;
8f19 : 00000000;
8f1a : 00000000;
8f1b : 00000000;
8f1c : 00000000;
8f1d : 00000000;
8f1e : 00000000;
8f1f : 00000000;
8f20 : 00000000;
8f21 : 00000000;
8f22 : 00000000;
8f23 : 00000000;
8f24 : 00000000;
8f25 : 00000000;
8f26 : 00000000;
8f27 : 00000000;
8f28 : 00000000;
8f29 : 00000000;
8f2a : 00000000;
8f2b : 00000000;
8f2c : 00000000;
8f2d : 00000000;
8f2e : 00000000;
8f2f : 00000000;
8f30 : 00000000;
8f31 : 00000000;
8f32 : 00000000;
8f33 : 00000000;
8f34 : 00000000;
8f35 : 00000000;
8f36 : 00000000;
8f37 : 00000000;
8f38 : 00000000;
8f39 : 00000000;
8f3a : 00000000;
8f3b : 00000000;
8f3c : 00000000;
8f3d : 00000000;
8f3e : 00000000;
8f3f : 00000000;
8f40 : 00000000;
8f41 : 00000000;
8f42 : 00000000;
8f43 : 00000000;
8f44 : 00000000;
8f45 : 00000000;
8f46 : 00000000;
8f47 : 00000000;
8f48 : 00000000;
8f49 : 00000000;
8f4a : 00000000;
8f4b : 00000000;
8f4c : 00000000;
8f4d : 00000000;
8f4e : 00000000;
8f4f : 00000000;
8f50 : 00000000;
8f51 : 00000000;
8f52 : 00000000;
8f53 : 00000000;
8f54 : 00000000;
8f55 : 00000000;
8f56 : 00000000;
8f57 : 00000000;
8f58 : 00000000;
8f59 : 00000000;
8f5a : 00000000;
8f5b : 00000000;
8f5c : 00000000;
8f5d : 00000000;
8f5e : 00000000;
8f5f : 00000000;
8f60 : 00000000;
8f61 : 00000000;
8f62 : 00000000;
8f63 : 00000000;
8f64 : 00000000;
8f65 : 00000000;
8f66 : 00000000;
8f67 : 00000000;
8f68 : 00000000;
8f69 : 00000000;
8f6a : 00000000;
8f6b : 00000000;
8f6c : 00000000;
8f6d : 00000000;
8f6e : 00000000;
8f6f : 00000000;
8f70 : 00000000;
8f71 : 00000000;
8f72 : 00000000;
8f73 : 00000000;
8f74 : 00000000;
8f75 : 00000000;
8f76 : 00000000;
8f77 : 00000000;
8f78 : 00000000;
8f79 : 00000000;
8f7a : 00000000;
8f7b : 00000000;
8f7c : 00000000;
8f7d : 00000000;
8f7e : 00000000;
8f7f : 00000000;
8f80 : 00000000;
8f81 : 00000000;
8f82 : 00000000;
8f83 : 00000000;
8f84 : 00000000;
8f85 : 00000000;
8f86 : 00000000;
8f87 : 00000000;
8f88 : 00000000;
8f89 : 00000000;
8f8a : 00000000;
8f8b : 00000000;
8f8c : 00000000;
8f8d : 00000000;
8f8e : 00000000;
8f8f : 00000000;
8f90 : 00000000;
8f91 : 00000000;
8f92 : 00000000;
8f93 : 00000000;
8f94 : 00000000;
8f95 : 00000000;
8f96 : 00000000;
8f97 : 00000000;
8f98 : 00000000;
8f99 : 00000000;
8f9a : 00000000;
8f9b : 00000000;
8f9c : 00000000;
8f9d : 00000000;
8f9e : 00000000;
8f9f : 00000000;
8fa0 : 00000000;
8fa1 : 00000000;
8fa2 : 00000000;
8fa3 : 00000000;
8fa4 : 00000000;
8fa5 : 00000000;
8fa6 : 00000000;
8fa7 : 00000000;
8fa8 : 00000000;
8fa9 : 00000000;
8faa : 00000000;
8fab : 00000000;
8fac : 00000000;
8fad : 00000000;
8fae : 00000000;
8faf : 00000000;
8fb0 : 00000000;
8fb1 : 00000000;
8fb2 : 00000000;
8fb3 : 00000000;
8fb4 : 00000000;
8fb5 : 00000000;
8fb6 : 00000000;
8fb7 : 00000000;
8fb8 : 00000000;
8fb9 : 00000000;
8fba : 00000000;
8fbb : 00000000;
8fbc : 00000000;
8fbd : 00000000;
8fbe : 00000000;
8fbf : 00000000;
8fc0 : 00000000;
8fc1 : 00000000;
8fc2 : 00000000;
8fc3 : 00000000;
8fc4 : 00000000;
8fc5 : 00000000;
8fc6 : 00000000;
8fc7 : 00000000;
8fc8 : 00000000;
8fc9 : 00000000;
8fca : 00000000;
8fcb : 00000000;
8fcc : 00000000;
8fcd : 00000000;
8fce : 00000000;
8fcf : 00000000;
8fd0 : 00000000;
8fd1 : 00000000;
8fd2 : 00000000;
8fd3 : 00000000;
8fd4 : 00000000;
8fd5 : 00000000;
8fd6 : 00000000;
8fd7 : 00000000;
8fd8 : 00000000;
8fd9 : 00000000;
8fda : 00000000;
8fdb : 00000000;
8fdc : 00000000;
8fdd : 00000000;
8fde : 00000000;
8fdf : 00000000;
8fe0 : 00000000;
8fe1 : 00000000;
8fe2 : 00000000;
8fe3 : 00000000;
8fe4 : 00000000;
8fe5 : 00000000;
8fe6 : 00000000;
8fe7 : 00000000;
8fe8 : 00000000;
8fe9 : 00000000;
8fea : 00000000;
8feb : 00000000;
8fec : 00000000;
8fed : 00000000;
8fee : 00000000;
8fef : 00000000;
8ff0 : 00000000;
8ff1 : 00000000;
8ff2 : 00000000;
8ff3 : 00000000;
8ff4 : 00000000;
8ff5 : 00000000;
8ff6 : 00000000;
8ff7 : 00000000;
8ff8 : 00000000;
8ff9 : 00000000;
8ffa : 00000000;
8ffb : 00000000;
8ffc : 00000000;
8ffd : 00000000;
8ffe : 00000000;
8fff : 00000000;
9000 : 00000000;
9001 : 00000000;
9002 : 00000000;
9003 : 00000000;
9004 : 00000000;
9005 : 00000000;
9006 : 00000000;
9007 : 00000000;
9008 : 00000000;
9009 : 00000000;
900a : 00000000;
900b : 00000000;
900c : 00000000;
900d : 00000000;
900e : 00000000;
900f : 00000000;
9010 : 00000000;
9011 : 00000000;
9012 : 00000000;
9013 : 00000000;
9014 : 00000000;
9015 : 00000000;
9016 : 00000000;
9017 : 00000000;
9018 : 00000000;
9019 : 00000000;
901a : 00000000;
901b : 00000000;
901c : 00000000;
901d : 00000000;
901e : 00000000;
901f : 00000000;
9020 : 00000000;
9021 : 00000000;
9022 : 00000000;
9023 : 00000000;
9024 : 00000000;
9025 : 00000000;
9026 : 00000000;
9027 : 00000000;
9028 : 00000000;
9029 : 00000000;
902a : 00000000;
902b : 00000000;
902c : 00000000;
902d : 00000000;
902e : 00000000;
902f : 00000000;
9030 : 00000000;
9031 : 00000000;
9032 : 00000000;
9033 : 00000000;
9034 : 00000000;
9035 : 00000000;
9036 : 00000000;
9037 : 00000000;
9038 : 00000000;
9039 : 00000000;
903a : 00000000;
903b : 00000000;
903c : 00000000;
903d : 00000000;
903e : 00000000;
903f : 00000000;
9040 : 00000000;
9041 : 00000000;
9042 : 00000000;
9043 : 00000000;
9044 : 00000000;
9045 : 00000000;
9046 : 00000000;
9047 : 00000000;
9048 : 00000000;
9049 : 00000000;
904a : 00000000;
904b : 00000000;
904c : 00000000;
904d : 00000000;
904e : 00000000;
904f : 00000000;
9050 : 00000000;
9051 : 00000000;
9052 : 00000000;
9053 : 00000000;
9054 : 00000000;
9055 : 00000000;
9056 : 00000000;
9057 : 00000000;
9058 : 00000000;
9059 : 00000000;
905a : 00000000;
905b : 00000000;
905c : 00000000;
905d : 00000000;
905e : 00000000;
905f : 00000000;
9060 : 00000000;
9061 : 00000000;
9062 : 00000000;
9063 : 00000000;
9064 : 00000000;
9065 : 00000000;
9066 : 00000000;
9067 : 00000000;
9068 : 00000000;
9069 : 00000000;
906a : 00000000;
906b : 00000000;
906c : 00000000;
906d : 00000000;
906e : 00000000;
906f : 00000000;
9070 : 00000000;
9071 : 00000000;
9072 : 00000000;
9073 : 00000000;
9074 : 00000000;
9075 : 00000000;
9076 : 00000000;
9077 : 00000000;
9078 : 00000000;
9079 : 00000000;
907a : 00000000;
907b : 00000000;
907c : 00000000;
907d : 00000000;
907e : 00000000;
907f : 00000000;
9080 : 00000000;
9081 : 00000000;
9082 : 00000000;
9083 : 00000000;
9084 : 00000000;
9085 : 00000000;
9086 : 00000000;
9087 : 00000000;
9088 : 00000000;
9089 : 00000000;
908a : 00000000;
908b : 00000000;
908c : 00000000;
908d : 00000000;
908e : 00000000;
908f : 00000000;
9090 : 00000000;
9091 : 00000000;
9092 : 00000000;
9093 : 00000000;
9094 : 00000000;
9095 : 00000000;
9096 : 00000000;
9097 : 00000000;
9098 : 00000000;
9099 : 00000000;
909a : 00000000;
909b : 00000000;
909c : 00000000;
909d : 00000000;
909e : 00000000;
909f : 00000000;
90a0 : 00000000;
90a1 : 00000000;
90a2 : 00000000;
90a3 : 00000000;
90a4 : 00000000;
90a5 : 00000000;
90a6 : 00000000;
90a7 : 00000000;
90a8 : 00000000;
90a9 : 00000000;
90aa : 00000000;
90ab : 00000000;
90ac : 00000000;
90ad : 00000000;
90ae : 00000000;
90af : 00000000;
90b0 : 00000000;
90b1 : 00000000;
90b2 : 00000000;
90b3 : 00000000;
90b4 : 00000000;
90b5 : 00000000;
90b6 : 00000000;
90b7 : 00000000;
90b8 : 00000000;
90b9 : 00000000;
90ba : 00000000;
90bb : 00000000;
90bc : 00000000;
90bd : 00000000;
90be : 00000000;
90bf : 00000000;
90c0 : 00000000;
90c1 : 00000000;
90c2 : 00000000;
90c3 : 00000000;
90c4 : 00000000;
90c5 : 00000000;
90c6 : 00000000;
90c7 : 00000000;
90c8 : 00000000;
90c9 : 00000000;
90ca : 00000000;
90cb : 00000000;
90cc : 00000000;
90cd : 00000000;
90ce : 00000000;
90cf : 00000000;
90d0 : 00000000;
90d1 : 00000000;
90d2 : 00000000;
90d3 : 00000000;
90d4 : 00000000;
90d5 : 00000000;
90d6 : 00000000;
90d7 : 00000000;
90d8 : 00000000;
90d9 : 00000000;
90da : 00000000;
90db : 00000000;
90dc : 00000000;
90dd : 00000000;
90de : 00000000;
90df : 00000000;
90e0 : 00000000;
90e1 : 00000000;
90e2 : 00000000;
90e3 : 00000000;
90e4 : 00000000;
90e5 : 00000000;
90e6 : 00000000;
90e7 : 00000000;
90e8 : 00000000;
90e9 : 00000000;
90ea : 00000000;
90eb : 00000000;
90ec : 00000000;
90ed : 00000000;
90ee : 00000000;
90ef : 00000000;
90f0 : 00000000;
90f1 : 00000000;
90f2 : 00000000;
90f3 : 00000000;
90f4 : 00000000;
90f5 : 00000000;
90f6 : 00000000;
90f7 : 00000000;
90f8 : 00000000;
90f9 : 00000000;
90fa : 00000000;
90fb : 00000000;
90fc : 00000000;
90fd : 00000000;
90fe : 00000000;
90ff : 00000000;
9100 : 00000000;
9101 : 00000000;
9102 : 00000000;
9103 : 00000000;
9104 : 00000000;
9105 : 00000000;
9106 : 00000000;
9107 : 00000000;
9108 : 00000000;
9109 : 00000000;
910a : 00000000;
910b : 00000000;
910c : 00000000;
910d : 00000000;
910e : 00000000;
910f : 00000000;
9110 : 00000000;
9111 : 00000000;
9112 : 00000000;
9113 : 00000000;
9114 : 00000000;
9115 : 00000000;
9116 : 00000000;
9117 : 00000000;
9118 : 00000000;
9119 : 00000000;
911a : 00000000;
911b : 00000000;
911c : 00000000;
911d : 00000000;
911e : 00000000;
911f : 00000000;
9120 : 00000000;
9121 : 00000000;
9122 : 00000000;
9123 : 00000000;
9124 : 00000000;
9125 : 00000000;
9126 : 00000000;
9127 : 00000000;
9128 : 00000000;
9129 : 00000000;
912a : 00000000;
912b : 00000000;
912c : 00000000;
912d : 00000000;
912e : 00000000;
912f : 00000000;
9130 : 00000000;
9131 : 00000000;
9132 : 00000000;
9133 : 00000000;
9134 : 00000000;
9135 : 00000000;
9136 : 00000000;
9137 : 00000000;
9138 : 00000000;
9139 : 00000000;
913a : 00000000;
913b : 00000000;
913c : 00000000;
913d : 00000000;
913e : 00000000;
913f : 00000000;
9140 : 00000000;
9141 : 00000000;
9142 : 00000000;
9143 : 00000000;
9144 : 00000000;
9145 : 00000000;
9146 : 00000000;
9147 : 00000000;
9148 : 00000000;
9149 : 00000000;
914a : 00000000;
914b : 00000000;
914c : 00000000;
914d : 00000000;
914e : 00000000;
914f : 00000000;
9150 : 00000000;
9151 : 00000000;
9152 : 00000000;
9153 : 00000000;
9154 : 00000000;
9155 : 00000000;
9156 : 00000000;
9157 : 00000000;
9158 : 00000000;
9159 : 00000000;
915a : 00000000;
915b : 00000000;
915c : 00000000;
915d : 00000000;
915e : 00000000;
915f : 00000000;
9160 : 00000000;
9161 : 00000000;
9162 : 00000000;
9163 : 00000000;
9164 : 00000000;
9165 : 00000000;
9166 : 00000000;
9167 : 00000000;
9168 : 00000000;
9169 : 00000000;
916a : 00000000;
916b : 00000000;
916c : 00000000;
916d : 00000000;
916e : 00000000;
916f : 00000000;
9170 : 00000000;
9171 : 00000000;
9172 : 00000000;
9173 : 00000000;
9174 : 00000000;
9175 : 00000000;
9176 : 00000000;
9177 : 00000000;
9178 : 00000000;
9179 : 00000000;
917a : 00000000;
917b : 00000000;
917c : 00000000;
917d : 00000000;
917e : 00000000;
917f : 00000000;
9180 : 00000000;
9181 : 00000000;
9182 : 00000000;
9183 : 00000000;
9184 : 00000000;
9185 : 00000000;
9186 : 00000000;
9187 : 00000000;
9188 : 00000000;
9189 : 00000000;
918a : 00000000;
918b : 00000000;
918c : 00000000;
918d : 00000000;
918e : 00000000;
918f : 00000000;
9190 : 00000000;
9191 : 00000000;
9192 : 00000000;
9193 : 00000000;
9194 : 00000000;
9195 : 00000000;
9196 : 00000000;
9197 : 00000000;
9198 : 00000000;
9199 : 00000000;
919a : 00000000;
919b : 00000000;
919c : 00000000;
919d : 00000000;
919e : 00000000;
919f : 00000000;
91a0 : 00000000;
91a1 : 00000000;
91a2 : 00000000;
91a3 : 00000000;
91a4 : 00000000;
91a5 : 00000000;
91a6 : 00000000;
91a7 : 00000000;
91a8 : 00000000;
91a9 : 00000000;
91aa : 00000000;
91ab : 00000000;
91ac : 00000000;
91ad : 00000000;
91ae : 00000000;
91af : 00000000;
91b0 : 00000000;
91b1 : 00000000;
91b2 : 00000000;
91b3 : 00000000;
91b4 : 00000000;
91b5 : 00000000;
91b6 : 00000000;
91b7 : 00000000;
91b8 : 00000000;
91b9 : 00000000;
91ba : 00000000;
91bb : 00000000;
91bc : 00000000;
91bd : 00000000;
91be : 00000000;
91bf : 00000000;
91c0 : 00000000;
91c1 : 00000000;
91c2 : 00000000;
91c3 : 00000000;
91c4 : 00000000;
91c5 : 00000000;
91c6 : 00000000;
91c7 : 00000000;
91c8 : 00000000;
91c9 : 00000000;
91ca : 00000000;
91cb : 00000000;
91cc : 00000000;
91cd : 00000000;
91ce : 00000000;
91cf : 00000000;
91d0 : 00000000;
91d1 : 00000000;
91d2 : 00000000;
91d3 : 00000000;
91d4 : 00000000;
91d5 : 00000000;
91d6 : 00000000;
91d7 : 00000000;
91d8 : 00000000;
91d9 : 00000000;
91da : 00000000;
91db : 00000000;
91dc : 00000000;
91dd : 00000000;
91de : 00000000;
91df : 00000000;
91e0 : 00000000;
91e1 : 00000000;
91e2 : 00000000;
91e3 : 00000000;
91e4 : 00000000;
91e5 : 00000000;
91e6 : 00000000;
91e7 : 00000000;
91e8 : 00000000;
91e9 : 00000000;
91ea : 00000000;
91eb : 00000000;
91ec : 00000000;
91ed : 00000000;
91ee : 00000000;
91ef : 00000000;
91f0 : 00000000;
91f1 : 00000000;
91f2 : 00000000;
91f3 : 00000000;
91f4 : 00000000;
91f5 : 00000000;
91f6 : 00000000;
91f7 : 00000000;
91f8 : 00000000;
91f9 : 00000000;
91fa : 00000000;
91fb : 00000000;
91fc : 00000000;
91fd : 00000000;
91fe : 00000000;
91ff : 00000000;
9200 : 00000000;
9201 : 00000000;
9202 : 00000000;
9203 : 00000000;
9204 : 00000000;
9205 : 00000000;
9206 : 00000000;
9207 : 00000000;
9208 : 00000000;
9209 : 00000000;
920a : 00000000;
920b : 00000000;
920c : 00000000;
920d : 00000000;
920e : 00000000;
920f : 00000000;
9210 : 00000000;
9211 : 00000000;
9212 : 00000000;
9213 : 00000000;
9214 : 00000000;
9215 : 00000000;
9216 : 00000000;
9217 : 00000000;
9218 : 00000000;
9219 : 00000000;
921a : 00000000;
921b : 00000000;
921c : 00000000;
921d : 00000000;
921e : 00000000;
921f : 00000000;
9220 : 00000000;
9221 : 00000000;
9222 : 00000000;
9223 : 00000000;
9224 : 00000000;
9225 : 00000000;
9226 : 00000000;
9227 : 00000000;
9228 : 00000000;
9229 : 00000000;
922a : 00000000;
922b : 00000000;
922c : 00000000;
922d : 00000000;
922e : 00000000;
922f : 00000000;
9230 : 00000000;
9231 : 00000000;
9232 : 00000000;
9233 : 00000000;
9234 : 00000000;
9235 : 00000000;
9236 : 00000000;
9237 : 00000000;
9238 : 00000000;
9239 : 00000000;
923a : 00000000;
923b : 00000000;
923c : 00000000;
923d : 00000000;
923e : 00000000;
923f : 00000000;
9240 : 00000000;
9241 : 00000000;
9242 : 00000000;
9243 : 00000000;
9244 : 00000000;
9245 : 00000000;
9246 : 00000000;
9247 : 00000000;
9248 : 00000000;
9249 : 00000000;
924a : 00000000;
924b : 00000000;
924c : 00000000;
924d : 00000000;
924e : 00000000;
924f : 00000000;
9250 : 00000000;
9251 : 00000000;
9252 : 00000000;
9253 : 00000000;
9254 : 00000000;
9255 : 00000000;
9256 : 00000000;
9257 : 00000000;
9258 : 00000000;
9259 : 00000000;
925a : 00000000;
925b : 00000000;
925c : 00000000;
925d : 00000000;
925e : 00000000;
925f : 00000000;
9260 : 00000000;
9261 : 00000000;
9262 : 00000000;
9263 : 00000000;
9264 : 00000000;
9265 : 00000000;
9266 : 00000000;
9267 : 00000000;
9268 : 00000000;
9269 : 00000000;
926a : 00000000;
926b : 00000000;
926c : 00000000;
926d : 00000000;
926e : 00000000;
926f : 00000000;
9270 : 00000000;
9271 : 00000000;
9272 : 00000000;
9273 : 00000000;
9274 : 00000000;
9275 : 00000000;
9276 : 00000000;
9277 : 00000000;
9278 : 00000000;
9279 : 00000000;
927a : 00000000;
927b : 00000000;
927c : 00000000;
927d : 00000000;
927e : 00000000;
927f : 00000000;
9280 : 00000000;
9281 : 00000000;
9282 : 00000000;
9283 : 00000000;
9284 : 00000000;
9285 : 00000000;
9286 : 00000000;
9287 : 00000000;
9288 : 00000000;
9289 : 00000000;
928a : 00000000;
928b : 00000000;
928c : 00000000;
928d : 00000000;
928e : 00000000;
928f : 00000000;
9290 : 00000000;
9291 : 00000000;
9292 : 00000000;
9293 : 00000000;
9294 : 00000000;
9295 : 00000000;
9296 : 00000000;
9297 : 00000000;
9298 : 00000000;
9299 : 00000000;
929a : 00000000;
929b : 00000000;
929c : 00000000;
929d : 00000000;
929e : 00000000;
929f : 00000000;
92a0 : 00000000;
92a1 : 00000000;
92a2 : 00000000;
92a3 : 00000000;
92a4 : 00000000;
92a5 : 00000000;
92a6 : 00000000;
92a7 : 00000000;
92a8 : 00000000;
92a9 : 00000000;
92aa : 00000000;
92ab : 00000000;
92ac : 00000000;
92ad : 00000000;
92ae : 00000000;
92af : 00000000;
92b0 : 00000000;
92b1 : 00000000;
92b2 : 00000000;
92b3 : 00000000;
92b4 : 00000000;
92b5 : 00000000;
92b6 : 00000000;
92b7 : 00000000;
92b8 : 00000000;
92b9 : 00000000;
92ba : 00000000;
92bb : 00000000;
92bc : 00000000;
92bd : 00000000;
92be : 00000000;
92bf : 00000000;
92c0 : 00000000;
92c1 : 00000000;
92c2 : 00000000;
92c3 : 00000000;
92c4 : 00000000;
92c5 : 00000000;
92c6 : 00000000;
92c7 : 00000000;
92c8 : 00000000;
92c9 : 00000000;
92ca : 00000000;
92cb : 00000000;
92cc : 00000000;
92cd : 00000000;
92ce : 00000000;
92cf : 00000000;
92d0 : 00000000;
92d1 : 00000000;
92d2 : 00000000;
92d3 : 00000000;
92d4 : 00000000;
92d5 : 00000000;
92d6 : 00000000;
92d7 : 00000000;
92d8 : 00000000;
92d9 : 00000000;
92da : 00000000;
92db : 00000000;
92dc : 00000000;
92dd : 00000000;
92de : 00000000;
92df : 00000000;
92e0 : 00000000;
92e1 : 00000000;
92e2 : 00000000;
92e3 : 00000000;
92e4 : 00000000;
92e5 : 00000000;
92e6 : 00000000;
92e7 : 00000000;
92e8 : 00000000;
92e9 : 00000000;
92ea : 00000000;
92eb : 00000000;
92ec : 00000000;
92ed : 00000000;
92ee : 00000000;
92ef : 00000000;
92f0 : 00000000;
92f1 : 00000000;
92f2 : 00000000;
92f3 : 00000000;
92f4 : 00000000;
92f5 : 00000000;
92f6 : 00000000;
92f7 : 00000000;
92f8 : 00000000;
92f9 : 00000000;
92fa : 00000000;
92fb : 00000000;
92fc : 00000000;
92fd : 00000000;
92fe : 00000000;
92ff : 00000000;
9300 : 00000000;
9301 : 00000000;
9302 : 00000000;
9303 : 00000000;
9304 : 00000000;
9305 : 00000000;
9306 : 00000000;
9307 : 00000000;
9308 : 00000000;
9309 : 00000000;
930a : 00000000;
930b : 00000000;
930c : 00000000;
930d : 00000000;
930e : 00000000;
930f : 00000000;
9310 : 00000000;
9311 : 00000000;
9312 : 00000000;
9313 : 00000000;
9314 : 00000000;
9315 : 00000000;
9316 : 00000000;
9317 : 00000000;
9318 : 00000000;
9319 : 00000000;
931a : 00000000;
931b : 00000000;
931c : 00000000;
931d : 00000000;
931e : 00000000;
931f : 00000000;
9320 : 00000000;
9321 : 00000000;
9322 : 00000000;
9323 : 00000000;
9324 : 00000000;
9325 : 00000000;
9326 : 00000000;
9327 : 00000000;
9328 : 00000000;
9329 : 00000000;
932a : 00000000;
932b : 00000000;
932c : 00000000;
932d : 00000000;
932e : 00000000;
932f : 00000000;
9330 : 00000000;
9331 : 00000000;
9332 : 00000000;
9333 : 00000000;
9334 : 00000000;
9335 : 00000000;
9336 : 00000000;
9337 : 00000000;
9338 : 00000000;
9339 : 00000000;
933a : 00000000;
933b : 00000000;
933c : 00000000;
933d : 00000000;
933e : 00000000;
933f : 00000000;
9340 : 00000000;
9341 : 00000000;
9342 : 00000000;
9343 : 00000000;
9344 : 00000000;
9345 : 00000000;
9346 : 00000000;
9347 : 00000000;
9348 : 00000000;
9349 : 00000000;
934a : 00000000;
934b : 00000000;
934c : 00000000;
934d : 00000000;
934e : 00000000;
934f : 00000000;
9350 : 00000000;
9351 : 00000000;
9352 : 00000000;
9353 : 00000000;
9354 : 00000000;
9355 : 00000000;
9356 : 00000000;
9357 : 00000000;
9358 : 00000000;
9359 : 00000000;
935a : 00000000;
935b : 00000000;
935c : 00000000;
935d : 00000000;
935e : 00000000;
935f : 00000000;
9360 : 00000000;
9361 : 00000000;
9362 : 00000000;
9363 : 00000000;
9364 : 00000000;
9365 : 00000000;
9366 : 00000000;
9367 : 00000000;
9368 : 00000000;
9369 : 00000000;
936a : 00000000;
936b : 00000000;
936c : 00000000;
936d : 00000000;
936e : 00000000;
936f : 00000000;
9370 : 00000000;
9371 : 00000000;
9372 : 00000000;
9373 : 00000000;
9374 : 00000000;
9375 : 00000000;
9376 : 00000000;
9377 : 00000000;
9378 : 00000000;
9379 : 00000000;
937a : 00000000;
937b : 00000000;
937c : 00000000;
937d : 00000000;
937e : 00000000;
937f : 00000000;
9380 : 00000000;
9381 : 00000000;
9382 : 00000000;
9383 : 00000000;
9384 : 00000000;
9385 : 00000000;
9386 : 00000000;
9387 : 00000000;
9388 : 00000000;
9389 : 00000000;
938a : 00000000;
938b : 00000000;
938c : 00000000;
938d : 00000000;
938e : 00000000;
938f : 00000000;
9390 : 00000000;
9391 : 00000000;
9392 : 00000000;
9393 : 00000000;
9394 : 00000000;
9395 : 00000000;
9396 : 00000000;
9397 : 00000000;
9398 : 00000000;
9399 : 00000000;
939a : 00000000;
939b : 00000000;
939c : 00000000;
939d : 00000000;
939e : 00000000;
939f : 00000000;
93a0 : 00000000;
93a1 : 00000000;
93a2 : 00000000;
93a3 : 00000000;
93a4 : 00000000;
93a5 : 00000000;
93a6 : 00000000;
93a7 : 00000000;
93a8 : 00000000;
93a9 : 00000000;
93aa : 00000000;
93ab : 00000000;
93ac : 00000000;
93ad : 00000000;
93ae : 00000000;
93af : 00000000;
93b0 : 00000000;
93b1 : 00000000;
93b2 : 00000000;
93b3 : 00000000;
93b4 : 00000000;
93b5 : 00000000;
93b6 : 00000000;
93b7 : 00000000;
93b8 : 00000000;
93b9 : 00000000;
93ba : 00000000;
93bb : 00000000;
93bc : 00000000;
93bd : 00000000;
93be : 00000000;
93bf : 00000000;
93c0 : 00000000;
93c1 : 00000000;
93c2 : 00000000;
93c3 : 00000000;
93c4 : 00000000;
93c5 : 00000000;
93c6 : 00000000;
93c7 : 00000000;
93c8 : 00000000;
93c9 : 00000000;
93ca : 00000000;
93cb : 00000000;
93cc : 00000000;
93cd : 00000000;
93ce : 00000000;
93cf : 00000000;
93d0 : 00000000;
93d1 : 00000000;
93d2 : 00000000;
93d3 : 00000000;
93d4 : 00000000;
93d5 : 00000000;
93d6 : 00000000;
93d7 : 00000000;
93d8 : 00000000;
93d9 : 00000000;
93da : 00000000;
93db : 00000000;
93dc : 00000000;
93dd : 00000000;
93de : 00000000;
93df : 00000000;
93e0 : 00000000;
93e1 : 00000000;
93e2 : 00000000;
93e3 : 00000000;
93e4 : 00000000;
93e5 : 00000000;
93e6 : 00000000;
93e7 : 00000000;
93e8 : 00000000;
93e9 : 00000000;
93ea : 00000000;
93eb : 00000000;
93ec : 00000000;
93ed : 00000000;
93ee : 00000000;
93ef : 00000000;
93f0 : 00000000;
93f1 : 00000000;
93f2 : 00000000;
93f3 : 00000000;
93f4 : 00000000;
93f5 : 00000000;
93f6 : 00000000;
93f7 : 00000000;
93f8 : 00000000;
93f9 : 00000000;
93fa : 00000000;
93fb : 00000000;
93fc : 00000000;
93fd : 00000000;
93fe : 00000000;
93ff : 00000000;
9400 : 00000000;
9401 : 00000000;
9402 : 00000000;
9403 : 00000000;
9404 : 00000000;
9405 : 00000000;
9406 : 00000000;
9407 : 00000000;
9408 : 00000000;
9409 : 00000000;
940a : 00000000;
940b : 00000000;
940c : 00000000;
940d : 00000000;
940e : 00000000;
940f : 00000000;
9410 : 00000000;
9411 : 00000000;
9412 : 00000000;
9413 : 00000000;
9414 : 00000000;
9415 : 00000000;
9416 : 00000000;
9417 : 00000000;
9418 : 00000000;
9419 : 00000000;
941a : 00000000;
941b : 00000000;
941c : 00000000;
941d : 00000000;
941e : 00000000;
941f : 00000000;
9420 : 00000000;
9421 : 00000000;
9422 : 00000000;
9423 : 00000000;
9424 : 00000000;
9425 : 00000000;
9426 : 00000000;
9427 : 00000000;
9428 : 00000000;
9429 : 00000000;
942a : 00000000;
942b : 00000000;
942c : 00000000;
942d : 00000000;
942e : 00000000;
942f : 00000000;
9430 : 00000000;
9431 : 00000000;
9432 : 00000000;
9433 : 00000000;
9434 : 00000000;
9435 : 00000000;
9436 : 00000000;
9437 : 00000000;
9438 : 00000000;
9439 : 00000000;
943a : 00000000;
943b : 00000000;
943c : 00000000;
943d : 00000000;
943e : 00000000;
943f : 00000000;
9440 : 00000000;
9441 : 00000000;
9442 : 00000000;
9443 : 00000000;
9444 : 00000000;
9445 : 00000000;
9446 : 00000000;
9447 : 00000000;
9448 : 00000000;
9449 : 00000000;
944a : 00000000;
944b : 00000000;
944c : 00000000;
944d : 00000000;
944e : 00000000;
944f : 00000000;
9450 : 00000000;
9451 : 00000000;
9452 : 00000000;
9453 : 00000000;
9454 : 00000000;
9455 : 00000000;
9456 : 00000000;
9457 : 00000000;
9458 : 00000000;
9459 : 00000000;
945a : 00000000;
945b : 00000000;
945c : 00000000;
945d : 00000000;
945e : 00000000;
945f : 00000000;
9460 : 00000000;
9461 : 00000000;
9462 : 00000000;
9463 : 00000000;
9464 : 00000000;
9465 : 00000000;
9466 : 00000000;
9467 : 00000000;
9468 : 00000000;
9469 : 00000000;
946a : 00000000;
946b : 00000000;
946c : 00000000;
946d : 00000000;
946e : 00000000;
946f : 00000000;
9470 : 00000000;
9471 : 00000000;
9472 : 00000000;
9473 : 00000000;
9474 : 00000000;
9475 : 00000000;
9476 : 00000000;
9477 : 00000000;
9478 : 00000000;
9479 : 00000000;
947a : 00000000;
947b : 00000000;
947c : 00000000;
947d : 00000000;
947e : 00000000;
947f : 00000000;
9480 : 00000000;
9481 : 00000000;
9482 : 00000000;
9483 : 00000000;
9484 : 00000000;
9485 : 00000000;
9486 : 00000000;
9487 : 00000000;
9488 : 00000000;
9489 : 00000000;
948a : 00000000;
948b : 00000000;
948c : 00000000;
948d : 00000000;
948e : 00000000;
948f : 00000000;
9490 : 00000000;
9491 : 00000000;
9492 : 00000000;
9493 : 00000000;
9494 : 00000000;
9495 : 00000000;
9496 : 00000000;
9497 : 00000000;
9498 : 00000000;
9499 : 00000000;
949a : 00000000;
949b : 00000000;
949c : 00000000;
949d : 00000000;
949e : 00000000;
949f : 00000000;
94a0 : 00000000;
94a1 : 00000000;
94a2 : 00000000;
94a3 : 00000000;
94a4 : 00000000;
94a5 : 00000000;
94a6 : 00000000;
94a7 : 00000000;
94a8 : 00000000;
94a9 : 00000000;
94aa : 00000000;
94ab : 00000000;
94ac : 00000000;
94ad : 00000000;
94ae : 00000000;
94af : 00000000;
94b0 : 00000000;
94b1 : 00000000;
94b2 : 00000000;
94b3 : 00000000;
94b4 : 00000000;
94b5 : 00000000;
94b6 : 00000000;
94b7 : 00000000;
94b8 : 00000000;
94b9 : 00000000;
94ba : 00000000;
94bb : 00000000;
94bc : 00000000;
94bd : 00000000;
94be : 00000000;
94bf : 00000000;
94c0 : 00000000;
94c1 : 00000000;
94c2 : 00000000;
94c3 : 00000000;
94c4 : 00000000;
94c5 : 00000000;
94c6 : 00000000;
94c7 : 00000000;
94c8 : 00000000;
94c9 : 00000000;
94ca : 00000000;
94cb : 00000000;
94cc : 00000000;
94cd : 00000000;
94ce : 00000000;
94cf : 00000000;
94d0 : 00000000;
94d1 : 00000000;
94d2 : 00000000;
94d3 : 00000000;
94d4 : 00000000;
94d5 : 00000000;
94d6 : 00000000;
94d7 : 00000000;
94d8 : 00000000;
94d9 : 00000000;
94da : 00000000;
94db : 00000000;
94dc : 00000000;
94dd : 00000000;
94de : 00000000;
94df : 00000000;
94e0 : 00000000;
94e1 : 00000000;
94e2 : 00000000;
94e3 : 00000000;
94e4 : 00000000;
94e5 : 00000000;
94e6 : 00000000;
94e7 : 00000000;
94e8 : 00000000;
94e9 : 00000000;
94ea : 00000000;
94eb : 00000000;
94ec : 00000000;
94ed : 00000000;
94ee : 00000000;
94ef : 00000000;
94f0 : 00000000;
94f1 : 00000000;
94f2 : 00000000;
94f3 : 00000000;
94f4 : 00000000;
94f5 : 00000000;
94f6 : 00000000;
94f7 : 00000000;
94f8 : 00000000;
94f9 : 00000000;
94fa : 00000000;
94fb : 00000000;
94fc : 00000000;
94fd : 00000000;
94fe : 00000000;
94ff : 00000000;
9500 : 00000000;
9501 : 00000000;
9502 : 00000000;
9503 : 00000000;
9504 : 00000000;
9505 : 00000000;
9506 : 00000000;
9507 : 00000000;
9508 : 00000000;
9509 : 00000000;
950a : 00000000;
950b : 00000000;
950c : 00000000;
950d : 00000000;
950e : 00000000;
950f : 00000000;
9510 : 00000000;
9511 : 00000000;
9512 : 00000000;
9513 : 00000000;
9514 : 00000000;
9515 : 00000000;
9516 : 00000000;
9517 : 00000000;
9518 : 00000000;
9519 : 00000000;
951a : 00000000;
951b : 00000000;
951c : 00000000;
951d : 00000000;
951e : 00000000;
951f : 00000000;
9520 : 00000000;
9521 : 00000000;
9522 : 00000000;
9523 : 00000000;
9524 : 00000000;
9525 : 00000000;
9526 : 00000000;
9527 : 00000000;
9528 : 00000000;
9529 : 00000000;
952a : 00000000;
952b : 00000000;
952c : 00000000;
952d : 00000000;
952e : 00000000;
952f : 00000000;
9530 : 00000000;
9531 : 00000000;
9532 : 00000000;
9533 : 00000000;
9534 : 00000000;
9535 : 00000000;
9536 : 00000000;
9537 : 00000000;
9538 : 00000000;
9539 : 00000000;
953a : 00000000;
953b : 00000000;
953c : 00000000;
953d : 00000000;
953e : 00000000;
953f : 00000000;
9540 : 00000000;
9541 : 00000000;
9542 : 00000000;
9543 : 00000000;
9544 : 00000000;
9545 : 00000000;
9546 : 00000000;
9547 : 00000000;
9548 : 00000000;
9549 : 00000000;
954a : 00000000;
954b : 00000000;
954c : 00000000;
954d : 00000000;
954e : 00000000;
954f : 00000000;
9550 : 00000000;
9551 : 00000000;
9552 : 00000000;
9553 : 00000000;
9554 : 00000000;
9555 : 00000000;
9556 : 00000000;
9557 : 00000000;
9558 : 00000000;
9559 : 00000000;
955a : 00000000;
955b : 00000000;
955c : 00000000;
955d : 00000000;
955e : 00000000;
955f : 00000000;
9560 : 00000000;
9561 : 00000000;
9562 : 00000000;
9563 : 00000000;
9564 : 00000000;
9565 : 00000000;
9566 : 00000000;
9567 : 00000000;
9568 : 00000000;
9569 : 00000000;
956a : 00000000;
956b : 00000000;
956c : 00000000;
956d : 00000000;
956e : 00000000;
956f : 00000000;
9570 : 00000000;
9571 : 00000000;
9572 : 00000000;
9573 : 00000000;
9574 : 00000000;
9575 : 00000000;
9576 : 00000000;
9577 : 00000000;
9578 : 00000000;
9579 : 00000000;
957a : 00000000;
957b : 00000000;
957c : 00000000;
957d : 00000000;
957e : 00000000;
957f : 00000000;
9580 : 00000000;
9581 : 00000000;
9582 : 00000000;
9583 : 00000000;
9584 : 00000000;
9585 : 00000000;
9586 : 00000000;
9587 : 00000000;
9588 : 00000000;
9589 : 00000000;
958a : 00000000;
958b : 00000000;
958c : 00000000;
958d : 00000000;
958e : 00000000;
958f : 00000000;
9590 : 00000000;
9591 : 00000000;
9592 : 00000000;
9593 : 00000000;
9594 : 00000000;
9595 : 00000000;
9596 : 00000000;
9597 : 00000000;
9598 : 00000000;
9599 : 00000000;
959a : 00000000;
959b : 00000000;
959c : 00000000;
959d : 00000000;
959e : 00000000;
959f : 00000000;
95a0 : 00000000;
95a1 : 00000000;
95a2 : 00000000;
95a3 : 00000000;
95a4 : 00000000;
95a5 : 00000000;
95a6 : 00000000;
95a7 : 00000000;
95a8 : 00000000;
95a9 : 00000000;
95aa : 00000000;
95ab : 00000000;
95ac : 00000000;
95ad : 00000000;
95ae : 00000000;
95af : 00000000;
95b0 : 00000000;
95b1 : 00000000;
95b2 : 00000000;
95b3 : 00000000;
95b4 : 00000000;
95b5 : 00000000;
95b6 : 00000000;
95b7 : 00000000;
95b8 : 00000000;
95b9 : 00000000;
95ba : 00000000;
95bb : 00000000;
95bc : 00000000;
95bd : 00000000;
95be : 00000000;
95bf : 00000000;
95c0 : 00000000;
95c1 : 00000000;
95c2 : 00000000;
95c3 : 00000000;
95c4 : 00000000;
95c5 : 00000000;
95c6 : 00000000;
95c7 : 00000000;
95c8 : 00000000;
95c9 : 00000000;
95ca : 00000000;
95cb : 00000000;
95cc : 00000000;
95cd : 00000000;
95ce : 00000000;
95cf : 00000000;
95d0 : 00000000;
95d1 : 00000000;
95d2 : 00000000;
95d3 : 00000000;
95d4 : 00000000;
95d5 : 00000000;
95d6 : 00000000;
95d7 : 00000000;
95d8 : 00000000;
95d9 : 00000000;
95da : 00000000;
95db : 00000000;
95dc : 00000000;
95dd : 00000000;
95de : 00000000;
95df : 00000000;
95e0 : 00000000;
95e1 : 00000000;
95e2 : 00000000;
95e3 : 00000000;
95e4 : 00000000;
95e5 : 00000000;
95e6 : 00000000;
95e7 : 00000000;
95e8 : 00000000;
95e9 : 00000000;
95ea : 00000000;
95eb : 00000000;
95ec : 00000000;
95ed : 00000000;
95ee : 00000000;
95ef : 00000000;
95f0 : 00000000;
95f1 : 00000000;
95f2 : 00000000;
95f3 : 00000000;
95f4 : 00000000;
95f5 : 00000000;
95f6 : 00000000;
95f7 : 00000000;
95f8 : 00000000;
95f9 : 00000000;
95fa : 00000000;
95fb : 00000000;
95fc : 00000000;
95fd : 00000000;
95fe : 00000000;
95ff : 00000000;
9600 : 00000000;
9601 : 00000000;
9602 : 00000000;
9603 : 00000000;
9604 : 00000000;
9605 : 00000000;
9606 : 00000000;
9607 : 00000000;
9608 : 00000000;
9609 : 00000000;
960a : 00000000;
960b : 00000000;
960c : 00000000;
960d : 00000000;
960e : 00000000;
960f : 00000000;
9610 : 00000000;
9611 : 00000000;
9612 : 00000000;
9613 : 00000000;
9614 : 00000000;
9615 : 00000000;
9616 : 00000000;
9617 : 00000000;
9618 : 00000000;
9619 : 00000000;
961a : 00000000;
961b : 00000000;
961c : 00000000;
961d : 00000000;
961e : 00000000;
961f : 00000000;
9620 : 00000000;
9621 : 00000000;
9622 : 00000000;
9623 : 00000000;
9624 : 00000000;
9625 : 00000000;
9626 : 00000000;
9627 : 00000000;
9628 : 00000000;
9629 : 00000000;
962a : 00000000;
962b : 00000000;
962c : 00000000;
962d : 00000000;
962e : 00000000;
962f : 00000000;
9630 : 00000000;
9631 : 00000000;
9632 : 00000000;
9633 : 00000000;
9634 : 00000000;
9635 : 00000000;
9636 : 00000000;
9637 : 00000000;
9638 : 00000000;
9639 : 00000000;
963a : 00000000;
963b : 00000000;
963c : 00000000;
963d : 00000000;
963e : 00000000;
963f : 00000000;
9640 : 00000000;
9641 : 00000000;
9642 : 00000000;
9643 : 00000000;
9644 : 00000000;
9645 : 00000000;
9646 : 00000000;
9647 : 00000000;
9648 : 00000000;
9649 : 00000000;
964a : 00000000;
964b : 00000000;
964c : 00000000;
964d : 00000000;
964e : 00000000;
964f : 00000000;
9650 : 00000000;
9651 : 00000000;
9652 : 00000000;
9653 : 00000000;
9654 : 00000000;
9655 : 00000000;
9656 : 00000000;
9657 : 00000000;
9658 : 00000000;
9659 : 00000000;
965a : 00000000;
965b : 00000000;
965c : 00000000;
965d : 00000000;
965e : 00000000;
965f : 00000000;
9660 : 00000000;
9661 : 00000000;
9662 : 00000000;
9663 : 00000000;
9664 : 00000000;
9665 : 00000000;
9666 : 00000000;
9667 : 00000000;
9668 : 00000000;
9669 : 00000000;
966a : 00000000;
966b : 00000000;
966c : 00000000;
966d : 00000000;
966e : 00000000;
966f : 00000000;
9670 : 00000000;
9671 : 00000000;
9672 : 00000000;
9673 : 00000000;
9674 : 00000000;
9675 : 00000000;
9676 : 00000000;
9677 : 00000000;
9678 : 00000000;
9679 : 00000000;
967a : 00000000;
967b : 00000000;
967c : 00000000;
967d : 00000000;
967e : 00000000;
967f : 00000000;
9680 : 00000000;
9681 : 00000000;
9682 : 00000000;
9683 : 00000000;
9684 : 00000000;
9685 : 00000000;
9686 : 00000000;
9687 : 00000000;
9688 : 00000000;
9689 : 00000000;
968a : 00000000;
968b : 00000000;
968c : 00000000;
968d : 00000000;
968e : 00000000;
968f : 00000000;
9690 : 00000000;
9691 : 00000000;
9692 : 00000000;
9693 : 00000000;
9694 : 00000000;
9695 : 00000000;
9696 : 00000000;
9697 : 00000000;
9698 : 00000000;
9699 : 00000000;
969a : 00000000;
969b : 00000000;
969c : 00000000;
969d : 00000000;
969e : 00000000;
969f : 00000000;
96a0 : 00000000;
96a1 : 00000000;
96a2 : 00000000;
96a3 : 00000000;
96a4 : 00000000;
96a5 : 00000000;
96a6 : 00000000;
96a7 : 00000000;
96a8 : 00000000;
96a9 : 00000000;
96aa : 00000000;
96ab : 00000000;
96ac : 00000000;
96ad : 00000000;
96ae : 00000000;
96af : 00000000;
96b0 : 00000000;
96b1 : 00000000;
96b2 : 00000000;
96b3 : 00000000;
96b4 : 00000000;
96b5 : 00000000;
96b6 : 00000000;
96b7 : 00000000;
96b8 : 00000000;
96b9 : 00000000;
96ba : 00000000;
96bb : 00000000;
96bc : 00000000;
96bd : 00000000;
96be : 00000000;
96bf : 00000000;
96c0 : 00000000;
96c1 : 00000000;
96c2 : 00000000;
96c3 : 00000000;
96c4 : 00000000;
96c5 : 00000000;
96c6 : 00000000;
96c7 : 00000000;
96c8 : 00000000;
96c9 : 00000000;
96ca : 00000000;
96cb : 00000000;
96cc : 00000000;
96cd : 00000000;
96ce : 00000000;
96cf : 00000000;
96d0 : 00000000;
96d1 : 00000000;
96d2 : 00000000;
96d3 : 00000000;
96d4 : 00000000;
96d5 : 00000000;
96d6 : 00000000;
96d7 : 00000000;
96d8 : 00000000;
96d9 : 00000000;
96da : 00000000;
96db : 00000000;
96dc : 00000000;
96dd : 00000000;
96de : 00000000;
96df : 00000000;
96e0 : 00000000;
96e1 : 00000000;
96e2 : 00000000;
96e3 : 00000000;
96e4 : 00000000;
96e5 : 00000000;
96e6 : 00000000;
96e7 : 00000000;
96e8 : 00000000;
96e9 : 00000000;
96ea : 00000000;
96eb : 00000000;
96ec : 00000000;
96ed : 00000000;
96ee : 00000000;
96ef : 00000000;
96f0 : 00000000;
96f1 : 00000000;
96f2 : 00000000;
96f3 : 00000000;
96f4 : 00000000;
96f5 : 00000000;
96f6 : 00000000;
96f7 : 00000000;
96f8 : 00000000;
96f9 : 00000000;
96fa : 00000000;
96fb : 00000000;
96fc : 00000000;
96fd : 00000000;
96fe : 00000000;
96ff : 00000000;
9700 : 00000000;
9701 : 00000000;
9702 : 00000000;
9703 : 00000000;
9704 : 00000000;
9705 : 00000000;
9706 : 00000000;
9707 : 00000000;
9708 : 00000000;
9709 : 00000000;
970a : 00000000;
970b : 00000000;
970c : 00000000;
970d : 00000000;
970e : 00000000;
970f : 00000000;
9710 : 00000000;
9711 : 00000000;
9712 : 00000000;
9713 : 00000000;
9714 : 00000000;
9715 : 00000000;
9716 : 00000000;
9717 : 00000000;
9718 : 00000000;
9719 : 00000000;
971a : 00000000;
971b : 00000000;
971c : 00000000;
971d : 00000000;
971e : 00000000;
971f : 00000000;
9720 : 00000000;
9721 : 00000000;
9722 : 00000000;
9723 : 00000000;
9724 : 00000000;
9725 : 00000000;
9726 : 00000000;
9727 : 00000000;
9728 : 00000000;
9729 : 00000000;
972a : 00000000;
972b : 00000000;
972c : 00000000;
972d : 00000000;
972e : 00000000;
972f : 00000000;
9730 : 00000000;
9731 : 00000000;
9732 : 00000000;
9733 : 00000000;
9734 : 00000000;
9735 : 00000000;
9736 : 00000000;
9737 : 00000000;
9738 : 00000000;
9739 : 00000000;
973a : 00000000;
973b : 00000000;
973c : 00000000;
973d : 00000000;
973e : 00000000;
973f : 00000000;
9740 : 00000000;
9741 : 00000000;
9742 : 00000000;
9743 : 00000000;
9744 : 00000000;
9745 : 00000000;
9746 : 00000000;
9747 : 00000000;
9748 : 00000000;
9749 : 00000000;
974a : 00000000;
974b : 00000000;
974c : 00000000;
974d : 00000000;
974e : 00000000;
974f : 00000000;
9750 : 00000000;
9751 : 00000000;
9752 : 00000000;
9753 : 00000000;
9754 : 00000000;
9755 : 00000000;
9756 : 00000000;
9757 : 00000000;
9758 : 00000000;
9759 : 00000000;
975a : 00000000;
975b : 00000000;
975c : 00000000;
975d : 00000000;
975e : 00000000;
975f : 00000000;
9760 : 00000000;
9761 : 00000000;
9762 : 00000000;
9763 : 00000000;
9764 : 00000000;
9765 : 00000000;
9766 : 00000000;
9767 : 00000000;
9768 : 00000000;
9769 : 00000000;
976a : 00000000;
976b : 00000000;
976c : 00000000;
976d : 00000000;
976e : 00000000;
976f : 00000000;
9770 : 00000000;
9771 : 00000000;
9772 : 00000000;
9773 : 00000000;
9774 : 00000000;
9775 : 00000000;
9776 : 00000000;
9777 : 00000000;
9778 : 00000000;
9779 : 00000000;
977a : 00000000;
977b : 00000000;
977c : 00000000;
977d : 00000000;
977e : 00000000;
977f : 00000000;
9780 : 00000000;
9781 : 00000000;
9782 : 00000000;
9783 : 00000000;
9784 : 00000000;
9785 : 00000000;
9786 : 00000000;
9787 : 00000000;
9788 : 00000000;
9789 : 00000000;
978a : 00000000;
978b : 00000000;
978c : 00000000;
978d : 00000000;
978e : 00000000;
978f : 00000000;
9790 : 00000000;
9791 : 00000000;
9792 : 00000000;
9793 : 00000000;
9794 : 00000000;
9795 : 00000000;
9796 : 00000000;
9797 : 00000000;
9798 : 00000000;
9799 : 00000000;
979a : 00000000;
979b : 00000000;
979c : 00000000;
979d : 00000000;
979e : 00000000;
979f : 00000000;
97a0 : 00000000;
97a1 : 00000000;
97a2 : 00000000;
97a3 : 00000000;
97a4 : 00000000;
97a5 : 00000000;
97a6 : 00000000;
97a7 : 00000000;
97a8 : 00000000;
97a9 : 00000000;
97aa : 00000000;
97ab : 00000000;
97ac : 00000000;
97ad : 00000000;
97ae : 00000000;
97af : 00000000;
97b0 : 00000000;
97b1 : 00000000;
97b2 : 00000000;
97b3 : 00000000;
97b4 : 00000000;
97b5 : 00000000;
97b6 : 00000000;
97b7 : 00000000;
97b8 : 00000000;
97b9 : 00000000;
97ba : 00000000;
97bb : 00000000;
97bc : 00000000;
97bd : 00000000;
97be : 00000000;
97bf : 00000000;
97c0 : 00000000;
97c1 : 00000000;
97c2 : 00000000;
97c3 : 00000000;
97c4 : 00000000;
97c5 : 00000000;
97c6 : 00000000;
97c7 : 00000000;
97c8 : 00000000;
97c9 : 00000000;
97ca : 00000000;
97cb : 00000000;
97cc : 00000000;
97cd : 00000000;
97ce : 00000000;
97cf : 00000000;
97d0 : 00000000;
97d1 : 00000000;
97d2 : 00000000;
97d3 : 00000000;
97d4 : 00000000;
97d5 : 00000000;
97d6 : 00000000;
97d7 : 00000000;
97d8 : 00000000;
97d9 : 00000000;
97da : 00000000;
97db : 00000000;
97dc : 00000000;
97dd : 00000000;
97de : 00000000;
97df : 00000000;
97e0 : 00000000;
97e1 : 00000000;
97e2 : 00000000;
97e3 : 00000000;
97e4 : 00000000;
97e5 : 00000000;
97e6 : 00000000;
97e7 : 00000000;
97e8 : 00000000;
97e9 : 00000000;
97ea : 00000000;
97eb : 00000000;
97ec : 00000000;
97ed : 00000000;
97ee : 00000000;
97ef : 00000000;
97f0 : 00000000;
97f1 : 00000000;
97f2 : 00000000;
97f3 : 00000000;
97f4 : 00000000;
97f5 : 00000000;
97f6 : 00000000;
97f7 : 00000000;
97f8 : 00000000;
97f9 : 00000000;
97fa : 00000000;
97fb : 00000000;
97fc : 00000000;
97fd : 00000000;
97fe : 00000000;
97ff : 00000000;
9800 : 00000000;
9801 : 00000000;
9802 : 00000000;
9803 : 00000000;
9804 : 00000000;
9805 : 00000000;
9806 : 00000000;
9807 : 00000000;
9808 : 00000000;
9809 : 00000000;
980a : 00000000;
980b : 00000000;
980c : 00000000;
980d : 00000000;
980e : 00000000;
980f : 00000000;
9810 : 00000000;
9811 : 00000000;
9812 : 00000000;
9813 : 00000000;
9814 : 00000000;
9815 : 00000000;
9816 : 00000000;
9817 : 00000000;
9818 : 00000000;
9819 : 00000000;
981a : 00000000;
981b : 00000000;
981c : 00000000;
981d : 00000000;
981e : 00000000;
981f : 00000000;
9820 : 00000000;
9821 : 00000000;
9822 : 00000000;
9823 : 00000000;
9824 : 00000000;
9825 : 00000000;
9826 : 00000000;
9827 : 00000000;
9828 : 00000000;
9829 : 00000000;
982a : 00000000;
982b : 00000000;
982c : 00000000;
982d : 00000000;
982e : 00000000;
982f : 00000000;
9830 : 00000000;
9831 : 00000000;
9832 : 00000000;
9833 : 00000000;
9834 : 00000000;
9835 : 00000000;
9836 : 00000000;
9837 : 00000000;
9838 : 00000000;
9839 : 00000000;
983a : 00000000;
983b : 00000000;
983c : 00000000;
983d : 00000000;
983e : 00000000;
983f : 00000000;
9840 : 00000000;
9841 : 00000000;
9842 : 00000000;
9843 : 00000000;
9844 : 00000000;
9845 : 00000000;
9846 : 00000000;
9847 : 00000000;
9848 : 00000000;
9849 : 00000000;
984a : 00000000;
984b : 00000000;
984c : 00000000;
984d : 00000000;
984e : 00000000;
984f : 00000000;
9850 : 00000000;
9851 : 00000000;
9852 : 00000000;
9853 : 00000000;
9854 : 00000000;
9855 : 00000000;
9856 : 00000000;
9857 : 00000000;
9858 : 00000000;
9859 : 00000000;
985a : 00000000;
985b : 00000000;
985c : 00000000;
985d : 00000000;
985e : 00000000;
985f : 00000000;
9860 : 00000000;
9861 : 00000000;
9862 : 00000000;
9863 : 00000000;
9864 : 00000000;
9865 : 00000000;
9866 : 00000000;
9867 : 00000000;
9868 : 00000000;
9869 : 00000000;
986a : 00000000;
986b : 00000000;
986c : 00000000;
986d : 00000000;
986e : 00000000;
986f : 00000000;
9870 : 00000000;
9871 : 00000000;
9872 : 00000000;
9873 : 00000000;
9874 : 00000000;
9875 : 00000000;
9876 : 00000000;
9877 : 00000000;
9878 : 00000000;
9879 : 00000000;
987a : 00000000;
987b : 00000000;
987c : 00000000;
987d : 00000000;
987e : 00000000;
987f : 00000000;
9880 : 00000000;
9881 : 00000000;
9882 : 00000000;
9883 : 00000000;
9884 : 00000000;
9885 : 00000000;
9886 : 00000000;
9887 : 00000000;
9888 : 00000000;
9889 : 00000000;
988a : 00000000;
988b : 00000000;
988c : 00000000;
988d : 00000000;
988e : 00000000;
988f : 00000000;
9890 : 00000000;
9891 : 00000000;
9892 : 00000000;
9893 : 00000000;
9894 : 00000000;
9895 : 00000000;
9896 : 00000000;
9897 : 00000000;
9898 : 00000000;
9899 : 00000000;
989a : 00000000;
989b : 00000000;
989c : 00000000;
989d : 00000000;
989e : 00000000;
989f : 00000000;
98a0 : 00000000;
98a1 : 00000000;
98a2 : 00000000;
98a3 : 00000000;
98a4 : 00000000;
98a5 : 00000000;
98a6 : 00000000;
98a7 : 00000000;
98a8 : 00000000;
98a9 : 00000000;
98aa : 00000000;
98ab : 00000000;
98ac : 00000000;
98ad : 00000000;
98ae : 00000000;
98af : 00000000;
98b0 : 00000000;
98b1 : 00000000;
98b2 : 00000000;
98b3 : 00000000;
98b4 : 00000000;
98b5 : 00000000;
98b6 : 00000000;
98b7 : 00000000;
98b8 : 00000000;
98b9 : 00000000;
98ba : 00000000;
98bb : 00000000;
98bc : 00000000;
98bd : 00000000;
98be : 00000000;
98bf : 00000000;
98c0 : 00000000;
98c1 : 00000000;
98c2 : 00000000;
98c3 : 00000000;
98c4 : 00000000;
98c5 : 00000000;
98c6 : 00000000;
98c7 : 00000000;
98c8 : 00000000;
98c9 : 00000000;
98ca : 00000000;
98cb : 00000000;
98cc : 00000000;
98cd : 00000000;
98ce : 00000000;
98cf : 00000000;
98d0 : 00000000;
98d1 : 00000000;
98d2 : 00000000;
98d3 : 00000000;
98d4 : 00000000;
98d5 : 00000000;
98d6 : 00000000;
98d7 : 00000000;
98d8 : 00000000;
98d9 : 00000000;
98da : 00000000;
98db : 00000000;
98dc : 00000000;
98dd : 00000000;
98de : 00000000;
98df : 00000000;
98e0 : 00000000;
98e1 : 00000000;
98e2 : 00000000;
98e3 : 00000000;
98e4 : 00000000;
98e5 : 00000000;
98e6 : 00000000;
98e7 : 00000000;
98e8 : 00000000;
98e9 : 00000000;
98ea : 00000000;
98eb : 00000000;
98ec : 00000000;
98ed : 00000000;
98ee : 00000000;
98ef : 00000000;
98f0 : 00000000;
98f1 : 00000000;
98f2 : 00000000;
98f3 : 00000000;
98f4 : 00000000;
98f5 : 00000000;
98f6 : 00000000;
98f7 : 00000000;
98f8 : 00000000;
98f9 : 00000000;
98fa : 00000000;
98fb : 00000000;
98fc : 00000000;
98fd : 00000000;
98fe : 00000000;
98ff : 00000000;
9900 : 00000000;
9901 : 00000000;
9902 : 00000000;
9903 : 00000000;
9904 : 00000000;
9905 : 00000000;
9906 : 00000000;
9907 : 00000000;
9908 : 00000000;
9909 : 00000000;
990a : 00000000;
990b : 00000000;
990c : 00000000;
990d : 00000000;
990e : 00000000;
990f : 00000000;
9910 : 00000000;
9911 : 00000000;
9912 : 00000000;
9913 : 00000000;
9914 : 00000000;
9915 : 00000000;
9916 : 00000000;
9917 : 00000000;
9918 : 00000000;
9919 : 00000000;
991a : 00000000;
991b : 00000000;
991c : 00000000;
991d : 00000000;
991e : 00000000;
991f : 00000000;
9920 : 00000000;
9921 : 00000000;
9922 : 00000000;
9923 : 00000000;
9924 : 00000000;
9925 : 00000000;
9926 : 00000000;
9927 : 00000000;
9928 : 00000000;
9929 : 00000000;
992a : 00000000;
992b : 00000000;
992c : 00000000;
992d : 00000000;
992e : 00000000;
992f : 00000000;
9930 : 00000000;
9931 : 00000000;
9932 : 00000000;
9933 : 00000000;
9934 : 00000000;
9935 : 00000000;
9936 : 00000000;
9937 : 00000000;
9938 : 00000000;
9939 : 00000000;
993a : 00000000;
993b : 00000000;
993c : 00000000;
993d : 00000000;
993e : 00000000;
993f : 00000000;
9940 : 00000000;
9941 : 00000000;
9942 : 00000000;
9943 : 00000000;
9944 : 00000000;
9945 : 00000000;
9946 : 00000000;
9947 : 00000000;
9948 : 00000000;
9949 : 00000000;
994a : 00000000;
994b : 00000000;
994c : 00000000;
994d : 00000000;
994e : 00000000;
994f : 00000000;
9950 : 00000000;
9951 : 00000000;
9952 : 00000000;
9953 : 00000000;
9954 : 00000000;
9955 : 00000000;
9956 : 00000000;
9957 : 00000000;
9958 : 00000000;
9959 : 00000000;
995a : 00000000;
995b : 00000000;
995c : 00000000;
995d : 00000000;
995e : 00000000;
995f : 00000000;
9960 : 00000000;
9961 : 00000000;
9962 : 00000000;
9963 : 00000000;
9964 : 00000000;
9965 : 00000000;
9966 : 00000000;
9967 : 00000000;
9968 : 00000000;
9969 : 00000000;
996a : 00000000;
996b : 00000000;
996c : 00000000;
996d : 00000000;
996e : 00000000;
996f : 00000000;
9970 : 00000000;
9971 : 00000000;
9972 : 00000000;
9973 : 00000000;
9974 : 00000000;
9975 : 00000000;
9976 : 00000000;
9977 : 00000000;
9978 : 00000000;
9979 : 00000000;
997a : 00000000;
997b : 00000000;
997c : 00000000;
997d : 00000000;
997e : 00000000;
997f : 00000000;
9980 : 00000000;
9981 : 00000000;
9982 : 00000000;
9983 : 00000000;
9984 : 00000000;
9985 : 00000000;
9986 : 00000000;
9987 : 00000000;
9988 : 00000000;
9989 : 00000000;
998a : 00000000;
998b : 00000000;
998c : 00000000;
998d : 00000000;
998e : 00000000;
998f : 00000000;
9990 : 00000000;
9991 : 00000000;
9992 : 00000000;
9993 : 00000000;
9994 : 00000000;
9995 : 00000000;
9996 : 00000000;
9997 : 00000000;
9998 : 00000000;
9999 : 00000000;
999a : 00000000;
999b : 00000000;
999c : 00000000;
999d : 00000000;
999e : 00000000;
999f : 00000000;
99a0 : 00000000;
99a1 : 00000000;
99a2 : 00000000;
99a3 : 00000000;
99a4 : 00000000;
99a5 : 00000000;
99a6 : 00000000;
99a7 : 00000000;
99a8 : 00000000;
99a9 : 00000000;
99aa : 00000000;
99ab : 00000000;
99ac : 00000000;
99ad : 00000000;
99ae : 00000000;
99af : 00000000;
99b0 : 00000000;
99b1 : 00000000;
99b2 : 00000000;
99b3 : 00000000;
99b4 : 00000000;
99b5 : 00000000;
99b6 : 00000000;
99b7 : 00000000;
99b8 : 00000000;
99b9 : 00000000;
99ba : 00000000;
99bb : 00000000;
99bc : 00000000;
99bd : 00000000;
99be : 00000000;
99bf : 00000000;
99c0 : 00000000;
99c1 : 00000000;
99c2 : 00000000;
99c3 : 00000000;
99c4 : 00000000;
99c5 : 00000000;
99c6 : 00000000;
99c7 : 00000000;
99c8 : 00000000;
99c9 : 00000000;
99ca : 00000000;
99cb : 00000000;
99cc : 00000000;
99cd : 00000000;
99ce : 00000000;
99cf : 00000000;
99d0 : 00000000;
99d1 : 00000000;
99d2 : 00000000;
99d3 : 00000000;
99d4 : 00000000;
99d5 : 00000000;
99d6 : 00000000;
99d7 : 00000000;
99d8 : 00000000;
99d9 : 00000000;
99da : 00000000;
99db : 00000000;
99dc : 00000000;
99dd : 00000000;
99de : 00000000;
99df : 00000000;
99e0 : 00000000;
99e1 : 00000000;
99e2 : 00000000;
99e3 : 00000000;
99e4 : 00000000;
99e5 : 00000000;
99e6 : 00000000;
99e7 : 00000000;
99e8 : 00000000;
99e9 : 00000000;
99ea : 00000000;
99eb : 00000000;
99ec : 00000000;
99ed : 00000000;
99ee : 00000000;
99ef : 00000000;
99f0 : 00000000;
99f1 : 00000000;
99f2 : 00000000;
99f3 : 00000000;
99f4 : 00000000;
99f5 : 00000000;
99f6 : 00000000;
99f7 : 00000000;
99f8 : 00000000;
99f9 : 00000000;
99fa : 00000000;
99fb : 00000000;
99fc : 00000000;
99fd : 00000000;
99fe : 00000000;
99ff : 00000000;
9a00 : 00000000;
9a01 : 00000000;
9a02 : 00000000;
9a03 : 00000000;
9a04 : 00000000;
9a05 : 00000000;
9a06 : 00000000;
9a07 : 00000000;
9a08 : 00000000;
9a09 : 00000000;
9a0a : 00000000;
9a0b : 00000000;
9a0c : 00000000;
9a0d : 00000000;
9a0e : 00000000;
9a0f : 00000000;
9a10 : 00000000;
9a11 : 00000000;
9a12 : 00000000;
9a13 : 00000000;
9a14 : 00000000;
9a15 : 00000000;
9a16 : 00000000;
9a17 : 00000000;
9a18 : 00000000;
9a19 : 00000000;
9a1a : 00000000;
9a1b : 00000000;
9a1c : 00000000;
9a1d : 00000000;
9a1e : 00000000;
9a1f : 00000000;
9a20 : 00000000;
9a21 : 00000000;
9a22 : 00000000;
9a23 : 00000000;
9a24 : 00000000;
9a25 : 00000000;
9a26 : 00000000;
9a27 : 00000000;
9a28 : 00000000;
9a29 : 00000000;
9a2a : 00000000;
9a2b : 00000000;
9a2c : 00000000;
9a2d : 00000000;
9a2e : 00000000;
9a2f : 00000000;
9a30 : 00000000;
9a31 : 00000000;
9a32 : 00000000;
9a33 : 00000000;
9a34 : 00000000;
9a35 : 00000000;
9a36 : 00000000;
9a37 : 00000000;
9a38 : 00000000;
9a39 : 00000000;
9a3a : 00000000;
9a3b : 00000000;
9a3c : 00000000;
9a3d : 00000000;
9a3e : 00000000;
9a3f : 00000000;
9a40 : 00000000;
9a41 : 00000000;
9a42 : 00000000;
9a43 : 00000000;
9a44 : 00000000;
9a45 : 00000000;
9a46 : 00000000;
9a47 : 00000000;
9a48 : 00000000;
9a49 : 00000000;
9a4a : 00000000;
9a4b : 00000000;
9a4c : 00000000;
9a4d : 00000000;
9a4e : 00000000;
9a4f : 00000000;
9a50 : 00000000;
9a51 : 00000000;
9a52 : 00000000;
9a53 : 00000000;
9a54 : 00000000;
9a55 : 00000000;
9a56 : 00000000;
9a57 : 00000000;
9a58 : 00000000;
9a59 : 00000000;
9a5a : 00000000;
9a5b : 00000000;
9a5c : 00000000;
9a5d : 00000000;
9a5e : 00000000;
9a5f : 00000000;
9a60 : 00000000;
9a61 : 00000000;
9a62 : 00000000;
9a63 : 00000000;
9a64 : 00000000;
9a65 : 00000000;
9a66 : 00000000;
9a67 : 00000000;
9a68 : 00000000;
9a69 : 00000000;
9a6a : 00000000;
9a6b : 00000000;
9a6c : 00000000;
9a6d : 00000000;
9a6e : 00000000;
9a6f : 00000000;
9a70 : 00000000;
9a71 : 00000000;
9a72 : 00000000;
9a73 : 00000000;
9a74 : 00000000;
9a75 : 00000000;
9a76 : 00000000;
9a77 : 00000000;
9a78 : 00000000;
9a79 : 00000000;
9a7a : 00000000;
9a7b : 00000000;
9a7c : 00000000;
9a7d : 00000000;
9a7e : 00000000;
9a7f : 00000000;
9a80 : 00000000;
9a81 : 00000000;
9a82 : 00000000;
9a83 : 00000000;
9a84 : 00000000;
9a85 : 00000000;
9a86 : 00000000;
9a87 : 00000000;
9a88 : 00000000;
9a89 : 00000000;
9a8a : 00000000;
9a8b : 00000000;
9a8c : 00000000;
9a8d : 00000000;
9a8e : 00000000;
9a8f : 00000000;
9a90 : 00000000;
9a91 : 00000000;
9a92 : 00000000;
9a93 : 00000000;
9a94 : 00000000;
9a95 : 00000000;
9a96 : 00000000;
9a97 : 00000000;
9a98 : 00000000;
9a99 : 00000000;
9a9a : 00000000;
9a9b : 00000000;
9a9c : 00000000;
9a9d : 00000000;
9a9e : 00000000;
9a9f : 00000000;
9aa0 : 00000000;
9aa1 : 00000000;
9aa2 : 00000000;
9aa3 : 00000000;
9aa4 : 00000000;
9aa5 : 00000000;
9aa6 : 00000000;
9aa7 : 00000000;
9aa8 : 00000000;
9aa9 : 00000000;
9aaa : 00000000;
9aab : 00000000;
9aac : 00000000;
9aad : 00000000;
9aae : 00000000;
9aaf : 00000000;
9ab0 : 00000000;
9ab1 : 00000000;
9ab2 : 00000000;
9ab3 : 00000000;
9ab4 : 00000000;
9ab5 : 00000000;
9ab6 : 00000000;
9ab7 : 00000000;
9ab8 : 00000000;
9ab9 : 00000000;
9aba : 00000000;
9abb : 00000000;
9abc : 00000000;
9abd : 00000000;
9abe : 00000000;
9abf : 00000000;
9ac0 : 00000000;
9ac1 : 00000000;
9ac2 : 00000000;
9ac3 : 00000000;
9ac4 : 00000000;
9ac5 : 00000000;
9ac6 : 00000000;
9ac7 : 00000000;
9ac8 : 00000000;
9ac9 : 00000000;
9aca : 00000000;
9acb : 00000000;
9acc : 00000000;
9acd : 00000000;
9ace : 00000000;
9acf : 00000000;
9ad0 : 00000000;
9ad1 : 00000000;
9ad2 : 00000000;
9ad3 : 00000000;
9ad4 : 00000000;
9ad5 : 00000000;
9ad6 : 00000000;
9ad7 : 00000000;
9ad8 : 00000000;
9ad9 : 00000000;
9ada : 00000000;
9adb : 00000000;
9adc : 00000000;
9add : 00000000;
9ade : 00000000;
9adf : 00000000;
9ae0 : 00000000;
9ae1 : 00000000;
9ae2 : 00000000;
9ae3 : 00000000;
9ae4 : 00000000;
9ae5 : 00000000;
9ae6 : 00000000;
9ae7 : 00000000;
9ae8 : 00000000;
9ae9 : 00000000;
9aea : 00000000;
9aeb : 00000000;
9aec : 00000000;
9aed : 00000000;
9aee : 00000000;
9aef : 00000000;
9af0 : 00000000;
9af1 : 00000000;
9af2 : 00000000;
9af3 : 00000000;
9af4 : 00000000;
9af5 : 00000000;
9af6 : 00000000;
9af7 : 00000000;
9af8 : 00000000;
9af9 : 00000000;
9afa : 00000000;
9afb : 00000000;
9afc : 00000000;
9afd : 00000000;
9afe : 00000000;
9aff : 00000000;
9b00 : 00000000;
9b01 : 00000000;
9b02 : 00000000;
9b03 : 00000000;
9b04 : 00000000;
9b05 : 00000000;
9b06 : 00000000;
9b07 : 00000000;
9b08 : 00000000;
9b09 : 00000000;
9b0a : 00000000;
9b0b : 00000000;
9b0c : 00000000;
9b0d : 00000000;
9b0e : 00000000;
9b0f : 00000000;
9b10 : 00000000;
9b11 : 00000000;
9b12 : 00000000;
9b13 : 00000000;
9b14 : 00000000;
9b15 : 00000000;
9b16 : 00000000;
9b17 : 00000000;
9b18 : 00000000;
9b19 : 00000000;
9b1a : 00000000;
9b1b : 00000000;
9b1c : 00000000;
9b1d : 00000000;
9b1e : 00000000;
9b1f : 00000000;
9b20 : 00000000;
9b21 : 00000000;
9b22 : 00000000;
9b23 : 00000000;
9b24 : 00000000;
9b25 : 00000000;
9b26 : 00000000;
9b27 : 00000000;
9b28 : 00000000;
9b29 : 00000000;
9b2a : 00000000;
9b2b : 00000000;
9b2c : 00000000;
9b2d : 00000000;
9b2e : 00000000;
9b2f : 00000000;
9b30 : 00000000;
9b31 : 00000000;
9b32 : 00000000;
9b33 : 00000000;
9b34 : 00000000;
9b35 : 00000000;
9b36 : 00000000;
9b37 : 00000000;
9b38 : 00000000;
9b39 : 00000000;
9b3a : 00000000;
9b3b : 00000000;
9b3c : 00000000;
9b3d : 00000000;
9b3e : 00000000;
9b3f : 00000000;
9b40 : 00000000;
9b41 : 00000000;
9b42 : 00000000;
9b43 : 00000000;
9b44 : 00000000;
9b45 : 00000000;
9b46 : 00000000;
9b47 : 00000000;
9b48 : 00000000;
9b49 : 00000000;
9b4a : 00000000;
9b4b : 00000000;
9b4c : 00000000;
9b4d : 00000000;
9b4e : 00000000;
9b4f : 00000000;
9b50 : 00000000;
9b51 : 00000000;
9b52 : 00000000;
9b53 : 00000000;
9b54 : 00000000;
9b55 : 00000000;
9b56 : 00000000;
9b57 : 00000000;
9b58 : 00000000;
9b59 : 00000000;
9b5a : 00000000;
9b5b : 00000000;
9b5c : 00000000;
9b5d : 00000000;
9b5e : 00000000;
9b5f : 00000000;
9b60 : 00000000;
9b61 : 00000000;
9b62 : 00000000;
9b63 : 00000000;
9b64 : 00000000;
9b65 : 00000000;
9b66 : 00000000;
9b67 : 00000000;
9b68 : 00000000;
9b69 : 00000000;
9b6a : 00000000;
9b6b : 00000000;
9b6c : 00000000;
9b6d : 00000000;
9b6e : 00000000;
9b6f : 00000000;
9b70 : 00000000;
9b71 : 00000000;
9b72 : 00000000;
9b73 : 00000000;
9b74 : 00000000;
9b75 : 00000000;
9b76 : 00000000;
9b77 : 00000000;
9b78 : 00000000;
9b79 : 00000000;
9b7a : 00000000;
9b7b : 00000000;
9b7c : 00000000;
9b7d : 00000000;
9b7e : 00000000;
9b7f : 00000000;
9b80 : 00000000;
9b81 : 00000000;
9b82 : 00000000;
9b83 : 00000000;
9b84 : 00000000;
9b85 : 00000000;
9b86 : 00000000;
9b87 : 00000000;
9b88 : 00000000;
9b89 : 00000000;
9b8a : 00000000;
9b8b : 00000000;
9b8c : 00000000;
9b8d : 00000000;
9b8e : 00000000;
9b8f : 00000000;
9b90 : 00000000;
9b91 : 00000000;
9b92 : 00000000;
9b93 : 00000000;
9b94 : 00000000;
9b95 : 00000000;
9b96 : 00000000;
9b97 : 00000000;
9b98 : 00000000;
9b99 : 00000000;
9b9a : 00000000;
9b9b : 00000000;
9b9c : 00000000;
9b9d : 00000000;
9b9e : 00000000;
9b9f : 00000000;
9ba0 : 00000000;
9ba1 : 00000000;
9ba2 : 00000000;
9ba3 : 00000000;
9ba4 : 00000000;
9ba5 : 00000000;
9ba6 : 00000000;
9ba7 : 00000000;
9ba8 : 00000000;
9ba9 : 00000000;
9baa : 00000000;
9bab : 00000000;
9bac : 00000000;
9bad : 00000000;
9bae : 00000000;
9baf : 00000000;
9bb0 : 00000000;
9bb1 : 00000000;
9bb2 : 00000000;
9bb3 : 00000000;
9bb4 : 00000000;
9bb5 : 00000000;
9bb6 : 00000000;
9bb7 : 00000000;
9bb8 : 00000000;
9bb9 : 00000000;
9bba : 00000000;
9bbb : 00000000;
9bbc : 00000000;
9bbd : 00000000;
9bbe : 00000000;
9bbf : 00000000;
9bc0 : 00000000;
9bc1 : 00000000;
9bc2 : 00000000;
9bc3 : 00000000;
9bc4 : 00000000;
9bc5 : 00000000;
9bc6 : 00000000;
9bc7 : 00000000;
9bc8 : 00000000;
9bc9 : 00000000;
9bca : 00000000;
9bcb : 00000000;
9bcc : 00000000;
9bcd : 00000000;
9bce : 00000000;
9bcf : 00000000;
9bd0 : 00000000;
9bd1 : 00000000;
9bd2 : 00000000;
9bd3 : 00000000;
9bd4 : 00000000;
9bd5 : 00000000;
9bd6 : 00000000;
9bd7 : 00000000;
9bd8 : 00000000;
9bd9 : 00000000;
9bda : 00000000;
9bdb : 00000000;
9bdc : 00000000;
9bdd : 00000000;
9bde : 00000000;
9bdf : 00000000;
9be0 : 00000000;
9be1 : 00000000;
9be2 : 00000000;
9be3 : 00000000;
9be4 : 00000000;
9be5 : 00000000;
9be6 : 00000000;
9be7 : 00000000;
9be8 : 00000000;
9be9 : 00000000;
9bea : 00000000;
9beb : 00000000;
9bec : 00000000;
9bed : 00000000;
9bee : 00000000;
9bef : 00000000;
9bf0 : 00000000;
9bf1 : 00000000;
9bf2 : 00000000;
9bf3 : 00000000;
9bf4 : 00000000;
9bf5 : 00000000;
9bf6 : 00000000;
9bf7 : 00000000;
9bf8 : 00000000;
9bf9 : 00000000;
9bfa : 00000000;
9bfb : 00000000;
9bfc : 00000000;
9bfd : 00000000;
9bfe : 00000000;
9bff : 00000000;
9c00 : 00000000;
9c01 : 00000000;
9c02 : 00000000;
9c03 : 00000000;
9c04 : 00000000;
9c05 : 00000000;
9c06 : 00000000;
9c07 : 00000000;
9c08 : 00000000;
9c09 : 00000000;
9c0a : 00000000;
9c0b : 00000000;
9c0c : 00000000;
9c0d : 00000000;
9c0e : 00000000;
9c0f : 00000000;
9c10 : 00000000;
9c11 : 00000000;
9c12 : 00000000;
9c13 : 00000000;
9c14 : 00000000;
9c15 : 00000000;
9c16 : 00000000;
9c17 : 00000000;
9c18 : 00000000;
9c19 : 00000000;
9c1a : 00000000;
9c1b : 00000000;
9c1c : 00000000;
9c1d : 00000000;
9c1e : 00000000;
9c1f : 00000000;
9c20 : 00000000;
9c21 : 00000000;
9c22 : 00000000;
9c23 : 00000000;
9c24 : 00000000;
9c25 : 00000000;
9c26 : 00000000;
9c27 : 00000000;
9c28 : 00000000;
9c29 : 00000000;
9c2a : 00000000;
9c2b : 00000000;
9c2c : 00000000;
9c2d : 00000000;
9c2e : 00000000;
9c2f : 00000000;
9c30 : 00000000;
9c31 : 00000000;
9c32 : 00000000;
9c33 : 00000000;
9c34 : 00000000;
9c35 : 00000000;
9c36 : 00000000;
9c37 : 00000000;
9c38 : 00000000;
9c39 : 00000000;
9c3a : 00000000;
9c3b : 00000000;
9c3c : 00000000;
9c3d : 00000000;
9c3e : 00000000;
9c3f : 00000000;
9c40 : 00000000;
9c41 : 00000000;
9c42 : 00000000;
9c43 : 00000000;
9c44 : 00000000;
9c45 : 00000000;
9c46 : 00000000;
9c47 : 00000000;
9c48 : 00000000;
9c49 : 00000000;
9c4a : 00000000;
9c4b : 00000000;
9c4c : 00000000;
9c4d : 00000000;
9c4e : 00000000;
9c4f : 00000000;
9c50 : 00000000;
9c51 : 00000000;
9c52 : 00000000;
9c53 : 00000000;
9c54 : 00000000;
9c55 : 00000000;
9c56 : 00000000;
9c57 : 00000000;
9c58 : 00000000;
9c59 : 00000000;
9c5a : 00000000;
9c5b : 00000000;
9c5c : 00000000;
9c5d : 00000000;
9c5e : 00000000;
9c5f : 00000000;
9c60 : 00000000;
9c61 : 00000000;
9c62 : 00000000;
9c63 : 00000000;
9c64 : 00000000;
9c65 : 00000000;
9c66 : 00000000;
9c67 : 00000000;
9c68 : 00000000;
9c69 : 00000000;
9c6a : 00000000;
9c6b : 00000000;
9c6c : 00000000;
9c6d : 00000000;
9c6e : 00000000;
9c6f : 00000000;
9c70 : 00000000;
9c71 : 00000000;
9c72 : 00000000;
9c73 : 00000000;
9c74 : 00000000;
9c75 : 00000000;
9c76 : 00000000;
9c77 : 00000000;
9c78 : 00000000;
9c79 : 00000000;
9c7a : 00000000;
9c7b : 00000000;
9c7c : 00000000;
9c7d : 00000000;
9c7e : 00000000;
9c7f : 00000000;
9c80 : 00000000;
9c81 : 00000000;
9c82 : 00000000;
9c83 : 00000000;
9c84 : 00000000;
9c85 : 00000000;
9c86 : 00000000;
9c87 : 00000000;
9c88 : 00000000;
9c89 : 00000000;
9c8a : 00000000;
9c8b : 00000000;
9c8c : 00000000;
9c8d : 00000000;
9c8e : 00000000;
9c8f : 00000000;
9c90 : 00000000;
9c91 : 00000000;
9c92 : 00000000;
9c93 : 00000000;
9c94 : 00000000;
9c95 : 00000000;
9c96 : 00000000;
9c97 : 00000000;
9c98 : 00000000;
9c99 : 00000000;
9c9a : 00000000;
9c9b : 00000000;
9c9c : 00000000;
9c9d : 00000000;
9c9e : 00000000;
9c9f : 00000000;
9ca0 : 00000000;
9ca1 : 00000000;
9ca2 : 00000000;
9ca3 : 00000000;
9ca4 : 00000000;
9ca5 : 00000000;
9ca6 : 00000000;
9ca7 : 00000000;
9ca8 : 00000000;
9ca9 : 00000000;
9caa : 00000000;
9cab : 00000000;
9cac : 00000000;
9cad : 00000000;
9cae : 00000000;
9caf : 00000000;
9cb0 : 00000000;
9cb1 : 00000000;
9cb2 : 00000000;
9cb3 : 00000000;
9cb4 : 00000000;
9cb5 : 00000000;
9cb6 : 00000000;
9cb7 : 00000000;
9cb8 : 00000000;
9cb9 : 00000000;
9cba : 00000000;
9cbb : 00000000;
9cbc : 00000000;
9cbd : 00000000;
9cbe : 00000000;
9cbf : 00000000;
9cc0 : 00000000;
9cc1 : 00000000;
9cc2 : 00000000;
9cc3 : 00000000;
9cc4 : 00000000;
9cc5 : 00000000;
9cc6 : 00000000;
9cc7 : 00000000;
9cc8 : 00000000;
9cc9 : 00000000;
9cca : 00000000;
9ccb : 00000000;
9ccc : 00000000;
9ccd : 00000000;
9cce : 00000000;
9ccf : 00000000;
9cd0 : 00000000;
9cd1 : 00000000;
9cd2 : 00000000;
9cd3 : 00000000;
9cd4 : 00000000;
9cd5 : 00000000;
9cd6 : 00000000;
9cd7 : 00000000;
9cd8 : 00000000;
9cd9 : 00000000;
9cda : 00000000;
9cdb : 00000000;
9cdc : 00000000;
9cdd : 00000000;
9cde : 00000000;
9cdf : 00000000;
9ce0 : 00000000;
9ce1 : 00000000;
9ce2 : 00000000;
9ce3 : 00000000;
9ce4 : 00000000;
9ce5 : 00000000;
9ce6 : 00000000;
9ce7 : 00000000;
9ce8 : 00000000;
9ce9 : 00000000;
9cea : 00000000;
9ceb : 00000000;
9cec : 00000000;
9ced : 00000000;
9cee : 00000000;
9cef : 00000000;
9cf0 : 00000000;
9cf1 : 00000000;
9cf2 : 00000000;
9cf3 : 00000000;
9cf4 : 00000000;
9cf5 : 00000000;
9cf6 : 00000000;
9cf7 : 00000000;
9cf8 : 00000000;
9cf9 : 00000000;
9cfa : 00000000;
9cfb : 00000000;
9cfc : 00000000;
9cfd : 00000000;
9cfe : 00000000;
9cff : 00000000;
9d00 : 00000000;
9d01 : 00000000;
9d02 : 00000000;
9d03 : 00000000;
9d04 : 00000000;
9d05 : 00000000;
9d06 : 00000000;
9d07 : 00000000;
9d08 : 00000000;
9d09 : 00000000;
9d0a : 00000000;
9d0b : 00000000;
9d0c : 00000000;
9d0d : 00000000;
9d0e : 00000000;
9d0f : 00000000;
9d10 : 00000000;
9d11 : 00000000;
9d12 : 00000000;
9d13 : 00000000;
9d14 : 00000000;
9d15 : 00000000;
9d16 : 00000000;
9d17 : 00000000;
9d18 : 00000000;
9d19 : 00000000;
9d1a : 00000000;
9d1b : 00000000;
9d1c : 00000000;
9d1d : 00000000;
9d1e : 00000000;
9d1f : 00000000;
9d20 : 00000000;
9d21 : 00000000;
9d22 : 00000000;
9d23 : 00000000;
9d24 : 00000000;
9d25 : 00000000;
9d26 : 00000000;
9d27 : 00000000;
9d28 : 00000000;
9d29 : 00000000;
9d2a : 00000000;
9d2b : 00000000;
9d2c : 00000000;
9d2d : 00000000;
9d2e : 00000000;
9d2f : 00000000;
9d30 : 00000000;
9d31 : 00000000;
9d32 : 00000000;
9d33 : 00000000;
9d34 : 00000000;
9d35 : 00000000;
9d36 : 00000000;
9d37 : 00000000;
9d38 : 00000000;
9d39 : 00000000;
9d3a : 00000000;
9d3b : 00000000;
9d3c : 00000000;
9d3d : 00000000;
9d3e : 00000000;
9d3f : 00000000;
9d40 : 00000000;
9d41 : 00000000;
9d42 : 00000000;
9d43 : 00000000;
9d44 : 00000000;
9d45 : 00000000;
9d46 : 00000000;
9d47 : 00000000;
9d48 : 00000000;
9d49 : 00000000;
9d4a : 00000000;
9d4b : 00000000;
9d4c : 00000000;
9d4d : 00000000;
9d4e : 00000000;
9d4f : 00000000;
9d50 : 00000000;
9d51 : 00000000;
9d52 : 00000000;
9d53 : 00000000;
9d54 : 00000000;
9d55 : 00000000;
9d56 : 00000000;
9d57 : 00000000;
9d58 : 00000000;
9d59 : 00000000;
9d5a : 00000000;
9d5b : 00000000;
9d5c : 00000000;
9d5d : 00000000;
9d5e : 00000000;
9d5f : 00000000;
9d60 : 00000000;
9d61 : 00000000;
9d62 : 00000000;
9d63 : 00000000;
9d64 : 00000000;
9d65 : 00000000;
9d66 : 00000000;
9d67 : 00000000;
9d68 : 00000000;
9d69 : 00000000;
9d6a : 00000000;
9d6b : 00000000;
9d6c : 00000000;
9d6d : 00000000;
9d6e : 00000000;
9d6f : 00000000;
9d70 : 00000000;
9d71 : 00000000;
9d72 : 00000000;
9d73 : 00000000;
9d74 : 00000000;
9d75 : 00000000;
9d76 : 00000000;
9d77 : 00000000;
9d78 : 00000000;
9d79 : 00000000;
9d7a : 00000000;
9d7b : 00000000;
9d7c : 00000000;
9d7d : 00000000;
9d7e : 00000000;
9d7f : 00000000;
9d80 : 00000000;
9d81 : 00000000;
9d82 : 00000000;
9d83 : 00000000;
9d84 : 00000000;
9d85 : 00000000;
9d86 : 00000000;
9d87 : 00000000;
9d88 : 00000000;
9d89 : 00000000;
9d8a : 00000000;
9d8b : 00000000;
9d8c : 00000000;
9d8d : 00000000;
9d8e : 00000000;
9d8f : 00000000;
9d90 : 00000000;
9d91 : 00000000;
9d92 : 00000000;
9d93 : 00000000;
9d94 : 00000000;
9d95 : 00000000;
9d96 : 00000000;
9d97 : 00000000;
9d98 : 00000000;
9d99 : 00000000;
9d9a : 00000000;
9d9b : 00000000;
9d9c : 00000000;
9d9d : 00000000;
9d9e : 00000000;
9d9f : 00000000;
9da0 : 00000000;
9da1 : 00000000;
9da2 : 00000000;
9da3 : 00000000;
9da4 : 00000000;
9da5 : 00000000;
9da6 : 00000000;
9da7 : 00000000;
9da8 : 00000000;
9da9 : 00000000;
9daa : 00000000;
9dab : 00000000;
9dac : 00000000;
9dad : 00000000;
9dae : 00000000;
9daf : 00000000;
9db0 : 00000000;
9db1 : 00000000;
9db2 : 00000000;
9db3 : 00000000;
9db4 : 00000000;
9db5 : 00000000;
9db6 : 00000000;
9db7 : 00000000;
9db8 : 00000000;
9db9 : 00000000;
9dba : 00000000;
9dbb : 00000000;
9dbc : 00000000;
9dbd : 00000000;
9dbe : 00000000;
9dbf : 00000000;
9dc0 : 00000000;
9dc1 : 00000000;
9dc2 : 00000000;
9dc3 : 00000000;
9dc4 : 00000000;
9dc5 : 00000000;
9dc6 : 00000000;
9dc7 : 00000000;
9dc8 : 00000000;
9dc9 : 00000000;
9dca : 00000000;
9dcb : 00000000;
9dcc : 00000000;
9dcd : 00000000;
9dce : 00000000;
9dcf : 00000000;
9dd0 : 00000000;
9dd1 : 00000000;
9dd2 : 00000000;
9dd3 : 00000000;
9dd4 : 00000000;
9dd5 : 00000000;
9dd6 : 00000000;
9dd7 : 00000000;
9dd8 : 00000000;
9dd9 : 00000000;
9dda : 00000000;
9ddb : 00000000;
9ddc : 00000000;
9ddd : 00000000;
9dde : 00000000;
9ddf : 00000000;
9de0 : 00000000;
9de1 : 00000000;
9de2 : 00000000;
9de3 : 00000000;
9de4 : 00000000;
9de5 : 00000000;
9de6 : 00000000;
9de7 : 00000000;
9de8 : 00000000;
9de9 : 00000000;
9dea : 00000000;
9deb : 00000000;
9dec : 00000000;
9ded : 00000000;
9dee : 00000000;
9def : 00000000;
9df0 : 00000000;
9df1 : 00000000;
9df2 : 00000000;
9df3 : 00000000;
9df4 : 00000000;
9df5 : 00000000;
9df6 : 00000000;
9df7 : 00000000;
9df8 : 00000000;
9df9 : 00000000;
9dfa : 00000000;
9dfb : 00000000;
9dfc : 00000000;
9dfd : 00000000;
9dfe : 00000000;
9dff : 00000000;
9e00 : 00000000;
9e01 : 00000000;
9e02 : 00000000;
9e03 : 00000000;
9e04 : 00000000;
9e05 : 00000000;
9e06 : 00000000;
9e07 : 00000000;
9e08 : 00000000;
9e09 : 00000000;
9e0a : 00000000;
9e0b : 00000000;
9e0c : 00000000;
9e0d : 00000000;
9e0e : 00000000;
9e0f : 00000000;
9e10 : 00000000;
9e11 : 00000000;
9e12 : 00000000;
9e13 : 00000000;
9e14 : 00000000;
9e15 : 00000000;
9e16 : 00000000;
9e17 : 00000000;
9e18 : 00000000;
9e19 : 00000000;
9e1a : 00000000;
9e1b : 00000000;
9e1c : 00000000;
9e1d : 00000000;
9e1e : 00000000;
9e1f : 00000000;
9e20 : 00000000;
9e21 : 00000000;
9e22 : 00000000;
9e23 : 00000000;
9e24 : 00000000;
9e25 : 00000000;
9e26 : 00000000;
9e27 : 00000000;
9e28 : 00000000;
9e29 : 00000000;
9e2a : 00000000;
9e2b : 00000000;
9e2c : 00000000;
9e2d : 00000000;
9e2e : 00000000;
9e2f : 00000000;
9e30 : 00000000;
9e31 : 00000000;
9e32 : 00000000;
9e33 : 00000000;
9e34 : 00000000;
9e35 : 00000000;
9e36 : 00000000;
9e37 : 00000000;
9e38 : 00000000;
9e39 : 00000000;
9e3a : 00000000;
9e3b : 00000000;
9e3c : 00000000;
9e3d : 00000000;
9e3e : 00000000;
9e3f : 00000000;
9e40 : 00000000;
9e41 : 00000000;
9e42 : 00000000;
9e43 : 00000000;
9e44 : 00000000;
9e45 : 00000000;
9e46 : 00000000;
9e47 : 00000000;
9e48 : 00000000;
9e49 : 00000000;
9e4a : 00000000;
9e4b : 00000000;
9e4c : 00000000;
9e4d : 00000000;
9e4e : 00000000;
9e4f : 00000000;
9e50 : 00000000;
9e51 : 00000000;
9e52 : 00000000;
9e53 : 00000000;
9e54 : 00000000;
9e55 : 00000000;
9e56 : 00000000;
9e57 : 00000000;
9e58 : 00000000;
9e59 : 00000000;
9e5a : 00000000;
9e5b : 00000000;
9e5c : 00000000;
9e5d : 00000000;
9e5e : 00000000;
9e5f : 00000000;
9e60 : 00000000;
9e61 : 00000000;
9e62 : 00000000;
9e63 : 00000000;
9e64 : 00000000;
9e65 : 00000000;
9e66 : 00000000;
9e67 : 00000000;
9e68 : 00000000;
9e69 : 00000000;
9e6a : 00000000;
9e6b : 00000000;
9e6c : 00000000;
9e6d : 00000000;
9e6e : 00000000;
9e6f : 00000000;
9e70 : 00000000;
9e71 : 00000000;
9e72 : 00000000;
9e73 : 00000000;
9e74 : 00000000;
9e75 : 00000000;
9e76 : 00000000;
9e77 : 00000000;
9e78 : 00000000;
9e79 : 00000000;
9e7a : 00000000;
9e7b : 00000000;
9e7c : 00000000;
9e7d : 00000000;
9e7e : 00000000;
9e7f : 00000000;
9e80 : 00000000;
9e81 : 00000000;
9e82 : 00000000;
9e83 : 00000000;
9e84 : 00000000;
9e85 : 00000000;
9e86 : 00000000;
9e87 : 00000000;
9e88 : 00000000;
9e89 : 00000000;
9e8a : 00000000;
9e8b : 00000000;
9e8c : 00000000;
9e8d : 00000000;
9e8e : 00000000;
9e8f : 00000000;
9e90 : 00000000;
9e91 : 00000000;
9e92 : 00000000;
9e93 : 00000000;
9e94 : 00000000;
9e95 : 00000000;
9e96 : 00000000;
9e97 : 00000000;
9e98 : 00000000;
9e99 : 00000000;
9e9a : 00000000;
9e9b : 00000000;
9e9c : 00000000;
9e9d : 00000000;
9e9e : 00000000;
9e9f : 00000000;
9ea0 : 00000000;
9ea1 : 00000000;
9ea2 : 00000000;
9ea3 : 00000000;
9ea4 : 00000000;
9ea5 : 00000000;
9ea6 : 00000000;
9ea7 : 00000000;
9ea8 : 00000000;
9ea9 : 00000000;
9eaa : 00000000;
9eab : 00000000;
9eac : 00000000;
9ead : 00000000;
9eae : 00000000;
9eaf : 00000000;
9eb0 : 00000000;
9eb1 : 00000000;
9eb2 : 00000000;
9eb3 : 00000000;
9eb4 : 00000000;
9eb5 : 00000000;
9eb6 : 00000000;
9eb7 : 00000000;
9eb8 : 00000000;
9eb9 : 00000000;
9eba : 00000000;
9ebb : 00000000;
9ebc : 00000000;
9ebd : 00000000;
9ebe : 00000000;
9ebf : 00000000;
9ec0 : 00000000;
9ec1 : 00000000;
9ec2 : 00000000;
9ec3 : 00000000;
9ec4 : 00000000;
9ec5 : 00000000;
9ec6 : 00000000;
9ec7 : 00000000;
9ec8 : 00000000;
9ec9 : 00000000;
9eca : 00000000;
9ecb : 00000000;
9ecc : 00000000;
9ecd : 00000000;
9ece : 00000000;
9ecf : 00000000;
9ed0 : 00000000;
9ed1 : 00000000;
9ed2 : 00000000;
9ed3 : 00000000;
9ed4 : 00000000;
9ed5 : 00000000;
9ed6 : 00000000;
9ed7 : 00000000;
9ed8 : 00000000;
9ed9 : 00000000;
9eda : 00000000;
9edb : 00000000;
9edc : 00000000;
9edd : 00000000;
9ede : 00000000;
9edf : 00000000;
9ee0 : 00000000;
9ee1 : 00000000;
9ee2 : 00000000;
9ee3 : 00000000;
9ee4 : 00000000;
9ee5 : 00000000;
9ee6 : 00000000;
9ee7 : 00000000;
9ee8 : 00000000;
9ee9 : 00000000;
9eea : 00000000;
9eeb : 00000000;
9eec : 00000000;
9eed : 00000000;
9eee : 00000000;
9eef : 00000000;
9ef0 : 00000000;
9ef1 : 00000000;
9ef2 : 00000000;
9ef3 : 00000000;
9ef4 : 00000000;
9ef5 : 00000000;
9ef6 : 00000000;
9ef7 : 00000000;
9ef8 : 00000000;
9ef9 : 00000000;
9efa : 00000000;
9efb : 00000000;
9efc : 00000000;
9efd : 00000000;
9efe : 00000000;
9eff : 00000000;
9f00 : 00000000;
9f01 : 00000000;
9f02 : 00000000;
9f03 : 00000000;
9f04 : 00000000;
9f05 : 00000000;
9f06 : 00000000;
9f07 : 00000000;
9f08 : 00000000;
9f09 : 00000000;
9f0a : 00000000;
9f0b : 00000000;
9f0c : 00000000;
9f0d : 00000000;
9f0e : 00000000;
9f0f : 00000000;
9f10 : 00000000;
9f11 : 00000000;
9f12 : 00000000;
9f13 : 00000000;
9f14 : 00000000;
9f15 : 00000000;
9f16 : 00000000;
9f17 : 00000000;
9f18 : 00000000;
9f19 : 00000000;
9f1a : 00000000;
9f1b : 00000000;
9f1c : 00000000;
9f1d : 00000000;
9f1e : 00000000;
9f1f : 00000000;
9f20 : 00000000;
9f21 : 00000000;
9f22 : 00000000;
9f23 : 00000000;
9f24 : 00000000;
9f25 : 00000000;
9f26 : 00000000;
9f27 : 00000000;
9f28 : 00000000;
9f29 : 00000000;
9f2a : 00000000;
9f2b : 00000000;
9f2c : 00000000;
9f2d : 00000000;
9f2e : 00000000;
9f2f : 00000000;
9f30 : 00000000;
9f31 : 00000000;
9f32 : 00000000;
9f33 : 00000000;
9f34 : 00000000;
9f35 : 00000000;
9f36 : 00000000;
9f37 : 00000000;
9f38 : 00000000;
9f39 : 00000000;
9f3a : 00000000;
9f3b : 00000000;
9f3c : 00000000;
9f3d : 00000000;
9f3e : 00000000;
9f3f : 00000000;
9f40 : 00000000;
9f41 : 00000000;
9f42 : 00000000;
9f43 : 00000000;
9f44 : 00000000;
9f45 : 00000000;
9f46 : 00000000;
9f47 : 00000000;
9f48 : 00000000;
9f49 : 00000000;
9f4a : 00000000;
9f4b : 00000000;
9f4c : 00000000;
9f4d : 00000000;
9f4e : 00000000;
9f4f : 00000000;
9f50 : 00000000;
9f51 : 00000000;
9f52 : 00000000;
9f53 : 00000000;
9f54 : 00000000;
9f55 : 00000000;
9f56 : 00000000;
9f57 : 00000000;
9f58 : 00000000;
9f59 : 00000000;
9f5a : 00000000;
9f5b : 00000000;
9f5c : 00000000;
9f5d : 00000000;
9f5e : 00000000;
9f5f : 00000000;
9f60 : 00000000;
9f61 : 00000000;
9f62 : 00000000;
9f63 : 00000000;
9f64 : 00000000;
9f65 : 00000000;
9f66 : 00000000;
9f67 : 00000000;
9f68 : 00000000;
9f69 : 00000000;
9f6a : 00000000;
9f6b : 00000000;
9f6c : 00000000;
9f6d : 00000000;
9f6e : 00000000;
9f6f : 00000000;
9f70 : 00000000;
9f71 : 00000000;
9f72 : 00000000;
9f73 : 00000000;
9f74 : 00000000;
9f75 : 00000000;
9f76 : 00000000;
9f77 : 00000000;
9f78 : 00000000;
9f79 : 00000000;
9f7a : 00000000;
9f7b : 00000000;
9f7c : 00000000;
9f7d : 00000000;
9f7e : 00000000;
9f7f : 00000000;
9f80 : 00000000;
9f81 : 00000000;
9f82 : 00000000;
9f83 : 00000000;
9f84 : 00000000;
9f85 : 00000000;
9f86 : 00000000;
9f87 : 00000000;
9f88 : 00000000;
9f89 : 00000000;
9f8a : 00000000;
9f8b : 00000000;
9f8c : 00000000;
9f8d : 00000000;
9f8e : 00000000;
9f8f : 00000000;
9f90 : 00000000;
9f91 : 00000000;
9f92 : 00000000;
9f93 : 00000000;
9f94 : 00000000;
9f95 : 00000000;
9f96 : 00000000;
9f97 : 00000000;
9f98 : 00000000;
9f99 : 00000000;
9f9a : 00000000;
9f9b : 00000000;
9f9c : 00000000;
9f9d : 00000000;
9f9e : 00000000;
9f9f : 00000000;
9fa0 : 00000000;
9fa1 : 00000000;
9fa2 : 00000000;
9fa3 : 00000000;
9fa4 : 00000000;
9fa5 : 00000000;
9fa6 : 00000000;
9fa7 : 00000000;
9fa8 : 00000000;
9fa9 : 00000000;
9faa : 00000000;
9fab : 00000000;
9fac : 00000000;
9fad : 00000000;
9fae : 00000000;
9faf : 00000000;
9fb0 : 00000000;
9fb1 : 00000000;
9fb2 : 00000000;
9fb3 : 00000000;
9fb4 : 00000000;
9fb5 : 00000000;
9fb6 : 00000000;
9fb7 : 00000000;
9fb8 : 00000000;
9fb9 : 00000000;
9fba : 00000000;
9fbb : 00000000;
9fbc : 00000000;
9fbd : 00000000;
9fbe : 00000000;
9fbf : 00000000;
9fc0 : 00000000;
9fc1 : 00000000;
9fc2 : 00000000;
9fc3 : 00000000;
9fc4 : 00000000;
9fc5 : 00000000;
9fc6 : 00000000;
9fc7 : 00000000;
9fc8 : 00000000;
9fc9 : 00000000;
9fca : 00000000;
9fcb : 00000000;
9fcc : 00000000;
9fcd : 00000000;
9fce : 00000000;
9fcf : 00000000;
9fd0 : 00000000;
9fd1 : 00000000;
9fd2 : 00000000;
9fd3 : 00000000;
9fd4 : 00000000;
9fd5 : 00000000;
9fd6 : 00000000;
9fd7 : 00000000;
9fd8 : 00000000;
9fd9 : 00000000;
9fda : 00000000;
9fdb : 00000000;
9fdc : 00000000;
9fdd : 00000000;
9fde : 00000000;
9fdf : 00000000;
9fe0 : 00000000;
9fe1 : 00000000;
9fe2 : 00000000;
9fe3 : 00000000;
9fe4 : 00000000;
9fe5 : 00000000;
9fe6 : 00000000;
9fe7 : 00000000;
9fe8 : 00000000;
9fe9 : 00000000;
9fea : 00000000;
9feb : 00000000;
9fec : 00000000;
9fed : 00000000;
9fee : 00000000;
9fef : 00000000;
9ff0 : 00000000;
9ff1 : 00000000;
9ff2 : 00000000;
9ff3 : 00000000;
9ff4 : 00000000;
9ff5 : 00000000;
9ff6 : 00000000;
9ff7 : 00000000;
9ff8 : 00000000;
9ff9 : 00000000;
9ffa : 00000000;
9ffb : 00000000;
9ffc : 00000000;
9ffd : 00000000;
9ffe : 00000000;
9fff : 00000000;
a000 : 00000000;
a001 : 00000000;
a002 : 00000000;
a003 : 00000000;
a004 : 00000000;
a005 : 00000000;
a006 : 00000000;
a007 : 00000000;
a008 : 00000000;
a009 : 00000000;
a00a : 00000000;
a00b : 00000000;
a00c : 00000000;
a00d : 00000000;
a00e : 00000000;
a00f : 00000000;
a010 : 00000000;
a011 : 00000000;
a012 : 00000000;
a013 : 00000000;
a014 : 00000000;
a015 : 00000000;
a016 : 00000000;
a017 : 00000000;
a018 : 00000000;
a019 : 00000000;
a01a : 00000000;
a01b : 00000000;
a01c : 00000000;
a01d : 00000000;
a01e : 00000000;
a01f : 00000000;
a020 : 00000000;
a021 : 00000000;
a022 : 00000000;
a023 : 00000000;
a024 : 00000000;
a025 : 00000000;
a026 : 00000000;
a027 : 00000000;
a028 : 00000000;
a029 : 00000000;
a02a : 00000000;
a02b : 00000000;
a02c : 00000000;
a02d : 00000000;
a02e : 00000000;
a02f : 00000000;
a030 : 00000000;
a031 : 00000000;
a032 : 00000000;
a033 : 00000000;
a034 : 00000000;
a035 : 00000000;
a036 : 00000000;
a037 : 00000000;
a038 : 00000000;
a039 : 00000000;
a03a : 00000000;
a03b : 00000000;
a03c : 00000000;
a03d : 00000000;
a03e : 00000000;
a03f : 00000000;
a040 : 00000000;
a041 : 00000000;
a042 : 00000000;
a043 : 00000000;
a044 : 00000000;
a045 : 00000000;
a046 : 00000000;
a047 : 00000000;
a048 : 00000000;
a049 : 00000000;
a04a : 00000000;
a04b : 00000000;
a04c : 00000000;
a04d : 00000000;
a04e : 00000000;
a04f : 00000000;
a050 : 00000000;
a051 : 00000000;
a052 : 00000000;
a053 : 00000000;
a054 : 00000000;
a055 : 00000000;
a056 : 00000000;
a057 : 00000000;
a058 : 00000000;
a059 : 00000000;
a05a : 00000000;
a05b : 00000000;
a05c : 00000000;
a05d : 00000000;
a05e : 00000000;
a05f : 00000000;
a060 : 00000000;
a061 : 00000000;
a062 : 00000000;
a063 : 00000000;
a064 : 00000000;
a065 : 00000000;
a066 : 00000000;
a067 : 00000000;
a068 : 00000000;
a069 : 00000000;
a06a : 00000000;
a06b : 00000000;
a06c : 00000000;
a06d : 00000000;
a06e : 00000000;
a06f : 00000000;
a070 : 00000000;
a071 : 00000000;
a072 : 00000000;
a073 : 00000000;
a074 : 00000000;
a075 : 00000000;
a076 : 00000000;
a077 : 00000000;
a078 : 00000000;
a079 : 00000000;
a07a : 00000000;
a07b : 00000000;
a07c : 00000000;
a07d : 00000000;
a07e : 00000000;
a07f : 00000000;
a080 : 00000000;
a081 : 00000000;
a082 : 00000000;
a083 : 00000000;
a084 : 00000000;
a085 : 00000000;
a086 : 00000000;
a087 : 00000000;
a088 : 00000000;
a089 : 00000000;
a08a : 00000000;
a08b : 00000000;
a08c : 00000000;
a08d : 00000000;
a08e : 00000000;
a08f : 00000000;
a090 : 00000000;
a091 : 00000000;
a092 : 00000000;
a093 : 00000000;
a094 : 00000000;
a095 : 00000000;
a096 : 00000000;
a097 : 00000000;
a098 : 00000000;
a099 : 00000000;
a09a : 00000000;
a09b : 00000000;
a09c : 00000000;
a09d : 00000000;
a09e : 00000000;
a09f : 00000000;
a0a0 : 00000000;
a0a1 : 00000000;
a0a2 : 00000000;
a0a3 : 00000000;
a0a4 : 00000000;
a0a5 : 00000000;
a0a6 : 00000000;
a0a7 : 00000000;
a0a8 : 00000000;
a0a9 : 00000000;
a0aa : 00000000;
a0ab : 00000000;
a0ac : 00000000;
a0ad : 00000000;
a0ae : 00000000;
a0af : 00000000;
a0b0 : 00000000;
a0b1 : 00000000;
a0b2 : 00000000;
a0b3 : 00000000;
a0b4 : 00000000;
a0b5 : 00000000;
a0b6 : 00000000;
a0b7 : 00000000;
a0b8 : 00000000;
a0b9 : 00000000;
a0ba : 00000000;
a0bb : 00000000;
a0bc : 00000000;
a0bd : 00000000;
a0be : 00000000;
a0bf : 00000000;
a0c0 : 00000000;
a0c1 : 00000000;
a0c2 : 00000000;
a0c3 : 00000000;
a0c4 : 00000000;
a0c5 : 00000000;
a0c6 : 00000000;
a0c7 : 00000000;
a0c8 : 00000000;
a0c9 : 00000000;
a0ca : 00000000;
a0cb : 00000000;
a0cc : 00000000;
a0cd : 00000000;
a0ce : 00000000;
a0cf : 00000000;
a0d0 : 00000000;
a0d1 : 00000000;
a0d2 : 00000000;
a0d3 : 00000000;
a0d4 : 00000000;
a0d5 : 00000000;
a0d6 : 00000000;
a0d7 : 00000000;
a0d8 : 00000000;
a0d9 : 00000000;
a0da : 00000000;
a0db : 00000000;
a0dc : 00000000;
a0dd : 00000000;
a0de : 00000000;
a0df : 00000000;
a0e0 : 00000000;
a0e1 : 00000000;
a0e2 : 00000000;
a0e3 : 00000000;
a0e4 : 00000000;
a0e5 : 00000000;
a0e6 : 00000000;
a0e7 : 00000000;
a0e8 : 00000000;
a0e9 : 00000000;
a0ea : 00000000;
a0eb : 00000000;
a0ec : 00000000;
a0ed : 00000000;
a0ee : 00000000;
a0ef : 00000000;
a0f0 : 00000000;
a0f1 : 00000000;
a0f2 : 00000000;
a0f3 : 00000000;
a0f4 : 00000000;
a0f5 : 00000000;
a0f6 : 00000000;
a0f7 : 00000000;
a0f8 : 00000000;
a0f9 : 00000000;
a0fa : 00000000;
a0fb : 00000000;
a0fc : 00000000;
a0fd : 00000000;
a0fe : 00000000;
a0ff : 00000000;
a100 : 00000000;
a101 : 00000000;
a102 : 00000000;
a103 : 00000000;
a104 : 00000000;
a105 : 00000000;
a106 : 00000000;
a107 : 00000000;
a108 : 00000000;
a109 : 00000000;
a10a : 00000000;
a10b : 00000000;
a10c : 00000000;
a10d : 00000000;
a10e : 00000000;
a10f : 00000000;
a110 : 00000000;
a111 : 00000000;
a112 : 00000000;
a113 : 00000000;
a114 : 00000000;
a115 : 00000000;
a116 : 00000000;
a117 : 00000000;
a118 : 00000000;
a119 : 00000000;
a11a : 00000000;
a11b : 00000000;
a11c : 00000000;
a11d : 00000000;
a11e : 00000000;
a11f : 00000000;
a120 : 00000000;
a121 : 00000000;
a122 : 00000000;
a123 : 00000000;
a124 : 00000000;
a125 : 00000000;
a126 : 00000000;
a127 : 00000000;
a128 : 00000000;
a129 : 00000000;
a12a : 00000000;
a12b : 00000000;
a12c : 00000000;
a12d : 00000000;
a12e : 00000000;
a12f : 00000000;
a130 : 00000000;
a131 : 00000000;
a132 : 00000000;
a133 : 00000000;
a134 : 00000000;
a135 : 00000000;
a136 : 00000000;
a137 : 00000000;
a138 : 00000000;
a139 : 00000000;
a13a : 00000000;
a13b : 00000000;
a13c : 00000000;
a13d : 00000000;
a13e : 00000000;
a13f : 00000000;
a140 : 00000000;
a141 : 00000000;
a142 : 00000000;
a143 : 00000000;
a144 : 00000000;
a145 : 00000000;
a146 : 00000000;
a147 : 00000000;
a148 : 00000000;
a149 : 00000000;
a14a : 00000000;
a14b : 00000000;
a14c : 00000000;
a14d : 00000000;
a14e : 00000000;
a14f : 00000000;
a150 : 00000000;
a151 : 00000000;
a152 : 00000000;
a153 : 00000000;
a154 : 00000000;
a155 : 00000000;
a156 : 00000000;
a157 : 00000000;
a158 : 00000000;
a159 : 00000000;
a15a : 00000000;
a15b : 00000000;
a15c : 00000000;
a15d : 00000000;
a15e : 00000000;
a15f : 00000000;
a160 : 00000000;
a161 : 00000000;
a162 : 00000000;
a163 : 00000000;
a164 : 00000000;
a165 : 00000000;
a166 : 00000000;
a167 : 00000000;
a168 : 00000000;
a169 : 00000000;
a16a : 00000000;
a16b : 00000000;
a16c : 00000000;
a16d : 00000000;
a16e : 00000000;
a16f : 00000000;
a170 : 00000000;
a171 : 00000000;
a172 : 00000000;
a173 : 00000000;
a174 : 00000000;
a175 : 00000000;
a176 : 00000000;
a177 : 00000000;
a178 : 00000000;
a179 : 00000000;
a17a : 00000000;
a17b : 00000000;
a17c : 00000000;
a17d : 00000000;
a17e : 00000000;
a17f : 00000000;
a180 : 00000000;
a181 : 00000000;
a182 : 00000000;
a183 : 00000000;
a184 : 00000000;
a185 : 00000000;
a186 : 00000000;
a187 : 00000000;
a188 : 00000000;
a189 : 00000000;
a18a : 00000000;
a18b : 00000000;
a18c : 00000000;
a18d : 00000000;
a18e : 00000000;
a18f : 00000000;
a190 : 00000000;
a191 : 00000000;
a192 : 00000000;
a193 : 00000000;
a194 : 00000000;
a195 : 00000000;
a196 : 00000000;
a197 : 00000000;
a198 : 00000000;
a199 : 00000000;
a19a : 00000000;
a19b : 00000000;
a19c : 00000000;
a19d : 00000000;
a19e : 00000000;
a19f : 00000000;
a1a0 : 00000000;
a1a1 : 00000000;
a1a2 : 00000000;
a1a3 : 00000000;
a1a4 : 00000000;
a1a5 : 00000000;
a1a6 : 00000000;
a1a7 : 00000000;
a1a8 : 00000000;
a1a9 : 00000000;
a1aa : 00000000;
a1ab : 00000000;
a1ac : 00000000;
a1ad : 00000000;
a1ae : 00000000;
a1af : 00000000;
a1b0 : 00000000;
a1b1 : 00000000;
a1b2 : 00000000;
a1b3 : 00000000;
a1b4 : 00000000;
a1b5 : 00000000;
a1b6 : 00000000;
a1b7 : 00000000;
a1b8 : 00000000;
a1b9 : 00000000;
a1ba : 00000000;
a1bb : 00000000;
a1bc : 00000000;
a1bd : 00000000;
a1be : 00000000;
a1bf : 00000000;
a1c0 : 00000000;
a1c1 : 00000000;
a1c2 : 00000000;
a1c3 : 00000000;
a1c4 : 00000000;
a1c5 : 00000000;
a1c6 : 00000000;
a1c7 : 00000000;
a1c8 : 00000000;
a1c9 : 00000000;
a1ca : 00000000;
a1cb : 00000000;
a1cc : 00000000;
a1cd : 00000000;
a1ce : 00000000;
a1cf : 00000000;
a1d0 : 00000000;
a1d1 : 00000000;
a1d2 : 00000000;
a1d3 : 00000000;
a1d4 : 00000000;
a1d5 : 00000000;
a1d6 : 00000000;
a1d7 : 00000000;
a1d8 : 00000000;
a1d9 : 00000000;
a1da : 00000000;
a1db : 00000000;
a1dc : 00000000;
a1dd : 00000000;
a1de : 00000000;
a1df : 00000000;
a1e0 : 00000000;
a1e1 : 00000000;
a1e2 : 00000000;
a1e3 : 00000000;
a1e4 : 00000000;
a1e5 : 00000000;
a1e6 : 00000000;
a1e7 : 00000000;
a1e8 : 00000000;
a1e9 : 00000000;
a1ea : 00000000;
a1eb : 00000000;
a1ec : 00000000;
a1ed : 00000000;
a1ee : 00000000;
a1ef : 00000000;
a1f0 : 00000000;
a1f1 : 00000000;
a1f2 : 00000000;
a1f3 : 00000000;
a1f4 : 00000000;
a1f5 : 00000000;
a1f6 : 00000000;
a1f7 : 00000000;
a1f8 : 00000000;
a1f9 : 00000000;
a1fa : 00000000;
a1fb : 00000000;
a1fc : 00000000;
a1fd : 00000000;
a1fe : 00000000;
a1ff : 00000000;
a200 : 00000000;
a201 : 00000000;
a202 : 00000000;
a203 : 00000000;
a204 : 00000000;
a205 : 00000000;
a206 : 00000000;
a207 : 00000000;
a208 : 00000000;
a209 : 00000000;
a20a : 00000000;
a20b : 00000000;
a20c : 00000000;
a20d : 00000000;
a20e : 00000000;
a20f : 00000000;
a210 : 00000000;
a211 : 00000000;
a212 : 00000000;
a213 : 00000000;
a214 : 00000000;
a215 : 00000000;
a216 : 00000000;
a217 : 00000000;
a218 : 00000000;
a219 : 00000000;
a21a : 00000000;
a21b : 00000000;
a21c : 00000000;
a21d : 00000000;
a21e : 00000000;
a21f : 00000000;
a220 : 00000000;
a221 : 00000000;
a222 : 00000000;
a223 : 00000000;
a224 : 00000000;
a225 : 00000000;
a226 : 00000000;
a227 : 00000000;
a228 : 00000000;
a229 : 00000000;
a22a : 00000000;
a22b : 00000000;
a22c : 00000000;
a22d : 00000000;
a22e : 00000000;
a22f : 00000000;
a230 : 00000000;
a231 : 00000000;
a232 : 00000000;
a233 : 00000000;
a234 : 00000000;
a235 : 00000000;
a236 : 00000000;
a237 : 00000000;
a238 : 00000000;
a239 : 00000000;
a23a : 00000000;
a23b : 00000000;
a23c : 00000000;
a23d : 00000000;
a23e : 00000000;
a23f : 00000000;
a240 : 00000000;
a241 : 00000000;
a242 : 00000000;
a243 : 00000000;
a244 : 00000000;
a245 : 00000000;
a246 : 00000000;
a247 : 00000000;
a248 : 00000000;
a249 : 00000000;
a24a : 00000000;
a24b : 00000000;
a24c : 00000000;
a24d : 00000000;
a24e : 00000000;
a24f : 00000000;
a250 : 00000000;
a251 : 00000000;
a252 : 00000000;
a253 : 00000000;
a254 : 00000000;
a255 : 00000000;
a256 : 00000000;
a257 : 00000000;
a258 : 00000000;
a259 : 00000000;
a25a : 00000000;
a25b : 00000000;
a25c : 00000000;
a25d : 00000000;
a25e : 00000000;
a25f : 00000000;
a260 : 00000000;
a261 : 00000000;
a262 : 00000000;
a263 : 00000000;
a264 : 00000000;
a265 : 00000000;
a266 : 00000000;
a267 : 00000000;
a268 : 00000000;
a269 : 00000000;
a26a : 00000000;
a26b : 00000000;
a26c : 00000000;
a26d : 00000000;
a26e : 00000000;
a26f : 00000000;
a270 : 00000000;
a271 : 00000000;
a272 : 00000000;
a273 : 00000000;
a274 : 00000000;
a275 : 00000000;
a276 : 00000000;
a277 : 00000000;
a278 : 00000000;
a279 : 00000000;
a27a : 00000000;
a27b : 00000000;
a27c : 00000000;
a27d : 00000000;
a27e : 00000000;
a27f : 00000000;
a280 : 00000000;
a281 : 00000000;
a282 : 00000000;
a283 : 00000000;
a284 : 00000000;
a285 : 00000000;
a286 : 00000000;
a287 : 00000000;
a288 : 00000000;
a289 : 00000000;
a28a : 00000000;
a28b : 00000000;
a28c : 00000000;
a28d : 00000000;
a28e : 00000000;
a28f : 00000000;
a290 : 00000000;
a291 : 00000000;
a292 : 00000000;
a293 : 00000000;
a294 : 00000000;
a295 : 00000000;
a296 : 00000000;
a297 : 00000000;
a298 : 00000000;
a299 : 00000000;
a29a : 00000000;
a29b : 00000000;
a29c : 00000000;
a29d : 00000000;
a29e : 00000000;
a29f : 00000000;
a2a0 : 00000000;
a2a1 : 00000000;
a2a2 : 00000000;
a2a3 : 00000000;
a2a4 : 00000000;
a2a5 : 00000000;
a2a6 : 00000000;
a2a7 : 00000000;
a2a8 : 00000000;
a2a9 : 00000000;
a2aa : 00000000;
a2ab : 00000000;
a2ac : 00000000;
a2ad : 00000000;
a2ae : 00000000;
a2af : 00000000;
a2b0 : 00000000;
a2b1 : 00000000;
a2b2 : 00000000;
a2b3 : 00000000;
a2b4 : 00000000;
a2b5 : 00000000;
a2b6 : 00000000;
a2b7 : 00000000;
a2b8 : 00000000;
a2b9 : 00000000;
a2ba : 00000000;
a2bb : 00000000;
a2bc : 00000000;
a2bd : 00000000;
a2be : 00000000;
a2bf : 00000000;
a2c0 : 00000000;
a2c1 : 00000000;
a2c2 : 00000000;
a2c3 : 00000000;
a2c4 : 00000000;
a2c5 : 00000000;
a2c6 : 00000000;
a2c7 : 00000000;
a2c8 : 00000000;
a2c9 : 00000000;
a2ca : 00000000;
a2cb : 00000000;
a2cc : 00000000;
a2cd : 00000000;
a2ce : 00000000;
a2cf : 00000000;
a2d0 : 00000000;
a2d1 : 00000000;
a2d2 : 00000000;
a2d3 : 00000000;
a2d4 : 00000000;
a2d5 : 00000000;
a2d6 : 00000000;
a2d7 : 00000000;
a2d8 : 00000000;
a2d9 : 00000000;
a2da : 00000000;
a2db : 00000000;
a2dc : 00000000;
a2dd : 00000000;
a2de : 00000000;
a2df : 00000000;
a2e0 : 00000000;
a2e1 : 00000000;
a2e2 : 00000000;
a2e3 : 00000000;
a2e4 : 00000000;
a2e5 : 00000000;
a2e6 : 00000000;
a2e7 : 00000000;
a2e8 : 00000000;
a2e9 : 00000000;
a2ea : 00000000;
a2eb : 00000000;
a2ec : 00000000;
a2ed : 00000000;
a2ee : 00000000;
a2ef : 00000000;
a2f0 : 00000000;
a2f1 : 00000000;
a2f2 : 00000000;
a2f3 : 00000000;
a2f4 : 00000000;
a2f5 : 00000000;
a2f6 : 00000000;
a2f7 : 00000000;
a2f8 : 00000000;
a2f9 : 00000000;
a2fa : 00000000;
a2fb : 00000000;
a2fc : 00000000;
a2fd : 00000000;
a2fe : 00000000;
a2ff : 00000000;
a300 : 00000000;
a301 : 00000000;
a302 : 00000000;
a303 : 00000000;
a304 : 00000000;
a305 : 00000000;
a306 : 00000000;
a307 : 00000000;
a308 : 00000000;
a309 : 00000000;
a30a : 00000000;
a30b : 00000000;
a30c : 00000000;
a30d : 00000000;
a30e : 00000000;
a30f : 00000000;
a310 : 00000000;
a311 : 00000000;
a312 : 00000000;
a313 : 00000000;
a314 : 00000000;
a315 : 00000000;
a316 : 00000000;
a317 : 00000000;
a318 : 00000000;
a319 : 00000000;
a31a : 00000000;
a31b : 00000000;
a31c : 00000000;
a31d : 00000000;
a31e : 00000000;
a31f : 00000000;
a320 : 00000000;
a321 : 00000000;
a322 : 00000000;
a323 : 00000000;
a324 : 00000000;
a325 : 00000000;
a326 : 00000000;
a327 : 00000000;
a328 : 00000000;
a329 : 00000000;
a32a : 00000000;
a32b : 00000000;
a32c : 00000000;
a32d : 00000000;
a32e : 00000000;
a32f : 00000000;
a330 : 00000000;
a331 : 00000000;
a332 : 00000000;
a333 : 00000000;
a334 : 00000000;
a335 : 00000000;
a336 : 00000000;
a337 : 00000000;
a338 : 00000000;
a339 : 00000000;
a33a : 00000000;
a33b : 00000000;
a33c : 00000000;
a33d : 00000000;
a33e : 00000000;
a33f : 00000000;
a340 : 00000000;
a341 : 00000000;
a342 : 00000000;
a343 : 00000000;
a344 : 00000000;
a345 : 00000000;
a346 : 00000000;
a347 : 00000000;
a348 : 00000000;
a349 : 00000000;
a34a : 00000000;
a34b : 00000000;
a34c : 00000000;
a34d : 00000000;
a34e : 00000000;
a34f : 00000000;
a350 : 00000000;
a351 : 00000000;
a352 : 00000000;
a353 : 00000000;
a354 : 00000000;
a355 : 00000000;
a356 : 00000000;
a357 : 00000000;
a358 : 00000000;
a359 : 00000000;
a35a : 00000000;
a35b : 00000000;
a35c : 00000000;
a35d : 00000000;
a35e : 00000000;
a35f : 00000000;
a360 : 00000000;
a361 : 00000000;
a362 : 00000000;
a363 : 00000000;
a364 : 00000000;
a365 : 00000000;
a366 : 00000000;
a367 : 00000000;
a368 : 00000000;
a369 : 00000000;
a36a : 00000000;
a36b : 00000000;
a36c : 00000000;
a36d : 00000000;
a36e : 00000000;
a36f : 00000000;
a370 : 00000000;
a371 : 00000000;
a372 : 00000000;
a373 : 00000000;
a374 : 00000000;
a375 : 00000000;
a376 : 00000000;
a377 : 00000000;
a378 : 00000000;
a379 : 00000000;
a37a : 00000000;
a37b : 00000000;
a37c : 00000000;
a37d : 00000000;
a37e : 00000000;
a37f : 00000000;
a380 : 00000000;
a381 : 00000000;
a382 : 00000000;
a383 : 00000000;
a384 : 00000000;
a385 : 00000000;
a386 : 00000000;
a387 : 00000000;
a388 : 00000000;
a389 : 00000000;
a38a : 00000000;
a38b : 00000000;
a38c : 00000000;
a38d : 00000000;
a38e : 00000000;
a38f : 00000000;
a390 : 00000000;
a391 : 00000000;
a392 : 00000000;
a393 : 00000000;
a394 : 00000000;
a395 : 00000000;
a396 : 00000000;
a397 : 00000000;
a398 : 00000000;
a399 : 00000000;
a39a : 00000000;
a39b : 00000000;
a39c : 00000000;
a39d : 00000000;
a39e : 00000000;
a39f : 00000000;
a3a0 : 00000000;
a3a1 : 00000000;
a3a2 : 00000000;
a3a3 : 00000000;
a3a4 : 00000000;
a3a5 : 00000000;
a3a6 : 00000000;
a3a7 : 00000000;
a3a8 : 00000000;
a3a9 : 00000000;
a3aa : 00000000;
a3ab : 00000000;
a3ac : 00000000;
a3ad : 00000000;
a3ae : 00000000;
a3af : 00000000;
a3b0 : 00000000;
a3b1 : 00000000;
a3b2 : 00000000;
a3b3 : 00000000;
a3b4 : 00000000;
a3b5 : 00000000;
a3b6 : 00000000;
a3b7 : 00000000;
a3b8 : 00000000;
a3b9 : 00000000;
a3ba : 00000000;
a3bb : 00000000;
a3bc : 00000000;
a3bd : 00000000;
a3be : 00000000;
a3bf : 00000000;
a3c0 : 00000000;
a3c1 : 00000000;
a3c2 : 00000000;
a3c3 : 00000000;
a3c4 : 00000000;
a3c5 : 00000000;
a3c6 : 00000000;
a3c7 : 00000000;
a3c8 : 00000000;
a3c9 : 00000000;
a3ca : 00000000;
a3cb : 00000000;
a3cc : 00000000;
a3cd : 00000000;
a3ce : 00000000;
a3cf : 00000000;
a3d0 : 00000000;
a3d1 : 00000000;
a3d2 : 00000000;
a3d3 : 00000000;
a3d4 : 00000000;
a3d5 : 00000000;
a3d6 : 00000000;
a3d7 : 00000000;
a3d8 : 00000000;
a3d9 : 00000000;
a3da : 00000000;
a3db : 00000000;
a3dc : 00000000;
a3dd : 00000000;
a3de : 00000000;
a3df : 00000000;
a3e0 : 00000000;
a3e1 : 00000000;
a3e2 : 00000000;
a3e3 : 00000000;
a3e4 : 00000000;
a3e5 : 00000000;
a3e6 : 00000000;
a3e7 : 00000000;
a3e8 : 00000000;
a3e9 : 00000000;
a3ea : 00000000;
a3eb : 00000000;
a3ec : 00000000;
a3ed : 00000000;
a3ee : 00000000;
a3ef : 00000000;
a3f0 : 00000000;
a3f1 : 00000000;
a3f2 : 00000000;
a3f3 : 00000000;
a3f4 : 00000000;
a3f5 : 00000000;
a3f6 : 00000000;
a3f7 : 00000000;
a3f8 : 00000000;
a3f9 : 00000000;
a3fa : 00000000;
a3fb : 00000000;
a3fc : 00000000;
a3fd : 00000000;
a3fe : 00000000;
a3ff : 00000000;
a400 : 00000000;
a401 : 00000000;
a402 : 00000000;
a403 : 00000000;
a404 : 00000000;
a405 : 00000000;
a406 : 00000000;
a407 : 00000000;
a408 : 00000000;
a409 : 00000000;
a40a : 00000000;
a40b : 00000000;
a40c : 00000000;
a40d : 00000000;
a40e : 00000000;
a40f : 00000000;
a410 : 00000000;
a411 : 00000000;
a412 : 00000000;
a413 : 00000000;
a414 : 00000000;
a415 : 00000000;
a416 : 00000000;
a417 : 00000000;
a418 : 00000000;
a419 : 00000000;
a41a : 00000000;
a41b : 00000000;
a41c : 00000000;
a41d : 00000000;
a41e : 00000000;
a41f : 00000000;
a420 : 00000000;
a421 : 00000000;
a422 : 00000000;
a423 : 00000000;
a424 : 00000000;
a425 : 00000000;
a426 : 00000000;
a427 : 00000000;
a428 : 00000000;
a429 : 00000000;
a42a : 00000000;
a42b : 00000000;
a42c : 00000000;
a42d : 00000000;
a42e : 00000000;
a42f : 00000000;
a430 : 00000000;
a431 : 00000000;
a432 : 00000000;
a433 : 00000000;
a434 : 00000000;
a435 : 00000000;
a436 : 00000000;
a437 : 00000000;
a438 : 00000000;
a439 : 00000000;
a43a : 00000000;
a43b : 00000000;
a43c : 00000000;
a43d : 00000000;
a43e : 00000000;
a43f : 00000000;
a440 : 00000000;
a441 : 00000000;
a442 : 00000000;
a443 : 00000000;
a444 : 00000000;
a445 : 00000000;
a446 : 00000000;
a447 : 00000000;
a448 : 00000000;
a449 : 00000000;
a44a : 00000000;
a44b : 00000000;
a44c : 00000000;
a44d : 00000000;
a44e : 00000000;
a44f : 00000000;
a450 : 00000000;
a451 : 00000000;
a452 : 00000000;
a453 : 00000000;
a454 : 00000000;
a455 : 00000000;
a456 : 00000000;
a457 : 00000000;
a458 : 00000000;
a459 : 00000000;
a45a : 00000000;
a45b : 00000000;
a45c : 00000000;
a45d : 00000000;
a45e : 00000000;
a45f : 00000000;
a460 : 00000000;
a461 : 00000000;
a462 : 00000000;
a463 : 00000000;
a464 : 00000000;
a465 : 00000000;
a466 : 00000000;
a467 : 00000000;
a468 : 00000000;
a469 : 00000000;
a46a : 00000000;
a46b : 00000000;
a46c : 00000000;
a46d : 00000000;
a46e : 00000000;
a46f : 00000000;
a470 : 00000000;
a471 : 00000000;
a472 : 00000000;
a473 : 00000000;
a474 : 00000000;
a475 : 00000000;
a476 : 00000000;
a477 : 00000000;
a478 : 00000000;
a479 : 00000000;
a47a : 00000000;
a47b : 00000000;
a47c : 00000000;
a47d : 00000000;
a47e : 00000000;
a47f : 00000000;
a480 : 00000000;
a481 : 00000000;
a482 : 00000000;
a483 : 00000000;
a484 : 00000000;
a485 : 00000000;
a486 : 00000000;
a487 : 00000000;
a488 : 00000000;
a489 : 00000000;
a48a : 00000000;
a48b : 00000000;
a48c : 00000000;
a48d : 00000000;
a48e : 00000000;
a48f : 00000000;
a490 : 00000000;
a491 : 00000000;
a492 : 00000000;
a493 : 00000000;
a494 : 00000000;
a495 : 00000000;
a496 : 00000000;
a497 : 00000000;
a498 : 00000000;
a499 : 00000000;
a49a : 00000000;
a49b : 00000000;
a49c : 00000000;
a49d : 00000000;
a49e : 00000000;
a49f : 00000000;
a4a0 : 00000000;
a4a1 : 00000000;
a4a2 : 00000000;
a4a3 : 00000000;
a4a4 : 00000000;
a4a5 : 00000000;
a4a6 : 00000000;
a4a7 : 00000000;
a4a8 : 00000000;
a4a9 : 00000000;
a4aa : 00000000;
a4ab : 00000000;
a4ac : 00000000;
a4ad : 00000000;
a4ae : 00000000;
a4af : 00000000;
a4b0 : 00000000;
a4b1 : 00000000;
a4b2 : 00000000;
a4b3 : 00000000;
a4b4 : 00000000;
a4b5 : 00000000;
a4b6 : 00000000;
a4b7 : 00000000;
a4b8 : 00000000;
a4b9 : 00000000;
a4ba : 00000000;
a4bb : 00000000;
a4bc : 00000000;
a4bd : 00000000;
a4be : 00000000;
a4bf : 00000000;
a4c0 : 00000000;
a4c1 : 00000000;
a4c2 : 00000000;
a4c3 : 00000000;
a4c4 : 00000000;
a4c5 : 00000000;
a4c6 : 00000000;
a4c7 : 00000000;
a4c8 : 00000000;
a4c9 : 00000000;
a4ca : 00000000;
a4cb : 00000000;
a4cc : 00000000;
a4cd : 00000000;
a4ce : 00000000;
a4cf : 00000000;
a4d0 : 00000000;
a4d1 : 00000000;
a4d2 : 00000000;
a4d3 : 00000000;
a4d4 : 00000000;
a4d5 : 00000000;
a4d6 : 00000000;
a4d7 : 00000000;
a4d8 : 00000000;
a4d9 : 00000000;
a4da : 00000000;
a4db : 00000000;
a4dc : 00000000;
a4dd : 00000000;
a4de : 00000000;
a4df : 00000000;
a4e0 : 00000000;
a4e1 : 00000000;
a4e2 : 00000000;
a4e3 : 00000000;
a4e4 : 00000000;
a4e5 : 00000000;
a4e6 : 00000000;
a4e7 : 00000000;
a4e8 : 00000000;
a4e9 : 00000000;
a4ea : 00000000;
a4eb : 00000000;
a4ec : 00000000;
a4ed : 00000000;
a4ee : 00000000;
a4ef : 00000000;
a4f0 : 00000000;
a4f1 : 00000000;
a4f2 : 00000000;
a4f3 : 00000000;
a4f4 : 00000000;
a4f5 : 00000000;
a4f6 : 00000000;
a4f7 : 00000000;
a4f8 : 00000000;
a4f9 : 00000000;
a4fa : 00000000;
a4fb : 00000000;
a4fc : 00000000;
a4fd : 00000000;
a4fe : 00000000;
a4ff : 00000000;
a500 : 00000000;
a501 : 00000000;
a502 : 00000000;
a503 : 00000000;
a504 : 00000000;
a505 : 00000000;
a506 : 00000000;
a507 : 00000000;
a508 : 00000000;
a509 : 00000000;
a50a : 00000000;
a50b : 00000000;
a50c : 00000000;
a50d : 00000000;
a50e : 00000000;
a50f : 00000000;
a510 : 00000000;
a511 : 00000000;
a512 : 00000000;
a513 : 00000000;
a514 : 00000000;
a515 : 00000000;
a516 : 00000000;
a517 : 00000000;
a518 : 00000000;
a519 : 00000000;
a51a : 00000000;
a51b : 00000000;
a51c : 00000000;
a51d : 00000000;
a51e : 00000000;
a51f : 00000000;
a520 : 00000000;
a521 : 00000000;
a522 : 00000000;
a523 : 00000000;
a524 : 00000000;
a525 : 00000000;
a526 : 00000000;
a527 : 00000000;
a528 : 00000000;
a529 : 00000000;
a52a : 00000000;
a52b : 00000000;
a52c : 00000000;
a52d : 00000000;
a52e : 00000000;
a52f : 00000000;
a530 : 00000000;
a531 : 00000000;
a532 : 00000000;
a533 : 00000000;
a534 : 00000000;
a535 : 00000000;
a536 : 00000000;
a537 : 00000000;
a538 : 00000000;
a539 : 00000000;
a53a : 00000000;
a53b : 00000000;
a53c : 00000000;
a53d : 00000000;
a53e : 00000000;
a53f : 00000000;
a540 : 00000000;
a541 : 00000000;
a542 : 00000000;
a543 : 00000000;
a544 : 00000000;
a545 : 00000000;
a546 : 00000000;
a547 : 00000000;
a548 : 00000000;
a549 : 00000000;
a54a : 00000000;
a54b : 00000000;
a54c : 00000000;
a54d : 00000000;
a54e : 00000000;
a54f : 00000000;
a550 : 00000000;
a551 : 00000000;
a552 : 00000000;
a553 : 00000000;
a554 : 00000000;
a555 : 00000000;
a556 : 00000000;
a557 : 00000000;
a558 : 00000000;
a559 : 00000000;
a55a : 00000000;
a55b : 00000000;
a55c : 00000000;
a55d : 00000000;
a55e : 00000000;
a55f : 00000000;
a560 : 00000000;
a561 : 00000000;
a562 : 00000000;
a563 : 00000000;
a564 : 00000000;
a565 : 00000000;
a566 : 00000000;
a567 : 00000000;
a568 : 00000000;
a569 : 00000000;
a56a : 00000000;
a56b : 00000000;
a56c : 00000000;
a56d : 00000000;
a56e : 00000000;
a56f : 00000000;
a570 : 00000000;
a571 : 00000000;
a572 : 00000000;
a573 : 00000000;
a574 : 00000000;
a575 : 00000000;
a576 : 00000000;
a577 : 00000000;
a578 : 00000000;
a579 : 00000000;
a57a : 00000000;
a57b : 00000000;
a57c : 00000000;
a57d : 00000000;
a57e : 00000000;
a57f : 00000000;
a580 : 00000000;
a581 : 00000000;
a582 : 00000000;
a583 : 00000000;
a584 : 00000000;
a585 : 00000000;
a586 : 00000000;
a587 : 00000000;
a588 : 00000000;
a589 : 00000000;
a58a : 00000000;
a58b : 00000000;
a58c : 00000000;
a58d : 00000000;
a58e : 00000000;
a58f : 00000000;
a590 : 00000000;
a591 : 00000000;
a592 : 00000000;
a593 : 00000000;
a594 : 00000000;
a595 : 00000000;
a596 : 00000000;
a597 : 00000000;
a598 : 00000000;
a599 : 00000000;
a59a : 00000000;
a59b : 00000000;
a59c : 00000000;
a59d : 00000000;
a59e : 00000000;
a59f : 00000000;
a5a0 : 00000000;
a5a1 : 00000000;
a5a2 : 00000000;
a5a3 : 00000000;
a5a4 : 00000000;
a5a5 : 00000000;
a5a6 : 00000000;
a5a7 : 00000000;
a5a8 : 00000000;
a5a9 : 00000000;
a5aa : 00000000;
a5ab : 00000000;
a5ac : 00000000;
a5ad : 00000000;
a5ae : 00000000;
a5af : 00000000;
a5b0 : 00000000;
a5b1 : 00000000;
a5b2 : 00000000;
a5b3 : 00000000;
a5b4 : 00000000;
a5b5 : 00000000;
a5b6 : 00000000;
a5b7 : 00000000;
a5b8 : 00000000;
a5b9 : 00000000;
a5ba : 00000000;
a5bb : 00000000;
a5bc : 00000000;
a5bd : 00000000;
a5be : 00000000;
a5bf : 00000000;
a5c0 : 00000000;
a5c1 : 00000000;
a5c2 : 00000000;
a5c3 : 00000000;
a5c4 : 00000000;
a5c5 : 00000000;
a5c6 : 00000000;
a5c7 : 00000000;
a5c8 : 00000000;
a5c9 : 00000000;
a5ca : 00000000;
a5cb : 00000000;
a5cc : 00000000;
a5cd : 00000000;
a5ce : 00000000;
a5cf : 00000000;
a5d0 : 00000000;
a5d1 : 00000000;
a5d2 : 00000000;
a5d3 : 00000000;
a5d4 : 00000000;
a5d5 : 00000000;
a5d6 : 00000000;
a5d7 : 00000000;
a5d8 : 00000000;
a5d9 : 00000000;
a5da : 00000000;
a5db : 00000000;
a5dc : 00000000;
a5dd : 00000000;
a5de : 00000000;
a5df : 00000000;
a5e0 : 00000000;
a5e1 : 00000000;
a5e2 : 00000000;
a5e3 : 00000000;
a5e4 : 00000000;
a5e5 : 00000000;
a5e6 : 00000000;
a5e7 : 00000000;
a5e8 : 00000000;
a5e9 : 00000000;
a5ea : 00000000;
a5eb : 00000000;
a5ec : 00000000;
a5ed : 00000000;
a5ee : 00000000;
a5ef : 00000000;
a5f0 : 00000000;
a5f1 : 00000000;
a5f2 : 00000000;
a5f3 : 00000000;
a5f4 : 00000000;
a5f5 : 00000000;
a5f6 : 00000000;
a5f7 : 00000000;
a5f8 : 00000000;
a5f9 : 00000000;
a5fa : 00000000;
a5fb : 00000000;
a5fc : 00000000;
a5fd : 00000000;
a5fe : 00000000;
a5ff : 00000000;
a600 : 00000000;
a601 : 00000000;
a602 : 00000000;
a603 : 00000000;
a604 : 00000000;
a605 : 00000000;
a606 : 00000000;
a607 : 00000000;
a608 : 00000000;
a609 : 00000000;
a60a : 00000000;
a60b : 00000000;
a60c : 00000000;
a60d : 00000000;
a60e : 00000000;
a60f : 00000000;
a610 : 00000000;
a611 : 00000000;
a612 : 00000000;
a613 : 00000000;
a614 : 00000000;
a615 : 00000000;
a616 : 00000000;
a617 : 00000000;
a618 : 00000000;
a619 : 00000000;
a61a : 00000000;
a61b : 00000000;
a61c : 00000000;
a61d : 00000000;
a61e : 00000000;
a61f : 00000000;
a620 : 00000000;
a621 : 00000000;
a622 : 00000000;
a623 : 00000000;
a624 : 00000000;
a625 : 00000000;
a626 : 00000000;
a627 : 00000000;
a628 : 00000000;
a629 : 00000000;
a62a : 00000000;
a62b : 00000000;
a62c : 00000000;
a62d : 00000000;
a62e : 00000000;
a62f : 00000000;
a630 : 00000000;
a631 : 00000000;
a632 : 00000000;
a633 : 00000000;
a634 : 00000000;
a635 : 00000000;
a636 : 00000000;
a637 : 00000000;
a638 : 00000000;
a639 : 00000000;
a63a : 00000000;
a63b : 00000000;
a63c : 00000000;
a63d : 00000000;
a63e : 00000000;
a63f : 00000000;
a640 : 00000000;
a641 : 00000000;
a642 : 00000000;
a643 : 00000000;
a644 : 00000000;
a645 : 00000000;
a646 : 00000000;
a647 : 00000000;
a648 : 00000000;
a649 : 00000000;
a64a : 00000000;
a64b : 00000000;
a64c : 00000000;
a64d : 00000000;
a64e : 00000000;
a64f : 00000000;
a650 : 00000000;
a651 : 00000000;
a652 : 00000000;
a653 : 00000000;
a654 : 00000000;
a655 : 00000000;
a656 : 00000000;
a657 : 00000000;
a658 : 00000000;
a659 : 00000000;
a65a : 00000000;
a65b : 00000000;
a65c : 00000000;
a65d : 00000000;
a65e : 00000000;
a65f : 00000000;
a660 : 00000000;
a661 : 00000000;
a662 : 00000000;
a663 : 00000000;
a664 : 00000000;
a665 : 00000000;
a666 : 00000000;
a667 : 00000000;
a668 : 00000000;
a669 : 00000000;
a66a : 00000000;
a66b : 00000000;
a66c : 00000000;
a66d : 00000000;
a66e : 00000000;
a66f : 00000000;
a670 : 00000000;
a671 : 00000000;
a672 : 00000000;
a673 : 00000000;
a674 : 00000000;
a675 : 00000000;
a676 : 00000000;
a677 : 00000000;
a678 : 00000000;
a679 : 00000000;
a67a : 00000000;
a67b : 00000000;
a67c : 00000000;
a67d : 00000000;
a67e : 00000000;
a67f : 00000000;
a680 : 00000000;
a681 : 00000000;
a682 : 00000000;
a683 : 00000000;
a684 : 00000000;
a685 : 00000000;
a686 : 00000000;
a687 : 00000000;
a688 : 00000000;
a689 : 00000000;
a68a : 00000000;
a68b : 00000000;
a68c : 00000000;
a68d : 00000000;
a68e : 00000000;
a68f : 00000000;
a690 : 00000000;
a691 : 00000000;
a692 : 00000000;
a693 : 00000000;
a694 : 00000000;
a695 : 00000000;
a696 : 00000000;
a697 : 00000000;
a698 : 00000000;
a699 : 00000000;
a69a : 00000000;
a69b : 00000000;
a69c : 00000000;
a69d : 00000000;
a69e : 00000000;
a69f : 00000000;
a6a0 : 00000000;
a6a1 : 00000000;
a6a2 : 00000000;
a6a3 : 00000000;
a6a4 : 00000000;
a6a5 : 00000000;
a6a6 : 00000000;
a6a7 : 00000000;
a6a8 : 00000000;
a6a9 : 00000000;
a6aa : 00000000;
a6ab : 00000000;
a6ac : 00000000;
a6ad : 00000000;
a6ae : 00000000;
a6af : 00000000;
a6b0 : 00000000;
a6b1 : 00000000;
a6b2 : 00000000;
a6b3 : 00000000;
a6b4 : 00000000;
a6b5 : 00000000;
a6b6 : 00000000;
a6b7 : 00000000;
a6b8 : 00000000;
a6b9 : 00000000;
a6ba : 00000000;
a6bb : 00000000;
a6bc : 00000000;
a6bd : 00000000;
a6be : 00000000;
a6bf : 00000000;
a6c0 : 00000000;
a6c1 : 00000000;
a6c2 : 00000000;
a6c3 : 00000000;
a6c4 : 00000000;
a6c5 : 00000000;
a6c6 : 00000000;
a6c7 : 00000000;
a6c8 : 00000000;
a6c9 : 00000000;
a6ca : 00000000;
a6cb : 00000000;
a6cc : 00000000;
a6cd : 00000000;
a6ce : 00000000;
a6cf : 00000000;
a6d0 : 00000000;
a6d1 : 00000000;
a6d2 : 00000000;
a6d3 : 00000000;
a6d4 : 00000000;
a6d5 : 00000000;
a6d6 : 00000000;
a6d7 : 00000000;
a6d8 : 00000000;
a6d9 : 00000000;
a6da : 00000000;
a6db : 00000000;
a6dc : 00000000;
a6dd : 00000000;
a6de : 00000000;
a6df : 00000000;
a6e0 : 00000000;
a6e1 : 00000000;
a6e2 : 00000000;
a6e3 : 00000000;
a6e4 : 00000000;
a6e5 : 00000000;
a6e6 : 00000000;
a6e7 : 00000000;
a6e8 : 00000000;
a6e9 : 00000000;
a6ea : 00000000;
a6eb : 00000000;
a6ec : 00000000;
a6ed : 00000000;
a6ee : 00000000;
a6ef : 00000000;
a6f0 : 00000000;
a6f1 : 00000000;
a6f2 : 00000000;
a6f3 : 00000000;
a6f4 : 00000000;
a6f5 : 00000000;
a6f6 : 00000000;
a6f7 : 00000000;
a6f8 : 00000000;
a6f9 : 00000000;
a6fa : 00000000;
a6fb : 00000000;
a6fc : 00000000;
a6fd : 00000000;
a6fe : 00000000;
a6ff : 00000000;
a700 : 00000000;
a701 : 00000000;
a702 : 00000000;
a703 : 00000000;
a704 : 00000000;
a705 : 00000000;
a706 : 00000000;
a707 : 00000000;
a708 : 00000000;
a709 : 00000000;
a70a : 00000000;
a70b : 00000000;
a70c : 00000000;
a70d : 00000000;
a70e : 00000000;
a70f : 00000000;
a710 : 00000000;
a711 : 00000000;
a712 : 00000000;
a713 : 00000000;
a714 : 00000000;
a715 : 00000000;
a716 : 00000000;
a717 : 00000000;
a718 : 00000000;
a719 : 00000000;
a71a : 00000000;
a71b : 00000000;
a71c : 00000000;
a71d : 00000000;
a71e : 00000000;
a71f : 00000000;
a720 : 00000000;
a721 : 00000000;
a722 : 00000000;
a723 : 00000000;
a724 : 00000000;
a725 : 00000000;
a726 : 00000000;
a727 : 00000000;
a728 : 00000000;
a729 : 00000000;
a72a : 00000000;
a72b : 00000000;
a72c : 00000000;
a72d : 00000000;
a72e : 00000000;
a72f : 00000000;
a730 : 00000000;
a731 : 00000000;
a732 : 00000000;
a733 : 00000000;
a734 : 00000000;
a735 : 00000000;
a736 : 00000000;
a737 : 00000000;
a738 : 00000000;
a739 : 00000000;
a73a : 00000000;
a73b : 00000000;
a73c : 00000000;
a73d : 00000000;
a73e : 00000000;
a73f : 00000000;
a740 : 00000000;
a741 : 00000000;
a742 : 00000000;
a743 : 00000000;
a744 : 00000000;
a745 : 00000000;
a746 : 00000000;
a747 : 00000000;
a748 : 00000000;
a749 : 00000000;
a74a : 00000000;
a74b : 00000000;
a74c : 00000000;
a74d : 00000000;
a74e : 00000000;
a74f : 00000000;
a750 : 00000000;
a751 : 00000000;
a752 : 00000000;
a753 : 00000000;
a754 : 00000000;
a755 : 00000000;
a756 : 00000000;
a757 : 00000000;
a758 : 00000000;
a759 : 00000000;
a75a : 00000000;
a75b : 00000000;
a75c : 00000000;
a75d : 00000000;
a75e : 00000000;
a75f : 00000000;
a760 : 00000000;
a761 : 00000000;
a762 : 00000000;
a763 : 00000000;
a764 : 00000000;
a765 : 00000000;
a766 : 00000000;
a767 : 00000000;
a768 : 00000000;
a769 : 00000000;
a76a : 00000000;
a76b : 00000000;
a76c : 00000000;
a76d : 00000000;
a76e : 00000000;
a76f : 00000000;
a770 : 00000000;
a771 : 00000000;
a772 : 00000000;
a773 : 00000000;
a774 : 00000000;
a775 : 00000000;
a776 : 00000000;
a777 : 00000000;
a778 : 00000000;
a779 : 00000000;
a77a : 00000000;
a77b : 00000000;
a77c : 00000000;
a77d : 00000000;
a77e : 00000000;
a77f : 00000000;
a780 : 00000000;
a781 : 00000000;
a782 : 00000000;
a783 : 00000000;
a784 : 00000000;
a785 : 00000000;
a786 : 00000000;
a787 : 00000000;
a788 : 00000000;
a789 : 00000000;
a78a : 00000000;
a78b : 00000000;
a78c : 00000000;
a78d : 00000000;
a78e : 00000000;
a78f : 00000000;
a790 : 00000000;
a791 : 00000000;
a792 : 00000000;
a793 : 00000000;
a794 : 00000000;
a795 : 00000000;
a796 : 00000000;
a797 : 00000000;
a798 : 00000000;
a799 : 00000000;
a79a : 00000000;
a79b : 00000000;
a79c : 00000000;
a79d : 00000000;
a79e : 00000000;
a79f : 00000000;
a7a0 : 00000000;
a7a1 : 00000000;
a7a2 : 00000000;
a7a3 : 00000000;
a7a4 : 00000000;
a7a5 : 00000000;
a7a6 : 00000000;
a7a7 : 00000000;
a7a8 : 00000000;
a7a9 : 00000000;
a7aa : 00000000;
a7ab : 00000000;
a7ac : 00000000;
a7ad : 00000000;
a7ae : 00000000;
a7af : 00000000;
a7b0 : 00000000;
a7b1 : 00000000;
a7b2 : 00000000;
a7b3 : 00000000;
a7b4 : 00000000;
a7b5 : 00000000;
a7b6 : 00000000;
a7b7 : 00000000;
a7b8 : 00000000;
a7b9 : 00000000;
a7ba : 00000000;
a7bb : 00000000;
a7bc : 00000000;
a7bd : 00000000;
a7be : 00000000;
a7bf : 00000000;
a7c0 : 00000000;
a7c1 : 00000000;
a7c2 : 00000000;
a7c3 : 00000000;
a7c4 : 00000000;
a7c5 : 00000000;
a7c6 : 00000000;
a7c7 : 00000000;
a7c8 : 00000000;
a7c9 : 00000000;
a7ca : 00000000;
a7cb : 00000000;
a7cc : 00000000;
a7cd : 00000000;
a7ce : 00000000;
a7cf : 00000000;
a7d0 : 00000000;
a7d1 : 00000000;
a7d2 : 00000000;
a7d3 : 00000000;
a7d4 : 00000000;
a7d5 : 00000000;
a7d6 : 00000000;
a7d7 : 00000000;
a7d8 : 00000000;
a7d9 : 00000000;
a7da : 00000000;
a7db : 00000000;
a7dc : 00000000;
a7dd : 00000000;
a7de : 00000000;
a7df : 00000000;
a7e0 : 00000000;
a7e1 : 00000000;
a7e2 : 00000000;
a7e3 : 00000000;
a7e4 : 00000000;
a7e5 : 00000000;
a7e6 : 00000000;
a7e7 : 00000000;
a7e8 : 00000000;
a7e9 : 00000000;
a7ea : 00000000;
a7eb : 00000000;
a7ec : 00000000;
a7ed : 00000000;
a7ee : 00000000;
a7ef : 00000000;
a7f0 : 00000000;
a7f1 : 00000000;
a7f2 : 00000000;
a7f3 : 00000000;
a7f4 : 00000000;
a7f5 : 00000000;
a7f6 : 00000000;
a7f7 : 00000000;
a7f8 : 00000000;
a7f9 : 00000000;
a7fa : 00000000;
a7fb : 00000000;
a7fc : 00000000;
a7fd : 00000000;
a7fe : 00000000;
a7ff : 00000000;
a800 : 00000000;
a801 : 00000000;
a802 : 00000000;
a803 : 00000000;
a804 : 00000000;
a805 : 00000000;
a806 : 00000000;
a807 : 00000000;
a808 : 00000000;
a809 : 00000000;
a80a : 00000000;
a80b : 00000000;
a80c : 00000000;
a80d : 00000000;
a80e : 00000000;
a80f : 00000000;
a810 : 00000000;
a811 : 00000000;
a812 : 00000000;
a813 : 00000000;
a814 : 00000000;
a815 : 00000000;
a816 : 00000000;
a817 : 00000000;
a818 : 00000000;
a819 : 00000000;
a81a : 00000000;
a81b : 00000000;
a81c : 00000000;
a81d : 00000000;
a81e : 00000000;
a81f : 00000000;
a820 : 00000000;
a821 : 00000000;
a822 : 00000000;
a823 : 00000000;
a824 : 00000000;
a825 : 00000000;
a826 : 00000000;
a827 : 00000000;
a828 : 00000000;
a829 : 00000000;
a82a : 00000000;
a82b : 00000000;
a82c : 00000000;
a82d : 00000000;
a82e : 00000000;
a82f : 00000000;
a830 : 00000000;
a831 : 00000000;
a832 : 00000000;
a833 : 00000000;
a834 : 00000000;
a835 : 00000000;
a836 : 00000000;
a837 : 00000000;
a838 : 00000000;
a839 : 00000000;
a83a : 00000000;
a83b : 00000000;
a83c : 00000000;
a83d : 00000000;
a83e : 00000000;
a83f : 00000000;
a840 : 00000000;
a841 : 00000000;
a842 : 00000000;
a843 : 00000000;
a844 : 00000000;
a845 : 00000000;
a846 : 00000000;
a847 : 00000000;
a848 : 00000000;
a849 : 00000000;
a84a : 00000000;
a84b : 00000000;
a84c : 00000000;
a84d : 00000000;
a84e : 00000000;
a84f : 00000000;
a850 : 00000000;
a851 : 00000000;
a852 : 00000000;
a853 : 00000000;
a854 : 00000000;
a855 : 00000000;
a856 : 00000000;
a857 : 00000000;
a858 : 00000000;
a859 : 00000000;
a85a : 00000000;
a85b : 00000000;
a85c : 00000000;
a85d : 00000000;
a85e : 00000000;
a85f : 00000000;
a860 : 00000000;
a861 : 00000000;
a862 : 00000000;
a863 : 00000000;
a864 : 00000000;
a865 : 00000000;
a866 : 00000000;
a867 : 00000000;
a868 : 00000000;
a869 : 00000000;
a86a : 00000000;
a86b : 00000000;
a86c : 00000000;
a86d : 00000000;
a86e : 00000000;
a86f : 00000000;
a870 : 00000000;
a871 : 00000000;
a872 : 00000000;
a873 : 00000000;
a874 : 00000000;
a875 : 00000000;
a876 : 00000000;
a877 : 00000000;
a878 : 00000000;
a879 : 00000000;
a87a : 00000000;
a87b : 00000000;
a87c : 00000000;
a87d : 00000000;
a87e : 00000000;
a87f : 00000000;
a880 : 00000000;
a881 : 00000000;
a882 : 00000000;
a883 : 00000000;
a884 : 00000000;
a885 : 00000000;
a886 : 00000000;
a887 : 00000000;
a888 : 00000000;
a889 : 00000000;
a88a : 00000000;
a88b : 00000000;
a88c : 00000000;
a88d : 00000000;
a88e : 00000000;
a88f : 00000000;
a890 : 00000000;
a891 : 00000000;
a892 : 00000000;
a893 : 00000000;
a894 : 00000000;
a895 : 00000000;
a896 : 00000000;
a897 : 00000000;
a898 : 00000000;
a899 : 00000000;
a89a : 00000000;
a89b : 00000000;
a89c : 00000000;
a89d : 00000000;
a89e : 00000000;
a89f : 00000000;
a8a0 : 00000000;
a8a1 : 00000000;
a8a2 : 00000000;
a8a3 : 00000000;
a8a4 : 00000000;
a8a5 : 00000000;
a8a6 : 00000000;
a8a7 : 00000000;
a8a8 : 00000000;
a8a9 : 00000000;
a8aa : 00000000;
a8ab : 00000000;
a8ac : 00000000;
a8ad : 00000000;
a8ae : 00000000;
a8af : 00000000;
a8b0 : 00000000;
a8b1 : 00000000;
a8b2 : 00000000;
a8b3 : 00000000;
a8b4 : 00000000;
a8b5 : 00000000;
a8b6 : 00000000;
a8b7 : 00000000;
a8b8 : 00000000;
a8b9 : 00000000;
a8ba : 00000000;
a8bb : 00000000;
a8bc : 00000000;
a8bd : 00000000;
a8be : 00000000;
a8bf : 00000000;
a8c0 : 00000000;
a8c1 : 00000000;
a8c2 : 00000000;
a8c3 : 00000000;
a8c4 : 00000000;
a8c5 : 00000000;
a8c6 : 00000000;
a8c7 : 00000000;
a8c8 : 00000000;
a8c9 : 00000000;
a8ca : 00000000;
a8cb : 00000000;
a8cc : 00000000;
a8cd : 00000000;
a8ce : 00000000;
a8cf : 00000000;
a8d0 : 00000000;
a8d1 : 00000000;
a8d2 : 00000000;
a8d3 : 00000000;
a8d4 : 00000000;
a8d5 : 00000000;
a8d6 : 00000000;
a8d7 : 00000000;
a8d8 : 00000000;
a8d9 : 00000000;
a8da : 00000000;
a8db : 00000000;
a8dc : 00000000;
a8dd : 00000000;
a8de : 00000000;
a8df : 00000000;
a8e0 : 00000000;
a8e1 : 00000000;
a8e2 : 00000000;
a8e3 : 00000000;
a8e4 : 00000000;
a8e5 : 00000000;
a8e6 : 00000000;
a8e7 : 00000000;
a8e8 : 00000000;
a8e9 : 00000000;
a8ea : 00000000;
a8eb : 00000000;
a8ec : 00000000;
a8ed : 00000000;
a8ee : 00000000;
a8ef : 00000000;
a8f0 : 00000000;
a8f1 : 00000000;
a8f2 : 00000000;
a8f3 : 00000000;
a8f4 : 00000000;
a8f5 : 00000000;
a8f6 : 00000000;
a8f7 : 00000000;
a8f8 : 00000000;
a8f9 : 00000000;
a8fa : 00000000;
a8fb : 00000000;
a8fc : 00000000;
a8fd : 00000000;
a8fe : 00000000;
a8ff : 00000000;
a900 : 00000000;
a901 : 00000000;
a902 : 00000000;
a903 : 00000000;
a904 : 00000000;
a905 : 00000000;
a906 : 00000000;
a907 : 00000000;
a908 : 00000000;
a909 : 00000000;
a90a : 00000000;
a90b : 00000000;
a90c : 00000000;
a90d : 00000000;
a90e : 00000000;
a90f : 00000000;
a910 : 00000000;
a911 : 00000000;
a912 : 00000000;
a913 : 00000000;
a914 : 00000000;
a915 : 00000000;
a916 : 00000000;
a917 : 00000000;
a918 : 00000000;
a919 : 00000000;
a91a : 00000000;
a91b : 00000000;
a91c : 00000000;
a91d : 00000000;
a91e : 00000000;
a91f : 00000000;
a920 : 00000000;
a921 : 00000000;
a922 : 00000000;
a923 : 00000000;
a924 : 00000000;
a925 : 00000000;
a926 : 00000000;
a927 : 00000000;
a928 : 00000000;
a929 : 00000000;
a92a : 00000000;
a92b : 00000000;
a92c : 00000000;
a92d : 00000000;
a92e : 00000000;
a92f : 00000000;
a930 : 00000000;
a931 : 00000000;
a932 : 00000000;
a933 : 00000000;
a934 : 00000000;
a935 : 00000000;
a936 : 00000000;
a937 : 00000000;
a938 : 00000000;
a939 : 00000000;
a93a : 00000000;
a93b : 00000000;
a93c : 00000000;
a93d : 00000000;
a93e : 00000000;
a93f : 00000000;
a940 : 00000000;
a941 : 00000000;
a942 : 00000000;
a943 : 00000000;
a944 : 00000000;
a945 : 00000000;
a946 : 00000000;
a947 : 00000000;
a948 : 00000000;
a949 : 00000000;
a94a : 00000000;
a94b : 00000000;
a94c : 00000000;
a94d : 00000000;
a94e : 00000000;
a94f : 00000000;
a950 : 00000000;
a951 : 00000000;
a952 : 00000000;
a953 : 00000000;
a954 : 00000000;
a955 : 00000000;
a956 : 00000000;
a957 : 00000000;
a958 : 00000000;
a959 : 00000000;
a95a : 00000000;
a95b : 00000000;
a95c : 00000000;
a95d : 00000000;
a95e : 00000000;
a95f : 00000000;
a960 : 00000000;
a961 : 00000000;
a962 : 00000000;
a963 : 00000000;
a964 : 00000000;
a965 : 00000000;
a966 : 00000000;
a967 : 00000000;
a968 : 00000000;
a969 : 00000000;
a96a : 00000000;
a96b : 00000000;
a96c : 00000000;
a96d : 00000000;
a96e : 00000000;
a96f : 00000000;
a970 : 00000000;
a971 : 00000000;
a972 : 00000000;
a973 : 00000000;
a974 : 00000000;
a975 : 00000000;
a976 : 00000000;
a977 : 00000000;
a978 : 00000000;
a979 : 00000000;
a97a : 00000000;
a97b : 00000000;
a97c : 00000000;
a97d : 00000000;
a97e : 00000000;
a97f : 00000000;
a980 : 00000000;
a981 : 00000000;
a982 : 00000000;
a983 : 00000000;
a984 : 00000000;
a985 : 00000000;
a986 : 00000000;
a987 : 00000000;
a988 : 00000000;
a989 : 00000000;
a98a : 00000000;
a98b : 00000000;
a98c : 00000000;
a98d : 00000000;
a98e : 00000000;
a98f : 00000000;
a990 : 00000000;
a991 : 00000000;
a992 : 00000000;
a993 : 00000000;
a994 : 00000000;
a995 : 00000000;
a996 : 00000000;
a997 : 00000000;
a998 : 00000000;
a999 : 00000000;
a99a : 00000000;
a99b : 00000000;
a99c : 00000000;
a99d : 00000000;
a99e : 00000000;
a99f : 00000000;
a9a0 : 00000000;
a9a1 : 00000000;
a9a2 : 00000000;
a9a3 : 00000000;
a9a4 : 00000000;
a9a5 : 00000000;
a9a6 : 00000000;
a9a7 : 00000000;
a9a8 : 00000000;
a9a9 : 00000000;
a9aa : 00000000;
a9ab : 00000000;
a9ac : 00000000;
a9ad : 00000000;
a9ae : 00000000;
a9af : 00000000;
a9b0 : 00000000;
a9b1 : 00000000;
a9b2 : 00000000;
a9b3 : 00000000;
a9b4 : 00000000;
a9b5 : 00000000;
a9b6 : 00000000;
a9b7 : 00000000;
a9b8 : 00000000;
a9b9 : 00000000;
a9ba : 00000000;
a9bb : 00000000;
a9bc : 00000000;
a9bd : 00000000;
a9be : 00000000;
a9bf : 00000000;
a9c0 : 00000000;
a9c1 : 00000000;
a9c2 : 00000000;
a9c3 : 00000000;
a9c4 : 00000000;
a9c5 : 00000000;
a9c6 : 00000000;
a9c7 : 00000000;
a9c8 : 00000000;
a9c9 : 00000000;
a9ca : 00000000;
a9cb : 00000000;
a9cc : 00000000;
a9cd : 00000000;
a9ce : 00000000;
a9cf : 00000000;
a9d0 : 00000000;
a9d1 : 00000000;
a9d2 : 00000000;
a9d3 : 00000000;
a9d4 : 00000000;
a9d5 : 00000000;
a9d6 : 00000000;
a9d7 : 00000000;
a9d8 : 00000000;
a9d9 : 00000000;
a9da : 00000000;
a9db : 00000000;
a9dc : 00000000;
a9dd : 00000000;
a9de : 00000000;
a9df : 00000000;
a9e0 : 00000000;
a9e1 : 00000000;
a9e2 : 00000000;
a9e3 : 00000000;
a9e4 : 00000000;
a9e5 : 00000000;
a9e6 : 00000000;
a9e7 : 00000000;
a9e8 : 00000000;
a9e9 : 00000000;
a9ea : 00000000;
a9eb : 00000000;
a9ec : 00000000;
a9ed : 00000000;
a9ee : 00000000;
a9ef : 00000000;
a9f0 : 00000000;
a9f1 : 00000000;
a9f2 : 00000000;
a9f3 : 00000000;
a9f4 : 00000000;
a9f5 : 00000000;
a9f6 : 00000000;
a9f7 : 00000000;
a9f8 : 00000000;
a9f9 : 00000000;
a9fa : 00000000;
a9fb : 00000000;
a9fc : 00000000;
a9fd : 00000000;
a9fe : 00000000;
a9ff : 00000000;
aa00 : 00000000;
aa01 : 00000000;
aa02 : 00000000;
aa03 : 00000000;
aa04 : 00000000;
aa05 : 00000000;
aa06 : 00000000;
aa07 : 00000000;
aa08 : 00000000;
aa09 : 00000000;
aa0a : 00000000;
aa0b : 00000000;
aa0c : 00000000;
aa0d : 00000000;
aa0e : 00000000;
aa0f : 00000000;
aa10 : 00000000;
aa11 : 00000000;
aa12 : 00000000;
aa13 : 00000000;
aa14 : 00000000;
aa15 : 00000000;
aa16 : 00000000;
aa17 : 00000000;
aa18 : 00000000;
aa19 : 00000000;
aa1a : 00000000;
aa1b : 00000000;
aa1c : 00000000;
aa1d : 00000000;
aa1e : 00000000;
aa1f : 00000000;
aa20 : 00000000;
aa21 : 00000000;
aa22 : 00000000;
aa23 : 00000000;
aa24 : 00000000;
aa25 : 00000000;
aa26 : 00000000;
aa27 : 00000000;
aa28 : 00000000;
aa29 : 00000000;
aa2a : 00000000;
aa2b : 00000000;
aa2c : 00000000;
aa2d : 00000000;
aa2e : 00000000;
aa2f : 00000000;
aa30 : 00000000;
aa31 : 00000000;
aa32 : 00000000;
aa33 : 00000000;
aa34 : 00000000;
aa35 : 00000000;
aa36 : 00000000;
aa37 : 00000000;
aa38 : 00000000;
aa39 : 00000000;
aa3a : 00000000;
aa3b : 00000000;
aa3c : 00000000;
aa3d : 00000000;
aa3e : 00000000;
aa3f : 00000000;
aa40 : 00000000;
aa41 : 00000000;
aa42 : 00000000;
aa43 : 00000000;
aa44 : 00000000;
aa45 : 00000000;
aa46 : 00000000;
aa47 : 00000000;
aa48 : 00000000;
aa49 : 00000000;
aa4a : 00000000;
aa4b : 00000000;
aa4c : 00000000;
aa4d : 00000000;
aa4e : 00000000;
aa4f : 00000000;
aa50 : 00000000;
aa51 : 00000000;
aa52 : 00000000;
aa53 : 00000000;
aa54 : 00000000;
aa55 : 00000000;
aa56 : 00000000;
aa57 : 00000000;
aa58 : 00000000;
aa59 : 00000000;
aa5a : 00000000;
aa5b : 00000000;
aa5c : 00000000;
aa5d : 00000000;
aa5e : 00000000;
aa5f : 00000000;
aa60 : 00000000;
aa61 : 00000000;
aa62 : 00000000;
aa63 : 00000000;
aa64 : 00000000;
aa65 : 00000000;
aa66 : 00000000;
aa67 : 00000000;
aa68 : 00000000;
aa69 : 00000000;
aa6a : 00000000;
aa6b : 00000000;
aa6c : 00000000;
aa6d : 00000000;
aa6e : 00000000;
aa6f : 00000000;
aa70 : 00000000;
aa71 : 00000000;
aa72 : 00000000;
aa73 : 00000000;
aa74 : 00000000;
aa75 : 00000000;
aa76 : 00000000;
aa77 : 00000000;
aa78 : 00000000;
aa79 : 00000000;
aa7a : 00000000;
aa7b : 00000000;
aa7c : 00000000;
aa7d : 00000000;
aa7e : 00000000;
aa7f : 00000000;
aa80 : 00000000;
aa81 : 00000000;
aa82 : 00000000;
aa83 : 00000000;
aa84 : 00000000;
aa85 : 00000000;
aa86 : 00000000;
aa87 : 00000000;
aa88 : 00000000;
aa89 : 00000000;
aa8a : 00000000;
aa8b : 00000000;
aa8c : 00000000;
aa8d : 00000000;
aa8e : 00000000;
aa8f : 00000000;
aa90 : 00000000;
aa91 : 00000000;
aa92 : 00000000;
aa93 : 00000000;
aa94 : 00000000;
aa95 : 00000000;
aa96 : 00000000;
aa97 : 00000000;
aa98 : 00000000;
aa99 : 00000000;
aa9a : 00000000;
aa9b : 00000000;
aa9c : 00000000;
aa9d : 00000000;
aa9e : 00000000;
aa9f : 00000000;
aaa0 : 00000000;
aaa1 : 00000000;
aaa2 : 00000000;
aaa3 : 00000000;
aaa4 : 00000000;
aaa5 : 00000000;
aaa6 : 00000000;
aaa7 : 00000000;
aaa8 : 00000000;
aaa9 : 00000000;
aaaa : 00000000;
aaab : 00000000;
aaac : 00000000;
aaad : 00000000;
aaae : 00000000;
aaaf : 00000000;
aab0 : 00000000;
aab1 : 00000000;
aab2 : 00000000;
aab3 : 00000000;
aab4 : 00000000;
aab5 : 00000000;
aab6 : 00000000;
aab7 : 00000000;
aab8 : 00000000;
aab9 : 00000000;
aaba : 00000000;
aabb : 00000000;
aabc : 00000000;
aabd : 00000000;
aabe : 00000000;
aabf : 00000000;
aac0 : 00000000;
aac1 : 00000000;
aac2 : 00000000;
aac3 : 00000000;
aac4 : 00000000;
aac5 : 00000000;
aac6 : 00000000;
aac7 : 00000000;
aac8 : 00000000;
aac9 : 00000000;
aaca : 00000000;
aacb : 00000000;
aacc : 00000000;
aacd : 00000000;
aace : 00000000;
aacf : 00000000;
aad0 : 00000000;
aad1 : 00000000;
aad2 : 00000000;
aad3 : 00000000;
aad4 : 00000000;
aad5 : 00000000;
aad6 : 00000000;
aad7 : 00000000;
aad8 : 00000000;
aad9 : 00000000;
aada : 00000000;
aadb : 00000000;
aadc : 00000000;
aadd : 00000000;
aade : 00000000;
aadf : 00000000;
aae0 : 00000000;
aae1 : 00000000;
aae2 : 00000000;
aae3 : 00000000;
aae4 : 00000000;
aae5 : 00000000;
aae6 : 00000000;
aae7 : 00000000;
aae8 : 00000000;
aae9 : 00000000;
aaea : 00000000;
aaeb : 00000000;
aaec : 00000000;
aaed : 00000000;
aaee : 00000000;
aaef : 00000000;
aaf0 : 00000000;
aaf1 : 00000000;
aaf2 : 00000000;
aaf3 : 00000000;
aaf4 : 00000000;
aaf5 : 00000000;
aaf6 : 00000000;
aaf7 : 00000000;
aaf8 : 00000000;
aaf9 : 00000000;
aafa : 00000000;
aafb : 00000000;
aafc : 00000000;
aafd : 00000000;
aafe : 00000000;
aaff : 00000000;
ab00 : 00000000;
ab01 : 00000000;
ab02 : 00000000;
ab03 : 00000000;
ab04 : 00000000;
ab05 : 00000000;
ab06 : 00000000;
ab07 : 00000000;
ab08 : 00000000;
ab09 : 00000000;
ab0a : 00000000;
ab0b : 00000000;
ab0c : 00000000;
ab0d : 00000000;
ab0e : 00000000;
ab0f : 00000000;
ab10 : 00000000;
ab11 : 00000000;
ab12 : 00000000;
ab13 : 00000000;
ab14 : 00000000;
ab15 : 00000000;
ab16 : 00000000;
ab17 : 00000000;
ab18 : 00000000;
ab19 : 00000000;
ab1a : 00000000;
ab1b : 00000000;
ab1c : 00000000;
ab1d : 00000000;
ab1e : 00000000;
ab1f : 00000000;
ab20 : 00000000;
ab21 : 00000000;
ab22 : 00000000;
ab23 : 00000000;
ab24 : 00000000;
ab25 : 00000000;
ab26 : 00000000;
ab27 : 00000000;
ab28 : 00000000;
ab29 : 00000000;
ab2a : 00000000;
ab2b : 00000000;
ab2c : 00000000;
ab2d : 00000000;
ab2e : 00000000;
ab2f : 00000000;
ab30 : 00000000;
ab31 : 00000000;
ab32 : 00000000;
ab33 : 00000000;
ab34 : 00000000;
ab35 : 00000000;
ab36 : 00000000;
ab37 : 00000000;
ab38 : 00000000;
ab39 : 00000000;
ab3a : 00000000;
ab3b : 00000000;
ab3c : 00000000;
ab3d : 00000000;
ab3e : 00000000;
ab3f : 00000000;
ab40 : 00000000;
ab41 : 00000000;
ab42 : 00000000;
ab43 : 00000000;
ab44 : 00000000;
ab45 : 00000000;
ab46 : 00000000;
ab47 : 00000000;
ab48 : 00000000;
ab49 : 00000000;
ab4a : 00000000;
ab4b : 00000000;
ab4c : 00000000;
ab4d : 00000000;
ab4e : 00000000;
ab4f : 00000000;
ab50 : 00000000;
ab51 : 00000000;
ab52 : 00000000;
ab53 : 00000000;
ab54 : 00000000;
ab55 : 00000000;
ab56 : 00000000;
ab57 : 00000000;
ab58 : 00000000;
ab59 : 00000000;
ab5a : 00000000;
ab5b : 00000000;
ab5c : 00000000;
ab5d : 00000000;
ab5e : 00000000;
ab5f : 00000000;
ab60 : 00000000;
ab61 : 00000000;
ab62 : 00000000;
ab63 : 00000000;
ab64 : 00000000;
ab65 : 00000000;
ab66 : 00000000;
ab67 : 00000000;
ab68 : 00000000;
ab69 : 00000000;
ab6a : 00000000;
ab6b : 00000000;
ab6c : 00000000;
ab6d : 00000000;
ab6e : 00000000;
ab6f : 00000000;
ab70 : 00000000;
ab71 : 00000000;
ab72 : 00000000;
ab73 : 00000000;
ab74 : 00000000;
ab75 : 00000000;
ab76 : 00000000;
ab77 : 00000000;
ab78 : 00000000;
ab79 : 00000000;
ab7a : 00000000;
ab7b : 00000000;
ab7c : 00000000;
ab7d : 00000000;
ab7e : 00000000;
ab7f : 00000000;
ab80 : 00000000;
ab81 : 00000000;
ab82 : 00000000;
ab83 : 00000000;
ab84 : 00000000;
ab85 : 00000000;
ab86 : 00000000;
ab87 : 00000000;
ab88 : 00000000;
ab89 : 00000000;
ab8a : 00000000;
ab8b : 00000000;
ab8c : 00000000;
ab8d : 00000000;
ab8e : 00000000;
ab8f : 00000000;
ab90 : 00000000;
ab91 : 00000000;
ab92 : 00000000;
ab93 : 00000000;
ab94 : 00000000;
ab95 : 00000000;
ab96 : 00000000;
ab97 : 00000000;
ab98 : 00000000;
ab99 : 00000000;
ab9a : 00000000;
ab9b : 00000000;
ab9c : 00000000;
ab9d : 00000000;
ab9e : 00000000;
ab9f : 00000000;
aba0 : 00000000;
aba1 : 00000000;
aba2 : 00000000;
aba3 : 00000000;
aba4 : 00000000;
aba5 : 00000000;
aba6 : 00000000;
aba7 : 00000000;
aba8 : 00000000;
aba9 : 00000000;
abaa : 00000000;
abab : 00000000;
abac : 00000000;
abad : 00000000;
abae : 00000000;
abaf : 00000000;
abb0 : 00000000;
abb1 : 00000000;
abb2 : 00000000;
abb3 : 00000000;
abb4 : 00000000;
abb5 : 00000000;
abb6 : 00000000;
abb7 : 00000000;
abb8 : 00000000;
abb9 : 00000000;
abba : 00000000;
abbb : 00000000;
abbc : 00000000;
abbd : 00000000;
abbe : 00000000;
abbf : 00000000;
abc0 : 00000000;
abc1 : 00000000;
abc2 : 00000000;
abc3 : 00000000;
abc4 : 00000000;
abc5 : 00000000;
abc6 : 00000000;
abc7 : 00000000;
abc8 : 00000000;
abc9 : 00000000;
abca : 00000000;
abcb : 00000000;
abcc : 00000000;
abcd : 00000000;
abce : 00000000;
abcf : 00000000;
abd0 : 00000000;
abd1 : 00000000;
abd2 : 00000000;
abd3 : 00000000;
abd4 : 00000000;
abd5 : 00000000;
abd6 : 00000000;
abd7 : 00000000;
abd8 : 00000000;
abd9 : 00000000;
abda : 00000000;
abdb : 00000000;
abdc : 00000000;
abdd : 00000000;
abde : 00000000;
abdf : 00000000;
abe0 : 00000000;
abe1 : 00000000;
abe2 : 00000000;
abe3 : 00000000;
abe4 : 00000000;
abe5 : 00000000;
abe6 : 00000000;
abe7 : 00000000;
abe8 : 00000000;
abe9 : 00000000;
abea : 00000000;
abeb : 00000000;
abec : 00000000;
abed : 00000000;
abee : 00000000;
abef : 00000000;
abf0 : 00000000;
abf1 : 00000000;
abf2 : 00000000;
abf3 : 00000000;
abf4 : 00000000;
abf5 : 00000000;
abf6 : 00000000;
abf7 : 00000000;
abf8 : 00000000;
abf9 : 00000000;
abfa : 00000000;
abfb : 00000000;
abfc : 00000000;
abfd : 00000000;
abfe : 00000000;
abff : 00000000;
ac00 : 00000000;
ac01 : 00000000;
ac02 : 00000000;
ac03 : 00000000;
ac04 : 00000000;
ac05 : 00000000;
ac06 : 00000000;
ac07 : 00000000;
ac08 : 00000000;
ac09 : 00000000;
ac0a : 00000000;
ac0b : 00000000;
ac0c : 00000000;
ac0d : 00000000;
ac0e : 00000000;
ac0f : 00000000;
ac10 : 00000000;
ac11 : 00000000;
ac12 : 00000000;
ac13 : 00000000;
ac14 : 00000000;
ac15 : 00000000;
ac16 : 00000000;
ac17 : 00000000;
ac18 : 00000000;
ac19 : 00000000;
ac1a : 00000000;
ac1b : 00000000;
ac1c : 00000000;
ac1d : 00000000;
ac1e : 00000000;
ac1f : 00000000;
ac20 : 00000000;
ac21 : 00000000;
ac22 : 00000000;
ac23 : 00000000;
ac24 : 00000000;
ac25 : 00000000;
ac26 : 00000000;
ac27 : 00000000;
ac28 : 00000000;
ac29 : 00000000;
ac2a : 00000000;
ac2b : 00000000;
ac2c : 00000000;
ac2d : 00000000;
ac2e : 00000000;
ac2f : 00000000;
ac30 : 00000000;
ac31 : 00000000;
ac32 : 00000000;
ac33 : 00000000;
ac34 : 00000000;
ac35 : 00000000;
ac36 : 00000000;
ac37 : 00000000;
ac38 : 00000000;
ac39 : 00000000;
ac3a : 00000000;
ac3b : 00000000;
ac3c : 00000000;
ac3d : 00000000;
ac3e : 00000000;
ac3f : 00000000;
ac40 : 00000000;
ac41 : 00000000;
ac42 : 00000000;
ac43 : 00000000;
ac44 : 00000000;
ac45 : 00000000;
ac46 : 00000000;
ac47 : 00000000;
ac48 : 00000000;
ac49 : 00000000;
ac4a : 00000000;
ac4b : 00000000;
ac4c : 00000000;
ac4d : 00000000;
ac4e : 00000000;
ac4f : 00000000;
ac50 : 00000000;
ac51 : 00000000;
ac52 : 00000000;
ac53 : 00000000;
ac54 : 00000000;
ac55 : 00000000;
ac56 : 00000000;
ac57 : 00000000;
ac58 : 00000000;
ac59 : 00000000;
ac5a : 00000000;
ac5b : 00000000;
ac5c : 00000000;
ac5d : 00000000;
ac5e : 00000000;
ac5f : 00000000;
ac60 : 00000000;
ac61 : 00000000;
ac62 : 00000000;
ac63 : 00000000;
ac64 : 00000000;
ac65 : 00000000;
ac66 : 00000000;
ac67 : 00000000;
ac68 : 00000000;
ac69 : 00000000;
ac6a : 00000000;
ac6b : 00000000;
ac6c : 00000000;
ac6d : 00000000;
ac6e : 00000000;
ac6f : 00000000;
ac70 : 00000000;
ac71 : 00000000;
ac72 : 00000000;
ac73 : 00000000;
ac74 : 00000000;
ac75 : 00000000;
ac76 : 00000000;
ac77 : 00000000;
ac78 : 00000000;
ac79 : 00000000;
ac7a : 00000000;
ac7b : 00000000;
ac7c : 00000000;
ac7d : 00000000;
ac7e : 00000000;
ac7f : 00000000;
ac80 : 00000000;
ac81 : 00000000;
ac82 : 00000000;
ac83 : 00000000;
ac84 : 00000000;
ac85 : 00000000;
ac86 : 00000000;
ac87 : 00000000;
ac88 : 00000000;
ac89 : 00000000;
ac8a : 00000000;
ac8b : 00000000;
ac8c : 00000000;
ac8d : 00000000;
ac8e : 00000000;
ac8f : 00000000;
ac90 : 00000000;
ac91 : 00000000;
ac92 : 00000000;
ac93 : 00000000;
ac94 : 00000000;
ac95 : 00000000;
ac96 : 00000000;
ac97 : 00000000;
ac98 : 00000000;
ac99 : 00000000;
ac9a : 00000000;
ac9b : 00000000;
ac9c : 00000000;
ac9d : 00000000;
ac9e : 00000000;
ac9f : 00000000;
aca0 : 00000000;
aca1 : 00000000;
aca2 : 00000000;
aca3 : 00000000;
aca4 : 00000000;
aca5 : 00000000;
aca6 : 00000000;
aca7 : 00000000;
aca8 : 00000000;
aca9 : 00000000;
acaa : 00000000;
acab : 00000000;
acac : 00000000;
acad : 00000000;
acae : 00000000;
acaf : 00000000;
acb0 : 00000000;
acb1 : 00000000;
acb2 : 00000000;
acb3 : 00000000;
acb4 : 00000000;
acb5 : 00000000;
acb6 : 00000000;
acb7 : 00000000;
acb8 : 00000000;
acb9 : 00000000;
acba : 00000000;
acbb : 00000000;
acbc : 00000000;
acbd : 00000000;
acbe : 00000000;
acbf : 00000000;
acc0 : 00000000;
acc1 : 00000000;
acc2 : 00000000;
acc3 : 00000000;
acc4 : 00000000;
acc5 : 00000000;
acc6 : 00000000;
acc7 : 00000000;
acc8 : 00000000;
acc9 : 00000000;
acca : 00000000;
accb : 00000000;
accc : 00000000;
accd : 00000000;
acce : 00000000;
accf : 00000000;
acd0 : 00000000;
acd1 : 00000000;
acd2 : 00000000;
acd3 : 00000000;
acd4 : 00000000;
acd5 : 00000000;
acd6 : 00000000;
acd7 : 00000000;
acd8 : 00000000;
acd9 : 00000000;
acda : 00000000;
acdb : 00000000;
acdc : 00000000;
acdd : 00000000;
acde : 00000000;
acdf : 00000000;
ace0 : 00000000;
ace1 : 00000000;
ace2 : 00000000;
ace3 : 00000000;
ace4 : 00000000;
ace5 : 00000000;
ace6 : 00000000;
ace7 : 00000000;
ace8 : 00000000;
ace9 : 00000000;
acea : 00000000;
aceb : 00000000;
acec : 00000000;
aced : 00000000;
acee : 00000000;
acef : 00000000;
acf0 : 00000000;
acf1 : 00000000;
acf2 : 00000000;
acf3 : 00000000;
acf4 : 00000000;
acf5 : 00000000;
acf6 : 00000000;
acf7 : 00000000;
acf8 : 00000000;
acf9 : 00000000;
acfa : 00000000;
acfb : 00000000;
acfc : 00000000;
acfd : 00000000;
acfe : 00000000;
acff : 00000000;
ad00 : 00000000;
ad01 : 00000000;
ad02 : 00000000;
ad03 : 00000000;
ad04 : 00000000;
ad05 : 00000000;
ad06 : 00000000;
ad07 : 00000000;
ad08 : 00000000;
ad09 : 00000000;
ad0a : 00000000;
ad0b : 00000000;
ad0c : 00000000;
ad0d : 00000000;
ad0e : 00000000;
ad0f : 00000000;
ad10 : 00000000;
ad11 : 00000000;
ad12 : 00000000;
ad13 : 00000000;
ad14 : 00000000;
ad15 : 00000000;
ad16 : 00000000;
ad17 : 00000000;
ad18 : 00000000;
ad19 : 00000000;
ad1a : 00000000;
ad1b : 00000000;
ad1c : 00000000;
ad1d : 00000000;
ad1e : 00000000;
ad1f : 00000000;
ad20 : 00000000;
ad21 : 00000000;
ad22 : 00000000;
ad23 : 00000000;
ad24 : 00000000;
ad25 : 00000000;
ad26 : 00000000;
ad27 : 00000000;
ad28 : 00000000;
ad29 : 00000000;
ad2a : 00000000;
ad2b : 00000000;
ad2c : 00000000;
ad2d : 00000000;
ad2e : 00000000;
ad2f : 00000000;
ad30 : 00000000;
ad31 : 00000000;
ad32 : 00000000;
ad33 : 00000000;
ad34 : 00000000;
ad35 : 00000000;
ad36 : 00000000;
ad37 : 00000000;
ad38 : 00000000;
ad39 : 00000000;
ad3a : 00000000;
ad3b : 00000000;
ad3c : 00000000;
ad3d : 00000000;
ad3e : 00000000;
ad3f : 00000000;
ad40 : 00000000;
ad41 : 00000000;
ad42 : 00000000;
ad43 : 00000000;
ad44 : 00000000;
ad45 : 00000000;
ad46 : 00000000;
ad47 : 00000000;
ad48 : 00000000;
ad49 : 00000000;
ad4a : 00000000;
ad4b : 00000000;
ad4c : 00000000;
ad4d : 00000000;
ad4e : 00000000;
ad4f : 00000000;
ad50 : 00000000;
ad51 : 00000000;
ad52 : 00000000;
ad53 : 00000000;
ad54 : 00000000;
ad55 : 00000000;
ad56 : 00000000;
ad57 : 00000000;
ad58 : 00000000;
ad59 : 00000000;
ad5a : 00000000;
ad5b : 00000000;
ad5c : 00000000;
ad5d : 00000000;
ad5e : 00000000;
ad5f : 00000000;
ad60 : 00000000;
ad61 : 00000000;
ad62 : 00000000;
ad63 : 00000000;
ad64 : 00000000;
ad65 : 00000000;
ad66 : 00000000;
ad67 : 00000000;
ad68 : 00000000;
ad69 : 00000000;
ad6a : 00000000;
ad6b : 00000000;
ad6c : 00000000;
ad6d : 00000000;
ad6e : 00000000;
ad6f : 00000000;
ad70 : 00000000;
ad71 : 00000000;
ad72 : 00000000;
ad73 : 00000000;
ad74 : 00000000;
ad75 : 00000000;
ad76 : 00000000;
ad77 : 00000000;
ad78 : 00000000;
ad79 : 00000000;
ad7a : 00000000;
ad7b : 00000000;
ad7c : 00000000;
ad7d : 00000000;
ad7e : 00000000;
ad7f : 00000000;
ad80 : 00000000;
ad81 : 00000000;
ad82 : 00000000;
ad83 : 00000000;
ad84 : 00000000;
ad85 : 00000000;
ad86 : 00000000;
ad87 : 00000000;
ad88 : 00000000;
ad89 : 00000000;
ad8a : 00000000;
ad8b : 00000000;
ad8c : 00000000;
ad8d : 00000000;
ad8e : 00000000;
ad8f : 00000000;
ad90 : 00000000;
ad91 : 00000000;
ad92 : 00000000;
ad93 : 00000000;
ad94 : 00000000;
ad95 : 00000000;
ad96 : 00000000;
ad97 : 00000000;
ad98 : 00000000;
ad99 : 00000000;
ad9a : 00000000;
ad9b : 00000000;
ad9c : 00000000;
ad9d : 00000000;
ad9e : 00000000;
ad9f : 00000000;
ada0 : 00000000;
ada1 : 00000000;
ada2 : 00000000;
ada3 : 00000000;
ada4 : 00000000;
ada5 : 00000000;
ada6 : 00000000;
ada7 : 00000000;
ada8 : 00000000;
ada9 : 00000000;
adaa : 00000000;
adab : 00000000;
adac : 00000000;
adad : 00000000;
adae : 00000000;
adaf : 00000000;
adb0 : 00000000;
adb1 : 00000000;
adb2 : 00000000;
adb3 : 00000000;
adb4 : 00000000;
adb5 : 00000000;
adb6 : 00000000;
adb7 : 00000000;
adb8 : 00000000;
adb9 : 00000000;
adba : 00000000;
adbb : 00000000;
adbc : 00000000;
adbd : 00000000;
adbe : 00000000;
adbf : 00000000;
adc0 : 00000000;
adc1 : 00000000;
adc2 : 00000000;
adc3 : 00000000;
adc4 : 00000000;
adc5 : 00000000;
adc6 : 00000000;
adc7 : 00000000;
adc8 : 00000000;
adc9 : 00000000;
adca : 00000000;
adcb : 00000000;
adcc : 00000000;
adcd : 00000000;
adce : 00000000;
adcf : 00000000;
add0 : 00000000;
add1 : 00000000;
add2 : 00000000;
add3 : 00000000;
add4 : 00000000;
add5 : 00000000;
add6 : 00000000;
add7 : 00000000;
add8 : 00000000;
add9 : 00000000;
adda : 00000000;
addb : 00000000;
addc : 00000000;
addd : 00000000;
adde : 00000000;
addf : 00000000;
ade0 : 00000000;
ade1 : 00000000;
ade2 : 00000000;
ade3 : 00000000;
ade4 : 00000000;
ade5 : 00000000;
ade6 : 00000000;
ade7 : 00000000;
ade8 : 00000000;
ade9 : 00000000;
adea : 00000000;
adeb : 00000000;
adec : 00000000;
aded : 00000000;
adee : 00000000;
adef : 00000000;
adf0 : 00000000;
adf1 : 00000000;
adf2 : 00000000;
adf3 : 00000000;
adf4 : 00000000;
adf5 : 00000000;
adf6 : 00000000;
adf7 : 00000000;
adf8 : 00000000;
adf9 : 00000000;
adfa : 00000000;
adfb : 00000000;
adfc : 00000000;
adfd : 00000000;
adfe : 00000000;
adff : 00000000;
ae00 : 00000000;
ae01 : 00000000;
ae02 : 00000000;
ae03 : 00000000;
ae04 : 00000000;
ae05 : 00000000;
ae06 : 00000000;
ae07 : 00000000;
ae08 : 00000000;
ae09 : 00000000;
ae0a : 00000000;
ae0b : 00000000;
ae0c : 00000000;
ae0d : 00000000;
ae0e : 00000000;
ae0f : 00000000;
ae10 : 00000000;
ae11 : 00000000;
ae12 : 00000000;
ae13 : 00000000;
ae14 : 00000000;
ae15 : 00000000;
ae16 : 00000000;
ae17 : 00000000;
ae18 : 00000000;
ae19 : 00000000;
ae1a : 00000000;
ae1b : 00000000;
ae1c : 00000000;
ae1d : 00000000;
ae1e : 00000000;
ae1f : 00000000;
ae20 : 00000000;
ae21 : 00000000;
ae22 : 00000000;
ae23 : 00000000;
ae24 : 00000000;
ae25 : 00000000;
ae26 : 00000000;
ae27 : 00000000;
ae28 : 00000000;
ae29 : 00000000;
ae2a : 00000000;
ae2b : 00000000;
ae2c : 00000000;
ae2d : 00000000;
ae2e : 00000000;
ae2f : 00000000;
ae30 : 00000000;
ae31 : 00000000;
ae32 : 00000000;
ae33 : 00000000;
ae34 : 00000000;
ae35 : 00000000;
ae36 : 00000000;
ae37 : 00000000;
ae38 : 00000000;
ae39 : 00000000;
ae3a : 00000000;
ae3b : 00000000;
ae3c : 00000000;
ae3d : 00000000;
ae3e : 00000000;
ae3f : 00000000;
ae40 : 00000000;
ae41 : 00000000;
ae42 : 00000000;
ae43 : 00000000;
ae44 : 00000000;
ae45 : 00000000;
ae46 : 00000000;
ae47 : 00000000;
ae48 : 00000000;
ae49 : 00000000;
ae4a : 00000000;
ae4b : 00000000;
ae4c : 00000000;
ae4d : 00000000;
ae4e : 00000000;
ae4f : 00000000;
ae50 : 00000000;
ae51 : 00000000;
ae52 : 00000000;
ae53 : 00000000;
ae54 : 00000000;
ae55 : 00000000;
ae56 : 00000000;
ae57 : 00000000;
ae58 : 00000000;
ae59 : 00000000;
ae5a : 00000000;
ae5b : 00000000;
ae5c : 00000000;
ae5d : 00000000;
ae5e : 00000000;
ae5f : 00000000;
ae60 : 00000000;
ae61 : 00000000;
ae62 : 00000000;
ae63 : 00000000;
ae64 : 00000000;
ae65 : 00000000;
ae66 : 00000000;
ae67 : 00000000;
ae68 : 00000000;
ae69 : 00000000;
ae6a : 00000000;
ae6b : 00000000;
ae6c : 00000000;
ae6d : 00000000;
ae6e : 00000000;
ae6f : 00000000;
ae70 : 00000000;
ae71 : 00000000;
ae72 : 00000000;
ae73 : 00000000;
ae74 : 00000000;
ae75 : 00000000;
ae76 : 00000000;
ae77 : 00000000;
ae78 : 00000000;
ae79 : 00000000;
ae7a : 00000000;
ae7b : 00000000;
ae7c : 00000000;
ae7d : 00000000;
ae7e : 00000000;
ae7f : 00000000;
ae80 : 00000000;
ae81 : 00000000;
ae82 : 00000000;
ae83 : 00000000;
ae84 : 00000000;
ae85 : 00000000;
ae86 : 00000000;
ae87 : 00000000;
ae88 : 00000000;
ae89 : 00000000;
ae8a : 00000000;
ae8b : 00000000;
ae8c : 00000000;
ae8d : 00000000;
ae8e : 00000000;
ae8f : 00000000;
ae90 : 00000000;
ae91 : 00000000;
ae92 : 00000000;
ae93 : 00000000;
ae94 : 00000000;
ae95 : 00000000;
ae96 : 00000000;
ae97 : 00000000;
ae98 : 00000000;
ae99 : 00000000;
ae9a : 00000000;
ae9b : 00000000;
ae9c : 00000000;
ae9d : 00000000;
ae9e : 00000000;
ae9f : 00000000;
aea0 : 00000000;
aea1 : 00000000;
aea2 : 00000000;
aea3 : 00000000;
aea4 : 00000000;
aea5 : 00000000;
aea6 : 00000000;
aea7 : 00000000;
aea8 : 00000000;
aea9 : 00000000;
aeaa : 00000000;
aeab : 00000000;
aeac : 00000000;
aead : 00000000;
aeae : 00000000;
aeaf : 00000000;
aeb0 : 00000000;
aeb1 : 00000000;
aeb2 : 00000000;
aeb3 : 00000000;
aeb4 : 00000000;
aeb5 : 00000000;
aeb6 : 00000000;
aeb7 : 00000000;
aeb8 : 00000000;
aeb9 : 00000000;
aeba : 00000000;
aebb : 00000000;
aebc : 00000000;
aebd : 00000000;
aebe : 00000000;
aebf : 00000000;
aec0 : 00000000;
aec1 : 00000000;
aec2 : 00000000;
aec3 : 00000000;
aec4 : 00000000;
aec5 : 00000000;
aec6 : 00000000;
aec7 : 00000000;
aec8 : 00000000;
aec9 : 00000000;
aeca : 00000000;
aecb : 00000000;
aecc : 00000000;
aecd : 00000000;
aece : 00000000;
aecf : 00000000;
aed0 : 00000000;
aed1 : 00000000;
aed2 : 00000000;
aed3 : 00000000;
aed4 : 00000000;
aed5 : 00000000;
aed6 : 00000000;
aed7 : 00000000;
aed8 : 00000000;
aed9 : 00000000;
aeda : 00000000;
aedb : 00000000;
aedc : 00000000;
aedd : 00000000;
aede : 00000000;
aedf : 00000000;
aee0 : 00000000;
aee1 : 00000000;
aee2 : 00000000;
aee3 : 00000000;
aee4 : 00000000;
aee5 : 00000000;
aee6 : 00000000;
aee7 : 00000000;
aee8 : 00000000;
aee9 : 00000000;
aeea : 00000000;
aeeb : 00000000;
aeec : 00000000;
aeed : 00000000;
aeee : 00000000;
aeef : 00000000;
aef0 : 00000000;
aef1 : 00000000;
aef2 : 00000000;
aef3 : 00000000;
aef4 : 00000000;
aef5 : 00000000;
aef6 : 00000000;
aef7 : 00000000;
aef8 : 00000000;
aef9 : 00000000;
aefa : 00000000;
aefb : 00000000;
aefc : 00000000;
aefd : 00000000;
aefe : 00000000;
aeff : 00000000;
af00 : 00000000;
af01 : 00000000;
af02 : 00000000;
af03 : 00000000;
af04 : 00000000;
af05 : 00000000;
af06 : 00000000;
af07 : 00000000;
af08 : 00000000;
af09 : 00000000;
af0a : 00000000;
af0b : 00000000;
af0c : 00000000;
af0d : 00000000;
af0e : 00000000;
af0f : 00000000;
af10 : 00000000;
af11 : 00000000;
af12 : 00000000;
af13 : 00000000;
af14 : 00000000;
af15 : 00000000;
af16 : 00000000;
af17 : 00000000;
af18 : 00000000;
af19 : 00000000;
af1a : 00000000;
af1b : 00000000;
af1c : 00000000;
af1d : 00000000;
af1e : 00000000;
af1f : 00000000;
af20 : 00000000;
af21 : 00000000;
af22 : 00000000;
af23 : 00000000;
af24 : 00000000;
af25 : 00000000;
af26 : 00000000;
af27 : 00000000;
af28 : 00000000;
af29 : 00000000;
af2a : 00000000;
af2b : 00000000;
af2c : 00000000;
af2d : 00000000;
af2e : 00000000;
af2f : 00000000;
af30 : 00000000;
af31 : 00000000;
af32 : 00000000;
af33 : 00000000;
af34 : 00000000;
af35 : 00000000;
af36 : 00000000;
af37 : 00000000;
af38 : 00000000;
af39 : 00000000;
af3a : 00000000;
af3b : 00000000;
af3c : 00000000;
af3d : 00000000;
af3e : 00000000;
af3f : 00000000;
af40 : 00000000;
af41 : 00000000;
af42 : 00000000;
af43 : 00000000;
af44 : 00000000;
af45 : 00000000;
af46 : 00000000;
af47 : 00000000;
af48 : 00000000;
af49 : 00000000;
af4a : 00000000;
af4b : 00000000;
af4c : 00000000;
af4d : 00000000;
af4e : 00000000;
af4f : 00000000;
af50 : 00000000;
af51 : 00000000;
af52 : 00000000;
af53 : 00000000;
af54 : 00000000;
af55 : 00000000;
af56 : 00000000;
af57 : 00000000;
af58 : 00000000;
af59 : 00000000;
af5a : 00000000;
af5b : 00000000;
af5c : 00000000;
af5d : 00000000;
af5e : 00000000;
af5f : 00000000;
af60 : 00000000;
af61 : 00000000;
af62 : 00000000;
af63 : 00000000;
af64 : 00000000;
af65 : 00000000;
af66 : 00000000;
af67 : 00000000;
af68 : 00000000;
af69 : 00000000;
af6a : 00000000;
af6b : 00000000;
af6c : 00000000;
af6d : 00000000;
af6e : 00000000;
af6f : 00000000;
af70 : 00000000;
af71 : 00000000;
af72 : 00000000;
af73 : 00000000;
af74 : 00000000;
af75 : 00000000;
af76 : 00000000;
af77 : 00000000;
af78 : 00000000;
af79 : 00000000;
af7a : 00000000;
af7b : 00000000;
af7c : 00000000;
af7d : 00000000;
af7e : 00000000;
af7f : 00000000;
af80 : 00000000;
af81 : 00000000;
af82 : 00000000;
af83 : 00000000;
af84 : 00000000;
af85 : 00000000;
af86 : 00000000;
af87 : 00000000;
af88 : 00000000;
af89 : 00000000;
af8a : 00000000;
af8b : 00000000;
af8c : 00000000;
af8d : 00000000;
af8e : 00000000;
af8f : 00000000;
af90 : 00000000;
af91 : 00000000;
af92 : 00000000;
af93 : 00000000;
af94 : 00000000;
af95 : 00000000;
af96 : 00000000;
af97 : 00000000;
af98 : 00000000;
af99 : 00000000;
af9a : 00000000;
af9b : 00000000;
af9c : 00000000;
af9d : 00000000;
af9e : 00000000;
af9f : 00000000;
afa0 : 00000000;
afa1 : 00000000;
afa2 : 00000000;
afa3 : 00000000;
afa4 : 00000000;
afa5 : 00000000;
afa6 : 00000000;
afa7 : 00000000;
afa8 : 00000000;
afa9 : 00000000;
afaa : 00000000;
afab : 00000000;
afac : 00000000;
afad : 00000000;
afae : 00000000;
afaf : 00000000;
afb0 : 00000000;
afb1 : 00000000;
afb2 : 00000000;
afb3 : 00000000;
afb4 : 00000000;
afb5 : 00000000;
afb6 : 00000000;
afb7 : 00000000;
afb8 : 00000000;
afb9 : 00000000;
afba : 00000000;
afbb : 00000000;
afbc : 00000000;
afbd : 00000000;
afbe : 00000000;
afbf : 00000000;
afc0 : 00000000;
afc1 : 00000000;
afc2 : 00000000;
afc3 : 00000000;
afc4 : 00000000;
afc5 : 00000000;
afc6 : 00000000;
afc7 : 00000000;
afc8 : 00000000;
afc9 : 00000000;
afca : 00000000;
afcb : 00000000;
afcc : 00000000;
afcd : 00000000;
afce : 00000000;
afcf : 00000000;
afd0 : 00000000;
afd1 : 00000000;
afd2 : 00000000;
afd3 : 00000000;
afd4 : 00000000;
afd5 : 00000000;
afd6 : 00000000;
afd7 : 00000000;
afd8 : 00000000;
afd9 : 00000000;
afda : 00000000;
afdb : 00000000;
afdc : 00000000;
afdd : 00000000;
afde : 00000000;
afdf : 00000000;
afe0 : 00000000;
afe1 : 00000000;
afe2 : 00000000;
afe3 : 00000000;
afe4 : 00000000;
afe5 : 00000000;
afe6 : 00000000;
afe7 : 00000000;
afe8 : 00000000;
afe9 : 00000000;
afea : 00000000;
afeb : 00000000;
afec : 00000000;
afed : 00000000;
afee : 00000000;
afef : 00000000;
aff0 : 00000000;
aff1 : 00000000;
aff2 : 00000000;
aff3 : 00000000;
aff4 : 00000000;
aff5 : 00000000;
aff6 : 00000000;
aff7 : 00000000;
aff8 : 00000000;
aff9 : 00000000;
affa : 00000000;
affb : 00000000;
affc : 00000000;
affd : 00000000;
affe : 00000000;
afff : 00000000;
b000 : 00000000;
b001 : 00000000;
b002 : 00000000;
b003 : 00000000;
b004 : 00000000;
b005 : 00000000;
b006 : 00000000;
b007 : 00000000;
b008 : 00000000;
b009 : 00000000;
b00a : 00000000;
b00b : 00000000;
b00c : 00000000;
b00d : 00000000;
b00e : 00000000;
b00f : 00000000;
b010 : 00000000;
b011 : 00000000;
b012 : 00000000;
b013 : 00000000;
b014 : 00000000;
b015 : 00000000;
b016 : 00000000;
b017 : 00000000;
b018 : 00000000;
b019 : 00000000;
b01a : 00000000;
b01b : 00000000;
b01c : 00000000;
b01d : 00000000;
b01e : 00000000;
b01f : 00000000;
b020 : 00000000;
b021 : 00000000;
b022 : 00000000;
b023 : 00000000;
b024 : 00000000;
b025 : 00000000;
b026 : 00000000;
b027 : 00000000;
b028 : 00000000;
b029 : 00000000;
b02a : 00000000;
b02b : 00000000;
b02c : 00000000;
b02d : 00000000;
b02e : 00000000;
b02f : 00000000;
b030 : 00000000;
b031 : 00000000;
b032 : 00000000;
b033 : 00000000;
b034 : 00000000;
b035 : 00000000;
b036 : 00000000;
b037 : 00000000;
b038 : 00000000;
b039 : 00000000;
b03a : 00000000;
b03b : 00000000;
b03c : 00000000;
b03d : 00000000;
b03e : 00000000;
b03f : 00000000;
b040 : 00000000;
b041 : 00000000;
b042 : 00000000;
b043 : 00000000;
b044 : 00000000;
b045 : 00000000;
b046 : 00000000;
b047 : 00000000;
b048 : 00000000;
b049 : 00000000;
b04a : 00000000;
b04b : 00000000;
b04c : 00000000;
b04d : 00000000;
b04e : 00000000;
b04f : 00000000;
b050 : 00000000;
b051 : 00000000;
b052 : 00000000;
b053 : 00000000;
b054 : 00000000;
b055 : 00000000;
b056 : 00000000;
b057 : 00000000;
b058 : 00000000;
b059 : 00000000;
b05a : 00000000;
b05b : 00000000;
b05c : 00000000;
b05d : 00000000;
b05e : 00000000;
b05f : 00000000;
b060 : 00000000;
b061 : 00000000;
b062 : 00000000;
b063 : 00000000;
b064 : 00000000;
b065 : 00000000;
b066 : 00000000;
b067 : 00000000;
b068 : 00000000;
b069 : 00000000;
b06a : 00000000;
b06b : 00000000;
b06c : 00000000;
b06d : 00000000;
b06e : 00000000;
b06f : 00000000;
b070 : 00000000;
b071 : 00000000;
b072 : 00000000;
b073 : 00000000;
b074 : 00000000;
b075 : 00000000;
b076 : 00000000;
b077 : 00000000;
b078 : 00000000;
b079 : 00000000;
b07a : 00000000;
b07b : 00000000;
b07c : 00000000;
b07d : 00000000;
b07e : 00000000;
b07f : 00000000;
b080 : 00000000;
b081 : 00000000;
b082 : 00000000;
b083 : 00000000;
b084 : 00000000;
b085 : 00000000;
b086 : 00000000;
b087 : 00000000;
b088 : 00000000;
b089 : 00000000;
b08a : 00000000;
b08b : 00000000;
b08c : 00000000;
b08d : 00000000;
b08e : 00000000;
b08f : 00000000;
b090 : 00000000;
b091 : 00000000;
b092 : 00000000;
b093 : 00000000;
b094 : 00000000;
b095 : 00000000;
b096 : 00000000;
b097 : 00000000;
b098 : 00000000;
b099 : 00000000;
b09a : 00000000;
b09b : 00000000;
b09c : 00000000;
b09d : 00000000;
b09e : 00000000;
b09f : 00000000;
b0a0 : 00000000;
b0a1 : 00000000;
b0a2 : 00000000;
b0a3 : 00000000;
b0a4 : 00000000;
b0a5 : 00000000;
b0a6 : 00000000;
b0a7 : 00000000;
b0a8 : 00000000;
b0a9 : 00000000;
b0aa : 00000000;
b0ab : 00000000;
b0ac : 00000000;
b0ad : 00000000;
b0ae : 00000000;
b0af : 00000000;
b0b0 : 00000000;
b0b1 : 00000000;
b0b2 : 00000000;
b0b3 : 00000000;
b0b4 : 00000000;
b0b5 : 00000000;
b0b6 : 00000000;
b0b7 : 00000000;
b0b8 : 00000000;
b0b9 : 00000000;
b0ba : 00000000;
b0bb : 00000000;
b0bc : 00000000;
b0bd : 00000000;
b0be : 00000000;
b0bf : 00000000;
b0c0 : 00000000;
b0c1 : 00000000;
b0c2 : 00000000;
b0c3 : 00000000;
b0c4 : 00000000;
b0c5 : 00000000;
b0c6 : 00000000;
b0c7 : 00000000;
b0c8 : 00000000;
b0c9 : 00000000;
b0ca : 00000000;
b0cb : 00000000;
b0cc : 00000000;
b0cd : 00000000;
b0ce : 00000000;
b0cf : 00000000;
b0d0 : 00000000;
b0d1 : 00000000;
b0d2 : 00000000;
b0d3 : 00000000;
b0d4 : 00000000;
b0d5 : 00000000;
b0d6 : 00000000;
b0d7 : 00000000;
b0d8 : 00000000;
b0d9 : 00000000;
b0da : 00000000;
b0db : 00000000;
b0dc : 00000000;
b0dd : 00000000;
b0de : 00000000;
b0df : 00000000;
b0e0 : 00000000;
b0e1 : 00000000;
b0e2 : 00000000;
b0e3 : 00000000;
b0e4 : 00000000;
b0e5 : 00000000;
b0e6 : 00000000;
b0e7 : 00000000;
b0e8 : 00000000;
b0e9 : 00000000;
b0ea : 00000000;
b0eb : 00000000;
b0ec : 00000000;
b0ed : 00000000;
b0ee : 00000000;
b0ef : 00000000;
b0f0 : 00000000;
b0f1 : 00000000;
b0f2 : 00000000;
b0f3 : 00000000;
b0f4 : 00000000;
b0f5 : 00000000;
b0f6 : 00000000;
b0f7 : 00000000;
b0f8 : 00000000;
b0f9 : 00000000;
b0fa : 00000000;
b0fb : 00000000;
b0fc : 00000000;
b0fd : 00000000;
b0fe : 00000000;
b0ff : 00000000;
b100 : 00000000;
b101 : 00000000;
b102 : 00000000;
b103 : 00000000;
b104 : 00000000;
b105 : 00000000;
b106 : 00000000;
b107 : 00000000;
b108 : 00000000;
b109 : 00000000;
b10a : 00000000;
b10b : 00000000;
b10c : 00000000;
b10d : 00000000;
b10e : 00000000;
b10f : 00000000;
b110 : 00000000;
b111 : 00000000;
b112 : 00000000;
b113 : 00000000;
b114 : 00000000;
b115 : 00000000;
b116 : 00000000;
b117 : 00000000;
b118 : 00000000;
b119 : 00000000;
b11a : 00000000;
b11b : 00000000;
b11c : 00000000;
b11d : 00000000;
b11e : 00000000;
b11f : 00000000;
b120 : 00000000;
b121 : 00000000;
b122 : 00000000;
b123 : 00000000;
b124 : 00000000;
b125 : 00000000;
b126 : 00000000;
b127 : 00000000;
b128 : 00000000;
b129 : 00000000;
b12a : 00000000;
b12b : 00000000;
b12c : 00000000;
b12d : 00000000;
b12e : 00000000;
b12f : 00000000;
b130 : 00000000;
b131 : 00000000;
b132 : 00000000;
b133 : 00000000;
b134 : 00000000;
b135 : 00000000;
b136 : 00000000;
b137 : 00000000;
b138 : 00000000;
b139 : 00000000;
b13a : 00000000;
b13b : 00000000;
b13c : 00000000;
b13d : 00000000;
b13e : 00000000;
b13f : 00000000;
b140 : 00000000;
b141 : 00000000;
b142 : 00000000;
b143 : 00000000;
b144 : 00000000;
b145 : 00000000;
b146 : 00000000;
b147 : 00000000;
b148 : 00000000;
b149 : 00000000;
b14a : 00000000;
b14b : 00000000;
b14c : 00000000;
b14d : 00000000;
b14e : 00000000;
b14f : 00000000;
b150 : 00000000;
b151 : 00000000;
b152 : 00000000;
b153 : 00000000;
b154 : 00000000;
b155 : 00000000;
b156 : 00000000;
b157 : 00000000;
b158 : 00000000;
b159 : 00000000;
b15a : 00000000;
b15b : 00000000;
b15c : 00000000;
b15d : 00000000;
b15e : 00000000;
b15f : 00000000;
b160 : 00000000;
b161 : 00000000;
b162 : 00000000;
b163 : 00000000;
b164 : 00000000;
b165 : 00000000;
b166 : 00000000;
b167 : 00000000;
b168 : 00000000;
b169 : 00000000;
b16a : 00000000;
b16b : 00000000;
b16c : 00000000;
b16d : 00000000;
b16e : 00000000;
b16f : 00000000;
b170 : 00000000;
b171 : 00000000;
b172 : 00000000;
b173 : 00000000;
b174 : 00000000;
b175 : 00000000;
b176 : 00000000;
b177 : 00000000;
b178 : 00000000;
b179 : 00000000;
b17a : 00000000;
b17b : 00000000;
b17c : 00000000;
b17d : 00000000;
b17e : 00000000;
b17f : 00000000;
b180 : 00000000;
b181 : 00000000;
b182 : 00000000;
b183 : 00000000;
b184 : 00000000;
b185 : 00000000;
b186 : 00000000;
b187 : 00000000;
b188 : 00000000;
b189 : 00000000;
b18a : 00000000;
b18b : 00000000;
b18c : 00000000;
b18d : 00000000;
b18e : 00000000;
b18f : 00000000;
b190 : 00000000;
b191 : 00000000;
b192 : 00000000;
b193 : 00000000;
b194 : 00000000;
b195 : 00000000;
b196 : 00000000;
b197 : 00000000;
b198 : 00000000;
b199 : 00000000;
b19a : 00000000;
b19b : 00000000;
b19c : 00000000;
b19d : 00000000;
b19e : 00000000;
b19f : 00000000;
b1a0 : 00000000;
b1a1 : 00000000;
b1a2 : 00000000;
b1a3 : 00000000;
b1a4 : 00000000;
b1a5 : 00000000;
b1a6 : 00000000;
b1a7 : 00000000;
b1a8 : 00000000;
b1a9 : 00000000;
b1aa : 00000000;
b1ab : 00000000;
b1ac : 00000000;
b1ad : 00000000;
b1ae : 00000000;
b1af : 00000000;
b1b0 : 00000000;
b1b1 : 00000000;
b1b2 : 00000000;
b1b3 : 00000000;
b1b4 : 00000000;
b1b5 : 00000000;
b1b6 : 00000000;
b1b7 : 00000000;
b1b8 : 00000000;
b1b9 : 00000000;
b1ba : 00000000;
b1bb : 00000000;
b1bc : 00000000;
b1bd : 00000000;
b1be : 00000000;
b1bf : 00000000;
b1c0 : 00000000;
b1c1 : 00000000;
b1c2 : 00000000;
b1c3 : 00000000;
b1c4 : 00000000;
b1c5 : 00000000;
b1c6 : 00000000;
b1c7 : 00000000;
b1c8 : 00000000;
b1c9 : 00000000;
b1ca : 00000000;
b1cb : 00000000;
b1cc : 00000000;
b1cd : 00000000;
b1ce : 00000000;
b1cf : 00000000;
b1d0 : 00000000;
b1d1 : 00000000;
b1d2 : 00000000;
b1d3 : 00000000;
b1d4 : 00000000;
b1d5 : 00000000;
b1d6 : 00000000;
b1d7 : 00000000;
b1d8 : 00000000;
b1d9 : 00000000;
b1da : 00000000;
b1db : 00000000;
b1dc : 00000000;
b1dd : 00000000;
b1de : 00000000;
b1df : 00000000;
b1e0 : 00000000;
b1e1 : 00000000;
b1e2 : 00000000;
b1e3 : 00000000;
b1e4 : 00000000;
b1e5 : 00000000;
b1e6 : 00000000;
b1e7 : 00000000;
b1e8 : 00000000;
b1e9 : 00000000;
b1ea : 00000000;
b1eb : 00000000;
b1ec : 00000000;
b1ed : 00000000;
b1ee : 00000000;
b1ef : 00000000;
b1f0 : 00000000;
b1f1 : 00000000;
b1f2 : 00000000;
b1f3 : 00000000;
b1f4 : 00000000;
b1f5 : 00000000;
b1f6 : 00000000;
b1f7 : 00000000;
b1f8 : 00000000;
b1f9 : 00000000;
b1fa : 00000000;
b1fb : 00000000;
b1fc : 00000000;
b1fd : 00000000;
b1fe : 00000000;
b1ff : 00000000;
b200 : 00000000;
b201 : 00000000;
b202 : 00000000;
b203 : 00000000;
b204 : 00000000;
b205 : 00000000;
b206 : 00000000;
b207 : 00000000;
b208 : 00000000;
b209 : 00000000;
b20a : 00000000;
b20b : 00000000;
b20c : 00000000;
b20d : 00000000;
b20e : 00000000;
b20f : 00000000;
b210 : 00000000;
b211 : 00000000;
b212 : 00000000;
b213 : 00000000;
b214 : 00000000;
b215 : 00000000;
b216 : 00000000;
b217 : 00000000;
b218 : 00000000;
b219 : 00000000;
b21a : 00000000;
b21b : 00000000;
b21c : 00000000;
b21d : 00000000;
b21e : 00000000;
b21f : 00000000;
b220 : 00000000;
b221 : 00000000;
b222 : 00000000;
b223 : 00000000;
b224 : 00000000;
b225 : 00000000;
b226 : 00000000;
b227 : 00000000;
b228 : 00000000;
b229 : 00000000;
b22a : 00000000;
b22b : 00000000;
b22c : 00000000;
b22d : 00000000;
b22e : 00000000;
b22f : 00000000;
b230 : 00000000;
b231 : 00000000;
b232 : 00000000;
b233 : 00000000;
b234 : 00000000;
b235 : 00000000;
b236 : 00000000;
b237 : 00000000;
b238 : 00000000;
b239 : 00000000;
b23a : 00000000;
b23b : 00000000;
b23c : 00000000;
b23d : 00000000;
b23e : 00000000;
b23f : 00000000;
b240 : 00000000;
b241 : 00000000;
b242 : 00000000;
b243 : 00000000;
b244 : 00000000;
b245 : 00000000;
b246 : 00000000;
b247 : 00000000;
b248 : 00000000;
b249 : 00000000;
b24a : 00000000;
b24b : 00000000;
b24c : 00000000;
b24d : 00000000;
b24e : 00000000;
b24f : 00000000;
b250 : 00000000;
b251 : 00000000;
b252 : 00000000;
b253 : 00000000;
b254 : 00000000;
b255 : 00000000;
b256 : 00000000;
b257 : 00000000;
b258 : 00000000;
b259 : 00000000;
b25a : 00000000;
b25b : 00000000;
b25c : 00000000;
b25d : 00000000;
b25e : 00000000;
b25f : 00000000;
b260 : 00000000;
b261 : 00000000;
b262 : 00000000;
b263 : 00000000;
b264 : 00000000;
b265 : 00000000;
b266 : 00000000;
b267 : 00000000;
b268 : 00000000;
b269 : 00000000;
b26a : 00000000;
b26b : 00000000;
b26c : 00000000;
b26d : 00000000;
b26e : 00000000;
b26f : 00000000;
b270 : 00000000;
b271 : 00000000;
b272 : 00000000;
b273 : 00000000;
b274 : 00000000;
b275 : 00000000;
b276 : 00000000;
b277 : 00000000;
b278 : 00000000;
b279 : 00000000;
b27a : 00000000;
b27b : 00000000;
b27c : 00000000;
b27d : 00000000;
b27e : 00000000;
b27f : 00000000;
b280 : 00000000;
b281 : 00000000;
b282 : 00000000;
b283 : 00000000;
b284 : 00000000;
b285 : 00000000;
b286 : 00000000;
b287 : 00000000;
b288 : 00000000;
b289 : 00000000;
b28a : 00000000;
b28b : 00000000;
b28c : 00000000;
b28d : 00000000;
b28e : 00000000;
b28f : 00000000;
b290 : 00000000;
b291 : 00000000;
b292 : 00000000;
b293 : 00000000;
b294 : 00000000;
b295 : 00000000;
b296 : 00000000;
b297 : 00000000;
b298 : 00000000;
b299 : 00000000;
b29a : 00000000;
b29b : 00000000;
b29c : 00000000;
b29d : 00000000;
b29e : 00000000;
b29f : 00000000;
b2a0 : 00000000;
b2a1 : 00000000;
b2a2 : 00000000;
b2a3 : 00000000;
b2a4 : 00000000;
b2a5 : 00000000;
b2a6 : 00000000;
b2a7 : 00000000;
b2a8 : 00000000;
b2a9 : 00000000;
b2aa : 00000000;
b2ab : 00000000;
b2ac : 00000000;
b2ad : 00000000;
b2ae : 00000000;
b2af : 00000000;
b2b0 : 00000000;
b2b1 : 00000000;
b2b2 : 00000000;
b2b3 : 00000000;
b2b4 : 00000000;
b2b5 : 00000000;
b2b6 : 00000000;
b2b7 : 00000000;
b2b8 : 00000000;
b2b9 : 00000000;
b2ba : 00000000;
b2bb : 00000000;
b2bc : 00000000;
b2bd : 00000000;
b2be : 00000000;
b2bf : 00000000;
b2c0 : 00000000;
b2c1 : 00000000;
b2c2 : 00000000;
b2c3 : 00000000;
b2c4 : 00000000;
b2c5 : 00000000;
b2c6 : 00000000;
b2c7 : 00000000;
b2c8 : 00000000;
b2c9 : 00000000;
b2ca : 00000000;
b2cb : 00000000;
b2cc : 00000000;
b2cd : 00000000;
b2ce : 00000000;
b2cf : 00000000;
b2d0 : 00000000;
b2d1 : 00000000;
b2d2 : 00000000;
b2d3 : 00000000;
b2d4 : 00000000;
b2d5 : 00000000;
b2d6 : 00000000;
b2d7 : 00000000;
b2d8 : 00000000;
b2d9 : 00000000;
b2da : 00000000;
b2db : 00000000;
b2dc : 00000000;
b2dd : 00000000;
b2de : 00000000;
b2df : 00000000;
b2e0 : 00000000;
b2e1 : 00000000;
b2e2 : 00000000;
b2e3 : 00000000;
b2e4 : 00000000;
b2e5 : 00000000;
b2e6 : 00000000;
b2e7 : 00000000;
b2e8 : 00000000;
b2e9 : 00000000;
b2ea : 00000000;
b2eb : 00000000;
b2ec : 00000000;
b2ed : 00000000;
b2ee : 00000000;
b2ef : 00000000;
b2f0 : 00000000;
b2f1 : 00000000;
b2f2 : 00000000;
b2f3 : 00000000;
b2f4 : 00000000;
b2f5 : 00000000;
b2f6 : 00000000;
b2f7 : 00000000;
b2f8 : 00000000;
b2f9 : 00000000;
b2fa : 00000000;
b2fb : 00000000;
b2fc : 00000000;
b2fd : 00000000;
b2fe : 00000000;
b2ff : 00000000;
b300 : 00000000;
b301 : 00000000;
b302 : 00000000;
b303 : 00000000;
b304 : 00000000;
b305 : 00000000;
b306 : 00000000;
b307 : 00000000;
b308 : 00000000;
b309 : 00000000;
b30a : 00000000;
b30b : 00000000;
b30c : 00000000;
b30d : 00000000;
b30e : 00000000;
b30f : 00000000;
b310 : 00000000;
b311 : 00000000;
b312 : 00000000;
b313 : 00000000;
b314 : 00000000;
b315 : 00000000;
b316 : 00000000;
b317 : 00000000;
b318 : 00000000;
b319 : 00000000;
b31a : 00000000;
b31b : 00000000;
b31c : 00000000;
b31d : 00000000;
b31e : 00000000;
b31f : 00000000;
b320 : 00000000;
b321 : 00000000;
b322 : 00000000;
b323 : 00000000;
b324 : 00000000;
b325 : 00000000;
b326 : 00000000;
b327 : 00000000;
b328 : 00000000;
b329 : 00000000;
b32a : 00000000;
b32b : 00000000;
b32c : 00000000;
b32d : 00000000;
b32e : 00000000;
b32f : 00000000;
b330 : 00000000;
b331 : 00000000;
b332 : 00000000;
b333 : 00000000;
b334 : 00000000;
b335 : 00000000;
b336 : 00000000;
b337 : 00000000;
b338 : 00000000;
b339 : 00000000;
b33a : 00000000;
b33b : 00000000;
b33c : 00000000;
b33d : 00000000;
b33e : 00000000;
b33f : 00000000;
b340 : 00000000;
b341 : 00000000;
b342 : 00000000;
b343 : 00000000;
b344 : 00000000;
b345 : 00000000;
b346 : 00000000;
b347 : 00000000;
b348 : 00000000;
b349 : 00000000;
b34a : 00000000;
b34b : 00000000;
b34c : 00000000;
b34d : 00000000;
b34e : 00000000;
b34f : 00000000;
b350 : 00000000;
b351 : 00000000;
b352 : 00000000;
b353 : 00000000;
b354 : 00000000;
b355 : 00000000;
b356 : 00000000;
b357 : 00000000;
b358 : 00000000;
b359 : 00000000;
b35a : 00000000;
b35b : 00000000;
b35c : 00000000;
b35d : 00000000;
b35e : 00000000;
b35f : 00000000;
b360 : 00000000;
b361 : 00000000;
b362 : 00000000;
b363 : 00000000;
b364 : 00000000;
b365 : 00000000;
b366 : 00000000;
b367 : 00000000;
b368 : 00000000;
b369 : 00000000;
b36a : 00000000;
b36b : 00000000;
b36c : 00000000;
b36d : 00000000;
b36e : 00000000;
b36f : 00000000;
b370 : 00000000;
b371 : 00000000;
b372 : 00000000;
b373 : 00000000;
b374 : 00000000;
b375 : 00000000;
b376 : 00000000;
b377 : 00000000;
b378 : 00000000;
b379 : 00000000;
b37a : 00000000;
b37b : 00000000;
b37c : 00000000;
b37d : 00000000;
b37e : 00000000;
b37f : 00000000;
b380 : 00000000;
b381 : 00000000;
b382 : 00000000;
b383 : 00000000;
b384 : 00000000;
b385 : 00000000;
b386 : 00000000;
b387 : 00000000;
b388 : 00000000;
b389 : 00000000;
b38a : 00000000;
b38b : 00000000;
b38c : 00000000;
b38d : 00000000;
b38e : 00000000;
b38f : 00000000;
b390 : 00000000;
b391 : 00000000;
b392 : 00000000;
b393 : 00000000;
b394 : 00000000;
b395 : 00000000;
b396 : 00000000;
b397 : 00000000;
b398 : 00000000;
b399 : 00000000;
b39a : 00000000;
b39b : 00000000;
b39c : 00000000;
b39d : 00000000;
b39e : 00000000;
b39f : 00000000;
b3a0 : 00000000;
b3a1 : 00000000;
b3a2 : 00000000;
b3a3 : 00000000;
b3a4 : 00000000;
b3a5 : 00000000;
b3a6 : 00000000;
b3a7 : 00000000;
b3a8 : 00000000;
b3a9 : 00000000;
b3aa : 00000000;
b3ab : 00000000;
b3ac : 00000000;
b3ad : 00000000;
b3ae : 00000000;
b3af : 00000000;
b3b0 : 00000000;
b3b1 : 00000000;
b3b2 : 00000000;
b3b3 : 00000000;
b3b4 : 00000000;
b3b5 : 00000000;
b3b6 : 00000000;
b3b7 : 00000000;
b3b8 : 00000000;
b3b9 : 00000000;
b3ba : 00000000;
b3bb : 00000000;
b3bc : 00000000;
b3bd : 00000000;
b3be : 00000000;
b3bf : 00000000;
b3c0 : 00000000;
b3c1 : 00000000;
b3c2 : 00000000;
b3c3 : 00000000;
b3c4 : 00000000;
b3c5 : 00000000;
b3c6 : 00000000;
b3c7 : 00000000;
b3c8 : 00000000;
b3c9 : 00000000;
b3ca : 00000000;
b3cb : 00000000;
b3cc : 00000000;
b3cd : 00000000;
b3ce : 00000000;
b3cf : 00000000;
b3d0 : 00000000;
b3d1 : 00000000;
b3d2 : 00000000;
b3d3 : 00000000;
b3d4 : 00000000;
b3d5 : 00000000;
b3d6 : 00000000;
b3d7 : 00000000;
b3d8 : 00000000;
b3d9 : 00000000;
b3da : 00000000;
b3db : 00000000;
b3dc : 00000000;
b3dd : 00000000;
b3de : 00000000;
b3df : 00000000;
b3e0 : 00000000;
b3e1 : 00000000;
b3e2 : 00000000;
b3e3 : 00000000;
b3e4 : 00000000;
b3e5 : 00000000;
b3e6 : 00000000;
b3e7 : 00000000;
b3e8 : 00000000;
b3e9 : 00000000;
b3ea : 00000000;
b3eb : 00000000;
b3ec : 00000000;
b3ed : 00000000;
b3ee : 00000000;
b3ef : 00000000;
b3f0 : 00000000;
b3f1 : 00000000;
b3f2 : 00000000;
b3f3 : 00000000;
b3f4 : 00000000;
b3f5 : 00000000;
b3f6 : 00000000;
b3f7 : 00000000;
b3f8 : 00000000;
b3f9 : 00000000;
b3fa : 00000000;
b3fb : 00000000;
b3fc : 00000000;
b3fd : 00000000;
b3fe : 00000000;
b3ff : 00000000;
b400 : 00000000;
b401 : 00000000;
b402 : 00000000;
b403 : 00000000;
b404 : 00000000;
b405 : 00000000;
b406 : 00000000;
b407 : 00000000;
b408 : 00000000;
b409 : 00000000;
b40a : 00000000;
b40b : 00000000;
b40c : 00000000;
b40d : 00000000;
b40e : 00000000;
b40f : 00000000;
b410 : 00000000;
b411 : 00000000;
b412 : 00000000;
b413 : 00000000;
b414 : 00000000;
b415 : 00000000;
b416 : 00000000;
b417 : 00000000;
b418 : 00000000;
b419 : 00000000;
b41a : 00000000;
b41b : 00000000;
b41c : 00000000;
b41d : 00000000;
b41e : 00000000;
b41f : 00000000;
b420 : 00000000;
b421 : 00000000;
b422 : 00000000;
b423 : 00000000;
b424 : 00000000;
b425 : 00000000;
b426 : 00000000;
b427 : 00000000;
b428 : 00000000;
b429 : 00000000;
b42a : 00000000;
b42b : 00000000;
b42c : 00000000;
b42d : 00000000;
b42e : 00000000;
b42f : 00000000;
b430 : 00000000;
b431 : 00000000;
b432 : 00000000;
b433 : 00000000;
b434 : 00000000;
b435 : 00000000;
b436 : 00000000;
b437 : 00000000;
b438 : 00000000;
b439 : 00000000;
b43a : 00000000;
b43b : 00000000;
b43c : 00000000;
b43d : 00000000;
b43e : 00000000;
b43f : 00000000;
b440 : 00000000;
b441 : 00000000;
b442 : 00000000;
b443 : 00000000;
b444 : 00000000;
b445 : 00000000;
b446 : 00000000;
b447 : 00000000;
b448 : 00000000;
b449 : 00000000;
b44a : 00000000;
b44b : 00000000;
b44c : 00000000;
b44d : 00000000;
b44e : 00000000;
b44f : 00000000;
b450 : 00000000;
b451 : 00000000;
b452 : 00000000;
b453 : 00000000;
b454 : 00000000;
b455 : 00000000;
b456 : 00000000;
b457 : 00000000;
b458 : 00000000;
b459 : 00000000;
b45a : 00000000;
b45b : 00000000;
b45c : 00000000;
b45d : 00000000;
b45e : 00000000;
b45f : 00000000;
b460 : 00000000;
b461 : 00000000;
b462 : 00000000;
b463 : 00000000;
b464 : 00000000;
b465 : 00000000;
b466 : 00000000;
b467 : 00000000;
b468 : 00000000;
b469 : 00000000;
b46a : 00000000;
b46b : 00000000;
b46c : 00000000;
b46d : 00000000;
b46e : 00000000;
b46f : 00000000;
b470 : 00000000;
b471 : 00000000;
b472 : 00000000;
b473 : 00000000;
b474 : 00000000;
b475 : 00000000;
b476 : 00000000;
b477 : 00000000;
b478 : 00000000;
b479 : 00000000;
b47a : 00000000;
b47b : 00000000;
b47c : 00000000;
b47d : 00000000;
b47e : 00000000;
b47f : 00000000;
b480 : 00000000;
b481 : 00000000;
b482 : 00000000;
b483 : 00000000;
b484 : 00000000;
b485 : 00000000;
b486 : 00000000;
b487 : 00000000;
b488 : 00000000;
b489 : 00000000;
b48a : 00000000;
b48b : 00000000;
b48c : 00000000;
b48d : 00000000;
b48e : 00000000;
b48f : 00000000;
b490 : 00000000;
b491 : 00000000;
b492 : 00000000;
b493 : 00000000;
b494 : 00000000;
b495 : 00000000;
b496 : 00000000;
b497 : 00000000;
b498 : 00000000;
b499 : 00000000;
b49a : 00000000;
b49b : 00000000;
b49c : 00000000;
b49d : 00000000;
b49e : 00000000;
b49f : 00000000;
b4a0 : 00000000;
b4a1 : 00000000;
b4a2 : 00000000;
b4a3 : 00000000;
b4a4 : 00000000;
b4a5 : 00000000;
b4a6 : 00000000;
b4a7 : 00000000;
b4a8 : 00000000;
b4a9 : 00000000;
b4aa : 00000000;
b4ab : 00000000;
b4ac : 00000000;
b4ad : 00000000;
b4ae : 00000000;
b4af : 00000000;
b4b0 : 00000000;
b4b1 : 00000000;
b4b2 : 00000000;
b4b3 : 00000000;
b4b4 : 00000000;
b4b5 : 00000000;
b4b6 : 00000000;
b4b7 : 00000000;
b4b8 : 00000000;
b4b9 : 00000000;
b4ba : 00000000;
b4bb : 00000000;
b4bc : 00000000;
b4bd : 00000000;
b4be : 00000000;
b4bf : 00000000;
b4c0 : 00000000;
b4c1 : 00000000;
b4c2 : 00000000;
b4c3 : 00000000;
b4c4 : 00000000;
b4c5 : 00000000;
b4c6 : 00000000;
b4c7 : 00000000;
b4c8 : 00000000;
b4c9 : 00000000;
b4ca : 00000000;
b4cb : 00000000;
b4cc : 00000000;
b4cd : 00000000;
b4ce : 00000000;
b4cf : 00000000;
b4d0 : 00000000;
b4d1 : 00000000;
b4d2 : 00000000;
b4d3 : 00000000;
b4d4 : 00000000;
b4d5 : 00000000;
b4d6 : 00000000;
b4d7 : 00000000;
b4d8 : 00000000;
b4d9 : 00000000;
b4da : 00000000;
b4db : 00000000;
b4dc : 00000000;
b4dd : 00000000;
b4de : 00000000;
b4df : 00000000;
b4e0 : 00000000;
b4e1 : 00000000;
b4e2 : 00000000;
b4e3 : 00000000;
b4e4 : 00000000;
b4e5 : 00000000;
b4e6 : 00000000;
b4e7 : 00000000;
b4e8 : 00000000;
b4e9 : 00000000;
b4ea : 00000000;
b4eb : 00000000;
b4ec : 00000000;
b4ed : 00000000;
b4ee : 00000000;
b4ef : 00000000;
b4f0 : 00000000;
b4f1 : 00000000;
b4f2 : 00000000;
b4f3 : 00000000;
b4f4 : 00000000;
b4f5 : 00000000;
b4f6 : 00000000;
b4f7 : 00000000;
b4f8 : 00000000;
b4f9 : 00000000;
b4fa : 00000000;
b4fb : 00000000;
b4fc : 00000000;
b4fd : 00000000;
b4fe : 00000000;
b4ff : 00000000;
b500 : 00000000;
b501 : 00000000;
b502 : 00000000;
b503 : 00000000;
b504 : 00000000;
b505 : 00000000;
b506 : 00000000;
b507 : 00000000;
b508 : 00000000;
b509 : 00000000;
b50a : 00000000;
b50b : 00000000;
b50c : 00000000;
b50d : 00000000;
b50e : 00000000;
b50f : 00000000;
b510 : 00000000;
b511 : 00000000;
b512 : 00000000;
b513 : 00000000;
b514 : 00000000;
b515 : 00000000;
b516 : 00000000;
b517 : 00000000;
b518 : 00000000;
b519 : 00000000;
b51a : 00000000;
b51b : 00000000;
b51c : 00000000;
b51d : 00000000;
b51e : 00000000;
b51f : 00000000;
b520 : 00000000;
b521 : 00000000;
b522 : 00000000;
b523 : 00000000;
b524 : 00000000;
b525 : 00000000;
b526 : 00000000;
b527 : 00000000;
b528 : 00000000;
b529 : 00000000;
b52a : 00000000;
b52b : 00000000;
b52c : 00000000;
b52d : 00000000;
b52e : 00000000;
b52f : 00000000;
b530 : 00000000;
b531 : 00000000;
b532 : 00000000;
b533 : 00000000;
b534 : 00000000;
b535 : 00000000;
b536 : 00000000;
b537 : 00000000;
b538 : 00000000;
b539 : 00000000;
b53a : 00000000;
b53b : 00000000;
b53c : 00000000;
b53d : 00000000;
b53e : 00000000;
b53f : 00000000;
b540 : 00000000;
b541 : 00000000;
b542 : 00000000;
b543 : 00000000;
b544 : 00000000;
b545 : 00000000;
b546 : 00000000;
b547 : 00000000;
b548 : 00000000;
b549 : 00000000;
b54a : 00000000;
b54b : 00000000;
b54c : 00000000;
b54d : 00000000;
b54e : 00000000;
b54f : 00000000;
b550 : 00000000;
b551 : 00000000;
b552 : 00000000;
b553 : 00000000;
b554 : 00000000;
b555 : 00000000;
b556 : 00000000;
b557 : 00000000;
b558 : 00000000;
b559 : 00000000;
b55a : 00000000;
b55b : 00000000;
b55c : 00000000;
b55d : 00000000;
b55e : 00000000;
b55f : 00000000;
b560 : 00000000;
b561 : 00000000;
b562 : 00000000;
b563 : 00000000;
b564 : 00000000;
b565 : 00000000;
b566 : 00000000;
b567 : 00000000;
b568 : 00000000;
b569 : 00000000;
b56a : 00000000;
b56b : 00000000;
b56c : 00000000;
b56d : 00000000;
b56e : 00000000;
b56f : 00000000;
b570 : 00000000;
b571 : 00000000;
b572 : 00000000;
b573 : 00000000;
b574 : 00000000;
b575 : 00000000;
b576 : 00000000;
b577 : 00000000;
b578 : 00000000;
b579 : 00000000;
b57a : 00000000;
b57b : 00000000;
b57c : 00000000;
b57d : 00000000;
b57e : 00000000;
b57f : 00000000;
b580 : 00000000;
b581 : 00000000;
b582 : 00000000;
b583 : 00000000;
b584 : 00000000;
b585 : 00000000;
b586 : 00000000;
b587 : 00000000;
b588 : 00000000;
b589 : 00000000;
b58a : 00000000;
b58b : 00000000;
b58c : 00000000;
b58d : 00000000;
b58e : 00000000;
b58f : 00000000;
b590 : 00000000;
b591 : 00000000;
b592 : 00000000;
b593 : 00000000;
b594 : 00000000;
b595 : 00000000;
b596 : 00000000;
b597 : 00000000;
b598 : 00000000;
b599 : 00000000;
b59a : 00000000;
b59b : 00000000;
b59c : 00000000;
b59d : 00000000;
b59e : 00000000;
b59f : 00000000;
b5a0 : 00000000;
b5a1 : 00000000;
b5a2 : 00000000;
b5a3 : 00000000;
b5a4 : 00000000;
b5a5 : 00000000;
b5a6 : 00000000;
b5a7 : 00000000;
b5a8 : 00000000;
b5a9 : 00000000;
b5aa : 00000000;
b5ab : 00000000;
b5ac : 00000000;
b5ad : 00000000;
b5ae : 00000000;
b5af : 00000000;
b5b0 : 00000000;
b5b1 : 00000000;
b5b2 : 00000000;
b5b3 : 00000000;
b5b4 : 00000000;
b5b5 : 00000000;
b5b6 : 00000000;
b5b7 : 00000000;
b5b8 : 00000000;
b5b9 : 00000000;
b5ba : 00000000;
b5bb : 00000000;
b5bc : 00000000;
b5bd : 00000000;
b5be : 00000000;
b5bf : 00000000;
b5c0 : 00000000;
b5c1 : 00000000;
b5c2 : 00000000;
b5c3 : 00000000;
b5c4 : 00000000;
b5c5 : 00000000;
b5c6 : 00000000;
b5c7 : 00000000;
b5c8 : 00000000;
b5c9 : 00000000;
b5ca : 00000000;
b5cb : 00000000;
b5cc : 00000000;
b5cd : 00000000;
b5ce : 00000000;
b5cf : 00000000;
b5d0 : 00000000;
b5d1 : 00000000;
b5d2 : 00000000;
b5d3 : 00000000;
b5d4 : 00000000;
b5d5 : 00000000;
b5d6 : 00000000;
b5d7 : 00000000;
b5d8 : 00000000;
b5d9 : 00000000;
b5da : 00000000;
b5db : 00000000;
b5dc : 00000000;
b5dd : 00000000;
b5de : 00000000;
b5df : 00000000;
b5e0 : 00000000;
b5e1 : 00000000;
b5e2 : 00000000;
b5e3 : 00000000;
b5e4 : 00000000;
b5e5 : 00000000;
b5e6 : 00000000;
b5e7 : 00000000;
b5e8 : 00000000;
b5e9 : 00000000;
b5ea : 00000000;
b5eb : 00000000;
b5ec : 00000000;
b5ed : 00000000;
b5ee : 00000000;
b5ef : 00000000;
b5f0 : 00000000;
b5f1 : 00000000;
b5f2 : 00000000;
b5f3 : 00000000;
b5f4 : 00000000;
b5f5 : 00000000;
b5f6 : 00000000;
b5f7 : 00000000;
b5f8 : 00000000;
b5f9 : 00000000;
b5fa : 00000000;
b5fb : 00000000;
b5fc : 00000000;
b5fd : 00000000;
b5fe : 00000000;
b5ff : 00000000;
b600 : 00000000;
b601 : 00000000;
b602 : 00000000;
b603 : 00000000;
b604 : 00000000;
b605 : 00000000;
b606 : 00000000;
b607 : 00000000;
b608 : 00000000;
b609 : 00000000;
b60a : 00000000;
b60b : 00000000;
b60c : 00000000;
b60d : 00000000;
b60e : 00000000;
b60f : 00000000;
b610 : 00000000;
b611 : 00000000;
b612 : 00000000;
b613 : 00000000;
b614 : 00000000;
b615 : 00000000;
b616 : 00000000;
b617 : 00000000;
b618 : 00000000;
b619 : 00000000;
b61a : 00000000;
b61b : 00000000;
b61c : 00000000;
b61d : 00000000;
b61e : 00000000;
b61f : 00000000;
b620 : 00000000;
b621 : 00000000;
b622 : 00000000;
b623 : 00000000;
b624 : 00000000;
b625 : 00000000;
b626 : 00000000;
b627 : 00000000;
b628 : 00000000;
b629 : 00000000;
b62a : 00000000;
b62b : 00000000;
b62c : 00000000;
b62d : 00000000;
b62e : 00000000;
b62f : 00000000;
b630 : 00000000;
b631 : 00000000;
b632 : 00000000;
b633 : 00000000;
b634 : 00000000;
b635 : 00000000;
b636 : 00000000;
b637 : 00000000;
b638 : 00000000;
b639 : 00000000;
b63a : 00000000;
b63b : 00000000;
b63c : 00000000;
b63d : 00000000;
b63e : 00000000;
b63f : 00000000;
b640 : 00000000;
b641 : 00000000;
b642 : 00000000;
b643 : 00000000;
b644 : 00000000;
b645 : 00000000;
b646 : 00000000;
b647 : 00000000;
b648 : 00000000;
b649 : 00000000;
b64a : 00000000;
b64b : 00000000;
b64c : 00000000;
b64d : 00000000;
b64e : 00000000;
b64f : 00000000;
b650 : 00000000;
b651 : 00000000;
b652 : 00000000;
b653 : 00000000;
b654 : 00000000;
b655 : 00000000;
b656 : 00000000;
b657 : 00000000;
b658 : 00000000;
b659 : 00000000;
b65a : 00000000;
b65b : 00000000;
b65c : 00000000;
b65d : 00000000;
b65e : 00000000;
b65f : 00000000;
b660 : 00000000;
b661 : 00000000;
b662 : 00000000;
b663 : 00000000;
b664 : 00000000;
b665 : 00000000;
b666 : 00000000;
b667 : 00000000;
b668 : 00000000;
b669 : 00000000;
b66a : 00000000;
b66b : 00000000;
b66c : 00000000;
b66d : 00000000;
b66e : 00000000;
b66f : 00000000;
b670 : 00000000;
b671 : 00000000;
b672 : 00000000;
b673 : 00000000;
b674 : 00000000;
b675 : 00000000;
b676 : 00000000;
b677 : 00000000;
b678 : 00000000;
b679 : 00000000;
b67a : 00000000;
b67b : 00000000;
b67c : 00000000;
b67d : 00000000;
b67e : 00000000;
b67f : 00000000;
b680 : 00000000;
b681 : 00000000;
b682 : 00000000;
b683 : 00000000;
b684 : 00000000;
b685 : 00000000;
b686 : 00000000;
b687 : 00000000;
b688 : 00000000;
b689 : 00000000;
b68a : 00000000;
b68b : 00000000;
b68c : 00000000;
b68d : 00000000;
b68e : 00000000;
b68f : 00000000;
b690 : 00000000;
b691 : 00000000;
b692 : 00000000;
b693 : 00000000;
b694 : 00000000;
b695 : 00000000;
b696 : 00000000;
b697 : 00000000;
b698 : 00000000;
b699 : 00000000;
b69a : 00000000;
b69b : 00000000;
b69c : 00000000;
b69d : 00000000;
b69e : 00000000;
b69f : 00000000;
b6a0 : 00000000;
b6a1 : 00000000;
b6a2 : 00000000;
b6a3 : 00000000;
b6a4 : 00000000;
b6a5 : 00000000;
b6a6 : 00000000;
b6a7 : 00000000;
b6a8 : 00000000;
b6a9 : 00000000;
b6aa : 00000000;
b6ab : 00000000;
b6ac : 00000000;
b6ad : 00000000;
b6ae : 00000000;
b6af : 00000000;
b6b0 : 00000000;
b6b1 : 00000000;
b6b2 : 00000000;
b6b3 : 00000000;
b6b4 : 00000000;
b6b5 : 00000000;
b6b6 : 00000000;
b6b7 : 00000000;
b6b8 : 00000000;
b6b9 : 00000000;
b6ba : 00000000;
b6bb : 00000000;
b6bc : 00000000;
b6bd : 00000000;
b6be : 00000000;
b6bf : 00000000;
b6c0 : 00000000;
b6c1 : 00000000;
b6c2 : 00000000;
b6c3 : 00000000;
b6c4 : 00000000;
b6c5 : 00000000;
b6c6 : 00000000;
b6c7 : 00000000;
b6c8 : 00000000;
b6c9 : 00000000;
b6ca : 00000000;
b6cb : 00000000;
b6cc : 00000000;
b6cd : 00000000;
b6ce : 00000000;
b6cf : 00000000;
b6d0 : 00000000;
b6d1 : 00000000;
b6d2 : 00000000;
b6d3 : 00000000;
b6d4 : 00000000;
b6d5 : 00000000;
b6d6 : 00000000;
b6d7 : 00000000;
b6d8 : 00000000;
b6d9 : 00000000;
b6da : 00000000;
b6db : 00000000;
b6dc : 00000000;
b6dd : 00000000;
b6de : 00000000;
b6df : 00000000;
b6e0 : 00000000;
b6e1 : 00000000;
b6e2 : 00000000;
b6e3 : 00000000;
b6e4 : 00000000;
b6e5 : 00000000;
b6e6 : 00000000;
b6e7 : 00000000;
b6e8 : 00000000;
b6e9 : 00000000;
b6ea : 00000000;
b6eb : 00000000;
b6ec : 00000000;
b6ed : 00000000;
b6ee : 00000000;
b6ef : 00000000;
b6f0 : 00000000;
b6f1 : 00000000;
b6f2 : 00000000;
b6f3 : 00000000;
b6f4 : 00000000;
b6f5 : 00000000;
b6f6 : 00000000;
b6f7 : 00000000;
b6f8 : 00000000;
b6f9 : 00000000;
b6fa : 00000000;
b6fb : 00000000;
b6fc : 00000000;
b6fd : 00000000;
b6fe : 00000000;
b6ff : 00000000;
b700 : 00000000;
b701 : 00000000;
b702 : 00000000;
b703 : 00000000;
b704 : 00000000;
b705 : 00000000;
b706 : 00000000;
b707 : 00000000;
b708 : 00000000;
b709 : 00000000;
b70a : 00000000;
b70b : 00000000;
b70c : 00000000;
b70d : 00000000;
b70e : 00000000;
b70f : 00000000;
b710 : 00000000;
b711 : 00000000;
b712 : 00000000;
b713 : 00000000;
b714 : 00000000;
b715 : 00000000;
b716 : 00000000;
b717 : 00000000;
b718 : 00000000;
b719 : 00000000;
b71a : 00000000;
b71b : 00000000;
b71c : 00000000;
b71d : 00000000;
b71e : 00000000;
b71f : 00000000;
b720 : 00000000;
b721 : 00000000;
b722 : 00000000;
b723 : 00000000;
b724 : 00000000;
b725 : 00000000;
b726 : 00000000;
b727 : 00000000;
b728 : 00000000;
b729 : 00000000;
b72a : 00000000;
b72b : 00000000;
b72c : 00000000;
b72d : 00000000;
b72e : 00000000;
b72f : 00000000;
b730 : 00000000;
b731 : 00000000;
b732 : 00000000;
b733 : 00000000;
b734 : 00000000;
b735 : 00000000;
b736 : 00000000;
b737 : 00000000;
b738 : 00000000;
b739 : 00000000;
b73a : 00000000;
b73b : 00000000;
b73c : 00000000;
b73d : 00000000;
b73e : 00000000;
b73f : 00000000;
b740 : 00000000;
b741 : 00000000;
b742 : 00000000;
b743 : 00000000;
b744 : 00000000;
b745 : 00000000;
b746 : 00000000;
b747 : 00000000;
b748 : 00000000;
b749 : 00000000;
b74a : 00000000;
b74b : 00000000;
b74c : 00000000;
b74d : 00000000;
b74e : 00000000;
b74f : 00000000;
b750 : 00000000;
b751 : 00000000;
b752 : 00000000;
b753 : 00000000;
b754 : 00000000;
b755 : 00000000;
b756 : 00000000;
b757 : 00000000;
b758 : 00000000;
b759 : 00000000;
b75a : 00000000;
b75b : 00000000;
b75c : 00000000;
b75d : 00000000;
b75e : 00000000;
b75f : 00000000;
b760 : 00000000;
b761 : 00000000;
b762 : 00000000;
b763 : 00000000;
b764 : 00000000;
b765 : 00000000;
b766 : 00000000;
b767 : 00000000;
b768 : 00000000;
b769 : 00000000;
b76a : 00000000;
b76b : 00000000;
b76c : 00000000;
b76d : 00000000;
b76e : 00000000;
b76f : 00000000;
b770 : 00000000;
b771 : 00000000;
b772 : 00000000;
b773 : 00000000;
b774 : 00000000;
b775 : 00000000;
b776 : 00000000;
b777 : 00000000;
b778 : 00000000;
b779 : 00000000;
b77a : 00000000;
b77b : 00000000;
b77c : 00000000;
b77d : 00000000;
b77e : 00000000;
b77f : 00000000;
b780 : 00000000;
b781 : 00000000;
b782 : 00000000;
b783 : 00000000;
b784 : 00000000;
b785 : 00000000;
b786 : 00000000;
b787 : 00000000;
b788 : 00000000;
b789 : 00000000;
b78a : 00000000;
b78b : 00000000;
b78c : 00000000;
b78d : 00000000;
b78e : 00000000;
b78f : 00000000;
b790 : 00000000;
b791 : 00000000;
b792 : 00000000;
b793 : 00000000;
b794 : 00000000;
b795 : 00000000;
b796 : 00000000;
b797 : 00000000;
b798 : 00000000;
b799 : 00000000;
b79a : 00000000;
b79b : 00000000;
b79c : 00000000;
b79d : 00000000;
b79e : 00000000;
b79f : 00000000;
b7a0 : 00000000;
b7a1 : 00000000;
b7a2 : 00000000;
b7a3 : 00000000;
b7a4 : 00000000;
b7a5 : 00000000;
b7a6 : 00000000;
b7a7 : 00000000;
b7a8 : 00000000;
b7a9 : 00000000;
b7aa : 00000000;
b7ab : 00000000;
b7ac : 00000000;
b7ad : 00000000;
b7ae : 00000000;
b7af : 00000000;
b7b0 : 00000000;
b7b1 : 00000000;
b7b2 : 00000000;
b7b3 : 00000000;
b7b4 : 00000000;
b7b5 : 00000000;
b7b6 : 00000000;
b7b7 : 00000000;
b7b8 : 00000000;
b7b9 : 00000000;
b7ba : 00000000;
b7bb : 00000000;
b7bc : 00000000;
b7bd : 00000000;
b7be : 00000000;
b7bf : 00000000;
b7c0 : 00000000;
b7c1 : 00000000;
b7c2 : 00000000;
b7c3 : 00000000;
b7c4 : 00000000;
b7c5 : 00000000;
b7c6 : 00000000;
b7c7 : 00000000;
b7c8 : 00000000;
b7c9 : 00000000;
b7ca : 00000000;
b7cb : 00000000;
b7cc : 00000000;
b7cd : 00000000;
b7ce : 00000000;
b7cf : 00000000;
b7d0 : 00000000;
b7d1 : 00000000;
b7d2 : 00000000;
b7d3 : 00000000;
b7d4 : 00000000;
b7d5 : 00000000;
b7d6 : 00000000;
b7d7 : 00000000;
b7d8 : 00000000;
b7d9 : 00000000;
b7da : 00000000;
b7db : 00000000;
b7dc : 00000000;
b7dd : 00000000;
b7de : 00000000;
b7df : 00000000;
b7e0 : 00000000;
b7e1 : 00000000;
b7e2 : 00000000;
b7e3 : 00000000;
b7e4 : 00000000;
b7e5 : 00000000;
b7e6 : 00000000;
b7e7 : 00000000;
b7e8 : 00000000;
b7e9 : 00000000;
b7ea : 00000000;
b7eb : 00000000;
b7ec : 00000000;
b7ed : 00000000;
b7ee : 00000000;
b7ef : 00000000;
b7f0 : 00000000;
b7f1 : 00000000;
b7f2 : 00000000;
b7f3 : 00000000;
b7f4 : 00000000;
b7f5 : 00000000;
b7f6 : 00000000;
b7f7 : 00000000;
b7f8 : 00000000;
b7f9 : 00000000;
b7fa : 00000000;
b7fb : 00000000;
b7fc : 00000000;
b7fd : 00000000;
b7fe : 00000000;
b7ff : 00000000;
b800 : 00000000;
b801 : 00000000;
b802 : 00000000;
b803 : 00000000;
b804 : 00000000;
b805 : 00000000;
b806 : 00000000;
b807 : 00000000;
b808 : 00000000;
b809 : 00000000;
b80a : 00000000;
b80b : 00000000;
b80c : 00000000;
b80d : 00000000;
b80e : 00000000;
b80f : 00000000;
b810 : 00000000;
b811 : 00000000;
b812 : 00000000;
b813 : 00000000;
b814 : 00000000;
b815 : 00000000;
b816 : 00000000;
b817 : 00000000;
b818 : 00000000;
b819 : 00000000;
b81a : 00000000;
b81b : 00000000;
b81c : 00000000;
b81d : 00000000;
b81e : 00000000;
b81f : 00000000;
b820 : 00000000;
b821 : 00000000;
b822 : 00000000;
b823 : 00000000;
b824 : 00000000;
b825 : 00000000;
b826 : 00000000;
b827 : 00000000;
b828 : 00000000;
b829 : 00000000;
b82a : 00000000;
b82b : 00000000;
b82c : 00000000;
b82d : 00000000;
b82e : 00000000;
b82f : 00000000;
b830 : 00000000;
b831 : 00000000;
b832 : 00000000;
b833 : 00000000;
b834 : 00000000;
b835 : 00000000;
b836 : 00000000;
b837 : 00000000;
b838 : 00000000;
b839 : 00000000;
b83a : 00000000;
b83b : 00000000;
b83c : 00000000;
b83d : 00000000;
b83e : 00000000;
b83f : 00000000;
b840 : 00000000;
b841 : 00000000;
b842 : 00000000;
b843 : 00000000;
b844 : 00000000;
b845 : 00000000;
b846 : 00000000;
b847 : 00000000;
b848 : 00000000;
b849 : 00000000;
b84a : 00000000;
b84b : 00000000;
b84c : 00000000;
b84d : 00000000;
b84e : 00000000;
b84f : 00000000;
b850 : 00000000;
b851 : 00000000;
b852 : 00000000;
b853 : 00000000;
b854 : 00000000;
b855 : 00000000;
b856 : 00000000;
b857 : 00000000;
b858 : 00000000;
b859 : 00000000;
b85a : 00000000;
b85b : 00000000;
b85c : 00000000;
b85d : 00000000;
b85e : 00000000;
b85f : 00000000;
b860 : 00000000;
b861 : 00000000;
b862 : 00000000;
b863 : 00000000;
b864 : 00000000;
b865 : 00000000;
b866 : 00000000;
b867 : 00000000;
b868 : 00000000;
b869 : 00000000;
b86a : 00000000;
b86b : 00000000;
b86c : 00000000;
b86d : 00000000;
b86e : 00000000;
b86f : 00000000;
b870 : 00000000;
b871 : 00000000;
b872 : 00000000;
b873 : 00000000;
b874 : 00000000;
b875 : 00000000;
b876 : 00000000;
b877 : 00000000;
b878 : 00000000;
b879 : 00000000;
b87a : 00000000;
b87b : 00000000;
b87c : 00000000;
b87d : 00000000;
b87e : 00000000;
b87f : 00000000;
b880 : 00000000;
b881 : 00000000;
b882 : 00000000;
b883 : 00000000;
b884 : 00000000;
b885 : 00000000;
b886 : 00000000;
b887 : 00000000;
b888 : 00000000;
b889 : 00000000;
b88a : 00000000;
b88b : 00000000;
b88c : 00000000;
b88d : 00000000;
b88e : 00000000;
b88f : 00000000;
b890 : 00000000;
b891 : 00000000;
b892 : 00000000;
b893 : 00000000;
b894 : 00000000;
b895 : 00000000;
b896 : 00000000;
b897 : 00000000;
b898 : 00000000;
b899 : 00000000;
b89a : 00000000;
b89b : 00000000;
b89c : 00000000;
b89d : 00000000;
b89e : 00000000;
b89f : 00000000;
b8a0 : 00000000;
b8a1 : 00000000;
b8a2 : 00000000;
b8a3 : 00000000;
b8a4 : 00000000;
b8a5 : 00000000;
b8a6 : 00000000;
b8a7 : 00000000;
b8a8 : 00000000;
b8a9 : 00000000;
b8aa : 00000000;
b8ab : 00000000;
b8ac : 00000000;
b8ad : 00000000;
b8ae : 00000000;
b8af : 00000000;
b8b0 : 00000000;
b8b1 : 00000000;
b8b2 : 00000000;
b8b3 : 00000000;
b8b4 : 00000000;
b8b5 : 00000000;
b8b6 : 00000000;
b8b7 : 00000000;
b8b8 : 00000000;
b8b9 : 00000000;
b8ba : 00000000;
b8bb : 00000000;
b8bc : 00000000;
b8bd : 00000000;
b8be : 00000000;
b8bf : 00000000;
b8c0 : 00000000;
b8c1 : 00000000;
b8c2 : 00000000;
b8c3 : 00000000;
b8c4 : 00000000;
b8c5 : 00000000;
b8c6 : 00000000;
b8c7 : 00000000;
b8c8 : 00000000;
b8c9 : 00000000;
b8ca : 00000000;
b8cb : 00000000;
b8cc : 00000000;
b8cd : 00000000;
b8ce : 00000000;
b8cf : 00000000;
b8d0 : 00000000;
b8d1 : 00000000;
b8d2 : 00000000;
b8d3 : 00000000;
b8d4 : 00000000;
b8d5 : 00000000;
b8d6 : 00000000;
b8d7 : 00000000;
b8d8 : 00000000;
b8d9 : 00000000;
b8da : 00000000;
b8db : 00000000;
b8dc : 00000000;
b8dd : 00000000;
b8de : 00000000;
b8df : 00000000;
b8e0 : 00000000;
b8e1 : 00000000;
b8e2 : 00000000;
b8e3 : 00000000;
b8e4 : 00000000;
b8e5 : 00000000;
b8e6 : 00000000;
b8e7 : 00000000;
b8e8 : 00000000;
b8e9 : 00000000;
b8ea : 00000000;
b8eb : 00000000;
b8ec : 00000000;
b8ed : 00000000;
b8ee : 00000000;
b8ef : 00000000;
b8f0 : 00000000;
b8f1 : 00000000;
b8f2 : 00000000;
b8f3 : 00000000;
b8f4 : 00000000;
b8f5 : 00000000;
b8f6 : 00000000;
b8f7 : 00000000;
b8f8 : 00000000;
b8f9 : 00000000;
b8fa : 00000000;
b8fb : 00000000;
b8fc : 00000000;
b8fd : 00000000;
b8fe : 00000000;
b8ff : 00000000;
b900 : 00000000;
b901 : 00000000;
b902 : 00000000;
b903 : 00000000;
b904 : 00000000;
b905 : 00000000;
b906 : 00000000;
b907 : 00000000;
b908 : 00000000;
b909 : 00000000;
b90a : 00000000;
b90b : 00000000;
b90c : 00000000;
b90d : 00000000;
b90e : 00000000;
b90f : 00000000;
b910 : 00000000;
b911 : 00000000;
b912 : 00000000;
b913 : 00000000;
b914 : 00000000;
b915 : 00000000;
b916 : 00000000;
b917 : 00000000;
b918 : 00000000;
b919 : 00000000;
b91a : 00000000;
b91b : 00000000;
b91c : 00000000;
b91d : 00000000;
b91e : 00000000;
b91f : 00000000;
b920 : 00000000;
b921 : 00000000;
b922 : 00000000;
b923 : 00000000;
b924 : 00000000;
b925 : 00000000;
b926 : 00000000;
b927 : 00000000;
b928 : 00000000;
b929 : 00000000;
b92a : 00000000;
b92b : 00000000;
b92c : 00000000;
b92d : 00000000;
b92e : 00000000;
b92f : 00000000;
b930 : 00000000;
b931 : 00000000;
b932 : 00000000;
b933 : 00000000;
b934 : 00000000;
b935 : 00000000;
b936 : 00000000;
b937 : 00000000;
b938 : 00000000;
b939 : 00000000;
b93a : 00000000;
b93b : 00000000;
b93c : 00000000;
b93d : 00000000;
b93e : 00000000;
b93f : 00000000;
b940 : 00000000;
b941 : 00000000;
b942 : 00000000;
b943 : 00000000;
b944 : 00000000;
b945 : 00000000;
b946 : 00000000;
b947 : 00000000;
b948 : 00000000;
b949 : 00000000;
b94a : 00000000;
b94b : 00000000;
b94c : 00000000;
b94d : 00000000;
b94e : 00000000;
b94f : 00000000;
b950 : 00000000;
b951 : 00000000;
b952 : 00000000;
b953 : 00000000;
b954 : 00000000;
b955 : 00000000;
b956 : 00000000;
b957 : 00000000;
b958 : 00000000;
b959 : 00000000;
b95a : 00000000;
b95b : 00000000;
b95c : 00000000;
b95d : 00000000;
b95e : 00000000;
b95f : 00000000;
b960 : 00000000;
b961 : 00000000;
b962 : 00000000;
b963 : 00000000;
b964 : 00000000;
b965 : 00000000;
b966 : 00000000;
b967 : 00000000;
b968 : 00000000;
b969 : 00000000;
b96a : 00000000;
b96b : 00000000;
b96c : 00000000;
b96d : 00000000;
b96e : 00000000;
b96f : 00000000;
b970 : 00000000;
b971 : 00000000;
b972 : 00000000;
b973 : 00000000;
b974 : 00000000;
b975 : 00000000;
b976 : 00000000;
b977 : 00000000;
b978 : 00000000;
b979 : 00000000;
b97a : 00000000;
b97b : 00000000;
b97c : 00000000;
b97d : 00000000;
b97e : 00000000;
b97f : 00000000;
b980 : 00000000;
b981 : 00000000;
b982 : 00000000;
b983 : 00000000;
b984 : 00000000;
b985 : 00000000;
b986 : 00000000;
b987 : 00000000;
b988 : 00000000;
b989 : 00000000;
b98a : 00000000;
b98b : 00000000;
b98c : 00000000;
b98d : 00000000;
b98e : 00000000;
b98f : 00000000;
b990 : 00000000;
b991 : 00000000;
b992 : 00000000;
b993 : 00000000;
b994 : 00000000;
b995 : 00000000;
b996 : 00000000;
b997 : 00000000;
b998 : 00000000;
b999 : 00000000;
b99a : 00000000;
b99b : 00000000;
b99c : 00000000;
b99d : 00000000;
b99e : 00000000;
b99f : 00000000;
b9a0 : 00000000;
b9a1 : 00000000;
b9a2 : 00000000;
b9a3 : 00000000;
b9a4 : 00000000;
b9a5 : 00000000;
b9a6 : 00000000;
b9a7 : 00000000;
b9a8 : 00000000;
b9a9 : 00000000;
b9aa : 00000000;
b9ab : 00000000;
b9ac : 00000000;
b9ad : 00000000;
b9ae : 00000000;
b9af : 00000000;
b9b0 : 00000000;
b9b1 : 00000000;
b9b2 : 00000000;
b9b3 : 00000000;
b9b4 : 00000000;
b9b5 : 00000000;
b9b6 : 00000000;
b9b7 : 00000000;
b9b8 : 00000000;
b9b9 : 00000000;
b9ba : 00000000;
b9bb : 00000000;
b9bc : 00000000;
b9bd : 00000000;
b9be : 00000000;
b9bf : 00000000;
b9c0 : 00000000;
b9c1 : 00000000;
b9c2 : 00000000;
b9c3 : 00000000;
b9c4 : 00000000;
b9c5 : 00000000;
b9c6 : 00000000;
b9c7 : 00000000;
b9c8 : 00000000;
b9c9 : 00000000;
b9ca : 00000000;
b9cb : 00000000;
b9cc : 00000000;
b9cd : 00000000;
b9ce : 00000000;
b9cf : 00000000;
b9d0 : 00000000;
b9d1 : 00000000;
b9d2 : 00000000;
b9d3 : 00000000;
b9d4 : 00000000;
b9d5 : 00000000;
b9d6 : 00000000;
b9d7 : 00000000;
b9d8 : 00000000;
b9d9 : 00000000;
b9da : 00000000;
b9db : 00000000;
b9dc : 00000000;
b9dd : 00000000;
b9de : 00000000;
b9df : 00000000;
b9e0 : 00000000;
b9e1 : 00000000;
b9e2 : 00000000;
b9e3 : 00000000;
b9e4 : 00000000;
b9e5 : 00000000;
b9e6 : 00000000;
b9e7 : 00000000;
b9e8 : 00000000;
b9e9 : 00000000;
b9ea : 00000000;
b9eb : 00000000;
b9ec : 00000000;
b9ed : 00000000;
b9ee : 00000000;
b9ef : 00000000;
b9f0 : 00000000;
b9f1 : 00000000;
b9f2 : 00000000;
b9f3 : 00000000;
b9f4 : 00000000;
b9f5 : 00000000;
b9f6 : 00000000;
b9f7 : 00000000;
b9f8 : 00000000;
b9f9 : 00000000;
b9fa : 00000000;
b9fb : 00000000;
b9fc : 00000000;
b9fd : 00000000;
b9fe : 00000000;
b9ff : 00000000;
ba00 : 00000000;
ba01 : 00000000;
ba02 : 00000000;
ba03 : 00000000;
ba04 : 00000000;
ba05 : 00000000;
ba06 : 00000000;
ba07 : 00000000;
ba08 : 00000000;
ba09 : 00000000;
ba0a : 00000000;
ba0b : 00000000;
ba0c : 00000000;
ba0d : 00000000;
ba0e : 00000000;
ba0f : 00000000;
ba10 : 00000000;
ba11 : 00000000;
ba12 : 00000000;
ba13 : 00000000;
ba14 : 00000000;
ba15 : 00000000;
ba16 : 00000000;
ba17 : 00000000;
ba18 : 00000000;
ba19 : 00000000;
ba1a : 00000000;
ba1b : 00000000;
ba1c : 00000000;
ba1d : 00000000;
ba1e : 00000000;
ba1f : 00000000;
ba20 : 00000000;
ba21 : 00000000;
ba22 : 00000000;
ba23 : 00000000;
ba24 : 00000000;
ba25 : 00000000;
ba26 : 00000000;
ba27 : 00000000;
ba28 : 00000000;
ba29 : 00000000;
ba2a : 00000000;
ba2b : 00000000;
ba2c : 00000000;
ba2d : 00000000;
ba2e : 00000000;
ba2f : 00000000;
ba30 : 00000000;
ba31 : 00000000;
ba32 : 00000000;
ba33 : 00000000;
ba34 : 00000000;
ba35 : 00000000;
ba36 : 00000000;
ba37 : 00000000;
ba38 : 00000000;
ba39 : 00000000;
ba3a : 00000000;
ba3b : 00000000;
ba3c : 00000000;
ba3d : 00000000;
ba3e : 00000000;
ba3f : 00000000;
ba40 : 00000000;
ba41 : 00000000;
ba42 : 00000000;
ba43 : 00000000;
ba44 : 00000000;
ba45 : 00000000;
ba46 : 00000000;
ba47 : 00000000;
ba48 : 00000000;
ba49 : 00000000;
ba4a : 00000000;
ba4b : 00000000;
ba4c : 00000000;
ba4d : 00000000;
ba4e : 00000000;
ba4f : 00000000;
ba50 : 00000000;
ba51 : 00000000;
ba52 : 00000000;
ba53 : 00000000;
ba54 : 00000000;
ba55 : 00000000;
ba56 : 00000000;
ba57 : 00000000;
ba58 : 00000000;
ba59 : 00000000;
ba5a : 00000000;
ba5b : 00000000;
ba5c : 00000000;
ba5d : 00000000;
ba5e : 00000000;
ba5f : 00000000;
ba60 : 00000000;
ba61 : 00000000;
ba62 : 00000000;
ba63 : 00000000;
ba64 : 00000000;
ba65 : 00000000;
ba66 : 00000000;
ba67 : 00000000;
ba68 : 00000000;
ba69 : 00000000;
ba6a : 00000000;
ba6b : 00000000;
ba6c : 00000000;
ba6d : 00000000;
ba6e : 00000000;
ba6f : 00000000;
ba70 : 00000000;
ba71 : 00000000;
ba72 : 00000000;
ba73 : 00000000;
ba74 : 00000000;
ba75 : 00000000;
ba76 : 00000000;
ba77 : 00000000;
ba78 : 00000000;
ba79 : 00000000;
ba7a : 00000000;
ba7b : 00000000;
ba7c : 00000000;
ba7d : 00000000;
ba7e : 00000000;
ba7f : 00000000;
ba80 : 00000000;
ba81 : 00000000;
ba82 : 00000000;
ba83 : 00000000;
ba84 : 00000000;
ba85 : 00000000;
ba86 : 00000000;
ba87 : 00000000;
ba88 : 00000000;
ba89 : 00000000;
ba8a : 00000000;
ba8b : 00000000;
ba8c : 00000000;
ba8d : 00000000;
ba8e : 00000000;
ba8f : 00000000;
ba90 : 00000000;
ba91 : 00000000;
ba92 : 00000000;
ba93 : 00000000;
ba94 : 00000000;
ba95 : 00000000;
ba96 : 00000000;
ba97 : 00000000;
ba98 : 00000000;
ba99 : 00000000;
ba9a : 00000000;
ba9b : 00000000;
ba9c : 00000000;
ba9d : 00000000;
ba9e : 00000000;
ba9f : 00000000;
baa0 : 00000000;
baa1 : 00000000;
baa2 : 00000000;
baa3 : 00000000;
baa4 : 00000000;
baa5 : 00000000;
baa6 : 00000000;
baa7 : 00000000;
baa8 : 00000000;
baa9 : 00000000;
baaa : 00000000;
baab : 00000000;
baac : 00000000;
baad : 00000000;
baae : 00000000;
baaf : 00000000;
bab0 : 00000000;
bab1 : 00000000;
bab2 : 00000000;
bab3 : 00000000;
bab4 : 00000000;
bab5 : 00000000;
bab6 : 00000000;
bab7 : 00000000;
bab8 : 00000000;
bab9 : 00000000;
baba : 00000000;
babb : 00000000;
babc : 00000000;
babd : 00000000;
babe : 00000000;
babf : 00000000;
bac0 : 00000000;
bac1 : 00000000;
bac2 : 00000000;
bac3 : 00000000;
bac4 : 00000000;
bac5 : 00000000;
bac6 : 00000000;
bac7 : 00000000;
bac8 : 00000000;
bac9 : 00000000;
baca : 00000000;
bacb : 00000000;
bacc : 00000000;
bacd : 00000000;
bace : 00000000;
bacf : 00000000;
bad0 : 00000000;
bad1 : 00000000;
bad2 : 00000000;
bad3 : 00000000;
bad4 : 00000000;
bad5 : 00000000;
bad6 : 00000000;
bad7 : 00000000;
bad8 : 00000000;
bad9 : 00000000;
bada : 00000000;
badb : 00000000;
badc : 00000000;
badd : 00000000;
bade : 00000000;
badf : 00000000;
bae0 : 00000000;
bae1 : 00000000;
bae2 : 00000000;
bae3 : 00000000;
bae4 : 00000000;
bae5 : 00000000;
bae6 : 00000000;
bae7 : 00000000;
bae8 : 00000000;
bae9 : 00000000;
baea : 00000000;
baeb : 00000000;
baec : 00000000;
baed : 00000000;
baee : 00000000;
baef : 00000000;
baf0 : 00000000;
baf1 : 00000000;
baf2 : 00000000;
baf3 : 00000000;
baf4 : 00000000;
baf5 : 00000000;
baf6 : 00000000;
baf7 : 00000000;
baf8 : 00000000;
baf9 : 00000000;
bafa : 00000000;
bafb : 00000000;
bafc : 00000000;
bafd : 00000000;
bafe : 00000000;
baff : 00000000;
bb00 : 00000000;
bb01 : 00000000;
bb02 : 00000000;
bb03 : 00000000;
bb04 : 00000000;
bb05 : 00000000;
bb06 : 00000000;
bb07 : 00000000;
bb08 : 00000000;
bb09 : 00000000;
bb0a : 00000000;
bb0b : 00000000;
bb0c : 00000000;
bb0d : 00000000;
bb0e : 00000000;
bb0f : 00000000;
bb10 : 00000000;
bb11 : 00000000;
bb12 : 00000000;
bb13 : 00000000;
bb14 : 00000000;
bb15 : 00000000;
bb16 : 00000000;
bb17 : 00000000;
bb18 : 00000000;
bb19 : 00000000;
bb1a : 00000000;
bb1b : 00000000;
bb1c : 00000000;
bb1d : 00000000;
bb1e : 00000000;
bb1f : 00000000;
bb20 : 00000000;
bb21 : 00000000;
bb22 : 00000000;
bb23 : 00000000;
bb24 : 00000000;
bb25 : 00000000;
bb26 : 00000000;
bb27 : 00000000;
bb28 : 00000000;
bb29 : 00000000;
bb2a : 00000000;
bb2b : 00000000;
bb2c : 00000000;
bb2d : 00000000;
bb2e : 00000000;
bb2f : 00000000;
bb30 : 00000000;
bb31 : 00000000;
bb32 : 00000000;
bb33 : 00000000;
bb34 : 00000000;
bb35 : 00000000;
bb36 : 00000000;
bb37 : 00000000;
bb38 : 00000000;
bb39 : 00000000;
bb3a : 00000000;
bb3b : 00000000;
bb3c : 00000000;
bb3d : 00000000;
bb3e : 00000000;
bb3f : 00000000;
bb40 : 00000000;
bb41 : 00000000;
bb42 : 00000000;
bb43 : 00000000;
bb44 : 00000000;
bb45 : 00000000;
bb46 : 00000000;
bb47 : 00000000;
bb48 : 00000000;
bb49 : 00000000;
bb4a : 00000000;
bb4b : 00000000;
bb4c : 00000000;
bb4d : 00000000;
bb4e : 00000000;
bb4f : 00000000;
bb50 : 00000000;
bb51 : 00000000;
bb52 : 00000000;
bb53 : 00000000;
bb54 : 00000000;
bb55 : 00000000;
bb56 : 00000000;
bb57 : 00000000;
bb58 : 00000000;
bb59 : 00000000;
bb5a : 00000000;
bb5b : 00000000;
bb5c : 00000000;
bb5d : 00000000;
bb5e : 00000000;
bb5f : 00000000;
bb60 : 00000000;
bb61 : 00000000;
bb62 : 00000000;
bb63 : 00000000;
bb64 : 00000000;
bb65 : 00000000;
bb66 : 00000000;
bb67 : 00000000;
bb68 : 00000000;
bb69 : 00000000;
bb6a : 00000000;
bb6b : 00000000;
bb6c : 00000000;
bb6d : 00000000;
bb6e : 00000000;
bb6f : 00000000;
bb70 : 00000000;
bb71 : 00000000;
bb72 : 00000000;
bb73 : 00000000;
bb74 : 00000000;
bb75 : 00000000;
bb76 : 00000000;
bb77 : 00000000;
bb78 : 00000000;
bb79 : 00000000;
bb7a : 00000000;
bb7b : 00000000;
bb7c : 00000000;
bb7d : 00000000;
bb7e : 00000000;
bb7f : 00000000;
bb80 : 00000000;
bb81 : 00000000;
bb82 : 00000000;
bb83 : 00000000;
bb84 : 00000000;
bb85 : 00000000;
bb86 : 00000000;
bb87 : 00000000;
bb88 : 00000000;
bb89 : 00000000;
bb8a : 00000000;
bb8b : 00000000;
bb8c : 00000000;
bb8d : 00000000;
bb8e : 00000000;
bb8f : 00000000;
bb90 : 00000000;
bb91 : 00000000;
bb92 : 00000000;
bb93 : 00000000;
bb94 : 00000000;
bb95 : 00000000;
bb96 : 00000000;
bb97 : 00000000;
bb98 : 00000000;
bb99 : 00000000;
bb9a : 00000000;
bb9b : 00000000;
bb9c : 00000000;
bb9d : 00000000;
bb9e : 00000000;
bb9f : 00000000;
bba0 : 00000000;
bba1 : 00000000;
bba2 : 00000000;
bba3 : 00000000;
bba4 : 00000000;
bba5 : 00000000;
bba6 : 00000000;
bba7 : 00000000;
bba8 : 00000000;
bba9 : 00000000;
bbaa : 00000000;
bbab : 00000000;
bbac : 00000000;
bbad : 00000000;
bbae : 00000000;
bbaf : 00000000;
bbb0 : 00000000;
bbb1 : 00000000;
bbb2 : 00000000;
bbb3 : 00000000;
bbb4 : 00000000;
bbb5 : 00000000;
bbb6 : 00000000;
bbb7 : 00000000;
bbb8 : 00000000;
bbb9 : 00000000;
bbba : 00000000;
bbbb : 00000000;
bbbc : 00000000;
bbbd : 00000000;
bbbe : 00000000;
bbbf : 00000000;
bbc0 : 00000000;
bbc1 : 00000000;
bbc2 : 00000000;
bbc3 : 00000000;
bbc4 : 00000000;
bbc5 : 00000000;
bbc6 : 00000000;
bbc7 : 00000000;
bbc8 : 00000000;
bbc9 : 00000000;
bbca : 00000000;
bbcb : 00000000;
bbcc : 00000000;
bbcd : 00000000;
bbce : 00000000;
bbcf : 00000000;
bbd0 : 00000000;
bbd1 : 00000000;
bbd2 : 00000000;
bbd3 : 00000000;
bbd4 : 00000000;
bbd5 : 00000000;
bbd6 : 00000000;
bbd7 : 00000000;
bbd8 : 00000000;
bbd9 : 00000000;
bbda : 00000000;
bbdb : 00000000;
bbdc : 00000000;
bbdd : 00000000;
bbde : 00000000;
bbdf : 00000000;
bbe0 : 00000000;
bbe1 : 00000000;
bbe2 : 00000000;
bbe3 : 00000000;
bbe4 : 00000000;
bbe5 : 00000000;
bbe6 : 00000000;
bbe7 : 00000000;
bbe8 : 00000000;
bbe9 : 00000000;
bbea : 00000000;
bbeb : 00000000;
bbec : 00000000;
bbed : 00000000;
bbee : 00000000;
bbef : 00000000;
bbf0 : 00000000;
bbf1 : 00000000;
bbf2 : 00000000;
bbf3 : 00000000;
bbf4 : 00000000;
bbf5 : 00000000;
bbf6 : 00000000;
bbf7 : 00000000;
bbf8 : 00000000;
bbf9 : 00000000;
bbfa : 00000000;
bbfb : 00000000;
bbfc : 00000000;
bbfd : 00000000;
bbfe : 00000000;
bbff : 00000000;
bc00 : 00000000;
bc01 : 00000000;
bc02 : 00000000;
bc03 : 00000000;
bc04 : 00000000;
bc05 : 00000000;
bc06 : 00000000;
bc07 : 00000000;
bc08 : 00000000;
bc09 : 00000000;
bc0a : 00000000;
bc0b : 00000000;
bc0c : 00000000;
bc0d : 00000000;
bc0e : 00000000;
bc0f : 00000000;
bc10 : 00000000;
bc11 : 00000000;
bc12 : 00000000;
bc13 : 00000000;
bc14 : 00000000;
bc15 : 00000000;
bc16 : 00000000;
bc17 : 00000000;
bc18 : 00000000;
bc19 : 00000000;
bc1a : 00000000;
bc1b : 00000000;
bc1c : 00000000;
bc1d : 00000000;
bc1e : 00000000;
bc1f : 00000000;
bc20 : 00000000;
bc21 : 00000000;
bc22 : 00000000;
bc23 : 00000000;
bc24 : 00000000;
bc25 : 00000000;
bc26 : 00000000;
bc27 : 00000000;
bc28 : 00000000;
bc29 : 00000000;
bc2a : 00000000;
bc2b : 00000000;
bc2c : 00000000;
bc2d : 00000000;
bc2e : 00000000;
bc2f : 00000000;
bc30 : 00000000;
bc31 : 00000000;
bc32 : 00000000;
bc33 : 00000000;
bc34 : 00000000;
bc35 : 00000000;
bc36 : 00000000;
bc37 : 00000000;
bc38 : 00000000;
bc39 : 00000000;
bc3a : 00000000;
bc3b : 00000000;
bc3c : 00000000;
bc3d : 00000000;
bc3e : 00000000;
bc3f : 00000000;
bc40 : 00000000;
bc41 : 00000000;
bc42 : 00000000;
bc43 : 00000000;
bc44 : 00000000;
bc45 : 00000000;
bc46 : 00000000;
bc47 : 00000000;
bc48 : 00000000;
bc49 : 00000000;
bc4a : 00000000;
bc4b : 00000000;
bc4c : 00000000;
bc4d : 00000000;
bc4e : 00000000;
bc4f : 00000000;
bc50 : 00000000;
bc51 : 00000000;
bc52 : 00000000;
bc53 : 00000000;
bc54 : 00000000;
bc55 : 00000000;
bc56 : 00000000;
bc57 : 00000000;
bc58 : 00000000;
bc59 : 00000000;
bc5a : 00000000;
bc5b : 00000000;
bc5c : 00000000;
bc5d : 00000000;
bc5e : 00000000;
bc5f : 00000000;
bc60 : 00000000;
bc61 : 00000000;
bc62 : 00000000;
bc63 : 00000000;
bc64 : 00000000;
bc65 : 00000000;
bc66 : 00000000;
bc67 : 00000000;
bc68 : 00000000;
bc69 : 00000000;
bc6a : 00000000;
bc6b : 00000000;
bc6c : 00000000;
bc6d : 00000000;
bc6e : 00000000;
bc6f : 00000000;
bc70 : 00000000;
bc71 : 00000000;
bc72 : 00000000;
bc73 : 00000000;
bc74 : 00000000;
bc75 : 00000000;
bc76 : 00000000;
bc77 : 00000000;
bc78 : 00000000;
bc79 : 00000000;
bc7a : 00000000;
bc7b : 00000000;
bc7c : 00000000;
bc7d : 00000000;
bc7e : 00000000;
bc7f : 00000000;
bc80 : 00000000;
bc81 : 00000000;
bc82 : 00000000;
bc83 : 00000000;
bc84 : 00000000;
bc85 : 00000000;
bc86 : 00000000;
bc87 : 00000000;
bc88 : 00000000;
bc89 : 00000000;
bc8a : 00000000;
bc8b : 00000000;
bc8c : 00000000;
bc8d : 00000000;
bc8e : 00000000;
bc8f : 00000000;
bc90 : 00000000;
bc91 : 00000000;
bc92 : 00000000;
bc93 : 00000000;
bc94 : 00000000;
bc95 : 00000000;
bc96 : 00000000;
bc97 : 00000000;
bc98 : 00000000;
bc99 : 00000000;
bc9a : 00000000;
bc9b : 00000000;
bc9c : 00000000;
bc9d : 00000000;
bc9e : 00000000;
bc9f : 00000000;
bca0 : 00000000;
bca1 : 00000000;
bca2 : 00000000;
bca3 : 00000000;
bca4 : 00000000;
bca5 : 00000000;
bca6 : 00000000;
bca7 : 00000000;
bca8 : 00000000;
bca9 : 00000000;
bcaa : 00000000;
bcab : 00000000;
bcac : 00000000;
bcad : 00000000;
bcae : 00000000;
bcaf : 00000000;
bcb0 : 00000000;
bcb1 : 00000000;
bcb2 : 00000000;
bcb3 : 00000000;
bcb4 : 00000000;
bcb5 : 00000000;
bcb6 : 00000000;
bcb7 : 00000000;
bcb8 : 00000000;
bcb9 : 00000000;
bcba : 00000000;
bcbb : 00000000;
bcbc : 00000000;
bcbd : 00000000;
bcbe : 00000000;
bcbf : 00000000;
bcc0 : 00000000;
bcc1 : 00000000;
bcc2 : 00000000;
bcc3 : 00000000;
bcc4 : 00000000;
bcc5 : 00000000;
bcc6 : 00000000;
bcc7 : 00000000;
bcc8 : 00000000;
bcc9 : 00000000;
bcca : 00000000;
bccb : 00000000;
bccc : 00000000;
bccd : 00000000;
bcce : 00000000;
bccf : 00000000;
bcd0 : 00000000;
bcd1 : 00000000;
bcd2 : 00000000;
bcd3 : 00000000;
bcd4 : 00000000;
bcd5 : 00000000;
bcd6 : 00000000;
bcd7 : 00000000;
bcd8 : 00000000;
bcd9 : 00000000;
bcda : 00000000;
bcdb : 00000000;
bcdc : 00000000;
bcdd : 00000000;
bcde : 00000000;
bcdf : 00000000;
bce0 : 00000000;
bce1 : 00000000;
bce2 : 00000000;
bce3 : 00000000;
bce4 : 00000000;
bce5 : 00000000;
bce6 : 00000000;
bce7 : 00000000;
bce8 : 00000000;
bce9 : 00000000;
bcea : 00000000;
bceb : 00000000;
bcec : 00000000;
bced : 00000000;
bcee : 00000000;
bcef : 00000000;
bcf0 : 00000000;
bcf1 : 00000000;
bcf2 : 00000000;
bcf3 : 00000000;
bcf4 : 00000000;
bcf5 : 00000000;
bcf6 : 00000000;
bcf7 : 00000000;
bcf8 : 00000000;
bcf9 : 00000000;
bcfa : 00000000;
bcfb : 00000000;
bcfc : 00000000;
bcfd : 00000000;
bcfe : 00000000;
bcff : 00000000;
bd00 : 00000000;
bd01 : 00000000;
bd02 : 00000000;
bd03 : 00000000;
bd04 : 00000000;
bd05 : 00000000;
bd06 : 00000000;
bd07 : 00000000;
bd08 : 00000000;
bd09 : 00000000;
bd0a : 00000000;
bd0b : 00000000;
bd0c : 00000000;
bd0d : 00000000;
bd0e : 00000000;
bd0f : 00000000;
bd10 : 00000000;
bd11 : 00000000;
bd12 : 00000000;
bd13 : 00000000;
bd14 : 00000000;
bd15 : 00000000;
bd16 : 00000000;
bd17 : 00000000;
bd18 : 00000000;
bd19 : 00000000;
bd1a : 00000000;
bd1b : 00000000;
bd1c : 00000000;
bd1d : 00000000;
bd1e : 00000000;
bd1f : 00000000;
bd20 : 00000000;
bd21 : 00000000;
bd22 : 00000000;
bd23 : 00000000;
bd24 : 00000000;
bd25 : 00000000;
bd26 : 00000000;
bd27 : 00000000;
bd28 : 00000000;
bd29 : 00000000;
bd2a : 00000000;
bd2b : 00000000;
bd2c : 00000000;
bd2d : 00000000;
bd2e : 00000000;
bd2f : 00000000;
bd30 : 00000000;
bd31 : 00000000;
bd32 : 00000000;
bd33 : 00000000;
bd34 : 00000000;
bd35 : 00000000;
bd36 : 00000000;
bd37 : 00000000;
bd38 : 00000000;
bd39 : 00000000;
bd3a : 00000000;
bd3b : 00000000;
bd3c : 00000000;
bd3d : 00000000;
bd3e : 00000000;
bd3f : 00000000;
bd40 : 00000000;
bd41 : 00000000;
bd42 : 00000000;
bd43 : 00000000;
bd44 : 00000000;
bd45 : 00000000;
bd46 : 00000000;
bd47 : 00000000;
bd48 : 00000000;
bd49 : 00000000;
bd4a : 00000000;
bd4b : 00000000;
bd4c : 00000000;
bd4d : 00000000;
bd4e : 00000000;
bd4f : 00000000;
bd50 : 00000000;
bd51 : 00000000;
bd52 : 00000000;
bd53 : 00000000;
bd54 : 00000000;
bd55 : 00000000;
bd56 : 00000000;
bd57 : 00000000;
bd58 : 00000000;
bd59 : 00000000;
bd5a : 00000000;
bd5b : 00000000;
bd5c : 00000000;
bd5d : 00000000;
bd5e : 00000000;
bd5f : 00000000;
bd60 : 00000000;
bd61 : 00000000;
bd62 : 00000000;
bd63 : 00000000;
bd64 : 00000000;
bd65 : 00000000;
bd66 : 00000000;
bd67 : 00000000;
bd68 : 00000000;
bd69 : 00000000;
bd6a : 00000000;
bd6b : 00000000;
bd6c : 00000000;
bd6d : 00000000;
bd6e : 00000000;
bd6f : 00000000;
bd70 : 00000000;
bd71 : 00000000;
bd72 : 00000000;
bd73 : 00000000;
bd74 : 00000000;
bd75 : 00000000;
bd76 : 00000000;
bd77 : 00000000;
bd78 : 00000000;
bd79 : 00000000;
bd7a : 00000000;
bd7b : 00000000;
bd7c : 00000000;
bd7d : 00000000;
bd7e : 00000000;
bd7f : 00000000;
bd80 : 00000000;
bd81 : 00000000;
bd82 : 00000000;
bd83 : 00000000;
bd84 : 00000000;
bd85 : 00000000;
bd86 : 00000000;
bd87 : 00000000;
bd88 : 00000000;
bd89 : 00000000;
bd8a : 00000000;
bd8b : 00000000;
bd8c : 00000000;
bd8d : 00000000;
bd8e : 00000000;
bd8f : 00000000;
bd90 : 00000000;
bd91 : 00000000;
bd92 : 00000000;
bd93 : 00000000;
bd94 : 00000000;
bd95 : 00000000;
bd96 : 00000000;
bd97 : 00000000;
bd98 : 00000000;
bd99 : 00000000;
bd9a : 00000000;
bd9b : 00000000;
bd9c : 00000000;
bd9d : 00000000;
bd9e : 00000000;
bd9f : 00000000;
bda0 : 00000000;
bda1 : 00000000;
bda2 : 00000000;
bda3 : 00000000;
bda4 : 00000000;
bda5 : 00000000;
bda6 : 00000000;
bda7 : 00000000;
bda8 : 00000000;
bda9 : 00000000;
bdaa : 00000000;
bdab : 00000000;
bdac : 00000000;
bdad : 00000000;
bdae : 00000000;
bdaf : 00000000;
bdb0 : 00000000;
bdb1 : 00000000;
bdb2 : 00000000;
bdb3 : 00000000;
bdb4 : 00000000;
bdb5 : 00000000;
bdb6 : 00000000;
bdb7 : 00000000;
bdb8 : 00000000;
bdb9 : 00000000;
bdba : 00000000;
bdbb : 00000000;
bdbc : 00000000;
bdbd : 00000000;
bdbe : 00000000;
bdbf : 00000000;
bdc0 : 00000000;
bdc1 : 00000000;
bdc2 : 00000000;
bdc3 : 00000000;
bdc4 : 00000000;
bdc5 : 00000000;
bdc6 : 00000000;
bdc7 : 00000000;
bdc8 : 00000000;
bdc9 : 00000000;
bdca : 00000000;
bdcb : 00000000;
bdcc : 00000000;
bdcd : 00000000;
bdce : 00000000;
bdcf : 00000000;
bdd0 : 00000000;
bdd1 : 00000000;
bdd2 : 00000000;
bdd3 : 00000000;
bdd4 : 00000000;
bdd5 : 00000000;
bdd6 : 00000000;
bdd7 : 00000000;
bdd8 : 00000000;
bdd9 : 00000000;
bdda : 00000000;
bddb : 00000000;
bddc : 00000000;
bddd : 00000000;
bdde : 00000000;
bddf : 00000000;
bde0 : 00000000;
bde1 : 00000000;
bde2 : 00000000;
bde3 : 00000000;
bde4 : 00000000;
bde5 : 00000000;
bde6 : 00000000;
bde7 : 00000000;
bde8 : 00000000;
bde9 : 00000000;
bdea : 00000000;
bdeb : 00000000;
bdec : 00000000;
bded : 00000000;
bdee : 00000000;
bdef : 00000000;
bdf0 : 00000000;
bdf1 : 00000000;
bdf2 : 00000000;
bdf3 : 00000000;
bdf4 : 00000000;
bdf5 : 00000000;
bdf6 : 00000000;
bdf7 : 00000000;
bdf8 : 00000000;
bdf9 : 00000000;
bdfa : 00000000;
bdfb : 00000000;
bdfc : 00000000;
bdfd : 00000000;
bdfe : 00000000;
bdff : 00000000;
be00 : 00000000;
be01 : 00000000;
be02 : 00000000;
be03 : 00000000;
be04 : 00000000;
be05 : 00000000;
be06 : 00000000;
be07 : 00000000;
be08 : 00000000;
be09 : 00000000;
be0a : 00000000;
be0b : 00000000;
be0c : 00000000;
be0d : 00000000;
be0e : 00000000;
be0f : 00000000;
be10 : 00000000;
be11 : 00000000;
be12 : 00000000;
be13 : 00000000;
be14 : 00000000;
be15 : 00000000;
be16 : 00000000;
be17 : 00000000;
be18 : 00000000;
be19 : 00000000;
be1a : 00000000;
be1b : 00000000;
be1c : 00000000;
be1d : 00000000;
be1e : 00000000;
be1f : 00000000;
be20 : 00000000;
be21 : 00000000;
be22 : 00000000;
be23 : 00000000;
be24 : 00000000;
be25 : 00000000;
be26 : 00000000;
be27 : 00000000;
be28 : 00000000;
be29 : 00000000;
be2a : 00000000;
be2b : 00000000;
be2c : 00000000;
be2d : 00000000;
be2e : 00000000;
be2f : 00000000;
be30 : 00000000;
be31 : 00000000;
be32 : 00000000;
be33 : 00000000;
be34 : 00000000;
be35 : 00000000;
be36 : 00000000;
be37 : 00000000;
be38 : 00000000;
be39 : 00000000;
be3a : 00000000;
be3b : 00000000;
be3c : 00000000;
be3d : 00000000;
be3e : 00000000;
be3f : 00000000;
be40 : 00000000;
be41 : 00000000;
be42 : 00000000;
be43 : 00000000;
be44 : 00000000;
be45 : 00000000;
be46 : 00000000;
be47 : 00000000;
be48 : 00000000;
be49 : 00000000;
be4a : 00000000;
be4b : 00000000;
be4c : 00000000;
be4d : 00000000;
be4e : 00000000;
be4f : 00000000;
be50 : 00000000;
be51 : 00000000;
be52 : 00000000;
be53 : 00000000;
be54 : 00000000;
be55 : 00000000;
be56 : 00000000;
be57 : 00000000;
be58 : 00000000;
be59 : 00000000;
be5a : 00000000;
be5b : 00000000;
be5c : 00000000;
be5d : 00000000;
be5e : 00000000;
be5f : 00000000;
be60 : 00000000;
be61 : 00000000;
be62 : 00000000;
be63 : 00000000;
be64 : 00000000;
be65 : 00000000;
be66 : 00000000;
be67 : 00000000;
be68 : 00000000;
be69 : 00000000;
be6a : 00000000;
be6b : 00000000;
be6c : 00000000;
be6d : 00000000;
be6e : 00000000;
be6f : 00000000;
be70 : 00000000;
be71 : 00000000;
be72 : 00000000;
be73 : 00000000;
be74 : 00000000;
be75 : 00000000;
be76 : 00000000;
be77 : 00000000;
be78 : 00000000;
be79 : 00000000;
be7a : 00000000;
be7b : 00000000;
be7c : 00000000;
be7d : 00000000;
be7e : 00000000;
be7f : 00000000;
be80 : 00000000;
be81 : 00000000;
be82 : 00000000;
be83 : 00000000;
be84 : 00000000;
be85 : 00000000;
be86 : 00000000;
be87 : 00000000;
be88 : 00000000;
be89 : 00000000;
be8a : 00000000;
be8b : 00000000;
be8c : 00000000;
be8d : 00000000;
be8e : 00000000;
be8f : 00000000;
be90 : 00000000;
be91 : 00000000;
be92 : 00000000;
be93 : 00000000;
be94 : 00000000;
be95 : 00000000;
be96 : 00000000;
be97 : 00000000;
be98 : 00000000;
be99 : 00000000;
be9a : 00000000;
be9b : 00000000;
be9c : 00000000;
be9d : 00000000;
be9e : 00000000;
be9f : 00000000;
bea0 : 00000000;
bea1 : 00000000;
bea2 : 00000000;
bea3 : 00000000;
bea4 : 00000000;
bea5 : 00000000;
bea6 : 00000000;
bea7 : 00000000;
bea8 : 00000000;
bea9 : 00000000;
beaa : 00000000;
beab : 00000000;
beac : 00000000;
bead : 00000000;
beae : 00000000;
beaf : 00000000;
beb0 : 00000000;
beb1 : 00000000;
beb2 : 00000000;
beb3 : 00000000;
beb4 : 00000000;
beb5 : 00000000;
beb6 : 00000000;
beb7 : 00000000;
beb8 : 00000000;
beb9 : 00000000;
beba : 00000000;
bebb : 00000000;
bebc : 00000000;
bebd : 00000000;
bebe : 00000000;
bebf : 00000000;
bec0 : 00000000;
bec1 : 00000000;
bec2 : 00000000;
bec3 : 00000000;
bec4 : 00000000;
bec5 : 00000000;
bec6 : 00000000;
bec7 : 00000000;
bec8 : 00000000;
bec9 : 00000000;
beca : 00000000;
becb : 00000000;
becc : 00000000;
becd : 00000000;
bece : 00000000;
becf : 00000000;
bed0 : 00000000;
bed1 : 00000000;
bed2 : 00000000;
bed3 : 00000000;
bed4 : 00000000;
bed5 : 00000000;
bed6 : 00000000;
bed7 : 00000000;
bed8 : 00000000;
bed9 : 00000000;
beda : 00000000;
bedb : 00000000;
bedc : 00000000;
bedd : 00000000;
bede : 00000000;
bedf : 00000000;
bee0 : 00000000;
bee1 : 00000000;
bee2 : 00000000;
bee3 : 00000000;
bee4 : 00000000;
bee5 : 00000000;
bee6 : 00000000;
bee7 : 00000000;
bee8 : 00000000;
bee9 : 00000000;
beea : 00000000;
beeb : 00000000;
beec : 00000000;
beed : 00000000;
beee : 00000000;
beef : 00000000;
bef0 : 00000000;
bef1 : 00000000;
bef2 : 00000000;
bef3 : 00000000;
bef4 : 00000000;
bef5 : 00000000;
bef6 : 00000000;
bef7 : 00000000;
bef8 : 00000000;
bef9 : 00000000;
befa : 00000000;
befb : 00000000;
befc : 00000000;
befd : 00000000;
befe : 00000000;
beff : 00000000;
bf00 : 00000000;
bf01 : 00000000;
bf02 : 00000000;
bf03 : 00000000;
bf04 : 00000000;
bf05 : 00000000;
bf06 : 00000000;
bf07 : 00000000;
bf08 : 00000000;
bf09 : 00000000;
bf0a : 00000000;
bf0b : 00000000;
bf0c : 00000000;
bf0d : 00000000;
bf0e : 00000000;
bf0f : 00000000;
bf10 : 00000000;
bf11 : 00000000;
bf12 : 00000000;
bf13 : 00000000;
bf14 : 00000000;
bf15 : 00000000;
bf16 : 00000000;
bf17 : 00000000;
bf18 : 00000000;
bf19 : 00000000;
bf1a : 00000000;
bf1b : 00000000;
bf1c : 00000000;
bf1d : 00000000;
bf1e : 00000000;
bf1f : 00000000;
bf20 : 00000000;
bf21 : 00000000;
bf22 : 00000000;
bf23 : 00000000;
bf24 : 00000000;
bf25 : 00000000;
bf26 : 00000000;
bf27 : 00000000;
bf28 : 00000000;
bf29 : 00000000;
bf2a : 00000000;
bf2b : 00000000;
bf2c : 00000000;
bf2d : 00000000;
bf2e : 00000000;
bf2f : 00000000;
bf30 : 00000000;
bf31 : 00000000;
bf32 : 00000000;
bf33 : 00000000;
bf34 : 00000000;
bf35 : 00000000;
bf36 : 00000000;
bf37 : 00000000;
bf38 : 00000000;
bf39 : 00000000;
bf3a : 00000000;
bf3b : 00000000;
bf3c : 00000000;
bf3d : 00000000;
bf3e : 00000000;
bf3f : 00000000;
bf40 : 00000000;
bf41 : 00000000;
bf42 : 00000000;
bf43 : 00000000;
bf44 : 00000000;
bf45 : 00000000;
bf46 : 00000000;
bf47 : 00000000;
bf48 : 00000000;
bf49 : 00000000;
bf4a : 00000000;
bf4b : 00000000;
bf4c : 00000000;
bf4d : 00000000;
bf4e : 00000000;
bf4f : 00000000;
bf50 : 00000000;
bf51 : 00000000;
bf52 : 00000000;
bf53 : 00000000;
bf54 : 00000000;
bf55 : 00000000;
bf56 : 00000000;
bf57 : 00000000;
bf58 : 00000000;
bf59 : 00000000;
bf5a : 00000000;
bf5b : 00000000;
bf5c : 00000000;
bf5d : 00000000;
bf5e : 00000000;
bf5f : 00000000;
bf60 : 00000000;
bf61 : 00000000;
bf62 : 00000000;
bf63 : 00000000;
bf64 : 00000000;
bf65 : 00000000;
bf66 : 00000000;
bf67 : 00000000;
bf68 : 00000000;
bf69 : 00000000;
bf6a : 00000000;
bf6b : 00000000;
bf6c : 00000000;
bf6d : 00000000;
bf6e : 00000000;
bf6f : 00000000;
bf70 : 00000000;
bf71 : 00000000;
bf72 : 00000000;
bf73 : 00000000;
bf74 : 00000000;
bf75 : 00000000;
bf76 : 00000000;
bf77 : 00000000;
bf78 : 00000000;
bf79 : 00000000;
bf7a : 00000000;
bf7b : 00000000;
bf7c : 00000000;
bf7d : 00000000;
bf7e : 00000000;
bf7f : 00000000;
bf80 : 00000000;
bf81 : 00000000;
bf82 : 00000000;
bf83 : 00000000;
bf84 : 00000000;
bf85 : 00000000;
bf86 : 00000000;
bf87 : 00000000;
bf88 : 00000000;
bf89 : 00000000;
bf8a : 00000000;
bf8b : 00000000;
bf8c : 00000000;
bf8d : 00000000;
bf8e : 00000000;
bf8f : 00000000;
bf90 : 00000000;
bf91 : 00000000;
bf92 : 00000000;
bf93 : 00000000;
bf94 : 00000000;
bf95 : 00000000;
bf96 : 00000000;
bf97 : 00000000;
bf98 : 00000000;
bf99 : 00000000;
bf9a : 00000000;
bf9b : 00000000;
bf9c : 00000000;
bf9d : 00000000;
bf9e : 00000000;
bf9f : 00000000;
bfa0 : 00000000;
bfa1 : 00000000;
bfa2 : 00000000;
bfa3 : 00000000;
bfa4 : 00000000;
bfa5 : 00000000;
bfa6 : 00000000;
bfa7 : 00000000;
bfa8 : 00000000;
bfa9 : 00000000;
bfaa : 00000000;
bfab : 00000000;
bfac : 00000000;
bfad : 00000000;
bfae : 00000000;
bfaf : 00000000;
bfb0 : 00000000;
bfb1 : 00000000;
bfb2 : 00000000;
bfb3 : 00000000;
bfb4 : 00000000;
bfb5 : 00000000;
bfb6 : 00000000;
bfb7 : 00000000;
bfb8 : 00000000;
bfb9 : 00000000;
bfba : 00000000;
bfbb : 00000000;
bfbc : 00000000;
bfbd : 00000000;
bfbe : 00000000;
bfbf : 00000000;
bfc0 : 00000000;
bfc1 : 00000000;
bfc2 : 00000000;
bfc3 : 00000000;
bfc4 : 00000000;
bfc5 : 00000000;
bfc6 : 00000000;
bfc7 : 00000000;
bfc8 : 00000000;
bfc9 : 00000000;
bfca : 00000000;
bfcb : 00000000;
bfcc : 00000000;
bfcd : 00000000;
bfce : 00000000;
bfcf : 00000000;
bfd0 : 00000000;
bfd1 : 00000000;
bfd2 : 00000000;
bfd3 : 00000000;
bfd4 : 00000000;
bfd5 : 00000000;
bfd6 : 00000000;
bfd7 : 00000000;
bfd8 : 00000000;
bfd9 : 00000000;
bfda : 00000000;
bfdb : 00000000;
bfdc : 00000000;
bfdd : 00000000;
bfde : 00000000;
bfdf : 00000000;
bfe0 : 00000000;
bfe1 : 00000000;
bfe2 : 00000000;
bfe3 : 00000000;
bfe4 : 00000000;
bfe5 : 00000000;
bfe6 : 00000000;
bfe7 : 00000000;
bfe8 : 00000000;
bfe9 : 00000000;
bfea : 00000000;
bfeb : 00000000;
bfec : 00000000;
bfed : 00000000;
bfee : 00000000;
bfef : 00000000;
bff0 : 00000000;
bff1 : 00000000;
bff2 : 00000000;
bff3 : 00000000;
bff4 : 00000000;
bff5 : 00000000;
bff6 : 00000000;
bff7 : 00000000;
bff8 : 00000000;
bff9 : 00000000;
bffa : 00000000;
bffb : 00000000;
bffc : 00000000;
bffd : 00000000;
bffe : 00000000;
bfff : 00000000;
END;
