Info: *******************************************************************
Info: Running Quartus Prime SignalTap II
    Info: Version 17.0.0 Build 595 04/25/2017 SJ Standard Edition
    Info: Copyright (C) 2017  Intel Corporation. All rights reserved.
    Info: Your use of Intel Corporation's design tools, logic functions 
    Info: and other software and tools, and its AMPP partner logic 
    Info: functions, and any output files from any of the foregoing 
    Info: (including device programming or simulation files), and any 
    Info: associated documentation or information are expressly subject 
    Info: to the terms and conditions of the Intel Program License 
    Info: Subscription Agreement, the Intel Quartus Prime License Agreement,
    Info: the Intel MegaCore Function License Agreement, or other 
    Info: applicable license agreement, including, without limitation, 
    Info: that your use is for the sole purpose of programming logic 
    Info: devices manufactured by Intel and sold by Intel or its 
    Info: authorized distributors.  Please refer to the applicable 
    Info: agreement for further details.
    Info: Processing started: Sun Aug 23 17:53:49 2026
Info: Command: quartus_stp -t /home/b10504072/04_WR/scripts/jtag/read_step4_dmtd_boundary.tcl 100 200
Info: Quartus(args): 100 200
DMTD_BOUNDARY_CONFIG samples=100 gap_ms=200 trr_r0_read=disabled
=== DE5 [1-11.1] ===
DMTD_BOUNDARY_SAMPLE board=DE5 [1-11.1] sample=001 STATUS=001094C1235C82FF
DMTD_BOUNDARY_CORE: CSR=01010000 STAT_CR=00000000 STAT_VAL=00000000 DEGLITCH_THR=000003E8 SAMPLED_REF=DC9D9D9F SAMPLED_FB=F2CAD404 ACCEPT_REF=00280201 ACCEPT_FB=02424D62 STAB_REF=0000 STAB_FB=0001
DMTD_BOUNDARY_ENABLE: RCER=00000000 OCER=00280201 EIC_IER=000002E8 EIC_IMR=000002E9 EIC_ISR=000002E9 TRR_CSR=00020000
DMTD_BOUNDARY_EVENT: REF=001C89C1 FB=009E56ED REF_SEEN=3E680EE5 FB_SEEN=44573589 REF_LAST=048A9ABE FB_LAST=048A9ABF NOW=0D4F64A8
DMTD_BOUNDARY_TAG: SOURCE=00B6FFC8 REF=001C89C1 FB=009E56ED REF_LAST=048A9ABF FB_LAST=048A9AC0
DMTD_BOUNDARY_ARB: PENDING=00000000 GRANT=00000000 PENDING_LAST=00000000 GRANT_LAST=00000000
DMTD_BOUNDARY_OUTPUT: VALID=00000000 TRR_WRITE=00000000 VALID_LAST=00000000 TRR_LAST=00000000
DMTD_BOUNDARY_GATE: REF_ENABLED=00000000 FB_ENABLED=00000000 REF_REQ_SET=00000000 FB_REQ_SET=00000000
DMTD_BOUNDARY_GATE_LAST: REF_ENABLED=00000000 FB_ENABLED=00000000 REF_REQ=00000000 FB_REQ=00000000
DMTD_BOUNDARY_STATE: RAW=0C000008 REF_STATE=0 FB_STATE=2 REF_RESET=0 FB_RESET=0
DMTD_BOUNDARY_SAMPLE board=DE5 [1-11.1] sample=002 STATUS=001094E3339C82FF
DMTD_BOUNDARY_CORE: CSR=01010000 STAT_CR=00000000 STAT_VAL=00000000 DEGLITCH_THR=000003E8 SAMPLED_REF=DFF3FDE7 SAMPLED_FB=F622D8FC ACCEPT_REF=006803B9 ACCEPT_FB=02424D62 STAB_REF=0001 STAB_FB=0000
DMTD_BOUNDARY_ENABLE: RCER=00000000 OCER=00280201 EIC_IER=000002E8 EIC_IMR=000002E9 EIC_ISR=000002E8 TRR_CSR=00020000
DMTD_BOUNDARY_EVENT: REF=001C89C1 FB=009E56ED REF_SEEN=7DAE0EE5 FB_SEEN=CC3D3589 REF_LAST=048A9ABE FB_LAST=048A9ABF NOW=0F001AF9
DMTD_BOUNDARY_TAG: SOURCE=00B6FFC8 REF=001C89C1 FB=009E56ED REF_LAST=048A9ABF FB_LAST=048A9AC0
DMTD_BOUNDARY_ARB: PENDING=00000000 GRANT=00000000 PENDING_LAST=00000000 GRANT_LAST=00000000
DMTD_BOUNDARY_OUTPUT: VALID=00000000 TRR_WRITE=00000000 VALID_LAST=00000000 TRR_LAST=00000000
DMTD_BOUNDARY_GATE: REF_ENABLED=00000000 FB_ENABLED=00000000 REF_REQ_SET=00000000 FB_REQ_SET=00000000
DMTD_BOUNDARY_GATE_LAST: REF_ENABLED=00000000 FB_ENABLED=00000000 REF_REQ=00000000 FB_REQ=00000000
DMTD_BOUNDARY_STATE: RAW=0C000008 REF_STATE=0 FB_STATE=2 REF_RESET=0 FB_RESET=0
DMTD_BOUNDARY_SAMPLE board=DE5 [1-11.1] sample=003 STATUS=00109441235C82FF
DMTD_BOUNDARY_CORE: CSR=01010000 STAT_CR=00000000 STAT_VAL=00000000 DEGLITCH_THR=000003E8 SAMPLED_REF=E34F5A03 SAMPLED_FB=F97F983A ACCEPT_REF=006803B9 ACCEPT_FB=02424D62 STAB_REF=0000 STAB_FB=0000
DMTD_BOUNDARY_ENABLE: RCER=00000000 OCER=006803B9 EIC_IER=000002E8 EIC_IMR=000002E9 EIC_ISR=000002E8 TRR_CSR=00020000
DMTD_BOUNDARY_EVENT: REF=001C89C1 FB=009E56ED REF_SEEN=B77C0EE5 FB_SEEN=9F3D3589 REF_LAST=048A9ABE FB_LAST=048A9ABF NOW=10B194F3
DMTD_BOUNDARY_TAG: SOURCE=00B6FFC8 REF=001C89C1 FB=009E56ED REF_LAST=048A9ABF FB_LAST=048A9AC0
DMTD_BOUNDARY_ARB: PENDING=00000000 GRANT=00000000 PENDING_LAST=00000000 GRANT_LAST=00000000
DMTD_BOUNDARY_OUTPUT: VALID=00000000 TRR_WRITE=00000000 VALID_LAST=00000000 TRR_LAST=00000000
DMTD_BOUNDARY_GATE: REF_ENABLED=00000000 FB_ENABLED=00000000 REF_REQ_SET=00000000 FB_REQ_SET=00000000
DMTD_BOUNDARY_GATE_LAST: REF_ENABLED=00000000 FB_ENABLED=00000000 REF_REQ=00000000 FB_REQ=00000000
DMTD_BOUNDARY_STATE: RAW=0C000008 REF_STATE=0 FB_STATE=2 REF_RESET=0 FB_RESET=0
DMTD_BOUNDARY_SAMPLE board=DE5 [1-11.1] sample=004 STATUS=00109441235082FF
DMTD_BOUNDARY_CORE: CSR=01010000 STAT_CR=00000000 STAT_VAL=00000000 DEGLITCH_THR=000003E8 SAMPLED_REF=E6A51E6B SAMPLED_FB=FCD66C01 ACCEPT_REF=006803B9 ACCEPT_FB=02424D62 STAB_REF=0001 STAB_FB=0000
DMTD_BOUNDARY_ENABLE: RCER=00000000 OCER=00280201 EIC_IER=000002E8 EIC_IMR=000002E9 EIC_ISR=000002E8 TRR_CSR=00020000
DMTD_BOUNDARY_EVENT: REF=001C89C1 FB=009E56ED REF_SEEN=F5E80EE5 FB_SEEN=2AB53589 REF_LAST=048A9ABE FB_LAST=048A9ABF NOW=12604347
DMTD_BOUNDARY_TAG: SOURCE=00B6FFC8 REF=001C89C1 FB=009E56ED REF_LAST=048A9ABF FB_LAST=048A9AC0
DMTD_BOUNDARY_ARB: PENDING=00000000 GRANT=00000000 PENDING_LAST=00000000 GRANT_LAST=00000000
DMTD_BOUNDARY_OUTPUT: VALID=00000000 TRR_WRITE=00000000 VALID_LAST=00000000 TRR_LAST=00000000
DMTD_BOUNDARY_GATE: REF_ENABLED=00000000 FB_ENABLED=00000000 REF_REQ_SET=00000000 FB_REQ_SET=00000000
DMTD_BOUNDARY_GATE_LAST: REF_ENABLED=00000000 FB_ENABLED=00000000 REF_REQ=00000000 FB_REQ=00000000
DMTD_BOUNDARY_STATE: RAW=0C000008 REF_STATE=0 FB_STATE=2 REF_RESET=0 FB_RESET=0
DMTD_BOUNDARY_SAMPLE board=DE5 [1-11.1] sample=005 STATUS=0010946333F082FF
DMTD_BOUNDARY_CORE: CSR=01010000 STAT_CR=00000000 STAT_VAL=00000000 DEGLITCH_THR=000003E8 SAMPLED_REF=E9FFF109 SAMPLED_FB=0032D874 ACCEPT_REF=006803B9 ACCEPT_FB=02424D62 STAB_REF=0001 STAB_FB=0001
DMTD_BOUNDARY_ENABLE: RCER=00000000 OCER=00280201 EIC_IER=000002E8 EIC_IMR=000002E9 EIC_ISR=000002E8 TRR_CSR=00020000
DMTD_BOUNDARY_EVENT: REF=001C89C1 FB=009E56ED REF_SEEN=50760EE5 FB_SEEN=7A8F3589 REF_LAST=048A9ABE FB_LAST=048A9ABF NOW=14133342
DMTD_BOUNDARY_TAG: SOURCE=00B6FFC8 REF=001C89C1 FB=009E56ED REF_LAST=048A9ABF FB_LAST=048A9AC0
DMTD_BOUNDARY_ARB: PENDING=00000000 GRANT=00000000 PENDING_LAST=00000000 GRANT_LAST=00000000
DMTD_BOUNDARY_OUTPUT: VALID=00000000 TRR_WRITE=00000000 VALID_LAST=00000000 TRR_LAST=00000000
DMTD_BOUNDARY_GATE: REF_ENABLED=00000000 FB_ENABLED=00000000 REF_REQ_SET=00000000 FB_REQ_SET=00000000
DMTD_BOUNDARY_GATE_LAST: REF_ENABLED=00000000 FB_ENABLED=00000000 REF_REQ=00000000 FB_REQ=00000000
DMTD_BOUNDARY_STATE: RAW=0C000008 REF_STATE=0 FB_STATE=2 REF_RESET=0 FB_RESET=0
DMTD_BOUNDARY_SAMPLE board=DE5 [1-11.1] sample=006 STATUS=001094E133BC82FF
DMTD_BOUNDARY_CORE: CSR=01010000 STAT_CR=00000000 STAT_VAL=00000000 DEGLITCH_THR=000003E8 SAMPLED_REF=ED5BA7A0 SAMPLED_FB=038F90CE ACCEPT_REF=006803B9 ACCEPT_FB=02424D62 STAB_REF=0001 STAB_FB=0000
DMTD_BOUNDARY_ENABLE: RCER=00000000 OCER=00280201 EIC_IER=000002E8 EIC_IMR=000002E9 EIC_ISR=000002E8 TRR_CSR=00020000
DMTD_BOUNDARY_EVENT: REF=001C89C1 FB=009E56ED REF_SEEN=AE8A0EE5 FB_SEEN=E4073589 REF_LAST=048A9ABE FB_LAST=048A9ABF NOW=15C3D4CE
DMTD_BOUNDARY_TAG: SOURCE=00B6FFC8 REF=001C89C1 FB=009E56ED REF_LAST=048A9ABF FB_LAST=048A9AC0
DMTD_BOUNDARY_ARB: PENDING=00000000 GRANT=00000000 PENDING_LAST=00000000 GRANT_LAST=00000000
DMTD_BOUNDARY_OUTPUT: VALID=00000000 TRR_WRITE=00000000 VALID_LAST=00000000 TRR_LAST=00000000
DMTD_BOUNDARY_GATE: REF_ENABLED=00000000 FB_ENABLED=00000000 REF_REQ_SET=00000000 FB_REQ_SET=00000000
DMTD_BOUNDARY_GATE_LAST: REF_ENABLED=00000000 FB_ENABLED=00000000 REF_REQ=00000000 FB_REQ=00000000
DMTD_BOUNDARY_STATE: RAW=0C000008 REF_STATE=0 FB_STATE=2 REF_RESET=0 FB_RESET=0
DMTD_BOUNDARY_SAMPLE board=DE5 [1-11.1] sample=007 STATUS=0010946333BC82FF
DMTD_BOUNDARY_CORE: CSR=01010000 STAT_CR=00000000 STAT_VAL=00000000 DEGLITCH_THR=000003E8 SAMPLED_REF=02424D62 SAMPLED_FB=06EA44F3 ACCEPT_REF=006803B9 ACCEPT_FB=02424D62 STAB_REF=0001 STAB_FB=0000
DMTD_BOUNDARY_ENABLE: RCER=00000000 OCER=00280201 EIC_IER=000003E8 EIC_IMR=000002E9 EIC_ISR=000002E8 TRR_CSR=00020000
DMTD_BOUNDARY_EVENT: REF=001C89C1 FB=009E56ED REF_SEEN=DA9A0EE5 FB_SEEN=CD173589 REF_LAST=048A9ABE FB_LAST=048A9ABF NOW=048A9ABE
DMTD_BOUNDARY_TAG: SOURCE=00B6FFC8 REF=001C89C1 FB=009E56ED REF_LAST=048A9ABF FB_LAST=00000000
DMTD_BOUNDARY_ARB: PENDING=00000000 GRANT=00000000 PENDING_LAST=00000000 GRANT_LAST=00000000
DMTD_BOUNDARY_OUTPUT: VALID=00000000 TRR_WRITE=00000000 VALID_LAST=00000000 TRR_LAST=00000000
DMTD_BOUNDARY_GATE: REF_ENABLED=00000000 FB_ENABLED=00000000 REF_REQ_SET=00000000 FB_REQ_SET=00000000
DMTD_BOUNDARY_GATE_LAST: REF_ENABLED=00000000 FB_ENABLED=00000000 REF_REQ=00000000 FB_REQ=00000000
DMTD_BOUNDARY_STATE: RAW=0C000008 REF_STATE=0 FB_STATE=2 REF_RESET=0 FB_RESET=0
DMTD_BOUNDARY_SAMPLE board=DE5 [1-11.1] sample=008 STATUS=0010946133F082FF
DMTD_BOUNDARY_CORE: CSR=01010000 STAT_CR=00000000 STAT_VAL=00000000 DEGLITCH_THR=000003E8 SAMPLED_REF=F410AA66 SAMPLED_FB=0A476EAD ACCEPT_REF=006803B9 ACCEPT_FB=F405E14D STAB_REF=0000 STAB_FB=0000
DMTD_BOUNDARY_ENABLE: RCER=00000000 OCER=00280201 EIC_IER=000002E8 EIC_IMR=000002E9 EIC_ISR=000002E8 TRR_CSR=00020000
DMTD_BOUNDARY_EVENT: REF=001C89C1 FB=009E56ED REF_SEEN=D4560EE5 FB_SEEN=CCC73589 REF_LAST=048A9ABE FB_LAST=048A9ABF NOW=19266595
DMTD_BOUNDARY_TAG: SOURCE=00B6FFC8 REF=001C89C1 FB=009E56ED REF_LAST=048A9ABF FB_LAST=048A9AC0
DMTD_BOUNDARY_ARB: PENDING=00000000 GRANT=00000000 PENDING_LAST=00000000 GRANT_LAST=00000000
DMTD_BOUNDARY_OUTPUT: VALID=00000000 TRR_WRITE=00000000 VALID_LAST=00000000 TRR_LAST=00000000
DMTD_BOUNDARY_GATE: REF_ENABLED=00000000 FB_ENABLED=00000000 REF_REQ_SET=00000000 FB_REQ_SET=00000000
DMTD_BOUNDARY_GATE_LAST: REF_ENABLED=00000000 FB_ENABLED=00000000 REF_REQ=00000000 FB_REQ=00000000
DMTD_BOUNDARY_STATE: RAW=0C000008 REF_STATE=0 FB_STATE=2 REF_RESET=0 FB_RESET=0
DMTD_BOUNDARY_SAMPLE board=DE5 [1-11.1] sample=009 STATUS=00109441235082FF
DMTD_BOUNDARY_CORE: CSR=01010000 STAT_CR=00000000 STAT_VAL=00000000 DEGLITCH_THR=000003E8 SAMPLED_REF=F76A2871 SAMPLED_FB=0DA1EB4E ACCEPT_REF=006803B9 ACCEPT_FB=02424D62 STAB_REF=0001 STAB_FB=0000
DMTD_BOUNDARY_ENABLE: RCER=00000000 OCER=00280201 EIC_IER=000002E8 EIC_IMR=000002E9 EIC_ISR=000002E8 TRR_CSR=00020000
DMTD_BOUNDARY_EVENT: REF=001C89C1 FB=009E56ED REF_SEEN=CEB80EE5 FB_SEEN=C6813589 REF_LAST=048A9ABE FB_LAST=048A9ABF NOW=1AD6FE8E
DMTD_BOUNDARY_TAG: SOURCE=00B6FFC8 REF=001C89C1 FB=009E56ED REF_LAST=048A9ABF FB_LAST=048A9AC0
DMTD_BOUNDARY_ARB: PENDING=00000000 GRANT=00000000 PENDING_LAST=00000000 GRANT_LAST=00000000
DMTD_BOUNDARY_OUTPUT: VALID=00000000 TRR_WRITE=00000000 VALID_LAST=00000000 TRR_LAST=00000000
DMTD_BOUNDARY_GATE: REF_ENABLED=00000000 FB_ENABLED=00000000 REF_REQ_SET=00000000 FB_REQ_SET=00000000
DMTD_BOUNDARY_GATE_LAST: REF_ENABLED=00000000 FB_ENABLED=00000000 REF_REQ=00000000 FB_REQ=00000000
DMTD_BOUNDARY_STATE: RAW=0C000008 REF_STATE=0 FB_STATE=2 REF_RESET=0 FB_RESET=0
DMTD_BOUNDARY_SAMPLE board=DE5 [1-11.1] sample=010 STATUS=001094E133BC82FF
DMTD_BOUNDARY_CORE: CSR=01010000 STAT_CR=00000000 STAT_VAL=00000000 DEGLITCH_THR=000003E8 SAMPLED_REF=FAC486F9 SAMPLED_FB=10FD4AF6 ACCEPT_REF=006803B9 ACCEPT_FB=02424D62 STAB_REF=0000 STAB_FB=0001
DMTD_BOUNDARY_ENABLE: RCER=00000000 OCER=00280201 EIC_IER=000003E8 EIC_IMR=000002E9 EIC_ISR=000002E8 TRR_CSR=00020000
DMTD_BOUNDARY_EVENT: REF=001C89C1 FB=009E56ED REF_SEEN=30BA0EE5 FB_SEEN=1DA33589 REF_LAST=048A9ABE FB_LAST=048A9ABF NOW=1C878A41
DMTD_BOUNDARY_TAG: SOURCE=00B6FFC8 REF=001C89C1 FB=009E56ED REF_LAST=048A9ABF FB_LAST=048A9AC0
DMTD_BOUNDARY_ARB: PENDING=00000000 GRANT=00000000 PENDING_LAST=00000000 GRANT_LAST=00000000
DMTD_BOUNDARY_OUTPUT: VALID=00000000 TRR_WRITE=00000000 VALID_LAST=00000000 TRR_LAST=00000000
DMTD_BOUNDARY_GATE: REF_ENABLED=00000000 FB_ENABLED=00000000 REF_REQ_SET=00000000 FB_REQ_SET=00000000
DMTD_BOUNDARY_GATE_LAST: REF_ENABLED=00000000 FB_ENABLED=00000000 REF_REQ=00000000 FB_REQ=00000000
DMTD_BOUNDARY_STATE: RAW=0C000008 REF_STATE=0 FB_STATE=2 REF_RESET=0 FB_RESET=0
DMTD_BOUNDARY_SAMPLE board=DE5 [1-11.1] sample=011 STATUS=001094C1235082FF
DMTD_BOUNDARY_CORE: CSR=01010000 STAT_CR=00000000 STAT_VAL=00000000 DEGLITCH_THR=000003E8 SAMPLED_REF=FE1D09A9 SAMPLED_FB=14571408 ACCEPT_REF=006803B9 ACCEPT_FB=02424D62 STAB_REF=0001 STAB_FB=0001
DMTD_BOUNDARY_ENABLE: RCER=00000000 OCER=00280201 EIC_IER=000002E8 EIC_IMR=000002E9 EIC_ISR=00000000 TRR_CSR=00000000
DMTD_BOUNDARY_EVENT: REF=001C89C1 FB=009E56ED REF_SEEN=23B20EE5 FB_SEEN=CA633589 REF_LAST=048A9ABE FB_LAST=048A9ABF NOW=1E381296
DMTD_BOUNDARY_TAG: SOURCE=00B6FFC8 REF=001C89C1 FB=009E56ED REF_LAST=048A9ABF FB_LAST=048A9AC0
DMTD_BOUNDARY_ARB: PENDING=00000000 GRANT=00000000 PENDING_LAST=00000000 GRANT_LAST=00000000
DMTD_BOUNDARY_OUTPUT: VALID=00000000 TRR_WRITE=00000000 VALID_LAST=00000000 TRR_LAST=00000000
DMTD_BOUNDARY_GATE: REF_ENABLED=00000000 FB_ENABLED=00000000 REF_REQ_SET=00000000 FB_REQ_SET=00000000
DMTD_BOUNDARY_GATE_LAST: REF_ENABLED=00000000 FB_ENABLED=00000000 REF_REQ=00000000 FB_REQ=00000000
DMTD_BOUNDARY_STATE: RAW=0C000008 REF_STATE=0 FB_STATE=2 REF_RESET=0 FB_RESET=0
DMTD_BOUNDARY_SAMPLE board=DE5 [1-11.1] sample=012 STATUS=001094E133BC82FF
DMTD_BOUNDARY_CORE: CSR=01010000 STAT_CR=00000000 STAT_VAL=00000000 DEGLITCH_THR=000003E8 SAMPLED_REF=0179283C SAMPLED_FB=17B45882 ACCEPT_REF=006803B9 ACCEPT_FB=02424D62 STAB_REF=0000 STAB_FB=0001
DMTD_BOUNDARY_ENABLE: RCER=00000000 OCER=00280201 EIC_IER=000002E8 EIC_IMR=000002E9 EIC_ISR=000002E8 TRR_CSR=00000000
DMTD_BOUNDARY_EVENT: REF=001C89C1 FB=009E56ED REF_SEEN=96620EE5 FB_SEEN=51F73589 REF_LAST=048A9ABE FB_LAST=048A9ABF NOW=1FE9B160
DMTD_BOUNDARY_TAG: SOURCE=00B6FFC8 REF=001C89C1 FB=009E56ED REF_LAST=048A9ABF FB_LAST=048A9AC0
DMTD_BOUNDARY_ARB: PENDING=00000000 GRANT=00000000 PENDING_LAST=00000000 GRANT_LAST=00000000
DMTD_BOUNDARY_OUTPUT: VALID=00000000 TRR_WRITE=00000000 VALID_LAST=00000000 TRR_LAST=00000000
DMTD_BOUNDARY_GATE: REF_ENABLED=00000000 FB_ENABLED=00000000 REF_REQ_SET=00000000 FB_REQ_SET=00000000
DMTD_BOUNDARY_GATE_LAST: REF_ENABLED=00000000 FB_ENABLED=00000000 REF_REQ=00000000 FB_REQ=00000000
DMTD_BOUNDARY_STATE: RAW=0C000008 REF_STATE=0 FB_STATE=2 REF_RESET=0 FB_RESET=0
DMTD_BOUNDARY_SAMPLE board=DE5 [1-11.1] sample=013 STATUS=0010946133B082FF
DMTD_BOUNDARY_CORE: CSR=01010000 STAT_CR=00000000 STAT_VAL=00000000 DEGLITCH_THR=000003E8 SAMPLED_REF=04D13226 SAMPLED_FB=1B0D8040 ACCEPT_REF=006803B9 ACCEPT_FB=02424D62 STAB_REF=0001 STAB_FB=0000
DMTD_BOUNDARY_ENABLE: RCER=00000000 OCER=00280201 EIC_IER=000002E8 EIC_IMR=000002E9 EIC_ISR=000002E8 TRR_CSR=00020000
DMTD_BOUNDARY_EVENT: REF=001C89C1 FB=009E56ED REF_SEEN=74BC0EE5 FB_SEEN=A8A73589 REF_LAST=048A9ABE FB_LAST=048A9ABF NOW=21998ADA
DMTD_BOUNDARY_TAG: SOURCE=00B6FFC8 REF=009E56ED FB=009E56ED REF_LAST=048A9ABF FB_LAST=048A9AC0
DMTD_BOUNDARY_ARB: PENDING=00000000 GRANT=00000000 PENDING_LAST=00000000 GRANT_LAST=00000000
DMTD_BOUNDARY_OUTPUT: VALID=00000000 TRR_WRITE=00000000 VALID_LAST=00000000 TRR_LAST=00000000
DMTD_BOUNDARY_GATE: REF_ENABLED=00000000 FB_ENABLED=00000000 REF_REQ_SET=00000000 FB_REQ_SET=00000000
DMTD_BOUNDARY_GATE_LAST: REF_ENABLED=00000000 FB_ENABLED=00000000 REF_REQ=00000000 FB_REQ=00000000
DMTD_BOUNDARY_STATE: RAW=0C000008 REF_STATE=0 FB_STATE=2 REF_RESET=0 FB_RESET=0
DMTD_BOUNDARY_SAMPLE board=DE5 [1-11.1] sample=014 STATUS=0010946133BC82FF
DMTD_BOUNDARY_CORE: CSR=01010000 STAT_CR=00000000 STAT_VAL=00000000 DEGLITCH_THR=000003E8 SAMPLED_REF=08296D12 SAMPLED_FB=1E6740BB ACCEPT_REF=006803B9 ACCEPT_FB=02424D62 STAB_REF=0001 STAB_FB=0001
DMTD_BOUNDARY_ENABLE: RCER=00000000 OCER=00280201 EIC_IER=000002E8 EIC_IMR=000002E9 EIC_ISR=000002E8 TRR_CSR=00020000
DMTD_BOUNDARY_EVENT: REF=001C89C1 FB=009E56ED REF_SEEN=E1D80EE5 FB_SEEN=101F3589 REF_LAST=048A9ABE FB_LAST=048A9ABF NOW=2349AECA
DMTD_BOUNDARY_TAG: SOURCE=00000000 REF=001C89C1 FB=009E56ED REF_LAST=048A9ABF FB_LAST=048A9AC0
DMTD_BOUNDARY_ARB: PENDING=00000000 GRANT=00000000 PENDING_LAST=00000000 GRANT_LAST=00000000
DMTD_BOUNDARY_OUTPUT: VALID=00000000 TRR_WRITE=00000000 VALID_LAST=00000000 TRR_LAST=00000000
DMTD_BOUNDARY_GATE: REF_ENABLED=00000000 FB_ENABLED=00000000 REF_REQ_SET=00000000 FB_REQ_SET=00000000
DMTD_BOUNDARY_GATE_LAST: REF_ENABLED=00000000 FB_ENABLED=00000000 REF_REQ=00000000 FB_REQ=00000000
DMTD_BOUNDARY_STATE: RAW=0C000008 REF_STATE=0 FB_STATE=2 REF_RESET=0 FB_RESET=0
DMTD_BOUNDARY_SAMPLE board=DE5 [1-11.1] sample=015 STATUS=001094E133BC82FF
DMTD_BOUNDARY_CORE: CSR=01010000 STAT_CR=00000000 STAT_VAL=00000000 DEGLITCH_THR=000003E8 SAMPLED_REF=0B80DCC2 SAMPLED_FB=21BFEC71 ACCEPT_REF=006803B9 ACCEPT_FB=02424D62 STAB_REF=0001 STAB_FB=0000
DMTD_BOUNDARY_ENABLE: RCER=00000000 OCER=00280201 EIC_IER=000002E8 EIC_IMR=000002E9 EIC_ISR=000002E8 TRR_CSR=00020000
DMTD_BOUNDARY_EVENT: REF=001C89C1 FB=009E56ED REF_SEEN=AA320EE5 FB_SEEN=4A353589 REF_LAST=048A9ABE FB_LAST=048A9ABF NOW=24F94C29
DMTD_BOUNDARY_TAG: SOURCE=00B6FFC8 REF=001C89C1 FB=009E56ED REF_LAST=048A9ABF FB_LAST=048A9AC0
DMTD_BOUNDARY_ARB: PENDING=00000000 GRANT=00000000 PENDING_LAST=00000000 GRANT_LAST=00000000
DMTD_BOUNDARY_OUTPUT: VALID=00000000 TRR_WRITE=00000000 VALID_LAST=00000000 TRR_LAST=0C000008
DMTD_BOUNDARY_GATE: REF_ENABLED=00000000 FB_ENABLED=00000000 REF_REQ_SET=00000000 FB_REQ_SET=00000000
DMTD_BOUNDARY_GATE_LAST: REF_ENABLED=00000000 FB_ENABLED=00000000 REF_REQ=00000000 FB_REQ=00000000
DMTD_BOUNDARY_STATE: RAW=0C000008 REF_STATE=0 FB_STATE=2 REF_RESET=0 FB_RESET=0
DMTD_BOUNDARY_SAMPLE board=DE5 [1-11.1] sample=016 STATUS=00109441235082FF
DMTD_BOUNDARY_CORE: CSR=01010000 STAT_CR=00000000 STAT_VAL=00000000 DEGLITCH_THR=000003E8 SAMPLED_REF=0ED83402 SAMPLED_FB=25184D64 ACCEPT_REF=006803B9 ACCEPT_FB=02424D62 STAB_REF=0001 STAB_FB=0000
DMTD_BOUNDARY_ENABLE: RCER=00000000 OCER=00280201 EIC_IER=000002E8 EIC_IMR=000002E9 EIC_ISR=000002E8 TRR_CSR=00020000
DMTD_BOUNDARY_EVENT: REF=001C89C1 FB=009E56ED REF_SEEN=621A0EE5 FB_SEEN=12693589 REF_LAST=048A9ABE FB_LAST=048A9ABF NOW=26A9C90A
DMTD_BOUNDARY_TAG: SOURCE=00B6FFC8 REF=001C89C1 FB=009E56ED REF_LAST=048A9ABF FB_LAST=048A9AC0
DMTD_BOUNDARY_ARB: PENDING=00000000 GRANT=00000000 PENDING_LAST=00000000 GRANT_LAST=00000000
DMTD_BOUNDARY_OUTPUT: VALID=00000000 TRR_WRITE=00000000 VALID_LAST=00000000 TRR_LAST=00000000
DMTD_BOUNDARY_GATE: REF_ENABLED=00000000 FB_ENABLED=00000000 REF_REQ_SET=00000000 FB_REQ_SET=00000000
DMTD_BOUNDARY_GATE_LAST: REF_ENABLED=00000000 FB_ENABLED=00000000 REF_REQ=00000000 FB_REQ=00000000
DMTD_BOUNDARY_STATE: RAW=0C000008 REF_STATE=0 FB_STATE=2 REF_RESET=0 FB_RESET=0
DMTD_BOUNDARY_SAMPLE board=DE5 [1-11.1] sample=017 STATUS=00109441235082FF
DMTD_BOUNDARY_CORE: CSR=01010000 STAT_CR=00000000 STAT_VAL=00000000 DEGLITCH_THR=000003E8 SAMPLED_REF=1231AF83 SAMPLED_FB=2872DF01 ACCEPT_REF=006803B9 ACCEPT_FB=02424D62 STAB_REF=0001 STAB_FB=0001
DMTD_BOUNDARY_ENABLE: RCER=00000000 OCER=00280201 EIC_IER=000002E8 EIC_IMR=000002E9 EIC_ISR=000002E8 TRR_CSR=00020000
DMTD_BOUNDARY_EVENT: REF=001C89C1 FB=009E56ED REF_SEEN=45A20EE5 FB_SEEN=0EE33589 REF_LAST=285EB522 FB_LAST=048A9ABF NOW=28595063
DMTD_BOUNDARY_TAG: SOURCE=00B6FFC8 REF=001C89C1 FB=009E56ED REF_LAST=048A9ABF FB_LAST=048A9AC0
DMTD_BOUNDARY_ARB: PENDING=00000000 GRANT=00000000 PENDING_LAST=00000000 GRANT_LAST=00000000
DMTD_BOUNDARY_OUTPUT: VALID=00000000 TRR_WRITE=00000000 VALID_LAST=00000000 TRR_LAST=00000000
DMTD_BOUNDARY_GATE: REF_ENABLED=00000000 FB_ENABLED=00000000 REF_REQ_SET=00000000 FB_REQ_SET=00000000
DMTD_BOUNDARY_GATE_LAST: REF_ENABLED=00000000 FB_ENABLED=00000000 REF_REQ=00000000 FB_REQ=00000000
DMTD_BOUNDARY_STATE: RAW=0C000008 REF_STATE=0 FB_STATE=2 REF_RESET=0 FB_RESET=0
DMTD_BOUNDARY_SAMPLE board=DE5 [1-11.1] sample=018 STATUS=00109443235082FF
DMTD_BOUNDARY_CORE: CSR=00000000 STAT_CR=00000000 STAT_VAL=00000000 DEGLITCH_THR=000003E8 SAMPLED_REF=158888ED SAMPLED_FB=2BCAD76D ACCEPT_REF=006803B9 ACCEPT_FB=02424D62 STAB_REF=0000 STAB_FB=0000
DMTD_BOUNDARY_ENABLE: RCER=00000000 OCER=00280201 EIC_IER=000002E8 EIC_IMR=000002E9 EIC_ISR=000002E9 TRR_CSR=00020000
DMTD_BOUNDARY_EVENT: REF=001C89C1 FB=009E56ED REF_SEEN=A0600EE5 FB_SEEN=D2FD3589 REF_LAST=048A9ABE FB_LAST=048A9ABF NOW=2A08C716
DMTD_BOUNDARY_TAG: SOURCE=00B6FFC8 REF=001C89C1 FB=009E56ED REF_LAST=048A9ABF FB_LAST=048A9AC0
DMTD_BOUNDARY_ARB: PENDING=00000000 GRANT=00000000 PENDING_LAST=00000000 GRANT_LAST=00000000
DMTD_BOUNDARY_OUTPUT: VALID=00000000 TRR_WRITE=00000000 VALID_LAST=00000000 TRR_LAST=00000000
DMTD_BOUNDARY_GATE: REF_ENABLED=00000000 FB_ENABLED=00000000 REF_REQ_SET=00000000 FB_REQ_SET=00000000
DMTD_BOUNDARY_GATE_LAST: REF_ENABLED=00000000 FB_ENABLED=00000000 REF_REQ=00000000 FB_REQ=00000000
DMTD_BOUNDARY_STATE: RAW=0C000008 REF_STATE=0 FB_STATE=2 REF_RESET=0 FB_RESET=0
DMTD_BOUNDARY_SAMPLE board=DE5 [1-11.1] sample=019 STATUS=00109441339C82FF
DMTD_BOUNDARY_CORE: CSR=01010000 STAT_CR=00000000 STAT_VAL=00000000 DEGLITCH_THR=000003E8 SAMPLED_REF=18E3A980 SAMPLED_FB=2F26FB1D ACCEPT_REF=006803B9 ACCEPT_FB=02424D62 STAB_REF=0000 STAB_FB=0001
DMTD_BOUNDARY_ENABLE: RCER=00000000 OCER=00280201 EIC_IER=000002E8 EIC_IMR=000002E9 EIC_ISR=000002E8 TRR_CSR=00020000
DMTD_BOUNDARY_EVENT: REF=001C89C1 FB=009E56ED REF_SEEN=18B80EE5 FB_SEEN=28213589 REF_LAST=048A9ABE FB_LAST=048A9ABF NOW=2BB9EAA8
DMTD_BOUNDARY_TAG: SOURCE=00B6FFC8 REF=001C89C1 FB=009E56ED REF_LAST=048A9ABF FB_LAST=048A9AC0
DMTD_BOUNDARY_ARB: PENDING=00000000 GRANT=00000000 PENDING_LAST=00000000 GRANT_LAST=00000000
DMTD_BOUNDARY_OUTPUT: VALID=00000000 TRR_WRITE=00000000 VALID_LAST=00000000 TRR_LAST=00000000
DMTD_BOUNDARY_GATE: REF_ENABLED=00000000 FB_ENABLED=00000000 REF_REQ_SET=00000000 FB_REQ_SET=00000000
DMTD_BOUNDARY_GATE_LAST: REF_ENABLED=00000000 FB_ENABLED=00000000 REF_REQ=00000000 FB_REQ=00000000
DMTD_BOUNDARY_STATE: RAW=0C000008 REF_STATE=0 FB_STATE=2 REF_RESET=0 FB_RESET=0
DMTD_BOUNDARY_SAMPLE board=DE5 [1-11.1] sample=020 STATUS=00109441235882FF
DMTD_BOUNDARY_CORE: CSR=01010000 STAT_CR=00000000 STAT_VAL=00000000 DEGLITCH_THR=000003E8 SAMPLED_REF=1C3B18E3 SAMPLED_FB=327F8CDE ACCEPT_REF=006803B9 ACCEPT_FB=02424D62 STAB_REF=0001 STAB_FB=0000
DMTD_BOUNDARY_ENABLE: RCER=00000000 OCER=00280201 EIC_IER=000002E8 EIC_IMR=000002E9 EIC_ISR=000002E8 TRR_CSR=00020000
DMTD_BOUNDARY_EVENT: REF=001C89C1 FB=009E56ED REF_SEEN=6C2E0EE5 FB_SEEN=82653589 REF_LAST=048A9ABE FB_LAST=048A9ABF NOW=2D699866
DMTD_BOUNDARY_TAG: SOURCE=00B6FFC8 REF=001C89C1 FB=009E56ED REF_LAST=048A9ABF FB_LAST=048A9AC0
DMTD_BOUNDARY_ARB: PENDING=00000000 GRANT=00000000 PENDING_LAST=00000000 GRANT_LAST=00000000
DMTD_BOUNDARY_OUTPUT: VALID=00000000 TRR_WRITE=00000000 VALID_LAST=00000000 TRR_LAST=00000000
DMTD_BOUNDARY_GATE: REF_ENABLED=00000000 FB_ENABLED=00000000 REF_REQ_SET=00000000 FB_REQ_SET=00000000
DMTD_BOUNDARY_GATE_LAST: REF_ENABLED=00000000 FB_ENABLED=00000000 REF_REQ=00000000 FB_REQ=00000000
DMTD_BOUNDARY_STATE: RAW=0C000008 REF_STATE=0 FB_STATE=2 REF_RESET=0 FB_RESET=0
DMTD_BOUNDARY_SAMPLE board=DE5 [1-11.1] sample=021 STATUS=00109443235082FF
DMTD_BOUNDARY_CORE: CSR=01010000 STAT_CR=00000000 STAT_VAL=00000000 DEGLITCH_THR=000003E8 SAMPLED_REF=1F96C120 SAMPLED_FB=35DC2E7F ACCEPT_REF=006803B9 ACCEPT_FB=02424D62 STAB_REF=0001 STAB_FB=0001
DMTD_BOUNDARY_ENABLE: RCER=00000000 OCER=00280201 EIC_IER=000002E8 EIC_IMR=000002E9 EIC_ISR=000002E8 TRR_CSR=00020000
DMTD_BOUNDARY_EVENT: REF=001C89C1 FB=009E56ED REF_SEEN=E6B60EE5 FB_SEEN=06933589 REF_LAST=048A9ABE FB_LAST=048A9ABF NOW=2F1B332A
DMTD_BOUNDARY_TAG: SOURCE=00B6FFC8 REF=001C89C1 FB=009E56ED REF_LAST=048A9ABF FB_LAST=048A9AC0
DMTD_BOUNDARY_ARB: PENDING=00000000 GRANT=00000000 PENDING_LAST=00000000 GRANT_LAST=00000000
DMTD_BOUNDARY_OUTPUT: VALID=00000000 TRR_WRITE=00B6FFC8 VALID_LAST=00000000 TRR_LAST=00000000
DMTD_BOUNDARY_GATE: REF_ENABLED=00000000 FB_ENABLED=00000000 REF_REQ_SET=00000000 FB_REQ_SET=00000000
DMTD_BOUNDARY_GATE_LAST: REF_ENABLED=00000000 FB_ENABLED=00000000 REF_REQ=00000000 FB_REQ=00000000
DMTD_BOUNDARY_STATE: RAW=0C000008 REF_STATE=0 FB_STATE=2 REF_RESET=0 FB_RESET=0
DMTD_BOUNDARY_SAMPLE board=DE5 [1-11.1] sample=022 STATUS=001094C1235C82FF
DMTD_BOUNDARY_CORE: CSR=01010000 STAT_CR=00000000 STAT_VAL=00000000 DEGLITCH_THR=000003E8 SAMPLED_REF=22EDC0B9 SAMPLED_FB=39348185 ACCEPT_REF=006803B9 ACCEPT_FB=02424D62 STAB_REF=0000 STAB_FB=0000
DMTD_BOUNDARY_ENABLE: RCER=00000000 OCER=00280201 EIC_IER=000002E8 EIC_IMR=000002E9 EIC_ISR=000002E8 TRR_CSR=00020000
DMTD_BOUNDARY_EVENT: REF=001C89C1 FB=009E56ED REF_SEEN=9F0A0EE5 FB_SEEN=8DCB3589 REF_LAST=048A9ABE FB_LAST=048A9ABF NOW=30CAA0B6
DMTD_BOUNDARY_TAG: SOURCE=00B6FFC8 REF=001C89C1 FB=009E56ED REF_LAST=048A9ABF FB_LAST=048A9AC0
DMTD_BOUNDARY_ARB: PENDING=00000000 GRANT=00000000 PENDING_LAST=00000000 GRANT_LAST=00000000
DMTD_BOUNDARY_OUTPUT: VALID=00000000 TRR_WRITE=00000000 VALID_LAST=00000000 TRR_LAST=00000000
DMTD_BOUNDARY_GATE: REF_ENABLED=00000000 FB_ENABLED=00000000 REF_REQ_SET=00000000 FB_REQ_SET=00000000
DMTD_BOUNDARY_GATE_LAST: REF_ENABLED=00000000 FB_ENABLED=00000000 REF_REQ=00000000 FB_REQ=00000000
DMTD_BOUNDARY_STATE: RAW=0C000008 REF_STATE=0 FB_STATE=2 REF_RESET=0 FB_RESET=0
DMTD_BOUNDARY_SAMPLE board=DE5 [1-11.1] sample=023 STATUS=0010946133BC82FF
DMTD_BOUNDARY_CORE: CSR=01010000 STAT_CR=00000000 STAT_VAL=00000000 DEGLITCH_THR=000003E8 SAMPLED_REF=26473669 SAMPLED_FB=3C8F2D72 ACCEPT_REF=006803B9 ACCEPT_FB=02424D62 STAB_REF=0001 STAB_FB=0001
DMTD_BOUNDARY_ENABLE: RCER=00000000 OCER=00280201 EIC_IER=000002E8 EIC_IMR=000002E9 EIC_ISR=000002E8 TRR_CSR=00020000
DMTD_BOUNDARY_EVENT: REF=001C89C1 FB=009E56ED REF_SEEN=A6FA0EE5 FB_SEEN=22DB3589 REF_LAST=048A9ABE FB_LAST=048A9ABF NOW=327B5AF5
DMTD_BOUNDARY_TAG: SOURCE=00B6FFC8 REF=001C89C1 FB=009E56ED REF_LAST=048A9ABF FB_LAST=048A9AC0
DMTD_BOUNDARY_ARB: PENDING=00000000 GRANT=00000000 PENDING_LAST=00000000 GRANT_LAST=00000000
DMTD_BOUNDARY_OUTPUT: VALID=00000000 TRR_WRITE=00000000 VALID_LAST=00000000 TRR_LAST=00000000
DMTD_BOUNDARY_GATE: REF_ENABLED=00000000 FB_ENABLED=00000000 REF_REQ_SET=00000000 FB_REQ_SET=00000000
DMTD_BOUNDARY_GATE_LAST: REF_ENABLED=00000000 FB_ENABLED=00000000 REF_REQ=00000000 FB_REQ=00000000
DMTD_BOUNDARY_STATE: RAW=0C000008 REF_STATE=0 FB_STATE=2 REF_RESET=0 FB_RESET=0
DMTD_BOUNDARY_SAMPLE board=DE5 [1-11.1] sample=024 STATUS=001094E133BC82FF
DMTD_BOUNDARY_CORE: CSR=01010000 STAT_CR=00000000 STAT_VAL=00000000 DEGLITCH_THR=000003E8 SAMPLED_REF=299FA11F SAMPLED_FB=3FE91488 ACCEPT_REF=006803B9 ACCEPT_FB=02424D62 STAB_REF=0001 STAB_FB=0001
DMTD_BOUNDARY_ENABLE: RCER=00000000 OCER=00280201 EIC_IER=000002E8 EIC_IMR=000002E9 EIC_ISR=000002E8 TRR_CSR=00020000
DMTD_BOUNDARY_EVENT: REF=001C89C1 FB=001C89C1 REF_SEEN=0C620EE5 FB_SEEN=450F3589 REF_LAST=048A9ABE FB_LAST=048A9ABF NOW=342BF1C8
DMTD_BOUNDARY_TAG: SOURCE=00B6FFC8 REF=001C89C1 FB=009E56ED REF_LAST=048A9ABF FB_LAST=00000000
DMTD_BOUNDARY_ARB: PENDING=00000000 GRANT=00000000 PENDING_LAST=00000000 GRANT_LAST=00000000
DMTD_BOUNDARY_OUTPUT: VALID=00000000 TRR_WRITE=00B6FFC8 VALID_LAST=00000000 TRR_LAST=00000000
DMTD_BOUNDARY_GATE: REF_ENABLED=00000000 FB_ENABLED=00000000 REF_REQ_SET=00000000 FB_REQ_SET=00000000
DMTD_BOUNDARY_GATE_LAST: REF_ENABLED=00000000 FB_ENABLED=00000000 REF_REQ=00000000 FB_REQ=00000000
DMTD_BOUNDARY_STATE: RAW=0C000008 REF_STATE=0 FB_STATE=2 REF_RESET=0 FB_RESET=0
DMTD_BOUNDARY_SAMPLE board=DE5 [1-11.1] sample=025 STATUS=0010946133BC82FF
DMTD_BOUNDARY_CORE: CSR=01010000 STAT_CR=00000000 STAT_VAL=00000000 DEGLITCH_THR=000002E8 SAMPLED_REF=2CF87773 SAMPLED_FB=4345302B ACCEPT_REF=006803B9 ACCEPT_FB=02424D62 STAB_REF=0000 STAB_FB=0001
DMTD_BOUNDARY_ENABLE: RCER=00000000 OCER=00280201 EIC_IER=000002E8 EIC_IMR=000002E9 EIC_ISR=000002E8 TRR_CSR=00020000
DMTD_BOUNDARY_EVENT: REF=001C89C1 FB=009E56ED REF_SEEN=A5880EE5 FB_SEEN=FD0B3589 REF_LAST=048A9ABE FB_LAST=048A9ABF NOW=35DD376A
DMTD_BOUNDARY_TAG: SOURCE=00B6FFC8 REF=001C89C1 FB=009E56ED REF_LAST=048A9ABF FB_LAST=048A9AC0
DMTD_BOUNDARY_ARB: PENDING=00000000 GRANT=00000000 PENDING_LAST=00000000 GRANT_LAST=00000000
DMTD_BOUNDARY_OUTPUT: VALID=00000000 TRR_WRITE=00000000 VALID_LAST=00000000 TRR_LAST=0C000008
DMTD_BOUNDARY_GATE: REF_ENABLED=00000000 FB_ENABLED=00000000 REF_REQ_SET=00000000 FB_REQ_SET=00000000
DMTD_BOUNDARY_GATE_LAST: REF_ENABLED=00000000 FB_ENABLED=00000000 REF_REQ=00000000 FB_REQ=00000000
DMTD_BOUNDARY_STATE: RAW=0C000008 REF_STATE=0 FB_STATE=2 REF_RESET=0 FB_RESET=0
DMTD_BOUNDARY_SAMPLE board=DE5 [1-11.1] sample=026 STATUS=001094C1235082FF
DMTD_BOUNDARY_CORE: CSR=01010000 STAT_CR=00000000 STAT_VAL=00000000 DEGLITCH_THR=000003E8 SAMPLED_REF=305439ED SAMPLED_FB=46A096E4 ACCEPT_REF=006803B9 ACCEPT_FB=02424D62 STAB_REF=0001 STAB_FB=0000
DMTD_BOUNDARY_ENABLE: RCER=00000000 OCER=00280201 EIC_IER=000002E8 EIC_IMR=000002E9 EIC_ISR=000002E8 TRR_CSR=00020000
DMTD_BOUNDARY_EVENT: REF=001C89C1 FB=009E56ED REF_SEEN=5A540EE5 FB_SEEN=A7EF3589 REF_LAST=048A9ABE FB_LAST=048A9ABF NOW=378EAE37
DMTD_BOUNDARY_TAG: SOURCE=00B6FFC8 REF=001C89C1 FB=009E56ED REF_LAST=048A9ABF FB_LAST=048A9AC0
DMTD_BOUNDARY_ARB: PENDING=00000000 GRANT=00000000 PENDING_LAST=00000000 GRANT_LAST=00000000
DMTD_BOUNDARY_OUTPUT: VALID=00000000 TRR_WRITE=00000000 VALID_LAST=00000000 TRR_LAST=00000000
DMTD_BOUNDARY_GATE: REF_ENABLED=00000000 FB_ENABLED=00000000 REF_REQ_SET=00000000 FB_REQ_SET=00000000
DMTD_BOUNDARY_GATE_LAST: REF_ENABLED=00000000 FB_ENABLED=00000000 REF_REQ=00000000 FB_REQ=00000000
DMTD_BOUNDARY_STATE: RAW=0C000008 REF_STATE=0 FB_STATE=2 REF_RESET=0 FB_RESET=0
DMTD_BOUNDARY_SAMPLE board=DE5 [1-11.1] sample=027 STATUS=0010946133BC82FF
DMTD_BOUNDARY_CORE: CSR=01010000 STAT_CR=00000000 STAT_VAL=00000000 DEGLITCH_THR=4A0403E8 SAMPLED_REF=33ADF46B SAMPLED_FB=49FBCF2F ACCEPT_REF=00280201 ACCEPT_FB=02424D62 STAB_REF=8BD7 STAB_FB=4A06
DMTD_BOUNDARY_ENABLE: RCER=00000000 OCER=00280201 EIC_IER=4A0402E8 EIC_IMR=4A0402E9 EIC_ISR=4A0402E8 TRR_CSR=00020000
DMTD_BOUNDARY_EVENT: REF=001C89C1 FB=009E56ED REF_SEEN=D1E60EE5 FB_SEEN=32853589 REF_LAST=048A9ABE FB_LAST=048A9ABF NOW=394011D9
DMTD_BOUNDARY_TAG: SOURCE=00B6FFC8 REF=001C89C1 FB=009E56ED REF_LAST=048A9ABF FB_LAST=048A9AC0
DMTD_BOUNDARY_ARB: PENDING=00000000 GRANT=00000000 PENDING_LAST=00000000 GRANT_LAST=00000000
DMTD_BOUNDARY_OUTPUT: VALID=00000000 TRR_WRITE=00000000 VALID_LAST=00000000 TRR_LAST=00000000
DMTD_BOUNDARY_GATE: REF_ENABLED=00000000 FB_ENABLED=00000000 REF_REQ_SET=00000000 FB_REQ_SET=00000000
DMTD_BOUNDARY_GATE_LAST: REF_ENABLED=00000000 FB_ENABLED=00000000 REF_REQ=00000000 FB_REQ=00000000
DMTD_BOUNDARY_STATE: RAW=0C000008 REF_STATE=0 FB_STATE=2 REF_RESET=0 FB_RESET=0
DMTD_BOUNDARY_SAMPLE board=DE5 [1-11.1] sample=028 STATUS=001094C1239C82FF
DMTD_BOUNDARY_CORE: CSR=01010000 STAT_CR=00000000 STAT_VAL=00000000 DEGLITCH_THR=000003E8 SAMPLED_REF=370A026B SAMPLED_FB=4D596A54 ACCEPT_REF=006803B9 ACCEPT_FB=02424D62 STAB_REF=0001 STAB_FB=0000
DMTD_BOUNDARY_ENABLE: RCER=00000000 OCER=00280201 EIC_IER=000002E8 EIC_IMR=000002E9 EIC_ISR=000002E8 TRR_CSR=00020000
DMTD_BOUNDARY_EVENT: REF=001C89C1 FB=009E56ED REF_SEEN=7DBC0EE5 FB_SEEN=C3373589 REF_LAST=048A9ABE FB_LAST=048A9ABF NOW=3AF159BA
DMTD_BOUNDARY_TAG: SOURCE=00B6FFC8 REF=001C89C1 FB=009E56ED REF_LAST=048A9ABF FB_LAST=048A9AC0
DMTD_BOUNDARY_ARB: PENDING=00000000 GRANT=00000000 PENDING_LAST=00000000 GRANT_LAST=00000000
DMTD_BOUNDARY_OUTPUT: VALID=00000000 TRR_WRITE=00000000 VALID_LAST=00000000 TRR_LAST=00000000
DMTD_BOUNDARY_GATE: REF_ENABLED=00000000 FB_ENABLED=00000000 REF_REQ_SET=00000000 FB_REQ_SET=00000000
DMTD_BOUNDARY_GATE_LAST: REF_ENABLED=00000000 FB_ENABLED=00000000 REF_REQ=00000000 FB_REQ=00000000
DMTD_BOUNDARY_STATE: RAW=0C000008 REF_STATE=0 FB_STATE=2 REF_RESET=0 FB_RESET=0
DMTD_BOUNDARY_SAMPLE board=DE5 [1-11.1] sample=029 STATUS=001094E333BC82FF
DMTD_BOUNDARY_CORE: CSR=01010000 STAT_CR=00000000 STAT_VAL=00000000 DEGLITCH_THR=000003E8 SAMPLED_REF=3A63D615 SAMPLED_FB=50B479C5 ACCEPT_REF=006803B9 ACCEPT_FB=02424D62 STAB_REF=0001 STAB_FB=0001
DMTD_BOUNDARY_ENABLE: RCER=00000000 OCER=00280201 EIC_IER=000002E8 EIC_IMR=000002E8 EIC_ISR=000002E8 TRR_CSR=00020000
DMTD_BOUNDARY_EVENT: REF=001C89C1 FB=009E56ED REF_SEEN=A1A40EE5 FB_SEEN=4D313589 REF_LAST=048A9ABE FB_LAST=048A9ABF NOW=3CA23F89
DMTD_BOUNDARY_TAG: SOURCE=00B6FFC8 REF=001C89C1 FB=009E56ED REF_LAST=048A9ABF FB_LAST=048A9AC0
DMTD_BOUNDARY_ARB: PENDING=00000000 GRANT=00000000 PENDING_LAST=00000000 GRANT_LAST=00000000
DMTD_BOUNDARY_OUTPUT: VALID=00000000 TRR_WRITE=00000000 VALID_LAST=00000000 TRR_LAST=00000000
DMTD_BOUNDARY_GATE: REF_ENABLED=00000000 FB_ENABLED=00000000 REF_REQ_SET=00000000 FB_REQ_SET=00000000
DMTD_BOUNDARY_GATE_LAST: REF_ENABLED=00000000 FB_ENABLED=00000000 REF_REQ=00000000 FB_REQ=00000000
DMTD_BOUNDARY_STATE: RAW=0C000008 REF_STATE=0 FB_STATE=2 REF_RESET=0 FB_RESET=0
DMTD_BOUNDARY_SAMPLE board=DE5 [1-11.1] sample=030 STATUS=001094E133BC82FF
DMTD_BOUNDARY_CORE: CSR=01010000 STAT_CR=00000000 STAT_VAL=00000000 DEGLITCH_THR=000003E8 SAMPLED_REF=3DBE0F76 SAMPLED_FB=540FBB53 ACCEPT_REF=006803B9 ACCEPT_FB=02424D62 STAB_REF=0000 STAB_FB=0001
DMTD_BOUNDARY_ENABLE: RCER=00000000 OCER=00280201 EIC_IER=000002E8 EIC_IMR=000002E9 EIC_ISR=000002E8 TRR_CSR=00020000
DMTD_BOUNDARY_EVENT: REF=001C89C1 FB=009E56ED REF_SEEN=D2233589 FB_SEEN=10EE0EE5 REF_LAST=048A9ABE FB_LAST=048A9ABF NOW=3E531196
DMTD_BOUNDARY_TAG: SOURCE=00B6FFC8 REF=001C89C1 FB=009E56ED REF_LAST=048A9ABF FB_LAST=048A9AC0
DMTD_BOUNDARY_ARB: PENDING=00000000 GRANT=00000000 PENDING_LAST=00000000 GRANT_LAST=00000000
DMTD_BOUNDARY_OUTPUT: VALID=00000000 TRR_WRITE=00000000 VALID_LAST=00000000 TRR_LAST=00000000
DMTD_BOUNDARY_GATE: REF_ENABLED=00000000 FB_ENABLED=00000000 REF_REQ_SET=00000000 FB_REQ_SET=00000000
DMTD_BOUNDARY_GATE_LAST: REF_ENABLED=00000000 FB_ENABLED=00000000 REF_REQ=00000000 FB_REQ=00000000
DMTD_BOUNDARY_STATE: RAW=0C000008 REF_STATE=0 FB_STATE=2 REF_RESET=0 FB_RESET=0
DMTD_BOUNDARY_SAMPLE board=DE5 [1-11.1] sample=031 STATUS=0010946133B482FF
DMTD_BOUNDARY_CORE: CSR=01010000 STAT_CR=00000000 STAT_VAL=00000000 DEGLITCH_THR=000003E8 SAMPLED_REF=411697F0 SAMPLED_FB=57699CB2 ACCEPT_REF=006803B9 ACCEPT_FB=02424D62 STAB_REF=0000 STAB_FB=0001
DMTD_BOUNDARY_ENABLE: RCER=00000000 OCER=00280201 EIC_IER=000002E8 EIC_IMR=000002E9 EIC_ISR=000002E8 TRR_CSR=00020000
DMTD_BOUNDARY_EVENT: REF=001C89C1 FB=009E56ED REF_SEEN=5B300EE5 FB_SEEN=F2E33589 REF_LAST=048A9ABE FB_LAST=048A9ABF NOW=40033F21
DMTD_BOUNDARY_TAG: SOURCE=00B6FFC8 REF=001C89C1 FB=009E56ED REF_LAST=048A9ABF FB_LAST=048A9AC0
DMTD_BOUNDARY_ARB: PENDING=00000000 GRANT=00000000 PENDING_LAST=00000000 GRANT_LAST=00000000
DMTD_BOUNDARY_OUTPUT: VALID=00000000 TRR_WRITE=00000000 VALID_LAST=00000000 TRR_LAST=00000000
DMTD_BOUNDARY_GATE: REF_ENABLED=00000000 FB_ENABLED=00000000 REF_REQ_SET=00000000 FB_REQ_SET=00000000
DMTD_BOUNDARY_GATE_LAST: REF_ENABLED=00000000 FB_ENABLED=00000000 REF_REQ=00000000 FB_REQ=00000000
DMTD_BOUNDARY_STATE: RAW=0C000008 REF_STATE=0 FB_STATE=2 REF_RESET=0 FB_RESET=0
DMTD_BOUNDARY_SAMPLE board=DE5 [1-11.1] sample=032 STATUS=001094C1339C82FF
DMTD_BOUNDARY_CORE: CSR=01010000 STAT_CR=00000000 STAT_VAL=00000000 DEGLITCH_THR=000003E8 SAMPLED_REF=44730F32 SAMPLED_FB=5AC7913D ACCEPT_REF=006803B9 ACCEPT_FB=02424D62 STAB_REF=0000 STAB_FB=0000
DMTD_BOUNDARY_ENABLE: RCER=00000000 OCER=00280201 EIC_IER=000002E8 EIC_IMR=000002E9 EIC_ISR=000002E8 TRR_CSR=00020000
DMTD_BOUNDARY_EVENT: REF=009E56ED FB=009E56ED REF_SEEN=7B2E0EE5 FB_SEEN=19873589 REF_LAST=048A9ABE FB_LAST=048A9ABF NOW=41B59D18
DMTD_BOUNDARY_TAG: SOURCE=00B6FFC8 REF=001C89C1 FB=009E56ED REF_LAST=048A9ABF FB_LAST=00000000
DMTD_BOUNDARY_ARB: PENDING=00000000 GRANT=00000000 PENDING_LAST=00000000 GRANT_LAST=00000000
DMTD_BOUNDARY_OUTPUT: VALID=00000000 TRR_WRITE=00000000 VALID_LAST=00000000 TRR_LAST=00000000
DMTD_BOUNDARY_GATE: REF_ENABLED=00000000 FB_ENABLED=00000000 REF_REQ_SET=00000000 FB_REQ_SET=00000000
DMTD_BOUNDARY_GATE_LAST: REF_ENABLED=00000000 FB_ENABLED=00000000 REF_REQ=00000000 FB_REQ=00000000
DMTD_BOUNDARY_STATE: RAW=0C000008 REF_STATE=0 FB_STATE=2 REF_RESET=0 FB_RESET=0
DMTD_BOUNDARY_SAMPLE board=DE5 [1-11.1] sample=033 STATUS=001094E133BC82FF
DMTD_BOUNDARY_CORE: CSR=01010000 STAT_CR=00000000 STAT_VAL=00000000 DEGLITCH_THR=000003E8 SAMPLED_REF=47CB0BEB SAMPLED_FB=5E20C3CB ACCEPT_REF=006803B9 ACCEPT_FB=02424D62 STAB_REF=0001 STAB_FB=0000
DMTD_BOUNDARY_ENABLE: RCER=00000000 OCER=00280201 EIC_IER=000002E8 EIC_IMR=000002E9 EIC_ISR=000002E8 TRR_CSR=00020000
DMTD_BOUNDARY_EVENT: REF=001C89C1 FB=009E56ED REF_SEEN=6A520EE5 FB_SEEN=31113589 REF_LAST=048A9ABE FB_LAST=048A9ABF NOW=436518E9
DMTD_BOUNDARY_TAG: SOURCE=00B6FFC8 REF=001C89C1 FB=009E56ED REF_LAST=048A9ABF FB_LAST=048A9AC0
DMTD_BOUNDARY_ARB: PENDING=00000000 GRANT=00000000 PENDING_LAST=00000000 GRANT_LAST=00000000
DMTD_BOUNDARY_OUTPUT: VALID=00000000 TRR_WRITE=00000000 VALID_LAST=00000000 TRR_LAST=00000000
DMTD_BOUNDARY_GATE: REF_ENABLED=00000000 FB_ENABLED=00000000 REF_REQ_SET=00000000 FB_REQ_SET=00000000
DMTD_BOUNDARY_GATE_LAST: REF_ENABLED=00000000 FB_ENABLED=00000000 REF_REQ=00000000 FB_REQ=00000000
DMTD_BOUNDARY_STATE: RAW=0C000008 REF_STATE=0 FB_STATE=2 REF_RESET=0 FB_RESET=0
DMTD_BOUNDARY_SAMPLE board=DE5 [1-11.1] sample=034 STATUS=001094E333BC82FF
DMTD_BOUNDARY_CORE: CSR=01010000 STAT_CR=00000000 STAT_VAL=00000000 DEGLITCH_THR=000003E8 SAMPLED_REF=4B248D9B SAMPLED_FB=617B56C9 ACCEPT_REF=006803B9 ACCEPT_FB=02424D62 STAB_REF=0001 STAB_FB=0000
DMTD_BOUNDARY_ENABLE: RCER=00000000 OCER=00280201 EIC_IER=000002E8 EIC_IMR=000002E9 EIC_ISR=000002E8 TRR_CSR=00020000
DMTD_BOUNDARY_EVENT: REF=001C89C1 FB=009E56ED REF_SEEN=48CE0EE5 FB_SEEN=77093589 REF_LAST=048A9ABE FB_LAST=048A9ABF NOW=4515BEBE
DMTD_BOUNDARY_TAG: SOURCE=00B6FFC8 REF=001C89C1 FB=009E56ED REF_LAST=048A9ABF FB_LAST=048A9AC0
DMTD_BOUNDARY_ARB: PENDING=00000000 GRANT=00000000 PENDING_LAST=00000000 GRANT_LAST=00000000
DMTD_BOUNDARY_OUTPUT: VALID=00000000 TRR_WRITE=00000000 VALID_LAST=00000000 TRR_LAST=00000000
DMTD_BOUNDARY_GATE: REF_ENABLED=00000000 FB_ENABLED=00000000 REF_REQ_SET=00000000 FB_REQ_SET=00000000
DMTD_BOUNDARY_GATE_LAST: REF_ENABLED=00000000 FB_ENABLED=00000000 REF_REQ=00000000 FB_REQ=00000000
DMTD_BOUNDARY_STATE: RAW=0C000008 REF_STATE=0 FB_STATE=2 REF_RESET=0 FB_RESET=0
DMTD_BOUNDARY_SAMPLE board=DE5 [1-11.1] sample=035 STATUS=001094C1235082FF
DMTD_BOUNDARY_CORE: CSR=01010000 STAT_CR=00000000 STAT_VAL=00000000 DEGLITCH_THR=000003E8 SAMPLED_REF=4E7CA0E6 SAMPLED_FB=64D50343 ACCEPT_REF=006803B9 ACCEPT_FB=02424D62 STAB_REF=0000 STAB_FB=0000
DMTD_BOUNDARY_ENABLE: RCER=00000000 OCER=00280201 EIC_IER=000002E8 EIC_IMR=000002E9 EIC_ISR=000002E8 TRR_CSR=00020000
DMTD_BOUNDARY_EVENT: REF=001C89C1 FB=009E56ED REF_SEEN=3ED60EE5 FB_SEEN=80D93589 REF_LAST=048A9ABE FB_LAST=048A9ABF NOW=46C5C68E
DMTD_BOUNDARY_TAG: SOURCE=00B6FFC8 REF=001C89C1 FB=001C89C1 REF_LAST=048A9ABF FB_LAST=048A9AC0
DMTD_BOUNDARY_ARB: PENDING=00000000 GRANT=00000000 PENDING_LAST=00000000 GRANT_LAST=00000000
DMTD_BOUNDARY_OUTPUT: VALID=00000000 TRR_WRITE=00000000 VALID_LAST=00000000 TRR_LAST=00000000
DMTD_BOUNDARY_GATE: REF_ENABLED=00000000 FB_ENABLED=00000000 REF_REQ_SET=00000000 FB_REQ_SET=00000000
DMTD_BOUNDARY_GATE_LAST: REF_ENABLED=00000000 FB_ENABLED=00000000 REF_REQ=00000000 FB_REQ=00000000
DMTD_BOUNDARY_STATE: RAW=0C000008 REF_STATE=0 FB_STATE=2 REF_RESET=0 FB_RESET=0
DMTD_BOUNDARY_SAMPLE board=DE5 [1-11.1] sample=036 STATUS=001094C1235082FF
DMTD_BOUNDARY_CORE: CSR=01010000 STAT_CR=00000000 STAT_VAL=00000000 DEGLITCH_THR=000003E8 SAMPLED_REF=51D3ACF4 SAMPLED_FB=682D901B ACCEPT_REF=006803B9 ACCEPT_FB=02424D62 STAB_REF=0000 STAB_FB=0000
DMTD_BOUNDARY_ENABLE: RCER=00000000 OCER=00280201 EIC_IER=000002E8 EIC_IMR=000002E9 EIC_ISR=000002E8 TRR_CSR=00020000
DMTD_BOUNDARY_EVENT: REF=001C89C1 FB=001C89C1 REF_SEEN=7F400EE5 FB_SEEN=CCD13589 REF_LAST=048A9ABE FB_LAST=048A9ABF NOW=48765CC5
DMTD_BOUNDARY_TAG: SOURCE=00B6FFC8 REF=001C89C1 FB=009E56ED REF_LAST=048A9ABF FB_LAST=048A9AC0
DMTD_BOUNDARY_ARB: PENDING=00000000 GRANT=00000000 PENDING_LAST=00000000 GRANT_LAST=00000000
DMTD_BOUNDARY_OUTPUT: VALID=00000000 TRR_WRITE=00000000 VALID_LAST=00000000 TRR_LAST=00000000
DMTD_BOUNDARY_GATE: REF_ENABLED=00000000 FB_ENABLED=00000000 REF_REQ_SET=00000000 FB_REQ_SET=00000000
DMTD_BOUNDARY_GATE_LAST: REF_ENABLED=00000000 FB_ENABLED=00000000 REF_REQ=00000000 FB_REQ=00000000
DMTD_BOUNDARY_STATE: RAW=0C000008 REF_STATE=0 FB_STATE=2 REF_RESET=0 FB_RESET=0
DMTD_BOUNDARY_SAMPLE board=DE5 [1-11.1] sample=037 STATUS=0010946133BC82FF
DMTD_BOUNDARY_CORE: CSR=01010000 STAT_CR=00000000 STAT_VAL=00000000 DEGLITCH_THR=000003E8 SAMPLED_REF=552DE0A6 SAMPLED_FB=6B894EBB ACCEPT_REF=006803B9 ACCEPT_FB=02424D62 STAB_REF=0001 STAB_FB=0001
DMTD_BOUNDARY_ENABLE: RCER=00000000 OCER=00280201 EIC_IER=000002E8 EIC_IMR=000002E9 EIC_ISR=000002E8 TRR_CSR=00020000
DMTD_BOUNDARY_EVENT: REF=001C89C1 FB=009E56ED REF_SEEN=EC5E0EE5 FB_SEEN=1B293589 REF_LAST=048A9ABE FB_LAST=048A9ABF NOW=4A267F14
DMTD_BOUNDARY_TAG: SOURCE=00B6FFC8 REF=001C89C1 FB=009E56ED REF_LAST=048A9ABF FB_LAST=048A9AC0
DMTD_BOUNDARY_ARB: PENDING=00000000 GRANT=00000000 PENDING_LAST=00000000 GRANT_LAST=00000000
DMTD_BOUNDARY_OUTPUT: VALID=00000000 TRR_WRITE=00000000 VALID_LAST=00000000 TRR_LAST=00000000
DMTD_BOUNDARY_GATE: REF_ENABLED=00000000 FB_ENABLED=00000000 REF_REQ_SET=00000000 FB_REQ_SET=00000000
DMTD_BOUNDARY_GATE_LAST: REF_ENABLED=00000000 FB_ENABLED=00000000 REF_REQ=00000000 FB_REQ=00000000
DMTD_BOUNDARY_STATE: RAW=0C000008 REF_STATE=0 FB_STATE=2 REF_RESET=0 FB_RESET=0
DMTD_BOUNDARY_SAMPLE board=DE5 [1-11.1] sample=038 STATUS=001094E333BC82FF
DMTD_BOUNDARY_CORE: CSR=01010000 STAT_CR=00000000 STAT_VAL=00000000 DEGLITCH_THR=000003E8 SAMPLED_REF=588724F7 SAMPLED_FB=6EE3B34D ACCEPT_REF=006803B9 ACCEPT_FB=02424D62 STAB_REF=0001 STAB_FB=0000
DMTD_BOUNDARY_ENABLE: RCER=00000000 OCER=006803B9 EIC_IER=000002E8 EIC_IMR=000002E9 EIC_ISR=000002E8 TRR_CSR=00020000
DMTD_BOUNDARY_EVENT: REF=001C89C1 FB=009E56ED REF_SEEN=A4320EE5 FB_SEEN=1A693589 REF_LAST=048A9ABE FB_LAST=048A9ABF NOW=4BD7F87E
DMTD_BOUNDARY_TAG: SOURCE=00B6FFC8 REF=001C89C1 FB=009E56ED REF_LAST=048A9ABF FB_LAST=048A9AC0
DMTD_BOUNDARY_ARB: PENDING=00000000 GRANT=00000000 PENDING_LAST=00000000 GRANT_LAST=00000000
DMTD_BOUNDARY_OUTPUT: VALID=00000000 TRR_WRITE=00000000 VALID_LAST=00000000 TRR_LAST=00000000
DMTD_BOUNDARY_GATE: REF_ENABLED=00000000 FB_ENABLED=00000000 REF_REQ_SET=00000000 FB_REQ_SET=00000000
DMTD_BOUNDARY_GATE_LAST: REF_ENABLED=00000000 FB_ENABLED=00000000 REF_REQ=00000000 FB_REQ=00000000
DMTD_BOUNDARY_STATE: RAW=0C000008 REF_STATE=0 FB_STATE=2 REF_RESET=0 FB_RESET=0
DMTD_BOUNDARY_SAMPLE board=DE5 [1-11.1] sample=039 STATUS=00109441235082FF
DMTD_BOUNDARY_CORE: CSR=01010000 STAT_CR=00000000 STAT_VAL=00000000 DEGLITCH_THR=000003E8 SAMPLED_REF=5BE11B8D SAMPLED_FB=723EB3A4 ACCEPT_REF=006803B9 ACCEPT_FB=02424D62 STAB_REF=0001 STAB_FB=0001
DMTD_BOUNDARY_ENABLE: RCER=00000000 OCER=00280201 EIC_IER=000002E8 EIC_IMR=000002E9 EIC_ISR=000002E8 TRR_CSR=00020000
DMTD_BOUNDARY_EVENT: REF=001C89C1 FB=009E56ED REF_SEEN=5EFE0EE5 FB_SEEN=F0533589 REF_LAST=048A9ABE FB_LAST=048A9ABF NOW=4D87BA39
DMTD_BOUNDARY_TAG: SOURCE=00000000 REF=001C89C1 FB=009E56ED REF_LAST=048A9ABF FB_LAST=048A9AC0
DMTD_BOUNDARY_ARB: PENDING=00000000 GRANT=00000000 PENDING_LAST=00000000 GRANT_LAST=00000000
DMTD_BOUNDARY_OUTPUT: VALID=00000000 TRR_WRITE=00000000 VALID_LAST=00000000 TRR_LAST=00000000
DMTD_BOUNDARY_GATE: REF_ENABLED=00000000 FB_ENABLED=00000000 REF_REQ_SET=00000000 FB_REQ_SET=00000000
DMTD_BOUNDARY_GATE_LAST: REF_ENABLED=00000000 FB_ENABLED=00000000 REF_REQ=00000000 FB_REQ=00000000
DMTD_BOUNDARY_STATE: RAW=0C000008 REF_STATE=0 FB_STATE=2 REF_RESET=0 FB_RESET=0
DMTD_BOUNDARY_SAMPLE board=DE5 [1-11.1] sample=040 STATUS=0010946333BC82FF
DMTD_BOUNDARY_CORE: CSR=01010000 STAT_CR=00000000 STAT_VAL=00000000 DEGLITCH_THR=000003E8 SAMPLED_REF=5F38292A SAMPLED_FB=75970307 ACCEPT_REF=006803B9 ACCEPT_FB=02424D62 STAB_REF=0000 STAB_FB=0000
DMTD_BOUNDARY_ENABLE: RCER=00000000 OCER=00280201 EIC_IER=000002E8 EIC_IMR=000002E9 EIC_ISR=000002E8 TRR_CSR=00020000
DMTD_BOUNDARY_EVENT: REF=001C89C1 FB=009E56ED REF_SEEN=740C0EE5 FB_SEEN=E0F53589 REF_LAST=048A9ABE FB_LAST=048A9ABF NOW=4F374B58
DMTD_BOUNDARY_TAG: SOURCE=00B6FFC8 REF=001C89C1 FB=009E56ED REF_LAST=048A9ABF FB_LAST=048A9AC0
DMTD_BOUNDARY_ARB: PENDING=00000000 GRANT=00000000 PENDING_LAST=00000000 GRANT_LAST=00000000
DMTD_BOUNDARY_OUTPUT: VALID=00000000 TRR_WRITE=00000000 VALID_LAST=00000000 TRR_LAST=00000000
DMTD_BOUNDARY_GATE: REF_ENABLED=00000000 FB_ENABLED=00000000 REF_REQ_SET=00000000 FB_REQ_SET=00000000
DMTD_BOUNDARY_GATE_LAST: REF_ENABLED=00000000 FB_ENABLED=00000000 REF_REQ=00000000 FB_REQ=00000000
DMTD_BOUNDARY_STATE: RAW=0C000008 REF_STATE=0 FB_STATE=2 REF_RESET=0 FB_RESET=0
DMTD_BOUNDARY_SAMPLE board=DE5 [1-11.1] sample=041 STATUS=001094C1235882FF
DMTD_BOUNDARY_CORE: CSR=01010000 STAT_CR=00000000 STAT_VAL=00000000 DEGLITCH_THR=000003E8 SAMPLED_REF=62913BF6 SAMPLED_FB=78F1B4C6 ACCEPT_REF=006803B9 ACCEPT_FB=02424D62 STAB_REF=0000 STAB_FB=0000
DMTD_BOUNDARY_ENABLE: RCER=00000000 OCER=00280201 EIC_IER=000002E8 EIC_IMR=000002E9 EIC_ISR=000002E8 TRR_CSR=00020000
DMTD_BOUNDARY_EVENT: REF=001C89C1 FB=009E56ED REF_SEEN=B57C0EE5 FB_SEEN=2DB93589 REF_LAST=048A9ABE FB_LAST=048A9ABF NOW=50E7E8FA
DMTD_BOUNDARY_TAG: SOURCE=00B6FFC8 REF=001C89C1 FB=009E56ED REF_LAST=048A9ABF FB_LAST=048A9AC0
DMTD_BOUNDARY_ARB: PENDING=00000000 GRANT=00000000 PENDING_LAST=00000000 GRANT_LAST=00000000
DMTD_BOUNDARY_OUTPUT: VALID=00000000 TRR_WRITE=00000000 VALID_LAST=00000000 TRR_LAST=00000000
DMTD_BOUNDARY_GATE: REF_ENABLED=00000000 FB_ENABLED=00000000 REF_REQ_SET=00000000 FB_REQ_SET=00000000
DMTD_BOUNDARY_GATE_LAST: REF_ENABLED=00000000 FB_ENABLED=00000000 REF_REQ=00000000 FB_REQ=00000000
DMTD_BOUNDARY_STATE: RAW=0C000008 REF_STATE=0 FB_STATE=2 REF_RESET=0 FB_RESET=0
DMTD_BOUNDARY_SAMPLE board=DE5 [1-11.1] sample=042 STATUS=00109443235882FF
DMTD_BOUNDARY_CORE: CSR=01010000 STAT_CR=00000000 STAT_VAL=00000000 DEGLITCH_THR=000003E8 SAMPLED_REF=65E8BEA7 SAMPLED_FB=7C4A4D1C ACCEPT_REF=006803B9 ACCEPT_FB=02424D62 STAB_REF=0001 STAB_FB=0000
DMTD_BOUNDARY_ENABLE: RCER=00000000 OCER=00280201 EIC_IER=000002E8 EIC_IMR=000002E9 EIC_ISR=000002E8 TRR_CSR=00020000
DMTD_BOUNDARY_EVENT: REF=001C89C1 FB=009E56ED REF_SEEN=9FEC0EE5 FB_SEEN=38413589 REF_LAST=048A9ABE FB_LAST=048A9ABF NOW=5297722F
DMTD_BOUNDARY_TAG: SOURCE=00B6FFC8 REF=001C89C1 FB=009E56ED REF_LAST=048A9ABF FB_LAST=048A9AC0
DMTD_BOUNDARY_ARB: PENDING=00000000 GRANT=00000000 PENDING_LAST=00000000 GRANT_LAST=00000000
DMTD_BOUNDARY_OUTPUT: VALID=00000000 TRR_WRITE=00000000 VALID_LAST=00000000 TRR_LAST=00000000
DMTD_BOUNDARY_GATE: REF_ENABLED=00000000 FB_ENABLED=00000000 REF_REQ_SET=00000000 FB_REQ_SET=00000000
DMTD_BOUNDARY_GATE_LAST: REF_ENABLED=00000000 FB_ENABLED=00000000 REF_REQ=00000000 FB_REQ=00000000
DMTD_BOUNDARY_STATE: RAW=0C000008 REF_STATE=0 FB_STATE=2 REF_RESET=0 FB_RESET=0
DMTD_BOUNDARY_SAMPLE board=DE5 [1-11.1] sample=043 STATUS=00109441235082FF
DMTD_BOUNDARY_CORE: CSR=01010000 STAT_CR=00000000 STAT_VAL=00000000 DEGLITCH_THR=000003E8 SAMPLED_REF=694351FF SAMPLED_FB=7FA6019F ACCEPT_REF=006803B9 ACCEPT_FB=02424D62 STAB_REF=0000 STAB_FB=0001
DMTD_BOUNDARY_ENABLE: RCER=00000000 OCER=00280201 EIC_IER=000003E8 EIC_IMR=000002E9 EIC_ISR=000002E8 TRR_CSR=00020000
DMTD_BOUNDARY_EVENT: REF=001C89C1 FB=009E56ED REF_SEEN=F4920EE5 FB_SEEN=8F693589 REF_LAST=048A9ABE FB_LAST=048A9ABF NOW=5448947D
DMTD_BOUNDARY_TAG: SOURCE=00B6FFC8 REF=001C89C1 FB=009E56ED REF_LAST=048A9ABF FB_LAST=048A9AC0
DMTD_BOUNDARY_ARB: PENDING=00000000 GRANT=00000000 PENDING_LAST=00000000 GRANT_LAST=00000000
DMTD_BOUNDARY_OUTPUT: VALID=00000000 TRR_WRITE=00000000 VALID_LAST=00000000 TRR_LAST=00000000
DMTD_BOUNDARY_GATE: REF_ENABLED=00000000 FB_ENABLED=00000000 REF_REQ_SET=00000000 FB_REQ_SET=00000000
DMTD_BOUNDARY_GATE_LAST: REF_ENABLED=00000000 FB_ENABLED=00000000 REF_REQ=00000000 FB_REQ=00000000
DMTD_BOUNDARY_STATE: RAW=0C000008 REF_STATE=0 FB_STATE=2 REF_RESET=0 FB_RESET=0
DMTD_BOUNDARY_SAMPLE board=DE5 [1-11.1] sample=044 STATUS=00109441235082FF
DMTD_BOUNDARY_CORE: CSR=01010000 STAT_CR=00000000 STAT_VAL=00000000 DEGLITCH_THR=000003E8 SAMPLED_REF=02424D62 SAMPLED_FB=82FD4E19 ACCEPT_REF=006803B9 ACCEPT_FB=02424D62 STAB_REF=0001 STAB_FB=0000
DMTD_BOUNDARY_ENABLE: RCER=00000000 OCER=006803B9 EIC_IER=000002E8 EIC_IMR=000002E9 EIC_ISR=000002E8 TRR_CSR=00020000
DMTD_BOUNDARY_EVENT: REF=001C89C1 FB=009E56ED REF_SEEN=7EB40EE5 FB_SEEN=65A13589 REF_LAST=048A9ABE FB_LAST=048A9ABF NOW=55F789DE
DMTD_BOUNDARY_TAG: SOURCE=00B6FFC8 REF=001C89C1 FB=009E56ED REF_LAST=048A9ABF FB_LAST=048A9AC0
DMTD_BOUNDARY_ARB: PENDING=00000000 GRANT=00000000 PENDING_LAST=00000000 GRANT_LAST=00000000
DMTD_BOUNDARY_OUTPUT: VALID=00000000 TRR_WRITE=00000000 VALID_LAST=00000000 TRR_LAST=00000000
DMTD_BOUNDARY_GATE: REF_ENABLED=00000000 FB_ENABLED=00000000 REF_REQ_SET=00000000 FB_REQ_SET=00000000
DMTD_BOUNDARY_GATE_LAST: REF_ENABLED=00000000 FB_ENABLED=00000000 REF_REQ=00000000 FB_REQ=00000000
DMTD_BOUNDARY_STATE: RAW=0C000008 REF_STATE=0 FB_STATE=2 REF_RESET=0 FB_RESET=0
DMTD_BOUNDARY_SAMPLE board=DE5 [1-11.1] sample=045 STATUS=001094C3235082FF
DMTD_BOUNDARY_CORE: CSR=01010000 STAT_CR=00000000 STAT_VAL=00000000 DEGLITCH_THR=000003E8 SAMPLED_REF=6FF2C34E SAMPLED_FB=86579C44 ACCEPT_REF=006803B9 ACCEPT_FB=02424D62 STAB_REF=0001 STAB_FB=0000
DMTD_BOUNDARY_ENABLE: RCER=00000000 OCER=00280201 EIC_IER=000002E8 EIC_IMR=000002E9 EIC_ISR=000002E8 TRR_CSR=00020000
DMTD_BOUNDARY_EVENT: REF=001C89C1 FB=009E56ED REF_SEEN=15800EE5 FB_SEEN=740B3589 REF_LAST=048A9ABE FB_LAST=048A9ABF NOW=57A823FA
DMTD_BOUNDARY_TAG: SOURCE=00B6FFC8 REF=001C89C1 FB=009E56ED REF_LAST=048A9ABF FB_LAST=048A9AC0
DMTD_BOUNDARY_ARB: PENDING=00000000 GRANT=00000000 PENDING_LAST=00000000 GRANT_LAST=00000000
DMTD_BOUNDARY_OUTPUT: VALID=00000000 TRR_WRITE=00000000 VALID_LAST=00000000 TRR_LAST=00000000
DMTD_BOUNDARY_GATE: REF_ENABLED=00000000 FB_ENABLED=00000000 REF_REQ_SET=00000000 FB_REQ_SET=00000000
DMTD_BOUNDARY_GATE_LAST: REF_ENABLED=00000000 FB_ENABLED=00000000 REF_REQ=00000000 FB_REQ=00000000
DMTD_BOUNDARY_STATE: RAW=0C000008 REF_STATE=0 FB_STATE=2 REF_RESET=0 FB_RESET=0
DMTD_BOUNDARY_SAMPLE board=DE5 [1-11.1] sample=046 STATUS=0010946133BC82FF
DMTD_BOUNDARY_CORE: CSR=01010000 STAT_CR=00000000 STAT_VAL=00000000 DEGLITCH_THR=000003E8 SAMPLED_REF=734C30D1 SAMPLED_FB=89B28048 ACCEPT_REF=006803B9 ACCEPT_FB=7341753D STAB_REF=0001 STAB_FB=0001
DMTD_BOUNDARY_ENABLE: RCER=00000000 OCER=00280201 EIC_IER=000002E8 EIC_IMR=000002E9 EIC_ISR=000002E8 TRR_CSR=00020000
DMTD_BOUNDARY_EVENT: REF=001C89C1 FB=009E56ED REF_SEEN=94460EE5 FB_SEEN=AA473589 REF_LAST=048A9ABE FB_LAST=048A9ABF NOW=5958B5CA
DMTD_BOUNDARY_TAG: SOURCE=00B6FFC8 REF=001C89C1 FB=009E56ED REF_LAST=048A9ABF FB_LAST=048A9AC0
DMTD_BOUNDARY_ARB: PENDING=00000000 GRANT=00000000 PENDING_LAST=00000000 GRANT_LAST=00000000
DMTD_BOUNDARY_OUTPUT: VALID=00000000 TRR_WRITE=00000000 VALID_LAST=00000000 TRR_LAST=00000000
DMTD_BOUNDARY_GATE: REF_ENABLED=00000000 FB_ENABLED=00000000 REF_REQ_SET=00000000 FB_REQ_SET=00000000
DMTD_BOUNDARY_GATE_LAST: REF_ENABLED=00000000 FB_ENABLED=00000000 REF_REQ=00000000 FB_REQ=00000000
DMTD_BOUNDARY_STATE: RAW=0C000008 REF_STATE=0 FB_STATE=2 REF_RESET=0 FB_RESET=0
DMTD_BOUNDARY_SAMPLE board=DE5 [1-11.1] sample=047 STATUS=00109441235082FF
DMTD_BOUNDARY_CORE: CSR=01010000 STAT_CR=00000000 STAT_VAL=00000000 DEGLITCH_THR=000003E8 SAMPLED_REF=76A50198 SAMPLED_FB=8D0C66B5 ACCEPT_REF=006803B9 ACCEPT_FB=02424D62 STAB_REF=0001 STAB_FB=0001
DMTD_BOUNDARY_ENABLE: RCER=00000100 OCER=00280201 EIC_IER=000002E8 EIC_IMR=000002E9 EIC_ISR=000002E8 TRR_CSR=00020000
DMTD_BOUNDARY_EVENT: REF=009E56ED FB=009E56ED REF_SEEN=40140EE5 FB_SEEN=6FEB3589 REF_LAST=048A9ABE FB_LAST=048A9ABF NOW=5B09ECD3
DMTD_BOUNDARY_TAG: SOURCE=00B6FFC8 REF=001C89C1 FB=009E56ED REF_LAST=048A9ABF FB_LAST=048A9AC0
DMTD_BOUNDARY_ARB: PENDING=00000000 GRANT=00000000 PENDING_LAST=00000000 GRANT_LAST=00000000
DMTD_BOUNDARY_OUTPUT: VALID=00020000 TRR_WRITE=00000000 VALID_LAST=00000000 TRR_LAST=00000000
DMTD_BOUNDARY_GATE: REF_ENABLED=00000000 FB_ENABLED=00000000 REF_REQ_SET=00000000 FB_REQ_SET=00000000
DMTD_BOUNDARY_GATE_LAST: REF_ENABLED=00000000 FB_ENABLED=00000000 REF_REQ=00000000 FB_REQ=00000000
DMTD_BOUNDARY_STATE: RAW=0C000008 REF_STATE=0 FB_STATE=2 REF_RESET=0 FB_RESET=0
DMTD_BOUNDARY_SAMPLE board=DE5 [1-11.1] sample=048 STATUS=00109443235082FF
DMTD_BOUNDARY_CORE: CSR=01010000 STAT_CR=00000000 STAT_VAL=00000000 DEGLITCH_THR=000003E8 SAMPLED_REF=79FE45C4 SAMPLED_FB=9066CA85 ACCEPT_REF=006803B9 ACCEPT_FB=02424D62 STAB_REF=0000 STAB_FB=0001
DMTD_BOUNDARY_ENABLE: RCER=00000000 OCER=00280201 EIC_IER=000002E8 EIC_IMR=000002E9 EIC_ISR=000002E8 TRR_CSR=00020000
DMTD_BOUNDARY_EVENT: REF=001C89C1 FB=009E56ED REF_SEEN=98F00EE5 FB_SEEN=F6073589 REF_LAST=048A9ABE FB_LAST=048A9ABF NOW=5CB9631B
DMTD_BOUNDARY_TAG: SOURCE=00B6FFC8 REF=001C89C1 FB=009E56ED REF_LAST=048A9ABF FB_LAST=048A9AC0
DMTD_BOUNDARY_ARB: PENDING=00000000 GRANT=00000000 PENDING_LAST=00000000 GRANT_LAST=00000000
DMTD_BOUNDARY_OUTPUT: VALID=00000000 TRR_WRITE=00000000 VALID_LAST=00000000 TRR_LAST=00000000
DMTD_BOUNDARY_GATE: REF_ENABLED=00000000 FB_ENABLED=00000000 REF_REQ_SET=00000000 FB_REQ_SET=00000000
DMTD_BOUNDARY_GATE_LAST: REF_ENABLED=00000000 FB_ENABLED=00000000 REF_REQ=00000000 FB_REQ=00000000
DMTD_BOUNDARY_STATE: RAW=0C000008 REF_STATE=0 FB_STATE=2 REF_RESET=0 FB_RESET=0
DMTD_BOUNDARY_SAMPLE board=DE5 [1-11.1] sample=049 STATUS=001094E133BC82FF
DMTD_BOUNDARY_CORE: CSR=01010000 STAT_CR=00000000 STAT_VAL=00000000 DEGLITCH_THR=000003E8 SAMPLED_REF=7D555DEC SAMPLED_FB=93BF3F5C ACCEPT_REF=006803B9 ACCEPT_FB=02424D62 STAB_REF=0000 STAB_FB=0000
DMTD_BOUNDARY_ENABLE: RCER=00000000 OCER=00280201 EIC_IER=000002E8 EIC_IMR=000002E9 EIC_ISR=000002E8 TRR_CSR=00020000
DMTD_BOUNDARY_EVENT: REF=001C89C1 FB=009E56ED REF_SEEN=AE0A0EE5 FB_SEEN=22053589 REF_LAST=048A9ABE FB_LAST=048A9ABF NOW=5E68F1B9
DMTD_BOUNDARY_TAG: SOURCE=00B6FFC8 REF=001C89C1 FB=009E56ED REF_LAST=048A9ABF FB_LAST=048A9AC0
DMTD_BOUNDARY_ARB: PENDING=00000000 GRANT=00000000 PENDING_LAST=00000000 GRANT_LAST=00000000
DMTD_BOUNDARY_OUTPUT: VALID=00000000 TRR_WRITE=00000000 VALID_LAST=00000000 TRR_LAST=00000000
DMTD_BOUNDARY_GATE: REF_ENABLED=00000000 FB_ENABLED=00000000 REF_REQ_SET=00000000 FB_REQ_SET=00000000
DMTD_BOUNDARY_GATE_LAST: REF_ENABLED=00000000 FB_ENABLED=00000000 REF_REQ=00000000 FB_REQ=00000000
DMTD_BOUNDARY_STATE: RAW=0C000008 REF_STATE=0 FB_STATE=2 REF_RESET=0 FB_RESET=0
DMTD_BOUNDARY_SAMPLE board=DE5 [1-11.1] sample=050 STATUS=001094E133BC82FF
DMTD_BOUNDARY_CORE: CSR=01010000 STAT_CR=00000000 STAT_VAL=00000000 DEGLITCH_THR=000003E8 SAMPLED_REF=80AE53DE SAMPLED_FB=97199F14 ACCEPT_REF=006803B9 ACCEPT_FB=02424D62 STAB_REF=0001 STAB_FB=0001
DMTD_BOUNDARY_ENABLE: RCER=00000000 OCER=00280201 EIC_IER=000002E8 EIC_IMR=000002E9 EIC_ISR=000002E8 TRR_CSR=00020000
DMTD_BOUNDARY_EVENT: REF=001C89C1 FB=009E56ED REF_SEEN=C6600EE5 FB_SEEN=B9313589 REF_LAST=048A9ABE FB_LAST=048A9ABF NOW=601962B2
DMTD_BOUNDARY_TAG: SOURCE=00B6FFC8 REF=001C89C1 FB=009E56ED REF_LAST=048A9ABF FB_LAST=048A9AC0
DMTD_BOUNDARY_ARB: PENDING=00000000 GRANT=00000000 PENDING_LAST=00000000 GRANT_LAST=00000000
DMTD_BOUNDARY_OUTPUT: VALID=00000000 TRR_WRITE=00000000 VALID_LAST=00000000 TRR_LAST=00000000
DMTD_BOUNDARY_GATE: REF_ENABLED=00000000 FB_ENABLED=00000000 REF_REQ_SET=00000000 FB_REQ_SET=00000000
DMTD_BOUNDARY_GATE_LAST: REF_ENABLED=00000000 FB_ENABLED=00000000 REF_REQ=00000000 FB_REQ=00000000
DMTD_BOUNDARY_STATE: RAW=0C000008 REF_STATE=0 FB_STATE=2 REF_RESET=0 FB_RESET=0
DMTD_BOUNDARY_SAMPLE board=DE5 [1-11.1] sample=051 STATUS=00109441235082FF
DMTD_BOUNDARY_CORE: CSR=01010000 STAT_CR=00000000 STAT_VAL=00000000 DEGLITCH_THR=000003E8 SAMPLED_REF=8405E49D SAMPLED_FB=9A725B67 ACCEPT_REF=006803B9 ACCEPT_FB=02424D62 STAB_REF=0001 STAB_FB=0000
DMTD_BOUNDARY_ENABLE: RCER=00000000 OCER=00280201 EIC_IER=000002E8 EIC_IMR=000002E8 EIC_ISR=000002E8 TRR_CSR=00020000
DMTD_BOUNDARY_EVENT: REF=001C89C1 FB=009E56ED REF_SEEN=F01A0EE5 FB_SEEN=6FB73589 REF_LAST=048A9ABE FB_LAST=048A9ABF NOW=61C919C2
DMTD_BOUNDARY_TAG: SOURCE=00B6FFC8 REF=009E56ED FB=009E56ED REF_LAST=048A9ABF FB_LAST=048A9AC0
DMTD_BOUNDARY_ARB: PENDING=00000000 GRANT=00000000 PENDING_LAST=00000000 GRANT_LAST=00000000
DMTD_BOUNDARY_OUTPUT: VALID=00000000 TRR_WRITE=00000000 VALID_LAST=00000000 TRR_LAST=00000000
DMTD_BOUNDARY_GATE: REF_ENABLED=00000000 FB_ENABLED=00000000 REF_REQ_SET=00000000 FB_REQ_SET=00000000
DMTD_BOUNDARY_GATE_LAST: REF_ENABLED=00000000 FB_ENABLED=00000000 REF_REQ=00000000 FB_REQ=00000000
DMTD_BOUNDARY_STATE: RAW=0C000008 REF_STATE=0 FB_STATE=2 REF_RESET=0 FB_RESET=0
DMTD_BOUNDARY_SAMPLE board=DE5 [1-11.1] sample=052 STATUS=001094E133BC82FF
DMTD_BOUNDARY_CORE: CSR=01010000 STAT_CR=00000000 STAT_VAL=00000000 DEGLITCH_THR=000003E8 SAMPLED_REF=875EDDD0 SAMPLED_FB=9DCC5EFB ACCEPT_REF=006803B9 ACCEPT_FB=02424D62 STAB_REF=0000 STAB_FB=0001
DMTD_BOUNDARY_ENABLE: RCER=00000000 OCER=00280201 EIC_IER=000002E8 EIC_IMR=000002E9 EIC_ISR=000002E8 TRR_CSR=00020000
DMTD_BOUNDARY_EVENT: REF=001C89C1 FB=001C89C1 REF_SEEN=401C0EE5 FB_SEEN=A3FB3589 REF_LAST=048A9ABE FB_LAST=048A9ABF NOW=637966BD
DMTD_BOUNDARY_TAG: SOURCE=00B6FFC8 REF=001C89C1 FB=009E56ED REF_LAST=048A9ABF FB_LAST=048A9AC0
DMTD_BOUNDARY_ARB: PENDING=00000000 GRANT=00000000 PENDING_LAST=00000000 GRANT_LAST=00000000
DMTD_BOUNDARY_OUTPUT: VALID=00000000 TRR_WRITE=00000000 VALID_LAST=00000000 TRR_LAST=00000000
DMTD_BOUNDARY_GATE: REF_ENABLED=00000000 FB_ENABLED=00000000 REF_REQ_SET=00000000 FB_REQ_SET=00000000
DMTD_BOUNDARY_GATE_LAST: REF_ENABLED=00000000 FB_ENABLED=00000000 REF_REQ=00000000 FB_REQ=00000000
DMTD_BOUNDARY_STATE: RAW=0C000008 REF_STATE=0 FB_STATE=2 REF_RESET=0 FB_RESET=0
DMTD_BOUNDARY_SAMPLE board=DE5 [1-11.1] sample=053 STATUS=001094C1235082FF
DMTD_BOUNDARY_CORE: CSR=01010000 STAT_CR=00000000 STAT_VAL=00000000 DEGLITCH_THR=000003E8 SAMPLED_REF=8AB5987A SAMPLED_FB=A1245735 ACCEPT_REF=006803B9 ACCEPT_FB=02424D62 STAB_REF=0000 STAB_FB=0000
DMTD_BOUNDARY_ENABLE: RCER=00000000 OCER=00280201 EIC_IER=000002E8 EIC_IMR=000002E9 EIC_ISR=000002E8 TRR_CSR=00020000
DMTD_BOUNDARY_EVENT: REF=001C89C1 FB=009E56ED REF_SEEN=21CC0EE5 FB_SEEN=47F33589 REF_LAST=048A9ABE FB_LAST=048A9ABF NOW=6528A493
DMTD_BOUNDARY_TAG: SOURCE=00B6FFC8 REF=001C89C1 FB=009E56ED REF_LAST=048A9ABF FB_LAST=048A9AC0
DMTD_BOUNDARY_ARB: PENDING=00000000 GRANT=00000000 PENDING_LAST=00000000 GRANT_LAST=00000000
DMTD_BOUNDARY_OUTPUT: VALID=00000000 TRR_WRITE=00000000 VALID_LAST=00000000 TRR_LAST=00000000
DMTD_BOUNDARY_GATE: REF_ENABLED=00000000 FB_ENABLED=00000000 REF_REQ_SET=00000000 FB_REQ_SET=00000000
DMTD_BOUNDARY_GATE_LAST: REF_ENABLED=00000000 FB_ENABLED=00000000 REF_REQ=00000000 FB_REQ=00000000
DMTD_BOUNDARY_STATE: RAW=0C000008 REF_STATE=0 FB_STATE=2 REF_RESET=0 FB_RESET=0
DMTD_BOUNDARY_SAMPLE board=DE5 [1-11.1] sample=054 STATUS=001094C1235082FF
DMTD_BOUNDARY_CORE: CSR=01010000 STAT_CR=00000000 STAT_VAL=00000000 DEGLITCH_THR=000003E8 SAMPLED_REF=8E0ED7D2 SAMPLED_FB=A47F1425 ACCEPT_REF=006803B9 ACCEPT_FB=02424D62 STAB_REF=0000 STAB_FB=0001
DMTD_BOUNDARY_ENABLE: RCER=00000000 OCER=00280201 EIC_IER=000002E8 EIC_IMR=000002E9 EIC_ISR=000002E8 TRR_CSR=00020000
DMTD_BOUNDARY_EVENT: REF=001C89C1 FB=009E56ED REF_SEEN=BC0C0EE5 FB_SEEN=CB013589 REF_LAST=048A9ABE FB_LAST=048A9ABF NOW=66D9517B
DMTD_BOUNDARY_TAG: SOURCE=00B6FFC8 REF=001C89C1 FB=009E56ED REF_LAST=048A9ABF FB_LAST=048A9AC0
DMTD_BOUNDARY_ARB: PENDING=00000000 GRANT=00000000 PENDING_LAST=00000000 GRANT_LAST=00000000
DMTD_BOUNDARY_OUTPUT: VALID=00000000 TRR_WRITE=00000000 VALID_LAST=00000000 TRR_LAST=00000000
DMTD_BOUNDARY_GATE: REF_ENABLED=00000000 FB_ENABLED=00000000 REF_REQ_SET=00000000 FB_REQ_SET=00000000
DMTD_BOUNDARY_GATE_LAST: REF_ENABLED=00000000 FB_ENABLED=00000000 REF_REQ=00000000 FB_REQ=00000000
DMTD_BOUNDARY_STATE: RAW=0C000008 REF_STATE=0 FB_STATE=2 REF_RESET=0 FB_RESET=0
DMTD_BOUNDARY_SAMPLE board=DE5 [1-11.1] sample=055 STATUS=0010946333BC82FF
DMTD_BOUNDARY_CORE: CSR=01010000 STAT_CR=00000000 STAT_VAL=00000000 DEGLITCH_THR=000003E8 SAMPLED_REF=9165CC38 SAMPLED_FB=A7D79FBC ACCEPT_REF=006803B9 ACCEPT_FB=02424D62 STAB_REF=0001 STAB_FB=0000
DMTD_BOUNDARY_ENABLE: RCER=00000000 OCER=00280201 EIC_IER=000002E8 EIC_IMR=000002E9 EIC_ISR=000002E8 TRR_CSR=00020000
DMTD_BOUNDARY_EVENT: REF=001C89C1 FB=009E56ED REF_SEEN=80200EE5 FB_SEEN=CD833589 REF_LAST=048A9ABE FB_LAST=048A9ABF NOW=6888D549
DMTD_BOUNDARY_TAG: SOURCE=00B6FFC8 REF=001C89C1 FB=009E56ED REF_LAST=048A9ABF FB_LAST=048A9AC0
DMTD_BOUNDARY_ARB: PENDING=00000000 GRANT=00000000 PENDING_LAST=00000000 GRANT_LAST=00000000
DMTD_BOUNDARY_OUTPUT: VALID=00000000 TRR_WRITE=00000000 VALID_LAST=00000000 TRR_LAST=00000000
DMTD_BOUNDARY_GATE: REF_ENABLED=00000000 FB_ENABLED=00000000 REF_REQ_SET=00000000 FB_REQ_SET=00000000
DMTD_BOUNDARY_GATE_LAST: REF_ENABLED=00000000 FB_ENABLED=00000000 REF_REQ=00000000 FB_REQ=00000000
DMTD_BOUNDARY_STATE: RAW=0C000008 REF_STATE=0 FB_STATE=2 REF_RESET=0 FB_RESET=0
DMTD_BOUNDARY_SAMPLE board=DE5 [1-11.1] sample=056 STATUS=0010946133BC82FF
DMTD_BOUNDARY_CORE: CSR=01010000 STAT_CR=00000000 STAT_VAL=00000000 DEGLITCH_THR=000003E8 SAMPLED_REF=94BE582E SAMPLED_FB=AB319C6B ACCEPT_REF=006803B9 ACCEPT_FB=02424D62 STAB_REF=0000 STAB_FB=0000
DMTD_BOUNDARY_ENABLE: RCER=00000000 OCER=00280201 EIC_IER=000002E8 EIC_IMR=000002E9 EIC_ISR=000002E8 TRR_CSR=00020000
DMTD_BOUNDARY_EVENT: REF=001C89C1 FB=009E56ED REF_SEEN=B5840EE5 FB_SEEN=CDB73589 REF_LAST=048A9ABE FB_LAST=048A9ABF NOW=6A3939B4
DMTD_BOUNDARY_TAG: SOURCE=00B6FFC8 REF=001C89C1 FB=009E56ED REF_LAST=048A9ABF FB_LAST=048A9AC0
DMTD_BOUNDARY_ARB: PENDING=00000000 GRANT=00000000 PENDING_LAST=00000000 GRANT_LAST=00000000
DMTD_BOUNDARY_OUTPUT: VALID=00000000 TRR_WRITE=00000000 VALID_LAST=00000000 TRR_LAST=00000000
DMTD_BOUNDARY_GATE: REF_ENABLED=00000000 FB_ENABLED=00000000 REF_REQ_SET=00000000 FB_REQ_SET=00000000
DMTD_BOUNDARY_GATE_LAST: REF_ENABLED=00000000 FB_ENABLED=00000000 REF_REQ=00000000 FB_REQ=00000000
DMTD_BOUNDARY_STATE: RAW=0C000008 REF_STATE=0 FB_STATE=2 REF_RESET=0 FB_RESET=0
DMTD_BOUNDARY_SAMPLE board=DE5 [1-11.1] sample=057 STATUS=001094E133BC82FF
DMTD_BOUNDARY_CORE: CSR=01010000 STAT_CR=00000000 STAT_VAL=00000000 DEGLITCH_THR=000003E8 SAMPLED_REF=98157D8B SAMPLED_FB=AE8A3B06 ACCEPT_REF=006803B9 ACCEPT_FB=02424D62 STAB_REF=0000 STAB_FB=0000
DMTD_BOUNDARY_ENABLE: RCER=00000000 OCER=00280201 EIC_IER=000002E8 EIC_IMR=000002E9 EIC_ISR=000002E8 TRR_CSR=00020000
DMTD_BOUNDARY_EVENT: REF=001C89C1 FB=009E56ED REF_SEEN=00E40EE5 FB_SEEN=20E73589 REF_LAST=048A9ABE FB_LAST=048A9ABF NOW=6BE8C2AD
DMTD_BOUNDARY_TAG: SOURCE=00B6FFC8 REF=001C89C1 FB=009E56ED REF_LAST=048A9ABF FB_LAST=048A9AC0
DMTD_BOUNDARY_ARB: PENDING=00000000 GRANT=00000000 PENDING_LAST=00000000 GRANT_LAST=00000000
DMTD_BOUNDARY_OUTPUT: VALID=00020000 TRR_WRITE=00000000 VALID_LAST=00000000 TRR_LAST=00000000
DMTD_BOUNDARY_GATE: REF_ENABLED=00000000 FB_ENABLED=00000000 REF_REQ_SET=00000000 FB_REQ_SET=00000000
DMTD_BOUNDARY_GATE_LAST: REF_ENABLED=00000000 FB_ENABLED=00000000 REF_REQ=00000000 FB_REQ=00000000
DMTD_BOUNDARY_STATE: RAW=0C000008 REF_STATE=0 FB_STATE=2 REF_RESET=0 FB_RESET=0
DMTD_BOUNDARY_SAMPLE board=DE5 [1-11.1] sample=058 STATUS=001094C3235082FF
DMTD_BOUNDARY_CORE: CSR=01010000 STAT_CR=00000000 STAT_VAL=00000000 DEGLITCH_THR=212803E8 SAMPLED_REF=9B6B584C SAMPLED_FB=B1E13742 ACCEPT_REF=006803B9 ACCEPT_FB=02424D62 STAB_REF=F4F8 STAB_FB=B1EB
DMTD_BOUNDARY_ENABLE: RCER=00000000 OCER=00280201 EIC_IER=212802E8 EIC_IMR=212802E9 EIC_ISR=212802E8 TRR_CSR=00020000
DMTD_BOUNDARY_EVENT: REF=001C89C1 FB=009E56ED REF_SEEN=8A800EE5 FB_SEEN=DBD93589 REF_LAST=048A9ABE FB_LAST=048A9ABF NOW=6D9879C6
DMTD_BOUNDARY_TAG: SOURCE=00B6FFC8 REF=009E56ED FB=009E56ED REF_LAST=048A9ABF FB_LAST=048A9AC0
DMTD_BOUNDARY_ARB: PENDING=00000000 GRANT=00000000 PENDING_LAST=00000000 GRANT_LAST=00000000
DMTD_BOUNDARY_OUTPUT: VALID=00000000 TRR_WRITE=00000000 VALID_LAST=00000000 TRR_LAST=00000000
DMTD_BOUNDARY_GATE: REF_ENABLED=00000000 FB_ENABLED=00000000 REF_REQ_SET=00000000 FB_REQ_SET=00000000
DMTD_BOUNDARY_GATE_LAST: REF_ENABLED=00000000 FB_ENABLED=00000000 REF_REQ=00000000 FB_REQ=00000000
DMTD_BOUNDARY_STATE: RAW=0C000008 REF_STATE=0 FB_STATE=2 REF_RESET=0 FB_RESET=0
DMTD_BOUNDARY_SAMPLE board=DE5 [1-11.1] sample=059 STATUS=001094E133BC82FF
DMTD_BOUNDARY_CORE: CSR=01010000 STAT_CR=00000000 STAT_VAL=00000000 DEGLITCH_THR=000003E8 SAMPLED_REF=9EC52542 SAMPLED_FB=B53C1087 ACCEPT_REF=006803B9 ACCEPT_FB=02424D62 STAB_REF=0000 STAB_FB=0000
DMTD_BOUNDARY_ENABLE: RCER=00000000 OCER=00280201 EIC_IER=000002E8 EIC_IMR=000002E9 EIC_ISR=000002E8 TRR_CSR=00020000
DMTD_BOUNDARY_EVENT: REF=001C89C1 FB=009E56ED REF_SEEN=26D13589 FB_SEEN=8D253589 REF_LAST=048A9ABE FB_LAST=048A9ABF NOW=6F4835AE
DMTD_BOUNDARY_TAG: SOURCE=00B6FFC8 REF=001C89C1 FB=009E56ED REF_LAST=048A9ABF FB_LAST=048A9AC0
DMTD_BOUNDARY_ARB: PENDING=00000000 GRANT=00000000 PENDING_LAST=00000000 GRANT_LAST=00000000
DMTD_BOUNDARY_OUTPUT: VALID=00000000 TRR_WRITE=00000000 VALID_LAST=00000000 TRR_LAST=00000000
DMTD_BOUNDARY_GATE: REF_ENABLED=00000000 FB_ENABLED=00000000 REF_REQ_SET=00000000 FB_REQ_SET=00000000
DMTD_BOUNDARY_GATE_LAST: REF_ENABLED=00000000 FB_ENABLED=00000000 REF_REQ=00000000 FB_REQ=00000000
DMTD_BOUNDARY_STATE: RAW=00000000 REF_STATE=0 FB_STATE=0 REF_RESET=0 FB_RESET=0
DMTD_BOUNDARY_SAMPLE board=DE5 [1-11.1] sample=060 STATUS=001094C3235082FF
DMTD_BOUNDARY_CORE: CSR=01010000 STAT_CR=00000000 STAT_VAL=00000000 DEGLITCH_THR=000003E8 SAMPLED_REF=A21C166E SAMPLED_FB=B894192C ACCEPT_REF=006803B9 ACCEPT_FB=02424D62 STAB_REF=0000 STAB_FB=0000
DMTD_BOUNDARY_ENABLE: RCER=00000000 OCER=00280201 EIC_IER=000002E8 EIC_IMR=000002E9 EIC_ISR=000002E8 TRR_CSR=00020000
DMTD_BOUNDARY_EVENT: REF=001C89C1 FB=009E56ED REF_SEEN=16B40EE5 FB_SEEN=B9393589 REF_LAST=048A9ABE FB_LAST=048A9ABF NOW=70F78575
DMTD_BOUNDARY_TAG: SOURCE=00B6FFC8 REF=009E56ED FB=009E56ED REF_LAST=048A9ABF FB_LAST=048A9AC0
DMTD_BOUNDARY_ARB: PENDING=00000000 GRANT=00000000 PENDING_LAST=00000000 GRANT_LAST=00000000
DMTD_BOUNDARY_OUTPUT: VALID=00000000 TRR_WRITE=00000000 VALID_LAST=00000000 TRR_LAST=00000000
DMTD_BOUNDARY_GATE: REF_ENABLED=00000000 FB_ENABLED=00000000 REF_REQ_SET=00000000 FB_REQ_SET=00000000
DMTD_BOUNDARY_GATE_LAST: REF_ENABLED=00000000 FB_ENABLED=00000000 REF_REQ=00000000 FB_REQ=00000000
DMTD_BOUNDARY_STATE: RAW=0C000008 REF_STATE=0 FB_STATE=2 REF_RESET=0 FB_RESET=0
DMTD_BOUNDARY_SAMPLE board=DE5 [1-11.1] sample=061 STATUS=00109461337082FF
DMTD_BOUNDARY_CORE: CSR=01010000 STAT_CR=00000000 STAT_VAL=00000000 DEGLITCH_THR=000003E8 SAMPLED_REF=A574491E SAMPLED_FB=BBEDCE8D ACCEPT_REF=006803B9 ACCEPT_FB=02424D62 STAB_REF=0000 STAB_FB=0000
DMTD_BOUNDARY_ENABLE: RCER=00000000 OCER=00280201 EIC_IER=000002E8 EIC_IMR=000002E9 EIC_ISR=000002E8 TRR_CSR=00020000
DMTD_BOUNDARY_EVENT: REF=001C89C1 FB=009E56ED REF_SEEN=987E0EE5 FB_SEEN=20053589 REF_LAST=048A9ABE FB_LAST=048A9ABF NOW=72A8E96F
DMTD_BOUNDARY_TAG: SOURCE=00B6FFC8 REF=001C89C1 FB=009E56ED REF_LAST=048A9ABF FB_LAST=048A9AC0
DMTD_BOUNDARY_ARB: PENDING=00000000 GRANT=00000000 PENDING_LAST=00000000 GRANT_LAST=00000000
DMTD_BOUNDARY_OUTPUT: VALID=00000000 TRR_WRITE=00000000 VALID_LAST=00000000 TRR_LAST=00000000
DMTD_BOUNDARY_GATE: REF_ENABLED=00000000 FB_ENABLED=00000000 REF_REQ_SET=00000000 FB_REQ_SET=00000000
DMTD_BOUNDARY_GATE_LAST: REF_ENABLED=00000000 FB_ENABLED=00000000 REF_REQ=00000000 FB_REQ=00000000
DMTD_BOUNDARY_STATE: RAW=0C000008 REF_STATE=0 FB_STATE=2 REF_RESET=0 FB_RESET=0
DMTD_BOUNDARY_SAMPLE board=DE5 [1-11.1] sample=062 STATUS=00109441235082FF
DMTD_BOUNDARY_CORE: CSR=01010000 STAT_CR=00000000 STAT_VAL=00000000 DEGLITCH_THR=000003E8 SAMPLED_REF=A8CD9383 SAMPLED_FB=BF485D0A ACCEPT_REF=006803B9 ACCEPT_FB=02424D62 STAB_REF=0001 STAB_FB=0000
DMTD_BOUNDARY_ENABLE: RCER=00000000 OCER=00280201 EIC_IER=000002E8 EIC_IMR=000002E9 EIC_ISR=000002E8 TRR_CSR=00020000
DMTD_BOUNDARY_EVENT: REF=001C89C1 FB=009E56ED REF_SEEN=8D760EE5 FB_SEEN=77033589 REF_LAST=048A9ABE FB_LAST=048A9ABF NOW=7458503D
DMTD_BOUNDARY_TAG: SOURCE=00B6FFC8 REF=001C89C1 FB=009E56ED REF_LAST=048A9ABF FB_LAST=048A9AC0
DMTD_BOUNDARY_ARB: PENDING=00000000 GRANT=00000000 PENDING_LAST=00000000 GRANT_LAST=00000000
DMTD_BOUNDARY_OUTPUT: VALID=00000000 TRR_WRITE=00000000 VALID_LAST=00000000 TRR_LAST=00000000
DMTD_BOUNDARY_GATE: REF_ENABLED=00000000 FB_ENABLED=00000000 REF_REQ_SET=00000000 FB_REQ_SET=00000000
DMTD_BOUNDARY_GATE_LAST: REF_ENABLED=00000000 FB_ENABLED=00000000 REF_REQ=00000000 FB_REQ=00000000
DMTD_BOUNDARY_STATE: RAW=0C000008 REF_STATE=0 FB_STATE=2 REF_RESET=0 FB_RESET=0
DMTD_BOUNDARY_SAMPLE board=DE5 [1-11.1] sample=063 STATUS=001094C3235082FF
DMTD_BOUNDARY_CORE: CSR=01010000 STAT_CR=00000000 STAT_VAL=00000000 DEGLITCH_THR=000003E8 SAMPLED_REF=AC28980C SAMPLED_FB=00000001 ACCEPT_REF=006803B9 ACCEPT_FB=02424D62 STAB_REF=0000 STAB_FB=0000
DMTD_BOUNDARY_ENABLE: RCER=00000000 OCER=00280201 EIC_IER=000002E8 EIC_IMR=000002E8 EIC_ISR=000002E8 TRR_CSR=00020000
DMTD_BOUNDARY_EVENT: REF=001C89C1 FB=009E56ED REF_SEEN=FA6E0EE5 FB_SEEN=42ED3589 REF_LAST=048A9ABE FB_LAST=048A9ABF NOW=76098BEA
DMTD_BOUNDARY_TAG: SOURCE=00B6FFC8 REF=001C89C1 FB=009E56ED REF_LAST=048A9ABF FB_LAST=048A9AC0
DMTD_BOUNDARY_ARB: PENDING=00000000 GRANT=00000000 PENDING_LAST=00000000 GRANT_LAST=00000000
DMTD_BOUNDARY_OUTPUT: VALID=00000000 TRR_WRITE=00000000 VALID_LAST=00000000 TRR_LAST=00000000
DMTD_BOUNDARY_GATE: REF_ENABLED=00000000 FB_ENABLED=00000000 REF_REQ_SET=00000000 FB_REQ_SET=00000000
DMTD_BOUNDARY_GATE_LAST: REF_ENABLED=00000000 FB_ENABLED=00000000 REF_REQ=00000000 FB_REQ=00000000
DMTD_BOUNDARY_STATE: RAW=0C000008 REF_STATE=0 FB_STATE=2 REF_RESET=0 FB_RESET=0
DMTD_BOUNDARY_SAMPLE board=DE5 [1-11.1] sample=064 STATUS=001094C1235082FF
DMTD_BOUNDARY_CORE: CSR=01010000 STAT_CR=00000000 STAT_VAL=00000000 DEGLITCH_THR=000003E8 SAMPLED_REF=AF802339 SAMPLED_FB=C5FD928B ACCEPT_REF=006803B9 ACCEPT_FB=02424D62 STAB_REF=0001 STAB_FB=0000
DMTD_BOUNDARY_ENABLE: RCER=00000000 OCER=00280201 EIC_IER=000002E8 EIC_IMR=000002E9 EIC_ISR=000002E8 TRR_CSR=00020000
DMTD_BOUNDARY_EVENT: REF=001C89C1 FB=009E56ED REF_SEEN=F06E0EE5 FB_SEEN=2F113589 REF_LAST=048A9ABE FB_LAST=048A9ABF NOW=77B98401
DMTD_BOUNDARY_TAG: SOURCE=00B6FFC8 REF=001C89C1 FB=009E56ED REF_LAST=048A9ABF FB_LAST=048A9AC0
DMTD_BOUNDARY_ARB: PENDING=00000000 GRANT=00000000 PENDING_LAST=00000000 GRANT_LAST=00000000
DMTD_BOUNDARY_OUTPUT: VALID=00000000 TRR_WRITE=00000000 VALID_LAST=00000000 TRR_LAST=00000000
DMTD_BOUNDARY_GATE: REF_ENABLED=00000000 FB_ENABLED=00000000 REF_REQ_SET=00000000 FB_REQ_SET=00000000
DMTD_BOUNDARY_GATE_LAST: REF_ENABLED=00000000 FB_ENABLED=00000000 REF_REQ=00000000 FB_REQ=00000000
DMTD_BOUNDARY_STATE: RAW=0C000008 REF_STATE=0 FB_STATE=2 REF_RESET=0 FB_RESET=0
DMTD_BOUNDARY_SAMPLE board=DE5 [1-11.1] sample=065 STATUS=001094C1235082FF
DMTD_BOUNDARY_CORE: CSR=01010000 STAT_CR=00000000 STAT_VAL=00000000 DEGLITCH_THR=000003E8 SAMPLED_REF=B2DB303F SAMPLED_FB=C95A14AA ACCEPT_REF=006803B9 ACCEPT_FB=02424D62 STAB_REF=0000 STAB_FB=0000
DMTD_BOUNDARY_ENABLE: RCER=00000000 OCER=00280201 EIC_IER=000002E8 EIC_IMR=000002E9 EIC_ISR=000002E8 TRR_CSR=00020000
DMTD_BOUNDARY_EVENT: REF=001C89C1 FB=009E56ED REF_SEEN=ECCE0EE5 FB_SEEN=56D53589 REF_LAST=048A9ABE FB_LAST=048A9ABF NOW=796AE02C
DMTD_BOUNDARY_TAG: SOURCE=00B6FFC8 REF=001C89C1 FB=009E56ED REF_LAST=048A9ABF FB_LAST=048A9AC0
DMTD_BOUNDARY_ARB: PENDING=00000000 GRANT=00000000 PENDING_LAST=00000000 GRANT_LAST=00000000
DMTD_BOUNDARY_OUTPUT: VALID=00020000 TRR_WRITE=00000000 VALID_LAST=00000000 TRR_LAST=00000000
DMTD_BOUNDARY_GATE: REF_ENABLED=00000000 FB_ENABLED=00000000 REF_REQ_SET=00000000 FB_REQ_SET=00000000
DMTD_BOUNDARY_GATE_LAST: REF_ENABLED=00000000 FB_ENABLED=00000000 REF_REQ=00000000 FB_REQ=00000000
DMTD_BOUNDARY_STATE: RAW=0C000008 REF_STATE=0 FB_STATE=2 REF_RESET=0 FB_RESET=0
DMTD_BOUNDARY_SAMPLE board=DE5 [1-11.1] sample=066 STATUS=00109441235082FF
DMTD_BOUNDARY_CORE: CSR=01010000 STAT_CR=00000000 STAT_VAL=00000000 DEGLITCH_THR=000003E8 SAMPLED_REF=B63478AC SAMPLED_FB=CCB4C0F9 ACCEPT_REF=006803B9 ACCEPT_FB=02424D62 STAB_REF=0000 STAB_FB=0001
DMTD_BOUNDARY_ENABLE: RCER=00000000 OCER=00280201 EIC_IER=000002E8 EIC_IMR=000002E9 EIC_ISR=000002E8 TRR_CSR=00020000
DMTD_BOUNDARY_EVENT: REF=001C89C1 FB=009E56ED REF_SEEN=F3FA0EE5 FB_SEEN=E5493589 REF_LAST=048A9ABE FB_LAST=048A9ABF NOW=7B1C2809
DMTD_BOUNDARY_TAG: SOURCE=00B6FFC8 REF=001C89C1 FB=009E56ED REF_LAST=048A9ABF FB_LAST=048A9AC0
DMTD_BOUNDARY_ARB: PENDING=00000000 GRANT=00000000 PENDING_LAST=00000000 GRANT_LAST=00000000
DMTD_BOUNDARY_OUTPUT: VALID=00000000 TRR_WRITE=00000000 VALID_LAST=00000000 TRR_LAST=00000000
DMTD_BOUNDARY_GATE: REF_ENABLED=00000000 FB_ENABLED=00000000 REF_REQ_SET=00000000 FB_REQ_SET=00000000
DMTD_BOUNDARY_GATE_LAST: REF_ENABLED=00000000 FB_ENABLED=00000000 REF_REQ=00000000 FB_REQ=00000000
DMTD_BOUNDARY_STATE: RAW=0C000008 REF_STATE=0 FB_STATE=2 REF_RESET=0 FB_RESET=0
DMTD_BOUNDARY_SAMPLE board=DE5 [1-11.1] sample=067 STATUS=0010946133BC82FF
DMTD_BOUNDARY_CORE: CSR=01010000 STAT_CR=00000000 STAT_VAL=00000000 DEGLITCH_THR=000003E8 SAMPLED_REF=B98FA204 SAMPLED_FB=D0113A06 ACCEPT_REF=006803B9 ACCEPT_FB=02424D62 STAB_REF=0001 STAB_FB=0001
DMTD_BOUNDARY_ENABLE: RCER=00000000 OCER=00280201 EIC_IER=000002E8 EIC_IMR=000002E9 EIC_ISR=000002E8 TRR_CSR=00020000
DMTD_BOUNDARY_EVENT: REF=001C89C1 FB=009E56ED REF_SEEN=ACDA0EE5 FB_SEEN=6F0D3589 REF_LAST=048A9ABE FB_LAST=048A9ABF NOW=7CCD9012
DMTD_BOUNDARY_TAG: SOURCE=00B6FFC8 REF=001C89C1 FB=009E56ED REF_LAST=048A9ABF FB_LAST=048A9AC0
DMTD_BOUNDARY_ARB: PENDING=00000000 GRANT=00000000 PENDING_LAST=00000000 GRANT_LAST=00000000
DMTD_BOUNDARY_OUTPUT: VALID=00000000 TRR_WRITE=00000000 VALID_LAST=00000000 TRR_LAST=00000000
DMTD_BOUNDARY_GATE: REF_ENABLED=00000000 FB_ENABLED=00000000 REF_REQ_SET=00000000 FB_REQ_SET=00000000
DMTD_BOUNDARY_GATE_LAST: REF_ENABLED=00000000 FB_ENABLED=00000000 REF_REQ=00000000 FB_REQ=00000000
DMTD_BOUNDARY_STATE: RAW=0C000008 REF_STATE=0 FB_STATE=2 REF_RESET=0 FB_RESET=0
DMTD_BOUNDARY_SAMPLE board=DE5 [1-11.1] sample=068 STATUS=0010946133BC82FF
DMTD_BOUNDARY_CORE: CSR=01010000 STAT_CR=00000000 STAT_VAL=00000000 DEGLITCH_THR=433403E8 SAMPLED_REF=BCE8EABE SAMPLED_FB=D36BFAF7 ACCEPT_REF=006803B9 ACCEPT_FB=BCDE2217 STAB_REF=C5CB STAB_FB=D376
DMTD_BOUNDARY_ENABLE: RCER=00000000 OCER=00280201 EIC_IER=433402E8 EIC_IMR=433402E9 EIC_ISR=433402E8 TRR_CSR=00020000
DMTD_BOUNDARY_EVENT: REF=001C89C1 FB=009E56ED REF_SEEN=2D840EE5 FB_SEEN=B2073589 REF_LAST=048A9ABE FB_LAST=048A9ABF NOW=7E7E33E2
DMTD_BOUNDARY_TAG: SOURCE=00B6FFC8 REF=001C89C1 FB=009E56ED REF_LAST=048A9ABF FB_LAST=048A9AC0
DMTD_BOUNDARY_ARB: PENDING=00000000 GRANT=00000000 PENDING_LAST=00000000 GRANT_LAST=00000000
DMTD_BOUNDARY_OUTPUT: VALID=00000000 TRR_WRITE=00000000 VALID_LAST=00000000 TRR_LAST=00000000
DMTD_BOUNDARY_GATE: REF_ENABLED=00000000 FB_ENABLED=00000000 REF_REQ_SET=00000000 FB_REQ_SET=00000000
DMTD_BOUNDARY_GATE_LAST: REF_ENABLED=00000000 FB_ENABLED=00000000 REF_REQ=00000000 FB_REQ=00000000
DMTD_BOUNDARY_STATE: RAW=0C000008 REF_STATE=0 FB_STATE=2 REF_RESET=0 FB_RESET=0
DMTD_BOUNDARY_SAMPLE board=DE5 [1-11.1] sample=069 STATUS=001094E333BC82FF
DMTD_BOUNDARY_CORE: CSR=01010000 STAT_CR=00000000 STAT_VAL=00000000 DEGLITCH_THR=000003E8 SAMPLED_REF=C04394E4 SAMPLED_FB=D6C7AFCF ACCEPT_REF=006803B9 ACCEPT_FB=02424D62 STAB_REF=0001 STAB_FB=0000
DMTD_BOUNDARY_ENABLE: RCER=00000000 OCER=00280201 EIC_IER=000002E8 EIC_IMR=000002E9 EIC_ISR=000002E8 TRR_CSR=00020000
DMTD_BOUNDARY_EVENT: REF=001C89C1 FB=009E56ED REF_SEEN=61820EE5 FB_SEEN=0FB93589 REF_LAST=048A9ABE FB_LAST=048A9ABF NOW=8030571B
DMTD_BOUNDARY_TAG: SOURCE=00B6FFC8 REF=001C89C1 FB=009E56ED REF_LAST=048A9ABF FB_LAST=048A9AC0
DMTD_BOUNDARY_ARB: PENDING=00000000 GRANT=00000000 PENDING_LAST=00000000 GRANT_LAST=00000000
DMTD_BOUNDARY_OUTPUT: VALID=00000000 TRR_WRITE=00000000 VALID_LAST=00000000 TRR_LAST=00000000
DMTD_BOUNDARY_GATE: REF_ENABLED=00000000 FB_ENABLED=00000000 REF_REQ_SET=00000000 FB_REQ_SET=00000000
DMTD_BOUNDARY_GATE_LAST: REF_ENABLED=00000000 FB_ENABLED=00000000 REF_REQ=00000000 FB_REQ=00000000
DMTD_BOUNDARY_STATE: RAW=0C000008 REF_STATE=0 FB_STATE=2 REF_RESET=0 FB_RESET=0
DMTD_BOUNDARY_SAMPLE board=DE5 [1-11.1] sample=070 STATUS=001094E333BC82FF
DMTD_BOUNDARY_CORE: CSR=01010000 STAT_CR=00000000 STAT_VAL=00000000 DEGLITCH_THR=000003E8 SAMPLED_REF=C39F84F8 SAMPLED_FB=DA24AE42 ACCEPT_REF=006803B9 ACCEPT_FB=02424D62 STAB_REF=0000 STAB_FB=0000
DMTD_BOUNDARY_ENABLE: RCER=00000000 OCER=00280201 EIC_IER=000002E8 EIC_IMR=000002E9 EIC_ISR=000002E8 TRR_CSR=00020000
DMTD_BOUNDARY_EVENT: REF=001C89C1 FB=009E56ED REF_SEEN=89100EE5 FB_SEEN=004E0EE5 REF_LAST=048A9ABE FB_LAST=048A9ABF NOW=81E13704
DMTD_BOUNDARY_TAG: SOURCE=00B6FFC8 REF=001C89C1 FB=009E56ED REF_LAST=048A9ABF FB_LAST=048A9AC0
DMTD_BOUNDARY_ARB: PENDING=00000000 GRANT=00000000 PENDING_LAST=00000000 GRANT_LAST=00000000
DMTD_BOUNDARY_OUTPUT: VALID=00000000 TRR_WRITE=00000000 VALID_LAST=00000000 TRR_LAST=00000000
DMTD_BOUNDARY_GATE: REF_ENABLED=00000000 FB_ENABLED=00000000 REF_REQ_SET=00000000 FB_REQ_SET=00000000
DMTD_BOUNDARY_GATE_LAST: REF_ENABLED=00000000 FB_ENABLED=00000000 REF_REQ=00000000 FB_REQ=00000000
DMTD_BOUNDARY_STATE: RAW=0C000008 REF_STATE=0 FB_STATE=2 REF_RESET=0 FB_RESET=0
DMTD_BOUNDARY_SAMPLE board=DE5 [1-11.1] sample=071 STATUS=00109441235082FF
DMTD_BOUNDARY_CORE: CSR=01010000 STAT_CR=00000000 STAT_VAL=00000000 DEGLITCH_THR=000003E8 SAMPLED_REF=C6F95920 SAMPLED_FB=DD7FC1D3 ACCEPT_REF=006803B9 ACCEPT_FB=02424D62 STAB_REF=0001 STAB_FB=0000
DMTD_BOUNDARY_ENABLE: RCER=00000000 OCER=00280201 EIC_IER=000002E8 EIC_IMR=000002E9 EIC_ISR=000002E8 TRR_CSR=00020000
DMTD_BOUNDARY_EVENT: REF=001C89C1 FB=009E56ED REF_SEEN=14F60EE5 FB_SEEN=360B3589 REF_LAST=048A9ABE FB_LAST=048A9ABF NOW=8391EF40
DMTD_BOUNDARY_TAG: SOURCE=00B6FFC8 REF=001C89C1 FB=009E56ED REF_LAST=048A9ABF FB_LAST=048A9AC0
DMTD_BOUNDARY_ARB: PENDING=00000000 GRANT=00000000 PENDING_LAST=00000000 GRANT_LAST=00000000
DMTD_BOUNDARY_OUTPUT: VALID=00000000 TRR_WRITE=00000000 VALID_LAST=00000000 TRR_LAST=00000000
DMTD_BOUNDARY_GATE: REF_ENABLED=00000000 FB_ENABLED=00000000 REF_REQ_SET=00000000 FB_REQ_SET=00000000
DMTD_BOUNDARY_GATE_LAST: REF_ENABLED=00000000 FB_ENABLED=00000000 REF_REQ=00000000 FB_REQ=00000000
DMTD_BOUNDARY_STATE: RAW=0C000008 REF_STATE=0 FB_STATE=2 REF_RESET=0 FB_RESET=0
DMTD_BOUNDARY_SAMPLE board=DE5 [1-11.1] sample=072 STATUS=001094E1337082FF
DMTD_BOUNDARY_CORE: CSR=01010000 STAT_CR=00000000 STAT_VAL=00000000 DEGLITCH_THR=000003E8 SAMPLED_REF=02424D62 SAMPLED_FB=E0DE357C ACCEPT_REF=006803B9 ACCEPT_FB=02424D62 STAB_REF=0001 STAB_FB=0001
DMTD_BOUNDARY_ENABLE: RCER=00000100 OCER=00280201 EIC_IER=000002E8 EIC_IMR=000002E9 EIC_ISR=000002E8 TRR_CSR=00020000
DMTD_BOUNDARY_EVENT: REF=001C89C1 FB=009E56ED REF_SEEN=24820EE5 FB_SEEN=4ED73589 REF_LAST=048A9ABE FB_LAST=048A9ABF NOW=8544930E
DMTD_BOUNDARY_TAG: SOURCE=00B6FFC8 REF=001C89C1 FB=009E56ED REF_LAST=048A9ABF FB_LAST=048A9AC0
DMTD_BOUNDARY_ARB: PENDING=00000000 GRANT=00000000 PENDING_LAST=00000000 GRANT_LAST=00000000
DMTD_BOUNDARY_OUTPUT: VALID=00000000 TRR_WRITE=00000000 VALID_LAST=00000000 TRR_LAST=00000000
DMTD_BOUNDARY_GATE: REF_ENABLED=00000000 FB_ENABLED=00000000 REF_REQ_SET=00000000 FB_REQ_SET=00000000
DMTD_BOUNDARY_GATE_LAST: REF_ENABLED=00000000 FB_ENABLED=00000000 REF_REQ=00000000 FB_REQ=00000000
DMTD_BOUNDARY_STATE: RAW=0C000008 REF_STATE=0 FB_STATE=2 REF_RESET=0 FB_RESET=0
DMTD_BOUNDARY_SAMPLE board=DE5 [1-11.1] sample=073 STATUS=001094E133BC82FF
DMTD_BOUNDARY_CORE: CSR=01010000 STAT_CR=00000000 STAT_VAL=00000000 DEGLITCH_THR=000003E8 SAMPLED_REF=CDAFDE2A SAMPLED_FB=E438743B ACCEPT_REF=006803B9 ACCEPT_FB=02424D62 STAB_REF=0001 STAB_FB=0000
DMTD_BOUNDARY_ENABLE: RCER=00000000 OCER=00280201 EIC_IER=000002E8 EIC_IMR=000002E9 EIC_ISR=000002E8 TRR_CSR=00020000
DMTD_BOUNDARY_EVENT: REF=001C89C1 FB=009E56ED REF_SEEN=48B20EE5 FB_SEEN=CD793589 REF_LAST=048A9ABE FB_LAST=048A9ABF NOW=86F4F313
DMTD_BOUNDARY_TAG: SOURCE=00B6FFC8 REF=001C89C1 FB=009E56ED REF_LAST=048A9ABF FB_LAST=048A9AC0
DMTD_BOUNDARY_ARB: PENDING=00000000 GRANT=00000000 PENDING_LAST=00000000 GRANT_LAST=00000000
DMTD_BOUNDARY_OUTPUT: VALID=00020000 TRR_WRITE=00000000 VALID_LAST=00000000 TRR_LAST=00000000
DMTD_BOUNDARY_GATE: REF_ENABLED=00000000 FB_ENABLED=00000000 REF_REQ_SET=00000000 FB_REQ_SET=00000000
DMTD_BOUNDARY_GATE_LAST: REF_ENABLED=00000000 FB_ENABLED=00000000 REF_REQ=00000000 FB_REQ=00000000
DMTD_BOUNDARY_STATE: RAW=0C000008 REF_STATE=0 FB_STATE=2 REF_RESET=0 FB_RESET=0
DMTD_BOUNDARY_SAMPLE board=DE5 [1-11.1] sample=074 STATUS=001094C1235082FF
DMTD_BOUNDARY_CORE: CSR=01010000 STAT_CR=00000000 STAT_VAL=00000000 DEGLITCH_THR=000003E8 SAMPLED_REF=D10BE4BB SAMPLED_FB=E796B738 ACCEPT_REF=006803B9 ACCEPT_FB=02424D62 STAB_REF=0000 STAB_FB=0000
DMTD_BOUNDARY_ENABLE: RCER=00000000 OCER=00280201 EIC_IER=000002E8 EIC_IMR=000002E9 EIC_ISR=000002E8 TRR_CSR=00020000
DMTD_BOUNDARY_EVENT: REF=001C89C1 FB=009E56ED REF_SEEN=9EDC0EE5 FB_SEEN=BCD53589 REF_LAST=048A9ABE FB_LAST=048A9ABF NOW=88A7B3C7
DMTD_BOUNDARY_TAG: SOURCE=00B6FFC8 REF=001C89C1 FB=009E56ED REF_LAST=048A9ABF FB_LAST=048A9AC0
DMTD_BOUNDARY_ARB: PENDING=00000000 GRANT=00000000 PENDING_LAST=00000000 GRANT_LAST=00000000
DMTD_BOUNDARY_OUTPUT: VALID=00000000 TRR_WRITE=00000000 VALID_LAST=00000000 TRR_LAST=00000000
DMTD_BOUNDARY_GATE: REF_ENABLED=00000000 FB_ENABLED=00000000 REF_REQ_SET=00000000 FB_REQ_SET=00000000
DMTD_BOUNDARY_GATE_LAST: REF_ENABLED=00000000 FB_ENABLED=00000000 REF_REQ=00000000 FB_REQ=00000000
DMTD_BOUNDARY_STATE: RAW=0C000008 REF_STATE=0 FB_STATE=2 REF_RESET=0 FB_RESET=0
DMTD_BOUNDARY_SAMPLE board=DE5 [1-11.1] sample=075 STATUS=00109443235082FF
DMTD_BOUNDARY_CORE: CSR=01010000 STAT_CR=00000000 STAT_VAL=00000000 DEGLITCH_THR=000003E8 SAMPLED_REF=D4661F79 SAMPLED_FB=EAF13422 ACCEPT_REF=006803B9 ACCEPT_FB=D45B6BE5 STAB_REF=0001 STAB_FB=0001
DMTD_BOUNDARY_ENABLE: RCER=00000000 OCER=00280201 EIC_IER=000002E8 EIC_IMR=000002E9 EIC_ISR=000002E8 TRR_CSR=00020000
DMTD_BOUNDARY_EVENT: REF=001C89C1 FB=009E56ED REF_SEEN=46D60EE5 FB_SEEN=E2473589 REF_LAST=048A9ABE FB_LAST=048A9ABF NOW=8A578852
DMTD_BOUNDARY_TAG: SOURCE=00B6FFC8 REF=001C89C1 FB=009E56ED REF_LAST=048A9ABF FB_LAST=048A9AC0
DMTD_BOUNDARY_ARB: PENDING=00000000 GRANT=00000000 PENDING_LAST=00000000 GRANT_LAST=00000000
DMTD_BOUNDARY_OUTPUT: VALID=00000000 TRR_WRITE=00000000 VALID_LAST=00000000 TRR_LAST=00000000
DMTD_BOUNDARY_GATE: REF_ENABLED=00000000 FB_ENABLED=00000000 REF_REQ_SET=00000000 FB_REQ_SET=00000000
DMTD_BOUNDARY_GATE_LAST: REF_ENABLED=00000000 FB_ENABLED=00000000 REF_REQ=00000000 FB_REQ=00000000
DMTD_BOUNDARY_STATE: RAW=0C000008 REF_STATE=0 FB_STATE=2 REF_RESET=0 FB_RESET=0
DMTD_BOUNDARY_SAMPLE board=DE5 [1-11.1] sample=076 STATUS=001094C1235082FF
DMTD_BOUNDARY_CORE: CSR=01010000 STAT_CR=00000000 STAT_VAL=00000000 DEGLITCH_THR=000003E8 SAMPLED_REF=D7BF20CD SAMPLED_FB=EE4BB5A6 ACCEPT_REF=006803B9 ACCEPT_FB=02424D62 STAB_REF=0000 STAB_FB=0001
DMTD_BOUNDARY_ENABLE: RCER=00000000 OCER=00280201 EIC_IER=000002E8 EIC_IMR=000002E9 EIC_ISR=000002E8 TRR_CSR=00020000
DMTD_BOUNDARY_EVENT: REF=001C89C1 FB=009E56ED REF_SEEN=306C0EE5 FB_SEEN=D46D3589 REF_LAST=048A9ABE FB_LAST=048A9ABF NOW=8C0819A5
DMTD_BOUNDARY_TAG: SOURCE=00B6FFC8 REF=001C89C1 FB=009E56ED REF_LAST=048A9ABF FB_LAST=048A9AC0
DMTD_BOUNDARY_ARB: PENDING=00000000 GRANT=00000000 PENDING_LAST=00000000 GRANT_LAST=00000000
DMTD_BOUNDARY_OUTPUT: VALID=00000000 TRR_WRITE=00000000 VALID_LAST=00000000 TRR_LAST=00000000
DMTD_BOUNDARY_GATE: REF_ENABLED=00000000 FB_ENABLED=00000000 REF_REQ_SET=00000000 FB_REQ_SET=00000000
DMTD_BOUNDARY_GATE_LAST: REF_ENABLED=00000000 FB_ENABLED=00000000 REF_REQ=00000000 FB_REQ=00000000
DMTD_BOUNDARY_STATE: RAW=0C000008 REF_STATE=0 FB_STATE=2 REF_RESET=0 FB_RESET=0
DMTD_BOUNDARY_SAMPLE board=DE5 [1-11.1] sample=077 STATUS=001094E333BC82FF
DMTD_BOUNDARY_CORE: CSR=01010000 STAT_CR=00000000 STAT_VAL=00000000 DEGLITCH_THR=000003E8 SAMPLED_REF=DB15920A SAMPLED_FB=F1A388D3 ACCEPT_REF=006803B9 ACCEPT_FB=02424D62 STAB_REF=0001 STAB_FB=0000
DMTD_BOUNDARY_ENABLE: RCER=00000000 OCER=00280201 EIC_IER=000002E8 EIC_IMR=000002E9 EIC_ISR=000002E8 TRR_CSR=00020000
DMTD_BOUNDARY_EVENT: REF=001C89C1 FB=009E56ED REF_SEEN=68A00EE5 FB_SEEN=9EC53589 REF_LAST=048A9ABE FB_LAST=048A9ABF NOW=8DB742D9
DMTD_BOUNDARY_TAG: SOURCE=00B6FFC8 REF=001C89C1 FB=009E56ED REF_LAST=048A9ABF FB_LAST=048A9AC0
DMTD_BOUNDARY_ARB: PENDING=00000000 GRANT=00000000 PENDING_LAST=00000000 GRANT_LAST=00000000
DMTD_BOUNDARY_OUTPUT: VALID=00000000 TRR_WRITE=00000000 VALID_LAST=00000000 TRR_LAST=00000000
DMTD_BOUNDARY_GATE: REF_ENABLED=00000000 FB_ENABLED=00000000 REF_REQ_SET=00000000 FB_REQ_SET=00000000
DMTD_BOUNDARY_GATE_LAST: REF_ENABLED=00000000 FB_ENABLED=00000000 REF_REQ=00000000 FB_REQ=00000000
DMTD_BOUNDARY_STATE: RAW=0C000008 REF_STATE=0 FB_STATE=2 REF_RESET=0 FB_RESET=0
DMTD_BOUNDARY_SAMPLE board=DE5 [1-11.1] sample=078 STATUS=0010946133BC82FF
DMTD_BOUNDARY_CORE: CSR=01010000 STAT_CR=00000000 STAT_VAL=00000000 DEGLITCH_THR=000003E8 SAMPLED_REF=DE6DB25E SAMPLED_FB=F4FCCCDD ACCEPT_REF=006803B9 ACCEPT_FB=02424D62 STAB_REF=0000 STAB_FB=0001
DMTD_BOUNDARY_ENABLE: RCER=00000000 OCER=00280201 EIC_IER=000002E8 EIC_IMR=000002E9 EIC_ISR=000002E8 TRR_CSR=00020000
DMTD_BOUNDARY_EVENT: REF=001C89C1 FB=009E56ED REF_SEEN=873E0EE5 FB_SEEN=61A53589 REF_LAST=048A9ABE FB_LAST=048A9ABF NOW=8F674012
DMTD_BOUNDARY_TAG: SOURCE=00B6FFC8 REF=001C89C1 FB=009E56ED REF_LAST=048A9ABF FB_LAST=048A9AC0
DMTD_BOUNDARY_ARB: PENDING=00000000 GRANT=00000000 PENDING_LAST=00000000 GRANT_LAST=00000000
DMTD_BOUNDARY_OUTPUT: VALID=00000000 TRR_WRITE=00000000 VALID_LAST=00000000 TRR_LAST=00000000
DMTD_BOUNDARY_GATE: REF_ENABLED=00000000 FB_ENABLED=00000000 REF_REQ_SET=00000000 FB_REQ_SET=00000000
DMTD_BOUNDARY_GATE_LAST: REF_ENABLED=00000000 FB_ENABLED=00000000 REF_REQ=00000000 FB_REQ=00000000
DMTD_BOUNDARY_STATE: RAW=0C000008 REF_STATE=0 FB_STATE=2 REF_RESET=0 FB_RESET=0
DMTD_BOUNDARY_SAMPLE board=DE5 [1-11.1] sample=079 STATUS=0010946133BC82FF
DMTD_BOUNDARY_CORE: CSR=01010000 STAT_CR=00000000 STAT_VAL=00000000 DEGLITCH_THR=000003E8 SAMPLED_REF=E1C41B7C SAMPLED_FB=F854A7D5 ACCEPT_REF=006803B9 ACCEPT_FB=02424D62 STAB_REF=0001 STAB_FB=0000
DMTD_BOUNDARY_ENABLE: RCER=00000000 OCER=00280201 EIC_IER=000002E8 EIC_IMR=000002E9 EIC_ISR=000002E8 TRR_CSR=00020000
DMTD_BOUNDARY_EVENT: REF=001C89C1 FB=009E56ED REF_SEEN=65580EE5 FB_SEEN=F7153589 REF_LAST=048A9ABE FB_LAST=048A9ABF NOW=91166E39
DMTD_BOUNDARY_TAG: SOURCE=00B6FFC8 REF=001C89C1 FB=009E56ED REF_LAST=048A9ABF FB_LAST=048A9AC0
DMTD_BOUNDARY_ARB: PENDING=00000000 GRANT=00000000 PENDING_LAST=00000000 GRANT_LAST=00000000
DMTD_BOUNDARY_OUTPUT: VALID=00000000 TRR_WRITE=00000000 VALID_LAST=00000000 TRR_LAST=00000000
DMTD_BOUNDARY_GATE: REF_ENABLED=00000000 FB_ENABLED=00000000 REF_REQ_SET=00000000 FB_REQ_SET=00000000
DMTD_BOUNDARY_GATE_LAST: REF_ENABLED=00000000 FB_ENABLED=00000000 REF_REQ=00000000 FB_REQ=00000000
DMTD_BOUNDARY_STATE: RAW=0C000008 REF_STATE=0 FB_STATE=2 REF_RESET=0 FB_RESET=0
DMTD_BOUNDARY_SAMPLE board=DE5 [1-11.1] sample=080 STATUS=001094C3235082FF
DMTD_BOUNDARY_CORE: CSR=01010000 STAT_CR=00000000 STAT_VAL=00000000 DEGLITCH_THR=000003E8 SAMPLED_REF=E51BEBF5 SAMPLED_FB=00000001 ACCEPT_REF=006803B9 ACCEPT_FB=02424D62 STAB_REF=0001 STAB_FB=0000
DMTD_BOUNDARY_ENABLE: RCER=00000000 OCER=00280201 EIC_IER=000002E8 EIC_IMR=000002E9 EIC_ISR=000002E8 TRR_CSR=00020000
DMTD_BOUNDARY_EVENT: REF=001C89C1 FB=009E56ED REF_SEEN=59080EE5 FB_SEEN=A7EF3589 REF_LAST=048A9ABE FB_LAST=048A9ABF NOW=92C87529
DMTD_BOUNDARY_TAG: SOURCE=00B6FFC8 REF=001C89C1 FB=009E56ED REF_LAST=048A9ABF FB_LAST=048A9AC0
DMTD_BOUNDARY_ARB: PENDING=00000000 GRANT=00000000 PENDING_LAST=00000000 GRANT_LAST=00000000
DMTD_BOUNDARY_OUTPUT: VALID=00000000 TRR_WRITE=00000000 VALID_LAST=00000000 TRR_LAST=0C000008
DMTD_BOUNDARY_GATE: REF_ENABLED=00000000 FB_ENABLED=00000000 REF_REQ_SET=00000000 FB_REQ_SET=00000000
DMTD_BOUNDARY_GATE_LAST: REF_ENABLED=00000000 FB_ENABLED=00000000 REF_REQ=00000000 FB_REQ=00000000
DMTD_BOUNDARY_STATE: RAW=0C000008 REF_STATE=0 FB_STATE=2 REF_RESET=0 FB_RESET=0
DMTD_BOUNDARY_SAMPLE board=DE5 [1-11.1] sample=081 STATUS=001094C3235082FF
DMTD_BOUNDARY_CORE: CSR=01010000 STAT_CR=00000000 STAT_VAL=00000000 DEGLITCH_THR=000003E8 SAMPLED_REF=E8782AAF SAMPLED_FB=FF0BCA48 ACCEPT_REF=006803B9 ACCEPT_FB=02424D62 STAB_REF=0001 STAB_FB=0000
DMTD_BOUNDARY_ENABLE: RCER=00000000 OCER=00280201 EIC_IER=000002E8 EIC_IMR=000002E9 EIC_ISR=000002E8 TRR_CSR=00020000
DMTD_BOUNDARY_EVENT: REF=001C89C1 FB=009E56ED REF_SEEN=D3060EE5 FB_SEEN=879B3589 REF_LAST=048A9ABE FB_LAST=048A9ABF NOW=9478F7CC
DMTD_BOUNDARY_TAG: SOURCE=00B6FFC8 REF=001C89C1 FB=009E56ED REF_LAST=048A9ABF FB_LAST=048A9AC0
DMTD_BOUNDARY_ARB: PENDING=00000000 GRANT=00000000 PENDING_LAST=00000000 GRANT_LAST=00000000
DMTD_BOUNDARY_OUTPUT: VALID=00000000 TRR_WRITE=00B6FFC8 VALID_LAST=00000000 TRR_LAST=00000000
DMTD_BOUNDARY_GATE: REF_ENABLED=00000000 FB_ENABLED=00000000 REF_REQ_SET=00000000 FB_REQ_SET=00000000
DMTD_BOUNDARY_GATE_LAST: REF_ENABLED=00000000 FB_ENABLED=00000000 REF_REQ=00000000 FB_REQ=00000000
DMTD_BOUNDARY_STATE: RAW=0C000008 REF_STATE=0 FB_STATE=2 REF_RESET=0 FB_RESET=0
DMTD_BOUNDARY_SAMPLE board=DE5 [1-11.1] sample=082 STATUS=0010946133F082FF
DMTD_BOUNDARY_CORE: CSR=01010000 STAT_CR=00000000 STAT_VAL=00000000 DEGLITCH_THR=000003E8 SAMPLED_REF=EBD1D5AA SAMPLED_FB=0266DF8F ACCEPT_REF=006803B9 ACCEPT_FB=02424D62 STAB_REF=0000 STAB_FB=0001
DMTD_BOUNDARY_ENABLE: RCER=00000000 OCER=00280201 EIC_IER=000002E8 EIC_IMR=000002E9 EIC_ISR=000002E8 TRR_CSR=00020000
DMTD_BOUNDARY_EVENT: REF=001C89C1 FB=009E56ED REF_SEEN=EB640EE5 FB_SEEN=75353589 REF_LAST=048A9ABE FB_LAST=048A9ABF NOW=9629FD60
DMTD_BOUNDARY_TAG: SOURCE=00B6FFC8 REF=001C89C1 FB=009E56ED REF_LAST=048A9ABF FB_LAST=048A9AC0
DMTD_BOUNDARY_ARB: PENDING=00000000 GRANT=00000000 PENDING_LAST=00000000 GRANT_LAST=00000000
DMTD_BOUNDARY_OUTPUT: VALID=00000000 TRR_WRITE=00000000 VALID_LAST=00000000 TRR_LAST=00000000
DMTD_BOUNDARY_GATE: REF_ENABLED=00000000 FB_ENABLED=00000000 REF_REQ_SET=00000000 FB_REQ_SET=00000000
DMTD_BOUNDARY_GATE_LAST: REF_ENABLED=00000000 FB_ENABLED=00000000 REF_REQ=00000000 FB_REQ=00000000
DMTD_BOUNDARY_STATE: RAW=0C000008 REF_STATE=0 FB_STATE=2 REF_RESET=0 FB_RESET=0
DMTD_BOUNDARY_SAMPLE board=DE5 [1-11.1] sample=083 STATUS=00109441235082FF
DMTD_BOUNDARY_CORE: CSR=01010000 STAT_CR=00000000 STAT_VAL=00000000 DEGLITCH_THR=000003E8 SAMPLED_REF=EF2EC73E SAMPLED_FB=05C4DB26 ACCEPT_REF=006803B9 ACCEPT_FB=02424D62 STAB_REF=0000 STAB_FB=0000
DMTD_BOUNDARY_ENABLE: RCER=00000000 OCER=00280201 EIC_IER=000002E8 EIC_IMR=000002E9 EIC_ISR=000002E9 TRR_CSR=00020000
DMTD_BOUNDARY_EVENT: REF=001C89C1 FB=009E56ED REF_SEEN=F13E0EE5 FB_SEEN=98613589 REF_LAST=048A9ABE FB_LAST=048A9ABF NOW=048A9ABE
DMTD_BOUNDARY_TAG: SOURCE=00B6FFC8 REF=001C89C1 FB=009E56ED REF_LAST=048A9ABF FB_LAST=048A9AC0
DMTD_BOUNDARY_ARB: PENDING=00000000 GRANT=00000000 PENDING_LAST=00000000 GRANT_LAST=00000000
DMTD_BOUNDARY_OUTPUT: VALID=00000000 TRR_WRITE=00000000 VALID_LAST=00000000 TRR_LAST=00000000
DMTD_BOUNDARY_GATE: REF_ENABLED=00000000 FB_ENABLED=00000000 REF_REQ_SET=00000000 FB_REQ_SET=00000000
DMTD_BOUNDARY_GATE_LAST: REF_ENABLED=00000000 FB_ENABLED=00000000 REF_REQ=00000000 FB_REQ=00000000
DMTD_BOUNDARY_STATE: RAW=0C000008 REF_STATE=0 FB_STATE=2 REF_RESET=0 FB_RESET=0
DMTD_BOUNDARY_SAMPLE board=DE5 [1-11.1] sample=084 STATUS=001094C1235082FF
DMTD_BOUNDARY_CORE: CSR=01010000 STAT_CR=00000000 STAT_VAL=00000000 DEGLITCH_THR=000003E8 SAMPLED_REF=F28A9DDB SAMPLED_FB=0921F08D ACCEPT_REF=006803B9 ACCEPT_FB=02424D62 STAB_REF=0001 STAB_FB=0001
DMTD_BOUNDARY_ENABLE: RCER=00000000 OCER=00280201 EIC_IER=000002E8 EIC_IMR=000002E9 EIC_ISR=000002E9 TRR_CSR=00020000
DMTD_BOUNDARY_EVENT: REF=001C89C1 FB=009E56ED REF_SEEN=61D80EE5 FB_SEEN=81B33589 REF_LAST=048A9ABE FB_LAST=048A9ABF NOW=998DE670
DMTD_BOUNDARY_TAG: SOURCE=00B6FFC8 REF=001C89C1 FB=009E56ED REF_LAST=048A9ABF FB_LAST=048A9AC0
DMTD_BOUNDARY_ARB: PENDING=00000000 GRANT=00000000 PENDING_LAST=00000000 GRANT_LAST=00000000
DMTD_BOUNDARY_OUTPUT: VALID=00000000 TRR_WRITE=00000000 VALID_LAST=00000000 TRR_LAST=00000000
DMTD_BOUNDARY_GATE: REF_ENABLED=00000000 FB_ENABLED=00000000 REF_REQ_SET=00000000 FB_REQ_SET=00000000
DMTD_BOUNDARY_GATE_LAST: REF_ENABLED=00000000 FB_ENABLED=00000000 REF_REQ=00000000 FB_REQ=00000000
DMTD_BOUNDARY_STATE: RAW=0C000008 REF_STATE=0 FB_STATE=2 REF_RESET=0 FB_RESET=0
DMTD_BOUNDARY_SAMPLE board=DE5 [1-11.1] sample=085 STATUS=0010946133BC82FF
DMTD_BOUNDARY_CORE: CSR=01010000 STAT_CR=00000000 STAT_VAL=00000000 DEGLITCH_THR=000003E8 SAMPLED_REF=F5E6AE01 SAMPLED_FB=0C7F871B ACCEPT_REF=006803B9 ACCEPT_FB=02424D62 STAB_REF=0001 STAB_FB=0001
DMTD_BOUNDARY_ENABLE: RCER=00000000 OCER=00280201 EIC_IER=000002E8 EIC_IMR=000002E9 EIC_ISR=000002E8 TRR_CSR=00020000
DMTD_BOUNDARY_EVENT: REF=001C89C1 FB=009E56ED REF_SEEN=D3DE0EE5 FB_SEEN=00C53589 REF_LAST=048A9ABE FB_LAST=048A9ABF NOW=9B4010D9
DMTD_BOUNDARY_TAG: SOURCE=00B6FFC8 REF=001C89C1 FB=009E56ED REF_LAST=048A9ABF FB_LAST=048A9AC0
DMTD_BOUNDARY_ARB: PENDING=00000000 GRANT=00000000 PENDING_LAST=00000000 GRANT_LAST=00000000
DMTD_BOUNDARY_OUTPUT: VALID=00000000 TRR_WRITE=00000000 VALID_LAST=00000000 TRR_LAST=00000000
DMTD_BOUNDARY_GATE: REF_ENABLED=00000000 FB_ENABLED=00000000 REF_REQ_SET=00000000 FB_REQ_SET=00000000
DMTD_BOUNDARY_GATE_LAST: REF_ENABLED=00000000 FB_ENABLED=00000000 REF_REQ=00000000 FB_REQ=00000000
DMTD_BOUNDARY_STATE: RAW=00000000 REF_STATE=0 FB_STATE=0 REF_RESET=0 FB_RESET=0
DMTD_BOUNDARY_SAMPLE board=DE5 [1-11.1] sample=086 STATUS=0010946133BC82FF
DMTD_BOUNDARY_CORE: CSR=01010000 STAT_CR=00000000 STAT_VAL=00000000 DEGLITCH_THR=000003E8 SAMPLED_REF=F9422055 SAMPLED_FB=0FDC6B95 ACCEPT_REF=006803B9 ACCEPT_FB=02424D62 STAB_REF=0000 STAB_FB=0001
DMTD_BOUNDARY_ENABLE: RCER=00000000 OCER=00280201 EIC_IER=000002E8 EIC_IMR=000002E9 EIC_ISR=000002E8 TRR_CSR=00020000
DMTD_BOUNDARY_EVENT: REF=001C89C1 FB=009E56ED REF_SEEN=78360EE5 FB_SEEN=CA833589 REF_LAST=048A9ABE FB_LAST=048A9ABF NOW=048A9ABE
DMTD_BOUNDARY_TAG: SOURCE=00B6FFC8 REF=001C89C1 FB=009E56ED REF_LAST=048A9ABF FB_LAST=048A9AC0
DMTD_BOUNDARY_ARB: PENDING=00000000 GRANT=00000000 PENDING_LAST=00000000 GRANT_LAST=00000000
DMTD_BOUNDARY_OUTPUT: VALID=00000000 TRR_WRITE=00000000 VALID_LAST=00000000 TRR_LAST=00000000
DMTD_BOUNDARY_GATE: REF_ENABLED=00000000 FB_ENABLED=00000000 REF_REQ_SET=00000000 FB_REQ_SET=00000000
DMTD_BOUNDARY_GATE_LAST: REF_ENABLED=00000000 FB_ENABLED=00000000 REF_REQ=00000000 FB_REQ=00000000
DMTD_BOUNDARY_STATE: RAW=0C000008 REF_STATE=0 FB_STATE=2 REF_RESET=0 FB_RESET=0
DMTD_BOUNDARY_SAMPLE board=DE5 [1-11.1] sample=087 STATUS=0010946133F082FF
DMTD_BOUNDARY_CORE: CSR=01010000 STAT_CR=00000000 STAT_VAL=00000000 DEGLITCH_THR=000003E8 SAMPLED_REF=FC9EF787 SAMPLED_FB=133ABD4F ACCEPT_REF=006803B9 ACCEPT_FB=02424D62 STAB_REF=0001 STAB_FB=0001
DMTD_BOUNDARY_ENABLE: RCER=00000000 OCER=00280201 EIC_IER=000002E8 EIC_IMR=000002E9 EIC_ISR=000002E8 TRR_CSR=00020000
DMTD_BOUNDARY_EVENT: REF=001C89C1 FB=009E56ED REF_SEEN=60520EE5 FB_SEEN=867D3589 REF_LAST=048A9ABE FB_LAST=048A9ABF NOW=9EA3FFFD
DMTD_BOUNDARY_TAG: SOURCE=00B6FFC8 REF=001C89C1 FB=009E56ED REF_LAST=048A9ABF FB_LAST=048A9AC0
DMTD_BOUNDARY_ARB: PENDING=00000000 GRANT=00000000 PENDING_LAST=00000000 GRANT_LAST=00000000
DMTD_BOUNDARY_OUTPUT: VALID=00000000 TRR_WRITE=00000000 VALID_LAST=00000000 TRR_LAST=00000000
DMTD_BOUNDARY_GATE: REF_ENABLED=00000000 FB_ENABLED=00000000 REF_REQ_SET=00000000 FB_REQ_SET=00000000
DMTD_BOUNDARY_GATE_LAST: REF_ENABLED=00000000 FB_ENABLED=00000000 REF_REQ=00000000 FB_REQ=00000000
DMTD_BOUNDARY_STATE: RAW=0C000008 REF_STATE=0 FB_STATE=2 REF_RESET=0 FB_RESET=0
DMTD_BOUNDARY_SAMPLE board=DE5 [1-11.1] sample=088 STATUS=0010946333BC82FF
DMTD_BOUNDARY_CORE: CSR=01010000 STAT_CR=00000000 STAT_VAL=00000000 DEGLITCH_THR=000003E8 SAMPLED_REF=FFF6F69A SAMPLED_FB=1694543D ACCEPT_REF=006803B9 ACCEPT_FB=02424D62 STAB_REF=0000 STAB_FB=0001
DMTD_BOUNDARY_ENABLE: RCER=00000000 OCER=00280201 EIC_IER=000002E8 EIC_IMR=000002E9 EIC_ISR=000002E8 TRR_CSR=00020000
DMTD_BOUNDARY_EVENT: REF=001C89C1 FB=009E56ED REF_SEEN=4B1C0EE5 FB_SEEN=97173589 REF_LAST=048A9ABE FB_LAST=048A9ABF NOW=A054015B
DMTD_BOUNDARY_TAG: SOURCE=00B6FFC8 REF=001C89C1 FB=009E56ED REF_LAST=048A9ABF FB_LAST=048A9AC0
DMTD_BOUNDARY_ARB: PENDING=00000000 GRANT=00000000 PENDING_LAST=00000000 GRANT_LAST=00000000
DMTD_BOUNDARY_OUTPUT: VALID=00000000 TRR_WRITE=00000000 VALID_LAST=00000000 TRR_LAST=00000000
DMTD_BOUNDARY_GATE: REF_ENABLED=00000000 FB_ENABLED=00000000 REF_REQ_SET=00000000 FB_REQ_SET=00000000
DMTD_BOUNDARY_GATE_LAST: REF_ENABLED=00000000 FB_ENABLED=00000000 REF_REQ=00000000 FB_REQ=00000000
DMTD_BOUNDARY_STATE: RAW=0C000008 REF_STATE=0 FB_STATE=2 REF_RESET=0 FB_RESET=0
DMTD_BOUNDARY_SAMPLE board=DE5 [1-11.1] sample=089 STATUS=001094C1235082FF
DMTD_BOUNDARY_CORE: CSR=01010000 STAT_CR=00000000 STAT_VAL=00000000 DEGLITCH_THR=000003E8 SAMPLED_REF=0352B77F SAMPLED_FB=19F18B21 ACCEPT_REF=006803B9 ACCEPT_FB=02424D62 STAB_REF=0001 STAB_FB=0001
DMTD_BOUNDARY_ENABLE: RCER=00000000 OCER=00280201 EIC_IER=000002E8 EIC_IMR=000002E9 EIC_ISR=000002E8 TRR_CSR=00020000
DMTD_BOUNDARY_EVENT: REF=001C89C1 FB=009E56ED REF_SEEN=95B40EE5 FB_SEEN=CAED3589 REF_LAST=048A9ABE FB_LAST=048A9ABF NOW=A2062914
DMTD_BOUNDARY_TAG: SOURCE=00B6FFC8 REF=001C89C1 FB=009E56ED REF_LAST=048A9ABF FB_LAST=048A9AC0
DMTD_BOUNDARY_ARB: PENDING=00000000 GRANT=00000000 PENDING_LAST=00000000 GRANT_LAST=00000000
DMTD_BOUNDARY_OUTPUT: VALID=00000000 TRR_WRITE=00000000 VALID_LAST=00000000 TRR_LAST=00000000
DMTD_BOUNDARY_GATE: REF_ENABLED=00000000 FB_ENABLED=00000000 REF_REQ_SET=00000000 FB_REQ_SET=00000000
DMTD_BOUNDARY_GATE_LAST: REF_ENABLED=00000000 FB_ENABLED=00000000 REF_REQ=00000000 FB_REQ=00000000
DMTD_BOUNDARY_STATE: RAW=0C000008 REF_STATE=0 FB_STATE=2 REF_RESET=0 FB_RESET=0
DMTD_BOUNDARY_SAMPLE board=DE5 [1-11.1] sample=090 STATUS=001094C1235C82FF
DMTD_BOUNDARY_CORE: CSR=01010000 STAT_CR=00000000 STAT_VAL=00000000 DEGLITCH_THR=000003E8 SAMPLED_REF=06AB4230 SAMPLED_FB=1D4B941C ACCEPT_REF=006803B9 ACCEPT_FB=02424D62 STAB_REF=0000 STAB_FB=0001
DMTD_BOUNDARY_ENABLE: RCER=00000000 OCER=00280201 EIC_IER=000002E8 EIC_IMR=000002E9 EIC_ISR=000002E8 TRR_CSR=00020000
DMTD_BOUNDARY_EVENT: REF=001C89C1 FB=009E56ED REF_SEEN=584A0EE5 FB_SEEN=65973589 REF_LAST=048A9ABE FB_LAST=048A9ABF NOW=A3B6A7D9
DMTD_BOUNDARY_TAG: SOURCE=00B6FFC8 REF=009E56ED FB=009E56ED REF_LAST=048A9ABF FB_LAST=048A9AC0
DMTD_BOUNDARY_ARB: PENDING=00000000 GRANT=00000000 PENDING_LAST=00000000 GRANT_LAST=00000000
DMTD_BOUNDARY_OUTPUT: VALID=00000000 TRR_WRITE=00000000 VALID_LAST=00000000 TRR_LAST=00000000
DMTD_BOUNDARY_GATE: REF_ENABLED=00000000 FB_ENABLED=00000000 REF_REQ_SET=00000000 FB_REQ_SET=00000000
DMTD_BOUNDARY_GATE_LAST: REF_ENABLED=00000000 FB_ENABLED=00000000 REF_REQ=00000000 FB_REQ=00000000
DMTD_BOUNDARY_STATE: RAW=0C000008 REF_STATE=0 FB_STATE=2 REF_RESET=0 FB_RESET=0
DMTD_BOUNDARY_SAMPLE board=DE5 [1-11.1] sample=091 STATUS=001094C1239C82FF
DMTD_BOUNDARY_CORE: CSR=01010000 STAT_CR=00000000 STAT_VAL=00000000 DEGLITCH_THR=000003E8 SAMPLED_REF=0A06A9E7 SAMPLED_FB=20A86B4C ACCEPT_REF=006803B9 ACCEPT_FB=02424D62 STAB_REF=0000 STAB_FB=0001
DMTD_BOUNDARY_ENABLE: RCER=00000000 OCER=00280201 EIC_IER=000002E8 EIC_IMR=000002E9 EIC_ISR=000002E8 TRR_CSR=00020000
DMTD_BOUNDARY_EVENT: REF=001C89C1 FB=009E56ED REF_SEEN=56680EE5 FB_SEEN=7B1F3589 REF_LAST=048A9ABE FB_LAST=048A9ABF NOW=A5692FB8
DMTD_BOUNDARY_TAG: SOURCE=00B6FFC8 REF=001C89C1 FB=009E56ED REF_LAST=048A9ABF FB_LAST=048A9AC0
DMTD_BOUNDARY_ARB: PENDING=00000000 GRANT=00000000 PENDING_LAST=00000000 GRANT_LAST=00000000
DMTD_BOUNDARY_OUTPUT: VALID=00000000 TRR_WRITE=00000000 VALID_LAST=00000000 TRR_LAST=00000000
DMTD_BOUNDARY_GATE: REF_ENABLED=00000000 FB_ENABLED=00000000 REF_REQ_SET=00000000 FB_REQ_SET=00000000
DMTD_BOUNDARY_GATE_LAST: REF_ENABLED=00000000 FB_ENABLED=00000000 REF_REQ=00000000 FB_REQ=00000000
DMTD_BOUNDARY_STATE: RAW=0C000008 REF_STATE=0 FB_STATE=2 REF_RESET=0 FB_RESET=0
DMTD_BOUNDARY_SAMPLE board=DE5 [1-11.1] sample=092 STATUS=00109461337082FF
DMTD_BOUNDARY_CORE: CSR=01010000 STAT_CR=00000000 STAT_VAL=00000000 DEGLITCH_THR=000003E8 SAMPLED_REF=0D630696 SAMPLED_FB=24064D1A ACCEPT_REF=006803B9 ACCEPT_FB=02424D62 STAB_REF=0001 STAB_FB=0000
DMTD_BOUNDARY_ENABLE: RCER=00000000 OCER=00280201 EIC_IER=000002E8 EIC_IMR=000002E9 EIC_ISR=000002E8 TRR_CSR=00020000
DMTD_BOUNDARY_EVENT: REF=001C89C1 FB=009E56ED REF_SEEN=961E0EE5 FB_SEEN=CCCD3589 REF_LAST=048A9ABE FB_LAST=048A9ABF NOW=A71A8EFB
DMTD_BOUNDARY_TAG: SOURCE=00B6FFC8 REF=001C89C1 FB=009E56ED REF_LAST=048A9ABF FB_LAST=048A9AC0
DMTD_BOUNDARY_ARB: PENDING=00000000 GRANT=00000000 PENDING_LAST=00000000 GRANT_LAST=00000000
DMTD_BOUNDARY_OUTPUT: VALID=00000000 TRR_WRITE=00000000 VALID_LAST=00000000 TRR_LAST=00000000
DMTD_BOUNDARY_GATE: REF_ENABLED=00000000 FB_ENABLED=00000000 REF_REQ_SET=00000000 FB_REQ_SET=00000000
DMTD_BOUNDARY_GATE_LAST: REF_ENABLED=00000000 FB_ENABLED=00000000 REF_REQ=00000000 FB_REQ=00000000
DMTD_BOUNDARY_STATE: RAW=0C000008 REF_STATE=0 FB_STATE=2 REF_RESET=0 FB_RESET=0
DMTD_BOUNDARY_SAMPLE board=DE5 [1-11.1] sample=093 STATUS=001094E133BC82FF
DMTD_BOUNDARY_CORE: CSR=01010000 STAT_CR=00000000 STAT_VAL=00000000 DEGLITCH_THR=000003E8 SAMPLED_REF=10BE879C SAMPLED_FB=2762F44B ACCEPT_REF=006803B9 ACCEPT_FB=02424D62 STAB_REF=0000 STAB_FB=0001
DMTD_BOUNDARY_ENABLE: RCER=00000000 OCER=00280201 EIC_IER=000002E8 EIC_IMR=000002E9 EIC_ISR=000002E8 TRR_CSR=00020000
DMTD_BOUNDARY_EVENT: REF=009E56ED FB=009E56ED REF_SEEN=91EC0EE5 FB_SEEN=D25D3589 REF_LAST=048A9ABE FB_LAST=048A9ABF NOW=A8CC1E8A
DMTD_BOUNDARY_TAG: SOURCE=00B6FFC8 REF=001C89C1 FB=009E56ED REF_LAST=048A9ABF FB_LAST=048A9AC0
DMTD_BOUNDARY_ARB: PENDING=00000000 GRANT=00000000 PENDING_LAST=00000000 GRANT_LAST=00000000
DMTD_BOUNDARY_OUTPUT: VALID=00000000 TRR_WRITE=00000000 VALID_LAST=00000000 TRR_LAST=00000000
DMTD_BOUNDARY_GATE: REF_ENABLED=00000000 FB_ENABLED=00000000 REF_REQ_SET=00000000 FB_REQ_SET=00000000
DMTD_BOUNDARY_GATE_LAST: REF_ENABLED=00000000 FB_ENABLED=00000000 REF_REQ=00000000 FB_REQ=00000000
DMTD_BOUNDARY_STATE: RAW=0C000008 REF_STATE=0 FB_STATE=2 REF_RESET=0 FB_RESET=0
DMTD_BOUNDARY_SAMPLE board=DE5 [1-11.1] sample=094 STATUS=001094E133B082FF
DMTD_BOUNDARY_CORE: CSR=01010000 STAT_CR=00000000 STAT_VAL=00000000 DEGLITCH_THR=000003E8 SAMPLED_REF=141A1760 SAMPLED_FB=2ABF8793 ACCEPT_REF=006803B9 ACCEPT_FB=02424D62 STAB_REF=0001 STAB_FB=0001
DMTD_BOUNDARY_ENABLE: RCER=00000000 OCER=00280201 EIC_IER=000002E8 EIC_IMR=000002E9 EIC_ISR=000002E8 TRR_CSR=00020000
DMTD_BOUNDARY_EVENT: REF=001C89C1 FB=009E56ED REF_SEEN=82D60EE5 FB_SEEN=E4D13589 REF_LAST=048A9ABE FB_LAST=048A9ABF NOW=048A9ABE
DMTD_BOUNDARY_TAG: SOURCE=00B6FFC8 REF=001C89C1 FB=009E56ED REF_LAST=048A9ABF FB_LAST=048A9AC0
DMTD_BOUNDARY_ARB: PENDING=00000000 GRANT=00000000 PENDING_LAST=00000000 GRANT_LAST=00000000
DMTD_BOUNDARY_OUTPUT: VALID=00000000 TRR_WRITE=00000000 VALID_LAST=00000000 TRR_LAST=00000000
DMTD_BOUNDARY_GATE: REF_ENABLED=00000000 FB_ENABLED=00000000 REF_REQ_SET=00000000 FB_REQ_SET=00000000
DMTD_BOUNDARY_GATE_LAST: REF_ENABLED=00000000 FB_ENABLED=00000000 REF_REQ=00000000 FB_REQ=00000000
DMTD_BOUNDARY_STATE: RAW=0C000008 REF_STATE=0 FB_STATE=2 REF_RESET=0 FB_RESET=0
DMTD_BOUNDARY_SAMPLE board=DE5 [1-11.1] sample=095 STATUS=0010946133BC82FF
DMTD_BOUNDARY_CORE: CSR=01010000 STAT_CR=00000000 STAT_VAL=00000000 DEGLITCH_THR=000003E8 SAMPLED_REF=1773B304 SAMPLED_FB=2E1A59AF ACCEPT_REF=006803B9 ACCEPT_FB=02424D62 STAB_REF=0001 STAB_FB=0000
DMTD_BOUNDARY_ENABLE: RCER=00000000 OCER=00280201 EIC_IER=000002E8 EIC_IMR=000002E9 EIC_ISR=000002E8 TRR_CSR=00020000
DMTD_BOUNDARY_EVENT: REF=001C89C1 FB=009E56ED REF_SEEN=D1760EE5 FB_SEEN=88753589 REF_LAST=048A9ABE FB_LAST=048A9ABF NOW=AC2E6134
DMTD_BOUNDARY_TAG: SOURCE=00B6FFC8 REF=001C89C1 FB=009E56ED REF_LAST=048A9ABF FB_LAST=048A9AC0
DMTD_BOUNDARY_ARB: PENDING=00000000 GRANT=00000000 PENDING_LAST=00000000 GRANT_LAST=00000000
DMTD_BOUNDARY_OUTPUT: VALID=00000000 TRR_WRITE=00000000 VALID_LAST=00000000 TRR_LAST=00000000
DMTD_BOUNDARY_GATE: REF_ENABLED=00000000 FB_ENABLED=00000000 REF_REQ_SET=00000000 FB_REQ_SET=00000000
DMTD_BOUNDARY_GATE_LAST: REF_ENABLED=00000000 FB_ENABLED=00000000 REF_REQ=00000000 FB_REQ=00000000
DMTD_BOUNDARY_STATE: RAW=0C000008 REF_STATE=0 FB_STATE=2 REF_RESET=0 FB_RESET=0
DMTD_BOUNDARY_SAMPLE board=DE5 [1-11.1] sample=096 STATUS=001094E333BC82FF
DMTD_BOUNDARY_CORE: CSR=01010000 STAT_CR=00000000 STAT_VAL=00000000 DEGLITCH_THR=000003E8 SAMPLED_REF=1ACF2283 SAMPLED_FB=3176DA69 ACCEPT_REF=006803B9 ACCEPT_FB=02424D62 STAB_REF=0000 STAB_FB=0000
DMTD_BOUNDARY_ENABLE: RCER=00000000 OCER=00280201 EIC_IER=000002E8 EIC_IMR=000002E9 EIC_ISR=000002E8 TRR_CSR=00020000
DMTD_BOUNDARY_EVENT: REF=001C89C1 FB=009E56ED REF_SEEN=BA640EE5 FB_SEEN=86053589 REF_LAST=048A9ABE FB_LAST=048A9ABF NOW=ADDFEA3C
DMTD_BOUNDARY_TAG: SOURCE=00B6FFC8 REF=001C89C1 FB=009E56ED REF_LAST=048A9ABF FB_LAST=048A9AC0
DMTD_BOUNDARY_ARB: PENDING=00000000 GRANT=00000000 PENDING_LAST=00000000 GRANT_LAST=00000000
DMTD_BOUNDARY_OUTPUT: VALID=00000000 TRR_WRITE=00000000 VALID_LAST=00000000 TRR_LAST=00000000
DMTD_BOUNDARY_GATE: REF_ENABLED=00000000 FB_ENABLED=00000000 REF_REQ_SET=00000000 FB_REQ_SET=00000000
DMTD_BOUNDARY_GATE_LAST: REF_ENABLED=00000000 FB_ENABLED=00000000 REF_REQ=00000000 FB_REQ=00000000
DMTD_BOUNDARY_STATE: RAW=0C000008 REF_STATE=0 FB_STATE=2 REF_RESET=0 FB_RESET=0
DMTD_BOUNDARY_SAMPLE board=DE5 [1-11.1] sample=097 STATUS=001094C1235082FF
DMTD_BOUNDARY_CORE: CSR=01010000 STAT_CR=00000000 STAT_VAL=00000000 DEGLITCH_THR=000003E8 SAMPLED_REF=1E2AC8C1 SAMPLED_FB=34D3BB49 ACCEPT_REF=006803B9 ACCEPT_FB=02424D62 STAB_REF=0001 STAB_FB=0000
DMTD_BOUNDARY_ENABLE: RCER=00000100 OCER=00280201 EIC_IER=000002E8 EIC_IMR=000002E8 EIC_ISR=000002E8 TRR_CSR=00020000
DMTD_BOUNDARY_EVENT: REF=001C89C1 FB=009E56ED REF_SEEN=AC5A0EE5 FB_SEEN=35D93589 REF_LAST=048A9ABE FB_LAST=048A9ABF NOW=AF925112
DMTD_BOUNDARY_TAG: SOURCE=00B6FFC8 REF=001C89C1 FB=009E56ED REF_LAST=048A9ABF FB_LAST=048A9AC0
DMTD_BOUNDARY_ARB: PENDING=00000000 GRANT=00000000 PENDING_LAST=00000000 GRANT_LAST=00000000
DMTD_BOUNDARY_OUTPUT: VALID=00000000 TRR_WRITE=00000000 VALID_LAST=00000000 TRR_LAST=00000000
DMTD_BOUNDARY_GATE: REF_ENABLED=00000000 FB_ENABLED=00000000 REF_REQ_SET=00000000 FB_REQ_SET=00000000
DMTD_BOUNDARY_GATE_LAST: REF_ENABLED=00000000 FB_ENABLED=00000000 REF_REQ=00000000 FB_REQ=00000000
DMTD_BOUNDARY_STATE: RAW=0C000008 REF_STATE=0 FB_STATE=2 REF_RESET=0 FB_RESET=0
DMTD_BOUNDARY_SAMPLE board=DE5 [1-11.1] sample=098 STATUS=001094C1235082FF
DMTD_BOUNDARY_CORE: CSR=01010000 STAT_CR=00000000 STAT_VAL=00000000 DEGLITCH_THR=000003E8 SAMPLED_REF=21882457 SAMPLED_FB=383299E5 ACCEPT_REF=006803B9 ACCEPT_FB=02424D62 STAB_REF=0001 STAB_FB=0001
DMTD_BOUNDARY_ENABLE: RCER=00000000 OCER=00280201 EIC_IER=000002E8 EIC_IMR=000002E9 EIC_ISR=000002E8 TRR_CSR=00020000
DMTD_BOUNDARY_EVENT: REF=001C89C1 FB=009E56ED REF_SEEN=35A00EE5 FB_SEEN=AA2B3589 REF_LAST=048A9ABE FB_LAST=048A9ABF NOW=B1440146
DMTD_BOUNDARY_TAG: SOURCE=00B6FFC8 REF=001C89C1 FB=009E56ED REF_LAST=048A9ABF FB_LAST=048A9AC0
DMTD_BOUNDARY_ARB: PENDING=00000000 GRANT=00000000 PENDING_LAST=00000000 GRANT_LAST=00000000
DMTD_BOUNDARY_OUTPUT: VALID=00000000 TRR_WRITE=00000000 VALID_LAST=00000000 TRR_LAST=00000000
DMTD_BOUNDARY_GATE: REF_ENABLED=00000000 FB_ENABLED=00000000 REF_REQ_SET=00000000 FB_REQ_SET=00000000
DMTD_BOUNDARY_GATE_LAST: REF_ENABLED=00000000 FB_ENABLED=00000000 REF_REQ=00000000 FB_REQ=00000000
DMTD_BOUNDARY_STATE: RAW=0C000008 REF_STATE=0 FB_STATE=2 REF_RESET=0 FB_RESET=0
DMTD_BOUNDARY_SAMPLE board=DE5 [1-11.1] sample=099 STATUS=0010946133BC82FF
DMTD_BOUNDARY_CORE: CSR=01010000 STAT_CR=00000000 STAT_VAL=00000000 DEGLITCH_THR=000003E8 SAMPLED_REF=24DEF2A0 SAMPLED_FB=3B8AC0D0 ACCEPT_REF=006803B9 ACCEPT_FB=02424D62 STAB_REF=0000 STAB_FB=0000
DMTD_BOUNDARY_ENABLE: RCER=00000000 OCER=00280201 EIC_IER=000002E8 EIC_IMR=000002E9 EIC_ISR=000002E8 TRR_CSR=00020000
DMTD_BOUNDARY_EVENT: REF=001C89C1 FB=009E56ED REF_SEEN=F9A80EE5 FB_SEEN=0C5D3589 REF_LAST=048A9ABE FB_LAST=048A9ABF NOW=B2F3664B
DMTD_BOUNDARY_TAG: SOURCE=00B6FFC8 REF=001C89C1 FB=009E56ED REF_LAST=048A9ABF FB_LAST=048A9AC0
DMTD_BOUNDARY_ARB: PENDING=00000000 GRANT=00000000 PENDING_LAST=00000000 GRANT_LAST=00000000
DMTD_BOUNDARY_OUTPUT: VALID=00000000 TRR_WRITE=00000000 VALID_LAST=00000000 TRR_LAST=00000000
DMTD_BOUNDARY_GATE: REF_ENABLED=00000000 FB_ENABLED=00000000 REF_REQ_SET=00000000 FB_REQ_SET=00000000
DMTD_BOUNDARY_GATE_LAST: REF_ENABLED=00000000 FB_ENABLED=00000000 REF_REQ=00000000 FB_REQ=00000000
DMTD_BOUNDARY_STATE: RAW=0C000008 REF_STATE=0 FB_STATE=2 REF_RESET=0 FB_RESET=0
DMTD_BOUNDARY_SAMPLE board=DE5 [1-11.1] sample=100 STATUS=001094C1235082FF
DMTD_BOUNDARY_CORE: CSR=01010000 STAT_CR=00000000 STAT_VAL=00000000 DEGLITCH_THR=000003E8 SAMPLED_REF=283810E1 SAMPLED_FB=3EE54672 ACCEPT_REF=006803B9 ACCEPT_FB=02424D62 STAB_REF=0001 STAB_FB=0000
DMTD_BOUNDARY_ENABLE: RCER=00000000 OCER=00280201 EIC_IER=000002E8 EIC_IMR=000002E9 EIC_ISR=000002E9 TRR_CSR=00020000
DMTD_BOUNDARY_EVENT: REF=001C89C1 FB=009E56ED REF_SEEN=CA2E0EE5 FB_SEEN=D6493589 REF_LAST=048A9ABE FB_LAST=048A9ABF NOW=B4A3E201
DMTD_BOUNDARY_TAG: SOURCE=00B6FFC8 REF=001C89C1 FB=009E56ED REF_LAST=048A9ABF FB_LAST=048A9AC0
DMTD_BOUNDARY_ARB: PENDING=00000000 GRANT=00000000 PENDING_LAST=00000000 GRANT_LAST=00000000
DMTD_BOUNDARY_OUTPUT: VALID=00000000 TRR_WRITE=00000000 VALID_LAST=00000000 TRR_LAST=00000000
DMTD_BOUNDARY_GATE: REF_ENABLED=00000000 FB_ENABLED=00000000 REF_REQ_SET=00000000 FB_REQ_SET=00000000
DMTD_BOUNDARY_GATE_LAST: REF_ENABLED=00000000 FB_ENABLED=00000000 REF_REQ=00000000 FB_REQ=00000000
DMTD_BOUNDARY_STATE: RAW=0C000008 REF_STATE=0 FB_STATE=2 REF_RESET=0 FB_RESET=0
=== DE5 [1-11.2] ===
DMTD_BOUNDARY_SAMPLE board=DE5 [1-11.2] sample=001 STATUS=4010C6E131BC82CF
DMTD_BOUNDARY_CORE: CSR=01010000 STAT_CR=00000000 STAT_VAL=00000000 DEGLITCH_THR=000003E8 SAMPLED_REF=9113895A SAMPLED_FB=8D16F21E ACCEPT_REF=13E688A2 ACCEPT_FB=1338BFDD STAB_REF=0001 STAB_FB=0001
DMTD_BOUNDARY_ENABLE: RCER=00000001 OCER=03248801 EIC_IER=000002E8 EIC_IMR=000002E9 EIC_ISR=000002E8 TRR_CSR=00020000
DMTD_BOUNDARY_EVENT: REF=05578F40 FB=0547F6F2 REF_SEEN=DBC42289 FB_SEEN=0670FF75 REF_LAST=26981E0F FB_LAST=26981E0F NOW=5212BCF8
DMTD_BOUNDARY_TAG: SOURCE=09E2BB73 REF=05578F41 FB=0547F6F2 REF_LAST=26981E10 FB_LAST=26981E10
DMTD_BOUNDARY_ARB: PENDING=00000000 GRANT=00000000 PENDING_LAST=00000000 GRANT_LAST=00000000
DMTD_BOUNDARY_OUTPUT: VALID=00000000 TRR_WRITE=00000000 VALID_LAST=00000000 TRR_LAST=00000000
DMTD_BOUNDARY_GATE: REF_ENABLED=00000000 FB_ENABLED=00000000 REF_REQ_SET=00000000 FB_REQ_SET=00000000
DMTD_BOUNDARY_GATE_LAST: REF_ENABLED=00000000 FB_ENABLED=00000000 REF_REQ=00000000 FB_REQ=00000000
DMTD_BOUNDARY_STATE: RAW=0C000002 REF_STATE=2 FB_STATE=0 REF_RESET=0 FB_RESET=0
DMTD_BOUNDARY_SAMPLE board=DE5 [1-11.2] sample=002 STATUS=4010C6E131BC82CF
DMTD_BOUNDARY_CORE: CSR=01010000 STAT_CR=00000000 STAT_VAL=00000000 DEGLITCH_THR=003803E8 SAMPLED_REF=946E28A8 SAMPLED_FB=906FEC0C ACCEPT_REF=03248801 ACCEPT_FB=1338BFDD STAB_REF=B9FC STAB_FB=907A
DMTD_BOUNDARY_ENABLE: RCER=00000001 OCER=03248801 EIC_IER=003802E8 EIC_IMR=003802E9 EIC_ISR=003802E8 TRR_CSR=00020000
DMTD_BOUNDARY_EVENT: REF=0547F6F2 FB=0547F6F2 REF_SEEN=A7AE2289 FB_SEEN=29AE2289 REF_LAST=26981E0F FB_LAST=26981E0F NOW=26981E0F
DMTD_BOUNDARY_TAG: SOURCE=09E2BB73 REF=05578F41 FB=0547F6F2 REF_LAST=26981E10 FB_LAST=26981E10
DMTD_BOUNDARY_ARB: PENDING=00000000 GRANT=00000000 PENDING_LAST=00000000 GRANT_LAST=00000000
DMTD_BOUNDARY_OUTPUT: VALID=00000000 TRR_WRITE=00000000 VALID_LAST=00000000 TRR_LAST=00000000
DMTD_BOUNDARY_GATE: REF_ENABLED=00000000 FB_ENABLED=00000000 REF_REQ_SET=00000000 FB_REQ_SET=00000000
DMTD_BOUNDARY_GATE_LAST: REF_ENABLED=00000000 FB_ENABLED=00000000 REF_REQ=00000000 FB_REQ=00000000
DMTD_BOUNDARY_STATE: RAW=0C000002 REF_STATE=2 FB_STATE=0 REF_RESET=0 FB_RESET=0
DMTD_BOUNDARY_SAMPLE board=DE5 [1-11.2] sample=003 STATUS=4010C6C1215082CF
DMTD_BOUNDARY_CORE: CSR=01010000 STAT_CR=00000000 STAT_VAL=00000000 DEGLITCH_THR=000003E8 SAMPLED_REF=97CC0D02 SAMPLED_FB=93CBAF86 ACCEPT_REF=13E688A2 ACCEPT_FB=1338BFDD STAB_REF=0000 STAB_FB=0001
DMTD_BOUNDARY_ENABLE: RCER=00000001 OCER=03248801 EIC_IER=000002E8 EIC_IMR=000002E9 EIC_ISR=000002E8 TRR_CSR=7444FF75
DMTD_BOUNDARY_EVENT: REF=05578F40 FB=0547F6F2 REF_SEEN=0547F6F2 FB_SEEN=E97CFF75 REF_LAST=26981E0F FB_LAST=26981E0F NOW=5571E33B
DMTD_BOUNDARY_TAG: SOURCE=09E2BB73 REF=09E2BB73 FB=0547F6F2 REF_LAST=26981E10 FB_LAST=26981E10
DMTD_BOUNDARY_ARB: PENDING=00000000 GRANT=00000000 PENDING_LAST=00000000 GRANT_LAST=00000000
DMTD_BOUNDARY_OUTPUT: VALID=00000000 TRR_WRITE=00000000 VALID_LAST=00000000 TRR_LAST=00000000
DMTD_BOUNDARY_GATE: REF_ENABLED=00000000 FB_ENABLED=00000000 REF_REQ_SET=00000000 FB_REQ_SET=00000000
DMTD_BOUNDARY_GATE_LAST: REF_ENABLED=00000000 FB_ENABLED=00000000 REF_REQ=00000000 FB_REQ=00000000
DMTD_BOUNDARY_STATE: RAW=0C000002 REF_STATE=2 FB_STATE=0 REF_RESET=0 FB_RESET=0
DMTD_BOUNDARY_SAMPLE board=DE5 [1-11.2] sample=004 STATUS=4010C6C3215082EF
DMTD_BOUNDARY_CORE: CSR=01010000 STAT_CR=00000000 STAT_VAL=00000000 DEGLITCH_THR=000003E8 SAMPLED_REF=9B291171 SAMPLED_FB=9B33E441 ACCEPT_REF=13E688A2 ACCEPT_FB=1338BFDD STAB_REF=0000 STAB_FB=0000
DMTD_BOUNDARY_ENABLE: RCER=00000001 OCER=03248801 EIC_IER=000002E8 EIC_IMR=000002E9 EIC_ISR=000002E8 TRR_CSR=34FA2289
DMTD_BOUNDARY_EVENT: REF=05578F40 FB=05578F40 REF_SEEN=FE802289 FB_SEEN=C57EFF75 REF_LAST=26981E0F FB_LAST=26981E0F NOW=57229187
DMTD_BOUNDARY_TAG: SOURCE=09E2BB73 REF=05578F41 FB=0547F6F2 REF_LAST=26981E10 FB_LAST=26981E10
DMTD_BOUNDARY_ARB: PENDING=00000000 GRANT=00000000 PENDING_LAST=00000000 GRANT_LAST=00000000
DMTD_BOUNDARY_OUTPUT: VALID=00000000 TRR_WRITE=00000000 VALID_LAST=00000000 TRR_LAST=00000000
DMTD_BOUNDARY_GATE: REF_ENABLED=00000000 FB_ENABLED=00000000 REF_REQ_SET=00000000 FB_REQ_SET=00000000
DMTD_BOUNDARY_GATE_LAST: REF_ENABLED=00000000 FB_ENABLED=00000000 REF_REQ=00000000 FB_REQ=00000000
DMTD_BOUNDARY_STATE: RAW=0C000002 REF_STATE=2 FB_STATE=0 REF_RESET=0 FB_RESET=0
DMTD_BOUNDARY_SAMPLE board=DE5 [1-11.2] sample=005 STATUS=4010C66331BC82CF
DMTD_BOUNDARY_CORE: CSR=00000000 STAT_CR=01010000 STAT_VAL=00000000 DEGLITCH_THR=000003E8 SAMPLED_REF=9E8E9510 SAMPLED_FB=9A899495 ACCEPT_REF=13E688A2 ACCEPT_FB=1338BFDD STAB_REF=0000 STAB_FB=0001
DMTD_BOUNDARY_ENABLE: RCER=00000000 OCER=03248801 EIC_IER=000002E8 EIC_IMR=000002E9 EIC_ISR=000002E8 TRR_CSR=00020000
DMTD_BOUNDARY_EVENT: REF=05578F40 FB=0547F6F2 REF_SEEN=F4562289 FB_SEEN=FA44FF75 REF_LAST=26981E0F FB_LAST=26981E0F NOW=58D4A2FD
DMTD_BOUNDARY_TAG: SOURCE=09E2BB73 REF=05578F41 FB=0547F6F2 REF_LAST=26981E10 FB_LAST=26981E10
DMTD_BOUNDARY_ARB: PENDING=00000000 GRANT=00000000 PENDING_LAST=00000000 GRANT_LAST=00000000
DMTD_BOUNDARY_OUTPUT: VALID=00000000 TRR_WRITE=00000000 VALID_LAST=00000000 TRR_LAST=00000000
DMTD_BOUNDARY_GATE: REF_ENABLED=00000000 FB_ENABLED=00000000 REF_REQ_SET=00000000 FB_REQ_SET=00000000
DMTD_BOUNDARY_GATE_LAST: REF_ENABLED=00000000 FB_ENABLED=00000000 REF_REQ=00000000 FB_REQ=00000000
DMTD_BOUNDARY_STATE: RAW=0C000002 REF_STATE=2 FB_STATE=0 REF_RESET=0 FB_RESET=0
DMTD_BOUNDARY_SAMPLE board=DE5 [1-11.2] sample=006 STATUS=4010C6C1215082CF
DMTD_BOUNDARY_CORE: CSR=01010000 STAT_CR=00000000 STAT_VAL=00000000 DEGLITCH_THR=000003E8 SAMPLED_REF=A1EC4968 SAMPLED_FB=9DE4F2F9 ACCEPT_REF=13E688A2 ACCEPT_FB=1338BFDD STAB_REF=0000 STAB_FB=0001
DMTD_BOUNDARY_ENABLE: RCER=00000001 OCER=03248801 EIC_IER=000002E8 EIC_IMR=000002E9 EIC_ISR=000002E8 TRR_CSR=000002E8
DMTD_BOUNDARY_EVENT: REF=05578F40 FB=0547F6F2 REF_SEEN=36E42289 FB_SEEN=9E18FF75 REF_LAST=26981E0F FB_LAST=26981E0F NOW=5A841C39
DMTD_BOUNDARY_TAG: SOURCE=00000000 REF=05578F41 FB=0547F6F2 REF_LAST=26981E10 FB_LAST=26981E10
DMTD_BOUNDARY_ARB: PENDING=00000000 GRANT=00000000 PENDING_LAST=00000000 GRANT_LAST=00000000
DMTD_BOUNDARY_OUTPUT: VALID=00000000 TRR_WRITE=00000000 VALID_LAST=00000000 TRR_LAST=00000000
DMTD_BOUNDARY_GATE: REF_ENABLED=00000000 FB_ENABLED=00000000 REF_REQ_SET=00000000 FB_REQ_SET=00000000
DMTD_BOUNDARY_GATE_LAST: REF_ENABLED=00000000 FB_ENABLED=00000000 REF_REQ=00000000 FB_REQ=00000000
DMTD_BOUNDARY_STATE: RAW=0C000002 REF_STATE=2 FB_STATE=0 REF_RESET=0 FB_RESET=0
DMTD_BOUNDARY_SAMPLE board=DE5 [1-11.2] sample=007 STATUS=4010C641215082CF
DMTD_BOUNDARY_CORE: CSR=01010000 STAT_CR=00000000 STAT_VAL=00000000 DEGLITCH_THR=000003E8 SAMPLED_REF=1338BFDD SAMPLED_FB=A5566912 ACCEPT_REF=13E688A2 ACCEPT_FB=1338BFDD STAB_REF=0001 STAB_FB=0001
DMTD_BOUNDARY_ENABLE: RCER=00000001 OCER=03248801 EIC_IER=000002E8 EIC_IMR=000002E9 EIC_ISR=000002E9 TRR_CSR=00020000
DMTD_BOUNDARY_EVENT: REF=05578F40 FB=0547F6F2 REF_SEEN=79C02289 FB_SEEN=6F48FF75 REF_LAST=5C3A1388 FB_LAST=26981E0F NOW=00000000
DMTD_BOUNDARY_TAG: SOURCE=09E2BB73 REF=05578F41 FB=0547F6F2 REF_LAST=26981E10 FB_LAST=26981E10
DMTD_BOUNDARY_ARB: PENDING=00000000 GRANT=00000000 PENDING_LAST=00000000 GRANT_LAST=00000000
DMTD_BOUNDARY_OUTPUT: VALID=00000000 TRR_WRITE=00000000 VALID_LAST=00000000 TRR_LAST=00000000
DMTD_BOUNDARY_GATE: REF_ENABLED=00000000 FB_ENABLED=00000000 REF_REQ_SET=00000000 FB_REQ_SET=00000000
DMTD_BOUNDARY_GATE_LAST: REF_ENABLED=00000000 FB_ENABLED=00000000 REF_REQ=00000000 FB_REQ=00000000
DMTD_BOUNDARY_STATE: RAW=0C000002 REF_STATE=2 FB_STATE=0 REF_RESET=0 FB_RESET=0
DMTD_BOUNDARY_SAMPLE board=DE5 [1-11.2] sample=008 STATUS=4010C66131BC82CF
DMTD_BOUNDARY_CORE: CSR=01010000 STAT_CR=00000000 STAT_VAL=00000000 DEGLITCH_THR=242403E8 SAMPLED_REF=A8A8706D SAMPLED_FB=A49D2159 ACCEPT_REF=13E688A2 ACCEPT_FB=13E688A2 STAB_REF=DDF3 STAB_FB=A4A7
DMTD_BOUNDARY_ENABLE: RCER=00000001 OCER=03248801 EIC_IER=242402E8 EIC_IMR=242402E9 EIC_ISR=242402E8 TRR_CSR=69E8FF75
DMTD_BOUNDARY_EVENT: REF=0547F6F2 FB=0547F6F2 REF_SEEN=0547F6F2 FB_SEEN=1068FF75 REF_LAST=26981E0F FB_LAST=26981E0F NOW=26981E0F
DMTD_BOUNDARY_TAG: SOURCE=09E2BB73 REF=09E2BB73 FB=0547F6F2 REF_LAST=26981E10 FB_LAST=26981E10
DMTD_BOUNDARY_ARB: PENDING=BD64FF75 GRANT=00000000 PENDING_LAST=00000000 GRANT_LAST=00000000
DMTD_BOUNDARY_OUTPUT: VALID=00000000 TRR_WRITE=09E2BB73 VALID_LAST=00000000 TRR_LAST=00000000
DMTD_BOUNDARY_GATE: REF_ENABLED=00000000 FB_ENABLED=00000000 REF_REQ_SET=00000000 FB_REQ_SET=00000000
DMTD_BOUNDARY_GATE_LAST: REF_ENABLED=00000000 FB_ENABLED=00000000 REF_REQ=00000000 FB_REQ=00000000
DMTD_BOUNDARY_STATE: RAW=0C000002 REF_STATE=2 FB_STATE=0 REF_RESET=0 FB_RESET=0
DMTD_BOUNDARY_SAMPLE board=DE5 [1-11.2] sample=009 STATUS=4010C6C321BC82CF
DMTD_BOUNDARY_CORE: CSR=01010000 STAT_CR=00000000 STAT_VAL=00000000 DEGLITCH_THR=280003E8 SAMPLED_REF=AC04AFF1 SAMPLED_FB=A7F7CBE3 ACCEPT_REF=13E688A2 ACCEPT_FB=1338BFDD STAB_REF=86B6 STAB_FB=A802
DMTD_BOUNDARY_ENABLE: RCER=01010000 OCER=13E688A2 EIC_IER=280002E8 EIC_IMR=280002E8 EIC_ISR=280002E8 TRR_CSR=00020000
DMTD_BOUNDARY_EVENT: REF=0547F6F2 FB=05578F40 REF_SEEN=CDBE2289 FB_SEEN=4354FF75 REF_LAST=26981E0F FB_LAST=26981E0F NOW=26981E0F
DMTD_BOUNDARY_TAG: SOURCE=09E2BB73 REF=05578F41 FB=0547F6F2 REF_LAST=26981E10 FB_LAST=00000000
DMTD_BOUNDARY_ARB: PENDING=00000000 GRANT=00000000 PENDING_LAST=00000000 GRANT_LAST=00000000
DMTD_BOUNDARY_OUTPUT: VALID=00000000 TRR_WRITE=00000000 VALID_LAST=00000000 TRR_LAST=00000000
DMTD_BOUNDARY_GATE: REF_ENABLED=00000000 FB_ENABLED=00000000 REF_REQ_SET=00000000 FB_REQ_SET=00000000
DMTD_BOUNDARY_GATE_LAST: REF_ENABLED=00000000 FB_ENABLED=00000000 REF_REQ=00000000 FB_REQ=00000000
DMTD_BOUNDARY_STATE: RAW=0C000002 REF_STATE=2 FB_STATE=0 REF_RESET=0 FB_RESET=0
DMTD_BOUNDARY_SAMPLE board=DE5 [1-11.2] sample=010 STATUS=4010C641215082CF
DMTD_BOUNDARY_CORE: CSR=01010000 STAT_CR=00000000 STAT_VAL=00000000 DEGLITCH_THR=000003E8 SAMPLED_REF=AF631C97 SAMPLED_FB=AB5449EF ACCEPT_REF=13E688A2 ACCEPT_FB=1338BFDD STAB_REF=0001 STAB_FB=0000
DMTD_BOUNDARY_ENABLE: RCER=00000001 OCER=03248801 EIC_IER=000002E8 EIC_IMR=000002E9 EIC_ISR=000002E8 TRR_CSR=00020000
DMTD_BOUNDARY_EVENT: REF=05578F40 FB=0547F6F2 REF_SEEN=00000000 FB_SEEN=1E6EFF75 REF_LAST=6148845C FB_LAST=26981E0F NOW=61431F58
DMTD_BOUNDARY_TAG: SOURCE=09E2BB73 REF=05578F41 FB=0547F6F2 REF_LAST=26981E10 FB_LAST=26981E10
DMTD_BOUNDARY_ARB: PENDING=00000000 GRANT=00000000 PENDING_LAST=00000000 GRANT_LAST=00000000
DMTD_BOUNDARY_OUTPUT: VALID=00000000 TRR_WRITE=00000000 VALID_LAST=00000000 TRR_LAST=00000000
DMTD_BOUNDARY_GATE: REF_ENABLED=00000000 FB_ENABLED=00000000 REF_REQ_SET=00000000 FB_REQ_SET=00000000
DMTD_BOUNDARY_GATE_LAST: REF_ENABLED=00000000 FB_ENABLED=00000000 REF_REQ=00000000 FB_REQ=00000000
DMTD_BOUNDARY_STATE: RAW=0C000002 REF_STATE=2 FB_STATE=0 REF_RESET=0 FB_RESET=0
DMTD_BOUNDARY_SAMPLE board=DE5 [1-11.2] sample=011 STATUS=4010C66131BC82CF
DMTD_BOUNDARY_CORE: CSR=01010000 STAT_CR=00000000 STAT_VAL=00000000 DEGLITCH_THR=000003E8 SAMPLED_REF=B2C5CAC6 SAMPLED_FB=00010001 ACCEPT_REF=13E688A2 ACCEPT_FB=1338BFDD STAB_REF=0000 STAB_FB=0000
DMTD_BOUNDARY_ENABLE: RCER=00000001 OCER=03248801 EIC_IER=000003E8 EIC_IMR=000002E9 EIC_ISR=000002E8 TRR_CSR=00020000
DMTD_BOUNDARY_EVENT: REF=05578F40 FB=05578F40 REF_SEEN=375E2289 FB_SEEN=9A08FF75 REF_LAST=26981E0F FB_LAST=26981E0F NOW=62F60A86
DMTD_BOUNDARY_TAG: SOURCE=09E2BB73 REF=05578F41 FB=0547F6F2 REF_LAST=26981E10 FB_LAST=26981E10
DMTD_BOUNDARY_ARB: PENDING=00000000 GRANT=00000000 PENDING_LAST=00000000 GRANT_LAST=00000000
DMTD_BOUNDARY_OUTPUT: VALID=00000000 TRR_WRITE=00000000 VALID_LAST=00000000 TRR_LAST=00000000
DMTD_BOUNDARY_GATE: REF_ENABLED=00000000 FB_ENABLED=00000000 REF_REQ_SET=00000000 FB_REQ_SET=00000000
DMTD_BOUNDARY_GATE_LAST: REF_ENABLED=00000000 FB_ENABLED=00000000 REF_REQ=00000000 FB_REQ=00000000
DMTD_BOUNDARY_STATE: RAW=0C000002 REF_STATE=2 FB_STATE=0 REF_RESET=0 FB_RESET=0
DMTD_BOUNDARY_SAMPLE board=DE5 [1-11.2] sample=012 STATUS=4010C66131BC82CF
DMTD_BOUNDARY_CORE: CSR=01010000 STAT_CR=00000000 STAT_VAL=00000000 DEGLITCH_THR=000003E8 SAMPLED_REF=B629C863 SAMPLED_FB=B217121C ACCEPT_REF=13E688A2 ACCEPT_FB=1338BFDD STAB_REF=0000 STAB_FB=0000
DMTD_BOUNDARY_ENABLE: RCER=00000001 OCER=03248801 EIC_IER=000002E8 EIC_IMR=000002E9 EIC_ISR=000002E8 TRR_CSR=00020000
DMTD_BOUNDARY_EVENT: REF=05578F40 FB=0547F6F2 REF_SEEN=496C2289 FB_SEEN=FA76FF75 REF_LAST=26981E0F FB_LAST=26981E0F NOW=64A89C3F
DMTD_BOUNDARY_TAG: SOURCE=09E2BB73 REF=05578F41 FB=05578F41 REF_LAST=26981E10 FB_LAST=26981E10
DMTD_BOUNDARY_ARB: PENDING=00000000 GRANT=00000000 PENDING_LAST=26981E10 GRANT_LAST=00000000
DMTD_BOUNDARY_OUTPUT: VALID=00000000 TRR_WRITE=00000000 VALID_LAST=00000000 TRR_LAST=0C000002
DMTD_BOUNDARY_GATE: REF_ENABLED=00000000 FB_ENABLED=00000000 REF_REQ_SET=00000000 FB_REQ_SET=00000000
DMTD_BOUNDARY_GATE_LAST: REF_ENABLED=00000000 FB_ENABLED=00000000 REF_REQ=00000000 FB_REQ=00000000
DMTD_BOUNDARY_STATE: RAW=0C000002 REF_STATE=2 FB_STATE=0 REF_RESET=0 FB_RESET=0
DMTD_BOUNDARY_SAMPLE board=DE5 [1-11.2] sample=013 STATUS=4010C66331BC82CF
DMTD_BOUNDARY_CORE: CSR=01010000 STAT_CR=00000000 STAT_VAL=00000000 DEGLITCH_THR=000003E8 SAMPLED_REF=B98AABD6 SAMPLED_FB=00010001 ACCEPT_REF=13E688A2 ACCEPT_FB=1338BFDD STAB_REF=0001 STAB_FB=0000
DMTD_BOUNDARY_ENABLE: RCER=00000001 OCER=03248801 EIC_IER=000002E8 EIC_IMR=000002E8 EIC_ISR=000002E8 TRR_CSR=00020000
DMTD_BOUNDARY_EVENT: REF=05578F40 FB=0547F6F2 REF_SEEN=0BFE2289 FB_SEEN=4BD6FF75 REF_LAST=665F3B07 FB_LAST=26981E0F NOW=6659CEF0
DMTD_BOUNDARY_TAG: SOURCE=09E2BB73 REF=05578F41 FB=0547F6F2 REF_LAST=26981E10 FB_LAST=26981E10
DMTD_BOUNDARY_ARB: PENDING=00000000 GRANT=00000000 PENDING_LAST=00000000 GRANT_LAST=00000000
DMTD_BOUNDARY_OUTPUT: VALID=00020000 TRR_WRITE=09E2BB73 VALID_LAST=00000000 TRR_LAST=00000000
DMTD_BOUNDARY_GATE: REF_ENABLED=00000000 FB_ENABLED=00000000 REF_REQ_SET=00000000 FB_REQ_SET=00000000
DMTD_BOUNDARY_GATE_LAST: REF_ENABLED=00000000 FB_ENABLED=00000000 REF_REQ=00000000 FB_REQ=00000000
DMTD_BOUNDARY_STATE: RAW=0C000002 REF_STATE=2 FB_STATE=0 REF_RESET=0 FB_RESET=0
DMTD_BOUNDARY_SAMPLE board=DE5 [1-11.2] sample=014 STATUS=4010C6C3215082CF
DMTD_BOUNDARY_CORE: CSR=01010000 STAT_CR=00000000 STAT_VAL=00000000 DEGLITCH_THR=000003E8 SAMPLED_REF=BCEC889E SAMPLED_FB=BCF75AD8 ACCEPT_REF=13E688A2 ACCEPT_FB=1338BFDD STAB_REF=0001 STAB_FB=0001
DMTD_BOUNDARY_ENABLE: RCER=00000001 OCER=03248801 EIC_IER=000002E8 EIC_IMR=000002E9 EIC_ISR=000002E8 TRR_CSR=00020000
DMTD_BOUNDARY_EVENT: REF=05578F40 FB=0547F6F2 REF_SEEN=9B702289 FB_SEEN=8BBCFF75 REF_LAST=26981E0F FB_LAST=26981E0F NOW=680B725C
DMTD_BOUNDARY_TAG: SOURCE=09E2BB73 REF=0547F6F2 FB=0547F6F2 REF_LAST=26981E10 FB_LAST=26981E10
DMTD_BOUNDARY_ARB: PENDING=00000000 GRANT=00000000 PENDING_LAST=00000000 GRANT_LAST=00000000
DMTD_BOUNDARY_OUTPUT: VALID=00000000 TRR_WRITE=00000000 VALID_LAST=00000000 TRR_LAST=00000000
DMTD_BOUNDARY_GATE: REF_ENABLED=00000000 FB_ENABLED=00000000 REF_REQ_SET=00000000 FB_REQ_SET=00000000
DMTD_BOUNDARY_GATE_LAST: REF_ENABLED=00000000 FB_ENABLED=00000000 REF_REQ=00000000 FB_REQ=00000000
DMTD_BOUNDARY_STATE: RAW=0C000002 REF_STATE=2 FB_STATE=0 REF_RESET=0 FB_RESET=0
DMTD_BOUNDARY_SAMPLE board=DE5 [1-11.2] sample=015 STATUS=4010C6C1215082CF
DMTD_BOUNDARY_CORE: CSR=01010000 STAT_CR=00000000 STAT_VAL=00000000 DEGLITCH_THR=000003E8 SAMPLED_REF=C04D7B02 SAMPLED_FB=00010001 ACCEPT_REF=13E688A2 ACCEPT_FB=1338BFDD STAB_REF=0000 STAB_FB=0000
DMTD_BOUNDARY_ENABLE: RCER=00000001 OCER=03248801 EIC_IER=000002E8 EIC_IMR=000002E8 EIC_ISR=000002E8 TRR_CSR=00020000
DMTD_BOUNDARY_EVENT: REF=05578F40 FB=0547F6F2 REF_SEEN=A8A22289 FB_SEEN=27BCFF75 REF_LAST=26981E0F FB_LAST=26981E0F NOW=69BCB4BE
DMTD_BOUNDARY_TAG: SOURCE=09E2BB73 REF=05578F41 FB=0547F6F2 REF_LAST=26981E10 FB_LAST=26981E10
DMTD_BOUNDARY_ARB: PENDING=00000000 GRANT=00000000 PENDING_LAST=00000000 GRANT_LAST=00000000
DMTD_BOUNDARY_OUTPUT: VALID=00020000 TRR_WRITE=00000000 VALID_LAST=00000000 TRR_LAST=00000000
DMTD_BOUNDARY_GATE: REF_ENABLED=00000000 FB_ENABLED=00000000 REF_REQ_SET=00000000 FB_REQ_SET=00000000
DMTD_BOUNDARY_GATE_LAST: REF_ENABLED=00000000 FB_ENABLED=00000000 REF_REQ=00000000 FB_REQ=00000000
DMTD_BOUNDARY_STATE: RAW=0C000002 REF_STATE=2 FB_STATE=0 REF_RESET=0 FB_RESET=0
DMTD_BOUNDARY_SAMPLE board=DE5 [1-11.2] sample=016 STATUS=4010C66331BC82CF
DMTD_BOUNDARY_CORE: CSR=01010000 STAT_CR=00000000 STAT_VAL=00000000 DEGLITCH_THR=000003E8 SAMPLED_REF=C3B2048E SAMPLED_FB=BF964E77 ACCEPT_REF=13E688A2 ACCEPT_FB=1338BFDD STAB_REF=0000 STAB_FB=0000
DMTD_BOUNDARY_ENABLE: RCER=00000001 OCER=03248801 EIC_IER=000002E8 EIC_IMR=000002E9 EIC_ISR=000002E8 TRR_CSR=00020000
DMTD_BOUNDARY_EVENT: REF=05578F40 FB=0547F6F2 REF_SEEN=8A382289 FB_SEEN=7A7EFF75 REF_LAST=26981E0F FB_LAST=26981E0F NOW=6B6F4F81
DMTD_BOUNDARY_TAG: SOURCE=09E2BB73 REF=05578F41 FB=0547F6F2 REF_LAST=26981E10 FB_LAST=26981E10
DMTD_BOUNDARY_ARB: PENDING=E87AFF75 GRANT=00000000 PENDING_LAST=00000000 GRANT_LAST=00000000
DMTD_BOUNDARY_OUTPUT: VALID=00020000 TRR_WRITE=00000000 VALID_LAST=00000000 TRR_LAST=00000000
DMTD_BOUNDARY_GATE: REF_ENABLED=00000000 FB_ENABLED=00000000 REF_REQ_SET=00000000 FB_REQ_SET=00000000
DMTD_BOUNDARY_GATE_LAST: REF_ENABLED=00000000 FB_ENABLED=00000000 REF_REQ=00000000 FB_REQ=00000000
DMTD_BOUNDARY_STATE: RAW=0C000002 REF_STATE=2 FB_STATE=0 REF_RESET=0 FB_RESET=0
DMTD_BOUNDARY_SAMPLE board=DE5 [1-11.2] sample=017 STATUS=4010C66131BC82CF
DMTD_BOUNDARY_CORE: CSR=01010000 STAT_CR=00000000 STAT_VAL=00000000 DEGLITCH_THR=000003E8 SAMPLED_REF=C70FD749 SAMPLED_FB=C2F1E5C0 ACCEPT_REF=13E688A2 ACCEPT_FB=1338BFDD STAB_REF=0001 STAB_FB=0000
DMTD_BOUNDARY_ENABLE: RCER=00000001 OCER=03248801 EIC_IER=000002E8 EIC_IMR=000002E9 EIC_ISR=000002E8 TRR_CSR=00020000
DMTD_BOUNDARY_EVENT: REF=05578F40 FB=0547F6F2 REF_SEEN=E8202289 FB_SEEN=21ACFF75 REF_LAST=26981E0F FB_LAST=26981E0F NOW=6D1ED5F3
DMTD_BOUNDARY_TAG: SOURCE=09E2BB73 REF=05578F41 FB=0547F6F2 REF_LAST=26981E10 FB_LAST=26981E10
DMTD_BOUNDARY_ARB: PENDING=00000000 GRANT=00000000 PENDING_LAST=00000000 GRANT_LAST=00000000
DMTD_BOUNDARY_OUTPUT: VALID=00000000 TRR_WRITE=09E2BB73 VALID_LAST=00000000 TRR_LAST=00000000
DMTD_BOUNDARY_GATE: REF_ENABLED=00000000 FB_ENABLED=00000000 REF_REQ_SET=00000000 FB_REQ_SET=00000000
DMTD_BOUNDARY_GATE_LAST: REF_ENABLED=00000000 FB_ENABLED=00000000 REF_REQ=00000000 FB_REQ=00000000
DMTD_BOUNDARY_STATE: RAW=0C000002 REF_STATE=2 FB_STATE=0 REF_RESET=0 FB_RESET=0
DMTD_BOUNDARY_SAMPLE board=DE5 [1-11.2] sample=018 STATUS=4010C6C1215082CF
DMTD_BOUNDARY_CORE: CSR=01010000 STAT_CR=00000000 STAT_VAL=00000000 DEGLITCH_THR=000003E8 SAMPLED_REF=CA6F2EFC SAMPLED_FB=C64EF608 ACCEPT_REF=13E688A2 ACCEPT_FB=1338BFDD STAB_REF=0000 STAB_FB=0000
DMTD_BOUNDARY_ENABLE: RCER=00000001 OCER=03248801 EIC_IER=000002E8 EIC_IMR=000002E9 EIC_ISR=000002E8 TRR_CSR=00020000
DMTD_BOUNDARY_EVENT: REF=05578F40 FB=0547F6F2 REF_SEEN=C2C02289 FB_SEEN=D00EFF75 REF_LAST=26981E0F FB_LAST=26981E0F NOW=6ECF574B
DMTD_BOUNDARY_TAG: SOURCE=09E2BB73 REF=05578F41 FB=0547F6F2 REF_LAST=26981E10 FB_LAST=26981E10
DMTD_BOUNDARY_ARB: PENDING=00000000 GRANT=00000000 PENDING_LAST=00000000 GRANT_LAST=00000000
DMTD_BOUNDARY_OUTPUT: VALID=00000000 TRR_WRITE=00000000 VALID_LAST=00000000 TRR_LAST=00000000
DMTD_BOUNDARY_GATE: REF_ENABLED=00000000 FB_ENABLED=00000000 REF_REQ_SET=00000000 FB_REQ_SET=00000000
DMTD_BOUNDARY_GATE_LAST: REF_ENABLED=00000000 FB_ENABLED=00000000 REF_REQ=00000000 FB_REQ=00000000
DMTD_BOUNDARY_STATE: RAW=0C000002 REF_STATE=2 FB_STATE=0 REF_RESET=0 FB_RESET=0
DMTD_BOUNDARY_SAMPLE board=DE5 [1-11.2] sample=019 STATUS=4010C6E331BC82CF
DMTD_BOUNDARY_CORE: CSR=01010000 STAT_CR=00000000 STAT_VAL=00000000 DEGLITCH_THR=000003E8 SAMPLED_REF=CDCCB69F SAMPLED_FB=C9AAD84E ACCEPT_REF=13E688A2 ACCEPT_FB=1338BFDD STAB_REF=0001 STAB_FB=0001
DMTD_BOUNDARY_ENABLE: RCER=00000001 OCER=03248801 EIC_IER=000002E8 EIC_IMR=000002E9 EIC_ISR=000002E8 TRR_CSR=00020000
DMTD_BOUNDARY_EVENT: REF=05578F40 FB=0547F6F2 REF_SEEN=FF162289 FB_SEEN=6BC8FF75 REF_LAST=26981E0F FB_LAST=26981E0F NOW=26981E0F
DMTD_BOUNDARY_TAG: SOURCE=09E2BB73 REF=05578F41 FB=0547F6F2 REF_LAST=26981E0F FB_LAST=26981E10
DMTD_BOUNDARY_ARB: PENDING=00000000 GRANT=00000000 PENDING_LAST=00000000 GRANT_LAST=00000000
DMTD_BOUNDARY_OUTPUT: VALID=00000000 TRR_WRITE=00000000 VALID_LAST=00000000 TRR_LAST=00000000
DMTD_BOUNDARY_GATE: REF_ENABLED=00000000 FB_ENABLED=00000000 REF_REQ_SET=00000000 FB_REQ_SET=00000000
DMTD_BOUNDARY_GATE_LAST: REF_ENABLED=00000000 FB_ENABLED=00000000 REF_REQ=00000000 FB_REQ=00000000
DMTD_BOUNDARY_STATE: RAW=0C000002 REF_STATE=2 FB_STATE=0 REF_RESET=0 FB_RESET=0
DMTD_BOUNDARY_SAMPLE board=DE5 [1-11.2] sample=020 STATUS=4010C6C1215082CF
DMTD_BOUNDARY_CORE: CSR=01010000 STAT_CR=00000000 STAT_VAL=00000000 DEGLITCH_THR=000003E8 SAMPLED_REF=1338BFDD SAMPLED_FB=CD068B2D ACCEPT_REF=03248801 ACCEPT_FB=1338BFDD STAB_REF=0000 STAB_FB=0001
DMTD_BOUNDARY_ENABLE: RCER=00000001 OCER=03248801 EIC_IER=000002E8 EIC_IMR=000002E9 EIC_ISR=000002E8 TRR_CSR=00020000
DMTD_BOUNDARY_EVENT: REF=05578F40 FB=0547F6F2 REF_SEEN=E4202289 FB_SEEN=D5C4FF75 REF_LAST=26981E0F FB_LAST=26981E0F NOW=722FC42C
DMTD_BOUNDARY_TAG: SOURCE=09E2BB73 REF=05578F41 FB=0547F6F2 REF_LAST=26981E0F FB_LAST=00000000
DMTD_BOUNDARY_ARB: PENDING=00000000 GRANT=00000000 PENDING_LAST=26981E10 GRANT_LAST=00000000
DMTD_BOUNDARY_OUTPUT: VALID=00020000 TRR_WRITE=00000000 VALID_LAST=00000000 TRR_LAST=00000000
DMTD_BOUNDARY_GATE: REF_ENABLED=00000000 FB_ENABLED=00000000 REF_REQ_SET=00000000 FB_REQ_SET=00000000
DMTD_BOUNDARY_GATE_LAST: REF_ENABLED=00000000 FB_ENABLED=00000000 REF_REQ=00000000 FB_REQ=00000000
DMTD_BOUNDARY_STATE: RAW=0C000002 REF_STATE=2 FB_STATE=0 REF_RESET=0 FB_RESET=0
DMTD_BOUNDARY_SAMPLE board=DE5 [1-11.2] sample=021 STATUS=4010C6E131BC82CF
DMTD_BOUNDARY_CORE: CSR=01010000 STAT_CR=00000000 STAT_VAL=00000000 DEGLITCH_THR=000003E8 SAMPLED_REF=D48AF6A2 SAMPLED_FB=D064E1DF ACCEPT_REF=13E688A2 ACCEPT_FB=1338BFDD STAB_REF=0001 STAB_FB=0000
DMTD_BOUNDARY_ENABLE: RCER=00000001 OCER=03248801 EIC_IER=000002E8 EIC_IMR=000002E9 EIC_ISR=000002E9 TRR_CSR=00020000
DMTD_BOUNDARY_EVENT: REF=05578F40 FB=0547F6F2 REF_SEEN=C3282289 FB_SEEN=F844FF75 REF_LAST=26981E0F FB_LAST=26981E0F NOW=73E0D8F4
DMTD_BOUNDARY_TAG: SOURCE=09E2BB73 REF=09E2BB73 FB=0547F6F2 REF_LAST=26981E10 FB_LAST=26981E10
DMTD_BOUNDARY_ARB: PENDING=00000000 GRANT=00000000 PENDING_LAST=00000000 GRANT_LAST=00000000
DMTD_BOUNDARY_OUTPUT: VALID=00000000 TRR_WRITE=00000000 VALID_LAST=00000000 TRR_LAST=00000000
DMTD_BOUNDARY_GATE: REF_ENABLED=00000000 FB_ENABLED=00000000 REF_REQ_SET=00000000 FB_REQ_SET=00000000
DMTD_BOUNDARY_GATE_LAST: REF_ENABLED=00000000 FB_ENABLED=00000000 REF_REQ=00000000 FB_REQ=00000000
DMTD_BOUNDARY_STATE: RAW=00000000 REF_STATE=0 FB_STATE=0 REF_RESET=0 FB_RESET=0
DMTD_BOUNDARY_SAMPLE board=DE5 [1-11.2] sample=022 STATUS=4010C6C1215082CF
DMTD_BOUNDARY_CORE: CSR=01010000 STAT_CR=00000000 STAT_VAL=00000000 DEGLITCH_THR=430803E8 SAMPLED_REF=D7E8220B SAMPLED_FB=D3C03D1F ACCEPT_REF=13E688A2 ACCEPT_FB=1338BFDD STAB_REF=EFE5 STAB_FB=D3CA
DMTD_BOUNDARY_ENABLE: RCER=00000001 OCER=03248801 EIC_IER=430802E8 EIC_IMR=430802E9 EIC_ISR=430802E8 TRR_CSR=00020000
DMTD_BOUNDARY_EVENT: REF=05578F40 FB=0547F6F2 REF_SEEN=00000000 FB_SEEN=26E8FF75 REF_LAST=26981E0F FB_LAST=26981E0F NOW=00000000
DMTD_BOUNDARY_TAG: SOURCE=09E2BB73 REF=05578F41 FB=0547F6F2 REF_LAST=26981E0F FB_LAST=26981E10
DMTD_BOUNDARY_ARB: PENDING=00000000 GRANT=00000000 PENDING_LAST=00000000 GRANT_LAST=00000000
DMTD_BOUNDARY_OUTPUT: VALID=00000000 TRR_WRITE=00000000 VALID_LAST=00000000 TRR_LAST=00000000
DMTD_BOUNDARY_GATE: REF_ENABLED=00000000 FB_ENABLED=00000000 REF_REQ_SET=00000000 FB_REQ_SET=00000000
DMTD_BOUNDARY_GATE_LAST: REF_ENABLED=00000000 FB_ENABLED=00000000 REF_REQ=00000000 FB_REQ=00000000
DMTD_BOUNDARY_STATE: RAW=0C000002 REF_STATE=2 FB_STATE=0 REF_RESET=0 FB_RESET=0
DMTD_BOUNDARY_SAMPLE board=DE5 [1-11.2] sample=023 STATUS=4010C66131BC82CF
DMTD_BOUNDARY_CORE: CSR=01010000 STAT_CR=00000000 STAT_VAL=00000000 DEGLITCH_THR=000003E8 SAMPLED_REF=DB44115D SAMPLED_FB=D719DA12 ACCEPT_REF=13E688A2 ACCEPT_FB=13E688A2 STAB_REF=0001 STAB_FB=0000
DMTD_BOUNDARY_ENABLE: RCER=00000001 OCER=03248801 EIC_IER=000002E8 EIC_IMR=000002E9 EIC_ISR=000002E8 TRR_CSR=00020000
DMTD_BOUNDARY_EVENT: REF=05578F40 FB=0547F6F2 REF_SEEN=F3282289 FB_SEEN=F376FF75 REF_LAST=26981E0F FB_LAST=26981E0F NOW=26981E0F
DMTD_BOUNDARY_TAG: SOURCE=09E2BB73 REF=05578F41 FB=0547F6F2 REF_LAST=26981E10 FB_LAST=26981E10
DMTD_BOUNDARY_ARB: PENDING=00000000 GRANT=00000000 PENDING_LAST=00000000 GRANT_LAST=00000000
DMTD_BOUNDARY_OUTPUT: VALID=00020000 TRR_WRITE=00000000 VALID_LAST=00000000 TRR_LAST=00000000
DMTD_BOUNDARY_GATE: REF_ENABLED=00000000 FB_ENABLED=00000000 REF_REQ_SET=00000000 FB_REQ_SET=00000000
DMTD_BOUNDARY_GATE_LAST: REF_ENABLED=00000000 FB_ENABLED=00000000 REF_REQ=00000000 FB_REQ=00000000
DMTD_BOUNDARY_STATE: RAW=0C000002 REF_STATE=2 FB_STATE=0 REF_RESET=0 FB_RESET=0
DMTD_BOUNDARY_SAMPLE board=DE5 [1-11.2] sample=024 STATUS=4010C663215082EF
DMTD_BOUNDARY_CORE: CSR=01010000 STAT_CR=00000000 STAT_VAL=00000000 DEGLITCH_THR=000003E8 SAMPLED_REF=DEA29984 SAMPLED_FB=DA76736C ACCEPT_REF=13E688A2 ACCEPT_FB=1338BFDD STAB_REF=0000 STAB_FB=0000
DMTD_BOUNDARY_ENABLE: RCER=00000001 OCER=03248801 EIC_IER=000002E8 EIC_IMR=000002E9 EIC_ISR=000002E9 TRR_CSR=00020000
DMTD_BOUNDARY_EVENT: REF=05578F40 FB=0547F6F2 REF_SEEN=046E2289 FB_SEEN=3016FF75 REF_LAST=26981E0F FB_LAST=26981E0F NOW=78EEB12B
DMTD_BOUNDARY_TAG: SOURCE=09E2BB73 REF=05578F41 FB=0547F6F2 REF_LAST=26981E10 FB_LAST=00000000
DMTD_BOUNDARY_ARB: PENDING=00000000 GRANT=00000000 PENDING_LAST=00000000 GRANT_LAST=00000000
DMTD_BOUNDARY_OUTPUT: VALID=00000000 TRR_WRITE=00000000 VALID_LAST=00000000 TRR_LAST=00000000
DMTD_BOUNDARY_GATE: REF_ENABLED=00000000 FB_ENABLED=00000000 REF_REQ_SET=00000000 FB_REQ_SET=00000000
DMTD_BOUNDARY_GATE_LAST: REF_ENABLED=00000000 FB_ENABLED=00000000 REF_REQ=00000000 FB_REQ=00000000
DMTD_BOUNDARY_STATE: RAW=0C000002 REF_STATE=2 FB_STATE=0 REF_RESET=0 FB_RESET=0
DMTD_BOUNDARY_SAMPLE board=DE5 [1-11.2] sample=025 STATUS=4010C66131BC82CF
DMTD_BOUNDARY_CORE: CSR=01010000 STAT_CR=00000000 STAT_VAL=00000000 DEGLITCH_THR=000003E8 SAMPLED_REF=E205CA35 SAMPLED_FB=DDD78946 ACCEPT_REF=13E688A2 ACCEPT_FB=1338BFDD STAB_REF=0000 STAB_FB=0001
DMTD_BOUNDARY_ENABLE: RCER=00000001 OCER=03248801 EIC_IER=000002E8 EIC_IMR=000002E9 EIC_ISR=000002E9 TRR_CSR=00020000
DMTD_BOUNDARY_EVENT: REF=05578F40 FB=0547F6F2 REF_SEEN=0547F6F2 FB_SEEN=F2B6FF75 REF_LAST=7AA640D7 FB_LAST=26981E0F NOW=7AA0D67A
DMTD_BOUNDARY_TAG: SOURCE=09E2BB73 REF=05578F41 FB=0547F6F2 REF_LAST=26981E10 FB_LAST=26981E10
DMTD_BOUNDARY_ARB: PENDING=00000000 GRANT=00000000 PENDING_LAST=00000000 GRANT_LAST=00000000
DMTD_BOUNDARY_OUTPUT: VALID=00000000 TRR_WRITE=00000000 VALID_LAST=00000000 TRR_LAST=00000000
DMTD_BOUNDARY_GATE: REF_ENABLED=00000000 FB_ENABLED=00000000 REF_REQ_SET=00000000 FB_REQ_SET=00000000
DMTD_BOUNDARY_GATE_LAST: REF_ENABLED=00000000 FB_ENABLED=00000000 REF_REQ=00000000 FB_REQ=00000000
DMTD_BOUNDARY_STATE: RAW=0C000002 REF_STATE=2 FB_STATE=0 REF_RESET=0 FB_RESET=0
DMTD_BOUNDARY_SAMPLE board=DE5 [1-11.2] sample=026 STATUS=4010C66131BC82CF
DMTD_BOUNDARY_CORE: CSR=01010000 STAT_CR=00000000 STAT_VAL=00000000 DEGLITCH_THR=000003E8 SAMPLED_REF=E566EC99 SAMPLED_FB=E1366E05 ACCEPT_REF=13E688A2 ACCEPT_FB=1338BFDD STAB_REF=0000 STAB_FB=0000
DMTD_BOUNDARY_ENABLE: RCER=00000001 OCER=13E688A2 EIC_IER=000002E8 EIC_IMR=000002E9 EIC_ISR=000002E8 TRR_CSR=00020000
DMTD_BOUNDARY_EVENT: REF=05578F40 FB=0547F6F2 REF_SEEN=09802289 FB_SEEN=51F2FF75 REF_LAST=26981E0F FB_LAST=26981E0F NOW=7C523FCC
DMTD_BOUNDARY_TAG: SOURCE=09E2BB73 REF=05578F41 FB=0547F6F2 REF_LAST=26981E10 FB_LAST=00000000
DMTD_BOUNDARY_ARB: PENDING=00000000 GRANT=00000000 PENDING_LAST=00000000 GRANT_LAST=00000000
DMTD_BOUNDARY_OUTPUT: VALID=00000000 TRR_WRITE=00000000 VALID_LAST=00000000 TRR_LAST=00000000
DMTD_BOUNDARY_GATE: REF_ENABLED=00000000 FB_ENABLED=00000000 REF_REQ_SET=00000000 FB_REQ_SET=00000000
DMTD_BOUNDARY_GATE_LAST: REF_ENABLED=00000000 FB_ENABLED=00000000 REF_REQ=00000000 FB_REQ=00000000
DMTD_BOUNDARY_STATE: RAW=0C000002 REF_STATE=2 FB_STATE=0 REF_RESET=0 FB_RESET=0
DMTD_BOUNDARY_SAMPLE board=DE5 [1-11.2] sample=027 STATUS=4010C641211082CF
DMTD_BOUNDARY_CORE: CSR=01010000 STAT_CR=00000000 STAT_VAL=00000000 DEGLITCH_THR=000003E8 SAMPLED_REF=1338BFDD SAMPLED_FB=E497978C ACCEPT_REF=13E688A2 ACCEPT_FB=1338BFDD STAB_REF=0000 STAB_FB=0001
DMTD_BOUNDARY_ENABLE: RCER=00000001 OCER=03248801 EIC_IER=000002E8 EIC_IMR=000002E9 EIC_ISR=000002E9 TRR_CSR=00020000
DMTD_BOUNDARY_EVENT: REF=05578F40 FB=0547F6F2 REF_SEEN=B6C62289 FB_SEEN=FAF6FF75 REF_LAST=26981E0F FB_LAST=26981E0F NOW=7E048796
DMTD_BOUNDARY_TAG: SOURCE=09E2BB73 REF=05578F41 FB=0547F6F2 REF_LAST=26981E10 FB_LAST=26981E10
DMTD_BOUNDARY_ARB: PENDING=00000000 GRANT=00000000 PENDING_LAST=00000000 GRANT_LAST=00000000
DMTD_BOUNDARY_OUTPUT: VALID=00000000 TRR_WRITE=09E2BB73 VALID_LAST=00000000 TRR_LAST=00000000
DMTD_BOUNDARY_GATE: REF_ENABLED=00000000 FB_ENABLED=00000000 REF_REQ_SET=00000000 FB_REQ_SET=00000000
DMTD_BOUNDARY_GATE_LAST: REF_ENABLED=00000000 FB_ENABLED=00000000 REF_REQ=00000000 FB_REQ=00000000
DMTD_BOUNDARY_STATE: RAW=0C000002 REF_STATE=2 FB_STATE=0 REF_RESET=0 FB_RESET=0
DMTD_BOUNDARY_SAMPLE board=DE5 [1-11.2] sample=028 STATUS=4010C6E131BC82CF
DMTD_BOUNDARY_CORE: CSR=01010000 STAT_CR=00000000 STAT_VAL=00000000 DEGLITCH_THR=000003E8 SAMPLED_REF=EC291962 SAMPLED_FB=E7F4E1D8 ACCEPT_REF=13E688A2 ACCEPT_FB=EC1E5961 STAB_REF=0000 STAB_FB=0000
DMTD_BOUNDARY_ENABLE: RCER=00000001 OCER=03248801 EIC_IER=000002E8 EIC_IMR=000002E9 EIC_ISR=000002E8 TRR_CSR=00020000
DMTD_BOUNDARY_EVENT: REF=05578F40 FB=0547F6F2 REF_SEEN=9B882289 FB_SEEN=7F6CFF75 REF_LAST=26981E0F FB_LAST=26981E0F NOW=7FB4ADCB
DMTD_BOUNDARY_TAG: SOURCE=09E2BB73 REF=05578F41 FB=0547F6F2 REF_LAST=26981E10 FB_LAST=00000000
DMTD_BOUNDARY_ARB: PENDING=00000000 GRANT=00000000 PENDING_LAST=00000000 GRANT_LAST=00000000
DMTD_BOUNDARY_OUTPUT: VALID=00000000 TRR_WRITE=00000000 VALID_LAST=00000000 TRR_LAST=00000000
DMTD_BOUNDARY_GATE: REF_ENABLED=00000000 FB_ENABLED=00000000 REF_REQ_SET=00000000 FB_REQ_SET=00000000
DMTD_BOUNDARY_GATE_LAST: REF_ENABLED=00000000 FB_ENABLED=00000000 REF_REQ=00000000 FB_REQ=00000000
DMTD_BOUNDARY_STATE: RAW=0C000002 REF_STATE=2 FB_STATE=0 REF_RESET=0 FB_RESET=0
DMTD_BOUNDARY_SAMPLE board=DE5 [1-11.2] sample=029 STATUS=4010C66131FC82CF
DMTD_BOUNDARY_CORE: CSR=01010000 STAT_CR=00000000 STAT_VAL=00000000 DEGLITCH_THR=000003E8 SAMPLED_REF=EF89A807 SAMPLED_FB=EB5349E6 ACCEPT_REF=13E688A2 ACCEPT_FB=1338BFDD STAB_REF=0001 STAB_FB=0000
DMTD_BOUNDARY_ENABLE: RCER=00000001 OCER=03248801 EIC_IER=000002E8 EIC_IMR=000002E9 EIC_ISR=000002E8 TRR_CSR=00020000
DMTD_BOUNDARY_EVENT: REF=05578F40 FB=0547F6F2 REF_SEEN=C2FC2289 FB_SEEN=14EEFF75 REF_LAST=26981E0F FB_LAST=26981E0F NOW=8165ABA1
DMTD_BOUNDARY_TAG: SOURCE=09E2BB73 REF=05578F41 FB=0547F6F2 REF_LAST=26981E10 FB_LAST=26981E10
DMTD_BOUNDARY_ARB: PENDING=00000000 GRANT=00000000 PENDING_LAST=00000000 GRANT_LAST=00000000
DMTD_BOUNDARY_OUTPUT: VALID=00000000 TRR_WRITE=00000000 VALID_LAST=00000000 TRR_LAST=00000000
DMTD_BOUNDARY_GATE: REF_ENABLED=00000000 FB_ENABLED=00000000 REF_REQ_SET=00000000 FB_REQ_SET=00000000
DMTD_BOUNDARY_GATE_LAST: REF_ENABLED=00000000 FB_ENABLED=00000000 REF_REQ=00000000 FB_REQ=00000000
DMTD_BOUNDARY_STATE: RAW=0C000002 REF_STATE=2 FB_STATE=0 REF_RESET=0 FB_RESET=0
DMTD_BOUNDARY_SAMPLE board=DE5 [1-11.2] sample=030 STATUS=4010C643215082CF
DMTD_BOUNDARY_CORE: CSR=01010000 STAT_CR=00000000 STAT_VAL=00000000 DEGLITCH_THR=000003E8 SAMPLED_REF=F2E6C2DD SAMPLED_FB=EEAE8775 ACCEPT_REF=13E688A2 ACCEPT_FB=1338BFDD STAB_REF=0000 STAB_FB=0001
DMTD_BOUNDARY_ENABLE: RCER=00000001 OCER=03248801 EIC_IER=000002E8 EIC_IMR=000002E9 EIC_ISR=000002E8 TRR_CSR=00020000
DMTD_BOUNDARY_EVENT: REF=05578F40 FB=0547F6F2 REF_SEEN=EC502289 FB_SEEN=EC90FF75 REF_LAST=26981E0F FB_LAST=26981E0F NOW=83153B7A
DMTD_BOUNDARY_TAG: SOURCE=09E2BB73 REF=05578F41 FB=0547F6F2 REF_LAST=26981E10 FB_LAST=26981E10
DMTD_BOUNDARY_ARB: PENDING=00000000 GRANT=00000000 PENDING_LAST=26981E10 GRANT_LAST=00000000
DMTD_BOUNDARY_OUTPUT: VALID=00000000 TRR_WRITE=00000000 VALID_LAST=00000000 TRR_LAST=00000000
DMTD_BOUNDARY_GATE: REF_ENABLED=00000000 FB_ENABLED=00000000 REF_REQ_SET=00000000 FB_REQ_SET=00000000
DMTD_BOUNDARY_GATE_LAST: REF_ENABLED=00000000 FB_ENABLED=00000000 REF_REQ=00000000 FB_REQ=00000000
DMTD_BOUNDARY_STATE: RAW=0C000002 REF_STATE=2 FB_STATE=0 REF_RESET=0 FB_RESET=0
DMTD_BOUNDARY_SAMPLE board=DE5 [1-11.2] sample=031 STATUS=4010C641215082EF
DMTD_BOUNDARY_CORE: CSR=01010000 STAT_CR=00000000 STAT_VAL=00000000 DEGLITCH_THR=000003E8 SAMPLED_REF=F6441C3D SAMPLED_FB=00010001 ACCEPT_REF=13E688A2 ACCEPT_FB=1338BFDD STAB_REF=0001 STAB_FB=0001
DMTD_BOUNDARY_ENABLE: RCER=00000001 OCER=03248801 EIC_IER=000002E8 EIC_IMR=000002E9 EIC_ISR=000002E8 TRR_CSR=00020000
DMTD_BOUNDARY_EVENT: REF=05578F40 FB=0547F6F2 REF_SEEN=81B22289 FB_SEEN=DA10FF75 REF_LAST=26981E0F FB_LAST=26981E0F NOW=84C5CA38
DMTD_BOUNDARY_TAG: SOURCE=09E2BB73 REF=05578F41 FB=0547F6F2 REF_LAST=26981E10 FB_LAST=26981E10
DMTD_BOUNDARY_ARB: PENDING=00000000 GRANT=00000000 PENDING_LAST=00000000 GRANT_LAST=00000000
DMTD_BOUNDARY_OUTPUT: VALID=00000000 TRR_WRITE=00000000 VALID_LAST=00000000 TRR_LAST=0C000002
DMTD_BOUNDARY_GATE: REF_ENABLED=00000000 FB_ENABLED=00000000 REF_REQ_SET=00000000 FB_REQ_SET=00000000
DMTD_BOUNDARY_GATE_LAST: REF_ENABLED=00000000 FB_ENABLED=00000000 REF_REQ=00000000 FB_REQ=00000000
DMTD_BOUNDARY_STATE: RAW=0C000002 REF_STATE=2 FB_STATE=0 REF_RESET=0 FB_RESET=0
DMTD_BOUNDARY_SAMPLE board=DE5 [1-11.2] sample=032 STATUS=4010C641215082CF
DMTD_BOUNDARY_CORE: CSR=01010000 STAT_CR=01010000 STAT_VAL=00000000 DEGLITCH_THR=000403E8 SAMPLED_REF=F9A39928 SAMPLED_FB=F5680AA3 ACCEPT_REF=13E688A2 ACCEPT_FB=1338BFDD STAB_REF=0001 STAB_FB=0004
DMTD_BOUNDARY_ENABLE: RCER=00000001 OCER=03248801 EIC_IER=000402E8 EIC_IMR=000402E9 EIC_ISR=000402E9 TRR_CSR=FC40FF75
DMTD_BOUNDARY_EVENT: REF=05578F40 FB=0547F6F2 REF_SEEN=60F62289 FB_SEEN=B108FF75 REF_LAST=26981E0F FB_LAST=26981E0F NOW=8675A334
DMTD_BOUNDARY_TAG: SOURCE=09E2BB73 REF=05578F41 FB=0547F6F2 REF_LAST=26981E10 FB_LAST=26981E10
DMTD_BOUNDARY_ARB: PENDING=00000000 GRANT=00000000 PENDING_LAST=00000000 GRANT_LAST=00000000
DMTD_BOUNDARY_OUTPUT: VALID=00000000 TRR_WRITE=00000000 VALID_LAST=00000000 TRR_LAST=00000000
DMTD_BOUNDARY_GATE: REF_ENABLED=00000000 FB_ENABLED=00000000 REF_REQ_SET=00000000 FB_REQ_SET=00000000
DMTD_BOUNDARY_GATE_LAST: REF_ENABLED=00000000 FB_ENABLED=00000000 REF_REQ=00000000 FB_REQ=00000000
DMTD_BOUNDARY_STATE: RAW=0C000002 REF_STATE=2 FB_STATE=0 REF_RESET=0 FB_RESET=0
DMTD_BOUNDARY_SAMPLE board=DE5 [1-11.2] sample=033 STATUS=4010C6C1215082CF
DMTD_BOUNDARY_CORE: CSR=01010000 STAT_CR=00000000 STAT_VAL=00000000 DEGLITCH_THR=000003E8 SAMPLED_REF=1338BFDD SAMPLED_FB=FD0BA026 ACCEPT_REF=13E688A2 ACCEPT_FB=1338BFDD STAB_REF=0000 STAB_FB=0000
DMTD_BOUNDARY_ENABLE: RCER=00000001 OCER=03248801 EIC_IER=000002E8 EIC_IMR=000002E9 EIC_ISR=000002E8 TRR_CSR=00020000
DMTD_BOUNDARY_EVENT: REF=05578F40 FB=0547F6F2 REF_SEEN=39B02289 FB_SEEN=C832FF75 REF_LAST=26981E0F FB_LAST=26981E0F NOW=88254680
DMTD_BOUNDARY_TAG: SOURCE=09E2BB73 REF=05578F41 FB=0547F6F2 REF_LAST=26981E10 FB_LAST=26981E10
DMTD_BOUNDARY_ARB: PENDING=4BE4FF75 GRANT=00000000 PENDING_LAST=00000000 GRANT_LAST=00000000
DMTD_BOUNDARY_OUTPUT: VALID=00000000 TRR_WRITE=00000000 VALID_LAST=00000000 TRR_LAST=00000000
DMTD_BOUNDARY_GATE: REF_ENABLED=00000000 FB_ENABLED=00000000 REF_REQ_SET=00000000 FB_REQ_SET=00000000
DMTD_BOUNDARY_GATE_LAST: REF_ENABLED=00000000 FB_ENABLED=00000000 REF_REQ=00000000 FB_REQ=00000000
DMTD_BOUNDARY_STATE: RAW=0C000002 REF_STATE=2 FB_STATE=0 REF_RESET=0 FB_RESET=0
DMTD_BOUNDARY_SAMPLE board=DE5 [1-11.2] sample=034 STATUS=4010C66131BC82CF
DMTD_BOUNDARY_CORE: CSR=01010000 STAT_CR=00000000 STAT_VAL=00000000 DEGLITCH_THR=6C2803E8 SAMPLED_REF=00606484 SAMPLED_FB=FC20E5E7 ACCEPT_REF=13E688A2 ACCEPT_FB=1338BFDD STAB_REF=BDD5 STAB_FB=FC2B
DMTD_BOUNDARY_ENABLE: RCER=00000001 OCER=03248801 EIC_IER=6C2802E8 EIC_IMR=6C2802E9 EIC_ISR=6C2802E8 TRR_CSR=6C2802E8
DMTD_BOUNDARY_EVENT: REF=05578F40 FB=05578F40 REF_SEEN=7A262289 FB_SEEN=9A5CFF75 REF_LAST=26981E0F FB_LAST=26981E0F NOW=89D5D6EA
DMTD_BOUNDARY_TAG: SOURCE=09E2BB73 REF=05578F41 FB=05578F41 REF_LAST=26981E10 FB_LAST=00000000
DMTD_BOUNDARY_ARB: PENDING=00000000 GRANT=00000000 PENDING_LAST=26981E10 GRANT_LAST=00000000
DMTD_BOUNDARY_OUTPUT: VALID=00000000 TRR_WRITE=00000000 VALID_LAST=00000000 TRR_LAST=00000000
DMTD_BOUNDARY_GATE: REF_ENABLED=00000000 FB_ENABLED=00000000 REF_REQ_SET=00000000 FB_REQ_SET=00000000
DMTD_BOUNDARY_GATE_LAST: REF_ENABLED=00000000 FB_ENABLED=00000000 REF_REQ=00000000 FB_REQ=00000000
DMTD_BOUNDARY_STATE: RAW=0C000002 REF_STATE=2 FB_STATE=0 REF_RESET=0 FB_RESET=0
DMTD_BOUNDARY_SAMPLE board=DE5 [1-11.2] sample=035 STATUS=4010C66131BC82CF
DMTD_BOUNDARY_CORE: CSR=01010000 STAT_CR=00000000 STAT_VAL=00000000 DEGLITCH_THR=000003E8 SAMPLED_REF=03BE9298 SAMPLED_FB=FF7CC8AE ACCEPT_REF=13E688A2 ACCEPT_FB=1338BFDD STAB_REF=0000 STAB_FB=0001
DMTD_BOUNDARY_ENABLE: RCER=00000001 OCER=03248801 EIC_IER=000002E8 EIC_IMR=000002E9 EIC_ISR=000002E9 TRR_CSR=00020000
DMTD_BOUNDARY_EVENT: REF=05578F40 FB=0547F6F2 REF_SEEN=71F22289 FB_SEEN=3E6EFF75 REF_LAST=26981E0F FB_LAST=26981E10 NOW=26981E0F
DMTD_BOUNDARY_TAG: SOURCE=09E2BB73 REF=05578F41 FB=0547F6F2 REF_LAST=26981E10 FB_LAST=26981E10
DMTD_BOUNDARY_ARB: PENDING=00000000 GRANT=00000000 PENDING_LAST=00000000 GRANT_LAST=00000000
DMTD_BOUNDARY_OUTPUT: VALID=00000000 TRR_WRITE=09E2BB73 VALID_LAST=00000000 TRR_LAST=00000000
DMTD_BOUNDARY_GATE: REF_ENABLED=00000000 FB_ENABLED=00000000 REF_REQ_SET=00000000 FB_REQ_SET=00000000
DMTD_BOUNDARY_GATE_LAST: REF_ENABLED=00000000 FB_ENABLED=00000000 REF_REQ=00000000 FB_REQ=00000000
DMTD_BOUNDARY_STATE: RAW=0C000002 REF_STATE=2 FB_STATE=0 REF_RESET=0 FB_RESET=0
DMTD_BOUNDARY_SAMPLE board=DE5 [1-11.2] sample=036 STATUS=4010C66131FC82CF
DMTD_BOUNDARY_CORE: CSR=01010000 STAT_CR=00000000 STAT_VAL=00000000 DEGLITCH_THR=000003E8 SAMPLED_REF=1338BFDD SAMPLED_FB=02D95B5A ACCEPT_REF=13E688A2 ACCEPT_FB=1338BFDD STAB_REF=0001 STAB_FB=0001
DMTD_BOUNDARY_ENABLE: RCER=00000001 OCER=03248801 EIC_IER=000002E8 EIC_IMR=000002E9 EIC_ISR=000002E9 TRR_CSR=00020000
DMTD_BOUNDARY_EVENT: REF=05578F40 FB=0547F6F2 REF_SEEN=069E2289 FB_SEEN=584EFF75 REF_LAST=8D3B0DA5 FB_LAST=26981E0F NOW=00000000
DMTD_BOUNDARY_TAG: SOURCE=09E2BB73 REF=05578F41 FB=0547F6F2 REF_LAST=26981E10 FB_LAST=00000000
DMTD_BOUNDARY_ARB: PENDING=00000000 GRANT=00000000 PENDING_LAST=00000000 GRANT_LAST=00000000
DMTD_BOUNDARY_OUTPUT: VALID=00000000 TRR_WRITE=09E2BB73 VALID_LAST=00000000 TRR_LAST=00000000
DMTD_BOUNDARY_GATE: REF_ENABLED=00000000 FB_ENABLED=00000000 REF_REQ_SET=00000000 FB_REQ_SET=00000000
DMTD_BOUNDARY_GATE_LAST: REF_ENABLED=00000000 FB_ENABLED=00000000 REF_REQ=00000000 FB_REQ=00000000
DMTD_BOUNDARY_STATE: RAW=0C000002 REF_STATE=2 FB_STATE=0 REF_RESET=0 FB_RESET=0
DMTD_BOUNDARY_SAMPLE board=DE5 [1-11.2] sample=037 STATUS=4010C6E131BC82CF
DMTD_BOUNDARY_CORE: CSR=01010000 STAT_CR=00000000 STAT_VAL=00000000 DEGLITCH_THR=000003E8 SAMPLED_REF=1338BFDD SAMPLED_FB=063445E6 ACCEPT_REF=03248801 ACCEPT_FB=1338BFDD STAB_REF=0001 STAB_FB=0001
DMTD_BOUNDARY_ENABLE: RCER=00000001 OCER=03248801 EIC_IER=000002E8 EIC_IMR=000002E9 EIC_ISR=000002E8 TRR_CSR=00020000
DMTD_BOUNDARY_EVENT: REF=05578F40 FB=0547F6F2 REF_SEEN=FB262289 FB_SEEN=1F9AFF75 REF_LAST=26981E0F FB_LAST=26981E0F NOW=00000000
DMTD_BOUNDARY_TAG: SOURCE=09E2BB73 REF=05578F41 FB=0547F6F2 REF_LAST=26981E10 FB_LAST=26981E10
DMTD_BOUNDARY_ARB: PENDING=00000000 GRANT=00000000 PENDING_LAST=00000000 GRANT_LAST=00000000
DMTD_BOUNDARY_OUTPUT: VALID=00000000 TRR_WRITE=09E2BB73 VALID_LAST=00000000 TRR_LAST=00000000
DMTD_BOUNDARY_GATE: REF_ENABLED=00000000 FB_ENABLED=00000000 REF_REQ_SET=00000000 FB_REQ_SET=00000000
DMTD_BOUNDARY_GATE_LAST: REF_ENABLED=00000000 FB_ENABLED=00000000 REF_REQ=00000000 FB_REQ=00000000
DMTD_BOUNDARY_STATE: RAW=00000000 REF_STATE=0 FB_STATE=0 REF_RESET=0 FB_RESET=0
DMTD_BOUNDARY_SAMPLE board=DE5 [1-11.2] sample=038 STATUS=4010C66331BC82CF
DMTD_BOUNDARY_CORE: CSR=01010000 STAT_CR=00000000 STAT_VAL=00000000 DEGLITCH_THR=000003E8 SAMPLED_REF=0DD9FDA1 SAMPLED_FB=099227E6 ACCEPT_REF=13E688A2 ACCEPT_FB=1338BFDD STAB_REF=0001 STAB_FB=0000
DMTD_BOUNDARY_ENABLE: RCER=00000001 OCER=03248801 EIC_IER=000002E8 EIC_IMR=000002E9 EIC_ISR=000002E8 TRR_CSR=32E2FF75
DMTD_BOUNDARY_EVENT: REF=05578F40 FB=0547F6F2 REF_SEEN=51FA2289 FB_SEEN=8F9AFF75 REF_LAST=26981E0F FB_LAST=26981E0F NOW=9095B461
DMTD_BOUNDARY_TAG: SOURCE=09E2BB73 REF=05578F41 FB=0547F6F2 REF_LAST=26981E10 FB_LAST=26981E10
DMTD_BOUNDARY_ARB: PENDING=00000000 GRANT=00000000 PENDING_LAST=00000000 GRANT_LAST=00000000
DMTD_BOUNDARY_OUTPUT: VALID=00000000 TRR_WRITE=00000000 VALID_LAST=00000000 TRR_LAST=00000000
DMTD_BOUNDARY_GATE: REF_ENABLED=00000000 FB_ENABLED=00000000 REF_REQ_SET=00000000 FB_REQ_SET=00000000
DMTD_BOUNDARY_GATE_LAST: REF_ENABLED=00000000 FB_ENABLED=00000000 REF_REQ=00000000 FB_REQ=00000000
DMTD_BOUNDARY_STATE: RAW=0C000002 REF_STATE=2 FB_STATE=0 REF_RESET=0 FB_RESET=0
DMTD_BOUNDARY_SAMPLE board=DE5 [1-11.2] sample=039 STATUS=4010C6C1215082CF
DMTD_BOUNDARY_CORE: CSR=00000000 STAT_CR=00000000 STAT_VAL=00000000 DEGLITCH_THR=0C3403E8 SAMPLED_REF=11368B75 SAMPLED_FB=0CEC5A5D ACCEPT_REF=13E688A2 ACCEPT_FB=1338BFDD STAB_REF=2A34 STAB_FB=0CF7
DMTD_BOUNDARY_ENABLE: RCER=00000001 OCER=03248801 EIC_IER=0C3402E8 EIC_IMR=0C3402E9 EIC_ISR=0C3402E8 TRR_CSR=00020000
DMTD_BOUNDARY_EVENT: REF=05578F40 FB=0547F6F2 REF_SEEN=00000000 FB_SEEN=F6462289 REF_LAST=26981E0F FB_LAST=26981E0F NOW=9244BE52
DMTD_BOUNDARY_TAG: SOURCE=00000000 REF=05578F41 FB=05578F41 REF_LAST=26981E10 FB_LAST=26981E10
DMTD_BOUNDARY_ARB: PENDING=00000000 GRANT=00000000 PENDING_LAST=00000000 GRANT_LAST=00000000
DMTD_BOUNDARY_OUTPUT: VALID=00000000 TRR_WRITE=00000000 VALID_LAST=00000000 TRR_LAST=00000000
DMTD_BOUNDARY_GATE: REF_ENABLED=00000000 FB_ENABLED=00000000 REF_REQ_SET=00000000 FB_REQ_SET=00000000
DMTD_BOUNDARY_GATE_LAST: REF_ENABLED=00000000 FB_ENABLED=00000000 REF_REQ=00000000 FB_REQ=00000000
DMTD_BOUNDARY_STATE: RAW=0C000002 REF_STATE=2 FB_STATE=0 REF_RESET=0 FB_RESET=0
DMTD_BOUNDARY_SAMPLE board=DE5 [1-11.2] sample=040 STATUS=4010C66131FC82CF
DMTD_BOUNDARY_CORE: CSR=01010000 STAT_CR=00000000 STAT_VAL=00000000 DEGLITCH_THR=000003E8 SAMPLED_REF=14935AA4 SAMPLED_FB=10472506 ACCEPT_REF=13E688A2 ACCEPT_FB=1338BFDD STAB_REF=0000 STAB_FB=0000
DMTD_BOUNDARY_ENABLE: RCER=00000001 OCER=03248801 EIC_IER=000002E8 EIC_IMR=000002E9 EIC_ISR=000002E8 TRR_CSR=00020000
DMTD_BOUNDARY_EVENT: REF=05578F40 FB=05578F40 REF_SEEN=39A22289 FB_SEEN=C4362289 REF_LAST=26981E0F FB_LAST=26981E0F NOW=93F3FB21
DMTD_BOUNDARY_TAG: SOURCE=09E2BB73 REF=0547F6F2 FB=0547F6F2 REF_LAST=26981E10 FB_LAST=26981E10
DMTD_BOUNDARY_ARB: PENDING=00000000 GRANT=00000000 PENDING_LAST=00000000 GRANT_LAST=00000000
DMTD_BOUNDARY_OUTPUT: VALID=00000000 TRR_WRITE=09E2BB73 VALID_LAST=00000000 TRR_LAST=00000000
DMTD_BOUNDARY_GATE: REF_ENABLED=00000000 FB_ENABLED=00000000 REF_REQ_SET=00000000 FB_REQ_SET=00000000
DMTD_BOUNDARY_GATE_LAST: REF_ENABLED=00000000 FB_ENABLED=00000000 REF_REQ=00000000 FB_REQ=00000000
DMTD_BOUNDARY_STATE: RAW=0C000002 REF_STATE=2 FB_STATE=0 REF_RESET=0 FB_RESET=0
DMTD_BOUNDARY_SAMPLE board=DE5 [1-11.2] sample=041 STATUS=4010C6C1215082CF
DMTD_BOUNDARY_CORE: CSR=01010000 STAT_CR=00000000 STAT_VAL=00000000 DEGLITCH_THR=000003E8 SAMPLED_REF=1338BFDD SAMPLED_FB=13A26272 ACCEPT_REF=13E688A2 ACCEPT_FB=1338BFDD STAB_REF=0000 STAB_FB=0001
DMTD_BOUNDARY_ENABLE: RCER=00000001 OCER=13E688A2 EIC_IER=000002E8 EIC_IMR=000002E9 EIC_ISR=000002E8 TRR_CSR=000002E8
DMTD_BOUNDARY_EVENT: REF=05578F40 FB=0547F6F2 REF_SEEN=00000000 FB_SEEN=54ECFF75 REF_LAST=26981E0F FB_LAST=26981E0F NOW=95A35FCA
DMTD_BOUNDARY_TAG: SOURCE=09E2BB73 REF=05578F41 FB=0547F6F2 REF_LAST=26981E0F FB_LAST=26981E10
DMTD_BOUNDARY_ARB: PENDING=00000000 GRANT=00000000 PENDING_LAST=00000000 GRANT_LAST=00000000
DMTD_BOUNDARY_OUTPUT: VALID=00000000 TRR_WRITE=00000000 VALID_LAST=00000000 TRR_LAST=00000000
DMTD_BOUNDARY_GATE: REF_ENABLED=00000000 FB_ENABLED=00000000 REF_REQ_SET=00000000 FB_REQ_SET=00000000
DMTD_BOUNDARY_GATE_LAST: REF_ENABLED=00000000 FB_ENABLED=00000000 REF_REQ=00000000 FB_REQ=00000000
DMTD_BOUNDARY_STATE: RAW=0C000002 REF_STATE=2 FB_STATE=0 REF_RESET=0 FB_RESET=0
DMTD_BOUNDARY_SAMPLE board=DE5 [1-11.2] sample=042 STATUS=4010C6C131BC82CF
DMTD_BOUNDARY_CORE: CSR=01010000 STAT_CR=00000000 STAT_VAL=00000000 DEGLITCH_THR=000003E8 SAMPLED_REF=1B4EB169 SAMPLED_FB=16FE3B51 ACCEPT_REF=13E688A2 ACCEPT_FB=1338BFDD STAB_REF=0001 STAB_FB=0001
DMTD_BOUNDARY_ENABLE: RCER=00000001 OCER=03248801 EIC_IER=000002E8 EIC_IMR=000002E8 EIC_ISR=000002E8 TRR_CSR=7B2EFF75
DMTD_BOUNDARY_EVENT: REF=05578F40 FB=0547F6F2 REF_SEEN=72522289 FB_SEEN=01942289 REF_LAST=26981E0F FB_LAST=26981E0F NOW=97542D6E
DMTD_BOUNDARY_TAG: SOURCE=09E2BB73 REF=05578F41 FB=0547F6F2 REF_LAST=26981E10 FB_LAST=26981E10
DMTD_BOUNDARY_ARB: PENDING=00000000 GRANT=00000000 PENDING_LAST=00000000 GRANT_LAST=00000000
DMTD_BOUNDARY_OUTPUT: VALID=00000000 TRR_WRITE=00000000 VALID_LAST=00000000 TRR_LAST=00000000
DMTD_BOUNDARY_GATE: REF_ENABLED=00000000 FB_ENABLED=00000000 REF_REQ_SET=00000000 FB_REQ_SET=00000000
DMTD_BOUNDARY_GATE_LAST: REF_ENABLED=00000000 FB_ENABLED=00000000 REF_REQ=00000000 FB_REQ=00000000
DMTD_BOUNDARY_STATE: RAW=0C000002 REF_STATE=2 FB_STATE=0 REF_RESET=0 FB_RESET=0
DMTD_BOUNDARY_SAMPLE board=DE5 [1-11.2] sample=043 STATUS=4010C641215082CF
DMTD_BOUNDARY_CORE: CSR=01010000 STAT_CR=00000000 STAT_VAL=00000000 DEGLITCH_THR=000003E8 SAMPLED_REF=1338BFDD SAMPLED_FB=1EB87117 ACCEPT_REF=13E688A2 ACCEPT_FB=1338BFDD STAB_REF=0000 STAB_FB=0000
DMTD_BOUNDARY_ENABLE: RCER=00000001 OCER=13E688A2 EIC_IER=000002E8 EIC_IMR=000002E8 EIC_ISR=000002E8 TRR_CSR=1418FF75
DMTD_BOUNDARY_EVENT: REF=05578F40 FB=0547F6F2 REF_SEEN=CABE2289 FB_SEEN=FE1AFF75 REF_LAST=26981E0F FB_LAST=26981E0F NOW=26981E0F
DMTD_BOUNDARY_TAG: SOURCE=09E2BB73 REF=05578F41 FB=0547F6F2 REF_LAST=26981E10 FB_LAST=26981E10
DMTD_BOUNDARY_ARB: PENDING=00000000 GRANT=00000000 PENDING_LAST=00000000 GRANT_LAST=00000000
DMTD_BOUNDARY_OUTPUT: VALID=00000000 TRR_WRITE=00000000 VALID_LAST=00000000 TRR_LAST=00000000
DMTD_BOUNDARY_GATE: REF_ENABLED=00000000 FB_ENABLED=00000000 REF_REQ_SET=00000000 FB_REQ_SET=00000000
DMTD_BOUNDARY_GATE_LAST: REF_ENABLED=00000000 FB_ENABLED=00000000 REF_REQ=00000000 FB_REQ=00000000
DMTD_BOUNDARY_STATE: RAW=0C000002 REF_STATE=2 FB_STATE=0 REF_RESET=0 FB_RESET=0
DMTD_BOUNDARY_SAMPLE board=DE5 [1-11.2] sample=044 STATUS=4010C66331BC82EF
DMTD_BOUNDARY_CORE: CSR=01010000 STAT_CR=00000000 STAT_VAL=00000000 DEGLITCH_THR=000003E8 SAMPLED_REF=220C1D09 SAMPLED_FB=1DB81D9E ACCEPT_REF=13E688A2 ACCEPT_FB=1338BFDD STAB_REF=0001 STAB_FB=0000
DMTD_BOUNDARY_ENABLE: RCER=00000001 OCER=00000001 EIC_IER=000002E8 EIC_IMR=000002E9 EIC_ISR=000002E8 TRR_CSR=00020000
DMTD_BOUNDARY_EVENT: REF=0547F6F2 FB=0547F6F2 REF_SEEN=C05C2289 FB_SEEN=121EFF75 REF_LAST=26981E0F FB_LAST=26981E0F NOW=9AB3DC31
DMTD_BOUNDARY_TAG: SOURCE=09E2BB73 REF=09E2BB73 FB=0547F6F2 REF_LAST=26981E10 FB_LAST=26981E10
DMTD_BOUNDARY_ARB: PENDING=00000000 GRANT=00000000 PENDING_LAST=00000000 GRANT_LAST=00000000
DMTD_BOUNDARY_OUTPUT: VALID=00000000 TRR_WRITE=00000000 VALID_LAST=00000000 TRR_LAST=00000000
DMTD_BOUNDARY_GATE: REF_ENABLED=00000000 FB_ENABLED=00000000 REF_REQ_SET=00000000 FB_REQ_SET=00000000
DMTD_BOUNDARY_GATE_LAST: REF_ENABLED=00000000 FB_ENABLED=00000000 REF_REQ=00000000 FB_REQ=00000000
DMTD_BOUNDARY_STATE: RAW=0C000002 REF_STATE=2 FB_STATE=0 REF_RESET=0 FB_RESET=0
DMTD_BOUNDARY_SAMPLE board=DE5 [1-11.2] sample=045 STATUS=4010C66131BC82CF
DMTD_BOUNDARY_CORE: CSR=00000000 STAT_CR=00000000 STAT_VAL=00000000 DEGLITCH_THR=000003E8 SAMPLED_REF=256C5108 SAMPLED_FB=21167584 ACCEPT_REF=03248801 ACCEPT_FB=1338BFDD STAB_REF=0000 STAB_FB=0000
DMTD_BOUNDARY_ENABLE: RCER=00000001 OCER=03248801 EIC_IER=000002E8 EIC_IMR=000002E9 EIC_ISR=000002E8 TRR_CSR=F284FF75
DMTD_BOUNDARY_EVENT: REF=05578F40 FB=05578F40 REF_SEEN=DFFA2289 FB_SEEN=4E4CFF75 REF_LAST=26981E0F FB_LAST=26981E0F NOW=9C64CC5D
DMTD_BOUNDARY_TAG: SOURCE=09E2BB73 REF=05578F41 FB=0547F6F2 REF_LAST=26981E10 FB_LAST=26981E10
DMTD_BOUNDARY_ARB: PENDING=00000000 GRANT=00000000 PENDING_LAST=00000000 GRANT_LAST=00000000
DMTD_BOUNDARY_OUTPUT: VALID=00000000 TRR_WRITE=09E2BB73 VALID_LAST=00000000 TRR_LAST=00000000
DMTD_BOUNDARY_GATE: REF_ENABLED=00000000 FB_ENABLED=00000000 REF_REQ_SET=00000000 FB_REQ_SET=00000000
DMTD_BOUNDARY_GATE_LAST: REF_ENABLED=00000000 FB_ENABLED=00000000 REF_REQ=00000000 FB_REQ=00000000
DMTD_BOUNDARY_STATE: RAW=0C000002 REF_STATE=2 FB_STATE=0 REF_RESET=0 FB_RESET=0
DMTD_BOUNDARY_SAMPLE board=DE5 [1-11.2] sample=046 STATUS=4010C66131BC82CF
DMTD_BOUNDARY_CORE: CSR=01010000 STAT_CR=00000000 STAT_VAL=00000000 DEGLITCH_THR=00010001 SAMPLED_REF=28CAA6CE SAMPLED_FB=24729430 ACCEPT_REF=13E688A2 ACCEPT_FB=1338BFDD STAB_REF=0001 STAB_FB=0001
DMTD_BOUNDARY_ENABLE: RCER=00000001 OCER=13E688A2 EIC_IER=00000000 EIC_IMR=00000001 EIC_ISR=00000000 TRR_CSR=00020000
DMTD_BOUNDARY_EVENT: REF=05578F40 FB=0547F6F2 REF_SEEN=7E522289 FB_SEEN=89B6FF75 REF_LAST=26981E0F FB_LAST=26981E0F NOW=9E14A597
DMTD_BOUNDARY_TAG: SOURCE=09E2BB73 REF=05578F41 FB=0547F6F2 REF_LAST=26981E0F FB_LAST=26981E10
DMTD_BOUNDARY_ARB: PENDING=00000000 GRANT=00000000 PENDING_LAST=00000000 GRANT_LAST=00000000
DMTD_BOUNDARY_OUTPUT: VALID=00000000 TRR_WRITE=00000000 VALID_LAST=00000000 TRR_LAST=00000000
DMTD_BOUNDARY_GATE: REF_ENABLED=00000000 FB_ENABLED=00000000 REF_REQ_SET=00000000 FB_REQ_SET=00000000
DMTD_BOUNDARY_GATE_LAST: REF_ENABLED=00000000 FB_ENABLED=00000000 REF_REQ=00000000 FB_REQ=00000000
DMTD_BOUNDARY_STATE: RAW=0C000002 REF_STATE=2 FB_STATE=0 REF_RESET=0 FB_RESET=0
DMTD_BOUNDARY_SAMPLE board=DE5 [1-11.2] sample=047 STATUS=4010C641215082CF
DMTD_BOUNDARY_CORE: CSR=01010000 STAT_CR=00000000 STAT_VAL=00000000 DEGLITCH_THR=000003E8 SAMPLED_REF=2C2A558B SAMPLED_FB=27D06FF0 ACCEPT_REF=13E688A2 ACCEPT_FB=1338BFDD STAB_REF=0001 STAB_FB=0001
DMTD_BOUNDARY_ENABLE: RCER=00000001 OCER=03248801 EIC_IER=000002E8 EIC_IMR=000002E9 EIC_ISR=000002E9 TRR_CSR=00020000
DMTD_BOUNDARY_EVENT: REF=05578F40 FB=0547F6F2 REF_SEEN=E72A2289 FB_SEEN=42ECFF75 REF_LAST=26981E0F FB_LAST=26981E0F NOW=9FC5B81E
DMTD_BOUNDARY_TAG: SOURCE=09E2BB73 REF=09E2BB73 FB=0547F6F2 REF_LAST=26981E10 FB_LAST=26981E10
DMTD_BOUNDARY_ARB: PENDING=00000000 GRANT=00000000 PENDING_LAST=00000000 GRANT_LAST=00000000
DMTD_BOUNDARY_OUTPUT: VALID=00000000 TRR_WRITE=00000000 VALID_LAST=00000000 TRR_LAST=00000000
DMTD_BOUNDARY_GATE: REF_ENABLED=00000000 FB_ENABLED=00000000 REF_REQ_SET=00000000 FB_REQ_SET=00000000
DMTD_BOUNDARY_GATE_LAST: REF_ENABLED=00000000 FB_ENABLED=00000000 REF_REQ=00000000 FB_REQ=00000000
DMTD_BOUNDARY_STATE: RAW=0C000002 REF_STATE=2 FB_STATE=0 REF_RESET=0 FB_RESET=0
DMTD_BOUNDARY_SAMPLE board=DE5 [1-11.2] sample=048 STATUS=4010C6C3215082CF
DMTD_BOUNDARY_CORE: CSR=01010000 STAT_CR=00000000 STAT_VAL=00000000 DEGLITCH_THR=000003E8 SAMPLED_REF=2F88D251 SAMPLED_FB=2B2CA001 ACCEPT_REF=13E688A2 ACCEPT_FB=1338BFDD STAB_REF=0001 STAB_FB=0001
DMTD_BOUNDARY_ENABLE: RCER=00000001 OCER=03248801 EIC_IER=000002E8 EIC_IMR=000002E9 EIC_ISR=000002E8 TRR_CSR=00020000
DMTD_BOUNDARY_EVENT: REF=05578F40 FB=0547F6F2 REF_SEEN=23C82289 FB_SEEN=F044FF75 REF_LAST=26981E0F FB_LAST=26981E0F NOW=A1757796
DMTD_BOUNDARY_TAG: SOURCE=09E2BB73 REF=09E2BB73 FB=0547F6F2 REF_LAST=26981E10 FB_LAST=26981E10
DMTD_BOUNDARY_ARB: PENDING=00000000 GRANT=00000000 PENDING_LAST=00000000 GRANT_LAST=00000000
DMTD_BOUNDARY_OUTPUT: VALID=00000000 TRR_WRITE=00000000 VALID_LAST=00000000 TRR_LAST=00000000
DMTD_BOUNDARY_GATE: REF_ENABLED=00000000 FB_ENABLED=00000000 REF_REQ_SET=00000000 FB_REQ_SET=00000000
DMTD_BOUNDARY_GATE_LAST: REF_ENABLED=00000000 FB_ENABLED=00000000 REF_REQ=00000000 FB_REQ=00000000
DMTD_BOUNDARY_STATE: RAW=0C000002 REF_STATE=2 FB_STATE=0 REF_RESET=0 FB_RESET=0
DMTD_BOUNDARY_SAMPLE board=DE5 [1-11.2] sample=049 STATUS=4010C6C3215082CF
DMTD_BOUNDARY_CORE: CSR=00000001 STAT_CR=00000000 STAT_VAL=00000000 DEGLITCH_THR=000003E8 SAMPLED_REF=32E84937 SAMPLED_FB=2E89CD11 ACCEPT_REF=13E688A2 ACCEPT_FB=1338BFDD STAB_REF=0000 STAB_FB=0001
DMTD_BOUNDARY_ENABLE: RCER=00000001 OCER=03248801 EIC_IER=000002E8 EIC_IMR=000002E9 EIC_ISR=000002E8 TRR_CSR=00020000
DMTD_BOUNDARY_EVENT: REF=05578F40 FB=0547F6F2 REF_SEEN=D5D62289 FB_SEEN=0164FF75 REF_LAST=26981E0F FB_LAST=26981E0F NOW=00000000
DMTD_BOUNDARY_TAG: SOURCE=00000000 REF=05578F41 FB=0547F6F2 REF_LAST=26981E10 FB_LAST=26981E10
DMTD_BOUNDARY_ARB: PENDING=00000000 GRANT=00000000 PENDING_LAST=00000000 GRANT_LAST=00000000
DMTD_BOUNDARY_OUTPUT: VALID=00000000 TRR_WRITE=00000000 VALID_LAST=00000000 TRR_LAST=00000000
DMTD_BOUNDARY_GATE: REF_ENABLED=00000000 FB_ENABLED=00000000 REF_REQ_SET=00000000 FB_REQ_SET=00000000
DMTD_BOUNDARY_GATE_LAST: REF_ENABLED=00000000 FB_ENABLED=00000000 REF_REQ=00000000 FB_REQ=00000000
DMTD_BOUNDARY_STATE: RAW=0C000002 REF_STATE=2 FB_STATE=0 REF_RESET=0 FB_RESET=0
DMTD_BOUNDARY_SAMPLE board=DE5 [1-11.2] sample=050 STATUS=4010C6C1215082CF
DMTD_BOUNDARY_CORE: CSR=01010000 STAT_CR=00000000 STAT_VAL=00000000 DEGLITCH_THR=00010000 SAMPLED_REF=364698E9 SAMPLED_FB=31E5D3E3 ACCEPT_REF=03248801 ACCEPT_FB=1338BFDD STAB_REF=0000 STAB_FB=0001
DMTD_BOUNDARY_ENABLE: RCER=00000001 OCER=03248801 EIC_IER=00000000 EIC_IMR=00000001 EIC_ISR=00000000 TRR_CSR=00000000
DMTD_BOUNDARY_EVENT: REF=05578F40 FB=0547F6F2 REF_SEEN=0547F6F2 FB_SEEN=FA0E2289 REF_LAST=26981E0F FB_LAST=26981E0F NOW=A4D5C190
DMTD_BOUNDARY_TAG: SOURCE=09E2BB73 REF=00000000 FB=05578F41 REF_LAST=26981E10 FB_LAST=26981E10
DMTD_BOUNDARY_ARB: PENDING=00000000 GRANT=00000000 PENDING_LAST=00000000 GRANT_LAST=00000000
DMTD_BOUNDARY_OUTPUT: VALID=00000000 TRR_WRITE=00000000 VALID_LAST=00000000 TRR_LAST=00000000
DMTD_BOUNDARY_GATE: REF_ENABLED=00000000 FB_ENABLED=00000000 REF_REQ_SET=00000000 FB_REQ_SET=00000000
DMTD_BOUNDARY_GATE_LAST: REF_ENABLED=00000000 FB_ENABLED=00000000 REF_REQ=00000000 FB_REQ=00000000
DMTD_BOUNDARY_STATE: RAW=0C000002 REF_STATE=2 FB_STATE=0 REF_RESET=0 FB_RESET=0
DMTD_BOUNDARY_SAMPLE board=DE5 [1-11.2] sample=051 STATUS=4010C6E331BC82EF
DMTD_BOUNDARY_CORE: CSR=01010000 STAT_CR=00000000 STAT_VAL=00000000 DEGLITCH_THR=000003E8 SAMPLED_REF=39A5F790 SAMPLED_FB=00010000 ACCEPT_REF=13E688A2 ACCEPT_FB=1338BFDD STAB_REF=0001 STAB_FB=0000
DMTD_BOUNDARY_ENABLE: RCER=00000001 OCER=03248801 EIC_IER=000002E8 EIC_IMR=000002E9 EIC_ISR=000002E8 TRR_CSR=00020000
DMTD_BOUNDARY_EVENT: REF=05578F40 FB=0547F6F2 REF_SEEN=72EC2289 FB_SEEN=1CFAFF75 REF_LAST=26981E0F FB_LAST=26981E0F NOW=A6868232
DMTD_BOUNDARY_TAG: SOURCE=09E2BB73 REF=05578F41 FB=0547F6F2 REF_LAST=26981E10 FB_LAST=26981E10
DMTD_BOUNDARY_ARB: PENDING=00000000 GRANT=00000000 PENDING_LAST=00000000 GRANT_LAST=00000000
DMTD_BOUNDARY_OUTPUT: VALID=00000000 TRR_WRITE=00000000 VALID_LAST=00000000 TRR_LAST=00000000
DMTD_BOUNDARY_GATE: REF_ENABLED=00000000 FB_ENABLED=00000000 REF_REQ_SET=00000000 FB_REQ_SET=00000000
DMTD_BOUNDARY_GATE_LAST: REF_ENABLED=00000000 FB_ENABLED=00000000 REF_REQ=00000000 FB_REQ=00000000
DMTD_BOUNDARY_STATE: RAW=0C000002 REF_STATE=2 FB_STATE=0 REF_RESET=0 FB_RESET=0
DMTD_BOUNDARY_SAMPLE board=DE5 [1-11.2] sample=052 STATUS=4010C66331BC82EF
DMTD_BOUNDARY_CORE: CSR=01010000 STAT_CR=00000000 STAT_VAL=00000000 DEGLITCH_THR=00000000 SAMPLED_REF=3D041BBB SAMPLED_FB=389FA69D ACCEPT_REF=13E688A2 ACCEPT_FB=1338BFDD STAB_REF=0001 STAB_FB=0000
DMTD_BOUNDARY_ENABLE: RCER=00000001 OCER=03248801 EIC_IER=00000000 EIC_IMR=00000000 EIC_ISR=00000001 TRR_CSR=00020000
DMTD_BOUNDARY_EVENT: REF=0547F6F2 FB=0547F6F2 REF_SEEN=B56C2289 FB_SEEN=75B62289 REF_LAST=26981E0F FB_LAST=26981E0F NOW=A83662DE
DMTD_BOUNDARY_TAG: SOURCE=09E2BB73 REF=05578F41 FB=0547F6F2 REF_LAST=26981E10 FB_LAST=26981E10
DMTD_BOUNDARY_ARB: PENDING=00000000 GRANT=00000000 PENDING_LAST=00000000 GRANT_LAST=00000000
DMTD_BOUNDARY_OUTPUT: VALID=00020000 TRR_WRITE=00000000 VALID_LAST=00000000 TRR_LAST=0C000002
DMTD_BOUNDARY_GATE: REF_ENABLED=00000000 FB_ENABLED=00000000 REF_REQ_SET=00000000 FB_REQ_SET=00000000
DMTD_BOUNDARY_GATE_LAST: REF_ENABLED=00000000 FB_ENABLED=00000000 REF_REQ=00000000 FB_REQ=00000000
DMTD_BOUNDARY_STATE: RAW=0C000002 REF_STATE=2 FB_STATE=0 REF_RESET=0 FB_RESET=0
DMTD_BOUNDARY_SAMPLE board=DE5 [1-11.2] sample=053 STATUS=4010C66131FC82EF
DMTD_BOUNDARY_CORE: CSR=01010000 STAT_CR=00000000 STAT_VAL=00000000 DEGLITCH_THR=000003E8 SAMPLED_REF=40636B15 SAMPLED_FB=3BFCB97E ACCEPT_REF=13E688A2 ACCEPT_FB=1338BFDD STAB_REF=0001 STAB_FB=0000
DMTD_BOUNDARY_ENABLE: RCER=00000001 OCER=03248801 EIC_IER=000002E8 EIC_IMR=000002E9 EIC_ISR=000002E8 TRR_CSR=00020000
DMTD_BOUNDARY_EVENT: REF=05578F40 FB=0547F6F2 REF_SEEN=33D62289 FB_SEEN=0732FF75 REF_LAST=26981E0F FB_LAST=26981E10 NOW=A9E6B0E0
DMTD_BOUNDARY_TAG: SOURCE=09E2BB73 REF=05578F41 FB=0547F6F2 REF_LAST=26981E10 FB_LAST=26981E10
DMTD_BOUNDARY_ARB: PENDING=00000000 GRANT=00000000 PENDING_LAST=00000000 GRANT_LAST=00000000
DMTD_BOUNDARY_OUTPUT: VALID=00000000 TRR_WRITE=00000000 VALID_LAST=00000000 TRR_LAST=00000000
DMTD_BOUNDARY_GATE: REF_ENABLED=00000000 FB_ENABLED=00000000 REF_REQ_SET=00000000 FB_REQ_SET=00000000
DMTD_BOUNDARY_GATE_LAST: REF_ENABLED=00000000 FB_ENABLED=00000000 REF_REQ=00000000 FB_REQ=00000000
DMTD_BOUNDARY_STATE: RAW=0C000002 REF_STATE=2 FB_STATE=0 REF_RESET=0 FB_RESET=0
DMTD_BOUNDARY_SAMPLE board=DE5 [1-11.2] sample=054 STATUS=4010C6C1215082CF
DMTD_BOUNDARY_CORE: CSR=01010000 STAT_CR=00000000 STAT_VAL=00000000 DEGLITCH_THR=000003E8 SAMPLED_REF=43C1A379 SAMPLED_FB=3F58BD06 ACCEPT_REF=13E688A2 ACCEPT_FB=43B6DC91 STAB_REF=0001 STAB_FB=0000
DMTD_BOUNDARY_ENABLE: RCER=00000001 OCER=03248801 EIC_IER=000002E8 EIC_IMR=000002E9 EIC_ISR=000002E8 TRR_CSR=00020000
DMTD_BOUNDARY_EVENT: REF=05578F40 FB=0547F6F2 REF_SEEN=BFF42289 FB_SEEN=5096FF75 REF_LAST=26981E0F FB_LAST=26981E0F NOW=AB9695EA
DMTD_BOUNDARY_TAG: SOURCE=09E2BB73 REF=05578F41 FB=0547F6F2 REF_LAST=26981E10 FB_LAST=26981E10
DMTD_BOUNDARY_ARB: PENDING=00000000 GRANT=00000000 PENDING_LAST=00000000 GRANT_LAST=00000000
DMTD_BOUNDARY_OUTPUT: VALID=00000000 TRR_WRITE=00000000 VALID_LAST=00000000 TRR_LAST=00000000
DMTD_BOUNDARY_GATE: REF_ENABLED=00000000 FB_ENABLED=00000000 REF_REQ_SET=00000000 FB_REQ_SET=00000000
DMTD_BOUNDARY_GATE_LAST: REF_ENABLED=00000000 FB_ENABLED=00000000 REF_REQ=00000000 FB_REQ=00000000
DMTD_BOUNDARY_STATE: RAW=0C000002 REF_STATE=2 FB_STATE=0 REF_RESET=0 FB_RESET=0
DMTD_BOUNDARY_SAMPLE board=DE5 [1-11.2] sample=055 STATUS=4010C6C331BC82CF
DMTD_BOUNDARY_CORE: CSR=01010000 STAT_CR=00000000 STAT_VAL=00000000 DEGLITCH_THR=000003E8 SAMPLED_REF=47201208 SAMPLED_FB=472AD2A9 ACCEPT_REF=13E688A2 ACCEPT_FB=1338BFDD STAB_REF=0000 STAB_FB=0001
DMTD_BOUNDARY_ENABLE: RCER=00000001 OCER=03248801 EIC_IER=000002E8 EIC_IMR=000002E8 EIC_ISR=000002E8 TRR_CSR=00020000
DMTD_BOUNDARY_EVENT: REF=05578F40 FB=0547F6F2 REF_SEEN=79D82289 FB_SEEN=E414FF75 REF_LAST=26981E0F FB_LAST=26981E0F NOW=AD46D265
DMTD_BOUNDARY_TAG: SOURCE=09E2BB73 REF=05578F41 FB=0547F6F2 REF_LAST=26981E10 FB_LAST=26981E10
DMTD_BOUNDARY_ARB: PENDING=00000000 GRANT=00000000 PENDING_LAST=26981E10 GRANT_LAST=00000000
DMTD_BOUNDARY_OUTPUT: VALID=00000000 TRR_WRITE=00000000 VALID_LAST=00000000 TRR_LAST=00000000
DMTD_BOUNDARY_GATE: REF_ENABLED=0C000002 FB_ENABLED=00000000 REF_REQ_SET=00000000 FB_REQ_SET=00000000
DMTD_BOUNDARY_GATE_LAST: REF_ENABLED=00000000 FB_ENABLED=00000000 REF_REQ=00000000 FB_REQ=00000000
DMTD_BOUNDARY_STATE: RAW=0C000002 REF_STATE=2 FB_STATE=0 REF_RESET=0 FB_RESET=0
DMTD_BOUNDARY_SAMPLE board=DE5 [1-11.2] sample=056 STATUS=4010C6C1215082CF
DMTD_BOUNDARY_CORE: CSR=01010000 STAT_CR=00000000 STAT_VAL=00000000 DEGLITCH_THR=000003E8 SAMPLED_REF=4A848B73 SAMPLED_FB=4617EA34 ACCEPT_REF=13E688A2 ACCEPT_FB=1338BFDD STAB_REF=0001 STAB_FB=0001
DMTD_BOUNDARY_ENABLE: RCER=00000001 OCER=13E688A2 EIC_IER=000002E8 EIC_IMR=000002E9 EIC_ISR=000002E8 TRR_CSR=5AE2FF75
DMTD_BOUNDARY_EVENT: REF=05578F40 FB=0547F6F2 REF_SEEN=B4182289 FB_SEEN=21EAFF75 REF_LAST=26981E0F FB_LAST=26981E0F NOW=AEFB89C9
DMTD_BOUNDARY_TAG: SOURCE=09E2BB73 REF=05578F41 FB=05578F41 REF_LAST=26981E10 FB_LAST=26981E10
DMTD_BOUNDARY_ARB: PENDING=00000000 GRANT=00000000 PENDING_LAST=00000000 GRANT_LAST=00000000
DMTD_BOUNDARY_OUTPUT: VALID=00000000 TRR_WRITE=00000000 VALID_LAST=00000000 TRR_LAST=00000000
DMTD_BOUNDARY_GATE: REF_ENABLED=00000000 FB_ENABLED=00000000 REF_REQ_SET=00000000 FB_REQ_SET=00000000
DMTD_BOUNDARY_GATE_LAST: REF_ENABLED=00000000 FB_ENABLED=00000000 REF_REQ=00000000 FB_REQ=00000000
DMTD_BOUNDARY_STATE: RAW=0C000002 REF_STATE=2 FB_STATE=0 REF_RESET=0 FB_RESET=0
DMTD_BOUNDARY_SAMPLE board=DE5 [1-11.2] sample=057 STATUS=4010C641215082CF
DMTD_BOUNDARY_CORE: CSR=01010000 STAT_CR=00000000 STAT_VAL=00000000 DEGLITCH_THR=000003E8 SAMPLED_REF=1338BFDD SAMPLED_FB=497639F0 ACCEPT_REF=13E688A2 ACCEPT_FB=1338BFDD STAB_REF=0000 STAB_FB=0001
DMTD_BOUNDARY_ENABLE: RCER=00000001 OCER=03248801 EIC_IER=000002E8 EIC_IMR=000002E9 EIC_ISR=000002E8 TRR_CSR=00020000
DMTD_BOUNDARY_EVENT: REF=0547F6F2 FB=05578F40 REF_SEEN=0547F6F2 FB_SEEN=374E2289 REF_LAST=26981E0F FB_LAST=26981E0F NOW=B0AAEED6
DMTD_BOUNDARY_TAG: SOURCE=09E2BB73 REF=05578F41 FB=0547F6F2 REF_LAST=26981E10 FB_LAST=26981E10
DMTD_BOUNDARY_ARB: PENDING=00000000 GRANT=00000000 PENDING_LAST=00000000 GRANT_LAST=00000000
DMTD_BOUNDARY_OUTPUT: VALID=00000000 TRR_WRITE=00000000 VALID_LAST=00000000 TRR_LAST=00000000
DMTD_BOUNDARY_GATE: REF_ENABLED=00000000 FB_ENABLED=00000000 REF_REQ_SET=00000000 FB_REQ_SET=00000000
DMTD_BOUNDARY_GATE_LAST: REF_ENABLED=00000000 FB_ENABLED=00000000 REF_REQ=00000000 FB_REQ=00000000
DMTD_BOUNDARY_STATE: RAW=00000000 REF_STATE=0 FB_STATE=0 REF_RESET=0 FB_RESET=0
DMTD_BOUNDARY_SAMPLE board=DE5 [1-11.2] sample=058 STATUS=4010C6E131BC82CF
DMTD_BOUNDARY_CORE: CSR=01010000 STAT_CR=00000000 STAT_VAL=00000000 DEGLITCH_THR=000003E8 SAMPLED_REF=5144DBC9 SAMPLED_FB=4CD4EBA7 ACCEPT_REF=13E688A2 ACCEPT_FB=1338BFDD STAB_REF=0000 STAB_FB=0001
DMTD_BOUNDARY_ENABLE: RCER=00000001 OCER=03248801 EIC_IER=000002E8 EIC_IMR=000002E9 EIC_ISR=000002E8 TRR_CSR=00020000
DMTD_BOUNDARY_EVENT: REF=05578F40 FB=0547F6F2 REF_SEEN=3FE42289 FB_SEEN=CB2AFF75 REF_LAST=26981E0F FB_LAST=26981E0F NOW=26981E0F
DMTD_BOUNDARY_TAG: SOURCE=09E2BB73 REF=05578F41 FB=0547F6F2 REF_LAST=26981E10 FB_LAST=26981E10
DMTD_BOUNDARY_ARB: PENDING=00000000 GRANT=00000000 PENDING_LAST=00000000 GRANT_LAST=00000000
DMTD_BOUNDARY_OUTPUT: VALID=00000000 TRR_WRITE=00000000 VALID_LAST=00000000 TRR_LAST=00000000
DMTD_BOUNDARY_GATE: REF_ENABLED=00000000 FB_ENABLED=00000000 REF_REQ_SET=00000000 FB_REQ_SET=00000000
DMTD_BOUNDARY_GATE_LAST: REF_ENABLED=00000000 FB_ENABLED=00000000 REF_REQ=00000000 FB_REQ=00000000
DMTD_BOUNDARY_STATE: RAW=0C000002 REF_STATE=2 FB_STATE=0 REF_RESET=0 FB_RESET=0
DMTD_BOUNDARY_SAMPLE board=DE5 [1-11.2] sample=059 STATUS=4010C6C131BC82CF
DMTD_BOUNDARY_CORE: CSR=01010000 STAT_CR=00000000 STAT_VAL=00000000 DEGLITCH_THR=00010000 SAMPLED_REF=54A22365 SAMPLED_FB=5030A7CF ACCEPT_REF=13E688A2 ACCEPT_FB=1338BFDD STAB_REF=0001 STAB_FB=0001
DMTD_BOUNDARY_ENABLE: RCER=00000001 OCER=03248801 EIC_IER=00000000 EIC_IMR=00000001 EIC_ISR=00000001 TRR_CSR=00020000
DMTD_BOUNDARY_EVENT: REF=05578F40 FB=0547F6F2 REF_SEEN=734C2289 FB_SEEN=0AD82289 REF_LAST=26981E0F FB_LAST=26981E0F NOW=B40BB1FF
DMTD_BOUNDARY_TAG: SOURCE=09E2BB73 REF=05578F41 FB=0547F6F2 REF_LAST=26981E0F FB_LAST=26981E10
DMTD_BOUNDARY_ARB: PENDING=00000000 GRANT=00000000 PENDING_LAST=00000000 GRANT_LAST=00000000
DMTD_BOUNDARY_OUTPUT: VALID=00000000 TRR_WRITE=00000000 VALID_LAST=00000000 TRR_LAST=00000000
DMTD_BOUNDARY_GATE: REF_ENABLED=00000000 FB_ENABLED=00000000 REF_REQ_SET=00000000 FB_REQ_SET=00000000
DMTD_BOUNDARY_GATE_LAST: REF_ENABLED=00000000 FB_ENABLED=00000000 REF_REQ=00000000 FB_REQ=00000000
DMTD_BOUNDARY_STATE: RAW=0C000002 REF_STATE=2 FB_STATE=0 REF_RESET=0 FB_RESET=0
DMTD_BOUNDARY_SAMPLE board=DE5 [1-11.2] sample=060 STATUS=4010C641215082EF
DMTD_BOUNDARY_CORE: CSR=01010000 STAT_CR=00000000 STAT_VAL=00000000 DEGLITCH_THR=000003E8 SAMPLED_REF=58047D4E SAMPLED_FB=539146CC ACCEPT_REF=13E688A2 ACCEPT_FB=1338BFDD STAB_REF=0000 STAB_FB=0001
DMTD_BOUNDARY_ENABLE: RCER=01010000 OCER=03248801 EIC_IER=000002E8 EIC_IMR=000002E9 EIC_ISR=000002E8 TRR_CSR=00020000
DMTD_BOUNDARY_EVENT: REF=05578F40 FB=0547F6F2 REF_SEEN=A2482289 FB_SEEN=9D80FF75 REF_LAST=26981E0F FB_LAST=26981E0F NOW=B5BE8FB5
DMTD_BOUNDARY_TAG: SOURCE=09E2BB73 REF=05578F41 FB=0547F6F2 REF_LAST=26981E0F FB_LAST=26981E10
DMTD_BOUNDARY_ARB: PENDING=00000000 GRANT=00000000 PENDING_LAST=00000000 GRANT_LAST=00000000
DMTD_BOUNDARY_OUTPUT: VALID=00000000 TRR_WRITE=00000000 VALID_LAST=00000000 TRR_LAST=00000000
DMTD_BOUNDARY_GATE: REF_ENABLED=00000000 FB_ENABLED=00000000 REF_REQ_SET=00000000 FB_REQ_SET=00000000
DMTD_BOUNDARY_GATE_LAST: REF_ENABLED=00000000 FB_ENABLED=00000000 REF_REQ=00000000 FB_REQ=00000000
DMTD_BOUNDARY_STATE: RAW=00000000 REF_STATE=0 FB_STATE=0 REF_RESET=0 FB_RESET=0
DMTD_BOUNDARY_SAMPLE board=DE5 [1-11.2] sample=061 STATUS=4010C6E131BC82EF
DMTD_BOUNDARY_CORE: CSR=01010000 STAT_CR=00000000 STAT_VAL=00000000 DEGLITCH_THR=000003E8 SAMPLED_REF=5B6383F4 SAMPLED_FB=56EEA9D9 ACCEPT_REF=13E688A2 ACCEPT_FB=1338BFDD STAB_REF=0001 STAB_FB=0001
DMTD_BOUNDARY_ENABLE: RCER=00000001 OCER=03248801 EIC_IER=000002E8 EIC_IMR=000002E9 EIC_ISR=000002E9 TRR_CSR=00020000
DMTD_BOUNDARY_EVENT: REF=05578F40 FB=0547F6F2 REF_SEEN=AEDC2289 FB_SEEN=3CE6FF75 REF_LAST=26981E0F FB_LAST=26981E0F NOW=B76ECB5B
DMTD_BOUNDARY_TAG: SOURCE=09E2BB73 REF=05578F41 FB=0547F6F2 REF_LAST=26981E10 FB_LAST=26981E10
DMTD_BOUNDARY_ARB: PENDING=00000000 GRANT=00000000 PENDING_LAST=00000000 GRANT_LAST=00000000
DMTD_BOUNDARY_OUTPUT: VALID=00000000 TRR_WRITE=00000000 VALID_LAST=00000000 TRR_LAST=00000000
DMTD_BOUNDARY_GATE: REF_ENABLED=00000000 FB_ENABLED=00000000 REF_REQ_SET=00000000 FB_REQ_SET=00000000
DMTD_BOUNDARY_GATE_LAST: REF_ENABLED=00000000 FB_ENABLED=00000000 REF_REQ=00000000 FB_REQ=00000000
DMTD_BOUNDARY_STATE: RAW=0C000002 REF_STATE=2 FB_STATE=0 REF_RESET=0 FB_RESET=0
DMTD_BOUNDARY_SAMPLE board=DE5 [1-11.2] sample=062 STATUS=4010C6E131BC82CF
DMTD_BOUNDARY_CORE: CSR=01010000 STAT_CR=00000000 STAT_VAL=00000000 DEGLITCH_THR=000003E8 SAMPLED_REF=5EC629F8 SAMPLED_FB=5A4F3CA9 ACCEPT_REF=03248801 ACCEPT_FB=1338BFDD STAB_REF=0000 STAB_FB=0001
DMTD_BOUNDARY_ENABLE: RCER=00000001 OCER=13E688A2 EIC_IER=000002E8 EIC_IMR=000002E9 EIC_ISR=000002E8 TRR_CSR=00020000
DMTD_BOUNDARY_EVENT: REF=0547F6F2 FB=0547F6F2 REF_SEEN=00000000 FB_SEEN=90B8FF75 REF_LAST=26981E0F FB_LAST=26981E10 NOW=B9210227
DMTD_BOUNDARY_TAG: SOURCE=00000000 REF=05578F41 FB=0547F6F2 REF_LAST=26981E10 FB_LAST=26981E10
DMTD_BOUNDARY_ARB: PENDING=00000000 GRANT=00000000 PENDING_LAST=00000000 GRANT_LAST=00000000
DMTD_BOUNDARY_OUTPUT: VALID=00000000 TRR_WRITE=09E2BB73 VALID_LAST=00000000 TRR_LAST=0C000002
DMTD_BOUNDARY_GATE: REF_ENABLED=00000000 FB_ENABLED=00000000 REF_REQ_SET=00000000 FB_REQ_SET=00000000
DMTD_BOUNDARY_GATE_LAST: REF_ENABLED=00000000 FB_ENABLED=00000000 REF_REQ=00000000 FB_REQ=00000000
DMTD_BOUNDARY_STATE: RAW=0C000002 REF_STATE=2 FB_STATE=0 REF_RESET=0 FB_RESET=0
DMTD_BOUNDARY_SAMPLE board=DE5 [1-11.2] sample=063 STATUS=4010C6E131BC82CF
DMTD_BOUNDARY_CORE: CSR=01010000 STAT_CR=00000000 STAT_VAL=00000000 DEGLITCH_THR=000003E8 SAMPLED_REF=6227F974 SAMPLED_FB=5DAF6D24 ACCEPT_REF=13E688A2 ACCEPT_FB=1338BFDD STAB_REF=0000 STAB_FB=0000
DMTD_BOUNDARY_ENABLE: RCER=00000000 OCER=03248801 EIC_IER=000002E8 EIC_IMR=000002E9 EIC_ISR=000002E8 TRR_CSR=00020000
DMTD_BOUNDARY_EVENT: REF=05578F40 FB=0547F6F2 REF_SEEN=0547F6F2 FB_SEEN=EF8AFF75 REF_LAST=BAD861D8 FB_LAST=26981E0F NOW=BAD2EDBD
DMTD_BOUNDARY_TAG: SOURCE=09E2BB73 REF=05578F41 FB=0547F6F2 REF_LAST=26981E10 FB_LAST=26981E10
DMTD_BOUNDARY_ARB: PENDING=00000000 GRANT=00000000 PENDING_LAST=00000000 GRANT_LAST=00000000
DMTD_BOUNDARY_OUTPUT: VALID=00000000 TRR_WRITE=00000000 VALID_LAST=00000000 TRR_LAST=00000000
DMTD_BOUNDARY_GATE: REF_ENABLED=00000000 FB_ENABLED=00000000 REF_REQ_SET=00000000 FB_REQ_SET=00000000
DMTD_BOUNDARY_GATE_LAST: REF_ENABLED=00000000 FB_ENABLED=00000000 REF_REQ=00000000 FB_REQ=00000000
DMTD_BOUNDARY_STATE: RAW=0C000002 REF_STATE=2 FB_STATE=0 REF_RESET=0 FB_RESET=0
DMTD_BOUNDARY_SAMPLE board=DE5 [1-11.2] sample=064 STATUS=4010C6C1215082CF
DMTD_BOUNDARY_CORE: CSR=01010000 STAT_CR=00000000 STAT_VAL=00000000 DEGLITCH_THR=000003E8 SAMPLED_REF=658978CA SAMPLED_FB=610F312D ACCEPT_REF=13E688A2 ACCEPT_FB=1338BFDD STAB_REF=0001 STAB_FB=0000
DMTD_BOUNDARY_ENABLE: RCER=00000001 OCER=03248801 EIC_IER=000002E8 EIC_IMR=000002E9 EIC_ISR=000002E8 TRR_CSR=00020000
DMTD_BOUNDARY_EVENT: REF=0547F6F2 FB=0547F6F2 REF_SEEN=6A002289 FB_SEEN=1514FF75 REF_LAST=26981E0F FB_LAST=26981E0F NOW=BC85995A
DMTD_BOUNDARY_TAG: SOURCE=09E2BB73 REF=05578F41 FB=0547F6F2 REF_LAST=26981E0F FB_LAST=26981E10
DMTD_BOUNDARY_ARB: PENDING=00000000 GRANT=00000000 PENDING_LAST=00000000 GRANT_LAST=00000000
DMTD_BOUNDARY_OUTPUT: VALID=00000000 TRR_WRITE=00000000 VALID_LAST=00000000 TRR_LAST=00000000
DMTD_BOUNDARY_GATE: REF_ENABLED=00000000 FB_ENABLED=00000000 REF_REQ_SET=00000000 FB_REQ_SET=00000000
DMTD_BOUNDARY_GATE_LAST: REF_ENABLED=00000000 FB_ENABLED=00000000 REF_REQ=00000000 FB_REQ=00000000
DMTD_BOUNDARY_STATE: RAW=0C000002 REF_STATE=2 FB_STATE=0 REF_RESET=0 FB_RESET=0
DMTD_BOUNDARY_SAMPLE board=DE5 [1-11.2] sample=065 STATUS=4010C6C3215082CF
DMTD_BOUNDARY_CORE: CSR=01010000 STAT_CR=00000000 STAT_VAL=00000000 DEGLITCH_THR=000003E8 SAMPLED_REF=68EBACAC SAMPLED_FB=646F3008 ACCEPT_REF=13E688A2 ACCEPT_FB=1338BFDD STAB_REF=0000 STAB_FB=0001
DMTD_BOUNDARY_ENABLE: RCER=00000001 OCER=03248801 EIC_IER=000002E8 EIC_IMR=000002E9 EIC_ISR=000002E9 TRR_CSR=00020000
DMTD_BOUNDARY_EVENT: REF=0547F6F2 FB=0547F6F2 REF_SEEN=FBBE2289 FB_SEEN=2760FF75 REF_LAST=26981E0F FB_LAST=26981E0F NOW=BE366AC0
DMTD_BOUNDARY_TAG: SOURCE=09E2BB73 REF=05578F41 FB=0547F6F2 REF_LAST=26981E10 FB_LAST=26981E10
DMTD_BOUNDARY_ARB: PENDING=00000000 GRANT=00000000 PENDING_LAST=00000000 GRANT_LAST=00000000
DMTD_BOUNDARY_OUTPUT: VALID=00000000 TRR_WRITE=00000000 VALID_LAST=00000000 TRR_LAST=0C000002
DMTD_BOUNDARY_GATE: REF_ENABLED=00000000 FB_ENABLED=00000000 REF_REQ_SET=00000000 FB_REQ_SET=00000000
DMTD_BOUNDARY_GATE_LAST: REF_ENABLED=00000000 FB_ENABLED=00000000 REF_REQ=00000000 FB_REQ=00000000
DMTD_BOUNDARY_STATE: RAW=0C000002 REF_STATE=2 FB_STATE=0 REF_RESET=0 FB_RESET=0
DMTD_BOUNDARY_SAMPLE board=DE5 [1-11.2] sample=066 STATUS=4010C6C3215082EF
DMTD_BOUNDARY_CORE: CSR=01010000 STAT_CR=00000000 STAT_VAL=00000000 DEGLITCH_THR=000003E8 SAMPLED_REF=6C4B7339 SAMPLED_FB=67CCC552 ACCEPT_REF=13E688A2 ACCEPT_FB=1338BFDD STAB_REF=0001 STAB_FB=0000
DMTD_BOUNDARY_ENABLE: RCER=00000001 OCER=03248801 EIC_IER=000002E8 EIC_IMR=000002E9 EIC_ISR=000002E8 TRR_CSR=00020000
DMTD_BOUNDARY_EVENT: REF=05578F40 FB=0547F6F2 REF_SEEN=D8B02289 FB_SEEN=B332FF75 REF_LAST=26981E0F FB_LAST=26981E0F NOW=BFE7265A
DMTD_BOUNDARY_TAG: SOURCE=09E2BB73 REF=05578F41 FB=0547F6F2 REF_LAST=26981E10 FB_LAST=00000000
DMTD_BOUNDARY_ARB: PENDING=00000000 GRANT=00000000 PENDING_LAST=00000000 GRANT_LAST=00000000
DMTD_BOUNDARY_OUTPUT: VALID=00020000 TRR_WRITE=00000000 VALID_LAST=00000000 TRR_LAST=00000000
DMTD_BOUNDARY_GATE: REF_ENABLED=00000000 FB_ENABLED=00000000 REF_REQ_SET=00000000 FB_REQ_SET=00000000
DMTD_BOUNDARY_GATE_LAST: REF_ENABLED=00000000 FB_ENABLED=00000000 REF_REQ=00000000 FB_REQ=00000000
DMTD_BOUNDARY_STATE: RAW=0C000002 REF_STATE=2 FB_STATE=0 REF_RESET=0 FB_RESET=0
DMTD_BOUNDARY_SAMPLE board=DE5 [1-11.2] sample=067 STATUS=4010C643215082CF
DMTD_BOUNDARY_CORE: CSR=01010000 STAT_CR=00000000 STAT_VAL=00000000 DEGLITCH_THR=6B3803E8 SAMPLED_REF=6FAE6B8C SAMPLED_FB=6B2DE4EB ACCEPT_REF=13E688A2 ACCEPT_FB=1338BFDD STAB_REF=B2E3 STAB_FB=6B38
DMTD_BOUNDARY_ENABLE: RCER=00000001 OCER=03248801 EIC_IER=6B3802E8 EIC_IMR=6B3802E9 EIC_ISR=6B3802E8 TRR_CSR=00020000
DMTD_BOUNDARY_EVENT: REF=05578F40 FB=0547F6F2 REF_SEEN=552E2289 FB_SEEN=AF44FF75 REF_LAST=26981E0F FB_LAST=26981E0F NOW=C1997D5D
DMTD_BOUNDARY_TAG: SOURCE=09E2BB73 REF=05578F41 FB=0547F6F2 REF_LAST=26981E10 FB_LAST=26981E10
DMTD_BOUNDARY_ARB: PENDING=00000000 GRANT=00000000 PENDING_LAST=00000000 GRANT_LAST=00000000
DMTD_BOUNDARY_OUTPUT: VALID=00000000 TRR_WRITE=00000000 VALID_LAST=00000000 TRR_LAST=00000000
DMTD_BOUNDARY_GATE: REF_ENABLED=00000000 FB_ENABLED=00000000 REF_REQ_SET=00000000 FB_REQ_SET=00000000
DMTD_BOUNDARY_GATE_LAST: REF_ENABLED=00000000 FB_ENABLED=00000000 REF_REQ=00000000 FB_REQ=00000000
DMTD_BOUNDARY_STATE: RAW=0C000002 REF_STATE=2 FB_STATE=0 REF_RESET=0 FB_RESET=0
DMTD_BOUNDARY_SAMPLE board=DE5 [1-11.2] sample=068 STATUS=4010C6E131BC82CF
DMTD_BOUNDARY_CORE: CSR=01010000 STAT_CR=00000000 STAT_VAL=00000000 DEGLITCH_THR=00000000 SAMPLED_REF=730E906A SAMPLED_FB=6E8C7B18 ACCEPT_REF=13E688A2 ACCEPT_FB=1338BFDD STAB_REF=0001 STAB_FB=0001
DMTD_BOUNDARY_ENABLE: RCER=00000001 OCER=13E688A2 EIC_IER=00000000 EIC_IMR=00000001 EIC_ISR=00000000 TRR_CSR=00020000
DMTD_BOUNDARY_EVENT: REF=0547F6F2 FB=0547F6F2 REF_SEEN=C61E2289 FB_SEEN=F0A8FF75 REF_LAST=26981E0F FB_LAST=26981E0F NOW=C34AF2AD
DMTD_BOUNDARY_TAG: SOURCE=09E2BB73 REF=05578F41 FB=0547F6F2 REF_LAST=26981E10 FB_LAST=26981E10
DMTD_BOUNDARY_ARB: PENDING=00000000 GRANT=00000000 PENDING_LAST=00000000 GRANT_LAST=00000000
DMTD_BOUNDARY_OUTPUT: VALID=00000000 TRR_WRITE=00000000 VALID_LAST=00000000 TRR_LAST=00000000
DMTD_BOUNDARY_GATE: REF_ENABLED=00000000 FB_ENABLED=00000000 REF_REQ_SET=00000000 FB_REQ_SET=00000000
DMTD_BOUNDARY_GATE_LAST: REF_ENABLED=00000000 FB_ENABLED=00000000 REF_REQ=00000000 FB_REQ=00000000
DMTD_BOUNDARY_STATE: RAW=0C000002 REF_STATE=2 FB_STATE=0 REF_RESET=0 FB_RESET=0
DMTD_BOUNDARY_SAMPLE board=DE5 [1-11.2] sample=069 STATUS=4010C6C1215082CF
DMTD_BOUNDARY_CORE: CSR=01010000 STAT_CR=00000000 STAT_VAL=00000000 DEGLITCH_THR=000003E8 SAMPLED_REF=7672999A SAMPLED_FB=71EE7E2F ACCEPT_REF=13E688A2 ACCEPT_FB=1338BFDD STAB_REF=0001 STAB_FB=0000
DMTD_BOUNDARY_ENABLE: RCER=00000001 OCER=03248801 EIC_IER=000002E8 EIC_IMR=000002E9 EIC_ISR=000002E8 TRR_CSR=00020000
DMTD_BOUNDARY_EVENT: REF=05578F40 FB=0547F6F2 REF_SEEN=E6F62289 FB_SEEN=D228FF75 REF_LAST=C502E75E FB_LAST=26981E0F NOW=C4FD7C70
DMTD_BOUNDARY_TAG: SOURCE=09E2BB73 REF=05578F41 FB=0547F6F2 REF_LAST=26981E10 FB_LAST=26981E10
DMTD_BOUNDARY_ARB: PENDING=00000000 GRANT=00000000 PENDING_LAST=00000000 GRANT_LAST=00000000
DMTD_BOUNDARY_OUTPUT: VALID=00000000 TRR_WRITE=00000000 VALID_LAST=00000000 TRR_LAST=00000000
DMTD_BOUNDARY_GATE: REF_ENABLED=00000000 FB_ENABLED=00000000 REF_REQ_SET=00000000 FB_REQ_SET=00000000
DMTD_BOUNDARY_GATE_LAST: REF_ENABLED=00000000 FB_ENABLED=00000000 REF_REQ=00000000 FB_REQ=00000000
DMTD_BOUNDARY_STATE: RAW=0C000002 REF_STATE=2 FB_STATE=0 REF_RESET=0 FB_RESET=0
DMTD_BOUNDARY_SAMPLE board=DE5 [1-11.2] sample=070 STATUS=4010C66131BC82CF
DMTD_BOUNDARY_CORE: CSR=01010000 STAT_CR=00000000 STAT_VAL=00000000 DEGLITCH_THR=000003E8 SAMPLED_REF=79D3C8BF SAMPLED_FB=79DE96E9 ACCEPT_REF=13E688A2 ACCEPT_FB=1338BFDD STAB_REF=0001 STAB_FB=0001
DMTD_BOUNDARY_ENABLE: RCER=00000001 OCER=03248801 EIC_IER=000002E8 EIC_IMR=000002E9 EIC_ISR=000002E8 TRR_CSR=00020000
DMTD_BOUNDARY_EVENT: REF=05578F40 FB=0547F6F2 REF_SEEN=66762289 FB_SEEN=C898FF75 REF_LAST=26981E0F FB_LAST=26981E0F NOW=C6AF156F
DMTD_BOUNDARY_TAG: SOURCE=09E2BB73 REF=05578F41 FB=0547F6F2 REF_LAST=26981E10 FB_LAST=26981E10
DMTD_BOUNDARY_ARB: PENDING=00000000 GRANT=00000000 PENDING_LAST=00000000 GRANT_LAST=00000000
DMTD_BOUNDARY_OUTPUT: VALID=00000000 TRR_WRITE=09E2BB73 VALID_LAST=00000000 TRR_LAST=00000000
DMTD_BOUNDARY_GATE: REF_ENABLED=00000000 FB_ENABLED=00000000 REF_REQ_SET=00000000 FB_REQ_SET=00000000
DMTD_BOUNDARY_GATE_LAST: REF_ENABLED=00000000 FB_ENABLED=00000000 REF_REQ=00000000 FB_REQ=00000000
DMTD_BOUNDARY_STATE: RAW=0C000002 REF_STATE=2 FB_STATE=0 REF_RESET=0 FB_RESET=0
DMTD_BOUNDARY_SAMPLE board=DE5 [1-11.2] sample=071 STATUS=4010C6C3215082CF
DMTD_BOUNDARY_CORE: CSR=01010000 STAT_CR=00000000 STAT_VAL=00000000 DEGLITCH_THR=000003E8 SAMPLED_REF=7D3696A1 SAMPLED_FB=78ADEE04 ACCEPT_REF=13E688A2 ACCEPT_FB=1338BFDD STAB_REF=0001 STAB_FB=0001
DMTD_BOUNDARY_ENABLE: RCER=00000000 OCER=03248801 EIC_IER=000002E8 EIC_IMR=000002E8 EIC_ISR=000002E8 TRR_CSR=00020000
DMTD_BOUNDARY_EVENT: REF=05578F40 FB=0547F6F2 REF_SEEN=D4E42289 FB_SEEN=70042289 REF_LAST=26981E0F FB_LAST=26981E0F NOW=C860B072
DMTD_BOUNDARY_TAG: SOURCE=09E2BB73 REF=05578F41 FB=0547F6F2 REF_LAST=26981E10 FB_LAST=26981E10
DMTD_BOUNDARY_ARB: PENDING=00000000 GRANT=00000000 PENDING_LAST=00000000 GRANT_LAST=00000000
DMTD_BOUNDARY_OUTPUT: VALID=00020000 TRR_WRITE=00000000 VALID_LAST=00000000 TRR_LAST=00000000
DMTD_BOUNDARY_GATE: REF_ENABLED=00000000 FB_ENABLED=00000000 REF_REQ_SET=00000000 FB_REQ_SET=00000000
DMTD_BOUNDARY_GATE_LAST: REF_ENABLED=00000000 FB_ENABLED=00000000 REF_REQ=00000000 FB_REQ=00000000
DMTD_BOUNDARY_STATE: RAW=0C000002 REF_STATE=2 FB_STATE=0 REF_RESET=0 FB_RESET=0
DMTD_BOUNDARY_SAMPLE board=DE5 [1-11.2] sample=072 STATUS=4010C66331BC82CF
DMTD_BOUNDARY_CORE: CSR=01010000 STAT_CR=00000000 STAT_VAL=00000000 DEGLITCH_THR=000003E8 SAMPLED_REF=1338BFDD SAMPLED_FB=7C09FAC9 ACCEPT_REF=13E688A2 ACCEPT_FB=1338BFDD STAB_REF=0001 STAB_FB=0000
DMTD_BOUNDARY_ENABLE: RCER=00000001 OCER=03248801 EIC_IER=000002E8 EIC_IMR=000002E9 EIC_ISR=000002E8 TRR_CSR=00020000
DMTD_BOUNDARY_EVENT: REF=05578F40 FB=0547F6F2 REF_SEEN=A8802289 FB_SEEN=37D22289 REF_LAST=26981E0F FB_LAST=26981E0F NOW=CA106823
DMTD_BOUNDARY_TAG: SOURCE=09E2BB73 REF=09E2BB73 FB=0547F6F2 REF_LAST=26981E10 FB_LAST=26981E10
DMTD_BOUNDARY_ARB: PENDING=00000000 GRANT=00000000 PENDING_LAST=26981E10 GRANT_LAST=00000000
DMTD_BOUNDARY_OUTPUT: VALID=00020000 TRR_WRITE=00000000 VALID_LAST=00000000 TRR_LAST=0C000002
DMTD_BOUNDARY_GATE: REF_ENABLED=00000000 FB_ENABLED=00000000 REF_REQ_SET=00000000 FB_REQ_SET=00000000
DMTD_BOUNDARY_GATE_LAST: REF_ENABLED=00000000 FB_ENABLED=00000000 REF_REQ=00000000 FB_REQ=00000000
DMTD_BOUNDARY_STATE: RAW=0C000002 REF_STATE=2 FB_STATE=0 REF_RESET=0 FB_RESET=0
DMTD_BOUNDARY_SAMPLE board=DE5 [1-11.2] sample=073 STATUS=4010C66131BC82EF
DMTD_BOUNDARY_CORE: CSR=01010000 STAT_CR=00000000 STAT_VAL=00000000 DEGLITCH_THR=000003E8 SAMPLED_REF=83F42A08 SAMPLED_FB=7F676478 ACCEPT_REF=13E688A2 ACCEPT_FB=1338BFDD STAB_REF=0000 STAB_FB=0000
DMTD_BOUNDARY_ENABLE: RCER=00000001 OCER=03248801 EIC_IER=000002E8 EIC_IMR=000002E8 EIC_ISR=000002E8 TRR_CSR=00020000
DMTD_BOUNDARY_EVENT: REF=05578F40 FB=0547F6F2 REF_SEEN=5E422289 FB_SEEN=571AFF75 REF_LAST=26981E0F FB_LAST=26981E10 NOW=CBC0E593
DMTD_BOUNDARY_TAG: SOURCE=09E2BB73 REF=05578F41 FB=0547F6F2 REF_LAST=26981E10 FB_LAST=26981E10
DMTD_BOUNDARY_ARB: PENDING=00000000 GRANT=00000000 PENDING_LAST=00000000 GRANT_LAST=00000000
DMTD_BOUNDARY_OUTPUT: VALID=00000000 TRR_WRITE=00000000 VALID_LAST=00000000 TRR_LAST=00000000
DMTD_BOUNDARY_GATE: REF_ENABLED=00000000 FB_ENABLED=00000000 REF_REQ_SET=00000000 FB_REQ_SET=00000000
DMTD_BOUNDARY_GATE_LAST: REF_ENABLED=00000000 FB_ENABLED=00000000 REF_REQ=00000000 FB_REQ=00000000
DMTD_BOUNDARY_STATE: RAW=0C000002 REF_STATE=2 FB_STATE=0 REF_RESET=0 FB_RESET=0
DMTD_BOUNDARY_SAMPLE board=DE5 [1-11.2] sample=074 STATUS=4010C6C1215082EF
DMTD_BOUNDARY_CORE: CSR=01010000 STAT_CR=00000000 STAT_VAL=00000000 DEGLITCH_THR=000003E8 SAMPLED_REF=8751B11F SAMPLED_FB=82C2F250 ACCEPT_REF=13E688A2 ACCEPT_FB=1338BFDD STAB_REF=0001 STAB_FB=0001
DMTD_BOUNDARY_ENABLE: RCER=00000001 OCER=03248801 EIC_IER=000002E8 EIC_IMR=000002E9 EIC_ISR=000002E8 TRR_CSR=00020000
DMTD_BOUNDARY_EVENT: REF=05578F40 FB=0547F6F2 REF_SEEN=43AA2289 FB_SEEN=EC50FF75 REF_LAST=26981E0F FB_LAST=26981E0F NOW=CD7099F4
DMTD_BOUNDARY_TAG: SOURCE=09E2BB73 REF=05578F41 FB=05578F41 REF_LAST=26981E10 FB_LAST=26981E10
DMTD_BOUNDARY_ARB: PENDING=5814FF75 GRANT=00000000 PENDING_LAST=00000000 GRANT_LAST=00000000
DMTD_BOUNDARY_OUTPUT: VALID=00000000 TRR_WRITE=00000000 VALID_LAST=00000000 TRR_LAST=00000000
DMTD_BOUNDARY_GATE: REF_ENABLED=00000000 FB_ENABLED=00000000 REF_REQ_SET=00000000 FB_REQ_SET=00000000
DMTD_BOUNDARY_GATE_LAST: REF_ENABLED=00000000 FB_ENABLED=00000000 REF_REQ=00000000 FB_REQ=00000000
DMTD_BOUNDARY_STATE: RAW=0C000002 REF_STATE=2 FB_STATE=0 REF_RESET=0 FB_RESET=0
DMTD_BOUNDARY_SAMPLE board=DE5 [1-11.2] sample=075 STATUS=4010C6C1215082CF
DMTD_BOUNDARY_CORE: CSR=01010000 STAT_CR=01010000 STAT_VAL=00000000 DEGLITCH_THR=000003E8 SAMPLED_REF=8AB011E8 SAMPLED_FB=861F1055 ACCEPT_REF=13E688A2 ACCEPT_FB=8AA53683 STAB_REF=0001 STAB_FB=0000
DMTD_BOUNDARY_ENABLE: RCER=00000001 OCER=03248801 EIC_IER=000002E8 EIC_IMR=000002E9 EIC_ISR=000002E8 TRR_CSR=00020000
DMTD_BOUNDARY_EVENT: REF=05578F40 FB=0547F6F2 REF_SEEN=C7842289 FB_SEEN=E3B8FF75 REF_LAST=26981E0F FB_LAST=26981E0F NOW=CF2173D2
DMTD_BOUNDARY_TAG: SOURCE=09E2BB73 REF=05578F41 FB=05578F41 REF_LAST=26981E10 FB_LAST=00000000
DMTD_BOUNDARY_ARB: PENDING=00000000 GRANT=00000000 PENDING_LAST=00000000 GRANT_LAST=00000000
DMTD_BOUNDARY_OUTPUT: VALID=00000000 TRR_WRITE=09E2BB73 VALID_LAST=00000000 TRR_LAST=00000000
DMTD_BOUNDARY_GATE: REF_ENABLED=00000000 FB_ENABLED=00000000 REF_REQ_SET=00000000 FB_REQ_SET=00000000
DMTD_BOUNDARY_GATE_LAST: REF_ENABLED=00000000 FB_ENABLED=00000000 REF_REQ=00000000 FB_REQ=00000000
DMTD_BOUNDARY_STATE: RAW=0C000002 REF_STATE=2 FB_STATE=0 REF_RESET=0 FB_RESET=0
DMTD_BOUNDARY_SAMPLE board=DE5 [1-11.2] sample=076 STATUS=4010C66131BC82CF
DMTD_BOUNDARY_CORE: CSR=01010000 STAT_CR=00000000 STAT_VAL=00000000 DEGLITCH_THR=00000001 SAMPLED_REF=8E0F5FCD SAMPLED_FB=897C1808 ACCEPT_REF=13E688A2 ACCEPT_FB=1338BFDD STAB_REF=0001 STAB_FB=0001
DMTD_BOUNDARY_ENABLE: RCER=00000001 OCER=03248801 EIC_IER=00000000 EIC_IMR=00000001 EIC_ISR=00000000 TRR_CSR=00020000
DMTD_BOUNDARY_EVENT: REF=05578F40 FB=0547F6F2 REF_SEEN=8FB2FF75 FB_SEEN=0756FF75 REF_LAST=26981E0F FB_LAST=26981E0F NOW=D0D0D207
DMTD_BOUNDARY_TAG: SOURCE=09E2BB73 REF=05578F41 FB=0547F6F2 REF_LAST=26981E10 FB_LAST=26981E10
DMTD_BOUNDARY_ARB: PENDING=00000000 GRANT=00000000 PENDING_LAST=00000000 GRANT_LAST=00000000
DMTD_BOUNDARY_OUTPUT: VALID=00020000 TRR_WRITE=00000000 VALID_LAST=00000000 TRR_LAST=00000000
DMTD_BOUNDARY_GATE: REF_ENABLED=00000000 FB_ENABLED=00000000 REF_REQ_SET=00000000 FB_REQ_SET=00000000
DMTD_BOUNDARY_GATE_LAST: REF_ENABLED=00000000 FB_ENABLED=00000000 REF_REQ=00000000 FB_REQ=00000000
DMTD_BOUNDARY_STATE: RAW=0C000002 REF_STATE=2 FB_STATE=0 REF_RESET=0 FB_RESET=0
DMTD_BOUNDARY_SAMPLE board=DE5 [1-11.2] sample=077 STATUS=4010C6E131BC82CF
DMTD_BOUNDARY_CORE: CSR=01010000 STAT_CR=00000000 STAT_VAL=00000000 DEGLITCH_THR=000003E8 SAMPLED_REF=916DE8A7 SAMPLED_FB=8CD8749F ACCEPT_REF=03248801 ACCEPT_FB=1338BFDD STAB_REF=0000 STAB_FB=0000
DMTD_BOUNDARY_ENABLE: RCER=01010000 OCER=03248801 EIC_IER=000002E8 EIC_IMR=000002E9 EIC_ISR=000002E8 TRR_CSR=00020000
DMTD_BOUNDARY_EVENT: REF=05578F40 FB=0547F6F2 REF_SEEN=15122289 FB_SEEN=83D2FF75 REF_LAST=26981E0F FB_LAST=26981E0F NOW=D280BCD5
DMTD_BOUNDARY_TAG: SOURCE=09E2BB73 REF=05578F41 FB=05578F41 REF_LAST=26981E10 FB_LAST=26981E10
DMTD_BOUNDARY_ARB: PENDING=00000000 GRANT=00000000 PENDING_LAST=00000000 GRANT_LAST=00000000
DMTD_BOUNDARY_OUTPUT: VALID=00000000 TRR_WRITE=00000000 VALID_LAST=00000000 TRR_LAST=00000000
DMTD_BOUNDARY_GATE: REF_ENABLED=00000000 FB_ENABLED=00000000 REF_REQ_SET=00000000 FB_REQ_SET=00000000
DMTD_BOUNDARY_GATE_LAST: REF_ENABLED=00000000 FB_ENABLED=00000000 REF_REQ=00000000 FB_REQ=00000000
DMTD_BOUNDARY_STATE: RAW=0C000002 REF_STATE=2 FB_STATE=0 REF_RESET=0 FB_RESET=0
DMTD_BOUNDARY_SAMPLE board=DE5 [1-11.2] sample=078 STATUS=4010C6E1215082CF
DMTD_BOUNDARY_CORE: CSR=01010000 STAT_CR=00000000 STAT_VAL=00000000 DEGLITCH_THR=000003E8 SAMPLED_REF=94CDC829 SAMPLED_FB=903622C4 ACCEPT_REF=13E688A2 ACCEPT_FB=1338BFDD STAB_REF=0001 STAB_FB=0001
DMTD_BOUNDARY_ENABLE: RCER=00000001 OCER=03248801 EIC_IER=000002E8 EIC_IMR=000002E9 EIC_ISR=000002E8 TRR_CSR=00020000
DMTD_BOUNDARY_EVENT: REF=05578F40 FB=0547F6F2 REF_SEEN=0547F6F2 FB_SEEN=D768FF75 REF_LAST=26981E0F FB_LAST=26981E0F NOW=D4317B27
DMTD_BOUNDARY_TAG: SOURCE=09E2BB73 REF=05578F41 FB=0547F6F2 REF_LAST=26981E10 FB_LAST=26981E10
DMTD_BOUNDARY_ARB: PENDING=00000000 GRANT=00000000 PENDING_LAST=00000000 GRANT_LAST=00000000
DMTD_BOUNDARY_OUTPUT: VALID=00000000 TRR_WRITE=00000000 VALID_LAST=00000000 TRR_LAST=00000000
DMTD_BOUNDARY_GATE: REF_ENABLED=00000000 FB_ENABLED=00000000 REF_REQ_SET=00000000 FB_REQ_SET=00000000
DMTD_BOUNDARY_GATE_LAST: REF_ENABLED=00000000 FB_ENABLED=00000000 REF_REQ=00000000 FB_REQ=00000000
DMTD_BOUNDARY_STATE: RAW=0C000002 REF_STATE=2 FB_STATE=0 REF_RESET=0 FB_RESET=0
DMTD_BOUNDARY_SAMPLE board=DE5 [1-11.2] sample=079 STATUS=4010C66131BC82EF
DMTD_BOUNDARY_CORE: CSR=01010000 STAT_CR=00000000 STAT_VAL=00000000 DEGLITCH_THR=000003E8 SAMPLED_REF=982BB4EC SAMPLED_FB=93923EA9 ACCEPT_REF=13E688A2 ACCEPT_FB=9820E6CB STAB_REF=0000 STAB_FB=0001
DMTD_BOUNDARY_ENABLE: RCER=01010000 OCER=03248801 EIC_IER=000002E8 EIC_IMR=000002E9 EIC_ISR=000002E8 TRR_CSR=00020000
DMTD_BOUNDARY_EVENT: REF=05578F40 FB=0547F6F2 REF_SEEN=F9062289 FB_SEEN=198CFF75 REF_LAST=26981E0F FB_LAST=26981E0F NOW=D5E159AF
DMTD_BOUNDARY_TAG: SOURCE=09E2BB73 REF=09E2BB73 FB=0547F6F2 REF_LAST=26981E10 FB_LAST=26981E10
DMTD_BOUNDARY_ARB: PENDING=00000000 GRANT=00000000 PENDING_LAST=00000000 GRANT_LAST=00000000
DMTD_BOUNDARY_OUTPUT: VALID=00000000 TRR_WRITE=00000000 VALID_LAST=00000000 TRR_LAST=00000000
DMTD_BOUNDARY_GATE: REF_ENABLED=00000000 FB_ENABLED=00000000 REF_REQ_SET=00000000 FB_REQ_SET=00000000
DMTD_BOUNDARY_GATE_LAST: REF_ENABLED=00000000 FB_ENABLED=00000000 REF_REQ=00000000 FB_REQ=00000000
DMTD_BOUNDARY_STATE: RAW=00000000 REF_STATE=0 FB_STATE=0 REF_RESET=0 FB_RESET=0
DMTD_BOUNDARY_SAMPLE board=DE5 [1-11.2] sample=080 STATUS=4010C6C1215082EF
DMTD_BOUNDARY_CORE: CSR=01010000 STAT_CR=00000000 STAT_VAL=00000000 DEGLITCH_THR=000003E8 SAMPLED_REF=9B8B3183 SAMPLED_FB=96EF681E ACCEPT_REF=13E688A2 ACCEPT_FB=1338BFDD STAB_REF=0000 STAB_FB=0001
DMTD_BOUNDARY_ENABLE: RCER=00000001 OCER=13E688A2 EIC_IER=000002E8 EIC_IMR=000002E8 EIC_ISR=000002E8 TRR_CSR=00020000
DMTD_BOUNDARY_EVENT: REF=05578F40 FB=0547F6F2 REF_SEEN=CC742289 FB_SEEN=83A8FF75 REF_LAST=26981E0F FB_LAST=26981E0F NOW=D791CB7A
DMTD_BOUNDARY_TAG: SOURCE=09E2BB73 REF=05578F41 FB=0547F6F2 REF_LAST=26981E10 FB_LAST=00000000
DMTD_BOUNDARY_ARB: PENDING=00000000 GRANT=00000000 PENDING_LAST=00000000 GRANT_LAST=00000000
DMTD_BOUNDARY_OUTPUT: VALID=00000000 TRR_WRITE=00000000 VALID_LAST=00000000 TRR_LAST=00000000
DMTD_BOUNDARY_GATE: REF_ENABLED=00000000 FB_ENABLED=00000000 REF_REQ_SET=00000000 FB_REQ_SET=00000000
DMTD_BOUNDARY_GATE_LAST: REF_ENABLED=00000000 FB_ENABLED=00000000 REF_REQ=00000000 FB_REQ=00000000
DMTD_BOUNDARY_STATE: RAW=0C000002 REF_STATE=2 FB_STATE=0 REF_RESET=0 FB_RESET=0
DMTD_BOUNDARY_SAMPLE board=DE5 [1-11.2] sample=081 STATUS=4010C6C3215082EF
DMTD_BOUNDARY_CORE: CSR=01010000 STAT_CR=00000000 STAT_VAL=00000000 DEGLITCH_THR=000003E8 SAMPLED_REF=9EE88F35 SAMPLED_FB=9A4ABD12 ACCEPT_REF=13E688A2 ACCEPT_FB=1338BFDD STAB_REF=0001 STAB_FB=0001
DMTD_BOUNDARY_ENABLE: RCER=00000001 OCER=03248801 EIC_IER=000002E8 EIC_IMR=000002E9 EIC_ISR=000002E9 TRR_CSR=00020000
DMTD_BOUNDARY_EVENT: REF=05578F40 FB=0547F6F2 REF_SEEN=37242289 FB_SEEN=FC12FF75 REF_LAST=26981E0F FB_LAST=26981E0F NOW=D941415F
DMTD_BOUNDARY_TAG: SOURCE=09E2BB73 REF=0547F6F2 FB=0547F6F2 REF_LAST=26981E10 FB_LAST=26981E10
DMTD_BOUNDARY_ARB: PENDING=00000000 GRANT=00000000 PENDING_LAST=00000000 GRANT_LAST=00000000
DMTD_BOUNDARY_OUTPUT: VALID=00000000 TRR_WRITE=00000000 VALID_LAST=00000000 TRR_LAST=00000000
DMTD_BOUNDARY_GATE: REF_ENABLED=00000000 FB_ENABLED=00000000 REF_REQ_SET=00000000 FB_REQ_SET=00000000
DMTD_BOUNDARY_GATE_LAST: REF_ENABLED=00000000 FB_ENABLED=00000000 REF_REQ=00000000 FB_REQ=00000000
DMTD_BOUNDARY_STATE: RAW=0C000002 REF_STATE=2 FB_STATE=0 REF_RESET=0 FB_RESET=0
DMTD_BOUNDARY_SAMPLE board=DE5 [1-11.2] sample=082 STATUS=4010C66331BC82CF
DMTD_BOUNDARY_CORE: CSR=01010000 STAT_CR=00000000 STAT_VAL=00000000 DEGLITCH_THR=000003E8 SAMPLED_REF=A24791EE SAMPLED_FB=9DA7BD4A ACCEPT_REF=13E688A2 ACCEPT_FB=1338BFDD STAB_REF=0001 STAB_FB=0000
DMTD_BOUNDARY_ENABLE: RCER=00000001 OCER=03248801 EIC_IER=000002E8 EIC_IMR=000002E9 EIC_ISR=000002E8 TRR_CSR=00020000
DMTD_BOUNDARY_EVENT: REF=05578F40 FB=05578F40 REF_SEEN=D0842289 FB_SEEN=2E32FF75 REF_LAST=26981E0F FB_LAST=26981E0F NOW=26981E0F
DMTD_BOUNDARY_TAG: SOURCE=09E2BB73 REF=05578F41 FB=0547F6F2 REF_LAST=26981E10 FB_LAST=26981E10
DMTD_BOUNDARY_ARB: PENDING=00000000 GRANT=00000000 PENDING_LAST=00000000 GRANT_LAST=00000000
DMTD_BOUNDARY_OUTPUT: VALID=00000000 TRR_WRITE=00000000 VALID_LAST=00000000 TRR_LAST=00000000
DMTD_BOUNDARY_GATE: REF_ENABLED=00000000 FB_ENABLED=00000000 REF_REQ_SET=00000000 FB_REQ_SET=00000000
DMTD_BOUNDARY_GATE_LAST: REF_ENABLED=00000000 FB_ENABLED=00000000 REF_REQ=00000000 FB_REQ=00000000
DMTD_BOUNDARY_STATE: RAW=0C000002 REF_STATE=2 FB_STATE=0 REF_RESET=0 FB_RESET=0
DMTD_BOUNDARY_SAMPLE board=DE5 [1-11.2] sample=083 STATUS=4010C6E131BC82CF
DMTD_BOUNDARY_CORE: CSR=01010000 STAT_CR=00000000 STAT_VAL=00000000 DEGLITCH_THR=000003E8 SAMPLED_REF=A5A60A4E SAMPLED_FB=A1042F51 ACCEPT_REF=03248801 ACCEPT_FB=1338BFDD STAB_REF=0000 STAB_FB=0000
DMTD_BOUNDARY_ENABLE: RCER=00000001 OCER=03248801 EIC_IER=000002E8 EIC_IMR=000002E9 EIC_ISR=000002E8 TRR_CSR=00020000
DMTD_BOUNDARY_EVENT: REF=05578F40 FB=0547F6F2 REF_SEEN=69322289 FB_SEEN=00D4FF75 REF_LAST=26981E0F FB_LAST=26981E0F NOW=DCA1A82E
DMTD_BOUNDARY_TAG: SOURCE=09E2BB73 REF=05578F41 FB=0547F6F2 REF_LAST=26981E10 FB_LAST=26981E10
DMTD_BOUNDARY_ARB: PENDING=00000000 GRANT=00000000 PENDING_LAST=00000000 GRANT_LAST=00000000
DMTD_BOUNDARY_OUTPUT: VALID=00020000 TRR_WRITE=00000000 VALID_LAST=00000000 TRR_LAST=00000000
DMTD_BOUNDARY_GATE: REF_ENABLED=00000000 FB_ENABLED=00000000 REF_REQ_SET=00000000 FB_REQ_SET=00000000
DMTD_BOUNDARY_GATE_LAST: REF_ENABLED=00000000 FB_ENABLED=00000000 REF_REQ=00000000 FB_REQ=00000000
DMTD_BOUNDARY_STATE: RAW=0C000002 REF_STATE=2 FB_STATE=0 REF_RESET=0 FB_RESET=0
DMTD_BOUNDARY_SAMPLE board=DE5 [1-11.2] sample=084 STATUS=4010C6E131BC82CF
DMTD_BOUNDARY_CORE: CSR=01010000 STAT_CR=00000000 STAT_VAL=00000000 DEGLITCH_THR=000003E8 SAMPLED_REF=A9055EB5 SAMPLED_FB=A461C8D4 ACCEPT_REF=13E688A2 ACCEPT_FB=1338BFDD STAB_REF=0000 STAB_FB=0001
DMTD_BOUNDARY_ENABLE: RCER=00000001 OCER=13E688A2 EIC_IER=000002E8 EIC_IMR=000002E9 EIC_ISR=000002E8 TRR_CSR=00020000
DMTD_BOUNDARY_EVENT: REF=0547F6F2 FB=0547F6F2 REF_SEEN=67B22289 FB_SEEN=C280FF75 REF_LAST=26981E0F FB_LAST=26981E10 NOW=DE527341
DMTD_BOUNDARY_TAG: SOURCE=09E2BB73 REF=05578F41 FB=0547F6F2 REF_LAST=26981E10 FB_LAST=00000000
DMTD_BOUNDARY_ARB: PENDING=00000000 GRANT=00000000 PENDING_LAST=00000000 GRANT_LAST=00000000
DMTD_BOUNDARY_OUTPUT: VALID=00000000 TRR_WRITE=00000000 VALID_LAST=00000000 TRR_LAST=0C000002
DMTD_BOUNDARY_GATE: REF_ENABLED=00000000 FB_ENABLED=00000000 REF_REQ_SET=00000000 FB_REQ_SET=00000000
DMTD_BOUNDARY_GATE_LAST: REF_ENABLED=00000000 FB_ENABLED=00000000 REF_REQ=00000000 FB_REQ=00000000
DMTD_BOUNDARY_STATE: RAW=0C000002 REF_STATE=2 FB_STATE=0 REF_RESET=0 FB_RESET=0
DMTD_BOUNDARY_SAMPLE board=DE5 [1-11.2] sample=085 STATUS=4010C643215082CF
DMTD_BOUNDARY_CORE: CSR=01010000 STAT_CR=00000000 STAT_VAL=00000000 DEGLITCH_THR=000003E8 SAMPLED_REF=AC636DA0 SAMPLED_FB=00010000 ACCEPT_REF=13E688A2 ACCEPT_FB=1338BFDD STAB_REF=0000 STAB_FB=0001
DMTD_BOUNDARY_ENABLE: RCER=00000001 OCER=03248801 EIC_IER=000002E8 EIC_IMR=000002E9 EIC_ISR=000002E8 TRR_CSR=00020000
DMTD_BOUNDARY_EVENT: REF=05578F40 FB=0547F6F2 REF_SEEN=607A2289 FB_SEEN=DF502289 REF_LAST=26981E0F FB_LAST=26981E0F NOW=E0025F67
DMTD_BOUNDARY_TAG: SOURCE=09E2BB73 REF=05578F41 FB=0547F6F2 REF_LAST=26981E10 FB_LAST=26981E10
DMTD_BOUNDARY_ARB: PENDING=00000000 GRANT=00000000 PENDING_LAST=00000000 GRANT_LAST=00000000
DMTD_BOUNDARY_OUTPUT: VALID=00000000 TRR_WRITE=00000000 VALID_LAST=00000000 TRR_LAST=00000000
DMTD_BOUNDARY_GATE: REF_ENABLED=00000000 FB_ENABLED=00000000 REF_REQ_SET=00000000 FB_REQ_SET=00000000
DMTD_BOUNDARY_GATE_LAST: REF_ENABLED=00000000 FB_ENABLED=00000000 REF_REQ=00000000 FB_REQ=00000000
DMTD_BOUNDARY_STATE: RAW=0C000002 REF_STATE=2 FB_STATE=0 REF_RESET=0 FB_RESET=0
DMTD_BOUNDARY_SAMPLE board=DE5 [1-11.2] sample=086 STATUS=4010C66331BC82CF
DMTD_BOUNDARY_CORE: CSR=01010000 STAT_CR=00000000 STAT_VAL=00000000 DEGLITCH_THR=2B2003E8 SAMPLED_REF=AFBF1F7F SAMPLED_FB=AB17D687 ACCEPT_REF=13E688A2 ACCEPT_FB=1338BFDD STAB_REF=A324 STAB_FB=AB22
DMTD_BOUNDARY_ENABLE: RCER=00000001 OCER=03248801 EIC_IER=2B2002E8 EIC_IMR=2B2002E8 EIC_ISR=2B2002E8 TRR_CSR=00020000
DMTD_BOUNDARY_EVENT: REF=05578F40 FB=0547F6F2 REF_SEEN=160C2289 FB_SEEN=CBB2FF75 REF_LAST=26981E0F FB_LAST=26981E0F NOW=E1B21075
DMTD_BOUNDARY_TAG: SOURCE=09E2BB73 REF=05578F41 FB=0547F6F2 REF_LAST=26981E10 FB_LAST=26981E10
DMTD_BOUNDARY_ARB: PENDING=2706FF75 GRANT=00000000 PENDING_LAST=00000000 GRANT_LAST=00000000
DMTD_BOUNDARY_OUTPUT: VALID=00000000 TRR_WRITE=09E2BB73 VALID_LAST=00000000 TRR_LAST=00000000
DMTD_BOUNDARY_GATE: REF_ENABLED=00000000 FB_ENABLED=00000000 REF_REQ_SET=00000000 FB_REQ_SET=00000000
DMTD_BOUNDARY_GATE_LAST: REF_ENABLED=00000000 FB_ENABLED=00000000 REF_REQ=00000000 FB_REQ=00000000
DMTD_BOUNDARY_STATE: RAW=0C000002 REF_STATE=2 FB_STATE=0 REF_RESET=0 FB_RESET=0
DMTD_BOUNDARY_SAMPLE board=DE5 [1-11.2] sample=087 STATUS=4010C6E1315082CF
DMTD_BOUNDARY_CORE: CSR=01010000 STAT_CR=00000000 STAT_VAL=00000000 DEGLITCH_THR=00010001 SAMPLED_REF=B322471A SAMPLED_FB=AE78CE79 ACCEPT_REF=13E688A2 ACCEPT_FB=1338BFDD STAB_REF=0001 STAB_FB=0001
DMTD_BOUNDARY_ENABLE: RCER=00000001 OCER=03248801 EIC_IER=00000000 EIC_IMR=00000000 EIC_ISR=00000000 TRR_CSR=13E688A2
DMTD_BOUNDARY_EVENT: REF=05578F40 FB=0547F6F2 REF_SEEN=2B362289 FB_SEEN=A6AEFF75 REF_LAST=26981E0F FB_LAST=26981E0F NOW=E363BD7B
DMTD_BOUNDARY_TAG: SOURCE=09E2BB73 REF=05578F41 FB=0547F6F2 REF_LAST=26981E10 FB_LAST=26981E10
DMTD_BOUNDARY_ARB: PENDING=00000000 GRANT=00000000 PENDING_LAST=00000000 GRANT_LAST=00000000
DMTD_BOUNDARY_OUTPUT: VALID=00000000 TRR_WRITE=00000000 VALID_LAST=00000000 TRR_LAST=00000000
DMTD_BOUNDARY_GATE: REF_ENABLED=00000000 FB_ENABLED=00000000 REF_REQ_SET=00000000 FB_REQ_SET=00000000
DMTD_BOUNDARY_GATE_LAST: REF_ENABLED=00000000 FB_ENABLED=00000000 REF_REQ=00000000 FB_REQ=00000000
DMTD_BOUNDARY_STATE: RAW=0C000002 REF_STATE=2 FB_STATE=0 REF_RESET=0 FB_RESET=0
DMTD_BOUNDARY_SAMPLE board=DE5 [1-11.2] sample=088 STATUS=4010C6C1215082EF
DMTD_BOUNDARY_CORE: CSR=00000001 STAT_CR=00000000 STAT_VAL=00000000 DEGLITCH_THR=000003E8 SAMPLED_REF=B68200C9 SAMPLED_FB=B1D6C927 ACCEPT_REF=13E688A2 ACCEPT_FB=B67731A2 STAB_REF=0001 STAB_FB=0001
DMTD_BOUNDARY_ENABLE: RCER=00000001 OCER=00000001 EIC_IER=000002E8 EIC_IMR=000002E8 EIC_ISR=000002E8 TRR_CSR=BC00FF75
DMTD_BOUNDARY_EVENT: REF=0547F6F2 FB=0547F6F2 REF_SEEN=DA6C2289 FB_SEEN=8F4EFF75 REF_LAST=26981E0F FB_LAST=26981E0F NOW=E5143950
DMTD_BOUNDARY_TAG: SOURCE=09E2BB73 REF=05578F41 FB=0547F6F2 REF_LAST=26981E10 FB_LAST=00000000
DMTD_BOUNDARY_ARB: PENDING=00000000 GRANT=00000000 PENDING_LAST=26981E10 GRANT_LAST=00000000
DMTD_BOUNDARY_OUTPUT: VALID=00000000 TRR_WRITE=00000000 VALID_LAST=00000000 TRR_LAST=00000000
DMTD_BOUNDARY_GATE: REF_ENABLED=00000000 FB_ENABLED=00000000 REF_REQ_SET=00000000 FB_REQ_SET=00000000
DMTD_BOUNDARY_GATE_LAST: REF_ENABLED=00000000 FB_ENABLED=00000000 REF_REQ=00000000 FB_REQ=00000000
DMTD_BOUNDARY_STATE: RAW=0C000002 REF_STATE=2 FB_STATE=0 REF_RESET=0 FB_RESET=0
DMTD_BOUNDARY_SAMPLE board=DE5 [1-11.2] sample=089 STATUS=4010C661215082EF
DMTD_BOUNDARY_CORE: CSR=01010000 STAT_CR=00000000 STAT_VAL=00000000 DEGLITCH_THR=000003E8 SAMPLED_REF=B9E2AB5C SAMPLED_FB=B5355E2B ACCEPT_REF=13E688A2 ACCEPT_FB=1338BFDD STAB_REF=0000 STAB_FB=0001
DMTD_BOUNDARY_ENABLE: RCER=00000001 OCER=03248801 EIC_IER=000002E8 EIC_IMR=000002E9 EIC_ISR=000002E8 TRR_CSR=00020000
DMTD_BOUNDARY_EVENT: REF=05578F40 FB=0547F6F2 REF_SEEN=C2082289 FB_SEEN=D978FF75 REF_LAST=26981E0F FB_LAST=26981E0F NOW=E6C5C21E
DMTD_BOUNDARY_TAG: SOURCE=09E2BB73 REF=0547F6F2 FB=05578F41 REF_LAST=26981E10 FB_LAST=26981E10
DMTD_BOUNDARY_ARB: PENDING=00000000 GRANT=00000000 PENDING_LAST=00000000 GRANT_LAST=00000000
DMTD_BOUNDARY_OUTPUT: VALID=00020000 TRR_WRITE=00000000 VALID_LAST=00000000 TRR_LAST=00000000
DMTD_BOUNDARY_GATE: REF_ENABLED=0C000002 FB_ENABLED=00000000 REF_REQ_SET=00000000 FB_REQ_SET=00000000
DMTD_BOUNDARY_GATE_LAST: REF_ENABLED=00000000 FB_ENABLED=00000000 REF_REQ=00000000 FB_REQ=00000000
DMTD_BOUNDARY_STATE: RAW=0C000002 REF_STATE=2 FB_STATE=0 REF_RESET=0 FB_RESET=0
DMTD_BOUNDARY_SAMPLE board=DE5 [1-11.2] sample=090 STATUS=4010C641215082EF
DMTD_BOUNDARY_CORE: CSR=01010000 STAT_CR=00000000 STAT_VAL=00000000 DEGLITCH_THR=000003E8 SAMPLED_REF=BD41C1DF SAMPLED_FB=00010000 ACCEPT_REF=13E688A2 ACCEPT_FB=1338BFDD STAB_REF=0000 STAB_FB=0000
DMTD_BOUNDARY_ENABLE: RCER=00000001 OCER=03248801 EIC_IER=000002E8 EIC_IMR=000002E9 EIC_ISR=000002E9 TRR_CSR=00020000
DMTD_BOUNDARY_EVENT: REF=0547F6F2 FB=0547F6F2 REF_SEEN=00862289 FB_SEEN=1EB8FF75 REF_LAST=26981E0F FB_LAST=26981E0F NOW=E87634B4
DMTD_BOUNDARY_TAG: SOURCE=09E2BB73 REF=05578F41 FB=0547F6F2 REF_LAST=26981E10 FB_LAST=26981E10
DMTD_BOUNDARY_ARB: PENDING=00000000 GRANT=00000000 PENDING_LAST=00000000 GRANT_LAST=00000000
DMTD_BOUNDARY_OUTPUT: VALID=00000000 TRR_WRITE=00000000 VALID_LAST=00000000 TRR_LAST=00000000
DMTD_BOUNDARY_GATE: REF_ENABLED=00000000 FB_ENABLED=00000000 REF_REQ_SET=00000000 FB_REQ_SET=00000000
DMTD_BOUNDARY_GATE_LAST: REF_ENABLED=00000000 FB_ENABLED=00000000 REF_REQ=00000000 FB_REQ=00000000
DMTD_BOUNDARY_STATE: RAW=0C000002 REF_STATE=2 FB_STATE=0 REF_RESET=0 FB_RESET=0
DMTD_BOUNDARY_SAMPLE board=DE5 [1-11.2] sample=091 STATUS=4010C6C331BC82CF
DMTD_BOUNDARY_CORE: CSR=01010000 STAT_CR=00000000 STAT_VAL=00000000 DEGLITCH_THR=000003E8 SAMPLED_REF=1338BFDD SAMPLED_FB=BBF1DF58 ACCEPT_REF=13E688A2 ACCEPT_FB=1338BFDD STAB_REF=0000 STAB_FB=0001
DMTD_BOUNDARY_ENABLE: RCER=00000001 OCER=03248801 EIC_IER=000002E8 EIC_IMR=000002E8 EIC_ISR=000002E8 TRR_CSR=00020000
DMTD_BOUNDARY_EVENT: REF=05578F40 FB=0547F6F2 REF_SEEN=508C2289 FB_SEEN=3648FF75 REF_LAST=26981E0F FB_LAST=26981E0F NOW=EA27D161
DMTD_BOUNDARY_TAG: SOURCE=00000000 REF=05578F41 FB=0547F6F2 REF_LAST=26981E10 FB_LAST=26981E10
DMTD_BOUNDARY_ARB: PENDING=00000000 GRANT=00000000 PENDING_LAST=00000000 GRANT_LAST=00000000
DMTD_BOUNDARY_OUTPUT: VALID=00020000 TRR_WRITE=00000000 VALID_LAST=00000000 TRR_LAST=00000000
DMTD_BOUNDARY_GATE: REF_ENABLED=0C000002 FB_ENABLED=00000000 REF_REQ_SET=00000000 FB_REQ_SET=00000000
DMTD_BOUNDARY_GATE_LAST: REF_ENABLED=00000000 FB_ENABLED=00000000 REF_REQ=00000000 FB_REQ=00000000
DMTD_BOUNDARY_STATE: RAW=0C000002 REF_STATE=2 FB_STATE=0 REF_RESET=0 FB_RESET=0
DMTD_BOUNDARY_SAMPLE board=DE5 [1-11.2] sample=092 STATUS=4010C643215082CF
DMTD_BOUNDARY_CORE: CSR=01010000 STAT_CR=00000000 STAT_VAL=00000000 DEGLITCH_THR=00000000 SAMPLED_REF=C403C6A5 SAMPLED_FB=BF5158C4 ACCEPT_REF=13E688A2 ACCEPT_FB=1338BFDD STAB_REF=0001 STAB_FB=0000
DMTD_BOUNDARY_ENABLE: RCER=01010000 OCER=03248801 EIC_IER=00000000 EIC_IMR=00000001 EIC_ISR=00000000 TRR_CSR=00020000
DMTD_BOUNDARY_EVENT: REF=05578F40 FB=05578F40 REF_SEEN=1A202289 FB_SEEN=A716FF75 REF_LAST=26981E0F FB_LAST=26981E0F NOW=EBD94BFC
DMTD_BOUNDARY_TAG: SOURCE=09E2BB73 REF=05578F41 FB=0547F6F2 REF_LAST=26981E10 FB_LAST=26981E10
DMTD_BOUNDARY_ARB: PENDING=00000000 GRANT=00000000 PENDING_LAST=00000000 GRANT_LAST=00000000
DMTD_BOUNDARY_OUTPUT: VALID=00000000 TRR_WRITE=00000000 VALID_LAST=00000000 TRR_LAST=00000000
DMTD_BOUNDARY_GATE: REF_ENABLED=00000000 FB_ENABLED=00000000 REF_REQ_SET=00000000 FB_REQ_SET=00000000
DMTD_BOUNDARY_GATE_LAST: REF_ENABLED=00000000 FB_ENABLED=00000000 REF_REQ=00000000 FB_REQ=00000000
DMTD_BOUNDARY_STATE: RAW=0C000002 REF_STATE=2 FB_STATE=0 REF_RESET=0 FB_RESET=0
DMTD_BOUNDARY_SAMPLE board=DE5 [1-11.2] sample=093 STATUS=4010C641215082CF
DMTD_BOUNDARY_CORE: CSR=01010000 STAT_CR=00000000 STAT_VAL=00000000 DEGLITCH_THR=000003E8 SAMPLED_REF=C7653FD9 SAMPLED_FB=C7701340 ACCEPT_REF=13E688A2 ACCEPT_FB=1338BFDD STAB_REF=0001 STAB_FB=0001
DMTD_BOUNDARY_ENABLE: RCER=00000001 OCER=03248801 EIC_IER=000002E8 EIC_IMR=000002E9 EIC_ISR=000002E8 TRR_CSR=00020000
DMTD_BOUNDARY_EVENT: REF=05578F40 FB=0547F6F2 REF_SEEN=1F562289 FB_SEEN=8850FF75 REF_LAST=26981E0F FB_LAST=26981E0F NOW=ED8B2065
DMTD_BOUNDARY_TAG: SOURCE=09E2BB73 REF=0547F6F2 FB=0547F6F2 REF_LAST=26981E10 FB_LAST=26981E10
DMTD_BOUNDARY_ARB: PENDING=00000000 GRANT=00000000 PENDING_LAST=00000000 GRANT_LAST=00000000
DMTD_BOUNDARY_OUTPUT: VALID=00000000 TRR_WRITE=00000000 VALID_LAST=00000000 TRR_LAST=00000000
DMTD_BOUNDARY_GATE: REF_ENABLED=00000000 FB_ENABLED=00000000 REF_REQ_SET=00000000 FB_REQ_SET=00000000
DMTD_BOUNDARY_GATE_LAST: REF_ENABLED=00000000 FB_ENABLED=00000000 REF_REQ=00000000 FB_REQ=00000000
DMTD_BOUNDARY_STATE: RAW=0C000002 REF_STATE=2 FB_STATE=0 REF_RESET=0 FB_RESET=0
DMTD_BOUNDARY_SAMPLE board=DE5 [1-11.2] sample=094 STATUS=4010C6E131BC82CF
DMTD_BOUNDARY_CORE: CSR=01010000 STAT_CR=00000000 STAT_VAL=00000000 DEGLITCH_THR=000003E8 SAMPLED_REF=CAC67FAF SAMPLED_FB=C610C97C ACCEPT_REF=13E688A2 ACCEPT_FB=1338BFDD STAB_REF=0001 STAB_FB=0000
DMTD_BOUNDARY_ENABLE: RCER=00000001 OCER=03248801 EIC_IER=000002E8 EIC_IMR=000002E9 EIC_ISR=000002E8 TRR_CSR=00020000
DMTD_BOUNDARY_EVENT: REF=05578F40 FB=05578F40 REF_SEEN=EBDA2289 FB_SEEN=DBAAFF75 REF_LAST=26981E0F FB_LAST=26981E0F NOW=EF3CF003
DMTD_BOUNDARY_TAG: SOURCE=09E2BB73 REF=05578F41 FB=0547F6F2 REF_LAST=26981E10 FB_LAST=26981E10
DMTD_BOUNDARY_ARB: PENDING=00000000 GRANT=00000000 PENDING_LAST=26981E10 GRANT_LAST=00000000
DMTD_BOUNDARY_OUTPUT: VALID=00000000 TRR_WRITE=00000000 VALID_LAST=00000000 TRR_LAST=00000000
DMTD_BOUNDARY_GATE: REF_ENABLED=00000000 FB_ENABLED=00000000 REF_REQ_SET=00000000 FB_REQ_SET=00000000
DMTD_BOUNDARY_GATE_LAST: REF_ENABLED=00000000 FB_ENABLED=00000000 REF_REQ=00000000 FB_REQ=00000000
DMTD_BOUNDARY_STATE: RAW=0C000002 REF_STATE=2 FB_STATE=0 REF_RESET=0 FB_RESET=0
DMTD_BOUNDARY_SAMPLE board=DE5 [1-11.2] sample=095 STATUS=4010C66331BC82CF
DMTD_BOUNDARY_CORE: CSR=00000001 STAT_CR=00000000 STAT_VAL=00000000 DEGLITCH_THR=000003E8 SAMPLED_REF=CE26A161 SAMPLED_FB=C970C3B1 ACCEPT_REF=13E688A2 ACCEPT_FB=1338BFDD STAB_REF=0001 STAB_FB=0001
DMTD_BOUNDARY_ENABLE: RCER=01010000 OCER=03248801 EIC_IER=000002E8 EIC_IMR=000002E8 EIC_ISR=000002E8 TRR_CSR=00020000
DMTD_BOUNDARY_EVENT: REF=0547F6F2 FB=0547F6F2 REF_SEEN=9DCA2289 FB_SEEN=3ADCFF75 REF_LAST=26981E0F FB_LAST=26981E0F NOW=F0EEA0A7
DMTD_BOUNDARY_TAG: SOURCE=09E2BB73 REF=05578F41 FB=0547F6F2 REF_LAST=26981E0F FB_LAST=26981E10
DMTD_BOUNDARY_ARB: PENDING=00000000 GRANT=00000000 PENDING_LAST=00000000 GRANT_LAST=00000000
DMTD_BOUNDARY_OUTPUT: VALID=00000000 TRR_WRITE=00000000 VALID_LAST=00000000 TRR_LAST=00000000
DMTD_BOUNDARY_GATE: REF_ENABLED=00000000 FB_ENABLED=00000000 REF_REQ_SET=00000000 FB_REQ_SET=00000000
DMTD_BOUNDARY_GATE_LAST: REF_ENABLED=00000000 FB_ENABLED=00000000 REF_REQ=00000000 FB_REQ=00000000
DMTD_BOUNDARY_STATE: RAW=0C000002 REF_STATE=2 FB_STATE=0 REF_RESET=0 FB_RESET=0
DMTD_BOUNDARY_SAMPLE board=DE5 [1-11.2] sample=096 STATUS=4010C66131BC82CF
DMTD_BOUNDARY_CORE: CSR=01010000 STAT_CR=00000000 STAT_VAL=00000000 DEGLITCH_THR=4C1803E8 SAMPLED_REF=1338BFDD SAMPLED_FB=CCCED494 ACCEPT_REF=13E688A2 ACCEPT_FB=1338BFDD STAB_REF=A3A1 STAB_FB=CCD9
DMTD_BOUNDARY_ENABLE: RCER=00000001 OCER=03248801 EIC_IER=00000000 EIC_IMR=00000001 EIC_ISR=00000000 TRR_CSR=00020000
DMTD_BOUNDARY_EVENT: REF=05578F40 FB=0547F6F2 REF_SEEN=1F582289 FB_SEEN=3CC42289 REF_LAST=26981E0F FB_LAST=26981E0F NOW=26981E0F
DMTD_BOUNDARY_TAG: SOURCE=09E2BB73 REF=05578F41 FB=0547F6F2 REF_LAST=26981E10 FB_LAST=26981E10
DMTD_BOUNDARY_ARB: PENDING=00000000 GRANT=00000000 PENDING_LAST=00000000 GRANT_LAST=00000000
DMTD_BOUNDARY_OUTPUT: VALID=00000000 TRR_WRITE=00000000 VALID_LAST=00000000 TRR_LAST=00000000
DMTD_BOUNDARY_GATE: REF_ENABLED=00000000 FB_ENABLED=00000000 REF_REQ_SET=00000000 FB_REQ_SET=00000000
DMTD_BOUNDARY_GATE_LAST: REF_ENABLED=00000000 FB_ENABLED=00000000 REF_REQ=00000000 FB_REQ=00000000
DMTD_BOUNDARY_STATE: RAW=0C000002 REF_STATE=2 FB_STATE=0 REF_RESET=0 FB_RESET=0
DMTD_BOUNDARY_SAMPLE board=DE5 [1-11.2] sample=097 STATUS=4010C6C131BC82EF
DMTD_BOUNDARY_CORE: CSR=01010000 STAT_CR=00000000 STAT_VAL=00000000 DEGLITCH_THR=000003E8 SAMPLED_REF=D4E8C09C SAMPLED_FB=D02CD467 ACCEPT_REF=13E688A2 ACCEPT_FB=13E688A2 STAB_REF=0001 STAB_FB=0000
DMTD_BOUNDARY_ENABLE: RCER=00000001 OCER=03248801 EIC_IER=000002E8 EIC_IMR=000002E9 EIC_ISR=000002E8 TRR_CSR=00020000
DMTD_BOUNDARY_EVENT: REF=05578F40 FB=05578F40 REF_SEEN=00000000 FB_SEEN=C6B4FF75 REF_LAST=26981E0F FB_LAST=26981E0F NOW=26981E0F
DMTD_BOUNDARY_TAG: SOURCE=09E2BB73 REF=05578F41 FB=0547F6F2 REF_LAST=26981E0F FB_LAST=26981E10
DMTD_BOUNDARY_ARB: PENDING=00000000 GRANT=00000000 PENDING_LAST=00000000 GRANT_LAST=00000000
DMTD_BOUNDARY_OUTPUT: VALID=00000000 TRR_WRITE=00000000 VALID_LAST=00000000 TRR_LAST=00000000
DMTD_BOUNDARY_GATE: REF_ENABLED=00000000 FB_ENABLED=00000000 REF_REQ_SET=00000000 FB_REQ_SET=00000000
DMTD_BOUNDARY_GATE_LAST: REF_ENABLED=00000000 FB_ENABLED=00000000 REF_REQ=00000000 FB_REQ=00000000
DMTD_BOUNDARY_STATE: RAW=0C000002 REF_STATE=2 FB_STATE=0 REF_RESET=0 FB_RESET=0
DMTD_BOUNDARY_SAMPLE board=DE5 [1-11.2] sample=098 STATUS=4010C6C321BC82CF
DMTD_BOUNDARY_CORE: CSR=01010000 STAT_CR=00000000 STAT_VAL=00000000 DEGLITCH_THR=00010000 SAMPLED_REF=D84CA68F SAMPLED_FB=D38E9F66 ACCEPT_REF=13E688A2 ACCEPT_FB=1338BFDD STAB_REF=0000 STAB_FB=0001
DMTD_BOUNDARY_ENABLE: RCER=00000001 OCER=00000001 EIC_IER=00000000 EIC_IMR=00000001 EIC_ISR=00000000 TRR_CSR=00020000
DMTD_BOUNDARY_EVENT: REF=05578F40 FB=0547F6F2 REF_SEEN=E9BA2289 FB_SEEN=A06C2289 REF_LAST=26981E0F FB_LAST=26981E0F NOW=F6030A0B
DMTD_BOUNDARY_TAG: SOURCE=09E2BB73 REF=05578F41 FB=0547F6F2 REF_LAST=26981E10 FB_LAST=26981E10
DMTD_BOUNDARY_ARB: PENDING=00000000 GRANT=00000000 PENDING_LAST=00000000 GRANT_LAST=00000000
DMTD_BOUNDARY_OUTPUT: VALID=00000000 TRR_WRITE=00000000 VALID_LAST=00000000 TRR_LAST=0C000002
DMTD_BOUNDARY_GATE: REF_ENABLED=00000000 FB_ENABLED=00000000 REF_REQ_SET=00000000 FB_REQ_SET=00000000
DMTD_BOUNDARY_GATE_LAST: REF_ENABLED=00000000 FB_ENABLED=00000000 REF_REQ=00000000 FB_REQ=00000000
DMTD_BOUNDARY_STATE: RAW=0C000002 REF_STATE=2 FB_STATE=0 REF_RESET=0 FB_RESET=0
DMTD_BOUNDARY_SAMPLE board=DE5 [1-11.2] sample=099 STATUS=4010C641215082CF
DMTD_BOUNDARY_CORE: CSR=01010000 STAT_CR=00000000 STAT_VAL=00000000 DEGLITCH_THR=00000000 SAMPLED_REF=DBAFBDB6 SAMPLED_FB=D6EFF793 ACCEPT_REF=13E688A2 ACCEPT_FB=1338BFDD STAB_REF=0001 STAB_FB=0001
DMTD_BOUNDARY_ENABLE: RCER=00000001 OCER=03248801 EIC_IER=00000000 EIC_IMR=00000001 EIC_ISR=00000001 TRR_CSR=00020000
DMTD_BOUNDARY_EVENT: REF=05578F40 FB=0547F6F2 REF_SEEN=60D62289 FB_SEEN=506AFF75 REF_LAST=26981E0F FB_LAST=26981E10 NOW=F7B74218
DMTD_BOUNDARY_TAG: SOURCE=09E2BB73 REF=05578F41 FB=0547F6F2 REF_LAST=26981E0F FB_LAST=26981E10
DMTD_BOUNDARY_ARB: PENDING=00000000 GRANT=00000000 PENDING_LAST=00000000 GRANT_LAST=00000000
DMTD_BOUNDARY_OUTPUT: VALID=00000000 TRR_WRITE=00000000 VALID_LAST=00000000 TRR_LAST=00000000
DMTD_BOUNDARY_GATE: REF_ENABLED=00000000 FB_ENABLED=00000000 REF_REQ_SET=00000000 FB_REQ_SET=00000000
DMTD_BOUNDARY_GATE_LAST: REF_ENABLED=00000000 FB_ENABLED=00000000 REF_REQ=00000000 FB_REQ=00000000
DMTD_BOUNDARY_STATE: RAW=0C000002 REF_STATE=2 FB_STATE=0 REF_RESET=0 FB_RESET=0
DMTD_BOUNDARY_SAMPLE board=DE5 [1-11.2] sample=100 STATUS=4010C641215082CF
DMTD_BOUNDARY_CORE: CSR=01010000 STAT_CR=00000000 STAT_VAL=00000000 DEGLITCH_THR=000003E8 SAMPLED_REF=DF14FB1A SAMPLED_FB=00000000 ACCEPT_REF=13E688A2 ACCEPT_FB=1338BFDD STAB_REF=0001 STAB_FB=0001
DMTD_BOUNDARY_ENABLE: RCER=00000001 OCER=03248801 EIC_IER=000002E8 EIC_IMR=000002E8 EIC_ISR=000002E8 TRR_CSR=00020000
DMTD_BOUNDARY_EVENT: REF=0547F6F2 FB=0547F6F2 REF_SEEN=C2062289 FB_SEEN=774CFF75 REF_LAST=26981E0F FB_LAST=26981E0F NOW=F968E1CB
DMTD_BOUNDARY_TAG: SOURCE=09E2BB73 REF=05578F41 FB=0547F6F2 REF_LAST=26981E10 FB_LAST=26981E10
DMTD_BOUNDARY_ARB: PENDING=00000000 GRANT=00000000 PENDING_LAST=00000000 GRANT_LAST=00000000
DMTD_BOUNDARY_OUTPUT: VALID=00000000 TRR_WRITE=00000000 VALID_LAST=00000000 TRR_LAST=00000000
DMTD_BOUNDARY_GATE: REF_ENABLED=00000000 FB_ENABLED=00000000 REF_REQ_SET=00000000 FB_REQ_SET=00000000
DMTD_BOUNDARY_GATE_LAST: REF_ENABLED=00000000 FB_ENABLED=00000000 REF_REQ=00000000 FB_REQ=00000000
DMTD_BOUNDARY_STATE: RAW=0C000002 REF_STATE=2 FB_STATE=0 REF_RESET=0 FB_RESET=0
DMTD_BOUNDARY_DONE
Info (23030): Evaluation of Tcl script /home/b10504072/04_WR/scripts/jtag/read_step4_dmtd_boundary.tcl was successful
Info: Quartus Prime SignalTap II was successful. 0 errors, 0 warnings
    Info: Peak virtual memory: 772 megabytes
    Info: Processing ended: Sun Aug 23 17:55:20 2026
    Info: Elapsed time: 00:01:31
    Info: Total CPU time (on all processors): 00:00:02
