----------------
; Command Info ;
----------------
Report Timing: Found 20 hold paths (0 violated).  Worst case slack is 0.188 

Tcl Command:
    report_timing -hold -file /home/b10504072/04_WR/pain-worktrees/step6-global-time/docs/experiments/exp-step6-global-time/EXP-S6B-TIMING-QUERY-BOUNDARY-CORRECTION-20260922/raw/timing/master_step6b_timing.txt.refclk_to_armed.hold.rpt -to [get_registers {*step6b_armed*}] -from_clock [get_clocks {qsfp_ref_125m}] -to_clock [get_clocks {qsfp_ref_125m}] -npaths 20 -detail full_path

Options:
    -to [get_registers {*step6b_armed*}] 
    -from_clock [get_clocks {qsfp_ref_125m}] 
    -to_clock [get_clocks {qsfp_ref_125m}] 
    -hold 
    -npaths 20 
    -detail full_path 
    -file {/home/b10504072/04_WR/pain-worktrees/step6-global-time/docs/experiments/exp-step6-global-time/EXP-S6B-TIMING-QUERY-BOUNDARY-CORRECTION-20260922/raw/timing/master_step6b_timing.txt.refclk_to_armed.hold.rpt} 

Delay Model:
    Slow 900mV 100C Model

+---------------------------------------------------------------------------------------------------------------------------------------------------------------------------------------------+
; Summary of Paths                                                                                                                                                                            ;
+-------+---------------------------------------------------------------------------------------------+--------------+---------------+---------------+--------------+------------+------------+
; Slack ; From Node                                                                                   ; To Node      ; Launch Clock  ; Latch Clock   ; Relationship ; Clock Skew ; Data Delay ;
+-------+---------------------------------------------------------------------------------------------+--------------+---------------+---------------+--------------+------------+------------+
; 0.188 ; step6b_arm_sync                                                                             ; step6b_armed ; qsfp_ref_125m ; qsfp_ref_125m ; 0.000        ; 0.003      ; 0.581      ;
; 0.192 ; step6b_fired                                                                                ; step6b_armed ; qsfp_ref_125m ; qsfp_ref_125m ; 0.000        ; 0.003      ; 0.585      ;
; 0.322 ; step6b_armed                                                                                ; step6b_armed ; qsfp_ref_125m ; qsfp_ref_125m ; 0.000        ; 0.003      ; 0.715      ;
; 0.338 ; step6b_arm_sync_prev                                                                        ; step6b_armed ; qsfp_ref_125m ; qsfp_ref_125m ; 0.000        ; 0.003      ; 0.731      ;
; 0.747 ; step6b_target_tai_latched[37]                                                               ; step6b_armed ; qsfp_ref_125m ; qsfp_ref_125m ; 0.000        ; 0.049      ; 1.186      ;
; 0.893 ; step6b_target_tai_latched[0]                                                                ; step6b_armed ; qsfp_ref_125m ; qsfp_ref_125m ; 0.000        ; 0.049      ; 1.332      ;
; 0.900 ; step6b_target_tai_latched[36]                                                               ; step6b_armed ; qsfp_ref_125m ; qsfp_ref_125m ; 0.000        ; 0.049      ; 1.339      ;
; 0.957 ; step6b_target_tai_latched[35]                                                               ; step6b_armed ; qsfp_ref_125m ; qsfp_ref_125m ; 0.000        ; 0.049      ; 1.396      ;
; 1.049 ; step6b_target_tai_latched[34]                                                               ; step6b_armed ; qsfp_ref_125m ; qsfp_ref_125m ; 0.000        ; 0.050      ; 1.489      ;
; 1.070 ; step6b_target_tai_latched[1]                                                                ; step6b_armed ; qsfp_ref_125m ; qsfp_ref_125m ; 0.000        ; 0.037      ; 1.497      ;
; 1.298 ; step6b_target_tai_latched[32]                                                               ; step6b_armed ; qsfp_ref_125m ; qsfp_ref_125m ; 0.000        ; 0.050      ; 1.738      ;
; 1.335 ; xwr_core:u_xwr_core|wr_core:WRPC|xwr_pps_gen:PPS_GEN|wr_pps_gen:WRAPPED_PPSGEN|cntr_utc[37] ; step6b_armed ; qsfp_ref_125m ; qsfp_ref_125m ; 0.000        ; 0.000      ; 1.725      ;
; 1.361 ; step6b_target_tai_latched[39]                                                               ; step6b_armed ; qsfp_ref_125m ; qsfp_ref_125m ; 0.000        ; 0.004      ; 1.755      ;
; 1.369 ; step6b_target_tai_latched[33]                                                               ; step6b_armed ; qsfp_ref_125m ; qsfp_ref_125m ; 0.000        ; 0.050      ; 1.809      ;
; 1.407 ; step6b_target_tai_latched[38]                                                               ; step6b_armed ; qsfp_ref_125m ; qsfp_ref_125m ; 0.000        ; 0.004      ; 1.801      ;
; 1.408 ; step6b_target_tai_latched[29]                                                               ; step6b_armed ; qsfp_ref_125m ; qsfp_ref_125m ; 0.000        ; 0.000      ; 1.798      ;
; 1.427 ; step6b_target_tai_latched[14]                                                               ; step6b_armed ; qsfp_ref_125m ; qsfp_ref_125m ; 0.000        ; 0.002      ; 1.819      ;
; 1.445 ; xwr_core:u_xwr_core|wr_core:WRPC|xwr_pps_gen:PPS_GEN|wr_pps_gen:WRAPPED_PPSGEN|cntr_utc[0]  ; step6b_armed ; qsfp_ref_125m ; qsfp_ref_125m ; 0.000        ; -0.012     ; 1.823      ;
; 1.457 ; step6b_target_tai_latched[28]                                                               ; step6b_armed ; qsfp_ref_125m ; qsfp_ref_125m ; 0.000        ; 0.000      ; 1.847      ;
; 1.491 ; step6b_target_tai_latched[27]                                                               ; step6b_armed ; qsfp_ref_125m ; qsfp_ref_125m ; 0.000        ; 0.000      ; 1.881      ;
+-------+---------------------------------------------------------------------------------------------+--------------+---------------+---------------+--------------+------------+------------+

Path #1: Hold slack is 0.188 
===============================================================================
+--------------------------------------+
; Path Summary                         ;
+--------------------+-----------------+
; Property           ; Value           ;
+--------------------+-----------------+
; From Node          ; step6b_arm_sync ;
; To Node            ; step6b_armed    ;
; Launch Clock       ; qsfp_ref_125m   ;
; Latch Clock        ; qsfp_ref_125m   ;
; Data Arrival Time  ; 5.237           ;
; Data Required Time ; 5.049           ;
; Slack              ; 0.188           ;
+--------------------+-----------------+

+-----------------------------------------------------------------------------------+
; Statistics                                                                        ;
+------------------------+-------+-------+-------------+------------+-------+-------+
; Property               ; Value ; Count ; Total Delay ; % of Total ; Min   ; Max   ;
+------------------------+-------+-------+-------------+------------+-------+-------+
; Hold Relationship      ; 0.000 ;       ;             ;            ;       ;       ;
; Clock Skew             ; 0.003 ;       ;             ;            ;       ;       ;
; Data Delay             ; 0.581 ;       ;             ;            ;       ;       ;
; Number of Logic Levels ;       ; 1     ;             ;            ;       ;       ;
; Physical Delays        ;       ;       ;             ;            ;       ;       ;
;  Arrival Path          ;       ;       ;             ;            ;       ;       ;
;   Clock                ;       ;       ;             ;            ;       ;       ;
;    IC                  ;       ; 4     ; 3.214       ; 69         ; 0.000 ; 3.214 ;
;    Cell                ;       ; 5     ; 1.442       ; 31         ; 0.000 ; 0.974 ;
;   Data                 ;       ;       ;             ;            ;       ;       ;
;    IC                  ;       ; 1     ; 0.235       ; 40         ; 0.235 ; 0.235 ;
;    Cell                ;       ; 4     ; 0.181       ; 31         ; 0.000 ; 0.097 ;
;    uTco                ;       ; 1     ; 0.165       ; 28         ; 0.165 ; 0.165 ;
;  Required Path         ;       ;       ;             ;            ;       ;       ;
;   Clock                ;       ;       ;             ;            ;       ;       ;
;    IC                  ;       ; 4     ; 3.465       ; 67         ; 0.000 ; 3.465 ;
;    Cell                ;       ; 5     ; 1.707       ; 33         ; 0.000 ; 1.166 ;
+------------------------+-------+-------+-------------+------------+-------+-------+
Note: Negative delays are omitted from totals when calculating percentages

+----------------------------------------------------------------------------------------------------------------------------------------------------------------------------+
; Data Arrival Path                                                                                                                                                          ;
+---------+---------+----+------+--------+-----------------------+------------+----------------------------------------------------------------------------------------------+
; Total   ; Incr    ; RF ; Type ; Fanout ; Location              ; HS/LP      ; Element                                                                                      ;
+---------+---------+----+------+--------+-----------------------+------------+----------------------------------------------------------------------------------------------+
; 0.000   ; 0.000   ;    ;      ;        ;                       ;            ; launch edge time                                                                             ;
; 4.656   ; 4.656   ;    ;      ;        ;                       ;            ; clock path                                                                                   ;
;   0.000 ;   0.000 ;    ;      ;        ;                       ;            ; source latency                                                                               ;
;   0.000 ;   0.000 ;    ;      ; 1      ; PIN_AH5               ;            ; QSFPA_REFCLK_p                                                                               ;
;   0.000 ;   0.000 ; RR ; IC   ; 1      ; IOIBUF_X224_Y13_N108  ;            ; QSFPA_REFCLK_p~input|i                                                                       ;
;   0.070 ;   0.070 ; RR ; CELL ; 1      ; IOIBUF_X224_Y13_N108  ;            ; QSFPA_REFCLK_p~input|o                                                                       ;
;   0.070 ;   0.000 ; RR ; IC   ; 1      ; HSSIREFCLKDIVIDER_4CT ;            ; QSFPA_REFCLK_p~inputFITTER_INSERTED|refclk_inp                                               ;
;   0.070 ;   0.000 ; RR ; CELL ; 3      ; HSSIREFCLKDIVIDER_4CT ;            ; QSFPA_REFCLK_p~inputFITTER_INSERTED|refclk_a                                                 ;
;   1.044 ;   0.974 ; RR ; CELL ; 1      ; HSSIREFCLKDIVIDER_4CT ;            ; QSFPA_REFCLK_p~inputFITTER_INSERTED~hssi_tile/ch4_pld_pma_fpll_fbclkout_lc_lvpecl_to_coreclk ;
;   1.044 ;   0.000 ; RR ; IC   ; 2      ; CLKCTRL_4C_G_I19      ;            ; QSFPA_REFCLK_p~inputFITTER_INSERTEDCLKENA0|inclk                                             ;
;   1.442 ;   0.398 ; RR ; CELL ; 1013   ; CLKCTRL_4C_G_I19      ;            ; QSFPA_REFCLK_p~inputFITTER_INSERTEDCLKENA0|outclk                                            ;
;   4.656 ;   3.214 ; RR ; IC   ; 1      ; FF_X138_Y42_N1        ; High Speed ; step6b_arm_sync|clk                                                                          ;
;   4.656 ;   0.000 ; RR ; CELL ; 1      ; FF_X138_Y42_N1        ; High Speed ; step6b_arm_sync                                                                              ;
; 5.237   ; 0.581   ;    ;      ;        ;                       ;            ; data path                                                                                    ;
;   4.821 ;   0.165 ; FF ; uTco ; 1      ; FF_X138_Y42_N1        ;            ; step6b_arm_sync|q                                                                            ;
;   4.905 ;   0.084 ; FF ; CELL ; 6      ; FF_X138_Y42_N1        ; High Speed ; step6b_arm_sync~la_lab/laboutt[0]                                                            ;
;   5.140 ;   0.235 ; FF ; IC   ; 1      ; LABCELL_X138_Y42_N33  ; High Speed ; step6b_armed~0|datac                                                                         ;
;   5.237 ;   0.097 ; FF ; CELL ; 1      ; LABCELL_X138_Y42_N33  ; High Speed ; step6b_armed~0|combout                                                                       ;
;   5.237 ;   0.000 ; FF ; CELL ; 1      ; FF_X138_Y42_N34       ; High Speed ; step6b_armed|d                                                                               ;
;   5.237 ;   0.000 ; FF ; CELL ; 1      ; FF_X138_Y42_N34       ; High Speed ; step6b_armed                                                                                 ;
+---------+---------+----+------+--------+-----------------------+------------+----------------------------------------------------------------------------------------------+

+-----------------------------------------------------------------------------------------------------------------------------------------------------------------------------+
; Data Required Path                                                                                                                                                          ;
+---------+----------+----+------+--------+-----------------------+------------+----------------------------------------------------------------------------------------------+
; Total   ; Incr     ; RF ; Type ; Fanout ; Location              ; HS/LP      ; Element                                                                                      ;
+---------+----------+----+------+--------+-----------------------+------------+----------------------------------------------------------------------------------------------+
; 0.000   ; 0.000    ;    ;      ;        ;                       ;            ; latch edge time                                                                              ;
; 4.659   ; 4.659    ;    ;      ;        ;                       ;            ; clock path                                                                                   ;
;   0.000 ;   0.000  ;    ;      ;        ;                       ;            ; source latency                                                                               ;
;   0.000 ;   0.000  ;    ;      ; 1      ; PIN_AH5               ;            ; QSFPA_REFCLK_p                                                                               ;
;   0.000 ;   0.000  ; RR ; IC   ; 1      ; IOIBUF_X224_Y13_N108  ;            ; QSFPA_REFCLK_p~input|i                                                                       ;
;   0.070 ;   0.070  ; RR ; CELL ; 1      ; IOIBUF_X224_Y13_N108  ;            ; QSFPA_REFCLK_p~input|o                                                                       ;
;   0.070 ;   0.000  ; RR ; IC   ; 1      ; HSSIREFCLKDIVIDER_4CT ;            ; QSFPA_REFCLK_p~inputFITTER_INSERTED|refclk_inp                                               ;
;   0.070 ;   0.000  ; RR ; CELL ; 3      ; HSSIREFCLKDIVIDER_4CT ;            ; QSFPA_REFCLK_p~inputFITTER_INSERTED|refclk_a                                                 ;
;   1.236 ;   1.166  ; RR ; CELL ; 1      ; HSSIREFCLKDIVIDER_4CT ;            ; QSFPA_REFCLK_p~inputFITTER_INSERTED~hssi_tile/ch4_pld_pma_fpll_fbclkout_lc_lvpecl_to_coreclk ;
;   1.236 ;   0.000  ; RR ; IC   ; 2      ; CLKCTRL_4C_G_I19      ;            ; QSFPA_REFCLK_p~inputFITTER_INSERTEDCLKENA0|inclk                                             ;
;   1.707 ;   0.471  ; RR ; CELL ; 1013   ; CLKCTRL_4C_G_I19      ;            ; QSFPA_REFCLK_p~inputFITTER_INSERTEDCLKENA0|outclk                                            ;
;   5.172 ;   3.465  ; RR ; IC   ; 1      ; FF_X138_Y42_N34       ; High Speed ; step6b_armed|clk                                                                             ;
;   5.172 ;   0.000  ; RR ; CELL ; 1      ; FF_X138_Y42_N34       ; High Speed ; step6b_armed                                                                                 ;
;   4.659 ;   -0.513 ;    ;      ;        ;                       ;            ; clock pessimism removed                                                                      ;
; 4.659   ; 0.000    ;    ;      ;        ;                       ;            ; clock uncertainty                                                                            ;
; 5.049   ; 0.390    ;    ; uTh  ; 1      ; FF_X138_Y42_N34       ;            ; step6b_armed                                                                                 ;
+---------+----------+----+------+--------+-----------------------+------------+----------------------------------------------------------------------------------------------+

----------------------------
; Extra Fitter Information ;
----------------------------
HTML report is unavailable in plain text report export.


Path #2: Hold slack is 0.192 
===============================================================================
+------------------------------------+
; Path Summary                       ;
+--------------------+---------------+
; Property           ; Value         ;
+--------------------+---------------+
; From Node          ; step6b_fired  ;
; To Node            ; step6b_armed  ;
; Launch Clock       ; qsfp_ref_125m ;
; Latch Clock        ; qsfp_ref_125m ;
; Data Arrival Time  ; 5.241         ;
; Data Required Time ; 5.049         ;
; Slack              ; 0.192         ;
+--------------------+---------------+

+-----------------------------------------------------------------------------------+
; Statistics                                                                        ;
+------------------------+-------+-------+-------------+------------+-------+-------+
; Property               ; Value ; Count ; Total Delay ; % of Total ; Min   ; Max   ;
+------------------------+-------+-------+-------------+------------+-------+-------+
; Hold Relationship      ; 0.000 ;       ;             ;            ;       ;       ;
; Clock Skew             ; 0.003 ;       ;             ;            ;       ;       ;
; Data Delay             ; 0.585 ;       ;             ;            ;       ;       ;
; Number of Logic Levels ;       ; 1     ;             ;            ;       ;       ;
; Physical Delays        ;       ;       ;             ;            ;       ;       ;
;  Arrival Path          ;       ;       ;             ;            ;       ;       ;
;   Clock                ;       ;       ;             ;            ;       ;       ;
;    IC                  ;       ; 4     ; 3.214       ; 69         ; 0.000 ; 3.214 ;
;    Cell                ;       ; 5     ; 1.442       ; 31         ; 0.000 ; 0.974 ;
;   Data                 ;       ;       ;             ;            ;       ;       ;
;    IC                  ;       ; 1     ; 0.183       ; 31         ; 0.183 ; 0.183 ;
;    Cell                ;       ; 4     ; 0.238       ; 41         ; 0.000 ; 0.154 ;
;    uTco                ;       ; 1     ; 0.164       ; 28         ; 0.164 ; 0.164 ;
;  Required Path         ;       ;       ;             ;            ;       ;       ;
;   Clock                ;       ;       ;             ;            ;       ;       ;
;    IC                  ;       ; 4     ; 3.465       ; 67         ; 0.000 ; 3.465 ;
;    Cell                ;       ; 5     ; 1.707       ; 33         ; 0.000 ; 1.166 ;
+------------------------+-------+-------+-------------+------------+-------+-------+
Note: Negative delays are omitted from totals when calculating percentages

+----------------------------------------------------------------------------------------------------------------------------------------------------------------------------+
; Data Arrival Path                                                                                                                                                          ;
+---------+---------+----+------+--------+-----------------------+------------+----------------------------------------------------------------------------------------------+
; Total   ; Incr    ; RF ; Type ; Fanout ; Location              ; HS/LP      ; Element                                                                                      ;
+---------+---------+----+------+--------+-----------------------+------------+----------------------------------------------------------------------------------------------+
; 0.000   ; 0.000   ;    ;      ;        ;                       ;            ; launch edge time                                                                             ;
; 4.656   ; 4.656   ;    ;      ;        ;                       ;            ; clock path                                                                                   ;
;   0.000 ;   0.000 ;    ;      ;        ;                       ;            ; source latency                                                                               ;
;   0.000 ;   0.000 ;    ;      ; 1      ; PIN_AH5               ;            ; QSFPA_REFCLK_p                                                                               ;
;   0.000 ;   0.000 ; RR ; IC   ; 1      ; IOIBUF_X224_Y13_N108  ;            ; QSFPA_REFCLK_p~input|i                                                                       ;
;   0.070 ;   0.070 ; RR ; CELL ; 1      ; IOIBUF_X224_Y13_N108  ;            ; QSFPA_REFCLK_p~input|o                                                                       ;
;   0.070 ;   0.000 ; RR ; IC   ; 1      ; HSSIREFCLKDIVIDER_4CT ;            ; QSFPA_REFCLK_p~inputFITTER_INSERTED|refclk_inp                                               ;
;   0.070 ;   0.000 ; RR ; CELL ; 3      ; HSSIREFCLKDIVIDER_4CT ;            ; QSFPA_REFCLK_p~inputFITTER_INSERTED|refclk_a                                                 ;
;   1.044 ;   0.974 ; RR ; CELL ; 1      ; HSSIREFCLKDIVIDER_4CT ;            ; QSFPA_REFCLK_p~inputFITTER_INSERTED~hssi_tile/ch4_pld_pma_fpll_fbclkout_lc_lvpecl_to_coreclk ;
;   1.044 ;   0.000 ; RR ; IC   ; 2      ; CLKCTRL_4C_G_I19      ;            ; QSFPA_REFCLK_p~inputFITTER_INSERTEDCLKENA0|inclk                                             ;
;   1.442 ;   0.398 ; RR ; CELL ; 1013   ; CLKCTRL_4C_G_I19      ;            ; QSFPA_REFCLK_p~inputFITTER_INSERTEDCLKENA0|outclk                                            ;
;   4.656 ;   3.214 ; RR ; IC   ; 1      ; FF_X138_Y42_N31       ; High Speed ; step6b_fired|clk                                                                             ;
;   4.656 ;   0.000 ; RR ; CELL ; 1      ; FF_X138_Y42_N31       ; High Speed ; step6b_fired                                                                                 ;
; 5.241   ; 0.585   ;    ;      ;        ;                       ;            ; data path                                                                                    ;
;   4.820 ;   0.164 ; FF ; uTco ; 1      ; FF_X138_Y42_N31       ;            ; step6b_fired|q                                                                               ;
;   4.904 ;   0.084 ; FF ; CELL ; 6      ; FF_X138_Y42_N31       ; High Speed ; step6b_fired~la_lab/laboutb[0]                                                               ;
;   5.087 ;   0.183 ; FF ; IC   ; 1      ; LABCELL_X138_Y42_N33  ; High Speed ; step6b_armed~0|dataa                                                                         ;
;   5.241 ;   0.154 ; FR ; CELL ; 1      ; LABCELL_X138_Y42_N33  ; High Speed ; step6b_armed~0|combout                                                                       ;
;   5.241 ;   0.000 ; RR ; CELL ; 1      ; FF_X138_Y42_N34       ; High Speed ; step6b_armed|d                                                                               ;
;   5.241 ;   0.000 ; RR ; CELL ; 1      ; FF_X138_Y42_N34       ; High Speed ; step6b_armed                                                                                 ;
+---------+---------+----+------+--------+-----------------------+------------+----------------------------------------------------------------------------------------------+

+-----------------------------------------------------------------------------------------------------------------------------------------------------------------------------+
; Data Required Path                                                                                                                                                          ;
+---------+----------+----+------+--------+-----------------------+------------+----------------------------------------------------------------------------------------------+
; Total   ; Incr     ; RF ; Type ; Fanout ; Location              ; HS/LP      ; Element                                                                                      ;
+---------+----------+----+------+--------+-----------------------+------------+----------------------------------------------------------------------------------------------+
; 0.000   ; 0.000    ;    ;      ;        ;                       ;            ; latch edge time                                                                              ;
; 4.659   ; 4.659    ;    ;      ;        ;                       ;            ; clock path                                                                                   ;
;   0.000 ;   0.000  ;    ;      ;        ;                       ;            ; source latency                                                                               ;
;   0.000 ;   0.000  ;    ;      ; 1      ; PIN_AH5               ;            ; QSFPA_REFCLK_p                                                                               ;
;   0.000 ;   0.000  ; RR ; IC   ; 1      ; IOIBUF_X224_Y13_N108  ;            ; QSFPA_REFCLK_p~input|i                                                                       ;
;   0.070 ;   0.070  ; RR ; CELL ; 1      ; IOIBUF_X224_Y13_N108  ;            ; QSFPA_REFCLK_p~input|o                                                                       ;
;   0.070 ;   0.000  ; RR ; IC   ; 1      ; HSSIREFCLKDIVIDER_4CT ;            ; QSFPA_REFCLK_p~inputFITTER_INSERTED|refclk_inp                                               ;
;   0.070 ;   0.000  ; RR ; CELL ; 3      ; HSSIREFCLKDIVIDER_4CT ;            ; QSFPA_REFCLK_p~inputFITTER_INSERTED|refclk_a                                                 ;
;   1.236 ;   1.166  ; RR ; CELL ; 1      ; HSSIREFCLKDIVIDER_4CT ;            ; QSFPA_REFCLK_p~inputFITTER_INSERTED~hssi_tile/ch4_pld_pma_fpll_fbclkout_lc_lvpecl_to_coreclk ;
;   1.236 ;   0.000  ; RR ; IC   ; 2      ; CLKCTRL_4C_G_I19      ;            ; QSFPA_REFCLK_p~inputFITTER_INSERTEDCLKENA0|inclk                                             ;
;   1.707 ;   0.471  ; RR ; CELL ; 1013   ; CLKCTRL_4C_G_I19      ;            ; QSFPA_REFCLK_p~inputFITTER_INSERTEDCLKENA0|outclk                                            ;
;   5.172 ;   3.465  ; RR ; IC   ; 1      ; FF_X138_Y42_N34       ; High Speed ; step6b_armed|clk                                                                             ;
;   5.172 ;   0.000  ; RR ; CELL ; 1      ; FF_X138_Y42_N34       ; High Speed ; step6b_armed                                                                                 ;
;   4.659 ;   -0.513 ;    ;      ;        ;                       ;            ; clock pessimism removed                                                                      ;
; 4.659   ; 0.000    ;    ;      ;        ;                       ;            ; clock uncertainty                                                                            ;
; 5.049   ; 0.390    ;    ; uTh  ; 1      ; FF_X138_Y42_N34       ;            ; step6b_armed                                                                                 ;
+---------+----------+----+------+--------+-----------------------+------------+----------------------------------------------------------------------------------------------+

----------------------------
; Extra Fitter Information ;
----------------------------
HTML report is unavailable in plain text report export.


Path #3: Hold slack is 0.322 
===============================================================================
+------------------------------------+
; Path Summary                       ;
+--------------------+---------------+
; Property           ; Value         ;
+--------------------+---------------+
; From Node          ; step6b_armed  ;
; To Node            ; step6b_armed  ;
; Launch Clock       ; qsfp_ref_125m ;
; Latch Clock        ; qsfp_ref_125m ;
; Data Arrival Time  ; 5.371         ;
; Data Required Time ; 5.049         ;
; Slack              ; 0.322         ;
+--------------------+---------------+

+-----------------------------------------------------------------------------------+
; Statistics                                                                        ;
+------------------------+-------+-------+-------------+------------+-------+-------+
; Property               ; Value ; Count ; Total Delay ; % of Total ; Min   ; Max   ;
+------------------------+-------+-------+-------------+------------+-------+-------+
; Hold Relationship      ; 0.000 ;       ;             ;            ;       ;       ;
; Clock Skew             ; 0.003 ;       ;             ;            ;       ;       ;
; Data Delay             ; 0.715 ;       ;             ;            ;       ;       ;
; Number of Logic Levels ;       ; 1     ;             ;            ;       ;       ;
; Physical Delays        ;       ;       ;             ;            ;       ;       ;
;  Arrival Path          ;       ;       ;             ;            ;       ;       ;
;   Clock                ;       ;       ;             ;            ;       ;       ;
;    IC                  ;       ; 4     ; 3.214       ; 69         ; 0.000 ; 3.214 ;
;    Cell                ;       ; 5     ; 1.442       ; 31         ; 0.000 ; 0.974 ;
;   Data                 ;       ;       ;             ;            ;       ;       ;
;    IC                  ;       ; 1     ; 0.470       ; 66         ; 0.470 ; 0.470 ;
;    Cell                ;       ; 4     ; 0.082       ; 11         ; 0.000 ; 0.052 ;
;    uTco                ;       ; 1     ; 0.163       ; 23         ; 0.163 ; 0.163 ;
;  Required Path         ;       ;       ;             ;            ;       ;       ;
;   Clock                ;       ;       ;             ;            ;       ;       ;
;    IC                  ;       ; 4     ; 3.465       ; 67         ; 0.000 ; 3.465 ;
;    Cell                ;       ; 5     ; 1.707       ; 33         ; 0.000 ; 1.166 ;
+------------------------+-------+-------+-------------+------------+-------+-------+
Note: Negative delays are omitted from totals when calculating percentages

+----------------------------------------------------------------------------------------------------------------------------------------------------------------------------+
; Data Arrival Path                                                                                                                                                          ;
+---------+---------+----+------+--------+-----------------------+------------+----------------------------------------------------------------------------------------------+
; Total   ; Incr    ; RF ; Type ; Fanout ; Location              ; HS/LP      ; Element                                                                                      ;
+---------+---------+----+------+--------+-----------------------+------------+----------------------------------------------------------------------------------------------+
; 0.000   ; 0.000   ;    ;      ;        ;                       ;            ; launch edge time                                                                             ;
; 4.656   ; 4.656   ;    ;      ;        ;                       ;            ; clock path                                                                                   ;
;   0.000 ;   0.000 ;    ;      ;        ;                       ;            ; source latency                                                                               ;
;   0.000 ;   0.000 ;    ;      ; 1      ; PIN_AH5               ;            ; QSFPA_REFCLK_p                                                                               ;
;   0.000 ;   0.000 ; RR ; IC   ; 1      ; IOIBUF_X224_Y13_N108  ;            ; QSFPA_REFCLK_p~input|i                                                                       ;
;   0.070 ;   0.070 ; RR ; CELL ; 1      ; IOIBUF_X224_Y13_N108  ;            ; QSFPA_REFCLK_p~input|o                                                                       ;
;   0.070 ;   0.000 ; RR ; IC   ; 1      ; HSSIREFCLKDIVIDER_4CT ;            ; QSFPA_REFCLK_p~inputFITTER_INSERTED|refclk_inp                                               ;
;   0.070 ;   0.000 ; RR ; CELL ; 3      ; HSSIREFCLKDIVIDER_4CT ;            ; QSFPA_REFCLK_p~inputFITTER_INSERTED|refclk_a                                                 ;
;   1.044 ;   0.974 ; RR ; CELL ; 1      ; HSSIREFCLKDIVIDER_4CT ;            ; QSFPA_REFCLK_p~inputFITTER_INSERTED~hssi_tile/ch4_pld_pma_fpll_fbclkout_lc_lvpecl_to_coreclk ;
;   1.044 ;   0.000 ; RR ; IC   ; 2      ; CLKCTRL_4C_G_I19      ;            ; QSFPA_REFCLK_p~inputFITTER_INSERTEDCLKENA0|inclk                                             ;
;   1.442 ;   0.398 ; RR ; CELL ; 1013   ; CLKCTRL_4C_G_I19      ;            ; QSFPA_REFCLK_p~inputFITTER_INSERTEDCLKENA0|outclk                                            ;
;   4.656 ;   3.214 ; RR ; IC   ; 1      ; FF_X138_Y42_N34       ; High Speed ; step6b_armed|clk                                                                             ;
;   4.656 ;   0.000 ; RR ; CELL ; 1      ; FF_X138_Y42_N34       ; High Speed ; step6b_armed                                                                                 ;
; 5.371   ; 0.715   ;    ;      ;        ;                       ;            ; data path                                                                                    ;
;   4.819 ;   0.163 ; FF ; uTco ; 1      ; FF_X138_Y42_N34       ;            ; step6b_armed|q                                                                               ;
;   4.871 ;   0.052 ; FF ; CELL ; 4      ; FF_X138_Y42_N34       ; High Speed ; step6b_armed~la_lab/laboutb[2]                                                               ;
;   5.341 ;   0.470 ; FF ; IC   ; 1      ; LABCELL_X138_Y42_N33  ; Mixed      ; step6b_armed~0|dataf                                                                         ;
;   5.371 ;   0.030 ; FF ; CELL ; 1      ; LABCELL_X138_Y42_N33  ; High Speed ; step6b_armed~0|combout                                                                       ;
;   5.371 ;   0.000 ; FF ; CELL ; 1      ; FF_X138_Y42_N34       ; High Speed ; step6b_armed|d                                                                               ;
;   5.371 ;   0.000 ; FF ; CELL ; 1      ; FF_X138_Y42_N34       ; High Speed ; step6b_armed                                                                                 ;
+---------+---------+----+------+--------+-----------------------+------------+----------------------------------------------------------------------------------------------+

+-----------------------------------------------------------------------------------------------------------------------------------------------------------------------------+
; Data Required Path                                                                                                                                                          ;
+---------+----------+----+------+--------+-----------------------+------------+----------------------------------------------------------------------------------------------+
; Total   ; Incr     ; RF ; Type ; Fanout ; Location              ; HS/LP      ; Element                                                                                      ;
+---------+----------+----+------+--------+-----------------------+------------+----------------------------------------------------------------------------------------------+
; 0.000   ; 0.000    ;    ;      ;        ;                       ;            ; latch edge time                                                                              ;
; 4.659   ; 4.659    ;    ;      ;        ;                       ;            ; clock path                                                                                   ;
;   0.000 ;   0.000  ;    ;      ;        ;                       ;            ; source latency                                                                               ;
;   0.000 ;   0.000  ;    ;      ; 1      ; PIN_AH5               ;            ; QSFPA_REFCLK_p                                                                               ;
;   0.000 ;   0.000  ; RR ; IC   ; 1      ; IOIBUF_X224_Y13_N108  ;            ; QSFPA_REFCLK_p~input|i                                                                       ;
;   0.070 ;   0.070  ; RR ; CELL ; 1      ; IOIBUF_X224_Y13_N108  ;            ; QSFPA_REFCLK_p~input|o                                                                       ;
;   0.070 ;   0.000  ; RR ; IC   ; 1      ; HSSIREFCLKDIVIDER_4CT ;            ; QSFPA_REFCLK_p~inputFITTER_INSERTED|refclk_inp                                               ;
;   0.070 ;   0.000  ; RR ; CELL ; 3      ; HSSIREFCLKDIVIDER_4CT ;            ; QSFPA_REFCLK_p~inputFITTER_INSERTED|refclk_a                                                 ;
;   1.236 ;   1.166  ; RR ; CELL ; 1      ; HSSIREFCLKDIVIDER_4CT ;            ; QSFPA_REFCLK_p~inputFITTER_INSERTED~hssi_tile/ch4_pld_pma_fpll_fbclkout_lc_lvpecl_to_coreclk ;
;   1.236 ;   0.000  ; RR ; IC   ; 2      ; CLKCTRL_4C_G_I19      ;            ; QSFPA_REFCLK_p~inputFITTER_INSERTEDCLKENA0|inclk                                             ;
;   1.707 ;   0.471  ; RR ; CELL ; 1013   ; CLKCTRL_4C_G_I19      ;            ; QSFPA_REFCLK_p~inputFITTER_INSERTEDCLKENA0|outclk                                            ;
;   5.172 ;   3.465  ; RR ; IC   ; 1      ; FF_X138_Y42_N34       ; High Speed ; step6b_armed|clk                                                                             ;
;   5.172 ;   0.000  ; RR ; CELL ; 1      ; FF_X138_Y42_N34       ; High Speed ; step6b_armed                                                                                 ;
;   4.659 ;   -0.513 ;    ;      ;        ;                       ;            ; clock pessimism removed                                                                      ;
; 4.659   ; 0.000    ;    ;      ;        ;                       ;            ; clock uncertainty                                                                            ;
; 5.049   ; 0.390    ;    ; uTh  ; 1      ; FF_X138_Y42_N34       ;            ; step6b_armed                                                                                 ;
+---------+----------+----+------+--------+-----------------------+------------+----------------------------------------------------------------------------------------------+

----------------------------
; Extra Fitter Information ;
----------------------------
HTML report is unavailable in plain text report export.


Path #4: Hold slack is 0.338 
===============================================================================
+-------------------------------------------+
; Path Summary                              ;
+--------------------+----------------------+
; Property           ; Value                ;
+--------------------+----------------------+
; From Node          ; step6b_arm_sync_prev ;
; To Node            ; step6b_armed         ;
; Launch Clock       ; qsfp_ref_125m        ;
; Latch Clock        ; qsfp_ref_125m        ;
; Data Arrival Time  ; 5.387                ;
; Data Required Time ; 5.049                ;
; Slack              ; 0.338                ;
+--------------------+----------------------+

+-----------------------------------------------------------------------------------+
; Statistics                                                                        ;
+------------------------+-------+-------+-------------+------------+-------+-------+
; Property               ; Value ; Count ; Total Delay ; % of Total ; Min   ; Max   ;
+------------------------+-------+-------+-------------+------------+-------+-------+
; Hold Relationship      ; 0.000 ;       ;             ;            ;       ;       ;
; Clock Skew             ; 0.003 ;       ;             ;            ;       ;       ;
; Data Delay             ; 0.731 ;       ;             ;            ;       ;       ;
; Number of Logic Levels ;       ; 1     ;             ;            ;       ;       ;
; Physical Delays        ;       ;       ;             ;            ;       ;       ;
;  Arrival Path          ;       ;       ;             ;            ;       ;       ;
;   Clock                ;       ;       ;             ;            ;       ;       ;
;    IC                  ;       ; 4     ; 3.214       ; 69         ; 0.000 ; 3.214 ;
;    Cell                ;       ; 5     ; 1.442       ; 31         ; 0.000 ; 0.974 ;
;   Data                 ;       ;       ;             ;            ;       ;       ;
;    IC                  ;       ; 1     ; 0.427       ; 58         ; 0.427 ; 0.427 ;
;    Cell                ;       ; 4     ; 0.141       ; 19         ; 0.000 ; 0.089 ;
;    uTco                ;       ; 1     ; 0.163       ; 22         ; 0.163 ; 0.163 ;
;  Required Path         ;       ;       ;             ;            ;       ;       ;
;   Clock                ;       ;       ;             ;            ;       ;       ;
;    IC                  ;       ; 4     ; 3.465       ; 67         ; 0.000 ; 3.465 ;
;    Cell                ;       ; 5     ; 1.707       ; 33         ; 0.000 ; 1.166 ;
+------------------------+-------+-------+-------------+------------+-------+-------+
Note: Negative delays are omitted from totals when calculating percentages

+----------------------------------------------------------------------------------------------------------------------------------------------------------------------------+
; Data Arrival Path                                                                                                                                                          ;
+---------+---------+----+------+--------+-----------------------+------------+----------------------------------------------------------------------------------------------+
; Total   ; Incr    ; RF ; Type ; Fanout ; Location              ; HS/LP      ; Element                                                                                      ;
+---------+---------+----+------+--------+-----------------------+------------+----------------------------------------------------------------------------------------------+
; 0.000   ; 0.000   ;    ;      ;        ;                       ;            ; launch edge time                                                                             ;
; 4.656   ; 4.656   ;    ;      ;        ;                       ;            ; clock path                                                                                   ;
;   0.000 ;   0.000 ;    ;      ;        ;                       ;            ; source latency                                                                               ;
;   0.000 ;   0.000 ;    ;      ; 1      ; PIN_AH5               ;            ; QSFPA_REFCLK_p                                                                               ;
;   0.000 ;   0.000 ; RR ; IC   ; 1      ; IOIBUF_X224_Y13_N108  ;            ; QSFPA_REFCLK_p~input|i                                                                       ;
;   0.070 ;   0.070 ; RR ; CELL ; 1      ; IOIBUF_X224_Y13_N108  ;            ; QSFPA_REFCLK_p~input|o                                                                       ;
;   0.070 ;   0.000 ; RR ; IC   ; 1      ; HSSIREFCLKDIVIDER_4CT ;            ; QSFPA_REFCLK_p~inputFITTER_INSERTED|refclk_inp                                               ;
;   0.070 ;   0.000 ; RR ; CELL ; 3      ; HSSIREFCLKDIVIDER_4CT ;            ; QSFPA_REFCLK_p~inputFITTER_INSERTED|refclk_a                                                 ;
;   1.044 ;   0.974 ; RR ; CELL ; 1      ; HSSIREFCLKDIVIDER_4CT ;            ; QSFPA_REFCLK_p~inputFITTER_INSERTED~hssi_tile/ch4_pld_pma_fpll_fbclkout_lc_lvpecl_to_coreclk ;
;   1.044 ;   0.000 ; RR ; IC   ; 2      ; CLKCTRL_4C_G_I19      ;            ; QSFPA_REFCLK_p~inputFITTER_INSERTEDCLKENA0|inclk                                             ;
;   1.442 ;   0.398 ; RR ; CELL ; 1013   ; CLKCTRL_4C_G_I19      ;            ; QSFPA_REFCLK_p~inputFITTER_INSERTEDCLKENA0|outclk                                            ;
;   4.656 ;   3.214 ; RR ; IC   ; 1      ; FF_X138_Y42_N14       ; High Speed ; step6b_arm_sync_prev|clk                                                                     ;
;   4.656 ;   0.000 ; RR ; CELL ; 1      ; FF_X138_Y42_N14       ; High Speed ; step6b_arm_sync_prev                                                                         ;
; 5.387   ; 0.731   ;    ;      ;        ;                       ;            ; data path                                                                                    ;
;   4.819 ;   0.163 ; FF ; uTco ; 1      ; FF_X138_Y42_N14       ;            ; step6b_arm_sync_prev|q                                                                       ;
;   4.871 ;   0.052 ; FF ; CELL ; 4      ; FF_X138_Y42_N14       ; High Speed ; step6b_arm_sync_prev~la_lab/laboutt[9]                                                       ;
;   5.298 ;   0.427 ; FF ; IC   ; 1      ; LABCELL_X138_Y42_N33  ; High Speed ; step6b_armed~0|datad                                                                         ;
;   5.387 ;   0.089 ; FR ; CELL ; 1      ; LABCELL_X138_Y42_N33  ; High Speed ; step6b_armed~0|combout                                                                       ;
;   5.387 ;   0.000 ; RR ; CELL ; 1      ; FF_X138_Y42_N34       ; High Speed ; step6b_armed|d                                                                               ;
;   5.387 ;   0.000 ; RR ; CELL ; 1      ; FF_X138_Y42_N34       ; High Speed ; step6b_armed                                                                                 ;
+---------+---------+----+------+--------+-----------------------+------------+----------------------------------------------------------------------------------------------+

+-----------------------------------------------------------------------------------------------------------------------------------------------------------------------------+
; Data Required Path                                                                                                                                                          ;
+---------+----------+----+------+--------+-----------------------+------------+----------------------------------------------------------------------------------------------+
; Total   ; Incr     ; RF ; Type ; Fanout ; Location              ; HS/LP      ; Element                                                                                      ;
+---------+----------+----+------+--------+-----------------------+------------+----------------------------------------------------------------------------------------------+
; 0.000   ; 0.000    ;    ;      ;        ;                       ;            ; latch edge time                                                                              ;
; 4.659   ; 4.659    ;    ;      ;        ;                       ;            ; clock path                                                                                   ;
;   0.000 ;   0.000  ;    ;      ;        ;                       ;            ; source latency                                                                               ;
;   0.000 ;   0.000  ;    ;      ; 1      ; PIN_AH5               ;            ; QSFPA_REFCLK_p                                                                               ;
;   0.000 ;   0.000  ; RR ; IC   ; 1      ; IOIBUF_X224_Y13_N108  ;            ; QSFPA_REFCLK_p~input|i                                                                       ;
;   0.070 ;   0.070  ; RR ; CELL ; 1      ; IOIBUF_X224_Y13_N108  ;            ; QSFPA_REFCLK_p~input|o                                                                       ;
;   0.070 ;   0.000  ; RR ; IC   ; 1      ; HSSIREFCLKDIVIDER_4CT ;            ; QSFPA_REFCLK_p~inputFITTER_INSERTED|refclk_inp                                               ;
;   0.070 ;   0.000  ; RR ; CELL ; 3      ; HSSIREFCLKDIVIDER_4CT ;            ; QSFPA_REFCLK_p~inputFITTER_INSERTED|refclk_a                                                 ;
;   1.236 ;   1.166  ; RR ; CELL ; 1      ; HSSIREFCLKDIVIDER_4CT ;            ; QSFPA_REFCLK_p~inputFITTER_INSERTED~hssi_tile/ch4_pld_pma_fpll_fbclkout_lc_lvpecl_to_coreclk ;
;   1.236 ;   0.000  ; RR ; IC   ; 2      ; CLKCTRL_4C_G_I19      ;            ; QSFPA_REFCLK_p~inputFITTER_INSERTEDCLKENA0|inclk                                             ;
;   1.707 ;   0.471  ; RR ; CELL ; 1013   ; CLKCTRL_4C_G_I19      ;            ; QSFPA_REFCLK_p~inputFITTER_INSERTEDCLKENA0|outclk                                            ;
;   5.172 ;   3.465  ; RR ; IC   ; 1      ; FF_X138_Y42_N34       ; High Speed ; step6b_armed|clk                                                                             ;
;   5.172 ;   0.000  ; RR ; CELL ; 1      ; FF_X138_Y42_N34       ; High Speed ; step6b_armed                                                                                 ;
;   4.659 ;   -0.513 ;    ;      ;        ;                       ;            ; clock pessimism removed                                                                      ;
; 4.659   ; 0.000    ;    ;      ;        ;                       ;            ; clock uncertainty                                                                            ;
; 5.049   ; 0.390    ;    ; uTh  ; 1      ; FF_X138_Y42_N34       ;            ; step6b_armed                                                                                 ;
+---------+----------+----+------+--------+-----------------------+------------+----------------------------------------------------------------------------------------------+

----------------------------
; Extra Fitter Information ;
----------------------------
HTML report is unavailable in plain text report export.


Path #5: Hold slack is 0.747 
===============================================================================
+----------------------------------------------------+
; Path Summary                                       ;
+--------------------+-------------------------------+
; Property           ; Value                         ;
+--------------------+-------------------------------+
; From Node          ; step6b_target_tai_latched[37] ;
; To Node            ; step6b_armed                  ;
; Launch Clock       ; qsfp_ref_125m                 ;
; Latch Clock        ; qsfp_ref_125m                 ;
; Data Arrival Time  ; 5.840                         ;
; Data Required Time ; 5.093                         ;
; Slack              ; 0.747                         ;
+--------------------+-------------------------------+

+-----------------------------------------------------------------------------------+
; Statistics                                                                        ;
+------------------------+-------+-------+-------------+------------+-------+-------+
; Property               ; Value ; Count ; Total Delay ; % of Total ; Min   ; Max   ;
+------------------------+-------+-------+-------------+------------+-------+-------+
; Hold Relationship      ; 0.000 ;       ;             ;            ;       ;       ;
; Clock Skew             ; 0.049 ;       ;             ;            ;       ;       ;
; Data Delay             ; 1.186 ;       ;             ;            ;       ;       ;
; Number of Logic Levels ;       ; 3     ;             ;            ;       ;       ;
; Physical Delays        ;       ;       ;             ;            ;       ;       ;
;  Arrival Path          ;       ;       ;             ;            ;       ;       ;
;   Clock                ;       ;       ;             ;            ;       ;       ;
;    IC                  ;       ; 4     ; 3.212       ; 69         ; 0.000 ; 3.212 ;
;    Cell                ;       ; 5     ; 1.442       ; 31         ; 0.000 ; 0.974 ;
;   Data                 ;       ;       ;             ;            ;       ;       ;
;    IC                  ;       ; 3     ; 0.600       ; 51         ; 0.113 ; 0.324 ;
;    Cell                ;       ; 8     ; 0.416       ; 35         ; 0.000 ; 0.155 ;
;    uTco                ;       ; 1     ; 0.170       ; 14         ; 0.170 ; 0.170 ;
;  Required Path         ;       ;       ;             ;            ;       ;       ;
;   Clock                ;       ;       ;             ;            ;       ;       ;
;    IC                  ;       ; 4     ; 3.465       ; 67         ; 0.000 ; 3.465 ;
;    Cell                ;       ; 5     ; 1.707       ; 33         ; 0.000 ; 1.166 ;
+------------------------+-------+-------+-------------+------------+-------+-------+
Note: Negative delays are omitted from totals when calculating percentages

+----------------------------------------------------------------------------------------------------------------------------------------------------------------------------+
; Data Arrival Path                                                                                                                                                          ;
+---------+---------+----+------+--------+-----------------------+------------+----------------------------------------------------------------------------------------------+
; Total   ; Incr    ; RF ; Type ; Fanout ; Location              ; HS/LP      ; Element                                                                                      ;
+---------+---------+----+------+--------+-----------------------+------------+----------------------------------------------------------------------------------------------+
; 0.000   ; 0.000   ;    ;      ;        ;                       ;            ; launch edge time                                                                             ;
; 4.654   ; 4.654   ;    ;      ;        ;                       ;            ; clock path                                                                                   ;
;   0.000 ;   0.000 ;    ;      ;        ;                       ;            ; source latency                                                                               ;
;   0.000 ;   0.000 ;    ;      ; 1      ; PIN_AH5               ;            ; QSFPA_REFCLK_p                                                                               ;
;   0.000 ;   0.000 ; RR ; IC   ; 1      ; IOIBUF_X224_Y13_N108  ;            ; QSFPA_REFCLK_p~input|i                                                                       ;
;   0.070 ;   0.070 ; RR ; CELL ; 1      ; IOIBUF_X224_Y13_N108  ;            ; QSFPA_REFCLK_p~input|o                                                                       ;
;   0.070 ;   0.000 ; RR ; IC   ; 1      ; HSSIREFCLKDIVIDER_4CT ;            ; QSFPA_REFCLK_p~inputFITTER_INSERTED|refclk_inp                                               ;
;   0.070 ;   0.000 ; RR ; CELL ; 3      ; HSSIREFCLKDIVIDER_4CT ;            ; QSFPA_REFCLK_p~inputFITTER_INSERTED|refclk_a                                                 ;
;   1.044 ;   0.974 ; RR ; CELL ; 1      ; HSSIREFCLKDIVIDER_4CT ;            ; QSFPA_REFCLK_p~inputFITTER_INSERTED~hssi_tile/ch4_pld_pma_fpll_fbclkout_lc_lvpecl_to_coreclk ;
;   1.044 ;   0.000 ; RR ; IC   ; 2      ; CLKCTRL_4C_G_I19      ;            ; QSFPA_REFCLK_p~inputFITTER_INSERTEDCLKENA0|inclk                                             ;
;   1.442 ;   0.398 ; RR ; CELL ; 1013   ; CLKCTRL_4C_G_I19      ;            ; QSFPA_REFCLK_p~inputFITTER_INSERTEDCLKENA0|outclk                                            ;
;   4.654 ;   3.212 ; RR ; IC   ; 1      ; FF_X141_Y43_N11       ; High Speed ; step6b_target_tai_latched[37]|clk                                                            ;
;   4.654 ;   0.000 ; RR ; CELL ; 1      ; FF_X141_Y43_N11       ; High Speed ; step6b_target_tai_latched[37]                                                                ;
; 5.840   ; 1.186   ;    ;      ;        ;                       ;            ; data path                                                                                    ;
;   4.824 ;   0.170 ; FF ; uTco ; 1      ; FF_X141_Y43_N11       ;            ; step6b_target_tai_latched[37]|q                                                              ;
;   4.912 ;   0.088 ; FF ; CELL ; 2      ; FF_X141_Y43_N11       ; High Speed ; step6b_target_tai_latched[37]~la_mlab/laboutt[7]                                             ;
;   5.025 ;   0.113 ; FF ; IC   ; 1      ; MLABCELL_X141_Y43_N9  ; High Speed ; p_step6b_scheduler~9|datab                                                                   ;
;   5.163 ;   0.138 ; FF ; CELL ; 1      ; MLABCELL_X141_Y43_N9  ; High Speed ; p_step6b_scheduler~9|combout                                                                 ;
;   5.165 ;   0.002 ; FF ; CELL ; 4      ; MLABCELL_X141_Y43_N9  ; High Speed ; p_step6b_scheduler~9~la_mlab/laboutt[6]                                                      ;
;   5.328 ;   0.163 ; FF ; IC   ; 1      ; MLABCELL_X141_Y43_N42 ; High Speed ; p_step6b_scheduler~25|dataf                                                                  ;
;   5.358 ;   0.030 ; FF ; CELL ; 1      ; MLABCELL_X141_Y43_N42 ; High Speed ; p_step6b_scheduler~25|combout                                                                ;
;   5.361 ;   0.003 ; FF ; CELL ; 2      ; MLABCELL_X141_Y43_N42 ; High Speed ; p_step6b_scheduler~25~la_mlab/laboutb[8]                                                     ;
;   5.685 ;   0.324 ; FF ; IC   ; 1      ; LABCELL_X138_Y42_N33  ; High Speed ; step6b_armed~0|datab                                                                         ;
;   5.840 ;   0.155 ; FR ; CELL ; 1      ; LABCELL_X138_Y42_N33  ; High Speed ; step6b_armed~0|combout                                                                       ;
;   5.840 ;   0.000 ; RR ; CELL ; 1      ; FF_X138_Y42_N34       ; High Speed ; step6b_armed|d                                                                               ;
;   5.840 ;   0.000 ; RR ; CELL ; 1      ; FF_X138_Y42_N34       ; High Speed ; step6b_armed                                                                                 ;
+---------+---------+----+------+--------+-----------------------+------------+----------------------------------------------------------------------------------------------+

+-----------------------------------------------------------------------------------------------------------------------------------------------------------------------------+
; Data Required Path                                                                                                                                                          ;
+---------+----------+----+------+--------+-----------------------+------------+----------------------------------------------------------------------------------------------+
; Total   ; Incr     ; RF ; Type ; Fanout ; Location              ; HS/LP      ; Element                                                                                      ;
+---------+----------+----+------+--------+-----------------------+------------+----------------------------------------------------------------------------------------------+
; 0.000   ; 0.000    ;    ;      ;        ;                       ;            ; latch edge time                                                                              ;
; 4.703   ; 4.703    ;    ;      ;        ;                       ;            ; clock path                                                                                   ;
;   0.000 ;   0.000  ;    ;      ;        ;                       ;            ; source latency                                                                               ;
;   0.000 ;   0.000  ;    ;      ; 1      ; PIN_AH5               ;            ; QSFPA_REFCLK_p                                                                               ;
;   0.000 ;   0.000  ; RR ; IC   ; 1      ; IOIBUF_X224_Y13_N108  ;            ; QSFPA_REFCLK_p~input|i                                                                       ;
;   0.070 ;   0.070  ; RR ; CELL ; 1      ; IOIBUF_X224_Y13_N108  ;            ; QSFPA_REFCLK_p~input|o                                                                       ;
;   0.070 ;   0.000  ; RR ; IC   ; 1      ; HSSIREFCLKDIVIDER_4CT ;            ; QSFPA_REFCLK_p~inputFITTER_INSERTED|refclk_inp                                               ;
;   0.070 ;   0.000  ; RR ; CELL ; 3      ; HSSIREFCLKDIVIDER_4CT ;            ; QSFPA_REFCLK_p~inputFITTER_INSERTED|refclk_a                                                 ;
;   1.236 ;   1.166  ; RR ; CELL ; 1      ; HSSIREFCLKDIVIDER_4CT ;            ; QSFPA_REFCLK_p~inputFITTER_INSERTED~hssi_tile/ch4_pld_pma_fpll_fbclkout_lc_lvpecl_to_coreclk ;
;   1.236 ;   0.000  ; RR ; IC   ; 2      ; CLKCTRL_4C_G_I19      ;            ; QSFPA_REFCLK_p~inputFITTER_INSERTEDCLKENA0|inclk                                             ;
;   1.707 ;   0.471  ; RR ; CELL ; 1013   ; CLKCTRL_4C_G_I19      ;            ; QSFPA_REFCLK_p~inputFITTER_INSERTEDCLKENA0|outclk                                            ;
;   5.172 ;   3.465  ; RR ; IC   ; 1      ; FF_X138_Y42_N34       ; High Speed ; step6b_armed|clk                                                                             ;
;   5.172 ;   0.000  ; RR ; CELL ; 1      ; FF_X138_Y42_N34       ; High Speed ; step6b_armed                                                                                 ;
;   4.703 ;   -0.469 ;    ;      ;        ;                       ;            ; clock pessimism removed                                                                      ;
; 4.703   ; 0.000    ;    ;      ;        ;                       ;            ; clock uncertainty                                                                            ;
; 5.093   ; 0.390    ;    ; uTh  ; 1      ; FF_X138_Y42_N34       ;            ; step6b_armed                                                                                 ;
+---------+----------+----+------+--------+-----------------------+------------+----------------------------------------------------------------------------------------------+

----------------------------
; Extra Fitter Information ;
----------------------------
HTML report is unavailable in plain text report export.


Path #6: Hold slack is 0.893 
===============================================================================
+---------------------------------------------------+
; Path Summary                                      ;
+--------------------+------------------------------+
; Property           ; Value                        ;
+--------------------+------------------------------+
; From Node          ; step6b_target_tai_latched[0] ;
; To Node            ; step6b_armed                 ;
; Launch Clock       ; qsfp_ref_125m                ;
; Latch Clock        ; qsfp_ref_125m                ;
; Data Arrival Time  ; 5.986                        ;
; Data Required Time ; 5.093                        ;
; Slack              ; 0.893                        ;
+--------------------+------------------------------+

+-----------------------------------------------------------------------------------+
; Statistics                                                                        ;
+------------------------+-------+-------+-------------+------------+-------+-------+
; Property               ; Value ; Count ; Total Delay ; % of Total ; Min   ; Max   ;
+------------------------+-------+-------+-------------+------------+-------+-------+
; Hold Relationship      ; 0.000 ;       ;             ;            ;       ;       ;
; Clock Skew             ; 0.049 ;       ;             ;            ;       ;       ;
; Data Delay             ; 1.332 ;       ;             ;            ;       ;       ;
; Number of Logic Levels ;       ; 4     ;             ;            ;       ;       ;
; Physical Delays        ;       ;       ;             ;            ;       ;       ;
;  Arrival Path          ;       ;       ;             ;            ;       ;       ;
;   Clock                ;       ;       ;             ;            ;       ;       ;
;    IC                  ;       ; 4     ; 3.212       ; 69         ; 0.000 ; 3.212 ;
;    Cell                ;       ; 5     ; 1.442       ; 31         ; 0.000 ; 0.974 ;
;   Data                 ;       ;       ;             ;            ;       ;       ;
;    IC                  ;       ; 3     ; 0.641       ; 48         ; 0.154 ; 0.326 ;
;    Cell                ;       ; 10    ; 0.528       ; 40         ; 0.000 ; 0.311 ;
;    uTco                ;       ; 1     ; 0.163       ; 12         ; 0.163 ; 0.163 ;
;  Required Path         ;       ;       ;             ;            ;       ;       ;
;   Clock                ;       ;       ;             ;            ;       ;       ;
;    IC                  ;       ; 4     ; 3.465       ; 67         ; 0.000 ; 3.465 ;
;    Cell                ;       ; 5     ; 1.707       ; 33         ; 0.000 ; 1.166 ;
+------------------------+-------+-------+-------------+------------+-------+-------+
Note: Negative delays are omitted from totals when calculating percentages

+----------------------------------------------------------------------------------------------------------------------------------------------------------------------------+
; Data Arrival Path                                                                                                                                                          ;
+---------+---------+----+------+--------+-----------------------+------------+----------------------------------------------------------------------------------------------+
; Total   ; Incr    ; RF ; Type ; Fanout ; Location              ; HS/LP      ; Element                                                                                      ;
+---------+---------+----+------+--------+-----------------------+------------+----------------------------------------------------------------------------------------------+
; 0.000   ; 0.000   ;    ;      ;        ;                       ;            ; launch edge time                                                                             ;
; 4.654   ; 4.654   ;    ;      ;        ;                       ;            ; clock path                                                                                   ;
;   0.000 ;   0.000 ;    ;      ;        ;                       ;            ; source latency                                                                               ;
;   0.000 ;   0.000 ;    ;      ; 1      ; PIN_AH5               ;            ; QSFPA_REFCLK_p                                                                               ;
;   0.000 ;   0.000 ; RR ; IC   ; 1      ; IOIBUF_X224_Y13_N108  ;            ; QSFPA_REFCLK_p~input|i                                                                       ;
;   0.070 ;   0.070 ; RR ; CELL ; 1      ; IOIBUF_X224_Y13_N108  ;            ; QSFPA_REFCLK_p~input|o                                                                       ;
;   0.070 ;   0.000 ; RR ; IC   ; 1      ; HSSIREFCLKDIVIDER_4CT ;            ; QSFPA_REFCLK_p~inputFITTER_INSERTED|refclk_inp                                               ;
;   0.070 ;   0.000 ; RR ; CELL ; 3      ; HSSIREFCLKDIVIDER_4CT ;            ; QSFPA_REFCLK_p~inputFITTER_INSERTED|refclk_a                                                 ;
;   1.044 ;   0.974 ; RR ; CELL ; 1      ; HSSIREFCLKDIVIDER_4CT ;            ; QSFPA_REFCLK_p~inputFITTER_INSERTED~hssi_tile/ch4_pld_pma_fpll_fbclkout_lc_lvpecl_to_coreclk ;
;   1.044 ;   0.000 ; RR ; IC   ; 2      ; CLKCTRL_4C_G_I19      ;            ; QSFPA_REFCLK_p~inputFITTER_INSERTEDCLKENA0|inclk                                             ;
;   1.442 ;   0.398 ; RR ; CELL ; 1013   ; CLKCTRL_4C_G_I19      ;            ; QSFPA_REFCLK_p~inputFITTER_INSERTEDCLKENA0|outclk                                            ;
;   4.654 ;   3.212 ; RR ; IC   ; 1      ; FF_X141_Y43_N38       ; High Speed ; step6b_target_tai_latched[0]|clk                                                             ;
;   4.654 ;   0.000 ; RR ; CELL ; 1      ; FF_X141_Y43_N38       ; High Speed ; step6b_target_tai_latched[0]                                                                 ;
; 5.986   ; 1.332   ;    ;      ;        ;                       ;            ; data path                                                                                    ;
;   4.817 ;   0.163 ; FF ; uTco ; 2      ; FF_X141_Y43_N38       ;            ; step6b_target_tai_latched[0]|q                                                               ;
;   4.817 ;   0.000 ; FF ; CELL ; 1      ; MLABCELL_X141_Y43_N36 ; High Speed ; p_step6b_scheduler~4|datae                                                                   ;
;   5.128 ;   0.311 ; FR ; CELL ; 1      ; MLABCELL_X141_Y43_N36 ; High Speed ; p_step6b_scheduler~4|combout                                                                 ;
;   5.131 ;   0.003 ; RR ; CELL ; 1      ; MLABCELL_X141_Y43_N36 ; High Speed ; p_step6b_scheduler~4~la_mlab/laboutb[4]                                                      ;
;   5.285 ;   0.154 ; RR ; IC   ; 1      ; MLABCELL_X141_Y43_N9  ; High Speed ; p_step6b_scheduler~9|dataf                                                                   ;
;   5.314 ;   0.029 ; RR ; CELL ; 1      ; MLABCELL_X141_Y43_N9  ; High Speed ; p_step6b_scheduler~9|combout                                                                 ;
;   5.316 ;   0.002 ; RR ; CELL ; 4      ; MLABCELL_X141_Y43_N9  ; High Speed ; p_step6b_scheduler~9~la_mlab/laboutt[6]                                                      ;
;   5.477 ;   0.161 ; RR ; IC   ; 1      ; MLABCELL_X141_Y43_N42 ; High Speed ; p_step6b_scheduler~25|dataf                                                                  ;
;   5.507 ;   0.030 ; RR ; CELL ; 1      ; MLABCELL_X141_Y43_N42 ; High Speed ; p_step6b_scheduler~25|combout                                                                ;
;   5.510 ;   0.003 ; RR ; CELL ; 2      ; MLABCELL_X141_Y43_N42 ; High Speed ; p_step6b_scheduler~25~la_mlab/laboutb[8]                                                     ;
;   5.836 ;   0.326 ; RR ; IC   ; 1      ; LABCELL_X138_Y42_N33  ; High Speed ; step6b_armed~0|datab                                                                         ;
;   5.986 ;   0.150 ; RF ; CELL ; 1      ; LABCELL_X138_Y42_N33  ; High Speed ; step6b_armed~0|combout                                                                       ;
;   5.986 ;   0.000 ; FF ; CELL ; 1      ; FF_X138_Y42_N34       ; High Speed ; step6b_armed|d                                                                               ;
;   5.986 ;   0.000 ; FF ; CELL ; 1      ; FF_X138_Y42_N34       ; High Speed ; step6b_armed                                                                                 ;
+---------+---------+----+------+--------+-----------------------+------------+----------------------------------------------------------------------------------------------+

+-----------------------------------------------------------------------------------------------------------------------------------------------------------------------------+
; Data Required Path                                                                                                                                                          ;
+---------+----------+----+------+--------+-----------------------+------------+----------------------------------------------------------------------------------------------+
; Total   ; Incr     ; RF ; Type ; Fanout ; Location              ; HS/LP      ; Element                                                                                      ;
+---------+----------+----+------+--------+-----------------------+------------+----------------------------------------------------------------------------------------------+
; 0.000   ; 0.000    ;    ;      ;        ;                       ;            ; latch edge time                                                                              ;
; 4.703   ; 4.703    ;    ;      ;        ;                       ;            ; clock path                                                                                   ;
;   0.000 ;   0.000  ;    ;      ;        ;                       ;            ; source latency                                                                               ;
;   0.000 ;   0.000  ;    ;      ; 1      ; PIN_AH5               ;            ; QSFPA_REFCLK_p                                                                               ;
;   0.000 ;   0.000  ; RR ; IC   ; 1      ; IOIBUF_X224_Y13_N108  ;            ; QSFPA_REFCLK_p~input|i                                                                       ;
;   0.070 ;   0.070  ; RR ; CELL ; 1      ; IOIBUF_X224_Y13_N108  ;            ; QSFPA_REFCLK_p~input|o                                                                       ;
;   0.070 ;   0.000  ; RR ; IC   ; 1      ; HSSIREFCLKDIVIDER_4CT ;            ; QSFPA_REFCLK_p~inputFITTER_INSERTED|refclk_inp                                               ;
;   0.070 ;   0.000  ; RR ; CELL ; 3      ; HSSIREFCLKDIVIDER_4CT ;            ; QSFPA_REFCLK_p~inputFITTER_INSERTED|refclk_a                                                 ;
;   1.236 ;   1.166  ; RR ; CELL ; 1      ; HSSIREFCLKDIVIDER_4CT ;            ; QSFPA_REFCLK_p~inputFITTER_INSERTED~hssi_tile/ch4_pld_pma_fpll_fbclkout_lc_lvpecl_to_coreclk ;
;   1.236 ;   0.000  ; RR ; IC   ; 2      ; CLKCTRL_4C_G_I19      ;            ; QSFPA_REFCLK_p~inputFITTER_INSERTEDCLKENA0|inclk                                             ;
;   1.707 ;   0.471  ; RR ; CELL ; 1013   ; CLKCTRL_4C_G_I19      ;            ; QSFPA_REFCLK_p~inputFITTER_INSERTEDCLKENA0|outclk                                            ;
;   5.172 ;   3.465  ; RR ; IC   ; 1      ; FF_X138_Y42_N34       ; High Speed ; step6b_armed|clk                                                                             ;
;   5.172 ;   0.000  ; RR ; CELL ; 1      ; FF_X138_Y42_N34       ; High Speed ; step6b_armed                                                                                 ;
;   4.703 ;   -0.469 ;    ;      ;        ;                       ;            ; clock pessimism removed                                                                      ;
; 4.703   ; 0.000    ;    ;      ;        ;                       ;            ; clock uncertainty                                                                            ;
; 5.093   ; 0.390    ;    ; uTh  ; 1      ; FF_X138_Y42_N34       ;            ; step6b_armed                                                                                 ;
+---------+----------+----+------+--------+-----------------------+------------+----------------------------------------------------------------------------------------------+

----------------------------
; Extra Fitter Information ;
----------------------------
HTML report is unavailable in plain text report export.


Path #7: Hold slack is 0.900 
===============================================================================
+----------------------------------------------------+
; Path Summary                                       ;
+--------------------+-------------------------------+
; Property           ; Value                         ;
+--------------------+-------------------------------+
; From Node          ; step6b_target_tai_latched[36] ;
; To Node            ; step6b_armed                  ;
; Launch Clock       ; qsfp_ref_125m                 ;
; Latch Clock        ; qsfp_ref_125m                 ;
; Data Arrival Time  ; 5.993                         ;
; Data Required Time ; 5.093                         ;
; Slack              ; 0.900                         ;
+--------------------+-------------------------------+

+-----------------------------------------------------------------------------------+
; Statistics                                                                        ;
+------------------------+-------+-------+-------------+------------+-------+-------+
; Property               ; Value ; Count ; Total Delay ; % of Total ; Min   ; Max   ;
+------------------------+-------+-------+-------------+------------+-------+-------+
; Hold Relationship      ; 0.000 ;       ;             ;            ;       ;       ;
; Clock Skew             ; 0.049 ;       ;             ;            ;       ;       ;
; Data Delay             ; 1.339 ;       ;             ;            ;       ;       ;
; Number of Logic Levels ;       ; 4     ;             ;            ;       ;       ;
; Physical Delays        ;       ;       ;             ;            ;       ;       ;
;  Arrival Path          ;       ;       ;             ;            ;       ;       ;
;   Clock                ;       ;       ;             ;            ;       ;       ;
;    IC                  ;       ; 4     ; 3.212       ; 69         ; 0.000 ; 3.212 ;
;    Cell                ;       ; 5     ; 1.442       ; 31         ; 0.000 ; 0.974 ;
;   Data                 ;       ;       ;             ;            ;       ;       ;
;    IC                  ;       ; 4     ; 0.759       ; 57         ; 0.136 ; 0.324 ;
;    Cell                ;       ; 10    ; 0.417       ; 31         ; 0.000 ; 0.155 ;
;    uTco                ;       ; 1     ; 0.163       ; 12         ; 0.163 ; 0.163 ;
;  Required Path         ;       ;       ;             ;            ;       ;       ;
;   Clock                ;       ;       ;             ;            ;       ;       ;
;    IC                  ;       ; 4     ; 3.465       ; 67         ; 0.000 ; 3.465 ;
;    Cell                ;       ; 5     ; 1.707       ; 33         ; 0.000 ; 1.166 ;
+------------------------+-------+-------+-------------+------------+-------+-------+
Note: Negative delays are omitted from totals when calculating percentages

+----------------------------------------------------------------------------------------------------------------------------------------------------------------------------+
; Data Arrival Path                                                                                                                                                          ;
+---------+---------+----+------+--------+-----------------------+------------+----------------------------------------------------------------------------------------------+
; Total   ; Incr    ; RF ; Type ; Fanout ; Location              ; HS/LP      ; Element                                                                                      ;
+---------+---------+----+------+--------+-----------------------+------------+----------------------------------------------------------------------------------------------+
; 0.000   ; 0.000   ;    ;      ;        ;                       ;            ; launch edge time                                                                             ;
; 4.654   ; 4.654   ;    ;      ;        ;                       ;            ; clock path                                                                                   ;
;   0.000 ;   0.000 ;    ;      ;        ;                       ;            ; source latency                                                                               ;
;   0.000 ;   0.000 ;    ;      ; 1      ; PIN_AH5               ;            ; QSFPA_REFCLK_p                                                                               ;
;   0.000 ;   0.000 ; RR ; IC   ; 1      ; IOIBUF_X224_Y13_N108  ;            ; QSFPA_REFCLK_p~input|i                                                                       ;
;   0.070 ;   0.070 ; RR ; CELL ; 1      ; IOIBUF_X224_Y13_N108  ;            ; QSFPA_REFCLK_p~input|o                                                                       ;
;   0.070 ;   0.000 ; RR ; IC   ; 1      ; HSSIREFCLKDIVIDER_4CT ;            ; QSFPA_REFCLK_p~inputFITTER_INSERTED|refclk_inp                                               ;
;   0.070 ;   0.000 ; RR ; CELL ; 3      ; HSSIREFCLKDIVIDER_4CT ;            ; QSFPA_REFCLK_p~inputFITTER_INSERTED|refclk_a                                                 ;
;   1.044 ;   0.974 ; RR ; CELL ; 1      ; HSSIREFCLKDIVIDER_4CT ;            ; QSFPA_REFCLK_p~inputFITTER_INSERTED~hssi_tile/ch4_pld_pma_fpll_fbclkout_lc_lvpecl_to_coreclk ;
;   1.044 ;   0.000 ; RR ; IC   ; 2      ; CLKCTRL_4C_G_I19      ;            ; QSFPA_REFCLK_p~inputFITTER_INSERTEDCLKENA0|inclk                                             ;
;   1.442 ;   0.398 ; RR ; CELL ; 1013   ; CLKCTRL_4C_G_I19      ;            ; QSFPA_REFCLK_p~inputFITTER_INSERTEDCLKENA0|outclk                                            ;
;   4.654 ;   3.212 ; RR ; IC   ; 1      ; FF_X141_Y43_N34       ; High Speed ; step6b_target_tai_latched[36]|clk                                                            ;
;   4.654 ;   0.000 ; RR ; CELL ; 1      ; FF_X141_Y43_N34       ; High Speed ; step6b_target_tai_latched[36]                                                                ;
; 5.993   ; 1.339   ;    ;      ;        ;                       ;            ; data path                                                                                    ;
;   4.817 ;   0.163 ; FF ; uTco ; 1      ; FF_X141_Y43_N34       ;            ; step6b_target_tai_latched[36]|q                                                              ;
;   4.872 ;   0.055 ; FF ; CELL ; 2      ; FF_X141_Y43_N34       ; High Speed ; step6b_target_tai_latched[36]~la_mlab/laboutb[2]                                             ;
;   5.008 ;   0.136 ; FF ; IC   ; 1      ; MLABCELL_X141_Y43_N30 ; High Speed ; p_step6b_scheduler~5|dataf                                                                   ;
;   5.037 ;   0.029 ; FF ; CELL ; 1      ; MLABCELL_X141_Y43_N30 ; High Speed ; p_step6b_scheduler~5|combout                                                                 ;
;   5.040 ;   0.003 ; FF ; CELL ; 1      ; MLABCELL_X141_Y43_N30 ; High Speed ; p_step6b_scheduler~5~la_mlab/laboutb[0]                                                      ;
;   5.176 ;   0.136 ; FF ; IC   ; 1      ; MLABCELL_X141_Y43_N9  ; High Speed ; p_step6b_scheduler~9|dataa                                                                   ;
;   5.316 ;   0.140 ; FF ; CELL ; 1      ; MLABCELL_X141_Y43_N9  ; High Speed ; p_step6b_scheduler~9|combout                                                                 ;
;   5.318 ;   0.002 ; FF ; CELL ; 4      ; MLABCELL_X141_Y43_N9  ; High Speed ; p_step6b_scheduler~9~la_mlab/laboutt[6]                                                      ;
;   5.481 ;   0.163 ; FF ; IC   ; 1      ; MLABCELL_X141_Y43_N42 ; High Speed ; p_step6b_scheduler~25|dataf                                                                  ;
;   5.511 ;   0.030 ; FF ; CELL ; 1      ; MLABCELL_X141_Y43_N42 ; High Speed ; p_step6b_scheduler~25|combout                                                                ;
;   5.514 ;   0.003 ; FF ; CELL ; 2      ; MLABCELL_X141_Y43_N42 ; High Speed ; p_step6b_scheduler~25~la_mlab/laboutb[8]                                                     ;
;   5.838 ;   0.324 ; FF ; IC   ; 1      ; LABCELL_X138_Y42_N33  ; High Speed ; step6b_armed~0|datab                                                                         ;
;   5.993 ;   0.155 ; FR ; CELL ; 1      ; LABCELL_X138_Y42_N33  ; High Speed ; step6b_armed~0|combout                                                                       ;
;   5.993 ;   0.000 ; RR ; CELL ; 1      ; FF_X138_Y42_N34       ; High Speed ; step6b_armed|d                                                                               ;
;   5.993 ;   0.000 ; RR ; CELL ; 1      ; FF_X138_Y42_N34       ; High Speed ; step6b_armed                                                                                 ;
+---------+---------+----+------+--------+-----------------------+------------+----------------------------------------------------------------------------------------------+

+-----------------------------------------------------------------------------------------------------------------------------------------------------------------------------+
; Data Required Path                                                                                                                                                          ;
+---------+----------+----+------+--------+-----------------------+------------+----------------------------------------------------------------------------------------------+
; Total   ; Incr     ; RF ; Type ; Fanout ; Location              ; HS/LP      ; Element                                                                                      ;
+---------+----------+----+------+--------+-----------------------+------------+----------------------------------------------------------------------------------------------+
; 0.000   ; 0.000    ;    ;      ;        ;                       ;            ; latch edge time                                                                              ;
; 4.703   ; 4.703    ;    ;      ;        ;                       ;            ; clock path                                                                                   ;
;   0.000 ;   0.000  ;    ;      ;        ;                       ;            ; source latency                                                                               ;
;   0.000 ;   0.000  ;    ;      ; 1      ; PIN_AH5               ;            ; QSFPA_REFCLK_p                                                                               ;
;   0.000 ;   0.000  ; RR ; IC   ; 1      ; IOIBUF_X224_Y13_N108  ;            ; QSFPA_REFCLK_p~input|i                                                                       ;
;   0.070 ;   0.070  ; RR ; CELL ; 1      ; IOIBUF_X224_Y13_N108  ;            ; QSFPA_REFCLK_p~input|o                                                                       ;
;   0.070 ;   0.000  ; RR ; IC   ; 1      ; HSSIREFCLKDIVIDER_4CT ;            ; QSFPA_REFCLK_p~inputFITTER_INSERTED|refclk_inp                                               ;
;   0.070 ;   0.000  ; RR ; CELL ; 3      ; HSSIREFCLKDIVIDER_4CT ;            ; QSFPA_REFCLK_p~inputFITTER_INSERTED|refclk_a                                                 ;
;   1.236 ;   1.166  ; RR ; CELL ; 1      ; HSSIREFCLKDIVIDER_4CT ;            ; QSFPA_REFCLK_p~inputFITTER_INSERTED~hssi_tile/ch4_pld_pma_fpll_fbclkout_lc_lvpecl_to_coreclk ;
;   1.236 ;   0.000  ; RR ; IC   ; 2      ; CLKCTRL_4C_G_I19      ;            ; QSFPA_REFCLK_p~inputFITTER_INSERTEDCLKENA0|inclk                                             ;
;   1.707 ;   0.471  ; RR ; CELL ; 1013   ; CLKCTRL_4C_G_I19      ;            ; QSFPA_REFCLK_p~inputFITTER_INSERTEDCLKENA0|outclk                                            ;
;   5.172 ;   3.465  ; RR ; IC   ; 1      ; FF_X138_Y42_N34       ; High Speed ; step6b_armed|clk                                                                             ;
;   5.172 ;   0.000  ; RR ; CELL ; 1      ; FF_X138_Y42_N34       ; High Speed ; step6b_armed                                                                                 ;
;   4.703 ;   -0.469 ;    ;      ;        ;                       ;            ; clock pessimism removed                                                                      ;
; 4.703   ; 0.000    ;    ;      ;        ;                       ;            ; clock uncertainty                                                                            ;
; 5.093   ; 0.390    ;    ; uTh  ; 1      ; FF_X138_Y42_N34       ;            ; step6b_armed                                                                                 ;
+---------+----------+----+------+--------+-----------------------+------------+----------------------------------------------------------------------------------------------+

----------------------------
; Extra Fitter Information ;
----------------------------
HTML report is unavailable in plain text report export.


Path #8: Hold slack is 0.957 
===============================================================================
+----------------------------------------------------+
; Path Summary                                       ;
+--------------------+-------------------------------+
; Property           ; Value                         ;
+--------------------+-------------------------------+
; From Node          ; step6b_target_tai_latched[35] ;
; To Node            ; step6b_armed                  ;
; Launch Clock       ; qsfp_ref_125m                 ;
; Latch Clock        ; qsfp_ref_125m                 ;
; Data Arrival Time  ; 6.050                         ;
; Data Required Time ; 5.093                         ;
; Slack              ; 0.957                         ;
+--------------------+-------------------------------+

+-----------------------------------------------------------------------------------+
; Statistics                                                                        ;
+------------------------+-------+-------+-------------+------------+-------+-------+
; Property               ; Value ; Count ; Total Delay ; % of Total ; Min   ; Max   ;
+------------------------+-------+-------+-------------+------------+-------+-------+
; Hold Relationship      ; 0.000 ;       ;             ;            ;       ;       ;
; Clock Skew             ; 0.049 ;       ;             ;            ;       ;       ;
; Data Delay             ; 1.396 ;       ;             ;            ;       ;       ;
; Number of Logic Levels ;       ; 4     ;             ;            ;       ;       ;
; Physical Delays        ;       ;       ;             ;            ;       ;       ;
;  Arrival Path          ;       ;       ;             ;            ;       ;       ;
;   Clock                ;       ;       ;             ;            ;       ;       ;
;    IC                  ;       ; 4     ; 3.212       ; 69         ; 0.000 ; 3.212 ;
;    Cell                ;       ; 5     ; 1.442       ; 31         ; 0.000 ; 0.974 ;
;   Data                 ;       ;       ;             ;            ;       ;       ;
;    IC                  ;       ; 4     ; 0.754       ; 54         ; 0.131 ; 0.324 ;
;    Cell                ;       ; 10    ; 0.479       ; 34         ; 0.000 ; 0.155 ;
;    uTco                ;       ; 1     ; 0.163       ; 12         ; 0.163 ; 0.163 ;
;  Required Path         ;       ;       ;             ;            ;       ;       ;
;   Clock                ;       ;       ;             ;            ;       ;       ;
;    IC                  ;       ; 4     ; 3.465       ; 67         ; 0.000 ; 3.465 ;
;    Cell                ;       ; 5     ; 1.707       ; 33         ; 0.000 ; 1.166 ;
+------------------------+-------+-------+-------------+------------+-------+-------+
Note: Negative delays are omitted from totals when calculating percentages

+----------------------------------------------------------------------------------------------------------------------------------------------------------------------------+
; Data Arrival Path                                                                                                                                                          ;
+---------+---------+----+------+--------+-----------------------+------------+----------------------------------------------------------------------------------------------+
; Total   ; Incr    ; RF ; Type ; Fanout ; Location              ; HS/LP      ; Element                                                                                      ;
+---------+---------+----+------+--------+-----------------------+------------+----------------------------------------------------------------------------------------------+
; 0.000   ; 0.000   ;    ;      ;        ;                       ;            ; launch edge time                                                                             ;
; 4.654   ; 4.654   ;    ;      ;        ;                       ;            ; clock path                                                                                   ;
;   0.000 ;   0.000 ;    ;      ;        ;                       ;            ; source latency                                                                               ;
;   0.000 ;   0.000 ;    ;      ; 1      ; PIN_AH5               ;            ; QSFPA_REFCLK_p                                                                               ;
;   0.000 ;   0.000 ; RR ; IC   ; 1      ; IOIBUF_X224_Y13_N108  ;            ; QSFPA_REFCLK_p~input|i                                                                       ;
;   0.070 ;   0.070 ; RR ; CELL ; 1      ; IOIBUF_X224_Y13_N108  ;            ; QSFPA_REFCLK_p~input|o                                                                       ;
;   0.070 ;   0.000 ; RR ; IC   ; 1      ; HSSIREFCLKDIVIDER_4CT ;            ; QSFPA_REFCLK_p~inputFITTER_INSERTED|refclk_inp                                               ;
;   0.070 ;   0.000 ; RR ; CELL ; 3      ; HSSIREFCLKDIVIDER_4CT ;            ; QSFPA_REFCLK_p~inputFITTER_INSERTED|refclk_a                                                 ;
;   1.044 ;   0.974 ; RR ; CELL ; 1      ; HSSIREFCLKDIVIDER_4CT ;            ; QSFPA_REFCLK_p~inputFITTER_INSERTED~hssi_tile/ch4_pld_pma_fpll_fbclkout_lc_lvpecl_to_coreclk ;
;   1.044 ;   0.000 ; RR ; IC   ; 2      ; CLKCTRL_4C_G_I19      ;            ; QSFPA_REFCLK_p~inputFITTER_INSERTEDCLKENA0|inclk                                             ;
;   1.442 ;   0.398 ; RR ; CELL ; 1013   ; CLKCTRL_4C_G_I19      ;            ; QSFPA_REFCLK_p~inputFITTER_INSERTEDCLKENA0|outclk                                            ;
;   4.654 ;   3.212 ; RR ; IC   ; 1      ; FF_X141_Y43_N32       ; High Speed ; step6b_target_tai_latched[35]|clk                                                            ;
;   4.654 ;   0.000 ; RR ; CELL ; 1      ; FF_X141_Y43_N32       ; High Speed ; step6b_target_tai_latched[35]                                                                ;
; 6.050   ; 1.396   ;    ;      ;        ;                       ;            ; data path                                                                                    ;
;   4.817 ;   0.163 ; FF ; uTco ; 1      ; FF_X141_Y43_N32       ;            ; step6b_target_tai_latched[35]|q                                                              ;
;   4.872 ;   0.055 ; FF ; CELL ; 2      ; FF_X141_Y43_N32       ; High Speed ; step6b_target_tai_latched[35]~la_mlab/laboutb[1]                                             ;
;   5.003 ;   0.131 ; FF ; IC   ; 1      ; MLABCELL_X141_Y43_N30 ; High Speed ; p_step6b_scheduler~5|datad                                                                   ;
;   5.094 ;   0.091 ; FF ; CELL ; 1      ; MLABCELL_X141_Y43_N30 ; High Speed ; p_step6b_scheduler~5|combout                                                                 ;
;   5.097 ;   0.003 ; FF ; CELL ; 1      ; MLABCELL_X141_Y43_N30 ; High Speed ; p_step6b_scheduler~5~la_mlab/laboutb[0]                                                      ;
;   5.233 ;   0.136 ; FF ; IC   ; 1      ; MLABCELL_X141_Y43_N9  ; High Speed ; p_step6b_scheduler~9|dataa                                                                   ;
;   5.373 ;   0.140 ; FF ; CELL ; 1      ; MLABCELL_X141_Y43_N9  ; High Speed ; p_step6b_scheduler~9|combout                                                                 ;
;   5.375 ;   0.002 ; FF ; CELL ; 4      ; MLABCELL_X141_Y43_N9  ; High Speed ; p_step6b_scheduler~9~la_mlab/laboutt[6]                                                      ;
;   5.538 ;   0.163 ; FF ; IC   ; 1      ; MLABCELL_X141_Y43_N42 ; High Speed ; p_step6b_scheduler~25|dataf                                                                  ;
;   5.568 ;   0.030 ; FF ; CELL ; 1      ; MLABCELL_X141_Y43_N42 ; High Speed ; p_step6b_scheduler~25|combout                                                                ;
;   5.571 ;   0.003 ; FF ; CELL ; 2      ; MLABCELL_X141_Y43_N42 ; High Speed ; p_step6b_scheduler~25~la_mlab/laboutb[8]                                                     ;
;   5.895 ;   0.324 ; FF ; IC   ; 1      ; LABCELL_X138_Y42_N33  ; High Speed ; step6b_armed~0|datab                                                                         ;
;   6.050 ;   0.155 ; FR ; CELL ; 1      ; LABCELL_X138_Y42_N33  ; High Speed ; step6b_armed~0|combout                                                                       ;
;   6.050 ;   0.000 ; RR ; CELL ; 1      ; FF_X138_Y42_N34       ; High Speed ; step6b_armed|d                                                                               ;
;   6.050 ;   0.000 ; RR ; CELL ; 1      ; FF_X138_Y42_N34       ; High Speed ; step6b_armed                                                                                 ;
+---------+---------+----+------+--------+-----------------------+------------+----------------------------------------------------------------------------------------------+

+-----------------------------------------------------------------------------------------------------------------------------------------------------------------------------+
; Data Required Path                                                                                                                                                          ;
+---------+----------+----+------+--------+-----------------------+------------+----------------------------------------------------------------------------------------------+
; Total   ; Incr     ; RF ; Type ; Fanout ; Location              ; HS/LP      ; Element                                                                                      ;
+---------+----------+----+------+--------+-----------------------+------------+----------------------------------------------------------------------------------------------+
; 0.000   ; 0.000    ;    ;      ;        ;                       ;            ; latch edge time                                                                              ;
; 4.703   ; 4.703    ;    ;      ;        ;                       ;            ; clock path                                                                                   ;
;   0.000 ;   0.000  ;    ;      ;        ;                       ;            ; source latency                                                                               ;
;   0.000 ;   0.000  ;    ;      ; 1      ; PIN_AH5               ;            ; QSFPA_REFCLK_p                                                                               ;
;   0.000 ;   0.000  ; RR ; IC   ; 1      ; IOIBUF_X224_Y13_N108  ;            ; QSFPA_REFCLK_p~input|i                                                                       ;
;   0.070 ;   0.070  ; RR ; CELL ; 1      ; IOIBUF_X224_Y13_N108  ;            ; QSFPA_REFCLK_p~input|o                                                                       ;
;   0.070 ;   0.000  ; RR ; IC   ; 1      ; HSSIREFCLKDIVIDER_4CT ;            ; QSFPA_REFCLK_p~inputFITTER_INSERTED|refclk_inp                                               ;
;   0.070 ;   0.000  ; RR ; CELL ; 3      ; HSSIREFCLKDIVIDER_4CT ;            ; QSFPA_REFCLK_p~inputFITTER_INSERTED|refclk_a                                                 ;
;   1.236 ;   1.166  ; RR ; CELL ; 1      ; HSSIREFCLKDIVIDER_4CT ;            ; QSFPA_REFCLK_p~inputFITTER_INSERTED~hssi_tile/ch4_pld_pma_fpll_fbclkout_lc_lvpecl_to_coreclk ;
;   1.236 ;   0.000  ; RR ; IC   ; 2      ; CLKCTRL_4C_G_I19      ;            ; QSFPA_REFCLK_p~inputFITTER_INSERTEDCLKENA0|inclk                                             ;
;   1.707 ;   0.471  ; RR ; CELL ; 1013   ; CLKCTRL_4C_G_I19      ;            ; QSFPA_REFCLK_p~inputFITTER_INSERTEDCLKENA0|outclk                                            ;
;   5.172 ;   3.465  ; RR ; IC   ; 1      ; FF_X138_Y42_N34       ; High Speed ; step6b_armed|clk                                                                             ;
;   5.172 ;   0.000  ; RR ; CELL ; 1      ; FF_X138_Y42_N34       ; High Speed ; step6b_armed                                                                                 ;
;   4.703 ;   -0.469 ;    ;      ;        ;                       ;            ; clock pessimism removed                                                                      ;
; 4.703   ; 0.000    ;    ;      ;        ;                       ;            ; clock uncertainty                                                                            ;
; 5.093   ; 0.390    ;    ; uTh  ; 1      ; FF_X138_Y42_N34       ;            ; step6b_armed                                                                                 ;
+---------+----------+----+------+--------+-----------------------+------------+----------------------------------------------------------------------------------------------+

----------------------------
; Extra Fitter Information ;
----------------------------
HTML report is unavailable in plain text report export.


Path #9: Hold slack is 1.049 
===============================================================================
+----------------------------------------------------+
; Path Summary                                       ;
+--------------------+-------------------------------+
; Property           ; Value                         ;
+--------------------+-------------------------------+
; From Node          ; step6b_target_tai_latched[34] ;
; To Node            ; step6b_armed                  ;
; Launch Clock       ; qsfp_ref_125m                 ;
; Latch Clock        ; qsfp_ref_125m                 ;
; Data Arrival Time  ; 6.142                         ;
; Data Required Time ; 5.093                         ;
; Slack              ; 1.049                         ;
+--------------------+-------------------------------+

+-----------------------------------------------------------------------------------+
; Statistics                                                                        ;
+------------------------+-------+-------+-------------+------------+-------+-------+
; Property               ; Value ; Count ; Total Delay ; % of Total ; Min   ; Max   ;
+------------------------+-------+-------+-------------+------------+-------+-------+
; Hold Relationship      ; 0.000 ;       ;             ;            ;       ;       ;
; Clock Skew             ; 0.050 ;       ;             ;            ;       ;       ;
; Data Delay             ; 1.489 ;       ;             ;            ;       ;       ;
; Number of Logic Levels ;       ; 4     ;             ;            ;       ;       ;
; Physical Delays        ;       ;       ;             ;            ;       ;       ;
;  Arrival Path          ;       ;       ;             ;            ;       ;       ;
;   Clock                ;       ;       ;             ;            ;       ;       ;
;    IC                  ;       ; 4     ; 3.211       ; 69         ; 0.000 ; 3.211 ;
;    Cell                ;       ; 5     ; 1.442       ; 31         ; 0.000 ; 0.974 ;
;   Data                 ;       ;       ;             ;            ;       ;       ;
;    IC                  ;       ; 4     ; 0.898       ; 60         ; 0.157 ; 0.326 ;
;    Cell                ;       ; 10    ; 0.430       ; 29         ; 0.000 ; 0.150 ;
;    uTco                ;       ; 1     ; 0.161       ; 11         ; 0.161 ; 0.161 ;
;  Required Path         ;       ;       ;             ;            ;       ;       ;
;   Clock                ;       ;       ;             ;            ;       ;       ;
;    IC                  ;       ; 4     ; 3.465       ; 67         ; 0.000 ; 3.465 ;
;    Cell                ;       ; 5     ; 1.707       ; 33         ; 0.000 ; 1.166 ;
+------------------------+-------+-------+-------------+------------+-------+-------+
Note: Negative delays are omitted from totals when calculating percentages

+----------------------------------------------------------------------------------------------------------------------------------------------------------------------------+
; Data Arrival Path                                                                                                                                                          ;
+---------+---------+----+------+--------+-----------------------+------------+----------------------------------------------------------------------------------------------+
; Total   ; Incr    ; RF ; Type ; Fanout ; Location              ; HS/LP      ; Element                                                                                      ;
+---------+---------+----+------+--------+-----------------------+------------+----------------------------------------------------------------------------------------------+
; 0.000   ; 0.000   ;    ;      ;        ;                       ;            ; launch edge time                                                                             ;
; 4.653   ; 4.653   ;    ;      ;        ;                       ;            ; clock path                                                                                   ;
;   0.000 ;   0.000 ;    ;      ;        ;                       ;            ; source latency                                                                               ;
;   0.000 ;   0.000 ;    ;      ; 1      ; PIN_AH5               ;            ; QSFPA_REFCLK_p                                                                               ;
;   0.000 ;   0.000 ; RR ; IC   ; 1      ; IOIBUF_X224_Y13_N108  ;            ; QSFPA_REFCLK_p~input|i                                                                       ;
;   0.070 ;   0.070 ; RR ; CELL ; 1      ; IOIBUF_X224_Y13_N108  ;            ; QSFPA_REFCLK_p~input|o                                                                       ;
;   0.070 ;   0.000 ; RR ; IC   ; 1      ; HSSIREFCLKDIVIDER_4CT ;            ; QSFPA_REFCLK_p~inputFITTER_INSERTED|refclk_inp                                               ;
;   0.070 ;   0.000 ; RR ; CELL ; 3      ; HSSIREFCLKDIVIDER_4CT ;            ; QSFPA_REFCLK_p~inputFITTER_INSERTED|refclk_a                                                 ;
;   1.044 ;   0.974 ; RR ; CELL ; 1      ; HSSIREFCLKDIVIDER_4CT ;            ; QSFPA_REFCLK_p~inputFITTER_INSERTED~hssi_tile/ch4_pld_pma_fpll_fbclkout_lc_lvpecl_to_coreclk ;
;   1.044 ;   0.000 ; RR ; IC   ; 2      ; CLKCTRL_4C_G_I19      ;            ; QSFPA_REFCLK_p~inputFITTER_INSERTEDCLKENA0|inclk                                             ;
;   1.442 ;   0.398 ; RR ; CELL ; 1013   ; CLKCTRL_4C_G_I19      ;            ; QSFPA_REFCLK_p~inputFITTER_INSERTEDCLKENA0|outclk                                            ;
;   4.653 ;   3.211 ; RR ; IC   ; 1      ; FF_X139_Y43_N52       ; High Speed ; step6b_target_tai_latched[34]|clk                                                            ;
;   4.653 ;   0.000 ; RR ; CELL ; 1      ; FF_X139_Y43_N52       ; High Speed ; step6b_target_tai_latched[34]                                                                ;
; 6.142   ; 1.489   ;    ;      ;        ;                       ;            ; data path                                                                                    ;
;   4.814 ;   0.161 ; RR ; uTco ; 1      ; FF_X139_Y43_N52       ;            ; step6b_target_tai_latched[34]|q                                                              ;
;   4.893 ;   0.079 ; RR ; CELL ; 2      ; FF_X139_Y43_N52       ; High Speed ; step6b_target_tai_latched[34]~la_mlab/laboutb[14]                                            ;
;   5.050 ;   0.157 ; RR ; IC   ; 1      ; MLABCELL_X139_Y43_N51 ; High Speed ; p_step6b_scheduler~8|datae                                                                   ;
;   5.110 ;   0.060 ; RR ; CELL ; 1      ; MLABCELL_X139_Y43_N51 ; High Speed ; p_step6b_scheduler~8|combout                                                                 ;
;   5.112 ;   0.002 ; RR ; CELL ; 1      ; MLABCELL_X139_Y43_N51 ; High Speed ; p_step6b_scheduler~8~la_mlab/laboutb[15]                                                     ;
;   5.366 ;   0.254 ; RR ; IC   ; 1      ; MLABCELL_X141_Y43_N9  ; High Speed ; p_step6b_scheduler~9|datad                                                                   ;
;   5.470 ;   0.104 ; RR ; CELL ; 1      ; MLABCELL_X141_Y43_N9  ; High Speed ; p_step6b_scheduler~9|combout                                                                 ;
;   5.472 ;   0.002 ; RR ; CELL ; 4      ; MLABCELL_X141_Y43_N9  ; High Speed ; p_step6b_scheduler~9~la_mlab/laboutt[6]                                                      ;
;   5.633 ;   0.161 ; RR ; IC   ; 1      ; MLABCELL_X141_Y43_N42 ; High Speed ; p_step6b_scheduler~25|dataf                                                                  ;
;   5.663 ;   0.030 ; RR ; CELL ; 1      ; MLABCELL_X141_Y43_N42 ; High Speed ; p_step6b_scheduler~25|combout                                                                ;
;   5.666 ;   0.003 ; RR ; CELL ; 2      ; MLABCELL_X141_Y43_N42 ; High Speed ; p_step6b_scheduler~25~la_mlab/laboutb[8]                                                     ;
;   5.992 ;   0.326 ; RR ; IC   ; 1      ; LABCELL_X138_Y42_N33  ; High Speed ; step6b_armed~0|datab                                                                         ;
;   6.142 ;   0.150 ; RF ; CELL ; 1      ; LABCELL_X138_Y42_N33  ; High Speed ; step6b_armed~0|combout                                                                       ;
;   6.142 ;   0.000 ; FF ; CELL ; 1      ; FF_X138_Y42_N34       ; High Speed ; step6b_armed|d                                                                               ;
;   6.142 ;   0.000 ; FF ; CELL ; 1      ; FF_X138_Y42_N34       ; High Speed ; step6b_armed                                                                                 ;
+---------+---------+----+------+--------+-----------------------+------------+----------------------------------------------------------------------------------------------+

+-----------------------------------------------------------------------------------------------------------------------------------------------------------------------------+
; Data Required Path                                                                                                                                                          ;
+---------+----------+----+------+--------+-----------------------+------------+----------------------------------------------------------------------------------------------+
; Total   ; Incr     ; RF ; Type ; Fanout ; Location              ; HS/LP      ; Element                                                                                      ;
+---------+----------+----+------+--------+-----------------------+------------+----------------------------------------------------------------------------------------------+
; 0.000   ; 0.000    ;    ;      ;        ;                       ;            ; latch edge time                                                                              ;
; 4.703   ; 4.703    ;    ;      ;        ;                       ;            ; clock path                                                                                   ;
;   0.000 ;   0.000  ;    ;      ;        ;                       ;            ; source latency                                                                               ;
;   0.000 ;   0.000  ;    ;      ; 1      ; PIN_AH5               ;            ; QSFPA_REFCLK_p                                                                               ;
;   0.000 ;   0.000  ; RR ; IC   ; 1      ; IOIBUF_X224_Y13_N108  ;            ; QSFPA_REFCLK_p~input|i                                                                       ;
;   0.070 ;   0.070  ; RR ; CELL ; 1      ; IOIBUF_X224_Y13_N108  ;            ; QSFPA_REFCLK_p~input|o                                                                       ;
;   0.070 ;   0.000  ; RR ; IC   ; 1      ; HSSIREFCLKDIVIDER_4CT ;            ; QSFPA_REFCLK_p~inputFITTER_INSERTED|refclk_inp                                               ;
;   0.070 ;   0.000  ; RR ; CELL ; 3      ; HSSIREFCLKDIVIDER_4CT ;            ; QSFPA_REFCLK_p~inputFITTER_INSERTED|refclk_a                                                 ;
;   1.236 ;   1.166  ; RR ; CELL ; 1      ; HSSIREFCLKDIVIDER_4CT ;            ; QSFPA_REFCLK_p~inputFITTER_INSERTED~hssi_tile/ch4_pld_pma_fpll_fbclkout_lc_lvpecl_to_coreclk ;
;   1.236 ;   0.000  ; RR ; IC   ; 2      ; CLKCTRL_4C_G_I19      ;            ; QSFPA_REFCLK_p~inputFITTER_INSERTEDCLKENA0|inclk                                             ;
;   1.707 ;   0.471  ; RR ; CELL ; 1013   ; CLKCTRL_4C_G_I19      ;            ; QSFPA_REFCLK_p~inputFITTER_INSERTEDCLKENA0|outclk                                            ;
;   5.172 ;   3.465  ; RR ; IC   ; 1      ; FF_X138_Y42_N34       ; High Speed ; step6b_armed|clk                                                                             ;
;   5.172 ;   0.000  ; RR ; CELL ; 1      ; FF_X138_Y42_N34       ; High Speed ; step6b_armed                                                                                 ;
;   4.703 ;   -0.469 ;    ;      ;        ;                       ;            ; clock pessimism removed                                                                      ;
; 4.703   ; 0.000    ;    ;      ;        ;                       ;            ; clock uncertainty                                                                            ;
; 5.093   ; 0.390    ;    ; uTh  ; 1      ; FF_X138_Y42_N34       ;            ; step6b_armed                                                                                 ;
+---------+----------+----+------+--------+-----------------------+------------+----------------------------------------------------------------------------------------------+

----------------------------
; Extra Fitter Information ;
----------------------------
HTML report is unavailable in plain text report export.


Path #10: Hold slack is 1.070 
===============================================================================
+---------------------------------------------------+
; Path Summary                                      ;
+--------------------+------------------------------+
; Property           ; Value                        ;
+--------------------+------------------------------+
; From Node          ; step6b_target_tai_latched[1] ;
; To Node            ; step6b_armed                 ;
; Launch Clock       ; qsfp_ref_125m                ;
; Latch Clock        ; qsfp_ref_125m                ;
; Data Arrival Time  ; 6.163                        ;
; Data Required Time ; 5.093                        ;
; Slack              ; 1.070                        ;
+--------------------+------------------------------+

+-----------------------------------------------------------------------------------+
; Statistics                                                                        ;
+------------------------+-------+-------+-------------+------------+-------+-------+
; Property               ; Value ; Count ; Total Delay ; % of Total ; Min   ; Max   ;
+------------------------+-------+-------+-------------+------------+-------+-------+
; Hold Relationship      ; 0.000 ;       ;             ;            ;       ;       ;
; Clock Skew             ; 0.037 ;       ;             ;            ;       ;       ;
; Data Delay             ; 1.497 ;       ;             ;            ;       ;       ;
; Number of Logic Levels ;       ; 4     ;             ;            ;       ;       ;
; Physical Delays        ;       ;       ;             ;            ;       ;       ;
;  Arrival Path          ;       ;       ;             ;            ;       ;       ;
;   Clock                ;       ;       ;             ;            ;       ;       ;
;    IC                  ;       ; 4     ; 3.224       ; 69         ; 0.000 ; 3.224 ;
;    Cell                ;       ; 5     ; 1.442       ; 31         ; 0.000 ; 0.974 ;
;   Data                 ;       ;       ;             ;            ;       ;       ;
;    IC                  ;       ; 4     ; 0.902       ; 60         ; 0.154 ; 0.324 ;
;    Cell                ;       ; 10    ; 0.415       ; 28         ; 0.000 ; 0.155 ;
;    uTco                ;       ; 1     ; 0.180       ; 12         ; 0.180 ; 0.180 ;
;  Required Path         ;       ;       ;             ;            ;       ;       ;
;   Clock                ;       ;       ;             ;            ;       ;       ;
;    IC                  ;       ; 4     ; 3.465       ; 67         ; 0.000 ; 3.465 ;
;    Cell                ;       ; 5     ; 1.707       ; 33         ; 0.000 ; 1.166 ;
+------------------------+-------+-------+-------------+------------+-------+-------+
Note: Negative delays are omitted from totals when calculating percentages

+----------------------------------------------------------------------------------------------------------------------------------------------------------------------------+
; Data Arrival Path                                                                                                                                                          ;
+---------+---------+----+------+--------+-----------------------+------------+----------------------------------------------------------------------------------------------+
; Total   ; Incr    ; RF ; Type ; Fanout ; Location              ; HS/LP      ; Element                                                                                      ;
+---------+---------+----+------+--------+-----------------------+------------+----------------------------------------------------------------------------------------------+
; 0.000   ; 0.000   ;    ;      ;        ;                       ;            ; launch edge time                                                                             ;
; 4.666   ; 4.666   ;    ;      ;        ;                       ;            ; clock path                                                                                   ;
;   0.000 ;   0.000 ;    ;      ;        ;                       ;            ; source latency                                                                               ;
;   0.000 ;   0.000 ;    ;      ; 1      ; PIN_AH5               ;            ; QSFPA_REFCLK_p                                                                               ;
;   0.000 ;   0.000 ; RR ; IC   ; 1      ; IOIBUF_X224_Y13_N108  ;            ; QSFPA_REFCLK_p~input|i                                                                       ;
;   0.070 ;   0.070 ; RR ; CELL ; 1      ; IOIBUF_X224_Y13_N108  ;            ; QSFPA_REFCLK_p~input|o                                                                       ;
;   0.070 ;   0.000 ; RR ; IC   ; 1      ; HSSIREFCLKDIVIDER_4CT ;            ; QSFPA_REFCLK_p~inputFITTER_INSERTED|refclk_inp                                               ;
;   0.070 ;   0.000 ; RR ; CELL ; 3      ; HSSIREFCLKDIVIDER_4CT ;            ; QSFPA_REFCLK_p~inputFITTER_INSERTED|refclk_a                                                 ;
;   1.044 ;   0.974 ; RR ; CELL ; 1      ; HSSIREFCLKDIVIDER_4CT ;            ; QSFPA_REFCLK_p~inputFITTER_INSERTED~hssi_tile/ch4_pld_pma_fpll_fbclkout_lc_lvpecl_to_coreclk ;
;   1.044 ;   0.000 ; RR ; IC   ; 2      ; CLKCTRL_4C_G_I19      ;            ; QSFPA_REFCLK_p~inputFITTER_INSERTEDCLKENA0|inclk                                             ;
;   1.442 ;   0.398 ; RR ; CELL ; 1013   ; CLKCTRL_4C_G_I19      ;            ; QSFPA_REFCLK_p~inputFITTER_INSERTEDCLKENA0|outclk                                            ;
;   4.666 ;   3.224 ; RR ; IC   ; 1      ; FF_X140_Y44_N7        ; Low Power  ; step6b_target_tai_latched[1]|clk                                                             ;
;   4.666 ;   0.000 ; RR ; CELL ; 1      ; FF_X140_Y44_N7        ; Low Power  ; step6b_target_tai_latched[1]                                                                 ;
; 6.163   ; 1.497   ;    ;      ;        ;                       ;            ; data path                                                                                    ;
;   4.846 ;   0.180 ; FF ; uTco ; 1      ; FF_X140_Y44_N7        ;            ; step6b_target_tai_latched[1]|q                                                               ;
;   4.939 ;   0.093 ; FF ; CELL ; 2      ; FF_X140_Y44_N7        ; Low Power  ; step6b_target_tai_latched[1]~la_lab/laboutt[4]                                               ;
;   5.200 ;   0.261 ; FF ; IC   ; 1      ; MLABCELL_X141_Y43_N36 ; Mixed      ; p_step6b_scheduler~4|datac                                                                   ;
;   5.301 ;   0.101 ; FF ; CELL ; 1      ; MLABCELL_X141_Y43_N36 ; High Speed ; p_step6b_scheduler~4|combout                                                                 ;
;   5.304 ;   0.003 ; FF ; CELL ; 1      ; MLABCELL_X141_Y43_N36 ; High Speed ; p_step6b_scheduler~4~la_mlab/laboutb[4]                                                      ;
;   5.458 ;   0.154 ; FF ; IC   ; 1      ; MLABCELL_X141_Y43_N9  ; High Speed ; p_step6b_scheduler~9|dataf                                                                   ;
;   5.486 ;   0.028 ; FF ; CELL ; 1      ; MLABCELL_X141_Y43_N9  ; High Speed ; p_step6b_scheduler~9|combout                                                                 ;
;   5.488 ;   0.002 ; FF ; CELL ; 4      ; MLABCELL_X141_Y43_N9  ; High Speed ; p_step6b_scheduler~9~la_mlab/laboutt[6]                                                      ;
;   5.651 ;   0.163 ; FF ; IC   ; 1      ; MLABCELL_X141_Y43_N42 ; High Speed ; p_step6b_scheduler~25|dataf                                                                  ;
;   5.681 ;   0.030 ; FF ; CELL ; 1      ; MLABCELL_X141_Y43_N42 ; High Speed ; p_step6b_scheduler~25|combout                                                                ;
;   5.684 ;   0.003 ; FF ; CELL ; 2      ; MLABCELL_X141_Y43_N42 ; High Speed ; p_step6b_scheduler~25~la_mlab/laboutb[8]                                                     ;
;   6.008 ;   0.324 ; FF ; IC   ; 1      ; LABCELL_X138_Y42_N33  ; High Speed ; step6b_armed~0|datab                                                                         ;
;   6.163 ;   0.155 ; FR ; CELL ; 1      ; LABCELL_X138_Y42_N33  ; High Speed ; step6b_armed~0|combout                                                                       ;
;   6.163 ;   0.000 ; RR ; CELL ; 1      ; FF_X138_Y42_N34       ; High Speed ; step6b_armed|d                                                                               ;
;   6.163 ;   0.000 ; RR ; CELL ; 1      ; FF_X138_Y42_N34       ; High Speed ; step6b_armed                                                                                 ;
+---------+---------+----+------+--------+-----------------------+------------+----------------------------------------------------------------------------------------------+

+-----------------------------------------------------------------------------------------------------------------------------------------------------------------------------+
; Data Required Path                                                                                                                                                          ;
+---------+----------+----+------+--------+-----------------------+------------+----------------------------------------------------------------------------------------------+
; Total   ; Incr     ; RF ; Type ; Fanout ; Location              ; HS/LP      ; Element                                                                                      ;
+---------+----------+----+------+--------+-----------------------+------------+----------------------------------------------------------------------------------------------+
; 0.000   ; 0.000    ;    ;      ;        ;                       ;            ; latch edge time                                                                              ;
; 4.703   ; 4.703    ;    ;      ;        ;                       ;            ; clock path                                                                                   ;
;   0.000 ;   0.000  ;    ;      ;        ;                       ;            ; source latency                                                                               ;
;   0.000 ;   0.000  ;    ;      ; 1      ; PIN_AH5               ;            ; QSFPA_REFCLK_p                                                                               ;
;   0.000 ;   0.000  ; RR ; IC   ; 1      ; IOIBUF_X224_Y13_N108  ;            ; QSFPA_REFCLK_p~input|i                                                                       ;
;   0.070 ;   0.070  ; RR ; CELL ; 1      ; IOIBUF_X224_Y13_N108  ;            ; QSFPA_REFCLK_p~input|o                                                                       ;
;   0.070 ;   0.000  ; RR ; IC   ; 1      ; HSSIREFCLKDIVIDER_4CT ;            ; QSFPA_REFCLK_p~inputFITTER_INSERTED|refclk_inp                                               ;
;   0.070 ;   0.000  ; RR ; CELL ; 3      ; HSSIREFCLKDIVIDER_4CT ;            ; QSFPA_REFCLK_p~inputFITTER_INSERTED|refclk_a                                                 ;
;   1.236 ;   1.166  ; RR ; CELL ; 1      ; HSSIREFCLKDIVIDER_4CT ;            ; QSFPA_REFCLK_p~inputFITTER_INSERTED~hssi_tile/ch4_pld_pma_fpll_fbclkout_lc_lvpecl_to_coreclk ;
;   1.236 ;   0.000  ; RR ; IC   ; 2      ; CLKCTRL_4C_G_I19      ;            ; QSFPA_REFCLK_p~inputFITTER_INSERTEDCLKENA0|inclk                                             ;
;   1.707 ;   0.471  ; RR ; CELL ; 1013   ; CLKCTRL_4C_G_I19      ;            ; QSFPA_REFCLK_p~inputFITTER_INSERTEDCLKENA0|outclk                                            ;
;   5.172 ;   3.465  ; RR ; IC   ; 1      ; FF_X138_Y42_N34       ; High Speed ; step6b_armed|clk                                                                             ;
;   5.172 ;   0.000  ; RR ; CELL ; 1      ; FF_X138_Y42_N34       ; High Speed ; step6b_armed                                                                                 ;
;   4.703 ;   -0.469 ;    ;      ;        ;                       ;            ; clock pessimism removed                                                                      ;
; 4.703   ; 0.000    ;    ;      ;        ;                       ;            ; clock uncertainty                                                                            ;
; 5.093   ; 0.390    ;    ; uTh  ; 1      ; FF_X138_Y42_N34       ;            ; step6b_armed                                                                                 ;
+---------+----------+----+------+--------+-----------------------+------------+----------------------------------------------------------------------------------------------+

----------------------------
; Extra Fitter Information ;
----------------------------
HTML report is unavailable in plain text report export.


Path #11: Hold slack is 1.298 
===============================================================================
+----------------------------------------------------+
; Path Summary                                       ;
+--------------------+-------------------------------+
; Property           ; Value                         ;
+--------------------+-------------------------------+
; From Node          ; step6b_target_tai_latched[32] ;
; To Node            ; step6b_armed                  ;
; Launch Clock       ; qsfp_ref_125m                 ;
; Latch Clock        ; qsfp_ref_125m                 ;
; Data Arrival Time  ; 6.391                         ;
; Data Required Time ; 5.093                         ;
; Slack              ; 1.298                         ;
+--------------------+-------------------------------+

+-----------------------------------------------------------------------------------+
; Statistics                                                                        ;
+------------------------+-------+-------+-------------+------------+-------+-------+
; Property               ; Value ; Count ; Total Delay ; % of Total ; Min   ; Max   ;
+------------------------+-------+-------+-------------+------------+-------+-------+
; Hold Relationship      ; 0.000 ;       ;             ;            ;       ;       ;
; Clock Skew             ; 0.050 ;       ;             ;            ;       ;       ;
; Data Delay             ; 1.738 ;       ;             ;            ;       ;       ;
; Number of Logic Levels ;       ; 5     ;             ;            ;       ;       ;
; Physical Delays        ;       ;       ;             ;            ;       ;       ;
;  Arrival Path          ;       ;       ;             ;            ;       ;       ;
;   Clock                ;       ;       ;             ;            ;       ;       ;
;    IC                  ;       ; 4     ; 3.211       ; 69         ; 0.000 ; 3.211 ;
;    Cell                ;       ; 5     ; 1.442       ; 31         ; 0.000 ; 0.974 ;
;   Data                 ;       ;       ;             ;            ;       ;       ;
;    IC                  ;       ; 5     ; 1.017       ; 59         ; 0.120 ; 0.324 ;
;    Cell                ;       ; 12    ; 0.552       ; 32         ; 0.000 ; 0.155 ;
;    uTco                ;       ; 1     ; 0.169       ; 10         ; 0.169 ; 0.169 ;
;  Required Path         ;       ;       ;             ;            ;       ;       ;
;   Clock                ;       ;       ;             ;            ;       ;       ;
;    IC                  ;       ; 4     ; 3.465       ; 67         ; 0.000 ; 3.465 ;
;    Cell                ;       ; 5     ; 1.707       ; 33         ; 0.000 ; 1.166 ;
+------------------------+-------+-------+-------------+------------+-------+-------+
Note: Negative delays are omitted from totals when calculating percentages

+----------------------------------------------------------------------------------------------------------------------------------------------------------------------------+
; Data Arrival Path                                                                                                                                                          ;
+---------+---------+----+------+--------+-----------------------+------------+----------------------------------------------------------------------------------------------+
; Total   ; Incr    ; RF ; Type ; Fanout ; Location              ; HS/LP      ; Element                                                                                      ;
+---------+---------+----+------+--------+-----------------------+------------+----------------------------------------------------------------------------------------------+
; 0.000   ; 0.000   ;    ;      ;        ;                       ;            ; launch edge time                                                                             ;
; 4.653   ; 4.653   ;    ;      ;        ;                       ;            ; clock path                                                                                   ;
;   0.000 ;   0.000 ;    ;      ;        ;                       ;            ; source latency                                                                               ;
;   0.000 ;   0.000 ;    ;      ; 1      ; PIN_AH5               ;            ; QSFPA_REFCLK_p                                                                               ;
;   0.000 ;   0.000 ; RR ; IC   ; 1      ; IOIBUF_X224_Y13_N108  ;            ; QSFPA_REFCLK_p~input|i                                                                       ;
;   0.070 ;   0.070 ; RR ; CELL ; 1      ; IOIBUF_X224_Y13_N108  ;            ; QSFPA_REFCLK_p~input|o                                                                       ;
;   0.070 ;   0.000 ; RR ; IC   ; 1      ; HSSIREFCLKDIVIDER_4CT ;            ; QSFPA_REFCLK_p~inputFITTER_INSERTED|refclk_inp                                               ;
;   0.070 ;   0.000 ; RR ; CELL ; 3      ; HSSIREFCLKDIVIDER_4CT ;            ; QSFPA_REFCLK_p~inputFITTER_INSERTED|refclk_a                                                 ;
;   1.044 ;   0.974 ; RR ; CELL ; 1      ; HSSIREFCLKDIVIDER_4CT ;            ; QSFPA_REFCLK_p~inputFITTER_INSERTED~hssi_tile/ch4_pld_pma_fpll_fbclkout_lc_lvpecl_to_coreclk ;
;   1.044 ;   0.000 ; RR ; IC   ; 2      ; CLKCTRL_4C_G_I19      ;            ; QSFPA_REFCLK_p~inputFITTER_INSERTEDCLKENA0|inclk                                             ;
;   1.442 ;   0.398 ; RR ; CELL ; 1013   ; CLKCTRL_4C_G_I19      ;            ; QSFPA_REFCLK_p~inputFITTER_INSERTEDCLKENA0|outclk                                            ;
;   4.653 ;   3.211 ; RR ; IC   ; 1      ; FF_X139_Y43_N29       ; High Speed ; step6b_target_tai_latched[32]|clk                                                            ;
;   4.653 ;   0.000 ; RR ; CELL ; 1      ; FF_X139_Y43_N29       ; High Speed ; step6b_target_tai_latched[32]                                                                ;
; 6.391   ; 1.738   ;    ;      ;        ;                       ;            ; data path                                                                                    ;
;   4.822 ;   0.169 ; FF ; uTco ; 1      ; FF_X139_Y43_N29       ;            ; step6b_target_tai_latched[32]|q                                                              ;
;   4.910 ;   0.088 ; FF ; CELL ; 2      ; FF_X139_Y43_N29       ; High Speed ; step6b_target_tai_latched[32]~la_mlab/laboutt[19]                                            ;
;   5.030 ;   0.120 ; FF ; IC   ; 1      ; MLABCELL_X139_Y43_N27 ; High Speed ; p_step6b_scheduler~7|dataf                                                                   ;
;   5.057 ;   0.027 ; FF ; CELL ; 1      ; MLABCELL_X139_Y43_N27 ; High Speed ; p_step6b_scheduler~7|combout                                                                 ;
;   5.059 ;   0.002 ; FF ; CELL ; 1      ; MLABCELL_X139_Y43_N27 ; High Speed ; p_step6b_scheduler~7~la_mlab/laboutt[18]                                                     ;
;   5.216 ;   0.157 ; FF ; IC   ; 1      ; MLABCELL_X139_Y43_N51 ; High Speed ; p_step6b_scheduler~8|dataa                                                                   ;
;   5.357 ;   0.141 ; FF ; CELL ; 1      ; MLABCELL_X139_Y43_N51 ; High Speed ; p_step6b_scheduler~8|combout                                                                 ;
;   5.359 ;   0.002 ; FF ; CELL ; 1      ; MLABCELL_X139_Y43_N51 ; High Speed ; p_step6b_scheduler~8~la_mlab/laboutb[15]                                                     ;
;   5.612 ;   0.253 ; FF ; IC   ; 1      ; MLABCELL_X141_Y43_N9  ; High Speed ; p_step6b_scheduler~9|datad                                                                   ;
;   5.714 ;   0.102 ; FF ; CELL ; 1      ; MLABCELL_X141_Y43_N9  ; High Speed ; p_step6b_scheduler~9|combout                                                                 ;
;   5.716 ;   0.002 ; FF ; CELL ; 4      ; MLABCELL_X141_Y43_N9  ; High Speed ; p_step6b_scheduler~9~la_mlab/laboutt[6]                                                      ;
;   5.879 ;   0.163 ; FF ; IC   ; 1      ; MLABCELL_X141_Y43_N42 ; High Speed ; p_step6b_scheduler~25|dataf                                                                  ;
;   5.909 ;   0.030 ; FF ; CELL ; 1      ; MLABCELL_X141_Y43_N42 ; High Speed ; p_step6b_scheduler~25|combout                                                                ;
;   5.912 ;   0.003 ; FF ; CELL ; 2      ; MLABCELL_X141_Y43_N42 ; High Speed ; p_step6b_scheduler~25~la_mlab/laboutb[8]                                                     ;
;   6.236 ;   0.324 ; FF ; IC   ; 1      ; LABCELL_X138_Y42_N33  ; High Speed ; step6b_armed~0|datab                                                                         ;
;   6.391 ;   0.155 ; FR ; CELL ; 1      ; LABCELL_X138_Y42_N33  ; High Speed ; step6b_armed~0|combout                                                                       ;
;   6.391 ;   0.000 ; RR ; CELL ; 1      ; FF_X138_Y42_N34       ; High Speed ; step6b_armed|d                                                                               ;
;   6.391 ;   0.000 ; RR ; CELL ; 1      ; FF_X138_Y42_N34       ; High Speed ; step6b_armed                                                                                 ;
+---------+---------+----+------+--------+-----------------------+------------+----------------------------------------------------------------------------------------------+

+-----------------------------------------------------------------------------------------------------------------------------------------------------------------------------+
; Data Required Path                                                                                                                                                          ;
+---------+----------+----+------+--------+-----------------------+------------+----------------------------------------------------------------------------------------------+
; Total   ; Incr     ; RF ; Type ; Fanout ; Location              ; HS/LP      ; Element                                                                                      ;
+---------+----------+----+------+--------+-----------------------+------------+----------------------------------------------------------------------------------------------+
; 0.000   ; 0.000    ;    ;      ;        ;                       ;            ; latch edge time                                                                              ;
; 4.703   ; 4.703    ;    ;      ;        ;                       ;            ; clock path                                                                                   ;
;   0.000 ;   0.000  ;    ;      ;        ;                       ;            ; source latency                                                                               ;
;   0.000 ;   0.000  ;    ;      ; 1      ; PIN_AH5               ;            ; QSFPA_REFCLK_p                                                                               ;
;   0.000 ;   0.000  ; RR ; IC   ; 1      ; IOIBUF_X224_Y13_N108  ;            ; QSFPA_REFCLK_p~input|i                                                                       ;
;   0.070 ;   0.070  ; RR ; CELL ; 1      ; IOIBUF_X224_Y13_N108  ;            ; QSFPA_REFCLK_p~input|o                                                                       ;
;   0.070 ;   0.000  ; RR ; IC   ; 1      ; HSSIREFCLKDIVIDER_4CT ;            ; QSFPA_REFCLK_p~inputFITTER_INSERTED|refclk_inp                                               ;
;   0.070 ;   0.000  ; RR ; CELL ; 3      ; HSSIREFCLKDIVIDER_4CT ;            ; QSFPA_REFCLK_p~inputFITTER_INSERTED|refclk_a                                                 ;
;   1.236 ;   1.166  ; RR ; CELL ; 1      ; HSSIREFCLKDIVIDER_4CT ;            ; QSFPA_REFCLK_p~inputFITTER_INSERTED~hssi_tile/ch4_pld_pma_fpll_fbclkout_lc_lvpecl_to_coreclk ;
;   1.236 ;   0.000  ; RR ; IC   ; 2      ; CLKCTRL_4C_G_I19      ;            ; QSFPA_REFCLK_p~inputFITTER_INSERTEDCLKENA0|inclk                                             ;
;   1.707 ;   0.471  ; RR ; CELL ; 1013   ; CLKCTRL_4C_G_I19      ;            ; QSFPA_REFCLK_p~inputFITTER_INSERTEDCLKENA0|outclk                                            ;
;   5.172 ;   3.465  ; RR ; IC   ; 1      ; FF_X138_Y42_N34       ; High Speed ; step6b_armed|clk                                                                             ;
;   5.172 ;   0.000  ; RR ; CELL ; 1      ; FF_X138_Y42_N34       ; High Speed ; step6b_armed                                                                                 ;
;   4.703 ;   -0.469 ;    ;      ;        ;                       ;            ; clock pessimism removed                                                                      ;
; 4.703   ; 0.000    ;    ;      ;        ;                       ;            ; clock uncertainty                                                                            ;
; 5.093   ; 0.390    ;    ; uTh  ; 1      ; FF_X138_Y42_N34       ;            ; step6b_armed                                                                                 ;
+---------+----------+----+------+--------+-----------------------+------------+----------------------------------------------------------------------------------------------+

----------------------------
; Extra Fitter Information ;
----------------------------
HTML report is unavailable in plain text report export.


Path #12: Hold slack is 1.335 
===============================================================================
+------------------------------------------------------------------------------------------------------------------+
; Path Summary                                                                                                     ;
+--------------------+---------------------------------------------------------------------------------------------+
; Property           ; Value                                                                                       ;
+--------------------+---------------------------------------------------------------------------------------------+
; From Node          ; xwr_core:u_xwr_core|wr_core:WRPC|xwr_pps_gen:PPS_GEN|wr_pps_gen:WRAPPED_PPSGEN|cntr_utc[37] ;
; To Node            ; step6b_armed                                                                                ;
; Launch Clock       ; qsfp_ref_125m                                                                               ;
; Latch Clock        ; qsfp_ref_125m                                                                               ;
; Data Arrival Time  ; 6.428                                                                                       ;
; Data Required Time ; 5.093                                                                                       ;
; Slack              ; 1.335                                                                                       ;
+--------------------+---------------------------------------------------------------------------------------------+

+-----------------------------------------------------------------------------------+
; Statistics                                                                        ;
+------------------------+-------+-------+-------------+------------+-------+-------+
; Property               ; Value ; Count ; Total Delay ; % of Total ; Min   ; Max   ;
+------------------------+-------+-------+-------------+------------+-------+-------+
; Hold Relationship      ; 0.000 ;       ;             ;            ;       ;       ;
; Clock Skew             ; 0.000 ;       ;             ;            ;       ;       ;
; Data Delay             ; 1.725 ;       ;             ;            ;       ;       ;
; Number of Logic Levels ;       ; 3     ;             ;            ;       ;       ;
; Physical Delays        ;       ;       ;             ;            ;       ;       ;
;  Arrival Path          ;       ;       ;             ;            ;       ;       ;
;   Clock                ;       ;       ;             ;            ;       ;       ;
;    IC                  ;       ; 4     ; 3.261       ; 69         ; 0.000 ; 3.261 ;
;    Cell                ;       ; 5     ; 1.442       ; 31         ; 0.000 ; 0.974 ;
;   Data                 ;       ;       ;             ;            ;       ;       ;
;    IC                  ;       ; 3     ; 1.162       ; 67         ; 0.161 ; 0.675 ;
;    Cell                ;       ; 8     ; 0.396       ; 23         ; 0.000 ; 0.150 ;
;    uTco                ;       ; 1     ; 0.167       ; 10         ; 0.167 ; 0.167 ;
;  Required Path         ;       ;       ;             ;            ;       ;       ;
;   Clock                ;       ;       ;             ;            ;       ;       ;
;    IC                  ;       ; 4     ; 3.465       ; 67         ; 0.000 ; 3.465 ;
;    Cell                ;       ; 5     ; 1.707       ; 33         ; 0.000 ; 1.166 ;
+------------------------+-------+-------+-------------+------------+-------+-------+
Note: Negative delays are omitted from totals when calculating percentages

+----------------------------------------------------------------------------------------------------------------------------------------------------------------------------------------------+
; Data Arrival Path                                                                                                                                                                            ;
+---------+---------+----+------+--------+-----------------------+------------+----------------------------------------------------------------------------------------------------------------+
; Total   ; Incr    ; RF ; Type ; Fanout ; Location              ; HS/LP      ; Element                                                                                                        ;
+---------+---------+----+------+--------+-----------------------+------------+----------------------------------------------------------------------------------------------------------------+
; 0.000   ; 0.000   ;    ;      ;        ;                       ;            ; launch edge time                                                                                               ;
; 4.703   ; 4.703   ;    ;      ;        ;                       ;            ; clock path                                                                                                     ;
;   0.000 ;   0.000 ;    ;      ;        ;                       ;            ; source latency                                                                                                 ;
;   0.000 ;   0.000 ;    ;      ; 1      ; PIN_AH5               ;            ; QSFPA_REFCLK_p                                                                                                 ;
;   0.000 ;   0.000 ; RR ; IC   ; 1      ; IOIBUF_X224_Y13_N108  ;            ; QSFPA_REFCLK_p~input|i                                                                                         ;
;   0.070 ;   0.070 ; RR ; CELL ; 1      ; IOIBUF_X224_Y13_N108  ;            ; QSFPA_REFCLK_p~input|o                                                                                         ;
;   0.070 ;   0.000 ; RR ; IC   ; 1      ; HSSIREFCLKDIVIDER_4CT ;            ; QSFPA_REFCLK_p~inputFITTER_INSERTED|refclk_inp                                                                 ;
;   0.070 ;   0.000 ; RR ; CELL ; 3      ; HSSIREFCLKDIVIDER_4CT ;            ; QSFPA_REFCLK_p~inputFITTER_INSERTED|refclk_a                                                                   ;
;   1.044 ;   0.974 ; RR ; CELL ; 1      ; HSSIREFCLKDIVIDER_4CT ;            ; QSFPA_REFCLK_p~inputFITTER_INSERTED~hssi_tile/ch4_pld_pma_fpll_fbclkout_lc_lvpecl_to_coreclk                   ;
;   1.044 ;   0.000 ; RR ; IC   ; 2      ; CLKCTRL_4C_G_I19      ;            ; QSFPA_REFCLK_p~inputFITTER_INSERTEDCLKENA0|inclk                                                               ;
;   1.442 ;   0.398 ; RR ; CELL ; 1013   ; CLKCTRL_4C_G_I19      ;            ; QSFPA_REFCLK_p~inputFITTER_INSERTEDCLKENA0|outclk                                                              ;
;   4.703 ;   3.261 ; RR ; IC   ; 1      ; FF_X146_Y40_N41       ; High Speed ; u_xwr_core|WRPC|PPS_GEN|WRAPPED_PPSGEN|cntr_utc[37]|clk                                                        ;
;   4.703 ;   0.000 ; RR ; CELL ; 1      ; FF_X146_Y40_N41       ; High Speed ; xwr_core:u_xwr_core|wr_core:WRPC|xwr_pps_gen:PPS_GEN|wr_pps_gen:WRAPPED_PPSGEN|cntr_utc[37]                    ;
; 6.428   ; 1.725   ;    ;      ;        ;                       ;            ; data path                                                                                                      ;
;   4.870 ;   0.167 ; RR ; uTco ; 1      ; FF_X146_Y40_N41       ;            ; u_xwr_core|WRPC|PPS_GEN|WRAPPED_PPSGEN|cntr_utc[37]|q                                                          ;
;   4.983 ;   0.113 ; RR ; CELL ; 5      ; FF_X146_Y40_N41       ; High Speed ; xwr_core:u_xwr_core|wr_core:WRPC|xwr_pps_gen:PPS_GEN|wr_pps_gen:WRAPPED_PPSGEN|cntr_utc[37]~la_mlab/laboutb[7] ;
;   5.658 ;   0.675 ; RR ; IC   ; 1      ; MLABCELL_X141_Y43_N9  ; Mixed      ; p_step6b_scheduler~9|datac                                                                                     ;
;   5.756 ;   0.098 ; RR ; CELL ; 1      ; MLABCELL_X141_Y43_N9  ; High Speed ; p_step6b_scheduler~9|combout                                                                                   ;
;   5.758 ;   0.002 ; RR ; CELL ; 4      ; MLABCELL_X141_Y43_N9  ; High Speed ; p_step6b_scheduler~9~la_mlab/laboutt[6]                                                                        ;
;   5.919 ;   0.161 ; RR ; IC   ; 1      ; MLABCELL_X141_Y43_N42 ; High Speed ; p_step6b_scheduler~25|dataf                                                                                    ;
;   5.949 ;   0.030 ; RR ; CELL ; 1      ; MLABCELL_X141_Y43_N42 ; High Speed ; p_step6b_scheduler~25|combout                                                                                  ;
;   5.952 ;   0.003 ; RR ; CELL ; 2      ; MLABCELL_X141_Y43_N42 ; High Speed ; p_step6b_scheduler~25~la_mlab/laboutb[8]                                                                       ;
;   6.278 ;   0.326 ; RR ; IC   ; 1      ; LABCELL_X138_Y42_N33  ; High Speed ; step6b_armed~0|datab                                                                                           ;
;   6.428 ;   0.150 ; RF ; CELL ; 1      ; LABCELL_X138_Y42_N33  ; High Speed ; step6b_armed~0|combout                                                                                         ;
;   6.428 ;   0.000 ; FF ; CELL ; 1      ; FF_X138_Y42_N34       ; High Speed ; step6b_armed|d                                                                                                 ;
;   6.428 ;   0.000 ; FF ; CELL ; 1      ; FF_X138_Y42_N34       ; High Speed ; step6b_armed                                                                                                   ;
+---------+---------+----+------+--------+-----------------------+------------+----------------------------------------------------------------------------------------------------------------+

+-----------------------------------------------------------------------------------------------------------------------------------------------------------------------------+
; Data Required Path                                                                                                                                                          ;
+---------+----------+----+------+--------+-----------------------+------------+----------------------------------------------------------------------------------------------+
; Total   ; Incr     ; RF ; Type ; Fanout ; Location              ; HS/LP      ; Element                                                                                      ;
+---------+----------+----+------+--------+-----------------------+------------+----------------------------------------------------------------------------------------------+
; 0.000   ; 0.000    ;    ;      ;        ;                       ;            ; latch edge time                                                                              ;
; 4.703   ; 4.703    ;    ;      ;        ;                       ;            ; clock path                                                                                   ;
;   0.000 ;   0.000  ;    ;      ;        ;                       ;            ; source latency                                                                               ;
;   0.000 ;   0.000  ;    ;      ; 1      ; PIN_AH5               ;            ; QSFPA_REFCLK_p                                                                               ;
;   0.000 ;   0.000  ; RR ; IC   ; 1      ; IOIBUF_X224_Y13_N108  ;            ; QSFPA_REFCLK_p~input|i                                                                       ;
;   0.070 ;   0.070  ; RR ; CELL ; 1      ; IOIBUF_X224_Y13_N108  ;            ; QSFPA_REFCLK_p~input|o                                                                       ;
;   0.070 ;   0.000  ; RR ; IC   ; 1      ; HSSIREFCLKDIVIDER_4CT ;            ; QSFPA_REFCLK_p~inputFITTER_INSERTED|refclk_inp                                               ;
;   0.070 ;   0.000  ; RR ; CELL ; 3      ; HSSIREFCLKDIVIDER_4CT ;            ; QSFPA_REFCLK_p~inputFITTER_INSERTED|refclk_a                                                 ;
;   1.236 ;   1.166  ; RR ; CELL ; 1      ; HSSIREFCLKDIVIDER_4CT ;            ; QSFPA_REFCLK_p~inputFITTER_INSERTED~hssi_tile/ch4_pld_pma_fpll_fbclkout_lc_lvpecl_to_coreclk ;
;   1.236 ;   0.000  ; RR ; IC   ; 2      ; CLKCTRL_4C_G_I19      ;            ; QSFPA_REFCLK_p~inputFITTER_INSERTEDCLKENA0|inclk                                             ;
;   1.707 ;   0.471  ; RR ; CELL ; 1013   ; CLKCTRL_4C_G_I19      ;            ; QSFPA_REFCLK_p~inputFITTER_INSERTEDCLKENA0|outclk                                            ;
;   5.172 ;   3.465  ; RR ; IC   ; 1      ; FF_X138_Y42_N34       ; High Speed ; step6b_armed|clk                                                                             ;
;   5.172 ;   0.000  ; RR ; CELL ; 1      ; FF_X138_Y42_N34       ; High Speed ; step6b_armed                                                                                 ;
;   4.703 ;   -0.469 ;    ;      ;        ;                       ;            ; clock pessimism removed                                                                      ;
; 4.703   ; 0.000    ;    ;      ;        ;                       ;            ; clock uncertainty                                                                            ;
; 5.093   ; 0.390    ;    ; uTh  ; 1      ; FF_X138_Y42_N34       ;            ; step6b_armed                                                                                 ;
+---------+----------+----+------+--------+-----------------------+------------+----------------------------------------------------------------------------------------------+

----------------------------
; Extra Fitter Information ;
----------------------------
HTML report is unavailable in plain text report export.


Path #13: Hold slack is 1.361 
===============================================================================
+----------------------------------------------------+
; Path Summary                                       ;
+--------------------+-------------------------------+
; Property           ; Value                         ;
+--------------------+-------------------------------+
; From Node          ; step6b_target_tai_latched[39] ;
; To Node            ; step6b_armed                  ;
; Launch Clock       ; qsfp_ref_125m                 ;
; Latch Clock        ; qsfp_ref_125m                 ;
; Data Arrival Time  ; 6.454                         ;
; Data Required Time ; 5.093                         ;
; Slack              ; 1.361                         ;
+--------------------+-------------------------------+

+-----------------------------------------------------------------------------------+
; Statistics                                                                        ;
+------------------------+-------+-------+-------------+------------+-------+-------+
; Property               ; Value ; Count ; Total Delay ; % of Total ; Min   ; Max   ;
+------------------------+-------+-------+-------------+------------+-------+-------+
; Hold Relationship      ; 0.000 ;       ;             ;            ;       ;       ;
; Clock Skew             ; 0.004 ;       ;             ;            ;       ;       ;
; Data Delay             ; 1.755 ;       ;             ;            ;       ;       ;
; Number of Logic Levels ;       ; 3     ;             ;            ;       ;       ;
; Physical Delays        ;       ;       ;             ;            ;       ;       ;
;  Arrival Path          ;       ;       ;             ;            ;       ;       ;
;   Clock                ;       ;       ;             ;            ;       ;       ;
;    IC                  ;       ; 4     ; 3.257       ; 69         ; 0.000 ; 3.257 ;
;    Cell                ;       ; 5     ; 1.442       ; 31         ; 0.000 ; 0.974 ;
;   Data                 ;       ;       ;             ;            ;       ;       ;
;    IC                  ;       ; 3     ; 1.080       ; 62         ; 0.132 ; 0.622 ;
;    Cell                ;       ; 8     ; 0.515       ; 29         ; 0.000 ; 0.171 ;
;    uTco                ;       ; 1     ; 0.160       ; 9          ; 0.160 ; 0.160 ;
;  Required Path         ;       ;       ;             ;            ;       ;       ;
;   Clock                ;       ;       ;             ;            ;       ;       ;
;    IC                  ;       ; 4     ; 3.465       ; 67         ; 0.000 ; 3.465 ;
;    Cell                ;       ; 5     ; 1.707       ; 33         ; 0.000 ; 1.166 ;
+------------------------+-------+-------+-------------+------------+-------+-------+
Note: Negative delays are omitted from totals when calculating percentages

+----------------------------------------------------------------------------------------------------------------------------------------------------------------------------+
; Data Arrival Path                                                                                                                                                          ;
+---------+---------+----+------+--------+-----------------------+------------+----------------------------------------------------------------------------------------------+
; Total   ; Incr    ; RF ; Type ; Fanout ; Location              ; HS/LP      ; Element                                                                                      ;
+---------+---------+----+------+--------+-----------------------+------------+----------------------------------------------------------------------------------------------+
; 0.000   ; 0.000   ;    ;      ;        ;                       ;            ; launch edge time                                                                             ;
; 4.699   ; 4.699   ;    ;      ;        ;                       ;            ; clock path                                                                                   ;
;   0.000 ;   0.000 ;    ;      ;        ;                       ;            ; source latency                                                                               ;
;   0.000 ;   0.000 ;    ;      ; 1      ; PIN_AH5               ;            ; QSFPA_REFCLK_p                                                                               ;
;   0.000 ;   0.000 ; RR ; IC   ; 1      ; IOIBUF_X224_Y13_N108  ;            ; QSFPA_REFCLK_p~input|i                                                                       ;
;   0.070 ;   0.070 ; RR ; CELL ; 1      ; IOIBUF_X224_Y13_N108  ;            ; QSFPA_REFCLK_p~input|o                                                                       ;
;   0.070 ;   0.000 ; RR ; IC   ; 1      ; HSSIREFCLKDIVIDER_4CT ;            ; QSFPA_REFCLK_p~inputFITTER_INSERTED|refclk_inp                                               ;
;   0.070 ;   0.000 ; RR ; CELL ; 3      ; HSSIREFCLKDIVIDER_4CT ;            ; QSFPA_REFCLK_p~inputFITTER_INSERTED|refclk_a                                                 ;
;   1.044 ;   0.974 ; RR ; CELL ; 1      ; HSSIREFCLKDIVIDER_4CT ;            ; QSFPA_REFCLK_p~inputFITTER_INSERTED~hssi_tile/ch4_pld_pma_fpll_fbclkout_lc_lvpecl_to_coreclk ;
;   1.044 ;   0.000 ; RR ; IC   ; 2      ; CLKCTRL_4C_G_I19      ;            ; QSFPA_REFCLK_p~inputFITTER_INSERTEDCLKENA0|inclk                                             ;
;   1.442 ;   0.398 ; RR ; CELL ; 1013   ; CLKCTRL_4C_G_I19      ;            ; QSFPA_REFCLK_p~inputFITTER_INSERTEDCLKENA0|outclk                                            ;
;   4.699 ;   3.257 ; RR ; IC   ; 1      ; FF_X143_Y44_N49       ; High Speed ; step6b_target_tai_latched[39]|clk                                                            ;
;   4.699 ;   0.000 ; RR ; CELL ; 1      ; FF_X143_Y44_N49       ; High Speed ; step6b_target_tai_latched[39]                                                                ;
; 6.454   ; 1.755   ;    ;      ;        ;                       ;            ; data path                                                                                    ;
;   4.859 ;   0.160 ; FF ; uTco ; 1      ; FF_X143_Y44_N49       ;            ; step6b_target_tai_latched[39]|q                                                              ;
;   4.946 ;   0.087 ; FF ; CELL ; 2      ; FF_X143_Y44_N49       ; High Speed ; step6b_target_tai_latched[39]~la_lab/laboutb[12]                                             ;
;   5.078 ;   0.132 ; FF ; IC   ; 1      ; LABCELL_X143_Y44_N51  ; High Speed ; p_step6b_scheduler~3|datac                                                                   ;
;   5.181 ;   0.103 ; FR ; CELL ; 1      ; LABCELL_X143_Y44_N51  ; High Speed ; p_step6b_scheduler~3|combout                                                                 ;
;   5.182 ;   0.001 ; RR ; CELL ; 4      ; LABCELL_X143_Y44_N51  ; High Speed ; p_step6b_scheduler~3~la_lab/laboutb[14]                                                      ;
;   5.804 ;   0.622 ; RR ; IC   ; 1      ; MLABCELL_X141_Y43_N42 ; Mixed      ; p_step6b_scheduler~25|dataa                                                                  ;
;   5.975 ;   0.171 ; RR ; CELL ; 1      ; MLABCELL_X141_Y43_N42 ; High Speed ; p_step6b_scheduler~25|combout                                                                ;
;   5.978 ;   0.003 ; RR ; CELL ; 2      ; MLABCELL_X141_Y43_N42 ; High Speed ; p_step6b_scheduler~25~la_mlab/laboutb[8]                                                     ;
;   6.304 ;   0.326 ; RR ; IC   ; 1      ; LABCELL_X138_Y42_N33  ; High Speed ; step6b_armed~0|datab                                                                         ;
;   6.454 ;   0.150 ; RF ; CELL ; 1      ; LABCELL_X138_Y42_N33  ; High Speed ; step6b_armed~0|combout                                                                       ;
;   6.454 ;   0.000 ; FF ; CELL ; 1      ; FF_X138_Y42_N34       ; High Speed ; step6b_armed|d                                                                               ;
;   6.454 ;   0.000 ; FF ; CELL ; 1      ; FF_X138_Y42_N34       ; High Speed ; step6b_armed                                                                                 ;
+---------+---------+----+------+--------+-----------------------+------------+----------------------------------------------------------------------------------------------+

+-----------------------------------------------------------------------------------------------------------------------------------------------------------------------------+
; Data Required Path                                                                                                                                                          ;
+---------+----------+----+------+--------+-----------------------+------------+----------------------------------------------------------------------------------------------+
; Total   ; Incr     ; RF ; Type ; Fanout ; Location              ; HS/LP      ; Element                                                                                      ;
+---------+----------+----+------+--------+-----------------------+------------+----------------------------------------------------------------------------------------------+
; 0.000   ; 0.000    ;    ;      ;        ;                       ;            ; latch edge time                                                                              ;
; 4.703   ; 4.703    ;    ;      ;        ;                       ;            ; clock path                                                                                   ;
;   0.000 ;   0.000  ;    ;      ;        ;                       ;            ; source latency                                                                               ;
;   0.000 ;   0.000  ;    ;      ; 1      ; PIN_AH5               ;            ; QSFPA_REFCLK_p                                                                               ;
;   0.000 ;   0.000  ; RR ; IC   ; 1      ; IOIBUF_X224_Y13_N108  ;            ; QSFPA_REFCLK_p~input|i                                                                       ;
;   0.070 ;   0.070  ; RR ; CELL ; 1      ; IOIBUF_X224_Y13_N108  ;            ; QSFPA_REFCLK_p~input|o                                                                       ;
;   0.070 ;   0.000  ; RR ; IC   ; 1      ; HSSIREFCLKDIVIDER_4CT ;            ; QSFPA_REFCLK_p~inputFITTER_INSERTED|refclk_inp                                               ;
;   0.070 ;   0.000  ; RR ; CELL ; 3      ; HSSIREFCLKDIVIDER_4CT ;            ; QSFPA_REFCLK_p~inputFITTER_INSERTED|refclk_a                                                 ;
;   1.236 ;   1.166  ; RR ; CELL ; 1      ; HSSIREFCLKDIVIDER_4CT ;            ; QSFPA_REFCLK_p~inputFITTER_INSERTED~hssi_tile/ch4_pld_pma_fpll_fbclkout_lc_lvpecl_to_coreclk ;
;   1.236 ;   0.000  ; RR ; IC   ; 2      ; CLKCTRL_4C_G_I19      ;            ; QSFPA_REFCLK_p~inputFITTER_INSERTEDCLKENA0|inclk                                             ;
;   1.707 ;   0.471  ; RR ; CELL ; 1013   ; CLKCTRL_4C_G_I19      ;            ; QSFPA_REFCLK_p~inputFITTER_INSERTEDCLKENA0|outclk                                            ;
;   5.172 ;   3.465  ; RR ; IC   ; 1      ; FF_X138_Y42_N34       ; High Speed ; step6b_armed|clk                                                                             ;
;   5.172 ;   0.000  ; RR ; CELL ; 1      ; FF_X138_Y42_N34       ; High Speed ; step6b_armed                                                                                 ;
;   4.703 ;   -0.469 ;    ;      ;        ;                       ;            ; clock pessimism removed                                                                      ;
; 4.703   ; 0.000    ;    ;      ;        ;                       ;            ; clock uncertainty                                                                            ;
; 5.093   ; 0.390    ;    ; uTh  ; 1      ; FF_X138_Y42_N34       ;            ; step6b_armed                                                                                 ;
+---------+----------+----+------+--------+-----------------------+------------+----------------------------------------------------------------------------------------------+

----------------------------
; Extra Fitter Information ;
----------------------------
HTML report is unavailable in plain text report export.


Path #14: Hold slack is 1.369 
===============================================================================
+----------------------------------------------------+
; Path Summary                                       ;
+--------------------+-------------------------------+
; Property           ; Value                         ;
+--------------------+-------------------------------+
; From Node          ; step6b_target_tai_latched[33] ;
; To Node            ; step6b_armed                  ;
; Launch Clock       ; qsfp_ref_125m                 ;
; Latch Clock        ; qsfp_ref_125m                 ;
; Data Arrival Time  ; 6.462                         ;
; Data Required Time ; 5.093                         ;
; Slack              ; 1.369                         ;
+--------------------+-------------------------------+

+-----------------------------------------------------------------------------------+
; Statistics                                                                        ;
+------------------------+-------+-------+-------------+------------+-------+-------+
; Property               ; Value ; Count ; Total Delay ; % of Total ; Min   ; Max   ;
+------------------------+-------+-------+-------------+------------+-------+-------+
; Hold Relationship      ; 0.000 ;       ;             ;            ;       ;       ;
; Clock Skew             ; 0.050 ;       ;             ;            ;       ;       ;
; Data Delay             ; 1.809 ;       ;             ;            ;       ;       ;
; Number of Logic Levels ;       ; 5     ;             ;            ;       ;       ;
; Physical Delays        ;       ;       ;             ;            ;       ;       ;
;  Arrival Path          ;       ;       ;             ;            ;       ;       ;
;   Clock                ;       ;       ;             ;            ;       ;       ;
;    IC                  ;       ; 4     ; 3.211       ; 69         ; 0.000 ; 3.211 ;
;    Cell                ;       ; 5     ; 1.442       ; 31         ; 0.000 ; 0.974 ;
;   Data                 ;       ;       ;             ;            ;       ;       ;
;    IC                  ;       ; 5     ; 1.018       ; 56         ; 0.121 ; 0.324 ;
;    Cell                ;       ; 12    ; 0.630       ; 35         ; 0.000 ; 0.155 ;
;    uTco                ;       ; 1     ; 0.161       ; 9          ; 0.161 ; 0.161 ;
;  Required Path         ;       ;       ;             ;            ;       ;       ;
;   Clock                ;       ;       ;             ;            ;       ;       ;
;    IC                  ;       ; 4     ; 3.465       ; 67         ; 0.000 ; 3.465 ;
;    Cell                ;       ; 5     ; 1.707       ; 33         ; 0.000 ; 1.166 ;
+------------------------+-------+-------+-------------+------------+-------+-------+
Note: Negative delays are omitted from totals when calculating percentages

+----------------------------------------------------------------------------------------------------------------------------------------------------------------------------+
; Data Arrival Path                                                                                                                                                          ;
+---------+---------+----+------+--------+-----------------------+------------+----------------------------------------------------------------------------------------------+
; Total   ; Incr    ; RF ; Type ; Fanout ; Location              ; HS/LP      ; Element                                                                                      ;
+---------+---------+----+------+--------+-----------------------+------------+----------------------------------------------------------------------------------------------+
; 0.000   ; 0.000   ;    ;      ;        ;                       ;            ; launch edge time                                                                             ;
; 4.653   ; 4.653   ;    ;      ;        ;                       ;            ; clock path                                                                                   ;
;   0.000 ;   0.000 ;    ;      ;        ;                       ;            ; source latency                                                                               ;
;   0.000 ;   0.000 ;    ;      ; 1      ; PIN_AH5               ;            ; QSFPA_REFCLK_p                                                                               ;
;   0.000 ;   0.000 ; RR ; IC   ; 1      ; IOIBUF_X224_Y13_N108  ;            ; QSFPA_REFCLK_p~input|i                                                                       ;
;   0.070 ;   0.070 ; RR ; CELL ; 1      ; IOIBUF_X224_Y13_N108  ;            ; QSFPA_REFCLK_p~input|o                                                                       ;
;   0.070 ;   0.000 ; RR ; IC   ; 1      ; HSSIREFCLKDIVIDER_4CT ;            ; QSFPA_REFCLK_p~inputFITTER_INSERTED|refclk_inp                                               ;
;   0.070 ;   0.000 ; RR ; CELL ; 3      ; HSSIREFCLKDIVIDER_4CT ;            ; QSFPA_REFCLK_p~inputFITTER_INSERTED|refclk_a                                                 ;
;   1.044 ;   0.974 ; RR ; CELL ; 1      ; HSSIREFCLKDIVIDER_4CT ;            ; QSFPA_REFCLK_p~inputFITTER_INSERTED~hssi_tile/ch4_pld_pma_fpll_fbclkout_lc_lvpecl_to_coreclk ;
;   1.044 ;   0.000 ; RR ; IC   ; 2      ; CLKCTRL_4C_G_I19      ;            ; QSFPA_REFCLK_p~inputFITTER_INSERTEDCLKENA0|inclk                                             ;
;   1.442 ;   0.398 ; RR ; CELL ; 1013   ; CLKCTRL_4C_G_I19      ;            ; QSFPA_REFCLK_p~inputFITTER_INSERTEDCLKENA0|outclk                                            ;
;   4.653 ;   3.211 ; RR ; IC   ; 1      ; FF_X139_Y43_N50       ; High Speed ; step6b_target_tai_latched[33]|clk                                                            ;
;   4.653 ;   0.000 ; RR ; CELL ; 1      ; FF_X139_Y43_N50       ; High Speed ; step6b_target_tai_latched[33]                                                                ;
; 6.462   ; 1.809   ;    ;      ;        ;                       ;            ; data path                                                                                    ;
;   4.814 ;   0.161 ; FF ; uTco ; 1      ; FF_X139_Y43_N50       ;            ; step6b_target_tai_latched[33]|q                                                              ;
;   4.869 ;   0.055 ; FF ; CELL ; 2      ; FF_X139_Y43_N50       ; High Speed ; step6b_target_tai_latched[33]~la_mlab/laboutb[13]                                            ;
;   4.990 ;   0.121 ; FF ; IC   ; 1      ; MLABCELL_X139_Y43_N27 ; High Speed ; p_step6b_scheduler~7|dataa                                                                   ;
;   5.128 ;   0.138 ; FF ; CELL ; 1      ; MLABCELL_X139_Y43_N27 ; High Speed ; p_step6b_scheduler~7|combout                                                                 ;
;   5.130 ;   0.002 ; FF ; CELL ; 1      ; MLABCELL_X139_Y43_N27 ; High Speed ; p_step6b_scheduler~7~la_mlab/laboutt[18]                                                     ;
;   5.287 ;   0.157 ; FF ; IC   ; 1      ; MLABCELL_X139_Y43_N51 ; High Speed ; p_step6b_scheduler~8|dataa                                                                   ;
;   5.428 ;   0.141 ; FF ; CELL ; 1      ; MLABCELL_X139_Y43_N51 ; High Speed ; p_step6b_scheduler~8|combout                                                                 ;
;   5.430 ;   0.002 ; FF ; CELL ; 1      ; MLABCELL_X139_Y43_N51 ; High Speed ; p_step6b_scheduler~8~la_mlab/laboutb[15]                                                     ;
;   5.683 ;   0.253 ; FF ; IC   ; 1      ; MLABCELL_X141_Y43_N9  ; High Speed ; p_step6b_scheduler~9|datad                                                                   ;
;   5.785 ;   0.102 ; FF ; CELL ; 1      ; MLABCELL_X141_Y43_N9  ; High Speed ; p_step6b_scheduler~9|combout                                                                 ;
;   5.787 ;   0.002 ; FF ; CELL ; 4      ; MLABCELL_X141_Y43_N9  ; High Speed ; p_step6b_scheduler~9~la_mlab/laboutt[6]                                                      ;
;   5.950 ;   0.163 ; FF ; IC   ; 1      ; MLABCELL_X141_Y43_N42 ; High Speed ; p_step6b_scheduler~25|dataf                                                                  ;
;   5.980 ;   0.030 ; FF ; CELL ; 1      ; MLABCELL_X141_Y43_N42 ; High Speed ; p_step6b_scheduler~25|combout                                                                ;
;   5.983 ;   0.003 ; FF ; CELL ; 2      ; MLABCELL_X141_Y43_N42 ; High Speed ; p_step6b_scheduler~25~la_mlab/laboutb[8]                                                     ;
;   6.307 ;   0.324 ; FF ; IC   ; 1      ; LABCELL_X138_Y42_N33  ; High Speed ; step6b_armed~0|datab                                                                         ;
;   6.462 ;   0.155 ; FR ; CELL ; 1      ; LABCELL_X138_Y42_N33  ; High Speed ; step6b_armed~0|combout                                                                       ;
;   6.462 ;   0.000 ; RR ; CELL ; 1      ; FF_X138_Y42_N34       ; High Speed ; step6b_armed|d                                                                               ;
;   6.462 ;   0.000 ; RR ; CELL ; 1      ; FF_X138_Y42_N34       ; High Speed ; step6b_armed                                                                                 ;
+---------+---------+----+------+--------+-----------------------+------------+----------------------------------------------------------------------------------------------+

+-----------------------------------------------------------------------------------------------------------------------------------------------------------------------------+
; Data Required Path                                                                                                                                                          ;
+---------+----------+----+------+--------+-----------------------+------------+----------------------------------------------------------------------------------------------+
; Total   ; Incr     ; RF ; Type ; Fanout ; Location              ; HS/LP      ; Element                                                                                      ;
+---------+----------+----+------+--------+-----------------------+------------+----------------------------------------------------------------------------------------------+
; 0.000   ; 0.000    ;    ;      ;        ;                       ;            ; latch edge time                                                                              ;
; 4.703   ; 4.703    ;    ;      ;        ;                       ;            ; clock path                                                                                   ;
;   0.000 ;   0.000  ;    ;      ;        ;                       ;            ; source latency                                                                               ;
;   0.000 ;   0.000  ;    ;      ; 1      ; PIN_AH5               ;            ; QSFPA_REFCLK_p                                                                               ;
;   0.000 ;   0.000  ; RR ; IC   ; 1      ; IOIBUF_X224_Y13_N108  ;            ; QSFPA_REFCLK_p~input|i                                                                       ;
;   0.070 ;   0.070  ; RR ; CELL ; 1      ; IOIBUF_X224_Y13_N108  ;            ; QSFPA_REFCLK_p~input|o                                                                       ;
;   0.070 ;   0.000  ; RR ; IC   ; 1      ; HSSIREFCLKDIVIDER_4CT ;            ; QSFPA_REFCLK_p~inputFITTER_INSERTED|refclk_inp                                               ;
;   0.070 ;   0.000  ; RR ; CELL ; 3      ; HSSIREFCLKDIVIDER_4CT ;            ; QSFPA_REFCLK_p~inputFITTER_INSERTED|refclk_a                                                 ;
;   1.236 ;   1.166  ; RR ; CELL ; 1      ; HSSIREFCLKDIVIDER_4CT ;            ; QSFPA_REFCLK_p~inputFITTER_INSERTED~hssi_tile/ch4_pld_pma_fpll_fbclkout_lc_lvpecl_to_coreclk ;
;   1.236 ;   0.000  ; RR ; IC   ; 2      ; CLKCTRL_4C_G_I19      ;            ; QSFPA_REFCLK_p~inputFITTER_INSERTEDCLKENA0|inclk                                             ;
;   1.707 ;   0.471  ; RR ; CELL ; 1013   ; CLKCTRL_4C_G_I19      ;            ; QSFPA_REFCLK_p~inputFITTER_INSERTEDCLKENA0|outclk                                            ;
;   5.172 ;   3.465  ; RR ; IC   ; 1      ; FF_X138_Y42_N34       ; High Speed ; step6b_armed|clk                                                                             ;
;   5.172 ;   0.000  ; RR ; CELL ; 1      ; FF_X138_Y42_N34       ; High Speed ; step6b_armed                                                                                 ;
;   4.703 ;   -0.469 ;    ;      ;        ;                       ;            ; clock pessimism removed                                                                      ;
; 4.703   ; 0.000    ;    ;      ;        ;                       ;            ; clock uncertainty                                                                            ;
; 5.093   ; 0.390    ;    ; uTh  ; 1      ; FF_X138_Y42_N34       ;            ; step6b_armed                                                                                 ;
+---------+----------+----+------+--------+-----------------------+------------+----------------------------------------------------------------------------------------------+

----------------------------
; Extra Fitter Information ;
----------------------------
HTML report is unavailable in plain text report export.


Path #15: Hold slack is 1.407 
===============================================================================
+----------------------------------------------------+
; Path Summary                                       ;
+--------------------+-------------------------------+
; Property           ; Value                         ;
+--------------------+-------------------------------+
; From Node          ; step6b_target_tai_latched[38] ;
; To Node            ; step6b_armed                  ;
; Launch Clock       ; qsfp_ref_125m                 ;
; Latch Clock        ; qsfp_ref_125m                 ;
; Data Arrival Time  ; 6.500                         ;
; Data Required Time ; 5.093                         ;
; Slack              ; 1.407                         ;
+--------------------+-------------------------------+

+-----------------------------------------------------------------------------------+
; Statistics                                                                        ;
+------------------------+-------+-------+-------------+------------+-------+-------+
; Property               ; Value ; Count ; Total Delay ; % of Total ; Min   ; Max   ;
+------------------------+-------+-------+-------------+------------+-------+-------+
; Hold Relationship      ; 0.000 ;       ;             ;            ;       ;       ;
; Clock Skew             ; 0.004 ;       ;             ;            ;       ;       ;
; Data Delay             ; 1.801 ;       ;             ;            ;       ;       ;
; Number of Logic Levels ;       ; 3     ;             ;            ;       ;       ;
; Physical Delays        ;       ;       ;             ;            ;       ;       ;
;  Arrival Path          ;       ;       ;             ;            ;       ;       ;
;   Clock                ;       ;       ;             ;            ;       ;       ;
;    IC                  ;       ; 4     ; 3.257       ; 69         ; 0.000 ; 3.257 ;
;    Cell                ;       ; 5     ; 1.442       ; 31         ; 0.000 ; 0.974 ;
;   Data                 ;       ;       ;             ;            ;       ;       ;
;    IC                  ;       ; 3     ; 1.113       ; 62         ; 0.123 ; 0.666 ;
;    Cell                ;       ; 8     ; 0.528       ; 29         ; 0.000 ; 0.155 ;
;    uTco                ;       ; 1     ; 0.160       ; 9          ; 0.160 ; 0.160 ;
;  Required Path         ;       ;       ;             ;            ;       ;       ;
;   Clock                ;       ;       ;             ;            ;       ;       ;
;    IC                  ;       ; 4     ; 3.465       ; 67         ; 0.000 ; 3.465 ;
;    Cell                ;       ; 5     ; 1.707       ; 33         ; 0.000 ; 1.166 ;
+------------------------+-------+-------+-------------+------------+-------+-------+
Note: Negative delays are omitted from totals when calculating percentages

+----------------------------------------------------------------------------------------------------------------------------------------------------------------------------+
; Data Arrival Path                                                                                                                                                          ;
+---------+---------+----+------+--------+-----------------------+------------+----------------------------------------------------------------------------------------------+
; Total   ; Incr    ; RF ; Type ; Fanout ; Location              ; HS/LP      ; Element                                                                                      ;
+---------+---------+----+------+--------+-----------------------+------------+----------------------------------------------------------------------------------------------+
; 0.000   ; 0.000   ;    ;      ;        ;                       ;            ; launch edge time                                                                             ;
; 4.699   ; 4.699   ;    ;      ;        ;                       ;            ; clock path                                                                                   ;
;   0.000 ;   0.000 ;    ;      ;        ;                       ;            ; source latency                                                                               ;
;   0.000 ;   0.000 ;    ;      ; 1      ; PIN_AH5               ;            ; QSFPA_REFCLK_p                                                                               ;
;   0.000 ;   0.000 ; RR ; IC   ; 1      ; IOIBUF_X224_Y13_N108  ;            ; QSFPA_REFCLK_p~input|i                                                                       ;
;   0.070 ;   0.070 ; RR ; CELL ; 1      ; IOIBUF_X224_Y13_N108  ;            ; QSFPA_REFCLK_p~input|o                                                                       ;
;   0.070 ;   0.000 ; RR ; IC   ; 1      ; HSSIREFCLKDIVIDER_4CT ;            ; QSFPA_REFCLK_p~inputFITTER_INSERTED|refclk_inp                                               ;
;   0.070 ;   0.000 ; RR ; CELL ; 3      ; HSSIREFCLKDIVIDER_4CT ;            ; QSFPA_REFCLK_p~inputFITTER_INSERTED|refclk_a                                                 ;
;   1.044 ;   0.974 ; RR ; CELL ; 1      ; HSSIREFCLKDIVIDER_4CT ;            ; QSFPA_REFCLK_p~inputFITTER_INSERTED~hssi_tile/ch4_pld_pma_fpll_fbclkout_lc_lvpecl_to_coreclk ;
;   1.044 ;   0.000 ; RR ; IC   ; 2      ; CLKCTRL_4C_G_I19      ;            ; QSFPA_REFCLK_p~inputFITTER_INSERTEDCLKENA0|inclk                                             ;
;   1.442 ;   0.398 ; RR ; CELL ; 1013   ; CLKCTRL_4C_G_I19      ;            ; QSFPA_REFCLK_p~inputFITTER_INSERTEDCLKENA0|outclk                                            ;
;   4.699 ;   3.257 ; RR ; IC   ; 1      ; FF_X143_Y44_N53       ; High Speed ; step6b_target_tai_latched[38]|clk                                                            ;
;   4.699 ;   0.000 ; RR ; CELL ; 1      ; FF_X143_Y44_N53       ; High Speed ; step6b_target_tai_latched[38]                                                                ;
; 6.500   ; 1.801   ;    ;      ;        ;                       ;            ; data path                                                                                    ;
;   4.859 ;   0.160 ; FF ; uTco ; 1      ; FF_X143_Y44_N53       ;            ; step6b_target_tai_latched[38]|q                                                              ;
;   4.946 ;   0.087 ; FF ; CELL ; 2      ; FF_X143_Y44_N53       ; High Speed ; step6b_target_tai_latched[38]~la_lab/laboutb[15]                                             ;
;   5.069 ;   0.123 ; FF ; IC   ; 1      ; LABCELL_X143_Y44_N51  ; High Speed ; p_step6b_scheduler~3|datab                                                                   ;
;   5.210 ;   0.141 ; FF ; CELL ; 1      ; LABCELL_X143_Y44_N51  ; High Speed ; p_step6b_scheduler~3|combout                                                                 ;
;   5.211 ;   0.001 ; FF ; CELL ; 4      ; LABCELL_X143_Y44_N51  ; High Speed ; p_step6b_scheduler~3~la_lab/laboutb[14]                                                      ;
;   5.877 ;   0.666 ; FF ; IC   ; 1      ; MLABCELL_X141_Y43_N42 ; Mixed      ; p_step6b_scheduler~25|dataa                                                                  ;
;   6.018 ;   0.141 ; FF ; CELL ; 1      ; MLABCELL_X141_Y43_N42 ; High Speed ; p_step6b_scheduler~25|combout                                                                ;
;   6.021 ;   0.003 ; FF ; CELL ; 2      ; MLABCELL_X141_Y43_N42 ; High Speed ; p_step6b_scheduler~25~la_mlab/laboutb[8]                                                     ;
;   6.345 ;   0.324 ; FF ; IC   ; 1      ; LABCELL_X138_Y42_N33  ; High Speed ; step6b_armed~0|datab                                                                         ;
;   6.500 ;   0.155 ; FR ; CELL ; 1      ; LABCELL_X138_Y42_N33  ; High Speed ; step6b_armed~0|combout                                                                       ;
;   6.500 ;   0.000 ; RR ; CELL ; 1      ; FF_X138_Y42_N34       ; High Speed ; step6b_armed|d                                                                               ;
;   6.500 ;   0.000 ; RR ; CELL ; 1      ; FF_X138_Y42_N34       ; High Speed ; step6b_armed                                                                                 ;
+---------+---------+----+------+--------+-----------------------+------------+----------------------------------------------------------------------------------------------+

+-----------------------------------------------------------------------------------------------------------------------------------------------------------------------------+
; Data Required Path                                                                                                                                                          ;
+---------+----------+----+------+--------+-----------------------+------------+----------------------------------------------------------------------------------------------+
; Total   ; Incr     ; RF ; Type ; Fanout ; Location              ; HS/LP      ; Element                                                                                      ;
+---------+----------+----+------+--------+-----------------------+------------+----------------------------------------------------------------------------------------------+
; 0.000   ; 0.000    ;    ;      ;        ;                       ;            ; latch edge time                                                                              ;
; 4.703   ; 4.703    ;    ;      ;        ;                       ;            ; clock path                                                                                   ;
;   0.000 ;   0.000  ;    ;      ;        ;                       ;            ; source latency                                                                               ;
;   0.000 ;   0.000  ;    ;      ; 1      ; PIN_AH5               ;            ; QSFPA_REFCLK_p                                                                               ;
;   0.000 ;   0.000  ; RR ; IC   ; 1      ; IOIBUF_X224_Y13_N108  ;            ; QSFPA_REFCLK_p~input|i                                                                       ;
;   0.070 ;   0.070  ; RR ; CELL ; 1      ; IOIBUF_X224_Y13_N108  ;            ; QSFPA_REFCLK_p~input|o                                                                       ;
;   0.070 ;   0.000  ; RR ; IC   ; 1      ; HSSIREFCLKDIVIDER_4CT ;            ; QSFPA_REFCLK_p~inputFITTER_INSERTED|refclk_inp                                               ;
;   0.070 ;   0.000  ; RR ; CELL ; 3      ; HSSIREFCLKDIVIDER_4CT ;            ; QSFPA_REFCLK_p~inputFITTER_INSERTED|refclk_a                                                 ;
;   1.236 ;   1.166  ; RR ; CELL ; 1      ; HSSIREFCLKDIVIDER_4CT ;            ; QSFPA_REFCLK_p~inputFITTER_INSERTED~hssi_tile/ch4_pld_pma_fpll_fbclkout_lc_lvpecl_to_coreclk ;
;   1.236 ;   0.000  ; RR ; IC   ; 2      ; CLKCTRL_4C_G_I19      ;            ; QSFPA_REFCLK_p~inputFITTER_INSERTEDCLKENA0|inclk                                             ;
;   1.707 ;   0.471  ; RR ; CELL ; 1013   ; CLKCTRL_4C_G_I19      ;            ; QSFPA_REFCLK_p~inputFITTER_INSERTEDCLKENA0|outclk                                            ;
;   5.172 ;   3.465  ; RR ; IC   ; 1      ; FF_X138_Y42_N34       ; High Speed ; step6b_armed|clk                                                                             ;
;   5.172 ;   0.000  ; RR ; CELL ; 1      ; FF_X138_Y42_N34       ; High Speed ; step6b_armed                                                                                 ;
;   4.703 ;   -0.469 ;    ;      ;        ;                       ;            ; clock pessimism removed                                                                      ;
; 4.703   ; 0.000    ;    ;      ;        ;                       ;            ; clock uncertainty                                                                            ;
; 5.093   ; 0.390    ;    ; uTh  ; 1      ; FF_X138_Y42_N34       ;            ; step6b_armed                                                                                 ;
+---------+----------+----+------+--------+-----------------------+------------+----------------------------------------------------------------------------------------------+

----------------------------
; Extra Fitter Information ;
----------------------------
HTML report is unavailable in plain text report export.


Path #16: Hold slack is 1.408 
===============================================================================
+----------------------------------------------------+
; Path Summary                                       ;
+--------------------+-------------------------------+
; Property           ; Value                         ;
+--------------------+-------------------------------+
; From Node          ; step6b_target_tai_latched[29] ;
; To Node            ; step6b_armed                  ;
; Launch Clock       ; qsfp_ref_125m                 ;
; Latch Clock        ; qsfp_ref_125m                 ;
; Data Arrival Time  ; 6.501                         ;
; Data Required Time ; 5.093                         ;
; Slack              ; 1.408                         ;
+--------------------+-------------------------------+

+-----------------------------------------------------------------------------------+
; Statistics                                                                        ;
+------------------------+-------+-------+-------------+------------+-------+-------+
; Property               ; Value ; Count ; Total Delay ; % of Total ; Min   ; Max   ;
+------------------------+-------+-------+-------------+------------+-------+-------+
; Hold Relationship      ; 0.000 ;       ;             ;            ;       ;       ;
; Clock Skew             ; 0.000 ;       ;             ;            ;       ;       ;
; Data Delay             ; 1.798 ;       ;             ;            ;       ;       ;
; Number of Logic Levels ;       ; 4     ;             ;            ;       ;       ;
; Physical Delays        ;       ;       ;             ;            ;       ;       ;
;  Arrival Path          ;       ;       ;             ;            ;       ;       ;
;   Clock                ;       ;       ;             ;            ;       ;       ;
;    IC                  ;       ; 4     ; 3.261       ; 69         ; 0.000 ; 3.261 ;
;    Cell                ;       ; 5     ; 1.442       ; 31         ; 0.000 ; 0.974 ;
;   Data                 ;       ;       ;             ;            ;       ;       ;
;    IC                  ;       ; 4     ; 1.162       ; 65         ; 0.117 ; 0.564 ;
;    Cell                ;       ; 10    ; 0.476       ; 26         ; 0.000 ; 0.150 ;
;    uTco                ;       ; 1     ; 0.160       ; 9          ; 0.160 ; 0.160 ;
;  Required Path         ;       ;       ;             ;            ;       ;       ;
;   Clock                ;       ;       ;             ;            ;       ;       ;
;    IC                  ;       ; 4     ; 3.465       ; 67         ; 0.000 ; 3.465 ;
;    Cell                ;       ; 5     ; 1.707       ; 33         ; 0.000 ; 1.166 ;
+------------------------+-------+-------+-------------+------------+-------+-------+
Note: Negative delays are omitted from totals when calculating percentages

+----------------------------------------------------------------------------------------------------------------------------------------------------------------------------+
; Data Arrival Path                                                                                                                                                          ;
+---------+---------+----+------+--------+-----------------------+------------+----------------------------------------------------------------------------------------------+
; Total   ; Incr    ; RF ; Type ; Fanout ; Location              ; HS/LP      ; Element                                                                                      ;
+---------+---------+----+------+--------+-----------------------+------------+----------------------------------------------------------------------------------------------+
; 0.000   ; 0.000   ;    ;      ;        ;                       ;            ; launch edge time                                                                             ;
; 4.703   ; 4.703   ;    ;      ;        ;                       ;            ; clock path                                                                                   ;
;   0.000 ;   0.000 ;    ;      ;        ;                       ;            ; source latency                                                                               ;
;   0.000 ;   0.000 ;    ;      ; 1      ; PIN_AH5               ;            ; QSFPA_REFCLK_p                                                                               ;
;   0.000 ;   0.000 ; RR ; IC   ; 1      ; IOIBUF_X224_Y13_N108  ;            ; QSFPA_REFCLK_p~input|i                                                                       ;
;   0.070 ;   0.070 ; RR ; CELL ; 1      ; IOIBUF_X224_Y13_N108  ;            ; QSFPA_REFCLK_p~input|o                                                                       ;
;   0.070 ;   0.000 ; RR ; IC   ; 1      ; HSSIREFCLKDIVIDER_4CT ;            ; QSFPA_REFCLK_p~inputFITTER_INSERTED|refclk_inp                                               ;
;   0.070 ;   0.000 ; RR ; CELL ; 3      ; HSSIREFCLKDIVIDER_4CT ;            ; QSFPA_REFCLK_p~inputFITTER_INSERTED|refclk_a                                                 ;
;   1.044 ;   0.974 ; RR ; CELL ; 1      ; HSSIREFCLKDIVIDER_4CT ;            ; QSFPA_REFCLK_p~inputFITTER_INSERTED~hssi_tile/ch4_pld_pma_fpll_fbclkout_lc_lvpecl_to_coreclk ;
;   1.044 ;   0.000 ; RR ; IC   ; 2      ; CLKCTRL_4C_G_I19      ;            ; QSFPA_REFCLK_p~inputFITTER_INSERTEDCLKENA0|inclk                                             ;
;   1.442 ;   0.398 ; RR ; CELL ; 1013   ; CLKCTRL_4C_G_I19      ;            ; QSFPA_REFCLK_p~inputFITTER_INSERTEDCLKENA0|outclk                                            ;
;   4.703 ;   3.261 ; RR ; IC   ; 1      ; FF_X143_Y43_N19       ; High Speed ; step6b_target_tai_latched[29]|clk                                                            ;
;   4.703 ;   0.000 ; RR ; CELL ; 1      ; FF_X143_Y43_N19       ; High Speed ; step6b_target_tai_latched[29]                                                                ;
; 6.501   ; 1.798   ;    ;      ;        ;                       ;            ; data path                                                                                    ;
;   4.863 ;   0.160 ; FF ; uTco ; 1      ; FF_X143_Y43_N19       ;            ; step6b_target_tai_latched[29]|q                                                              ;
;   4.950 ;   0.087 ; FF ; CELL ; 2      ; FF_X143_Y43_N19       ; High Speed ; step6b_target_tai_latched[29]~la_lab/laboutt[12]                                             ;
;   5.067 ;   0.117 ; FF ; IC   ; 1      ; LABCELL_X143_Y43_N18  ; High Speed ; p_step6b_scheduler~17|dataf                                                                  ;
;   5.097 ;   0.030 ; FR ; CELL ; 1      ; LABCELL_X143_Y43_N18  ; High Speed ; p_step6b_scheduler~17|combout                                                                ;
;   5.099 ;   0.002 ; RR ; CELL ; 1      ; LABCELL_X143_Y43_N18  ; High Speed ; p_step6b_scheduler~17~la_lab/laboutt[13]                                                     ;
;   5.254 ;   0.155 ; RR ; IC   ; 1      ; LABCELL_X143_Y43_N30  ; High Speed ; p_step6b_scheduler~24|datad                                                                  ;
;   5.353 ;   0.099 ; RR ; CELL ; 1      ; LABCELL_X143_Y43_N30  ; High Speed ; p_step6b_scheduler~24|combout                                                                ;
;   5.355 ;   0.002 ; RR ; CELL ; 4      ; LABCELL_X143_Y43_N30  ; High Speed ; p_step6b_scheduler~24~la_lab/laboutb[0]                                                      ;
;   5.919 ;   0.564 ; RR ; IC   ; 1      ; MLABCELL_X141_Y43_N42 ; High Speed ; p_step6b_scheduler~25|datac                                                                  ;
;   6.022 ;   0.103 ; RR ; CELL ; 1      ; MLABCELL_X141_Y43_N42 ; High Speed ; p_step6b_scheduler~25|combout                                                                ;
;   6.025 ;   0.003 ; RR ; CELL ; 2      ; MLABCELL_X141_Y43_N42 ; High Speed ; p_step6b_scheduler~25~la_mlab/laboutb[8]                                                     ;
;   6.351 ;   0.326 ; RR ; IC   ; 1      ; LABCELL_X138_Y42_N33  ; High Speed ; step6b_armed~0|datab                                                                         ;
;   6.501 ;   0.150 ; RF ; CELL ; 1      ; LABCELL_X138_Y42_N33  ; High Speed ; step6b_armed~0|combout                                                                       ;
;   6.501 ;   0.000 ; FF ; CELL ; 1      ; FF_X138_Y42_N34       ; High Speed ; step6b_armed|d                                                                               ;
;   6.501 ;   0.000 ; FF ; CELL ; 1      ; FF_X138_Y42_N34       ; High Speed ; step6b_armed                                                                                 ;
+---------+---------+----+------+--------+-----------------------+------------+----------------------------------------------------------------------------------------------+

+-----------------------------------------------------------------------------------------------------------------------------------------------------------------------------+
; Data Required Path                                                                                                                                                          ;
+---------+----------+----+------+--------+-----------------------+------------+----------------------------------------------------------------------------------------------+
; Total   ; Incr     ; RF ; Type ; Fanout ; Location              ; HS/LP      ; Element                                                                                      ;
+---------+----------+----+------+--------+-----------------------+------------+----------------------------------------------------------------------------------------------+
; 0.000   ; 0.000    ;    ;      ;        ;                       ;            ; latch edge time                                                                              ;
; 4.703   ; 4.703    ;    ;      ;        ;                       ;            ; clock path                                                                                   ;
;   0.000 ;   0.000  ;    ;      ;        ;                       ;            ; source latency                                                                               ;
;   0.000 ;   0.000  ;    ;      ; 1      ; PIN_AH5               ;            ; QSFPA_REFCLK_p                                                                               ;
;   0.000 ;   0.000  ; RR ; IC   ; 1      ; IOIBUF_X224_Y13_N108  ;            ; QSFPA_REFCLK_p~input|i                                                                       ;
;   0.070 ;   0.070  ; RR ; CELL ; 1      ; IOIBUF_X224_Y13_N108  ;            ; QSFPA_REFCLK_p~input|o                                                                       ;
;   0.070 ;   0.000  ; RR ; IC   ; 1      ; HSSIREFCLKDIVIDER_4CT ;            ; QSFPA_REFCLK_p~inputFITTER_INSERTED|refclk_inp                                               ;
;   0.070 ;   0.000  ; RR ; CELL ; 3      ; HSSIREFCLKDIVIDER_4CT ;            ; QSFPA_REFCLK_p~inputFITTER_INSERTED|refclk_a                                                 ;
;   1.236 ;   1.166  ; RR ; CELL ; 1      ; HSSIREFCLKDIVIDER_4CT ;            ; QSFPA_REFCLK_p~inputFITTER_INSERTED~hssi_tile/ch4_pld_pma_fpll_fbclkout_lc_lvpecl_to_coreclk ;
;   1.236 ;   0.000  ; RR ; IC   ; 2      ; CLKCTRL_4C_G_I19      ;            ; QSFPA_REFCLK_p~inputFITTER_INSERTEDCLKENA0|inclk                                             ;
;   1.707 ;   0.471  ; RR ; CELL ; 1013   ; CLKCTRL_4C_G_I19      ;            ; QSFPA_REFCLK_p~inputFITTER_INSERTEDCLKENA0|outclk                                            ;
;   5.172 ;   3.465  ; RR ; IC   ; 1      ; FF_X138_Y42_N34       ; High Speed ; step6b_armed|clk                                                                             ;
;   5.172 ;   0.000  ; RR ; CELL ; 1      ; FF_X138_Y42_N34       ; High Speed ; step6b_armed                                                                                 ;
;   4.703 ;   -0.469 ;    ;      ;        ;                       ;            ; clock pessimism removed                                                                      ;
; 4.703   ; 0.000    ;    ;      ;        ;                       ;            ; clock uncertainty                                                                            ;
; 5.093   ; 0.390    ;    ; uTh  ; 1      ; FF_X138_Y42_N34       ;            ; step6b_armed                                                                                 ;
+---------+----------+----+------+--------+-----------------------+------------+----------------------------------------------------------------------------------------------+

----------------------------
; Extra Fitter Information ;
----------------------------
HTML report is unavailable in plain text report export.


Path #17: Hold slack is 1.427 
===============================================================================
+----------------------------------------------------+
; Path Summary                                       ;
+--------------------+-------------------------------+
; Property           ; Value                         ;
+--------------------+-------------------------------+
; From Node          ; step6b_target_tai_latched[14] ;
; To Node            ; step6b_armed                  ;
; Launch Clock       ; qsfp_ref_125m                 ;
; Latch Clock        ; qsfp_ref_125m                 ;
; Data Arrival Time  ; 6.520                         ;
; Data Required Time ; 5.093                         ;
; Slack              ; 1.427                         ;
+--------------------+-------------------------------+

+-----------------------------------------------------------------------------------+
; Statistics                                                                        ;
+------------------------+-------+-------+-------------+------------+-------+-------+
; Property               ; Value ; Count ; Total Delay ; % of Total ; Min   ; Max   ;
+------------------------+-------+-------+-------------+------------+-------+-------+
; Hold Relationship      ; 0.000 ;       ;             ;            ;       ;       ;
; Clock Skew             ; 0.002 ;       ;             ;            ;       ;       ;
; Data Delay             ; 1.819 ;       ;             ;            ;       ;       ;
; Number of Logic Levels ;       ; 4     ;             ;            ;       ;       ;
; Physical Delays        ;       ;       ;             ;            ;       ;       ;
;  Arrival Path          ;       ;       ;             ;            ;       ;       ;
;   Clock                ;       ;       ;             ;            ;       ;       ;
;    IC                  ;       ; 4     ; 3.259       ; 69         ; 0.000 ; 3.259 ;
;    Cell                ;       ; 5     ; 1.442       ; 31         ; 0.000 ; 0.974 ;
;   Data                 ;       ;       ;             ;            ;       ;       ;
;    IC                  ;       ; 4     ; 1.281       ; 70         ; 0.140 ; 0.564 ;
;    Cell                ;       ; 10    ; 0.375       ; 21         ; 0.000 ; 0.150 ;
;    uTco                ;       ; 1     ; 0.163       ; 9          ; 0.163 ; 0.163 ;
;  Required Path         ;       ;       ;             ;            ;       ;       ;
;   Clock                ;       ;       ;             ;            ;       ;       ;
;    IC                  ;       ; 4     ; 3.465       ; 67         ; 0.000 ; 3.465 ;
;    Cell                ;       ; 5     ; 1.707       ; 33         ; 0.000 ; 1.166 ;
+------------------------+-------+-------+-------------+------------+-------+-------+
Note: Negative delays are omitted from totals when calculating percentages

+----------------------------------------------------------------------------------------------------------------------------------------------------------------------------+
; Data Arrival Path                                                                                                                                                          ;
+---------+---------+----+------+--------+-----------------------+------------+----------------------------------------------------------------------------------------------+
; Total   ; Incr    ; RF ; Type ; Fanout ; Location              ; HS/LP      ; Element                                                                                      ;
+---------+---------+----+------+--------+-----------------------+------------+----------------------------------------------------------------------------------------------+
; 0.000   ; 0.000   ;    ;      ;        ;                       ;            ; launch edge time                                                                             ;
; 4.701   ; 4.701   ;    ;      ;        ;                       ;            ; clock path                                                                                   ;
;   0.000 ;   0.000 ;    ;      ;        ;                       ;            ; source latency                                                                               ;
;   0.000 ;   0.000 ;    ;      ; 1      ; PIN_AH5               ;            ; QSFPA_REFCLK_p                                                                               ;
;   0.000 ;   0.000 ; RR ; IC   ; 1      ; IOIBUF_X224_Y13_N108  ;            ; QSFPA_REFCLK_p~input|i                                                                       ;
;   0.070 ;   0.070 ; RR ; CELL ; 1      ; IOIBUF_X224_Y13_N108  ;            ; QSFPA_REFCLK_p~input|o                                                                       ;
;   0.070 ;   0.000 ; RR ; IC   ; 1      ; HSSIREFCLKDIVIDER_4CT ;            ; QSFPA_REFCLK_p~inputFITTER_INSERTED|refclk_inp                                               ;
;   0.070 ;   0.000 ; RR ; CELL ; 3      ; HSSIREFCLKDIVIDER_4CT ;            ; QSFPA_REFCLK_p~inputFITTER_INSERTED|refclk_a                                                 ;
;   1.044 ;   0.974 ; RR ; CELL ; 1      ; HSSIREFCLKDIVIDER_4CT ;            ; QSFPA_REFCLK_p~inputFITTER_INSERTED~hssi_tile/ch4_pld_pma_fpll_fbclkout_lc_lvpecl_to_coreclk ;
;   1.044 ;   0.000 ; RR ; IC   ; 2      ; CLKCTRL_4C_G_I19      ;            ; QSFPA_REFCLK_p~inputFITTER_INSERTEDCLKENA0|inclk                                             ;
;   1.442 ;   0.398 ; RR ; CELL ; 1013   ; CLKCTRL_4C_G_I19      ;            ; QSFPA_REFCLK_p~inputFITTER_INSERTEDCLKENA0|outclk                                            ;
;   4.701 ;   3.259 ; RR ; IC   ; 1      ; FF_X144_Y44_N40       ; High Speed ; step6b_target_tai_latched[14]|clk                                                            ;
;   4.701 ;   0.000 ; RR ; CELL ; 1      ; FF_X144_Y44_N40       ; High Speed ; step6b_target_tai_latched[14]                                                                ;
; 6.520   ; 1.819   ;    ;      ;        ;                       ;            ; data path                                                                                    ;
;   4.864 ;   0.163 ; FF ; uTco ; 1      ; FF_X144_Y44_N40       ;            ; step6b_target_tai_latched[14]|q                                                              ;
;   4.919 ;   0.055 ; FF ; CELL ; 2      ; FF_X144_Y44_N40       ; High Speed ; step6b_target_tai_latched[14]~la_mlab/laboutb[6]                                             ;
;   5.059 ;   0.140 ; FF ; IC   ; 1      ; MLABCELL_X144_Y44_N39 ; High Speed ; p_step6b_scheduler~10|dataf                                                                  ;
;   5.089 ;   0.030 ; FR ; CELL ; 1      ; MLABCELL_X144_Y44_N39 ; High Speed ; p_step6b_scheduler~10|combout                                                                ;
;   5.091 ;   0.002 ; RR ; CELL ; 1      ; MLABCELL_X144_Y44_N39 ; High Speed ; p_step6b_scheduler~10~la_mlab/laboutb[7]                                                     ;
;   5.342 ;   0.251 ; RR ; IC   ; 1      ; LABCELL_X143_Y43_N30  ; High Speed ; p_step6b_scheduler~24|dataf                                                                  ;
;   5.372 ;   0.030 ; RR ; CELL ; 1      ; LABCELL_X143_Y43_N30  ; High Speed ; p_step6b_scheduler~24|combout                                                                ;
;   5.374 ;   0.002 ; RR ; CELL ; 4      ; LABCELL_X143_Y43_N30  ; High Speed ; p_step6b_scheduler~24~la_lab/laboutb[0]                                                      ;
;   5.938 ;   0.564 ; RR ; IC   ; 1      ; MLABCELL_X141_Y43_N42 ; High Speed ; p_step6b_scheduler~25|datac                                                                  ;
;   6.041 ;   0.103 ; RR ; CELL ; 1      ; MLABCELL_X141_Y43_N42 ; High Speed ; p_step6b_scheduler~25|combout                                                                ;
;   6.044 ;   0.003 ; RR ; CELL ; 2      ; MLABCELL_X141_Y43_N42 ; High Speed ; p_step6b_scheduler~25~la_mlab/laboutb[8]                                                     ;
;   6.370 ;   0.326 ; RR ; IC   ; 1      ; LABCELL_X138_Y42_N33  ; High Speed ; step6b_armed~0|datab                                                                         ;
;   6.520 ;   0.150 ; RF ; CELL ; 1      ; LABCELL_X138_Y42_N33  ; High Speed ; step6b_armed~0|combout                                                                       ;
;   6.520 ;   0.000 ; FF ; CELL ; 1      ; FF_X138_Y42_N34       ; High Speed ; step6b_armed|d                                                                               ;
;   6.520 ;   0.000 ; FF ; CELL ; 1      ; FF_X138_Y42_N34       ; High Speed ; step6b_armed                                                                                 ;
+---------+---------+----+------+--------+-----------------------+------------+----------------------------------------------------------------------------------------------+

+-----------------------------------------------------------------------------------------------------------------------------------------------------------------------------+
; Data Required Path                                                                                                                                                          ;
+---------+----------+----+------+--------+-----------------------+------------+----------------------------------------------------------------------------------------------+
; Total   ; Incr     ; RF ; Type ; Fanout ; Location              ; HS/LP      ; Element                                                                                      ;
+---------+----------+----+------+--------+-----------------------+------------+----------------------------------------------------------------------------------------------+
; 0.000   ; 0.000    ;    ;      ;        ;                       ;            ; latch edge time                                                                              ;
; 4.703   ; 4.703    ;    ;      ;        ;                       ;            ; clock path                                                                                   ;
;   0.000 ;   0.000  ;    ;      ;        ;                       ;            ; source latency                                                                               ;
;   0.000 ;   0.000  ;    ;      ; 1      ; PIN_AH5               ;            ; QSFPA_REFCLK_p                                                                               ;
;   0.000 ;   0.000  ; RR ; IC   ; 1      ; IOIBUF_X224_Y13_N108  ;            ; QSFPA_REFCLK_p~input|i                                                                       ;
;   0.070 ;   0.070  ; RR ; CELL ; 1      ; IOIBUF_X224_Y13_N108  ;            ; QSFPA_REFCLK_p~input|o                                                                       ;
;   0.070 ;   0.000  ; RR ; IC   ; 1      ; HSSIREFCLKDIVIDER_4CT ;            ; QSFPA_REFCLK_p~inputFITTER_INSERTED|refclk_inp                                               ;
;   0.070 ;   0.000  ; RR ; CELL ; 3      ; HSSIREFCLKDIVIDER_4CT ;            ; QSFPA_REFCLK_p~inputFITTER_INSERTED|refclk_a                                                 ;
;   1.236 ;   1.166  ; RR ; CELL ; 1      ; HSSIREFCLKDIVIDER_4CT ;            ; QSFPA_REFCLK_p~inputFITTER_INSERTED~hssi_tile/ch4_pld_pma_fpll_fbclkout_lc_lvpecl_to_coreclk ;
;   1.236 ;   0.000  ; RR ; IC   ; 2      ; CLKCTRL_4C_G_I19      ;            ; QSFPA_REFCLK_p~inputFITTER_INSERTEDCLKENA0|inclk                                             ;
;   1.707 ;   0.471  ; RR ; CELL ; 1013   ; CLKCTRL_4C_G_I19      ;            ; QSFPA_REFCLK_p~inputFITTER_INSERTEDCLKENA0|outclk                                            ;
;   5.172 ;   3.465  ; RR ; IC   ; 1      ; FF_X138_Y42_N34       ; High Speed ; step6b_armed|clk                                                                             ;
;   5.172 ;   0.000  ; RR ; CELL ; 1      ; FF_X138_Y42_N34       ; High Speed ; step6b_armed                                                                                 ;
;   4.703 ;   -0.469 ;    ;      ;        ;                       ;            ; clock pessimism removed                                                                      ;
; 4.703   ; 0.000    ;    ;      ;        ;                       ;            ; clock uncertainty                                                                            ;
; 5.093   ; 0.390    ;    ; uTh  ; 1      ; FF_X138_Y42_N34       ;            ; step6b_armed                                                                                 ;
+---------+----------+----+------+--------+-----------------------+------------+----------------------------------------------------------------------------------------------+

----------------------------
; Extra Fitter Information ;
----------------------------
HTML report is unavailable in plain text report export.


Path #18: Hold slack is 1.445 
===============================================================================
+-----------------------------------------------------------------------------------------------------------------+
; Path Summary                                                                                                    ;
+--------------------+--------------------------------------------------------------------------------------------+
; Property           ; Value                                                                                      ;
+--------------------+--------------------------------------------------------------------------------------------+
; From Node          ; xwr_core:u_xwr_core|wr_core:WRPC|xwr_pps_gen:PPS_GEN|wr_pps_gen:WRAPPED_PPSGEN|cntr_utc[0] ;
; To Node            ; step6b_armed                                                                               ;
; Launch Clock       ; qsfp_ref_125m                                                                              ;
; Latch Clock        ; qsfp_ref_125m                                                                              ;
; Data Arrival Time  ; 6.538                                                                                      ;
; Data Required Time ; 5.093                                                                                      ;
; Slack              ; 1.445                                                                                      ;
+--------------------+--------------------------------------------------------------------------------------------+

+------------------------------------------------------------------------------------+
; Statistics                                                                         ;
+------------------------+--------+-------+-------------+------------+-------+-------+
; Property               ; Value  ; Count ; Total Delay ; % of Total ; Min   ; Max   ;
+------------------------+--------+-------+-------------+------------+-------+-------+
; Hold Relationship      ; 0.000  ;       ;             ;            ;       ;       ;
; Clock Skew             ; -0.012 ;       ;             ;            ;       ;       ;
; Data Delay             ; 1.823  ;       ;             ;            ;       ;       ;
; Number of Logic Levels ;        ; 4     ;             ;            ;       ;       ;
; Physical Delays        ;        ;       ;             ;            ;       ;       ;
;  Arrival Path          ;        ;       ;             ;            ;       ;       ;
;   Clock                ;        ;       ;             ;            ;       ;       ;
;    IC                  ;        ; 4     ; 3.273       ; 69         ; 0.000 ; 3.273 ;
;    Cell                ;        ; 5     ; 1.442       ; 31         ; 0.000 ; 0.974 ;
;   Data                 ;        ;       ;             ;            ;       ;       ;
;    IC                  ;        ; 4     ; 1.294       ; 71         ; 0.154 ; 0.653 ;
;    Cell                ;        ; 10    ; 0.360       ; 20         ; 0.000 ; 0.150 ;
;    uTco                ;        ; 1     ; 0.169       ; 9          ; 0.169 ; 0.169 ;
;  Required Path         ;        ;       ;             ;            ;       ;       ;
;   Clock                ;        ;       ;             ;            ;       ;       ;
;    IC                  ;        ; 4     ; 3.465       ; 67         ; 0.000 ; 3.465 ;
;    Cell                ;        ; 5     ; 1.707       ; 33         ; 0.000 ; 1.166 ;
+------------------------+--------+-------+-------------+------------+-------+-------+
Note: Negative delays are omitted from totals when calculating percentages

+---------------------------------------------------------------------------------------------------------------------------------------------------------------------------------------------+
; Data Arrival Path                                                                                                                                                                           ;
+---------+---------+----+------+--------+-----------------------+------------+---------------------------------------------------------------------------------------------------------------+
; Total   ; Incr    ; RF ; Type ; Fanout ; Location              ; HS/LP      ; Element                                                                                                       ;
+---------+---------+----+------+--------+-----------------------+------------+---------------------------------------------------------------------------------------------------------------+
; 0.000   ; 0.000   ;    ;      ;        ;                       ;            ; launch edge time                                                                                              ;
; 4.715   ; 4.715   ;    ;      ;        ;                       ;            ; clock path                                                                                                    ;
;   0.000 ;   0.000 ;    ;      ;        ;                       ;            ; source latency                                                                                                ;
;   0.000 ;   0.000 ;    ;      ; 1      ; PIN_AH5               ;            ; QSFPA_REFCLK_p                                                                                                ;
;   0.000 ;   0.000 ; RR ; IC   ; 1      ; IOIBUF_X224_Y13_N108  ;            ; QSFPA_REFCLK_p~input|i                                                                                        ;
;   0.070 ;   0.070 ; RR ; CELL ; 1      ; IOIBUF_X224_Y13_N108  ;            ; QSFPA_REFCLK_p~input|o                                                                                        ;
;   0.070 ;   0.000 ; RR ; IC   ; 1      ; HSSIREFCLKDIVIDER_4CT ;            ; QSFPA_REFCLK_p~inputFITTER_INSERTED|refclk_inp                                                                ;
;   0.070 ;   0.000 ; RR ; CELL ; 3      ; HSSIREFCLKDIVIDER_4CT ;            ; QSFPA_REFCLK_p~inputFITTER_INSERTED|refclk_a                                                                  ;
;   1.044 ;   0.974 ; RR ; CELL ; 1      ; HSSIREFCLKDIVIDER_4CT ;            ; QSFPA_REFCLK_p~inputFITTER_INSERTED~hssi_tile/ch4_pld_pma_fpll_fbclkout_lc_lvpecl_to_coreclk                  ;
;   1.044 ;   0.000 ; RR ; IC   ; 2      ; CLKCTRL_4C_G_I19      ;            ; QSFPA_REFCLK_p~inputFITTER_INSERTEDCLKENA0|inclk                                                              ;
;   1.442 ;   0.398 ; RR ; CELL ; 1013   ; CLKCTRL_4C_G_I19      ;            ; QSFPA_REFCLK_p~inputFITTER_INSERTEDCLKENA0|outclk                                                             ;
;   4.715 ;   3.273 ; RR ; IC   ; 1      ; FF_X146_Y42_N5        ; High Speed ; u_xwr_core|WRPC|PPS_GEN|WRAPPED_PPSGEN|cntr_utc[0]|clk                                                        ;
;   4.715 ;   0.000 ; RR ; CELL ; 1      ; FF_X146_Y42_N5        ; High Speed ; xwr_core:u_xwr_core|wr_core:WRPC|xwr_pps_gen:PPS_GEN|wr_pps_gen:WRAPPED_PPSGEN|cntr_utc[0]                    ;
; 6.538   ; 1.823   ;    ;      ;        ;                       ;            ; data path                                                                                                     ;
;   4.884 ;   0.169 ; RR ; uTco ; 1      ; FF_X146_Y42_N5        ;            ; u_xwr_core|WRPC|PPS_GEN|WRAPPED_PPSGEN|cntr_utc[0]|q                                                          ;
;   4.997 ;   0.113 ; RR ; CELL ; 7      ; FF_X146_Y42_N5        ; High Speed ; xwr_core:u_xwr_core|wr_core:WRPC|xwr_pps_gen:PPS_GEN|wr_pps_gen:WRAPPED_PPSGEN|cntr_utc[0]~la_mlab/laboutt[3] ;
;   5.650 ;   0.653 ; RR ; IC   ; 1      ; MLABCELL_X141_Y43_N36 ; High Speed ; p_step6b_scheduler~4|dataf                                                                                    ;
;   5.680 ;   0.030 ; RR ; CELL ; 1      ; MLABCELL_X141_Y43_N36 ; High Speed ; p_step6b_scheduler~4|combout                                                                                  ;
;   5.683 ;   0.003 ; RR ; CELL ; 1      ; MLABCELL_X141_Y43_N36 ; High Speed ; p_step6b_scheduler~4~la_mlab/laboutb[4]                                                                       ;
;   5.837 ;   0.154 ; RR ; IC   ; 1      ; MLABCELL_X141_Y43_N9  ; High Speed ; p_step6b_scheduler~9|dataf                                                                                    ;
;   5.866 ;   0.029 ; RR ; CELL ; 1      ; MLABCELL_X141_Y43_N9  ; High Speed ; p_step6b_scheduler~9|combout                                                                                  ;
;   5.868 ;   0.002 ; RR ; CELL ; 4      ; MLABCELL_X141_Y43_N9  ; High Speed ; p_step6b_scheduler~9~la_mlab/laboutt[6]                                                                       ;
;   6.029 ;   0.161 ; RR ; IC   ; 1      ; MLABCELL_X141_Y43_N42 ; High Speed ; p_step6b_scheduler~25|dataf                                                                                   ;
;   6.059 ;   0.030 ; RR ; CELL ; 1      ; MLABCELL_X141_Y43_N42 ; High Speed ; p_step6b_scheduler~25|combout                                                                                 ;
;   6.062 ;   0.003 ; RR ; CELL ; 2      ; MLABCELL_X141_Y43_N42 ; High Speed ; p_step6b_scheduler~25~la_mlab/laboutb[8]                                                                      ;
;   6.388 ;   0.326 ; RR ; IC   ; 1      ; LABCELL_X138_Y42_N33  ; High Speed ; step6b_armed~0|datab                                                                                          ;
;   6.538 ;   0.150 ; RF ; CELL ; 1      ; LABCELL_X138_Y42_N33  ; High Speed ; step6b_armed~0|combout                                                                                        ;
;   6.538 ;   0.000 ; FF ; CELL ; 1      ; FF_X138_Y42_N34       ; High Speed ; step6b_armed|d                                                                                                ;
;   6.538 ;   0.000 ; FF ; CELL ; 1      ; FF_X138_Y42_N34       ; High Speed ; step6b_armed                                                                                                  ;
+---------+---------+----+------+--------+-----------------------+------------+---------------------------------------------------------------------------------------------------------------+

+-----------------------------------------------------------------------------------------------------------------------------------------------------------------------------+
; Data Required Path                                                                                                                                                          ;
+---------+----------+----+------+--------+-----------------------+------------+----------------------------------------------------------------------------------------------+
; Total   ; Incr     ; RF ; Type ; Fanout ; Location              ; HS/LP      ; Element                                                                                      ;
+---------+----------+----+------+--------+-----------------------+------------+----------------------------------------------------------------------------------------------+
; 0.000   ; 0.000    ;    ;      ;        ;                       ;            ; latch edge time                                                                              ;
; 4.703   ; 4.703    ;    ;      ;        ;                       ;            ; clock path                                                                                   ;
;   0.000 ;   0.000  ;    ;      ;        ;                       ;            ; source latency                                                                               ;
;   0.000 ;   0.000  ;    ;      ; 1      ; PIN_AH5               ;            ; QSFPA_REFCLK_p                                                                               ;
;   0.000 ;   0.000  ; RR ; IC   ; 1      ; IOIBUF_X224_Y13_N108  ;            ; QSFPA_REFCLK_p~input|i                                                                       ;
;   0.070 ;   0.070  ; RR ; CELL ; 1      ; IOIBUF_X224_Y13_N108  ;            ; QSFPA_REFCLK_p~input|o                                                                       ;
;   0.070 ;   0.000  ; RR ; IC   ; 1      ; HSSIREFCLKDIVIDER_4CT ;            ; QSFPA_REFCLK_p~inputFITTER_INSERTED|refclk_inp                                               ;
;   0.070 ;   0.000  ; RR ; CELL ; 3      ; HSSIREFCLKDIVIDER_4CT ;            ; QSFPA_REFCLK_p~inputFITTER_INSERTED|refclk_a                                                 ;
;   1.236 ;   1.166  ; RR ; CELL ; 1      ; HSSIREFCLKDIVIDER_4CT ;            ; QSFPA_REFCLK_p~inputFITTER_INSERTED~hssi_tile/ch4_pld_pma_fpll_fbclkout_lc_lvpecl_to_coreclk ;
;   1.236 ;   0.000  ; RR ; IC   ; 2      ; CLKCTRL_4C_G_I19      ;            ; QSFPA_REFCLK_p~inputFITTER_INSERTEDCLKENA0|inclk                                             ;
;   1.707 ;   0.471  ; RR ; CELL ; 1013   ; CLKCTRL_4C_G_I19      ;            ; QSFPA_REFCLK_p~inputFITTER_INSERTEDCLKENA0|outclk                                            ;
;   5.172 ;   3.465  ; RR ; IC   ; 1      ; FF_X138_Y42_N34       ; High Speed ; step6b_armed|clk                                                                             ;
;   5.172 ;   0.000  ; RR ; CELL ; 1      ; FF_X138_Y42_N34       ; High Speed ; step6b_armed                                                                                 ;
;   4.703 ;   -0.469 ;    ;      ;        ;                       ;            ; clock pessimism removed                                                                      ;
; 4.703   ; 0.000    ;    ;      ;        ;                       ;            ; clock uncertainty                                                                            ;
; 5.093   ; 0.390    ;    ; uTh  ; 1      ; FF_X138_Y42_N34       ;            ; step6b_armed                                                                                 ;
+---------+----------+----+------+--------+-----------------------+------------+----------------------------------------------------------------------------------------------+

----------------------------
; Extra Fitter Information ;
----------------------------
HTML report is unavailable in plain text report export.


Path #19: Hold slack is 1.457 
===============================================================================
+----------------------------------------------------+
; Path Summary                                       ;
+--------------------+-------------------------------+
; Property           ; Value                         ;
+--------------------+-------------------------------+
; From Node          ; step6b_target_tai_latched[28] ;
; To Node            ; step6b_armed                  ;
; Launch Clock       ; qsfp_ref_125m                 ;
; Latch Clock        ; qsfp_ref_125m                 ;
; Data Arrival Time  ; 6.550                         ;
; Data Required Time ; 5.093                         ;
; Slack              ; 1.457                         ;
+--------------------+-------------------------------+

+-----------------------------------------------------------------------------------+
; Statistics                                                                        ;
+------------------------+-------+-------+-------------+------------+-------+-------+
; Property               ; Value ; Count ; Total Delay ; % of Total ; Min   ; Max   ;
+------------------------+-------+-------+-------------+------------+-------+-------+
; Hold Relationship      ; 0.000 ;       ;             ;            ;       ;       ;
; Clock Skew             ; 0.000 ;       ;             ;            ;       ;       ;
; Data Delay             ; 1.847 ;       ;             ;            ;       ;       ;
; Number of Logic Levels ;       ; 4     ;             ;            ;       ;       ;
; Physical Delays        ;       ;       ;             ;            ;       ;       ;
;  Arrival Path          ;       ;       ;             ;            ;       ;       ;
;   Clock                ;       ;       ;             ;            ;       ;       ;
;    IC                  ;       ; 4     ; 3.261       ; 69         ; 0.000 ; 3.261 ;
;    Cell                ;       ; 5     ; 1.442       ; 31         ; 0.000 ; 0.974 ;
;   Data                 ;       ;       ;             ;            ;       ;       ;
;    IC                  ;       ; 4     ; 1.185       ; 64         ; 0.141 ; 0.564 ;
;    Cell                ;       ; 10    ; 0.501       ; 27         ; 0.000 ; 0.150 ;
;    uTco                ;       ; 1     ; 0.161       ; 9          ; 0.161 ; 0.161 ;
;  Required Path         ;       ;       ;             ;            ;       ;       ;
;   Clock                ;       ;       ;             ;            ;       ;       ;
;    IC                  ;       ; 4     ; 3.465       ; 67         ; 0.000 ; 3.465 ;
;    Cell                ;       ; 5     ; 1.707       ; 33         ; 0.000 ; 1.166 ;
+------------------------+-------+-------+-------------+------------+-------+-------+
Note: Negative delays are omitted from totals when calculating percentages

+----------------------------------------------------------------------------------------------------------------------------------------------------------------------------+
; Data Arrival Path                                                                                                                                                          ;
+---------+---------+----+------+--------+-----------------------+------------+----------------------------------------------------------------------------------------------+
; Total   ; Incr    ; RF ; Type ; Fanout ; Location              ; HS/LP      ; Element                                                                                      ;
+---------+---------+----+------+--------+-----------------------+------------+----------------------------------------------------------------------------------------------+
; 0.000   ; 0.000   ;    ;      ;        ;                       ;            ; launch edge time                                                                             ;
; 4.703   ; 4.703   ;    ;      ;        ;                       ;            ; clock path                                                                                   ;
;   0.000 ;   0.000 ;    ;      ;        ;                       ;            ; source latency                                                                               ;
;   0.000 ;   0.000 ;    ;      ; 1      ; PIN_AH5               ;            ; QSFPA_REFCLK_p                                                                               ;
;   0.000 ;   0.000 ; RR ; IC   ; 1      ; IOIBUF_X224_Y13_N108  ;            ; QSFPA_REFCLK_p~input|i                                                                       ;
;   0.070 ;   0.070 ; RR ; CELL ; 1      ; IOIBUF_X224_Y13_N108  ;            ; QSFPA_REFCLK_p~input|o                                                                       ;
;   0.070 ;   0.000 ; RR ; IC   ; 1      ; HSSIREFCLKDIVIDER_4CT ;            ; QSFPA_REFCLK_p~inputFITTER_INSERTED|refclk_inp                                               ;
;   0.070 ;   0.000 ; RR ; CELL ; 3      ; HSSIREFCLKDIVIDER_4CT ;            ; QSFPA_REFCLK_p~inputFITTER_INSERTED|refclk_a                                                 ;
;   1.044 ;   0.974 ; RR ; CELL ; 1      ; HSSIREFCLKDIVIDER_4CT ;            ; QSFPA_REFCLK_p~inputFITTER_INSERTED~hssi_tile/ch4_pld_pma_fpll_fbclkout_lc_lvpecl_to_coreclk ;
;   1.044 ;   0.000 ; RR ; IC   ; 2      ; CLKCTRL_4C_G_I19      ;            ; QSFPA_REFCLK_p~inputFITTER_INSERTEDCLKENA0|inclk                                             ;
;   1.442 ;   0.398 ; RR ; CELL ; 1013   ; CLKCTRL_4C_G_I19      ;            ; QSFPA_REFCLK_p~inputFITTER_INSERTEDCLKENA0|outclk                                            ;
;   4.703 ;   3.261 ; RR ; IC   ; 1      ; FF_X143_Y43_N38       ; High Speed ; step6b_target_tai_latched[28]|clk                                                            ;
;   4.703 ;   0.000 ; RR ; CELL ; 1      ; FF_X143_Y43_N38       ; High Speed ; step6b_target_tai_latched[28]                                                                ;
; 6.550   ; 1.847   ;    ;      ;        ;                       ;            ; data path                                                                                    ;
;   4.864 ;   0.161 ; RR ; uTco ; 1      ; FF_X143_Y43_N38       ;            ; step6b_target_tai_latched[28]|q                                                              ;
;   4.943 ;   0.079 ; RR ; CELL ; 2      ; FF_X143_Y43_N38       ; High Speed ; step6b_target_tai_latched[28]~la_lab/laboutb[5]                                              ;
;   5.097 ;   0.154 ; RR ; IC   ; 1      ; LABCELL_X143_Y43_N15  ; High Speed ; p_step6b_scheduler~18|datae                                                                  ;
;   5.166 ;   0.069 ; RR ; CELL ; 1      ; LABCELL_X143_Y43_N15  ; High Speed ; p_step6b_scheduler~18|combout                                                                ;
;   5.167 ;   0.001 ; RR ; CELL ; 1      ; LABCELL_X143_Y43_N15  ; High Speed ; p_step6b_scheduler~18~la_lab/laboutt[11]                                                     ;
;   5.308 ;   0.141 ; RR ; IC   ; 1      ; LABCELL_X143_Y43_N30  ; High Speed ; p_step6b_scheduler~24|datac                                                                  ;
;   5.402 ;   0.094 ; RR ; CELL ; 1      ; LABCELL_X143_Y43_N30  ; High Speed ; p_step6b_scheduler~24|combout                                                                ;
;   5.404 ;   0.002 ; RR ; CELL ; 4      ; LABCELL_X143_Y43_N30  ; High Speed ; p_step6b_scheduler~24~la_lab/laboutb[0]                                                      ;
;   5.968 ;   0.564 ; RR ; IC   ; 1      ; MLABCELL_X141_Y43_N42 ; High Speed ; p_step6b_scheduler~25|datac                                                                  ;
;   6.071 ;   0.103 ; RR ; CELL ; 1      ; MLABCELL_X141_Y43_N42 ; High Speed ; p_step6b_scheduler~25|combout                                                                ;
;   6.074 ;   0.003 ; RR ; CELL ; 2      ; MLABCELL_X141_Y43_N42 ; High Speed ; p_step6b_scheduler~25~la_mlab/laboutb[8]                                                     ;
;   6.400 ;   0.326 ; RR ; IC   ; 1      ; LABCELL_X138_Y42_N33  ; High Speed ; step6b_armed~0|datab                                                                         ;
;   6.550 ;   0.150 ; RF ; CELL ; 1      ; LABCELL_X138_Y42_N33  ; High Speed ; step6b_armed~0|combout                                                                       ;
;   6.550 ;   0.000 ; FF ; CELL ; 1      ; FF_X138_Y42_N34       ; High Speed ; step6b_armed|d                                                                               ;
;   6.550 ;   0.000 ; FF ; CELL ; 1      ; FF_X138_Y42_N34       ; High Speed ; step6b_armed                                                                                 ;
+---------+---------+----+------+--------+-----------------------+------------+----------------------------------------------------------------------------------------------+

+-----------------------------------------------------------------------------------------------------------------------------------------------------------------------------+
; Data Required Path                                                                                                                                                          ;
+---------+----------+----+------+--------+-----------------------+------------+----------------------------------------------------------------------------------------------+
; Total   ; Incr     ; RF ; Type ; Fanout ; Location              ; HS/LP      ; Element                                                                                      ;
+---------+----------+----+------+--------+-----------------------+------------+----------------------------------------------------------------------------------------------+
; 0.000   ; 0.000    ;    ;      ;        ;                       ;            ; latch edge time                                                                              ;
; 4.703   ; 4.703    ;    ;      ;        ;                       ;            ; clock path                                                                                   ;
;   0.000 ;   0.000  ;    ;      ;        ;                       ;            ; source latency                                                                               ;
;   0.000 ;   0.000  ;    ;      ; 1      ; PIN_AH5               ;            ; QSFPA_REFCLK_p                                                                               ;
;   0.000 ;   0.000  ; RR ; IC   ; 1      ; IOIBUF_X224_Y13_N108  ;            ; QSFPA_REFCLK_p~input|i                                                                       ;
;   0.070 ;   0.070  ; RR ; CELL ; 1      ; IOIBUF_X224_Y13_N108  ;            ; QSFPA_REFCLK_p~input|o                                                                       ;
;   0.070 ;   0.000  ; RR ; IC   ; 1      ; HSSIREFCLKDIVIDER_4CT ;            ; QSFPA_REFCLK_p~inputFITTER_INSERTED|refclk_inp                                               ;
;   0.070 ;   0.000  ; RR ; CELL ; 3      ; HSSIREFCLKDIVIDER_4CT ;            ; QSFPA_REFCLK_p~inputFITTER_INSERTED|refclk_a                                                 ;
;   1.236 ;   1.166  ; RR ; CELL ; 1      ; HSSIREFCLKDIVIDER_4CT ;            ; QSFPA_REFCLK_p~inputFITTER_INSERTED~hssi_tile/ch4_pld_pma_fpll_fbclkout_lc_lvpecl_to_coreclk ;
;   1.236 ;   0.000  ; RR ; IC   ; 2      ; CLKCTRL_4C_G_I19      ;            ; QSFPA_REFCLK_p~inputFITTER_INSERTEDCLKENA0|inclk                                             ;
;   1.707 ;   0.471  ; RR ; CELL ; 1013   ; CLKCTRL_4C_G_I19      ;            ; QSFPA_REFCLK_p~inputFITTER_INSERTEDCLKENA0|outclk                                            ;
;   5.172 ;   3.465  ; RR ; IC   ; 1      ; FF_X138_Y42_N34       ; High Speed ; step6b_armed|clk                                                                             ;
;   5.172 ;   0.000  ; RR ; CELL ; 1      ; FF_X138_Y42_N34       ; High Speed ; step6b_armed                                                                                 ;
;   4.703 ;   -0.469 ;    ;      ;        ;                       ;            ; clock pessimism removed                                                                      ;
; 4.703   ; 0.000    ;    ;      ;        ;                       ;            ; clock uncertainty                                                                            ;
; 5.093   ; 0.390    ;    ; uTh  ; 1      ; FF_X138_Y42_N34       ;            ; step6b_armed                                                                                 ;
+---------+----------+----+------+--------+-----------------------+------------+----------------------------------------------------------------------------------------------+

----------------------------
; Extra Fitter Information ;
----------------------------
HTML report is unavailable in plain text report export.


Path #20: Hold slack is 1.491 
===============================================================================
+----------------------------------------------------+
; Path Summary                                       ;
+--------------------+-------------------------------+
; Property           ; Value                         ;
+--------------------+-------------------------------+
; From Node          ; step6b_target_tai_latched[27] ;
; To Node            ; step6b_armed                  ;
; Launch Clock       ; qsfp_ref_125m                 ;
; Latch Clock        ; qsfp_ref_125m                 ;
; Data Arrival Time  ; 6.584                         ;
; Data Required Time ; 5.093                         ;
; Slack              ; 1.491                         ;
+--------------------+-------------------------------+

+-----------------------------------------------------------------------------------+
; Statistics                                                                        ;
+------------------------+-------+-------+-------------+------------+-------+-------+
; Property               ; Value ; Count ; Total Delay ; % of Total ; Min   ; Max   ;
+------------------------+-------+-------+-------------+------------+-------+-------+
; Hold Relationship      ; 0.000 ;       ;             ;            ;       ;       ;
; Clock Skew             ; 0.000 ;       ;             ;            ;       ;       ;
; Data Delay             ; 1.881 ;       ;             ;            ;       ;       ;
; Number of Logic Levels ;       ; 4     ;             ;            ;       ;       ;
; Physical Delays        ;       ;       ;             ;            ;       ;       ;
;  Arrival Path          ;       ;       ;             ;            ;       ;       ;
;   Clock                ;       ;       ;             ;            ;       ;       ;
;    IC                  ;       ; 4     ; 3.261       ; 69         ; 0.000 ; 3.261 ;
;    Cell                ;       ; 5     ; 1.442       ; 31         ; 0.000 ; 0.974 ;
;   Data                 ;       ;       ;             ;            ;       ;       ;
;    IC                  ;       ; 4     ; 1.177       ; 63         ; 0.141 ; 0.564 ;
;    Cell                ;       ; 10    ; 0.543       ; 29         ; 0.000 ; 0.150 ;
;    uTco                ;       ; 1     ; 0.161       ; 9          ; 0.161 ; 0.161 ;
;  Required Path         ;       ;       ;             ;            ;       ;       ;
;   Clock                ;       ;       ;             ;            ;       ;       ;
;    IC                  ;       ; 4     ; 3.465       ; 67         ; 0.000 ; 3.465 ;
;    Cell                ;       ; 5     ; 1.707       ; 33         ; 0.000 ; 1.166 ;
+------------------------+-------+-------+-------------+------------+-------+-------+
Note: Negative delays are omitted from totals when calculating percentages

+----------------------------------------------------------------------------------------------------------------------------------------------------------------------------+
; Data Arrival Path                                                                                                                                                          ;
+---------+---------+----+------+--------+-----------------------+------------+----------------------------------------------------------------------------------------------+
; Total   ; Incr    ; RF ; Type ; Fanout ; Location              ; HS/LP      ; Element                                                                                      ;
+---------+---------+----+------+--------+-----------------------+------------+----------------------------------------------------------------------------------------------+
; 0.000   ; 0.000   ;    ;      ;        ;                       ;            ; launch edge time                                                                             ;
; 4.703   ; 4.703   ;    ;      ;        ;                       ;            ; clock path                                                                                   ;
;   0.000 ;   0.000 ;    ;      ;        ;                       ;            ; source latency                                                                               ;
;   0.000 ;   0.000 ;    ;      ; 1      ; PIN_AH5               ;            ; QSFPA_REFCLK_p                                                                               ;
;   0.000 ;   0.000 ; RR ; IC   ; 1      ; IOIBUF_X224_Y13_N108  ;            ; QSFPA_REFCLK_p~input|i                                                                       ;
;   0.070 ;   0.070 ; RR ; CELL ; 1      ; IOIBUF_X224_Y13_N108  ;            ; QSFPA_REFCLK_p~input|o                                                                       ;
;   0.070 ;   0.000 ; RR ; IC   ; 1      ; HSSIREFCLKDIVIDER_4CT ;            ; QSFPA_REFCLK_p~inputFITTER_INSERTED|refclk_inp                                               ;
;   0.070 ;   0.000 ; RR ; CELL ; 3      ; HSSIREFCLKDIVIDER_4CT ;            ; QSFPA_REFCLK_p~inputFITTER_INSERTED|refclk_a                                                 ;
;   1.044 ;   0.974 ; RR ; CELL ; 1      ; HSSIREFCLKDIVIDER_4CT ;            ; QSFPA_REFCLK_p~inputFITTER_INSERTED~hssi_tile/ch4_pld_pma_fpll_fbclkout_lc_lvpecl_to_coreclk ;
;   1.044 ;   0.000 ; RR ; IC   ; 2      ; CLKCTRL_4C_G_I19      ;            ; QSFPA_REFCLK_p~inputFITTER_INSERTEDCLKENA0|inclk                                             ;
;   1.442 ;   0.398 ; RR ; CELL ; 1013   ; CLKCTRL_4C_G_I19      ;            ; QSFPA_REFCLK_p~inputFITTER_INSERTEDCLKENA0|outclk                                            ;
;   4.703 ;   3.261 ; RR ; IC   ; 1      ; FF_X143_Y43_N37       ; High Speed ; step6b_target_tai_latched[27]|clk                                                            ;
;   4.703 ;   0.000 ; RR ; CELL ; 1      ; FF_X143_Y43_N37       ; High Speed ; step6b_target_tai_latched[27]                                                                ;
; 6.584   ; 1.881   ;    ;      ;        ;                       ;            ; data path                                                                                    ;
;   4.864 ;   0.161 ; FF ; uTco ; 1      ; FF_X143_Y43_N37       ;            ; step6b_target_tai_latched[27]|q                                                              ;
;   4.950 ;   0.086 ; FF ; CELL ; 2      ; FF_X143_Y43_N37       ; High Speed ; step6b_target_tai_latched[27]~la_lab/laboutb[4]                                              ;
;   5.096 ;   0.146 ; FF ; IC   ; 1      ; LABCELL_X143_Y43_N15  ; High Speed ; p_step6b_scheduler~18|datac                                                                  ;
;   5.200 ;   0.104 ; FR ; CELL ; 1      ; LABCELL_X143_Y43_N15  ; High Speed ; p_step6b_scheduler~18|combout                                                                ;
;   5.201 ;   0.001 ; RR ; CELL ; 1      ; LABCELL_X143_Y43_N15  ; High Speed ; p_step6b_scheduler~18~la_lab/laboutt[11]                                                     ;
;   5.342 ;   0.141 ; RR ; IC   ; 1      ; LABCELL_X143_Y43_N30  ; High Speed ; p_step6b_scheduler~24|datac                                                                  ;
;   5.436 ;   0.094 ; RR ; CELL ; 1      ; LABCELL_X143_Y43_N30  ; High Speed ; p_step6b_scheduler~24|combout                                                                ;
;   5.438 ;   0.002 ; RR ; CELL ; 4      ; LABCELL_X143_Y43_N30  ; High Speed ; p_step6b_scheduler~24~la_lab/laboutb[0]                                                      ;
;   6.002 ;   0.564 ; RR ; IC   ; 1      ; MLABCELL_X141_Y43_N42 ; High Speed ; p_step6b_scheduler~25|datac                                                                  ;
;   6.105 ;   0.103 ; RR ; CELL ; 1      ; MLABCELL_X141_Y43_N42 ; High Speed ; p_step6b_scheduler~25|combout                                                                ;
;   6.108 ;   0.003 ; RR ; CELL ; 2      ; MLABCELL_X141_Y43_N42 ; High Speed ; p_step6b_scheduler~25~la_mlab/laboutb[8]                                                     ;
;   6.434 ;   0.326 ; RR ; IC   ; 1      ; LABCELL_X138_Y42_N33  ; High Speed ; step6b_armed~0|datab                                                                         ;
;   6.584 ;   0.150 ; RF ; CELL ; 1      ; LABCELL_X138_Y42_N33  ; High Speed ; step6b_armed~0|combout                                                                       ;
;   6.584 ;   0.000 ; FF ; CELL ; 1      ; FF_X138_Y42_N34       ; High Speed ; step6b_armed|d                                                                               ;
;   6.584 ;   0.000 ; FF ; CELL ; 1      ; FF_X138_Y42_N34       ; High Speed ; step6b_armed                                                                                 ;
+---------+---------+----+------+--------+-----------------------+------------+----------------------------------------------------------------------------------------------+

+-----------------------------------------------------------------------------------------------------------------------------------------------------------------------------+
; Data Required Path                                                                                                                                                          ;
+---------+----------+----+------+--------+-----------------------+------------+----------------------------------------------------------------------------------------------+
; Total   ; Incr     ; RF ; Type ; Fanout ; Location              ; HS/LP      ; Element                                                                                      ;
+---------+----------+----+------+--------+-----------------------+------------+----------------------------------------------------------------------------------------------+
; 0.000   ; 0.000    ;    ;      ;        ;                       ;            ; latch edge time                                                                              ;
; 4.703   ; 4.703    ;    ;      ;        ;                       ;            ; clock path                                                                                   ;
;   0.000 ;   0.000  ;    ;      ;        ;                       ;            ; source latency                                                                               ;
;   0.000 ;   0.000  ;    ;      ; 1      ; PIN_AH5               ;            ; QSFPA_REFCLK_p                                                                               ;
;   0.000 ;   0.000  ; RR ; IC   ; 1      ; IOIBUF_X224_Y13_N108  ;            ; QSFPA_REFCLK_p~input|i                                                                       ;
;   0.070 ;   0.070  ; RR ; CELL ; 1      ; IOIBUF_X224_Y13_N108  ;            ; QSFPA_REFCLK_p~input|o                                                                       ;
;   0.070 ;   0.000  ; RR ; IC   ; 1      ; HSSIREFCLKDIVIDER_4CT ;            ; QSFPA_REFCLK_p~inputFITTER_INSERTED|refclk_inp                                               ;
;   0.070 ;   0.000  ; RR ; CELL ; 3      ; HSSIREFCLKDIVIDER_4CT ;            ; QSFPA_REFCLK_p~inputFITTER_INSERTED|refclk_a                                                 ;
;   1.236 ;   1.166  ; RR ; CELL ; 1      ; HSSIREFCLKDIVIDER_4CT ;            ; QSFPA_REFCLK_p~inputFITTER_INSERTED~hssi_tile/ch4_pld_pma_fpll_fbclkout_lc_lvpecl_to_coreclk ;
;   1.236 ;   0.000  ; RR ; IC   ; 2      ; CLKCTRL_4C_G_I19      ;            ; QSFPA_REFCLK_p~inputFITTER_INSERTEDCLKENA0|inclk                                             ;
;   1.707 ;   0.471  ; RR ; CELL ; 1013   ; CLKCTRL_4C_G_I19      ;            ; QSFPA_REFCLK_p~inputFITTER_INSERTEDCLKENA0|outclk                                            ;
;   5.172 ;   3.465  ; RR ; IC   ; 1      ; FF_X138_Y42_N34       ; High Speed ; step6b_armed|clk                                                                             ;
;   5.172 ;   0.000  ; RR ; CELL ; 1      ; FF_X138_Y42_N34       ; High Speed ; step6b_armed                                                                                 ;
;   4.703 ;   -0.469 ;    ;      ;        ;                       ;            ; clock pessimism removed                                                                      ;
; 4.703   ; 0.000    ;    ;      ;        ;                       ;            ; clock uncertainty                                                                            ;
; 5.093   ; 0.390    ;    ; uTh  ; 1      ; FF_X138_Y42_N34       ;            ; step6b_armed                                                                                 ;
+---------+----------+----+------+--------+-----------------------+------------+----------------------------------------------------------------------------------------------+

----------------------------
; Extra Fitter Information ;
----------------------------
HTML report is unavailable in plain text report export.


