----------------
; Command Info ;
----------------
Report Timing: Found 20 hold paths (0 violated).  Worst case slack is 0.178 

Tcl Command:
    report_timing -hold -file /home/b10504072/04_WR/pain-worktrees/step6-global-time/docs/experiments/exp-step6-global-time/EXP-S6B-TIMING-QUERY-BOUNDARY-CORRECTION-20260922/raw/timing/slave_step6b_timing.txt.refclk_to_armed.hold.rpt -to [get_registers {*step6b_armed*}] -from_clock [get_clocks {qsfp_ref_125m}] -to_clock [get_clocks {qsfp_ref_125m}] -npaths 20 -detail full_path

Options:
    -to [get_registers {*step6b_armed*}] 
    -from_clock [get_clocks {qsfp_ref_125m}] 
    -to_clock [get_clocks {qsfp_ref_125m}] 
    -hold 
    -npaths 20 
    -detail full_path 
    -file {/home/b10504072/04_WR/pain-worktrees/step6-global-time/docs/experiments/exp-step6-global-time/EXP-S6B-TIMING-QUERY-BOUNDARY-CORRECTION-20260922/raw/timing/slave_step6b_timing.txt.refclk_to_armed.hold.rpt} 

Delay Model:
    Slow 900mV 100C Model

+---------------------------------------------------------------------------------------------------------------------------------------------------------------------------------------------+
; Summary of Paths                                                                                                                                                                            ;
+-------+---------------------------------------------------------------------------------------------+--------------+---------------+---------------+--------------+------------+------------+
; Slack ; From Node                                                                                   ; To Node      ; Launch Clock  ; Latch Clock   ; Relationship ; Clock Skew ; Data Delay ;
+-------+---------------------------------------------------------------------------------------------+--------------+---------------+---------------+--------------+------------+------------+
; 0.178 ; step6b_fired                                                                                ; step6b_armed ; qsfp_ref_125m ; qsfp_ref_125m ; 0.000        ; 0.002      ; 0.612      ;
; 0.223 ; step6b_arm_sync_prev                                                                        ; step6b_armed ; qsfp_ref_125m ; qsfp_ref_125m ; 0.000        ; 0.002      ; 0.657      ;
; 0.410 ; step6b_arm_sync                                                                             ; step6b_armed ; qsfp_ref_125m ; qsfp_ref_125m ; 0.000        ; 0.002      ; 0.842      ;
; 0.504 ; step6b_armed                                                                                ; step6b_armed ; qsfp_ref_125m ; qsfp_ref_125m ; 0.000        ; 0.002      ; 0.936      ;
; 0.919 ; step6b_target_tai_latched[34]                                                               ; step6b_armed ; qsfp_ref_125m ; qsfp_ref_125m ; 0.000        ; 0.031      ; 1.382      ;
; 0.947 ; step6b_target_tai_latched[37]                                                               ; step6b_armed ; qsfp_ref_125m ; qsfp_ref_125m ; 0.000        ; 0.031      ; 1.410      ;
; 0.970 ; step6b_target_tai_latched[39]                                                               ; step6b_armed ; qsfp_ref_125m ; qsfp_ref_125m ; 0.000        ; 0.031      ; 1.433      ;
; 0.976 ; step6b_target_tai_latched[38]                                                               ; step6b_armed ; qsfp_ref_125m ; qsfp_ref_125m ; 0.000        ; 0.068      ; 1.476      ;
; 1.009 ; step6b_target_tai_latched[13]                                                               ; step6b_armed ; qsfp_ref_125m ; qsfp_ref_125m ; 0.000        ; 0.039      ; 1.480      ;
; 1.011 ; xwr_core:u_xwr_core|wr_core:WRPC|xwr_pps_gen:PPS_GEN|wr_pps_gen:WRAPPED_PPSGEN|cntr_utc[39] ; step6b_armed ; qsfp_ref_125m ; qsfp_ref_125m ; 0.000        ; 0.057      ; 1.500      ;
; 1.030 ; step6b_target_tai_latched[36]                                                               ; step6b_armed ; qsfp_ref_125m ; qsfp_ref_125m ; 0.000        ; 0.031      ; 1.493      ;
; 1.031 ; step6b_target_tai_latched[31]                                                               ; step6b_armed ; qsfp_ref_125m ; qsfp_ref_125m ; 0.000        ; 0.068      ; 1.531      ;
; 1.067 ; step6b_target_tai_latched[29]                                                               ; step6b_armed ; qsfp_ref_125m ; qsfp_ref_125m ; 0.000        ; 0.037      ; 1.536      ;
; 1.071 ; step6b_target_tai_latched[11]                                                               ; step6b_armed ; qsfp_ref_125m ; qsfp_ref_125m ; 0.000        ; 0.039      ; 1.542      ;
; 1.074 ; step6b_target_tai_latched[30]                                                               ; step6b_armed ; qsfp_ref_125m ; qsfp_ref_125m ; 0.000        ; 0.068      ; 1.574      ;
; 1.079 ; xwr_core:u_xwr_core|wr_core:WRPC|xwr_pps_gen:PPS_GEN|wr_pps_gen:WRAPPED_PPSGEN|cntr_utc[38] ; step6b_armed ; qsfp_ref_125m ; qsfp_ref_125m ; 0.000        ; 0.057      ; 1.568      ;
; 1.124 ; step6b_target_tai_latched[35]                                                               ; step6b_armed ; qsfp_ref_125m ; qsfp_ref_125m ; 0.000        ; 0.031      ; 1.587      ;
; 1.149 ; step6b_target_tai_latched[12]                                                               ; step6b_armed ; qsfp_ref_125m ; qsfp_ref_125m ; 0.000        ; 0.068      ; 1.649      ;
; 1.170 ; step6b_target_tai_latched[28]                                                               ; step6b_armed ; qsfp_ref_125m ; qsfp_ref_125m ; 0.000        ; 0.039      ; 1.641      ;
; 1.196 ; step6b_target_tai_latched[32]                                                               ; step6b_armed ; qsfp_ref_125m ; qsfp_ref_125m ; 0.000        ; 0.031      ; 1.659      ;
+-------+---------------------------------------------------------------------------------------------+--------------+---------------+---------------+--------------+------------+------------+

Path #1: Hold slack is 0.178 
===============================================================================
+------------------------------------+
; Path Summary                       ;
+--------------------+---------------+
; Property           ; Value         ;
+--------------------+---------------+
; From Node          ; step6b_fired  ;
; To Node            ; step6b_armed  ;
; Launch Clock       ; qsfp_ref_125m ;
; Latch Clock        ; qsfp_ref_125m ;
; Data Arrival Time  ; 5.343         ;
; Data Required Time ; 5.165         ;
; Slack              ; 0.178         ;
+--------------------+---------------+

+-----------------------------------------------------------------------------------+
; Statistics                                                                        ;
+------------------------+-------+-------+-------------+------------+-------+-------+
; Property               ; Value ; Count ; Total Delay ; % of Total ; Min   ; Max   ;
+------------------------+-------+-------+-------------+------------+-------+-------+
; Hold Relationship      ; 0.000 ;       ;             ;            ;       ;       ;
; Clock Skew             ; 0.002 ;       ;             ;            ;       ;       ;
; Data Delay             ; 0.612 ;       ;             ;            ;       ;       ;
; Number of Logic Levels ;       ; 1     ;             ;            ;       ;       ;
; Physical Delays        ;       ;       ;             ;            ;       ;       ;
;  Arrival Path          ;       ;       ;             ;            ;       ;       ;
;   Clock                ;       ;       ;             ;            ;       ;       ;
;    IC                  ;       ; 4     ; 3.289       ; 70         ; 0.000 ; 3.289 ;
;    Cell                ;       ; 5     ; 1.442       ; 30         ; 0.000 ; 0.974 ;
;   Data                 ;       ;       ;             ;            ;       ;       ;
;    IC                  ;       ; 1     ; 0.201       ; 33         ; 0.201 ; 0.201 ;
;    Cell                ;       ; 4     ; 0.226       ; 37         ; 0.000 ; 0.169 ;
;    uTco                ;       ; 1     ; 0.185       ; 30         ; 0.185 ; 0.185 ;
;  Required Path         ;       ;       ;             ;            ;       ;       ;
;   Clock                ;       ;       ;             ;            ;       ;       ;
;    IC                  ;       ; 4     ; 3.545       ; 67         ; 0.000 ; 3.545 ;
;    Cell                ;       ; 5     ; 1.707       ; 33         ; 0.000 ; 1.166 ;
+------------------------+-------+-------+-------------+------------+-------+-------+
Note: Negative delays are omitted from totals when calculating percentages

+---------------------------------------------------------------------------------------------------------------------------------------------------------------------------+
; Data Arrival Path                                                                                                                                                         ;
+---------+---------+----+------+--------+-----------------------+-----------+----------------------------------------------------------------------------------------------+
; Total   ; Incr    ; RF ; Type ; Fanout ; Location              ; HS/LP     ; Element                                                                                      ;
+---------+---------+----+------+--------+-----------------------+-----------+----------------------------------------------------------------------------------------------+
; 0.000   ; 0.000   ;    ;      ;        ;                       ;           ; launch edge time                                                                             ;
; 4.731   ; 4.731   ;    ;      ;        ;                       ;           ; clock path                                                                                   ;
;   0.000 ;   0.000 ;    ;      ;        ;                       ;           ; source latency                                                                               ;
;   0.000 ;   0.000 ;    ;      ; 1      ; PIN_AH5               ;           ; QSFPA_REFCLK_p                                                                               ;
;   0.000 ;   0.000 ; RR ; IC   ; 1      ; IOIBUF_X224_Y13_N108  ;           ; QSFPA_REFCLK_p~input|i                                                                       ;
;   0.070 ;   0.070 ; RR ; CELL ; 1      ; IOIBUF_X224_Y13_N108  ;           ; QSFPA_REFCLK_p~input|o                                                                       ;
;   0.070 ;   0.000 ; RR ; IC   ; 1      ; HSSIREFCLKDIVIDER_4CT ;           ; QSFPA_REFCLK_p~inputFITTER_INSERTED|refclk_inp                                               ;
;   0.070 ;   0.000 ; RR ; CELL ; 3      ; HSSIREFCLKDIVIDER_4CT ;           ; QSFPA_REFCLK_p~inputFITTER_INSERTED|refclk_a                                                 ;
;   1.044 ;   0.974 ; RR ; CELL ; 1      ; HSSIREFCLKDIVIDER_4CT ;           ; QSFPA_REFCLK_p~inputFITTER_INSERTED~hssi_tile/ch4_pld_pma_fpll_fbclkout_lc_lvpecl_to_coreclk ;
;   1.044 ;   0.000 ; RR ; IC   ; 2      ; CLKCTRL_4C_G_I18      ;           ; QSFPA_REFCLK_p~inputFITTER_INSERTEDCLKENA0|inclk                                             ;
;   1.442 ;   0.398 ; RR ; CELL ; 1017   ; CLKCTRL_4C_G_I18      ;           ; QSFPA_REFCLK_p~inputFITTER_INSERTEDCLKENA0|outclk                                            ;
;   4.731 ;   3.289 ; RR ; IC   ; 1      ; FF_X146_Y43_N38       ; Low Power ; step6b_fired|clk                                                                             ;
;   4.731 ;   0.000 ; RR ; CELL ; 1      ; FF_X146_Y43_N38       ; Low Power ; step6b_fired                                                                                 ;
; 5.343   ; 0.612   ;    ;      ;        ;                       ;           ; data path                                                                                    ;
;   4.916 ;   0.185 ; FF ; uTco ; 1      ; FF_X146_Y43_N38       ;           ; step6b_fired|q                                                                               ;
;   4.973 ;   0.057 ; FF ; CELL ; 6      ; FF_X146_Y43_N38       ; Low Power ; step6b_fired~la_mlab/laboutb[5]                                                              ;
;   5.174 ;   0.201 ; FF ; IC   ; 1      ; MLABCELL_X146_Y43_N39 ; Mixed     ; step6b_armed~0|dataa                                                                         ;
;   5.343 ;   0.169 ; FR ; CELL ; 1      ; MLABCELL_X146_Y43_N39 ; Low Power ; step6b_armed~0|combout                                                                       ;
;   5.343 ;   0.000 ; RR ; CELL ; 1      ; FF_X146_Y43_N40       ; Low Power ; step6b_armed|d                                                                               ;
;   5.343 ;   0.000 ; RR ; CELL ; 1      ; FF_X146_Y43_N40       ; Low Power ; step6b_armed                                                                                 ;
+---------+---------+----+------+--------+-----------------------+-----------+----------------------------------------------------------------------------------------------+

+----------------------------------------------------------------------------------------------------------------------------------------------------------------------------+
; Data Required Path                                                                                                                                                         ;
+---------+----------+----+------+--------+-----------------------+-----------+----------------------------------------------------------------------------------------------+
; Total   ; Incr     ; RF ; Type ; Fanout ; Location              ; HS/LP     ; Element                                                                                      ;
+---------+----------+----+------+--------+-----------------------+-----------+----------------------------------------------------------------------------------------------+
; 0.000   ; 0.000    ;    ;      ;        ;                       ;           ; latch edge time                                                                              ;
; 4.733   ; 4.733    ;    ;      ;        ;                       ;           ; clock path                                                                                   ;
;   0.000 ;   0.000  ;    ;      ;        ;                       ;           ; source latency                                                                               ;
;   0.000 ;   0.000  ;    ;      ; 1      ; PIN_AH5               ;           ; QSFPA_REFCLK_p                                                                               ;
;   0.000 ;   0.000  ; RR ; IC   ; 1      ; IOIBUF_X224_Y13_N108  ;           ; QSFPA_REFCLK_p~input|i                                                                       ;
;   0.070 ;   0.070  ; RR ; CELL ; 1      ; IOIBUF_X224_Y13_N108  ;           ; QSFPA_REFCLK_p~input|o                                                                       ;
;   0.070 ;   0.000  ; RR ; IC   ; 1      ; HSSIREFCLKDIVIDER_4CT ;           ; QSFPA_REFCLK_p~inputFITTER_INSERTED|refclk_inp                                               ;
;   0.070 ;   0.000  ; RR ; CELL ; 3      ; HSSIREFCLKDIVIDER_4CT ;           ; QSFPA_REFCLK_p~inputFITTER_INSERTED|refclk_a                                                 ;
;   1.236 ;   1.166  ; RR ; CELL ; 1      ; HSSIREFCLKDIVIDER_4CT ;           ; QSFPA_REFCLK_p~inputFITTER_INSERTED~hssi_tile/ch4_pld_pma_fpll_fbclkout_lc_lvpecl_to_coreclk ;
;   1.236 ;   0.000  ; RR ; IC   ; 2      ; CLKCTRL_4C_G_I18      ;           ; QSFPA_REFCLK_p~inputFITTER_INSERTEDCLKENA0|inclk                                             ;
;   1.707 ;   0.471  ; RR ; CELL ; 1017   ; CLKCTRL_4C_G_I18      ;           ; QSFPA_REFCLK_p~inputFITTER_INSERTEDCLKENA0|outclk                                            ;
;   5.252 ;   3.545  ; RR ; IC   ; 1      ; FF_X146_Y43_N40       ; Low Power ; step6b_armed|clk                                                                             ;
;   5.252 ;   0.000  ; RR ; CELL ; 1      ; FF_X146_Y43_N40       ; Low Power ; step6b_armed                                                                                 ;
;   4.733 ;   -0.519 ;    ;      ;        ;                       ;           ; clock pessimism removed                                                                      ;
; 4.733   ; 0.000    ;    ;      ;        ;                       ;           ; clock uncertainty                                                                            ;
; 5.165   ; 0.432    ;    ; uTh  ; 1      ; FF_X146_Y43_N40       ;           ; step6b_armed                                                                                 ;
+---------+----------+----+------+--------+-----------------------+-----------+----------------------------------------------------------------------------------------------+

----------------------------
; Extra Fitter Information ;
----------------------------
HTML report is unavailable in plain text report export.


Path #2: Hold slack is 0.223 
===============================================================================
+-------------------------------------------+
; Path Summary                              ;
+--------------------+----------------------+
; Property           ; Value                ;
+--------------------+----------------------+
; From Node          ; step6b_arm_sync_prev ;
; To Node            ; step6b_armed         ;
; Launch Clock       ; qsfp_ref_125m        ;
; Latch Clock        ; qsfp_ref_125m        ;
; Data Arrival Time  ; 5.388                ;
; Data Required Time ; 5.165                ;
; Slack              ; 0.223                ;
+--------------------+----------------------+

+-----------------------------------------------------------------------------------+
; Statistics                                                                        ;
+------------------------+-------+-------+-------------+------------+-------+-------+
; Property               ; Value ; Count ; Total Delay ; % of Total ; Min   ; Max   ;
+------------------------+-------+-------+-------------+------------+-------+-------+
; Hold Relationship      ; 0.000 ;       ;             ;            ;       ;       ;
; Clock Skew             ; 0.002 ;       ;             ;            ;       ;       ;
; Data Delay             ; 0.657 ;       ;             ;            ;       ;       ;
; Number of Logic Levels ;       ; 1     ;             ;            ;       ;       ;
; Physical Delays        ;       ;       ;             ;            ;       ;       ;
;  Arrival Path          ;       ;       ;             ;            ;       ;       ;
;   Clock                ;       ;       ;             ;            ;       ;       ;
;    IC                  ;       ; 4     ; 3.289       ; 70         ; 0.000 ; 3.289 ;
;    Cell                ;       ; 5     ; 1.442       ; 30         ; 0.000 ; 0.974 ;
;   Data                 ;       ;       ;             ;            ;       ;       ;
;    IC                  ;       ; 1     ; 0.260       ; 40         ; 0.260 ; 0.260 ;
;    Cell                ;       ; 4     ; 0.209       ; 32         ; 0.000 ; 0.111 ;
;    uTco                ;       ; 1     ; 0.188       ; 29         ; 0.188 ; 0.188 ;
;  Required Path         ;       ;       ;             ;            ;       ;       ;
;   Clock                ;       ;       ;             ;            ;       ;       ;
;    IC                  ;       ; 4     ; 3.545       ; 67         ; 0.000 ; 3.545 ;
;    Cell                ;       ; 5     ; 1.707       ; 33         ; 0.000 ; 1.166 ;
+------------------------+-------+-------+-------------+------------+-------+-------+
Note: Negative delays are omitted from totals when calculating percentages

+---------------------------------------------------------------------------------------------------------------------------------------------------------------------------+
; Data Arrival Path                                                                                                                                                         ;
+---------+---------+----+------+--------+-----------------------+-----------+----------------------------------------------------------------------------------------------+
; Total   ; Incr    ; RF ; Type ; Fanout ; Location              ; HS/LP     ; Element                                                                                      ;
+---------+---------+----+------+--------+-----------------------+-----------+----------------------------------------------------------------------------------------------+
; 0.000   ; 0.000   ;    ;      ;        ;                       ;           ; launch edge time                                                                             ;
; 4.731   ; 4.731   ;    ;      ;        ;                       ;           ; clock path                                                                                   ;
;   0.000 ;   0.000 ;    ;      ;        ;                       ;           ; source latency                                                                               ;
;   0.000 ;   0.000 ;    ;      ; 1      ; PIN_AH5               ;           ; QSFPA_REFCLK_p                                                                               ;
;   0.000 ;   0.000 ; RR ; IC   ; 1      ; IOIBUF_X224_Y13_N108  ;           ; QSFPA_REFCLK_p~input|i                                                                       ;
;   0.070 ;   0.070 ; RR ; CELL ; 1      ; IOIBUF_X224_Y13_N108  ;           ; QSFPA_REFCLK_p~input|o                                                                       ;
;   0.070 ;   0.000 ; RR ; IC   ; 1      ; HSSIREFCLKDIVIDER_4CT ;           ; QSFPA_REFCLK_p~inputFITTER_INSERTED|refclk_inp                                               ;
;   0.070 ;   0.000 ; RR ; CELL ; 3      ; HSSIREFCLKDIVIDER_4CT ;           ; QSFPA_REFCLK_p~inputFITTER_INSERTED|refclk_a                                                 ;
;   1.044 ;   0.974 ; RR ; CELL ; 1      ; HSSIREFCLKDIVIDER_4CT ;           ; QSFPA_REFCLK_p~inputFITTER_INSERTED~hssi_tile/ch4_pld_pma_fpll_fbclkout_lc_lvpecl_to_coreclk ;
;   1.044 ;   0.000 ; RR ; IC   ; 2      ; CLKCTRL_4C_G_I18      ;           ; QSFPA_REFCLK_p~inputFITTER_INSERTEDCLKENA0|inclk                                             ;
;   1.442 ;   0.398 ; RR ; CELL ; 1017   ; CLKCTRL_4C_G_I18      ;           ; QSFPA_REFCLK_p~inputFITTER_INSERTEDCLKENA0|outclk                                            ;
;   4.731 ;   3.289 ; RR ; IC   ; 1      ; FF_X146_Y43_N11       ; Low Power ; step6b_arm_sync_prev|clk                                                                     ;
;   4.731 ;   0.000 ; RR ; CELL ; 1      ; FF_X146_Y43_N11       ; Low Power ; step6b_arm_sync_prev                                                                         ;
; 5.388   ; 0.657   ;    ;      ;        ;                       ;           ; data path                                                                                    ;
;   4.919 ;   0.188 ; FF ; uTco ; 1      ; FF_X146_Y43_N11       ;           ; step6b_arm_sync_prev|q                                                                       ;
;   5.017 ;   0.098 ; FF ; CELL ; 4      ; FF_X146_Y43_N11       ; Low Power ; step6b_arm_sync_prev~la_mlab/laboutt[7]                                                      ;
;   5.277 ;   0.260 ; FF ; IC   ; 1      ; MLABCELL_X146_Y43_N39 ; Low Power ; step6b_armed~0|datad                                                                         ;
;   5.388 ;   0.111 ; FR ; CELL ; 1      ; MLABCELL_X146_Y43_N39 ; Low Power ; step6b_armed~0|combout                                                                       ;
;   5.388 ;   0.000 ; RR ; CELL ; 1      ; FF_X146_Y43_N40       ; Low Power ; step6b_armed|d                                                                               ;
;   5.388 ;   0.000 ; RR ; CELL ; 1      ; FF_X146_Y43_N40       ; Low Power ; step6b_armed                                                                                 ;
+---------+---------+----+------+--------+-----------------------+-----------+----------------------------------------------------------------------------------------------+

+----------------------------------------------------------------------------------------------------------------------------------------------------------------------------+
; Data Required Path                                                                                                                                                         ;
+---------+----------+----+------+--------+-----------------------+-----------+----------------------------------------------------------------------------------------------+
; Total   ; Incr     ; RF ; Type ; Fanout ; Location              ; HS/LP     ; Element                                                                                      ;
+---------+----------+----+------+--------+-----------------------+-----------+----------------------------------------------------------------------------------------------+
; 0.000   ; 0.000    ;    ;      ;        ;                       ;           ; latch edge time                                                                              ;
; 4.733   ; 4.733    ;    ;      ;        ;                       ;           ; clock path                                                                                   ;
;   0.000 ;   0.000  ;    ;      ;        ;                       ;           ; source latency                                                                               ;
;   0.000 ;   0.000  ;    ;      ; 1      ; PIN_AH5               ;           ; QSFPA_REFCLK_p                                                                               ;
;   0.000 ;   0.000  ; RR ; IC   ; 1      ; IOIBUF_X224_Y13_N108  ;           ; QSFPA_REFCLK_p~input|i                                                                       ;
;   0.070 ;   0.070  ; RR ; CELL ; 1      ; IOIBUF_X224_Y13_N108  ;           ; QSFPA_REFCLK_p~input|o                                                                       ;
;   0.070 ;   0.000  ; RR ; IC   ; 1      ; HSSIREFCLKDIVIDER_4CT ;           ; QSFPA_REFCLK_p~inputFITTER_INSERTED|refclk_inp                                               ;
;   0.070 ;   0.000  ; RR ; CELL ; 3      ; HSSIREFCLKDIVIDER_4CT ;           ; QSFPA_REFCLK_p~inputFITTER_INSERTED|refclk_a                                                 ;
;   1.236 ;   1.166  ; RR ; CELL ; 1      ; HSSIREFCLKDIVIDER_4CT ;           ; QSFPA_REFCLK_p~inputFITTER_INSERTED~hssi_tile/ch4_pld_pma_fpll_fbclkout_lc_lvpecl_to_coreclk ;
;   1.236 ;   0.000  ; RR ; IC   ; 2      ; CLKCTRL_4C_G_I18      ;           ; QSFPA_REFCLK_p~inputFITTER_INSERTEDCLKENA0|inclk                                             ;
;   1.707 ;   0.471  ; RR ; CELL ; 1017   ; CLKCTRL_4C_G_I18      ;           ; QSFPA_REFCLK_p~inputFITTER_INSERTEDCLKENA0|outclk                                            ;
;   5.252 ;   3.545  ; RR ; IC   ; 1      ; FF_X146_Y43_N40       ; Low Power ; step6b_armed|clk                                                                             ;
;   5.252 ;   0.000  ; RR ; CELL ; 1      ; FF_X146_Y43_N40       ; Low Power ; step6b_armed                                                                                 ;
;   4.733 ;   -0.519 ;    ;      ;        ;                       ;           ; clock pessimism removed                                                                      ;
; 4.733   ; 0.000    ;    ;      ;        ;                       ;           ; clock uncertainty                                                                            ;
; 5.165   ; 0.432    ;    ; uTh  ; 1      ; FF_X146_Y43_N40       ;           ; step6b_armed                                                                                 ;
+---------+----------+----+------+--------+-----------------------+-----------+----------------------------------------------------------------------------------------------+

----------------------------
; Extra Fitter Information ;
----------------------------
HTML report is unavailable in plain text report export.


Path #3: Hold slack is 0.410 
===============================================================================
+--------------------------------------+
; Path Summary                         ;
+--------------------+-----------------+
; Property           ; Value           ;
+--------------------+-----------------+
; From Node          ; step6b_arm_sync ;
; To Node            ; step6b_armed    ;
; Launch Clock       ; qsfp_ref_125m   ;
; Latch Clock        ; qsfp_ref_125m   ;
; Data Arrival Time  ; 5.573           ;
; Data Required Time ; 5.163           ;
; Slack              ; 0.410           ;
+--------------------+-----------------+

+-----------------------------------------------------------------------------------+
; Statistics                                                                        ;
+------------------------+-------+-------+-------------+------------+-------+-------+
; Property               ; Value ; Count ; Total Delay ; % of Total ; Min   ; Max   ;
+------------------------+-------+-------+-------------+------------+-------+-------+
; Hold Relationship      ; 0.000 ;       ;             ;            ;       ;       ;
; Clock Skew             ; 0.002 ;       ;             ;            ;       ;       ;
; Data Delay             ; 0.842 ;       ;             ;            ;       ;       ;
; Number of Logic Levels ;       ; 1     ;             ;            ;       ;       ;
; Physical Delays        ;       ;       ;             ;            ;       ;       ;
;  Arrival Path          ;       ;       ;             ;            ;       ;       ;
;   Clock                ;       ;       ;             ;            ;       ;       ;
;    IC                  ;       ; 4     ; 3.289       ; 70         ; 0.000 ; 3.289 ;
;    Cell                ;       ; 5     ; 1.442       ; 30         ; 0.000 ; 0.974 ;
;   Data                 ;       ;       ;             ;            ;       ;       ;
;    IC                  ;       ; 1     ; 0.570       ; 68         ; 0.570 ; 0.570 ;
;    Cell                ;       ; 4     ; 0.088       ; 10         ; 0.000 ; 0.058 ;
;    uTco                ;       ; 1     ; 0.184       ; 22         ; 0.184 ; 0.184 ;
;  Required Path         ;       ;       ;             ;            ;       ;       ;
;   Clock                ;       ;       ;             ;            ;       ;       ;
;    IC                  ;       ; 4     ; 3.545       ; 67         ; 0.000 ; 3.545 ;
;    Cell                ;       ; 5     ; 1.707       ; 33         ; 0.000 ; 1.166 ;
+------------------------+-------+-------+-------------+------------+-------+-------+
Note: Negative delays are omitted from totals when calculating percentages

+---------------------------------------------------------------------------------------------------------------------------------------------------------------------------+
; Data Arrival Path                                                                                                                                                         ;
+---------+---------+----+------+--------+-----------------------+-----------+----------------------------------------------------------------------------------------------+
; Total   ; Incr    ; RF ; Type ; Fanout ; Location              ; HS/LP     ; Element                                                                                      ;
+---------+---------+----+------+--------+-----------------------+-----------+----------------------------------------------------------------------------------------------+
; 0.000   ; 0.000   ;    ;      ;        ;                       ;           ; launch edge time                                                                             ;
; 4.731   ; 4.731   ;    ;      ;        ;                       ;           ; clock path                                                                                   ;
;   0.000 ;   0.000 ;    ;      ;        ;                       ;           ; source latency                                                                               ;
;   0.000 ;   0.000 ;    ;      ; 1      ; PIN_AH5               ;           ; QSFPA_REFCLK_p                                                                               ;
;   0.000 ;   0.000 ; RR ; IC   ; 1      ; IOIBUF_X224_Y13_N108  ;           ; QSFPA_REFCLK_p~input|i                                                                       ;
;   0.070 ;   0.070 ; RR ; CELL ; 1      ; IOIBUF_X224_Y13_N108  ;           ; QSFPA_REFCLK_p~input|o                                                                       ;
;   0.070 ;   0.000 ; RR ; IC   ; 1      ; HSSIREFCLKDIVIDER_4CT ;           ; QSFPA_REFCLK_p~inputFITTER_INSERTED|refclk_inp                                               ;
;   0.070 ;   0.000 ; RR ; CELL ; 3      ; HSSIREFCLKDIVIDER_4CT ;           ; QSFPA_REFCLK_p~inputFITTER_INSERTED|refclk_a                                                 ;
;   1.044 ;   0.974 ; RR ; CELL ; 1      ; HSSIREFCLKDIVIDER_4CT ;           ; QSFPA_REFCLK_p~inputFITTER_INSERTED~hssi_tile/ch4_pld_pma_fpll_fbclkout_lc_lvpecl_to_coreclk ;
;   1.044 ;   0.000 ; RR ; IC   ; 2      ; CLKCTRL_4C_G_I18      ;           ; QSFPA_REFCLK_p~inputFITTER_INSERTEDCLKENA0|inclk                                             ;
;   1.442 ;   0.398 ; RR ; CELL ; 1017   ; CLKCTRL_4C_G_I18      ;           ; QSFPA_REFCLK_p~inputFITTER_INSERTEDCLKENA0|outclk                                            ;
;   4.731 ;   3.289 ; RR ; IC   ; 1      ; FF_X146_Y43_N52       ; Low Power ; step6b_arm_sync|clk                                                                          ;
;   4.731 ;   0.000 ; RR ; CELL ; 1      ; FF_X146_Y43_N52       ; Low Power ; step6b_arm_sync                                                                              ;
; 5.573   ; 0.842   ;    ;      ;        ;                       ;           ; data path                                                                                    ;
;   4.915 ;   0.184 ; FF ; uTco ; 1      ; FF_X146_Y43_N52       ;           ; step6b_arm_sync|q                                                                            ;
;   4.973 ;   0.058 ; FF ; CELL ; 6      ; FF_X146_Y43_N52       ; Low Power ; step6b_arm_sync~la_mlab/laboutb[14]                                                          ;
;   5.543 ;   0.570 ; FF ; IC   ; 1      ; MLABCELL_X146_Y43_N39 ; Low Power ; step6b_armed~0|dataf                                                                         ;
;   5.573 ;   0.030 ; FF ; CELL ; 1      ; MLABCELL_X146_Y43_N39 ; Low Power ; step6b_armed~0|combout                                                                       ;
;   5.573 ;   0.000 ; FF ; CELL ; 1      ; FF_X146_Y43_N40       ; Low Power ; step6b_armed|d                                                                               ;
;   5.573 ;   0.000 ; FF ; CELL ; 1      ; FF_X146_Y43_N40       ; Low Power ; step6b_armed                                                                                 ;
+---------+---------+----+------+--------+-----------------------+-----------+----------------------------------------------------------------------------------------------+

+----------------------------------------------------------------------------------------------------------------------------------------------------------------------------+
; Data Required Path                                                                                                                                                         ;
+---------+----------+----+------+--------+-----------------------+-----------+----------------------------------------------------------------------------------------------+
; Total   ; Incr     ; RF ; Type ; Fanout ; Location              ; HS/LP     ; Element                                                                                      ;
+---------+----------+----+------+--------+-----------------------+-----------+----------------------------------------------------------------------------------------------+
; 0.000   ; 0.000    ;    ;      ;        ;                       ;           ; latch edge time                                                                              ;
; 4.733   ; 4.733    ;    ;      ;        ;                       ;           ; clock path                                                                                   ;
;   0.000 ;   0.000  ;    ;      ;        ;                       ;           ; source latency                                                                               ;
;   0.000 ;   0.000  ;    ;      ; 1      ; PIN_AH5               ;           ; QSFPA_REFCLK_p                                                                               ;
;   0.000 ;   0.000  ; RR ; IC   ; 1      ; IOIBUF_X224_Y13_N108  ;           ; QSFPA_REFCLK_p~input|i                                                                       ;
;   0.070 ;   0.070  ; RR ; CELL ; 1      ; IOIBUF_X224_Y13_N108  ;           ; QSFPA_REFCLK_p~input|o                                                                       ;
;   0.070 ;   0.000  ; RR ; IC   ; 1      ; HSSIREFCLKDIVIDER_4CT ;           ; QSFPA_REFCLK_p~inputFITTER_INSERTED|refclk_inp                                               ;
;   0.070 ;   0.000  ; RR ; CELL ; 3      ; HSSIREFCLKDIVIDER_4CT ;           ; QSFPA_REFCLK_p~inputFITTER_INSERTED|refclk_a                                                 ;
;   1.236 ;   1.166  ; RR ; CELL ; 1      ; HSSIREFCLKDIVIDER_4CT ;           ; QSFPA_REFCLK_p~inputFITTER_INSERTED~hssi_tile/ch4_pld_pma_fpll_fbclkout_lc_lvpecl_to_coreclk ;
;   1.236 ;   0.000  ; RR ; IC   ; 2      ; CLKCTRL_4C_G_I18      ;           ; QSFPA_REFCLK_p~inputFITTER_INSERTEDCLKENA0|inclk                                             ;
;   1.707 ;   0.471  ; RR ; CELL ; 1017   ; CLKCTRL_4C_G_I18      ;           ; QSFPA_REFCLK_p~inputFITTER_INSERTEDCLKENA0|outclk                                            ;
;   5.252 ;   3.545  ; RR ; IC   ; 1      ; FF_X146_Y43_N40       ; Low Power ; step6b_armed|clk                                                                             ;
;   5.252 ;   0.000  ; RR ; CELL ; 1      ; FF_X146_Y43_N40       ; Low Power ; step6b_armed                                                                                 ;
;   4.733 ;   -0.519 ;    ;      ;        ;                       ;           ; clock pessimism removed                                                                      ;
; 4.733   ; 0.000    ;    ;      ;        ;                       ;           ; clock uncertainty                                                                            ;
; 5.163   ; 0.430    ;    ; uTh  ; 1      ; FF_X146_Y43_N40       ;           ; step6b_armed                                                                                 ;
+---------+----------+----+------+--------+-----------------------+-----------+----------------------------------------------------------------------------------------------+

----------------------------
; Extra Fitter Information ;
----------------------------
HTML report is unavailable in plain text report export.


Path #4: Hold slack is 0.504 
===============================================================================
+------------------------------------+
; Path Summary                       ;
+--------------------+---------------+
; Property           ; Value         ;
+--------------------+---------------+
; From Node          ; step6b_armed  ;
; To Node            ; step6b_armed  ;
; Launch Clock       ; qsfp_ref_125m ;
; Latch Clock        ; qsfp_ref_125m ;
; Data Arrival Time  ; 5.667         ;
; Data Required Time ; 5.163         ;
; Slack              ; 0.504         ;
+--------------------+---------------+

+-----------------------------------------------------------------------------------+
; Statistics                                                                        ;
+------------------------+-------+-------+-------------+------------+-------+-------+
; Property               ; Value ; Count ; Total Delay ; % of Total ; Min   ; Max   ;
+------------------------+-------+-------+-------------+------------+-------+-------+
; Hold Relationship      ; 0.000 ;       ;             ;            ;       ;       ;
; Clock Skew             ; 0.002 ;       ;             ;            ;       ;       ;
; Data Delay             ; 0.936 ;       ;             ;            ;       ;       ;
; Number of Logic Levels ;       ; 1     ;             ;            ;       ;       ;
; Physical Delays        ;       ;       ;             ;            ;       ;       ;
;  Arrival Path          ;       ;       ;             ;            ;       ;       ;
;   Clock                ;       ;       ;             ;            ;       ;       ;
;    IC                  ;       ; 4     ; 3.289       ; 70         ; 0.000 ; 3.289 ;
;    Cell                ;       ; 5     ; 1.442       ; 30         ; 0.000 ; 0.974 ;
;   Data                 ;       ;       ;             ;            ;       ;       ;
;    IC                  ;       ; 1     ; 0.569       ; 61         ; 0.569 ; 0.569 ;
;    Cell                ;       ; 4     ; 0.182       ; 19         ; 0.000 ; 0.125 ;
;    uTco                ;       ; 1     ; 0.185       ; 20         ; 0.185 ; 0.185 ;
;  Required Path         ;       ;       ;             ;            ;       ;       ;
;   Clock                ;       ;       ;             ;            ;       ;       ;
;    IC                  ;       ; 4     ; 3.545       ; 67         ; 0.000 ; 3.545 ;
;    Cell                ;       ; 5     ; 1.707       ; 33         ; 0.000 ; 1.166 ;
+------------------------+-------+-------+-------------+------------+-------+-------+
Note: Negative delays are omitted from totals when calculating percentages

+---------------------------------------------------------------------------------------------------------------------------------------------------------------------------+
; Data Arrival Path                                                                                                                                                         ;
+---------+---------+----+------+--------+-----------------------+-----------+----------------------------------------------------------------------------------------------+
; Total   ; Incr    ; RF ; Type ; Fanout ; Location              ; HS/LP     ; Element                                                                                      ;
+---------+---------+----+------+--------+-----------------------+-----------+----------------------------------------------------------------------------------------------+
; 0.000   ; 0.000   ;    ;      ;        ;                       ;           ; launch edge time                                                                             ;
; 4.731   ; 4.731   ;    ;      ;        ;                       ;           ; clock path                                                                                   ;
;   0.000 ;   0.000 ;    ;      ;        ;                       ;           ; source latency                                                                               ;
;   0.000 ;   0.000 ;    ;      ; 1      ; PIN_AH5               ;           ; QSFPA_REFCLK_p                                                                               ;
;   0.000 ;   0.000 ; RR ; IC   ; 1      ; IOIBUF_X224_Y13_N108  ;           ; QSFPA_REFCLK_p~input|i                                                                       ;
;   0.070 ;   0.070 ; RR ; CELL ; 1      ; IOIBUF_X224_Y13_N108  ;           ; QSFPA_REFCLK_p~input|o                                                                       ;
;   0.070 ;   0.000 ; RR ; IC   ; 1      ; HSSIREFCLKDIVIDER_4CT ;           ; QSFPA_REFCLK_p~inputFITTER_INSERTED|refclk_inp                                               ;
;   0.070 ;   0.000 ; RR ; CELL ; 3      ; HSSIREFCLKDIVIDER_4CT ;           ; QSFPA_REFCLK_p~inputFITTER_INSERTED|refclk_a                                                 ;
;   1.044 ;   0.974 ; RR ; CELL ; 1      ; HSSIREFCLKDIVIDER_4CT ;           ; QSFPA_REFCLK_p~inputFITTER_INSERTED~hssi_tile/ch4_pld_pma_fpll_fbclkout_lc_lvpecl_to_coreclk ;
;   1.044 ;   0.000 ; RR ; IC   ; 2      ; CLKCTRL_4C_G_I18      ;           ; QSFPA_REFCLK_p~inputFITTER_INSERTEDCLKENA0|inclk                                             ;
;   1.442 ;   0.398 ; RR ; CELL ; 1017   ; CLKCTRL_4C_G_I18      ;           ; QSFPA_REFCLK_p~inputFITTER_INSERTEDCLKENA0|outclk                                            ;
;   4.731 ;   3.289 ; RR ; IC   ; 1      ; FF_X146_Y43_N40       ; Low Power ; step6b_armed|clk                                                                             ;
;   4.731 ;   0.000 ; RR ; CELL ; 1      ; FF_X146_Y43_N40       ; Low Power ; step6b_armed                                                                                 ;
; 5.667   ; 0.936   ;    ;      ;        ;                       ;           ; data path                                                                                    ;
;   4.916 ;   0.185 ; FF ; uTco ; 1      ; FF_X146_Y43_N40       ;           ; step6b_armed|q                                                                               ;
;   4.973 ;   0.057 ; FF ; CELL ; 4      ; FF_X146_Y43_N40       ; Low Power ; step6b_armed~la_mlab/laboutb[6]                                                              ;
;   5.542 ;   0.569 ; FF ; IC   ; 1      ; MLABCELL_X146_Y43_N39 ; Mixed     ; step6b_armed~0|datac                                                                         ;
;   5.667 ;   0.125 ; FF ; CELL ; 1      ; MLABCELL_X146_Y43_N39 ; Low Power ; step6b_armed~0|combout                                                                       ;
;   5.667 ;   0.000 ; FF ; CELL ; 1      ; FF_X146_Y43_N40       ; Low Power ; step6b_armed|d                                                                               ;
;   5.667 ;   0.000 ; FF ; CELL ; 1      ; FF_X146_Y43_N40       ; Low Power ; step6b_armed                                                                                 ;
+---------+---------+----+------+--------+-----------------------+-----------+----------------------------------------------------------------------------------------------+

+----------------------------------------------------------------------------------------------------------------------------------------------------------------------------+
; Data Required Path                                                                                                                                                         ;
+---------+----------+----+------+--------+-----------------------+-----------+----------------------------------------------------------------------------------------------+
; Total   ; Incr     ; RF ; Type ; Fanout ; Location              ; HS/LP     ; Element                                                                                      ;
+---------+----------+----+------+--------+-----------------------+-----------+----------------------------------------------------------------------------------------------+
; 0.000   ; 0.000    ;    ;      ;        ;                       ;           ; latch edge time                                                                              ;
; 4.733   ; 4.733    ;    ;      ;        ;                       ;           ; clock path                                                                                   ;
;   0.000 ;   0.000  ;    ;      ;        ;                       ;           ; source latency                                                                               ;
;   0.000 ;   0.000  ;    ;      ; 1      ; PIN_AH5               ;           ; QSFPA_REFCLK_p                                                                               ;
;   0.000 ;   0.000  ; RR ; IC   ; 1      ; IOIBUF_X224_Y13_N108  ;           ; QSFPA_REFCLK_p~input|i                                                                       ;
;   0.070 ;   0.070  ; RR ; CELL ; 1      ; IOIBUF_X224_Y13_N108  ;           ; QSFPA_REFCLK_p~input|o                                                                       ;
;   0.070 ;   0.000  ; RR ; IC   ; 1      ; HSSIREFCLKDIVIDER_4CT ;           ; QSFPA_REFCLK_p~inputFITTER_INSERTED|refclk_inp                                               ;
;   0.070 ;   0.000  ; RR ; CELL ; 3      ; HSSIREFCLKDIVIDER_4CT ;           ; QSFPA_REFCLK_p~inputFITTER_INSERTED|refclk_a                                                 ;
;   1.236 ;   1.166  ; RR ; CELL ; 1      ; HSSIREFCLKDIVIDER_4CT ;           ; QSFPA_REFCLK_p~inputFITTER_INSERTED~hssi_tile/ch4_pld_pma_fpll_fbclkout_lc_lvpecl_to_coreclk ;
;   1.236 ;   0.000  ; RR ; IC   ; 2      ; CLKCTRL_4C_G_I18      ;           ; QSFPA_REFCLK_p~inputFITTER_INSERTEDCLKENA0|inclk                                             ;
;   1.707 ;   0.471  ; RR ; CELL ; 1017   ; CLKCTRL_4C_G_I18      ;           ; QSFPA_REFCLK_p~inputFITTER_INSERTEDCLKENA0|outclk                                            ;
;   5.252 ;   3.545  ; RR ; IC   ; 1      ; FF_X146_Y43_N40       ; Low Power ; step6b_armed|clk                                                                             ;
;   5.252 ;   0.000  ; RR ; CELL ; 1      ; FF_X146_Y43_N40       ; Low Power ; step6b_armed                                                                                 ;
;   4.733 ;   -0.519 ;    ;      ;        ;                       ;           ; clock pessimism removed                                                                      ;
; 4.733   ; 0.000    ;    ;      ;        ;                       ;           ; clock uncertainty                                                                            ;
; 5.163   ; 0.430    ;    ; uTh  ; 1      ; FF_X146_Y43_N40       ;           ; step6b_armed                                                                                 ;
+---------+----------+----+------+--------+-----------------------+-----------+----------------------------------------------------------------------------------------------+

----------------------------
; Extra Fitter Information ;
----------------------------
HTML report is unavailable in plain text report export.


Path #5: Hold slack is 0.919 
===============================================================================
+----------------------------------------------------+
; Path Summary                                       ;
+--------------------+-------------------------------+
; Property           ; Value                         ;
+--------------------+-------------------------------+
; From Node          ; step6b_target_tai_latched[34] ;
; To Node            ; step6b_armed                  ;
; Launch Clock       ; qsfp_ref_125m                 ;
; Latch Clock        ; qsfp_ref_125m                 ;
; Data Arrival Time  ; 6.132                         ;
; Data Required Time ; 5.213                         ;
; Slack              ; 0.919                         ;
+--------------------+-------------------------------+

+-----------------------------------------------------------------------------------+
; Statistics                                                                        ;
+------------------------+-------+-------+-------------+------------+-------+-------+
; Property               ; Value ; Count ; Total Delay ; % of Total ; Min   ; Max   ;
+------------------------+-------+-------+-------------+------------+-------+-------+
; Hold Relationship      ; 0.000 ;       ;             ;            ;       ;       ;
; Clock Skew             ; 0.031 ;       ;             ;            ;       ;       ;
; Data Delay             ; 1.382 ;       ;             ;            ;       ;       ;
; Number of Logic Levels ;       ; 4     ;             ;            ;       ;       ;
; Physical Delays        ;       ;       ;             ;            ;       ;       ;
;  Arrival Path          ;       ;       ;             ;            ;       ;       ;
;   Clock                ;       ;       ;             ;            ;       ;       ;
;    IC                  ;       ; 4     ; 3.308       ; 70         ; 0.000 ; 3.308 ;
;    Cell                ;       ; 5     ; 1.442       ; 30         ; 0.000 ; 0.974 ;
;   Data                 ;       ;       ;             ;            ;       ;       ;
;    IC                  ;       ; 4     ; 0.796       ; 58         ; 0.139 ; 0.356 ;
;    Cell                ;       ; 10    ; 0.406       ; 29         ; 0.000 ; 0.174 ;
;    uTco                ;       ; 1     ; 0.180       ; 13         ; 0.180 ; 0.180 ;
;  Required Path         ;       ;       ;             ;            ;       ;       ;
;   Clock                ;       ;       ;             ;            ;       ;       ;
;    IC                  ;       ; 4     ; 3.545       ; 67         ; 0.000 ; 3.545 ;
;    Cell                ;       ; 5     ; 1.707       ; 33         ; 0.000 ; 1.166 ;
+------------------------+-------+-------+-------------+------------+-------+-------+
Note: Negative delays are omitted from totals when calculating percentages

+---------------------------------------------------------------------------------------------------------------------------------------------------------------------------+
; Data Arrival Path                                                                                                                                                         ;
+---------+---------+----+------+--------+-----------------------+-----------+----------------------------------------------------------------------------------------------+
; Total   ; Incr    ; RF ; Type ; Fanout ; Location              ; HS/LP     ; Element                                                                                      ;
+---------+---------+----+------+--------+-----------------------+-----------+----------------------------------------------------------------------------------------------+
; 0.000   ; 0.000   ;    ;      ;        ;                       ;           ; launch edge time                                                                             ;
; 4.750   ; 4.750   ;    ;      ;        ;                       ;           ; clock path                                                                                   ;
;   0.000 ;   0.000 ;    ;      ;        ;                       ;           ; source latency                                                                               ;
;   0.000 ;   0.000 ;    ;      ; 1      ; PIN_AH5               ;           ; QSFPA_REFCLK_p                                                                               ;
;   0.000 ;   0.000 ; RR ; IC   ; 1      ; IOIBUF_X224_Y13_N108  ;           ; QSFPA_REFCLK_p~input|i                                                                       ;
;   0.070 ;   0.070 ; RR ; CELL ; 1      ; IOIBUF_X224_Y13_N108  ;           ; QSFPA_REFCLK_p~input|o                                                                       ;
;   0.070 ;   0.000 ; RR ; IC   ; 1      ; HSSIREFCLKDIVIDER_4CT ;           ; QSFPA_REFCLK_p~inputFITTER_INSERTED|refclk_inp                                               ;
;   0.070 ;   0.000 ; RR ; CELL ; 3      ; HSSIREFCLKDIVIDER_4CT ;           ; QSFPA_REFCLK_p~inputFITTER_INSERTED|refclk_a                                                 ;
;   1.044 ;   0.974 ; RR ; CELL ; 1      ; HSSIREFCLKDIVIDER_4CT ;           ; QSFPA_REFCLK_p~inputFITTER_INSERTED~hssi_tile/ch4_pld_pma_fpll_fbclkout_lc_lvpecl_to_coreclk ;
;   1.044 ;   0.000 ; RR ; IC   ; 2      ; CLKCTRL_4C_G_I18      ;           ; QSFPA_REFCLK_p~inputFITTER_INSERTEDCLKENA0|inclk                                             ;
;   1.442 ;   0.398 ; RR ; CELL ; 1017   ; CLKCTRL_4C_G_I18      ;           ; QSFPA_REFCLK_p~inputFITTER_INSERTEDCLKENA0|outclk                                            ;
;   4.750 ;   3.308 ; RR ; IC   ; 1      ; FF_X149_Y42_N22       ; Low Power ; step6b_target_tai_latched[34]|clk                                                            ;
;   4.750 ;   0.000 ; RR ; CELL ; 1      ; FF_X149_Y42_N22       ; Low Power ; step6b_target_tai_latched[34]                                                                ;
; 6.132   ; 1.382   ;    ;      ;        ;                       ;           ; data path                                                                                    ;
;   4.930 ;   0.180 ; FF ; uTco ; 1      ; FF_X149_Y42_N22       ;           ; step6b_target_tai_latched[34]|q                                                              ;
;   4.991 ;   0.061 ; FF ; CELL ; 2      ; FF_X149_Y42_N22       ; Low Power ; step6b_target_tai_latched[34]~la_lab/laboutt[14]                                             ;
;   5.134 ;   0.143 ; FF ; IC   ; 1      ; LABCELL_X149_Y42_N21  ; Low Power ; p_step6b_scheduler~8|dataf                                                                   ;
;   5.165 ;   0.031 ; FF ; CELL ; 1      ; LABCELL_X149_Y42_N21  ; Low Power ; p_step6b_scheduler~8|combout                                                                 ;
;   5.167 ;   0.002 ; FF ; CELL ; 1      ; LABCELL_X149_Y42_N21  ; Low Power ; p_step6b_scheduler~8~la_lab/laboutt[15]                                                      ;
;   5.306 ;   0.139 ; FF ; IC   ; 1      ; LABCELL_X149_Y42_N33  ; Low Power ; p_step6b_scheduler~9|dataf                                                                   ;
;   5.338 ;   0.032 ; FF ; CELL ; 1      ; LABCELL_X149_Y42_N33  ; Low Power ; p_step6b_scheduler~9|combout                                                                 ;
;   5.340 ;   0.002 ; FF ; CELL ; 4      ; LABCELL_X149_Y42_N33  ; Low Power ; p_step6b_scheduler~9~la_lab/laboutb[3]                                                       ;
;   5.696 ;   0.356 ; FF ; IC   ; 1      ; MLABCELL_X146_Y43_N12 ; Low Power ; p_step6b_scheduler~25|datad                                                                  ;
;   5.797 ;   0.101 ; FF ; CELL ; 1      ; MLABCELL_X146_Y43_N12 ; Low Power ; p_step6b_scheduler~25|combout                                                                ;
;   5.800 ;   0.003 ; FF ; CELL ; 2      ; MLABCELL_X146_Y43_N12 ; Low Power ; p_step6b_scheduler~25~la_mlab/laboutt[9]                                                     ;
;   5.958 ;   0.158 ; FF ; IC   ; 1      ; MLABCELL_X146_Y43_N39 ; Low Power ; step6b_armed~0|datab                                                                         ;
;   6.132 ;   0.174 ; FR ; CELL ; 1      ; MLABCELL_X146_Y43_N39 ; Low Power ; step6b_armed~0|combout                                                                       ;
;   6.132 ;   0.000 ; RR ; CELL ; 1      ; FF_X146_Y43_N40       ; Low Power ; step6b_armed|d                                                                               ;
;   6.132 ;   0.000 ; RR ; CELL ; 1      ; FF_X146_Y43_N40       ; Low Power ; step6b_armed                                                                                 ;
+---------+---------+----+------+--------+-----------------------+-----------+----------------------------------------------------------------------------------------------+

+----------------------------------------------------------------------------------------------------------------------------------------------------------------------------+
; Data Required Path                                                                                                                                                         ;
+---------+----------+----+------+--------+-----------------------+-----------+----------------------------------------------------------------------------------------------+
; Total   ; Incr     ; RF ; Type ; Fanout ; Location              ; HS/LP     ; Element                                                                                      ;
+---------+----------+----+------+--------+-----------------------+-----------+----------------------------------------------------------------------------------------------+
; 0.000   ; 0.000    ;    ;      ;        ;                       ;           ; latch edge time                                                                              ;
; 4.781   ; 4.781    ;    ;      ;        ;                       ;           ; clock path                                                                                   ;
;   0.000 ;   0.000  ;    ;      ;        ;                       ;           ; source latency                                                                               ;
;   0.000 ;   0.000  ;    ;      ; 1      ; PIN_AH5               ;           ; QSFPA_REFCLK_p                                                                               ;
;   0.000 ;   0.000  ; RR ; IC   ; 1      ; IOIBUF_X224_Y13_N108  ;           ; QSFPA_REFCLK_p~input|i                                                                       ;
;   0.070 ;   0.070  ; RR ; CELL ; 1      ; IOIBUF_X224_Y13_N108  ;           ; QSFPA_REFCLK_p~input|o                                                                       ;
;   0.070 ;   0.000  ; RR ; IC   ; 1      ; HSSIREFCLKDIVIDER_4CT ;           ; QSFPA_REFCLK_p~inputFITTER_INSERTED|refclk_inp                                               ;
;   0.070 ;   0.000  ; RR ; CELL ; 3      ; HSSIREFCLKDIVIDER_4CT ;           ; QSFPA_REFCLK_p~inputFITTER_INSERTED|refclk_a                                                 ;
;   1.236 ;   1.166  ; RR ; CELL ; 1      ; HSSIREFCLKDIVIDER_4CT ;           ; QSFPA_REFCLK_p~inputFITTER_INSERTED~hssi_tile/ch4_pld_pma_fpll_fbclkout_lc_lvpecl_to_coreclk ;
;   1.236 ;   0.000  ; RR ; IC   ; 2      ; CLKCTRL_4C_G_I18      ;           ; QSFPA_REFCLK_p~inputFITTER_INSERTEDCLKENA0|inclk                                             ;
;   1.707 ;   0.471  ; RR ; CELL ; 1017   ; CLKCTRL_4C_G_I18      ;           ; QSFPA_REFCLK_p~inputFITTER_INSERTEDCLKENA0|outclk                                            ;
;   5.252 ;   3.545  ; RR ; IC   ; 1      ; FF_X146_Y43_N40       ; Low Power ; step6b_armed|clk                                                                             ;
;   5.252 ;   0.000  ; RR ; CELL ; 1      ; FF_X146_Y43_N40       ; Low Power ; step6b_armed                                                                                 ;
;   4.781 ;   -0.471 ;    ;      ;        ;                       ;           ; clock pessimism removed                                                                      ;
; 4.781   ; 0.000    ;    ;      ;        ;                       ;           ; clock uncertainty                                                                            ;
; 5.213   ; 0.432    ;    ; uTh  ; 1      ; FF_X146_Y43_N40       ;           ; step6b_armed                                                                                 ;
+---------+----------+----+------+--------+-----------------------+-----------+----------------------------------------------------------------------------------------------+

----------------------------
; Extra Fitter Information ;
----------------------------
HTML report is unavailable in plain text report export.


Path #6: Hold slack is 0.947 
===============================================================================
+----------------------------------------------------+
; Path Summary                                       ;
+--------------------+-------------------------------+
; Property           ; Value                         ;
+--------------------+-------------------------------+
; From Node          ; step6b_target_tai_latched[37] ;
; To Node            ; step6b_armed                  ;
; Launch Clock       ; qsfp_ref_125m                 ;
; Latch Clock        ; qsfp_ref_125m                 ;
; Data Arrival Time  ; 6.160                         ;
; Data Required Time ; 5.213                         ;
; Slack              ; 0.947                         ;
+--------------------+-------------------------------+

+-----------------------------------------------------------------------------------+
; Statistics                                                                        ;
+------------------------+-------+-------+-------------+------------+-------+-------+
; Property               ; Value ; Count ; Total Delay ; % of Total ; Min   ; Max   ;
+------------------------+-------+-------+-------------+------------+-------+-------+
; Hold Relationship      ; 0.000 ;       ;             ;            ;       ;       ;
; Clock Skew             ; 0.031 ;       ;             ;            ;       ;       ;
; Data Delay             ; 1.410 ;       ;             ;            ;       ;       ;
; Number of Logic Levels ;       ; 3     ;             ;            ;       ;       ;
; Physical Delays        ;       ;       ;             ;            ;       ;       ;
;  Arrival Path          ;       ;       ;             ;            ;       ;       ;
;   Clock                ;       ;       ;             ;            ;       ;       ;
;    IC                  ;       ; 4     ; 3.308       ; 70         ; 0.000 ; 3.308 ;
;    Cell                ;       ; 5     ; 1.442       ; 30         ; 0.000 ; 0.974 ;
;   Data                 ;       ;       ;             ;            ;       ;       ;
;    IC                  ;       ; 3     ; 0.702       ; 50         ; 0.158 ; 0.356 ;
;    Cell                ;       ; 8     ; 0.527       ; 37         ; 0.000 ; 0.174 ;
;    uTco                ;       ; 1     ; 0.181       ; 13         ; 0.181 ; 0.181 ;
;  Required Path         ;       ;       ;             ;            ;       ;       ;
;   Clock                ;       ;       ;             ;            ;       ;       ;
;    IC                  ;       ; 4     ; 3.545       ; 67         ; 0.000 ; 3.545 ;
;    Cell                ;       ; 5     ; 1.707       ; 33         ; 0.000 ; 1.166 ;
+------------------------+-------+-------+-------------+------------+-------+-------+
Note: Negative delays are omitted from totals when calculating percentages

+---------------------------------------------------------------------------------------------------------------------------------------------------------------------------+
; Data Arrival Path                                                                                                                                                         ;
+---------+---------+----+------+--------+-----------------------+-----------+----------------------------------------------------------------------------------------------+
; Total   ; Incr    ; RF ; Type ; Fanout ; Location              ; HS/LP     ; Element                                                                                      ;
+---------+---------+----+------+--------+-----------------------+-----------+----------------------------------------------------------------------------------------------+
; 0.000   ; 0.000   ;    ;      ;        ;                       ;           ; launch edge time                                                                             ;
; 4.750   ; 4.750   ;    ;      ;        ;                       ;           ; clock path                                                                                   ;
;   0.000 ;   0.000 ;    ;      ;        ;                       ;           ; source latency                                                                               ;
;   0.000 ;   0.000 ;    ;      ; 1      ; PIN_AH5               ;           ; QSFPA_REFCLK_p                                                                               ;
;   0.000 ;   0.000 ; RR ; IC   ; 1      ; IOIBUF_X224_Y13_N108  ;           ; QSFPA_REFCLK_p~input|i                                                                       ;
;   0.070 ;   0.070 ; RR ; CELL ; 1      ; IOIBUF_X224_Y13_N108  ;           ; QSFPA_REFCLK_p~input|o                                                                       ;
;   0.070 ;   0.000 ; RR ; IC   ; 1      ; HSSIREFCLKDIVIDER_4CT ;           ; QSFPA_REFCLK_p~inputFITTER_INSERTED|refclk_inp                                               ;
;   0.070 ;   0.000 ; RR ; CELL ; 3      ; HSSIREFCLKDIVIDER_4CT ;           ; QSFPA_REFCLK_p~inputFITTER_INSERTED|refclk_a                                                 ;
;   1.044 ;   0.974 ; RR ; CELL ; 1      ; HSSIREFCLKDIVIDER_4CT ;           ; QSFPA_REFCLK_p~inputFITTER_INSERTED~hssi_tile/ch4_pld_pma_fpll_fbclkout_lc_lvpecl_to_coreclk ;
;   1.044 ;   0.000 ; RR ; IC   ; 2      ; CLKCTRL_4C_G_I18      ;           ; QSFPA_REFCLK_p~inputFITTER_INSERTEDCLKENA0|inclk                                             ;
;   1.442 ;   0.398 ; RR ; CELL ; 1017   ; CLKCTRL_4C_G_I18      ;           ; QSFPA_REFCLK_p~inputFITTER_INSERTEDCLKENA0|outclk                                            ;
;   4.750 ;   3.308 ; RR ; IC   ; 1      ; FF_X149_Y42_N31       ; Low Power ; step6b_target_tai_latched[37]|clk                                                            ;
;   4.750 ;   0.000 ; RR ; CELL ; 1      ; FF_X149_Y42_N31       ; Low Power ; step6b_target_tai_latched[37]                                                                ;
; 6.160   ; 1.410   ;    ;      ;        ;                       ;           ; data path                                                                                    ;
;   4.931 ;   0.181 ; FF ; uTco ; 1      ; FF_X149_Y42_N31       ;           ; step6b_target_tai_latched[37]|q                                                              ;
;   5.024 ;   0.093 ; FF ; CELL ; 2      ; FF_X149_Y42_N31       ; Low Power ; step6b_target_tai_latched[37]~la_lab/laboutb[0]                                              ;
;   5.212 ;   0.188 ; FF ; IC   ; 1      ; LABCELL_X149_Y42_N33  ; Low Power ; p_step6b_scheduler~9|dataa                                                                   ;
;   5.366 ;   0.154 ; FF ; CELL ; 1      ; LABCELL_X149_Y42_N33  ; Low Power ; p_step6b_scheduler~9|combout                                                                 ;
;   5.368 ;   0.002 ; FF ; CELL ; 4      ; LABCELL_X149_Y42_N33  ; Low Power ; p_step6b_scheduler~9~la_lab/laboutb[3]                                                       ;
;   5.724 ;   0.356 ; FF ; IC   ; 1      ; MLABCELL_X146_Y43_N12 ; Low Power ; p_step6b_scheduler~25|datad                                                                  ;
;   5.825 ;   0.101 ; FF ; CELL ; 1      ; MLABCELL_X146_Y43_N12 ; Low Power ; p_step6b_scheduler~25|combout                                                                ;
;   5.828 ;   0.003 ; FF ; CELL ; 2      ; MLABCELL_X146_Y43_N12 ; Low Power ; p_step6b_scheduler~25~la_mlab/laboutt[9]                                                     ;
;   5.986 ;   0.158 ; FF ; IC   ; 1      ; MLABCELL_X146_Y43_N39 ; Low Power ; step6b_armed~0|datab                                                                         ;
;   6.160 ;   0.174 ; FR ; CELL ; 1      ; MLABCELL_X146_Y43_N39 ; Low Power ; step6b_armed~0|combout                                                                       ;
;   6.160 ;   0.000 ; RR ; CELL ; 1      ; FF_X146_Y43_N40       ; Low Power ; step6b_armed|d                                                                               ;
;   6.160 ;   0.000 ; RR ; CELL ; 1      ; FF_X146_Y43_N40       ; Low Power ; step6b_armed                                                                                 ;
+---------+---------+----+------+--------+-----------------------+-----------+----------------------------------------------------------------------------------------------+

+----------------------------------------------------------------------------------------------------------------------------------------------------------------------------+
; Data Required Path                                                                                                                                                         ;
+---------+----------+----+------+--------+-----------------------+-----------+----------------------------------------------------------------------------------------------+
; Total   ; Incr     ; RF ; Type ; Fanout ; Location              ; HS/LP     ; Element                                                                                      ;
+---------+----------+----+------+--------+-----------------------+-----------+----------------------------------------------------------------------------------------------+
; 0.000   ; 0.000    ;    ;      ;        ;                       ;           ; latch edge time                                                                              ;
; 4.781   ; 4.781    ;    ;      ;        ;                       ;           ; clock path                                                                                   ;
;   0.000 ;   0.000  ;    ;      ;        ;                       ;           ; source latency                                                                               ;
;   0.000 ;   0.000  ;    ;      ; 1      ; PIN_AH5               ;           ; QSFPA_REFCLK_p                                                                               ;
;   0.000 ;   0.000  ; RR ; IC   ; 1      ; IOIBUF_X224_Y13_N108  ;           ; QSFPA_REFCLK_p~input|i                                                                       ;
;   0.070 ;   0.070  ; RR ; CELL ; 1      ; IOIBUF_X224_Y13_N108  ;           ; QSFPA_REFCLK_p~input|o                                                                       ;
;   0.070 ;   0.000  ; RR ; IC   ; 1      ; HSSIREFCLKDIVIDER_4CT ;           ; QSFPA_REFCLK_p~inputFITTER_INSERTED|refclk_inp                                               ;
;   0.070 ;   0.000  ; RR ; CELL ; 3      ; HSSIREFCLKDIVIDER_4CT ;           ; QSFPA_REFCLK_p~inputFITTER_INSERTED|refclk_a                                                 ;
;   1.236 ;   1.166  ; RR ; CELL ; 1      ; HSSIREFCLKDIVIDER_4CT ;           ; QSFPA_REFCLK_p~inputFITTER_INSERTED~hssi_tile/ch4_pld_pma_fpll_fbclkout_lc_lvpecl_to_coreclk ;
;   1.236 ;   0.000  ; RR ; IC   ; 2      ; CLKCTRL_4C_G_I18      ;           ; QSFPA_REFCLK_p~inputFITTER_INSERTEDCLKENA0|inclk                                             ;
;   1.707 ;   0.471  ; RR ; CELL ; 1017   ; CLKCTRL_4C_G_I18      ;           ; QSFPA_REFCLK_p~inputFITTER_INSERTEDCLKENA0|outclk                                            ;
;   5.252 ;   3.545  ; RR ; IC   ; 1      ; FF_X146_Y43_N40       ; Low Power ; step6b_armed|clk                                                                             ;
;   5.252 ;   0.000  ; RR ; CELL ; 1      ; FF_X146_Y43_N40       ; Low Power ; step6b_armed                                                                                 ;
;   4.781 ;   -0.471 ;    ;      ;        ;                       ;           ; clock pessimism removed                                                                      ;
; 4.781   ; 0.000    ;    ;      ;        ;                       ;           ; clock uncertainty                                                                            ;
; 5.213   ; 0.432    ;    ; uTh  ; 1      ; FF_X146_Y43_N40       ;           ; step6b_armed                                                                                 ;
+---------+----------+----+------+--------+-----------------------+-----------+----------------------------------------------------------------------------------------------+

----------------------------
; Extra Fitter Information ;
----------------------------
HTML report is unavailable in plain text report export.


Path #7: Hold slack is 0.970 
===============================================================================
+----------------------------------------------------+
; Path Summary                                       ;
+--------------------+-------------------------------+
; Property           ; Value                         ;
+--------------------+-------------------------------+
; From Node          ; step6b_target_tai_latched[39] ;
; To Node            ; step6b_armed                  ;
; Launch Clock       ; qsfp_ref_125m                 ;
; Latch Clock        ; qsfp_ref_125m                 ;
; Data Arrival Time  ; 6.183                         ;
; Data Required Time ; 5.213                         ;
; Slack              ; 0.970                         ;
+--------------------+-------------------------------+

+-----------------------------------------------------------------------------------+
; Statistics                                                                        ;
+------------------------+-------+-------+-------------+------------+-------+-------+
; Property               ; Value ; Count ; Total Delay ; % of Total ; Min   ; Max   ;
+------------------------+-------+-------+-------------+------------+-------+-------+
; Hold Relationship      ; 0.000 ;       ;             ;            ;       ;       ;
; Clock Skew             ; 0.031 ;       ;             ;            ;       ;       ;
; Data Delay             ; 1.433 ;       ;             ;            ;       ;       ;
; Number of Logic Levels ;       ; 3     ;             ;            ;       ;       ;
; Physical Delays        ;       ;       ;             ;            ;       ;       ;
;  Arrival Path          ;       ;       ;             ;            ;       ;       ;
;   Clock                ;       ;       ;             ;            ;       ;       ;
;    IC                  ;       ; 4     ; 3.308       ; 70         ; 0.000 ; 3.308 ;
;    Cell                ;       ; 5     ; 1.442       ; 30         ; 0.000 ; 0.974 ;
;   Data                 ;       ;       ;             ;            ;       ;       ;
;    IC                  ;       ; 3     ; 0.729       ; 51         ; 0.158 ; 0.315 ;
;    Cell                ;       ; 8     ; 0.523       ; 36         ; 0.000 ; 0.174 ;
;    uTco                ;       ; 1     ; 0.181       ; 13         ; 0.181 ; 0.181 ;
;  Required Path         ;       ;       ;             ;            ;       ;       ;
;   Clock                ;       ;       ;             ;            ;       ;       ;
;    IC                  ;       ; 4     ; 3.545       ; 67         ; 0.000 ; 3.545 ;
;    Cell                ;       ; 5     ; 1.707       ; 33         ; 0.000 ; 1.166 ;
+------------------------+-------+-------+-------------+------------+-------+-------+
Note: Negative delays are omitted from totals when calculating percentages

+----------------------------------------------------------------------------------------------------------------------------------------------------------------------------+
; Data Arrival Path                                                                                                                                                          ;
+---------+---------+----+------+--------+-----------------------+------------+----------------------------------------------------------------------------------------------+
; Total   ; Incr    ; RF ; Type ; Fanout ; Location              ; HS/LP      ; Element                                                                                      ;
+---------+---------+----+------+--------+-----------------------+------------+----------------------------------------------------------------------------------------------+
; 0.000   ; 0.000   ;    ;      ;        ;                       ;            ; launch edge time                                                                             ;
; 4.750   ; 4.750   ;    ;      ;        ;                       ;            ; clock path                                                                                   ;
;   0.000 ;   0.000 ;    ;      ;        ;                       ;            ; source latency                                                                               ;
;   0.000 ;   0.000 ;    ;      ; 1      ; PIN_AH5               ;            ; QSFPA_REFCLK_p                                                                               ;
;   0.000 ;   0.000 ; RR ; IC   ; 1      ; IOIBUF_X224_Y13_N108  ;            ; QSFPA_REFCLK_p~input|i                                                                       ;
;   0.070 ;   0.070 ; RR ; CELL ; 1      ; IOIBUF_X224_Y13_N108  ;            ; QSFPA_REFCLK_p~input|o                                                                       ;
;   0.070 ;   0.000 ; RR ; IC   ; 1      ; HSSIREFCLKDIVIDER_4CT ;            ; QSFPA_REFCLK_p~inputFITTER_INSERTED|refclk_inp                                               ;
;   0.070 ;   0.000 ; RR ; CELL ; 3      ; HSSIREFCLKDIVIDER_4CT ;            ; QSFPA_REFCLK_p~inputFITTER_INSERTED|refclk_a                                                 ;
;   1.044 ;   0.974 ; RR ; CELL ; 1      ; HSSIREFCLKDIVIDER_4CT ;            ; QSFPA_REFCLK_p~inputFITTER_INSERTED~hssi_tile/ch4_pld_pma_fpll_fbclkout_lc_lvpecl_to_coreclk ;
;   1.044 ;   0.000 ; RR ; IC   ; 2      ; CLKCTRL_4C_G_I18      ;            ; QSFPA_REFCLK_p~inputFITTER_INSERTEDCLKENA0|inclk                                             ;
;   1.442 ;   0.398 ; RR ; CELL ; 1017   ; CLKCTRL_4C_G_I18      ;            ; QSFPA_REFCLK_p~inputFITTER_INSERTEDCLKENA0|outclk                                            ;
;   4.750 ;   3.308 ; RR ; IC   ; 1      ; FF_X149_Y42_N5        ; Low Power  ; step6b_target_tai_latched[39]|clk                                                            ;
;   4.750 ;   0.000 ; RR ; CELL ; 1      ; FF_X149_Y42_N5        ; Low Power  ; step6b_target_tai_latched[39]                                                                ;
; 6.183   ; 1.433   ;    ;      ;        ;                       ;            ; data path                                                                                    ;
;   4.931 ;   0.181 ; FF ; uTco ; 1      ; FF_X149_Y42_N5        ;            ; step6b_target_tai_latched[39]|q                                                              ;
;   5.029 ;   0.098 ; FF ; CELL ; 2      ; FF_X149_Y42_N5        ; Low Power  ; step6b_target_tai_latched[39]~la_lab/laboutt[3]                                              ;
;   5.344 ;   0.315 ; FF ; IC   ; 1      ; LABCELL_X147_Y41_N54  ; Mixed      ; p_step6b_scheduler~3|datac                                                                   ;
;   5.438 ;   0.094 ; FF ; CELL ; 1      ; LABCELL_X147_Y41_N54  ; High Speed ; p_step6b_scheduler~3|combout                                                                 ;
;   5.440 ;   0.002 ; FF ; CELL ; 4      ; LABCELL_X147_Y41_N54  ; High Speed ; p_step6b_scheduler~3~la_lab/laboutb[17]                                                      ;
;   5.696 ;   0.256 ; FF ; IC   ; 1      ; MLABCELL_X146_Y43_N12 ; Mixed      ; p_step6b_scheduler~25|datab                                                                  ;
;   5.848 ;   0.152 ; FF ; CELL ; 1      ; MLABCELL_X146_Y43_N12 ; Low Power  ; p_step6b_scheduler~25|combout                                                                ;
;   5.851 ;   0.003 ; FF ; CELL ; 2      ; MLABCELL_X146_Y43_N12 ; Low Power  ; p_step6b_scheduler~25~la_mlab/laboutt[9]                                                     ;
;   6.009 ;   0.158 ; FF ; IC   ; 1      ; MLABCELL_X146_Y43_N39 ; Low Power  ; step6b_armed~0|datab                                                                         ;
;   6.183 ;   0.174 ; FR ; CELL ; 1      ; MLABCELL_X146_Y43_N39 ; Low Power  ; step6b_armed~0|combout                                                                       ;
;   6.183 ;   0.000 ; RR ; CELL ; 1      ; FF_X146_Y43_N40       ; Low Power  ; step6b_armed|d                                                                               ;
;   6.183 ;   0.000 ; RR ; CELL ; 1      ; FF_X146_Y43_N40       ; Low Power  ; step6b_armed                                                                                 ;
+---------+---------+----+------+--------+-----------------------+------------+----------------------------------------------------------------------------------------------+

+----------------------------------------------------------------------------------------------------------------------------------------------------------------------------+
; Data Required Path                                                                                                                                                         ;
+---------+----------+----+------+--------+-----------------------+-----------+----------------------------------------------------------------------------------------------+
; Total   ; Incr     ; RF ; Type ; Fanout ; Location              ; HS/LP     ; Element                                                                                      ;
+---------+----------+----+------+--------+-----------------------+-----------+----------------------------------------------------------------------------------------------+
; 0.000   ; 0.000    ;    ;      ;        ;                       ;           ; latch edge time                                                                              ;
; 4.781   ; 4.781    ;    ;      ;        ;                       ;           ; clock path                                                                                   ;
;   0.000 ;   0.000  ;    ;      ;        ;                       ;           ; source latency                                                                               ;
;   0.000 ;   0.000  ;    ;      ; 1      ; PIN_AH5               ;           ; QSFPA_REFCLK_p                                                                               ;
;   0.000 ;   0.000  ; RR ; IC   ; 1      ; IOIBUF_X224_Y13_N108  ;           ; QSFPA_REFCLK_p~input|i                                                                       ;
;   0.070 ;   0.070  ; RR ; CELL ; 1      ; IOIBUF_X224_Y13_N108  ;           ; QSFPA_REFCLK_p~input|o                                                                       ;
;   0.070 ;   0.000  ; RR ; IC   ; 1      ; HSSIREFCLKDIVIDER_4CT ;           ; QSFPA_REFCLK_p~inputFITTER_INSERTED|refclk_inp                                               ;
;   0.070 ;   0.000  ; RR ; CELL ; 3      ; HSSIREFCLKDIVIDER_4CT ;           ; QSFPA_REFCLK_p~inputFITTER_INSERTED|refclk_a                                                 ;
;   1.236 ;   1.166  ; RR ; CELL ; 1      ; HSSIREFCLKDIVIDER_4CT ;           ; QSFPA_REFCLK_p~inputFITTER_INSERTED~hssi_tile/ch4_pld_pma_fpll_fbclkout_lc_lvpecl_to_coreclk ;
;   1.236 ;   0.000  ; RR ; IC   ; 2      ; CLKCTRL_4C_G_I18      ;           ; QSFPA_REFCLK_p~inputFITTER_INSERTEDCLKENA0|inclk                                             ;
;   1.707 ;   0.471  ; RR ; CELL ; 1017   ; CLKCTRL_4C_G_I18      ;           ; QSFPA_REFCLK_p~inputFITTER_INSERTEDCLKENA0|outclk                                            ;
;   5.252 ;   3.545  ; RR ; IC   ; 1      ; FF_X146_Y43_N40       ; Low Power ; step6b_armed|clk                                                                             ;
;   5.252 ;   0.000  ; RR ; CELL ; 1      ; FF_X146_Y43_N40       ; Low Power ; step6b_armed                                                                                 ;
;   4.781 ;   -0.471 ;    ;      ;        ;                       ;           ; clock pessimism removed                                                                      ;
; 4.781   ; 0.000    ;    ;      ;        ;                       ;           ; clock uncertainty                                                                            ;
; 5.213   ; 0.432    ;    ; uTh  ; 1      ; FF_X146_Y43_N40       ;           ; step6b_armed                                                                                 ;
+---------+----------+----+------+--------+-----------------------+-----------+----------------------------------------------------------------------------------------------+

----------------------------
; Extra Fitter Information ;
----------------------------
HTML report is unavailable in plain text report export.


Path #8: Hold slack is 0.976 
===============================================================================
+----------------------------------------------------+
; Path Summary                                       ;
+--------------------+-------------------------------+
; Property           ; Value                         ;
+--------------------+-------------------------------+
; From Node          ; step6b_target_tai_latched[38] ;
; To Node            ; step6b_armed                  ;
; Launch Clock       ; qsfp_ref_125m                 ;
; Latch Clock        ; qsfp_ref_125m                 ;
; Data Arrival Time  ; 6.189                         ;
; Data Required Time ; 5.213                         ;
; Slack              ; 0.976                         ;
+--------------------+-------------------------------+

+-----------------------------------------------------------------------------------+
; Statistics                                                                        ;
+------------------------+-------+-------+-------------+------------+-------+-------+
; Property               ; Value ; Count ; Total Delay ; % of Total ; Min   ; Max   ;
+------------------------+-------+-------+-------------+------------+-------+-------+
; Hold Relationship      ; 0.000 ;       ;             ;            ;       ;       ;
; Clock Skew             ; 0.068 ;       ;             ;            ;       ;       ;
; Data Delay             ; 1.476 ;       ;             ;            ;       ;       ;
; Number of Logic Levels ;       ; 3     ;             ;            ;       ;       ;
; Physical Delays        ;       ;       ;             ;            ;       ;       ;
;  Arrival Path          ;       ;       ;             ;            ;       ;       ;
;   Clock                ;       ;       ;             ;            ;       ;       ;
;    IC                  ;       ; 4     ; 3.271       ; 69         ; 0.000 ; 3.271 ;
;    Cell                ;       ; 5     ; 1.442       ; 31         ; 0.000 ; 0.974 ;
;   Data                 ;       ;       ;             ;            ;       ;       ;
;    IC                  ;       ; 3     ; 0.786       ; 53         ; 0.158 ; 0.372 ;
;    Cell                ;       ; 8     ; 0.530       ; 36         ; 0.000 ; 0.174 ;
;    uTco                ;       ; 1     ; 0.160       ; 11         ; 0.160 ; 0.160 ;
;  Required Path         ;       ;       ;             ;            ;       ;       ;
;   Clock                ;       ;       ;             ;            ;       ;       ;
;    IC                  ;       ; 4     ; 3.545       ; 67         ; 0.000 ; 3.545 ;
;    Cell                ;       ; 5     ; 1.707       ; 33         ; 0.000 ; 1.166 ;
+------------------------+-------+-------+-------------+------------+-------+-------+
Note: Negative delays are omitted from totals when calculating percentages

+----------------------------------------------------------------------------------------------------------------------------------------------------------------------------+
; Data Arrival Path                                                                                                                                                          ;
+---------+---------+----+------+--------+-----------------------+------------+----------------------------------------------------------------------------------------------+
; Total   ; Incr    ; RF ; Type ; Fanout ; Location              ; HS/LP      ; Element                                                                                      ;
+---------+---------+----+------+--------+-----------------------+------------+----------------------------------------------------------------------------------------------+
; 0.000   ; 0.000   ;    ;      ;        ;                       ;            ; launch edge time                                                                             ;
; 4.713   ; 4.713   ;    ;      ;        ;                       ;            ; clock path                                                                                   ;
;   0.000 ;   0.000 ;    ;      ;        ;                       ;            ; source latency                                                                               ;
;   0.000 ;   0.000 ;    ;      ; 1      ; PIN_AH5               ;            ; QSFPA_REFCLK_p                                                                               ;
;   0.000 ;   0.000 ; RR ; IC   ; 1      ; IOIBUF_X224_Y13_N108  ;            ; QSFPA_REFCLK_p~input|i                                                                       ;
;   0.070 ;   0.070 ; RR ; CELL ; 1      ; IOIBUF_X224_Y13_N108  ;            ; QSFPA_REFCLK_p~input|o                                                                       ;
;   0.070 ;   0.000 ; RR ; IC   ; 1      ; HSSIREFCLKDIVIDER_4CT ;            ; QSFPA_REFCLK_p~inputFITTER_INSERTED|refclk_inp                                               ;
;   0.070 ;   0.000 ; RR ; CELL ; 3      ; HSSIREFCLKDIVIDER_4CT ;            ; QSFPA_REFCLK_p~inputFITTER_INSERTED|refclk_a                                                 ;
;   1.044 ;   0.974 ; RR ; CELL ; 1      ; HSSIREFCLKDIVIDER_4CT ;            ; QSFPA_REFCLK_p~inputFITTER_INSERTED~hssi_tile/ch4_pld_pma_fpll_fbclkout_lc_lvpecl_to_coreclk ;
;   1.044 ;   0.000 ; RR ; IC   ; 2      ; CLKCTRL_4C_G_I18      ;            ; QSFPA_REFCLK_p~inputFITTER_INSERTEDCLKENA0|inclk                                             ;
;   1.442 ;   0.398 ; RR ; CELL ; 1017   ; CLKCTRL_4C_G_I18      ;            ; QSFPA_REFCLK_p~inputFITTER_INSERTEDCLKENA0|outclk                                            ;
;   4.713 ;   3.271 ; RR ; IC   ; 1      ; FF_X145_Y39_N16       ; High Speed ; step6b_target_tai_latched[38]|clk                                                            ;
;   4.713 ;   0.000 ; RR ; CELL ; 1      ; FF_X145_Y39_N16       ; High Speed ; step6b_target_tai_latched[38]                                                                ;
; 6.189   ; 1.476   ;    ;      ;        ;                       ;            ; data path                                                                                    ;
;   4.873 ;   0.160 ; FF ; uTco ; 1      ; FF_X145_Y39_N16       ;            ; step6b_target_tai_latched[38]|q                                                              ;
;   4.928 ;   0.055 ; FF ; CELL ; 2      ; FF_X145_Y39_N16       ; High Speed ; step6b_target_tai_latched[38]~la_lab/laboutt[10]                                             ;
;   5.300 ;   0.372 ; FF ; IC   ; 1      ; LABCELL_X147_Y41_N54  ; Mixed      ; p_step6b_scheduler~3|datab                                                                   ;
;   5.444 ;   0.144 ; FF ; CELL ; 1      ; LABCELL_X147_Y41_N54  ; High Speed ; p_step6b_scheduler~3|combout                                                                 ;
;   5.446 ;   0.002 ; FF ; CELL ; 4      ; LABCELL_X147_Y41_N54  ; High Speed ; p_step6b_scheduler~3~la_lab/laboutb[17]                                                      ;
;   5.702 ;   0.256 ; FF ; IC   ; 1      ; MLABCELL_X146_Y43_N12 ; Mixed      ; p_step6b_scheduler~25|datab                                                                  ;
;   5.854 ;   0.152 ; FF ; CELL ; 1      ; MLABCELL_X146_Y43_N12 ; Low Power  ; p_step6b_scheduler~25|combout                                                                ;
;   5.857 ;   0.003 ; FF ; CELL ; 2      ; MLABCELL_X146_Y43_N12 ; Low Power  ; p_step6b_scheduler~25~la_mlab/laboutt[9]                                                     ;
;   6.015 ;   0.158 ; FF ; IC   ; 1      ; MLABCELL_X146_Y43_N39 ; Low Power  ; step6b_armed~0|datab                                                                         ;
;   6.189 ;   0.174 ; FR ; CELL ; 1      ; MLABCELL_X146_Y43_N39 ; Low Power  ; step6b_armed~0|combout                                                                       ;
;   6.189 ;   0.000 ; RR ; CELL ; 1      ; FF_X146_Y43_N40       ; Low Power  ; step6b_armed|d                                                                               ;
;   6.189 ;   0.000 ; RR ; CELL ; 1      ; FF_X146_Y43_N40       ; Low Power  ; step6b_armed                                                                                 ;
+---------+---------+----+------+--------+-----------------------+------------+----------------------------------------------------------------------------------------------+

+----------------------------------------------------------------------------------------------------------------------------------------------------------------------------+
; Data Required Path                                                                                                                                                         ;
+---------+----------+----+------+--------+-----------------------+-----------+----------------------------------------------------------------------------------------------+
; Total   ; Incr     ; RF ; Type ; Fanout ; Location              ; HS/LP     ; Element                                                                                      ;
+---------+----------+----+------+--------+-----------------------+-----------+----------------------------------------------------------------------------------------------+
; 0.000   ; 0.000    ;    ;      ;        ;                       ;           ; latch edge time                                                                              ;
; 4.781   ; 4.781    ;    ;      ;        ;                       ;           ; clock path                                                                                   ;
;   0.000 ;   0.000  ;    ;      ;        ;                       ;           ; source latency                                                                               ;
;   0.000 ;   0.000  ;    ;      ; 1      ; PIN_AH5               ;           ; QSFPA_REFCLK_p                                                                               ;
;   0.000 ;   0.000  ; RR ; IC   ; 1      ; IOIBUF_X224_Y13_N108  ;           ; QSFPA_REFCLK_p~input|i                                                                       ;
;   0.070 ;   0.070  ; RR ; CELL ; 1      ; IOIBUF_X224_Y13_N108  ;           ; QSFPA_REFCLK_p~input|o                                                                       ;
;   0.070 ;   0.000  ; RR ; IC   ; 1      ; HSSIREFCLKDIVIDER_4CT ;           ; QSFPA_REFCLK_p~inputFITTER_INSERTED|refclk_inp                                               ;
;   0.070 ;   0.000  ; RR ; CELL ; 3      ; HSSIREFCLKDIVIDER_4CT ;           ; QSFPA_REFCLK_p~inputFITTER_INSERTED|refclk_a                                                 ;
;   1.236 ;   1.166  ; RR ; CELL ; 1      ; HSSIREFCLKDIVIDER_4CT ;           ; QSFPA_REFCLK_p~inputFITTER_INSERTED~hssi_tile/ch4_pld_pma_fpll_fbclkout_lc_lvpecl_to_coreclk ;
;   1.236 ;   0.000  ; RR ; IC   ; 2      ; CLKCTRL_4C_G_I18      ;           ; QSFPA_REFCLK_p~inputFITTER_INSERTEDCLKENA0|inclk                                             ;
;   1.707 ;   0.471  ; RR ; CELL ; 1017   ; CLKCTRL_4C_G_I18      ;           ; QSFPA_REFCLK_p~inputFITTER_INSERTEDCLKENA0|outclk                                            ;
;   5.252 ;   3.545  ; RR ; IC   ; 1      ; FF_X146_Y43_N40       ; Low Power ; step6b_armed|clk                                                                             ;
;   5.252 ;   0.000  ; RR ; CELL ; 1      ; FF_X146_Y43_N40       ; Low Power ; step6b_armed                                                                                 ;
;   4.781 ;   -0.471 ;    ;      ;        ;                       ;           ; clock pessimism removed                                                                      ;
; 4.781   ; 0.000    ;    ;      ;        ;                       ;           ; clock uncertainty                                                                            ;
; 5.213   ; 0.432    ;    ; uTh  ; 1      ; FF_X146_Y43_N40       ;           ; step6b_armed                                                                                 ;
+---------+----------+----+------+--------+-----------------------+-----------+----------------------------------------------------------------------------------------------+

----------------------------
; Extra Fitter Information ;
----------------------------
HTML report is unavailable in plain text report export.


Path #9: Hold slack is 1.009 
===============================================================================
+----------------------------------------------------+
; Path Summary                                       ;
+--------------------+-------------------------------+
; Property           ; Value                         ;
+--------------------+-------------------------------+
; From Node          ; step6b_target_tai_latched[13] ;
; To Node            ; step6b_armed                  ;
; Launch Clock       ; qsfp_ref_125m                 ;
; Latch Clock        ; qsfp_ref_125m                 ;
; Data Arrival Time  ; 6.222                         ;
; Data Required Time ; 5.213                         ;
; Slack              ; 1.009                         ;
+--------------------+-------------------------------+

+-----------------------------------------------------------------------------------+
; Statistics                                                                        ;
+------------------------+-------+-------+-------------+------------+-------+-------+
; Property               ; Value ; Count ; Total Delay ; % of Total ; Min   ; Max   ;
+------------------------+-------+-------+-------------+------------+-------+-------+
; Hold Relationship      ; 0.000 ;       ;             ;            ;       ;       ;
; Clock Skew             ; 0.039 ;       ;             ;            ;       ;       ;
; Data Delay             ; 1.480 ;       ;             ;            ;       ;       ;
; Number of Logic Levels ;       ; 4     ;             ;            ;       ;       ;
; Physical Delays        ;       ;       ;             ;            ;       ;       ;
;  Arrival Path          ;       ;       ;             ;            ;       ;       ;
;   Clock                ;       ;       ;             ;            ;       ;       ;
;    IC                  ;       ; 4     ; 3.300       ; 70         ; 0.000 ; 3.300 ;
;    Cell                ;       ; 5     ; 1.442       ; 30         ; 0.000 ; 0.974 ;
;   Data                 ;       ;       ;             ;            ;       ;       ;
;    IC                  ;       ; 4     ; 0.758       ; 51         ; 0.116 ; 0.368 ;
;    Cell                ;       ; 10    ; 0.541       ; 37         ; 0.000 ; 0.174 ;
;    uTco                ;       ; 1     ; 0.181       ; 12         ; 0.181 ; 0.181 ;
;  Required Path         ;       ;       ;             ;            ;       ;       ;
;   Clock                ;       ;       ;             ;            ;       ;       ;
;    IC                  ;       ; 4     ; 3.545       ; 67         ; 0.000 ; 3.545 ;
;    Cell                ;       ; 5     ; 1.707       ; 33         ; 0.000 ; 1.166 ;
+------------------------+-------+-------+-------------+------------+-------+-------+
Note: Negative delays are omitted from totals when calculating percentages

+---------------------------------------------------------------------------------------------------------------------------------------------------------------------------+
; Data Arrival Path                                                                                                                                                         ;
+---------+---------+----+------+--------+-----------------------+-----------+----------------------------------------------------------------------------------------------+
; Total   ; Incr    ; RF ; Type ; Fanout ; Location              ; HS/LP     ; Element                                                                                      ;
+---------+---------+----+------+--------+-----------------------+-----------+----------------------------------------------------------------------------------------------+
; 0.000   ; 0.000   ;    ;      ;        ;                       ;           ; launch edge time                                                                             ;
; 4.742   ; 4.742   ;    ;      ;        ;                       ;           ; clock path                                                                                   ;
;   0.000 ;   0.000 ;    ;      ;        ;                       ;           ; source latency                                                                               ;
;   0.000 ;   0.000 ;    ;      ; 1      ; PIN_AH5               ;           ; QSFPA_REFCLK_p                                                                               ;
;   0.000 ;   0.000 ; RR ; IC   ; 1      ; IOIBUF_X224_Y13_N108  ;           ; QSFPA_REFCLK_p~input|i                                                                       ;
;   0.070 ;   0.070 ; RR ; CELL ; 1      ; IOIBUF_X224_Y13_N108  ;           ; QSFPA_REFCLK_p~input|o                                                                       ;
;   0.070 ;   0.000 ; RR ; IC   ; 1      ; HSSIREFCLKDIVIDER_4CT ;           ; QSFPA_REFCLK_p~inputFITTER_INSERTED|refclk_inp                                               ;
;   0.070 ;   0.000 ; RR ; CELL ; 3      ; HSSIREFCLKDIVIDER_4CT ;           ; QSFPA_REFCLK_p~inputFITTER_INSERTED|refclk_a                                                 ;
;   1.044 ;   0.974 ; RR ; CELL ; 1      ; HSSIREFCLKDIVIDER_4CT ;           ; QSFPA_REFCLK_p~inputFITTER_INSERTED~hssi_tile/ch4_pld_pma_fpll_fbclkout_lc_lvpecl_to_coreclk ;
;   1.044 ;   0.000 ; RR ; IC   ; 2      ; CLKCTRL_4C_G_I18      ;           ; QSFPA_REFCLK_p~inputFITTER_INSERTEDCLKENA0|inclk                                             ;
;   1.442 ;   0.398 ; RR ; CELL ; 1017   ; CLKCTRL_4C_G_I18      ;           ; QSFPA_REFCLK_p~inputFITTER_INSERTEDCLKENA0|outclk                                            ;
;   4.742 ;   3.300 ; RR ; IC   ; 1      ; FF_X147_Y39_N8        ; Low Power ; step6b_target_tai_latched[13]|clk                                                            ;
;   4.742 ;   0.000 ; RR ; CELL ; 1      ; FF_X147_Y39_N8        ; Low Power ; step6b_target_tai_latched[13]                                                                ;
; 6.222   ; 1.480   ;    ;      ;        ;                       ;           ; data path                                                                                    ;
;   4.923 ;   0.181 ; FF ; uTco ; 1      ; FF_X147_Y39_N8        ;           ; step6b_target_tai_latched[13]|q                                                              ;
;   4.984 ;   0.061 ; FF ; CELL ; 2      ; FF_X147_Y39_N8        ; Low Power ; step6b_target_tai_latched[13]~la_lab/laboutt[5]                                              ;
;   5.100 ;   0.116 ; FF ; IC   ; 1      ; LABCELL_X147_Y39_N9   ; Low Power ; p_step6b_scheduler~11|datae                                                                  ;
;   5.209 ;   0.109 ; FF ; CELL ; 1      ; LABCELL_X147_Y39_N9   ; Low Power ; p_step6b_scheduler~11|combout                                                                ;
;   5.211 ;   0.002 ; FF ; CELL ; 1      ; LABCELL_X147_Y39_N9   ; Low Power ; p_step6b_scheduler~11~la_lab/laboutt[7]                                                      ;
;   5.327 ;   0.116 ; FF ; IC   ; 1      ; LABCELL_X147_Y39_N0   ; Low Power ; p_step6b_scheduler~24|datae                                                                  ;
;   5.405 ;   0.078 ; FF ; CELL ; 1      ; LABCELL_X147_Y39_N0   ; Low Power ; p_step6b_scheduler~24|combout                                                                ;
;   5.407 ;   0.002 ; FF ; CELL ; 4      ; LABCELL_X147_Y39_N0   ; Low Power ; p_step6b_scheduler~24~la_lab/laboutt[1]                                                      ;
;   5.775 ;   0.368 ; FF ; IC   ; 1      ; MLABCELL_X146_Y43_N12 ; Low Power ; p_step6b_scheduler~25|datac                                                                  ;
;   5.887 ;   0.112 ; FF ; CELL ; 1      ; MLABCELL_X146_Y43_N12 ; Low Power ; p_step6b_scheduler~25|combout                                                                ;
;   5.890 ;   0.003 ; FF ; CELL ; 2      ; MLABCELL_X146_Y43_N12 ; Low Power ; p_step6b_scheduler~25~la_mlab/laboutt[9]                                                     ;
;   6.048 ;   0.158 ; FF ; IC   ; 1      ; MLABCELL_X146_Y43_N39 ; Low Power ; step6b_armed~0|datab                                                                         ;
;   6.222 ;   0.174 ; FR ; CELL ; 1      ; MLABCELL_X146_Y43_N39 ; Low Power ; step6b_armed~0|combout                                                                       ;
;   6.222 ;   0.000 ; RR ; CELL ; 1      ; FF_X146_Y43_N40       ; Low Power ; step6b_armed|d                                                                               ;
;   6.222 ;   0.000 ; RR ; CELL ; 1      ; FF_X146_Y43_N40       ; Low Power ; step6b_armed                                                                                 ;
+---------+---------+----+------+--------+-----------------------+-----------+----------------------------------------------------------------------------------------------+

+----------------------------------------------------------------------------------------------------------------------------------------------------------------------------+
; Data Required Path                                                                                                                                                         ;
+---------+----------+----+------+--------+-----------------------+-----------+----------------------------------------------------------------------------------------------+
; Total   ; Incr     ; RF ; Type ; Fanout ; Location              ; HS/LP     ; Element                                                                                      ;
+---------+----------+----+------+--------+-----------------------+-----------+----------------------------------------------------------------------------------------------+
; 0.000   ; 0.000    ;    ;      ;        ;                       ;           ; latch edge time                                                                              ;
; 4.781   ; 4.781    ;    ;      ;        ;                       ;           ; clock path                                                                                   ;
;   0.000 ;   0.000  ;    ;      ;        ;                       ;           ; source latency                                                                               ;
;   0.000 ;   0.000  ;    ;      ; 1      ; PIN_AH5               ;           ; QSFPA_REFCLK_p                                                                               ;
;   0.000 ;   0.000  ; RR ; IC   ; 1      ; IOIBUF_X224_Y13_N108  ;           ; QSFPA_REFCLK_p~input|i                                                                       ;
;   0.070 ;   0.070  ; RR ; CELL ; 1      ; IOIBUF_X224_Y13_N108  ;           ; QSFPA_REFCLK_p~input|o                                                                       ;
;   0.070 ;   0.000  ; RR ; IC   ; 1      ; HSSIREFCLKDIVIDER_4CT ;           ; QSFPA_REFCLK_p~inputFITTER_INSERTED|refclk_inp                                               ;
;   0.070 ;   0.000  ; RR ; CELL ; 3      ; HSSIREFCLKDIVIDER_4CT ;           ; QSFPA_REFCLK_p~inputFITTER_INSERTED|refclk_a                                                 ;
;   1.236 ;   1.166  ; RR ; CELL ; 1      ; HSSIREFCLKDIVIDER_4CT ;           ; QSFPA_REFCLK_p~inputFITTER_INSERTED~hssi_tile/ch4_pld_pma_fpll_fbclkout_lc_lvpecl_to_coreclk ;
;   1.236 ;   0.000  ; RR ; IC   ; 2      ; CLKCTRL_4C_G_I18      ;           ; QSFPA_REFCLK_p~inputFITTER_INSERTEDCLKENA0|inclk                                             ;
;   1.707 ;   0.471  ; RR ; CELL ; 1017   ; CLKCTRL_4C_G_I18      ;           ; QSFPA_REFCLK_p~inputFITTER_INSERTEDCLKENA0|outclk                                            ;
;   5.252 ;   3.545  ; RR ; IC   ; 1      ; FF_X146_Y43_N40       ; Low Power ; step6b_armed|clk                                                                             ;
;   5.252 ;   0.000  ; RR ; CELL ; 1      ; FF_X146_Y43_N40       ; Low Power ; step6b_armed                                                                                 ;
;   4.781 ;   -0.471 ;    ;      ;        ;                       ;           ; clock pessimism removed                                                                      ;
; 4.781   ; 0.000    ;    ;      ;        ;                       ;           ; clock uncertainty                                                                            ;
; 5.213   ; 0.432    ;    ; uTh  ; 1      ; FF_X146_Y43_N40       ;           ; step6b_armed                                                                                 ;
+---------+----------+----+------+--------+-----------------------+-----------+----------------------------------------------------------------------------------------------+

----------------------------
; Extra Fitter Information ;
----------------------------
HTML report is unavailable in plain text report export.


Path #10: Hold slack is 1.011 
===============================================================================
+------------------------------------------------------------------------------------------------------------------+
; Path Summary                                                                                                     ;
+--------------------+---------------------------------------------------------------------------------------------+
; Property           ; Value                                                                                       ;
+--------------------+---------------------------------------------------------------------------------------------+
; From Node          ; xwr_core:u_xwr_core|wr_core:WRPC|xwr_pps_gen:PPS_GEN|wr_pps_gen:WRAPPED_PPSGEN|cntr_utc[39] ;
; To Node            ; step6b_armed                                                                                ;
; Launch Clock       ; qsfp_ref_125m                                                                               ;
; Latch Clock        ; qsfp_ref_125m                                                                               ;
; Data Arrival Time  ; 6.224                                                                                       ;
; Data Required Time ; 5.213                                                                                       ;
; Slack              ; 1.011                                                                                       ;
+--------------------+---------------------------------------------------------------------------------------------+

+-----------------------------------------------------------------------------------+
; Statistics                                                                        ;
+------------------------+-------+-------+-------------+------------+-------+-------+
; Property               ; Value ; Count ; Total Delay ; % of Total ; Min   ; Max   ;
+------------------------+-------+-------+-------------+------------+-------+-------+
; Hold Relationship      ; 0.000 ;       ;             ;            ;       ;       ;
; Clock Skew             ; 0.057 ;       ;             ;            ;       ;       ;
; Data Delay             ; 1.500 ;       ;             ;            ;       ;       ;
; Number of Logic Levels ;       ; 3     ;             ;            ;       ;       ;
; Physical Delays        ;       ;       ;             ;            ;       ;       ;
;  Arrival Path          ;       ;       ;             ;            ;       ;       ;
;   Clock                ;       ;       ;             ;            ;       ;       ;
;    IC                  ;       ; 4     ; 3.282       ; 69         ; 0.000 ; 3.282 ;
;    Cell                ;       ; 5     ; 1.442       ; 31         ; 0.000 ; 0.974 ;
;   Data                 ;       ;       ;             ;            ;       ;       ;
;    IC                  ;       ; 3     ; 0.883       ; 59         ; 0.158 ; 0.469 ;
;    Cell                ;       ; 8     ; 0.456       ; 30         ; 0.000 ; 0.174 ;
;    uTco                ;       ; 1     ; 0.161       ; 11         ; 0.161 ; 0.161 ;
;  Required Path         ;       ;       ;             ;            ;       ;       ;
;   Clock                ;       ;       ;             ;            ;       ;       ;
;    IC                  ;       ; 4     ; 3.545       ; 67         ; 0.000 ; 3.545 ;
;    Cell                ;       ; 5     ; 1.707       ; 33         ; 0.000 ; 1.166 ;
+------------------------+-------+-------+-------------+------------+-------+-------+
Note: Negative delays are omitted from totals when calculating percentages

+---------------------------------------------------------------------------------------------------------------------------------------------------------------------------------------------+
; Data Arrival Path                                                                                                                                                                           ;
+---------+---------+----+------+--------+-----------------------+------------+---------------------------------------------------------------------------------------------------------------+
; Total   ; Incr    ; RF ; Type ; Fanout ; Location              ; HS/LP      ; Element                                                                                                       ;
+---------+---------+----+------+--------+-----------------------+------------+---------------------------------------------------------------------------------------------------------------+
; 0.000   ; 0.000   ;    ;      ;        ;                       ;            ; launch edge time                                                                                              ;
; 4.724   ; 4.724   ;    ;      ;        ;                       ;            ; clock path                                                                                                    ;
;   0.000 ;   0.000 ;    ;      ;        ;                       ;            ; source latency                                                                                                ;
;   0.000 ;   0.000 ;    ;      ; 1      ; PIN_AH5               ;            ; QSFPA_REFCLK_p                                                                                                ;
;   0.000 ;   0.000 ; RR ; IC   ; 1      ; IOIBUF_X224_Y13_N108  ;            ; QSFPA_REFCLK_p~input|i                                                                                        ;
;   0.070 ;   0.070 ; RR ; CELL ; 1      ; IOIBUF_X224_Y13_N108  ;            ; QSFPA_REFCLK_p~input|o                                                                                        ;
;   0.070 ;   0.000 ; RR ; IC   ; 1      ; HSSIREFCLKDIVIDER_4CT ;            ; QSFPA_REFCLK_p~inputFITTER_INSERTED|refclk_inp                                                                ;
;   0.070 ;   0.000 ; RR ; CELL ; 3      ; HSSIREFCLKDIVIDER_4CT ;            ; QSFPA_REFCLK_p~inputFITTER_INSERTED|refclk_a                                                                  ;
;   1.044 ;   0.974 ; RR ; CELL ; 1      ; HSSIREFCLKDIVIDER_4CT ;            ; QSFPA_REFCLK_p~inputFITTER_INSERTED~hssi_tile/ch4_pld_pma_fpll_fbclkout_lc_lvpecl_to_coreclk                  ;
;   1.044 ;   0.000 ; RR ; IC   ; 2      ; CLKCTRL_4C_G_I18      ;            ; QSFPA_REFCLK_p~inputFITTER_INSERTEDCLKENA0|inclk                                                              ;
;   1.442 ;   0.398 ; RR ; CELL ; 1017   ; CLKCTRL_4C_G_I18      ;            ; QSFPA_REFCLK_p~inputFITTER_INSERTEDCLKENA0|outclk                                                             ;
;   4.724 ;   3.282 ; RR ; IC   ; 1      ; FF_X153_Y38_N38       ; High Speed ; u_xwr_core|WRPC|PPS_GEN|WRAPPED_PPSGEN|cntr_utc[39]|clk                                                       ;
;   4.724 ;   0.000 ; RR ; CELL ; 1      ; FF_X153_Y38_N38       ; High Speed ; xwr_core:u_xwr_core|wr_core:WRPC|xwr_pps_gen:PPS_GEN|wr_pps_gen:WRAPPED_PPSGEN|cntr_utc[39]                   ;
; 6.224   ; 1.500   ;    ;      ;        ;                       ;            ; data path                                                                                                     ;
;   4.885 ;   0.161 ; FF ; uTco ; 1      ; FF_X153_Y38_N38       ;            ; u_xwr_core|WRPC|PPS_GEN|WRAPPED_PPSGEN|cntr_utc[39]|q                                                         ;
;   4.937 ;   0.052 ; FF ; CELL ; 5      ; FF_X153_Y38_N38       ; High Speed ; xwr_core:u_xwr_core|wr_core:WRPC|xwr_pps_gen:PPS_GEN|wr_pps_gen:WRAPPED_PPSGEN|cntr_utc[39]~la_lab/laboutb[5] ;
;   5.406 ;   0.469 ; FF ; IC   ; 1      ; LABCELL_X147_Y41_N54  ; Mixed      ; p_step6b_scheduler~3|datae                                                                                    ;
;   5.479 ;   0.073 ; FF ; CELL ; 1      ; LABCELL_X147_Y41_N54  ; High Speed ; p_step6b_scheduler~3|combout                                                                                  ;
;   5.481 ;   0.002 ; FF ; CELL ; 4      ; LABCELL_X147_Y41_N54  ; High Speed ; p_step6b_scheduler~3~la_lab/laboutb[17]                                                                       ;
;   5.737 ;   0.256 ; FF ; IC   ; 1      ; MLABCELL_X146_Y43_N12 ; Mixed      ; p_step6b_scheduler~25|datab                                                                                   ;
;   5.889 ;   0.152 ; FF ; CELL ; 1      ; MLABCELL_X146_Y43_N12 ; Low Power  ; p_step6b_scheduler~25|combout                                                                                 ;
;   5.892 ;   0.003 ; FF ; CELL ; 2      ; MLABCELL_X146_Y43_N12 ; Low Power  ; p_step6b_scheduler~25~la_mlab/laboutt[9]                                                                      ;
;   6.050 ;   0.158 ; FF ; IC   ; 1      ; MLABCELL_X146_Y43_N39 ; Low Power  ; step6b_armed~0|datab                                                                                          ;
;   6.224 ;   0.174 ; FR ; CELL ; 1      ; MLABCELL_X146_Y43_N39 ; Low Power  ; step6b_armed~0|combout                                                                                        ;
;   6.224 ;   0.000 ; RR ; CELL ; 1      ; FF_X146_Y43_N40       ; Low Power  ; step6b_armed|d                                                                                                ;
;   6.224 ;   0.000 ; RR ; CELL ; 1      ; FF_X146_Y43_N40       ; Low Power  ; step6b_armed                                                                                                  ;
+---------+---------+----+------+--------+-----------------------+------------+---------------------------------------------------------------------------------------------------------------+

+----------------------------------------------------------------------------------------------------------------------------------------------------------------------------+
; Data Required Path                                                                                                                                                         ;
+---------+----------+----+------+--------+-----------------------+-----------+----------------------------------------------------------------------------------------------+
; Total   ; Incr     ; RF ; Type ; Fanout ; Location              ; HS/LP     ; Element                                                                                      ;
+---------+----------+----+------+--------+-----------------------+-----------+----------------------------------------------------------------------------------------------+
; 0.000   ; 0.000    ;    ;      ;        ;                       ;           ; latch edge time                                                                              ;
; 4.781   ; 4.781    ;    ;      ;        ;                       ;           ; clock path                                                                                   ;
;   0.000 ;   0.000  ;    ;      ;        ;                       ;           ; source latency                                                                               ;
;   0.000 ;   0.000  ;    ;      ; 1      ; PIN_AH5               ;           ; QSFPA_REFCLK_p                                                                               ;
;   0.000 ;   0.000  ; RR ; IC   ; 1      ; IOIBUF_X224_Y13_N108  ;           ; QSFPA_REFCLK_p~input|i                                                                       ;
;   0.070 ;   0.070  ; RR ; CELL ; 1      ; IOIBUF_X224_Y13_N108  ;           ; QSFPA_REFCLK_p~input|o                                                                       ;
;   0.070 ;   0.000  ; RR ; IC   ; 1      ; HSSIREFCLKDIVIDER_4CT ;           ; QSFPA_REFCLK_p~inputFITTER_INSERTED|refclk_inp                                               ;
;   0.070 ;   0.000  ; RR ; CELL ; 3      ; HSSIREFCLKDIVIDER_4CT ;           ; QSFPA_REFCLK_p~inputFITTER_INSERTED|refclk_a                                                 ;
;   1.236 ;   1.166  ; RR ; CELL ; 1      ; HSSIREFCLKDIVIDER_4CT ;           ; QSFPA_REFCLK_p~inputFITTER_INSERTED~hssi_tile/ch4_pld_pma_fpll_fbclkout_lc_lvpecl_to_coreclk ;
;   1.236 ;   0.000  ; RR ; IC   ; 2      ; CLKCTRL_4C_G_I18      ;           ; QSFPA_REFCLK_p~inputFITTER_INSERTEDCLKENA0|inclk                                             ;
;   1.707 ;   0.471  ; RR ; CELL ; 1017   ; CLKCTRL_4C_G_I18      ;           ; QSFPA_REFCLK_p~inputFITTER_INSERTEDCLKENA0|outclk                                            ;
;   5.252 ;   3.545  ; RR ; IC   ; 1      ; FF_X146_Y43_N40       ; Low Power ; step6b_armed|clk                                                                             ;
;   5.252 ;   0.000  ; RR ; CELL ; 1      ; FF_X146_Y43_N40       ; Low Power ; step6b_armed                                                                                 ;
;   4.781 ;   -0.471 ;    ;      ;        ;                       ;           ; clock pessimism removed                                                                      ;
; 4.781   ; 0.000    ;    ;      ;        ;                       ;           ; clock uncertainty                                                                            ;
; 5.213   ; 0.432    ;    ; uTh  ; 1      ; FF_X146_Y43_N40       ;           ; step6b_armed                                                                                 ;
+---------+----------+----+------+--------+-----------------------+-----------+----------------------------------------------------------------------------------------------+

----------------------------
; Extra Fitter Information ;
----------------------------
HTML report is unavailable in plain text report export.


Path #11: Hold slack is 1.030 
===============================================================================
+----------------------------------------------------+
; Path Summary                                       ;
+--------------------+-------------------------------+
; Property           ; Value                         ;
+--------------------+-------------------------------+
; From Node          ; step6b_target_tai_latched[36] ;
; To Node            ; step6b_armed                  ;
; Launch Clock       ; qsfp_ref_125m                 ;
; Latch Clock        ; qsfp_ref_125m                 ;
; Data Arrival Time  ; 6.243                         ;
; Data Required Time ; 5.213                         ;
; Slack              ; 1.030                         ;
+--------------------+-------------------------------+

+-----------------------------------------------------------------------------------+
; Statistics                                                                        ;
+------------------------+-------+-------+-------------+------------+-------+-------+
; Property               ; Value ; Count ; Total Delay ; % of Total ; Min   ; Max   ;
+------------------------+-------+-------+-------------+------------+-------+-------+
; Hold Relationship      ; 0.000 ;       ;             ;            ;       ;       ;
; Clock Skew             ; 0.031 ;       ;             ;            ;       ;       ;
; Data Delay             ; 1.493 ;       ;             ;            ;       ;       ;
; Number of Logic Levels ;       ; 4     ;             ;            ;       ;       ;
; Physical Delays        ;       ;       ;             ;            ;       ;       ;
;  Arrival Path          ;       ;       ;             ;            ;       ;       ;
;   Clock                ;       ;       ;             ;            ;       ;       ;
;    IC                  ;       ; 4     ; 3.308       ; 70         ; 0.000 ; 3.308 ;
;    Cell                ;       ; 5     ; 1.442       ; 30         ; 0.000 ; 0.974 ;
;   Data                 ;       ;       ;             ;            ;       ;       ;
;    IC                  ;       ; 4     ; 0.784       ; 53         ; 0.132 ; 0.356 ;
;    Cell                ;       ; 10    ; 0.528       ; 35         ; 0.000 ; 0.174 ;
;    uTco                ;       ; 1     ; 0.181       ; 12         ; 0.181 ; 0.181 ;
;  Required Path         ;       ;       ;             ;            ;       ;       ;
;   Clock                ;       ;       ;             ;            ;       ;       ;
;    IC                  ;       ; 4     ; 3.545       ; 67         ; 0.000 ; 3.545 ;
;    Cell                ;       ; 5     ; 1.707       ; 33         ; 0.000 ; 1.166 ;
+------------------------+-------+-------+-------------+------------+-------+-------+
Note: Negative delays are omitted from totals when calculating percentages

+---------------------------------------------------------------------------------------------------------------------------------------------------------------------------+
; Data Arrival Path                                                                                                                                                         ;
+---------+---------+----+------+--------+-----------------------+-----------+----------------------------------------------------------------------------------------------+
; Total   ; Incr    ; RF ; Type ; Fanout ; Location              ; HS/LP     ; Element                                                                                      ;
+---------+---------+----+------+--------+-----------------------+-----------+----------------------------------------------------------------------------------------------+
; 0.000   ; 0.000   ;    ;      ;        ;                       ;           ; launch edge time                                                                             ;
; 4.750   ; 4.750   ;    ;      ;        ;                       ;           ; clock path                                                                                   ;
;   0.000 ;   0.000 ;    ;      ;        ;                       ;           ; source latency                                                                               ;
;   0.000 ;   0.000 ;    ;      ; 1      ; PIN_AH5               ;           ; QSFPA_REFCLK_p                                                                               ;
;   0.000 ;   0.000 ; RR ; IC   ; 1      ; IOIBUF_X224_Y13_N108  ;           ; QSFPA_REFCLK_p~input|i                                                                       ;
;   0.070 ;   0.070 ; RR ; CELL ; 1      ; IOIBUF_X224_Y13_N108  ;           ; QSFPA_REFCLK_p~input|o                                                                       ;
;   0.070 ;   0.000 ; RR ; IC   ; 1      ; HSSIREFCLKDIVIDER_4CT ;           ; QSFPA_REFCLK_p~inputFITTER_INSERTED|refclk_inp                                               ;
;   0.070 ;   0.000 ; RR ; CELL ; 3      ; HSSIREFCLKDIVIDER_4CT ;           ; QSFPA_REFCLK_p~inputFITTER_INSERTED|refclk_a                                                 ;
;   1.044 ;   0.974 ; RR ; CELL ; 1      ; HSSIREFCLKDIVIDER_4CT ;           ; QSFPA_REFCLK_p~inputFITTER_INSERTED~hssi_tile/ch4_pld_pma_fpll_fbclkout_lc_lvpecl_to_coreclk ;
;   1.044 ;   0.000 ; RR ; IC   ; 2      ; CLKCTRL_4C_G_I18      ;           ; QSFPA_REFCLK_p~inputFITTER_INSERTEDCLKENA0|inclk                                             ;
;   1.442 ;   0.398 ; RR ; CELL ; 1017   ; CLKCTRL_4C_G_I18      ;           ; QSFPA_REFCLK_p~inputFITTER_INSERTEDCLKENA0|outclk                                            ;
;   4.750 ;   3.308 ; RR ; IC   ; 1      ; FF_X149_Y42_N32       ; Low Power ; step6b_target_tai_latched[36]|clk                                                            ;
;   4.750 ;   0.000 ; RR ; CELL ; 1      ; FF_X149_Y42_N32       ; Low Power ; step6b_target_tai_latched[36]                                                                ;
; 6.243   ; 1.493   ;    ;      ;        ;                       ;           ; data path                                                                                    ;
;   4.931 ;   0.181 ; FF ; uTco ; 1      ; FF_X149_Y42_N32       ;           ; step6b_target_tai_latched[36]|q                                                              ;
;   4.991 ;   0.060 ; FF ; CELL ; 2      ; FF_X149_Y42_N32       ; Low Power ; step6b_target_tai_latched[36]~la_lab/laboutb[1]                                              ;
;   5.123 ;   0.132 ; FF ; IC   ; 1      ; LABCELL_X149_Y42_N39  ; Low Power ; p_step6b_scheduler~5|datad                                                                   ;
;   5.216 ;   0.093 ; FF ; CELL ; 1      ; LABCELL_X149_Y42_N39  ; Low Power ; p_step6b_scheduler~5|combout                                                                 ;
;   5.218 ;   0.002 ; FF ; CELL ; 1      ; LABCELL_X149_Y42_N39  ; Low Power ; p_step6b_scheduler~5~la_lab/laboutb[7]                                                       ;
;   5.356 ;   0.138 ; FF ; IC   ; 1      ; LABCELL_X149_Y42_N33  ; Low Power ; p_step6b_scheduler~9|datad                                                                   ;
;   5.449 ;   0.093 ; FF ; CELL ; 1      ; LABCELL_X149_Y42_N33  ; Low Power ; p_step6b_scheduler~9|combout                                                                 ;
;   5.451 ;   0.002 ; FF ; CELL ; 4      ; LABCELL_X149_Y42_N33  ; Low Power ; p_step6b_scheduler~9~la_lab/laboutb[3]                                                       ;
;   5.807 ;   0.356 ; FF ; IC   ; 1      ; MLABCELL_X146_Y43_N12 ; Low Power ; p_step6b_scheduler~25|datad                                                                  ;
;   5.908 ;   0.101 ; FF ; CELL ; 1      ; MLABCELL_X146_Y43_N12 ; Low Power ; p_step6b_scheduler~25|combout                                                                ;
;   5.911 ;   0.003 ; FF ; CELL ; 2      ; MLABCELL_X146_Y43_N12 ; Low Power ; p_step6b_scheduler~25~la_mlab/laboutt[9]                                                     ;
;   6.069 ;   0.158 ; FF ; IC   ; 1      ; MLABCELL_X146_Y43_N39 ; Low Power ; step6b_armed~0|datab                                                                         ;
;   6.243 ;   0.174 ; FR ; CELL ; 1      ; MLABCELL_X146_Y43_N39 ; Low Power ; step6b_armed~0|combout                                                                       ;
;   6.243 ;   0.000 ; RR ; CELL ; 1      ; FF_X146_Y43_N40       ; Low Power ; step6b_armed|d                                                                               ;
;   6.243 ;   0.000 ; RR ; CELL ; 1      ; FF_X146_Y43_N40       ; Low Power ; step6b_armed                                                                                 ;
+---------+---------+----+------+--------+-----------------------+-----------+----------------------------------------------------------------------------------------------+

+----------------------------------------------------------------------------------------------------------------------------------------------------------------------------+
; Data Required Path                                                                                                                                                         ;
+---------+----------+----+------+--------+-----------------------+-----------+----------------------------------------------------------------------------------------------+
; Total   ; Incr     ; RF ; Type ; Fanout ; Location              ; HS/LP     ; Element                                                                                      ;
+---------+----------+----+------+--------+-----------------------+-----------+----------------------------------------------------------------------------------------------+
; 0.000   ; 0.000    ;    ;      ;        ;                       ;           ; latch edge time                                                                              ;
; 4.781   ; 4.781    ;    ;      ;        ;                       ;           ; clock path                                                                                   ;
;   0.000 ;   0.000  ;    ;      ;        ;                       ;           ; source latency                                                                               ;
;   0.000 ;   0.000  ;    ;      ; 1      ; PIN_AH5               ;           ; QSFPA_REFCLK_p                                                                               ;
;   0.000 ;   0.000  ; RR ; IC   ; 1      ; IOIBUF_X224_Y13_N108  ;           ; QSFPA_REFCLK_p~input|i                                                                       ;
;   0.070 ;   0.070  ; RR ; CELL ; 1      ; IOIBUF_X224_Y13_N108  ;           ; QSFPA_REFCLK_p~input|o                                                                       ;
;   0.070 ;   0.000  ; RR ; IC   ; 1      ; HSSIREFCLKDIVIDER_4CT ;           ; QSFPA_REFCLK_p~inputFITTER_INSERTED|refclk_inp                                               ;
;   0.070 ;   0.000  ; RR ; CELL ; 3      ; HSSIREFCLKDIVIDER_4CT ;           ; QSFPA_REFCLK_p~inputFITTER_INSERTED|refclk_a                                                 ;
;   1.236 ;   1.166  ; RR ; CELL ; 1      ; HSSIREFCLKDIVIDER_4CT ;           ; QSFPA_REFCLK_p~inputFITTER_INSERTED~hssi_tile/ch4_pld_pma_fpll_fbclkout_lc_lvpecl_to_coreclk ;
;   1.236 ;   0.000  ; RR ; IC   ; 2      ; CLKCTRL_4C_G_I18      ;           ; QSFPA_REFCLK_p~inputFITTER_INSERTEDCLKENA0|inclk                                             ;
;   1.707 ;   0.471  ; RR ; CELL ; 1017   ; CLKCTRL_4C_G_I18      ;           ; QSFPA_REFCLK_p~inputFITTER_INSERTEDCLKENA0|outclk                                            ;
;   5.252 ;   3.545  ; RR ; IC   ; 1      ; FF_X146_Y43_N40       ; Low Power ; step6b_armed|clk                                                                             ;
;   5.252 ;   0.000  ; RR ; CELL ; 1      ; FF_X146_Y43_N40       ; Low Power ; step6b_armed                                                                                 ;
;   4.781 ;   -0.471 ;    ;      ;        ;                       ;           ; clock pessimism removed                                                                      ;
; 4.781   ; 0.000    ;    ;      ;        ;                       ;           ; clock uncertainty                                                                            ;
; 5.213   ; 0.432    ;    ; uTh  ; 1      ; FF_X146_Y43_N40       ;           ; step6b_armed                                                                                 ;
+---------+----------+----+------+--------+-----------------------+-----------+----------------------------------------------------------------------------------------------+

----------------------------
; Extra Fitter Information ;
----------------------------
HTML report is unavailable in plain text report export.


Path #12: Hold slack is 1.031 
===============================================================================
+----------------------------------------------------+
; Path Summary                                       ;
+--------------------+-------------------------------+
; Property           ; Value                         ;
+--------------------+-------------------------------+
; From Node          ; step6b_target_tai_latched[31] ;
; To Node            ; step6b_armed                  ;
; Launch Clock       ; qsfp_ref_125m                 ;
; Latch Clock        ; qsfp_ref_125m                 ;
; Data Arrival Time  ; 6.244                         ;
; Data Required Time ; 5.213                         ;
; Slack              ; 1.031                         ;
+--------------------+-------------------------------+

+-----------------------------------------------------------------------------------+
; Statistics                                                                        ;
+------------------------+-------+-------+-------------+------------+-------+-------+
; Property               ; Value ; Count ; Total Delay ; % of Total ; Min   ; Max   ;
+------------------------+-------+-------+-------------+------------+-------+-------+
; Hold Relationship      ; 0.000 ;       ;             ;            ;       ;       ;
; Clock Skew             ; 0.068 ;       ;             ;            ;       ;       ;
; Data Delay             ; 1.531 ;       ;             ;            ;       ;       ;
; Number of Logic Levels ;       ; 4     ;             ;            ;       ;       ;
; Physical Delays        ;       ;       ;             ;            ;       ;       ;
;  Arrival Path          ;       ;       ;             ;            ;       ;       ;
;   Clock                ;       ;       ;             ;            ;       ;       ;
;    IC                  ;       ; 4     ; 3.271       ; 69         ; 0.000 ; 3.271 ;
;    Cell                ;       ; 5     ; 1.442       ; 31         ; 0.000 ; 0.974 ;
;   Data                 ;       ;       ;             ;            ;       ;       ;
;    IC                  ;       ; 4     ; 0.965       ; 63         ; 0.158 ; 0.368 ;
;    Cell                ;       ; 10    ; 0.407       ; 27         ; 0.000 ; 0.174 ;
;    uTco                ;       ; 1     ; 0.159       ; 10         ; 0.159 ; 0.159 ;
;  Required Path         ;       ;       ;             ;            ;       ;       ;
;   Clock                ;       ;       ;             ;            ;       ;       ;
;    IC                  ;       ; 4     ; 3.545       ; 67         ; 0.000 ; 3.545 ;
;    Cell                ;       ; 5     ; 1.707       ; 33         ; 0.000 ; 1.166 ;
+------------------------+-------+-------+-------------+------------+-------+-------+
Note: Negative delays are omitted from totals when calculating percentages

+----------------------------------------------------------------------------------------------------------------------------------------------------------------------------+
; Data Arrival Path                                                                                                                                                          ;
+---------+---------+----+------+--------+-----------------------+------------+----------------------------------------------------------------------------------------------+
; Total   ; Incr    ; RF ; Type ; Fanout ; Location              ; HS/LP      ; Element                                                                                      ;
+---------+---------+----+------+--------+-----------------------+------------+----------------------------------------------------------------------------------------------+
; 0.000   ; 0.000   ;    ;      ;        ;                       ;            ; launch edge time                                                                             ;
; 4.713   ; 4.713   ;    ;      ;        ;                       ;            ; clock path                                                                                   ;
;   0.000 ;   0.000 ;    ;      ;        ;                       ;            ; source latency                                                                               ;
;   0.000 ;   0.000 ;    ;      ; 1      ; PIN_AH5               ;            ; QSFPA_REFCLK_p                                                                               ;
;   0.000 ;   0.000 ; RR ; IC   ; 1      ; IOIBUF_X224_Y13_N108  ;            ; QSFPA_REFCLK_p~input|i                                                                       ;
;   0.070 ;   0.070 ; RR ; CELL ; 1      ; IOIBUF_X224_Y13_N108  ;            ; QSFPA_REFCLK_p~input|o                                                                       ;
;   0.070 ;   0.000 ; RR ; IC   ; 1      ; HSSIREFCLKDIVIDER_4CT ;            ; QSFPA_REFCLK_p~inputFITTER_INSERTED|refclk_inp                                               ;
;   0.070 ;   0.000 ; RR ; CELL ; 3      ; HSSIREFCLKDIVIDER_4CT ;            ; QSFPA_REFCLK_p~inputFITTER_INSERTED|refclk_a                                                 ;
;   1.044 ;   0.974 ; RR ; CELL ; 1      ; HSSIREFCLKDIVIDER_4CT ;            ; QSFPA_REFCLK_p~inputFITTER_INSERTED~hssi_tile/ch4_pld_pma_fpll_fbclkout_lc_lvpecl_to_coreclk ;
;   1.044 ;   0.000 ; RR ; IC   ; 2      ; CLKCTRL_4C_G_I18      ;            ; QSFPA_REFCLK_p~inputFITTER_INSERTEDCLKENA0|inclk                                             ;
;   1.442 ;   0.398 ; RR ; CELL ; 1017   ; CLKCTRL_4C_G_I18      ;            ; QSFPA_REFCLK_p~inputFITTER_INSERTEDCLKENA0|outclk                                            ;
;   4.713 ;   3.271 ; RR ; IC   ; 1      ; FF_X145_Y39_N26       ; High Speed ; step6b_target_tai_latched[31]|clk                                                            ;
;   4.713 ;   0.000 ; RR ; CELL ; 1      ; FF_X145_Y39_N26       ; High Speed ; step6b_target_tai_latched[31]                                                                ;
; 6.244   ; 1.531   ;    ;      ;        ;                       ;            ; data path                                                                                    ;
;   4.872 ;   0.159 ; FF ; uTco ; 1      ; FF_X145_Y39_N26       ;            ; step6b_target_tai_latched[31]|q                                                              ;
;   4.924 ;   0.052 ; FF ; CELL ; 2      ; FF_X145_Y39_N26       ; High Speed ; step6b_target_tai_latched[31]~la_lab/laboutt[17]                                             ;
;   5.195 ;   0.271 ; FF ; IC   ; 1      ; MLABCELL_X148_Y39_N21 ; Mixed      ; p_step6b_scheduler~17|dataf                                                                  ;
;   5.225 ;   0.030 ; FF ; CELL ; 1      ; MLABCELL_X148_Y39_N21 ; Low Power  ; p_step6b_scheduler~17|combout                                                                ;
;   5.227 ;   0.002 ; FF ; CELL ; 1      ; MLABCELL_X148_Y39_N21 ; Low Power  ; p_step6b_scheduler~17~la_mlab/laboutt[15]                                                    ;
;   5.395 ;   0.168 ; FF ; IC   ; 1      ; LABCELL_X147_Y39_N0   ; Low Power  ; p_step6b_scheduler~24|dataf                                                                  ;
;   5.427 ;   0.032 ; FF ; CELL ; 1      ; LABCELL_X147_Y39_N0   ; Low Power  ; p_step6b_scheduler~24|combout                                                                ;
;   5.429 ;   0.002 ; FF ; CELL ; 4      ; LABCELL_X147_Y39_N0   ; Low Power  ; p_step6b_scheduler~24~la_lab/laboutt[1]                                                      ;
;   5.797 ;   0.368 ; FF ; IC   ; 1      ; MLABCELL_X146_Y43_N12 ; Low Power  ; p_step6b_scheduler~25|datac                                                                  ;
;   5.909 ;   0.112 ; FF ; CELL ; 1      ; MLABCELL_X146_Y43_N12 ; Low Power  ; p_step6b_scheduler~25|combout                                                                ;
;   5.912 ;   0.003 ; FF ; CELL ; 2      ; MLABCELL_X146_Y43_N12 ; Low Power  ; p_step6b_scheduler~25~la_mlab/laboutt[9]                                                     ;
;   6.070 ;   0.158 ; FF ; IC   ; 1      ; MLABCELL_X146_Y43_N39 ; Low Power  ; step6b_armed~0|datab                                                                         ;
;   6.244 ;   0.174 ; FR ; CELL ; 1      ; MLABCELL_X146_Y43_N39 ; Low Power  ; step6b_armed~0|combout                                                                       ;
;   6.244 ;   0.000 ; RR ; CELL ; 1      ; FF_X146_Y43_N40       ; Low Power  ; step6b_armed|d                                                                               ;
;   6.244 ;   0.000 ; RR ; CELL ; 1      ; FF_X146_Y43_N40       ; Low Power  ; step6b_armed                                                                                 ;
+---------+---------+----+------+--------+-----------------------+------------+----------------------------------------------------------------------------------------------+

+----------------------------------------------------------------------------------------------------------------------------------------------------------------------------+
; Data Required Path                                                                                                                                                         ;
+---------+----------+----+------+--------+-----------------------+-----------+----------------------------------------------------------------------------------------------+
; Total   ; Incr     ; RF ; Type ; Fanout ; Location              ; HS/LP     ; Element                                                                                      ;
+---------+----------+----+------+--------+-----------------------+-----------+----------------------------------------------------------------------------------------------+
; 0.000   ; 0.000    ;    ;      ;        ;                       ;           ; latch edge time                                                                              ;
; 4.781   ; 4.781    ;    ;      ;        ;                       ;           ; clock path                                                                                   ;
;   0.000 ;   0.000  ;    ;      ;        ;                       ;           ; source latency                                                                               ;
;   0.000 ;   0.000  ;    ;      ; 1      ; PIN_AH5               ;           ; QSFPA_REFCLK_p                                                                               ;
;   0.000 ;   0.000  ; RR ; IC   ; 1      ; IOIBUF_X224_Y13_N108  ;           ; QSFPA_REFCLK_p~input|i                                                                       ;
;   0.070 ;   0.070  ; RR ; CELL ; 1      ; IOIBUF_X224_Y13_N108  ;           ; QSFPA_REFCLK_p~input|o                                                                       ;
;   0.070 ;   0.000  ; RR ; IC   ; 1      ; HSSIREFCLKDIVIDER_4CT ;           ; QSFPA_REFCLK_p~inputFITTER_INSERTED|refclk_inp                                               ;
;   0.070 ;   0.000  ; RR ; CELL ; 3      ; HSSIREFCLKDIVIDER_4CT ;           ; QSFPA_REFCLK_p~inputFITTER_INSERTED|refclk_a                                                 ;
;   1.236 ;   1.166  ; RR ; CELL ; 1      ; HSSIREFCLKDIVIDER_4CT ;           ; QSFPA_REFCLK_p~inputFITTER_INSERTED~hssi_tile/ch4_pld_pma_fpll_fbclkout_lc_lvpecl_to_coreclk ;
;   1.236 ;   0.000  ; RR ; IC   ; 2      ; CLKCTRL_4C_G_I18      ;           ; QSFPA_REFCLK_p~inputFITTER_INSERTEDCLKENA0|inclk                                             ;
;   1.707 ;   0.471  ; RR ; CELL ; 1017   ; CLKCTRL_4C_G_I18      ;           ; QSFPA_REFCLK_p~inputFITTER_INSERTEDCLKENA0|outclk                                            ;
;   5.252 ;   3.545  ; RR ; IC   ; 1      ; FF_X146_Y43_N40       ; Low Power ; step6b_armed|clk                                                                             ;
;   5.252 ;   0.000  ; RR ; CELL ; 1      ; FF_X146_Y43_N40       ; Low Power ; step6b_armed                                                                                 ;
;   4.781 ;   -0.471 ;    ;      ;        ;                       ;           ; clock pessimism removed                                                                      ;
; 4.781   ; 0.000    ;    ;      ;        ;                       ;           ; clock uncertainty                                                                            ;
; 5.213   ; 0.432    ;    ; uTh  ; 1      ; FF_X146_Y43_N40       ;           ; step6b_armed                                                                                 ;
+---------+----------+----+------+--------+-----------------------+-----------+----------------------------------------------------------------------------------------------+

----------------------------
; Extra Fitter Information ;
----------------------------
HTML report is unavailable in plain text report export.


Path #13: Hold slack is 1.067 
===============================================================================
+----------------------------------------------------+
; Path Summary                                       ;
+--------------------+-------------------------------+
; Property           ; Value                         ;
+--------------------+-------------------------------+
; From Node          ; step6b_target_tai_latched[29] ;
; To Node            ; step6b_armed                  ;
; Launch Clock       ; qsfp_ref_125m                 ;
; Latch Clock        ; qsfp_ref_125m                 ;
; Data Arrival Time  ; 6.280                         ;
; Data Required Time ; 5.213                         ;
; Slack              ; 1.067                         ;
+--------------------+-------------------------------+

+-----------------------------------------------------------------------------------+
; Statistics                                                                        ;
+------------------------+-------+-------+-------------+------------+-------+-------+
; Property               ; Value ; Count ; Total Delay ; % of Total ; Min   ; Max   ;
+------------------------+-------+-------+-------------+------------+-------+-------+
; Hold Relationship      ; 0.000 ;       ;             ;            ;       ;       ;
; Clock Skew             ; 0.037 ;       ;             ;            ;       ;       ;
; Data Delay             ; 1.536 ;       ;             ;            ;       ;       ;
; Number of Logic Levels ;       ; 4     ;             ;            ;       ;       ;
; Physical Delays        ;       ;       ;             ;            ;       ;       ;
;  Arrival Path          ;       ;       ;             ;            ;       ;       ;
;   Clock                ;       ;       ;             ;            ;       ;       ;
;    IC                  ;       ; 4     ; 3.302       ; 70         ; 0.000 ; 3.302 ;
;    Cell                ;       ; 5     ; 1.442       ; 30         ; 0.000 ; 0.974 ;
;   Data                 ;       ;       ;             ;            ;       ;       ;
;    IC                  ;       ; 4     ; 0.814       ; 53         ; 0.120 ; 0.368 ;
;    Cell                ;       ; 10    ; 0.540       ; 35         ; 0.000 ; 0.174 ;
;    uTco                ;       ; 1     ; 0.182       ; 12         ; 0.182 ; 0.182 ;
;  Required Path         ;       ;       ;             ;            ;       ;       ;
;   Clock                ;       ;       ;             ;            ;       ;       ;
;    IC                  ;       ; 4     ; 3.545       ; 67         ; 0.000 ; 3.545 ;
;    Cell                ;       ; 5     ; 1.707       ; 33         ; 0.000 ; 1.166 ;
+------------------------+-------+-------+-------------+------------+-------+-------+
Note: Negative delays are omitted from totals when calculating percentages

+---------------------------------------------------------------------------------------------------------------------------------------------------------------------------+
; Data Arrival Path                                                                                                                                                         ;
+---------+---------+----+------+--------+-----------------------+-----------+----------------------------------------------------------------------------------------------+
; Total   ; Incr    ; RF ; Type ; Fanout ; Location              ; HS/LP     ; Element                                                                                      ;
+---------+---------+----+------+--------+-----------------------+-----------+----------------------------------------------------------------------------------------------+
; 0.000   ; 0.000   ;    ;      ;        ;                       ;           ; launch edge time                                                                             ;
; 4.744   ; 4.744   ;    ;      ;        ;                       ;           ; clock path                                                                                   ;
;   0.000 ;   0.000 ;    ;      ;        ;                       ;           ; source latency                                                                               ;
;   0.000 ;   0.000 ;    ;      ; 1      ; PIN_AH5               ;           ; QSFPA_REFCLK_p                                                                               ;
;   0.000 ;   0.000 ; RR ; IC   ; 1      ; IOIBUF_X224_Y13_N108  ;           ; QSFPA_REFCLK_p~input|i                                                                       ;
;   0.070 ;   0.070 ; RR ; CELL ; 1      ; IOIBUF_X224_Y13_N108  ;           ; QSFPA_REFCLK_p~input|o                                                                       ;
;   0.070 ;   0.000 ; RR ; IC   ; 1      ; HSSIREFCLKDIVIDER_4CT ;           ; QSFPA_REFCLK_p~inputFITTER_INSERTED|refclk_inp                                               ;
;   0.070 ;   0.000 ; RR ; CELL ; 3      ; HSSIREFCLKDIVIDER_4CT ;           ; QSFPA_REFCLK_p~inputFITTER_INSERTED|refclk_a                                                 ;
;   1.044 ;   0.974 ; RR ; CELL ; 1      ; HSSIREFCLKDIVIDER_4CT ;           ; QSFPA_REFCLK_p~inputFITTER_INSERTED~hssi_tile/ch4_pld_pma_fpll_fbclkout_lc_lvpecl_to_coreclk ;
;   1.044 ;   0.000 ; RR ; IC   ; 2      ; CLKCTRL_4C_G_I18      ;           ; QSFPA_REFCLK_p~inputFITTER_INSERTEDCLKENA0|inclk                                             ;
;   1.442 ;   0.398 ; RR ; CELL ; 1017   ; CLKCTRL_4C_G_I18      ;           ; QSFPA_REFCLK_p~inputFITTER_INSERTEDCLKENA0|outclk                                            ;
;   4.744 ;   3.302 ; RR ; IC   ; 1      ; FF_X148_Y39_N22       ; Low Power ; step6b_target_tai_latched[29]|clk                                                            ;
;   4.744 ;   0.000 ; RR ; CELL ; 1      ; FF_X148_Y39_N22       ; Low Power ; step6b_target_tai_latched[29]                                                                ;
; 6.280   ; 1.536   ;    ;      ;        ;                       ;           ; data path                                                                                    ;
;   4.926 ;   0.182 ; FF ; uTco ; 1      ; FF_X148_Y39_N22       ;           ; step6b_target_tai_latched[29]|q                                                              ;
;   4.987 ;   0.061 ; FF ; CELL ; 2      ; FF_X148_Y39_N22       ; Low Power ; step6b_target_tai_latched[29]~la_mlab/laboutt[14]                                            ;
;   5.107 ;   0.120 ; FF ; IC   ; 1      ; MLABCELL_X148_Y39_N21 ; Low Power ; p_step6b_scheduler~17|dataa                                                                  ;
;   5.261 ;   0.154 ; FF ; CELL ; 1      ; MLABCELL_X148_Y39_N21 ; Low Power ; p_step6b_scheduler~17|combout                                                                ;
;   5.263 ;   0.002 ; FF ; CELL ; 1      ; MLABCELL_X148_Y39_N21 ; Low Power ; p_step6b_scheduler~17~la_mlab/laboutt[15]                                                    ;
;   5.431 ;   0.168 ; FF ; IC   ; 1      ; LABCELL_X147_Y39_N0   ; Low Power ; p_step6b_scheduler~24|dataf                                                                  ;
;   5.463 ;   0.032 ; FF ; CELL ; 1      ; LABCELL_X147_Y39_N0   ; Low Power ; p_step6b_scheduler~24|combout                                                                ;
;   5.465 ;   0.002 ; FF ; CELL ; 4      ; LABCELL_X147_Y39_N0   ; Low Power ; p_step6b_scheduler~24~la_lab/laboutt[1]                                                      ;
;   5.833 ;   0.368 ; FF ; IC   ; 1      ; MLABCELL_X146_Y43_N12 ; Low Power ; p_step6b_scheduler~25|datac                                                                  ;
;   5.945 ;   0.112 ; FF ; CELL ; 1      ; MLABCELL_X146_Y43_N12 ; Low Power ; p_step6b_scheduler~25|combout                                                                ;
;   5.948 ;   0.003 ; FF ; CELL ; 2      ; MLABCELL_X146_Y43_N12 ; Low Power ; p_step6b_scheduler~25~la_mlab/laboutt[9]                                                     ;
;   6.106 ;   0.158 ; FF ; IC   ; 1      ; MLABCELL_X146_Y43_N39 ; Low Power ; step6b_armed~0|datab                                                                         ;
;   6.280 ;   0.174 ; FR ; CELL ; 1      ; MLABCELL_X146_Y43_N39 ; Low Power ; step6b_armed~0|combout                                                                       ;
;   6.280 ;   0.000 ; RR ; CELL ; 1      ; FF_X146_Y43_N40       ; Low Power ; step6b_armed|d                                                                               ;
;   6.280 ;   0.000 ; RR ; CELL ; 1      ; FF_X146_Y43_N40       ; Low Power ; step6b_armed                                                                                 ;
+---------+---------+----+------+--------+-----------------------+-----------+----------------------------------------------------------------------------------------------+

+----------------------------------------------------------------------------------------------------------------------------------------------------------------------------+
; Data Required Path                                                                                                                                                         ;
+---------+----------+----+------+--------+-----------------------+-----------+----------------------------------------------------------------------------------------------+
; Total   ; Incr     ; RF ; Type ; Fanout ; Location              ; HS/LP     ; Element                                                                                      ;
+---------+----------+----+------+--------+-----------------------+-----------+----------------------------------------------------------------------------------------------+
; 0.000   ; 0.000    ;    ;      ;        ;                       ;           ; latch edge time                                                                              ;
; 4.781   ; 4.781    ;    ;      ;        ;                       ;           ; clock path                                                                                   ;
;   0.000 ;   0.000  ;    ;      ;        ;                       ;           ; source latency                                                                               ;
;   0.000 ;   0.000  ;    ;      ; 1      ; PIN_AH5               ;           ; QSFPA_REFCLK_p                                                                               ;
;   0.000 ;   0.000  ; RR ; IC   ; 1      ; IOIBUF_X224_Y13_N108  ;           ; QSFPA_REFCLK_p~input|i                                                                       ;
;   0.070 ;   0.070  ; RR ; CELL ; 1      ; IOIBUF_X224_Y13_N108  ;           ; QSFPA_REFCLK_p~input|o                                                                       ;
;   0.070 ;   0.000  ; RR ; IC   ; 1      ; HSSIREFCLKDIVIDER_4CT ;           ; QSFPA_REFCLK_p~inputFITTER_INSERTED|refclk_inp                                               ;
;   0.070 ;   0.000  ; RR ; CELL ; 3      ; HSSIREFCLKDIVIDER_4CT ;           ; QSFPA_REFCLK_p~inputFITTER_INSERTED|refclk_a                                                 ;
;   1.236 ;   1.166  ; RR ; CELL ; 1      ; HSSIREFCLKDIVIDER_4CT ;           ; QSFPA_REFCLK_p~inputFITTER_INSERTED~hssi_tile/ch4_pld_pma_fpll_fbclkout_lc_lvpecl_to_coreclk ;
;   1.236 ;   0.000  ; RR ; IC   ; 2      ; CLKCTRL_4C_G_I18      ;           ; QSFPA_REFCLK_p~inputFITTER_INSERTEDCLKENA0|inclk                                             ;
;   1.707 ;   0.471  ; RR ; CELL ; 1017   ; CLKCTRL_4C_G_I18      ;           ; QSFPA_REFCLK_p~inputFITTER_INSERTEDCLKENA0|outclk                                            ;
;   5.252 ;   3.545  ; RR ; IC   ; 1      ; FF_X146_Y43_N40       ; Low Power ; step6b_armed|clk                                                                             ;
;   5.252 ;   0.000  ; RR ; CELL ; 1      ; FF_X146_Y43_N40       ; Low Power ; step6b_armed                                                                                 ;
;   4.781 ;   -0.471 ;    ;      ;        ;                       ;           ; clock pessimism removed                                                                      ;
; 4.781   ; 0.000    ;    ;      ;        ;                       ;           ; clock uncertainty                                                                            ;
; 5.213   ; 0.432    ;    ; uTh  ; 1      ; FF_X146_Y43_N40       ;           ; step6b_armed                                                                                 ;
+---------+----------+----+------+--------+-----------------------+-----------+----------------------------------------------------------------------------------------------+

----------------------------
; Extra Fitter Information ;
----------------------------
HTML report is unavailable in plain text report export.


Path #14: Hold slack is 1.071 
===============================================================================
+----------------------------------------------------+
; Path Summary                                       ;
+--------------------+-------------------------------+
; Property           ; Value                         ;
+--------------------+-------------------------------+
; From Node          ; step6b_target_tai_latched[11] ;
; To Node            ; step6b_armed                  ;
; Launch Clock       ; qsfp_ref_125m                 ;
; Latch Clock        ; qsfp_ref_125m                 ;
; Data Arrival Time  ; 6.284                         ;
; Data Required Time ; 5.213                         ;
; Slack              ; 1.071                         ;
+--------------------+-------------------------------+

+-----------------------------------------------------------------------------------+
; Statistics                                                                        ;
+------------------------+-------+-------+-------------+------------+-------+-------+
; Property               ; Value ; Count ; Total Delay ; % of Total ; Min   ; Max   ;
+------------------------+-------+-------+-------------+------------+-------+-------+
; Hold Relationship      ; 0.000 ;       ;             ;            ;       ;       ;
; Clock Skew             ; 0.039 ;       ;             ;            ;       ;       ;
; Data Delay             ; 1.542 ;       ;             ;            ;       ;       ;
; Number of Logic Levels ;       ; 4     ;             ;            ;       ;       ;
; Physical Delays        ;       ;       ;             ;            ;       ;       ;
;  Arrival Path          ;       ;       ;             ;            ;       ;       ;
;   Clock                ;       ;       ;             ;            ;       ;       ;
;    IC                  ;       ; 4     ; 3.300       ; 70         ; 0.000 ; 3.300 ;
;    Cell                ;       ; 5     ; 1.442       ; 30         ; 0.000 ; 0.974 ;
;   Data                 ;       ;       ;             ;            ;       ;       ;
;    IC                  ;       ; 4     ; 0.770       ; 50         ; 0.116 ; 0.368 ;
;    Cell                ;       ; 10    ; 0.591       ; 38         ; 0.000 ; 0.174 ;
;    uTco                ;       ; 1     ; 0.181       ; 12         ; 0.181 ; 0.181 ;
;  Required Path         ;       ;       ;             ;            ;       ;       ;
;   Clock                ;       ;       ;             ;            ;       ;       ;
;    IC                  ;       ; 4     ; 3.545       ; 67         ; 0.000 ; 3.545 ;
;    Cell                ;       ; 5     ; 1.707       ; 33         ; 0.000 ; 1.166 ;
+------------------------+-------+-------+-------------+------------+-------+-------+
Note: Negative delays are omitted from totals when calculating percentages

+---------------------------------------------------------------------------------------------------------------------------------------------------------------------------+
; Data Arrival Path                                                                                                                                                         ;
+---------+---------+----+------+--------+-----------------------+-----------+----------------------------------------------------------------------------------------------+
; Total   ; Incr    ; RF ; Type ; Fanout ; Location              ; HS/LP     ; Element                                                                                      ;
+---------+---------+----+------+--------+-----------------------+-----------+----------------------------------------------------------------------------------------------+
; 0.000   ; 0.000   ;    ;      ;        ;                       ;           ; launch edge time                                                                             ;
; 4.742   ; 4.742   ;    ;      ;        ;                       ;           ; clock path                                                                                   ;
;   0.000 ;   0.000 ;    ;      ;        ;                       ;           ; source latency                                                                               ;
;   0.000 ;   0.000 ;    ;      ; 1      ; PIN_AH5               ;           ; QSFPA_REFCLK_p                                                                               ;
;   0.000 ;   0.000 ; RR ; IC   ; 1      ; IOIBUF_X224_Y13_N108  ;           ; QSFPA_REFCLK_p~input|i                                                                       ;
;   0.070 ;   0.070 ; RR ; CELL ; 1      ; IOIBUF_X224_Y13_N108  ;           ; QSFPA_REFCLK_p~input|o                                                                       ;
;   0.070 ;   0.000 ; RR ; IC   ; 1      ; HSSIREFCLKDIVIDER_4CT ;           ; QSFPA_REFCLK_p~inputFITTER_INSERTED|refclk_inp                                               ;
;   0.070 ;   0.000 ; RR ; CELL ; 3      ; HSSIREFCLKDIVIDER_4CT ;           ; QSFPA_REFCLK_p~inputFITTER_INSERTED|refclk_a                                                 ;
;   1.044 ;   0.974 ; RR ; CELL ; 1      ; HSSIREFCLKDIVIDER_4CT ;           ; QSFPA_REFCLK_p~inputFITTER_INSERTED~hssi_tile/ch4_pld_pma_fpll_fbclkout_lc_lvpecl_to_coreclk ;
;   1.044 ;   0.000 ; RR ; IC   ; 2      ; CLKCTRL_4C_G_I18      ;           ; QSFPA_REFCLK_p~inputFITTER_INSERTEDCLKENA0|inclk                                             ;
;   1.442 ;   0.398 ; RR ; CELL ; 1017   ; CLKCTRL_4C_G_I18      ;           ; QSFPA_REFCLK_p~inputFITTER_INSERTEDCLKENA0|outclk                                            ;
;   4.742 ;   3.300 ; RR ; IC   ; 1      ; FF_X147_Y39_N10       ; Low Power ; step6b_target_tai_latched[11]|clk                                                            ;
;   4.742 ;   0.000 ; RR ; CELL ; 1      ; FF_X147_Y39_N10       ; Low Power ; step6b_target_tai_latched[11]                                                                ;
; 6.284   ; 1.542   ;    ;      ;        ;                       ;           ; data path                                                                                    ;
;   4.923 ;   0.181 ; FF ; uTco ; 1      ; FF_X147_Y39_N10       ;           ; step6b_target_tai_latched[11]|q                                                              ;
;   4.984 ;   0.061 ; FF ; CELL ; 2      ; FF_X147_Y39_N10       ; Low Power ; step6b_target_tai_latched[11]~la_lab/laboutt[6]                                              ;
;   5.112 ;   0.128 ; FF ; IC   ; 1      ; LABCELL_X147_Y39_N9   ; Low Power ; p_step6b_scheduler~11|datab                                                                  ;
;   5.271 ;   0.159 ; FF ; CELL ; 1      ; LABCELL_X147_Y39_N9   ; Low Power ; p_step6b_scheduler~11|combout                                                                ;
;   5.273 ;   0.002 ; FF ; CELL ; 1      ; LABCELL_X147_Y39_N9   ; Low Power ; p_step6b_scheduler~11~la_lab/laboutt[7]                                                      ;
;   5.389 ;   0.116 ; FF ; IC   ; 1      ; LABCELL_X147_Y39_N0   ; Low Power ; p_step6b_scheduler~24|datae                                                                  ;
;   5.467 ;   0.078 ; FF ; CELL ; 1      ; LABCELL_X147_Y39_N0   ; Low Power ; p_step6b_scheduler~24|combout                                                                ;
;   5.469 ;   0.002 ; FF ; CELL ; 4      ; LABCELL_X147_Y39_N0   ; Low Power ; p_step6b_scheduler~24~la_lab/laboutt[1]                                                      ;
;   5.837 ;   0.368 ; FF ; IC   ; 1      ; MLABCELL_X146_Y43_N12 ; Low Power ; p_step6b_scheduler~25|datac                                                                  ;
;   5.949 ;   0.112 ; FF ; CELL ; 1      ; MLABCELL_X146_Y43_N12 ; Low Power ; p_step6b_scheduler~25|combout                                                                ;
;   5.952 ;   0.003 ; FF ; CELL ; 2      ; MLABCELL_X146_Y43_N12 ; Low Power ; p_step6b_scheduler~25~la_mlab/laboutt[9]                                                     ;
;   6.110 ;   0.158 ; FF ; IC   ; 1      ; MLABCELL_X146_Y43_N39 ; Low Power ; step6b_armed~0|datab                                                                         ;
;   6.284 ;   0.174 ; FR ; CELL ; 1      ; MLABCELL_X146_Y43_N39 ; Low Power ; step6b_armed~0|combout                                                                       ;
;   6.284 ;   0.000 ; RR ; CELL ; 1      ; FF_X146_Y43_N40       ; Low Power ; step6b_armed|d                                                                               ;
;   6.284 ;   0.000 ; RR ; CELL ; 1      ; FF_X146_Y43_N40       ; Low Power ; step6b_armed                                                                                 ;
+---------+---------+----+------+--------+-----------------------+-----------+----------------------------------------------------------------------------------------------+

+----------------------------------------------------------------------------------------------------------------------------------------------------------------------------+
; Data Required Path                                                                                                                                                         ;
+---------+----------+----+------+--------+-----------------------+-----------+----------------------------------------------------------------------------------------------+
; Total   ; Incr     ; RF ; Type ; Fanout ; Location              ; HS/LP     ; Element                                                                                      ;
+---------+----------+----+------+--------+-----------------------+-----------+----------------------------------------------------------------------------------------------+
; 0.000   ; 0.000    ;    ;      ;        ;                       ;           ; latch edge time                                                                              ;
; 4.781   ; 4.781    ;    ;      ;        ;                       ;           ; clock path                                                                                   ;
;   0.000 ;   0.000  ;    ;      ;        ;                       ;           ; source latency                                                                               ;
;   0.000 ;   0.000  ;    ;      ; 1      ; PIN_AH5               ;           ; QSFPA_REFCLK_p                                                                               ;
;   0.000 ;   0.000  ; RR ; IC   ; 1      ; IOIBUF_X224_Y13_N108  ;           ; QSFPA_REFCLK_p~input|i                                                                       ;
;   0.070 ;   0.070  ; RR ; CELL ; 1      ; IOIBUF_X224_Y13_N108  ;           ; QSFPA_REFCLK_p~input|o                                                                       ;
;   0.070 ;   0.000  ; RR ; IC   ; 1      ; HSSIREFCLKDIVIDER_4CT ;           ; QSFPA_REFCLK_p~inputFITTER_INSERTED|refclk_inp                                               ;
;   0.070 ;   0.000  ; RR ; CELL ; 3      ; HSSIREFCLKDIVIDER_4CT ;           ; QSFPA_REFCLK_p~inputFITTER_INSERTED|refclk_a                                                 ;
;   1.236 ;   1.166  ; RR ; CELL ; 1      ; HSSIREFCLKDIVIDER_4CT ;           ; QSFPA_REFCLK_p~inputFITTER_INSERTED~hssi_tile/ch4_pld_pma_fpll_fbclkout_lc_lvpecl_to_coreclk ;
;   1.236 ;   0.000  ; RR ; IC   ; 2      ; CLKCTRL_4C_G_I18      ;           ; QSFPA_REFCLK_p~inputFITTER_INSERTEDCLKENA0|inclk                                             ;
;   1.707 ;   0.471  ; RR ; CELL ; 1017   ; CLKCTRL_4C_G_I18      ;           ; QSFPA_REFCLK_p~inputFITTER_INSERTEDCLKENA0|outclk                                            ;
;   5.252 ;   3.545  ; RR ; IC   ; 1      ; FF_X146_Y43_N40       ; Low Power ; step6b_armed|clk                                                                             ;
;   5.252 ;   0.000  ; RR ; CELL ; 1      ; FF_X146_Y43_N40       ; Low Power ; step6b_armed                                                                                 ;
;   4.781 ;   -0.471 ;    ;      ;        ;                       ;           ; clock pessimism removed                                                                      ;
; 4.781   ; 0.000    ;    ;      ;        ;                       ;           ; clock uncertainty                                                                            ;
; 5.213   ; 0.432    ;    ; uTh  ; 1      ; FF_X146_Y43_N40       ;           ; step6b_armed                                                                                 ;
+---------+----------+----+------+--------+-----------------------+-----------+----------------------------------------------------------------------------------------------+

----------------------------
; Extra Fitter Information ;
----------------------------
HTML report is unavailable in plain text report export.


Path #15: Hold slack is 1.074 
===============================================================================
+----------------------------------------------------+
; Path Summary                                       ;
+--------------------+-------------------------------+
; Property           ; Value                         ;
+--------------------+-------------------------------+
; From Node          ; step6b_target_tai_latched[30] ;
; To Node            ; step6b_armed                  ;
; Launch Clock       ; qsfp_ref_125m                 ;
; Latch Clock        ; qsfp_ref_125m                 ;
; Data Arrival Time  ; 6.287                         ;
; Data Required Time ; 5.213                         ;
; Slack              ; 1.074                         ;
+--------------------+-------------------------------+

+-----------------------------------------------------------------------------------+
; Statistics                                                                        ;
+------------------------+-------+-------+-------------+------------+-------+-------+
; Property               ; Value ; Count ; Total Delay ; % of Total ; Min   ; Max   ;
+------------------------+-------+-------+-------------+------------+-------+-------+
; Hold Relationship      ; 0.000 ;       ;             ;            ;       ;       ;
; Clock Skew             ; 0.068 ;       ;             ;            ;       ;       ;
; Data Delay             ; 1.574 ;       ;             ;            ;       ;       ;
; Number of Logic Levels ;       ; 4     ;             ;            ;       ;       ;
; Physical Delays        ;       ;       ;             ;            ;       ;       ;
;  Arrival Path          ;       ;       ;             ;            ;       ;       ;
;   Clock                ;       ;       ;             ;            ;       ;       ;
;    IC                  ;       ; 4     ; 3.271       ; 69         ; 0.000 ; 3.271 ;
;    Cell                ;       ; 5     ; 1.442       ; 31         ; 0.000 ; 0.974 ;
;   Data                 ;       ;       ;             ;            ;       ;       ;
;    IC                  ;       ; 4     ; 0.922       ; 59         ; 0.158 ; 0.368 ;
;    Cell                ;       ; 10    ; 0.493       ; 31         ; 0.000 ; 0.174 ;
;    uTco                ;       ; 1     ; 0.159       ; 10         ; 0.159 ; 0.159 ;
;  Required Path         ;       ;       ;             ;            ;       ;       ;
;   Clock                ;       ;       ;             ;            ;       ;       ;
;    IC                  ;       ; 4     ; 3.545       ; 67         ; 0.000 ; 3.545 ;
;    Cell                ;       ; 5     ; 1.707       ; 33         ; 0.000 ; 1.166 ;
+------------------------+-------+-------+-------------+------------+-------+-------+
Note: Negative delays are omitted from totals when calculating percentages

+----------------------------------------------------------------------------------------------------------------------------------------------------------------------------+
; Data Arrival Path                                                                                                                                                          ;
+---------+---------+----+------+--------+-----------------------+------------+----------------------------------------------------------------------------------------------+
; Total   ; Incr    ; RF ; Type ; Fanout ; Location              ; HS/LP      ; Element                                                                                      ;
+---------+---------+----+------+--------+-----------------------+------------+----------------------------------------------------------------------------------------------+
; 0.000   ; 0.000   ;    ;      ;        ;                       ;            ; launch edge time                                                                             ;
; 4.713   ; 4.713   ;    ;      ;        ;                       ;            ; clock path                                                                                   ;
;   0.000 ;   0.000 ;    ;      ;        ;                       ;            ; source latency                                                                               ;
;   0.000 ;   0.000 ;    ;      ; 1      ; PIN_AH5               ;            ; QSFPA_REFCLK_p                                                                               ;
;   0.000 ;   0.000 ; RR ; IC   ; 1      ; IOIBUF_X224_Y13_N108  ;            ; QSFPA_REFCLK_p~input|i                                                                       ;
;   0.070 ;   0.070 ; RR ; CELL ; 1      ; IOIBUF_X224_Y13_N108  ;            ; QSFPA_REFCLK_p~input|o                                                                       ;
;   0.070 ;   0.000 ; RR ; IC   ; 1      ; HSSIREFCLKDIVIDER_4CT ;            ; QSFPA_REFCLK_p~inputFITTER_INSERTED|refclk_inp                                               ;
;   0.070 ;   0.000 ; RR ; CELL ; 3      ; HSSIREFCLKDIVIDER_4CT ;            ; QSFPA_REFCLK_p~inputFITTER_INSERTED|refclk_a                                                 ;
;   1.044 ;   0.974 ; RR ; CELL ; 1      ; HSSIREFCLKDIVIDER_4CT ;            ; QSFPA_REFCLK_p~inputFITTER_INSERTED~hssi_tile/ch4_pld_pma_fpll_fbclkout_lc_lvpecl_to_coreclk ;
;   1.044 ;   0.000 ; RR ; IC   ; 2      ; CLKCTRL_4C_G_I18      ;            ; QSFPA_REFCLK_p~inputFITTER_INSERTEDCLKENA0|inclk                                             ;
;   1.442 ;   0.398 ; RR ; CELL ; 1017   ; CLKCTRL_4C_G_I18      ;            ; QSFPA_REFCLK_p~inputFITTER_INSERTEDCLKENA0|outclk                                            ;
;   4.713 ;   3.271 ; RR ; IC   ; 1      ; FF_X145_Y39_N28       ; High Speed ; step6b_target_tai_latched[30]|clk                                                            ;
;   4.713 ;   0.000 ; RR ; CELL ; 1      ; FF_X145_Y39_N28       ; High Speed ; step6b_target_tai_latched[30]                                                                ;
; 6.287   ; 1.574   ;    ;      ;        ;                       ;            ; data path                                                                                    ;
;   4.872 ;   0.159 ; FF ; uTco ; 1      ; FF_X145_Y39_N28       ;            ; step6b_target_tai_latched[30]|q                                                              ;
;   4.924 ;   0.052 ; FF ; CELL ; 2      ; FF_X145_Y39_N28       ; High Speed ; step6b_target_tai_latched[30]~la_lab/laboutt[18]                                             ;
;   5.152 ;   0.228 ; FF ; IC   ; 1      ; MLABCELL_X148_Y39_N21 ; Mixed      ; p_step6b_scheduler~17|datae                                                                  ;
;   5.268 ;   0.116 ; FF ; CELL ; 1      ; MLABCELL_X148_Y39_N21 ; Low Power  ; p_step6b_scheduler~17|combout                                                                ;
;   5.270 ;   0.002 ; FF ; CELL ; 1      ; MLABCELL_X148_Y39_N21 ; Low Power  ; p_step6b_scheduler~17~la_mlab/laboutt[15]                                                    ;
;   5.438 ;   0.168 ; FF ; IC   ; 1      ; LABCELL_X147_Y39_N0   ; Low Power  ; p_step6b_scheduler~24|dataf                                                                  ;
;   5.470 ;   0.032 ; FF ; CELL ; 1      ; LABCELL_X147_Y39_N0   ; Low Power  ; p_step6b_scheduler~24|combout                                                                ;
;   5.472 ;   0.002 ; FF ; CELL ; 4      ; LABCELL_X147_Y39_N0   ; Low Power  ; p_step6b_scheduler~24~la_lab/laboutt[1]                                                      ;
;   5.840 ;   0.368 ; FF ; IC   ; 1      ; MLABCELL_X146_Y43_N12 ; Low Power  ; p_step6b_scheduler~25|datac                                                                  ;
;   5.952 ;   0.112 ; FF ; CELL ; 1      ; MLABCELL_X146_Y43_N12 ; Low Power  ; p_step6b_scheduler~25|combout                                                                ;
;   5.955 ;   0.003 ; FF ; CELL ; 2      ; MLABCELL_X146_Y43_N12 ; Low Power  ; p_step6b_scheduler~25~la_mlab/laboutt[9]                                                     ;
;   6.113 ;   0.158 ; FF ; IC   ; 1      ; MLABCELL_X146_Y43_N39 ; Low Power  ; step6b_armed~0|datab                                                                         ;
;   6.287 ;   0.174 ; FR ; CELL ; 1      ; MLABCELL_X146_Y43_N39 ; Low Power  ; step6b_armed~0|combout                                                                       ;
;   6.287 ;   0.000 ; RR ; CELL ; 1      ; FF_X146_Y43_N40       ; Low Power  ; step6b_armed|d                                                                               ;
;   6.287 ;   0.000 ; RR ; CELL ; 1      ; FF_X146_Y43_N40       ; Low Power  ; step6b_armed                                                                                 ;
+---------+---------+----+------+--------+-----------------------+------------+----------------------------------------------------------------------------------------------+

+----------------------------------------------------------------------------------------------------------------------------------------------------------------------------+
; Data Required Path                                                                                                                                                         ;
+---------+----------+----+------+--------+-----------------------+-----------+----------------------------------------------------------------------------------------------+
; Total   ; Incr     ; RF ; Type ; Fanout ; Location              ; HS/LP     ; Element                                                                                      ;
+---------+----------+----+------+--------+-----------------------+-----------+----------------------------------------------------------------------------------------------+
; 0.000   ; 0.000    ;    ;      ;        ;                       ;           ; latch edge time                                                                              ;
; 4.781   ; 4.781    ;    ;      ;        ;                       ;           ; clock path                                                                                   ;
;   0.000 ;   0.000  ;    ;      ;        ;                       ;           ; source latency                                                                               ;
;   0.000 ;   0.000  ;    ;      ; 1      ; PIN_AH5               ;           ; QSFPA_REFCLK_p                                                                               ;
;   0.000 ;   0.000  ; RR ; IC   ; 1      ; IOIBUF_X224_Y13_N108  ;           ; QSFPA_REFCLK_p~input|i                                                                       ;
;   0.070 ;   0.070  ; RR ; CELL ; 1      ; IOIBUF_X224_Y13_N108  ;           ; QSFPA_REFCLK_p~input|o                                                                       ;
;   0.070 ;   0.000  ; RR ; IC   ; 1      ; HSSIREFCLKDIVIDER_4CT ;           ; QSFPA_REFCLK_p~inputFITTER_INSERTED|refclk_inp                                               ;
;   0.070 ;   0.000  ; RR ; CELL ; 3      ; HSSIREFCLKDIVIDER_4CT ;           ; QSFPA_REFCLK_p~inputFITTER_INSERTED|refclk_a                                                 ;
;   1.236 ;   1.166  ; RR ; CELL ; 1      ; HSSIREFCLKDIVIDER_4CT ;           ; QSFPA_REFCLK_p~inputFITTER_INSERTED~hssi_tile/ch4_pld_pma_fpll_fbclkout_lc_lvpecl_to_coreclk ;
;   1.236 ;   0.000  ; RR ; IC   ; 2      ; CLKCTRL_4C_G_I18      ;           ; QSFPA_REFCLK_p~inputFITTER_INSERTEDCLKENA0|inclk                                             ;
;   1.707 ;   0.471  ; RR ; CELL ; 1017   ; CLKCTRL_4C_G_I18      ;           ; QSFPA_REFCLK_p~inputFITTER_INSERTEDCLKENA0|outclk                                            ;
;   5.252 ;   3.545  ; RR ; IC   ; 1      ; FF_X146_Y43_N40       ; Low Power ; step6b_armed|clk                                                                             ;
;   5.252 ;   0.000  ; RR ; CELL ; 1      ; FF_X146_Y43_N40       ; Low Power ; step6b_armed                                                                                 ;
;   4.781 ;   -0.471 ;    ;      ;        ;                       ;           ; clock pessimism removed                                                                      ;
; 4.781   ; 0.000    ;    ;      ;        ;                       ;           ; clock uncertainty                                                                            ;
; 5.213   ; 0.432    ;    ; uTh  ; 1      ; FF_X146_Y43_N40       ;           ; step6b_armed                                                                                 ;
+---------+----------+----+------+--------+-----------------------+-----------+----------------------------------------------------------------------------------------------+

----------------------------
; Extra Fitter Information ;
----------------------------
HTML report is unavailable in plain text report export.


Path #16: Hold slack is 1.079 
===============================================================================
+------------------------------------------------------------------------------------------------------------------+
; Path Summary                                                                                                     ;
+--------------------+---------------------------------------------------------------------------------------------+
; Property           ; Value                                                                                       ;
+--------------------+---------------------------------------------------------------------------------------------+
; From Node          ; xwr_core:u_xwr_core|wr_core:WRPC|xwr_pps_gen:PPS_GEN|wr_pps_gen:WRAPPED_PPSGEN|cntr_utc[38] ;
; To Node            ; step6b_armed                                                                                ;
; Launch Clock       ; qsfp_ref_125m                                                                               ;
; Latch Clock        ; qsfp_ref_125m                                                                               ;
; Data Arrival Time  ; 6.292                                                                                       ;
; Data Required Time ; 5.213                                                                                       ;
; Slack              ; 1.079                                                                                       ;
+--------------------+---------------------------------------------------------------------------------------------+

+-----------------------------------------------------------------------------------+
; Statistics                                                                        ;
+------------------------+-------+-------+-------------+------------+-------+-------+
; Property               ; Value ; Count ; Total Delay ; % of Total ; Min   ; Max   ;
+------------------------+-------+-------+-------------+------------+-------+-------+
; Hold Relationship      ; 0.000 ;       ;             ;            ;       ;       ;
; Clock Skew             ; 0.057 ;       ;             ;            ;       ;       ;
; Data Delay             ; 1.568 ;       ;             ;            ;       ;       ;
; Number of Logic Levels ;       ; 3     ;             ;            ;       ;       ;
; Physical Delays        ;       ;       ;             ;            ;       ;       ;
;  Arrival Path          ;       ;       ;             ;            ;       ;       ;
;   Clock                ;       ;       ;             ;            ;       ;       ;
;    IC                  ;       ; 4     ; 3.282       ; 69         ; 0.000 ; 3.282 ;
;    Cell                ;       ; 5     ; 1.442       ; 31         ; 0.000 ; 0.974 ;
;   Data                 ;       ;       ;             ;            ;       ;       ;
;    IC                  ;       ; 3     ; 0.841       ; 54         ; 0.158 ; 0.427 ;
;    Cell                ;       ; 8     ; 0.558       ; 36         ; 0.000 ; 0.174 ;
;    uTco                ;       ; 1     ; 0.169       ; 11         ; 0.169 ; 0.169 ;
;  Required Path         ;       ;       ;             ;            ;       ;       ;
;   Clock                ;       ;       ;             ;            ;       ;       ;
;    IC                  ;       ; 4     ; 3.545       ; 67         ; 0.000 ; 3.545 ;
;    Cell                ;       ; 5     ; 1.707       ; 33         ; 0.000 ; 1.166 ;
+------------------------+-------+-------+-------------+------------+-------+-------+
Note: Negative delays are omitted from totals when calculating percentages

+-----------------------------------------------------------------------------------------------------------------------------------------------------------------------------------------------+
; Data Arrival Path                                                                                                                                                                             ;
+---------+---------+----+------+--------+-----------------------+------------+-----------------------------------------------------------------------------------------------------------------+
; Total   ; Incr    ; RF ; Type ; Fanout ; Location              ; HS/LP      ; Element                                                                                                         ;
+---------+---------+----+------+--------+-----------------------+------------+-----------------------------------------------------------------------------------------------------------------+
; 0.000   ; 0.000   ;    ;      ;        ;                       ;            ; launch edge time                                                                                                ;
; 4.724   ; 4.724   ;    ;      ;        ;                       ;            ; clock path                                                                                                      ;
;   0.000 ;   0.000 ;    ;      ;        ;                       ;            ; source latency                                                                                                  ;
;   0.000 ;   0.000 ;    ;      ; 1      ; PIN_AH5               ;            ; QSFPA_REFCLK_p                                                                                                  ;
;   0.000 ;   0.000 ; RR ; IC   ; 1      ; IOIBUF_X224_Y13_N108  ;            ; QSFPA_REFCLK_p~input|i                                                                                          ;
;   0.070 ;   0.070 ; RR ; CELL ; 1      ; IOIBUF_X224_Y13_N108  ;            ; QSFPA_REFCLK_p~input|o                                                                                          ;
;   0.070 ;   0.000 ; RR ; IC   ; 1      ; HSSIREFCLKDIVIDER_4CT ;            ; QSFPA_REFCLK_p~inputFITTER_INSERTED|refclk_inp                                                                  ;
;   0.070 ;   0.000 ; RR ; CELL ; 3      ; HSSIREFCLKDIVIDER_4CT ;            ; QSFPA_REFCLK_p~inputFITTER_INSERTED|refclk_a                                                                    ;
;   1.044 ;   0.974 ; RR ; CELL ; 1      ; HSSIREFCLKDIVIDER_4CT ;            ; QSFPA_REFCLK_p~inputFITTER_INSERTED~hssi_tile/ch4_pld_pma_fpll_fbclkout_lc_lvpecl_to_coreclk                    ;
;   1.044 ;   0.000 ; RR ; IC   ; 2      ; CLKCTRL_4C_G_I18      ;            ; QSFPA_REFCLK_p~inputFITTER_INSERTEDCLKENA0|inclk                                                                ;
;   1.442 ;   0.398 ; RR ; CELL ; 1017   ; CLKCTRL_4C_G_I18      ;            ; QSFPA_REFCLK_p~inputFITTER_INSERTEDCLKENA0|outclk                                                               ;
;   4.724 ;   3.282 ; RR ; IC   ; 1      ; FF_X152_Y40_N19       ; High Speed ; u_xwr_core|WRPC|PPS_GEN|WRAPPED_PPSGEN|cntr_utc[38]|clk                                                         ;
;   4.724 ;   0.000 ; RR ; CELL ; 1      ; FF_X152_Y40_N19       ; High Speed ; xwr_core:u_xwr_core|wr_core:WRPC|xwr_pps_gen:PPS_GEN|wr_pps_gen:WRAPPED_PPSGEN|cntr_utc[38]                     ;
; 6.292   ; 1.568   ;    ;      ;        ;                       ;            ; data path                                                                                                       ;
;   4.893 ;   0.169 ; FF ; uTco ; 1      ; FF_X152_Y40_N19       ;            ; u_xwr_core|WRPC|PPS_GEN|WRAPPED_PPSGEN|cntr_utc[38]|q                                                           ;
;   4.977 ;   0.084 ; FF ; CELL ; 5      ; FF_X152_Y40_N19       ; High Speed ; xwr_core:u_xwr_core|wr_core:WRPC|xwr_pps_gen:PPS_GEN|wr_pps_gen:WRAPPED_PPSGEN|cntr_utc[38]~la_mlab/laboutt[12] ;
;   5.404 ;   0.427 ; FF ; IC   ; 1      ; LABCELL_X147_Y41_N54  ; High Speed ; p_step6b_scheduler~3|dataa                                                                                      ;
;   5.547 ;   0.143 ; FF ; CELL ; 1      ; LABCELL_X147_Y41_N54  ; High Speed ; p_step6b_scheduler~3|combout                                                                                    ;
;   5.549 ;   0.002 ; FF ; CELL ; 4      ; LABCELL_X147_Y41_N54  ; High Speed ; p_step6b_scheduler~3~la_lab/laboutb[17]                                                                         ;
;   5.805 ;   0.256 ; FF ; IC   ; 1      ; MLABCELL_X146_Y43_N12 ; Mixed      ; p_step6b_scheduler~25|datab                                                                                     ;
;   5.957 ;   0.152 ; FF ; CELL ; 1      ; MLABCELL_X146_Y43_N12 ; Low Power  ; p_step6b_scheduler~25|combout                                                                                   ;
;   5.960 ;   0.003 ; FF ; CELL ; 2      ; MLABCELL_X146_Y43_N12 ; Low Power  ; p_step6b_scheduler~25~la_mlab/laboutt[9]                                                                        ;
;   6.118 ;   0.158 ; FF ; IC   ; 1      ; MLABCELL_X146_Y43_N39 ; Low Power  ; step6b_armed~0|datab                                                                                            ;
;   6.292 ;   0.174 ; FR ; CELL ; 1      ; MLABCELL_X146_Y43_N39 ; Low Power  ; step6b_armed~0|combout                                                                                          ;
;   6.292 ;   0.000 ; RR ; CELL ; 1      ; FF_X146_Y43_N40       ; Low Power  ; step6b_armed|d                                                                                                  ;
;   6.292 ;   0.000 ; RR ; CELL ; 1      ; FF_X146_Y43_N40       ; Low Power  ; step6b_armed                                                                                                    ;
+---------+---------+----+------+--------+-----------------------+------------+-----------------------------------------------------------------------------------------------------------------+

+----------------------------------------------------------------------------------------------------------------------------------------------------------------------------+
; Data Required Path                                                                                                                                                         ;
+---------+----------+----+------+--------+-----------------------+-----------+----------------------------------------------------------------------------------------------+
; Total   ; Incr     ; RF ; Type ; Fanout ; Location              ; HS/LP     ; Element                                                                                      ;
+---------+----------+----+------+--------+-----------------------+-----------+----------------------------------------------------------------------------------------------+
; 0.000   ; 0.000    ;    ;      ;        ;                       ;           ; latch edge time                                                                              ;
; 4.781   ; 4.781    ;    ;      ;        ;                       ;           ; clock path                                                                                   ;
;   0.000 ;   0.000  ;    ;      ;        ;                       ;           ; source latency                                                                               ;
;   0.000 ;   0.000  ;    ;      ; 1      ; PIN_AH5               ;           ; QSFPA_REFCLK_p                                                                               ;
;   0.000 ;   0.000  ; RR ; IC   ; 1      ; IOIBUF_X224_Y13_N108  ;           ; QSFPA_REFCLK_p~input|i                                                                       ;
;   0.070 ;   0.070  ; RR ; CELL ; 1      ; IOIBUF_X224_Y13_N108  ;           ; QSFPA_REFCLK_p~input|o                                                                       ;
;   0.070 ;   0.000  ; RR ; IC   ; 1      ; HSSIREFCLKDIVIDER_4CT ;           ; QSFPA_REFCLK_p~inputFITTER_INSERTED|refclk_inp                                               ;
;   0.070 ;   0.000  ; RR ; CELL ; 3      ; HSSIREFCLKDIVIDER_4CT ;           ; QSFPA_REFCLK_p~inputFITTER_INSERTED|refclk_a                                                 ;
;   1.236 ;   1.166  ; RR ; CELL ; 1      ; HSSIREFCLKDIVIDER_4CT ;           ; QSFPA_REFCLK_p~inputFITTER_INSERTED~hssi_tile/ch4_pld_pma_fpll_fbclkout_lc_lvpecl_to_coreclk ;
;   1.236 ;   0.000  ; RR ; IC   ; 2      ; CLKCTRL_4C_G_I18      ;           ; QSFPA_REFCLK_p~inputFITTER_INSERTEDCLKENA0|inclk                                             ;
;   1.707 ;   0.471  ; RR ; CELL ; 1017   ; CLKCTRL_4C_G_I18      ;           ; QSFPA_REFCLK_p~inputFITTER_INSERTEDCLKENA0|outclk                                            ;
;   5.252 ;   3.545  ; RR ; IC   ; 1      ; FF_X146_Y43_N40       ; Low Power ; step6b_armed|clk                                                                             ;
;   5.252 ;   0.000  ; RR ; CELL ; 1      ; FF_X146_Y43_N40       ; Low Power ; step6b_armed                                                                                 ;
;   4.781 ;   -0.471 ;    ;      ;        ;                       ;           ; clock pessimism removed                                                                      ;
; 4.781   ; 0.000    ;    ;      ;        ;                       ;           ; clock uncertainty                                                                            ;
; 5.213   ; 0.432    ;    ; uTh  ; 1      ; FF_X146_Y43_N40       ;           ; step6b_armed                                                                                 ;
+---------+----------+----+------+--------+-----------------------+-----------+----------------------------------------------------------------------------------------------+

----------------------------
; Extra Fitter Information ;
----------------------------
HTML report is unavailable in plain text report export.


Path #17: Hold slack is 1.124 
===============================================================================
+----------------------------------------------------+
; Path Summary                                       ;
+--------------------+-------------------------------+
; Property           ; Value                         ;
+--------------------+-------------------------------+
; From Node          ; step6b_target_tai_latched[35] ;
; To Node            ; step6b_armed                  ;
; Launch Clock       ; qsfp_ref_125m                 ;
; Latch Clock        ; qsfp_ref_125m                 ;
; Data Arrival Time  ; 6.337                         ;
; Data Required Time ; 5.213                         ;
; Slack              ; 1.124                         ;
+--------------------+-------------------------------+

+-----------------------------------------------------------------------------------+
; Statistics                                                                        ;
+------------------------+-------+-------+-------------+------------+-------+-------+
; Property               ; Value ; Count ; Total Delay ; % of Total ; Min   ; Max   ;
+------------------------+-------+-------+-------------+------------+-------+-------+
; Hold Relationship      ; 0.000 ;       ;             ;            ;       ;       ;
; Clock Skew             ; 0.031 ;       ;             ;            ;       ;       ;
; Data Delay             ; 1.587 ;       ;             ;            ;       ;       ;
; Number of Logic Levels ;       ; 4     ;             ;            ;       ;       ;
; Physical Delays        ;       ;       ;             ;            ;       ;       ;
;  Arrival Path          ;       ;       ;             ;            ;       ;       ;
;   Clock                ;       ;       ;             ;            ;       ;       ;
;    IC                  ;       ; 4     ; 3.308       ; 70         ; 0.000 ; 3.308 ;
;    Cell                ;       ; 5     ; 1.442       ; 30         ; 0.000 ; 0.974 ;
;   Data                 ;       ;       ;             ;            ;       ;       ;
;    IC                  ;       ; 4     ; 0.815       ; 51         ; 0.138 ; 0.356 ;
;    Cell                ;       ; 10    ; 0.593       ; 37         ; 0.000 ; 0.174 ;
;    uTco                ;       ; 1     ; 0.179       ; 11         ; 0.179 ; 0.179 ;
;  Required Path         ;       ;       ;             ;            ;       ;       ;
;   Clock                ;       ;       ;             ;            ;       ;       ;
;    IC                  ;       ; 4     ; 3.545       ; 67         ; 0.000 ; 3.545 ;
;    Cell                ;       ; 5     ; 1.707       ; 33         ; 0.000 ; 1.166 ;
+------------------------+-------+-------+-------------+------------+-------+-------+
Note: Negative delays are omitted from totals when calculating percentages

+---------------------------------------------------------------------------------------------------------------------------------------------------------------------------+
; Data Arrival Path                                                                                                                                                         ;
+---------+---------+----+------+--------+-----------------------+-----------+----------------------------------------------------------------------------------------------+
; Total   ; Incr    ; RF ; Type ; Fanout ; Location              ; HS/LP     ; Element                                                                                      ;
+---------+---------+----+------+--------+-----------------------+-----------+----------------------------------------------------------------------------------------------+
; 0.000   ; 0.000   ;    ;      ;        ;                       ;           ; launch edge time                                                                             ;
; 4.750   ; 4.750   ;    ;      ;        ;                       ;           ; clock path                                                                                   ;
;   0.000 ;   0.000 ;    ;      ;        ;                       ;           ; source latency                                                                               ;
;   0.000 ;   0.000 ;    ;      ; 1      ; PIN_AH5               ;           ; QSFPA_REFCLK_p                                                                               ;
;   0.000 ;   0.000 ; RR ; IC   ; 1      ; IOIBUF_X224_Y13_N108  ;           ; QSFPA_REFCLK_p~input|i                                                                       ;
;   0.070 ;   0.070 ; RR ; CELL ; 1      ; IOIBUF_X224_Y13_N108  ;           ; QSFPA_REFCLK_p~input|o                                                                       ;
;   0.070 ;   0.000 ; RR ; IC   ; 1      ; HSSIREFCLKDIVIDER_4CT ;           ; QSFPA_REFCLK_p~inputFITTER_INSERTED|refclk_inp                                               ;
;   0.070 ;   0.000 ; RR ; CELL ; 3      ; HSSIREFCLKDIVIDER_4CT ;           ; QSFPA_REFCLK_p~inputFITTER_INSERTED|refclk_a                                                 ;
;   1.044 ;   0.974 ; RR ; CELL ; 1      ; HSSIREFCLKDIVIDER_4CT ;           ; QSFPA_REFCLK_p~inputFITTER_INSERTED~hssi_tile/ch4_pld_pma_fpll_fbclkout_lc_lvpecl_to_coreclk ;
;   1.044 ;   0.000 ; RR ; IC   ; 2      ; CLKCTRL_4C_G_I18      ;           ; QSFPA_REFCLK_p~inputFITTER_INSERTEDCLKENA0|inclk                                             ;
;   1.442 ;   0.398 ; RR ; CELL ; 1017   ; CLKCTRL_4C_G_I18      ;           ; QSFPA_REFCLK_p~inputFITTER_INSERTEDCLKENA0|outclk                                            ;
;   4.750 ;   3.308 ; RR ; IC   ; 1      ; FF_X149_Y42_N28       ; Low Power ; step6b_target_tai_latched[35]|clk                                                            ;
;   4.750 ;   0.000 ; RR ; CELL ; 1      ; FF_X149_Y42_N28       ; Low Power ; step6b_target_tai_latched[35]                                                                ;
; 6.337   ; 1.587   ;    ;      ;        ;                       ;           ; data path                                                                                    ;
;   4.929 ;   0.179 ; FF ; uTco ; 1      ; FF_X149_Y42_N28       ;           ; step6b_target_tai_latched[35]|q                                                              ;
;   4.990 ;   0.061 ; FF ; CELL ; 2      ; FF_X149_Y42_N28       ; Low Power ; step6b_target_tai_latched[35]~la_lab/laboutt[18]                                             ;
;   5.153 ;   0.163 ; FF ; IC   ; 1      ; LABCELL_X149_Y42_N39  ; Low Power ; p_step6b_scheduler~5|dataa                                                                   ;
;   5.310 ;   0.157 ; FF ; CELL ; 1      ; LABCELL_X149_Y42_N39  ; Low Power ; p_step6b_scheduler~5|combout                                                                 ;
;   5.312 ;   0.002 ; FF ; CELL ; 1      ; LABCELL_X149_Y42_N39  ; Low Power ; p_step6b_scheduler~5~la_lab/laboutb[7]                                                       ;
;   5.450 ;   0.138 ; FF ; IC   ; 1      ; LABCELL_X149_Y42_N33  ; Low Power ; p_step6b_scheduler~9|datad                                                                   ;
;   5.543 ;   0.093 ; FF ; CELL ; 1      ; LABCELL_X149_Y42_N33  ; Low Power ; p_step6b_scheduler~9|combout                                                                 ;
;   5.545 ;   0.002 ; FF ; CELL ; 4      ; LABCELL_X149_Y42_N33  ; Low Power ; p_step6b_scheduler~9~la_lab/laboutb[3]                                                       ;
;   5.901 ;   0.356 ; FF ; IC   ; 1      ; MLABCELL_X146_Y43_N12 ; Low Power ; p_step6b_scheduler~25|datad                                                                  ;
;   6.002 ;   0.101 ; FF ; CELL ; 1      ; MLABCELL_X146_Y43_N12 ; Low Power ; p_step6b_scheduler~25|combout                                                                ;
;   6.005 ;   0.003 ; FF ; CELL ; 2      ; MLABCELL_X146_Y43_N12 ; Low Power ; p_step6b_scheduler~25~la_mlab/laboutt[9]                                                     ;
;   6.163 ;   0.158 ; FF ; IC   ; 1      ; MLABCELL_X146_Y43_N39 ; Low Power ; step6b_armed~0|datab                                                                         ;
;   6.337 ;   0.174 ; FR ; CELL ; 1      ; MLABCELL_X146_Y43_N39 ; Low Power ; step6b_armed~0|combout                                                                       ;
;   6.337 ;   0.000 ; RR ; CELL ; 1      ; FF_X146_Y43_N40       ; Low Power ; step6b_armed|d                                                                               ;
;   6.337 ;   0.000 ; RR ; CELL ; 1      ; FF_X146_Y43_N40       ; Low Power ; step6b_armed                                                                                 ;
+---------+---------+----+------+--------+-----------------------+-----------+----------------------------------------------------------------------------------------------+

+----------------------------------------------------------------------------------------------------------------------------------------------------------------------------+
; Data Required Path                                                                                                                                                         ;
+---------+----------+----+------+--------+-----------------------+-----------+----------------------------------------------------------------------------------------------+
; Total   ; Incr     ; RF ; Type ; Fanout ; Location              ; HS/LP     ; Element                                                                                      ;
+---------+----------+----+------+--------+-----------------------+-----------+----------------------------------------------------------------------------------------------+
; 0.000   ; 0.000    ;    ;      ;        ;                       ;           ; latch edge time                                                                              ;
; 4.781   ; 4.781    ;    ;      ;        ;                       ;           ; clock path                                                                                   ;
;   0.000 ;   0.000  ;    ;      ;        ;                       ;           ; source latency                                                                               ;
;   0.000 ;   0.000  ;    ;      ; 1      ; PIN_AH5               ;           ; QSFPA_REFCLK_p                                                                               ;
;   0.000 ;   0.000  ; RR ; IC   ; 1      ; IOIBUF_X224_Y13_N108  ;           ; QSFPA_REFCLK_p~input|i                                                                       ;
;   0.070 ;   0.070  ; RR ; CELL ; 1      ; IOIBUF_X224_Y13_N108  ;           ; QSFPA_REFCLK_p~input|o                                                                       ;
;   0.070 ;   0.000  ; RR ; IC   ; 1      ; HSSIREFCLKDIVIDER_4CT ;           ; QSFPA_REFCLK_p~inputFITTER_INSERTED|refclk_inp                                               ;
;   0.070 ;   0.000  ; RR ; CELL ; 3      ; HSSIREFCLKDIVIDER_4CT ;           ; QSFPA_REFCLK_p~inputFITTER_INSERTED|refclk_a                                                 ;
;   1.236 ;   1.166  ; RR ; CELL ; 1      ; HSSIREFCLKDIVIDER_4CT ;           ; QSFPA_REFCLK_p~inputFITTER_INSERTED~hssi_tile/ch4_pld_pma_fpll_fbclkout_lc_lvpecl_to_coreclk ;
;   1.236 ;   0.000  ; RR ; IC   ; 2      ; CLKCTRL_4C_G_I18      ;           ; QSFPA_REFCLK_p~inputFITTER_INSERTEDCLKENA0|inclk                                             ;
;   1.707 ;   0.471  ; RR ; CELL ; 1017   ; CLKCTRL_4C_G_I18      ;           ; QSFPA_REFCLK_p~inputFITTER_INSERTEDCLKENA0|outclk                                            ;
;   5.252 ;   3.545  ; RR ; IC   ; 1      ; FF_X146_Y43_N40       ; Low Power ; step6b_armed|clk                                                                             ;
;   5.252 ;   0.000  ; RR ; CELL ; 1      ; FF_X146_Y43_N40       ; Low Power ; step6b_armed                                                                                 ;
;   4.781 ;   -0.471 ;    ;      ;        ;                       ;           ; clock pessimism removed                                                                      ;
; 4.781   ; 0.000    ;    ;      ;        ;                       ;           ; clock uncertainty                                                                            ;
; 5.213   ; 0.432    ;    ; uTh  ; 1      ; FF_X146_Y43_N40       ;           ; step6b_armed                                                                                 ;
+---------+----------+----+------+--------+-----------------------+-----------+----------------------------------------------------------------------------------------------+

----------------------------
; Extra Fitter Information ;
----------------------------
HTML report is unavailable in plain text report export.


Path #18: Hold slack is 1.149 
===============================================================================
+----------------------------------------------------+
; Path Summary                                       ;
+--------------------+-------------------------------+
; Property           ; Value                         ;
+--------------------+-------------------------------+
; From Node          ; step6b_target_tai_latched[12] ;
; To Node            ; step6b_armed                  ;
; Launch Clock       ; qsfp_ref_125m                 ;
; Latch Clock        ; qsfp_ref_125m                 ;
; Data Arrival Time  ; 6.362                         ;
; Data Required Time ; 5.213                         ;
; Slack              ; 1.149                         ;
+--------------------+-------------------------------+

+-----------------------------------------------------------------------------------+
; Statistics                                                                        ;
+------------------------+-------+-------+-------------+------------+-------+-------+
; Property               ; Value ; Count ; Total Delay ; % of Total ; Min   ; Max   ;
+------------------------+-------+-------+-------------+------------+-------+-------+
; Hold Relationship      ; 0.000 ;       ;             ;            ;       ;       ;
; Clock Skew             ; 0.068 ;       ;             ;            ;       ;       ;
; Data Delay             ; 1.649 ;       ;             ;            ;       ;       ;
; Number of Logic Levels ;       ; 4     ;             ;            ;       ;       ;
; Physical Delays        ;       ;       ;             ;            ;       ;       ;
;  Arrival Path          ;       ;       ;             ;            ;       ;       ;
;   Clock                ;       ;       ;             ;            ;       ;       ;
;    IC                  ;       ; 4     ; 3.271       ; 69         ; 0.000 ; 3.271 ;
;    Cell                ;       ; 5     ; 1.442       ; 31         ; 0.000 ; 0.974 ;
;   Data                 ;       ;       ;             ;            ;       ;       ;
;    IC                  ;       ; 4     ; 0.927       ; 56         ; 0.116 ; 0.368 ;
;    Cell                ;       ; 10    ; 0.563       ; 34         ; 0.000 ; 0.174 ;
;    uTco                ;       ; 1     ; 0.159       ; 10         ; 0.159 ; 0.159 ;
;  Required Path         ;       ;       ;             ;            ;       ;       ;
;   Clock                ;       ;       ;             ;            ;       ;       ;
;    IC                  ;       ; 4     ; 3.545       ; 67         ; 0.000 ; 3.545 ;
;    Cell                ;       ; 5     ; 1.707       ; 33         ; 0.000 ; 1.166 ;
+------------------------+-------+-------+-------------+------------+-------+-------+
Note: Negative delays are omitted from totals when calculating percentages

+----------------------------------------------------------------------------------------------------------------------------------------------------------------------------+
; Data Arrival Path                                                                                                                                                          ;
+---------+---------+----+------+--------+-----------------------+------------+----------------------------------------------------------------------------------------------+
; Total   ; Incr    ; RF ; Type ; Fanout ; Location              ; HS/LP      ; Element                                                                                      ;
+---------+---------+----+------+--------+-----------------------+------------+----------------------------------------------------------------------------------------------+
; 0.000   ; 0.000   ;    ;      ;        ;                       ;            ; launch edge time                                                                             ;
; 4.713   ; 4.713   ;    ;      ;        ;                       ;            ; clock path                                                                                   ;
;   0.000 ;   0.000 ;    ;      ;        ;                       ;            ; source latency                                                                               ;
;   0.000 ;   0.000 ;    ;      ; 1      ; PIN_AH5               ;            ; QSFPA_REFCLK_p                                                                               ;
;   0.000 ;   0.000 ; RR ; IC   ; 1      ; IOIBUF_X224_Y13_N108  ;            ; QSFPA_REFCLK_p~input|i                                                                       ;
;   0.070 ;   0.070 ; RR ; CELL ; 1      ; IOIBUF_X224_Y13_N108  ;            ; QSFPA_REFCLK_p~input|o                                                                       ;
;   0.070 ;   0.000 ; RR ; IC   ; 1      ; HSSIREFCLKDIVIDER_4CT ;            ; QSFPA_REFCLK_p~inputFITTER_INSERTED|refclk_inp                                               ;
;   0.070 ;   0.000 ; RR ; CELL ; 3      ; HSSIREFCLKDIVIDER_4CT ;            ; QSFPA_REFCLK_p~inputFITTER_INSERTED|refclk_a                                                 ;
;   1.044 ;   0.974 ; RR ; CELL ; 1      ; HSSIREFCLKDIVIDER_4CT ;            ; QSFPA_REFCLK_p~inputFITTER_INSERTED~hssi_tile/ch4_pld_pma_fpll_fbclkout_lc_lvpecl_to_coreclk ;
;   1.044 ;   0.000 ; RR ; IC   ; 2      ; CLKCTRL_4C_G_I18      ;            ; QSFPA_REFCLK_p~inputFITTER_INSERTEDCLKENA0|inclk                                             ;
;   1.442 ;   0.398 ; RR ; CELL ; 1017   ; CLKCTRL_4C_G_I18      ;            ; QSFPA_REFCLK_p~inputFITTER_INSERTEDCLKENA0|outclk                                            ;
;   4.713 ;   3.271 ; RR ; IC   ; 1      ; FF_X145_Y39_N25       ; High Speed ; step6b_target_tai_latched[12]|clk                                                            ;
;   4.713 ;   0.000 ; RR ; CELL ; 1      ; FF_X145_Y39_N25       ; High Speed ; step6b_target_tai_latched[12]                                                                ;
; 6.362   ; 1.649   ;    ;      ;        ;                       ;            ; data path                                                                                    ;
;   4.872 ;   0.159 ; FF ; uTco ; 1      ; FF_X145_Y39_N25       ;            ; step6b_target_tai_latched[12]|q                                                              ;
;   4.958 ;   0.086 ; FF ; CELL ; 2      ; FF_X145_Y39_N25       ; High Speed ; step6b_target_tai_latched[12]~la_lab/laboutt[16]                                             ;
;   5.243 ;   0.285 ; FF ; IC   ; 1      ; LABCELL_X147_Y39_N9   ; Mixed      ; p_step6b_scheduler~11|datac                                                                  ;
;   5.349 ;   0.106 ; FF ; CELL ; 1      ; LABCELL_X147_Y39_N9   ; Low Power  ; p_step6b_scheduler~11|combout                                                                ;
;   5.351 ;   0.002 ; FF ; CELL ; 1      ; LABCELL_X147_Y39_N9   ; Low Power  ; p_step6b_scheduler~11~la_lab/laboutt[7]                                                      ;
;   5.467 ;   0.116 ; FF ; IC   ; 1      ; LABCELL_X147_Y39_N0   ; Low Power  ; p_step6b_scheduler~24|datae                                                                  ;
;   5.545 ;   0.078 ; FF ; CELL ; 1      ; LABCELL_X147_Y39_N0   ; Low Power  ; p_step6b_scheduler~24|combout                                                                ;
;   5.547 ;   0.002 ; FF ; CELL ; 4      ; LABCELL_X147_Y39_N0   ; Low Power  ; p_step6b_scheduler~24~la_lab/laboutt[1]                                                      ;
;   5.915 ;   0.368 ; FF ; IC   ; 1      ; MLABCELL_X146_Y43_N12 ; Low Power  ; p_step6b_scheduler~25|datac                                                                  ;
;   6.027 ;   0.112 ; FF ; CELL ; 1      ; MLABCELL_X146_Y43_N12 ; Low Power  ; p_step6b_scheduler~25|combout                                                                ;
;   6.030 ;   0.003 ; FF ; CELL ; 2      ; MLABCELL_X146_Y43_N12 ; Low Power  ; p_step6b_scheduler~25~la_mlab/laboutt[9]                                                     ;
;   6.188 ;   0.158 ; FF ; IC   ; 1      ; MLABCELL_X146_Y43_N39 ; Low Power  ; step6b_armed~0|datab                                                                         ;
;   6.362 ;   0.174 ; FR ; CELL ; 1      ; MLABCELL_X146_Y43_N39 ; Low Power  ; step6b_armed~0|combout                                                                       ;
;   6.362 ;   0.000 ; RR ; CELL ; 1      ; FF_X146_Y43_N40       ; Low Power  ; step6b_armed|d                                                                               ;
;   6.362 ;   0.000 ; RR ; CELL ; 1      ; FF_X146_Y43_N40       ; Low Power  ; step6b_armed                                                                                 ;
+---------+---------+----+------+--------+-----------------------+------------+----------------------------------------------------------------------------------------------+

+----------------------------------------------------------------------------------------------------------------------------------------------------------------------------+
; Data Required Path                                                                                                                                                         ;
+---------+----------+----+------+--------+-----------------------+-----------+----------------------------------------------------------------------------------------------+
; Total   ; Incr     ; RF ; Type ; Fanout ; Location              ; HS/LP     ; Element                                                                                      ;
+---------+----------+----+------+--------+-----------------------+-----------+----------------------------------------------------------------------------------------------+
; 0.000   ; 0.000    ;    ;      ;        ;                       ;           ; latch edge time                                                                              ;
; 4.781   ; 4.781    ;    ;      ;        ;                       ;           ; clock path                                                                                   ;
;   0.000 ;   0.000  ;    ;      ;        ;                       ;           ; source latency                                                                               ;
;   0.000 ;   0.000  ;    ;      ; 1      ; PIN_AH5               ;           ; QSFPA_REFCLK_p                                                                               ;
;   0.000 ;   0.000  ; RR ; IC   ; 1      ; IOIBUF_X224_Y13_N108  ;           ; QSFPA_REFCLK_p~input|i                                                                       ;
;   0.070 ;   0.070  ; RR ; CELL ; 1      ; IOIBUF_X224_Y13_N108  ;           ; QSFPA_REFCLK_p~input|o                                                                       ;
;   0.070 ;   0.000  ; RR ; IC   ; 1      ; HSSIREFCLKDIVIDER_4CT ;           ; QSFPA_REFCLK_p~inputFITTER_INSERTED|refclk_inp                                               ;
;   0.070 ;   0.000  ; RR ; CELL ; 3      ; HSSIREFCLKDIVIDER_4CT ;           ; QSFPA_REFCLK_p~inputFITTER_INSERTED|refclk_a                                                 ;
;   1.236 ;   1.166  ; RR ; CELL ; 1      ; HSSIREFCLKDIVIDER_4CT ;           ; QSFPA_REFCLK_p~inputFITTER_INSERTED~hssi_tile/ch4_pld_pma_fpll_fbclkout_lc_lvpecl_to_coreclk ;
;   1.236 ;   0.000  ; RR ; IC   ; 2      ; CLKCTRL_4C_G_I18      ;           ; QSFPA_REFCLK_p~inputFITTER_INSERTEDCLKENA0|inclk                                             ;
;   1.707 ;   0.471  ; RR ; CELL ; 1017   ; CLKCTRL_4C_G_I18      ;           ; QSFPA_REFCLK_p~inputFITTER_INSERTEDCLKENA0|outclk                                            ;
;   5.252 ;   3.545  ; RR ; IC   ; 1      ; FF_X146_Y43_N40       ; Low Power ; step6b_armed|clk                                                                             ;
;   5.252 ;   0.000  ; RR ; CELL ; 1      ; FF_X146_Y43_N40       ; Low Power ; step6b_armed                                                                                 ;
;   4.781 ;   -0.471 ;    ;      ;        ;                       ;           ; clock pessimism removed                                                                      ;
; 4.781   ; 0.000    ;    ;      ;        ;                       ;           ; clock uncertainty                                                                            ;
; 5.213   ; 0.432    ;    ; uTh  ; 1      ; FF_X146_Y43_N40       ;           ; step6b_armed                                                                                 ;
+---------+----------+----+------+--------+-----------------------+-----------+----------------------------------------------------------------------------------------------+

----------------------------
; Extra Fitter Information ;
----------------------------
HTML report is unavailable in plain text report export.


Path #19: Hold slack is 1.170 
===============================================================================
+----------------------------------------------------+
; Path Summary                                       ;
+--------------------+-------------------------------+
; Property           ; Value                         ;
+--------------------+-------------------------------+
; From Node          ; step6b_target_tai_latched[28] ;
; To Node            ; step6b_armed                  ;
; Launch Clock       ; qsfp_ref_125m                 ;
; Latch Clock        ; qsfp_ref_125m                 ;
; Data Arrival Time  ; 6.383                         ;
; Data Required Time ; 5.213                         ;
; Slack              ; 1.170                         ;
+--------------------+-------------------------------+

+-----------------------------------------------------------------------------------+
; Statistics                                                                        ;
+------------------------+-------+-------+-------------+------------+-------+-------+
; Property               ; Value ; Count ; Total Delay ; % of Total ; Min   ; Max   ;
+------------------------+-------+-------+-------------+------------+-------+-------+
; Hold Relationship      ; 0.000 ;       ;             ;            ;       ;       ;
; Clock Skew             ; 0.039 ;       ;             ;            ;       ;       ;
; Data Delay             ; 1.641 ;       ;             ;            ;       ;       ;
; Number of Logic Levels ;       ; 4     ;             ;            ;       ;       ;
; Physical Delays        ;       ;       ;             ;            ;       ;       ;
;  Arrival Path          ;       ;       ;             ;            ;       ;       ;
;   Clock                ;       ;       ;             ;            ;       ;       ;
;    IC                  ;       ; 4     ; 3.300       ; 70         ; 0.000 ; 3.300 ;
;    Cell                ;       ; 5     ; 1.442       ; 30         ; 0.000 ; 0.974 ;
;   Data                 ;       ;       ;             ;            ;       ;       ;
;    IC                  ;       ; 4     ; 0.801       ; 49         ; 0.133 ; 0.368 ;
;    Cell                ;       ; 10    ; 0.659       ; 40         ; 0.000 ; 0.174 ;
;    uTco                ;       ; 1     ; 0.181       ; 11         ; 0.181 ; 0.181 ;
;  Required Path         ;       ;       ;             ;            ;       ;       ;
;   Clock                ;       ;       ;             ;            ;       ;       ;
;    IC                  ;       ; 4     ; 3.545       ; 67         ; 0.000 ; 3.545 ;
;    Cell                ;       ; 5     ; 1.707       ; 33         ; 0.000 ; 1.166 ;
+------------------------+-------+-------+-------------+------------+-------+-------+
Note: Negative delays are omitted from totals when calculating percentages

+---------------------------------------------------------------------------------------------------------------------------------------------------------------------------+
; Data Arrival Path                                                                                                                                                         ;
+---------+---------+----+------+--------+-----------------------+-----------+----------------------------------------------------------------------------------------------+
; Total   ; Incr    ; RF ; Type ; Fanout ; Location              ; HS/LP     ; Element                                                                                      ;
+---------+---------+----+------+--------+-----------------------+-----------+----------------------------------------------------------------------------------------------+
; 0.000   ; 0.000   ;    ;      ;        ;                       ;           ; launch edge time                                                                             ;
; 4.742   ; 4.742   ;    ;      ;        ;                       ;           ; clock path                                                                                   ;
;   0.000 ;   0.000 ;    ;      ;        ;                       ;           ; source latency                                                                               ;
;   0.000 ;   0.000 ;    ;      ; 1      ; PIN_AH5               ;           ; QSFPA_REFCLK_p                                                                               ;
;   0.000 ;   0.000 ; RR ; IC   ; 1      ; IOIBUF_X224_Y13_N108  ;           ; QSFPA_REFCLK_p~input|i                                                                       ;
;   0.070 ;   0.070 ; RR ; CELL ; 1      ; IOIBUF_X224_Y13_N108  ;           ; QSFPA_REFCLK_p~input|o                                                                       ;
;   0.070 ;   0.000 ; RR ; IC   ; 1      ; HSSIREFCLKDIVIDER_4CT ;           ; QSFPA_REFCLK_p~inputFITTER_INSERTED|refclk_inp                                               ;
;   0.070 ;   0.000 ; RR ; CELL ; 3      ; HSSIREFCLKDIVIDER_4CT ;           ; QSFPA_REFCLK_p~inputFITTER_INSERTED|refclk_a                                                 ;
;   1.044 ;   0.974 ; RR ; CELL ; 1      ; HSSIREFCLKDIVIDER_4CT ;           ; QSFPA_REFCLK_p~inputFITTER_INSERTED~hssi_tile/ch4_pld_pma_fpll_fbclkout_lc_lvpecl_to_coreclk ;
;   1.044 ;   0.000 ; RR ; IC   ; 2      ; CLKCTRL_4C_G_I18      ;           ; QSFPA_REFCLK_p~inputFITTER_INSERTEDCLKENA0|inclk                                             ;
;   1.442 ;   0.398 ; RR ; CELL ; 1017   ; CLKCTRL_4C_G_I18      ;           ; QSFPA_REFCLK_p~inputFITTER_INSERTEDCLKENA0|outclk                                            ;
;   4.742 ;   3.300 ; RR ; IC   ; 1      ; FF_X147_Y39_N13       ; Low Power ; step6b_target_tai_latched[28]|clk                                                            ;
;   4.742 ;   0.000 ; RR ; CELL ; 1      ; FF_X147_Y39_N13       ; Low Power ; step6b_target_tai_latched[28]                                                                ;
; 6.383   ; 1.641   ;    ;      ;        ;                       ;           ; data path                                                                                    ;
;   4.923 ;   0.181 ; FF ; uTco ; 1      ; FF_X147_Y39_N13       ;           ; step6b_target_tai_latched[28]|q                                                              ;
;   5.020 ;   0.097 ; FF ; CELL ; 2      ; FF_X147_Y39_N13       ; Low Power ; step6b_target_tai_latched[28]~la_lab/laboutt[8]                                              ;
;   5.153 ;   0.133 ; FF ; IC   ; 1      ; LABCELL_X147_Y39_N15  ; Low Power ; p_step6b_scheduler~18|datae                                                                  ;
;   5.263 ;   0.110 ; FF ; CELL ; 1      ; LABCELL_X147_Y39_N15  ; Low Power ; p_step6b_scheduler~18|combout                                                                ;
;   5.265 ;   0.002 ; FF ; CELL ; 1      ; LABCELL_X147_Y39_N15  ; Low Power ; p_step6b_scheduler~18~la_lab/laboutt[10]                                                     ;
;   5.407 ;   0.142 ; FF ; IC   ; 1      ; LABCELL_X147_Y39_N0   ; Low Power ; p_step6b_scheduler~24|datab                                                                  ;
;   5.566 ;   0.159 ; FF ; CELL ; 1      ; LABCELL_X147_Y39_N0   ; Low Power ; p_step6b_scheduler~24|combout                                                                ;
;   5.568 ;   0.002 ; FF ; CELL ; 4      ; LABCELL_X147_Y39_N0   ; Low Power ; p_step6b_scheduler~24~la_lab/laboutt[1]                                                      ;
;   5.936 ;   0.368 ; FF ; IC   ; 1      ; MLABCELL_X146_Y43_N12 ; Low Power ; p_step6b_scheduler~25|datac                                                                  ;
;   6.048 ;   0.112 ; FF ; CELL ; 1      ; MLABCELL_X146_Y43_N12 ; Low Power ; p_step6b_scheduler~25|combout                                                                ;
;   6.051 ;   0.003 ; FF ; CELL ; 2      ; MLABCELL_X146_Y43_N12 ; Low Power ; p_step6b_scheduler~25~la_mlab/laboutt[9]                                                     ;
;   6.209 ;   0.158 ; FF ; IC   ; 1      ; MLABCELL_X146_Y43_N39 ; Low Power ; step6b_armed~0|datab                                                                         ;
;   6.383 ;   0.174 ; FR ; CELL ; 1      ; MLABCELL_X146_Y43_N39 ; Low Power ; step6b_armed~0|combout                                                                       ;
;   6.383 ;   0.000 ; RR ; CELL ; 1      ; FF_X146_Y43_N40       ; Low Power ; step6b_armed|d                                                                               ;
;   6.383 ;   0.000 ; RR ; CELL ; 1      ; FF_X146_Y43_N40       ; Low Power ; step6b_armed                                                                                 ;
+---------+---------+----+------+--------+-----------------------+-----------+----------------------------------------------------------------------------------------------+

+----------------------------------------------------------------------------------------------------------------------------------------------------------------------------+
; Data Required Path                                                                                                                                                         ;
+---------+----------+----+------+--------+-----------------------+-----------+----------------------------------------------------------------------------------------------+
; Total   ; Incr     ; RF ; Type ; Fanout ; Location              ; HS/LP     ; Element                                                                                      ;
+---------+----------+----+------+--------+-----------------------+-----------+----------------------------------------------------------------------------------------------+
; 0.000   ; 0.000    ;    ;      ;        ;                       ;           ; latch edge time                                                                              ;
; 4.781   ; 4.781    ;    ;      ;        ;                       ;           ; clock path                                                                                   ;
;   0.000 ;   0.000  ;    ;      ;        ;                       ;           ; source latency                                                                               ;
;   0.000 ;   0.000  ;    ;      ; 1      ; PIN_AH5               ;           ; QSFPA_REFCLK_p                                                                               ;
;   0.000 ;   0.000  ; RR ; IC   ; 1      ; IOIBUF_X224_Y13_N108  ;           ; QSFPA_REFCLK_p~input|i                                                                       ;
;   0.070 ;   0.070  ; RR ; CELL ; 1      ; IOIBUF_X224_Y13_N108  ;           ; QSFPA_REFCLK_p~input|o                                                                       ;
;   0.070 ;   0.000  ; RR ; IC   ; 1      ; HSSIREFCLKDIVIDER_4CT ;           ; QSFPA_REFCLK_p~inputFITTER_INSERTED|refclk_inp                                               ;
;   0.070 ;   0.000  ; RR ; CELL ; 3      ; HSSIREFCLKDIVIDER_4CT ;           ; QSFPA_REFCLK_p~inputFITTER_INSERTED|refclk_a                                                 ;
;   1.236 ;   1.166  ; RR ; CELL ; 1      ; HSSIREFCLKDIVIDER_4CT ;           ; QSFPA_REFCLK_p~inputFITTER_INSERTED~hssi_tile/ch4_pld_pma_fpll_fbclkout_lc_lvpecl_to_coreclk ;
;   1.236 ;   0.000  ; RR ; IC   ; 2      ; CLKCTRL_4C_G_I18      ;           ; QSFPA_REFCLK_p~inputFITTER_INSERTEDCLKENA0|inclk                                             ;
;   1.707 ;   0.471  ; RR ; CELL ; 1017   ; CLKCTRL_4C_G_I18      ;           ; QSFPA_REFCLK_p~inputFITTER_INSERTEDCLKENA0|outclk                                            ;
;   5.252 ;   3.545  ; RR ; IC   ; 1      ; FF_X146_Y43_N40       ; Low Power ; step6b_armed|clk                                                                             ;
;   5.252 ;   0.000  ; RR ; CELL ; 1      ; FF_X146_Y43_N40       ; Low Power ; step6b_armed                                                                                 ;
;   4.781 ;   -0.471 ;    ;      ;        ;                       ;           ; clock pessimism removed                                                                      ;
; 4.781   ; 0.000    ;    ;      ;        ;                       ;           ; clock uncertainty                                                                            ;
; 5.213   ; 0.432    ;    ; uTh  ; 1      ; FF_X146_Y43_N40       ;           ; step6b_armed                                                                                 ;
+---------+----------+----+------+--------+-----------------------+-----------+----------------------------------------------------------------------------------------------+

----------------------------
; Extra Fitter Information ;
----------------------------
HTML report is unavailable in plain text report export.


Path #20: Hold slack is 1.196 
===============================================================================
+----------------------------------------------------+
; Path Summary                                       ;
+--------------------+-------------------------------+
; Property           ; Value                         ;
+--------------------+-------------------------------+
; From Node          ; step6b_target_tai_latched[32] ;
; To Node            ; step6b_armed                  ;
; Launch Clock       ; qsfp_ref_125m                 ;
; Latch Clock        ; qsfp_ref_125m                 ;
; Data Arrival Time  ; 6.409                         ;
; Data Required Time ; 5.213                         ;
; Slack              ; 1.196                         ;
+--------------------+-------------------------------+

+-----------------------------------------------------------------------------------+
; Statistics                                                                        ;
+------------------------+-------+-------+-------------+------------+-------+-------+
; Property               ; Value ; Count ; Total Delay ; % of Total ; Min   ; Max   ;
+------------------------+-------+-------+-------------+------------+-------+-------+
; Hold Relationship      ; 0.000 ;       ;             ;            ;       ;       ;
; Clock Skew             ; 0.031 ;       ;             ;            ;       ;       ;
; Data Delay             ; 1.659 ;       ;             ;            ;       ;       ;
; Number of Logic Levels ;       ; 5     ;             ;            ;       ;       ;
; Physical Delays        ;       ;       ;             ;            ;       ;       ;
;  Arrival Path          ;       ;       ;             ;            ;       ;       ;
;   Clock                ;       ;       ;             ;            ;       ;       ;
;    IC                  ;       ; 4     ; 3.308       ; 70         ; 0.000 ; 3.308 ;
;    Cell                ;       ; 5     ; 1.442       ; 30         ; 0.000 ; 0.974 ;
;   Data                 ;       ;       ;             ;            ;       ;       ;
;    IC                  ;       ; 5     ; 0.936       ; 56         ; 0.130 ; 0.356 ;
;    Cell                ;       ; 12    ; 0.543       ; 33         ; 0.000 ; 0.174 ;
;    uTco                ;       ; 1     ; 0.180       ; 11         ; 0.180 ; 0.180 ;
;  Required Path         ;       ;       ;             ;            ;       ;       ;
;   Clock                ;       ;       ;             ;            ;       ;       ;
;    IC                  ;       ; 4     ; 3.545       ; 67         ; 0.000 ; 3.545 ;
;    Cell                ;       ; 5     ; 1.707       ; 33         ; 0.000 ; 1.166 ;
+------------------------+-------+-------+-------------+------------+-------+-------+
Note: Negative delays are omitted from totals when calculating percentages

+---------------------------------------------------------------------------------------------------------------------------------------------------------------------------+
; Data Arrival Path                                                                                                                                                         ;
+---------+---------+----+------+--------+-----------------------+-----------+----------------------------------------------------------------------------------------------+
; Total   ; Incr    ; RF ; Type ; Fanout ; Location              ; HS/LP     ; Element                                                                                      ;
+---------+---------+----+------+--------+-----------------------+-----------+----------------------------------------------------------------------------------------------+
; 0.000   ; 0.000   ;    ;      ;        ;                       ;           ; launch edge time                                                                             ;
; 4.750   ; 4.750   ;    ;      ;        ;                       ;           ; clock path                                                                                   ;
;   0.000 ;   0.000 ;    ;      ;        ;                       ;           ; source latency                                                                               ;
;   0.000 ;   0.000 ;    ;      ; 1      ; PIN_AH5               ;           ; QSFPA_REFCLK_p                                                                               ;
;   0.000 ;   0.000 ; RR ; IC   ; 1      ; IOIBUF_X224_Y13_N108  ;           ; QSFPA_REFCLK_p~input|i                                                                       ;
;   0.070 ;   0.070 ; RR ; CELL ; 1      ; IOIBUF_X224_Y13_N108  ;           ; QSFPA_REFCLK_p~input|o                                                                       ;
;   0.070 ;   0.000 ; RR ; IC   ; 1      ; HSSIREFCLKDIVIDER_4CT ;           ; QSFPA_REFCLK_p~inputFITTER_INSERTED|refclk_inp                                               ;
;   0.070 ;   0.000 ; RR ; CELL ; 3      ; HSSIREFCLKDIVIDER_4CT ;           ; QSFPA_REFCLK_p~inputFITTER_INSERTED|refclk_a                                                 ;
;   1.044 ;   0.974 ; RR ; CELL ; 1      ; HSSIREFCLKDIVIDER_4CT ;           ; QSFPA_REFCLK_p~inputFITTER_INSERTED~hssi_tile/ch4_pld_pma_fpll_fbclkout_lc_lvpecl_to_coreclk ;
;   1.044 ;   0.000 ; RR ; IC   ; 2      ; CLKCTRL_4C_G_I18      ;           ; QSFPA_REFCLK_p~inputFITTER_INSERTEDCLKENA0|inclk                                             ;
;   1.442 ;   0.398 ; RR ; CELL ; 1017   ; CLKCTRL_4C_G_I18      ;           ; QSFPA_REFCLK_p~inputFITTER_INSERTEDCLKENA0|outclk                                            ;
;   4.750 ;   3.308 ; RR ; IC   ; 1      ; FF_X149_Y42_N29       ; Low Power ; step6b_target_tai_latched[32]|clk                                                            ;
;   4.750 ;   0.000 ; RR ; CELL ; 1      ; FF_X149_Y42_N29       ; Low Power ; step6b_target_tai_latched[32]                                                                ;
; 6.409   ; 1.659   ;    ;      ;        ;                       ;           ; data path                                                                                    ;
;   4.930 ;   0.180 ; FF ; uTco ; 1      ; FF_X149_Y42_N29       ;           ; step6b_target_tai_latched[32]|q                                                              ;
;   5.024 ;   0.094 ; FF ; CELL ; 2      ; FF_X149_Y42_N29       ; Low Power ; step6b_target_tai_latched[32]~la_lab/laboutt[19]                                             ;
;   5.154 ;   0.130 ; FF ; IC   ; 1      ; LABCELL_X149_Y42_N24  ; Low Power ; p_step6b_scheduler~7|dataf                                                                   ;
;   5.185 ;   0.031 ; FF ; CELL ; 1      ; LABCELL_X149_Y42_N24  ; Low Power ; p_step6b_scheduler~7|combout                                                                 ;
;   5.187 ;   0.002 ; FF ; CELL ; 1      ; LABCELL_X149_Y42_N24  ; Low Power ; p_step6b_scheduler~7~la_lab/laboutt[16]                                                      ;
;   5.340 ;   0.153 ; FF ; IC   ; 1      ; LABCELL_X149_Y42_N21  ; Low Power ; p_step6b_scheduler~8|datad                                                                   ;
;   5.442 ;   0.102 ; FF ; CELL ; 1      ; LABCELL_X149_Y42_N21  ; Low Power ; p_step6b_scheduler~8|combout                                                                 ;
;   5.444 ;   0.002 ; FF ; CELL ; 1      ; LABCELL_X149_Y42_N21  ; Low Power ; p_step6b_scheduler~8~la_lab/laboutt[15]                                                      ;
;   5.583 ;   0.139 ; FF ; IC   ; 1      ; LABCELL_X149_Y42_N33  ; Low Power ; p_step6b_scheduler~9|dataf                                                                   ;
;   5.615 ;   0.032 ; FF ; CELL ; 1      ; LABCELL_X149_Y42_N33  ; Low Power ; p_step6b_scheduler~9|combout                                                                 ;
;   5.617 ;   0.002 ; FF ; CELL ; 4      ; LABCELL_X149_Y42_N33  ; Low Power ; p_step6b_scheduler~9~la_lab/laboutb[3]                                                       ;
;   5.973 ;   0.356 ; FF ; IC   ; 1      ; MLABCELL_X146_Y43_N12 ; Low Power ; p_step6b_scheduler~25|datad                                                                  ;
;   6.074 ;   0.101 ; FF ; CELL ; 1      ; MLABCELL_X146_Y43_N12 ; Low Power ; p_step6b_scheduler~25|combout                                                                ;
;   6.077 ;   0.003 ; FF ; CELL ; 2      ; MLABCELL_X146_Y43_N12 ; Low Power ; p_step6b_scheduler~25~la_mlab/laboutt[9]                                                     ;
;   6.235 ;   0.158 ; FF ; IC   ; 1      ; MLABCELL_X146_Y43_N39 ; Low Power ; step6b_armed~0|datab                                                                         ;
;   6.409 ;   0.174 ; FR ; CELL ; 1      ; MLABCELL_X146_Y43_N39 ; Low Power ; step6b_armed~0|combout                                                                       ;
;   6.409 ;   0.000 ; RR ; CELL ; 1      ; FF_X146_Y43_N40       ; Low Power ; step6b_armed|d                                                                               ;
;   6.409 ;   0.000 ; RR ; CELL ; 1      ; FF_X146_Y43_N40       ; Low Power ; step6b_armed                                                                                 ;
+---------+---------+----+------+--------+-----------------------+-----------+----------------------------------------------------------------------------------------------+

+----------------------------------------------------------------------------------------------------------------------------------------------------------------------------+
; Data Required Path                                                                                                                                                         ;
+---------+----------+----+------+--------+-----------------------+-----------+----------------------------------------------------------------------------------------------+
; Total   ; Incr     ; RF ; Type ; Fanout ; Location              ; HS/LP     ; Element                                                                                      ;
+---------+----------+----+------+--------+-----------------------+-----------+----------------------------------------------------------------------------------------------+
; 0.000   ; 0.000    ;    ;      ;        ;                       ;           ; latch edge time                                                                              ;
; 4.781   ; 4.781    ;    ;      ;        ;                       ;           ; clock path                                                                                   ;
;   0.000 ;   0.000  ;    ;      ;        ;                       ;           ; source latency                                                                               ;
;   0.000 ;   0.000  ;    ;      ; 1      ; PIN_AH5               ;           ; QSFPA_REFCLK_p                                                                               ;
;   0.000 ;   0.000  ; RR ; IC   ; 1      ; IOIBUF_X224_Y13_N108  ;           ; QSFPA_REFCLK_p~input|i                                                                       ;
;   0.070 ;   0.070  ; RR ; CELL ; 1      ; IOIBUF_X224_Y13_N108  ;           ; QSFPA_REFCLK_p~input|o                                                                       ;
;   0.070 ;   0.000  ; RR ; IC   ; 1      ; HSSIREFCLKDIVIDER_4CT ;           ; QSFPA_REFCLK_p~inputFITTER_INSERTED|refclk_inp                                               ;
;   0.070 ;   0.000  ; RR ; CELL ; 3      ; HSSIREFCLKDIVIDER_4CT ;           ; QSFPA_REFCLK_p~inputFITTER_INSERTED|refclk_a                                                 ;
;   1.236 ;   1.166  ; RR ; CELL ; 1      ; HSSIREFCLKDIVIDER_4CT ;           ; QSFPA_REFCLK_p~inputFITTER_INSERTED~hssi_tile/ch4_pld_pma_fpll_fbclkout_lc_lvpecl_to_coreclk ;
;   1.236 ;   0.000  ; RR ; IC   ; 2      ; CLKCTRL_4C_G_I18      ;           ; QSFPA_REFCLK_p~inputFITTER_INSERTEDCLKENA0|inclk                                             ;
;   1.707 ;   0.471  ; RR ; CELL ; 1017   ; CLKCTRL_4C_G_I18      ;           ; QSFPA_REFCLK_p~inputFITTER_INSERTEDCLKENA0|outclk                                            ;
;   5.252 ;   3.545  ; RR ; IC   ; 1      ; FF_X146_Y43_N40       ; Low Power ; step6b_armed|clk                                                                             ;
;   5.252 ;   0.000  ; RR ; CELL ; 1      ; FF_X146_Y43_N40       ; Low Power ; step6b_armed                                                                                 ;
;   4.781 ;   -0.471 ;    ;      ;        ;                       ;           ; clock pessimism removed                                                                      ;
; 4.781   ; 0.000    ;    ;      ;        ;                       ;           ; clock uncertainty                                                                            ;
; 5.213   ; 0.432    ;    ; uTh  ; 1      ; FF_X146_Y43_N40       ;           ; step6b_armed                                                                                 ;
+---------+----------+----+------+--------+-----------------------+-----------+----------------------------------------------------------------------------------------------+

----------------------------
; Extra Fitter Information ;
----------------------------
HTML report is unavailable in plain text report export.


