----------------
; Command Info ;
----------------
Report Timing: Found 20 setup paths (0 violated).  Worst case slack is 4.686 

Tcl Command:
    report_timing -setup -file /home/b10504072/04_WR/pain-worktrees/step6-global-time/docs/experiments/exp-step6-global-time/EXP-S6B-TIMING-QUERY-BOUNDARY-CORRECTION-20260922/raw/timing/slave_step6b_timing.txt.refclk_to_armed.setup.rpt -to [get_registers {*step6b_armed*}] -from_clock [get_clocks {qsfp_ref_125m}] -to_clock [get_clocks {qsfp_ref_125m}] -npaths 20 -detail full_path

Options:
    -to [get_registers {*step6b_armed*}] 
    -from_clock [get_clocks {qsfp_ref_125m}] 
    -to_clock [get_clocks {qsfp_ref_125m}] 
    -setup 
    -npaths 20 
    -detail full_path 
    -file {/home/b10504072/04_WR/pain-worktrees/step6-global-time/docs/experiments/exp-step6-global-time/EXP-S6B-TIMING-QUERY-BOUNDARY-CORRECTION-20260922/raw/timing/slave_step6b_timing.txt.refclk_to_armed.setup.rpt} 

Delay Model:
    Slow 900mV 100C Model

+----------------------------------------------------------------------------------------------------------------------------------------------------------------------------------------------+
; Summary of Paths                                                                                                                                                                             ;
+-------+----------------------------------------------------------------------------------------------+--------------+---------------+---------------+--------------+------------+------------+
; Slack ; From Node                                                                                    ; To Node      ; Launch Clock  ; Latch Clock   ; Relationship ; Clock Skew ; Data Delay ;
+-------+----------------------------------------------------------------------------------------------+--------------+---------------+---------------+--------------+------------+------------+
; 4.686 ; xwr_core:u_xwr_core|wr_core:WRPC|xwr_pps_gen:PPS_GEN|wr_pps_gen:WRAPPED_PPSGEN|cntr_nsec[19] ; step6b_armed ; qsfp_ref_125m ; qsfp_ref_125m ; 8.000        ; -0.043     ; 3.442      ;
; 4.797 ; xwr_core:u_xwr_core|wr_core:WRPC|xwr_pps_gen:PPS_GEN|wr_pps_gen:WRAPPED_PPSGEN|cntr_nsec[7]  ; step6b_armed ; qsfp_ref_125m ; qsfp_ref_125m ; 8.000        ; -0.070     ; 3.304      ;
; 4.840 ; xwr_core:u_xwr_core|wr_core:WRPC|xwr_pps_gen:PPS_GEN|wr_pps_gen:WRAPPED_PPSGEN|cntr_utc[17]  ; step6b_armed ; qsfp_ref_125m ; qsfp_ref_125m ; 8.000        ; -0.080     ; 3.251      ;
; 4.840 ; xwr_core:u_xwr_core|wr_core:WRPC|xwr_pps_gen:PPS_GEN|wr_pps_gen:WRAPPED_PPSGEN|cntr_utc[22]  ; step6b_armed ; qsfp_ref_125m ; qsfp_ref_125m ; 8.000        ; -0.080     ; 3.251      ;
; 4.895 ; xwr_core:u_xwr_core|wr_core:WRPC|xwr_pps_gen:PPS_GEN|wr_pps_gen:WRAPPED_PPSGEN|cntr_nsec[8]  ; step6b_armed ; qsfp_ref_125m ; qsfp_ref_125m ; 8.000        ; -0.070     ; 3.206      ;
; 4.950 ; xwr_core:u_xwr_core|wr_core:WRPC|xwr_pps_gen:PPS_GEN|wr_pps_gen:WRAPPED_PPSGEN|cntr_nsec[1]  ; step6b_armed ; qsfp_ref_125m ; qsfp_ref_125m ; 8.000        ; -0.043     ; 3.178      ;
; 5.016 ; xwr_core:u_xwr_core|wr_core:WRPC|xwr_pps_gen:PPS_GEN|wr_pps_gen:WRAPPED_PPSGEN|cntr_utc[7]   ; step6b_armed ; qsfp_ref_125m ; qsfp_ref_125m ; 8.000        ; -0.043     ; 3.112      ;
; 5.020 ; xwr_core:u_xwr_core|wr_core:WRPC|xwr_pps_gen:PPS_GEN|wr_pps_gen:WRAPPED_PPSGEN|cntr_utc[19]  ; step6b_armed ; qsfp_ref_125m ; qsfp_ref_125m ; 8.000        ; -0.080     ; 3.071      ;
; 5.031 ; xwr_core:u_xwr_core|wr_core:WRPC|xwr_pps_gen:PPS_GEN|wr_pps_gen:WRAPPED_PPSGEN|cntr_nsec[4]  ; step6b_armed ; qsfp_ref_125m ; qsfp_ref_125m ; 8.000        ; -0.070     ; 3.070      ;
; 5.063 ; xwr_core:u_xwr_core|wr_core:WRPC|xwr_pps_gen:PPS_GEN|wr_pps_gen:WRAPPED_PPSGEN|cntr_utc[18]  ; step6b_armed ; qsfp_ref_125m ; qsfp_ref_125m ; 8.000        ; -0.080     ; 3.028      ;
; 5.064 ; xwr_core:u_xwr_core|wr_core:WRPC|xwr_pps_gen:PPS_GEN|wr_pps_gen:WRAPPED_PPSGEN|cntr_utc[10]  ; step6b_armed ; qsfp_ref_125m ; qsfp_ref_125m ; 8.000        ; -0.080     ; 3.027      ;
; 5.069 ; xwr_core:u_xwr_core|wr_core:WRPC|xwr_pps_gen:PPS_GEN|wr_pps_gen:WRAPPED_PPSGEN|cntr_utc[8]   ; step6b_armed ; qsfp_ref_125m ; qsfp_ref_125m ; 8.000        ; -0.043     ; 3.059      ;
; 5.072 ; xwr_core:u_xwr_core|wr_core:WRPC|xwr_pps_gen:PPS_GEN|wr_pps_gen:WRAPPED_PPSGEN|cntr_utc[16]  ; step6b_armed ; qsfp_ref_125m ; qsfp_ref_125m ; 8.000        ; -0.080     ; 3.019      ;
; 5.079 ; xwr_core:u_xwr_core|wr_core:WRPC|xwr_pps_gen:PPS_GEN|wr_pps_gen:WRAPPED_PPSGEN|cntr_nsec[10] ; step6b_armed ; qsfp_ref_125m ; qsfp_ref_125m ; 8.000        ; -0.043     ; 3.049      ;
; 5.086 ; xwr_core:u_xwr_core|wr_core:WRPC|xwr_pps_gen:PPS_GEN|wr_pps_gen:WRAPPED_PPSGEN|cntr_utc[6]   ; step6b_armed ; qsfp_ref_125m ; qsfp_ref_125m ; 8.000        ; -0.043     ; 3.042      ;
; 5.087 ; step6b_target_tai_latched[7]                                                                 ; step6b_armed ; qsfp_ref_125m ; qsfp_ref_125m ; 8.000        ; -0.050     ; 3.034      ;
; 5.120 ; xwr_core:u_xwr_core|wr_core:WRPC|xwr_pps_gen:PPS_GEN|wr_pps_gen:WRAPPED_PPSGEN|cntr_utc[25]  ; step6b_armed ; qsfp_ref_125m ; qsfp_ref_125m ; 8.000        ; -0.043     ; 3.008      ;
; 5.129 ; xwr_core:u_xwr_core|wr_core:WRPC|xwr_pps_gen:PPS_GEN|wr_pps_gen:WRAPPED_PPSGEN|cntr_nsec[12] ; step6b_armed ; qsfp_ref_125m ; qsfp_ref_125m ; 8.000        ; -0.043     ; 2.999      ;
; 5.149 ; xwr_core:u_xwr_core|wr_core:WRPC|xwr_pps_gen:PPS_GEN|wr_pps_gen:WRAPPED_PPSGEN|cntr_utc[5]   ; step6b_armed ; qsfp_ref_125m ; qsfp_ref_125m ; 8.000        ; -0.043     ; 2.979      ;
; 5.161 ; step6b_target_tai_latched[6]                                                                 ; step6b_armed ; qsfp_ref_125m ; qsfp_ref_125m ; 8.000        ; -0.050     ; 2.960      ;
+-------+----------------------------------------------------------------------------------------------+--------------+---------------+---------------+--------------+------------+------------+

Path #1: Setup slack is 4.686 
===============================================================================
+-------------------------------------------------------------------------------------------------------------------+
; Path Summary                                                                                                      ;
+--------------------+----------------------------------------------------------------------------------------------+
; Property           ; Value                                                                                        ;
+--------------------+----------------------------------------------------------------------------------------------+
; From Node          ; xwr_core:u_xwr_core|wr_core:WRPC|xwr_pps_gen:PPS_GEN|wr_pps_gen:WRAPPED_PPSGEN|cntr_nsec[19] ;
; To Node            ; step6b_armed                                                                                 ;
; Launch Clock       ; qsfp_ref_125m                                                                                ;
; Latch Clock        ; qsfp_ref_125m                                                                                ;
; Data Arrival Time  ; 8.687                                                                                        ;
; Data Required Time ; 13.373                                                                                       ;
; Slack              ; 4.686                                                                                        ;
+--------------------+----------------------------------------------------------------------------------------------+

+------------------------------------------------------------------------------------+
; Statistics                                                                         ;
+------------------------+--------+-------+-------------+------------+-------+-------+
; Property               ; Value  ; Count ; Total Delay ; % of Total ; Min   ; Max   ;
+------------------------+--------+-------+-------------+------------+-------+-------+
; Setup Relationship     ; 8.000  ;       ;             ;            ;       ;       ;
; Clock Skew             ; -0.043 ;       ;             ;            ;       ;       ;
; Data Delay             ; 3.442  ;       ;             ;            ;       ;       ;
; Number of Logic Levels ;        ; 5     ;             ;            ;       ;       ;
; Physical Delays        ;        ;       ;             ;            ;       ;       ;
;  Arrival Path          ;        ;       ;             ;            ;       ;       ;
;   Clock                ;        ;       ;             ;            ;       ;       ;
;    IC                  ;        ; 4     ; 3.538       ; 67         ; 0.000 ; 3.538 ;
;    Cell                ;        ; 5     ; 1.707       ; 33         ; 0.000 ; 1.166 ;
;   Data                 ;        ;       ;             ;            ;       ;       ;
;    IC                  ;        ; 5     ; 2.341       ; 68         ; 0.179 ; 1.068 ;
;    Cell                ;        ; 12    ; 0.896       ; 26         ; 0.000 ; 0.262 ;
;    uTco                ;        ; 1     ; 0.205       ; 6          ; 0.205 ; 0.205 ;
;  Required Path         ;        ;       ;             ;            ;       ;       ;
;   Clock                ;        ;       ;             ;            ;       ;       ;
;    IC                  ;        ; 4     ; 3.289       ; 70         ; 0.000 ; 3.289 ;
;    Cell                ;        ; 5     ; 1.442       ; 30         ; 0.000 ; 0.974 ;
+------------------------+--------+-------+-------------+------------+-------+-------+
Note: Negative delays are omitted from totals when calculating percentages

+------------------------------------------------------------------------------------------------------------------------------------------------------------------------------------------------+
; Data Arrival Path                                                                                                                                                                              ;
+---------+---------+----+------+--------+-----------------------+------------+------------------------------------------------------------------------------------------------------------------+
; Total   ; Incr    ; RF ; Type ; Fanout ; Location              ; HS/LP      ; Element                                                                                                          ;
+---------+---------+----+------+--------+-----------------------+------------+------------------------------------------------------------------------------------------------------------------+
; 0.000   ; 0.000   ;    ;      ;        ;                       ;            ; launch edge time                                                                                                 ;
; 5.245   ; 5.245   ;    ;      ;        ;                       ;            ; clock path                                                                                                       ;
;   0.000 ;   0.000 ;    ;      ;        ;                       ;            ; source latency                                                                                                   ;
;   0.000 ;   0.000 ;    ;      ; 1      ; PIN_AH5               ;            ; QSFPA_REFCLK_p                                                                                                   ;
;   0.000 ;   0.000 ; RR ; IC   ; 1      ; IOIBUF_X224_Y13_N108  ;            ; QSFPA_REFCLK_p~input|i                                                                                           ;
;   0.070 ;   0.070 ; RR ; CELL ; 1      ; IOIBUF_X224_Y13_N108  ;            ; QSFPA_REFCLK_p~input|o                                                                                           ;
;   0.070 ;   0.000 ; RR ; IC   ; 1      ; HSSIREFCLKDIVIDER_4CT ;            ; QSFPA_REFCLK_p~inputFITTER_INSERTED|refclk_inp                                                                   ;
;   0.070 ;   0.000 ; RR ; CELL ; 3      ; HSSIREFCLKDIVIDER_4CT ;            ; QSFPA_REFCLK_p~inputFITTER_INSERTED|refclk_a                                                                     ;
;   1.236 ;   1.166 ; RR ; CELL ; 1      ; HSSIREFCLKDIVIDER_4CT ;            ; QSFPA_REFCLK_p~inputFITTER_INSERTED~hssi_tile/ch4_pld_pma_fpll_fbclkout_lc_lvpecl_to_coreclk                     ;
;   1.236 ;   0.000 ; RR ; IC   ; 2      ; CLKCTRL_4C_G_I18      ;            ; QSFPA_REFCLK_p~inputFITTER_INSERTEDCLKENA0|inclk                                                                 ;
;   1.707 ;   0.471 ; RR ; CELL ; 1017   ; CLKCTRL_4C_G_I18      ;            ; QSFPA_REFCLK_p~inputFITTER_INSERTEDCLKENA0|outclk                                                                ;
;   5.245 ;   3.538 ; RR ; IC   ; 1      ; FF_X154_Y38_N25       ; High Speed ; u_xwr_core|WRPC|PPS_GEN|WRAPPED_PPSGEN|cntr_nsec[19]|clk                                                         ;
;   5.245 ;   0.000 ; RR ; CELL ; 1      ; FF_X154_Y38_N25       ; High Speed ; xwr_core:u_xwr_core|wr_core:WRPC|xwr_pps_gen:PPS_GEN|wr_pps_gen:WRAPPED_PPSGEN|cntr_nsec[19]                     ;
; 8.687   ; 3.442   ;    ;      ;        ;                       ;            ; data path                                                                                                        ;
;   5.450 ;   0.205 ; RR ; uTco ; 1      ; FF_X154_Y38_N25       ;            ; u_xwr_core|WRPC|PPS_GEN|WRAPPED_PPSGEN|cntr_nsec[19]|q                                                           ;
;   5.602 ;   0.152 ; RR ; CELL ; 7      ; FF_X154_Y38_N25       ; High Speed ; xwr_core:u_xwr_core|wr_core:WRPC|xwr_pps_gen:PPS_GEN|wr_pps_gen:WRAPPED_PPSGEN|cntr_nsec[19]~la_mlab/laboutt[16] ;
;   6.670 ;   1.068 ; RR ; IC   ; 1      ; LABCELL_X151_Y38_N6   ; Mixed      ; p_step6b_scheduler~6|dataf                                                                                       ;
;   6.717 ;   0.047 ; RR ; CELL ; 1      ; LABCELL_X151_Y38_N6   ; Low Power  ; p_step6b_scheduler~6|combout                                                                                     ;
;   6.722 ;   0.005 ; RR ; CELL ; 1      ; LABCELL_X151_Y38_N6   ; Low Power  ; p_step6b_scheduler~6~la_lab/laboutt[5]                                                                           ;
;   7.193 ;   0.471 ; RR ; IC   ; 1      ; LABCELL_X149_Y42_N21  ; Low Power  ; p_step6b_scheduler~8|datab                                                                                       ;
;   7.455 ;   0.262 ; RR ; CELL ; 1      ; LABCELL_X149_Y42_N21  ; Low Power  ; p_step6b_scheduler~8|combout                                                                                     ;
;   7.460 ;   0.005 ; RR ; CELL ; 1      ; LABCELL_X149_Y42_N21  ; Low Power  ; p_step6b_scheduler~8~la_lab/laboutt[15]                                                                          ;
;   7.640 ;   0.180 ; RR ; IC   ; 1      ; LABCELL_X149_Y42_N33  ; Low Power  ; p_step6b_scheduler~9|dataf                                                                                       ;
;   7.684 ;   0.044 ; RR ; CELL ; 1      ; LABCELL_X149_Y42_N33  ; Low Power  ; p_step6b_scheduler~9|combout                                                                                     ;
;   7.689 ;   0.005 ; RR ; CELL ; 4      ; LABCELL_X149_Y42_N33  ; Low Power  ; p_step6b_scheduler~9~la_lab/laboutb[3]                                                                           ;
;   8.132 ;   0.443 ; RR ; IC   ; 1      ; MLABCELL_X146_Y43_N12 ; Low Power  ; p_step6b_scheduler~25|datad                                                                                      ;
;   8.275 ;   0.143 ; RR ; CELL ; 1      ; MLABCELL_X146_Y43_N12 ; Low Power  ; p_step6b_scheduler~25|combout                                                                                    ;
;   8.281 ;   0.006 ; RR ; CELL ; 2      ; MLABCELL_X146_Y43_N12 ; Low Power  ; p_step6b_scheduler~25~la_mlab/laboutt[9]                                                                         ;
;   8.460 ;   0.179 ; RR ; IC   ; 1      ; MLABCELL_X146_Y43_N39 ; Low Power  ; step6b_armed~0|datab                                                                                             ;
;   8.687 ;   0.227 ; RF ; CELL ; 1      ; MLABCELL_X146_Y43_N39 ; Low Power  ; step6b_armed~0|combout                                                                                           ;
;   8.687 ;   0.000 ; FF ; CELL ; 1      ; FF_X146_Y43_N40       ; Low Power  ; step6b_armed|d                                                                                                   ;
;   8.687 ;   0.000 ; FF ; CELL ; 1      ; FF_X146_Y43_N40       ; Low Power  ; step6b_armed                                                                                                     ;
+---------+---------+----+------+--------+-----------------------+------------+------------------------------------------------------------------------------------------------------------------+

+----------------------------------------------------------------------------------------------------------------------------------------------------------------------------+
; Data Required Path                                                                                                                                                         ;
+----------+---------+----+------+--------+-----------------------+-----------+----------------------------------------------------------------------------------------------+
; Total    ; Incr    ; RF ; Type ; Fanout ; Location              ; HS/LP     ; Element                                                                                      ;
+----------+---------+----+------+--------+-----------------------+-----------+----------------------------------------------------------------------------------------------+
; 8.000    ; 8.000   ;    ;      ;        ;                       ;           ; latch edge time                                                                              ;
; 13.202   ; 5.202   ;    ;      ;        ;                       ;           ; clock path                                                                                   ;
;   8.000  ;   0.000 ;    ;      ;        ;                       ;           ; source latency                                                                               ;
;   8.000  ;   0.000 ;    ;      ; 1      ; PIN_AH5               ;           ; QSFPA_REFCLK_p                                                                               ;
;   8.000  ;   0.000 ; RR ; IC   ; 1      ; IOIBUF_X224_Y13_N108  ;           ; QSFPA_REFCLK_p~input|i                                                                       ;
;   8.070  ;   0.070 ; RR ; CELL ; 1      ; IOIBUF_X224_Y13_N108  ;           ; QSFPA_REFCLK_p~input|o                                                                       ;
;   8.070  ;   0.000 ; RR ; IC   ; 1      ; HSSIREFCLKDIVIDER_4CT ;           ; QSFPA_REFCLK_p~inputFITTER_INSERTED|refclk_inp                                               ;
;   8.070  ;   0.000 ; RR ; CELL ; 3      ; HSSIREFCLKDIVIDER_4CT ;           ; QSFPA_REFCLK_p~inputFITTER_INSERTED|refclk_a                                                 ;
;   9.044  ;   0.974 ; RR ; CELL ; 1      ; HSSIREFCLKDIVIDER_4CT ;           ; QSFPA_REFCLK_p~inputFITTER_INSERTED~hssi_tile/ch4_pld_pma_fpll_fbclkout_lc_lvpecl_to_coreclk ;
;   9.044  ;   0.000 ; RR ; IC   ; 2      ; CLKCTRL_4C_G_I18      ;           ; QSFPA_REFCLK_p~inputFITTER_INSERTEDCLKENA0|inclk                                             ;
;   9.442  ;   0.398 ; RR ; CELL ; 1017   ; CLKCTRL_4C_G_I18      ;           ; QSFPA_REFCLK_p~inputFITTER_INSERTEDCLKENA0|outclk                                            ;
;   12.731 ;   3.289 ; RR ; IC   ; 1      ; FF_X146_Y43_N40       ; Low Power ; step6b_armed|clk                                                                             ;
;   12.731 ;   0.000 ; RR ; CELL ; 1      ; FF_X146_Y43_N40       ; Low Power ; step6b_armed                                                                                 ;
;   13.202 ;   0.471 ;    ;      ;        ;                       ;           ; clock pessimism removed                                                                      ;
; 13.162   ; -0.040  ;    ;      ;        ;                       ;           ; clock uncertainty                                                                            ;
; 13.373   ; 0.211   ;    ; uTsu ; 1      ; FF_X146_Y43_N40       ;           ; step6b_armed                                                                                 ;
+----------+---------+----+------+--------+-----------------------+-----------+----------------------------------------------------------------------------------------------+

----------------------------
; Extra Fitter Information ;
----------------------------
HTML report is unavailable in plain text report export.


Path #2: Setup slack is 4.797 
===============================================================================
+------------------------------------------------------------------------------------------------------------------+
; Path Summary                                                                                                     ;
+--------------------+---------------------------------------------------------------------------------------------+
; Property           ; Value                                                                                       ;
+--------------------+---------------------------------------------------------------------------------------------+
; From Node          ; xwr_core:u_xwr_core|wr_core:WRPC|xwr_pps_gen:PPS_GEN|wr_pps_gen:WRAPPED_PPSGEN|cntr_nsec[7] ;
; To Node            ; step6b_armed                                                                                ;
; Launch Clock       ; qsfp_ref_125m                                                                               ;
; Latch Clock        ; qsfp_ref_125m                                                                               ;
; Data Arrival Time  ; 8.576                                                                                       ;
; Data Required Time ; 13.373                                                                                      ;
; Slack              ; 4.797                                                                                       ;
+--------------------+---------------------------------------------------------------------------------------------+

+------------------------------------------------------------------------------------+
; Statistics                                                                         ;
+------------------------+--------+-------+-------------+------------+-------+-------+
; Property               ; Value  ; Count ; Total Delay ; % of Total ; Min   ; Max   ;
+------------------------+--------+-------+-------------+------------+-------+-------+
; Setup Relationship     ; 8.000  ;       ;             ;            ;       ;       ;
; Clock Skew             ; -0.070 ;       ;             ;            ;       ;       ;
; Data Delay             ; 3.304  ;       ;             ;            ;       ;       ;
; Number of Logic Levels ;        ; 5     ;             ;            ;       ;       ;
; Physical Delays        ;        ;       ;             ;            ;       ;       ;
;  Arrival Path          ;        ;       ;             ;            ;       ;       ;
;   Clock                ;        ;       ;             ;            ;       ;       ;
;    IC                  ;        ; 4     ; 3.565       ; 68         ; 0.000 ; 3.565 ;
;    Cell                ;        ; 5     ; 1.707       ; 32         ; 0.000 ; 1.166 ;
;   Data                 ;        ;       ;             ;            ;       ;       ;
;    IC                  ;        ; 5     ; 1.859       ; 56         ; 0.179 ; 0.595 ;
;    Cell                ;        ; 12    ; 1.154       ; 35         ; 0.000 ; 0.266 ;
;    uTco                ;        ; 1     ; 0.291       ; 9          ; 0.291 ; 0.291 ;
;  Required Path         ;        ;       ;             ;            ;       ;       ;
;   Clock                ;        ;       ;             ;            ;       ;       ;
;    IC                  ;        ; 4     ; 3.289       ; 70         ; 0.000 ; 3.289 ;
;    Cell                ;        ; 5     ; 1.442       ; 30         ; 0.000 ; 0.974 ;
+------------------------+--------+-------+-------------+------------+-------+-------+
Note: Negative delays are omitted from totals when calculating percentages

+---------------------------------------------------------------------------------------------------------------------------------------------------------------------------------------------+
; Data Arrival Path                                                                                                                                                                           ;
+---------+---------+----+------+--------+-----------------------+-----------+----------------------------------------------------------------------------------------------------------------+
; Total   ; Incr    ; RF ; Type ; Fanout ; Location              ; HS/LP     ; Element                                                                                                        ;
+---------+---------+----+------+--------+-----------------------+-----------+----------------------------------------------------------------------------------------------------------------+
; 0.000   ; 0.000   ;    ;      ;        ;                       ;           ; launch edge time                                                                                               ;
; 5.272   ; 5.272   ;    ;      ;        ;                       ;           ; clock path                                                                                                     ;
;   0.000 ;   0.000 ;    ;      ;        ;                       ;           ; source latency                                                                                                 ;
;   0.000 ;   0.000 ;    ;      ; 1      ; PIN_AH5               ;           ; QSFPA_REFCLK_p                                                                                                 ;
;   0.000 ;   0.000 ; RR ; IC   ; 1      ; IOIBUF_X224_Y13_N108  ;           ; QSFPA_REFCLK_p~input|i                                                                                         ;
;   0.070 ;   0.070 ; RR ; CELL ; 1      ; IOIBUF_X224_Y13_N108  ;           ; QSFPA_REFCLK_p~input|o                                                                                         ;
;   0.070 ;   0.000 ; RR ; IC   ; 1      ; HSSIREFCLKDIVIDER_4CT ;           ; QSFPA_REFCLK_p~inputFITTER_INSERTED|refclk_inp                                                                 ;
;   0.070 ;   0.000 ; RR ; CELL ; 3      ; HSSIREFCLKDIVIDER_4CT ;           ; QSFPA_REFCLK_p~inputFITTER_INSERTED|refclk_a                                                                   ;
;   1.236 ;   1.166 ; RR ; CELL ; 1      ; HSSIREFCLKDIVIDER_4CT ;           ; QSFPA_REFCLK_p~inputFITTER_INSERTED~hssi_tile/ch4_pld_pma_fpll_fbclkout_lc_lvpecl_to_coreclk                   ;
;   1.236 ;   0.000 ; RR ; IC   ; 2      ; CLKCTRL_4C_G_I18      ;           ; QSFPA_REFCLK_p~inputFITTER_INSERTEDCLKENA0|inclk                                                               ;
;   1.707 ;   0.471 ; RR ; CELL ; 1017   ; CLKCTRL_4C_G_I18      ;           ; QSFPA_REFCLK_p~inputFITTER_INSERTEDCLKENA0|outclk                                                              ;
;   5.272 ;   3.565 ; RR ; IC   ; 1      ; FF_X154_Y41_N41       ; Low Power ; u_xwr_core|WRPC|PPS_GEN|WRAPPED_PPSGEN|cntr_nsec[7]|clk                                                        ;
;   5.272 ;   0.000 ; RR ; CELL ; 1      ; FF_X154_Y41_N41       ; Low Power ; xwr_core:u_xwr_core|wr_core:WRPC|xwr_pps_gen:PPS_GEN|wr_pps_gen:WRAPPED_PPSGEN|cntr_nsec[7]                    ;
; 8.576   ; 3.304   ;    ;      ;        ;                       ;           ; data path                                                                                                      ;
;   5.563 ;   0.291 ; RR ; uTco ; 1      ; FF_X154_Y41_N41       ;           ; u_xwr_core|WRPC|PPS_GEN|WRAPPED_PPSGEN|cntr_nsec[7]|q                                                          ;
;   5.740 ;   0.177 ; RR ; CELL ; 7      ; FF_X154_Y41_N41       ; Low Power ; xwr_core:u_xwr_core|wr_core:WRPC|xwr_pps_gen:PPS_GEN|wr_pps_gen:WRAPPED_PPSGEN|cntr_nsec[7]~la_mlab/laboutb[7] ;
;   6.175 ;   0.435 ; RR ; IC   ; 1      ; LABCELL_X151_Y38_N48  ; Mixed     ; p_step6b_scheduler~21|dataa                                                                                    ;
;   6.441 ;   0.266 ; RR ; CELL ; 1      ; LABCELL_X151_Y38_N48  ; Low Power ; p_step6b_scheduler~21|combout                                                                                  ;
;   6.446 ;   0.005 ; RR ; CELL ; 1      ; LABCELL_X151_Y38_N48  ; Low Power ; p_step6b_scheduler~21~la_lab/laboutb[13]                                                                       ;
;   7.041 ;   0.595 ; RR ; IC   ; 1      ; LABCELL_X147_Y39_N48  ; Mixed     ; p_step6b_scheduler~23|datac                                                                                    ;
;   7.196 ;   0.155 ; RR ; CELL ; 1      ; LABCELL_X147_Y39_N48  ; Low Power ; p_step6b_scheduler~23|combout                                                                                  ;
;   7.200 ;   0.004 ; RR ; CELL ; 1      ; LABCELL_X147_Y39_N48  ; Low Power ; p_step6b_scheduler~23~la_lab/laboutb[12]                                                                       ;
;   7.413 ;   0.213 ; RR ; IC   ; 1      ; LABCELL_X147_Y39_N0   ; Low Power ; p_step6b_scheduler~24|datad                                                                                    ;
;   7.563 ;   0.150 ; RR ; CELL ; 1      ; LABCELL_X147_Y39_N0   ; Low Power ; p_step6b_scheduler~24|combout                                                                                  ;
;   7.568 ;   0.005 ; RR ; CELL ; 4      ; LABCELL_X147_Y39_N0   ; Low Power ; p_step6b_scheduler~24~la_lab/laboutt[1]                                                                        ;
;   8.005 ;   0.437 ; RR ; IC   ; 1      ; MLABCELL_X146_Y43_N12 ; Low Power ; p_step6b_scheduler~25|datac                                                                                    ;
;   8.164 ;   0.159 ; RR ; CELL ; 1      ; MLABCELL_X146_Y43_N12 ; Low Power ; p_step6b_scheduler~25|combout                                                                                  ;
;   8.170 ;   0.006 ; RR ; CELL ; 2      ; MLABCELL_X146_Y43_N12 ; Low Power ; p_step6b_scheduler~25~la_mlab/laboutt[9]                                                                       ;
;   8.349 ;   0.179 ; RR ; IC   ; 1      ; MLABCELL_X146_Y43_N39 ; Low Power ; step6b_armed~0|datab                                                                                           ;
;   8.576 ;   0.227 ; RF ; CELL ; 1      ; MLABCELL_X146_Y43_N39 ; Low Power ; step6b_armed~0|combout                                                                                         ;
;   8.576 ;   0.000 ; FF ; CELL ; 1      ; FF_X146_Y43_N40       ; Low Power ; step6b_armed|d                                                                                                 ;
;   8.576 ;   0.000 ; FF ; CELL ; 1      ; FF_X146_Y43_N40       ; Low Power ; step6b_armed                                                                                                   ;
+---------+---------+----+------+--------+-----------------------+-----------+----------------------------------------------------------------------------------------------------------------+

+----------------------------------------------------------------------------------------------------------------------------------------------------------------------------+
; Data Required Path                                                                                                                                                         ;
+----------+---------+----+------+--------+-----------------------+-----------+----------------------------------------------------------------------------------------------+
; Total    ; Incr    ; RF ; Type ; Fanout ; Location              ; HS/LP     ; Element                                                                                      ;
+----------+---------+----+------+--------+-----------------------+-----------+----------------------------------------------------------------------------------------------+
; 8.000    ; 8.000   ;    ;      ;        ;                       ;           ; latch edge time                                                                              ;
; 13.202   ; 5.202   ;    ;      ;        ;                       ;           ; clock path                                                                                   ;
;   8.000  ;   0.000 ;    ;      ;        ;                       ;           ; source latency                                                                               ;
;   8.000  ;   0.000 ;    ;      ; 1      ; PIN_AH5               ;           ; QSFPA_REFCLK_p                                                                               ;
;   8.000  ;   0.000 ; RR ; IC   ; 1      ; IOIBUF_X224_Y13_N108  ;           ; QSFPA_REFCLK_p~input|i                                                                       ;
;   8.070  ;   0.070 ; RR ; CELL ; 1      ; IOIBUF_X224_Y13_N108  ;           ; QSFPA_REFCLK_p~input|o                                                                       ;
;   8.070  ;   0.000 ; RR ; IC   ; 1      ; HSSIREFCLKDIVIDER_4CT ;           ; QSFPA_REFCLK_p~inputFITTER_INSERTED|refclk_inp                                               ;
;   8.070  ;   0.000 ; RR ; CELL ; 3      ; HSSIREFCLKDIVIDER_4CT ;           ; QSFPA_REFCLK_p~inputFITTER_INSERTED|refclk_a                                                 ;
;   9.044  ;   0.974 ; RR ; CELL ; 1      ; HSSIREFCLKDIVIDER_4CT ;           ; QSFPA_REFCLK_p~inputFITTER_INSERTED~hssi_tile/ch4_pld_pma_fpll_fbclkout_lc_lvpecl_to_coreclk ;
;   9.044  ;   0.000 ; RR ; IC   ; 2      ; CLKCTRL_4C_G_I18      ;           ; QSFPA_REFCLK_p~inputFITTER_INSERTEDCLKENA0|inclk                                             ;
;   9.442  ;   0.398 ; RR ; CELL ; 1017   ; CLKCTRL_4C_G_I18      ;           ; QSFPA_REFCLK_p~inputFITTER_INSERTEDCLKENA0|outclk                                            ;
;   12.731 ;   3.289 ; RR ; IC   ; 1      ; FF_X146_Y43_N40       ; Low Power ; step6b_armed|clk                                                                             ;
;   12.731 ;   0.000 ; RR ; CELL ; 1      ; FF_X146_Y43_N40       ; Low Power ; step6b_armed                                                                                 ;
;   13.202 ;   0.471 ;    ;      ;        ;                       ;           ; clock pessimism removed                                                                      ;
; 13.162   ; -0.040  ;    ;      ;        ;                       ;           ; clock uncertainty                                                                            ;
; 13.373   ; 0.211   ;    ; uTsu ; 1      ; FF_X146_Y43_N40       ;           ; step6b_armed                                                                                 ;
+----------+---------+----+------+--------+-----------------------+-----------+----------------------------------------------------------------------------------------------+

----------------------------
; Extra Fitter Information ;
----------------------------
HTML report is unavailable in plain text report export.


Path #3: Setup slack is 4.840 
===============================================================================
+------------------------------------------------------------------------------------------------------------------+
; Path Summary                                                                                                     ;
+--------------------+---------------------------------------------------------------------------------------------+
; Property           ; Value                                                                                       ;
+--------------------+---------------------------------------------------------------------------------------------+
; From Node          ; xwr_core:u_xwr_core|wr_core:WRPC|xwr_pps_gen:PPS_GEN|wr_pps_gen:WRAPPED_PPSGEN|cntr_utc[17] ;
; To Node            ; step6b_armed                                                                                ;
; Launch Clock       ; qsfp_ref_125m                                                                               ;
; Latch Clock        ; qsfp_ref_125m                                                                               ;
; Data Arrival Time  ; 8.533                                                                                       ;
; Data Required Time ; 13.373                                                                                      ;
; Slack              ; 4.840                                                                                       ;
+--------------------+---------------------------------------------------------------------------------------------+

+------------------------------------------------------------------------------------+
; Statistics                                                                         ;
+------------------------+--------+-------+-------------+------------+-------+-------+
; Property               ; Value  ; Count ; Total Delay ; % of Total ; Min   ; Max   ;
+------------------------+--------+-------+-------------+------------+-------+-------+
; Setup Relationship     ; 8.000  ;       ;             ;            ;       ;       ;
; Clock Skew             ; -0.080 ;       ;             ;            ;       ;       ;
; Data Delay             ; 3.251  ;       ;             ;            ;       ;       ;
; Number of Logic Levels ;        ; 5     ;             ;            ;       ;       ;
; Physical Delays        ;        ;       ;             ;            ;       ;       ;
;  Arrival Path          ;        ;       ;             ;            ;       ;       ;
;   Clock                ;        ;       ;             ;            ;       ;       ;
;    IC                  ;        ; 4     ; 3.575       ; 68         ; 0.000 ; 3.575 ;
;    Cell                ;        ; 5     ; 1.707       ; 32         ; 0.000 ; 1.166 ;
;   Data                 ;        ;       ;             ;            ;       ;       ;
;    IC                  ;        ; 5     ; 1.954       ; 60         ; 0.179 ; 0.734 ;
;    Cell                ;        ; 12    ; 1.003       ; 31         ; 0.000 ; 0.227 ;
;    uTco                ;        ; 1     ; 0.294       ; 9          ; 0.294 ; 0.294 ;
;  Required Path         ;        ;       ;             ;            ;       ;       ;
;   Clock                ;        ;       ;             ;            ;       ;       ;
;    IC                  ;        ; 4     ; 3.289       ; 70         ; 0.000 ; 3.289 ;
;    Cell                ;        ; 5     ; 1.442       ; 30         ; 0.000 ; 0.974 ;
+------------------------+--------+-------+-------------+------------+-------+-------+
Note: Negative delays are omitted from totals when calculating percentages

+-----------------------------------------------------------------------------------------------------------------------------------------------------------------------------------------------+
; Data Arrival Path                                                                                                                                                                             ;
+---------+---------+----+------+--------+-----------------------+------------+-----------------------------------------------------------------------------------------------------------------+
; Total   ; Incr    ; RF ; Type ; Fanout ; Location              ; HS/LP      ; Element                                                                                                         ;
+---------+---------+----+------+--------+-----------------------+------------+-----------------------------------------------------------------------------------------------------------------+
; 0.000   ; 0.000   ;    ;      ;        ;                       ;            ; launch edge time                                                                                                ;
; 5.282   ; 5.282   ;    ;      ;        ;                       ;            ; clock path                                                                                                      ;
;   0.000 ;   0.000 ;    ;      ;        ;                       ;            ; source latency                                                                                                  ;
;   0.000 ;   0.000 ;    ;      ; 1      ; PIN_AH5               ;            ; QSFPA_REFCLK_p                                                                                                  ;
;   0.000 ;   0.000 ; RR ; IC   ; 1      ; IOIBUF_X224_Y13_N108  ;            ; QSFPA_REFCLK_p~input|i                                                                                          ;
;   0.070 ;   0.070 ; RR ; CELL ; 1      ; IOIBUF_X224_Y13_N108  ;            ; QSFPA_REFCLK_p~input|o                                                                                          ;
;   0.070 ;   0.000 ; RR ; IC   ; 1      ; HSSIREFCLKDIVIDER_4CT ;            ; QSFPA_REFCLK_p~inputFITTER_INSERTED|refclk_inp                                                                  ;
;   0.070 ;   0.000 ; RR ; CELL ; 3      ; HSSIREFCLKDIVIDER_4CT ;            ; QSFPA_REFCLK_p~inputFITTER_INSERTED|refclk_a                                                                    ;
;   1.236 ;   1.166 ; RR ; CELL ; 1      ; HSSIREFCLKDIVIDER_4CT ;            ; QSFPA_REFCLK_p~inputFITTER_INSERTED~hssi_tile/ch4_pld_pma_fpll_fbclkout_lc_lvpecl_to_coreclk                    ;
;   1.236 ;   0.000 ; RR ; IC   ; 2      ; CLKCTRL_4C_G_I18      ;            ; QSFPA_REFCLK_p~inputFITTER_INSERTEDCLKENA0|inclk                                                                ;
;   1.707 ;   0.471 ; RR ; CELL ; 1017   ; CLKCTRL_4C_G_I18      ;            ; QSFPA_REFCLK_p~inputFITTER_INSERTEDCLKENA0|outclk                                                               ;
;   5.282 ;   3.575 ; RR ; IC   ; 1      ; FF_X154_Y39_N29       ; Low Power  ; u_xwr_core|WRPC|PPS_GEN|WRAPPED_PPSGEN|cntr_utc[17]|clk                                                         ;
;   5.282 ;   0.000 ; RR ; CELL ; 1      ; FF_X154_Y39_N29       ; Low Power  ; xwr_core:u_xwr_core|wr_core:WRPC|xwr_pps_gen:PPS_GEN|wr_pps_gen:WRAPPED_PPSGEN|cntr_utc[17]                     ;
; 8.533   ; 3.251   ;    ;      ;        ;                       ;            ; data path                                                                                                       ;
;   5.576 ;   0.294 ; RR ; uTco ; 1      ; FF_X154_Y39_N29       ;            ; u_xwr_core|WRPC|PPS_GEN|WRAPPED_PPSGEN|cntr_utc[17]|q                                                           ;
;   5.753 ;   0.177 ; RR ; CELL ; 6      ; FF_X154_Y39_N29       ; Low Power  ; xwr_core:u_xwr_core|wr_core:WRPC|xwr_pps_gen:PPS_GEN|wr_pps_gen:WRAPPED_PPSGEN|cntr_utc[17]~la_mlab/laboutt[19] ;
;   6.487 ;   0.734 ; RR ; IC   ; 1      ; LABCELL_X149_Y40_N3   ; Mixed      ; p_step6b_scheduler~22|datac                                                                                     ;
;   6.621 ;   0.134 ; RR ; CELL ; 1      ; LABCELL_X149_Y40_N3   ; High Speed ; p_step6b_scheduler~22|combout                                                                                   ;
;   6.626 ;   0.005 ; RR ; CELL ; 1      ; LABCELL_X149_Y40_N3   ; High Speed ; p_step6b_scheduler~22~la_lab/laboutt[3]                                                                         ;
;   7.017 ;   0.391 ; RR ; IC   ; 1      ; LABCELL_X147_Y39_N48  ; Mixed      ; p_step6b_scheduler~23|datad                                                                                     ;
;   7.153 ;   0.136 ; RR ; CELL ; 1      ; LABCELL_X147_Y39_N48  ; Low Power  ; p_step6b_scheduler~23|combout                                                                                   ;
;   7.157 ;   0.004 ; RR ; CELL ; 1      ; LABCELL_X147_Y39_N48  ; Low Power  ; p_step6b_scheduler~23~la_lab/laboutb[12]                                                                        ;
;   7.370 ;   0.213 ; RR ; IC   ; 1      ; LABCELL_X147_Y39_N0   ; Low Power  ; p_step6b_scheduler~24|datad                                                                                     ;
;   7.520 ;   0.150 ; RR ; CELL ; 1      ; LABCELL_X147_Y39_N0   ; Low Power  ; p_step6b_scheduler~24|combout                                                                                   ;
;   7.525 ;   0.005 ; RR ; CELL ; 4      ; LABCELL_X147_Y39_N0   ; Low Power  ; p_step6b_scheduler~24~la_lab/laboutt[1]                                                                         ;
;   7.962 ;   0.437 ; RR ; IC   ; 1      ; MLABCELL_X146_Y43_N12 ; Low Power  ; p_step6b_scheduler~25|datac                                                                                     ;
;   8.121 ;   0.159 ; RR ; CELL ; 1      ; MLABCELL_X146_Y43_N12 ; Low Power  ; p_step6b_scheduler~25|combout                                                                                   ;
;   8.127 ;   0.006 ; RR ; CELL ; 2      ; MLABCELL_X146_Y43_N12 ; Low Power  ; p_step6b_scheduler~25~la_mlab/laboutt[9]                                                                        ;
;   8.306 ;   0.179 ; RR ; IC   ; 1      ; MLABCELL_X146_Y43_N39 ; Low Power  ; step6b_armed~0|datab                                                                                            ;
;   8.533 ;   0.227 ; RF ; CELL ; 1      ; MLABCELL_X146_Y43_N39 ; Low Power  ; step6b_armed~0|combout                                                                                          ;
;   8.533 ;   0.000 ; FF ; CELL ; 1      ; FF_X146_Y43_N40       ; Low Power  ; step6b_armed|d                                                                                                  ;
;   8.533 ;   0.000 ; FF ; CELL ; 1      ; FF_X146_Y43_N40       ; Low Power  ; step6b_armed                                                                                                    ;
+---------+---------+----+------+--------+-----------------------+------------+-----------------------------------------------------------------------------------------------------------------+

+----------------------------------------------------------------------------------------------------------------------------------------------------------------------------+
; Data Required Path                                                                                                                                                         ;
+----------+---------+----+------+--------+-----------------------+-----------+----------------------------------------------------------------------------------------------+
; Total    ; Incr    ; RF ; Type ; Fanout ; Location              ; HS/LP     ; Element                                                                                      ;
+----------+---------+----+------+--------+-----------------------+-----------+----------------------------------------------------------------------------------------------+
; 8.000    ; 8.000   ;    ;      ;        ;                       ;           ; latch edge time                                                                              ;
; 13.202   ; 5.202   ;    ;      ;        ;                       ;           ; clock path                                                                                   ;
;   8.000  ;   0.000 ;    ;      ;        ;                       ;           ; source latency                                                                               ;
;   8.000  ;   0.000 ;    ;      ; 1      ; PIN_AH5               ;           ; QSFPA_REFCLK_p                                                                               ;
;   8.000  ;   0.000 ; RR ; IC   ; 1      ; IOIBUF_X224_Y13_N108  ;           ; QSFPA_REFCLK_p~input|i                                                                       ;
;   8.070  ;   0.070 ; RR ; CELL ; 1      ; IOIBUF_X224_Y13_N108  ;           ; QSFPA_REFCLK_p~input|o                                                                       ;
;   8.070  ;   0.000 ; RR ; IC   ; 1      ; HSSIREFCLKDIVIDER_4CT ;           ; QSFPA_REFCLK_p~inputFITTER_INSERTED|refclk_inp                                               ;
;   8.070  ;   0.000 ; RR ; CELL ; 3      ; HSSIREFCLKDIVIDER_4CT ;           ; QSFPA_REFCLK_p~inputFITTER_INSERTED|refclk_a                                                 ;
;   9.044  ;   0.974 ; RR ; CELL ; 1      ; HSSIREFCLKDIVIDER_4CT ;           ; QSFPA_REFCLK_p~inputFITTER_INSERTED~hssi_tile/ch4_pld_pma_fpll_fbclkout_lc_lvpecl_to_coreclk ;
;   9.044  ;   0.000 ; RR ; IC   ; 2      ; CLKCTRL_4C_G_I18      ;           ; QSFPA_REFCLK_p~inputFITTER_INSERTEDCLKENA0|inclk                                             ;
;   9.442  ;   0.398 ; RR ; CELL ; 1017   ; CLKCTRL_4C_G_I18      ;           ; QSFPA_REFCLK_p~inputFITTER_INSERTEDCLKENA0|outclk                                            ;
;   12.731 ;   3.289 ; RR ; IC   ; 1      ; FF_X146_Y43_N40       ; Low Power ; step6b_armed|clk                                                                             ;
;   12.731 ;   0.000 ; RR ; CELL ; 1      ; FF_X146_Y43_N40       ; Low Power ; step6b_armed                                                                                 ;
;   13.202 ;   0.471 ;    ;      ;        ;                       ;           ; clock pessimism removed                                                                      ;
; 13.162   ; -0.040  ;    ;      ;        ;                       ;           ; clock uncertainty                                                                            ;
; 13.373   ; 0.211   ;    ; uTsu ; 1      ; FF_X146_Y43_N40       ;           ; step6b_armed                                                                                 ;
+----------+---------+----+------+--------+-----------------------+-----------+----------------------------------------------------------------------------------------------+

----------------------------
; Extra Fitter Information ;
----------------------------
HTML report is unavailable in plain text report export.


Path #4: Setup slack is 4.840 
===============================================================================
+------------------------------------------------------------------------------------------------------------------+
; Path Summary                                                                                                     ;
+--------------------+---------------------------------------------------------------------------------------------+
; Property           ; Value                                                                                       ;
+--------------------+---------------------------------------------------------------------------------------------+
; From Node          ; xwr_core:u_xwr_core|wr_core:WRPC|xwr_pps_gen:PPS_GEN|wr_pps_gen:WRAPPED_PPSGEN|cntr_utc[22] ;
; To Node            ; step6b_armed                                                                                ;
; Launch Clock       ; qsfp_ref_125m                                                                               ;
; Latch Clock        ; qsfp_ref_125m                                                                               ;
; Data Arrival Time  ; 8.533                                                                                       ;
; Data Required Time ; 13.373                                                                                      ;
; Slack              ; 4.840                                                                                       ;
+--------------------+---------------------------------------------------------------------------------------------+

+------------------------------------------------------------------------------------+
; Statistics                                                                         ;
+------------------------+--------+-------+-------------+------------+-------+-------+
; Property               ; Value  ; Count ; Total Delay ; % of Total ; Min   ; Max   ;
+------------------------+--------+-------+-------------+------------+-------+-------+
; Setup Relationship     ; 8.000  ;       ;             ;            ;       ;       ;
; Clock Skew             ; -0.080 ;       ;             ;            ;       ;       ;
; Data Delay             ; 3.251  ;       ;             ;            ;       ;       ;
; Number of Logic Levels ;        ; 5     ;             ;            ;       ;       ;
; Physical Delays        ;        ;       ;             ;            ;       ;       ;
;  Arrival Path          ;        ;       ;             ;            ;       ;       ;
;   Clock                ;        ;       ;             ;            ;       ;       ;
;    IC                  ;        ; 4     ; 3.575       ; 68         ; 0.000 ; 3.575 ;
;    Cell                ;        ; 5     ; 1.707       ; 32         ; 0.000 ; 1.166 ;
;   Data                 ;        ;       ;             ;            ;       ;       ;
;    IC                  ;        ; 5     ; 1.843       ; 57         ; 0.156 ; 0.858 ;
;    Cell                ;        ; 12    ; 1.114       ; 34         ; 0.000 ; 0.266 ;
;    uTco                ;        ; 1     ; 0.294       ; 9          ; 0.294 ; 0.294 ;
;  Required Path         ;        ;       ;             ;            ;       ;       ;
;   Clock                ;        ;       ;             ;            ;       ;       ;
;    IC                  ;        ; 4     ; 3.289       ; 70         ; 0.000 ; 3.289 ;
;    Cell                ;        ; 5     ; 1.442       ; 30         ; 0.000 ; 0.974 ;
+------------------------+--------+-------+-------------+------------+-------+-------+
Note: Negative delays are omitted from totals when calculating percentages

+----------------------------------------------------------------------------------------------------------------------------------------------------------------------------------------------+
; Data Arrival Path                                                                                                                                                                            ;
+---------+---------+----+------+--------+-----------------------+-----------+-----------------------------------------------------------------------------------------------------------------+
; Total   ; Incr    ; RF ; Type ; Fanout ; Location              ; HS/LP     ; Element                                                                                                         ;
+---------+---------+----+------+--------+-----------------------+-----------+-----------------------------------------------------------------------------------------------------------------+
; 0.000   ; 0.000   ;    ;      ;        ;                       ;           ; launch edge time                                                                                                ;
; 5.282   ; 5.282   ;    ;      ;        ;                       ;           ; clock path                                                                                                      ;
;   0.000 ;   0.000 ;    ;      ;        ;                       ;           ; source latency                                                                                                  ;
;   0.000 ;   0.000 ;    ;      ; 1      ; PIN_AH5               ;           ; QSFPA_REFCLK_p                                                                                                  ;
;   0.000 ;   0.000 ; RR ; IC   ; 1      ; IOIBUF_X224_Y13_N108  ;           ; QSFPA_REFCLK_p~input|i                                                                                          ;
;   0.070 ;   0.070 ; RR ; CELL ; 1      ; IOIBUF_X224_Y13_N108  ;           ; QSFPA_REFCLK_p~input|o                                                                                          ;
;   0.070 ;   0.000 ; RR ; IC   ; 1      ; HSSIREFCLKDIVIDER_4CT ;           ; QSFPA_REFCLK_p~inputFITTER_INSERTED|refclk_inp                                                                  ;
;   0.070 ;   0.000 ; RR ; CELL ; 3      ; HSSIREFCLKDIVIDER_4CT ;           ; QSFPA_REFCLK_p~inputFITTER_INSERTED|refclk_a                                                                    ;
;   1.236 ;   1.166 ; RR ; CELL ; 1      ; HSSIREFCLKDIVIDER_4CT ;           ; QSFPA_REFCLK_p~inputFITTER_INSERTED~hssi_tile/ch4_pld_pma_fpll_fbclkout_lc_lvpecl_to_coreclk                    ;
;   1.236 ;   0.000 ; RR ; IC   ; 2      ; CLKCTRL_4C_G_I18      ;           ; QSFPA_REFCLK_p~inputFITTER_INSERTEDCLKENA0|inclk                                                                ;
;   1.707 ;   0.471 ; RR ; CELL ; 1017   ; CLKCTRL_4C_G_I18      ;           ; QSFPA_REFCLK_p~inputFITTER_INSERTEDCLKENA0|outclk                                                               ;
;   5.282 ;   3.575 ; RR ; IC   ; 1      ; FF_X154_Y39_N17       ; Low Power ; u_xwr_core|WRPC|PPS_GEN|WRAPPED_PPSGEN|cntr_utc[22]|clk                                                         ;
;   5.282 ;   0.000 ; RR ; CELL ; 1      ; FF_X154_Y39_N17       ; Low Power ; xwr_core:u_xwr_core|wr_core:WRPC|xwr_pps_gen:PPS_GEN|wr_pps_gen:WRAPPED_PPSGEN|cntr_utc[22]                     ;
; 8.533   ; 3.251   ;    ;      ;        ;                       ;           ; data path                                                                                                       ;
;   5.576 ;   0.294 ; RR ; uTco ; 1      ; FF_X154_Y39_N17       ;           ; u_xwr_core|WRPC|PPS_GEN|WRAPPED_PPSGEN|cntr_utc[22]|q                                                           ;
;   5.753 ;   0.177 ; RR ; CELL ; 6      ; FF_X154_Y39_N17       ; Low Power ; xwr_core:u_xwr_core|wr_core:WRPC|xwr_pps_gen:PPS_GEN|wr_pps_gen:WRAPPED_PPSGEN|cntr_utc[22]~la_mlab/laboutt[11] ;
;   6.611 ;   0.858 ; RR ; IC   ; 1      ; LABCELL_X147_Y39_N57  ; Low Power ; p_step6b_scheduler~20|datae                                                                                     ;
;   6.726 ;   0.115 ; RR ; CELL ; 1      ; LABCELL_X147_Y39_N57  ; Low Power ; p_step6b_scheduler~20|combout                                                                                   ;
;   6.731 ;   0.005 ; RR ; CELL ; 1      ; LABCELL_X147_Y39_N57  ; Low Power ; p_step6b_scheduler~20~la_lab/laboutb[18]                                                                        ;
;   6.887 ;   0.156 ; RR ; IC   ; 1      ; LABCELL_X147_Y39_N48  ; Low Power ; p_step6b_scheduler~23|dataa                                                                                     ;
;   7.153 ;   0.266 ; RR ; CELL ; 1      ; LABCELL_X147_Y39_N48  ; Low Power ; p_step6b_scheduler~23|combout                                                                                   ;
;   7.157 ;   0.004 ; RR ; CELL ; 1      ; LABCELL_X147_Y39_N48  ; Low Power ; p_step6b_scheduler~23~la_lab/laboutb[12]                                                                        ;
;   7.370 ;   0.213 ; RR ; IC   ; 1      ; LABCELL_X147_Y39_N0   ; Low Power ; p_step6b_scheduler~24|datad                                                                                     ;
;   7.520 ;   0.150 ; RR ; CELL ; 1      ; LABCELL_X147_Y39_N0   ; Low Power ; p_step6b_scheduler~24|combout                                                                                   ;
;   7.525 ;   0.005 ; RR ; CELL ; 4      ; LABCELL_X147_Y39_N0   ; Low Power ; p_step6b_scheduler~24~la_lab/laboutt[1]                                                                         ;
;   7.962 ;   0.437 ; RR ; IC   ; 1      ; MLABCELL_X146_Y43_N12 ; Low Power ; p_step6b_scheduler~25|datac                                                                                     ;
;   8.121 ;   0.159 ; RR ; CELL ; 1      ; MLABCELL_X146_Y43_N12 ; Low Power ; p_step6b_scheduler~25|combout                                                                                   ;
;   8.127 ;   0.006 ; RR ; CELL ; 2      ; MLABCELL_X146_Y43_N12 ; Low Power ; p_step6b_scheduler~25~la_mlab/laboutt[9]                                                                        ;
;   8.306 ;   0.179 ; RR ; IC   ; 1      ; MLABCELL_X146_Y43_N39 ; Low Power ; step6b_armed~0|datab                                                                                            ;
;   8.533 ;   0.227 ; RF ; CELL ; 1      ; MLABCELL_X146_Y43_N39 ; Low Power ; step6b_armed~0|combout                                                                                          ;
;   8.533 ;   0.000 ; FF ; CELL ; 1      ; FF_X146_Y43_N40       ; Low Power ; step6b_armed|d                                                                                                  ;
;   8.533 ;   0.000 ; FF ; CELL ; 1      ; FF_X146_Y43_N40       ; Low Power ; step6b_armed                                                                                                    ;
+---------+---------+----+------+--------+-----------------------+-----------+-----------------------------------------------------------------------------------------------------------------+

+----------------------------------------------------------------------------------------------------------------------------------------------------------------------------+
; Data Required Path                                                                                                                                                         ;
+----------+---------+----+------+--------+-----------------------+-----------+----------------------------------------------------------------------------------------------+
; Total    ; Incr    ; RF ; Type ; Fanout ; Location              ; HS/LP     ; Element                                                                                      ;
+----------+---------+----+------+--------+-----------------------+-----------+----------------------------------------------------------------------------------------------+
; 8.000    ; 8.000   ;    ;      ;        ;                       ;           ; latch edge time                                                                              ;
; 13.202   ; 5.202   ;    ;      ;        ;                       ;           ; clock path                                                                                   ;
;   8.000  ;   0.000 ;    ;      ;        ;                       ;           ; source latency                                                                               ;
;   8.000  ;   0.000 ;    ;      ; 1      ; PIN_AH5               ;           ; QSFPA_REFCLK_p                                                                               ;
;   8.000  ;   0.000 ; RR ; IC   ; 1      ; IOIBUF_X224_Y13_N108  ;           ; QSFPA_REFCLK_p~input|i                                                                       ;
;   8.070  ;   0.070 ; RR ; CELL ; 1      ; IOIBUF_X224_Y13_N108  ;           ; QSFPA_REFCLK_p~input|o                                                                       ;
;   8.070  ;   0.000 ; RR ; IC   ; 1      ; HSSIREFCLKDIVIDER_4CT ;           ; QSFPA_REFCLK_p~inputFITTER_INSERTED|refclk_inp                                               ;
;   8.070  ;   0.000 ; RR ; CELL ; 3      ; HSSIREFCLKDIVIDER_4CT ;           ; QSFPA_REFCLK_p~inputFITTER_INSERTED|refclk_a                                                 ;
;   9.044  ;   0.974 ; RR ; CELL ; 1      ; HSSIREFCLKDIVIDER_4CT ;           ; QSFPA_REFCLK_p~inputFITTER_INSERTED~hssi_tile/ch4_pld_pma_fpll_fbclkout_lc_lvpecl_to_coreclk ;
;   9.044  ;   0.000 ; RR ; IC   ; 2      ; CLKCTRL_4C_G_I18      ;           ; QSFPA_REFCLK_p~inputFITTER_INSERTEDCLKENA0|inclk                                             ;
;   9.442  ;   0.398 ; RR ; CELL ; 1017   ; CLKCTRL_4C_G_I18      ;           ; QSFPA_REFCLK_p~inputFITTER_INSERTEDCLKENA0|outclk                                            ;
;   12.731 ;   3.289 ; RR ; IC   ; 1      ; FF_X146_Y43_N40       ; Low Power ; step6b_armed|clk                                                                             ;
;   12.731 ;   0.000 ; RR ; CELL ; 1      ; FF_X146_Y43_N40       ; Low Power ; step6b_armed                                                                                 ;
;   13.202 ;   0.471 ;    ;      ;        ;                       ;           ; clock pessimism removed                                                                      ;
; 13.162   ; -0.040  ;    ;      ;        ;                       ;           ; clock uncertainty                                                                            ;
; 13.373   ; 0.211   ;    ; uTsu ; 1      ; FF_X146_Y43_N40       ;           ; step6b_armed                                                                                 ;
+----------+---------+----+------+--------+-----------------------+-----------+----------------------------------------------------------------------------------------------+

----------------------------
; Extra Fitter Information ;
----------------------------
HTML report is unavailable in plain text report export.


Path #5: Setup slack is 4.895 
===============================================================================
+------------------------------------------------------------------------------------------------------------------+
; Path Summary                                                                                                     ;
+--------------------+---------------------------------------------------------------------------------------------+
; Property           ; Value                                                                                       ;
+--------------------+---------------------------------------------------------------------------------------------+
; From Node          ; xwr_core:u_xwr_core|wr_core:WRPC|xwr_pps_gen:PPS_GEN|wr_pps_gen:WRAPPED_PPSGEN|cntr_nsec[8] ;
; To Node            ; step6b_armed                                                                                ;
; Launch Clock       ; qsfp_ref_125m                                                                               ;
; Latch Clock        ; qsfp_ref_125m                                                                               ;
; Data Arrival Time  ; 8.478                                                                                       ;
; Data Required Time ; 13.373                                                                                      ;
; Slack              ; 4.895                                                                                       ;
+--------------------+---------------------------------------------------------------------------------------------+

+------------------------------------------------------------------------------------+
; Statistics                                                                         ;
+------------------------+--------+-------+-------------+------------+-------+-------+
; Property               ; Value  ; Count ; Total Delay ; % of Total ; Min   ; Max   ;
+------------------------+--------+-------+-------------+------------+-------+-------+
; Setup Relationship     ; 8.000  ;       ;             ;            ;       ;       ;
; Clock Skew             ; -0.070 ;       ;             ;            ;       ;       ;
; Data Delay             ; 3.206  ;       ;             ;            ;       ;       ;
; Number of Logic Levels ;        ; 5     ;             ;            ;       ;       ;
; Physical Delays        ;        ;       ;             ;            ;       ;       ;
;  Arrival Path          ;        ;       ;             ;            ;       ;       ;
;   Clock                ;        ;       ;             ;            ;       ;       ;
;    IC                  ;        ; 4     ; 3.565       ; 68         ; 0.000 ; 3.565 ;
;    Cell                ;        ; 5     ; 1.707       ; 32         ; 0.000 ; 1.166 ;
;   Data                 ;        ;       ;             ;            ;       ;       ;
;    IC                  ;        ; 5     ; 1.923       ; 60         ; 0.179 ; 0.595 ;
;    Cell                ;        ; 12    ; 0.992       ; 31         ; 0.000 ; 0.227 ;
;    uTco                ;        ; 1     ; 0.291       ; 9          ; 0.291 ; 0.291 ;
;  Required Path         ;        ;       ;             ;            ;       ;       ;
;   Clock                ;        ;       ;             ;            ;       ;       ;
;    IC                  ;        ; 4     ; 3.289       ; 70         ; 0.000 ; 3.289 ;
;    Cell                ;        ; 5     ; 1.442       ; 30         ; 0.000 ; 0.974 ;
+------------------------+--------+-------+-------------+------------+-------+-------+
Note: Negative delays are omitted from totals when calculating percentages

+----------------------------------------------------------------------------------------------------------------------------------------------------------------------------------------------+
; Data Arrival Path                                                                                                                                                                            ;
+---------+---------+----+------+--------+-----------------------+-----------+-----------------------------------------------------------------------------------------------------------------+
; Total   ; Incr    ; RF ; Type ; Fanout ; Location              ; HS/LP     ; Element                                                                                                         ;
+---------+---------+----+------+--------+-----------------------+-----------+-----------------------------------------------------------------------------------------------------------------+
; 0.000   ; 0.000   ;    ;      ;        ;                       ;           ; launch edge time                                                                                                ;
; 5.272   ; 5.272   ;    ;      ;        ;                       ;           ; clock path                                                                                                      ;
;   0.000 ;   0.000 ;    ;      ;        ;                       ;           ; source latency                                                                                                  ;
;   0.000 ;   0.000 ;    ;      ; 1      ; PIN_AH5               ;           ; QSFPA_REFCLK_p                                                                                                  ;
;   0.000 ;   0.000 ; RR ; IC   ; 1      ; IOIBUF_X224_Y13_N108  ;           ; QSFPA_REFCLK_p~input|i                                                                                          ;
;   0.070 ;   0.070 ; RR ; CELL ; 1      ; IOIBUF_X224_Y13_N108  ;           ; QSFPA_REFCLK_p~input|o                                                                                          ;
;   0.070 ;   0.000 ; RR ; IC   ; 1      ; HSSIREFCLKDIVIDER_4CT ;           ; QSFPA_REFCLK_p~inputFITTER_INSERTED|refclk_inp                                                                  ;
;   0.070 ;   0.000 ; RR ; CELL ; 3      ; HSSIREFCLKDIVIDER_4CT ;           ; QSFPA_REFCLK_p~inputFITTER_INSERTED|refclk_a                                                                    ;
;   1.236 ;   1.166 ; RR ; CELL ; 1      ; HSSIREFCLKDIVIDER_4CT ;           ; QSFPA_REFCLK_p~inputFITTER_INSERTED~hssi_tile/ch4_pld_pma_fpll_fbclkout_lc_lvpecl_to_coreclk                    ;
;   1.236 ;   0.000 ; RR ; IC   ; 2      ; CLKCTRL_4C_G_I18      ;           ; QSFPA_REFCLK_p~inputFITTER_INSERTEDCLKENA0|inclk                                                                ;
;   1.707 ;   0.471 ; RR ; CELL ; 1017   ; CLKCTRL_4C_G_I18      ;           ; QSFPA_REFCLK_p~inputFITTER_INSERTEDCLKENA0|outclk                                                               ;
;   5.272 ;   3.565 ; RR ; IC   ; 1      ; FF_X154_Y41_N47       ; Low Power ; u_xwr_core|WRPC|PPS_GEN|WRAPPED_PPSGEN|cntr_nsec[8]|clk                                                         ;
;   5.272 ;   0.000 ; RR ; CELL ; 1      ; FF_X154_Y41_N47       ; Low Power ; xwr_core:u_xwr_core|wr_core:WRPC|xwr_pps_gen:PPS_GEN|wr_pps_gen:WRAPPED_PPSGEN|cntr_nsec[8]                     ;
; 8.478   ; 3.206   ;    ;      ;        ;                       ;           ; data path                                                                                                       ;
;   5.563 ;   0.291 ; FF ; uTco ; 1      ; FF_X154_Y41_N47       ;           ; u_xwr_core|WRPC|PPS_GEN|WRAPPED_PPSGEN|cntr_nsec[8]|q                                                           ;
;   5.694 ;   0.131 ; FF ; CELL ; 7      ; FF_X154_Y41_N47       ; Low Power ; xwr_core:u_xwr_core|wr_core:WRPC|xwr_pps_gen:PPS_GEN|wr_pps_gen:WRAPPED_PPSGEN|cntr_nsec[8]~la_mlab/laboutb[11] ;
;   6.193 ;   0.499 ; FF ; IC   ; 1      ; LABCELL_X151_Y38_N48  ; Low Power ; p_step6b_scheduler~21|datad                                                                                     ;
;   6.343 ;   0.150 ; FR ; CELL ; 1      ; LABCELL_X151_Y38_N48  ; Low Power ; p_step6b_scheduler~21|combout                                                                                   ;
;   6.348 ;   0.005 ; RR ; CELL ; 1      ; LABCELL_X151_Y38_N48  ; Low Power ; p_step6b_scheduler~21~la_lab/laboutb[13]                                                                        ;
;   6.943 ;   0.595 ; RR ; IC   ; 1      ; LABCELL_X147_Y39_N48  ; Mixed     ; p_step6b_scheduler~23|datac                                                                                     ;
;   7.098 ;   0.155 ; RR ; CELL ; 1      ; LABCELL_X147_Y39_N48  ; Low Power ; p_step6b_scheduler~23|combout                                                                                   ;
;   7.102 ;   0.004 ; RR ; CELL ; 1      ; LABCELL_X147_Y39_N48  ; Low Power ; p_step6b_scheduler~23~la_lab/laboutb[12]                                                                        ;
;   7.315 ;   0.213 ; RR ; IC   ; 1      ; LABCELL_X147_Y39_N0   ; Low Power ; p_step6b_scheduler~24|datad                                                                                     ;
;   7.465 ;   0.150 ; RR ; CELL ; 1      ; LABCELL_X147_Y39_N0   ; Low Power ; p_step6b_scheduler~24|combout                                                                                   ;
;   7.470 ;   0.005 ; RR ; CELL ; 4      ; LABCELL_X147_Y39_N0   ; Low Power ; p_step6b_scheduler~24~la_lab/laboutt[1]                                                                         ;
;   7.907 ;   0.437 ; RR ; IC   ; 1      ; MLABCELL_X146_Y43_N12 ; Low Power ; p_step6b_scheduler~25|datac                                                                                     ;
;   8.066 ;   0.159 ; RR ; CELL ; 1      ; MLABCELL_X146_Y43_N12 ; Low Power ; p_step6b_scheduler~25|combout                                                                                   ;
;   8.072 ;   0.006 ; RR ; CELL ; 2      ; MLABCELL_X146_Y43_N12 ; Low Power ; p_step6b_scheduler~25~la_mlab/laboutt[9]                                                                        ;
;   8.251 ;   0.179 ; RR ; IC   ; 1      ; MLABCELL_X146_Y43_N39 ; Low Power ; step6b_armed~0|datab                                                                                            ;
;   8.478 ;   0.227 ; RF ; CELL ; 1      ; MLABCELL_X146_Y43_N39 ; Low Power ; step6b_armed~0|combout                                                                                          ;
;   8.478 ;   0.000 ; FF ; CELL ; 1      ; FF_X146_Y43_N40       ; Low Power ; step6b_armed|d                                                                                                  ;
;   8.478 ;   0.000 ; FF ; CELL ; 1      ; FF_X146_Y43_N40       ; Low Power ; step6b_armed                                                                                                    ;
+---------+---------+----+------+--------+-----------------------+-----------+-----------------------------------------------------------------------------------------------------------------+

+----------------------------------------------------------------------------------------------------------------------------------------------------------------------------+
; Data Required Path                                                                                                                                                         ;
+----------+---------+----+------+--------+-----------------------+-----------+----------------------------------------------------------------------------------------------+
; Total    ; Incr    ; RF ; Type ; Fanout ; Location              ; HS/LP     ; Element                                                                                      ;
+----------+---------+----+------+--------+-----------------------+-----------+----------------------------------------------------------------------------------------------+
; 8.000    ; 8.000   ;    ;      ;        ;                       ;           ; latch edge time                                                                              ;
; 13.202   ; 5.202   ;    ;      ;        ;                       ;           ; clock path                                                                                   ;
;   8.000  ;   0.000 ;    ;      ;        ;                       ;           ; source latency                                                                               ;
;   8.000  ;   0.000 ;    ;      ; 1      ; PIN_AH5               ;           ; QSFPA_REFCLK_p                                                                               ;
;   8.000  ;   0.000 ; RR ; IC   ; 1      ; IOIBUF_X224_Y13_N108  ;           ; QSFPA_REFCLK_p~input|i                                                                       ;
;   8.070  ;   0.070 ; RR ; CELL ; 1      ; IOIBUF_X224_Y13_N108  ;           ; QSFPA_REFCLK_p~input|o                                                                       ;
;   8.070  ;   0.000 ; RR ; IC   ; 1      ; HSSIREFCLKDIVIDER_4CT ;           ; QSFPA_REFCLK_p~inputFITTER_INSERTED|refclk_inp                                               ;
;   8.070  ;   0.000 ; RR ; CELL ; 3      ; HSSIREFCLKDIVIDER_4CT ;           ; QSFPA_REFCLK_p~inputFITTER_INSERTED|refclk_a                                                 ;
;   9.044  ;   0.974 ; RR ; CELL ; 1      ; HSSIREFCLKDIVIDER_4CT ;           ; QSFPA_REFCLK_p~inputFITTER_INSERTED~hssi_tile/ch4_pld_pma_fpll_fbclkout_lc_lvpecl_to_coreclk ;
;   9.044  ;   0.000 ; RR ; IC   ; 2      ; CLKCTRL_4C_G_I18      ;           ; QSFPA_REFCLK_p~inputFITTER_INSERTEDCLKENA0|inclk                                             ;
;   9.442  ;   0.398 ; RR ; CELL ; 1017   ; CLKCTRL_4C_G_I18      ;           ; QSFPA_REFCLK_p~inputFITTER_INSERTEDCLKENA0|outclk                                            ;
;   12.731 ;   3.289 ; RR ; IC   ; 1      ; FF_X146_Y43_N40       ; Low Power ; step6b_armed|clk                                                                             ;
;   12.731 ;   0.000 ; RR ; CELL ; 1      ; FF_X146_Y43_N40       ; Low Power ; step6b_armed                                                                                 ;
;   13.202 ;   0.471 ;    ;      ;        ;                       ;           ; clock pessimism removed                                                                      ;
; 13.162   ; -0.040  ;    ;      ;        ;                       ;           ; clock uncertainty                                                                            ;
; 13.373   ; 0.211   ;    ; uTsu ; 1      ; FF_X146_Y43_N40       ;           ; step6b_armed                                                                                 ;
+----------+---------+----+------+--------+-----------------------+-----------+----------------------------------------------------------------------------------------------+

----------------------------
; Extra Fitter Information ;
----------------------------
HTML report is unavailable in plain text report export.


Path #6: Setup slack is 4.950 
===============================================================================
+------------------------------------------------------------------------------------------------------------------+
; Path Summary                                                                                                     ;
+--------------------+---------------------------------------------------------------------------------------------+
; Property           ; Value                                                                                       ;
+--------------------+---------------------------------------------------------------------------------------------+
; From Node          ; xwr_core:u_xwr_core|wr_core:WRPC|xwr_pps_gen:PPS_GEN|wr_pps_gen:WRAPPED_PPSGEN|cntr_nsec[1] ;
; To Node            ; step6b_armed                                                                                ;
; Launch Clock       ; qsfp_ref_125m                                                                               ;
; Latch Clock        ; qsfp_ref_125m                                                                               ;
; Data Arrival Time  ; 8.423                                                                                       ;
; Data Required Time ; 13.373                                                                                      ;
; Slack              ; 4.950                                                                                       ;
+--------------------+---------------------------------------------------------------------------------------------+

+------------------------------------------------------------------------------------+
; Statistics                                                                         ;
+------------------------+--------+-------+-------------+------------+-------+-------+
; Property               ; Value  ; Count ; Total Delay ; % of Total ; Min   ; Max   ;
+------------------------+--------+-------+-------------+------------+-------+-------+
; Setup Relationship     ; 8.000  ;       ;             ;            ;       ;       ;
; Clock Skew             ; -0.043 ;       ;             ;            ;       ;       ;
; Data Delay             ; 3.178  ;       ;             ;            ;       ;       ;
; Number of Logic Levels ;        ; 5     ;             ;            ;       ;       ;
; Physical Delays        ;        ;       ;             ;            ;       ;       ;
;  Arrival Path          ;        ;       ;             ;            ;       ;       ;
;   Clock                ;        ;       ;             ;            ;       ;       ;
;    IC                  ;        ; 4     ; 3.538       ; 67         ; 0.000 ; 3.538 ;
;    Cell                ;        ; 5     ; 1.707       ; 33         ; 0.000 ; 1.166 ;
;   Data                 ;        ;       ;             ;            ;       ;       ;
;    IC                  ;        ; 5     ; 1.815       ; 57         ; 0.179 ; 0.651 ;
;    Cell                ;        ; 12    ; 1.124       ; 35         ; 0.000 ; 0.266 ;
;    uTco                ;        ; 1     ; 0.239       ; 8          ; 0.239 ; 0.239 ;
;  Required Path         ;        ;       ;             ;            ;       ;       ;
;   Clock                ;        ;       ;             ;            ;       ;       ;
;    IC                  ;        ; 4     ; 3.289       ; 70         ; 0.000 ; 3.289 ;
;    Cell                ;        ; 5     ; 1.442       ; 30         ; 0.000 ; 0.974 ;
+------------------------+--------+-------+-------------+------------+-------+-------+
Note: Negative delays are omitted from totals when calculating percentages

+-----------------------------------------------------------------------------------------------------------------------------------------------------------------------------------------------+
; Data Arrival Path                                                                                                                                                                             ;
+---------+---------+----+------+--------+-----------------------+------------+-----------------------------------------------------------------------------------------------------------------+
; Total   ; Incr    ; RF ; Type ; Fanout ; Location              ; HS/LP      ; Element                                                                                                         ;
+---------+---------+----+------+--------+-----------------------+------------+-----------------------------------------------------------------------------------------------------------------+
; 0.000   ; 0.000   ;    ;      ;        ;                       ;            ; launch edge time                                                                                                ;
; 5.245   ; 5.245   ;    ;      ;        ;                       ;            ; clock path                                                                                                      ;
;   0.000 ;   0.000 ;    ;      ;        ;                       ;            ; source latency                                                                                                  ;
;   0.000 ;   0.000 ;    ;      ; 1      ; PIN_AH5               ;            ; QSFPA_REFCLK_p                                                                                                  ;
;   0.000 ;   0.000 ; RR ; IC   ; 1      ; IOIBUF_X224_Y13_N108  ;            ; QSFPA_REFCLK_p~input|i                                                                                          ;
;   0.070 ;   0.070 ; RR ; CELL ; 1      ; IOIBUF_X224_Y13_N108  ;            ; QSFPA_REFCLK_p~input|o                                                                                          ;
;   0.070 ;   0.000 ; RR ; IC   ; 1      ; HSSIREFCLKDIVIDER_4CT ;            ; QSFPA_REFCLK_p~inputFITTER_INSERTED|refclk_inp                                                                  ;
;   0.070 ;   0.000 ; RR ; CELL ; 3      ; HSSIREFCLKDIVIDER_4CT ;            ; QSFPA_REFCLK_p~inputFITTER_INSERTED|refclk_a                                                                    ;
;   1.236 ;   1.166 ; RR ; CELL ; 1      ; HSSIREFCLKDIVIDER_4CT ;            ; QSFPA_REFCLK_p~inputFITTER_INSERTED~hssi_tile/ch4_pld_pma_fpll_fbclkout_lc_lvpecl_to_coreclk                    ;
;   1.236 ;   0.000 ; RR ; IC   ; 2      ; CLKCTRL_4C_G_I18      ;            ; QSFPA_REFCLK_p~inputFITTER_INSERTEDCLKENA0|inclk                                                                ;
;   1.707 ;   0.471 ; RR ; CELL ; 1017   ; CLKCTRL_4C_G_I18      ;            ; QSFPA_REFCLK_p~inputFITTER_INSERTEDCLKENA0|outclk                                                               ;
;   5.245 ;   3.538 ; RR ; IC   ; 1      ; FF_X154_Y38_N56       ; High Speed ; u_xwr_core|WRPC|PPS_GEN|WRAPPED_PPSGEN|cntr_nsec[1]|clk                                                         ;
;   5.245 ;   0.000 ; RR ; CELL ; 1      ; FF_X154_Y38_N56       ; High Speed ; xwr_core:u_xwr_core|wr_core:WRPC|xwr_pps_gen:PPS_GEN|wr_pps_gen:WRAPPED_PPSGEN|cntr_nsec[1]                     ;
; 8.423   ; 3.178   ;    ;      ;        ;                       ;            ; data path                                                                                                       ;
;   5.484 ;   0.239 ; FF ; uTco ; 1      ; FF_X154_Y38_N56       ;            ; u_xwr_core|WRPC|PPS_GEN|WRAPPED_PPSGEN|cntr_nsec[1]|q                                                           ;
;   5.557 ;   0.073 ; FF ; CELL ; 9      ; FF_X154_Y38_N56       ; High Speed ; xwr_core:u_xwr_core|wr_core:WRPC|xwr_pps_gen:PPS_GEN|wr_pps_gen:WRAPPED_PPSGEN|cntr_nsec[1]~la_mlab/laboutb[17] ;
;   6.208 ;   0.651 ; FF ; IC   ; 1      ; LABCELL_X147_Y41_N48  ; Mixed      ; p_step6b_scheduler~14|datab                                                                                     ;
;   6.428 ;   0.220 ; FR ; CELL ; 1      ; LABCELL_X147_Y41_N48  ; High Speed ; p_step6b_scheduler~14|combout                                                                                   ;
;   6.432 ;   0.004 ; RR ; CELL ; 1      ; LABCELL_X147_Y41_N48  ; High Speed ; p_step6b_scheduler~14~la_lab/laboutb[12]                                                                        ;
;   6.796 ;   0.364 ; RR ; IC   ; 1      ; MLABCELL_X148_Y39_N30 ; Mixed      ; p_step6b_scheduler~16|datac                                                                                     ;
;   6.954 ;   0.158 ; RR ; CELL ; 1      ; MLABCELL_X148_Y39_N30 ; Low Power  ; p_step6b_scheduler~16|combout                                                                                   ;
;   6.960 ;   0.006 ; RR ; CELL ; 1      ; MLABCELL_X148_Y39_N30 ; Low Power  ; p_step6b_scheduler~16~la_mlab/laboutb[1]                                                                        ;
;   7.144 ;   0.184 ; RR ; IC   ; 1      ; LABCELL_X147_Y39_N0   ; Low Power  ; p_step6b_scheduler~24|dataa                                                                                     ;
;   7.410 ;   0.266 ; RR ; CELL ; 1      ; LABCELL_X147_Y39_N0   ; Low Power  ; p_step6b_scheduler~24|combout                                                                                   ;
;   7.415 ;   0.005 ; RR ; CELL ; 4      ; LABCELL_X147_Y39_N0   ; Low Power  ; p_step6b_scheduler~24~la_lab/laboutt[1]                                                                         ;
;   7.852 ;   0.437 ; RR ; IC   ; 1      ; MLABCELL_X146_Y43_N12 ; Low Power  ; p_step6b_scheduler~25|datac                                                                                     ;
;   8.011 ;   0.159 ; RR ; CELL ; 1      ; MLABCELL_X146_Y43_N12 ; Low Power  ; p_step6b_scheduler~25|combout                                                                                   ;
;   8.017 ;   0.006 ; RR ; CELL ; 2      ; MLABCELL_X146_Y43_N12 ; Low Power  ; p_step6b_scheduler~25~la_mlab/laboutt[9]                                                                        ;
;   8.196 ;   0.179 ; RR ; IC   ; 1      ; MLABCELL_X146_Y43_N39 ; Low Power  ; step6b_armed~0|datab                                                                                            ;
;   8.423 ;   0.227 ; RF ; CELL ; 1      ; MLABCELL_X146_Y43_N39 ; Low Power  ; step6b_armed~0|combout                                                                                          ;
;   8.423 ;   0.000 ; FF ; CELL ; 1      ; FF_X146_Y43_N40       ; Low Power  ; step6b_armed|d                                                                                                  ;
;   8.423 ;   0.000 ; FF ; CELL ; 1      ; FF_X146_Y43_N40       ; Low Power  ; step6b_armed                                                                                                    ;
+---------+---------+----+------+--------+-----------------------+------------+-----------------------------------------------------------------------------------------------------------------+

+----------------------------------------------------------------------------------------------------------------------------------------------------------------------------+
; Data Required Path                                                                                                                                                         ;
+----------+---------+----+------+--------+-----------------------+-----------+----------------------------------------------------------------------------------------------+
; Total    ; Incr    ; RF ; Type ; Fanout ; Location              ; HS/LP     ; Element                                                                                      ;
+----------+---------+----+------+--------+-----------------------+-----------+----------------------------------------------------------------------------------------------+
; 8.000    ; 8.000   ;    ;      ;        ;                       ;           ; latch edge time                                                                              ;
; 13.202   ; 5.202   ;    ;      ;        ;                       ;           ; clock path                                                                                   ;
;   8.000  ;   0.000 ;    ;      ;        ;                       ;           ; source latency                                                                               ;
;   8.000  ;   0.000 ;    ;      ; 1      ; PIN_AH5               ;           ; QSFPA_REFCLK_p                                                                               ;
;   8.000  ;   0.000 ; RR ; IC   ; 1      ; IOIBUF_X224_Y13_N108  ;           ; QSFPA_REFCLK_p~input|i                                                                       ;
;   8.070  ;   0.070 ; RR ; CELL ; 1      ; IOIBUF_X224_Y13_N108  ;           ; QSFPA_REFCLK_p~input|o                                                                       ;
;   8.070  ;   0.000 ; RR ; IC   ; 1      ; HSSIREFCLKDIVIDER_4CT ;           ; QSFPA_REFCLK_p~inputFITTER_INSERTED|refclk_inp                                               ;
;   8.070  ;   0.000 ; RR ; CELL ; 3      ; HSSIREFCLKDIVIDER_4CT ;           ; QSFPA_REFCLK_p~inputFITTER_INSERTED|refclk_a                                                 ;
;   9.044  ;   0.974 ; RR ; CELL ; 1      ; HSSIREFCLKDIVIDER_4CT ;           ; QSFPA_REFCLK_p~inputFITTER_INSERTED~hssi_tile/ch4_pld_pma_fpll_fbclkout_lc_lvpecl_to_coreclk ;
;   9.044  ;   0.000 ; RR ; IC   ; 2      ; CLKCTRL_4C_G_I18      ;           ; QSFPA_REFCLK_p~inputFITTER_INSERTEDCLKENA0|inclk                                             ;
;   9.442  ;   0.398 ; RR ; CELL ; 1017   ; CLKCTRL_4C_G_I18      ;           ; QSFPA_REFCLK_p~inputFITTER_INSERTEDCLKENA0|outclk                                            ;
;   12.731 ;   3.289 ; RR ; IC   ; 1      ; FF_X146_Y43_N40       ; Low Power ; step6b_armed|clk                                                                             ;
;   12.731 ;   0.000 ; RR ; CELL ; 1      ; FF_X146_Y43_N40       ; Low Power ; step6b_armed                                                                                 ;
;   13.202 ;   0.471 ;    ;      ;        ;                       ;           ; clock pessimism removed                                                                      ;
; 13.162   ; -0.040  ;    ;      ;        ;                       ;           ; clock uncertainty                                                                            ;
; 13.373   ; 0.211   ;    ; uTsu ; 1      ; FF_X146_Y43_N40       ;           ; step6b_armed                                                                                 ;
+----------+---------+----+------+--------+-----------------------+-----------+----------------------------------------------------------------------------------------------+

----------------------------
; Extra Fitter Information ;
----------------------------
HTML report is unavailable in plain text report export.


Path #7: Setup slack is 5.016 
===============================================================================
+-----------------------------------------------------------------------------------------------------------------+
; Path Summary                                                                                                    ;
+--------------------+--------------------------------------------------------------------------------------------+
; Property           ; Value                                                                                      ;
+--------------------+--------------------------------------------------------------------------------------------+
; From Node          ; xwr_core:u_xwr_core|wr_core:WRPC|xwr_pps_gen:PPS_GEN|wr_pps_gen:WRAPPED_PPSGEN|cntr_utc[7] ;
; To Node            ; step6b_armed                                                                               ;
; Launch Clock       ; qsfp_ref_125m                                                                              ;
; Latch Clock        ; qsfp_ref_125m                                                                              ;
; Data Arrival Time  ; 8.357                                                                                      ;
; Data Required Time ; 13.373                                                                                     ;
; Slack              ; 5.016                                                                                      ;
+--------------------+--------------------------------------------------------------------------------------------+

+------------------------------------------------------------------------------------+
; Statistics                                                                         ;
+------------------------+--------+-------+-------------+------------+-------+-------+
; Property               ; Value  ; Count ; Total Delay ; % of Total ; Min   ; Max   ;
+------------------------+--------+-------+-------------+------------+-------+-------+
; Setup Relationship     ; 8.000  ;       ;             ;            ;       ;       ;
; Clock Skew             ; -0.043 ;       ;             ;            ;       ;       ;
; Data Delay             ; 3.112  ;       ;             ;            ;       ;       ;
; Number of Logic Levels ;        ; 5     ;             ;            ;       ;       ;
; Physical Delays        ;        ;       ;             ;            ;       ;       ;
;  Arrival Path          ;        ;       ;             ;            ;       ;       ;
;   Clock                ;        ;       ;             ;            ;       ;       ;
;    IC                  ;        ; 4     ; 3.538       ; 67         ; 0.000 ; 3.538 ;
;    Cell                ;        ; 5     ; 1.707       ; 33         ; 0.000 ; 1.166 ;
;   Data                 ;        ;       ;             ;            ;       ;       ;
;    IC                  ;        ; 5     ; 1.630       ; 52         ; 0.179 ; 0.523 ;
;    Cell                ;        ; 12    ; 1.217       ; 39         ; 0.000 ; 0.266 ;
;    uTco                ;        ; 1     ; 0.265       ; 9          ; 0.265 ; 0.265 ;
;  Required Path         ;        ;       ;             ;            ;       ;       ;
;   Clock                ;        ;       ;             ;            ;       ;       ;
;    IC                  ;        ; 4     ; 3.289       ; 70         ; 0.000 ; 3.289 ;
;    Cell                ;        ; 5     ; 1.442       ; 30         ; 0.000 ; 0.974 ;
+------------------------+--------+-------+-------------+------------+-------+-------+
Note: Negative delays are omitted from totals when calculating percentages

+----------------------------------------------------------------------------------------------------------------------------------------------------------------------------------------------+
; Data Arrival Path                                                                                                                                                                            ;
+---------+---------+----+------+--------+-----------------------+------------+----------------------------------------------------------------------------------------------------------------+
; Total   ; Incr    ; RF ; Type ; Fanout ; Location              ; HS/LP      ; Element                                                                                                        ;
+---------+---------+----+------+--------+-----------------------+------------+----------------------------------------------------------------------------------------------------------------+
; 0.000   ; 0.000   ;    ;      ;        ;                       ;            ; launch edge time                                                                                               ;
; 5.245   ; 5.245   ;    ;      ;        ;                       ;            ; clock path                                                                                                     ;
;   0.000 ;   0.000 ;    ;      ;        ;                       ;            ; source latency                                                                                                 ;
;   0.000 ;   0.000 ;    ;      ; 1      ; PIN_AH5               ;            ; QSFPA_REFCLK_p                                                                                                 ;
;   0.000 ;   0.000 ; RR ; IC   ; 1      ; IOIBUF_X224_Y13_N108  ;            ; QSFPA_REFCLK_p~input|i                                                                                         ;
;   0.070 ;   0.070 ; RR ; CELL ; 1      ; IOIBUF_X224_Y13_N108  ;            ; QSFPA_REFCLK_p~input|o                                                                                         ;
;   0.070 ;   0.000 ; RR ; IC   ; 1      ; HSSIREFCLKDIVIDER_4CT ;            ; QSFPA_REFCLK_p~inputFITTER_INSERTED|refclk_inp                                                                 ;
;   0.070 ;   0.000 ; RR ; CELL ; 3      ; HSSIREFCLKDIVIDER_4CT ;            ; QSFPA_REFCLK_p~inputFITTER_INSERTED|refclk_a                                                                   ;
;   1.236 ;   1.166 ; RR ; CELL ; 1      ; HSSIREFCLKDIVIDER_4CT ;            ; QSFPA_REFCLK_p~inputFITTER_INSERTED~hssi_tile/ch4_pld_pma_fpll_fbclkout_lc_lvpecl_to_coreclk                   ;
;   1.236 ;   0.000 ; RR ; IC   ; 2      ; CLKCTRL_4C_G_I18      ;            ; QSFPA_REFCLK_p~inputFITTER_INSERTEDCLKENA0|inclk                                                               ;
;   1.707 ;   0.471 ; RR ; CELL ; 1017   ; CLKCTRL_4C_G_I18      ;            ; QSFPA_REFCLK_p~inputFITTER_INSERTEDCLKENA0|outclk                                                              ;
;   5.245 ;   3.538 ; RR ; IC   ; 1      ; FF_X152_Y40_N25       ; High Speed ; u_xwr_core|WRPC|PPS_GEN|WRAPPED_PPSGEN|cntr_utc[7]|clk                                                         ;
;   5.245 ;   0.000 ; RR ; CELL ; 1      ; FF_X152_Y40_N25       ; High Speed ; xwr_core:u_xwr_core|wr_core:WRPC|xwr_pps_gen:PPS_GEN|wr_pps_gen:WRAPPED_PPSGEN|cntr_utc[7]                     ;
; 8.357   ; 3.112   ;    ;      ;        ;                       ;            ; data path                                                                                                      ;
;   5.510 ;   0.265 ; RR ; uTco ; 1      ; FF_X152_Y40_N25       ;            ; u_xwr_core|WRPC|PPS_GEN|WRAPPED_PPSGEN|cntr_utc[7]|q                                                           ;
;   5.662 ;   0.152 ; RR ; CELL ; 6      ; FF_X152_Y40_N25       ; High Speed ; xwr_core:u_xwr_core|wr_core:WRPC|xwr_pps_gen:PPS_GEN|wr_pps_gen:WRAPPED_PPSGEN|cntr_utc[7]~la_mlab/laboutt[16] ;
;   6.185 ;   0.523 ; RR ; IC   ; 1      ; MLABCELL_X148_Y39_N39 ; Mixed      ; p_step6b_scheduler~13|datab                                                                                    ;
;   6.437 ;   0.252 ; RR ; CELL ; 1      ; MLABCELL_X148_Y39_N39 ; Low Power  ; p_step6b_scheduler~13|combout                                                                                  ;
;   6.443 ;   0.006 ; RR ; CELL ; 1      ; MLABCELL_X148_Y39_N39 ; Low Power  ; p_step6b_scheduler~13~la_mlab/laboutb[7]                                                                       ;
;   6.750 ;   0.307 ; RR ; IC   ; 1      ; MLABCELL_X148_Y39_N30 ; Low Power  ; p_step6b_scheduler~16|datae                                                                                    ;
;   6.888 ;   0.138 ; RR ; CELL ; 1      ; MLABCELL_X148_Y39_N30 ; Low Power  ; p_step6b_scheduler~16|combout                                                                                  ;
;   6.894 ;   0.006 ; RR ; CELL ; 1      ; MLABCELL_X148_Y39_N30 ; Low Power  ; p_step6b_scheduler~16~la_mlab/laboutb[1]                                                                       ;
;   7.078 ;   0.184 ; RR ; IC   ; 1      ; LABCELL_X147_Y39_N0   ; Low Power  ; p_step6b_scheduler~24|dataa                                                                                    ;
;   7.344 ;   0.266 ; RR ; CELL ; 1      ; LABCELL_X147_Y39_N0   ; Low Power  ; p_step6b_scheduler~24|combout                                                                                  ;
;   7.349 ;   0.005 ; RR ; CELL ; 4      ; LABCELL_X147_Y39_N0   ; Low Power  ; p_step6b_scheduler~24~la_lab/laboutt[1]                                                                        ;
;   7.786 ;   0.437 ; RR ; IC   ; 1      ; MLABCELL_X146_Y43_N12 ; Low Power  ; p_step6b_scheduler~25|datac                                                                                    ;
;   7.945 ;   0.159 ; RR ; CELL ; 1      ; MLABCELL_X146_Y43_N12 ; Low Power  ; p_step6b_scheduler~25|combout                                                                                  ;
;   7.951 ;   0.006 ; RR ; CELL ; 2      ; MLABCELL_X146_Y43_N12 ; Low Power  ; p_step6b_scheduler~25~la_mlab/laboutt[9]                                                                       ;
;   8.130 ;   0.179 ; RR ; IC   ; 1      ; MLABCELL_X146_Y43_N39 ; Low Power  ; step6b_armed~0|datab                                                                                           ;
;   8.357 ;   0.227 ; RF ; CELL ; 1      ; MLABCELL_X146_Y43_N39 ; Low Power  ; step6b_armed~0|combout                                                                                         ;
;   8.357 ;   0.000 ; FF ; CELL ; 1      ; FF_X146_Y43_N40       ; Low Power  ; step6b_armed|d                                                                                                 ;
;   8.357 ;   0.000 ; FF ; CELL ; 1      ; FF_X146_Y43_N40       ; Low Power  ; step6b_armed                                                                                                   ;
+---------+---------+----+------+--------+-----------------------+------------+----------------------------------------------------------------------------------------------------------------+

+----------------------------------------------------------------------------------------------------------------------------------------------------------------------------+
; Data Required Path                                                                                                                                                         ;
+----------+---------+----+------+--------+-----------------------+-----------+----------------------------------------------------------------------------------------------+
; Total    ; Incr    ; RF ; Type ; Fanout ; Location              ; HS/LP     ; Element                                                                                      ;
+----------+---------+----+------+--------+-----------------------+-----------+----------------------------------------------------------------------------------------------+
; 8.000    ; 8.000   ;    ;      ;        ;                       ;           ; latch edge time                                                                              ;
; 13.202   ; 5.202   ;    ;      ;        ;                       ;           ; clock path                                                                                   ;
;   8.000  ;   0.000 ;    ;      ;        ;                       ;           ; source latency                                                                               ;
;   8.000  ;   0.000 ;    ;      ; 1      ; PIN_AH5               ;           ; QSFPA_REFCLK_p                                                                               ;
;   8.000  ;   0.000 ; RR ; IC   ; 1      ; IOIBUF_X224_Y13_N108  ;           ; QSFPA_REFCLK_p~input|i                                                                       ;
;   8.070  ;   0.070 ; RR ; CELL ; 1      ; IOIBUF_X224_Y13_N108  ;           ; QSFPA_REFCLK_p~input|o                                                                       ;
;   8.070  ;   0.000 ; RR ; IC   ; 1      ; HSSIREFCLKDIVIDER_4CT ;           ; QSFPA_REFCLK_p~inputFITTER_INSERTED|refclk_inp                                               ;
;   8.070  ;   0.000 ; RR ; CELL ; 3      ; HSSIREFCLKDIVIDER_4CT ;           ; QSFPA_REFCLK_p~inputFITTER_INSERTED|refclk_a                                                 ;
;   9.044  ;   0.974 ; RR ; CELL ; 1      ; HSSIREFCLKDIVIDER_4CT ;           ; QSFPA_REFCLK_p~inputFITTER_INSERTED~hssi_tile/ch4_pld_pma_fpll_fbclkout_lc_lvpecl_to_coreclk ;
;   9.044  ;   0.000 ; RR ; IC   ; 2      ; CLKCTRL_4C_G_I18      ;           ; QSFPA_REFCLK_p~inputFITTER_INSERTEDCLKENA0|inclk                                             ;
;   9.442  ;   0.398 ; RR ; CELL ; 1017   ; CLKCTRL_4C_G_I18      ;           ; QSFPA_REFCLK_p~inputFITTER_INSERTEDCLKENA0|outclk                                            ;
;   12.731 ;   3.289 ; RR ; IC   ; 1      ; FF_X146_Y43_N40       ; Low Power ; step6b_armed|clk                                                                             ;
;   12.731 ;   0.000 ; RR ; CELL ; 1      ; FF_X146_Y43_N40       ; Low Power ; step6b_armed                                                                                 ;
;   13.202 ;   0.471 ;    ;      ;        ;                       ;           ; clock pessimism removed                                                                      ;
; 13.162   ; -0.040  ;    ;      ;        ;                       ;           ; clock uncertainty                                                                            ;
; 13.373   ; 0.211   ;    ; uTsu ; 1      ; FF_X146_Y43_N40       ;           ; step6b_armed                                                                                 ;
+----------+---------+----+------+--------+-----------------------+-----------+----------------------------------------------------------------------------------------------+

----------------------------
; Extra Fitter Information ;
----------------------------
HTML report is unavailable in plain text report export.


Path #8: Setup slack is 5.020 
===============================================================================
+------------------------------------------------------------------------------------------------------------------+
; Path Summary                                                                                                     ;
+--------------------+---------------------------------------------------------------------------------------------+
; Property           ; Value                                                                                       ;
+--------------------+---------------------------------------------------------------------------------------------+
; From Node          ; xwr_core:u_xwr_core|wr_core:WRPC|xwr_pps_gen:PPS_GEN|wr_pps_gen:WRAPPED_PPSGEN|cntr_utc[19] ;
; To Node            ; step6b_armed                                                                                ;
; Launch Clock       ; qsfp_ref_125m                                                                               ;
; Latch Clock        ; qsfp_ref_125m                                                                               ;
; Data Arrival Time  ; 8.353                                                                                       ;
; Data Required Time ; 13.373                                                                                      ;
; Slack              ; 5.020                                                                                       ;
+--------------------+---------------------------------------------------------------------------------------------+

+------------------------------------------------------------------------------------+
; Statistics                                                                         ;
+------------------------+--------+-------+-------------+------------+-------+-------+
; Property               ; Value  ; Count ; Total Delay ; % of Total ; Min   ; Max   ;
+------------------------+--------+-------+-------------+------------+-------+-------+
; Setup Relationship     ; 8.000  ;       ;             ;            ;       ;       ;
; Clock Skew             ; -0.080 ;       ;             ;            ;       ;       ;
; Data Delay             ; 3.071  ;       ;             ;            ;       ;       ;
; Number of Logic Levels ;        ; 5     ;             ;            ;       ;       ;
; Physical Delays        ;        ;       ;             ;            ;       ;       ;
;  Arrival Path          ;        ;       ;             ;            ;       ;       ;
;   Clock                ;        ;       ;             ;            ;       ;       ;
;    IC                  ;        ; 4     ; 3.575       ; 68         ; 0.000 ; 3.575 ;
;    Cell                ;        ; 5     ; 1.707       ; 32         ; 0.000 ; 1.166 ;
;   Data                 ;        ;       ;             ;            ;       ;       ;
;    IC                  ;        ; 5     ; 1.733       ; 56         ; 0.179 ; 0.513 ;
;    Cell                ;        ; 12    ; 1.054       ; 34         ; 0.000 ; 0.234 ;
;    uTco                ;        ; 1     ; 0.284       ; 9          ; 0.284 ; 0.284 ;
;  Required Path         ;        ;       ;             ;            ;       ;       ;
;   Clock                ;        ;       ;             ;            ;       ;       ;
;    IC                  ;        ; 4     ; 3.289       ; 70         ; 0.000 ; 3.289 ;
;    Cell                ;        ; 5     ; 1.442       ; 30         ; 0.000 ; 0.974 ;
+------------------------+--------+-------+-------------+------------+-------+-------+
Note: Negative delays are omitted from totals when calculating percentages

+-----------------------------------------------------------------------------------------------------------------------------------------------------------------------------------------------+
; Data Arrival Path                                                                                                                                                                             ;
+---------+---------+----+------+--------+-----------------------+------------+-----------------------------------------------------------------------------------------------------------------+
; Total   ; Incr    ; RF ; Type ; Fanout ; Location              ; HS/LP      ; Element                                                                                                         ;
+---------+---------+----+------+--------+-----------------------+------------+-----------------------------------------------------------------------------------------------------------------+
; 0.000   ; 0.000   ;    ;      ;        ;                       ;            ; launch edge time                                                                                                ;
; 5.282   ; 5.282   ;    ;      ;        ;                       ;            ; clock path                                                                                                      ;
;   0.000 ;   0.000 ;    ;      ;        ;                       ;            ; source latency                                                                                                  ;
;   0.000 ;   0.000 ;    ;      ; 1      ; PIN_AH5               ;            ; QSFPA_REFCLK_p                                                                                                  ;
;   0.000 ;   0.000 ; RR ; IC   ; 1      ; IOIBUF_X224_Y13_N108  ;            ; QSFPA_REFCLK_p~input|i                                                                                          ;
;   0.070 ;   0.070 ; RR ; CELL ; 1      ; IOIBUF_X224_Y13_N108  ;            ; QSFPA_REFCLK_p~input|o                                                                                          ;
;   0.070 ;   0.000 ; RR ; IC   ; 1      ; HSSIREFCLKDIVIDER_4CT ;            ; QSFPA_REFCLK_p~inputFITTER_INSERTED|refclk_inp                                                                  ;
;   0.070 ;   0.000 ; RR ; CELL ; 3      ; HSSIREFCLKDIVIDER_4CT ;            ; QSFPA_REFCLK_p~inputFITTER_INSERTED|refclk_a                                                                    ;
;   1.236 ;   1.166 ; RR ; CELL ; 1      ; HSSIREFCLKDIVIDER_4CT ;            ; QSFPA_REFCLK_p~inputFITTER_INSERTED~hssi_tile/ch4_pld_pma_fpll_fbclkout_lc_lvpecl_to_coreclk                    ;
;   1.236 ;   0.000 ; RR ; IC   ; 2      ; CLKCTRL_4C_G_I18      ;            ; QSFPA_REFCLK_p~inputFITTER_INSERTEDCLKENA0|inclk                                                                ;
;   1.707 ;   0.471 ; RR ; CELL ; 1017   ; CLKCTRL_4C_G_I18      ;            ; QSFPA_REFCLK_p~inputFITTER_INSERTEDCLKENA0|outclk                                                               ;
;   5.282 ;   3.575 ; RR ; IC   ; 1      ; FF_X154_Y39_N56       ; Low Power  ; u_xwr_core|WRPC|PPS_GEN|WRAPPED_PPSGEN|cntr_utc[19]|clk                                                         ;
;   5.282 ;   0.000 ; RR ; CELL ; 1      ; FF_X154_Y39_N56       ; Low Power  ; xwr_core:u_xwr_core|wr_core:WRPC|xwr_pps_gen:PPS_GEN|wr_pps_gen:WRAPPED_PPSGEN|cntr_utc[19]                     ;
; 8.353   ; 3.071   ;    ;      ;        ;                       ;            ; data path                                                                                                       ;
;   5.566 ;   0.284 ; RR ; uTco ; 1      ; FF_X154_Y39_N56       ;            ; u_xwr_core|WRPC|PPS_GEN|WRAPPED_PPSGEN|cntr_utc[19]|q                                                           ;
;   5.694 ;   0.128 ; RR ; CELL ; 6      ; FF_X154_Y39_N56       ; Low Power  ; xwr_core:u_xwr_core|wr_core:WRPC|xwr_pps_gen:PPS_GEN|wr_pps_gen:WRAPPED_PPSGEN|cntr_utc[19]~la_mlab/laboutb[17] ;
;   6.207 ;   0.513 ; RR ; IC   ; 1      ; LABCELL_X149_Y40_N3   ; Mixed      ; p_step6b_scheduler~22|datab                                                                                     ;
;   6.441 ;   0.234 ; RR ; CELL ; 1      ; LABCELL_X149_Y40_N3   ; High Speed ; p_step6b_scheduler~22|combout                                                                                   ;
;   6.446 ;   0.005 ; RR ; CELL ; 1      ; LABCELL_X149_Y40_N3   ; High Speed ; p_step6b_scheduler~22~la_lab/laboutt[3]                                                                         ;
;   6.837 ;   0.391 ; RR ; IC   ; 1      ; LABCELL_X147_Y39_N48  ; Mixed      ; p_step6b_scheduler~23|datad                                                                                     ;
;   6.973 ;   0.136 ; RR ; CELL ; 1      ; LABCELL_X147_Y39_N48  ; Low Power  ; p_step6b_scheduler~23|combout                                                                                   ;
;   6.977 ;   0.004 ; RR ; CELL ; 1      ; LABCELL_X147_Y39_N48  ; Low Power  ; p_step6b_scheduler~23~la_lab/laboutb[12]                                                                        ;
;   7.190 ;   0.213 ; RR ; IC   ; 1      ; LABCELL_X147_Y39_N0   ; Low Power  ; p_step6b_scheduler~24|datad                                                                                     ;
;   7.340 ;   0.150 ; RR ; CELL ; 1      ; LABCELL_X147_Y39_N0   ; Low Power  ; p_step6b_scheduler~24|combout                                                                                   ;
;   7.345 ;   0.005 ; RR ; CELL ; 4      ; LABCELL_X147_Y39_N0   ; Low Power  ; p_step6b_scheduler~24~la_lab/laboutt[1]                                                                         ;
;   7.782 ;   0.437 ; RR ; IC   ; 1      ; MLABCELL_X146_Y43_N12 ; Low Power  ; p_step6b_scheduler~25|datac                                                                                     ;
;   7.941 ;   0.159 ; RR ; CELL ; 1      ; MLABCELL_X146_Y43_N12 ; Low Power  ; p_step6b_scheduler~25|combout                                                                                   ;
;   7.947 ;   0.006 ; RR ; CELL ; 2      ; MLABCELL_X146_Y43_N12 ; Low Power  ; p_step6b_scheduler~25~la_mlab/laboutt[9]                                                                        ;
;   8.126 ;   0.179 ; RR ; IC   ; 1      ; MLABCELL_X146_Y43_N39 ; Low Power  ; step6b_armed~0|datab                                                                                            ;
;   8.353 ;   0.227 ; RF ; CELL ; 1      ; MLABCELL_X146_Y43_N39 ; Low Power  ; step6b_armed~0|combout                                                                                          ;
;   8.353 ;   0.000 ; FF ; CELL ; 1      ; FF_X146_Y43_N40       ; Low Power  ; step6b_armed|d                                                                                                  ;
;   8.353 ;   0.000 ; FF ; CELL ; 1      ; FF_X146_Y43_N40       ; Low Power  ; step6b_armed                                                                                                    ;
+---------+---------+----+------+--------+-----------------------+------------+-----------------------------------------------------------------------------------------------------------------+

+----------------------------------------------------------------------------------------------------------------------------------------------------------------------------+
; Data Required Path                                                                                                                                                         ;
+----------+---------+----+------+--------+-----------------------+-----------+----------------------------------------------------------------------------------------------+
; Total    ; Incr    ; RF ; Type ; Fanout ; Location              ; HS/LP     ; Element                                                                                      ;
+----------+---------+----+------+--------+-----------------------+-----------+----------------------------------------------------------------------------------------------+
; 8.000    ; 8.000   ;    ;      ;        ;                       ;           ; latch edge time                                                                              ;
; 13.202   ; 5.202   ;    ;      ;        ;                       ;           ; clock path                                                                                   ;
;   8.000  ;   0.000 ;    ;      ;        ;                       ;           ; source latency                                                                               ;
;   8.000  ;   0.000 ;    ;      ; 1      ; PIN_AH5               ;           ; QSFPA_REFCLK_p                                                                               ;
;   8.000  ;   0.000 ; RR ; IC   ; 1      ; IOIBUF_X224_Y13_N108  ;           ; QSFPA_REFCLK_p~input|i                                                                       ;
;   8.070  ;   0.070 ; RR ; CELL ; 1      ; IOIBUF_X224_Y13_N108  ;           ; QSFPA_REFCLK_p~input|o                                                                       ;
;   8.070  ;   0.000 ; RR ; IC   ; 1      ; HSSIREFCLKDIVIDER_4CT ;           ; QSFPA_REFCLK_p~inputFITTER_INSERTED|refclk_inp                                               ;
;   8.070  ;   0.000 ; RR ; CELL ; 3      ; HSSIREFCLKDIVIDER_4CT ;           ; QSFPA_REFCLK_p~inputFITTER_INSERTED|refclk_a                                                 ;
;   9.044  ;   0.974 ; RR ; CELL ; 1      ; HSSIREFCLKDIVIDER_4CT ;           ; QSFPA_REFCLK_p~inputFITTER_INSERTED~hssi_tile/ch4_pld_pma_fpll_fbclkout_lc_lvpecl_to_coreclk ;
;   9.044  ;   0.000 ; RR ; IC   ; 2      ; CLKCTRL_4C_G_I18      ;           ; QSFPA_REFCLK_p~inputFITTER_INSERTEDCLKENA0|inclk                                             ;
;   9.442  ;   0.398 ; RR ; CELL ; 1017   ; CLKCTRL_4C_G_I18      ;           ; QSFPA_REFCLK_p~inputFITTER_INSERTEDCLKENA0|outclk                                            ;
;   12.731 ;   3.289 ; RR ; IC   ; 1      ; FF_X146_Y43_N40       ; Low Power ; step6b_armed|clk                                                                             ;
;   12.731 ;   0.000 ; RR ; CELL ; 1      ; FF_X146_Y43_N40       ; Low Power ; step6b_armed                                                                                 ;
;   13.202 ;   0.471 ;    ;      ;        ;                       ;           ; clock pessimism removed                                                                      ;
; 13.162   ; -0.040  ;    ;      ;        ;                       ;           ; clock uncertainty                                                                            ;
; 13.373   ; 0.211   ;    ; uTsu ; 1      ; FF_X146_Y43_N40       ;           ; step6b_armed                                                                                 ;
+----------+---------+----+------+--------+-----------------------+-----------+----------------------------------------------------------------------------------------------+

----------------------------
; Extra Fitter Information ;
----------------------------
HTML report is unavailable in plain text report export.


Path #9: Setup slack is 5.031 
===============================================================================
+------------------------------------------------------------------------------------------------------------------+
; Path Summary                                                                                                     ;
+--------------------+---------------------------------------------------------------------------------------------+
; Property           ; Value                                                                                       ;
+--------------------+---------------------------------------------------------------------------------------------+
; From Node          ; xwr_core:u_xwr_core|wr_core:WRPC|xwr_pps_gen:PPS_GEN|wr_pps_gen:WRAPPED_PPSGEN|cntr_nsec[4] ;
; To Node            ; step6b_armed                                                                                ;
; Launch Clock       ; qsfp_ref_125m                                                                               ;
; Latch Clock        ; qsfp_ref_125m                                                                               ;
; Data Arrival Time  ; 8.342                                                                                       ;
; Data Required Time ; 13.373                                                                                      ;
; Slack              ; 5.031                                                                                       ;
+--------------------+---------------------------------------------------------------------------------------------+

+------------------------------------------------------------------------------------+
; Statistics                                                                         ;
+------------------------+--------+-------+-------------+------------+-------+-------+
; Property               ; Value  ; Count ; Total Delay ; % of Total ; Min   ; Max   ;
+------------------------+--------+-------+-------------+------------+-------+-------+
; Setup Relationship     ; 8.000  ;       ;             ;            ;       ;       ;
; Clock Skew             ; -0.070 ;       ;             ;            ;       ;       ;
; Data Delay             ; 3.070  ;       ;             ;            ;       ;       ;
; Number of Logic Levels ;        ; 5     ;             ;            ;       ;       ;
; Physical Delays        ;        ;       ;             ;            ;       ;       ;
;  Arrival Path          ;        ;       ;             ;            ;       ;       ;
;   Clock                ;        ;       ;             ;            ;       ;       ;
;    IC                  ;        ; 4     ; 3.565       ; 68         ; 0.000 ; 3.565 ;
;    Cell                ;        ; 5     ; 1.707       ; 32         ; 0.000 ; 1.166 ;
;   Data                 ;        ;       ;             ;            ;       ;       ;
;    IC                  ;        ; 5     ; 1.890       ; 62         ; 0.179 ; 0.595 ;
;    Cell                ;        ; 12    ; 0.889       ; 29         ; 0.000 ; 0.227 ;
;    uTco                ;        ; 1     ; 0.291       ; 9          ; 0.291 ; 0.291 ;
;  Required Path         ;        ;       ;             ;            ;       ;       ;
;   Clock                ;        ;       ;             ;            ;       ;       ;
;    IC                  ;        ; 4     ; 3.289       ; 70         ; 0.000 ; 3.289 ;
;    Cell                ;        ; 5     ; 1.442       ; 30         ; 0.000 ; 0.974 ;
+------------------------+--------+-------+-------------+------------+-------+-------+
Note: Negative delays are omitted from totals when calculating percentages

+----------------------------------------------------------------------------------------------------------------------------------------------------------------------------------------------+
; Data Arrival Path                                                                                                                                                                            ;
+---------+---------+----+------+--------+-----------------------+-----------+-----------------------------------------------------------------------------------------------------------------+
; Total   ; Incr    ; RF ; Type ; Fanout ; Location              ; HS/LP     ; Element                                                                                                         ;
+---------+---------+----+------+--------+-----------------------+-----------+-----------------------------------------------------------------------------------------------------------------+
; 0.000   ; 0.000   ;    ;      ;        ;                       ;           ; launch edge time                                                                                                ;
; 5.272   ; 5.272   ;    ;      ;        ;                       ;           ; clock path                                                                                                      ;
;   0.000 ;   0.000 ;    ;      ;        ;                       ;           ; source latency                                                                                                  ;
;   0.000 ;   0.000 ;    ;      ; 1      ; PIN_AH5               ;           ; QSFPA_REFCLK_p                                                                                                  ;
;   0.000 ;   0.000 ; RR ; IC   ; 1      ; IOIBUF_X224_Y13_N108  ;           ; QSFPA_REFCLK_p~input|i                                                                                          ;
;   0.070 ;   0.070 ; RR ; CELL ; 1      ; IOIBUF_X224_Y13_N108  ;           ; QSFPA_REFCLK_p~input|o                                                                                          ;
;   0.070 ;   0.000 ; RR ; IC   ; 1      ; HSSIREFCLKDIVIDER_4CT ;           ; QSFPA_REFCLK_p~inputFITTER_INSERTED|refclk_inp                                                                  ;
;   0.070 ;   0.000 ; RR ; CELL ; 3      ; HSSIREFCLKDIVIDER_4CT ;           ; QSFPA_REFCLK_p~inputFITTER_INSERTED|refclk_a                                                                    ;
;   1.236 ;   1.166 ; RR ; CELL ; 1      ; HSSIREFCLKDIVIDER_4CT ;           ; QSFPA_REFCLK_p~inputFITTER_INSERTED~hssi_tile/ch4_pld_pma_fpll_fbclkout_lc_lvpecl_to_coreclk                    ;
;   1.236 ;   0.000 ; RR ; IC   ; 2      ; CLKCTRL_4C_G_I18      ;           ; QSFPA_REFCLK_p~inputFITTER_INSERTEDCLKENA0|inclk                                                                ;
;   1.707 ;   0.471 ; RR ; CELL ; 1017   ; CLKCTRL_4C_G_I18      ;           ; QSFPA_REFCLK_p~inputFITTER_INSERTEDCLKENA0|outclk                                                               ;
;   5.272 ;   3.565 ; RR ; IC   ; 1      ; FF_X154_Y41_N53       ; Low Power ; u_xwr_core|WRPC|PPS_GEN|WRAPPED_PPSGEN|cntr_nsec[4]|clk                                                         ;
;   5.272 ;   0.000 ; RR ; CELL ; 1      ; FF_X154_Y41_N53       ; Low Power ; xwr_core:u_xwr_core|wr_core:WRPC|xwr_pps_gen:PPS_GEN|wr_pps_gen:WRAPPED_PPSGEN|cntr_nsec[4]                     ;
; 8.342   ; 3.070   ;    ;      ;        ;                       ;           ; data path                                                                                                       ;
;   5.563 ;   0.291 ; FF ; uTco ; 1      ; FF_X154_Y41_N53       ;           ; u_xwr_core|WRPC|PPS_GEN|WRAPPED_PPSGEN|cntr_nsec[4]|q                                                           ;
;   5.694 ;   0.131 ; FF ; CELL ; 7      ; FF_X154_Y41_N53       ; Low Power ; xwr_core:u_xwr_core|wr_core:WRPC|xwr_pps_gen:PPS_GEN|wr_pps_gen:WRAPPED_PPSGEN|cntr_nsec[4]~la_mlab/laboutb[15] ;
;   6.160 ;   0.466 ; FF ; IC   ; 1      ; LABCELL_X151_Y38_N48  ; Mixed     ; p_step6b_scheduler~21|dataf                                                                                     ;
;   6.207 ;   0.047 ; FR ; CELL ; 1      ; LABCELL_X151_Y38_N48  ; Low Power ; p_step6b_scheduler~21|combout                                                                                   ;
;   6.212 ;   0.005 ; RR ; CELL ; 1      ; LABCELL_X151_Y38_N48  ; Low Power ; p_step6b_scheduler~21~la_lab/laboutb[13]                                                                        ;
;   6.807 ;   0.595 ; RR ; IC   ; 1      ; LABCELL_X147_Y39_N48  ; Mixed     ; p_step6b_scheduler~23|datac                                                                                     ;
;   6.962 ;   0.155 ; RR ; CELL ; 1      ; LABCELL_X147_Y39_N48  ; Low Power ; p_step6b_scheduler~23|combout                                                                                   ;
;   6.966 ;   0.004 ; RR ; CELL ; 1      ; LABCELL_X147_Y39_N48  ; Low Power ; p_step6b_scheduler~23~la_lab/laboutb[12]                                                                        ;
;   7.179 ;   0.213 ; RR ; IC   ; 1      ; LABCELL_X147_Y39_N0   ; Low Power ; p_step6b_scheduler~24|datad                                                                                     ;
;   7.329 ;   0.150 ; RR ; CELL ; 1      ; LABCELL_X147_Y39_N0   ; Low Power ; p_step6b_scheduler~24|combout                                                                                   ;
;   7.334 ;   0.005 ; RR ; CELL ; 4      ; LABCELL_X147_Y39_N0   ; Low Power ; p_step6b_scheduler~24~la_lab/laboutt[1]                                                                         ;
;   7.771 ;   0.437 ; RR ; IC   ; 1      ; MLABCELL_X146_Y43_N12 ; Low Power ; p_step6b_scheduler~25|datac                                                                                     ;
;   7.930 ;   0.159 ; RR ; CELL ; 1      ; MLABCELL_X146_Y43_N12 ; Low Power ; p_step6b_scheduler~25|combout                                                                                   ;
;   7.936 ;   0.006 ; RR ; CELL ; 2      ; MLABCELL_X146_Y43_N12 ; Low Power ; p_step6b_scheduler~25~la_mlab/laboutt[9]                                                                        ;
;   8.115 ;   0.179 ; RR ; IC   ; 1      ; MLABCELL_X146_Y43_N39 ; Low Power ; step6b_armed~0|datab                                                                                            ;
;   8.342 ;   0.227 ; RF ; CELL ; 1      ; MLABCELL_X146_Y43_N39 ; Low Power ; step6b_armed~0|combout                                                                                          ;
;   8.342 ;   0.000 ; FF ; CELL ; 1      ; FF_X146_Y43_N40       ; Low Power ; step6b_armed|d                                                                                                  ;
;   8.342 ;   0.000 ; FF ; CELL ; 1      ; FF_X146_Y43_N40       ; Low Power ; step6b_armed                                                                                                    ;
+---------+---------+----+------+--------+-----------------------+-----------+-----------------------------------------------------------------------------------------------------------------+

+----------------------------------------------------------------------------------------------------------------------------------------------------------------------------+
; Data Required Path                                                                                                                                                         ;
+----------+---------+----+------+--------+-----------------------+-----------+----------------------------------------------------------------------------------------------+
; Total    ; Incr    ; RF ; Type ; Fanout ; Location              ; HS/LP     ; Element                                                                                      ;
+----------+---------+----+------+--------+-----------------------+-----------+----------------------------------------------------------------------------------------------+
; 8.000    ; 8.000   ;    ;      ;        ;                       ;           ; latch edge time                                                                              ;
; 13.202   ; 5.202   ;    ;      ;        ;                       ;           ; clock path                                                                                   ;
;   8.000  ;   0.000 ;    ;      ;        ;                       ;           ; source latency                                                                               ;
;   8.000  ;   0.000 ;    ;      ; 1      ; PIN_AH5               ;           ; QSFPA_REFCLK_p                                                                               ;
;   8.000  ;   0.000 ; RR ; IC   ; 1      ; IOIBUF_X224_Y13_N108  ;           ; QSFPA_REFCLK_p~input|i                                                                       ;
;   8.070  ;   0.070 ; RR ; CELL ; 1      ; IOIBUF_X224_Y13_N108  ;           ; QSFPA_REFCLK_p~input|o                                                                       ;
;   8.070  ;   0.000 ; RR ; IC   ; 1      ; HSSIREFCLKDIVIDER_4CT ;           ; QSFPA_REFCLK_p~inputFITTER_INSERTED|refclk_inp                                               ;
;   8.070  ;   0.000 ; RR ; CELL ; 3      ; HSSIREFCLKDIVIDER_4CT ;           ; QSFPA_REFCLK_p~inputFITTER_INSERTED|refclk_a                                                 ;
;   9.044  ;   0.974 ; RR ; CELL ; 1      ; HSSIREFCLKDIVIDER_4CT ;           ; QSFPA_REFCLK_p~inputFITTER_INSERTED~hssi_tile/ch4_pld_pma_fpll_fbclkout_lc_lvpecl_to_coreclk ;
;   9.044  ;   0.000 ; RR ; IC   ; 2      ; CLKCTRL_4C_G_I18      ;           ; QSFPA_REFCLK_p~inputFITTER_INSERTEDCLKENA0|inclk                                             ;
;   9.442  ;   0.398 ; RR ; CELL ; 1017   ; CLKCTRL_4C_G_I18      ;           ; QSFPA_REFCLK_p~inputFITTER_INSERTEDCLKENA0|outclk                                            ;
;   12.731 ;   3.289 ; RR ; IC   ; 1      ; FF_X146_Y43_N40       ; Low Power ; step6b_armed|clk                                                                             ;
;   12.731 ;   0.000 ; RR ; CELL ; 1      ; FF_X146_Y43_N40       ; Low Power ; step6b_armed                                                                                 ;
;   13.202 ;   0.471 ;    ;      ;        ;                       ;           ; clock pessimism removed                                                                      ;
; 13.162   ; -0.040  ;    ;      ;        ;                       ;           ; clock uncertainty                                                                            ;
; 13.373   ; 0.211   ;    ; uTsu ; 1      ; FF_X146_Y43_N40       ;           ; step6b_armed                                                                                 ;
+----------+---------+----+------+--------+-----------------------+-----------+----------------------------------------------------------------------------------------------+

----------------------------
; Extra Fitter Information ;
----------------------------
HTML report is unavailable in plain text report export.


Path #10: Setup slack is 5.063 
===============================================================================
+------------------------------------------------------------------------------------------------------------------+
; Path Summary                                                                                                     ;
+--------------------+---------------------------------------------------------------------------------------------+
; Property           ; Value                                                                                       ;
+--------------------+---------------------------------------------------------------------------------------------+
; From Node          ; xwr_core:u_xwr_core|wr_core:WRPC|xwr_pps_gen:PPS_GEN|wr_pps_gen:WRAPPED_PPSGEN|cntr_utc[18] ;
; To Node            ; step6b_armed                                                                                ;
; Launch Clock       ; qsfp_ref_125m                                                                               ;
; Latch Clock        ; qsfp_ref_125m                                                                               ;
; Data Arrival Time  ; 8.310                                                                                       ;
; Data Required Time ; 13.373                                                                                      ;
; Slack              ; 5.063                                                                                       ;
+--------------------+---------------------------------------------------------------------------------------------+

+------------------------------------------------------------------------------------+
; Statistics                                                                         ;
+------------------------+--------+-------+-------------+------------+-------+-------+
; Property               ; Value  ; Count ; Total Delay ; % of Total ; Min   ; Max   ;
+------------------------+--------+-------+-------------+------------+-------+-------+
; Setup Relationship     ; 8.000  ;       ;             ;            ;       ;       ;
; Clock Skew             ; -0.080 ;       ;             ;            ;       ;       ;
; Data Delay             ; 3.028  ;       ;             ;            ;       ;       ;
; Number of Logic Levels ;        ; 5     ;             ;            ;       ;       ;
; Physical Delays        ;        ;       ;             ;            ;       ;       ;
;  Arrival Path          ;        ;       ;             ;            ;       ;       ;
;   Clock                ;        ;       ;             ;            ;       ;       ;
;    IC                  ;        ; 4     ; 3.575       ; 68         ; 0.000 ; 3.575 ;
;    Cell                ;        ; 5     ; 1.707       ; 32         ; 0.000 ; 1.166 ;
;   Data                 ;        ;       ;             ;            ;       ;       ;
;    IC                  ;        ; 5     ; 1.760       ; 58         ; 0.179 ; 0.540 ;
;    Cell                ;        ; 12    ; 0.974       ; 32         ; 0.000 ; 0.227 ;
;    uTco                ;        ; 1     ; 0.294       ; 10         ; 0.294 ; 0.294 ;
;  Required Path         ;        ;       ;             ;            ;       ;       ;
;   Clock                ;        ;       ;             ;            ;       ;       ;
;    IC                  ;        ; 4     ; 3.289       ; 70         ; 0.000 ; 3.289 ;
;    Cell                ;        ; 5     ; 1.442       ; 30         ; 0.000 ; 0.974 ;
+------------------------+--------+-------+-------------+------------+-------+-------+
Note: Negative delays are omitted from totals when calculating percentages

+----------------------------------------------------------------------------------------------------------------------------------------------------------------------------------------------+
; Data Arrival Path                                                                                                                                                                            ;
+---------+---------+----+------+--------+-----------------------+------------+----------------------------------------------------------------------------------------------------------------+
; Total   ; Incr    ; RF ; Type ; Fanout ; Location              ; HS/LP      ; Element                                                                                                        ;
+---------+---------+----+------+--------+-----------------------+------------+----------------------------------------------------------------------------------------------------------------+
; 0.000   ; 0.000   ;    ;      ;        ;                       ;            ; launch edge time                                                                                               ;
; 5.282   ; 5.282   ;    ;      ;        ;                       ;            ; clock path                                                                                                     ;
;   0.000 ;   0.000 ;    ;      ;        ;                       ;            ; source latency                                                                                                 ;
;   0.000 ;   0.000 ;    ;      ; 1      ; PIN_AH5               ;            ; QSFPA_REFCLK_p                                                                                                 ;
;   0.000 ;   0.000 ; RR ; IC   ; 1      ; IOIBUF_X224_Y13_N108  ;            ; QSFPA_REFCLK_p~input|i                                                                                         ;
;   0.070 ;   0.070 ; RR ; CELL ; 1      ; IOIBUF_X224_Y13_N108  ;            ; QSFPA_REFCLK_p~input|o                                                                                         ;
;   0.070 ;   0.000 ; RR ; IC   ; 1      ; HSSIREFCLKDIVIDER_4CT ;            ; QSFPA_REFCLK_p~inputFITTER_INSERTED|refclk_inp                                                                 ;
;   0.070 ;   0.000 ; RR ; CELL ; 3      ; HSSIREFCLKDIVIDER_4CT ;            ; QSFPA_REFCLK_p~inputFITTER_INSERTED|refclk_a                                                                   ;
;   1.236 ;   1.166 ; RR ; CELL ; 1      ; HSSIREFCLKDIVIDER_4CT ;            ; QSFPA_REFCLK_p~inputFITTER_INSERTED~hssi_tile/ch4_pld_pma_fpll_fbclkout_lc_lvpecl_to_coreclk                   ;
;   1.236 ;   0.000 ; RR ; IC   ; 2      ; CLKCTRL_4C_G_I18      ;            ; QSFPA_REFCLK_p~inputFITTER_INSERTEDCLKENA0|inclk                                                               ;
;   1.707 ;   0.471 ; RR ; CELL ; 1017   ; CLKCTRL_4C_G_I18      ;            ; QSFPA_REFCLK_p~inputFITTER_INSERTEDCLKENA0|outclk                                                              ;
;   5.282 ;   3.575 ; RR ; IC   ; 1      ; FF_X154_Y39_N5        ; Low Power  ; u_xwr_core|WRPC|PPS_GEN|WRAPPED_PPSGEN|cntr_utc[18]|clk                                                        ;
;   5.282 ;   0.000 ; RR ; CELL ; 1      ; FF_X154_Y39_N5        ; Low Power  ; xwr_core:u_xwr_core|wr_core:WRPC|xwr_pps_gen:PPS_GEN|wr_pps_gen:WRAPPED_PPSGEN|cntr_utc[18]                    ;
; 8.310   ; 3.028   ;    ;      ;        ;                       ;            ; data path                                                                                                      ;
;   5.576 ;   0.294 ; FF ; uTco ; 1      ; FF_X154_Y39_N5        ;            ; u_xwr_core|WRPC|PPS_GEN|WRAPPED_PPSGEN|cntr_utc[18]|q                                                          ;
;   5.706 ;   0.130 ; FF ; CELL ; 6      ; FF_X154_Y39_N5        ; Low Power  ; xwr_core:u_xwr_core|wr_core:WRPC|xwr_pps_gen:PPS_GEN|wr_pps_gen:WRAPPED_PPSGEN|cntr_utc[18]~la_mlab/laboutt[3] ;
;   6.246 ;   0.540 ; FF ; IC   ; 1      ; LABCELL_X149_Y40_N3   ; Mixed      ; p_step6b_scheduler~22|datae                                                                                    ;
;   6.398 ;   0.152 ; FR ; CELL ; 1      ; LABCELL_X149_Y40_N3   ; High Speed ; p_step6b_scheduler~22|combout                                                                                  ;
;   6.403 ;   0.005 ; RR ; CELL ; 1      ; LABCELL_X149_Y40_N3   ; High Speed ; p_step6b_scheduler~22~la_lab/laboutt[3]                                                                        ;
;   6.794 ;   0.391 ; RR ; IC   ; 1      ; LABCELL_X147_Y39_N48  ; Mixed      ; p_step6b_scheduler~23|datad                                                                                    ;
;   6.930 ;   0.136 ; RR ; CELL ; 1      ; LABCELL_X147_Y39_N48  ; Low Power  ; p_step6b_scheduler~23|combout                                                                                  ;
;   6.934 ;   0.004 ; RR ; CELL ; 1      ; LABCELL_X147_Y39_N48  ; Low Power  ; p_step6b_scheduler~23~la_lab/laboutb[12]                                                                       ;
;   7.147 ;   0.213 ; RR ; IC   ; 1      ; LABCELL_X147_Y39_N0   ; Low Power  ; p_step6b_scheduler~24|datad                                                                                    ;
;   7.297 ;   0.150 ; RR ; CELL ; 1      ; LABCELL_X147_Y39_N0   ; Low Power  ; p_step6b_scheduler~24|combout                                                                                  ;
;   7.302 ;   0.005 ; RR ; CELL ; 4      ; LABCELL_X147_Y39_N0   ; Low Power  ; p_step6b_scheduler~24~la_lab/laboutt[1]                                                                        ;
;   7.739 ;   0.437 ; RR ; IC   ; 1      ; MLABCELL_X146_Y43_N12 ; Low Power  ; p_step6b_scheduler~25|datac                                                                                    ;
;   7.898 ;   0.159 ; RR ; CELL ; 1      ; MLABCELL_X146_Y43_N12 ; Low Power  ; p_step6b_scheduler~25|combout                                                                                  ;
;   7.904 ;   0.006 ; RR ; CELL ; 2      ; MLABCELL_X146_Y43_N12 ; Low Power  ; p_step6b_scheduler~25~la_mlab/laboutt[9]                                                                       ;
;   8.083 ;   0.179 ; RR ; IC   ; 1      ; MLABCELL_X146_Y43_N39 ; Low Power  ; step6b_armed~0|datab                                                                                           ;
;   8.310 ;   0.227 ; RF ; CELL ; 1      ; MLABCELL_X146_Y43_N39 ; Low Power  ; step6b_armed~0|combout                                                                                         ;
;   8.310 ;   0.000 ; FF ; CELL ; 1      ; FF_X146_Y43_N40       ; Low Power  ; step6b_armed|d                                                                                                 ;
;   8.310 ;   0.000 ; FF ; CELL ; 1      ; FF_X146_Y43_N40       ; Low Power  ; step6b_armed                                                                                                   ;
+---------+---------+----+------+--------+-----------------------+------------+----------------------------------------------------------------------------------------------------------------+

+----------------------------------------------------------------------------------------------------------------------------------------------------------------------------+
; Data Required Path                                                                                                                                                         ;
+----------+---------+----+------+--------+-----------------------+-----------+----------------------------------------------------------------------------------------------+
; Total    ; Incr    ; RF ; Type ; Fanout ; Location              ; HS/LP     ; Element                                                                                      ;
+----------+---------+----+------+--------+-----------------------+-----------+----------------------------------------------------------------------------------------------+
; 8.000    ; 8.000   ;    ;      ;        ;                       ;           ; latch edge time                                                                              ;
; 13.202   ; 5.202   ;    ;      ;        ;                       ;           ; clock path                                                                                   ;
;   8.000  ;   0.000 ;    ;      ;        ;                       ;           ; source latency                                                                               ;
;   8.000  ;   0.000 ;    ;      ; 1      ; PIN_AH5               ;           ; QSFPA_REFCLK_p                                                                               ;
;   8.000  ;   0.000 ; RR ; IC   ; 1      ; IOIBUF_X224_Y13_N108  ;           ; QSFPA_REFCLK_p~input|i                                                                       ;
;   8.070  ;   0.070 ; RR ; CELL ; 1      ; IOIBUF_X224_Y13_N108  ;           ; QSFPA_REFCLK_p~input|o                                                                       ;
;   8.070  ;   0.000 ; RR ; IC   ; 1      ; HSSIREFCLKDIVIDER_4CT ;           ; QSFPA_REFCLK_p~inputFITTER_INSERTED|refclk_inp                                               ;
;   8.070  ;   0.000 ; RR ; CELL ; 3      ; HSSIREFCLKDIVIDER_4CT ;           ; QSFPA_REFCLK_p~inputFITTER_INSERTED|refclk_a                                                 ;
;   9.044  ;   0.974 ; RR ; CELL ; 1      ; HSSIREFCLKDIVIDER_4CT ;           ; QSFPA_REFCLK_p~inputFITTER_INSERTED~hssi_tile/ch4_pld_pma_fpll_fbclkout_lc_lvpecl_to_coreclk ;
;   9.044  ;   0.000 ; RR ; IC   ; 2      ; CLKCTRL_4C_G_I18      ;           ; QSFPA_REFCLK_p~inputFITTER_INSERTEDCLKENA0|inclk                                             ;
;   9.442  ;   0.398 ; RR ; CELL ; 1017   ; CLKCTRL_4C_G_I18      ;           ; QSFPA_REFCLK_p~inputFITTER_INSERTEDCLKENA0|outclk                                            ;
;   12.731 ;   3.289 ; RR ; IC   ; 1      ; FF_X146_Y43_N40       ; Low Power ; step6b_armed|clk                                                                             ;
;   12.731 ;   0.000 ; RR ; CELL ; 1      ; FF_X146_Y43_N40       ; Low Power ; step6b_armed                                                                                 ;
;   13.202 ;   0.471 ;    ;      ;        ;                       ;           ; clock pessimism removed                                                                      ;
; 13.162   ; -0.040  ;    ;      ;        ;                       ;           ; clock uncertainty                                                                            ;
; 13.373   ; 0.211   ;    ; uTsu ; 1      ; FF_X146_Y43_N40       ;           ; step6b_armed                                                                                 ;
+----------+---------+----+------+--------+-----------------------+-----------+----------------------------------------------------------------------------------------------+

----------------------------
; Extra Fitter Information ;
----------------------------
HTML report is unavailable in plain text report export.


Path #11: Setup slack is 5.064 
===============================================================================
+------------------------------------------------------------------------------------------------------------------+
; Path Summary                                                                                                     ;
+--------------------+---------------------------------------------------------------------------------------------+
; Property           ; Value                                                                                       ;
+--------------------+---------------------------------------------------------------------------------------------+
; From Node          ; xwr_core:u_xwr_core|wr_core:WRPC|xwr_pps_gen:PPS_GEN|wr_pps_gen:WRAPPED_PPSGEN|cntr_utc[10] ;
; To Node            ; step6b_armed                                                                                ;
; Launch Clock       ; qsfp_ref_125m                                                                               ;
; Latch Clock        ; qsfp_ref_125m                                                                               ;
; Data Arrival Time  ; 8.309                                                                                       ;
; Data Required Time ; 13.373                                                                                      ;
; Slack              ; 5.064                                                                                       ;
+--------------------+---------------------------------------------------------------------------------------------+

+------------------------------------------------------------------------------------+
; Statistics                                                                         ;
+------------------------+--------+-------+-------------+------------+-------+-------+
; Property               ; Value  ; Count ; Total Delay ; % of Total ; Min   ; Max   ;
+------------------------+--------+-------+-------------+------------+-------+-------+
; Setup Relationship     ; 8.000  ;       ;             ;            ;       ;       ;
; Clock Skew             ; -0.080 ;       ;             ;            ;       ;       ;
; Data Delay             ; 3.027  ;       ;             ;            ;       ;       ;
; Number of Logic Levels ;        ; 5     ;             ;            ;       ;       ;
; Physical Delays        ;        ;       ;             ;            ;       ;       ;
;  Arrival Path          ;        ;       ;             ;            ;       ;       ;
;   Clock                ;        ;       ;             ;            ;       ;       ;
;    IC                  ;        ; 4     ; 3.575       ; 68         ; 0.000 ; 3.575 ;
;    Cell                ;        ; 5     ; 1.707       ; 32         ; 0.000 ; 1.166 ;
;   Data                 ;        ;       ;             ;            ;       ;       ;
;    IC                  ;        ; 5     ; 1.511       ; 50         ; 0.167 ; 0.544 ;
;    Cell                ;        ; 12    ; 1.231       ; 41         ; 0.000 ; 0.266 ;
;    uTco                ;        ; 1     ; 0.285       ; 9          ; 0.285 ; 0.285 ;
;  Required Path         ;        ;       ;             ;            ;       ;       ;
;   Clock                ;        ;       ;             ;            ;       ;       ;
;    IC                  ;        ; 4     ; 3.289       ; 70         ; 0.000 ; 3.289 ;
;    Cell                ;        ; 5     ; 1.442       ; 30         ; 0.000 ; 0.974 ;
+------------------------+--------+-------+-------------+------------+-------+-------+
Note: Negative delays are omitted from totals when calculating percentages

+---------------------------------------------------------------------------------------------------------------------------------------------------------------------------------------------+
; Data Arrival Path                                                                                                                                                                           ;
+---------+---------+----+------+--------+-----------------------+-----------+----------------------------------------------------------------------------------------------------------------+
; Total   ; Incr    ; RF ; Type ; Fanout ; Location              ; HS/LP     ; Element                                                                                                        ;
+---------+---------+----+------+--------+-----------------------+-----------+----------------------------------------------------------------------------------------------------------------+
; 0.000   ; 0.000   ;    ;      ;        ;                       ;           ; launch edge time                                                                                               ;
; 5.282   ; 5.282   ;    ;      ;        ;                       ;           ; clock path                                                                                                     ;
;   0.000 ;   0.000 ;    ;      ;        ;                       ;           ; source latency                                                                                                 ;
;   0.000 ;   0.000 ;    ;      ; 1      ; PIN_AH5               ;           ; QSFPA_REFCLK_p                                                                                                 ;
;   0.000 ;   0.000 ; RR ; IC   ; 1      ; IOIBUF_X224_Y13_N108  ;           ; QSFPA_REFCLK_p~input|i                                                                                         ;
;   0.070 ;   0.070 ; RR ; CELL ; 1      ; IOIBUF_X224_Y13_N108  ;           ; QSFPA_REFCLK_p~input|o                                                                                         ;
;   0.070 ;   0.000 ; RR ; IC   ; 1      ; HSSIREFCLKDIVIDER_4CT ;           ; QSFPA_REFCLK_p~inputFITTER_INSERTED|refclk_inp                                                                 ;
;   0.070 ;   0.000 ; RR ; CELL ; 3      ; HSSIREFCLKDIVIDER_4CT ;           ; QSFPA_REFCLK_p~inputFITTER_INSERTED|refclk_a                                                                   ;
;   1.236 ;   1.166 ; RR ; CELL ; 1      ; HSSIREFCLKDIVIDER_4CT ;           ; QSFPA_REFCLK_p~inputFITTER_INSERTED~hssi_tile/ch4_pld_pma_fpll_fbclkout_lc_lvpecl_to_coreclk                   ;
;   1.236 ;   0.000 ; RR ; IC   ; 2      ; CLKCTRL_4C_G_I18      ;           ; QSFPA_REFCLK_p~inputFITTER_INSERTEDCLKENA0|inclk                                                               ;
;   1.707 ;   0.471 ; RR ; CELL ; 1017   ; CLKCTRL_4C_G_I18      ;           ; QSFPA_REFCLK_p~inputFITTER_INSERTEDCLKENA0|outclk                                                              ;
;   5.282 ;   3.575 ; RR ; IC   ; 1      ; FF_X154_Y39_N38       ; Low Power ; u_xwr_core|WRPC|PPS_GEN|WRAPPED_PPSGEN|cntr_utc[10]|clk                                                        ;
;   5.282 ;   0.000 ; RR ; CELL ; 1      ; FF_X154_Y39_N38       ; Low Power ; xwr_core:u_xwr_core|wr_core:WRPC|xwr_pps_gen:PPS_GEN|wr_pps_gen:WRAPPED_PPSGEN|cntr_utc[10]                    ;
; 8.309   ; 3.027   ;    ;      ;        ;                       ;           ; data path                                                                                                      ;
;   5.567 ;   0.285 ; RR ; uTco ; 1      ; FF_X154_Y39_N38       ;           ; u_xwr_core|WRPC|PPS_GEN|WRAPPED_PPSGEN|cntr_utc[10]|q                                                          ;
;   5.695 ;   0.128 ; RR ; CELL ; 6      ; FF_X154_Y39_N38       ; Low Power ; xwr_core:u_xwr_core|wr_core:WRPC|xwr_pps_gen:PPS_GEN|wr_pps_gen:WRAPPED_PPSGEN|cntr_utc[10]~la_mlab/laboutb[5] ;
;   6.239 ;   0.544 ; RR ; IC   ; 1      ; MLABCELL_X148_Y39_N45 ; Low Power ; p_step6b_scheduler~12|datac                                                                                    ;
;   6.418 ;   0.179 ; RR ; CELL ; 1      ; MLABCELL_X148_Y39_N45 ; Low Power ; p_step6b_scheduler~12|combout                                                                                  ;
;   6.424 ;   0.006 ; RR ; CELL ; 1      ; MLABCELL_X148_Y39_N45 ; Low Power ; p_step6b_scheduler~12~la_mlab/laboutb[11]                                                                      ;
;   6.591 ;   0.167 ; RR ; IC   ; 1      ; MLABCELL_X148_Y39_N30 ; Low Power ; p_step6b_scheduler~16|datab                                                                                    ;
;   6.840 ;   0.249 ; RR ; CELL ; 1      ; MLABCELL_X148_Y39_N30 ; Low Power ; p_step6b_scheduler~16|combout                                                                                  ;
;   6.846 ;   0.006 ; RR ; CELL ; 1      ; MLABCELL_X148_Y39_N30 ; Low Power ; p_step6b_scheduler~16~la_mlab/laboutb[1]                                                                       ;
;   7.030 ;   0.184 ; RR ; IC   ; 1      ; LABCELL_X147_Y39_N0   ; Low Power ; p_step6b_scheduler~24|dataa                                                                                    ;
;   7.296 ;   0.266 ; RR ; CELL ; 1      ; LABCELL_X147_Y39_N0   ; Low Power ; p_step6b_scheduler~24|combout                                                                                  ;
;   7.301 ;   0.005 ; RR ; CELL ; 4      ; LABCELL_X147_Y39_N0   ; Low Power ; p_step6b_scheduler~24~la_lab/laboutt[1]                                                                        ;
;   7.738 ;   0.437 ; RR ; IC   ; 1      ; MLABCELL_X146_Y43_N12 ; Low Power ; p_step6b_scheduler~25|datac                                                                                    ;
;   7.897 ;   0.159 ; RR ; CELL ; 1      ; MLABCELL_X146_Y43_N12 ; Low Power ; p_step6b_scheduler~25|combout                                                                                  ;
;   7.903 ;   0.006 ; RR ; CELL ; 2      ; MLABCELL_X146_Y43_N12 ; Low Power ; p_step6b_scheduler~25~la_mlab/laboutt[9]                                                                       ;
;   8.082 ;   0.179 ; RR ; IC   ; 1      ; MLABCELL_X146_Y43_N39 ; Low Power ; step6b_armed~0|datab                                                                                           ;
;   8.309 ;   0.227 ; RF ; CELL ; 1      ; MLABCELL_X146_Y43_N39 ; Low Power ; step6b_armed~0|combout                                                                                         ;
;   8.309 ;   0.000 ; FF ; CELL ; 1      ; FF_X146_Y43_N40       ; Low Power ; step6b_armed|d                                                                                                 ;
;   8.309 ;   0.000 ; FF ; CELL ; 1      ; FF_X146_Y43_N40       ; Low Power ; step6b_armed                                                                                                   ;
+---------+---------+----+------+--------+-----------------------+-----------+----------------------------------------------------------------------------------------------------------------+

+----------------------------------------------------------------------------------------------------------------------------------------------------------------------------+
; Data Required Path                                                                                                                                                         ;
+----------+---------+----+------+--------+-----------------------+-----------+----------------------------------------------------------------------------------------------+
; Total    ; Incr    ; RF ; Type ; Fanout ; Location              ; HS/LP     ; Element                                                                                      ;
+----------+---------+----+------+--------+-----------------------+-----------+----------------------------------------------------------------------------------------------+
; 8.000    ; 8.000   ;    ;      ;        ;                       ;           ; latch edge time                                                                              ;
; 13.202   ; 5.202   ;    ;      ;        ;                       ;           ; clock path                                                                                   ;
;   8.000  ;   0.000 ;    ;      ;        ;                       ;           ; source latency                                                                               ;
;   8.000  ;   0.000 ;    ;      ; 1      ; PIN_AH5               ;           ; QSFPA_REFCLK_p                                                                               ;
;   8.000  ;   0.000 ; RR ; IC   ; 1      ; IOIBUF_X224_Y13_N108  ;           ; QSFPA_REFCLK_p~input|i                                                                       ;
;   8.070  ;   0.070 ; RR ; CELL ; 1      ; IOIBUF_X224_Y13_N108  ;           ; QSFPA_REFCLK_p~input|o                                                                       ;
;   8.070  ;   0.000 ; RR ; IC   ; 1      ; HSSIREFCLKDIVIDER_4CT ;           ; QSFPA_REFCLK_p~inputFITTER_INSERTED|refclk_inp                                               ;
;   8.070  ;   0.000 ; RR ; CELL ; 3      ; HSSIREFCLKDIVIDER_4CT ;           ; QSFPA_REFCLK_p~inputFITTER_INSERTED|refclk_a                                                 ;
;   9.044  ;   0.974 ; RR ; CELL ; 1      ; HSSIREFCLKDIVIDER_4CT ;           ; QSFPA_REFCLK_p~inputFITTER_INSERTED~hssi_tile/ch4_pld_pma_fpll_fbclkout_lc_lvpecl_to_coreclk ;
;   9.044  ;   0.000 ; RR ; IC   ; 2      ; CLKCTRL_4C_G_I18      ;           ; QSFPA_REFCLK_p~inputFITTER_INSERTEDCLKENA0|inclk                                             ;
;   9.442  ;   0.398 ; RR ; CELL ; 1017   ; CLKCTRL_4C_G_I18      ;           ; QSFPA_REFCLK_p~inputFITTER_INSERTEDCLKENA0|outclk                                            ;
;   12.731 ;   3.289 ; RR ; IC   ; 1      ; FF_X146_Y43_N40       ; Low Power ; step6b_armed|clk                                                                             ;
;   12.731 ;   0.000 ; RR ; CELL ; 1      ; FF_X146_Y43_N40       ; Low Power ; step6b_armed                                                                                 ;
;   13.202 ;   0.471 ;    ;      ;        ;                       ;           ; clock pessimism removed                                                                      ;
; 13.162   ; -0.040  ;    ;      ;        ;                       ;           ; clock uncertainty                                                                            ;
; 13.373   ; 0.211   ;    ; uTsu ; 1      ; FF_X146_Y43_N40       ;           ; step6b_armed                                                                                 ;
+----------+---------+----+------+--------+-----------------------+-----------+----------------------------------------------------------------------------------------------+

----------------------------
; Extra Fitter Information ;
----------------------------
HTML report is unavailable in plain text report export.


Path #12: Setup slack is 5.069 
===============================================================================
+-----------------------------------------------------------------------------------------------------------------+
; Path Summary                                                                                                    ;
+--------------------+--------------------------------------------------------------------------------------------+
; Property           ; Value                                                                                      ;
+--------------------+--------------------------------------------------------------------------------------------+
; From Node          ; xwr_core:u_xwr_core|wr_core:WRPC|xwr_pps_gen:PPS_GEN|wr_pps_gen:WRAPPED_PPSGEN|cntr_utc[8] ;
; To Node            ; step6b_armed                                                                               ;
; Launch Clock       ; qsfp_ref_125m                                                                              ;
; Latch Clock        ; qsfp_ref_125m                                                                              ;
; Data Arrival Time  ; 8.304                                                                                      ;
; Data Required Time ; 13.373                                                                                     ;
; Slack              ; 5.069                                                                                      ;
+--------------------+--------------------------------------------------------------------------------------------+

+------------------------------------------------------------------------------------+
; Statistics                                                                         ;
+------------------------+--------+-------+-------------+------------+-------+-------+
; Property               ; Value  ; Count ; Total Delay ; % of Total ; Min   ; Max   ;
+------------------------+--------+-------+-------------+------------+-------+-------+
; Setup Relationship     ; 8.000  ;       ;             ;            ;       ;       ;
; Clock Skew             ; -0.043 ;       ;             ;            ;       ;       ;
; Data Delay             ; 3.059  ;       ;             ;            ;       ;       ;
; Number of Logic Levels ;        ; 5     ;             ;            ;       ;       ;
; Physical Delays        ;        ;       ;             ;            ;       ;       ;
;  Arrival Path          ;        ;       ;             ;            ;       ;       ;
;   Clock                ;        ;       ;             ;            ;       ;       ;
;    IC                  ;        ; 4     ; 3.538       ; 67         ; 0.000 ; 3.538 ;
;    Cell                ;        ; 5     ; 1.707       ; 33         ; 0.000 ; 1.166 ;
;   Data                 ;        ;       ;             ;            ;       ;       ;
;    IC                  ;        ; 5     ; 1.507       ; 49         ; 0.167 ; 0.540 ;
;    Cell                ;        ; 12    ; 1.295       ; 42         ; 0.000 ; 0.266 ;
;    uTco                ;        ; 1     ; 0.257       ; 8          ; 0.257 ; 0.257 ;
;  Required Path         ;        ;       ;             ;            ;       ;       ;
;   Clock                ;        ;       ;             ;            ;       ;       ;
;    IC                  ;        ; 4     ; 3.289       ; 70         ; 0.000 ; 3.289 ;
;    Cell                ;        ; 5     ; 1.442       ; 30         ; 0.000 ; 0.974 ;
+------------------------+--------+-------+-------------+------------+-------+-------+
Note: Negative delays are omitted from totals when calculating percentages

+---------------------------------------------------------------------------------------------------------------------------------------------------------------------------------------------+
; Data Arrival Path                                                                                                                                                                           ;
+---------+---------+----+------+--------+-----------------------+------------+---------------------------------------------------------------------------------------------------------------+
; Total   ; Incr    ; RF ; Type ; Fanout ; Location              ; HS/LP      ; Element                                                                                                       ;
+---------+---------+----+------+--------+-----------------------+------------+---------------------------------------------------------------------------------------------------------------+
; 0.000   ; 0.000   ;    ;      ;        ;                       ;            ; launch edge time                                                                                              ;
; 5.245   ; 5.245   ;    ;      ;        ;                       ;            ; clock path                                                                                                    ;
;   0.000 ;   0.000 ;    ;      ;        ;                       ;            ; source latency                                                                                                ;
;   0.000 ;   0.000 ;    ;      ; 1      ; PIN_AH5               ;            ; QSFPA_REFCLK_p                                                                                                ;
;   0.000 ;   0.000 ; RR ; IC   ; 1      ; IOIBUF_X224_Y13_N108  ;            ; QSFPA_REFCLK_p~input|i                                                                                        ;
;   0.070 ;   0.070 ; RR ; CELL ; 1      ; IOIBUF_X224_Y13_N108  ;            ; QSFPA_REFCLK_p~input|o                                                                                        ;
;   0.070 ;   0.000 ; RR ; IC   ; 1      ; HSSIREFCLKDIVIDER_4CT ;            ; QSFPA_REFCLK_p~inputFITTER_INSERTED|refclk_inp                                                                ;
;   0.070 ;   0.000 ; RR ; CELL ; 3      ; HSSIREFCLKDIVIDER_4CT ;            ; QSFPA_REFCLK_p~inputFITTER_INSERTED|refclk_a                                                                  ;
;   1.236 ;   1.166 ; RR ; CELL ; 1      ; HSSIREFCLKDIVIDER_4CT ;            ; QSFPA_REFCLK_p~inputFITTER_INSERTED~hssi_tile/ch4_pld_pma_fpll_fbclkout_lc_lvpecl_to_coreclk                  ;
;   1.236 ;   0.000 ; RR ; IC   ; 2      ; CLKCTRL_4C_G_I18      ;            ; QSFPA_REFCLK_p~inputFITTER_INSERTEDCLKENA0|inclk                                                              ;
;   1.707 ;   0.471 ; RR ; CELL ; 1017   ; CLKCTRL_4C_G_I18      ;            ; QSFPA_REFCLK_p~inputFITTER_INSERTEDCLKENA0|outclk                                                             ;
;   5.245 ;   3.538 ; RR ; IC   ; 1      ; FF_X152_Y40_N14       ; High Speed ; u_xwr_core|WRPC|PPS_GEN|WRAPPED_PPSGEN|cntr_utc[8]|clk                                                        ;
;   5.245 ;   0.000 ; RR ; CELL ; 1      ; FF_X152_Y40_N14       ; High Speed ; xwr_core:u_xwr_core|wr_core:WRPC|xwr_pps_gen:PPS_GEN|wr_pps_gen:WRAPPED_PPSGEN|cntr_utc[8]                    ;
; 8.304   ; 3.059   ;    ;      ;        ;                       ;            ; data path                                                                                                     ;
;   5.502 ;   0.257 ; RR ; uTco ; 1      ; FF_X152_Y40_N14       ;            ; u_xwr_core|WRPC|PPS_GEN|WRAPPED_PPSGEN|cntr_utc[8]|q                                                          ;
;   5.615 ;   0.113 ; RR ; CELL ; 6      ; FF_X152_Y40_N14       ; High Speed ; xwr_core:u_xwr_core|wr_core:WRPC|xwr_pps_gen:PPS_GEN|wr_pps_gen:WRAPPED_PPSGEN|cntr_utc[8]~la_mlab/laboutt[9] ;
;   6.155 ;   0.540 ; RR ; IC   ; 1      ; MLABCELL_X148_Y39_N45 ; Mixed      ; p_step6b_scheduler~12|dataa                                                                                   ;
;   6.413 ;   0.258 ; RR ; CELL ; 1      ; MLABCELL_X148_Y39_N45 ; Low Power  ; p_step6b_scheduler~12|combout                                                                                 ;
;   6.419 ;   0.006 ; RR ; CELL ; 1      ; MLABCELL_X148_Y39_N45 ; Low Power  ; p_step6b_scheduler~12~la_mlab/laboutb[11]                                                                     ;
;   6.586 ;   0.167 ; RR ; IC   ; 1      ; MLABCELL_X148_Y39_N30 ; Low Power  ; p_step6b_scheduler~16|datab                                                                                   ;
;   6.835 ;   0.249 ; RR ; CELL ; 1      ; MLABCELL_X148_Y39_N30 ; Low Power  ; p_step6b_scheduler~16|combout                                                                                 ;
;   6.841 ;   0.006 ; RR ; CELL ; 1      ; MLABCELL_X148_Y39_N30 ; Low Power  ; p_step6b_scheduler~16~la_mlab/laboutb[1]                                                                      ;
;   7.025 ;   0.184 ; RR ; IC   ; 1      ; LABCELL_X147_Y39_N0   ; Low Power  ; p_step6b_scheduler~24|dataa                                                                                   ;
;   7.291 ;   0.266 ; RR ; CELL ; 1      ; LABCELL_X147_Y39_N0   ; Low Power  ; p_step6b_scheduler~24|combout                                                                                 ;
;   7.296 ;   0.005 ; RR ; CELL ; 4      ; LABCELL_X147_Y39_N0   ; Low Power  ; p_step6b_scheduler~24~la_lab/laboutt[1]                                                                       ;
;   7.733 ;   0.437 ; RR ; IC   ; 1      ; MLABCELL_X146_Y43_N12 ; Low Power  ; p_step6b_scheduler~25|datac                                                                                   ;
;   7.892 ;   0.159 ; RR ; CELL ; 1      ; MLABCELL_X146_Y43_N12 ; Low Power  ; p_step6b_scheduler~25|combout                                                                                 ;
;   7.898 ;   0.006 ; RR ; CELL ; 2      ; MLABCELL_X146_Y43_N12 ; Low Power  ; p_step6b_scheduler~25~la_mlab/laboutt[9]                                                                      ;
;   8.077 ;   0.179 ; RR ; IC   ; 1      ; MLABCELL_X146_Y43_N39 ; Low Power  ; step6b_armed~0|datab                                                                                          ;
;   8.304 ;   0.227 ; RF ; CELL ; 1      ; MLABCELL_X146_Y43_N39 ; Low Power  ; step6b_armed~0|combout                                                                                        ;
;   8.304 ;   0.000 ; FF ; CELL ; 1      ; FF_X146_Y43_N40       ; Low Power  ; step6b_armed|d                                                                                                ;
;   8.304 ;   0.000 ; FF ; CELL ; 1      ; FF_X146_Y43_N40       ; Low Power  ; step6b_armed                                                                                                  ;
+---------+---------+----+------+--------+-----------------------+------------+---------------------------------------------------------------------------------------------------------------+

+----------------------------------------------------------------------------------------------------------------------------------------------------------------------------+
; Data Required Path                                                                                                                                                         ;
+----------+---------+----+------+--------+-----------------------+-----------+----------------------------------------------------------------------------------------------+
; Total    ; Incr    ; RF ; Type ; Fanout ; Location              ; HS/LP     ; Element                                                                                      ;
+----------+---------+----+------+--------+-----------------------+-----------+----------------------------------------------------------------------------------------------+
; 8.000    ; 8.000   ;    ;      ;        ;                       ;           ; latch edge time                                                                              ;
; 13.202   ; 5.202   ;    ;      ;        ;                       ;           ; clock path                                                                                   ;
;   8.000  ;   0.000 ;    ;      ;        ;                       ;           ; source latency                                                                               ;
;   8.000  ;   0.000 ;    ;      ; 1      ; PIN_AH5               ;           ; QSFPA_REFCLK_p                                                                               ;
;   8.000  ;   0.000 ; RR ; IC   ; 1      ; IOIBUF_X224_Y13_N108  ;           ; QSFPA_REFCLK_p~input|i                                                                       ;
;   8.070  ;   0.070 ; RR ; CELL ; 1      ; IOIBUF_X224_Y13_N108  ;           ; QSFPA_REFCLK_p~input|o                                                                       ;
;   8.070  ;   0.000 ; RR ; IC   ; 1      ; HSSIREFCLKDIVIDER_4CT ;           ; QSFPA_REFCLK_p~inputFITTER_INSERTED|refclk_inp                                               ;
;   8.070  ;   0.000 ; RR ; CELL ; 3      ; HSSIREFCLKDIVIDER_4CT ;           ; QSFPA_REFCLK_p~inputFITTER_INSERTED|refclk_a                                                 ;
;   9.044  ;   0.974 ; RR ; CELL ; 1      ; HSSIREFCLKDIVIDER_4CT ;           ; QSFPA_REFCLK_p~inputFITTER_INSERTED~hssi_tile/ch4_pld_pma_fpll_fbclkout_lc_lvpecl_to_coreclk ;
;   9.044  ;   0.000 ; RR ; IC   ; 2      ; CLKCTRL_4C_G_I18      ;           ; QSFPA_REFCLK_p~inputFITTER_INSERTEDCLKENA0|inclk                                             ;
;   9.442  ;   0.398 ; RR ; CELL ; 1017   ; CLKCTRL_4C_G_I18      ;           ; QSFPA_REFCLK_p~inputFITTER_INSERTEDCLKENA0|outclk                                            ;
;   12.731 ;   3.289 ; RR ; IC   ; 1      ; FF_X146_Y43_N40       ; Low Power ; step6b_armed|clk                                                                             ;
;   12.731 ;   0.000 ; RR ; CELL ; 1      ; FF_X146_Y43_N40       ; Low Power ; step6b_armed                                                                                 ;
;   13.202 ;   0.471 ;    ;      ;        ;                       ;           ; clock pessimism removed                                                                      ;
; 13.162   ; -0.040  ;    ;      ;        ;                       ;           ; clock uncertainty                                                                            ;
; 13.373   ; 0.211   ;    ; uTsu ; 1      ; FF_X146_Y43_N40       ;           ; step6b_armed                                                                                 ;
+----------+---------+----+------+--------+-----------------------+-----------+----------------------------------------------------------------------------------------------+

----------------------------
; Extra Fitter Information ;
----------------------------
HTML report is unavailable in plain text report export.


Path #13: Setup slack is 5.072 
===============================================================================
+------------------------------------------------------------------------------------------------------------------+
; Path Summary                                                                                                     ;
+--------------------+---------------------------------------------------------------------------------------------+
; Property           ; Value                                                                                       ;
+--------------------+---------------------------------------------------------------------------------------------+
; From Node          ; xwr_core:u_xwr_core|wr_core:WRPC|xwr_pps_gen:PPS_GEN|wr_pps_gen:WRAPPED_PPSGEN|cntr_utc[16] ;
; To Node            ; step6b_armed                                                                                ;
; Launch Clock       ; qsfp_ref_125m                                                                               ;
; Latch Clock        ; qsfp_ref_125m                                                                               ;
; Data Arrival Time  ; 8.301                                                                                       ;
; Data Required Time ; 13.373                                                                                      ;
; Slack              ; 5.072                                                                                       ;
+--------------------+---------------------------------------------------------------------------------------------+

+------------------------------------------------------------------------------------+
; Statistics                                                                         ;
+------------------------+--------+-------+-------------+------------+-------+-------+
; Property               ; Value  ; Count ; Total Delay ; % of Total ; Min   ; Max   ;
+------------------------+--------+-------+-------------+------------+-------+-------+
; Setup Relationship     ; 8.000  ;       ;             ;            ;       ;       ;
; Clock Skew             ; -0.080 ;       ;             ;            ;       ;       ;
; Data Delay             ; 3.019  ;       ;             ;            ;       ;       ;
; Number of Logic Levels ;        ; 4     ;             ;            ;       ;       ;
; Physical Delays        ;        ;       ;             ;            ;       ;       ;
;  Arrival Path          ;        ;       ;             ;            ;       ;       ;
;   Clock                ;        ;       ;             ;            ;       ;       ;
;    IC                  ;        ; 4     ; 3.575       ; 68         ; 0.000 ; 3.575 ;
;    Cell                ;        ; 5     ; 1.707       ; 32         ; 0.000 ; 1.166 ;
;   Data                 ;        ;       ;             ;            ;       ;       ;
;    IC                  ;        ; 4     ; 1.912       ; 63         ; 0.179 ; 0.884 ;
;    Cell                ;        ; 10    ; 0.822       ; 27         ; 0.000 ; 0.227 ;
;    uTco                ;        ; 1     ; 0.285       ; 9          ; 0.285 ; 0.285 ;
;  Required Path         ;        ;       ;             ;            ;       ;       ;
;   Clock                ;        ;       ;             ;            ;       ;       ;
;    IC                  ;        ; 4     ; 3.289       ; 70         ; 0.000 ; 3.289 ;
;    Cell                ;        ; 5     ; 1.442       ; 30         ; 0.000 ; 0.974 ;
+------------------------+--------+-------+-------------+------------+-------+-------+
Note: Negative delays are omitted from totals when calculating percentages

+-----------------------------------------------------------------------------------------------------------------------------------------------------------------------------------------------+
; Data Arrival Path                                                                                                                                                                             ;
+---------+---------+----+------+--------+-----------------------+------------+-----------------------------------------------------------------------------------------------------------------+
; Total   ; Incr    ; RF ; Type ; Fanout ; Location              ; HS/LP      ; Element                                                                                                         ;
+---------+---------+----+------+--------+-----------------------+------------+-----------------------------------------------------------------------------------------------------------------+
; 0.000   ; 0.000   ;    ;      ;        ;                       ;            ; launch edge time                                                                                                ;
; 5.282   ; 5.282   ;    ;      ;        ;                       ;            ; clock path                                                                                                      ;
;   0.000 ;   0.000 ;    ;      ;        ;                       ;            ; source latency                                                                                                  ;
;   0.000 ;   0.000 ;    ;      ; 1      ; PIN_AH5               ;            ; QSFPA_REFCLK_p                                                                                                  ;
;   0.000 ;   0.000 ; RR ; IC   ; 1      ; IOIBUF_X224_Y13_N108  ;            ; QSFPA_REFCLK_p~input|i                                                                                          ;
;   0.070 ;   0.070 ; RR ; CELL ; 1      ; IOIBUF_X224_Y13_N108  ;            ; QSFPA_REFCLK_p~input|o                                                                                          ;
;   0.070 ;   0.000 ; RR ; IC   ; 1      ; HSSIREFCLKDIVIDER_4CT ;            ; QSFPA_REFCLK_p~inputFITTER_INSERTED|refclk_inp                                                                  ;
;   0.070 ;   0.000 ; RR ; CELL ; 3      ; HSSIREFCLKDIVIDER_4CT ;            ; QSFPA_REFCLK_p~inputFITTER_INSERTED|refclk_a                                                                    ;
;   1.236 ;   1.166 ; RR ; CELL ; 1      ; HSSIREFCLKDIVIDER_4CT ;            ; QSFPA_REFCLK_p~inputFITTER_INSERTED~hssi_tile/ch4_pld_pma_fpll_fbclkout_lc_lvpecl_to_coreclk                    ;
;   1.236 ;   0.000 ; RR ; IC   ; 2      ; CLKCTRL_4C_G_I18      ;            ; QSFPA_REFCLK_p~inputFITTER_INSERTEDCLKENA0|inclk                                                                ;
;   1.707 ;   0.471 ; RR ; CELL ; 1017   ; CLKCTRL_4C_G_I18      ;            ; QSFPA_REFCLK_p~inputFITTER_INSERTEDCLKENA0|outclk                                                               ;
;   5.282 ;   3.575 ; RR ; IC   ; 1      ; FF_X154_Y39_N52       ; Low Power  ; u_xwr_core|WRPC|PPS_GEN|WRAPPED_PPSGEN|cntr_utc[16]|clk                                                         ;
;   5.282 ;   0.000 ; RR ; CELL ; 1      ; FF_X154_Y39_N52       ; Low Power  ; xwr_core:u_xwr_core|wr_core:WRPC|xwr_pps_gen:PPS_GEN|wr_pps_gen:WRAPPED_PPSGEN|cntr_utc[16]                     ;
; 8.301   ; 3.019   ;    ;      ;        ;                       ;            ; data path                                                                                                       ;
;   5.567 ;   0.285 ; RR ; uTco ; 1      ; FF_X154_Y39_N52       ;            ; u_xwr_core|WRPC|PPS_GEN|WRAPPED_PPSGEN|cntr_utc[16]|q                                                           ;
;   5.692 ;   0.125 ; RR ; CELL ; 6      ; FF_X154_Y39_N52       ; Low Power  ; xwr_core:u_xwr_core|wr_core:WRPC|xwr_pps_gen:PPS_GEN|wr_pps_gen:WRAPPED_PPSGEN|cntr_utc[16]~la_mlab/laboutb[14] ;
;   6.576 ;   0.884 ; RR ; IC   ; 1      ; LABCELL_X149_Y40_N27  ; Mixed      ; p_step6b_scheduler~10|datad                                                                                     ;
;   6.715 ;   0.139 ; RR ; CELL ; 1      ; LABCELL_X149_Y40_N27  ; High Speed ; p_step6b_scheduler~10|combout                                                                                   ;
;   6.719 ;   0.004 ; RR ; CELL ; 1      ; LABCELL_X149_Y40_N27  ; High Speed ; p_step6b_scheduler~10~la_lab/laboutt[18]                                                                        ;
;   7.131 ;   0.412 ; RR ; IC   ; 1      ; LABCELL_X147_Y39_N0   ; Mixed      ; p_step6b_scheduler~24|datac                                                                                     ;
;   7.288 ;   0.157 ; RR ; CELL ; 1      ; LABCELL_X147_Y39_N0   ; Low Power  ; p_step6b_scheduler~24|combout                                                                                   ;
;   7.293 ;   0.005 ; RR ; CELL ; 4      ; LABCELL_X147_Y39_N0   ; Low Power  ; p_step6b_scheduler~24~la_lab/laboutt[1]                                                                         ;
;   7.730 ;   0.437 ; RR ; IC   ; 1      ; MLABCELL_X146_Y43_N12 ; Low Power  ; p_step6b_scheduler~25|datac                                                                                     ;
;   7.889 ;   0.159 ; RR ; CELL ; 1      ; MLABCELL_X146_Y43_N12 ; Low Power  ; p_step6b_scheduler~25|combout                                                                                   ;
;   7.895 ;   0.006 ; RR ; CELL ; 2      ; MLABCELL_X146_Y43_N12 ; Low Power  ; p_step6b_scheduler~25~la_mlab/laboutt[9]                                                                        ;
;   8.074 ;   0.179 ; RR ; IC   ; 1      ; MLABCELL_X146_Y43_N39 ; Low Power  ; step6b_armed~0|datab                                                                                            ;
;   8.301 ;   0.227 ; RF ; CELL ; 1      ; MLABCELL_X146_Y43_N39 ; Low Power  ; step6b_armed~0|combout                                                                                          ;
;   8.301 ;   0.000 ; FF ; CELL ; 1      ; FF_X146_Y43_N40       ; Low Power  ; step6b_armed|d                                                                                                  ;
;   8.301 ;   0.000 ; FF ; CELL ; 1      ; FF_X146_Y43_N40       ; Low Power  ; step6b_armed                                                                                                    ;
+---------+---------+----+------+--------+-----------------------+------------+-----------------------------------------------------------------------------------------------------------------+

+----------------------------------------------------------------------------------------------------------------------------------------------------------------------------+
; Data Required Path                                                                                                                                                         ;
+----------+---------+----+------+--------+-----------------------+-----------+----------------------------------------------------------------------------------------------+
; Total    ; Incr    ; RF ; Type ; Fanout ; Location              ; HS/LP     ; Element                                                                                      ;
+----------+---------+----+------+--------+-----------------------+-----------+----------------------------------------------------------------------------------------------+
; 8.000    ; 8.000   ;    ;      ;        ;                       ;           ; latch edge time                                                                              ;
; 13.202   ; 5.202   ;    ;      ;        ;                       ;           ; clock path                                                                                   ;
;   8.000  ;   0.000 ;    ;      ;        ;                       ;           ; source latency                                                                               ;
;   8.000  ;   0.000 ;    ;      ; 1      ; PIN_AH5               ;           ; QSFPA_REFCLK_p                                                                               ;
;   8.000  ;   0.000 ; RR ; IC   ; 1      ; IOIBUF_X224_Y13_N108  ;           ; QSFPA_REFCLK_p~input|i                                                                       ;
;   8.070  ;   0.070 ; RR ; CELL ; 1      ; IOIBUF_X224_Y13_N108  ;           ; QSFPA_REFCLK_p~input|o                                                                       ;
;   8.070  ;   0.000 ; RR ; IC   ; 1      ; HSSIREFCLKDIVIDER_4CT ;           ; QSFPA_REFCLK_p~inputFITTER_INSERTED|refclk_inp                                               ;
;   8.070  ;   0.000 ; RR ; CELL ; 3      ; HSSIREFCLKDIVIDER_4CT ;           ; QSFPA_REFCLK_p~inputFITTER_INSERTED|refclk_a                                                 ;
;   9.044  ;   0.974 ; RR ; CELL ; 1      ; HSSIREFCLKDIVIDER_4CT ;           ; QSFPA_REFCLK_p~inputFITTER_INSERTED~hssi_tile/ch4_pld_pma_fpll_fbclkout_lc_lvpecl_to_coreclk ;
;   9.044  ;   0.000 ; RR ; IC   ; 2      ; CLKCTRL_4C_G_I18      ;           ; QSFPA_REFCLK_p~inputFITTER_INSERTEDCLKENA0|inclk                                             ;
;   9.442  ;   0.398 ; RR ; CELL ; 1017   ; CLKCTRL_4C_G_I18      ;           ; QSFPA_REFCLK_p~inputFITTER_INSERTEDCLKENA0|outclk                                            ;
;   12.731 ;   3.289 ; RR ; IC   ; 1      ; FF_X146_Y43_N40       ; Low Power ; step6b_armed|clk                                                                             ;
;   12.731 ;   0.000 ; RR ; CELL ; 1      ; FF_X146_Y43_N40       ; Low Power ; step6b_armed                                                                                 ;
;   13.202 ;   0.471 ;    ;      ;        ;                       ;           ; clock pessimism removed                                                                      ;
; 13.162   ; -0.040  ;    ;      ;        ;                       ;           ; clock uncertainty                                                                            ;
; 13.373   ; 0.211   ;    ; uTsu ; 1      ; FF_X146_Y43_N40       ;           ; step6b_armed                                                                                 ;
+----------+---------+----+------+--------+-----------------------+-----------+----------------------------------------------------------------------------------------------+

----------------------------
; Extra Fitter Information ;
----------------------------
HTML report is unavailable in plain text report export.


Path #14: Setup slack is 5.079 
===============================================================================
+-------------------------------------------------------------------------------------------------------------------+
; Path Summary                                                                                                      ;
+--------------------+----------------------------------------------------------------------------------------------+
; Property           ; Value                                                                                        ;
+--------------------+----------------------------------------------------------------------------------------------+
; From Node          ; xwr_core:u_xwr_core|wr_core:WRPC|xwr_pps_gen:PPS_GEN|wr_pps_gen:WRAPPED_PPSGEN|cntr_nsec[10] ;
; To Node            ; step6b_armed                                                                                 ;
; Launch Clock       ; qsfp_ref_125m                                                                                ;
; Latch Clock        ; qsfp_ref_125m                                                                                ;
; Data Arrival Time  ; 8.294                                                                                        ;
; Data Required Time ; 13.373                                                                                       ;
; Slack              ; 5.079                                                                                        ;
+--------------------+----------------------------------------------------------------------------------------------+

+------------------------------------------------------------------------------------+
; Statistics                                                                         ;
+------------------------+--------+-------+-------------+------------+-------+-------+
; Property               ; Value  ; Count ; Total Delay ; % of Total ; Min   ; Max   ;
+------------------------+--------+-------+-------------+------------+-------+-------+
; Setup Relationship     ; 8.000  ;       ;             ;            ;       ;       ;
; Clock Skew             ; -0.043 ;       ;             ;            ;       ;       ;
; Data Delay             ; 3.049  ;       ;             ;            ;       ;       ;
; Number of Logic Levels ;        ; 5     ;             ;            ;       ;       ;
; Physical Delays        ;        ;       ;             ;            ;       ;       ;
;  Arrival Path          ;        ;       ;             ;            ;       ;       ;
;   Clock                ;        ;       ;             ;            ;       ;       ;
;    IC                  ;        ; 4     ; 3.538       ; 67         ; 0.000 ; 3.538 ;
;    Cell                ;        ; 5     ; 1.707       ; 33         ; 0.000 ; 1.166 ;
;   Data                 ;        ;       ;             ;            ;       ;       ;
;    IC                  ;        ; 5     ; 1.703       ; 56         ; 0.179 ; 0.595 ;
;    Cell                ;        ; 12    ; 1.089       ; 36         ; 0.000 ; 0.265 ;
;    uTco                ;        ; 1     ; 0.257       ; 8          ; 0.257 ; 0.257 ;
;  Required Path         ;        ;       ;             ;            ;       ;       ;
;   Clock                ;        ;       ;             ;            ;       ;       ;
;    IC                  ;        ; 4     ; 3.289       ; 70         ; 0.000 ; 3.289 ;
;    Cell                ;        ; 5     ; 1.442       ; 30         ; 0.000 ; 0.974 ;
+------------------------+--------+-------+-------------+------------+-------+-------+
Note: Negative delays are omitted from totals when calculating percentages

+-----------------------------------------------------------------------------------------------------------------------------------------------------------------------------------------------+
; Data Arrival Path                                                                                                                                                                             ;
+---------+---------+----+------+--------+-----------------------+------------+-----------------------------------------------------------------------------------------------------------------+
; Total   ; Incr    ; RF ; Type ; Fanout ; Location              ; HS/LP      ; Element                                                                                                         ;
+---------+---------+----+------+--------+-----------------------+------------+-----------------------------------------------------------------------------------------------------------------+
; 0.000   ; 0.000   ;    ;      ;        ;                       ;            ; launch edge time                                                                                                ;
; 5.245   ; 5.245   ;    ;      ;        ;                       ;            ; clock path                                                                                                      ;
;   0.000 ;   0.000 ;    ;      ;        ;                       ;            ; source latency                                                                                                  ;
;   0.000 ;   0.000 ;    ;      ; 1      ; PIN_AH5               ;            ; QSFPA_REFCLK_p                                                                                                  ;
;   0.000 ;   0.000 ; RR ; IC   ; 1      ; IOIBUF_X224_Y13_N108  ;            ; QSFPA_REFCLK_p~input|i                                                                                          ;
;   0.070 ;   0.070 ; RR ; CELL ; 1      ; IOIBUF_X224_Y13_N108  ;            ; QSFPA_REFCLK_p~input|o                                                                                          ;
;   0.070 ;   0.000 ; RR ; IC   ; 1      ; HSSIREFCLKDIVIDER_4CT ;            ; QSFPA_REFCLK_p~inputFITTER_INSERTED|refclk_inp                                                                  ;
;   0.070 ;   0.000 ; RR ; CELL ; 3      ; HSSIREFCLKDIVIDER_4CT ;            ; QSFPA_REFCLK_p~inputFITTER_INSERTED|refclk_a                                                                    ;
;   1.236 ;   1.166 ; RR ; CELL ; 1      ; HSSIREFCLKDIVIDER_4CT ;            ; QSFPA_REFCLK_p~inputFITTER_INSERTED~hssi_tile/ch4_pld_pma_fpll_fbclkout_lc_lvpecl_to_coreclk                    ;
;   1.236 ;   0.000 ; RR ; IC   ; 2      ; CLKCTRL_4C_G_I18      ;            ; QSFPA_REFCLK_p~inputFITTER_INSERTEDCLKENA0|inclk                                                                ;
;   1.707 ;   0.471 ; RR ; CELL ; 1017   ; CLKCTRL_4C_G_I18      ;            ; QSFPA_REFCLK_p~inputFITTER_INSERTEDCLKENA0|outclk                                                               ;
;   5.245 ;   3.538 ; RR ; IC   ; 1      ; FF_X154_Y38_N2        ; High Speed ; u_xwr_core|WRPC|PPS_GEN|WRAPPED_PPSGEN|cntr_nsec[10]|clk                                                        ;
;   5.245 ;   0.000 ; RR ; CELL ; 1      ; FF_X154_Y38_N2        ; High Speed ; xwr_core:u_xwr_core|wr_core:WRPC|xwr_pps_gen:PPS_GEN|wr_pps_gen:WRAPPED_PPSGEN|cntr_nsec[10]                    ;
; 8.294   ; 3.049   ;    ;      ;        ;                       ;            ; data path                                                                                                       ;
;   5.502 ;   0.257 ; RR ; uTco ; 1      ; FF_X154_Y38_N2        ;            ; u_xwr_core|WRPC|PPS_GEN|WRAPPED_PPSGEN|cntr_nsec[10]|q                                                          ;
;   5.615 ;   0.113 ; RR ; CELL ; 7      ; FF_X154_Y38_N2        ; High Speed ; xwr_core:u_xwr_core|wr_core:WRPC|xwr_pps_gen:PPS_GEN|wr_pps_gen:WRAPPED_PPSGEN|cntr_nsec[10]~la_mlab/laboutt[1] ;
;   5.894 ;   0.279 ; RR ; IC   ; 1      ; LABCELL_X151_Y38_N48  ; Mixed      ; p_step6b_scheduler~21|datab                                                                                     ;
;   6.159 ;   0.265 ; RR ; CELL ; 1      ; LABCELL_X151_Y38_N48  ; Low Power  ; p_step6b_scheduler~21|combout                                                                                   ;
;   6.164 ;   0.005 ; RR ; CELL ; 1      ; LABCELL_X151_Y38_N48  ; Low Power  ; p_step6b_scheduler~21~la_lab/laboutb[13]                                                                        ;
;   6.759 ;   0.595 ; RR ; IC   ; 1      ; LABCELL_X147_Y39_N48  ; Mixed      ; p_step6b_scheduler~23|datac                                                                                     ;
;   6.914 ;   0.155 ; RR ; CELL ; 1      ; LABCELL_X147_Y39_N48  ; Low Power  ; p_step6b_scheduler~23|combout                                                                                   ;
;   6.918 ;   0.004 ; RR ; CELL ; 1      ; LABCELL_X147_Y39_N48  ; Low Power  ; p_step6b_scheduler~23~la_lab/laboutb[12]                                                                        ;
;   7.131 ;   0.213 ; RR ; IC   ; 1      ; LABCELL_X147_Y39_N0   ; Low Power  ; p_step6b_scheduler~24|datad                                                                                     ;
;   7.281 ;   0.150 ; RR ; CELL ; 1      ; LABCELL_X147_Y39_N0   ; Low Power  ; p_step6b_scheduler~24|combout                                                                                   ;
;   7.286 ;   0.005 ; RR ; CELL ; 4      ; LABCELL_X147_Y39_N0   ; Low Power  ; p_step6b_scheduler~24~la_lab/laboutt[1]                                                                         ;
;   7.723 ;   0.437 ; RR ; IC   ; 1      ; MLABCELL_X146_Y43_N12 ; Low Power  ; p_step6b_scheduler~25|datac                                                                                     ;
;   7.882 ;   0.159 ; RR ; CELL ; 1      ; MLABCELL_X146_Y43_N12 ; Low Power  ; p_step6b_scheduler~25|combout                                                                                   ;
;   7.888 ;   0.006 ; RR ; CELL ; 2      ; MLABCELL_X146_Y43_N12 ; Low Power  ; p_step6b_scheduler~25~la_mlab/laboutt[9]                                                                        ;
;   8.067 ;   0.179 ; RR ; IC   ; 1      ; MLABCELL_X146_Y43_N39 ; Low Power  ; step6b_armed~0|datab                                                                                            ;
;   8.294 ;   0.227 ; RF ; CELL ; 1      ; MLABCELL_X146_Y43_N39 ; Low Power  ; step6b_armed~0|combout                                                                                          ;
;   8.294 ;   0.000 ; FF ; CELL ; 1      ; FF_X146_Y43_N40       ; Low Power  ; step6b_armed|d                                                                                                  ;
;   8.294 ;   0.000 ; FF ; CELL ; 1      ; FF_X146_Y43_N40       ; Low Power  ; step6b_armed                                                                                                    ;
+---------+---------+----+------+--------+-----------------------+------------+-----------------------------------------------------------------------------------------------------------------+

+----------------------------------------------------------------------------------------------------------------------------------------------------------------------------+
; Data Required Path                                                                                                                                                         ;
+----------+---------+----+------+--------+-----------------------+-----------+----------------------------------------------------------------------------------------------+
; Total    ; Incr    ; RF ; Type ; Fanout ; Location              ; HS/LP     ; Element                                                                                      ;
+----------+---------+----+------+--------+-----------------------+-----------+----------------------------------------------------------------------------------------------+
; 8.000    ; 8.000   ;    ;      ;        ;                       ;           ; latch edge time                                                                              ;
; 13.202   ; 5.202   ;    ;      ;        ;                       ;           ; clock path                                                                                   ;
;   8.000  ;   0.000 ;    ;      ;        ;                       ;           ; source latency                                                                               ;
;   8.000  ;   0.000 ;    ;      ; 1      ; PIN_AH5               ;           ; QSFPA_REFCLK_p                                                                               ;
;   8.000  ;   0.000 ; RR ; IC   ; 1      ; IOIBUF_X224_Y13_N108  ;           ; QSFPA_REFCLK_p~input|i                                                                       ;
;   8.070  ;   0.070 ; RR ; CELL ; 1      ; IOIBUF_X224_Y13_N108  ;           ; QSFPA_REFCLK_p~input|o                                                                       ;
;   8.070  ;   0.000 ; RR ; IC   ; 1      ; HSSIREFCLKDIVIDER_4CT ;           ; QSFPA_REFCLK_p~inputFITTER_INSERTED|refclk_inp                                               ;
;   8.070  ;   0.000 ; RR ; CELL ; 3      ; HSSIREFCLKDIVIDER_4CT ;           ; QSFPA_REFCLK_p~inputFITTER_INSERTED|refclk_a                                                 ;
;   9.044  ;   0.974 ; RR ; CELL ; 1      ; HSSIREFCLKDIVIDER_4CT ;           ; QSFPA_REFCLK_p~inputFITTER_INSERTED~hssi_tile/ch4_pld_pma_fpll_fbclkout_lc_lvpecl_to_coreclk ;
;   9.044  ;   0.000 ; RR ; IC   ; 2      ; CLKCTRL_4C_G_I18      ;           ; QSFPA_REFCLK_p~inputFITTER_INSERTEDCLKENA0|inclk                                             ;
;   9.442  ;   0.398 ; RR ; CELL ; 1017   ; CLKCTRL_4C_G_I18      ;           ; QSFPA_REFCLK_p~inputFITTER_INSERTEDCLKENA0|outclk                                            ;
;   12.731 ;   3.289 ; RR ; IC   ; 1      ; FF_X146_Y43_N40       ; Low Power ; step6b_armed|clk                                                                             ;
;   12.731 ;   0.000 ; RR ; CELL ; 1      ; FF_X146_Y43_N40       ; Low Power ; step6b_armed                                                                                 ;
;   13.202 ;   0.471 ;    ;      ;        ;                       ;           ; clock pessimism removed                                                                      ;
; 13.162   ; -0.040  ;    ;      ;        ;                       ;           ; clock uncertainty                                                                            ;
; 13.373   ; 0.211   ;    ; uTsu ; 1      ; FF_X146_Y43_N40       ;           ; step6b_armed                                                                                 ;
+----------+---------+----+------+--------+-----------------------+-----------+----------------------------------------------------------------------------------------------+

----------------------------
; Extra Fitter Information ;
----------------------------
HTML report is unavailable in plain text report export.


Path #15: Setup slack is 5.086 
===============================================================================
+-----------------------------------------------------------------------------------------------------------------+
; Path Summary                                                                                                    ;
+--------------------+--------------------------------------------------------------------------------------------+
; Property           ; Value                                                                                      ;
+--------------------+--------------------------------------------------------------------------------------------+
; From Node          ; xwr_core:u_xwr_core|wr_core:WRPC|xwr_pps_gen:PPS_GEN|wr_pps_gen:WRAPPED_PPSGEN|cntr_utc[6] ;
; To Node            ; step6b_armed                                                                               ;
; Launch Clock       ; qsfp_ref_125m                                                                              ;
; Latch Clock        ; qsfp_ref_125m                                                                              ;
; Data Arrival Time  ; 8.287                                                                                      ;
; Data Required Time ; 13.373                                                                                     ;
; Slack              ; 5.086                                                                                      ;
+--------------------+--------------------------------------------------------------------------------------------+

+------------------------------------------------------------------------------------+
; Statistics                                                                         ;
+------------------------+--------+-------+-------------+------------+-------+-------+
; Property               ; Value  ; Count ; Total Delay ; % of Total ; Min   ; Max   ;
+------------------------+--------+-------+-------------+------------+-------+-------+
; Setup Relationship     ; 8.000  ;       ;             ;            ;       ;       ;
; Clock Skew             ; -0.043 ;       ;             ;            ;       ;       ;
; Data Delay             ; 3.042  ;       ;             ;            ;       ;       ;
; Number of Logic Levels ;        ; 5     ;             ;            ;       ;       ;
; Physical Delays        ;        ;       ;             ;            ;       ;       ;
;  Arrival Path          ;        ;       ;             ;            ;       ;       ;
;   Clock                ;        ;       ;             ;            ;       ;       ;
;    IC                  ;        ; 4     ; 3.538       ; 67         ; 0.000 ; 3.538 ;
;    Cell                ;        ; 5     ; 1.707       ; 33         ; 0.000 ; 1.166 ;
;   Data                 ;        ;       ;             ;            ;       ;       ;
;    IC                  ;        ; 5     ; 1.688       ; 55         ; 0.179 ; 0.581 ;
;    Cell                ;        ; 12    ; 1.097       ; 36         ; 0.000 ; 0.266 ;
;    uTco                ;        ; 1     ; 0.257       ; 8          ; 0.257 ; 0.257 ;
;  Required Path         ;        ;       ;             ;            ;       ;       ;
;   Clock                ;        ;       ;             ;            ;       ;       ;
;    IC                  ;        ; 4     ; 3.289       ; 70         ; 0.000 ; 3.289 ;
;    Cell                ;        ; 5     ; 1.442       ; 30         ; 0.000 ; 0.974 ;
+------------------------+--------+-------+-------------+------------+-------+-------+
Note: Negative delays are omitted from totals when calculating percentages

+----------------------------------------------------------------------------------------------------------------------------------------------------------------------------------------------+
; Data Arrival Path                                                                                                                                                                            ;
+---------+---------+----+------+--------+-----------------------+------------+----------------------------------------------------------------------------------------------------------------+
; Total   ; Incr    ; RF ; Type ; Fanout ; Location              ; HS/LP      ; Element                                                                                                        ;
+---------+---------+----+------+--------+-----------------------+------------+----------------------------------------------------------------------------------------------------------------+
; 0.000   ; 0.000   ;    ;      ;        ;                       ;            ; launch edge time                                                                                               ;
; 5.245   ; 5.245   ;    ;      ;        ;                       ;            ; clock path                                                                                                     ;
;   0.000 ;   0.000 ;    ;      ;        ;                       ;            ; source latency                                                                                                 ;
;   0.000 ;   0.000 ;    ;      ; 1      ; PIN_AH5               ;            ; QSFPA_REFCLK_p                                                                                                 ;
;   0.000 ;   0.000 ; RR ; IC   ; 1      ; IOIBUF_X224_Y13_N108  ;            ; QSFPA_REFCLK_p~input|i                                                                                         ;
;   0.070 ;   0.070 ; RR ; CELL ; 1      ; IOIBUF_X224_Y13_N108  ;            ; QSFPA_REFCLK_p~input|o                                                                                         ;
;   0.070 ;   0.000 ; RR ; IC   ; 1      ; HSSIREFCLKDIVIDER_4CT ;            ; QSFPA_REFCLK_p~inputFITTER_INSERTED|refclk_inp                                                                 ;
;   0.070 ;   0.000 ; RR ; CELL ; 3      ; HSSIREFCLKDIVIDER_4CT ;            ; QSFPA_REFCLK_p~inputFITTER_INSERTED|refclk_a                                                                   ;
;   1.236 ;   1.166 ; RR ; CELL ; 1      ; HSSIREFCLKDIVIDER_4CT ;            ; QSFPA_REFCLK_p~inputFITTER_INSERTED~hssi_tile/ch4_pld_pma_fpll_fbclkout_lc_lvpecl_to_coreclk                   ;
;   1.236 ;   0.000 ; RR ; IC   ; 2      ; CLKCTRL_4C_G_I18      ;            ; QSFPA_REFCLK_p~inputFITTER_INSERTEDCLKENA0|inclk                                                               ;
;   1.707 ;   0.471 ; RR ; CELL ; 1017   ; CLKCTRL_4C_G_I18      ;            ; QSFPA_REFCLK_p~inputFITTER_INSERTEDCLKENA0|outclk                                                              ;
;   5.245 ;   3.538 ; RR ; IC   ; 1      ; FF_X152_Y40_N52       ; High Speed ; u_xwr_core|WRPC|PPS_GEN|WRAPPED_PPSGEN|cntr_utc[6]|clk                                                         ;
;   5.245 ;   0.000 ; RR ; CELL ; 1      ; FF_X152_Y40_N52       ; High Speed ; xwr_core:u_xwr_core|wr_core:WRPC|xwr_pps_gen:PPS_GEN|wr_pps_gen:WRAPPED_PPSGEN|cntr_utc[6]                     ;
; 8.287   ; 3.042   ;    ;      ;        ;                       ;            ; data path                                                                                                      ;
;   5.502 ;   0.257 ; RR ; uTco ; 1      ; FF_X152_Y40_N52       ;            ; u_xwr_core|WRPC|PPS_GEN|WRAPPED_PPSGEN|cntr_utc[6]|q                                                           ;
;   5.612 ;   0.110 ; RR ; CELL ; 6      ; FF_X152_Y40_N52       ; High Speed ; xwr_core:u_xwr_core|wr_core:WRPC|xwr_pps_gen:PPS_GEN|wr_pps_gen:WRAPPED_PPSGEN|cntr_utc[6]~la_mlab/laboutb[14] ;
;   6.193 ;   0.581 ; RR ; IC   ; 1      ; MLABCELL_X148_Y39_N39 ; Mixed      ; p_step6b_scheduler~13|datac                                                                                    ;
;   6.367 ;   0.174 ; RR ; CELL ; 1      ; MLABCELL_X148_Y39_N39 ; Low Power  ; p_step6b_scheduler~13|combout                                                                                  ;
;   6.373 ;   0.006 ; RR ; CELL ; 1      ; MLABCELL_X148_Y39_N39 ; Low Power  ; p_step6b_scheduler~13~la_mlab/laboutb[7]                                                                       ;
;   6.680 ;   0.307 ; RR ; IC   ; 1      ; MLABCELL_X148_Y39_N30 ; Low Power  ; p_step6b_scheduler~16|datae                                                                                    ;
;   6.818 ;   0.138 ; RR ; CELL ; 1      ; MLABCELL_X148_Y39_N30 ; Low Power  ; p_step6b_scheduler~16|combout                                                                                  ;
;   6.824 ;   0.006 ; RR ; CELL ; 1      ; MLABCELL_X148_Y39_N30 ; Low Power  ; p_step6b_scheduler~16~la_mlab/laboutb[1]                                                                       ;
;   7.008 ;   0.184 ; RR ; IC   ; 1      ; LABCELL_X147_Y39_N0   ; Low Power  ; p_step6b_scheduler~24|dataa                                                                                    ;
;   7.274 ;   0.266 ; RR ; CELL ; 1      ; LABCELL_X147_Y39_N0   ; Low Power  ; p_step6b_scheduler~24|combout                                                                                  ;
;   7.279 ;   0.005 ; RR ; CELL ; 4      ; LABCELL_X147_Y39_N0   ; Low Power  ; p_step6b_scheduler~24~la_lab/laboutt[1]                                                                        ;
;   7.716 ;   0.437 ; RR ; IC   ; 1      ; MLABCELL_X146_Y43_N12 ; Low Power  ; p_step6b_scheduler~25|datac                                                                                    ;
;   7.875 ;   0.159 ; RR ; CELL ; 1      ; MLABCELL_X146_Y43_N12 ; Low Power  ; p_step6b_scheduler~25|combout                                                                                  ;
;   7.881 ;   0.006 ; RR ; CELL ; 2      ; MLABCELL_X146_Y43_N12 ; Low Power  ; p_step6b_scheduler~25~la_mlab/laboutt[9]                                                                       ;
;   8.060 ;   0.179 ; RR ; IC   ; 1      ; MLABCELL_X146_Y43_N39 ; Low Power  ; step6b_armed~0|datab                                                                                           ;
;   8.287 ;   0.227 ; RF ; CELL ; 1      ; MLABCELL_X146_Y43_N39 ; Low Power  ; step6b_armed~0|combout                                                                                         ;
;   8.287 ;   0.000 ; FF ; CELL ; 1      ; FF_X146_Y43_N40       ; Low Power  ; step6b_armed|d                                                                                                 ;
;   8.287 ;   0.000 ; FF ; CELL ; 1      ; FF_X146_Y43_N40       ; Low Power  ; step6b_armed                                                                                                   ;
+---------+---------+----+------+--------+-----------------------+------------+----------------------------------------------------------------------------------------------------------------+

+----------------------------------------------------------------------------------------------------------------------------------------------------------------------------+
; Data Required Path                                                                                                                                                         ;
+----------+---------+----+------+--------+-----------------------+-----------+----------------------------------------------------------------------------------------------+
; Total    ; Incr    ; RF ; Type ; Fanout ; Location              ; HS/LP     ; Element                                                                                      ;
+----------+---------+----+------+--------+-----------------------+-----------+----------------------------------------------------------------------------------------------+
; 8.000    ; 8.000   ;    ;      ;        ;                       ;           ; latch edge time                                                                              ;
; 13.202   ; 5.202   ;    ;      ;        ;                       ;           ; clock path                                                                                   ;
;   8.000  ;   0.000 ;    ;      ;        ;                       ;           ; source latency                                                                               ;
;   8.000  ;   0.000 ;    ;      ; 1      ; PIN_AH5               ;           ; QSFPA_REFCLK_p                                                                               ;
;   8.000  ;   0.000 ; RR ; IC   ; 1      ; IOIBUF_X224_Y13_N108  ;           ; QSFPA_REFCLK_p~input|i                                                                       ;
;   8.070  ;   0.070 ; RR ; CELL ; 1      ; IOIBUF_X224_Y13_N108  ;           ; QSFPA_REFCLK_p~input|o                                                                       ;
;   8.070  ;   0.000 ; RR ; IC   ; 1      ; HSSIREFCLKDIVIDER_4CT ;           ; QSFPA_REFCLK_p~inputFITTER_INSERTED|refclk_inp                                               ;
;   8.070  ;   0.000 ; RR ; CELL ; 3      ; HSSIREFCLKDIVIDER_4CT ;           ; QSFPA_REFCLK_p~inputFITTER_INSERTED|refclk_a                                                 ;
;   9.044  ;   0.974 ; RR ; CELL ; 1      ; HSSIREFCLKDIVIDER_4CT ;           ; QSFPA_REFCLK_p~inputFITTER_INSERTED~hssi_tile/ch4_pld_pma_fpll_fbclkout_lc_lvpecl_to_coreclk ;
;   9.044  ;   0.000 ; RR ; IC   ; 2      ; CLKCTRL_4C_G_I18      ;           ; QSFPA_REFCLK_p~inputFITTER_INSERTEDCLKENA0|inclk                                             ;
;   9.442  ;   0.398 ; RR ; CELL ; 1017   ; CLKCTRL_4C_G_I18      ;           ; QSFPA_REFCLK_p~inputFITTER_INSERTEDCLKENA0|outclk                                            ;
;   12.731 ;   3.289 ; RR ; IC   ; 1      ; FF_X146_Y43_N40       ; Low Power ; step6b_armed|clk                                                                             ;
;   12.731 ;   0.000 ; RR ; CELL ; 1      ; FF_X146_Y43_N40       ; Low Power ; step6b_armed                                                                                 ;
;   13.202 ;   0.471 ;    ;      ;        ;                       ;           ; clock pessimism removed                                                                      ;
; 13.162   ; -0.040  ;    ;      ;        ;                       ;           ; clock uncertainty                                                                            ;
; 13.373   ; 0.211   ;    ; uTsu ; 1      ; FF_X146_Y43_N40       ;           ; step6b_armed                                                                                 ;
+----------+---------+----+------+--------+-----------------------+-----------+----------------------------------------------------------------------------------------------+

----------------------------
; Extra Fitter Information ;
----------------------------
HTML report is unavailable in plain text report export.


Path #16: Setup slack is 5.087 
===============================================================================
+---------------------------------------------------+
; Path Summary                                      ;
+--------------------+------------------------------+
; Property           ; Value                        ;
+--------------------+------------------------------+
; From Node          ; step6b_target_tai_latched[7] ;
; To Node            ; step6b_armed                 ;
; Launch Clock       ; qsfp_ref_125m                ;
; Latch Clock        ; qsfp_ref_125m                ;
; Data Arrival Time  ; 8.286                        ;
; Data Required Time ; 13.373                       ;
; Slack              ; 5.087                        ;
+--------------------+------------------------------+

+------------------------------------------------------------------------------------+
; Statistics                                                                         ;
+------------------------+--------+-------+-------------+------------+-------+-------+
; Property               ; Value  ; Count ; Total Delay ; % of Total ; Min   ; Max   ;
+------------------------+--------+-------+-------------+------------+-------+-------+
; Setup Relationship     ; 8.000  ;       ;             ;            ;       ;       ;
; Clock Skew             ; -0.050 ;       ;             ;            ;       ;       ;
; Data Delay             ; 3.034  ;       ;             ;            ;       ;       ;
; Number of Logic Levels ;        ; 5     ;             ;            ;       ;       ;
; Physical Delays        ;        ;       ;             ;            ;       ;       ;
;  Arrival Path          ;        ;       ;             ;            ;       ;       ;
;   Clock                ;        ;       ;             ;            ;       ;       ;
;    IC                  ;        ; 4     ; 3.545       ; 67         ; 0.000 ; 3.545 ;
;    Cell                ;        ; 5     ; 1.707       ; 33         ; 0.000 ; 1.166 ;
;   Data                 ;        ;       ;             ;            ;       ;       ;
;    IC                  ;        ; 5     ; 1.545       ; 51         ; 0.179 ; 0.438 ;
;    Cell                ;        ; 12    ; 1.254       ; 41         ; 0.000 ; 0.266 ;
;    uTco                ;        ; 1     ; 0.235       ; 8          ; 0.235 ; 0.235 ;
;  Required Path         ;        ;       ;             ;            ;       ;       ;
;   Clock                ;        ;       ;             ;            ;       ;       ;
;    IC                  ;        ; 4     ; 3.289       ; 70         ; 0.000 ; 3.289 ;
;    Cell                ;        ; 5     ; 1.442       ; 30         ; 0.000 ; 0.974 ;
+------------------------+--------+-------+-------------+------------+-------+-------+
Note: Negative delays are omitted from totals when calculating percentages

+---------------------------------------------------------------------------------------------------------------------------------------------------------------------------+
; Data Arrival Path                                                                                                                                                         ;
+---------+---------+----+------+--------+-----------------------+-----------+----------------------------------------------------------------------------------------------+
; Total   ; Incr    ; RF ; Type ; Fanout ; Location              ; HS/LP     ; Element                                                                                      ;
+---------+---------+----+------+--------+-----------------------+-----------+----------------------------------------------------------------------------------------------+
; 0.000   ; 0.000   ;    ;      ;        ;                       ;           ; launch edge time                                                                             ;
; 5.252   ; 5.252   ;    ;      ;        ;                       ;           ; clock path                                                                                   ;
;   0.000 ;   0.000 ;    ;      ;        ;                       ;           ; source latency                                                                               ;
;   0.000 ;   0.000 ;    ;      ; 1      ; PIN_AH5               ;           ; QSFPA_REFCLK_p                                                                               ;
;   0.000 ;   0.000 ; RR ; IC   ; 1      ; IOIBUF_X224_Y13_N108  ;           ; QSFPA_REFCLK_p~input|i                                                                       ;
;   0.070 ;   0.070 ; RR ; CELL ; 1      ; IOIBUF_X224_Y13_N108  ;           ; QSFPA_REFCLK_p~input|o                                                                       ;
;   0.070 ;   0.000 ; RR ; IC   ; 1      ; HSSIREFCLKDIVIDER_4CT ;           ; QSFPA_REFCLK_p~inputFITTER_INSERTED|refclk_inp                                               ;
;   0.070 ;   0.000 ; RR ; CELL ; 3      ; HSSIREFCLKDIVIDER_4CT ;           ; QSFPA_REFCLK_p~inputFITTER_INSERTED|refclk_a                                                 ;
;   1.236 ;   1.166 ; RR ; CELL ; 1      ; HSSIREFCLKDIVIDER_4CT ;           ; QSFPA_REFCLK_p~inputFITTER_INSERTED~hssi_tile/ch4_pld_pma_fpll_fbclkout_lc_lvpecl_to_coreclk ;
;   1.236 ;   0.000 ; RR ; IC   ; 2      ; CLKCTRL_4C_G_I18      ;           ; QSFPA_REFCLK_p~inputFITTER_INSERTEDCLKENA0|inclk                                             ;
;   1.707 ;   0.471 ; RR ; CELL ; 1017   ; CLKCTRL_4C_G_I18      ;           ; QSFPA_REFCLK_p~inputFITTER_INSERTEDCLKENA0|outclk                                            ;
;   5.252 ;   3.545 ; RR ; IC   ; 1      ; FF_X146_Y43_N59       ; Low Power ; step6b_target_tai_latched[7]|clk                                                             ;
;   5.252 ;   0.000 ; RR ; CELL ; 1      ; FF_X146_Y43_N59       ; Low Power ; step6b_target_tai_latched[7]                                                                 ;
; 8.286   ; 3.034   ;    ;      ;        ;                       ;           ; data path                                                                                    ;
;   5.487 ;   0.235 ; RR ; uTco ; 1      ; FF_X146_Y43_N59       ;           ; step6b_target_tai_latched[7]|q                                                               ;
;   5.670 ;   0.183 ; RR ; CELL ; 2      ; FF_X146_Y43_N59       ; Low Power ; step6b_target_tai_latched[7]~la_mlab/laboutb[19]                                             ;
;   6.108 ;   0.438 ; RR ; IC   ; 1      ; MLABCELL_X148_Y39_N39 ; Low Power ; p_step6b_scheduler~13|dataa                                                                  ;
;   6.366 ;   0.258 ; RR ; CELL ; 1      ; MLABCELL_X148_Y39_N39 ; Low Power ; p_step6b_scheduler~13|combout                                                                ;
;   6.372 ;   0.006 ; RR ; CELL ; 1      ; MLABCELL_X148_Y39_N39 ; Low Power ; p_step6b_scheduler~13~la_mlab/laboutb[7]                                                     ;
;   6.679 ;   0.307 ; RR ; IC   ; 1      ; MLABCELL_X148_Y39_N30 ; Low Power ; p_step6b_scheduler~16|datae                                                                  ;
;   6.817 ;   0.138 ; RR ; CELL ; 1      ; MLABCELL_X148_Y39_N30 ; Low Power ; p_step6b_scheduler~16|combout                                                                ;
;   6.823 ;   0.006 ; RR ; CELL ; 1      ; MLABCELL_X148_Y39_N30 ; Low Power ; p_step6b_scheduler~16~la_mlab/laboutb[1]                                                     ;
;   7.007 ;   0.184 ; RR ; IC   ; 1      ; LABCELL_X147_Y39_N0   ; Low Power ; p_step6b_scheduler~24|dataa                                                                  ;
;   7.273 ;   0.266 ; RR ; CELL ; 1      ; LABCELL_X147_Y39_N0   ; Low Power ; p_step6b_scheduler~24|combout                                                                ;
;   7.278 ;   0.005 ; RR ; CELL ; 4      ; LABCELL_X147_Y39_N0   ; Low Power ; p_step6b_scheduler~24~la_lab/laboutt[1]                                                      ;
;   7.715 ;   0.437 ; RR ; IC   ; 1      ; MLABCELL_X146_Y43_N12 ; Low Power ; p_step6b_scheduler~25|datac                                                                  ;
;   7.874 ;   0.159 ; RR ; CELL ; 1      ; MLABCELL_X146_Y43_N12 ; Low Power ; p_step6b_scheduler~25|combout                                                                ;
;   7.880 ;   0.006 ; RR ; CELL ; 2      ; MLABCELL_X146_Y43_N12 ; Low Power ; p_step6b_scheduler~25~la_mlab/laboutt[9]                                                     ;
;   8.059 ;   0.179 ; RR ; IC   ; 1      ; MLABCELL_X146_Y43_N39 ; Low Power ; step6b_armed~0|datab                                                                         ;
;   8.286 ;   0.227 ; RF ; CELL ; 1      ; MLABCELL_X146_Y43_N39 ; Low Power ; step6b_armed~0|combout                                                                       ;
;   8.286 ;   0.000 ; FF ; CELL ; 1      ; FF_X146_Y43_N40       ; Low Power ; step6b_armed|d                                                                               ;
;   8.286 ;   0.000 ; FF ; CELL ; 1      ; FF_X146_Y43_N40       ; Low Power ; step6b_armed                                                                                 ;
+---------+---------+----+------+--------+-----------------------+-----------+----------------------------------------------------------------------------------------------+

+----------------------------------------------------------------------------------------------------------------------------------------------------------------------------+
; Data Required Path                                                                                                                                                         ;
+----------+---------+----+------+--------+-----------------------+-----------+----------------------------------------------------------------------------------------------+
; Total    ; Incr    ; RF ; Type ; Fanout ; Location              ; HS/LP     ; Element                                                                                      ;
+----------+---------+----+------+--------+-----------------------+-----------+----------------------------------------------------------------------------------------------+
; 8.000    ; 8.000   ;    ;      ;        ;                       ;           ; latch edge time                                                                              ;
; 13.202   ; 5.202   ;    ;      ;        ;                       ;           ; clock path                                                                                   ;
;   8.000  ;   0.000 ;    ;      ;        ;                       ;           ; source latency                                                                               ;
;   8.000  ;   0.000 ;    ;      ; 1      ; PIN_AH5               ;           ; QSFPA_REFCLK_p                                                                               ;
;   8.000  ;   0.000 ; RR ; IC   ; 1      ; IOIBUF_X224_Y13_N108  ;           ; QSFPA_REFCLK_p~input|i                                                                       ;
;   8.070  ;   0.070 ; RR ; CELL ; 1      ; IOIBUF_X224_Y13_N108  ;           ; QSFPA_REFCLK_p~input|o                                                                       ;
;   8.070  ;   0.000 ; RR ; IC   ; 1      ; HSSIREFCLKDIVIDER_4CT ;           ; QSFPA_REFCLK_p~inputFITTER_INSERTED|refclk_inp                                               ;
;   8.070  ;   0.000 ; RR ; CELL ; 3      ; HSSIREFCLKDIVIDER_4CT ;           ; QSFPA_REFCLK_p~inputFITTER_INSERTED|refclk_a                                                 ;
;   9.044  ;   0.974 ; RR ; CELL ; 1      ; HSSIREFCLKDIVIDER_4CT ;           ; QSFPA_REFCLK_p~inputFITTER_INSERTED~hssi_tile/ch4_pld_pma_fpll_fbclkout_lc_lvpecl_to_coreclk ;
;   9.044  ;   0.000 ; RR ; IC   ; 2      ; CLKCTRL_4C_G_I18      ;           ; QSFPA_REFCLK_p~inputFITTER_INSERTEDCLKENA0|inclk                                             ;
;   9.442  ;   0.398 ; RR ; CELL ; 1017   ; CLKCTRL_4C_G_I18      ;           ; QSFPA_REFCLK_p~inputFITTER_INSERTEDCLKENA0|outclk                                            ;
;   12.731 ;   3.289 ; RR ; IC   ; 1      ; FF_X146_Y43_N40       ; Low Power ; step6b_armed|clk                                                                             ;
;   12.731 ;   0.000 ; RR ; CELL ; 1      ; FF_X146_Y43_N40       ; Low Power ; step6b_armed                                                                                 ;
;   13.202 ;   0.471 ;    ;      ;        ;                       ;           ; clock pessimism removed                                                                      ;
; 13.162   ; -0.040  ;    ;      ;        ;                       ;           ; clock uncertainty                                                                            ;
; 13.373   ; 0.211   ;    ; uTsu ; 1      ; FF_X146_Y43_N40       ;           ; step6b_armed                                                                                 ;
+----------+---------+----+------+--------+-----------------------+-----------+----------------------------------------------------------------------------------------------+

----------------------------
; Extra Fitter Information ;
----------------------------
HTML report is unavailable in plain text report export.


Path #17: Setup slack is 5.120 
===============================================================================
+------------------------------------------------------------------------------------------------------------------+
; Path Summary                                                                                                     ;
+--------------------+---------------------------------------------------------------------------------------------+
; Property           ; Value                                                                                       ;
+--------------------+---------------------------------------------------------------------------------------------+
; From Node          ; xwr_core:u_xwr_core|wr_core:WRPC|xwr_pps_gen:PPS_GEN|wr_pps_gen:WRAPPED_PPSGEN|cntr_utc[25] ;
; To Node            ; step6b_armed                                                                                ;
; Launch Clock       ; qsfp_ref_125m                                                                               ;
; Latch Clock        ; qsfp_ref_125m                                                                               ;
; Data Arrival Time  ; 8.253                                                                                       ;
; Data Required Time ; 13.373                                                                                      ;
; Slack              ; 5.120                                                                                       ;
+--------------------+---------------------------------------------------------------------------------------------+

+------------------------------------------------------------------------------------+
; Statistics                                                                         ;
+------------------------+--------+-------+-------------+------------+-------+-------+
; Property               ; Value  ; Count ; Total Delay ; % of Total ; Min   ; Max   ;
+------------------------+--------+-------+-------------+------------+-------+-------+
; Setup Relationship     ; 8.000  ;       ;             ;            ;       ;       ;
; Clock Skew             ; -0.043 ;       ;             ;            ;       ;       ;
; Data Delay             ; 3.008  ;       ;             ;            ;       ;       ;
; Number of Logic Levels ;        ; 5     ;             ;            ;       ;       ;
; Physical Delays        ;        ;       ;             ;            ;       ;       ;
;  Arrival Path          ;        ;       ;             ;            ;       ;       ;
;   Clock                ;        ;       ;             ;            ;       ;       ;
;    IC                  ;        ; 4     ; 3.538       ; 67         ; 0.000 ; 3.538 ;
;    Cell                ;        ; 5     ; 1.707       ; 33         ; 0.000 ; 1.166 ;
;   Data                 ;        ;       ;             ;            ;       ;       ;
;    IC                  ;        ; 5     ; 1.750       ; 58         ; 0.179 ; 0.631 ;
;    Cell                ;        ; 12    ; 0.993       ; 33         ; 0.000 ; 0.235 ;
;    uTco                ;        ; 1     ; 0.265       ; 9          ; 0.265 ; 0.265 ;
;  Required Path         ;        ;       ;             ;            ;       ;       ;
;   Clock                ;        ;       ;             ;            ;       ;       ;
;    IC                  ;        ; 4     ; 3.289       ; 70         ; 0.000 ; 3.289 ;
;    Cell                ;        ; 5     ; 1.442       ; 30         ; 0.000 ; 0.974 ;
+------------------------+--------+-------+-------------+------------+-------+-------+
Note: Negative delays are omitted from totals when calculating percentages

+-----------------------------------------------------------------------------------------------------------------------------------------------------------------------------------------------+
; Data Arrival Path                                                                                                                                                                             ;
+---------+---------+----+------+--------+-----------------------+------------+-----------------------------------------------------------------------------------------------------------------+
; Total   ; Incr    ; RF ; Type ; Fanout ; Location              ; HS/LP      ; Element                                                                                                         ;
+---------+---------+----+------+--------+-----------------------+------------+-----------------------------------------------------------------------------------------------------------------+
; 0.000   ; 0.000   ;    ;      ;        ;                       ;            ; launch edge time                                                                                                ;
; 5.245   ; 5.245   ;    ;      ;        ;                       ;            ; clock path                                                                                                      ;
;   0.000 ;   0.000 ;    ;      ;        ;                       ;            ; source latency                                                                                                  ;
;   0.000 ;   0.000 ;    ;      ; 1      ; PIN_AH5               ;            ; QSFPA_REFCLK_p                                                                                                  ;
;   0.000 ;   0.000 ; RR ; IC   ; 1      ; IOIBUF_X224_Y13_N108  ;            ; QSFPA_REFCLK_p~input|i                                                                                          ;
;   0.070 ;   0.070 ; RR ; CELL ; 1      ; IOIBUF_X224_Y13_N108  ;            ; QSFPA_REFCLK_p~input|o                                                                                          ;
;   0.070 ;   0.000 ; RR ; IC   ; 1      ; HSSIREFCLKDIVIDER_4CT ;            ; QSFPA_REFCLK_p~inputFITTER_INSERTED|refclk_inp                                                                  ;
;   0.070 ;   0.000 ; RR ; CELL ; 3      ; HSSIREFCLKDIVIDER_4CT ;            ; QSFPA_REFCLK_p~inputFITTER_INSERTED|refclk_a                                                                    ;
;   1.236 ;   1.166 ; RR ; CELL ; 1      ; HSSIREFCLKDIVIDER_4CT ;            ; QSFPA_REFCLK_p~inputFITTER_INSERTED~hssi_tile/ch4_pld_pma_fpll_fbclkout_lc_lvpecl_to_coreclk                    ;
;   1.236 ;   0.000 ; RR ; IC   ; 2      ; CLKCTRL_4C_G_I18      ;            ; QSFPA_REFCLK_p~inputFITTER_INSERTEDCLKENA0|inclk                                                                ;
;   1.707 ;   0.471 ; RR ; CELL ; 1017   ; CLKCTRL_4C_G_I18      ;            ; QSFPA_REFCLK_p~inputFITTER_INSERTEDCLKENA0|outclk                                                               ;
;   5.245 ;   3.538 ; RR ; IC   ; 1      ; FF_X152_Y40_N17       ; High Speed ; u_xwr_core|WRPC|PPS_GEN|WRAPPED_PPSGEN|cntr_utc[25]|clk                                                         ;
;   5.245 ;   0.000 ; RR ; CELL ; 1      ; FF_X152_Y40_N17       ; High Speed ; xwr_core:u_xwr_core|wr_core:WRPC|xwr_pps_gen:PPS_GEN|wr_pps_gen:WRAPPED_PPSGEN|cntr_utc[25]                     ;
; 8.253   ; 3.008   ;    ;      ;        ;                       ;            ; data path                                                                                                       ;
;   5.510 ;   0.265 ; RR ; uTco ; 1      ; FF_X152_Y40_N17       ;            ; u_xwr_core|WRPC|PPS_GEN|WRAPPED_PPSGEN|cntr_utc[25]|q                                                           ;
;   5.668 ;   0.158 ; RR ; CELL ; 6      ; FF_X152_Y40_N17       ; High Speed ; xwr_core:u_xwr_core|wr_core:WRPC|xwr_pps_gen:PPS_GEN|wr_pps_gen:WRAPPED_PPSGEN|cntr_utc[25]~la_mlab/laboutt[11] ;
;   6.299 ;   0.631 ; RR ; IC   ; 1      ; LABCELL_X145_Y39_N33  ; Mixed      ; p_step6b_scheduler~19|dataa                                                                                     ;
;   6.534 ;   0.235 ; RR ; CELL ; 1      ; LABCELL_X145_Y39_N33  ; High Speed ; p_step6b_scheduler~19|combout                                                                                   ;
;   6.538 ;   0.004 ; RR ; CELL ; 1      ; LABCELL_X145_Y39_N33  ; High Speed ; p_step6b_scheduler~19~la_lab/laboutb[2]                                                                         ;
;   6.828 ;   0.290 ; RR ; IC   ; 1      ; LABCELL_X147_Y39_N48  ; Mixed      ; p_step6b_scheduler~23|dataf                                                                                     ;
;   6.873 ;   0.045 ; RR ; CELL ; 1      ; LABCELL_X147_Y39_N48  ; Low Power  ; p_step6b_scheduler~23|combout                                                                                   ;
;   6.877 ;   0.004 ; RR ; CELL ; 1      ; LABCELL_X147_Y39_N48  ; Low Power  ; p_step6b_scheduler~23~la_lab/laboutb[12]                                                                        ;
;   7.090 ;   0.213 ; RR ; IC   ; 1      ; LABCELL_X147_Y39_N0   ; Low Power  ; p_step6b_scheduler~24|datad                                                                                     ;
;   7.240 ;   0.150 ; RR ; CELL ; 1      ; LABCELL_X147_Y39_N0   ; Low Power  ; p_step6b_scheduler~24|combout                                                                                   ;
;   7.245 ;   0.005 ; RR ; CELL ; 4      ; LABCELL_X147_Y39_N0   ; Low Power  ; p_step6b_scheduler~24~la_lab/laboutt[1]                                                                         ;
;   7.682 ;   0.437 ; RR ; IC   ; 1      ; MLABCELL_X146_Y43_N12 ; Low Power  ; p_step6b_scheduler~25|datac                                                                                     ;
;   7.841 ;   0.159 ; RR ; CELL ; 1      ; MLABCELL_X146_Y43_N12 ; Low Power  ; p_step6b_scheduler~25|combout                                                                                   ;
;   7.847 ;   0.006 ; RR ; CELL ; 2      ; MLABCELL_X146_Y43_N12 ; Low Power  ; p_step6b_scheduler~25~la_mlab/laboutt[9]                                                                        ;
;   8.026 ;   0.179 ; RR ; IC   ; 1      ; MLABCELL_X146_Y43_N39 ; Low Power  ; step6b_armed~0|datab                                                                                            ;
;   8.253 ;   0.227 ; RF ; CELL ; 1      ; MLABCELL_X146_Y43_N39 ; Low Power  ; step6b_armed~0|combout                                                                                          ;
;   8.253 ;   0.000 ; FF ; CELL ; 1      ; FF_X146_Y43_N40       ; Low Power  ; step6b_armed|d                                                                                                  ;
;   8.253 ;   0.000 ; FF ; CELL ; 1      ; FF_X146_Y43_N40       ; Low Power  ; step6b_armed                                                                                                    ;
+---------+---------+----+------+--------+-----------------------+------------+-----------------------------------------------------------------------------------------------------------------+

+----------------------------------------------------------------------------------------------------------------------------------------------------------------------------+
; Data Required Path                                                                                                                                                         ;
+----------+---------+----+------+--------+-----------------------+-----------+----------------------------------------------------------------------------------------------+
; Total    ; Incr    ; RF ; Type ; Fanout ; Location              ; HS/LP     ; Element                                                                                      ;
+----------+---------+----+------+--------+-----------------------+-----------+----------------------------------------------------------------------------------------------+
; 8.000    ; 8.000   ;    ;      ;        ;                       ;           ; latch edge time                                                                              ;
; 13.202   ; 5.202   ;    ;      ;        ;                       ;           ; clock path                                                                                   ;
;   8.000  ;   0.000 ;    ;      ;        ;                       ;           ; source latency                                                                               ;
;   8.000  ;   0.000 ;    ;      ; 1      ; PIN_AH5               ;           ; QSFPA_REFCLK_p                                                                               ;
;   8.000  ;   0.000 ; RR ; IC   ; 1      ; IOIBUF_X224_Y13_N108  ;           ; QSFPA_REFCLK_p~input|i                                                                       ;
;   8.070  ;   0.070 ; RR ; CELL ; 1      ; IOIBUF_X224_Y13_N108  ;           ; QSFPA_REFCLK_p~input|o                                                                       ;
;   8.070  ;   0.000 ; RR ; IC   ; 1      ; HSSIREFCLKDIVIDER_4CT ;           ; QSFPA_REFCLK_p~inputFITTER_INSERTED|refclk_inp                                               ;
;   8.070  ;   0.000 ; RR ; CELL ; 3      ; HSSIREFCLKDIVIDER_4CT ;           ; QSFPA_REFCLK_p~inputFITTER_INSERTED|refclk_a                                                 ;
;   9.044  ;   0.974 ; RR ; CELL ; 1      ; HSSIREFCLKDIVIDER_4CT ;           ; QSFPA_REFCLK_p~inputFITTER_INSERTED~hssi_tile/ch4_pld_pma_fpll_fbclkout_lc_lvpecl_to_coreclk ;
;   9.044  ;   0.000 ; RR ; IC   ; 2      ; CLKCTRL_4C_G_I18      ;           ; QSFPA_REFCLK_p~inputFITTER_INSERTEDCLKENA0|inclk                                             ;
;   9.442  ;   0.398 ; RR ; CELL ; 1017   ; CLKCTRL_4C_G_I18      ;           ; QSFPA_REFCLK_p~inputFITTER_INSERTEDCLKENA0|outclk                                            ;
;   12.731 ;   3.289 ; RR ; IC   ; 1      ; FF_X146_Y43_N40       ; Low Power ; step6b_armed|clk                                                                             ;
;   12.731 ;   0.000 ; RR ; CELL ; 1      ; FF_X146_Y43_N40       ; Low Power ; step6b_armed                                                                                 ;
;   13.202 ;   0.471 ;    ;      ;        ;                       ;           ; clock pessimism removed                                                                      ;
; 13.162   ; -0.040  ;    ;      ;        ;                       ;           ; clock uncertainty                                                                            ;
; 13.373   ; 0.211   ;    ; uTsu ; 1      ; FF_X146_Y43_N40       ;           ; step6b_armed                                                                                 ;
+----------+---------+----+------+--------+-----------------------+-----------+----------------------------------------------------------------------------------------------+

----------------------------
; Extra Fitter Information ;
----------------------------
HTML report is unavailable in plain text report export.


Path #18: Setup slack is 5.129 
===============================================================================
+-------------------------------------------------------------------------------------------------------------------+
; Path Summary                                                                                                      ;
+--------------------+----------------------------------------------------------------------------------------------+
; Property           ; Value                                                                                        ;
+--------------------+----------------------------------------------------------------------------------------------+
; From Node          ; xwr_core:u_xwr_core|wr_core:WRPC|xwr_pps_gen:PPS_GEN|wr_pps_gen:WRAPPED_PPSGEN|cntr_nsec[12] ;
; To Node            ; step6b_armed                                                                                 ;
; Launch Clock       ; qsfp_ref_125m                                                                                ;
; Latch Clock        ; qsfp_ref_125m                                                                                ;
; Data Arrival Time  ; 8.244                                                                                        ;
; Data Required Time ; 13.373                                                                                       ;
; Slack              ; 5.129                                                                                        ;
+--------------------+----------------------------------------------------------------------------------------------+

+------------------------------------------------------------------------------------+
; Statistics                                                                         ;
+------------------------+--------+-------+-------------+------------+-------+-------+
; Property               ; Value  ; Count ; Total Delay ; % of Total ; Min   ; Max   ;
+------------------------+--------+-------+-------------+------------+-------+-------+
; Setup Relationship     ; 8.000  ;       ;             ;            ;       ;       ;
; Clock Skew             ; -0.043 ;       ;             ;            ;       ;       ;
; Data Delay             ; 2.999  ;       ;             ;            ;       ;       ;
; Number of Logic Levels ;        ; 5     ;             ;            ;       ;       ;
; Physical Delays        ;        ;       ;             ;            ;       ;       ;
;  Arrival Path          ;        ;       ;             ;            ;       ;       ;
;   Clock                ;        ;       ;             ;            ;       ;       ;
;    IC                  ;        ; 4     ; 3.538       ; 67         ; 0.000 ; 3.538 ;
;    Cell                ;        ; 5     ; 1.707       ; 33         ; 0.000 ; 1.166 ;
;   Data                 ;        ;       ;             ;            ;       ;       ;
;    IC                  ;        ; 5     ; 1.755       ; 59         ; 0.179 ; 0.595 ;
;    Cell                ;        ; 12    ; 0.978       ; 33         ; 0.000 ; 0.227 ;
;    uTco                ;        ; 1     ; 0.266       ; 9          ; 0.266 ; 0.266 ;
;  Required Path         ;        ;       ;             ;            ;       ;       ;
;   Clock                ;        ;       ;             ;            ;       ;       ;
;    IC                  ;        ; 4     ; 3.289       ; 70         ; 0.000 ; 3.289 ;
;    Cell                ;        ; 5     ; 1.442       ; 30         ; 0.000 ; 0.974 ;
+------------------------+--------+-------+-------------+------------+-------+-------+
Note: Negative delays are omitted from totals when calculating percentages

+------------------------------------------------------------------------------------------------------------------------------------------------------------------------------------------------+
; Data Arrival Path                                                                                                                                                                              ;
+---------+---------+----+------+--------+-----------------------+------------+------------------------------------------------------------------------------------------------------------------+
; Total   ; Incr    ; RF ; Type ; Fanout ; Location              ; HS/LP      ; Element                                                                                                          ;
+---------+---------+----+------+--------+-----------------------+------------+------------------------------------------------------------------------------------------------------------------+
; 0.000   ; 0.000   ;    ;      ;        ;                       ;            ; launch edge time                                                                                                 ;
; 5.245   ; 5.245   ;    ;      ;        ;                       ;            ; clock path                                                                                                       ;
;   0.000 ;   0.000 ;    ;      ;        ;                       ;            ; source latency                                                                                                   ;
;   0.000 ;   0.000 ;    ;      ; 1      ; PIN_AH5               ;            ; QSFPA_REFCLK_p                                                                                                   ;
;   0.000 ;   0.000 ; RR ; IC   ; 1      ; IOIBUF_X224_Y13_N108  ;            ; QSFPA_REFCLK_p~input|i                                                                                           ;
;   0.070 ;   0.070 ; RR ; CELL ; 1      ; IOIBUF_X224_Y13_N108  ;            ; QSFPA_REFCLK_p~input|o                                                                                           ;
;   0.070 ;   0.000 ; RR ; IC   ; 1      ; HSSIREFCLKDIVIDER_4CT ;            ; QSFPA_REFCLK_p~inputFITTER_INSERTED|refclk_inp                                                                   ;
;   0.070 ;   0.000 ; RR ; CELL ; 3      ; HSSIREFCLKDIVIDER_4CT ;            ; QSFPA_REFCLK_p~inputFITTER_INSERTED|refclk_a                                                                     ;
;   1.236 ;   1.166 ; RR ; CELL ; 1      ; HSSIREFCLKDIVIDER_4CT ;            ; QSFPA_REFCLK_p~inputFITTER_INSERTED~hssi_tile/ch4_pld_pma_fpll_fbclkout_lc_lvpecl_to_coreclk                     ;
;   1.236 ;   0.000 ; RR ; IC   ; 2      ; CLKCTRL_4C_G_I18      ;            ; QSFPA_REFCLK_p~inputFITTER_INSERTEDCLKENA0|inclk                                                                 ;
;   1.707 ;   0.471 ; RR ; CELL ; 1017   ; CLKCTRL_4C_G_I18      ;            ; QSFPA_REFCLK_p~inputFITTER_INSERTEDCLKENA0|outclk                                                                ;
;   5.245 ;   3.538 ; RR ; IC   ; 1      ; FF_X154_Y38_N49       ; High Speed ; u_xwr_core|WRPC|PPS_GEN|WRAPPED_PPSGEN|cntr_nsec[12]|clk                                                         ;
;   5.245 ;   0.000 ; RR ; CELL ; 1      ; FF_X154_Y38_N49       ; High Speed ; xwr_core:u_xwr_core|wr_core:WRPC|xwr_pps_gen:PPS_GEN|wr_pps_gen:WRAPPED_PPSGEN|cntr_nsec[12]                     ;
; 8.244   ; 2.999   ;    ;      ;        ;                       ;            ; data path                                                                                                        ;
;   5.511 ;   0.266 ; FF ; uTco ; 1      ; FF_X154_Y38_N49       ;            ; u_xwr_core|WRPC|PPS_GEN|WRAPPED_PPSGEN|cntr_nsec[12]|q                                                           ;
;   5.626 ;   0.115 ; FF ; CELL ; 7      ; FF_X154_Y38_N49       ; High Speed ; xwr_core:u_xwr_core|wr_core:WRPC|xwr_pps_gen:PPS_GEN|wr_pps_gen:WRAPPED_PPSGEN|cntr_nsec[12]~la_mlab/laboutb[12] ;
;   5.957 ;   0.331 ; FF ; IC   ; 1      ; LABCELL_X151_Y38_N48  ; Mixed      ; p_step6b_scheduler~21|datac                                                                                      ;
;   6.109 ;   0.152 ; FR ; CELL ; 1      ; LABCELL_X151_Y38_N48  ; Low Power  ; p_step6b_scheduler~21|combout                                                                                    ;
;   6.114 ;   0.005 ; RR ; CELL ; 1      ; LABCELL_X151_Y38_N48  ; Low Power  ; p_step6b_scheduler~21~la_lab/laboutb[13]                                                                         ;
;   6.709 ;   0.595 ; RR ; IC   ; 1      ; LABCELL_X147_Y39_N48  ; Mixed      ; p_step6b_scheduler~23|datac                                                                                      ;
;   6.864 ;   0.155 ; RR ; CELL ; 1      ; LABCELL_X147_Y39_N48  ; Low Power  ; p_step6b_scheduler~23|combout                                                                                    ;
;   6.868 ;   0.004 ; RR ; CELL ; 1      ; LABCELL_X147_Y39_N48  ; Low Power  ; p_step6b_scheduler~23~la_lab/laboutb[12]                                                                         ;
;   7.081 ;   0.213 ; RR ; IC   ; 1      ; LABCELL_X147_Y39_N0   ; Low Power  ; p_step6b_scheduler~24|datad                                                                                      ;
;   7.231 ;   0.150 ; RR ; CELL ; 1      ; LABCELL_X147_Y39_N0   ; Low Power  ; p_step6b_scheduler~24|combout                                                                                    ;
;   7.236 ;   0.005 ; RR ; CELL ; 4      ; LABCELL_X147_Y39_N0   ; Low Power  ; p_step6b_scheduler~24~la_lab/laboutt[1]                                                                          ;
;   7.673 ;   0.437 ; RR ; IC   ; 1      ; MLABCELL_X146_Y43_N12 ; Low Power  ; p_step6b_scheduler~25|datac                                                                                      ;
;   7.832 ;   0.159 ; RR ; CELL ; 1      ; MLABCELL_X146_Y43_N12 ; Low Power  ; p_step6b_scheduler~25|combout                                                                                    ;
;   7.838 ;   0.006 ; RR ; CELL ; 2      ; MLABCELL_X146_Y43_N12 ; Low Power  ; p_step6b_scheduler~25~la_mlab/laboutt[9]                                                                         ;
;   8.017 ;   0.179 ; RR ; IC   ; 1      ; MLABCELL_X146_Y43_N39 ; Low Power  ; step6b_armed~0|datab                                                                                             ;
;   8.244 ;   0.227 ; RF ; CELL ; 1      ; MLABCELL_X146_Y43_N39 ; Low Power  ; step6b_armed~0|combout                                                                                           ;
;   8.244 ;   0.000 ; FF ; CELL ; 1      ; FF_X146_Y43_N40       ; Low Power  ; step6b_armed|d                                                                                                   ;
;   8.244 ;   0.000 ; FF ; CELL ; 1      ; FF_X146_Y43_N40       ; Low Power  ; step6b_armed                                                                                                     ;
+---------+---------+----+------+--------+-----------------------+------------+------------------------------------------------------------------------------------------------------------------+

+----------------------------------------------------------------------------------------------------------------------------------------------------------------------------+
; Data Required Path                                                                                                                                                         ;
+----------+---------+----+------+--------+-----------------------+-----------+----------------------------------------------------------------------------------------------+
; Total    ; Incr    ; RF ; Type ; Fanout ; Location              ; HS/LP     ; Element                                                                                      ;
+----------+---------+----+------+--------+-----------------------+-----------+----------------------------------------------------------------------------------------------+
; 8.000    ; 8.000   ;    ;      ;        ;                       ;           ; latch edge time                                                                              ;
; 13.202   ; 5.202   ;    ;      ;        ;                       ;           ; clock path                                                                                   ;
;   8.000  ;   0.000 ;    ;      ;        ;                       ;           ; source latency                                                                               ;
;   8.000  ;   0.000 ;    ;      ; 1      ; PIN_AH5               ;           ; QSFPA_REFCLK_p                                                                               ;
;   8.000  ;   0.000 ; RR ; IC   ; 1      ; IOIBUF_X224_Y13_N108  ;           ; QSFPA_REFCLK_p~input|i                                                                       ;
;   8.070  ;   0.070 ; RR ; CELL ; 1      ; IOIBUF_X224_Y13_N108  ;           ; QSFPA_REFCLK_p~input|o                                                                       ;
;   8.070  ;   0.000 ; RR ; IC   ; 1      ; HSSIREFCLKDIVIDER_4CT ;           ; QSFPA_REFCLK_p~inputFITTER_INSERTED|refclk_inp                                               ;
;   8.070  ;   0.000 ; RR ; CELL ; 3      ; HSSIREFCLKDIVIDER_4CT ;           ; QSFPA_REFCLK_p~inputFITTER_INSERTED|refclk_a                                                 ;
;   9.044  ;   0.974 ; RR ; CELL ; 1      ; HSSIREFCLKDIVIDER_4CT ;           ; QSFPA_REFCLK_p~inputFITTER_INSERTED~hssi_tile/ch4_pld_pma_fpll_fbclkout_lc_lvpecl_to_coreclk ;
;   9.044  ;   0.000 ; RR ; IC   ; 2      ; CLKCTRL_4C_G_I18      ;           ; QSFPA_REFCLK_p~inputFITTER_INSERTEDCLKENA0|inclk                                             ;
;   9.442  ;   0.398 ; RR ; CELL ; 1017   ; CLKCTRL_4C_G_I18      ;           ; QSFPA_REFCLK_p~inputFITTER_INSERTEDCLKENA0|outclk                                            ;
;   12.731 ;   3.289 ; RR ; IC   ; 1      ; FF_X146_Y43_N40       ; Low Power ; step6b_armed|clk                                                                             ;
;   12.731 ;   0.000 ; RR ; CELL ; 1      ; FF_X146_Y43_N40       ; Low Power ; step6b_armed                                                                                 ;
;   13.202 ;   0.471 ;    ;      ;        ;                       ;           ; clock pessimism removed                                                                      ;
; 13.162   ; -0.040  ;    ;      ;        ;                       ;           ; clock uncertainty                                                                            ;
; 13.373   ; 0.211   ;    ; uTsu ; 1      ; FF_X146_Y43_N40       ;           ; step6b_armed                                                                                 ;
+----------+---------+----+------+--------+-----------------------+-----------+----------------------------------------------------------------------------------------------+

----------------------------
; Extra Fitter Information ;
----------------------------
HTML report is unavailable in plain text report export.


Path #19: Setup slack is 5.149 
===============================================================================
+-----------------------------------------------------------------------------------------------------------------+
; Path Summary                                                                                                    ;
+--------------------+--------------------------------------------------------------------------------------------+
; Property           ; Value                                                                                      ;
+--------------------+--------------------------------------------------------------------------------------------+
; From Node          ; xwr_core:u_xwr_core|wr_core:WRPC|xwr_pps_gen:PPS_GEN|wr_pps_gen:WRAPPED_PPSGEN|cntr_utc[5] ;
; To Node            ; step6b_armed                                                                               ;
; Launch Clock       ; qsfp_ref_125m                                                                              ;
; Latch Clock        ; qsfp_ref_125m                                                                              ;
; Data Arrival Time  ; 8.224                                                                                      ;
; Data Required Time ; 13.373                                                                                     ;
; Slack              ; 5.149                                                                                      ;
+--------------------+--------------------------------------------------------------------------------------------+

+------------------------------------------------------------------------------------+
; Statistics                                                                         ;
+------------------------+--------+-------+-------------+------------+-------+-------+
; Property               ; Value  ; Count ; Total Delay ; % of Total ; Min   ; Max   ;
+------------------------+--------+-------+-------------+------------+-------+-------+
; Setup Relationship     ; 8.000  ;       ;             ;            ;       ;       ;
; Clock Skew             ; -0.043 ;       ;             ;            ;       ;       ;
; Data Delay             ; 2.979  ;       ;             ;            ;       ;       ;
; Number of Logic Levels ;        ; 5     ;             ;            ;       ;       ;
; Physical Delays        ;        ;       ;             ;            ;       ;       ;
;  Arrival Path          ;        ;       ;             ;            ;       ;       ;
;   Clock                ;        ;       ;             ;            ;       ;       ;
;    IC                  ;        ; 4     ; 3.538       ; 67         ; 0.000 ; 3.538 ;
;    Cell                ;        ; 5     ; 1.707       ; 33         ; 0.000 ; 1.166 ;
;   Data                 ;        ;       ;             ;            ;       ;       ;
;    IC                  ;        ; 5     ; 1.702       ; 57         ; 0.179 ; 0.595 ;
;    Cell                ;        ; 12    ; 1.012       ; 34         ; 0.000 ; 0.266 ;
;    uTco                ;        ; 1     ; 0.265       ; 9          ; 0.265 ; 0.265 ;
;  Required Path         ;        ;       ;             ;            ;       ;       ;
;   Clock                ;        ;       ;             ;            ;       ;       ;
;    IC                  ;        ; 4     ; 3.289       ; 70         ; 0.000 ; 3.289 ;
;    Cell                ;        ; 5     ; 1.442       ; 30         ; 0.000 ; 0.974 ;
+------------------------+--------+-------+-------------+------------+-------+-------+
Note: Negative delays are omitted from totals when calculating percentages

+----------------------------------------------------------------------------------------------------------------------------------------------------------------------------------------------+
; Data Arrival Path                                                                                                                                                                            ;
+---------+---------+----+------+--------+-----------------------+------------+----------------------------------------------------------------------------------------------------------------+
; Total   ; Incr    ; RF ; Type ; Fanout ; Location              ; HS/LP      ; Element                                                                                                        ;
+---------+---------+----+------+--------+-----------------------+------------+----------------------------------------------------------------------------------------------------------------+
; 0.000   ; 0.000   ;    ;      ;        ;                       ;            ; launch edge time                                                                                               ;
; 5.245   ; 5.245   ;    ;      ;        ;                       ;            ; clock path                                                                                                     ;
;   0.000 ;   0.000 ;    ;      ;        ;                       ;            ; source latency                                                                                                 ;
;   0.000 ;   0.000 ;    ;      ; 1      ; PIN_AH5               ;            ; QSFPA_REFCLK_p                                                                                                 ;
;   0.000 ;   0.000 ; RR ; IC   ; 1      ; IOIBUF_X224_Y13_N108  ;            ; QSFPA_REFCLK_p~input|i                                                                                         ;
;   0.070 ;   0.070 ; RR ; CELL ; 1      ; IOIBUF_X224_Y13_N108  ;            ; QSFPA_REFCLK_p~input|o                                                                                         ;
;   0.070 ;   0.000 ; RR ; IC   ; 1      ; HSSIREFCLKDIVIDER_4CT ;            ; QSFPA_REFCLK_p~inputFITTER_INSERTED|refclk_inp                                                                 ;
;   0.070 ;   0.000 ; RR ; CELL ; 3      ; HSSIREFCLKDIVIDER_4CT ;            ; QSFPA_REFCLK_p~inputFITTER_INSERTED|refclk_a                                                                   ;
;   1.236 ;   1.166 ; RR ; CELL ; 1      ; HSSIREFCLKDIVIDER_4CT ;            ; QSFPA_REFCLK_p~inputFITTER_INSERTED~hssi_tile/ch4_pld_pma_fpll_fbclkout_lc_lvpecl_to_coreclk                   ;
;   1.236 ;   0.000 ; RR ; IC   ; 2      ; CLKCTRL_4C_G_I18      ;            ; QSFPA_REFCLK_p~inputFITTER_INSERTEDCLKENA0|inclk                                                               ;
;   1.707 ;   0.471 ; RR ; CELL ; 1017   ; CLKCTRL_4C_G_I18      ;            ; QSFPA_REFCLK_p~inputFITTER_INSERTEDCLKENA0|outclk                                                              ;
;   5.245 ;   3.538 ; RR ; IC   ; 1      ; FF_X152_Y40_N29       ; High Speed ; u_xwr_core|WRPC|PPS_GEN|WRAPPED_PPSGEN|cntr_utc[5]|clk                                                         ;
;   5.245 ;   0.000 ; RR ; CELL ; 1      ; FF_X152_Y40_N29       ; High Speed ; xwr_core:u_xwr_core|wr_core:WRPC|xwr_pps_gen:PPS_GEN|wr_pps_gen:WRAPPED_PPSGEN|cntr_utc[5]                     ;
; 8.224   ; 2.979   ;    ;      ;        ;                       ;            ; data path                                                                                                      ;
;   5.510 ;   0.265 ; RR ; uTco ; 1      ; FF_X152_Y40_N29       ;            ; u_xwr_core|WRPC|PPS_GEN|WRAPPED_PPSGEN|cntr_utc[5]|q                                                           ;
;   5.668 ;   0.158 ; RR ; CELL ; 6      ; FF_X152_Y40_N29       ; High Speed ; xwr_core:u_xwr_core|wr_core:WRPC|xwr_pps_gen:PPS_GEN|wr_pps_gen:WRAPPED_PPSGEN|cntr_utc[5]~la_mlab/laboutt[19] ;
;   6.263 ;   0.595 ; RR ; IC   ; 1      ; MLABCELL_X148_Y39_N39 ; Mixed      ; p_step6b_scheduler~13|dataf                                                                                    ;
;   6.304 ;   0.041 ; RR ; CELL ; 1      ; MLABCELL_X148_Y39_N39 ; Low Power  ; p_step6b_scheduler~13|combout                                                                                  ;
;   6.310 ;   0.006 ; RR ; CELL ; 1      ; MLABCELL_X148_Y39_N39 ; Low Power  ; p_step6b_scheduler~13~la_mlab/laboutb[7]                                                                       ;
;   6.617 ;   0.307 ; RR ; IC   ; 1      ; MLABCELL_X148_Y39_N30 ; Low Power  ; p_step6b_scheduler~16|datae                                                                                    ;
;   6.755 ;   0.138 ; RR ; CELL ; 1      ; MLABCELL_X148_Y39_N30 ; Low Power  ; p_step6b_scheduler~16|combout                                                                                  ;
;   6.761 ;   0.006 ; RR ; CELL ; 1      ; MLABCELL_X148_Y39_N30 ; Low Power  ; p_step6b_scheduler~16~la_mlab/laboutb[1]                                                                       ;
;   6.945 ;   0.184 ; RR ; IC   ; 1      ; LABCELL_X147_Y39_N0   ; Low Power  ; p_step6b_scheduler~24|dataa                                                                                    ;
;   7.211 ;   0.266 ; RR ; CELL ; 1      ; LABCELL_X147_Y39_N0   ; Low Power  ; p_step6b_scheduler~24|combout                                                                                  ;
;   7.216 ;   0.005 ; RR ; CELL ; 4      ; LABCELL_X147_Y39_N0   ; Low Power  ; p_step6b_scheduler~24~la_lab/laboutt[1]                                                                        ;
;   7.653 ;   0.437 ; RR ; IC   ; 1      ; MLABCELL_X146_Y43_N12 ; Low Power  ; p_step6b_scheduler~25|datac                                                                                    ;
;   7.812 ;   0.159 ; RR ; CELL ; 1      ; MLABCELL_X146_Y43_N12 ; Low Power  ; p_step6b_scheduler~25|combout                                                                                  ;
;   7.818 ;   0.006 ; RR ; CELL ; 2      ; MLABCELL_X146_Y43_N12 ; Low Power  ; p_step6b_scheduler~25~la_mlab/laboutt[9]                                                                       ;
;   7.997 ;   0.179 ; RR ; IC   ; 1      ; MLABCELL_X146_Y43_N39 ; Low Power  ; step6b_armed~0|datab                                                                                           ;
;   8.224 ;   0.227 ; RF ; CELL ; 1      ; MLABCELL_X146_Y43_N39 ; Low Power  ; step6b_armed~0|combout                                                                                         ;
;   8.224 ;   0.000 ; FF ; CELL ; 1      ; FF_X146_Y43_N40       ; Low Power  ; step6b_armed|d                                                                                                 ;
;   8.224 ;   0.000 ; FF ; CELL ; 1      ; FF_X146_Y43_N40       ; Low Power  ; step6b_armed                                                                                                   ;
+---------+---------+----+------+--------+-----------------------+------------+----------------------------------------------------------------------------------------------------------------+

+----------------------------------------------------------------------------------------------------------------------------------------------------------------------------+
; Data Required Path                                                                                                                                                         ;
+----------+---------+----+------+--------+-----------------------+-----------+----------------------------------------------------------------------------------------------+
; Total    ; Incr    ; RF ; Type ; Fanout ; Location              ; HS/LP     ; Element                                                                                      ;
+----------+---------+----+------+--------+-----------------------+-----------+----------------------------------------------------------------------------------------------+
; 8.000    ; 8.000   ;    ;      ;        ;                       ;           ; latch edge time                                                                              ;
; 13.202   ; 5.202   ;    ;      ;        ;                       ;           ; clock path                                                                                   ;
;   8.000  ;   0.000 ;    ;      ;        ;                       ;           ; source latency                                                                               ;
;   8.000  ;   0.000 ;    ;      ; 1      ; PIN_AH5               ;           ; QSFPA_REFCLK_p                                                                               ;
;   8.000  ;   0.000 ; RR ; IC   ; 1      ; IOIBUF_X224_Y13_N108  ;           ; QSFPA_REFCLK_p~input|i                                                                       ;
;   8.070  ;   0.070 ; RR ; CELL ; 1      ; IOIBUF_X224_Y13_N108  ;           ; QSFPA_REFCLK_p~input|o                                                                       ;
;   8.070  ;   0.000 ; RR ; IC   ; 1      ; HSSIREFCLKDIVIDER_4CT ;           ; QSFPA_REFCLK_p~inputFITTER_INSERTED|refclk_inp                                               ;
;   8.070  ;   0.000 ; RR ; CELL ; 3      ; HSSIREFCLKDIVIDER_4CT ;           ; QSFPA_REFCLK_p~inputFITTER_INSERTED|refclk_a                                                 ;
;   9.044  ;   0.974 ; RR ; CELL ; 1      ; HSSIREFCLKDIVIDER_4CT ;           ; QSFPA_REFCLK_p~inputFITTER_INSERTED~hssi_tile/ch4_pld_pma_fpll_fbclkout_lc_lvpecl_to_coreclk ;
;   9.044  ;   0.000 ; RR ; IC   ; 2      ; CLKCTRL_4C_G_I18      ;           ; QSFPA_REFCLK_p~inputFITTER_INSERTEDCLKENA0|inclk                                             ;
;   9.442  ;   0.398 ; RR ; CELL ; 1017   ; CLKCTRL_4C_G_I18      ;           ; QSFPA_REFCLK_p~inputFITTER_INSERTEDCLKENA0|outclk                                            ;
;   12.731 ;   3.289 ; RR ; IC   ; 1      ; FF_X146_Y43_N40       ; Low Power ; step6b_armed|clk                                                                             ;
;   12.731 ;   0.000 ; RR ; CELL ; 1      ; FF_X146_Y43_N40       ; Low Power ; step6b_armed                                                                                 ;
;   13.202 ;   0.471 ;    ;      ;        ;                       ;           ; clock pessimism removed                                                                      ;
; 13.162   ; -0.040  ;    ;      ;        ;                       ;           ; clock uncertainty                                                                            ;
; 13.373   ; 0.211   ;    ; uTsu ; 1      ; FF_X146_Y43_N40       ;           ; step6b_armed                                                                                 ;
+----------+---------+----+------+--------+-----------------------+-----------+----------------------------------------------------------------------------------------------+

----------------------------
; Extra Fitter Information ;
----------------------------
HTML report is unavailable in plain text report export.


Path #20: Setup slack is 5.161 
===============================================================================
+---------------------------------------------------+
; Path Summary                                      ;
+--------------------+------------------------------+
; Property           ; Value                        ;
+--------------------+------------------------------+
; From Node          ; step6b_target_tai_latched[6] ;
; To Node            ; step6b_armed                 ;
; Launch Clock       ; qsfp_ref_125m                ;
; Latch Clock        ; qsfp_ref_125m                ;
; Data Arrival Time  ; 8.212                        ;
; Data Required Time ; 13.373                       ;
; Slack              ; 5.161                        ;
+--------------------+------------------------------+

+------------------------------------------------------------------------------------+
; Statistics                                                                         ;
+------------------------+--------+-------+-------------+------------+-------+-------+
; Property               ; Value  ; Count ; Total Delay ; % of Total ; Min   ; Max   ;
+------------------------+--------+-------+-------------+------------+-------+-------+
; Setup Relationship     ; 8.000  ;       ;             ;            ;       ;       ;
; Clock Skew             ; -0.050 ;       ;             ;            ;       ;       ;
; Data Delay             ; 2.960  ;       ;             ;            ;       ;       ;
; Number of Logic Levels ;        ; 5     ;             ;            ;       ;       ;
; Physical Delays        ;        ;       ;             ;            ;       ;       ;
;  Arrival Path          ;        ;       ;             ;            ;       ;       ;
;   Clock                ;        ;       ;             ;            ;       ;       ;
;    IC                  ;        ; 4     ; 3.545       ; 67         ; 0.000 ; 3.545 ;
;    Cell                ;        ; 5     ; 1.707       ; 33         ; 0.000 ; 1.166 ;
;   Data                 ;        ;       ;             ;            ;       ;       ;
;    IC                  ;        ; 5     ; 1.627       ; 55         ; 0.179 ; 0.520 ;
;    Cell                ;        ; 12    ; 1.110       ; 38         ; 0.000 ; 0.266 ;
;    uTco                ;        ; 1     ; 0.223       ; 8          ; 0.223 ; 0.223 ;
;  Required Path         ;        ;       ;             ;            ;       ;       ;
;   Clock                ;        ;       ;             ;            ;       ;       ;
;    IC                  ;        ; 4     ; 3.289       ; 70         ; 0.000 ; 3.289 ;
;    Cell                ;        ; 5     ; 1.442       ; 30         ; 0.000 ; 0.974 ;
+------------------------+--------+-------+-------------+------------+-------+-------+
Note: Negative delays are omitted from totals when calculating percentages

+---------------------------------------------------------------------------------------------------------------------------------------------------------------------------+
; Data Arrival Path                                                                                                                                                         ;
+---------+---------+----+------+--------+-----------------------+-----------+----------------------------------------------------------------------------------------------+
; Total   ; Incr    ; RF ; Type ; Fanout ; Location              ; HS/LP     ; Element                                                                                      ;
+---------+---------+----+------+--------+-----------------------+-----------+----------------------------------------------------------------------------------------------+
; 0.000   ; 0.000   ;    ;      ;        ;                       ;           ; launch edge time                                                                             ;
; 5.252   ; 5.252   ;    ;      ;        ;                       ;           ; clock path                                                                                   ;
;   0.000 ;   0.000 ;    ;      ;        ;                       ;           ; source latency                                                                               ;
;   0.000 ;   0.000 ;    ;      ; 1      ; PIN_AH5               ;           ; QSFPA_REFCLK_p                                                                               ;
;   0.000 ;   0.000 ; RR ; IC   ; 1      ; IOIBUF_X224_Y13_N108  ;           ; QSFPA_REFCLK_p~input|i                                                                       ;
;   0.070 ;   0.070 ; RR ; CELL ; 1      ; IOIBUF_X224_Y13_N108  ;           ; QSFPA_REFCLK_p~input|o                                                                       ;
;   0.070 ;   0.000 ; RR ; IC   ; 1      ; HSSIREFCLKDIVIDER_4CT ;           ; QSFPA_REFCLK_p~inputFITTER_INSERTED|refclk_inp                                               ;
;   0.070 ;   0.000 ; RR ; CELL ; 3      ; HSSIREFCLKDIVIDER_4CT ;           ; QSFPA_REFCLK_p~inputFITTER_INSERTED|refclk_a                                                 ;
;   1.236 ;   1.166 ; RR ; CELL ; 1      ; HSSIREFCLKDIVIDER_4CT ;           ; QSFPA_REFCLK_p~inputFITTER_INSERTED~hssi_tile/ch4_pld_pma_fpll_fbclkout_lc_lvpecl_to_coreclk ;
;   1.236 ;   0.000 ; RR ; IC   ; 2      ; CLKCTRL_4C_G_I18      ;           ; QSFPA_REFCLK_p~inputFITTER_INSERTEDCLKENA0|inclk                                             ;
;   1.707 ;   0.471 ; RR ; CELL ; 1017   ; CLKCTRL_4C_G_I18      ;           ; QSFPA_REFCLK_p~inputFITTER_INSERTEDCLKENA0|outclk                                            ;
;   5.252 ;   3.545 ; RR ; IC   ; 1      ; FF_X146_Y43_N4        ; Low Power ; step6b_target_tai_latched[6]|clk                                                             ;
;   5.252 ;   0.000 ; RR ; CELL ; 1      ; FF_X146_Y43_N4        ; Low Power ; step6b_target_tai_latched[6]                                                                 ;
; 8.212   ; 2.960   ;    ;      ;        ;                       ;           ; data path                                                                                    ;
;   5.475 ;   0.223 ; RR ; uTco ; 1      ; FF_X146_Y43_N4        ;           ; step6b_target_tai_latched[6]|q                                                               ;
;   5.614 ;   0.139 ; RR ; CELL ; 2      ; FF_X146_Y43_N4        ; Low Power ; step6b_target_tai_latched[6]~la_mlab/laboutt[2]                                              ;
;   6.134 ;   0.520 ; RR ; IC   ; 1      ; MLABCELL_X148_Y39_N39 ; Mixed     ; p_step6b_scheduler~13|datad                                                                  ;
;   6.292 ;   0.158 ; RR ; CELL ; 1      ; MLABCELL_X148_Y39_N39 ; Low Power ; p_step6b_scheduler~13|combout                                                                ;
;   6.298 ;   0.006 ; RR ; CELL ; 1      ; MLABCELL_X148_Y39_N39 ; Low Power ; p_step6b_scheduler~13~la_mlab/laboutb[7]                                                     ;
;   6.605 ;   0.307 ; RR ; IC   ; 1      ; MLABCELL_X148_Y39_N30 ; Low Power ; p_step6b_scheduler~16|datae                                                                  ;
;   6.743 ;   0.138 ; RR ; CELL ; 1      ; MLABCELL_X148_Y39_N30 ; Low Power ; p_step6b_scheduler~16|combout                                                                ;
;   6.749 ;   0.006 ; RR ; CELL ; 1      ; MLABCELL_X148_Y39_N30 ; Low Power ; p_step6b_scheduler~16~la_mlab/laboutb[1]                                                     ;
;   6.933 ;   0.184 ; RR ; IC   ; 1      ; LABCELL_X147_Y39_N0   ; Low Power ; p_step6b_scheduler~24|dataa                                                                  ;
;   7.199 ;   0.266 ; RR ; CELL ; 1      ; LABCELL_X147_Y39_N0   ; Low Power ; p_step6b_scheduler~24|combout                                                                ;
;   7.204 ;   0.005 ; RR ; CELL ; 4      ; LABCELL_X147_Y39_N0   ; Low Power ; p_step6b_scheduler~24~la_lab/laboutt[1]                                                      ;
;   7.641 ;   0.437 ; RR ; IC   ; 1      ; MLABCELL_X146_Y43_N12 ; Low Power ; p_step6b_scheduler~25|datac                                                                  ;
;   7.800 ;   0.159 ; RR ; CELL ; 1      ; MLABCELL_X146_Y43_N12 ; Low Power ; p_step6b_scheduler~25|combout                                                                ;
;   7.806 ;   0.006 ; RR ; CELL ; 2      ; MLABCELL_X146_Y43_N12 ; Low Power ; p_step6b_scheduler~25~la_mlab/laboutt[9]                                                     ;
;   7.985 ;   0.179 ; RR ; IC   ; 1      ; MLABCELL_X146_Y43_N39 ; Low Power ; step6b_armed~0|datab                                                                         ;
;   8.212 ;   0.227 ; RF ; CELL ; 1      ; MLABCELL_X146_Y43_N39 ; Low Power ; step6b_armed~0|combout                                                                       ;
;   8.212 ;   0.000 ; FF ; CELL ; 1      ; FF_X146_Y43_N40       ; Low Power ; step6b_armed|d                                                                               ;
;   8.212 ;   0.000 ; FF ; CELL ; 1      ; FF_X146_Y43_N40       ; Low Power ; step6b_armed                                                                                 ;
+---------+---------+----+------+--------+-----------------------+-----------+----------------------------------------------------------------------------------------------+

+----------------------------------------------------------------------------------------------------------------------------------------------------------------------------+
; Data Required Path                                                                                                                                                         ;
+----------+---------+----+------+--------+-----------------------+-----------+----------------------------------------------------------------------------------------------+
; Total    ; Incr    ; RF ; Type ; Fanout ; Location              ; HS/LP     ; Element                                                                                      ;
+----------+---------+----+------+--------+-----------------------+-----------+----------------------------------------------------------------------------------------------+
; 8.000    ; 8.000   ;    ;      ;        ;                       ;           ; latch edge time                                                                              ;
; 13.202   ; 5.202   ;    ;      ;        ;                       ;           ; clock path                                                                                   ;
;   8.000  ;   0.000 ;    ;      ;        ;                       ;           ; source latency                                                                               ;
;   8.000  ;   0.000 ;    ;      ; 1      ; PIN_AH5               ;           ; QSFPA_REFCLK_p                                                                               ;
;   8.000  ;   0.000 ; RR ; IC   ; 1      ; IOIBUF_X224_Y13_N108  ;           ; QSFPA_REFCLK_p~input|i                                                                       ;
;   8.070  ;   0.070 ; RR ; CELL ; 1      ; IOIBUF_X224_Y13_N108  ;           ; QSFPA_REFCLK_p~input|o                                                                       ;
;   8.070  ;   0.000 ; RR ; IC   ; 1      ; HSSIREFCLKDIVIDER_4CT ;           ; QSFPA_REFCLK_p~inputFITTER_INSERTED|refclk_inp                                               ;
;   8.070  ;   0.000 ; RR ; CELL ; 3      ; HSSIREFCLKDIVIDER_4CT ;           ; QSFPA_REFCLK_p~inputFITTER_INSERTED|refclk_a                                                 ;
;   9.044  ;   0.974 ; RR ; CELL ; 1      ; HSSIREFCLKDIVIDER_4CT ;           ; QSFPA_REFCLK_p~inputFITTER_INSERTED~hssi_tile/ch4_pld_pma_fpll_fbclkout_lc_lvpecl_to_coreclk ;
;   9.044  ;   0.000 ; RR ; IC   ; 2      ; CLKCTRL_4C_G_I18      ;           ; QSFPA_REFCLK_p~inputFITTER_INSERTEDCLKENA0|inclk                                             ;
;   9.442  ;   0.398 ; RR ; CELL ; 1017   ; CLKCTRL_4C_G_I18      ;           ; QSFPA_REFCLK_p~inputFITTER_INSERTEDCLKENA0|outclk                                            ;
;   12.731 ;   3.289 ; RR ; IC   ; 1      ; FF_X146_Y43_N40       ; Low Power ; step6b_armed|clk                                                                             ;
;   12.731 ;   0.000 ; RR ; CELL ; 1      ; FF_X146_Y43_N40       ; Low Power ; step6b_armed                                                                                 ;
;   13.202 ;   0.471 ;    ;      ;        ;                       ;           ; clock pessimism removed                                                                      ;
; 13.162   ; -0.040  ;    ;      ;        ;                       ;           ; clock uncertainty                                                                            ;
; 13.373   ; 0.211   ;    ; uTsu ; 1      ; FF_X146_Y43_N40       ;           ; step6b_armed                                                                                 ;
+----------+---------+----+------+--------+-----------------------+-----------+----------------------------------------------------------------------------------------------+

----------------------------
; Extra Fitter Information ;
----------------------------
HTML report is unavailable in plain text report export.


