DEPTH = 49152;
WIDTH = 32;
ADDRESS_RADIX = HEX;
DATA_RADIX = HEX;
CONTENT
BEGIN
0 : 0000A035;
1 : 00000000;
2 : 7A30E06F;
3 : 00000000;
4 : 43505257;
5 : 2D2D2D2D;
6 : 000109E4;
7 : 00014570;
8 : 00000000;
9 : 00000000;
a : 00002403;
b : 00015197;
c : DFC18193;
d : 00030117;
e : FCC10113;
f : 00014297;
10 : 61828293;
11 : 00016317;
12 : 49C30313;
13 : 0002A023;
14 : EDE30291;
15 : F0EFFE62;
16 : 47011620;
17 : 07B34641;
18 : C78300E5;
19 : 86B30007;
1a : C68300E5;
1b : C3990006;
1c : 00F68563;
1d : 40D78533;
1e : 07058082;
1f : FEC711E3;
20 : 80824501;
21 : 871367D1;
22 : 47187707;
23 : 879386B2;
24 : C30D7707;
25 : 962A4BB8;
26 : 00C77463;
27 : 40A706B3;
28 : 4BFC4398;
29 : 23034F10;
2a : 862E0046;
2b : 00F505B3;
2c : 83024348;
2d : 80825579;
2e : 871367D1;
2f : 47187707;
30 : 879386B2;
31 : C30D7707;
32 : 962A4BB8;
33 : 00C77463;
34 : 40A706B3;
35 : 4BFC4398;
36 : 23034F10;
37 : 862E0006;
38 : 00F505B3;
39 : 83024348;
3a : 80825579;
3b : 871367D1;
3c : 47187707;
3d : 8793862A;
3e : CF017707;
3f : 73634BB8;
40 : 863A00A7;
41 : 4BEC4398;
42 : 43484F14;
43 : 0086A303;
44 : 55798302;
45 : 67518082;
46 : 77070793;
47 : 3E87A783;
48 : 77070693;
49 : D5636711;
4a : 97BA0207;
4b : 177D6711;
4c : 66090786;
4d : F4060613;
4e : 87338FF9;
4f : 97B302C7;
50 : 833902C7;
51 : 8F5D07CA;
52 : A503C118;
53 : 80823EC6;
54 : FCE7CEE3;
55 : BFD98F99;
56 : 66D16751;
57 : 64472783;
58 : 77068693;
59 : 05934501;
5a : 881303B0;
5b : 08933F86;
5c : 86330500;
5d : 460300A7;
5e : CA110006;
5f : 00B60963;
60 : 00A80333;
61 : 00C30023;
62 : 14E30505;
63 : 96AAFF15;
64 : 3E068C23;
65 : C60397AA;
66 : 22230007;
67 : 069364F7;
68 : 156303B0;
69 : 078500D6;
6a : 64F72223;
6b : 67C1E511;
6c : C7878793;
6d : 64F72223;
6e : 11018082;
6f : 6451CC22;
70 : 77040793;
71 : 4547A783;
72 : C64EC84A;
73 : 4995CE06;
74 : 89B3CA26;
75 : 041302F9;
76 : 892A7704;
77 : 2903E199;
78 : 448145C4;
79 : 0134CA63;
7a : 446240F2;
7b : 494244D2;
7c : 450149B2;
7d : 80826105;
7e : 46442783;
7f : 45442603;
80 : 45042503;
81 : 85B3479C;
82 : 97820124;
83 : 45442783;
84 : BFC994BE;
85 : 00100737;
86 : 268367C1;
87 : 97B32207;
88 : 053700A7;
89 : 8FE900FF;
8a : FFF7C793;
8b : 20238FF5;
8c : 808222F7;
8d : D9634785;
8e : 202300B7;
8f : 22230005;
90 : 24230005;
91 : 80820005;
92 : 0F000713;
93 : 02E58733;
94 : 869367D1;
95 : 48117707;
96 : 77078793;
97 : A70396BA;
98 : A6031F46;
99 : 06931F06;
9a : 4701FFE7;
9b : 00D86863;
9c : 07136751;
9d : 97364687;
9e : 00074703;
9f : 0F000693;
a0 : 02D585B3;
a1 : C150C118;
a2 : A78395BE;
a3 : C51C1F85;
a4 : 67D18082;
a5 : 7167C783;
a6 : 00C79663;
a7 : A02367D1;
a8 : 808264B7;
a9 : 02400793;
aa : 02F60633;
ab : 411C9532;
ac : 67D1CFAD;
ad : 6407A603;
ae : 87B35118;
af : 07CA40C5;
b0 : 0127D693;
b1 : 406383F9;
b2 : 8B0D0207;
b3 : 070D8E0D;
b4 : 82210622;
b5 : 8F510772;
b6 : 81000637;
b7 : 06378F51;
b8 : 26230010;
b9 : 491824E6;
ba : 078AE719;
bb : 4785C95C;
bc : C91CC554;
bd : 49508082;
be : C9180705;
bf : 664197B2;
c0 : 0613078A;
c1 : 97B2C786;
c2 : 96BE5BDC;
c3 : 97B6455C;
c4 : C55C4514;
c5 : 00D71B63;
c6 : 02E7C7B3;
c7 : 00052623;
c8 : 00052823;
c9 : 4785CD1C;
ca : 8082CD5C;
cb : D51C4795;
cc : 17ED67C1;
cd : 4785D55C;
ce : 67A1D15C;
cf : 47B1D11C;
d0 : 0793C91C;
d1 : C55CBB40;
d2 : C51C5789;
d3 : 03200793;
d4 : CD7CD17C;
d5 : 87936795;
d6 : D13CE207;
d7 : 222347D1;
d8 : 079308F5;
d9 : C57C4B00;
da : 3E800793;
db : 0793C17C;
dc : C53C0640;
dd : C78367D1;
de : 2A237167;
df : 22230AC5;
e0 : 8E1D0C05;
e1 : 0C052423;
e2 : 0C052023;
e3 : 0AB52823;
e4 : 0AC52E23;
e5 : C6094785;
e6 : 8A0D167D;
e7 : 00360793;
e8 : 0CF52623;
e9 : C789593C;
ea : 0007A223;
eb : 0207A423;
ec : 48014781;
ed : 67A1CD1C;
ee : 01052E23;
ef : 2C23D95C;
f0 : 24230205;
f1 : 2C230605;
f2 : 26230405;
f3 : 28230605;
f4 : 20230405;
f5 : 2A230405;
f6 : 80820405;
f7 : 87AA4118;
f8 : CD055328;
f9 : 250343D8;
fa : C9050A47;
fb : 00100737;
fc : 20472683;
fd : 07134501;
fe : 8A912007;
ff : 4358CE99;
100 : EF018B21;
101 : 478D47C8;
102 : 00A7C463;
103 : 8082817D;
104 : 35131561;
105 : 45130035;
106 : 80820015;
107 : C78367D1;
108 : 44637167;
109 : 8D1D02F5;
10a : 95334785;
10b : 07B700A7;
10c : A7030010;
10d : 87932287;
10e : C5812007;
10f : D7888D59;
110 : 45138082;
111 : 8D79FFF5;
112 : 4785BFDD;
113 : 00A79533;
114 : 001007B7;
115 : 2247A703;
116 : 20078793;
117 : 8D59C581;
118 : 8082D3C8;
119 : FFF54513;
11a : BFDD8D79;
11b : C6061141;
11c : C11C4785;
11d : 00052A23;
11e : 00052E23;
11f : 00052623;
120 : 00052823;
121 : 45854148;
122 : 67D13F51;
123 : C50340B2;
124 : 45857167;
125 : B7590141;
126 : CA261101;
127 : CC2264D5;
128 : C64EC84A;
129 : CE06C452;
12a : 69514401;
12b : 849369D1;
12c : 0A13B404;
12d : 47830240;
12e : 4A637169;
12f : 40F200F4;
130 : 44D24462;
131 : 49B24942;
132 : 61054A22;
133 : A7838082;
134 : D7B37189;
135 : 8B854087;
136 : 0533C789;
137 : 95260344;
138 : 04053771;
139 : 1141BFC9;
13a : C606C422;
13b : 47A9C226;
13c : 08F52423;
13d : 2A2357FD;
13e : 2E2308F5;
13f : 2C2308F5;
140 : 202308F5;
141 : DD7C0AF5;
142 : 08F52023;
143 : 0CF52C23;
144 : 0CF52A23;
145 : 4705593C;
146 : 0C052223;
147 : 0C052423;
148 : 08052823;
149 : 08052623;
14a : 0A052423;
14b : 0A052623;
14c : 0A052C23;
14d : 0CE52023;
14e : 0A052223;
14f : CF89842A;
150 : A2234798;
151 : A4230007;
152 : C5580207;
153 : C51847D8;
154 : 4BDC4B98;
155 : C17CC918;
156 : CC1C4781;
157 : 2C23501C;
158 : 28230204;
159 : D85C0404;
15a : 04042023;
15b : 04042A23;
15c : 06042423;
15d : 04042C23;
15e : 06042623;
15f : 001004B7;
160 : 41C4A783;
161 : 0B042503;
162 : 28234801;
163 : 2E230CF4;
164 : 45850104;
165 : 25033561;
166 : 45850B44;
167 : 27833541;
168 : 07370CC4;
169 : 40B28600;
16a : 07F24422;
16b : 8FD90705;
16c : 24F4A623;
16d : 01414492;
16e : 5D1C8082;
16f : C518577D;
170 : C17CD91C;
171 : 001007B7;
172 : 2223D578;
173 : 20230005;
174 : 28230005;
175 : 24230005;
176 : 20230405;
177 : 28230605;
178 : 22230405;
179 : 87930605;
17a : 4FDC4007;
17b : 47014681;
17c : D558D514;
17d : 4548D53C;
17e : B50D4585;
17f : 41F5D793;
180 : 8DBD4554;
181 : 2A238D9D;
182 : 41180005;
183 : C163491C;
184 : 415402B6;
185 : 00D75463;
186 : C1180705;
187 : 99634118;
188 : B79302E6;
189 : C95C0017;
18a : C91C4785;
18b : 80824505;
18c : D4634514;
18d : 177D00E6;
18e : 4118C118;
18f : 00E69A63;
190 : 2023CB81;
191 : C95C0005;
192 : 00052823;
193 : 8082557D;
194 : 8082853E;
195 : 1101411C;
196 : 84B3CA26;
197 : C64E02F5;
198 : 01052983;
199 : 2903C84A;
19a : 41580145;
19b : CC22C452;
19c : D50CCE06;
19d : 02F597B3;
19e : 01348A33;
19f : 009A34B3;
1a0 : 842A4510;
1a1 : 97CA4505;
1a2 : 87B394BE;
1a3 : 95B302E5;
1a4 : 873302E5;
1a5 : 37B30147;
1a6 : 95A600F7;
1a7 : 079395BE;
1a8 : 1533FFF6;
1a9 : 579300F5;
1aa : 953A41F5;
1ab : 373395BE;
1ac : 95BA00E5;
1ad : 1D10E0EF;
1ae : 97AA4C1C;
1af : DE635008;
1b0 : 4C5C00A7;
1b1 : 4663C799;
1b2 : 93630099;
1b3 : F1630324;
1b4 : 28230349;
1b5 : C8440144;
1b6 : 5048A821;
1b7 : 02F55363;
1b8 : DBE54C5C;
1b9 : FF24C7E3;
1ba : 00991463;
1bb : FF3A63E3;
1bc : D44840F2;
1bd : 44D24462;
1be : 49B24942;
1bf : 61054A22;
1c0 : 28238082;
1c1 : C8440144;
1c2 : B7DD853E;
1c3 : 0B052783;
1c4 : CC221101;
1c5 : CA26CE06;
1c6 : 9463842A;
1c7 : 2A2300C7;
1c8 : 278308B5;
1c9 : 14630B44;
1ca : 2E2300F6;
1cb : 278308B4;
1cc : CA630944;
1cd : 5C780207;
1ce : 00E78863;
1cf : 40E78733;
1d0 : 02074D63;
1d1 : DC7CD878;
1d2 : 09842703;
1d3 : 00074B63;
1d4 : 00E7D963;
1d5 : 08C42703;
1d6 : 004006B7;
1d7 : 26239736;
1d8 : 2C2308E4;
1d9 : 270308F4;
1da : 5C6309C4;
1db : 45010007;
1dc : 446240F2;
1dd : 610544D2;
1de : 06B78082;
1df : 97360040;
1e0 : 2683B7D1;
1e1 : 09630804;
1e2 : 06B300D7;
1e3 : C06340D7;
1e4 : DC340806;
1e5 : 08E42023;
1e6 : 0A042683;
1e7 : 0006CB63;
1e8 : 00D75963;
1e9 : 09042683;
1ea : 00400637;
1eb : 282396B2;
1ec : 202308D4;
1ed : CCE30AE4;
1ee : 2683FA07;
1ef : 46050884;
1f0 : 06C69463;
1f1 : 08C42583;
1f2 : 09042603;
1f3 : 973297AE;
1f4 : 04F75363;
1f5 : 77718F99;
1f6 : 87B38FF9;
1f7 : 262340F5;
1f8 : 260308F4;
1f9 : 278308C4;
1fa : 44630904;
1fb : DC630006;
1fc : E7370007;
1fd : 071305F5;
1fe : 963A1007;
1ff : 262397BA;
200 : 282308C4;
201 : 16FD08F4;
202 : 08D42423;
203 : 0637A005;
204 : 96B20040;
205 : 07B3BFBD;
206 : 777140F7;
207 : 07B38FF9;
208 : 282340F6;
209 : BF7508F4;
20a : FCD04FE3;
20b : 58645C2C;
20c : 05840513;
20d : 409584B3;
20e : 33C985A6;
20f : 543C5478;
210 : C3A9C329;
211 : 001007B7;
212 : 40078793;
213 : 27034FDC;
214 : 8F990D04;
215 : 0CF42C23;
216 : 09442703;
217 : 08C42783;
218 : 270397BA;
219 : 8F990904;
21a : 09C42703;
21b : 95938F99;
21c : 97130127;
21d : 81C90127;
21e : 00075C63;
21f : 8DDD77F1;
220 : FBF9A801;
221 : 08442583;
222 : 40B005B3;
223 : 029585B3;
224 : 00840513;
225 : 3B7DC62E;
226 : 0C842783;
227 : EF9945B2;
228 : 0BC42783;
229 : 0F000737;
22a : 8FF907E2;
22b : 00851713;
22c : 8FD98321;
22d : 00100737;
22e : 24F72223;
22f : 0AC42703;
230 : 0CC42783;
231 : 01000E37;
232 : FFFE0693;
233 : 78B307F2;
234 : E8B300D7;
235 : 063700F8;
236 : E8B30800;
237 : 063700C8;
238 : 26230010;
239 : 28832516;
23a : 0EB70A84;
23b : 08130900;
23c : F3332006;
23d : 633300D8;
23e : 633300F3;
23f : 262301D3;
240 : 06132466;
241 : 4E504006;
242 : 07000337;
243 : 8E758D75;
244 : 66338E5D;
245 : 26230066;
246 : 587004C8;
247 : 03000337;
248 : 8E5D8E75;
249 : 00666633;
24a : 04C82623;
24b : 03375C30;
24c : 8E750200;
24d : 66338E5D;
24e : 26230066;
24f : F63304C8;
250 : 8E5D00D5;
251 : 01C66633;
252 : 04C82623;
253 : 0B842603;
254 : 00160313;
255 : 2C238E75;
256 : 8E5D0A64;
257 : 05000337;
258 : 00666633;
259 : 05378FC9;
25a : 26238000;
25b : 8FC904C8;
25c : 04F82623;
25d : 08C42603;
25e : C6B757FD;
25f : 2E230BEB;
260 : 2A2308F4;
261 : 869308F4;
262 : D0632006;
263 : 278302C6;
264 : DC630904;
265 : 26B700F6;
266 : 8693FA0A;
267 : 9636F006;
268 : 262397B6;
269 : 282308C4;
26a : 278308F4;
26b : CF910A44;
26c : 0C442783;
26d : 5363EB99;
26e : 27830717;
26f : 070508C4;
270 : 0AE42623;
271 : 262317FD;
272 : 543C08F4;
273 : DA0781E3;
274 : 04040513;
275 : 487C3125;
276 : 4834CB85;
277 : 0CC42783;
278 : E2914709;
279 : 07F24711;
27a : 07378FD9;
27b : 8FD98600;
27c : 00100737;
27d : 24F72623;
27e : 2783CA81;
27f : 270341C7;
280 : 8F990D04;
281 : 0CF42A23;
282 : 4838583C;
283 : 2223E38D;
284 : 25030AE4;
285 : 35330A44;
286 : BB9900A0;
287 : FAE8D7E3;
288 : 08C42783;
289 : 2623177D;
28a : 07850AE4;
28b : 5794BF69;
28c : E715CA8D;
28d : 0007A223;
28e : 0A042223;
28f : 071243D8;
290 : 4714973E;
291 : 4754C454;
292 : 4B14C414;
293 : 20234B58;
294 : C8140404;
295 : 2A23C078;
296 : 28230404;
297 : 48380404;
298 : DF75A02D;
299 : 0CC42703;
29a : 060006B7;
29b : 0772068D;
29c : 06B78F55;
29d : A6230010;
29e : 439424E6;
29f : 16FD43D8;
2a0 : 00D71763;
2a1 : 22234705;
2a2 : D7980AE4;
2a3 : 0705B759;
2a4 : B76DC3D8;
2a5 : 93634781;
2a6 : 808200A7;
2a7 : 07850001;
2a8 : C519BFDD;
2a9 : A303411C;
2aa : 036300C7;
2ab : 83020003;
2ac : 80824501;
2ad : 00054783;
2ae : 4705C789;
2af : 02E78763;
2b0 : 8D638082;
2b1 : 478300D5;
2b2 : 47110015;
2b3 : F7930785;
2b4 : 00A30FF7;
2b5 : 666300F5;
2b6 : 808200F7;
2b7 : 000500A3;
2b8 : 47858082;
2b9 : 00F51023;
2ba : 99E38082;
2bb : 4783FED5;
2bc : 47110015;
2bd : F7930785;
2be : 00A30FF7;
2bf : 786300F5;
2c0 : 478900F7;
2c1 : E0C60613;
2c2 : 00F50023;
2c3 : 8082C150;
2c4 : 001007B7;
2c5 : 87934158;
2c6 : 43DC4007;
2c7 : 15334505;
2c8 : 8D7D00E5;
2c9 : 00A03533;
2ca : 415C8082;
2cb : 17334705;
2cc : 07B700F7;
2cd : 87930010;
2ce : C1994007;
2cf : 8082C3D8;
2d0 : 8082C798;
2d1 : 451C8082;
2d2 : 431C4398;
2d3 : CF918BA1;
2d4 : F693431C;
2d5 : E6910027;
2d6 : F79383A1;
2d7 : 557D0FF7;
2d8 : 4748C781;
2d9 : 0FF57513;
2da : 431C8082;
2db : 8B858385;
2dc : 2803B7FD;
2dd : 87AA0085;
2de : 450148A9;
2df : 87334335;
2e0 : 468300A5;
2e1 : E2910007;
2e2 : 47D08082;
2e3 : 00082703;
2e4 : CA018A11;
2e5 : 01169763;
2e6 : 8A054310;
2e7 : 2423FE75;
2e8 : 43100067;
2e9 : FE758A05;
2ea : 0505C714;
2eb : 66D1BFC9;
2ec : 6CE6D703;
2ed : 879367D1;
2ee : 97BA7707;
2ef : 07090506;
2f0 : 46A78423;
2f1 : 46B784A3;
2f2 : 6CE69723;
2f3 : 66C18082;
2f4 : 478115FD;
2f5 : 86934701;
2f6 : 0893CEC6;
2f7 : 03130FD0;
2f8 : 0E130F90;
2f9 : 0E930FF0;
2fa : 4871FA20;
2fb : 00E68633;
2fc : 00064603;
2fd : 01161B63;
2fe : 00F50633;
2ff : 01D60023;
300 : 07850705;
301 : FF0714E3;
302 : 18638082;
303 : 06330066;
304 : 460300F5;
305 : 97B20006;
306 : 13E3B7E5;
307 : 0633FFC6;
308 : 8F3300F5;
309 : 002340F5;
30a : BFD901E6;
30b : C6061141;
30c : 4783C422;
30d : 07130065;
30e : 54630200;
30f : 079300F7;
310 : 07130200;
311 : F413FA20;
312 : 97AA0FF7;
313 : 00E783A3;
314 : 00A7C783;
315 : 53634711;
316 : 479100F7;
317 : 7413943E;
318 : 07B30FF4;
319 : 86A30085;
31a : C58300B7;
31b : 47050167;
31c : 00E78823;
31d : 02800793;
31e : 00B7D463;
31f : 02800593;
320 : 7413942E;
321 : 07B30FF4;
322 : 04650085;
323 : 0FF47413;
324 : 85A24715;
325 : 00E78BA3;
326 : 00078C23;
327 : 40B23F0D;
328 : 44228522;
329 : 80820141;
32a : 853287AA;
32b : 9363962E;
32c : 808200C5;
32d : 0007D683;
32e : 87130585;
32f : 07420016;
330 : 90238341;
331 : C80300E7;
332 : 96BEFFF5;
333 : 01068523;
334 : 0067D683;
335 : FCE69DE3;
336 : 00079023;
337 : 87AABFC9;
338 : E2918532;
339 : 873686B2;
33a : 00D57363;
33b : 8633872A;
33c : 926300E7;
33d : FF6302C7;
33e : D78300A6;
33f : D7030025;
340 : 97AA0065;
341 : 40D786B3;
342 : 00D59123;
343 : 0025D783;
344 : 02F76963;
345 : D7038082;
346 : 07850025;
347 : 4703972E;
348 : 8FA300A7;
349 : D703FEE7;
34a : D8030025;
34b : 07050065;
34c : 83410742;
34d : 00E59123;
34e : FAE81DE3;
34f : 00059123;
350 : 8F99BF4D;
351 : 00F59123;
352 : 0737B7D1;
353 : 26830010;
354 : 411841C7;
355 : E70187AA;
356 : 4501C114;
357 : 95BA8082;
358 : 45058E8D;
359 : FE06CCE3;
35a : BFC5C38C;
35b : 470348E5;
35c : 07930005;
35d : F793FBF7;
35e : 86BA0FF7;
35f : 00F8E663;
360 : 02070693;
361 : 0FF6F693;
362 : 0005C783;
363 : FBF78813;
364 : 0FF87813;
365 : E663863E;
366 : 86130108;
367 : 76130207;
368 : 05630FF6;
369 : 853300D6;
36a : 808240E7;
36b : 0505C701;
36c : BF750585;
36d : 80824501;
36e : 0E134681;
36f : 4EA502D0;
370 : 0F134815;
371 : 431903A0;
372 : 4783C925;
373 : 46050005;
374 : 01C79463;
375 : 567D0505;
376 : A8114781;
377 : FD070893;
378 : 0FF8FF93;
379 : 03FEE763;
37a : 97C60792;
37b : 47030505;
37c : F76D0005;
37d : 02F607B3;
37e : 00D58733;
37f : 00F70023;
380 : 00054783;
381 : 01E79363;
382 : 06850505;
383 : FA669EE3;
384 : 08938082;
385 : FF93FBF7;
386 : 66630FF8;
387 : 079201F8;
388 : 07A997C6;
389 : 0713B7E1;
38a : 7893F9F7;
38b : 63E30FF7;
38c : 0792FD18;
38d : B7F597BA;
38e : 802395B6;
38f : 47830005;
390 : 90020000;
391 : CD0D4781;
392 : 00054703;
393 : 02D00793;
394 : 14634681;
395 : 050500F7;
396 : 47814685;
397 : 48A94625;
398 : 87B3A029;
399 : 05050317;
39a : 470397BA;
39b : 07130005;
39c : 7813FD07;
39d : 76E30FF7;
39e : C299FF06;
39f : 40F007B3;
3a0 : 8082C19C;
3a1 : 006C1101;
3a2 : 3F6DCE06;
3a3 : 453240F2;
3a4 : 80826105;
3a5 : 11414108;
3a6 : 4785C606;
3a7 : 37DDC119;
3a8 : 675187AA;
3a9 : 67C72703;
3aa : 06136609;
3ab : 46A97106;
3ac : 02D706B3;
3ad : 0733557D;
3ae : 061302C7;
3af : 57333E80;
3b0 : A83102C7;
3b1 : 4FE3167D;
3b2 : 15FDFEC0;
3b3 : 863AE589;
3b4 : 0593A031;
3b5 : 86360630;
3b6 : 167DB7FD;
3b7 : 17FDFE7D;
3b8 : FEA799E3;
3b9 : 450140B2;
3ba : 80820141;
3bb : 11415D5C;
3bc : 47DCC422;
3bd : 842EC606;
3be : 445C9782;
3bf : 00A45503;
3c0 : 07C240B2;
3c1 : C7B78D5D;
3c2 : 8793FFF0;
3c3 : 4533DC07;
3c4 : 442202F5;
3c5 : 05130141;
3c6 : 80823E85;
3c7 : 00100737;
3c8 : 22072683;
3c9 : 97B367C1;
3ca : 053700A7;
3cb : 8FE900FF;
3cc : 20238FD5;
3cd : 808222F7;
3ce : 46814701;
3cf : 00B6CF63;
3d0 : 157D6541;
3d1 : 01075793;
3d2 : 97BA8F69;
3d3 : 0107D713;
3d4 : 4713973E;
3d5 : 8D79FFF7;
3d6 : 96138082;
3d7 : 962A0016;
3d8 : 00065783;
3d9 : 00065603;
3da : 07A20685;
3db : 8FD18221;
3dc : 83C107C2;
3dd : B7D9973E;
3de : DC227139;
3df : D84ADA26;
3e0 : D452D64E;
3e1 : CA66CC62;
3e2 : D256DE06;
3e3 : CE5ED05A;
3e4 : 842AC86A;
3e5 : 0993892E;
3e6 : 0A1300C5;
3e7 : 0C930105;
3e8 : 0C130145;
3e9 : 84B20165;
3ea : 4611E61D;
3eb : 002885CE;
3ec : 7A2080EF;
3ed : 85D24611;
3ee : 80EF0048;
3ef : 46097980;
3f0 : 051385E6;
3f1 : 80EF00E1;
3f2 : 460978C0;
3f3 : 006885E2;
3f4 : 782080EF;
3f5 : 0B930044;
3f6 : 46110084;
3f7 : 855E85A6;
3f8 : 772080EF;
3f9 : 00448A93;
3fa : 85D64611;
3fb : 80EF854E;
3fc : 0B137640;
3fd : 5D13FEC9;
3fe : 6785408B;
3ff : 10078793;
400 : 0FFB7B13;
401 : 0FFD7D13;
402 : 00F41823;
403 : 016409A3;
404 : 85934609;
405 : 09230084;
406 : 856601A4;
407 : 736080EF;
408 : 85934609;
409 : 856200A4;
40a : 72A080EF;
40b : FF990593;
40c : 01640CA3;
40d : 01A40C23;
40e : 00041D23;
40f : 01240B33;
410 : 000B4C03;
411 : 00238585;
412 : 855E000B;
413 : 054235F5;
414 : 00238141;
415 : E119018B;
416 : 157D6541;
417 : 00851793;
418 : 8D5D8121;
419 : 04500793;
41a : 00F41023;
41b : 00891793;
41c : 59130942;
41d : 59130109;
41e : E9330089;
41f : 67850127;
420 : 13F78793;
421 : 1D23C41C;
422 : 112300A4;
423 : 85A60124;
424 : 00042223;
425 : 854E4611;
426 : 6BA080EF;
427 : 461185D6;
428 : 80EF8552;
429 : 85226B00;
42a : 357945A9;
42b : 00851793;
42c : 81410542;
42d : 8D5D8121;
42e : 152350F2;
42f : 546200A4;
430 : 594254D2;
431 : 5A2259B2;
432 : 5B025A92;
433 : 4C624BF2;
434 : 4D424CD2;
435 : 80826121;
436 : C4221141;
437 : 04136451;
438 : 85AA5504;
439 : 05134611;
43a : C6060144;
43b : 666080EF;
43c : 01444783;
43d : 01544703;
43e : 074207E2;
43f : 47038FD9;
440 : 8FD90174;
441 : 01644703;
442 : 8FD90722;
443 : 2823E399;
444 : 40B20004;
445 : 67D14422;
446 : 6A079A23;
447 : 80820141;
448 : 461165D1;
449 : 56458593;
44a : 62A0806F;
44b : 806F4619;
44c : F7936240;
44d : 91630016;
44e : 715D1407;
44f : C2A6C4A2;
450 : DA56DC52;
451 : D65ED85A;
452 : C686D266;
453 : DE4EC0CA;
454 : 4983D462;
455 : FB930005;
456 : 8A2A0046;
457 : 40B989B3;
458 : 84320585;
459 : 04B38AB6;
45a : FC9300B5;
45b : 3B330086;
45c : 49030170;
45d : 0E630104;
45e : 2C030209;
45f : 864A0004;
460 : 0129D363;
461 : 7613864E;
462 : 85A60FF6;
463 : 80EF8562;
464 : 05624F40;
465 : 8F638561;
466 : 864A020C;
467 : 852685E2;
468 : 5B2080EF;
469 : 01044783;
46a : 4B014705;
46b : 802397A6;
46c : 478300E7;
46d : E3A10104;
46e : 40B64501;
46f : 44964426;
470 : 59F24906;
471 : 5AD25A62;
472 : 5BB25B42;
473 : 5C925C22;
474 : 80826161;
475 : 000B8E63;
476 : 50E3E155;
477 : 0905FD39;
478 : FD3909E3;
479 : 000B8763;
47a : 01395563;
47b : B7D14B05;
47c : 0451D57D;
47d : 445CBFBD;
47e : CC3EC626;
47f : 01045783;
480 : 00F11E23;
481 : 000B0763;
482 : 0014C783;
483 : 80A30785;
484 : 450300F4;
485 : 405C0104;
486 : 0505006C;
487 : 97829526;
488 : 0BE3ED1D;
489 : 4603F80B;
48a : D6590244;
48b : 8526484C;
48c : 80EF0451;
48d : 47835200;
48e : 47050104;
48f : 97A6006C;
490 : 00E78023;
491 : 4503445C;
492 : CC3E0104;
493 : 01045783;
494 : 95260505;
495 : 00F11E23;
496 : 9782405C;
497 : 4EE3DD31;
498 : 4783F405;
499 : FA930104;
49a : 078500CA;
49b : 86E3953E;
49c : 0023F40A;
49d : B79100FA;
49e : 80825571;
49f : F6A05BE3;
4a0 : 7139BF29;
4a1 : DA26DC22;
4a2 : D64ED84A;
4a3 : D05AD256;
4a4 : CC62CE5E;
4a5 : D452DE06;
4a6 : C86ACA66;
4a7 : 4A03C66E;
4a8 : 8AAA0005;
4a9 : 0A338432;
4aa : 058540BA;
4ab : 00B504B3;
4ac : 0086FB93;
4ad : FC134981;
4ae : FB130036;
4af : F9130046;
4b0 : 4C830016;
4b1 : 8A630104;
4b2 : 8D660A0C;
4b3 : 000B9763;
4b4 : 019A5363;
4b5 : 7D138D52;
4b6 : 04630FFD;
4b7 : 9563000C;
4b8 : 2D83034C;
4b9 : 93630004;
4ba : 866A020B;
4bb : 856E85A6;
4bc : 392080EF;
4bd : 01851993;
4be : 4189D993;
4bf : 08099363;
4c0 : 020B0663;
4c1 : 01AC9B63;
4c2 : BF650451;
4c3 : 00098563;
4c4 : 060B1B63;
4c5 : 0B63A821;
4c6 : 8666000B;
4c7 : 852685EE;
4c8 : 432080EF;
4c9 : 01044783;
4ca : 00FA8023;
4cb : 00091D63;
4cc : 01044503;
4cd : 85A2405C;
4ce : 97829526;
4cf : 4783D571;
4d0 : 953E0104;
4d1 : 441CA811;
4d2 : 4503CB9D;
4d3 : 85A20104;
4d4 : 97829526;
4d5 : FC055EE3;
4d6 : 546250F2;
4d7 : 594254D2;
4d8 : 5A2259B2;
4d9 : 5B025A92;
4da : 4C624BF2;
4db : 4D424CD2;
4dc : 61214DB2;
4dd : 59E38082;
4de : 4501F930;
4df : 5571BFF1;
4e0 : 0AE3BFE1;
4e1 : 4AE3FE0B;
4e2 : 8FE3F930;
4e3 : B771F60B;
4e4 : C4221141;
4e5 : 6451C606;
4e6 : 0413C226;
4e7 : C53D7704;
4e8 : 404C401C;
4e9 : 01040493;
4ea : 43C84F98;
4eb : 4318CC2C;
4ec : 04000693;
4ed : 97028626;
4ee : 04F44783;
4ef : C799C404;
4f0 : 40B24501;
4f1 : 44924422;
4f2 : 80820141;
4f3 : D0EF4808;
4f4 : 47B75530;
4f5 : 87935344;
4f6 : 13E322D7;
4f7 : 5783FEF5;
4f8 : 57030144;
4f9 : 07A20144;
4fa : 8FD98321;
4fb : 83C107C2;
4fc : CC7C17FD;
4fd : 87934C3C;
4fe : CC3C0407;
4ff : 4C4C4C08;
500 : 5550D0EF;
501 : 0513C868;
502 : BF650104;
503 : DBCD4C7C;
504 : 4C2C401C;
505 : 01040493;
506 : 43C84F98;
507 : 04000693;
508 : 86264318;
509 : 4C3C9702;
50a : 8793C404;
50b : CC3C0407;
50c : 17FD4C7C;
50d : B7D9CC7C;
50e : CC221101;
50f : 27836451;
510 : CE067704;
511 : C84ACA26;
512 : EB89C64E;
513 : 40F25579;
514 : 44D24462;
515 : 49B24942;
516 : 80826105;
517 : 793784AA;
518 : 4505656C;
519 : 617469B7;
51a : 77040413;
51b : 09133715;
51c : 89939469;
51d : 45011449;
51e : D9693F21;
51f : 9CE34D1C;
520 : 4D5CFF27;
521 : FF3799E3;
522 : 96E3511C;
523 : 441CFEF4;
524 : 4BCC4B88;
525 : 4C10D0EF;
526 : 8D1D487C;
527 : C8280505;
528 : B7754501;
529 : 692D7537;
52a : 05131141;
52b : C6062775;
52c : 3759C422;
52d : 4E6357FD;
52e : 64510005;
52f : 77040413;
530 : E0EF4828;
531 : 483CC2BF;
532 : 00042423;
533 : 00A79863;
534 : 40B24781;
535 : 853E4422;
536 : 80820141;
537 : FFF50793;
538 : 00F037B3;
539 : 40F007B3;
53a : 6537B7ED;
53b : 11412D70;
53c : 67350513;
53d : C422C606;
53e : 57FD3781;
53f : 00054E63;
540 : 04136451;
541 : 48287704;
542 : BE5FE0EF;
543 : 2423483C;
544 : 98630004;
545 : 478100A7;
546 : 442240B2;
547 : 0141853E;
548 : 07938082;
549 : 37B3FFF5;
54a : 07B300F0;
54b : B7ED40F0;
54c : CE061101;
54d : 02054563;
54e : 41F55793;
54f : 01255713;
550 : 053A07BA;
551 : 8FD96589;
552 : 8593C42A;
553 : 0028F405;
554 : 80EFC63E;
555 : 45226310;
556 : 610540F2;
557 : 77F18082;
558 : 02F50533;
559 : 85936589;
55a : C42AF405;
55b : C62A857D;
55c : 80EF0028;
55d : 45226110;
55e : 40A00533;
55f : 7139BFF1;
560 : 842ADC22;
561 : 692D7537;
562 : 02000793;
563 : 27750513;
564 : DA26DE06;
565 : D64ED84A;
566 : 00F10DA3;
567 : 42633D71;
568 : 1F230E05;
569 : 04930001;
56a : 55030FF0;
56b : 460501E1;
56c : 01A10593;
56d : E0EF0509;
56e : 4705B03F;
56f : 01E15783;
570 : 00E50D63;
571 : 10000713;
572 : 00F77463;
573 : 00011F23;
574 : 49290411;
575 : 02000993;
576 : 4703A8A5;
577 : 03E301A1;
578 : 0785FE97;
579 : 00F11F23;
57a : 852EB7C9;
57b : 70EFC62E;
57c : 84AA55F0;
57d : 01E15503;
57e : 862645B2;
57f : E0EF0509;
580 : 0D63A87F;
581 : 557D0095;
582 : AC2367D1;
583 : 50F27607;
584 : 54D25462;
585 : 59B25942;
586 : 80826121;
587 : 01E15783;
588 : 0542953E;
589 : 8141405C;
58a : 00A11F23;
58b : 0DA3CBA1;
58c : 46050131;
58d : 01B10593;
58e : E0EF0509;
58f : 4785A4BF;
590 : 12E30411;
591 : 5783FCF5;
592 : 078501E1;
593 : 00F11F23;
594 : FDC1400C;
595 : 05934609;
596 : 450101E1;
597 : A29FE0EF;
598 : 12E34789;
599 : 4609FAF5;
59a : 4501086C;
59b : A4DFE0EF;
59c : 35331579;
59d : 053300A0;
59e : B77940A0;
59f : 01210DA3;
5a0 : 557DBF4D;
5a1 : 1101B769;
5a2 : 84AACA26;
5a3 : C84A4108;
5a4 : CE06C64E;
5a5 : 89AECC22;
5a6 : 4B5070EF;
5a7 : 4781892A;
5a8 : 00279713;
5a9 : 43009726;
5aa : 6441E00D;
5ab : D0840413;
5ac : 70EF8522;
5ad : 053349B0;
5ae : 95224125;
5af : 446240F2;
5b0 : 494244D2;
5b1 : 610549B2;
5b2 : 94638082;
5b3 : 85220137;
5b4 : 0785B7F5;
5b5 : 7171B7F1;
5b6 : CF4ED14A;
5b7 : 6941CD52;
5b8 : 6A4569C1;
5b9 : C75ECB56;
5ba : D706C562;
5bb : D326D522;
5bc : C366C95A;
5bd : DEEEC16A;
5be : 8BAE8C2A;
5bf : 09138AAA;
5c0 : 8993C789;
5c1 : 0A13AF89;
5c2 : C7831DCA;
5c3 : E785000B;
5c4 : 000A8023;
5c5 : 542A50BA;
5c6 : 418A8533;
5c7 : 590A549A;
5c8 : 4A6A49FA;
5c9 : 4B4A4ADA;
5ca : 4C2A4BBA;
5cb : 4D0A4C9A;
5cc : 614D5DF6;
5cd : 07138082;
5ce : 86630250;
5cf : 802300E7;
5d0 : 0A8500FA;
5d1 : 4B01AE01;
5d2 : 02B00693;
5d3 : 02D00593;
5d4 : 03000513;
5d5 : 02000813;
5d6 : 02300893;
5d7 : 0763A819;
5d8 : 146300B7;
5d9 : 6B1302A7;
5da : A019001B;
5db : 010B6B13;
5dc : C7038BBE;
5dd : 8793001B;
5de : 0363001B;
5df : E0E302D7;
5e0 : 0263FEE6;
5e1 : 03630307;
5e2 : 06930317;
5e3 : F693FD07;
5e4 : 45A50FF6;
5e5 : 06D5E363;
5e6 : 45A54401;
5e7 : A0054529;
5e8 : 004B6B13;
5e9 : 6B13B7F1;
5ea : B7D9008B;
5eb : 040B6B13;
5ec : 0433B7C1;
5ed : 078502A4;
5ee : 04139436;
5ef : C683FD04;
5f0 : 87130007;
5f1 : 7713FD06;
5f2 : F4E30FF7;
5f3 : C683FEE5;
5f4 : 07130007;
5f5 : 54FD02E0;
5f6 : 06E69363;
5f7 : 0017C583;
5f8 : 87134525;
5f9 : 86930017;
5fa : F693FD05;
5fb : 69630FF6;
5fc : 44810CD5;
5fd : 452945A5;
5fe : 0693A03D;
5ff : 547D02A0;
600 : FCD717E3;
601 : 87934200;
602 : 0611002B;
603 : FC0451E3;
604 : 40800433;
605 : 010B6B13;
606 : 84B3BF5D;
607 : 070502A4;
608 : 849394B6;
609 : 4683FD04;
60a : 87930007;
60b : F793FD06;
60c : F4E30FF7;
60d : D363FEF5;
60e : 44810004;
60f : C70387BA;
610 : 06930007;
611 : 00630680;
612 : 769302D7;
613 : 05930DF7;
614 : 8A6304C0;
615 : 059300B6;
616 : 866305A0;
617 : 069300B6;
618 : 1B630740;
619 : 059306D7;
61a : C68306C0;
61b : 8B930017;
61c : 18630017;
61d : 966300B7;
61e : 8B9300E6;
61f : 07130027;
620 : C78304C0;
621 : 0693000B;
622 : EF630780;
623 : 069300F6;
624 : E6630620;
625 : 069304F6;
626 : 82E30250;
627 : 0693EAD7;
628 : 4CC10580;
629 : 04D78963;
62a : 02500793;
62b : 00FA8023;
62c : 000BC783;
62d : 26078863;
62e : 00FA80A3;
62f : AA590A89;
630 : 02A00693;
631 : 00D59763;
632 : 87134204;
633 : 06110027;
634 : 87BAB79D;
635 : B7A54481;
636 : 577D8BBE;
637 : 8793B75D;
638 : F793F9D7;
639 : 46D50FF7;
63a : FCF6E0E3;
63b : 97CE078A;
63c : 8782439C;
63d : 07934CA1;
63e : 186304C0;
63f : 061D22F7;
640 : 42189A61;
641 : 0D13425C;
642 : D03A0086;
643 : 7693D23E;
644 : C689040B;
645 : FF6C8693;
646 : 00D036B3;
647 : 010B7813;
648 : 020B7613;
649 : 00080463;
64a : FFEB7B13;
64b : 002B7593;
64c : C1854881;
64d : 2407D563;
64e : 40E005B3;
64f : 40F007B3;
650 : 00E03733;
651 : 40E78733;
652 : D23AD02E;
653 : 0893147D;
654 : C68902D0;
655 : 836347C1;
656 : 147D24FC;
657 : 57125782;
658 : 9F638FD9;
659 : 07932207;
65a : 06230300;
65b : 4D8502F1;
65c : 01B4D363;
65d : 779384EE;
65e : 8C05011B;
65f : 87D6E38D;
660 : 02000593;
661 : 87330785;
662 : 972240FA;
663 : 26075063;
664 : 536387A2;
665 : 47810004;
666 : 9ABE147D;
667 : 85638C1D;
668 : 80230008;
669 : 0A85011A;
66a : 0793CA89;
66b : 80230300;
66c : 47C100FA;
66d : 22FC8F63;
66e : 17630A85;
66f : 77930208;
670 : 0693001B;
671 : E3990300;
672 : 02000693;
673 : 078587D6;
674 : 40F40733;
675 : 54639756;
676 : 87A22207;
677 : 00045363;
678 : 147D4781;
679 : 8C1D9ABE;
67a : 069387D6;
67b : AC290300;
67c : 010B7793;
67d : 87D6EB95;
67e : 02000693;
67f : 8FA3A019;
680 : 0785FED7;
681 : 40FA8733;
682 : 4AE39722;
683 : 0793FEE0;
684 : 4701FFF4;
685 : 00805363;
686 : 9ABA873E;
687 : 00804363;
688 : 84334405;
689 : 04054087;
68a : 8713421C;
68b : 0693001A;
68c : 80230046;
68d : 059300FA;
68e : 87BA0200;
68f : 86339AA2;
690 : 4B6340FA;
691 : 4A8100C0;
692 : 00805463;
693 : FFF40A93;
694 : 86369ABA;
695 : B9550B85;
696 : 8FA30785;
697 : B7C5FEB7;
698 : 00062C83;
699 : 00460D13;
69a : 000C9363;
69b : 85A68CD2;
69c : 80EF8566;
69d : 779338A0;
69e : C3A5010B;
69f : C4634781;
6a0 : 87AA06A7;
6a1 : 00055363;
6a2 : 9ABE4781;
6a3 : 86B387D6;
6a4 : 0613008A;
6a5 : 87330200;
6a6 : 406340F6;
6a7 : 478106E5;
6a8 : 00A44463;
6a9 : 40A407B3;
6aa : 866A9ABE;
6ab : 0785B765;
6ac : FEC78FA3;
6ad : 40F68733;
6ae : FEE54BE3;
6af : 40A40733;
6b0 : 43634781;
6b1 : 87BA00A4;
6b2 : 47819ABE;
6b3 : 00A44463;
6b4 : 40E007B3;
6b5 : 943E147D;
6b6 : 87D6B755;
6b7 : 008A86B3;
6b8 : 02000613;
6b9 : 8733BFC1;
6ba : 468300FC;
6bb : 87330007;
6bc : 078500FA;
6bd : 00D70023;
6be : 0785B759;
6bf : FEC78FA3;
6c0 : 421CBF59;
6c1 : 418A86B3;
6c2 : C3940611;
6c3 : 6B13B7A1;
6c4 : 4421001B;
6c5 : 020B6B13;
6c6 : BBF14CC1;
6c7 : 002B6B13;
6c8 : BBD14CA9;
6c9 : 1BFD0A85;
6ca : 0793B735;
6cb : 0D1306C0;
6cc : 18630046;
6cd : 421800F7;
6ce : 002B7793;
6cf : DC0787E3;
6d0 : 7793A815;
6d1 : 0693FDF7;
6d2 : 956305A0;
6d3 : 421800D7;
6d4 : BB654781;
6d5 : 07400793;
6d6 : FEF70BE3;
6d7 : 06800693;
6d8 : 002B7793;
6d9 : 00D71B63;
6da : 07424218;
6db : 8341E399;
6dc : 8741BB69;
6dd : 41F75793;
6de : 4218BB49;
6df : 7793B7C1;
6e0 : C789004B;
6e1 : 0893147D;
6e2 : B3E102B0;
6e3 : 008B7793;
6e4 : DC0781E3;
6e5 : 0893147D;
6e6 : BB650200;
6e7 : BB7D1479;
6e8 : 4D811078;
6e9 : 57825592;
6ea : F533E19D;
6eb : D7B30397;
6ec : D03E0397;
6ed : 4783954A;
6ee : 559209C5;
6ef : 8FD10D85;
6f0 : 00F70023;
6f1 : 07055782;
6f2 : FFE98FCD;
6f3 : 85E6B355;
6f4 : CE461008;
6f5 : CA32CC42;
6f6 : C63AC836;
6f7 : 7A6080EF;
6f8 : 486248F2;
6f9 : 46C24652;
6fa : B7E94732;
6fb : FEB78FA3;
6fc : 6613BB51;
6fd : 80A30586;
6fe : 0A8900CA;
6ff : 8FA3BB7D;
700 : B3F1FED7;
701 : FED78FA3;
702 : 87330785;
703 : 975640F4;
704 : FFB75AE3;
705 : 4781876E;
706 : 01B4C463;
707 : 41B487B3;
708 : 87D69ABE;
709 : 1DFD56FD;
70a : 02DD9163;
70b : 87D69ABA;
70c : 02000693;
70d : 07330785;
70e : 975640F4;
70f : 00075F63;
710 : 00045363;
711 : 9AA24401;
712 : 1070B58D;
713 : 4603966E;
714 : 07850006;
715 : FEC78FA3;
716 : 8FA3B7F9;
717 : BFD9FED7;
718 : A78367D5;
719 : 0737C807;
71a : A8230010;
71b : D7D80207;
71c : 5FE35B98;
71d : 5B9CFE07;
71e : 32000513;
71f : 8BFD8391;
720 : 02A78533;
721 : 47838082;
722 : 11410065;
723 : 02400713;
724 : E3918B89;
725 : 451C4711;
726 : A82366C1;
727 : D7D40207;
728 : DFE35B94;
729 : 5B94FE06;
72a : 82C106C2;
72b : 00D11723;
72c : 0207A823;
72d : D7D466C1;
72e : DFE35B94;
72f : 5B9CFE06;
730 : 83C107C2;
731 : 00F11723;
732 : 00E15503;
733 : 8D790141;
734 : 35138D19;
735 : 80820015;
736 : 07136751;
737 : 535C5507;
738 : 57185B54;
739 : 052343D0;
73a : 479000C7;
73b : 00C705A3;
73c : 162347D0;
73d : 4B9000C7;
73e : 00C68423;
73f : 0147C603;
740 : 00C683A3;
741 : 0157C603;
742 : 00C68323;
743 : 0167C603;
744 : 00C682A3;
745 : 07235794;
746 : 57D400D7;
747 : 00D707A3;
748 : 08235B9C;
749 : 808200F7;
74a : A70367D1;
74b : 67C15747;
74c : D2478793;
74d : 567D434C;
74e : 00079683;
74f : 02D59863;
750 : 56FD4710;
751 : 00D61563;
752 : 0027C683;
753 : 4750C714;
754 : 156356FD;
755 : D68300D6;
756 : C7540047;
757 : 56FD4B10;
758 : 00D61563;
759 : 0037C783;
75a : 8082CB1C;
75b : FCC68AE3;
75c : B7D907A9;
75d : 07936751;
75e : 36377707;
75f : A5837432;
760 : 86935187;
761 : 07135147;
762 : 47817707;
763 : 47060613;
764 : 00B79463;
765 : 8082557D;
766 : 00C6A803;
767 : 196306A1;
768 : 078E00C8;
769 : A78397BA;
76a : C11C5247;
76b : 80824501;
76c : BFF90785;
76d : D30367D1;
76e : 674155A7;
76f : C7870713;
770 : 04030363;
771 : 20870E93;
772 : 17C70713;
773 : 869366D1;
774 : A8837706;
775 : 68055106;
776 : E0002537;
777 : AA236E41;
778 : 0F930008;
779 : 0336AAA8;
77a : 50868693;
77b : 4F094581;
77c : 1E7D157D;
77d : 187D429D;
77e : 01D76C63;
77f : 08000793;
780 : 00F8AA23;
781 : 0E938082;
782 : 071317B7;
783 : BF7D0E07;
784 : C6221141;
785 : 00174783;
786 : 00274603;
787 : 00074383;
788 : 064207E2;
789 : 46038FD1;
78a : 8FD10047;
78b : 00374603;
78c : 8FD10622;
78d : FFF58613;
78e : 00CF6B63;
78f : FFE6C603;
790 : FFF6C403;
791 : 06228FE9;
792 : 06368E41;
793 : D6138FD1;
794 : 763300D7;
795 : 1A6301C6;
796 : D61301F6;
797 : 8A7D0077;
798 : 00561563;
799 : E7B38FE9;
79a : F4330067;
79b : 96130107;
79c : 83B10143;
79d : 07A28FD1;
79e : 03F5F613;
79f : E7938FD1;
7a0 : AC230407;
7a1 : AA230088;
7a2 : 071500F8;
7a3 : 06890585;
7a4 : F9D762E3;
7a5 : 07934432;
7a6 : AA230800;
7a7 : 014100F8;
7a8 : 11418082;
7a9 : 6451C422;
7aa : 77040413;
7ab : 0493C226;
7ac : 85AA5084;
7ad : 85264619;
7ae : 70EFC606;
7af : 47830990;
7b0 : 470350A4;
7b1 : 268350B4;
7b2 : 07E25104;
7b3 : 8FD90742;
7b4 : 50D44703;
7b5 : 85A640B2;
7b6 : 47038FD9;
7b7 : 449250C4;
7b8 : 07226551;
7b9 : D69C8FD9;
7ba : 50845783;
7bb : 05134619;
7bc : 97135685;
7bd : 07C20087;
7be : 83A183C1;
7bf : 07C28FD9;
7c0 : D2DC83C1;
7c1 : 50E44783;
7c2 : 0017E793;
7c3 : 50F40723;
7c4 : 01414422;
7c5 : 03F0706F;
7c6 : C4221141;
7c7 : 6537842A;
7c8 : 05132D63;
7c9 : C60616D5;
7ca : D10FF0EF;
7cb : 4B63577D;
7cc : 46190005;
7cd : 450185A2;
7ce : 980FE0EF;
7cf : 872A67D1;
7d0 : 7607AC23;
7d1 : 00044783;
7d2 : 0FF00693;
7d3 : 8663557D;
7d4 : 468302D7;
7d5 : 8FD50014;
7d6 : 00244683;
7d7 : 46838FD5;
7d8 : 8FD50034;
7d9 : 00444683;
7da : 46838FD5;
7db : 8FD50054;
7dc : 0FF7F793;
7dd : 5513C399;
7de : 40B241F7;
7df : 01414422;
7e0 : 67D58082;
7e1 : C807A783;
7e2 : 05428509;
7e3 : 05B78D4D;
7e4 : A8238000;
7e5 : 8D4D0207;
7e6 : 5B98D7C8;
7e7 : FE075FE3;
7e8 : 67D58082;
7e9 : C807A783;
7ea : C6061141;
7eb : 0207A823;
7ec : 00110737;
7ed : 5B98D7D8;
7ee : FE075FE3;
7ef : CD015B8C;
7f0 : 879367C1;
7f1 : 8DFDFDF7;
7f2 : 04400513;
7f3 : 40B23F5D;
7f4 : 01414501;
7f5 : E5938082;
7f6 : 05C20205;
7f7 : B7ED81C1;
7f8 : D4227179;
7f9 : 6451CE4E;
7fa : 2D4249B7;
7fb : D606D04A;
7fc : C602D226;
7fd : 04134901;
7fe : 89937704;
7ff : 27834539;
800 : 97CA4604;
801 : D4634384;
802 : 55350004;
803 : 2783A035;
804 : FA634584;
805 : 278302F4;
806 : 25034644;
807 : 46914504;
808 : 0070439C;
809 : 978285A6;
80a : 9E6347B2;
80b : 07930137;
80c : C01C44C4;
80d : 4501C044;
80e : 542250B2;
80f : 59025492;
810 : 614549F2;
811 : 09118082;
812 : 1141BF5D;
813 : 2483C226;
814 : C42217C5;
815 : 0A850593;
816 : 4641842A;
817 : 08048513;
818 : 70EFC606;
819 : 05936F00;
81a : 85130B84;
81b : 46410904;
81c : 6E2070EF;
81d : 81A34785;
81e : 40B206F4;
81f : 44924422;
820 : 80820141;
821 : DC227139;
822 : 842ED84A;
823 : 858A892A;
824 : DE068532;
825 : 84B2DA26;
826 : 242070EF;
827 : 02C4D783;
828 : 02C4D703;
829 : 07A24621;
82a : 8FD98321;
82b : 00F11823;
82c : 02F4C783;
82d : 0324D703;
82e : 03548593;
82f : 00F10923;
830 : 0304C783;
831 : 05138321;
832 : 0A230191;
833 : C78300F1;
834 : 0AA30314;
835 : D78300F1;
836 : 07A20324;
837 : 1B238FD9;
838 : C78300F1;
839 : 0C230344;
83a : 70EF00F1;
83b : C7836680;
83c : C70303D4;
83d : 462103E4;
83e : 97BA07A2;
83f : 02F11123;
840 : 03F4C783;
841 : 05134581;
842 : 02230261;
843 : 70EF02F1;
844 : 27834F60;
845 : 5F9C0209;
846 : 860AC789;
847 : 854A85A6;
848 : 25839782;
849 : 46291789;
84a : 00640513;
84b : 626070EF;
84c : 29A95783;
84d : 29090593;
84e : 10234629;
84f : 051300F4;
850 : 70EF0104;
851 : 05936100;
852 : 46092779;
853 : 02940513;
854 : 602070EF;
855 : 01015783;
856 : 4611084C;
857 : 00F41223;
858 : 01214783;
859 : 01A40513;
85a : 02F40323;
85b : 5E6070EF;
85c : 01814783;
85d : 01910593;
85e : 03A34621;
85f : 051302F4;
860 : 70EF01E4;
861 : 57835D00;
862 : 05930221;
863 : 26230261;
864 : 11230204;
865 : 478300F4;
866 : 05A30241;
867 : 46210204;
868 : 02F40423;
869 : 03040513;
86a : 5AA070EF;
86b : 09490593;
86c : 03840513;
86d : 70EF4619;
86e : 50F259C0;
86f : 54D25462;
870 : 61215942;
871 : 11418082;
872 : 0793C422;
873 : 842A0240;
874 : 02F407B3;
875 : 05136551;
876 : C6067D05;
877 : 37078793;
878 : E0EF953E;
879 : 6751A8AF;
87a : 71872683;
87b : 40B24785;
87c : 00879533;
87d : 8D554422;
87e : 70A72C23;
87f : 80820141;
880 : C4221141;
881 : C2266451;
882 : 0413C04A;
883 : C6067704;
884 : 091384AE;
885 : C9091104;
886 : 0793157D;
887 : 05330F00;
888 : 952202F5;
889 : 20050913;
88a : F0EF8526;
88b : 4789B06F;
88c : 02F54533;
88d : 40B2DC64;
88e : 44924422;
88f : 0AA92423;
890 : 01414902;
891 : 11018082;
892 : 6951C84A;
893 : CA26CC22;
894 : C452C64E;
895 : CE06C256;
896 : 440184AA;
897 : 091369D1;
898 : 0A137709;
899 : 4A910F00;
89a : 7159C783;
89b : 4B6317FD;
89c : 40F200F4;
89d : 44D24462;
89e : 49B24942;
89f : 4A924A22;
8a0 : 80826105;
8a1 : 034407B3;
8a2 : 97CA0405;
8a3 : 1F47A783;
8a4 : FD579CE3;
8a5 : 852285A6;
8a6 : B7F937A5;
8a7 : DC227139;
8a8 : 07936451;
8a9 : DA267704;
8aa : DE0653A4;
8ab : D64ED84A;
8ac : D256D452;
8ad : CE5ED05A;
8ae : CA66CC62;
8af : C66EC86A;
8b0 : 04134785;
8b1 : 84637704;
8b2 : 4A0100F4;
8b3 : 2783A87D;
8b4 : 47250FC4;
8b5 : 17FD4A01;
8b6 : 0AF76963;
8b7 : 078A6741;
8b8 : B5070713;
8b9 : 439C97BA;
8ba : 67D18782;
8bb : 7147C783;
8bc : 07B7FFE9;
8bd : A7030010;
8be : 87932047;
8bf : 8B212007;
8c0 : 43D8F769;
8c1 : 800006B7;
8c2 : C3D88F55;
8c3 : 2E2347A9;
8c4 : A0F50EF4;
8c5 : 001007B7;
8c6 : 2047A703;
8c7 : 20078793;
8c8 : 83050706;
8c9 : 43D8C3D8;
8ca : C3198B21;
8cb : B7C547A5;
8cc : 8B9143DC;
8cd : 4785C7E9;
8ce : 2783BFD9;
8cf : AA030F04;
8d0 : 03630607;
8d1 : 6905020A;
8d2 : 80090913;
8d3 : 304937F3;
8d4 : 300477F3;
8d5 : 0F442503;
8d6 : 98EFE0EF;
8d7 : 30492973;
8d8 : 300467F3;
8d9 : B76547A1;
8da : 001007B7;
8db : 41C7A703;
8dc : A78367D1;
8dd : 8F997107;
8de : 07136705;
8df : 97BA3887;
8e0 : F407D5E3;
8e1 : 2E2347A5;
8e2 : 6BC10EF4;
8e3 : 06040B13;
8e4 : 6CD14905;
8e5 : 0F000993;
8e6 : 4C154A85;
8e7 : B78B8B93;
8e8 : C7836D51;
8e9 : 4763715C;
8ea : 50F220F9;
8eb : 54D25462;
8ec : 59B25942;
8ed : 5B025A92;
8ee : 4C624BF2;
8ef : 4D424CD2;
8f0 : 85524DB2;
8f1 : 61215A22;
8f2 : 07B78082;
8f3 : 47090010;
8f4 : 20E7A423;
8f5 : 0F042683;
8f6 : CA9D52B4;
8f7 : 0F442683;
8f8 : 0A46A683;
8f9 : 0613C695;
8fa : A0230A20;
8fb : 869330C7;
8fc : 478D3007;
8fd : 4785CA9C;
8fe : 2E23CEDC;
8ff : 07B70EE4;
900 : A7030010;
901 : 67D141C7;
902 : A8238A26;
903 : BFB570E7;
904 : 001007B7;
905 : 41C7A703;
906 : A78367D1;
907 : 8F997107;
908 : 07136705;
909 : 97BA3887;
90a : EA07D1E3;
90b : 2E2347A5;
90c : BD610EF4;
90d : 001007B7;
90e : 31C7A703;
90f : 06E38B05;
910 : 8793E807;
911 : 4FDC4007;
912 : 7D078793;
913 : 10F42023;
914 : BD75478D;
915 : 001007B7;
916 : 40078793;
917 : 27034FDC;
918 : 8F991004;
919 : E607C3E3;
91a : 2E23479D;
91b : 26230EF4;
91c : B7711004;
91d : 001007B7;
91e : 2087A703;
91f : 20078793;
920 : 04E38B09;
921 : 4709E407;
922 : 4B9CC798;
923 : 00989737;
924 : 5B670713;
925 : F9B78693;
926 : E2D769E3;
927 : 06400693;
928 : 02D787B3;
929 : 07136761;
92a : E7B36A07;
92b : C79102E7;
92c : 07136731;
92d : 5C6334F7;
92e : 079300F7;
92f : 22230640;
930 : 079310F4;
931 : 2423F9C0;
932 : 479110F4;
933 : 2223B589;
934 : 24231004;
935 : BFD510D4;
936 : 0F442783;
937 : 0A87A703;
938 : 0AC7A783;
939 : DEF713E3;
93a : 001007B7;
93b : 2087A703;
93c : 20078793;
93d : 0AE38B09;
93e : 4909DC07;
93f : 0127A423;
940 : 97374B9C;
941 : 07130098;
942 : 86935B67;
943 : 6EE3F9B7;
944 : 0713DAD7;
945 : 87B30640;
946 : 676102E7;
947 : 6A070713;
948 : 02E7E7B3;
949 : 10442703;
94a : 02E78463;
94b : 10842783;
94c : 10C42703;
94d : 262397BA;
94e : 298310F4;
94f : 25030F44;
950 : E0EF10C4;
951 : 4533FEFF;
952 : A4230325;
953 : BD450AA9;
954 : 10442703;
955 : EAE795E3;
956 : C78367D1;
957 : E7957147;
958 : 8793679D;
959 : 27035307;
95a : 97BA10C4;
95b : 10F42623;
95c : 0F442903;
95d : 10C42503;
95e : FB9FE0EF;
95f : 45334789;
960 : 479502F5;
961 : 0AA92423;
962 : 67BDB359;
963 : 61878793;
964 : 2783BFD9;
965 : A7030F44;
966 : A7830A87;
967 : 16E30AC7;
968 : 4799D2F7;
969 : 0513B3AD;
96a : D0EF0F04;
96b : 1EE3E33F;
96c : BBADD005;
96d : FFF90D93;
96e : 033D84B3;
96f : A78394A2;
970 : 8A631F44;
971 : 07B70357;
972 : 87930010;
973 : 539C2007;
974 : 012A9733;
975 : 8FF983A1;
976 : 2503EF99;
977 : 4581254B;
978 : E3DFD0EF;
979 : 2023854A;
97a : D0EF260B;
97b : AA23C2BF;
97c : 44851F54;
97d : 87B3A8A1;
97e : 97A2033D;
97f : 1F47A483;
980 : FFF48793;
981 : 0CFC6D63;
982 : 97DE078A;
983 : 8782439C;
984 : 1B442783;
985 : 07B7C7E9;
986 : 87930010;
987 : 539C2007;
988 : 012A9733;
989 : 8FF983A1;
98a : 8DB3CBDD;
98b : 9DA2033D;
98c : 1F0DA783;
98d : 5078E395;
98e : 196347A1;
98f : 051300F7;
990 : D0EF1A0B;
991 : 4789EA5F;
992 : 1EFDAA23;
993 : 009A6A33;
994 : 0B130905;
995 : B3B10F0B;
996 : 1F0DA783;
997 : FF5798E3;
998 : 716D4783;
999 : 1F8DAA23;
99a : 1A0B0513;
99b : A22397CA;
99c : AE2320FD;
99d : 0793200D;
99e : A4232000;
99f : A62320FD;
9a0 : A823200D;
9a1 : A023200D;
9a2 : 57FD200D;
9a3 : 22FDA023;
9a4 : DDDFD0EF;
9a5 : 87B3BFB9;
9a6 : 97A2033D;
9a7 : 21C7A703;
9a8 : 4719CF01;
9a9 : 1EE7AA23;
9aa : 2187A703;
9ab : AC23854A;
9ac : E0EF1EE7;
9ad : BF3586BF;
9ae : 1B442783;
9af : 8DB3EB91;
9b0 : 854A033D;
9b1 : B51FD0EF;
9b2 : AA239DA2;
9b3 : B7151F5D;
9b4 : 033D8DB3;
9b5 : A7839DA2;
9b6 : AC23218D;
9b7 : 44811EFD;
9b8 : 8DB3B7B5;
9b9 : 9DA2033D;
9ba : 250DA483;
9bb : 5C6CD0A5;
9bc : 3639854A;
9bd : AA23478D;
9be : BDE51EFD;
9bf : 033D8DB3;
9c0 : 9DA24481;
9c1 : 2A8DA703;
9c2 : 2ACDA783;
9c3 : F4F710E3;
9c4 : E0EF854A;
9c5 : 479180BF;
9c6 : 2783BFF9;
9c7 : CB811B44;
9c8 : 033D87B3;
9c9 : 97A24481;
9ca : 2507A783;
9cb : 854AF385;
9cc : AE5FD0EF;
9cd : 033D87B3;
9ce : AA2397A2;
9cf : BD551F57;
9d0 : 67857179;
9d1 : CA56CE4E;
9d2 : D422D606;
9d3 : D04AD226;
9d4 : C85ACC52;
9d5 : C462C65E;
9d6 : 89AAC266;
9d7 : 87938AAE;
9d8 : B7F38007;
9d9 : 77F33047;
9da : 07B73004;
9db : A7030010;
9dc : 67D12007;
9dd : 54936B51;
9de : F4930107;
9df : 8B2303F4;
9e0 : 16937097;
9e1 : 478D0057;
9e2 : 0006C563;
9e3 : 01875793;
9e4 : 59138B9D;
9e5 : 0AA34016;
9e6 : 645170FB;
9e7 : 791367D1;
9e8 : 8A230019;
9e9 : 07937127;
9ea : A0237704;
9eb : A6230737;
9ec : AC230607;
9ed : AA230607;
9ee : 07370607;
9ef : 24230010;
9f0 : 22232207;
9f1 : 22232207;
9f2 : 46852007;
9f3 : 26D72023;
9f4 : 24072023;
9f5 : 20072023;
9f6 : 22072423;
9f7 : 22072223;
9f8 : 20072223;
9f9 : 22072023;
9fa : 3E800693;
9fb : 24D72423;
9fc : 30072783;
9fd : 77040413;
9fe : 0027E793;
9ff : 30F72023;
a00 : 00099663;
a01 : D07C479D;
a02 : A03987A6;
a03 : D07C47A5;
a04 : 87D6470D;
a05 : FEE99AE3;
a06 : 11040513;
a07 : 85D68626;
a08 : 06040A13;
a09 : 08F42623;
a0a : B05FD0EF;
a0b : 8C138552;
a0c : 4A010014;
a0d : 47834C85;
a0e : 0B93715B;
a0f : 87130F05;
a10 : 4963FFF7;
a11 : C0950CEA;
a12 : 3C042A23;
a13 : 3E042623;
a14 : 20000713;
a15 : 3CE42C23;
a16 : 3C042E23;
a17 : 3E042023;
a18 : 3C042823;
a19 : 2823577D;
a1a : 47053EE4;
a1b : 04E99263;
a1c : 00100737;
a1d : 20070713;
a1e : 8B094358;
a1f : 0713CF3D;
a20 : 28230804;
a21 : 07130EE4;
a22 : 2A231104;
a23 : 85B30EE4;
a24 : 036300F4;
a25 : 05850009;
a26 : 0F042783;
a27 : 0F442503;
a28 : C7CC8626;
a29 : A89FD0EF;
a2a : 0E042E23;
a2b : 0E042C23;
a2c : 001006B7;
a2d : 2806A703;
a2e : 20068793;
a2f : 00E71613;
a30 : 06065663;
a31 : 06B7439C;
a32 : 97130010;
a33 : 42630047;
a34 : 84630607;
a35 : 07B70209;
a36 : 47050010;
a37 : 26E7A223;
a38 : 2287A703;
a39 : 00176713;
a3a : 22E7A423;
a3b : 87936785;
a3c : A7F38007;
a3d : 67F33047;
a3e : 50B23004;
a3f : 54925422;
a40 : 49F25902;
a41 : 4AD24A62;
a42 : 4BB24B42;
a43 : 4C924C22;
a44 : 80826145;
a45 : 014C0633;
a46 : 1A050513;
a47 : D0EF85D6;
a48 : 0A05A0FF;
a49 : 0B9BA223;
a4a : B731855E;
a4b : B7595FFC;
a4c : A7035BBC;
a4d : 87932786;
a4e : 16132006;
a4f : 59E300E7;
a50 : BF41FE06;
a51 : DC227139;
a52 : D2566451;
a53 : 77040413;
a54 : D05A6AC1;
a55 : DE06CE5E;
a56 : D84ADA26;
a57 : D452D64E;
a58 : CA66CC62;
a59 : 6BD1C86A;
a5a : B90A8A93;
a5b : 0F040B13;
a5c : FFFDBA37;
a5d : 610A0A13;
a5e : 001007B7;
a5f : 2807A703;
a60 : 20078793;
a61 : 00E71693;
a62 : 0206D863;
a63 : 0785583C;
a64 : 6785D83C;
a65 : 80078793;
a66 : 3447B7F3;
a67 : 546250F2;
a68 : 594254D2;
a69 : 5A2259B2;
a6a : 5B025A92;
a6b : 4C624BF2;
a6c : 4D424CD2;
a6d : 80826121;
a6e : C9835FE4;
a6f : D913716B;
a70 : 79130184;
a71 : 04A207F9;
a72 : 1E6380A1;
a73 : 5C3C0139;
a74 : DC3C0785;
a75 : 4725507C;
a76 : 676317FD;
a77 : 078A04F7;
a78 : 439C97D6;
a79 : 17E38782;
a7a : 587CFE09;
a7b : D87C0785;
a7c : 2783B7D5;
a7d : 0C370BC4;
a7e : 45850010;
a7f : 24FC2023;
a80 : 13C42783;
a81 : 13842683;
a82 : 97B6854E;
a83 : C7B34689;
a84 : 222302D7;
a85 : D0EF24FC;
a86 : 2783A07F;
a87 : 879341CC;
a88 : D43C0327;
a89 : D07C47A9;
a8a : 08C42783;
a8b : 00F91A63;
a8c : 08842703;
a8d : 16075C63;
a8e : 08942223;
a8f : 08942423;
a90 : 0E042783;
a91 : 2783DB95;
a92 : C7991D04;
a93 : 85A6864A;
a94 : 11040513;
a95 : CB9FD0EF;
a96 : 47A15078;
a97 : F0F71AE3;
a98 : 6C515038;
a99 : 0A13478D;
a9a : 6CD17D0C;
a9b : 00F71A63;
a9c : 7D0C0C13;
a9d : C7834D01;
a9e : 17FD715C;
a9f : 1CFD4863;
aa0 : 0129C863;
aa1 : 85A6864A;
aa2 : 3D040513;
aa3 : 807FD0EF;
aa4 : 4D054C01;
aa5 : C7830985;
aa6 : 17FD715C;
aa7 : ECFC5AE3;
aa8 : 190A2783;
aa9 : 01A79E63;
aaa : 018987B3;
aab : 00F91A63;
aac : 1D8A2023;
aad : 85A64601;
aae : 1A0A0513;
aaf : FD6FD0EF;
ab0 : 0A130C05;
ab1 : BFC10F0A;
ab2 : 001007B7;
ab3 : 41C7A703;
ab4 : 8F99543C;
ab5 : F407DAE3;
ab6 : 4705503C;
ab7 : F4E785E3;
ab8 : B791478D;
ab9 : 854E4581;
aba : 935FD0EF;
abb : 0F042503;
abc : ACBFD0EF;
abd : 001007B7;
abe : A2234705;
abf : 46A520E7;
ac0 : 0ED42E23;
ac1 : 0EE42C23;
ac2 : A6000737;
ac3 : A6230705;
ac4 : 478924E7;
ac5 : 855ABF09;
ac6 : 8C5FD0EF;
ac7 : F00506E3;
ac8 : 979FD0EF;
ac9 : D07C47A1;
aca : 1C042503;
acb : BF0FE0EF;
acc : 0513BDE5;
acd : D0EF0804;
ace : 4791A85F;
acf : 2783B5ED;
ad0 : 83E30E04;
ad1 : 2783EE07;
ad2 : 8FE30E44;
ad3 : 5038EC07;
ad4 : 17E3478D;
ad5 : 4795FCF7;
ad6 : 0513B5F9;
ad7 : D0EF1104;
ad8 : 4799989F;
ad9 : 2783B5C9;
ada : 8FE31B44;
adb : BF4DEA07;
adc : 47855038;
add : 02F71063;
ade : D0EF855A;
adf : E919863F;
ae0 : 0785547C;
ae1 : 47A5D47C;
ae2 : 2503D07C;
ae3 : D0EF1C04;
ae4 : BD59E86F;
ae5 : 0E042783;
ae6 : 5038D7E5;
ae7 : 15E3478D;
ae8 : 2783E8F7;
ae9 : 91E31B44;
aea : BFD9E807;
aeb : 08042783;
aec : 00E4D763;
aed : 00400737;
aee : 202397BA;
aef : 268308F4;
af0 : 27030804;
af1 : 57B70844;
af2 : 86330002;
af3 : 05B300D4;
af4 : 879340E6;
af5 : D3639F07;
af6 : 85BE00B7;
af7 : 0145D363;
af8 : E7B785D2;
af9 : 879305F5;
afa : DB631007;
afb : D96300C7;
afc : 8E9D00E7;
afd : 08D42023;
afe : 40F707B3;
aff : 08F42223;
b00 : 08442783;
b01 : 05136711;
b02 : 97BA0984;
b03 : 08F42223;
b04 : 2423C62E;
b05 : D0EF0894;
b06 : 45B2A3FF;
b07 : 00100C37;
b08 : 24AC2023;
b09 : 0D040513;
b0a : 9D5FD0EF;
b0b : 0E442783;
b0c : E00788E3;
b0d : 0E042783;
b0e : E00784E3;
b0f : 41CC2783;
b10 : 0E842703;
b11 : 26238F99;
b12 : BBDD0EF4;
b13 : 260C2783;
b14 : 864AC799;
b15 : 051385A6;
b16 : D0EF1A0C;
b17 : 0D05AB3F;
b18 : 0F0C0C13;
b19 : 0737BD09;
b1a : 28830010;
b1b : 26033087;
b1c : 278330C7;
b1d : 28033047;
b1e : 26833087;
b1f : 761330C7;
b20 : F6930FF6;
b21 : 12E30FF6;
b22 : 90E3FF18;
b23 : C501FEC6;
b24 : 01052023;
b25 : C581C154;
b26 : 83850792;
b27 : 8082C19C;
b28 : 001017B7;
b29 : 90078793;
b2a : C10C953E;
b2b : 80824501;
b2c : 001017B7;
b2d : A5831141;
b2e : C6069047;
b2f : E593CD01;
b30 : 45110015;
b31 : 40B23FF1;
b32 : 001017B7;
b33 : 9047A503;
b34 : 80820141;
b35 : B7F599F9;
b36 : 00101737;
b37 : 90472683;
b38 : 90472783;
b39 : 8FF583A1;
b3a : C3958B85;
b3b : 80824501;
b3c : 40B64501;
b3d : 44964426;
b3e : 59F24906;
b3f : 5AD25A62;
b40 : 5BB25B42;
b41 : 5C925C22;
b42 : 61615D02;
b43 : 715D8082;
b44 : 6551C2A6;
b45 : 879364D1;
b46 : 05935504;
b47 : 05133E80;
b48 : C4A26905;
b49 : C686DC52;
b4a : 0207AA03;
b4b : DE4EC0CA;
b4c : D85ADA56;
b4d : D462D65E;
b4e : D06AD266;
b4f : 80EFE0EF;
b50 : 8493842A;
b51 : F54D5504;
b52 : 379D69D1;
b53 : 77098913;
b54 : 58492783;
b55 : 89934561;
b56 : 43CC7709;
b57 : 0087AB03;
b58 : 00C7AA83;
b59 : 85DA3F35;
b5a : 3F1D4571;
b5b : 051385D6;
b5c : 373D0600;
b5d : 0028004C;
b5e : 45B235FD;
b5f : 05134B22;
b60 : 4A920200;
b61 : 85DA3F31;
b62 : 02400513;
b63 : 85D63F11;
b64 : 02800513;
b65 : C7833731;
b66 : 268300C4;
b67 : 47210649;
b68 : B79317F5;
b69 : 45890017;
b6a : 00E68363;
b6b : 8DDD4581;
b6c : 35FD4531;
b6d : 000A4583;
b6e : 35DD4541;
b6f : C70367D1;
b70 : 478D6CC7;
b71 : 0AF71D63;
b72 : AA83509C;
b73 : A78317C7;
b74 : 4F887109;
b75 : 70EF4FCC;
b76 : A7031E80;
b77 : CB835B49;
b78 : 4785060A;
b79 : FB938B2A;
b7a : 1063001B;
b7b : 67850CF7;
b7c : A78397CE;
b7d : 9A638D87;
b7e : AA030AE7;
b7f : 06635B09;
b80 : 05130A0A;
b81 : 70EF0E8A;
b82 : 2A0320A0;
b83 : 84AA00CA;
b84 : 8513892E;
b85 : 70EF030A;
b86 : 8CAA1FA0;
b87 : 050A8513;
b88 : 70EF8D2E;
b89 : C5831EE0;
b8a : A783061A;
b8b : 8C2A7149;
b8c : E5B305A2;
b8d : 45210175;
b8e : 0687A983;
b8f : 85CA3595;
b90 : 02C00513;
b91 : 85A63DB1;
b92 : 03000513;
b93 : 85EA3D91;
b94 : 03400513;
b95 : 85E635B1;
b96 : 03800513;
b97 : 85DA3591;
b98 : 03C00513;
b99 : 85E23D35;
b9a : 04000513;
b9b : 85D23D15;
b9c : 04400513;
b9d : 85CE3535;
b9e : 04800513;
b9f : 67D13515;
ba0 : 7157C483;
ba1 : D36347A1;
ba2 : 44A10097;
ba3 : 01000937;
ba4 : 14FD4A01;
ba5 : 197D498D;
ba6 : 00944D63;
ba7 : 455185D2;
ba8 : 45053501;
ba9 : 45053531;
baa : 4A01B5A9;
bab : 49014481;
bac : 85A2B78D;
bad : D0EF0848;
bae : 47D2B7EF;
baf : 00A7F713;
bb0 : 00871733;
bb1 : 00EA6A33;
bb2 : 0289C963;
bb3 : F71345E2;
bb4 : 37330047;
bb5 : 969300E0;
bb6 : 45F20185;
bb7 : 076A8BA1;
bb8 : 0125F5B3;
bb9 : 00F037B3;
bba : 15138DD5;
bbb : 07EE0024;
bbc : 8DDD8DD9;
bbd : 05050513;
bbe : 04053365;
bbf : 7175BF71;
bc0 : 6537C522;
bc1 : 6451696C;
bc2 : 77040793;
bc3 : C326C706;
bc4 : DECEC14A;
bc5 : 16350513;
bc6 : 5007AC23;
bc7 : D1CFE0EF;
bc8 : 436357FD;
bc9 : 06130205;
bca : 004C06C0;
bcb : D0EF4501;
bcc : 079398AF;
bcd : 041306C0;
bce : 0F637704;
bcf : 2C2300F5;
bd0 : 57FD5004;
bd1 : 00042423;
bd2 : 442A40BA;
bd3 : 490A449A;
bd4 : 853E59F6;
bd5 : 80826149;
bd6 : 51440493;
bd7 : 06C00613;
bd8 : 8526004C;
bd9 : 7EE060EF;
bda : 58040993;
bdb : 25038926;
bdc : 09110009;
bdd : 1AC0C0EF;
bde : FEA92E23;
bdf : FF3919E3;
be0 : 51442783;
be1 : CAFEC737;
be2 : ABE70713;
be3 : FAE799E3;
be4 : 51842603;
be5 : 97B24701;
be6 : 1C6304A1;
be7 : 270300E6;
be8 : 1EE351C4;
be9 : 67D1F8F7;
bea : 86234705;
beb : 478170E7;
bec : 40D4BF51;
bed : 0705448C;
bee : 97B696AE;
bef : 7119BFF1;
bf0 : 6451DCA2;
bf1 : 0493DAA6;
bf2 : A6037704;
bf3 : 84935184;
bf4 : D8CA5144;
bf5 : 86AADE86;
bf6 : 47818726;
bf7 : 77040413;
bf8 : 91636955;
bf9 : 463102C7;
bfa : 8A63577D;
bfb : 971308C7;
bfc : 97220037;
bfd : 20230785;
bfe : 222352D7;
bff : 2C2352B7;
c00 : A80950F4;
c01 : 07214748;
c02 : 08A69263;
c03 : 97A2078E;
c04 : 52B7A223;
c05 : 696C6537;
c06 : 16350513;
c07 : C1CFE0EF;
c08 : 4E63577D;
c09 : 26030405;
c0a : C7B75184;
c0b : 8793CAFE;
c0c : 2A23ABE7;
c0d : 470150F4;
c0e : 04A197B2;
c0f : 04E61A63;
c10 : 06C00613;
c11 : C8490593;
c12 : 2E230048;
c13 : 004450F4;
c14 : 702060EF;
c15 : 04914088;
c16 : 0C80C0EF;
c17 : FEA4AE23;
c18 : 99E3189C;
c19 : 4828FE97;
c1a : 884FD0EF;
c1b : 06C00613;
c1c : 4501004C;
c1d : 810FD0EF;
c1e : 24234701;
c1f : 50F60004;
c20 : 54D65466;
c21 : 853A5946;
c22 : 80826109;
c23 : BF910785;
c24 : 448C40D4;
c25 : 96AE0705;
c26 : B74597B6;
c27 : 49184781;
c28 : 00E7C363;
c29 : 00018082;
c2a : BFD50785;
c2b : 411CC519;
c2c : 0087A303;
c2d : 00030363;
c2e : 80828302;
c2f : C4221141;
c30 : 45816451;
c31 : 44040513;
c32 : 37CDC606;
c33 : 12C00513;
c34 : 9C5FD0EF;
c35 : 45856551;
c36 : 44850513;
c37 : 05133FC1;
c38 : D0EF12C0;
c39 : 05139B3F;
c3a : 45854404;
c3b : 442237C1;
c3c : 051340B2;
c3d : 014112C0;
c3e : 99DFD06F;
c3f : C84A1101;
c40 : C64E6951;
c41 : 89AAC452;
c42 : 05138A2E;
c43 : 45854409;
c44 : CC22CE06;
c45 : C256CA26;
c46 : 05133F51;
c47 : D0EF12C0;
c48 : 6451977F;
c49 : 05134581;
c4a : 37494484;
c4b : 12C00513;
c4c : 965FD0EF;
c4d : 44814AA1;
c4e : 05134585;
c4f : 37BD4484;
c50 : 12C00513;
c51 : 951FD0EF;
c52 : 05130486;
c53 : F4934409;
c54 : D0EF0FF4;
c55 : C119951F;
c56 : 0014E493;
c57 : 05134581;
c58 : 37A94484;
c59 : 12C00513;
c5a : D0EF1AFD;
c5b : 95E392BF;
c5c : 4585FC0A;
c5d : 000A1363;
c5e : 05134581;
c5f : 373D4409;
c60 : 12C00513;
c61 : 911FD0EF;
c62 : 05134585;
c63 : 3F394484;
c64 : 12C00513;
c65 : 901FD0EF;
c66 : 44840513;
c67 : 37394581;
c68 : 12C00513;
c69 : 8F1FD0EF;
c6a : 446240F2;
c6b : 00998023;
c6c : 44D24942;
c6d : 4A2249B2;
c6e : 61054A92;
c6f : 11018082;
c70 : CA26CC22;
c71 : C64EC84A;
c72 : 842ACE06;
c73 : 64D149A1;
c74 : 75936951;
c75 : 85130804;
c76 : 3DC94404;
c77 : 12C00513;
c78 : 8B5FD0EF;
c79 : 05134585;
c7a : 35C94489;
c7b : 12C00513;
c7c : 8A5FD0EF;
c7d : 05134581;
c7e : 3D4D4489;
c7f : 12C00513;
c80 : 19FD0406;
c81 : 891FD0EF;
c82 : 0FF47413;
c83 : FC0993E3;
c84 : 85134585;
c85 : 3D594404;
c86 : 12C00513;
c87 : 879FD0EF;
c88 : 05134585;
c89 : 35594489;
c8a : 12C00513;
c8b : 869FD0EF;
c8c : 44048513;
c8d : 86FFD0EF;
c8e : 842A4581;
c8f : 44890513;
c90 : 051335B5;
c91 : D0EF12C0;
c92 : 851384FF;
c93 : 45814404;
c94 : 05133DB1;
c95 : D0EF12C0;
c96 : C01183FF;
c97 : 40F25435;
c98 : 44628522;
c99 : 494244D2;
c9a : 610549B2;
c9b : 65518082;
c9c : 45811141;
c9d : 44050513;
c9e : 3D0DC606;
c9f : 12C00513;
ca0 : 815FD0EF;
ca1 : 05136551;
ca2 : 45814485;
ca3 : 40B23505;
ca4 : 12C00513;
ca5 : D06F0141;
ca6 : 411CFFEF;
ca7 : 1141C385;
ca8 : C226C422;
ca9 : 842AC606;
caa : 3BCD84AE;
cab : 44224008;
cac : C59340B2;
cad : 44920014;
cae : BBCD0141;
caf : C5198082;
cb0 : A303411C;
cb1 : 03630047;
cb2 : 83020003;
cb3 : 11018082;
cb4 : CC22CE06;
cb5 : 842ACA26;
cb6 : C452C64E;
cb7 : 3B7DC84A;
cb8 : 45814448;
cb9 : 33D949A1;
cba : 3B4D8522;
cbb : 45814048;
cbc : 3B6D4481;
cbd : 45814408;
cbe : 37D14A01;
cbf : 3B798522;
cc0 : 01F4D793;
cc1 : 001A1913;
cc2 : 0127E933;
cc3 : 0486485C;
cc4 : C7998A4A;
cc5 : D0EF4408;
cc6 : C119F8CF;
cc7 : 0014E493;
cc8 : 45854448;
cc9 : 85223361;
cca : 485C3B95;
ccb : 4408E799;
ccc : F72FD0EF;
ccd : E493C119;
cce : 44480014;
ccf : 19FD4581;
cd0 : 852233B5;
cd1 : 9DE33BA1;
cd2 : 8522FA09;
cd3 : 40F23B81;
cd4 : 49B24462;
cd5 : 85264A22;
cd6 : 44D285CA;
cd7 : 61054942;
cd8 : 11018082;
cd9 : CC22CE06;
cda : 842ACA26;
cdb : C64EC84A;
cdc : C4528932;
cdd : 331D89AE;
cde : 45814048;
cdf : 333D449D;
ce0 : 45854048;
ce1 : 3F255A7D;
ce2 : 45814448;
ce3 : 85223305;
ce4 : 86263331;
ce5 : 85CA854E;
ce6 : 47D0B0EF;
ce7 : 00157593;
ce8 : 14FD4048;
ce9 : 85223321;
cea : 444839D5;
ceb : 39FD4585;
cec : 31ED8522;
ced : 45814448;
cee : 852239D5;
cef : 9AE331C5;
cf0 : 40F2FD44;
cf1 : 44D24462;
cf2 : 49B24942;
cf3 : 61054A22;
cf4 : 11418082;
cf5 : 842AC422;
cf6 : 45854108;
cf7 : C226C606;
cf8 : 40083D6D;
cf9 : 45954601;
cfa : 40083FAD;
cfb : 84AA35CD;
cfc : 45814008;
cfd : 40B2355D;
cfe : F5134422;
cff : 44920FF4;
d00 : 80820141;
d01 : CC221101;
d02 : 481C842A;
d03 : C84ACA26;
d04 : D913C64E;
d05 : D4930105;
d06 : CE060085;
d07 : 79134108;
d08 : F4930FF9;
d09 : F9930FF4;
d0a : C7950FF5;
d0b : 460181E1;
d0c : 40083F0D;
d0d : 460185CA;
d0e : 4008372D;
d0f : 460185A6;
d10 : 4008370D;
d11 : 40F24462;
d12 : 494244D2;
d13 : 49B285CE;
d14 : 61054601;
d15 : 85CAB739;
d16 : BFF94601;
d17 : 1101415C;
d18 : 0493CA26;
d19 : 94BEFFF6;
d1a : 02F4D4B3;
d1b : C64ECC22;
d1c : C256C452;
d1d : C84ACE06;
d1e : 8A2E842A;
d1f : 4A8189B2;
d20 : 009ACC63;
d21 : 446240F2;
d22 : 494244D2;
d23 : 4A924A22;
d24 : 49B2854E;
d25 : 80826105;
d26 : 45854008;
d27 : 00442903;
d28 : 40083BED;
d29 : 45994601;
d2a : 40083D6D;
d2b : 032A8933;
d2c : 33E54581;
d2d : 45854008;
d2e : 481C33CD;
d2f : 05934008;
d30 : 99520DC0;
d31 : E7814601;
d32 : 0D800593;
d33 : 3D514601;
d34 : 852285CA;
d35 : 40083F05;
d36 : 33C14581;
d37 : 3DD58522;
d38 : FD6D8905;
d39 : 35F58522;
d3a : FD6D8905;
d3b : BF490A85;
d3c : CC221101;
d3d : 4108842A;
d3e : 892EC84A;
d3f : CA264585;
d40 : CE06C64E;
d41 : 84B689B2;
d42 : 481C3B49;
d43 : 45AD4008;
d44 : 45B1C391;
d45 : 35B14601;
d46 : 852285CA;
d47 : 400835E5;
d48 : 46014581;
d49 : 49013D3D;
d4a : 4C634008;
d4b : 45810099;
d4c : 40F233AD;
d4d : 49424462;
d4e : 852649B2;
d4f : 610544D2;
d50 : 33718082;
d51 : 012987B3;
d52 : 00A78023;
d53 : BFE90905;
d54 : CC221101;
d55 : 4108842A;
d56 : 892EC84A;
d57 : CE064585;
d58 : C64ECA26;
d59 : 89B284B6;
d5a : 40083B0D;
d5b : 45994601;
d5c : 40083BCD;
d5d : 33154581;
d5e : 360D4008;
d5f : 45854008;
d60 : 481C3B29;
d61 : 45894008;
d62 : 45C9C391;
d63 : 3BD14601;
d64 : 852285CA;
d65 : 49013D85;
d66 : 40634008;
d67 : 45810299;
d68 : 852239ED;
d69 : 8905353D;
d6a : 40F2FD6D;
d6b : 49424462;
d6c : 852649B2;
d6d : 610544D2;
d6e : 87B38082;
d6f : C5830129;
d70 : 46010007;
d71 : 3B710905;
d72 : 67D1BFC1;
d73 : A2236751;
d74 : 67D17007;
d75 : 6E071E23;
d76 : 6E079A23;
d77 : 6FC70713;
d78 : 6F478793;
d79 : 45014581;
d7a : 00072223;
d7b : 0007A223;
d7c : C11FE06F;
d7d : 001007B7;
d7e : 40078793;
d7f : 07374FDC;
d80 : 953E0010;
d81 : 41C72783;
d82 : CDE38F89;
d83 : 8082FE07;
d84 : A50367D1;
d85 : CD016E87;
d86 : CB91411C;
d87 : C6061141;
d88 : 43639782;
d89 : 557D00A0;
d8a : 014140B2;
d8b : 557D8082;
d8c : 71398082;
d8d : 1030D432;
d8e : D636CE06;
d8f : DA3ED83A;
d90 : DE46DC42;
d91 : E0EFC632;
d92 : 40F2890F;
d93 : 80826121;
d94 : 07136755;
d95 : 76B31807;
d96 : 678502E5;
d97 : E1078793;
d98 : 08131101;
d99 : 8F3203C0;
d9a : CC22CE06;
d9b : 7B200613;
d9c : 02E555B3;
d9d : 02F6F733;
d9e : 02F6D7B3;
d9f : 0306F8B3;
da0 : 03075833;
da1 : 7313872E;
da2 : 36930036;
da3 : 86930013;
da4 : 776316D6;
da5 : 331306D7;
da6 : 46B10013;
da7 : 0E136E41;
da8 : 4E81C78E;
da9 : 02D30333;
daa : 06B39372;
dab : C50301D3;
dac : 86932086;
dad : 7863001E;
dae : 655504A7;
daf : 07054309;
db0 : 05050413;
db1 : 046F0463;
db2 : 431D0591;
db3 : 0265F5B3;
db4 : 220E0693;
db5 : 250E0E13;
db6 : C0460E8A;
db7 : 883E88C2;
db8 : 96F687B2;
db9 : 05050513;
dba : 0633058A;
dbb : 65C500BE;
dbc : 1E458593;
dbd : 40F23F3D;
dbe : 44628522;
dbf : 80826105;
dc0 : 06058F15;
dc1 : 8F09B749;
dc2 : B7458EB6;
dc3 : 859365C5;
dc4 : 05132045;
dc5 : 3F310505;
dc6 : 1141BFF9;
dc7 : C606C422;
dc8 : 0035C783;
dc9 : 0025C703;
dca : 0015C683;
dcb : 0005C603;
dcc : 859365C5;
dcd : 842A2245;
dce : 40B23DED;
dcf : 44228522;
dd0 : 80820141;
dd1 : D6067179;
dd2 : D226D422;
dd3 : 4683D04A;
dd4 : C7830005;
dd5 : 44830115;
dd6 : 872E0015;
dd7 : 08D79B63;
dd8 : 04000693;
dd9 : 05938432;
dda : 88630025;
ddb : E66306D7;
ddc : 468902F6;
ddd : 02D78863;
dde : 45014691;
ddf : 04D79963;
de0 : 01374783;
de1 : E4635575;
de2 : 85220497;
de3 : 94268626;
de4 : 7C3050EF;
de5 : 00040023;
de6 : 0713A80D;
de7 : 45010420;
de8 : 02E79763;
de9 : 55754911;
dea : 02996363;
deb : 00288626;
dec : 50EFC402;
ded : 45227A10;
dee : 40990933;
def : B0EF090E;
df0 : 59331630;
df1 : 20230125;
df2 : 85130124;
df3 : 50B20024;
df4 : 54925422;
df5 : 61455902;
df6 : 47918082;
df7 : 98E35575;
df8 : 4611FEF4;
df9 : 50EF8522;
dfa : 85A276D0;
dfb : 37350068;
dfc : 5575BFE9;
dfd : 1141BFE9;
dfe : 45C4C226;
dff : C606C422;
e00 : 37898626;
e01 : 5D63842A;
e02 : 409800A0;
e03 : 1F634785;
e04 : 60EF00F7;
e05 : 70EF6350;
e06 : 07932A90;
e07 : C09C0640;
e08 : 852240B2;
e09 : 44924422;
e0a : 80820141;
e0b : 0C800793;
e0c : C703B7FD;
e0d : 45D00125;
e0e : B729963A;
e0f : DC227139;
e10 : D84ADA26;
e11 : 0023DE06;
e12 : 079300B5;
e13 : 842A0400;
e14 : 091384B2;
e15 : 88630025;
e16 : EF6308F5;
e17 : 478900B7;
e18 : 04F58463;
e19 : 81634791;
e1a : 450106F5;
e1b : 546250F2;
e1c : 594254D2;
e1d : 80826121;
e1e : 04300793;
e1f : 02B7F663;
e20 : 04600793;
e21 : FEF593E3;
e22 : C78367D1;
e23 : 45016C47;
e24 : 425CDFF1;
e25 : 080C4218;
e26 : 854A4621;
e27 : C83ACA3E;
e28 : 6B3050EF;
e29 : A81947A1;
e2a : B0EF4088;
e2b : C62A0770;
e2c : 006C4611;
e2d : 50EF854A;
e2e : 479169D0;
e2f : 00F400A3;
e30 : 00144503;
e31 : B75D0509;
e32 : 853245FD;
e33 : 530060EF;
e34 : 00A400A3;
e35 : 0FF57513;
e36 : 00150613;
e37 : 854A85A6;
e38 : 673050EF;
e39 : 4791BFF1;
e3a : 00F500A3;
e3b : 461185A6;
e3c : 50EF854A;
e3d : 85A66610;
e3e : 35050868;
e3f : 7179B7D1;
e40 : 84AED226;
e41 : D42265D1;
e42 : 842A4641;
e43 : 5B458593;
e44 : D6060068;
e45 : 63F050EF;
e46 : 0114C583;
e47 : 85220070;
e48 : 00010E23;
e49 : 50B23F21;
e4a : 54925422;
e4b : 80826145;
e4c : 0125C783;
e4d : C58345D0;
e4e : 963E0115;
e4f : 45D8B701;
e50 : 0125C783;
e51 : 0115C583;
e52 : 963E4310;
e53 : 1101BDC5;
e54 : 45C4CA26;
e55 : CE06CC22;
e56 : F793C84A;
e57 : 842E0024;
e58 : 07B7C785;
e59 : 87930010;
e5a : 4FDC4007;
e5b : C5834729;
e5c : D7B30115;
e5d : 003002E7;
e5e : 35C9C43E;
e5f : 446240F2;
e60 : 494244D2;
e61 : 80826105;
e62 : 0044F793;
e63 : C789892A;
e64 : 00284581;
e65 : AD2FF0EF;
e66 : 00308885;
e67 : 4522C491;
e68 : 460945B2;
e69 : 862A3175;
e6a : 01144583;
e6b : B7F1854A;
e6c : 478545D8;
e6d : 02F71963;
e6e : CA261101;
e6f : 655584AA;
e70 : C7850513;
e71 : CC22CE06;
e72 : E0EF842E;
e73 : 4583ABCF;
e74 : 05050114;
e75 : 0070C62A;
e76 : 358D8526;
e77 : 446240F2;
e78 : 610544D2;
e79 : 557D8082;
e7a : 67518082;
e7b : 77070793;
e7c : 7147A683;
e7d : 110145DC;
e7e : CA26CC22;
e7f : 4609CE06;
e80 : 842E84AA;
e81 : 02C78F63;
e82 : 8E634615;
e83 : 071306C7;
e84 : 25837707;
e85 : 46055B47;
e86 : 0AC59B63;
e87 : 963A6605;
e88 : 8D862603;
e89 : 0AB61563;
e8a : 463117FD;
e8b : 5B072503;
e8c : 14F66063;
e8d : 078A6641;
e8e : BB860613;
e8f : 439C97B2;
e90 : 85138782;
e91 : 60EF0506;
e92 : 87AE5CA0;
e93 : C42AC62E;
e94 : 4583577D;
e95 : C8630114;
e96 : 9C6300E7;
e97 : 073700E7;
e98 : 78638000;
e99 : 053700E5;
e9a : C22A8000;
e9b : 85260050;
e9c : 4563A889;
e9d : FBF500F0;
e9e : FE0559E3;
e9f : 80000537;
ea0 : FFF54513;
ea1 : 5AACB7DD;
ea2 : D6375AFC;
ea3 : 06133B9A;
ea4 : 8733A006;
ea5 : 87B302C5;
ea6 : B63302C7;
ea7 : 97B202C5;
ea8 : D6835EF0;
ea9 : 159307A6;
eaa : 8ECD0106;
eab : 96BA8641;
eac : B73397B2;
ead : 458300E6;
eae : 97BA0114;
eaf : C63EC436;
eb0 : 3BAD0030;
eb1 : 446240F2;
eb2 : 610544D2;
eb3 : 47058082;
eb4 : 00E78A63;
eb5 : 48014781;
eb6 : C642C43E;
eb7 : 01144583;
eb8 : B7710030;
eb9 : 06300793;
eba : BFCDC43E;
ebb : 0616C783;
ebc : 5558BFE5;
ebd : 458356FD;
ebe : 551C0114;
ebf : 00D74863;
ec0 : 00D71963;
ec1 : 800006B7;
ec2 : 00D7F563;
ec3 : 800007B7;
ec4 : 4563577D;
ec5 : E71900E0;
ec6 : 0007D663;
ec7 : 800007B7;
ec8 : FFF7C793;
ec9 : 0030C43E;
eca : 0513B799;
ecb : 60EF0E85;
ecc : C42A4E20;
ecd : B75DC62E;
ece : 04850513;
ecf : 4D4060EF;
ed0 : BF69C42A;
ed1 : 05850513;
ed2 : 0513BFD5;
ed3 : B7FD0685;
ed4 : 07850513;
ed5 : 411CB7E5;
ed6 : 415CBF41;
ed7 : 451CB771;
ed8 : 2783B761;
ed9 : 4F887107;
eda : 60EF4FCC;
edb : B7D14540;
edc : BF89557D;
edd : 862E86B2;
ede : 114165C5;
edf : 23058593;
ee0 : C422C606;
ee1 : 3475842A;
ee2 : 50EF8522;
ee3 : 95227C20;
ee4 : FFC50713;
ee5 : C68387AA;
ee6 : 17FD0007;
ee7 : 00D78123;
ee8 : FEF71BE3;
ee9 : 02E00793;
eea : FEF50EA3;
eeb : 852240B2;
eec : 01414422;
eed : 41148082;
eee : 7175415C;
eef : C706C522;
ef0 : 842E8EDD;
ef1 : 87E1CE85;
ef2 : 0C07F793;
ef3 : 08000713;
ef4 : 02E79263;
ef5 : 859365C5;
ef6 : 850A2385;
ef7 : 860A3C99;
ef8 : 859365C5;
ef9 : 85222485;
efa : 40BA34A9;
efb : 442A8522;
efc : 80826149;
efd : 34A060EF;
efe : B7DD862A;
eff : 474C872A;
f00 : 60EF4508;
f01 : 65C52B40;
f02 : 8593862A;
f03 : BFE12505;
f04 : C4221141;
f05 : 04136455;
f06 : 862E0704;
f07 : 852285AA;
f08 : C606C226;
f09 : AB3FD0EF;
f0a : 84AA67D1;
f0b : 6E87A503;
f0c : 415CC501;
f0d : 978285A2;
f0e : 442240B2;
f0f : 44928526;
f10 : 80820141;
f11 : D22E7139;
f12 : CE06104C;
f13 : D636D432;
f14 : DA3ED83A;
f15 : DE46DC42;
f16 : 3F5DC62E;
f17 : 612140F2;
f18 : 711D8082;
f19 : 6451DC22;
f1a : C4B2D84A;
f1b : C8BAC6B6;
f1c : CCC2CABE;
f1d : 6951CEC6;
f1e : 77040413;
f1f : 5BC42783;
f20 : 2983D64E;
f21 : DE0671C9;
f22 : E7B3DA26;
f23 : 83F100F9;
f24 : E793C7B9;
f25 : 2E230019;
f26 : 278370F9;
f27 : 84AE5D44;
f28 : 59840513;
f29 : 080C47DC;
f2a : 47F29782;
f2b : 01A15683;
f2c : 07C24642;
f2d : 67858EDD;
f2e : 47B7943E;
f2f : 8793000F;
f30 : C6B32407;
f31 : 258302F6;
f32 : 65458404;
f33 : 25850513;
f34 : 71392E23;
f35 : 00AC3F85;
f36 : C62E8526;
f37 : 50F23F15;
f38 : 54D25462;
f39 : 59B25942;
f3a : 80826125;
f3b : C4221141;
f3c : 07936451;
f3d : A7837704;
f3e : C2265B87;
f3f : 43FCC606;
f40 : 041364D5;
f41 : 84937704;
f42 : C785D084;
f43 : 59842783;
f44 : 85634719;
f45 : 472500E7;
f46 : 00E79863;
f47 : 45814619;
f48 : 63240513;
f49 : 0E1050EF;
f4a : 5B842783;
f4b : 43FC8526;
f4c : 27039782;
f4d : 47A95984;
f4e : 00E7C663;
f4f : 59C42703;
f50 : 00E7D563;
f51 : 90EF8526;
f52 : 26833040;
f53 : 478D59C4;
f54 : 58D42C23;
f55 : 00F69863;
f56 : 97A26785;
f57 : 8C07AA23;
f58 : 8C07AC23;
f59 : 5C044783;
f5a : 852665C5;
f5b : 00239BE5;
f5c : 27835CF4;
f5d : 85935A84;
f5e : 43902745;
f5f : 40B235DD;
f60 : 44924422;
f61 : 01414501;
f62 : 71658082;
f63 : 17312E23;
f64 : 17412C23;
f65 : 17512A23;
f66 : 17812423;
f67 : 18112623;
f68 : 24236C51;
f69 : 22231881;
f6a : 20231891;
f6b : 28231921;
f6c : 26231761;
f6d : 22231771;
f6e : 20231791;
f6f : 2E2317A1;
f70 : 8A2A15B1;
f71 : 0C138AAE;
f72 : 89AA770C;
f73 : 2983E199;
f74 : 278345CC;
f75 : 6441454C;
f76 : C7840413;
f77 : 40F00733;
f78 : 13F78913;
f79 : 00E97933;
f7a : 4D85994E;
f7b : 26C40B13;
f7c : FFF78D13;
f7d : 9C936BC1;
f7e : 9CDA006D;
f7f : 010CA503;
f80 : 014CA583;
f81 : 0D85C63A;
f82 : 34C0B0EF;
f83 : 00CCA583;
f84 : A50384AA;
f85 : B0EF008C;
f86 : 8C8933E0;
f87 : 41F95593;
f88 : B0EF854A;
f89 : A4233320;
f8a : 853300AC;
f8b : A6230124;
f8c : 559300BC;
f8d : B0EF41F5;
f8e : 473231E0;
f8f : 99260485;
f90 : A823996A;
f91 : AA2300AC;
f92 : 479500BC;
f93 : 00E97933;
f94 : FAFD93E3;
f95 : 4581854E;
f96 : 2FC0B0EF;
f97 : 37C42703;
f98 : 38042783;
f99 : 26A42A23;
f9a : 26B42C23;
f9b : 26E42E23;
f9c : 28F42023;
f9d : 041384DA;
f9e : 69453AC4;
f9f : 85934649;
fa0 : 080802C4;
fa1 : 020101A3;
fa2 : 49A050EF;
fa3 : 44CC4488;
fa4 : 04048493;
fa5 : 2C00B0EF;
fa6 : FD44A583;
fa7 : A503C62A;
fa8 : B0EFFD04;
fa9 : 46322B20;
faa : 080C86AA;
fab : 28C90513;
fac : 15E33B51;
fad : 2783FC94;
fae : 4615454C;
faf : 06336545;
fb0 : 85CE02F6;
fb1 : 2B050513;
fb2 : 04934401;
fb3 : 3B9D1400;
fb4 : 855285D6;
fb5 : AE6FC0EF;
fb6 : 464C2783;
fb7 : 450C2503;
fb8 : 008B0633;
fb9 : 85B343DC;
fba : 06930089;
fbb : 04130400;
fbc : 97820404;
fbd : FE9412E3;
fbe : 05136545;
fbf : 33992E05;
fc0 : 464C2783;
fc1 : 450C2503;
fc2 : 439C0810;
fc3 : 069385CE;
fc4 : 97821400;
fc5 : 14000613;
fc6 : 8513080C;
fc7 : 50EFEE4B;
fc8 : C1397640;
fc9 : 05136545;
fca : 3B292F45;
fcb : 8B4FE0EF;
fcc : 18C12083;
fcd : 18812403;
fce : 18412483;
fcf : 18012903;
fd0 : 17C12983;
fd1 : 17812A03;
fd2 : 17412A83;
fd3 : 17012B03;
fd4 : 16C12B83;
fd5 : 16812C03;
fd6 : 16412C83;
fd7 : 16012D03;
fd8 : 15C12D83;
fd9 : 80826159;
fda : 05136545;
fdb : BF752FC5;
fdc : C4221141;
fdd : C22645C0;
fde : 8622C606;
fdf : F0EFC04A;
fe0 : 84AAFC6F;
fe1 : 04A05563;
fe2 : 25036751;
fe3 : 401C63C7;
fe4 : 05934685;
fe5 : 35B30015;
fe6 : 893A00B0;
fe7 : 00D78A63;
fe8 : 03200713;
fe9 : 02E78C63;
fea : 0C800793;
feb : A005C01C;
fec : 4BE33BE9;
fed : 0793FE05;
fee : C01C0640;
fef : 57FD6751;
ff0 : 62F72C23;
ff1 : 2E236751;
ff2 : 2A2362F9;
ff3 : 40B262F7;
ff4 : 49024422;
ff5 : 44928526;
ff6 : 80820141;
ff7 : 9DEFC0EF;
ff8 : 478DBFC9;
ff9 : 1EC7C463;
ffa : C4A2715D;
ffb : 6537842A;
ffc : 05132D70;
ffd : C2A66735;
ffe : C686DE4E;
fff : DC52C0CA;
1000 : 89AEDA56;
1001 : D0EF84B2;
1002 : 57FDC32F;
1003 : 02054063;
1004 : 4785C885;
1005 : 04F99C63;
1006 : A68364D1;
1007 : 47117084;
1008 : 986357F9;
1009 : 67511AE6;
100a : 76072C23;
100b : 442640B6;
100c : 49064496;
100d : 5A6259F2;
100e : 853E5AD2;
100f : 80826161;
1010 : 24236951;
1011 : 45057009;
1012 : 0FF00A13;
1013 : 06134AC1;
1014 : 006C0210;
1015 : 864FC0EF;
1016 : 02100793;
1017 : 02F50663;
1018 : 8BE34785;
1019 : 2783FAF9;
101a : DFD57089;
101b : 02100913;
101c : 03248533;
101d : 02100613;
101e : 050585A2;
101f : 83CFC0EF;
1020 : 03250963;
1021 : B74557FD;
1022 : 00784781;
1023 : 4703973E;
1024 : 07E30007;
1025 : 0785FD47;
1026 : FF5799E3;
1027 : 70892503;
1028 : 02100793;
1029 : 24230505;
102a : 053370A9;
102b : 050502F5;
102c : 4781BF79;
102d : 06934701;
102e : 06330200;
102f : 460300E4;
1030 : 07050006;
1031 : 1AE397B2;
1032 : 4703FED7;
1033 : F7930204;
1034 : 87630FF7;
1035 : 654500E7;
1036 : 30450513;
1037 : B75D36A5;
1038 : 01144503;
1039 : 01544583;
103a : 01044703;
103b : 01444783;
103c : 05A20522;
103d : 8DDD8D59;
103e : 01244703;
103f : 01644783;
1040 : 07C20742;
1041 : 8FCD8F49;
1042 : 01344503;
1043 : 01744583;
1044 : 05E20562;
1045 : 8DDD8D59;
1046 : 03C0B0EF;
1047 : 00855793;
1048 : 00F408A3;
1049 : 01055793;
104a : 00A40823;
104b : 00F40923;
104c : D7938161;
104d : 09A30085;
104e : 0AA300A4;
104f : 450300F4;
1050 : D7930194;
1051 : 0B230105;
1052 : 478300F4;
1053 : 05220184;
1054 : 00B40A23;
1055 : 47838D5D;
1056 : 81E101A4;
1057 : 00B40BA3;
1058 : 8FC907C2;
1059 : 01B44503;
105a : 8D5D0562;
105b : 7B50A0EF;
105c : 00855793;
105d : 00A40C23;
105e : 00F40CA3;
105f : 01055793;
1060 : 0DA38161;
1061 : 450300A4;
1062 : 0D2301D4;
1063 : 478300F4;
1064 : 052201C4;
1065 : 47838D5D;
1066 : 07C201E4;
1067 : 45038FC9;
1068 : 056201F4;
1069 : A0EF8D5D;
106a : 579377B0;
106b : 0E230085;
106c : 0EA300A4;
106d : 579300F4;
106e : 81610105;
106f : 00F40F23;
1070 : 00A40FA3;
1071 : A78367D1;
1072 : BDB17087;
1073 : 853E57F1;
1074 : 06138082;
1075 : 85A20210;
1076 : 50EF0068;
1077 : 45725780;
1078 : A0EF5582;
1079 : CE2A7730;
107a : D02E5512;
107b : 7350A0EF;
107c : 5522D22A;
107d : 72D0A0EF;
107e : 4701D42A;
107f : 06934781;
1080 : 00700200;
1081 : 4603963E;
1082 : 07850006;
1083 : 9AE39732;
1084 : A503FED7;
1085 : 04137084;
1086 : 06130210;
1087 : 05330210;
1088 : 006C02A4;
1089 : 02E10623;
108a : B0EF0505;
108b : 1BE3E5BF;
108c : A783E485;
108d : 07857084;
108e : 70F4A423;
108f : 7139B761;
1090 : D84ADA26;
1091 : DC22DE06;
1092 : 490184AA;
1093 : 4581864A;
1094 : 3B410068;
1095 : 5063842A;
1096 : 85A602A0;
1097 : B0EF0068;
1098 : E10DDFDF;
1099 : 44055792;
109a : 57A2CC9C;
109b : 47F2CCDC;
109c : 5782C89C;
109d : 50F2C8DC;
109e : 54628522;
109f : 594254D2;
10a0 : 80826121;
10a1 : 43E30905;
10a2 : 4401FC89;
10a3 : 7155B7ED;
10a4 : C5A2C786;
10a5 : C1CAC3A6;
10a6 : DD52DF4E;
10a7 : E581DB56;
10a8 : 842A3389;
10a9 : 85AAA0E5;
10aa : 0613842A;
10ab : 00280210;
10ac : 4A2050EF;
10ad : 37610028;
10ae : 6545E909;
10af : 32050513;
10b0 : 46013251;
10b1 : 85224585;
10b2 : 6545BFE1;
10b3 : 33850513;
10b4 : 02C10913;
10b5 : 8ACA3A85;
10b6 : 09934A01;
10b7 : 86520210;
10b8 : 85564581;
10b9 : 84AA39FD;
10ba : 0CA05963;
10bb : 855685A2;
10bc : D6BFB0EF;
10bd : 07B3ED2D;
10be : 1918033A;
10bf : 4C1897BA;
10c0 : 00875693;
10c1 : F8E78A23;
10c2 : F8D78AA3;
10c3 : 01075693;
10c4 : 8BA38361;
10c5 : 4C58F8E7;
10c6 : F8D78B23;
10c7 : 00875693;
10c8 : F8E78C23;
10c9 : F8D78CA3;
10ca : 01075693;
10cb : 8D238361;
10cc : 8DA3F8D7;
10cd : 4814F8E7;
10ce : D6134858;
10cf : 86230086;
10d0 : 86A3F8D7;
10d1 : D613F8C7;
10d2 : 82E10106;
10d3 : F8D787A3;
10d4 : 00875693;
10d5 : F8E78823;
10d6 : F8D788A3;
10d7 : 01075693;
10d8 : 87238361;
10d9 : 8923F8C7;
10da : 89A3F8D7;
10db : 0A05F8E7;
10dc : 021A8A93;
10dd : F69A45E3;
10de : 972FD0EF;
10df : 842A57FD;
10e0 : 02F51063;
10e1 : 05136545;
10e2 : 386D3545;
10e3 : 852240BE;
10e4 : 449E442E;
10e5 : 59FA490E;
10e6 : 5ADA5A6A;
10e7 : 80826169;
10e8 : 46014401;
10e9 : 854A4585;
10ea : 4CE3392D;
10eb : 0405EE05;
10ec : 02190913;
10ed : FE9447E3;
10ee : 842ABFD1;
10ef : 419CBFC1;
10f0 : D4A27159;
10f1 : CECED2A6;
10f2 : C8DACAD6;
10f3 : C4E2C6DE;
10f4 : D686C2E6;
10f5 : CCD2D0CA;
10f6 : 0017CA03;
10f7 : 0007C903;
10f8 : 84AE89AA;
10f9 : 4A854405;
10fa : 4B8D4B09;
10fb : 4C954C11;
10fc : FFF40613;
10fd : 08684581;
10fe : 079336ED;
10ff : FD630015;
1100 : 186302FA;
1101 : 1063028A;
1102 : 46410369;
1103 : 0028086C;
1104 : 342050EF;
1105 : 0C230030;
1106 : C5830001;
1107 : 854E0114;
1108 : C1CFF0EF;
1109 : 0763A819;
110a : 07630379;
110b : 07630389;
110c : 04050399;
110d : FA855EE3;
110e : 50B64501;
110f : 54965426;
1110 : 49F65906;
1111 : 4AD64A66;
1112 : 4BB64B46;
1113 : 4C964C26;
1114 : 80826165;
1115 : B7D11850;
1116 : B7C11830;
1117 : BF751070;
1118 : D4227179;
1119 : 04136451;
111a : 27037704;
111b : 27831B84;
111c : D6061BC4;
111d : D04AD226;
111e : CC52CE4E;
111f : 12F71463;
1120 : 51042703;
1121 : 450584AA;
1122 : 6A51435C;
1123 : E7936951;
1124 : C35C0107;
1125 : 960FF0EF;
1126 : 51042783;
1127 : 704A2403;
1128 : 43CC4685;
1129 : 05138622;
112a : 81956FC9;
112b : C62E8985;
112c : E04FC0EF;
112d : 69D145B2;
112e : 86224681;
112f : 6F498513;
1130 : DF4FC0EF;
1131 : 87136789;
1132 : 566351B7;
1133 : 47030C87;
1134 : 46896FC9;
1135 : 6FC90913;
1136 : 08D71063;
1137 : 6F49C683;
1138 : 6F498993;
1139 : 06E69A63;
113a : 0049A683;
113b : 46017779;
113c : F3F78793;
113d : 0C070713;
113e : 08D7C263;
113f : A223C219;
1140 : 270300D9;
1141 : 67890049;
1142 : 45817679;
1143 : F3F78793;
1144 : 0C060613;
1145 : 06E7C763;
1146 : 2223C199;
1147 : 556300E9;
1148 : 77FD06D7;
1149 : 06078793;
114a : 97BA97B6;
114b : 470956FD;
114c : 02E7C733;
114d : 00D7D663;
114e : 87936789;
114f : 973EF407;
1150 : 87936789;
1151 : D663F3F7;
1152 : 77F900E7;
1153 : 0C078793;
1154 : C098973E;
1155 : A8194505;
1156 : 05136545;
1157 : F0EF3685;
1158 : 6785EE6F;
1159 : 95578793;
115a : 557DC09C;
115b : 542250B2;
115c : 59025492;
115d : 4A6249F2;
115e : 80826145;
115f : 460596BA;
1160 : 9732BFA5;
1161 : B7794585;
1162 : D0E34781;
1163 : 6785FAE6;
1164 : FA078793;
1165 : 0593BF51;
1166 : 45010644;
1167 : 70BA2223;
1168 : C61FD0EF;
1169 : B7D94501;
116a : CC221101;
116b : 64516545;
116c : 38450513;
116d : 77040413;
116e : CE06CA26;
116f : 50840493;
1170 : E84FF0EF;
1171 : D0EF8526;
1172 : CD21EC0F;
1173 : 45814601;
1174 : E0EF450D;
1175 : 654596EF;
1176 : 39C50513;
1177 : E68FF0EF;
1178 : 507C44A1;
1179 : 04979463;
117a : 05136549;
117b : F0EFEAC5;
117c : 6545E56F;
117d : 3AC50513;
117e : E4CFF0EF;
117f : FCFFE0EF;
1180 : 3DB90068;
1181 : 4963DD75;
1182 : 45B20005;
1183 : 74323537;
1184 : 47050513;
1185 : 9ABFE0EF;
1186 : 446240F2;
1187 : 610544D2;
1188 : 05138082;
1189 : E0EF0640;
118a : BF69FCFF;
118b : 06400513;
118c : FC5FE0EF;
118d : 7179B77D;
118e : D422D606;
118f : D04AD226;
1190 : CC52CE4E;
1191 : 16050C63;
1192 : 45856451;
1193 : 44840513;
1194 : A5DFE0EF;
1195 : 12C00513;
1196 : C3CFC0EF;
1197 : 458564D1;
1198 : 44048513;
1199 : A49FE0EF;
119a : 12C00513;
119b : C28FC0EF;
119c : BFFFE0EF;
119d : 0A000513;
119e : B47FE0EF;
119f : E0EF4501;
11a0 : 4585B41F;
11a1 : 44048513;
11a2 : A25FE0EF;
11a3 : 12C00513;
11a4 : C04FC0EF;
11a5 : 05134585;
11a6 : E0EF4484;
11a7 : 0513A13F;
11a8 : C0EF12C0;
11a9 : 4581BF2F;
11aa : 44048513;
11ab : A01FE0EF;
11ac : 12C00513;
11ad : BE0FC0EF;
11ae : 05134581;
11af : E0EF4484;
11b0 : 05139EFF;
11b1 : C0EF12C0;
11b2 : 0513BCEF;
11b3 : E0EF0A10;
11b4 : 4585AF1F;
11b5 : 00F10513;
11b6 : A25FE0EF;
11b7 : 9E1FE0EF;
11b8 : 00F14703;
11b9 : 07936455;
11ba : 80237704;
11bb : E0EFA0E7;
11bc : 0513B81F;
11bd : 04130A10;
11be : 64D57704;
11bf : AC3FE0EF;
11c0 : 0A134905;
11c1 : 0993A004;
11c2 : 849305F0;
11c3 : 45811704;
11c4 : 00F10513;
11c5 : 9E9FE0EF;
11c6 : 00F14703;
11c7 : 012A07B3;
11c8 : 80230905;
11c9 : 14E300E7;
11ca : 4585FF39;
11cb : 00F10513;
11cc : 9CDFE0EF;
11cd : 00F14783;
11ce : A4F40FA3;
11cf : 981FE0EF;
11d0 : 47014781;
11d1 : 03F00693;
11d2 : 00E48633;
11d3 : 00064603;
11d4 : 97B20705;
11d5 : 83C107C2;
11d6 : FED718E3;
11d7 : A3F44703;
11d8 : 0FF7F793;
11d9 : 06F71D63;
11da : 07134781;
11db : 06930400;
11dc : 863305F0;
11dd : 460300E4;
11de : 07050006;
11df : 07C297B2;
11e0 : 18E383C1;
11e1 : 4703FED7;
11e2 : F793A5F4;
11e3 : 18630FF7;
11e4 : 645104F7;
11e5 : 55040413;
11e6 : 08C42583;
11e7 : 06440493;
11e8 : 85934641;
11e9 : 85260285;
11ea : 7AB040EF;
11eb : 3C418526;
11ec : 4785E129;
11ed : 08F42423;
11ee : A80957E9;
11ef : 05136551;
11f0 : C0EF45C5;
11f1 : 57B5AE0F;
11f2 : E80500E3;
11f3 : 542250B2;
11f4 : 59025492;
11f5 : 4A6249F2;
11f6 : 6145853E;
11f7 : 65C98082;
11f8 : 85936545;
11f9 : 05130285;
11fa : F0EF3CC5;
11fb : 57EDC5AF;
11fc : 4789BFF1;
11fd : 08F42423;
11fe : BFC94781;
11ff : CA261101;
1200 : A78364D1;
1201 : CC226F04;
1202 : C452C64E;
1203 : C84ACE06;
1204 : 8A2E842A;
1205 : EF9989B2;
1206 : 05136545;
1207 : F0EF3E45;
1208 : 07B7C26F;
1209 : 87930010;
120a : 53DC4007;
120b : 83C107C2;
120c : 6EF4A823;
120d : 27836951;
120e : EF916EC9;
120f : 05136545;
1210 : F0EF3FC5;
1211 : 07B7C02F;
1212 : 87930010;
1213 : 53DC4007;
1214 : 262383C1;
1215 : 11636EF9;
1216 : A783020A;
1217 : 64636F04;
1218 : A02302F4;
1219 : 55290009;
121a : 446240F2;
121b : 494244D2;
121c : 4A2249B2;
121d : 80826105;
121e : 6EC92783;
121f : FEF473E3;
1220 : 6F04A783;
1221 : 0442943E;
1222 : 001007B7;
1223 : A4238041;
1224 : 87934287;
1225 : 57DC4007;
1226 : A0234501;
1227 : B7E900F9;
1228 : C8CA711D;
1229 : 05136951;
122a : 06137709;
122b : 458109E0;
122c : 46850513;
122d : CAA6CE86;
122e : C4D2C6CE;
122f : C0DAC2D6;
1230 : DC62DE5E;
1231 : DA66CCA2;
1232 : 53D040EF;
1233 : 6A516545;
1234 : 051364D1;
1235 : 69D54185;
1236 : 0A136BC1;
1237 : 6B41550A;
1238 : 6C049723;
1239 : F0EF4A85;
123a : 0913B5EF;
123b : 89937709;
123c : 8B93BD89;
123d : 0C13BECB;
123e : 0B13004A;
123f : 879302CB;
1240 : 471DFFEA;
1241 : 00F76663;
1242 : 97DE078A;
1243 : 8782439C;
1244 : 459D4505;
1245 : A9AFC0EF;
1246 : 6CE4D503;
1247 : 07B34711;
1248 : 050500A9;
1249 : 50890593;
124a : 8423954E;
124b : 441D46E7;
124c : FFCFC0EF;
124d : 6CE4D583;
124e : 47A90A85;
124f : 9723942E;
1250 : 9EE36C84;
1251 : 4581FAFA;
1252 : C0EF4501;
1253 : 40F6A64F;
1254 : 44D64466;
1255 : 49B64946;
1256 : 4A964A26;
1257 : 5BF24B06;
1258 : 5CD25C62;
1259 : 80826125;
125a : 459D4509;
125b : A42FC0EF;
125c : 6CE4D503;
125d : 07B3470D;
125e : B76500A9;
125f : 450D4589;
1260 : A2EFC0EF;
1261 : 6CE4D783;
1262 : 02800713;
1263 : 97CA4409;
1264 : 46078423;
1265 : 46E784A3;
1266 : 6CC5BF71;
1267 : 414C8513;
1268 : 1AD040EF;
1269 : 00150413;
126a : 451185A2;
126b : A02FC0EF;
126c : 6CE4D703;
126d : 414C8793;
126e : C683974E;
126f : 07850007;
1270 : 0FA30705;
1271 : FAF5FED7;
1272 : 0068B7B5;
1273 : F54FC0EF;
1274 : 461165C1;
1275 : 02458593;
1276 : 40EF0068;
1277 : C9154A90;
1278 : 0808006C;
1279 : D37FE0EF;
127a : 40EF0808;
127b : D7831630;
127c : 842A6CE4;
127d : 07890818;
127e : 468397CE;
127f : 07050007;
1280 : 8FA30785;
1281 : FAF5FED7;
1282 : 451585A2;
1283 : 9A2FC0EF;
1284 : 4619B715;
1285 : 50890593;
1286 : 50EF0808;
1287 : D5033D10;
1288 : 46456CE4;
1289 : 0509080C;
128a : 40EF954E;
128b : 44450F90;
128c : D403BFE1;
128d : 46116CE4;
128e : 040985E2;
128f : 8522944E;
1290 : 0E3040EF;
1291 : 85624591;
1292 : 3B4050EF;
1293 : 67CD942A;
1294 : 87938722;
1295 : C683D847;
1296 : 07850007;
1297 : 0FA30705;
1298 : FAF5FED7;
1299 : 06130409;
129a : 85DA0200;
129b : 40EF8522;
129c : 05930B50;
129d : 855A0200;
129e : 384050EF;
129f : 6CE4D583;
12a0 : 4519942A;
12a1 : 95CE0589;
12a2 : 74138C0D;
12a3 : 85A20FF4;
12a4 : 0068BFB5;
12a5 : E8CFC0EF;
12a6 : 461165C1;
12a7 : 02458593;
12a8 : 40EF0068;
12a9 : E1193E10;
12aa : B5694401;
12ab : 452145B1;
12ac : 8FEFC0EF;
12ad : 6CE4D403;
12ae : 46894715;
12af : 008907B3;
12b0 : 46E78423;
12b1 : 47050068;
12b2 : 46E784A3;
12b3 : 46D78723;
12b4 : 46E78923;
12b5 : E4CFC0EF;
12b6 : 0808006C;
12b7 : C3FFE0EF;
12b8 : 00240513;
12b9 : 006C4611;
12ba : 40EF954E;
12bb : 44314690;
12bc : 5783B591;
12bd : DBCD00AA;
12be : 05134599;
12bf : C0EF07F0;
12c0 : D7838B0F;
12c1 : 07136CE4;
12c2 : 4419F800;
12c3 : 84A397CA;
12c4 : 071346E7;
12c5 : 8523FC20;
12c6 : 470546E7;
12c7 : 46E785A3;
12c8 : 00AA5703;
12c9 : 46078423;
12ca : 00875693;
12cb : 46D78623;
12cc : 46E786A3;
12cd : 1101B501;
12ce : 45C0CC22;
12cf : CE06CA26;
12d0 : 01A38622;
12d1 : E0EF0001;
12d2 : 84AABFFF;
12d3 : 02A05B63;
12d4 : 4705401C;
12d5 : 00E78963;
12d6 : 03200713;
12d7 : 04E78863;
12d8 : 0C800793;
12d9 : 67D5A091;
12da : 77078793;
12db : A607C703;
12dc : 0793EF19;
12dd : 65450C90;
12de : 0513C01C;
12df : F0EF4285;
12e0 : 40F28C6F;
12e1 : 85264462;
12e2 : 610544D2;
12e3 : 87938082;
12e4 : C43EA607;
12e5 : 07930048;
12e6 : C63E0031;
12e7 : 9E3FC0EF;
12e8 : 06400793;
12e9 : FA054EE3;
12ea : BFE1C01C;
12eb : 8F9FC0EF;
12ec : 1141BFC5;
12ed : 45C0C422;
12ee : C606C226;
12ef : E0EF8622;
12f0 : 84AAB87F;
12f1 : 08A05C63;
12f2 : 470D401C;
12f3 : 02E78763;
12f4 : 00F74B63;
12f5 : 8A634705;
12f6 : 470906E7;
12f7 : 04E78E63;
12f8 : 0C800793;
12f9 : 0713A89D;
12fa : 9BE30320;
12fb : C0EFFEE7;
12fc : 57FD8FDF;
12fd : 02F51F63;
12fe : 6755B7E5;
12ff : 77070713;
1300 : A9872683;
1301 : 879367D1;
1302 : DFF45507;
1303 : A9C72683;
1304 : 05136545;
1305 : A0234405;
1306 : 268308D7;
1307 : 2703A907;
1308 : DBF4A947;
1309 : F0EFDFB8;
130a : 50EF81EF;
130b : 60EF21D0;
130c : 07936900;
130d : A0150640;
130e : 655565D1;
130f : 85934641;
1310 : 05135B45;
1311 : 40EF1F05;
1312 : 655530D0;
1313 : 77050513;
1314 : A8054783;
1315 : 0793EB91;
1316 : C01C0CB0;
1317 : 442240B2;
1318 : 44928526;
1319 : 80820141;
131a : 051345C1;
131b : 50EFA805;
131c : 87AA18E0;
131d : 05136555;
131e : 473D1F05;
131f : 02000693;
1320 : 00F75C63;
1321 : 45854601;
1322 : E06FF0EF;
1323 : 1B6357F9;
1324 : 079300F5;
1325 : B7D10CA0;
1326 : 00F50633;
1327 : 00D60023;
1328 : BFF90785;
1329 : 156357FD;
132a : 079300F5;
132b : B7750C90;
132c : 32514501;
132d : 06500793;
132e : BFA5F14D;
132f : D8CA7119;
1330 : D4D26955;
1331 : CCE2D2D6;
1332 : 09136A55;
1333 : 6AD57709;
1334 : D0DA6C51;
1335 : CAE6CEDE;
1336 : DCA2DE86;
1337 : D6CEDAA6;
1338 : C6EEC8EA;
1339 : CF0A0A13;
133a : 4B814B01;
133b : 214A8A93;
133c : 550C0C13;
133d : CC490C93;
133e : C78367D1;
133f : E2636A17;
1340 : 50F602FB;
1341 : 54D65466;
1342 : 59B65946;
1343 : 5A965A26;
1344 : 4C664BF6;
1345 : 4D464CD6;
1346 : 855A4DB6;
1347 : 61095B06;
1348 : 67D18082;
1349 : 6A07C783;
134a : 4D01E399;
134b : 2D83A819;
134c : 6985004A;
134d : A5834D01;
134e : 4184000D;
134f : 0134F4B3;
1350 : 6B33C491;
1351 : 0B8501AB;
1352 : B77D0A31;
1353 : 44016541;
1354 : 89934681;
1355 : 0EB78009;
1356 : 48894000;
1357 : 1E000313;
1358 : 4E054F0D;
1359 : 4FB5157D;
135a : 57134590;
135b : 17930106;
135c : 78330106;
135d : 8B0D01D6;
135e : 156383C1;
135f : EF110A08;
1360 : 28DFE463;
1361 : 00879713;
1362 : 8FD983A1;
1363 : FFE6F713;
1364 : 1223974A;
1365 : 0689C8F7;
1366 : 0B63BFC1;
1367 : 69630317;
1368 : 10632683;
1369 : 971307E7;
136a : 83A10087;
136b : 77138FD9;
136c : 974AFFE4;
136d : AAF71223;
136e : B77D0405;
136f : 00879713;
1370 : 83A19879;
1371 : 8FD9944A;
1372 : AAF41223;
1373 : BF698432;
1374 : 5793DEC1;
1375 : 8B854016;
1376 : 6545C799;
1377 : 46C50513;
1378 : E65FE0EF;
1379 : 1D7D4805;
137a : FF634789;
137b : 042303A7;
137c : 08630201;
137d : A7830A08;
137e : 078500CD;
137f : 00FDA623;
1380 : 13E3B72D;
1381 : 0D63F7C7;
1382 : 1663000D;
1383 : 149301CD;
1384 : 0D050106;
1385 : 1EE3BF91;
1386 : 8E69FF1D;
1387 : BFD58CD1;
1388 : BFC589BE;
1389 : B7C14801;
138a : 1008086C;
138b : D0EFC642;
138c : 9693E39F;
138d : 87B70044;
138e : 82910596;
138f : 2F078793;
1390 : D6134832;
1391 : F36301C4;
1392 : 477202D7;
1393 : 0EE6B7B7;
1394 : 27F78793;
1395 : 00E7EC63;
1396 : 57125782;
1397 : FFF78593;
1398 : 0017B793;
1399 : 40F707B3;
139a : D23ED02E;
139b : 57025792;
139c : DA3E88BD;
139d : 8C91D83A;
139e : 85634785;
139f : 57C500F4;
13a0 : 00F49F63;
13a1 : D63E4785;
13a2 : 00B9D993;
13a3 : 0019C993;
13a4 : F993068E;
13a5 : DC360019;
13a6 : 03310423;
13a7 : D602BF99;
13a8 : A783B7E5;
13a9 : 0785008D;
13aa : 00FDA423;
13ab : 000DA783;
13ac : 9713439C;
13ad : 57630127;
13ae : 65450007;
13af : 4A050513;
13b0 : D85FE0EF;
13b1 : 1E000793;
13b2 : F46389A2;
13b3 : 09930087;
13b4 : 0CE31E00;
13b5 : 5703E404;
13b6 : 1023C909;
13b7 : 84D60201;
13b8 : 00871793;
13b9 : 8FD98321;
13ba : 672107C2;
13bb : 071383C1;
13bc : 91631007;
13bd : 460902E7;
13be : 100885D6;
13bf : 057040EF;
13c0 : 05934609;
13c1 : 0513AA69;
13c2 : 40EFC909;
13c3 : 19F10490;
13c4 : AA890493;
13c5 : 02015783;
13c6 : 02015703;
13c7 : 832107A2;
13c8 : 57038FD9;
13c9 : 07D200AC;
13ca : 10E383D1;
13cb : C683E0F7;
13cc : 07130004;
13cd : 47810450;
13ce : 00E69D63;
13cf : 0094C683;
13d0 : 98634745;
13d1 : C78300E6;
13d2 : C7030164;
13d3 : 07A20174;
13d4 : 55038FD9;
13d5 : 0693C909;
13d6 : 4401C949;
13d7 : 42984601;
13d8 : 4B4CCF09;
13d9 : 01459B63;
13da : 00C75583;
13db : 00A59763;
13dc : 00E75583;
13dd : E191E7D1;
13de : 0691863A;
13df : FF9691E3;
13e0 : 4D05E409;
13e1 : DA060FE3;
13e2 : 57038432;
13e3 : 879301E4;
13e4 : 4D050289;
13e5 : DAF747E3;
13e6 : 01A40D93;
13e7 : 086C4609;
13e8 : 1E23856E;
13e9 : B0EF0131;
13ea : 5783D03F;
13eb : 466101E4;
13ec : 8F89102C;
13ed : 00F41F23;
13ee : B0EF856E;
13ef : 5783CEFF;
13f0 : 463901E4;
13f1 : C8490593;
13f2 : 1F238F89;
13f3 : 856E00F4;
13f4 : CD9FB0EF;
13f5 : 01E45783;
13f6 : 8F8985A6;
13f7 : 00F41F23;
13f8 : 01C15603;
13f9 : B0EF856E;
13fa : 5783CC3F;
13fb : 8F8901E4;
13fc : 00F41F23;
13fd : 02245783;
13fe : 11230785;
13ff : B39102F4;
1400 : F6B79DE3;
1401 : BF95843A;
1402 : 00240613;
1403 : DA8378E3;
1404 : BB990409;
1405 : 07936751;
1406 : 539C5507;
1407 : C8CA711D;
1408 : 17C7A903;
1409 : A68367D1;
140a : 260369C7;
140b : CCA20689;
140c : CE86C2D6;
140d : C6CECAA6;
140e : C0DAC4D2;
140f : DC62DE5E;
1410 : 55070A93;
1411 : 6551843E;
1412 : 02D61763;
1413 : C70367D1;
1414 : 478D6CC7;
1415 : 02F71163;
1416 : 68052C23;
1417 : 40F64501;
1418 : 44D64466;
1419 : 49B64946;
141a : 4A964A26;
141b : 5BF24B06;
141c : 61255C62;
141d : 69D18082;
141e : 6949AA03;
141f : FC0A0EE3;
1420 : 3E800593;
1421 : 69850513;
1422 : CC3FB0EF;
1423 : 450184AA;
1424 : 57FDF4F9;
1425 : 00FA1463;
1426 : 6809AA23;
1427 : 06892783;
1428 : 0028004C;
1429 : 68F42E23;
142a : D0EF6451;
142b : 0993BBDF;
142c : A7837704;
142d : C5835849;
142e : 654500CA;
142f : 479043D4;
1430 : B59315F5;
1431 : 05130015;
1432 : E0EF4DC5;
1433 : A583B7BF;
1434 : 65450649;
1435 : 4F050513;
1436 : B59315E1;
1437 : E0EF0015;
1438 : A783B67F;
1439 : 47295989;
143a : 77040413;
143b : 1EF76063;
143c : 00379713;
143d : 879367C1;
143e : 97BAC787;
143f : 4147A583;
1440 : 05136545;
1441 : E0EF4FC5;
1442 : 67D1B3FF;
1443 : 6CC7C683;
1444 : 8A3E470D;
1445 : 02E69163;
1446 : 06094583;
1447 : 05136545;
1448 : 89855045;
1449 : B21FE0EF;
144a : 06492583;
144b : 05136545;
144c : E0EF50C5;
144d : 67D1B13F;
144e : 7157C983;
144f : 19FD6AC5;
1450 : 1934CA63;
1451 : 45A24612;
1452 : 05136545;
1453 : E0EF5285;
1454 : 2703AF7F;
1455 : 47855B44;
1456 : 1A634481;
1457 : 678500F7;
1458 : A78397A2;
1459 : 94638D87;
145a : 248300E7;
145b : 47035B04;
145c : 478D6CCA;
145d : 12F71A63;
145e : 0E848C13;
145f : 40EF8562;
1460 : 862A6930;
1461 : 86AE6545;
1462 : 53C50513;
1463 : AB9FE0EF;
1464 : 03090513;
1465 : 67D040EF;
1466 : 6545862A;
1467 : 051386AE;
1468 : E0EF5445;
1469 : 8B93AA3F;
146a : 855E0484;
146b : 665040EF;
146c : 05848B13;
146d : 855A89AA;
146e : 659040EF;
146f : 6545862A;
1470 : 051385CE;
1471 : E0EF5505;
1472 : 8A93A7FF;
1473 : 85560684;
1474 : 641040EF;
1475 : 07848A13;
1476 : 855289AA;
1477 : 635040EF;
1478 : 6545862A;
1479 : 051385CE;
147a : E0EF5645;
147b : 2783A5BF;
147c : 4F887104;
147d : 40EF4FCC;
147e : 862A5C90;
147f : 86AE6545;
1480 : 57850513;
1481 : A41FE0EF;
1482 : 85E24641;
1483 : 40EF1008;
1484 : 85DE5440;
1485 : 40EF1008;
1486 : 85DA6A10;
1487 : 40EF1008;
1488 : 85D66990;
1489 : 40EF1008;
148a : 85D26910;
148b : 40EF1008;
148c : 10086890;
148d : 5DD040EF;
148e : 6545862A;
148f : 051386AE;
1490 : E0EF5845;
1491 : 0513A03F;
1492 : 40EF0509;
1493 : 85AA5C70;
1494 : 05136545;
1495 : E0EF5905;
1496 : 44CC9EFF;
1497 : 05136545;
1498 : E0EF5985;
1499 : 25839E3F;
149a : 65450689;
149b : 5A450513;
149c : 9D5FE0EF;
149d : 9EDFC0EF;
149e : 654585AA;
149f : 5B050513;
14a0 : 9C5FE0EF;
14a1 : 6545408C;
14a2 : 5BC50513;
14a3 : 9B9FE0EF;
14a4 : 654540CC;
14a5 : 5C450513;
14a6 : 9ADFE0EF;
14a7 : 6545448C;
14a8 : 5CC50513;
14a9 : 9A1FE0EF;
14aa : 0C442583;
14ab : 14442603;
14ac : 23442683;
14ad : 05136545;
14ae : E0EF5D85;
14af : 654998BF;
14b0 : EAC50513;
14b1 : 981FE0EF;
14b2 : BB514505;
14b3 : 859365C5;
14b4 : B53D4D45;
14b5 : 084885A6;
14b6 : F5DFA0EF;
14b7 : 465246F2;
14b8 : 851385A6;
14b9 : E0EF518A;
14ba : 048595FF;
14bb : 1141BD91;
14bc : 4104C226;
14bd : C422C606;
14be : 65C5CCA9;
14bf : 8593842A;
14c0 : 85265EC5;
14c1 : A69FB0EF;
14c2 : 65C5C529;
14c3 : 5F058593;
14c4 : B0EF8526;
14c5 : E929A5BF;
14c6 : C5394048;
14c7 : B69FB0EF;
14c8 : 07136785;
14c9 : 17F9FFF5;
14ca : FF6385AA;
14cb : 405000E7;
14cc : 05136545;
14cd : E0EF5F45;
14ce : 57A990FF;
14cf : 442240B2;
14d0 : 853E4492;
14d1 : 80820141;
14d2 : 9D2367D1;
14d3 : C0EF54A7;
14d4 : 67D1A67F;
14d5 : 55A7D603;
14d6 : 05136545;
14d7 : 85B26105;
14d8 : 8E5FE0EF;
14d9 : BFD94781;
14da : 859365C5;
14db : 852660C5;
14dc : 9FDFB0EF;
14dd : F17957A9;
14de : 9D2367D1;
14df : BFC15407;
14e0 : 11414110;
14e1 : C422C606;
14e2 : 67D1EA31;
14e3 : 71C7A583;
14e4 : 05136545;
14e5 : E0EF62C5;
14e6 : 40B28AFF;
14e7 : 45014422;
14e8 : 80820141;
14e9 : FD078793;
14ea : 0FF7F513;
14eb : 00A5EC63;
14ec : 00E797B3;
14ed : 17718C5D;
14ee : 47830605;
14ef : CB990006;
14f0 : FED712E3;
14f1 : 654565C1;
14f2 : 0E458593;
14f3 : 64450513;
14f4 : 875FE0EF;
14f5 : AE2367D1;
14f6 : BF457087;
14f7 : 44014771;
14f8 : 458D56F1;
14f9 : 7179BFD9;
14fa : 4100D422;
14fb : D226D606;
14fc : C809D04A;
14fd : 892A65C5;
14fe : 5EC58593;
14ff : B0EF8522;
1500 : E52196FF;
1501 : B0EF0028;
1502 : 002CD1BF;
1503 : E0EF0068;
1504 : 6545B0CF;
1505 : 65C50513;
1506 : 82DFE0EF;
1507 : A78367D1;
1508 : 47055607;
1509 : 06E78A63;
150a : 8F634709;
150b : 448106E7;
150c : 6545E791;
150d : 66C50513;
150e : 80DFE0EF;
150f : 542250B2;
1510 : 85265902;
1511 : 61455492;
1512 : 65C58082;
1513 : 85938522;
1514 : B0EF5F05;
1515 : 842A91BF;
1516 : F16D54A9;
1517 : 00492503;
1518 : 67D1DD71;
1519 : A0234709;
151a : 091356E7;
151b : 449102E0;
151c : B0EF006C;
151d : 47329D3F;
151e : 97A2003C;
151f : 00E78023;
1520 : 00054783;
1521 : 01279363;
1522 : 04050505;
1523 : FE9412E3;
1524 : B0EF0028;
1525 : BF95C47F;
1526 : 006C6545;
1527 : 67C50513;
1528 : FA4FE0EF;
1529 : BF594481;
152a : 006C6545;
152b : 68850513;
152c : 67D1BFC5;
152d : 68078223;
152e : A02367D1;
152f : 67996807;
1530 : 87936751;
1531 : 65456867;
1532 : 24231141;
1533 : 051368F7;
1534 : 67D16985;
1535 : C606470D;
1536 : 68E782A3;
1537 : F68FE0EF;
1538 : 67D140B2;
1539 : 6807A623;
153a : 01414501;
153b : 11418082;
153c : 4104C226;
153d : C422C606;
153e : 67D1E89D;
153f : 6947A403;
1540 : 00143713;
1541 : 68E7AA23;
1542 : 27836751;
1543 : 17FD69C7;
1544 : 68F72E23;
1545 : 6545C419;
1546 : 6A450513;
1547 : F28FE0EF;
1548 : 40B24401;
1549 : 44228522;
154a : 01414492;
154b : 65C58082;
154c : 6B858593;
154d : B0EF8526;
154e : 842A837F;
154f : C0EFE911;
1550 : 85AAF22F;
1551 : 05136545;
1552 : E0EF6BC5;
1553 : BFD1EFAF;
1554 : 859365D1;
1555 : 85262F45;
1556 : 815FB0EF;
1557 : ED01842A;
1558 : 470567D1;
1559 : 68E7AA23;
155a : 27836751;
155b : 17FD69C7;
155c : 68F72E23;
155d : 65C5B77D;
155e : 60C58593;
155f : B0EF8526;
1560 : 842AFEEF;
1561 : 6545E911;
1562 : 051367D1;
1563 : AA236A45;
1564 : E0EF6807;
1565 : B771EB2F;
1566 : 859365CD;
1567 : 85262505;
1568 : FCCFB0EF;
1569 : E501842A;
156a : 577D67D1;
156b : 5429BF65;
156c : 7139BF8D;
156d : 001007B7;
156e : A983D64E;
156f : D84A4247;
1570 : 197D6941;
1571 : F9B36751;
1572 : 28230129;
1573 : D4526F37;
1574 : 4247AA03;
1575 : DC226751;
1576 : 010A5A13;
1577 : 6F472623;
1578 : D2564100;
1579 : AA83D05A;
157a : AB034207;
157b : DE064207;
157c : EC05DA26;
157d : 05136545;
157e : E0EF6C45;
157f : 6545E4AF;
1580 : 86CE8752;
1581 : 012B7633;
1582 : 010AD593;
1583 : 6DC50513;
1584 : E34FE0EF;
1585 : 852250F2;
1586 : 54D25462;
1587 : 59B25942;
1588 : 5A925A22;
1589 : 61215B02;
158a : 65C58082;
158b : 859384AA;
158c : 85227085;
158d : F38FB0EF;
158e : E529892A;
158f : 44014481;
1590 : A8316AC5;
1591 : 45850870;
1592 : F0EF8526;
1593 : 46729B2F;
1594 : 842A85A6;
1595 : 70CA8513;
1596 : DECFE0EF;
1597 : 93E30485;
1598 : 64C5FF44;
1599 : FB3908E3;
159a : 45810870;
159b : F0EF854A;
159c : 467298EF;
159d : 842A85CA;
159e : 72448513;
159f : DC8FE0EF;
15a0 : B7CD0905;
15a1 : 859365C5;
15a2 : 852273C5;
15a3 : EE0FB0EF;
15a4 : 40C8E505;
15a5 : B0EFC115;
15a6 : 84AAFEEF;
15a7 : 45850870;
15a8 : 95CFF0EF;
15a9 : F53D842A;
15aa : 65454672;
15ab : 051385A6;
15ac : E0EF7405;
15ad : BFB9D92F;
15ae : 859365C5;
15af : 85227545;
15b0 : EACFB0EF;
15b1 : 40C8E909;
15b2 : B0EFC519;
15b3 : 84AAFBAF;
15b4 : 45810870;
15b5 : 65C5B7F1;
15b6 : 85938522;
15b7 : B0EF7585;
15b8 : 842AE8EF;
15b9 : 5429C119;
15ba : 40C8B735;
15bb : 449CDD6D;
15bc : B0EFDBFD;
15bd : C62AF92F;
15be : B0EF4488;
15bf : 4632F8AF;
15c0 : 85AACE2A;
15c1 : FF3671E3;
15c2 : 001007B7;
15c3 : 80000737;
15c4 : 42A7A623;
15c5 : 65458F51;
15c6 : 42E7A423;
15c7 : 75C50513;
15c8 : 2583BF49;
15c9 : 65450240;
15ca : 05131141;
15cb : C6067845;
15cc : D14FE0EF;
15cd : 450140B2;
15ce : 80820141;
15cf : CA261101;
15d0 : CE064104;
15d1 : C84ACC22;
15d2 : CCA5C64E;
15d3 : 842A65C5;
15d4 : 78858593;
15d5 : B0EF8526;
15d6 : ED15E16F;
15d7 : 07136755;
15d8 : 07937707;
15d9 : 0713CC47;
15da : 43940847;
15db : A623CA89;
15dc : A4230207;
15dd : A2230207;
15de : A0230207;
15df : 87930207;
15e0 : 94E30307;
15e1 : 40F2FEE7;
15e2 : 44D24462;
15e3 : 49B24942;
15e4 : 61054501;
15e5 : 65C58082;
15e6 : 79058593;
15e7 : B0EF8526;
15e8 : E105DCEF;
15e9 : 64514048;
15ea : B0EFC509;
15eb : 2C23EDAF;
15ec : 258366A4;
15ed : 65456784;
15ee : 79450513;
15ef : C88FE0EF;
15f0 : 6545B7D9;
15f1 : 7B450513;
15f2 : C7CFE0EF;
15f3 : 879367D5;
15f4 : 84137707;
15f5 : 8493CC47;
15f6 : 09130847;
15f7 : 69C53E80;
15f8 : CF89401C;
15f9 : 54585414;
15fa : D6B35050;
15fb : 500C0326;
15fc : 00440793;
15fd : 7E498513;
15fe : C4CFE0EF;
15ff : 03040413;
1600 : FE9410E3;
1601 : 411CB749;
1602 : D6067179;
1603 : D226D422;
1604 : CE4ED04A;
1605 : CA56CC52;
1606 : C65EC85A;
1607 : 69C1C3A5;
1608 : C7898993;
1609 : 4481892A;
160a : 4DC98A93;
160b : 9A135B7D;
160c : 9A4A0024;
160d : 000A2B83;
160e : 080B8163;
160f : 47C98413;
1610 : 855E400C;
1611 : D28FB0EF;
1612 : 4408E93D;
1613 : 01651963;
1614 : 004A2783;
1615 : C7810485;
1616 : B0EF853E;
1617 : 405CE2AF;
1618 : 59639782;
1619 : 50B20605;
161a : 54925422;
161b : 49F25902;
161c : 4AD24A62;
161d : 4BB24B42;
161e : 80826145;
161f : 46836751;
1620 : 67556CC7;
1621 : D3872703;
1622 : 46036651;
1623 : 67C16746;
1624 : C7878793;
1625 : 068A070A;
1626 : 97BA96BE;
1627 : 060A6751;
1628 : 45470713;
1629 : A6839732;
162a : A6034DC6;
162b : 430C4F07;
162c : 05136549;
162d : E0EF8045;
162e : 4501B8EF;
162f : 0431B76D;
1630 : F95410E3;
1631 : 85DE6549;
1632 : 81050513;
1633 : B78FE0EF;
1634 : BF515529;
1635 : BFA10485;
1636 : C2261141;
1637 : 849364C1;
1638 : 6549C784;
1639 : 001007B7;
163a : 3B448593;
163b : 82C50513;
163c : C422C606;
163d : 40C7A403;
163e : B4CFE0EF;
163f : 86936549;
1640 : 86133F44;
1641 : 85933E44;
1642 : 05133D44;
1643 : E0EF8605;
1644 : 883DB36F;
1645 : 65C96685;
1646 : 04056549;
1647 : 80068693;
1648 : 0C000613;
1649 : 87458593;
164a : 87C50513;
164b : B18FE0EF;
164c : 07130412;
164d : 47BDF404;
164e : 00E7FA63;
164f : 06136549;
1650 : 85A20104;
1651 : 8A850513;
1652 : AFCFE0EF;
1653 : 442240B2;
1654 : 45014492;
1655 : 80820141;
1656 : 65491101;
1657 : 0513CA26;
1658 : 64D58D45;
1659 : C84ACC22;
165a : CE06C64E;
165b : E0EF4401;
165c : 6951AD6F;
165d : 7F448493;
165e : 278369D1;
165f : 4A636709;
1660 : 40F200F4;
1661 : 44D24462;
1662 : 49B24942;
1663 : 61054501;
1664 : 17938082;
1665 : 97A60024;
1666 : 8513439C;
1667 : 0405F649;
1668 : E0EF438C;
1669 : BFD1AA2F;
166a : 11014214;
166b : CA26CC22;
166c : CE06C84A;
166d : 842AC64E;
166e : 893284AE;
166f : 4501C28D;
1670 : 00251793;
1671 : 439C97A2;
1672 : C5838736;
1673 : 46030007;
1674 : CD8D0007;
1675 : 02C58963;
1676 : 93E30505;
1677 : 6549FEA4;
1678 : 8EC50513;
1679 : E0EF048A;
167a : 94A2A5EF;
167b : 401069C9;
167c : FFC92583;
167d : 8F498513;
167e : E0EF0411;
167f : 18E3A4AF;
1680 : 557DFE94;
1681 : 0785A029;
1682 : B7C10705;
1683 : 40F2F671;
1684 : 44D24462;
1685 : 49B24942;
1686 : 80826105;
1687 : D2267179;
1688 : 84AA862A;
1689 : 45956541;
168a : 17450513;
168b : D422D606;
168c : 47913FA5;
168d : 06A7E263;
168e : 17936741;
168f : 07130025;
1690 : 97BAC0C7;
1691 : 842A439C;
1692 : 65498782;
1693 : 8FC50513;
1694 : 9F4FE0EF;
1695 : 879367D1;
1696 : AC237707;
1697 : AA231C07;
1698 : 50B21C07;
1699 : 54228522;
169a : 61455492;
169b : 40C88082;
169c : 04136451;
169d : C11D7704;
169e : C0CFB0EF;
169f : C62A85AA;
16a0 : 05136549;
16a1 : E0EF91C5;
16a2 : 45B29BEF;
16a3 : C0EF4501;
16a4 : 4785F72F;
16a5 : 1CF42A23;
16a6 : B7E14401;
16a7 : 05136549;
16a8 : E0EF9485;
16a9 : B7F59A2F;
16aa : 05136549;
16ab : E0EF9645;
16ac : 67D1996F;
16ad : 77078793;
16ae : AC234705;
16af : BFE91CE7;
16b0 : 547D40C8;
16b1 : B0EFDD59;
16b2 : 842ABBEF;
16b3 : 654985AA;
16b4 : 98050513;
16b5 : 970FE0EF;
16b6 : C0EF8522;
16b7 : BF6DEECF;
16b8 : A0EF0868;
16b9 : 65D1E34F;
16ba : 77058593;
16bb : 3D05A603;
16bc : A6834872;
16bd : A7033D45;
16be : A7833EC5;
16bf : A8833E85;
16c0 : 65493D85;
16c1 : 05134581;
16c2 : E0EF9945;
16c3 : B76993AF;
16c4 : CC221101;
16c5 : 842A862A;
16c6 : 45916541;
16c7 : 18850513;
16c8 : CA26CE06;
16c9 : 47893551;
16ca : 0AF50563;
16cb : 00A7CA63;
16cc : F2634785;
16cd : 40F206A7;
16ce : 44D24462;
16cf : 80826105;
16d0 : 1AE3478D;
16d1 : 6451FEF5;
16d2 : 77040413;
16d3 : 44C42583;
16d4 : 05136549;
16d5 : E0EFA185;
16d6 : 401C8EEF;
16d7 : C7DD4505;
16d8 : B0EF64C9;
16d9 : 842A82FF;
16da : 4408C539;
16db : 0FA3444C;
16dc : 90EF0204;
16dd : 484C5E20;
16de : 4808C62A;
16df : 5D8090EF;
16e0 : 500C4632;
16e1 : 071386AA;
16e2 : 851302C4;
16e3 : E0EFA344;
16e4 : 45018B6F;
16e5 : 6549B7F9;
16e6 : 9D050513;
16e7 : 8A8FE0EF;
16e8 : ED014048;
16e9 : 05136549;
16ea : E0EF9E45;
16eb : 458189AF;
16ec : E0EF4501;
16ed : 45019D8F;
16ee : B0EFBFBD;
16ef : 85AAACAF;
16f0 : 6549842A;
16f1 : 9F850513;
16f2 : 87CFE0EF;
16f3 : 85224585;
16f4 : 6549B7CD;
16f5 : A0850513;
16f6 : 86CFE0EF;
16f7 : E9194048;
16f8 : 05136549;
16f9 : E0EF9E45;
16fa : 458185EF;
16fb : A0EF4501;
16fc : B7D1DCCF;
16fd : A90FB0EF;
16fe : 842A85AA;
16ff : 05136549;
1700 : E0EF9F85;
1701 : 4585842F;
1702 : B7D58522;
1703 : 05136549;
1704 : E0EFA285;
1705 : B745832F;
1706 : D2267179;
1707 : 84AA004C;
1708 : D6060028;
1709 : D04AD422;
170a : D0EFCE4E;
170b : 409C83CF;
170c : 45B2EF91;
170d : 46014522;
170e : A19FD0EF;
170f : 85AA4612;
1710 : 05136549;
1711 : D0EFA585;
1712 : A00DFFFF;
1713 : 86266541;
1714 : 05134591;
1715 : 3B891985;
1716 : 842A4789;
1717 : 0AF50D63;
1718 : 00A7C863;
1719 : 4785CD19;
171a : 06F50863;
171b : A8A94401;
171c : 1DE3478D;
171d : 6549FEF5;
171e : 45A24612;
171f : A7050513;
1720 : 449CB7D9;
1721 : 67D1C7E1;
1722 : 6CC7C703;
1723 : 0F63478D;
1724 : 40C80AF7;
1725 : 9F0FB0EF;
1726 : 5993892A;
1727 : 448841F5;
1728 : 0FF9F993;
1729 : 9E0FB0EF;
172a : 001007B7;
172b : 3127AA23;
172c : 3137AC23;
172d : A823810D;
172e : A70330A7;
172f : 9B4D3007;
1730 : 00876713;
1731 : 30E7A023;
1732 : 852250B2;
1733 : 54925422;
1734 : 49F25902;
1735 : 80826145;
1736 : 547D40C8;
1737 : 67D1D575;
1738 : 6CC7C703;
1739 : 01E3478D;
173a : B0EFFEF7;
173b : 07B799AF;
173c : 57130010;
173d : AA2341F5;
173e : 771330A7;
173f : AC230FF7;
1740 : A82330E7;
1741 : A7033007;
1742 : 9B1D31C7;
1743 : 01076713;
1744 : 30E7AE23;
1745 : 40C8BFA1;
1746 : D55D547D;
1747 : C70367D1;
1748 : 478D6CC7;
1749 : FAF702E3;
174a : 95CFB0EF;
174b : 001007B7;
174c : 3007AA23;
174d : 3007AC23;
174e : A823810D;
174f : A70330A7;
1750 : 771331C7;
1751 : 6713FC77;
1752 : B7D90207;
1753 : BFAD547D;
1754 : 1101411C;
1755 : CC22CE06;
1756 : C84ACA26;
1757 : 0068EF85;
1758 : 814FC0EF;
1759 : ED11842A;
175a : 654945B2;
175b : A7850513;
175c : ED5FD0EF;
175d : 852240F2;
175e : 44D24462;
175f : 61054942;
1760 : 65498082;
1761 : AA050513;
1762 : EBDFD0EF;
1763 : 81DFE0EF;
1764 : B7CD842A;
1765 : 84AA862A;
1766 : 458D6541;
1767 : 1A850513;
1768 : 47853121;
1769 : 0763842A;
176a : 478900F5;
176b : 00F50863;
176c : BFE9F171;
176d : 94AFD0EF;
176e : BF6D4401;
176f : 448840DC;
1770 : 0007C603;
1771 : 0017C703;
1772 : 0027C403;
1773 : 07420662;
1774 : C7038E59;
1775 : 04220037;
1776 : 8C518E59;
1777 : 8A8FB0EF;
1778 : 892A40CC;
1779 : 654986AA;
177a : 05138622;
177b : D0EFAC85;
177c : 85CAE57F;
177d : D0EF8522;
177e : BF7D9C8F;
177f : D2A67159;
1780 : CCD264C1;
1781 : 85138A2A;
1782 : 8652C784;
1783 : 051345A9;
1784 : D4A253C5;
1785 : D686D0CA;
1786 : CAD6CECE;
1787 : 842A3671;
1788 : 84934905;
1789 : 1993C784;
178a : 07B30029;
178b : 4388013A;
178c : 197DE50D;
178d : 3C044463;
178e : 008487B3;
178f : 5647C783;
1790 : 3B279E63;
1791 : E56347A5;
1792 : 67411687;
1793 : 00241793;
1794 : C2070713;
1795 : 439C97BA;
1796 : B0EF8782;
1797 : 181C82AF;
1798 : A02399BE;
1799 : 090500A9;
179a : 5672BF7D;
179b : 555255E2;
179c : 8D1FC0EF;
179d : 852250B6;
179e : 54965426;
179f : 49F65906;
17a0 : 4AD64A66;
17a1 : 80826165;
17a2 : 67D15752;
17a3 : 77078793;
17a4 : 53ECEB19;
17a5 : B59315E1;
17a6 : 654D0015;
17a7 : 73C50513;
17a8 : DA5FD0EF;
17a9 : 53F0A231;
17aa : 458146A1;
17ab : FED617E3;
17ac : 0693177D;
17ad : 07330F00;
17ae : 97BA02D7;
17af : 2507A583;
17b0 : 00B035B3;
17b1 : 6451BFD9;
17b2 : 77040793;
17b3 : 472953FC;
17b4 : 77040413;
17b5 : 0EF76063;
17b6 : 94BE078A;
17b7 : 5704A603;
17b8 : 69D16951;
17b9 : 4703502C;
17ba : C6837159;
17bb : 65497169;
17bc : B0450513;
17bd : D51FD0EF;
17be : 5963503C;
17bf : 288308F0;
17c0 : 280306C4;
17c1 : 27831444;
17c2 : 27030C44;
17c3 : 26831B44;
17c4 : 26030E04;
17c5 : 582C0FC4;
17c6 : 0A042503;
17c7 : 2503CA2A;
17c8 : C82A0984;
17c9 : 09C42503;
17ca : 5C28C62A;
17cb : 5868C42A;
17cc : 2503C22A;
17cd : C02A1BC4;
17ce : 05136549;
17cf : D0EFB305;
17d0 : 2803D07F;
17d1 : 27831E44;
17d2 : 27031E84;
17d3 : 26830EC4;
17d4 : 26031204;
17d5 : 25831184;
17d6 : 654911C4;
17d7 : BA850513;
17d8 : CE5FD0EF;
17d9 : 18042783;
17da : 2703CF89;
17db : 27831804;
17dc : 65491804;
17dd : 4390434C;
17de : C0850513;
17df : D0EF0585;
17e0 : 6549CC7F;
17e1 : EAC50513;
17e2 : CBDFD0EF;
17e3 : 0A134485;
17e4 : 6AC90F00;
17e5 : 71594783;
17e6 : 02F4C263;
17e7 : 06040413;
17e8 : 69494481;
17e9 : 7169C783;
17ea : 02440413;
17eb : 04F4C263;
17ec : B5C94401;
17ed : 06136649;
17ee : B71DAF86;
17ef : FFF48593;
17f0 : 03458533;
17f1 : 95220485;
17f2 : 1F852603;
17f3 : 1F452683;
17f4 : 2C052703;
17f5 : 2A452783;
17f6 : 2B852803;
17f7 : 23052883;
17f8 : 23452503;
17f9 : 8513C02A;
17fa : D0EFC1CA;
17fb : B75DC5BF;
17fc : 34C42603;
17fd : 36442703;
17fe : 35442683;
17ff : 363385A6;
1800 : 051300C0;
1801 : D0EFC609;
1802 : 0485C3FF;
1803 : 5552BF61;
1804 : 55E257FD;
1805 : 00F51B63;
1806 : D62E4501;
1807 : 9E4FC0EF;
1808 : 852E55B2;
1809 : A22FC0EF;
180a : C0EFB761;
180b : B7499D6F;
180c : 67D15752;
180d : 77078793;
180e : 11078693;
180f : 0693CB09;
1810 : 177D0F00;
1811 : 02D70733;
1812 : 869397BA;
1813 : A7032007;
1814 : A6830AC6;
1815 : 67890A86;
1816 : F4078593;
1817 : 17930686;
1818 : 86330017;
1819 : 654902B6;
181a : A7050513;
181b : 02B78733;
181c : 96B38239;
181d : 97B302B6;
181e : 06CA02B7;
181f : 00E75593;
1820 : 07CA8E55;
1821 : D0EF8DDD;
1822 : B71DBBFF;
1823 : 05136551;
1824 : 51747705;
1825 : 57D24721;
1826 : F0E69CE3;
1827 : F0078AE3;
1828 : 0F000713;
1829 : 87B317FD;
182a : 953E02E7;
182b : 20050513;
182c : C36FA0EF;
182d : 5452BDF5;
182e : EE040CE3;
182f : 0793147D;
1830 : 07B30F00;
1831 : 645102F4;
1832 : 77040413;
1833 : 943E4581;
1834 : 2B442503;
1835 : B48FA0EF;
1836 : 2C042023;
1837 : 5452BDD1;
1838 : 576267D1;
1839 : 77078793;
183a : 00045963;
183b : 0CE7A223;
183c : 001007B7;
183d : 24E7A023;
183e : 0637BD65;
183f : 16930F00;
1840 : 8EF10184;
1841 : 01071613;
1842 : 8ED18241;
1843 : 00100637;
1844 : 24D62223;
1845 : A223E401;
1846 : BBA914E7;
1847 : 0513147D;
1848 : 04330F00;
1849 : 97A202A4;
184a : 22E7AA23;
184b : 5752B551;
184c : 879367D1;
184d : 55637707;
184e : A5830007;
184f : BBB10C47;
1850 : A583E701;
1851 : BB911447;
1852 : 0693177D;
1853 : 07330F00;
1854 : 97BA02D7;
1855 : 2347A583;
1856 : 6785B389;
1857 : 55F25752;
1858 : 46964606;
1859 : 80078793;
185a : 3047B7F3;
185b : 300477F3;
185c : 0B6357FD;
185d : C31D00F7;
185e : 87936785;
185f : A7F38007;
1860 : 67F33047;
1861 : B52D3004;
1862 : 879367D1;
1863 : AE237707;
1864 : AC2308B7;
1865 : A02308C7;
1866 : BFF90AD7;
1867 : 07936751;
1868 : A5037707;
1869 : 07131807;
186a : C1317707;
186b : 1807A803;
186c : 28035562;
186d : 5C630008;
186e : A7030305;
186f : 18131807;
1870 : 97420045;
1871 : A703C750;
1872 : 97421807;
1873 : A703C70C;
1874 : 97421807;
1875 : A703CB14;
1876 : 43581807;
1877 : F8E51EE3;
1878 : 10B7AE23;
1879 : 10C7AC23;
187a : 12D7A023;
187b : 2E23B771;
187c : 2C2310B7;
187d : 202310C7;
187e : BFBD12D7;
187f : B99D5429;
1880 : C2A6715D;
1881 : 84AA862A;
1882 : 45956541;
1883 : 21450513;
1884 : C4A2C686;
1885 : DE4EC0CA;
1886 : DA56DC52;
1887 : F0EFD85A;
1888 : 4791F8AF;
1889 : 20A7EC63;
188a : 17936741;
188b : 07130025;
188c : 97BAC487;
188d : 842A439C;
188e : B0EF8782;
188f : 57FDAB0F;
1890 : 0AF51163;
1891 : 05136545;
1892 : D0EF3545;
1893 : 546D9FBF;
1894 : 48DCA849;
1895 : 1E078463;
1896 : 0044A903;
1897 : 854A45C1;
1898 : 39D030EF;
1899 : 99634781;
189a : 47C108A7;
189b : 02000713;
189c : 08F51E63;
189d : A0EF4488;
189e : D22AC0FF;
189f : A0EF44C8;
18a0 : D42AC07F;
18a1 : A0EF4888;
18a2 : D7B7BFFF;
18a3 : 87933B9A;
18a4 : 0733A007;
18a5 : 153302F5;
18a6 : CE3A02F5;
18a7 : 5363D02A;
18a8 : 547D0005;
18a9 : A0EF48C8;
18aa : 0433BDFF;
18ab : 47F20285;
18ac : 45855702;
18ad : 00684601;
18ae : 41F45693;
18af : 9736943E;
18b0 : 00F437B3;
18b1 : D03E97BA;
18b2 : D0EFCE22;
18b3 : 57F9FC5F;
18b4 : 136385AA;
18b5 : 654904F5;
18b6 : C9C50513;
18b7 : 969FD0EF;
18b8 : 40B65411;
18b9 : 44268522;
18ba : 49064496;
18bb : 5A6259F2;
18bc : 5B425AD2;
18bd : 80826161;
18be : 00F90733;
18bf : 00074683;
18c0 : 973E0078;
18c1 : 00D70023;
18c2 : BFB10785;
18c3 : 96AA0074;
18c4 : 00E68023;
18c5 : BFA90505;
18c6 : 166357FD;
18c7 : 654900F5;
18c8 : CAC50513;
18c9 : 6549B71D;
18ca : CB850513;
18cb : 919FD0EF;
18cc : BF454401;
18cd : 00055A63;
18ce : 654985AA;
18cf : CDC50513;
18d0 : 905FD0EF;
18d1 : BF715449;
18d2 : 85A60485;
18d3 : CF898513;
18d4 : 8F5FD0EF;
18d5 : 007C4901;
18d6 : C58397CA;
18d7 : 05130007;
18d8 : 0905D00A;
18d9 : 8E1FD0EF;
18da : FF5917E3;
18db : 57824772;
18dc : 55925622;
18dd : D04B0513;
18de : 8CDFD0EF;
18df : FA84FAE3;
18e0 : 45818626;
18e1 : D0EF0068;
18e2 : 842AC5DF;
18e3 : 6549F545;
18e4 : CC850513;
18e5 : 8B1FD0EF;
18e6 : 4405B7A9;
18e7 : 69C94481;
18e8 : 4AC16A49;
18e9 : BFD96B49;
18ea : EF0940D8;
18eb : A00D4501;
18ec : 07850705;
18ed : 00074603;
18ee : 0007C683;
18ef : 09E3CA01;
18f0 : B7EDFED6;
18f1 : 879367C9;
18f2 : B7EDC947;
18f3 : FEF94505;
18f4 : A66FE0EF;
18f5 : 842A57B5;
18f6 : 00F51663;
18f7 : 05136549;
18f8 : BF4DD285;
18f9 : 166357ED;
18fa : 654900F5;
18fb : D3450513;
18fc : 64D1B755;
18fd : 55048493;
18fe : 85936549;
18ff : 05130644;
1900 : D0EFD445;
1901 : 57E9843F;
1902 : 00F41663;
1903 : 05136549;
1904 : B749D4C5;
1905 : 5CBC58F8;
1906 : 0804A603;
1907 : 65495CEC;
1908 : D6450513;
1909 : 821FD0EF;
190a : 40C8BD6D;
190b : 0AE3547D;
190c : A0EFEA05;
190d : B0EFA53F;
190e : BDDDB6DF;
190f : B555547D;
1910 : 7139411C;
1911 : DC22DE06;
1912 : 862ACBBD;
1913 : 6541842A;
1914 : 05134591;
1915 : F0EF2285;
1916 : 4789D52F;
1917 : 08F50C63;
1918 : 00A7CC63;
1919 : 4785CD29;
191a : 06F50E63;
191b : 50F257FD;
191c : 853E5462;
191d : 80826121;
191e : 19E3478D;
191f : 4048FEF5;
1920 : D57557FD;
1921 : A0EF002C;
1922 : 4408933F;
1923 : A0EFC119;
1924 : 65379F7F;
1925 : 05132D63;
1926 : 645116D5;
1927 : F9DFA0EF;
1928 : 77040413;
1929 : 00054A63;
192a : 90EF4828;
192b : 4619C43F;
192c : 4501002C;
192d : BD1F90EF;
192e : 00042423;
192f : 65D5A039;
1930 : C7858593;
1931 : A0EF0028;
1932 : 4619C67F;
1933 : 0808002C;
1934 : 11A040EF;
1935 : 080C6549;
1936 : D8C50513;
1937 : F68FD0EF;
1938 : B7714781;
1939 : C1194048;
193a : 99DFA0EF;
193b : B0EF0028;
193c : BFE1A2BF;
193d : 57FD4048;
193e : 002CD93D;
193f : 8BDFA0EF;
1940 : B0EF0028;
1941 : B0EF9A1F;
1942 : B7C18AFF;
1943 : 1101455C;
1944 : CE06CC22;
1945 : C84ACA26;
1946 : CBA1842A;
1947 : A0EF858A;
1948 : 06139CFF;
1949 : 45853DE5;
194a : 70EF8522;
194b : 654961C0;
194c : 32040DA3;
194d : DA050513;
194e : F0CFD0EF;
194f : 45816549;
1950 : DD050513;
1951 : F00FD0EF;
1952 : 05136549;
1953 : D0EFE0C5;
1954 : 8522EF6F;
1955 : 40EF4585;
1956 : C4083380;
1957 : 446240F2;
1958 : 494244D2;
1959 : 61054501;
195a : 45858082;
195b : 664060EF;
195c : 858AD16D;
195d : A0EF8522;
195e : 5C5C977F;
195f : 45855848;
1960 : 490257DC;
1961 : 97824492;
1962 : 858A5C5C;
1963 : 47DC8522;
1964 : 47829782;
1965 : 01279563;
1966 : 87E34792;
1967 : 5C5CFE97;
1968 : 8522858A;
1969 : 978247DC;
196a : 8522858A;
196b : 068030EF;
196c : 468185AA;
196d : 85224605;
196e : 125040EF;
196f : 8522858A;
1970 : 92DFA0EF;
1971 : FF650613;
1972 : 85224585;
1973 : 57A070EF;
1974 : 7139B749;
1975 : 8432CC22;
1976 : 85AA862E;
1977 : 05136549;
1978 : CE06E405;
1979 : D83AD636;
197a : DC42DA3E;
197b : D0EFDE46;
197c : 106CE56F;
197d : C62E8522;
197e : E18FD0EF;
197f : 446240F2;
1980 : 80826121;
1981 : CA267179;
1982 : 862E84B2;
1983 : 654985AA;
1984 : E4050513;
1985 : CC22CE06;
1986 : 8436D03A;
1987 : D442D23E;
1988 : D0EFD646;
1989 : 6549E22F;
198a : 45858626;
198b : E4C50513;
198c : E14FD0EF;
198d : 8522100C;
198e : D0EFC62E;
198f : 40F2DD6F;
1990 : 44D24462;
1991 : 80826145;
1992 : CC227139;
1993 : 7593842E;
1994 : D4320805;
1995 : 00B035B3;
1996 : 07F57613;
1997 : 05856549;
1998 : E4C50513;
1999 : D636CE06;
199a : DA3ED83A;
199b : DE46DC42;
199c : DD4FD0EF;
199d : 8522102C;
199e : D0EFC62E;
199f : 40F2D96F;
19a0 : 61214462;
19a1 : 71518082;
19a2 : CFCED3A6;
19a3 : 69D164D1;
19a4 : 6304C603;
19a5 : 6849C783;
19a6 : D5A2D786;
19a7 : CDD2D1CA;
19a8 : C9DACBD6;
19a9 : C5E2C7DE;
19aa : C1EAC3E6;
19ab : 8D63DF6E;
19ac : 65451EC7;
19ad : 69850513;
19ae : D8CFD0EF;
19af : 6304C783;
19b0 : CFD98B85;
19b1 : 675167C1;
19b2 : 879366C9;
19b3 : 071302C7;
19b4 : 86935547;
19b5 : 4611E7C6;
19b6 : 45054585;
19b7 : 65C93725;
19b8 : E9058593;
19b9 : 378D4515;
19ba : 65C96649;
19bb : 02860713;
19bc : 02860693;
19bd : EB058593;
19be : 02860613;
19bf : 37A94511;
19c0 : 67D16949;
19c1 : EE490593;
19c2 : CA034519;
19c3 : 64496A17;
19c4 : 05133F25;
19c5 : D0EFF344;
19c6 : 0513D2EF;
19c7 : D0EFEE49;
19c8 : 4901D26F;
19c9 : 17494663;
19ca : 05136549;
19cb : D0EFF845;
19cc : 6449D16F;
19cd : FD840513;
19ce : D0CFD0EF;
19cf : 05136549;
19d0 : D0EF02C5;
19d1 : 4901D02F;
19d2 : 15494A63;
19d3 : 859365C9;
19d4 : 45110805;
19d5 : 65C93DD5;
19d6 : 0A858593;
19d7 : 35ED4519;
19d8 : 6304C783;
19d9 : 89638B89;
19da : 66C90E07;
19db : 0FC68693;
19dc : 05934611;
19dd : 454D02D0;
19de : 66493571;
19df : 10860613;
19e0 : 02D00593;
19e1 : 35B14551;
19e2 : 06136649;
19e3 : 05931146;
19e4 : 455502D0;
19e5 : 66C93D3D;
19e6 : 12068693;
19e7 : 45854611;
19e8 : 358D4541;
19e9 : 859365C9;
19ea : 45191305;
19eb : 65C93D71;
19ec : 18458593;
19ed : 3D494511;
19ee : 05136549;
19ef : D0EF1985;
19f0 : 6549C86F;
19f1 : 1AC50513;
19f2 : C7CFD0EF;
19f3 : 05136549;
19f4 : D0EF1C05;
19f5 : 6549C72F;
19f6 : 1D450513;
19f7 : C68FD0EF;
19f8 : 06136649;
19f9 : 05931E86;
19fa : 455D02D0;
19fb : 654933DD;
19fc : 1F050513;
19fd : C50FD0EF;
19fe : 05136549;
19ff : D0EF2045;
1a00 : 6549C46F;
1a01 : 21850513;
1a02 : C3CFD0EF;
1a03 : 05136549;
1a04 : D0EF22C5;
1a05 : C783C32F;
1a06 : 8B916304;
1a07 : 6549CB99;
1a08 : 24050513;
1a09 : C20FD0EF;
1a0a : 05136549;
1a0b : D0EF2545;
1a0c : 6549C16F;
1a0d : 26850513;
1a0e : C0CFD0EF;
1a0f : 6304C783;
1a10 : CB998B91;
1a11 : 05136549;
1a12 : D0EF27C5;
1a13 : 6549BFAF;
1a14 : 29450513;
1a15 : BF0FD0EF;
1a16 : 67D16549;
1a17 : 2AC50513;
1a18 : 6807A023;
1a19 : BE0FD0EF;
1a1a : 6304C783;
1a1b : 68F98223;
1a1c : 50BE4505;
1a1d : 549E542E;
1a1e : 49FE590E;
1a1f : 4ADE4A6E;
1a20 : 4BBE4B4E;
1a21 : 4C9E4C2E;
1a22 : 5DFA4D0E;
1a23 : 8082616D;
1a24 : F3440513;
1a25 : BB0FD0EF;
1a26 : B5690905;
1a27 : FD840513;
1a28 : BA4FD0EF;
1a29 : B54D0905;
1a2a : 001007B7;
1a2b : A7036451;
1a2c : 079341C7;
1a2d : 539C5504;
1a2e : 55040413;
1a2f : A78365D1;
1a30 : A80317C7;
1a31 : 67D10687;
1a32 : 6807A683;
1a33 : 40D706B3;
1a34 : 0006D763;
1a35 : 6685A683;
1a36 : 8CE34501;
1a37 : 0713F906;
1a38 : A4233E87;
1a39 : A0236705;
1a3a : 102C68E7;
1a3b : 18084785;
1a3c : 62F48823;
1a3d : 68C98223;
1a3e : B6EFC0EF;
1a3f : 554255D2;
1a40 : 6B494609;
1a41 : D4DFC0EF;
1a42 : 0693872A;
1a43 : 4625E8CB;
1a44 : 450D45AD;
1a45 : 585C39C5;
1a46 : 86361074;
1a47 : 00079903;
1a48 : 104C501C;
1a49 : 5FDC4501;
1a4a : 43DC6A51;
1a4b : 66499782;
1a4c : 061386CA;
1a4d : 0593C046;
1a4e : 450D02C0;
1a4f : 4C3C3959;
1a50 : 05136941;
1a51 : 438CC789;
1a52 : 5D050513;
1a53 : C7890913;
1a54 : D37FA0EF;
1a55 : 0593862A;
1a56 : 450D03B0;
1a57 : 0793399D;
1a58 : 53F8770A;
1a59 : 0A1347A1;
1a5a : 0163770A;
1a5b : 66CD0EF7;
1a5c : 9A468693;
1a5d : 06136649;
1a5e : 05932B06;
1a5f : 450D0460;
1a60 : 67D13989;
1a61 : 6A17C783;
1a62 : 580A0B93;
1a63 : C63E8C5E;
1a64 : 6D494A81;
1a65 : 47B26DC9;
1a66 : 0AFACE63;
1a67 : 879367C9;
1a68 : CA3EE5C7;
1a69 : 879367C9;
1a6a : CC3E3087;
1a6b : 6AC167C9;
1a6c : E6078793;
1a6d : 8A934C01;
1a6e : CE3E238A;
1a6f : 466347B2;
1a70 : 2A0316FC;
1a71 : 27830204;
1a72 : 8D63340A;
1a73 : 27832807;
1a74 : 470501CA;
1a75 : 6A638BD6;
1a76 : 078E00F7;
1a77 : 4703993E;
1a78 : 8BD65C09;
1a79 : 8BB3C319;
1a7a : 694900FA;
1a7b : 02890613;
1a7c : 45414585;
1a7d : 27033EF9;
1a7e : 47A5000A;
1a7f : 1A63884A;
1a80 : 260300F7;
1a81 : 468317CA;
1a82 : F7930606;
1a83 : 9D630016;
1a84 : 65C92407;
1a85 : 33C58593;
1a86 : 313D4505;
1a87 : C90367D1;
1a88 : 44817157;
1a89 : 197D69C9;
1a8a : 6AC96A49;
1a8b : 6BC96B49;
1a8c : C5636C49;
1a8d : 65494B24;
1a8e : 43450513;
1a8f : A08FD0EF;
1a90 : 05136549;
1a91 : D0EF2AC5;
1a92 : B51D9FEF;
1a93 : 869366C9;
1a94 : B70DE586;
1a95 : 000C2503;
1a96 : A2EFB0EF;
1a97 : 87568CAA;
1a98 : 67C9C125;
1a99 : 2B878693;
1a9a : 45854609;
1a9b : 3E59451D;
1a9c : 000C2583;
1a9d : 18084619;
1a9e : 373030EF;
1a9f : 06931818;
1aa0 : 4615E8CB;
1aa1 : 451D4599;
1aa2 : 93633EB5;
1aa3 : 8963080A;
1aa4 : 1068080C;
1aa5 : E8CFA0EF;
1aa6 : 1808106C;
1aa7 : C7FFC0EF;
1aa8 : 4705481C;
1aa9 : 02E78263;
1aaa : 86634709;
1aab : E78D06E7;
1aac : 869367C9;
1aad : 46052C07;
1aae : 451D45E9;
1aaf : A82936A1;
1ab0 : 2BCD0693;
1ab1 : B7554605;
1ab2 : 181867C9;
1ab3 : 2D878693;
1ab4 : 45E94609;
1ab5 : 363D451D;
1ab6 : 584A2783;
1ab7 : 30CD8693;
1ab8 : 47984615;
1ab9 : 0047AC83;
1aba : 03400593;
1abb : 3E19451D;
1abc : 861386E6;
1abd : 059330CD;
1abe : 451D03E0;
1abf : 56833CD9;
1ac0 : 67C900A4;
1ac1 : 31078613;
1ac2 : 04800593;
1ac3 : 34D1451D;
1ac4 : 0C310A85;
1ac5 : 67C9B549;
1ac6 : 86931818;
1ac7 : BF4D2E47;
1ac8 : 869367C9;
1ac9 : 46092F47;
1aca : A503BF41;
1acb : 8CD6000B;
1acc : 956FB0EF;
1acd : 02042D03;
1ace : 064A2783;
1acf : 27034685;
1ad0 : C83E01CD;
1ad1 : 00E6EA63;
1ad2 : 06B3070E;
1ad3 : C68300E9;
1ad4 : C2995C06;
1ad5 : 00EA8CB3;
1ad6 : 2A4D2703;
1ad7 : 09AD0D93;
1ad8 : 0E050D63;
1ad9 : 869366C9;
1ada : 46093146;
1adb : 45314585;
1adc : 47C23C51;
1add : 46D24721;
1ade : 00E78363;
1adf : 460946E2;
1ae0 : 453145A1;
1ae1 : 67493441;
1ae2 : 071366C9;
1ae3 : 869331C7;
1ae4 : 46253246;
1ae5 : 453145B9;
1ae6 : 85EE34B5;
1ae7 : 18084619;
1ae8 : 24B030EF;
1ae9 : 45E91810;
1aea : 34254531;
1aeb : 000D2583;
1aec : 5E490513;
1aed : AD3FA0EF;
1aee : 872A66C9;
1aef : 32C68693;
1af0 : 05934609;
1af1 : 453102E0;
1af2 : 26833C35;
1af3 : 470501CD;
1af4 : 9B634DF2;
1af5 : 270300E6;
1af6 : 0513178D;
1af7 : 4B186109;
1af8 : A0EF430C;
1af9 : 8DAAAA5F;
1afa : 33CD2583;
1afb : 63890513;
1afc : A97FA0EF;
1afd : 6549862A;
1afe : 051385EE;
1aff : D0EF3305;
1b00 : 2683846F;
1b01 : 460902CD;
1b02 : 03F00713;
1b03 : 00D66863;
1b04 : 07136751;
1b05 : 96BA4507;
1b06 : 0006C703;
1b07 : 453166C9;
1b08 : D0068693;
1b09 : 05934625;
1b0a : 3AE904C0;
1b0b : 01CD2703;
1b0c : CB194509;
1b0d : 340D2783;
1b0e : 87634705;
1b0f : 470900E7;
1b10 : 93634505;
1b11 : 452500E7;
1b12 : 000CC603;
1b13 : 859365C9;
1b14 : 3ADD3385;
1b15 : 0BB10C05;
1b16 : 66C9B395;
1b17 : 31868693;
1b18 : B7294605;
1b19 : BB954781;
1b1a : 340A2703;
1b1b : 49014785;
1b1c : 00F71463;
1b1d : 018A2903;
1b1e : 6304C783;
1b1f : 0027E713;
1b20 : 24090B63;
1b21 : 04890A93;
1b22 : 8FD94791;
1b23 : 6849C703;
1b24 : 62F48823;
1b25 : 13E38B9D;
1b26 : 8A89D8F7;
1b27 : 004BA703;
1b28 : 0813527C;
1b29 : C6810288;
1b2a : 08136849;
1b2b : 66C9E6C8;
1b2c : 36C68693;
1b2d : 45DD4625;
1b2e : 32A94541;
1b2f : 04090463;
1b30 : 01494783;
1b31 : 65C9E791;
1b32 : 38058593;
1b33 : 3AAD4505;
1b34 : 00092703;
1b35 : 869364C9;
1b36 : 462543C4;
1b37 : 03C00593;
1b38 : 320D454D;
1b39 : 00492683;
1b3a : 43C48613;
1b3b : 03C00593;
1b3c : 30C54551;
1b3d : 00892683;
1b3e : 43C48613;
1b3f : 03C00593;
1b40 : 38C14555;
1b41 : 64C9545C;
1b42 : 4BCC69C9;
1b43 : 30EF4B88;
1b44 : 872A1A80;
1b45 : 39C48693;
1b46 : 45D14625;
1b47 : 30DD454D;
1b48 : 17CA2503;
1b49 : 0513180C;
1b4a : C0EF0305;
1b4b : 86AAE8DF;
1b4c : 3A498613;
1b4d : 45D14551;
1b4e : 27833869;
1b4f : 851317CA;
1b50 : 94630A0A;
1b51 : 8513000A;
1b52 : 180C0207;
1b53 : E6BFC0EF;
1b54 : 861386AA;
1b55 : 45D13A49;
1b56 : 38A54555;
1b57 : 178A2783;
1b58 : 4F884FCC;
1b59 : 152030EF;
1b5a : 861386AA;
1b5b : 45D139C4;
1b5c : 30854559;
1b5d : 18CA2583;
1b5e : 188A2503;
1b5f : 098030EF;
1b60 : 061386AA;
1b61 : 45D9E8CB;
1b62 : 30A1455D;
1b63 : 188A2703;
1b64 : 18CA2783;
1b65 : 06136649;
1b66 : 05933AC6;
1b67 : 455D0330;
1b68 : 2583380D;
1b69 : 25031A4A;
1b6a : 30EF1A0A;
1b6b : 86AA10C0;
1b6c : 39C48613;
1b6d : 456145D1;
1b6e : 25833829;
1b6f : 250319CA;
1b70 : 30EF198A;
1b71 : 86AA0F40;
1b72 : 39C48613;
1b73 : 456545D1;
1b74 : 803FF0EF;
1b75 : 1B4A2583;
1b76 : 1B0A2503;
1b77 : 0DA030EF;
1b78 : 861386AA;
1b79 : 45D139C4;
1b7a : F0EF4569;
1b7b : 545CFE8F;
1b7c : 478847CC;
1b7d : 0C2030EF;
1b7e : 861386AA;
1b7f : 456D39C4;
1b80 : F0EF45D1;
1b81 : 4571FD0F;
1b82 : 02090F63;
1b83 : 00C92583;
1b84 : D6131808;
1b85 : C0EF41F5;
1b86 : 86AAD5FF;
1b87 : 39C48613;
1b88 : 457145D1;
1b89 : FAEFF0EF;
1b8a : 02892583;
1b8b : 02C92603;
1b8c : C0EF1808;
1b8d : 86AAD43F;
1b8e : 39C48613;
1b8f : 45D14575;
1b90 : F92FF0EF;
1b91 : 27834579;
1b92 : 664917CA;
1b93 : 3B060613;
1b94 : 45E157B4;
1b95 : F7EFF0EF;
1b96 : BC0A82E3;
1b97 : 8556180C;
1b98 : D57FC0EF;
1b99 : 86AA6949;
1b9a : 3BC90613;
1b9b : 457D45E9;
1b9c : F62FF0EF;
1b9d : 859364C9;
1b9e : 45113C44;
1b9f : FCCFF0EF;
1ba0 : 8513180C;
1ba1 : C0EF010A;
1ba2 : 6449D31F;
1ba3 : 0593862A;
1ba4 : 45253CC4;
1ba5 : FB4FF0EF;
1ba6 : 8513180C;
1ba7 : C0EF020A;
1ba8 : 872AD19F;
1ba9 : 3BC90693;
1baa : 45E94625;
1bab : 02000513;
1bac : F54FF0EF;
1bad : 3C448593;
1bae : F0EF4511;
1baf : 180CF8EF;
1bb0 : 030A8513;
1bb1 : CF3FC0EF;
1bb2 : 0593862A;
1bb3 : 45253CC4;
1bb4 : F78FF0EF;
1bb5 : 4A81B6A1;
1bb6 : BB454781;
1bb7 : 85938626;
1bb8 : 45153D49;
1bb9 : F64FF0EF;
1bba : 180885A6;
1bbb : B48F90EF;
1bbc : 77935442;
1bbd : C7910014;
1bbe : 3F4A0593;
1bbf : F0EF4509;
1bc0 : 7793F4AF;
1bc1 : C7910044;
1bc2 : 3FCA8593;
1bc3 : F0EF4509;
1bc4 : 7793F3AF;
1bc5 : C7910024;
1bc6 : 404B0593;
1bc7 : F0EF4509;
1bc8 : 8821F2AF;
1bc9 : 8593CC01;
1bca : 4509410B;
1bcb : F1CFF0EF;
1bcc : 05935662;
1bcd : 4525418C;
1bce : F10FF0EF;
1bcf : BCD50485;
1bd0 : C8DA7159;
1bd1 : 10688B2A;
1bd2 : D4A2D686;
1bd3 : 8436D2A6;
1bd4 : CCD284BA;
1bd5 : D0CAC6DE;
1bd6 : CECE8BB2;
1bd7 : A0EFCAD6;
1bd8 : 27839CEF;
1bd9 : 0513014B;
1bda : 4A010321;
1bdb : A0EF438C;
1bdc : 67D19BEF;
1bdd : 55A7D703;
1bde : 00CB5683;
1bdf : 12070263;
1be0 : 08100793;
1be1 : 02F11C23;
1be2 : 018B5783;
1be3 : 02D11E23;
1be4 : 8FD907B6;
1be5 : 00879713;
1be6 : 83C107C2;
1be7 : 8FD983A1;
1be8 : 02F11D23;
1be9 : C78367D1;
1bea : 45016A07;
1beb : 16078E63;
1bec : 03815683;
1bed : 08100713;
1bee : 836347C9;
1bef : 47B900E6;
1bf0 : 00878733;
1bf1 : 03B00693;
1bf2 : 4017D813;
1bf3 : 00E6E563;
1bf4 : 03C00413;
1bf5 : 27838C1D;
1bf6 : 5513014B;
1bf7 : 10780014;
1bf8 : 0047AB03;
1bf9 : 000207B7;
1bfa : 000B2583;
1bfb : 4781C1DC;
1bfc : 00075683;
1bfd : 00075603;
1bfe : 06A20785;
1bff : 8ED18221;
1c00 : 82C106C2;
1c01 : 0709C1D4;
1c02 : FEF814E3;
1c03 : 9C634781;
1c04 : 771308A7;
1c05 : C3050014;
1c06 : 9BBE0786;
1c07 : 000BD783;
1c08 : 000BD703;
1c09 : 832107A2;
1c0a : 07C28FD9;
1c0b : 073783C1;
1c0c : 8FD90003;
1c0d : 67C5C1DC;
1c0e : 67C1C1DC;
1c0f : 419CC1DC;
1c10 : 3E800913;
1c11 : 0017E793;
1c12 : 2783C19C;
1c13 : 438C000B;
1c14 : 0025F793;
1c15 : EF89C62E;
1c16 : C0EF4505;
1c17 : 197DD9AF;
1c18 : 14E345B2;
1c19 : 6549FE09;
1c1a : 47450513;
1c1b : BD9FC0EF;
1c1c : 09136985;
1c1d : 89930640;
1c1e : 27038009;
1c1f : 431C000B;
1c20 : 0137F7B3;
1c21 : 4505E3A1;
1c22 : C0EF197D;
1c23 : 16E3D6AF;
1c24 : 6549FE09;
1c25 : 44450513;
1c26 : BADFC0EF;
1c27 : A03D4A01;
1c28 : 02D11C23;
1c29 : 9693B701;
1c2a : 96DE0017;
1c2b : 0006D703;
1c2c : 0006D683;
1c2d : 07220785;
1c2e : 8F5582A1;
1c2f : 83410742;
1c30 : B7B1C1D8;
1c31 : 01472A03;
1c32 : 001A7A13;
1c33 : 000B2783;
1c34 : 1008086C;
1c35 : 0187AA83;
1c36 : B0EF4BDC;
1c37 : 0A92B8DF;
1c38 : 059687B7;
1c39 : 004ADA93;
1c3a : 2F078793;
1c3b : 0357F363;
1c3c : B7B74772;
1c3d : 87930EE6;
1c3e : EC6327F7;
1c3f : 578200E7;
1c40 : 86935712;
1c41 : B793FFF7;
1c42 : 07B30017;
1c43 : D03640F7;
1c44 : 2783D23E;
1c45 : 5902004B;
1c46 : 07855992;
1c47 : 0FFA7A13;
1c48 : 22230A8E;
1c49 : 852200FB;
1c4a : A023C899;
1c4b : A2230124;
1c4c : A4230134;
1c4d : A6230154;
1c4e : AE230004;
1c4f : 50B60144;
1c50 : 54965426;
1c51 : 49F65906;
1c52 : 4AD64A66;
1c53 : 4BB64B46;
1c54 : 80826165;
1c55 : C70367D1;
1c56 : 47916CC7;
1c57 : 00F71D63;
1c58 : 80824501;
1c59 : 50B24501;
1c5a : 54925422;
1c5b : 49F25902;
1c5c : 61454A62;
1c5d : 65858082;
1c5e : 71796551;
1c5f : 38858593;
1c60 : 6E450513;
1c61 : D422D606;
1c62 : D04AD226;
1c63 : CC52CE4E;
1c64 : BBBF90EF;
1c65 : 0068F961;
1c66 : F89F90EF;
1c67 : 645169D1;
1c68 : 77098513;
1c69 : 6DC40593;
1c6a : 05134619;
1c6b : 84A25085;
1c6c : 4D2020EF;
1c6d : 89936451;
1c6e : 6A557709;
1c6f : 55040413;
1c70 : E10D6951;
1c71 : 00A45703;
1c72 : 6D895783;
1c73 : 00F71C63;
1c74 : CF85481C;
1c75 : 461165D1;
1c76 : 6D458593;
1c77 : 20EF0068;
1c78 : C5054A40;
1c79 : EBCFD0EF;
1c7a : C78A0593;
1c7b : 6DC48513;
1c7c : F3DF90EF;
1c7d : 46116551;
1c7e : 0513006C;
1c7f : 20EF6D45;
1c80 : 57835540;
1c81 : 1C2300A4;
1c82 : 67D16CF9;
1c83 : 6CE7D683;
1c84 : A50367D1;
1c85 : 65D96D07;
1c86 : 86134701;
1c87 : 85934689;
1c88 : 3B398945;
1c89 : B7814505;
1c8a : 02255783;
1c8b : 1A078663;
1c8c : C686715D;
1c8d : C2A6C4A2;
1c8e : DE4EC0CA;
1c8f : DA56DC52;
1c90 : 01A50A13;
1c91 : 84AA17FD;
1c92 : 112389AE;
1c93 : 8AB202F5;
1c94 : 46098936;
1c95 : 85D24681;
1c96 : 00610513;
1c97 : 90EF843A;
1c98 : D783A81F;
1c99 : 468101E4;
1c9a : 953E4661;
1c9b : 00A49F23;
1c9c : 082885D2;
1c9d : A6BF90EF;
1c9e : 01E4D783;
1c9f : 46394681;
1ca0 : 9F23953E;
1ca1 : 85D200A4;
1ca2 : 90EF0028;
1ca3 : D783A55F;
1ca4 : 560301E4;
1ca5 : 86CA0061;
1ca6 : 9F23953E;
1ca7 : 85D200A4;
1ca8 : 90EF8556;
1ca9 : D783A3DF;
1caa : 570301E4;
1cab : 46190141;
1cac : 5783953E;
1cad : 83210141;
1cae : 00A49F23;
1caf : 8FD907A2;
1cb0 : 00F99623;
1cb1 : D78367D1;
1cb2 : 059355A7;
1cb3 : 854E00E1;
1cb4 : 00F99823;
1cb5 : 47E020EF;
1cb6 : 002C4619;
1cb7 : 00698513;
1cb8 : 472020EF;
1cb9 : 57A2C469;
1cba : 01040513;
1cbb : 47F2C85C;
1cbc : 67D1CC1C;
1cbd : 77078793;
1cbe : 1B87A983;
1cbf : 1BC7AA03;
1cc0 : E17F80EF;
1cc1 : 55125702;
1cc2 : 46835622;
1cc3 : C0180181;
1cc4 : C410C048;
1cc5 : C6894781;
1cc6 : 414989B3;
1cc7 : 0019B793;
1cc8 : 46F2CC5C;
1cc9 : 480C48DC;
1cca : C291479C;
1ccb : 8D9D1661;
1ccc : D66386AE;
1ccd : 66890005;
1cce : F4068693;
1ccf : 678596AE;
1cd0 : FA078793;
1cd1 : D66397AE;
1cd2 : 678D0007;
1cd3 : EE078793;
1cd4 : 658997AE;
1cd5 : F3F58593;
1cd6 : 00F5D663;
1cd7 : 859375F9;
1cd8 : 97AE0C05;
1cd9 : 88136585;
1cda : 85938306;
1cdb : F363FA05;
1cdc : 66890705;
1cdd : 8833C410;
1cde : 869300B7;
1cdf : C663F3F6;
1ce0 : 26230506;
1ce1 : 441C0104;
1ce2 : 3B9AD6B7;
1ce3 : 9FF68693;
1ce4 : 00F6DF63;
1ce5 : C46536B7;
1ce6 : 60068693;
1ce7 : C41C97B6;
1ce8 : 00170793;
1ce9 : 00E7B733;
1cea : C01C972A;
1ceb : 5503C058;
1cec : 73630061;
1ced : 854A00A9;
1cee : 442640B6;
1cef : 49064496;
1cf0 : 5A6259F2;
1cf1 : 61615AD2;
1cf2 : 8F8D8082;
1cf3 : C45C0621;
1cf4 : BF55C410;
1cf5 : BF45C454;
1cf6 : 80824501;
1cf7 : 2A23712D;
1cf8 : 64D11091;
1cf9 : 6C84A503;
1cfa : 06934701;
1cfb : 08300C80;
1cfc : 2E23004C;
1cfd : 2C231011;
1cfe : 28231081;
1cff : 26231121;
1d00 : 24231131;
1d01 : 22231141;
1d02 : 20231151;
1d03 : DFDE1161;
1d04 : DBE6DDE2;
1d05 : D7EED9EA;
1d06 : 07933D01;
1d07 : EA630380;
1d08 : 450102A7;
1d09 : 11C12083;
1d0a : 11812403;
1d0b : 11412483;
1d0c : 11012903;
1d0d : 10C12983;
1d0e : 10812A03;
1d0f : 10412A83;
1d10 : 10012B03;
1d11 : 5C6E5BFE;
1d12 : 5D4E5CDE;
1d13 : 61155DBE;
1d14 : 65D18082;
1d15 : 85934611;
1d16 : 10285645;
1d17 : 226020EF;
1d18 : 6751F169;
1d19 : 46036941;
1d1a : 09136C47;
1d1b : 68C1C789;
1d1c : 45814801;
1d1d : 0E134B01;
1d1e : 4E990749;
1d1f : C5C88893;
1d20 : 0A000F13;
1d21 : 0A100F93;
1d22 : 0A300293;
1d23 : 43714385;
1d24 : 010E07B3;
1d25 : 0007C683;
1d26 : 00768793;
1d27 : 0FF7F793;
1d28 : 0AFEED63;
1d29 : 97C6078A;
1d2a : 8782439C;
1d2b : B7CD8556;
1d2c : 97AA119C;
1d2d : F547C783;
1d2e : 0805953E;
1d2f : 00150A93;
1d30 : FE6816E3;
1d31 : 0223C199;
1d32 : 0D136CC7;
1d33 : 05090341;
1d34 : 04339AEA;
1d35 : 091300AD;
1d36 : 7C9364C9;
1d37 : 7C13003B;
1d38 : 4983004B;
1d39 : 816300C9;
1d3a : CA031009;
1d3b : 7B93000A;
1d3c : F4630FFA;
1d3d : FB930149;
1d3e : 8F630FF9;
1d3f : 7D63060C;
1d40 : 0941073A;
1d41 : 119CBFF9;
1d42 : C60397AA;
1d43 : FD63F547;
1d44 : 022304C3;
1d45 : A8316CC7;
1d46 : 97AA119C;
1d47 : F547C783;
1d48 : 05E78663;
1d49 : 05F78663;
1d4a : 04578663;
1d4b : F80B17E3;
1d4c : 4595F1ED;
1d4d : 90EF1848;
1d4e : 842AEF6F;
1d4f : 46010471;
1d50 : 082885A2;
1d51 : A35F90EF;
1d52 : 6C84A503;
1d53 : 86A24701;
1d54 : 004C0830;
1d55 : 450532F5;
1d56 : 119CB5F1;
1d57 : C78397AA;
1d58 : 8CE3F547;
1d59 : B7E9F4D7;
1d5a : BF814585;
1d5b : B7B14B09;
1d5c : B7A14B11;
1d5d : B7914B05;
1d5e : 00092D83;
1d5f : 85A2865E;
1d60 : 20EF856E;
1d61 : 05621000;
1d62 : 0A638561;
1d63 : 4563000C;
1d64 : EE6300A0;
1d65 : F5350749;
1d66 : 4A318BCE;
1d67 : 6A63A039;
1d68 : 8A5A073A;
1d69 : 0763A0B5;
1d6a : 864E000C;
1d6b : 852285EE;
1d6c : 1A2020EF;
1d6d : 00492783;
1d6e : 00892603;
1d6f : 85DE86D2;
1d70 : 97828556;
1d71 : 02A05563;
1d72 : 008A7A13;
1d73 : 014C6A33;
1d74 : 00C94783;
1d75 : 000A0763;
1d76 : 000AC703;
1d77 : 8023973E;
1d78 : 953E00EA;
1d79 : EB999522;
1d7a : 856A4589;
1d7b : 0AE3B7A9;
1d7c : 0533F005;
1d7d : 759340A0;
1d7e : BFC50FF5;
1d7f : 41A50433;
1d80 : 856A85A2;
1d81 : DCAF90EF;
1d82 : E0044DE3;
1d83 : 4A11BF05;
1d84 : 4BE3D959;
1d85 : B5F5FCA0;
1d86 : A78367D1;
1d87 : 71315607;
1d88 : DF06DD22;
1d89 : 4401DB26;
1d8a : 64D1C385;
1d8b : 6B84A503;
1d8c : 06934701;
1d8d : 18100800;
1d8e : 36FD086C;
1d8f : 00A05663;
1d90 : C96347ED;
1d91 : 440500A7;
1d92 : 852250FA;
1d93 : 54DA546A;
1d94 : 80826129;
1d95 : 90EF0808;
1d96 : 4783ACBF;
1d97 : F7E50361;
1d98 : 03714703;
1d99 : 10E34785;
1d9a : 4611FEF7;
1d9b : 00A8080C;
1d9c : 012020EF;
1d9d : 182CF969;
1d9e : 08484619;
1d9f : 0D6020EF;
1da0 : 05934611;
1da1 : 006803E1;
1da2 : 0CA020EF;
1da3 : 000807B7;
1da4 : 10078793;
1da5 : 65D5D83E;
1da6 : 020007B7;
1da7 : 40678793;
1da8 : 85931828;
1da9 : DA3EC785;
1daa : A85F90EF;
1dab : 4611080C;
1dac : 03E10513;
1dad : 09E020EF;
1dae : 4619084C;
1daf : 04210513;
1db0 : 092020EF;
1db1 : 4611006C;
1db2 : 20EF00A8;
1db3 : A5030880;
1db4 : 47016B84;
1db5 : 181046F1;
1db6 : 309D086C;
1db7 : 7121B7AD;
1db8 : 1A912A23;
1db9 : A50364D1;
1dba : 2C236A84;
1dbb : 47011A81;
1dbc : 19000693;
1dbd : 006C1010;
1dbe : 28236451;
1dbf : 2E231B21;
1dc0 : 04131A11;
1dc1 : 360D5504;
1dc2 : 4901481C;
1dc3 : 18079463;
1dc4 : C70367D1;
1dc5 : 47916CC7;
1dc6 : 16F70E63;
1dc7 : 14800793;
1dc8 : 04F51963;
1dc9 : 03414783;
1dca : 4703E7A9;
1dcb : 07930351;
1dcc : 10630430;
1dcd : 65D504F7;
1dce : 85934619;
1dcf : 08A8C785;
1dd0 : 743010EF;
1dd1 : 4785E51D;
1dd2 : C81C00E8;
1dd3 : 98DF90EF;
1dd4 : 90EF850A;
1dd5 : 47039CFF;
1dd6 : 46830031;
1dd7 : 46030021;
1dd8 : 45830011;
1dd9 : 65490001;
1dda : 4A450513;
1ddb : CD8FC0EF;
1ddc : 65514905;
1ddd : 3E800593;
1dde : 6A450513;
1ddf : DCEF90EF;
1de0 : 10051A63;
1de1 : D40367D1;
1de2 : 69556B47;
1de3 : C7890913;
1de4 : 04420405;
1de5 : 9A238041;
1de6 : 07B76A87;
1de7 : 87930006;
1de8 : 85CA1017;
1de9 : DE3E0088;
1dea : 985F90EF;
1deb : 04415703;
1dec : 04015783;
1ded : 45814609;
1dee : 47038FB9;
1def : 10230421;
1df0 : 579304F1;
1df1 : 8FB94084;
1df2 : 04F10123;
1df3 : 04314783;
1df4 : 04610513;
1df5 : 01A38FA1;
1df6 : 179304F1;
1df7 : 80210084;
1df8 : 12238C5D;
1df9 : 10EF0481;
1dfa : 461161F0;
1dfb : 00A84581;
1dfc : 615010EF;
1dfd : 45814611;
1dfe : 10EF00E8;
1dff : 461160B0;
1e00 : 08884581;
1e01 : 601010EF;
1e02 : 45814611;
1e03 : 10EF08C8;
1e04 : 46415F70;
1e05 : 08A84581;
1e06 : 5ED010EF;
1e07 : 08A885CA;
1e08 : 90DF90EF;
1e09 : 04000613;
1e0a : 10A84581;
1e0b : 5D9010EF;
1e0c : 08000613;
1e0d : 11284581;
1e0e : 5CD010EF;
1e0f : 04000613;
1e10 : 12284581;
1e11 : 5C1010EF;
1e12 : 45814611;
1e13 : 10EF850A;
1e14 : 46115B70;
1e15 : 0FF00593;
1e16 : 10EF0048;
1e17 : 47B75AB0;
1e18 : 87934300;
1e19 : 860A4007;
1e1a : 14800593;
1e1b : C43E1008;
1e1c : F08F90EF;
1e1d : 05934619;
1e1e : 00680FF0;
1e1f : 589010EF;
1e20 : 6A84A503;
1e21 : 06934701;
1e22 : 10101480;
1e23 : F0EF006C;
1e24 : 4905EB2F;
1e25 : 1BC12083;
1e26 : 1B812403;
1e27 : 1B412483;
1e28 : 2903854A;
1e29 : 61391B01;
1e2a : 71158082;
1e2b : 64D1CBA6;
1e2c : 55048793;
1e2d : CDA2CF86;
1e2e : C7CEC9CA;
1e2f : 00C7C783;
1e30 : 84934705;
1e31 : 97635504;
1e32 : 489800E7;
1e33 : 00F71463;
1e34 : 0004A823;
1e35 : 69D13529;
1e36 : A503892A;
1e37 : 47016AC9;
1e38 : 08000693;
1e39 : 106C0090;
1e3a : 44013281;
1e3b : 02A05563;
1e3c : C395489C;
1e3d : 85934611;
1e3e : 08880144;
1e3f : 587010EF;
1e40 : 1008E919;
1e41 : 81DF90EF;
1e42 : 04014703;
1e43 : 04500793;
1e44 : 08F70363;
1e45 : 69D14405;
1e46 : 6B09A503;
1e47 : 06934701;
1e48 : 00900200;
1e49 : 3209106C;
1e4a : 44019922;
1e4b : 04A05B63;
1e4c : 85934611;
1e4d : 08880144;
1e4e : 54B010EF;
1e4f : 4581E139;
1e50 : B0EF1008;
1e51 : 5502B24F;
1e52 : 83AA87B7;
1e53 : E8078793;
1e54 : 70EF953E;
1e55 : CE2A7CE0;
1e56 : 086C4611;
1e57 : 10EF08E8;
1e58 : 46015F50;
1e59 : 02000593;
1e5a : 90EF0088;
1e5b : A503E0EF;
1e5c : 47016B09;
1e5d : 02000693;
1e5e : 106C0090;
1e5f : DC4FF0EF;
1e60 : 99224405;
1e61 : 446E40FE;
1e62 : 49BE44DE;
1e63 : 01203533;
1e64 : 612D494E;
1e65 : 46118082;
1e66 : 0888100C;
1e67 : 4E7010EF;
1e68 : 4703F935;
1e69 : 47850491;
1e6a : F6F716E3;
1e6b : 05414703;
1e6c : 11E347A1;
1e6d : 5783F6F7;
1e6e : 94130421;
1e6f : 07C20087;
1e70 : 83A183C1;
1e71 : 04428C5D;
1e72 : 14218041;
1e73 : 04000793;
1e74 : 0087D463;
1e75 : 04000413;
1e76 : 00EC4611;
1e77 : 10EF0868;
1e78 : 07935750;
1e79 : 06930450;
1e7a : 10230184;
1e7b : 461104F1;
1e7c : 13F00793;
1e7d : 00E8100C;
1e7e : 04D101A3;
1e7f : C4BEC636;
1e80 : 04010123;
1e81 : 10EFC282;
1e82 : 461154D0;
1e83 : 0888086C;
1e84 : 543010EF;
1e85 : 45890415;
1e86 : 02B445B3;
1e87 : CA8208C8;
1e88 : 90EF4405;
1e89 : 1793D16F;
1e8a : 05420085;
1e8b : 81218141;
1e8c : 1B238D5D;
1e8d : 45A904A1;
1e8e : 90EF0088;
1e8f : 1793CFEF;
1e90 : 83C10105;
1e91 : 00851713;
1e92 : 46B283A1;
1e93 : 15238FD9;
1e94 : 82E304F1;
1e95 : A503EC06;
1e96 : 47016AC9;
1e97 : 106C0090;
1e98 : CE0FF0EF;
1e99 : 6855BD4D;
1e9a : 08931101;
1e9b : CC227708;
1e9c : C84ACA26;
1e9d : C452C64E;
1e9e : 842AC256;
1e9f : CE06893E;
1ea0 : 8AB284AE;
1ea1 : 89BA8A36;
1ea2 : C9488893;
1ea3 : 08134501;
1ea4 : 47B17708;
1ea5 : 0008A703;
1ea6 : 050AEF31;
1ea7 : 2A239542;
1ea8 : 4649C885;
1ea9 : 85224581;
1eaa : 35D010EF;
1eab : 060A9263;
1eac : 00041723;
1ead : 000A1763;
1eae : 162347A1;
1eaf : 172300F4;
1eb0 : 95930134;
1eb1 : 81C10104;
1eb2 : 01242A23;
1eb3 : 00041E23;
1eb4 : 00041D23;
1eb5 : 02B41023;
1eb6 : 00B41F23;
1eb7 : 02041123;
1eb8 : 852240F2;
1eb9 : 44D24462;
1eba : 49B24942;
1ebb : 4A924A22;
1ebc : 80826105;
1ebd : 08910505;
1ebe : F8F51EE3;
1ebf : 654965C1;
1ec0 : 37458593;
1ec1 : 4CC50513;
1ec2 : 93CFC0EF;
1ec3 : BFC94401;
1ec4 : 85D64649;
1ec5 : 10EF8522;
1ec6 : BF5943D0;
1ec7 : 46497179;
1ec8 : 00684581;
1ec9 : D422D606;
1eca : 2DD010EF;
1ecb : 879377F5;
1ecc : 6455C887;
1ecd : 00F11C23;
1ece : 77040413;
1ecf : 470167D5;
1ed0 : 00704685;
1ed1 : CF078793;
1ed2 : 05134581;
1ed3 : 3F211384;
1ed4 : 041367D1;
1ed5 : A8231244;
1ed6 : 46496CA7;
1ed7 : 85224581;
1ed8 : 2A5010EF;
1ed9 : 461965C1;
1eda : 39058593;
1edb : 10EF8522;
1edc : C0EF3E50;
1edd : 50B2D2FF;
1ede : 61455422;
1edf : 67D58082;
1ee0 : 11416559;
1ee1 : CF078793;
1ee2 : 0A100713;
1ee3 : 46014681;
1ee4 : 10000593;
1ee5 : 8CC50513;
1ee6 : 35F1C606;
1ee7 : 67D140B2;
1ee8 : 6CA7A423;
1ee9 : 80820141;
1eea : 46497179;
1eeb : 00684581;
1eec : 10EFD606;
1eed : 46192530;
1eee : 0FF00593;
1eef : 10EF0068;
1ef0 : 07932470;
1ef1 : 1C236080;
1ef2 : 655900F1;
1ef3 : 879367D5;
1ef4 : 0070CF07;
1ef5 : 46854701;
1ef6 : 08000593;
1ef7 : 9F050513;
1ef8 : 50B23559;
1ef9 : AC2367D1;
1efa : 61456AA7;
1efb : 71798082;
1efc : 6455D422;
1efd : 77040413;
1efe : 879367D5;
1eff : 0713CF07;
1f00 : 46810440;
1f01 : 05934601;
1f02 : 05132000;
1f03 : D6063244;
1f04 : 3D91D226;
1f05 : 675164D5;
1f06 : CF048793;
1f07 : 6AA72423;
1f08 : 07134681;
1f09 : 46010250;
1f0a : 06000593;
1f0b : 54840513;
1f0c : 67513D1D;
1f0d : 6AA72823;
1f0e : 45814649;
1f0f : 10EF0068;
1f10 : 47211C70;
1f11 : 00E11C23;
1f12 : CF048793;
1f13 : 05130070;
1f14 : 47015CC4;
1f15 : 05934685;
1f16 : 35310800;
1f17 : 542250B2;
1f18 : A62367D1;
1f19 : 54926AA7;
1f1a : 80826145;
1f1b : 001007B7;
1f1c : 40078793;
1f1d : 06B74FDC;
1f1e : 07850010;
1f1f : 41C6A703;
1f20 : FEF76EE3;
1f21 : 00A04863;
1f22 : 00100737;
1f23 : 41C72503;
1f24 : 80828D1D;
1f25 : B7FD157D;
1f26 : 11416755;
1f27 : 77070693;
1f28 : C6066855;
1f29 : 8693C422;
1f2a : 4781CC46;
1f2b : 77070713;
1f2c : 43480813;
1f2d : A30348D1;
1f2e : 1E630006;
1f2f : 06930203;
1f30 : 87B30300;
1f31 : 468502D7;
1f32 : 0433973E;
1f33 : 079100F8;
1f34 : CCB72E23;
1f35 : CEC72023;
1f36 : 222385AA;
1f37 : 2C23CCD7;
1f38 : 4641CC07;
1f39 : 00F80533;
1f3a : 63A010EF;
1f3b : 852240B2;
1f3c : 01414422;
1f3d : 07858082;
1f3e : 03068693;
1f3f : FB179DE3;
1f40 : B7ED4401;
1f41 : A78366D1;
1f42 : 07136706;
1f43 : 58630270;
1f44 : 410C00F7;
1f45 : 05136549;
1f46 : B06F4E85;
1f47 : 6755F2BF;
1f48 : 00279613;
1f49 : 77070713;
1f4a : 07859732;
1f4b : 08A72223;
1f4c : 66F6A823;
1f4d : 711D8082;
1f4e : 02400613;
1f4f : 08684581;
1f50 : CCA2CE86;
1f51 : C8CACAA6;
1f52 : 10EFC6CE;
1f53 : 65550BB0;
1f54 : 08786655;
1f55 : 46814781;
1f56 : B6850513;
1f57 : B6860613;
1f58 : 02000813;
1f59 : 05B34321;
1f5a : C88300F5;
1f5b : 8F630005;
1f5c : 84630308;
1f5d : 05B30408;
1f5e : 068500F6;
1f5f : 05B3C30C;
1f60 : C58300F6;
1f61 : 88630005;
1f62 : E5950905;
1f63 : 079345F2;
1f64 : C7030230;
1f65 : 14630005;
1f66 : 440102F7;
1f67 : 852240F6;
1f68 : 44D64466;
1f69 : 49B64946;
1f6a : 80826125;
1f6b : 00058023;
1f6c : 05850785;
1f6d : 0785BF5D;
1f6e : D2E5B7D9;
1f6f : 67D1BFC1;
1f70 : 6707A983;
1f71 : 04136455;
1f72 : 44817F44;
1f73 : 0134C963;
1f74 : 05136549;
1f75 : B0EF5405;
1f76 : 5429E6FF;
1f77 : 2903B7C1;
1f78 : C62E0004;
1f79 : 25030411;
1f7a : 80EF0009;
1f7b : 45B2F83F;
1f7c : 2783E10D;
1f7d : 10080049;
1f7e : 842A9782;
1f7f : FA0550E3;
1f80 : 00092583;
1f81 : 6549862A;
1f82 : 52850513;
1f83 : E39FB0EF;
1f84 : 0485B771;
1f85 : 0711BF65;
1f86 : F46697E3;
1f87 : 1141BF85;
1f88 : 6455C422;
1f89 : C606C226;
1f8a : B6840413;
1f8b : 086364D1;
1f8c : 85AA0085;
1f8d : 05000613;
1f8e : 10EF8522;
1f8f : 85224E80;
1f90 : 50C010EF;
1f91 : A62367D1;
1f92 : 35F568A7;
1f93 : 442240B2;
1f94 : 77048493;
1f95 : 3E048C23;
1f96 : 01414492;
1f97 : 11018082;
1f98 : 45C0CC22;
1f99 : CE06C84A;
1f9a : CA268622;
1f9b : C452C64E;
1f9c : 8D5FB0EF;
1f9d : 5F63892A;
1f9e : 401800A0;
1f9f : 136347B1;
1fa0 : 64D506F7;
1fa1 : 77048493;
1fa2 : 6704C783;
1fa3 : 0793EF89;
1fa4 : C01C0C90;
1fa5 : 446240F2;
1fa6 : 49B244D2;
1fa7 : 854A4A22;
1fa8 : 61054942;
1fa9 : 69D18082;
1faa : 6C09A703;
1fab : 879367AD;
1fac : 0563DA37;
1fad : 079300F7;
1fae : BFE10CA0;
1faf : 67048A13;
1fb0 : 85D26549;
1fb1 : 55C50513;
1fb2 : D7DFB0EF;
1fb3 : 80238552;
1fb4 : 37B16C04;
1fb5 : AE2367D1;
1fb6 : A0236AA7;
1fb7 : 07936C09;
1fb8 : BF450640;
1fb9 : 0C800793;
1fba : 7139B76D;
1fbb : DA26DC22;
1fbc : 64D16455;
1fbd : D05AD84A;
1fbe : D64EDE06;
1fbf : D256D452;
1fc0 : CC62CE5E;
1fc1 : C86ACA66;
1fc2 : 8B26C66E;
1fc3 : B6840413;
1fc4 : 80EF6949;
1fc5 : A623A46F;
1fc6 : C90968A4;
1fc7 : 051385A2;
1fc8 : B0EF5809;
1fc9 : 8522D23F;
1fca : B7E53DDD;
1fcb : 695564D1;
1fcc : 6AD14A01;
1fcd : 84934C09;
1fce : 09137704;
1fcf : 6BC9B689;
1fd0 : 692D7537;
1fd1 : 27750513;
1fd2 : CF0F90EF;
1fd3 : 02055A63;
1fd4 : 262357FD;
1fd5 : 1C6368FB;
1fd6 : 5462080A;
1fd7 : 54D250F2;
1fd8 : 59B25942;
1fd9 : 5A925A22;
1fda : 4BF25B02;
1fdb : 4CD24C62;
1fdc : 4DB24D42;
1fdd : 05136549;
1fde : 61215905;
1fdf : CC9FB06F;
1fe0 : 000A1463;
1fe1 : 678A9623;
1fe2 : 3F848993;
1fe3 : 0D134401;
1fe4 : 4CA90FF0;
1fe5 : 05100D93;
1fe6 : 66CAD503;
1fe7 : 85CE4605;
1fe8 : 00150793;
1fe9 : 66FA9623;
1fea : 910F80EF;
1feb : 1E634785;
1fec : C78302F5;
1fed : 85630009;
1fee : 040501A7;
1fef : 03979463;
1ff0 : 0004A423;
1ff1 : 688B2623;
1ff2 : F88057E3;
1ff3 : 942685CA;
1ff4 : 580B8513;
1ff5 : 3E040BA3;
1ff6 : C6DFB0EF;
1ff7 : 3581854A;
1ff8 : BFB94A05;
1ff9 : 19E30985;
1ffa : 547DFBB4;
1ffb : 50F2BFD1;
1ffc : 54D25462;
1ffd : 59B25942;
1ffe : 5A925A22;
1fff : 4BF25B02;
2000 : 4CD24C62;
2001 : 4DB24D42;
2002 : 80826121;
2003 : D2267179;
2004 : 84AA862A;
2005 : 45916541;
2006 : 39850513;
2007 : D422D606;
2008 : CE4ED04A;
2009 : D0EFCC52;
200a : 4789983F;
200b : 06F50663;
200c : C063842A;
200d : C11D02A7;
200e : 0D634785;
200f : 547D02F5;
2010 : 852250B2;
2011 : 54925422;
2012 : 49F25902;
2013 : 61454A62;
2014 : 478D8082;
2015 : FEF515E3;
2016 : A0293D49;
2017 : C48F90EF;
2018 : 00054463;
2019 : BFE94401;
201a : 05136549;
201b : B0EF5A85;
201c : B7F9BD7F;
201d : 547D40DC;
201e : 8526D7E1;
201f : D02F90EF;
2020 : 00055863;
2021 : 05136549;
2022 : B0EF5C85;
2023 : BFD9BBBF;
2024 : 05136545;
2025 : BFD52FC5;
2026 : 05136549;
2027 : 69555E45;
2028 : BA5FB0EF;
2029 : 6A514481;
202a : B6890913;
202b : 80EF69CD;
202c : 26238AAF;
202d : 842A68AA;
202e : 85CAC901;
202f : 2A498513;
2030 : B85FB0EF;
2031 : B7E50485;
2032 : 6549E491;
2033 : 5FC50513;
2034 : B75FB0EF;
2035 : 692D7537;
2036 : 27750513;
2037 : B5CF90EF;
2038 : F80542E3;
2039 : 05136549;
203a : B0EF6085;
203b : 4481B5BF;
203c : 0FF00913;
203d : 460569C9;
203e : 00F10593;
203f : 00248513;
2040 : FB9F70EF;
2041 : 17634785;
2042 : 458302F5;
2043 : 8D6300F1;
2044 : 85130125;
2045 : B0EFD009;
2046 : 4783B2FF;
2047 : 048500F1;
2048 : 80C104C2;
2049 : FD2799E3;
204a : 6549E491;
204b : 5FC50513;
204c : B15FB0EF;
204d : AC2367D1;
204e : B7197607;
204f : C4221141;
2050 : 26036451;
2051 : 67D568C4;
2052 : B6878793;
2053 : 00150593;
2054 : 95BE8E09;
2055 : C606953E;
2056 : 206010EF;
2057 : 68C42783;
2058 : 17FD40B2;
2059 : 68F42623;
205a : 01414422;
205b : 71358082;
205c : C552CD22;
205d : 6A416451;
205e : CB26CF06;
205f : C74EC94A;
2060 : C15AC356;
2061 : DCE2DEDE;
2062 : D8EADAE6;
2063 : 0413D6EE;
2064 : 0A137704;
2065 : 5763C78A;
2066 : 278306B0;
2067 : 06936B04;
2068 : 47033E80;
2069 : 98930005;
206a : D8930107;
206b : 88B30108;
206c : 8B3D02D8;
206d : 6B442803;
206e : 00271693;
206f : A68396D2;
2070 : 83C17306;
2071 : 68330842;
2072 : 278300F8;
2073 : C2366A84;
2074 : 59840993;
2075 : C03A66C9;
2076 : 872E892A;
2077 : D89384AE;
2078 : 86930108;
2079 : 46056246;
207a : 854E4595;
207b : 6FA020EF;
207c : 02100793;
207d : 0097D863;
207e : 00094783;
207f : 8BBD4735;
2080 : 08F77163;
2081 : 49014A81;
2082 : 59842703;
2083 : 5A842683;
2084 : 414A0793;
2085 : 00371D93;
2086 : 946397EE;
2087 : 222312F6;
2088 : 27835A04;
2089 : 2E235A44;
208a : 202358E4;
208b : CF895A04;
208c : 01BA07B3;
208d : 4147A603;
208e : 86D665C9;
208f : 65458593;
2090 : 59840513;
2091 : A1FFB0EF;
2092 : 16090963;
2093 : 5CC42783;
2094 : 94A26485;
2095 : 0087AB83;
2096 : 80E4C703;
2097 : C7836B55;
2098 : 0993010B;
2099 : 8463D08B;
209a : 66C90EE7;
209b : 67068693;
209c : 45954605;
209d : D08B0513;
209e : 66E020EF;
209f : 49014A81;
20a0 : 97D2AA2D;
20a1 : 7687C783;
20a2 : F6F4CEE3;
20a3 : 00194783;
20a4 : 8BBD4709;
20a5 : F6E798E3;
20a6 : 00094783;
20a7 : 94A26485;
20a8 : 84238391;
20a9 : 478380F4;
20aa : 46090009;
20ab : 00690593;
20ac : 84A38BBD;
20ad : 478380F4;
20ae : 85130019;
20af : 8BBD2779;
20b0 : 80F48523;
20b1 : 00295783;
20b2 : 00295703;
20b3 : 832107A2;
20b4 : 96238FD9;
20b5 : 478380F4;
20b6 : 87230049;
20b7 : 10EF80F4;
20b8 : 47814740;
20b9 : AC234801;
20ba : AE2380F4;
20bb : 25038104;
20bc : 25830089;
20bd : 60EF00C9;
20be : A02365F0;
20bf : A22382A4;
20c0 : 462182B4;
20c1 : 01490593;
20c2 : 29098513;
20c3 : 446010EF;
20c4 : 01C95783;
20c5 : 01C95703;
20c6 : 80C4DA83;
20c7 : 832107A2;
20c8 : 98238FD9;
20c9 : 578382F4;
20ca : 570301E9;
20cb : 07A201E9;
20cc : 8FD98321;
20cd : 82F49923;
20ce : 02190783;
20cf : 82F48A23;
20d0 : 4685B5E1;
20d1 : 5AD42223;
20d2 : 5AF42423;
20d3 : C783BDD9;
20d4 : 8B8580F4;
20d5 : 66C9CB99;
20d6 : 68C68693;
20d7 : 45954605;
20d8 : D08B0513;
20d9 : 582020EF;
20da : 2583BF11;
20db : 89937104;
20dc : 46292909;
20dd : CC2E854E;
20de : 30A010EF;
20df : E50945E2;
20e0 : 869366C9;
20e1 : BFD96A86;
20e2 : 854E4621;
20e3 : 2F6010EF;
20e4 : D703E919;
20e5 : 4785008B;
20e6 : 00E7F763;
20e7 : 8094C703;
20e8 : 1DE347AD;
20e9 : 2783ECF7;
20ea : 47055984;
20eb : FFD7F693;
20ec : ECE686E3;
20ed : 83E34709;
20ee : 2703ECE7;
20ef : 27835984;
20f0 : 036359C4;
20f1 : B0EF02F7;
20f2 : 40FA927F;
20f3 : 44DA446A;
20f4 : 49BA494A;
20f5 : 4A9A4A2A;
20f6 : 5BF64B0A;
20f7 : 5CD65C66;
20f8 : 5DB65D46;
20f9 : 8082610D;
20fa : 69D56555;
20fb : D0850493;
20fc : 77098993;
20fd : 100A8D63;
20fe : 8D49A703;
20ff : 19634785;
2100 : 278302F7;
2101 : 53BC5B84;
2102 : 0E078F63;
2103 : D0850513;
2104 : 862A9782;
2105 : 85264599;
2106 : 72E050EF;
2107 : 8D49A783;
2108 : 4789CB81;
2109 : 85264599;
210a : 8CF9AA23;
210b : 0FF040EF;
210c : 01BA0B33;
210d : 418B2783;
210e : 85CA8656;
210f : 97828526;
2110 : C911862A;
2111 : 414B2683;
2112 : 8409A583;
2113 : 05136549;
2114 : B0EF6C05;
2115 : 2703FF2F;
2116 : 27835984;
2117 : 14E359C4;
2118 : A703F6F7;
2119 : 47858D89;
211a : 00F71F63;
211b : 8D49A783;
211c : 6A6317F9;
211d : 459900F7;
211e : 40EF8526;
211f : C5017560;
2120 : 60EF8526;
2121 : C78337E0;
2122 : 8E638D39;
2123 : C7833407;
2124 : 89A38389;
2125 : 45058C09;
2126 : 32078963;
2127 : 5CC42D03;
2128 : 008D2C03;
2129 : 008C5783;
212a : 06F57C63;
212b : 6C845B83;
212c : 060B8863;
212d : 71042783;
212e : 6E040C93;
212f : CC3E4B01;
2130 : 85E24621;
2131 : 10EF8566;
2132 : E5311BC0;
2133 : 856645E2;
2134 : 1DA010EF;
2135 : 04055163;
2136 : 85E60B15;
2137 : 0B1A1008;
2138 : 162020EF;
2139 : 58039B22;
213a : 67495A8B;
213b : 87AA66C9;
213c : 6DC70713;
213d : 70068693;
213e : 458D460D;
213f : 20EF8526;
2140 : 451D3E80;
2141 : 6615A4D9;
2142 : E2060613;
2143 : 47BDB721;
2144 : 80F984A3;
2145 : 0B05BF31;
2146 : 040C8C93;
2147 : FB7B42E3;
2148 : 010D2783;
2149 : 6CA41C03;
214a : 57FDCE3E;
214b : 04FC0363;
214c : 006C1B13;
214d : 138B0B13;
214e : 66CD9B26;
214f : 778A0713;
2150 : 86938526;
2151 : 46092A46;
2152 : 20EF458D;
2153 : 250339C0;
2154 : 6BC15984;
2155 : 07134785;
2156 : 8B93FFF5;
2157 : F6633F0B;
2158 : 57FD26E7;
2159 : 00FC1B63;
215a : 18634791;
215b : 451100F5;
215c : 6B59ACA9;
215d : E34B0B13;
215e : 2583B7C9;
215f : 47857104;
2160 : 05134629;
2161 : 05A30261;
2162 : 10EF04F1;
2163 : 25831C80;
2164 : 46297104;
2165 : 10231808;
2166 : 10EF0201;
2167 : 46091B80;
2168 : 05134581;
2169 : 10EF0491;
216a : 278305E0;
216b : 12235CC4;
216c : 46110201;
216d : 0513478C;
216e : C78303A1;
216f : 05A900E5;
2170 : 04F10323;
2171 : 18E010EF;
2172 : 5CC42783;
2173 : 05134621;
2174 : 478C03E1;
2175 : 00F5C783;
2176 : 04F103A3;
2177 : 176010EF;
2178 : FA000793;
2179 : 45814621;
217a : 11230888;
217b : 04230201;
217c : 10EF04F1;
217d : 27030120;
217e : 4163018D;
217f : 0C930807;
2180 : 07B33480;
2181 : 2C830397;
2182 : 66C9000D;
2183 : 86930705;
2184 : 46097106;
2185 : 8526458D;
2186 : 9C039CBE;
2187 : D803132C;
2188 : 87E2130C;
2189 : 2C2020EF;
218a : 5CC42783;
218b : 8783479C;
218c : D06300A7;
218d : 17930A07;
218e : 8C13006C;
218f : 9C661387;
2190 : 100C8662;
2191 : CC3E8526;
2192 : 6E4020EF;
2193 : 0C055763;
2194 : 875E66C9;
2195 : 76468693;
2196 : 458D4605;
2197 : 20EF8526;
2198 : 27832880;
2199 : 479C5CC4;
219a : 00A7C703;
219b : 0FF00793;
219c : 1CF71F63;
219d : 59842703;
219e : A8494791;
219f : 869366C9;
21a0 : 46097446;
21a1 : 8526458D;
21a2 : 25E020EF;
21a3 : 875E66C9;
21a4 : 79068693;
21a5 : 458D4605;
21a6 : 20EF8526;
21a7 : 278324C0;
21a8 : 479C5CC4;
21a9 : 00A7C703;
21aa : 0FF00793;
21ab : FCF704E3;
21ac : 20EF8526;
21ad : 25036F60;
21ae : 47855984;
21af : 07134601;
21b0 : F463FFB5;
21b1 : 852610E7;
21b2 : 40EF4595;
21b3 : 451556A0;
21b4 : 865AA8ED;
21b5 : 8526100C;
21b6 : 654020EF;
21b7 : FA0548E3;
21b8 : 66C9C979;
21b9 : 8693875E;
21ba : 46057546;
21bb : 8526458D;
21bc : 1F6020EF;
21bd : 5CC42783;
21be : 0FF00713;
21bf : C683479C;
21c0 : 278300A7;
21c1 : 9C635984;
21c2 : 471112E6;
21c3 : E6E781E3;
21c4 : 8526458D;
21c5 : 616040EF;
21c6 : CD51BD99;
21c7 : 5CC42783;
21c8 : D703479C;
21c9 : 47850087;
21ca : 00F70863;
21cb : 8449A703;
21cc : 018D2783;
21cd : 04F71C63;
21ce : 875E66C9;
21cf : 7E068693;
21d0 : 458D4605;
21d1 : 20EF8526;
21d2 : 27831A00;
21d3 : A7035CC4;
21d4 : 49818449;
21d5 : 1E634F9C;
21d6 : 47E200F7;
21d7 : 85934572;
21d8 : 95E61487;
21d9 : 747000EF;
21da : 85E289AA;
21db : 50EF8526;
21dc : 278342C0;
21dd : 47055984;
21de : FF878693;
21df : 18D77863;
21e0 : 458D8526;
21e1 : 5A6040EF;
21e2 : A0814521;
21e3 : 85E2865A;
21e4 : 20EF8526;
21e5 : 456343A0;
21e6 : 865A1205;
21e7 : 852685E2;
21e8 : 2CC020EF;
21e9 : 00055763;
21ea : 875E66C9;
21eb : 78068693;
21ec : 1763BF2D;
21ed : 66C91005;
21ee : 875E8526;
21ef : 77468693;
21f0 : 458D4605;
21f1 : 122020EF;
21f2 : 27834509;
21f3 : 43BC5B84;
21f4 : 2583C789;
21f5 : 852659C4;
21f6 : 27839782;
21f7 : 2E235984;
21f8 : 92E358A4;
21f9 : 2783BEA7;
21fa : 47BC5B84;
21fb : 8656C38D;
21fc : 852685CA;
21fd : 27039782;
21fe : 27835984;
21ff : 14E359C4;
2200 : 2783BCF7;
2201 : 54635A04;
2202 : 202300F5;
2203 : 67515AA4;
2204 : 71C72703;
2205 : 5BC42783;
2206 : 83F18FD9;
2207 : 7D634709;
2208 : 9A6E00F7;
2209 : 5A042683;
220a : 414A2603;
220b : 859365CD;
220c : 852681C5;
220d : C2EFB0EF;
220e : 5A042503;
220f : 471DB679;
2210 : CCE781E3;
2211 : 8526458D;
2212 : 4E2040EF;
2213 : 8526B95D;
2214 : 558020EF;
2215 : 5CC42983;
2216 : 0049A783;
2217 : 0387AB83;
2218 : E5705BE3;
2219 : 0009AB03;
221a : 855A45A1;
221b : 79F010EF;
221c : 57FD4158;
221d : 00F71B63;
221e : 3E800613;
221f : 02CB8633;
2220 : 855A45A1;
2221 : 2C2050EF;
2222 : 45A1B53D;
2223 : 40EF855A;
2224 : 02E33420;
2225 : A503E205;
2226 : 567D0009;
2227 : 50EF45A1;
2228 : 66C92A80;
2229 : 86938526;
222a : 46057A06;
222b : 20EF4599;
222c : 27830380;
222d : 45855D44;
222e : 57DC854E;
222f : BBE59782;
2230 : 875E66C9;
2231 : 7D068693;
2232 : 458D4605;
2233 : 20EF8526;
2234 : 27830180;
2235 : 479C5CC4;
2236 : 00A7C703;
2237 : 0FF00793;
2238 : D8F70AE3;
2239 : 50EF8526;
223a : 25036240;
223b : 47855984;
223c : FFB50713;
223d : ECE7FBE3;
223e : 50EF8526;
223f : 27832A70;
2240 : 47DC5CC4;
2241 : 0007D603;
2242 : BB750605;
2243 : 02098063;
2244 : 852666C9;
2245 : 7F068693;
2246 : 458D4605;
2247 : 7CB010EF;
2248 : 59842503;
2249 : 02E347A1;
224a : BD99EAF5;
224b : 86634725;
224c : 458D00E7;
224d : 40EF8526;
224e : 25033F40;
224f : B5715984;
2250 : A303511C;
2251 : 036302C7;
2252 : 83020003;
2253 : 80824501;
2254 : 3E800793;
2255 : 4501C51C;
2256 : 27838082;
2257 : 07131785;
2258 : 4B9C12C0;
2259 : 6705DBD8;
225a : BB870713;
225b : 4705DFD8;
225c : 02E78823;
225d : 02B78723;
225e : 00078423;
225f : 88634709;
2260 : 84A300E5;
2261 : 80A30007;
2262 : 91230407;
2263 : 80820407;
2264 : 34052783;
2265 : EB899BF5;
2266 : 45811141;
2267 : 3F75C606;
2268 : 450140B2;
2269 : 80820141;
226a : 80824501;
226b : 80824501;
226c : 80824501;
226d : 45814501;
226e : 27038082;
226f : 47853405;
2270 : 00F71A63;
2271 : 17852783;
2272 : C5034B9C;
2273 : 35330087;
2274 : 808200A0;
2275 : 80824501;
2276 : 34052703;
2277 : 10634785;
2278 : 278302F7;
2279 : 45011785;
227a : C7034B9C;
227b : CB090087;
227c : 0097C703;
227d : 4388C711;
227e : 00153513;
227f : 45058082;
2280 : 67D58082;
2281 : 87935574;
2282 : 87134047;
2283 : 43900307;
2284 : 00C69463;
2285 : 0007A023;
2286 : 9AE30791;
2287 : 4501FEE7;
2288 : 07B78082;
2289 : A5030010;
228a : 952E41C7;
228b : 67D18082;
228c : 64B7A823;
228d : 80824501;
228e : A78367D1;
228f : 20236507;
2290 : A0230006;
2291 : C19C0006;
2292 : 80824501;
2293 : 0005A023;
2294 : 00062023;
2295 : 0006A023;
2296 : 8082557D;
2297 : 41144158;
2298 : 28034510;
2299 : 506300C5;
229a : 57930C07;
229b : F7934187;
229c : 05930C07;
229d : 9D630800;
229e : 47850AB7;
229f : 88B34581;
22a0 : 033702D5;
22a1 : 0733CA00;
22a2 : 974602F7;
22a3 : 02F688B3;
22a4 : 02F6B6B3;
22a5 : 01152023;
22a6 : 88936891;
22a7 : 9736B9A8;
22a8 : 02F80833;
22a9 : 8733C158;
22aa : 86B302C5;
22ab : 974202C7;
22ac : 02C7B633;
22ad : 9732C514;
22ae : 4554C558;
22af : 41104518;
22b0 : 00452803;
22b1 : 0606C963;
22b2 : 73716811;
22b3 : B9A80813;
22b4 : CA000EB7;
22b5 : 36000F37;
22b6 : 46530313;
22b7 : 45144558;
22b8 : 28834110;
22b9 : 4A630045;
22ba : 146306E8;
22bb : E6630107;
22bc : 883306DE;
22bd : 88B302C5;
22be : 984602F8;
22bf : 02C788B3;
22c0 : 02C7B633;
22c1 : 01152023;
22c2 : 02F70733;
22c3 : C1509642;
22c4 : 02D585B3;
22c5 : 02F68633;
22c6 : B7B3972E;
22c7 : C51002F6;
22c8 : C55C97BA;
22c9 : E7B38082;
22ca : FBA100E6;
22cb : F40857E3;
22cc : 55FD57FD;
22cd : 0E13B7A9;
22ce : 3613FFF6;
22cf : 06330016;
22d0 : C15040C8;
22d1 : 00670633;
22d2 : 00E63733;
22d3 : 973696C6;
22d4 : 01C52023;
22d5 : C558C510;
22d6 : 0E13B78D;
22d7 : 36330016;
22d8 : 964600CE;
22d9 : 8633C150;
22da : 36B301E6;
22db : 971A00D6;
22dc : 20239736;
22dd : C51001C5;
22de : B78DC558;
22df : 41184194;
22e0 : 0045A803;
22e1 : 96BA4150;
22e2 : 00E6B733;
22e3 : 97329642;
22e4 : C114C158;
22e5 : 45944518;
22e6 : 45CC4550;
22e7 : B73396BA;
22e8 : 962E00E6;
22e9 : C5149732;
22ea : BD4DC558;
22eb : CC221101;
22ec : 842A4781;
22ed : 850A4801;
22ee : C03ECE06;
22ef : C42EC242;
22f0 : 3D69C632;
22f1 : 8522858A;
22f2 : 40F23F55;
22f3 : 61054462;
22f4 : 67D58082;
22f5 : D387A503;
22f6 : 65098082;
22f7 : F4050513;
22f8 : 67B38082;
22f9 : C38D00B5;
22fa : 001007B7;
22fb : 30A7AA23;
22fc : 0FF5F593;
22fd : 30B7AC23;
22fe : 3007A823;
22ff : 3007A703;
2300 : 00476713;
2301 : 30E7A023;
2302 : 5693CA15;
2303 : F79341F6;
2304 : 963E0076;
2305 : 00F637B3;
2306 : 00100737;
2307 : 2A2397B6;
2308 : 07F63007;
2309 : 2C23820D;
230a : 8E5D3007;
230b : 30C72823;
230c : 30072783;
230d : 0047E793;
230e : 30F72023;
230f : 80824501;
2310 : 66514789;
2311 : 00F58463;
2312 : 74B62423;
2313 : 26034154;
2314 : 07377486;
2315 : C6830010;
2316 : 278303E6;
2317 : 8ED131C7;
2318 : E793C699;
2319 : 2E2300C7;
231a : 450130F7;
231b : 9BCD8082;
231c : 87AABFDD;
231d : 00054C63;
231e : 05374755;
231f : 41637D00;
2320 : 051302F7;
2321 : 15333E80;
2322 : 808200F5;
2323 : 4505575D;
2324 : 00E7C863;
2325 : 40F007B3;
2326 : 3E800513;
2327 : 40F55533;
2328 : 67D18082;
2329 : 55C7C503;
232a : 35131575;
232b : 80820015;
232c : 001007B7;
232d : A6036751;
232e : 66D141C7;
232f : 72872783;
2330 : 72C6A583;
2331 : 72C6A623;
2332 : 8F8D97B2;
2333 : 72F72423;
2334 : 3E800693;
2335 : FC634501;
2336 : 879300F6;
2337 : 2423C187;
2338 : 278372F7;
2339 : 45050240;
233a : 22230785;
233b : 808202F0;
233c : 001007B7;
233d : 41C7A703;
233e : A62367D1;
233f : 808272E7;
2340 : C4A2715D;
2341 : C0CAC2A6;
2342 : C686D65E;
2343 : DC52DE4E;
2344 : D85ADA56;
2345 : D266D462;
2346 : CE6ED06A;
2347 : 84AE892A;
2348 : 84368BB2;
2349 : 00B6E663;
234a : 00D59663;
234b : 00A67463;
234c : 85A2855E;
234d : 00B56733;
234e : C7194781;
234f : 380060EF;
2350 : 04000B13;
2351 : 40AB07B3;
2352 : 04000B13;
2353 : 40FB0B33;
2354 : 02000793;
2355 : 0167D463;
2356 : 02000B13;
2357 : 41F4DC13;
2358 : 02000D93;
2359 : 0284B733;
235a : 8DB34505;
235b : 17B3416D;
235c : 865A01B5;
235d : FFF78993;
235e : DA13C63E;
235f : 05B341F9;
2360 : 8533028C;
2361 : 95BA0284;
2362 : 2C4060EF;
2363 : 03748733;
2364 : 8AAA47B2;
2365 : 0C338CAE;
2366 : 06B3037C;
2367 : B4B30289;
2368 : 0D330374;
2369 : 343300D7;
236a : 94E20289;
236b : 00ED3C33;
236c : 03790833;
236d : 03793933;
236e : 00185B93;
236f : 01F91613;
2370 : 01766BB3;
2371 : 00848633;
2372 : 59139C32;
2373 : 6C630019;
2374 : 9463009C;
2375 : 68630184;
2376 : 666300ED;
2377 : 1763008C;
2378 : 75630184;
2379 : 8AAA00DD;
237a : 00158C93;
237b : 40F00533;
237c : 41F55593;
237d : 7533866E;
237e : F5B301A5;
237f : 60EF0185;
2380 : 06B32160;
2381 : F7B30155;
2382 : 7A3301A9;
2383 : B533018A;
2384 : 873300A6;
2385 : D6130195;
2386 : 0A7E0017;
2387 : 972A07FE;
2388 : 01466A33;
2389 : 01778533;
238a : 00F537B3;
238b : 012A05B3;
238c : 843695BE;
238d : E66384BA;
238e : 1A630125;
238f : 786300B9;
2390 : 84130175;
2391 : 36B30016;
2392 : 84B300D4;
2393 : 061300E6;
2394 : 063303F0;
2395 : 60EF4166;
2396 : 87AA1BE0;
2397 : 37B39522;
2398 : 95A600F5;
2399 : FFEB0613;
239a : 60EF95BE;
239b : 40B61AA0;
239c : 44964426;
239d : 59F24906;
239e : 5AD25A62;
239f : 5BB25B42;
23a0 : 5C925C22;
23a1 : 4DF25D02;
23a2 : 80826161;
23a3 : 4190493C;
23a4 : D503872A;
23a5 : C6830045;
23a6 : 80230095;
23a7 : 581300C7;
23a8 : 16130085;
23a9 : 66330085;
23aa : 48810106;
23ab : 91234801;
23ac : A42300C7;
23ad : A6230107;
23ae : 93230117;
23af : C6030007;
23b0 : 80230085;
23b1 : 460502C7;
23b2 : 00C68D63;
23b3 : 8F634609;
23b4 : E29500C6;
23b5 : 17872703;
23b6 : 00B70703;
23b7 : 02E780A3;
23b8 : 27038082;
23b9 : 07031787;
23ba : BFCD00D7;
23bb : 17872703;
23bc : 00A70703;
23bd : 80A3B7E5;
23be : 808202D7;
23bf : 114141DC;
23c0 : 9713C226;
23c1 : 07C20087;
23c2 : 84AA83C1;
23c3 : 418883A1;
23c4 : 91238FD9;
23c5 : C60602F4;
23c6 : 842EC422;
23c7 : 204060EF;
23c8 : D0C8445C;
23c9 : 00A45503;
23ca : 8D5D07C2;
23cb : 1F4060EF;
23cc : 442240B2;
23cd : 4492D488;
23ce : 80820141;
23cf : D6067179;
23d0 : 00964783;
23d1 : 4783C83E;
23d2 : C63E0086;
23d3 : 00764783;
23d4 : 4783C43E;
23d5 : C23E0066;
23d6 : 00564783;
23d7 : 4883C03E;
23d8 : 48030046;
23d9 : 47830036;
23da : 47030026;
23db : 46830016;
23dc : 862E0006;
23dd : 654D85AA;
23de : BA850513;
23df : CC9FA0EF;
23e0 : 614550B2;
23e1 : 47838082;
23e2 : 47030036;
23e3 : 11010026;
23e4 : CC22CE06;
23e5 : C84ACA26;
23e6 : 8F5D07A2;
23e7 : 00464783;
23e8 : 450384AA;
23e9 : 07C20056;
23ea : 05628FD9;
23eb : 84328D5D;
23ec : 60EF892E;
23ed : 478316E0;
23ee : 47030074;
23ef : C62A0064;
23f0 : 8F5D07A2;
23f1 : 00844783;
23f2 : 00944503;
23f3 : 8FD907C2;
23f4 : 8D5D0562;
23f5 : 14C060EF;
23f6 : 46B24462;
23f7 : 864A40F2;
23f8 : 494285A6;
23f9 : 872A44D2;
23fa : 0513654D;
23fb : 6105BE05;
23fc : C55FA06F;
23fd : D04A7179;
23fe : CA56CE4E;
23ff : 89AE892A;
2400 : 86B28AB6;
2401 : 85AA862E;
2402 : 0513654D;
2403 : D422BF05;
2404 : CC52D226;
2405 : C65EC85A;
2406 : C266C462;
2407 : D606C06A;
2408 : 6B4D8A3A;
2409 : C21FA0EF;
240a : 6C496BC9;
240b : 4481842A;
240c : 6D4D6CCD;
240d : 8E0B0B13;
240e : E68B8B93;
240f : EACC0C13;
2410 : 00F4F793;
2411 : 0344C863;
2412 : 6549C799;
2413 : EAC50513;
2414 : BF5FA0EF;
2415 : 50B2942A;
2416 : 54228522;
2417 : 59025492;
2418 : 4A6249F2;
2419 : 4B424AD2;
241a : 4C224BB2;
241b : 4D024C92;
241c : 80826145;
241d : 864EEB81;
241e : 851385CA;
241f : A0EFC04C;
2420 : 942ABC7F;
2421 : 009A87B3;
2422 : 0007C583;
2423 : C0CD0513;
2424 : A0EF0485;
2425 : F793BB3F;
2426 : 942A0034;
2427 : E791855A;
2428 : 00F4F793;
2429 : E391855E;
242a : A0EF8562;
242b : 942AB9BF;
242c : 67D1BF41;
242d : 7D078793;
242e : 47A143D8;
242f : 00F71663;
2430 : C19C4789;
2431 : 80824501;
2432 : 0005A023;
2433 : 07B7BFE5;
2434 : A7830010;
2435 : 45053007;
2436 : CB998B91;
2437 : 879367D1;
2438 : A5037D07;
2439 : A7831587;
243a : 8D1D15C7;
243b : 00A03533;
243c : 11418082;
243d : 85AAC422;
243e : 4501842A;
243f : 90EFC606;
2440 : 8522902F;
2441 : 942F90EF;
2442 : 442240B2;
2443 : 01414501;
2444 : 11418082;
2445 : C6064501;
2446 : 8AEF90EF;
2447 : 450140B2;
2448 : 80820141;
2449 : CA261101;
244a : 654D84AA;
244b : 07B7CC22;
244c : 05130010;
244d : 6451C145;
244e : C64EC84A;
244f : C256C452;
2450 : 41C7A983;
2451 : 0413CE06;
2452 : A0EF7D04;
2453 : 4921AFBF;
2454 : 00100A37;
2455 : 405C6ACD;
2456 : 01279963;
2457 : 05136549;
2458 : A0EFEAC5;
2459 : 4501AE3F;
245a : 90EFA025;
245b : 0513932F;
245c : A0EF3E80;
245d : 2783C82F;
245e : 87B341CA;
245f : F2634137;
2460 : 654D02F4;
2461 : C2050513;
2462 : ABDFA0EF;
2463 : F8C00513;
2464 : 446240F2;
2465 : 494244D2;
2466 : 4A2249B2;
2467 : 61054A92;
2468 : 85138082;
2469 : A0EFC30A;
246a : B775A9FF;
246b : C78367D1;
246c : 47096CC7;
246d : 02E79D63;
246e : 11415958;
246f : 5F18C422;
2470 : 842AC606;
2471 : 1F634318;
2472 : 450900F7;
2473 : 45814605;
2474 : D70F90EF;
2475 : 4705585C;
2476 : 5F9C6515;
2477 : E2050513;
2478 : 3789C398;
2479 : 442240B2;
247a : 01414501;
247b : 45018082;
247c : 67D18082;
247d : 7D078793;
247e : 717943D8;
247f : D606D226;
2480 : D04AD422;
2481 : 47A1CE4E;
2482 : 066364D1;
2483 : A22300F7;
2484 : 44057404;
2485 : A403A029;
2486 : C4297444;
2487 : 50B24401;
2488 : 54228522;
2489 : 59025492;
248a : 614549F2;
248b : 197D8082;
248c : FE0901E3;
248d : C7898513;
248e : A4FF80EF;
248f : 0028D979;
2490 : A20FB0EF;
2491 : 5363D56D;
2492 : 00280205;
2493 : B29F80EF;
2494 : FC0541E3;
2495 : 67D54722;
2496 : CEE7AC23;
2497 : A2234785;
2498 : BF7574F4;
2499 : 3EA00913;
249a : BFD169D5;
249b : 80EF0068;
249c : 45A2B07F;
249d : 00054B63;
249e : 871347B2;
249f : E6638305;
24a0 : 871300E7;
24a1 : 79637D05;
24a2 : 353700F7;
24a3 : 05137432;
24a4 : 90EF4705;
24a5 : BF7DD2DF;
24a6 : BF6DC43E;
24a7 : C70367D1;
24a8 : 47856CC7;
24a9 : 02F70963;
24aa : C4221141;
24ab : 842A4605;
24ac : 450D4581;
24ad : 90EFC606;
24ae : 585CC8AF;
24af : 45014709;
24b0 : C3985F9C;
24b1 : F03F80EF;
24b2 : B02FA0EF;
24b3 : 442240B2;
24b4 : 01414501;
24b5 : 45018082;
24b6 : 11418082;
24b7 : 5783C422;
24b8 : 54030225;
24b9 : C04A0225;
24ba : 5148892A;
24bb : 042283A1;
24bc : C226C606;
24bd : 84AE8C5D;
24be : 629050EF;
24bf : 0442C088;
24c0 : 02892503;
24c1 : C0C08041;
24c2 : 619050EF;
24c3 : 442240B2;
24c4 : 01055793;
24c5 : C4DC0542;
24c6 : 4902C488;
24c7 : 01414492;
24c8 : 87AA8082;
24c9 : 0005C703;
24ca : 07850585;
24cb : FEE78FA3;
24cc : 167D86B2;
24cd : 8636E319;
24ce : F66DA011;
24cf : 1363963E;
24d0 : 808200F6;
24d1 : 8FA30785;
24d2 : BFD5FE07;
24d3 : C70387AA;
24d4 : E7010007;
24d5 : 40A78533;
24d6 : 07858082;
24d7 : 0C63BFCD;
24d8 : CA1502B5;
24d9 : 00B57F63;
24da : 87334781;
24db : 468300F5;
24dc : 07330007;
24dd : 078500F5;
24de : 00D70023;
24df : FEC797E3;
24e0 : 86B38082;
24e1 : 71E300C5;
24e2 : 4593FED5;
24e3 : 4781FFF6;
24e4 : 936317FD;
24e5 : 808200F5;
24e6 : 00F68733;
24e7 : 00074803;
24e8 : 00F60733;
24e9 : 0023972A;
24ea : B7DD0107;
24eb : CC221101;
24ec : 47836451;
24ed : CE066854;
24ee : C84ACA26;
24ef : C452C64E;
24f0 : C05AC256;
24f1 : 81634709;
24f2 : 84A220E7;
24f3 : 02F76C63;
24f4 : 654DEFA5;
24f5 : C3450513;
24f6 : 86DFA0EF;
24f7 : AA2367D1;
24f8 : 67D17207;
24f9 : 6807A623;
24fa : 02A34785;
24fb : 450568F4;
24fc : 446240F2;
24fd : 494244D2;
24fe : 4A2249B2;
24ff : 4B024A92;
2500 : 80826105;
2501 : 4501470D;
2502 : FEE794E3;
2503 : A04FA0EF;
2504 : 07200793;
2505 : 1863842A;
2506 : 67D100F5;
2507 : 68078223;
2508 : A02367D1;
2509 : 67D16807;
250a : 6887A783;
250b : 1C079163;
250c : 27036751;
250d : 67D568C7;
250e : B6878793;
250f : 802397BA;
2510 : 82A30007;
2511 : B7656804;
2512 : 9C8FA0EF;
2513 : 450187AA;
2514 : FA07C0E3;
2515 : 6951476D;
2516 : 00E78B63;
2517 : 72495503;
2518 : 10057713;
2519 : 0713C34D;
251a : 9E6305B0;
251b : 079308E7;
251c : 12231000;
251d : 540372F9;
251e : 77937249;
251f : DBA50FF4;
2520 : 07E00793;
2521 : 12F40563;
2522 : 0887E163;
2523 : 056347A9;
2524 : 47B510F4;
2525 : 10F40263;
2526 : 076347A5;
2527 : 779310F4;
2528 : 93631004;
2529 : 69D11007;
252a : 68C9A603;
252b : 04F00793;
252c : 0EC7CC63;
252d : AA0367D1;
252e : 64D57347;
252f : 0B138ABE;
2530 : 8493001A;
2531 : 0963B684;
2532 : 06330146;
2533 : 85B34146;
2534 : 85330144;
2535 : 35610164;
2536 : 68C9A783;
2537 : 0593654D;
2538 : 07850400;
2539 : 051394D2;
253a : 8023C3C5;
253b : AA230084;
253c : A623736A;
253d : A0EF68F9;
253e : 6549F4EF;
253f : 72495583;
2540 : D0050513;
2541 : 8FC9A88D;
2542 : 0793B7AD;
2543 : 07631430;
2544 : 079306F4;
2545 : 03631440;
2546 : 079304F4;
2547 : 10E307F0;
2548 : 6451F8F4;
2549 : 73442783;
254a : 08F05063;
254b : 059364CD;
254c : 85130440;
254d : A0EFC3C4;
254e : 0593F0EF;
254f : 85130500;
2550 : A0EFC3C4;
2551 : 2503F02F;
2552 : 157D7344;
2553 : BF1FE0EF;
2554 : 73442783;
2555 : 2A2317FD;
2556 : A0B972F4;
2557 : 27836751;
2558 : 53637347;
2559 : 17FD04F0;
255a : 72F72A23;
255b : 04400593;
255c : 0513654D;
255d : A0EFC3C5;
255e : A03DECEF;
255f : 66D16751;
2560 : 73472783;
2561 : 68C6A683;
2562 : 02D7D063;
2563 : 2A230785;
2564 : 059372F7;
2565 : BFE90430;
2566 : 05136549;
2567 : A0EFEAC5;
2568 : 4789EA6F;
2569 : 68F482A3;
256a : 72091223;
256b : 67D1B589;
256c : 7347A503;
256d : A78367D1;
256e : 07E368C7;
256f : E0EFFEF5;
2570 : 0593B7FF;
2571 : B76D0500;
2572 : 27036751;
2573 : 67D568C7;
2574 : B6878793;
2575 : 802397BA;
2576 : E0EF0007;
2577 : 4703F5CF;
2578 : 478D6854;
2579 : E0F705E3;
257a : 680402A3;
257b : 9782B509;
257c : E40540E3;
257d : 0DE347ED;
257e : 0793E2F4;
257f : 18E30710;
2580 : B53DDEF4;
2581 : 87AA962A;
2582 : 8FA30785;
2583 : 9DE3FEB7;
2584 : 8082FEC7;
2585 : CA261101;
2586 : 65C584AE;
2587 : 8593C64E;
2588 : 2983A685;
2589 : CE060505;
258a : C84ACC22;
258b : 38B9842A;
258c : 83234789;
258d : 578300F9;
258e : 483424E4;
258f : 0785892A;
2590 : 83C107C2;
2591 : 00879713;
2592 : 24F41723;
2593 : 8FD983A1;
2594 : 00F69F23;
2595 : 45814629;
2596 : 02298513;
2597 : 25833765;
2598 : 26031984;
2599 : 852619C4;
259a : D44FF0EF;
259b : 85A6854E;
259c : 40F23071;
259d : 44D24462;
259e : 854A49B2;
259f : 61054942;
25a0 : 872A8082;
25a1 : 80634781;
25a2 : 06B302C7;
25a3 : C80300F7;
25a4 : 86B30006;
25a5 : C68300F5;
25a6 : 07850006;
25a7 : 40D80533;
25a8 : FED803E3;
25a9 : 45018082;
25aa : 11418082;
25ab : C4224621;
25ac : C606C226;
25ad : 842E84AA;
25ae : E51137E9;
25af : 0084D503;
25b0 : 00845783;
25b1 : 40B28D1D;
25b2 : 44924422;
25b3 : 80820141;
25b4 : 0593595C;
25b5 : 11412905;
25b6 : C6064B88;
25b7 : 40B237F9;
25b8 : 00153513;
25b9 : 80820141;
25ba : 567D4D18;
25bb : 04C70263;
25bc : 059386AE;
25bd : 05B33480;
25be : 411802B7;
25bf : 95BA4501;
25c0 : 13259783;
25c1 : 02C78863;
25c2 : 8613079A;
25c3 : 962E1387;
25c4 : 81634505;
25c5 : 879302C6;
25c6 : 11411487;
25c7 : 851395BE;
25c8 : C6060106;
25c9 : 40B23759;
25ca : 00153513;
25cb : 80820141;
25cc : 80824501;
25cd : C7838082;
25ce : EB9102B5;
25cf : 11415948;
25d0 : 375DC606;
25d1 : 353340B2;
25d2 : 014100A0;
25d3 : 45058082;
25d4 : 47818082;
25d5 : 00F61363;
25d6 : 87338082;
25d7 : 468300F5;
25d8 : 07330007;
25d9 : 078500F5;
25da : 00D70023;
25db : 1783B7E5;
25dc : 11011325;
25dd : C84ACC22;
25de : CA26CE06;
25df : 842AC64E;
25e0 : 9563892E;
25e1 : 57FD00B7;
25e2 : 12F51923;
25e3 : 00691493;
25e4 : 89CA94A2;
25e5 : 13045783;
25e6 : 5B6317FD;
25e7 : 40F20130;
25e8 : 12F41823;
25e9 : 44D24462;
25ea : 49B24942;
25eb : 80826105;
25ec : 85130985;
25ed : 06131384;
25ee : 50630400;
25ef : 859302F9;
25f0 : 3F411784;
25f1 : 13241783;
25f2 : 01379663;
25f3 : FFF98793;
25f4 : 12F41923;
25f5 : 04048493;
25f6 : 4581BF75;
25f7 : BFDD3525;
25f8 : 7179557C;
25f9 : D606D422;
25fa : D04AD226;
25fb : C399842A;
25fc : A12FF0EF;
25fd : 4705545C;
25fe : 0AF74063;
25ff : 0A07D863;
2600 : 08C42583;
2601 : 972E4038;
2602 : 00377793;
2603 : 4691C781;
2604 : 40F687B3;
2605 : 2603973E;
2606 : 407C0904;
2607 : 97B2C838;
2608 : 0037F693;
2609 : 4511C681;
260a : 40D506B3;
260b : C87C97B6;
260c : 8F0D8F91;
260d : 65C5C47C;
260e : 879377FD;
260f : C4387887;
2610 : 85934619;
2611 : 0068AEC5;
2612 : 00F11C23;
2613 : 67D53719;
2614 : 87936559;
2615 : 4701CF07;
2616 : 00704685;
2617 : 20000593;
2618 : EF050513;
2619 : A02FE0EF;
261a : C10584AA;
261b : 46196955;
261c : C7890593;
261d : 07440513;
261e : 46193DE9;
261f : 0593D464;
2620 : 0513C789;
2621 : 35F10604;
2622 : 50B2CC24;
2623 : 54925422;
2624 : 45015902;
2625 : 80826145;
2626 : 93E34709;
2627 : 47C9F6E7;
2628 : 08F42623;
2629 : 282347B9;
262a : BF9908F4;
262b : 08042623;
262c : 08042823;
262d : 7159B7B1;
262e : D2A6D4A2;
262f : D686CCD2;
2630 : CECED0CA;
2631 : C8DACAD6;
2632 : C4E2C6DE;
2633 : C0EAC2E6;
2634 : 842ADE6E;
2635 : 8A3284AE;
2636 : 46D0CE95;
2637 : 00A6D783;
2638 : 86834298;
2639 : 06420076;
263a : 06138FD1;
263b : C7B33E80;
263c : F69302C7;
263d : 06130C06;
263e : 96630800;
263f : 684D06C6;
2640 : C4480813;
2641 : 86BA654D;
2642 : 85A2863A;
2643 : C7450513;
2644 : B34FA0EF;
2645 : 0014C603;
2646 : 02100793;
2647 : E8638A3D;
2648 : 654D0547;
2649 : 85A28652;
264a : C9850513;
264b : B18FA0EF;
264c : 65CD664D;
264d : 86A68752;
264e : 06138522;
264f : 85930F06;
2650 : F0EF0F85;
2651 : 50B6EB2F;
2652 : 54965426;
2653 : 49F65906;
2654 : 4AD64A66;
2655 : 4BB64B46;
2656 : 4C964C26;
2657 : 5DF24D06;
2658 : 61654501;
2659 : 68498082;
265a : 02880813;
265b : 4789BF61;
265c : 00F60763;
265d : 85A2654D;
265e : CB050513;
265f : C783BF45;
2660 : CA030034;
2661 : C9030024;
2662 : 07A20004;
2663 : 0147E7B3;
2664 : 00879A13;
2665 : 67B383A1;
2666 : 9A1300FA;
2667 : C7830107;
2668 : 79130044;
2669 : 5A1300F9;
266a : 654D010A;
266b : 86CA8752;
266c : 85A24609;
266d : CD050513;
266e : A8CFA0EF;
266f : 50EF4488;
2670 : CE2A7620;
2671 : 50EF44C8;
2672 : 477275A0;
2673 : 0074C683;
2674 : 0064C603;
2675 : 87AA882A;
2676 : 85A2654D;
2677 : CFC50513;
2678 : A64FA0EF;
2679 : 861365CD;
267a : 85930144;
267b : 8522D305;
267c : D4CFF0EF;
267d : 01F4C783;
267e : 01E4C603;
267f : 0214C703;
2680 : 8FD107A2;
2681 : 00879613;
2682 : 8E5D83A1;
2683 : 0204C683;
2684 : 654D0642;
2685 : 85A28241;
2686 : D3850513;
2687 : A28FA0EF;
2688 : E96347B1;
2689 : 67C51927;
268a : A2078793;
268b : 993E090A;
268c : 00092783;
268d : 654D8782;
268e : 051385A2;
268f : A0EFD645;
2690 : 65CDA06F;
2691 : 02248613;
2692 : D7C58593;
2693 : F0EF8522;
2694 : 0993D38F;
2695 : 6BCD02C0;
2696 : 6D4D6C4D;
2697 : 89336CC5;
2698 : 8B930134;
2699 : 09B3C5CB;
269a : 0C13413A;
269b : 0D13C64C;
269c : 8C93C6CD;
269d : 5DE3A68C;
269e : 470DEB30;
269f : 13374F63;
26a0 : 864E654D;
26a1 : 051385A2;
26a2 : B54DF2C5;
26a3 : 85A2654D;
26a4 : D8850513;
26a5 : 9B0FA0EF;
26a6 : 861365CD;
26a7 : 85930224;
26a8 : B76DDA45;
26a9 : 85A2654D;
26aa : DB450513;
26ab : 998FA0EF;
26ac : 861365CD;
26ad : 85930224;
26ae : BF49DD05;
26af : 85A2654D;
26b0 : DE050513;
26b1 : 980FA0EF;
26b2 : 8613694D;
26b3 : 05930224;
26b4 : 8522DFC9;
26b5 : CB2FF0EF;
26b6 : 02C48613;
26b7 : DFC90593;
26b8 : F0EF8522;
26b9 : 0993C5AF;
26ba : B7B50360;
26bb : 85A2654D;
26bc : E1050513;
26bd : 950FA0EF;
26be : 85934611;
26bf : 10680304;
26c0 : 57833989;
26c1 : 570302E1;
26c2 : 891302E1;
26c3 : 07A20224;
26c4 : 65CD8321;
26c5 : 864A8FD9;
26c6 : E2C58593;
26c7 : 17238522;
26c8 : F0EF02F1;
26c9 : 5783C64F;
26ca : 470302E1;
26cb : 468302D1;
26cc : 664D02C1;
26cd : 0613654D;
26ce : 85A2E446;
26cf : E6850513;
26d0 : 904FA0EF;
26d1 : 0344C683;
26d2 : 02F4C603;
26d3 : 85A2654D;
26d4 : E7C50513;
26d5 : 8F0FA0EF;
26d6 : 03C4C783;
26d7 : 0394C883;
26d8 : 0384C803;
26d9 : C783C43E;
26da : C70303B4;
26db : C6830364;
26dc : C23E0354;
26dd : 03A4C783;
26de : 654D664D;
26df : C783C03E;
26e0 : 06130374;
26e1 : 85A2EA46;
26e2 : EC450513;
26e3 : 8B8FA0EF;
26e4 : 04000993;
26e5 : 654DB5C9;
26e6 : 051385A2;
26e7 : A0EFEF45;
26e8 : 65CD8A6F;
26e9 : 02248613;
26ea : F1058593;
26eb : F0EF8522;
26ec : B545B8EF;
26ed : 02200993;
26ee : 4783BD79;
26ef : 46030019;
26f0 : 4A830009;
26f1 : 07A20029;
26f2 : 96138FD1;
26f3 : 83A10087;
26f4 : 96138FD1;
26f5 : 47830107;
26f6 : 654D0039;
26f7 : 07A28241;
26f8 : 0157E7B3;
26f9 : 00879A93;
26fa : E7B383A1;
26fb : 9A9300FA;
26fc : DA930107;
26fd : 8B13010A;
26fe : 86DA004A;
26ff : 051385A2;
2700 : CE32F545;
2701 : 840FA0EF;
2702 : 470D4672;
2703 : 0169F863;
2704 : 864E654D;
2705 : 051385DA;
2706 : BB09F705;
2707 : 078567A1;
2708 : 02F61963;
2709 : 00594603;
270a : 00494583;
270b : 0513654D;
270c : A0EFF945;
270d : 4799812F;
270e : 0AFB0563;
270f : 8713664D;
2710 : 0693FFEA;
2711 : 06130069;
2712 : 65CDFB06;
2713 : FBC58593;
2714 : 0D93AA89;
2715 : 18630049;
2716 : 460318E6;
2717 : 45830059;
2718 : 48030049;
2719 : 47830099;
271a : 47030089;
271b : 46830079;
271c : 654D0069;
271d : FC450513;
271e : FCDF90EF;
271f : 460D65C5;
2720 : AF458593;
2721 : 3AF5856E;
2722 : 65CDE909;
2723 : 8593460D;
2724 : 0513FEC5;
2725 : 32F50079;
2726 : 664DCD11;
2727 : 871365CD;
2728 : 0693FFAA;
2729 : 061300A9;
272a : 8593FB06;
272b : 8522FBC5;
272c : B44FF0EF;
272d : 00A94A83;
272e : 00B94683;
272f : 0AA277FD;
2730 : 0AC29AB6;
2731 : 010ADA93;
2732 : 07C297D6;
2733 : 471583C1;
2734 : 00F76D63;
2735 : 97D677FD;
2736 : 97E6078A;
2737 : 0907A603;
2738 : 89B3EA19;
2739 : 995A4169;
273a : 6789B379;
273b : FEFA9BE3;
273c : 0613664D;
273d : 654DC506;
273e : 85A286D6;
273f : FF050513;
2740 : F45F90EF;
2741 : 87136785;
2742 : 8F630047;
2743 : 670904EA;
2744 : 08EA8D63;
2745 : 96E3078D;
2746 : 479DFCFA;
2747 : 0167CA63;
2748 : 865A654D;
2749 : 051385A2;
274a : 90EF00C5;
274b : BF55F1BF;
274c : 00C94783;
274d : E391865E;
274e : 47838662;
274f : 470300E9;
2750 : 468300F9;
2751 : 07E200D9;
2752 : 97BA0742;
2753 : 01094703;
2754 : 85A2654D;
2755 : 97BA0722;
2756 : 01194703;
2757 : 03850513;
2758 : 90EF973E;
2759 : BFB5EE3F;
275a : C86347C5;
275b : 654D0167;
275c : 85A2865A;
275d : 07050513;
275e : 6ACDBF4D;
275f : 4721664D;
2760 : 00C90693;
2761 : 09C60613;
2762 : FBCA8593;
2763 : F0EF8522;
2764 : 664DA66F;
2765 : 06934721;
2766 : 06130149;
2767 : 85930A46;
2768 : 8522FBCA;
2769 : A50FF0EF;
276a : 4703BF2D;
276b : 468900D9;
276c : 7793866A;
276d : 17FD0037;
276e : 0FF7F793;
276f : 00F6E663;
2770 : 97E6078A;
2771 : 0A87A603;
2772 : 00477793;
2773 : E39186DE;
2774 : 779386E2;
2775 : 875E0087;
2776 : 8762E391;
2777 : 85A2654D;
2778 : 0AC50513;
2779 : 6549BFBD;
277a : EAC50513;
277b : E59F90EF;
277c : 8756664D;
277d : 061386EE;
277e : BD810E86;
277f : 87AA95AA;
2780 : 00B79563;
2781 : 40A78533;
2782 : C7038082;
2783 : DB7D0007;
2784 : B7FD0785;
2785 : C6061141;
2786 : 0613C422;
2787 : DC6302B0;
2788 : 37330005;
2789 : 07B300A0;
278a : 85B340B0;
278b : 053340E7;
278c : 061340A0;
278d : 67D102D0;
278e : 41E5D693;
278f : AE83058A;
2790 : 81893547;
2791 : 03E00F13;
2792 : 0E374801;
2793 : 08B72000;
2794 : 4701D3B2;
2795 : 73334781;
2796 : FFB30105;
2797 : 633301C5;
2798 : 096301F3;
2799 : 03330003;
279a : 3FB30117;
279b : 97F600E3;
279c : 97FE871A;
279d : 01FE9313;
279e : 0018D893;
279f : 011368B3;
27a0 : 00185813;
27a1 : 01FE1313;
27a2 : DE931F7D;
27a3 : 6833001E;
27a4 : 5E130103;
27a5 : 10E3001E;
27a6 : 6459FC0F;
27a7 : 11440413;
27a8 : 852265CD;
27a9 : 10058593;
27aa : F8AF90EF;
27ab : 852240B2;
27ac : 01414422;
27ad : 07B78082;
27ae : C7938000;
27af : 1141FFF7;
27b0 : 00A03733;
27b1 : 00F58633;
27b2 : C422C606;
27b3 : E5639732;
27b4 : 176306E7;
27b5 : 069300F7;
27b6 : 57F9FFF5;
27b7 : 04D7EE63;
27b8 : 00A037B3;
27b9 : 40B00733;
27ba : 40F705B3;
27bb : 40A00533;
27bc : 02D00613;
27bd : 02050693;
27be : 01069713;
27bf : 08138341;
27c0 : 08333E80;
27c1 : B53302E8;
27c2 : 07B300A6;
27c3 : 645900B5;
27c4 : 11440413;
27c5 : 01079713;
27c6 : 65CD82C1;
27c7 : 8F558522;
27c8 : 01085813;
27c9 : 859387C1;
27ca : 90EF1105;
27cb : 40B2F08F;
27cc : 44228522;
27cd : 80820141;
27ce : 02000613;
27cf : 415CBF65;
27d0 : C6061141;
27d1 : 4114C422;
27d2 : 00852803;
27d3 : C6634558;
27d4 : 8FD50007;
27d5 : 5063E3AD;
27d6 : 36330607;
27d7 : 07B30100;
27d8 : 873340E0;
27d9 : 664540C7;
27da : 41000833;
27db : 40D006B3;
27dc : 24460613;
27dd : 01081593;
27de : 3E800793;
27df : 85B381C1;
27e0 : 67A102F5;
27e1 : 04136459;
27e2 : 58131144;
27e3 : 07420108;
27e4 : 67338522;
27e5 : 97AE0107;
27e6 : 00B7B5B3;
27e7 : 83C105C2;
27e8 : 65CD8FCD;
27e9 : 11C58593;
27ea : E8AF90EF;
27eb : 852240B2;
27ec : 01414422;
27ed : 66498082;
27ee : 02860613;
27ef : 4681BF65;
27f0 : 0005DB63;
27f1 : 00A03733;
27f2 : 40B007B3;
27f3 : 40E785B3;
27f4 : 40A00533;
27f5 : 07134685;
27f6 : 07B33E80;
27f7 : 05B302A7;
27f8 : 373302B7;
27f9 : 652102A7;
27fa : 972E953E;
27fb : 00F535B3;
27fc : 979395BA;
27fd : 81410105;
27fe : 81C18D5D;
27ff : 3733CA89;
2800 : 07B300A0;
2801 : 85B340B0;
2802 : 053340E7;
2803 : 808240A0;
2804 : 28834158;
2805 : 23030005;
2806 : 45500085;
2807 : 00074763;
2808 : 00E8E7B3;
2809 : 5563E7D1;
280a : 36B30806;
280b : 07B30060;
280c : 863340C0;
280d : 36B340D7;
280e : 07B30110;
280f : 033340E0;
2810 : 87334060;
2811 : 08B340D7;
2812 : 557D4110;
2813 : 081355FD;
2814 : 06B33E80;
2815 : 67A102C8;
2816 : 02680633;
2817 : 02683833;
2818 : 983697B2;
2819 : 00C7B6B3;
281a : 961396C2;
281b : 83C10106;
281c : D4A51837;
281d : 06138FD1;
281e : 06330E80;
281f : 82C10316;
2820 : 02E80733;
2821 : 06339732;
2822 : 38B30318;
2823 : 963E0318;
2824 : 00F637B3;
2825 : 97369746;
2826 : 85B397BA;
2827 : 87B302C5;
2828 : 97AE02A7;
2829 : 02A635B3;
282a : 02A60533;
282b : 808295BE;
282c : 45814505;
282d : 4194BF69;
282e : A8034110;
282f : 41580045;
2830 : 40D606B3;
2831 : 00D63633;
2832 : 41070733;
2833 : C1588F11;
2834 : C1144510;
2835 : 45584594;
2836 : 06B345CC;
2837 : 363340D6;
2838 : 8F0D00D6;
2839 : C5148F11;
283a : E06FC558;
283b : 1101973F;
283c : 4D04CA26;
283d : 0993C64E;
283e : CC220A85;
283f : 842A85CE;
2840 : 85134641;
2841 : CE060884;
2842 : F0EFC84A;
2843 : 0913E48F;
2844 : 46410B84;
2845 : 851385CA;
2846 : F0EF0984;
2847 : 8593E38F;
2848 : 854E0484;
2849 : A59FE0EF;
284a : 07848593;
284b : 3761854A;
284c : 17C42403;
284d : 464185CE;
284e : 08040513;
284f : E16FF0EF;
2850 : 051385CA;
2851 : 46410904;
2852 : E0AFF0EF;
2853 : 01A34785;
2854 : 40F206F4;
2855 : 44D24462;
2856 : 49B24942;
2857 : 61054501;
2858 : 71198082;
2859 : 892AD8CA;
285a : DCA25568;
285b : 8436D6CE;
285c : 86B289AE;
285d : 862E0098;
285e : DAA6106C;
285f : D4D2DE86;
2860 : 8A8FD0EF;
2861 : 586384AA;
2862 : 6A5110A0;
2863 : 4786C829;
2864 : 3E800713;
2865 : C01C4696;
2866 : C05447B6;
2867 : C7B307C2;
2868 : 472602E7;
2869 : 41F75613;
286a : 01075513;
286b : 07420642;
286c : D5938E49;
286d : 973E41F7;
286e : 00F737B3;
286f : 97B2962E;
2870 : 47F6C45C;
2871 : EF81C418;
2872 : 6CCA4703;
2873 : 08634791;
2874 : 068A00F7;
2875 : 07B78289;
2876 : 8EDD8F00;
2877 : 4619C054;
2878 : 0513106C;
2879 : F0EF0949;
287a : 5783D6CF;
287b : 270303C1;
287c : 10230249;
287d : 67D10AF9;
287e : 71C7A783;
287f : 83D18FD9;
2880 : CB898BB9;
2881 : 86A2654D;
2882 : 85CE8626;
2883 : 12C50513;
2884 : EA6FF0EF;
2885 : 6CCA4703;
2886 : 1E634791;
2887 : 464106F7;
2888 : 082885A2;
2889 : D2EFF0EF;
288a : A39F70EF;
288b : 09934781;
288c : C43E3E80;
288d : 01051793;
288e : 0337C7B3;
288f : 002C4801;
2890 : C6420828;
2891 : 147D6441;
2892 : 87FDC83E;
2893 : 35A5CA3E;
2894 : 56125782;
2895 : F6B345E2;
2896 : 86B30087;
2897 : 83C10336;
2898 : 654D0642;
2899 : 05138E5D;
289a : 86C11345;
289b : 9D9F90EF;
289c : 12090593;
289d : 35810828;
289e : 55925782;
289f : F633654D;
28a0 : 06330087;
28a1 : 05C20336;
28a2 : 8DDD83C1;
28a3 : 14450513;
28a4 : 90EF8641;
28a5 : 50F69B3F;
28a6 : 59465466;
28a7 : 5A2659B6;
28a8 : 54D68526;
28a9 : 80826109;
28aa : C78367D1;
28ab : E3996747;
28ac : 80824501;
28ad : CC527179;
28ae : 27036A55;
28af : D422D08A;
28b0 : D606D04A;
28b1 : CE4ED226;
28b2 : 04134785;
28b3 : 6951D08A;
28b4 : 08F70663;
28b5 : 446C5C1C;
28b6 : 479C69D5;
28b7 : E1898693;
28b8 : 07C00613;
28b9 : D08A0513;
28ba : 84AA9782;
28bb : 06A05763;
28bc : 4BBC501C;
28bd : 0513C7A9;
28be : 9782D08A;
28bf : 48014781;
28c0 : 850AC42A;
28c1 : C242C03E;
28c2 : E0EFC62E;
28c3 : 858AF52F;
28c4 : E1898513;
28c5 : 2783334D;
28c6 : 07853344;
28c7 : 32F42A23;
28c8 : 85A64868;
28c9 : E4BFD0EF;
28ca : 64A92423;
28cb : 50B24505;
28cc : 54925422;
28cd : 49F25902;
28ce : 61454A62;
28cf : 27838082;
28d0 : 25031A04;
28d1 : 25831B04;
28d2 : 27031A44;
28d3 : 953E1B44;
28d4 : 00F537B3;
28d5 : 95BE95BA;
28d6 : F179B755;
28d7 : 001007B7;
28d8 : A6836751;
28d9 : 278341C7;
28da : 260374C7;
28db : 45016489;
28dc : 40F687B3;
28dd : FAC7CDE3;
28de : 74D72623;
28df : 45014581;
28e0 : 832AB755;
28e1 : 00432683;
28e2 : 47814108;
28e3 : 08B6EC63;
28e4 : 02B6D8B3;
28e5 : 87334E01;
28e6 : 8E990315;
28e7 : 46014805;
28e8 : DE93A839;
28e9 : 971301F5;
28ea : E7B30017;
28eb : 5E9300EE;
28ec : 171301F8;
28ed : 05860016;
28ee : 00EEE633;
28ef : 44630806;
28f0 : EB8100F0;
28f1 : EEE3C599;
28f2 : 9463FCD7;
28f3 : EAE300F6;
28f4 : E563FCA5;
28f5 : 946302F6;
28f6 : 616300D7;
28f7 : 073302B5;
28f8 : 3EB340B5;
28f9 : 8E9D00E5;
28fa : 0733853A;
28fb : 86B3010E;
28fc : 98B241D6;
28fd : 01C73EB3;
28fe : 8E3A98F6;
28ff : 01F79713;
2900 : 8DD98185;
2901 : 00185813;
2902 : 01F61713;
2903 : 01076833;
2904 : 67338205;
2905 : 838500C8;
2906 : 2023FF4D;
2907 : 222301C3;
2908 : 80820113;
2909 : 48814E01;
290a : 07B7BF95;
290b : CB63FE0C;
290c : 936308F5;
290d : C55900F5;
290e : 01F407B7;
290f : 08F5D863;
2910 : 966317FD;
2911 : 079300F5;
2912 : E163C170;
2913 : 110108A7;
2914 : CE06CC22;
2915 : 547DCA26;
2916 : 0005C363;
2917 : 54934405;
2918 : 87B341F4;
2919 : 85B302A4;
291a : 95BE0285;
291b : 028507B3;
291c : 02853533;
291d : 95AAC43E;
291e : 0028C62E;
291f : 3E800593;
2920 : 47B23709;
2921 : 47220542;
2922 : 01079693;
2923 : 3E800793;
2924 : 02F557B3;
2925 : 01075613;
2926 : 8ED10742;
2927 : 853340F2;
2928 : 37B300E7;
2929 : 97B600F5;
292a : 02A484B3;
292b : 028787B3;
292c : 028535B3;
292d : 44D297A6;
292e : 02850533;
292f : 95BE4462;
2930 : 80826105;
2931 : 05B74501;
2932 : 80828000;
2933 : 800005B7;
2934 : C5937541;
2935 : 8082FFF5;
2936 : DC227139;
2937 : DE06D84A;
2938 : D64EDA26;
2939 : 44058932;
293a : 0005D363;
293b : 5993547D;
293c : 87B341F4;
293d : 85B302A9;
293e : 95BE0285;
293f : 02A407B3;
2940 : 02A43533;
2941 : 952EC83E;
2942 : 0593CA2A;
2943 : 08083E80;
2944 : 47423D8D;
2945 : D5B747D2;
2946 : 84AA3B9A;
2947 : A0058593;
2948 : CC3A0828;
2949 : 3DB1CE3E;
294a : 01055793;
294b : 0104D713;
294c : 00F92623;
294d : 67A104C2;
294e : C82A97A6;
294f : 0097B4B3;
2950 : 94BA0542;
2951 : 00A92423;
2952 : 3E800593;
2953 : C43E0028;
2954 : CA02C626;
2955 : 2783353D;
2956 : 47220089;
2957 : 00C92683;
2958 : 973E4632;
2959 : 00F737B3;
295a : 97B696B2;
295b : 028787B3;
295c : 54D250F2;
295d : 02E986B3;
295e : 06B397B6;
295f : 37330287;
2960 : 24230287;
2961 : 97BA00D9;
2962 : 00F92623;
2963 : 47F24762;
2964 : 033709B3;
2965 : 028787B3;
2966 : 028706B3;
2967 : 59B297CE;
2968 : 02873433;
2969 : 00D92023;
296a : 2223943E;
296b : 54620089;
296c : 61215942;
296d : 71798082;
296e : CE2ECC2A;
296f : 05930828;
2970 : D6063E80;
2971 : 8432D422;
2972 : 47F23B6D;
2973 : 48014762;
2974 : 4781C45C;
2975 : C01CC418;
2976 : 01042223;
2977 : E0EF8522;
2978 : 50B2C7EF;
2979 : 61455422;
297a : 11018082;
297b : CA26CC22;
297c : C64EC84A;
297d : C256C452;
297e : 892ACE06;
297f : 00238432;
2980 : 84AE0005;
2981 : 8A3389AA;
2982 : 6ACD00C5;
2983 : 0004C603;
2984 : 8593854E;
2985 : 0485154A;
2986 : 81AF90EF;
2987 : 97E3098D;
2988 : 460DFF44;
2989 : 02C40433;
298a : 944A854A;
298b : FE040FA3;
298c : 446240F2;
298d : 494244D2;
298e : 4A2249B2;
298f : 61054A92;
2990 : 46218082;
2991 : 1101B75D;
2992 : 64D5CA26;
2993 : 8413CC22;
2994 : 2783D084;
2995 : CE061784;
2996 : 4B9CC84A;
2997 : 6555C64E;
2998 : 04000613;
2999 : 84A34581;
299a : 80A30007;
299b : 05130407;
299c : E0EFE405;
299d : 77C1F93F;
299e : 12F42823;
299f : 8A2367D1;
29a0 : 478D6607;
29a1 : 0023C05C;
29a2 : 90EF2A04;
29a3 : 5C1CE62F;
29a4 : D0848513;
29a5 : 978243DC;
29a6 : 17C42703;
29a7 : 879367CD;
29a8 : D37C15C7;
29a9 : 47FC501C;
29aa : 8513C781;
29ab : 9782D084;
29ac : C7814C1C;
29ad : 8B234705;
29ae : 67D100E7;
29af : 57078713;
29b0 : 00872903;
29b1 : 84BE4401;
29b2 : 34800993;
29b3 : 00895783;
29b4 : 00F44A63;
29b5 : 446240F2;
29b6 : 494244D2;
29b7 : 450149B2;
29b8 : 80826105;
29b9 : 03340533;
29ba : 5704A783;
29bb : 511C953E;
29bc : C391479C;
29bd : 04059782;
29be : 67D5BFD1;
29bf : A7831101;
29c0 : CC22E807;
29c1 : C84A6451;
29c2 : 0913C256;
29c3 : 6AD15704;
29c4 : C64ECA26;
29c5 : 2983C452;
29c6 : AA030049;
29c7 : CE060107;
29c8 : 84AAC05A;
29c9 : 6C0A8623;
29ca : 27833F39;
29cb : 577D0049;
29cc : C7D8C798;
29cd : 9A23CB98;
29ce : 8B2300E7;
29cf : 478D00E7;
29d0 : 0AF48963;
29d1 : CA638B22;
29d2 : 47050097;
29d3 : 00E48B63;
29d4 : 86634689;
29d5 : 440106D4;
29d6 : 4791A83D;
29d7 : 9C634401;
29d8 : 478D02F4;
29d9 : 02FA06A3;
29da : 03892783;
29db : 46054581;
29dc : 0007A023;
29dd : A2234799;
29de : 450500F9;
29df : FC5F70EF;
29e0 : 0513653D;
29e1 : E0EFA605;
29e2 : 842A99FF;
29e3 : 05134585;
29e4 : E0EF570B;
29e5 : 70EFCAEF;
29e6 : 70EFD92F;
29e7 : 2783D3EF;
29e8 : 40F20389;
29e9 : 44628522;
29ea : 6C9A8623;
29eb : 4942C3C4;
29ec : 49B244D2;
29ed : 4A924A22;
29ee : 61054B02;
29ef : 06A38082;
29f0 : 278302FA;
29f1 : 46050389;
29f2 : C3984581;
29f3 : 70EF4509;
29f4 : 4585F73F;
29f5 : 57040513;
29f6 : C68FE0EF;
29f7 : 0C100793;
29f8 : A2236515;
29f9 : 051300F9;
29fa : E0EFE205;
29fb : 842A93BF;
29fc : 4789B75D;
29fd : 02FA06A3;
29fe : 03892783;
29ff : C3984709;
2a00 : 0FF00793;
2a01 : 00F9A223;
2a02 : 67C5B7B9;
2a03 : 00359713;
2a04 : A6878793;
2a05 : A78397BA;
2a06 : 8B850B87;
2a07 : 595CE399;
2a08 : 47B14388;
2a09 : 02F585B3;
2a0a : 1BC58593;
2a0b : 8082952E;
2a0c : 458D1141;
2a0d : 3FD1C606;
2a0e : 40B24148;
2a0f : 0141050E;
2a10 : 11418082;
2a11 : C422C606;
2a12 : 842AC226;
2a13 : C04A84B2;
2a14 : 85A63F6D;
2a15 : 8522892A;
2a16 : 5C5C3F4D;
2a17 : 458184AA;
2a18 : 852253DC;
2a19 : 27839782;
2a1a : 44940089;
2a1b : 8633872A;
2a1c : 536340F6;
2a1d : 87B60006;
2a1e : 442240B2;
2a1f : 40F70533;
2a20 : 8F99857D;
2a21 : 49024492;
2a22 : 01418D7D;
2a23 : 11418082;
2a24 : C422C606;
2a25 : 842AC226;
2a26 : 5C5C3F8D;
2a27 : 458184AA;
2a28 : 852253DC;
2a29 : 449C9782;
2a2a : 40A78533;
2a2b : 00055363;
2a2c : 40B24501;
2a2d : 44924422;
2a2e : 80820141;
2a2f : C6061141;
2a30 : C226C422;
2a31 : 842AC04A;
2a32 : 37818932;
2a33 : 84AA5C5C;
2a34 : 53DC85CA;
2a35 : 97828522;
2a36 : 442240B2;
2a37 : 4902C488;
2a38 : 01414492;
2a39 : 71798082;
2a3a : D23ECC22;
2a3b : D03ACE06;
2a3c : D646D442;
2a3d : 47818436;
2a3e : 515CC111;
2a3f : 27036751;
2a40 : 058A71C7;
2a41 : D7B38FD9;
2a42 : 8BBD00B7;
2a43 : 02C7E563;
2a44 : 2683C51D;
2a45 : 67C52A85;
2a46 : A6878793;
2a47 : A58395BE;
2a48 : 654D1145;
2a49 : 17050513;
2a4a : B1CF90EF;
2a4b : 8522100C;
2a4c : 90EFC62E;
2a4d : 40F2ADEF;
2a4e : 61454462;
2a4f : 67CD8082;
2a50 : 16878693;
2a51 : 1141BFC9;
2a52 : 2483C226;
2a53 : C42217C5;
2a54 : 07F00613;
2a55 : 4581842A;
2a56 : 06148513;
2a57 : E0EFC606;
2a58 : 5C58CA7F;
2a59 : CC9C4781;
2a5a : 4801531C;
2a5b : 0104AE23;
2a5c : 8522C7B9;
2a5d : 57FD9782;
2a5e : 00F51A63;
2a5f : 852266CD;
2a60 : 18068693;
2a61 : 45914605;
2a62 : 45013FB9;
2a63 : 40A007B3;
2a64 : C09C07AA;
2a65 : C0DC87FD;
2a66 : 0604C783;
2a67 : 40988522;
2a68 : 0017E793;
2a69 : 06F48023;
2a6a : 40DC4422;
2a6b : 449240B2;
2a6c : 869366CD;
2a6d : 460519C6;
2a6e : 01414591;
2a6f : 585CB72D;
2a70 : 4FDC43DC;
2a71 : E7918B85;
2a72 : 46014B5C;
2a73 : 85224581;
2a74 : 47819782;
2a75 : C09C4801;
2a76 : 0104A223;
2a77 : 1101BF75;
2a78 : CC22CE06;
2a79 : 8432CA26;
2a7a : C64EC84A;
2a7b : 893684AA;
2a7c : D47FE0EF;
2a7d : 89AA85A2;
2a7e : E0EF8526;
2a7f : 842AD3DF;
2a80 : 04098663;
2a81 : 674DE131;
2a82 : 071366CD;
2a83 : 86931E07;
2a84 : 46091BC6;
2a85 : 8526458D;
2a86 : 57FD35F9;
2a87 : 00F92023;
2a88 : 852240F2;
2a89 : 44D24462;
2a8a : 49B24942;
2a8b : 80826105;
2a8c : 0713674D;
2a8d : 86931DC7;
2a8e : 46091BC6;
2a8f : 8526458D;
2a90 : 2023355D;
2a91 : BFE90009;
2a92 : BFD94405;
2a93 : D16D66CD;
2a94 : 0713674D;
2a95 : 86931D87;
2a96 : 46091BC6;
2a97 : 8526458D;
2a98 : 47853559;
2a99 : 00F92023;
2a9a : BF5D4401;
2a9b : DCD27175;
2a9c : 0A136A45;
2a9d : 66CDB9CA;
2a9e : DECEC14A;
2a9f : 89AE8932;
2aa0 : 2A468693;
2aa1 : 458D4609;
2aa2 : C3268752;
2aa3 : C522C706;
2aa4 : D8DADAD6;
2aa5 : D4E2D6DE;
2aa6 : 35B184AA;
2aa7 : 864A1054;
2aa8 : 852685CE;
2aa9 : ED193F2D;
2aaa : 40BA5412;
2aab : 442A8522;
2aac : 490A449A;
2aad : 5A6659F6;
2aae : 5B465AD6;
2aaf : 5C265BB6;
2ab0 : 80826149;
2ab1 : 0029D703;
2ab2 : 00295783;
2ab3 : 04334689;
2ab4 : 061340F7;
2ab5 : FA630014;
2ab6 : 66CD00C6;
2ab7 : 1E468693;
2ab8 : 458D460D;
2ab9 : 35018526;
2aba : 4685B7C9;
2abb : 01098B13;
2abc : 00698B93;
2abd : 02D41763;
2abe : 855A85DE;
2abf : CC3ACE3E;
2ac0 : BABFE0EF;
2ac1 : 47F24762;
2ac2 : 0793F969;
2ac3 : 66CD1F00;
2ac4 : 86938752;
2ac5 : 460520C6;
2ac6 : 8526458D;
2ac7 : 440133E9;
2ac8 : 56FDB769;
2ac9 : 01090A93;
2aca : 00690C13;
2acb : 00D41E63;
2acc : 855685E2;
2acd : CC3ACE3E;
2ace : B73FE0EF;
2acf : 47F24762;
2ad0 : 0793FD49;
2ad1 : B7E11FB0;
2ad2 : 855A85D6;
2ad3 : B5FFE0EF;
2ad4 : 6A4D842A;
2ad5 : 00C885DA;
2ad6 : 34E5C81D;
2ad7 : 0189D803;
2ad8 : 85D6CE2A;
2ad9 : CC421028;
2ada : 57033CE9;
2adb : 48620189;
2adc : C23A47F2;
2add : C02A674D;
2ade : 21C70893;
2adf : 220A0693;
2ae0 : 21C70713;
2ae1 : 458D460D;
2ae2 : 3BB18526;
2ae3 : 3C55BF39;
2ae4 : 0189D803;
2ae5 : 85D6CE2A;
2ae6 : CC421028;
2ae7 : 5703345D;
2ae8 : 48620189;
2ae9 : C23A47F2;
2aea : 0893674D;
2aeb : C02A2447;
2aec : 24470713;
2aed : 220A0693;
2aee : 458D460D;
2aef : 33258526;
2af0 : 855E85E2;
2af1 : AE7FE0EF;
2af2 : B5C5842A;
2af3 : 67457179;
2af4 : D42266CD;
2af5 : 842ED226;
2af6 : 869384B2;
2af7 : 46092A46;
2af8 : 0713458D;
2af9 : D04ABB07;
2afa : 892AD606;
2afb : 868A39ED;
2afc : 85A28626;
2afd : 33E5854A;
2afe : 4502E901;
2aff : 542250B2;
2b00 : 59025492;
2b01 : 80826145;
2b02 : 02644783;
2b03 : 0264C883;
2b04 : 03178463;
2b05 : 66CD674D;
2b06 : 24870813;
2b07 : 0713854A;
2b08 : 86932487;
2b09 : 460D2546;
2b0a : 3975458D;
2b0b : 02644503;
2b0c : 0264C783;
2b0d : B7D98D1D;
2b0e : 01A44783;
2b0f : 01A4C883;
2b10 : 03178363;
2b11 : 66CD674D;
2b12 : 26870813;
2b13 : 0713854A;
2b14 : 86932687;
2b15 : 460D2546;
2b16 : 3171458D;
2b17 : 01A44503;
2b18 : 01A4C783;
2b19 : 4783BFC1;
2b1a : C88301B4;
2b1b : 836301B4;
2b1c : 674D0317;
2b1d : 081366CD;
2b1e : 854A2747;
2b1f : 27470713;
2b20 : 25468693;
2b21 : 458D460D;
2b22 : 450339B9;
2b23 : C78301B4;
2b24 : B74D01B4;
2b25 : 01C45783;
2b26 : 01C4D883;
2b27 : 03178363;
2b28 : 66CD674D;
2b29 : 28470813;
2b2a : 0713854A;
2b2b : 86932847;
2b2c : 460D2546;
2b2d : 3905458D;
2b2e : 01C45503;
2b2f : 01C4D783;
2b30 : 4783BF95;
2b31 : C8830274;
2b32 : 83630274;
2b33 : 674D0317;
2b34 : 081366CD;
2b35 : 854A2907;
2b36 : 29070713;
2b37 : 25468693;
2b38 : 458D460D;
2b39 : 45033109;
2b3a : C7830274;
2b3b : B7990274;
2b3c : 85A20479;
2b3d : 32B10048;
2b3e : 872A66CD;
2b3f : 29C68693;
2b40 : 854A460D;
2b41 : 36C5458D;
2b42 : 85A604F9;
2b43 : 3A150048;
2b44 : 872A66CD;
2b45 : 2A868693;
2b46 : 460D854A;
2b47 : 36E1458D;
2b48 : 85A64621;
2b49 : E0EF8522;
2b4a : BDC995DF;
2b4b : 67457179;
2b4c : 071366CD;
2b4d : 8693BBC7;
2b4e : D2262A46;
2b4f : 84AED04A;
2b50 : 458D8932;
2b51 : D6064609;
2b52 : 842AD422;
2b53 : 85933E69;
2b54 : 00480104;
2b55 : 66CD30FD;
2b56 : 8693872A;
2b57 : 460D2B46;
2b58 : 8522458D;
2b59 : 05933649;
2b5a : 00480109;
2b5b : 66CD38D9;
2b5c : 8693872A;
2b5d : 460D2C46;
2b5e : 8522458D;
2b5f : 462136AD;
2b60 : 01E90593;
2b61 : 01E48513;
2b62 : 8FBFE0EF;
2b63 : 85A6864A;
2b64 : 8522E909;
2b65 : 50B239E1;
2b66 : 54925422;
2b67 : 61455902;
2b68 : 85228082;
2b69 : BFC53525;
2b6a : 7179595C;
2b6b : D226D422;
2b6c : CE4ED04A;
2b6d : 0107A903;
2b6e : 0087A983;
2b6f : 84AA4BC0;
2b70 : 250347DC;
2b71 : D60617C5;
2b72 : 47014681;
2b73 : CBD8CB94;
2b74 : C7D8C794;
2b75 : 00079023;
2b76 : 45814641;
2b77 : 04050513;
2b78 : 825FE0EF;
2b79 : 17C4A503;
2b7a : 45814641;
2b7b : 05050513;
2b7c : 815FE0EF;
2b7d : 02000613;
2b7e : 854A4581;
2b7f : 809FE0EF;
2b80 : 0009A783;
2b81 : 00F92023;
2b82 : 0049A783;
2b83 : 00091423;
2b84 : 00F92223;
2b85 : 0009A783;
2b86 : 00F92823;
2b87 : 0049A783;
2b88 : 00F92A23;
2b89 : 00A9D783;
2b8a : 00F91C23;
2b8b : 00C9D783;
2b8c : 00F91D23;
2b8d : 00E9C783;
2b8e : 00F90E23;
2b8f : 00F9C783;
2b90 : 00F90EA3;
2b91 : 00744783;
2b92 : 5CDCC7C9;
2b93 : 00300054;
2b94 : 006C43DC;
2b95 : 97828526;
2b96 : CD09892A;
2b97 : 079366CD;
2b98 : 07130250;
2b99 : 86930250;
2b9a : 46052D46;
2b9b : 8526458D;
2b9c : 3C95C63E;
2b9d : 17834732;
2b9e : 81630004;
2b9f : 66CD02E7;
2ba0 : 8526458D;
2ba1 : 31068693;
2ba2 : 3CB14605;
2ba3 : 458147B2;
2ba4 : 10238526;
2ba5 : 5CDC00F4;
2ba6 : 97824B9C;
2ba7 : 00090763;
2ba8 : 00041123;
2ba9 : 00040223;
2baa : 4785A831;
2bab : 00F40123;
2bac : 37B347A2;
2bad : 01A300F0;
2bae : 479200F4;
2baf : 00F037B3;
2bb0 : 00F40223;
2bb1 : 542250B2;
2bb2 : 59025492;
2bb3 : 614549F2;
2bb4 : 07938082;
2bb5 : 10230250;
2bb6 : B7D900F4;
2bb7 : CE4E7179;
2bb8 : 87B349B1;
2bb9 : 69C50336;
2bba : A6898993;
2bbb : 84B2D226;
2bbc : 08C52603;
2bbd : 8A2ECC52;
2bbe : 452C962E;
2bbf : 5D1C99BE;
2bc0 : D606D422;
2bc1 : D04A47DC;
2bc2 : 9782842A;
2bc3 : 0D6357F9;
2bc4 : 69410AF5;
2bc5 : 3A890913;
2bc6 : 03455A63;
2bc7 : 0009A783;
2bc8 : 869366CD;
2bc9 : 97133246;
2bca : 993A0027;
2bcb : 00092703;
2bcc : 45954605;
2bcd : 3A458522;
2bce : 50B254FD;
2bcf : 59025422;
2bd0 : 4A6249F2;
2bd1 : 54928526;
2bd2 : 80826145;
2bd3 : 4BFC501C;
2bd4 : 8522CFB5;
2bd5 : 862E9782;
2bd6 : 051385AA;
2bd7 : D0EF1204;
2bd8 : 2783C4FF;
2bd9 : 07131284;
2bda : 28033E80;
2bdb : 989312C4;
2bdc : D8930107;
2bdd : 88B30108;
2bde : A70302E8;
2bdf : 83C10009;
2be0 : 070A0842;
2be1 : 2703993A;
2be2 : 68330009;
2be3 : 278300F8;
2be4 : 66CD1204;
2be5 : D893C03A;
2be6 : 87520108;
2be7 : 34468693;
2be8 : 45954605;
2be9 : 32818522;
2bea : 9A634785;
2beb : 078300F4;
2bec : 07131274;
2bed : F7930800;
2bee : 80E30C07;
2bef : 2783F8E7;
2bf0 : 07853304;
2bf1 : 32F42823;
2bf2 : BF854481;
2bf3 : 19842583;
2bf4 : 19C42603;
2bf5 : 4118B759;
2bf6 : 1E634799;
2bf7 : 65C50EF7;
2bf8 : 85937179;
2bf9 : D422AA45;
2bfa : 842AD226;
2bfb : CE4ED04A;
2bfc : 4924CC52;
2bfd : 0993D606;
2bfe : D0EF1105;
2bff : 501CE93F;
2c00 : 11845A03;
2c01 : 4FBC892A;
2c02 : E3E14581;
2c03 : 28042583;
2c04 : 28442703;
2c05 : 3B9AD6B7;
2c06 : A0068693;
2c07 : 02D587B3;
2c08 : 28C42603;
2c09 : 02D70733;
2c0a : 02D5B6B3;
2c0b : 07429736;
2c0c : 0107D693;
2c0d : 26838F55;
2c0e : 07C22884;
2c0f : 96BE9732;
2c10 : 00F6B5B3;
2c11 : 41468A33;
2c12 : B6B395BA;
2c13 : 8D950146;
2c14 : 40EF8552;
2c15 : 57831020;
2c16 : 570329A4;
2c17 : C48829A4;
2c18 : 832107A2;
2c19 : 9F238FD9;
2c1a : C4CC00F4;
2c1b : 85CE8526;
2c1c : E8DFD0EF;
2c1d : 05934621;
2c1e : 85132904;
2c1f : E0EF02C4;
2c20 : 5783ED4F;
2c21 : 57032984;
2c22 : 46952984;
2c23 : 832107A2;
2c24 : 9A238FD9;
2c25 : 460102F4;
2c26 : 852285CA;
2c27 : ED093581;
2c28 : 5B9C501C;
2c29 : 8522C399;
2c2a : 46199782;
2c2b : 09440593;
2c2c : 09A40513;
2c2d : E9EFE0EF;
2c2e : 542250B2;
2c2f : 59025492;
2c30 : 4A6249F2;
2c31 : 61454501;
2c32 : 85228082;
2c33 : 9782C62E;
2c34 : FD0D45B2;
2c35 : 4501BFB5;
2c36 : 11018082;
2c37 : 17852783;
2c38 : 4920CC22;
2c39 : C84ACA26;
2c3a : CE06C64E;
2c3b : 0107A983;
2c3c : 00044783;
2c3d : 84AA892E;
2c3e : E7939BC1;
2c3f : 002300C7;
2c40 : 479500F4;
2c41 : 02F40023;
2c42 : 07F00793;
2c43 : 02F400A3;
2c44 : 4621595C;
2c45 : 02240513;
2c46 : E0EF4B8C;
2c47 : 58DCE38F;
2c48 : 57834B98;
2c49 : 57030087;
2c4a : 07A20087;
2c4b : 8FD98321;
2c4c : 02F41523;
2c4d : 30000793;
2c4e : 02F41623;
2c4f : 182347A1;
2c50 : 77F902F4;
2c51 : E3078793;
2c52 : 02F41923;
2c53 : 1AD00793;
2c54 : 00895713;
2c55 : 02F41A23;
2c56 : 00891793;
2c57 : 1B238FD9;
2c58 : 678502F4;
2c59 : 00378713;
2c5a : 02E90C63;
2c5b : 05630791;
2c5c : 47A106F9;
2c5d : 03078593;
2c5e : 0185D693;
2c5f : 00859713;
2c60 : 07A28F55;
2c61 : 00E41123;
2c62 : 02F41723;
2c63 : 40F24462;
2c64 : 49B24942;
2c65 : 44D28526;
2c66 : 460146A1;
2c67 : BB3D6105;
2c68 : 1784A783;
2c69 : 0309C703;
2c6a : C7834B94;
2c6b : CF110406;
2c6c : 5EC807A2;
2c6d : 02F41C23;
2c6e : 769030EF;
2c6f : 02A41D23;
2c70 : 1E238141;
2c71 : 47B902A4;
2c72 : E793B775;
2c73 : 97131007;
2c74 : 83A10087;
2c75 : BFF18FD9;
2c76 : 0109A503;
2c77 : 745030EF;
2c78 : A503DC08;
2c79 : 30EF00C9;
2c7a : DC4873B0;
2c7b : 0189A503;
2c7c : 731030EF;
2c7d : A503C028;
2c7e : 30EF0149;
2c7f : C0687270;
2c80 : BF8D47E1;
2c81 : 17852783;
2c82 : C2261141;
2c83 : C4224B84;
2c84 : C703C606;
2c85 : 478502E4;
2c86 : 0163842A;
2c87 : 852202F7;
2c88 : EF3FD0EF;
2c89 : 10100793;
2c8a : 0004A223;
2c8b : 00F49423;
2c8c : 442240B2;
2c8d : 45014492;
2c8e : 80820141;
2c8f : 05956585;
2c90 : DD713D69;
2c91 : 67C5B7F5;
2c92 : 00259713;
2c93 : A6878793;
2c94 : 97BA1141;
2c95 : A903C04A;
2c96 : C2261647;
2c97 : 17C52483;
2c98 : C42266CD;
2c99 : 842E874A;
2c9a : 36C68693;
2c9b : 45914605;
2c9c : F0EFC606;
2c9d : 80A3E74F;
2c9e : 40B20684;
2c9f : A2234422;
2ca0 : 44920724;
2ca1 : 01414902;
2ca2 : 27038082;
2ca3 : 47853405;
2ca4 : 02F71563;
2ca5 : C4221141;
2ca6 : 842AC606;
2ca7 : 02050423;
2ca8 : 45814D08;
2ca9 : 03800613;
2caa : E0EF0541;
2cab : 8522B5AF;
2cac : 40B24422;
2cad : 01414581;
2cae : 8082B779;
2caf : 715DB7F9;
2cb0 : 64D1C2A6;
2cb1 : 8493C686;
2cb2 : C0CA5B04;
2cb3 : DA56DC52;
2cb4 : D462D65E;
2cb5 : DE4EC4A2;
2cb6 : D266D85A;
2cb7 : CE6ED06A;
2cb8 : 0184AD03;
2cb9 : 60EF48C0;
2cba : 559397BF;
2cbb : F0EF41F5;
2cbc : 8C2A93CF;
2cbd : 892E4CC8;
2cbe : 55936AD5;
2cbf : F0EF41F5;
2cc0 : 8A2A92CF;
2cc1 : 8BAE5088;
2cc2 : D08A8493;
2cc3 : 41F55593;
2cc4 : 91AFF0EF;
2cc5 : D08A8793;
2cc6 : 1B87A823;
2cc7 : 1B27AA23;
2cc8 : 400007B7;
2cc9 : 073797EA;
2cca : 60638000;
2ccb : 89AA0EF7;
2ccc : 93638B2E;
2ccd : E87100E7;
2cce : 1904C783;
2ccf : 5793CBC9;
2cd0 : A02341FD;
2cd1 : A4233284;
2cd2 : 8C3D1884;
2cd3 : 40F40DB3;
2cd4 : 01A7CCB3;
2cd5 : 01B43433;
2cd6 : 40FC8CB3;
2cd7 : 408C8CB3;
2cd8 : 01FC9793;
2cd9 : 001DD413;
2cda : D9138C5D;
2cdb : 8622401C;
2cdc : 856E86CA;
2cdd : A22385E6;
2cde : A62333A4;
2cdf : AC0319A4;
2ce0 : D0EF1784;
2ce1 : 979397FF;
2ce2 : 561301F5;
2ce3 : 8E5D0015;
2ce4 : 0015D693;
2ce5 : 48094705;
2ce6 : 6163E2F1;
2ce7 : 5A630CC8;
2ce8 : 37B3000D;
2ce9 : 09330080;
2cea : 09334120;
2ceb : 043340F9;
2cec : A5034080;
2ced : A5833104;
2cee : 28233144;
2cef : 2A23028C;
2cf0 : F0EF032C;
2cf1 : A023868F;
2cf2 : A22318A4;
2cf3 : A50318B4;
2cf4 : A5833004;
2cf5 : F0EF3044;
2cf6 : 9A2A854F;
2cf7 : 35339BAE;
2cf8 : 955E00AA;
2cf9 : 18A4AE23;
2cfa : 30C4A583;
2cfb : 3084A503;
2cfc : 1944AC23;
2cfd : 836FF0EF;
2cfe : B53399AA;
2cff : 9B2E00A9;
2d00 : A023955A;
2d01 : A2231B34;
2d02 : 45811AA4;
2d03 : C0EF4501;
2d04 : 67D1D61F;
2d05 : 64A7A423;
2d06 : 001007B7;
2d07 : 41C7A703;
2d08 : 440567D1;
2d09 : D08A8513;
2d0a : 74E7A623;
2d0b : 80234785;
2d0c : C0802AF4;
2d0d : 67D13D99;
2d0e : 8A2340B6;
2d0f : 44266687;
2d10 : 49064496;
2d11 : 5A6259F2;
2d12 : 5B425AD2;
2d13 : 5C225BB2;
2d14 : 5D025C92;
2d15 : 45014DF2;
2d16 : 80826161;
2d17 : 040D4363;
2d18 : 07B3CB1D;
2d19 : 35B340C4;
2d1a : 093300F4;
2d1b : 843E40D9;
2d1c : 40B90933;
2d1d : 00174713;
2d1e : 85E6856E;
2d1f : D0EFC63A;
2d20 : 9793883F;
2d21 : 561301F5;
2d22 : 47320015;
2d23 : D6938E5D;
2d24 : 48090015;
2d25 : 9432B711;
2d26 : 00C437B3;
2d27 : 993E9936;
2d28 : 0593BFD1;
2d29 : B7B30016;
2d2a : 97B600C5;
2d2b : 35B3942E;
2d2c : 993E00B4;
2d2d : B7C9992E;
2d2e : 4785C901;
2d2f : 00F50863;
2d30 : C50367D1;
2d31 : 80826747;
2d32 : 97EFF06F;
2d33 : 6555BBCD;
2d34 : 05131101;
2d35 : CC22C785;
2d36 : C84ACA26;
2d37 : C64ECE06;
2d38 : 60EF6951;
2d39 : 2783FA4F;
2d3a : 64D17209;
2d3b : 8493842A;
2d3c : E39D5504;
2d3d : 4501C53D;
2d3e : 93EF90EF;
2d3f : 478533C9;
2d40 : 00F48623;
2d41 : 20234505;
2d42 : 40F27289;
2d43 : 44D24462;
2d44 : 49B24942;
2d45 : 80826105;
2d46 : E521478D;
2d47 : 86234789;
2d48 : F0EF00F4;
2d49 : 67D1924F;
2d4a : 6CC7C783;
2d4b : 17FD4985;
2d4c : 0FF7F793;
2d4d : FCF9E8E3;
2d4e : 851364D1;
2d4f : 45855704;
2d50 : F00FD0EF;
2d51 : 57048493;
2d52 : 47095C9C;
2d53 : 9BE34394;
2d54 : A023FAE6;
2d55 : 46050137;
2d56 : 45094581;
2d57 : 9E4F70EF;
2d58 : 8623B755;
2d59 : 450100F4;
2d5a : 2783BF79;
2d5b : 71791785;
2d5c : 4B84D226;
2d5d : CE4ED04A;
2d5e : D60640D8;
2d5f : CC52D422;
2d60 : 892E47A1;
2d61 : EA6389B2;
2d62 : 411800E7;
2d63 : 06634785;
2d64 : 270300F7;
2d65 : 04633405;
2d66 : A22300F7;
2d67 : 409C0004;
2d68 : 644540D8;
2d69 : A6840413;
2d6a : 40E78A33;
2d6b : 01403A33;
2d6c : 02E78763;
2d6d : 078A070A;
2d6e : 00E406B3;
2d6f : 00F40733;
2d70 : 17C72703;
2d71 : 17C6A783;
2d72 : 869366CD;
2d73 : 460937C6;
2d74 : C62A4589;
2d75 : B12FF0EF;
2d76 : 453240DC;
2d77 : 409CC09C;
2d78 : 549250B2;
2d79 : 943E078A;
2d7a : 1A042303;
2d7b : 86D25422;
2d7c : 4A62864E;
2d7d : 85CA49F2;
2d7e : 61455902;
2d7f : 11418302;
2d80 : 4D04C226;
2d81 : C422C606;
2d82 : 842AC04A;
2d83 : 17C52903;
2d84 : B36FF0EF;
2d85 : 03800613;
2d86 : 85134581;
2d87 : D0EF0104;
2d88 : D0EFFE7F;
2d89 : 44DCDB8F;
2d8a : 5563C888;
2d8b : E53300F5;
2d8c : C4C802A7;
2d8d : 00C4A803;
2d8e : 66CD6745;
2d8f : C2C70713;
2d90 : 39C68693;
2d91 : 0793460D;
2d92 : 45910410;
2d93 : F0EF8522;
2d94 : 44C8A98F;
2d95 : A9FFD0EF;
2d96 : 06094783;
2d97 : 07090593;
2d98 : E7938522;
2d99 : 00230017;
2d9a : 5C5C06F9;
2d9b : 978247DC;
2d9c : 85224785;
2d9d : 00F48A23;
2d9e : 36F14585;
2d9f : 442240B2;
2da0 : 49024492;
2da1 : 01414501;
2da2 : 11418082;
2da3 : 2483C226;
2da4 : C6063405;
2da5 : 4785C422;
2da6 : 00F49863;
2da7 : 3785842A;
2da8 : C3994C1C;
2da9 : 00978B23;
2daa : 442240B2;
2dab : 45014492;
2dac : 80820141;
2dad : 17852783;
2dae : CA261101;
2daf : 19852703;
2db0 : 27834B84;
2db1 : C84A19C5;
2db2 : 3E800913;
2db3 : 02E90833;
2db4 : CC22CE06;
2db5 : C452C64E;
2db6 : 29836A4D;
2db7 : 06930185;
2db8 : 46053B8A;
2db9 : 37334589;
2dba : A62302E9;
2dbb : 842A0104;
2dbc : 02F907B3;
2dbd : 674D97BA;
2dbe : 0713C89C;
2dbf : F0EF09C7;
2dc0 : 44C89E8F;
2dc1 : 8613488C;
2dc2 : E0EF0689;
2dc3 : 2703EADF;
2dc4 : 26831A04;
2dc5 : 26031B04;
2dc6 : 25831A44;
2dc7 : 96BA1B44;
2dc8 : 00E6B7B3;
2dc9 : 00B60733;
2dca : 083397BA;
2dcb : 674D02D9;
2dcc : 0A470713;
2dcd : 46058522;
2dce : 07B34589;
2dcf : AA2302F9;
2dd0 : 39330104;
2dd1 : 069302D9;
2dd2 : 97CA3B8A;
2dd3 : F0EFCC9C;
2dd4 : 48C8998F;
2dd5 : 86134C8C;
2dd6 : E0EF0789;
2dd7 : 4799E5DF;
2dd8 : 6585C0DC;
2dd9 : 88234785;
2dda : 852202F4;
2ddb : 32B5058D;
2ddc : 020487A3;
2ddd : 446240F2;
2dde : 494244D2;
2ddf : 4A2249B2;
2de0 : 61054501;
2de1 : 27838082;
2de2 : 4B981785;
2de3 : 03874783;
2de4 : 1141C38D;
2de5 : 17FDC606;
2de6 : 0C2366CD;
2de7 : 869302F7;
2de8 : 46053D06;
2de9 : F0EF4589;
2dea : 40B2940F;
2deb : 01414505;
2dec : 45018082;
2ded : 27838082;
2dee : 11011785;
2def : 66CD6745;
2df0 : 0713C84A;
2df1 : 892EC3C7;
2df2 : 3E468693;
2df3 : 45894609;
2df4 : CA26CC22;
2df5 : 4B84CE06;
2df6 : C452C64E;
2df7 : 842AC256;
2df8 : 906FF0EF;
2df9 : 03095783;
2dfa : 4C1CC7CD;
2dfb : 03295403;
2dfc : 00690A93;
2dfd : 0167C703;
2dfe : 00347993;
2dff : 04E48A13;
2e00 : 85D2EF15;
2e01 : D0EF8556;
2e02 : 4785EA5F;
2e03 : D783E505;
2e04 : 56030584;
2e05 : 46850009;
2e06 : 00178713;
2e07 : 83410742;
2e08 : 00E60863;
2e09 : 07C20789;
2e0a : 8F9183C1;
2e0b : 0017B693;
2e0c : 8F954785;
2e0d : 00099E63;
2e0e : A029CB91;
2e0f : 00078B23;
2e10 : 00099963;
2e11 : 47894CF8;
2e12 : 06F71663;
2e13 : A0314401;
2e14 : 4CF8C789;
2e15 : 18634785;
2e16 : 771304F7;
2e17 : 37B30034;
2e18 : 812300E0;
2e19 : 579304F4;
2e1a : 80090034;
2e1b : 88058B85;
2e1c : 00F484A3;
2e1d : 048481A3;
2e1e : 04E480A3;
2e1f : 85D64629;
2e20 : D0EF8552;
2e21 : 5783ED1F;
2e22 : 9C230009;
2e23 : 182304F4;
2e24 : 40F20209;
2e25 : 44D24462;
2e26 : 49B24942;
2e27 : 4A924A22;
2e28 : 61054501;
2e29 : 77138082;
2e2a : 44090014;
2e2b : CCFCD75D;
2e2c : B765844E;
2e2d : BF59CCFC;
2e2e : D7831141;
2e2f : C04A0025;
2e30 : 0025D903;
2e31 : 674583A1;
2e32 : 66CD0922;
2e33 : 00F96933;
2e34 : C226C422;
2e35 : 3E468693;
2e36 : 84B2842E;
2e37 : C4870713;
2e38 : 45894609;
2e39 : 0942C606;
2e3a : FFFFE0EF;
2e3b : 01095913;
2e3c : 04D00793;
2e3d : F8634681;
2e3e : 57830B27;
2e3f : 57030404;
2e40 : 07A20404;
2e41 : 8FD98321;
2e42 : 83C107C2;
2e43 : 9C63470D;
2e44 : 578308E7;
2e45 : 57030464;
2e46 : 56030464;
2e47 : 07A20444;
2e48 : 8FD98321;
2e49 : 04445703;
2e4a : 07C28221;
2e4b : 8F510722;
2e4c : 83C10742;
2e4d : D6138341;
2e4e : 07220087;
2e4f : 06378F51;
2e50 : 06130008;
2e51 : 10630306;
2e52 : 570306C7;
2e53 : 56030484;
2e54 : 07A20484;
2e55 : 82210722;
2e56 : 07428F51;
2e57 : 56138341;
2e58 : 8FD10087;
2e59 : 663907C2;
2e5a : 061383C1;
2e5b : 9C63EAD6;
2e5c : 771302C7;
2e5d : 47850FF7;
2e5e : 02F71763;
2e5f : 04A45783;
2e60 : 04A45703;
2e61 : 832107A2;
2e62 : 07C28FD9;
2e63 : 670983C1;
2e64 : 00E79B63;
2e65 : 04C45683;
2e66 : 04C45783;
2e67 : 83A106A2;
2e68 : 06C28EDD;
2e69 : 40B282C1;
2e6a : 47854422;
2e6b : 02F49323;
2e6c : 02D49423;
2e6d : 44924902;
2e6e : 80820141;
2e6f : 66CD6745;
2e70 : 07131141;
2e71 : 8693C5C7;
2e72 : 46093E46;
2e73 : C4224589;
2e74 : 842AC606;
2e75 : F13FE0EF;
2e76 : 17842783;
2e77 : 04000513;
2e78 : 47894B94;
2e79 : 02D6C703;
2e7a : 06F70263;
2e7b : 6715483C;
2e7c : E0070713;
2e7d : 00E79123;
2e7e : 30000713;
2e7f : 04E79023;
2e80 : 07136705;
2e81 : 9123A007;
2e82 : 472104E7;
2e83 : 04E79223;
2e84 : 07137779;
2e85 : 9323E307;
2e86 : 071304E7;
2e87 : 94231AD0;
2e88 : 071304E7;
2e89 : 95230200;
2e8a : C60304E7;
2e8b : C7030306;
2e8c : C21902D6;
2e8d : 00476713;
2e8e : 0086C683;
2e8f : 6713C299;
2e90 : 07220087;
2e91 : 04E79623;
2e92 : 04E00513;
2e93 : 442240B2;
2e94 : 80820141;
2e95 : 66CD6745;
2e96 : 07131141;
2e97 : 8693C707;
2e98 : 46093E46;
2e99 : C4224589;
2e9a : 842AC606;
2e9b : E7BFE0EF;
2e9c : 34042703;
2e9d : 85224785;
2e9e : 00F71963;
2e9f : E72FE0EF;
2ea0 : 442240B2;
2ea1 : 01414505;
2ea2 : 60EF8082;
2ea3 : BFCDDC0F;
2ea4 : 66CD6745;
2ea5 : 07131141;
2ea6 : 8693C847;
2ea7 : 46093E46;
2ea8 : C4224589;
2ea9 : 842AC606;
2eaa : E3FFE0EF;
2eab : 34042703;
2eac : 85224785;
2ead : 00F71963;
2eae : E36FE0EF;
2eaf : 442240B2;
2eb0 : 01414505;
2eb1 : 60EF8082;
2eb2 : BFCDD84F;
2eb3 : 67511141;
2eb4 : C42266CD;
2eb5 : 54070713;
2eb6 : 8693842A;
2eb7 : 45013E46;
2eb8 : 45894609;
2eb9 : E0EFC606;
2eba : 2783E01F;
2ebb : 470D1784;
2ebc : 4B9C4501;
2ebd : 02E786A3;
2ebe : 442240B2;
2ebf : 80820141;
2ec0 : 66CD6751;
2ec1 : 07131141;
2ec2 : 86935387;
2ec3 : 46093E46;
2ec4 : C6064589;
2ec5 : 842AC422;
2ec6 : DCFFE0EF;
2ec7 : 852245AD;
2ec8 : CEBFE0EF;
2ec9 : 00052023;
2eca : 222357FD;
2ecb : 458124F4;
2ecc : C0EF8522;
2ecd : 4785E29F;
2ece : 32F42E23;
2ecf : C70367D1;
2ed0 : 47916CC7;
2ed1 : 00F71463;
2ed2 : C05C47A1;
2ed3 : 442240B2;
2ed4 : 01414501;
2ed5 : 47B18082;
2ed6 : 02F686B3;
2ed7 : C4D2711D;
2ed8 : C8CA6A45;
2ed9 : 0593892E;
2eda : CE86A68A;
2edb : CAA6CCA2;
2edc : C6CE96AE;
2edd : 0076C783;
2ede : 0713777D;
2edf : 1C237887;
2ee0 : 471900E1;
2ee1 : 02E787B3;
2ee2 : 85935564;
2ee3 : 842A22C5;
2ee4 : 006889B2;
2ee5 : 95BE4619;
2ee6 : BBBFD0EF;
2ee7 : 86CE1018;
2ee8 : 8526864A;
2ee9 : B0EF006C;
2eea : 5782B9AF;
2eeb : 56725692;
2eec : 12F42023;
2eed : 222357A2;
2eee : 84AA12D4;
2eef : 4107D893;
2ef0 : 242307C2;
2ef1 : 262312F4;
2ef2 : 07131314;
2ef3 : EA01A68A;
2ef4 : 8289068A;
2ef5 : 8F000637;
2ef6 : 22238ED1;
2ef7 : 280312D4;
2ef8 : 83C11204;
2ef9 : 66CD08C2;
2efa : 00F8E8B3;
2efb : 24070713;
2efc : 869387A6;
2efd : 46093F06;
2efe : 85224595;
2eff : CEBFE0EF;
2f00 : C70367D1;
2f01 : 47916CC7;
2f02 : 02F71863;
2f03 : 12842783;
2f04 : 3E800713;
2f05 : 12C42603;
2f06 : 01079693;
2f07 : 86B382C1;
2f08 : 258302E6;
2f09 : 06421204;
2f0a : 654D83C1;
2f0b : 05138E5D;
2f0c : 82C14105;
2f0d : 810F80EF;
2f0e : 02905363;
2f0f : A78367D1;
2f10 : 505871C7;
2f11 : 83D18FD9;
2f12 : CB918BB9;
2f13 : 0693654D;
2f14 : 864E1204;
2f15 : 051385CA;
2f16 : D0EF4205;
2f17 : 40F6C5DF;
2f18 : 49464466;
2f19 : 4A2649B6;
2f1a : 44D68526;
2f1b : 80826125;
2f1c : 67451141;
2f1d : C42266CD;
2f1e : 842E87AE;
2f1f : CB870713;
2f20 : 42868693;
2f21 : 45994605;
2f22 : E0EFC606;
2f23 : C815C5DF;
2f24 : 41F45693;
2f25 : 0076F793;
2f26 : 37B3943E;
2f27 : 073700F4;
2f28 : 97B60010;
2f29 : 30072A23;
2f2a : 800D07F6;
2f2b : 30072C23;
2f2c : 28238C5D;
2f2d : 27833087;
2f2e : E7933007;
2f2f : 20230047;
2f30 : 40B230F7;
2f31 : 45014422;
2f32 : 80820141;
2f33 : C4221141;
2f34 : C606C226;
2f35 : 84AE842A;
2f36 : 6745CE01;
2f37 : 87B266CD;
2f38 : CD070713;
2f39 : 43468693;
2f3a : 45994605;
2f3b : BFBFE0EF;
2f3c : 44228522;
2f3d : 85A640B2;
2f3e : 01414492;
2f3f : C1B5BF95;
2f40 : 419C41D8;
2f41 : A8034590;
2f42 : 114100C5;
2f43 : 06B7C606;
2f44 : AA230010;
2f45 : 771330F6;
2f46 : AC230FF7;
2f47 : 159330E6;
2f48 : 571300D8;
2f49 : 8F4D0136;
2f4a : 830D070E;
2f4b : 30E6A823;
2f4c : 3006A703;
2f4d : 08428241;
2f4e : 67139B4D;
2f4f : A0230087;
2f50 : 674530E6;
2f51 : 683366CD;
2f52 : 071300C8;
2f53 : 8693CE47;
2f54 : 46054606;
2f55 : E0EF4599;
2f56 : 40B2B91F;
2f57 : 01414501;
2f58 : 45018082;
2f59 : 11018082;
2f5a : CA26CC22;
2f5b : 84AA842E;
2f5c : 0028004C;
2f5d : 60EFCE06;
2f5e : 4732EF1F;
2f5f : 47A24812;
2f60 : 5713C058;
2f61 : C4580108;
2f62 : 01081713;
2f63 : 6751C418;
2f64 : 71C72703;
2f65 : 8B05C01C;
2f66 : 6745EF01;
2f67 : 071366CD;
2f68 : 8693CF47;
2f69 : 46094606;
2f6a : 85264599;
2f6b : B3BFE0EF;
2f6c : 446240F2;
2f6d : 450144D2;
2f6e : 80826105;
2f6f : 06936745;
2f70 : 8693A687;
2f71 : 478129C6;
2f72 : 07134805;
2f73 : 0313A687;
2f74 : 4E190800;
2f75 : 00C878B3;
2f76 : 02088463;
2f77 : 0006D883;
2f78 : 888398AA;
2f79 : F8930078;
2f7a : 9B630C08;
2f7b : 41940068;
2f7c : 00168613;
2f7d : 4615C190;
2f7e : 02D64263;
2f7f : 80824505;
2f80 : FFF84893;
2f81 : 76330785;
2f82 : 08060116;
2f83 : 01C78463;
2f84 : F2690689;
2f85 : 0005A023;
2f86 : 80824501;
2f87 : 114166CD;
2f88 : 07130785;
2f89 : 86932A87;
2f8a : 46054706;
2f8b : C6064591;
2f8c : AB7FE0EF;
2f8d : 450540B2;
2f8e : 80820141;
2f8f : 711D65D1;
2f90 : 8593460D;
2f91 : CCA27645;
2f92 : C6CECAA6;
2f93 : 17C52483;
2f94 : C8CACE86;
2f95 : C2D6C4D2;
2f96 : DE5EC0DA;
2f97 : DA66DC62;
2f98 : D66ED86A;
2f99 : 3F99842A;
2f9a : 1F634981;
2f9b : 65D12C05;
2f9c : 463D89AA;
2f9d : 76058593;
2f9e : 29038522;
2f9f : 3F3D17C4;
2fa0 : 2C051463;
2fa1 : 505C6AD1;
2fa2 : 71CAA703;
2fa3 : 08090B13;
2fa4 : 09090993;
2fa5 : 83C18FD9;
2fa6 : 0A138BB9;
2fa7 : 0B930A09;
2fa8 : C3AD0B09;
2fa9 : E0EF855A;
2faa : 66CD898F;
2fab : 8693872A;
2fac : 46094886;
2fad : 85224591;
2fae : A2FFE0EF;
2faf : E0EF854E;
2fb0 : 66CD880F;
2fb1 : 8693872A;
2fb2 : 46094946;
2fb3 : 85224591;
2fb4 : A17FE0EF;
2fb5 : E0EF8552;
2fb6 : 66CD868F;
2fb7 : 8693872A;
2fb8 : 46094A06;
2fb9 : 85224591;
2fba : 9FFFE0EF;
2fbb : E0EF855E;
2fbc : 66CD850F;
2fbd : 8693872A;
2fbe : 46094AC6;
2fbf : 85224591;
2fc0 : 9E7FE0EF;
2fc1 : 85DE4641;
2fc2 : D0EF850A;
2fc3 : 85DA849F;
2fc4 : E0EF850A;
2fc5 : 46419A4F;
2fc6 : 080885D2;
2fc7 : 837FD0EF;
2fc8 : 080885CE;
2fc9 : 992FE0EF;
2fca : 02090913;
2fcb : 858A4641;
2fcc : D0EF854A;
2fcd : 854A821F;
2fce : E0EF080C;
2fcf : 8B9397CF;
2fd0 : 855E0204;
2fd1 : 8CCFE0EF;
2fd2 : 19044703;
2fd3 : 01F59793;
2fd4 : 00155993;
2fd5 : 0137E9B3;
2fd6 : 4015D913;
2fd7 : 17842783;
2fd8 : 20070463;
2fd9 : 85CA854E;
2fda : 0347AD83;
2fdb : 0307AC03;
2fdc : CBAFE0EF;
2fdd : 41F5D793;
2fde : C8338D3D;
2fdf : 063300B7;
2fe0 : 083340F5;
2fe1 : D79340F8;
2fe2 : 8A2E41FD;
2fe3 : 0187C5B3;
2fe4 : 00C536B3;
2fe5 : 01B7C733;
2fe6 : 40F58533;
2fe7 : 00A5B5B3;
2fe8 : 40F707B3;
2fe9 : 40D806B3;
2fea : 40B785B3;
2feb : D55FC0EF;
2fec : 01FA5A13;
2fed : 01FDD713;
2fee : 18042B03;
2fef : 18442D03;
2ff0 : 17842C83;
2ff1 : 86AE87AA;
2ff2 : 00EA0A63;
2ff3 : 00A036B3;
2ff4 : 40B005B3;
2ff5 : 40A007B3;
2ff6 : 40D586B3;
2ff7 : BB3397DA;
2ff8 : 05B30167;
2ff9 : 9B2E00DD;
2ffa : 00FCAC23;
2ffb : 016CAE23;
2ffc : 17842783;
2ffd : 03048B13;
2ffe : 05048A13;
2fff : 4FCC4F88;
3000 : FBFFD0EF;
3001 : 954E87AA;
3002 : 00F537B3;
3003 : 95BE95CA;
3004 : E0EF865A;
3005 : 4641CC6F;
3006 : 08048593;
3007 : D0EF8552;
3008 : 8593F34F;
3009 : 85520904;
300a : 88EFE0EF;
300b : 855285DA;
300c : B4DFC0EF;
300d : 47A54018;
300e : 02F71F63;
300f : 48B0585C;
3010 : 3B9AD6B7;
3011 : 48FC47CC;
3012 : A0068693;
3013 : 02D60733;
3014 : 02D787B3;
3015 : 02D636B3;
3016 : 97B64CF0;
3017 : 569307C2;
3018 : 8FD50107;
3019 : 07424CB4;
301a : 96BA97B2;
301b : 00E6B733;
301c : C59497BA;
301d : 8493C5DC;
301e : 86260404;
301f : 85CA854E;
3020 : C58FE0EF;
3021 : 85CA854E;
3022 : BA2FE0EF;
3023 : 47A54018;
3024 : 00F71663;
3025 : 47DC585C;
3026 : CBCCCB88;
3027 : 71CAA783;
3028 : 49855058;
3029 : 83C18FD9;
302a : CFD98BB9;
302b : D0EF855E;
302c : 66CDE91F;
302d : 8693872A;
302e : 46094B86;
302f : 85224591;
3030 : 827FE0EF;
3031 : D0EF855A;
3032 : 66CDE79F;
3033 : 8693872A;
3034 : 46094D06;
3035 : 85224591;
3036 : 80FFE0EF;
3037 : 17842783;
3038 : 4F884FCC;
3039 : DD3FD0EF;
303a : 872A66CD;
303b : 4E868693;
303c : 45914609;
303d : E0EF8522;
303e : 2783FF0F;
303f : 5BCC1784;
3040 : D0EF5B88;
3041 : 66CDD13F;
3042 : 8693872A;
3043 : 46095046;
3044 : 85224591;
3045 : FD2FE0EF;
3046 : D0EF8526;
3047 : 66CDE25F;
3048 : 8693872A;
3049 : 46095206;
304a : 85224591;
304b : FBAFE0EF;
304c : D0EF8552;
304d : 66CDE0DF;
304e : 8693872A;
304f : 46095386;
3050 : 85224591;
3051 : FA2FE0EF;
3052 : 446640F6;
3053 : 494644D6;
3054 : 4A964A26;
3055 : 5BF24B06;
3056 : 5CD25C62;
3057 : 5DB25D42;
3058 : 49B6854E;
3059 : 80826125;
305a : 18042603;
305b : 18442683;
305c : CFD4CF90;
305d : 711DBDB5;
305e : 2403CCA2;
305f : CE8617C5;
3060 : C8CACAA6;
3061 : C4D2C6CE;
3062 : C0DAC2D6;
3063 : DC62DE5E;
3064 : 4783DA66;
3065 : EF990634;
3066 : 40F64501;
3067 : 44D64466;
3068 : 49B64946;
3069 : 4A964A26;
306a : 5BF24B06;
306b : 5CD25C62;
306c : 80826125;
306d : 65D1892E;
306e : 060401A3;
306f : 85934631;
3070 : 84AA7685;
3071 : F9693EE5;
3072 : 85934641;
3073 : 05130C84;
3074 : D0EF0A04;
3075 : 0513D80F;
3076 : 46410B04;
3077 : 0D848593;
3078 : D72FD0EF;
3079 : A4038526;
307a : 398917C4;
307b : 2A050663;
307c : 4078403C;
307d : 91638FD9;
307e : 2A832A07;
307f : 2B0301C4;
3080 : 443C0184;
3081 : 04C42C03;
3082 : 01504B63;
3083 : 000A9463;
3084 : 000B1763;
3085 : 220C4563;
3086 : 2A23C81C;
3087 : 58DC0184;
3088 : 01042A03;
3089 : 01442983;
308a : 0C9343DC;
308b : 9B8303F0;
308c : 86330247;
308d : 8552417C;
308e : 20EF85CE;
308f : 8D4D64B0;
3090 : 20051563;
3091 : 4505865E;
3092 : 20EF4581;
3093 : 862A6030;
3094 : C663872E;
3095 : 96630155;
3096 : 746300BA;
3097 : CC080165;
3098 : 4C54CC4C;
3099 : C6634C1C;
309a : 1B6300E6;
309b : F96300D7;
309c : 871300C7;
309d : 37B30017;
309e : 97B600F7;
309f : CC5CCC18;
30a0 : 000C5863;
30a1 : 1C09C563;
30a2 : 05442423;
30a3 : 05342623;
30a4 : 09B3450D;
30a5 : 44780335;
30a6 : 06B3443C;
30a7 : 35330345;
30a8 : 99AA0345;
30a9 : 00E9C663;
30aa : 05371463;
30ab : 04F6F263;
30ac : 074283C1;
30ad : 8F5D66CD;
30ae : 55068693;
30af : 45914605;
30b0 : E0EF8526;
30b1 : 4818E24F;
30b2 : 4C504854;
30b3 : 01F75793;
30b4 : 8EDD0686;
30b5 : 07064C1C;
30b6 : 97BA96B2;
30b7 : 00E7B733;
30b8 : 86939736;
30b9 : B7B30017;
30ba : 97BA00F6;
30bb : C47CC434;
30bc : 4C5C4C0C;
30bd : B7134814;
30be : 8F990015;
30bf : 86134858;
30c0 : 87B3FFF5;
30c1 : 100802F6;
30c2 : 02C70733;
30c3 : 873397BA;
30c4 : B6B302C6;
30c5 : 447002C6;
30c6 : 443497B6;
30c7 : 96BA97B2;
30c8 : 00E6B733;
30c9 : D03697BA;
30ca : E0EFD23E;
30cb : 5682858F;
30cc : 40985512;
30cd : C848C814;
30ce : C468C434;
30cf : 106347A5;
30d0 : 58DC04F7;
30d1 : D637402C;
30d2 : A8033B9A;
30d3 : 407C00C7;
30d4 : A0060613;
30d5 : 02C58733;
30d6 : 02C787B3;
30d7 : 02C5B633;
30d8 : 07C297B2;
30d9 : 01075613;
30da : 96BA0742;
30db : B7338FD1;
30dc : 97AA00E6;
30dd : 282397BA;
30de : 2A2300D8;
30df : 4C1800F8;
30e0 : 04040513;
30e1 : D0EFC63A;
30e2 : 4732BB9F;
30e3 : 87AA66CD;
30e4 : 86934605;
30e5 : 45915686;
30e6 : E0EF8526;
30e7 : 483CD4CF;
30e8 : 58D04878;
30e9 : EBD58FD9;
30ea : 4C744C3C;
30eb : 2D000737;
30ec : 8693973E;
30ed : 37B31316;
30ee : 97B600F7;
30ef : 26200693;
30f0 : 08F6ED63;
30f1 : 00D79663;
30f2 : 5A0007B7;
30f3 : 08E7E763;
30f4 : 17C4A703;
30f5 : 4C6C4C28;
30f6 : 4354431C;
30f7 : 0007D837;
30f8 : 37B3953E;
30f9 : 96AE00F5;
30fa : 425C96BE;
30fb : C354C308;
30fc : 02279583;
30fd : 41F5D793;
30fe : 02B80633;
30ff : 02F807B3;
3100 : 02B83833;
3101 : 07C297C2;
3102 : 01065813;
3103 : 00F867B3;
3104 : C9630642;
3105 : 94630CD7;
3106 : 656300F6;
3107 : 08330CA6;
3108 : 07B340C0;
3109 : 363340F0;
310a : 8F9100C0;
310b : 00F6C663;
310c : 0AD79C63;
310d : 0B057A63;
310e : 01072023;
310f : 4781A06D;
3110 : C81C4801;
3111 : 01042A23;
3112 : 1BFDBBD9;
3113 : 4781B3DD;
3114 : C43C4801;
3115 : 05042623;
3116 : 425CBD25;
3117 : 8B854FDC;
3118 : 5CDCFBA5;
3119 : 8526100C;
311a : 978247DC;
311b : 05040593;
311c : C0EF1008;
311d : 5CDCF0AF;
311e : 8526100C;
311f : 97824B9C;
3120 : E0EF8526;
3121 : 543CCC4F;
3122 : 07040593;
3123 : 07858526;
3124 : 5CDCD43C;
3125 : 978247DC;
3126 : 00E34505;
3127 : A503D009;
3128 : 051317C4;
3129 : D0EF0505;
312a : D22EB6BF;
312b : 000F45B7;
312c : 8593D02A;
312d : 10082405;
312e : ECBFD0EF;
312f : 079358C8;
3130 : 57023E80;
3131 : 5AD04154;
3132 : 02C787B3;
3133 : 41F75613;
3134 : 8F118F31;
3135 : 10E7CB63;
3136 : 45855CDC;
3137 : 978257DC;
3138 : B9654505;
3139 : C35CC310;
313a : 00472983;
313b : 00072A03;
313c : 01304663;
313d : 0C099163;
313e : 0A0A0F63;
313f : CE4ECC52;
3140 : D0EF0828;
3141 : 4163E81F;
3142 : 94630330;
3143 : 1D630009;
3144 : 47E2000A;
3145 : 40F006B3;
3146 : 00F03733;
3147 : CC3647F2;
3148 : 40F007B3;
3149 : CE3E8F99;
314a : 05C42983;
314b : 05842A03;
314c : 01304663;
314d : 08099C63;
314e : 080A0A63;
314f : D24ED052;
3150 : 100858DC;
3151 : 958343DC;
3152 : D0EF0207;
3153 : 4163E39F;
3154 : 94630330;
3155 : 1D630009;
3156 : 5782000A;
3157 : 40F006B3;
3158 : 00F03733;
3159 : D0365792;
315a : 40F007B3;
315b : D23E8F99;
315c : 578258D4;
315d : 42D45712;
315e : 467245E2;
315f : 8A854ED4;
3160 : 95BEEE91;
3161 : 00F5B7B3;
3162 : 97BA9732;
3163 : 81C107C2;
3164 : 5CDC8DDD;
3165 : C7314FD8;
3166 : 97028526;
3167 : 17C4A783;
3168 : 869366CD;
3169 : 43985886;
316a : 45914609;
316b : 85268729;
316c : B36FE0EF;
316d : 37B3BDC9;
316e : 07330140;
316f : 06B34130;
3170 : 07B34140;
3171 : CC3640F7;
3172 : BF1DCE3E;
3173 : 014037B3;
3174 : 41300733;
3175 : 414006B3;
3176 : 40F707B3;
3177 : D23ED036;
3178 : 4F9CB785;
3179 : 97828526;
317a : C683BF55;
317b : 99E303E6;
317c : 4695EE06;
317d : 02D7C6B3;
317e : D3E397B6;
317f : 5CDCEEE7;
3180 : 57DC4581;
3181 : 7179BDE9;
3182 : D04AD422;
3183 : D226D606;
3184 : 892E842A;
3185 : 8BCFD0EF;
3186 : 84AAE10D;
3187 : 654D65C5;
3188 : D3058593;
3189 : 5A050513;
318a : E1CF70EF;
318b : 542250B2;
318c : 85265902;
318d : 61455492;
318e : 47838082;
318f : 8B890284;
3190 : 65C5EB99;
3191 : 8593654D;
3192 : 0513D305;
3193 : 70EF5DC5;
3194 : 4481DF6F;
3195 : 5683BFE1;
3196 : 560324C4;
3197 : 8B6329A4;
3198 : 65C500C6;
3199 : 8593654D;
319a : 0513D305;
319b : 70EF6145;
319c : B7C5DD6F;
319d : 854A080C;
319e : C63FC0EF;
319f : 02844783;
31a0 : 0A840513;
31a1 : 9BF5080C;
31a2 : 02F40423;
31a3 : C0EFC62A;
31a4 : 4532CEEF;
31a5 : 28040593;
31a6 : CE4FC0EF;
31a7 : 28842703;
31a8 : 28C42783;
31a9 : 242365D1;
31aa : 262310E4;
31ab : 460D10F4;
31ac : 75C58593;
31ad : F0EF8522;
31ae : FD41F06F;
31af : 539C501C;
31b0 : 8522E789;
31b1 : 987F50EF;
31b2 : 8522B769;
31b3 : 47859782;
31b4 : 00E384AA;
31b5 : 56E3F8F5;
31b6 : BF89FE05;
31b7 : C78367D1;
31b8 : 71196747;
31b9 : DE86D4D2;
31ba : DAA6DCA2;
31bb : D6CED8CA;
31bc : D0DAD2D6;
31bd : CCE2CEDE;
31be : C8EACAE6;
31bf : 4A01C6EE;
31c0 : 4A078863;
31c1 : C70367D1;
31c2 : 47916CC7;
31c3 : 4AF70263;
31c4 : 001007B7;
31c5 : A70366D1;
31c6 : A60341C7;
31c7 : 87937506;
31c8 : 8F114007;
31c9 : 7CF00613;
31ca : 48E67463;
31cb : 69454FDC;
31cc : A6890713;
31cd : A82369CD;
31ce : 071374F6;
31cf : 86933187;
31d0 : 46092A49;
31d1 : 4501458D;
31d2 : 99EFE0EF;
31d3 : 07936451;
31d4 : AA035704;
31d5 : 47190047;
31d6 : A6890913;
31d7 : 004A2783;
31d8 : 57040493;
31d9 : 34E78C63;
31da : 0C100713;
31db : 38E79263;
31dc : 0B934C05;
31dd : A6B12FC9;
31de : 07936B51;
31df : 97E264CB;
31e0 : 87835712;
31e1 : 0B130007;
31e2 : 836364CB;
31e3 : 478936E7;
31e4 : 06F71663;
31e5 : D44F50EF;
31e6 : 001BC783;
31e7 : 0713674D;
31e8 : CB996547;
31e9 : 57042783;
31ea : 05134585;
31eb : 5FDC5704;
31ec : 57DCCA3A;
31ed : 47529782;
31ee : 9B625792;
31ef : 00FB0023;
31f0 : 32070863;
31f1 : D88348D4;
31f2 : C80300CA;
31f3 : C60300BA;
31f4 : C7830056;
31f5 : 458D00AA;
31f6 : C603C632;
31f7 : 45010066;
31f8 : C603C432;
31f9 : C2320076;
31fa : 0086C683;
31fb : C0364605;
31fc : 869366CD;
31fd : E0EF6986;
31fe : ACDD8F0F;
31ff : 004B8793;
3200 : 8793E319;
3201 : C683010B;
3202 : 48D80007;
3203 : 00DA8523;
3204 : 0017C683;
3205 : 008A4603;
3206 : 00D67463;
3207 : 00DA85A3;
3208 : 0027D683;
3209 : 00CA5603;
320a : 00D67463;
320b : 00DA9623;
320c : 0047C683;
320d : 010A2603;
320e : 00D65463;
320f : 00D70423;
3210 : 014A4683;
3211 : C683C689;
3212 : 03A30057;
3213 : 468300D7;
3214 : C689015A;
3215 : 0067C683;
3216 : 00D70323;
3217 : 016A4683;
3218 : C683C689;
3219 : 02A30077;
321a : 479800D7;
321b : 0A33B7B1;
321c : 2783038B;
321d : 45815704;
321e : 9A3E4A81;
321f : 03CA2783;
3220 : 53DC8552;
3221 : 8BAA9782;
3222 : 130A5803;
3223 : 010AC463;
3224 : ACA50B05;
3225 : 006A9D93;
3226 : 034A2503;
3227 : 138D8593;
3228 : CA4295D2;
3229 : E45FC0EF;
322a : 9DD2E91D;
322b : 164DA783;
322c : 134A2703;
322d : 97BA4852;
322e : 417787B3;
322f : 0207D163;
3230 : 87D68552;
3231 : 028C8713;
3232 : 758D0693;
3233 : 458D4605;
3234 : 816FE0EF;
3235 : 855285D6;
3236 : E97FC0EF;
3237 : 0A85B775;
3238 : 4603B765;
3239 : C6092A05;
323a : 00052A03;
323b : 1CDA0063;
323c : 05130785;
323d : AC3D3485;
323e : 34800793;
323f : 02FA88B3;
3240 : 57042783;
3241 : 01178B33;
3242 : 2A0B4703;
3243 : 130B5783;
3244 : C395E71D;
3245 : 8693876E;
3246 : 46092A49;
3247 : 855A458D;
3248 : FC7FD0EF;
3249 : 04000613;
324a : 05134581;
324b : C0EF138B;
324c : 1823CD7F;
324d : 57FD120B;
324e : 12FB1923;
324f : DFE5A0B5;
3250 : 000B2783;
3251 : 06934705;
3252 : 17F9138B;
3253 : 0AF77063;
3254 : 178B0593;
3255 : 57834B81;
3256 : 9A13130B;
3257 : 9A36006B;
3258 : 06F74363;
3259 : 855A85D2;
325a : C0EFCA3E;
325b : 47D2DCDF;
325c : 875ECD25;
325d : 77CC0693;
325e : 458D4605;
325f : D0EF855A;
3260 : 0593F69F;
3261 : 1048010A;
3262 : CBBFD0EF;
3263 : 018A5803;
3264 : 871387AA;
3265 : 06937A4C;
3266 : 460D700D;
3267 : 855A458D;
3268 : F47FD0EF;
3269 : 137B1923;
326a : 132B1583;
326b : 0005CB63;
326c : 8593059A;
326d : 46191705;
326e : 051395DA;
326f : C0EF09AB;
3270 : 0A85D95F;
3271 : 8652A241;
3272 : CE3A855A;
3273 : CA2ECC36;
3274 : B5CFE0EF;
3275 : 46E245D2;
3276 : 53634772;
3277 : 8BBA0005;
3278 : 85930705;
3279 : BF850405;
327a : BF6D5BFD;
327b : 282377C1;
327c : 061312FB;
327d : 45810400;
327e : C0EF8536;
327f : B76DC0BF;
3280 : 03598533;
3281 : 57042A03;
3282 : 15839552;
3283 : 16631325;
3284 : 8A630169;
3285 : 894E0325;
3286 : 8663A03D;
3287 : 07B30365;
3288 : 059A0359;
3289 : 13858593;
328a : 9A3E95AA;
328b : 132A1603;
328c : 0613061A;
328d : 96521386;
328e : AF4FE0EF;
328f : FC054DE3;
3290 : 130A5783;
3291 : 0985DBE9;
3292 : 0A13A20D;
3293 : 07B33480;
3294 : 2A030349;
3295 : 66CD5704;
3296 : 00190713;
3297 : 7C068693;
3298 : 458D4605;
3299 : 85529A3E;
329a : E7FFD0EF;
329b : 132A1983;
329c : 09951048;
329d : 8593099A;
329e : 95D20089;
329f : BC7FD0EF;
32a0 : D80399D2;
32a1 : 674D0109;
32a2 : 87AA66C9;
32a3 : 7A470713;
32a4 : 70068693;
32a5 : 458D460D;
32a6 : D0EF8552;
32a7 : A0F5E4DF;
32a8 : 00B78023;
32a9 : 87930705;
32aa : A8F53487;
32ab : 869366CD;
32ac : 46097E46;
32ad : D0EF458D;
32ae : A8DDE31F;
32af : 0B934C01;
32b0 : 27832E09;
32b1 : 104C5704;
32b2 : 57040513;
32b3 : AA835FDC;
32b4 : 579C0084;
32b5 : 01E39782;
32b6 : 449CCA05;
32b7 : 869366CD;
32b8 : C70365C6;
32b9 : 460500A7;
32ba : 4501458D;
32bb : DFBFD0EF;
32bc : 869366CD;
32bd : 46057406;
32be : 4501458D;
32bf : DEBFD0EF;
32c0 : 0C134B01;
32c1 : 6CC93480;
32c2 : 449C6D4D;
32c3 : 0087D783;
32c4 : D4FB4FE3;
32c5 : 32C90713;
32c6 : 2A498693;
32c7 : 46094501;
32c8 : D0EF458D;
32c9 : 449CDC5F;
32ca : 57042503;
32cb : D7034685;
32cc : 47810087;
32cd : DAE7C7E3;
32ce : 6C4D4A81;
32cf : 6D496CCD;
32d0 : 34890D93;
32d1 : D783449C;
32d2 : C7E30087;
32d3 : 0713DAFA;
32d4 : 86933609;
32d5 : 46092A49;
32d6 : 4501458D;
32d7 : D8BFD0EF;
32d8 : 4981597D;
32d9 : 34800A93;
32da : 449C5B7D;
32db : 0087D783;
32dc : E8F9C8E3;
32dd : 1AE357FD;
32de : 66CDECF9;
32df : 7B468693;
32e0 : 458D4609;
32e1 : D0EF4501;
32e2 : 4C9CD61F;
32e3 : 00F90463;
32e4 : CCDC4785;
32e5 : 57042783;
32e6 : AC234490;
32e7 : 87930124;
32e8 : 470133B7;
32e9 : 56834585;
32ea : 4BE30086;
32eb : 4A05EED7;
32ec : 546650F6;
32ed : 594654D6;
32ee : 5A9659B6;
32ef : 4BF65B06;
32f0 : 4CD64C66;
32f1 : 4DB64D46;
32f2 : 5A268552;
32f3 : 80826109;
32f4 : C4221141;
32f5 : C606C226;
32f6 : 842AC04A;
32f7 : D0EF84AE;
32f8 : 4158C2DF;
32f9 : 196357FD;
32fa : 450100F7;
32fb : 442240B2;
32fc : 49024492;
32fd : 80820141;
32fe : 892A5C5C;
32ff : 53DC4581;
3300 : 97828522;
3301 : 00892703;
3302 : 073387AA;
3303 : 4EE340E5;
3304 : 65C5FC07;
3305 : 8593048E;
3306 : 95A6A685;
3307 : 0B45A703;
3308 : 852266D1;
3309 : 80068693;
330a : 45994605;
330b : CBBFD0EF;
330c : BF6D4505;
330d : D4227179;
330e : CE4ED226;
330f : D04AD606;
3310 : 842E84AA;
3311 : D0EF89B2;
3312 : 4158BC5F;
3313 : 076357FD;
3314 : 892A0CF7;
3315 : 07B34108;
3316 : C5350337;
3317 : 06F05563;
3318 : A70365D1;
3319 : E7117405;
331a : 471858D8;
331b : A0234358;
331c : A60374E5;
331d : 58377405;
331e : 081341C6;
331f : 0633E6D8;
3320 : 668D0306;
3321 : 03968713;
3322 : 06B3963A;
3323 : 48110306;
3324 : A02396BA;
3325 : 971374D5;
3326 : 45950017;
3327 : 02B747B3;
3328 : 02E85363;
3329 : 00200737;
332a : C0070713;
332b : 8E798219;
332c : 0106D713;
332d : 3FF77713;
332e : 8F514685;
332f : 04D50463;
3330 : 08634689;
3331 : 863E04D5;
3332 : 852685A2;
3333 : D0EFC63E;
3334 : 1593BEFF;
3335 : 64450034;
3336 : A6840413;
3337 : 2703942E;
3338 : 54220B44;
3339 : 00892803;
333a : 50B247B2;
333b : 49F25902;
333c : 54928526;
333d : 869366D1;
333e : 460D81C6;
333f : 61454599;
3340 : BE7FD06F;
3341 : 02F77733;
3342 : 00179693;
3343 : 00E687B3;
3344 : 87B3BF5D;
3345 : 77B302B7;
3346 : B77502F7;
3347 : 542250B2;
3348 : 59025492;
3349 : 614549F2;
334a : 46058082;
334b : 7155B721;
334c : 66CD6745;
334d : DDC70713;
334e : 2A468693;
334f : C3A64609;
3350 : 458D84AE;
3351 : C5A2C786;
3352 : 842ADF4E;
3353 : 29050993;
3354 : C1CADB56;
3355 : D95ADD52;
3356 : D0EFD75E;
3357 : 85CEB8DF;
3358 : D0EF0048;
3359 : 58038E1F;
335a : 67512984;
335b : 87AA66C9;
335c : 83C70713;
335d : 458D460D;
335e : 86938522;
335f : D0EF7006;
3360 : 585CB69F;
3361 : 46216AC5;
3362 : 4785478C;
3363 : D703854E;
3364 : F8630085;
3365 : C0EF0EE7;
3366 : E1398EDF;
3367 : 17842583;
3368 : 6951854E;
3369 : 907FC0EF;
336a : 8A2A6751;
336b : 89870713;
336c : 85490693;
336d : 458D4609;
336e : D0EF8522;
336f : 5063B2DF;
3370 : 67510A0A;
3371 : 8522458D;
3372 : 86C70713;
3373 : 85490693;
3374 : D0EF4609;
3375 : 479DB15F;
3376 : 458DC05C;
3377 : 37B18522;
3378 : 0024D703;
3379 : 0FE00793;
337a : 0AE7E763;
337b : 13045B03;
337c : 14840A13;
337d : 44634901;
337e : 47850B69;
337f : 02F485A3;
3380 : 13045783;
3381 : 10078A63;
3382 : 17840B13;
3383 : 4A054981;
3384 : 57834B85;
3385 : 99131304;
3386 : 09130069;
3387 : 99221389;
3388 : 04000613;
3389 : 14FA4663;
338a : 100885CA;
338b : 927FC0EF;
338c : 86264785;
338d : 8522100C;
338e : 04F105A3;
338f : EF1FD0EF;
3390 : 0E055063;
3391 : 079366D1;
3392 : 87133F10;
3393 : 8693DDCA;
3394 : 46059046;
3395 : 8522458D;
3396 : A8FFD0EF;
3397 : 0E63A829;
3398 : 6751000A;
3399 : 88870713;
339a : 85490693;
339b : 458D4609;
339c : D0EF8522;
339d : 4901A75F;
339e : 6751A0C5;
339f : 8A470713;
33a0 : C0EFB7E5;
33a1 : FD29801F;
33a2 : 66D16751;
33a3 : 89870713;
33a4 : 85468693;
33a5 : 66D1BFE1;
33a6 : 8B068693;
33a7 : 85D2BFC1;
33a8 : C0EF854E;
33a9 : 0A13809F;
33aa : E52D040A;
33ab : 874A66D1;
33ac : 8E868693;
33ad : 458D4609;
33ae : D0EF8522;
33af : 091AA2DF;
33b0 : 012407B3;
33b1 : 1637C703;
33b2 : 02E485A3;
33b3 : 1647A703;
33b4 : 1387D783;
33b5 : 5703D4D8;
33b6 : 078529A4;
33b7 : 02F71263;
33b8 : 45815C5C;
33b9 : 53DC8522;
33ba : 27039782;
33bb : 54DC1344;
33bc : 97BAD4C8;
33bd : C7938F89;
33be : 83FDFFF7;
33bf : 02F485A3;
33c0 : 13890913;
33c1 : 04000613;
33c2 : 053385A6;
33c3 : C0EF0124;
33c4 : B795845F;
33c5 : B5C50905;
33c6 : 18234785;
33c7 : 498112F4;
33c8 : 020485A3;
33c9 : 99135C5C;
33ca : 45810069;
33cb : 852253DC;
33cc : 13890913;
33cd : 99229782;
33ce : 0613D4C8;
33cf : 85A60400;
33d0 : C0EF854A;
33d1 : 66D1811F;
33d2 : 8693874E;
33d3 : 460594C6;
33d4 : 8522458D;
33d5 : 993FD0EF;
33d6 : 442E40BE;
33d7 : 59FA449E;
33d8 : 5ADA5A6A;
33d9 : 5BBA5B4A;
33da : 490E854A;
33db : 80826169;
33dc : 108885DA;
33dd : FDEFC0EF;
33de : 04000613;
33df : 100885CA;
33e0 : FD2FC0EF;
33e1 : 108C1010;
33e2 : 05A38522;
33e3 : 05A30571;
33e4 : D0EF0971;
33e5 : 5363D9BF;
33e6 : 89D200A0;
33e7 : 0B130A05;
33e8 : BD85040B;
33e9 : 711D511C;
33ea : 4F9CCCA2;
33eb : 842ACE86;
33ec : EF89862E;
33ed : 8522080C;
33ee : 8CCF50EF;
33ef : 8522080C;
33f0 : 450133BD;
33f1 : 446640F6;
33f2 : 80826125;
33f3 : 9782C62E;
33f4 : F96D4632;
33f5 : B7F9B7C5;
33f6 : 13251783;
33f7 : CAA6711D;
33f8 : CE86C8CA;
33f9 : 577DCCA2;
33fa : 862E84AA;
33fb : 87634901;
33fc : 079A00E7;
33fd : 13878793;
33fe : 00F50933;
33ff : 4F9C509C;
3400 : 080CEF81;
3401 : 50EF8526;
3402 : 080C87EF;
3403 : 33058526;
3404 : 02091163;
3405 : A0394401;
3406 : C6328526;
3407 : 46329782;
3408 : D165842A;
3409 : 852240F6;
340a : 44D64466;
340b : 61254946;
340c : 05938082;
340d : 85130109;
340e : C0EF2904;
340f : 842AE70F;
3410 : 458DF971;
3411 : 31D58526;
3412 : 1101BFF1;
3413 : 6445CC22;
3414 : C84ACA26;
3415 : 0413CE06;
3416 : 4481B1C4;
3417 : 405C4931;
3418 : C7898B89;
3419 : C62A85A6;
341a : 453231C9;
341b : 04210485;
341c : FF2497E3;
341d : 40F24462;
341e : 494244D2;
341f : 45914651;
3420 : D06F6105;
3421 : 278383BF;
3422 : CF9D33C5;
3423 : C4221141;
3424 : C606478D;
3425 : 32F52E23;
3426 : 842A4599;
3427 : 27033179;
3428 : 47853404;
3429 : 00F70E63;
342a : 34F42023;
342b : A303501C;
342c : 07630647;
342d : 85220003;
342e : 40B24422;
342f : 83020141;
3430 : 442240B2;
3431 : 80820141;
3432 : 27038082;
3433 : C71133C5;
3434 : 2E23470D;
3435 : 459932E5;
3436 : 8082B989;
3437 : 27831101;
3438 : C4521785;
3439 : CC228A32;
343a : 842ECA26;
343b : 462184AA;
343c : 02258593;
343d : C84A8552;
343e : A903C64E;
343f : CE060107;
3440 : C0EF89B6;
3441 : 5783E50F;
3442 : 570302A4;
3443 : 07A202A4;
3444 : 8FD98321;
3445 : 00FA1423;
3446 : 02C45783;
3447 : 02C45703;
3448 : 832107A2;
3449 : 07C28FD9;
344a : 470D83C1;
344b : 02E78763;
344c : 66D16751;
344d : 96C70713;
344e : 99068693;
344f : 45954605;
3450 : D0EF8526;
3451 : 4401FA4F;
3452 : 852240F2;
3453 : 44D24462;
3454 : 49B24942;
3455 : 61054A22;
3456 : 57038082;
3457 : 57830324;
3458 : 56830324;
3459 : 07220304;
345a : 8F5D83A1;
345b : 03045783;
345c : 074282A1;
345d : 8FD507A2;
345e : 834107C2;
345f : 569383C1;
3460 : 07A20087;
3461 : 06B78FD5;
3462 : 86930008;
3463 : 89630306;
3464 : 675100D7;
3465 : 071366D1;
3466 : 869396C7;
3467 : BF799B86;
3468 : 03445603;
3469 : 03445783;
346a : 83A10622;
346b : 06428E5D;
346c : 17938241;
346d : 57130087;
346e : 8FD90086;
346f : 673907C2;
3470 : 071383C1;
3471 : 8963EAD7;
3472 : 675100E7;
3473 : 071366D1;
3474 : 869396C7;
3475 : B79D9D06;
3476 : 0FF67793;
3477 : 89634705;
3478 : 675100E7;
3479 : 071366D1;
347a : 869396C7;
347b : B7B99F46;
347c : 03645783;
347d : 03645703;
347e : 832107A2;
347f : 07C28FD9;
3480 : 670583C1;
3481 : 00F99023;
3482 : 00370693;
3483 : 00D78E63;
3484 : 83630711;
3485 : A70306E7;
3486 : 478933C4;
3487 : 15E34405;
3488 : 8526F2F7;
3489 : B70D355D;
348a : 03844783;
348b : 45954605;
348c : 04F91223;
348d : 03845783;
348e : 83A18526;
348f : 04F90623;
3490 : 03C45703;
3491 : 03C45783;
3492 : 03A45683;
3493 : 83A10722;
3494 : 57838F5D;
3495 : 82A103A4;
3496 : 07A20742;
3497 : 07C28FD5;
3498 : 8F5D83C1;
3499 : 1784A783;
349a : 869366D1;
349b : 4B9CA186;
349c : D0EFC7B8;
349d : B745E74F;
349e : 10EF5C08;
349f : 20236A70;
34a0 : 5C4802A9;
34a1 : 69D010EF;
34a2 : 00A92E23;
34a3 : 10EF4028;
34a4 : 24236930;
34a5 : 406802A9;
34a6 : 689010EF;
34a7 : 02A92223;
34a8 : 6745BF9D;
34a9 : 114166CD;
34aa : DF070713;
34ab : 3E468693;
34ac : 45894609;
34ad : C606C422;
34ae : D0EF842A;
34af : 2703E2CF;
34b0 : 47853404;
34b1 : 00F71963;
34b2 : 33C42703;
34b3 : 1463478D;
34b4 : 852200F7;
34b5 : 40B23BDD;
34b6 : 45014422;
34b7 : 80820141;
34b8 : DA56715D;
34b9 : 87136AC5;
34ba : 66CDA68A;
34bb : 39870713;
34bc : 3E468693;
34bd : 45894609;
34be : C686C2A6;
34bf : C4A284AA;
34c0 : DE4EC0CA;
34c1 : D85ADC52;
34c2 : D462D65E;
34c3 : D0EFD266;
34c4 : A703DD8F;
34c5 : 47853404;
34c6 : 4AF71B63;
34c7 : 8B134C80;
34c8 : 46410C84;
34c9 : 0A840C13;
34ca : 856285DA;
34cb : C26FC0EF;
34cc : 0B840793;
34cd : 0D848A13;
34ce : 85D24641;
34cf : C0EF853E;
34d0 : A703C14F;
34d1 : 8A9317C4;
34d2 : 4703A68A;
34d3 : CB1D0637;
34d4 : 0E840993;
34d5 : 85AA4641;
34d6 : C0EF854E;
34d7 : 0593BF8F;
34d8 : 854E0884;
34d9 : D53FC0EF;
34da : 85E24641;
34db : C0EF0808;
34dc : 0593BE4F;
34dd : 08080984;
34de : D3FFC0EF;
34df : 854E080C;
34e0 : D37FC0EF;
34e1 : 06840593;
34e2 : B0EF855A;
34e3 : 0593FF2F;
34e4 : 85520584;
34e5 : D23FC0EF;
34e6 : 17C4A403;
34e7 : 06344783;
34e8 : 65D1C3B9;
34e9 : 060401A3;
34ea : 85934631;
34eb : 85267545;
34ec : A0DFE0EF;
34ed : 4641E90D;
34ee : 051385DA;
34ef : C0EF0A04;
34f0 : 4641B94F;
34f1 : 051385D2;
34f2 : C0EF0B04;
34f3 : A983B88F;
34f4 : C78317C4;
34f5 : EF8D0619;
34f6 : 85936551;
34f7 : 05133A8A;
34f8 : 60EFA445;
34f9 : A703863F;
34fa : 478D33C4;
34fb : 00F71463;
34fc : 39E18526;
34fd : 442640B6;
34fe : 49064496;
34ff : 5A6259F2;
3500 : 5B425AD2;
3501 : 5C225BB2;
3502 : 45015C92;
3503 : 80826161;
3504 : 85264C80;
3505 : 01842B03;
3506 : 01C42A03;
3507 : A21FE0EF;
3508 : 8513D179;
3509 : C0EF0209;
350a : CC08BEBF;
350b : 8513CC4C;
350c : C0EF0309;
350d : 4641BDFF;
350e : D04CD008;
350f : 85930808;
3510 : C0EF0509;
3511 : 0808B10F;
3512 : C0EF4C05;
3513 : 0A23BC7F;
3514 : A7830184;
3515 : D8080689;
3516 : 0785D84C;
3517 : 06F9A423;
3518 : 85935CDC;
3519 : 85260709;
351a : 978247DC;
351b : 01544783;
351c : 8526DBBD;
351d : D7FFB0EF;
351e : C919862A;
351f : 85936551;
3520 : 05133BCA;
3521 : 60EFA6C5;
3522 : 0B23FBEF;
3523 : BFA10184;
3524 : C3FFB0EF;
3525 : C783ED31;
3526 : 9BF50609;
3527 : 06F98023;
3528 : 475247C2;
3529 : EFB18FD9;
352a : 2C8346F2;
352b : 47620104;
352c : C3635C7D;
352d : 4C050006;
352e : 0B904263;
352f : 86666551;
3530 : 3D0A8593;
3531 : AC850513;
3532 : F7CF60EF;
3533 : 66D14742;
3534 : 87DE884A;
3535 : AF068693;
3536 : 45914609;
3537 : D0EF8526;
3538 : 8D63C08F;
3539 : 4589020B;
353a : D0EF8526;
353b : A03DD5DF;
353c : 869366D1;
353d : 4605AA46;
353e : 85264591;
353f : BEAFD0EF;
3540 : 4585B5DD;
3541 : D0EF8526;
3542 : 4742D41F;
3543 : 869366D1;
3544 : 4609AB06;
3545 : 85264591;
3546 : BCEFD0EF;
3547 : 0609C783;
3548 : 0649A703;
3549 : EFDD8B89;
354a : 879367C9;
354b : 66D10287;
354c : B1868693;
354d : 4591460D;
354e : D0EF8526;
354f : C783BACF;
3550 : 47110619;
3551 : F79317FD;
3552 : 6B630FF7;
3553 : 674510F7;
3554 : 0713078A;
3555 : 97BAA547;
3556 : 8782439C;
3557 : 41FC5793;
3558 : 02E787B3;
3559 : 85E66921;
355a : 86B30028;
355b : 06330386;
355c : 97B602EC;
355d : 3E800693;
355e : 02EC3733;
355f : 873397BA;
3560 : 87B302C6;
3561 : 993A02F6;
3562 : 00E93733;
3563 : 01095913;
3564 : 02C6B6B3;
3565 : 97BA97B6;
3566 : 01079713;
3567 : 01276933;
3568 : C44A83C1;
3569 : C0EFC63E;
356a : 4622DDDF;
356b : D7934732;
356c : 07B341FC;
356d : 059302F6;
356e : 00283E80;
356f : 03970733;
3570 : 03960833;
3571 : 363397BA;
3572 : 09330396;
3573 : C4424109;
3574 : C63E97B2;
3575 : DAFFC0EF;
3576 : 09334BA2;
3577 : 0BB30389;
3578 : B5ED037C;
3579 : 879367D1;
357a : B791A347;
357b : 45D24542;
357c : B0EF4601;
357d : C783DF0F;
357e : E7930609;
357f : 80230027;
3580 : 458D06F9;
3581 : 865EA899;
3582 : 45814501;
3583 : 4458B7DD;
3584 : 884A66D1;
3585 : 869387DE;
3586 : 4609B306;
3587 : 85264591;
3588 : AC6FD0EF;
3589 : 00C42803;
358a : 079366CD;
358b : 984A1170;
358c : 26234591;
358d : 87130104;
358e : 86933BCA;
358f : 460D39C6;
3590 : D0EF8526;
3591 : 4448AA4F;
3592 : AABFB0EF;
3593 : 0609C783;
3594 : E7934595;
3595 : 80230027;
3596 : 852606F9;
3597 : BEBFD0EF;
3598 : 0619C703;
3599 : FFC70793;
359a : 0017B793;
359b : 06F98123;
359c : 05634791;
359d : 401C00F7;
359e : C01C0785;
359f : 58145858;
35a0 : 41F75613;
35a1 : 47B38EB1;
35a2 : 873300C7;
35a3 : B6B340C6;
35a4 : 8F9100E6;
35a5 : 47638F95;
35a6 : EB8100F0;
35a7 : 1F400793;
35a8 : 00E7F563;
35a9 : 0785405C;
35aa : 4C14C05C;
35ab : 05B34C50;
35ac : 37B340DB;
35ad : 073300BB;
35ae : 8F1D40CA;
35af : 0C074F63;
35b0 : 48634785;
35b1 : E70900E0;
35b2 : 3E800713;
35b3 : 00B76363;
35b4 : 8AE34781;
35b5 : 441CD007;
35b6 : C41C0785;
35b7 : 0808B329;
35b8 : 931FC0EF;
35b9 : 40A007B3;
35ba : 0005C363;
35bb : 071387AA;
35bc : 466303B0;
35bd : 5CDC02F7;
35be : 458558C8;
35bf : 978257DC;
35c0 : 505C5018;
35c1 : DC184591;
35c2 : 8526DC5C;
35c3 : B3BFD0EF;
35c4 : 47A54038;
35c5 : F4E7D6E3;
35c6 : 04042023;
35c7 : 403CB5DD;
35c8 : C03C0785;
35c9 : 5014B7F5;
35ca : 505C5C18;
35cb : 87335C50;
35cc : B6B340E6;
35cd : 8F9100E6;
35ce : D4188F95;
35cf : 41F95713;
35d0 : 47B3D45C;
35d1 : 8F990127;
35d2 : 07800713;
35d3 : EAF74BE3;
35d4 : 48334811;
35d5 : 29030309;
35d6 : 66CD00C4;
35d7 : 14A00793;
35d8 : 3BCA8713;
35d9 : 39C68693;
35da : 4591460D;
35db : 984A8526;
35dc : 01042623;
35dd : 972FD0EF;
35de : B0EF4448;
35df : 4458979F;
35e0 : 869366D1;
35e1 : 4605B4C6;
35e2 : 85264599;
35e3 : 95AFD0EF;
35e4 : 505C5018;
35e5 : DC5CDC18;
35e6 : 0733B5E1;
35e7 : 07B34160;
35e8 : 3B334140;
35e9 : 87B30160;
35ea : 06B34167;
35eb : 373340D7;
35ec : 8F9100D7;
35ed : 47058F99;
35ee : 00F04863;
35ef : 0793E789;
35f0 : E3633E80;
35f1 : 470100D7;
35f2 : 0FF77793;
35f3 : 58DCB719;
35f4 : 43DC8526;
35f5 : 03F7C583;
35f6 : 99FFE0EF;
35f7 : 715DB921;
35f8 : 2A83DA56;
35f9 : C4A20005;
35fa : DC52C0CA;
35fb : C2A6C686;
35fc : 4795DE4E;
35fd : 8A2E842A;
35fe : 95638932;
35ff : 45950CFA;
3600 : BD0FF0EF;
3601 : 2E050F63;
3602 : C05C4799;
3603 : 45854601;
3604 : F0EF8522;
3605 : 4601C22F;
3606 : 85224591;
3607 : C18FF0EF;
3608 : 24234901;
3609 : 40B60004;
360a : 44964426;
360b : 5A6259F2;
360c : 854A5AD2;
360d : 61614906;
360e : 47B28082;
360f : 8FD94742;
3610 : 16079663;
3611 : 17842783;
3612 : 00B78703;
3613 : 97B34789;
3614 : 475200E7;
3615 : 14E7CC63;
3616 : 869366D1;
3617 : 4609BBC6;
3618 : 85224595;
3619 : 882FD0EF;
361a : 00345C5C;
361b : 43DC0050;
361c : 8522858A;
361d : CD119782;
361e : 869366D1;
361f : 4605BE86;
3620 : 85224595;
3621 : 862FD0EF;
3622 : 000481A3;
3623 : 00048223;
3624 : 4782AA31;
3625 : 00F49023;
3626 : 0D63BFC5;
3627 : 47BD2809;
3628 : 09634901;
3629 : 66D128F7;
362a : C2C68693;
362b : 45954605;
362c : D0EF8522;
362d : ACBD834F;
362e : 45914605;
362f : C0EF8522;
3630 : A441F85F;
3631 : F0EF4585;
3632 : CD51B0AF;
3633 : 85224585;
3634 : C5AFF0EF;
3635 : 2B842683;
3636 : 47814705;
3637 : 00E69463;
3638 : 2B442783;
3639 : 0AF41023;
363a : 082C5C5C;
363b : 47DC8522;
363c : 082C9782;
363d : B0EF8522;
363e : 85AAD1FF;
363f : 46054681;
3640 : D0EF8522;
3641 : E921DDAF;
3642 : 859365C5;
3643 : 8522A985;
3644 : 05042983;
3645 : D78FB0EF;
3646 : 24E45783;
3647 : 24E45703;
3648 : 07A284AA;
3649 : 8FD98321;
364a : 00F99F23;
364b : 12040593;
364c : B0EF854E;
364d : 5503DCAF;
364e : 45811284;
364f : 019010EF;
3650 : 00A9A423;
3651 : 00B9A623;
3652 : 46014691;
3653 : 852285A6;
3654 : D8CFD0EF;
3655 : 66D1C909;
3656 : B6068693;
3657 : 45954605;
3658 : C0EF8522;
3659 : 585CF85F;
365a : 85224591;
365b : F0EF4BC4;
365c : 0863A62F;
365d : 45911805;
365e : F0EF8522;
365f : C783BB0F;
3660 : C78D0074;
3661 : 08545C5C;
3662 : 439C0810;
3663 : 8522006C;
3664 : 04E39782;
3665 : 6751EA05;
3666 : 071366D1;
3667 : 8693B787;
3668 : 4605B806;
3669 : 85224595;
366a : F3FFC0EF;
366b : 2B842683;
366c : 47814705;
366d : 00E69463;
366e : 2B442783;
366f : 102365C5;
3670 : 85930AF4;
3671 : 8522ABC5;
3672 : B0EF4824;
3673 : 5783CC2F;
3674 : 48342644;
3675 : 078589AA;
3676 : 83C107C2;
3677 : 26F41223;
3678 : 00879713;
3679 : 8FD983A1;
367a : 00F69F23;
367b : 0834585C;
367c : 4BDC4585;
367d : 87134619;
367e : CC3A0047;
367f : 00378713;
3680 : 8713CE3A;
3681 : D03A0027;
3682 : 00778713;
3683 : 8713D23A;
3684 : 07990057;
3685 : D63ED43A;
3686 : 00048323;
3687 : 000483A3;
3688 : 429C4701;
3689 : 0007C783;
368a : C503CB81;
368b : 97B30074;
368c : 8FC900E5;
368d : 00F483A3;
368e : 06910705;
368f : FEC713E3;
3690 : 45814679;
3691 : 02248513;
3692 : BBDFB0EF;
3693 : 46215854;
3694 : 03548513;
3695 : 57834AD8;
3696 : 57030007;
3697 : 07A20007;
3698 : 8FD98321;
3699 : 02F49623;
369a : C7834A9C;
369b : 87A301C7;
369c : 585C02F4;
369d : C7834B9C;
369e : 88230187;
369f : 585C02F4;
36a0 : C7834B9C;
36a1 : 88A30197;
36a2 : 585C02F4;
36a3 : 57834B98;
36a4 : 568301A7;
36a5 : 07A201A7;
36a6 : 8FD582A1;
36a7 : 02F49923;
36a8 : 01D74783;
36a9 : 02F48A23;
36aa : 4B8C585C;
36ab : B0EF05C1;
36ac : 585CCA5F;
36ad : D78347DC;
36ae : 83A10007;
36af : 02F48EA3;
36b0 : 47DC585C;
36b1 : 0007D783;
36b2 : 02F48F23;
36b3 : 4BDC585C;
36b4 : 0087C783;
36b5 : 02F48FA3;
36b6 : 5BDC501C;
36b7 : 8522C781;
36b8 : 89AA9782;
36b9 : 4601469D;
36ba : 852285CE;
36bb : BF0FD0EF;
36bc : 66D1C909;
36bd : C1068693;
36be : 45954605;
36bf : C0EF8522;
36c0 : 4703DE9F;
36c1 : 47B12714;
36c2 : D8E7E9E3;
36c3 : 179366C5;
36c4 : 86930027;
36c5 : 97B6A686;
36c6 : 3E47A783;
36c7 : D6078FE3;
36c8 : 85D2864A;
36c9 : 97828522;
36ca : 00150793;
36cb : 892A9BF5;
36cc : 4901E391;
36cd : 91E34795;
36ce : 4595D8FA;
36cf : C0EF8522;
36d0 : C408D51F;
36d1 : 1101B1CD;
36d2 : CC22CE06;
36d3 : C84ACA26;
36d4 : 84B2C64E;
36d5 : 842E892A;
36d6 : CB3FC0EF;
36d7 : C14489AA;
36d8 : 85A28626;
36d9 : C0EF854A;
36da : 65C5D57F;
36db : A6858593;
36dc : 942E040E;
36dd : 0B442703;
36de : A8034462;
36df : 40F20089;
36e0 : 87A649B2;
36e1 : 44D2854A;
36e2 : 66D14942;
36e3 : C4068693;
36e4 : 4599460D;
36e5 : C06F6105;
36e6 : 595CD51F;
36e7 : C2A6715D;
36e8 : 4BC447D8;
36e9 : A983DE4E;
36ea : D7830107;
36eb : C6860025;
36ec : 0785C4A2;
36ed : 1023C0CA;
36ee : 892E00F7;
36ef : 05C1842A;
36f0 : C62E854E;
36f1 : AE7FB0EF;
36f2 : 353345B2;
36f3 : 8F2300A0;
36f4 : 462900A9;
36f5 : B0EF854E;
36f6 : 4621B7DF;
36f7 : 01E90593;
36f8 : 01098513;
36f9 : B6FFB0EF;
36fa : 01A95783;
36fb : 00F99C23;
36fc : 01C95783;
36fd : 00F99D23;
36fe : 02694783;
36ff : 00F98E23;
3700 : 02794783;
3701 : 00F98EA3;
3702 : 02A94783;
3703 : 0087F713;
3704 : 00E036B3;
3705 : 00D483A3;
3706 : 5C5CC715;
3707 : 08700834;
3708 : 100C439C;
3709 : 97828522;
370a : 6751C91D;
370b : B7870713;
370c : 869366D1;
370d : 4605B806;
370e : 8522458D;
370f : CABFC0EF;
3710 : 02A94783;
3711 : 0017D713;
3712 : 8B858B05;
3713 : 00E481A3;
3714 : 00F48223;
3715 : 00495783;
3716 : 00F49023;
3717 : 5782A8B5;
3718 : 5F63472D;
3719 : 475D16F7;
371a : 0CE79363;
371b : 07934772;
371c : 1E6303B0;
371d : 27830AF7;
371e : 87031784;
371f : 478900B7;
3720 : 00E79733;
3721 : 03C00793;
3722 : 47628F99;
3723 : 0AF74163;
3724 : 869366D1;
3725 : 4609C606;
3726 : 8522458D;
3727 : C4BFC0EF;
3728 : 10545C5C;
3729 : 43DC1030;
372a : 8522106C;
372b : C9119782;
372c : 869366D1;
372d : 4605BE86;
372e : 8522458D;
372f : C2BFC0EF;
3730 : 5812A821;
3731 : 573257A2;
3732 : 869366D1;
3733 : 460DC906;
3734 : 8522458D;
3735 : C13FC0EF;
3736 : 02A94783;
3737 : 45A1567D;
3738 : 0027D713;
3739 : 81238B05;
373a : D71300E4;
373b : 8B050047;
373c : 00E482A3;
373d : 0057D713;
373e : 8B05838D;
373f : 83238B85;
3740 : 83A300E4;
3741 : 478300F4;
3742 : 84230289;
3743 : 585C00F4;
3744 : 3D154388;
3745 : 57BC501C;
3746 : 85CAC781;
3747 : 97828522;
3748 : 442640B6;
3749 : 49064496;
374a : 616159F2;
374b : 5C5C8082;
374c : 10301054;
374d : 106C43DC;
374e : 97828522;
374f : 6751C509;
3750 : CC870713;
3751 : 57A2B5F5;
3752 : 58125732;
3753 : 869366D1;
3754 : 460DC906;
3755 : 8522458D;
3756 : B8FFC0EF;
3757 : 02A94783;
3758 : F6935722;
3759 : 36330027;
375a : 373300D0;
375b : 8B8500E0;
375c : 00C71C63;
375d : 37335712;
375e : 176300E0;
375f : 170300F7;
3760 : 55B20049;
3761 : F4E58AE3;
3762 : 0FF7F793;
3763 : 00C481A3;
3764 : 00F48223;
3765 : 00491703;
3766 : 00E49023;
3767 : 4685CE95;
3768 : CF8DD436;
3769 : D23E4785;
376a : 581257A2;
376b : 869366D1;
376c : 4605CD06;
376d : 8522458D;
376e : C0EFD63A;
376f : 5C5CB2DF;
3770 : 56225692;
3771 : 55B2479C;
3772 : 97828522;
3773 : F00506E3;
3774 : 869366D1;
3775 : B5C5D086;
3776 : B7E1D402;
3777 : B7E9D202;
3778 : 8FD94772;
3779 : 2783E7BD;
377a : 87031784;
377b : 478900B7;
377c : 00E797B3;
377d : CE634762;
377e : 66D104E7;
377f : BBC68693;
3780 : 458D4609;
3781 : C0EF8522;
3782 : 5C5CAE1F;
3783 : 10301054;
3784 : 106C43DC;
3785 : 97828522;
3786 : 66D1CD11;
3787 : BE868693;
3788 : 458D4605;
3789 : C0EF8522;
378a : 81A3AC1F;
378b : 82230004;
378c : B55D0004;
378d : 581257A2;
378e : 66D15732;
378f : C9068693;
3790 : 458D460D;
3791 : C0EF8522;
3792 : 57B2AA1F;
3793 : 00F49023;
3794 : 1703BFE9;
3795 : 97830049;
3796 : 83630004;
3797 : 66D102E7;
3798 : 8522458D;
3799 : D2C68693;
379a : C0EF4605;
379b : 5783A7DF;
379c : 45810049;
379d : 90238522;
379e : 5C5C00F4;
379f : 97824B9C;
37a0 : 02A94783;
37a1 : 0017D713;
37a2 : 8B858B05;
37a3 : 00E481A3;
37a4 : 00F48223;
37a5 : 511CB591;
37a6 : CCA2711D;
37a7 : CE864F9C;
37a8 : 862E842A;
37a9 : 8522E79D;
37aa : 40EF080C;
37ab : 85229DAF;
37ac : 821FB0EF;
37ad : 65C5E51D;
37ae : 85936551;
37af : 0513E805;
37b0 : 50EFD5C5;
37b1 : 080CD83F;
37b2 : E0EF8522;
37b3 : 4501E65F;
37b4 : C62EA029;
37b5 : 46329782;
37b6 : 40F6D579;
37b7 : 61254466;
37b8 : 458D8082;
37b9 : E0EF8522;
37ba : 080CE45F;
37bb : E0EF8522;
37bc : 85AAE41F;
37bd : 8522DD69;
37be : 4619314D;
37bf : 09440593;
37c0 : 09A40513;
37c1 : 84FFB0EF;
37c2 : 595CB7D9;
37c3 : 5F1843D8;
37c4 : 00E05663;
37c5 : 567D4388;
37c6 : B13545A1;
37c7 : 11418082;
37c8 : C422458D;
37c9 : 842AC606;
37ca : CA9FE0EF;
37cb : 458DC535;
37cc : E0EF8522;
37cd : 584CDF9F;
37ce : 46014701;
37cf : 4681459C;
37d0 : 34800813;
37d1 : 0087D503;
37d2 : 4305489D;
37d3 : 4A634E11;
37d4 : 852204A7;
37d5 : E6BDCA25;
37d6 : E51FC0EF;
37d7 : C05C4799;
37d8 : 13241783;
37d9 : 8663577D;
37da : 580302E7;
37db : D2631304;
37dc : 67510307;
37dd : 458D66CD;
37de : 07138522;
37df : 8693D947;
37e0 : 46057586;
37e1 : 963FC0EF;
37e2 : 13241583;
37e3 : B0EF8522;
37e4 : 57FDFE0F;
37e5 : 12F41923;
37e6 : 442240B2;
37e7 : 01414501;
37e8 : 0EB38082;
37e9 : 419C0307;
37ea : 439C97F6;
37eb : 00F8C763;
37ec : 00FE5363;
37ed : 07054605;
37ee : 17E1BF59;
37ef : FEF36DE3;
37f0 : BFD54685;
37f1 : BF593799;
37f2 : 71394118;
37f3 : DA26DC22;
37f4 : DE06D64E;
37f5 : D452D84A;
37f6 : 842A47A1;
37f7 : 84B289AE;
37f8 : 06F71863;
37f9 : 5FDC511C;
37fa : 9782C399;
37fb : 47A5C119;
37fc : 445CC05C;
37fd : 4641CFBD;
37fe : 05134581;
37ff : B0EF0A84;
3800 : 66D1E06F;
3801 : DC068693;
3802 : 45914609;
3803 : C0EF8522;
3804 : 85228D9F;
3805 : 933FC0EF;
3806 : 4B9C501C;
3807 : 8626CBB9;
3808 : 852285CE;
3809 : 892A9782;
380a : 4785C529;
380b : 00F91363;
380c : 85224901;
380d : 458D4601;
380e : 80BFC0EF;
380f : 50F2C408;
3810 : 54D25462;
3811 : 5A2259B2;
3812 : 5942854A;
3813 : 80826121;
3814 : 4B0C5958;
3815 : 01E5C703;
3816 : 8F23CF09;
3817 : C15C0005;
3818 : C0EF850A;
3819 : 85AADE0F;
381a : 05136551;
381b : 50EFD9C5;
381c : 4581BD7F;
381d : E0EF8522;
381e : C161B5BF;
381f : 85224581;
3820 : CABFE0EF;
3821 : 858A5C5C;
3822 : 47DC8522;
3823 : 65C59782;
3824 : A7458593;
3825 : 2A038522;
3826 : A0EF0504;
3827 : 5783DF3F;
3828 : 48342504;
3829 : 0785892A;
382a : 83C107C2;
382b : 24F41823;
382c : 00879713;
382d : 8FD983A1;
382e : 00F69F23;
382f : 4FBC501C;
3830 : 2783E7C5;
3831 : 4F881784;
3832 : 35B34FDC;
3833 : 07B300A0;
3834 : 053340F0;
3835 : 85B340A0;
3836 : 10EF40B7;
3837 : 242307A0;
3838 : 262300AA;
3839 : 462900BA;
383a : 05134581;
383b : B0EF022A;
383c : 2603D16F;
383d : 258319C4;
383e : 850A1984;
383f : AB1FA0EF;
3840 : 8552858A;
3841 : DF9FA0EF;
3842 : 468585CA;
3843 : 85224605;
3844 : DCDFC0EF;
3845 : 4641892A;
3846 : 12040593;
3847 : 0C840513;
3848 : E32FB0EF;
3849 : 1A6357FD;
384a : 66D100F9;
384b : DE868693;
384c : 45954605;
384d : C0EF8522;
384e : 4703FB0F;
384f : 47B12714;
3850 : 02E7E963;
3851 : 179366C5;
3852 : 86930027;
3853 : 97B6A686;
3854 : 4307A783;
3855 : 8626CF99;
3856 : 852285CE;
3857 : 84AA9782;
3858 : 3B758522;
3859 : B5D18926;
385a : 97828522;
385b : 4581F939;
385c : D4FDB7AD;
385d : 869366D1;
385e : 4605C2C6;
385f : 85224595;
3860 : F66FC0EF;
3861 : BFE94481;
3862 : C4221141;
3863 : C606C226;
3864 : 27154703;
3865 : 84AA47AD;
3866 : ED638432;
3867 : 66C502E7;
3868 : 00271793;
3869 : A6868693;
386a : A78397B6;
386b : C39D4647;
386c : 842A9782;
386d : 33A58526;
386e : 8526458D;
386f : ED2FC0EF;
3870 : C019C488;
3871 : C0DC4789;
3872 : 852240B2;
3873 : 44924422;
3874 : 80820141;
3875 : 66D1D065;
3876 : C2C68693;
3877 : 45954605;
3878 : C0EF8526;
3879 : 4401F04F;
387a : 511CB7F1;
387b : CC221101;
387c : C84A47DC;
387d : CE06C64E;
387e : 842ACA26;
387f : 893289AE;
3880 : 4703E395;
3881 : 47B12714;
3882 : 02E7F463;
3883 : 0F634481;
3884 : 66D10209;
3885 : C2C68693;
3886 : 45954605;
3887 : C0EF8522;
3888 : A02DEC8F;
3889 : 84AA9782;
388a : 4789DD69;
388b : A015C05C;
388c : 179366C5;
388d : 86930027;
388e : 97B6A686;
388f : 4947A783;
3890 : 864AD7F1;
3891 : 852285CE;
3892 : 84AA9782;
3893 : 39C18522;
3894 : 8522FCE9;
3895 : C0EF458D;
3896 : C408E38F;
3897 : 446240F2;
3898 : 49B24942;
3899 : 44D28526;
389a : 80826105;
389b : CC221101;
389c : CE06C84A;
389d : 842ACA26;
389e : B0EF892E;
389f : E10DC56F;
38a0 : 65C584AA;
38a1 : 85936551;
38a2 : 0513F305;
38a3 : 50EFE005;
38a4 : 40F29B7F;
38a5 : 49424462;
38a6 : 44D28526;
38a7 : 80826105;
38a8 : 0B042783;
38a9 : 0B442703;
38aa : EF818FD9;
38ab : 0A842783;
38ac : 0AC42703;
38ad : E7918FD9;
38ae : 1F400613;
38af : 85224581;
38b0 : 46413059;
38b1 : 11040593;
38b2 : 0B840513;
38b3 : C86FB0EF;
38b4 : 854A858A;
38b5 : 806FB0EF;
38b6 : 27744683;
38b7 : 02844783;
38b8 : 0A840713;
38b9 : 04938A89;
38ba : C2852804;
38bb : 0027E793;
38bc : 02F40423;
38bd : 29A45783;
38be : 85A64641;
38bf : 24F41623;
38c0 : B0EF853A;
38c1 : 4481C50F;
38c2 : 9BF5B769;
38c3 : 02F40423;
38c4 : 858A4641;
38c5 : B0EF853A;
38c6 : 85A6C3CF;
38c7 : 861FA0EF;
38c8 : 48014781;
38c9 : 242365D1;
38ca : 262310F4;
38cb : 460D1104;
38cc : 75858593;
38cd : D0EF8522;
38ce : F571A87F;
38cf : 4FDC501C;
38d0 : 8522E789;
38d1 : D07F30EF;
38d2 : 8522BF7D;
38d3 : 47859782;
38d4 : 0AE384AA;
38d5 : 56E3FAF5;
38d6 : BF25FE05;
38d7 : 1141455C;
38d8 : C606C422;
38d9 : CF89842A;
38da : 0613663D;
38db : 459DA606;
38dc : FD6FF0EF;
38dd : 8522459D;
38de : D16FC0EF;
38df : A821C408;
38e0 : E0EF459D;
38e1 : D57D84FF;
38e2 : 459D567D;
38e3 : F0EF8522;
38e4 : 4785FB8F;
38e5 : 40B2C05C;
38e6 : 45014422;
38e7 : 80820141;
38e8 : CA261101;
38e9 : 17852483;
38ea : 66CD6745;
38eb : 0713CE06;
38ec : 8693F447;
38ed : 460D2A46;
38ee : CC224599;
38ef : C452C64E;
38f0 : 842AC84A;
38f1 : 00A48903;
38f2 : D1EFC0EF;
38f3 : 2E234789;
38f4 : 47851AF4;
38f5 : 1EF42623;
38f6 : 1CF42423;
38f7 : A0EF854A;
38f8 : 2023895F;
38f9 : 85031CA4;
38fa : A0EF00D4;
38fb : 2623889F;
38fc : 29831CA4;
38fd : 89030344;
38fe : AA0300B4;
38ff : 854A0009;
3900 : 873FA0EF;
3901 : 1D8A2783;
3902 : 8463577D;
3903 : 546300E7;
3904 : 2C2300F5;
3905 : A7831CAA;
3906 : C70300C9;
3907 : 069300C4;
3908 : D7833E80;
3909 : 17330007;
390a : 07330127;
390b : 078502D7;
390c : 012696B3;
390d : 282340F2;
390e : 44D21EA4;
390f : 49B24942;
3910 : 87B34A22;
3911 : 222302D7;
3912 : 2E231EE4;
3913 : 44621EF4;
3914 : 80826105;
3915 : C0CA715D;
3916 : C4A2892E;
3917 : 842A100C;
3918 : C686854A;
3919 : A0EFC2A6;
391a : 0593E75F;
391b : 462102C9;
391c : B0EF1808;
391d : 5783AE0F;
391e : 54830349;
391f : 29030349;
3920 : 83A11784;
3921 : 8CDD04A2;
3922 : 80C104C2;
3923 : 180C4621;
3924 : 1C23854A;
3925 : B0EF0291;
3926 : ED199ECF;
3927 : 25045703;
3928 : 29A45783;
3929 : 00F71A63;
392a : 00895783;
392b : 00979663;
392c : B0EF8522;
392d : E50DA1EF;
392e : 02844783;
392f : 66D16745;
3930 : F5470713;
3931 : E3468693;
3932 : 45954605;
3933 : C0EF8522;
3934 : 40B6C18F;
3935 : 44964426;
3936 : 45014906;
3937 : 80826161;
3938 : 0D840493;
3939 : 4641100C;
393a : B0EF8526;
393b : 501CA68F;
393c : 28040593;
393d : CF854FBC;
393e : C62E8522;
393f : 45B29782;
3940 : 8526E51D;
3941 : E78FA0EF;
3942 : 4BDC501C;
3943 : 8522C3B9;
3944 : D1619782;
3945 : 17842783;
3946 : 29C40703;
3947 : 00A78683;
3948 : FAE689E3;
3949 : 00E78523;
394a : 3D9D8522;
394b : 4781B75D;
394c : 2783C83E;
394d : 48011784;
394e : 4F988526;
394f : CA424FDC;
3950 : CE3ECC3A;
3951 : B73FB0EF;
3952 : 8526080C;
3953 : B6BFB0EF;
3954 : 4585BF65;
3955 : D0EF8522;
3956 : BF65C21F;
3957 : CC527179;
3958 : 03452A03;
3959 : D226D422;
395a : 004A2783;
395b : CE4ED04A;
395c : D60643DC;
395d : 24834719;
395e : 842A1785;
395f : 89B2892E;
3960 : 00E79863;
3961 : 008A2703;
3962 : 00A74703;
3963 : 1AF71E63;
3964 : 85225C1C;
3965 : 9782439C;
3966 : 1A054863;
3967 : 008A2783;
3968 : 0087D703;
3969 : D5634785;
396a : 278302E7;
396b : 4605000A;
396c : 45854681;
396d : 07634388;
396e : C50300B5;
396f : 13632A07;
3970 : 460100B5;
3971 : 87930685;
3972 : C5E33487;
3973 : CA61FEE6;
3974 : 05934785;
3975 : DD630604;
3976 : 585C16E7;
3977 : D8FD9737;
3978 : FD970713;
3979 : 07B3439C;
397a : 878D40F4;
397b : 02E787B3;
397c : 0FF7F793;
397d : 14078E63;
397e : 567D4715;
397f : 00E406B3;
3980 : 0606C683;
3981 : 95BA002C;
3982 : 40F68533;
3983 : 00A58023;
3984 : B7B3177D;
3985 : 13E300F6;
3986 : 585CFEC7;
3987 : 00814703;
3988 : 8023479C;
3989 : 470300E7;
398a : 80A30091;
398b : 470300E7;
398c : 812300A1;
398d : 577D00E7;
398e : 00E781A3;
398f : 82235779;
3990 : 470300E7;
3991 : 82A300B1;
3992 : 470300E7;
3993 : 832300C1;
3994 : 470300E7;
3995 : 83A300D1;
3996 : 585C00E7;
3997 : 4B9C4798;
3998 : C3944314;
3999 : C3D44354;
399a : C79476C1;
399b : 800006B7;
399c : FFF6C693;
399d : 4314C7D4;
399e : 4354CB94;
399f : 5683CBD4;
39a0 : 9C2300A7;
39a1 : 568300D7;
39a2 : 9D2300C7;
39a3 : 468300D7;
39a4 : 8E2300E7;
39a5 : 470300D7;
39a6 : 8EA300F7;
39a7 : 585C00E7;
39a8 : 85264621;
39a9 : B0EF478C;
39aa : 58588ACF;
39ab : 34840793;
39ac : 43188522;
39ad : 00048AA3;
39ae : 97378F99;
39af : 0713D8FD;
39b0 : 878DFD97;
39b1 : 02E787B3;
39b2 : 00F49423;
39b3 : 87234789;
39b4 : 278300F4;
39b5 : 85A32E84;
39b6 : 278300F4;
39b7 : 86232EC4;
39b8 : 278300F4;
39b9 : 86A32F04;
39ba : 278300F4;
39bb : 85232F44;
39bc : 278300F4;
39bd : 8A232F84;
39be : 315D00F4;
39bf : E0EF8522;
39c0 : 278394DF;
39c1 : 85031784;
39c2 : A0EF00B7;
39c3 : 4C5CD68F;
39c4 : 2A23050A;
39c5 : 37B312A4;
39c6 : 202300F0;
39c7 : 501C34F4;
39c8 : 32042E23;
39c9 : CB95439C;
39ca : 85CA864E;
39cb : 97828522;
39cc : 6745C50D;
39cd : 071366D1;
39ce : 8693F6C7;
39cf : 4605E646;
39d0 : 85224589;
39d1 : 9A2FC0EF;
39d2 : 3E800793;
39d3 : A045C41C;
39d4 : 00284619;
39d5 : FFFFA0EF;
39d6 : 585CB5C9;
39d7 : 869366D1;
39d8 : 479CE806;
39d9 : 458D4605;
39da : 00A7C703;
39db : C0EF8522;
39dc : 585C978F;
39dd : 869366D1;
39de : 479CE946;
39df : 458D4605;
39e0 : 00B7C703;
39e1 : C0EF8522;
39e2 : 4824960F;
39e3 : 02200613;
39e4 : 85264581;
39e5 : E71FA0EF;
39e6 : 17842703;
39e7 : 85134621;
39e8 : 47830144;
39e9 : 47030157;
39ea : 079200E7;
39eb : 8FD98B3D;
39ec : 00F480A3;
39ed : 479C585C;
39ee : 0107C783;
39ef : 00F48223;
39f0 : 17842583;
39f1 : F8FFA0EF;
39f2 : 17842703;
39f3 : 00875783;
39f4 : 00875703;
39f5 : 832107A2;
39f6 : 9E238FD9;
39f7 : 67D100F4;
39f8 : 6CC7C703;
39f9 : 13634791;
39fa : 47A900F7;
39fb : 50B2C05C;
39fc : 54925422;
39fd : 49F25902;
39fe : 45014A62;
39ff : 80826145;
3a00 : 34052703;
3a01 : 2E234791;
3a02 : 478532F5;
3a03 : 02F71963;
3a04 : CE061101;
3a05 : 33A54783;
3a06 : 4789C781;
3a07 : 34F52023;
3a08 : C0EFC62A;
3a09 : 4532924F;
3a0a : A303511C;
3a0b : 05630647;
3a0c : 40F20003;
3a0d : 83026105;
3a0e : 610540F2;
3a0f : 80828082;
3a10 : 17852783;
3a11 : 71794118;
3a12 : D04AD422;
3a13 : A903D606;
3a14 : D2260107;
3a15 : 842A4799;
3a16 : 04F71263;
3a17 : 27154703;
3a18 : 049347B1;
3a19 : 14633E80;
3a1a : 069302F7;
3a1b : 081000E1;
3a1c : 86DFE0EF;
3a1d : 5703CD09;
3a1e : 678500E1;
3a1f : 00F71663;
3a20 : 2223478D;
3a21 : 448100F9;
3a22 : E0EF8522;
3a23 : 50B2FFCF;
3a24 : 59025422;
3a25 : 54928526;
3a26 : 80826145;
3a27 : 05C92703;
3a28 : 1E634785;
3a29 : 270304F7;
3a2a : 47893405;
3a2b : 00F71F63;
3a2c : 66D16751;
3a2d : 54870713;
3a2e : EAC68693;
3a2f : 45894605;
3a30 : 826FC0EF;
3a31 : E0EF8522;
3a32 : 2703FC0F;
3a33 : 47853404;
3a34 : 02F71363;
3a35 : 00092783;
3a36 : FBD54481;
3a37 : 47A54018;
3a38 : 00F71463;
3a39 : C05C47A1;
3a3a : 85224589;
3a3b : 86EFA0EF;
3a3c : 22234785;
3a3d : 2E2300F9;
3a3e : 44810409;
3a3f : 4689BF49;
3a40 : 3E800493;
3a41 : F8D715E3;
3a42 : 34052703;
3a43 : 00F71E63;
3a44 : 66D16751;
3a45 : 54870713;
3a46 : EC868693;
3a47 : 45894605;
3a48 : FC7FB0EF;
3a49 : 3DE98522;
3a4a : 47A54018;
3a4b : 00F71463;
3a4c : C05C47A1;
3a4d : 04092E23;
3a4e : 3E800493;
3a4f : 2783BF89;
3a50 : 11411785;
3a51 : 4B84C226;
3a52 : C606C422;
3a53 : 02E4C703;
3a54 : 842A4785;
3a55 : 02F70C63;
3a56 : 0713674D;
3a57 : 66D19847;
3a58 : EE468693;
3a59 : 85224605;
3a5a : B0EF4589;
3a5b : 8522F7DF;
3a5c : 0004A223;
3a5d : 90EF4581;
3a5e : 8522FE5F;
3a5f : 90FFC0EF;
3a60 : 44228522;
3a61 : 449240B2;
3a62 : BD9D0141;
3a63 : 0713674D;
3a64 : B7F1B147;
3a65 : 17852783;
3a66 : D4227179;
3a67 : D04AD226;
3a68 : A903D606;
3a69 : 842A0107;
3a6a : CA8984AE;
3a6b : 0C23478D;
3a6c : 061302F9;
3a6d : 45AD4B00;
3a6e : 98EFF0EF;
3a6f : 27144703;
3a70 : 1E6347B1;
3a71 : 069306F7;
3a72 : 081000E1;
3a73 : 852285A6;
3a74 : F0CFE0EF;
3a75 : 5703C52D;
3a76 : 678500E1;
3a77 : 14630791;
3a78 : 4C0004F7;
3a79 : 01C92503;
3a7a : 02092583;
3a7b : 04840613;
3a7c : BC7FB0EF;
3a7d : 02492503;
3a7e : 02892583;
3a7f : 05840613;
3a80 : BB7FB0EF;
3a81 : 02E94683;
3a82 : 47A14705;
3a83 : 00E68363;
3a84 : 22234795;
3a85 : 448100F9;
3a86 : 542250B2;
3a87 : 85265902;
3a88 : 61455492;
3a89 : 67D18082;
3a8a : 879366D1;
3a8b : 8693F087;
3a8c : 4605F146;
3a8d : 85224589;
3a8e : EAFFB0EF;
3a8f : 45ADBFE9;
3a90 : B0EF8522;
3a91 : 4783E4DF;
3a92 : 07130389;
3a93 : 84AA12C0;
3a94 : 02E787B3;
3a95 : 02A7C463;
3a96 : 6751ED19;
3a97 : 852266D1;
3a98 : F4870713;
3a99 : F5468693;
3a9a : 45994605;
3a9b : E7BFB0EF;
3a9c : 35F18522;
3a9d : 8522B755;
3a9e : D0FFC0EF;
3a9f : 852245AD;
3aa0 : E0FFB0EF;
3aa1 : 03894483;
3aa2 : ED400793;
3aa3 : 02F484B3;
3aa4 : B75994AA;
3aa5 : 17852783;
3aa6 : D2267179;
3aa7 : D606D04A;
3aa8 : A903D422;
3aa9 : 84AA0107;
3aaa : 478DCE99;
3aab : 02F90C23;
3aac : 4B000613;
3aad : F0EF45AD;
3aae : 6585890F;
3aaf : 85260591;
3ab0 : E1AFC0EF;
3ab1 : 4703A84D;
3ab2 : 47B12715;
3ab3 : 06F71563;
3ab4 : 08108436;
3ab5 : 00E10693;
3ab6 : E04FE0EF;
3ab7 : 5703CD29;
3ab8 : 678500E1;
3ab9 : 00378693;
3aba : 02D71163;
3abb : 02E94683;
3abc : 96634785;
3abd : 479D02F6;
3abe : 00F92223;
3abf : 852250B2;
3ac0 : 54925422;
3ac1 : 61455902;
3ac2 : 07958082;
3ac3 : 00F71963;
3ac4 : 02E94683;
3ac5 : 94634789;
3ac6 : 47A100F6;
3ac7 : 67D1BFF1;
3ac8 : 879366D1;
3ac9 : 8693F6C7;
3aca : 4605F146;
3acb : 85264589;
3acc : DB7FB0EF;
3acd : 45ADB7E1;
3ace : B0EF8526;
3acf : 4783D55F;
3ad0 : 07130389;
3ad1 : 842A12C0;
3ad2 : 02E787B3;
3ad3 : 02A7C563;
3ad4 : 6751ED19;
3ad5 : 852666D1;
3ad6 : F8470713;
3ad7 : F5468693;
3ad8 : 45994605;
3ad9 : D83FB0EF;
3ada : 3BD18526;
3adb : 8526BF41;
3adc : C17FC0EF;
3add : 45ADF139;
3ade : B0EF8526;
3adf : 4403D15F;
3ae0 : 06930389;
3ae1 : 0433ED40;
3ae2 : 942A02D4;
3ae3 : 2783BF85;
3ae4 : 71791785;
3ae5 : D04AD226;
3ae6 : D422D606;
3ae7 : 0107A903;
3ae8 : C29D84AA;
3ae9 : 0C23478D;
3aea : 4D1C02F9;
3aeb : 06134705;
3aec : 8AA34B00;
3aed : 45AD00E7;
3aee : F8FFE0EF;
3aef : 05896585;
3af0 : C0EF8526;
3af1 : A849D18F;
3af2 : 27154703;
3af3 : 156347B1;
3af4 : 843604F7;
3af5 : 06930810;
3af6 : E0EF00E1;
3af7 : CD0DD02F;
3af8 : 00E15703;
3af9 : 078D6785;
3afa : 00F71C63;
3afb : 2223479D;
3afc : 50B200F9;
3afd : 54228522;
3afe : 59025492;
3aff : 80826145;
3b00 : 66D167D1;
3b01 : F9478793;
3b02 : F1468693;
3b03 : 45894605;
3b04 : B0EF8526;
3b05 : BFF1CD5F;
3b06 : 852645AD;
3b07 : C73FB0EF;
3b08 : 03894783;
3b09 : 12C00713;
3b0a : 87B3842A;
3b0b : C56302E7;
3b0c : ED1902A7;
3b0d : 66D16751;
3b0e : 07138526;
3b0f : 8693FA07;
3b10 : 4605F546;
3b11 : B0EF4599;
3b12 : 8526CA1F;
3b13 : B75539CD;
3b14 : C0EF8526;
3b15 : F13DB35F;
3b16 : 852645AD;
3b17 : C33FB0EF;
3b18 : 03894403;
3b19 : ED400693;
3b1a : 02D40433;
3b1b : B751942A;
3b1c : 17852783;
3b1d : C4221141;
3b1e : C606C226;
3b1f : 842A4B84;
3b20 : 478DCE91;
3b21 : 8C23663D;
3b22 : 061302F4;
3b23 : 45ADA606;
3b24 : EB7FE0EF;
3b25 : A0EF8522;
3b26 : A031E06F;
3b27 : D56FA0EF;
3b28 : 4791E909;
3b29 : 40B2C0DC;
3b2a : 44924422;
3b2b : 01414501;
3b2c : 45AD8082;
3b2d : B0EF8522;
3b2e : C783BD9F;
3b2f : 67110384;
3b30 : A9870713;
3b31 : 02E787B3;
3b32 : FCA7CFE3;
3b33 : 6751ED19;
3b34 : 852266D1;
3b35 : FAC70713;
3b36 : F5468693;
3b37 : 45994605;
3b38 : C07FB0EF;
3b39 : 39A18522;
3b3a : 8522BF7D;
3b3b : A9BFC0EF;
3b3c : B74DD95D;
3b3d : 17852783;
3b3e : D2267179;
3b3f : D606D04A;
3b40 : A903D422;
3b41 : 84AA0107;
3b42 : 4585C685;
3b43 : C4FF90EF;
3b44 : 663D478D;
3b45 : 02F90C23;
3b46 : A6060613;
3b47 : 852645AD;
3b48 : E27FE0EF;
3b49 : 05856585;
3b4a : C0EF8526;
3b4b : A851BB0F;
3b4c : 27154703;
3b4d : 156347B1;
3b4e : 843604F7;
3b4f : 06930810;
3b50 : E0EF00E1;
3b51 : CD0DB9AF;
3b52 : 00E15703;
3b53 : 07896785;
3b54 : 00F71C63;
3b55 : 22234795;
3b56 : 50B200F9;
3b57 : 54228522;
3b58 : 59025492;
3b59 : 80826145;
3b5a : 66D167D1;
3b5b : FB878793;
3b5c : F1468693;
3b5d : 45894605;
3b5e : B0EF8526;
3b5f : BFF1B6DF;
3b60 : 852645AD;
3b61 : B0BFB0EF;
3b62 : 03894783;
3b63 : 07136711;
3b64 : 87B3A987;
3b65 : 842A02E7;
3b66 : 02A7C563;
3b67 : 6751ED19;
3b68 : 852666D1;
3b69 : FC070713;
3b6a : F5468693;
3b6b : 45994605;
3b6c : B37FB0EF;
3b6d : 36618526;
3b6e : 8526B74D;
3b6f : 9CBFC0EF;
3b70 : 45ADF135;
3b71 : B0EF8526;
3b72 : 4403AC9F;
3b73 : 76F10389;
3b74 : 56868693;
3b75 : 02D40433;
3b76 : B741942A;
3b77 : 17852783;
3b78 : D2267179;
3b79 : D606D04A;
3b7a : A903D422;
3b7b : 84AA0107;
3b7c : C0EFC295;
3b7d : 478D80DF;
3b7e : 0C236605;
3b7f : 061302F9;
3b80 : 45ADFA06;
3b81 : E0EF8526;
3b82 : 6585D41F;
3b83 : C0EF8526;
3b84 : A849ACCF;
3b85 : 27154703;
3b86 : 156347B1;
3b87 : 843604F7;
3b88 : 06930810;
3b89 : E0EF00E1;
3b8a : CD0DAB6F;
3b8b : 00E15703;
3b8c : 07856785;
3b8d : 00F71C63;
3b8e : 22234789;
3b8f : 50B200F9;
3b90 : 54228522;
3b91 : 59025492;
3b92 : 80826145;
3b93 : 66D167D1;
3b94 : FC478793;
3b95 : F1468693;
3b96 : 45894605;
3b97 : B0EF8526;
3b98 : BFF1A89F;
3b99 : 852645AD;
3b9a : A27FB0EF;
3b9b : 03894783;
3b9c : 3E800713;
3b9d : 87B3842A;
3b9e : C56302E7;
3b9f : ED1902A7;
3ba0 : 66D1674D;
3ba1 : 07138526;
3ba2 : 86938787;
3ba3 : 4605F546;
3ba4 : B0EF4599;
3ba5 : 8526A55F;
3ba6 : B755345D;
3ba7 : C0EF8526;
3ba8 : F5258E9F;
3ba9 : 852645AD;
3baa : 9E7FB0EF;
3bab : 03894403;
3bac : C1800693;
3bad : 02D40433;
3bae : B751942A;
3baf : 17852783;
3bb0 : 66CD6745;
3bb1 : 07131141;
3bb2 : 8693F7C7;
3bb3 : 46093E46;
3bb4 : C4224589;
3bb5 : 842AC226;
3bb6 : C6064B84;
3bb7 : A0BFB0EF;
3bb8 : 47A54018;
3bb9 : 00F71C63;
3bba : 47A14058;
3bbb : 00F71863;
3bbc : 0424C783;
3bbd : 8522C781;
3bbe : 98EFE0EF;
3bbf : 34042703;
3bc0 : 1A634785;
3bc1 : C78302F7;
3bc2 : CF810084;
3bc3 : 4725401C;
3bc4 : 00E78563;
3bc5 : 96634719;
3bc6 : 458100E7;
3bc7 : 90EF8522;
3bc8 : 405CA3DF;
3bc9 : 8A634719;
3bca : 472100E7;
3bcb : 00E78E63;
3bcc : 9E634711;
3bcd : 458102E7;
3bce : A223A021;
3bcf : 45850004;
3bd0 : 90EF8522;
3bd1 : A025A19F;
3bd2 : 0414C783;
3bd3 : 47254014;
3bd4 : 0FD7F793;
3bd5 : 00E69863;
3bd6 : 9A634705;
3bd7 : C0DC00E7;
3bd8 : BFF94589;
3bd9 : 84634705;
3bda : 852200E7;
3bdb : 40183AC9;
3bdc : 176347A5;
3bdd : 852202F7;
3bde : A34FA0EF;
3bdf : 47A14058;
3be0 : 02F70063;
3be1 : 415C5848;
3be2 : 03E7C783;
3be3 : 5C5CEB91;
3be4 : 40B24422;
3be5 : A3034492;
3be6 : 458102C7;
3be7 : 83020141;
3be8 : 442240B2;
3be9 : 01414492;
3bea : 01138082;
3beb : C206FBC1;
3bec : C61AC416;
3bed : CA2AC81E;
3bee : CE32CC2E;
3bef : D23AD036;
3bf0 : D642D43E;
3bf1 : DA72D846;
3bf2 : DE7ADC76;
3bf3 : 20F3C0FE;
3bf4 : 23F33410;
3bf5 : 2E733420;
3bf6 : F3933430;
3bf7 : 42AD0FF3;
3bf8 : 02729863;
3bf9 : 961F30EF;
3bfa : 42A24092;
3bfb : 43C24332;
3bfc : 45E24552;
3bfd : 56824672;
3bfe : 57A25712;
3bff : 58C25832;
3c00 : 5EE25E52;
3c01 : 4F865F72;
3c02 : 04410113;
3c03 : 30200073;
3c04 : 0000A001;
3c05 : 02060063;
3c06 : 02000793;
3c07 : 40C787B3;
3c08 : 00F04C63;
3c09 : FE060513;
3c0a : 00000713;
3c0b : 00A5D533;
3c0c : 00070593;
3c0d : 00008067;
3c0e : 00C5D733;
3c0f : 00C55533;
3c10 : 00F595B3;
3c11 : 00B56533;
3c12 : FE9FF06F;
3c13 : 02060063;
3c14 : 02000793;
3c15 : 40C787B3;
3c16 : 00F04C63;
3c17 : FE060593;
3c18 : 00000713;
3c19 : 00B515B3;
3c1a : 00070513;
3c1b : 00008067;
3c1c : 00C51733;
3c1d : 00C595B3;
3c1e : 00F55533;
3c1f : 00A5E5B3;
3c20 : FE9FF06F;
3c21 : 02060063;
3c22 : 02000793;
3c23 : 40C787B3;
3c24 : 00F04C63;
3c25 : FE060513;
3c26 : 41F5D713;
3c27 : 40A5D533;
3c28 : 00070593;
3c29 : 00008067;
3c2a : 40C5D733;
3c2b : 00C55533;
3c2c : 00F595B3;
3c2d : 00B56533;
3c2e : FE9FF06F;
3c2f : 04058263;
3c30 : 00000513;
3c31 : 000107B7;
3c32 : 04F5F263;
3c33 : 0FF00793;
3c34 : 00B7B7B3;
3c35 : 00379793;
3c36 : 02000713;
3c37 : 40F70733;
3c38 : 00F5D5B3;
3c39 : 00002797;
3c3a : FF878793;
3c3b : 00B785B3;
3c3c : 0005C783;
3c3d : 40F707B3;
3c3e : 00A78533;
3c3f : 00008067;
3c40 : 00050593;
3c41 : 02000513;
3c42 : FBDFF06F;
3c43 : 01000737;
3c44 : 01000793;
3c45 : FCE5E2E3;
3c46 : 01800793;
3c47 : FBDFF06F;
3c48 : 01851713;
3c49 : 01855793;
3c4a : 000106B7;
3c4b : 00E7E7B3;
3c4c : F0068693;
3c4d : 40855713;
3c4e : 00D77733;
3c4f : 00E7E7B3;
3c50 : 00851513;
3c51 : 00FF0737;
3c52 : 00E57533;
3c53 : 00A7E533;
3c54 : 00008067;
3c55 : 00010837;
3c56 : F0080813;
3c57 : 0085D793;
3c58 : 0107F7B3;
3c59 : 0185D693;
3c5a : 00859613;
3c5b : 00F6E6B3;
3c5c : 01855793;
3c5d : 00F667B3;
3c5e : 00FF0637;
3c5f : 00F677B3;
3c60 : 00F6E6B3;
3c61 : 01851713;
3c62 : 01859793;
3c63 : 01855593;
3c64 : 00B76733;
3c65 : 00855593;
3c66 : 00F5E5B3;
3c67 : 00851893;
3c68 : 0105F5B3;
3c69 : 00B765B3;
3c6a : 01167633;
3c6b : 00F6E533;
3c6c : 00C5E5B3;
3c6d : 00008067;
3c6e : C6CE711D;
3c6f : 061369D5;
3c70 : 45813C00;
3c71 : 43498513;
3c72 : CCA2CE86;
3c73 : C8CACAA6;
3c74 : C2D6C4D2;
3c75 : DE5EC0DA;
3c76 : DA66DC62;
3c77 : D66ED86A;
3c78 : C24FA0EF;
3c79 : 46016551;
3c7a : 05134581;
3c7b : 80EFFCC5;
3c7c : 662DAABF;
3c7d : 06136551;
3c7e : 45814CE6;
3c7f : FD450513;
3c80 : A99F80EF;
3c81 : 65A56625;
3c82 : 06136551;
3c83 : 8593CB06;
3c84 : 0513CF05;
3c85 : 80EFFE05;
3c86 : 6629A83F;
3c87 : 06136551;
3c88 : 45812A86;
3c89 : FE850513;
3c8a : A71F80EF;
3c8b : 65516631;
3c8c : 6DC60613;
3c8d : 05134581;
3c8e : 80EFFEC5;
3c8f : 6625A5FF;
3c90 : 655165A1;
3c91 : 3AC60613;
3c92 : EEA58593;
3c93 : FF450513;
3c94 : A49F80EF;
3c95 : 65516609;
3c96 : 29C60613;
3c97 : 05134581;
3c98 : 80EF0005;
3c99 : 6615A37F;
3c9a : 06136551;
3c9b : 4581CBC6;
3c9c : 00850513;
3c9d : 80EF6425;
3c9e : 0413A23F;
3c9f : C940CA24;
3ca0 : 65A1661D;
3ca1 : 06136551;
3ca2 : 85936186;
3ca3 : 0513BA85;
3ca4 : 80EF0105;
3ca5 : C940A07F;
3ca6 : 65A16621;
3ca7 : 06136551;
3ca8 : 85938AA6;
3ca9 : 0513BEE5;
3caa : 80EF0145;
3cab : 661D9EFF;
3cac : 655165A1;
3cad : 15460613;
3cae : B1C58593;
3caf : 01C50513;
3cb0 : 9D9F80EF;
3cb1 : 661DC940;
3cb2 : 655165A1;
3cb3 : 3DC60613;
3cb4 : B7E58593;
3cb5 : 02450513;
3cb6 : 9C1F80EF;
3cb7 : 6615C940;
3cb8 : 06136551;
3cb9 : 45810146;
3cba : 02C50513;
3cbb : 9ADF80EF;
3cbc : 6551660D;
3cbd : CD860613;
3cbe : 05134581;
3cbf : 80EF0345;
3cc0 : 07B799BF;
3cc1 : 64D10010;
3cc2 : 50078793;
3cc3 : 1C23C737;
3cc4 : 000775B7;
3cc5 : 72F4A823;
3cc6 : 9AC70713;
3cc7 : 85934781;
3cc8 : 08283595;
3cc9 : CE3ECC3A;
3cca : 85AFB0EF;
3ccb : 7304A783;
3ccc : 64594762;
3ccd : 73048493;
3cce : 0793C3D8;
3ccf : 4719EF04;
3cd0 : 24E7A823;
3cd1 : 07136705;
3cd2 : A223B467;
3cd3 : 670524E7;
3cd4 : B7270713;
3cd5 : 24E7A423;
3cd6 : 2497A623;
3cd7 : A70367D1;
3cd8 : 04136E87;
3cd9 : E709EF04;
3cda : 24440713;
3cdb : 6EE7A423;
3cdc : 00100937;
3cdd : 41892783;
3cde : 800006B7;
3cdf : 8FD564D1;
3ce0 : 40F92C23;
3ce1 : 013137B7;
3ce2 : D0378793;
3ce3 : 30092E23;
3ce4 : 30F92023;
3ce5 : 39800613;
3ce6 : 85134581;
3ce7 : A0EF7D04;
3ce8 : 8793A66F;
3ce9 : A0237D04;
3cea : 26830007;
3ceb : 67512009;
3cec : D7936651;
3ced : F7930106;
3cee : 0B2303F7;
3cef : 959370F7;
3cf0 : D7130056;
3cf1 : 87930186;
3cf2 : 8B1D7D04;
3cf3 : 0005D363;
3cf4 : A023470D;
3cf5 : 0AA31207;
3cf6 : 471570E6;
3cf7 : 6741CFB8;
3cf8 : CFF8176D;
3cf9 : F6A00713;
3cfa : 5779DFD8;
3cfb : 4731DF98;
3cfc : 4705C3B8;
3cfd : 0713CBF8;
3cfe : DFF80C80;
3cff : 07136709;
3d00 : DBF87107;
3d01 : 06400713;
3d02 : 0913DFB8;
3d03 : 04934000;
3d04 : 85264000;
3d05 : 859F80EF;
3d06 : 5C050463;
3d07 : 59138485;
3d08 : 4A894029;
3d09 : 00990A33;
3d0a : 80EF8552;
3d0b : E111843F;
3d0c : 493384D2;
3d0d : 17E30359;
3d0e : 67D1FE09;
3d0f : 6697AE23;
3d10 : 22234799;
3d11 : 67D126F4;
3d12 : 48878793;
3d13 : 24F42A23;
3d14 : 879367D1;
3d15 : 2E234787;
3d16 : 67D124F4;
3d17 : 48078793;
3d18 : 2C236551;
3d19 : 458124F4;
3d1a : 47050793;
3d1b : 47050513;
3d1c : 26F42023;
3d1d : C39F30EF;
3d1e : 25442503;
3d1f : 4AA94585;
3d20 : C2DF30EF;
3d21 : 25442503;
3d22 : 04934585;
3d23 : 30EF26C4;
3d24 : 2503E31F;
3d25 : 45852584;
3d26 : E27F30EF;
3d27 : 25C42503;
3d28 : 30EF4581;
3d29 : 2503E1DF;
3d2a : 45852604;
3d2b : E13F30EF;
3d2c : 24234785;
3d2d : 073726F4;
3d2e : 27830010;
3d2f : 268340C7;
3d30 : 05134147;
3d31 : 83C12544;
3d32 : 40070713;
3d33 : 475807AA;
3d34 : 26A42623;
3d35 : 26F42823;
3d36 : 26D42C23;
3d37 : 26042E23;
3d38 : 1AFD8526;
3d39 : EEFF30EF;
3d3a : FE0A9CE3;
3d3b : 26C42503;
3d3c : 30EF4585;
3d3d : 2503DA9F;
3d3e : 30EF26C4;
3d3f : 2503BA3F;
3d40 : 458126C4;
3d41 : D97F30EF;
3d42 : 26C42503;
3d43 : B91F30EF;
3d44 : 26C42503;
3d45 : 30EF4585;
3d46 : 2503D85F;
3d47 : 460126C4;
3d48 : 09F00593;
3d49 : E3FF30EF;
3d4a : 26C42503;
3d4b : DA3F30EF;
3d4c : 01051493;
3d4d : 26C42503;
3d4e : D97F30EF;
3d4f : 94AA0522;
3d50 : 26C42503;
3d51 : D8BF30EF;
3d52 : 250394AA;
3d53 : 458126C4;
3d54 : D4BF30EF;
3d55 : 0FF4F513;
3d56 : 02000793;
3d57 : 48F51563;
3d58 : 282367C1;
3d59 : 478526F4;
3d5a : 26F42E23;
3d5b : 040007B7;
3d5c : 26F42A23;
3d5d : 675167D5;
3d5e : BBC78793;
3d5f : 03C70713;
3d60 : 6759C398;
3d61 : 15C70713;
3d62 : C3D86A45;
3d63 : A68A0713;
3d64 : 52470693;
3d65 : 2683CF94;
3d66 : 07132744;
3d67 : CBD85307;
3d68 : 2683C7D4;
3d69 : 0A132784;
3d6a : 0493A68A;
3d6b : CB9408C0;
3d6c : 27042683;
3d6d : 20EFC794;
3d6e : 8556A2BF;
3d6f : 0A914581;
3d70 : EE0F30EF;
3d71 : FE9A9BE3;
3d72 : 45014589;
3d73 : ED4F30EF;
3d74 : 05136551;
3d75 : 40EF0485;
3d76 : 0AB7E6EF;
3d77 : A5030010;
3d78 : 64D5410A;
3d79 : C7848B13;
3d7a : B39FF0EF;
3d7b : 6551CC2A;
3d7c : 082C4611;
3d7d : 55450513;
3d7e : 95AFA0EF;
3d7f : 404AA783;
3d80 : 8A934505;
3d81 : E793100A;
3d82 : A2230107;
3d83 : 242330FA;
3d84 : 0323015B;
3d85 : 20EF000B;
3d86 : 278398DF;
3d87 : 470D008B;
3d88 : 005EE6B7;
3d89 : 0007A023;
3d8a : C794C7D8;
3d8b : C3D86651;
3d8c : 6A164703;
3d8d : 47856AD9;
3d8e : C7848493;
3d8f : E74A8A93;
3d90 : 02E7E363;
3d91 : 06B346B1;
3d92 : 67D502D7;
3d93 : CF078793;
3d94 : 00A30705;
3d95 : 97B66AE6;
3d96 : 86936685;
3d97 : C3849556;
3d98 : 0157A223;
3d99 : 0513C794;
3d9a : 30EF0C80;
3d9b : 449CF8BF;
3d9c : A0236B05;
3d9d : 20EF0007;
3d9e : 449CF3EF;
3d9f : 0E000713;
3da0 : 800B0593;
3da1 : C783C398;
3da2 : 45010064;
3da3 : 0027E793;
3da4 : 00F48323;
3da5 : 8EFF20EF;
3da6 : 3E800513;
3da7 : F59F30EF;
3da8 : 450165A1;
3da9 : 8DFF20EF;
3daa : 45014581;
3dab : 8D7F20EF;
3dac : 45414581;
3dad : 8CFF20EF;
3dae : 0064C783;
3daf : 14000593;
3db0 : C3998B89;
3db1 : 340B0593;
3db2 : 20EF4501;
3db3 : 45818B9F;
3db4 : 04000513;
3db5 : 8AFF20EF;
3db6 : 001007B7;
3db7 : A0234398;
3db8 : 468500FA;
3db9 : 01875593;
3dba : 64D189BD;
3dbb : 30D58363;
3dbc : 05136551;
3dbd : 40EF0645;
3dbe : 8023D4EF;
3dbf : 37376A04;
3dc0 : 07B70131;
3dc1 : 06930010;
3dc2 : A023D027;
3dc3 : AA2330D7;
3dc4 : AC233007;
3dc5 : A8233007;
3dc6 : 07133007;
3dc7 : A023D0A7;
3dc8 : A02330E7;
3dc9 : AE2330D7;
3dca : 08283007;
3dcb : FECF20EF;
3dcc : 37B7C919;
3dcd : 87935544;
3dce : CC3E3227;
3dcf : 8793679D;
3dd0 : 1E237667;
3dd1 : 082800F1;
3dd2 : F5AF20EF;
3dd3 : E68F20EF;
3dd4 : C78367D1;
3dd5 : E39970C7;
3dd6 : FA6F30EF;
3dd7 : 655165D1;
3dd8 : 09858593;
3dd9 : 0A450513;
3dda : CDCF40EF;
3ddb : 849364D5;
3ddc : 0793D084;
3ddd : AC232804;
3dde : 079316F4;
3ddf : DC9C550A;
3de0 : 564A0793;
3de1 : 67C5DCDC;
3de2 : 41478793;
3de3 : 2AF4A223;
3de4 : 2AF4A423;
3de5 : 2B840793;
3de6 : C0BC6BD1;
3de7 : 07936555;
3de8 : 4A853384;
3de9 : 570B8B13;
3dea : 0593C0FC;
3deb : 0793598A;
3dec : 06133B84;
3ded : 05130700;
3dee : A823FC85;
3def : A8232B54;
3df0 : AE230354;
3df1 : 8D2316F4;
3df2 : 88233354;
3df3 : AA231954;
3df4 : A6230364;
3df5 : 90EF0204;
3df6 : 0793F7DF;
3df7 : CC9C4984;
3df8 : 1784A783;
3df9 : 608A0A13;
3dfa : 0154AE23;
3dfb : 0344A023;
3dfc : 59040413;
3dfd : 020B2703;
3dfe : 4801CB80;
3dff : A4234781;
3e00 : A6231AF4;
3e01 : 2A831B04;
3e02 : 8793008B;
3e03 : 4363570B;
3e04 : 470500E0;
3e05 : 00EA9423;
3e06 : 64D143D8;
3e07 : 5E448493;
3e08 : C3C4E311;
3e09 : 0047AA03;
3e0a : D00F20EF;
3e0b : CACF20EF;
3e0c : 03C4C783;
3e0d : 88A34681;
3e0e : 80A3000A;
3e0f : A78302FA;
3e10 : 460D570B;
3e11 : 879355FD;
3e12 : 557D2507;
3e13 : 008AD703;
3e14 : 1AE6C963;
3e15 : 34800493;
3e16 : 008AD783;
3e17 : 1CF94863;
3e18 : 20EF0828;
3e19 : 4663D12F;
3e1a : 47620005;
3e1b : AC2367D5;
3e1c : 67D1CEE7;
3e1d : 7207AA23;
3e1e : A62367D1;
3e1f : 65516807;
3e20 : 82A367D1;
3e21 : 05136807;
3e22 : 67D15305;
3e23 : 6807A423;
3e24 : C74F80EF;
3e25 : 05136551;
3e26 : 80EF5285;
3e27 : 6551C6AF;
3e28 : 52050513;
3e29 : C60F80EF;
3e2a : 05136551;
3e2b : 80EF5185;
3e2c : 6551C56F;
3e2d : 51050513;
3e2e : C4CF80EF;
3e2f : 05136551;
3e30 : 80EF5085;
3e31 : 6551C42F;
3e32 : 50050513;
3e33 : C38F80EF;
3e34 : 05136551;
3e35 : 80EF4F85;
3e36 : 6551C2EF;
3e37 : 4F050513;
3e38 : C24F80EF;
3e39 : 05136551;
3e3a : 80EF4E85;
3e3b : 6551C1AF;
3e3c : 4E050513;
3e3d : C10F80EF;
3e3e : 05136551;
3e3f : 80EF4D85;
3e40 : 6551C06F;
3e41 : 4D050513;
3e42 : BFCF80EF;
3e43 : 05136551;
3e44 : 80EF4C85;
3e45 : 6551BF2F;
3e46 : 4C050513;
3e47 : BE8F80EF;
3e48 : 05136551;
3e49 : 80EF4B85;
3e4a : 6551BDEF;
3e4b : 4B050513;
3e4c : BD4F80EF;
3e4d : 05136551;
3e4e : 80EF4A85;
3e4f : 6551BCAF;
3e50 : 4A050513;
3e51 : BC0F80EF;
3e52 : 05136551;
3e53 : 80EF4985;
3e54 : 6551BB6F;
3e55 : 49050513;
3e56 : BACF80EF;
3e57 : BADC17B7;
3e58 : 073717F9;
3e59 : 450D0003;
3e5a : 80F72023;
3e5b : D8FFA0EF;
3e5c : 94FFB0EF;
3e5d : 859364D1;
3e5e : 450173C4;
3e5f : AEAF30EF;
3e60 : 001007B7;
3e61 : 40078793;
3e62 : 8B134FDC;
3e63 : 69514349;
3e64 : 2C236A55;
3e65 : 0A9372F9;
3e66 : 89933C0B;
3e67 : 0A134349;
3e68 : A783434A;
3e69 : C7890009;
3e6a : 0189A783;
3e6b : 9782C391;
3e6c : 03098993;
3e6d : FF3A97E3;
3e6e : 3B9AD9B7;
3e6f : A0098993;
3e70 : 6D516BD1;
3e71 : 0DB7845A;
3e72 : 401C0010;
3e73 : 82638CA2;
3e74 : 4C5C1007;
3e75 : 501CEBA5;
3e76 : D01C0785;
3e77 : A89D8CD2;
3e78 : 090694CA;
3e79 : 4785B43D;
3e7a : 00A79533;
3e7b : 26A42A23;
3e7c : 8023B651;
3e7d : 469D6AB4;
3e7e : 6713C3B4;
3e7f : C3984007;
3e80 : A823B9FD;
3e81 : A623DAC7;
3e82 : A0230E07;
3e83 : CFF4DC07;
3e84 : EEB79123;
3e85 : F7078713;
3e86 : 2223C308;
3e87 : 07310007;
3e88 : FEE79CE3;
3e89 : 87930685;
3e8a : B50D3487;
3e8b : 02990533;
3e8c : 570BA783;
3e8d : 511C953E;
3e8e : C39943DC;
3e8f : 978285D2;
3e90 : BD190905;
3e91 : EBD9485C;
3e92 : 97824C5C;
3e93 : 97AA501C;
3e94 : D549D01C;
3e95 : 4501082C;
3e96 : A0EF30EF;
3e97 : A78346E2;
3e98 : AC0373C4;
3e99 : 87B341CD;
3e9a : D36340F6;
3e9b : 97CE0007;
3e9c : 028CA603;
3e9d : E66397B2;
3e9e : A42306F9;
3e9f : AE2302FC;
3ea0 : 268372D4;
3ea1 : 06B37389;
3ea2 : D46340DC;
3ea3 : 86930006;
3ea4 : A6033E86;
3ea5 : 7F6302CC;
3ea6 : A78300D6;
3ea7 : CB89678B;
3ea8 : 004C8593;
3ea9 : 0D4D0513;
3eaa : 40EFC636;
3eab : 46B299AF;
3eac : 02DCA623;
3ead : 678BA783;
3eae : FA63CB99;
3eaf : 67D100D7;
3eb0 : 85938636;
3eb1 : 8513004C;
3eb2 : 40EF1087;
3eb3 : 2C2397AF;
3eb4 : 04137389;
3eb5 : 9AE30304;
3eb6 : B5EDEE8A;
3eb7 : F52D9782;
3eb8 : 87B3BDF5;
3eb9 : A4234137;
3eba : A78302FC;
3ebb : 0785024C;
3ebc : 02FCA223;
3ebd : 0000B769;
3ebe : 000019F0;
3ebf : 00001B1C;
3ec0 : 000018A8;
3ec1 : 000018A8;
3ec2 : 000018A8;
3ec3 : 000018A8;
3ec4 : 00001B1C;
3ec5 : 000018A8;
3ec6 : 000018A8;
3ec7 : 000018A8;
3ec8 : 000018A8;
3ec9 : 00001B02;
3eca : 000018F4;
3ecb : 00001B0E;
3ecc : 000018A8;
3ecd : 000018A8;
3ece : 00001A60;
3ecf : 000018A8;
3ed0 : 00001B20;
3ed1 : 000018A8;
3ed2 : 000018A8;
3ed3 : 00001B14;
3ed4 : 0000233A;
3ed5 : 00002434;
3ed6 : 00002454;
3ed7 : 000024D8;
3ed8 : 00002592;
3ed9 : 000025A6;
3eda : 00002474;
3edb : 000023CA;
3edc : 000022EA;
3edd : 00002314;
3ede : 00002610;
3edf : 000026E2;
3ee0 : 000026FC;
3ee1 : 0000271A;
3ee2 : 00002696;
3ee3 : 000026B8;
3ee4 : 00002AE4;
3ee5 : 00002B16;
3ee6 : 00002B32;
3ee7 : 00002B3E;
3ee8 : 00002B5A;
3ee9 : 00002B66;
3eea : 00002A28;
3eeb : 00002B70;
3eec : 000029F2;
3eed : 00002AC8;
3eee : 00003AEC;
3eef : 00003B70;
3ef0 : 00003AF2;
3ef1 : 00003B2A;
3ef2 : 00003B70;
3ef3 : 00003B38;
3ef4 : 00003B44;
3ef5 : 00003B4A;
3ef6 : 00003B50;
3ef7 : 00003B56;
3ef8 : 00003B5A;
3ef9 : 00003B5E;
3efa : 00003B62;
3efb : 00004968;
3efc : 0000497C;
3efd : 0000499A;
3efe : 000049CA;
3eff : 00004A32;
3f00 : 00004AA8;
3f01 : 00004A92;
3f02 : 00004AF2;
3f03 : 00005A4A;
3f04 : 00005A6E;
3f05 : 00005AA8;
3f06 : 00005AC0;
3f07 : 00005AE0;
3f08 : 00005E6A;
3f09 : 00005E88;
3f0a : 00005EC6;
3f0b : 0000600E;
3f0c : 00006030;
3f0d : 0000608C;
3f0e : 000060B6;
3f0f : 000060DE;
3f10 : 0000612E;
3f11 : 0000615A;
3f12 : 0000623A;
3f13 : 00006252;
3f14 : 0000639A;
3f15 : 000063A8;
3f16 : 0000642A;
3f17 : 000074B0;
3f18 : 00007506;
3f19 : 000074BA;
3f1a : 000074BA;
3f1b : 00007518;
3f1c : 000074BA;
3f1d : 000074BA;
3f1e : 6E616C76;
3f1f : 66666F20;
3f20 : 7074703B;
3f21 : 6F747320;
3f22 : 66733B70;
3f23 : 616D2070;
3f24 : 3B686374;
3f25 : 65646F6D;
3f26 : 73616D20;
3f27 : 3B726574;
3f28 : 20707470;
3f29 : 72617473;
3f2a : 00000074;
3f2b : 00000000;
3f2c : 00000000;
3f2d : 00000000;
3f2e : FFFFC000;
3f2f : 00000000;
3f30 : 00000000;
3f31 : 00000000;
3f32 : 00000000;
3f33 : 00000000;
3f34 : 00000000;
3f35 : 00000000;
3f36 : 00000000;
3f37 : 00004000;
3f38 : 00000000;
3f39 : 00000000;
3f3a : 00000000;
3f3b : 0102FF30;
3f3c : 700604FA;
3f3d : 696C6275;
3f3e : 02FFFD63;
3f3f : FC0102F9;
3f40 : 30FB0102;
3f41 : 06FF30FF;
3f42 : 3F3F3F3F;
3f43 : 3F3F3F3F;
3f44 : 003F3F3F;
3f45 : 33323130;
3f46 : 37363534;
3f47 : 42413938;
3f48 : 46454443;
3f49 : 20210006;
3f4a : 0101B900;
3f4b : 00070001;
3f4c : C71DA021;
3f4d : 00010101;
3f4e : A0FE00BB;
3f4f : 0001C71D;
3f50 : 00C10000;
3f51 : C71DA020;
3f52 : 00000000;
3f53 : A0FEFFFF;
3f54 : 0000C71D;
3f55 : 00000000;
3f56 : 00000004;
3f57 : 46E20100;
3f58 : EA011380;
3f59 : 019000CF;
3f5a : 108157F3;
3f5b : E0FFFF01;
3f5c : FFFF010B;
3f5d : FF0188E0;
3f5e : 0108E1FF;
3f5f : 1B0020E0;
3f60 : 00C0EB01;
3f61 : 30E00198;
3f62 : E0016321;
3f63 : 0461610D;
3f64 : 10838900;
3f65 : 0320F001;
3f66 : 80010463;
3f67 : F101BB0C;
3f68 : 0133E31E;
3f69 : 316324E0;
3f6a : 0300E101;
3f6b : 00E1012B;
3f6c : 00043BC3;
3f6d : 00714114;
3f6e : C3250060;
3f6f : 25026000;
3f70 : 810104CB;
3f71 : 010448C9;
3f72 : 0479C780;
3f73 : 780EBD00;
3f74 : 09008001;
3f75 : 20800153;
3f76 : 00045109;
3f77 : 01C049BD;
3f78 : 5B097AFD;
3f79 : 69810104;
3f7a : 810104F8;
3f7b : 0008F469;
3f7c : 00000000;
3f7d : 00000004;
3f7e : 46E20100;
3f7f : EA011380;
3f80 : 019000CF;
3f81 : 108157F3;
3f82 : E0FFFF01;
3f83 : FFFF010B;
3f84 : FF0188E0;
3f85 : 0108E1FF;
3f86 : 1B0020E0;
3f87 : 00C0EB01;
3f88 : 30E00198;
3f89 : E0016321;
3f8a : 0461610D;
3f8b : 10838900;
3f8c : 0320F001;
3f8d : 80010463;
3f8e : E100BF0C;
3f8f : 01A34355;
3f90 : 33E41EF1;
3f91 : 6424E001;
3f92 : 00E10131;
3f93 : E1012B04;
3f94 : 043BC400;
3f95 : 79229800;
3f96 : 8F800104;
3f97 : 800104C0;
3f98 : E0006122;
3f99 : 00A34301;
3f9a : A16301E0;
3f9b : 8C800104;
3f9c : 02E000F8;
3f9d : 0104A383;
3f9e : 08F08C80;
3f9f : 00000000;
3fa0 : 1E1F1C1F;
3fa1 : 1F1F1E1F;
3fa2 : 1F1E1F1E;
3fa3 : 1E1F1D1F;
3fa4 : 1F1F1E1F;
3fa5 : 1F1E1F1E;
3fa6 : 006E614A;
3fa7 : 00626546;
3fa8 : 0072614D;
3fa9 : 00727041;
3faa : 0079614D;
3fab : 006E754A;
3fac : 006C754A;
3fad : 00677541;
3fae : 00706553;
3faf : 0074634F;
3fb0 : 00766F4E;
3fb1 : 00636544;
3fb2 : 006E7553;
3fb3 : 006E6F4D;
3fb4 : 00657554;
3fb5 : 00646557;
3fb6 : 00756854;
3fb7 : 00697246;
3fb8 : 00746153;
3fb9 : 2D424453;
3fba : 01010500;
3fbb : 00000000;
3fbc : 00000000;
3fbd : 00000000;
3fbe : 7F030000;
3fbf : 656C6946;
3fc0 : 61746144;
3fc1 : 2020202E;
3fc2 : 01000000;
3fc3 : 00000000;
3fc4 : 2020202E;
3fc5 : 20202020;
3fc6 : 20202020;
3fc7 : 20202020;
3fc8 : 00202020;
3fc9 : 00000000;
3fca : 06000000;
3fcb : 00000000;
3fcc : 40010000;
3fcd : 00000000;
3fce : BF010000;
3fcf : 656C6946;
3fd0 : 61746144;
3fd1 : 696C6163;
3fd2 : 01000000;
3fd3 : 00000000;
3fd4 : 696C6163;
3fd5 : 74617262;
3fd6 : 206E6F69;
3fd7 : 20202020;
3fd8 : 01202020;
3fd9 : 00000000;
3fda : 06000000;
3fdb : 00000000;
3fdc : C0010000;
3fdd : 00000000;
3fde : C5010000;
3fdf : 656C6946;
3fe0 : 61746144;
3fe1 : 2D63616D;
3fe2 : 01000000;
3fe3 : 00000000;
3fe4 : 2D63616D;
3fe5 : 72646461;
3fe6 : 20737365;
3fe7 : 20202020;
3fe8 : 01202020;
3fe9 : 00000000;
3fea : 06000000;
3feb : 00000000;
3fec : 00020000;
3fed : 00000000;
3fee : 7F020000;
3fef : 656C6946;
3ff0 : 61746144;
3ff1 : 2D706673;
3ff2 : 01000000;
3ff3 : 00000000;
3ff4 : 2D706673;
3ff5 : 61746164;
3ff6 : 65736162;
3ff7 : 20202020;
3ff8 : 01202020;
3ff9 : 00000000;
3ffa : 06000000;
3ffb : 00000000;
3ffc : 80020000;
3ffd : 00000000;
3ffe : 7F030000;
3fff : 656C6946;
4000 : 61746144;
4001 : 692D7277;
4002 : 01000000;
4003 : 00000000;
4004 : 692D7277;
4005 : 2074696E;
4006 : 20202020;
4007 : 20202020;
4008 : 01202020;
4009 : 00000000;
400a : 00000000;
400b : 63707277;
400c : 2E35762D;
400d : 69642D30;
400e : 00797472;
400f : 00000000;
4010 : 00000000;
4011 : 00000000;
4012 : 00000000;
4013 : 20677541;
4014 : 32203431;
4015 : 00363230;
4016 : 00000000;
4017 : 323A3431;
4018 : 31353A32;
4019 : 00000000;
401a : 00000000;
401b : 35303162;
401c : 37303430;
401d : 61704032;
401e : 00006E69;
401f : 00000000;
4020 : 00000000;
4021 : 00000000;
4022 : 00000000;
4023 : 00000000;
4024 : 00000000;
4025 : 00012AEC;
4026 : 0000E55C;
4027 : 00012AFC;
4028 : 0000E35C;
4029 : 00012A24;
402a : 00008950;
402b : 00012B04;
402c : 0000E1EA;
402d : 00012B10;
402e : 0000D7DE;
402f : 00012B14;
4030 : 0000D7DE;
4031 : 00012B1C;
4032 : 0000E188;
4033 : 00012B24;
4034 : 0000DFC8;
4035 : 00012984;
4036 : 0000DFC8;
4037 : 0001298C;
4038 : 0000650C;
4039 : 645F7070;
403a : 5F676169;
403b : 73726170;
403c : 00000065;
403d : 00012964;
403e : 0000B4B8;
403f : 00000001;
4040 : 0001296C;
4041 : 0000B4B8;
4042 : 00000000;
4043 : 00012974;
4044 : 00008BD2;
4045 : 00000001;
4046 : 00012978;
4047 : 00008BD2;
4048 : 00000001;
4049 : 00012980;
404a : 0000A6FA;
404b : 00000001;
404c : 00012B14;
404d : 0000A6FA;
404e : 00000002;
404f : 00012984;
4050 : 0000A6FA;
4051 : 00000003;
4052 : 0001298C;
4053 : 0000A6FA;
4054 : 00000004;
4055 : 00000000;
4056 : 00012980;
4057 : 00012B14;
4058 : 00012984;
4059 : 0001298C;
405a : 00000000;
405b : 00012974;
405c : 00012994;
405d : 00012AB8;
405e : 00012AC4;
405f : 00012AD0;
4060 : 00012ADC;
4061 : 00012A60;
4062 : 00012AA4;
4063 : 00012AAC;
4064 : 00012AB0;
4065 : 00012AB4;
4066 : 000115F0;
4067 : 00012A90;
4068 : 00012A98;
4069 : 00012AA0;
406a : 00011C94;
406b : 00012A88;
406c : 000129B0;
406d : 00012A54;
406e : 00012A5C;
406f : 00012A60;
4070 : 00012A68;
4071 : 00012A6C;
4072 : 00012964;
4073 : 0001296C;
4074 : 00012A70;
4075 : 00012A78;
4076 : 00012A80;
4077 : 02000103;
4078 : 02010101;
4079 : 00000501;
407a : 00000000;
407b : 000129D8;
407c : 000129E4;
407d : 000129F0;
407e : 00012A00;
407f : 00012A0C;
4080 : 00012A18;
4081 : 00012A24;
4082 : 00012A30;
4083 : 00012A38;
4084 : 00012A44;
4085 : 000129B8;
4086 : 000129C0;
4087 : 000129C4;
4088 : 000129CC;
4089 : 000129D4;
408a : 000115EC;
408b : 000129A8;
408c : 000115F0;
408d : 000129B0;
408e : 00000050;
408f : 00012950;
4090 : 00000057;
4091 : 00012954;
4092 : 00012834;
4093 : 00012838;
4094 : 0001283C;
4095 : 00012840;
4096 : 00000000;
4097 : 000128D8;
4098 : 000128E4;
4099 : 000128F0;
409a : 000128FC;
409b : 00012908;
409c : 00012914;
409d : 00012920;
409e : 0001292C;
409f : 00012938;
40a0 : 00012944;
40a1 : 00000000;
40a2 : 0001286C;
40a3 : 00012878;
40a4 : 00012884;
40a5 : 00012890;
40a6 : 0001289C;
40a7 : 000128A8;
40a8 : 000128B4;
40a9 : 000128C0;
40aa : 000128CC;
40ab : 00000000;
40ac : 00012844;
40ad : 0001284C;
40ae : 00012854;
40af : 0001285C;
40b0 : 00012864;
40b1 : 000109D8;
40b2 : 00001282;
40b3 : 00010974;
40b4 : 00000009;
40b5 : 00010968;
40b6 : 00001282;
40b7 : 00010918;
40b8 : 00000009;
40b9 : 0001090C;
40ba : 00001282;
40bb : 00010844;
40bc : 00000009;
40bd : 00010838;
40be : 00001282;
40bf : 000106D0;
40c0 : 00000009;
40c1 : 000106C4;
40c2 : 00001282;
40c3 : 00010638;
40c4 : 00000009;
40c5 : 0001062C;
40c6 : 00001282;
40c7 : 000105B4;
40c8 : 00000009;
40c9 : 000105A8;
40ca : 00001132;
40cb : 00010544;
40cc : 0000000A;
40cd : 00010538;
40ce : 00001282;
40cf : 000104FC;
40d0 : 00000009;
40d1 : 000104F0;
40d2 : 00001282;
40d3 : 0001048C;
40d4 : 00000009;
40d5 : 00010480;
40d6 : 00001282;
40d7 : 0001041C;
40d8 : 00000009;
40d9 : 00000000;
40da : 00000000;
40db : 00000000;
40dc : 00000000;
40dd : 64707470;
40de : 74656E5F;
40df : 635F6669;
40e0 : 74616572;
40e1 : 6F735F65;
40e2 : 74656B63;
40e3 : 00000000;
40e4 : 00C28001;
40e5 : 00000E00;
40e6 : 000129B8;
40e7 : 000129C0;
40e8 : 000129C4;
40e9 : 00012AE4;
40ea : 00012B34;
40eb : 00012B3C;
40ec : 00012B48;
40ed : 00012B54;
40ee : 00000000;
40ef : 00000000;
40f0 : 00000000;
40f1 : 00000000;
40f2 : 00012B78;
40f3 : 00012B60;
40f4 : 00012B6C;
40f5 : 00012B84;
40f6 : 00012B90;
40f7 : 00012B9C;
40f8 : 36362C2C;
40f9 : 00000000;
40fa : 4036362C;
40fb : 00003022;
40fc : 5F636D62;
40fd : 74617473;
40fe : 65645F65;
40ff : 69736963;
4100 : 00006E6F;
4101 : 20677541;
4102 : 32203431;
4103 : 20363230;
4104 : 313A3431;
4105 : 32303A34;
4106 : 00000000;
4107 : 00014364;
4108 : 00003930;
4109 : 00007E5E;
410a : 00014654;
410b : 04000202;
410c : 00014360;
410d : 00003930;
410e : 00003832;
410f : 00015DE0;
4110 : 51000402;
4111 : 0001435C;
4112 : 00003930;
4113 : 00003832;
4114 : 000146C0;
4115 : 04000202;
4116 : 00014358;
4117 : 00003930;
4118 : 00003832;
4119 : 000146BC;
411a : 04000202;
411b : 00000000;
411c : 00000000;
411d : 00000000;
411e : 00000000;
411f : 00000000;
4120 : 0401062B;
4121 : 01656001;
4122 : 0000000C;
4123 : 00014374;
4124 : 00003930;
4125 : 00003F70;
4126 : 00014658;
4127 : 04000202;
4128 : 00014370;
4129 : 00003930;
412a : 00003832;
412b : 00014638;
412c : 04000202;
412d : 0001436C;
412e : 00003930;
412f : 00003832;
4130 : 0001463C;
4131 : 04000202;
4132 : 00014368;
4133 : 00003930;
4134 : 00003832;
4135 : 00014634;
4136 : 04000202;
4137 : 00000000;
4138 : 00000000;
4139 : 00000000;
413a : 00000000;
413b : 00000000;
413c : 0401062B;
413d : 01656001;
413e : 0000000A;
413f : 0001437C;
4140 : 00003930;
4141 : 00004B36;
4142 : 0001465C;
4143 : 04000202;
4144 : 00014378;
4145 : 00003930;
4146 : 00003832;
4147 : 000151D0;
4148 : 20000402;
4149 : 00000000;
414a : 00000000;
414b : 00000000;
414c : 00000000;
414d : 00000000;
414e : 0401062B;
414f : 01656001;
4150 : 00000009;
4151 : 0001438C;
4152 : 000043BE;
4153 : 00000000;
4154 : 00000000;
4155 : 01000401;
4156 : 00014388;
4157 : 000043BE;
4158 : 00000000;
4159 : 00000000;
415a : 01000201;
415b : 00014384;
415c : 000043BE;
415d : 00000000;
415e : 00000000;
415f : 01000201;
4160 : 00014380;
4161 : 000043BE;
4162 : 00000000;
4163 : 00000000;
4164 : 01000201;
4165 : 00000000;
4166 : 00000000;
4167 : 00000000;
4168 : 00000000;
4169 : 00000000;
416a : 0401062B;
416b : 01656001;
416c : 00000108;
416d : 000143A0;
416e : 000039B0;
416f : 00000000;
4170 : 00000001;
4171 : 01000202;
4172 : 0001439C;
4173 : 000038FE;
4174 : 00000000;
4175 : 00000000;
4176 : 01000402;
4177 : 00014398;
4178 : 00003930;
4179 : 00000000;
417a : 000145D8;
417b : 04000202;
417c : 00014394;
417d : 00003930;
417e : 00000000;
417f : 00015E78;
4180 : 04004102;
4181 : 00014390;
4182 : 00003930;
4183 : 00000000;
4184 : 00015E7C;
4185 : 04004102;
4186 : 00000000;
4187 : 00000000;
4188 : 00000000;
4189 : 00000000;
418a : 00000000;
418b : 0401062B;
418c : 01656001;
418d : 00000007;
418e : 000143B8;
418f : 00003930;
4190 : 000037F6;
4191 : 00014664;
4192 : 04000202;
4193 : 000143B4;
4194 : 00003930;
4195 : 00004BB2;
4196 : 00014660;
4197 : 04000202;
4198 : 000143B0;
4199 : 00003930;
419a : 00003832;
419b : 000151F0;
419c : 10000402;
419d : 000143AC;
419e : 00003930;
419f : 00003832;
41a0 : 00015208;
41a1 : 04000202;
41a2 : 000143A8;
41a3 : 00003930;
41a4 : 00003832;
41a5 : 0001520C;
41a6 : 04000202;
41a7 : 000143A4;
41a8 : 00003930;
41a9 : 00003832;
41aa : 00015200;
41ab : 08000202;
41ac : 00000000;
41ad : 00000000;
41ae : 00000000;
41af : 00000000;
41b0 : 00000000;
41b1 : 0401062B;
41b2 : 01656001;
41b3 : 00000006;
41b4 : 000143FC;
41b5 : 000039EA;
41b6 : 00000000;
41b7 : 00000001;
41b8 : 01000202;
41b9 : 000143F8;
41ba : 000039EA;
41bb : 00000000;
41bc : 00000002;
41bd : 01000202;
41be : 000143F4;
41bf : 000039EA;
41c0 : 00000000;
41c1 : 00000003;
41c2 : 01000202;
41c3 : 000143F0;
41c4 : 000039EA;
41c5 : 00000000;
41c6 : 00000004;
41c7 : 01004602;
41c8 : 000143EC;
41c9 : 0000393E;
41ca : 00000000;
41cb : 00014E84;
41cc : 04684102;
41cd : 000143E8;
41ce : 000039EA;
41cf : 00000000;
41d0 : 00000005;
41d1 : 01004602;
41d2 : 000143E4;
41d3 : 000039EA;
41d4 : 00000000;
41d5 : 00000006;
41d6 : 01000202;
41d7 : 000143E0;
41d8 : 000039EA;
41d9 : 00000000;
41da : 00000007;
41db : 01000202;
41dc : 000143DC;
41dd : 000039EA;
41de : 00000000;
41df : 00000008;
41e0 : 01000202;
41e1 : 000143D8;
41e2 : 000039EA;
41e3 : 00000000;
41e4 : 00000009;
41e5 : 01000202;
41e6 : 000143D4;
41e7 : 000039EA;
41e8 : 00000000;
41e9 : 0000000A;
41ea : 01004102;
41eb : 000143D0;
41ec : 000039EA;
41ed : 00000000;
41ee : 0000000B;
41ef : 01004102;
41f0 : 000143CC;
41f1 : 000039EA;
41f2 : 00000000;
41f3 : 0000000C;
41f4 : 01004102;
41f5 : 000143C8;
41f6 : 000039EA;
41f7 : 00000000;
41f8 : 0000000D;
41f9 : 01004602;
41fa : 000143C4;
41fb : 00003930;
41fc : 00000000;
41fd : 00015038;
41fe : 04004102;
41ff : 000143C0;
4200 : 00003930;
4201 : 00000000;
4202 : 0001503C;
4203 : 04004102;
4204 : 000143BC;
4205 : 00003930;
4206 : 00000000;
4207 : 00014E88;
4208 : 08084602;
4209 : 00000000;
420a : 00000000;
420b : 00000000;
420c : 00000000;
420d : 00000000;
420e : 0401062B;
420f : 01656001;
4210 : 00000005;
4211 : 00014420;
4212 : 00003930;
4213 : 00000000;
4214 : 000147D0;
4215 : 01000202;
4216 : 0001441C;
4217 : 00003930;
4218 : 00000000;
4219 : 000147E0;
421a : 01004102;
421b : 00014418;
421c : 00003930;
421d : 00000000;
421e : 000147D4;
421f : 01000202;
4220 : 00014414;
4221 : 00003930;
4222 : 00000000;
4223 : 0001486C;
4224 : 01000202;
4225 : 00014410;
4226 : 00003930;
4227 : 00000000;
4228 : 00014850;
4229 : 01004102;
422a : 0001440C;
422b : 00003930;
422c : 00000000;
422d : 00014924;
422e : 01004102;
422f : 00014408;
4230 : 00003930;
4231 : 00000000;
4232 : 00014834;
4233 : 01000202;
4234 : 00014404;
4235 : 00003930;
4236 : 00000000;
4237 : 000148B4;
4238 : 01000202;
4239 : 00014400;
423a : 00003930;
423b : 00000000;
423c : 000147DC;
423d : 01004102;
423e : 00000000;
423f : 00000000;
4240 : 00000000;
4241 : 00000000;
4242 : 00000000;
4243 : 0401062B;
4244 : 01656001;
4245 : 00000004;
4246 : 0001442C;
4247 : 0000394E;
4248 : 00000000;
4249 : 00000004;
424a : 01004602;
424b : 00014428;
424c : 0000394E;
424d : 00000000;
424e : 00000005;
424f : 01000402;
4250 : 00014424;
4251 : 0000394E;
4252 : 00000000;
4253 : 00000002;
4254 : 01004302;
4255 : 00000000;
4256 : 00000000;
4257 : 00000000;
4258 : 00000000;
4259 : 00000000;
425a : 0401062B;
425b : 01656001;
425c : 00000002;
425d : 0001443C;
425e : 00003930;
425f : 00000000;
4260 : 00014554;
4261 : 01000402;
4262 : 00014438;
4263 : 00003930;
4264 : 00000000;
4265 : 0001002C;
4266 : 01000402;
4267 : 00014434;
4268 : 00003930;
4269 : 00000000;
426a : 0001006C;
426b : 01000402;
426c : 00014430;
426d : 00003930;
426e : 00000000;
426f : 00010404;
4270 : 01000402;
4271 : 00000000;
4272 : 00000000;
4273 : 00000000;
4274 : 00000000;
4275 : 00000000;
4276 : 0401062B;
4277 : 01656001;
4278 : 00000001;
4279 : ADA5301E;
427a : 00000001;
427b : 00014550;
427c : 00000014;
427d : 00015434;
427e : 00000000;
427f : 00000000;
4280 : 000147D0;
4281 : 00000000;
4282 : 000145B0;
4283 : 00000000;
4284 : 00000000;
4285 : 00000B44;
4286 : 00000B2A;
4287 : 00000B10;
4288 : 00009A36;
4289 : 00009A8C;
428a : 00009BB4;
428b : 00009BB4;
428c : 00009BB4;
428d : 00009BB4;
428e : 00009BB4;
428f : 00009BB4;
4290 : 00009AA4;
4291 : 00009ABC;
4292 : 00009BB4;
4293 : 00009AEC;
4294 : 00009B96;
4295 : 0000D5EC;
4296 : 0000D606;
4297 : 0000D60E;
4298 : 0000D726;
4299 : 0000D6DE;
429a : 00000000;
429b : 0101002C;
429c : 00000100;
429d : 00000001;
429e : 0101002C;
429f : 00007F01;
42a0 : 00000002;
42a1 : 02010036;
42a2 : 00007F05;
42a3 : 00000003;
42a4 : 02010036;
42a5 : 00007F05;
42a6 : 00000008;
42a7 : 0100002C;
42a8 : 00000102;
42a9 : 00000009;
42aa : 01000036;
42ab : 00000203;
42ac : 0000000A;
42ad : 02000036;
42ae : 00007F05;
42af : 0000000B;
42b0 : 01000040;
42b1 : 00000005;
42b2 : 0000000C;
42b3 : 0100FFFF;
42b4 : 00007F05;
42b5 : 0000000C;
42b6 : 0200FFFF;
42b7 : 00007F05;
42b8 : 0000000D;
42b9 : 0100FFFF;
42ba : 00007F04;
42bb : 00191B01;
42bc : 00000000;
42bd : 00300008;
42be : 00014264;
42bf : 00013FC4;
42c0 : 00013FB8;
42c1 : 00013F94;
42c2 : 00013F08;
42c3 : 00014274;
42c4 : 00014240;
42c5 : 0001424C;
42c6 : 00014258;
42c7 : 000141AC;
42c8 : 00000003;
42c9 : 000141B4;
42ca : 00000003;
42cb : 000141C0;
42cc : 00000000;
42cd : 000141C4;
42ce : 00000003;
42cf : 000141D0;
42d0 : 00000003;
42d1 : 000141DC;
42d2 : 00000003;
42d3 : 000141E4;
42d4 : 00000001;
42d5 : 000141F0;
42d6 : 00000001;
42d7 : 000141FC;
42d8 : 00000000;
42d9 : 00014208;
42da : 00000001;
42db : 00014214;
42dc : 00000001;
42dd : 00014220;
42de : 00000001;
42df : 00000000;
42e0 : 00014184;
42e1 : 0001418C;
42e2 : 00013FF0;
42e3 : 00014198;
42e4 : 000141A0;
42e5 : 00013B78;
42e6 : 000141A8;
42e7 : 5F636D62;
42e8 : 6F706F74;
42e9 : 79676F6C;
42ea : 706D635F;
42eb : 00000000;
42ec : 5F636D62;
42ed : 635F6D67;
42ee : 0000706D;
42ef : 5F636D62;
42f0 : 61746164;
42f1 : 5F746573;
42f2 : 00706D63;
42f3 : 000142F8;
42f4 : 00014308;
42f5 : 00014314;
42f6 : 00014320;
42f7 : 0001432C;
42f8 : 00014338;
42f9 : 00014280;
42fa : 00014288;
42fb : 00014294;
42fc : 000142A0;
42fd : 000142AC;
42fe : 000142B8;
42ff : 000142C8;
4300 : 000142D8;
4301 : 000142EC;
4302 : 0000E840;
4303 : 0000EDDC;
4304 : 0000EC70;
4305 : 0000ECF4;
4306 : 0000EB8E;
4307 : 0000B6B4;
4308 : 0000EA94;
4309 : 0000E994;
430a : 0000B204;
430b : 5F687277;
430c : 76726573;
430d : 6E695F6F;
430e : 00007469;
430f : 625F7277;
4310 : 5F61636D;
4311 : 00003173;
4312 : 755F7277;
4313 : 6361706E;
4314 : 6E615F6B;
4315 : 6E756F6E;
4316 : 00006563;
4317 : 705F7277;
4318 : 5F6B6361;
4319 : 6F6E6E61;
431a : 65636E75;
431b : 00000000;
431c : 685F7277;
431d : 6C646E61;
431e : 6F665F65;
431f : 776F6C6C;
4320 : 00007075;
4321 : 685F7277;
4322 : 6C646E61;
4323 : 79735F65;
4324 : 0000636E;
4325 : 00000000;
4326 : 1B010000;
4327 : 00000019;
4328 : 00C28001;
4329 : 00000E00;
432a : 63707277;
432b : 74656E5F;
432c : 6E65735F;
432d : 00000064;
432e : 63707277;
432f : 6D69745F;
4330 : 64615F65;
4331 : 7473756A;
4332 : 66666F5F;
4333 : 00746573;
4334 : 63707277;
4335 : 6D69745F;
4336 : 64615F65;
4337 : 7473756A;
4338 : 00000000;
4339 : 63707277;
433a : 6D69745F;
433b : 65735F65;
433c : 00000074;
433d : 63707277;
433e : 6D69745F;
433f : 65675F65;
4340 : 00000074;
4341 : 00B800A8;
4342 : 00D800C8;
4343 : 00F800E8;
4344 : 745F7369;
4345 : 73656D69;
4346 : 706D6174;
4347 : 636E695F;
4348 : 6572726F;
4349 : 745F7463;
434a : 73657268;
434b : 00000000;
434c : 76616C73;
434d : 61685F65;
434e : 656C646E;
434f : 6C6F665F;
4350 : 75776F6C;
4351 : 00000070;
4352 : 00000106;
4353 : C71D2107;
4354 : 010101A0;
4355 : 00014228;
4356 : C71DFEBB;
4357 : 000001A0;
4358 : 00014234;
4359 : 000000C1;
435a : C71DFEC1;
435b : 000000A0;
435c : 00014228;
435d : C71DFEC1;
435e : 000000A0;
435f : 00014234;
4360 : 5F636D62;
4361 : 636C6163;
4362 : 74616C75;
4363 : 62655F65;
4364 : 00747365;
4365 : 5F636D62;
4366 : 5F796E61;
4367 : 74726F70;
4368 : 696E695F;
4369 : 6C616974;
436a : 6E697A69;
436b : 00000067;
436c : 5F636D62;
436d : 73756C66;
436e : 72665F68;
436f : 6D5F6E67;
4370 : 65747361;
4371 : 00000072;
4372 : 5F636D62;
4373 : 61647075;
4374 : 655F6574;
4375 : 74736562;
4376 : 00000000;
4377 : 5F636D62;
4378 : 5F646461;
4379 : 6E677266;
437a : 73616D5F;
437b : 00726574;
437c : 685F7277;
437d : 6C646E61;
437e : 72645F65;
437f : 00007165;
4380 : 685F7277;
4381 : 6C646E61;
4382 : 65725F65;
4383 : 00007073;
4384 : 72775F5F;
4385 : 65735F68;
4386 : 5F6F7672;
4387 : 61647075;
4388 : 00006574;
4389 : 72775F5F;
438a : 65735F68;
438b : 5F6F7672;
438c : 61647075;
438d : 00006574;
438e : 745F7070;
438f : 5F656D69;
4390 : 64726168;
4391 : 69726177;
4392 : 0000657A;
4393 : 00000000;
4394 : 0000AFD6;
4395 : 00000000;
4396 : 00000000;
4397 : 00000000;
4398 : 00000000;
4399 : 00000000;
439a : 00000000;
439b : 00000000;
439c : 00000000;
439d : 00000000;
439e : 0000CFD6;
439f : 00008940;
43a0 : 76616C73;
43a1 : 61685F65;
43a2 : 656C646E;
43a3 : 6E6E615F;
43a4 : 636E756F;
43a5 : 00000065;
43a6 : 0000E26C;
43a7 : 00000000;
43a8 : 00000000;
43a9 : 00000000;
43aa : 00000000;
43ab : 00000000;
43ac : 00000000;
43ad : 00000000;
43ae : 0000C606;
43af : 0000E454;
43b0 : 00000000;
43b1 : 0000DE96;
43b2 : 00008940;
43b3 : 00000000;
43b4 : 00000000;
43b5 : 00000000;
43b6 : 00000000;
43b7 : 00000000;
43b8 : 00000000;
43b9 : 00000000;
43ba : 00000000;
43bb : 00000000;
43bc : 00000000;
43bd : 00000000;
43be : 0000CFD8;
43bf : 00000000;
43c0 : 00000000;
43c1 : 00000000;
43c2 : 00000000;
43c3 : 00000000;
43c4 : 00000000;
43c5 : 00000000;
43c6 : 00000000;
43c7 : 00000000;
43c8 : 00000000;
43c9 : 00000000;
43ca : 0000CFA4;
43cb : 00008940;
43cc : 76616C73;
43cd : 61685F65;
43ce : 656C646E;
43cf : 6E79735F;
43d0 : 00000063;
43d1 : 745F7070;
43d2 : 6F656D69;
43d3 : 695F7475;
43d4 : 0074696E;
43d5 : 76616C73;
43d6 : 61685F65;
43d7 : 656C646E;
43d8 : 7365725F;
43d9 : 736E6F70;
43da : 00000065;
43db : 695F7070;
43dc : 6974696E;
43dd : 7A696C61;
43de : 00676E69;
43df : 735F7277;
43e0 : 65746174;
43e1 : 6168635F;
43e2 : 0065676E;
43e3 : 000034F0;
43e4 : 00003550;
43e5 : 0000345C;
43e6 : 00000000;
43e7 : 00000100;
43e8 : 00000200;
43e9 : 00000300;
43ea : 00170000;
43eb : 002E0000;
43ec : 00600000;
43ed : FFFFFFFF;
43ee : 000097E0;
43ef : 00008A02;
43f0 : 0000A162;
43f1 : 0000BB56;
43f2 : 00000000;
43f3 : 00008A4C;
43f4 : 00008A38;
43f5 : 00008A2E;
43f6 : 0000BD66;
43f7 : 0000BCFE;
43f8 : 0000BCCC;
43f9 : 0000BC70;
43fa : 00000000;
43fb : 00000000;
43fc : 00008A22;
43fd : 000090B2;
43fe : 00008C40;
43ff : 00000000;
4400 : 00000000;
4401 : 00000000;
4402 : 00000000;
4403 : 00000000;
4404 : 00000000;
4405 : 00000000;
4406 : 00000000;
4407 : 00000000;
4408 : 00000000;
4409 : 00000001;
440a : 00000001;
440b : 00000003;
440c : 00000000;
440d : 00000000;
440e : 00000000;
440f : 00000000;
4410 : 00000000;
4411 : 00000000;
4412 : 00000000;
4413 : 00000000;
4414 : 00000000;
4415 : 00000000;
4416 : 00000000;
4417 : 00000000;
4418 : 00000000;
4419 : 00000000;
441a : 00000007;
441b : 00000000;
441c : 0000BB00;
441d : 0000BACC;
441e : 00000000;
441f : 00000000;
4420 : 0000B68A;
4421 : 0000D2E0;
4422 : 00000000;
4423 : 0000BA90;
4424 : 0000BA54;
4425 : 00000000;
4426 : 00000000;
4427 : 00000000;
4428 : 0000D2A2;
4429 : 0000B9BC;
442a : 0000B8B8;
442b : 000089D8;
442c : 00000000;
442d : 0000EEBC;
442e : 0000B56A;
442f : 0000B2BC;
4430 : 000089B4;
4431 : 000089B4;
4432 : 000089B0;
4433 : 000089BA;
4434 : 0000A830;
4435 : 00008990;
4436 : 0000B7B6;
4437 : 02020100;
4438 : 03030303;
4439 : 04040404;
443a : 04040404;
443b : 05050505;
443c : 05050505;
443d : 05050505;
443e : 05050505;
443f : 06060606;
4440 : 06060606;
4441 : 06060606;
4442 : 06060606;
4443 : 06060606;
4444 : 06060606;
4445 : 06060606;
4446 : 06060606;
4447 : 07070707;
4448 : 07070707;
4449 : 07070707;
444a : 07070707;
444b : 07070707;
444c : 07070707;
444d : 07070707;
444e : 07070707;
444f : 07070707;
4450 : 07070707;
4451 : 07070707;
4452 : 07070707;
4453 : 07070707;
4454 : 07070707;
4455 : 07070707;
4456 : 07070707;
4457 : 08080808;
4458 : 08080808;
4459 : 08080808;
445a : 08080808;
445b : 08080808;
445c : 08080808;
445d : 08080808;
445e : 08080808;
445f : 08080808;
4460 : 08080808;
4461 : 08080808;
4462 : 08080808;
4463 : 08080808;
4464 : 08080808;
4465 : 08080808;
4466 : 08080808;
4467 : 08080808;
4468 : 08080808;
4469 : 08080808;
446a : 08080808;
446b : 08080808;
446c : 08080808;
446d : 08080808;
446e : 08080808;
446f : 08080808;
4470 : 08080808;
4471 : 08080808;
4472 : 08080808;
4473 : 08080808;
4474 : 08080808;
4475 : 08080808;
4476 : 08080808;
4477 : 4C554E3C;
4478 : 00003E4C;
4479 : 202C7325;
447a : 25207325;
447b : 25202C64;
447c : 25202C64;
447d : 3A643230;
447e : 64323025;
447f : 3230253A;
4480 : 00000064;
4481 : 2D643425;
4482 : 64323025;
4483 : 3230252D;
4484 : 30252D64;
4485 : 253A6432;
4486 : 3A643230;
4487 : 64323025;
4488 : 00000000;
4489 : 252E6425;
448a : 64252E64;
448b : 0064252E;
448c : 35302025;
448d : 0000644C;
448e : 6E492D2D;
448f : 72726F63;
4490 : 2D746365;
4491 : 0000002D;
4492 : 73207325;
4493 : 00006365;
4494 : 6E207325;
4495 : 00002073;
4496 : 67616964;
4497 : 6D73662D;
4498 : 252D312D;
4499 : 25203A73;
449a : 2E643930;
449b : 64333025;
449c : 0000203A;
449d : 5641454C;
449e : 73252045;
449f : 656E2820;
44a0 : 203A7478;
44a1 : 29693325;
44a2 : 00000A0A;
44a3 : 656C6966;
44a4 : 656D616E;
44a5 : 7325203A;
44a6 : 6966203B;
44a7 : 3A747372;
44a8 : 3B782520;
44a9 : 73616C20;
44aa : 25203A74;
44ab : 00000A78;
44ac : 6D726F46;
44ad : 69747461;
44ae : 5320676E;
44af : 53464244;
44b0 : 61622820;
44b1 : 30206573;
44b2 : 38302578;
44b3 : 73202C78;
44b4 : 20657A69;
44b5 : 30257830;
44b6 : 2E297838;
44b7 : 000A2E2E;
44b8 : 69726556;
44b9 : 61636966;
44ba : 6E6F6974;
44bb : 0A2E2E2E;
44bc : 00000000;
44bd : 6F727245;
44be : 000A2E72;
44bf : 0A2E4B4F;
44c0 : 00000000;
44c1 : 3A706673;
44c2 : 726F6320;
44c3 : 74707572;
44c4 : 63206465;
44c5 : 6B636568;
44c6 : 0A6D7573;
44c7 : 00000000;
44c8 : 69646441;
44c9 : 6E20676E;
44ca : 53207765;
44cb : 65205046;
44cc : 7972746E;
44cd : 0000000A;
44ce : 61647055;
44cf : 65206574;
44d0 : 74736978;
44d1 : 20676E69;
44d2 : 20504653;
44d3 : 72746E65;
44d4 : 00000A79;
44d5 : 6C756F43;
44d6 : 6F6E2064;
44d7 : 72652074;
44d8 : 20657361;
44d9 : 000A4244;
44da : 53545852;
44db : 6C616320;
44dc : 61726269;
44dd : 6E6F6974;
44de : 72726520;
44df : 0A2E726F;
44e0 : 00000000;
44e1 : 74696157;
44e2 : 20676E69;
44e3 : 20726F66;
44e4 : 6B6E696C;
44e5 : 0A2E2E2E;
44e6 : 00000000;
44e7 : 6B636F4C;
44e8 : 20676E69;
44e9 : 2E4C4C50;
44ea : 000A2E2E;
44eb : 696C6143;
44ec : 74617262;
44ed : 20676E69;
44ee : 74205852;
44ef : 73656D69;
44f0 : 706D6174;
44f1 : 2E2E7265;
44f2 : 00000A2E;
44f3 : 6E6F7257;
44f4 : 46532067;
44f5 : 68632050;
44f6 : 736B6365;
44f7 : 25206D75;
44f8 : 00000A73;
44f9 : 63746566;
44fa : 676E6968;
44fb : 61696420;
44fc : 77725F67;
44fd : 726F775F;
44fe : 000A7364;
44ff : 63746566;
4500 : 676E6968;
4501 : 61696420;
4502 : 6F725F67;
4503 : 726F775F;
4504 : 000A7364;
4505 : 00307277;
4506 : 70646C6C;
4507 : 64707520;
4508 : 0A657461;
4509 : 00000000;
450a : 504D4E53;
450b : 6D65203A;
450c : 20797470;
450d : 74696E69;
450e : 6E696C20;
450f : 00000A65;
4510 : 504D4E53;
4511 : 4653203A;
4512 : 70752050;
4513 : 65746164;
4514 : 6E692064;
4515 : 6D656D20;
4516 : 2C79726F;
4517 : 73657220;
4518 : 74726174;
4519 : 50545020;
451a : 0000000A;
451b : 6E726157;
451c : 3A676E69;
451d : 6E694D20;
451e : 40206369;
451f : 72207825;
4520 : 69656365;
4521 : 20646576;
4522 : 6F727265;
4523 : 756F656E;
4524 : 72662073;
4525 : 2C656D61;
4526 : 0A782520;
4527 : 00000000;
4528 : 6E726157;
4529 : 3A676E69;
452a : 6E694D20;
452b : 52206369;
452c : 69662078;
452d : 66206F66;
452e : 2C6C6C75;
452f : 70786520;
4530 : 20746365;
4531 : 6E6F7277;
4532 : 72662067;
4533 : 73656D61;
4534 : 0000000A;
4535 : 41564E49;
4536 : 0044494C;
4537 : 3A6B6E6C;
4538 : 72206425;
4539 : 64253A78;
453a : 3A787420;
453b : 00206425;
453c : 6B636F6C;
453d : 2064253A;
453e : 00000000;
453f : 3A707470;
4540 : 00207325;
4541 : 253A7673;
4542 : 00002064;
4543 : 273A7373;
4544 : 20277325;
4545 : 00000000;
4546 : 25787561;
4547 : 30253A64;
4548 : 30257838;
4549 : 00207838;
454a : 3A636573;
454b : 6E206425;
454c : 3A636573;
454d : 64393025;
454e : 00000020;
454f : 253A756D;
4550 : 0020644C;
4551 : 3A736D64;
4552 : 20644C25;
4553 : 00000000;
4554 : 6D787464;
4555 : 2064253A;
4556 : 6D787264;
4557 : 2064253A;
4558 : 00000000;
4559 : 73787464;
455a : 2064253A;
455b : 73787264;
455c : 2064253A;
455d : 00000000;
455e : 6D797361;
455f : 644C253A;
4560 : 00000020;
4561 : 74747263;
4562 : 644C253A;
4563 : 00000020;
4564 : 3A6F6B63;
4565 : 00206425;
4566 : 70746573;
4567 : 2064253A;
4568 : 00000000;
4569 : 746E6375;
456a : 2064253A;
456b : 00000000;
456c : 696C7362;
456d : 253A6564;
456e : 00002064;
456f : 3A736573;
4570 : 00207525;
4571 : 3A6F6573;
4572 : 00207525;
4573 : 72646573;
4574 : 2075253A;
4575 : 00000000;
4576 : 253A6468;
4577 : 646D2064;
4578 : 2064253A;
4579 : 253A6461;
457a : 00002064;
457b : 00746567;
457c : 00746573;
457d : 28206925;
457e : 22732522;
457f : 756F2029;
4580 : 666F2074;
4581 : 6E617220;
4582 : 000A6567;
4583 : 0066666F;
4584 : 72727563;
4585 : 20746E65;
4586 : 6E616C76;
4587 : 6925203A;
4588 : 78302820;
4589 : 0A297825;
458a : 00000000;
458b : 49535050;
458c : 72657620;
458d : 69736F62;
458e : 203A7974;
458f : 6C383025;
4590 : 00000A78;
4591 : 203A7325;
4592 : 6F727265;
4593 : 61702072;
4594 : 6E697372;
4595 : 25222067;
4596 : 000A2273;
4597 : 612D5049;
4598 : 65726464;
4599 : 203A7373;
459a : 00000000;
459b : 74206E69;
459c : 6E696172;
459d : 0A676E69;
459e : 00000000;
459f : 28207325;
45a0 : 746F6F62;
45a1 : 000A2970;
45a2 : 28207325;
45a3 : 74617473;
45a4 : 0A296369;
45a5 : 00000000;
45a6 : 4A325B1B;
45a7 : 3B315B1B;
45a8 : 00004831;
45a9 : 74617473;
45aa : 69747369;
45ab : 6E207363;
45ac : 6F20776F;
45ad : 000A6666;
45ae : 00737462;
45af : 70206425;
45b0 : 00000A73;
45b1 : 20787541;
45b2 : 67616964;
45b3 : 74736F6E;
45b4 : 20736369;
45b5 : 6F666E69;
45b6 : 00000A3A;
45b7 : 203A6469;
45b8 : 252E6425;
45b9 : 72202C64;
45ba : 7720772F;
45bb : 7364726F;
45bc : 6425203A;
45bd : 2F72202C;
45be : 6F77206F;
45bf : 3A736472;
45c0 : 0A642520;
45c1 : 00000000;
45c2 : 006C6C61;
45c3 : 77204F52;
45c4 : 2064726F;
45c5 : 64332D25;
45c6 : 30203D20;
45c7 : 38302578;
45c8 : 00000A78;
45c9 : 77205752;
45ca : 2064726F;
45cb : 64332D25;
45cc : 30203D20;
45cd : 38302578;
45ce : 00000A78;
45cf : 00006F72;
45d0 : 64726F57;
45d1 : 20642520;
45d2 : 30207369;
45d3 : 38302578;
45d4 : 00000A78;
45d5 : 00007772;
45d6 : 00000077;
45d7 : 756C6156;
45d8 : 78302065;
45d9 : 78383025;
45da : 69727720;
45db : 6E657474;
45dc : 206F7420;
45dd : 20656874;
45de : 64726F77;
45df : 0A642520;
45e0 : 00000000;
45e1 : 000A7525;
45e2 : 65736572;
45e3 : 00000074;
45e4 : 0078616D;
45e5 : 6E697270;
45e6 : 61745F74;
45e7 : 745F6B73;
45e8 : 5F656D69;
45e9 : 65726874;
45ea : 6C6F6873;
45eb : 64252064;
45ec : 0000000A;
45ed : 65746920;
45ee : 69746172;
45ef : 20736E6F;
45f0 : 20202020;
45f1 : 6F636573;
45f2 : 2E73646E;
45f3 : 7263696D;
45f4 : 2020736F;
45f5 : 616D2020;
45f6 : 736D5F78;
45f7 : 6D616E20;
45f8 : 00000A65;
45f9 : 39252020;
45fa : 2020696C;
45fb : 6C392520;
45fc : 30252E69;
45fd : 20696C36;
45fe : 646C3925;
45ff : 0A732520;
4600 : 00000000;
4601 : 203B7325;
4602 : 25207325;
4603 : 00000A73;
4604 : 6E6B6E55;
4605 : 206E776F;
4606 : 63627573;
4607 : 616D6D6F;
4608 : 2220646E;
4609 : 0A227325;
460a : 00000000;
460b : 43205257;
460c : 2065726F;
460d : 6C697562;
460e : 25203A64;
460f : 75282073;
4610 : 7075736E;
4611 : 74726F70;
4612 : 64206465;
4613 : 6C657665;
4614 : 7265706F;
4615 : 69756220;
4616 : 0A29646C;
4617 : 00000000;
4618 : 6C697542;
4619 : 25203A74;
461a : 73252073;
461b : 20796220;
461c : 000A7325;
461d : 43534952;
461e : 00000056;
461f : 6C697542;
4620 : 6F662074;
4621 : 73252072;
4622 : 6425202C;
4623 : 20426B20;
4624 : 2C4D4152;
4625 : 61747320;
4626 : 69206B63;
4627 : 64252073;
4628 : 74796220;
4629 : 000A7365;
462a : 4E524157;
462b : 3A474E49;
462c : 72616820;
462d : 72617764;
462e : 61732065;
462f : 25207379;
4630 : 20426B69;
4631 : 52203D3C;
4632 : 3C204D41;
4633 : 6B692520;
4634 : 00000A42;
4635 : 69617641;
4636 : 6C62616C;
4637 : 6F632065;
4638 : 6E616D6D;
4639 : 0A3A7364;
463a : 00000000;
463b : 67617375;
463c : 000A3A65;
463d : 20732520;
463e : 000A7325;
463f : 72466E55;
4640 : 697A6565;
4641 : 5320676E;
4642 : 204C4C50;
4643 : 73616870;
4644 : 68732065;
4645 : 65746669;
4646 : 00000A72;
4647 : 65657246;
4648 : 676E697A;
4649 : 4C505320;
464a : 6870204C;
464b : 20657361;
464c : 66696873;
464d : 20726574;
464e : 70207461;
464f : 65736168;
4650 : 20642520;
4651 : 000A7370;
4652 : 65657246;
4653 : 676E697A;
4654 : 4C505320;
4655 : 6870204C;
4656 : 20657361;
4657 : 66696873;
4658 : 00726574;
4659 : 65657246;
465a : 676E697A;
465b : 4C505320;
465c : 4356204C;
465d : 6F63204F;
465e : 6F72746E;
465f : 0000006C;
4660 : 62616E65;
4661 : 7020656C;
4662 : 63617274;
4663 : 2072656B;
4664 : 000A6425;
4665 : 61727470;
4666 : 25206B63;
4667 : 65203A64;
4668 : 6425206E;
4669 : 20646920;
466a : 72206425;
466b : 79646165;
466c : 20642520;
466d : 73616870;
466e : 64252065;
466f : 64252820;
4670 : 29737020;
4671 : 67766120;
4672 : 0A642520;
4673 : 00000000;
4674 : 6D726F46;
4675 : 69747461;
4676 : 7520676E;
4677 : 676E6973;
4678 : 00000020;
4679 : 61666564;
467a : 20746C75;
467b : 61636F6C;
467c : 6E6F6974;
467d : 0000000A;
467e : 61636F6C;
467f : 6E6F6974;
4680 : 25783020;
4681 : 00000A58;
4682 : 73617245;
4683 : 20676E69;
4684 : 6E697375;
4685 : 00002067;
4686 : 66626473;
4687 : 6E6F2073;
4688 : 0A732520;
4689 : 00000000;
468a : 53206F6E;
468b : 53464244;
468c : 0000000A;
468d : 656C6966;
468e : 25783020;
468f : 20783830;
4690 : 30252040;
4691 : 252D7838;
4692 : 2C783830;
4693 : 6D616E20;
4694 : 31252065;
4695 : 000A7339;
4696 : 2B207325;
4697 : 6E206425;
4698 : 736F6E61;
4699 : 6E6F6365;
469a : 0A2E7364;
469b : 00000000;
469c : 25206425;
469d : 00000A64;
469e : 6E756F46;
469f : 68702064;
46a0 : 20657361;
46a1 : 6E617274;
46a2 : 69746973;
46a3 : 69206E6F;
46a4 : 4545206E;
46a5 : 4D4F5250;
46a6 : 6425203A;
46a7 : 000A7370;
46a8 : 7361654D;
46a9 : 6E697275;
46aa : 32742067;
46ab : 2034742F;
46ac : 73616870;
46ad : 72742065;
46ae : 69736E61;
46af : 6E6F6974;
46b0 : 0A2E2E2E;
46b1 : 00000000;
46b2 : 74746553;
46b3 : 20676E69;
46b4 : 696C6163;
46b5 : 74617262;
46b6 : 206E6F69;
46b7 : 61726170;
46b8 : 6574656D;
46b9 : 73252072;
46ba : 78305B20;
46bb : 205D7825;
46bc : 25206F74;
46bd : 00000A64;
46be : 6B6E553C;
46bf : 6E776F6E;
46c0 : 0000003E;
46c1 : 74666F73;
46c2 : 3A6C6C70;
46c3 : 646F6D20;
46c4 : 64253A65;
46c5 : 71657320;
46c6 : 2073253A;
46c7 : 65725F6E;
46c8 : 64252066;
46c9 : 6F5F6E20;
46ca : 25207475;
46cb : 00000A64;
46cc : 73717269;
46cd : 2064253A;
46ce : 67696C61;
46cf : 6E656D6E;
46d0 : 74735F74;
46d1 : 3A657461;
46d2 : 48206425;
46d3 : 2064254C;
46d4 : 64254C4D;
46d5 : 3D594820;
46d6 : 4D206425;
46d7 : 64253D59;
46d8 : 6C654420;
46d9 : 3D746E43;
46da : 73206425;
46db : 6F707465;
46dc : 3A746E69;
46dd : 72206425;
46de : 6E636665;
46df : 64253A74;
46e0 : 67617420;
46e1 : 3A746E63;
46e2 : 68206425;
46e3 : 3A706B5F;
46e4 : 68206425;
46e5 : 3A696B5F;
46e6 : 68206425;
46e7 : 6968735F;
46e8 : 253A7466;
46e9 : 00002064;
46ea : 706B5F6D;
46eb : 2064253A;
46ec : 696B5F6D;
46ed : 2064253A;
46ee : 68735F6D;
46ef : 3A746669;
46f0 : 68206425;
46f1 : 636F6C5F;
46f2 : 75645F6B;
46f3 : 69746172;
46f4 : 253A6E6F;
46f5 : 5F6D2064;
46f6 : 71657266;
46f7 : 636F6C5F;
46f8 : 75645F6B;
46f9 : 69746172;
46fa : 253A6E6F;
46fb : 5F6D2064;
46fc : 73616870;
46fd : 6F6C5F65;
46fe : 645F6B63;
46ff : 74617275;
4700 : 3A6E6F69;
4701 : 00006425;
4702 : 69616720;
4703 : 63735F6E;
4704 : 3A646568;
4705 : 252F6425;
4706 : 00000064;
4707 : 74666F73;
4708 : 3A6C6C70;
4709 : 58554120;
470a : 203A6425;
470b : 25206870;
470c : 65732064;
470d : 64252071;
470e : 206E6520;
470f : 6C206425;
4710 : 206B636F;
4711 : 73206425;
4712 : 6C706D61;
4713 : 25207365;
4714 : 52452064;
4715 : 64253D52;
4716 : 253D5920;
4717 : 00000A64;
4718 : 74666F73;
4719 : 3A6C6C70;
471a : 72747020;
471b : 656B6361;
471c : 3A642572;
471d : 616E6520;
471e : 64656C62;
471f : 20642520;
4720 : 76615F6E;
4721 : 64252067;
4722 : 6C617620;
4723 : 25206575;
4724 : 00000A64;
4725 : 63726F66;
4726 : 00000065;
4727 : 20504653;
4728 : 69204244;
4729 : 75662073;
472a : 000A6C6C;
472b : 20433249;
472c : 6F727265;
472d : 00000A72;
472e : 53206425;
472f : 20735046;
4730 : 44206E69;
4731 : 00000A42;
4732 : 20504653;
4733 : 61746164;
4734 : 65736162;
4735 : 706D6520;
4736 : 000A7974;
4737 : 20504653;
4738 : 61746164;
4739 : 65736162;
473a : 72726520;
473b : 2820726F;
473c : 0A296425;
473d : 00000000;
473e : 203A6425;
473f : 003A4E50;
4740 : 00006325;
4741 : 78546420;
4742 : 3825203A;
4743 : 52642064;
4744 : 25203A78;
4745 : 61206438;
4746 : 6168706C;
4747 : 3125203A;
4748 : 0A644C39;
4749 : 00000000;
474a : 53206F4E;
474b : 0A2E5046;
474c : 00000000;
474d : 20504653;
474e : 64616572;
474f : 72726520;
4750 : 000A726F;
4751 : 36312E25;
4752 : 00000A73;
4753 : 6C756F43;
4754 : 6F6E2064;
4755 : 616D2074;
4756 : 20686374;
4757 : 44206F74;
4758 : 00000A42;
4759 : 20504653;
475a : 6374616D;
475b : 2C646568;
475c : 78546420;
475d : 2064253D;
475e : 3D785264;
475f : 61206425;
4760 : 6168706C;
4761 : 644C253D;
4762 : 0000000A;
4763 : 2D43414D;
4764 : 72646461;
4765 : 3A737365;
4766 : 0A732520;
4767 : 00000000;
4768 : 20232323;
4769 : 702E3474;
476a : 65736168;
476b : 20736920;
476c : 65726C61;
476d : 20796461;
476e : 72726F63;
476f : 65746365;
4770 : 6F662064;
4771 : 69622072;
4772 : 696C7374;
4773 : 000A6564;
4774 : 203A3174;
4775 : 20202020;
4776 : 20202020;
4777 : 20202020;
4778 : 20202020;
4779 : 20202020;
477a : 203A3474;
477b : 20202020;
477c : 20202020;
477d : 20202020;
477e : 20202020;
477f : 74696220;
4780 : 64696C73;
4781 : 25203A65;
4782 : 00000A64;
4783 : 20202020;
4784 : 65732020;
4785 : 20202E63;
4786 : 20202020;
4787 : 2E736E20;
4788 : 20616870;
4789 : 20202020;
478a : 65732020;
478b : 20202E63;
478c : 20202020;
478d : 2E736E20;
478e : 0A616870;
478f : 00000000;
4790 : 64255B1B;
4791 : 6664253B;
4792 : 00000000;
4793 : 25305B1B;
4794 : 25333B64;
4795 : 00006D64;
4796 : 00206465;
4797 : 006B634C;
4798 : 20202020;
4799 : 20202020;
479a : 00002020;
479b : 69617728;
479c : 6F662074;
479d : 77682072;
479e : 00000029;
479f : 57207325;
47a0 : 20435052;
47a1 : 696E6F4D;
47a2 : 20726F74;
47a3 : 00007325;
47a4 : 45207C20;
47a5 : 712F6373;
47a6 : 65203D20;
47a7 : 3B746978;
47a8 : 3D207220;
47a9 : 64657220;
47aa : 0A776172;
47ab : 0000000A;
47ac : 20494154;
47ad : 656D6954;
47ae : 3232253A;
47af : 43545573;
47b0 : 66666F20;
47b1 : 3A746573;
47b2 : 20733425;
47b3 : 4C4C5020;
47b4 : 646F6D20;
47b5 : 34253A65;
47b6 : 74732073;
47b7 : 3A657461;
47b8 : 0000000A;
47b9 : 2B2D2D2D;
47ba : 2D2D2D2D;
47bb : 2D2D2D2D;
47bc : 2D2D2D2D;
47bd : 2D2D2D2D;
47be : 2B2D2D2D;
47bf : 2D2D2D2D;
47c0 : 2D2D2D2D;
47c1 : 2D2D2D2D;
47c2 : 2D2D2D2D;
47c3 : 2D2D2D2D;
47c4 : 2D2D2D2D;
47c5 : 2D2D2B2D;
47c6 : 2D2D2D2D;
47c7 : 2B2D2D2D;
47c8 : 2D2D2D2D;
47c9 : 2D2D2D2D;
47ca : 2D2D2B2D;
47cb : 0A2D2D2D;
47cc : 00000000;
47cd : 7C202320;
47ce : 20202020;
47cf : 20202020;
47d0 : 2043414D;
47d1 : 20202020;
47d2 : 7C202020;
47d3 : 20202020;
47d4 : 49202020;
47d5 : 73282050;
47d6 : 6372756F;
47d7 : 20202965;
47d8 : 20202020;
47d9 : 20207C20;
47da : 58522020;
47db : 7C202020;
47dc : 20202020;
47dd : 20205854;
47de : 56207C20;
47df : 0A4E414C;
47e0 : 00000000;
47e1 : 2D2D2D0A;
47e2 : 4C414820;
47e3 : 2D2D2D20;
47e4 : 2D2D2D7C;
47e5 : 2D2D2D2D;
47e6 : 2D2D2D2D;
47e7 : 50202D2D;
47e8 : 20495350;
47e9 : 2D2D2D2D;
47ea : 2D2D2D2D;
47eb : 2D2D2D2D;
47ec : 2D2D2D2D;
47ed : 2D2D2D2D;
47ee : 2D2D2D2D;
47ef : 2D2D2D2D;
47f0 : 2D2D2D2D;
47f1 : 2D2D2D2D;
47f2 : 2D2D2D2D;
47f3 : 2D2D2D2D;
47f4 : 2D2D2D2D;
47f5 : 0000000A;
47f6 : 66744920;
47f7 : 46207C20;
47f8 : 7C207172;
47f9 : 6F432020;
47fa : 6769666E;
47fb : 7C202020;
47fc : 43414D20;
47fd : 20666F20;
47fe : 72656570;
47ff : 726F7020;
4800 : 7C202074;
4801 : 20202020;
4802 : 2F505450;
4803 : 2F545845;
4804 : 54454450;
4805 : 20544345;
4806 : 74617453;
4807 : 20207365;
4808 : 50207C20;
4809 : 0A206F72;
480a : 00000000;
480b : 2D2D2D2D;
480c : 2D2D2B2D;
480d : 2B2D2D2D;
480e : 2D2D2D2D;
480f : 2D2D2D2D;
4810 : 2B2D2D2D;
4811 : 2D2D2D2D;
4812 : 2D2D2D2D;
4813 : 2D2D2D2D;
4814 : 2D2D2D2D;
4815 : 2B2D2D2D;
4816 : 2D2D2D2D;
4817 : 2D2D2D2D;
4818 : 2D2D2D2D;
4819 : 2D2D2D2D;
481a : 2D2D2D2D;
481b : 2D2D2D2D;
481c : 2D2D2D2D;
481d : 2D2D2B2D;
481e : 0A2D2D2D;
481f : 00000000;
4820 : 286F7250;
4821 : 6F636F74;
4822 : 203A296C;
4823 : 61522D52;
4824 : 68744577;
4825 : 2D56202C;
4826 : 4E414C56;
4827 : 2D55202C;
4828 : 0A504455;
4829 : 00000000;
482a : 2D2D2D0A;
482b : 2D2D2D2D;
482c : 2D2D2D2D;
482d : 2D2D2D2D;
482e : 2D2D2D2D;
482f : 2D2D2D2D;
4830 : 2D2D2D2D;
4831 : 6E795320;
4832 : 6F726863;
4833 : 617A696E;
4834 : 6E6F6974;
4835 : 61747320;
4836 : 20737574;
4837 : 2D2D2D2D;
4838 : 2D2D2D2D;
4839 : 2D2D2D2D;
483a : 2D2D2D2D;
483b : 2D2D2D2D;
483c : 2D2D2D2D;
483d : 2D2D2D2D;
483e : 00000000;
483f : 20727265;
4840 : 74617473;
4841 : 00003A65;
4842 : 20727265;
4843 : 7366666F;
4844 : 003A7465;
4845 : 20727265;
4846 : 746C6564;
4847 : 00003A61;
4848 : 76726553;
4849 : 7473206F;
484a : 3A657461;
484b : 0000000A;
484c : 2D2D2D0A;
484d : 6D695420;
484e : 20676E69;
484f : 61726170;
4850 : 6574656D;
4851 : 2D207372;
4852 : 2D2D2D2D;
4853 : 2D2D2D2D;
4854 : 2D2D2D2D;
4855 : 2D2D2D2D;
4856 : 2D2D2D2D;
4857 : 2D2D2D2D;
4858 : 2D2D2D2D;
4859 : 2D2D2D2D;
485a : 2D2D2D2D;
485b : 2D2D2D2D;
485c : 2D2D2D2D;
485d : 2D2D2D2D;
485e : 2D2D2D2D;
485f : 2D2D2D2D;
4860 : 0000000A;
4861 : 6E61656D;
4862 : 616C6544;
4863 : 20202079;
4864 : 20202020;
4865 : 000A3A20;
4866 : 616C6564;
4867 : 20534D79;
4868 : 20202020;
4869 : 20202020;
486a : 000A3A20;
486b : 616C6564;
486c : 204D4D79;
486d : 20202020;
486e : 20202020;
486f : 000A3A20;
4870 : 616C6564;
4871 : 79734179;
4872 : 74656D6D;
4873 : 20207972;
4874 : 000A3A20;
4875 : 616C6564;
4876 : 656F4379;
4877 : 63696666;
4878 : 746E6569;
4879 : 00003A20;
487a : 0A617066;
487b : 00000000;
487c : 72676E69;
487d : 4C737365;
487e : 6E657461;
487f : 20207963;
4880 : 000A3A20;
4881 : 65726765;
4882 : 614C7373;
4883 : 636E6574;
4884 : 20202079;
4885 : 000A3A20;
4886 : 696D6573;
4887 : 74617473;
4888 : 614C6369;
4889 : 636E6574;
488a : 000A3A79;
488b : 7366666F;
488c : 72467465;
488d : 614D6D6F;
488e : 72657473;
488f : 000A3A20;
4890 : 73616850;
4891 : 65732065;
4892 : 696F7074;
4893 : 2020746E;
4894 : 000A3A20;
4895 : 77656B53;
4896 : 20202020;
4897 : 20202020;
4898 : 20202020;
4899 : 000A3A20;
489a : 61647055;
489b : 63206574;
489c : 746E756F;
489d : 20207265;
489e : 000A3A20;
489f : 7473614D;
48a0 : 50207265;
48a1 : 64205948;
48a2 : 79616C65;
48a3 : 58542073;
48a4 : 00000A3A;
48a5 : 76616C53;
48a6 : 50202065;
48a7 : 64205948;
48a8 : 79616C65;
48a9 : 58542073;
48aa : 00000A3A;
48ab : 004A5B1B;
48ac : 6B636F4C;
48ad : 00007325;
48ae : 00752520;
48af : 0075252A;
48b0 : 544F4F42;
48b1 : 75722050;
48b2 : 6E696E6E;
48b3 : 20202067;
48b4 : 20202020;
48b5 : 00202020;
48b6 : 73363125;
48b7 : 4F4F4228;
48b8 : 00295054;
48b9 : 73353125;
48ba : 61747328;
48bb : 29636974;
48bc : 00000000;
48bd : 20202020;
48be : 20202020;
48bf : 20202020;
48c0 : 20202020;
48c1 : 20202020;
48c2 : 00202020;
48c3 : 00643725;
48c4 : 00643425;
48c5 : 00732520;
48c6 : 0073252A;
48c7 : 6F747561;
48c8 : 00000000;
48c9 : 30312D25;
48ca : 00000073;
48cb : 002F7325;
48cc : 252F7325;
48cd : 00000073;
48ce : 0063252D;
48cf : 6B6E694C;
48d0 : 776F6420;
48d1 : 6D202C6E;
48d2 : 65747361;
48d3 : 6F6D2072;
48d4 : 6F206564;
48d5 : 79732072;
48d6 : 6920636E;
48d7 : 206F666E;
48d8 : 20746F6E;
48d9 : 696C6176;
48da : 00000064;
48db : 203A7325;
48dc : 30322D25;
48dd : 2D252073;
48de : 0A733531;
48df : 00000000;
48e0 : 63617254;
48e1 : 676E696B;
48e2 : 726F6620;
48e3 : 6C626963;
48e4 : 69642079;
48e5 : 6C626173;
48e6 : 000A6465;
48e7 : 73303225;
48e8 : 00736E20;
48e9 : 73343225;
48ea : 00000000;
48eb : 00754C25;
48ec : 75363125;
48ed : 6D697420;
48ee : 00007365;
48ef : 73323225;
48f0 : 00000000;
48f1 : 58522020;
48f2 : 0000003A;
48f3 : 73323225;
48f4 : 004B5B1B;
48f5 : 75410A0A;
48f6 : 6C632078;
48f7 : 206B636F;
48f8 : 73206425;
48f9 : 75746174;
48fa : 20203A73;
48fb : 20202020;
48fc : 00002020;
48fd : 62616E65;
48fe : 0064656C;
48ff : 696E6F6D;
4900 : 00726F74;
4901 : 6F6C202C;
4902 : 64656B63;
4903 : 00000000;
4904 : 6572202C;
4905 : 00796461;
4906 : 55412820;
4907 : 6F742D58;
4908 : 2052572D;
4909 : 7366666F;
490a : 203A7465;
490b : 70206425;
490c : 00002973;
490d : 0A6D5B1B;
490e : 00000000;
490f : 20752520;
4910 : 00000000;
4911 : 6E726157;
4912 : 3A676E69;
4913 : 20787420;
4914 : 656D6974;
4915 : 6D617473;
4916 : 656E2070;
4917 : 20726576;
4918 : 61636562;
4919 : 6120656D;
491a : 6C696176;
491b : 656C6261;
491c : 0000000A;
491d : 6E726157;
491e : 3A676E69;
491f : 20787420;
4920 : 20746F6E;
4921 : 6D726574;
4922 : 74616E69;
4923 : 69206465;
4924 : 6E69666E;
4925 : 20657469;
4926 : 3D72636D;
4927 : 78257830;
4928 : 0000000A;
4929 : 63736944;
492a : 7265766F;
492b : 49206465;
492c : 64612050;
492d : 73657264;
492e : 25282073;
492f : 64252E64;
4930 : 2E64252E;
4931 : 21296425;
4932 : 0000000A;
4933 : 203A7325;
4934 : 73206F6E;
4935 : 656B636F;
4936 : 6C732074;
4937 : 2073746F;
4938 : 7466656C;
4939 : 0000000A;
493a : 276E6163;
493b : 65722074;
493c : 74736967;
493d : 73207265;
493e : 6C6C6568;
493f : 6D6F6320;
4940 : 646E616D;
4941 : 73252720;
4942 : 69202C27;
4943 : 6572636E;
4944 : 20657361;
4945 : 4C454853;
4946 : 414D5F4C;
4947 : 4F435F58;
4948 : 4E414D4D;
4949 : 000A5344;
494a : 6D6D6F43;
494b : 20646E61;
494c : 22732522;
494d : 7265203A;
494e : 20726F72;
494f : 000A6425;
4950 : 65726E55;
4951 : 6E676F63;
4952 : 64657A69;
4953 : 6D6F6320;
4954 : 646E616D;
4955 : 73252220;
4956 : 000A2E22;
4957 : 63657845;
4958 : 20657475;
4959 : 6D6D6F63;
495a : 20646E61;
495b : 6D6F7266;
495c : 4D4E5320;
495d : 22203A50;
495e : 0A227325;
495f : 00000000;
4960 : 63657865;
4961 : 6E697475;
4962 : 25203A67;
4963 : 00000A73;
4964 : 74706D45;
4965 : 6E692079;
4966 : 73207469;
4967 : 70697263;
4968 : 2E2E2E74;
4969 : 0000000A;
496a : 6C756F43;
496b : 6F6E2064;
496c : 72652074;
496d : 20657361;
496e : 74696E69;
496f : 72637320;
4970 : 0A747069;
4971 : 00000000;
4972 : 6C756F43;
4973 : 6F6E2064;
4974 : 64612074;
4975 : 68742064;
4976 : 6F632065;
4977 : 6E616D6D;
4978 : 00000A64;
4979 : 62202D2D;
497a : 746C6975;
497b : 206E692D;
497c : 69726373;
497d : 2D207470;
497e : 00000A2D;
497f : 706D6528;
4980 : 0A297974;
4981 : 00000000;
4982 : 75202D2D;
4983 : 2D726573;
4984 : 69666564;
4985 : 2064656E;
4986 : 69726373;
4987 : 2D207470;
4988 : 00000A2D;
4989 : 56434552;
498a : 32302520;
498b : 79622064;
498c : 20736574;
498d : 25207461;
498e : 252E6439;
498f : 2E643930;
4990 : 64333025;
4991 : 79742820;
4992 : 25206570;
4993 : 25202C78;
4994 : 000A2973;
4995 : 45544E45;
4996 : 73252052;
4997 : 6170202C;
4998 : 74656B63;
4999 : 6E656C20;
499a : 0A692520;
499b : 00000000;
499c : 6E6F7257;
499d : 6F642067;
499e : 6E69616D;
499f : 3A692520;
49a0 : 73696420;
49a1 : 64726163;
49a2 : 0000000A;
49a3 : 65746C41;
49a4 : 74616E72;
49a5 : 616D2065;
49a6 : 72657473;
49a7 : 6964203A;
49a8 : 72616373;
49a9 : 00000A64;
49aa : 706F6F4C;
49ab : 20676E69;
49ac : 6D617266;
49ad : 64203A65;
49ae : 61637369;
49af : 000A6472;
49b0 : 206D7366;
49b1 : 20726F66;
49b2 : 203A7325;
49b3 : 6F727245;
49b4 : 69252072;
49b5 : 206E6920;
49b6 : 000A7325;
49b7 : 74746542;
49b8 : 4D207265;
49b9 : 65747361;
49ba : 6E6F2072;
49bb : 6D617320;
49bc : 6C432065;
49bd : 206B636F;
49be : 74726F50;
49bf : 00644920;
49c0 : 203A7325;
49c1 : 252E7325;
49c2 : 0A783430;
49c3 : 00000000;
49c4 : 696B6154;
49c5 : 7220676E;
49c6 : 206C6165;
49c7 : 73656245;
49c8 : 74612074;
49c9 : 726F7020;
49ca : 69252074;
49cb : 726F6620;
49cc : 6E676965;
49cd : 73616D20;
49ce : 20726574;
49cf : 252F6925;
49d0 : 00000A69;
49d1 : 72206F4E;
49d2 : 206C6165;
49d3 : 73656245;
49d4 : 00000A74;
49d5 : 203A7325;
49d6 : 73736170;
49d7 : 20657669;
49d8 : 000A3170;
49d9 : 203A7325;
49da : 7473616D;
49db : 6D207265;
49dc : 00000A32;
49dd : 203A7325;
49de : 6F727265;
49df : 00000A72;
49e0 : 203A7325;
49e1 : 73736170;
49e2 : 20657669;
49e3 : 000A3270;
49e4 : 203A7325;
49e5 : 7473616D;
49e6 : 6D207265;
49e7 : 00000A31;
49e8 : 62616E45;
49e9 : 7420656C;
49ea : 6E696D69;
49eb : 756F2067;
49ec : 74757074;
49ed : 72472820;
49ee : 20646E61;
49ef : 7473616D;
49f0 : 62207265;
49f1 : 4D422079;
49f2 : 0A294143;
49f3 : 00000000;
49f4 : 203A7325;
49f5 : 7473616D;
49f6 : 6D207265;
49f7 : 00000A33;
49f8 : 203A7325;
49f9 : 76616C73;
49fa : 31732065;
49fb : 0000000A;
49fc : 2077656E;
49fd : 65726F66;
49fe : 206E6769;
49ff : 7473616D;
4a00 : 202C7265;
4a01 : 6E616863;
4a02 : 74206567;
4a03 : 6E75206F;
4a04 : 696C6163;
4a05 : 74617262;
4a06 : 000A6465;
4a07 : 203A7325;
4a08 : 6E656572;
4a09 : 20726574;
4a0a : 25206E69;
4a0b : 736D2069;
4a0c : 0000000A;
4a0d : 00004D47;
4a0e : 00005246;
4a0f : 00004342;
4a10 : 00002D2D;
4a11 : 454E4F4E;
4a12 : 00202020;
4a13 : 4D5F4157;
4a14 : 00204753;
4a15 : 495F4450;
4a16 : 00475250;
4a17 : 5F545845;
4a18 : 00204E4F;
4a19 : 5F545845;
4a1a : 0046464F;
4a1b : 454C4449;
4a1c : 20202020;
4a1d : 00002020;
4a1e : 505F5257;
4a1f : 45534552;
4a20 : 0000544E;
4a21 : 535F5257;
4a22 : 434F4C5F;
4a23 : 0000204B;
4a24 : 4D5F5257;
4a25 : 434F4C5F;
4a26 : 0000204B;
4a27 : 4C5F5257;
4a28 : 454B434F;
4a29 : 00002044;
4a2a : 435F5257;
4a2b : 492D4C41;
4a2c : 00004E4F;
4a2d : 435F5257;
4a2e : 452D4C41;
4a2f : 00002044;
4a30 : 525F5257;
4a31 : 435F5053;
4a32 : 00004C41;
4a33 : 4C5F5257;
4a34 : 5F4B4E49;
4a35 : 00004E4F;
4a36 : 20544F45;
4a37 : 20202020;
4a38 : 00000020;
4a39 : 54494E49;
4a3a : 20474E49;
4a3b : 00000020;
4a3c : 4C554146;
4a3d : 20205954;
4a3e : 00000020;
4a3f : 41534944;
4a40 : 44454C42;
4a41 : 00000020;
4a42 : 5453494C;
4a43 : 4E494E45;
4a44 : 00000047;
4a45 : 4D455250;
4a46 : 45545341;
4a47 : 00000052;
4a48 : 5453414D;
4a49 : 20205245;
4a4a : 00000020;
4a4b : 53534150;
4a4c : 20455649;
4a4d : 00000020;
4a4e : 41434E55;
4a4f : 5242494C;
4a50 : 00000020;
4a51 : 56414C53;
4a52 : 20202045;
4a53 : 00000020;
4a54 : 00505450;
4a55 : 74696857;
4a56 : 61522D65;
4a57 : 74696262;
4a58 : 00000000;
4a59 : 72617473;
4a5a : 00000074;
4a5b : 706F7473;
4a5c : 00000000;
4a5d : 00653265;
4a5e : 616C6564;
4a5f : 00000079;
4a60 : 00006D67;
4a61 : 76616C73;
4a62 : 00000065;
4a63 : 63736261;
4a64 : 00006C61;
4a65 : 00703270;
4a66 : 706F7473;
4a67 : 00646570;
4a68 : 6E6E7572;
4a69 : 00676E69;
4a6a : 70746567;
4a6b : 00000000;
4a6c : 70746573;
4a6d : 00000000;
4a6e : 73617265;
4a6f : 00000065;
4a70 : 00646461;
4a71 : 776F6873;
4a72 : 00000000;
4a73 : 6374616D;
4a74 : 00000068;
4a75 : 00616E65;
4a76 : 72617473;
4a77 : 78652D74;
4a78 : 00000074;
4a79 : 74696177;
4a7a : 7478652D;
4a7b : 00000000;
4a7c : 72617473;
4a7d : 65682D74;
4a7e : 7265706C;
4a7f : 00000000;
4a80 : 74696177;
4a81 : 6C65682D;
4a82 : 00726570;
4a83 : 72617473;
4a84 : 616D2D74;
4a85 : 00006E69;
4a86 : 74696177;
4a87 : 69616D2D;
4a88 : 0000006E;
4a89 : 61736964;
4a8a : 64656C62;
4a8b : 00000000;
4a8c : 64616572;
4a8d : 00000079;
4a8e : 61656C63;
4a8f : 61642D72;
4a90 : 00007363;
4a91 : 74696177;
4a92 : 656C632D;
4a93 : 642D7261;
4a94 : 00736361;
4a95 : 74696E69;
4a96 : 00000000;
4a97 : 00006C63;
4a98 : 74617473;
4a99 : 00000000;
4a9a : 00737073;
4a9b : 00737067;
4a9c : 63616473;
4a9d : 00000000;
4a9e : 63616467;
4a9f : 00000000;
4aa0 : 6E696167;
4aa1 : 00000000;
4aa2 : 64616F6C;
4aa3 : 00000000;
4aa4 : 73746573;
4aa5 : 00006365;
4aa6 : 6E746573;
4aa7 : 00636573;
4aa8 : 00776172;
4aa9 : 6D726F66;
4aaa : 00007461;
4aab : 00007366;
4aac : 00657366;
4aad : 0000736C;
4aae : 72666E75;
4aaf : 657A6565;
4ab0 : 00000000;
4ab1 : 662D7370;
4ab2 : 7A656572;
4ab3 : 00000065;
4ab4 : 2D6F6376;
4ab5 : 65657266;
4ab6 : 0000657A;
4ab7 : 6E616863;
4ab8 : 006C656E;
4ab9 : 746F6F62;
4aba : 00000000;
4abb : 74696E69;
4abc : 696C6169;
4abd : 676E697A;
4abe : 00000000;
4abf : 6C756166;
4ac0 : 00007974;
4ac1 : 7473696C;
4ac2 : 6E696E65;
4ac3 : 00000067;
4ac4 : 2D657270;
4ac5 : 7473616D;
4ac6 : 00007265;
4ac7 : 73736170;
4ac8 : 00657669;
4ac9 : 61636E75;
4aca : 7262696C;
4acb : 64657461;
4acc : 00000000;
4acd : 636E7973;
4ace : 00000000;
4acf : 616C6564;
4ad0 : 65725F79;
4ad1 : 00000071;
4ad2 : 6C656470;
4ad3 : 725F7961;
4ad4 : 00007165;
4ad5 : 6C656470;
4ad6 : 725F7961;
4ad7 : 00707365;
4ad8 : 616C6564;
4ad9 : 65725F79;
4ada : 00007073;
4adb : 6C656470;
4adc : 725F7961;
4add : 5F707365;
4ade : 6C6C6F66;
4adf : 755F776F;
4ae0 : 00000070;
4ae1 : 6F6E6E61;
4ae2 : 65636E75;
4ae3 : 00000000;
4ae4 : 6E676973;
4ae5 : 6E696C61;
4ae6 : 00000067;
4ae7 : 616E616D;
4ae8 : 656D6567;
4ae9 : 0000746E;
4aea : 73257325;
4aeb : 78323025;
4aec : 3230252D;
4aed : 30252D78;
4aee : 252D7832;
4aef : 2D783230;
4af0 : 78323025;
4af1 : 3230252D;
4af2 : 30252D78;
4af3 : 252D7832;
4af4 : 2D783230;
4af5 : 78323025;
4af6 : 3230252D;
4af7 : 00000A78;
4af8 : 73257325;
4af9 : 2E756C25;
4afa : 69393025;
4afb : 0000000A;
4afc : 73257325;
4afd : 28207325;
4afe : 657A6973;
4aff : 29692520;
4b00 : 0000000A;
4b01 : 73257325;
4b02 : 00000000;
4b03 : 78323025;
4b04 : 00000000;
4b05 : 6B636F4C;
4b06 : 20676E69;
4b07 : 004C4C50;
4b08 : 636F4C0A;
4b09 : 6974206B;
4b0a : 756F656D;
4b0b : 00002E74;
4b0c : 0000002E;
4b0d : 23637277;
4b0e : 00000020;
4b0f : 25315B1B;
4b10 : 00000063;
4b11 : 766E6920;
4b12 : 64696C61;
4b13 : 00000000;
4b14 : 5F4E4E41;
4b15 : 49465553;
4b16 : 00000058;
4b17 : 65757254;
4b18 : 00000000;
4b19 : 736C6146;
4b1a : 00000065;
4b1b : 5F4E4F4E;
4b1c : 00005257;
4b1d : 49547325;
4b1e : 203A454D;
4b1f : 696C2528;
4b20 : 30202D20;
4b21 : 786C2578;
4b22 : 6C252029;
4b23 : 30252E69;
4b24 : 25696C36;
4b25 : 00000A73;
4b26 : 72747325;
4b27 : 61636E75;
4b28 : 20646574;
4b29 : 6E656C28;
4b2a : 25203D20;
4b2b : 000A2969;
4b2c : 45567325;
4b2d : 4F495352;
4b2e : 75203A4E;
4b2f : 7075736E;
4b30 : 74726F70;
4b31 : 28206465;
4b32 : 0A296925;
4b33 : 00000000;
4b34 : 45567325;
4b35 : 4F495352;
4b36 : 25203A4E;
4b37 : 74282069;
4b38 : 20657079;
4b39 : 202C6925;
4b3a : 206E656C;
4b3b : 202C6925;
4b3c : 616D6F64;
4b3d : 25206E69;
4b3e : 000A2969;
4b3f : 4C467325;
4b40 : 3A534741;
4b41 : 25783020;
4b42 : 25783230;
4b43 : 20783230;
4b44 : 726F6328;
4b45 : 74636572;
4b46 : 206E6F69;
4b47 : 30257830;
4b48 : 253A7838;
4b49 : 20783830;
4b4a : 75383025;
4b4b : 00000A29;
4b4c : 54524F50;
4b4d : 0000203A;
4b4e : 45527325;
4b4f : 203A5453;
4b50 : 20716573;
4b51 : 202C6925;
4b52 : 6C727463;
4b53 : 2C692520;
4b54 : 676F6C20;
4b55 : 746E692D;
4b56 : 61767265;
4b57 : 6925206C;
4b58 : 0000000A;
4b59 : 454D7325;
4b5a : 47415353;
4b5b : 28203A45;
4b5c : 53202945;
4b5d : 0A434E59;
4b5e : 00000000;
4b5f : 2D47534D;
4b60 : 434E5953;
4b61 : 0000203A;
4b62 : 454D7325;
4b63 : 47415353;
4b64 : 28203A45;
4b65 : 44202945;
4b66 : 59414C45;
4b67 : 5145525F;
4b68 : 0000000A;
4b69 : 2D47534D;
4b6a : 414C4544;
4b6b : 45525F59;
4b6c : 00203A51;
4b6d : 454D7325;
4b6e : 47415353;
4b6f : 28203A45;
4b70 : 46202947;
4b71 : 4F4C4C4F;
4b72 : 50555F57;
4b73 : 0000000A;
4b74 : 2D47534D;
4b75 : 4C4C4F46;
4b76 : 555F574F;
4b77 : 00203A50;
4b78 : 454D7325;
4b79 : 47415353;
4b7a : 28203A45;
4b7b : 44202947;
4b7c : 59414C45;
4b7d : 5345525F;
4b7e : 00000A50;
4b7f : 2D47534D;
4b80 : 414C4544;
4b81 : 45525F59;
4b82 : 203A5053;
4b83 : 00000000;
4b84 : 454D7325;
4b85 : 47415353;
4b86 : 28203A45;
4b87 : 41202947;
4b88 : 554F4E4E;
4b89 : 0A45434E;
4b8a : 00000000;
4b8b : 2D47534D;
4b8c : 4F4E4E41;
4b8d : 45434E55;
4b8e : 7473203A;
4b8f : 20706D61;
4b90 : 00000000;
4b91 : 2D47534D;
4b92 : 4F4E4E41;
4b93 : 45434E55;
4b94 : 7267203A;
4b95 : 6D646E61;
4b96 : 65747361;
4b97 : 75712D72;
4b98 : 74696C61;
4b99 : 00002079;
4b9a : 73257325;
4b9b : 78323025;
4b9c : 3230252D;
4b9d : 30252D78;
4b9e : 000A7834;
4b9f : 534D7325;
4ba0 : 4E412D47;
4ba1 : 4E554F4E;
4ba2 : 203A4543;
4ba3 : 6E617267;
4ba4 : 73616D64;
4ba5 : 2D726574;
4ba6 : 6F697270;
4ba7 : 20692520;
4ba8 : 000A6925;
4ba9 : 2D47534D;
4baa : 4F4E4E41;
4bab : 45434E55;
4bac : 7267203A;
4bad : 6D646E61;
4bae : 65747361;
4baf : 64692D72;
4bb0 : 00000020;
4bb1 : 73257325;
4bb2 : 78323025;
4bb3 : 3230252D;
4bb4 : 30252D78;
4bb5 : 252D7832;
4bb6 : 2D783230;
4bb7 : 78323025;
4bb8 : 3230252D;
4bb9 : 30252D78;
4bba : 252D7832;
4bbb : 0A783230;
4bbc : 00000000;
4bbd : 454D7325;
4bbe : 47415353;
4bbf : 28203A45;
4bc0 : 53202947;
4bc1 : 414E4749;
4bc2 : 474E494C;
4bc3 : 0000000A;
4bc4 : 2D47534D;
4bc5 : 4E474953;
4bc6 : 4E494C41;
4bc7 : 74203A47;
4bc8 : 65677261;
4bc9 : 6F702D74;
4bca : 00207472;
4bcb : 4C547325;
4bcc : 74203A56;
4bcd : 73206F6F;
4bce : 74726F68;
4bcf : 726F6620;
4bd0 : 61656820;
4bd1 : 20726564;
4bd2 : 746F7428;
4bd3 : 25206C61;
4bd4 : 000A2969;
4bd5 : 4C547325;
4bd6 : 74203A56;
4bd7 : 20657079;
4bd8 : 78343025;
4bd9 : 6E656C20;
4bda : 20692520;
4bdb : 00000000;
4bdc : 206F6F74;
4bdd : 726F6873;
4bde : 65282074;
4bdf : 63657078;
4be0 : 20646574;
4be1 : 202C6925;
4be2 : 61746F74;
4be3 : 6925206C;
4be4 : 00000A29;
4be5 : 732D316C;
4be6 : 20636E79;
4be7 : 666E6F63;
4be8 : 32302520;
4be9 : 63612078;
4bea : 30252074;
4beb : 000A7832;
4bec : 2D766C74;
4bed : 746E6F63;
4bee : 00746E65;
4bef : 3A564C54;
4bf0 : 00000020;
4bf1 : 2069756F;
4bf2 : 78323025;
4bf3 : 3230253A;
4bf4 : 30253A78;
4bf5 : 73207832;
4bf6 : 25206275;
4bf7 : 3A783230;
4bf8 : 78323025;
4bf9 : 3230253A;
4bfa : 00000A78;
4bfb : 0001ADDE;
4bfc : 4C547325;
4bfd : 6D203A56;
4bfe : 61737365;
4bff : 64496567;
4c00 : 28732520;
4c01 : 78257830;
4c02 : 00000A29;
4c03 : 4C547325;
4c04 : 74203A56;
4c05 : 73206F6F;
4c06 : 74726F68;
4c07 : 78652820;
4c08 : 74636570;
4c09 : 38206465;
4c0a : 6F74202C;
4c0b : 206C6174;
4c0c : 0A296925;
4c0d : 00000000;
4c0e : 4C547325;
4c0f : 63203A56;
4c10 : 65536C61;
4c11 : 6150646E;
4c12 : 72657474;
4c13 : 7325206E;
4c14 : 6163202C;
4c15 : 7465526C;
4c16 : 25207972;
4c17 : 63202C75;
4c18 : 65506C61;
4c19 : 646F6972;
4c1a : 0A642520;
4c1b : 00000000;
4c1c : 4C547325;
4c1d : 74203A56;
4c1e : 73206F6F;
4c1f : 74726F68;
4c20 : 78652820;
4c21 : 74636570;
4c22 : 31206465;
4c23 : 74202C38;
4c24 : 6C61746F;
4c25 : 29692520;
4c26 : 0000000A;
4c27 : 746C6564;
4c28 : 00785461;
4c29 : 746C6564;
4c2a : 00785261;
4c2b : 4C547325;
4c2c : 77203A56;
4c2d : 616C4672;
4c2e : 203A7367;
4c2f : 6F437277;
4c30 : 6769666E;
4c31 : 2C732520;
4c32 : 6C616320;
4c33 : 61726269;
4c34 : 20646574;
4c35 : 202C7325;
4c36 : 6F4D7277;
4c37 : 6E4F6564;
4c38 : 0A732520;
4c39 : 00000000;
4c3a : 61746164;
4c3b : 00000000;
4c3c : 6C796170;
4c3d : 0064616F;
4c3e : 504D5544;
4c3f : 0000203A;
4c40 : 64256325;
4c41 : 3130252E;
4c42 : 756C6C38;
4c43 : 00000000;
4c44 : 6C256325;
4c45 : 252E646C;
4c46 : 00643330;
4c47 : 64257325;
4c48 : 3930252E;
4c49 : 33302564;
4c4a : 00000064;
4c4b : 76636572;
4c4c : 0000203A;
4c4d : 64393025;
4c4e : 39302520;
4c4f : 30252064;
4c50 : 00006433;
4c51 : 25202020;
4c52 : 252E6439;
4c53 : 0A643330;
4c54 : 00000000;
4c55 : 78323025;
4c56 : 0000003A;
4c57 : 4B4E494C;
4c58 : 574F445F;
4c59 : 0000004E;
4c5a : 69737070;
4c5b : 00000000;
4c5c : 67616964;
4c5d : 2D73252D;
4c5e : 252D6925;
4c5f : 00203A73;
4c60 : 6F727265;
4c61 : 6E692072;
4c62 : 6F5F7420;
4c63 : 3E2D7370;
4c64 : 76726573;
4c65 : 6E695F6F;
4c66 : 00007469;
4c67 : 74696E49;
4c68 : 696C6169;
4c69 : 3A64657A;
4c6a : 73626F20;
4c6b : 6972645F;
4c6c : 25207466;
4c6d : 0A696C6C;
4c6e : 00000000;
4c6f : 61746144;
4c70 : 20746573;
4c71 : 6E207325;
4c72 : 7120746F;
4c73 : 696C6175;
4c74 : 64656966;
4c75 : 0000000A;
4c76 : 00000041;
4c77 : 20262041;
4c78 : 00000042;
4c79 : 70657453;
4c7a : 6D655273;
4c7b : 6465766F;
4c7c : 203A4120;
4c7d : 202C6925;
4c7e : 70657453;
4c7f : 6D655273;
4c80 : 6465766F;
4c81 : 203A4220;
4c82 : 000A6925;
4c83 : 253A7325;
4c84 : 45203A69;
4c85 : 726F7272;
4c86 : 000A3120;
4c87 : 00007854;
4c88 : 64497325;
4c89 : 203A4120;
4c8a : 252E7325;
4c8b : 2C783430;
4c8c : 4973250A;
4c8d : 3A422064;
4c8e : 2E732520;
4c8f : 78343025;
4c90 : 0000000A;
4c91 : 00007852;
4c92 : 6F697250;
4c93 : 79746972;
4c94 : 00000031;
4c95 : 41207325;
4c96 : 6925203A;
4c97 : 7325202C;
4c98 : 203A4220;
4c99 : 000A6925;
4c9a : 636F6C43;
4c9b : 616C436B;
4c9c : 00007373;
4c9d : 636F6C43;
4c9e : 6363416B;
4c9f : 63617275;
4ca0 : 00000079;
4ca1 : 69726156;
4ca2 : 65636E61;
4ca3 : 00000000;
4ca4 : 6F697250;
4ca5 : 79746972;
4ca6 : 00000032;
4ca7 : 64496D47;
4ca8 : 203A4120;
4ca9 : 000A7325;
4caa : 64496D47;
4cab : 203A4220;
4cac : 000A7325;
4cad : 74726F70;
4cae : 41206449;
4caf : 7325203A;
4cb0 : 0000000A;
4cb1 : 74726F70;
4cb2 : 42206449;
4cb3 : 7325203A;
4cb4 : 0000000A;
4cb5 : 6C756F43;
4cb6 : 6F6E2064;
4cb7 : 65672074;
4cb8 : 54552074;
4cb9 : 666F2043;
4cba : 74657366;
4cbb : 6F726620;
4cbc : 7973206D;
4cbd : 6D657473;
4cbe : 6174202C;
4cbf : 676E696B;
4cc0 : 66656420;
4cc1 : 746C7561;
4cc2 : 6925203A;
4cc3 : 0000000A;
4cc4 : 2077654E;
4cc5 : 20435455;
4cc6 : 7366666F;
4cc7 : 203A7465;
4cc8 : 000A6925;
4cc9 : 25287325;
4cca : 4D202964;
4ccb : 61737365;
4ccc : 63206567;
4ccd : 74276E61;
4cce : 20656220;
4ccf : 746E6573;
4cd0 : 0000000A;
4cd1 : 544E4553;
4cd2 : 32302520;
4cd3 : 79622064;
4cd4 : 20736574;
4cd5 : 25207461;
4cd6 : 30252E64;
4cd7 : 252E6439;
4cd8 : 20643330;
4cd9 : 29732528;
4cda : 0000000A;
4cdb : 2077656E;
4cdc : 74617473;
4cdd : 73252065;
4cde : 0000000A;
4cdf : 73205257;
4ce0 : 65746174;
4ce1 : 454C203A;
4ce2 : 3D455641;
4ce3 : 202C7325;
4ce4 : 45544E45;
4ce5 : 73253D52;
4ce6 : 0000000A;
4ce7 : 252E7325;
4ce8 : 41203A64;
4ce9 : 73756A64;
4cea : 68705F74;
4ceb : 3A657361;
4cec : 0A642520;
4ced : 00000000;
4cee : 203A7325;
4cef : 3D62736D;
4cf0 : 78257830;
4cf1 : 62736C20;
4cf2 : 2578303D;
4cf3 : 00000A78;
4cf4 : 72746552;
4cf5 : 6E6F2079;
4cf6 : 6D697420;
4cf7 : 74756F65;
4cf8 : 0000000A;
4cf9 : 6B6F6F68;
4cfa : 7325203A;
4cfb : 0000000A;
4cfc : 203A7325;
4cfd : 3D746E73;
4cfe : 202C6425;
4cff : 3D636573;
4d00 : 2C646C25;
4d01 : 65736E20;
4d02 : 6C253D63;
4d03 : 00000A64;
4d04 : 64393025;
4d05 : 39302520;
4d06 : 30252064;
4d07 : 00206433;
4d08 : 646E6573;
4d09 : 0000203A;
4d0a : 203A7325;
4d0b : 0A696C25;
4d0c : 00000000;
4d0d : 6E726157;
4d0e : 3A676E69;
4d0f : 3A732520;
4d10 : 6E616320;
4d11 : 746F6E20;
4d12 : 6A646120;
4d13 : 20747375;
4d14 : 71657266;
4d15 : 6270705F;
4d16 : 696C2520;
4d17 : 0000000A;
4d18 : 203A7325;
4d19 : 756C3925;
4d1a : 3930252E;
4d1b : 000A696C;
4d1c : 203A7325;
4d1d : 20642574;
4d1e : 69207369;
4d1f : 726F636E;
4d20 : 74636572;
4d21 : 0000000A;
4d22 : 203A3154;
4d23 : 73207325;
4d24 : 0000000A;
4d25 : 203A3254;
4d26 : 73207325;
4d27 : 0000000A;
4d28 : 203A3354;
4d29 : 73207325;
4d2a : 0000000A;
4d2b : 203A3454;
4d2c : 73207325;
4d2d : 0000000A;
4d2e : 616C6564;
4d2f : 204D4D79;
4d30 : 20202020;
4d31 : 20202020;
4d32 : 7325203A;
4d33 : 000A7320;
4d34 : 616C6564;
4d35 : 20534D79;
4d36 : 20202020;
4d37 : 20202020;
4d38 : 7325203A;
4d39 : 000A7320;
4d3a : 616C6564;
4d3b : 79734179;
4d3c : 2020206D;
4d3d : 20202020;
4d3e : 7325203A;
4d3f : 0A736E20;
4d40 : 00000000;
4d41 : 616C6564;
4d42 : 79734179;
4d43 : 656F436D;
4d44 : 20206666;
4d45 : 7325203A;
4d46 : 0A736E20;
4d47 : 00000000;
4d48 : 6E61656D;
4d49 : 616C6544;
4d4a : 20202079;
4d4b : 20202020;
4d4c : 7325203A;
4d4d : 000A7320;
4d4e : 7366666F;
4d4f : 72467465;
4d50 : 614D6D6F;
4d51 : 72657473;
4d52 : 7325203A;
4d53 : 000A7320;
4d54 : 6D697254;
4d55 : 6F6F7420;
4d56 : 6E6F6C2D;
4d57 : 706D2067;
4d58 : 25203A64;
4d59 : 00000A69;
4d5a : 65746641;
4d5b : 76612072;
4d5c : 69252867;
4d5d : 6D202C29;
4d5e : 446E6165;
4d5f : 79616C65;
4d60 : 7325203A;
4d61 : 00000A20;
4d62 : 6573624F;
4d63 : 64657672;
4d64 : 69726420;
4d65 : 203A7466;
4d66 : 0A693925;
4d67 : 00000000;
4d68 : 4F525245;
4d69 : 25203A52;
4d6a : 46203A73;
4d6b : 6F6C6C6F;
4d6c : 70752077;
4d6d : 73656D20;
4d6e : 65676173;
4d6f : 20736920;
4d70 : 20746F6E;
4d71 : 6D6F7266;
4d72 : 72756320;
4d73 : 746E6572;
4d74 : 72617020;
4d75 : 0A746E65;
4d76 : 00000000;
4d77 : 4F525245;
4d78 : 25203A52;
4d79 : 53203A73;
4d7a : 6576616C;
4d7b : 73617720;
4d7c : 746F6E20;
4d7d : 69617720;
4d7e : 676E6974;
4d7f : 66206120;
4d80 : 6F6C6C6F;
4d81 : 70752077;
4d82 : 73656D20;
4d83 : 65676173;
4d84 : 0000000A;
4d85 : 4F525245;
4d86 : 25203A52;
4d87 : 53203A73;
4d88 : 65757165;
4d89 : 4965636E;
4d8a : 64252044;
4d8b : 656F6420;
4d8c : 74276E73;
4d8d : 74616D20;
4d8e : 6C206863;
4d8f : 20747361;
4d90 : 636E7953;
4d91 : 73656D20;
4d92 : 65676173;
4d93 : 0A642520;
4d94 : 00000000;
4d95 : 6B636F6C;
4d96 : 00006465;
4d97 : 6C756F43;
4d98 : 6F6E2064;
4d99 : 65672074;
4d9a : 4D472074;
4d9b : 636F6C20;
4d9c : 676E696B;
4d9d : 61747320;
4d9e : 202C6574;
4d9f : 696B6174;
4da0 : 6F20676E;
4da1 : 6320646C;
4da2 : 6B636F6C;
4da3 : 616C6320;
4da4 : 203A7373;
4da5 : 000A6925;
4da6 : 696D6954;
4da7 : 6D20676E;
4da8 : 2065646F;
4da9 : 6E616863;
4daa : 20646567;
4dab : 7325203A;
4dac : 6C63202C;
4dad : 206B636F;
4dae : 73616C63;
4daf : 25203A73;
4db0 : 63202C64;
4db1 : 6B636F6C;
4db2 : 63636120;
4db3 : 63617275;
4db4 : 25203A79;
4db5 : 63202C64;
4db6 : 6B636F6C;
4db7 : 72617620;
4db8 : 636E6169;
4db9 : 30203A65;
4dba : 34302578;
4dbb : 74202C78;
4dbc : 53656D69;
4dbd : 6372756F;
4dbe : 30203A65;
4dbf : 32302578;
4dc0 : 70202C78;
4dc1 : 69547074;
4dc2 : 6353656D;
4dc3 : 3A656C61;
4dc4 : 2C642520;
4dc5 : 65726620;
4dc6 : 6E657571;
4dc7 : 72547963;
4dc8 : 61656361;
4dc9 : 3A656C62;
4dca : 2C642520;
4dcb : 6D697420;
4dcc : 61725465;
4dcd : 62616563;
4dce : 203A656C;
4dcf : 000A6425;
4dd0 : 5F636D62;
4dd1 : 5F656761;
4dd2 : 6E677266;
4dd3 : 73616D5F;
4dd4 : 73726574;
4dd5 : 0000000A;
4dd6 : 64656741;
4dd7 : 74756F20;
4dd8 : 66732520;
4dd9 : 6965726F;
4dda : 6D206E67;
4ddb : 65747361;
4ddc : 69252072;
4ddd : 0A69252F;
4dde : 00000000;
4ddf : 74736542;
4de0 : 726F6620;
4de1 : 6E676965;
4de2 : 73616D20;
4de3 : 20726574;
4de4 : 61207369;
4de5 : 6E692074;
4de6 : 20786564;
4de7 : 252F6925;
4de8 : 00000A69;
4de9 : 72756F53;
4dea : 6F506563;
4deb : 64497472;
4dec : 00000000;
4ded : 45206F4E;
4dee : 74736562;
4def : 0000000A;
4df0 : 74736542;
4df1 : 726F6620;
4df2 : 6E676965;
4df3 : 73616D20;
4df4 : 20726574;
4df5 : 61207369;
4df6 : 6F702074;
4df7 : 25207472;
4df8 : 00000A69;
4df9 : 6F502041;
4dfa : 69207472;
4dfb : 6E692073;
4dfc : 696E6920;
4dfd : 6C616974;
4dfe : 6E697A69;
4dff : 00000A67;
4e00 : 656D6974;
4e01 : 2074756F;
4e02 : 69707865;
4e03 : 3A646572;
4e04 : 20732520;
4e05 : 6C25202D;
4e06 : 00000A75;
4e07 : 656D6974;
4e08 : 2074756F;
4e09 : 65736572;
4e0a : 3A646574;
4e0b : 20732520;
4e0c : 6925202D;
4e0d : 25202F20;
4e0e : 000A756C;
4e0f : 65726F46;
4e10 : 206E6769;
4e11 : 7473614D;
4e12 : 50207265;
4e13 : 2074726F;
4e14 : 00006449;
4e15 : 6F6E6E41;
4e16 : 65636E75;
4e17 : 61726620;
4e18 : 6620656D;
4e19 : 206D6F72;
4e1a : 000A7325;
4e1b : 65622061;
4e1c : 72657474;
4e1d : 726F7020;
4e1e : 6E6F2074;
4e1f : 69687420;
4e20 : 6C632073;
4e21 : 006B636F;
4e22 : 6F772061;
4e23 : 20657372;
4e24 : 74726F70;
4e25 : 206E6F20;
4e26 : 73696874;
4e27 : 6F6C6320;
4e28 : 00006B63;
4e29 : 73696874;
4e2a : 726F7020;
4e2b : 00000074;
4e2c : 6F6E6E41;
4e2d : 65636E75;
4e2e : 61726620;
4e2f : 7320656D;
4e30 : 73706574;
4e31 : 6D657220;
4e32 : 6465766F;
4e33 : 72616C20;
4e34 : 20726567;
4e35 : 6520726F;
4e36 : 6C617571;
4e37 : 35353220;
4e38 : 6925203A;
4e39 : 0000000A;
4e3a : 65726F46;
4e3b : 206E6769;
4e3c : 7473614D;
4e3d : 25207265;
4e3e : 70752069;
4e3f : 65746164;
4e40 : 00000A64;
4e41 : 253A7325;
4e42 : 4E203A69;
4e43 : 66207765;
4e44 : 6965726F;
4e45 : 6D206E67;
4e46 : 65747361;
4e47 : 6F772072;
4e48 : 20657372;
4e49 : 6E616874;
4e4a : 726F7720;
4e4b : 69207473;
4e4c : 6874206E;
4e4d : 75662065;
4e4e : 74206C6C;
4e4f : 656C6261;
4e50 : 6B73202C;
4e51 : 69707069;
4e52 : 000A676E;
4e53 : 2077654E;
4e54 : 65726F66;
4e55 : 206E6769;
4e56 : 7473614D;
4e57 : 25207265;
4e58 : 64612069;
4e59 : 0A646564;
4e5a : 00000000;
4e5b : 646E6168;
4e5c : 5320656C;
4e5d : 616E6769;
4e5e : 676E696C;
4e5f : 67736D20;
4e60 : 6166202C;
4e61 : 64656C69;
4e62 : 6F6E202C;
4e63 : 00002074;
4e64 : 726F7325;
4e65 : 696E6167;
4e66 : 6974617A;
4e67 : 65206E6F;
4e68 : 6E657478;
4e69 : 6E6F6973;
4e6a : 564C5420;
4e6b : 30203D20;
4e6c : 0A782578;
4e6d : 00000000;
4e6e : 45437325;
4e6f : 73274E52;
4e70 : 49554F20;
4e71 : 30203D20;
4e72 : 0A782578;
4e73 : 00000000;
4e74 : 68577325;
4e75 : 20657469;
4e76 : 62626152;
4e77 : 6D207469;
4e78 : 63696761;
4e79 : 6D756E20;
4e7a : 20726562;
4e7b : 7830203D;
4e7c : 000A7825;
4e7d : 75737325;
4e7e : 726F7070;
4e7f : 20646574;
4e80 : 73726576;
4e81 : 206E6F69;
4e82 : 626D756E;
4e83 : 3D207265;
4e84 : 25783020;
4e85 : 00000A78;
4e86 : 6568746F;
4e87 : 646F4E72;
4e88 : 6C614365;
4e89 : 69726550;
4e8a : 3020646F;
4e8b : 0A782578;
4e8c : 00000000;
4e8d : 61772820;
4e8e : 66207469;
4e8f : 6820726F;
4e90 : 00002977;
4e91 : 4F525245;
4e92 : 25203A52;
4e93 : 203A2073;
4e94 : 76726553;
4e95 : 6F6E206F;
4e96 : 6E692074;
4e97 : 61697469;
4e98 : 657A696C;
4e99 : 21212064;
4e9a : 000A2121;
4e9b : 4F525245;
4e9c : 25203A52;
4e9d : 50203A73;
4e9e : 65204C4C;
4e9f : 726F7272;
4ea0 : 74656420;
4ea1 : 65746365;
4ea2 : 45282064;
4ea3 : 253D7272;
4ea4 : 202E2964;
4ea5 : 63726F46;
4ea6 : 65722065;
4ea7 : 72617473;
4ea8 : 000A2E74;
4ea9 : 76726573;
4eaa : 75623A6F;
4eab : 000A7973;
4eac : 7366666F;
4ead : 534D7465;
4eae : 6C25203A;
4eaf : 65732069;
4eb0 : 2E2E2063;
4eb1 : 00000A2E;
4eb2 : 4F525245;
4eb3 : 25203A52;
4eb4 : 203A2073;
4eb5 : 61766E49;
4eb6 : 2064696C;
4eb7 : 636F6C63;
4eb8 : 6570206B;
4eb9 : 646F6972;
4eba : 0A642520;
4ebb : 00000000;
4ebc : 7366666F;
4ebd : 534D7465;
4ebe : 6C25203A;
4ebf : 65732069;
4ec0 : 30252063;
4ec1 : 20696C39;
4ec2 : 6B636974;
4ec3 : 25282073;
4ec4 : 7020696C;
4ec5 : 000A2973;
4ec6 : 5F687277;
4ec7 : 76726573;
4ec8 : 7473206F;
4ec9 : 3A657461;
4eca : 25732520;
4ecb : 00000A73;
4ecc : 73646C6F;
4ecd : 20707465;
4ece : 202C6925;
4ecf : 7366666F;
4ed0 : 25207465;
4ed1 : 30253A69;
4ed2 : 000A6934;
4ed3 : 756A6461;
4ed4 : 70207473;
4ed5 : 65736168;
4ed6 : 0A692520;
4ed7 : 00000000;
4ed8 : 6C756F63;
4ed9 : 6F6E2064;
4eda : 65732074;
4edb : 7320646E;
4edc : 0A636E79;
4edd : 00000000;
4ede : 656D6974;
4edf : 00000000;
4ee0 : 6C756F43;
4ee1 : 6F6E2064;
4ee2 : 65672074;
4ee3 : 54552074;
4ee4 : 73252043;
4ee5 : 6F726620;
4ee6 : 7973206D;
4ee7 : 6D657473;
4ee8 : 6174202C;
4ee9 : 676E696B;
4eea : 63657220;
4eeb : 65766965;
4eec : 6C662064;
4eed : 0A736761;
4eee : 00000000;
4eef : 726F6873;
4ef0 : 66612074;
4ef1 : 20726574;
4ef2 : 6E64696D;
4ef3 : 74686769;
4ef4 : 6174202C;
4ef5 : 676E696B;
4ef6 : 636F6C20;
4ef7 : 6F206C61;
4ef8 : 65736666;
4ef9 : 00000A74;
4efa : 6C756F43;
4efb : 6F6E2064;
4efc : 65672074;
4efd : 54552074;
4efe : 666F2043;
4eff : 74657366;
4f00 : 6F726620;
4f01 : 7973206D;
4f02 : 6D657473;
4f03 : 0000000A;
4f04 : 6C756F63;
4f05 : 6F6E2064;
4f06 : 65732074;
4f07 : 6120646E;
4f08 : 756F6E6E;
4f09 : 0A65636E;
4f0a : 00000000;
4f0b : 6F6E6749;
4f0c : 20646572;
4f0d : 6D617266;
4f0e : 69252065;
4f0f : 0000000A;
4f10 : 656D6974;
4f11 : 2074756F;
4f12 : 7265766F;
4f13 : 3A2E7277;
4f14 : 20732520;
4f15 : 6925202D;
4f16 : 25202F20;
4f17 : 000A756C;
4f18 : 72707041;
4f19 : 6863616F;
4f1a : 20676E69;
4f1b : 6E64696D;
4f1c : 74686769;
4f1d : 6F6E202C;
4f1e : 70752074;
4f1f : 69746164;
4f20 : 6C20676E;
4f21 : 20706165;
4f22 : 67616C66;
4f23 : 00000A73;
4f24 : 72727543;
4f25 : 20746E65;
4f26 : 20435455;
4f27 : 67616C66;
4f28 : 6F202C73;
4f29 : 65736666;
4f2a : 25203A74;
4f2b : 6C202C69;
4f2c : 35706165;
4f2d : 25203A39;
4f2e : 6C202C69;
4f2f : 36706165;
4f30 : 25203A31;
4f31 : 00000A69;
4f32 : 67616C66;
4f33 : 00000073;
4f34 : 20435455;
4f35 : 67616C66;
4f36 : 68632073;
4f37 : 65676E61;
4f38 : 6F202C64;
4f39 : 65736666;
4f3a : 25203A74;
4f3b : 6C202C69;
4f3c : 35706165;
4f3d : 25203A39;
4f3e : 6C202C69;
4f3f : 36706165;
4f40 : 25203A31;
4f41 : 00000A69;
4f42 : 6C756F43;
4f43 : 6F6E2064;
4f44 : 65732074;
4f45 : 54552074;
4f46 : 666F2043;
4f47 : 74657366;
4f48 : 206E6F20;
4f49 : 74737973;
4f4a : 000A6D65;
4f4b : 2077654E;
4f4c : 20435455;
4f4d : 7366666F;
4f4e : 69207465;
4f4f : 6874206E;
4f50 : 696D2065;
4f51 : 656C6464;
4f52 : 20666F20;
4f53 : 20656874;
4f54 : 3A796164;
4f55 : 0A692520;
4f56 : 00000000;
4f57 : 4F525245;
4f58 : 25203A52;
4f59 : 41203A73;
4f5a : 756F6E6E;
4f5b : 2065636E;
4f5c : 7373656D;
4f5d : 20656761;
4f5e : 6E207369;
4f5f : 6620746F;
4f60 : 206D6F72;
4f61 : 72727563;
4f62 : 20746E65;
4f63 : 65726170;
4f64 : 000A746E;
4f65 : 65427245;
4f66 : 00207473;
4f67 : 4F464E49;
4f68 : 654E203A;
4f69 : 72672077;
4f6a : 6D646E61;
4f6b : 65747361;
4f6c : 65642072;
4f6d : 74636574;
4f6e : 203A6465;
4f6f : 000A7325;
4f70 : 65746E45;
4f71 : 20646572;
4f72 : 75206F74;
4f73 : 6C61636E;
4f74 : 61726269;
4f75 : 2C646574;
4f76 : 73657220;
4f77 : 73207465;
4f78 : 6F767265;
4f79 : 0000000A;
4f7a : 6C756F63;
4f7b : 6F6E2064;
4f7c : 65732074;
4f7d : 7220646E;
4f7e : 65757165;
4f7f : 000A7473;
4f80 : 4F525245;
4f81 : 25203A52;
4f82 : 53203A73;
4f83 : 20636E79;
4f84 : 7373656D;
4f85 : 20656761;
4f86 : 6E207369;
4f87 : 6620746F;
4f88 : 206D6F72;
4f89 : 72727563;
4f8a : 20746E65;
4f8b : 65726170;
4f8c : 000A746E;
4f8d : 3A207325;
4f8e : 6C654420;
4f8f : 52207961;
4f90 : 20707365;
4f91 : 73656F64;
4f92 : 2074276E;
4f93 : 6374616D;
4f94 : 65442068;
4f95 : 2079616C;
4f96 : 20716552;
4f97 : 25206628;
4f98 : 000A2978;
4f99 : 203A7325;
4f9a : 276E6163;
4f9b : 6E692074;
4f9c : 65207469;
4f9d : 6E657478;
4f9e : 6E6F6973;
4f9f : 0000000A;
4fa0 : 636F6C63;
4fa1 : 6C63206B;
4fa2 : 20737361;
4fa3 : 6425203D;
4fa4 : 0000000A;
4fa5 : 636F6C63;
4fa6 : 6361206B;
4fa7 : 61727563;
4fa8 : 3D207963;
4fa9 : 0A642520;
4faa : 00000000;
4fab : 203A7325;
4fac : 65205257;
4fad : 6E657478;
4fae : 6E6F6973;
4faf : 616E6520;
4fb0 : 64656C62;
4fb1 : 00000A2E;
4fb2 : 203A7325;
4fb3 : 65205257;
4fb4 : 6E657478;
4fb5 : 6E6F6973;
4fb6 : 73696420;
4fb7 : 656C6261;
4fb8 : 000A2E64;
4fb9 : 646E6148;
4fba : 6B616873;
4fbb : 61662065;
4fbc : 72756C69;
4fbd : 6E203A65;
4fbe : 6E20776F;
4fbf : 772D6E6F;
4fc0 : 73252072;
4fc1 : 0000000A;
4fc2 : 494C4143;
4fc3 : 54415242;
4fc4 : 00004445;
4fc5 : 203A5257;
4fc6 : 61766E49;
4fc7 : 2064696C;
4fc8 : 4967736D;
4fc9 : 25782864;
4fca : 29783430;
4fcb : 63657220;
4fcc : 65766965;
4fcd : 25202E64;
4fce : 61772073;
4fcf : 78652073;
4fd0 : 74636570;
4fd1 : 000A6465;
4fd2 : 435F5257;
4fd3 : 42494C41;
4fd4 : 00514552;
4fd5 : 656D6974;
4fd6 : 2074756F;
4fd7 : 69707865;
4fd8 : 3A646572;
4fd9 : 0A732520;
4fda : 00000000;
4fdb : 494C4143;
4fdc : 54415242;
4fdd : 52572F45;
4fde : 444F4D5F;
4fdf : 4E4F5F45;
4fe0 : 00000000;
4fe1 : 435F5257;
4fe2 : 42494C41;
4fe3 : 45544152;
4fe4 : 00000044;
4fe5 : 494C4143;
4fe6 : 54415242;
4fe7 : 00000045;
4fe8 : 4C5F5257;
4fe9 : 454B434F;
4fea : 00000044;
4feb : 535F5257;
4fec : 4B434F4C;
4fed : 00000000;
4fee : 4B434F4C;
4fef : 00004445;
4ff0 : 4D5F5257;
4ff1 : 4B434F4C;
4ff2 : 00000000;
4ff3 : 656C6469;
4ff4 : 00000000;
4ff5 : 63656863;
4ff6 : 696C2D6B;
4ff7 : 00006B6E;
4ff8 : 69747075;
4ff9 : 0000656D;
4ffa : 00707470;
4ffb : 5F707470;
4ffc : 00636D62;
4ffd : 6C656873;
4ffe : 75672B6C;
4fff : 00000069;
5000 : 6C6C7073;
5001 : 0068622D;
5002 : 2D74656E;
5003 : 00006862;
5004 : 00707261;
5005 : 34767069;
5006 : 00000000;
5007 : 70646C6C;
5008 : 00000000;
5009 : 706D6E73;
500a : 00000000;
500b : 74617473;
500c : 00000073;
500d : 67616964;
500e : 00000073;
500f : 2D697073;
5010 : 73616C66;
5011 : 00000068;
5012 : 43205257;
5013 : 3A65726F;
5014 : 61747320;
5015 : 6E697472;
5016 : 70752067;
5017 : 0A2E2E2E;
5018 : 00000000;
5019 : 6F727245;
501a : 4D203A72;
501b : 63696E69;
501c : 4C444820;
501d : 72657620;
501e : 6E6F6973;
501f : 20642520;
5020 : 20746F6E;
5021 : 70707573;
5022 : 6574726F;
5023 : 79622064;
5024 : 0A777320;
5025 : 00000000;
5026 : 63707277;
5027 : 2E35762D;
5028 : 00000030;
5029 : 69535050;
502a : 726F6620;
502b : 50525720;
502c : 43202E43;
502d : 696D6D6F;
502e : 73252074;
502f : 7562202C;
5030 : 20746C69;
5031 : 41206E6F;
5032 : 31206775;
5033 : 30322034;
5034 : 000A3632;
5035 : 2077654E;
5036 : 2078616D;
5037 : 206E7572;
5038 : 656D6974;
5039 : 726F6620;
503a : 74206120;
503b : 206B7361;
503c : 202C7325;
503d : 20646C6F;
503e : 2C646C25;
503f : 77656E20;
5040 : 0A642520;
5041 : 00000000;
5042 : 6B736174;
5043 : 2C732520;
5044 : 6E757220;
5045 : 726F6620;
5046 : 20642520;
5047 : 000A736D;
5048 : 6E616C76;
5049 : 00000000;
504a : 62726576;
504b : 0065736F;
504c : 00726576;
504d : 65656C73;
504e : 00000070;
504f : 00706673;
5050 : 00626473;
5051 : 61727470;
5052 : 00006B63;
5053 : 00007370;
5054 : 006C6C70;
5055 : 65646F6D;
5056 : 00000000;
5057 : 0063616D;
5058 : 00007069;
5059 : 706C6568;
505a : 00000000;
505b : 00697567;
505c : 67616964;
505d : 00000000;
505e : 696C6163;
505f : 74617262;
5060 : 006E6F69;
5061 : 666E6F63;
5062 : 00006769;
5063 : 65747865;
5064 : 6F69736E;
5065 : 0000006E;
5066 : 76726573;
5067 : 0000006F;
5068 : 6D617266;
5069 : 00007365;
506a : 006D7366;
506b : 55514552;
506c : 00545345;
506d : 434E5953;
506e : 4E45535F;
506f : 00000044;
5070 : 00434D42;
5071 : 5F4E4E41;
5072 : 45434552;
5073 : 00545049;
5074 : 5F4E4E41;
5075 : 444E4553;
5076 : 00000000;
5077 : 4C415551;
5078 : 00000000;
5079 : 544F5250;
507a : 4154535F;
507b : 00004554;
507c : 535F4E49;
507d : 45544154;
507e : 00000000;
507f : 425F4D47;
5080 : 4D425F59;
5081 : 00004143;
5082 : 5F45314C;
5083 : 535F5854;
5084 : 00434E59;
5085 : 5F45314C;
5086 : 535F5852;
5087 : 00434E59;
5088 : 455F5257;
5089 : 00005458;
508a : 646C6F68;
508b : 7265766F;
508c : 00000000;
508d : 6F6C6E75;
508e : 64656B63;
508f : 00000000;
5090 : 4D5F5257;
5091 : 4C4E4F5F;
5092 : 00000059;
5093 : 535F5257;
5094 : 4C4E4F5F;
5095 : 00000059;
5096 : 4D5F5257;
5097 : 444E415F;
5098 : 0000535F;
5099 : 56414C53;
509a : 52505F45;
509b : 4E455345;
509c : 00000054;
509d : 4D5F5257;
509e : 5F45444F;
509f : 00004E4F;
50a0 : 692D7277;
50a1 : 00656C64;
50a2 : 702D7277;
50a3 : 65736572;
50a4 : 0000746E;
50a5 : 732D7277;
50a6 : 636F6C2D;
50a7 : 0000006B;
50a8 : 6D2D7277;
50a9 : 636F6C2D;
50aa : 0000006B;
50ab : 6C2D7277;
50ac : 656B636F;
50ad : 00000064;
50ae : 632D7277;
50af : 62696C61;
50b0 : 69746172;
50b1 : 00006E6F;
50b2 : 632D7277;
50b3 : 62696C61;
50b4 : 65746172;
50b5 : 00000064;
50b6 : 722D7277;
50b7 : 2D707365;
50b8 : 696C6163;
50b9 : 65722D62;
50ba : 00000071;
50bb : 6C2D7277;
50bc : 2D6B6E69;
50bd : 00006E6F;
50be : 6E696E55;
50bf : 61697469;
50c0 : 657A696C;
50c1 : 00000064;
50c2 : 434E5953;
50c3 : 4941545F;
50c4 : 00000000;
50c5 : 434E5953;
50c6 : 45534E5F;
50c7 : 00000043;
50c8 : 434E5953;
50c9 : 4148505F;
50ca : 00004553;
50cb : 43415254;
50cc : 48505F4B;
50cd : 00455341;
50ce : 54494157;
50cf : 46464F5F;
50d0 : 5F544553;
50d1 : 42415453;
50d2 : 0000454C;
50d3 : 00000000;
50d4 : D3B20000;
50d5 : 06F05B59;
50d6 : 00000004;
50d7 : 00000003;
50d8 : 00000002;
50d9 : 00000001;
50da : 00000004;
50db : 00000003;
50dc : 00000002;
50dd : 00000001;
50de : 00000002;
50df : 00000001;
50e0 : 00000005;
50e1 : 00000004;
50e2 : 00000003;
50e3 : 00000002;
50e4 : 00000005;
50e5 : 00000004;
50e6 : 00000003;
50e7 : 00000002;
50e8 : 00000001;
50e9 : 00000006;
50ea : 00000005;
50eb : 00000004;
50ec : 00000003;
50ed : 00000002;
50ee : 00000001;
50ef : 0000001B;
50f0 : 00000018;
50f1 : 00000017;
50f2 : 00000016;
50f3 : 00000014;
50f4 : 00000013;
50f5 : 00000012;
50f6 : 00000011;
50f7 : 00000010;
50f8 : 0000000F;
50f9 : 0000000E;
50fa : 0000000D;
50fb : 0000000C;
50fc : 0000000A;
50fd : 00000009;
50fe : 00000008;
50ff : 00000005;
5100 : 00000009;
5101 : 00000008;
5102 : 00000007;
5103 : 00000006;
5104 : 00000005;
5105 : 00000004;
5106 : 00000003;
5107 : 00000002;
5108 : 00000001;
5109 : 00000003;
510a : 00000002;
510b : 00000001;
510c : 00000004;
510d : 00000003;
510e : 00000002;
510f : 00000001;
5110 : 00010A10;
5111 : 00000009;
5112 : 00010A10;
5113 : 00000008;
5114 : 00565552;
5115 : 00012998;
5116 : 000129A0;
5117 : 00010A10;
5118 : 00000007;
5119 : 00100900;
511a : 04060001;
511b : 0000000C;
511c : 00010A10;
511d : 0000000A;
511e : 00010A10;
511f : 0000000D;
5120 : 00010A10;
5121 : 0000000C;
5122 : 00010A10;
5123 : 0000000B;
5124 : 00014120;
5125 : 000052EE;
5126 : 00014128;
5127 : 00005380;
5128 : 00014130;
5129 : 000058D8;
512a : 00013FE0;
512b : 00005722;
512c : 00013B78;
512d : 00005C18;
512e : 00012A60;
512f : 000054EE;
5130 : 00014134;
5131 : 00000E94;
5132 : 0001413C;
5133 : 00006200;
5134 : 00014140;
5135 : 00005B10;
5136 : 00014144;
5137 : 00005A1C;
5138 : 00013FE8;
5139 : 00005806;
513a : 0001414C;
513b : 0000573C;
513c : 00014150;
513d : 00005DFC;
513e : 00014154;
513f : 00005806;
5140 : 0001415C;
5141 : 00006440;
5142 : 00014160;
5143 : 000053E6;
5144 : 00012A54;
5145 : 0000800C;
5146 : 00014164;
5147 : 00005958;
5148 : 0001416C;
5149 : 000054B2;
514a : 00014170;
514b : 000055B2;
514c : 00014178;
514d : 00005D50;
514e : 695F7277;
514f : 0074696E;
5150 : 6F5F7277;
5151 : 006E6570;
5152 : 695F7277;
5153 : 00656C64;
5154 : 00000001;
5155 : 00000000;
5156 : 00010000;
5157 : 00000000;
5158 : 00000000;
5159 : 00000000;
515a : 00000000;
515b : 00000000;
515c : 00014D08;
515d : 00000000;
515e : 00015EC8;
515f : 00015EB0;
5160 : 00015E90;
5161 : 00015E84;
5162 : 00000000;
5163 : 00000000;
5164 : 00000001;
5165 : 00000001;
5166 : 00000000;
5167 : 00000000;
5168 : 00000000;
5169 : 00000000;
516a : 00014628;
516b : 00000000;
516c : 00000001;
516d : 00000000;
516e : 00000000;
516f : 00000000;
5170 : 00000000;
5171 : 00000000;
5172 : 00000000;
5173 : 00000000;
5174 : 00000000;
5175 : 00000000;
5176 : 00000000;
5177 : 00015170;
5178 : 00000000;
5179 : 00000000;
517a : 000000F8;
517b : FFFFFFFF;
517c : FFFFFFFF;
517d : FFFFFFFF;
517e : 00FFFFFF;
517f : 00000001;
5180 : 00000000;
5181 : 03E8000A;
5182 : 00000006;
5183 : 00000080;
5184 : 00000080;
5185 : 00000000;
5186 : 000001F4;
5187 : 00000000;
5188 : 00000000;
5189 : 00000000;
518a : 00000003;
518b : 00000000;
518c : 00000001;
518d : FFFFFFFF;
518e : FFFFFFFF;
518f : FFFFFFFF;
5190 : FFFFFFFF;
5191 : 0000FC78;
5192 : 000003E8;
5193 : 0000FFFF;
5194 : 00000025;
5195 : 00000025;
5196 : 00000000;
5197 : 00000000;
5198 : 00000000;
5199 : 00000000;
519a : 00000000;
519b : 00000000;
519c : 00000000;
519d : 00000000;
519e : 00000000;
519f : 00000000;
51a0 : 00000000;
51a1 : 00000000;
51a2 : 00000000;
51a3 : 00000000;
51a4 : 00000000;
51a5 : 00000000;
51a6 : 00000000;
51a7 : 00000000;
51a8 : 00000000;
51a9 : 00000000;
51aa : 00000000;
51ab : 00000000;
51ac : 00000000;
51ad : 00000000;
51ae : 00000000;
51af : 00000000;
51b0 : 00000000;
51b1 : 00000000;
51b2 : 00000000;
51b3 : 00000000;
51b4 : 00000000;
51b5 : 00000000;
51b6 : 00000000;
51b7 : 00000000;
51b8 : 00000000;
51b9 : 00000000;
51ba : 00000000;
51bb : 00000000;
51bc : 00000000;
51bd : 00000000;
51be : 00000000;
51bf : 00000000;
51c0 : 00000000;
51c1 : 00000000;
51c2 : 00000000;
51c3 : 00000000;
51c4 : 00000000;
51c5 : 00000000;
51c6 : 00000000;
51c7 : 00000000;
51c8 : 00000000;
51c9 : 00000000;
51ca : 00000000;
51cb : 00000000;
51cc : 00000000;
51cd : 00000000;
51ce : 00000000;
51cf : 00000000;
51d0 : 00000000;
51d1 : 00000000;
51d2 : 00000000;
51d3 : 00000000;
51d4 : 00000000;
51d5 : 00000000;
51d6 : 00000000;
51d7 : 00000000;
51d8 : 00000000;
51d9 : 00000000;
51da : 00000000;
51db : 00000000;
51dc : 00000000;
51dd : 00000000;
51de : 00000000;
51df : 00000000;
51e0 : 00000000;
51e1 : 00000000;
51e2 : 00000000;
51e3 : 00000000;
51e4 : 00000000;
51e5 : 00000000;
51e6 : 00000000;
51e7 : 00000000;
51e8 : 00000000;
51e9 : 00000000;
51ea : 00000000;
51eb : 00000000;
51ec : 00000000;
51ed : 00000000;
51ee : 00000000;
51ef : 00000000;
51f0 : 00000000;
51f1 : 00000000;
51f2 : 00000000;
51f3 : 00000000;
51f4 : 00000000;
51f5 : 00000000;
51f6 : 00000000;
51f7 : 00000000;
51f8 : 00000000;
51f9 : 00000000;
51fa : 00000000;
51fb : 00000000;
51fc : 00000000;
51fd : 00000000;
51fe : 00000000;
51ff : 00000000;
5200 : 00000000;
5201 : 00000000;
5202 : 00000000;
5203 : 00000000;
5204 : 00000000;
5205 : 00000000;
5206 : 00000000;
5207 : 00000000;
5208 : 00000000;
5209 : 00000000;
520a : 00000000;
520b : 00000000;
520c : 00000000;
520d : 00000000;
520e : 00000000;
520f : 00000000;
5210 : 00000000;
5211 : 00000000;
5212 : 00000000;
5213 : 00000000;
5214 : 00000000;
5215 : 00000000;
5216 : 00000000;
5217 : 00000000;
5218 : 00000000;
5219 : 00000000;
521a : 00000000;
521b : 00000000;
521c : 00000000;
521d : 00000000;
521e : 00000000;
521f : 00000000;
5220 : 00000000;
5221 : 00000000;
5222 : 00000000;
5223 : 00000000;
5224 : 00000000;
5225 : 00000000;
5226 : 00000000;
5227 : 00000000;
5228 : 00000000;
5229 : 00000000;
522a : 00000000;
522b : 00000000;
522c : 00000000;
522d : 00000000;
522e : 00000000;
522f : 00000000;
5230 : 00000000;
5231 : 00000000;
5232 : 00000000;
5233 : 00000000;
5234 : 00000000;
5235 : 00000000;
5236 : 00000000;
5237 : 00000000;
5238 : 00000000;
5239 : 00000000;
523a : 00000000;
523b : 00000000;
523c : 00000000;
523d : 00000000;
523e : 00000000;
523f : 00000000;
5240 : 00000000;
5241 : 00000000;
5242 : 00000000;
5243 : 00000000;
5244 : 00000000;
5245 : 00000000;
5246 : 00000000;
5247 : 00000000;
5248 : 00000000;
5249 : 00000000;
524a : 00000000;
524b : 00000000;
524c : 00000000;
524d : 00000000;
524e : 00000000;
524f : 00000000;
5250 : 00000000;
5251 : 00000000;
5252 : 00000000;
5253 : 00000000;
5254 : 00000000;
5255 : 00000000;
5256 : 00000000;
5257 : 00000000;
5258 : 00000000;
5259 : 00000000;
525a : 00000000;
525b : 00000000;
525c : 00000000;
525d : 00000000;
525e : 00000000;
525f : 00000000;
5260 : 00000000;
5261 : 00000000;
5262 : 00000000;
5263 : 00000000;
5264 : 00000000;
5265 : 00000000;
5266 : 00000000;
5267 : 00000000;
5268 : 00000000;
5269 : 00000000;
526a : 00000000;
526b : 00000000;
526c : 00000000;
526d : 00000000;
526e : 00000000;
526f : 00000000;
5270 : 00000000;
5271 : 00000000;
5272 : 00000000;
5273 : 00000000;
5274 : 00000000;
5275 : 00000000;
5276 : 00000000;
5277 : 00000000;
5278 : 00000000;
5279 : 00000000;
527a : 00000000;
527b : 00000000;
527c : 00000000;
527d : 00000000;
527e : 00000000;
527f : 00000000;
5280 : 00000000;
5281 : 00000000;
5282 : 00000000;
5283 : 00000000;
5284 : 00000000;
5285 : 00000000;
5286 : 00000000;
5287 : 00000000;
5288 : 00000000;
5289 : 00000000;
528a : 00000000;
528b : 00000000;
528c : 00000000;
528d : 00000000;
528e : 00000000;
528f : 00000000;
5290 : 00000000;
5291 : 00000000;
5292 : 00000000;
5293 : 00000000;
5294 : 00000000;
5295 : 00000000;
5296 : 00000000;
5297 : 00000000;
5298 : 00000000;
5299 : 00000000;
529a : 00000000;
529b : 00000000;
529c : 00000000;
529d : 00000000;
529e : 00000000;
529f : 00000000;
52a0 : 00000000;
52a1 : 00000000;
52a2 : 00000000;
52a3 : 00000000;
52a4 : 00000000;
52a5 : 00000000;
52a6 : 00000000;
52a7 : 00000000;
52a8 : 00000000;
52a9 : 00000000;
52aa : 00000000;
52ab : 00000000;
52ac : 00000000;
52ad : 00000000;
52ae : 00000000;
52af : 00000000;
52b0 : 00000000;
52b1 : 00000000;
52b2 : 00000000;
52b3 : 00000000;
52b4 : 00000000;
52b5 : 00000000;
52b6 : 00000000;
52b7 : 00000000;
52b8 : 00000000;
52b9 : 00000000;
52ba : 00000000;
52bb : 00000000;
52bc : 00000000;
52bd : 00000000;
52be : 00000000;
52bf : 00000000;
52c0 : 00000000;
52c1 : 00000000;
52c2 : 00000000;
52c3 : 00000000;
52c4 : 00000000;
52c5 : 00000000;
52c6 : 00000000;
52c7 : 00000000;
52c8 : 00000000;
52c9 : 00000000;
52ca : 00000000;
52cb : 00000000;
52cc : 00000000;
52cd : 00000000;
52ce : 00000000;
52cf : 00000000;
52d0 : 00000000;
52d1 : 00000000;
52d2 : 00000000;
52d3 : 00000000;
52d4 : 00000000;
52d5 : 00000000;
52d6 : 00000000;
52d7 : 00000000;
52d8 : 00000000;
52d9 : 00000000;
52da : 00000000;
52db : 00000000;
52dc : 00000000;
52dd : 00000000;
52de : 00000000;
52df : 00000000;
52e0 : 00000000;
52e1 : 00000000;
52e2 : 00000000;
52e3 : 00000000;
52e4 : 00000000;
52e5 : 00000000;
52e6 : 00000000;
52e7 : 00000000;
52e8 : 00000000;
52e9 : 00000000;
52ea : 00000000;
52eb : 00000000;
52ec : 00000000;
52ed : 00000000;
52ee : 00000000;
52ef : 00000000;
52f0 : 00000000;
52f1 : 00000000;
52f2 : 00000000;
52f3 : 00000000;
52f4 : 00000000;
52f5 : 00000000;
52f6 : 00000000;
52f7 : 00000000;
52f8 : 00000000;
52f9 : 00000000;
52fa : 00000000;
52fb : 00000000;
52fc : 00000000;
52fd : 00000000;
52fe : 00000000;
52ff : 00000000;
5300 : 00000000;
5301 : 00000000;
5302 : 00000000;
5303 : 00000000;
5304 : 00000000;
5305 : 00000000;
5306 : 00000000;
5307 : 00000000;
5308 : 00000000;
5309 : 00000000;
530a : 00000000;
530b : 00000000;
530c : 00000000;
530d : 00000000;
530e : 00000000;
530f : 00000000;
5310 : 00000000;
5311 : 00000000;
5312 : 00000000;
5313 : 00000000;
5314 : 00000000;
5315 : 00000000;
5316 : 00000000;
5317 : 00000000;
5318 : 00000000;
5319 : 00000000;
531a : 00000000;
531b : 00000000;
531c : 00000000;
531d : 00000000;
531e : 00000000;
531f : 00000000;
5320 : 00000000;
5321 : 00000000;
5322 : 00000000;
5323 : 00000000;
5324 : 00000000;
5325 : 00000000;
5326 : 00000000;
5327 : 00000000;
5328 : 00000000;
5329 : 00000000;
532a : 00000000;
532b : 00000000;
532c : 00000000;
532d : 00000000;
532e : 00000000;
532f : 00000000;
5330 : 00000000;
5331 : 00000000;
5332 : 00000000;
5333 : 00000000;
5334 : 00000000;
5335 : 00000000;
5336 : 00000000;
5337 : 00000000;
5338 : 00000000;
5339 : 00000000;
533a : 00000000;
533b : 00000000;
533c : 00000000;
533d : 00000000;
533e : 00000000;
533f : 00000000;
5340 : 00000000;
5341 : 00000000;
5342 : 00000000;
5343 : 00000000;
5344 : 00000000;
5345 : 00000000;
5346 : 00000000;
5347 : 00000000;
5348 : 00000000;
5349 : 00000000;
534a : 00000000;
534b : 00000000;
534c : 00000000;
534d : 00000000;
534e : 00000000;
534f : 00000000;
5350 : 00000000;
5351 : 00000000;
5352 : 00000000;
5353 : 00000000;
5354 : 00000000;
5355 : 00000000;
5356 : 00000000;
5357 : 00000000;
5358 : 00000000;
5359 : 00000000;
535a : 00000000;
535b : 00000000;
535c : 00000000;
535d : 00000000;
535e : 00000000;
535f : 00000000;
5360 : 00000000;
5361 : 00000000;
5362 : 00000000;
5363 : 00000000;
5364 : 00000000;
5365 : 00000000;
5366 : 00000000;
5367 : 00000000;
5368 : 00000000;
5369 : 00000000;
536a : 00000000;
536b : 00000000;
536c : 00000000;
536d : 00000000;
536e : 00000000;
536f : 00000000;
5370 : 00000000;
5371 : 00000000;
5372 : 00000000;
5373 : 00000000;
5374 : 00000000;
5375 : 00000000;
5376 : 00000000;
5377 : 00000000;
5378 : 00000000;
5379 : 00000000;
537a : 00000000;
537b : 00000000;
537c : 00000000;
537d : 00000000;
537e : 00000000;
537f : 00000000;
5380 : 00000000;
5381 : 00000000;
5382 : 00000000;
5383 : 00000000;
5384 : 00000000;
5385 : 00000000;
5386 : 00000000;
5387 : 00000000;
5388 : 00000000;
5389 : 00000000;
538a : 00000000;
538b : 00000000;
538c : 00000000;
538d : 00000000;
538e : 00000000;
538f : 00000000;
5390 : 00000000;
5391 : 00000000;
5392 : 00000000;
5393 : 00000000;
5394 : 00000000;
5395 : 00000000;
5396 : 00000000;
5397 : 00000000;
5398 : 00000000;
5399 : 00000000;
539a : 00000000;
539b : 00000000;
539c : 00000000;
539d : 00000000;
539e : 00000000;
539f : 00000000;
53a0 : 00000000;
53a1 : 00000000;
53a2 : 00000000;
53a3 : 00000000;
53a4 : 00000000;
53a5 : 00000000;
53a6 : 00000000;
53a7 : 00000000;
53a8 : 00000000;
53a9 : 00000000;
53aa : 00000000;
53ab : 00000000;
53ac : 00000000;
53ad : 00000000;
53ae : 00000000;
53af : 00000000;
53b0 : 00000000;
53b1 : 00000000;
53b2 : 00000000;
53b3 : 00000000;
53b4 : 00000000;
53b5 : 00000000;
53b6 : 00000000;
53b7 : 00000000;
53b8 : 00000000;
53b9 : 00000000;
53ba : 00000000;
53bb : 00000000;
53bc : 00000000;
53bd : 00000000;
53be : 00000000;
53bf : 00000000;
53c0 : 00000000;
53c1 : 00000000;
53c2 : 00000000;
53c3 : 00000000;
53c4 : 00000000;
53c5 : 00000000;
53c6 : 00000000;
53c7 : 00000000;
53c8 : 00000000;
53c9 : 00000000;
53ca : 00000000;
53cb : 00000000;
53cc : 00000000;
53cd : 00000000;
53ce : 00000000;
53cf : 00000000;
53d0 : 00000000;
53d1 : 00000000;
53d2 : 00000000;
53d3 : 00000000;
53d4 : 00000000;
53d5 : 00000000;
53d6 : 00000000;
53d7 : 00000000;
53d8 : 00000000;
53d9 : 00000000;
53da : 00000000;
53db : 00000000;
53dc : 00000000;
53dd : 00000000;
53de : 00000000;
53df : 00000000;
53e0 : 00000000;
53e1 : 00000000;
53e2 : 00000000;
53e3 : 00000000;
53e4 : 00000000;
53e5 : 00000000;
53e6 : 00000000;
53e7 : 00000000;
53e8 : 00000000;
53e9 : 00000000;
53ea : 00000000;
53eb : 00000000;
53ec : 00000000;
53ed : 00000000;
53ee : 00000000;
53ef : 00000000;
53f0 : 00000000;
53f1 : 00000000;
53f2 : 00000000;
53f3 : 00000000;
53f4 : 00000000;
53f5 : 00000000;
53f6 : 00000000;
53f7 : 00000000;
53f8 : 00000000;
53f9 : 00000000;
53fa : 00000000;
53fb : 00000000;
53fc : 00000000;
53fd : 00000000;
53fe : 00000000;
53ff : 00000000;
5400 : 00000000;
5401 : 00000000;
5402 : 00000000;
5403 : 00000000;
5404 : 00000000;
5405 : 00000000;
5406 : 00000000;
5407 : 00000000;
5408 : 00000000;
5409 : 00000000;
540a : 00000000;
540b : 00000000;
540c : 00000000;
540d : 00000000;
540e : 00000000;
540f : 00000000;
5410 : 00000000;
5411 : 00000000;
5412 : 00000000;
5413 : 00000000;
5414 : 00000000;
5415 : 00000000;
5416 : 00000000;
5417 : 00000000;
5418 : 00000000;
5419 : 00000000;
541a : 00000000;
541b : 00000000;
541c : 00000000;
541d : 00000000;
541e : 00000000;
541f : 00000000;
5420 : 00000000;
5421 : 00000000;
5422 : 00000000;
5423 : 00000000;
5424 : 00000000;
5425 : 00000000;
5426 : 00000000;
5427 : 00000000;
5428 : 00000000;
5429 : 00000000;
542a : 00000000;
542b : 00000000;
542c : 00000000;
542d : 00000000;
542e : 00000000;
542f : 00000000;
5430 : 00000000;
5431 : 00000000;
5432 : 00000000;
5433 : 00000000;
5434 : 00000000;
5435 : 00000000;
5436 : 00000000;
5437 : 00000000;
5438 : 00000000;
5439 : 00000000;
543a : 00000000;
543b : 00000000;
543c : 00000000;
543d : 00000000;
543e : 00000000;
543f : 00000000;
5440 : 00000000;
5441 : 00000000;
5442 : 00000000;
5443 : 00000000;
5444 : 00000000;
5445 : 00000000;
5446 : 00000000;
5447 : 00000000;
5448 : 00000000;
5449 : 00000000;
544a : 00000000;
544b : 00000000;
544c : 00000000;
544d : 00000000;
544e : 00000000;
544f : 00000000;
5450 : 00000000;
5451 : 00000000;
5452 : 00000000;
5453 : 00000000;
5454 : 00000000;
5455 : 00000000;
5456 : 00000000;
5457 : 00000000;
5458 : 00000000;
5459 : 00000000;
545a : 00000000;
545b : 00000000;
545c : 00000000;
545d : 00000000;
545e : 00000000;
545f : 00000000;
5460 : 00000000;
5461 : 00000000;
5462 : 00000000;
5463 : 00000000;
5464 : 00000000;
5465 : 00000000;
5466 : 00000000;
5467 : 00000000;
5468 : 00000000;
5469 : 00000000;
546a : 00000000;
546b : 00000000;
546c : 00000000;
546d : 00000000;
546e : 00000000;
546f : 00000000;
5470 : 00000000;
5471 : 00000000;
5472 : 00000000;
5473 : 00000000;
5474 : 00000000;
5475 : 00000000;
5476 : 00000000;
5477 : 00000000;
5478 : 00000000;
5479 : 00000000;
547a : 00000000;
547b : 00000000;
547c : 00000000;
547d : 00000000;
547e : 00000000;
547f : 00000000;
5480 : 00000000;
5481 : 00000000;
5482 : 00000000;
5483 : 00000000;
5484 : 00000000;
5485 : 00000000;
5486 : 00000000;
5487 : 00000000;
5488 : 00000000;
5489 : 00000000;
548a : 00000000;
548b : 00000000;
548c : 00000000;
548d : 00000000;
548e : 00000000;
548f : 00000000;
5490 : 00000000;
5491 : 00000000;
5492 : 00000000;
5493 : 00000000;
5494 : 00000000;
5495 : 00000000;
5496 : 00000000;
5497 : 00000000;
5498 : 00000000;
5499 : 00000000;
549a : 00000000;
549b : 00000000;
549c : 00000000;
549d : 00000000;
549e : 00000000;
549f : 00000000;
54a0 : 00000000;
54a1 : 00000000;
54a2 : 00000000;
54a3 : 00000000;
54a4 : 00000000;
54a5 : 00000000;
54a6 : 00000000;
54a7 : 00000000;
54a8 : 00000000;
54a9 : 00000000;
54aa : 00000000;
54ab : 00000000;
54ac : 00000000;
54ad : 00000000;
54ae : 00000000;
54af : 00000000;
54b0 : 00000000;
54b1 : 00000000;
54b2 : 00000000;
54b3 : 00000000;
54b4 : 00000000;
54b5 : 00000000;
54b6 : 00000000;
54b7 : 00000000;
54b8 : 00000000;
54b9 : 00000000;
54ba : 00000000;
54bb : 00000000;
54bc : 00000000;
54bd : 00000000;
54be : 00000000;
54bf : 00000000;
54c0 : 00000000;
54c1 : 00000000;
54c2 : 00000000;
54c3 : 00000000;
54c4 : 00000000;
54c5 : 00000000;
54c6 : 00000000;
54c7 : 00000000;
54c8 : 00000000;
54c9 : 00000000;
54ca : 00000000;
54cb : 00000000;
54cc : 00000000;
54cd : 00000000;
54ce : 00000000;
54cf : 00000000;
54d0 : 00000000;
54d1 : 00000000;
54d2 : 00000000;
54d3 : 00000000;
54d4 : 00000000;
54d5 : 00000000;
54d6 : 00000000;
54d7 : 00000000;
54d8 : 00000000;
54d9 : 00000000;
54da : 00000000;
54db : 00000000;
54dc : 00000000;
54dd : 00000000;
54de : 00000000;
54df : 00000000;
54e0 : 00000000;
54e1 : 00000000;
54e2 : 00000000;
54e3 : 00000000;
54e4 : 00000000;
54e5 : 00000000;
54e6 : 00000000;
54e7 : 00000000;
54e8 : 00000000;
54e9 : 00000000;
54ea : 00000000;
54eb : 00000000;
54ec : 00000000;
54ed : 00000000;
54ee : 00000000;
54ef : 00000000;
54f0 : 00000000;
54f1 : 00000000;
54f2 : 00000000;
54f3 : 00000000;
54f4 : 00000000;
54f5 : 00000000;
54f6 : 00000000;
54f7 : 00000000;
54f8 : 00000000;
54f9 : 00000000;
54fa : 00000000;
54fb : 00000000;
54fc : 00000000;
54fd : 00000000;
54fe : 00000000;
54ff : 00000000;
5500 : 00000000;
5501 : 00000000;
5502 : 00000000;
5503 : 00000000;
5504 : 00000000;
5505 : 00000000;
5506 : 00000000;
5507 : 00000000;
5508 : 00000000;
5509 : 00000000;
550a : 00000000;
550b : 00000000;
550c : 00000000;
550d : 00000000;
550e : 00000000;
550f : 00000000;
5510 : 00000000;
5511 : 00000000;
5512 : 00000000;
5513 : 00000000;
5514 : 00000000;
5515 : 00000000;
5516 : 00000000;
5517 : 00000000;
5518 : 00000000;
5519 : 00000000;
551a : 00000000;
551b : 00000000;
551c : 00000000;
551d : 00000000;
551e : 00000000;
551f : 00000000;
5520 : 00000000;
5521 : 00000000;
5522 : 00000000;
5523 : 00000000;
5524 : 00000000;
5525 : 00000000;
5526 : 00000000;
5527 : 00000000;
5528 : 00000000;
5529 : 00000000;
552a : 00000000;
552b : 00000000;
552c : 00000000;
552d : 00000000;
552e : 00000000;
552f : 00000000;
5530 : 00000000;
5531 : 00000000;
5532 : 00000000;
5533 : 00000000;
5534 : 00000000;
5535 : 00000000;
5536 : 00000000;
5537 : 00000000;
5538 : 00000000;
5539 : 00000000;
553a : 00000000;
553b : 00000000;
553c : 00000000;
553d : 00000000;
553e : 00000000;
553f : 00000000;
5540 : 00000000;
5541 : 00000000;
5542 : 00000000;
5543 : 00000000;
5544 : 00000000;
5545 : 00000000;
5546 : 00000000;
5547 : 00000000;
5548 : 00000000;
5549 : 00000000;
554a : 00000000;
554b : 00000000;
554c : 00000000;
554d : 00000000;
554e : 00000000;
554f : 00000000;
5550 : 00000000;
5551 : 00000000;
5552 : 00000000;
5553 : 00000000;
5554 : 00000000;
5555 : 00000000;
5556 : 00000000;
5557 : 00000000;
5558 : 00000000;
5559 : 00000000;
555a : 00000000;
555b : 00000000;
555c : 00000000;
555d : 00000000;
555e : 00000000;
555f : 00000000;
5560 : 00000000;
5561 : 00000000;
5562 : 00000000;
5563 : 00000000;
5564 : 00000000;
5565 : 00000000;
5566 : 00000000;
5567 : 00000000;
5568 : 00000000;
5569 : 00000000;
556a : 00000000;
556b : 00000000;
556c : 00000000;
556d : 00000000;
556e : 00000000;
556f : 00000000;
5570 : 00000000;
5571 : 00000000;
5572 : 00000000;
5573 : 00000000;
5574 : 00000000;
5575 : 00000000;
5576 : 00000000;
5577 : 00000000;
5578 : 00000000;
5579 : 00000000;
557a : 00000000;
557b : 00000000;
557c : 00000000;
557d : 00000000;
557e : 00000000;
557f : 00000000;
5580 : 00000000;
5581 : 00000000;
5582 : 00000000;
5583 : 00000000;
5584 : 00000000;
5585 : 00000000;
5586 : 00000000;
5587 : 00000000;
5588 : 00000000;
5589 : 00000000;
558a : 00000000;
558b : 00000000;
558c : 00000000;
558d : 00000000;
558e : 00000000;
558f : 00000000;
5590 : 00000000;
5591 : 00000000;
5592 : 00000000;
5593 : 00000000;
5594 : 00000000;
5595 : 00000000;
5596 : 00000000;
5597 : 00000000;
5598 : 00000000;
5599 : 00000000;
559a : 00000000;
559b : 00000000;
559c : 00000000;
559d : 00000000;
559e : 00000000;
559f : 00000000;
55a0 : 00000000;
55a1 : 00000000;
55a2 : 00000000;
55a3 : 00000000;
55a4 : 00000000;
55a5 : 00000000;
55a6 : 00000000;
55a7 : 00000000;
55a8 : 00000000;
55a9 : 00000000;
55aa : 00000000;
55ab : 00000000;
55ac : 00000000;
55ad : 00000000;
55ae : 00000000;
55af : 00000000;
55b0 : 00000000;
55b1 : 00000000;
55b2 : 00000000;
55b3 : 00000000;
55b4 : 00000000;
55b5 : 00000000;
55b6 : 00000000;
55b7 : 00000000;
55b8 : 00000000;
55b9 : 00000000;
55ba : 00000000;
55bb : 00000000;
55bc : 00000000;
55bd : 00000000;
55be : 00000000;
55bf : 00000000;
55c0 : 00000000;
55c1 : 00000000;
55c2 : 00000000;
55c3 : 00000000;
55c4 : 00000000;
55c5 : 00000000;
55c6 : 00000000;
55c7 : 00000000;
55c8 : 00000000;
55c9 : 00000000;
55ca : 00000000;
55cb : 00000000;
55cc : 00000000;
55cd : 00000000;
55ce : 00000000;
55cf : 00000000;
55d0 : 00000000;
55d1 : 00000000;
55d2 : 00000000;
55d3 : 00000000;
55d4 : 00000000;
55d5 : 00000000;
55d6 : 00000000;
55d7 : 00000000;
55d8 : 00000000;
55d9 : 00000000;
55da : 00000000;
55db : 00000000;
55dc : 00000000;
55dd : 00000000;
55de : 00000000;
55df : 00000000;
55e0 : 00000000;
55e1 : 00000000;
55e2 : 00000000;
55e3 : 00000000;
55e4 : 00000000;
55e5 : 00000000;
55e6 : 00000000;
55e7 : 00000000;
55e8 : 00000000;
55e9 : 00000000;
55ea : 00000000;
55eb : 00000000;
55ec : 00000000;
55ed : 00000000;
55ee : 00000000;
55ef : 00000000;
55f0 : 00000000;
55f1 : 00000000;
55f2 : 00000000;
55f3 : 00000000;
55f4 : 00000000;
55f5 : 00000000;
55f6 : 00000000;
55f7 : 00000000;
55f8 : 00000000;
55f9 : 00000000;
55fa : 00000000;
55fb : 00000000;
55fc : 00000000;
55fd : 00000000;
55fe : 00000000;
55ff : 00000000;
5600 : 00000000;
5601 : 00000000;
5602 : 00000000;
5603 : 00000000;
5604 : 00000000;
5605 : 00000000;
5606 : 00000000;
5607 : 00000000;
5608 : 00000000;
5609 : 00000000;
560a : 00000000;
560b : 00000000;
560c : 00000000;
560d : 00000000;
560e : 00000000;
560f : 00000000;
5610 : 00000000;
5611 : 00000000;
5612 : 00000000;
5613 : 00000000;
5614 : 00000000;
5615 : 00000000;
5616 : 00000000;
5617 : 00000000;
5618 : 00000000;
5619 : 00000000;
561a : 00000000;
561b : 00000000;
561c : 00000000;
561d : 00000000;
561e : 00000000;
561f : 00000000;
5620 : 00000000;
5621 : 00000000;
5622 : 00000000;
5623 : 00000000;
5624 : 00000000;
5625 : 00000000;
5626 : 00000000;
5627 : 00000000;
5628 : 00000000;
5629 : 00000000;
562a : 00000000;
562b : 00000000;
562c : 00000000;
562d : 00000000;
562e : 00000000;
562f : 00000000;
5630 : 00000000;
5631 : 00000000;
5632 : 00000000;
5633 : 00000000;
5634 : 00000000;
5635 : 00000000;
5636 : 00000000;
5637 : 00000000;
5638 : 00000000;
5639 : 00000000;
563a : 00000000;
563b : 00000000;
563c : 00000000;
563d : 00000000;
563e : 00000000;
563f : 00000000;
5640 : 00000000;
5641 : 00000000;
5642 : 00000000;
5643 : 00000000;
5644 : 00000000;
5645 : 00000000;
5646 : 00000000;
5647 : 00000000;
5648 : 00000000;
5649 : 00000000;
564a : 00000000;
564b : 00000000;
564c : 00000000;
564d : 00000000;
564e : 00000000;
564f : 00000000;
5650 : 00000000;
5651 : 00000000;
5652 : 00000000;
5653 : 00000000;
5654 : 00000000;
5655 : 00000000;
5656 : 00000000;
5657 : 00000000;
5658 : 00000000;
5659 : 00000000;
565a : 00000000;
565b : 00000000;
565c : 00000000;
565d : 00000000;
565e : 00000000;
565f : 00000000;
5660 : 00000000;
5661 : 00000000;
5662 : 00000000;
5663 : 00000000;
5664 : 00000000;
5665 : 00000000;
5666 : 00000000;
5667 : 00000000;
5668 : 00000000;
5669 : 00000000;
566a : 00000000;
566b : 00000000;
566c : 00000000;
566d : 00000000;
566e : 00000000;
566f : 00000000;
5670 : 00000000;
5671 : 00000000;
5672 : 00000000;
5673 : 00000000;
5674 : 00000000;
5675 : 00000000;
5676 : 00000000;
5677 : 00000000;
5678 : 00000000;
5679 : 00000000;
567a : 00000000;
567b : 00000000;
567c : 00000000;
567d : 00000000;
567e : 00000000;
567f : 00000000;
5680 : 00000000;
5681 : 00000000;
5682 : 00000000;
5683 : 00000000;
5684 : 00000000;
5685 : 00000000;
5686 : 00000000;
5687 : 00000000;
5688 : 00000000;
5689 : 00000000;
568a : 00000000;
568b : 00000000;
568c : 00000000;
568d : 00000000;
568e : 00000000;
568f : 00000000;
5690 : 00000000;
5691 : 00000000;
5692 : 00000000;
5693 : 00000000;
5694 : 00000000;
5695 : 00000000;
5696 : 00000000;
5697 : 00000000;
5698 : 00000000;
5699 : 00000000;
569a : 00000000;
569b : 00000000;
569c : 00000000;
569d : 00000000;
569e : 00000000;
569f : 00000000;
56a0 : 00000000;
56a1 : 00000000;
56a2 : 00000000;
56a3 : 00000000;
56a4 : 00000000;
56a5 : 00000000;
56a6 : 00000000;
56a7 : 00000000;
56a8 : 00000000;
56a9 : 00000000;
56aa : 00000000;
56ab : 00000000;
56ac : 00000000;
56ad : 00000000;
56ae : 00000000;
56af : 00000000;
56b0 : 00000000;
56b1 : 00000000;
56b2 : 00000000;
56b3 : 00000000;
56b4 : 00000000;
56b5 : 00000000;
56b6 : 00000000;
56b7 : 00000000;
56b8 : 00000000;
56b9 : 00000000;
56ba : 00000000;
56bb : 00000000;
56bc : 00000000;
56bd : 00000000;
56be : 00000000;
56bf : 00000000;
56c0 : 00000000;
56c1 : 00000000;
56c2 : 00000000;
56c3 : 00000000;
56c4 : 00000000;
56c5 : 00000000;
56c6 : 00000000;
56c7 : 00000000;
56c8 : 00000000;
56c9 : 00000000;
56ca : 00000000;
56cb : 00000000;
56cc : 00000000;
56cd : 00000000;
56ce : 00000000;
56cf : 00000000;
56d0 : 00000000;
56d1 : 00000000;
56d2 : 00000000;
56d3 : 00000000;
56d4 : 00000000;
56d5 : 00000000;
56d6 : 00000000;
56d7 : 00000000;
56d8 : 00000000;
56d9 : 00000000;
56da : 00000000;
56db : 00000000;
56dc : 00000000;
56dd : 00000000;
56de : 00000000;
56df : 00000000;
56e0 : 00000000;
56e1 : 00000000;
56e2 : 00000000;
56e3 : 00000000;
56e4 : 00000000;
56e5 : 00000000;
56e6 : 00000000;
56e7 : 00000000;
56e8 : 00000000;
56e9 : 00000000;
56ea : 00000000;
56eb : 00000000;
56ec : 00000000;
56ed : 00000000;
56ee : 00000000;
56ef : 00000000;
56f0 : 00000000;
56f1 : 00000000;
56f2 : 00000000;
56f3 : 00000000;
56f4 : 00000000;
56f5 : 00000000;
56f6 : 00000000;
56f7 : 00000000;
56f8 : 00000000;
56f9 : 00000000;
56fa : 00000000;
56fb : 00000000;
56fc : 00000000;
56fd : 00000000;
56fe : 00000000;
56ff : 00000000;
5700 : 00000000;
5701 : 00000000;
5702 : 00000000;
5703 : 00000000;
5704 : 00000000;
5705 : 00000000;
5706 : 00000000;
5707 : 00000000;
5708 : 00000000;
5709 : 00000000;
570a : 00000000;
570b : 00000000;
570c : 00000000;
570d : 00000000;
570e : 00000000;
570f : 00000000;
5710 : 00000000;
5711 : 00000000;
5712 : 00000000;
5713 : 00000000;
5714 : 00000000;
5715 : 00000000;
5716 : 00000000;
5717 : 00000000;
5718 : 00000000;
5719 : 00000000;
571a : 00000000;
571b : 00000000;
571c : 00000000;
571d : 00000000;
571e : 00000000;
571f : 00000000;
5720 : 00000000;
5721 : 00000000;
5722 : 00000000;
5723 : 00000000;
5724 : 00000000;
5725 : 00000000;
5726 : 00000000;
5727 : 00000000;
5728 : 00000000;
5729 : 00000000;
572a : 00000000;
572b : 00000000;
572c : 00000000;
572d : 00000000;
572e : 00000000;
572f : 00000000;
5730 : 00000000;
5731 : 00000000;
5732 : 00000000;
5733 : 00000000;
5734 : 00000000;
5735 : 00000000;
5736 : 00000000;
5737 : 00000000;
5738 : 00000000;
5739 : 00000000;
573a : 00000000;
573b : 00000000;
573c : 00000000;
573d : 00000000;
573e : 00000000;
573f : 00000000;
5740 : 00000000;
5741 : 00000000;
5742 : 00000000;
5743 : 00000000;
5744 : 00000000;
5745 : 00000000;
5746 : 00000000;
5747 : 00000000;
5748 : 00000000;
5749 : 00000000;
574a : 00000000;
574b : 00000000;
574c : 00000000;
574d : 00000000;
574e : 00000000;
574f : 00000000;
5750 : 00000000;
5751 : 00000000;
5752 : 00000000;
5753 : 00000000;
5754 : 00000000;
5755 : 00000000;
5756 : 00000000;
5757 : 00000000;
5758 : 00000000;
5759 : 00000000;
575a : 00000000;
575b : 00000000;
575c : 00000000;
575d : 00000000;
575e : 00000000;
575f : 00000000;
5760 : 00000000;
5761 : 00000000;
5762 : 00000000;
5763 : 00000000;
5764 : 00000000;
5765 : 00000000;
5766 : 00000000;
5767 : 00000000;
5768 : 00000000;
5769 : 00000000;
576a : 00000000;
576b : 00000000;
576c : 00000000;
576d : 00000000;
576e : 00000000;
576f : 00000000;
5770 : 00000000;
5771 : 00000000;
5772 : 00000000;
5773 : 00000000;
5774 : 00000000;
5775 : 00000000;
5776 : 00000000;
5777 : 00000000;
5778 : 00000000;
5779 : 00000000;
577a : 00000000;
577b : 00000000;
577c : 00000000;
577d : 00000000;
577e : 00000000;
577f : 00000000;
5780 : 00000000;
5781 : 00000000;
5782 : 00000000;
5783 : 00000000;
5784 : 00000000;
5785 : 00000000;
5786 : 00000000;
5787 : 00000000;
5788 : 00000000;
5789 : 00000000;
578a : 00000000;
578b : 00000000;
578c : 00000000;
578d : 00000000;
578e : 00000000;
578f : 00000000;
5790 : 00000000;
5791 : 00000000;
5792 : 00000000;
5793 : 00000000;
5794 : 00000000;
5795 : 00000000;
5796 : 00000000;
5797 : 00000000;
5798 : 00000000;
5799 : 00000000;
579a : 00000000;
579b : 00000000;
579c : 00000000;
579d : 00000000;
579e : 00000000;
579f : 00000000;
57a0 : 00000000;
57a1 : 00000000;
57a2 : 00000000;
57a3 : 00000000;
57a4 : 00000000;
57a5 : 00000000;
57a6 : 00000000;
57a7 : 00000000;
57a8 : 00000000;
57a9 : 00000000;
57aa : 00000000;
57ab : 00000000;
57ac : 00000000;
57ad : 00000000;
57ae : 00000000;
57af : 00000000;
57b0 : 00000000;
57b1 : 00000000;
57b2 : 00000000;
57b3 : 00000000;
57b4 : 00000000;
57b5 : 00000000;
57b6 : 00000000;
57b7 : 00000000;
57b8 : 00000000;
57b9 : 00000000;
57ba : 00000000;
57bb : 00000000;
57bc : 00000000;
57bd : 00000000;
57be : 00000000;
57bf : 00000000;
57c0 : 00000000;
57c1 : 00000000;
57c2 : 00000000;
57c3 : 00000000;
57c4 : 00000000;
57c5 : 00000000;
57c6 : 00000000;
57c7 : 00000000;
57c8 : 00000000;
57c9 : 00000000;
57ca : 00000000;
57cb : 00000000;
57cc : 00000000;
57cd : 00000000;
57ce : 00000000;
57cf : 00000000;
57d0 : 00000000;
57d1 : 00000000;
57d2 : 00000000;
57d3 : 00000000;
57d4 : 00000000;
57d5 : 00000000;
57d6 : 00000000;
57d7 : 00000000;
57d8 : 00000000;
57d9 : 00000000;
57da : 00000000;
57db : 00000000;
57dc : 00000000;
57dd : 00000000;
57de : 00000000;
57df : 00000000;
57e0 : 00000000;
57e1 : 00000000;
57e2 : 00000000;
57e3 : 00000000;
57e4 : 00000000;
57e5 : 00000000;
57e6 : 00000000;
57e7 : 00000000;
57e8 : 00000000;
57e9 : 00000000;
57ea : 00000000;
57eb : 00000000;
57ec : 00000000;
57ed : 00000000;
57ee : 00000000;
57ef : 00000000;
57f0 : 00000000;
57f1 : 00000000;
57f2 : 00000000;
57f3 : 00000000;
57f4 : 00000000;
57f5 : 00000000;
57f6 : 00000000;
57f7 : 00000000;
57f8 : 00000000;
57f9 : 00000000;
57fa : 00000000;
57fb : 00000000;
57fc : 00000000;
57fd : 00000000;
57fe : 00000000;
57ff : 00000000;
5800 : 00000000;
5801 : 00000000;
5802 : 00000000;
5803 : 00000000;
5804 : 00000000;
5805 : 00000000;
5806 : 00000000;
5807 : 00000000;
5808 : 00000000;
5809 : 00000000;
580a : 00000000;
580b : 00000000;
580c : 00000000;
580d : 00000000;
580e : 00000000;
580f : 00000000;
5810 : 00000000;
5811 : 00000000;
5812 : 00000000;
5813 : 00000000;
5814 : 00000000;
5815 : 00000000;
5816 : 00000000;
5817 : 00000000;
5818 : 00000000;
5819 : 00000000;
581a : 00000000;
581b : 00000000;
581c : 00000000;
581d : 00000000;
581e : 00000000;
581f : 00000000;
5820 : 00000000;
5821 : 00000000;
5822 : 00000000;
5823 : 00000000;
5824 : 00000000;
5825 : 00000000;
5826 : 00000000;
5827 : 00000000;
5828 : 00000000;
5829 : 00000000;
582a : 00000000;
582b : 00000000;
582c : 00000000;
582d : 00000000;
582e : 00000000;
582f : 00000000;
5830 : 00000000;
5831 : 00000000;
5832 : 00000000;
5833 : 00000000;
5834 : 00000000;
5835 : 00000000;
5836 : 00000000;
5837 : 00000000;
5838 : 00000000;
5839 : 00000000;
583a : 00000000;
583b : 00000000;
583c : 00000000;
583d : 00000000;
583e : 00000000;
583f : 00000000;
5840 : 00000000;
5841 : 00000000;
5842 : 00000000;
5843 : 00000000;
5844 : 00000000;
5845 : 00000000;
5846 : 00000000;
5847 : 00000000;
5848 : 00000000;
5849 : 00000000;
584a : 00000000;
584b : 00000000;
584c : 00000000;
584d : 00000000;
584e : 00000000;
584f : 00000000;
5850 : 00000000;
5851 : 00000000;
5852 : 00000000;
5853 : 00000000;
5854 : 00000000;
5855 : 00000000;
5856 : 00000000;
5857 : 00000000;
5858 : 00000000;
5859 : 00000000;
585a : 00000000;
585b : 00000000;
585c : 00000000;
585d : 00000000;
585e : 00000000;
585f : 00000000;
5860 : 00000000;
5861 : 00000000;
5862 : 00000000;
5863 : 00000000;
5864 : 00000000;
5865 : 00000000;
5866 : 00000000;
5867 : 00000000;
5868 : 00000000;
5869 : 00000000;
586a : 00000000;
586b : 00000000;
586c : 00000000;
586d : 00000000;
586e : 00000000;
586f : 00000000;
5870 : 00000000;
5871 : 00000000;
5872 : 00000000;
5873 : 00000000;
5874 : 00000000;
5875 : 00000000;
5876 : 00000000;
5877 : 00000000;
5878 : 00000000;
5879 : 00000000;
587a : 00000000;
587b : 00000000;
587c : 00000000;
587d : 00000000;
587e : 00000000;
587f : 00000000;
5880 : 00000000;
5881 : 00000000;
5882 : 00000000;
5883 : 00000000;
5884 : 00000000;
5885 : 00000000;
5886 : 00000000;
5887 : 00000000;
5888 : 00000000;
5889 : 00000000;
588a : 00000000;
588b : 00000000;
588c : 00000000;
588d : 00000000;
588e : 00000000;
588f : 00000000;
5890 : 00000000;
5891 : 00000000;
5892 : 00000000;
5893 : 00000000;
5894 : 00000000;
5895 : 00000000;
5896 : 00000000;
5897 : 00000000;
5898 : 00000000;
5899 : 00000000;
589a : 00000000;
589b : 00000000;
589c : 00000000;
589d : 00000000;
589e : 00000000;
589f : 00000000;
58a0 : 00000000;
58a1 : 00000000;
58a2 : 00000000;
58a3 : 00000000;
58a4 : 00000000;
58a5 : 00000000;
58a6 : 00000000;
58a7 : 00000000;
58a8 : 00000000;
58a9 : 00000000;
58aa : 00000000;
58ab : 00000000;
58ac : 00000000;
58ad : 00000000;
58ae : 00000000;
58af : 00000000;
58b0 : 00000000;
58b1 : 00000000;
58b2 : 00000000;
58b3 : 00000000;
58b4 : 00000000;
58b5 : 00000000;
58b6 : 00000000;
58b7 : 00000000;
58b8 : 00000000;
58b9 : 00000000;
58ba : 00000000;
58bb : 00000000;
58bc : 00000000;
58bd : 00000000;
58be : 00000000;
58bf : 00000000;
58c0 : 00000000;
58c1 : 00000000;
58c2 : 00000000;
58c3 : 00000000;
58c4 : 00000000;
58c5 : 00000000;
58c6 : 00000000;
58c7 : 00000000;
58c8 : 00000000;
58c9 : 00000000;
58ca : 00000000;
58cb : 00000000;
58cc : 00000000;
58cd : 00000000;
58ce : 00000000;
58cf : 00000000;
58d0 : 00000000;
58d1 : 00000000;
58d2 : 00000000;
58d3 : 00000000;
58d4 : 00000000;
58d5 : 00000000;
58d6 : 00000000;
58d7 : 00000000;
58d8 : 00000000;
58d9 : 00000000;
58da : 00000000;
58db : 00000000;
58dc : 00000000;
58dd : 00000000;
58de : 00000000;
58df : 00000000;
58e0 : 00000000;
58e1 : 00000000;
58e2 : 00000000;
58e3 : 00000000;
58e4 : 00000000;
58e5 : 00000000;
58e6 : 00000000;
58e7 : 00000000;
58e8 : 00000000;
58e9 : 00000000;
58ea : 00000000;
58eb : 00000000;
58ec : 00000000;
58ed : 00000000;
58ee : 00000000;
58ef : 00000000;
58f0 : 00000000;
58f1 : 00000000;
58f2 : 00000000;
58f3 : 00000000;
58f4 : 00000000;
58f5 : 00000000;
58f6 : 00000000;
58f7 : 00000000;
58f8 : 00000000;
58f9 : 00000000;
58fa : 00000000;
58fb : 00000000;
58fc : 00000000;
58fd : 00000000;
58fe : 00000000;
58ff : 00000000;
5900 : 00000000;
5901 : 00000000;
5902 : 00000000;
5903 : 00000000;
5904 : 00000000;
5905 : 00000000;
5906 : 00000000;
5907 : 00000000;
5908 : 00000000;
5909 : 00000000;
590a : 00000000;
590b : 00000000;
590c : 00000000;
590d : 00000000;
590e : 00000000;
590f : 00000000;
5910 : 00000000;
5911 : 00000000;
5912 : 00000000;
5913 : 00000000;
5914 : 00000000;
5915 : 00000000;
5916 : 00000000;
5917 : 00000000;
5918 : 00000000;
5919 : 00000000;
591a : 00000000;
591b : 00000000;
591c : 00000000;
591d : 00000000;
591e : 00000000;
591f : 00000000;
5920 : 00000000;
5921 : 00000000;
5922 : 00000000;
5923 : 00000000;
5924 : 00000000;
5925 : 00000000;
5926 : 00000000;
5927 : 00000000;
5928 : 00000000;
5929 : 00000000;
592a : 00000000;
592b : 00000000;
592c : 00000000;
592d : 00000000;
592e : 00000000;
592f : 00000000;
5930 : 00000000;
5931 : 00000000;
5932 : 00000000;
5933 : 00000000;
5934 : 00000000;
5935 : 00000000;
5936 : 00000000;
5937 : 00000000;
5938 : 00000000;
5939 : 00000000;
593a : 00000000;
593b : 00000000;
593c : 00000000;
593d : 00000000;
593e : 00000000;
593f : 00000000;
5940 : 00000000;
5941 : 00000000;
5942 : 00000000;
5943 : 00000000;
5944 : 00000000;
5945 : 00000000;
5946 : 00000000;
5947 : 00000000;
5948 : 00000000;
5949 : 00000000;
594a : 00000000;
594b : 00000000;
594c : 00000000;
594d : 00000000;
594e : 00000000;
594f : 00000000;
5950 : 00000000;
5951 : 00000000;
5952 : 00000000;
5953 : 00000000;
5954 : 00000000;
5955 : 00000000;
5956 : 00000000;
5957 : 00000000;
5958 : 00000000;
5959 : 00000000;
595a : 00000000;
595b : 00000000;
595c : 00000000;
595d : 00000000;
595e : 00000000;
595f : 00000000;
5960 : 00000000;
5961 : 00000000;
5962 : 00000000;
5963 : 00000000;
5964 : 00000000;
5965 : 00000000;
5966 : 00000000;
5967 : 00000000;
5968 : 00000000;
5969 : 00000000;
596a : 00000000;
596b : 00000000;
596c : 00000000;
596d : 00000000;
596e : 00000000;
596f : 00000000;
5970 : 00000000;
5971 : 00000000;
5972 : 00000000;
5973 : 00000000;
5974 : 00000000;
5975 : 00000000;
5976 : 00000000;
5977 : 00000000;
5978 : 00000000;
5979 : 00000000;
597a : 00000000;
597b : 00000000;
597c : 00000000;
597d : 00000000;
597e : 00000000;
597f : 00000000;
5980 : 00000000;
5981 : 00000000;
5982 : 00000000;
5983 : 00000000;
5984 : 00000000;
5985 : 00000000;
5986 : 00000000;
5987 : 00000000;
5988 : 00000000;
5989 : 00000000;
598a : 00000000;
598b : 00000000;
598c : 00000000;
598d : 00000000;
598e : 00000000;
598f : 00000000;
5990 : 00000000;
5991 : 00000000;
5992 : 00000000;
5993 : 00000000;
5994 : 00000000;
5995 : 00000000;
5996 : 00000000;
5997 : 00000000;
5998 : 00000000;
5999 : 00000000;
599a : 00000000;
599b : 00000000;
599c : 00000000;
599d : 00000000;
599e : 00000000;
599f : 00000000;
59a0 : 00000000;
59a1 : 00000000;
59a2 : 00000000;
59a3 : 00000000;
59a4 : 00000000;
59a5 : 00000000;
59a6 : 00000000;
59a7 : 00000000;
59a8 : 00000000;
59a9 : 00000000;
59aa : 00000000;
59ab : 00000000;
59ac : 00000000;
59ad : 00000000;
59ae : 00000000;
59af : 00000000;
59b0 : 00000000;
59b1 : 00000000;
59b2 : 00000000;
59b3 : 00000000;
59b4 : 00000000;
59b5 : 00000000;
59b6 : 00000000;
59b7 : 00000000;
59b8 : 00000000;
59b9 : 00000000;
59ba : 00000000;
59bb : 00000000;
59bc : 00000000;
59bd : 00000000;
59be : 00000000;
59bf : 00000000;
59c0 : 00000000;
59c1 : 00000000;
59c2 : 00000000;
59c3 : 00000000;
59c4 : 00000000;
59c5 : 00000000;
59c6 : 00000000;
59c7 : 00000000;
59c8 : 00000000;
59c9 : 00000000;
59ca : 00000000;
59cb : 00000000;
59cc : 00000000;
59cd : 00000000;
59ce : 00000000;
59cf : 00000000;
59d0 : 00000000;
59d1 : 00000000;
59d2 : 00000000;
59d3 : 00000000;
59d4 : 00000000;
59d5 : 00000000;
59d6 : 00000000;
59d7 : 00000000;
59d8 : 00000000;
59d9 : 00000000;
59da : 00000000;
59db : 00000000;
59dc : 00000000;
59dd : 00000000;
59de : 00000000;
59df : 00000000;
59e0 : 00000000;
59e1 : 00000000;
59e2 : 00000000;
59e3 : 00000000;
59e4 : 00000000;
59e5 : 00000000;
59e6 : 00000000;
59e7 : 00000000;
59e8 : 00000000;
59e9 : 00000000;
59ea : 00000000;
59eb : 00000000;
59ec : 00000000;
59ed : 00000000;
59ee : 00000000;
59ef : 00000000;
59f0 : 00000000;
59f1 : 00000000;
59f2 : 00000000;
59f3 : 00000000;
59f4 : 00000000;
59f5 : 00000000;
59f6 : 00000000;
59f7 : 00000000;
59f8 : 00000000;
59f9 : 00000000;
59fa : 00000000;
59fb : 00000000;
59fc : 00000000;
59fd : 00000000;
59fe : 00000000;
59ff : 00000000;
5a00 : 00000000;
5a01 : 00000000;
5a02 : 00000000;
5a03 : 00000000;
5a04 : 00000000;
5a05 : 00000000;
5a06 : 00000000;
5a07 : 00000000;
5a08 : 00000000;
5a09 : 00000000;
5a0a : 00000000;
5a0b : 00000000;
5a0c : 00000000;
5a0d : 00000000;
5a0e : 00000000;
5a0f : 00000000;
5a10 : 00000000;
5a11 : 00000000;
5a12 : 00000000;
5a13 : 00000000;
5a14 : 00000000;
5a15 : 00000000;
5a16 : 00000000;
5a17 : 00000000;
5a18 : 00000000;
5a19 : 00000000;
5a1a : 00000000;
5a1b : 00000000;
5a1c : 00000000;
5a1d : 00000000;
5a1e : 00000000;
5a1f : 00000000;
5a20 : 00000000;
5a21 : 00000000;
5a22 : 00000000;
5a23 : 00000000;
5a24 : 00000000;
5a25 : 00000000;
5a26 : 00000000;
5a27 : 00000000;
5a28 : 00000000;
5a29 : 00000000;
5a2a : 00000000;
5a2b : 00000000;
5a2c : 00000000;
5a2d : 00000000;
5a2e : 00000000;
5a2f : 00000000;
5a30 : 00000000;
5a31 : 00000000;
5a32 : 00000000;
5a33 : 00000000;
5a34 : 00000000;
5a35 : 00000000;
5a36 : 00000000;
5a37 : 00000000;
5a38 : 00000000;
5a39 : 00000000;
5a3a : 00000000;
5a3b : 00000000;
5a3c : 00000000;
5a3d : 00000000;
5a3e : 00000000;
5a3f : 00000000;
5a40 : 00000000;
5a41 : 00000000;
5a42 : 00000000;
5a43 : 00000000;
5a44 : 00000000;
5a45 : 00000000;
5a46 : 00000000;
5a47 : 00000000;
5a48 : 00000000;
5a49 : 00000000;
5a4a : 00000000;
5a4b : 00000000;
5a4c : 00000000;
5a4d : 00000000;
5a4e : 00000000;
5a4f : 00000000;
5a50 : 00000000;
5a51 : 00000000;
5a52 : 00000000;
5a53 : 00000000;
5a54 : 00000000;
5a55 : 00000000;
5a56 : 00000000;
5a57 : 00000000;
5a58 : 00000000;
5a59 : 00000000;
5a5a : 00000000;
5a5b : 00000000;
5a5c : 00000000;
5a5d : 00000000;
5a5e : 00000000;
5a5f : 00000000;
5a60 : 00000000;
5a61 : 00000000;
5a62 : 00000000;
5a63 : 00000000;
5a64 : 00000000;
5a65 : 00000000;
5a66 : 00000000;
5a67 : 00000000;
5a68 : 00000000;
5a69 : 00000000;
5a6a : 00000000;
5a6b : 00000000;
5a6c : 00000000;
5a6d : 00000000;
5a6e : 00000000;
5a6f : 00000000;
5a70 : 00000000;
5a71 : 00000000;
5a72 : 00000000;
5a73 : 00000000;
5a74 : 00000000;
5a75 : 00000000;
5a76 : 00000000;
5a77 : 00000000;
5a78 : 00000000;
5a79 : 00000000;
5a7a : 00000000;
5a7b : 00000000;
5a7c : 00000000;
5a7d : 00000000;
5a7e : 00000000;
5a7f : 00000000;
5a80 : 00000000;
5a81 : 00000000;
5a82 : 00000000;
5a83 : 00000000;
5a84 : 00000000;
5a85 : 00000000;
5a86 : 00000000;
5a87 : 00000000;
5a88 : 00000000;
5a89 : 00000000;
5a8a : 00000000;
5a8b : 00000000;
5a8c : 00000000;
5a8d : 00000000;
5a8e : 00000000;
5a8f : 00000000;
5a90 : 00000000;
5a91 : 00000000;
5a92 : 00000000;
5a93 : 00000000;
5a94 : 00000000;
5a95 : 00000000;
5a96 : 00000000;
5a97 : 00000000;
5a98 : 00000000;
5a99 : 00000000;
5a9a : 00000000;
5a9b : 00000000;
5a9c : 00000000;
5a9d : 00000000;
5a9e : 00000000;
5a9f : 00000000;
5aa0 : 00000000;
5aa1 : 00000000;
5aa2 : 00000000;
5aa3 : 00000000;
5aa4 : 00000000;
5aa5 : 00000000;
5aa6 : 00000000;
5aa7 : 00000000;
5aa8 : 00000000;
5aa9 : 00000000;
5aaa : 00000000;
5aab : 00000000;
5aac : 00000000;
5aad : 00000000;
5aae : 00000000;
5aaf : 00000000;
5ab0 : 00000000;
5ab1 : 00000000;
5ab2 : 00000000;
5ab3 : 00000000;
5ab4 : 00000000;
5ab5 : 00000000;
5ab6 : 00000000;
5ab7 : 00000000;
5ab8 : 00000000;
5ab9 : 00000000;
5aba : 00000000;
5abb : 00000000;
5abc : 00000000;
5abd : 00000000;
5abe : 00000000;
5abf : 00000000;
5ac0 : 00000000;
5ac1 : 00000000;
5ac2 : 00000000;
5ac3 : 00000000;
5ac4 : 00000000;
5ac5 : 00000000;
5ac6 : 00000000;
5ac7 : 00000000;
5ac8 : 00000000;
5ac9 : 00000000;
5aca : 00000000;
5acb : 00000000;
5acc : 00000000;
5acd : 00000000;
5ace : 00000000;
5acf : 00000000;
5ad0 : 00000000;
5ad1 : 00000000;
5ad2 : 00000000;
5ad3 : 00000000;
5ad4 : 00000000;
5ad5 : 00000000;
5ad6 : 00000000;
5ad7 : 00000000;
5ad8 : 00000000;
5ad9 : 00000000;
5ada : 00000000;
5adb : 00000000;
5adc : 00000000;
5add : 00000000;
5ade : 00000000;
5adf : 00000000;
5ae0 : 00000000;
5ae1 : 00000000;
5ae2 : 00000000;
5ae3 : 00000000;
5ae4 : 00000000;
5ae5 : 00000000;
5ae6 : 00000000;
5ae7 : 00000000;
5ae8 : 00000000;
5ae9 : 00000000;
5aea : 00000000;
5aeb : 00000000;
5aec : 00000000;
5aed : 00000000;
5aee : 00000000;
5aef : 00000000;
5af0 : 00000000;
5af1 : 00000000;
5af2 : 00000000;
5af3 : 00000000;
5af4 : 00000000;
5af5 : 00000000;
5af6 : 00000000;
5af7 : 00000000;
5af8 : 00000000;
5af9 : 00000000;
5afa : 00000000;
5afb : 00000000;
5afc : 00000000;
5afd : 00000000;
5afe : 00000000;
5aff : 00000000;
5b00 : 00000000;
5b01 : 00000000;
5b02 : 00000000;
5b03 : 00000000;
5b04 : 00000000;
5b05 : 00000000;
5b06 : 00000000;
5b07 : 00000000;
5b08 : 00000000;
5b09 : 00000000;
5b0a : 00000000;
5b0b : 00000000;
5b0c : 00000000;
5b0d : 00000000;
5b0e : 00000000;
5b0f : 00000000;
5b10 : 00000000;
5b11 : 00000000;
5b12 : 00000000;
5b13 : 00000000;
5b14 : 00000000;
5b15 : 00000000;
5b16 : 00000000;
5b17 : 00000000;
5b18 : 00000000;
5b19 : 00000000;
5b1a : 00000000;
5b1b : 00000000;
5b1c : 00000000;
5b1d : 00000000;
5b1e : 00000000;
5b1f : 00000000;
5b20 : 00000000;
5b21 : 00000000;
5b22 : 00000000;
5b23 : 00000000;
5b24 : 00000000;
5b25 : 00000000;
5b26 : 00000000;
5b27 : 00000000;
5b28 : 00000000;
5b29 : 00000000;
5b2a : 00000000;
5b2b : 00000000;
5b2c : 00000000;
5b2d : 00000000;
5b2e : 00000000;
5b2f : 00000000;
5b30 : 00000000;
5b31 : 00000000;
5b32 : 00000000;
5b33 : 00000000;
5b34 : 00000000;
5b35 : 00000000;
5b36 : 00000000;
5b37 : 00000000;
5b38 : 00000000;
5b39 : 00000000;
5b3a : 00000000;
5b3b : 00000000;
5b3c : 00000000;
5b3d : 00000000;
5b3e : 00000000;
5b3f : 00000000;
5b40 : 00000000;
5b41 : 00000000;
5b42 : 00000000;
5b43 : 00000000;
5b44 : 00000000;
5b45 : 00000000;
5b46 : 00000000;
5b47 : 00000000;
5b48 : 00000000;
5b49 : 00000000;
5b4a : 00000000;
5b4b : 00000000;
5b4c : 00000000;
5b4d : 00000000;
5b4e : 00000000;
5b4f : 00000000;
5b50 : 00000000;
5b51 : 00000000;
5b52 : 00000000;
5b53 : 00000000;
5b54 : 00000000;
5b55 : 00000000;
5b56 : 00000000;
5b57 : 00000000;
5b58 : 00000000;
5b59 : 00000000;
5b5a : 00000000;
5b5b : 00000000;
5b5c : 00000000;
5b5d : 00000000;
5b5e : 00000000;
5b5f : 00000000;
5b60 : 00000000;
5b61 : 00000000;
5b62 : 00000000;
5b63 : 00000000;
5b64 : 00000000;
5b65 : 00000000;
5b66 : 00000000;
5b67 : 00000000;
5b68 : 00000000;
5b69 : 00000000;
5b6a : 00000000;
5b6b : 00000000;
5b6c : 00000000;
5b6d : 00000000;
5b6e : 00000000;
5b6f : 00000000;
5b70 : 00000000;
5b71 : 00000000;
5b72 : 00000000;
5b73 : 00000000;
5b74 : 00000000;
5b75 : 00000000;
5b76 : 00000000;
5b77 : 00000000;
5b78 : 00000000;
5b79 : 00000000;
5b7a : 00000000;
5b7b : 00000000;
5b7c : 00000000;
5b7d : 00000000;
5b7e : 00000000;
5b7f : 00000000;
5b80 : 00000000;
5b81 : 00000000;
5b82 : 00000000;
5b83 : 00000000;
5b84 : 00000000;
5b85 : 00000000;
5b86 : 00000000;
5b87 : 00000000;
5b88 : 00000000;
5b89 : 00000000;
5b8a : 00000000;
5b8b : 00000000;
5b8c : 00000000;
5b8d : 00000000;
5b8e : 00000000;
5b8f : 00000000;
5b90 : 00000000;
5b91 : 00000000;
5b92 : 00000000;
5b93 : 00000000;
5b94 : 00000000;
5b95 : 00000000;
5b96 : 00000000;
5b97 : 00000000;
5b98 : 00000000;
5b99 : 00000000;
5b9a : 00000000;
5b9b : 00000000;
5b9c : 00000000;
5b9d : 00000000;
5b9e : 00000000;
5b9f : 00000000;
5ba0 : 00000000;
5ba1 : 00000000;
5ba2 : 00000000;
5ba3 : 00000000;
5ba4 : 00000000;
5ba5 : 00000000;
5ba6 : 00000000;
5ba7 : 00000000;
5ba8 : 00000000;
5ba9 : 00000000;
5baa : 00000000;
5bab : 00000000;
5bac : 00000000;
5bad : 00000000;
5bae : 00000000;
5baf : 00000000;
5bb0 : 00000000;
5bb1 : 00000000;
5bb2 : 00000000;
5bb3 : 00000000;
5bb4 : 00000000;
5bb5 : 00000000;
5bb6 : 00000000;
5bb7 : 00000000;
5bb8 : 00000000;
5bb9 : 00000000;
5bba : 00000000;
5bbb : 00000000;
5bbc : 00000000;
5bbd : 00000000;
5bbe : 00000000;
5bbf : 00000000;
5bc0 : 00000000;
5bc1 : 00000000;
5bc2 : 00000000;
5bc3 : 00000000;
5bc4 : 00000000;
5bc5 : 00000000;
5bc6 : 00000000;
5bc7 : 00000000;
5bc8 : 00000000;
5bc9 : 00000000;
5bca : 00000000;
5bcb : 00000000;
5bcc : 00000000;
5bcd : 00000000;
5bce : 00000000;
5bcf : 00000000;
5bd0 : 00000000;
5bd1 : 00000000;
5bd2 : 00000000;
5bd3 : 00000000;
5bd4 : 00000000;
5bd5 : 00000000;
5bd6 : 00000000;
5bd7 : 00000000;
5bd8 : 00000000;
5bd9 : 00000000;
5bda : 00000000;
5bdb : 00000000;
5bdc : 00000000;
5bdd : 00000000;
5bde : 00000000;
5bdf : 00000000;
5be0 : 00000000;
5be1 : 00000000;
5be2 : 00000000;
5be3 : 00000000;
5be4 : 00000000;
5be5 : 00000000;
5be6 : 00000000;
5be7 : 00000000;
5be8 : 00000000;
5be9 : 00000000;
5bea : 00000000;
5beb : 00000000;
5bec : 00000000;
5bed : 00000000;
5bee : 00000000;
5bef : 00000000;
5bf0 : 00000000;
5bf1 : 00000000;
5bf2 : 00000000;
5bf3 : 00000000;
5bf4 : 00000000;
5bf5 : 00000000;
5bf6 : 00000000;
5bf7 : 00000000;
5bf8 : 00000000;
5bf9 : 00000000;
5bfa : 00000000;
5bfb : 00000000;
5bfc : 00000000;
5bfd : 00000000;
5bfe : 00000000;
5bff : 00000000;
5c00 : 00000000;
5c01 : 00000000;
5c02 : 00000000;
5c03 : 00000000;
5c04 : 00000000;
5c05 : 00000000;
5c06 : 00000000;
5c07 : 00000000;
5c08 : 00000000;
5c09 : 00000000;
5c0a : 00000000;
5c0b : 00000000;
5c0c : 00000000;
5c0d : 00000000;
5c0e : 00000000;
5c0f : 00000000;
5c10 : 00000000;
5c11 : 00000000;
5c12 : 00000000;
5c13 : 00000000;
5c14 : 00000000;
5c15 : 00000000;
5c16 : 00000000;
5c17 : 00000000;
5c18 : 00000000;
5c19 : 00000000;
5c1a : 00000000;
5c1b : 00000000;
5c1c : 00000000;
5c1d : 00000000;
5c1e : 00000000;
5c1f : 00000000;
5c20 : 00000000;
5c21 : 00000000;
5c22 : 00000000;
5c23 : 00000000;
5c24 : 00000000;
5c25 : 00000000;
5c26 : 00000000;
5c27 : 00000000;
5c28 : 00000000;
5c29 : 00000000;
5c2a : 00000000;
5c2b : 00000000;
5c2c : 00000000;
5c2d : 00000000;
5c2e : 00000000;
5c2f : 00000000;
5c30 : 00000000;
5c31 : 00000000;
5c32 : 00000000;
5c33 : 00000000;
5c34 : 00000000;
5c35 : 00000000;
5c36 : 00000000;
5c37 : 00000000;
5c38 : 00000000;
5c39 : 00000000;
5c3a : 00000000;
5c3b : 00000000;
5c3c : 00000000;
5c3d : 00000000;
5c3e : 00000000;
5c3f : 00000000;
5c40 : 00000000;
5c41 : 00000000;
5c42 : 00000000;
5c43 : 00000000;
5c44 : 00000000;
5c45 : 00000000;
5c46 : 00000000;
5c47 : 00000000;
5c48 : 00000000;
5c49 : 00000000;
5c4a : 00000000;
5c4b : 00000000;
5c4c : 00000000;
5c4d : 00000000;
5c4e : 00000000;
5c4f : 00000000;
5c50 : 00000000;
5c51 : 00000000;
5c52 : 00000000;
5c53 : 00000000;
5c54 : 00000000;
5c55 : 00000000;
5c56 : 00000000;
5c57 : 00000000;
5c58 : 00000000;
5c59 : 00000000;
5c5a : 00000000;
5c5b : 00000000;
5c5c : 00000000;
5c5d : 00000000;
5c5e : 00000000;
5c5f : 00000000;
5c60 : 00000000;
5c61 : 00000000;
5c62 : 00000000;
5c63 : 00000000;
5c64 : 00000000;
5c65 : 00000000;
5c66 : 00000000;
5c67 : 00000000;
5c68 : 00000000;
5c69 : 00000000;
5c6a : 00000000;
5c6b : 00000000;
5c6c : 00000000;
5c6d : 00000000;
5c6e : 00000000;
5c6f : 00000000;
5c70 : 00000000;
5c71 : 00000000;
5c72 : 00000000;
5c73 : 00000000;
5c74 : 00000000;
5c75 : 00000000;
5c76 : 00000000;
5c77 : 00000000;
5c78 : 00000000;
5c79 : 00000000;
5c7a : 00000000;
5c7b : 00000000;
5c7c : 00000000;
5c7d : 00000000;
5c7e : 00000000;
5c7f : 00000000;
5c80 : 00000000;
5c81 : 00000000;
5c82 : 00000000;
5c83 : 00000000;
5c84 : 00000000;
5c85 : 00000000;
5c86 : 00000000;
5c87 : 00000000;
5c88 : 00000000;
5c89 : 00000000;
5c8a : 00000000;
5c8b : 00000000;
5c8c : 00000000;
5c8d : 00000000;
5c8e : 00000000;
5c8f : 00000000;
5c90 : 00000000;
5c91 : 00000000;
5c92 : 00000000;
5c93 : 00000000;
5c94 : 00000000;
5c95 : 00000000;
5c96 : 00000000;
5c97 : 00000000;
5c98 : 00000000;
5c99 : 00000000;
5c9a : 00000000;
5c9b : 00000000;
5c9c : 00000000;
5c9d : 00000000;
5c9e : 00000000;
5c9f : 00000000;
5ca0 : 00000000;
5ca1 : 00000000;
5ca2 : 00000000;
5ca3 : 00000000;
5ca4 : 00000000;
5ca5 : 00000000;
5ca6 : 00000000;
5ca7 : 00000000;
5ca8 : 00000000;
5ca9 : 00000000;
5caa : 00000000;
5cab : 00000000;
5cac : 00000000;
5cad : 00000000;
5cae : 00000000;
5caf : 00000000;
5cb0 : 00000000;
5cb1 : 00000000;
5cb2 : 00000000;
5cb3 : 00000000;
5cb4 : 00000000;
5cb5 : 00000000;
5cb6 : 00000000;
5cb7 : 00000000;
5cb8 : 00000000;
5cb9 : 00000000;
5cba : 00000000;
5cbb : 00000000;
5cbc : 00000000;
5cbd : 00000000;
5cbe : 00000000;
5cbf : 00000000;
5cc0 : 00000000;
5cc1 : 00000000;
5cc2 : 00000000;
5cc3 : 00000000;
5cc4 : 00000000;
5cc5 : 00000000;
5cc6 : 00000000;
5cc7 : 00000000;
5cc8 : 00000000;
5cc9 : 00000000;
5cca : 00000000;
5ccb : 00000000;
5ccc : 00000000;
5ccd : 00000000;
5cce : 00000000;
5ccf : 00000000;
5cd0 : 00000000;
5cd1 : 00000000;
5cd2 : 00000000;
5cd3 : 00000000;
5cd4 : 00000000;
5cd5 : 00000000;
5cd6 : 00000000;
5cd7 : 00000000;
5cd8 : 00000000;
5cd9 : 00000000;
5cda : 00000000;
5cdb : 00000000;
5cdc : 00000000;
5cdd : 00000000;
5cde : 00000000;
5cdf : 00000000;
5ce0 : 00000000;
5ce1 : 00000000;
5ce2 : 00000000;
5ce3 : 00000000;
5ce4 : 00000000;
5ce5 : 00000000;
5ce6 : 00000000;
5ce7 : 00000000;
5ce8 : 00000000;
5ce9 : 00000000;
5cea : 00000000;
5ceb : 00000000;
5cec : 00000000;
5ced : 00000000;
5cee : 00000000;
5cef : 00000000;
5cf0 : 00000000;
5cf1 : 00000000;
5cf2 : 00000000;
5cf3 : 00000000;
5cf4 : 00000000;
5cf5 : 00000000;
5cf6 : 00000000;
5cf7 : 00000000;
5cf8 : 00000000;
5cf9 : 00000000;
5cfa : 00000000;
5cfb : 00000000;
5cfc : 00000000;
5cfd : 00000000;
5cfe : 00000000;
5cff : 00000000;
5d00 : 00000000;
5d01 : 00000000;
5d02 : 00000000;
5d03 : 00000000;
5d04 : 00000000;
5d05 : 00000000;
5d06 : 00000000;
5d07 : 00000000;
5d08 : 00000000;
5d09 : 00000000;
5d0a : 00000000;
5d0b : 00000000;
5d0c : 00000000;
5d0d : 00000000;
5d0e : 00000000;
5d0f : 00000000;
5d10 : 00000000;
5d11 : 00000000;
5d12 : 00000000;
5d13 : 00000000;
5d14 : 00000000;
5d15 : 00000000;
5d16 : 00000000;
5d17 : 00000000;
5d18 : 00000000;
5d19 : 00000000;
5d1a : 00000000;
5d1b : 00000000;
5d1c : 00000000;
5d1d : 00000000;
5d1e : 00000000;
5d1f : 00000000;
5d20 : 00000000;
5d21 : 00000000;
5d22 : 00000000;
5d23 : 00000000;
5d24 : 00000000;
5d25 : 00000000;
5d26 : 00000000;
5d27 : 00000000;
5d28 : 00000000;
5d29 : 00000000;
5d2a : 00000000;
5d2b : 00000000;
5d2c : 00000000;
5d2d : 00000000;
5d2e : 00000000;
5d2f : 00000000;
5d30 : 00000000;
5d31 : 00000000;
5d32 : 00000000;
5d33 : 00000000;
5d34 : 00000000;
5d35 : 00000000;
5d36 : 00000000;
5d37 : 00000000;
5d38 : 00000000;
5d39 : 00000000;
5d3a : 00000000;
5d3b : 00000000;
5d3c : 00000000;
5d3d : 00000000;
5d3e : 00000000;
5d3f : 00000000;
5d40 : 00000000;
5d41 : 00000000;
5d42 : 00000000;
5d43 : 00000000;
5d44 : 00000000;
5d45 : 00000000;
5d46 : 00000000;
5d47 : 00000000;
5d48 : 00000000;
5d49 : 00000000;
5d4a : 00000000;
5d4b : 00000000;
5d4c : 00000000;
5d4d : 00000000;
5d4e : 00000000;
5d4f : 00000000;
5d50 : 00000000;
5d51 : 00000000;
5d52 : 00000000;
5d53 : 00000000;
5d54 : 00000000;
5d55 : 00000000;
5d56 : 00000000;
5d57 : 00000000;
5d58 : 00000000;
5d59 : 00000000;
5d5a : 00000000;
5d5b : 00000000;
5d5c : 00000000;
5d5d : 00000000;
5d5e : 00000000;
5d5f : 00000000;
5d60 : 00000000;
5d61 : 00000000;
5d62 : 00000000;
5d63 : 00000000;
5d64 : 00000000;
5d65 : 00000000;
5d66 : 00000000;
5d67 : 00000000;
5d68 : 00000000;
5d69 : 00000000;
5d6a : 00000000;
5d6b : 00000000;
5d6c : 00000000;
5d6d : 00000000;
5d6e : 00000000;
5d6f : 00000000;
5d70 : 00000000;
5d71 : 00000000;
5d72 : 00000000;
5d73 : 00000000;
5d74 : 00000000;
5d75 : 00000000;
5d76 : 00000000;
5d77 : 00000000;
5d78 : 00000000;
5d79 : 00000000;
5d7a : 00000000;
5d7b : 00000000;
5d7c : 00000000;
5d7d : 00000000;
5d7e : 00000000;
5d7f : 00000000;
5d80 : 00000000;
5d81 : 00000000;
5d82 : 00000000;
5d83 : 00000000;
5d84 : 00000000;
5d85 : 00000000;
5d86 : 00000000;
5d87 : 00000000;
5d88 : 00000000;
5d89 : 00000000;
5d8a : 00000000;
5d8b : 00000000;
5d8c : 00000000;
5d8d : 00000000;
5d8e : 00000000;
5d8f : 00000000;
5d90 : 00000000;
5d91 : 00000000;
5d92 : 00000000;
5d93 : 00000000;
5d94 : 00000000;
5d95 : 00000000;
5d96 : 00000000;
5d97 : 00000000;
5d98 : 00000000;
5d99 : 00000000;
5d9a : 00000000;
5d9b : 00000000;
5d9c : 00000000;
5d9d : 00000000;
5d9e : 00000000;
5d9f : 00000000;
5da0 : 00000000;
5da1 : 00000000;
5da2 : 00000000;
5da3 : 00000000;
5da4 : 00000000;
5da5 : 00000000;
5da6 : 00000000;
5da7 : 00000000;
5da8 : 00000000;
5da9 : 00000000;
5daa : 00000000;
5dab : 00000000;
5dac : 00000000;
5dad : 00000000;
5dae : 00000000;
5daf : 00000000;
5db0 : 00000000;
5db1 : 00000000;
5db2 : 00000000;
5db3 : 00000000;
5db4 : 00000000;
5db5 : 00000000;
5db6 : 00000000;
5db7 : 00000000;
5db8 : 00000000;
5db9 : 00000000;
5dba : 00000000;
5dbb : 00000000;
5dbc : 00000000;
5dbd : 00000000;
5dbe : 00000000;
5dbf : 00000000;
5dc0 : 00000000;
5dc1 : 00000000;
5dc2 : 00000000;
5dc3 : 00000000;
5dc4 : 00000000;
5dc5 : 00000000;
5dc6 : 00000000;
5dc7 : 00000000;
5dc8 : 00000000;
5dc9 : 00000000;
5dca : 00000000;
5dcb : 00000000;
5dcc : 00000000;
5dcd : 00000000;
5dce : 00000000;
5dcf : 00000000;
5dd0 : 00000000;
5dd1 : 00000000;
5dd2 : 00000000;
5dd3 : 00000000;
5dd4 : 00000000;
5dd5 : 00000000;
5dd6 : 00000000;
5dd7 : 00000000;
5dd8 : 00000000;
5dd9 : 00000000;
5dda : 00000000;
5ddb : 00000000;
5ddc : 00000000;
5ddd : 00000000;
5dde : 00000000;
5ddf : 00000000;
5de0 : 00000000;
5de1 : 00000000;
5de2 : 00000000;
5de3 : 00000000;
5de4 : 00000000;
5de5 : 00000000;
5de6 : 00000000;
5de7 : 00000000;
5de8 : 00000000;
5de9 : 00000000;
5dea : 00000000;
5deb : 00000000;
5dec : 00000000;
5ded : 00000000;
5dee : 00000000;
5def : 00000000;
5df0 : 00000000;
5df1 : 00000000;
5df2 : 00000000;
5df3 : 00000000;
5df4 : 00000000;
5df5 : 00000000;
5df6 : 00000000;
5df7 : 00000000;
5df8 : 00000000;
5df9 : 00000000;
5dfa : 00000000;
5dfb : 00000000;
5dfc : 00000000;
5dfd : 00000000;
5dfe : 00000000;
5dff : 00000000;
5e00 : 00000000;
5e01 : 00000000;
5e02 : 00000000;
5e03 : 00000000;
5e04 : 00000000;
5e05 : 00000000;
5e06 : 00000000;
5e07 : 00000000;
5e08 : 00000000;
5e09 : 00000000;
5e0a : 00000000;
5e0b : 00000000;
5e0c : 00000000;
5e0d : 00000000;
5e0e : 00000000;
5e0f : 00000000;
5e10 : 00000000;
5e11 : 00000000;
5e12 : 00000000;
5e13 : 00000000;
5e14 : 00000000;
5e15 : 00000000;
5e16 : 00000000;
5e17 : 00000000;
5e18 : 00000000;
5e19 : 00000000;
5e1a : 00000000;
5e1b : 00000000;
5e1c : 00000000;
5e1d : 00000000;
5e1e : 00000000;
5e1f : 00000000;
5e20 : 00000000;
5e21 : 00000000;
5e22 : 00000000;
5e23 : 00000000;
5e24 : 00000000;
5e25 : 00000000;
5e26 : 00000000;
5e27 : 00000000;
5e28 : 00000000;
5e29 : 00000000;
5e2a : 00000000;
5e2b : 00000000;
5e2c : 00000000;
5e2d : 00000000;
5e2e : 00000000;
5e2f : 00000000;
5e30 : 00000000;
5e31 : 00000000;
5e32 : 00000000;
5e33 : 00000000;
5e34 : 00000000;
5e35 : 00000000;
5e36 : 00000000;
5e37 : 00000000;
5e38 : 00000000;
5e39 : 00000000;
5e3a : 00000000;
5e3b : 00000000;
5e3c : 00000000;
5e3d : 00000000;
5e3e : 00000000;
5e3f : 00000000;
5e40 : 00000000;
5e41 : 00000000;
5e42 : 00000000;
5e43 : 00000000;
5e44 : 00000000;
5e45 : 00000000;
5e46 : 00000000;
5e47 : 00000000;
5e48 : 00000000;
5e49 : 00000000;
5e4a : 00000000;
5e4b : 00000000;
5e4c : 00000000;
5e4d : 00000000;
5e4e : 00000000;
5e4f : 00000000;
5e50 : 00000000;
5e51 : 00000000;
5e52 : 00000000;
5e53 : 00000000;
5e54 : 00000000;
5e55 : 00000000;
5e56 : 00000000;
5e57 : 00000000;
5e58 : 00000000;
5e59 : 00000000;
5e5a : 00000000;
5e5b : 00000000;
5e5c : 00000000;
5e5d : 00000000;
5e5e : 00000000;
5e5f : 00000000;
5e60 : 00000000;
5e61 : 00000000;
5e62 : 00000000;
5e63 : 00000000;
5e64 : 00000000;
5e65 : 00000000;
5e66 : 00000000;
5e67 : 00000000;
5e68 : 00000000;
5e69 : 00000000;
5e6a : 00000000;
5e6b : 00000000;
5e6c : 00000000;
5e6d : 00000000;
5e6e : 00000000;
5e6f : 00000000;
5e70 : 00000000;
5e71 : 00000000;
5e72 : 00000000;
5e73 : 00000000;
5e74 : 00000000;
5e75 : 00000000;
5e76 : 00000000;
5e77 : 00000000;
5e78 : 00000000;
5e79 : 00000000;
5e7a : 00000000;
5e7b : 00000000;
5e7c : 00000000;
5e7d : 00000000;
5e7e : 00000000;
5e7f : 00000000;
5e80 : 00000000;
5e81 : 00000000;
5e82 : 00000000;
5e83 : 00000000;
5e84 : 00000000;
5e85 : 00000000;
5e86 : 00000000;
5e87 : 00000000;
5e88 : 00000000;
5e89 : 00000000;
5e8a : 00000000;
5e8b : 00000000;
5e8c : 00000000;
5e8d : 00000000;
5e8e : 00000000;
5e8f : 00000000;
5e90 : 00000000;
5e91 : 00000000;
5e92 : 00000000;
5e93 : 00000000;
5e94 : 00000000;
5e95 : 00000000;
5e96 : 00000000;
5e97 : 00000000;
5e98 : 00000000;
5e99 : 00000000;
5e9a : 00000000;
5e9b : 00000000;
5e9c : 00000000;
5e9d : 00000000;
5e9e : 00000000;
5e9f : 00000000;
5ea0 : 00000000;
5ea1 : 00000000;
5ea2 : 00000000;
5ea3 : 00000000;
5ea4 : 00000000;
5ea5 : 00000000;
5ea6 : 00000000;
5ea7 : 00000000;
5ea8 : 00000000;
5ea9 : 00000000;
5eaa : 00000000;
5eab : 00000000;
5eac : 00000000;
5ead : 00000000;
5eae : 00000000;
5eaf : 00000000;
5eb0 : 00000000;
5eb1 : 00000000;
5eb2 : 00000000;
5eb3 : 00000000;
5eb4 : 00000000;
5eb5 : 00000000;
5eb6 : 00000000;
5eb7 : 00000000;
5eb8 : 00000000;
5eb9 : 00000000;
5eba : 00000000;
5ebb : 00000000;
5ebc : 00000000;
5ebd : 00000000;
5ebe : 00000000;
5ebf : 00000000;
5ec0 : 00000000;
5ec1 : 00000000;
5ec2 : 00000000;
5ec3 : 00000000;
5ec4 : 00000000;
5ec5 : 00000000;
5ec6 : 00000000;
5ec7 : 00000000;
5ec8 : 00000000;
5ec9 : 00000000;
5eca : 00000000;
5ecb : 00000000;
5ecc : 00000000;
5ecd : 00000000;
5ece : 00000000;
5ecf : 00000000;
5ed0 : 00000000;
5ed1 : 00000000;
5ed2 : 00000000;
5ed3 : 00000000;
5ed4 : 00000000;
5ed5 : 00000000;
5ed6 : 00000000;
5ed7 : 00000000;
5ed8 : 00000000;
5ed9 : 00000000;
5eda : 00000000;
5edb : 00000000;
5edc : 00000000;
5edd : 00000000;
5ede : 00000000;
5edf : 00000000;
5ee0 : 00000000;
5ee1 : 00000000;
5ee2 : 00000000;
5ee3 : 00000000;
5ee4 : 00000000;
5ee5 : 00000000;
5ee6 : 00000000;
5ee7 : 00000000;
5ee8 : 00000000;
5ee9 : 00000000;
5eea : 00000000;
5eeb : 00000000;
5eec : 00000000;
5eed : 00000000;
5eee : 00000000;
5eef : 00000000;
5ef0 : 00000000;
5ef1 : 00000000;
5ef2 : 00000000;
5ef3 : 00000000;
5ef4 : 00000000;
5ef5 : 00000000;
5ef6 : 00000000;
5ef7 : 00000000;
5ef8 : 00000000;
5ef9 : 00000000;
5efa : 00000000;
5efb : 00000000;
5efc : 00000000;
5efd : 00000000;
5efe : 00000000;
5eff : 00000000;
5f00 : 00000000;
5f01 : 00000000;
5f02 : 00000000;
5f03 : 00000000;
5f04 : 00000000;
5f05 : 00000000;
5f06 : 00000000;
5f07 : 00000000;
5f08 : 00000000;
5f09 : 00000000;
5f0a : 00000000;
5f0b : 00000000;
5f0c : 00000000;
5f0d : 00000000;
5f0e : 00000000;
5f0f : 00000000;
5f10 : 00000000;
5f11 : 00000000;
5f12 : 00000000;
5f13 : 00000000;
5f14 : 00000000;
5f15 : 00000000;
5f16 : 00000000;
5f17 : 00000000;
5f18 : 00000000;
5f19 : 00000000;
5f1a : 00000000;
5f1b : 00000000;
5f1c : 00000000;
5f1d : 00000000;
5f1e : 00000000;
5f1f : 00000000;
5f20 : 00000000;
5f21 : 00000000;
5f22 : 00000000;
5f23 : 00000000;
5f24 : 00000000;
5f25 : 00000000;
5f26 : 00000000;
5f27 : 00000000;
5f28 : 00000000;
5f29 : 00000000;
5f2a : 00000000;
5f2b : 00000000;
5f2c : 00000000;
5f2d : 00000000;
5f2e : 00000000;
5f2f : 00000000;
5f30 : 00000000;
5f31 : 00000000;
5f32 : 00000000;
5f33 : 00000000;
5f34 : 00000000;
5f35 : 00000000;
5f36 : 00000000;
5f37 : 00000000;
5f38 : 00000000;
5f39 : 00000000;
5f3a : 00000000;
5f3b : 00000000;
5f3c : 00000000;
5f3d : 00000000;
5f3e : 00000000;
5f3f : 00000000;
5f40 : 00000000;
5f41 : 00000000;
5f42 : 00000000;
5f43 : 00000000;
5f44 : 00000000;
5f45 : 00000000;
5f46 : 00000000;
5f47 : 00000000;
5f48 : 00000000;
5f49 : 00000000;
5f4a : 00000000;
5f4b : 00000000;
5f4c : 00000000;
5f4d : 00000000;
5f4e : 00000000;
5f4f : 00000000;
5f50 : 00000000;
5f51 : 00000000;
5f52 : 00000000;
5f53 : 00000000;
5f54 : 00000000;
5f55 : 00000000;
5f56 : 00000000;
5f57 : 00000000;
5f58 : 00000000;
5f59 : 00000000;
5f5a : 00000000;
5f5b : 00000000;
5f5c : 00000000;
5f5d : 00000000;
5f5e : 00000000;
5f5f : 00000000;
5f60 : 00000000;
5f61 : 00000000;
5f62 : 00000000;
5f63 : 00000000;
5f64 : 00000000;
5f65 : 00000000;
5f66 : 00000000;
5f67 : 00000000;
5f68 : 00000000;
5f69 : 00000000;
5f6a : 00000000;
5f6b : 00000000;
5f6c : 00000000;
5f6d : 00000000;
5f6e : 00000000;
5f6f : 00000000;
5f70 : 00000000;
5f71 : 00000000;
5f72 : 00000000;
5f73 : 00000000;
5f74 : 00000000;
5f75 : 00000000;
5f76 : 00000000;
5f77 : 00000000;
5f78 : 00000000;
5f79 : 00000000;
5f7a : 00000000;
5f7b : 00000000;
5f7c : 00000000;
5f7d : 00000000;
5f7e : 00000000;
5f7f : 00000000;
5f80 : 00000000;
5f81 : 00000000;
5f82 : 00000000;
5f83 : 00000000;
5f84 : 00000000;
5f85 : 00000000;
5f86 : 00000000;
5f87 : 00000000;
5f88 : 00000000;
5f89 : 00000000;
5f8a : 00000000;
5f8b : 00000000;
5f8c : 00000000;
5f8d : 00000000;
5f8e : 00000000;
5f8f : 00000000;
5f90 : 00000000;
5f91 : 00000000;
5f92 : 00000000;
5f93 : 00000000;
5f94 : 00000000;
5f95 : 00000000;
5f96 : 00000000;
5f97 : 00000000;
5f98 : 00000000;
5f99 : 00000000;
5f9a : 00000000;
5f9b : 00000000;
5f9c : 00000000;
5f9d : 00000000;
5f9e : 00000000;
5f9f : 00000000;
5fa0 : 00000000;
5fa1 : 00000000;
5fa2 : 00000000;
5fa3 : 00000000;
5fa4 : 00000000;
5fa5 : 00000000;
5fa6 : 00000000;
5fa7 : 00000000;
5fa8 : 00000000;
5fa9 : 00000000;
5faa : 00000000;
5fab : 00000000;
5fac : 00000000;
5fad : 00000000;
5fae : 00000000;
5faf : 00000000;
5fb0 : 00000000;
5fb1 : 00000000;
5fb2 : 00000000;
5fb3 : 00000000;
5fb4 : 00000000;
5fb5 : 00000000;
5fb6 : 00000000;
5fb7 : 00000000;
5fb8 : 00000000;
5fb9 : 00000000;
5fba : 00000000;
5fbb : 00000000;
5fbc : 00000000;
5fbd : 00000000;
5fbe : 00000000;
5fbf : 00000000;
5fc0 : 00000000;
5fc1 : 00000000;
5fc2 : 00000000;
5fc3 : 00000000;
5fc4 : 00000000;
5fc5 : 00000000;
5fc6 : 00000000;
5fc7 : 00000000;
5fc8 : 00000000;
5fc9 : 00000000;
5fca : 00000000;
5fcb : 00000000;
5fcc : 00000000;
5fcd : 00000000;
5fce : 00000000;
5fcf : 00000000;
5fd0 : 00000000;
5fd1 : 00000000;
5fd2 : 00000000;
5fd3 : 00000000;
5fd4 : 00000000;
5fd5 : 00000000;
5fd6 : 00000000;
5fd7 : 00000000;
5fd8 : 00000000;
5fd9 : 00000000;
5fda : 00000000;
5fdb : 00000000;
5fdc : 00000000;
5fdd : 00000000;
5fde : 00000000;
5fdf : 00000000;
5fe0 : 00000000;
5fe1 : 00000000;
5fe2 : 00000000;
5fe3 : 00000000;
5fe4 : 00000000;
5fe5 : 00000000;
5fe6 : 00000000;
5fe7 : 00000000;
5fe8 : 00000000;
5fe9 : 00000000;
5fea : 00000000;
5feb : 00000000;
5fec : 00000000;
5fed : 00000000;
5fee : 00000000;
5fef : 00000000;
5ff0 : 00000000;
5ff1 : 00000000;
5ff2 : 00000000;
5ff3 : 00000000;
5ff4 : 00000000;
5ff5 : 00000000;
5ff6 : 00000000;
5ff7 : 00000000;
5ff8 : 00000000;
5ff9 : 00000000;
5ffa : 00000000;
5ffb : 00000000;
5ffc : 00000000;
5ffd : 00000000;
5ffe : 00000000;
5fff : 00000000;
6000 : 00000000;
6001 : 00000000;
6002 : 00000000;
6003 : 00000000;
6004 : 00000000;
6005 : 00000000;
6006 : 00000000;
6007 : 00000000;
6008 : 00000000;
6009 : 00000000;
600a : 00000000;
600b : 00000000;
600c : 00000000;
600d : 00000000;
600e : 00000000;
600f : 00000000;
6010 : 00000000;
6011 : 00000000;
6012 : 00000000;
6013 : 00000000;
6014 : 00000000;
6015 : 00000000;
6016 : 00000000;
6017 : 00000000;
6018 : 00000000;
6019 : 00000000;
601a : 00000000;
601b : 00000000;
601c : 00000000;
601d : 00000000;
601e : 00000000;
601f : 00000000;
6020 : 00000000;
6021 : 00000000;
6022 : 00000000;
6023 : 00000000;
6024 : 00000000;
6025 : 00000000;
6026 : 00000000;
6027 : 00000000;
6028 : 00000000;
6029 : 00000000;
602a : 00000000;
602b : 00000000;
602c : 00000000;
602d : 00000000;
602e : 00000000;
602f : 00000000;
6030 : 00000000;
6031 : 00000000;
6032 : 00000000;
6033 : 00000000;
6034 : 00000000;
6035 : 00000000;
6036 : 00000000;
6037 : 00000000;
6038 : 00000000;
6039 : 00000000;
603a : 00000000;
603b : 00000000;
603c : 00000000;
603d : 00000000;
603e : 00000000;
603f : 00000000;
6040 : 00000000;
6041 : 00000000;
6042 : 00000000;
6043 : 00000000;
6044 : 00000000;
6045 : 00000000;
6046 : 00000000;
6047 : 00000000;
6048 : 00000000;
6049 : 00000000;
604a : 00000000;
604b : 00000000;
604c : 00000000;
604d : 00000000;
604e : 00000000;
604f : 00000000;
6050 : 00000000;
6051 : 00000000;
6052 : 00000000;
6053 : 00000000;
6054 : 00000000;
6055 : 00000000;
6056 : 00000000;
6057 : 00000000;
6058 : 00000000;
6059 : 00000000;
605a : 00000000;
605b : 00000000;
605c : 00000000;
605d : 00000000;
605e : 00000000;
605f : 00000000;
6060 : 00000000;
6061 : 00000000;
6062 : 00000000;
6063 : 00000000;
6064 : 00000000;
6065 : 00000000;
6066 : 00000000;
6067 : 00000000;
6068 : 00000000;
6069 : 00000000;
606a : 00000000;
606b : 00000000;
606c : 00000000;
606d : 00000000;
606e : 00000000;
606f : 00000000;
6070 : 00000000;
6071 : 00000000;
6072 : 00000000;
6073 : 00000000;
6074 : 00000000;
6075 : 00000000;
6076 : 00000000;
6077 : 00000000;
6078 : 00000000;
6079 : 00000000;
607a : 00000000;
607b : 00000000;
607c : 00000000;
607d : 00000000;
607e : 00000000;
607f : 00000000;
6080 : 00000000;
6081 : 00000000;
6082 : 00000000;
6083 : 00000000;
6084 : 00000000;
6085 : 00000000;
6086 : 00000000;
6087 : 00000000;
6088 : 00000000;
6089 : 00000000;
608a : 00000000;
608b : 00000000;
608c : 00000000;
608d : 00000000;
608e : 00000000;
608f : 00000000;
6090 : 00000000;
6091 : 00000000;
6092 : 00000000;
6093 : 00000000;
6094 : 00000000;
6095 : 00000000;
6096 : 00000000;
6097 : 00000000;
6098 : 00000000;
6099 : 00000000;
609a : 00000000;
609b : 00000000;
609c : 00000000;
609d : 00000000;
609e : 00000000;
609f : 00000000;
60a0 : 00000000;
60a1 : 00000000;
60a2 : 00000000;
60a3 : 00000000;
60a4 : 00000000;
60a5 : 00000000;
60a6 : 00000000;
60a7 : 00000000;
60a8 : 00000000;
60a9 : 00000000;
60aa : 00000000;
60ab : 00000000;
60ac : 00000000;
60ad : 00000000;
60ae : 00000000;
60af : 00000000;
60b0 : 00000000;
60b1 : 00000000;
60b2 : 00000000;
60b3 : 00000000;
60b4 : 00000000;
60b5 : 00000000;
60b6 : 00000000;
60b7 : 00000000;
60b8 : 00000000;
60b9 : 00000000;
60ba : 00000000;
60bb : 00000000;
60bc : 00000000;
60bd : 00000000;
60be : 00000000;
60bf : 00000000;
60c0 : 00000000;
60c1 : 00000000;
60c2 : 00000000;
60c3 : 00000000;
60c4 : 00000000;
60c5 : 00000000;
60c6 : 00000000;
60c7 : 00000000;
60c8 : 00000000;
60c9 : 00000000;
60ca : 00000000;
60cb : 00000000;
60cc : 00000000;
60cd : 00000000;
60ce : 00000000;
60cf : 00000000;
60d0 : 00000000;
60d1 : 00000000;
60d2 : 00000000;
60d3 : 00000000;
60d4 : 00000000;
60d5 : 00000000;
60d6 : 00000000;
60d7 : 00000000;
60d8 : 00000000;
60d9 : 00000000;
60da : 00000000;
60db : 00000000;
60dc : 00000000;
60dd : 00000000;
60de : 00000000;
60df : 00000000;
60e0 : 00000000;
60e1 : 00000000;
60e2 : 00000000;
60e3 : 00000000;
60e4 : 00000000;
60e5 : 00000000;
60e6 : 00000000;
60e7 : 00000000;
60e8 : 00000000;
60e9 : 00000000;
60ea : 00000000;
60eb : 00000000;
60ec : 00000000;
60ed : 00000000;
60ee : 00000000;
60ef : 00000000;
60f0 : 00000000;
60f1 : 00000000;
60f2 : 00000000;
60f3 : 00000000;
60f4 : 00000000;
60f5 : 00000000;
60f6 : 00000000;
60f7 : 00000000;
60f8 : 00000000;
60f9 : 00000000;
60fa : 00000000;
60fb : 00000000;
60fc : 00000000;
60fd : 00000000;
60fe : 00000000;
60ff : 00000000;
6100 : 00000000;
6101 : 00000000;
6102 : 00000000;
6103 : 00000000;
6104 : 00000000;
6105 : 00000000;
6106 : 00000000;
6107 : 00000000;
6108 : 00000000;
6109 : 00000000;
610a : 00000000;
610b : 00000000;
610c : 00000000;
610d : 00000000;
610e : 00000000;
610f : 00000000;
6110 : 00000000;
6111 : 00000000;
6112 : 00000000;
6113 : 00000000;
6114 : 00000000;
6115 : 00000000;
6116 : 00000000;
6117 : 00000000;
6118 : 00000000;
6119 : 00000000;
611a : 00000000;
611b : 00000000;
611c : 00000000;
611d : 00000000;
611e : 00000000;
611f : 00000000;
6120 : 00000000;
6121 : 00000000;
6122 : 00000000;
6123 : 00000000;
6124 : 00000000;
6125 : 00000000;
6126 : 00000000;
6127 : 00000000;
6128 : 00000000;
6129 : 00000000;
612a : 00000000;
612b : 00000000;
612c : 00000000;
612d : 00000000;
612e : 00000000;
612f : 00000000;
6130 : 00000000;
6131 : 00000000;
6132 : 00000000;
6133 : 00000000;
6134 : 00000000;
6135 : 00000000;
6136 : 00000000;
6137 : 00000000;
6138 : 00000000;
6139 : 00000000;
613a : 00000000;
613b : 00000000;
613c : 00000000;
613d : 00000000;
613e : 00000000;
613f : 00000000;
6140 : 00000000;
6141 : 00000000;
6142 : 00000000;
6143 : 00000000;
6144 : 00000000;
6145 : 00000000;
6146 : 00000000;
6147 : 00000000;
6148 : 00000000;
6149 : 00000000;
614a : 00000000;
614b : 00000000;
614c : 00000000;
614d : 00000000;
614e : 00000000;
614f : 00000000;
6150 : 00000000;
6151 : 00000000;
6152 : 00000000;
6153 : 00000000;
6154 : 00000000;
6155 : 00000000;
6156 : 00000000;
6157 : 00000000;
6158 : 00000000;
6159 : 00000000;
615a : 00000000;
615b : 00000000;
615c : 00000000;
615d : 00000000;
615e : 00000000;
615f : 00000000;
6160 : 00000000;
6161 : 00000000;
6162 : 00000000;
6163 : 00000000;
6164 : 00000000;
6165 : 00000000;
6166 : 00000000;
6167 : 00000000;
6168 : 00000000;
6169 : 00000000;
616a : 00000000;
616b : 00000000;
616c : 00000000;
616d : 00000000;
616e : 00000000;
616f : 00000000;
6170 : 00000000;
6171 : 00000000;
6172 : 00000000;
6173 : 00000000;
6174 : 00000000;
6175 : 00000000;
6176 : 00000000;
6177 : 00000000;
6178 : 00000000;
6179 : 00000000;
617a : 00000000;
617b : 00000000;
617c : 00000000;
617d : 00000000;
617e : 00000000;
617f : 00000000;
6180 : 00000000;
6181 : 00000000;
6182 : 00000000;
6183 : 00000000;
6184 : 00000000;
6185 : 00000000;
6186 : 00000000;
6187 : 00000000;
6188 : 00000000;
6189 : 00000000;
618a : 00000000;
618b : 00000000;
618c : 00000000;
618d : 00000000;
618e : 00000000;
618f : 00000000;
6190 : 00000000;
6191 : 00000000;
6192 : 00000000;
6193 : 00000000;
6194 : 00000000;
6195 : 00000000;
6196 : 00000000;
6197 : 00000000;
6198 : 00000000;
6199 : 00000000;
619a : 00000000;
619b : 00000000;
619c : 00000000;
619d : 00000000;
619e : 00000000;
619f : 00000000;
61a0 : 00000000;
61a1 : 00000000;
61a2 : 00000000;
61a3 : 00000000;
61a4 : 00000000;
61a5 : 00000000;
61a6 : 00000000;
61a7 : 00000000;
61a8 : 00000000;
61a9 : 00000000;
61aa : 00000000;
61ab : 00000000;
61ac : 00000000;
61ad : 00000000;
61ae : 00000000;
61af : 00000000;
61b0 : 00000000;
61b1 : 00000000;
61b2 : 00000000;
61b3 : 00000000;
61b4 : 00000000;
61b5 : 00000000;
61b6 : 00000000;
61b7 : 00000000;
61b8 : 00000000;
61b9 : 00000000;
61ba : 00000000;
61bb : 00000000;
61bc : 00000000;
61bd : 00000000;
61be : 00000000;
61bf : 00000000;
61c0 : 00000000;
61c1 : 00000000;
61c2 : 00000000;
61c3 : 00000000;
61c4 : 00000000;
61c5 : 00000000;
61c6 : 00000000;
61c7 : 00000000;
61c8 : 00000000;
61c9 : 00000000;
61ca : 00000000;
61cb : 00000000;
61cc : 00000000;
61cd : 00000000;
61ce : 00000000;
61cf : 00000000;
61d0 : 00000000;
61d1 : 00000000;
61d2 : 00000000;
61d3 : 00000000;
61d4 : 00000000;
61d5 : 00000000;
61d6 : 00000000;
61d7 : 00000000;
61d8 : 00000000;
61d9 : 00000000;
61da : 00000000;
61db : 00000000;
61dc : 00000000;
61dd : 00000000;
61de : 00000000;
61df : 00000000;
61e0 : 00000000;
61e1 : 00000000;
61e2 : 00000000;
61e3 : 00000000;
61e4 : 00000000;
61e5 : 00000000;
61e6 : 00000000;
61e7 : 00000000;
61e8 : 00000000;
61e9 : 00000000;
61ea : 00000000;
61eb : 00000000;
61ec : 00000000;
61ed : 00000000;
61ee : 00000000;
61ef : 00000000;
61f0 : 00000000;
61f1 : 00000000;
61f2 : 00000000;
61f3 : 00000000;
61f4 : 00000000;
61f5 : 00000000;
61f6 : 00000000;
61f7 : 00000000;
61f8 : 00000000;
61f9 : 00000000;
61fa : 00000000;
61fb : 00000000;
61fc : 00000000;
61fd : 00000000;
61fe : 00000000;
61ff : 00000000;
6200 : 00000000;
6201 : 00000000;
6202 : 00000000;
6203 : 00000000;
6204 : 00000000;
6205 : 00000000;
6206 : 00000000;
6207 : 00000000;
6208 : 00000000;
6209 : 00000000;
620a : 00000000;
620b : 00000000;
620c : 00000000;
620d : 00000000;
620e : 00000000;
620f : 00000000;
6210 : 00000000;
6211 : 00000000;
6212 : 00000000;
6213 : 00000000;
6214 : 00000000;
6215 : 00000000;
6216 : 00000000;
6217 : 00000000;
6218 : 00000000;
6219 : 00000000;
621a : 00000000;
621b : 00000000;
621c : 00000000;
621d : 00000000;
621e : 00000000;
621f : 00000000;
6220 : 00000000;
6221 : 00000000;
6222 : 00000000;
6223 : 00000000;
6224 : 00000000;
6225 : 00000000;
6226 : 00000000;
6227 : 00000000;
6228 : 00000000;
6229 : 00000000;
622a : 00000000;
622b : 00000000;
622c : 00000000;
622d : 00000000;
622e : 00000000;
622f : 00000000;
6230 : 00000000;
6231 : 00000000;
6232 : 00000000;
6233 : 00000000;
6234 : 00000000;
6235 : 00000000;
6236 : 00000000;
6237 : 00000000;
6238 : 00000000;
6239 : 00000000;
623a : 00000000;
623b : 00000000;
623c : 00000000;
623d : 00000000;
623e : 00000000;
623f : 00000000;
6240 : 00000000;
6241 : 00000000;
6242 : 00000000;
6243 : 00000000;
6244 : 00000000;
6245 : 00000000;
6246 : 00000000;
6247 : 00000000;
6248 : 00000000;
6249 : 00000000;
624a : 00000000;
624b : 00000000;
624c : 00000000;
624d : 00000000;
624e : 00000000;
624f : 00000000;
6250 : 00000000;
6251 : 00000000;
6252 : 00000000;
6253 : 00000000;
6254 : 00000000;
6255 : 00000000;
6256 : 00000000;
6257 : 00000000;
6258 : 00000000;
6259 : 00000000;
625a : 00000000;
625b : 00000000;
625c : 00000000;
625d : 00000000;
625e : 00000000;
625f : 00000000;
6260 : 00000000;
6261 : 00000000;
6262 : 00000000;
6263 : 00000000;
6264 : 00000000;
6265 : 00000000;
6266 : 00000000;
6267 : 00000000;
6268 : 00000000;
6269 : 00000000;
626a : 00000000;
626b : 00000000;
626c : 00000000;
626d : 00000000;
626e : 00000000;
626f : 00000000;
6270 : 00000000;
6271 : 00000000;
6272 : 00000000;
6273 : 00000000;
6274 : 00000000;
6275 : 00000000;
6276 : 00000000;
6277 : 00000000;
6278 : 00000000;
6279 : 00000000;
627a : 00000000;
627b : 00000000;
627c : 00000000;
627d : 00000000;
627e : 00000000;
627f : 00000000;
6280 : 00000000;
6281 : 00000000;
6282 : 00000000;
6283 : 00000000;
6284 : 00000000;
6285 : 00000000;
6286 : 00000000;
6287 : 00000000;
6288 : 00000000;
6289 : 00000000;
628a : 00000000;
628b : 00000000;
628c : 00000000;
628d : 00000000;
628e : 00000000;
628f : 00000000;
6290 : 00000000;
6291 : 00000000;
6292 : 00000000;
6293 : 00000000;
6294 : 00000000;
6295 : 00000000;
6296 : 00000000;
6297 : 00000000;
6298 : 00000000;
6299 : 00000000;
629a : 00000000;
629b : 00000000;
629c : 00000000;
629d : 00000000;
629e : 00000000;
629f : 00000000;
62a0 : 00000000;
62a1 : 00000000;
62a2 : 00000000;
62a3 : 00000000;
62a4 : 00000000;
62a5 : 00000000;
62a6 : 00000000;
62a7 : 00000000;
62a8 : 00000000;
62a9 : 00000000;
62aa : 00000000;
62ab : 00000000;
62ac : 00000000;
62ad : 00000000;
62ae : 00000000;
62af : 00000000;
62b0 : 00000000;
62b1 : 00000000;
62b2 : 00000000;
62b3 : 00000000;
62b4 : 00000000;
62b5 : 00000000;
62b6 : 00000000;
62b7 : 00000000;
62b8 : 00000000;
62b9 : 00000000;
62ba : 00000000;
62bb : 00000000;
62bc : 00000000;
62bd : 00000000;
62be : 00000000;
62bf : 00000000;
62c0 : 00000000;
62c1 : 00000000;
62c2 : 00000000;
62c3 : 00000000;
62c4 : 00000000;
62c5 : 00000000;
62c6 : 00000000;
62c7 : 00000000;
62c8 : 00000000;
62c9 : 00000000;
62ca : 00000000;
62cb : 00000000;
62cc : 00000000;
62cd : 00000000;
62ce : 00000000;
62cf : 00000000;
62d0 : 00000000;
62d1 : 00000000;
62d2 : 00000000;
62d3 : 00000000;
62d4 : 00000000;
62d5 : 00000000;
62d6 : 00000000;
62d7 : 00000000;
62d8 : 00000000;
62d9 : 00000000;
62da : 00000000;
62db : 00000000;
62dc : 00000000;
62dd : 00000000;
62de : 00000000;
62df : 00000000;
62e0 : 00000000;
62e1 : 00000000;
62e2 : 00000000;
62e3 : 00000000;
62e4 : 00000000;
62e5 : 00000000;
62e6 : 00000000;
62e7 : 00000000;
62e8 : 00000000;
62e9 : 00000000;
62ea : 00000000;
62eb : 00000000;
62ec : 00000000;
62ed : 00000000;
62ee : 00000000;
62ef : 00000000;
62f0 : 00000000;
62f1 : 00000000;
62f2 : 00000000;
62f3 : 00000000;
62f4 : 00000000;
62f5 : 00000000;
62f6 : 00000000;
62f7 : 00000000;
62f8 : 00000000;
62f9 : 00000000;
62fa : 00000000;
62fb : 00000000;
62fc : 00000000;
62fd : 00000000;
62fe : 00000000;
62ff : 00000000;
6300 : 00000000;
6301 : 00000000;
6302 : 00000000;
6303 : 00000000;
6304 : 00000000;
6305 : 00000000;
6306 : 00000000;
6307 : 00000000;
6308 : 00000000;
6309 : 00000000;
630a : 00000000;
630b : 00000000;
630c : 00000000;
630d : 00000000;
630e : 00000000;
630f : 00000000;
6310 : 00000000;
6311 : 00000000;
6312 : 00000000;
6313 : 00000000;
6314 : 00000000;
6315 : 00000000;
6316 : 00000000;
6317 : 00000000;
6318 : 00000000;
6319 : 00000000;
631a : 00000000;
631b : 00000000;
631c : 00000000;
631d : 00000000;
631e : 00000000;
631f : 00000000;
6320 : 00000000;
6321 : 00000000;
6322 : 00000000;
6323 : 00000000;
6324 : 00000000;
6325 : 00000000;
6326 : 00000000;
6327 : 00000000;
6328 : 00000000;
6329 : 00000000;
632a : 00000000;
632b : 00000000;
632c : 00000000;
632d : 00000000;
632e : 00000000;
632f : 00000000;
6330 : 00000000;
6331 : 00000000;
6332 : 00000000;
6333 : 00000000;
6334 : 00000000;
6335 : 00000000;
6336 : 00000000;
6337 : 00000000;
6338 : 00000000;
6339 : 00000000;
633a : 00000000;
633b : 00000000;
633c : 00000000;
633d : 00000000;
633e : 00000000;
633f : 00000000;
6340 : 00000000;
6341 : 00000000;
6342 : 00000000;
6343 : 00000000;
6344 : 00000000;
6345 : 00000000;
6346 : 00000000;
6347 : 00000000;
6348 : 00000000;
6349 : 00000000;
634a : 00000000;
634b : 00000000;
634c : 00000000;
634d : 00000000;
634e : 00000000;
634f : 00000000;
6350 : 00000000;
6351 : 00000000;
6352 : 00000000;
6353 : 00000000;
6354 : 00000000;
6355 : 00000000;
6356 : 00000000;
6357 : 00000000;
6358 : 00000000;
6359 : 00000000;
635a : 00000000;
635b : 00000000;
635c : 00000000;
635d : 00000000;
635e : 00000000;
635f : 00000000;
6360 : 00000000;
6361 : 00000000;
6362 : 00000000;
6363 : 00000000;
6364 : 00000000;
6365 : 00000000;
6366 : 00000000;
6367 : 00000000;
6368 : 00000000;
6369 : 00000000;
636a : 00000000;
636b : 00000000;
636c : 00000000;
636d : 00000000;
636e : 00000000;
636f : 00000000;
6370 : 00000000;
6371 : 00000000;
6372 : 00000000;
6373 : 00000000;
6374 : 00000000;
6375 : 00000000;
6376 : 00000000;
6377 : 00000000;
6378 : 00000000;
6379 : 00000000;
637a : 00000000;
637b : 00000000;
637c : 00000000;
637d : 00000000;
637e : 00000000;
637f : 00000000;
6380 : 00000000;
6381 : 00000000;
6382 : 00000000;
6383 : 00000000;
6384 : 00000000;
6385 : 00000000;
6386 : 00000000;
6387 : 00000000;
6388 : 00000000;
6389 : 00000000;
638a : 00000000;
638b : 00000000;
638c : 00000000;
638d : 00000000;
638e : 00000000;
638f : 00000000;
6390 : 00000000;
6391 : 00000000;
6392 : 00000000;
6393 : 00000000;
6394 : 00000000;
6395 : 00000000;
6396 : 00000000;
6397 : 00000000;
6398 : 00000000;
6399 : 00000000;
639a : 00000000;
639b : 00000000;
639c : 00000000;
639d : 00000000;
639e : 00000000;
639f : 00000000;
63a0 : 00000000;
63a1 : 00000000;
63a2 : 00000000;
63a3 : 00000000;
63a4 : 00000000;
63a5 : 00000000;
63a6 : 00000000;
63a7 : 00000000;
63a8 : 00000000;
63a9 : 00000000;
63aa : 00000000;
63ab : 00000000;
63ac : 00000000;
63ad : 00000000;
63ae : 00000000;
63af : 00000000;
63b0 : 00000000;
63b1 : 00000000;
63b2 : 00000000;
63b3 : 00000000;
63b4 : 00000000;
63b5 : 00000000;
63b6 : 00000000;
63b7 : 00000000;
63b8 : 00000000;
63b9 : 00000000;
63ba : 00000000;
63bb : 00000000;
63bc : 00000000;
63bd : 00000000;
63be : 00000000;
63bf : 00000000;
63c0 : 00000000;
63c1 : 00000000;
63c2 : 00000000;
63c3 : 00000000;
63c4 : 00000000;
63c5 : 00000000;
63c6 : 00000000;
63c7 : 00000000;
63c8 : 00000000;
63c9 : 00000000;
63ca : 00000000;
63cb : 00000000;
63cc : 00000000;
63cd : 00000000;
63ce : 00000000;
63cf : 00000000;
63d0 : 00000000;
63d1 : 00000000;
63d2 : 00000000;
63d3 : 00000000;
63d4 : 00000000;
63d5 : 00000000;
63d6 : 00000000;
63d7 : 00000000;
63d8 : 00000000;
63d9 : 00000000;
63da : 00000000;
63db : 00000000;
63dc : 00000000;
63dd : 00000000;
63de : 00000000;
63df : 00000000;
63e0 : 00000000;
63e1 : 00000000;
63e2 : 00000000;
63e3 : 00000000;
63e4 : 00000000;
63e5 : 00000000;
63e6 : 00000000;
63e7 : 00000000;
63e8 : 00000000;
63e9 : 00000000;
63ea : 00000000;
63eb : 00000000;
63ec : 00000000;
63ed : 00000000;
63ee : 00000000;
63ef : 00000000;
63f0 : 00000000;
63f1 : 00000000;
63f2 : 00000000;
63f3 : 00000000;
63f4 : 00000000;
63f5 : 00000000;
63f6 : 00000000;
63f7 : 00000000;
63f8 : 00000000;
63f9 : 00000000;
63fa : 00000000;
63fb : 00000000;
63fc : 00000000;
63fd : 00000000;
63fe : 00000000;
63ff : 00000000;
6400 : 00000000;
6401 : 00000000;
6402 : 00000000;
6403 : 00000000;
6404 : 00000000;
6405 : 00000000;
6406 : 00000000;
6407 : 00000000;
6408 : 00000000;
6409 : 00000000;
640a : 00000000;
640b : 00000000;
640c : 00000000;
640d : 00000000;
640e : 00000000;
640f : 00000000;
6410 : 00000000;
6411 : 00000000;
6412 : 00000000;
6413 : 00000000;
6414 : 00000000;
6415 : 00000000;
6416 : 00000000;
6417 : 00000000;
6418 : 00000000;
6419 : 00000000;
641a : 00000000;
641b : 00000000;
641c : 00000000;
641d : 00000000;
641e : 00000000;
641f : 00000000;
6420 : 00000000;
6421 : 00000000;
6422 : 00000000;
6423 : 00000000;
6424 : 00000000;
6425 : 00000000;
6426 : 00000000;
6427 : 00000000;
6428 : 00000000;
6429 : 00000000;
642a : 00000000;
642b : 00000000;
642c : 00000000;
642d : 00000000;
642e : 00000000;
642f : 00000000;
6430 : 00000000;
6431 : 00000000;
6432 : 00000000;
6433 : 00000000;
6434 : 00000000;
6435 : 00000000;
6436 : 00000000;
6437 : 00000000;
6438 : 00000000;
6439 : 00000000;
643a : 00000000;
643b : 00000000;
643c : 00000000;
643d : 00000000;
643e : 00000000;
643f : 00000000;
6440 : 00000000;
6441 : 00000000;
6442 : 00000000;
6443 : 00000000;
6444 : 00000000;
6445 : 00000000;
6446 : 00000000;
6447 : 00000000;
6448 : 00000000;
6449 : 00000000;
644a : 00000000;
644b : 00000000;
644c : 00000000;
644d : 00000000;
644e : 00000000;
644f : 00000000;
6450 : 00000000;
6451 : 00000000;
6452 : 00000000;
6453 : 00000000;
6454 : 00000000;
6455 : 00000000;
6456 : 00000000;
6457 : 00000000;
6458 : 00000000;
6459 : 00000000;
645a : 00000000;
645b : 00000000;
645c : 00000000;
645d : 00000000;
645e : 00000000;
645f : 00000000;
6460 : 00000000;
6461 : 00000000;
6462 : 00000000;
6463 : 00000000;
6464 : 00000000;
6465 : 00000000;
6466 : 00000000;
6467 : 00000000;
6468 : 00000000;
6469 : 00000000;
646a : 00000000;
646b : 00000000;
646c : 00000000;
646d : 00000000;
646e : 00000000;
646f : 00000000;
6470 : 00000000;
6471 : 00000000;
6472 : 00000000;
6473 : 00000000;
6474 : 00000000;
6475 : 00000000;
6476 : 00000000;
6477 : 00000000;
6478 : 00000000;
6479 : 00000000;
647a : 00000000;
647b : 00000000;
647c : 00000000;
647d : 00000000;
647e : 00000000;
647f : 00000000;
6480 : 00000000;
6481 : 00000000;
6482 : 00000000;
6483 : 00000000;
6484 : 00000000;
6485 : 00000000;
6486 : 00000000;
6487 : 00000000;
6488 : 00000000;
6489 : 00000000;
648a : 00000000;
648b : 00000000;
648c : 00000000;
648d : 00000000;
648e : 00000000;
648f : 00000000;
6490 : 00000000;
6491 : 00000000;
6492 : 00000000;
6493 : 00000000;
6494 : 00000000;
6495 : 00000000;
6496 : 00000000;
6497 : 00000000;
6498 : 00000000;
6499 : 00000000;
649a : 00000000;
649b : 00000000;
649c : 00000000;
649d : 00000000;
649e : 00000000;
649f : 00000000;
64a0 : 00000000;
64a1 : 00000000;
64a2 : 00000000;
64a3 : 00000000;
64a4 : 00000000;
64a5 : 00000000;
64a6 : 00000000;
64a7 : 00000000;
64a8 : 00000000;
64a9 : 00000000;
64aa : 00000000;
64ab : 00000000;
64ac : 00000000;
64ad : 00000000;
64ae : 00000000;
64af : 00000000;
64b0 : 00000000;
64b1 : 00000000;
64b2 : 00000000;
64b3 : 00000000;
64b4 : 00000000;
64b5 : 00000000;
64b6 : 00000000;
64b7 : 00000000;
64b8 : 00000000;
64b9 : 00000000;
64ba : 00000000;
64bb : 00000000;
64bc : 00000000;
64bd : 00000000;
64be : 00000000;
64bf : 00000000;
64c0 : 00000000;
64c1 : 00000000;
64c2 : 00000000;
64c3 : 00000000;
64c4 : 00000000;
64c5 : 00000000;
64c6 : 00000000;
64c7 : 00000000;
64c8 : 00000000;
64c9 : 00000000;
64ca : 00000000;
64cb : 00000000;
64cc : 00000000;
64cd : 00000000;
64ce : 00000000;
64cf : 00000000;
64d0 : 00000000;
64d1 : 00000000;
64d2 : 00000000;
64d3 : 00000000;
64d4 : 00000000;
64d5 : 00000000;
64d6 : 00000000;
64d7 : 00000000;
64d8 : 00000000;
64d9 : 00000000;
64da : 00000000;
64db : 00000000;
64dc : 00000000;
64dd : 00000000;
64de : 00000000;
64df : 00000000;
64e0 : 00000000;
64e1 : 00000000;
64e2 : 00000000;
64e3 : 00000000;
64e4 : 00000000;
64e5 : 00000000;
64e6 : 00000000;
64e7 : 00000000;
64e8 : 00000000;
64e9 : 00000000;
64ea : 00000000;
64eb : 00000000;
64ec : 00000000;
64ed : 00000000;
64ee : 00000000;
64ef : 00000000;
64f0 : 00000000;
64f1 : 00000000;
64f2 : 00000000;
64f3 : 00000000;
64f4 : 00000000;
64f5 : 00000000;
64f6 : 00000000;
64f7 : 00000000;
64f8 : 00000000;
64f9 : 00000000;
64fa : 00000000;
64fb : 00000000;
64fc : 00000000;
64fd : 00000000;
64fe : 00000000;
64ff : 00000000;
6500 : 00000000;
6501 : 00000000;
6502 : 00000000;
6503 : 00000000;
6504 : 00000000;
6505 : 00000000;
6506 : 00000000;
6507 : 00000000;
6508 : 00000000;
6509 : 00000000;
650a : 00000000;
650b : 00000000;
650c : 00000000;
650d : 00000000;
650e : 00000000;
650f : 00000000;
6510 : 00000000;
6511 : 00000000;
6512 : 00000000;
6513 : 00000000;
6514 : 00000000;
6515 : 00000000;
6516 : 00000000;
6517 : 00000000;
6518 : 00000000;
6519 : 00000000;
651a : 00000000;
651b : 00000000;
651c : 00000000;
651d : 00000000;
651e : 00000000;
651f : 00000000;
6520 : 00000000;
6521 : 00000000;
6522 : 00000000;
6523 : 00000000;
6524 : 00000000;
6525 : 00000000;
6526 : 00000000;
6527 : 00000000;
6528 : 00000000;
6529 : 00000000;
652a : 00000000;
652b : 00000000;
652c : 00000000;
652d : 00000000;
652e : 00000000;
652f : 00000000;
6530 : 00000000;
6531 : 00000000;
6532 : 00000000;
6533 : 00000000;
6534 : 00000000;
6535 : 00000000;
6536 : 00000000;
6537 : 00000000;
6538 : 00000000;
6539 : 00000000;
653a : 00000000;
653b : 00000000;
653c : 00000000;
653d : 00000000;
653e : 00000000;
653f : 00000000;
6540 : 00000000;
6541 : 00000000;
6542 : 00000000;
6543 : 00000000;
6544 : 00000000;
6545 : 00000000;
6546 : 00000000;
6547 : 00000000;
6548 : 00000000;
6549 : 00000000;
654a : 00000000;
654b : 00000000;
654c : 00000000;
654d : 00000000;
654e : 00000000;
654f : 00000000;
6550 : 00000000;
6551 : 00000000;
6552 : 00000000;
6553 : 00000000;
6554 : 00000000;
6555 : 00000000;
6556 : 00000000;
6557 : 00000000;
6558 : 00000000;
6559 : 00000000;
655a : 00000000;
655b : 00000000;
655c : 00000000;
655d : 00000000;
655e : 00000000;
655f : 00000000;
6560 : 00000000;
6561 : 00000000;
6562 : 00000000;
6563 : 00000000;
6564 : 00000000;
6565 : 00000000;
6566 : 00000000;
6567 : 00000000;
6568 : 00000000;
6569 : 00000000;
656a : 00000000;
656b : 00000000;
656c : 00000000;
656d : 00000000;
656e : 00000000;
656f : 00000000;
6570 : 00000000;
6571 : 00000000;
6572 : 00000000;
6573 : 00000000;
6574 : 00000000;
6575 : 00000000;
6576 : 00000000;
6577 : 00000000;
6578 : 00000000;
6579 : 00000000;
657a : 00000000;
657b : 00000000;
657c : 00000000;
657d : 00000000;
657e : 00000000;
657f : 00000000;
6580 : 00000000;
6581 : 00000000;
6582 : 00000000;
6583 : 00000000;
6584 : 00000000;
6585 : 00000000;
6586 : 00000000;
6587 : 00000000;
6588 : 00000000;
6589 : 00000000;
658a : 00000000;
658b : 00000000;
658c : 00000000;
658d : 00000000;
658e : 00000000;
658f : 00000000;
6590 : 00000000;
6591 : 00000000;
6592 : 00000000;
6593 : 00000000;
6594 : 00000000;
6595 : 00000000;
6596 : 00000000;
6597 : 00000000;
6598 : 00000000;
6599 : 00000000;
659a : 00000000;
659b : 00000000;
659c : 00000000;
659d : 00000000;
659e : 00000000;
659f : 00000000;
65a0 : 00000000;
65a1 : 00000000;
65a2 : 00000000;
65a3 : 00000000;
65a4 : 00000000;
65a5 : 00000000;
65a6 : 00000000;
65a7 : 00000000;
65a8 : 00000000;
65a9 : 00000000;
65aa : 00000000;
65ab : 00000000;
65ac : 00000000;
65ad : 00000000;
65ae : 00000000;
65af : 00000000;
65b0 : 00000000;
65b1 : 00000000;
65b2 : 00000000;
65b3 : 00000000;
65b4 : 00000000;
65b5 : 00000000;
65b6 : 00000000;
65b7 : 00000000;
65b8 : 00000000;
65b9 : 00000000;
65ba : 00000000;
65bb : 00000000;
65bc : 00000000;
65bd : 00000000;
65be : 00000000;
65bf : 00000000;
65c0 : 00000000;
65c1 : 00000000;
65c2 : 00000000;
65c3 : 00000000;
65c4 : 00000000;
65c5 : 00000000;
65c6 : 00000000;
65c7 : 00000000;
65c8 : 00000000;
65c9 : 00000000;
65ca : 00000000;
65cb : 00000000;
65cc : 00000000;
65cd : 00000000;
65ce : 00000000;
65cf : 00000000;
65d0 : 00000000;
65d1 : 00000000;
65d2 : 00000000;
65d3 : 00000000;
65d4 : 00000000;
65d5 : 00000000;
65d6 : 00000000;
65d7 : 00000000;
65d8 : 00000000;
65d9 : 00000000;
65da : 00000000;
65db : 00000000;
65dc : 00000000;
65dd : 00000000;
65de : 00000000;
65df : 00000000;
65e0 : 00000000;
65e1 : 00000000;
65e2 : 00000000;
65e3 : 00000000;
65e4 : 00000000;
65e5 : 00000000;
65e6 : 00000000;
65e7 : 00000000;
65e8 : 00000000;
65e9 : 00000000;
65ea : 00000000;
65eb : 00000000;
65ec : 00000000;
65ed : 00000000;
65ee : 00000000;
65ef : 00000000;
65f0 : 00000000;
65f1 : 00000000;
65f2 : 00000000;
65f3 : 00000000;
65f4 : 00000000;
65f5 : 00000000;
65f6 : 00000000;
65f7 : 00000000;
65f8 : 00000000;
65f9 : 00000000;
65fa : 00000000;
65fb : 00000000;
65fc : 00000000;
65fd : 00000000;
65fe : 00000000;
65ff : 00000000;
6600 : 00000000;
6601 : 00000000;
6602 : 00000000;
6603 : 00000000;
6604 : 00000000;
6605 : 00000000;
6606 : 00000000;
6607 : 00000000;
6608 : 00000000;
6609 : 00000000;
660a : 00000000;
660b : 00000000;
660c : 00000000;
660d : 00000000;
660e : 00000000;
660f : 00000000;
6610 : 00000000;
6611 : 00000000;
6612 : 00000000;
6613 : 00000000;
6614 : 00000000;
6615 : 00000000;
6616 : 00000000;
6617 : 00000000;
6618 : 00000000;
6619 : 00000000;
661a : 00000000;
661b : 00000000;
661c : 00000000;
661d : 00000000;
661e : 00000000;
661f : 00000000;
6620 : 00000000;
6621 : 00000000;
6622 : 00000000;
6623 : 00000000;
6624 : 00000000;
6625 : 00000000;
6626 : 00000000;
6627 : 00000000;
6628 : 00000000;
6629 : 00000000;
662a : 00000000;
662b : 00000000;
662c : 00000000;
662d : 00000000;
662e : 00000000;
662f : 00000000;
6630 : 00000000;
6631 : 00000000;
6632 : 00000000;
6633 : 00000000;
6634 : 00000000;
6635 : 00000000;
6636 : 00000000;
6637 : 00000000;
6638 : 00000000;
6639 : 00000000;
663a : 00000000;
663b : 00000000;
663c : 00000000;
663d : 00000000;
663e : 00000000;
663f : 00000000;
6640 : 00000000;
6641 : 00000000;
6642 : 00000000;
6643 : 00000000;
6644 : 00000000;
6645 : 00000000;
6646 : 00000000;
6647 : 00000000;
6648 : 00000000;
6649 : 00000000;
664a : 00000000;
664b : 00000000;
664c : 00000000;
664d : 00000000;
664e : 00000000;
664f : 00000000;
6650 : 00000000;
6651 : 00000000;
6652 : 00000000;
6653 : 00000000;
6654 : 00000000;
6655 : 00000000;
6656 : 00000000;
6657 : 00000000;
6658 : 00000000;
6659 : 00000000;
665a : 00000000;
665b : 00000000;
665c : 00000000;
665d : 00000000;
665e : 00000000;
665f : 00000000;
6660 : 00000000;
6661 : 00000000;
6662 : 00000000;
6663 : 00000000;
6664 : 00000000;
6665 : 00000000;
6666 : 00000000;
6667 : 00000000;
6668 : 00000000;
6669 : 00000000;
666a : 00000000;
666b : 00000000;
666c : 00000000;
666d : 00000000;
666e : 00000000;
666f : 00000000;
6670 : 00000000;
6671 : 00000000;
6672 : 00000000;
6673 : 00000000;
6674 : 00000000;
6675 : 00000000;
6676 : 00000000;
6677 : 00000000;
6678 : 00000000;
6679 : 00000000;
667a : 00000000;
667b : 00000000;
667c : 00000000;
667d : 00000000;
667e : 00000000;
667f : 00000000;
6680 : 00000000;
6681 : 00000000;
6682 : 00000000;
6683 : 00000000;
6684 : 00000000;
6685 : 00000000;
6686 : 00000000;
6687 : 00000000;
6688 : 00000000;
6689 : 00000000;
668a : 00000000;
668b : 00000000;
668c : 00000000;
668d : 00000000;
668e : 00000000;
668f : 00000000;
6690 : 00000000;
6691 : 00000000;
6692 : 00000000;
6693 : 00000000;
6694 : 00000000;
6695 : 00000000;
6696 : 00000000;
6697 : 00000000;
6698 : 00000000;
6699 : 00000000;
669a : 00000000;
669b : 00000000;
669c : 00000000;
669d : 00000000;
669e : 00000000;
669f : 00000000;
66a0 : 00000000;
66a1 : 00000000;
66a2 : 00000000;
66a3 : 00000000;
66a4 : 00000000;
66a5 : 00000000;
66a6 : 00000000;
66a7 : 00000000;
66a8 : 00000000;
66a9 : 00000000;
66aa : 00000000;
66ab : 00000000;
66ac : 00000000;
66ad : 00000000;
66ae : 00000000;
66af : 00000000;
66b0 : 00000000;
66b1 : 00000000;
66b2 : 00000000;
66b3 : 00000000;
66b4 : 00000000;
66b5 : 00000000;
66b6 : 00000000;
66b7 : 00000000;
66b8 : 00000000;
66b9 : 00000000;
66ba : 00000000;
66bb : 00000000;
66bc : 00000000;
66bd : 00000000;
66be : 00000000;
66bf : 00000000;
66c0 : 00000000;
66c1 : 00000000;
66c2 : 00000000;
66c3 : 00000000;
66c4 : 00000000;
66c5 : 00000000;
66c6 : 00000000;
66c7 : 00000000;
66c8 : 00000000;
66c9 : 00000000;
66ca : 00000000;
66cb : 00000000;
66cc : 00000000;
66cd : 00000000;
66ce : 00000000;
66cf : 00000000;
66d0 : 00000000;
66d1 : 00000000;
66d2 : 00000000;
66d3 : 00000000;
66d4 : 00000000;
66d5 : 00000000;
66d6 : 00000000;
66d7 : 00000000;
66d8 : 00000000;
66d9 : 00000000;
66da : 00000000;
66db : 00000000;
66dc : 00000000;
66dd : 00000000;
66de : 00000000;
66df : 00000000;
66e0 : 00000000;
66e1 : 00000000;
66e2 : 00000000;
66e3 : 00000000;
66e4 : 00000000;
66e5 : 00000000;
66e6 : 00000000;
66e7 : 00000000;
66e8 : 00000000;
66e9 : 00000000;
66ea : 00000000;
66eb : 00000000;
66ec : 00000000;
66ed : 00000000;
66ee : 00000000;
66ef : 00000000;
66f0 : 00000000;
66f1 : 00000000;
66f2 : 00000000;
66f3 : 00000000;
66f4 : 00000000;
66f5 : 00000000;
66f6 : 00000000;
66f7 : 00000000;
66f8 : 00000000;
66f9 : 00000000;
66fa : 00000000;
66fb : 00000000;
66fc : 00000000;
66fd : 00000000;
66fe : 00000000;
66ff : 00000000;
6700 : 00000000;
6701 : 00000000;
6702 : 00000000;
6703 : 00000000;
6704 : 00000000;
6705 : 00000000;
6706 : 00000000;
6707 : 00000000;
6708 : 00000000;
6709 : 00000000;
670a : 00000000;
670b : 00000000;
670c : 00000000;
670d : 00000000;
670e : 00000000;
670f : 00000000;
6710 : 00000000;
6711 : 00000000;
6712 : 00000000;
6713 : 00000000;
6714 : 00000000;
6715 : 00000000;
6716 : 00000000;
6717 : 00000000;
6718 : 00000000;
6719 : 00000000;
671a : 00000000;
671b : 00000000;
671c : 00000000;
671d : 00000000;
671e : 00000000;
671f : 00000000;
6720 : 00000000;
6721 : 00000000;
6722 : 00000000;
6723 : 00000000;
6724 : 00000000;
6725 : 00000000;
6726 : 00000000;
6727 : 00000000;
6728 : 00000000;
6729 : 00000000;
672a : 00000000;
672b : 00000000;
672c : 00000000;
672d : 00000000;
672e : 00000000;
672f : 00000000;
6730 : 00000000;
6731 : 00000000;
6732 : 00000000;
6733 : 00000000;
6734 : 00000000;
6735 : 00000000;
6736 : 00000000;
6737 : 00000000;
6738 : 00000000;
6739 : 00000000;
673a : 00000000;
673b : 00000000;
673c : 00000000;
673d : 00000000;
673e : 00000000;
673f : 00000000;
6740 : 00000000;
6741 : 00000000;
6742 : 00000000;
6743 : 00000000;
6744 : 00000000;
6745 : 00000000;
6746 : 00000000;
6747 : 00000000;
6748 : 00000000;
6749 : 00000000;
674a : 00000000;
674b : 00000000;
674c : 00000000;
674d : 00000000;
674e : 00000000;
674f : 00000000;
6750 : 00000000;
6751 : 00000000;
6752 : 00000000;
6753 : 00000000;
6754 : 00000000;
6755 : 00000000;
6756 : 00000000;
6757 : 00000000;
6758 : 00000000;
6759 : 00000000;
675a : 00000000;
675b : 00000000;
675c : 00000000;
675d : 00000000;
675e : 00000000;
675f : 00000000;
6760 : 00000000;
6761 : 00000000;
6762 : 00000000;
6763 : 00000000;
6764 : 00000000;
6765 : 00000000;
6766 : 00000000;
6767 : 00000000;
6768 : 00000000;
6769 : 00000000;
676a : 00000000;
676b : 00000000;
676c : 00000000;
676d : 00000000;
676e : 00000000;
676f : 00000000;
6770 : 00000000;
6771 : 00000000;
6772 : 00000000;
6773 : 00000000;
6774 : 00000000;
6775 : 00000000;
6776 : 00000000;
6777 : 00000000;
6778 : 00000000;
6779 : 00000000;
677a : 00000000;
677b : 00000000;
677c : 00000000;
677d : 00000000;
677e : 00000000;
677f : 00000000;
6780 : 00000000;
6781 : 00000000;
6782 : 00000000;
6783 : 00000000;
6784 : 00000000;
6785 : 00000000;
6786 : 00000000;
6787 : 00000000;
6788 : 00000000;
6789 : 00000000;
678a : 00000000;
678b : 00000000;
678c : 00000000;
678d : 00000000;
678e : 00000000;
678f : 00000000;
6790 : 00000000;
6791 : 00000000;
6792 : 00000000;
6793 : 00000000;
6794 : 00000000;
6795 : 00000000;
6796 : 00000000;
6797 : 00000000;
6798 : 00000000;
6799 : 00000000;
679a : 00000000;
679b : 00000000;
679c : 00000000;
679d : 00000000;
679e : 00000000;
679f : 00000000;
67a0 : 00000000;
67a1 : 00000000;
67a2 : 00000000;
67a3 : 00000000;
67a4 : 00000000;
67a5 : 00000000;
67a6 : 00000000;
67a7 : 00000000;
67a8 : 00000000;
67a9 : 00000000;
67aa : 00000000;
67ab : 00000000;
67ac : 00000000;
67ad : 00000000;
67ae : 00000000;
67af : 00000000;
67b0 : 00000000;
67b1 : 00000000;
67b2 : 00000000;
67b3 : 00000000;
67b4 : 00000000;
67b5 : 00000000;
67b6 : 00000000;
67b7 : 00000000;
67b8 : 00000000;
67b9 : 00000000;
67ba : 00000000;
67bb : 00000000;
67bc : 00000000;
67bd : 00000000;
67be : 00000000;
67bf : 00000000;
67c0 : 00000000;
67c1 : 00000000;
67c2 : 00000000;
67c3 : 00000000;
67c4 : 00000000;
67c5 : 00000000;
67c6 : 00000000;
67c7 : 00000000;
67c8 : 00000000;
67c9 : 00000000;
67ca : 00000000;
67cb : 00000000;
67cc : 00000000;
67cd : 00000000;
67ce : 00000000;
67cf : 00000000;
67d0 : 00000000;
67d1 : 00000000;
67d2 : 00000000;
67d3 : 00000000;
67d4 : 00000000;
67d5 : 00000000;
67d6 : 00000000;
67d7 : 00000000;
67d8 : 00000000;
67d9 : 00000000;
67da : 00000000;
67db : 00000000;
67dc : 00000000;
67dd : 00000000;
67de : 00000000;
67df : 00000000;
67e0 : 00000000;
67e1 : 00000000;
67e2 : 00000000;
67e3 : 00000000;
67e4 : 00000000;
67e5 : 00000000;
67e6 : 00000000;
67e7 : 00000000;
67e8 : 00000000;
67e9 : 00000000;
67ea : 00000000;
67eb : 00000000;
67ec : 00000000;
67ed : 00000000;
67ee : 00000000;
67ef : 00000000;
67f0 : 00000000;
67f1 : 00000000;
67f2 : 00000000;
67f3 : 00000000;
67f4 : 00000000;
67f5 : 00000000;
67f6 : 00000000;
67f7 : 00000000;
67f8 : 00000000;
67f9 : 00000000;
67fa : 00000000;
67fb : 00000000;
67fc : 00000000;
67fd : 00000000;
67fe : 00000000;
67ff : 00000000;
6800 : 00000000;
6801 : 00000000;
6802 : 00000000;
6803 : 00000000;
6804 : 00000000;
6805 : 00000000;
6806 : 00000000;
6807 : 00000000;
6808 : 00000000;
6809 : 00000000;
680a : 00000000;
680b : 00000000;
680c : 00000000;
680d : 00000000;
680e : 00000000;
680f : 00000000;
6810 : 00000000;
6811 : 00000000;
6812 : 00000000;
6813 : 00000000;
6814 : 00000000;
6815 : 00000000;
6816 : 00000000;
6817 : 00000000;
6818 : 00000000;
6819 : 00000000;
681a : 00000000;
681b : 00000000;
681c : 00000000;
681d : 00000000;
681e : 00000000;
681f : 00000000;
6820 : 00000000;
6821 : 00000000;
6822 : 00000000;
6823 : 00000000;
6824 : 00000000;
6825 : 00000000;
6826 : 00000000;
6827 : 00000000;
6828 : 00000000;
6829 : 00000000;
682a : 00000000;
682b : 00000000;
682c : 00000000;
682d : 00000000;
682e : 00000000;
682f : 00000000;
6830 : 00000000;
6831 : 00000000;
6832 : 00000000;
6833 : 00000000;
6834 : 00000000;
6835 : 00000000;
6836 : 00000000;
6837 : 00000000;
6838 : 00000000;
6839 : 00000000;
683a : 00000000;
683b : 00000000;
683c : 00000000;
683d : 00000000;
683e : 00000000;
683f : 00000000;
6840 : 00000000;
6841 : 00000000;
6842 : 00000000;
6843 : 00000000;
6844 : 00000000;
6845 : 00000000;
6846 : 00000000;
6847 : 00000000;
6848 : 00000000;
6849 : 00000000;
684a : 00000000;
684b : 00000000;
684c : 00000000;
684d : 00000000;
684e : 00000000;
684f : 00000000;
6850 : 00000000;
6851 : 00000000;
6852 : 00000000;
6853 : 00000000;
6854 : 00000000;
6855 : 00000000;
6856 : 00000000;
6857 : 00000000;
6858 : 00000000;
6859 : 00000000;
685a : 00000000;
685b : 00000000;
685c : 00000000;
685d : 00000000;
685e : 00000000;
685f : 00000000;
6860 : 00000000;
6861 : 00000000;
6862 : 00000000;
6863 : 00000000;
6864 : 00000000;
6865 : 00000000;
6866 : 00000000;
6867 : 00000000;
6868 : 00000000;
6869 : 00000000;
686a : 00000000;
686b : 00000000;
686c : 00000000;
686d : 00000000;
686e : 00000000;
686f : 00000000;
6870 : 00000000;
6871 : 00000000;
6872 : 00000000;
6873 : 00000000;
6874 : 00000000;
6875 : 00000000;
6876 : 00000000;
6877 : 00000000;
6878 : 00000000;
6879 : 00000000;
687a : 00000000;
687b : 00000000;
687c : 00000000;
687d : 00000000;
687e : 00000000;
687f : 00000000;
6880 : 00000000;
6881 : 00000000;
6882 : 00000000;
6883 : 00000000;
6884 : 00000000;
6885 : 00000000;
6886 : 00000000;
6887 : 00000000;
6888 : 00000000;
6889 : 00000000;
688a : 00000000;
688b : 00000000;
688c : 00000000;
688d : 00000000;
688e : 00000000;
688f : 00000000;
6890 : 00000000;
6891 : 00000000;
6892 : 00000000;
6893 : 00000000;
6894 : 00000000;
6895 : 00000000;
6896 : 00000000;
6897 : 00000000;
6898 : 00000000;
6899 : 00000000;
689a : 00000000;
689b : 00000000;
689c : 00000000;
689d : 00000000;
689e : 00000000;
689f : 00000000;
68a0 : 00000000;
68a1 : 00000000;
68a2 : 00000000;
68a3 : 00000000;
68a4 : 00000000;
68a5 : 00000000;
68a6 : 00000000;
68a7 : 00000000;
68a8 : 00000000;
68a9 : 00000000;
68aa : 00000000;
68ab : 00000000;
68ac : 00000000;
68ad : 00000000;
68ae : 00000000;
68af : 00000000;
68b0 : 00000000;
68b1 : 00000000;
68b2 : 00000000;
68b3 : 00000000;
68b4 : 00000000;
68b5 : 00000000;
68b6 : 00000000;
68b7 : 00000000;
68b8 : 00000000;
68b9 : 00000000;
68ba : 00000000;
68bb : 00000000;
68bc : 00000000;
68bd : 00000000;
68be : 00000000;
68bf : 00000000;
68c0 : 00000000;
68c1 : 00000000;
68c2 : 00000000;
68c3 : 00000000;
68c4 : 00000000;
68c5 : 00000000;
68c6 : 00000000;
68c7 : 00000000;
68c8 : 00000000;
68c9 : 00000000;
68ca : 00000000;
68cb : 00000000;
68cc : 00000000;
68cd : 00000000;
68ce : 00000000;
68cf : 00000000;
68d0 : 00000000;
68d1 : 00000000;
68d2 : 00000000;
68d3 : 00000000;
68d4 : 00000000;
68d5 : 00000000;
68d6 : 00000000;
68d7 : 00000000;
68d8 : 00000000;
68d9 : 00000000;
68da : 00000000;
68db : 00000000;
68dc : 00000000;
68dd : 00000000;
68de : 00000000;
68df : 00000000;
68e0 : 00000000;
68e1 : 00000000;
68e2 : 00000000;
68e3 : 00000000;
68e4 : 00000000;
68e5 : 00000000;
68e6 : 00000000;
68e7 : 00000000;
68e8 : 00000000;
68e9 : 00000000;
68ea : 00000000;
68eb : 00000000;
68ec : 00000000;
68ed : 00000000;
68ee : 00000000;
68ef : 00000000;
68f0 : 00000000;
68f1 : 00000000;
68f2 : 00000000;
68f3 : 00000000;
68f4 : 00000000;
68f5 : 00000000;
68f6 : 00000000;
68f7 : 00000000;
68f8 : 00000000;
68f9 : 00000000;
68fa : 00000000;
68fb : 00000000;
68fc : 00000000;
68fd : 00000000;
68fe : 00000000;
68ff : 00000000;
6900 : 00000000;
6901 : 00000000;
6902 : 00000000;
6903 : 00000000;
6904 : 00000000;
6905 : 00000000;
6906 : 00000000;
6907 : 00000000;
6908 : 00000000;
6909 : 00000000;
690a : 00000000;
690b : 00000000;
690c : 00000000;
690d : 00000000;
690e : 00000000;
690f : 00000000;
6910 : 00000000;
6911 : 00000000;
6912 : 00000000;
6913 : 00000000;
6914 : 00000000;
6915 : 00000000;
6916 : 00000000;
6917 : 00000000;
6918 : 00000000;
6919 : 00000000;
691a : 00000000;
691b : 00000000;
691c : 00000000;
691d : 00000000;
691e : 00000000;
691f : 00000000;
6920 : 00000000;
6921 : 00000000;
6922 : 00000000;
6923 : 00000000;
6924 : 00000000;
6925 : 00000000;
6926 : 00000000;
6927 : 00000000;
6928 : 00000000;
6929 : 00000000;
692a : 00000000;
692b : 00000000;
692c : 00000000;
692d : 00000000;
692e : 00000000;
692f : 00000000;
6930 : 00000000;
6931 : 00000000;
6932 : 00000000;
6933 : 00000000;
6934 : 00000000;
6935 : 00000000;
6936 : 00000000;
6937 : 00000000;
6938 : 00000000;
6939 : 00000000;
693a : 00000000;
693b : 00000000;
693c : 00000000;
693d : 00000000;
693e : 00000000;
693f : 00000000;
6940 : 00000000;
6941 : 00000000;
6942 : 00000000;
6943 : 00000000;
6944 : 00000000;
6945 : 00000000;
6946 : 00000000;
6947 : 00000000;
6948 : 00000000;
6949 : 00000000;
694a : 00000000;
694b : 00000000;
694c : 00000000;
694d : 00000000;
694e : 00000000;
694f : 00000000;
6950 : 00000000;
6951 : 00000000;
6952 : 00000000;
6953 : 00000000;
6954 : 00000000;
6955 : 00000000;
6956 : 00000000;
6957 : 00000000;
6958 : 00000000;
6959 : 00000000;
695a : 00000000;
695b : 00000000;
695c : 00000000;
695d : 00000000;
695e : 00000000;
695f : 00000000;
6960 : 00000000;
6961 : 00000000;
6962 : 00000000;
6963 : 00000000;
6964 : 00000000;
6965 : 00000000;
6966 : 00000000;
6967 : 00000000;
6968 : 00000000;
6969 : 00000000;
696a : 00000000;
696b : 00000000;
696c : 00000000;
696d : 00000000;
696e : 00000000;
696f : 00000000;
6970 : 00000000;
6971 : 00000000;
6972 : 00000000;
6973 : 00000000;
6974 : 00000000;
6975 : 00000000;
6976 : 00000000;
6977 : 00000000;
6978 : 00000000;
6979 : 00000000;
697a : 00000000;
697b : 00000000;
697c : 00000000;
697d : 00000000;
697e : 00000000;
697f : 00000000;
6980 : 00000000;
6981 : 00000000;
6982 : 00000000;
6983 : 00000000;
6984 : 00000000;
6985 : 00000000;
6986 : 00000000;
6987 : 00000000;
6988 : 00000000;
6989 : 00000000;
698a : 00000000;
698b : 00000000;
698c : 00000000;
698d : 00000000;
698e : 00000000;
698f : 00000000;
6990 : 00000000;
6991 : 00000000;
6992 : 00000000;
6993 : 00000000;
6994 : 00000000;
6995 : 00000000;
6996 : 00000000;
6997 : 00000000;
6998 : 00000000;
6999 : 00000000;
699a : 00000000;
699b : 00000000;
699c : 00000000;
699d : 00000000;
699e : 00000000;
699f : 00000000;
69a0 : 00000000;
69a1 : 00000000;
69a2 : 00000000;
69a3 : 00000000;
69a4 : 00000000;
69a5 : 00000000;
69a6 : 00000000;
69a7 : 00000000;
69a8 : 00000000;
69a9 : 00000000;
69aa : 00000000;
69ab : 00000000;
69ac : 00000000;
69ad : 00000000;
69ae : 00000000;
69af : 00000000;
69b0 : 00000000;
69b1 : 00000000;
69b2 : 00000000;
69b3 : 00000000;
69b4 : 00000000;
69b5 : 00000000;
69b6 : 00000000;
69b7 : 00000000;
69b8 : 00000000;
69b9 : 00000000;
69ba : 00000000;
69bb : 00000000;
69bc : 00000000;
69bd : 00000000;
69be : 00000000;
69bf : 00000000;
69c0 : 00000000;
69c1 : 00000000;
69c2 : 00000000;
69c3 : 00000000;
69c4 : 00000000;
69c5 : 00000000;
69c6 : 00000000;
69c7 : 00000000;
69c8 : 00000000;
69c9 : 00000000;
69ca : 00000000;
69cb : 00000000;
69cc : 00000000;
69cd : 00000000;
69ce : 00000000;
69cf : 00000000;
69d0 : 00000000;
69d1 : 00000000;
69d2 : 00000000;
69d3 : 00000000;
69d4 : 00000000;
69d5 : 00000000;
69d6 : 00000000;
69d7 : 00000000;
69d8 : 00000000;
69d9 : 00000000;
69da : 00000000;
69db : 00000000;
69dc : 00000000;
69dd : 00000000;
69de : 00000000;
69df : 00000000;
69e0 : 00000000;
69e1 : 00000000;
69e2 : 00000000;
69e3 : 00000000;
69e4 : 00000000;
69e5 : 00000000;
69e6 : 00000000;
69e7 : 00000000;
69e8 : 00000000;
69e9 : 00000000;
69ea : 00000000;
69eb : 00000000;
69ec : 00000000;
69ed : 00000000;
69ee : 00000000;
69ef : 00000000;
69f0 : 00000000;
69f1 : 00000000;
69f2 : 00000000;
69f3 : 00000000;
69f4 : 00000000;
69f5 : 00000000;
69f6 : 00000000;
69f7 : 00000000;
69f8 : 00000000;
69f9 : 00000000;
69fa : 00000000;
69fb : 00000000;
69fc : 00000000;
69fd : 00000000;
69fe : 00000000;
69ff : 00000000;
6a00 : 00000000;
6a01 : 00000000;
6a02 : 00000000;
6a03 : 00000000;
6a04 : 00000000;
6a05 : 00000000;
6a06 : 00000000;
6a07 : 00000000;
6a08 : 00000000;
6a09 : 00000000;
6a0a : 00000000;
6a0b : 00000000;
6a0c : 00000000;
6a0d : 00000000;
6a0e : 00000000;
6a0f : 00000000;
6a10 : 00000000;
6a11 : 00000000;
6a12 : 00000000;
6a13 : 00000000;
6a14 : 00000000;
6a15 : 00000000;
6a16 : 00000000;
6a17 : 00000000;
6a18 : 00000000;
6a19 : 00000000;
6a1a : 00000000;
6a1b : 00000000;
6a1c : 00000000;
6a1d : 00000000;
6a1e : 00000000;
6a1f : 00000000;
6a20 : 00000000;
6a21 : 00000000;
6a22 : 00000000;
6a23 : 00000000;
6a24 : 00000000;
6a25 : 00000000;
6a26 : 00000000;
6a27 : 00000000;
6a28 : 00000000;
6a29 : 00000000;
6a2a : 00000000;
6a2b : 00000000;
6a2c : 00000000;
6a2d : 00000000;
6a2e : 00000000;
6a2f : 00000000;
6a30 : 00000000;
6a31 : 00000000;
6a32 : 00000000;
6a33 : 00000000;
6a34 : 00000000;
6a35 : 00000000;
6a36 : 00000000;
6a37 : 00000000;
6a38 : 00000000;
6a39 : 00000000;
6a3a : 00000000;
6a3b : 00000000;
6a3c : 00000000;
6a3d : 00000000;
6a3e : 00000000;
6a3f : 00000000;
6a40 : 00000000;
6a41 : 00000000;
6a42 : 00000000;
6a43 : 00000000;
6a44 : 00000000;
6a45 : 00000000;
6a46 : 00000000;
6a47 : 00000000;
6a48 : 00000000;
6a49 : 00000000;
6a4a : 00000000;
6a4b : 00000000;
6a4c : 00000000;
6a4d : 00000000;
6a4e : 00000000;
6a4f : 00000000;
6a50 : 00000000;
6a51 : 00000000;
6a52 : 00000000;
6a53 : 00000000;
6a54 : 00000000;
6a55 : 00000000;
6a56 : 00000000;
6a57 : 00000000;
6a58 : 00000000;
6a59 : 00000000;
6a5a : 00000000;
6a5b : 00000000;
6a5c : 00000000;
6a5d : 00000000;
6a5e : 00000000;
6a5f : 00000000;
6a60 : 00000000;
6a61 : 00000000;
6a62 : 00000000;
6a63 : 00000000;
6a64 : 00000000;
6a65 : 00000000;
6a66 : 00000000;
6a67 : 00000000;
6a68 : 00000000;
6a69 : 00000000;
6a6a : 00000000;
6a6b : 00000000;
6a6c : 00000000;
6a6d : 00000000;
6a6e : 00000000;
6a6f : 00000000;
6a70 : 00000000;
6a71 : 00000000;
6a72 : 00000000;
6a73 : 00000000;
6a74 : 00000000;
6a75 : 00000000;
6a76 : 00000000;
6a77 : 00000000;
6a78 : 00000000;
6a79 : 00000000;
6a7a : 00000000;
6a7b : 00000000;
6a7c : 00000000;
6a7d : 00000000;
6a7e : 00000000;
6a7f : 00000000;
6a80 : 00000000;
6a81 : 00000000;
6a82 : 00000000;
6a83 : 00000000;
6a84 : 00000000;
6a85 : 00000000;
6a86 : 00000000;
6a87 : 00000000;
6a88 : 00000000;
6a89 : 00000000;
6a8a : 00000000;
6a8b : 00000000;
6a8c : 00000000;
6a8d : 00000000;
6a8e : 00000000;
6a8f : 00000000;
6a90 : 00000000;
6a91 : 00000000;
6a92 : 00000000;
6a93 : 00000000;
6a94 : 00000000;
6a95 : 00000000;
6a96 : 00000000;
6a97 : 00000000;
6a98 : 00000000;
6a99 : 00000000;
6a9a : 00000000;
6a9b : 00000000;
6a9c : 00000000;
6a9d : 00000000;
6a9e : 00000000;
6a9f : 00000000;
6aa0 : 00000000;
6aa1 : 00000000;
6aa2 : 00000000;
6aa3 : 00000000;
6aa4 : 00000000;
6aa5 : 00000000;
6aa6 : 00000000;
6aa7 : 00000000;
6aa8 : 00000000;
6aa9 : 00000000;
6aaa : 00000000;
6aab : 00000000;
6aac : 00000000;
6aad : 00000000;
6aae : 00000000;
6aaf : 00000000;
6ab0 : 00000000;
6ab1 : 00000000;
6ab2 : 00000000;
6ab3 : 00000000;
6ab4 : 00000000;
6ab5 : 00000000;
6ab6 : 00000000;
6ab7 : 00000000;
6ab8 : 00000000;
6ab9 : 00000000;
6aba : 00000000;
6abb : 00000000;
6abc : 00000000;
6abd : 00000000;
6abe : 00000000;
6abf : 00000000;
6ac0 : 00000000;
6ac1 : 00000000;
6ac2 : 00000000;
6ac3 : 00000000;
6ac4 : 00000000;
6ac5 : 00000000;
6ac6 : 00000000;
6ac7 : 00000000;
6ac8 : 00000000;
6ac9 : 00000000;
6aca : 00000000;
6acb : 00000000;
6acc : 00000000;
6acd : 00000000;
6ace : 00000000;
6acf : 00000000;
6ad0 : 00000000;
6ad1 : 00000000;
6ad2 : 00000000;
6ad3 : 00000000;
6ad4 : 00000000;
6ad5 : 00000000;
6ad6 : 00000000;
6ad7 : 00000000;
6ad8 : 00000000;
6ad9 : 00000000;
6ada : 00000000;
6adb : 00000000;
6adc : 00000000;
6add : 00000000;
6ade : 00000000;
6adf : 00000000;
6ae0 : 00000000;
6ae1 : 00000000;
6ae2 : 00000000;
6ae3 : 00000000;
6ae4 : 00000000;
6ae5 : 00000000;
6ae6 : 00000000;
6ae7 : 00000000;
6ae8 : 00000000;
6ae9 : 00000000;
6aea : 00000000;
6aeb : 00000000;
6aec : 00000000;
6aed : 00000000;
6aee : 00000000;
6aef : 00000000;
6af0 : 00000000;
6af1 : 00000000;
6af2 : 00000000;
6af3 : 00000000;
6af4 : 00000000;
6af5 : 00000000;
6af6 : 00000000;
6af7 : 00000000;
6af8 : 00000000;
6af9 : 00000000;
6afa : 00000000;
6afb : 00000000;
6afc : 00000000;
6afd : 00000000;
6afe : 00000000;
6aff : 00000000;
6b00 : 00000000;
6b01 : 00000000;
6b02 : 00000000;
6b03 : 00000000;
6b04 : 00000000;
6b05 : 00000000;
6b06 : 00000000;
6b07 : 00000000;
6b08 : 00000000;
6b09 : 00000000;
6b0a : 00000000;
6b0b : 00000000;
6b0c : 00000000;
6b0d : 00000000;
6b0e : 00000000;
6b0f : 00000000;
6b10 : 00000000;
6b11 : 00000000;
6b12 : 00000000;
6b13 : 00000000;
6b14 : 00000000;
6b15 : 00000000;
6b16 : 00000000;
6b17 : 00000000;
6b18 : 00000000;
6b19 : 00000000;
6b1a : 00000000;
6b1b : 00000000;
6b1c : 00000000;
6b1d : 00000000;
6b1e : 00000000;
6b1f : 00000000;
6b20 : 00000000;
6b21 : 00000000;
6b22 : 00000000;
6b23 : 00000000;
6b24 : 00000000;
6b25 : 00000000;
6b26 : 00000000;
6b27 : 00000000;
6b28 : 00000000;
6b29 : 00000000;
6b2a : 00000000;
6b2b : 00000000;
6b2c : 00000000;
6b2d : 00000000;
6b2e : 00000000;
6b2f : 00000000;
6b30 : 00000000;
6b31 : 00000000;
6b32 : 00000000;
6b33 : 00000000;
6b34 : 00000000;
6b35 : 00000000;
6b36 : 00000000;
6b37 : 00000000;
6b38 : 00000000;
6b39 : 00000000;
6b3a : 00000000;
6b3b : 00000000;
6b3c : 00000000;
6b3d : 00000000;
6b3e : 00000000;
6b3f : 00000000;
6b40 : 00000000;
6b41 : 00000000;
6b42 : 00000000;
6b43 : 00000000;
6b44 : 00000000;
6b45 : 00000000;
6b46 : 00000000;
6b47 : 00000000;
6b48 : 00000000;
6b49 : 00000000;
6b4a : 00000000;
6b4b : 00000000;
6b4c : 00000000;
6b4d : 00000000;
6b4e : 00000000;
6b4f : 00000000;
6b50 : 00000000;
6b51 : 00000000;
6b52 : 00000000;
6b53 : 00000000;
6b54 : 00000000;
6b55 : 00000000;
6b56 : 00000000;
6b57 : 00000000;
6b58 : 00000000;
6b59 : 00000000;
6b5a : 00000000;
6b5b : 00000000;
6b5c : 00000000;
6b5d : 00000000;
6b5e : 00000000;
6b5f : 00000000;
6b60 : 00000000;
6b61 : 00000000;
6b62 : 00000000;
6b63 : 00000000;
6b64 : 00000000;
6b65 : 00000000;
6b66 : 00000000;
6b67 : 00000000;
6b68 : 00000000;
6b69 : 00000000;
6b6a : 00000000;
6b6b : 00000000;
6b6c : 00000000;
6b6d : 00000000;
6b6e : 00000000;
6b6f : 00000000;
6b70 : 00000000;
6b71 : 00000000;
6b72 : 00000000;
6b73 : 00000000;
6b74 : 00000000;
6b75 : 00000000;
6b76 : 00000000;
6b77 : 00000000;
6b78 : 00000000;
6b79 : 00000000;
6b7a : 00000000;
6b7b : 00000000;
6b7c : 00000000;
6b7d : 00000000;
6b7e : 00000000;
6b7f : 00000000;
6b80 : 00000000;
6b81 : 00000000;
6b82 : 00000000;
6b83 : 00000000;
6b84 : 00000000;
6b85 : 00000000;
6b86 : 00000000;
6b87 : 00000000;
6b88 : 00000000;
6b89 : 00000000;
6b8a : 00000000;
6b8b : 00000000;
6b8c : 00000000;
6b8d : 00000000;
6b8e : 00000000;
6b8f : 00000000;
6b90 : 00000000;
6b91 : 00000000;
6b92 : 00000000;
6b93 : 00000000;
6b94 : 00000000;
6b95 : 00000000;
6b96 : 00000000;
6b97 : 00000000;
6b98 : 00000000;
6b99 : 00000000;
6b9a : 00000000;
6b9b : 00000000;
6b9c : 00000000;
6b9d : 00000000;
6b9e : 00000000;
6b9f : 00000000;
6ba0 : 00000000;
6ba1 : 00000000;
6ba2 : 00000000;
6ba3 : 00000000;
6ba4 : 00000000;
6ba5 : 00000000;
6ba6 : 00000000;
6ba7 : 00000000;
6ba8 : 00000000;
6ba9 : 00000000;
6baa : 00000000;
6bab : 00000000;
6bac : 00000000;
6bad : 00000000;
6bae : 00000000;
6baf : 00000000;
6bb0 : 00000000;
6bb1 : 00000000;
6bb2 : 00000000;
6bb3 : 00000000;
6bb4 : 00000000;
6bb5 : 00000000;
6bb6 : 00000000;
6bb7 : 00000000;
6bb8 : 00000000;
6bb9 : 00000000;
6bba : 00000000;
6bbb : 00000000;
6bbc : 00000000;
6bbd : 00000000;
6bbe : 00000000;
6bbf : 00000000;
6bc0 : 00000000;
6bc1 : 00000000;
6bc2 : 00000000;
6bc3 : 00000000;
6bc4 : 00000000;
6bc5 : 00000000;
6bc6 : 00000000;
6bc7 : 00000000;
6bc8 : 00000000;
6bc9 : 00000000;
6bca : 00000000;
6bcb : 00000000;
6bcc : 00000000;
6bcd : 00000000;
6bce : 00000000;
6bcf : 00000000;
6bd0 : 00000000;
6bd1 : 00000000;
6bd2 : 00000000;
6bd3 : 00000000;
6bd4 : 00000000;
6bd5 : 00000000;
6bd6 : 00000000;
6bd7 : 00000000;
6bd8 : 00000000;
6bd9 : 00000000;
6bda : 00000000;
6bdb : 00000000;
6bdc : 00000000;
6bdd : 00000000;
6bde : 00000000;
6bdf : 00000000;
6be0 : 00000000;
6be1 : 00000000;
6be2 : 00000000;
6be3 : 00000000;
6be4 : 00000000;
6be5 : 00000000;
6be6 : 00000000;
6be7 : 00000000;
6be8 : 00000000;
6be9 : 00000000;
6bea : 00000000;
6beb : 00000000;
6bec : 00000000;
6bed : 00000000;
6bee : 00000000;
6bef : 00000000;
6bf0 : 00000000;
6bf1 : 00000000;
6bf2 : 00000000;
6bf3 : 00000000;
6bf4 : 00000000;
6bf5 : 00000000;
6bf6 : 00000000;
6bf7 : 00000000;
6bf8 : 00000000;
6bf9 : 00000000;
6bfa : 00000000;
6bfb : 00000000;
6bfc : 00000000;
6bfd : 00000000;
6bfe : 00000000;
6bff : 00000000;
6c00 : 00000000;
6c01 : 00000000;
6c02 : 00000000;
6c03 : 00000000;
6c04 : 00000000;
6c05 : 00000000;
6c06 : 00000000;
6c07 : 00000000;
6c08 : 00000000;
6c09 : 00000000;
6c0a : 00000000;
6c0b : 00000000;
6c0c : 00000000;
6c0d : 00000000;
6c0e : 00000000;
6c0f : 00000000;
6c10 : 00000000;
6c11 : 00000000;
6c12 : 00000000;
6c13 : 00000000;
6c14 : 00000000;
6c15 : 00000000;
6c16 : 00000000;
6c17 : 00000000;
6c18 : 00000000;
6c19 : 00000000;
6c1a : 00000000;
6c1b : 00000000;
6c1c : 00000000;
6c1d : 00000000;
6c1e : 00000000;
6c1f : 00000000;
6c20 : 00000000;
6c21 : 00000000;
6c22 : 00000000;
6c23 : 00000000;
6c24 : 00000000;
6c25 : 00000000;
6c26 : 00000000;
6c27 : 00000000;
6c28 : 00000000;
6c29 : 00000000;
6c2a : 00000000;
6c2b : 00000000;
6c2c : 00000000;
6c2d : 00000000;
6c2e : 00000000;
6c2f : 00000000;
6c30 : 00000000;
6c31 : 00000000;
6c32 : 00000000;
6c33 : 00000000;
6c34 : 00000000;
6c35 : 00000000;
6c36 : 00000000;
6c37 : 00000000;
6c38 : 00000000;
6c39 : 00000000;
6c3a : 00000000;
6c3b : 00000000;
6c3c : 00000000;
6c3d : 00000000;
6c3e : 00000000;
6c3f : 00000000;
6c40 : 00000000;
6c41 : 00000000;
6c42 : 00000000;
6c43 : 00000000;
6c44 : 00000000;
6c45 : 00000000;
6c46 : 00000000;
6c47 : 00000000;
6c48 : 00000000;
6c49 : 00000000;
6c4a : 00000000;
6c4b : 00000000;
6c4c : 00000000;
6c4d : 00000000;
6c4e : 00000000;
6c4f : 00000000;
6c50 : 00000000;
6c51 : 00000000;
6c52 : 00000000;
6c53 : 00000000;
6c54 : 00000000;
6c55 : 00000000;
6c56 : 00000000;
6c57 : 00000000;
6c58 : 00000000;
6c59 : 00000000;
6c5a : 00000000;
6c5b : 00000000;
6c5c : 00000000;
6c5d : 00000000;
6c5e : 00000000;
6c5f : 00000000;
6c60 : 00000000;
6c61 : 00000000;
6c62 : 00000000;
6c63 : 00000000;
6c64 : 00000000;
6c65 : 00000000;
6c66 : 00000000;
6c67 : 00000000;
6c68 : 00000000;
6c69 : 00000000;
6c6a : 00000000;
6c6b : 00000000;
6c6c : 00000000;
6c6d : 00000000;
6c6e : 00000000;
6c6f : 00000000;
6c70 : 00000000;
6c71 : 00000000;
6c72 : 00000000;
6c73 : 00000000;
6c74 : 00000000;
6c75 : 00000000;
6c76 : 00000000;
6c77 : 00000000;
6c78 : 00000000;
6c79 : 00000000;
6c7a : 00000000;
6c7b : 00000000;
6c7c : 00000000;
6c7d : 00000000;
6c7e : 00000000;
6c7f : 00000000;
6c80 : 00000000;
6c81 : 00000000;
6c82 : 00000000;
6c83 : 00000000;
6c84 : 00000000;
6c85 : 00000000;
6c86 : 00000000;
6c87 : 00000000;
6c88 : 00000000;
6c89 : 00000000;
6c8a : 00000000;
6c8b : 00000000;
6c8c : 00000000;
6c8d : 00000000;
6c8e : 00000000;
6c8f : 00000000;
6c90 : 00000000;
6c91 : 00000000;
6c92 : 00000000;
6c93 : 00000000;
6c94 : 00000000;
6c95 : 00000000;
6c96 : 00000000;
6c97 : 00000000;
6c98 : 00000000;
6c99 : 00000000;
6c9a : 00000000;
6c9b : 00000000;
6c9c : 00000000;
6c9d : 00000000;
6c9e : 00000000;
6c9f : 00000000;
6ca0 : 00000000;
6ca1 : 00000000;
6ca2 : 00000000;
6ca3 : 00000000;
6ca4 : 00000000;
6ca5 : 00000000;
6ca6 : 00000000;
6ca7 : 00000000;
6ca8 : 00000000;
6ca9 : 00000000;
6caa : 00000000;
6cab : 00000000;
6cac : 00000000;
6cad : 00000000;
6cae : 00000000;
6caf : 00000000;
6cb0 : 00000000;
6cb1 : 00000000;
6cb2 : 00000000;
6cb3 : 00000000;
6cb4 : 00000000;
6cb5 : 00000000;
6cb6 : 00000000;
6cb7 : 00000000;
6cb8 : 00000000;
6cb9 : 00000000;
6cba : 00000000;
6cbb : 00000000;
6cbc : 00000000;
6cbd : 00000000;
6cbe : 00000000;
6cbf : 00000000;
6cc0 : 00000000;
6cc1 : 00000000;
6cc2 : 00000000;
6cc3 : 00000000;
6cc4 : 00000000;
6cc5 : 00000000;
6cc6 : 00000000;
6cc7 : 00000000;
6cc8 : 00000000;
6cc9 : 00000000;
6cca : 00000000;
6ccb : 00000000;
6ccc : 00000000;
6ccd : 00000000;
6cce : 00000000;
6ccf : 00000000;
6cd0 : 00000000;
6cd1 : 00000000;
6cd2 : 00000000;
6cd3 : 00000000;
6cd4 : 00000000;
6cd5 : 00000000;
6cd6 : 00000000;
6cd7 : 00000000;
6cd8 : 00000000;
6cd9 : 00000000;
6cda : 00000000;
6cdb : 00000000;
6cdc : 00000000;
6cdd : 00000000;
6cde : 00000000;
6cdf : 00000000;
6ce0 : 00000000;
6ce1 : 00000000;
6ce2 : 00000000;
6ce3 : 00000000;
6ce4 : 00000000;
6ce5 : 00000000;
6ce6 : 00000000;
6ce7 : 00000000;
6ce8 : 00000000;
6ce9 : 00000000;
6cea : 00000000;
6ceb : 00000000;
6cec : 00000000;
6ced : 00000000;
6cee : 00000000;
6cef : 00000000;
6cf0 : 00000000;
6cf1 : 00000000;
6cf2 : 00000000;
6cf3 : 00000000;
6cf4 : 00000000;
6cf5 : 00000000;
6cf6 : 00000000;
6cf7 : 00000000;
6cf8 : 00000000;
6cf9 : 00000000;
6cfa : 00000000;
6cfb : 00000000;
6cfc : 00000000;
6cfd : 00000000;
6cfe : 00000000;
6cff : 00000000;
6d00 : 00000000;
6d01 : 00000000;
6d02 : 00000000;
6d03 : 00000000;
6d04 : 00000000;
6d05 : 00000000;
6d06 : 00000000;
6d07 : 00000000;
6d08 : 00000000;
6d09 : 00000000;
6d0a : 00000000;
6d0b : 00000000;
6d0c : 00000000;
6d0d : 00000000;
6d0e : 00000000;
6d0f : 00000000;
6d10 : 00000000;
6d11 : 00000000;
6d12 : 00000000;
6d13 : 00000000;
6d14 : 00000000;
6d15 : 00000000;
6d16 : 00000000;
6d17 : 00000000;
6d18 : 00000000;
6d19 : 00000000;
6d1a : 00000000;
6d1b : 00000000;
6d1c : 00000000;
6d1d : 00000000;
6d1e : 00000000;
6d1f : 00000000;
6d20 : 00000000;
6d21 : 00000000;
6d22 : 00000000;
6d23 : 00000000;
6d24 : 00000000;
6d25 : 00000000;
6d26 : 00000000;
6d27 : 00000000;
6d28 : 00000000;
6d29 : 00000000;
6d2a : 00000000;
6d2b : 00000000;
6d2c : 00000000;
6d2d : 00000000;
6d2e : 00000000;
6d2f : 00000000;
6d30 : 00000000;
6d31 : 00000000;
6d32 : 00000000;
6d33 : 00000000;
6d34 : 00000000;
6d35 : 00000000;
6d36 : 00000000;
6d37 : 00000000;
6d38 : 00000000;
6d39 : 00000000;
6d3a : 00000000;
6d3b : 00000000;
6d3c : 00000000;
6d3d : 00000000;
6d3e : 00000000;
6d3f : 00000000;
6d40 : 00000000;
6d41 : 00000000;
6d42 : 00000000;
6d43 : 00000000;
6d44 : 00000000;
6d45 : 00000000;
6d46 : 00000000;
6d47 : 00000000;
6d48 : 00000000;
6d49 : 00000000;
6d4a : 00000000;
6d4b : 00000000;
6d4c : 00000000;
6d4d : 00000000;
6d4e : 00000000;
6d4f : 00000000;
6d50 : 00000000;
6d51 : 00000000;
6d52 : 00000000;
6d53 : 00000000;
6d54 : 00000000;
6d55 : 00000000;
6d56 : 00000000;
6d57 : 00000000;
6d58 : 00000000;
6d59 : 00000000;
6d5a : 00000000;
6d5b : 00000000;
6d5c : 00000000;
6d5d : 00000000;
6d5e : 00000000;
6d5f : 00000000;
6d60 : 00000000;
6d61 : 00000000;
6d62 : 00000000;
6d63 : 00000000;
6d64 : 00000000;
6d65 : 00000000;
6d66 : 00000000;
6d67 : 00000000;
6d68 : 00000000;
6d69 : 00000000;
6d6a : 00000000;
6d6b : 00000000;
6d6c : 00000000;
6d6d : 00000000;
6d6e : 00000000;
6d6f : 00000000;
6d70 : 00000000;
6d71 : 00000000;
6d72 : 00000000;
6d73 : 00000000;
6d74 : 00000000;
6d75 : 00000000;
6d76 : 00000000;
6d77 : 00000000;
6d78 : 00000000;
6d79 : 00000000;
6d7a : 00000000;
6d7b : 00000000;
6d7c : 00000000;
6d7d : 00000000;
6d7e : 00000000;
6d7f : 00000000;
6d80 : 00000000;
6d81 : 00000000;
6d82 : 00000000;
6d83 : 00000000;
6d84 : 00000000;
6d85 : 00000000;
6d86 : 00000000;
6d87 : 00000000;
6d88 : 00000000;
6d89 : 00000000;
6d8a : 00000000;
6d8b : 00000000;
6d8c : 00000000;
6d8d : 00000000;
6d8e : 00000000;
6d8f : 00000000;
6d90 : 00000000;
6d91 : 00000000;
6d92 : 00000000;
6d93 : 00000000;
6d94 : 00000000;
6d95 : 00000000;
6d96 : 00000000;
6d97 : 00000000;
6d98 : 00000000;
6d99 : 00000000;
6d9a : 00000000;
6d9b : 00000000;
6d9c : 00000000;
6d9d : 00000000;
6d9e : 00000000;
6d9f : 00000000;
6da0 : 00000000;
6da1 : 00000000;
6da2 : 00000000;
6da3 : 00000000;
6da4 : 00000000;
6da5 : 00000000;
6da6 : 00000000;
6da7 : 00000000;
6da8 : 00000000;
6da9 : 00000000;
6daa : 00000000;
6dab : 00000000;
6dac : 00000000;
6dad : 00000000;
6dae : 00000000;
6daf : 00000000;
6db0 : 00000000;
6db1 : 00000000;
6db2 : 00000000;
6db3 : 00000000;
6db4 : 00000000;
6db5 : 00000000;
6db6 : 00000000;
6db7 : 00000000;
6db8 : 00000000;
6db9 : 00000000;
6dba : 00000000;
6dbb : 00000000;
6dbc : 00000000;
6dbd : 00000000;
6dbe : 00000000;
6dbf : 00000000;
6dc0 : 00000000;
6dc1 : 00000000;
6dc2 : 00000000;
6dc3 : 00000000;
6dc4 : 00000000;
6dc5 : 00000000;
6dc6 : 00000000;
6dc7 : 00000000;
6dc8 : 00000000;
6dc9 : 00000000;
6dca : 00000000;
6dcb : 00000000;
6dcc : 00000000;
6dcd : 00000000;
6dce : 00000000;
6dcf : 00000000;
6dd0 : 00000000;
6dd1 : 00000000;
6dd2 : 00000000;
6dd3 : 00000000;
6dd4 : 00000000;
6dd5 : 00000000;
6dd6 : 00000000;
6dd7 : 00000000;
6dd8 : 00000000;
6dd9 : 00000000;
6dda : 00000000;
6ddb : 00000000;
6ddc : 00000000;
6ddd : 00000000;
6dde : 00000000;
6ddf : 00000000;
6de0 : 00000000;
6de1 : 00000000;
6de2 : 00000000;
6de3 : 00000000;
6de4 : 00000000;
6de5 : 00000000;
6de6 : 00000000;
6de7 : 00000000;
6de8 : 00000000;
6de9 : 00000000;
6dea : 00000000;
6deb : 00000000;
6dec : 00000000;
6ded : 00000000;
6dee : 00000000;
6def : 00000000;
6df0 : 00000000;
6df1 : 00000000;
6df2 : 00000000;
6df3 : 00000000;
6df4 : 00000000;
6df5 : 00000000;
6df6 : 00000000;
6df7 : 00000000;
6df8 : 00000000;
6df9 : 00000000;
6dfa : 00000000;
6dfb : 00000000;
6dfc : 00000000;
6dfd : 00000000;
6dfe : 00000000;
6dff : 00000000;
6e00 : 00000000;
6e01 : 00000000;
6e02 : 00000000;
6e03 : 00000000;
6e04 : 00000000;
6e05 : 00000000;
6e06 : 00000000;
6e07 : 00000000;
6e08 : 00000000;
6e09 : 00000000;
6e0a : 00000000;
6e0b : 00000000;
6e0c : 00000000;
6e0d : 00000000;
6e0e : 00000000;
6e0f : 00000000;
6e10 : 00000000;
6e11 : 00000000;
6e12 : 00000000;
6e13 : 00000000;
6e14 : 00000000;
6e15 : 00000000;
6e16 : 00000000;
6e17 : 00000000;
6e18 : 00000000;
6e19 : 00000000;
6e1a : 00000000;
6e1b : 00000000;
6e1c : 00000000;
6e1d : 00000000;
6e1e : 00000000;
6e1f : 00000000;
6e20 : 00000000;
6e21 : 00000000;
6e22 : 00000000;
6e23 : 00000000;
6e24 : 00000000;
6e25 : 00000000;
6e26 : 00000000;
6e27 : 00000000;
6e28 : 00000000;
6e29 : 00000000;
6e2a : 00000000;
6e2b : 00000000;
6e2c : 00000000;
6e2d : 00000000;
6e2e : 00000000;
6e2f : 00000000;
6e30 : 00000000;
6e31 : 00000000;
6e32 : 00000000;
6e33 : 00000000;
6e34 : 00000000;
6e35 : 00000000;
6e36 : 00000000;
6e37 : 00000000;
6e38 : 00000000;
6e39 : 00000000;
6e3a : 00000000;
6e3b : 00000000;
6e3c : 00000000;
6e3d : 00000000;
6e3e : 00000000;
6e3f : 00000000;
6e40 : 00000000;
6e41 : 00000000;
6e42 : 00000000;
6e43 : 00000000;
6e44 : 00000000;
6e45 : 00000000;
6e46 : 00000000;
6e47 : 00000000;
6e48 : 00000000;
6e49 : 00000000;
6e4a : 00000000;
6e4b : 00000000;
6e4c : 00000000;
6e4d : 00000000;
6e4e : 00000000;
6e4f : 00000000;
6e50 : 00000000;
6e51 : 00000000;
6e52 : 00000000;
6e53 : 00000000;
6e54 : 00000000;
6e55 : 00000000;
6e56 : 00000000;
6e57 : 00000000;
6e58 : 00000000;
6e59 : 00000000;
6e5a : 00000000;
6e5b : 00000000;
6e5c : 00000000;
6e5d : 00000000;
6e5e : 00000000;
6e5f : 00000000;
6e60 : 00000000;
6e61 : 00000000;
6e62 : 00000000;
6e63 : 00000000;
6e64 : 00000000;
6e65 : 00000000;
6e66 : 00000000;
6e67 : 00000000;
6e68 : 00000000;
6e69 : 00000000;
6e6a : 00000000;
6e6b : 00000000;
6e6c : 00000000;
6e6d : 00000000;
6e6e : 00000000;
6e6f : 00000000;
6e70 : 00000000;
6e71 : 00000000;
6e72 : 00000000;
6e73 : 00000000;
6e74 : 00000000;
6e75 : 00000000;
6e76 : 00000000;
6e77 : 00000000;
6e78 : 00000000;
6e79 : 00000000;
6e7a : 00000000;
6e7b : 00000000;
6e7c : 00000000;
6e7d : 00000000;
6e7e : 00000000;
6e7f : 00000000;
6e80 : 00000000;
6e81 : 00000000;
6e82 : 00000000;
6e83 : 00000000;
6e84 : 00000000;
6e85 : 00000000;
6e86 : 00000000;
6e87 : 00000000;
6e88 : 00000000;
6e89 : 00000000;
6e8a : 00000000;
6e8b : 00000000;
6e8c : 00000000;
6e8d : 00000000;
6e8e : 00000000;
6e8f : 00000000;
6e90 : 00000000;
6e91 : 00000000;
6e92 : 00000000;
6e93 : 00000000;
6e94 : 00000000;
6e95 : 00000000;
6e96 : 00000000;
6e97 : 00000000;
6e98 : 00000000;
6e99 : 00000000;
6e9a : 00000000;
6e9b : 00000000;
6e9c : 00000000;
6e9d : 00000000;
6e9e : 00000000;
6e9f : 00000000;
6ea0 : 00000000;
6ea1 : 00000000;
6ea2 : 00000000;
6ea3 : 00000000;
6ea4 : 00000000;
6ea5 : 00000000;
6ea6 : 00000000;
6ea7 : 00000000;
6ea8 : 00000000;
6ea9 : 00000000;
6eaa : 00000000;
6eab : 00000000;
6eac : 00000000;
6ead : 00000000;
6eae : 00000000;
6eaf : 00000000;
6eb0 : 00000000;
6eb1 : 00000000;
6eb2 : 00000000;
6eb3 : 00000000;
6eb4 : 00000000;
6eb5 : 00000000;
6eb6 : 00000000;
6eb7 : 00000000;
6eb8 : 00000000;
6eb9 : 00000000;
6eba : 00000000;
6ebb : 00000000;
6ebc : 00000000;
6ebd : 00000000;
6ebe : 00000000;
6ebf : 00000000;
6ec0 : 00000000;
6ec1 : 00000000;
6ec2 : 00000000;
6ec3 : 00000000;
6ec4 : 00000000;
6ec5 : 00000000;
6ec6 : 00000000;
6ec7 : 00000000;
6ec8 : 00000000;
6ec9 : 00000000;
6eca : 00000000;
6ecb : 00000000;
6ecc : 00000000;
6ecd : 00000000;
6ece : 00000000;
6ecf : 00000000;
6ed0 : 00000000;
6ed1 : 00000000;
6ed2 : 00000000;
6ed3 : 00000000;
6ed4 : 00000000;
6ed5 : 00000000;
6ed6 : 00000000;
6ed7 : 00000000;
6ed8 : 00000000;
6ed9 : 00000000;
6eda : 00000000;
6edb : 00000000;
6edc : 00000000;
6edd : 00000000;
6ede : 00000000;
6edf : 00000000;
6ee0 : 00000000;
6ee1 : 00000000;
6ee2 : 00000000;
6ee3 : 00000000;
6ee4 : 00000000;
6ee5 : 00000000;
6ee6 : 00000000;
6ee7 : 00000000;
6ee8 : 00000000;
6ee9 : 00000000;
6eea : 00000000;
6eeb : 00000000;
6eec : 00000000;
6eed : 00000000;
6eee : 00000000;
6eef : 00000000;
6ef0 : 00000000;
6ef1 : 00000000;
6ef2 : 00000000;
6ef3 : 00000000;
6ef4 : 00000000;
6ef5 : 00000000;
6ef6 : 00000000;
6ef7 : 00000000;
6ef8 : 00000000;
6ef9 : 00000000;
6efa : 00000000;
6efb : 00000000;
6efc : 00000000;
6efd : 00000000;
6efe : 00000000;
6eff : 00000000;
6f00 : 00000000;
6f01 : 00000000;
6f02 : 00000000;
6f03 : 00000000;
6f04 : 00000000;
6f05 : 00000000;
6f06 : 00000000;
6f07 : 00000000;
6f08 : 00000000;
6f09 : 00000000;
6f0a : 00000000;
6f0b : 00000000;
6f0c : 00000000;
6f0d : 00000000;
6f0e : 00000000;
6f0f : 00000000;
6f10 : 00000000;
6f11 : 00000000;
6f12 : 00000000;
6f13 : 00000000;
6f14 : 00000000;
6f15 : 00000000;
6f16 : 00000000;
6f17 : 00000000;
6f18 : 00000000;
6f19 : 00000000;
6f1a : 00000000;
6f1b : 00000000;
6f1c : 00000000;
6f1d : 00000000;
6f1e : 00000000;
6f1f : 00000000;
6f20 : 00000000;
6f21 : 00000000;
6f22 : 00000000;
6f23 : 00000000;
6f24 : 00000000;
6f25 : 00000000;
6f26 : 00000000;
6f27 : 00000000;
6f28 : 00000000;
6f29 : 00000000;
6f2a : 00000000;
6f2b : 00000000;
6f2c : 00000000;
6f2d : 00000000;
6f2e : 00000000;
6f2f : 00000000;
6f30 : 00000000;
6f31 : 00000000;
6f32 : 00000000;
6f33 : 00000000;
6f34 : 00000000;
6f35 : 00000000;
6f36 : 00000000;
6f37 : 00000000;
6f38 : 00000000;
6f39 : 00000000;
6f3a : 00000000;
6f3b : 00000000;
6f3c : 00000000;
6f3d : 00000000;
6f3e : 00000000;
6f3f : 00000000;
6f40 : 00000000;
6f41 : 00000000;
6f42 : 00000000;
6f43 : 00000000;
6f44 : 00000000;
6f45 : 00000000;
6f46 : 00000000;
6f47 : 00000000;
6f48 : 00000000;
6f49 : 00000000;
6f4a : 00000000;
6f4b : 00000000;
6f4c : 00000000;
6f4d : 00000000;
6f4e : 00000000;
6f4f : 00000000;
6f50 : 00000000;
6f51 : 00000000;
6f52 : 00000000;
6f53 : 00000000;
6f54 : 00000000;
6f55 : 00000000;
6f56 : 00000000;
6f57 : 00000000;
6f58 : 00000000;
6f59 : 00000000;
6f5a : 00000000;
6f5b : 00000000;
6f5c : 00000000;
6f5d : 00000000;
6f5e : 00000000;
6f5f : 00000000;
6f60 : 00000000;
6f61 : 00000000;
6f62 : 00000000;
6f63 : 00000000;
6f64 : 00000000;
6f65 : 00000000;
6f66 : 00000000;
6f67 : 00000000;
6f68 : 00000000;
6f69 : 00000000;
6f6a : 00000000;
6f6b : 00000000;
6f6c : 00000000;
6f6d : 00000000;
6f6e : 00000000;
6f6f : 00000000;
6f70 : 00000000;
6f71 : 00000000;
6f72 : 00000000;
6f73 : 00000000;
6f74 : 00000000;
6f75 : 00000000;
6f76 : 00000000;
6f77 : 00000000;
6f78 : 00000000;
6f79 : 00000000;
6f7a : 00000000;
6f7b : 00000000;
6f7c : 00000000;
6f7d : 00000000;
6f7e : 00000000;
6f7f : 00000000;
6f80 : 00000000;
6f81 : 00000000;
6f82 : 00000000;
6f83 : 00000000;
6f84 : 00000000;
6f85 : 00000000;
6f86 : 00000000;
6f87 : 00000000;
6f88 : 00000000;
6f89 : 00000000;
6f8a : 00000000;
6f8b : 00000000;
6f8c : 00000000;
6f8d : 00000000;
6f8e : 00000000;
6f8f : 00000000;
6f90 : 00000000;
6f91 : 00000000;
6f92 : 00000000;
6f93 : 00000000;
6f94 : 00000000;
6f95 : 00000000;
6f96 : 00000000;
6f97 : 00000000;
6f98 : 00000000;
6f99 : 00000000;
6f9a : 00000000;
6f9b : 00000000;
6f9c : 00000000;
6f9d : 00000000;
6f9e : 00000000;
6f9f : 00000000;
6fa0 : 00000000;
6fa1 : 00000000;
6fa2 : 00000000;
6fa3 : 00000000;
6fa4 : 00000000;
6fa5 : 00000000;
6fa6 : 00000000;
6fa7 : 00000000;
6fa8 : 00000000;
6fa9 : 00000000;
6faa : 00000000;
6fab : 00000000;
6fac : 00000000;
6fad : 00000000;
6fae : 00000000;
6faf : 00000000;
6fb0 : 00000000;
6fb1 : 00000000;
6fb2 : 00000000;
6fb3 : 00000000;
6fb4 : 00000000;
6fb5 : 00000000;
6fb6 : 00000000;
6fb7 : 00000000;
6fb8 : 00000000;
6fb9 : 00000000;
6fba : 00000000;
6fbb : 00000000;
6fbc : 00000000;
6fbd : 00000000;
6fbe : 00000000;
6fbf : 00000000;
6fc0 : 00000000;
6fc1 : 00000000;
6fc2 : 00000000;
6fc3 : 00000000;
6fc4 : 00000000;
6fc5 : 00000000;
6fc6 : 00000000;
6fc7 : 00000000;
6fc8 : 00000000;
6fc9 : 00000000;
6fca : 00000000;
6fcb : 00000000;
6fcc : 00000000;
6fcd : 00000000;
6fce : 00000000;
6fcf : 00000000;
6fd0 : 00000000;
6fd1 : 00000000;
6fd2 : 00000000;
6fd3 : 00000000;
6fd4 : 00000000;
6fd5 : 00000000;
6fd6 : 00000000;
6fd7 : 00000000;
6fd8 : 00000000;
6fd9 : 00000000;
6fda : 00000000;
6fdb : 00000000;
6fdc : 00000000;
6fdd : 00000000;
6fde : 00000000;
6fdf : 00000000;
6fe0 : 00000000;
6fe1 : 00000000;
6fe2 : 00000000;
6fe3 : 00000000;
6fe4 : 00000000;
6fe5 : 00000000;
6fe6 : 00000000;
6fe7 : 00000000;
6fe8 : 00000000;
6fe9 : 00000000;
6fea : 00000000;
6feb : 00000000;
6fec : 00000000;
6fed : 00000000;
6fee : 00000000;
6fef : 00000000;
6ff0 : 00000000;
6ff1 : 00000000;
6ff2 : 00000000;
6ff3 : 00000000;
6ff4 : 00000000;
6ff5 : 00000000;
6ff6 : 00000000;
6ff7 : 00000000;
6ff8 : 00000000;
6ff9 : 00000000;
6ffa : 00000000;
6ffb : 00000000;
6ffc : 00000000;
6ffd : 00000000;
6ffe : 00000000;
6fff : 00000000;
7000 : 00000000;
7001 : 00000000;
7002 : 00000000;
7003 : 00000000;
7004 : 00000000;
7005 : 00000000;
7006 : 00000000;
7007 : 00000000;
7008 : 00000000;
7009 : 00000000;
700a : 00000000;
700b : 00000000;
700c : 00000000;
700d : 00000000;
700e : 00000000;
700f : 00000000;
7010 : 00000000;
7011 : 00000000;
7012 : 00000000;
7013 : 00000000;
7014 : 00000000;
7015 : 00000000;
7016 : 00000000;
7017 : 00000000;
7018 : 00000000;
7019 : 00000000;
701a : 00000000;
701b : 00000000;
701c : 00000000;
701d : 00000000;
701e : 00000000;
701f : 00000000;
7020 : 00000000;
7021 : 00000000;
7022 : 00000000;
7023 : 00000000;
7024 : 00000000;
7025 : 00000000;
7026 : 00000000;
7027 : 00000000;
7028 : 00000000;
7029 : 00000000;
702a : 00000000;
702b : 00000000;
702c : 00000000;
702d : 00000000;
702e : 00000000;
702f : 00000000;
7030 : 00000000;
7031 : 00000000;
7032 : 00000000;
7033 : 00000000;
7034 : 00000000;
7035 : 00000000;
7036 : 00000000;
7037 : 00000000;
7038 : 00000000;
7039 : 00000000;
703a : 00000000;
703b : 00000000;
703c : 00000000;
703d : 00000000;
703e : 00000000;
703f : 00000000;
7040 : 00000000;
7041 : 00000000;
7042 : 00000000;
7043 : 00000000;
7044 : 00000000;
7045 : 00000000;
7046 : 00000000;
7047 : 00000000;
7048 : 00000000;
7049 : 00000000;
704a : 00000000;
704b : 00000000;
704c : 00000000;
704d : 00000000;
704e : 00000000;
704f : 00000000;
7050 : 00000000;
7051 : 00000000;
7052 : 00000000;
7053 : 00000000;
7054 : 00000000;
7055 : 00000000;
7056 : 00000000;
7057 : 00000000;
7058 : 00000000;
7059 : 00000000;
705a : 00000000;
705b : 00000000;
705c : 00000000;
705d : 00000000;
705e : 00000000;
705f : 00000000;
7060 : 00000000;
7061 : 00000000;
7062 : 00000000;
7063 : 00000000;
7064 : 00000000;
7065 : 00000000;
7066 : 00000000;
7067 : 00000000;
7068 : 00000000;
7069 : 00000000;
706a : 00000000;
706b : 00000000;
706c : 00000000;
706d : 00000000;
706e : 00000000;
706f : 00000000;
7070 : 00000000;
7071 : 00000000;
7072 : 00000000;
7073 : 00000000;
7074 : 00000000;
7075 : 00000000;
7076 : 00000000;
7077 : 00000000;
7078 : 00000000;
7079 : 00000000;
707a : 00000000;
707b : 00000000;
707c : 00000000;
707d : 00000000;
707e : 00000000;
707f : 00000000;
7080 : 00000000;
7081 : 00000000;
7082 : 00000000;
7083 : 00000000;
7084 : 00000000;
7085 : 00000000;
7086 : 00000000;
7087 : 00000000;
7088 : 00000000;
7089 : 00000000;
708a : 00000000;
708b : 00000000;
708c : 00000000;
708d : 00000000;
708e : 00000000;
708f : 00000000;
7090 : 00000000;
7091 : 00000000;
7092 : 00000000;
7093 : 00000000;
7094 : 00000000;
7095 : 00000000;
7096 : 00000000;
7097 : 00000000;
7098 : 00000000;
7099 : 00000000;
709a : 00000000;
709b : 00000000;
709c : 00000000;
709d : 00000000;
709e : 00000000;
709f : 00000000;
70a0 : 00000000;
70a1 : 00000000;
70a2 : 00000000;
70a3 : 00000000;
70a4 : 00000000;
70a5 : 00000000;
70a6 : 00000000;
70a7 : 00000000;
70a8 : 00000000;
70a9 : 00000000;
70aa : 00000000;
70ab : 00000000;
70ac : 00000000;
70ad : 00000000;
70ae : 00000000;
70af : 00000000;
70b0 : 00000000;
70b1 : 00000000;
70b2 : 00000000;
70b3 : 00000000;
70b4 : 00000000;
70b5 : 00000000;
70b6 : 00000000;
70b7 : 00000000;
70b8 : 00000000;
70b9 : 00000000;
70ba : 00000000;
70bb : 00000000;
70bc : 00000000;
70bd : 00000000;
70be : 00000000;
70bf : 00000000;
70c0 : 00000000;
70c1 : 00000000;
70c2 : 00000000;
70c3 : 00000000;
70c4 : 00000000;
70c5 : 00000000;
70c6 : 00000000;
70c7 : 00000000;
70c8 : 00000000;
70c9 : 00000000;
70ca : 00000000;
70cb : 00000000;
70cc : 00000000;
70cd : 00000000;
70ce : 00000000;
70cf : 00000000;
70d0 : 00000000;
70d1 : 00000000;
70d2 : 00000000;
70d3 : 00000000;
70d4 : 00000000;
70d5 : 00000000;
70d6 : 00000000;
70d7 : 00000000;
70d8 : 00000000;
70d9 : 00000000;
70da : 00000000;
70db : 00000000;
70dc : 00000000;
70dd : 00000000;
70de : 00000000;
70df : 00000000;
70e0 : 00000000;
70e1 : 00000000;
70e2 : 00000000;
70e3 : 00000000;
70e4 : 00000000;
70e5 : 00000000;
70e6 : 00000000;
70e7 : 00000000;
70e8 : 00000000;
70e9 : 00000000;
70ea : 00000000;
70eb : 00000000;
70ec : 00000000;
70ed : 00000000;
70ee : 00000000;
70ef : 00000000;
70f0 : 00000000;
70f1 : 00000000;
70f2 : 00000000;
70f3 : 00000000;
70f4 : 00000000;
70f5 : 00000000;
70f6 : 00000000;
70f7 : 00000000;
70f8 : 00000000;
70f9 : 00000000;
70fa : 00000000;
70fb : 00000000;
70fc : 00000000;
70fd : 00000000;
70fe : 00000000;
70ff : 00000000;
7100 : 00000000;
7101 : 00000000;
7102 : 00000000;
7103 : 00000000;
7104 : 00000000;
7105 : 00000000;
7106 : 00000000;
7107 : 00000000;
7108 : 00000000;
7109 : 00000000;
710a : 00000000;
710b : 00000000;
710c : 00000000;
710d : 00000000;
710e : 00000000;
710f : 00000000;
7110 : 00000000;
7111 : 00000000;
7112 : 00000000;
7113 : 00000000;
7114 : 00000000;
7115 : 00000000;
7116 : 00000000;
7117 : 00000000;
7118 : 00000000;
7119 : 00000000;
711a : 00000000;
711b : 00000000;
711c : 00000000;
711d : 00000000;
711e : 00000000;
711f : 00000000;
7120 : 00000000;
7121 : 00000000;
7122 : 00000000;
7123 : 00000000;
7124 : 00000000;
7125 : 00000000;
7126 : 00000000;
7127 : 00000000;
7128 : 00000000;
7129 : 00000000;
712a : 00000000;
712b : 00000000;
712c : 00000000;
712d : 00000000;
712e : 00000000;
712f : 00000000;
7130 : 00000000;
7131 : 00000000;
7132 : 00000000;
7133 : 00000000;
7134 : 00000000;
7135 : 00000000;
7136 : 00000000;
7137 : 00000000;
7138 : 00000000;
7139 : 00000000;
713a : 00000000;
713b : 00000000;
713c : 00000000;
713d : 00000000;
713e : 00000000;
713f : 00000000;
7140 : 00000000;
7141 : 00000000;
7142 : 00000000;
7143 : 00000000;
7144 : 00000000;
7145 : 00000000;
7146 : 00000000;
7147 : 00000000;
7148 : 00000000;
7149 : 00000000;
714a : 00000000;
714b : 00000000;
714c : 00000000;
714d : 00000000;
714e : 00000000;
714f : 00000000;
7150 : 00000000;
7151 : 00000000;
7152 : 00000000;
7153 : 00000000;
7154 : 00000000;
7155 : 00000000;
7156 : 00000000;
7157 : 00000000;
7158 : 00000000;
7159 : 00000000;
715a : 00000000;
715b : 00000000;
715c : 00000000;
715d : 00000000;
715e : 00000000;
715f : 00000000;
7160 : 00000000;
7161 : 00000000;
7162 : 00000000;
7163 : 00000000;
7164 : 00000000;
7165 : 00000000;
7166 : 00000000;
7167 : 00000000;
7168 : 00000000;
7169 : 00000000;
716a : 00000000;
716b : 00000000;
716c : 00000000;
716d : 00000000;
716e : 00000000;
716f : 00000000;
7170 : 00000000;
7171 : 00000000;
7172 : 00000000;
7173 : 00000000;
7174 : 00000000;
7175 : 00000000;
7176 : 00000000;
7177 : 00000000;
7178 : 00000000;
7179 : 00000000;
717a : 00000000;
717b : 00000000;
717c : 00000000;
717d : 00000000;
717e : 00000000;
717f : 00000000;
7180 : 00000000;
7181 : 00000000;
7182 : 00000000;
7183 : 00000000;
7184 : 00000000;
7185 : 00000000;
7186 : 00000000;
7187 : 00000000;
7188 : 00000000;
7189 : 00000000;
718a : 00000000;
718b : 00000000;
718c : 00000000;
718d : 00000000;
718e : 00000000;
718f : 00000000;
7190 : 00000000;
7191 : 00000000;
7192 : 00000000;
7193 : 00000000;
7194 : 00000000;
7195 : 00000000;
7196 : 00000000;
7197 : 00000000;
7198 : 00000000;
7199 : 00000000;
719a : 00000000;
719b : 00000000;
719c : 00000000;
719d : 00000000;
719e : 00000000;
719f : 00000000;
71a0 : 00000000;
71a1 : 00000000;
71a2 : 00000000;
71a3 : 00000000;
71a4 : 00000000;
71a5 : 00000000;
71a6 : 00000000;
71a7 : 00000000;
71a8 : 00000000;
71a9 : 00000000;
71aa : 00000000;
71ab : 00000000;
71ac : 00000000;
71ad : 00000000;
71ae : 00000000;
71af : 00000000;
71b0 : 00000000;
71b1 : 00000000;
71b2 : 00000000;
71b3 : 00000000;
71b4 : 00000000;
71b5 : 00000000;
71b6 : 00000000;
71b7 : 00000000;
71b8 : 00000000;
71b9 : 00000000;
71ba : 00000000;
71bb : 00000000;
71bc : 00000000;
71bd : 00000000;
71be : 00000000;
71bf : 00000000;
71c0 : 00000000;
71c1 : 00000000;
71c2 : 00000000;
71c3 : 00000000;
71c4 : 00000000;
71c5 : 00000000;
71c6 : 00000000;
71c7 : 00000000;
71c8 : 00000000;
71c9 : 00000000;
71ca : 00000000;
71cb : 00000000;
71cc : 00000000;
71cd : 00000000;
71ce : 00000000;
71cf : 00000000;
71d0 : 00000000;
71d1 : 00000000;
71d2 : 00000000;
71d3 : 00000000;
71d4 : 00000000;
71d5 : 00000000;
71d6 : 00000000;
71d7 : 00000000;
71d8 : 00000000;
71d9 : 00000000;
71da : 00000000;
71db : 00000000;
71dc : 00000000;
71dd : 00000000;
71de : 00000000;
71df : 00000000;
71e0 : 00000000;
71e1 : 00000000;
71e2 : 00000000;
71e3 : 00000000;
71e4 : 00000000;
71e5 : 00000000;
71e6 : 00000000;
71e7 : 00000000;
71e8 : 00000000;
71e9 : 00000000;
71ea : 00000000;
71eb : 00000000;
71ec : 00000000;
71ed : 00000000;
71ee : 00000000;
71ef : 00000000;
71f0 : 00000000;
71f1 : 00000000;
71f2 : 00000000;
71f3 : 00000000;
71f4 : 00000000;
71f5 : 00000000;
71f6 : 00000000;
71f7 : 00000000;
71f8 : 00000000;
71f9 : 00000000;
71fa : 00000000;
71fb : 00000000;
71fc : 00000000;
71fd : 00000000;
71fe : 00000000;
71ff : 00000000;
7200 : 00000000;
7201 : 00000000;
7202 : 00000000;
7203 : 00000000;
7204 : 00000000;
7205 : 00000000;
7206 : 00000000;
7207 : 00000000;
7208 : 00000000;
7209 : 00000000;
720a : 00000000;
720b : 00000000;
720c : 00000000;
720d : 00000000;
720e : 00000000;
720f : 00000000;
7210 : 00000000;
7211 : 00000000;
7212 : 00000000;
7213 : 00000000;
7214 : 00000000;
7215 : 00000000;
7216 : 00000000;
7217 : 00000000;
7218 : 00000000;
7219 : 00000000;
721a : 00000000;
721b : 00000000;
721c : 00000000;
721d : 00000000;
721e : 00000000;
721f : 00000000;
7220 : 00000000;
7221 : 00000000;
7222 : 00000000;
7223 : 00000000;
7224 : 00000000;
7225 : 00000000;
7226 : 00000000;
7227 : 00000000;
7228 : 00000000;
7229 : 00000000;
722a : 00000000;
722b : 00000000;
722c : 00000000;
722d : 00000000;
722e : 00000000;
722f : 00000000;
7230 : 00000000;
7231 : 00000000;
7232 : 00000000;
7233 : 00000000;
7234 : 00000000;
7235 : 00000000;
7236 : 00000000;
7237 : 00000000;
7238 : 00000000;
7239 : 00000000;
723a : 00000000;
723b : 00000000;
723c : 00000000;
723d : 00000000;
723e : 00000000;
723f : 00000000;
7240 : 00000000;
7241 : 00000000;
7242 : 00000000;
7243 : 00000000;
7244 : 00000000;
7245 : 00000000;
7246 : 00000000;
7247 : 00000000;
7248 : 00000000;
7249 : 00000000;
724a : 00000000;
724b : 00000000;
724c : 00000000;
724d : 00000000;
724e : 00000000;
724f : 00000000;
7250 : 00000000;
7251 : 00000000;
7252 : 00000000;
7253 : 00000000;
7254 : 00000000;
7255 : 00000000;
7256 : 00000000;
7257 : 00000000;
7258 : 00000000;
7259 : 00000000;
725a : 00000000;
725b : 00000000;
725c : 00000000;
725d : 00000000;
725e : 00000000;
725f : 00000000;
7260 : 00000000;
7261 : 00000000;
7262 : 00000000;
7263 : 00000000;
7264 : 00000000;
7265 : 00000000;
7266 : 00000000;
7267 : 00000000;
7268 : 00000000;
7269 : 00000000;
726a : 00000000;
726b : 00000000;
726c : 00000000;
726d : 00000000;
726e : 00000000;
726f : 00000000;
7270 : 00000000;
7271 : 00000000;
7272 : 00000000;
7273 : 00000000;
7274 : 00000000;
7275 : 00000000;
7276 : 00000000;
7277 : 00000000;
7278 : 00000000;
7279 : 00000000;
727a : 00000000;
727b : 00000000;
727c : 00000000;
727d : 00000000;
727e : 00000000;
727f : 00000000;
7280 : 00000000;
7281 : 00000000;
7282 : 00000000;
7283 : 00000000;
7284 : 00000000;
7285 : 00000000;
7286 : 00000000;
7287 : 00000000;
7288 : 00000000;
7289 : 00000000;
728a : 00000000;
728b : 00000000;
728c : 00000000;
728d : 00000000;
728e : 00000000;
728f : 00000000;
7290 : 00000000;
7291 : 00000000;
7292 : 00000000;
7293 : 00000000;
7294 : 00000000;
7295 : 00000000;
7296 : 00000000;
7297 : 00000000;
7298 : 00000000;
7299 : 00000000;
729a : 00000000;
729b : 00000000;
729c : 00000000;
729d : 00000000;
729e : 00000000;
729f : 00000000;
72a0 : 00000000;
72a1 : 00000000;
72a2 : 00000000;
72a3 : 00000000;
72a4 : 00000000;
72a5 : 00000000;
72a6 : 00000000;
72a7 : 00000000;
72a8 : 00000000;
72a9 : 00000000;
72aa : 00000000;
72ab : 00000000;
72ac : 00000000;
72ad : 00000000;
72ae : 00000000;
72af : 00000000;
72b0 : 00000000;
72b1 : 00000000;
72b2 : 00000000;
72b3 : 00000000;
72b4 : 00000000;
72b5 : 00000000;
72b6 : 00000000;
72b7 : 00000000;
72b8 : 00000000;
72b9 : 00000000;
72ba : 00000000;
72bb : 00000000;
72bc : 00000000;
72bd : 00000000;
72be : 00000000;
72bf : 00000000;
72c0 : 00000000;
72c1 : 00000000;
72c2 : 00000000;
72c3 : 00000000;
72c4 : 00000000;
72c5 : 00000000;
72c6 : 00000000;
72c7 : 00000000;
72c8 : 00000000;
72c9 : 00000000;
72ca : 00000000;
72cb : 00000000;
72cc : 00000000;
72cd : 00000000;
72ce : 00000000;
72cf : 00000000;
72d0 : 00000000;
72d1 : 00000000;
72d2 : 00000000;
72d3 : 00000000;
72d4 : 00000000;
72d5 : 00000000;
72d6 : 00000000;
72d7 : 00000000;
72d8 : 00000000;
72d9 : 00000000;
72da : 00000000;
72db : 00000000;
72dc : 00000000;
72dd : 00000000;
72de : 00000000;
72df : 00000000;
72e0 : 00000000;
72e1 : 00000000;
72e2 : 00000000;
72e3 : 00000000;
72e4 : 00000000;
72e5 : 00000000;
72e6 : 00000000;
72e7 : 00000000;
72e8 : 00000000;
72e9 : 00000000;
72ea : 00000000;
72eb : 00000000;
72ec : 00000000;
72ed : 00000000;
72ee : 00000000;
72ef : 00000000;
72f0 : 00000000;
72f1 : 00000000;
72f2 : 00000000;
72f3 : 00000000;
72f4 : 00000000;
72f5 : 00000000;
72f6 : 00000000;
72f7 : 00000000;
72f8 : 00000000;
72f9 : 00000000;
72fa : 00000000;
72fb : 00000000;
72fc : 00000000;
72fd : 00000000;
72fe : 00000000;
72ff : 00000000;
7300 : 00000000;
7301 : 00000000;
7302 : 00000000;
7303 : 00000000;
7304 : 00000000;
7305 : 00000000;
7306 : 00000000;
7307 : 00000000;
7308 : 00000000;
7309 : 00000000;
730a : 00000000;
730b : 00000000;
730c : 00000000;
730d : 00000000;
730e : 00000000;
730f : 00000000;
7310 : 00000000;
7311 : 00000000;
7312 : 00000000;
7313 : 00000000;
7314 : 00000000;
7315 : 00000000;
7316 : 00000000;
7317 : 00000000;
7318 : 00000000;
7319 : 00000000;
731a : 00000000;
731b : 00000000;
731c : 00000000;
731d : 00000000;
731e : 00000000;
731f : 00000000;
7320 : 00000000;
7321 : 00000000;
7322 : 00000000;
7323 : 00000000;
7324 : 00000000;
7325 : 00000000;
7326 : 00000000;
7327 : 00000000;
7328 : 00000000;
7329 : 00000000;
732a : 00000000;
732b : 00000000;
732c : 00000000;
732d : 00000000;
732e : 00000000;
732f : 00000000;
7330 : 00000000;
7331 : 00000000;
7332 : 00000000;
7333 : 00000000;
7334 : 00000000;
7335 : 00000000;
7336 : 00000000;
7337 : 00000000;
7338 : 00000000;
7339 : 00000000;
733a : 00000000;
733b : 00000000;
733c : 00000000;
733d : 00000000;
733e : 00000000;
733f : 00000000;
7340 : 00000000;
7341 : 00000000;
7342 : 00000000;
7343 : 00000000;
7344 : 00000000;
7345 : 00000000;
7346 : 00000000;
7347 : 00000000;
7348 : 00000000;
7349 : 00000000;
734a : 00000000;
734b : 00000000;
734c : 00000000;
734d : 00000000;
734e : 00000000;
734f : 00000000;
7350 : 00000000;
7351 : 00000000;
7352 : 00000000;
7353 : 00000000;
7354 : 00000000;
7355 : 00000000;
7356 : 00000000;
7357 : 00000000;
7358 : 00000000;
7359 : 00000000;
735a : 00000000;
735b : 00000000;
735c : 00000000;
735d : 00000000;
735e : 00000000;
735f : 00000000;
7360 : 00000000;
7361 : 00000000;
7362 : 00000000;
7363 : 00000000;
7364 : 00000000;
7365 : 00000000;
7366 : 00000000;
7367 : 00000000;
7368 : 00000000;
7369 : 00000000;
736a : 00000000;
736b : 00000000;
736c : 00000000;
736d : 00000000;
736e : 00000000;
736f : 00000000;
7370 : 00000000;
7371 : 00000000;
7372 : 00000000;
7373 : 00000000;
7374 : 00000000;
7375 : 00000000;
7376 : 00000000;
7377 : 00000000;
7378 : 00000000;
7379 : 00000000;
737a : 00000000;
737b : 00000000;
737c : 00000000;
737d : 00000000;
737e : 00000000;
737f : 00000000;
7380 : 00000000;
7381 : 00000000;
7382 : 00000000;
7383 : 00000000;
7384 : 00000000;
7385 : 00000000;
7386 : 00000000;
7387 : 00000000;
7388 : 00000000;
7389 : 00000000;
738a : 00000000;
738b : 00000000;
738c : 00000000;
738d : 00000000;
738e : 00000000;
738f : 00000000;
7390 : 00000000;
7391 : 00000000;
7392 : 00000000;
7393 : 00000000;
7394 : 00000000;
7395 : 00000000;
7396 : 00000000;
7397 : 00000000;
7398 : 00000000;
7399 : 00000000;
739a : 00000000;
739b : 00000000;
739c : 00000000;
739d : 00000000;
739e : 00000000;
739f : 00000000;
73a0 : 00000000;
73a1 : 00000000;
73a2 : 00000000;
73a3 : 00000000;
73a4 : 00000000;
73a5 : 00000000;
73a6 : 00000000;
73a7 : 00000000;
73a8 : 00000000;
73a9 : 00000000;
73aa : 00000000;
73ab : 00000000;
73ac : 00000000;
73ad : 00000000;
73ae : 00000000;
73af : 00000000;
73b0 : 00000000;
73b1 : 00000000;
73b2 : 00000000;
73b3 : 00000000;
73b4 : 00000000;
73b5 : 00000000;
73b6 : 00000000;
73b7 : 00000000;
73b8 : 00000000;
73b9 : 00000000;
73ba : 00000000;
73bb : 00000000;
73bc : 00000000;
73bd : 00000000;
73be : 00000000;
73bf : 00000000;
73c0 : 00000000;
73c1 : 00000000;
73c2 : 00000000;
73c3 : 00000000;
73c4 : 00000000;
73c5 : 00000000;
73c6 : 00000000;
73c7 : 00000000;
73c8 : 00000000;
73c9 : 00000000;
73ca : 00000000;
73cb : 00000000;
73cc : 00000000;
73cd : 00000000;
73ce : 00000000;
73cf : 00000000;
73d0 : 00000000;
73d1 : 00000000;
73d2 : 00000000;
73d3 : 00000000;
73d4 : 00000000;
73d5 : 00000000;
73d6 : 00000000;
73d7 : 00000000;
73d8 : 00000000;
73d9 : 00000000;
73da : 00000000;
73db : 00000000;
73dc : 00000000;
73dd : 00000000;
73de : 00000000;
73df : 00000000;
73e0 : 00000000;
73e1 : 00000000;
73e2 : 00000000;
73e3 : 00000000;
73e4 : 00000000;
73e5 : 00000000;
73e6 : 00000000;
73e7 : 00000000;
73e8 : 00000000;
73e9 : 00000000;
73ea : 00000000;
73eb : 00000000;
73ec : 00000000;
73ed : 00000000;
73ee : 00000000;
73ef : 00000000;
73f0 : 00000000;
73f1 : 00000000;
73f2 : 00000000;
73f3 : 00000000;
73f4 : 00000000;
73f5 : 00000000;
73f6 : 00000000;
73f7 : 00000000;
73f8 : 00000000;
73f9 : 00000000;
73fa : 00000000;
73fb : 00000000;
73fc : 00000000;
73fd : 00000000;
73fe : 00000000;
73ff : 00000000;
7400 : 00000000;
7401 : 00000000;
7402 : 00000000;
7403 : 00000000;
7404 : 00000000;
7405 : 00000000;
7406 : 00000000;
7407 : 00000000;
7408 : 00000000;
7409 : 00000000;
740a : 00000000;
740b : 00000000;
740c : 00000000;
740d : 00000000;
740e : 00000000;
740f : 00000000;
7410 : 00000000;
7411 : 00000000;
7412 : 00000000;
7413 : 00000000;
7414 : 00000000;
7415 : 00000000;
7416 : 00000000;
7417 : 00000000;
7418 : 00000000;
7419 : 00000000;
741a : 00000000;
741b : 00000000;
741c : 00000000;
741d : 00000000;
741e : 00000000;
741f : 00000000;
7420 : 00000000;
7421 : 00000000;
7422 : 00000000;
7423 : 00000000;
7424 : 00000000;
7425 : 00000000;
7426 : 00000000;
7427 : 00000000;
7428 : 00000000;
7429 : 00000000;
742a : 00000000;
742b : 00000000;
742c : 00000000;
742d : 00000000;
742e : 00000000;
742f : 00000000;
7430 : 00000000;
7431 : 00000000;
7432 : 00000000;
7433 : 00000000;
7434 : 00000000;
7435 : 00000000;
7436 : 00000000;
7437 : 00000000;
7438 : 00000000;
7439 : 00000000;
743a : 00000000;
743b : 00000000;
743c : 00000000;
743d : 00000000;
743e : 00000000;
743f : 00000000;
7440 : 00000000;
7441 : 00000000;
7442 : 00000000;
7443 : 00000000;
7444 : 00000000;
7445 : 00000000;
7446 : 00000000;
7447 : 00000000;
7448 : 00000000;
7449 : 00000000;
744a : 00000000;
744b : 00000000;
744c : 00000000;
744d : 00000000;
744e : 00000000;
744f : 00000000;
7450 : 00000000;
7451 : 00000000;
7452 : 00000000;
7453 : 00000000;
7454 : 00000000;
7455 : 00000000;
7456 : 00000000;
7457 : 00000000;
7458 : 00000000;
7459 : 00000000;
745a : 00000000;
745b : 00000000;
745c : 00000000;
745d : 00000000;
745e : 00000000;
745f : 00000000;
7460 : 00000000;
7461 : 00000000;
7462 : 00000000;
7463 : 00000000;
7464 : 00000000;
7465 : 00000000;
7466 : 00000000;
7467 : 00000000;
7468 : 00000000;
7469 : 00000000;
746a : 00000000;
746b : 00000000;
746c : 00000000;
746d : 00000000;
746e : 00000000;
746f : 00000000;
7470 : 00000000;
7471 : 00000000;
7472 : 00000000;
7473 : 00000000;
7474 : 00000000;
7475 : 00000000;
7476 : 00000000;
7477 : 00000000;
7478 : 00000000;
7479 : 00000000;
747a : 00000000;
747b : 00000000;
747c : 00000000;
747d : 00000000;
747e : 00000000;
747f : 00000000;
7480 : 00000000;
7481 : 00000000;
7482 : 00000000;
7483 : 00000000;
7484 : 00000000;
7485 : 00000000;
7486 : 00000000;
7487 : 00000000;
7488 : 00000000;
7489 : 00000000;
748a : 00000000;
748b : 00000000;
748c : 00000000;
748d : 00000000;
748e : 00000000;
748f : 00000000;
7490 : 00000000;
7491 : 00000000;
7492 : 00000000;
7493 : 00000000;
7494 : 00000000;
7495 : 00000000;
7496 : 00000000;
7497 : 00000000;
7498 : 00000000;
7499 : 00000000;
749a : 00000000;
749b : 00000000;
749c : 00000000;
749d : 00000000;
749e : 00000000;
749f : 00000000;
74a0 : 00000000;
74a1 : 00000000;
74a2 : 00000000;
74a3 : 00000000;
74a4 : 00000000;
74a5 : 00000000;
74a6 : 00000000;
74a7 : 00000000;
74a8 : 00000000;
74a9 : 00000000;
74aa : 00000000;
74ab : 00000000;
74ac : 00000000;
74ad : 00000000;
74ae : 00000000;
74af : 00000000;
74b0 : 00000000;
74b1 : 00000000;
74b2 : 00000000;
74b3 : 00000000;
74b4 : 00000000;
74b5 : 00000000;
74b6 : 00000000;
74b7 : 00000000;
74b8 : 00000000;
74b9 : 00000000;
74ba : 00000000;
74bb : 00000000;
74bc : 00000000;
74bd : 00000000;
74be : 00000000;
74bf : 00000000;
74c0 : 00000000;
74c1 : 00000000;
74c2 : 00000000;
74c3 : 00000000;
74c4 : 00000000;
74c5 : 00000000;
74c6 : 00000000;
74c7 : 00000000;
74c8 : 00000000;
74c9 : 00000000;
74ca : 00000000;
74cb : 00000000;
74cc : 00000000;
74cd : 00000000;
74ce : 00000000;
74cf : 00000000;
74d0 : 00000000;
74d1 : 00000000;
74d2 : 00000000;
74d3 : 00000000;
74d4 : 00000000;
74d5 : 00000000;
74d6 : 00000000;
74d7 : 00000000;
74d8 : 00000000;
74d9 : 00000000;
74da : 00000000;
74db : 00000000;
74dc : 00000000;
74dd : 00000000;
74de : 00000000;
74df : 00000000;
74e0 : 00000000;
74e1 : 00000000;
74e2 : 00000000;
74e3 : 00000000;
74e4 : 00000000;
74e5 : 00000000;
74e6 : 00000000;
74e7 : 00000000;
74e8 : 00000000;
74e9 : 00000000;
74ea : 00000000;
74eb : 00000000;
74ec : 00000000;
74ed : 00000000;
74ee : 00000000;
74ef : 00000000;
74f0 : 00000000;
74f1 : 00000000;
74f2 : 00000000;
74f3 : 00000000;
74f4 : 00000000;
74f5 : 00000000;
74f6 : 00000000;
74f7 : 00000000;
74f8 : 00000000;
74f9 : 00000000;
74fa : 00000000;
74fb : 00000000;
74fc : 00000000;
74fd : 00000000;
74fe : 00000000;
74ff : 00000000;
7500 : 00000000;
7501 : 00000000;
7502 : 00000000;
7503 : 00000000;
7504 : 00000000;
7505 : 00000000;
7506 : 00000000;
7507 : 00000000;
7508 : 00000000;
7509 : 00000000;
750a : 00000000;
750b : 00000000;
750c : 00000000;
750d : 00000000;
750e : 00000000;
750f : 00000000;
7510 : 00000000;
7511 : 00000000;
7512 : 00000000;
7513 : 00000000;
7514 : 00000000;
7515 : 00000000;
7516 : 00000000;
7517 : 00000000;
7518 : 00000000;
7519 : 00000000;
751a : 00000000;
751b : 00000000;
751c : 00000000;
751d : 00000000;
751e : 00000000;
751f : 00000000;
7520 : 00000000;
7521 : 00000000;
7522 : 00000000;
7523 : 00000000;
7524 : 00000000;
7525 : 00000000;
7526 : 00000000;
7527 : 00000000;
7528 : 00000000;
7529 : 00000000;
752a : 00000000;
752b : 00000000;
752c : 00000000;
752d : 00000000;
752e : 00000000;
752f : 00000000;
7530 : 00000000;
7531 : 00000000;
7532 : 00000000;
7533 : 00000000;
7534 : 00000000;
7535 : 00000000;
7536 : 00000000;
7537 : 00000000;
7538 : 00000000;
7539 : 00000000;
753a : 00000000;
753b : 00000000;
753c : 00000000;
753d : 00000000;
753e : 00000000;
753f : 00000000;
7540 : 00000000;
7541 : 00000000;
7542 : 00000000;
7543 : 00000000;
7544 : 00000000;
7545 : 00000000;
7546 : 00000000;
7547 : 00000000;
7548 : 00000000;
7549 : 00000000;
754a : 00000000;
754b : 00000000;
754c : 00000000;
754d : 00000000;
754e : 00000000;
754f : 00000000;
7550 : 00000000;
7551 : 00000000;
7552 : 00000000;
7553 : 00000000;
7554 : 00000000;
7555 : 00000000;
7556 : 00000000;
7557 : 00000000;
7558 : 00000000;
7559 : 00000000;
755a : 00000000;
755b : 00000000;
755c : 00000000;
755d : 00000000;
755e : 00000000;
755f : 00000000;
7560 : 00000000;
7561 : 00000000;
7562 : 00000000;
7563 : 00000000;
7564 : 00000000;
7565 : 00000000;
7566 : 00000000;
7567 : 00000000;
7568 : 00000000;
7569 : 00000000;
756a : 00000000;
756b : 00000000;
756c : 00000000;
756d : 00000000;
756e : 00000000;
756f : 00000000;
7570 : 00000000;
7571 : 00000000;
7572 : 00000000;
7573 : 00000000;
7574 : 00000000;
7575 : 00000000;
7576 : 00000000;
7577 : 00000000;
7578 : 00000000;
7579 : 00000000;
757a : 00000000;
757b : 00000000;
757c : 00000000;
757d : 00000000;
757e : 00000000;
757f : 00000000;
7580 : 00000000;
7581 : 00000000;
7582 : 00000000;
7583 : 00000000;
7584 : 00000000;
7585 : 00000000;
7586 : 00000000;
7587 : 00000000;
7588 : 00000000;
7589 : 00000000;
758a : 00000000;
758b : 00000000;
758c : 00000000;
758d : 00000000;
758e : 00000000;
758f : 00000000;
7590 : 00000000;
7591 : 00000000;
7592 : 00000000;
7593 : 00000000;
7594 : 00000000;
7595 : 00000000;
7596 : 00000000;
7597 : 00000000;
7598 : 00000000;
7599 : 00000000;
759a : 00000000;
759b : 00000000;
759c : 00000000;
759d : 00000000;
759e : 00000000;
759f : 00000000;
75a0 : 00000000;
75a1 : 00000000;
75a2 : 00000000;
75a3 : 00000000;
75a4 : 00000000;
75a5 : 00000000;
75a6 : 00000000;
75a7 : 00000000;
75a8 : 00000000;
75a9 : 00000000;
75aa : 00000000;
75ab : 00000000;
75ac : 00000000;
75ad : 00000000;
75ae : 00000000;
75af : 00000000;
75b0 : 00000000;
75b1 : 00000000;
75b2 : 00000000;
75b3 : 00000000;
75b4 : 00000000;
75b5 : 00000000;
75b6 : 00000000;
75b7 : 00000000;
75b8 : 00000000;
75b9 : 00000000;
75ba : 00000000;
75bb : 00000000;
75bc : 00000000;
75bd : 00000000;
75be : 00000000;
75bf : 00000000;
75c0 : 00000000;
75c1 : 00000000;
75c2 : 00000000;
75c3 : 00000000;
75c4 : 00000000;
75c5 : 00000000;
75c6 : 00000000;
75c7 : 00000000;
75c8 : 00000000;
75c9 : 00000000;
75ca : 00000000;
75cb : 00000000;
75cc : 00000000;
75cd : 00000000;
75ce : 00000000;
75cf : 00000000;
75d0 : 00000000;
75d1 : 00000000;
75d2 : 00000000;
75d3 : 00000000;
75d4 : 00000000;
75d5 : 00000000;
75d6 : 00000000;
75d7 : 00000000;
75d8 : 00000000;
75d9 : 00000000;
75da : 00000000;
75db : 00000000;
75dc : 00000000;
75dd : 00000000;
75de : 00000000;
75df : 00000000;
75e0 : 00000000;
75e1 : 00000000;
75e2 : 00000000;
75e3 : 00000000;
75e4 : 00000000;
75e5 : 00000000;
75e6 : 00000000;
75e7 : 00000000;
75e8 : 00000000;
75e9 : 00000000;
75ea : 00000000;
75eb : 00000000;
75ec : 00000000;
75ed : 00000000;
75ee : 00000000;
75ef : 00000000;
75f0 : 00000000;
75f1 : 00000000;
75f2 : 00000000;
75f3 : 00000000;
75f4 : 00000000;
75f5 : 00000000;
75f6 : 00000000;
75f7 : 00000000;
75f8 : 00000000;
75f9 : 00000000;
75fa : 00000000;
75fb : 00000000;
75fc : 00000000;
75fd : 00000000;
75fe : 00000000;
75ff : 00000000;
7600 : 00000000;
7601 : 00000000;
7602 : 00000000;
7603 : 00000000;
7604 : 00000000;
7605 : 00000000;
7606 : 00000000;
7607 : 00000000;
7608 : 00000000;
7609 : 00000000;
760a : 00000000;
760b : 00000000;
760c : 00000000;
760d : 00000000;
760e : 00000000;
760f : 00000000;
7610 : 00000000;
7611 : 00000000;
7612 : 00000000;
7613 : 00000000;
7614 : 00000000;
7615 : 00000000;
7616 : 00000000;
7617 : 00000000;
7618 : 00000000;
7619 : 00000000;
761a : 00000000;
761b : 00000000;
761c : 00000000;
761d : 00000000;
761e : 00000000;
761f : 00000000;
7620 : 00000000;
7621 : 00000000;
7622 : 00000000;
7623 : 00000000;
7624 : 00000000;
7625 : 00000000;
7626 : 00000000;
7627 : 00000000;
7628 : 00000000;
7629 : 00000000;
762a : 00000000;
762b : 00000000;
762c : 00000000;
762d : 00000000;
762e : 00000000;
762f : 00000000;
7630 : 00000000;
7631 : 00000000;
7632 : 00000000;
7633 : 00000000;
7634 : 00000000;
7635 : 00000000;
7636 : 00000000;
7637 : 00000000;
7638 : 00000000;
7639 : 00000000;
763a : 00000000;
763b : 00000000;
763c : 00000000;
763d : 00000000;
763e : 00000000;
763f : 00000000;
7640 : 00000000;
7641 : 00000000;
7642 : 00000000;
7643 : 00000000;
7644 : 00000000;
7645 : 00000000;
7646 : 00000000;
7647 : 00000000;
7648 : 00000000;
7649 : 00000000;
764a : 00000000;
764b : 00000000;
764c : 00000000;
764d : 00000000;
764e : 00000000;
764f : 00000000;
7650 : 00000000;
7651 : 00000000;
7652 : 00000000;
7653 : 00000000;
7654 : 00000000;
7655 : 00000000;
7656 : 00000000;
7657 : 00000000;
7658 : 00000000;
7659 : 00000000;
765a : 00000000;
765b : 00000000;
765c : 00000000;
765d : 00000000;
765e : 00000000;
765f : 00000000;
7660 : 00000000;
7661 : 00000000;
7662 : 00000000;
7663 : 00000000;
7664 : 00000000;
7665 : 00000000;
7666 : 00000000;
7667 : 00000000;
7668 : 00000000;
7669 : 00000000;
766a : 00000000;
766b : 00000000;
766c : 00000000;
766d : 00000000;
766e : 00000000;
766f : 00000000;
7670 : 00000000;
7671 : 00000000;
7672 : 00000000;
7673 : 00000000;
7674 : 00000000;
7675 : 00000000;
7676 : 00000000;
7677 : 00000000;
7678 : 00000000;
7679 : 00000000;
767a : 00000000;
767b : 00000000;
767c : 00000000;
767d : 00000000;
767e : 00000000;
767f : 00000000;
7680 : 00000000;
7681 : 00000000;
7682 : 00000000;
7683 : 00000000;
7684 : 00000000;
7685 : 00000000;
7686 : 00000000;
7687 : 00000000;
7688 : 00000000;
7689 : 00000000;
768a : 00000000;
768b : 00000000;
768c : 00000000;
768d : 00000000;
768e : 00000000;
768f : 00000000;
7690 : 00000000;
7691 : 00000000;
7692 : 00000000;
7693 : 00000000;
7694 : 00000000;
7695 : 00000000;
7696 : 00000000;
7697 : 00000000;
7698 : 00000000;
7699 : 00000000;
769a : 00000000;
769b : 00000000;
769c : 00000000;
769d : 00000000;
769e : 00000000;
769f : 00000000;
76a0 : 00000000;
76a1 : 00000000;
76a2 : 00000000;
76a3 : 00000000;
76a4 : 00000000;
76a5 : 00000000;
76a6 : 00000000;
76a7 : 00000000;
76a8 : 00000000;
76a9 : 00000000;
76aa : 00000000;
76ab : 00000000;
76ac : 00000000;
76ad : 00000000;
76ae : 00000000;
76af : 00000000;
76b0 : 00000000;
76b1 : 00000000;
76b2 : 00000000;
76b3 : 00000000;
76b4 : 00000000;
76b5 : 00000000;
76b6 : 00000000;
76b7 : 00000000;
76b8 : 00000000;
76b9 : 00000000;
76ba : 00000000;
76bb : 00000000;
76bc : 00000000;
76bd : 00000000;
76be : 00000000;
76bf : 00000000;
76c0 : 00000000;
76c1 : 00000000;
76c2 : 00000000;
76c3 : 00000000;
76c4 : 00000000;
76c5 : 00000000;
76c6 : 00000000;
76c7 : 00000000;
76c8 : 00000000;
76c9 : 00000000;
76ca : 00000000;
76cb : 00000000;
76cc : 00000000;
76cd : 00000000;
76ce : 00000000;
76cf : 00000000;
76d0 : 00000000;
76d1 : 00000000;
76d2 : 00000000;
76d3 : 00000000;
76d4 : 00000000;
76d5 : 00000000;
76d6 : 00000000;
76d7 : 00000000;
76d8 : 00000000;
76d9 : 00000000;
76da : 00000000;
76db : 00000000;
76dc : 00000000;
76dd : 00000000;
76de : 00000000;
76df : 00000000;
76e0 : 00000000;
76e1 : 00000000;
76e2 : 00000000;
76e3 : 00000000;
76e4 : 00000000;
76e5 : 00000000;
76e6 : 00000000;
76e7 : 00000000;
76e8 : 00000000;
76e9 : 00000000;
76ea : 00000000;
76eb : 00000000;
76ec : 00000000;
76ed : 00000000;
76ee : 00000000;
76ef : 00000000;
76f0 : 00000000;
76f1 : 00000000;
76f2 : 00000000;
76f3 : 00000000;
76f4 : 00000000;
76f5 : 00000000;
76f6 : 00000000;
76f7 : 00000000;
76f8 : 00000000;
76f9 : 00000000;
76fa : 00000000;
76fb : 00000000;
76fc : 00000000;
76fd : 00000000;
76fe : 00000000;
76ff : 00000000;
7700 : 00000000;
7701 : 00000000;
7702 : 00000000;
7703 : 00000000;
7704 : 00000000;
7705 : 00000000;
7706 : 00000000;
7707 : 00000000;
7708 : 00000000;
7709 : 00000000;
770a : 00000000;
770b : 00000000;
770c : 00000000;
770d : 00000000;
770e : 00000000;
770f : 00000000;
7710 : 00000000;
7711 : 00000000;
7712 : 00000000;
7713 : 00000000;
7714 : 00000000;
7715 : 00000000;
7716 : 00000000;
7717 : 00000000;
7718 : 00000000;
7719 : 00000000;
771a : 00000000;
771b : 00000000;
771c : 00000000;
771d : 00000000;
771e : 00000000;
771f : 00000000;
7720 : 00000000;
7721 : 00000000;
7722 : 00000000;
7723 : 00000000;
7724 : 00000000;
7725 : 00000000;
7726 : 00000000;
7727 : 00000000;
7728 : 00000000;
7729 : 00000000;
772a : 00000000;
772b : 00000000;
772c : 00000000;
772d : 00000000;
772e : 00000000;
772f : 00000000;
7730 : 00000000;
7731 : 00000000;
7732 : 00000000;
7733 : 00000000;
7734 : 00000000;
7735 : 00000000;
7736 : 00000000;
7737 : 00000000;
7738 : 00000000;
7739 : 00000000;
773a : 00000000;
773b : 00000000;
773c : 00000000;
773d : 00000000;
773e : 00000000;
773f : 00000000;
7740 : 00000000;
7741 : 00000000;
7742 : 00000000;
7743 : 00000000;
7744 : 00000000;
7745 : 00000000;
7746 : 00000000;
7747 : 00000000;
7748 : 00000000;
7749 : 00000000;
774a : 00000000;
774b : 00000000;
774c : 00000000;
774d : 00000000;
774e : 00000000;
774f : 00000000;
7750 : 00000000;
7751 : 00000000;
7752 : 00000000;
7753 : 00000000;
7754 : 00000000;
7755 : 00000000;
7756 : 00000000;
7757 : 00000000;
7758 : 00000000;
7759 : 00000000;
775a : 00000000;
775b : 00000000;
775c : 00000000;
775d : 00000000;
775e : 00000000;
775f : 00000000;
7760 : 00000000;
7761 : 00000000;
7762 : 00000000;
7763 : 00000000;
7764 : 00000000;
7765 : 00000000;
7766 : 00000000;
7767 : 00000000;
7768 : 00000000;
7769 : 00000000;
776a : 00000000;
776b : 00000000;
776c : 00000000;
776d : 00000000;
776e : 00000000;
776f : 00000000;
7770 : 00000000;
7771 : 00000000;
7772 : 00000000;
7773 : 00000000;
7774 : 00000000;
7775 : 00000000;
7776 : 00000000;
7777 : 00000000;
7778 : 00000000;
7779 : 00000000;
777a : 00000000;
777b : 00000000;
777c : 00000000;
777d : 00000000;
777e : 00000000;
777f : 00000000;
7780 : 00000000;
7781 : 00000000;
7782 : 00000000;
7783 : 00000000;
7784 : 00000000;
7785 : 00000000;
7786 : 00000000;
7787 : 00000000;
7788 : 00000000;
7789 : 00000000;
778a : 00000000;
778b : 00000000;
778c : 00000000;
778d : 00000000;
778e : 00000000;
778f : 00000000;
7790 : 00000000;
7791 : 00000000;
7792 : 00000000;
7793 : 00000000;
7794 : 00000000;
7795 : 00000000;
7796 : 00000000;
7797 : 00000000;
7798 : 00000000;
7799 : 00000000;
779a : 00000000;
779b : 00000000;
779c : 00000000;
779d : 00000000;
779e : 00000000;
779f : 00000000;
77a0 : 00000000;
77a1 : 00000000;
77a2 : 00000000;
77a3 : 00000000;
77a4 : 00000000;
77a5 : 00000000;
77a6 : 00000000;
77a7 : 00000000;
77a8 : 00000000;
77a9 : 00000000;
77aa : 00000000;
77ab : 00000000;
77ac : 00000000;
77ad : 00000000;
77ae : 00000000;
77af : 00000000;
77b0 : 00000000;
77b1 : 00000000;
77b2 : 00000000;
77b3 : 00000000;
77b4 : 00000000;
77b5 : 00000000;
77b6 : 00000000;
77b7 : 00000000;
77b8 : 00000000;
77b9 : 00000000;
77ba : 00000000;
77bb : 00000000;
77bc : 00000000;
77bd : 00000000;
77be : 00000000;
77bf : 00000000;
77c0 : 00000000;
77c1 : 00000000;
77c2 : 00000000;
77c3 : 00000000;
77c4 : 00000000;
77c5 : 00000000;
77c6 : 00000000;
77c7 : 00000000;
77c8 : 00000000;
77c9 : 00000000;
77ca : 00000000;
77cb : 00000000;
77cc : 00000000;
77cd : 00000000;
77ce : 00000000;
77cf : 00000000;
77d0 : 00000000;
77d1 : 00000000;
77d2 : 00000000;
77d3 : 00000000;
77d4 : 00000000;
77d5 : 00000000;
77d6 : 00000000;
77d7 : 00000000;
77d8 : 00000000;
77d9 : 00000000;
77da : 00000000;
77db : 00000000;
77dc : 00000000;
77dd : 00000000;
77de : 00000000;
77df : 00000000;
77e0 : 00000000;
77e1 : 00000000;
77e2 : 00000000;
77e3 : 00000000;
77e4 : 00000000;
77e5 : 00000000;
77e6 : 00000000;
77e7 : 00000000;
77e8 : 00000000;
77e9 : 00000000;
77ea : 00000000;
77eb : 00000000;
77ec : 00000000;
77ed : 00000000;
77ee : 00000000;
77ef : 00000000;
77f0 : 00000000;
77f1 : 00000000;
77f2 : 00000000;
77f3 : 00000000;
77f4 : 00000000;
77f5 : 00000000;
77f6 : 00000000;
77f7 : 00000000;
77f8 : 00000000;
77f9 : 00000000;
77fa : 00000000;
77fb : 00000000;
77fc : 00000000;
77fd : 00000000;
77fe : 00000000;
77ff : 00000000;
7800 : 00000000;
7801 : 00000000;
7802 : 00000000;
7803 : 00000000;
7804 : 00000000;
7805 : 00000000;
7806 : 00000000;
7807 : 00000000;
7808 : 00000000;
7809 : 00000000;
780a : 00000000;
780b : 00000000;
780c : 00000000;
780d : 00000000;
780e : 00000000;
780f : 00000000;
7810 : 00000000;
7811 : 00000000;
7812 : 00000000;
7813 : 00000000;
7814 : 00000000;
7815 : 00000000;
7816 : 00000000;
7817 : 00000000;
7818 : 00000000;
7819 : 00000000;
781a : 00000000;
781b : 00000000;
781c : 00000000;
781d : 00000000;
781e : 00000000;
781f : 00000000;
7820 : 00000000;
7821 : 00000000;
7822 : 00000000;
7823 : 00000000;
7824 : 00000000;
7825 : 00000000;
7826 : 00000000;
7827 : 00000000;
7828 : 00000000;
7829 : 00000000;
782a : 00000000;
782b : 00000000;
782c : 00000000;
782d : 00000000;
782e : 00000000;
782f : 00000000;
7830 : 00000000;
7831 : 00000000;
7832 : 00000000;
7833 : 00000000;
7834 : 00000000;
7835 : 00000000;
7836 : 00000000;
7837 : 00000000;
7838 : 00000000;
7839 : 00000000;
783a : 00000000;
783b : 00000000;
783c : 00000000;
783d : 00000000;
783e : 00000000;
783f : 00000000;
7840 : 00000000;
7841 : 00000000;
7842 : 00000000;
7843 : 00000000;
7844 : 00000000;
7845 : 00000000;
7846 : 00000000;
7847 : 00000000;
7848 : 00000000;
7849 : 00000000;
784a : 00000000;
784b : 00000000;
784c : 00000000;
784d : 00000000;
784e : 00000000;
784f : 00000000;
7850 : 00000000;
7851 : 00000000;
7852 : 00000000;
7853 : 00000000;
7854 : 00000000;
7855 : 00000000;
7856 : 00000000;
7857 : 00000000;
7858 : 00000000;
7859 : 00000000;
785a : 00000000;
785b : 00000000;
785c : 00000000;
785d : 00000000;
785e : 00000000;
785f : 00000000;
7860 : 00000000;
7861 : 00000000;
7862 : 00000000;
7863 : 00000000;
7864 : 00000000;
7865 : 00000000;
7866 : 00000000;
7867 : 00000000;
7868 : 00000000;
7869 : 00000000;
786a : 00000000;
786b : 00000000;
786c : 00000000;
786d : 00000000;
786e : 00000000;
786f : 00000000;
7870 : 00000000;
7871 : 00000000;
7872 : 00000000;
7873 : 00000000;
7874 : 00000000;
7875 : 00000000;
7876 : 00000000;
7877 : 00000000;
7878 : 00000000;
7879 : 00000000;
787a : 00000000;
787b : 00000000;
787c : 00000000;
787d : 00000000;
787e : 00000000;
787f : 00000000;
7880 : 00000000;
7881 : 00000000;
7882 : 00000000;
7883 : 00000000;
7884 : 00000000;
7885 : 00000000;
7886 : 00000000;
7887 : 00000000;
7888 : 00000000;
7889 : 00000000;
788a : 00000000;
788b : 00000000;
788c : 00000000;
788d : 00000000;
788e : 00000000;
788f : 00000000;
7890 : 00000000;
7891 : 00000000;
7892 : 00000000;
7893 : 00000000;
7894 : 00000000;
7895 : 00000000;
7896 : 00000000;
7897 : 00000000;
7898 : 00000000;
7899 : 00000000;
789a : 00000000;
789b : 00000000;
789c : 00000000;
789d : 00000000;
789e : 00000000;
789f : 00000000;
78a0 : 00000000;
78a1 : 00000000;
78a2 : 00000000;
78a3 : 00000000;
78a4 : 00000000;
78a5 : 00000000;
78a6 : 00000000;
78a7 : 00000000;
78a8 : 00000000;
78a9 : 00000000;
78aa : 00000000;
78ab : 00000000;
78ac : 00000000;
78ad : 00000000;
78ae : 00000000;
78af : 00000000;
78b0 : 00000000;
78b1 : 00000000;
78b2 : 00000000;
78b3 : 00000000;
78b4 : 00000000;
78b5 : 00000000;
78b6 : 00000000;
78b7 : 00000000;
78b8 : 00000000;
78b9 : 00000000;
78ba : 00000000;
78bb : 00000000;
78bc : 00000000;
78bd : 00000000;
78be : 00000000;
78bf : 00000000;
78c0 : 00000000;
78c1 : 00000000;
78c2 : 00000000;
78c3 : 00000000;
78c4 : 00000000;
78c5 : 00000000;
78c6 : 00000000;
78c7 : 00000000;
78c8 : 00000000;
78c9 : 00000000;
78ca : 00000000;
78cb : 00000000;
78cc : 00000000;
78cd : 00000000;
78ce : 00000000;
78cf : 00000000;
78d0 : 00000000;
78d1 : 00000000;
78d2 : 00000000;
78d3 : 00000000;
78d4 : 00000000;
78d5 : 00000000;
78d6 : 00000000;
78d7 : 00000000;
78d8 : 00000000;
78d9 : 00000000;
78da : 00000000;
78db : 00000000;
78dc : 00000000;
78dd : 00000000;
78de : 00000000;
78df : 00000000;
78e0 : 00000000;
78e1 : 00000000;
78e2 : 00000000;
78e3 : 00000000;
78e4 : 00000000;
78e5 : 00000000;
78e6 : 00000000;
78e7 : 00000000;
78e8 : 00000000;
78e9 : 00000000;
78ea : 00000000;
78eb : 00000000;
78ec : 00000000;
78ed : 00000000;
78ee : 00000000;
78ef : 00000000;
78f0 : 00000000;
78f1 : 00000000;
78f2 : 00000000;
78f3 : 00000000;
78f4 : 00000000;
78f5 : 00000000;
78f6 : 00000000;
78f7 : 00000000;
78f8 : 00000000;
78f9 : 00000000;
78fa : 00000000;
78fb : 00000000;
78fc : 00000000;
78fd : 00000000;
78fe : 00000000;
78ff : 00000000;
7900 : 00000000;
7901 : 00000000;
7902 : 00000000;
7903 : 00000000;
7904 : 00000000;
7905 : 00000000;
7906 : 00000000;
7907 : 00000000;
7908 : 00000000;
7909 : 00000000;
790a : 00000000;
790b : 00000000;
790c : 00000000;
790d : 00000000;
790e : 00000000;
790f : 00000000;
7910 : 00000000;
7911 : 00000000;
7912 : 00000000;
7913 : 00000000;
7914 : 00000000;
7915 : 00000000;
7916 : 00000000;
7917 : 00000000;
7918 : 00000000;
7919 : 00000000;
791a : 00000000;
791b : 00000000;
791c : 00000000;
791d : 00000000;
791e : 00000000;
791f : 00000000;
7920 : 00000000;
7921 : 00000000;
7922 : 00000000;
7923 : 00000000;
7924 : 00000000;
7925 : 00000000;
7926 : 00000000;
7927 : 00000000;
7928 : 00000000;
7929 : 00000000;
792a : 00000000;
792b : 00000000;
792c : 00000000;
792d : 00000000;
792e : 00000000;
792f : 00000000;
7930 : 00000000;
7931 : 00000000;
7932 : 00000000;
7933 : 00000000;
7934 : 00000000;
7935 : 00000000;
7936 : 00000000;
7937 : 00000000;
7938 : 00000000;
7939 : 00000000;
793a : 00000000;
793b : 00000000;
793c : 00000000;
793d : 00000000;
793e : 00000000;
793f : 00000000;
7940 : 00000000;
7941 : 00000000;
7942 : 00000000;
7943 : 00000000;
7944 : 00000000;
7945 : 00000000;
7946 : 00000000;
7947 : 00000000;
7948 : 00000000;
7949 : 00000000;
794a : 00000000;
794b : 00000000;
794c : 00000000;
794d : 00000000;
794e : 00000000;
794f : 00000000;
7950 : 00000000;
7951 : 00000000;
7952 : 00000000;
7953 : 00000000;
7954 : 00000000;
7955 : 00000000;
7956 : 00000000;
7957 : 00000000;
7958 : 00000000;
7959 : 00000000;
795a : 00000000;
795b : 00000000;
795c : 00000000;
795d : 00000000;
795e : 00000000;
795f : 00000000;
7960 : 00000000;
7961 : 00000000;
7962 : 00000000;
7963 : 00000000;
7964 : 00000000;
7965 : 00000000;
7966 : 00000000;
7967 : 00000000;
7968 : 00000000;
7969 : 00000000;
796a : 00000000;
796b : 00000000;
796c : 00000000;
796d : 00000000;
796e : 00000000;
796f : 00000000;
7970 : 00000000;
7971 : 00000000;
7972 : 00000000;
7973 : 00000000;
7974 : 00000000;
7975 : 00000000;
7976 : 00000000;
7977 : 00000000;
7978 : 00000000;
7979 : 00000000;
797a : 00000000;
797b : 00000000;
797c : 00000000;
797d : 00000000;
797e : 00000000;
797f : 00000000;
7980 : 00000000;
7981 : 00000000;
7982 : 00000000;
7983 : 00000000;
7984 : 00000000;
7985 : 00000000;
7986 : 00000000;
7987 : 00000000;
7988 : 00000000;
7989 : 00000000;
798a : 00000000;
798b : 00000000;
798c : 00000000;
798d : 00000000;
798e : 00000000;
798f : 00000000;
7990 : 00000000;
7991 : 00000000;
7992 : 00000000;
7993 : 00000000;
7994 : 00000000;
7995 : 00000000;
7996 : 00000000;
7997 : 00000000;
7998 : 00000000;
7999 : 00000000;
799a : 00000000;
799b : 00000000;
799c : 00000000;
799d : 00000000;
799e : 00000000;
799f : 00000000;
79a0 : 00000000;
79a1 : 00000000;
79a2 : 00000000;
79a3 : 00000000;
79a4 : 00000000;
79a5 : 00000000;
79a6 : 00000000;
79a7 : 00000000;
79a8 : 00000000;
79a9 : 00000000;
79aa : 00000000;
79ab : 00000000;
79ac : 00000000;
79ad : 00000000;
79ae : 00000000;
79af : 00000000;
79b0 : 00000000;
79b1 : 00000000;
79b2 : 00000000;
79b3 : 00000000;
79b4 : 00000000;
79b5 : 00000000;
79b6 : 00000000;
79b7 : 00000000;
79b8 : 00000000;
79b9 : 00000000;
79ba : 00000000;
79bb : 00000000;
79bc : 00000000;
79bd : 00000000;
79be : 00000000;
79bf : 00000000;
79c0 : 00000000;
79c1 : 00000000;
79c2 : 00000000;
79c3 : 00000000;
79c4 : 00000000;
79c5 : 00000000;
79c6 : 00000000;
79c7 : 00000000;
79c8 : 00000000;
79c9 : 00000000;
79ca : 00000000;
79cb : 00000000;
79cc : 00000000;
79cd : 00000000;
79ce : 00000000;
79cf : 00000000;
79d0 : 00000000;
79d1 : 00000000;
79d2 : 00000000;
79d3 : 00000000;
79d4 : 00000000;
79d5 : 00000000;
79d6 : 00000000;
79d7 : 00000000;
79d8 : 00000000;
79d9 : 00000000;
79da : 00000000;
79db : 00000000;
79dc : 00000000;
79dd : 00000000;
79de : 00000000;
79df : 00000000;
79e0 : 00000000;
79e1 : 00000000;
79e2 : 00000000;
79e3 : 00000000;
79e4 : 00000000;
79e5 : 00000000;
79e6 : 00000000;
79e7 : 00000000;
79e8 : 00000000;
79e9 : 00000000;
79ea : 00000000;
79eb : 00000000;
79ec : 00000000;
79ed : 00000000;
79ee : 00000000;
79ef : 00000000;
79f0 : 00000000;
79f1 : 00000000;
79f2 : 00000000;
79f3 : 00000000;
79f4 : 00000000;
79f5 : 00000000;
79f6 : 00000000;
79f7 : 00000000;
79f8 : 00000000;
79f9 : 00000000;
79fa : 00000000;
79fb : 00000000;
79fc : 00000000;
79fd : 00000000;
79fe : 00000000;
79ff : 00000000;
7a00 : 00000000;
7a01 : 00000000;
7a02 : 00000000;
7a03 : 00000000;
7a04 : 00000000;
7a05 : 00000000;
7a06 : 00000000;
7a07 : 00000000;
7a08 : 00000000;
7a09 : 00000000;
7a0a : 00000000;
7a0b : 00000000;
7a0c : 00000000;
7a0d : 00000000;
7a0e : 00000000;
7a0f : 00000000;
7a10 : 00000000;
7a11 : 00000000;
7a12 : 00000000;
7a13 : 00000000;
7a14 : 00000000;
7a15 : 00000000;
7a16 : 00000000;
7a17 : 00000000;
7a18 : 00000000;
7a19 : 00000000;
7a1a : 00000000;
7a1b : 00000000;
7a1c : 00000000;
7a1d : 00000000;
7a1e : 00000000;
7a1f : 00000000;
7a20 : 00000000;
7a21 : 00000000;
7a22 : 00000000;
7a23 : 00000000;
7a24 : 00000000;
7a25 : 00000000;
7a26 : 00000000;
7a27 : 00000000;
7a28 : 00000000;
7a29 : 00000000;
7a2a : 00000000;
7a2b : 00000000;
7a2c : 00000000;
7a2d : 00000000;
7a2e : 00000000;
7a2f : 00000000;
7a30 : 00000000;
7a31 : 00000000;
7a32 : 00000000;
7a33 : 00000000;
7a34 : 00000000;
7a35 : 00000000;
7a36 : 00000000;
7a37 : 00000000;
7a38 : 00000000;
7a39 : 00000000;
7a3a : 00000000;
7a3b : 00000000;
7a3c : 00000000;
7a3d : 00000000;
7a3e : 00000000;
7a3f : 00000000;
7a40 : 00000000;
7a41 : 00000000;
7a42 : 00000000;
7a43 : 00000000;
7a44 : 00000000;
7a45 : 00000000;
7a46 : 00000000;
7a47 : 00000000;
7a48 : 00000000;
7a49 : 00000000;
7a4a : 00000000;
7a4b : 00000000;
7a4c : 00000000;
7a4d : 00000000;
7a4e : 00000000;
7a4f : 00000000;
7a50 : 00000000;
7a51 : 00000000;
7a52 : 00000000;
7a53 : 00000000;
7a54 : 00000000;
7a55 : 00000000;
7a56 : 00000000;
7a57 : 00000000;
7a58 : 00000000;
7a59 : 00000000;
7a5a : 00000000;
7a5b : 00000000;
7a5c : 00000000;
7a5d : 00000000;
7a5e : 00000000;
7a5f : 00000000;
7a60 : 00000000;
7a61 : 00000000;
7a62 : 00000000;
7a63 : 00000000;
7a64 : 00000000;
7a65 : 00000000;
7a66 : 00000000;
7a67 : 00000000;
7a68 : 00000000;
7a69 : 00000000;
7a6a : 00000000;
7a6b : 00000000;
7a6c : 00000000;
7a6d : 00000000;
7a6e : 00000000;
7a6f : 00000000;
7a70 : 00000000;
7a71 : 00000000;
7a72 : 00000000;
7a73 : 00000000;
7a74 : 00000000;
7a75 : 00000000;
7a76 : 00000000;
7a77 : 00000000;
7a78 : 00000000;
7a79 : 00000000;
7a7a : 00000000;
7a7b : 00000000;
7a7c : 00000000;
7a7d : 00000000;
7a7e : 00000000;
7a7f : 00000000;
7a80 : 00000000;
7a81 : 00000000;
7a82 : 00000000;
7a83 : 00000000;
7a84 : 00000000;
7a85 : 00000000;
7a86 : 00000000;
7a87 : 00000000;
7a88 : 00000000;
7a89 : 00000000;
7a8a : 00000000;
7a8b : 00000000;
7a8c : 00000000;
7a8d : 00000000;
7a8e : 00000000;
7a8f : 00000000;
7a90 : 00000000;
7a91 : 00000000;
7a92 : 00000000;
7a93 : 00000000;
7a94 : 00000000;
7a95 : 00000000;
7a96 : 00000000;
7a97 : 00000000;
7a98 : 00000000;
7a99 : 00000000;
7a9a : 00000000;
7a9b : 00000000;
7a9c : 00000000;
7a9d : 00000000;
7a9e : 00000000;
7a9f : 00000000;
7aa0 : 00000000;
7aa1 : 00000000;
7aa2 : 00000000;
7aa3 : 00000000;
7aa4 : 00000000;
7aa5 : 00000000;
7aa6 : 00000000;
7aa7 : 00000000;
7aa8 : 00000000;
7aa9 : 00000000;
7aaa : 00000000;
7aab : 00000000;
7aac : 00000000;
7aad : 00000000;
7aae : 00000000;
7aaf : 00000000;
7ab0 : 00000000;
7ab1 : 00000000;
7ab2 : 00000000;
7ab3 : 00000000;
7ab4 : 00000000;
7ab5 : 00000000;
7ab6 : 00000000;
7ab7 : 00000000;
7ab8 : 00000000;
7ab9 : 00000000;
7aba : 00000000;
7abb : 00000000;
7abc : 00000000;
7abd : 00000000;
7abe : 00000000;
7abf : 00000000;
7ac0 : 00000000;
7ac1 : 00000000;
7ac2 : 00000000;
7ac3 : 00000000;
7ac4 : 00000000;
7ac5 : 00000000;
7ac6 : 00000000;
7ac7 : 00000000;
7ac8 : 00000000;
7ac9 : 00000000;
7aca : 00000000;
7acb : 00000000;
7acc : 00000000;
7acd : 00000000;
7ace : 00000000;
7acf : 00000000;
7ad0 : 00000000;
7ad1 : 00000000;
7ad2 : 00000000;
7ad3 : 00000000;
7ad4 : 00000000;
7ad5 : 00000000;
7ad6 : 00000000;
7ad7 : 00000000;
7ad8 : 00000000;
7ad9 : 00000000;
7ada : 00000000;
7adb : 00000000;
7adc : 00000000;
7add : 00000000;
7ade : 00000000;
7adf : 00000000;
7ae0 : 00000000;
7ae1 : 00000000;
7ae2 : 00000000;
7ae3 : 00000000;
7ae4 : 00000000;
7ae5 : 00000000;
7ae6 : 00000000;
7ae7 : 00000000;
7ae8 : 00000000;
7ae9 : 00000000;
7aea : 00000000;
7aeb : 00000000;
7aec : 00000000;
7aed : 00000000;
7aee : 00000000;
7aef : 00000000;
7af0 : 00000000;
7af1 : 00000000;
7af2 : 00000000;
7af3 : 00000000;
7af4 : 00000000;
7af5 : 00000000;
7af6 : 00000000;
7af7 : 00000000;
7af8 : 00000000;
7af9 : 00000000;
7afa : 00000000;
7afb : 00000000;
7afc : 00000000;
7afd : 00000000;
7afe : 00000000;
7aff : 00000000;
7b00 : 00000000;
7b01 : 00000000;
7b02 : 00000000;
7b03 : 00000000;
7b04 : 00000000;
7b05 : 00000000;
7b06 : 00000000;
7b07 : 00000000;
7b08 : 00000000;
7b09 : 00000000;
7b0a : 00000000;
7b0b : 00000000;
7b0c : 00000000;
7b0d : 00000000;
7b0e : 00000000;
7b0f : 00000000;
7b10 : 00000000;
7b11 : 00000000;
7b12 : 00000000;
7b13 : 00000000;
7b14 : 00000000;
7b15 : 00000000;
7b16 : 00000000;
7b17 : 00000000;
7b18 : 00000000;
7b19 : 00000000;
7b1a : 00000000;
7b1b : 00000000;
7b1c : 00000000;
7b1d : 00000000;
7b1e : 00000000;
7b1f : 00000000;
7b20 : 00000000;
7b21 : 00000000;
7b22 : 00000000;
7b23 : 00000000;
7b24 : 00000000;
7b25 : 00000000;
7b26 : 00000000;
7b27 : 00000000;
7b28 : 00000000;
7b29 : 00000000;
7b2a : 00000000;
7b2b : 00000000;
7b2c : 00000000;
7b2d : 00000000;
7b2e : 00000000;
7b2f : 00000000;
7b30 : 00000000;
7b31 : 00000000;
7b32 : 00000000;
7b33 : 00000000;
7b34 : 00000000;
7b35 : 00000000;
7b36 : 00000000;
7b37 : 00000000;
7b38 : 00000000;
7b39 : 00000000;
7b3a : 00000000;
7b3b : 00000000;
7b3c : 00000000;
7b3d : 00000000;
7b3e : 00000000;
7b3f : 00000000;
7b40 : 00000000;
7b41 : 00000000;
7b42 : 00000000;
7b43 : 00000000;
7b44 : 00000000;
7b45 : 00000000;
7b46 : 00000000;
7b47 : 00000000;
7b48 : 00000000;
7b49 : 00000000;
7b4a : 00000000;
7b4b : 00000000;
7b4c : 00000000;
7b4d : 00000000;
7b4e : 00000000;
7b4f : 00000000;
7b50 : 00000000;
7b51 : 00000000;
7b52 : 00000000;
7b53 : 00000000;
7b54 : 00000000;
7b55 : 00000000;
7b56 : 00000000;
7b57 : 00000000;
7b58 : 00000000;
7b59 : 00000000;
7b5a : 00000000;
7b5b : 00000000;
7b5c : 00000000;
7b5d : 00000000;
7b5e : 00000000;
7b5f : 00000000;
7b60 : 00000000;
7b61 : 00000000;
7b62 : 00000000;
7b63 : 00000000;
7b64 : 00000000;
7b65 : 00000000;
7b66 : 00000000;
7b67 : 00000000;
7b68 : 00000000;
7b69 : 00000000;
7b6a : 00000000;
7b6b : 00000000;
7b6c : 00000000;
7b6d : 00000000;
7b6e : 00000000;
7b6f : 00000000;
7b70 : 00000000;
7b71 : 00000000;
7b72 : 00000000;
7b73 : 00000000;
7b74 : 00000000;
7b75 : 00000000;
7b76 : 00000000;
7b77 : 00000000;
7b78 : 00000000;
7b79 : 00000000;
7b7a : 00000000;
7b7b : 00000000;
7b7c : 00000000;
7b7d : 00000000;
7b7e : 00000000;
7b7f : 00000000;
7b80 : 00000000;
7b81 : 00000000;
7b82 : 00000000;
7b83 : 00000000;
7b84 : 00000000;
7b85 : 00000000;
7b86 : 00000000;
7b87 : 00000000;
7b88 : 00000000;
7b89 : 00000000;
7b8a : 00000000;
7b8b : 00000000;
7b8c : 00000000;
7b8d : 00000000;
7b8e : 00000000;
7b8f : 00000000;
7b90 : 00000000;
7b91 : 00000000;
7b92 : 00000000;
7b93 : 00000000;
7b94 : 00000000;
7b95 : 00000000;
7b96 : 00000000;
7b97 : 00000000;
7b98 : 00000000;
7b99 : 00000000;
7b9a : 00000000;
7b9b : 00000000;
7b9c : 00000000;
7b9d : 00000000;
7b9e : 00000000;
7b9f : 00000000;
7ba0 : 00000000;
7ba1 : 00000000;
7ba2 : 00000000;
7ba3 : 00000000;
7ba4 : 00000000;
7ba5 : 00000000;
7ba6 : 00000000;
7ba7 : 00000000;
7ba8 : 00000000;
7ba9 : 00000000;
7baa : 00000000;
7bab : 00000000;
7bac : 00000000;
7bad : 00000000;
7bae : 00000000;
7baf : 00000000;
7bb0 : 00000000;
7bb1 : 00000000;
7bb2 : 00000000;
7bb3 : 00000000;
7bb4 : 00000000;
7bb5 : 00000000;
7bb6 : 00000000;
7bb7 : 00000000;
7bb8 : 00000000;
7bb9 : 00000000;
7bba : 00000000;
7bbb : 00000000;
7bbc : 00000000;
7bbd : 00000000;
7bbe : 00000000;
7bbf : 00000000;
7bc0 : 00000000;
7bc1 : 00000000;
7bc2 : 00000000;
7bc3 : 00000000;
7bc4 : 00000000;
7bc5 : 00000000;
7bc6 : 00000000;
7bc7 : 00000000;
7bc8 : 00000000;
7bc9 : 00000000;
7bca : 00000000;
7bcb : 00000000;
7bcc : 00000000;
7bcd : 00000000;
7bce : 00000000;
7bcf : 00000000;
7bd0 : 00000000;
7bd1 : 00000000;
7bd2 : 00000000;
7bd3 : 00000000;
7bd4 : 00000000;
7bd5 : 00000000;
7bd6 : 00000000;
7bd7 : 00000000;
7bd8 : 00000000;
7bd9 : 00000000;
7bda : 00000000;
7bdb : 00000000;
7bdc : 00000000;
7bdd : 00000000;
7bde : 00000000;
7bdf : 00000000;
7be0 : 00000000;
7be1 : 00000000;
7be2 : 00000000;
7be3 : 00000000;
7be4 : 00000000;
7be5 : 00000000;
7be6 : 00000000;
7be7 : 00000000;
7be8 : 00000000;
7be9 : 00000000;
7bea : 00000000;
7beb : 00000000;
7bec : 00000000;
7bed : 00000000;
7bee : 00000000;
7bef : 00000000;
7bf0 : 00000000;
7bf1 : 00000000;
7bf2 : 00000000;
7bf3 : 00000000;
7bf4 : 00000000;
7bf5 : 00000000;
7bf6 : 00000000;
7bf7 : 00000000;
7bf8 : 00000000;
7bf9 : 00000000;
7bfa : 00000000;
7bfb : 00000000;
7bfc : 00000000;
7bfd : 00000000;
7bfe : 00000000;
7bff : 00000000;
7c00 : 00000000;
7c01 : 00000000;
7c02 : 00000000;
7c03 : 00000000;
7c04 : 00000000;
7c05 : 00000000;
7c06 : 00000000;
7c07 : 00000000;
7c08 : 00000000;
7c09 : 00000000;
7c0a : 00000000;
7c0b : 00000000;
7c0c : 00000000;
7c0d : 00000000;
7c0e : 00000000;
7c0f : 00000000;
7c10 : 00000000;
7c11 : 00000000;
7c12 : 00000000;
7c13 : 00000000;
7c14 : 00000000;
7c15 : 00000000;
7c16 : 00000000;
7c17 : 00000000;
7c18 : 00000000;
7c19 : 00000000;
7c1a : 00000000;
7c1b : 00000000;
7c1c : 00000000;
7c1d : 00000000;
7c1e : 00000000;
7c1f : 00000000;
7c20 : 00000000;
7c21 : 00000000;
7c22 : 00000000;
7c23 : 00000000;
7c24 : 00000000;
7c25 : 00000000;
7c26 : 00000000;
7c27 : 00000000;
7c28 : 00000000;
7c29 : 00000000;
7c2a : 00000000;
7c2b : 00000000;
7c2c : 00000000;
7c2d : 00000000;
7c2e : 00000000;
7c2f : 00000000;
7c30 : 00000000;
7c31 : 00000000;
7c32 : 00000000;
7c33 : 00000000;
7c34 : 00000000;
7c35 : 00000000;
7c36 : 00000000;
7c37 : 00000000;
7c38 : 00000000;
7c39 : 00000000;
7c3a : 00000000;
7c3b : 00000000;
7c3c : 00000000;
7c3d : 00000000;
7c3e : 00000000;
7c3f : 00000000;
7c40 : 00000000;
7c41 : 00000000;
7c42 : 00000000;
7c43 : 00000000;
7c44 : 00000000;
7c45 : 00000000;
7c46 : 00000000;
7c47 : 00000000;
7c48 : 00000000;
7c49 : 00000000;
7c4a : 00000000;
7c4b : 00000000;
7c4c : 00000000;
7c4d : 00000000;
7c4e : 00000000;
7c4f : 00000000;
7c50 : 00000000;
7c51 : 00000000;
7c52 : 00000000;
7c53 : 00000000;
7c54 : 00000000;
7c55 : 00000000;
7c56 : 00000000;
7c57 : 00000000;
7c58 : 00000000;
7c59 : 00000000;
7c5a : 00000000;
7c5b : 00000000;
7c5c : 00000000;
7c5d : 00000000;
7c5e : 00000000;
7c5f : 00000000;
7c60 : 00000000;
7c61 : 00000000;
7c62 : 00000000;
7c63 : 00000000;
7c64 : 00000000;
7c65 : 00000000;
7c66 : 00000000;
7c67 : 00000000;
7c68 : 00000000;
7c69 : 00000000;
7c6a : 00000000;
7c6b : 00000000;
7c6c : 00000000;
7c6d : 00000000;
7c6e : 00000000;
7c6f : 00000000;
7c70 : 00000000;
7c71 : 00000000;
7c72 : 00000000;
7c73 : 00000000;
7c74 : 00000000;
7c75 : 00000000;
7c76 : 00000000;
7c77 : 00000000;
7c78 : 00000000;
7c79 : 00000000;
7c7a : 00000000;
7c7b : 00000000;
7c7c : 00000000;
7c7d : 00000000;
7c7e : 00000000;
7c7f : 00000000;
7c80 : 00000000;
7c81 : 00000000;
7c82 : 00000000;
7c83 : 00000000;
7c84 : 00000000;
7c85 : 00000000;
7c86 : 00000000;
7c87 : 00000000;
7c88 : 00000000;
7c89 : 00000000;
7c8a : 00000000;
7c8b : 00000000;
7c8c : 00000000;
7c8d : 00000000;
7c8e : 00000000;
7c8f : 00000000;
7c90 : 00000000;
7c91 : 00000000;
7c92 : 00000000;
7c93 : 00000000;
7c94 : 00000000;
7c95 : 00000000;
7c96 : 00000000;
7c97 : 00000000;
7c98 : 00000000;
7c99 : 00000000;
7c9a : 00000000;
7c9b : 00000000;
7c9c : 00000000;
7c9d : 00000000;
7c9e : 00000000;
7c9f : 00000000;
7ca0 : 00000000;
7ca1 : 00000000;
7ca2 : 00000000;
7ca3 : 00000000;
7ca4 : 00000000;
7ca5 : 00000000;
7ca6 : 00000000;
7ca7 : 00000000;
7ca8 : 00000000;
7ca9 : 00000000;
7caa : 00000000;
7cab : 00000000;
7cac : 00000000;
7cad : 00000000;
7cae : 00000000;
7caf : 00000000;
7cb0 : 00000000;
7cb1 : 00000000;
7cb2 : 00000000;
7cb3 : 00000000;
7cb4 : 00000000;
7cb5 : 00000000;
7cb6 : 00000000;
7cb7 : 00000000;
7cb8 : 00000000;
7cb9 : 00000000;
7cba : 00000000;
7cbb : 00000000;
7cbc : 00000000;
7cbd : 00000000;
7cbe : 00000000;
7cbf : 00000000;
7cc0 : 00000000;
7cc1 : 00000000;
7cc2 : 00000000;
7cc3 : 00000000;
7cc4 : 00000000;
7cc5 : 00000000;
7cc6 : 00000000;
7cc7 : 00000000;
7cc8 : 00000000;
7cc9 : 00000000;
7cca : 00000000;
7ccb : 00000000;
7ccc : 00000000;
7ccd : 00000000;
7cce : 00000000;
7ccf : 00000000;
7cd0 : 00000000;
7cd1 : 00000000;
7cd2 : 00000000;
7cd3 : 00000000;
7cd4 : 00000000;
7cd5 : 00000000;
7cd6 : 00000000;
7cd7 : 00000000;
7cd8 : 00000000;
7cd9 : 00000000;
7cda : 00000000;
7cdb : 00000000;
7cdc : 00000000;
7cdd : 00000000;
7cde : 00000000;
7cdf : 00000000;
7ce0 : 00000000;
7ce1 : 00000000;
7ce2 : 00000000;
7ce3 : 00000000;
7ce4 : 00000000;
7ce5 : 00000000;
7ce6 : 00000000;
7ce7 : 00000000;
7ce8 : 00000000;
7ce9 : 00000000;
7cea : 00000000;
7ceb : 00000000;
7cec : 00000000;
7ced : 00000000;
7cee : 00000000;
7cef : 00000000;
7cf0 : 00000000;
7cf1 : 00000000;
7cf2 : 00000000;
7cf3 : 00000000;
7cf4 : 00000000;
7cf5 : 00000000;
7cf6 : 00000000;
7cf7 : 00000000;
7cf8 : 00000000;
7cf9 : 00000000;
7cfa : 00000000;
7cfb : 00000000;
7cfc : 00000000;
7cfd : 00000000;
7cfe : 00000000;
7cff : 00000000;
7d00 : 00000000;
7d01 : 00000000;
7d02 : 00000000;
7d03 : 00000000;
7d04 : 00000000;
7d05 : 00000000;
7d06 : 00000000;
7d07 : 00000000;
7d08 : 00000000;
7d09 : 00000000;
7d0a : 00000000;
7d0b : 00000000;
7d0c : 00000000;
7d0d : 00000000;
7d0e : 00000000;
7d0f : 00000000;
7d10 : 00000000;
7d11 : 00000000;
7d12 : 00000000;
7d13 : 00000000;
7d14 : 00000000;
7d15 : 00000000;
7d16 : 00000000;
7d17 : 00000000;
7d18 : 00000000;
7d19 : 00000000;
7d1a : 00000000;
7d1b : 00000000;
7d1c : 00000000;
7d1d : 00000000;
7d1e : 00000000;
7d1f : 00000000;
7d20 : 00000000;
7d21 : 00000000;
7d22 : 00000000;
7d23 : 00000000;
7d24 : 00000000;
7d25 : 00000000;
7d26 : 00000000;
7d27 : 00000000;
7d28 : 00000000;
7d29 : 00000000;
7d2a : 00000000;
7d2b : 00000000;
7d2c : 00000000;
7d2d : 00000000;
7d2e : 00000000;
7d2f : 00000000;
7d30 : 00000000;
7d31 : 00000000;
7d32 : 00000000;
7d33 : 00000000;
7d34 : 00000000;
7d35 : 00000000;
7d36 : 00000000;
7d37 : 00000000;
7d38 : 00000000;
7d39 : 00000000;
7d3a : 00000000;
7d3b : 00000000;
7d3c : 00000000;
7d3d : 00000000;
7d3e : 00000000;
7d3f : 00000000;
7d40 : 00000000;
7d41 : 00000000;
7d42 : 00000000;
7d43 : 00000000;
7d44 : 00000000;
7d45 : 00000000;
7d46 : 00000000;
7d47 : 00000000;
7d48 : 00000000;
7d49 : 00000000;
7d4a : 00000000;
7d4b : 00000000;
7d4c : 00000000;
7d4d : 00000000;
7d4e : 00000000;
7d4f : 00000000;
7d50 : 00000000;
7d51 : 00000000;
7d52 : 00000000;
7d53 : 00000000;
7d54 : 00000000;
7d55 : 00000000;
7d56 : 00000000;
7d57 : 00000000;
7d58 : 00000000;
7d59 : 00000000;
7d5a : 00000000;
7d5b : 00000000;
7d5c : 00000000;
7d5d : 00000000;
7d5e : 00000000;
7d5f : 00000000;
7d60 : 00000000;
7d61 : 00000000;
7d62 : 00000000;
7d63 : 00000000;
7d64 : 00000000;
7d65 : 00000000;
7d66 : 00000000;
7d67 : 00000000;
7d68 : 00000000;
7d69 : 00000000;
7d6a : 00000000;
7d6b : 00000000;
7d6c : 00000000;
7d6d : 00000000;
7d6e : 00000000;
7d6f : 00000000;
7d70 : 00000000;
7d71 : 00000000;
7d72 : 00000000;
7d73 : 00000000;
7d74 : 00000000;
7d75 : 00000000;
7d76 : 00000000;
7d77 : 00000000;
7d78 : 00000000;
7d79 : 00000000;
7d7a : 00000000;
7d7b : 00000000;
7d7c : 00000000;
7d7d : 00000000;
7d7e : 00000000;
7d7f : 00000000;
7d80 : 00000000;
7d81 : 00000000;
7d82 : 00000000;
7d83 : 00000000;
7d84 : 00000000;
7d85 : 00000000;
7d86 : 00000000;
7d87 : 00000000;
7d88 : 00000000;
7d89 : 00000000;
7d8a : 00000000;
7d8b : 00000000;
7d8c : 00000000;
7d8d : 00000000;
7d8e : 00000000;
7d8f : 00000000;
7d90 : 00000000;
7d91 : 00000000;
7d92 : 00000000;
7d93 : 00000000;
7d94 : 00000000;
7d95 : 00000000;
7d96 : 00000000;
7d97 : 00000000;
7d98 : 00000000;
7d99 : 00000000;
7d9a : 00000000;
7d9b : 00000000;
7d9c : 00000000;
7d9d : 00000000;
7d9e : 00000000;
7d9f : 00000000;
7da0 : 00000000;
7da1 : 00000000;
7da2 : 00000000;
7da3 : 00000000;
7da4 : 00000000;
7da5 : 00000000;
7da6 : 00000000;
7da7 : 00000000;
7da8 : 00000000;
7da9 : 00000000;
7daa : 00000000;
7dab : 00000000;
7dac : 00000000;
7dad : 00000000;
7dae : 00000000;
7daf : 00000000;
7db0 : 00000000;
7db1 : 00000000;
7db2 : 00000000;
7db3 : 00000000;
7db4 : 00000000;
7db5 : 00000000;
7db6 : 00000000;
7db7 : 00000000;
7db8 : 00000000;
7db9 : 00000000;
7dba : 00000000;
7dbb : 00000000;
7dbc : 00000000;
7dbd : 00000000;
7dbe : 00000000;
7dbf : 00000000;
7dc0 : 00000000;
7dc1 : 00000000;
7dc2 : 00000000;
7dc3 : 00000000;
7dc4 : 00000000;
7dc5 : 00000000;
7dc6 : 00000000;
7dc7 : 00000000;
7dc8 : 00000000;
7dc9 : 00000000;
7dca : 00000000;
7dcb : 00000000;
7dcc : 00000000;
7dcd : 00000000;
7dce : 00000000;
7dcf : 00000000;
7dd0 : 00000000;
7dd1 : 00000000;
7dd2 : 00000000;
7dd3 : 00000000;
7dd4 : 00000000;
7dd5 : 00000000;
7dd6 : 00000000;
7dd7 : 00000000;
7dd8 : 00000000;
7dd9 : 00000000;
7dda : 00000000;
7ddb : 00000000;
7ddc : 00000000;
7ddd : 00000000;
7dde : 00000000;
7ddf : 00000000;
7de0 : 00000000;
7de1 : 00000000;
7de2 : 00000000;
7de3 : 00000000;
7de4 : 00000000;
7de5 : 00000000;
7de6 : 00000000;
7de7 : 00000000;
7de8 : 00000000;
7de9 : 00000000;
7dea : 00000000;
7deb : 00000000;
7dec : 00000000;
7ded : 00000000;
7dee : 00000000;
7def : 00000000;
7df0 : 00000000;
7df1 : 00000000;
7df2 : 00000000;
7df3 : 00000000;
7df4 : 00000000;
7df5 : 00000000;
7df6 : 00000000;
7df7 : 00000000;
7df8 : 00000000;
7df9 : 00000000;
7dfa : 00000000;
7dfb : 00000000;
7dfc : 00000000;
7dfd : 00000000;
7dfe : 00000000;
7dff : 00000000;
7e00 : 00000000;
7e01 : 00000000;
7e02 : 00000000;
7e03 : 00000000;
7e04 : 00000000;
7e05 : 00000000;
7e06 : 00000000;
7e07 : 00000000;
7e08 : 00000000;
7e09 : 00000000;
7e0a : 00000000;
7e0b : 00000000;
7e0c : 00000000;
7e0d : 00000000;
7e0e : 00000000;
7e0f : 00000000;
7e10 : 00000000;
7e11 : 00000000;
7e12 : 00000000;
7e13 : 00000000;
7e14 : 00000000;
7e15 : 00000000;
7e16 : 00000000;
7e17 : 00000000;
7e18 : 00000000;
7e19 : 00000000;
7e1a : 00000000;
7e1b : 00000000;
7e1c : 00000000;
7e1d : 00000000;
7e1e : 00000000;
7e1f : 00000000;
7e20 : 00000000;
7e21 : 00000000;
7e22 : 00000000;
7e23 : 00000000;
7e24 : 00000000;
7e25 : 00000000;
7e26 : 00000000;
7e27 : 00000000;
7e28 : 00000000;
7e29 : 00000000;
7e2a : 00000000;
7e2b : 00000000;
7e2c : 00000000;
7e2d : 00000000;
7e2e : 00000000;
7e2f : 00000000;
7e30 : 00000000;
7e31 : 00000000;
7e32 : 00000000;
7e33 : 00000000;
7e34 : 00000000;
7e35 : 00000000;
7e36 : 00000000;
7e37 : 00000000;
7e38 : 00000000;
7e39 : 00000000;
7e3a : 00000000;
7e3b : 00000000;
7e3c : 00000000;
7e3d : 00000000;
7e3e : 00000000;
7e3f : 00000000;
7e40 : 00000000;
7e41 : 00000000;
7e42 : 00000000;
7e43 : 00000000;
7e44 : 00000000;
7e45 : 00000000;
7e46 : 00000000;
7e47 : 00000000;
7e48 : 00000000;
7e49 : 00000000;
7e4a : 00000000;
7e4b : 00000000;
7e4c : 00000000;
7e4d : 00000000;
7e4e : 00000000;
7e4f : 00000000;
7e50 : 00000000;
7e51 : 00000000;
7e52 : 00000000;
7e53 : 00000000;
7e54 : 00000000;
7e55 : 00000000;
7e56 : 00000000;
7e57 : 00000000;
7e58 : 00000000;
7e59 : 00000000;
7e5a : 00000000;
7e5b : 00000000;
7e5c : 00000000;
7e5d : 00000000;
7e5e : 00000000;
7e5f : 00000000;
7e60 : 00000000;
7e61 : 00000000;
7e62 : 00000000;
7e63 : 00000000;
7e64 : 00000000;
7e65 : 00000000;
7e66 : 00000000;
7e67 : 00000000;
7e68 : 00000000;
7e69 : 00000000;
7e6a : 00000000;
7e6b : 00000000;
7e6c : 00000000;
7e6d : 00000000;
7e6e : 00000000;
7e6f : 00000000;
7e70 : 00000000;
7e71 : 00000000;
7e72 : 00000000;
7e73 : 00000000;
7e74 : 00000000;
7e75 : 00000000;
7e76 : 00000000;
7e77 : 00000000;
7e78 : 00000000;
7e79 : 00000000;
7e7a : 00000000;
7e7b : 00000000;
7e7c : 00000000;
7e7d : 00000000;
7e7e : 00000000;
7e7f : 00000000;
7e80 : 00000000;
7e81 : 00000000;
7e82 : 00000000;
7e83 : 00000000;
7e84 : 00000000;
7e85 : 00000000;
7e86 : 00000000;
7e87 : 00000000;
7e88 : 00000000;
7e89 : 00000000;
7e8a : 00000000;
7e8b : 00000000;
7e8c : 00000000;
7e8d : 00000000;
7e8e : 00000000;
7e8f : 00000000;
7e90 : 00000000;
7e91 : 00000000;
7e92 : 00000000;
7e93 : 00000000;
7e94 : 00000000;
7e95 : 00000000;
7e96 : 00000000;
7e97 : 00000000;
7e98 : 00000000;
7e99 : 00000000;
7e9a : 00000000;
7e9b : 00000000;
7e9c : 00000000;
7e9d : 00000000;
7e9e : 00000000;
7e9f : 00000000;
7ea0 : 00000000;
7ea1 : 00000000;
7ea2 : 00000000;
7ea3 : 00000000;
7ea4 : 00000000;
7ea5 : 00000000;
7ea6 : 00000000;
7ea7 : 00000000;
7ea8 : 00000000;
7ea9 : 00000000;
7eaa : 00000000;
7eab : 00000000;
7eac : 00000000;
7ead : 00000000;
7eae : 00000000;
7eaf : 00000000;
7eb0 : 00000000;
7eb1 : 00000000;
7eb2 : 00000000;
7eb3 : 00000000;
7eb4 : 00000000;
7eb5 : 00000000;
7eb6 : 00000000;
7eb7 : 00000000;
7eb8 : 00000000;
7eb9 : 00000000;
7eba : 00000000;
7ebb : 00000000;
7ebc : 00000000;
7ebd : 00000000;
7ebe : 00000000;
7ebf : 00000000;
7ec0 : 00000000;
7ec1 : 00000000;
7ec2 : 00000000;
7ec3 : 00000000;
7ec4 : 00000000;
7ec5 : 00000000;
7ec6 : 00000000;
7ec7 : 00000000;
7ec8 : 00000000;
7ec9 : 00000000;
7eca : 00000000;
7ecb : 00000000;
7ecc : 00000000;
7ecd : 00000000;
7ece : 00000000;
7ecf : 00000000;
7ed0 : 00000000;
7ed1 : 00000000;
7ed2 : 00000000;
7ed3 : 00000000;
7ed4 : 00000000;
7ed5 : 00000000;
7ed6 : 00000000;
7ed7 : 00000000;
7ed8 : 00000000;
7ed9 : 00000000;
7eda : 00000000;
7edb : 00000000;
7edc : 00000000;
7edd : 00000000;
7ede : 00000000;
7edf : 00000000;
7ee0 : 00000000;
7ee1 : 00000000;
7ee2 : 00000000;
7ee3 : 00000000;
7ee4 : 00000000;
7ee5 : 00000000;
7ee6 : 00000000;
7ee7 : 00000000;
7ee8 : 00000000;
7ee9 : 00000000;
7eea : 00000000;
7eeb : 00000000;
7eec : 00000000;
7eed : 00000000;
7eee : 00000000;
7eef : 00000000;
7ef0 : 00000000;
7ef1 : 00000000;
7ef2 : 00000000;
7ef3 : 00000000;
7ef4 : 00000000;
7ef5 : 00000000;
7ef6 : 00000000;
7ef7 : 00000000;
7ef8 : 00000000;
7ef9 : 00000000;
7efa : 00000000;
7efb : 00000000;
7efc : 00000000;
7efd : 00000000;
7efe : 00000000;
7eff : 00000000;
7f00 : 00000000;
7f01 : 00000000;
7f02 : 00000000;
7f03 : 00000000;
7f04 : 00000000;
7f05 : 00000000;
7f06 : 00000000;
7f07 : 00000000;
7f08 : 00000000;
7f09 : 00000000;
7f0a : 00000000;
7f0b : 00000000;
7f0c : 00000000;
7f0d : 00000000;
7f0e : 00000000;
7f0f : 00000000;
7f10 : 00000000;
7f11 : 00000000;
7f12 : 00000000;
7f13 : 00000000;
7f14 : 00000000;
7f15 : 00000000;
7f16 : 00000000;
7f17 : 00000000;
7f18 : 00000000;
7f19 : 00000000;
7f1a : 00000000;
7f1b : 00000000;
7f1c : 00000000;
7f1d : 00000000;
7f1e : 00000000;
7f1f : 00000000;
7f20 : 00000000;
7f21 : 00000000;
7f22 : 00000000;
7f23 : 00000000;
7f24 : 00000000;
7f25 : 00000000;
7f26 : 00000000;
7f27 : 00000000;
7f28 : 00000000;
7f29 : 00000000;
7f2a : 00000000;
7f2b : 00000000;
7f2c : 00000000;
7f2d : 00000000;
7f2e : 00000000;
7f2f : 00000000;
7f30 : 00000000;
7f31 : 00000000;
7f32 : 00000000;
7f33 : 00000000;
7f34 : 00000000;
7f35 : 00000000;
7f36 : 00000000;
7f37 : 00000000;
7f38 : 00000000;
7f39 : 00000000;
7f3a : 00000000;
7f3b : 00000000;
7f3c : 00000000;
7f3d : 00000000;
7f3e : 00000000;
7f3f : 00000000;
7f40 : 00000000;
7f41 : 00000000;
7f42 : 00000000;
7f43 : 00000000;
7f44 : 00000000;
7f45 : 00000000;
7f46 : 00000000;
7f47 : 00000000;
7f48 : 00000000;
7f49 : 00000000;
7f4a : 00000000;
7f4b : 00000000;
7f4c : 00000000;
7f4d : 00000000;
7f4e : 00000000;
7f4f : 00000000;
7f50 : 00000000;
7f51 : 00000000;
7f52 : 00000000;
7f53 : 00000000;
7f54 : 00000000;
7f55 : 00000000;
7f56 : 00000000;
7f57 : 00000000;
7f58 : 00000000;
7f59 : 00000000;
7f5a : 00000000;
7f5b : 00000000;
7f5c : 00000000;
7f5d : 00000000;
7f5e : 00000000;
7f5f : 00000000;
7f60 : 00000000;
7f61 : 00000000;
7f62 : 00000000;
7f63 : 00000000;
7f64 : 00000000;
7f65 : 00000000;
7f66 : 00000000;
7f67 : 00000000;
7f68 : 00000000;
7f69 : 00000000;
7f6a : 00000000;
7f6b : 00000000;
7f6c : 00000000;
7f6d : 00000000;
7f6e : 00000000;
7f6f : 00000000;
7f70 : 00000000;
7f71 : 00000000;
7f72 : 00000000;
7f73 : 00000000;
7f74 : 00000000;
7f75 : 00000000;
7f76 : 00000000;
7f77 : 00000000;
7f78 : 00000000;
7f79 : 00000000;
7f7a : 00000000;
7f7b : 00000000;
7f7c : 00000000;
7f7d : 00000000;
7f7e : 00000000;
7f7f : 00000000;
7f80 : 00000000;
7f81 : 00000000;
7f82 : 00000000;
7f83 : 00000000;
7f84 : 00000000;
7f85 : 00000000;
7f86 : 00000000;
7f87 : 00000000;
7f88 : 00000000;
7f89 : 00000000;
7f8a : 00000000;
7f8b : 00000000;
7f8c : 00000000;
7f8d : 00000000;
7f8e : 00000000;
7f8f : 00000000;
7f90 : 00000000;
7f91 : 00000000;
7f92 : 00000000;
7f93 : 00000000;
7f94 : 00000000;
7f95 : 00000000;
7f96 : 00000000;
7f97 : 00000000;
7f98 : 00000000;
7f99 : 00000000;
7f9a : 00000000;
7f9b : 00000000;
7f9c : 00000000;
7f9d : 00000000;
7f9e : 00000000;
7f9f : 00000000;
7fa0 : 00000000;
7fa1 : 00000000;
7fa2 : 00000000;
7fa3 : 00000000;
7fa4 : 00000000;
7fa5 : 00000000;
7fa6 : 00000000;
7fa7 : 00000000;
7fa8 : 00000000;
7fa9 : 00000000;
7faa : 00000000;
7fab : 00000000;
7fac : 00000000;
7fad : 00000000;
7fae : 00000000;
7faf : 00000000;
7fb0 : 00000000;
7fb1 : 00000000;
7fb2 : 00000000;
7fb3 : 00000000;
7fb4 : 00000000;
7fb5 : 00000000;
7fb6 : 00000000;
7fb7 : 00000000;
7fb8 : 00000000;
7fb9 : 00000000;
7fba : 00000000;
7fbb : 00000000;
7fbc : 00000000;
7fbd : 00000000;
7fbe : 00000000;
7fbf : 00000000;
7fc0 : 00000000;
7fc1 : 00000000;
7fc2 : 00000000;
7fc3 : 00000000;
7fc4 : 00000000;
7fc5 : 00000000;
7fc6 : 00000000;
7fc7 : 00000000;
7fc8 : 00000000;
7fc9 : 00000000;
7fca : 00000000;
7fcb : 00000000;
7fcc : 00000000;
7fcd : 00000000;
7fce : 00000000;
7fcf : 00000000;
7fd0 : 00000000;
7fd1 : 00000000;
7fd2 : 00000000;
7fd3 : 00000000;
7fd4 : 00000000;
7fd5 : 00000000;
7fd6 : 00000000;
7fd7 : 00000000;
7fd8 : 00000000;
7fd9 : 00000000;
7fda : 00000000;
7fdb : 00000000;
7fdc : 00000000;
7fdd : 00000000;
7fde : 00000000;
7fdf : 00000000;
7fe0 : 00000000;
7fe1 : 00000000;
7fe2 : 00000000;
7fe3 : 00000000;
7fe4 : 00000000;
7fe5 : 00000000;
7fe6 : 00000000;
7fe7 : 00000000;
7fe8 : 00000000;
7fe9 : 00000000;
7fea : 00000000;
7feb : 00000000;
7fec : 00000000;
7fed : 00000000;
7fee : 00000000;
7fef : 00000000;
7ff0 : 00000000;
7ff1 : 00000000;
7ff2 : 00000000;
7ff3 : 00000000;
7ff4 : 00000000;
7ff5 : 00000000;
7ff6 : 00000000;
7ff7 : 00000000;
7ff8 : 00000000;
7ff9 : 00000000;
7ffa : 00000000;
7ffb : 00000000;
7ffc : 00000000;
7ffd : 00000000;
7ffe : 00000000;
7fff : 00000000;
8000 : 00000000;
8001 : 00000000;
8002 : 00000000;
8003 : 00000000;
8004 : 00000000;
8005 : 00000000;
8006 : 00000000;
8007 : 00000000;
8008 : 00000000;
8009 : 00000000;
800a : 00000000;
800b : 00000000;
800c : 00000000;
800d : 00000000;
800e : 00000000;
800f : 00000000;
8010 : 00000000;
8011 : 00000000;
8012 : 00000000;
8013 : 00000000;
8014 : 00000000;
8015 : 00000000;
8016 : 00000000;
8017 : 00000000;
8018 : 00000000;
8019 : 00000000;
801a : 00000000;
801b : 00000000;
801c : 00000000;
801d : 00000000;
801e : 00000000;
801f : 00000000;
8020 : 00000000;
8021 : 00000000;
8022 : 00000000;
8023 : 00000000;
8024 : 00000000;
8025 : 00000000;
8026 : 00000000;
8027 : 00000000;
8028 : 00000000;
8029 : 00000000;
802a : 00000000;
802b : 00000000;
802c : 00000000;
802d : 00000000;
802e : 00000000;
802f : 00000000;
8030 : 00000000;
8031 : 00000000;
8032 : 00000000;
8033 : 00000000;
8034 : 00000000;
8035 : 00000000;
8036 : 00000000;
8037 : 00000000;
8038 : 00000000;
8039 : 00000000;
803a : 00000000;
803b : 00000000;
803c : 00000000;
803d : 00000000;
803e : 00000000;
803f : 00000000;
8040 : 00000000;
8041 : 00000000;
8042 : 00000000;
8043 : 00000000;
8044 : 00000000;
8045 : 00000000;
8046 : 00000000;
8047 : 00000000;
8048 : 00000000;
8049 : 00000000;
804a : 00000000;
804b : 00000000;
804c : 00000000;
804d : 00000000;
804e : 00000000;
804f : 00000000;
8050 : 00000000;
8051 : 00000000;
8052 : 00000000;
8053 : 00000000;
8054 : 00000000;
8055 : 00000000;
8056 : 00000000;
8057 : 00000000;
8058 : 00000000;
8059 : 00000000;
805a : 00000000;
805b : 00000000;
805c : 00000000;
805d : 00000000;
805e : 00000000;
805f : 00000000;
8060 : 00000000;
8061 : 00000000;
8062 : 00000000;
8063 : 00000000;
8064 : 00000000;
8065 : 00000000;
8066 : 00000000;
8067 : 00000000;
8068 : 00000000;
8069 : 00000000;
806a : 00000000;
806b : 00000000;
806c : 00000000;
806d : 00000000;
806e : 00000000;
806f : 00000000;
8070 : 00000000;
8071 : 00000000;
8072 : 00000000;
8073 : 00000000;
8074 : 00000000;
8075 : 00000000;
8076 : 00000000;
8077 : 00000000;
8078 : 00000000;
8079 : 00000000;
807a : 00000000;
807b : 00000000;
807c : 00000000;
807d : 00000000;
807e : 00000000;
807f : 00000000;
8080 : 00000000;
8081 : 00000000;
8082 : 00000000;
8083 : 00000000;
8084 : 00000000;
8085 : 00000000;
8086 : 00000000;
8087 : 00000000;
8088 : 00000000;
8089 : 00000000;
808a : 00000000;
808b : 00000000;
808c : 00000000;
808d : 00000000;
808e : 00000000;
808f : 00000000;
8090 : 00000000;
8091 : 00000000;
8092 : 00000000;
8093 : 00000000;
8094 : 00000000;
8095 : 00000000;
8096 : 00000000;
8097 : 00000000;
8098 : 00000000;
8099 : 00000000;
809a : 00000000;
809b : 00000000;
809c : 00000000;
809d : 00000000;
809e : 00000000;
809f : 00000000;
80a0 : 00000000;
80a1 : 00000000;
80a2 : 00000000;
80a3 : 00000000;
80a4 : 00000000;
80a5 : 00000000;
80a6 : 00000000;
80a7 : 00000000;
80a8 : 00000000;
80a9 : 00000000;
80aa : 00000000;
80ab : 00000000;
80ac : 00000000;
80ad : 00000000;
80ae : 00000000;
80af : 00000000;
80b0 : 00000000;
80b1 : 00000000;
80b2 : 00000000;
80b3 : 00000000;
80b4 : 00000000;
80b5 : 00000000;
80b6 : 00000000;
80b7 : 00000000;
80b8 : 00000000;
80b9 : 00000000;
80ba : 00000000;
80bb : 00000000;
80bc : 00000000;
80bd : 00000000;
80be : 00000000;
80bf : 00000000;
80c0 : 00000000;
80c1 : 00000000;
80c2 : 00000000;
80c3 : 00000000;
80c4 : 00000000;
80c5 : 00000000;
80c6 : 00000000;
80c7 : 00000000;
80c8 : 00000000;
80c9 : 00000000;
80ca : 00000000;
80cb : 00000000;
80cc : 00000000;
80cd : 00000000;
80ce : 00000000;
80cf : 00000000;
80d0 : 00000000;
80d1 : 00000000;
80d2 : 00000000;
80d3 : 00000000;
80d4 : 00000000;
80d5 : 00000000;
80d6 : 00000000;
80d7 : 00000000;
80d8 : 00000000;
80d9 : 00000000;
80da : 00000000;
80db : 00000000;
80dc : 00000000;
80dd : 00000000;
80de : 00000000;
80df : 00000000;
80e0 : 00000000;
80e1 : 00000000;
80e2 : 00000000;
80e3 : 00000000;
80e4 : 00000000;
80e5 : 00000000;
80e6 : 00000000;
80e7 : 00000000;
80e8 : 00000000;
80e9 : 00000000;
80ea : 00000000;
80eb : 00000000;
80ec : 00000000;
80ed : 00000000;
80ee : 00000000;
80ef : 00000000;
80f0 : 00000000;
80f1 : 00000000;
80f2 : 00000000;
80f3 : 00000000;
80f4 : 00000000;
80f5 : 00000000;
80f6 : 00000000;
80f7 : 00000000;
80f8 : 00000000;
80f9 : 00000000;
80fa : 00000000;
80fb : 00000000;
80fc : 00000000;
80fd : 00000000;
80fe : 00000000;
80ff : 00000000;
8100 : 00000000;
8101 : 00000000;
8102 : 00000000;
8103 : 00000000;
8104 : 00000000;
8105 : 00000000;
8106 : 00000000;
8107 : 00000000;
8108 : 00000000;
8109 : 00000000;
810a : 00000000;
810b : 00000000;
810c : 00000000;
810d : 00000000;
810e : 00000000;
810f : 00000000;
8110 : 00000000;
8111 : 00000000;
8112 : 00000000;
8113 : 00000000;
8114 : 00000000;
8115 : 00000000;
8116 : 00000000;
8117 : 00000000;
8118 : 00000000;
8119 : 00000000;
811a : 00000000;
811b : 00000000;
811c : 00000000;
811d : 00000000;
811e : 00000000;
811f : 00000000;
8120 : 00000000;
8121 : 00000000;
8122 : 00000000;
8123 : 00000000;
8124 : 00000000;
8125 : 00000000;
8126 : 00000000;
8127 : 00000000;
8128 : 00000000;
8129 : 00000000;
812a : 00000000;
812b : 00000000;
812c : 00000000;
812d : 00000000;
812e : 00000000;
812f : 00000000;
8130 : 00000000;
8131 : 00000000;
8132 : 00000000;
8133 : 00000000;
8134 : 00000000;
8135 : 00000000;
8136 : 00000000;
8137 : 00000000;
8138 : 00000000;
8139 : 00000000;
813a : 00000000;
813b : 00000000;
813c : 00000000;
813d : 00000000;
813e : 00000000;
813f : 00000000;
8140 : 00000000;
8141 : 00000000;
8142 : 00000000;
8143 : 00000000;
8144 : 00000000;
8145 : 00000000;
8146 : 00000000;
8147 : 00000000;
8148 : 00000000;
8149 : 00000000;
814a : 00000000;
814b : 00000000;
814c : 00000000;
814d : 00000000;
814e : 00000000;
814f : 00000000;
8150 : 00000000;
8151 : 00000000;
8152 : 00000000;
8153 : 00000000;
8154 : 00000000;
8155 : 00000000;
8156 : 00000000;
8157 : 00000000;
8158 : 00000000;
8159 : 00000000;
815a : 00000000;
815b : 00000000;
815c : 00000000;
815d : 00000000;
815e : 00000000;
815f : 00000000;
8160 : 00000000;
8161 : 00000000;
8162 : 00000000;
8163 : 00000000;
8164 : 00000000;
8165 : 00000000;
8166 : 00000000;
8167 : 00000000;
8168 : 00000000;
8169 : 00000000;
816a : 00000000;
816b : 00000000;
816c : 00000000;
816d : 00000000;
816e : 00000000;
816f : 00000000;
8170 : 00000000;
8171 : 00000000;
8172 : 00000000;
8173 : 00000000;
8174 : 00000000;
8175 : 00000000;
8176 : 00000000;
8177 : 00000000;
8178 : 00000000;
8179 : 00000000;
817a : 00000000;
817b : 00000000;
817c : 00000000;
817d : 00000000;
817e : 00000000;
817f : 00000000;
8180 : 00000000;
8181 : 00000000;
8182 : 00000000;
8183 : 00000000;
8184 : 00000000;
8185 : 00000000;
8186 : 00000000;
8187 : 00000000;
8188 : 00000000;
8189 : 00000000;
818a : 00000000;
818b : 00000000;
818c : 00000000;
818d : 00000000;
818e : 00000000;
818f : 00000000;
8190 : 00000000;
8191 : 00000000;
8192 : 00000000;
8193 : 00000000;
8194 : 00000000;
8195 : 00000000;
8196 : 00000000;
8197 : 00000000;
8198 : 00000000;
8199 : 00000000;
819a : 00000000;
819b : 00000000;
819c : 00000000;
819d : 00000000;
819e : 00000000;
819f : 00000000;
81a0 : 00000000;
81a1 : 00000000;
81a2 : 00000000;
81a3 : 00000000;
81a4 : 00000000;
81a5 : 00000000;
81a6 : 00000000;
81a7 : 00000000;
81a8 : 00000000;
81a9 : 00000000;
81aa : 00000000;
81ab : 00000000;
81ac : 00000000;
81ad : 00000000;
81ae : 00000000;
81af : 00000000;
81b0 : 00000000;
81b1 : 00000000;
81b2 : 00000000;
81b3 : 00000000;
81b4 : 00000000;
81b5 : 00000000;
81b6 : 00000000;
81b7 : 00000000;
81b8 : 00000000;
81b9 : 00000000;
81ba : 00000000;
81bb : 00000000;
81bc : 00000000;
81bd : 00000000;
81be : 00000000;
81bf : 00000000;
81c0 : 00000000;
81c1 : 00000000;
81c2 : 00000000;
81c3 : 00000000;
81c4 : 00000000;
81c5 : 00000000;
81c6 : 00000000;
81c7 : 00000000;
81c8 : 00000000;
81c9 : 00000000;
81ca : 00000000;
81cb : 00000000;
81cc : 00000000;
81cd : 00000000;
81ce : 00000000;
81cf : 00000000;
81d0 : 00000000;
81d1 : 00000000;
81d2 : 00000000;
81d3 : 00000000;
81d4 : 00000000;
81d5 : 00000000;
81d6 : 00000000;
81d7 : 00000000;
81d8 : 00000000;
81d9 : 00000000;
81da : 00000000;
81db : 00000000;
81dc : 00000000;
81dd : 00000000;
81de : 00000000;
81df : 00000000;
81e0 : 00000000;
81e1 : 00000000;
81e2 : 00000000;
81e3 : 00000000;
81e4 : 00000000;
81e5 : 00000000;
81e6 : 00000000;
81e7 : 00000000;
81e8 : 00000000;
81e9 : 00000000;
81ea : 00000000;
81eb : 00000000;
81ec : 00000000;
81ed : 00000000;
81ee : 00000000;
81ef : 00000000;
81f0 : 00000000;
81f1 : 00000000;
81f2 : 00000000;
81f3 : 00000000;
81f4 : 00000000;
81f5 : 00000000;
81f6 : 00000000;
81f7 : 00000000;
81f8 : 00000000;
81f9 : 00000000;
81fa : 00000000;
81fb : 00000000;
81fc : 00000000;
81fd : 00000000;
81fe : 00000000;
81ff : 00000000;
8200 : 00000000;
8201 : 00000000;
8202 : 00000000;
8203 : 00000000;
8204 : 00000000;
8205 : 00000000;
8206 : 00000000;
8207 : 00000000;
8208 : 00000000;
8209 : 00000000;
820a : 00000000;
820b : 00000000;
820c : 00000000;
820d : 00000000;
820e : 00000000;
820f : 00000000;
8210 : 00000000;
8211 : 00000000;
8212 : 00000000;
8213 : 00000000;
8214 : 00000000;
8215 : 00000000;
8216 : 00000000;
8217 : 00000000;
8218 : 00000000;
8219 : 00000000;
821a : 00000000;
821b : 00000000;
821c : 00000000;
821d : 00000000;
821e : 00000000;
821f : 00000000;
8220 : 00000000;
8221 : 00000000;
8222 : 00000000;
8223 : 00000000;
8224 : 00000000;
8225 : 00000000;
8226 : 00000000;
8227 : 00000000;
8228 : 00000000;
8229 : 00000000;
822a : 00000000;
822b : 00000000;
822c : 00000000;
822d : 00000000;
822e : 00000000;
822f : 00000000;
8230 : 00000000;
8231 : 00000000;
8232 : 00000000;
8233 : 00000000;
8234 : 00000000;
8235 : 00000000;
8236 : 00000000;
8237 : 00000000;
8238 : 00000000;
8239 : 00000000;
823a : 00000000;
823b : 00000000;
823c : 00000000;
823d : 00000000;
823e : 00000000;
823f : 00000000;
8240 : 00000000;
8241 : 00000000;
8242 : 00000000;
8243 : 00000000;
8244 : 00000000;
8245 : 00000000;
8246 : 00000000;
8247 : 00000000;
8248 : 00000000;
8249 : 00000000;
824a : 00000000;
824b : 00000000;
824c : 00000000;
824d : 00000000;
824e : 00000000;
824f : 00000000;
8250 : 00000000;
8251 : 00000000;
8252 : 00000000;
8253 : 00000000;
8254 : 00000000;
8255 : 00000000;
8256 : 00000000;
8257 : 00000000;
8258 : 00000000;
8259 : 00000000;
825a : 00000000;
825b : 00000000;
825c : 00000000;
825d : 00000000;
825e : 00000000;
825f : 00000000;
8260 : 00000000;
8261 : 00000000;
8262 : 00000000;
8263 : 00000000;
8264 : 00000000;
8265 : 00000000;
8266 : 00000000;
8267 : 00000000;
8268 : 00000000;
8269 : 00000000;
826a : 00000000;
826b : 00000000;
826c : 00000000;
826d : 00000000;
826e : 00000000;
826f : 00000000;
8270 : 00000000;
8271 : 00000000;
8272 : 00000000;
8273 : 00000000;
8274 : 00000000;
8275 : 00000000;
8276 : 00000000;
8277 : 00000000;
8278 : 00000000;
8279 : 00000000;
827a : 00000000;
827b : 00000000;
827c : 00000000;
827d : 00000000;
827e : 00000000;
827f : 00000000;
8280 : 00000000;
8281 : 00000000;
8282 : 00000000;
8283 : 00000000;
8284 : 00000000;
8285 : 00000000;
8286 : 00000000;
8287 : 00000000;
8288 : 00000000;
8289 : 00000000;
828a : 00000000;
828b : 00000000;
828c : 00000000;
828d : 00000000;
828e : 00000000;
828f : 00000000;
8290 : 00000000;
8291 : 00000000;
8292 : 00000000;
8293 : 00000000;
8294 : 00000000;
8295 : 00000000;
8296 : 00000000;
8297 : 00000000;
8298 : 00000000;
8299 : 00000000;
829a : 00000000;
829b : 00000000;
829c : 00000000;
829d : 00000000;
829e : 00000000;
829f : 00000000;
82a0 : 00000000;
82a1 : 00000000;
82a2 : 00000000;
82a3 : 00000000;
82a4 : 00000000;
82a5 : 00000000;
82a6 : 00000000;
82a7 : 00000000;
82a8 : 00000000;
82a9 : 00000000;
82aa : 00000000;
82ab : 00000000;
82ac : 00000000;
82ad : 00000000;
82ae : 00000000;
82af : 00000000;
82b0 : 00000000;
82b1 : 00000000;
82b2 : 00000000;
82b3 : 00000000;
82b4 : 00000000;
82b5 : 00000000;
82b6 : 00000000;
82b7 : 00000000;
82b8 : 00000000;
82b9 : 00000000;
82ba : 00000000;
82bb : 00000000;
82bc : 00000000;
82bd : 00000000;
82be : 00000000;
82bf : 00000000;
82c0 : 00000000;
82c1 : 00000000;
82c2 : 00000000;
82c3 : 00000000;
82c4 : 00000000;
82c5 : 00000000;
82c6 : 00000000;
82c7 : 00000000;
82c8 : 00000000;
82c9 : 00000000;
82ca : 00000000;
82cb : 00000000;
82cc : 00000000;
82cd : 00000000;
82ce : 00000000;
82cf : 00000000;
82d0 : 00000000;
82d1 : 00000000;
82d2 : 00000000;
82d3 : 00000000;
82d4 : 00000000;
82d5 : 00000000;
82d6 : 00000000;
82d7 : 00000000;
82d8 : 00000000;
82d9 : 00000000;
82da : 00000000;
82db : 00000000;
82dc : 00000000;
82dd : 00000000;
82de : 00000000;
82df : 00000000;
82e0 : 00000000;
82e1 : 00000000;
82e2 : 00000000;
82e3 : 00000000;
82e4 : 00000000;
82e5 : 00000000;
82e6 : 00000000;
82e7 : 00000000;
82e8 : 00000000;
82e9 : 00000000;
82ea : 00000000;
82eb : 00000000;
82ec : 00000000;
82ed : 00000000;
82ee : 00000000;
82ef : 00000000;
82f0 : 00000000;
82f1 : 00000000;
82f2 : 00000000;
82f3 : 00000000;
82f4 : 00000000;
82f5 : 00000000;
82f6 : 00000000;
82f7 : 00000000;
82f8 : 00000000;
82f9 : 00000000;
82fa : 00000000;
82fb : 00000000;
82fc : 00000000;
82fd : 00000000;
82fe : 00000000;
82ff : 00000000;
8300 : 00000000;
8301 : 00000000;
8302 : 00000000;
8303 : 00000000;
8304 : 00000000;
8305 : 00000000;
8306 : 00000000;
8307 : 00000000;
8308 : 00000000;
8309 : 00000000;
830a : 00000000;
830b : 00000000;
830c : 00000000;
830d : 00000000;
830e : 00000000;
830f : 00000000;
8310 : 00000000;
8311 : 00000000;
8312 : 00000000;
8313 : 00000000;
8314 : 00000000;
8315 : 00000000;
8316 : 00000000;
8317 : 00000000;
8318 : 00000000;
8319 : 00000000;
831a : 00000000;
831b : 00000000;
831c : 00000000;
831d : 00000000;
831e : 00000000;
831f : 00000000;
8320 : 00000000;
8321 : 00000000;
8322 : 00000000;
8323 : 00000000;
8324 : 00000000;
8325 : 00000000;
8326 : 00000000;
8327 : 00000000;
8328 : 00000000;
8329 : 00000000;
832a : 00000000;
832b : 00000000;
832c : 00000000;
832d : 00000000;
832e : 00000000;
832f : 00000000;
8330 : 00000000;
8331 : 00000000;
8332 : 00000000;
8333 : 00000000;
8334 : 00000000;
8335 : 00000000;
8336 : 00000000;
8337 : 00000000;
8338 : 00000000;
8339 : 00000000;
833a : 00000000;
833b : 00000000;
833c : 00000000;
833d : 00000000;
833e : 00000000;
833f : 00000000;
8340 : 00000000;
8341 : 00000000;
8342 : 00000000;
8343 : 00000000;
8344 : 00000000;
8345 : 00000000;
8346 : 00000000;
8347 : 00000000;
8348 : 00000000;
8349 : 00000000;
834a : 00000000;
834b : 00000000;
834c : 00000000;
834d : 00000000;
834e : 00000000;
834f : 00000000;
8350 : 00000000;
8351 : 00000000;
8352 : 00000000;
8353 : 00000000;
8354 : 00000000;
8355 : 00000000;
8356 : 00000000;
8357 : 00000000;
8358 : 00000000;
8359 : 00000000;
835a : 00000000;
835b : 00000000;
835c : 00000000;
835d : 00000000;
835e : 00000000;
835f : 00000000;
8360 : 00000000;
8361 : 00000000;
8362 : 00000000;
8363 : 00000000;
8364 : 00000000;
8365 : 00000000;
8366 : 00000000;
8367 : 00000000;
8368 : 00000000;
8369 : 00000000;
836a : 00000000;
836b : 00000000;
836c : 00000000;
836d : 00000000;
836e : 00000000;
836f : 00000000;
8370 : 00000000;
8371 : 00000000;
8372 : 00000000;
8373 : 00000000;
8374 : 00000000;
8375 : 00000000;
8376 : 00000000;
8377 : 00000000;
8378 : 00000000;
8379 : 00000000;
837a : 00000000;
837b : 00000000;
837c : 00000000;
837d : 00000000;
837e : 00000000;
837f : 00000000;
8380 : 00000000;
8381 : 00000000;
8382 : 00000000;
8383 : 00000000;
8384 : 00000000;
8385 : 00000000;
8386 : 00000000;
8387 : 00000000;
8388 : 00000000;
8389 : 00000000;
838a : 00000000;
838b : 00000000;
838c : 00000000;
838d : 00000000;
838e : 00000000;
838f : 00000000;
8390 : 00000000;
8391 : 00000000;
8392 : 00000000;
8393 : 00000000;
8394 : 00000000;
8395 : 00000000;
8396 : 00000000;
8397 : 00000000;
8398 : 00000000;
8399 : 00000000;
839a : 00000000;
839b : 00000000;
839c : 00000000;
839d : 00000000;
839e : 00000000;
839f : 00000000;
83a0 : 00000000;
83a1 : 00000000;
83a2 : 00000000;
83a3 : 00000000;
83a4 : 00000000;
83a5 : 00000000;
83a6 : 00000000;
83a7 : 00000000;
83a8 : 00000000;
83a9 : 00000000;
83aa : 00000000;
83ab : 00000000;
83ac : 00000000;
83ad : 00000000;
83ae : 00000000;
83af : 00000000;
83b0 : 00000000;
83b1 : 00000000;
83b2 : 00000000;
83b3 : 00000000;
83b4 : 00000000;
83b5 : 00000000;
83b6 : 00000000;
83b7 : 00000000;
83b8 : 00000000;
83b9 : 00000000;
83ba : 00000000;
83bb : 00000000;
83bc : 00000000;
83bd : 00000000;
83be : 00000000;
83bf : 00000000;
83c0 : 00000000;
83c1 : 00000000;
83c2 : 00000000;
83c3 : 00000000;
83c4 : 00000000;
83c5 : 00000000;
83c6 : 00000000;
83c7 : 00000000;
83c8 : 00000000;
83c9 : 00000000;
83ca : 00000000;
83cb : 00000000;
83cc : 00000000;
83cd : 00000000;
83ce : 00000000;
83cf : 00000000;
83d0 : 00000000;
83d1 : 00000000;
83d2 : 00000000;
83d3 : 00000000;
83d4 : 00000000;
83d5 : 00000000;
83d6 : 00000000;
83d7 : 00000000;
83d8 : 00000000;
83d9 : 00000000;
83da : 00000000;
83db : 00000000;
83dc : 00000000;
83dd : 00000000;
83de : 00000000;
83df : 00000000;
83e0 : 00000000;
83e1 : 00000000;
83e2 : 00000000;
83e3 : 00000000;
83e4 : 00000000;
83e5 : 00000000;
83e6 : 00000000;
83e7 : 00000000;
83e8 : 00000000;
83e9 : 00000000;
83ea : 00000000;
83eb : 00000000;
83ec : 00000000;
83ed : 00000000;
83ee : 00000000;
83ef : 00000000;
83f0 : 00000000;
83f1 : 00000000;
83f2 : 00000000;
83f3 : 00000000;
83f4 : 00000000;
83f5 : 00000000;
83f6 : 00000000;
83f7 : 00000000;
83f8 : 00000000;
83f9 : 00000000;
83fa : 00000000;
83fb : 00000000;
83fc : 00000000;
83fd : 00000000;
83fe : 00000000;
83ff : 00000000;
8400 : 00000000;
8401 : 00000000;
8402 : 00000000;
8403 : 00000000;
8404 : 00000000;
8405 : 00000000;
8406 : 00000000;
8407 : 00000000;
8408 : 00000000;
8409 : 00000000;
840a : 00000000;
840b : 00000000;
840c : 00000000;
840d : 00000000;
840e : 00000000;
840f : 00000000;
8410 : 00000000;
8411 : 00000000;
8412 : 00000000;
8413 : 00000000;
8414 : 00000000;
8415 : 00000000;
8416 : 00000000;
8417 : 00000000;
8418 : 00000000;
8419 : 00000000;
841a : 00000000;
841b : 00000000;
841c : 00000000;
841d : 00000000;
841e : 00000000;
841f : 00000000;
8420 : 00000000;
8421 : 00000000;
8422 : 00000000;
8423 : 00000000;
8424 : 00000000;
8425 : 00000000;
8426 : 00000000;
8427 : 00000000;
8428 : 00000000;
8429 : 00000000;
842a : 00000000;
842b : 00000000;
842c : 00000000;
842d : 00000000;
842e : 00000000;
842f : 00000000;
8430 : 00000000;
8431 : 00000000;
8432 : 00000000;
8433 : 00000000;
8434 : 00000000;
8435 : 00000000;
8436 : 00000000;
8437 : 00000000;
8438 : 00000000;
8439 : 00000000;
843a : 00000000;
843b : 00000000;
843c : 00000000;
843d : 00000000;
843e : 00000000;
843f : 00000000;
8440 : 00000000;
8441 : 00000000;
8442 : 00000000;
8443 : 00000000;
8444 : 00000000;
8445 : 00000000;
8446 : 00000000;
8447 : 00000000;
8448 : 00000000;
8449 : 00000000;
844a : 00000000;
844b : 00000000;
844c : 00000000;
844d : 00000000;
844e : 00000000;
844f : 00000000;
8450 : 00000000;
8451 : 00000000;
8452 : 00000000;
8453 : 00000000;
8454 : 00000000;
8455 : 00000000;
8456 : 00000000;
8457 : 00000000;
8458 : 00000000;
8459 : 00000000;
845a : 00000000;
845b : 00000000;
845c : 00000000;
845d : 00000000;
845e : 00000000;
845f : 00000000;
8460 : 00000000;
8461 : 00000000;
8462 : 00000000;
8463 : 00000000;
8464 : 00000000;
8465 : 00000000;
8466 : 00000000;
8467 : 00000000;
8468 : 00000000;
8469 : 00000000;
846a : 00000000;
846b : 00000000;
846c : 00000000;
846d : 00000000;
846e : 00000000;
846f : 00000000;
8470 : 00000000;
8471 : 00000000;
8472 : 00000000;
8473 : 00000000;
8474 : 00000000;
8475 : 00000000;
8476 : 00000000;
8477 : 00000000;
8478 : 00000000;
8479 : 00000000;
847a : 00000000;
847b : 00000000;
847c : 00000000;
847d : 00000000;
847e : 00000000;
847f : 00000000;
8480 : 00000000;
8481 : 00000000;
8482 : 00000000;
8483 : 00000000;
8484 : 00000000;
8485 : 00000000;
8486 : 00000000;
8487 : 00000000;
8488 : 00000000;
8489 : 00000000;
848a : 00000000;
848b : 00000000;
848c : 00000000;
848d : 00000000;
848e : 00000000;
848f : 00000000;
8490 : 00000000;
8491 : 00000000;
8492 : 00000000;
8493 : 00000000;
8494 : 00000000;
8495 : 00000000;
8496 : 00000000;
8497 : 00000000;
8498 : 00000000;
8499 : 00000000;
849a : 00000000;
849b : 00000000;
849c : 00000000;
849d : 00000000;
849e : 00000000;
849f : 00000000;
84a0 : 00000000;
84a1 : 00000000;
84a2 : 00000000;
84a3 : 00000000;
84a4 : 00000000;
84a5 : 00000000;
84a6 : 00000000;
84a7 : 00000000;
84a8 : 00000000;
84a9 : 00000000;
84aa : 00000000;
84ab : 00000000;
84ac : 00000000;
84ad : 00000000;
84ae : 00000000;
84af : 00000000;
84b0 : 00000000;
84b1 : 00000000;
84b2 : 00000000;
84b3 : 00000000;
84b4 : 00000000;
84b5 : 00000000;
84b6 : 00000000;
84b7 : 00000000;
84b8 : 00000000;
84b9 : 00000000;
84ba : 00000000;
84bb : 00000000;
84bc : 00000000;
84bd : 00000000;
84be : 00000000;
84bf : 00000000;
84c0 : 00000000;
84c1 : 00000000;
84c2 : 00000000;
84c3 : 00000000;
84c4 : 00000000;
84c5 : 00000000;
84c6 : 00000000;
84c7 : 00000000;
84c8 : 00000000;
84c9 : 00000000;
84ca : 00000000;
84cb : 00000000;
84cc : 00000000;
84cd : 00000000;
84ce : 00000000;
84cf : 00000000;
84d0 : 00000000;
84d1 : 00000000;
84d2 : 00000000;
84d3 : 00000000;
84d4 : 00000000;
84d5 : 00000000;
84d6 : 00000000;
84d7 : 00000000;
84d8 : 00000000;
84d9 : 00000000;
84da : 00000000;
84db : 00000000;
84dc : 00000000;
84dd : 00000000;
84de : 00000000;
84df : 00000000;
84e0 : 00000000;
84e1 : 00000000;
84e2 : 00000000;
84e3 : 00000000;
84e4 : 00000000;
84e5 : 00000000;
84e6 : 00000000;
84e7 : 00000000;
84e8 : 00000000;
84e9 : 00000000;
84ea : 00000000;
84eb : 00000000;
84ec : 00000000;
84ed : 00000000;
84ee : 00000000;
84ef : 00000000;
84f0 : 00000000;
84f1 : 00000000;
84f2 : 00000000;
84f3 : 00000000;
84f4 : 00000000;
84f5 : 00000000;
84f6 : 00000000;
84f7 : 00000000;
84f8 : 00000000;
84f9 : 00000000;
84fa : 00000000;
84fb : 00000000;
84fc : 00000000;
84fd : 00000000;
84fe : 00000000;
84ff : 00000000;
8500 : 00000000;
8501 : 00000000;
8502 : 00000000;
8503 : 00000000;
8504 : 00000000;
8505 : 00000000;
8506 : 00000000;
8507 : 00000000;
8508 : 00000000;
8509 : 00000000;
850a : 00000000;
850b : 00000000;
850c : 00000000;
850d : 00000000;
850e : 00000000;
850f : 00000000;
8510 : 00000000;
8511 : 00000000;
8512 : 00000000;
8513 : 00000000;
8514 : 00000000;
8515 : 00000000;
8516 : 00000000;
8517 : 00000000;
8518 : 00000000;
8519 : 00000000;
851a : 00000000;
851b : 00000000;
851c : 00000000;
851d : 00000000;
851e : 00000000;
851f : 00000000;
8520 : 00000000;
8521 : 00000000;
8522 : 00000000;
8523 : 00000000;
8524 : 00000000;
8525 : 00000000;
8526 : 00000000;
8527 : 00000000;
8528 : 00000000;
8529 : 00000000;
852a : 00000000;
852b : 00000000;
852c : 00000000;
852d : 00000000;
852e : 00000000;
852f : 00000000;
8530 : 00000000;
8531 : 00000000;
8532 : 00000000;
8533 : 00000000;
8534 : 00000000;
8535 : 00000000;
8536 : 00000000;
8537 : 00000000;
8538 : 00000000;
8539 : 00000000;
853a : 00000000;
853b : 00000000;
853c : 00000000;
853d : 00000000;
853e : 00000000;
853f : 00000000;
8540 : 00000000;
8541 : 00000000;
8542 : 00000000;
8543 : 00000000;
8544 : 00000000;
8545 : 00000000;
8546 : 00000000;
8547 : 00000000;
8548 : 00000000;
8549 : 00000000;
854a : 00000000;
854b : 00000000;
854c : 00000000;
854d : 00000000;
854e : 00000000;
854f : 00000000;
8550 : 00000000;
8551 : 00000000;
8552 : 00000000;
8553 : 00000000;
8554 : 00000000;
8555 : 00000000;
8556 : 00000000;
8557 : 00000000;
8558 : 00000000;
8559 : 00000000;
855a : 00000000;
855b : 00000000;
855c : 00000000;
855d : 00000000;
855e : 00000000;
855f : 00000000;
8560 : 00000000;
8561 : 00000000;
8562 : 00000000;
8563 : 00000000;
8564 : 00000000;
8565 : 00000000;
8566 : 00000000;
8567 : 00000000;
8568 : 00000000;
8569 : 00000000;
856a : 00000000;
856b : 00000000;
856c : 00000000;
856d : 00000000;
856e : 00000000;
856f : 00000000;
8570 : 00000000;
8571 : 00000000;
8572 : 00000000;
8573 : 00000000;
8574 : 00000000;
8575 : 00000000;
8576 : 00000000;
8577 : 00000000;
8578 : 00000000;
8579 : 00000000;
857a : 00000000;
857b : 00000000;
857c : 00000000;
857d : 00000000;
857e : 00000000;
857f : 00000000;
8580 : 00000000;
8581 : 00000000;
8582 : 00000000;
8583 : 00000000;
8584 : 00000000;
8585 : 00000000;
8586 : 00000000;
8587 : 00000000;
8588 : 00000000;
8589 : 00000000;
858a : 00000000;
858b : 00000000;
858c : 00000000;
858d : 00000000;
858e : 00000000;
858f : 00000000;
8590 : 00000000;
8591 : 00000000;
8592 : 00000000;
8593 : 00000000;
8594 : 00000000;
8595 : 00000000;
8596 : 00000000;
8597 : 00000000;
8598 : 00000000;
8599 : 00000000;
859a : 00000000;
859b : 00000000;
859c : 00000000;
859d : 00000000;
859e : 00000000;
859f : 00000000;
85a0 : 00000000;
85a1 : 00000000;
85a2 : 00000000;
85a3 : 00000000;
85a4 : 00000000;
85a5 : 00000000;
85a6 : 00000000;
85a7 : 00000000;
85a8 : 00000000;
85a9 : 00000000;
85aa : 00000000;
85ab : 00000000;
85ac : 00000000;
85ad : 00000000;
85ae : 00000000;
85af : 00000000;
85b0 : 00000000;
85b1 : 00000000;
85b2 : 00000000;
85b3 : 00000000;
85b4 : 00000000;
85b5 : 00000000;
85b6 : 00000000;
85b7 : 00000000;
85b8 : 00000000;
85b9 : 00000000;
85ba : 00000000;
85bb : 00000000;
85bc : 00000000;
85bd : 00000000;
85be : 00000000;
85bf : 00000000;
85c0 : 00000000;
85c1 : 00000000;
85c2 : 00000000;
85c3 : 00000000;
85c4 : 00000000;
85c5 : 00000000;
85c6 : 00000000;
85c7 : 00000000;
85c8 : 00000000;
85c9 : 00000000;
85ca : 00000000;
85cb : 00000000;
85cc : 00000000;
85cd : 00000000;
85ce : 00000000;
85cf : 00000000;
85d0 : 00000000;
85d1 : 00000000;
85d2 : 00000000;
85d3 : 00000000;
85d4 : 00000000;
85d5 : 00000000;
85d6 : 00000000;
85d7 : 00000000;
85d8 : 00000000;
85d9 : 00000000;
85da : 00000000;
85db : 00000000;
85dc : 00000000;
85dd : 00000000;
85de : 00000000;
85df : 00000000;
85e0 : 00000000;
85e1 : 00000000;
85e2 : 00000000;
85e3 : 00000000;
85e4 : 00000000;
85e5 : 00000000;
85e6 : 00000000;
85e7 : 00000000;
85e8 : 00000000;
85e9 : 00000000;
85ea : 00000000;
85eb : 00000000;
85ec : 00000000;
85ed : 00000000;
85ee : 00000000;
85ef : 00000000;
85f0 : 00000000;
85f1 : 00000000;
85f2 : 00000000;
85f3 : 00000000;
85f4 : 00000000;
85f5 : 00000000;
85f6 : 00000000;
85f7 : 00000000;
85f8 : 00000000;
85f9 : 00000000;
85fa : 00000000;
85fb : 00000000;
85fc : 00000000;
85fd : 00000000;
85fe : 00000000;
85ff : 00000000;
8600 : 00000000;
8601 : 00000000;
8602 : 00000000;
8603 : 00000000;
8604 : 00000000;
8605 : 00000000;
8606 : 00000000;
8607 : 00000000;
8608 : 00000000;
8609 : 00000000;
860a : 00000000;
860b : 00000000;
860c : 00000000;
860d : 00000000;
860e : 00000000;
860f : 00000000;
8610 : 00000000;
8611 : 00000000;
8612 : 00000000;
8613 : 00000000;
8614 : 00000000;
8615 : 00000000;
8616 : 00000000;
8617 : 00000000;
8618 : 00000000;
8619 : 00000000;
861a : 00000000;
861b : 00000000;
861c : 00000000;
861d : 00000000;
861e : 00000000;
861f : 00000000;
8620 : 00000000;
8621 : 00000000;
8622 : 00000000;
8623 : 00000000;
8624 : 00000000;
8625 : 00000000;
8626 : 00000000;
8627 : 00000000;
8628 : 00000000;
8629 : 00000000;
862a : 00000000;
862b : 00000000;
862c : 00000000;
862d : 00000000;
862e : 00000000;
862f : 00000000;
8630 : 00000000;
8631 : 00000000;
8632 : 00000000;
8633 : 00000000;
8634 : 00000000;
8635 : 00000000;
8636 : 00000000;
8637 : 00000000;
8638 : 00000000;
8639 : 00000000;
863a : 00000000;
863b : 00000000;
863c : 00000000;
863d : 00000000;
863e : 00000000;
863f : 00000000;
8640 : 00000000;
8641 : 00000000;
8642 : 00000000;
8643 : 00000000;
8644 : 00000000;
8645 : 00000000;
8646 : 00000000;
8647 : 00000000;
8648 : 00000000;
8649 : 00000000;
864a : 00000000;
864b : 00000000;
864c : 00000000;
864d : 00000000;
864e : 00000000;
864f : 00000000;
8650 : 00000000;
8651 : 00000000;
8652 : 00000000;
8653 : 00000000;
8654 : 00000000;
8655 : 00000000;
8656 : 00000000;
8657 : 00000000;
8658 : 00000000;
8659 : 00000000;
865a : 00000000;
865b : 00000000;
865c : 00000000;
865d : 00000000;
865e : 00000000;
865f : 00000000;
8660 : 00000000;
8661 : 00000000;
8662 : 00000000;
8663 : 00000000;
8664 : 00000000;
8665 : 00000000;
8666 : 00000000;
8667 : 00000000;
8668 : 00000000;
8669 : 00000000;
866a : 00000000;
866b : 00000000;
866c : 00000000;
866d : 00000000;
866e : 00000000;
866f : 00000000;
8670 : 00000000;
8671 : 00000000;
8672 : 00000000;
8673 : 00000000;
8674 : 00000000;
8675 : 00000000;
8676 : 00000000;
8677 : 00000000;
8678 : 00000000;
8679 : 00000000;
867a : 00000000;
867b : 00000000;
867c : 00000000;
867d : 00000000;
867e : 00000000;
867f : 00000000;
8680 : 00000000;
8681 : 00000000;
8682 : 00000000;
8683 : 00000000;
8684 : 00000000;
8685 : 00000000;
8686 : 00000000;
8687 : 00000000;
8688 : 00000000;
8689 : 00000000;
868a : 00000000;
868b : 00000000;
868c : 00000000;
868d : 00000000;
868e : 00000000;
868f : 00000000;
8690 : 00000000;
8691 : 00000000;
8692 : 00000000;
8693 : 00000000;
8694 : 00000000;
8695 : 00000000;
8696 : 00000000;
8697 : 00000000;
8698 : 00000000;
8699 : 00000000;
869a : 00000000;
869b : 00000000;
869c : 00000000;
869d : 00000000;
869e : 00000000;
869f : 00000000;
86a0 : 00000000;
86a1 : 00000000;
86a2 : 00000000;
86a3 : 00000000;
86a4 : 00000000;
86a5 : 00000000;
86a6 : 00000000;
86a7 : 00000000;
86a8 : 00000000;
86a9 : 00000000;
86aa : 00000000;
86ab : 00000000;
86ac : 00000000;
86ad : 00000000;
86ae : 00000000;
86af : 00000000;
86b0 : 00000000;
86b1 : 00000000;
86b2 : 00000000;
86b3 : 00000000;
86b4 : 00000000;
86b5 : 00000000;
86b6 : 00000000;
86b7 : 00000000;
86b8 : 00000000;
86b9 : 00000000;
86ba : 00000000;
86bb : 00000000;
86bc : 00000000;
86bd : 00000000;
86be : 00000000;
86bf : 00000000;
86c0 : 00000000;
86c1 : 00000000;
86c2 : 00000000;
86c3 : 00000000;
86c4 : 00000000;
86c5 : 00000000;
86c6 : 00000000;
86c7 : 00000000;
86c8 : 00000000;
86c9 : 00000000;
86ca : 00000000;
86cb : 00000000;
86cc : 00000000;
86cd : 00000000;
86ce : 00000000;
86cf : 00000000;
86d0 : 00000000;
86d1 : 00000000;
86d2 : 00000000;
86d3 : 00000000;
86d4 : 00000000;
86d5 : 00000000;
86d6 : 00000000;
86d7 : 00000000;
86d8 : 00000000;
86d9 : 00000000;
86da : 00000000;
86db : 00000000;
86dc : 00000000;
86dd : 00000000;
86de : 00000000;
86df : 00000000;
86e0 : 00000000;
86e1 : 00000000;
86e2 : 00000000;
86e3 : 00000000;
86e4 : 00000000;
86e5 : 00000000;
86e6 : 00000000;
86e7 : 00000000;
86e8 : 00000000;
86e9 : 00000000;
86ea : 00000000;
86eb : 00000000;
86ec : 00000000;
86ed : 00000000;
86ee : 00000000;
86ef : 00000000;
86f0 : 00000000;
86f1 : 00000000;
86f2 : 00000000;
86f3 : 00000000;
86f4 : 00000000;
86f5 : 00000000;
86f6 : 00000000;
86f7 : 00000000;
86f8 : 00000000;
86f9 : 00000000;
86fa : 00000000;
86fb : 00000000;
86fc : 00000000;
86fd : 00000000;
86fe : 00000000;
86ff : 00000000;
8700 : 00000000;
8701 : 00000000;
8702 : 00000000;
8703 : 00000000;
8704 : 00000000;
8705 : 00000000;
8706 : 00000000;
8707 : 00000000;
8708 : 00000000;
8709 : 00000000;
870a : 00000000;
870b : 00000000;
870c : 00000000;
870d : 00000000;
870e : 00000000;
870f : 00000000;
8710 : 00000000;
8711 : 00000000;
8712 : 00000000;
8713 : 00000000;
8714 : 00000000;
8715 : 00000000;
8716 : 00000000;
8717 : 00000000;
8718 : 00000000;
8719 : 00000000;
871a : 00000000;
871b : 00000000;
871c : 00000000;
871d : 00000000;
871e : 00000000;
871f : 00000000;
8720 : 00000000;
8721 : 00000000;
8722 : 00000000;
8723 : 00000000;
8724 : 00000000;
8725 : 00000000;
8726 : 00000000;
8727 : 00000000;
8728 : 00000000;
8729 : 00000000;
872a : 00000000;
872b : 00000000;
872c : 00000000;
872d : 00000000;
872e : 00000000;
872f : 00000000;
8730 : 00000000;
8731 : 00000000;
8732 : 00000000;
8733 : 00000000;
8734 : 00000000;
8735 : 00000000;
8736 : 00000000;
8737 : 00000000;
8738 : 00000000;
8739 : 00000000;
873a : 00000000;
873b : 00000000;
873c : 00000000;
873d : 00000000;
873e : 00000000;
873f : 00000000;
8740 : 00000000;
8741 : 00000000;
8742 : 00000000;
8743 : 00000000;
8744 : 00000000;
8745 : 00000000;
8746 : 00000000;
8747 : 00000000;
8748 : 00000000;
8749 : 00000000;
874a : 00000000;
874b : 00000000;
874c : 00000000;
874d : 00000000;
874e : 00000000;
874f : 00000000;
8750 : 00000000;
8751 : 00000000;
8752 : 00000000;
8753 : 00000000;
8754 : 00000000;
8755 : 00000000;
8756 : 00000000;
8757 : 00000000;
8758 : 00000000;
8759 : 00000000;
875a : 00000000;
875b : 00000000;
875c : 00000000;
875d : 00000000;
875e : 00000000;
875f : 00000000;
8760 : 00000000;
8761 : 00000000;
8762 : 00000000;
8763 : 00000000;
8764 : 00000000;
8765 : 00000000;
8766 : 00000000;
8767 : 00000000;
8768 : 00000000;
8769 : 00000000;
876a : 00000000;
876b : 00000000;
876c : 00000000;
876d : 00000000;
876e : 00000000;
876f : 00000000;
8770 : 00000000;
8771 : 00000000;
8772 : 00000000;
8773 : 00000000;
8774 : 00000000;
8775 : 00000000;
8776 : 00000000;
8777 : 00000000;
8778 : 00000000;
8779 : 00000000;
877a : 00000000;
877b : 00000000;
877c : 00000000;
877d : 00000000;
877e : 00000000;
877f : 00000000;
8780 : 00000000;
8781 : 00000000;
8782 : 00000000;
8783 : 00000000;
8784 : 00000000;
8785 : 00000000;
8786 : 00000000;
8787 : 00000000;
8788 : 00000000;
8789 : 00000000;
878a : 00000000;
878b : 00000000;
878c : 00000000;
878d : 00000000;
878e : 00000000;
878f : 00000000;
8790 : 00000000;
8791 : 00000000;
8792 : 00000000;
8793 : 00000000;
8794 : 00000000;
8795 : 00000000;
8796 : 00000000;
8797 : 00000000;
8798 : 00000000;
8799 : 00000000;
879a : 00000000;
879b : 00000000;
879c : 00000000;
879d : 00000000;
879e : 00000000;
879f : 00000000;
87a0 : 00000000;
87a1 : 00000000;
87a2 : 00000000;
87a3 : 00000000;
87a4 : 00000000;
87a5 : 00000000;
87a6 : 00000000;
87a7 : 00000000;
87a8 : 00000000;
87a9 : 00000000;
87aa : 00000000;
87ab : 00000000;
87ac : 00000000;
87ad : 00000000;
87ae : 00000000;
87af : 00000000;
87b0 : 00000000;
87b1 : 00000000;
87b2 : 00000000;
87b3 : 00000000;
87b4 : 00000000;
87b5 : 00000000;
87b6 : 00000000;
87b7 : 00000000;
87b8 : 00000000;
87b9 : 00000000;
87ba : 00000000;
87bb : 00000000;
87bc : 00000000;
87bd : 00000000;
87be : 00000000;
87bf : 00000000;
87c0 : 00000000;
87c1 : 00000000;
87c2 : 00000000;
87c3 : 00000000;
87c4 : 00000000;
87c5 : 00000000;
87c6 : 00000000;
87c7 : 00000000;
87c8 : 00000000;
87c9 : 00000000;
87ca : 00000000;
87cb : 00000000;
87cc : 00000000;
87cd : 00000000;
87ce : 00000000;
87cf : 00000000;
87d0 : 00000000;
87d1 : 00000000;
87d2 : 00000000;
87d3 : 00000000;
87d4 : 00000000;
87d5 : 00000000;
87d6 : 00000000;
87d7 : 00000000;
87d8 : 00000000;
87d9 : 00000000;
87da : 00000000;
87db : 00000000;
87dc : 00000000;
87dd : 00000000;
87de : 00000000;
87df : 00000000;
87e0 : 00000000;
87e1 : 00000000;
87e2 : 00000000;
87e3 : 00000000;
87e4 : 00000000;
87e5 : 00000000;
87e6 : 00000000;
87e7 : 00000000;
87e8 : 00000000;
87e9 : 00000000;
87ea : 00000000;
87eb : 00000000;
87ec : 00000000;
87ed : 00000000;
87ee : 00000000;
87ef : 00000000;
87f0 : 00000000;
87f1 : 00000000;
87f2 : 00000000;
87f3 : 00000000;
87f4 : 00000000;
87f5 : 00000000;
87f6 : 00000000;
87f7 : 00000000;
87f8 : 00000000;
87f9 : 00000000;
87fa : 00000000;
87fb : 00000000;
87fc : 00000000;
87fd : 00000000;
87fe : 00000000;
87ff : 00000000;
8800 : 00000000;
8801 : 00000000;
8802 : 00000000;
8803 : 00000000;
8804 : 00000000;
8805 : 00000000;
8806 : 00000000;
8807 : 00000000;
8808 : 00000000;
8809 : 00000000;
880a : 00000000;
880b : 00000000;
880c : 00000000;
880d : 00000000;
880e : 00000000;
880f : 00000000;
8810 : 00000000;
8811 : 00000000;
8812 : 00000000;
8813 : 00000000;
8814 : 00000000;
8815 : 00000000;
8816 : 00000000;
8817 : 00000000;
8818 : 00000000;
8819 : 00000000;
881a : 00000000;
881b : 00000000;
881c : 00000000;
881d : 00000000;
881e : 00000000;
881f : 00000000;
8820 : 00000000;
8821 : 00000000;
8822 : 00000000;
8823 : 00000000;
8824 : 00000000;
8825 : 00000000;
8826 : 00000000;
8827 : 00000000;
8828 : 00000000;
8829 : 00000000;
882a : 00000000;
882b : 00000000;
882c : 00000000;
882d : 00000000;
882e : 00000000;
882f : 00000000;
8830 : 00000000;
8831 : 00000000;
8832 : 00000000;
8833 : 00000000;
8834 : 00000000;
8835 : 00000000;
8836 : 00000000;
8837 : 00000000;
8838 : 00000000;
8839 : 00000000;
883a : 00000000;
883b : 00000000;
883c : 00000000;
883d : 00000000;
883e : 00000000;
883f : 00000000;
8840 : 00000000;
8841 : 00000000;
8842 : 00000000;
8843 : 00000000;
8844 : 00000000;
8845 : 00000000;
8846 : 00000000;
8847 : 00000000;
8848 : 00000000;
8849 : 00000000;
884a : 00000000;
884b : 00000000;
884c : 00000000;
884d : 00000000;
884e : 00000000;
884f : 00000000;
8850 : 00000000;
8851 : 00000000;
8852 : 00000000;
8853 : 00000000;
8854 : 00000000;
8855 : 00000000;
8856 : 00000000;
8857 : 00000000;
8858 : 00000000;
8859 : 00000000;
885a : 00000000;
885b : 00000000;
885c : 00000000;
885d : 00000000;
885e : 00000000;
885f : 00000000;
8860 : 00000000;
8861 : 00000000;
8862 : 00000000;
8863 : 00000000;
8864 : 00000000;
8865 : 00000000;
8866 : 00000000;
8867 : 00000000;
8868 : 00000000;
8869 : 00000000;
886a : 00000000;
886b : 00000000;
886c : 00000000;
886d : 00000000;
886e : 00000000;
886f : 00000000;
8870 : 00000000;
8871 : 00000000;
8872 : 00000000;
8873 : 00000000;
8874 : 00000000;
8875 : 00000000;
8876 : 00000000;
8877 : 00000000;
8878 : 00000000;
8879 : 00000000;
887a : 00000000;
887b : 00000000;
887c : 00000000;
887d : 00000000;
887e : 00000000;
887f : 00000000;
8880 : 00000000;
8881 : 00000000;
8882 : 00000000;
8883 : 00000000;
8884 : 00000000;
8885 : 00000000;
8886 : 00000000;
8887 : 00000000;
8888 : 00000000;
8889 : 00000000;
888a : 00000000;
888b : 00000000;
888c : 00000000;
888d : 00000000;
888e : 00000000;
888f : 00000000;
8890 : 00000000;
8891 : 00000000;
8892 : 00000000;
8893 : 00000000;
8894 : 00000000;
8895 : 00000000;
8896 : 00000000;
8897 : 00000000;
8898 : 00000000;
8899 : 00000000;
889a : 00000000;
889b : 00000000;
889c : 00000000;
889d : 00000000;
889e : 00000000;
889f : 00000000;
88a0 : 00000000;
88a1 : 00000000;
88a2 : 00000000;
88a3 : 00000000;
88a4 : 00000000;
88a5 : 00000000;
88a6 : 00000000;
88a7 : 00000000;
88a8 : 00000000;
88a9 : 00000000;
88aa : 00000000;
88ab : 00000000;
88ac : 00000000;
88ad : 00000000;
88ae : 00000000;
88af : 00000000;
88b0 : 00000000;
88b1 : 00000000;
88b2 : 00000000;
88b3 : 00000000;
88b4 : 00000000;
88b5 : 00000000;
88b6 : 00000000;
88b7 : 00000000;
88b8 : 00000000;
88b9 : 00000000;
88ba : 00000000;
88bb : 00000000;
88bc : 00000000;
88bd : 00000000;
88be : 00000000;
88bf : 00000000;
88c0 : 00000000;
88c1 : 00000000;
88c2 : 00000000;
88c3 : 00000000;
88c4 : 00000000;
88c5 : 00000000;
88c6 : 00000000;
88c7 : 00000000;
88c8 : 00000000;
88c9 : 00000000;
88ca : 00000000;
88cb : 00000000;
88cc : 00000000;
88cd : 00000000;
88ce : 00000000;
88cf : 00000000;
88d0 : 00000000;
88d1 : 00000000;
88d2 : 00000000;
88d3 : 00000000;
88d4 : 00000000;
88d5 : 00000000;
88d6 : 00000000;
88d7 : 00000000;
88d8 : 00000000;
88d9 : 00000000;
88da : 00000000;
88db : 00000000;
88dc : 00000000;
88dd : 00000000;
88de : 00000000;
88df : 00000000;
88e0 : 00000000;
88e1 : 00000000;
88e2 : 00000000;
88e3 : 00000000;
88e4 : 00000000;
88e5 : 00000000;
88e6 : 00000000;
88e7 : 00000000;
88e8 : 00000000;
88e9 : 00000000;
88ea : 00000000;
88eb : 00000000;
88ec : 00000000;
88ed : 00000000;
88ee : 00000000;
88ef : 00000000;
88f0 : 00000000;
88f1 : 00000000;
88f2 : 00000000;
88f3 : 00000000;
88f4 : 00000000;
88f5 : 00000000;
88f6 : 00000000;
88f7 : 00000000;
88f8 : 00000000;
88f9 : 00000000;
88fa : 00000000;
88fb : 00000000;
88fc : 00000000;
88fd : 00000000;
88fe : 00000000;
88ff : 00000000;
8900 : 00000000;
8901 : 00000000;
8902 : 00000000;
8903 : 00000000;
8904 : 00000000;
8905 : 00000000;
8906 : 00000000;
8907 : 00000000;
8908 : 00000000;
8909 : 00000000;
890a : 00000000;
890b : 00000000;
890c : 00000000;
890d : 00000000;
890e : 00000000;
890f : 00000000;
8910 : 00000000;
8911 : 00000000;
8912 : 00000000;
8913 : 00000000;
8914 : 00000000;
8915 : 00000000;
8916 : 00000000;
8917 : 00000000;
8918 : 00000000;
8919 : 00000000;
891a : 00000000;
891b : 00000000;
891c : 00000000;
891d : 00000000;
891e : 00000000;
891f : 00000000;
8920 : 00000000;
8921 : 00000000;
8922 : 00000000;
8923 : 00000000;
8924 : 00000000;
8925 : 00000000;
8926 : 00000000;
8927 : 00000000;
8928 : 00000000;
8929 : 00000000;
892a : 00000000;
892b : 00000000;
892c : 00000000;
892d : 00000000;
892e : 00000000;
892f : 00000000;
8930 : 00000000;
8931 : 00000000;
8932 : 00000000;
8933 : 00000000;
8934 : 00000000;
8935 : 00000000;
8936 : 00000000;
8937 : 00000000;
8938 : 00000000;
8939 : 00000000;
893a : 00000000;
893b : 00000000;
893c : 00000000;
893d : 00000000;
893e : 00000000;
893f : 00000000;
8940 : 00000000;
8941 : 00000000;
8942 : 00000000;
8943 : 00000000;
8944 : 00000000;
8945 : 00000000;
8946 : 00000000;
8947 : 00000000;
8948 : 00000000;
8949 : 00000000;
894a : 00000000;
894b : 00000000;
894c : 00000000;
894d : 00000000;
894e : 00000000;
894f : 00000000;
8950 : 00000000;
8951 : 00000000;
8952 : 00000000;
8953 : 00000000;
8954 : 00000000;
8955 : 00000000;
8956 : 00000000;
8957 : 00000000;
8958 : 00000000;
8959 : 00000000;
895a : 00000000;
895b : 00000000;
895c : 00000000;
895d : 00000000;
895e : 00000000;
895f : 00000000;
8960 : 00000000;
8961 : 00000000;
8962 : 00000000;
8963 : 00000000;
8964 : 00000000;
8965 : 00000000;
8966 : 00000000;
8967 : 00000000;
8968 : 00000000;
8969 : 00000000;
896a : 00000000;
896b : 00000000;
896c : 00000000;
896d : 00000000;
896e : 00000000;
896f : 00000000;
8970 : 00000000;
8971 : 00000000;
8972 : 00000000;
8973 : 00000000;
8974 : 00000000;
8975 : 00000000;
8976 : 00000000;
8977 : 00000000;
8978 : 00000000;
8979 : 00000000;
897a : 00000000;
897b : 00000000;
897c : 00000000;
897d : 00000000;
897e : 00000000;
897f : 00000000;
8980 : 00000000;
8981 : 00000000;
8982 : 00000000;
8983 : 00000000;
8984 : 00000000;
8985 : 00000000;
8986 : 00000000;
8987 : 00000000;
8988 : 00000000;
8989 : 00000000;
898a : 00000000;
898b : 00000000;
898c : 00000000;
898d : 00000000;
898e : 00000000;
898f : 00000000;
8990 : 00000000;
8991 : 00000000;
8992 : 00000000;
8993 : 00000000;
8994 : 00000000;
8995 : 00000000;
8996 : 00000000;
8997 : 00000000;
8998 : 00000000;
8999 : 00000000;
899a : 00000000;
899b : 00000000;
899c : 00000000;
899d : 00000000;
899e : 00000000;
899f : 00000000;
89a0 : 00000000;
89a1 : 00000000;
89a2 : 00000000;
89a3 : 00000000;
89a4 : 00000000;
89a5 : 00000000;
89a6 : 00000000;
89a7 : 00000000;
89a8 : 00000000;
89a9 : 00000000;
89aa : 00000000;
89ab : 00000000;
89ac : 00000000;
89ad : 00000000;
89ae : 00000000;
89af : 00000000;
89b0 : 00000000;
89b1 : 00000000;
89b2 : 00000000;
89b3 : 00000000;
89b4 : 00000000;
89b5 : 00000000;
89b6 : 00000000;
89b7 : 00000000;
89b8 : 00000000;
89b9 : 00000000;
89ba : 00000000;
89bb : 00000000;
89bc : 00000000;
89bd : 00000000;
89be : 00000000;
89bf : 00000000;
89c0 : 00000000;
89c1 : 00000000;
89c2 : 00000000;
89c3 : 00000000;
89c4 : 00000000;
89c5 : 00000000;
89c6 : 00000000;
89c7 : 00000000;
89c8 : 00000000;
89c9 : 00000000;
89ca : 00000000;
89cb : 00000000;
89cc : 00000000;
89cd : 00000000;
89ce : 00000000;
89cf : 00000000;
89d0 : 00000000;
89d1 : 00000000;
89d2 : 00000000;
89d3 : 00000000;
89d4 : 00000000;
89d5 : 00000000;
89d6 : 00000000;
89d7 : 00000000;
89d8 : 00000000;
89d9 : 00000000;
89da : 00000000;
89db : 00000000;
89dc : 00000000;
89dd : 00000000;
89de : 00000000;
89df : 00000000;
89e0 : 00000000;
89e1 : 00000000;
89e2 : 00000000;
89e3 : 00000000;
89e4 : 00000000;
89e5 : 00000000;
89e6 : 00000000;
89e7 : 00000000;
89e8 : 00000000;
89e9 : 00000000;
89ea : 00000000;
89eb : 00000000;
89ec : 00000000;
89ed : 00000000;
89ee : 00000000;
89ef : 00000000;
89f0 : 00000000;
89f1 : 00000000;
89f2 : 00000000;
89f3 : 00000000;
89f4 : 00000000;
89f5 : 00000000;
89f6 : 00000000;
89f7 : 00000000;
89f8 : 00000000;
89f9 : 00000000;
89fa : 00000000;
89fb : 00000000;
89fc : 00000000;
89fd : 00000000;
89fe : 00000000;
89ff : 00000000;
8a00 : 00000000;
8a01 : 00000000;
8a02 : 00000000;
8a03 : 00000000;
8a04 : 00000000;
8a05 : 00000000;
8a06 : 00000000;
8a07 : 00000000;
8a08 : 00000000;
8a09 : 00000000;
8a0a : 00000000;
8a0b : 00000000;
8a0c : 00000000;
8a0d : 00000000;
8a0e : 00000000;
8a0f : 00000000;
8a10 : 00000000;
8a11 : 00000000;
8a12 : 00000000;
8a13 : 00000000;
8a14 : 00000000;
8a15 : 00000000;
8a16 : 00000000;
8a17 : 00000000;
8a18 : 00000000;
8a19 : 00000000;
8a1a : 00000000;
8a1b : 00000000;
8a1c : 00000000;
8a1d : 00000000;
8a1e : 00000000;
8a1f : 00000000;
8a20 : 00000000;
8a21 : 00000000;
8a22 : 00000000;
8a23 : 00000000;
8a24 : 00000000;
8a25 : 00000000;
8a26 : 00000000;
8a27 : 00000000;
8a28 : 00000000;
8a29 : 00000000;
8a2a : 00000000;
8a2b : 00000000;
8a2c : 00000000;
8a2d : 00000000;
8a2e : 00000000;
8a2f : 00000000;
8a30 : 00000000;
8a31 : 00000000;
8a32 : 00000000;
8a33 : 00000000;
8a34 : 00000000;
8a35 : 00000000;
8a36 : 00000000;
8a37 : 00000000;
8a38 : 00000000;
8a39 : 00000000;
8a3a : 00000000;
8a3b : 00000000;
8a3c : 00000000;
8a3d : 00000000;
8a3e : 00000000;
8a3f : 00000000;
8a40 : 00000000;
8a41 : 00000000;
8a42 : 00000000;
8a43 : 00000000;
8a44 : 00000000;
8a45 : 00000000;
8a46 : 00000000;
8a47 : 00000000;
8a48 : 00000000;
8a49 : 00000000;
8a4a : 00000000;
8a4b : 00000000;
8a4c : 00000000;
8a4d : 00000000;
8a4e : 00000000;
8a4f : 00000000;
8a50 : 00000000;
8a51 : 00000000;
8a52 : 00000000;
8a53 : 00000000;
8a54 : 00000000;
8a55 : 00000000;
8a56 : 00000000;
8a57 : 00000000;
8a58 : 00000000;
8a59 : 00000000;
8a5a : 00000000;
8a5b : 00000000;
8a5c : 00000000;
8a5d : 00000000;
8a5e : 00000000;
8a5f : 00000000;
8a60 : 00000000;
8a61 : 00000000;
8a62 : 00000000;
8a63 : 00000000;
8a64 : 00000000;
8a65 : 00000000;
8a66 : 00000000;
8a67 : 00000000;
8a68 : 00000000;
8a69 : 00000000;
8a6a : 00000000;
8a6b : 00000000;
8a6c : 00000000;
8a6d : 00000000;
8a6e : 00000000;
8a6f : 00000000;
8a70 : 00000000;
8a71 : 00000000;
8a72 : 00000000;
8a73 : 00000000;
8a74 : 00000000;
8a75 : 00000000;
8a76 : 00000000;
8a77 : 00000000;
8a78 : 00000000;
8a79 : 00000000;
8a7a : 00000000;
8a7b : 00000000;
8a7c : 00000000;
8a7d : 00000000;
8a7e : 00000000;
8a7f : 00000000;
8a80 : 00000000;
8a81 : 00000000;
8a82 : 00000000;
8a83 : 00000000;
8a84 : 00000000;
8a85 : 00000000;
8a86 : 00000000;
8a87 : 00000000;
8a88 : 00000000;
8a89 : 00000000;
8a8a : 00000000;
8a8b : 00000000;
8a8c : 00000000;
8a8d : 00000000;
8a8e : 00000000;
8a8f : 00000000;
8a90 : 00000000;
8a91 : 00000000;
8a92 : 00000000;
8a93 : 00000000;
8a94 : 00000000;
8a95 : 00000000;
8a96 : 00000000;
8a97 : 00000000;
8a98 : 00000000;
8a99 : 00000000;
8a9a : 00000000;
8a9b : 00000000;
8a9c : 00000000;
8a9d : 00000000;
8a9e : 00000000;
8a9f : 00000000;
8aa0 : 00000000;
8aa1 : 00000000;
8aa2 : 00000000;
8aa3 : 00000000;
8aa4 : 00000000;
8aa5 : 00000000;
8aa6 : 00000000;
8aa7 : 00000000;
8aa8 : 00000000;
8aa9 : 00000000;
8aaa : 00000000;
8aab : 00000000;
8aac : 00000000;
8aad : 00000000;
8aae : 00000000;
8aaf : 00000000;
8ab0 : 00000000;
8ab1 : 00000000;
8ab2 : 00000000;
8ab3 : 00000000;
8ab4 : 00000000;
8ab5 : 00000000;
8ab6 : 00000000;
8ab7 : 00000000;
8ab8 : 00000000;
8ab9 : 00000000;
8aba : 00000000;
8abb : 00000000;
8abc : 00000000;
8abd : 00000000;
8abe : 00000000;
8abf : 00000000;
8ac0 : 00000000;
8ac1 : 00000000;
8ac2 : 00000000;
8ac3 : 00000000;
8ac4 : 00000000;
8ac5 : 00000000;
8ac6 : 00000000;
8ac7 : 00000000;
8ac8 : 00000000;
8ac9 : 00000000;
8aca : 00000000;
8acb : 00000000;
8acc : 00000000;
8acd : 00000000;
8ace : 00000000;
8acf : 00000000;
8ad0 : 00000000;
8ad1 : 00000000;
8ad2 : 00000000;
8ad3 : 00000000;
8ad4 : 00000000;
8ad5 : 00000000;
8ad6 : 00000000;
8ad7 : 00000000;
8ad8 : 00000000;
8ad9 : 00000000;
8ada : 00000000;
8adb : 00000000;
8adc : 00000000;
8add : 00000000;
8ade : 00000000;
8adf : 00000000;
8ae0 : 00000000;
8ae1 : 00000000;
8ae2 : 00000000;
8ae3 : 00000000;
8ae4 : 00000000;
8ae5 : 00000000;
8ae6 : 00000000;
8ae7 : 00000000;
8ae8 : 00000000;
8ae9 : 00000000;
8aea : 00000000;
8aeb : 00000000;
8aec : 00000000;
8aed : 00000000;
8aee : 00000000;
8aef : 00000000;
8af0 : 00000000;
8af1 : 00000000;
8af2 : 00000000;
8af3 : 00000000;
8af4 : 00000000;
8af5 : 00000000;
8af6 : 00000000;
8af7 : 00000000;
8af8 : 00000000;
8af9 : 00000000;
8afa : 00000000;
8afb : 00000000;
8afc : 00000000;
8afd : 00000000;
8afe : 00000000;
8aff : 00000000;
8b00 : 00000000;
8b01 : 00000000;
8b02 : 00000000;
8b03 : 00000000;
8b04 : 00000000;
8b05 : 00000000;
8b06 : 00000000;
8b07 : 00000000;
8b08 : 00000000;
8b09 : 00000000;
8b0a : 00000000;
8b0b : 00000000;
8b0c : 00000000;
8b0d : 00000000;
8b0e : 00000000;
8b0f : 00000000;
8b10 : 00000000;
8b11 : 00000000;
8b12 : 00000000;
8b13 : 00000000;
8b14 : 00000000;
8b15 : 00000000;
8b16 : 00000000;
8b17 : 00000000;
8b18 : 00000000;
8b19 : 00000000;
8b1a : 00000000;
8b1b : 00000000;
8b1c : 00000000;
8b1d : 00000000;
8b1e : 00000000;
8b1f : 00000000;
8b20 : 00000000;
8b21 : 00000000;
8b22 : 00000000;
8b23 : 00000000;
8b24 : 00000000;
8b25 : 00000000;
8b26 : 00000000;
8b27 : 00000000;
8b28 : 00000000;
8b29 : 00000000;
8b2a : 00000000;
8b2b : 00000000;
8b2c : 00000000;
8b2d : 00000000;
8b2e : 00000000;
8b2f : 00000000;
8b30 : 00000000;
8b31 : 00000000;
8b32 : 00000000;
8b33 : 00000000;
8b34 : 00000000;
8b35 : 00000000;
8b36 : 00000000;
8b37 : 00000000;
8b38 : 00000000;
8b39 : 00000000;
8b3a : 00000000;
8b3b : 00000000;
8b3c : 00000000;
8b3d : 00000000;
8b3e : 00000000;
8b3f : 00000000;
8b40 : 00000000;
8b41 : 00000000;
8b42 : 00000000;
8b43 : 00000000;
8b44 : 00000000;
8b45 : 00000000;
8b46 : 00000000;
8b47 : 00000000;
8b48 : 00000000;
8b49 : 00000000;
8b4a : 00000000;
8b4b : 00000000;
8b4c : 00000000;
8b4d : 00000000;
8b4e : 00000000;
8b4f : 00000000;
8b50 : 00000000;
8b51 : 00000000;
8b52 : 00000000;
8b53 : 00000000;
8b54 : 00000000;
8b55 : 00000000;
8b56 : 00000000;
8b57 : 00000000;
8b58 : 00000000;
8b59 : 00000000;
8b5a : 00000000;
8b5b : 00000000;
8b5c : 00000000;
8b5d : 00000000;
8b5e : 00000000;
8b5f : 00000000;
8b60 : 00000000;
8b61 : 00000000;
8b62 : 00000000;
8b63 : 00000000;
8b64 : 00000000;
8b65 : 00000000;
8b66 : 00000000;
8b67 : 00000000;
8b68 : 00000000;
8b69 : 00000000;
8b6a : 00000000;
8b6b : 00000000;
8b6c : 00000000;
8b6d : 00000000;
8b6e : 00000000;
8b6f : 00000000;
8b70 : 00000000;
8b71 : 00000000;
8b72 : 00000000;
8b73 : 00000000;
8b74 : 00000000;
8b75 : 00000000;
8b76 : 00000000;
8b77 : 00000000;
8b78 : 00000000;
8b79 : 00000000;
8b7a : 00000000;
8b7b : 00000000;
8b7c : 00000000;
8b7d : 00000000;
8b7e : 00000000;
8b7f : 00000000;
8b80 : 00000000;
8b81 : 00000000;
8b82 : 00000000;
8b83 : 00000000;
8b84 : 00000000;
8b85 : 00000000;
8b86 : 00000000;
8b87 : 00000000;
8b88 : 00000000;
8b89 : 00000000;
8b8a : 00000000;
8b8b : 00000000;
8b8c : 00000000;
8b8d : 00000000;
8b8e : 00000000;
8b8f : 00000000;
8b90 : 00000000;
8b91 : 00000000;
8b92 : 00000000;
8b93 : 00000000;
8b94 : 00000000;
8b95 : 00000000;
8b96 : 00000000;
8b97 : 00000000;
8b98 : 00000000;
8b99 : 00000000;
8b9a : 00000000;
8b9b : 00000000;
8b9c : 00000000;
8b9d : 00000000;
8b9e : 00000000;
8b9f : 00000000;
8ba0 : 00000000;
8ba1 : 00000000;
8ba2 : 00000000;
8ba3 : 00000000;
8ba4 : 00000000;
8ba5 : 00000000;
8ba6 : 00000000;
8ba7 : 00000000;
8ba8 : 00000000;
8ba9 : 00000000;
8baa : 00000000;
8bab : 00000000;
8bac : 00000000;
8bad : 00000000;
8bae : 00000000;
8baf : 00000000;
8bb0 : 00000000;
8bb1 : 00000000;
8bb2 : 00000000;
8bb3 : 00000000;
8bb4 : 00000000;
8bb5 : 00000000;
8bb6 : 00000000;
8bb7 : 00000000;
8bb8 : 00000000;
8bb9 : 00000000;
8bba : 00000000;
8bbb : 00000000;
8bbc : 00000000;
8bbd : 00000000;
8bbe : 00000000;
8bbf : 00000000;
8bc0 : 00000000;
8bc1 : 00000000;
8bc2 : 00000000;
8bc3 : 00000000;
8bc4 : 00000000;
8bc5 : 00000000;
8bc6 : 00000000;
8bc7 : 00000000;
8bc8 : 00000000;
8bc9 : 00000000;
8bca : 00000000;
8bcb : 00000000;
8bcc : 00000000;
8bcd : 00000000;
8bce : 00000000;
8bcf : 00000000;
8bd0 : 00000000;
8bd1 : 00000000;
8bd2 : 00000000;
8bd3 : 00000000;
8bd4 : 00000000;
8bd5 : 00000000;
8bd6 : 00000000;
8bd7 : 00000000;
8bd8 : 00000000;
8bd9 : 00000000;
8bda : 00000000;
8bdb : 00000000;
8bdc : 00000000;
8bdd : 00000000;
8bde : 00000000;
8bdf : 00000000;
8be0 : 00000000;
8be1 : 00000000;
8be2 : 00000000;
8be3 : 00000000;
8be4 : 00000000;
8be5 : 00000000;
8be6 : 00000000;
8be7 : 00000000;
8be8 : 00000000;
8be9 : 00000000;
8bea : 00000000;
8beb : 00000000;
8bec : 00000000;
8bed : 00000000;
8bee : 00000000;
8bef : 00000000;
8bf0 : 00000000;
8bf1 : 00000000;
8bf2 : 00000000;
8bf3 : 00000000;
8bf4 : 00000000;
8bf5 : 00000000;
8bf6 : 00000000;
8bf7 : 00000000;
8bf8 : 00000000;
8bf9 : 00000000;
8bfa : 00000000;
8bfb : 00000000;
8bfc : 00000000;
8bfd : 00000000;
8bfe : 00000000;
8bff : 00000000;
8c00 : 00000000;
8c01 : 00000000;
8c02 : 00000000;
8c03 : 00000000;
8c04 : 00000000;
8c05 : 00000000;
8c06 : 00000000;
8c07 : 00000000;
8c08 : 00000000;
8c09 : 00000000;
8c0a : 00000000;
8c0b : 00000000;
8c0c : 00000000;
8c0d : 00000000;
8c0e : 00000000;
8c0f : 00000000;
8c10 : 00000000;
8c11 : 00000000;
8c12 : 00000000;
8c13 : 00000000;
8c14 : 00000000;
8c15 : 00000000;
8c16 : 00000000;
8c17 : 00000000;
8c18 : 00000000;
8c19 : 00000000;
8c1a : 00000000;
8c1b : 00000000;
8c1c : 00000000;
8c1d : 00000000;
8c1e : 00000000;
8c1f : 00000000;
8c20 : 00000000;
8c21 : 00000000;
8c22 : 00000000;
8c23 : 00000000;
8c24 : 00000000;
8c25 : 00000000;
8c26 : 00000000;
8c27 : 00000000;
8c28 : 00000000;
8c29 : 00000000;
8c2a : 00000000;
8c2b : 00000000;
8c2c : 00000000;
8c2d : 00000000;
8c2e : 00000000;
8c2f : 00000000;
8c30 : 00000000;
8c31 : 00000000;
8c32 : 00000000;
8c33 : 00000000;
8c34 : 00000000;
8c35 : 00000000;
8c36 : 00000000;
8c37 : 00000000;
8c38 : 00000000;
8c39 : 00000000;
8c3a : 00000000;
8c3b : 00000000;
8c3c : 00000000;
8c3d : 00000000;
8c3e : 00000000;
8c3f : 00000000;
8c40 : 00000000;
8c41 : 00000000;
8c42 : 00000000;
8c43 : 00000000;
8c44 : 00000000;
8c45 : 00000000;
8c46 : 00000000;
8c47 : 00000000;
8c48 : 00000000;
8c49 : 00000000;
8c4a : 00000000;
8c4b : 00000000;
8c4c : 00000000;
8c4d : 00000000;
8c4e : 00000000;
8c4f : 00000000;
8c50 : 00000000;
8c51 : 00000000;
8c52 : 00000000;
8c53 : 00000000;
8c54 : 00000000;
8c55 : 00000000;
8c56 : 00000000;
8c57 : 00000000;
8c58 : 00000000;
8c59 : 00000000;
8c5a : 00000000;
8c5b : 00000000;
8c5c : 00000000;
8c5d : 00000000;
8c5e : 00000000;
8c5f : 00000000;
8c60 : 00000000;
8c61 : 00000000;
8c62 : 00000000;
8c63 : 00000000;
8c64 : 00000000;
8c65 : 00000000;
8c66 : 00000000;
8c67 : 00000000;
8c68 : 00000000;
8c69 : 00000000;
8c6a : 00000000;
8c6b : 00000000;
8c6c : 00000000;
8c6d : 00000000;
8c6e : 00000000;
8c6f : 00000000;
8c70 : 00000000;
8c71 : 00000000;
8c72 : 00000000;
8c73 : 00000000;
8c74 : 00000000;
8c75 : 00000000;
8c76 : 00000000;
8c77 : 00000000;
8c78 : 00000000;
8c79 : 00000000;
8c7a : 00000000;
8c7b : 00000000;
8c7c : 00000000;
8c7d : 00000000;
8c7e : 00000000;
8c7f : 00000000;
8c80 : 00000000;
8c81 : 00000000;
8c82 : 00000000;
8c83 : 00000000;
8c84 : 00000000;
8c85 : 00000000;
8c86 : 00000000;
8c87 : 00000000;
8c88 : 00000000;
8c89 : 00000000;
8c8a : 00000000;
8c8b : 00000000;
8c8c : 00000000;
8c8d : 00000000;
8c8e : 00000000;
8c8f : 00000000;
8c90 : 00000000;
8c91 : 00000000;
8c92 : 00000000;
8c93 : 00000000;
8c94 : 00000000;
8c95 : 00000000;
8c96 : 00000000;
8c97 : 00000000;
8c98 : 00000000;
8c99 : 00000000;
8c9a : 00000000;
8c9b : 00000000;
8c9c : 00000000;
8c9d : 00000000;
8c9e : 00000000;
8c9f : 00000000;
8ca0 : 00000000;
8ca1 : 00000000;
8ca2 : 00000000;
8ca3 : 00000000;
8ca4 : 00000000;
8ca5 : 00000000;
8ca6 : 00000000;
8ca7 : 00000000;
8ca8 : 00000000;
8ca9 : 00000000;
8caa : 00000000;
8cab : 00000000;
8cac : 00000000;
8cad : 00000000;
8cae : 00000000;
8caf : 00000000;
8cb0 : 00000000;
8cb1 : 00000000;
8cb2 : 00000000;
8cb3 : 00000000;
8cb4 : 00000000;
8cb5 : 00000000;
8cb6 : 00000000;
8cb7 : 00000000;
8cb8 : 00000000;
8cb9 : 00000000;
8cba : 00000000;
8cbb : 00000000;
8cbc : 00000000;
8cbd : 00000000;
8cbe : 00000000;
8cbf : 00000000;
8cc0 : 00000000;
8cc1 : 00000000;
8cc2 : 00000000;
8cc3 : 00000000;
8cc4 : 00000000;
8cc5 : 00000000;
8cc6 : 00000000;
8cc7 : 00000000;
8cc8 : 00000000;
8cc9 : 00000000;
8cca : 00000000;
8ccb : 00000000;
8ccc : 00000000;
8ccd : 00000000;
8cce : 00000000;
8ccf : 00000000;
8cd0 : 00000000;
8cd1 : 00000000;
8cd2 : 00000000;
8cd3 : 00000000;
8cd4 : 00000000;
8cd5 : 00000000;
8cd6 : 00000000;
8cd7 : 00000000;
8cd8 : 00000000;
8cd9 : 00000000;
8cda : 00000000;
8cdb : 00000000;
8cdc : 00000000;
8cdd : 00000000;
8cde : 00000000;
8cdf : 00000000;
8ce0 : 00000000;
8ce1 : 00000000;
8ce2 : 00000000;
8ce3 : 00000000;
8ce4 : 00000000;
8ce5 : 00000000;
8ce6 : 00000000;
8ce7 : 00000000;
8ce8 : 00000000;
8ce9 : 00000000;
8cea : 00000000;
8ceb : 00000000;
8cec : 00000000;
8ced : 00000000;
8cee : 00000000;
8cef : 00000000;
8cf0 : 00000000;
8cf1 : 00000000;
8cf2 : 00000000;
8cf3 : 00000000;
8cf4 : 00000000;
8cf5 : 00000000;
8cf6 : 00000000;
8cf7 : 00000000;
8cf8 : 00000000;
8cf9 : 00000000;
8cfa : 00000000;
8cfb : 00000000;
8cfc : 00000000;
8cfd : 00000000;
8cfe : 00000000;
8cff : 00000000;
8d00 : 00000000;
8d01 : 00000000;
8d02 : 00000000;
8d03 : 00000000;
8d04 : 00000000;
8d05 : 00000000;
8d06 : 00000000;
8d07 : 00000000;
8d08 : 00000000;
8d09 : 00000000;
8d0a : 00000000;
8d0b : 00000000;
8d0c : 00000000;
8d0d : 00000000;
8d0e : 00000000;
8d0f : 00000000;
8d10 : 00000000;
8d11 : 00000000;
8d12 : 00000000;
8d13 : 00000000;
8d14 : 00000000;
8d15 : 00000000;
8d16 : 00000000;
8d17 : 00000000;
8d18 : 00000000;
8d19 : 00000000;
8d1a : 00000000;
8d1b : 00000000;
8d1c : 00000000;
8d1d : 00000000;
8d1e : 00000000;
8d1f : 00000000;
8d20 : 00000000;
8d21 : 00000000;
8d22 : 00000000;
8d23 : 00000000;
8d24 : 00000000;
8d25 : 00000000;
8d26 : 00000000;
8d27 : 00000000;
8d28 : 00000000;
8d29 : 00000000;
8d2a : 00000000;
8d2b : 00000000;
8d2c : 00000000;
8d2d : 00000000;
8d2e : 00000000;
8d2f : 00000000;
8d30 : 00000000;
8d31 : 00000000;
8d32 : 00000000;
8d33 : 00000000;
8d34 : 00000000;
8d35 : 00000000;
8d36 : 00000000;
8d37 : 00000000;
8d38 : 00000000;
8d39 : 00000000;
8d3a : 00000000;
8d3b : 00000000;
8d3c : 00000000;
8d3d : 00000000;
8d3e : 00000000;
8d3f : 00000000;
8d40 : 00000000;
8d41 : 00000000;
8d42 : 00000000;
8d43 : 00000000;
8d44 : 00000000;
8d45 : 00000000;
8d46 : 00000000;
8d47 : 00000000;
8d48 : 00000000;
8d49 : 00000000;
8d4a : 00000000;
8d4b : 00000000;
8d4c : 00000000;
8d4d : 00000000;
8d4e : 00000000;
8d4f : 00000000;
8d50 : 00000000;
8d51 : 00000000;
8d52 : 00000000;
8d53 : 00000000;
8d54 : 00000000;
8d55 : 00000000;
8d56 : 00000000;
8d57 : 00000000;
8d58 : 00000000;
8d59 : 00000000;
8d5a : 00000000;
8d5b : 00000000;
8d5c : 00000000;
8d5d : 00000000;
8d5e : 00000000;
8d5f : 00000000;
8d60 : 00000000;
8d61 : 00000000;
8d62 : 00000000;
8d63 : 00000000;
8d64 : 00000000;
8d65 : 00000000;
8d66 : 00000000;
8d67 : 00000000;
8d68 : 00000000;
8d69 : 00000000;
8d6a : 00000000;
8d6b : 00000000;
8d6c : 00000000;
8d6d : 00000000;
8d6e : 00000000;
8d6f : 00000000;
8d70 : 00000000;
8d71 : 00000000;
8d72 : 00000000;
8d73 : 00000000;
8d74 : 00000000;
8d75 : 00000000;
8d76 : 00000000;
8d77 : 00000000;
8d78 : 00000000;
8d79 : 00000000;
8d7a : 00000000;
8d7b : 00000000;
8d7c : 00000000;
8d7d : 00000000;
8d7e : 00000000;
8d7f : 00000000;
8d80 : 00000000;
8d81 : 00000000;
8d82 : 00000000;
8d83 : 00000000;
8d84 : 00000000;
8d85 : 00000000;
8d86 : 00000000;
8d87 : 00000000;
8d88 : 00000000;
8d89 : 00000000;
8d8a : 00000000;
8d8b : 00000000;
8d8c : 00000000;
8d8d : 00000000;
8d8e : 00000000;
8d8f : 00000000;
8d90 : 00000000;
8d91 : 00000000;
8d92 : 00000000;
8d93 : 00000000;
8d94 : 00000000;
8d95 : 00000000;
8d96 : 00000000;
8d97 : 00000000;
8d98 : 00000000;
8d99 : 00000000;
8d9a : 00000000;
8d9b : 00000000;
8d9c : 00000000;
8d9d : 00000000;
8d9e : 00000000;
8d9f : 00000000;
8da0 : 00000000;
8da1 : 00000000;
8da2 : 00000000;
8da3 : 00000000;
8da4 : 00000000;
8da5 : 00000000;
8da6 : 00000000;
8da7 : 00000000;
8da8 : 00000000;
8da9 : 00000000;
8daa : 00000000;
8dab : 00000000;
8dac : 00000000;
8dad : 00000000;
8dae : 00000000;
8daf : 00000000;
8db0 : 00000000;
8db1 : 00000000;
8db2 : 00000000;
8db3 : 00000000;
8db4 : 00000000;
8db5 : 00000000;
8db6 : 00000000;
8db7 : 00000000;
8db8 : 00000000;
8db9 : 00000000;
8dba : 00000000;
8dbb : 00000000;
8dbc : 00000000;
8dbd : 00000000;
8dbe : 00000000;
8dbf : 00000000;
8dc0 : 00000000;
8dc1 : 00000000;
8dc2 : 00000000;
8dc3 : 00000000;
8dc4 : 00000000;
8dc5 : 00000000;
8dc6 : 00000000;
8dc7 : 00000000;
8dc8 : 00000000;
8dc9 : 00000000;
8dca : 00000000;
8dcb : 00000000;
8dcc : 00000000;
8dcd : 00000000;
8dce : 00000000;
8dcf : 00000000;
8dd0 : 00000000;
8dd1 : 00000000;
8dd2 : 00000000;
8dd3 : 00000000;
8dd4 : 00000000;
8dd5 : 00000000;
8dd6 : 00000000;
8dd7 : 00000000;
8dd8 : 00000000;
8dd9 : 00000000;
8dda : 00000000;
8ddb : 00000000;
8ddc : 00000000;
8ddd : 00000000;
8dde : 00000000;
8ddf : 00000000;
8de0 : 00000000;
8de1 : 00000000;
8de2 : 00000000;
8de3 : 00000000;
8de4 : 00000000;
8de5 : 00000000;
8de6 : 00000000;
8de7 : 00000000;
8de8 : 00000000;
8de9 : 00000000;
8dea : 00000000;
8deb : 00000000;
8dec : 00000000;
8ded : 00000000;
8dee : 00000000;
8def : 00000000;
8df0 : 00000000;
8df1 : 00000000;
8df2 : 00000000;
8df3 : 00000000;
8df4 : 00000000;
8df5 : 00000000;
8df6 : 00000000;
8df7 : 00000000;
8df8 : 00000000;
8df9 : 00000000;
8dfa : 00000000;
8dfb : 00000000;
8dfc : 00000000;
8dfd : 00000000;
8dfe : 00000000;
8dff : 00000000;
8e00 : 00000000;
8e01 : 00000000;
8e02 : 00000000;
8e03 : 00000000;
8e04 : 00000000;
8e05 : 00000000;
8e06 : 00000000;
8e07 : 00000000;
8e08 : 00000000;
8e09 : 00000000;
8e0a : 00000000;
8e0b : 00000000;
8e0c : 00000000;
8e0d : 00000000;
8e0e : 00000000;
8e0f : 00000000;
8e10 : 00000000;
8e11 : 00000000;
8e12 : 00000000;
8e13 : 00000000;
8e14 : 00000000;
8e15 : 00000000;
8e16 : 00000000;
8e17 : 00000000;
8e18 : 00000000;
8e19 : 00000000;
8e1a : 00000000;
8e1b : 00000000;
8e1c : 00000000;
8e1d : 00000000;
8e1e : 00000000;
8e1f : 00000000;
8e20 : 00000000;
8e21 : 00000000;
8e22 : 00000000;
8e23 : 00000000;
8e24 : 00000000;
8e25 : 00000000;
8e26 : 00000000;
8e27 : 00000000;
8e28 : 00000000;
8e29 : 00000000;
8e2a : 00000000;
8e2b : 00000000;
8e2c : 00000000;
8e2d : 00000000;
8e2e : 00000000;
8e2f : 00000000;
8e30 : 00000000;
8e31 : 00000000;
8e32 : 00000000;
8e33 : 00000000;
8e34 : 00000000;
8e35 : 00000000;
8e36 : 00000000;
8e37 : 00000000;
8e38 : 00000000;
8e39 : 00000000;
8e3a : 00000000;
8e3b : 00000000;
8e3c : 00000000;
8e3d : 00000000;
8e3e : 00000000;
8e3f : 00000000;
8e40 : 00000000;
8e41 : 00000000;
8e42 : 00000000;
8e43 : 00000000;
8e44 : 00000000;
8e45 : 00000000;
8e46 : 00000000;
8e47 : 00000000;
8e48 : 00000000;
8e49 : 00000000;
8e4a : 00000000;
8e4b : 00000000;
8e4c : 00000000;
8e4d : 00000000;
8e4e : 00000000;
8e4f : 00000000;
8e50 : 00000000;
8e51 : 00000000;
8e52 : 00000000;
8e53 : 00000000;
8e54 : 00000000;
8e55 : 00000000;
8e56 : 00000000;
8e57 : 00000000;
8e58 : 00000000;
8e59 : 00000000;
8e5a : 00000000;
8e5b : 00000000;
8e5c : 00000000;
8e5d : 00000000;
8e5e : 00000000;
8e5f : 00000000;
8e60 : 00000000;
8e61 : 00000000;
8e62 : 00000000;
8e63 : 00000000;
8e64 : 00000000;
8e65 : 00000000;
8e66 : 00000000;
8e67 : 00000000;
8e68 : 00000000;
8e69 : 00000000;
8e6a : 00000000;
8e6b : 00000000;
8e6c : 00000000;
8e6d : 00000000;
8e6e : 00000000;
8e6f : 00000000;
8e70 : 00000000;
8e71 : 00000000;
8e72 : 00000000;
8e73 : 00000000;
8e74 : 00000000;
8e75 : 00000000;
8e76 : 00000000;
8e77 : 00000000;
8e78 : 00000000;
8e79 : 00000000;
8e7a : 00000000;
8e7b : 00000000;
8e7c : 00000000;
8e7d : 00000000;
8e7e : 00000000;
8e7f : 00000000;
8e80 : 00000000;
8e81 : 00000000;
8e82 : 00000000;
8e83 : 00000000;
8e84 : 00000000;
8e85 : 00000000;
8e86 : 00000000;
8e87 : 00000000;
8e88 : 00000000;
8e89 : 00000000;
8e8a : 00000000;
8e8b : 00000000;
8e8c : 00000000;
8e8d : 00000000;
8e8e : 00000000;
8e8f : 00000000;
8e90 : 00000000;
8e91 : 00000000;
8e92 : 00000000;
8e93 : 00000000;
8e94 : 00000000;
8e95 : 00000000;
8e96 : 00000000;
8e97 : 00000000;
8e98 : 00000000;
8e99 : 00000000;
8e9a : 00000000;
8e9b : 00000000;
8e9c : 00000000;
8e9d : 00000000;
8e9e : 00000000;
8e9f : 00000000;
8ea0 : 00000000;
8ea1 : 00000000;
8ea2 : 00000000;
8ea3 : 00000000;
8ea4 : 00000000;
8ea5 : 00000000;
8ea6 : 00000000;
8ea7 : 00000000;
8ea8 : 00000000;
8ea9 : 00000000;
8eaa : 00000000;
8eab : 00000000;
8eac : 00000000;
8ead : 00000000;
8eae : 00000000;
8eaf : 00000000;
8eb0 : 00000000;
8eb1 : 00000000;
8eb2 : 00000000;
8eb3 : 00000000;
8eb4 : 00000000;
8eb5 : 00000000;
8eb6 : 00000000;
8eb7 : 00000000;
8eb8 : 00000000;
8eb9 : 00000000;
8eba : 00000000;
8ebb : 00000000;
8ebc : 00000000;
8ebd : 00000000;
8ebe : 00000000;
8ebf : 00000000;
8ec0 : 00000000;
8ec1 : 00000000;
8ec2 : 00000000;
8ec3 : 00000000;
8ec4 : 00000000;
8ec5 : 00000000;
8ec6 : 00000000;
8ec7 : 00000000;
8ec8 : 00000000;
8ec9 : 00000000;
8eca : 00000000;
8ecb : 00000000;
8ecc : 00000000;
8ecd : 00000000;
8ece : 00000000;
8ecf : 00000000;
8ed0 : 00000000;
8ed1 : 00000000;
8ed2 : 00000000;
8ed3 : 00000000;
8ed4 : 00000000;
8ed5 : 00000000;
8ed6 : 00000000;
8ed7 : 00000000;
8ed8 : 00000000;
8ed9 : 00000000;
8eda : 00000000;
8edb : 00000000;
8edc : 00000000;
8edd : 00000000;
8ede : 00000000;
8edf : 00000000;
8ee0 : 00000000;
8ee1 : 00000000;
8ee2 : 00000000;
8ee3 : 00000000;
8ee4 : 00000000;
8ee5 : 00000000;
8ee6 : 00000000;
8ee7 : 00000000;
8ee8 : 00000000;
8ee9 : 00000000;
8eea : 00000000;
8eeb : 00000000;
8eec : 00000000;
8eed : 00000000;
8eee : 00000000;
8eef : 00000000;
8ef0 : 00000000;
8ef1 : 00000000;
8ef2 : 00000000;
8ef3 : 00000000;
8ef4 : 00000000;
8ef5 : 00000000;
8ef6 : 00000000;
8ef7 : 00000000;
8ef8 : 00000000;
8ef9 : 00000000;
8efa : 00000000;
8efb : 00000000;
8efc : 00000000;
8efd : 00000000;
8efe : 00000000;
8eff : 00000000;
8f00 : 00000000;
8f01 : 00000000;
8f02 : 00000000;
8f03 : 00000000;
8f04 : 00000000;
8f05 : 00000000;
8f06 : 00000000;
8f07 : 00000000;
8f08 : 00000000;
8f09 : 00000000;
8f0a : 00000000;
8f0b : 00000000;
8f0c : 00000000;
8f0d : 00000000;
8f0e : 00000000;
8f0f : 00000000;
8f10 : 00000000;
8f11 : 00000000;
8f12 : 00000000;
8f13 : 00000000;
8f14 : 00000000;
8f15 : 00000000;
8f16 : 00000000;
8f17 : 00000000;
8f18 : 00000000;
8f19 : 00000000;
8f1a : 00000000;
8f1b : 00000000;
8f1c : 00000000;
8f1d : 00000000;
8f1e : 00000000;
8f1f : 00000000;
8f20 : 00000000;
8f21 : 00000000;
8f22 : 00000000;
8f23 : 00000000;
8f24 : 00000000;
8f25 : 00000000;
8f26 : 00000000;
8f27 : 00000000;
8f28 : 00000000;
8f29 : 00000000;
8f2a : 00000000;
8f2b : 00000000;
8f2c : 00000000;
8f2d : 00000000;
8f2e : 00000000;
8f2f : 00000000;
8f30 : 00000000;
8f31 : 00000000;
8f32 : 00000000;
8f33 : 00000000;
8f34 : 00000000;
8f35 : 00000000;
8f36 : 00000000;
8f37 : 00000000;
8f38 : 00000000;
8f39 : 00000000;
8f3a : 00000000;
8f3b : 00000000;
8f3c : 00000000;
8f3d : 00000000;
8f3e : 00000000;
8f3f : 00000000;
8f40 : 00000000;
8f41 : 00000000;
8f42 : 00000000;
8f43 : 00000000;
8f44 : 00000000;
8f45 : 00000000;
8f46 : 00000000;
8f47 : 00000000;
8f48 : 00000000;
8f49 : 00000000;
8f4a : 00000000;
8f4b : 00000000;
8f4c : 00000000;
8f4d : 00000000;
8f4e : 00000000;
8f4f : 00000000;
8f50 : 00000000;
8f51 : 00000000;
8f52 : 00000000;
8f53 : 00000000;
8f54 : 00000000;
8f55 : 00000000;
8f56 : 00000000;
8f57 : 00000000;
8f58 : 00000000;
8f59 : 00000000;
8f5a : 00000000;
8f5b : 00000000;
8f5c : 00000000;
8f5d : 00000000;
8f5e : 00000000;
8f5f : 00000000;
8f60 : 00000000;
8f61 : 00000000;
8f62 : 00000000;
8f63 : 00000000;
8f64 : 00000000;
8f65 : 00000000;
8f66 : 00000000;
8f67 : 00000000;
8f68 : 00000000;
8f69 : 00000000;
8f6a : 00000000;
8f6b : 00000000;
8f6c : 00000000;
8f6d : 00000000;
8f6e : 00000000;
8f6f : 00000000;
8f70 : 00000000;
8f71 : 00000000;
8f72 : 00000000;
8f73 : 00000000;
8f74 : 00000000;
8f75 : 00000000;
8f76 : 00000000;
8f77 : 00000000;
8f78 : 00000000;
8f79 : 00000000;
8f7a : 00000000;
8f7b : 00000000;
8f7c : 00000000;
8f7d : 00000000;
8f7e : 00000000;
8f7f : 00000000;
8f80 : 00000000;
8f81 : 00000000;
8f82 : 00000000;
8f83 : 00000000;
8f84 : 00000000;
8f85 : 00000000;
8f86 : 00000000;
8f87 : 00000000;
8f88 : 00000000;
8f89 : 00000000;
8f8a : 00000000;
8f8b : 00000000;
8f8c : 00000000;
8f8d : 00000000;
8f8e : 00000000;
8f8f : 00000000;
8f90 : 00000000;
8f91 : 00000000;
8f92 : 00000000;
8f93 : 00000000;
8f94 : 00000000;
8f95 : 00000000;
8f96 : 00000000;
8f97 : 00000000;
8f98 : 00000000;
8f99 : 00000000;
8f9a : 00000000;
8f9b : 00000000;
8f9c : 00000000;
8f9d : 00000000;
8f9e : 00000000;
8f9f : 00000000;
8fa0 : 00000000;
8fa1 : 00000000;
8fa2 : 00000000;
8fa3 : 00000000;
8fa4 : 00000000;
8fa5 : 00000000;
8fa6 : 00000000;
8fa7 : 00000000;
8fa8 : 00000000;
8fa9 : 00000000;
8faa : 00000000;
8fab : 00000000;
8fac : 00000000;
8fad : 00000000;
8fae : 00000000;
8faf : 00000000;
8fb0 : 00000000;
8fb1 : 00000000;
8fb2 : 00000000;
8fb3 : 00000000;
8fb4 : 00000000;
8fb5 : 00000000;
8fb6 : 00000000;
8fb7 : 00000000;
8fb8 : 00000000;
8fb9 : 00000000;
8fba : 00000000;
8fbb : 00000000;
8fbc : 00000000;
8fbd : 00000000;
8fbe : 00000000;
8fbf : 00000000;
8fc0 : 00000000;
8fc1 : 00000000;
8fc2 : 00000000;
8fc3 : 00000000;
8fc4 : 00000000;
8fc5 : 00000000;
8fc6 : 00000000;
8fc7 : 00000000;
8fc8 : 00000000;
8fc9 : 00000000;
8fca : 00000000;
8fcb : 00000000;
8fcc : 00000000;
8fcd : 00000000;
8fce : 00000000;
8fcf : 00000000;
8fd0 : 00000000;
8fd1 : 00000000;
8fd2 : 00000000;
8fd3 : 00000000;
8fd4 : 00000000;
8fd5 : 00000000;
8fd6 : 00000000;
8fd7 : 00000000;
8fd8 : 00000000;
8fd9 : 00000000;
8fda : 00000000;
8fdb : 00000000;
8fdc : 00000000;
8fdd : 00000000;
8fde : 00000000;
8fdf : 00000000;
8fe0 : 00000000;
8fe1 : 00000000;
8fe2 : 00000000;
8fe3 : 00000000;
8fe4 : 00000000;
8fe5 : 00000000;
8fe6 : 00000000;
8fe7 : 00000000;
8fe8 : 00000000;
8fe9 : 00000000;
8fea : 00000000;
8feb : 00000000;
8fec : 00000000;
8fed : 00000000;
8fee : 00000000;
8fef : 00000000;
8ff0 : 00000000;
8ff1 : 00000000;
8ff2 : 00000000;
8ff3 : 00000000;
8ff4 : 00000000;
8ff5 : 00000000;
8ff6 : 00000000;
8ff7 : 00000000;
8ff8 : 00000000;
8ff9 : 00000000;
8ffa : 00000000;
8ffb : 00000000;
8ffc : 00000000;
8ffd : 00000000;
8ffe : 00000000;
8fff : 00000000;
9000 : 00000000;
9001 : 00000000;
9002 : 00000000;
9003 : 00000000;
9004 : 00000000;
9005 : 00000000;
9006 : 00000000;
9007 : 00000000;
9008 : 00000000;
9009 : 00000000;
900a : 00000000;
900b : 00000000;
900c : 00000000;
900d : 00000000;
900e : 00000000;
900f : 00000000;
9010 : 00000000;
9011 : 00000000;
9012 : 00000000;
9013 : 00000000;
9014 : 00000000;
9015 : 00000000;
9016 : 00000000;
9017 : 00000000;
9018 : 00000000;
9019 : 00000000;
901a : 00000000;
901b : 00000000;
901c : 00000000;
901d : 00000000;
901e : 00000000;
901f : 00000000;
9020 : 00000000;
9021 : 00000000;
9022 : 00000000;
9023 : 00000000;
9024 : 00000000;
9025 : 00000000;
9026 : 00000000;
9027 : 00000000;
9028 : 00000000;
9029 : 00000000;
902a : 00000000;
902b : 00000000;
902c : 00000000;
902d : 00000000;
902e : 00000000;
902f : 00000000;
9030 : 00000000;
9031 : 00000000;
9032 : 00000000;
9033 : 00000000;
9034 : 00000000;
9035 : 00000000;
9036 : 00000000;
9037 : 00000000;
9038 : 00000000;
9039 : 00000000;
903a : 00000000;
903b : 00000000;
903c : 00000000;
903d : 00000000;
903e : 00000000;
903f : 00000000;
9040 : 00000000;
9041 : 00000000;
9042 : 00000000;
9043 : 00000000;
9044 : 00000000;
9045 : 00000000;
9046 : 00000000;
9047 : 00000000;
9048 : 00000000;
9049 : 00000000;
904a : 00000000;
904b : 00000000;
904c : 00000000;
904d : 00000000;
904e : 00000000;
904f : 00000000;
9050 : 00000000;
9051 : 00000000;
9052 : 00000000;
9053 : 00000000;
9054 : 00000000;
9055 : 00000000;
9056 : 00000000;
9057 : 00000000;
9058 : 00000000;
9059 : 00000000;
905a : 00000000;
905b : 00000000;
905c : 00000000;
905d : 00000000;
905e : 00000000;
905f : 00000000;
9060 : 00000000;
9061 : 00000000;
9062 : 00000000;
9063 : 00000000;
9064 : 00000000;
9065 : 00000000;
9066 : 00000000;
9067 : 00000000;
9068 : 00000000;
9069 : 00000000;
906a : 00000000;
906b : 00000000;
906c : 00000000;
906d : 00000000;
906e : 00000000;
906f : 00000000;
9070 : 00000000;
9071 : 00000000;
9072 : 00000000;
9073 : 00000000;
9074 : 00000000;
9075 : 00000000;
9076 : 00000000;
9077 : 00000000;
9078 : 00000000;
9079 : 00000000;
907a : 00000000;
907b : 00000000;
907c : 00000000;
907d : 00000000;
907e : 00000000;
907f : 00000000;
9080 : 00000000;
9081 : 00000000;
9082 : 00000000;
9083 : 00000000;
9084 : 00000000;
9085 : 00000000;
9086 : 00000000;
9087 : 00000000;
9088 : 00000000;
9089 : 00000000;
908a : 00000000;
908b : 00000000;
908c : 00000000;
908d : 00000000;
908e : 00000000;
908f : 00000000;
9090 : 00000000;
9091 : 00000000;
9092 : 00000000;
9093 : 00000000;
9094 : 00000000;
9095 : 00000000;
9096 : 00000000;
9097 : 00000000;
9098 : 00000000;
9099 : 00000000;
909a : 00000000;
909b : 00000000;
909c : 00000000;
909d : 00000000;
909e : 00000000;
909f : 00000000;
90a0 : 00000000;
90a1 : 00000000;
90a2 : 00000000;
90a3 : 00000000;
90a4 : 00000000;
90a5 : 00000000;
90a6 : 00000000;
90a7 : 00000000;
90a8 : 00000000;
90a9 : 00000000;
90aa : 00000000;
90ab : 00000000;
90ac : 00000000;
90ad : 00000000;
90ae : 00000000;
90af : 00000000;
90b0 : 00000000;
90b1 : 00000000;
90b2 : 00000000;
90b3 : 00000000;
90b4 : 00000000;
90b5 : 00000000;
90b6 : 00000000;
90b7 : 00000000;
90b8 : 00000000;
90b9 : 00000000;
90ba : 00000000;
90bb : 00000000;
90bc : 00000000;
90bd : 00000000;
90be : 00000000;
90bf : 00000000;
90c0 : 00000000;
90c1 : 00000000;
90c2 : 00000000;
90c3 : 00000000;
90c4 : 00000000;
90c5 : 00000000;
90c6 : 00000000;
90c7 : 00000000;
90c8 : 00000000;
90c9 : 00000000;
90ca : 00000000;
90cb : 00000000;
90cc : 00000000;
90cd : 00000000;
90ce : 00000000;
90cf : 00000000;
90d0 : 00000000;
90d1 : 00000000;
90d2 : 00000000;
90d3 : 00000000;
90d4 : 00000000;
90d5 : 00000000;
90d6 : 00000000;
90d7 : 00000000;
90d8 : 00000000;
90d9 : 00000000;
90da : 00000000;
90db : 00000000;
90dc : 00000000;
90dd : 00000000;
90de : 00000000;
90df : 00000000;
90e0 : 00000000;
90e1 : 00000000;
90e2 : 00000000;
90e3 : 00000000;
90e4 : 00000000;
90e5 : 00000000;
90e6 : 00000000;
90e7 : 00000000;
90e8 : 00000000;
90e9 : 00000000;
90ea : 00000000;
90eb : 00000000;
90ec : 00000000;
90ed : 00000000;
90ee : 00000000;
90ef : 00000000;
90f0 : 00000000;
90f1 : 00000000;
90f2 : 00000000;
90f3 : 00000000;
90f4 : 00000000;
90f5 : 00000000;
90f6 : 00000000;
90f7 : 00000000;
90f8 : 00000000;
90f9 : 00000000;
90fa : 00000000;
90fb : 00000000;
90fc : 00000000;
90fd : 00000000;
90fe : 00000000;
90ff : 00000000;
9100 : 00000000;
9101 : 00000000;
9102 : 00000000;
9103 : 00000000;
9104 : 00000000;
9105 : 00000000;
9106 : 00000000;
9107 : 00000000;
9108 : 00000000;
9109 : 00000000;
910a : 00000000;
910b : 00000000;
910c : 00000000;
910d : 00000000;
910e : 00000000;
910f : 00000000;
9110 : 00000000;
9111 : 00000000;
9112 : 00000000;
9113 : 00000000;
9114 : 00000000;
9115 : 00000000;
9116 : 00000000;
9117 : 00000000;
9118 : 00000000;
9119 : 00000000;
911a : 00000000;
911b : 00000000;
911c : 00000000;
911d : 00000000;
911e : 00000000;
911f : 00000000;
9120 : 00000000;
9121 : 00000000;
9122 : 00000000;
9123 : 00000000;
9124 : 00000000;
9125 : 00000000;
9126 : 00000000;
9127 : 00000000;
9128 : 00000000;
9129 : 00000000;
912a : 00000000;
912b : 00000000;
912c : 00000000;
912d : 00000000;
912e : 00000000;
912f : 00000000;
9130 : 00000000;
9131 : 00000000;
9132 : 00000000;
9133 : 00000000;
9134 : 00000000;
9135 : 00000000;
9136 : 00000000;
9137 : 00000000;
9138 : 00000000;
9139 : 00000000;
913a : 00000000;
913b : 00000000;
913c : 00000000;
913d : 00000000;
913e : 00000000;
913f : 00000000;
9140 : 00000000;
9141 : 00000000;
9142 : 00000000;
9143 : 00000000;
9144 : 00000000;
9145 : 00000000;
9146 : 00000000;
9147 : 00000000;
9148 : 00000000;
9149 : 00000000;
914a : 00000000;
914b : 00000000;
914c : 00000000;
914d : 00000000;
914e : 00000000;
914f : 00000000;
9150 : 00000000;
9151 : 00000000;
9152 : 00000000;
9153 : 00000000;
9154 : 00000000;
9155 : 00000000;
9156 : 00000000;
9157 : 00000000;
9158 : 00000000;
9159 : 00000000;
915a : 00000000;
915b : 00000000;
915c : 00000000;
915d : 00000000;
915e : 00000000;
915f : 00000000;
9160 : 00000000;
9161 : 00000000;
9162 : 00000000;
9163 : 00000000;
9164 : 00000000;
9165 : 00000000;
9166 : 00000000;
9167 : 00000000;
9168 : 00000000;
9169 : 00000000;
916a : 00000000;
916b : 00000000;
916c : 00000000;
916d : 00000000;
916e : 00000000;
916f : 00000000;
9170 : 00000000;
9171 : 00000000;
9172 : 00000000;
9173 : 00000000;
9174 : 00000000;
9175 : 00000000;
9176 : 00000000;
9177 : 00000000;
9178 : 00000000;
9179 : 00000000;
917a : 00000000;
917b : 00000000;
917c : 00000000;
917d : 00000000;
917e : 00000000;
917f : 00000000;
9180 : 00000000;
9181 : 00000000;
9182 : 00000000;
9183 : 00000000;
9184 : 00000000;
9185 : 00000000;
9186 : 00000000;
9187 : 00000000;
9188 : 00000000;
9189 : 00000000;
918a : 00000000;
918b : 00000000;
918c : 00000000;
918d : 00000000;
918e : 00000000;
918f : 00000000;
9190 : 00000000;
9191 : 00000000;
9192 : 00000000;
9193 : 00000000;
9194 : 00000000;
9195 : 00000000;
9196 : 00000000;
9197 : 00000000;
9198 : 00000000;
9199 : 00000000;
919a : 00000000;
919b : 00000000;
919c : 00000000;
919d : 00000000;
919e : 00000000;
919f : 00000000;
91a0 : 00000000;
91a1 : 00000000;
91a2 : 00000000;
91a3 : 00000000;
91a4 : 00000000;
91a5 : 00000000;
91a6 : 00000000;
91a7 : 00000000;
91a8 : 00000000;
91a9 : 00000000;
91aa : 00000000;
91ab : 00000000;
91ac : 00000000;
91ad : 00000000;
91ae : 00000000;
91af : 00000000;
91b0 : 00000000;
91b1 : 00000000;
91b2 : 00000000;
91b3 : 00000000;
91b4 : 00000000;
91b5 : 00000000;
91b6 : 00000000;
91b7 : 00000000;
91b8 : 00000000;
91b9 : 00000000;
91ba : 00000000;
91bb : 00000000;
91bc : 00000000;
91bd : 00000000;
91be : 00000000;
91bf : 00000000;
91c0 : 00000000;
91c1 : 00000000;
91c2 : 00000000;
91c3 : 00000000;
91c4 : 00000000;
91c5 : 00000000;
91c6 : 00000000;
91c7 : 00000000;
91c8 : 00000000;
91c9 : 00000000;
91ca : 00000000;
91cb : 00000000;
91cc : 00000000;
91cd : 00000000;
91ce : 00000000;
91cf : 00000000;
91d0 : 00000000;
91d1 : 00000000;
91d2 : 00000000;
91d3 : 00000000;
91d4 : 00000000;
91d5 : 00000000;
91d6 : 00000000;
91d7 : 00000000;
91d8 : 00000000;
91d9 : 00000000;
91da : 00000000;
91db : 00000000;
91dc : 00000000;
91dd : 00000000;
91de : 00000000;
91df : 00000000;
91e0 : 00000000;
91e1 : 00000000;
91e2 : 00000000;
91e3 : 00000000;
91e4 : 00000000;
91e5 : 00000000;
91e6 : 00000000;
91e7 : 00000000;
91e8 : 00000000;
91e9 : 00000000;
91ea : 00000000;
91eb : 00000000;
91ec : 00000000;
91ed : 00000000;
91ee : 00000000;
91ef : 00000000;
91f0 : 00000000;
91f1 : 00000000;
91f2 : 00000000;
91f3 : 00000000;
91f4 : 00000000;
91f5 : 00000000;
91f6 : 00000000;
91f7 : 00000000;
91f8 : 00000000;
91f9 : 00000000;
91fa : 00000000;
91fb : 00000000;
91fc : 00000000;
91fd : 00000000;
91fe : 00000000;
91ff : 00000000;
9200 : 00000000;
9201 : 00000000;
9202 : 00000000;
9203 : 00000000;
9204 : 00000000;
9205 : 00000000;
9206 : 00000000;
9207 : 00000000;
9208 : 00000000;
9209 : 00000000;
920a : 00000000;
920b : 00000000;
920c : 00000000;
920d : 00000000;
920e : 00000000;
920f : 00000000;
9210 : 00000000;
9211 : 00000000;
9212 : 00000000;
9213 : 00000000;
9214 : 00000000;
9215 : 00000000;
9216 : 00000000;
9217 : 00000000;
9218 : 00000000;
9219 : 00000000;
921a : 00000000;
921b : 00000000;
921c : 00000000;
921d : 00000000;
921e : 00000000;
921f : 00000000;
9220 : 00000000;
9221 : 00000000;
9222 : 00000000;
9223 : 00000000;
9224 : 00000000;
9225 : 00000000;
9226 : 00000000;
9227 : 00000000;
9228 : 00000000;
9229 : 00000000;
922a : 00000000;
922b : 00000000;
922c : 00000000;
922d : 00000000;
922e : 00000000;
922f : 00000000;
9230 : 00000000;
9231 : 00000000;
9232 : 00000000;
9233 : 00000000;
9234 : 00000000;
9235 : 00000000;
9236 : 00000000;
9237 : 00000000;
9238 : 00000000;
9239 : 00000000;
923a : 00000000;
923b : 00000000;
923c : 00000000;
923d : 00000000;
923e : 00000000;
923f : 00000000;
9240 : 00000000;
9241 : 00000000;
9242 : 00000000;
9243 : 00000000;
9244 : 00000000;
9245 : 00000000;
9246 : 00000000;
9247 : 00000000;
9248 : 00000000;
9249 : 00000000;
924a : 00000000;
924b : 00000000;
924c : 00000000;
924d : 00000000;
924e : 00000000;
924f : 00000000;
9250 : 00000000;
9251 : 00000000;
9252 : 00000000;
9253 : 00000000;
9254 : 00000000;
9255 : 00000000;
9256 : 00000000;
9257 : 00000000;
9258 : 00000000;
9259 : 00000000;
925a : 00000000;
925b : 00000000;
925c : 00000000;
925d : 00000000;
925e : 00000000;
925f : 00000000;
9260 : 00000000;
9261 : 00000000;
9262 : 00000000;
9263 : 00000000;
9264 : 00000000;
9265 : 00000000;
9266 : 00000000;
9267 : 00000000;
9268 : 00000000;
9269 : 00000000;
926a : 00000000;
926b : 00000000;
926c : 00000000;
926d : 00000000;
926e : 00000000;
926f : 00000000;
9270 : 00000000;
9271 : 00000000;
9272 : 00000000;
9273 : 00000000;
9274 : 00000000;
9275 : 00000000;
9276 : 00000000;
9277 : 00000000;
9278 : 00000000;
9279 : 00000000;
927a : 00000000;
927b : 00000000;
927c : 00000000;
927d : 00000000;
927e : 00000000;
927f : 00000000;
9280 : 00000000;
9281 : 00000000;
9282 : 00000000;
9283 : 00000000;
9284 : 00000000;
9285 : 00000000;
9286 : 00000000;
9287 : 00000000;
9288 : 00000000;
9289 : 00000000;
928a : 00000000;
928b : 00000000;
928c : 00000000;
928d : 00000000;
928e : 00000000;
928f : 00000000;
9290 : 00000000;
9291 : 00000000;
9292 : 00000000;
9293 : 00000000;
9294 : 00000000;
9295 : 00000000;
9296 : 00000000;
9297 : 00000000;
9298 : 00000000;
9299 : 00000000;
929a : 00000000;
929b : 00000000;
929c : 00000000;
929d : 00000000;
929e : 00000000;
929f : 00000000;
92a0 : 00000000;
92a1 : 00000000;
92a2 : 00000000;
92a3 : 00000000;
92a4 : 00000000;
92a5 : 00000000;
92a6 : 00000000;
92a7 : 00000000;
92a8 : 00000000;
92a9 : 00000000;
92aa : 00000000;
92ab : 00000000;
92ac : 00000000;
92ad : 00000000;
92ae : 00000000;
92af : 00000000;
92b0 : 00000000;
92b1 : 00000000;
92b2 : 00000000;
92b3 : 00000000;
92b4 : 00000000;
92b5 : 00000000;
92b6 : 00000000;
92b7 : 00000000;
92b8 : 00000000;
92b9 : 00000000;
92ba : 00000000;
92bb : 00000000;
92bc : 00000000;
92bd : 00000000;
92be : 00000000;
92bf : 00000000;
92c0 : 00000000;
92c1 : 00000000;
92c2 : 00000000;
92c3 : 00000000;
92c4 : 00000000;
92c5 : 00000000;
92c6 : 00000000;
92c7 : 00000000;
92c8 : 00000000;
92c9 : 00000000;
92ca : 00000000;
92cb : 00000000;
92cc : 00000000;
92cd : 00000000;
92ce : 00000000;
92cf : 00000000;
92d0 : 00000000;
92d1 : 00000000;
92d2 : 00000000;
92d3 : 00000000;
92d4 : 00000000;
92d5 : 00000000;
92d6 : 00000000;
92d7 : 00000000;
92d8 : 00000000;
92d9 : 00000000;
92da : 00000000;
92db : 00000000;
92dc : 00000000;
92dd : 00000000;
92de : 00000000;
92df : 00000000;
92e0 : 00000000;
92e1 : 00000000;
92e2 : 00000000;
92e3 : 00000000;
92e4 : 00000000;
92e5 : 00000000;
92e6 : 00000000;
92e7 : 00000000;
92e8 : 00000000;
92e9 : 00000000;
92ea : 00000000;
92eb : 00000000;
92ec : 00000000;
92ed : 00000000;
92ee : 00000000;
92ef : 00000000;
92f0 : 00000000;
92f1 : 00000000;
92f2 : 00000000;
92f3 : 00000000;
92f4 : 00000000;
92f5 : 00000000;
92f6 : 00000000;
92f7 : 00000000;
92f8 : 00000000;
92f9 : 00000000;
92fa : 00000000;
92fb : 00000000;
92fc : 00000000;
92fd : 00000000;
92fe : 00000000;
92ff : 00000000;
9300 : 00000000;
9301 : 00000000;
9302 : 00000000;
9303 : 00000000;
9304 : 00000000;
9305 : 00000000;
9306 : 00000000;
9307 : 00000000;
9308 : 00000000;
9309 : 00000000;
930a : 00000000;
930b : 00000000;
930c : 00000000;
930d : 00000000;
930e : 00000000;
930f : 00000000;
9310 : 00000000;
9311 : 00000000;
9312 : 00000000;
9313 : 00000000;
9314 : 00000000;
9315 : 00000000;
9316 : 00000000;
9317 : 00000000;
9318 : 00000000;
9319 : 00000000;
931a : 00000000;
931b : 00000000;
931c : 00000000;
931d : 00000000;
931e : 00000000;
931f : 00000000;
9320 : 00000000;
9321 : 00000000;
9322 : 00000000;
9323 : 00000000;
9324 : 00000000;
9325 : 00000000;
9326 : 00000000;
9327 : 00000000;
9328 : 00000000;
9329 : 00000000;
932a : 00000000;
932b : 00000000;
932c : 00000000;
932d : 00000000;
932e : 00000000;
932f : 00000000;
9330 : 00000000;
9331 : 00000000;
9332 : 00000000;
9333 : 00000000;
9334 : 00000000;
9335 : 00000000;
9336 : 00000000;
9337 : 00000000;
9338 : 00000000;
9339 : 00000000;
933a : 00000000;
933b : 00000000;
933c : 00000000;
933d : 00000000;
933e : 00000000;
933f : 00000000;
9340 : 00000000;
9341 : 00000000;
9342 : 00000000;
9343 : 00000000;
9344 : 00000000;
9345 : 00000000;
9346 : 00000000;
9347 : 00000000;
9348 : 00000000;
9349 : 00000000;
934a : 00000000;
934b : 00000000;
934c : 00000000;
934d : 00000000;
934e : 00000000;
934f : 00000000;
9350 : 00000000;
9351 : 00000000;
9352 : 00000000;
9353 : 00000000;
9354 : 00000000;
9355 : 00000000;
9356 : 00000000;
9357 : 00000000;
9358 : 00000000;
9359 : 00000000;
935a : 00000000;
935b : 00000000;
935c : 00000000;
935d : 00000000;
935e : 00000000;
935f : 00000000;
9360 : 00000000;
9361 : 00000000;
9362 : 00000000;
9363 : 00000000;
9364 : 00000000;
9365 : 00000000;
9366 : 00000000;
9367 : 00000000;
9368 : 00000000;
9369 : 00000000;
936a : 00000000;
936b : 00000000;
936c : 00000000;
936d : 00000000;
936e : 00000000;
936f : 00000000;
9370 : 00000000;
9371 : 00000000;
9372 : 00000000;
9373 : 00000000;
9374 : 00000000;
9375 : 00000000;
9376 : 00000000;
9377 : 00000000;
9378 : 00000000;
9379 : 00000000;
937a : 00000000;
937b : 00000000;
937c : 00000000;
937d : 00000000;
937e : 00000000;
937f : 00000000;
9380 : 00000000;
9381 : 00000000;
9382 : 00000000;
9383 : 00000000;
9384 : 00000000;
9385 : 00000000;
9386 : 00000000;
9387 : 00000000;
9388 : 00000000;
9389 : 00000000;
938a : 00000000;
938b : 00000000;
938c : 00000000;
938d : 00000000;
938e : 00000000;
938f : 00000000;
9390 : 00000000;
9391 : 00000000;
9392 : 00000000;
9393 : 00000000;
9394 : 00000000;
9395 : 00000000;
9396 : 00000000;
9397 : 00000000;
9398 : 00000000;
9399 : 00000000;
939a : 00000000;
939b : 00000000;
939c : 00000000;
939d : 00000000;
939e : 00000000;
939f : 00000000;
93a0 : 00000000;
93a1 : 00000000;
93a2 : 00000000;
93a3 : 00000000;
93a4 : 00000000;
93a5 : 00000000;
93a6 : 00000000;
93a7 : 00000000;
93a8 : 00000000;
93a9 : 00000000;
93aa : 00000000;
93ab : 00000000;
93ac : 00000000;
93ad : 00000000;
93ae : 00000000;
93af : 00000000;
93b0 : 00000000;
93b1 : 00000000;
93b2 : 00000000;
93b3 : 00000000;
93b4 : 00000000;
93b5 : 00000000;
93b6 : 00000000;
93b7 : 00000000;
93b8 : 00000000;
93b9 : 00000000;
93ba : 00000000;
93bb : 00000000;
93bc : 00000000;
93bd : 00000000;
93be : 00000000;
93bf : 00000000;
93c0 : 00000000;
93c1 : 00000000;
93c2 : 00000000;
93c3 : 00000000;
93c4 : 00000000;
93c5 : 00000000;
93c6 : 00000000;
93c7 : 00000000;
93c8 : 00000000;
93c9 : 00000000;
93ca : 00000000;
93cb : 00000000;
93cc : 00000000;
93cd : 00000000;
93ce : 00000000;
93cf : 00000000;
93d0 : 00000000;
93d1 : 00000000;
93d2 : 00000000;
93d3 : 00000000;
93d4 : 00000000;
93d5 : 00000000;
93d6 : 00000000;
93d7 : 00000000;
93d8 : 00000000;
93d9 : 00000000;
93da : 00000000;
93db : 00000000;
93dc : 00000000;
93dd : 00000000;
93de : 00000000;
93df : 00000000;
93e0 : 00000000;
93e1 : 00000000;
93e2 : 00000000;
93e3 : 00000000;
93e4 : 00000000;
93e5 : 00000000;
93e6 : 00000000;
93e7 : 00000000;
93e8 : 00000000;
93e9 : 00000000;
93ea : 00000000;
93eb : 00000000;
93ec : 00000000;
93ed : 00000000;
93ee : 00000000;
93ef : 00000000;
93f0 : 00000000;
93f1 : 00000000;
93f2 : 00000000;
93f3 : 00000000;
93f4 : 00000000;
93f5 : 00000000;
93f6 : 00000000;
93f7 : 00000000;
93f8 : 00000000;
93f9 : 00000000;
93fa : 00000000;
93fb : 00000000;
93fc : 00000000;
93fd : 00000000;
93fe : 00000000;
93ff : 00000000;
9400 : 00000000;
9401 : 00000000;
9402 : 00000000;
9403 : 00000000;
9404 : 00000000;
9405 : 00000000;
9406 : 00000000;
9407 : 00000000;
9408 : 00000000;
9409 : 00000000;
940a : 00000000;
940b : 00000000;
940c : 00000000;
940d : 00000000;
940e : 00000000;
940f : 00000000;
9410 : 00000000;
9411 : 00000000;
9412 : 00000000;
9413 : 00000000;
9414 : 00000000;
9415 : 00000000;
9416 : 00000000;
9417 : 00000000;
9418 : 00000000;
9419 : 00000000;
941a : 00000000;
941b : 00000000;
941c : 00000000;
941d : 00000000;
941e : 00000000;
941f : 00000000;
9420 : 00000000;
9421 : 00000000;
9422 : 00000000;
9423 : 00000000;
9424 : 00000000;
9425 : 00000000;
9426 : 00000000;
9427 : 00000000;
9428 : 00000000;
9429 : 00000000;
942a : 00000000;
942b : 00000000;
942c : 00000000;
942d : 00000000;
942e : 00000000;
942f : 00000000;
9430 : 00000000;
9431 : 00000000;
9432 : 00000000;
9433 : 00000000;
9434 : 00000000;
9435 : 00000000;
9436 : 00000000;
9437 : 00000000;
9438 : 00000000;
9439 : 00000000;
943a : 00000000;
943b : 00000000;
943c : 00000000;
943d : 00000000;
943e : 00000000;
943f : 00000000;
9440 : 00000000;
9441 : 00000000;
9442 : 00000000;
9443 : 00000000;
9444 : 00000000;
9445 : 00000000;
9446 : 00000000;
9447 : 00000000;
9448 : 00000000;
9449 : 00000000;
944a : 00000000;
944b : 00000000;
944c : 00000000;
944d : 00000000;
944e : 00000000;
944f : 00000000;
9450 : 00000000;
9451 : 00000000;
9452 : 00000000;
9453 : 00000000;
9454 : 00000000;
9455 : 00000000;
9456 : 00000000;
9457 : 00000000;
9458 : 00000000;
9459 : 00000000;
945a : 00000000;
945b : 00000000;
945c : 00000000;
945d : 00000000;
945e : 00000000;
945f : 00000000;
9460 : 00000000;
9461 : 00000000;
9462 : 00000000;
9463 : 00000000;
9464 : 00000000;
9465 : 00000000;
9466 : 00000000;
9467 : 00000000;
9468 : 00000000;
9469 : 00000000;
946a : 00000000;
946b : 00000000;
946c : 00000000;
946d : 00000000;
946e : 00000000;
946f : 00000000;
9470 : 00000000;
9471 : 00000000;
9472 : 00000000;
9473 : 00000000;
9474 : 00000000;
9475 : 00000000;
9476 : 00000000;
9477 : 00000000;
9478 : 00000000;
9479 : 00000000;
947a : 00000000;
947b : 00000000;
947c : 00000000;
947d : 00000000;
947e : 00000000;
947f : 00000000;
9480 : 00000000;
9481 : 00000000;
9482 : 00000000;
9483 : 00000000;
9484 : 00000000;
9485 : 00000000;
9486 : 00000000;
9487 : 00000000;
9488 : 00000000;
9489 : 00000000;
948a : 00000000;
948b : 00000000;
948c : 00000000;
948d : 00000000;
948e : 00000000;
948f : 00000000;
9490 : 00000000;
9491 : 00000000;
9492 : 00000000;
9493 : 00000000;
9494 : 00000000;
9495 : 00000000;
9496 : 00000000;
9497 : 00000000;
9498 : 00000000;
9499 : 00000000;
949a : 00000000;
949b : 00000000;
949c : 00000000;
949d : 00000000;
949e : 00000000;
949f : 00000000;
94a0 : 00000000;
94a1 : 00000000;
94a2 : 00000000;
94a3 : 00000000;
94a4 : 00000000;
94a5 : 00000000;
94a6 : 00000000;
94a7 : 00000000;
94a8 : 00000000;
94a9 : 00000000;
94aa : 00000000;
94ab : 00000000;
94ac : 00000000;
94ad : 00000000;
94ae : 00000000;
94af : 00000000;
94b0 : 00000000;
94b1 : 00000000;
94b2 : 00000000;
94b3 : 00000000;
94b4 : 00000000;
94b5 : 00000000;
94b6 : 00000000;
94b7 : 00000000;
94b8 : 00000000;
94b9 : 00000000;
94ba : 00000000;
94bb : 00000000;
94bc : 00000000;
94bd : 00000000;
94be : 00000000;
94bf : 00000000;
94c0 : 00000000;
94c1 : 00000000;
94c2 : 00000000;
94c3 : 00000000;
94c4 : 00000000;
94c5 : 00000000;
94c6 : 00000000;
94c7 : 00000000;
94c8 : 00000000;
94c9 : 00000000;
94ca : 00000000;
94cb : 00000000;
94cc : 00000000;
94cd : 00000000;
94ce : 00000000;
94cf : 00000000;
94d0 : 00000000;
94d1 : 00000000;
94d2 : 00000000;
94d3 : 00000000;
94d4 : 00000000;
94d5 : 00000000;
94d6 : 00000000;
94d7 : 00000000;
94d8 : 00000000;
94d9 : 00000000;
94da : 00000000;
94db : 00000000;
94dc : 00000000;
94dd : 00000000;
94de : 00000000;
94df : 00000000;
94e0 : 00000000;
94e1 : 00000000;
94e2 : 00000000;
94e3 : 00000000;
94e4 : 00000000;
94e5 : 00000000;
94e6 : 00000000;
94e7 : 00000000;
94e8 : 00000000;
94e9 : 00000000;
94ea : 00000000;
94eb : 00000000;
94ec : 00000000;
94ed : 00000000;
94ee : 00000000;
94ef : 00000000;
94f0 : 00000000;
94f1 : 00000000;
94f2 : 00000000;
94f3 : 00000000;
94f4 : 00000000;
94f5 : 00000000;
94f6 : 00000000;
94f7 : 00000000;
94f8 : 00000000;
94f9 : 00000000;
94fa : 00000000;
94fb : 00000000;
94fc : 00000000;
94fd : 00000000;
94fe : 00000000;
94ff : 00000000;
9500 : 00000000;
9501 : 00000000;
9502 : 00000000;
9503 : 00000000;
9504 : 00000000;
9505 : 00000000;
9506 : 00000000;
9507 : 00000000;
9508 : 00000000;
9509 : 00000000;
950a : 00000000;
950b : 00000000;
950c : 00000000;
950d : 00000000;
950e : 00000000;
950f : 00000000;
9510 : 00000000;
9511 : 00000000;
9512 : 00000000;
9513 : 00000000;
9514 : 00000000;
9515 : 00000000;
9516 : 00000000;
9517 : 00000000;
9518 : 00000000;
9519 : 00000000;
951a : 00000000;
951b : 00000000;
951c : 00000000;
951d : 00000000;
951e : 00000000;
951f : 00000000;
9520 : 00000000;
9521 : 00000000;
9522 : 00000000;
9523 : 00000000;
9524 : 00000000;
9525 : 00000000;
9526 : 00000000;
9527 : 00000000;
9528 : 00000000;
9529 : 00000000;
952a : 00000000;
952b : 00000000;
952c : 00000000;
952d : 00000000;
952e : 00000000;
952f : 00000000;
9530 : 00000000;
9531 : 00000000;
9532 : 00000000;
9533 : 00000000;
9534 : 00000000;
9535 : 00000000;
9536 : 00000000;
9537 : 00000000;
9538 : 00000000;
9539 : 00000000;
953a : 00000000;
953b : 00000000;
953c : 00000000;
953d : 00000000;
953e : 00000000;
953f : 00000000;
9540 : 00000000;
9541 : 00000000;
9542 : 00000000;
9543 : 00000000;
9544 : 00000000;
9545 : 00000000;
9546 : 00000000;
9547 : 00000000;
9548 : 00000000;
9549 : 00000000;
954a : 00000000;
954b : 00000000;
954c : 00000000;
954d : 00000000;
954e : 00000000;
954f : 00000000;
9550 : 00000000;
9551 : 00000000;
9552 : 00000000;
9553 : 00000000;
9554 : 00000000;
9555 : 00000000;
9556 : 00000000;
9557 : 00000000;
9558 : 00000000;
9559 : 00000000;
955a : 00000000;
955b : 00000000;
955c : 00000000;
955d : 00000000;
955e : 00000000;
955f : 00000000;
9560 : 00000000;
9561 : 00000000;
9562 : 00000000;
9563 : 00000000;
9564 : 00000000;
9565 : 00000000;
9566 : 00000000;
9567 : 00000000;
9568 : 00000000;
9569 : 00000000;
956a : 00000000;
956b : 00000000;
956c : 00000000;
956d : 00000000;
956e : 00000000;
956f : 00000000;
9570 : 00000000;
9571 : 00000000;
9572 : 00000000;
9573 : 00000000;
9574 : 00000000;
9575 : 00000000;
9576 : 00000000;
9577 : 00000000;
9578 : 00000000;
9579 : 00000000;
957a : 00000000;
957b : 00000000;
957c : 00000000;
957d : 00000000;
957e : 00000000;
957f : 00000000;
9580 : 00000000;
9581 : 00000000;
9582 : 00000000;
9583 : 00000000;
9584 : 00000000;
9585 : 00000000;
9586 : 00000000;
9587 : 00000000;
9588 : 00000000;
9589 : 00000000;
958a : 00000000;
958b : 00000000;
958c : 00000000;
958d : 00000000;
958e : 00000000;
958f : 00000000;
9590 : 00000000;
9591 : 00000000;
9592 : 00000000;
9593 : 00000000;
9594 : 00000000;
9595 : 00000000;
9596 : 00000000;
9597 : 00000000;
9598 : 00000000;
9599 : 00000000;
959a : 00000000;
959b : 00000000;
959c : 00000000;
959d : 00000000;
959e : 00000000;
959f : 00000000;
95a0 : 00000000;
95a1 : 00000000;
95a2 : 00000000;
95a3 : 00000000;
95a4 : 00000000;
95a5 : 00000000;
95a6 : 00000000;
95a7 : 00000000;
95a8 : 00000000;
95a9 : 00000000;
95aa : 00000000;
95ab : 00000000;
95ac : 00000000;
95ad : 00000000;
95ae : 00000000;
95af : 00000000;
95b0 : 00000000;
95b1 : 00000000;
95b2 : 00000000;
95b3 : 00000000;
95b4 : 00000000;
95b5 : 00000000;
95b6 : 00000000;
95b7 : 00000000;
95b8 : 00000000;
95b9 : 00000000;
95ba : 00000000;
95bb : 00000000;
95bc : 00000000;
95bd : 00000000;
95be : 00000000;
95bf : 00000000;
95c0 : 00000000;
95c1 : 00000000;
95c2 : 00000000;
95c3 : 00000000;
95c4 : 00000000;
95c5 : 00000000;
95c6 : 00000000;
95c7 : 00000000;
95c8 : 00000000;
95c9 : 00000000;
95ca : 00000000;
95cb : 00000000;
95cc : 00000000;
95cd : 00000000;
95ce : 00000000;
95cf : 00000000;
95d0 : 00000000;
95d1 : 00000000;
95d2 : 00000000;
95d3 : 00000000;
95d4 : 00000000;
95d5 : 00000000;
95d6 : 00000000;
95d7 : 00000000;
95d8 : 00000000;
95d9 : 00000000;
95da : 00000000;
95db : 00000000;
95dc : 00000000;
95dd : 00000000;
95de : 00000000;
95df : 00000000;
95e0 : 00000000;
95e1 : 00000000;
95e2 : 00000000;
95e3 : 00000000;
95e4 : 00000000;
95e5 : 00000000;
95e6 : 00000000;
95e7 : 00000000;
95e8 : 00000000;
95e9 : 00000000;
95ea : 00000000;
95eb : 00000000;
95ec : 00000000;
95ed : 00000000;
95ee : 00000000;
95ef : 00000000;
95f0 : 00000000;
95f1 : 00000000;
95f2 : 00000000;
95f3 : 00000000;
95f4 : 00000000;
95f5 : 00000000;
95f6 : 00000000;
95f7 : 00000000;
95f8 : 00000000;
95f9 : 00000000;
95fa : 00000000;
95fb : 00000000;
95fc : 00000000;
95fd : 00000000;
95fe : 00000000;
95ff : 00000000;
9600 : 00000000;
9601 : 00000000;
9602 : 00000000;
9603 : 00000000;
9604 : 00000000;
9605 : 00000000;
9606 : 00000000;
9607 : 00000000;
9608 : 00000000;
9609 : 00000000;
960a : 00000000;
960b : 00000000;
960c : 00000000;
960d : 00000000;
960e : 00000000;
960f : 00000000;
9610 : 00000000;
9611 : 00000000;
9612 : 00000000;
9613 : 00000000;
9614 : 00000000;
9615 : 00000000;
9616 : 00000000;
9617 : 00000000;
9618 : 00000000;
9619 : 00000000;
961a : 00000000;
961b : 00000000;
961c : 00000000;
961d : 00000000;
961e : 00000000;
961f : 00000000;
9620 : 00000000;
9621 : 00000000;
9622 : 00000000;
9623 : 00000000;
9624 : 00000000;
9625 : 00000000;
9626 : 00000000;
9627 : 00000000;
9628 : 00000000;
9629 : 00000000;
962a : 00000000;
962b : 00000000;
962c : 00000000;
962d : 00000000;
962e : 00000000;
962f : 00000000;
9630 : 00000000;
9631 : 00000000;
9632 : 00000000;
9633 : 00000000;
9634 : 00000000;
9635 : 00000000;
9636 : 00000000;
9637 : 00000000;
9638 : 00000000;
9639 : 00000000;
963a : 00000000;
963b : 00000000;
963c : 00000000;
963d : 00000000;
963e : 00000000;
963f : 00000000;
9640 : 00000000;
9641 : 00000000;
9642 : 00000000;
9643 : 00000000;
9644 : 00000000;
9645 : 00000000;
9646 : 00000000;
9647 : 00000000;
9648 : 00000000;
9649 : 00000000;
964a : 00000000;
964b : 00000000;
964c : 00000000;
964d : 00000000;
964e : 00000000;
964f : 00000000;
9650 : 00000000;
9651 : 00000000;
9652 : 00000000;
9653 : 00000000;
9654 : 00000000;
9655 : 00000000;
9656 : 00000000;
9657 : 00000000;
9658 : 00000000;
9659 : 00000000;
965a : 00000000;
965b : 00000000;
965c : 00000000;
965d : 00000000;
965e : 00000000;
965f : 00000000;
9660 : 00000000;
9661 : 00000000;
9662 : 00000000;
9663 : 00000000;
9664 : 00000000;
9665 : 00000000;
9666 : 00000000;
9667 : 00000000;
9668 : 00000000;
9669 : 00000000;
966a : 00000000;
966b : 00000000;
966c : 00000000;
966d : 00000000;
966e : 00000000;
966f : 00000000;
9670 : 00000000;
9671 : 00000000;
9672 : 00000000;
9673 : 00000000;
9674 : 00000000;
9675 : 00000000;
9676 : 00000000;
9677 : 00000000;
9678 : 00000000;
9679 : 00000000;
967a : 00000000;
967b : 00000000;
967c : 00000000;
967d : 00000000;
967e : 00000000;
967f : 00000000;
9680 : 00000000;
9681 : 00000000;
9682 : 00000000;
9683 : 00000000;
9684 : 00000000;
9685 : 00000000;
9686 : 00000000;
9687 : 00000000;
9688 : 00000000;
9689 : 00000000;
968a : 00000000;
968b : 00000000;
968c : 00000000;
968d : 00000000;
968e : 00000000;
968f : 00000000;
9690 : 00000000;
9691 : 00000000;
9692 : 00000000;
9693 : 00000000;
9694 : 00000000;
9695 : 00000000;
9696 : 00000000;
9697 : 00000000;
9698 : 00000000;
9699 : 00000000;
969a : 00000000;
969b : 00000000;
969c : 00000000;
969d : 00000000;
969e : 00000000;
969f : 00000000;
96a0 : 00000000;
96a1 : 00000000;
96a2 : 00000000;
96a3 : 00000000;
96a4 : 00000000;
96a5 : 00000000;
96a6 : 00000000;
96a7 : 00000000;
96a8 : 00000000;
96a9 : 00000000;
96aa : 00000000;
96ab : 00000000;
96ac : 00000000;
96ad : 00000000;
96ae : 00000000;
96af : 00000000;
96b0 : 00000000;
96b1 : 00000000;
96b2 : 00000000;
96b3 : 00000000;
96b4 : 00000000;
96b5 : 00000000;
96b6 : 00000000;
96b7 : 00000000;
96b8 : 00000000;
96b9 : 00000000;
96ba : 00000000;
96bb : 00000000;
96bc : 00000000;
96bd : 00000000;
96be : 00000000;
96bf : 00000000;
96c0 : 00000000;
96c1 : 00000000;
96c2 : 00000000;
96c3 : 00000000;
96c4 : 00000000;
96c5 : 00000000;
96c6 : 00000000;
96c7 : 00000000;
96c8 : 00000000;
96c9 : 00000000;
96ca : 00000000;
96cb : 00000000;
96cc : 00000000;
96cd : 00000000;
96ce : 00000000;
96cf : 00000000;
96d0 : 00000000;
96d1 : 00000000;
96d2 : 00000000;
96d3 : 00000000;
96d4 : 00000000;
96d5 : 00000000;
96d6 : 00000000;
96d7 : 00000000;
96d8 : 00000000;
96d9 : 00000000;
96da : 00000000;
96db : 00000000;
96dc : 00000000;
96dd : 00000000;
96de : 00000000;
96df : 00000000;
96e0 : 00000000;
96e1 : 00000000;
96e2 : 00000000;
96e3 : 00000000;
96e4 : 00000000;
96e5 : 00000000;
96e6 : 00000000;
96e7 : 00000000;
96e8 : 00000000;
96e9 : 00000000;
96ea : 00000000;
96eb : 00000000;
96ec : 00000000;
96ed : 00000000;
96ee : 00000000;
96ef : 00000000;
96f0 : 00000000;
96f1 : 00000000;
96f2 : 00000000;
96f3 : 00000000;
96f4 : 00000000;
96f5 : 00000000;
96f6 : 00000000;
96f7 : 00000000;
96f8 : 00000000;
96f9 : 00000000;
96fa : 00000000;
96fb : 00000000;
96fc : 00000000;
96fd : 00000000;
96fe : 00000000;
96ff : 00000000;
9700 : 00000000;
9701 : 00000000;
9702 : 00000000;
9703 : 00000000;
9704 : 00000000;
9705 : 00000000;
9706 : 00000000;
9707 : 00000000;
9708 : 00000000;
9709 : 00000000;
970a : 00000000;
970b : 00000000;
970c : 00000000;
970d : 00000000;
970e : 00000000;
970f : 00000000;
9710 : 00000000;
9711 : 00000000;
9712 : 00000000;
9713 : 00000000;
9714 : 00000000;
9715 : 00000000;
9716 : 00000000;
9717 : 00000000;
9718 : 00000000;
9719 : 00000000;
971a : 00000000;
971b : 00000000;
971c : 00000000;
971d : 00000000;
971e : 00000000;
971f : 00000000;
9720 : 00000000;
9721 : 00000000;
9722 : 00000000;
9723 : 00000000;
9724 : 00000000;
9725 : 00000000;
9726 : 00000000;
9727 : 00000000;
9728 : 00000000;
9729 : 00000000;
972a : 00000000;
972b : 00000000;
972c : 00000000;
972d : 00000000;
972e : 00000000;
972f : 00000000;
9730 : 00000000;
9731 : 00000000;
9732 : 00000000;
9733 : 00000000;
9734 : 00000000;
9735 : 00000000;
9736 : 00000000;
9737 : 00000000;
9738 : 00000000;
9739 : 00000000;
973a : 00000000;
973b : 00000000;
973c : 00000000;
973d : 00000000;
973e : 00000000;
973f : 00000000;
9740 : 00000000;
9741 : 00000000;
9742 : 00000000;
9743 : 00000000;
9744 : 00000000;
9745 : 00000000;
9746 : 00000000;
9747 : 00000000;
9748 : 00000000;
9749 : 00000000;
974a : 00000000;
974b : 00000000;
974c : 00000000;
974d : 00000000;
974e : 00000000;
974f : 00000000;
9750 : 00000000;
9751 : 00000000;
9752 : 00000000;
9753 : 00000000;
9754 : 00000000;
9755 : 00000000;
9756 : 00000000;
9757 : 00000000;
9758 : 00000000;
9759 : 00000000;
975a : 00000000;
975b : 00000000;
975c : 00000000;
975d : 00000000;
975e : 00000000;
975f : 00000000;
9760 : 00000000;
9761 : 00000000;
9762 : 00000000;
9763 : 00000000;
9764 : 00000000;
9765 : 00000000;
9766 : 00000000;
9767 : 00000000;
9768 : 00000000;
9769 : 00000000;
976a : 00000000;
976b : 00000000;
976c : 00000000;
976d : 00000000;
976e : 00000000;
976f : 00000000;
9770 : 00000000;
9771 : 00000000;
9772 : 00000000;
9773 : 00000000;
9774 : 00000000;
9775 : 00000000;
9776 : 00000000;
9777 : 00000000;
9778 : 00000000;
9779 : 00000000;
977a : 00000000;
977b : 00000000;
977c : 00000000;
977d : 00000000;
977e : 00000000;
977f : 00000000;
9780 : 00000000;
9781 : 00000000;
9782 : 00000000;
9783 : 00000000;
9784 : 00000000;
9785 : 00000000;
9786 : 00000000;
9787 : 00000000;
9788 : 00000000;
9789 : 00000000;
978a : 00000000;
978b : 00000000;
978c : 00000000;
978d : 00000000;
978e : 00000000;
978f : 00000000;
9790 : 00000000;
9791 : 00000000;
9792 : 00000000;
9793 : 00000000;
9794 : 00000000;
9795 : 00000000;
9796 : 00000000;
9797 : 00000000;
9798 : 00000000;
9799 : 00000000;
979a : 00000000;
979b : 00000000;
979c : 00000000;
979d : 00000000;
979e : 00000000;
979f : 00000000;
97a0 : 00000000;
97a1 : 00000000;
97a2 : 00000000;
97a3 : 00000000;
97a4 : 00000000;
97a5 : 00000000;
97a6 : 00000000;
97a7 : 00000000;
97a8 : 00000000;
97a9 : 00000000;
97aa : 00000000;
97ab : 00000000;
97ac : 00000000;
97ad : 00000000;
97ae : 00000000;
97af : 00000000;
97b0 : 00000000;
97b1 : 00000000;
97b2 : 00000000;
97b3 : 00000000;
97b4 : 00000000;
97b5 : 00000000;
97b6 : 00000000;
97b7 : 00000000;
97b8 : 00000000;
97b9 : 00000000;
97ba : 00000000;
97bb : 00000000;
97bc : 00000000;
97bd : 00000000;
97be : 00000000;
97bf : 00000000;
97c0 : 00000000;
97c1 : 00000000;
97c2 : 00000000;
97c3 : 00000000;
97c4 : 00000000;
97c5 : 00000000;
97c6 : 00000000;
97c7 : 00000000;
97c8 : 00000000;
97c9 : 00000000;
97ca : 00000000;
97cb : 00000000;
97cc : 00000000;
97cd : 00000000;
97ce : 00000000;
97cf : 00000000;
97d0 : 00000000;
97d1 : 00000000;
97d2 : 00000000;
97d3 : 00000000;
97d4 : 00000000;
97d5 : 00000000;
97d6 : 00000000;
97d7 : 00000000;
97d8 : 00000000;
97d9 : 00000000;
97da : 00000000;
97db : 00000000;
97dc : 00000000;
97dd : 00000000;
97de : 00000000;
97df : 00000000;
97e0 : 00000000;
97e1 : 00000000;
97e2 : 00000000;
97e3 : 00000000;
97e4 : 00000000;
97e5 : 00000000;
97e6 : 00000000;
97e7 : 00000000;
97e8 : 00000000;
97e9 : 00000000;
97ea : 00000000;
97eb : 00000000;
97ec : 00000000;
97ed : 00000000;
97ee : 00000000;
97ef : 00000000;
97f0 : 00000000;
97f1 : 00000000;
97f2 : 00000000;
97f3 : 00000000;
97f4 : 00000000;
97f5 : 00000000;
97f6 : 00000000;
97f7 : 00000000;
97f8 : 00000000;
97f9 : 00000000;
97fa : 00000000;
97fb : 00000000;
97fc : 00000000;
97fd : 00000000;
97fe : 00000000;
97ff : 00000000;
9800 : 00000000;
9801 : 00000000;
9802 : 00000000;
9803 : 00000000;
9804 : 00000000;
9805 : 00000000;
9806 : 00000000;
9807 : 00000000;
9808 : 00000000;
9809 : 00000000;
980a : 00000000;
980b : 00000000;
980c : 00000000;
980d : 00000000;
980e : 00000000;
980f : 00000000;
9810 : 00000000;
9811 : 00000000;
9812 : 00000000;
9813 : 00000000;
9814 : 00000000;
9815 : 00000000;
9816 : 00000000;
9817 : 00000000;
9818 : 00000000;
9819 : 00000000;
981a : 00000000;
981b : 00000000;
981c : 00000000;
981d : 00000000;
981e : 00000000;
981f : 00000000;
9820 : 00000000;
9821 : 00000000;
9822 : 00000000;
9823 : 00000000;
9824 : 00000000;
9825 : 00000000;
9826 : 00000000;
9827 : 00000000;
9828 : 00000000;
9829 : 00000000;
982a : 00000000;
982b : 00000000;
982c : 00000000;
982d : 00000000;
982e : 00000000;
982f : 00000000;
9830 : 00000000;
9831 : 00000000;
9832 : 00000000;
9833 : 00000000;
9834 : 00000000;
9835 : 00000000;
9836 : 00000000;
9837 : 00000000;
9838 : 00000000;
9839 : 00000000;
983a : 00000000;
983b : 00000000;
983c : 00000000;
983d : 00000000;
983e : 00000000;
983f : 00000000;
9840 : 00000000;
9841 : 00000000;
9842 : 00000000;
9843 : 00000000;
9844 : 00000000;
9845 : 00000000;
9846 : 00000000;
9847 : 00000000;
9848 : 00000000;
9849 : 00000000;
984a : 00000000;
984b : 00000000;
984c : 00000000;
984d : 00000000;
984e : 00000000;
984f : 00000000;
9850 : 00000000;
9851 : 00000000;
9852 : 00000000;
9853 : 00000000;
9854 : 00000000;
9855 : 00000000;
9856 : 00000000;
9857 : 00000000;
9858 : 00000000;
9859 : 00000000;
985a : 00000000;
985b : 00000000;
985c : 00000000;
985d : 00000000;
985e : 00000000;
985f : 00000000;
9860 : 00000000;
9861 : 00000000;
9862 : 00000000;
9863 : 00000000;
9864 : 00000000;
9865 : 00000000;
9866 : 00000000;
9867 : 00000000;
9868 : 00000000;
9869 : 00000000;
986a : 00000000;
986b : 00000000;
986c : 00000000;
986d : 00000000;
986e : 00000000;
986f : 00000000;
9870 : 00000000;
9871 : 00000000;
9872 : 00000000;
9873 : 00000000;
9874 : 00000000;
9875 : 00000000;
9876 : 00000000;
9877 : 00000000;
9878 : 00000000;
9879 : 00000000;
987a : 00000000;
987b : 00000000;
987c : 00000000;
987d : 00000000;
987e : 00000000;
987f : 00000000;
9880 : 00000000;
9881 : 00000000;
9882 : 00000000;
9883 : 00000000;
9884 : 00000000;
9885 : 00000000;
9886 : 00000000;
9887 : 00000000;
9888 : 00000000;
9889 : 00000000;
988a : 00000000;
988b : 00000000;
988c : 00000000;
988d : 00000000;
988e : 00000000;
988f : 00000000;
9890 : 00000000;
9891 : 00000000;
9892 : 00000000;
9893 : 00000000;
9894 : 00000000;
9895 : 00000000;
9896 : 00000000;
9897 : 00000000;
9898 : 00000000;
9899 : 00000000;
989a : 00000000;
989b : 00000000;
989c : 00000000;
989d : 00000000;
989e : 00000000;
989f : 00000000;
98a0 : 00000000;
98a1 : 00000000;
98a2 : 00000000;
98a3 : 00000000;
98a4 : 00000000;
98a5 : 00000000;
98a6 : 00000000;
98a7 : 00000000;
98a8 : 00000000;
98a9 : 00000000;
98aa : 00000000;
98ab : 00000000;
98ac : 00000000;
98ad : 00000000;
98ae : 00000000;
98af : 00000000;
98b0 : 00000000;
98b1 : 00000000;
98b2 : 00000000;
98b3 : 00000000;
98b4 : 00000000;
98b5 : 00000000;
98b6 : 00000000;
98b7 : 00000000;
98b8 : 00000000;
98b9 : 00000000;
98ba : 00000000;
98bb : 00000000;
98bc : 00000000;
98bd : 00000000;
98be : 00000000;
98bf : 00000000;
98c0 : 00000000;
98c1 : 00000000;
98c2 : 00000000;
98c3 : 00000000;
98c4 : 00000000;
98c5 : 00000000;
98c6 : 00000000;
98c7 : 00000000;
98c8 : 00000000;
98c9 : 00000000;
98ca : 00000000;
98cb : 00000000;
98cc : 00000000;
98cd : 00000000;
98ce : 00000000;
98cf : 00000000;
98d0 : 00000000;
98d1 : 00000000;
98d2 : 00000000;
98d3 : 00000000;
98d4 : 00000000;
98d5 : 00000000;
98d6 : 00000000;
98d7 : 00000000;
98d8 : 00000000;
98d9 : 00000000;
98da : 00000000;
98db : 00000000;
98dc : 00000000;
98dd : 00000000;
98de : 00000000;
98df : 00000000;
98e0 : 00000000;
98e1 : 00000000;
98e2 : 00000000;
98e3 : 00000000;
98e4 : 00000000;
98e5 : 00000000;
98e6 : 00000000;
98e7 : 00000000;
98e8 : 00000000;
98e9 : 00000000;
98ea : 00000000;
98eb : 00000000;
98ec : 00000000;
98ed : 00000000;
98ee : 00000000;
98ef : 00000000;
98f0 : 00000000;
98f1 : 00000000;
98f2 : 00000000;
98f3 : 00000000;
98f4 : 00000000;
98f5 : 00000000;
98f6 : 00000000;
98f7 : 00000000;
98f8 : 00000000;
98f9 : 00000000;
98fa : 00000000;
98fb : 00000000;
98fc : 00000000;
98fd : 00000000;
98fe : 00000000;
98ff : 00000000;
9900 : 00000000;
9901 : 00000000;
9902 : 00000000;
9903 : 00000000;
9904 : 00000000;
9905 : 00000000;
9906 : 00000000;
9907 : 00000000;
9908 : 00000000;
9909 : 00000000;
990a : 00000000;
990b : 00000000;
990c : 00000000;
990d : 00000000;
990e : 00000000;
990f : 00000000;
9910 : 00000000;
9911 : 00000000;
9912 : 00000000;
9913 : 00000000;
9914 : 00000000;
9915 : 00000000;
9916 : 00000000;
9917 : 00000000;
9918 : 00000000;
9919 : 00000000;
991a : 00000000;
991b : 00000000;
991c : 00000000;
991d : 00000000;
991e : 00000000;
991f : 00000000;
9920 : 00000000;
9921 : 00000000;
9922 : 00000000;
9923 : 00000000;
9924 : 00000000;
9925 : 00000000;
9926 : 00000000;
9927 : 00000000;
9928 : 00000000;
9929 : 00000000;
992a : 00000000;
992b : 00000000;
992c : 00000000;
992d : 00000000;
992e : 00000000;
992f : 00000000;
9930 : 00000000;
9931 : 00000000;
9932 : 00000000;
9933 : 00000000;
9934 : 00000000;
9935 : 00000000;
9936 : 00000000;
9937 : 00000000;
9938 : 00000000;
9939 : 00000000;
993a : 00000000;
993b : 00000000;
993c : 00000000;
993d : 00000000;
993e : 00000000;
993f : 00000000;
9940 : 00000000;
9941 : 00000000;
9942 : 00000000;
9943 : 00000000;
9944 : 00000000;
9945 : 00000000;
9946 : 00000000;
9947 : 00000000;
9948 : 00000000;
9949 : 00000000;
994a : 00000000;
994b : 00000000;
994c : 00000000;
994d : 00000000;
994e : 00000000;
994f : 00000000;
9950 : 00000000;
9951 : 00000000;
9952 : 00000000;
9953 : 00000000;
9954 : 00000000;
9955 : 00000000;
9956 : 00000000;
9957 : 00000000;
9958 : 00000000;
9959 : 00000000;
995a : 00000000;
995b : 00000000;
995c : 00000000;
995d : 00000000;
995e : 00000000;
995f : 00000000;
9960 : 00000000;
9961 : 00000000;
9962 : 00000000;
9963 : 00000000;
9964 : 00000000;
9965 : 00000000;
9966 : 00000000;
9967 : 00000000;
9968 : 00000000;
9969 : 00000000;
996a : 00000000;
996b : 00000000;
996c : 00000000;
996d : 00000000;
996e : 00000000;
996f : 00000000;
9970 : 00000000;
9971 : 00000000;
9972 : 00000000;
9973 : 00000000;
9974 : 00000000;
9975 : 00000000;
9976 : 00000000;
9977 : 00000000;
9978 : 00000000;
9979 : 00000000;
997a : 00000000;
997b : 00000000;
997c : 00000000;
997d : 00000000;
997e : 00000000;
997f : 00000000;
9980 : 00000000;
9981 : 00000000;
9982 : 00000000;
9983 : 00000000;
9984 : 00000000;
9985 : 00000000;
9986 : 00000000;
9987 : 00000000;
9988 : 00000000;
9989 : 00000000;
998a : 00000000;
998b : 00000000;
998c : 00000000;
998d : 00000000;
998e : 00000000;
998f : 00000000;
9990 : 00000000;
9991 : 00000000;
9992 : 00000000;
9993 : 00000000;
9994 : 00000000;
9995 : 00000000;
9996 : 00000000;
9997 : 00000000;
9998 : 00000000;
9999 : 00000000;
999a : 00000000;
999b : 00000000;
999c : 00000000;
999d : 00000000;
999e : 00000000;
999f : 00000000;
99a0 : 00000000;
99a1 : 00000000;
99a2 : 00000000;
99a3 : 00000000;
99a4 : 00000000;
99a5 : 00000000;
99a6 : 00000000;
99a7 : 00000000;
99a8 : 00000000;
99a9 : 00000000;
99aa : 00000000;
99ab : 00000000;
99ac : 00000000;
99ad : 00000000;
99ae : 00000000;
99af : 00000000;
99b0 : 00000000;
99b1 : 00000000;
99b2 : 00000000;
99b3 : 00000000;
99b4 : 00000000;
99b5 : 00000000;
99b6 : 00000000;
99b7 : 00000000;
99b8 : 00000000;
99b9 : 00000000;
99ba : 00000000;
99bb : 00000000;
99bc : 00000000;
99bd : 00000000;
99be : 00000000;
99bf : 00000000;
99c0 : 00000000;
99c1 : 00000000;
99c2 : 00000000;
99c3 : 00000000;
99c4 : 00000000;
99c5 : 00000000;
99c6 : 00000000;
99c7 : 00000000;
99c8 : 00000000;
99c9 : 00000000;
99ca : 00000000;
99cb : 00000000;
99cc : 00000000;
99cd : 00000000;
99ce : 00000000;
99cf : 00000000;
99d0 : 00000000;
99d1 : 00000000;
99d2 : 00000000;
99d3 : 00000000;
99d4 : 00000000;
99d5 : 00000000;
99d6 : 00000000;
99d7 : 00000000;
99d8 : 00000000;
99d9 : 00000000;
99da : 00000000;
99db : 00000000;
99dc : 00000000;
99dd : 00000000;
99de : 00000000;
99df : 00000000;
99e0 : 00000000;
99e1 : 00000000;
99e2 : 00000000;
99e3 : 00000000;
99e4 : 00000000;
99e5 : 00000000;
99e6 : 00000000;
99e7 : 00000000;
99e8 : 00000000;
99e9 : 00000000;
99ea : 00000000;
99eb : 00000000;
99ec : 00000000;
99ed : 00000000;
99ee : 00000000;
99ef : 00000000;
99f0 : 00000000;
99f1 : 00000000;
99f2 : 00000000;
99f3 : 00000000;
99f4 : 00000000;
99f5 : 00000000;
99f6 : 00000000;
99f7 : 00000000;
99f8 : 00000000;
99f9 : 00000000;
99fa : 00000000;
99fb : 00000000;
99fc : 00000000;
99fd : 00000000;
99fe : 00000000;
99ff : 00000000;
9a00 : 00000000;
9a01 : 00000000;
9a02 : 00000000;
9a03 : 00000000;
9a04 : 00000000;
9a05 : 00000000;
9a06 : 00000000;
9a07 : 00000000;
9a08 : 00000000;
9a09 : 00000000;
9a0a : 00000000;
9a0b : 00000000;
9a0c : 00000000;
9a0d : 00000000;
9a0e : 00000000;
9a0f : 00000000;
9a10 : 00000000;
9a11 : 00000000;
9a12 : 00000000;
9a13 : 00000000;
9a14 : 00000000;
9a15 : 00000000;
9a16 : 00000000;
9a17 : 00000000;
9a18 : 00000000;
9a19 : 00000000;
9a1a : 00000000;
9a1b : 00000000;
9a1c : 00000000;
9a1d : 00000000;
9a1e : 00000000;
9a1f : 00000000;
9a20 : 00000000;
9a21 : 00000000;
9a22 : 00000000;
9a23 : 00000000;
9a24 : 00000000;
9a25 : 00000000;
9a26 : 00000000;
9a27 : 00000000;
9a28 : 00000000;
9a29 : 00000000;
9a2a : 00000000;
9a2b : 00000000;
9a2c : 00000000;
9a2d : 00000000;
9a2e : 00000000;
9a2f : 00000000;
9a30 : 00000000;
9a31 : 00000000;
9a32 : 00000000;
9a33 : 00000000;
9a34 : 00000000;
9a35 : 00000000;
9a36 : 00000000;
9a37 : 00000000;
9a38 : 00000000;
9a39 : 00000000;
9a3a : 00000000;
9a3b : 00000000;
9a3c : 00000000;
9a3d : 00000000;
9a3e : 00000000;
9a3f : 00000000;
9a40 : 00000000;
9a41 : 00000000;
9a42 : 00000000;
9a43 : 00000000;
9a44 : 00000000;
9a45 : 00000000;
9a46 : 00000000;
9a47 : 00000000;
9a48 : 00000000;
9a49 : 00000000;
9a4a : 00000000;
9a4b : 00000000;
9a4c : 00000000;
9a4d : 00000000;
9a4e : 00000000;
9a4f : 00000000;
9a50 : 00000000;
9a51 : 00000000;
9a52 : 00000000;
9a53 : 00000000;
9a54 : 00000000;
9a55 : 00000000;
9a56 : 00000000;
9a57 : 00000000;
9a58 : 00000000;
9a59 : 00000000;
9a5a : 00000000;
9a5b : 00000000;
9a5c : 00000000;
9a5d : 00000000;
9a5e : 00000000;
9a5f : 00000000;
9a60 : 00000000;
9a61 : 00000000;
9a62 : 00000000;
9a63 : 00000000;
9a64 : 00000000;
9a65 : 00000000;
9a66 : 00000000;
9a67 : 00000000;
9a68 : 00000000;
9a69 : 00000000;
9a6a : 00000000;
9a6b : 00000000;
9a6c : 00000000;
9a6d : 00000000;
9a6e : 00000000;
9a6f : 00000000;
9a70 : 00000000;
9a71 : 00000000;
9a72 : 00000000;
9a73 : 00000000;
9a74 : 00000000;
9a75 : 00000000;
9a76 : 00000000;
9a77 : 00000000;
9a78 : 00000000;
9a79 : 00000000;
9a7a : 00000000;
9a7b : 00000000;
9a7c : 00000000;
9a7d : 00000000;
9a7e : 00000000;
9a7f : 00000000;
9a80 : 00000000;
9a81 : 00000000;
9a82 : 00000000;
9a83 : 00000000;
9a84 : 00000000;
9a85 : 00000000;
9a86 : 00000000;
9a87 : 00000000;
9a88 : 00000000;
9a89 : 00000000;
9a8a : 00000000;
9a8b : 00000000;
9a8c : 00000000;
9a8d : 00000000;
9a8e : 00000000;
9a8f : 00000000;
9a90 : 00000000;
9a91 : 00000000;
9a92 : 00000000;
9a93 : 00000000;
9a94 : 00000000;
9a95 : 00000000;
9a96 : 00000000;
9a97 : 00000000;
9a98 : 00000000;
9a99 : 00000000;
9a9a : 00000000;
9a9b : 00000000;
9a9c : 00000000;
9a9d : 00000000;
9a9e : 00000000;
9a9f : 00000000;
9aa0 : 00000000;
9aa1 : 00000000;
9aa2 : 00000000;
9aa3 : 00000000;
9aa4 : 00000000;
9aa5 : 00000000;
9aa6 : 00000000;
9aa7 : 00000000;
9aa8 : 00000000;
9aa9 : 00000000;
9aaa : 00000000;
9aab : 00000000;
9aac : 00000000;
9aad : 00000000;
9aae : 00000000;
9aaf : 00000000;
9ab0 : 00000000;
9ab1 : 00000000;
9ab2 : 00000000;
9ab3 : 00000000;
9ab4 : 00000000;
9ab5 : 00000000;
9ab6 : 00000000;
9ab7 : 00000000;
9ab8 : 00000000;
9ab9 : 00000000;
9aba : 00000000;
9abb : 00000000;
9abc : 00000000;
9abd : 00000000;
9abe : 00000000;
9abf : 00000000;
9ac0 : 00000000;
9ac1 : 00000000;
9ac2 : 00000000;
9ac3 : 00000000;
9ac4 : 00000000;
9ac5 : 00000000;
9ac6 : 00000000;
9ac7 : 00000000;
9ac8 : 00000000;
9ac9 : 00000000;
9aca : 00000000;
9acb : 00000000;
9acc : 00000000;
9acd : 00000000;
9ace : 00000000;
9acf : 00000000;
9ad0 : 00000000;
9ad1 : 00000000;
9ad2 : 00000000;
9ad3 : 00000000;
9ad4 : 00000000;
9ad5 : 00000000;
9ad6 : 00000000;
9ad7 : 00000000;
9ad8 : 00000000;
9ad9 : 00000000;
9ada : 00000000;
9adb : 00000000;
9adc : 00000000;
9add : 00000000;
9ade : 00000000;
9adf : 00000000;
9ae0 : 00000000;
9ae1 : 00000000;
9ae2 : 00000000;
9ae3 : 00000000;
9ae4 : 00000000;
9ae5 : 00000000;
9ae6 : 00000000;
9ae7 : 00000000;
9ae8 : 00000000;
9ae9 : 00000000;
9aea : 00000000;
9aeb : 00000000;
9aec : 00000000;
9aed : 00000000;
9aee : 00000000;
9aef : 00000000;
9af0 : 00000000;
9af1 : 00000000;
9af2 : 00000000;
9af3 : 00000000;
9af4 : 00000000;
9af5 : 00000000;
9af6 : 00000000;
9af7 : 00000000;
9af8 : 00000000;
9af9 : 00000000;
9afa : 00000000;
9afb : 00000000;
9afc : 00000000;
9afd : 00000000;
9afe : 00000000;
9aff : 00000000;
9b00 : 00000000;
9b01 : 00000000;
9b02 : 00000000;
9b03 : 00000000;
9b04 : 00000000;
9b05 : 00000000;
9b06 : 00000000;
9b07 : 00000000;
9b08 : 00000000;
9b09 : 00000000;
9b0a : 00000000;
9b0b : 00000000;
9b0c : 00000000;
9b0d : 00000000;
9b0e : 00000000;
9b0f : 00000000;
9b10 : 00000000;
9b11 : 00000000;
9b12 : 00000000;
9b13 : 00000000;
9b14 : 00000000;
9b15 : 00000000;
9b16 : 00000000;
9b17 : 00000000;
9b18 : 00000000;
9b19 : 00000000;
9b1a : 00000000;
9b1b : 00000000;
9b1c : 00000000;
9b1d : 00000000;
9b1e : 00000000;
9b1f : 00000000;
9b20 : 00000000;
9b21 : 00000000;
9b22 : 00000000;
9b23 : 00000000;
9b24 : 00000000;
9b25 : 00000000;
9b26 : 00000000;
9b27 : 00000000;
9b28 : 00000000;
9b29 : 00000000;
9b2a : 00000000;
9b2b : 00000000;
9b2c : 00000000;
9b2d : 00000000;
9b2e : 00000000;
9b2f : 00000000;
9b30 : 00000000;
9b31 : 00000000;
9b32 : 00000000;
9b33 : 00000000;
9b34 : 00000000;
9b35 : 00000000;
9b36 : 00000000;
9b37 : 00000000;
9b38 : 00000000;
9b39 : 00000000;
9b3a : 00000000;
9b3b : 00000000;
9b3c : 00000000;
9b3d : 00000000;
9b3e : 00000000;
9b3f : 00000000;
9b40 : 00000000;
9b41 : 00000000;
9b42 : 00000000;
9b43 : 00000000;
9b44 : 00000000;
9b45 : 00000000;
9b46 : 00000000;
9b47 : 00000000;
9b48 : 00000000;
9b49 : 00000000;
9b4a : 00000000;
9b4b : 00000000;
9b4c : 00000000;
9b4d : 00000000;
9b4e : 00000000;
9b4f : 00000000;
9b50 : 00000000;
9b51 : 00000000;
9b52 : 00000000;
9b53 : 00000000;
9b54 : 00000000;
9b55 : 00000000;
9b56 : 00000000;
9b57 : 00000000;
9b58 : 00000000;
9b59 : 00000000;
9b5a : 00000000;
9b5b : 00000000;
9b5c : 00000000;
9b5d : 00000000;
9b5e : 00000000;
9b5f : 00000000;
9b60 : 00000000;
9b61 : 00000000;
9b62 : 00000000;
9b63 : 00000000;
9b64 : 00000000;
9b65 : 00000000;
9b66 : 00000000;
9b67 : 00000000;
9b68 : 00000000;
9b69 : 00000000;
9b6a : 00000000;
9b6b : 00000000;
9b6c : 00000000;
9b6d : 00000000;
9b6e : 00000000;
9b6f : 00000000;
9b70 : 00000000;
9b71 : 00000000;
9b72 : 00000000;
9b73 : 00000000;
9b74 : 00000000;
9b75 : 00000000;
9b76 : 00000000;
9b77 : 00000000;
9b78 : 00000000;
9b79 : 00000000;
9b7a : 00000000;
9b7b : 00000000;
9b7c : 00000000;
9b7d : 00000000;
9b7e : 00000000;
9b7f : 00000000;
9b80 : 00000000;
9b81 : 00000000;
9b82 : 00000000;
9b83 : 00000000;
9b84 : 00000000;
9b85 : 00000000;
9b86 : 00000000;
9b87 : 00000000;
9b88 : 00000000;
9b89 : 00000000;
9b8a : 00000000;
9b8b : 00000000;
9b8c : 00000000;
9b8d : 00000000;
9b8e : 00000000;
9b8f : 00000000;
9b90 : 00000000;
9b91 : 00000000;
9b92 : 00000000;
9b93 : 00000000;
9b94 : 00000000;
9b95 : 00000000;
9b96 : 00000000;
9b97 : 00000000;
9b98 : 00000000;
9b99 : 00000000;
9b9a : 00000000;
9b9b : 00000000;
9b9c : 00000000;
9b9d : 00000000;
9b9e : 00000000;
9b9f : 00000000;
9ba0 : 00000000;
9ba1 : 00000000;
9ba2 : 00000000;
9ba3 : 00000000;
9ba4 : 00000000;
9ba5 : 00000000;
9ba6 : 00000000;
9ba7 : 00000000;
9ba8 : 00000000;
9ba9 : 00000000;
9baa : 00000000;
9bab : 00000000;
9bac : 00000000;
9bad : 00000000;
9bae : 00000000;
9baf : 00000000;
9bb0 : 00000000;
9bb1 : 00000000;
9bb2 : 00000000;
9bb3 : 00000000;
9bb4 : 00000000;
9bb5 : 00000000;
9bb6 : 00000000;
9bb7 : 00000000;
9bb8 : 00000000;
9bb9 : 00000000;
9bba : 00000000;
9bbb : 00000000;
9bbc : 00000000;
9bbd : 00000000;
9bbe : 00000000;
9bbf : 00000000;
9bc0 : 00000000;
9bc1 : 00000000;
9bc2 : 00000000;
9bc3 : 00000000;
9bc4 : 00000000;
9bc5 : 00000000;
9bc6 : 00000000;
9bc7 : 00000000;
9bc8 : 00000000;
9bc9 : 00000000;
9bca : 00000000;
9bcb : 00000000;
9bcc : 00000000;
9bcd : 00000000;
9bce : 00000000;
9bcf : 00000000;
9bd0 : 00000000;
9bd1 : 00000000;
9bd2 : 00000000;
9bd3 : 00000000;
9bd4 : 00000000;
9bd5 : 00000000;
9bd6 : 00000000;
9bd7 : 00000000;
9bd8 : 00000000;
9bd9 : 00000000;
9bda : 00000000;
9bdb : 00000000;
9bdc : 00000000;
9bdd : 00000000;
9bde : 00000000;
9bdf : 00000000;
9be0 : 00000000;
9be1 : 00000000;
9be2 : 00000000;
9be3 : 00000000;
9be4 : 00000000;
9be5 : 00000000;
9be6 : 00000000;
9be7 : 00000000;
9be8 : 00000000;
9be9 : 00000000;
9bea : 00000000;
9beb : 00000000;
9bec : 00000000;
9bed : 00000000;
9bee : 00000000;
9bef : 00000000;
9bf0 : 00000000;
9bf1 : 00000000;
9bf2 : 00000000;
9bf3 : 00000000;
9bf4 : 00000000;
9bf5 : 00000000;
9bf6 : 00000000;
9bf7 : 00000000;
9bf8 : 00000000;
9bf9 : 00000000;
9bfa : 00000000;
9bfb : 00000000;
9bfc : 00000000;
9bfd : 00000000;
9bfe : 00000000;
9bff : 00000000;
9c00 : 00000000;
9c01 : 00000000;
9c02 : 00000000;
9c03 : 00000000;
9c04 : 00000000;
9c05 : 00000000;
9c06 : 00000000;
9c07 : 00000000;
9c08 : 00000000;
9c09 : 00000000;
9c0a : 00000000;
9c0b : 00000000;
9c0c : 00000000;
9c0d : 00000000;
9c0e : 00000000;
9c0f : 00000000;
9c10 : 00000000;
9c11 : 00000000;
9c12 : 00000000;
9c13 : 00000000;
9c14 : 00000000;
9c15 : 00000000;
9c16 : 00000000;
9c17 : 00000000;
9c18 : 00000000;
9c19 : 00000000;
9c1a : 00000000;
9c1b : 00000000;
9c1c : 00000000;
9c1d : 00000000;
9c1e : 00000000;
9c1f : 00000000;
9c20 : 00000000;
9c21 : 00000000;
9c22 : 00000000;
9c23 : 00000000;
9c24 : 00000000;
9c25 : 00000000;
9c26 : 00000000;
9c27 : 00000000;
9c28 : 00000000;
9c29 : 00000000;
9c2a : 00000000;
9c2b : 00000000;
9c2c : 00000000;
9c2d : 00000000;
9c2e : 00000000;
9c2f : 00000000;
9c30 : 00000000;
9c31 : 00000000;
9c32 : 00000000;
9c33 : 00000000;
9c34 : 00000000;
9c35 : 00000000;
9c36 : 00000000;
9c37 : 00000000;
9c38 : 00000000;
9c39 : 00000000;
9c3a : 00000000;
9c3b : 00000000;
9c3c : 00000000;
9c3d : 00000000;
9c3e : 00000000;
9c3f : 00000000;
9c40 : 00000000;
9c41 : 00000000;
9c42 : 00000000;
9c43 : 00000000;
9c44 : 00000000;
9c45 : 00000000;
9c46 : 00000000;
9c47 : 00000000;
9c48 : 00000000;
9c49 : 00000000;
9c4a : 00000000;
9c4b : 00000000;
9c4c : 00000000;
9c4d : 00000000;
9c4e : 00000000;
9c4f : 00000000;
9c50 : 00000000;
9c51 : 00000000;
9c52 : 00000000;
9c53 : 00000000;
9c54 : 00000000;
9c55 : 00000000;
9c56 : 00000000;
9c57 : 00000000;
9c58 : 00000000;
9c59 : 00000000;
9c5a : 00000000;
9c5b : 00000000;
9c5c : 00000000;
9c5d : 00000000;
9c5e : 00000000;
9c5f : 00000000;
9c60 : 00000000;
9c61 : 00000000;
9c62 : 00000000;
9c63 : 00000000;
9c64 : 00000000;
9c65 : 00000000;
9c66 : 00000000;
9c67 : 00000000;
9c68 : 00000000;
9c69 : 00000000;
9c6a : 00000000;
9c6b : 00000000;
9c6c : 00000000;
9c6d : 00000000;
9c6e : 00000000;
9c6f : 00000000;
9c70 : 00000000;
9c71 : 00000000;
9c72 : 00000000;
9c73 : 00000000;
9c74 : 00000000;
9c75 : 00000000;
9c76 : 00000000;
9c77 : 00000000;
9c78 : 00000000;
9c79 : 00000000;
9c7a : 00000000;
9c7b : 00000000;
9c7c : 00000000;
9c7d : 00000000;
9c7e : 00000000;
9c7f : 00000000;
9c80 : 00000000;
9c81 : 00000000;
9c82 : 00000000;
9c83 : 00000000;
9c84 : 00000000;
9c85 : 00000000;
9c86 : 00000000;
9c87 : 00000000;
9c88 : 00000000;
9c89 : 00000000;
9c8a : 00000000;
9c8b : 00000000;
9c8c : 00000000;
9c8d : 00000000;
9c8e : 00000000;
9c8f : 00000000;
9c90 : 00000000;
9c91 : 00000000;
9c92 : 00000000;
9c93 : 00000000;
9c94 : 00000000;
9c95 : 00000000;
9c96 : 00000000;
9c97 : 00000000;
9c98 : 00000000;
9c99 : 00000000;
9c9a : 00000000;
9c9b : 00000000;
9c9c : 00000000;
9c9d : 00000000;
9c9e : 00000000;
9c9f : 00000000;
9ca0 : 00000000;
9ca1 : 00000000;
9ca2 : 00000000;
9ca3 : 00000000;
9ca4 : 00000000;
9ca5 : 00000000;
9ca6 : 00000000;
9ca7 : 00000000;
9ca8 : 00000000;
9ca9 : 00000000;
9caa : 00000000;
9cab : 00000000;
9cac : 00000000;
9cad : 00000000;
9cae : 00000000;
9caf : 00000000;
9cb0 : 00000000;
9cb1 : 00000000;
9cb2 : 00000000;
9cb3 : 00000000;
9cb4 : 00000000;
9cb5 : 00000000;
9cb6 : 00000000;
9cb7 : 00000000;
9cb8 : 00000000;
9cb9 : 00000000;
9cba : 00000000;
9cbb : 00000000;
9cbc : 00000000;
9cbd : 00000000;
9cbe : 00000000;
9cbf : 00000000;
9cc0 : 00000000;
9cc1 : 00000000;
9cc2 : 00000000;
9cc3 : 00000000;
9cc4 : 00000000;
9cc5 : 00000000;
9cc6 : 00000000;
9cc7 : 00000000;
9cc8 : 00000000;
9cc9 : 00000000;
9cca : 00000000;
9ccb : 00000000;
9ccc : 00000000;
9ccd : 00000000;
9cce : 00000000;
9ccf : 00000000;
9cd0 : 00000000;
9cd1 : 00000000;
9cd2 : 00000000;
9cd3 : 00000000;
9cd4 : 00000000;
9cd5 : 00000000;
9cd6 : 00000000;
9cd7 : 00000000;
9cd8 : 00000000;
9cd9 : 00000000;
9cda : 00000000;
9cdb : 00000000;
9cdc : 00000000;
9cdd : 00000000;
9cde : 00000000;
9cdf : 00000000;
9ce0 : 00000000;
9ce1 : 00000000;
9ce2 : 00000000;
9ce3 : 00000000;
9ce4 : 00000000;
9ce5 : 00000000;
9ce6 : 00000000;
9ce7 : 00000000;
9ce8 : 00000000;
9ce9 : 00000000;
9cea : 00000000;
9ceb : 00000000;
9cec : 00000000;
9ced : 00000000;
9cee : 00000000;
9cef : 00000000;
9cf0 : 00000000;
9cf1 : 00000000;
9cf2 : 00000000;
9cf3 : 00000000;
9cf4 : 00000000;
9cf5 : 00000000;
9cf6 : 00000000;
9cf7 : 00000000;
9cf8 : 00000000;
9cf9 : 00000000;
9cfa : 00000000;
9cfb : 00000000;
9cfc : 00000000;
9cfd : 00000000;
9cfe : 00000000;
9cff : 00000000;
9d00 : 00000000;
9d01 : 00000000;
9d02 : 00000000;
9d03 : 00000000;
9d04 : 00000000;
9d05 : 00000000;
9d06 : 00000000;
9d07 : 00000000;
9d08 : 00000000;
9d09 : 00000000;
9d0a : 00000000;
9d0b : 00000000;
9d0c : 00000000;
9d0d : 00000000;
9d0e : 00000000;
9d0f : 00000000;
9d10 : 00000000;
9d11 : 00000000;
9d12 : 00000000;
9d13 : 00000000;
9d14 : 00000000;
9d15 : 00000000;
9d16 : 00000000;
9d17 : 00000000;
9d18 : 00000000;
9d19 : 00000000;
9d1a : 00000000;
9d1b : 00000000;
9d1c : 00000000;
9d1d : 00000000;
9d1e : 00000000;
9d1f : 00000000;
9d20 : 00000000;
9d21 : 00000000;
9d22 : 00000000;
9d23 : 00000000;
9d24 : 00000000;
9d25 : 00000000;
9d26 : 00000000;
9d27 : 00000000;
9d28 : 00000000;
9d29 : 00000000;
9d2a : 00000000;
9d2b : 00000000;
9d2c : 00000000;
9d2d : 00000000;
9d2e : 00000000;
9d2f : 00000000;
9d30 : 00000000;
9d31 : 00000000;
9d32 : 00000000;
9d33 : 00000000;
9d34 : 00000000;
9d35 : 00000000;
9d36 : 00000000;
9d37 : 00000000;
9d38 : 00000000;
9d39 : 00000000;
9d3a : 00000000;
9d3b : 00000000;
9d3c : 00000000;
9d3d : 00000000;
9d3e : 00000000;
9d3f : 00000000;
9d40 : 00000000;
9d41 : 00000000;
9d42 : 00000000;
9d43 : 00000000;
9d44 : 00000000;
9d45 : 00000000;
9d46 : 00000000;
9d47 : 00000000;
9d48 : 00000000;
9d49 : 00000000;
9d4a : 00000000;
9d4b : 00000000;
9d4c : 00000000;
9d4d : 00000000;
9d4e : 00000000;
9d4f : 00000000;
9d50 : 00000000;
9d51 : 00000000;
9d52 : 00000000;
9d53 : 00000000;
9d54 : 00000000;
9d55 : 00000000;
9d56 : 00000000;
9d57 : 00000000;
9d58 : 00000000;
9d59 : 00000000;
9d5a : 00000000;
9d5b : 00000000;
9d5c : 00000000;
9d5d : 00000000;
9d5e : 00000000;
9d5f : 00000000;
9d60 : 00000000;
9d61 : 00000000;
9d62 : 00000000;
9d63 : 00000000;
9d64 : 00000000;
9d65 : 00000000;
9d66 : 00000000;
9d67 : 00000000;
9d68 : 00000000;
9d69 : 00000000;
9d6a : 00000000;
9d6b : 00000000;
9d6c : 00000000;
9d6d : 00000000;
9d6e : 00000000;
9d6f : 00000000;
9d70 : 00000000;
9d71 : 00000000;
9d72 : 00000000;
9d73 : 00000000;
9d74 : 00000000;
9d75 : 00000000;
9d76 : 00000000;
9d77 : 00000000;
9d78 : 00000000;
9d79 : 00000000;
9d7a : 00000000;
9d7b : 00000000;
9d7c : 00000000;
9d7d : 00000000;
9d7e : 00000000;
9d7f : 00000000;
9d80 : 00000000;
9d81 : 00000000;
9d82 : 00000000;
9d83 : 00000000;
9d84 : 00000000;
9d85 : 00000000;
9d86 : 00000000;
9d87 : 00000000;
9d88 : 00000000;
9d89 : 00000000;
9d8a : 00000000;
9d8b : 00000000;
9d8c : 00000000;
9d8d : 00000000;
9d8e : 00000000;
9d8f : 00000000;
9d90 : 00000000;
9d91 : 00000000;
9d92 : 00000000;
9d93 : 00000000;
9d94 : 00000000;
9d95 : 00000000;
9d96 : 00000000;
9d97 : 00000000;
9d98 : 00000000;
9d99 : 00000000;
9d9a : 00000000;
9d9b : 00000000;
9d9c : 00000000;
9d9d : 00000000;
9d9e : 00000000;
9d9f : 00000000;
9da0 : 00000000;
9da1 : 00000000;
9da2 : 00000000;
9da3 : 00000000;
9da4 : 00000000;
9da5 : 00000000;
9da6 : 00000000;
9da7 : 00000000;
9da8 : 00000000;
9da9 : 00000000;
9daa : 00000000;
9dab : 00000000;
9dac : 00000000;
9dad : 00000000;
9dae : 00000000;
9daf : 00000000;
9db0 : 00000000;
9db1 : 00000000;
9db2 : 00000000;
9db3 : 00000000;
9db4 : 00000000;
9db5 : 00000000;
9db6 : 00000000;
9db7 : 00000000;
9db8 : 00000000;
9db9 : 00000000;
9dba : 00000000;
9dbb : 00000000;
9dbc : 00000000;
9dbd : 00000000;
9dbe : 00000000;
9dbf : 00000000;
9dc0 : 00000000;
9dc1 : 00000000;
9dc2 : 00000000;
9dc3 : 00000000;
9dc4 : 00000000;
9dc5 : 00000000;
9dc6 : 00000000;
9dc7 : 00000000;
9dc8 : 00000000;
9dc9 : 00000000;
9dca : 00000000;
9dcb : 00000000;
9dcc : 00000000;
9dcd : 00000000;
9dce : 00000000;
9dcf : 00000000;
9dd0 : 00000000;
9dd1 : 00000000;
9dd2 : 00000000;
9dd3 : 00000000;
9dd4 : 00000000;
9dd5 : 00000000;
9dd6 : 00000000;
9dd7 : 00000000;
9dd8 : 00000000;
9dd9 : 00000000;
9dda : 00000000;
9ddb : 00000000;
9ddc : 00000000;
9ddd : 00000000;
9dde : 00000000;
9ddf : 00000000;
9de0 : 00000000;
9de1 : 00000000;
9de2 : 00000000;
9de3 : 00000000;
9de4 : 00000000;
9de5 : 00000000;
9de6 : 00000000;
9de7 : 00000000;
9de8 : 00000000;
9de9 : 00000000;
9dea : 00000000;
9deb : 00000000;
9dec : 00000000;
9ded : 00000000;
9dee : 00000000;
9def : 00000000;
9df0 : 00000000;
9df1 : 00000000;
9df2 : 00000000;
9df3 : 00000000;
9df4 : 00000000;
9df5 : 00000000;
9df6 : 00000000;
9df7 : 00000000;
9df8 : 00000000;
9df9 : 00000000;
9dfa : 00000000;
9dfb : 00000000;
9dfc : 00000000;
9dfd : 00000000;
9dfe : 00000000;
9dff : 00000000;
9e00 : 00000000;
9e01 : 00000000;
9e02 : 00000000;
9e03 : 00000000;
9e04 : 00000000;
9e05 : 00000000;
9e06 : 00000000;
9e07 : 00000000;
9e08 : 00000000;
9e09 : 00000000;
9e0a : 00000000;
9e0b : 00000000;
9e0c : 00000000;
9e0d : 00000000;
9e0e : 00000000;
9e0f : 00000000;
9e10 : 00000000;
9e11 : 00000000;
9e12 : 00000000;
9e13 : 00000000;
9e14 : 00000000;
9e15 : 00000000;
9e16 : 00000000;
9e17 : 00000000;
9e18 : 00000000;
9e19 : 00000000;
9e1a : 00000000;
9e1b : 00000000;
9e1c : 00000000;
9e1d : 00000000;
9e1e : 00000000;
9e1f : 00000000;
9e20 : 00000000;
9e21 : 00000000;
9e22 : 00000000;
9e23 : 00000000;
9e24 : 00000000;
9e25 : 00000000;
9e26 : 00000000;
9e27 : 00000000;
9e28 : 00000000;
9e29 : 00000000;
9e2a : 00000000;
9e2b : 00000000;
9e2c : 00000000;
9e2d : 00000000;
9e2e : 00000000;
9e2f : 00000000;
9e30 : 00000000;
9e31 : 00000000;
9e32 : 00000000;
9e33 : 00000000;
9e34 : 00000000;
9e35 : 00000000;
9e36 : 00000000;
9e37 : 00000000;
9e38 : 00000000;
9e39 : 00000000;
9e3a : 00000000;
9e3b : 00000000;
9e3c : 00000000;
9e3d : 00000000;
9e3e : 00000000;
9e3f : 00000000;
9e40 : 00000000;
9e41 : 00000000;
9e42 : 00000000;
9e43 : 00000000;
9e44 : 00000000;
9e45 : 00000000;
9e46 : 00000000;
9e47 : 00000000;
9e48 : 00000000;
9e49 : 00000000;
9e4a : 00000000;
9e4b : 00000000;
9e4c : 00000000;
9e4d : 00000000;
9e4e : 00000000;
9e4f : 00000000;
9e50 : 00000000;
9e51 : 00000000;
9e52 : 00000000;
9e53 : 00000000;
9e54 : 00000000;
9e55 : 00000000;
9e56 : 00000000;
9e57 : 00000000;
9e58 : 00000000;
9e59 : 00000000;
9e5a : 00000000;
9e5b : 00000000;
9e5c : 00000000;
9e5d : 00000000;
9e5e : 00000000;
9e5f : 00000000;
9e60 : 00000000;
9e61 : 00000000;
9e62 : 00000000;
9e63 : 00000000;
9e64 : 00000000;
9e65 : 00000000;
9e66 : 00000000;
9e67 : 00000000;
9e68 : 00000000;
9e69 : 00000000;
9e6a : 00000000;
9e6b : 00000000;
9e6c : 00000000;
9e6d : 00000000;
9e6e : 00000000;
9e6f : 00000000;
9e70 : 00000000;
9e71 : 00000000;
9e72 : 00000000;
9e73 : 00000000;
9e74 : 00000000;
9e75 : 00000000;
9e76 : 00000000;
9e77 : 00000000;
9e78 : 00000000;
9e79 : 00000000;
9e7a : 00000000;
9e7b : 00000000;
9e7c : 00000000;
9e7d : 00000000;
9e7e : 00000000;
9e7f : 00000000;
9e80 : 00000000;
9e81 : 00000000;
9e82 : 00000000;
9e83 : 00000000;
9e84 : 00000000;
9e85 : 00000000;
9e86 : 00000000;
9e87 : 00000000;
9e88 : 00000000;
9e89 : 00000000;
9e8a : 00000000;
9e8b : 00000000;
9e8c : 00000000;
9e8d : 00000000;
9e8e : 00000000;
9e8f : 00000000;
9e90 : 00000000;
9e91 : 00000000;
9e92 : 00000000;
9e93 : 00000000;
9e94 : 00000000;
9e95 : 00000000;
9e96 : 00000000;
9e97 : 00000000;
9e98 : 00000000;
9e99 : 00000000;
9e9a : 00000000;
9e9b : 00000000;
9e9c : 00000000;
9e9d : 00000000;
9e9e : 00000000;
9e9f : 00000000;
9ea0 : 00000000;
9ea1 : 00000000;
9ea2 : 00000000;
9ea3 : 00000000;
9ea4 : 00000000;
9ea5 : 00000000;
9ea6 : 00000000;
9ea7 : 00000000;
9ea8 : 00000000;
9ea9 : 00000000;
9eaa : 00000000;
9eab : 00000000;
9eac : 00000000;
9ead : 00000000;
9eae : 00000000;
9eaf : 00000000;
9eb0 : 00000000;
9eb1 : 00000000;
9eb2 : 00000000;
9eb3 : 00000000;
9eb4 : 00000000;
9eb5 : 00000000;
9eb6 : 00000000;
9eb7 : 00000000;
9eb8 : 00000000;
9eb9 : 00000000;
9eba : 00000000;
9ebb : 00000000;
9ebc : 00000000;
9ebd : 00000000;
9ebe : 00000000;
9ebf : 00000000;
9ec0 : 00000000;
9ec1 : 00000000;
9ec2 : 00000000;
9ec3 : 00000000;
9ec4 : 00000000;
9ec5 : 00000000;
9ec6 : 00000000;
9ec7 : 00000000;
9ec8 : 00000000;
9ec9 : 00000000;
9eca : 00000000;
9ecb : 00000000;
9ecc : 00000000;
9ecd : 00000000;
9ece : 00000000;
9ecf : 00000000;
9ed0 : 00000000;
9ed1 : 00000000;
9ed2 : 00000000;
9ed3 : 00000000;
9ed4 : 00000000;
9ed5 : 00000000;
9ed6 : 00000000;
9ed7 : 00000000;
9ed8 : 00000000;
9ed9 : 00000000;
9eda : 00000000;
9edb : 00000000;
9edc : 00000000;
9edd : 00000000;
9ede : 00000000;
9edf : 00000000;
9ee0 : 00000000;
9ee1 : 00000000;
9ee2 : 00000000;
9ee3 : 00000000;
9ee4 : 00000000;
9ee5 : 00000000;
9ee6 : 00000000;
9ee7 : 00000000;
9ee8 : 00000000;
9ee9 : 00000000;
9eea : 00000000;
9eeb : 00000000;
9eec : 00000000;
9eed : 00000000;
9eee : 00000000;
9eef : 00000000;
9ef0 : 00000000;
9ef1 : 00000000;
9ef2 : 00000000;
9ef3 : 00000000;
9ef4 : 00000000;
9ef5 : 00000000;
9ef6 : 00000000;
9ef7 : 00000000;
9ef8 : 00000000;
9ef9 : 00000000;
9efa : 00000000;
9efb : 00000000;
9efc : 00000000;
9efd : 00000000;
9efe : 00000000;
9eff : 00000000;
9f00 : 00000000;
9f01 : 00000000;
9f02 : 00000000;
9f03 : 00000000;
9f04 : 00000000;
9f05 : 00000000;
9f06 : 00000000;
9f07 : 00000000;
9f08 : 00000000;
9f09 : 00000000;
9f0a : 00000000;
9f0b : 00000000;
9f0c : 00000000;
9f0d : 00000000;
9f0e : 00000000;
9f0f : 00000000;
9f10 : 00000000;
9f11 : 00000000;
9f12 : 00000000;
9f13 : 00000000;
9f14 : 00000000;
9f15 : 00000000;
9f16 : 00000000;
9f17 : 00000000;
9f18 : 00000000;
9f19 : 00000000;
9f1a : 00000000;
9f1b : 00000000;
9f1c : 00000000;
9f1d : 00000000;
9f1e : 00000000;
9f1f : 00000000;
9f20 : 00000000;
9f21 : 00000000;
9f22 : 00000000;
9f23 : 00000000;
9f24 : 00000000;
9f25 : 00000000;
9f26 : 00000000;
9f27 : 00000000;
9f28 : 00000000;
9f29 : 00000000;
9f2a : 00000000;
9f2b : 00000000;
9f2c : 00000000;
9f2d : 00000000;
9f2e : 00000000;
9f2f : 00000000;
9f30 : 00000000;
9f31 : 00000000;
9f32 : 00000000;
9f33 : 00000000;
9f34 : 00000000;
9f35 : 00000000;
9f36 : 00000000;
9f37 : 00000000;
9f38 : 00000000;
9f39 : 00000000;
9f3a : 00000000;
9f3b : 00000000;
9f3c : 00000000;
9f3d : 00000000;
9f3e : 00000000;
9f3f : 00000000;
9f40 : 00000000;
9f41 : 00000000;
9f42 : 00000000;
9f43 : 00000000;
9f44 : 00000000;
9f45 : 00000000;
9f46 : 00000000;
9f47 : 00000000;
9f48 : 00000000;
9f49 : 00000000;
9f4a : 00000000;
9f4b : 00000000;
9f4c : 00000000;
9f4d : 00000000;
9f4e : 00000000;
9f4f : 00000000;
9f50 : 00000000;
9f51 : 00000000;
9f52 : 00000000;
9f53 : 00000000;
9f54 : 00000000;
9f55 : 00000000;
9f56 : 00000000;
9f57 : 00000000;
9f58 : 00000000;
9f59 : 00000000;
9f5a : 00000000;
9f5b : 00000000;
9f5c : 00000000;
9f5d : 00000000;
9f5e : 00000000;
9f5f : 00000000;
9f60 : 00000000;
9f61 : 00000000;
9f62 : 00000000;
9f63 : 00000000;
9f64 : 00000000;
9f65 : 00000000;
9f66 : 00000000;
9f67 : 00000000;
9f68 : 00000000;
9f69 : 00000000;
9f6a : 00000000;
9f6b : 00000000;
9f6c : 00000000;
9f6d : 00000000;
9f6e : 00000000;
9f6f : 00000000;
9f70 : 00000000;
9f71 : 00000000;
9f72 : 00000000;
9f73 : 00000000;
9f74 : 00000000;
9f75 : 00000000;
9f76 : 00000000;
9f77 : 00000000;
9f78 : 00000000;
9f79 : 00000000;
9f7a : 00000000;
9f7b : 00000000;
9f7c : 00000000;
9f7d : 00000000;
9f7e : 00000000;
9f7f : 00000000;
9f80 : 00000000;
9f81 : 00000000;
9f82 : 00000000;
9f83 : 00000000;
9f84 : 00000000;
9f85 : 00000000;
9f86 : 00000000;
9f87 : 00000000;
9f88 : 00000000;
9f89 : 00000000;
9f8a : 00000000;
9f8b : 00000000;
9f8c : 00000000;
9f8d : 00000000;
9f8e : 00000000;
9f8f : 00000000;
9f90 : 00000000;
9f91 : 00000000;
9f92 : 00000000;
9f93 : 00000000;
9f94 : 00000000;
9f95 : 00000000;
9f96 : 00000000;
9f97 : 00000000;
9f98 : 00000000;
9f99 : 00000000;
9f9a : 00000000;
9f9b : 00000000;
9f9c : 00000000;
9f9d : 00000000;
9f9e : 00000000;
9f9f : 00000000;
9fa0 : 00000000;
9fa1 : 00000000;
9fa2 : 00000000;
9fa3 : 00000000;
9fa4 : 00000000;
9fa5 : 00000000;
9fa6 : 00000000;
9fa7 : 00000000;
9fa8 : 00000000;
9fa9 : 00000000;
9faa : 00000000;
9fab : 00000000;
9fac : 00000000;
9fad : 00000000;
9fae : 00000000;
9faf : 00000000;
9fb0 : 00000000;
9fb1 : 00000000;
9fb2 : 00000000;
9fb3 : 00000000;
9fb4 : 00000000;
9fb5 : 00000000;
9fb6 : 00000000;
9fb7 : 00000000;
9fb8 : 00000000;
9fb9 : 00000000;
9fba : 00000000;
9fbb : 00000000;
9fbc : 00000000;
9fbd : 00000000;
9fbe : 00000000;
9fbf : 00000000;
9fc0 : 00000000;
9fc1 : 00000000;
9fc2 : 00000000;
9fc3 : 00000000;
9fc4 : 00000000;
9fc5 : 00000000;
9fc6 : 00000000;
9fc7 : 00000000;
9fc8 : 00000000;
9fc9 : 00000000;
9fca : 00000000;
9fcb : 00000000;
9fcc : 00000000;
9fcd : 00000000;
9fce : 00000000;
9fcf : 00000000;
9fd0 : 00000000;
9fd1 : 00000000;
9fd2 : 00000000;
9fd3 : 00000000;
9fd4 : 00000000;
9fd5 : 00000000;
9fd6 : 00000000;
9fd7 : 00000000;
9fd8 : 00000000;
9fd9 : 00000000;
9fda : 00000000;
9fdb : 00000000;
9fdc : 00000000;
9fdd : 00000000;
9fde : 00000000;
9fdf : 00000000;
9fe0 : 00000000;
9fe1 : 00000000;
9fe2 : 00000000;
9fe3 : 00000000;
9fe4 : 00000000;
9fe5 : 00000000;
9fe6 : 00000000;
9fe7 : 00000000;
9fe8 : 00000000;
9fe9 : 00000000;
9fea : 00000000;
9feb : 00000000;
9fec : 00000000;
9fed : 00000000;
9fee : 00000000;
9fef : 00000000;
9ff0 : 00000000;
9ff1 : 00000000;
9ff2 : 00000000;
9ff3 : 00000000;
9ff4 : 00000000;
9ff5 : 00000000;
9ff6 : 00000000;
9ff7 : 00000000;
9ff8 : 00000000;
9ff9 : 00000000;
9ffa : 00000000;
9ffb : 00000000;
9ffc : 00000000;
9ffd : 00000000;
9ffe : 00000000;
9fff : 00000000;
a000 : 00000000;
a001 : 00000000;
a002 : 00000000;
a003 : 00000000;
a004 : 00000000;
a005 : 00000000;
a006 : 00000000;
a007 : 00000000;
a008 : 00000000;
a009 : 00000000;
a00a : 00000000;
a00b : 00000000;
a00c : 00000000;
a00d : 00000000;
a00e : 00000000;
a00f : 00000000;
a010 : 00000000;
a011 : 00000000;
a012 : 00000000;
a013 : 00000000;
a014 : 00000000;
a015 : 00000000;
a016 : 00000000;
a017 : 00000000;
a018 : 00000000;
a019 : 00000000;
a01a : 00000000;
a01b : 00000000;
a01c : 00000000;
a01d : 00000000;
a01e : 00000000;
a01f : 00000000;
a020 : 00000000;
a021 : 00000000;
a022 : 00000000;
a023 : 00000000;
a024 : 00000000;
a025 : 00000000;
a026 : 00000000;
a027 : 00000000;
a028 : 00000000;
a029 : 00000000;
a02a : 00000000;
a02b : 00000000;
a02c : 00000000;
a02d : 00000000;
a02e : 00000000;
a02f : 00000000;
a030 : 00000000;
a031 : 00000000;
a032 : 00000000;
a033 : 00000000;
a034 : 00000000;
a035 : 00000000;
a036 : 00000000;
a037 : 00000000;
a038 : 00000000;
a039 : 00000000;
a03a : 00000000;
a03b : 00000000;
a03c : 00000000;
a03d : 00000000;
a03e : 00000000;
a03f : 00000000;
a040 : 00000000;
a041 : 00000000;
a042 : 00000000;
a043 : 00000000;
a044 : 00000000;
a045 : 00000000;
a046 : 00000000;
a047 : 00000000;
a048 : 00000000;
a049 : 00000000;
a04a : 00000000;
a04b : 00000000;
a04c : 00000000;
a04d : 00000000;
a04e : 00000000;
a04f : 00000000;
a050 : 00000000;
a051 : 00000000;
a052 : 00000000;
a053 : 00000000;
a054 : 00000000;
a055 : 00000000;
a056 : 00000000;
a057 : 00000000;
a058 : 00000000;
a059 : 00000000;
a05a : 00000000;
a05b : 00000000;
a05c : 00000000;
a05d : 00000000;
a05e : 00000000;
a05f : 00000000;
a060 : 00000000;
a061 : 00000000;
a062 : 00000000;
a063 : 00000000;
a064 : 00000000;
a065 : 00000000;
a066 : 00000000;
a067 : 00000000;
a068 : 00000000;
a069 : 00000000;
a06a : 00000000;
a06b : 00000000;
a06c : 00000000;
a06d : 00000000;
a06e : 00000000;
a06f : 00000000;
a070 : 00000000;
a071 : 00000000;
a072 : 00000000;
a073 : 00000000;
a074 : 00000000;
a075 : 00000000;
a076 : 00000000;
a077 : 00000000;
a078 : 00000000;
a079 : 00000000;
a07a : 00000000;
a07b : 00000000;
a07c : 00000000;
a07d : 00000000;
a07e : 00000000;
a07f : 00000000;
a080 : 00000000;
a081 : 00000000;
a082 : 00000000;
a083 : 00000000;
a084 : 00000000;
a085 : 00000000;
a086 : 00000000;
a087 : 00000000;
a088 : 00000000;
a089 : 00000000;
a08a : 00000000;
a08b : 00000000;
a08c : 00000000;
a08d : 00000000;
a08e : 00000000;
a08f : 00000000;
a090 : 00000000;
a091 : 00000000;
a092 : 00000000;
a093 : 00000000;
a094 : 00000000;
a095 : 00000000;
a096 : 00000000;
a097 : 00000000;
a098 : 00000000;
a099 : 00000000;
a09a : 00000000;
a09b : 00000000;
a09c : 00000000;
a09d : 00000000;
a09e : 00000000;
a09f : 00000000;
a0a0 : 00000000;
a0a1 : 00000000;
a0a2 : 00000000;
a0a3 : 00000000;
a0a4 : 00000000;
a0a5 : 00000000;
a0a6 : 00000000;
a0a7 : 00000000;
a0a8 : 00000000;
a0a9 : 00000000;
a0aa : 00000000;
a0ab : 00000000;
a0ac : 00000000;
a0ad : 00000000;
a0ae : 00000000;
a0af : 00000000;
a0b0 : 00000000;
a0b1 : 00000000;
a0b2 : 00000000;
a0b3 : 00000000;
a0b4 : 00000000;
a0b5 : 00000000;
a0b6 : 00000000;
a0b7 : 00000000;
a0b8 : 00000000;
a0b9 : 00000000;
a0ba : 00000000;
a0bb : 00000000;
a0bc : 00000000;
a0bd : 00000000;
a0be : 00000000;
a0bf : 00000000;
a0c0 : 00000000;
a0c1 : 00000000;
a0c2 : 00000000;
a0c3 : 00000000;
a0c4 : 00000000;
a0c5 : 00000000;
a0c6 : 00000000;
a0c7 : 00000000;
a0c8 : 00000000;
a0c9 : 00000000;
a0ca : 00000000;
a0cb : 00000000;
a0cc : 00000000;
a0cd : 00000000;
a0ce : 00000000;
a0cf : 00000000;
a0d0 : 00000000;
a0d1 : 00000000;
a0d2 : 00000000;
a0d3 : 00000000;
a0d4 : 00000000;
a0d5 : 00000000;
a0d6 : 00000000;
a0d7 : 00000000;
a0d8 : 00000000;
a0d9 : 00000000;
a0da : 00000000;
a0db : 00000000;
a0dc : 00000000;
a0dd : 00000000;
a0de : 00000000;
a0df : 00000000;
a0e0 : 00000000;
a0e1 : 00000000;
a0e2 : 00000000;
a0e3 : 00000000;
a0e4 : 00000000;
a0e5 : 00000000;
a0e6 : 00000000;
a0e7 : 00000000;
a0e8 : 00000000;
a0e9 : 00000000;
a0ea : 00000000;
a0eb : 00000000;
a0ec : 00000000;
a0ed : 00000000;
a0ee : 00000000;
a0ef : 00000000;
a0f0 : 00000000;
a0f1 : 00000000;
a0f2 : 00000000;
a0f3 : 00000000;
a0f4 : 00000000;
a0f5 : 00000000;
a0f6 : 00000000;
a0f7 : 00000000;
a0f8 : 00000000;
a0f9 : 00000000;
a0fa : 00000000;
a0fb : 00000000;
a0fc : 00000000;
a0fd : 00000000;
a0fe : 00000000;
a0ff : 00000000;
a100 : 00000000;
a101 : 00000000;
a102 : 00000000;
a103 : 00000000;
a104 : 00000000;
a105 : 00000000;
a106 : 00000000;
a107 : 00000000;
a108 : 00000000;
a109 : 00000000;
a10a : 00000000;
a10b : 00000000;
a10c : 00000000;
a10d : 00000000;
a10e : 00000000;
a10f : 00000000;
a110 : 00000000;
a111 : 00000000;
a112 : 00000000;
a113 : 00000000;
a114 : 00000000;
a115 : 00000000;
a116 : 00000000;
a117 : 00000000;
a118 : 00000000;
a119 : 00000000;
a11a : 00000000;
a11b : 00000000;
a11c : 00000000;
a11d : 00000000;
a11e : 00000000;
a11f : 00000000;
a120 : 00000000;
a121 : 00000000;
a122 : 00000000;
a123 : 00000000;
a124 : 00000000;
a125 : 00000000;
a126 : 00000000;
a127 : 00000000;
a128 : 00000000;
a129 : 00000000;
a12a : 00000000;
a12b : 00000000;
a12c : 00000000;
a12d : 00000000;
a12e : 00000000;
a12f : 00000000;
a130 : 00000000;
a131 : 00000000;
a132 : 00000000;
a133 : 00000000;
a134 : 00000000;
a135 : 00000000;
a136 : 00000000;
a137 : 00000000;
a138 : 00000000;
a139 : 00000000;
a13a : 00000000;
a13b : 00000000;
a13c : 00000000;
a13d : 00000000;
a13e : 00000000;
a13f : 00000000;
a140 : 00000000;
a141 : 00000000;
a142 : 00000000;
a143 : 00000000;
a144 : 00000000;
a145 : 00000000;
a146 : 00000000;
a147 : 00000000;
a148 : 00000000;
a149 : 00000000;
a14a : 00000000;
a14b : 00000000;
a14c : 00000000;
a14d : 00000000;
a14e : 00000000;
a14f : 00000000;
a150 : 00000000;
a151 : 00000000;
a152 : 00000000;
a153 : 00000000;
a154 : 00000000;
a155 : 00000000;
a156 : 00000000;
a157 : 00000000;
a158 : 00000000;
a159 : 00000000;
a15a : 00000000;
a15b : 00000000;
a15c : 00000000;
a15d : 00000000;
a15e : 00000000;
a15f : 00000000;
a160 : 00000000;
a161 : 00000000;
a162 : 00000000;
a163 : 00000000;
a164 : 00000000;
a165 : 00000000;
a166 : 00000000;
a167 : 00000000;
a168 : 00000000;
a169 : 00000000;
a16a : 00000000;
a16b : 00000000;
a16c : 00000000;
a16d : 00000000;
a16e : 00000000;
a16f : 00000000;
a170 : 00000000;
a171 : 00000000;
a172 : 00000000;
a173 : 00000000;
a174 : 00000000;
a175 : 00000000;
a176 : 00000000;
a177 : 00000000;
a178 : 00000000;
a179 : 00000000;
a17a : 00000000;
a17b : 00000000;
a17c : 00000000;
a17d : 00000000;
a17e : 00000000;
a17f : 00000000;
a180 : 00000000;
a181 : 00000000;
a182 : 00000000;
a183 : 00000000;
a184 : 00000000;
a185 : 00000000;
a186 : 00000000;
a187 : 00000000;
a188 : 00000000;
a189 : 00000000;
a18a : 00000000;
a18b : 00000000;
a18c : 00000000;
a18d : 00000000;
a18e : 00000000;
a18f : 00000000;
a190 : 00000000;
a191 : 00000000;
a192 : 00000000;
a193 : 00000000;
a194 : 00000000;
a195 : 00000000;
a196 : 00000000;
a197 : 00000000;
a198 : 00000000;
a199 : 00000000;
a19a : 00000000;
a19b : 00000000;
a19c : 00000000;
a19d : 00000000;
a19e : 00000000;
a19f : 00000000;
a1a0 : 00000000;
a1a1 : 00000000;
a1a2 : 00000000;
a1a3 : 00000000;
a1a4 : 00000000;
a1a5 : 00000000;
a1a6 : 00000000;
a1a7 : 00000000;
a1a8 : 00000000;
a1a9 : 00000000;
a1aa : 00000000;
a1ab : 00000000;
a1ac : 00000000;
a1ad : 00000000;
a1ae : 00000000;
a1af : 00000000;
a1b0 : 00000000;
a1b1 : 00000000;
a1b2 : 00000000;
a1b3 : 00000000;
a1b4 : 00000000;
a1b5 : 00000000;
a1b6 : 00000000;
a1b7 : 00000000;
a1b8 : 00000000;
a1b9 : 00000000;
a1ba : 00000000;
a1bb : 00000000;
a1bc : 00000000;
a1bd : 00000000;
a1be : 00000000;
a1bf : 00000000;
a1c0 : 00000000;
a1c1 : 00000000;
a1c2 : 00000000;
a1c3 : 00000000;
a1c4 : 00000000;
a1c5 : 00000000;
a1c6 : 00000000;
a1c7 : 00000000;
a1c8 : 00000000;
a1c9 : 00000000;
a1ca : 00000000;
a1cb : 00000000;
a1cc : 00000000;
a1cd : 00000000;
a1ce : 00000000;
a1cf : 00000000;
a1d0 : 00000000;
a1d1 : 00000000;
a1d2 : 00000000;
a1d3 : 00000000;
a1d4 : 00000000;
a1d5 : 00000000;
a1d6 : 00000000;
a1d7 : 00000000;
a1d8 : 00000000;
a1d9 : 00000000;
a1da : 00000000;
a1db : 00000000;
a1dc : 00000000;
a1dd : 00000000;
a1de : 00000000;
a1df : 00000000;
a1e0 : 00000000;
a1e1 : 00000000;
a1e2 : 00000000;
a1e3 : 00000000;
a1e4 : 00000000;
a1e5 : 00000000;
a1e6 : 00000000;
a1e7 : 00000000;
a1e8 : 00000000;
a1e9 : 00000000;
a1ea : 00000000;
a1eb : 00000000;
a1ec : 00000000;
a1ed : 00000000;
a1ee : 00000000;
a1ef : 00000000;
a1f0 : 00000000;
a1f1 : 00000000;
a1f2 : 00000000;
a1f3 : 00000000;
a1f4 : 00000000;
a1f5 : 00000000;
a1f6 : 00000000;
a1f7 : 00000000;
a1f8 : 00000000;
a1f9 : 00000000;
a1fa : 00000000;
a1fb : 00000000;
a1fc : 00000000;
a1fd : 00000000;
a1fe : 00000000;
a1ff : 00000000;
a200 : 00000000;
a201 : 00000000;
a202 : 00000000;
a203 : 00000000;
a204 : 00000000;
a205 : 00000000;
a206 : 00000000;
a207 : 00000000;
a208 : 00000000;
a209 : 00000000;
a20a : 00000000;
a20b : 00000000;
a20c : 00000000;
a20d : 00000000;
a20e : 00000000;
a20f : 00000000;
a210 : 00000000;
a211 : 00000000;
a212 : 00000000;
a213 : 00000000;
a214 : 00000000;
a215 : 00000000;
a216 : 00000000;
a217 : 00000000;
a218 : 00000000;
a219 : 00000000;
a21a : 00000000;
a21b : 00000000;
a21c : 00000000;
a21d : 00000000;
a21e : 00000000;
a21f : 00000000;
a220 : 00000000;
a221 : 00000000;
a222 : 00000000;
a223 : 00000000;
a224 : 00000000;
a225 : 00000000;
a226 : 00000000;
a227 : 00000000;
a228 : 00000000;
a229 : 00000000;
a22a : 00000000;
a22b : 00000000;
a22c : 00000000;
a22d : 00000000;
a22e : 00000000;
a22f : 00000000;
a230 : 00000000;
a231 : 00000000;
a232 : 00000000;
a233 : 00000000;
a234 : 00000000;
a235 : 00000000;
a236 : 00000000;
a237 : 00000000;
a238 : 00000000;
a239 : 00000000;
a23a : 00000000;
a23b : 00000000;
a23c : 00000000;
a23d : 00000000;
a23e : 00000000;
a23f : 00000000;
a240 : 00000000;
a241 : 00000000;
a242 : 00000000;
a243 : 00000000;
a244 : 00000000;
a245 : 00000000;
a246 : 00000000;
a247 : 00000000;
a248 : 00000000;
a249 : 00000000;
a24a : 00000000;
a24b : 00000000;
a24c : 00000000;
a24d : 00000000;
a24e : 00000000;
a24f : 00000000;
a250 : 00000000;
a251 : 00000000;
a252 : 00000000;
a253 : 00000000;
a254 : 00000000;
a255 : 00000000;
a256 : 00000000;
a257 : 00000000;
a258 : 00000000;
a259 : 00000000;
a25a : 00000000;
a25b : 00000000;
a25c : 00000000;
a25d : 00000000;
a25e : 00000000;
a25f : 00000000;
a260 : 00000000;
a261 : 00000000;
a262 : 00000000;
a263 : 00000000;
a264 : 00000000;
a265 : 00000000;
a266 : 00000000;
a267 : 00000000;
a268 : 00000000;
a269 : 00000000;
a26a : 00000000;
a26b : 00000000;
a26c : 00000000;
a26d : 00000000;
a26e : 00000000;
a26f : 00000000;
a270 : 00000000;
a271 : 00000000;
a272 : 00000000;
a273 : 00000000;
a274 : 00000000;
a275 : 00000000;
a276 : 00000000;
a277 : 00000000;
a278 : 00000000;
a279 : 00000000;
a27a : 00000000;
a27b : 00000000;
a27c : 00000000;
a27d : 00000000;
a27e : 00000000;
a27f : 00000000;
a280 : 00000000;
a281 : 00000000;
a282 : 00000000;
a283 : 00000000;
a284 : 00000000;
a285 : 00000000;
a286 : 00000000;
a287 : 00000000;
a288 : 00000000;
a289 : 00000000;
a28a : 00000000;
a28b : 00000000;
a28c : 00000000;
a28d : 00000000;
a28e : 00000000;
a28f : 00000000;
a290 : 00000000;
a291 : 00000000;
a292 : 00000000;
a293 : 00000000;
a294 : 00000000;
a295 : 00000000;
a296 : 00000000;
a297 : 00000000;
a298 : 00000000;
a299 : 00000000;
a29a : 00000000;
a29b : 00000000;
a29c : 00000000;
a29d : 00000000;
a29e : 00000000;
a29f : 00000000;
a2a0 : 00000000;
a2a1 : 00000000;
a2a2 : 00000000;
a2a3 : 00000000;
a2a4 : 00000000;
a2a5 : 00000000;
a2a6 : 00000000;
a2a7 : 00000000;
a2a8 : 00000000;
a2a9 : 00000000;
a2aa : 00000000;
a2ab : 00000000;
a2ac : 00000000;
a2ad : 00000000;
a2ae : 00000000;
a2af : 00000000;
a2b0 : 00000000;
a2b1 : 00000000;
a2b2 : 00000000;
a2b3 : 00000000;
a2b4 : 00000000;
a2b5 : 00000000;
a2b6 : 00000000;
a2b7 : 00000000;
a2b8 : 00000000;
a2b9 : 00000000;
a2ba : 00000000;
a2bb : 00000000;
a2bc : 00000000;
a2bd : 00000000;
a2be : 00000000;
a2bf : 00000000;
a2c0 : 00000000;
a2c1 : 00000000;
a2c2 : 00000000;
a2c3 : 00000000;
a2c4 : 00000000;
a2c5 : 00000000;
a2c6 : 00000000;
a2c7 : 00000000;
a2c8 : 00000000;
a2c9 : 00000000;
a2ca : 00000000;
a2cb : 00000000;
a2cc : 00000000;
a2cd : 00000000;
a2ce : 00000000;
a2cf : 00000000;
a2d0 : 00000000;
a2d1 : 00000000;
a2d2 : 00000000;
a2d3 : 00000000;
a2d4 : 00000000;
a2d5 : 00000000;
a2d6 : 00000000;
a2d7 : 00000000;
a2d8 : 00000000;
a2d9 : 00000000;
a2da : 00000000;
a2db : 00000000;
a2dc : 00000000;
a2dd : 00000000;
a2de : 00000000;
a2df : 00000000;
a2e0 : 00000000;
a2e1 : 00000000;
a2e2 : 00000000;
a2e3 : 00000000;
a2e4 : 00000000;
a2e5 : 00000000;
a2e6 : 00000000;
a2e7 : 00000000;
a2e8 : 00000000;
a2e9 : 00000000;
a2ea : 00000000;
a2eb : 00000000;
a2ec : 00000000;
a2ed : 00000000;
a2ee : 00000000;
a2ef : 00000000;
a2f0 : 00000000;
a2f1 : 00000000;
a2f2 : 00000000;
a2f3 : 00000000;
a2f4 : 00000000;
a2f5 : 00000000;
a2f6 : 00000000;
a2f7 : 00000000;
a2f8 : 00000000;
a2f9 : 00000000;
a2fa : 00000000;
a2fb : 00000000;
a2fc : 00000000;
a2fd : 00000000;
a2fe : 00000000;
a2ff : 00000000;
a300 : 00000000;
a301 : 00000000;
a302 : 00000000;
a303 : 00000000;
a304 : 00000000;
a305 : 00000000;
a306 : 00000000;
a307 : 00000000;
a308 : 00000000;
a309 : 00000000;
a30a : 00000000;
a30b : 00000000;
a30c : 00000000;
a30d : 00000000;
a30e : 00000000;
a30f : 00000000;
a310 : 00000000;
a311 : 00000000;
a312 : 00000000;
a313 : 00000000;
a314 : 00000000;
a315 : 00000000;
a316 : 00000000;
a317 : 00000000;
a318 : 00000000;
a319 : 00000000;
a31a : 00000000;
a31b : 00000000;
a31c : 00000000;
a31d : 00000000;
a31e : 00000000;
a31f : 00000000;
a320 : 00000000;
a321 : 00000000;
a322 : 00000000;
a323 : 00000000;
a324 : 00000000;
a325 : 00000000;
a326 : 00000000;
a327 : 00000000;
a328 : 00000000;
a329 : 00000000;
a32a : 00000000;
a32b : 00000000;
a32c : 00000000;
a32d : 00000000;
a32e : 00000000;
a32f : 00000000;
a330 : 00000000;
a331 : 00000000;
a332 : 00000000;
a333 : 00000000;
a334 : 00000000;
a335 : 00000000;
a336 : 00000000;
a337 : 00000000;
a338 : 00000000;
a339 : 00000000;
a33a : 00000000;
a33b : 00000000;
a33c : 00000000;
a33d : 00000000;
a33e : 00000000;
a33f : 00000000;
a340 : 00000000;
a341 : 00000000;
a342 : 00000000;
a343 : 00000000;
a344 : 00000000;
a345 : 00000000;
a346 : 00000000;
a347 : 00000000;
a348 : 00000000;
a349 : 00000000;
a34a : 00000000;
a34b : 00000000;
a34c : 00000000;
a34d : 00000000;
a34e : 00000000;
a34f : 00000000;
a350 : 00000000;
a351 : 00000000;
a352 : 00000000;
a353 : 00000000;
a354 : 00000000;
a355 : 00000000;
a356 : 00000000;
a357 : 00000000;
a358 : 00000000;
a359 : 00000000;
a35a : 00000000;
a35b : 00000000;
a35c : 00000000;
a35d : 00000000;
a35e : 00000000;
a35f : 00000000;
a360 : 00000000;
a361 : 00000000;
a362 : 00000000;
a363 : 00000000;
a364 : 00000000;
a365 : 00000000;
a366 : 00000000;
a367 : 00000000;
a368 : 00000000;
a369 : 00000000;
a36a : 00000000;
a36b : 00000000;
a36c : 00000000;
a36d : 00000000;
a36e : 00000000;
a36f : 00000000;
a370 : 00000000;
a371 : 00000000;
a372 : 00000000;
a373 : 00000000;
a374 : 00000000;
a375 : 00000000;
a376 : 00000000;
a377 : 00000000;
a378 : 00000000;
a379 : 00000000;
a37a : 00000000;
a37b : 00000000;
a37c : 00000000;
a37d : 00000000;
a37e : 00000000;
a37f : 00000000;
a380 : 00000000;
a381 : 00000000;
a382 : 00000000;
a383 : 00000000;
a384 : 00000000;
a385 : 00000000;
a386 : 00000000;
a387 : 00000000;
a388 : 00000000;
a389 : 00000000;
a38a : 00000000;
a38b : 00000000;
a38c : 00000000;
a38d : 00000000;
a38e : 00000000;
a38f : 00000000;
a390 : 00000000;
a391 : 00000000;
a392 : 00000000;
a393 : 00000000;
a394 : 00000000;
a395 : 00000000;
a396 : 00000000;
a397 : 00000000;
a398 : 00000000;
a399 : 00000000;
a39a : 00000000;
a39b : 00000000;
a39c : 00000000;
a39d : 00000000;
a39e : 00000000;
a39f : 00000000;
a3a0 : 00000000;
a3a1 : 00000000;
a3a2 : 00000000;
a3a3 : 00000000;
a3a4 : 00000000;
a3a5 : 00000000;
a3a6 : 00000000;
a3a7 : 00000000;
a3a8 : 00000000;
a3a9 : 00000000;
a3aa : 00000000;
a3ab : 00000000;
a3ac : 00000000;
a3ad : 00000000;
a3ae : 00000000;
a3af : 00000000;
a3b0 : 00000000;
a3b1 : 00000000;
a3b2 : 00000000;
a3b3 : 00000000;
a3b4 : 00000000;
a3b5 : 00000000;
a3b6 : 00000000;
a3b7 : 00000000;
a3b8 : 00000000;
a3b9 : 00000000;
a3ba : 00000000;
a3bb : 00000000;
a3bc : 00000000;
a3bd : 00000000;
a3be : 00000000;
a3bf : 00000000;
a3c0 : 00000000;
a3c1 : 00000000;
a3c2 : 00000000;
a3c3 : 00000000;
a3c4 : 00000000;
a3c5 : 00000000;
a3c6 : 00000000;
a3c7 : 00000000;
a3c8 : 00000000;
a3c9 : 00000000;
a3ca : 00000000;
a3cb : 00000000;
a3cc : 00000000;
a3cd : 00000000;
a3ce : 00000000;
a3cf : 00000000;
a3d0 : 00000000;
a3d1 : 00000000;
a3d2 : 00000000;
a3d3 : 00000000;
a3d4 : 00000000;
a3d5 : 00000000;
a3d6 : 00000000;
a3d7 : 00000000;
a3d8 : 00000000;
a3d9 : 00000000;
a3da : 00000000;
a3db : 00000000;
a3dc : 00000000;
a3dd : 00000000;
a3de : 00000000;
a3df : 00000000;
a3e0 : 00000000;
a3e1 : 00000000;
a3e2 : 00000000;
a3e3 : 00000000;
a3e4 : 00000000;
a3e5 : 00000000;
a3e6 : 00000000;
a3e7 : 00000000;
a3e8 : 00000000;
a3e9 : 00000000;
a3ea : 00000000;
a3eb : 00000000;
a3ec : 00000000;
a3ed : 00000000;
a3ee : 00000000;
a3ef : 00000000;
a3f0 : 00000000;
a3f1 : 00000000;
a3f2 : 00000000;
a3f3 : 00000000;
a3f4 : 00000000;
a3f5 : 00000000;
a3f6 : 00000000;
a3f7 : 00000000;
a3f8 : 00000000;
a3f9 : 00000000;
a3fa : 00000000;
a3fb : 00000000;
a3fc : 00000000;
a3fd : 00000000;
a3fe : 00000000;
a3ff : 00000000;
a400 : 00000000;
a401 : 00000000;
a402 : 00000000;
a403 : 00000000;
a404 : 00000000;
a405 : 00000000;
a406 : 00000000;
a407 : 00000000;
a408 : 00000000;
a409 : 00000000;
a40a : 00000000;
a40b : 00000000;
a40c : 00000000;
a40d : 00000000;
a40e : 00000000;
a40f : 00000000;
a410 : 00000000;
a411 : 00000000;
a412 : 00000000;
a413 : 00000000;
a414 : 00000000;
a415 : 00000000;
a416 : 00000000;
a417 : 00000000;
a418 : 00000000;
a419 : 00000000;
a41a : 00000000;
a41b : 00000000;
a41c : 00000000;
a41d : 00000000;
a41e : 00000000;
a41f : 00000000;
a420 : 00000000;
a421 : 00000000;
a422 : 00000000;
a423 : 00000000;
a424 : 00000000;
a425 : 00000000;
a426 : 00000000;
a427 : 00000000;
a428 : 00000000;
a429 : 00000000;
a42a : 00000000;
a42b : 00000000;
a42c : 00000000;
a42d : 00000000;
a42e : 00000000;
a42f : 00000000;
a430 : 00000000;
a431 : 00000000;
a432 : 00000000;
a433 : 00000000;
a434 : 00000000;
a435 : 00000000;
a436 : 00000000;
a437 : 00000000;
a438 : 00000000;
a439 : 00000000;
a43a : 00000000;
a43b : 00000000;
a43c : 00000000;
a43d : 00000000;
a43e : 00000000;
a43f : 00000000;
a440 : 00000000;
a441 : 00000000;
a442 : 00000000;
a443 : 00000000;
a444 : 00000000;
a445 : 00000000;
a446 : 00000000;
a447 : 00000000;
a448 : 00000000;
a449 : 00000000;
a44a : 00000000;
a44b : 00000000;
a44c : 00000000;
a44d : 00000000;
a44e : 00000000;
a44f : 00000000;
a450 : 00000000;
a451 : 00000000;
a452 : 00000000;
a453 : 00000000;
a454 : 00000000;
a455 : 00000000;
a456 : 00000000;
a457 : 00000000;
a458 : 00000000;
a459 : 00000000;
a45a : 00000000;
a45b : 00000000;
a45c : 00000000;
a45d : 00000000;
a45e : 00000000;
a45f : 00000000;
a460 : 00000000;
a461 : 00000000;
a462 : 00000000;
a463 : 00000000;
a464 : 00000000;
a465 : 00000000;
a466 : 00000000;
a467 : 00000000;
a468 : 00000000;
a469 : 00000000;
a46a : 00000000;
a46b : 00000000;
a46c : 00000000;
a46d : 00000000;
a46e : 00000000;
a46f : 00000000;
a470 : 00000000;
a471 : 00000000;
a472 : 00000000;
a473 : 00000000;
a474 : 00000000;
a475 : 00000000;
a476 : 00000000;
a477 : 00000000;
a478 : 00000000;
a479 : 00000000;
a47a : 00000000;
a47b : 00000000;
a47c : 00000000;
a47d : 00000000;
a47e : 00000000;
a47f : 00000000;
a480 : 00000000;
a481 : 00000000;
a482 : 00000000;
a483 : 00000000;
a484 : 00000000;
a485 : 00000000;
a486 : 00000000;
a487 : 00000000;
a488 : 00000000;
a489 : 00000000;
a48a : 00000000;
a48b : 00000000;
a48c : 00000000;
a48d : 00000000;
a48e : 00000000;
a48f : 00000000;
a490 : 00000000;
a491 : 00000000;
a492 : 00000000;
a493 : 00000000;
a494 : 00000000;
a495 : 00000000;
a496 : 00000000;
a497 : 00000000;
a498 : 00000000;
a499 : 00000000;
a49a : 00000000;
a49b : 00000000;
a49c : 00000000;
a49d : 00000000;
a49e : 00000000;
a49f : 00000000;
a4a0 : 00000000;
a4a1 : 00000000;
a4a2 : 00000000;
a4a3 : 00000000;
a4a4 : 00000000;
a4a5 : 00000000;
a4a6 : 00000000;
a4a7 : 00000000;
a4a8 : 00000000;
a4a9 : 00000000;
a4aa : 00000000;
a4ab : 00000000;
a4ac : 00000000;
a4ad : 00000000;
a4ae : 00000000;
a4af : 00000000;
a4b0 : 00000000;
a4b1 : 00000000;
a4b2 : 00000000;
a4b3 : 00000000;
a4b4 : 00000000;
a4b5 : 00000000;
a4b6 : 00000000;
a4b7 : 00000000;
a4b8 : 00000000;
a4b9 : 00000000;
a4ba : 00000000;
a4bb : 00000000;
a4bc : 00000000;
a4bd : 00000000;
a4be : 00000000;
a4bf : 00000000;
a4c0 : 00000000;
a4c1 : 00000000;
a4c2 : 00000000;
a4c3 : 00000000;
a4c4 : 00000000;
a4c5 : 00000000;
a4c6 : 00000000;
a4c7 : 00000000;
a4c8 : 00000000;
a4c9 : 00000000;
a4ca : 00000000;
a4cb : 00000000;
a4cc : 00000000;
a4cd : 00000000;
a4ce : 00000000;
a4cf : 00000000;
a4d0 : 00000000;
a4d1 : 00000000;
a4d2 : 00000000;
a4d3 : 00000000;
a4d4 : 00000000;
a4d5 : 00000000;
a4d6 : 00000000;
a4d7 : 00000000;
a4d8 : 00000000;
a4d9 : 00000000;
a4da : 00000000;
a4db : 00000000;
a4dc : 00000000;
a4dd : 00000000;
a4de : 00000000;
a4df : 00000000;
a4e0 : 00000000;
a4e1 : 00000000;
a4e2 : 00000000;
a4e3 : 00000000;
a4e4 : 00000000;
a4e5 : 00000000;
a4e6 : 00000000;
a4e7 : 00000000;
a4e8 : 00000000;
a4e9 : 00000000;
a4ea : 00000000;
a4eb : 00000000;
a4ec : 00000000;
a4ed : 00000000;
a4ee : 00000000;
a4ef : 00000000;
a4f0 : 00000000;
a4f1 : 00000000;
a4f2 : 00000000;
a4f3 : 00000000;
a4f4 : 00000000;
a4f5 : 00000000;
a4f6 : 00000000;
a4f7 : 00000000;
a4f8 : 00000000;
a4f9 : 00000000;
a4fa : 00000000;
a4fb : 00000000;
a4fc : 00000000;
a4fd : 00000000;
a4fe : 00000000;
a4ff : 00000000;
a500 : 00000000;
a501 : 00000000;
a502 : 00000000;
a503 : 00000000;
a504 : 00000000;
a505 : 00000000;
a506 : 00000000;
a507 : 00000000;
a508 : 00000000;
a509 : 00000000;
a50a : 00000000;
a50b : 00000000;
a50c : 00000000;
a50d : 00000000;
a50e : 00000000;
a50f : 00000000;
a510 : 00000000;
a511 : 00000000;
a512 : 00000000;
a513 : 00000000;
a514 : 00000000;
a515 : 00000000;
a516 : 00000000;
a517 : 00000000;
a518 : 00000000;
a519 : 00000000;
a51a : 00000000;
a51b : 00000000;
a51c : 00000000;
a51d : 00000000;
a51e : 00000000;
a51f : 00000000;
a520 : 00000000;
a521 : 00000000;
a522 : 00000000;
a523 : 00000000;
a524 : 00000000;
a525 : 00000000;
a526 : 00000000;
a527 : 00000000;
a528 : 00000000;
a529 : 00000000;
a52a : 00000000;
a52b : 00000000;
a52c : 00000000;
a52d : 00000000;
a52e : 00000000;
a52f : 00000000;
a530 : 00000000;
a531 : 00000000;
a532 : 00000000;
a533 : 00000000;
a534 : 00000000;
a535 : 00000000;
a536 : 00000000;
a537 : 00000000;
a538 : 00000000;
a539 : 00000000;
a53a : 00000000;
a53b : 00000000;
a53c : 00000000;
a53d : 00000000;
a53e : 00000000;
a53f : 00000000;
a540 : 00000000;
a541 : 00000000;
a542 : 00000000;
a543 : 00000000;
a544 : 00000000;
a545 : 00000000;
a546 : 00000000;
a547 : 00000000;
a548 : 00000000;
a549 : 00000000;
a54a : 00000000;
a54b : 00000000;
a54c : 00000000;
a54d : 00000000;
a54e : 00000000;
a54f : 00000000;
a550 : 00000000;
a551 : 00000000;
a552 : 00000000;
a553 : 00000000;
a554 : 00000000;
a555 : 00000000;
a556 : 00000000;
a557 : 00000000;
a558 : 00000000;
a559 : 00000000;
a55a : 00000000;
a55b : 00000000;
a55c : 00000000;
a55d : 00000000;
a55e : 00000000;
a55f : 00000000;
a560 : 00000000;
a561 : 00000000;
a562 : 00000000;
a563 : 00000000;
a564 : 00000000;
a565 : 00000000;
a566 : 00000000;
a567 : 00000000;
a568 : 00000000;
a569 : 00000000;
a56a : 00000000;
a56b : 00000000;
a56c : 00000000;
a56d : 00000000;
a56e : 00000000;
a56f : 00000000;
a570 : 00000000;
a571 : 00000000;
a572 : 00000000;
a573 : 00000000;
a574 : 00000000;
a575 : 00000000;
a576 : 00000000;
a577 : 00000000;
a578 : 00000000;
a579 : 00000000;
a57a : 00000000;
a57b : 00000000;
a57c : 00000000;
a57d : 00000000;
a57e : 00000000;
a57f : 00000000;
a580 : 00000000;
a581 : 00000000;
a582 : 00000000;
a583 : 00000000;
a584 : 00000000;
a585 : 00000000;
a586 : 00000000;
a587 : 00000000;
a588 : 00000000;
a589 : 00000000;
a58a : 00000000;
a58b : 00000000;
a58c : 00000000;
a58d : 00000000;
a58e : 00000000;
a58f : 00000000;
a590 : 00000000;
a591 : 00000000;
a592 : 00000000;
a593 : 00000000;
a594 : 00000000;
a595 : 00000000;
a596 : 00000000;
a597 : 00000000;
a598 : 00000000;
a599 : 00000000;
a59a : 00000000;
a59b : 00000000;
a59c : 00000000;
a59d : 00000000;
a59e : 00000000;
a59f : 00000000;
a5a0 : 00000000;
a5a1 : 00000000;
a5a2 : 00000000;
a5a3 : 00000000;
a5a4 : 00000000;
a5a5 : 00000000;
a5a6 : 00000000;
a5a7 : 00000000;
a5a8 : 00000000;
a5a9 : 00000000;
a5aa : 00000000;
a5ab : 00000000;
a5ac : 00000000;
a5ad : 00000000;
a5ae : 00000000;
a5af : 00000000;
a5b0 : 00000000;
a5b1 : 00000000;
a5b2 : 00000000;
a5b3 : 00000000;
a5b4 : 00000000;
a5b5 : 00000000;
a5b6 : 00000000;
a5b7 : 00000000;
a5b8 : 00000000;
a5b9 : 00000000;
a5ba : 00000000;
a5bb : 00000000;
a5bc : 00000000;
a5bd : 00000000;
a5be : 00000000;
a5bf : 00000000;
a5c0 : 00000000;
a5c1 : 00000000;
a5c2 : 00000000;
a5c3 : 00000000;
a5c4 : 00000000;
a5c5 : 00000000;
a5c6 : 00000000;
a5c7 : 00000000;
a5c8 : 00000000;
a5c9 : 00000000;
a5ca : 00000000;
a5cb : 00000000;
a5cc : 00000000;
a5cd : 00000000;
a5ce : 00000000;
a5cf : 00000000;
a5d0 : 00000000;
a5d1 : 00000000;
a5d2 : 00000000;
a5d3 : 00000000;
a5d4 : 00000000;
a5d5 : 00000000;
a5d6 : 00000000;
a5d7 : 00000000;
a5d8 : 00000000;
a5d9 : 00000000;
a5da : 00000000;
a5db : 00000000;
a5dc : 00000000;
a5dd : 00000000;
a5de : 00000000;
a5df : 00000000;
a5e0 : 00000000;
a5e1 : 00000000;
a5e2 : 00000000;
a5e3 : 00000000;
a5e4 : 00000000;
a5e5 : 00000000;
a5e6 : 00000000;
a5e7 : 00000000;
a5e8 : 00000000;
a5e9 : 00000000;
a5ea : 00000000;
a5eb : 00000000;
a5ec : 00000000;
a5ed : 00000000;
a5ee : 00000000;
a5ef : 00000000;
a5f0 : 00000000;
a5f1 : 00000000;
a5f2 : 00000000;
a5f3 : 00000000;
a5f4 : 00000000;
a5f5 : 00000000;
a5f6 : 00000000;
a5f7 : 00000000;
a5f8 : 00000000;
a5f9 : 00000000;
a5fa : 00000000;
a5fb : 00000000;
a5fc : 00000000;
a5fd : 00000000;
a5fe : 00000000;
a5ff : 00000000;
a600 : 00000000;
a601 : 00000000;
a602 : 00000000;
a603 : 00000000;
a604 : 00000000;
a605 : 00000000;
a606 : 00000000;
a607 : 00000000;
a608 : 00000000;
a609 : 00000000;
a60a : 00000000;
a60b : 00000000;
a60c : 00000000;
a60d : 00000000;
a60e : 00000000;
a60f : 00000000;
a610 : 00000000;
a611 : 00000000;
a612 : 00000000;
a613 : 00000000;
a614 : 00000000;
a615 : 00000000;
a616 : 00000000;
a617 : 00000000;
a618 : 00000000;
a619 : 00000000;
a61a : 00000000;
a61b : 00000000;
a61c : 00000000;
a61d : 00000000;
a61e : 00000000;
a61f : 00000000;
a620 : 00000000;
a621 : 00000000;
a622 : 00000000;
a623 : 00000000;
a624 : 00000000;
a625 : 00000000;
a626 : 00000000;
a627 : 00000000;
a628 : 00000000;
a629 : 00000000;
a62a : 00000000;
a62b : 00000000;
a62c : 00000000;
a62d : 00000000;
a62e : 00000000;
a62f : 00000000;
a630 : 00000000;
a631 : 00000000;
a632 : 00000000;
a633 : 00000000;
a634 : 00000000;
a635 : 00000000;
a636 : 00000000;
a637 : 00000000;
a638 : 00000000;
a639 : 00000000;
a63a : 00000000;
a63b : 00000000;
a63c : 00000000;
a63d : 00000000;
a63e : 00000000;
a63f : 00000000;
a640 : 00000000;
a641 : 00000000;
a642 : 00000000;
a643 : 00000000;
a644 : 00000000;
a645 : 00000000;
a646 : 00000000;
a647 : 00000000;
a648 : 00000000;
a649 : 00000000;
a64a : 00000000;
a64b : 00000000;
a64c : 00000000;
a64d : 00000000;
a64e : 00000000;
a64f : 00000000;
a650 : 00000000;
a651 : 00000000;
a652 : 00000000;
a653 : 00000000;
a654 : 00000000;
a655 : 00000000;
a656 : 00000000;
a657 : 00000000;
a658 : 00000000;
a659 : 00000000;
a65a : 00000000;
a65b : 00000000;
a65c : 00000000;
a65d : 00000000;
a65e : 00000000;
a65f : 00000000;
a660 : 00000000;
a661 : 00000000;
a662 : 00000000;
a663 : 00000000;
a664 : 00000000;
a665 : 00000000;
a666 : 00000000;
a667 : 00000000;
a668 : 00000000;
a669 : 00000000;
a66a : 00000000;
a66b : 00000000;
a66c : 00000000;
a66d : 00000000;
a66e : 00000000;
a66f : 00000000;
a670 : 00000000;
a671 : 00000000;
a672 : 00000000;
a673 : 00000000;
a674 : 00000000;
a675 : 00000000;
a676 : 00000000;
a677 : 00000000;
a678 : 00000000;
a679 : 00000000;
a67a : 00000000;
a67b : 00000000;
a67c : 00000000;
a67d : 00000000;
a67e : 00000000;
a67f : 00000000;
a680 : 00000000;
a681 : 00000000;
a682 : 00000000;
a683 : 00000000;
a684 : 00000000;
a685 : 00000000;
a686 : 00000000;
a687 : 00000000;
a688 : 00000000;
a689 : 00000000;
a68a : 00000000;
a68b : 00000000;
a68c : 00000000;
a68d : 00000000;
a68e : 00000000;
a68f : 00000000;
a690 : 00000000;
a691 : 00000000;
a692 : 00000000;
a693 : 00000000;
a694 : 00000000;
a695 : 00000000;
a696 : 00000000;
a697 : 00000000;
a698 : 00000000;
a699 : 00000000;
a69a : 00000000;
a69b : 00000000;
a69c : 00000000;
a69d : 00000000;
a69e : 00000000;
a69f : 00000000;
a6a0 : 00000000;
a6a1 : 00000000;
a6a2 : 00000000;
a6a3 : 00000000;
a6a4 : 00000000;
a6a5 : 00000000;
a6a6 : 00000000;
a6a7 : 00000000;
a6a8 : 00000000;
a6a9 : 00000000;
a6aa : 00000000;
a6ab : 00000000;
a6ac : 00000000;
a6ad : 00000000;
a6ae : 00000000;
a6af : 00000000;
a6b0 : 00000000;
a6b1 : 00000000;
a6b2 : 00000000;
a6b3 : 00000000;
a6b4 : 00000000;
a6b5 : 00000000;
a6b6 : 00000000;
a6b7 : 00000000;
a6b8 : 00000000;
a6b9 : 00000000;
a6ba : 00000000;
a6bb : 00000000;
a6bc : 00000000;
a6bd : 00000000;
a6be : 00000000;
a6bf : 00000000;
a6c0 : 00000000;
a6c1 : 00000000;
a6c2 : 00000000;
a6c3 : 00000000;
a6c4 : 00000000;
a6c5 : 00000000;
a6c6 : 00000000;
a6c7 : 00000000;
a6c8 : 00000000;
a6c9 : 00000000;
a6ca : 00000000;
a6cb : 00000000;
a6cc : 00000000;
a6cd : 00000000;
a6ce : 00000000;
a6cf : 00000000;
a6d0 : 00000000;
a6d1 : 00000000;
a6d2 : 00000000;
a6d3 : 00000000;
a6d4 : 00000000;
a6d5 : 00000000;
a6d6 : 00000000;
a6d7 : 00000000;
a6d8 : 00000000;
a6d9 : 00000000;
a6da : 00000000;
a6db : 00000000;
a6dc : 00000000;
a6dd : 00000000;
a6de : 00000000;
a6df : 00000000;
a6e0 : 00000000;
a6e1 : 00000000;
a6e2 : 00000000;
a6e3 : 00000000;
a6e4 : 00000000;
a6e5 : 00000000;
a6e6 : 00000000;
a6e7 : 00000000;
a6e8 : 00000000;
a6e9 : 00000000;
a6ea : 00000000;
a6eb : 00000000;
a6ec : 00000000;
a6ed : 00000000;
a6ee : 00000000;
a6ef : 00000000;
a6f0 : 00000000;
a6f1 : 00000000;
a6f2 : 00000000;
a6f3 : 00000000;
a6f4 : 00000000;
a6f5 : 00000000;
a6f6 : 00000000;
a6f7 : 00000000;
a6f8 : 00000000;
a6f9 : 00000000;
a6fa : 00000000;
a6fb : 00000000;
a6fc : 00000000;
a6fd : 00000000;
a6fe : 00000000;
a6ff : 00000000;
a700 : 00000000;
a701 : 00000000;
a702 : 00000000;
a703 : 00000000;
a704 : 00000000;
a705 : 00000000;
a706 : 00000000;
a707 : 00000000;
a708 : 00000000;
a709 : 00000000;
a70a : 00000000;
a70b : 00000000;
a70c : 00000000;
a70d : 00000000;
a70e : 00000000;
a70f : 00000000;
a710 : 00000000;
a711 : 00000000;
a712 : 00000000;
a713 : 00000000;
a714 : 00000000;
a715 : 00000000;
a716 : 00000000;
a717 : 00000000;
a718 : 00000000;
a719 : 00000000;
a71a : 00000000;
a71b : 00000000;
a71c : 00000000;
a71d : 00000000;
a71e : 00000000;
a71f : 00000000;
a720 : 00000000;
a721 : 00000000;
a722 : 00000000;
a723 : 00000000;
a724 : 00000000;
a725 : 00000000;
a726 : 00000000;
a727 : 00000000;
a728 : 00000000;
a729 : 00000000;
a72a : 00000000;
a72b : 00000000;
a72c : 00000000;
a72d : 00000000;
a72e : 00000000;
a72f : 00000000;
a730 : 00000000;
a731 : 00000000;
a732 : 00000000;
a733 : 00000000;
a734 : 00000000;
a735 : 00000000;
a736 : 00000000;
a737 : 00000000;
a738 : 00000000;
a739 : 00000000;
a73a : 00000000;
a73b : 00000000;
a73c : 00000000;
a73d : 00000000;
a73e : 00000000;
a73f : 00000000;
a740 : 00000000;
a741 : 00000000;
a742 : 00000000;
a743 : 00000000;
a744 : 00000000;
a745 : 00000000;
a746 : 00000000;
a747 : 00000000;
a748 : 00000000;
a749 : 00000000;
a74a : 00000000;
a74b : 00000000;
a74c : 00000000;
a74d : 00000000;
a74e : 00000000;
a74f : 00000000;
a750 : 00000000;
a751 : 00000000;
a752 : 00000000;
a753 : 00000000;
a754 : 00000000;
a755 : 00000000;
a756 : 00000000;
a757 : 00000000;
a758 : 00000000;
a759 : 00000000;
a75a : 00000000;
a75b : 00000000;
a75c : 00000000;
a75d : 00000000;
a75e : 00000000;
a75f : 00000000;
a760 : 00000000;
a761 : 00000000;
a762 : 00000000;
a763 : 00000000;
a764 : 00000000;
a765 : 00000000;
a766 : 00000000;
a767 : 00000000;
a768 : 00000000;
a769 : 00000000;
a76a : 00000000;
a76b : 00000000;
a76c : 00000000;
a76d : 00000000;
a76e : 00000000;
a76f : 00000000;
a770 : 00000000;
a771 : 00000000;
a772 : 00000000;
a773 : 00000000;
a774 : 00000000;
a775 : 00000000;
a776 : 00000000;
a777 : 00000000;
a778 : 00000000;
a779 : 00000000;
a77a : 00000000;
a77b : 00000000;
a77c : 00000000;
a77d : 00000000;
a77e : 00000000;
a77f : 00000000;
a780 : 00000000;
a781 : 00000000;
a782 : 00000000;
a783 : 00000000;
a784 : 00000000;
a785 : 00000000;
a786 : 00000000;
a787 : 00000000;
a788 : 00000000;
a789 : 00000000;
a78a : 00000000;
a78b : 00000000;
a78c : 00000000;
a78d : 00000000;
a78e : 00000000;
a78f : 00000000;
a790 : 00000000;
a791 : 00000000;
a792 : 00000000;
a793 : 00000000;
a794 : 00000000;
a795 : 00000000;
a796 : 00000000;
a797 : 00000000;
a798 : 00000000;
a799 : 00000000;
a79a : 00000000;
a79b : 00000000;
a79c : 00000000;
a79d : 00000000;
a79e : 00000000;
a79f : 00000000;
a7a0 : 00000000;
a7a1 : 00000000;
a7a2 : 00000000;
a7a3 : 00000000;
a7a4 : 00000000;
a7a5 : 00000000;
a7a6 : 00000000;
a7a7 : 00000000;
a7a8 : 00000000;
a7a9 : 00000000;
a7aa : 00000000;
a7ab : 00000000;
a7ac : 00000000;
a7ad : 00000000;
a7ae : 00000000;
a7af : 00000000;
a7b0 : 00000000;
a7b1 : 00000000;
a7b2 : 00000000;
a7b3 : 00000000;
a7b4 : 00000000;
a7b5 : 00000000;
a7b6 : 00000000;
a7b7 : 00000000;
a7b8 : 00000000;
a7b9 : 00000000;
a7ba : 00000000;
a7bb : 00000000;
a7bc : 00000000;
a7bd : 00000000;
a7be : 00000000;
a7bf : 00000000;
a7c0 : 00000000;
a7c1 : 00000000;
a7c2 : 00000000;
a7c3 : 00000000;
a7c4 : 00000000;
a7c5 : 00000000;
a7c6 : 00000000;
a7c7 : 00000000;
a7c8 : 00000000;
a7c9 : 00000000;
a7ca : 00000000;
a7cb : 00000000;
a7cc : 00000000;
a7cd : 00000000;
a7ce : 00000000;
a7cf : 00000000;
a7d0 : 00000000;
a7d1 : 00000000;
a7d2 : 00000000;
a7d3 : 00000000;
a7d4 : 00000000;
a7d5 : 00000000;
a7d6 : 00000000;
a7d7 : 00000000;
a7d8 : 00000000;
a7d9 : 00000000;
a7da : 00000000;
a7db : 00000000;
a7dc : 00000000;
a7dd : 00000000;
a7de : 00000000;
a7df : 00000000;
a7e0 : 00000000;
a7e1 : 00000000;
a7e2 : 00000000;
a7e3 : 00000000;
a7e4 : 00000000;
a7e5 : 00000000;
a7e6 : 00000000;
a7e7 : 00000000;
a7e8 : 00000000;
a7e9 : 00000000;
a7ea : 00000000;
a7eb : 00000000;
a7ec : 00000000;
a7ed : 00000000;
a7ee : 00000000;
a7ef : 00000000;
a7f0 : 00000000;
a7f1 : 00000000;
a7f2 : 00000000;
a7f3 : 00000000;
a7f4 : 00000000;
a7f5 : 00000000;
a7f6 : 00000000;
a7f7 : 00000000;
a7f8 : 00000000;
a7f9 : 00000000;
a7fa : 00000000;
a7fb : 00000000;
a7fc : 00000000;
a7fd : 00000000;
a7fe : 00000000;
a7ff : 00000000;
a800 : 00000000;
a801 : 00000000;
a802 : 00000000;
a803 : 00000000;
a804 : 00000000;
a805 : 00000000;
a806 : 00000000;
a807 : 00000000;
a808 : 00000000;
a809 : 00000000;
a80a : 00000000;
a80b : 00000000;
a80c : 00000000;
a80d : 00000000;
a80e : 00000000;
a80f : 00000000;
a810 : 00000000;
a811 : 00000000;
a812 : 00000000;
a813 : 00000000;
a814 : 00000000;
a815 : 00000000;
a816 : 00000000;
a817 : 00000000;
a818 : 00000000;
a819 : 00000000;
a81a : 00000000;
a81b : 00000000;
a81c : 00000000;
a81d : 00000000;
a81e : 00000000;
a81f : 00000000;
a820 : 00000000;
a821 : 00000000;
a822 : 00000000;
a823 : 00000000;
a824 : 00000000;
a825 : 00000000;
a826 : 00000000;
a827 : 00000000;
a828 : 00000000;
a829 : 00000000;
a82a : 00000000;
a82b : 00000000;
a82c : 00000000;
a82d : 00000000;
a82e : 00000000;
a82f : 00000000;
a830 : 00000000;
a831 : 00000000;
a832 : 00000000;
a833 : 00000000;
a834 : 00000000;
a835 : 00000000;
a836 : 00000000;
a837 : 00000000;
a838 : 00000000;
a839 : 00000000;
a83a : 00000000;
a83b : 00000000;
a83c : 00000000;
a83d : 00000000;
a83e : 00000000;
a83f : 00000000;
a840 : 00000000;
a841 : 00000000;
a842 : 00000000;
a843 : 00000000;
a844 : 00000000;
a845 : 00000000;
a846 : 00000000;
a847 : 00000000;
a848 : 00000000;
a849 : 00000000;
a84a : 00000000;
a84b : 00000000;
a84c : 00000000;
a84d : 00000000;
a84e : 00000000;
a84f : 00000000;
a850 : 00000000;
a851 : 00000000;
a852 : 00000000;
a853 : 00000000;
a854 : 00000000;
a855 : 00000000;
a856 : 00000000;
a857 : 00000000;
a858 : 00000000;
a859 : 00000000;
a85a : 00000000;
a85b : 00000000;
a85c : 00000000;
a85d : 00000000;
a85e : 00000000;
a85f : 00000000;
a860 : 00000000;
a861 : 00000000;
a862 : 00000000;
a863 : 00000000;
a864 : 00000000;
a865 : 00000000;
a866 : 00000000;
a867 : 00000000;
a868 : 00000000;
a869 : 00000000;
a86a : 00000000;
a86b : 00000000;
a86c : 00000000;
a86d : 00000000;
a86e : 00000000;
a86f : 00000000;
a870 : 00000000;
a871 : 00000000;
a872 : 00000000;
a873 : 00000000;
a874 : 00000000;
a875 : 00000000;
a876 : 00000000;
a877 : 00000000;
a878 : 00000000;
a879 : 00000000;
a87a : 00000000;
a87b : 00000000;
a87c : 00000000;
a87d : 00000000;
a87e : 00000000;
a87f : 00000000;
a880 : 00000000;
a881 : 00000000;
a882 : 00000000;
a883 : 00000000;
a884 : 00000000;
a885 : 00000000;
a886 : 00000000;
a887 : 00000000;
a888 : 00000000;
a889 : 00000000;
a88a : 00000000;
a88b : 00000000;
a88c : 00000000;
a88d : 00000000;
a88e : 00000000;
a88f : 00000000;
a890 : 00000000;
a891 : 00000000;
a892 : 00000000;
a893 : 00000000;
a894 : 00000000;
a895 : 00000000;
a896 : 00000000;
a897 : 00000000;
a898 : 00000000;
a899 : 00000000;
a89a : 00000000;
a89b : 00000000;
a89c : 00000000;
a89d : 00000000;
a89e : 00000000;
a89f : 00000000;
a8a0 : 00000000;
a8a1 : 00000000;
a8a2 : 00000000;
a8a3 : 00000000;
a8a4 : 00000000;
a8a5 : 00000000;
a8a6 : 00000000;
a8a7 : 00000000;
a8a8 : 00000000;
a8a9 : 00000000;
a8aa : 00000000;
a8ab : 00000000;
a8ac : 00000000;
a8ad : 00000000;
a8ae : 00000000;
a8af : 00000000;
a8b0 : 00000000;
a8b1 : 00000000;
a8b2 : 00000000;
a8b3 : 00000000;
a8b4 : 00000000;
a8b5 : 00000000;
a8b6 : 00000000;
a8b7 : 00000000;
a8b8 : 00000000;
a8b9 : 00000000;
a8ba : 00000000;
a8bb : 00000000;
a8bc : 00000000;
a8bd : 00000000;
a8be : 00000000;
a8bf : 00000000;
a8c0 : 00000000;
a8c1 : 00000000;
a8c2 : 00000000;
a8c3 : 00000000;
a8c4 : 00000000;
a8c5 : 00000000;
a8c6 : 00000000;
a8c7 : 00000000;
a8c8 : 00000000;
a8c9 : 00000000;
a8ca : 00000000;
a8cb : 00000000;
a8cc : 00000000;
a8cd : 00000000;
a8ce : 00000000;
a8cf : 00000000;
a8d0 : 00000000;
a8d1 : 00000000;
a8d2 : 00000000;
a8d3 : 00000000;
a8d4 : 00000000;
a8d5 : 00000000;
a8d6 : 00000000;
a8d7 : 00000000;
a8d8 : 00000000;
a8d9 : 00000000;
a8da : 00000000;
a8db : 00000000;
a8dc : 00000000;
a8dd : 00000000;
a8de : 00000000;
a8df : 00000000;
a8e0 : 00000000;
a8e1 : 00000000;
a8e2 : 00000000;
a8e3 : 00000000;
a8e4 : 00000000;
a8e5 : 00000000;
a8e6 : 00000000;
a8e7 : 00000000;
a8e8 : 00000000;
a8e9 : 00000000;
a8ea : 00000000;
a8eb : 00000000;
a8ec : 00000000;
a8ed : 00000000;
a8ee : 00000000;
a8ef : 00000000;
a8f0 : 00000000;
a8f1 : 00000000;
a8f2 : 00000000;
a8f3 : 00000000;
a8f4 : 00000000;
a8f5 : 00000000;
a8f6 : 00000000;
a8f7 : 00000000;
a8f8 : 00000000;
a8f9 : 00000000;
a8fa : 00000000;
a8fb : 00000000;
a8fc : 00000000;
a8fd : 00000000;
a8fe : 00000000;
a8ff : 00000000;
a900 : 00000000;
a901 : 00000000;
a902 : 00000000;
a903 : 00000000;
a904 : 00000000;
a905 : 00000000;
a906 : 00000000;
a907 : 00000000;
a908 : 00000000;
a909 : 00000000;
a90a : 00000000;
a90b : 00000000;
a90c : 00000000;
a90d : 00000000;
a90e : 00000000;
a90f : 00000000;
a910 : 00000000;
a911 : 00000000;
a912 : 00000000;
a913 : 00000000;
a914 : 00000000;
a915 : 00000000;
a916 : 00000000;
a917 : 00000000;
a918 : 00000000;
a919 : 00000000;
a91a : 00000000;
a91b : 00000000;
a91c : 00000000;
a91d : 00000000;
a91e : 00000000;
a91f : 00000000;
a920 : 00000000;
a921 : 00000000;
a922 : 00000000;
a923 : 00000000;
a924 : 00000000;
a925 : 00000000;
a926 : 00000000;
a927 : 00000000;
a928 : 00000000;
a929 : 00000000;
a92a : 00000000;
a92b : 00000000;
a92c : 00000000;
a92d : 00000000;
a92e : 00000000;
a92f : 00000000;
a930 : 00000000;
a931 : 00000000;
a932 : 00000000;
a933 : 00000000;
a934 : 00000000;
a935 : 00000000;
a936 : 00000000;
a937 : 00000000;
a938 : 00000000;
a939 : 00000000;
a93a : 00000000;
a93b : 00000000;
a93c : 00000000;
a93d : 00000000;
a93e : 00000000;
a93f : 00000000;
a940 : 00000000;
a941 : 00000000;
a942 : 00000000;
a943 : 00000000;
a944 : 00000000;
a945 : 00000000;
a946 : 00000000;
a947 : 00000000;
a948 : 00000000;
a949 : 00000000;
a94a : 00000000;
a94b : 00000000;
a94c : 00000000;
a94d : 00000000;
a94e : 00000000;
a94f : 00000000;
a950 : 00000000;
a951 : 00000000;
a952 : 00000000;
a953 : 00000000;
a954 : 00000000;
a955 : 00000000;
a956 : 00000000;
a957 : 00000000;
a958 : 00000000;
a959 : 00000000;
a95a : 00000000;
a95b : 00000000;
a95c : 00000000;
a95d : 00000000;
a95e : 00000000;
a95f : 00000000;
a960 : 00000000;
a961 : 00000000;
a962 : 00000000;
a963 : 00000000;
a964 : 00000000;
a965 : 00000000;
a966 : 00000000;
a967 : 00000000;
a968 : 00000000;
a969 : 00000000;
a96a : 00000000;
a96b : 00000000;
a96c : 00000000;
a96d : 00000000;
a96e : 00000000;
a96f : 00000000;
a970 : 00000000;
a971 : 00000000;
a972 : 00000000;
a973 : 00000000;
a974 : 00000000;
a975 : 00000000;
a976 : 00000000;
a977 : 00000000;
a978 : 00000000;
a979 : 00000000;
a97a : 00000000;
a97b : 00000000;
a97c : 00000000;
a97d : 00000000;
a97e : 00000000;
a97f : 00000000;
a980 : 00000000;
a981 : 00000000;
a982 : 00000000;
a983 : 00000000;
a984 : 00000000;
a985 : 00000000;
a986 : 00000000;
a987 : 00000000;
a988 : 00000000;
a989 : 00000000;
a98a : 00000000;
a98b : 00000000;
a98c : 00000000;
a98d : 00000000;
a98e : 00000000;
a98f : 00000000;
a990 : 00000000;
a991 : 00000000;
a992 : 00000000;
a993 : 00000000;
a994 : 00000000;
a995 : 00000000;
a996 : 00000000;
a997 : 00000000;
a998 : 00000000;
a999 : 00000000;
a99a : 00000000;
a99b : 00000000;
a99c : 00000000;
a99d : 00000000;
a99e : 00000000;
a99f : 00000000;
a9a0 : 00000000;
a9a1 : 00000000;
a9a2 : 00000000;
a9a3 : 00000000;
a9a4 : 00000000;
a9a5 : 00000000;
a9a6 : 00000000;
a9a7 : 00000000;
a9a8 : 00000000;
a9a9 : 00000000;
a9aa : 00000000;
a9ab : 00000000;
a9ac : 00000000;
a9ad : 00000000;
a9ae : 00000000;
a9af : 00000000;
a9b0 : 00000000;
a9b1 : 00000000;
a9b2 : 00000000;
a9b3 : 00000000;
a9b4 : 00000000;
a9b5 : 00000000;
a9b6 : 00000000;
a9b7 : 00000000;
a9b8 : 00000000;
a9b9 : 00000000;
a9ba : 00000000;
a9bb : 00000000;
a9bc : 00000000;
a9bd : 00000000;
a9be : 00000000;
a9bf : 00000000;
a9c0 : 00000000;
a9c1 : 00000000;
a9c2 : 00000000;
a9c3 : 00000000;
a9c4 : 00000000;
a9c5 : 00000000;
a9c6 : 00000000;
a9c7 : 00000000;
a9c8 : 00000000;
a9c9 : 00000000;
a9ca : 00000000;
a9cb : 00000000;
a9cc : 00000000;
a9cd : 00000000;
a9ce : 00000000;
a9cf : 00000000;
a9d0 : 00000000;
a9d1 : 00000000;
a9d2 : 00000000;
a9d3 : 00000000;
a9d4 : 00000000;
a9d5 : 00000000;
a9d6 : 00000000;
a9d7 : 00000000;
a9d8 : 00000000;
a9d9 : 00000000;
a9da : 00000000;
a9db : 00000000;
a9dc : 00000000;
a9dd : 00000000;
a9de : 00000000;
a9df : 00000000;
a9e0 : 00000000;
a9e1 : 00000000;
a9e2 : 00000000;
a9e3 : 00000000;
a9e4 : 00000000;
a9e5 : 00000000;
a9e6 : 00000000;
a9e7 : 00000000;
a9e8 : 00000000;
a9e9 : 00000000;
a9ea : 00000000;
a9eb : 00000000;
a9ec : 00000000;
a9ed : 00000000;
a9ee : 00000000;
a9ef : 00000000;
a9f0 : 00000000;
a9f1 : 00000000;
a9f2 : 00000000;
a9f3 : 00000000;
a9f4 : 00000000;
a9f5 : 00000000;
a9f6 : 00000000;
a9f7 : 00000000;
a9f8 : 00000000;
a9f9 : 00000000;
a9fa : 00000000;
a9fb : 00000000;
a9fc : 00000000;
a9fd : 00000000;
a9fe : 00000000;
a9ff : 00000000;
aa00 : 00000000;
aa01 : 00000000;
aa02 : 00000000;
aa03 : 00000000;
aa04 : 00000000;
aa05 : 00000000;
aa06 : 00000000;
aa07 : 00000000;
aa08 : 00000000;
aa09 : 00000000;
aa0a : 00000000;
aa0b : 00000000;
aa0c : 00000000;
aa0d : 00000000;
aa0e : 00000000;
aa0f : 00000000;
aa10 : 00000000;
aa11 : 00000000;
aa12 : 00000000;
aa13 : 00000000;
aa14 : 00000000;
aa15 : 00000000;
aa16 : 00000000;
aa17 : 00000000;
aa18 : 00000000;
aa19 : 00000000;
aa1a : 00000000;
aa1b : 00000000;
aa1c : 00000000;
aa1d : 00000000;
aa1e : 00000000;
aa1f : 00000000;
aa20 : 00000000;
aa21 : 00000000;
aa22 : 00000000;
aa23 : 00000000;
aa24 : 00000000;
aa25 : 00000000;
aa26 : 00000000;
aa27 : 00000000;
aa28 : 00000000;
aa29 : 00000000;
aa2a : 00000000;
aa2b : 00000000;
aa2c : 00000000;
aa2d : 00000000;
aa2e : 00000000;
aa2f : 00000000;
aa30 : 00000000;
aa31 : 00000000;
aa32 : 00000000;
aa33 : 00000000;
aa34 : 00000000;
aa35 : 00000000;
aa36 : 00000000;
aa37 : 00000000;
aa38 : 00000000;
aa39 : 00000000;
aa3a : 00000000;
aa3b : 00000000;
aa3c : 00000000;
aa3d : 00000000;
aa3e : 00000000;
aa3f : 00000000;
aa40 : 00000000;
aa41 : 00000000;
aa42 : 00000000;
aa43 : 00000000;
aa44 : 00000000;
aa45 : 00000000;
aa46 : 00000000;
aa47 : 00000000;
aa48 : 00000000;
aa49 : 00000000;
aa4a : 00000000;
aa4b : 00000000;
aa4c : 00000000;
aa4d : 00000000;
aa4e : 00000000;
aa4f : 00000000;
aa50 : 00000000;
aa51 : 00000000;
aa52 : 00000000;
aa53 : 00000000;
aa54 : 00000000;
aa55 : 00000000;
aa56 : 00000000;
aa57 : 00000000;
aa58 : 00000000;
aa59 : 00000000;
aa5a : 00000000;
aa5b : 00000000;
aa5c : 00000000;
aa5d : 00000000;
aa5e : 00000000;
aa5f : 00000000;
aa60 : 00000000;
aa61 : 00000000;
aa62 : 00000000;
aa63 : 00000000;
aa64 : 00000000;
aa65 : 00000000;
aa66 : 00000000;
aa67 : 00000000;
aa68 : 00000000;
aa69 : 00000000;
aa6a : 00000000;
aa6b : 00000000;
aa6c : 00000000;
aa6d : 00000000;
aa6e : 00000000;
aa6f : 00000000;
aa70 : 00000000;
aa71 : 00000000;
aa72 : 00000000;
aa73 : 00000000;
aa74 : 00000000;
aa75 : 00000000;
aa76 : 00000000;
aa77 : 00000000;
aa78 : 00000000;
aa79 : 00000000;
aa7a : 00000000;
aa7b : 00000000;
aa7c : 00000000;
aa7d : 00000000;
aa7e : 00000000;
aa7f : 00000000;
aa80 : 00000000;
aa81 : 00000000;
aa82 : 00000000;
aa83 : 00000000;
aa84 : 00000000;
aa85 : 00000000;
aa86 : 00000000;
aa87 : 00000000;
aa88 : 00000000;
aa89 : 00000000;
aa8a : 00000000;
aa8b : 00000000;
aa8c : 00000000;
aa8d : 00000000;
aa8e : 00000000;
aa8f : 00000000;
aa90 : 00000000;
aa91 : 00000000;
aa92 : 00000000;
aa93 : 00000000;
aa94 : 00000000;
aa95 : 00000000;
aa96 : 00000000;
aa97 : 00000000;
aa98 : 00000000;
aa99 : 00000000;
aa9a : 00000000;
aa9b : 00000000;
aa9c : 00000000;
aa9d : 00000000;
aa9e : 00000000;
aa9f : 00000000;
aaa0 : 00000000;
aaa1 : 00000000;
aaa2 : 00000000;
aaa3 : 00000000;
aaa4 : 00000000;
aaa5 : 00000000;
aaa6 : 00000000;
aaa7 : 00000000;
aaa8 : 00000000;
aaa9 : 00000000;
aaaa : 00000000;
aaab : 00000000;
aaac : 00000000;
aaad : 00000000;
aaae : 00000000;
aaaf : 00000000;
aab0 : 00000000;
aab1 : 00000000;
aab2 : 00000000;
aab3 : 00000000;
aab4 : 00000000;
aab5 : 00000000;
aab6 : 00000000;
aab7 : 00000000;
aab8 : 00000000;
aab9 : 00000000;
aaba : 00000000;
aabb : 00000000;
aabc : 00000000;
aabd : 00000000;
aabe : 00000000;
aabf : 00000000;
aac0 : 00000000;
aac1 : 00000000;
aac2 : 00000000;
aac3 : 00000000;
aac4 : 00000000;
aac5 : 00000000;
aac6 : 00000000;
aac7 : 00000000;
aac8 : 00000000;
aac9 : 00000000;
aaca : 00000000;
aacb : 00000000;
aacc : 00000000;
aacd : 00000000;
aace : 00000000;
aacf : 00000000;
aad0 : 00000000;
aad1 : 00000000;
aad2 : 00000000;
aad3 : 00000000;
aad4 : 00000000;
aad5 : 00000000;
aad6 : 00000000;
aad7 : 00000000;
aad8 : 00000000;
aad9 : 00000000;
aada : 00000000;
aadb : 00000000;
aadc : 00000000;
aadd : 00000000;
aade : 00000000;
aadf : 00000000;
aae0 : 00000000;
aae1 : 00000000;
aae2 : 00000000;
aae3 : 00000000;
aae4 : 00000000;
aae5 : 00000000;
aae6 : 00000000;
aae7 : 00000000;
aae8 : 00000000;
aae9 : 00000000;
aaea : 00000000;
aaeb : 00000000;
aaec : 00000000;
aaed : 00000000;
aaee : 00000000;
aaef : 00000000;
aaf0 : 00000000;
aaf1 : 00000000;
aaf2 : 00000000;
aaf3 : 00000000;
aaf4 : 00000000;
aaf5 : 00000000;
aaf6 : 00000000;
aaf7 : 00000000;
aaf8 : 00000000;
aaf9 : 00000000;
aafa : 00000000;
aafb : 00000000;
aafc : 00000000;
aafd : 00000000;
aafe : 00000000;
aaff : 00000000;
ab00 : 00000000;
ab01 : 00000000;
ab02 : 00000000;
ab03 : 00000000;
ab04 : 00000000;
ab05 : 00000000;
ab06 : 00000000;
ab07 : 00000000;
ab08 : 00000000;
ab09 : 00000000;
ab0a : 00000000;
ab0b : 00000000;
ab0c : 00000000;
ab0d : 00000000;
ab0e : 00000000;
ab0f : 00000000;
ab10 : 00000000;
ab11 : 00000000;
ab12 : 00000000;
ab13 : 00000000;
ab14 : 00000000;
ab15 : 00000000;
ab16 : 00000000;
ab17 : 00000000;
ab18 : 00000000;
ab19 : 00000000;
ab1a : 00000000;
ab1b : 00000000;
ab1c : 00000000;
ab1d : 00000000;
ab1e : 00000000;
ab1f : 00000000;
ab20 : 00000000;
ab21 : 00000000;
ab22 : 00000000;
ab23 : 00000000;
ab24 : 00000000;
ab25 : 00000000;
ab26 : 00000000;
ab27 : 00000000;
ab28 : 00000000;
ab29 : 00000000;
ab2a : 00000000;
ab2b : 00000000;
ab2c : 00000000;
ab2d : 00000000;
ab2e : 00000000;
ab2f : 00000000;
ab30 : 00000000;
ab31 : 00000000;
ab32 : 00000000;
ab33 : 00000000;
ab34 : 00000000;
ab35 : 00000000;
ab36 : 00000000;
ab37 : 00000000;
ab38 : 00000000;
ab39 : 00000000;
ab3a : 00000000;
ab3b : 00000000;
ab3c : 00000000;
ab3d : 00000000;
ab3e : 00000000;
ab3f : 00000000;
ab40 : 00000000;
ab41 : 00000000;
ab42 : 00000000;
ab43 : 00000000;
ab44 : 00000000;
ab45 : 00000000;
ab46 : 00000000;
ab47 : 00000000;
ab48 : 00000000;
ab49 : 00000000;
ab4a : 00000000;
ab4b : 00000000;
ab4c : 00000000;
ab4d : 00000000;
ab4e : 00000000;
ab4f : 00000000;
ab50 : 00000000;
ab51 : 00000000;
ab52 : 00000000;
ab53 : 00000000;
ab54 : 00000000;
ab55 : 00000000;
ab56 : 00000000;
ab57 : 00000000;
ab58 : 00000000;
ab59 : 00000000;
ab5a : 00000000;
ab5b : 00000000;
ab5c : 00000000;
ab5d : 00000000;
ab5e : 00000000;
ab5f : 00000000;
ab60 : 00000000;
ab61 : 00000000;
ab62 : 00000000;
ab63 : 00000000;
ab64 : 00000000;
ab65 : 00000000;
ab66 : 00000000;
ab67 : 00000000;
ab68 : 00000000;
ab69 : 00000000;
ab6a : 00000000;
ab6b : 00000000;
ab6c : 00000000;
ab6d : 00000000;
ab6e : 00000000;
ab6f : 00000000;
ab70 : 00000000;
ab71 : 00000000;
ab72 : 00000000;
ab73 : 00000000;
ab74 : 00000000;
ab75 : 00000000;
ab76 : 00000000;
ab77 : 00000000;
ab78 : 00000000;
ab79 : 00000000;
ab7a : 00000000;
ab7b : 00000000;
ab7c : 00000000;
ab7d : 00000000;
ab7e : 00000000;
ab7f : 00000000;
ab80 : 00000000;
ab81 : 00000000;
ab82 : 00000000;
ab83 : 00000000;
ab84 : 00000000;
ab85 : 00000000;
ab86 : 00000000;
ab87 : 00000000;
ab88 : 00000000;
ab89 : 00000000;
ab8a : 00000000;
ab8b : 00000000;
ab8c : 00000000;
ab8d : 00000000;
ab8e : 00000000;
ab8f : 00000000;
ab90 : 00000000;
ab91 : 00000000;
ab92 : 00000000;
ab93 : 00000000;
ab94 : 00000000;
ab95 : 00000000;
ab96 : 00000000;
ab97 : 00000000;
ab98 : 00000000;
ab99 : 00000000;
ab9a : 00000000;
ab9b : 00000000;
ab9c : 00000000;
ab9d : 00000000;
ab9e : 00000000;
ab9f : 00000000;
aba0 : 00000000;
aba1 : 00000000;
aba2 : 00000000;
aba3 : 00000000;
aba4 : 00000000;
aba5 : 00000000;
aba6 : 00000000;
aba7 : 00000000;
aba8 : 00000000;
aba9 : 00000000;
abaa : 00000000;
abab : 00000000;
abac : 00000000;
abad : 00000000;
abae : 00000000;
abaf : 00000000;
abb0 : 00000000;
abb1 : 00000000;
abb2 : 00000000;
abb3 : 00000000;
abb4 : 00000000;
abb5 : 00000000;
abb6 : 00000000;
abb7 : 00000000;
abb8 : 00000000;
abb9 : 00000000;
abba : 00000000;
abbb : 00000000;
abbc : 00000000;
abbd : 00000000;
abbe : 00000000;
abbf : 00000000;
abc0 : 00000000;
abc1 : 00000000;
abc2 : 00000000;
abc3 : 00000000;
abc4 : 00000000;
abc5 : 00000000;
abc6 : 00000000;
abc7 : 00000000;
abc8 : 00000000;
abc9 : 00000000;
abca : 00000000;
abcb : 00000000;
abcc : 00000000;
abcd : 00000000;
abce : 00000000;
abcf : 00000000;
abd0 : 00000000;
abd1 : 00000000;
abd2 : 00000000;
abd3 : 00000000;
abd4 : 00000000;
abd5 : 00000000;
abd6 : 00000000;
abd7 : 00000000;
abd8 : 00000000;
abd9 : 00000000;
abda : 00000000;
abdb : 00000000;
abdc : 00000000;
abdd : 00000000;
abde : 00000000;
abdf : 00000000;
abe0 : 00000000;
abe1 : 00000000;
abe2 : 00000000;
abe3 : 00000000;
abe4 : 00000000;
abe5 : 00000000;
abe6 : 00000000;
abe7 : 00000000;
abe8 : 00000000;
abe9 : 00000000;
abea : 00000000;
abeb : 00000000;
abec : 00000000;
abed : 00000000;
abee : 00000000;
abef : 00000000;
abf0 : 00000000;
abf1 : 00000000;
abf2 : 00000000;
abf3 : 00000000;
abf4 : 00000000;
abf5 : 00000000;
abf6 : 00000000;
abf7 : 00000000;
abf8 : 00000000;
abf9 : 00000000;
abfa : 00000000;
abfb : 00000000;
abfc : 00000000;
abfd : 00000000;
abfe : 00000000;
abff : 00000000;
ac00 : 00000000;
ac01 : 00000000;
ac02 : 00000000;
ac03 : 00000000;
ac04 : 00000000;
ac05 : 00000000;
ac06 : 00000000;
ac07 : 00000000;
ac08 : 00000000;
ac09 : 00000000;
ac0a : 00000000;
ac0b : 00000000;
ac0c : 00000000;
ac0d : 00000000;
ac0e : 00000000;
ac0f : 00000000;
ac10 : 00000000;
ac11 : 00000000;
ac12 : 00000000;
ac13 : 00000000;
ac14 : 00000000;
ac15 : 00000000;
ac16 : 00000000;
ac17 : 00000000;
ac18 : 00000000;
ac19 : 00000000;
ac1a : 00000000;
ac1b : 00000000;
ac1c : 00000000;
ac1d : 00000000;
ac1e : 00000000;
ac1f : 00000000;
ac20 : 00000000;
ac21 : 00000000;
ac22 : 00000000;
ac23 : 00000000;
ac24 : 00000000;
ac25 : 00000000;
ac26 : 00000000;
ac27 : 00000000;
ac28 : 00000000;
ac29 : 00000000;
ac2a : 00000000;
ac2b : 00000000;
ac2c : 00000000;
ac2d : 00000000;
ac2e : 00000000;
ac2f : 00000000;
ac30 : 00000000;
ac31 : 00000000;
ac32 : 00000000;
ac33 : 00000000;
ac34 : 00000000;
ac35 : 00000000;
ac36 : 00000000;
ac37 : 00000000;
ac38 : 00000000;
ac39 : 00000000;
ac3a : 00000000;
ac3b : 00000000;
ac3c : 00000000;
ac3d : 00000000;
ac3e : 00000000;
ac3f : 00000000;
ac40 : 00000000;
ac41 : 00000000;
ac42 : 00000000;
ac43 : 00000000;
ac44 : 00000000;
ac45 : 00000000;
ac46 : 00000000;
ac47 : 00000000;
ac48 : 00000000;
ac49 : 00000000;
ac4a : 00000000;
ac4b : 00000000;
ac4c : 00000000;
ac4d : 00000000;
ac4e : 00000000;
ac4f : 00000000;
ac50 : 00000000;
ac51 : 00000000;
ac52 : 00000000;
ac53 : 00000000;
ac54 : 00000000;
ac55 : 00000000;
ac56 : 00000000;
ac57 : 00000000;
ac58 : 00000000;
ac59 : 00000000;
ac5a : 00000000;
ac5b : 00000000;
ac5c : 00000000;
ac5d : 00000000;
ac5e : 00000000;
ac5f : 00000000;
ac60 : 00000000;
ac61 : 00000000;
ac62 : 00000000;
ac63 : 00000000;
ac64 : 00000000;
ac65 : 00000000;
ac66 : 00000000;
ac67 : 00000000;
ac68 : 00000000;
ac69 : 00000000;
ac6a : 00000000;
ac6b : 00000000;
ac6c : 00000000;
ac6d : 00000000;
ac6e : 00000000;
ac6f : 00000000;
ac70 : 00000000;
ac71 : 00000000;
ac72 : 00000000;
ac73 : 00000000;
ac74 : 00000000;
ac75 : 00000000;
ac76 : 00000000;
ac77 : 00000000;
ac78 : 00000000;
ac79 : 00000000;
ac7a : 00000000;
ac7b : 00000000;
ac7c : 00000000;
ac7d : 00000000;
ac7e : 00000000;
ac7f : 00000000;
ac80 : 00000000;
ac81 : 00000000;
ac82 : 00000000;
ac83 : 00000000;
ac84 : 00000000;
ac85 : 00000000;
ac86 : 00000000;
ac87 : 00000000;
ac88 : 00000000;
ac89 : 00000000;
ac8a : 00000000;
ac8b : 00000000;
ac8c : 00000000;
ac8d : 00000000;
ac8e : 00000000;
ac8f : 00000000;
ac90 : 00000000;
ac91 : 00000000;
ac92 : 00000000;
ac93 : 00000000;
ac94 : 00000000;
ac95 : 00000000;
ac96 : 00000000;
ac97 : 00000000;
ac98 : 00000000;
ac99 : 00000000;
ac9a : 00000000;
ac9b : 00000000;
ac9c : 00000000;
ac9d : 00000000;
ac9e : 00000000;
ac9f : 00000000;
aca0 : 00000000;
aca1 : 00000000;
aca2 : 00000000;
aca3 : 00000000;
aca4 : 00000000;
aca5 : 00000000;
aca6 : 00000000;
aca7 : 00000000;
aca8 : 00000000;
aca9 : 00000000;
acaa : 00000000;
acab : 00000000;
acac : 00000000;
acad : 00000000;
acae : 00000000;
acaf : 00000000;
acb0 : 00000000;
acb1 : 00000000;
acb2 : 00000000;
acb3 : 00000000;
acb4 : 00000000;
acb5 : 00000000;
acb6 : 00000000;
acb7 : 00000000;
acb8 : 00000000;
acb9 : 00000000;
acba : 00000000;
acbb : 00000000;
acbc : 00000000;
acbd : 00000000;
acbe : 00000000;
acbf : 00000000;
acc0 : 00000000;
acc1 : 00000000;
acc2 : 00000000;
acc3 : 00000000;
acc4 : 00000000;
acc5 : 00000000;
acc6 : 00000000;
acc7 : 00000000;
acc8 : 00000000;
acc9 : 00000000;
acca : 00000000;
accb : 00000000;
accc : 00000000;
accd : 00000000;
acce : 00000000;
accf : 00000000;
acd0 : 00000000;
acd1 : 00000000;
acd2 : 00000000;
acd3 : 00000000;
acd4 : 00000000;
acd5 : 00000000;
acd6 : 00000000;
acd7 : 00000000;
acd8 : 00000000;
acd9 : 00000000;
acda : 00000000;
acdb : 00000000;
acdc : 00000000;
acdd : 00000000;
acde : 00000000;
acdf : 00000000;
ace0 : 00000000;
ace1 : 00000000;
ace2 : 00000000;
ace3 : 00000000;
ace4 : 00000000;
ace5 : 00000000;
ace6 : 00000000;
ace7 : 00000000;
ace8 : 00000000;
ace9 : 00000000;
acea : 00000000;
aceb : 00000000;
acec : 00000000;
aced : 00000000;
acee : 00000000;
acef : 00000000;
acf0 : 00000000;
acf1 : 00000000;
acf2 : 00000000;
acf3 : 00000000;
acf4 : 00000000;
acf5 : 00000000;
acf6 : 00000000;
acf7 : 00000000;
acf8 : 00000000;
acf9 : 00000000;
acfa : 00000000;
acfb : 00000000;
acfc : 00000000;
acfd : 00000000;
acfe : 00000000;
acff : 00000000;
ad00 : 00000000;
ad01 : 00000000;
ad02 : 00000000;
ad03 : 00000000;
ad04 : 00000000;
ad05 : 00000000;
ad06 : 00000000;
ad07 : 00000000;
ad08 : 00000000;
ad09 : 00000000;
ad0a : 00000000;
ad0b : 00000000;
ad0c : 00000000;
ad0d : 00000000;
ad0e : 00000000;
ad0f : 00000000;
ad10 : 00000000;
ad11 : 00000000;
ad12 : 00000000;
ad13 : 00000000;
ad14 : 00000000;
ad15 : 00000000;
ad16 : 00000000;
ad17 : 00000000;
ad18 : 00000000;
ad19 : 00000000;
ad1a : 00000000;
ad1b : 00000000;
ad1c : 00000000;
ad1d : 00000000;
ad1e : 00000000;
ad1f : 00000000;
ad20 : 00000000;
ad21 : 00000000;
ad22 : 00000000;
ad23 : 00000000;
ad24 : 00000000;
ad25 : 00000000;
ad26 : 00000000;
ad27 : 00000000;
ad28 : 00000000;
ad29 : 00000000;
ad2a : 00000000;
ad2b : 00000000;
ad2c : 00000000;
ad2d : 00000000;
ad2e : 00000000;
ad2f : 00000000;
ad30 : 00000000;
ad31 : 00000000;
ad32 : 00000000;
ad33 : 00000000;
ad34 : 00000000;
ad35 : 00000000;
ad36 : 00000000;
ad37 : 00000000;
ad38 : 00000000;
ad39 : 00000000;
ad3a : 00000000;
ad3b : 00000000;
ad3c : 00000000;
ad3d : 00000000;
ad3e : 00000000;
ad3f : 00000000;
ad40 : 00000000;
ad41 : 00000000;
ad42 : 00000000;
ad43 : 00000000;
ad44 : 00000000;
ad45 : 00000000;
ad46 : 00000000;
ad47 : 00000000;
ad48 : 00000000;
ad49 : 00000000;
ad4a : 00000000;
ad4b : 00000000;
ad4c : 00000000;
ad4d : 00000000;
ad4e : 00000000;
ad4f : 00000000;
ad50 : 00000000;
ad51 : 00000000;
ad52 : 00000000;
ad53 : 00000000;
ad54 : 00000000;
ad55 : 00000000;
ad56 : 00000000;
ad57 : 00000000;
ad58 : 00000000;
ad59 : 00000000;
ad5a : 00000000;
ad5b : 00000000;
ad5c : 00000000;
ad5d : 00000000;
ad5e : 00000000;
ad5f : 00000000;
ad60 : 00000000;
ad61 : 00000000;
ad62 : 00000000;
ad63 : 00000000;
ad64 : 00000000;
ad65 : 00000000;
ad66 : 00000000;
ad67 : 00000000;
ad68 : 00000000;
ad69 : 00000000;
ad6a : 00000000;
ad6b : 00000000;
ad6c : 00000000;
ad6d : 00000000;
ad6e : 00000000;
ad6f : 00000000;
ad70 : 00000000;
ad71 : 00000000;
ad72 : 00000000;
ad73 : 00000000;
ad74 : 00000000;
ad75 : 00000000;
ad76 : 00000000;
ad77 : 00000000;
ad78 : 00000000;
ad79 : 00000000;
ad7a : 00000000;
ad7b : 00000000;
ad7c : 00000000;
ad7d : 00000000;
ad7e : 00000000;
ad7f : 00000000;
ad80 : 00000000;
ad81 : 00000000;
ad82 : 00000000;
ad83 : 00000000;
ad84 : 00000000;
ad85 : 00000000;
ad86 : 00000000;
ad87 : 00000000;
ad88 : 00000000;
ad89 : 00000000;
ad8a : 00000000;
ad8b : 00000000;
ad8c : 00000000;
ad8d : 00000000;
ad8e : 00000000;
ad8f : 00000000;
ad90 : 00000000;
ad91 : 00000000;
ad92 : 00000000;
ad93 : 00000000;
ad94 : 00000000;
ad95 : 00000000;
ad96 : 00000000;
ad97 : 00000000;
ad98 : 00000000;
ad99 : 00000000;
ad9a : 00000000;
ad9b : 00000000;
ad9c : 00000000;
ad9d : 00000000;
ad9e : 00000000;
ad9f : 00000000;
ada0 : 00000000;
ada1 : 00000000;
ada2 : 00000000;
ada3 : 00000000;
ada4 : 00000000;
ada5 : 00000000;
ada6 : 00000000;
ada7 : 00000000;
ada8 : 00000000;
ada9 : 00000000;
adaa : 00000000;
adab : 00000000;
adac : 00000000;
adad : 00000000;
adae : 00000000;
adaf : 00000000;
adb0 : 00000000;
adb1 : 00000000;
adb2 : 00000000;
adb3 : 00000000;
adb4 : 00000000;
adb5 : 00000000;
adb6 : 00000000;
adb7 : 00000000;
adb8 : 00000000;
adb9 : 00000000;
adba : 00000000;
adbb : 00000000;
adbc : 00000000;
adbd : 00000000;
adbe : 00000000;
adbf : 00000000;
adc0 : 00000000;
adc1 : 00000000;
adc2 : 00000000;
adc3 : 00000000;
adc4 : 00000000;
adc5 : 00000000;
adc6 : 00000000;
adc7 : 00000000;
adc8 : 00000000;
adc9 : 00000000;
adca : 00000000;
adcb : 00000000;
adcc : 00000000;
adcd : 00000000;
adce : 00000000;
adcf : 00000000;
add0 : 00000000;
add1 : 00000000;
add2 : 00000000;
add3 : 00000000;
add4 : 00000000;
add5 : 00000000;
add6 : 00000000;
add7 : 00000000;
add8 : 00000000;
add9 : 00000000;
adda : 00000000;
addb : 00000000;
addc : 00000000;
addd : 00000000;
adde : 00000000;
addf : 00000000;
ade0 : 00000000;
ade1 : 00000000;
ade2 : 00000000;
ade3 : 00000000;
ade4 : 00000000;
ade5 : 00000000;
ade6 : 00000000;
ade7 : 00000000;
ade8 : 00000000;
ade9 : 00000000;
adea : 00000000;
adeb : 00000000;
adec : 00000000;
aded : 00000000;
adee : 00000000;
adef : 00000000;
adf0 : 00000000;
adf1 : 00000000;
adf2 : 00000000;
adf3 : 00000000;
adf4 : 00000000;
adf5 : 00000000;
adf6 : 00000000;
adf7 : 00000000;
adf8 : 00000000;
adf9 : 00000000;
adfa : 00000000;
adfb : 00000000;
adfc : 00000000;
adfd : 00000000;
adfe : 00000000;
adff : 00000000;
ae00 : 00000000;
ae01 : 00000000;
ae02 : 00000000;
ae03 : 00000000;
ae04 : 00000000;
ae05 : 00000000;
ae06 : 00000000;
ae07 : 00000000;
ae08 : 00000000;
ae09 : 00000000;
ae0a : 00000000;
ae0b : 00000000;
ae0c : 00000000;
ae0d : 00000000;
ae0e : 00000000;
ae0f : 00000000;
ae10 : 00000000;
ae11 : 00000000;
ae12 : 00000000;
ae13 : 00000000;
ae14 : 00000000;
ae15 : 00000000;
ae16 : 00000000;
ae17 : 00000000;
ae18 : 00000000;
ae19 : 00000000;
ae1a : 00000000;
ae1b : 00000000;
ae1c : 00000000;
ae1d : 00000000;
ae1e : 00000000;
ae1f : 00000000;
ae20 : 00000000;
ae21 : 00000000;
ae22 : 00000000;
ae23 : 00000000;
ae24 : 00000000;
ae25 : 00000000;
ae26 : 00000000;
ae27 : 00000000;
ae28 : 00000000;
ae29 : 00000000;
ae2a : 00000000;
ae2b : 00000000;
ae2c : 00000000;
ae2d : 00000000;
ae2e : 00000000;
ae2f : 00000000;
ae30 : 00000000;
ae31 : 00000000;
ae32 : 00000000;
ae33 : 00000000;
ae34 : 00000000;
ae35 : 00000000;
ae36 : 00000000;
ae37 : 00000000;
ae38 : 00000000;
ae39 : 00000000;
ae3a : 00000000;
ae3b : 00000000;
ae3c : 00000000;
ae3d : 00000000;
ae3e : 00000000;
ae3f : 00000000;
ae40 : 00000000;
ae41 : 00000000;
ae42 : 00000000;
ae43 : 00000000;
ae44 : 00000000;
ae45 : 00000000;
ae46 : 00000000;
ae47 : 00000000;
ae48 : 00000000;
ae49 : 00000000;
ae4a : 00000000;
ae4b : 00000000;
ae4c : 00000000;
ae4d : 00000000;
ae4e : 00000000;
ae4f : 00000000;
ae50 : 00000000;
ae51 : 00000000;
ae52 : 00000000;
ae53 : 00000000;
ae54 : 00000000;
ae55 : 00000000;
ae56 : 00000000;
ae57 : 00000000;
ae58 : 00000000;
ae59 : 00000000;
ae5a : 00000000;
ae5b : 00000000;
ae5c : 00000000;
ae5d : 00000000;
ae5e : 00000000;
ae5f : 00000000;
ae60 : 00000000;
ae61 : 00000000;
ae62 : 00000000;
ae63 : 00000000;
ae64 : 00000000;
ae65 : 00000000;
ae66 : 00000000;
ae67 : 00000000;
ae68 : 00000000;
ae69 : 00000000;
ae6a : 00000000;
ae6b : 00000000;
ae6c : 00000000;
ae6d : 00000000;
ae6e : 00000000;
ae6f : 00000000;
ae70 : 00000000;
ae71 : 00000000;
ae72 : 00000000;
ae73 : 00000000;
ae74 : 00000000;
ae75 : 00000000;
ae76 : 00000000;
ae77 : 00000000;
ae78 : 00000000;
ae79 : 00000000;
ae7a : 00000000;
ae7b : 00000000;
ae7c : 00000000;
ae7d : 00000000;
ae7e : 00000000;
ae7f : 00000000;
ae80 : 00000000;
ae81 : 00000000;
ae82 : 00000000;
ae83 : 00000000;
ae84 : 00000000;
ae85 : 00000000;
ae86 : 00000000;
ae87 : 00000000;
ae88 : 00000000;
ae89 : 00000000;
ae8a : 00000000;
ae8b : 00000000;
ae8c : 00000000;
ae8d : 00000000;
ae8e : 00000000;
ae8f : 00000000;
ae90 : 00000000;
ae91 : 00000000;
ae92 : 00000000;
ae93 : 00000000;
ae94 : 00000000;
ae95 : 00000000;
ae96 : 00000000;
ae97 : 00000000;
ae98 : 00000000;
ae99 : 00000000;
ae9a : 00000000;
ae9b : 00000000;
ae9c : 00000000;
ae9d : 00000000;
ae9e : 00000000;
ae9f : 00000000;
aea0 : 00000000;
aea1 : 00000000;
aea2 : 00000000;
aea3 : 00000000;
aea4 : 00000000;
aea5 : 00000000;
aea6 : 00000000;
aea7 : 00000000;
aea8 : 00000000;
aea9 : 00000000;
aeaa : 00000000;
aeab : 00000000;
aeac : 00000000;
aead : 00000000;
aeae : 00000000;
aeaf : 00000000;
aeb0 : 00000000;
aeb1 : 00000000;
aeb2 : 00000000;
aeb3 : 00000000;
aeb4 : 00000000;
aeb5 : 00000000;
aeb6 : 00000000;
aeb7 : 00000000;
aeb8 : 00000000;
aeb9 : 00000000;
aeba : 00000000;
aebb : 00000000;
aebc : 00000000;
aebd : 00000000;
aebe : 00000000;
aebf : 00000000;
aec0 : 00000000;
aec1 : 00000000;
aec2 : 00000000;
aec3 : 00000000;
aec4 : 00000000;
aec5 : 00000000;
aec6 : 00000000;
aec7 : 00000000;
aec8 : 00000000;
aec9 : 00000000;
aeca : 00000000;
aecb : 00000000;
aecc : 00000000;
aecd : 00000000;
aece : 00000000;
aecf : 00000000;
aed0 : 00000000;
aed1 : 00000000;
aed2 : 00000000;
aed3 : 00000000;
aed4 : 00000000;
aed5 : 00000000;
aed6 : 00000000;
aed7 : 00000000;
aed8 : 00000000;
aed9 : 00000000;
aeda : 00000000;
aedb : 00000000;
aedc : 00000000;
aedd : 00000000;
aede : 00000000;
aedf : 00000000;
aee0 : 00000000;
aee1 : 00000000;
aee2 : 00000000;
aee3 : 00000000;
aee4 : 00000000;
aee5 : 00000000;
aee6 : 00000000;
aee7 : 00000000;
aee8 : 00000000;
aee9 : 00000000;
aeea : 00000000;
aeeb : 00000000;
aeec : 00000000;
aeed : 00000000;
aeee : 00000000;
aeef : 00000000;
aef0 : 00000000;
aef1 : 00000000;
aef2 : 00000000;
aef3 : 00000000;
aef4 : 00000000;
aef5 : 00000000;
aef6 : 00000000;
aef7 : 00000000;
aef8 : 00000000;
aef9 : 00000000;
aefa : 00000000;
aefb : 00000000;
aefc : 00000000;
aefd : 00000000;
aefe : 00000000;
aeff : 00000000;
af00 : 00000000;
af01 : 00000000;
af02 : 00000000;
af03 : 00000000;
af04 : 00000000;
af05 : 00000000;
af06 : 00000000;
af07 : 00000000;
af08 : 00000000;
af09 : 00000000;
af0a : 00000000;
af0b : 00000000;
af0c : 00000000;
af0d : 00000000;
af0e : 00000000;
af0f : 00000000;
af10 : 00000000;
af11 : 00000000;
af12 : 00000000;
af13 : 00000000;
af14 : 00000000;
af15 : 00000000;
af16 : 00000000;
af17 : 00000000;
af18 : 00000000;
af19 : 00000000;
af1a : 00000000;
af1b : 00000000;
af1c : 00000000;
af1d : 00000000;
af1e : 00000000;
af1f : 00000000;
af20 : 00000000;
af21 : 00000000;
af22 : 00000000;
af23 : 00000000;
af24 : 00000000;
af25 : 00000000;
af26 : 00000000;
af27 : 00000000;
af28 : 00000000;
af29 : 00000000;
af2a : 00000000;
af2b : 00000000;
af2c : 00000000;
af2d : 00000000;
af2e : 00000000;
af2f : 00000000;
af30 : 00000000;
af31 : 00000000;
af32 : 00000000;
af33 : 00000000;
af34 : 00000000;
af35 : 00000000;
af36 : 00000000;
af37 : 00000000;
af38 : 00000000;
af39 : 00000000;
af3a : 00000000;
af3b : 00000000;
af3c : 00000000;
af3d : 00000000;
af3e : 00000000;
af3f : 00000000;
af40 : 00000000;
af41 : 00000000;
af42 : 00000000;
af43 : 00000000;
af44 : 00000000;
af45 : 00000000;
af46 : 00000000;
af47 : 00000000;
af48 : 00000000;
af49 : 00000000;
af4a : 00000000;
af4b : 00000000;
af4c : 00000000;
af4d : 00000000;
af4e : 00000000;
af4f : 00000000;
af50 : 00000000;
af51 : 00000000;
af52 : 00000000;
af53 : 00000000;
af54 : 00000000;
af55 : 00000000;
af56 : 00000000;
af57 : 00000000;
af58 : 00000000;
af59 : 00000000;
af5a : 00000000;
af5b : 00000000;
af5c : 00000000;
af5d : 00000000;
af5e : 00000000;
af5f : 00000000;
af60 : 00000000;
af61 : 00000000;
af62 : 00000000;
af63 : 00000000;
af64 : 00000000;
af65 : 00000000;
af66 : 00000000;
af67 : 00000000;
af68 : 00000000;
af69 : 00000000;
af6a : 00000000;
af6b : 00000000;
af6c : 00000000;
af6d : 00000000;
af6e : 00000000;
af6f : 00000000;
af70 : 00000000;
af71 : 00000000;
af72 : 00000000;
af73 : 00000000;
af74 : 00000000;
af75 : 00000000;
af76 : 00000000;
af77 : 00000000;
af78 : 00000000;
af79 : 00000000;
af7a : 00000000;
af7b : 00000000;
af7c : 00000000;
af7d : 00000000;
af7e : 00000000;
af7f : 00000000;
af80 : 00000000;
af81 : 00000000;
af82 : 00000000;
af83 : 00000000;
af84 : 00000000;
af85 : 00000000;
af86 : 00000000;
af87 : 00000000;
af88 : 00000000;
af89 : 00000000;
af8a : 00000000;
af8b : 00000000;
af8c : 00000000;
af8d : 00000000;
af8e : 00000000;
af8f : 00000000;
af90 : 00000000;
af91 : 00000000;
af92 : 00000000;
af93 : 00000000;
af94 : 00000000;
af95 : 00000000;
af96 : 00000000;
af97 : 00000000;
af98 : 00000000;
af99 : 00000000;
af9a : 00000000;
af9b : 00000000;
af9c : 00000000;
af9d : 00000000;
af9e : 00000000;
af9f : 00000000;
afa0 : 00000000;
afa1 : 00000000;
afa2 : 00000000;
afa3 : 00000000;
afa4 : 00000000;
afa5 : 00000000;
afa6 : 00000000;
afa7 : 00000000;
afa8 : 00000000;
afa9 : 00000000;
afaa : 00000000;
afab : 00000000;
afac : 00000000;
afad : 00000000;
afae : 00000000;
afaf : 00000000;
afb0 : 00000000;
afb1 : 00000000;
afb2 : 00000000;
afb3 : 00000000;
afb4 : 00000000;
afb5 : 00000000;
afb6 : 00000000;
afb7 : 00000000;
afb8 : 00000000;
afb9 : 00000000;
afba : 00000000;
afbb : 00000000;
afbc : 00000000;
afbd : 00000000;
afbe : 00000000;
afbf : 00000000;
afc0 : 00000000;
afc1 : 00000000;
afc2 : 00000000;
afc3 : 00000000;
afc4 : 00000000;
afc5 : 00000000;
afc6 : 00000000;
afc7 : 00000000;
afc8 : 00000000;
afc9 : 00000000;
afca : 00000000;
afcb : 00000000;
afcc : 00000000;
afcd : 00000000;
afce : 00000000;
afcf : 00000000;
afd0 : 00000000;
afd1 : 00000000;
afd2 : 00000000;
afd3 : 00000000;
afd4 : 00000000;
afd5 : 00000000;
afd6 : 00000000;
afd7 : 00000000;
afd8 : 00000000;
afd9 : 00000000;
afda : 00000000;
afdb : 00000000;
afdc : 00000000;
afdd : 00000000;
afde : 00000000;
afdf : 00000000;
afe0 : 00000000;
afe1 : 00000000;
afe2 : 00000000;
afe3 : 00000000;
afe4 : 00000000;
afe5 : 00000000;
afe6 : 00000000;
afe7 : 00000000;
afe8 : 00000000;
afe9 : 00000000;
afea : 00000000;
afeb : 00000000;
afec : 00000000;
afed : 00000000;
afee : 00000000;
afef : 00000000;
aff0 : 00000000;
aff1 : 00000000;
aff2 : 00000000;
aff3 : 00000000;
aff4 : 00000000;
aff5 : 00000000;
aff6 : 00000000;
aff7 : 00000000;
aff8 : 00000000;
aff9 : 00000000;
affa : 00000000;
affb : 00000000;
affc : 00000000;
affd : 00000000;
affe : 00000000;
afff : 00000000;
b000 : 00000000;
b001 : 00000000;
b002 : 00000000;
b003 : 00000000;
b004 : 00000000;
b005 : 00000000;
b006 : 00000000;
b007 : 00000000;
b008 : 00000000;
b009 : 00000000;
b00a : 00000000;
b00b : 00000000;
b00c : 00000000;
b00d : 00000000;
b00e : 00000000;
b00f : 00000000;
b010 : 00000000;
b011 : 00000000;
b012 : 00000000;
b013 : 00000000;
b014 : 00000000;
b015 : 00000000;
b016 : 00000000;
b017 : 00000000;
b018 : 00000000;
b019 : 00000000;
b01a : 00000000;
b01b : 00000000;
b01c : 00000000;
b01d : 00000000;
b01e : 00000000;
b01f : 00000000;
b020 : 00000000;
b021 : 00000000;
b022 : 00000000;
b023 : 00000000;
b024 : 00000000;
b025 : 00000000;
b026 : 00000000;
b027 : 00000000;
b028 : 00000000;
b029 : 00000000;
b02a : 00000000;
b02b : 00000000;
b02c : 00000000;
b02d : 00000000;
b02e : 00000000;
b02f : 00000000;
b030 : 00000000;
b031 : 00000000;
b032 : 00000000;
b033 : 00000000;
b034 : 00000000;
b035 : 00000000;
b036 : 00000000;
b037 : 00000000;
b038 : 00000000;
b039 : 00000000;
b03a : 00000000;
b03b : 00000000;
b03c : 00000000;
b03d : 00000000;
b03e : 00000000;
b03f : 00000000;
b040 : 00000000;
b041 : 00000000;
b042 : 00000000;
b043 : 00000000;
b044 : 00000000;
b045 : 00000000;
b046 : 00000000;
b047 : 00000000;
b048 : 00000000;
b049 : 00000000;
b04a : 00000000;
b04b : 00000000;
b04c : 00000000;
b04d : 00000000;
b04e : 00000000;
b04f : 00000000;
b050 : 00000000;
b051 : 00000000;
b052 : 00000000;
b053 : 00000000;
b054 : 00000000;
b055 : 00000000;
b056 : 00000000;
b057 : 00000000;
b058 : 00000000;
b059 : 00000000;
b05a : 00000000;
b05b : 00000000;
b05c : 00000000;
b05d : 00000000;
b05e : 00000000;
b05f : 00000000;
b060 : 00000000;
b061 : 00000000;
b062 : 00000000;
b063 : 00000000;
b064 : 00000000;
b065 : 00000000;
b066 : 00000000;
b067 : 00000000;
b068 : 00000000;
b069 : 00000000;
b06a : 00000000;
b06b : 00000000;
b06c : 00000000;
b06d : 00000000;
b06e : 00000000;
b06f : 00000000;
b070 : 00000000;
b071 : 00000000;
b072 : 00000000;
b073 : 00000000;
b074 : 00000000;
b075 : 00000000;
b076 : 00000000;
b077 : 00000000;
b078 : 00000000;
b079 : 00000000;
b07a : 00000000;
b07b : 00000000;
b07c : 00000000;
b07d : 00000000;
b07e : 00000000;
b07f : 00000000;
b080 : 00000000;
b081 : 00000000;
b082 : 00000000;
b083 : 00000000;
b084 : 00000000;
b085 : 00000000;
b086 : 00000000;
b087 : 00000000;
b088 : 00000000;
b089 : 00000000;
b08a : 00000000;
b08b : 00000000;
b08c : 00000000;
b08d : 00000000;
b08e : 00000000;
b08f : 00000000;
b090 : 00000000;
b091 : 00000000;
b092 : 00000000;
b093 : 00000000;
b094 : 00000000;
b095 : 00000000;
b096 : 00000000;
b097 : 00000000;
b098 : 00000000;
b099 : 00000000;
b09a : 00000000;
b09b : 00000000;
b09c : 00000000;
b09d : 00000000;
b09e : 00000000;
b09f : 00000000;
b0a0 : 00000000;
b0a1 : 00000000;
b0a2 : 00000000;
b0a3 : 00000000;
b0a4 : 00000000;
b0a5 : 00000000;
b0a6 : 00000000;
b0a7 : 00000000;
b0a8 : 00000000;
b0a9 : 00000000;
b0aa : 00000000;
b0ab : 00000000;
b0ac : 00000000;
b0ad : 00000000;
b0ae : 00000000;
b0af : 00000000;
b0b0 : 00000000;
b0b1 : 00000000;
b0b2 : 00000000;
b0b3 : 00000000;
b0b4 : 00000000;
b0b5 : 00000000;
b0b6 : 00000000;
b0b7 : 00000000;
b0b8 : 00000000;
b0b9 : 00000000;
b0ba : 00000000;
b0bb : 00000000;
b0bc : 00000000;
b0bd : 00000000;
b0be : 00000000;
b0bf : 00000000;
b0c0 : 00000000;
b0c1 : 00000000;
b0c2 : 00000000;
b0c3 : 00000000;
b0c4 : 00000000;
b0c5 : 00000000;
b0c6 : 00000000;
b0c7 : 00000000;
b0c8 : 00000000;
b0c9 : 00000000;
b0ca : 00000000;
b0cb : 00000000;
b0cc : 00000000;
b0cd : 00000000;
b0ce : 00000000;
b0cf : 00000000;
b0d0 : 00000000;
b0d1 : 00000000;
b0d2 : 00000000;
b0d3 : 00000000;
b0d4 : 00000000;
b0d5 : 00000000;
b0d6 : 00000000;
b0d7 : 00000000;
b0d8 : 00000000;
b0d9 : 00000000;
b0da : 00000000;
b0db : 00000000;
b0dc : 00000000;
b0dd : 00000000;
b0de : 00000000;
b0df : 00000000;
b0e0 : 00000000;
b0e1 : 00000000;
b0e2 : 00000000;
b0e3 : 00000000;
b0e4 : 00000000;
b0e5 : 00000000;
b0e6 : 00000000;
b0e7 : 00000000;
b0e8 : 00000000;
b0e9 : 00000000;
b0ea : 00000000;
b0eb : 00000000;
b0ec : 00000000;
b0ed : 00000000;
b0ee : 00000000;
b0ef : 00000000;
b0f0 : 00000000;
b0f1 : 00000000;
b0f2 : 00000000;
b0f3 : 00000000;
b0f4 : 00000000;
b0f5 : 00000000;
b0f6 : 00000000;
b0f7 : 00000000;
b0f8 : 00000000;
b0f9 : 00000000;
b0fa : 00000000;
b0fb : 00000000;
b0fc : 00000000;
b0fd : 00000000;
b0fe : 00000000;
b0ff : 00000000;
b100 : 00000000;
b101 : 00000000;
b102 : 00000000;
b103 : 00000000;
b104 : 00000000;
b105 : 00000000;
b106 : 00000000;
b107 : 00000000;
b108 : 00000000;
b109 : 00000000;
b10a : 00000000;
b10b : 00000000;
b10c : 00000000;
b10d : 00000000;
b10e : 00000000;
b10f : 00000000;
b110 : 00000000;
b111 : 00000000;
b112 : 00000000;
b113 : 00000000;
b114 : 00000000;
b115 : 00000000;
b116 : 00000000;
b117 : 00000000;
b118 : 00000000;
b119 : 00000000;
b11a : 00000000;
b11b : 00000000;
b11c : 00000000;
b11d : 00000000;
b11e : 00000000;
b11f : 00000000;
b120 : 00000000;
b121 : 00000000;
b122 : 00000000;
b123 : 00000000;
b124 : 00000000;
b125 : 00000000;
b126 : 00000000;
b127 : 00000000;
b128 : 00000000;
b129 : 00000000;
b12a : 00000000;
b12b : 00000000;
b12c : 00000000;
b12d : 00000000;
b12e : 00000000;
b12f : 00000000;
b130 : 00000000;
b131 : 00000000;
b132 : 00000000;
b133 : 00000000;
b134 : 00000000;
b135 : 00000000;
b136 : 00000000;
b137 : 00000000;
b138 : 00000000;
b139 : 00000000;
b13a : 00000000;
b13b : 00000000;
b13c : 00000000;
b13d : 00000000;
b13e : 00000000;
b13f : 00000000;
b140 : 00000000;
b141 : 00000000;
b142 : 00000000;
b143 : 00000000;
b144 : 00000000;
b145 : 00000000;
b146 : 00000000;
b147 : 00000000;
b148 : 00000000;
b149 : 00000000;
b14a : 00000000;
b14b : 00000000;
b14c : 00000000;
b14d : 00000000;
b14e : 00000000;
b14f : 00000000;
b150 : 00000000;
b151 : 00000000;
b152 : 00000000;
b153 : 00000000;
b154 : 00000000;
b155 : 00000000;
b156 : 00000000;
b157 : 00000000;
b158 : 00000000;
b159 : 00000000;
b15a : 00000000;
b15b : 00000000;
b15c : 00000000;
b15d : 00000000;
b15e : 00000000;
b15f : 00000000;
b160 : 00000000;
b161 : 00000000;
b162 : 00000000;
b163 : 00000000;
b164 : 00000000;
b165 : 00000000;
b166 : 00000000;
b167 : 00000000;
b168 : 00000000;
b169 : 00000000;
b16a : 00000000;
b16b : 00000000;
b16c : 00000000;
b16d : 00000000;
b16e : 00000000;
b16f : 00000000;
b170 : 00000000;
b171 : 00000000;
b172 : 00000000;
b173 : 00000000;
b174 : 00000000;
b175 : 00000000;
b176 : 00000000;
b177 : 00000000;
b178 : 00000000;
b179 : 00000000;
b17a : 00000000;
b17b : 00000000;
b17c : 00000000;
b17d : 00000000;
b17e : 00000000;
b17f : 00000000;
b180 : 00000000;
b181 : 00000000;
b182 : 00000000;
b183 : 00000000;
b184 : 00000000;
b185 : 00000000;
b186 : 00000000;
b187 : 00000000;
b188 : 00000000;
b189 : 00000000;
b18a : 00000000;
b18b : 00000000;
b18c : 00000000;
b18d : 00000000;
b18e : 00000000;
b18f : 00000000;
b190 : 00000000;
b191 : 00000000;
b192 : 00000000;
b193 : 00000000;
b194 : 00000000;
b195 : 00000000;
b196 : 00000000;
b197 : 00000000;
b198 : 00000000;
b199 : 00000000;
b19a : 00000000;
b19b : 00000000;
b19c : 00000000;
b19d : 00000000;
b19e : 00000000;
b19f : 00000000;
b1a0 : 00000000;
b1a1 : 00000000;
b1a2 : 00000000;
b1a3 : 00000000;
b1a4 : 00000000;
b1a5 : 00000000;
b1a6 : 00000000;
b1a7 : 00000000;
b1a8 : 00000000;
b1a9 : 00000000;
b1aa : 00000000;
b1ab : 00000000;
b1ac : 00000000;
b1ad : 00000000;
b1ae : 00000000;
b1af : 00000000;
b1b0 : 00000000;
b1b1 : 00000000;
b1b2 : 00000000;
b1b3 : 00000000;
b1b4 : 00000000;
b1b5 : 00000000;
b1b6 : 00000000;
b1b7 : 00000000;
b1b8 : 00000000;
b1b9 : 00000000;
b1ba : 00000000;
b1bb : 00000000;
b1bc : 00000000;
b1bd : 00000000;
b1be : 00000000;
b1bf : 00000000;
b1c0 : 00000000;
b1c1 : 00000000;
b1c2 : 00000000;
b1c3 : 00000000;
b1c4 : 00000000;
b1c5 : 00000000;
b1c6 : 00000000;
b1c7 : 00000000;
b1c8 : 00000000;
b1c9 : 00000000;
b1ca : 00000000;
b1cb : 00000000;
b1cc : 00000000;
b1cd : 00000000;
b1ce : 00000000;
b1cf : 00000000;
b1d0 : 00000000;
b1d1 : 00000000;
b1d2 : 00000000;
b1d3 : 00000000;
b1d4 : 00000000;
b1d5 : 00000000;
b1d6 : 00000000;
b1d7 : 00000000;
b1d8 : 00000000;
b1d9 : 00000000;
b1da : 00000000;
b1db : 00000000;
b1dc : 00000000;
b1dd : 00000000;
b1de : 00000000;
b1df : 00000000;
b1e0 : 00000000;
b1e1 : 00000000;
b1e2 : 00000000;
b1e3 : 00000000;
b1e4 : 00000000;
b1e5 : 00000000;
b1e6 : 00000000;
b1e7 : 00000000;
b1e8 : 00000000;
b1e9 : 00000000;
b1ea : 00000000;
b1eb : 00000000;
b1ec : 00000000;
b1ed : 00000000;
b1ee : 00000000;
b1ef : 00000000;
b1f0 : 00000000;
b1f1 : 00000000;
b1f2 : 00000000;
b1f3 : 00000000;
b1f4 : 00000000;
b1f5 : 00000000;
b1f6 : 00000000;
b1f7 : 00000000;
b1f8 : 00000000;
b1f9 : 00000000;
b1fa : 00000000;
b1fb : 00000000;
b1fc : 00000000;
b1fd : 00000000;
b1fe : 00000000;
b1ff : 00000000;
b200 : 00000000;
b201 : 00000000;
b202 : 00000000;
b203 : 00000000;
b204 : 00000000;
b205 : 00000000;
b206 : 00000000;
b207 : 00000000;
b208 : 00000000;
b209 : 00000000;
b20a : 00000000;
b20b : 00000000;
b20c : 00000000;
b20d : 00000000;
b20e : 00000000;
b20f : 00000000;
b210 : 00000000;
b211 : 00000000;
b212 : 00000000;
b213 : 00000000;
b214 : 00000000;
b215 : 00000000;
b216 : 00000000;
b217 : 00000000;
b218 : 00000000;
b219 : 00000000;
b21a : 00000000;
b21b : 00000000;
b21c : 00000000;
b21d : 00000000;
b21e : 00000000;
b21f : 00000000;
b220 : 00000000;
b221 : 00000000;
b222 : 00000000;
b223 : 00000000;
b224 : 00000000;
b225 : 00000000;
b226 : 00000000;
b227 : 00000000;
b228 : 00000000;
b229 : 00000000;
b22a : 00000000;
b22b : 00000000;
b22c : 00000000;
b22d : 00000000;
b22e : 00000000;
b22f : 00000000;
b230 : 00000000;
b231 : 00000000;
b232 : 00000000;
b233 : 00000000;
b234 : 00000000;
b235 : 00000000;
b236 : 00000000;
b237 : 00000000;
b238 : 00000000;
b239 : 00000000;
b23a : 00000000;
b23b : 00000000;
b23c : 00000000;
b23d : 00000000;
b23e : 00000000;
b23f : 00000000;
b240 : 00000000;
b241 : 00000000;
b242 : 00000000;
b243 : 00000000;
b244 : 00000000;
b245 : 00000000;
b246 : 00000000;
b247 : 00000000;
b248 : 00000000;
b249 : 00000000;
b24a : 00000000;
b24b : 00000000;
b24c : 00000000;
b24d : 00000000;
b24e : 00000000;
b24f : 00000000;
b250 : 00000000;
b251 : 00000000;
b252 : 00000000;
b253 : 00000000;
b254 : 00000000;
b255 : 00000000;
b256 : 00000000;
b257 : 00000000;
b258 : 00000000;
b259 : 00000000;
b25a : 00000000;
b25b : 00000000;
b25c : 00000000;
b25d : 00000000;
b25e : 00000000;
b25f : 00000000;
b260 : 00000000;
b261 : 00000000;
b262 : 00000000;
b263 : 00000000;
b264 : 00000000;
b265 : 00000000;
b266 : 00000000;
b267 : 00000000;
b268 : 00000000;
b269 : 00000000;
b26a : 00000000;
b26b : 00000000;
b26c : 00000000;
b26d : 00000000;
b26e : 00000000;
b26f : 00000000;
b270 : 00000000;
b271 : 00000000;
b272 : 00000000;
b273 : 00000000;
b274 : 00000000;
b275 : 00000000;
b276 : 00000000;
b277 : 00000000;
b278 : 00000000;
b279 : 00000000;
b27a : 00000000;
b27b : 00000000;
b27c : 00000000;
b27d : 00000000;
b27e : 00000000;
b27f : 00000000;
b280 : 00000000;
b281 : 00000000;
b282 : 00000000;
b283 : 00000000;
b284 : 00000000;
b285 : 00000000;
b286 : 00000000;
b287 : 00000000;
b288 : 00000000;
b289 : 00000000;
b28a : 00000000;
b28b : 00000000;
b28c : 00000000;
b28d : 00000000;
b28e : 00000000;
b28f : 00000000;
b290 : 00000000;
b291 : 00000000;
b292 : 00000000;
b293 : 00000000;
b294 : 00000000;
b295 : 00000000;
b296 : 00000000;
b297 : 00000000;
b298 : 00000000;
b299 : 00000000;
b29a : 00000000;
b29b : 00000000;
b29c : 00000000;
b29d : 00000000;
b29e : 00000000;
b29f : 00000000;
b2a0 : 00000000;
b2a1 : 00000000;
b2a2 : 00000000;
b2a3 : 00000000;
b2a4 : 00000000;
b2a5 : 00000000;
b2a6 : 00000000;
b2a7 : 00000000;
b2a8 : 00000000;
b2a9 : 00000000;
b2aa : 00000000;
b2ab : 00000000;
b2ac : 00000000;
b2ad : 00000000;
b2ae : 00000000;
b2af : 00000000;
b2b0 : 00000000;
b2b1 : 00000000;
b2b2 : 00000000;
b2b3 : 00000000;
b2b4 : 00000000;
b2b5 : 00000000;
b2b6 : 00000000;
b2b7 : 00000000;
b2b8 : 00000000;
b2b9 : 00000000;
b2ba : 00000000;
b2bb : 00000000;
b2bc : 00000000;
b2bd : 00000000;
b2be : 00000000;
b2bf : 00000000;
b2c0 : 00000000;
b2c1 : 00000000;
b2c2 : 00000000;
b2c3 : 00000000;
b2c4 : 00000000;
b2c5 : 00000000;
b2c6 : 00000000;
b2c7 : 00000000;
b2c8 : 00000000;
b2c9 : 00000000;
b2ca : 00000000;
b2cb : 00000000;
b2cc : 00000000;
b2cd : 00000000;
b2ce : 00000000;
b2cf : 00000000;
b2d0 : 00000000;
b2d1 : 00000000;
b2d2 : 00000000;
b2d3 : 00000000;
b2d4 : 00000000;
b2d5 : 00000000;
b2d6 : 00000000;
b2d7 : 00000000;
b2d8 : 00000000;
b2d9 : 00000000;
b2da : 00000000;
b2db : 00000000;
b2dc : 00000000;
b2dd : 00000000;
b2de : 00000000;
b2df : 00000000;
b2e0 : 00000000;
b2e1 : 00000000;
b2e2 : 00000000;
b2e3 : 00000000;
b2e4 : 00000000;
b2e5 : 00000000;
b2e6 : 00000000;
b2e7 : 00000000;
b2e8 : 00000000;
b2e9 : 00000000;
b2ea : 00000000;
b2eb : 00000000;
b2ec : 00000000;
b2ed : 00000000;
b2ee : 00000000;
b2ef : 00000000;
b2f0 : 00000000;
b2f1 : 00000000;
b2f2 : 00000000;
b2f3 : 00000000;
b2f4 : 00000000;
b2f5 : 00000000;
b2f6 : 00000000;
b2f7 : 00000000;
b2f8 : 00000000;
b2f9 : 00000000;
b2fa : 00000000;
b2fb : 00000000;
b2fc : 00000000;
b2fd : 00000000;
b2fe : 00000000;
b2ff : 00000000;
b300 : 00000000;
b301 : 00000000;
b302 : 00000000;
b303 : 00000000;
b304 : 00000000;
b305 : 00000000;
b306 : 00000000;
b307 : 00000000;
b308 : 00000000;
b309 : 00000000;
b30a : 00000000;
b30b : 00000000;
b30c : 00000000;
b30d : 00000000;
b30e : 00000000;
b30f : 00000000;
b310 : 00000000;
b311 : 00000000;
b312 : 00000000;
b313 : 00000000;
b314 : 00000000;
b315 : 00000000;
b316 : 00000000;
b317 : 00000000;
b318 : 00000000;
b319 : 00000000;
b31a : 00000000;
b31b : 00000000;
b31c : 00000000;
b31d : 00000000;
b31e : 00000000;
b31f : 00000000;
b320 : 00000000;
b321 : 00000000;
b322 : 00000000;
b323 : 00000000;
b324 : 00000000;
b325 : 00000000;
b326 : 00000000;
b327 : 00000000;
b328 : 00000000;
b329 : 00000000;
b32a : 00000000;
b32b : 00000000;
b32c : 00000000;
b32d : 00000000;
b32e : 00000000;
b32f : 00000000;
b330 : 00000000;
b331 : 00000000;
b332 : 00000000;
b333 : 00000000;
b334 : 00000000;
b335 : 00000000;
b336 : 00000000;
b337 : 00000000;
b338 : 00000000;
b339 : 00000000;
b33a : 00000000;
b33b : 00000000;
b33c : 00000000;
b33d : 00000000;
b33e : 00000000;
b33f : 00000000;
b340 : 00000000;
b341 : 00000000;
b342 : 00000000;
b343 : 00000000;
b344 : 00000000;
b345 : 00000000;
b346 : 00000000;
b347 : 00000000;
b348 : 00000000;
b349 : 00000000;
b34a : 00000000;
b34b : 00000000;
b34c : 00000000;
b34d : 00000000;
b34e : 00000000;
b34f : 00000000;
b350 : 00000000;
b351 : 00000000;
b352 : 00000000;
b353 : 00000000;
b354 : 00000000;
b355 : 00000000;
b356 : 00000000;
b357 : 00000000;
b358 : 00000000;
b359 : 00000000;
b35a : 00000000;
b35b : 00000000;
b35c : 00000000;
b35d : 00000000;
b35e : 00000000;
b35f : 00000000;
b360 : 00000000;
b361 : 00000000;
b362 : 00000000;
b363 : 00000000;
b364 : 00000000;
b365 : 00000000;
b366 : 00000000;
b367 : 00000000;
b368 : 00000000;
b369 : 00000000;
b36a : 00000000;
b36b : 00000000;
b36c : 00000000;
b36d : 00000000;
b36e : 00000000;
b36f : 00000000;
b370 : 00000000;
b371 : 00000000;
b372 : 00000000;
b373 : 00000000;
b374 : 00000000;
b375 : 00000000;
b376 : 00000000;
b377 : 00000000;
b378 : 00000000;
b379 : 00000000;
b37a : 00000000;
b37b : 00000000;
b37c : 00000000;
b37d : 00000000;
b37e : 00000000;
b37f : 00000000;
b380 : 00000000;
b381 : 00000000;
b382 : 00000000;
b383 : 00000000;
b384 : 00000000;
b385 : 00000000;
b386 : 00000000;
b387 : 00000000;
b388 : 00000000;
b389 : 00000000;
b38a : 00000000;
b38b : 00000000;
b38c : 00000000;
b38d : 00000000;
b38e : 00000000;
b38f : 00000000;
b390 : 00000000;
b391 : 00000000;
b392 : 00000000;
b393 : 00000000;
b394 : 00000000;
b395 : 00000000;
b396 : 00000000;
b397 : 00000000;
b398 : 00000000;
b399 : 00000000;
b39a : 00000000;
b39b : 00000000;
b39c : 00000000;
b39d : 00000000;
b39e : 00000000;
b39f : 00000000;
b3a0 : 00000000;
b3a1 : 00000000;
b3a2 : 00000000;
b3a3 : 00000000;
b3a4 : 00000000;
b3a5 : 00000000;
b3a6 : 00000000;
b3a7 : 00000000;
b3a8 : 00000000;
b3a9 : 00000000;
b3aa : 00000000;
b3ab : 00000000;
b3ac : 00000000;
b3ad : 00000000;
b3ae : 00000000;
b3af : 00000000;
b3b0 : 00000000;
b3b1 : 00000000;
b3b2 : 00000000;
b3b3 : 00000000;
b3b4 : 00000000;
b3b5 : 00000000;
b3b6 : 00000000;
b3b7 : 00000000;
b3b8 : 00000000;
b3b9 : 00000000;
b3ba : 00000000;
b3bb : 00000000;
b3bc : 00000000;
b3bd : 00000000;
b3be : 00000000;
b3bf : 00000000;
b3c0 : 00000000;
b3c1 : 00000000;
b3c2 : 00000000;
b3c3 : 00000000;
b3c4 : 00000000;
b3c5 : 00000000;
b3c6 : 00000000;
b3c7 : 00000000;
b3c8 : 00000000;
b3c9 : 00000000;
b3ca : 00000000;
b3cb : 00000000;
b3cc : 00000000;
b3cd : 00000000;
b3ce : 00000000;
b3cf : 00000000;
b3d0 : 00000000;
b3d1 : 00000000;
b3d2 : 00000000;
b3d3 : 00000000;
b3d4 : 00000000;
b3d5 : 00000000;
b3d6 : 00000000;
b3d7 : 00000000;
b3d8 : 00000000;
b3d9 : 00000000;
b3da : 00000000;
b3db : 00000000;
b3dc : 00000000;
b3dd : 00000000;
b3de : 00000000;
b3df : 00000000;
b3e0 : 00000000;
b3e1 : 00000000;
b3e2 : 00000000;
b3e3 : 00000000;
b3e4 : 00000000;
b3e5 : 00000000;
b3e6 : 00000000;
b3e7 : 00000000;
b3e8 : 00000000;
b3e9 : 00000000;
b3ea : 00000000;
b3eb : 00000000;
b3ec : 00000000;
b3ed : 00000000;
b3ee : 00000000;
b3ef : 00000000;
b3f0 : 00000000;
b3f1 : 00000000;
b3f2 : 00000000;
b3f3 : 00000000;
b3f4 : 00000000;
b3f5 : 00000000;
b3f6 : 00000000;
b3f7 : 00000000;
b3f8 : 00000000;
b3f9 : 00000000;
b3fa : 00000000;
b3fb : 00000000;
b3fc : 00000000;
b3fd : 00000000;
b3fe : 00000000;
b3ff : 00000000;
b400 : 00000000;
b401 : 00000000;
b402 : 00000000;
b403 : 00000000;
b404 : 00000000;
b405 : 00000000;
b406 : 00000000;
b407 : 00000000;
b408 : 00000000;
b409 : 00000000;
b40a : 00000000;
b40b : 00000000;
b40c : 00000000;
b40d : 00000000;
b40e : 00000000;
b40f : 00000000;
b410 : 00000000;
b411 : 00000000;
b412 : 00000000;
b413 : 00000000;
b414 : 00000000;
b415 : 00000000;
b416 : 00000000;
b417 : 00000000;
b418 : 00000000;
b419 : 00000000;
b41a : 00000000;
b41b : 00000000;
b41c : 00000000;
b41d : 00000000;
b41e : 00000000;
b41f : 00000000;
b420 : 00000000;
b421 : 00000000;
b422 : 00000000;
b423 : 00000000;
b424 : 00000000;
b425 : 00000000;
b426 : 00000000;
b427 : 00000000;
b428 : 00000000;
b429 : 00000000;
b42a : 00000000;
b42b : 00000000;
b42c : 00000000;
b42d : 00000000;
b42e : 00000000;
b42f : 00000000;
b430 : 00000000;
b431 : 00000000;
b432 : 00000000;
b433 : 00000000;
b434 : 00000000;
b435 : 00000000;
b436 : 00000000;
b437 : 00000000;
b438 : 00000000;
b439 : 00000000;
b43a : 00000000;
b43b : 00000000;
b43c : 00000000;
b43d : 00000000;
b43e : 00000000;
b43f : 00000000;
b440 : 00000000;
b441 : 00000000;
b442 : 00000000;
b443 : 00000000;
b444 : 00000000;
b445 : 00000000;
b446 : 00000000;
b447 : 00000000;
b448 : 00000000;
b449 : 00000000;
b44a : 00000000;
b44b : 00000000;
b44c : 00000000;
b44d : 00000000;
b44e : 00000000;
b44f : 00000000;
b450 : 00000000;
b451 : 00000000;
b452 : 00000000;
b453 : 00000000;
b454 : 00000000;
b455 : 00000000;
b456 : 00000000;
b457 : 00000000;
b458 : 00000000;
b459 : 00000000;
b45a : 00000000;
b45b : 00000000;
b45c : 00000000;
b45d : 00000000;
b45e : 00000000;
b45f : 00000000;
b460 : 00000000;
b461 : 00000000;
b462 : 00000000;
b463 : 00000000;
b464 : 00000000;
b465 : 00000000;
b466 : 00000000;
b467 : 00000000;
b468 : 00000000;
b469 : 00000000;
b46a : 00000000;
b46b : 00000000;
b46c : 00000000;
b46d : 00000000;
b46e : 00000000;
b46f : 00000000;
b470 : 00000000;
b471 : 00000000;
b472 : 00000000;
b473 : 00000000;
b474 : 00000000;
b475 : 00000000;
b476 : 00000000;
b477 : 00000000;
b478 : 00000000;
b479 : 00000000;
b47a : 00000000;
b47b : 00000000;
b47c : 00000000;
b47d : 00000000;
b47e : 00000000;
b47f : 00000000;
b480 : 00000000;
b481 : 00000000;
b482 : 00000000;
b483 : 00000000;
b484 : 00000000;
b485 : 00000000;
b486 : 00000000;
b487 : 00000000;
b488 : 00000000;
b489 : 00000000;
b48a : 00000000;
b48b : 00000000;
b48c : 00000000;
b48d : 00000000;
b48e : 00000000;
b48f : 00000000;
b490 : 00000000;
b491 : 00000000;
b492 : 00000000;
b493 : 00000000;
b494 : 00000000;
b495 : 00000000;
b496 : 00000000;
b497 : 00000000;
b498 : 00000000;
b499 : 00000000;
b49a : 00000000;
b49b : 00000000;
b49c : 00000000;
b49d : 00000000;
b49e : 00000000;
b49f : 00000000;
b4a0 : 00000000;
b4a1 : 00000000;
b4a2 : 00000000;
b4a3 : 00000000;
b4a4 : 00000000;
b4a5 : 00000000;
b4a6 : 00000000;
b4a7 : 00000000;
b4a8 : 00000000;
b4a9 : 00000000;
b4aa : 00000000;
b4ab : 00000000;
b4ac : 00000000;
b4ad : 00000000;
b4ae : 00000000;
b4af : 00000000;
b4b0 : 00000000;
b4b1 : 00000000;
b4b2 : 00000000;
b4b3 : 00000000;
b4b4 : 00000000;
b4b5 : 00000000;
b4b6 : 00000000;
b4b7 : 00000000;
b4b8 : 00000000;
b4b9 : 00000000;
b4ba : 00000000;
b4bb : 00000000;
b4bc : 00000000;
b4bd : 00000000;
b4be : 00000000;
b4bf : 00000000;
b4c0 : 00000000;
b4c1 : 00000000;
b4c2 : 00000000;
b4c3 : 00000000;
b4c4 : 00000000;
b4c5 : 00000000;
b4c6 : 00000000;
b4c7 : 00000000;
b4c8 : 00000000;
b4c9 : 00000000;
b4ca : 00000000;
b4cb : 00000000;
b4cc : 00000000;
b4cd : 00000000;
b4ce : 00000000;
b4cf : 00000000;
b4d0 : 00000000;
b4d1 : 00000000;
b4d2 : 00000000;
b4d3 : 00000000;
b4d4 : 00000000;
b4d5 : 00000000;
b4d6 : 00000000;
b4d7 : 00000000;
b4d8 : 00000000;
b4d9 : 00000000;
b4da : 00000000;
b4db : 00000000;
b4dc : 00000000;
b4dd : 00000000;
b4de : 00000000;
b4df : 00000000;
b4e0 : 00000000;
b4e1 : 00000000;
b4e2 : 00000000;
b4e3 : 00000000;
b4e4 : 00000000;
b4e5 : 00000000;
b4e6 : 00000000;
b4e7 : 00000000;
b4e8 : 00000000;
b4e9 : 00000000;
b4ea : 00000000;
b4eb : 00000000;
b4ec : 00000000;
b4ed : 00000000;
b4ee : 00000000;
b4ef : 00000000;
b4f0 : 00000000;
b4f1 : 00000000;
b4f2 : 00000000;
b4f3 : 00000000;
b4f4 : 00000000;
b4f5 : 00000000;
b4f6 : 00000000;
b4f7 : 00000000;
b4f8 : 00000000;
b4f9 : 00000000;
b4fa : 00000000;
b4fb : 00000000;
b4fc : 00000000;
b4fd : 00000000;
b4fe : 00000000;
b4ff : 00000000;
b500 : 00000000;
b501 : 00000000;
b502 : 00000000;
b503 : 00000000;
b504 : 00000000;
b505 : 00000000;
b506 : 00000000;
b507 : 00000000;
b508 : 00000000;
b509 : 00000000;
b50a : 00000000;
b50b : 00000000;
b50c : 00000000;
b50d : 00000000;
b50e : 00000000;
b50f : 00000000;
b510 : 00000000;
b511 : 00000000;
b512 : 00000000;
b513 : 00000000;
b514 : 00000000;
b515 : 00000000;
b516 : 00000000;
b517 : 00000000;
b518 : 00000000;
b519 : 00000000;
b51a : 00000000;
b51b : 00000000;
b51c : 00000000;
b51d : 00000000;
b51e : 00000000;
b51f : 00000000;
b520 : 00000000;
b521 : 00000000;
b522 : 00000000;
b523 : 00000000;
b524 : 00000000;
b525 : 00000000;
b526 : 00000000;
b527 : 00000000;
b528 : 00000000;
b529 : 00000000;
b52a : 00000000;
b52b : 00000000;
b52c : 00000000;
b52d : 00000000;
b52e : 00000000;
b52f : 00000000;
b530 : 00000000;
b531 : 00000000;
b532 : 00000000;
b533 : 00000000;
b534 : 00000000;
b535 : 00000000;
b536 : 00000000;
b537 : 00000000;
b538 : 00000000;
b539 : 00000000;
b53a : 00000000;
b53b : 00000000;
b53c : 00000000;
b53d : 00000000;
b53e : 00000000;
b53f : 00000000;
b540 : 00000000;
b541 : 00000000;
b542 : 00000000;
b543 : 00000000;
b544 : 00000000;
b545 : 00000000;
b546 : 00000000;
b547 : 00000000;
b548 : 00000000;
b549 : 00000000;
b54a : 00000000;
b54b : 00000000;
b54c : 00000000;
b54d : 00000000;
b54e : 00000000;
b54f : 00000000;
b550 : 00000000;
b551 : 00000000;
b552 : 00000000;
b553 : 00000000;
b554 : 00000000;
b555 : 00000000;
b556 : 00000000;
b557 : 00000000;
b558 : 00000000;
b559 : 00000000;
b55a : 00000000;
b55b : 00000000;
b55c : 00000000;
b55d : 00000000;
b55e : 00000000;
b55f : 00000000;
b560 : 00000000;
b561 : 00000000;
b562 : 00000000;
b563 : 00000000;
b564 : 00000000;
b565 : 00000000;
b566 : 00000000;
b567 : 00000000;
b568 : 00000000;
b569 : 00000000;
b56a : 00000000;
b56b : 00000000;
b56c : 00000000;
b56d : 00000000;
b56e : 00000000;
b56f : 00000000;
b570 : 00000000;
b571 : 00000000;
b572 : 00000000;
b573 : 00000000;
b574 : 00000000;
b575 : 00000000;
b576 : 00000000;
b577 : 00000000;
b578 : 00000000;
b579 : 00000000;
b57a : 00000000;
b57b : 00000000;
b57c : 00000000;
b57d : 00000000;
b57e : 00000000;
b57f : 00000000;
b580 : 00000000;
b581 : 00000000;
b582 : 00000000;
b583 : 00000000;
b584 : 00000000;
b585 : 00000000;
b586 : 00000000;
b587 : 00000000;
b588 : 00000000;
b589 : 00000000;
b58a : 00000000;
b58b : 00000000;
b58c : 00000000;
b58d : 00000000;
b58e : 00000000;
b58f : 00000000;
b590 : 00000000;
b591 : 00000000;
b592 : 00000000;
b593 : 00000000;
b594 : 00000000;
b595 : 00000000;
b596 : 00000000;
b597 : 00000000;
b598 : 00000000;
b599 : 00000000;
b59a : 00000000;
b59b : 00000000;
b59c : 00000000;
b59d : 00000000;
b59e : 00000000;
b59f : 00000000;
b5a0 : 00000000;
b5a1 : 00000000;
b5a2 : 00000000;
b5a3 : 00000000;
b5a4 : 00000000;
b5a5 : 00000000;
b5a6 : 00000000;
b5a7 : 00000000;
b5a8 : 00000000;
b5a9 : 00000000;
b5aa : 00000000;
b5ab : 00000000;
b5ac : 00000000;
b5ad : 00000000;
b5ae : 00000000;
b5af : 00000000;
b5b0 : 00000000;
b5b1 : 00000000;
b5b2 : 00000000;
b5b3 : 00000000;
b5b4 : 00000000;
b5b5 : 00000000;
b5b6 : 00000000;
b5b7 : 00000000;
b5b8 : 00000000;
b5b9 : 00000000;
b5ba : 00000000;
b5bb : 00000000;
b5bc : 00000000;
b5bd : 00000000;
b5be : 00000000;
b5bf : 00000000;
b5c0 : 00000000;
b5c1 : 00000000;
b5c2 : 00000000;
b5c3 : 00000000;
b5c4 : 00000000;
b5c5 : 00000000;
b5c6 : 00000000;
b5c7 : 00000000;
b5c8 : 00000000;
b5c9 : 00000000;
b5ca : 00000000;
b5cb : 00000000;
b5cc : 00000000;
b5cd : 00000000;
b5ce : 00000000;
b5cf : 00000000;
b5d0 : 00000000;
b5d1 : 00000000;
b5d2 : 00000000;
b5d3 : 00000000;
b5d4 : 00000000;
b5d5 : 00000000;
b5d6 : 00000000;
b5d7 : 00000000;
b5d8 : 00000000;
b5d9 : 00000000;
b5da : 00000000;
b5db : 00000000;
b5dc : 00000000;
b5dd : 00000000;
b5de : 00000000;
b5df : 00000000;
b5e0 : 00000000;
b5e1 : 00000000;
b5e2 : 00000000;
b5e3 : 00000000;
b5e4 : 00000000;
b5e5 : 00000000;
b5e6 : 00000000;
b5e7 : 00000000;
b5e8 : 00000000;
b5e9 : 00000000;
b5ea : 00000000;
b5eb : 00000000;
b5ec : 00000000;
b5ed : 00000000;
b5ee : 00000000;
b5ef : 00000000;
b5f0 : 00000000;
b5f1 : 00000000;
b5f2 : 00000000;
b5f3 : 00000000;
b5f4 : 00000000;
b5f5 : 00000000;
b5f6 : 00000000;
b5f7 : 00000000;
b5f8 : 00000000;
b5f9 : 00000000;
b5fa : 00000000;
b5fb : 00000000;
b5fc : 00000000;
b5fd : 00000000;
b5fe : 00000000;
b5ff : 00000000;
b600 : 00000000;
b601 : 00000000;
b602 : 00000000;
b603 : 00000000;
b604 : 00000000;
b605 : 00000000;
b606 : 00000000;
b607 : 00000000;
b608 : 00000000;
b609 : 00000000;
b60a : 00000000;
b60b : 00000000;
b60c : 00000000;
b60d : 00000000;
b60e : 00000000;
b60f : 00000000;
b610 : 00000000;
b611 : 00000000;
b612 : 00000000;
b613 : 00000000;
b614 : 00000000;
b615 : 00000000;
b616 : 00000000;
b617 : 00000000;
b618 : 00000000;
b619 : 00000000;
b61a : 00000000;
b61b : 00000000;
b61c : 00000000;
b61d : 00000000;
b61e : 00000000;
b61f : 00000000;
b620 : 00000000;
b621 : 00000000;
b622 : 00000000;
b623 : 00000000;
b624 : 00000000;
b625 : 00000000;
b626 : 00000000;
b627 : 00000000;
b628 : 00000000;
b629 : 00000000;
b62a : 00000000;
b62b : 00000000;
b62c : 00000000;
b62d : 00000000;
b62e : 00000000;
b62f : 00000000;
b630 : 00000000;
b631 : 00000000;
b632 : 00000000;
b633 : 00000000;
b634 : 00000000;
b635 : 00000000;
b636 : 00000000;
b637 : 00000000;
b638 : 00000000;
b639 : 00000000;
b63a : 00000000;
b63b : 00000000;
b63c : 00000000;
b63d : 00000000;
b63e : 00000000;
b63f : 00000000;
b640 : 00000000;
b641 : 00000000;
b642 : 00000000;
b643 : 00000000;
b644 : 00000000;
b645 : 00000000;
b646 : 00000000;
b647 : 00000000;
b648 : 00000000;
b649 : 00000000;
b64a : 00000000;
b64b : 00000000;
b64c : 00000000;
b64d : 00000000;
b64e : 00000000;
b64f : 00000000;
b650 : 00000000;
b651 : 00000000;
b652 : 00000000;
b653 : 00000000;
b654 : 00000000;
b655 : 00000000;
b656 : 00000000;
b657 : 00000000;
b658 : 00000000;
b659 : 00000000;
b65a : 00000000;
b65b : 00000000;
b65c : 00000000;
b65d : 00000000;
b65e : 00000000;
b65f : 00000000;
b660 : 00000000;
b661 : 00000000;
b662 : 00000000;
b663 : 00000000;
b664 : 00000000;
b665 : 00000000;
b666 : 00000000;
b667 : 00000000;
b668 : 00000000;
b669 : 00000000;
b66a : 00000000;
b66b : 00000000;
b66c : 00000000;
b66d : 00000000;
b66e : 00000000;
b66f : 00000000;
b670 : 00000000;
b671 : 00000000;
b672 : 00000000;
b673 : 00000000;
b674 : 00000000;
b675 : 00000000;
b676 : 00000000;
b677 : 00000000;
b678 : 00000000;
b679 : 00000000;
b67a : 00000000;
b67b : 00000000;
b67c : 00000000;
b67d : 00000000;
b67e : 00000000;
b67f : 00000000;
b680 : 00000000;
b681 : 00000000;
b682 : 00000000;
b683 : 00000000;
b684 : 00000000;
b685 : 00000000;
b686 : 00000000;
b687 : 00000000;
b688 : 00000000;
b689 : 00000000;
b68a : 00000000;
b68b : 00000000;
b68c : 00000000;
b68d : 00000000;
b68e : 00000000;
b68f : 00000000;
b690 : 00000000;
b691 : 00000000;
b692 : 00000000;
b693 : 00000000;
b694 : 00000000;
b695 : 00000000;
b696 : 00000000;
b697 : 00000000;
b698 : 00000000;
b699 : 00000000;
b69a : 00000000;
b69b : 00000000;
b69c : 00000000;
b69d : 00000000;
b69e : 00000000;
b69f : 00000000;
b6a0 : 00000000;
b6a1 : 00000000;
b6a2 : 00000000;
b6a3 : 00000000;
b6a4 : 00000000;
b6a5 : 00000000;
b6a6 : 00000000;
b6a7 : 00000000;
b6a8 : 00000000;
b6a9 : 00000000;
b6aa : 00000000;
b6ab : 00000000;
b6ac : 00000000;
b6ad : 00000000;
b6ae : 00000000;
b6af : 00000000;
b6b0 : 00000000;
b6b1 : 00000000;
b6b2 : 00000000;
b6b3 : 00000000;
b6b4 : 00000000;
b6b5 : 00000000;
b6b6 : 00000000;
b6b7 : 00000000;
b6b8 : 00000000;
b6b9 : 00000000;
b6ba : 00000000;
b6bb : 00000000;
b6bc : 00000000;
b6bd : 00000000;
b6be : 00000000;
b6bf : 00000000;
b6c0 : 00000000;
b6c1 : 00000000;
b6c2 : 00000000;
b6c3 : 00000000;
b6c4 : 00000000;
b6c5 : 00000000;
b6c6 : 00000000;
b6c7 : 00000000;
b6c8 : 00000000;
b6c9 : 00000000;
b6ca : 00000000;
b6cb : 00000000;
b6cc : 00000000;
b6cd : 00000000;
b6ce : 00000000;
b6cf : 00000000;
b6d0 : 00000000;
b6d1 : 00000000;
b6d2 : 00000000;
b6d3 : 00000000;
b6d4 : 00000000;
b6d5 : 00000000;
b6d6 : 00000000;
b6d7 : 00000000;
b6d8 : 00000000;
b6d9 : 00000000;
b6da : 00000000;
b6db : 00000000;
b6dc : 00000000;
b6dd : 00000000;
b6de : 00000000;
b6df : 00000000;
b6e0 : 00000000;
b6e1 : 00000000;
b6e2 : 00000000;
b6e3 : 00000000;
b6e4 : 00000000;
b6e5 : 00000000;
b6e6 : 00000000;
b6e7 : 00000000;
b6e8 : 00000000;
b6e9 : 00000000;
b6ea : 00000000;
b6eb : 00000000;
b6ec : 00000000;
b6ed : 00000000;
b6ee : 00000000;
b6ef : 00000000;
b6f0 : 00000000;
b6f1 : 00000000;
b6f2 : 00000000;
b6f3 : 00000000;
b6f4 : 00000000;
b6f5 : 00000000;
b6f6 : 00000000;
b6f7 : 00000000;
b6f8 : 00000000;
b6f9 : 00000000;
b6fa : 00000000;
b6fb : 00000000;
b6fc : 00000000;
b6fd : 00000000;
b6fe : 00000000;
b6ff : 00000000;
b700 : 00000000;
b701 : 00000000;
b702 : 00000000;
b703 : 00000000;
b704 : 00000000;
b705 : 00000000;
b706 : 00000000;
b707 : 00000000;
b708 : 00000000;
b709 : 00000000;
b70a : 00000000;
b70b : 00000000;
b70c : 00000000;
b70d : 00000000;
b70e : 00000000;
b70f : 00000000;
b710 : 00000000;
b711 : 00000000;
b712 : 00000000;
b713 : 00000000;
b714 : 00000000;
b715 : 00000000;
b716 : 00000000;
b717 : 00000000;
b718 : 00000000;
b719 : 00000000;
b71a : 00000000;
b71b : 00000000;
b71c : 00000000;
b71d : 00000000;
b71e : 00000000;
b71f : 00000000;
b720 : 00000000;
b721 : 00000000;
b722 : 00000000;
b723 : 00000000;
b724 : 00000000;
b725 : 00000000;
b726 : 00000000;
b727 : 00000000;
b728 : 00000000;
b729 : 00000000;
b72a : 00000000;
b72b : 00000000;
b72c : 00000000;
b72d : 00000000;
b72e : 00000000;
b72f : 00000000;
b730 : 00000000;
b731 : 00000000;
b732 : 00000000;
b733 : 00000000;
b734 : 00000000;
b735 : 00000000;
b736 : 00000000;
b737 : 00000000;
b738 : 00000000;
b739 : 00000000;
b73a : 00000000;
b73b : 00000000;
b73c : 00000000;
b73d : 00000000;
b73e : 00000000;
b73f : 00000000;
b740 : 00000000;
b741 : 00000000;
b742 : 00000000;
b743 : 00000000;
b744 : 00000000;
b745 : 00000000;
b746 : 00000000;
b747 : 00000000;
b748 : 00000000;
b749 : 00000000;
b74a : 00000000;
b74b : 00000000;
b74c : 00000000;
b74d : 00000000;
b74e : 00000000;
b74f : 00000000;
b750 : 00000000;
b751 : 00000000;
b752 : 00000000;
b753 : 00000000;
b754 : 00000000;
b755 : 00000000;
b756 : 00000000;
b757 : 00000000;
b758 : 00000000;
b759 : 00000000;
b75a : 00000000;
b75b : 00000000;
b75c : 00000000;
b75d : 00000000;
b75e : 00000000;
b75f : 00000000;
b760 : 00000000;
b761 : 00000000;
b762 : 00000000;
b763 : 00000000;
b764 : 00000000;
b765 : 00000000;
b766 : 00000000;
b767 : 00000000;
b768 : 00000000;
b769 : 00000000;
b76a : 00000000;
b76b : 00000000;
b76c : 00000000;
b76d : 00000000;
b76e : 00000000;
b76f : 00000000;
b770 : 00000000;
b771 : 00000000;
b772 : 00000000;
b773 : 00000000;
b774 : 00000000;
b775 : 00000000;
b776 : 00000000;
b777 : 00000000;
b778 : 00000000;
b779 : 00000000;
b77a : 00000000;
b77b : 00000000;
b77c : 00000000;
b77d : 00000000;
b77e : 00000000;
b77f : 00000000;
b780 : 00000000;
b781 : 00000000;
b782 : 00000000;
b783 : 00000000;
b784 : 00000000;
b785 : 00000000;
b786 : 00000000;
b787 : 00000000;
b788 : 00000000;
b789 : 00000000;
b78a : 00000000;
b78b : 00000000;
b78c : 00000000;
b78d : 00000000;
b78e : 00000000;
b78f : 00000000;
b790 : 00000000;
b791 : 00000000;
b792 : 00000000;
b793 : 00000000;
b794 : 00000000;
b795 : 00000000;
b796 : 00000000;
b797 : 00000000;
b798 : 00000000;
b799 : 00000000;
b79a : 00000000;
b79b : 00000000;
b79c : 00000000;
b79d : 00000000;
b79e : 00000000;
b79f : 00000000;
b7a0 : 00000000;
b7a1 : 00000000;
b7a2 : 00000000;
b7a3 : 00000000;
b7a4 : 00000000;
b7a5 : 00000000;
b7a6 : 00000000;
b7a7 : 00000000;
b7a8 : 00000000;
b7a9 : 00000000;
b7aa : 00000000;
b7ab : 00000000;
b7ac : 00000000;
b7ad : 00000000;
b7ae : 00000000;
b7af : 00000000;
b7b0 : 00000000;
b7b1 : 00000000;
b7b2 : 00000000;
b7b3 : 00000000;
b7b4 : 00000000;
b7b5 : 00000000;
b7b6 : 00000000;
b7b7 : 00000000;
b7b8 : 00000000;
b7b9 : 00000000;
b7ba : 00000000;
b7bb : 00000000;
b7bc : 00000000;
b7bd : 00000000;
b7be : 00000000;
b7bf : 00000000;
b7c0 : 00000000;
b7c1 : 00000000;
b7c2 : 00000000;
b7c3 : 00000000;
b7c4 : 00000000;
b7c5 : 00000000;
b7c6 : 00000000;
b7c7 : 00000000;
b7c8 : 00000000;
b7c9 : 00000000;
b7ca : 00000000;
b7cb : 00000000;
b7cc : 00000000;
b7cd : 00000000;
b7ce : 00000000;
b7cf : 00000000;
b7d0 : 00000000;
b7d1 : 00000000;
b7d2 : 00000000;
b7d3 : 00000000;
b7d4 : 00000000;
b7d5 : 00000000;
b7d6 : 00000000;
b7d7 : 00000000;
b7d8 : 00000000;
b7d9 : 00000000;
b7da : 00000000;
b7db : 00000000;
b7dc : 00000000;
b7dd : 00000000;
b7de : 00000000;
b7df : 00000000;
b7e0 : 00000000;
b7e1 : 00000000;
b7e2 : 00000000;
b7e3 : 00000000;
b7e4 : 00000000;
b7e5 : 00000000;
b7e6 : 00000000;
b7e7 : 00000000;
b7e8 : 00000000;
b7e9 : 00000000;
b7ea : 00000000;
b7eb : 00000000;
b7ec : 00000000;
b7ed : 00000000;
b7ee : 00000000;
b7ef : 00000000;
b7f0 : 00000000;
b7f1 : 00000000;
b7f2 : 00000000;
b7f3 : 00000000;
b7f4 : 00000000;
b7f5 : 00000000;
b7f6 : 00000000;
b7f7 : 00000000;
b7f8 : 00000000;
b7f9 : 00000000;
b7fa : 00000000;
b7fb : 00000000;
b7fc : 00000000;
b7fd : 00000000;
b7fe : 00000000;
b7ff : 00000000;
b800 : 00000000;
b801 : 00000000;
b802 : 00000000;
b803 : 00000000;
b804 : 00000000;
b805 : 00000000;
b806 : 00000000;
b807 : 00000000;
b808 : 00000000;
b809 : 00000000;
b80a : 00000000;
b80b : 00000000;
b80c : 00000000;
b80d : 00000000;
b80e : 00000000;
b80f : 00000000;
b810 : 00000000;
b811 : 00000000;
b812 : 00000000;
b813 : 00000000;
b814 : 00000000;
b815 : 00000000;
b816 : 00000000;
b817 : 00000000;
b818 : 00000000;
b819 : 00000000;
b81a : 00000000;
b81b : 00000000;
b81c : 00000000;
b81d : 00000000;
b81e : 00000000;
b81f : 00000000;
b820 : 00000000;
b821 : 00000000;
b822 : 00000000;
b823 : 00000000;
b824 : 00000000;
b825 : 00000000;
b826 : 00000000;
b827 : 00000000;
b828 : 00000000;
b829 : 00000000;
b82a : 00000000;
b82b : 00000000;
b82c : 00000000;
b82d : 00000000;
b82e : 00000000;
b82f : 00000000;
b830 : 00000000;
b831 : 00000000;
b832 : 00000000;
b833 : 00000000;
b834 : 00000000;
b835 : 00000000;
b836 : 00000000;
b837 : 00000000;
b838 : 00000000;
b839 : 00000000;
b83a : 00000000;
b83b : 00000000;
b83c : 00000000;
b83d : 00000000;
b83e : 00000000;
b83f : 00000000;
b840 : 00000000;
b841 : 00000000;
b842 : 00000000;
b843 : 00000000;
b844 : 00000000;
b845 : 00000000;
b846 : 00000000;
b847 : 00000000;
b848 : 00000000;
b849 : 00000000;
b84a : 00000000;
b84b : 00000000;
b84c : 00000000;
b84d : 00000000;
b84e : 00000000;
b84f : 00000000;
b850 : 00000000;
b851 : 00000000;
b852 : 00000000;
b853 : 00000000;
b854 : 00000000;
b855 : 00000000;
b856 : 00000000;
b857 : 00000000;
b858 : 00000000;
b859 : 00000000;
b85a : 00000000;
b85b : 00000000;
b85c : 00000000;
b85d : 00000000;
b85e : 00000000;
b85f : 00000000;
b860 : 00000000;
b861 : 00000000;
b862 : 00000000;
b863 : 00000000;
b864 : 00000000;
b865 : 00000000;
b866 : 00000000;
b867 : 00000000;
b868 : 00000000;
b869 : 00000000;
b86a : 00000000;
b86b : 00000000;
b86c : 00000000;
b86d : 00000000;
b86e : 00000000;
b86f : 00000000;
b870 : 00000000;
b871 : 00000000;
b872 : 00000000;
b873 : 00000000;
b874 : 00000000;
b875 : 00000000;
b876 : 00000000;
b877 : 00000000;
b878 : 00000000;
b879 : 00000000;
b87a : 00000000;
b87b : 00000000;
b87c : 00000000;
b87d : 00000000;
b87e : 00000000;
b87f : 00000000;
b880 : 00000000;
b881 : 00000000;
b882 : 00000000;
b883 : 00000000;
b884 : 00000000;
b885 : 00000000;
b886 : 00000000;
b887 : 00000000;
b888 : 00000000;
b889 : 00000000;
b88a : 00000000;
b88b : 00000000;
b88c : 00000000;
b88d : 00000000;
b88e : 00000000;
b88f : 00000000;
b890 : 00000000;
b891 : 00000000;
b892 : 00000000;
b893 : 00000000;
b894 : 00000000;
b895 : 00000000;
b896 : 00000000;
b897 : 00000000;
b898 : 00000000;
b899 : 00000000;
b89a : 00000000;
b89b : 00000000;
b89c : 00000000;
b89d : 00000000;
b89e : 00000000;
b89f : 00000000;
b8a0 : 00000000;
b8a1 : 00000000;
b8a2 : 00000000;
b8a3 : 00000000;
b8a4 : 00000000;
b8a5 : 00000000;
b8a6 : 00000000;
b8a7 : 00000000;
b8a8 : 00000000;
b8a9 : 00000000;
b8aa : 00000000;
b8ab : 00000000;
b8ac : 00000000;
b8ad : 00000000;
b8ae : 00000000;
b8af : 00000000;
b8b0 : 00000000;
b8b1 : 00000000;
b8b2 : 00000000;
b8b3 : 00000000;
b8b4 : 00000000;
b8b5 : 00000000;
b8b6 : 00000000;
b8b7 : 00000000;
b8b8 : 00000000;
b8b9 : 00000000;
b8ba : 00000000;
b8bb : 00000000;
b8bc : 00000000;
b8bd : 00000000;
b8be : 00000000;
b8bf : 00000000;
b8c0 : 00000000;
b8c1 : 00000000;
b8c2 : 00000000;
b8c3 : 00000000;
b8c4 : 00000000;
b8c5 : 00000000;
b8c6 : 00000000;
b8c7 : 00000000;
b8c8 : 00000000;
b8c9 : 00000000;
b8ca : 00000000;
b8cb : 00000000;
b8cc : 00000000;
b8cd : 00000000;
b8ce : 00000000;
b8cf : 00000000;
b8d0 : 00000000;
b8d1 : 00000000;
b8d2 : 00000000;
b8d3 : 00000000;
b8d4 : 00000000;
b8d5 : 00000000;
b8d6 : 00000000;
b8d7 : 00000000;
b8d8 : 00000000;
b8d9 : 00000000;
b8da : 00000000;
b8db : 00000000;
b8dc : 00000000;
b8dd : 00000000;
b8de : 00000000;
b8df : 00000000;
b8e0 : 00000000;
b8e1 : 00000000;
b8e2 : 00000000;
b8e3 : 00000000;
b8e4 : 00000000;
b8e5 : 00000000;
b8e6 : 00000000;
b8e7 : 00000000;
b8e8 : 00000000;
b8e9 : 00000000;
b8ea : 00000000;
b8eb : 00000000;
b8ec : 00000000;
b8ed : 00000000;
b8ee : 00000000;
b8ef : 00000000;
b8f0 : 00000000;
b8f1 : 00000000;
b8f2 : 00000000;
b8f3 : 00000000;
b8f4 : 00000000;
b8f5 : 00000000;
b8f6 : 00000000;
b8f7 : 00000000;
b8f8 : 00000000;
b8f9 : 00000000;
b8fa : 00000000;
b8fb : 00000000;
b8fc : 00000000;
b8fd : 00000000;
b8fe : 00000000;
b8ff : 00000000;
b900 : 00000000;
b901 : 00000000;
b902 : 00000000;
b903 : 00000000;
b904 : 00000000;
b905 : 00000000;
b906 : 00000000;
b907 : 00000000;
b908 : 00000000;
b909 : 00000000;
b90a : 00000000;
b90b : 00000000;
b90c : 00000000;
b90d : 00000000;
b90e : 00000000;
b90f : 00000000;
b910 : 00000000;
b911 : 00000000;
b912 : 00000000;
b913 : 00000000;
b914 : 00000000;
b915 : 00000000;
b916 : 00000000;
b917 : 00000000;
b918 : 00000000;
b919 : 00000000;
b91a : 00000000;
b91b : 00000000;
b91c : 00000000;
b91d : 00000000;
b91e : 00000000;
b91f : 00000000;
b920 : 00000000;
b921 : 00000000;
b922 : 00000000;
b923 : 00000000;
b924 : 00000000;
b925 : 00000000;
b926 : 00000000;
b927 : 00000000;
b928 : 00000000;
b929 : 00000000;
b92a : 00000000;
b92b : 00000000;
b92c : 00000000;
b92d : 00000000;
b92e : 00000000;
b92f : 00000000;
b930 : 00000000;
b931 : 00000000;
b932 : 00000000;
b933 : 00000000;
b934 : 00000000;
b935 : 00000000;
b936 : 00000000;
b937 : 00000000;
b938 : 00000000;
b939 : 00000000;
b93a : 00000000;
b93b : 00000000;
b93c : 00000000;
b93d : 00000000;
b93e : 00000000;
b93f : 00000000;
b940 : 00000000;
b941 : 00000000;
b942 : 00000000;
b943 : 00000000;
b944 : 00000000;
b945 : 00000000;
b946 : 00000000;
b947 : 00000000;
b948 : 00000000;
b949 : 00000000;
b94a : 00000000;
b94b : 00000000;
b94c : 00000000;
b94d : 00000000;
b94e : 00000000;
b94f : 00000000;
b950 : 00000000;
b951 : 00000000;
b952 : 00000000;
b953 : 00000000;
b954 : 00000000;
b955 : 00000000;
b956 : 00000000;
b957 : 00000000;
b958 : 00000000;
b959 : 00000000;
b95a : 00000000;
b95b : 00000000;
b95c : 00000000;
b95d : 00000000;
b95e : 00000000;
b95f : 00000000;
b960 : 00000000;
b961 : 00000000;
b962 : 00000000;
b963 : 00000000;
b964 : 00000000;
b965 : 00000000;
b966 : 00000000;
b967 : 00000000;
b968 : 00000000;
b969 : 00000000;
b96a : 00000000;
b96b : 00000000;
b96c : 00000000;
b96d : 00000000;
b96e : 00000000;
b96f : 00000000;
b970 : 00000000;
b971 : 00000000;
b972 : 00000000;
b973 : 00000000;
b974 : 00000000;
b975 : 00000000;
b976 : 00000000;
b977 : 00000000;
b978 : 00000000;
b979 : 00000000;
b97a : 00000000;
b97b : 00000000;
b97c : 00000000;
b97d : 00000000;
b97e : 00000000;
b97f : 00000000;
b980 : 00000000;
b981 : 00000000;
b982 : 00000000;
b983 : 00000000;
b984 : 00000000;
b985 : 00000000;
b986 : 00000000;
b987 : 00000000;
b988 : 00000000;
b989 : 00000000;
b98a : 00000000;
b98b : 00000000;
b98c : 00000000;
b98d : 00000000;
b98e : 00000000;
b98f : 00000000;
b990 : 00000000;
b991 : 00000000;
b992 : 00000000;
b993 : 00000000;
b994 : 00000000;
b995 : 00000000;
b996 : 00000000;
b997 : 00000000;
b998 : 00000000;
b999 : 00000000;
b99a : 00000000;
b99b : 00000000;
b99c : 00000000;
b99d : 00000000;
b99e : 00000000;
b99f : 00000000;
b9a0 : 00000000;
b9a1 : 00000000;
b9a2 : 00000000;
b9a3 : 00000000;
b9a4 : 00000000;
b9a5 : 00000000;
b9a6 : 00000000;
b9a7 : 00000000;
b9a8 : 00000000;
b9a9 : 00000000;
b9aa : 00000000;
b9ab : 00000000;
b9ac : 00000000;
b9ad : 00000000;
b9ae : 00000000;
b9af : 00000000;
b9b0 : 00000000;
b9b1 : 00000000;
b9b2 : 00000000;
b9b3 : 00000000;
b9b4 : 00000000;
b9b5 : 00000000;
b9b6 : 00000000;
b9b7 : 00000000;
b9b8 : 00000000;
b9b9 : 00000000;
b9ba : 00000000;
b9bb : 00000000;
b9bc : 00000000;
b9bd : 00000000;
b9be : 00000000;
b9bf : 00000000;
b9c0 : 00000000;
b9c1 : 00000000;
b9c2 : 00000000;
b9c3 : 00000000;
b9c4 : 00000000;
b9c5 : 00000000;
b9c6 : 00000000;
b9c7 : 00000000;
b9c8 : 00000000;
b9c9 : 00000000;
b9ca : 00000000;
b9cb : 00000000;
b9cc : 00000000;
b9cd : 00000000;
b9ce : 00000000;
b9cf : 00000000;
b9d0 : 00000000;
b9d1 : 00000000;
b9d2 : 00000000;
b9d3 : 00000000;
b9d4 : 00000000;
b9d5 : 00000000;
b9d6 : 00000000;
b9d7 : 00000000;
b9d8 : 00000000;
b9d9 : 00000000;
b9da : 00000000;
b9db : 00000000;
b9dc : 00000000;
b9dd : 00000000;
b9de : 00000000;
b9df : 00000000;
b9e0 : 00000000;
b9e1 : 00000000;
b9e2 : 00000000;
b9e3 : 00000000;
b9e4 : 00000000;
b9e5 : 00000000;
b9e6 : 00000000;
b9e7 : 00000000;
b9e8 : 00000000;
b9e9 : 00000000;
b9ea : 00000000;
b9eb : 00000000;
b9ec : 00000000;
b9ed : 00000000;
b9ee : 00000000;
b9ef : 00000000;
b9f0 : 00000000;
b9f1 : 00000000;
b9f2 : 00000000;
b9f3 : 00000000;
b9f4 : 00000000;
b9f5 : 00000000;
b9f6 : 00000000;
b9f7 : 00000000;
b9f8 : 00000000;
b9f9 : 00000000;
b9fa : 00000000;
b9fb : 00000000;
b9fc : 00000000;
b9fd : 00000000;
b9fe : 00000000;
b9ff : 00000000;
ba00 : 00000000;
ba01 : 00000000;
ba02 : 00000000;
ba03 : 00000000;
ba04 : 00000000;
ba05 : 00000000;
ba06 : 00000000;
ba07 : 00000000;
ba08 : 00000000;
ba09 : 00000000;
ba0a : 00000000;
ba0b : 00000000;
ba0c : 00000000;
ba0d : 00000000;
ba0e : 00000000;
ba0f : 00000000;
ba10 : 00000000;
ba11 : 00000000;
ba12 : 00000000;
ba13 : 00000000;
ba14 : 00000000;
ba15 : 00000000;
ba16 : 00000000;
ba17 : 00000000;
ba18 : 00000000;
ba19 : 00000000;
ba1a : 00000000;
ba1b : 00000000;
ba1c : 00000000;
ba1d : 00000000;
ba1e : 00000000;
ba1f : 00000000;
ba20 : 00000000;
ba21 : 00000000;
ba22 : 00000000;
ba23 : 00000000;
ba24 : 00000000;
ba25 : 00000000;
ba26 : 00000000;
ba27 : 00000000;
ba28 : 00000000;
ba29 : 00000000;
ba2a : 00000000;
ba2b : 00000000;
ba2c : 00000000;
ba2d : 00000000;
ba2e : 00000000;
ba2f : 00000000;
ba30 : 00000000;
ba31 : 00000000;
ba32 : 00000000;
ba33 : 00000000;
ba34 : 00000000;
ba35 : 00000000;
ba36 : 00000000;
ba37 : 00000000;
ba38 : 00000000;
ba39 : 00000000;
ba3a : 00000000;
ba3b : 00000000;
ba3c : 00000000;
ba3d : 00000000;
ba3e : 00000000;
ba3f : 00000000;
ba40 : 00000000;
ba41 : 00000000;
ba42 : 00000000;
ba43 : 00000000;
ba44 : 00000000;
ba45 : 00000000;
ba46 : 00000000;
ba47 : 00000000;
ba48 : 00000000;
ba49 : 00000000;
ba4a : 00000000;
ba4b : 00000000;
ba4c : 00000000;
ba4d : 00000000;
ba4e : 00000000;
ba4f : 00000000;
ba50 : 00000000;
ba51 : 00000000;
ba52 : 00000000;
ba53 : 00000000;
ba54 : 00000000;
ba55 : 00000000;
ba56 : 00000000;
ba57 : 00000000;
ba58 : 00000000;
ba59 : 00000000;
ba5a : 00000000;
ba5b : 00000000;
ba5c : 00000000;
ba5d : 00000000;
ba5e : 00000000;
ba5f : 00000000;
ba60 : 00000000;
ba61 : 00000000;
ba62 : 00000000;
ba63 : 00000000;
ba64 : 00000000;
ba65 : 00000000;
ba66 : 00000000;
ba67 : 00000000;
ba68 : 00000000;
ba69 : 00000000;
ba6a : 00000000;
ba6b : 00000000;
ba6c : 00000000;
ba6d : 00000000;
ba6e : 00000000;
ba6f : 00000000;
ba70 : 00000000;
ba71 : 00000000;
ba72 : 00000000;
ba73 : 00000000;
ba74 : 00000000;
ba75 : 00000000;
ba76 : 00000000;
ba77 : 00000000;
ba78 : 00000000;
ba79 : 00000000;
ba7a : 00000000;
ba7b : 00000000;
ba7c : 00000000;
ba7d : 00000000;
ba7e : 00000000;
ba7f : 00000000;
ba80 : 00000000;
ba81 : 00000000;
ba82 : 00000000;
ba83 : 00000000;
ba84 : 00000000;
ba85 : 00000000;
ba86 : 00000000;
ba87 : 00000000;
ba88 : 00000000;
ba89 : 00000000;
ba8a : 00000000;
ba8b : 00000000;
ba8c : 00000000;
ba8d : 00000000;
ba8e : 00000000;
ba8f : 00000000;
ba90 : 00000000;
ba91 : 00000000;
ba92 : 00000000;
ba93 : 00000000;
ba94 : 00000000;
ba95 : 00000000;
ba96 : 00000000;
ba97 : 00000000;
ba98 : 00000000;
ba99 : 00000000;
ba9a : 00000000;
ba9b : 00000000;
ba9c : 00000000;
ba9d : 00000000;
ba9e : 00000000;
ba9f : 00000000;
baa0 : 00000000;
baa1 : 00000000;
baa2 : 00000000;
baa3 : 00000000;
baa4 : 00000000;
baa5 : 00000000;
baa6 : 00000000;
baa7 : 00000000;
baa8 : 00000000;
baa9 : 00000000;
baaa : 00000000;
baab : 00000000;
baac : 00000000;
baad : 00000000;
baae : 00000000;
baaf : 00000000;
bab0 : 00000000;
bab1 : 00000000;
bab2 : 00000000;
bab3 : 00000000;
bab4 : 00000000;
bab5 : 00000000;
bab6 : 00000000;
bab7 : 00000000;
bab8 : 00000000;
bab9 : 00000000;
baba : 00000000;
babb : 00000000;
babc : 00000000;
babd : 00000000;
babe : 00000000;
babf : 00000000;
bac0 : 00000000;
bac1 : 00000000;
bac2 : 00000000;
bac3 : 00000000;
bac4 : 00000000;
bac5 : 00000000;
bac6 : 00000000;
bac7 : 00000000;
bac8 : 00000000;
bac9 : 00000000;
baca : 00000000;
bacb : 00000000;
bacc : 00000000;
bacd : 00000000;
bace : 00000000;
bacf : 00000000;
bad0 : 00000000;
bad1 : 00000000;
bad2 : 00000000;
bad3 : 00000000;
bad4 : 00000000;
bad5 : 00000000;
bad6 : 00000000;
bad7 : 00000000;
bad8 : 00000000;
bad9 : 00000000;
bada : 00000000;
badb : 00000000;
badc : 00000000;
badd : 00000000;
bade : 00000000;
badf : 00000000;
bae0 : 00000000;
bae1 : 00000000;
bae2 : 00000000;
bae3 : 00000000;
bae4 : 00000000;
bae5 : 00000000;
bae6 : 00000000;
bae7 : 00000000;
bae8 : 00000000;
bae9 : 00000000;
baea : 00000000;
baeb : 00000000;
baec : 00000000;
baed : 00000000;
baee : 00000000;
baef : 00000000;
baf0 : 00000000;
baf1 : 00000000;
baf2 : 00000000;
baf3 : 00000000;
baf4 : 00000000;
baf5 : 00000000;
baf6 : 00000000;
baf7 : 00000000;
baf8 : 00000000;
baf9 : 00000000;
bafa : 00000000;
bafb : 00000000;
bafc : 00000000;
bafd : 00000000;
bafe : 00000000;
baff : 00000000;
bb00 : 00000000;
bb01 : 00000000;
bb02 : 00000000;
bb03 : 00000000;
bb04 : 00000000;
bb05 : 00000000;
bb06 : 00000000;
bb07 : 00000000;
bb08 : 00000000;
bb09 : 00000000;
bb0a : 00000000;
bb0b : 00000000;
bb0c : 00000000;
bb0d : 00000000;
bb0e : 00000000;
bb0f : 00000000;
bb10 : 00000000;
bb11 : 00000000;
bb12 : 00000000;
bb13 : 00000000;
bb14 : 00000000;
bb15 : 00000000;
bb16 : 00000000;
bb17 : 00000000;
bb18 : 00000000;
bb19 : 00000000;
bb1a : 00000000;
bb1b : 00000000;
bb1c : 00000000;
bb1d : 00000000;
bb1e : 00000000;
bb1f : 00000000;
bb20 : 00000000;
bb21 : 00000000;
bb22 : 00000000;
bb23 : 00000000;
bb24 : 00000000;
bb25 : 00000000;
bb26 : 00000000;
bb27 : 00000000;
bb28 : 00000000;
bb29 : 00000000;
bb2a : 00000000;
bb2b : 00000000;
bb2c : 00000000;
bb2d : 00000000;
bb2e : 00000000;
bb2f : 00000000;
bb30 : 00000000;
bb31 : 00000000;
bb32 : 00000000;
bb33 : 00000000;
bb34 : 00000000;
bb35 : 00000000;
bb36 : 00000000;
bb37 : 00000000;
bb38 : 00000000;
bb39 : 00000000;
bb3a : 00000000;
bb3b : 00000000;
bb3c : 00000000;
bb3d : 00000000;
bb3e : 00000000;
bb3f : 00000000;
bb40 : 00000000;
bb41 : 00000000;
bb42 : 00000000;
bb43 : 00000000;
bb44 : 00000000;
bb45 : 00000000;
bb46 : 00000000;
bb47 : 00000000;
bb48 : 00000000;
bb49 : 00000000;
bb4a : 00000000;
bb4b : 00000000;
bb4c : 00000000;
bb4d : 00000000;
bb4e : 00000000;
bb4f : 00000000;
bb50 : 00000000;
bb51 : 00000000;
bb52 : 00000000;
bb53 : 00000000;
bb54 : 00000000;
bb55 : 00000000;
bb56 : 00000000;
bb57 : 00000000;
bb58 : 00000000;
bb59 : 00000000;
bb5a : 00000000;
bb5b : 00000000;
bb5c : 00000000;
bb5d : 00000000;
bb5e : 00000000;
bb5f : 00000000;
bb60 : 00000000;
bb61 : 00000000;
bb62 : 00000000;
bb63 : 00000000;
bb64 : 00000000;
bb65 : 00000000;
bb66 : 00000000;
bb67 : 00000000;
bb68 : 00000000;
bb69 : 00000000;
bb6a : 00000000;
bb6b : 00000000;
bb6c : 00000000;
bb6d : 00000000;
bb6e : 00000000;
bb6f : 00000000;
bb70 : 00000000;
bb71 : 00000000;
bb72 : 00000000;
bb73 : 00000000;
bb74 : 00000000;
bb75 : 00000000;
bb76 : 00000000;
bb77 : 00000000;
bb78 : 00000000;
bb79 : 00000000;
bb7a : 00000000;
bb7b : 00000000;
bb7c : 00000000;
bb7d : 00000000;
bb7e : 00000000;
bb7f : 00000000;
bb80 : 00000000;
bb81 : 00000000;
bb82 : 00000000;
bb83 : 00000000;
bb84 : 00000000;
bb85 : 00000000;
bb86 : 00000000;
bb87 : 00000000;
bb88 : 00000000;
bb89 : 00000000;
bb8a : 00000000;
bb8b : 00000000;
bb8c : 00000000;
bb8d : 00000000;
bb8e : 00000000;
bb8f : 00000000;
bb90 : 00000000;
bb91 : 00000000;
bb92 : 00000000;
bb93 : 00000000;
bb94 : 00000000;
bb95 : 00000000;
bb96 : 00000000;
bb97 : 00000000;
bb98 : 00000000;
bb99 : 00000000;
bb9a : 00000000;
bb9b : 00000000;
bb9c : 00000000;
bb9d : 00000000;
bb9e : 00000000;
bb9f : 00000000;
bba0 : 00000000;
bba1 : 00000000;
bba2 : 00000000;
bba3 : 00000000;
bba4 : 00000000;
bba5 : 00000000;
bba6 : 00000000;
bba7 : 00000000;
bba8 : 00000000;
bba9 : 00000000;
bbaa : 00000000;
bbab : 00000000;
bbac : 00000000;
bbad : 00000000;
bbae : 00000000;
bbaf : 00000000;
bbb0 : 00000000;
bbb1 : 00000000;
bbb2 : 00000000;
bbb3 : 00000000;
bbb4 : 00000000;
bbb5 : 00000000;
bbb6 : 00000000;
bbb7 : 00000000;
bbb8 : 00000000;
bbb9 : 00000000;
bbba : 00000000;
bbbb : 00000000;
bbbc : 00000000;
bbbd : 00000000;
bbbe : 00000000;
bbbf : 00000000;
bbc0 : 00000000;
bbc1 : 00000000;
bbc2 : 00000000;
bbc3 : 00000000;
bbc4 : 00000000;
bbc5 : 00000000;
bbc6 : 00000000;
bbc7 : 00000000;
bbc8 : 00000000;
bbc9 : 00000000;
bbca : 00000000;
bbcb : 00000000;
bbcc : 00000000;
bbcd : 00000000;
bbce : 00000000;
bbcf : 00000000;
bbd0 : 00000000;
bbd1 : 00000000;
bbd2 : 00000000;
bbd3 : 00000000;
bbd4 : 00000000;
bbd5 : 00000000;
bbd6 : 00000000;
bbd7 : 00000000;
bbd8 : 00000000;
bbd9 : 00000000;
bbda : 00000000;
bbdb : 00000000;
bbdc : 00000000;
bbdd : 00000000;
bbde : 00000000;
bbdf : 00000000;
bbe0 : 00000000;
bbe1 : 00000000;
bbe2 : 00000000;
bbe3 : 00000000;
bbe4 : 00000000;
bbe5 : 00000000;
bbe6 : 00000000;
bbe7 : 00000000;
bbe8 : 00000000;
bbe9 : 00000000;
bbea : 00000000;
bbeb : 00000000;
bbec : 00000000;
bbed : 00000000;
bbee : 00000000;
bbef : 00000000;
bbf0 : 00000000;
bbf1 : 00000000;
bbf2 : 00000000;
bbf3 : 00000000;
bbf4 : 00000000;
bbf5 : 00000000;
bbf6 : 00000000;
bbf7 : 00000000;
bbf8 : 00000000;
bbf9 : 00000000;
bbfa : 00000000;
bbfb : 00000000;
bbfc : 00000000;
bbfd : 00000000;
bbfe : 00000000;
bbff : 00000000;
bc00 : 00000000;
bc01 : 00000000;
bc02 : 00000000;
bc03 : 00000000;
bc04 : 00000000;
bc05 : 00000000;
bc06 : 00000000;
bc07 : 00000000;
bc08 : 00000000;
bc09 : 00000000;
bc0a : 00000000;
bc0b : 00000000;
bc0c : 00000000;
bc0d : 00000000;
bc0e : 00000000;
bc0f : 00000000;
bc10 : 00000000;
bc11 : 00000000;
bc12 : 00000000;
bc13 : 00000000;
bc14 : 00000000;
bc15 : 00000000;
bc16 : 00000000;
bc17 : 00000000;
bc18 : 00000000;
bc19 : 00000000;
bc1a : 00000000;
bc1b : 00000000;
bc1c : 00000000;
bc1d : 00000000;
bc1e : 00000000;
bc1f : 00000000;
bc20 : 00000000;
bc21 : 00000000;
bc22 : 00000000;
bc23 : 00000000;
bc24 : 00000000;
bc25 : 00000000;
bc26 : 00000000;
bc27 : 00000000;
bc28 : 00000000;
bc29 : 00000000;
bc2a : 00000000;
bc2b : 00000000;
bc2c : 00000000;
bc2d : 00000000;
bc2e : 00000000;
bc2f : 00000000;
bc30 : 00000000;
bc31 : 00000000;
bc32 : 00000000;
bc33 : 00000000;
bc34 : 00000000;
bc35 : 00000000;
bc36 : 00000000;
bc37 : 00000000;
bc38 : 00000000;
bc39 : 00000000;
bc3a : 00000000;
bc3b : 00000000;
bc3c : 00000000;
bc3d : 00000000;
bc3e : 00000000;
bc3f : 00000000;
bc40 : 00000000;
bc41 : 00000000;
bc42 : 00000000;
bc43 : 00000000;
bc44 : 00000000;
bc45 : 00000000;
bc46 : 00000000;
bc47 : 00000000;
bc48 : 00000000;
bc49 : 00000000;
bc4a : 00000000;
bc4b : 00000000;
bc4c : 00000000;
bc4d : 00000000;
bc4e : 00000000;
bc4f : 00000000;
bc50 : 00000000;
bc51 : 00000000;
bc52 : 00000000;
bc53 : 00000000;
bc54 : 00000000;
bc55 : 00000000;
bc56 : 00000000;
bc57 : 00000000;
bc58 : 00000000;
bc59 : 00000000;
bc5a : 00000000;
bc5b : 00000000;
bc5c : 00000000;
bc5d : 00000000;
bc5e : 00000000;
bc5f : 00000000;
bc60 : 00000000;
bc61 : 00000000;
bc62 : 00000000;
bc63 : 00000000;
bc64 : 00000000;
bc65 : 00000000;
bc66 : 00000000;
bc67 : 00000000;
bc68 : 00000000;
bc69 : 00000000;
bc6a : 00000000;
bc6b : 00000000;
bc6c : 00000000;
bc6d : 00000000;
bc6e : 00000000;
bc6f : 00000000;
bc70 : 00000000;
bc71 : 00000000;
bc72 : 00000000;
bc73 : 00000000;
bc74 : 00000000;
bc75 : 00000000;
bc76 : 00000000;
bc77 : 00000000;
bc78 : 00000000;
bc79 : 00000000;
bc7a : 00000000;
bc7b : 00000000;
bc7c : 00000000;
bc7d : 00000000;
bc7e : 00000000;
bc7f : 00000000;
bc80 : 00000000;
bc81 : 00000000;
bc82 : 00000000;
bc83 : 00000000;
bc84 : 00000000;
bc85 : 00000000;
bc86 : 00000000;
bc87 : 00000000;
bc88 : 00000000;
bc89 : 00000000;
bc8a : 00000000;
bc8b : 00000000;
bc8c : 00000000;
bc8d : 00000000;
bc8e : 00000000;
bc8f : 00000000;
bc90 : 00000000;
bc91 : 00000000;
bc92 : 00000000;
bc93 : 00000000;
bc94 : 00000000;
bc95 : 00000000;
bc96 : 00000000;
bc97 : 00000000;
bc98 : 00000000;
bc99 : 00000000;
bc9a : 00000000;
bc9b : 00000000;
bc9c : 00000000;
bc9d : 00000000;
bc9e : 00000000;
bc9f : 00000000;
bca0 : 00000000;
bca1 : 00000000;
bca2 : 00000000;
bca3 : 00000000;
bca4 : 00000000;
bca5 : 00000000;
bca6 : 00000000;
bca7 : 00000000;
bca8 : 00000000;
bca9 : 00000000;
bcaa : 00000000;
bcab : 00000000;
bcac : 00000000;
bcad : 00000000;
bcae : 00000000;
bcaf : 00000000;
bcb0 : 00000000;
bcb1 : 00000000;
bcb2 : 00000000;
bcb3 : 00000000;
bcb4 : 00000000;
bcb5 : 00000000;
bcb6 : 00000000;
bcb7 : 00000000;
bcb8 : 00000000;
bcb9 : 00000000;
bcba : 00000000;
bcbb : 00000000;
bcbc : 00000000;
bcbd : 00000000;
bcbe : 00000000;
bcbf : 00000000;
bcc0 : 00000000;
bcc1 : 00000000;
bcc2 : 00000000;
bcc3 : 00000000;
bcc4 : 00000000;
bcc5 : 00000000;
bcc6 : 00000000;
bcc7 : 00000000;
bcc8 : 00000000;
bcc9 : 00000000;
bcca : 00000000;
bccb : 00000000;
bccc : 00000000;
bccd : 00000000;
bcce : 00000000;
bccf : 00000000;
bcd0 : 00000000;
bcd1 : 00000000;
bcd2 : 00000000;
bcd3 : 00000000;
bcd4 : 00000000;
bcd5 : 00000000;
bcd6 : 00000000;
bcd7 : 00000000;
bcd8 : 00000000;
bcd9 : 00000000;
bcda : 00000000;
bcdb : 00000000;
bcdc : 00000000;
bcdd : 00000000;
bcde : 00000000;
bcdf : 00000000;
bce0 : 00000000;
bce1 : 00000000;
bce2 : 00000000;
bce3 : 00000000;
bce4 : 00000000;
bce5 : 00000000;
bce6 : 00000000;
bce7 : 00000000;
bce8 : 00000000;
bce9 : 00000000;
bcea : 00000000;
bceb : 00000000;
bcec : 00000000;
bced : 00000000;
bcee : 00000000;
bcef : 00000000;
bcf0 : 00000000;
bcf1 : 00000000;
bcf2 : 00000000;
bcf3 : 00000000;
bcf4 : 00000000;
bcf5 : 00000000;
bcf6 : 00000000;
bcf7 : 00000000;
bcf8 : 00000000;
bcf9 : 00000000;
bcfa : 00000000;
bcfb : 00000000;
bcfc : 00000000;
bcfd : 00000000;
bcfe : 00000000;
bcff : 00000000;
bd00 : 00000000;
bd01 : 00000000;
bd02 : 00000000;
bd03 : 00000000;
bd04 : 00000000;
bd05 : 00000000;
bd06 : 00000000;
bd07 : 00000000;
bd08 : 00000000;
bd09 : 00000000;
bd0a : 00000000;
bd0b : 00000000;
bd0c : 00000000;
bd0d : 00000000;
bd0e : 00000000;
bd0f : 00000000;
bd10 : 00000000;
bd11 : 00000000;
bd12 : 00000000;
bd13 : 00000000;
bd14 : 00000000;
bd15 : 00000000;
bd16 : 00000000;
bd17 : 00000000;
bd18 : 00000000;
bd19 : 00000000;
bd1a : 00000000;
bd1b : 00000000;
bd1c : 00000000;
bd1d : 00000000;
bd1e : 00000000;
bd1f : 00000000;
bd20 : 00000000;
bd21 : 00000000;
bd22 : 00000000;
bd23 : 00000000;
bd24 : 00000000;
bd25 : 00000000;
bd26 : 00000000;
bd27 : 00000000;
bd28 : 00000000;
bd29 : 00000000;
bd2a : 00000000;
bd2b : 00000000;
bd2c : 00000000;
bd2d : 00000000;
bd2e : 00000000;
bd2f : 00000000;
bd30 : 00000000;
bd31 : 00000000;
bd32 : 00000000;
bd33 : 00000000;
bd34 : 00000000;
bd35 : 00000000;
bd36 : 00000000;
bd37 : 00000000;
bd38 : 00000000;
bd39 : 00000000;
bd3a : 00000000;
bd3b : 00000000;
bd3c : 00000000;
bd3d : 00000000;
bd3e : 00000000;
bd3f : 00000000;
bd40 : 00000000;
bd41 : 00000000;
bd42 : 00000000;
bd43 : 00000000;
bd44 : 00000000;
bd45 : 00000000;
bd46 : 00000000;
bd47 : 00000000;
bd48 : 00000000;
bd49 : 00000000;
bd4a : 00000000;
bd4b : 00000000;
bd4c : 00000000;
bd4d : 00000000;
bd4e : 00000000;
bd4f : 00000000;
bd50 : 00000000;
bd51 : 00000000;
bd52 : 00000000;
bd53 : 00000000;
bd54 : 00000000;
bd55 : 00000000;
bd56 : 00000000;
bd57 : 00000000;
bd58 : 00000000;
bd59 : 00000000;
bd5a : 00000000;
bd5b : 00000000;
bd5c : 00000000;
bd5d : 00000000;
bd5e : 00000000;
bd5f : 00000000;
bd60 : 00000000;
bd61 : 00000000;
bd62 : 00000000;
bd63 : 00000000;
bd64 : 00000000;
bd65 : 00000000;
bd66 : 00000000;
bd67 : 00000000;
bd68 : 00000000;
bd69 : 00000000;
bd6a : 00000000;
bd6b : 00000000;
bd6c : 00000000;
bd6d : 00000000;
bd6e : 00000000;
bd6f : 00000000;
bd70 : 00000000;
bd71 : 00000000;
bd72 : 00000000;
bd73 : 00000000;
bd74 : 00000000;
bd75 : 00000000;
bd76 : 00000000;
bd77 : 00000000;
bd78 : 00000000;
bd79 : 00000000;
bd7a : 00000000;
bd7b : 00000000;
bd7c : 00000000;
bd7d : 00000000;
bd7e : 00000000;
bd7f : 00000000;
bd80 : 00000000;
bd81 : 00000000;
bd82 : 00000000;
bd83 : 00000000;
bd84 : 00000000;
bd85 : 00000000;
bd86 : 00000000;
bd87 : 00000000;
bd88 : 00000000;
bd89 : 00000000;
bd8a : 00000000;
bd8b : 00000000;
bd8c : 00000000;
bd8d : 00000000;
bd8e : 00000000;
bd8f : 00000000;
bd90 : 00000000;
bd91 : 00000000;
bd92 : 00000000;
bd93 : 00000000;
bd94 : 00000000;
bd95 : 00000000;
bd96 : 00000000;
bd97 : 00000000;
bd98 : 00000000;
bd99 : 00000000;
bd9a : 00000000;
bd9b : 00000000;
bd9c : 00000000;
bd9d : 00000000;
bd9e : 00000000;
bd9f : 00000000;
bda0 : 00000000;
bda1 : 00000000;
bda2 : 00000000;
bda3 : 00000000;
bda4 : 00000000;
bda5 : 00000000;
bda6 : 00000000;
bda7 : 00000000;
bda8 : 00000000;
bda9 : 00000000;
bdaa : 00000000;
bdab : 00000000;
bdac : 00000000;
bdad : 00000000;
bdae : 00000000;
bdaf : 00000000;
bdb0 : 00000000;
bdb1 : 00000000;
bdb2 : 00000000;
bdb3 : 00000000;
bdb4 : 00000000;
bdb5 : 00000000;
bdb6 : 00000000;
bdb7 : 00000000;
bdb8 : 00000000;
bdb9 : 00000000;
bdba : 00000000;
bdbb : 00000000;
bdbc : 00000000;
bdbd : 00000000;
bdbe : 00000000;
bdbf : 00000000;
bdc0 : 00000000;
bdc1 : 00000000;
bdc2 : 00000000;
bdc3 : 00000000;
bdc4 : 00000000;
bdc5 : 00000000;
bdc6 : 00000000;
bdc7 : 00000000;
bdc8 : 00000000;
bdc9 : 00000000;
bdca : 00000000;
bdcb : 00000000;
bdcc : 00000000;
bdcd : 00000000;
bdce : 00000000;
bdcf : 00000000;
bdd0 : 00000000;
bdd1 : 00000000;
bdd2 : 00000000;
bdd3 : 00000000;
bdd4 : 00000000;
bdd5 : 00000000;
bdd6 : 00000000;
bdd7 : 00000000;
bdd8 : 00000000;
bdd9 : 00000000;
bdda : 00000000;
bddb : 00000000;
bddc : 00000000;
bddd : 00000000;
bdde : 00000000;
bddf : 00000000;
bde0 : 00000000;
bde1 : 00000000;
bde2 : 00000000;
bde3 : 00000000;
bde4 : 00000000;
bde5 : 00000000;
bde6 : 00000000;
bde7 : 00000000;
bde8 : 00000000;
bde9 : 00000000;
bdea : 00000000;
bdeb : 00000000;
bdec : 00000000;
bded : 00000000;
bdee : 00000000;
bdef : 00000000;
bdf0 : 00000000;
bdf1 : 00000000;
bdf2 : 00000000;
bdf3 : 00000000;
bdf4 : 00000000;
bdf5 : 00000000;
bdf6 : 00000000;
bdf7 : 00000000;
bdf8 : 00000000;
bdf9 : 00000000;
bdfa : 00000000;
bdfb : 00000000;
bdfc : 00000000;
bdfd : 00000000;
bdfe : 00000000;
bdff : 00000000;
be00 : 00000000;
be01 : 00000000;
be02 : 00000000;
be03 : 00000000;
be04 : 00000000;
be05 : 00000000;
be06 : 00000000;
be07 : 00000000;
be08 : 00000000;
be09 : 00000000;
be0a : 00000000;
be0b : 00000000;
be0c : 00000000;
be0d : 00000000;
be0e : 00000000;
be0f : 00000000;
be10 : 00000000;
be11 : 00000000;
be12 : 00000000;
be13 : 00000000;
be14 : 00000000;
be15 : 00000000;
be16 : 00000000;
be17 : 00000000;
be18 : 00000000;
be19 : 00000000;
be1a : 00000000;
be1b : 00000000;
be1c : 00000000;
be1d : 00000000;
be1e : 00000000;
be1f : 00000000;
be20 : 00000000;
be21 : 00000000;
be22 : 00000000;
be23 : 00000000;
be24 : 00000000;
be25 : 00000000;
be26 : 00000000;
be27 : 00000000;
be28 : 00000000;
be29 : 00000000;
be2a : 00000000;
be2b : 00000000;
be2c : 00000000;
be2d : 00000000;
be2e : 00000000;
be2f : 00000000;
be30 : 00000000;
be31 : 00000000;
be32 : 00000000;
be33 : 00000000;
be34 : 00000000;
be35 : 00000000;
be36 : 00000000;
be37 : 00000000;
be38 : 00000000;
be39 : 00000000;
be3a : 00000000;
be3b : 00000000;
be3c : 00000000;
be3d : 00000000;
be3e : 00000000;
be3f : 00000000;
be40 : 00000000;
be41 : 00000000;
be42 : 00000000;
be43 : 00000000;
be44 : 00000000;
be45 : 00000000;
be46 : 00000000;
be47 : 00000000;
be48 : 00000000;
be49 : 00000000;
be4a : 00000000;
be4b : 00000000;
be4c : 00000000;
be4d : 00000000;
be4e : 00000000;
be4f : 00000000;
be50 : 00000000;
be51 : 00000000;
be52 : 00000000;
be53 : 00000000;
be54 : 00000000;
be55 : 00000000;
be56 : 00000000;
be57 : 00000000;
be58 : 00000000;
be59 : 00000000;
be5a : 00000000;
be5b : 00000000;
be5c : 00000000;
be5d : 00000000;
be5e : 00000000;
be5f : 00000000;
be60 : 00000000;
be61 : 00000000;
be62 : 00000000;
be63 : 00000000;
be64 : 00000000;
be65 : 00000000;
be66 : 00000000;
be67 : 00000000;
be68 : 00000000;
be69 : 00000000;
be6a : 00000000;
be6b : 00000000;
be6c : 00000000;
be6d : 00000000;
be6e : 00000000;
be6f : 00000000;
be70 : 00000000;
be71 : 00000000;
be72 : 00000000;
be73 : 00000000;
be74 : 00000000;
be75 : 00000000;
be76 : 00000000;
be77 : 00000000;
be78 : 00000000;
be79 : 00000000;
be7a : 00000000;
be7b : 00000000;
be7c : 00000000;
be7d : 00000000;
be7e : 00000000;
be7f : 00000000;
be80 : 00000000;
be81 : 00000000;
be82 : 00000000;
be83 : 00000000;
be84 : 00000000;
be85 : 00000000;
be86 : 00000000;
be87 : 00000000;
be88 : 00000000;
be89 : 00000000;
be8a : 00000000;
be8b : 00000000;
be8c : 00000000;
be8d : 00000000;
be8e : 00000000;
be8f : 00000000;
be90 : 00000000;
be91 : 00000000;
be92 : 00000000;
be93 : 00000000;
be94 : 00000000;
be95 : 00000000;
be96 : 00000000;
be97 : 00000000;
be98 : 00000000;
be99 : 00000000;
be9a : 00000000;
be9b : 00000000;
be9c : 00000000;
be9d : 00000000;
be9e : 00000000;
be9f : 00000000;
bea0 : 00000000;
bea1 : 00000000;
bea2 : 00000000;
bea3 : 00000000;
bea4 : 00000000;
bea5 : 00000000;
bea6 : 00000000;
bea7 : 00000000;
bea8 : 00000000;
bea9 : 00000000;
beaa : 00000000;
beab : 00000000;
beac : 00000000;
bead : 00000000;
beae : 00000000;
beaf : 00000000;
beb0 : 00000000;
beb1 : 00000000;
beb2 : 00000000;
beb3 : 00000000;
beb4 : 00000000;
beb5 : 00000000;
beb6 : 00000000;
beb7 : 00000000;
beb8 : 00000000;
beb9 : 00000000;
beba : 00000000;
bebb : 00000000;
bebc : 00000000;
bebd : 00000000;
bebe : 00000000;
bebf : 00000000;
bec0 : 00000000;
bec1 : 00000000;
bec2 : 00000000;
bec3 : 00000000;
bec4 : 00000000;
bec5 : 00000000;
bec6 : 00000000;
bec7 : 00000000;
bec8 : 00000000;
bec9 : 00000000;
beca : 00000000;
becb : 00000000;
becc : 00000000;
becd : 00000000;
bece : 00000000;
becf : 00000000;
bed0 : 00000000;
bed1 : 00000000;
bed2 : 00000000;
bed3 : 00000000;
bed4 : 00000000;
bed5 : 00000000;
bed6 : 00000000;
bed7 : 00000000;
bed8 : 00000000;
bed9 : 00000000;
beda : 00000000;
bedb : 00000000;
bedc : 00000000;
bedd : 00000000;
bede : 00000000;
bedf : 00000000;
bee0 : 00000000;
bee1 : 00000000;
bee2 : 00000000;
bee3 : 00000000;
bee4 : 00000000;
bee5 : 00000000;
bee6 : 00000000;
bee7 : 00000000;
bee8 : 00000000;
bee9 : 00000000;
beea : 00000000;
beeb : 00000000;
beec : 00000000;
beed : 00000000;
beee : 00000000;
beef : 00000000;
bef0 : 00000000;
bef1 : 00000000;
bef2 : 00000000;
bef3 : 00000000;
bef4 : 00000000;
bef5 : 00000000;
bef6 : 00000000;
bef7 : 00000000;
bef8 : 00000000;
bef9 : 00000000;
befa : 00000000;
befb : 00000000;
befc : 00000000;
befd : 00000000;
befe : 00000000;
beff : 00000000;
bf00 : 00000000;
bf01 : 00000000;
bf02 : 00000000;
bf03 : 00000000;
bf04 : 00000000;
bf05 : 00000000;
bf06 : 00000000;
bf07 : 00000000;
bf08 : 00000000;
bf09 : 00000000;
bf0a : 00000000;
bf0b : 00000000;
bf0c : 00000000;
bf0d : 00000000;
bf0e : 00000000;
bf0f : 00000000;
bf10 : 00000000;
bf11 : 00000000;
bf12 : 00000000;
bf13 : 00000000;
bf14 : 00000000;
bf15 : 00000000;
bf16 : 00000000;
bf17 : 00000000;
bf18 : 00000000;
bf19 : 00000000;
bf1a : 00000000;
bf1b : 00000000;
bf1c : 00000000;
bf1d : 00000000;
bf1e : 00000000;
bf1f : 00000000;
bf20 : 00000000;
bf21 : 00000000;
bf22 : 00000000;
bf23 : 00000000;
bf24 : 00000000;
bf25 : 00000000;
bf26 : 00000000;
bf27 : 00000000;
bf28 : 00000000;
bf29 : 00000000;
bf2a : 00000000;
bf2b : 00000000;
bf2c : 00000000;
bf2d : 00000000;
bf2e : 00000000;
bf2f : 00000000;
bf30 : 00000000;
bf31 : 00000000;
bf32 : 00000000;
bf33 : 00000000;
bf34 : 00000000;
bf35 : 00000000;
bf36 : 00000000;
bf37 : 00000000;
bf38 : 00000000;
bf39 : 00000000;
bf3a : 00000000;
bf3b : 00000000;
bf3c : 00000000;
bf3d : 00000000;
bf3e : 00000000;
bf3f : 00000000;
bf40 : 00000000;
bf41 : 00000000;
bf42 : 00000000;
bf43 : 00000000;
bf44 : 00000000;
bf45 : 00000000;
bf46 : 00000000;
bf47 : 00000000;
bf48 : 00000000;
bf49 : 00000000;
bf4a : 00000000;
bf4b : 00000000;
bf4c : 00000000;
bf4d : 00000000;
bf4e : 00000000;
bf4f : 00000000;
bf50 : 00000000;
bf51 : 00000000;
bf52 : 00000000;
bf53 : 00000000;
bf54 : 00000000;
bf55 : 00000000;
bf56 : 00000000;
bf57 : 00000000;
bf58 : 00000000;
bf59 : 00000000;
bf5a : 00000000;
bf5b : 00000000;
bf5c : 00000000;
bf5d : 00000000;
bf5e : 00000000;
bf5f : 00000000;
bf60 : 00000000;
bf61 : 00000000;
bf62 : 00000000;
bf63 : 00000000;
bf64 : 00000000;
bf65 : 00000000;
bf66 : 00000000;
bf67 : 00000000;
bf68 : 00000000;
bf69 : 00000000;
bf6a : 00000000;
bf6b : 00000000;
bf6c : 00000000;
bf6d : 00000000;
bf6e : 00000000;
bf6f : 00000000;
bf70 : 00000000;
bf71 : 00000000;
bf72 : 00000000;
bf73 : 00000000;
bf74 : 00000000;
bf75 : 00000000;
bf76 : 00000000;
bf77 : 00000000;
bf78 : 00000000;
bf79 : 00000000;
bf7a : 00000000;
bf7b : 00000000;
bf7c : 00000000;
bf7d : 00000000;
bf7e : 00000000;
bf7f : 00000000;
bf80 : 00000000;
bf81 : 00000000;
bf82 : 00000000;
bf83 : 00000000;
bf84 : 00000000;
bf85 : 00000000;
bf86 : 00000000;
bf87 : 00000000;
bf88 : 00000000;
bf89 : 00000000;
bf8a : 00000000;
bf8b : 00000000;
bf8c : 00000000;
bf8d : 00000000;
bf8e : 00000000;
bf8f : 00000000;
bf90 : 00000000;
bf91 : 00000000;
bf92 : 00000000;
bf93 : 00000000;
bf94 : 00000000;
bf95 : 00000000;
bf96 : 00000000;
bf97 : 00000000;
bf98 : 00000000;
bf99 : 00000000;
bf9a : 00000000;
bf9b : 00000000;
bf9c : 00000000;
bf9d : 00000000;
bf9e : 00000000;
bf9f : 00000000;
bfa0 : 00000000;
bfa1 : 00000000;
bfa2 : 00000000;
bfa3 : 00000000;
bfa4 : 00000000;
bfa5 : 00000000;
bfa6 : 00000000;
bfa7 : 00000000;
bfa8 : 00000000;
bfa9 : 00000000;
bfaa : 00000000;
bfab : 00000000;
bfac : 00000000;
bfad : 00000000;
bfae : 00000000;
bfaf : 00000000;
bfb0 : 00000000;
bfb1 : 00000000;
bfb2 : 00000000;
bfb3 : 00000000;
bfb4 : 00000000;
bfb5 : 00000000;
bfb6 : 00000000;
bfb7 : 00000000;
bfb8 : 00000000;
bfb9 : 00000000;
bfba : 00000000;
bfbb : 00000000;
bfbc : 00000000;
bfbd : 00000000;
bfbe : 00000000;
bfbf : 00000000;
bfc0 : 00000000;
bfc1 : 00000000;
bfc2 : 00000000;
bfc3 : 00000000;
bfc4 : 00000000;
bfc5 : 00000000;
bfc6 : 00000000;
bfc7 : 00000000;
bfc8 : 00000000;
bfc9 : 00000000;
bfca : 00000000;
bfcb : 00000000;
bfcc : 00000000;
bfcd : 00000000;
bfce : 00000000;
bfcf : 00000000;
bfd0 : 00000000;
bfd1 : 00000000;
bfd2 : 00000000;
bfd3 : 00000000;
bfd4 : 00000000;
bfd5 : 00000000;
bfd6 : 00000000;
bfd7 : 00000000;
bfd8 : 00000000;
bfd9 : 00000000;
bfda : 00000000;
bfdb : 00000000;
bfdc : 00000000;
bfdd : 00000000;
bfde : 00000000;
bfdf : 00000000;
bfe0 : 00000000;
bfe1 : 00000000;
bfe2 : 00000000;
bfe3 : 00000000;
bfe4 : 00000000;
bfe5 : 00000000;
bfe6 : 00000000;
bfe7 : 00000000;
bfe8 : 00000000;
bfe9 : 00000000;
bfea : 00000000;
bfeb : 00000000;
bfec : 00000000;
bfed : 00000000;
bfee : 00000000;
bfef : 00000000;
bff0 : 00000000;
bff1 : 00000000;
bff2 : 00000000;
bff3 : 00000000;
bff4 : 00000000;
bff5 : 00000000;
bff6 : 00000000;
bff7 : 00000000;
bff8 : 00000000;
bff9 : 00000000;
bffa : 00000000;
bffb : 00000000;
bffc : 00000000;
bffd : 00000000;
bffe : 00000000;
bfff : 00000000;
END;
