path	bytes	mtime_utc	sha256	class
week02/v01/DE5a.fit.rpt	1167027	2026-08-14T00:36:18.537846+00:00	76216727bec4407ade99d3d99147e7b47a906046fc9027112afcc47d0e5eed87	artifact-or-log
week02/v01/DE5a.fit.summary	601	2026-08-14T00:36:17.948849+00:00	27a9ca399b5d0e64951f9912c055c35c15123229d9c368c628ea29fdc2396d2f	artifact-or-log
week02/v01/DE5a.flow.rpt	6174	2026-08-14T00:36:18.540846+00:00	aefe08ca6e7f48ee5c9b7b0e1e848ca54856c9d6f426c49ed6d5ab663005af8c	artifact-or-log
week02/v01/DE5a.map.rpt	262813	2026-08-14T00:36:02.120942+00:00	3755f35f6139d0641216488059a49311df50c1bf4683a52b0e7ddb43e4bfdc49	artifact-or-log
week02/v01/DE5a.map.summary	422	2026-08-14T00:36:02.097942+00:00	74c36ef706a81d413375c7708c7b3c5643339214ce6e830fa69e566a23f0a7fc	artifact-or-log
week02/v01/DE5a.qpf	107	2026-08-14T00:09:42.489170+00:00	756f0223b1d491ca8ce170cdcc58ab7d434128f009856345e337b67543e22a1c	project-source-or-doc
week02/v01/DE5a.qsf	103461	2026-08-14T00:34:25.111509+00:00	c1ecfeb651433ff12b0d6819a65683b8add3bbee92960870f236cb1aea27b5b6	project-source-or-doc
week02/v01/DE5a.sdc	3414	2026-08-14T00:09:42.457170+00:00	eadc396d306e5e5d1c665605cbab1bd52469162f520ce317dd54f414cefb6644	project-source-or-doc
week02/v01/DE5a.syn.rpt	1122	2026-08-14T00:31:25.549558+00:00	56042b430b551e147ee89638fda3ca78679c9475018a246ac3a55cf9a2922866	artifact-or-log
week02/v01/DE5a.v	10899	2026-08-14T00:35:31.732119+00:00	0248d405ec2b152acc06872e1e4a4d59d4ffabd6c29b4083b884d30d8391e086	project-source-or-doc
week02/v01/DE5a_wr.qpf	54	2026-08-14T00:52:36.922166+00:00	a6bf50f57200c593ff76fe70987e7795eef421b7013bd3ea9e475ea397dfea40	project-source-or-doc
week02/v01/DE5a_wr.qsf	3944	2026-08-14T00:52:58.256042+00:00	67f4716530a68405274fb83c34a69d44e41fb6cd51ace8dbe52bda6804f000f5	project-source-or-doc
week02/v01/DE5a_wr.sdc	182	2026-08-14T00:52:36.913166+00:00	ebe5692704f6c029f921bda29a8895edfbcecbe46c16e0e6347f433e02442280	project-source-or-doc
week02/v01/DE5a_wr.v	4496	2026-08-14T00:52:36.901166+00:00	dba526ffb895c5b6dbe25d3f733d3bf8dbd0db4037f16801cb6b3a745a70a9f8	project-source-or-doc
week02/v01/DE5a_wr_full.qpf	59	2026-08-14T00:58:24.851134+00:00	7f2e1a07667ecff4960548fb183a115324051ccb54283aeb2ffcfa65db98402f	project-source-or-doc
week02/v01/DE5a_wr_full.qsf	5093	2026-08-14T00:58:28.471113+00:00	907ccb59e7e06964f42cb64c90b2071c8824911f686d317433faaae51e90e8d1	project-source-or-doc
week02/v01/DE5a_wr_full.sdc	182	2026-08-14T00:58:24.840134+00:00	ebe5692704f6c029f921bda29a8895edfbcecbe46c16e0e6347f433e02442280	project-source-or-doc
week02/v01/DE5a_wr_full.v	3460	2026-08-14T00:58:55.953952+00:00	527e7ade68c5ab09bc4de322ccfc5d7e15a08b2318a7466dbcbe2c790093aa62	project-source-or-doc
week02/v01/DE5a_wr_master.qpf	61	2026-08-14T06:30:10.526575+00:00	89e510084a6b37b249d54bd3bf8499dba3db99fd03a49b6897a1fdb5c7c3b2c0	project-source-or-doc
week02/v01/DE5a_wr_master.qsf	33770	2026-08-14T12:09:29.965139+00:00	31a88c6f244607b0123f9d6732d2b5533433d4cca382a15dffc9f2b410def6ab	project-source-or-doc
week02/v01/DE5a_wr_master.sdc	263	2026-08-14T15:47:32.659832+00:00	b6a17ee37da9242677c038f3e18ec4251c38727515002a1bf2a83f39ee88d9b8	project-source-or-doc
week02/v01/DE5a_wr_master.vhd	16450	2026-08-14T13:04:44.152840+00:00	4cc88c3090e58dec70252ebd27ad7bffc760316ba8441c3fc9b4ad7922a65ecf	project-source-or-doc
week02/v01/DE5a_wr_master_lane1.qpf	67	2026-08-14T13:57:45.685330+00:00	780efc78f5d53620d81f6cde109483a2e1c61c7846aaeefcb93e4f1602bae229	project-source-or-doc
week02/v01/DE5a_wr_master_lane1.qsf	33486	2026-08-14T13:57:57.797259+00:00	6640def482571a7a23387da6d454eb9dbacd178325aa8697e14c3c8837c775be	project-source-or-doc
week02/v01/DE5a_wr_master_lane1.sdc	263	2026-08-14T13:57:45.758329+00:00	b6a17ee37da9242677c038f3e18ec4251c38727515002a1bf2a83f39ee88d9b8	project-source-or-doc
week02/v01/DE5a_wr_master_lane1.vhd	16482	2026-08-14T13:58:58.663906+00:00	1c663dfb72111e5bb257763c8712b402f593798f61a49f4ad4e7a399c8a0fb10	project-source-or-doc
week02/v01/DE5a_wr_master_portb.qpf	67	2026-08-14T13:15:15.751158+00:00	2b6d26d8cdb1df3b61c03ab7c69f22910d75dc0785c9b9872a118ee48d68a175	project-source-or-doc
week02/v01/DE5a_wr_master_portb.qsf	36037	2026-08-14T13:19:41.736608+00:00	9b3c90c78ffc228ac8b6313ab5d439fac43c111cd7359bee29b0b8f0d057b850	project-source-or-doc
week02/v01/DE5a_wr_master_portb.sdc	263	2026-08-14T13:15:18.377142+00:00	b6a17ee37da9242677c038f3e18ec4251c38727515002a1bf2a83f39ee88d9b8	project-source-or-doc
week02/v01/DE5a_wr_master_portb.vhd	17053	2026-08-14T13:17:56.338222+00:00	c0e71f2bf68ba0c7425e77c13b53bfe992aba7ac31949aa8b2df8cad887f3596	project-source-or-doc
week02/v01/DE5a_wr_master_portc.qpf	67	2026-08-14T14:28:51.193490+00:00	6e93e5100d7c9b8bd59b798df080b2d945fa7bf5426b42e0b0ec59e8005ff852	project-source-or-doc
week02/v01/DE5a_wr_master_portc.qsf	36033	2026-08-14T14:29:16.517343+00:00	3f1aaec1b0c4835cf020b2ee82dd9f85a629a551e0caede76aa71cca4c71a4fc	project-source-or-doc
week02/v01/DE5a_wr_master_portc.sdc	263	2026-08-14T14:41:30.748075+00:00	58f03072a811334431fa29c9cac14eb12f3b79b8d8b99818914d67c990a693bc	project-source-or-doc
week02/v01/DE5a_wr_master_portc.vhd	17265	2026-08-14T14:42:02.208892+00:00	a70848710624469682b200586500a3b58ac0e12ecb77e06cd7b7e19b6fdbb6e8	project-source-or-doc
week02/v01/DE5a_wr_slave.qpf	60	2026-08-14T09:57:57.616923+00:00	42b8608cc86b068c044a3e501fde662e8a8cf0cd2840a9ed0dcb5b97e917a4aa	project-source-or-doc
week02/v01/DE5a_wr_slave.qsf	33764	2026-08-14T12:09:29.965139+00:00	cfbd14ea1cd55db331676315d9a43bc13f5ccc5271d810afa432e41bbc7b9694	project-source-or-doc
week02/v01/DE5a_wr_slave.sdc	263	2026-08-14T10:31:00.732485+00:00	b6a17ee37da9242677c038f3e18ec4251c38727515002a1bf2a83f39ee88d9b8	project-source-or-doc
week02/v01/DE5a_wr_slave.vhd	16445	2026-08-14T13:04:45.559832+00:00	ee79103b127fda29f92f70591ff5a31bed6ec49d2eea7b23d5bef56321eb5bf7	project-source-or-doc
week02/v01/DE5a_wr_slave_lane1.qpf	66	2026-08-14T13:57:45.726329+00:00	a4a110c84d8f223f5212b6594aa5296999969d812690ca4e84fc8733828c3f8c	project-source-or-doc
week02/v01/DE5a_wr_slave_lane1.qsf	33481	2026-08-14T13:58:16.783149+00:00	efd14f960e81a23b316874999bd6c0bd737394b7dee3ecb69a8eb3989cc830b0	project-source-or-doc
week02/v01/DE5a_wr_slave_lane1.sdc	263	2026-08-14T13:57:45.793329+00:00	b6a17ee37da9242677c038f3e18ec4251c38727515002a1bf2a83f39ee88d9b8	project-source-or-doc
week02/v01/DE5a_wr_slave_lane1.vhd	16477	2026-08-14T13:58:58.704906+00:00	af25e380bd000dbda05d92f3f09773df90f103c8f688fac038c6e3499daeeaf8	project-source-or-doc
week02/v01/DE5a_wr_slave_loopback.qpf	69	2026-08-14T13:37:46.189296+00:00	c10c92fd26dcb2c5572e268ae9a9d152cd276746f153c132b0511e1a9c875096	project-source-or-doc
week02/v01/DE5a_wr_slave_loopback.qsf	33798	2026-08-14T13:37:53.130255+00:00	e620c1a18ad776c6f95ed52c227e381598d44700010f18168f1c26d79c23ccf0	project-source-or-doc
week02/v01/DE5a_wr_slave_loopback.sdc	263	2026-08-14T13:37:46.224296+00:00	b6a17ee37da9242677c038f3e18ec4251c38727515002a1bf2a83f39ee88d9b8	project-source-or-doc
week02/v01/DE5a_wr_slave_loopback.vhd	16460	2026-08-14T13:38:21.014094+00:00	aee3952fe9f2dcd5cfc05d7a2bcd96a83ad815db746b3cd7f48fc004a4e8ea5b	project-source-or-doc
week02/v01/DE5a_wr_slave_portb.qpf	66	2026-08-14T13:15:17.080150+00:00	ae937b45d0ead6fb611a6bdde758762829b3788b978564e0f38b76eb5316770d	project-source-or-doc
week02/v01/DE5a_wr_slave_portb.qsf	36033	2026-08-14T13:23:00.268452+00:00	0f59794eaaa6f524e19a4ecb23c3b6f85b7bb6bf3ce0f4044d9ccbe5bbb0879b	project-source-or-doc
week02/v01/DE5a_wr_slave_portb.sdc	263	2026-08-14T13:15:19.747134+00:00	b6a17ee37da9242677c038f3e18ec4251c38727515002a1bf2a83f39ee88d9b8	project-source-or-doc
week02/v01/DE5a_wr_slave_portb.vhd	17048	2026-08-14T13:17:56.376222+00:00	191d78d7c7b7f606bffa5ac343de81d52aa687f3435586ab0dbd3219a2ffb2d2	project-source-or-doc
week02/v01/DE5a_wr_slave_portc.qpf	66	2026-08-14T14:28:51.238490+00:00	34ccda23175b7114f56d04fcd6f1adecd89c4e4cf2e8ea908f3b9229a5c1c1a9	project-source-or-doc
week02/v01/DE5a_wr_slave_portc.qsf	36029	2026-08-14T14:29:16.544343+00:00	1788c476ff2a1962d8604382cb80b9ef56a8f3c734241866037ad42df7df77c2	project-source-or-doc
week02/v01/DE5a_wr_slave_portc.sdc	263	2026-08-14T14:41:32.080067+00:00	58f03072a811334431fa29c9cac14eb12f3b79b8d8b99818914d67c990a693bc	project-source-or-doc
week02/v01/DE5a_wr_slave_portc.vhd	17260	2026-08-14T14:45:56.073533+00:00	2ea17c5ef55ba84140f5758c4d8c4010c2dfe8c577da039fb05e19a06b43dd76	project-source-or-doc
week02/v01/clock625_jtagwb_diag/DE5a_wr_master_jtagwb.qpf	1321	2026-08-14T23:01:27.119611+00:00	00c6c8bf581e7b0ee7d4fbbb9bf9f6ba7f875de71602a540de0f8d4d1309400b	project-source-or-doc
week02/v01/clock625_jtagwb_diag/DE5a_wr_master_jtagwb.qsf	34817	2026-08-14T23:01:27.229610+00:00	5dc52c7ecfeee5762d963a9428551f503e826e76deec6b56cbe152e208bccc99	project-source-or-doc
week02/v01/clock625_jtagwb_diag/DE5a_wr_master_jtagwb.sdc	263	2026-08-14T23:01:27.265610+00:00	b6a17ee37da9242677c038f3e18ec4251c38727515002a1bf2a83f39ee88d9b8	project-source-or-doc
week02/v01/clock625_jtagwb_diag/DE5a_wr_master_jtagwb.vhd	21065	2026-08-14T23:01:27.341609+00:00	37b852c4c540fa263aa9c39ae15e92241ed79999da9c589e803b4a3965942e66	project-source-or-doc
week02/v01/clock625_jtagwb_diag/DE5a_wr_slave_jtagwb.qpf	1320	2026-08-14T23:01:27.414609+00:00	a54206fd171eebd7fa5d244c4f9d421feeefb1787f4266bfdf28ebe9607b1119	project-source-or-doc
week02/v01/clock625_jtagwb_diag/DE5a_wr_slave_jtagwb.qsf	34813	2026-08-14T23:01:27.541608+00:00	f14a634c2264e042b9c3f49efa907e5493a96d3cc344eee004b94a8087ede38c	project-source-or-doc
week02/v01/clock625_jtagwb_diag/DE5a_wr_slave_jtagwb.sdc	263	2026-08-14T23:01:27.614608+00:00	b6a17ee37da9242677c038f3e18ec4251c38727515002a1bf2a83f39ee88d9b8	project-source-or-doc
week02/v01/clock625_jtagwb_diag/DE5a_wr_slave_jtagwb.vhd	21059	2026-08-14T23:01:27.715607+00:00	929b2caef14998fb583a717ef5c827c37c14b137348b71512cfc3acbba3012d6	project-source-or-doc
week02/v01/clock625_jtagwb_diag/i2c_bus_controller_dco.v	15228	2026-08-14T23:06:44.812760+00:00	8ffa064d1ee5c13061d47ee7fa58c948cc497818d73f3f34fa8cbc90335e9127	project-source-or-doc
week02/v01/clock625_jtagwb_diag/master_compile.log	412441	2026-08-14T23:10:05.715589+00:00	80b2004d9df4cb66a11c98a92ccb7a5e696fbc09e390bf216c348c79efa189e0	artifact-or-log
week02/v01/clock625_jtagwb_diag/output_files_master_clk625/DE5a_wr_master_jtagwb.asm.rpt	4689	2026-08-14T23:09:53.717659+00:00	e8af5b82a04df8f276b81e5f43ffe561b2145ee795ddb9556ebcbac5c7594cd8	generated-artifact
week02/v01/clock625_jtagwb_diag/output_files_master_clk625/DE5a_wr_master_jtagwb.fit.rpt	1797079	2026-08-14T23:09:23.109838+00:00	deface4acbc7b9c95302bb80bf5f685d9f239cd8ab125996685feb6c1eff0026	generated-artifact
week02/v01/clock625_jtagwb_diag/output_files_master_clk625/DE5a_wr_master_jtagwb.fit.summary	650	2026-08-14T23:09:22.482841+00:00	5d0f5cc67e2a5bad0e4b433997ee6ce610f6cd405c80967dbac520ad59589e06	generated-artifact
week02/v01/clock625_jtagwb_diag/output_files_master_clk625/DE5a_wr_master_jtagwb.flow.rpt	11426	2026-08-14T23:10:04.973594+00:00	127e724dc5c4d088c8216344467f9af2d70ec759aae9eb8e78f06e2467439f20	generated-artifact
week02/v01/clock625_jtagwb_diag/output_files_master_clk625/DE5a_wr_master_jtagwb.map.rpt	3446124	2026-08-14T23:07:25.497523+00:00	6f32f668cfbeea941547dbb79ddd26f1ff60abe12901339d0f6e715f99bdd1f5	generated-artifact
week02/v01/clock625_jtagwb_diag/output_files_master_clk625/DE5a_wr_master_jtagwb.map.summary	464	2026-08-14T23:07:25.426523+00:00	8e05e3e4a93197ed8fbeb2cdfc1b8b7646411593cfde790928f8d9653ed91cbd	generated-artifact
week02/v01/clock625_jtagwb_diag/output_files_master_clk625/DE5a_wr_master_jtagwb.sof	36765117	2026-08-14T23:09:54.127657+00:00	3b7071e92cb1ea971737a42834629dc6599d9e6823bc6e92ae52b17c1a053c7d	generated-artifact
week02/v01/clock625_jtagwb_diag/output_files_master_clk625/DE5a_wr_master_jtagwb.sta.rpt	190212	2026-08-14T23:10:04.970594+00:00	9c43bf2157001bdc60bae5ad8a36a66e9bcea84835c50d65d1b3b946ab7c72ba	generated-artifact
week02/v01/clock625_jtagwb_diag/output_files_master_clk625/DE5a_wr_master_jtagwb.sta.summary	19250	2026-08-14T23:10:04.210598+00:00	fa787cdd67682dd9b4dcf79abf0ea89c1319e0d0f9bdfac854a683d07fdc4929	generated-artifact
week02/v01/clock625_jtagwb_diag/output_files_slave_clk625/DE5a_wr_slave_jtagwb.asm.rpt	4663	2026-08-14T23:13:55.927247+00:00	f5840e440f74f22049583fdbe2524bfd6a8684b139bbffae09ff7231ba694c36	generated-artifact
week02/v01/clock625_jtagwb_diag/output_files_slave_clk625/DE5a_wr_slave_jtagwb.fit.rpt	1858235	2026-08-14T23:13:28.058410+00:00	952ec09cdd67799d0d23de3db116b240021508c5ceb12a39ff6e3dd76b9b6c76	generated-artifact
week02/v01/clock625_jtagwb_diag/output_files_slave_clk625/DE5a_wr_slave_jtagwb.fit.summary	648	2026-08-14T23:13:27.464413+00:00	093c01d15c4c1357c143390802468342c89529843cf572a8c86449ea51e6cc79	generated-artifact
week02/v01/clock625_jtagwb_diag/output_files_slave_clk625/DE5a_wr_slave_jtagwb.flow.rpt	11408	2026-08-14T23:14:07.203182+00:00	32dd02ba1c2a3b907def4f359eaa9b14a4ffa12302ffb027c628d45dc7215ee1	generated-artifact
week02/v01/clock625_jtagwb_diag/output_files_slave_clk625/DE5a_wr_slave_jtagwb.map.rpt	3445192	2026-08-14T23:11:28.760105+00:00	07e8b3992a83158b75d19bf7937e28de95212a7e6d1d77dfe42807648f759dc0	generated-artifact
week02/v01/clock625_jtagwb_diag/output_files_slave_clk625/DE5a_wr_slave_jtagwb.map.summary	462	2026-08-14T23:11:28.676106+00:00	ea864b982d31360dfd81072bb4effa746f2caaad56dba54f638cae6920f49cfb	generated-artifact
week02/v01/clock625_jtagwb_diag/output_files_slave_clk625/DE5a_wr_slave_jtagwb.sof	36765111	2026-08-14T23:13:56.308245+00:00	9991ae4eca5d2131034f4870644fd40baba629d283a1b627de24ee7972d68b89	generated-artifact
week02/v01/clock625_jtagwb_diag/output_files_slave_clk625/DE5a_wr_slave_jtagwb.sta.rpt	190163	2026-08-14T23:14:07.201182+00:00	18799cc616ce64a1706fa8f65748b9ef4ec7216012072c97df7b872311651eb7	generated-artifact
week02/v01/clock625_jtagwb_diag/output_files_slave_clk625/DE5a_wr_slave_jtagwb.sta.summary	19250	2026-08-14T23:14:06.442186+00:00	2e3c1d03e8ee71972a9840ec9b9dd886981c41e7c05ca416aec9bd91520e207d	generated-artifact
week02/v01/clock625_jtagwb_diag/read_wr_runtime_snapshot.tcl	2440	2026-08-14T23:01:27.743607+00:00	55d9a402270a3498932128c9098383059ed6cd5c767f46754fd92d70e76744f7	project-source-or-doc
week02/v01/clock625_jtagwb_diag/read_wr_wb_diag.tcl	3133	2026-08-14T23:01:27.769607+00:00	f783a43d81068ea2c7d8da39e1da791b89b3b8c9489ea7b9b4d366a2acff893b	project-source-or-doc
week02/v01/clock625_jtagwb_diag/si5340a_controller_dco.v	7596	2026-08-14T23:06:44.803760+00:00	ec4c639299beaa2eac765f8a1f7476adb7a3937247256927ec1ef9082e8890b1	project-source-or-doc
week02/v01/clock625_jtagwb_diag/si5340a_i2c_reg_controller_dco.v	31079	2026-08-14T23:06:44.808760+00:00	a42138acbe6113e17148a79f422ca3bde13d85c298ab6872a89135d6b64ac671	project-source-or-doc
week02/v01/clock625_jtagwb_diag/slave_compile.log	412357	2026-08-14T23:14:07.974177+00:00	67d9d6df386bee2b4c5f7b46b0a6a020cea9a614f81305848d0a8f989fe16477	artifact-or-log
week02/v01/clock625_jtagwb_diag/wr_jtag_wb_mailbox.vhd	5134	2026-08-14T23:01:27.797607+00:00	a884ff11045626826fe182fe54b51f78f91749346e8cb2b940d4d53049a3c13c	project-source-or-doc
week02/v01/clock625_jtagwb_diag/wr_sys_clk_625.vhd	6278	2026-08-14T23:03:21.320946+00:00	4d7dc7f6d43a613aac5c9eaaa2338e4068b455d8dad32fd569ba779f8af4bb35	project-source-or-doc
week02/v01/compile_DE5a_wr_full_v17.log	94224	2026-08-14T01:01:40.194988+00:00	bb3b3865f6303ef9684cc9f66b815de1fd467427ec3e7a777bab6a3f968254e7	artifact-or-log
week02/v01/compile_DE5a_wr_master_lane1.log	384952	2026-08-14T14:02:12.825778+00:00	5e6cef82d590f8094e75bdb3907ee162fe8f15938320cade3adb5484217fc7b7	artifact-or-log
week02/v01/compile_DE5a_wr_slave_lane1.log	384879	2026-08-14T14:05:23.369672+00:00	b96a99e37c56fa9604df25e94989eb70aeeb2397b9c79b8a7d37b78b16b311cc	artifact-or-log
week02/v01/compile_DE5a_wr_v17.log	77824	2026-08-14T00:55:16.655238+00:00	5f03b755a97478f40f2705bddcefc075df41bf41e556d5b3e5ef0b78c99f2074	artifact-or-log
week02/v01/compile_preemph18_master.log	384924	2026-08-14T12:04:21.836945+00:00	4347c51c978447e0ba58e3153872db1af3c92b3be834205006d985fb3d4516e7	artifact-or-log
week02/v01/compile_preemph18_slave.log	384853	2026-08-14T12:01:18.665018+00:00	478e62a422938955e91c3f8766e9ca8e264e61f9fd796149540acabda850f411	artifact-or-log
week02/v01/compile_probe32_master.log	385006	2026-08-14T11:52:35.094087+00:00	9ca5d2d33a6feac7025a7302c87d777ed66e843cb73fa2f13f71724ec099eb76	artifact-or-log
week02/v01/compile_probe32_slave.log	384935	2026-08-14T11:49:31.816162+00:00	1b1a898fc1de57548a3d8a3f2a3ea600082323a86fbbe6109e1fe3bf5843eaed	artifact-or-log
week02/v01/compile_rxterm_master.log	384927	2026-08-14T11:42:11.747730+00:00	8220133bf6d59258d696ea4f64b4fb8745706d06c6100925a560b3b95a406db5	artifact-or-log
week02/v01/compile_rxterm_slave.log	384854	2026-08-14T11:38:48.835915+00:00	ea6fbaf62dfdb4dd47d4a691847f8e9c685cd9146926ecdcf3bf7446a00b27ab	artifact-or-log
week02/v01/compile_v17.log	444470	2026-08-14T00:36:19.148842+00:00	ed6623f713cf7efad160c97df0eed068bc3219a69a4395999891cd4d9cf11258	artifact-or-log
week02/v01/dac_diag/DE5a_wr_master.sdc	263	2026-08-14T15:47:32.659832+00:00	b6a17ee37da9242677c038f3e18ec4251c38727515002a1bf2a83f39ee88d9b8	project-source-or-doc
week02/v01/dac_diag/DE5a_wr_master_dac.qpf	65	2026-08-14T15:50:17.347869+00:00	a63660749f6f11f457559e382a7c9b5a384a7ff94729b9bb10f753ff839e5827	project-source-or-doc
week02/v01/dac_diag/DE5a_wr_master_dac.qsf	34602	2026-08-14T15:50:14.578885+00:00	cd812eef8263303c3a924908c855972f8f5327b7dc93cedc6750f90820d4da86	project-source-or-doc
week02/v01/dac_diag/DE5a_wr_master_dac.sdc	263	2026-08-14T15:47:32.686832+00:00	b6a17ee37da9242677c038f3e18ec4251c38727515002a1bf2a83f39ee88d9b8	project-source-or-doc
week02/v01/dac_diag/DE5a_wr_master_dac.vhd	17566	2026-08-14T15:50:11.867901+00:00	ffe07629ba37ce7253b80f77b474c5b5a61497adf760b28e5c133dfa28c97c9d	project-source-or-doc
week02/v01/dac_diag/DE5a_wr_master_dac_nosfp.qpf	71	2026-08-14T16:12:51.458949+00:00	1584c8e013ae080be862480f41fbe4f1803b9d79532d9cfda39628f1d695f478	project-source-or-doc
week02/v01/dac_diag/DE5a_wr_master_dac_nosfp.qsf	34614	2026-08-14T16:12:51.445950+00:00	493fdff33fe91109c2d4f8d07f1a405f08c530eb93b9ea70f874a76f70605b7c	project-source-or-doc
week02/v01/dac_diag/DE5a_wr_master_dac_nosfp.vhd	17577	2026-08-14T16:12:51.428950+00:00	69750f63144ded2fd3a622919a7e37d4ed4f8ac248aef95e9f910a8460728fac	project-source-or-doc
week02/v01/dac_diag/DE5a_wr_slave.sdc	263	2026-08-14T15:47:32.663833+00:00	b6a17ee37da9242677c038f3e18ec4251c38727515002a1bf2a83f39ee88d9b8	project-source-or-doc
week02/v01/dac_diag/DE5a_wr_slave_dac.qpf	64	2026-08-14T15:50:18.671861+00:00	849df9263233c369e1b4768aca39f71e6a72dee4676b3530aa48185e71c1214f	project-source-or-doc
week02/v01/dac_diag/DE5a_wr_slave_dac.qsf	34598	2026-08-14T15:50:15.928877+00:00	5b7274f77a8f53ac4acc114a936cbbdb5ac033968c968c5fa48c2314501ac098	project-source-or-doc
week02/v01/dac_diag/DE5a_wr_slave_dac.sdc	263	2026-08-14T15:47:32.689832+00:00	b6a17ee37da9242677c038f3e18ec4251c38727515002a1bf2a83f39ee88d9b8	project-source-or-doc
week02/v01/dac_diag/DE5a_wr_slave_dac.vhd	17561	2026-08-14T15:50:13.240893+00:00	388dfdd493d745af3b767caa1b7b50a3a7f110e8f6fa2a77a4d14851fed96315	project-source-or-doc
week02/v01/dac_diag/DE5a_wr_slave_dac_nosfp.qpf	70	2026-08-14T16:12:51.462950+00:00	97b431aa17e7749958be035e5e43aac5f45c7dbe508573f0033b573e545bf0e7	project-source-or-doc
week02/v01/dac_diag/DE5a_wr_slave_dac_nosfp.qsf	34610	2026-08-14T16:12:51.454949+00:00	1c053e178cb326742eeedcb9cdabd4965fc3442bfe344dde53df81d9d4392968	project-source-or-doc
week02/v01/dac_diag/DE5a_wr_slave_dac_nosfp.vhd	17572	2026-08-14T16:12:51.450949+00:00	04ac486b8f546a46961166e01a6ccd1286a813dba80829e124e62fbf4edd42e5	project-source-or-doc
week02/v01/dac_diag/DE5a_wr_slave_rxpol.qpf	66	2026-08-14T14:15:22.637191+00:00	5d76de6384cde4439e021b1e420660b78db6fe0b5e50f2f4c407467884898c59	project-source-or-doc
week02/v01/dac_diag/DE5a_wr_slave_rxpol.qsf	33779	2026-08-14T14:15:46.114054+00:00	95b1afe91575a4443a4025b2c05f8a777d78e6b47f46e082e704a21000e2f9d4	project-source-or-doc
week02/v01/dac_diag/DE5a_wr_slave_rxpol.vhd	16445	2026-08-14T13:04:45.559832+00:00	ee79103b127fda29f92f70591ff5a31bed6ec49d2eea7b23d5bef56321eb5bf7	project-source-or-doc
week02/v01/dac_diag/output_files_master_dac/DE5a_wr_master_dac.asm.rpt	4527	2026-08-14T16:02:31.938572+00:00	fa9406f040c5e02f49d6101d3fdbade632055b8689530e8e560159333ac7bf7b	generated-artifact
week02/v01/dac_diag/output_files_master_dac/DE5a_wr_master_dac.fit.rpt	1769964	2026-08-14T16:02:03.779737+00:00	e7a630e2c49d3e2ed350c16a5ffeca4d471cfb0cbeba31e867c6df1b8f62f913	generated-artifact
week02/v01/dac_diag/output_files_master_dac/DE5a_wr_master_dac.fit.summary	642	2026-08-14T16:02:03.152740+00:00	f73b5ee8939c7ad01d41aed3f5833f08f3d5272771a45794b7ddf7d621817948	generated-artifact
week02/v01/dac_diag/output_files_master_dac/DE5a_wr_master_dac.flow.rpt	11716	2026-08-14T16:02:42.839508+00:00	4bdabf39395fdd408349e3a98a13e6c76e3033b45ecd5af45dad9b37b4b7bf9d	generated-artifact
week02/v01/dac_diag/output_files_master_dac/DE5a_wr_master_dac.map.rpt	3339603	2026-08-14T16:00:11.527393+00:00	75ffc7a9776834616112569cca13239d0ad4543368f216a2fc6ab52c2b5ff847	generated-artifact
week02/v01/dac_diag/output_files_master_dac/DE5a_wr_master_dac.map.summary	454	2026-08-14T16:00:11.441394+00:00	d5bdd3f5d7bb6ef309c4b95b535a8eab7824435d5e3cf84154e30a669b7857f1	generated-artifact
week02/v01/dac_diag/output_files_master_dac/DE5a_wr_master_dac.sof	36763633	2026-08-14T16:02:32.321570+00:00	8d8365b244d03112665f01b06c8f62f6155d660bbf3a65f57d906951013515d7	generated-artifact
week02/v01/dac_diag/output_files_master_dac/DE5a_wr_master_dac.sta.rpt	175153	2026-08-14T16:02:42.838508+00:00	a55356b78ca08f6daae269850129f93440436ec3103ddba4be1ceb051ec4afbe	generated-artifact
week02/v01/dac_diag/output_files_master_dac/DE5a_wr_master_dac.sta.summary	17244	2026-08-14T16:02:42.160512+00:00	2600efb1b6a8e68f60b9b76b519efdfddc65e135423c7cced4474490ff148713	generated-artifact
week02/v01/dac_diag/output_files_slave_dac/DE5a_wr_slave_dac.asm.rpt	4501	2026-08-14T15:57:34.554311+00:00	4bb0fc47929491f14cb19e9642958aeef3ce8a5f9669c3c663caa4400af0ba54	generated-artifact
week02/v01/dac_diag/output_files_slave_dac/DE5a_wr_slave_dac.fit.rpt	1780937	2026-08-14T15:57:06.414476+00:00	fef59c38a315d5ef3485b28ba8c6c9b248d40c5eef52f9452ae2b77b3efee380	generated-artifact
week02/v01/dac_diag/output_files_slave_dac/DE5a_wr_slave_dac.fit.summary	640	2026-08-14T15:57:05.764480+00:00	3c1fc84777e70876468d4e5069f6629a5675ce4ec109902178e360e84e011e29	generated-artifact
week02/v01/dac_diag/output_files_slave_dac/DE5a_wr_slave_dac.flow.rpt	11679	2026-08-14T15:57:45.382248+00:00	1d386225a4e3dc25ac003441c3f0b22b34f2499773f62bb83dd8288b1ac38b50	generated-artifact
week02/v01/dac_diag/output_files_slave_dac/DE5a_wr_slave_dac.map.rpt	3338882	2026-08-14T15:51:05.153589+00:00	a2a37e2471be6e8af5f1aca3a6950c81dc870acdb9865759d4456bef7ac12fea	generated-artifact
week02/v01/dac_diag/output_files_slave_dac/DE5a_wr_slave_dac.map.summary	452	2026-08-14T15:51:05.075590+00:00	cf853dd31ada753330898323876c07fe7d06270f8474054daa029aa6d396765e	generated-artifact
week02/v01/dac_diag/output_files_slave_dac/DE5a_wr_slave_dac.sof	36763627	2026-08-14T15:57:34.936309+00:00	8c4ec37661b3858c751cd8e8c94feb3fd1bd53122fea611884bcea22c8ab7a49	generated-artifact
week02/v01/dac_diag/output_files_slave_dac/DE5a_wr_slave_dac.sta.rpt	174388	2026-08-14T15:57:45.379248+00:00	7d3eb8043c79c61ed6177fb7f192670248a52bc6759a499e76c9d2d60a76e9d0	generated-artifact
week02/v01/dac_diag/output_files_slave_dac/DE5a_wr_slave_dac.sta.summary	17246	2026-08-14T15:57:44.692252+00:00	bb38b0110796e2866d9d963a3265de26de5d0b2a9b502dffc38d1f5a782bbe6a	generated-artifact
week02/v01/dac_diag/output_files_slave_dac_nosfp/DE5a_wr_slave_dac_nosfp.asm.rpt	4657	2026-08-14T16:20:05.457381+00:00	69dfd71ed0108be167e1772b44ef3c75b39d77b7412f8ac4fac8b9138bd08dbd	generated-artifact
week02/v01/dac_diag/output_files_slave_dac_nosfp/DE5a_wr_slave_dac_nosfp.fit.rpt	1781129	2026-08-14T16:19:37.098549+00:00	92a637405909309bf68f6d7e1a59bb2837277cf3f80f8c22da2a145753164c8c	generated-artifact
week02/v01/dac_diag/output_files_slave_dac_nosfp/DE5a_wr_slave_dac_nosfp.fit.summary	646	2026-08-14T16:19:36.459553+00:00	518418df8e439e1e0f9b2e54f682f4691365298b17f08eb1450029a19ae968b4	generated-artifact
week02/v01/dac_diag/output_files_slave_dac_nosfp/DE5a_wr_slave_dac_nosfp.flow.rpt	11937	2026-08-14T16:20:16.936312+00:00	5aaf6ddad5617a7376ee63977289cc419cf06ff04908d201210a8741c814b0a4	generated-artifact
week02/v01/dac_diag/output_files_slave_dac_nosfp/DE5a_wr_slave_dac_nosfp.map.rpt	3339767	2026-08-14T16:13:33.928701+00:00	e5c9894bc770618832acdae14fff19f7da0407b3fce42d334580979c7a6b16f7	generated-artifact
week02/v01/dac_diag/output_files_slave_dac_nosfp/DE5a_wr_slave_dac_nosfp.map.summary	458	2026-08-14T16:13:33.850702+00:00	a16c9c5594de8f08d3579fb19b60afb07bb60873f01a1c787125942d9ad43770	generated-artifact
week02/v01/dac_diag/output_files_slave_dac_nosfp/DE5a_wr_slave_dac_nosfp.sof	36763656	2026-08-14T16:20:05.838378+00:00	15cc3533321e06bd92356cb12918727412d986b51be9f559df45e9bc78f9c246	generated-artifact
week02/v01/dac_diag/output_files_slave_dac_nosfp/DE5a_wr_slave_dac_nosfp.sta.rpt	174001	2026-08-14T16:20:16.934312+00:00	5dfd6819f56491f3a4cccd40b65165e6137f91d0e48e2ebff4145ac6c4ae5adf	generated-artifact
week02/v01/dac_diag/output_files_slave_dac_nosfp/DE5a_wr_slave_dac_nosfp.sta.summary	17246	2026-08-14T16:20:16.243316+00:00	bb38b0110796e2866d9d963a3265de26de5d0b2a9b502dffc38d1f5a782bbe6a	generated-artifact
week02/v01/dac_diag/output_files_slave_rxpol/DE5a_wr_slave_rxpol.asm.rpt	4567	2026-08-14T14:22:30.967700+00:00	24105a1a331acb2c1ba94486c4c95132686847462a1b300faf3693d59b2ad330	generated-artifact
week02/v01/dac_diag/output_files_slave_rxpol/DE5a_wr_slave_rxpol.fit.rpt	1770096	2026-08-14T14:22:02.850864+00:00	2a0adfb88915a779636b397323eed824cf34fff5d642a96015f348004f16116b	generated-artifact
week02/v01/dac_diag/output_files_slave_rxpol/DE5a_wr_slave_rxpol.fit.summary	642	2026-08-14T14:22:02.203868+00:00	4d0f16496c0b53c329cd26c4089fa87f952a45ae5f67466a4c85ff45f2ffb821	generated-artifact
week02/v01/dac_diag/output_files_slave_rxpol/DE5a_wr_slave_rxpol.flow.rpt	11697	2026-08-14T14:22:41.705638+00:00	c5800d7cf1dd2a790d2ed29fc286106a9f6b95fe1a6f29f950767f76ab559a9e	generated-artifact
week02/v01/dac_diag/output_files_slave_rxpol/DE5a_wr_slave_rxpol.map.rpt	3337978	2026-08-14T14:17:06.978584+00:00	4f57e597914083da45f0edbdc2357306f84b9aff1cb6b6fa84a48c8096dcf228	generated-artifact
week02/v01/dac_diag/output_files_slave_rxpol/DE5a_wr_slave_rxpol.map.summary	454	2026-08-14T14:17:06.865585+00:00	f86ef1f1aaf114c81a7d752d86d15d50f0de595f77b49592678b670c6ea918f2	generated-artifact
week02/v01/dac_diag/output_files_slave_rxpol/DE5a_wr_slave_rxpol.sof	36763219	2026-08-14T14:22:31.358698+00:00	1ef73b5b5d9b921cb1207335840d454cda8fe04100ba0b80335e80a808265be8	generated-artifact
week02/v01/dac_diag/output_files_slave_rxpol/DE5a_wr_slave_rxpol.sta.rpt	175318	2026-08-14T14:22:41.703638+00:00	0747572c8a386ddb24fcbb334d650bda11480d90309e228137f44360aa923df6	generated-artifact
week02/v01/dac_diag/output_files_slave_rxpol/DE5a_wr_slave_rxpol.sta.summary	17244	2026-08-14T14:22:41.029642+00:00	4f8e5ae20b952a93855a14cdcf6f20572597608cef77e26d48d3e87507a8e08e	generated-artifact
week02/v01/dac_diag/read_wr_sync_probe_dac.tcl	1477	2026-08-14T15:47:32.692832+00:00	72f35bf13f9f49ebaf67a9ee3405ac3de8b194aff202ca69ce253f285144bf4d	project-source-or-doc
week02/v01/dac_diag/work_wrphy_rxpol/wr_arria10_e3p1_phy/Manifest.py	353	2026-08-14T00:38:05.717158+00:00	013e77bcef323fccb0b159e3044d7fecc0432843f1686e97eb21b8a85e5d5e85	project-source-or-doc
week02/v01/dac_diag/work_wrphy_rxpol/wr_arria10_e3p1_phy/wr_arria10_e3p1_atx_pll/generated/altera_xcvr_atx_pll_a10_170/synth/a10_avmm_h.sv	6843	2026-08-14T00:49:31.692242+00:00	4de7b95286ea2574efe02ad5e95d78db78a3a1c51aa1cdcd8fc5b14b11b38f7b	project-source-or-doc
week02/v01/dac_diag/work_wrphy_rxpol/wr_arria10_e3p1_phy/wr_arria10_e3p1_atx_pll/generated/altera_xcvr_atx_pll_a10_170/synth/a10_xcvr_atx_pll.sv	36205	2026-08-14T00:49:31.718242+00:00	aba11f61a4c4a7a4f66f814e2c16d453afdc08a65eeebc46adf1cbc919cb6dce	project-source-or-doc
week02/v01/dac_diag/work_wrphy_rxpol/wr_arria10_e3p1_phy/wr_arria10_e3p1_atx_pll/generated/altera_xcvr_atx_pll_a10_170/synth/alt_xcvr_arbiter.sv	2865	2026-08-14T00:49:31.690242+00:00	9f0c59a5482f49b010df713049ec0f8b54f0733f4f5a69b2796b2470e0bda350	project-source-or-doc
week02/v01/dac_diag/work_wrphy_rxpol/wr_arria10_e3p1_phy/wr_arria10_e3p1_atx_pll/generated/altera_xcvr_atx_pll_a10_170/synth/alt_xcvr_atx_pll_rcfg_arb.sv	6110	2026-08-14T00:49:31.709242+00:00	4c55b3fc2a3bf92f1985e9254ca309525f64cf63775fd45d32d3fa543dcdbd17	project-source-or-doc
week02/v01/dac_diag/work_wrphy_rxpol/wr_arria10_e3p1_phy/wr_arria10_e3p1_atx_pll/generated/altera_xcvr_atx_pll_a10_170/synth/alt_xcvr_atx_pll_rcfg_opt_logic_7zpwg4q.sv	25836	2026-08-14T00:49:31.742242+00:00	82801db43696f96d3fa18d3c32a58ed992f0d4657cdd899685cae469a0766d5b	project-source-or-doc
week02/v01/dac_diag/work_wrphy_rxpol/wr_arria10_e3p1_phy/wr_arria10_e3p1_atx_pll/generated/altera_xcvr_atx_pll_a10_170/synth/alt_xcvr_pll_avmm_csr.sv	10422	2026-08-14T00:49:31.721242+00:00	85287a923f06c021f577bc1e4926d3df7be3df14803a3a04f7f0d45d0fd58d90	project-source-or-doc
week02/v01/dac_diag/work_wrphy_rxpol/wr_arria10_e3p1_phy/wr_arria10_e3p1_atx_pll/generated/altera_xcvr_atx_pll_a10_170/synth/alt_xcvr_pll_embedded_debug.sv	2887	2026-08-14T00:49:31.720242+00:00	c20b30f416253a675abd01bc195d415bcaabbdc5bef07d24357582de788902b9	project-source-or-doc
week02/v01/dac_diag/work_wrphy_rxpol/wr_arria10_e3p1_phy/wr_arria10_e3p1_atx_pll/generated/altera_xcvr_atx_pll_a10_170/synth/alt_xcvr_resync.sv	3995	2026-08-14T00:49:31.689242+00:00	fb4f01a93eec1603e06d2ec0f43200aaa408418ba441caa5be0838aea5f8ce3f	project-source-or-doc
week02/v01/dac_diag/work_wrphy_rxpol/wr_arria10_e3p1_phy/wr_arria10_e3p1_atx_pll/generated/altera_xcvr_atx_pll_a10_170/synth/altera_xcvr_native_a10_functions_h.sv	6352	2026-08-14T00:49:31.693242+00:00	d7398bd0761128e03544944a336ebfc0a57d1b9785c82d9496424c936173b755	project-source-or-doc
week02/v01/dac_diag/work_wrphy_rxpol/wr_arria10_e3p1_phy/wr_arria10_e3p1_atx_pll/generated/altera_xcvr_atx_pll_a10_170/synth/twentynm_xcvr_avmm.sv	31631	2026-08-14T00:49:31.687242+00:00	deebb6f797ebc0bfc8e9a970de271a65a1b1e141eadadb7adac8abe4619be30a	project-source-or-doc
week02/v01/dac_diag/work_wrphy_rxpol/wr_arria10_e3p1_phy/wr_arria10_e3p1_atx_pll/generated/altera_xcvr_atx_pll_a10_170/synth/wr_arria10_e3p1_atx_pll_altera_xcvr_atx_pll_a10_170_7zpwg4q.sv	46827	2026-08-14T00:49:31.737242+00:00	891d9eb3dead4d9db01d9bc0badde4c0e5764c295b62051ff818740c72c45b57	project-source-or-doc
week02/v01/dac_diag/work_wrphy_rxpol/wr_arria10_e3p1_phy/wr_arria10_e3p1_atx_pll/generated/synth/wr_arria10_e3p1_atx_pll.v	12191	2026-08-14T00:49:31.682242+00:00	a4481a0a5520a2cb639654c8c00a02037991365d0a2f32a3a47c3c1303d86413	project-source-or-doc
week02/v01/dac_diag/work_wrphy_rxpol/wr_arria10_e3p1_phy/wr_arria10_e3p1_atx_pll/generated/synth/wr_arria10_e3p1_atx_pll_cfg.v	252	2026-08-14T00:49:31.873241+00:00	6c1c385dcb2706f03c6df267378b5ad1bbf56acc65dbbb6f40944f211a7f9221	project-source-or-doc
week02/v01/dac_diag/work_wrphy_rxpol/wr_arria10_e3p1_phy/wr_arria10_e3p1_atx_pll/generated/wr_arria10_e3p1_atx_pll.qip	83107	2026-08-14T00:49:31.762241+00:00	c3d14c8af051b8dcc50de276eef7c7a662b2184229fe4d4dafa488d6317cb1d8	project-source-or-doc
week02/v01/dac_diag/work_wrphy_rxpol/wr_arria10_e3p1_phy/wr_arria10_e3p1_atx_pll/generated/wr_arria10_e3p1_atx_pll_generation.rpt	3258	2026-08-14T00:49:31.763241+00:00	718baad09867cbebc126d66388d22a798dab9ac65738774dc295e97d957cfbd7	artifact-or-log
week02/v01/dac_diag/work_wrphy_rxpol/wr_arria10_e3p1_phy/wr_arria10_e3p1_cmu_pll/generated/altera_xcvr_cdr_pll_a10_170/synth/a10_avmm_h.sv	6843	2026-08-14T00:49:34.224227+00:00	4de7b95286ea2574efe02ad5e95d78db78a3a1c51aa1cdcd8fc5b14b11b38f7b	project-source-or-doc
week02/v01/dac_diag/work_wrphy_rxpol/wr_arria10_e3p1_phy/wr_arria10_e3p1_cmu_pll/generated/altera_xcvr_cdr_pll_a10_170/synth/alt_xcvr_native_avmm_nf.sv	8763	2026-08-14T00:49:34.226227+00:00	8ca48b1a93402420ed88e5bdc750bd3dfe44e478a48aaa4fbadfa0669ee105de	project-source-or-doc
week02/v01/dac_diag/work_wrphy_rxpol/wr_arria10_e3p1_phy/wr_arria10_e3p1_cmu_pll/generated/altera_xcvr_cdr_pll_a10_170/synth/alt_xcvr_pll_avmm_csr.sv	10422	2026-08-14T00:49:34.228227+00:00	85287a923f06c021f577bc1e4926d3df7be3df14803a3a04f7f0d45d0fd58d90	project-source-or-doc
week02/v01/dac_diag/work_wrphy_rxpol/wr_arria10_e3p1_phy/wr_arria10_e3p1_cmu_pll/generated/altera_xcvr_cdr_pll_a10_170/synth/alt_xcvr_pll_embedded_debug.sv	2887	2026-08-14T00:49:34.227227+00:00	c20b30f416253a675abd01bc195d415bcaabbdc5bef07d24357582de788902b9	project-source-or-doc
week02/v01/dac_diag/work_wrphy_rxpol/wr_arria10_e3p1_phy/wr_arria10_e3p1_cmu_pll/generated/altera_xcvr_cdr_pll_a10_170/synth/alt_xcvr_resync.sv	3995	2026-08-14T00:49:34.219227+00:00	fb4f01a93eec1603e06d2ec0f43200aaa408418ba441caa5be0838aea5f8ce3f	project-source-or-doc
week02/v01/dac_diag/work_wrphy_rxpol/wr_arria10_e3p1_phy/wr_arria10_e3p1_cmu_pll/generated/altera_xcvr_cdr_pll_a10_170/synth/altera_xcvr_cdr_pll_a10.sv	42324	2026-08-14T00:49:34.223227+00:00	9bbed8c2c3e79523c6cee8ffa1366d344afdc9fd1f4158e5d01e42167a82d659	project-source-or-doc
week02/v01/dac_diag/work_wrphy_rxpol/wr_arria10_e3p1_phy/wr_arria10_e3p1_cmu_pll/generated/altera_xcvr_cdr_pll_a10_170/synth/twentynm_xcvr_avmm.sv	31631	2026-08-14T00:49:34.217227+00:00	deebb6f797ebc0bfc8e9a970de271a65a1b1e141eadadb7adac8abe4619be30a	project-source-or-doc
week02/v01/dac_diag/work_wrphy_rxpol/wr_arria10_e3p1_phy/wr_arria10_e3p1_cmu_pll/generated/synth/wr_arria10_e3p1_cmu_pll.v	8634	2026-08-14T00:49:34.210227+00:00	482e8a052528140998256b7a9319f67464b49bb55c5e712bf01482c9ad15ea5e	project-source-or-doc
week02/v01/dac_diag/work_wrphy_rxpol/wr_arria10_e3p1_phy/wr_arria10_e3p1_cmu_pll/generated/synth/wr_arria10_e3p1_cmu_pll_cfg.v	216	2026-08-14T00:49:34.328227+00:00	86e5f9b3187f67ae09376b8ed2cd7dcd24a06e2c734473260e5f75cb8a1d78d8	project-source-or-doc
week02/v01/dac_diag/work_wrphy_rxpol/wr_arria10_e3p1_phy/wr_arria10_e3p1_cmu_pll/generated/wr_arria10_e3p1_cmu_pll.qip	31499	2026-08-14T00:49:34.242227+00:00	c6fe15e44c8205d33ddc1f0a5355386fca5019f3eb9a2f26f956c19f0064bcbf	project-source-or-doc
week02/v01/dac_diag/work_wrphy_rxpol/wr_arria10_e3p1_phy/wr_arria10_e3p1_cmu_pll/generated/wr_arria10_e3p1_cmu_pll_generation.rpt	3206	2026-08-14T00:49:34.243227+00:00	3ecff0aea62b19cb58c9855132cd761ffbe6b8de8862d02cd9267b545646333c	artifact-or-log
week02/v01/dac_diag/work_wrphy_rxpol/wr_arria10_e3p1_phy/wr_arria10_e3p1_det_phy/generated/altera_xcvr_native_a10_170/synth/a10_avmm_h.sv	6843	2026-08-14T00:49:37.904206+00:00	4de7b95286ea2574efe02ad5e95d78db78a3a1c51aa1cdcd8fc5b14b11b38f7b	project-source-or-doc
week02/v01/dac_diag/work_wrphy_rxpol/wr_arria10_e3p1_phy/wr_arria10_e3p1_det_phy/generated/altera_xcvr_native_a10_170/synth/alt_xcvr_arbiter.sv	2865	2026-08-14T00:49:37.820206+00:00	9f0c59a5482f49b010df713049ec0f8b54f0733f4f5a69b2796b2470e0bda350	project-source-or-doc
week02/v01/dac_diag/work_wrphy_rxpol/wr_arria10_e3p1_phy/wr_arria10_e3p1_det_phy/generated/altera_xcvr_native_a10_170/synth/alt_xcvr_native_avmm_csr.sv	29691	2026-08-14T00:49:37.907206+00:00	57766b5260a20de7fd3afd4381506b5e845cb7e4c7bb0792ca4ac16ad2c722f6	project-source-or-doc
week02/v01/dac_diag/work_wrphy_rxpol/wr_arria10_e3p1_phy/wr_arria10_e3p1_det_phy/generated/altera_xcvr_native_a10_170/synth/alt_xcvr_native_odi_accel.sv	16027	2026-08-14T00:49:37.910206+00:00	558b1156cfd912c167538fb5dde659fafe7ccae05aeb71a77df9d4f294f2cacf	project-source-or-doc
week02/v01/dac_diag/work_wrphy_rxpol/wr_arria10_e3p1_phy/wr_arria10_e3p1_det_phy/generated/altera_xcvr_native_a10_170/synth/alt_xcvr_native_pipe_retry.sv	11070	2026-08-14T00:49:37.905206+00:00	14e3dc7ab1a43b380e2d52e3553255d195c410596d7838492e1c9547065baccd	project-source-or-doc
week02/v01/dac_diag/work_wrphy_rxpol/wr_arria10_e3p1_phy/wr_arria10_e3p1_det_phy/generated/altera_xcvr_native_a10_170/synth/alt_xcvr_native_prbs_accum.sv	9326	2026-08-14T00:49:37.908206+00:00	0d7a77d72ea78ce126b256994f32a96d5dc8e218958c776bf99a1a513fb6fa61	project-source-or-doc
week02/v01/dac_diag/work_wrphy_rxpol/wr_arria10_e3p1_phy/wr_arria10_e3p1_det_phy/generated/altera_xcvr_native_a10_170/synth/alt_xcvr_native_rcfg_arb.sv	7056	2026-08-14T00:49:37.911206+00:00	d44352cdabe4e3ed2e7f1bdf6227bee2859f8f1007119056aaf754300c89a425	project-source-or-doc
week02/v01/dac_diag/work_wrphy_rxpol/wr_arria10_e3p1_phy/wr_arria10_e3p1_det_phy/generated/altera_xcvr_native_a10_170/synth/alt_xcvr_native_rcfg_opt_logic_6qfnzyy.sv	43214	2026-08-14T00:49:38.031205+00:00	82e9603ed06fe37e45db0a4ec2b65f478e1e240858a26689377443c61319884a	project-source-or-doc
week02/v01/dac_diag/work_wrphy_rxpol/wr_arria10_e3p1_phy/wr_arria10_e3p1_det_phy/generated/altera_xcvr_native_a10_170/synth/alt_xcvr_resync.sv	3995	2026-08-14T00:49:37.818206+00:00	fb4f01a93eec1603e06d2ec0f43200aaa408418ba441caa5be0838aea5f8ce3f	project-source-or-doc
week02/v01/dac_diag/work_wrphy_rxpol/wr_arria10_e3p1_phy/wr_arria10_e3p1_det_phy/generated/altera_xcvr_native_a10_170/synth/altera_xcvr_native_a10_false_paths.sdc	13063	2026-08-14T00:49:37.912206+00:00	1af49f790a4396817e780051aa6daf9b58b9b44346e538ef4e92c5a32999fda4	project-source-or-doc
week02/v01/dac_diag/work_wrphy_rxpol/wr_arria10_e3p1_phy/wr_arria10_e3p1_det_phy/generated/altera_xcvr_native_a10_170/synth/altera_xcvr_native_a10_functions_h.sv	6352	2026-08-14T00:49:37.903206+00:00	d7398bd0761128e03544944a336ebfc0a57d1b9785c82d9496424c936173b755	project-source-or-doc
week02/v01/dac_diag/work_wrphy_rxpol/wr_arria10_e3p1_phy/wr_arria10_e3p1_det_phy/generated/altera_xcvr_native_a10_170/synth/altera_xcvr_native_pcie_dfe_ip.sv	16136	2026-08-14T00:49:37.921206+00:00	35bb5c538d5d5cfb546b119822cc64455825e4ba80509d93d49041fcac47411f	project-source-or-doc
week02/v01/dac_diag/work_wrphy_rxpol/wr_arria10_e3p1_phy/wr_arria10_e3p1_det_phy/generated/altera_xcvr_native_a10_170/synth/altera_xcvr_native_pcie_dfe_params_h.sv	2952	2026-08-14T00:49:37.913206+00:00	cd41dd74fcf3bac5ae393323e0a26a33893821005a004c2a33a8ee6956391ebb	project-source-or-doc
week02/v01/dac_diag/work_wrphy_rxpol/wr_arria10_e3p1_phy/wr_arria10_e3p1_det_phy/generated/altera_xcvr_native_a10_170/synth/pcie_mgmt_commands_h.sv	11541	2026-08-14T00:49:37.914206+00:00	a20b29390f9ea1b28f5dc663507190ce8bdfaed106fd90b45044e0ab4f4d6b70	project-source-or-doc
week02/v01/dac_diag/work_wrphy_rxpol/wr_arria10_e3p1_phy/wr_arria10_e3p1_det_phy/generated/altera_xcvr_native_a10_170/synth/pcie_mgmt_cpu.sv	12207	2026-08-14T00:49:37.918206+00:00	0b4bb1e2b577c6b11b53d709eb712b1a07f7ce1bd9a27947721e367fc6e158ff	project-source-or-doc
week02/v01/dac_diag/work_wrphy_rxpol/wr_arria10_e3p1_phy/wr_arria10_e3p1_det_phy/generated/altera_xcvr_native_a10_170/synth/pcie_mgmt_functions_h.sv	12848	2026-08-14T00:49:37.916206+00:00	420a9d4af788dd34baa871c311095f36efcc232d5f2339cac40b32b8235b7160	project-source-or-doc
week02/v01/dac_diag/work_wrphy_rxpol/wr_arria10_e3p1_phy/wr_arria10_e3p1_det_phy/generated/altera_xcvr_native_a10_170/synth/pcie_mgmt_master.sv	4101	2026-08-14T00:49:37.920206+00:00	484c1e2e3c97826d43e3c31f22317d9d7070f102056976d6e5414c43805ed635	project-source-or-doc
week02/v01/dac_diag/work_wrphy_rxpol/wr_arria10_e3p1_phy/wr_arria10_e3p1_det_phy/generated/altera_xcvr_native_a10_170/synth/pcie_mgmt_program.sv	34055	2026-08-14T00:49:37.917206+00:00	0e56973bedfb44f3c1a5d77b065e9a9b0ea08e36ee5629a29f0c0b41f78ea570	project-source-or-doc
week02/v01/dac_diag/work_wrphy_rxpol/wr_arria10_e3p1_phy/wr_arria10_e3p1_det_phy/generated/altera_xcvr_native_a10_170/synth/twentynm_pcs.sv	3923500	2026-08-14T00:49:37.862206+00:00	018322e9fd8f5713717cb9a161f4bb757a798b92ea56d99ece905ac205d41012	project-source-or-doc
week02/v01/dac_diag/work_wrphy_rxpol/wr_arria10_e3p1_phy/wr_arria10_e3p1_det_phy/generated/altera_xcvr_native_a10_170/synth/twentynm_pma.sv	749520	2026-08-14T00:49:37.871206+00:00	892dcb9e06a7da940bf992fa5735fcb4dc853921ce97a15a08454e3f9a7c9600	project-source-or-doc
week02/v01/dac_diag/work_wrphy_rxpol/wr_arria10_e3p1_phy/wr_arria10_e3p1_det_phy/generated/altera_xcvr_native_a10_170/synth/twentynm_xcvr_avmm.sv	31631	2026-08-14T00:49:37.873206+00:00	deebb6f797ebc0bfc8e9a970de271a65a1b1e141eadadb7adac8abe4619be30a	project-source-or-doc
week02/v01/dac_diag/work_wrphy_rxpol/wr_arria10_e3p1_phy/wr_arria10_e3p1_det_phy/generated/altera_xcvr_native_a10_170/synth/twentynm_xcvr_native.sv	2809783	2026-08-14T00:49:37.901206+00:00	bb61a4682369dab26bf1a12483f3e07f07bae8e01e199d3442d4aa18e6d112c6	project-source-or-doc
week02/v01/dac_diag/work_wrphy_rxpol/wr_arria10_e3p1_phy/wr_arria10_e3p1_det_phy/generated/altera_xcvr_native_a10_170/synth/wr_arria10_e3p1_det_phy_altera_xcvr_native_a10_170_6qfnzyy.sv	271659	2026-08-14T00:49:38.025205+00:00	5b1a9217106b327d2a431948eace2beadc5193db724066ac467d4872007658f3	project-source-or-doc
week02/v01/dac_diag/work_wrphy_rxpol/wr_arria10_e3p1_phy/wr_arria10_e3p1_det_phy/generated/synth/wr_arria10_e3p1_det_phy.v	764285	2026-08-14T14:15:37.119107+00:00	47c410d6c5ef1e22603c39a2427bd0f73a44ecee691cb90abc22f32a71bfb483	project-source-or-doc
week02/v01/dac_diag/work_wrphy_rxpol/wr_arria10_e3p1_phy/wr_arria10_e3p1_det_phy/generated/synth/wr_arria10_e3p1_det_phy_cfg.v	249	2026-08-14T00:49:38.082205+00:00	3f8ecab72a088df5ee9e0096592eb24ed9761f77139af208ce9f259d2fb0285f	project-source-or-doc
week02/v01/dac_diag/work_wrphy_rxpol/wr_arria10_e3p1_phy/wr_arria10_e3p1_det_phy/generated/wr_arria10_e3p1_det_phy.qip	78202	2026-08-14T00:49:38.053205+00:00	430b1f7025cf67977092933916f7aa84f2c040a77b4029689af7b371241800cf	project-source-or-doc
week02/v01/dac_diag/work_wrphy_rxpol/wr_arria10_e3p1_phy/wr_arria10_e3p1_det_phy/generated/wr_arria10_e3p1_det_phy_generation.rpt	5498	2026-08-14T00:49:38.055205+00:00	67498d7c864e8a8a4de381b4542895f55f9aa1be52e6673b5dbc11e572134dc3	artifact-or-log
week02/v01/dac_diag/work_wrphy_rxpol/wr_arria10_e3p1_phy/wr_arria10_e3p1_phy/generated/altera_xcvr_native_a10_170/synth/a10_avmm_h.sv	6843	2026-08-14T00:49:24.238285+00:00	4de7b95286ea2574efe02ad5e95d78db78a3a1c51aa1cdcd8fc5b14b11b38f7b	project-source-or-doc
week02/v01/dac_diag/work_wrphy_rxpol/wr_arria10_e3p1_phy/wr_arria10_e3p1_phy/generated/altera_xcvr_native_a10_170/synth/alt_xcvr_arbiter.sv	2865	2026-08-14T00:49:24.156286+00:00	9f0c59a5482f49b010df713049ec0f8b54f0733f4f5a69b2796b2470e0bda350	project-source-or-doc
week02/v01/dac_diag/work_wrphy_rxpol/wr_arria10_e3p1_phy/wr_arria10_e3p1_phy/generated/altera_xcvr_native_a10_170/synth/alt_xcvr_native_avmm_csr.sv	29691	2026-08-14T00:49:24.240285+00:00	57766b5260a20de7fd3afd4381506b5e845cb7e4c7bb0792ca4ac16ad2c722f6	project-source-or-doc
week02/v01/dac_diag/work_wrphy_rxpol/wr_arria10_e3p1_phy/wr_arria10_e3p1_phy/generated/altera_xcvr_native_a10_170/synth/alt_xcvr_native_odi_accel.sv	16027	2026-08-14T00:49:24.243285+00:00	558b1156cfd912c167538fb5dde659fafe7ccae05aeb71a77df9d4f294f2cacf	project-source-or-doc
week02/v01/dac_diag/work_wrphy_rxpol/wr_arria10_e3p1_phy/wr_arria10_e3p1_phy/generated/altera_xcvr_native_a10_170/synth/alt_xcvr_native_pipe_retry.sv	11070	2026-08-14T00:49:24.239285+00:00	14e3dc7ab1a43b380e2d52e3553255d195c410596d7838492e1c9547065baccd	project-source-or-doc
week02/v01/dac_diag/work_wrphy_rxpol/wr_arria10_e3p1_phy/wr_arria10_e3p1_phy/generated/altera_xcvr_native_a10_170/synth/alt_xcvr_native_prbs_accum.sv	9326	2026-08-14T00:49:24.242285+00:00	0d7a77d72ea78ce126b256994f32a96d5dc8e218958c776bf99a1a513fb6fa61	project-source-or-doc
week02/v01/dac_diag/work_wrphy_rxpol/wr_arria10_e3p1_phy/wr_arria10_e3p1_phy/generated/altera_xcvr_native_a10_170/synth/alt_xcvr_native_rcfg_arb.sv	7056	2026-08-14T00:49:24.244285+00:00	d44352cdabe4e3ed2e7f1bdf6227bee2859f8f1007119056aaf754300c89a425	project-source-or-doc
week02/v01/dac_diag/work_wrphy_rxpol/wr_arria10_e3p1_phy/wr_arria10_e3p1_phy/generated/altera_xcvr_native_a10_170/synth/alt_xcvr_native_rcfg_opt_logic_aqgtcoa.sv	43214	2026-08-14T00:49:24.366284+00:00	5a54e1af4de910ab84e46ef25ca1a613502dc6fd8b064b84f4cf54d7798d7db0	project-source-or-doc
week02/v01/dac_diag/work_wrphy_rxpol/wr_arria10_e3p1_phy/wr_arria10_e3p1_phy/generated/altera_xcvr_native_a10_170/synth/alt_xcvr_resync.sv	3995	2026-08-14T00:49:24.154286+00:00	fb4f01a93eec1603e06d2ec0f43200aaa408418ba441caa5be0838aea5f8ce3f	project-source-or-doc
week02/v01/dac_diag/work_wrphy_rxpol/wr_arria10_e3p1_phy/wr_arria10_e3p1_phy/generated/altera_xcvr_native_a10_170/synth/altera_xcvr_native_a10_false_paths.sdc	13063	2026-08-14T00:49:24.245285+00:00	1af49f790a4396817e780051aa6daf9b58b9b44346e538ef4e92c5a32999fda4	project-source-or-doc
week02/v01/dac_diag/work_wrphy_rxpol/wr_arria10_e3p1_phy/wr_arria10_e3p1_phy/generated/altera_xcvr_native_a10_170/synth/altera_xcvr_native_a10_functions_h.sv	6352	2026-08-14T00:49:24.236285+00:00	d7398bd0761128e03544944a336ebfc0a57d1b9785c82d9496424c936173b755	project-source-or-doc
week02/v01/dac_diag/work_wrphy_rxpol/wr_arria10_e3p1_phy/wr_arria10_e3p1_phy/generated/altera_xcvr_native_a10_170/synth/altera_xcvr_native_pcie_dfe_ip.sv	16136	2026-08-14T00:49:24.254285+00:00	35bb5c538d5d5cfb546b119822cc64455825e4ba80509d93d49041fcac47411f	project-source-or-doc
week02/v01/dac_diag/work_wrphy_rxpol/wr_arria10_e3p1_phy/wr_arria10_e3p1_phy/generated/altera_xcvr_native_a10_170/synth/altera_xcvr_native_pcie_dfe_params_h.sv	2952	2026-08-14T00:49:24.246285+00:00	cd41dd74fcf3bac5ae393323e0a26a33893821005a004c2a33a8ee6956391ebb	project-source-or-doc
week02/v01/dac_diag/work_wrphy_rxpol/wr_arria10_e3p1_phy/wr_arria10_e3p1_phy/generated/altera_xcvr_native_a10_170/synth/pcie_mgmt_commands_h.sv	11541	2026-08-14T00:49:24.248285+00:00	a20b29390f9ea1b28f5dc663507190ce8bdfaed106fd90b45044e0ab4f4d6b70	project-source-or-doc
week02/v01/dac_diag/work_wrphy_rxpol/wr_arria10_e3p1_phy/wr_arria10_e3p1_phy/generated/altera_xcvr_native_a10_170/synth/pcie_mgmt_cpu.sv	12207	2026-08-14T00:49:24.252285+00:00	0b4bb1e2b577c6b11b53d709eb712b1a07f7ce1bd9a27947721e367fc6e158ff	project-source-or-doc
week02/v01/dac_diag/work_wrphy_rxpol/wr_arria10_e3p1_phy/wr_arria10_e3p1_phy/generated/altera_xcvr_native_a10_170/synth/pcie_mgmt_functions_h.sv	12848	2026-08-14T00:49:24.249285+00:00	420a9d4af788dd34baa871c311095f36efcc232d5f2339cac40b32b8235b7160	project-source-or-doc
week02/v01/dac_diag/work_wrphy_rxpol/wr_arria10_e3p1_phy/wr_arria10_e3p1_phy/generated/altera_xcvr_native_a10_170/synth/pcie_mgmt_master.sv	4101	2026-08-14T00:49:24.253285+00:00	484c1e2e3c97826d43e3c31f22317d9d7070f102056976d6e5414c43805ed635	project-source-or-doc
week02/v01/dac_diag/work_wrphy_rxpol/wr_arria10_e3p1_phy/wr_arria10_e3p1_phy/generated/altera_xcvr_native_a10_170/synth/pcie_mgmt_program.sv	34055	2026-08-14T00:49:24.250285+00:00	0e56973bedfb44f3c1a5d77b065e9a9b0ea08e36ee5629a29f0c0b41f78ea570	project-source-or-doc
week02/v01/dac_diag/work_wrphy_rxpol/wr_arria10_e3p1_phy/wr_arria10_e3p1_phy/generated/altera_xcvr_native_a10_170/synth/twentynm_pcs.sv	3923500	2026-08-14T00:49:24.194285+00:00	018322e9fd8f5713717cb9a161f4bb757a798b92ea56d99ece905ac205d41012	project-source-or-doc
week02/v01/dac_diag/work_wrphy_rxpol/wr_arria10_e3p1_phy/wr_arria10_e3p1_phy/generated/altera_xcvr_native_a10_170/synth/twentynm_pma.sv	749520	2026-08-14T00:49:24.204285+00:00	892dcb9e06a7da940bf992fa5735fcb4dc853921ce97a15a08454e3f9a7c9600	project-source-or-doc
week02/v01/dac_diag/work_wrphy_rxpol/wr_arria10_e3p1_phy/wr_arria10_e3p1_phy/generated/altera_xcvr_native_a10_170/synth/twentynm_xcvr_avmm.sv	31631	2026-08-14T00:49:24.206285+00:00	deebb6f797ebc0bfc8e9a970de271a65a1b1e141eadadb7adac8abe4619be30a	project-source-or-doc
week02/v01/dac_diag/work_wrphy_rxpol/wr_arria10_e3p1_phy/wr_arria10_e3p1_phy/generated/altera_xcvr_native_a10_170/synth/twentynm_xcvr_native.sv	2809783	2026-08-14T00:49:24.234285+00:00	bb61a4682369dab26bf1a12483f3e07f07bae8e01e199d3442d4aa18e6d112c6	project-source-or-doc
week02/v01/dac_diag/work_wrphy_rxpol/wr_arria10_e3p1_phy/wr_arria10_e3p1_phy/generated/altera_xcvr_native_a10_170/synth/wr_arria10_e3p1_phy_altera_xcvr_native_a10_170_aqgtcoa.sv	271655	2026-08-14T00:49:24.359284+00:00	0f8dbd07ea20f5ba07959ee21c2aaba26c359e7df057d39c7840a4843176d555	project-source-or-doc
week02/v01/dac_diag/work_wrphy_rxpol/wr_arria10_e3p1_phy/wr_arria10_e3p1_phy/generated/synth/wr_arria10_e3p1_phy.v	763569	2026-08-14T00:49:24.147286+00:00	343e0111334d1def195cd3a3bbfad31b02b26d42aa68146690bc293f86c90ce0	project-source-or-doc
week02/v01/dac_diag/work_wrphy_rxpol/wr_arria10_e3p1_phy/wr_arria10_e3p1_phy/generated/synth/wr_arria10_e3p1_phy_cfg.v	229	2026-08-14T00:49:24.418284+00:00	6b10fa2417a2ca78b455c4f6c7587a46da2f5977a9adedc87b6d1a88aa62110c	project-source-or-doc
week02/v01/dac_diag/work_wrphy_rxpol/wr_arria10_e3p1_phy/wr_arria10_e3p1_phy/generated/wr_arria10_e3p1_phy.qip	76326	2026-08-14T00:49:24.394284+00:00	87c9b649510e39b5df501ad3082e3a88de2d54aa7d46ae713d5b679fae2bf85e	project-source-or-doc
week02/v01/dac_diag/work_wrphy_rxpol/wr_arria10_e3p1_phy/wr_arria10_e3p1_phy/generated/wr_arria10_e3p1_phy_generation.rpt	5401	2026-08-14T00:49:24.396284+00:00	4d6405efa1ea6b1b080d695afc4418acdde759813516707aa3450961b8a2ef1f	artifact-or-log
week02/v01/dac_diag/work_wrphy_rxpol/wr_arria10_e3p1_phy/wr_arria10_e3p1_phy.tcl	223	2026-08-14T00:38:05.717158+00:00	50e34072e0446a5a3a853c41d034ab4ba6ffb60bb52fa9bede75153d0bda1213	project-source-or-doc
week02/v01/dac_diag/work_wrphy_rxpol/wr_arria10_e3p1_phy/wr_arria10_e3p1_rst_ctl/generated/altera_xcvr_reset_control_170/synth/alt_xcvr_reset_counter.sv	5557	2026-08-14T00:49:40.454191+00:00	fc13c3901e222a1deb51b2149a9076b352a2823aed4d17980f59170bce2b1cef	project-source-or-doc
week02/v01/dac_diag/work_wrphy_rxpol/wr_arria10_e3p1_phy/wr_arria10_e3p1_rst_ctl/generated/altera_xcvr_reset_control_170/synth/alt_xcvr_resync.sv	3995	2026-08-14T00:49:40.449191+00:00	fb4f01a93eec1603e06d2ec0f43200aaa408418ba441caa5be0838aea5f8ce3f	project-source-or-doc
week02/v01/dac_diag/work_wrphy_rxpol/wr_arria10_e3p1_phy/wr_arria10_e3p1_rst_ctl/generated/altera_xcvr_reset_control_170/synth/altera_xcvr_functions.sv	34366	2026-08-14T00:49:40.447191+00:00	16cc8a916bb3d68e0ab5539de1f18327c421bd534fb5dca2c2b29c621664fae0	project-source-or-doc
week02/v01/dac_diag/work_wrphy_rxpol/wr_arria10_e3p1_phy/wr_arria10_e3p1_rst_ctl/generated/altera_xcvr_reset_control_170/synth/altera_xcvr_reset_control.sv	21365	2026-08-14T00:49:40.452191+00:00	e9ebba3434b552d516b54dc3f5d5142894b5b07df4664c4bc1e7a6b2ddfa9a39	project-source-or-doc
week02/v01/dac_diag/work_wrphy_rxpol/wr_arria10_e3p1_phy/wr_arria10_e3p1_rst_ctl/generated/synth/wr_arria10_e3p1_rst_ctl.v	3228	2026-08-14T00:49:40.408191+00:00	68952f1eb7c1f70952903fc6847525729bd7f4283f93e944f30cdf73757ad92f	project-source-or-doc
week02/v01/dac_diag/work_wrphy_rxpol/wr_arria10_e3p1_phy/wr_arria10_e3p1_rst_ctl/generated/synth/wr_arria10_e3p1_rst_ctl_cfg.v	222	2026-08-14T00:49:40.496191+00:00	50083104a0f62e7a98927e52ce3998147ef8a2a633f7ec9da3c67fc7cbbc8576	project-source-or-doc
week02/v01/dac_diag/work_wrphy_rxpol/wr_arria10_e3p1_phy/wr_arria10_e3p1_rst_ctl/generated/wr_arria10_e3p1_rst_ctl.qip	13542	2026-08-14T00:49:40.466191+00:00	305589e8c6ee8286e09a56e0764c812f590a759ce246fa0b714ae5846e591a2c	project-source-or-doc
week02/v01/dac_diag/work_wrphy_rxpol/wr_arria10_e3p1_phy/wr_arria10_e3p1_rst_ctl/generated/wr_arria10_e3p1_rst_ctl_generation.rpt	2390	2026-08-14T00:49:40.467191+00:00	df6d531a0615d7112f6d1f3a9e98d5f70308c59029a18f93eb7cfeb9c88eae85	artifact-or-log
week02/v01/dac_diag/work_wrphy_rxpol/wr_arria10_e3p1_phy/wr_arria10_e3p1_tx_pll/generated/altera_xcvr_fpll_a10_170/synth/a10_avmm_h.sv	6843	2026-08-14T00:49:28.603260+00:00	4de7b95286ea2574efe02ad5e95d78db78a3a1c51aa1cdcd8fc5b14b11b38f7b	project-source-or-doc
week02/v01/dac_diag/work_wrphy_rxpol/wr_arria10_e3p1_phy/wr_arria10_e3p1_tx_pll/generated/altera_xcvr_fpll_a10_170/synth/alt_xcvr_native_avmm_nf.sv	8763	2026-08-14T00:49:28.631260+00:00	8ca48b1a93402420ed88e5bdc750bd3dfe44e478a48aaa4fbadfa0669ee105de	project-source-or-doc
week02/v01/dac_diag/work_wrphy_rxpol/wr_arria10_e3p1_phy/wr_arria10_e3p1_tx_pll/generated/altera_xcvr_fpll_a10_170/synth/alt_xcvr_pll_avmm_csr.sv	10422	2026-08-14T00:49:28.643260+00:00	85287a923f06c021f577bc1e4926d3df7be3df14803a3a04f7f0d45d0fd58d90	project-source-or-doc
week02/v01/dac_diag/work_wrphy_rxpol/wr_arria10_e3p1_phy/wr_arria10_e3p1_tx_pll/generated/altera_xcvr_fpll_a10_170/synth/alt_xcvr_pll_embedded_debug.sv	2887	2026-08-14T00:49:28.635260+00:00	c20b30f416253a675abd01bc195d415bcaabbdc5bef07d24357582de788902b9	project-source-or-doc
week02/v01/dac_diag/work_wrphy_rxpol/wr_arria10_e3p1_phy/wr_arria10_e3p1_tx_pll/generated/altera_xcvr_fpll_a10_170/synth/alt_xcvr_resync.sv	3995	2026-08-14T00:49:28.586260+00:00	fb4f01a93eec1603e06d2ec0f43200aaa408418ba441caa5be0838aea5f8ce3f	project-source-or-doc
week02/v01/dac_diag/work_wrphy_rxpol/wr_arria10_e3p1_phy/wr_arria10_e3p1_tx_pll/generated/altera_xcvr_fpll_a10_170/synth/altera_xcvr_fpll_a10.sv	70559	2026-08-14T00:49:28.601260+00:00	03753530022d99417bec7881f18747d2a27ce4a7721c2a5021cfd418df5a6d43	project-source-or-doc
week02/v01/dac_diag/work_wrphy_rxpol/wr_arria10_e3p1_phy/wr_arria10_e3p1_tx_pll/generated/altera_xcvr_fpll_a10_170/synth/twentynm_xcvr_avmm.sv	31631	2026-08-14T00:49:28.583260+00:00	deebb6f797ebc0bfc8e9a970de271a65a1b1e141eadadb7adac8abe4619be30a	project-source-or-doc
week02/v01/dac_diag/work_wrphy_rxpol/wr_arria10_e3p1_phy/wr_arria10_e3p1_tx_pll/generated/synth/wr_arria10_e3p1_tx_pll.v	25539	2026-08-14T00:49:28.577260+00:00	4925d8634439c48848212bd5cd1079a9d18a4d14ccbaf8ad6b68ec73aaa53581	project-source-or-doc
week02/v01/dac_diag/work_wrphy_rxpol/wr_arria10_e3p1_phy/wr_arria10_e3p1_tx_pll/generated/synth/wr_arria10_e3p1_tx_pll_cfg.v	203	2026-08-14T00:49:28.791259+00:00	a2c4c3a0bf58503dbd62372ddd54510c4121a494b1750bb93860e780804008af	project-source-or-doc
week02/v01/dac_diag/work_wrphy_rxpol/wr_arria10_e3p1_phy/wr_arria10_e3p1_tx_pll/generated/wr_arria10_e3p1_tx_pll.qip	80458	2026-08-14T00:49:28.661259+00:00	334f5d5612e9925d7b9ea9791f5e301d22be6ee8c1649b0bbc3f48f2d4a4cc6f	project-source-or-doc
week02/v01/dac_diag/work_wrphy_rxpol/wr_arria10_e3p1_phy/wr_arria10_e3p1_tx_pll/generated/wr_arria10_e3p1_tx_pll_generation.rpt	3140	2026-08-14T00:49:28.662259+00:00	bc1d5b61c17fd35c06eeb121456f9162ac2d81925d7ee2a2e7b87431afe321f3	artifact-or-log
week02/v01/dco_diag/DE5a_wr_master_dco.qpf	65	2026-08-14T16:59:44.443269+00:00	14710f5b3ccc368025bd00773cedcd653e88faa6fc133485ab19d93ceedd06ef	project-source-or-doc
week02/v01/dco_diag/DE5a_wr_master_dco.qsf	34551	2026-08-14T16:59:44.372269+00:00	cc47f7b9644c97a5bdda8e010b5d0b58bd0b5d498335acd14b5254b97aea3d20	project-source-or-doc
week02/v01/dco_diag/DE5a_wr_master_dco.sdc	263	2026-08-14T16:51:49.384091+00:00	b6a17ee37da9242677c038f3e18ec4251c38727515002a1bf2a83f39ee88d9b8	project-source-or-doc
week02/v01/dco_diag/DE5a_wr_master_dco.vhd	18462	2026-08-14T16:59:44.311270+00:00	a911af97b8a57724b862df3432289ea90ee18bf885680bba0ab6b9c5874d760a	project-source-or-doc
week02/v01/dco_diag/DE5a_wr_slave_dco.qpf	64	2026-08-14T16:59:45.900260+00:00	8f2daa8268f22a74a33c56e7b65fa357ff4ecd6f78b01515bd12f8cdddd3ed53	project-source-or-doc
week02/v01/dco_diag/DE5a_wr_slave_dco.qsf	34546	2026-08-14T16:59:45.832261+00:00	a28016ecf5a90c6df7ef77129b27e19045908cc5622b7e6aeb93b7aabae52b20	project-source-or-doc
week02/v01/dco_diag/DE5a_wr_slave_dco.sdc	263	2026-08-14T16:51:49.388091+00:00	b6a17ee37da9242677c038f3e18ec4251c38727515002a1bf2a83f39ee88d9b8	project-source-or-doc
week02/v01/dco_diag/DE5a_wr_slave_dco.vhd	18457	2026-08-14T16:59:45.775261+00:00	0814d7ab7d57ff30717234d3fd8bcb54da76e96607c533b2a44ef4aa50ef8235	project-source-or-doc
week02/v01/dco_diag/i2c_bus_controller_dco.v	15228	2026-08-14T17:03:12.569033+00:00	8ffa064d1ee5c13061d47ee7fa58c948cc497818d73f3f34fa8cbc90335e9127	project-source-or-doc
week02/v01/dco_diag/output_files_master_dco/DE5a_wr_master_dco.asm.rpt	4527	2026-08-14T17:07:16.253588+00:00	c7e14aff010d0a45c88729643294fe5ea5969dd98ffceb240a78eae400287f57	generated-artifact
week02/v01/dco_diag/output_files_master_dco/DE5a_wr_master_dco.fit.rpt	1793720	2026-08-14T17:06:48.076754+00:00	926fa02220fdf2b1568b3a4607de9bb48cfe60b3a9f368c8b867547f2336a0cf	generated-artifact
week02/v01/dco_diag/output_files_master_dco/DE5a_wr_master_dco.fit.summary	642	2026-08-14T17:06:47.432758+00:00	ba50f6cc6efcdfdb6e5ccb688233dae91f7024ac7e4cbc06724821dbfd9cade6	generated-artifact
week02/v01/dco_diag/output_files_master_dco/DE5a_wr_master_dco.flow.rpt	11716	2026-08-14T17:07:27.115524+00:00	4d0eec7eb149651c92ce014ae8fdee2d67bfe3ba922f54bd1c66ba656230f2ed	generated-artifact
week02/v01/dco_diag/output_files_master_dco/DE5a_wr_master_dco.map.rpt	3340475	2026-08-14T17:03:42.730854+00:00	26e3772594987d524f699ddbc004d3fbe503bb51a8608e9bc12362df950e9d84	generated-artifact
week02/v01/dco_diag/output_files_master_dco/DE5a_wr_master_dco.map.summary	454	2026-08-14T17:03:42.658855+00:00	6384f97641252b865db8470a1507f15644f3c9e0f5fe1dd6b9b955a3a8c8b148	generated-artifact
week02/v01/dco_diag/output_files_master_dco/DE5a_wr_master_dco.sof	36763610	2026-08-14T17:07:16.636586+00:00	f27ae084519f58a916109f904f2b8b929c958367e22a11c935ece72d44bbca9e	generated-artifact
week02/v01/dco_diag/output_files_master_dco/DE5a_wr_master_dco.sta.rpt	175336	2026-08-14T17:07:27.113524+00:00	75c3719b5dced6f559dc72f7ef12ef05223ce83c5ec4da7111e83dcb7fc3d248	generated-artifact
week02/v01/dco_diag/output_files_master_dco/DE5a_wr_master_dco.sta.summary	17248	2026-08-14T17:07:26.417528+00:00	f6f2f4bcfc01587c15fe2862b672d32e63d313182fe7a64f3839bb8394f37c01	generated-artifact
week02/v01/dco_diag/output_files_slave_dco/DE5a_wr_slave_dco.asm.rpt	4501	2026-08-14T17:10:34.684416+00:00	ad4bbaa1bf24bdadf46351656c642fe09c033f4816d7dbc12d4a75fc2bbfc204	generated-artifact
week02/v01/dco_diag/output_files_slave_dco/DE5a_wr_slave_dco.fit.rpt	1766213	2026-08-14T17:10:06.539582+00:00	767cdf90d10e59a4f08156b888acc27f3b393a42a1cff5535ddb221b51069b1b	generated-artifact
week02/v01/dco_diag/output_files_slave_dco/DE5a_wr_slave_dco.fit.summary	640	2026-08-14T17:10:05.868587+00:00	4519e5db677c9a3cfbc018b1a944b25c10ca7a5dbc531c77a2156aace599dfd9	generated-artifact
week02/v01/dco_diag/output_files_slave_dco/DE5a_wr_slave_dco.flow.rpt	11679	2026-08-14T17:10:45.515352+00:00	06aaf4a756169592eba7ac8567bc34537a62a71b7ccb67ca921df13b10cde5d4	generated-artifact
week02/v01/dco_diag/output_files_slave_dco/DE5a_wr_slave_dco.map.rpt	3340058	2026-08-14T17:08:15.706237+00:00	5a84b11317bf7b92b79457de551c321548c3f26caea4beb193e41841d365cece	generated-artifact
week02/v01/dco_diag/output_files_slave_dco/DE5a_wr_slave_dco.map.summary	452	2026-08-14T17:08:15.628237+00:00	b2b8e3f20631200fcd42fbff5707ae911b125d132ca5cbecb1275aab2c4183f9	generated-artifact
week02/v01/dco_diag/output_files_slave_dco/DE5a_wr_slave_dco.sof	36763605	2026-08-14T17:10:35.067414+00:00	3f4d4e6c693beda34ff86d98c73216ed78f1c321d0a3f6f3d163ed7898e515da	generated-artifact
week02/v01/dco_diag/output_files_slave_dco/DE5a_wr_slave_dco.sta.rpt	175064	2026-08-14T17:10:45.514352+00:00	2be31240412e224deb6066a0a4d415d6adb7993c750b32a0d20868f2e3e2cc97	generated-artifact
week02/v01/dco_diag/output_files_slave_dco/DE5a_wr_slave_dco.sta.summary	17244	2026-08-14T17:10:44.828357+00:00	55d090cb19339ecc262f7188a114cfb54d6f7b0b2cb6840be444a5223b7612ba	generated-artifact
week02/v01/dco_diag/si5340a_controller_dco.v	6755	2026-08-14T16:59:42.927278+00:00	c196f1a8e467d97e4592d0668f4059d84510a61def4869e58354bbe5dd76be1f	project-source-or-doc
week02/v01/dco_diag/si5340a_i2c_reg_controller_dco.v	31079	2026-08-14T16:59:41.530286+00:00	a42138acbe6113e17148a79f422ca3bde13d85c298ab6872a89135d6b64ac671	project-source-or-doc
week02/v01/dco_simplewa_diag/DE5a_wr_master_dco_simplewa.qpf	1327	2026-08-14T17:40:07.905949+00:00	2fe78709a6e3052e3e5eb2c17ae908249763f7f0f7d58965d453954c712d6bb1	project-source-or-doc
week02/v01/dco_simplewa_diag/DE5a_wr_master_dco_simplewa.qsf	34578	2026-08-14T17:39:43.591093+00:00	95f527b00d4fc27c9e216855b5d04528f7f047dcfac8d773d6d046ab39a0bb45	project-source-or-doc
week02/v01/dco_simplewa_diag/DE5a_wr_master_dco_simplewa.sdc	263	2026-08-14T17:39:43.575093+00:00	b6a17ee37da9242677c038f3e18ec4251c38727515002a1bf2a83f39ee88d9b8	project-source-or-doc
week02/v01/dco_simplewa_diag/DE5a_wr_master_dco_simplewa.vhd	18500	2026-08-14T17:39:55.765021+00:00	e9eeb7c07c02c425a545fc4a374db8199f4e8b3337212328bdcda06bef13d27c	project-source-or-doc
week02/v01/dco_simplewa_diag/DE5a_wr_slave_dco_simplewa.qpf	1326	2026-08-14T17:43:23.519798+00:00	1ebed98043d0dc64068c17a814d19847f18a8486f8f271550c614782888e35c4	project-source-or-doc
week02/v01/dco_simplewa_diag/DE5a_wr_slave_dco_simplewa.qsf	34573	2026-08-14T17:39:43.804091+00:00	499158e02a0c1cf7e29c99d0b0b355ed2e47750c3177ee652368b8024176ff45	project-source-or-doc
week02/v01/dco_simplewa_diag/DE5a_wr_slave_dco_simplewa.sdc	263	2026-08-14T17:39:43.584093+00:00	b6a17ee37da9242677c038f3e18ec4251c38727515002a1bf2a83f39ee88d9b8	project-source-or-doc
week02/v01/dco_simplewa_diag/DE5a_wr_slave_dco_simplewa.vhd	18495	2026-08-14T17:39:57.099013+00:00	f2f3082f24e30cc42f7c33db046c084fba1cc70276b9c758e9a1d2a52644c72e	project-source-or-doc
week02/v01/dco_simplewa_diag/i2c_bus_controller_dco.v	15228	2026-08-14T17:39:43.560093+00:00	8ffa064d1ee5c13061d47ee7fa58c948cc497818d73f3f34fa8cbc90335e9127	project-source-or-doc
week02/v01/dco_simplewa_diag/output_files_master_dco_simplewa/DE5a_wr_master_dco_simplewa.asm.rpt	4824	2026-08-14T17:43:03.701914+00:00	29585872d1d822fe2d27aaee0312215a869211577af770faa62305ded5e0a9d2	generated-artifact
week02/v01/dco_simplewa_diag/output_files_master_dco_simplewa/DE5a_wr_master_dco_simplewa.fit.rpt	1804048	2026-08-14T17:42:35.385081+00:00	ed57519f21930ed358a68a8984c1c790e08f4d46ab33e836f2637f231302f939	generated-artifact
week02/v01/dco_simplewa_diag/output_files_master_dco_simplewa/DE5a_wr_master_dco_simplewa.fit.summary	651	2026-08-14T17:42:34.736084+00:00	b696aafe199960003c808bd64008f06695a5d08894cc5e6a399f49bb6977b673	generated-artifact
week02/v01/dco_simplewa_diag/output_files_master_dco_simplewa/DE5a_wr_master_dco_simplewa.flow.rpt	12121	2026-08-14T17:43:14.353852+00:00	9ab6f3ddbe96177f64e2562382005e84b79643ced5c5c5e38d99212c10fbe74c	generated-artifact
week02/v01/dco_simplewa_diag/output_files_master_dco_simplewa/DE5a_wr_master_dco_simplewa.map.rpt	3342612	2026-08-14T17:40:41.565750+00:00	c6c0c3a67e10b97c7143677a6e95f94da37e5d89c839d0c7d6456616332c82ce	generated-artifact
week02/v01/dco_simplewa_diag/output_files_master_dco_simplewa/DE5a_wr_master_dco_simplewa.map.summary	463	2026-08-14T17:40:41.426751+00:00	21075cd00b98956360fa64736d80162f9ba8e3f1662c5c8e23f6147b2555dfad	generated-artifact
week02/v01/dco_simplewa_diag/output_files_master_dco_simplewa/DE5a_wr_master_dco_simplewa.sof	36763652	2026-08-14T17:43:03.531915+00:00	8175399fa0483a1769e348689e37340ea6ae80983b39f88fb59a8f76b08abdaf	generated-artifact
week02/v01/dco_simplewa_diag/output_files_master_dco_simplewa/DE5a_wr_master_dco_simplewa.sta.rpt	175225	2026-08-14T17:43:14.351852+00:00	1399ea648b6385d4fa5a03a7936739a160ff68d52061d3e0873b12357bb31550	generated-artifact
week02/v01/dco_simplewa_diag/output_files_master_dco_simplewa/DE5a_wr_master_dco_simplewa.sta.summary	17235	2026-08-14T17:43:13.657856+00:00	b5ed1df635d68b00a8da88fd24e6cf4e961977ada420242226018b9269434609	generated-artifact
week02/v01/dco_simplewa_diag/output_files_slave_dco_simplewa/DE5a_wr_slave_dco_simplewa.asm.rpt	4798	2026-08-14T17:48:20.037056+00:00	c2280b2d6ca68a3dd2d9aa62b11b3f7dd063b45fcb53578e793e0218669e9262	generated-artifact
week02/v01/dco_simplewa_diag/output_files_slave_dco_simplewa/DE5a_wr_slave_dco_simplewa.fit.rpt	1782894	2026-08-14T17:47:51.831222+00:00	83471fb9bb5a5ac082af39e824b916ca3538a566e3adba9ac8a1a35f1d3301b7	generated-artifact
week02/v01/dco_simplewa_diag/output_files_slave_dco_simplewa/DE5a_wr_slave_dco_simplewa.fit.summary	649	2026-08-14T17:47:51.163226+00:00	4da4819bedb1bf2f95061623049b15120ad6d3deeaeb75c1dcbb2e00cb0f247b	generated-artifact
week02/v01/dco_simplewa_diag/output_files_slave_dco_simplewa/DE5a_wr_slave_dco_simplewa.flow.rpt	12075	2026-08-14T17:48:31.249991+00:00	9917679c8a6b8dede340e8b31d79fe018afaa20cf90faf8a1849788a11cecc91	generated-artifact
week02/v01/dco_simplewa_diag/output_files_slave_dco_simplewa/DE5a_wr_slave_dco_simplewa.map.rpt	3341806	2026-08-14T17:43:56.056607+00:00	e28cf63a0b1bb0ca7771d42a750a8dee329803e3d447e5c5779847489e79dc47	generated-artifact
week02/v01/dco_simplewa_diag/output_files_slave_dco_simplewa/DE5a_wr_slave_dco_simplewa.map.summary	461	2026-08-14T17:43:55.957607+00:00	8fcb75492cda0b2b55d4f875a0efd3cc85c8af8b3858d9e3c76a16d7898b41cb	generated-artifact
week02/v01/dco_simplewa_diag/output_files_slave_dco_simplewa/DE5a_wr_slave_dco_simplewa.sof	36763647	2026-08-14T17:48:20.418054+00:00	254a446d50b008d52a98d12f80222795f860f3619affe0fd5a0ffb6336ee1ec1	generated-artifact
week02/v01/dco_simplewa_diag/output_files_slave_dco_simplewa/DE5a_wr_slave_dco_simplewa.sta.rpt	175280	2026-08-14T17:48:31.246991+00:00	42a21cd4aa72e6c46043f29e39fa1384eb829bc2e773eca56acbb1a8088931f9	generated-artifact
week02/v01/dco_simplewa_diag/output_files_slave_dco_simplewa/DE5a_wr_slave_dco_simplewa.sta.summary	17238	2026-08-14T17:48:30.551995+00:00	fde1e25b7870ed041e36eb042df3754e0508c49722f3ab3c5d8b787074fa3232	generated-artifact
week02/v01/dco_simplewa_diag/si5340a_controller_dco.v	6755	2026-08-14T17:39:43.563093+00:00	c196f1a8e467d97e4592d0668f4059d84510a61def4869e58354bbe5dd76be1f	project-source-or-doc
week02/v01/dco_simplewa_diag/si5340a_i2c_reg_controller_dco.v	31079	2026-08-14T17:39:43.565093+00:00	a42138acbe6113e17148a79f422ca3bde13d85c298ab6872a89135d6b64ac671	project-source-or-doc
week02/v01/dco_simplewa_fix_diag/DE5a_wr_master_dco_simplewa.qpf	1327	2026-08-14T17:40:07.905949+00:00	2fe78709a6e3052e3e5eb2c17ae908249763f7f0f7d58965d453954c712d6bb1	project-source-or-doc
week02/v01/dco_simplewa_fix_diag/DE5a_wr_master_dco_simplewa.qsf	34578	2026-08-14T17:39:43.591093+00:00	95f527b00d4fc27c9e216855b5d04528f7f047dcfac8d773d6d046ab39a0bb45	project-source-or-doc
week02/v01/dco_simplewa_fix_diag/DE5a_wr_master_dco_simplewa.sdc	263	2026-08-14T17:39:43.575093+00:00	b6a17ee37da9242677c038f3e18ec4251c38727515002a1bf2a83f39ee88d9b8	project-source-or-doc
week02/v01/dco_simplewa_fix_diag/DE5a_wr_master_dco_simplewa.vhd	18500	2026-08-14T17:39:55.765021+00:00	e9eeb7c07c02c425a545fc4a374db8199f4e8b3337212328bdcda06bef13d27c	project-source-or-doc
week02/v01/dco_simplewa_fix_diag/DE5a_wr_slave_dco_simplewa.qpf	1326	2026-08-14T17:43:23.519798+00:00	1ebed98043d0dc64068c17a814d19847f18a8486f8f271550c614782888e35c4	project-source-or-doc
week02/v01/dco_simplewa_fix_diag/DE5a_wr_slave_dco_simplewa.qsf	34573	2026-08-14T17:39:43.804091+00:00	499158e02a0c1cf7e29c99d0b0b355ed2e47750c3177ee652368b8024176ff45	project-source-or-doc
week02/v01/dco_simplewa_fix_diag/DE5a_wr_slave_dco_simplewa.sdc	263	2026-08-14T17:39:43.584093+00:00	b6a17ee37da9242677c038f3e18ec4251c38727515002a1bf2a83f39ee88d9b8	project-source-or-doc
week02/v01/dco_simplewa_fix_diag/DE5a_wr_slave_dco_simplewa.vhd	18495	2026-08-14T17:39:57.099013+00:00	f2f3082f24e30cc42f7c33db046c084fba1cc70276b9c758e9a1d2a52644c72e	project-source-or-doc
week02/v01/dco_simplewa_fix_diag/i2c_bus_controller_dco.v	15228	2026-08-14T17:39:43.560093+00:00	8ffa064d1ee5c13061d47ee7fa58c948cc497818d73f3f34fa8cbc90335e9127	project-source-or-doc
week02/v01/dco_simplewa_fix_diag/output_files_master_dco_simplewa/DE5a_wr_master_dco_simplewa.asm.rpt	4852	2026-08-14T18:11:58.622746+00:00	806b9c72583dcfd0398182c5c9db9f90c307ef51c2d10afbe3d6674e36312e5c	generated-artifact
week02/v01/dco_simplewa_fix_diag/output_files_master_dco_simplewa/DE5a_wr_master_dco_simplewa.fit.rpt	1765422	2026-08-14T18:11:30.117913+00:00	6a822ba4c772a1f2ef3d2de934a2b2edacc450b912db0607da7a8d369121e489	generated-artifact
week02/v01/dco_simplewa_fix_diag/output_files_master_dco_simplewa/DE5a_wr_master_dco_simplewa.fit.summary	651	2026-08-14T18:11:29.441917+00:00	9a54a1be8dc0a48be6972b3959083f13e18856caf04e825de4531c01b4d8dd44	generated-artifact
week02/v01/dco_simplewa_fix_diag/output_files_master_dco_simplewa/DE5a_wr_master_dco_simplewa.flow.rpt	12121	2026-08-14T18:12:10.835675+00:00	bf6c759c0e771776f946242284623c7d3bbca442f7828a01b607e3d67397ace2	generated-artifact
week02/v01/dco_simplewa_fix_diag/output_files_master_dco_simplewa/DE5a_wr_master_dco_simplewa.map.rpt	3309078	2026-08-14T18:09:12.655716+00:00	91f3b08bd63fd4a61ed4a6d9ad2b1381166535d6f11a1ec09574ead6daf2bb90	generated-artifact
week02/v01/dco_simplewa_fix_diag/output_files_master_dco_simplewa/DE5a_wr_master_dco_simplewa.map.summary	463	2026-08-14T18:09:12.562717+00:00	7388bf1781887f4f31729a8aef6d347b9c2c216d8c7d91ff8e906761df75d4c6	generated-artifact
week02/v01/dco_simplewa_fix_diag/output_files_master_dco_simplewa/DE5a_wr_master_dco_simplewa.sof	36763652	2026-08-14T18:11:59.937738+00:00	ed9e29dcb3e938dc295a6ad84fb45ebd7e58cc2eca28a49aea236f16603d301c	generated-artifact
week02/v01/dco_simplewa_fix_diag/output_files_master_dco_simplewa/DE5a_wr_master_dco_simplewa.sta.rpt	175059	2026-08-14T18:12:10.833675+00:00	db52089c0ef691431bed43e32362825258b761d10a069d456b2f234261a5afaf	generated-artifact
week02/v01/dco_simplewa_fix_diag/output_files_master_dco_simplewa/DE5a_wr_master_dco_simplewa.sta.summary	17237	2026-08-14T18:12:10.134679+00:00	7f74b40bd23e462a395890f178065bb655cb44a593889afba4358421571db197	generated-artifact
week02/v01/dco_simplewa_fix_diag/output_files_slave_dco_simplewa/DE5a_wr_slave_dco_simplewa.asm.rpt	4826	2026-08-14T18:15:18.530577+00:00	d6a874d9ef03d5bbee593b1fc92eabaadd094f43faf71d3098de6eb91d25dd05	generated-artifact
week02/v01/dco_simplewa_fix_diag/output_files_slave_dco_simplewa/DE5a_wr_slave_dco_simplewa.fit.rpt	1820434	2026-08-14T18:14:50.441741+00:00	d1ab9d19e0f1a9c6c82378379ee4b44c7831e9abcab5b55601be4f8395862ca7	generated-artifact
week02/v01/dco_simplewa_fix_diag/output_files_slave_dco_simplewa/DE5a_wr_slave_dco_simplewa.fit.summary	649	2026-08-14T18:14:49.802745+00:00	fc5479c1fcfe4480381c3421e5dd1831d44b0eff120cec66db7ad4a452ccd2ba	generated-artifact
week02/v01/dco_simplewa_fix_diag/output_files_slave_dco_simplewa/DE5a_wr_slave_dco_simplewa.flow.rpt	12075	2026-08-14T18:15:30.520507+00:00	809cdfb434a471e0ac97a490b4282598a1eb3473e37a2a084ea5a9ad967ce7c5	generated-artifact
week02/v01/dco_simplewa_fix_diag/output_files_slave_dco_simplewa/DE5a_wr_slave_dco_simplewa.map.rpt	3308281	2026-08-14T18:12:51.986434+00:00	5d151dcb2c3012ee4fd42e9bcb429aa79aa672d32ebf80e04507c6d04ef7e52d	generated-artifact
week02/v01/dco_simplewa_fix_diag/output_files_slave_dco_simplewa/DE5a_wr_slave_dco_simplewa.map.summary	461	2026-08-14T18:12:51.908434+00:00	6e5ec705e7a45a0973bee898571bc47390c36fe65eb2c22a8b3d65ff509f7c8b	generated-artifact
week02/v01/dco_simplewa_fix_diag/output_files_slave_dco_simplewa/DE5a_wr_slave_dco_simplewa.sof	36763647	2026-08-14T18:15:19.843569+00:00	9c33670c19f4ebd767694782772f5e5258f31f842378cb0631ba4c1c5b8be778	generated-artifact
week02/v01/dco_simplewa_fix_diag/output_files_slave_dco_simplewa/DE5a_wr_slave_dco_simplewa.sta.rpt	175176	2026-08-14T18:15:30.517507+00:00	c724e4995a7c33e74f3c6fa16c04a0f85d84e073edb0d0357de8a16700e6e889	generated-artifact
week02/v01/dco_simplewa_fix_diag/output_files_slave_dco_simplewa/DE5a_wr_slave_dco_simplewa.sta.summary	17237	2026-08-14T18:15:29.820511+00:00	1a962679888e9e38583ab502a69e48d49e2c66265226b25970d7d9182e6fd5f2	generated-artifact
week02/v01/dco_simplewa_fix_diag/si5340a_controller_dco.v	7596	2026-08-14T18:07:19+00:00	ec4c639299beaa2eac765f8a1f7476adb7a3937247256927ec1ef9082e8890b1	project-source-or-doc
week02/v01/dco_simplewa_fix_diag/si5340a_i2c_reg_controller_dco.v	31079	2026-08-14T17:39:43.565093+00:00	a42138acbe6113e17148a79f422ca3bde13d85c298ab6872a89135d6b64ac671	project-source-or-doc
week02/v01/dco_simplewa_loadprobe_fwfix_diag/DE5a_wr_master_dco_simplewa.qpf	1327	2026-08-14T17:40:07.905949+00:00	2fe78709a6e3052e3e5eb2c17ae908249763f7f0f7d58965d453954c712d6bb1	project-source-or-doc
week02/v01/dco_simplewa_loadprobe_fwfix_diag/DE5a_wr_master_dco_simplewa.qsf	34578	2026-08-14T17:39:43.591093+00:00	95f527b00d4fc27c9e216855b5d04528f7f047dcfac8d773d6d046ab39a0bb45	project-source-or-doc
week02/v01/dco_simplewa_loadprobe_fwfix_diag/DE5a_wr_master_dco_simplewa.sdc	263	2026-08-14T17:39:43.575093+00:00	b6a17ee37da9242677c038f3e18ec4251c38727515002a1bf2a83f39ee88d9b8	project-source-or-doc
week02/v01/dco_simplewa_loadprobe_fwfix_diag/DE5a_wr_master_dco_simplewa.vhd	18623	2026-08-14T19:01:47.828170+00:00	bc3cc46b9df930b1db846414450ad9061e41f82e108fd5b993e1f2fe26fefd4c	project-source-or-doc
week02/v01/dco_simplewa_loadprobe_fwfix_diag/DE5a_wr_slave_dco_simplewa.qpf	1326	2026-08-14T17:43:23.519798+00:00	1ebed98043d0dc64068c17a814d19847f18a8486f8f271550c614782888e35c4	project-source-or-doc
week02/v01/dco_simplewa_loadprobe_fwfix_diag/DE5a_wr_slave_dco_simplewa.qsf	34573	2026-08-14T17:39:43.804091+00:00	499158e02a0c1cf7e29c99d0b0b355ed2e47750c3177ee652368b8024176ff45	project-source-or-doc
week02/v01/dco_simplewa_loadprobe_fwfix_diag/DE5a_wr_slave_dco_simplewa.sdc	263	2026-08-14T17:39:43.584093+00:00	b6a17ee37da9242677c038f3e18ec4251c38727515002a1bf2a83f39ee88d9b8	project-source-or-doc
week02/v01/dco_simplewa_loadprobe_fwfix_diag/DE5a_wr_slave_dco_simplewa.vhd	18618	2026-08-14T19:01:49.242162+00:00	b30408a7521f79fb1cf0dde32711a575080eb270b1e5252b3254c437235dfcb9	project-source-or-doc
week02/v01/dco_simplewa_loadprobe_fwfix_diag/i2c_bus_controller_dco.v	15228	2026-08-14T17:39:43.560093+00:00	8ffa064d1ee5c13061d47ee7fa58c948cc497818d73f3f34fa8cbc90335e9127	project-source-or-doc
week02/v01/dco_simplewa_loadprobe_fwfix_diag/output_files_master_dco_simplewa/DE5a_wr_master_dco_simplewa.asm.rpt	4936	2026-08-14T19:04:59.124039+00:00	df0080922a0ad76a416aedbd5257efdc2ee76e5ca0070842aa2347685a467a4b	generated-artifact
week02/v01/dco_simplewa_loadprobe_fwfix_diag/output_files_master_dco_simplewa/DE5a_wr_master_dco_simplewa.fit.rpt	1797546	2026-08-14T19:04:31.174204+00:00	6c89ae064d502161b5559cee23349b7f7775cd3f7624f0bc55aecee62d67c463	generated-artifact
week02/v01/dco_simplewa_loadprobe_fwfix_diag/output_files_master_dco_simplewa/DE5a_wr_master_dco_simplewa.fit.summary	651	2026-08-14T19:04:30.598208+00:00	3642dc2a5e567333dda129ae6439727a7350a215577bfe8f6017c3a15d6cd0e7	generated-artifact
week02/v01/dco_simplewa_loadprobe_fwfix_diag/output_files_master_dco_simplewa/DE5a_wr_master_dco_simplewa.flow.rpt	12121	2026-08-14T19:05:09.567977+00:00	8f0869a25db118b397baf483cd60a669fbc45a851733614c0d3f34e869c8034f	generated-artifact
week02/v01/dco_simplewa_loadprobe_fwfix_diag/output_files_master_dco_simplewa/DE5a_wr_master_dco_simplewa.map.rpt	3312622	2026-08-14T19:02:39.875863+00:00	4a16d4a664eab1c4e26606bd08292bea3cfb5188d05cbe6f4739ffff319360a3	generated-artifact
week02/v01/dco_simplewa_loadprobe_fwfix_diag/output_files_master_dco_simplewa/DE5a_wr_master_dco_simplewa.map.summary	463	2026-08-14T19:02:39.785863+00:00	c5b3fd8ca04903378624c09242e27d3f7f60a212428793e1fa9e7a454aab0d6d	generated-artifact
week02/v01/dco_simplewa_loadprobe_fwfix_diag/output_files_master_dco_simplewa/DE5a_wr_master_dco_simplewa.sof	36763679	2026-08-14T19:04:59.259038+00:00	1e5530853627217bdd900ac23e72c8cb482378256fe7ca4f9098c2b765e27269	generated-artifact
week02/v01/dco_simplewa_loadprobe_fwfix_diag/output_files_master_dco_simplewa/DE5a_wr_master_dco_simplewa.sta.rpt	175135	2026-08-14T19:05:09.565977+00:00	1131891eb86614664745bb5e73bf1a0bdf6204de81d38b6ca8ce92fa5ad91100	generated-artifact
week02/v01/dco_simplewa_loadprobe_fwfix_diag/output_files_master_dco_simplewa/DE5a_wr_master_dco_simplewa.sta.summary	17234	2026-08-14T19:05:08.876981+00:00	149a3309ab2b78c41e2bdd2efa03ad71f0da2614c4596fc81d15879a761eb362	generated-artifact
week02/v01/dco_simplewa_loadprobe_fwfix_diag/output_files_slave_dco_simplewa/DE5a_wr_slave_dco_simplewa.asm.rpt	4910	2026-08-14T19:08:01.760959+00:00	fe8bb7ee56877895195a73143713a7dcd2c937337b23084a7161064ddcd66abd	generated-artifact
week02/v01/dco_simplewa_loadprobe_fwfix_diag/output_files_slave_dco_simplewa/DE5a_wr_slave_dco_simplewa.fit.rpt	1772406	2026-08-14T19:07:33.497126+00:00	5dd54d33d4087b0619de5765527f05097fdbc2e96d9e83918725e83f40f10ebd	generated-artifact
week02/v01/dco_simplewa_loadprobe_fwfix_diag/output_files_slave_dco_simplewa/DE5a_wr_slave_dco_simplewa.fit.summary	649	2026-08-14T19:07:32.873130+00:00	30ccbf66f108ae2ee9f1b9d85a8e9852a9faaab7d44cf040f0a09681afc7e748	generated-artifact
week02/v01/dco_simplewa_loadprobe_fwfix_diag/output_files_slave_dco_simplewa/DE5a_wr_slave_dco_simplewa.flow.rpt	12075	2026-08-14T19:08:12.558895+00:00	d8e73a84fa1c1e7c8ffa6a051315c17cd51b615710ceb92ecf26476d2b9c715e	generated-artifact
week02/v01/dco_simplewa_loadprobe_fwfix_diag/output_files_slave_dco_simplewa/DE5a_wr_slave_dco_simplewa.map.rpt	3311819	2026-08-14T19:05:41.182790+00:00	867e1fcba67cafc33e72876cde997ff1d3d16e4effde9f715c9d9bede779b9e3	generated-artifact
week02/v01/dco_simplewa_loadprobe_fwfix_diag/output_files_slave_dco_simplewa/DE5a_wr_slave_dco_simplewa.map.summary	461	2026-08-14T19:05:41.098791+00:00	e0bf28cd59966d375ec54fa8c978bce0ef581c3b3a68043f27cdb00b7ba13ae7	generated-artifact
week02/v01/dco_simplewa_loadprobe_fwfix_diag/output_files_slave_dco_simplewa/DE5a_wr_slave_dco_simplewa.sof	36763674	2026-08-14T19:08:02.142957+00:00	7b5c92e4358645e36a55c8452790413269a7d153239254e09e1b583cfb6c28c7	generated-artifact
week02/v01/dco_simplewa_loadprobe_fwfix_diag/output_files_slave_dco_simplewa/DE5a_wr_slave_dco_simplewa.sta.rpt	175086	2026-08-14T19:08:12.556895+00:00	d63a0a52de56087f48c9cc1645d0163dd8a2ca381d360ab8ad59596c4a18dd7f	generated-artifact
week02/v01/dco_simplewa_loadprobe_fwfix_diag/output_files_slave_dco_simplewa/DE5a_wr_slave_dco_simplewa.sta.summary	17235	2026-08-14T19:08:11.867899+00:00	90c65d710463c3960afbfbe434a3216a6f78d51db25fb60664350b6cbed80a4d	generated-artifact
week02/v01/dco_simplewa_loadprobe_fwfix_diag/si5340a_controller_dco.v	7596	2026-08-14T18:07:19+00:00	ec4c639299beaa2eac765f8a1f7476adb7a3937247256927ec1ef9082e8890b1	project-source-or-doc
week02/v01/dco_simplewa_loadprobe_fwfix_diag/si5340a_i2c_reg_controller_dco.v	31079	2026-08-14T17:39:43.565093+00:00	a42138acbe6113e17148a79f422ca3bde13d85c298ab6872a89135d6b64ac671	project-source-or-doc
week02/v01/dco_simplewa_nosfp_diag/DE5a_wr_master_dco_simplewa.qpf	1327	2026-08-14T17:40:07.905949+00:00	2fe78709a6e3052e3e5eb2c17ae908249763f7f0f7d58965d453954c712d6bb1	project-source-or-doc
week02/v01/dco_simplewa_nosfp_diag/DE5a_wr_master_dco_simplewa.qsf	34578	2026-08-14T17:39:43.591093+00:00	95f527b00d4fc27c9e216855b5d04528f7f047dcfac8d773d6d046ab39a0bb45	project-source-or-doc
week02/v01/dco_simplewa_nosfp_diag/DE5a_wr_master_dco_simplewa.sdc	263	2026-08-14T17:39:43.575093+00:00	b6a17ee37da9242677c038f3e18ec4251c38727515002a1bf2a83f39ee88d9b8	project-source-or-doc
week02/v01/dco_simplewa_nosfp_diag/DE5a_wr_master_dco_simplewa.vhd	18511	2026-08-14T18:27:55.016137+00:00	cbbba109c999a598b07f6656e9894d16a2eb224475bc94a562da852bc9eed52f	project-source-or-doc
week02/v01/dco_simplewa_nosfp_diag/DE5a_wr_slave_dco_simplewa.qpf	1326	2026-08-14T17:43:23.519798+00:00	1ebed98043d0dc64068c17a814d19847f18a8486f8f271550c614782888e35c4	project-source-or-doc
week02/v01/dco_simplewa_nosfp_diag/DE5a_wr_slave_dco_simplewa.qsf	34573	2026-08-14T17:39:43.804091+00:00	499158e02a0c1cf7e29c99d0b0b355ed2e47750c3177ee652368b8024176ff45	project-source-or-doc
week02/v01/dco_simplewa_nosfp_diag/DE5a_wr_slave_dco_simplewa.sdc	263	2026-08-14T17:39:43.584093+00:00	b6a17ee37da9242677c038f3e18ec4251c38727515002a1bf2a83f39ee88d9b8	project-source-or-doc
week02/v01/dco_simplewa_nosfp_diag/DE5a_wr_slave_dco_simplewa.vhd	18506	2026-08-14T18:27:56.370129+00:00	df82e118b342a206b5b8332a2dba7beda628bfadd0ea234ee9a9234dd57709b9	project-source-or-doc
week02/v01/dco_simplewa_nosfp_diag/i2c_bus_controller_dco.v	15228	2026-08-14T17:39:43.560093+00:00	8ffa064d1ee5c13061d47ee7fa58c948cc497818d73f3f34fa8cbc90335e9127	project-source-or-doc
week02/v01/dco_simplewa_nosfp_diag/output_files_master_dco_simplewa/DE5a_wr_master_dco_simplewa.asm.rpt	4866	2026-08-14T18:31:27.846887+00:00	ea764a63b5fd200ccc255806151f206e671a1eb035baf909db92f7f78b0e52c5	generated-artifact
week02/v01/dco_simplewa_nosfp_diag/output_files_master_dco_simplewa/DE5a_wr_master_dco_simplewa.fit.rpt	1765436	2026-08-14T18:30:59.708052+00:00	221c29d9282a3ec615dced0ab2331cccc5ef4729703050480f91e66a7ceb2765	generated-artifact
week02/v01/dco_simplewa_nosfp_diag/output_files_master_dco_simplewa/DE5a_wr_master_dco_simplewa.fit.summary	651	2026-08-14T18:30:59.042056+00:00	e1787a3840e48b1d1724b6fb4bfefbbc831b4f282ec3b683ab00d79c7eb51b13	generated-artifact
week02/v01/dco_simplewa_nosfp_diag/output_files_master_dco_simplewa/DE5a_wr_master_dco_simplewa.flow.rpt	12121	2026-08-14T18:31:38.630824+00:00	c511034d0c8e21863d68737d2bb4e664e948ab49e6c296b8230c7126ef70afc3	generated-artifact
week02/v01/dco_simplewa_nosfp_diag/output_files_master_dco_simplewa/DE5a_wr_master_dco_simplewa.map.rpt	3309778	2026-08-14T18:28:43.180854+00:00	4998525ff70a52dcc45af0de5ca3ea484dbee1b171f4a981978a30cf6f7083b4	generated-artifact
week02/v01/dco_simplewa_nosfp_diag/output_files_master_dco_simplewa/DE5a_wr_master_dco_simplewa.map.summary	463	2026-08-14T18:28:43.096855+00:00	3f04f7e33036ac22ac9356862b6258f9f0410cfc5b45c559212e95afc94158c1	generated-artifact
week02/v01/dco_simplewa_nosfp_diag/output_files_master_dco_simplewa/DE5a_wr_master_dco_simplewa.sof	36763652	2026-08-14T18:31:28.226885+00:00	ce73b39d63daa769d84376d4aba6d263e09644c20b4d9aa12831d39f6f753834	generated-artifact
week02/v01/dco_simplewa_nosfp_diag/output_files_master_dco_simplewa/DE5a_wr_master_dco_simplewa.sta.rpt	175149	2026-08-14T18:31:38.629824+00:00	67e7e268f9f351979be94bc12dd73120be62178d75f1040bf04ba4b84222a31a	generated-artifact
week02/v01/dco_simplewa_nosfp_diag/output_files_master_dco_simplewa/DE5a_wr_master_dco_simplewa.sta.summary	17237	2026-08-14T18:31:37.937828+00:00	7f74b40bd23e462a395890f178065bb655cb44a593889afba4358421571db197	generated-artifact
week02/v01/dco_simplewa_nosfp_diag/output_files_slave_dco_simplewa/DE5a_wr_slave_dco_simplewa.asm.rpt	4840	2026-08-14T18:34:34.250792+00:00	c693a33db27645307d04f4b3668875a52dd468c651a0671bdc0e8c86f4237269	generated-artifact
week02/v01/dco_simplewa_nosfp_diag/output_files_slave_dco_simplewa/DE5a_wr_slave_dco_simplewa.fit.rpt	1820448	2026-08-14T18:34:06.181957+00:00	a6547f2c12e78b8e9f747a8e30522b579551a6c820e1f1cb7ef940af8cb213a3	generated-artifact
week02/v01/dco_simplewa_nosfp_diag/output_files_slave_dco_simplewa/DE5a_wr_slave_dco_simplewa.fit.summary	649	2026-08-14T18:34:05.577960+00:00	52dc4bb9951dc8f6abafba23d677b5f256a36a29811f0f0ac9f301e17b8a1340	generated-artifact
week02/v01/dco_simplewa_nosfp_diag/output_files_slave_dco_simplewa/DE5a_wr_slave_dco_simplewa.flow.rpt	12075	2026-08-14T18:34:44.731730+00:00	337ef425b44567151532d2a6d364d03d860bcb5768915192bfdcf58d8214b084	generated-artifact
week02/v01/dco_simplewa_nosfp_diag/output_files_slave_dco_simplewa/DE5a_wr_slave_dco_simplewa.map.rpt	3308981	2026-08-14T18:32:10.041639+00:00	14c34cebc9c3b5c82fc057e1b375ae9076c20010a406568a76fafe9a1d95182d	generated-artifact
week02/v01/dco_simplewa_nosfp_diag/output_files_slave_dco_simplewa/DE5a_wr_slave_dco_simplewa.map.summary	461	2026-08-14T18:32:09.957640+00:00	77a882a505d36552fa26cf8d57d140149c2169b11a3ee7f9fd4d3ba1efd6b4ec	generated-artifact
week02/v01/dco_simplewa_nosfp_diag/output_files_slave_dco_simplewa/DE5a_wr_slave_dco_simplewa.sof	36763647	2026-08-14T18:34:34.208792+00:00	9b110cc6e38a3157afb645309282b642a61b755e4f3e3c7142f26140eba48b59	generated-artifact
week02/v01/dco_simplewa_nosfp_diag/output_files_slave_dco_simplewa/DE5a_wr_slave_dco_simplewa.sta.rpt	175086	2026-08-14T18:34:44.729730+00:00	4e7ca3cab4d85bae0600da5b6f39e93a996b3b9fd1ee8063b12ecbf3e77ead0e	generated-artifact
week02/v01/dco_simplewa_nosfp_diag/output_files_slave_dco_simplewa/DE5a_wr_slave_dco_simplewa.sta.summary	17237	2026-08-14T18:34:44.040735+00:00	1a962679888e9e38583ab502a69e48d49e2c66265226b25970d7d9182e6fd5f2	generated-artifact
week02/v01/dco_simplewa_nosfp_diag/si5340a_controller_dco.v	7596	2026-08-14T18:07:19+00:00	ec4c639299beaa2eac765f8a1f7476adb7a3937247256927ec1ef9082e8890b1	project-source-or-doc
week02/v01/dco_simplewa_nosfp_diag/si5340a_i2c_reg_controller_dco.v	31079	2026-08-14T17:39:43.565093+00:00	a42138acbe6113e17148a79f422ca3bde13d85c298ab6872a89135d6b64ac671	project-source-or-doc
week02/v01/dco_simplewa_nosfp_loadprobe_diag/DE5a_wr_master_dco_simplewa.qpf	1327	2026-08-14T17:40:07.905949+00:00	2fe78709a6e3052e3e5eb2c17ae908249763f7f0f7d58965d453954c712d6bb1	project-source-or-doc
week02/v01/dco_simplewa_nosfp_loadprobe_diag/DE5a_wr_master_dco_simplewa.qsf	34578	2026-08-14T17:39:43.591093+00:00	95f527b00d4fc27c9e216855b5d04528f7f047dcfac8d773d6d046ab39a0bb45	project-source-or-doc
week02/v01/dco_simplewa_nosfp_loadprobe_diag/DE5a_wr_master_dco_simplewa.sdc	263	2026-08-14T17:39:43.575093+00:00	b6a17ee37da9242677c038f3e18ec4251c38727515002a1bf2a83f39ee88d9b8	project-source-or-doc
week02/v01/dco_simplewa_nosfp_loadprobe_diag/DE5a_wr_master_dco_simplewa.vhd	18634	2026-08-14T18:52:02.592632+00:00	bb4b4af3f9b8775c0e7884d7d66617a3598ad5064dfde22025e8f4be2f5e0ec4	project-source-or-doc
week02/v01/dco_simplewa_nosfp_loadprobe_diag/DE5a_wr_slave_dco_simplewa.qpf	1326	2026-08-14T17:43:23.519798+00:00	1ebed98043d0dc64068c17a814d19847f18a8486f8f271550c614782888e35c4	project-source-or-doc
week02/v01/dco_simplewa_nosfp_loadprobe_diag/DE5a_wr_slave_dco_simplewa.qsf	34573	2026-08-14T17:39:43.804091+00:00	499158e02a0c1cf7e29c99d0b0b355ed2e47750c3177ee652368b8024176ff45	project-source-or-doc
week02/v01/dco_simplewa_nosfp_loadprobe_diag/DE5a_wr_slave_dco_simplewa.sdc	263	2026-08-14T17:39:43.584093+00:00	b6a17ee37da9242677c038f3e18ec4251c38727515002a1bf2a83f39ee88d9b8	project-source-or-doc
week02/v01/dco_simplewa_nosfp_loadprobe_diag/DE5a_wr_slave_dco_simplewa.vhd	18629	2026-08-14T18:52:03.916624+00:00	d7bc343f74b3f42bde76668e0d5bd222254b25f92df630b24b25965da1750fea	project-source-or-doc
week02/v01/dco_simplewa_nosfp_loadprobe_diag/i2c_bus_controller_dco.v	15228	2026-08-14T17:39:43.560093+00:00	8ffa064d1ee5c13061d47ee7fa58c948cc497818d73f3f34fa8cbc90335e9127	project-source-or-doc
week02/v01/dco_simplewa_nosfp_loadprobe_diag/output_files_master_dco_simplewa/DE5a_wr_master_dco_simplewa.asm.rpt	4936	2026-08-14T18:55:10.881518+00:00	b5b0f75ae51488943cbb241284d496a94a8c5534a366e62103272f193d776a2b	generated-artifact
week02/v01/dco_simplewa_nosfp_loadprobe_diag/output_files_master_dco_simplewa/DE5a_wr_master_dco_simplewa.fit.rpt	1797546	2026-08-14T18:54:42.753685+00:00	f2d19c8aaf082bbe1eb164b53d2edaebf083b2af80493954267401ee3465bd98	generated-artifact
week02/v01/dco_simplewa_nosfp_loadprobe_diag/output_files_master_dco_simplewa/DE5a_wr_master_dco_simplewa.fit.summary	651	2026-08-14T18:54:42.114689+00:00	0d5d4258ac9b36231f9e5ff02e6fa2a85456eb29f7285020b91caa09eb773652	generated-artifact
week02/v01/dco_simplewa_nosfp_loadprobe_diag/output_files_master_dco_simplewa/DE5a_wr_master_dco_simplewa.flow.rpt	12121	2026-08-14T18:55:21.618455+00:00	a87953cb4ef9e4bfcfc2a0a828d4a00356ccbc5a372247579bd3af04a9369edb	generated-artifact
week02/v01/dco_simplewa_nosfp_loadprobe_diag/output_files_master_dco_simplewa/DE5a_wr_master_dco_simplewa.map.rpt	3312633	2026-08-14T18:52:51.163345+00:00	eb5fa4c44b57cd59ef9a7904b1c91bb7753130c989d6b83723513055356ce883	generated-artifact
week02/v01/dco_simplewa_nosfp_loadprobe_diag/output_files_master_dco_simplewa/DE5a_wr_master_dco_simplewa.map.summary	463	2026-08-14T18:52:51.079345+00:00	06df55e8a5621bc0262f9409230bf7e00e37f9624d70607a6202155733a16bd7	generated-artifact
week02/v01/dco_simplewa_nosfp_loadprobe_diag/output_files_master_dco_simplewa/DE5a_wr_master_dco_simplewa.sof	36763679	2026-08-14T18:55:11.262516+00:00	1fecaf2ec5305ec95244c9b72b34c7aa2184185af783723369384a7ca8bd83c7	generated-artifact
week02/v01/dco_simplewa_nosfp_loadprobe_diag/output_files_master_dco_simplewa/DE5a_wr_master_dco_simplewa.sta.rpt	175225	2026-08-14T18:55:21.616455+00:00	86e84c3f9eba489b821bc12ba8698eb7436ba825b78069abf8d74b675c81321c	generated-artifact
week02/v01/dco_simplewa_nosfp_loadprobe_diag/output_files_master_dco_simplewa/DE5a_wr_master_dco_simplewa.sta.summary	17234	2026-08-14T18:55:20.933459+00:00	149a3309ab2b78c41e2bdd2efa03ad71f0da2614c4596fc81d15879a761eb362	generated-artifact
week02/v01/dco_simplewa_nosfp_loadprobe_diag/output_files_slave_dco_simplewa/DE5a_wr_slave_dco_simplewa.asm.rpt	4910	2026-08-14T18:58:13.296439+00:00	f1d24899140c27778fd6f77d457d78527a7b48fdf90edc50d8ecdc6d3f4ad553	generated-artifact
week02/v01/dco_simplewa_nosfp_loadprobe_diag/output_files_slave_dco_simplewa/DE5a_wr_slave_dco_simplewa.fit.rpt	1772406	2026-08-14T18:57:44.930607+00:00	8c88dcb264736733dc4efcd9e3df4e62fd004d8a27fa5e6a98356f9cbbd15e24	generated-artifact
week02/v01/dco_simplewa_nosfp_loadprobe_diag/output_files_slave_dco_simplewa/DE5a_wr_slave_dco_simplewa.fit.summary	649	2026-08-14T18:57:44.274611+00:00	c3769fbe40b642577f47fd64c9700dd45d8e74f0f4906fd693da0e05732e9944	generated-artifact
week02/v01/dco_simplewa_nosfp_loadprobe_diag/output_files_slave_dco_simplewa/DE5a_wr_slave_dco_simplewa.flow.rpt	12075	2026-08-14T18:58:24.114375+00:00	1a3268306bd023743734e67e50a2d07886e92234c2b1526681b300ff9103c4be	generated-artifact
week02/v01/dco_simplewa_nosfp_loadprobe_diag/output_files_slave_dco_simplewa/DE5a_wr_slave_dco_simplewa.map.rpt	3311830	2026-08-14T18:55:53.396267+00:00	ff951782bd125295c01547701c7304e8bb9db5f3994e299f95fbbfe2a028c1bd	generated-artifact
week02/v01/dco_simplewa_nosfp_loadprobe_diag/output_files_slave_dco_simplewa/DE5a_wr_slave_dco_simplewa.map.summary	461	2026-08-14T18:55:53.313267+00:00	b628fec41be1c7bfb2fcac421826032e293d8534374ad4078d02df1d4eda8a06	generated-artifact
week02/v01/dco_simplewa_nosfp_loadprobe_diag/output_files_slave_dco_simplewa/DE5a_wr_slave_dco_simplewa.sof	36763674	2026-08-14T18:58:13.678437+00:00	ed1a5f0533d9c7758979e4384b61d0d30af24ee590b44c8cb379574d87f58fe9	generated-artifact
week02/v01/dco_simplewa_nosfp_loadprobe_diag/output_files_slave_dco_simplewa/DE5a_wr_slave_dco_simplewa.sta.rpt	175131	2026-08-14T18:58:24.113375+00:00	c00216a4fb9737d16cf25c99360bce6d9cf4685c0229032ef0801d75dd12b0c1	generated-artifact
week02/v01/dco_simplewa_nosfp_loadprobe_diag/output_files_slave_dco_simplewa/DE5a_wr_slave_dco_simplewa.sta.summary	17235	2026-08-14T18:58:23.422379+00:00	90c65d710463c3960afbfbe434a3216a6f78d51db25fb60664350b6cbed80a4d	generated-artifact
week02/v01/dco_simplewa_nosfp_loadprobe_diag/si5340a_controller_dco.v	7596	2026-08-14T18:07:19+00:00	ec4c639299beaa2eac765f8a1f7476adb7a3937247256927ec1ef9082e8890b1	project-source-or-doc
week02/v01/dco_simplewa_nosfp_loadprobe_diag/si5340a_i2c_reg_controller_dco.v	31079	2026-08-14T17:39:43.565093+00:00	a42138acbe6113e17148a79f422ca3bde13d85c298ab6872a89135d6b64ac671	project-source-or-doc
week02/v01/firmware/wrc_de5a_master.mif	831301	2026-08-14T06:29:11.284926+00:00	0d7e79f0a33d82b5afaf850e19c169bb88ea479a58029f9c19b60de561ccb5f2	artifact-or-log
week02/v01/firmware/wrc_de5a_master_nosfpmatch.mif	831301	2026-08-14T21:52:56.056771+00:00	a5352acaa69319276f0a2eb81f826b23ac639ed215650d3d7fb5e08013abcae9	artifact-or-log
week02/v01/firmware/wrc_de5a_slave.mif	831301	2026-08-14T10:00:24.628075+00:00	9a9c23628ef235c6cb24376c039120bf06b2dac5d213374fc591e6f5992d1c19	artifact-or-log
week02/v01/firmware/wrc_de5a_slave_nosfpmatch.mif	831301	2026-08-14T21:52:59.421751+00:00	96aa4868a6addcc6a09c31f78bc1e11812aee3a5d867e7575777b6ca0862b9fa	artifact-or-log
week02/v01/jtag_wb_diag/DE5a_wr_master_jtagwb.qpf	1321	2026-08-14T22:18:58.150565+00:00	00c6c8bf581e7b0ee7d4fbbb9bf9f6ba7f875de71602a540de0f8d4d1309400b	project-source-or-doc
week02/v01/jtag_wb_diag/DE5a_wr_master_jtagwb.qsf	34761	2026-08-14T22:18:55.396581+00:00	97e55930ed28721843af3c89151a5b5c1dd57ce55a8432d417f097dffe044d8f	project-source-or-doc
week02/v01/jtag_wb_diag/DE5a_wr_master_jtagwb.sdc	263	2026-08-14T22:19:00.845549+00:00	b6a17ee37da9242677c038f3e18ec4251c38727515002a1bf2a83f39ee88d9b8	project-source-or-doc
week02/v01/jtag_wb_diag/DE5a_wr_master_jtagwb.vhd	20491	2026-08-14T22:18:51.422604+00:00	3957d50724f2102feab816a11f4384c0b4549e782d36609c1aa9f49f8490c6e3	project-source-or-doc
week02/v01/jtag_wb_diag/DE5a_wr_master_rs422.qpf	1320	2026-08-14T21:39:14.939629+00:00	9f5673240b0996b3c1e27777f38941508a5a1d84d2dcd70824d1e02c2e99d1b4	project-source-or-doc
week02/v01/jtag_wb_diag/DE5a_wr_master_rs422.qsf	34697	2026-08-14T21:39:14.937629+00:00	12acdf9534b4d8db1e9ce6c64c3e776ed803af8a1468696d10ad6fba2fb11d51	project-source-or-doc
week02/v01/jtag_wb_diag/DE5a_wr_master_rs422.sdc	263	2026-08-14T21:31:54.556236+00:00	b6a17ee37da9242677c038f3e18ec4251c38727515002a1bf2a83f39ee88d9b8	project-source-or-doc
week02/v01/jtag_wb_diag/DE5a_wr_master_rs422.vhd	20015	2026-08-14T21:39:55.227391+00:00	2ecd0e2c517b1c7cb6d409fc29e3f30bba25d09bf796a3cb9a4e356fea0897c0	project-source-or-doc
week02/v01/jtag_wb_diag/DE5a_wr_slave_jtagwb.qpf	1320	2026-08-14T22:18:59.499557+00:00	a54206fd171eebd7fa5d244c4f9d421feeefb1787f4266bfdf28ebe9607b1119	project-source-or-doc
week02/v01/jtag_wb_diag/DE5a_wr_slave_jtagwb.qsf	34757	2026-08-14T22:18:56.817573+00:00	8b7fdf6bc53517b5e0ec8fd0bdeaa86a48e99bb590d9b49a771351bb0c42d497	project-source-or-doc
week02/v01/jtag_wb_diag/DE5a_wr_slave_jtagwb.sdc	263	2026-08-14T22:19:02.169541+00:00	b6a17ee37da9242677c038f3e18ec4251c38727515002a1bf2a83f39ee88d9b8	project-source-or-doc
week02/v01/jtag_wb_diag/DE5a_wr_slave_jtagwb.vhd	20485	2026-08-14T22:18:52.744597+00:00	94d2aa6a4176913c886838c2ca9f48b7880dc7512f389b6156fa5acb804d9237	project-source-or-doc
week02/v01/jtag_wb_diag/DE5a_wr_slave_rs422.qpf	1319	2026-08-14T21:39:14.985629+00:00	d58a74cfe347fc407ba4eabdd96888c5715775d398394243c9eb82a8a3b0d69b	project-source-or-doc
week02/v01/jtag_wb_diag/DE5a_wr_slave_rs422.qsf	34693	2026-08-14T21:39:14.983629+00:00	44edf14c3891d0cc549bd7e6e954712b0b75d190c58d1b553cdbd46b14ef9cbc	project-source-or-doc
week02/v01/jtag_wb_diag/DE5a_wr_slave_rs422.sdc	263	2026-08-14T21:31:54.570236+00:00	b6a17ee37da9242677c038f3e18ec4251c38727515002a1bf2a83f39ee88d9b8	project-source-or-doc
week02/v01/jtag_wb_diag/DE5a_wr_slave_rs422.vhd	20010	2026-08-14T21:39:55.245391+00:00	64f171d4c61911a3a67be15ca52e697690ce44704d329de598eb99f32cf6e7ec	project-source-or-doc
week02/v01/jtag_wb_diag/i2c_bus_controller_dco.v	15228	2026-08-14T21:40:26.363206+00:00	8ffa064d1ee5c13061d47ee7fa58c948cc497818d73f3f34fa8cbc90335e9127	project-source-or-doc
week02/v01/jtag_wb_diag/master_jtagwb_compile.log	402254	2026-08-14T22:22:34.270294+00:00	c5a182457af10a69a14476bd07f5089ce5f984662faa80368a48f47452560797	artifact-or-log
week02/v01/jtag_wb_diag/master_rs422_compile.log	399555	2026-08-14T21:44:58.748595+00:00	34b29b82227aa763751bb7200723d9caee82349d478ec757dd553de882576354	artifact-or-log
week02/v01/jtag_wb_diag/output_files_master_jtagwb/DE5a_wr_master_jtagwb.asm.rpt	4633	2026-08-14T22:22:22.568363+00:00	9882d192f90cb61dd05cc8bf49c43278d06e1fc2a9ee894ff924428d0585b157	generated-artifact
week02/v01/jtag_wb_diag/output_files_master_jtagwb/DE5a_wr_master_jtagwb.fit.rpt	1816346	2026-08-14T22:21:54.598528+00:00	30ec900e0c2921f197bb1016f8381566a5b32f18711ec4870fc7dd2f9fe142d9	generated-artifact
week02/v01/jtag_wb_diag/output_files_master_jtagwb/DE5a_wr_master_jtagwb.fit.summary	650	2026-08-14T22:21:53.977531+00:00	81daa0f41719b2c03652e8749fdfdd35a65f4fcdbf9d0911676f5ed5e931557d	generated-artifact
week02/v01/jtag_wb_diag/output_files_master_jtagwb/DE5a_wr_master_jtagwb.flow.rpt	11426	2026-08-14T22:22:33.545299+00:00	37cee09a6ce180943ad735571a107cd855bfefb2ecbdfb33b80d87ee3669aeb8	generated-artifact
week02/v01/jtag_wb_diag/output_files_master_jtagwb/DE5a_wr_master_jtagwb.map.rpt	3396090	2026-08-14T22:19:58.220212+00:00	e1e1ccb4cb702f4021d8bbbf36d9d23e34613db05e0fe207e158142ff12865dc	generated-artifact
week02/v01/jtag_wb_diag/output_files_master_jtagwb/DE5a_wr_master_jtagwb.map.summary	464	2026-08-14T22:19:58.134212+00:00	7d6cc1ef620f7ac65337ba179d33e6281a05991e8ce0316bed987727ad647f78	generated-artifact
week02/v01/jtag_wb_diag/output_files_master_jtagwb/DE5a_wr_master_jtagwb.sof	36765119	2026-08-14T22:22:22.942361+00:00	77e48fe0a23036faee0854e45ee8677c063a5d3eefc18f6f60572c05372df6e6	generated-artifact
week02/v01/jtag_wb_diag/output_files_master_jtagwb/DE5a_wr_master_jtagwb.sta.rpt	181754	2026-08-14T22:22:33.543299+00:00	3d278bf14fde17d2c7257fa193d0b03bc29af49243c708593fb7319cf612deb4	generated-artifact
week02/v01/jtag_wb_diag/output_files_master_jtagwb/DE5a_wr_master_jtagwb.sta.summary	17235	2026-08-14T22:22:32.795303+00:00	22161dfb1aa877f7d0c5d3fa51d04533d5cd6af4eaf2e4ae8bb78ec1fafad2a5	generated-artifact
week02/v01/jtag_wb_diag/output_files_slave_jtagwb/DE5a_wr_slave_jtagwb.asm.rpt	4607	2026-08-14T22:25:39.797206+00:00	e8deaba3aeec387e3773cae4ea7964f12ea83b1d7f5d5da8844bbce3f1c78040	generated-artifact
week02/v01/jtag_wb_diag/output_files_slave_jtagwb/DE5a_wr_slave_jtagwb.fit.rpt	1810139	2026-08-14T22:25:11.796371+00:00	ca104ddb3fa5cf6da2afa1c926abedd16e1cb548b0100e4a18ef5ab41378ffd5	generated-artifact
week02/v01/jtag_wb_diag/output_files_slave_jtagwb/DE5a_wr_slave_jtagwb.fit.summary	648	2026-08-14T22:25:11.190374+00:00	4fa415326031aa71a3eaf87cdaede40a113823ce33e4cedb250b7cd53cb07629	generated-artifact
week02/v01/jtag_wb_diag/output_files_slave_jtagwb/DE5a_wr_slave_jtagwb.flow.rpt	11408	2026-08-14T22:25:50.534143+00:00	5dc7173a3a04e1a1066ae133eafc9165feb8fbf70afe84dcde924740210b510f	generated-artifact
week02/v01/jtag_wb_diag/output_files_slave_jtagwb/DE5a_wr_slave_jtagwb.map.rpt	3395160	2026-08-14T22:23:17.046044+00:00	d9ef0e7e51e047ad4c0f9af5867a417f833ddb242ff7a396ffeed4b95456f059	generated-artifact
week02/v01/jtag_wb_diag/output_files_slave_jtagwb/DE5a_wr_slave_jtagwb.map.summary	462	2026-08-14T22:23:16.959044+00:00	056c93f794f2aa921409844dd39831e82e2ddfc28b27051ace6aa1ae2d7950fc	generated-artifact
week02/v01/jtag_wb_diag/output_files_slave_jtagwb/DE5a_wr_slave_jtagwb.sof	36765111	2026-08-14T22:25:39.705207+00:00	fc9ca70227e158363e5003486a9ca9eaad94e92072cb7437975d1c15eb0f6b42	generated-artifact
week02/v01/jtag_wb_diag/output_files_slave_jtagwb/DE5a_wr_slave_jtagwb.sta.rpt	181764	2026-08-14T22:25:50.532144+00:00	2286ebe75bc3250aeb2375f59a762338af1fb61c4049f9476f78b2e396bf8258	generated-artifact
week02/v01/jtag_wb_diag/output_files_slave_jtagwb/DE5a_wr_slave_jtagwb.sta.summary	17236	2026-08-14T22:25:49.782148+00:00	7d24abc918283354ceb0f61e027779b93db7afd477e131f3a2a2ef2c52736474	generated-artifact
week02/v01/jtag_wb_diag/read_wr_runtime_snapshot.tcl	2440	2026-08-14T22:55:16.003777+00:00	55d9a402270a3498932128c9098383059ed6cd5c767f46754fd92d70e76744f7	project-source-or-doc
week02/v01/jtag_wb_diag/read_wr_wb_diag.tcl	3133	2026-08-14T22:45:53.281084+00:00	f783a43d81068ea2c7d8da39e1da791b89b3b8c9489ea7b9b4d366a2acff893b	project-source-or-doc
week02/v01/jtag_wb_diag/si5340a_controller_dco.v	7596	2026-08-14T21:40:26.359206+00:00	ec4c639299beaa2eac765f8a1f7476adb7a3937247256927ec1ef9082e8890b1	project-source-or-doc
week02/v01/jtag_wb_diag/si5340a_i2c_reg_controller_dco.v	31079	2026-08-14T21:40:26.362206+00:00	a42138acbe6113e17148a79f422ca3bde13d85c298ab6872a89135d6b64ac671	project-source-or-doc
week02/v01/jtag_wb_diag/slave_jtagwb_compile.log	402172	2026-08-14T22:25:51.269139+00:00	b84197e4d49b7939d0476c965f6e6e32e90dc7f5a138c4a74dd82f782031ef1f	artifact-or-log
week02/v01/jtag_wb_diag/slave_rs422_compile.log	399474	2026-08-14T21:48:18.163415+00:00	6c749d69ad66b649e760110a2d69267902ac4071461621b43e40fedc704e0d38	artifact-or-log
week02/v01/jtag_wb_diag/wr_jtag_wb_mailbox.vhd	5134	2026-08-14T22:18:54.075589+00:00	a884ff11045626826fe182fe54b51f78f91749346e8cb2b940d4d53049a3c13c	project-source-or-doc
week02/v01/nosfpmatch_rs422_diag/DE5a_wr_master_nosfpmatch.qpf	1325	2026-08-14T21:53:30.943565+00:00	ce800e4eb0c0cdd846e506df18894f9dd0f50b94e0be655500100e49ceb5dc7d	project-source-or-doc
week02/v01/nosfpmatch_rs422_diag/DE5a_wr_master_nosfpmatch.qsf	34717	2026-08-14T21:53:30.940565+00:00	a383e0a4f1ba92e743b9f7c8eec444518e59f3942edc9cc164bbdeb3a39910b4	project-source-or-doc
week02/v01/nosfpmatch_rs422_diag/DE5a_wr_master_nosfpmatch.sdc	263	2026-08-14T21:53:30.869565+00:00	b6a17ee37da9242677c038f3e18ec4251c38727515002a1bf2a83f39ee88d9b8	project-source-or-doc
week02/v01/nosfpmatch_rs422_diag/DE5a_wr_master_nosfpmatch.vhd	20041	2026-08-14T21:53:30.907565+00:00	b9118c3e2d6ad4065a4d76edf1807ab19bc2a381f05fabad655dd222213acb89	project-source-or-doc
week02/v01/nosfpmatch_rs422_diag/DE5a_wr_slave_nosfpmatch.qpf	1324	2026-08-14T21:53:30.957565+00:00	ece2de1c29ec1d5841e586cae6cb00bab7229c6658ee730e2096c9aca4ec5448	project-source-or-doc
week02/v01/nosfpmatch_rs422_diag/DE5a_wr_slave_nosfpmatch.qsf	34713	2026-08-14T21:53:30.954565+00:00	e8abc11e4dc29bb7c38fe8e0a76afb67884493ff03dca12aac5cad80de4f454a	project-source-or-doc
week02/v01/nosfpmatch_rs422_diag/DE5a_wr_slave_nosfpmatch.sdc	263	2026-08-14T21:53:30.877565+00:00	b6a17ee37da9242677c038f3e18ec4251c38727515002a1bf2a83f39ee88d9b8	project-source-or-doc
week02/v01/nosfpmatch_rs422_diag/DE5a_wr_slave_nosfpmatch.vhd	20036	2026-08-14T21:53:30.949565+00:00	c98bdd312c92ad309a990e8f2b3f76ebe7e7e596014cdcdd62b11a8a730594f5	project-source-or-doc
week02/v01/nosfpmatch_rs422_diag/i2c_bus_controller_dco.v	15228	2026-08-14T21:53:30.879565+00:00	8ffa064d1ee5c13061d47ee7fa58c948cc497818d73f3f34fa8cbc90335e9127	project-source-or-doc
week02/v01/nosfpmatch_rs422_diag/master_nosfpmatch_compile.log	400507	2026-08-14T21:58:14.441888+00:00	6d261cc950a95d6972f6923c31e4700941dd170509a677228bdd97651fe1405e	artifact-or-log
week02/v01/nosfpmatch_rs422_diag/output_files_master_nosfpmatch/DE5a_wr_master_nosfpmatch.asm.rpt	4800	2026-08-14T21:58:02.526958+00:00	d1d63f63b5869343dcaf7c7c68d8e9cd31ca49c25f6f20184ec3bf2d14659cfb	generated-artifact
week02/v01/nosfpmatch_rs422_diag/output_files_master_nosfpmatch/DE5a_wr_master_nosfpmatch.fit.rpt	1806610	2026-08-14T21:57:34.333125+00:00	164f6c6b0deaad4c73aaadaccb1666757f5e4a30e5c62556edf090d5d7c83a26	generated-artifact
week02/v01/nosfpmatch_rs422_diag/output_files_master_nosfpmatch/DE5a_wr_master_nosfpmatch.fit.summary	660	2026-08-14T21:57:33.692129+00:00	c916ad5b2800d570ff211cbb7f2c319caea112fdde4e756f468f105b80c551d5	generated-artifact
week02/v01/nosfpmatch_rs422_diag/output_files_master_nosfpmatch/DE5a_wr_master_nosfpmatch.flow.rpt	11498	2026-08-14T21:58:13.705893+00:00	58eee7b6dbcb5f75a71afe9f01cabc89dc159ea6059d05309c992cac6709cb11	generated-artifact
week02/v01/nosfpmatch_rs422_diag/output_files_master_nosfpmatch/DE5a_wr_master_nosfpmatch.map.rpt	3365330	2026-08-14T21:54:16.336296+00:00	0265b0d826d32500f3bc7cc9a9e60448d57ab1370723a9aa64144a905d66a6b9	generated-artifact
week02/v01/nosfpmatch_rs422_diag/output_files_master_nosfpmatch/DE5a_wr_master_nosfpmatch.map.summary	472	2026-08-14T21:54:16.231297+00:00	a8a1962b588064850dd4e59f45cd62aac4bf46836afb9793ac63296300312426	generated-artifact
week02/v01/nosfpmatch_rs422_diag/output_files_master_nosfpmatch/DE5a_wr_master_nosfpmatch.sof	36763676	2026-08-14T21:58:02.903956+00:00	fb726832f60d41181c36486c81c0394e9ce4be78251e42bb6a7fc6ee035c4bc3	generated-artifact
week02/v01/nosfpmatch_rs422_diag/output_files_master_nosfpmatch/DE5a_wr_master_nosfpmatch.sta.rpt	181162	2026-08-14T21:58:13.703892+00:00	fa82fb536c15c02988e56635615e427a1adc947a6e32711bebe5832fadcfb257	generated-artifact
week02/v01/nosfpmatch_rs422_diag/output_files_master_nosfpmatch/DE5a_wr_master_nosfpmatch.sta.summary	17237	2026-08-14T21:58:13.005897+00:00	1943eb3ae399e953ddddf6de8024b9ac0d6aa65fb25437d5014621136a65c91f	generated-artifact
week02/v01/nosfpmatch_rs422_diag/output_files_slave_nosfpmatch/DE5a_wr_slave_nosfpmatch.asm.rpt	4774	2026-08-14T22:01:20.303789+00:00	d013a872b2fafc709292049297b7117c91cb1b1850de917217bc63e614e2b620	generated-artifact
week02/v01/nosfpmatch_rs422_diag/output_files_slave_nosfpmatch/DE5a_wr_slave_nosfpmatch.fit.rpt	1816172	2026-08-14T22:00:51.441960+00:00	c5752f3835540c59de54e2d3e3fa6b2e95032615a6e974a464bf56acae4cb213	generated-artifact
week02/v01/nosfpmatch_rs422_diag/output_files_slave_nosfpmatch/DE5a_wr_slave_nosfpmatch.fit.summary	658	2026-08-14T22:00:50.826963+00:00	9e27fa8ddd2f2aa08ddcbe5bda2a121f2a101927394a6649f96d5368cf4eb6ed	generated-artifact
week02/v01/nosfpmatch_rs422_diag/output_files_slave_nosfpmatch/DE5a_wr_slave_nosfpmatch.flow.rpt	11480	2026-08-14T22:01:30.809727+00:00	3764e3dd0fed4007156600b19951f691df1ff7fa438d59515afb6fb3995271c2	generated-artifact
week02/v01/nosfpmatch_rs422_diag/output_files_slave_nosfpmatch/DE5a_wr_slave_nosfpmatch.map.rpt	3364409	2026-08-14T21:58:57.008636+00:00	4539110d09b56daf3e2ef8338d81baed590df61ade59e317beb55659665dec1d	generated-artifact
week02/v01/nosfpmatch_rs422_diag/output_files_slave_nosfpmatch/DE5a_wr_slave_nosfpmatch.map.summary	470	2026-08-14T21:58:56.920637+00:00	2f7175794fc7af923b7ed56865a7a92c1b17f3c51af5f1716ce3bc7d5b0771bd	generated-artifact
week02/v01/nosfpmatch_rs422_diag/output_files_slave_nosfpmatch/DE5a_wr_slave_nosfpmatch.sof	36763668	2026-08-14T22:01:19.739792+00:00	c9d78c62b4174990e3812f4352983872c34b2691e47ba1a6883150752e9973fe	generated-artifact
week02/v01/nosfpmatch_rs422_diag/output_files_slave_nosfpmatch/DE5a_wr_slave_nosfpmatch.sta.rpt	181338	2026-08-14T22:01:30.806727+00:00	d7e09f7eea7789b4f7cfae9e8a6678ae6125a7401a245258ed29d20df7310c8d	generated-artifact
week02/v01/nosfpmatch_rs422_diag/output_files_slave_nosfpmatch/DE5a_wr_slave_nosfpmatch.sta.summary	17235	2026-08-14T22:01:30.102731+00:00	40707eac0e0337dbd526c833cce1670564be3fbadcd58fad5f9fa720d28ddd78	generated-artifact
week02/v01/nosfpmatch_rs422_diag/si5340a_controller_dco.v	7596	2026-08-14T21:53:30.881565+00:00	ec4c639299beaa2eac765f8a1f7476adb7a3937247256927ec1ef9082e8890b1	project-source-or-doc
week02/v01/nosfpmatch_rs422_diag/si5340a_i2c_reg_controller_dco.v	31079	2026-08-14T21:53:30.883565+00:00	a42138acbe6113e17148a79f422ca3bde13d85c298ab6872a89135d6b64ac671	project-source-or-doc
week02/v01/nosfpmatch_rs422_diag/slave_nosfpmatch_compile.log	400426	2026-08-14T22:01:31.555722+00:00	0745e9710cb74986378c0762eedc244dded17c6a8611effdd972541de0eb1abb	artifact-or-log
week02/v01/output_files/DE5a_wr.asm.rpt	4178	2026-08-14T00:55:08.058288+00:00	57bf16cf6864c2eded884f9f0fb1633ae3bf5b0efea0c58e0344108d931a53a1	generated-artifact
week02/v01/output_files/DE5a_wr.fit.rpt	836123	2026-08-14T00:54:39.028457+00:00	8ba78eb354ba2e2ea7cd5e283fba2d58a5f51aecf089545160713ab3907a6bd5	generated-artifact
week02/v01/output_files/DE5a_wr.fit.summary	608	2026-08-14T00:54:38.629459+00:00	f5e7b4cd78b182193f103fac403a36c4069207584e2e0378c8965695be5a45ca	generated-artifact
week02/v01/output_files/DE5a_wr.flow.rpt	9986	2026-08-14T00:55:16.974236+00:00	e3b57e5e7e89687ffe9161c4780a6947225a5948a1659af44732630e73d35503	generated-artifact
week02/v01/output_files/DE5a_wr.map.rpt	1077308	2026-08-14T00:53:19.129921+00:00	582cf900c5c6650bf718910d36d12fc14ee5c6e045cd0834e8d5657a626902ac	generated-artifact
week02/v01/output_files/DE5a_wr.map.summary	426	2026-08-14T00:53:19.103921+00:00	52c3265c4696222e97a9539318e5831931cd7071633c5a7f3afde39f513f19bf	generated-artifact
week02/v01/output_files/DE5a_wr.sof	36757276	2026-08-14T00:55:08.430286+00:00	b5f6b98053fee7c3c0ce67184131ede77bbc1dbc561a0d424a7d271a580b9e5c	generated-artifact
week02/v01/output_files/DE5a_wr.sta.rpt	108970	2026-08-14T00:55:16.972236+00:00	d971d0785535aac22873c9127cf2dbbaa208e445096d46173697fbf89e3954c7	generated-artifact
week02/v01/output_files/DE5a_wr.sta.summary	6777	2026-08-14T00:55:16.921237+00:00	f31ca5b20c240e8d0c4825be42e43961683b8735e4559d90bd4aebc019323731	generated-artifact
week02/v01/output_files_full/DE5a_wr_full.asm.rpt	4308	2026-08-14T01:00:54.461256+00:00	f992270b9fdc09a570086c76a33759a1c86a661b798c80c552e4f3a2dd2f7e2d	generated-artifact
week02/v01/output_files_full/DE5a_wr_full.fit.rpt	1013787	2026-08-14T01:00:27.097417+00:00	9621cef81aa0f73c2805d1789a1a5c4b0535bebf419fb1df2b24492b2ff10127	generated-artifact
week02/v01/output_files_full/DE5a_wr_full.fit.summary	619	2026-08-14T01:00:26.804419+00:00	dc81940e4a169a64f0d9da2b210477a091ab9f004958a85a3457a183bb6c61de	generated-artifact
week02/v01/output_files_full/DE5a_wr_full.flow.rpt	11246	2026-08-14T01:01:02.492209+00:00	47e95c563544d528bb72a5f10562f30e6d5530a31f836a8326220d3417e597a0	generated-artifact
week02/v01/output_files_full/DE5a_wr_full.map.rpt	1535036	2026-08-14T00:59:14.771841+00:00	1a54787d1e66b26ff9699f8d01fd18f484749fa803d866148c4970538383e645	generated-artifact
week02/v01/output_files_full/DE5a_wr_full.map.summary	437	2026-08-14T00:59:14.743841+00:00	07d3312a51e3ef70c47867617be490c8b789d3013012edc267745c8ff8faa2e0	generated-artifact
week02/v01/output_files_full/DE5a_wr_full.sof	36759787	2026-08-14T01:00:54.588255+00:00	b835fd731da658378971299bc10f632ddf51f18340170a8963c774926b757a37	generated-artifact
week02/v01/output_files_full/DE5a_wr_full.sta.rpt	142253	2026-08-14T01:01:02.490209+00:00	c91a7ee502b70d6be8b388ec784d3cb5e7e7c30732cab1c34765f68a2510cd25	generated-artifact
week02/v01/output_files_full/DE5a_wr_full.sta.summary	11865	2026-08-14T01:01:02.430209+00:00	b89dcdb52091c4e4ee2b512241d9db127f92ef29ccbe53be715c2f56d6016ca8	generated-artifact
week02/v01/output_files_master/DE5a_wr_master.asm.rpt	4360	2026-08-14T15:21:21.915039+00:00	71680b01d4134c94dcb91ab5718bfd6a0921610abe2d610d17e964dc444781df	generated-artifact
week02/v01/output_files_master/DE5a_wr_master.fit.rpt	1787670	2026-08-14T15:20:52.702210+00:00	524443bec0a1f6681434d5531128b4a94ab72558af5ca322317b38bdbb359fd7	generated-artifact
week02/v01/output_files_master/DE5a_wr_master.fit.summary	638	2026-08-14T15:20:52.063214+00:00	5a0bd8e390eb6c2504de998e05e1075d9c5ad72ea719ef434029701a38f9a4c8	generated-artifact
week02/v01/output_files_master/DE5a_wr_master.flow.rpt	11264	2026-08-14T15:21:32.945974+00:00	728816a8d2a3e85e5c46d09d0c4f8c43a77b2a64f8657bdebf35e838416640e4	generated-artifact
week02/v01/output_files_master/DE5a_wr_master.map.rpt	3289934	2026-08-14T15:18:16.729126+00:00	e8c9732afa5e2c3c8a06f5dd5b2a96c625b561483cedcfdbf5aca59d7c0648d9	generated-artifact
week02/v01/output_files_master/DE5a_wr_master.map.summary	450	2026-08-14T15:18:16.618127+00:00	ce63ae807838388cd3b7c3d32165eab9801ba0a2612ad421a1db1f6052e18d59	generated-artifact
week02/v01/output_files_master/DE5a_wr_master.sof	36763190	2026-08-14T15:21:22.295037+00:00	f661fd07d79ec287d47a409890c8a9ce2c8a7497a59c88d83f908ec4057ae6cf	generated-artifact
week02/v01/output_files_master/DE5a_wr_master.sta.rpt	175180	2026-08-14T15:21:32.943974+00:00	ad9ea76f2189929ff2e94ff9b9cfafd6fca152c4dc1152f227ad9085ca3eb932	generated-artifact
week02/v01/output_files_master/DE5a_wr_master.sta.summary	17249	2026-08-14T15:21:32.280978+00:00	861fb1c47a8cd5799ffcb564057a3b6a59e1b2d381d5f0f2079adc0e8296f9f9	generated-artifact
week02/v01/output_files_master/DE5a_wr_master_before_nosfpmatch.sof	36763190	2026-08-14T12:43:12.256301+00:00	d8143100c4ad80f4324edb8f7583f0dbc939b0d94bb1c78d498b5352c264b4cb	generated-artifact
week02/v01/output_files_master/DE5a_wr_master_before_preemph18.sof	36763104	2026-08-14T11:57:42.287286+00:00	8e3c6d9a864c9f4037b12bd9165c600d0f45cc78f49c60e5049da4e6e56ec36f	generated-artifact
week02/v01/output_files_master/DE5a_wr_master_before_probe32.sof	36762983	2026-08-14T11:45:50.139456+00:00	007d4624428a3e5734b9b30900c6374eb7f40b26142f193e7e7fef4c568d219c	generated-artifact
week02/v01/output_files_master/DE5a_wr_master_before_role_swap.sof	36763104	2026-08-14T11:55:15.724145+00:00	8e3c6d9a864c9f4037b12bd9165c600d0f45cc78f49c60e5049da4e6e56ec36f	generated-artifact
week02/v01/output_files_master/DE5a_wr_master_before_rxstatus_diag.sof	36763105	2026-08-14T12:21:24.863948+00:00	a1da5a45f954862660ebbc7be0a148c4e9245a5f773dbb84eb1b9fd192ef3182	generated-artifact
week02/v01/output_files_master/DE5a_wr_master_before_rxterm.sof	36762983	2026-08-14T11:34:51.589301+00:00	99926d91e085d6c8f9c334a00349a9a9c336979d0e97d41600eef4bc46349241	generated-artifact
week02/v01/output_files_master_lane1/DE5a_wr_master_lane1.asm.rpt	4516	2026-08-14T14:02:00.990847+00:00	e0b16d27b69d22e42439829eb6ebd15b3ba13543eade4beebf724c3bc509b73b	generated-artifact
week02/v01/output_files_master_lane1/DE5a_wr_master_lane1.fit.rpt	1815950	2026-08-14T14:01:31.289020+00:00	6d8f8c4ce60ce985754bac65e4aa1c610a5a94244071ad0413b551f3af60b7c7	generated-artifact
week02/v01/output_files_master_lane1/DE5a_wr_master_lane1.fit.summary	644	2026-08-14T14:01:30.623024+00:00	3bfc2a245df2749055cad2db30a0fe7d103c25e889113f9198cdbda99002c65f	generated-artifact
week02/v01/output_files_master_lane1/DE5a_wr_master_lane1.flow.rpt	11715	2026-08-14T14:02:12.094783+00:00	4799cf96353437f6d67a63720f360f74a2641da6373c89a62125d40d75a38476	generated-artifact
week02/v01/output_files_master_lane1/DE5a_wr_master_lane1.map.rpt	3324443	2026-08-14T13:59:30.955718+00:00	ab6fb11398f9a73a0a5d90d8a87f1d7f2c9a1da81d5bc7be1f4cb4625f26a9f0	generated-artifact
week02/v01/output_files_master_lane1/DE5a_wr_master_lane1.map.summary	456	2026-08-14T13:59:30.885719+00:00	c10c118a052b93202180a72b45a34eeef9b8869aa1cd4c62e8d071e3a39f4fc9	generated-artifact
week02/v01/output_files_master_lane1/DE5a_wr_master_lane1.sof	36763218	2026-08-14T14:02:01.368845+00:00	f7ee64481901efd05b215fa631f2f14e316590d65773fb2b35be5bf854f8d6b5	generated-artifact
week02/v01/output_files_master_lane1/DE5a_wr_master_lane1.sta.rpt	175159	2026-08-14T14:02:12.092783+00:00	c8932fcd35228af3279bd01303826c4a7ef01f40be24f97d5f7ccd66cc1a0463	generated-artifact
week02/v01/output_files_master_lane1/DE5a_wr_master_lane1.sta.summary	17239	2026-08-14T14:02:11.403787+00:00	3bda7cf1a6e29921ba867c02915b58b0ad3e39da6938d1795ea97af8fac3596c	generated-artifact
week02/v01/output_files_master_portb/DE5a_wr_master_portb.asm.rpt	4516	2026-08-14T13:22:39.273574+00:00	6be1e4a83add3440d49fabf999dd01fe785e84de7fa550b713a3e250b7c2edce	generated-artifact
week02/v01/output_files_master_portb/DE5a_wr_master_portb.fit.rpt	1805655	2026-08-14T13:22:09.515747+00:00	9369a5c5033d53900302bcdcf02db57ef9a7383193e28827c418d05f086231f5	generated-artifact
week02/v01/output_files_master_portb/DE5a_wr_master_portb.fit.summary	650	2026-08-14T13:22:08.894751+00:00	f44d9e099f8119439f0106936bfa8bbc73146752219713c8770ea7b4aa84cd20	generated-artifact
week02/v01/output_files_master_portb/DE5a_wr_master_portb.flow.rpt	11327	2026-08-14T13:22:50.661508+00:00	f208336994de965b4f00d08df1934a00e77ba0574d49b5a3e7c0a7cbc2f16210	generated-artifact
week02/v01/output_files_master_portb/DE5a_wr_master_portb.map.rpt	3296827	2026-08-14T13:20:12.524429+00:00	476436a6b9f54d87d6de2dea54b34da354280a0503a8a1859e7088777d4b1c9e	generated-artifact
week02/v01/output_files_master_portb/DE5a_wr_master_portb.map.summary	462	2026-08-14T13:20:12.442429+00:00	29f5f59a4881398abb0c823407624936a495a9d7980e0f3b2d44edf9f9e1f9f9	generated-artifact
week02/v01/output_files_master_portb/DE5a_wr_master_portb.sof	36763218	2026-08-14T13:22:39.653572+00:00	235d1ed5bb32dca2130821386d93198f6ddb9a7a0fdf1e7ea45e7cb6b152bf79	generated-artifact
week02/v01/output_files_master_portb/DE5a_wr_master_portb.sta.rpt	184338	2026-08-14T13:22:50.659508+00:00	e5fb46bb620ae930ac6b635e7001c129cb22ef9bfe3ae3a680ce4df32f900d88	generated-artifact
week02/v01/output_files_master_portb/DE5a_wr_master_portb.sta.summary	17240	2026-08-14T13:22:49.977512+00:00	efeb92d76809797a1c1b63d0f62ca81206cebf3ffc05d43f171c7b50a25cfd90	generated-artifact
week02/v01/output_files_master_portc/DE5a_wr_master_portc.asm.rpt	4516	2026-08-14T14:45:09.268805+00:00	bf05718a67e1e8a98830057d48568c9305cdc8ddcc4160d0bd0b33e0fe31d266	generated-artifact
week02/v01/output_files_master_portc/DE5a_wr_master_portc.fit.rpt	1798880	2026-08-14T14:44:41.145969+00:00	d673cc9c48f366c072460770baf2d0659f798158a5d0ebec7fb0c3af09f586c1	generated-artifact
week02/v01/output_files_master_portc/DE5a_wr_master_portc.fit.summary	650	2026-08-14T14:44:40.501972+00:00	e892c5f27a4e52e7c619fab96a9499ee1fe73965b4277f5ac5d696b8c89ed148	generated-artifact
week02/v01/output_files_master_portc/DE5a_wr_master_portc.flow.rpt	11327	2026-08-14T14:45:20.368741+00:00	cfacbf9571aeb7281c8809739d870a97c175166859fcc226dcc3b957128caf70	generated-artifact
week02/v01/output_files_master_portc/DE5a_wr_master_portc.map.rpt	3296827	2026-08-14T14:42:48.949621+00:00	39fd5c94c9ce47ff2281627c31856c4957468d9a1fac58e59ffc015859632a9e	generated-artifact
week02/v01/output_files_master_portc/DE5a_wr_master_portc.map.summary	462	2026-08-14T14:42:48.864621+00:00	fdba09004b6a818c174c854e56d3e17c844dfb5f406f61dc86e9acd4587041e8	generated-artifact
week02/v01/output_files_master_portc/DE5a_wr_master_portc.sof	36763217	2026-08-14T14:45:09.643803+00:00	d44057a79f3cd58cb383b4f26226cf5f7c00b1b759fcfb02ca0e0e652008fa72	generated-artifact
week02/v01/output_files_master_portc/DE5a_wr_master_portc.sta.rpt	184397	2026-08-14T14:45:20.366741+00:00	9ddfcde03cee8e05d7536545e66d228e10c845f8870fe5177a5fefa9bdc86dc1	generated-artifact
week02/v01/output_files_master_portc/DE5a_wr_master_portc.sta.summary	17245	2026-08-14T14:45:19.690745+00:00	4d865e1c1d98fe1e3c698706d6c10038b106b8f734c2fc2e60b2fb8ea84afe91	generated-artifact
week02/v01/output_files_slave/DE5a_wr_slave.asm.rpt	4334	2026-08-14T15:24:00.337109+00:00	7cc701654be71858f3ec0c2f38bd207e5180ad6c94e172d500a4b84c9c7afb12	generated-artifact
week02/v01/output_files_slave/DE5a_wr_slave.fit.rpt	1769826	2026-08-14T15:23:31.848276+00:00	fc6c36806b2acf130ba1e9fc464c06590c0a145abf00381ee0e03bcc9fa2a902	generated-artifact
week02/v01/output_files_slave/DE5a_wr_slave.fit.summary	636	2026-08-14T15:23:31.167280+00:00	8fada637ac3ca50140a8dfeacddf04c1c588be47f7ce31141f838505cebdabdd	generated-artifact
week02/v01/output_files_slave/DE5a_wr_slave.flow.rpt	11255	2026-08-14T15:24:12.225039+00:00	7f4c39c7fad1ec77697f106d977251d1c69d9cdbfae52e5f9c60b186a9a5368c	generated-artifact
week02/v01/output_files_slave/DE5a_wr_slave.map.rpt	3289225	2026-08-14T15:18:16.757126+00:00	f42cb0b505f89cca6e965cad00688b9a9672b7d059ba51bcedac9e805e236e55	generated-artifact
week02/v01/output_files_slave/DE5a_wr_slave.map.summary	448	2026-08-14T15:18:16.617127+00:00	bfebc618550a701bbbf9e51980526019fd4fc5cf9c669e7e4ff1ed1af1ba2b04	generated-artifact
week02/v01/output_files_slave/DE5a_wr_slave.sof	36763185	2026-08-14T15:24:00.719107+00:00	e3e48c3bfc621639b10451fdddd51372ba4735f424e3be7bec5d6eac1e71bd1f	generated-artifact
week02/v01/output_files_slave/DE5a_wr_slave.sta.rpt	175111	2026-08-14T15:24:12.223039+00:00	5a403321956beba76da49f88af49ac6eaac2cede43e24c274cb057cb2b8f2e75	generated-artifact
week02/v01/output_files_slave/DE5a_wr_slave.sta.summary	17244	2026-08-14T15:24:11.491044+00:00	4f8e5ae20b952a93855a14cdcf6f20572597608cef77e26d48d3e87507a8e08e	generated-artifact
week02/v01/output_files_slave/DE5a_wr_slave_before_nosfpmatch.sof	36763185	2026-08-14T12:43:12.595299+00:00	5135c5453f41d100d226022ddd4a27cba953d7591707891c0e1385269adffb62	generated-artifact
week02/v01/output_files_slave/DE5a_wr_slave_before_preemph18.sof	36763097	2026-08-14T11:57:42.632284+00:00	43ce79804bf64d73c2e4b8d16c60e1024c91aa2d71f5536f44f97aaf32939a86	generated-artifact
week02/v01/output_files_slave/DE5a_wr_slave_before_probe32.sof	36762980	2026-08-14T11:45:50.491454+00:00	60709b4a1fe688787162534c26f51cb3f40eff47114399e299a2c7e61ed0bc88	generated-artifact
week02/v01/output_files_slave/DE5a_wr_slave_before_role_swap.sof	36763097	2026-08-14T11:55:16.071143+00:00	43ce79804bf64d73c2e4b8d16c60e1024c91aa2d71f5536f44f97aaf32939a86	generated-artifact
week02/v01/output_files_slave/DE5a_wr_slave_before_rxstatus_diag.sof	36763097	2026-08-14T12:21:24.828948+00:00	b061c2bfe6dfd1a953df14c51a24cd6e486e82ba270792eb0e21369e5a779e70	generated-artifact
week02/v01/output_files_slave/DE5a_wr_slave_before_rxterm.sof	36762980	2026-08-14T11:34:52.369296+00:00	ff580b51d364c6c86de9c59c76a507d7b907ab8d085fa3e19a6bf3c608cdf6ba	generated-artifact
week02/v01/output_files_slave_lane1/DE5a_wr_slave_lane1.asm.rpt	4490	2026-08-14T14:05:11.689740+00:00	cffb15f57bf3761cca468f2b701a937def14f5dbcc4866e75d3bd021e9d5e575	generated-artifact
week02/v01/output_files_slave_lane1/DE5a_wr_slave_lane1.fit.rpt	1782462	2026-08-14T14:04:42.911907+00:00	4af70df2244be896f40004b320e4c64911a8f2e8607d49b1d8fc1cf35f88605a	generated-artifact
week02/v01/output_files_slave_lane1/DE5a_wr_slave_lane1.fit.summary	642	2026-08-14T14:04:42.242911+00:00	eb4442461667cc904a2a13714a6ea369fd0d9b321c7cfb5d35b6b41dc451bea2	generated-artifact
week02/v01/output_files_slave_lane1/DE5a_wr_slave_lane1.flow.rpt	11669	2026-08-14T14:05:22.643677+00:00	42793b0deae628d419f03eb8f75bb9c4b56b574b8bca0c66907e95af832a86e3	generated-artifact
week02/v01/output_files_slave_lane1/DE5a_wr_slave_lane1.map.rpt	3323641	2026-08-14T14:02:48.899569+00:00	ad3916c07169f00fb3297a499956e6899aea8c53fc33dfb3e8935bc9a710fc5b	generated-artifact
week02/v01/output_files_slave_lane1/DE5a_wr_slave_lane1.map.summary	454	2026-08-14T14:02:48.812570+00:00	2eb6f2f7093cec857adcfa43db8b345ec267fb94e85723beb569ad64a4dfc9ef	generated-artifact
week02/v01/output_files_slave_lane1/DE5a_wr_slave_lane1.sof	36763213	2026-08-14T14:05:12.092738+00:00	31813fd24d7490fad5316e75090e42a5ef4ebaa785083acfca271472966abf40	generated-artifact
week02/v01/output_files_slave_lane1/DE5a_wr_slave_lane1.sta.rpt	175224	2026-08-14T14:05:22.640676+00:00	03c646c25d8effbd465c94e34536c816d62e2e7c5bf0efc4466178e55e1d3136	generated-artifact
week02/v01/output_files_slave_lane1/DE5a_wr_slave_lane1.sta.summary	17240	2026-08-14T14:05:21.961680+00:00	1927d2459634ed95440df691a3029c7dc765b2381c1cd090910e9f2569ad3dfe	generated-artifact
week02/v01/output_files_slave_loopback/DE5a_wr_slave_loopback.asm.rpt	4568	2026-08-14T13:43:05.388442+00:00	8b42bd855201acacb449035ce300b90c6beb60ee743670085a6fdbcb4387c516	generated-artifact
week02/v01/output_files_slave_loopback/DE5a_wr_slave_loopback.fit.rpt	1758318	2026-08-14T13:42:35.176617+00:00	b45c42228baaae6544af235eb739705c1e77cbee8eb0eda92a41209e68a5c738	generated-artifact
week02/v01/output_files_slave_loopback/DE5a_wr_slave_loopback.fit.summary	654	2026-08-14T13:42:34.503621+00:00	beb461467b738dada05f3afcce2977af97cbcdb376a93b53605697147db77678	generated-artifact
week02/v01/output_files_slave_loopback/DE5a_wr_slave_loopback.flow.rpt	11363	2026-08-14T13:43:16.363378+00:00	04fab15ab38b850709069fc6b189c54027877a77342ca611fed801efa51ba61b	generated-artifact
week02/v01/output_files_slave_loopback/DE5a_wr_slave_loopback.map.rpt	3330382	2026-08-14T13:38:52.824909+00:00	b28d14acc3b8a950b93b4e59719727da63db5ba9428eca1dbf4be8dd9d293fdf	generated-artifact
week02/v01/output_files_slave_loopback/DE5a_wr_slave_loopback.map.summary	466	2026-08-14T13:38:52.746909+00:00	df67b023d72742391e0c1a6a409668dd562c2a690d4c113304b06598d18f43a5	generated-artifact
week02/v01/output_files_slave_loopback/DE5a_wr_slave_loopback.sof	36763227	2026-08-14T13:43:05.456441+00:00	25871e1e5e68a8c2dfa223d67ea474e97694bcfb4f35d81c5a18460b72903dfc	generated-artifact
week02/v01/output_files_slave_loopback/DE5a_wr_slave_loopback.sta.rpt	174942	2026-08-14T13:43:16.361378+00:00	cfa3ebfbb041541de2e655296563dfe5f74e24947181818473207b9626c54698	generated-artifact
week02/v01/output_files_slave_loopback/DE5a_wr_slave_loopback.sta.summary	17244	2026-08-14T13:43:15.683382+00:00	1f9cf51050e45b45ad8bbdbe3844e8ce20eb90f68c36603a71ffc9c23da5b561	generated-artifact
week02/v01/output_files_slave_portb/DE5a_wr_slave_portb.asm.rpt	4490	2026-08-14T13:26:30.775226+00:00	bb8c289dc2566869d2b9a4adebc44f93fdeb6cf8e993ca480a2e4408c2704a1c	generated-artifact
week02/v01/output_files_slave_portb/DE5a_wr_slave_portb.fit.rpt	1809231	2026-08-14T13:26:00.930400+00:00	2029f8f6db69d2d227e21f31e28af84451a7f6eff709f27c077696fafb21674e	generated-artifact
week02/v01/output_files_slave_portb/DE5a_wr_slave_portb.fit.summary	648	2026-08-14T13:26:00.278404+00:00	777eff346058ab793682514436c14ca5d9c1164bf4922a719fdaaf46df896d08	generated-artifact
week02/v01/output_files_slave_portb/DE5a_wr_slave_portb.flow.rpt	11309	2026-08-14T13:26:42.885155+00:00	8c9b184bfe70f4f4c00634ebbcb0f57f109e647c12a34d349f5478a5a5dc43c6	generated-artifact
week02/v01/output_files_slave_portb/DE5a_wr_slave_portb.map.rpt	3329883	2026-08-14T13:23:38.856227+00:00	464df639a746d1ecbdfa8c15cdb4e80c9d85196cb039c63534709886b050cb7e	generated-artifact
week02/v01/output_files_slave_portb/DE5a_wr_slave_portb.map.summary	460	2026-08-14T13:23:38.772228+00:00	016816245ad69176f748f946f11675c0ead8f9f93566ec00a40d79e5c621a21b	generated-artifact
week02/v01/output_files_slave_portb/DE5a_wr_slave_portb.sof	36763213	2026-08-14T13:26:31.154224+00:00	0769371439d3622831cdbd891408189b872d7952fdcc222f54f97e679e1ef7d6	generated-artifact
week02/v01/output_files_slave_portb/DE5a_wr_slave_portb.sta.rpt	184469	2026-08-14T13:26:42.883155+00:00	a34d79dc219c6ec7c0b04f106040f93fc4cd2388b4e137626cab1550e803f74f	generated-artifact
week02/v01/output_files_slave_portb/DE5a_wr_slave_portb.sta.summary	17248	2026-08-14T13:26:42.204159+00:00	da4496e9657a218f6fc9271bf9249b670a84df9c7ffa890f6a503588dca71b61	generated-artifact
week02/v01/output_files_slave_portc/DE5a_wr_slave_portc.asm.rpt	4490	2026-08-14T14:48:53.511489+00:00	db8e314b75631199c41599b95e85bca8aeec3783af372f7379202423d176e2eb	generated-artifact
week02/v01/output_files_slave_portc/DE5a_wr_slave_portc.fit.rpt	1799508	2026-08-14T14:48:25.370654+00:00	b7093668089ede16208a99a625edc79a2e4fc6ad380e63baa633e838a5cd5d71	generated-artifact
week02/v01/output_files_slave_portc/DE5a_wr_slave_portc.fit.summary	648	2026-08-14T14:48:24.778658+00:00	4fdc19975ed9ba0694894c03330cefe6c85c55391550c6f37f387c5c56e3f40a	generated-artifact
week02/v01/output_files_slave_portc/DE5a_wr_slave_portc.flow.rpt	11309	2026-08-14T14:49:04.556424+00:00	a46e691a71b2cf8a64637a6ba536ece66895c0e7becb6699b4d0aab1ffde3579	generated-artifact
week02/v01/output_files_slave_portc/DE5a_wr_slave_portc.map.rpt	3295931	2026-08-14T14:46:33.552313+00:00	b239cd14b81e24a8df8721be492067888ae5119a70f442e8b9229a69664a96e6	generated-artifact
week02/v01/output_files_slave_portc/DE5a_wr_slave_portc.map.summary	460	2026-08-14T14:46:33.483313+00:00	56f71f5b3790c89cb57bd8d20d26336b62a4433a6e150e7dc1218c8ac9877b9a	generated-artifact
week02/v01/output_files_slave_portc/DE5a_wr_slave_portc.sof	36763212	2026-08-14T14:48:53.882487+00:00	809130261206a5b1d92707c473a0b671f45e332db75d88aceae880e10bb470b7	generated-artifact
week02/v01/output_files_slave_portc/DE5a_wr_slave_portc.sta.rpt	184334	2026-08-14T14:49:04.555424+00:00	be42b2c8575162f811bc267027f6373171c8329bc296cd4815ebbd51f06cc4aa	generated-artifact
week02/v01/output_files_slave_portc/DE5a_wr_slave_portc.sta.summary	17241	2026-08-14T14:49:03.876428+00:00	eccbac49679622c2abc8a6169d220c8d8af7ebf8e29aab32c00070ee907a385c	generated-artifact
week02/v01/program_DE5a_wr_full_v17.log	2169	2026-08-14T01:02:00.011872+00:00	f2605f2a492cd857262868551be204aa643cb1f20a48a1af2c55e34877ddcc79	artifact-or-log
week02/v01/program_list_v17.log	1503	2026-08-14T01:01:40.981983+00:00	75bf1f8668097ea8f4b659f09ff0b10cb9d982754afdd6089537d040640d14e9	artifact-or-log
week02/v01/qsys_gen_e3p1_v17.log	55457	2026-08-14T00:49:40.513191+00:00	2d941e7348f78e03a3eb8afbf57e4cc7d977293f438e72e0a7125cd058b9cb26	artifact-or-log
week02/v01/qsys_gen_v17.log	8651	2026-08-14T00:44:11.660099+00:00	88cac8b1f7c94f18ff6fcdab6cdbe8897c194eb28ecf33d4714c5cb968a4f67d	artifact-or-log
week02/v01/read_sfp_eeprom_probe.tcl	1199	2026-08-14T20:08:52.185525+00:00	77cc62c3566b9d3a370b88522890a2c69925a888cec7b2ae7cb30efa13c95426	project-source-or-doc
week02/v01/read_wr_sync_probe.tcl	1477	2026-08-14T11:17:26.075369+00:00	72f35bf13f9f49ebaf67a9ee3405ac3de8b194aff202ca69ce253f285144bf4d	project-source-or-doc
week02/v01/rs422_uart_diag/DE5a_wr_master_rs422.qpf	1320	2026-08-14T21:39:14.939629+00:00	9f5673240b0996b3c1e27777f38941508a5a1d84d2dcd70824d1e02c2e99d1b4	project-source-or-doc
week02/v01/rs422_uart_diag/DE5a_wr_master_rs422.qsf	34697	2026-08-14T21:39:14.937629+00:00	12acdf9534b4d8db1e9ce6c64c3e776ed803af8a1468696d10ad6fba2fb11d51	project-source-or-doc
week02/v01/rs422_uart_diag/DE5a_wr_master_rs422.sdc	263	2026-08-14T21:31:54.556236+00:00	b6a17ee37da9242677c038f3e18ec4251c38727515002a1bf2a83f39ee88d9b8	project-source-or-doc
week02/v01/rs422_uart_diag/DE5a_wr_master_rs422.vhd	20015	2026-08-14T21:39:55.227391+00:00	2ecd0e2c517b1c7cb6d409fc29e3f30bba25d09bf796a3cb9a4e356fea0897c0	project-source-or-doc
week02/v01/rs422_uart_diag/DE5a_wr_slave_rs422.qpf	1319	2026-08-14T21:39:14.985629+00:00	d58a74cfe347fc407ba4eabdd96888c5715775d398394243c9eb82a8a3b0d69b	project-source-or-doc
week02/v01/rs422_uart_diag/DE5a_wr_slave_rs422.qsf	34693	2026-08-14T21:39:14.983629+00:00	44edf14c3891d0cc549bd7e6e954712b0b75d190c58d1b553cdbd46b14ef9cbc	project-source-or-doc
week02/v01/rs422_uart_diag/DE5a_wr_slave_rs422.sdc	263	2026-08-14T21:31:54.570236+00:00	b6a17ee37da9242677c038f3e18ec4251c38727515002a1bf2a83f39ee88d9b8	project-source-or-doc
week02/v01/rs422_uart_diag/DE5a_wr_slave_rs422.vhd	20010	2026-08-14T21:39:55.245391+00:00	64f171d4c61911a3a67be15ca52e697690ce44704d329de598eb99f32cf6e7ec	project-source-or-doc
week02/v01/rs422_uart_diag/i2c_bus_controller_dco.v	15228	2026-08-14T21:40:26.363206+00:00	8ffa064d1ee5c13061d47ee7fa58c948cc497818d73f3f34fa8cbc90335e9127	project-source-or-doc
week02/v01/rs422_uart_diag/master_rs422_compile.log	399555	2026-08-14T21:44:58.748595+00:00	34b29b82227aa763751bb7200723d9caee82349d478ec757dd553de882576354	artifact-or-log
week02/v01/rs422_uart_diag/output_files_master_rs422/DE5a_wr_master_rs422.asm.rpt	4628	2026-08-14T21:44:47.181663+00:00	c6bd1d186e354bc08647542cdd7f7964a4b1651a74aee650e19a0ea00d3d8478	generated-artifact
week02/v01/rs422_uart_diag/output_files_master_rs422/DE5a_wr_master_rs422.fit.rpt	1805048	2026-08-14T21:44:18.749831+00:00	9fd2688cd9dc3e55fa1ec1552451072056eb9f0cbb89d3234903bad30266c207	generated-artifact
week02/v01/rs422_uart_diag/output_files_master_rs422/DE5a_wr_master_rs422.fit.summary	650	2026-08-14T21:44:18.075835+00:00	661f796146fa5175e4d0265bdb8acea8ca6474847672dd97d62a433962776849	generated-artifact
week02/v01/rs422_uart_diag/output_files_master_rs422/DE5a_wr_master_rs422.flow.rpt	11408	2026-08-14T21:44:58.010599+00:00	cefddf7b28b44940a55302c62883bbcd78609b50f503b0067710464b6a4f79bd	generated-artifact
week02/v01/rs422_uart_diag/output_files_master_rs422/DE5a_wr_master_rs422.map.rpt	3360252	2026-08-14T21:41:02.461993+00:00	1e19c5596618d1c80ac03b097440ea1d18169998d0d115c5e7673be2292ea334	generated-artifact
week02/v01/rs422_uart_diag/output_files_master_rs422/DE5a_wr_master_rs422.map.summary	462	2026-08-14T21:41:02.384993+00:00	2cf4a044337e23c713b66357d3c66ad625cc303bed22b1d276b66328610a67e1	generated-artifact
week02/v01/rs422_uart_diag/output_files_master_rs422/DE5a_wr_master_rs422.sof	36763650	2026-08-14T21:44:47.560661+00:00	9238740e35f2b48915d1fa7ee6d2dca9d443438f197f1226720dde9dd5e1892b	generated-artifact
week02/v01/rs422_uart_diag/output_files_master_rs422/DE5a_wr_master_rs422.sta.rpt	181142	2026-08-14T21:44:58.008599+00:00	25ceee79523816a26c31d6fcba0bb7a0f35e45ded0b6449ce20432551b29b395	generated-artifact
week02/v01/rs422_uart_diag/output_files_master_rs422/DE5a_wr_master_rs422.sta.summary	17237	2026-08-14T21:44:57.314603+00:00	1943eb3ae399e953ddddf6de8024b9ac0d6aa65fb25437d5014621136a65c91f	generated-artifact
week02/v01/rs422_uart_diag/output_files_slave_rs422/DE5a_wr_slave_rs422.asm.rpt	4602	2026-08-14T21:48:06.444484+00:00	eb1c173623f8bad7beec29008f97b34a65db93f0a427a89be77cb46dd9a5f6a0	generated-artifact
week02/v01/rs422_uart_diag/output_files_slave_rs422/DE5a_wr_slave_rs422.fit.rpt	1814610	2026-08-14T21:47:38.078652+00:00	12dfde7af1fb02d0812079a854327ca331297b5e8d35ff5ce189ef30b4c2f057	generated-artifact
week02/v01/rs422_uart_diag/output_files_slave_rs422/DE5a_wr_slave_rs422.fit.summary	648	2026-08-14T21:47:37.414656+00:00	772659966072d7800b6e4ee4a891d640e39370c8cc869aa48b787151147f55c4	generated-artifact
week02/v01/rs422_uart_diag/output_files_slave_rs422/DE5a_wr_slave_rs422.flow.rpt	11390	2026-08-14T21:48:17.410419+00:00	9a69004c000e154e8a7563e5f704caf6311d23ffe75804128393a2b299f4e8a6	generated-artifact
week02/v01/rs422_uart_diag/output_files_slave_rs422/DE5a_wr_slave_rs422.map.rpt	3359342	2026-08-14T21:45:44.011327+00:00	9bfbecf223c680f4b6f131c4705e056deac70570440f9a9b3e42e4c146178896	generated-artifact
week02/v01/rs422_uart_diag/output_files_slave_rs422/DE5a_wr_slave_rs422.map.summary	460	2026-08-14T21:45:43.924327+00:00	3064f4e81341e5d3529ac432e159edb6192974061be1a731aa471127054f2729	generated-artifact
week02/v01/rs422_uart_diag/output_files_slave_rs422/DE5a_wr_slave_rs422.sof	36763643	2026-08-14T21:48:06.822482+00:00	44251d6911c021e0d6fb12083034ec870a7d06a4374e435d27caa5e9efb36f15	generated-artifact
week02/v01/rs422_uart_diag/output_files_slave_rs422/DE5a_wr_slave_rs422.sta.rpt	181363	2026-08-14T21:48:17.408419+00:00	7dd605b84a9601078d4cb98a0e043402b570b9436a016f1293dadaa0aa16ddd6	generated-artifact
week02/v01/rs422_uart_diag/output_files_slave_rs422/DE5a_wr_slave_rs422.sta.summary	17235	2026-08-14T21:48:16.694424+00:00	40707eac0e0337dbd526c833cce1670564be3fbadcd58fad5f9fa720d28ddd78	generated-artifact
week02/v01/rs422_uart_diag/si5340a_controller_dco.v	7596	2026-08-14T21:40:26.359206+00:00	ec4c639299beaa2eac765f8a1f7476adb7a3937247256927ec1ef9082e8890b1	project-source-or-doc
week02/v01/rs422_uart_diag/si5340a_i2c_reg_controller_dco.v	31079	2026-08-14T21:40:26.362206+00:00	a42138acbe6113e17148a79f422ca3bde13d85c298ab6872a89135d6b64ac671	project-source-or-doc
week02/v01/rs422_uart_diag/slave_rs422_compile.log	399474	2026-08-14T21:48:18.163415+00:00	6c749d69ad66b649e760110a2d69267902ac4071461621b43e40fedc704e0d38	artifact-or-log
week02/v01/runtime_probe_diag/DE5a_wr_master_dco_simplewa.qpf	1327	2026-08-14T17:40:07.905949+00:00	2fe78709a6e3052e3e5eb2c17ae908249763f7f0f7d58965d453954c712d6bb1	project-source-or-doc
week02/v01/runtime_probe_diag/DE5a_wr_master_dco_simplewa.qsf	34578	2026-08-14T17:39:43.591093+00:00	95f527b00d4fc27c9e216855b5d04528f7f047dcfac8d773d6d046ab39a0bb45	project-source-or-doc
week02/v01/runtime_probe_diag/DE5a_wr_master_dco_simplewa.sdc	263	2026-08-14T17:39:43.575093+00:00	b6a17ee37da9242677c038f3e18ec4251c38727515002a1bf2a83f39ee88d9b8	project-source-or-doc
week02/v01/runtime_probe_diag/DE5a_wr_master_dco_simplewa.vhd	19542	2026-08-14T19:19:48.744809+00:00	57170fb5d3537fce936fa9c987923988bfb3856e200805e80ff859067965b82f	project-source-or-doc
week02/v01/runtime_probe_diag/DE5a_wr_slave_dco_simplewa.qpf	1326	2026-08-14T17:43:23.519798+00:00	1ebed98043d0dc64068c17a814d19847f18a8486f8f271550c614782888e35c4	project-source-or-doc
week02/v01/runtime_probe_diag/DE5a_wr_slave_dco_simplewa.qsf	34573	2026-08-14T17:39:43.804091+00:00	499158e02a0c1cf7e29c99d0b0b355ed2e47750c3177ee652368b8024176ff45	project-source-or-doc
week02/v01/runtime_probe_diag/DE5a_wr_slave_dco_simplewa.sdc	263	2026-08-14T17:39:43.584093+00:00	b6a17ee37da9242677c038f3e18ec4251c38727515002a1bf2a83f39ee88d9b8	project-source-or-doc
week02/v01/runtime_probe_diag/DE5a_wr_slave_dco_simplewa.vhd	19537	2026-08-14T19:19:50.051801+00:00	7d6be44504ca0e2eda8143086f4cff8e1892eb30903656effe52922b5fd47f0d	project-source-or-doc
week02/v01/runtime_probe_diag/i2c_bus_controller_dco.v	15228	2026-08-14T17:39:43.560093+00:00	8ffa064d1ee5c13061d47ee7fa58c948cc497818d73f3f34fa8cbc90335e9127	project-source-or-doc
week02/v01/runtime_probe_diag/output_files_master_dco_simplewa/DE5a_wr_master_dco_simplewa.asm.rpt	4831	2026-08-14T19:28:29.271755+00:00	b615d54d079fcff2ae6cf93ffcd0a2aac197e7f928c77dc6056e3a38cf8ec011	generated-artifact
week02/v01/runtime_probe_diag/output_files_master_dco_simplewa/DE5a_wr_master_dco_simplewa.fit.rpt	1773618	2026-08-14T19:28:00.978921+00:00	854c994bb6b3a289e2581984318232e1ec51413b88b84a84461c51605ceb02bc	generated-artifact
week02/v01/runtime_probe_diag/output_files_master_dco_simplewa/DE5a_wr_master_dco_simplewa.fit.summary	651	2026-08-14T19:28:00.349925+00:00	8a9f84082cf3b0d393f697a1de94f21258926c828d356ae101a151545d0526f1	generated-artifact
week02/v01/runtime_probe_diag/output_files_master_dco_simplewa/DE5a_wr_master_dco_simplewa.flow.rpt	12121	2026-08-14T19:28:40.127692+00:00	3d4ab1b6bed57eb9c2ddfd2d86a797370ddad01425f543f3a7ccd600c7ddb37d	generated-artifact
week02/v01/runtime_probe_diag/output_files_master_dco_simplewa/DE5a_wr_master_dco_simplewa.map.rpt	3322498	2026-08-14T19:20:38.520517+00:00	a64ca15f0377b7a2ffbc3021a95c527935b16f6520ebcee163108104a980b8b5	generated-artifact
week02/v01/runtime_probe_diag/output_files_master_dco_simplewa/DE5a_wr_master_dco_simplewa.map.summary	463	2026-08-14T19:20:38.441518+00:00	b214cf2d4da429e8598d1853e11f65b4b167a26df01592f8a175e9fb1668a1dd	generated-artifact
week02/v01/runtime_probe_diag/output_files_master_dco_simplewa/DE5a_wr_master_dco_simplewa.sof	36763681	2026-08-14T19:28:29.652753+00:00	57714c4919996c67c601e2c5dfbaf6b30c4dc0a3338d8a8207d5769dd4fea353	generated-artifact
week02/v01/runtime_probe_diag/output_files_master_dco_simplewa/DE5a_wr_master_dco_simplewa.sta.rpt	175419	2026-08-14T19:28:40.125692+00:00	2b8d5fed5649002257751edea09691f3d2e43b6ed49f5d95fc5300a5f26cf828	generated-artifact
week02/v01/runtime_probe_diag/output_files_master_dco_simplewa/DE5a_wr_master_dco_simplewa.sta.summary	17237	2026-08-14T19:28:39.429696+00:00	f313a2aaba0a94486e8c51c78df29d6f0abfad50fda24e08859dbe497552d7d2	generated-artifact
week02/v01/runtime_probe_diag/output_files_slave_dco_simplewa/DE5a_wr_slave_dco_simplewa.asm.rpt	4805	2026-08-14T19:31:56.825537+00:00	d7b7bd94916f96fd58eac754b9a24e5fc17eb6f66026bf1f4d0ef1c4ce391a08	generated-artifact
week02/v01/runtime_probe_diag/output_files_slave_dco_simplewa/DE5a_wr_slave_dco_simplewa.fit.rpt	1798533	2026-08-14T19:31:28.633703+00:00	0ba724b6c84486bd8953b339762ae1491545684b7d0d38414ca74486e6873cd9	generated-artifact
week02/v01/runtime_probe_diag/output_files_slave_dco_simplewa/DE5a_wr_slave_dco_simplewa.fit.summary	649	2026-08-14T19:31:27.973706+00:00	0edbdd96ea7e81e5d637e432e6d6892ca67549cf7ade7a3e56b7a43b60904acc	generated-artifact
week02/v01/runtime_probe_diag/output_files_slave_dco_simplewa/DE5a_wr_slave_dco_simplewa.flow.rpt	12075	2026-08-14T19:32:07.770473+00:00	97568758523ead766ef74b7e591b61f40bf8f8ec8fd79cd78469bee85506906f	generated-artifact
week02/v01/runtime_probe_diag/output_files_slave_dco_simplewa/DE5a_wr_slave_dco_simplewa.map.rpt	3321684	2026-08-14T19:29:12.109504+00:00	eda764ec4fe4a2fb81a0d0963bf0c3432371702d886428df01be9f2f4d4d6fae	generated-artifact
week02/v01/runtime_probe_diag/output_files_slave_dco_simplewa/DE5a_wr_slave_dco_simplewa.map.summary	461	2026-08-14T19:29:12.029504+00:00	f36f76280c1ef754d2f66df040613f32668d01f7aeffe71267dac0159e47609f	generated-artifact
week02/v01/runtime_probe_diag/output_files_slave_dco_simplewa/DE5a_wr_slave_dco_simplewa.sof	36763676	2026-08-14T19:31:57.204535+00:00	70e8da1813ab81ffce4e53880acec47cafb8ca46c5664e637db3fae71af4937f	generated-artifact
week02/v01/runtime_probe_diag/output_files_slave_dco_simplewa/DE5a_wr_slave_dco_simplewa.sta.rpt	175086	2026-08-14T19:32:07.769473+00:00	efdf4aaf2fdeaed096bb1f70ad532210833026daa05f02a0b9f085542d33bf09	generated-artifact
week02/v01/runtime_probe_diag/output_files_slave_dco_simplewa/DE5a_wr_slave_dco_simplewa.sta.summary	17237	2026-08-14T19:32:07.092477+00:00	bb3d7fe1c7a77c52ae06c9afcd285d585626c70f1722057fa4dccd695058ba89	generated-artifact
week02/v01/runtime_probe_diag/si5340a_controller_dco.v	7596	2026-08-14T18:07:19+00:00	ec4c639299beaa2eac765f8a1f7476adb7a3937247256927ec1ef9082e8890b1	project-source-or-doc
week02/v01/runtime_probe_diag/si5340a_i2c_reg_controller_dco.v	31079	2026-08-14T17:39:43.565093+00:00	a42138acbe6113e17148a79f422ca3bde13d85c298ab6872a89135d6b64ac671	project-source-or-doc
week02/v01/rxpol_both_diag/DE5a_wr_master.qpf	61	2026-08-14T14:57:18.031521+00:00	89e510084a6b37b249d54bd3bf8499dba3db99fd03a49b6897a1fdb5c7c3b2c0	project-source-or-doc
week02/v01/rxpol_both_diag/DE5a_wr_master.qsf	33778	2026-08-14T14:57:48.846340+00:00	77387e7913450bbcdfada9575f58f8d58f91eaa3091c286489b66cc25d4014bb	project-source-or-doc
week02/v01/rxpol_both_diag/DE5a_wr_master.sdc	263	2026-08-14T14:57:48.838340+00:00	b6a17ee37da9242677c038f3e18ec4251c38727515002a1bf2a83f39ee88d9b8	project-source-or-doc
week02/v01/rxpol_both_diag/DE5a_wr_master.vhd	16450	2026-08-14T14:57:18.028521+00:00	4cc88c3090e58dec70252ebd27ad7bffc760316ba8441c3fc9b4ad7922a65ecf	project-source-or-doc
week02/v01/rxpol_both_diag/DE5a_wr_slave.sdc	263	2026-08-14T14:57:48.841340+00:00	b6a17ee37da9242677c038f3e18ec4251c38727515002a1bf2a83f39ee88d9b8	project-source-or-doc
week02/v01/rxpol_both_diag/DE5a_wr_slave_rxpol.qpf	66	2026-08-14T14:15:22.637191+00:00	5d76de6384cde4439e021b1e420660b78db6fe0b5e50f2f4c407467884898c59	project-source-or-doc
week02/v01/rxpol_both_diag/DE5a_wr_slave_rxpol.qsf	33777	2026-08-14T14:57:48.877340+00:00	22887e0ce11a853ed7cc6aeb2c5e420b137e0a79c735c00e6d8cf52e547a401c	project-source-or-doc
week02/v01/rxpol_both_diag/DE5a_wr_slave_rxpol.vhd	16445	2026-08-14T13:04:45.559832+00:00	ee79103b127fda29f92f70591ff5a31bed6ec49d2eea7b23d5bef56321eb5bf7	project-source-or-doc
week02/v01/rxpol_both_diag/output_files_master_both/DE5a_wr_master.asm.rpt	4507	2026-08-14T15:01:13.433138+00:00	fae53c5e0641af6639cd69417d6018b78fdc7beea6f28f0449abfb7cbe1c7534	generated-artifact
week02/v01/rxpol_both_diag/output_files_master_both/DE5a_wr_master.fit.rpt	1787798	2026-08-14T15:00:45.179304+00:00	a3a77c8287535e8b321ed48ecd5c4e3e2e9e3cdedfc6c6f6cebfe207ab535b8b	generated-artifact
week02/v01/rxpol_both_diag/output_files_master_both/DE5a_wr_master.fit.summary	638	2026-08-14T15:00:44.509308+00:00	43567c528f6c9ceb80e86bf8a94f850bd5b37271fe148c09944f2e42237f426b	generated-artifact
week02/v01/rxpol_both_diag/output_files_master_both/DE5a_wr_master.flow.rpt	11291	2026-08-14T15:01:24.388073+00:00	1459c23d182fc475532ab2adc927a3ccfb54225eb0e0dda0249fa5e0194cf180	generated-artifact
week02/v01/rxpol_both_diag/output_files_master_both/DE5a_wr_master.map.rpt	3344463	2026-08-14T14:58:28.311108+00:00	50a383ac48921b43f08826e46ce2ff2f01624ecbc84bebf37a0744b42efaed26	generated-artifact
week02/v01/rxpol_both_diag/output_files_master_both/DE5a_wr_master.map.summary	450	2026-08-14T14:58:28.229109+00:00	e6bafd1fc61852b6cf65101dede976db9a5d0af892221e885e67ec02b07db505	generated-artifact
week02/v01/rxpol_both_diag/output_files_master_both/DE5a_wr_master.sof	36763206	2026-08-14T15:01:13.809135+00:00	0313a2ccae11a3833df51936513c16a9f26a91141e348bdd581f5fd5d0b8d4c7	generated-artifact
week02/v01/rxpol_both_diag/output_files_master_both/DE5a_wr_master.sta.rpt	175054	2026-08-14T15:01:24.386073+00:00	8471b15326398481e3d50c326d238280e1db60d2e9b74345515e904385565909	generated-artifact
week02/v01/rxpol_both_diag/output_files_master_both/DE5a_wr_master.sta.summary	17249	2026-08-14T15:01:23.711077+00:00	861fb1c47a8cd5799ffcb564057a3b6a59e1b2d381d5f0f2079adc0e8296f9f9	generated-artifact
week02/v01/rxpol_both_diag/output_files_slave_both/DE5a_wr_slave_rxpol.asm.rpt	4595	2026-08-14T15:07:18.439992+00:00	cd8160073c60edcaf93f12ef1b741f9607c6932cfe6069f8a34260d9b5b09f3f	generated-artifact
week02/v01/rxpol_both_diag/output_files_slave_both/DE5a_wr_slave_rxpol.fit.rpt	1770581	2026-08-14T15:06:50.442157+00:00	a6e381531ecb8509fccf022495856cdf41f4f78be18ece99dac55366595d28b7	generated-artifact
week02/v01/rxpol_both_diag/output_files_slave_both/DE5a_wr_slave_rxpol.fit.summary	642	2026-08-14T15:06:49.763161+00:00	601fc1bc1976f903af979505b72f495a583797e60e5069d0fdb7d1a6d098de11	generated-artifact
week02/v01/rxpol_both_diag/output_files_slave_both/DE5a_wr_slave_rxpol.flow.rpt	11697	2026-08-14T15:07:29.169929+00:00	0f156d697acc6aa503806037a3dda3c8ab8304d03250c381434a379e88a240dc	generated-artifact
week02/v01/rxpol_both_diag/output_files_slave_both/DE5a_wr_slave_rxpol.map.rpt	3310331	2026-08-14T15:02:04.412838+00:00	292ca3b7160144c21c2c998e5bb22ab5a388543c3cfc9a9fa3edcf2529db0e6d	generated-artifact
week02/v01/rxpol_both_diag/output_files_slave_both/DE5a_wr_slave_rxpol.map.summary	454	2026-08-14T15:02:04.334839+00:00	aff23942a62b2315df17314be5d6b85d6b563eaa1bc4e45d22e105238d59407a	generated-artifact
week02/v01/rxpol_both_diag/output_files_slave_both/DE5a_wr_slave_rxpol.sof	36763217	2026-08-14T15:07:18.815990+00:00	b93d0fe5c33c56ca12381816421c0f7952b79657251b158375a0a9c8cc53c58d	generated-artifact
week02/v01/rxpol_both_diag/output_files_slave_both/DE5a_wr_slave_rxpol.sta.rpt	175137	2026-08-14T15:07:29.168929+00:00	005061ba5e90791e4eccc323aef4c5833a1e32dff5ad2a5b812b26a7458bbce9	generated-artifact
week02/v01/rxpol_both_diag/output_files_slave_both/DE5a_wr_slave_rxpol.sta.summary	17244	2026-08-14T15:07:28.491933+00:00	4f8e5ae20b952a93855a14cdcf6f20572597608cef77e26d48d3e87507a8e08e	generated-artifact
week02/v01/rxpol_both_diag/output_files_slave_rxpol/DE5a_wr_slave_rxpol.asm.rpt	4567	2026-08-14T14:22:30.967700+00:00	24105a1a331acb2c1ba94486c4c95132686847462a1b300faf3693d59b2ad330	generated-artifact
week02/v01/rxpol_both_diag/output_files_slave_rxpol/DE5a_wr_slave_rxpol.fit.rpt	1770096	2026-08-14T14:22:02.850864+00:00	2a0adfb88915a779636b397323eed824cf34fff5d642a96015f348004f16116b	generated-artifact
week02/v01/rxpol_both_diag/output_files_slave_rxpol/DE5a_wr_slave_rxpol.fit.summary	642	2026-08-14T14:22:02.203868+00:00	4d0f16496c0b53c329cd26c4089fa87f952a45ae5f67466a4c85ff45f2ffb821	generated-artifact
week02/v01/rxpol_both_diag/output_files_slave_rxpol/DE5a_wr_slave_rxpol.flow.rpt	11697	2026-08-14T14:22:41.705638+00:00	c5800d7cf1dd2a790d2ed29fc286106a9f6b95fe1a6f29f950767f76ab559a9e	generated-artifact
week02/v01/rxpol_both_diag/output_files_slave_rxpol/DE5a_wr_slave_rxpol.map.rpt	3337978	2026-08-14T14:17:06.978584+00:00	4f57e597914083da45f0edbdc2357306f84b9aff1cb6b6fa84a48c8096dcf228	generated-artifact
week02/v01/rxpol_both_diag/output_files_slave_rxpol/DE5a_wr_slave_rxpol.map.summary	454	2026-08-14T14:17:06.865585+00:00	f86ef1f1aaf114c81a7d752d86d15d50f0de595f77b49592678b670c6ea918f2	generated-artifact
week02/v01/rxpol_both_diag/output_files_slave_rxpol/DE5a_wr_slave_rxpol.sof	36763219	2026-08-14T14:22:31.358698+00:00	1ef73b5b5d9b921cb1207335840d454cda8fe04100ba0b80335e80a808265be8	generated-artifact
week02/v01/rxpol_both_diag/output_files_slave_rxpol/DE5a_wr_slave_rxpol.sta.rpt	175318	2026-08-14T14:22:41.703638+00:00	0747572c8a386ddb24fcbb334d650bda11480d90309e228137f44360aa923df6	generated-artifact
week02/v01/rxpol_both_diag/output_files_slave_rxpol/DE5a_wr_slave_rxpol.sta.summary	17244	2026-08-14T14:22:41.029642+00:00	4f8e5ae20b952a93855a14cdcf6f20572597608cef77e26d48d3e87507a8e08e	generated-artifact
week02/v01/rxpol_both_diag/work_wrphy_rxpol/wr_arria10_e3p1_phy/Manifest.py	353	2026-08-14T00:38:05.717158+00:00	013e77bcef323fccb0b159e3044d7fecc0432843f1686e97eb21b8a85e5d5e85	project-source-or-doc
week02/v01/rxpol_both_diag/work_wrphy_rxpol/wr_arria10_e3p1_phy/wr_arria10_e3p1_atx_pll/generated/altera_xcvr_atx_pll_a10_170/synth/a10_avmm_h.sv	6843	2026-08-14T00:49:31.692242+00:00	4de7b95286ea2574efe02ad5e95d78db78a3a1c51aa1cdcd8fc5b14b11b38f7b	project-source-or-doc
week02/v01/rxpol_both_diag/work_wrphy_rxpol/wr_arria10_e3p1_phy/wr_arria10_e3p1_atx_pll/generated/altera_xcvr_atx_pll_a10_170/synth/a10_xcvr_atx_pll.sv	36205	2026-08-14T00:49:31.718242+00:00	aba11f61a4c4a7a4f66f814e2c16d453afdc08a65eeebc46adf1cbc919cb6dce	project-source-or-doc
week02/v01/rxpol_both_diag/work_wrphy_rxpol/wr_arria10_e3p1_phy/wr_arria10_e3p1_atx_pll/generated/altera_xcvr_atx_pll_a10_170/synth/alt_xcvr_arbiter.sv	2865	2026-08-14T00:49:31.690242+00:00	9f0c59a5482f49b010df713049ec0f8b54f0733f4f5a69b2796b2470e0bda350	project-source-or-doc
week02/v01/rxpol_both_diag/work_wrphy_rxpol/wr_arria10_e3p1_phy/wr_arria10_e3p1_atx_pll/generated/altera_xcvr_atx_pll_a10_170/synth/alt_xcvr_atx_pll_rcfg_arb.sv	6110	2026-08-14T00:49:31.709242+00:00	4c55b3fc2a3bf92f1985e9254ca309525f64cf63775fd45d32d3fa543dcdbd17	project-source-or-doc
week02/v01/rxpol_both_diag/work_wrphy_rxpol/wr_arria10_e3p1_phy/wr_arria10_e3p1_atx_pll/generated/altera_xcvr_atx_pll_a10_170/synth/alt_xcvr_atx_pll_rcfg_opt_logic_7zpwg4q.sv	25836	2026-08-14T00:49:31.742242+00:00	82801db43696f96d3fa18d3c32a58ed992f0d4657cdd899685cae469a0766d5b	project-source-or-doc
week02/v01/rxpol_both_diag/work_wrphy_rxpol/wr_arria10_e3p1_phy/wr_arria10_e3p1_atx_pll/generated/altera_xcvr_atx_pll_a10_170/synth/alt_xcvr_pll_avmm_csr.sv	10422	2026-08-14T00:49:31.721242+00:00	85287a923f06c021f577bc1e4926d3df7be3df14803a3a04f7f0d45d0fd58d90	project-source-or-doc
week02/v01/rxpol_both_diag/work_wrphy_rxpol/wr_arria10_e3p1_phy/wr_arria10_e3p1_atx_pll/generated/altera_xcvr_atx_pll_a10_170/synth/alt_xcvr_pll_embedded_debug.sv	2887	2026-08-14T00:49:31.720242+00:00	c20b30f416253a675abd01bc195d415bcaabbdc5bef07d24357582de788902b9	project-source-or-doc
week02/v01/rxpol_both_diag/work_wrphy_rxpol/wr_arria10_e3p1_phy/wr_arria10_e3p1_atx_pll/generated/altera_xcvr_atx_pll_a10_170/synth/alt_xcvr_resync.sv	3995	2026-08-14T00:49:31.689242+00:00	fb4f01a93eec1603e06d2ec0f43200aaa408418ba441caa5be0838aea5f8ce3f	project-source-or-doc
week02/v01/rxpol_both_diag/work_wrphy_rxpol/wr_arria10_e3p1_phy/wr_arria10_e3p1_atx_pll/generated/altera_xcvr_atx_pll_a10_170/synth/altera_xcvr_native_a10_functions_h.sv	6352	2026-08-14T00:49:31.693242+00:00	d7398bd0761128e03544944a336ebfc0a57d1b9785c82d9496424c936173b755	project-source-or-doc
week02/v01/rxpol_both_diag/work_wrphy_rxpol/wr_arria10_e3p1_phy/wr_arria10_e3p1_atx_pll/generated/altera_xcvr_atx_pll_a10_170/synth/twentynm_xcvr_avmm.sv	31631	2026-08-14T00:49:31.687242+00:00	deebb6f797ebc0bfc8e9a970de271a65a1b1e141eadadb7adac8abe4619be30a	project-source-or-doc
week02/v01/rxpol_both_diag/work_wrphy_rxpol/wr_arria10_e3p1_phy/wr_arria10_e3p1_atx_pll/generated/altera_xcvr_atx_pll_a10_170/synth/wr_arria10_e3p1_atx_pll_altera_xcvr_atx_pll_a10_170_7zpwg4q.sv	46827	2026-08-14T00:49:31.737242+00:00	891d9eb3dead4d9db01d9bc0badde4c0e5764c295b62051ff818740c72c45b57	project-source-or-doc
week02/v01/rxpol_both_diag/work_wrphy_rxpol/wr_arria10_e3p1_phy/wr_arria10_e3p1_atx_pll/generated/synth/wr_arria10_e3p1_atx_pll.v	12191	2026-08-14T00:49:31.682242+00:00	a4481a0a5520a2cb639654c8c00a02037991365d0a2f32a3a47c3c1303d86413	project-source-or-doc
week02/v01/rxpol_both_diag/work_wrphy_rxpol/wr_arria10_e3p1_phy/wr_arria10_e3p1_atx_pll/generated/synth/wr_arria10_e3p1_atx_pll_cfg.v	252	2026-08-14T00:49:31.873241+00:00	6c1c385dcb2706f03c6df267378b5ad1bbf56acc65dbbb6f40944f211a7f9221	project-source-or-doc
week02/v01/rxpol_both_diag/work_wrphy_rxpol/wr_arria10_e3p1_phy/wr_arria10_e3p1_atx_pll/generated/wr_arria10_e3p1_atx_pll.qip	83107	2026-08-14T00:49:31.762241+00:00	c3d14c8af051b8dcc50de276eef7c7a662b2184229fe4d4dafa488d6317cb1d8	project-source-or-doc
week02/v01/rxpol_both_diag/work_wrphy_rxpol/wr_arria10_e3p1_phy/wr_arria10_e3p1_atx_pll/generated/wr_arria10_e3p1_atx_pll_generation.rpt	3258	2026-08-14T00:49:31.763241+00:00	718baad09867cbebc126d66388d22a798dab9ac65738774dc295e97d957cfbd7	artifact-or-log
week02/v01/rxpol_both_diag/work_wrphy_rxpol/wr_arria10_e3p1_phy/wr_arria10_e3p1_cmu_pll/generated/altera_xcvr_cdr_pll_a10_170/synth/a10_avmm_h.sv	6843	2026-08-14T00:49:34.224227+00:00	4de7b95286ea2574efe02ad5e95d78db78a3a1c51aa1cdcd8fc5b14b11b38f7b	project-source-or-doc
week02/v01/rxpol_both_diag/work_wrphy_rxpol/wr_arria10_e3p1_phy/wr_arria10_e3p1_cmu_pll/generated/altera_xcvr_cdr_pll_a10_170/synth/alt_xcvr_native_avmm_nf.sv	8763	2026-08-14T00:49:34.226227+00:00	8ca48b1a93402420ed88e5bdc750bd3dfe44e478a48aaa4fbadfa0669ee105de	project-source-or-doc
week02/v01/rxpol_both_diag/work_wrphy_rxpol/wr_arria10_e3p1_phy/wr_arria10_e3p1_cmu_pll/generated/altera_xcvr_cdr_pll_a10_170/synth/alt_xcvr_pll_avmm_csr.sv	10422	2026-08-14T00:49:34.228227+00:00	85287a923f06c021f577bc1e4926d3df7be3df14803a3a04f7f0d45d0fd58d90	project-source-or-doc
week02/v01/rxpol_both_diag/work_wrphy_rxpol/wr_arria10_e3p1_phy/wr_arria10_e3p1_cmu_pll/generated/altera_xcvr_cdr_pll_a10_170/synth/alt_xcvr_pll_embedded_debug.sv	2887	2026-08-14T00:49:34.227227+00:00	c20b30f416253a675abd01bc195d415bcaabbdc5bef07d24357582de788902b9	project-source-or-doc
week02/v01/rxpol_both_diag/work_wrphy_rxpol/wr_arria10_e3p1_phy/wr_arria10_e3p1_cmu_pll/generated/altera_xcvr_cdr_pll_a10_170/synth/alt_xcvr_resync.sv	3995	2026-08-14T00:49:34.219227+00:00	fb4f01a93eec1603e06d2ec0f43200aaa408418ba441caa5be0838aea5f8ce3f	project-source-or-doc
week02/v01/rxpol_both_diag/work_wrphy_rxpol/wr_arria10_e3p1_phy/wr_arria10_e3p1_cmu_pll/generated/altera_xcvr_cdr_pll_a10_170/synth/altera_xcvr_cdr_pll_a10.sv	42324	2026-08-14T00:49:34.223227+00:00	9bbed8c2c3e79523c6cee8ffa1366d344afdc9fd1f4158e5d01e42167a82d659	project-source-or-doc
week02/v01/rxpol_both_diag/work_wrphy_rxpol/wr_arria10_e3p1_phy/wr_arria10_e3p1_cmu_pll/generated/altera_xcvr_cdr_pll_a10_170/synth/twentynm_xcvr_avmm.sv	31631	2026-08-14T00:49:34.217227+00:00	deebb6f797ebc0bfc8e9a970de271a65a1b1e141eadadb7adac8abe4619be30a	project-source-or-doc
week02/v01/rxpol_both_diag/work_wrphy_rxpol/wr_arria10_e3p1_phy/wr_arria10_e3p1_cmu_pll/generated/synth/wr_arria10_e3p1_cmu_pll.v	8634	2026-08-14T00:49:34.210227+00:00	482e8a052528140998256b7a9319f67464b49bb55c5e712bf01482c9ad15ea5e	project-source-or-doc
week02/v01/rxpol_both_diag/work_wrphy_rxpol/wr_arria10_e3p1_phy/wr_arria10_e3p1_cmu_pll/generated/synth/wr_arria10_e3p1_cmu_pll_cfg.v	216	2026-08-14T00:49:34.328227+00:00	86e5f9b3187f67ae09376b8ed2cd7dcd24a06e2c734473260e5f75cb8a1d78d8	project-source-or-doc
week02/v01/rxpol_both_diag/work_wrphy_rxpol/wr_arria10_e3p1_phy/wr_arria10_e3p1_cmu_pll/generated/wr_arria10_e3p1_cmu_pll.qip	31499	2026-08-14T00:49:34.242227+00:00	c6fe15e44c8205d33ddc1f0a5355386fca5019f3eb9a2f26f956c19f0064bcbf	project-source-or-doc
week02/v01/rxpol_both_diag/work_wrphy_rxpol/wr_arria10_e3p1_phy/wr_arria10_e3p1_cmu_pll/generated/wr_arria10_e3p1_cmu_pll_generation.rpt	3206	2026-08-14T00:49:34.243227+00:00	3ecff0aea62b19cb58c9855132cd761ffbe6b8de8862d02cd9267b545646333c	artifact-or-log
week02/v01/rxpol_both_diag/work_wrphy_rxpol/wr_arria10_e3p1_phy/wr_arria10_e3p1_det_phy/generated/altera_xcvr_native_a10_170/synth/a10_avmm_h.sv	6843	2026-08-14T00:49:37.904206+00:00	4de7b95286ea2574efe02ad5e95d78db78a3a1c51aa1cdcd8fc5b14b11b38f7b	project-source-or-doc
week02/v01/rxpol_both_diag/work_wrphy_rxpol/wr_arria10_e3p1_phy/wr_arria10_e3p1_det_phy/generated/altera_xcvr_native_a10_170/synth/alt_xcvr_arbiter.sv	2865	2026-08-14T00:49:37.820206+00:00	9f0c59a5482f49b010df713049ec0f8b54f0733f4f5a69b2796b2470e0bda350	project-source-or-doc
week02/v01/rxpol_both_diag/work_wrphy_rxpol/wr_arria10_e3p1_phy/wr_arria10_e3p1_det_phy/generated/altera_xcvr_native_a10_170/synth/alt_xcvr_native_avmm_csr.sv	29691	2026-08-14T00:49:37.907206+00:00	57766b5260a20de7fd3afd4381506b5e845cb7e4c7bb0792ca4ac16ad2c722f6	project-source-or-doc
week02/v01/rxpol_both_diag/work_wrphy_rxpol/wr_arria10_e3p1_phy/wr_arria10_e3p1_det_phy/generated/altera_xcvr_native_a10_170/synth/alt_xcvr_native_odi_accel.sv	16027	2026-08-14T00:49:37.910206+00:00	558b1156cfd912c167538fb5dde659fafe7ccae05aeb71a77df9d4f294f2cacf	project-source-or-doc
week02/v01/rxpol_both_diag/work_wrphy_rxpol/wr_arria10_e3p1_phy/wr_arria10_e3p1_det_phy/generated/altera_xcvr_native_a10_170/synth/alt_xcvr_native_pipe_retry.sv	11070	2026-08-14T00:49:37.905206+00:00	14e3dc7ab1a43b380e2d52e3553255d195c410596d7838492e1c9547065baccd	project-source-or-doc
week02/v01/rxpol_both_diag/work_wrphy_rxpol/wr_arria10_e3p1_phy/wr_arria10_e3p1_det_phy/generated/altera_xcvr_native_a10_170/synth/alt_xcvr_native_prbs_accum.sv	9326	2026-08-14T00:49:37.908206+00:00	0d7a77d72ea78ce126b256994f32a96d5dc8e218958c776bf99a1a513fb6fa61	project-source-or-doc
week02/v01/rxpol_both_diag/work_wrphy_rxpol/wr_arria10_e3p1_phy/wr_arria10_e3p1_det_phy/generated/altera_xcvr_native_a10_170/synth/alt_xcvr_native_rcfg_arb.sv	7056	2026-08-14T00:49:37.911206+00:00	d44352cdabe4e3ed2e7f1bdf6227bee2859f8f1007119056aaf754300c89a425	project-source-or-doc
week02/v01/rxpol_both_diag/work_wrphy_rxpol/wr_arria10_e3p1_phy/wr_arria10_e3p1_det_phy/generated/altera_xcvr_native_a10_170/synth/alt_xcvr_native_rcfg_opt_logic_6qfnzyy.sv	43214	2026-08-14T00:49:38.031205+00:00	82e9603ed06fe37e45db0a4ec2b65f478e1e240858a26689377443c61319884a	project-source-or-doc
week02/v01/rxpol_both_diag/work_wrphy_rxpol/wr_arria10_e3p1_phy/wr_arria10_e3p1_det_phy/generated/altera_xcvr_native_a10_170/synth/alt_xcvr_resync.sv	3995	2026-08-14T00:49:37.818206+00:00	fb4f01a93eec1603e06d2ec0f43200aaa408418ba441caa5be0838aea5f8ce3f	project-source-or-doc
week02/v01/rxpol_both_diag/work_wrphy_rxpol/wr_arria10_e3p1_phy/wr_arria10_e3p1_det_phy/generated/altera_xcvr_native_a10_170/synth/altera_xcvr_native_a10_false_paths.sdc	13063	2026-08-14T00:49:37.912206+00:00	1af49f790a4396817e780051aa6daf9b58b9b44346e538ef4e92c5a32999fda4	project-source-or-doc
week02/v01/rxpol_both_diag/work_wrphy_rxpol/wr_arria10_e3p1_phy/wr_arria10_e3p1_det_phy/generated/altera_xcvr_native_a10_170/synth/altera_xcvr_native_a10_functions_h.sv	6352	2026-08-14T00:49:37.903206+00:00	d7398bd0761128e03544944a336ebfc0a57d1b9785c82d9496424c936173b755	project-source-or-doc
week02/v01/rxpol_both_diag/work_wrphy_rxpol/wr_arria10_e3p1_phy/wr_arria10_e3p1_det_phy/generated/altera_xcvr_native_a10_170/synth/altera_xcvr_native_pcie_dfe_ip.sv	16136	2026-08-14T00:49:37.921206+00:00	35bb5c538d5d5cfb546b119822cc64455825e4ba80509d93d49041fcac47411f	project-source-or-doc
week02/v01/rxpol_both_diag/work_wrphy_rxpol/wr_arria10_e3p1_phy/wr_arria10_e3p1_det_phy/generated/altera_xcvr_native_a10_170/synth/altera_xcvr_native_pcie_dfe_params_h.sv	2952	2026-08-14T00:49:37.913206+00:00	cd41dd74fcf3bac5ae393323e0a26a33893821005a004c2a33a8ee6956391ebb	project-source-or-doc
week02/v01/rxpol_both_diag/work_wrphy_rxpol/wr_arria10_e3p1_phy/wr_arria10_e3p1_det_phy/generated/altera_xcvr_native_a10_170/synth/pcie_mgmt_commands_h.sv	11541	2026-08-14T00:49:37.914206+00:00	a20b29390f9ea1b28f5dc663507190ce8bdfaed106fd90b45044e0ab4f4d6b70	project-source-or-doc
week02/v01/rxpol_both_diag/work_wrphy_rxpol/wr_arria10_e3p1_phy/wr_arria10_e3p1_det_phy/generated/altera_xcvr_native_a10_170/synth/pcie_mgmt_cpu.sv	12207	2026-08-14T00:49:37.918206+00:00	0b4bb1e2b577c6b11b53d709eb712b1a07f7ce1bd9a27947721e367fc6e158ff	project-source-or-doc
week02/v01/rxpol_both_diag/work_wrphy_rxpol/wr_arria10_e3p1_phy/wr_arria10_e3p1_det_phy/generated/altera_xcvr_native_a10_170/synth/pcie_mgmt_functions_h.sv	12848	2026-08-14T00:49:37.916206+00:00	420a9d4af788dd34baa871c311095f36efcc232d5f2339cac40b32b8235b7160	project-source-or-doc
week02/v01/rxpol_both_diag/work_wrphy_rxpol/wr_arria10_e3p1_phy/wr_arria10_e3p1_det_phy/generated/altera_xcvr_native_a10_170/synth/pcie_mgmt_master.sv	4101	2026-08-14T00:49:37.920206+00:00	484c1e2e3c97826d43e3c31f22317d9d7070f102056976d6e5414c43805ed635	project-source-or-doc
week02/v01/rxpol_both_diag/work_wrphy_rxpol/wr_arria10_e3p1_phy/wr_arria10_e3p1_det_phy/generated/altera_xcvr_native_a10_170/synth/pcie_mgmt_program.sv	34055	2026-08-14T00:49:37.917206+00:00	0e56973bedfb44f3c1a5d77b065e9a9b0ea08e36ee5629a29f0c0b41f78ea570	project-source-or-doc
week02/v01/rxpol_both_diag/work_wrphy_rxpol/wr_arria10_e3p1_phy/wr_arria10_e3p1_det_phy/generated/altera_xcvr_native_a10_170/synth/twentynm_pcs.sv	3923500	2026-08-14T00:49:37.862206+00:00	018322e9fd8f5713717cb9a161f4bb757a798b92ea56d99ece905ac205d41012	project-source-or-doc
week02/v01/rxpol_both_diag/work_wrphy_rxpol/wr_arria10_e3p1_phy/wr_arria10_e3p1_det_phy/generated/altera_xcvr_native_a10_170/synth/twentynm_pma.sv	749520	2026-08-14T00:49:37.871206+00:00	892dcb9e06a7da940bf992fa5735fcb4dc853921ce97a15a08454e3f9a7c9600	project-source-or-doc
week02/v01/rxpol_both_diag/work_wrphy_rxpol/wr_arria10_e3p1_phy/wr_arria10_e3p1_det_phy/generated/altera_xcvr_native_a10_170/synth/twentynm_xcvr_avmm.sv	31631	2026-08-14T00:49:37.873206+00:00	deebb6f797ebc0bfc8e9a970de271a65a1b1e141eadadb7adac8abe4619be30a	project-source-or-doc
week02/v01/rxpol_both_diag/work_wrphy_rxpol/wr_arria10_e3p1_phy/wr_arria10_e3p1_det_phy/generated/altera_xcvr_native_a10_170/synth/twentynm_xcvr_native.sv	2809783	2026-08-14T00:49:37.901206+00:00	bb61a4682369dab26bf1a12483f3e07f07bae8e01e199d3442d4aa18e6d112c6	project-source-or-doc
week02/v01/rxpol_both_diag/work_wrphy_rxpol/wr_arria10_e3p1_phy/wr_arria10_e3p1_det_phy/generated/altera_xcvr_native_a10_170/synth/wr_arria10_e3p1_det_phy_altera_xcvr_native_a10_170_6qfnzyy.sv	271659	2026-08-14T00:49:38.025205+00:00	5b1a9217106b327d2a431948eace2beadc5193db724066ac467d4872007658f3	project-source-or-doc
week02/v01/rxpol_both_diag/work_wrphy_rxpol/wr_arria10_e3p1_phy/wr_arria10_e3p1_det_phy/generated/synth/wr_arria10_e3p1_det_phy.v	764285	2026-08-14T14:15:37.119107+00:00	47c410d6c5ef1e22603c39a2427bd0f73a44ecee691cb90abc22f32a71bfb483	project-source-or-doc
week02/v01/rxpol_both_diag/work_wrphy_rxpol/wr_arria10_e3p1_phy/wr_arria10_e3p1_det_phy/generated/synth/wr_arria10_e3p1_det_phy_cfg.v	249	2026-08-14T00:49:38.082205+00:00	3f8ecab72a088df5ee9e0096592eb24ed9761f77139af208ce9f259d2fb0285f	project-source-or-doc
week02/v01/rxpol_both_diag/work_wrphy_rxpol/wr_arria10_e3p1_phy/wr_arria10_e3p1_det_phy/generated/wr_arria10_e3p1_det_phy.qip	78202	2026-08-14T00:49:38.053205+00:00	430b1f7025cf67977092933916f7aa84f2c040a77b4029689af7b371241800cf	project-source-or-doc
week02/v01/rxpol_both_diag/work_wrphy_rxpol/wr_arria10_e3p1_phy/wr_arria10_e3p1_det_phy/generated/wr_arria10_e3p1_det_phy_generation.rpt	5498	2026-08-14T00:49:38.055205+00:00	67498d7c864e8a8a4de381b4542895f55f9aa1be52e6673b5dbc11e572134dc3	artifact-or-log
week02/v01/rxpol_both_diag/work_wrphy_rxpol/wr_arria10_e3p1_phy/wr_arria10_e3p1_phy/generated/altera_xcvr_native_a10_170/synth/a10_avmm_h.sv	6843	2026-08-14T00:49:24.238285+00:00	4de7b95286ea2574efe02ad5e95d78db78a3a1c51aa1cdcd8fc5b14b11b38f7b	project-source-or-doc
week02/v01/rxpol_both_diag/work_wrphy_rxpol/wr_arria10_e3p1_phy/wr_arria10_e3p1_phy/generated/altera_xcvr_native_a10_170/synth/alt_xcvr_arbiter.sv	2865	2026-08-14T00:49:24.156286+00:00	9f0c59a5482f49b010df713049ec0f8b54f0733f4f5a69b2796b2470e0bda350	project-source-or-doc
week02/v01/rxpol_both_diag/work_wrphy_rxpol/wr_arria10_e3p1_phy/wr_arria10_e3p1_phy/generated/altera_xcvr_native_a10_170/synth/alt_xcvr_native_avmm_csr.sv	29691	2026-08-14T00:49:24.240285+00:00	57766b5260a20de7fd3afd4381506b5e845cb7e4c7bb0792ca4ac16ad2c722f6	project-source-or-doc
week02/v01/rxpol_both_diag/work_wrphy_rxpol/wr_arria10_e3p1_phy/wr_arria10_e3p1_phy/generated/altera_xcvr_native_a10_170/synth/alt_xcvr_native_odi_accel.sv	16027	2026-08-14T00:49:24.243285+00:00	558b1156cfd912c167538fb5dde659fafe7ccae05aeb71a77df9d4f294f2cacf	project-source-or-doc
week02/v01/rxpol_both_diag/work_wrphy_rxpol/wr_arria10_e3p1_phy/wr_arria10_e3p1_phy/generated/altera_xcvr_native_a10_170/synth/alt_xcvr_native_pipe_retry.sv	11070	2026-08-14T00:49:24.239285+00:00	14e3dc7ab1a43b380e2d52e3553255d195c410596d7838492e1c9547065baccd	project-source-or-doc
week02/v01/rxpol_both_diag/work_wrphy_rxpol/wr_arria10_e3p1_phy/wr_arria10_e3p1_phy/generated/altera_xcvr_native_a10_170/synth/alt_xcvr_native_prbs_accum.sv	9326	2026-08-14T00:49:24.242285+00:00	0d7a77d72ea78ce126b256994f32a96d5dc8e218958c776bf99a1a513fb6fa61	project-source-or-doc
week02/v01/rxpol_both_diag/work_wrphy_rxpol/wr_arria10_e3p1_phy/wr_arria10_e3p1_phy/generated/altera_xcvr_native_a10_170/synth/alt_xcvr_native_rcfg_arb.sv	7056	2026-08-14T00:49:24.244285+00:00	d44352cdabe4e3ed2e7f1bdf6227bee2859f8f1007119056aaf754300c89a425	project-source-or-doc
week02/v01/rxpol_both_diag/work_wrphy_rxpol/wr_arria10_e3p1_phy/wr_arria10_e3p1_phy/generated/altera_xcvr_native_a10_170/synth/alt_xcvr_native_rcfg_opt_logic_aqgtcoa.sv	43214	2026-08-14T00:49:24.366284+00:00	5a54e1af4de910ab84e46ef25ca1a613502dc6fd8b064b84f4cf54d7798d7db0	project-source-or-doc
week02/v01/rxpol_both_diag/work_wrphy_rxpol/wr_arria10_e3p1_phy/wr_arria10_e3p1_phy/generated/altera_xcvr_native_a10_170/synth/alt_xcvr_resync.sv	3995	2026-08-14T00:49:24.154286+00:00	fb4f01a93eec1603e06d2ec0f43200aaa408418ba441caa5be0838aea5f8ce3f	project-source-or-doc
week02/v01/rxpol_both_diag/work_wrphy_rxpol/wr_arria10_e3p1_phy/wr_arria10_e3p1_phy/generated/altera_xcvr_native_a10_170/synth/altera_xcvr_native_a10_false_paths.sdc	13063	2026-08-14T00:49:24.245285+00:00	1af49f790a4396817e780051aa6daf9b58b9b44346e538ef4e92c5a32999fda4	project-source-or-doc
week02/v01/rxpol_both_diag/work_wrphy_rxpol/wr_arria10_e3p1_phy/wr_arria10_e3p1_phy/generated/altera_xcvr_native_a10_170/synth/altera_xcvr_native_a10_functions_h.sv	6352	2026-08-14T00:49:24.236285+00:00	d7398bd0761128e03544944a336ebfc0a57d1b9785c82d9496424c936173b755	project-source-or-doc
week02/v01/rxpol_both_diag/work_wrphy_rxpol/wr_arria10_e3p1_phy/wr_arria10_e3p1_phy/generated/altera_xcvr_native_a10_170/synth/altera_xcvr_native_pcie_dfe_ip.sv	16136	2026-08-14T00:49:24.254285+00:00	35bb5c538d5d5cfb546b119822cc64455825e4ba80509d93d49041fcac47411f	project-source-or-doc
week02/v01/rxpol_both_diag/work_wrphy_rxpol/wr_arria10_e3p1_phy/wr_arria10_e3p1_phy/generated/altera_xcvr_native_a10_170/synth/altera_xcvr_native_pcie_dfe_params_h.sv	2952	2026-08-14T00:49:24.246285+00:00	cd41dd74fcf3bac5ae393323e0a26a33893821005a004c2a33a8ee6956391ebb	project-source-or-doc
week02/v01/rxpol_both_diag/work_wrphy_rxpol/wr_arria10_e3p1_phy/wr_arria10_e3p1_phy/generated/altera_xcvr_native_a10_170/synth/pcie_mgmt_commands_h.sv	11541	2026-08-14T00:49:24.248285+00:00	a20b29390f9ea1b28f5dc663507190ce8bdfaed106fd90b45044e0ab4f4d6b70	project-source-or-doc
week02/v01/rxpol_both_diag/work_wrphy_rxpol/wr_arria10_e3p1_phy/wr_arria10_e3p1_phy/generated/altera_xcvr_native_a10_170/synth/pcie_mgmt_cpu.sv	12207	2026-08-14T00:49:24.252285+00:00	0b4bb1e2b577c6b11b53d709eb712b1a07f7ce1bd9a27947721e367fc6e158ff	project-source-or-doc
week02/v01/rxpol_both_diag/work_wrphy_rxpol/wr_arria10_e3p1_phy/wr_arria10_e3p1_phy/generated/altera_xcvr_native_a10_170/synth/pcie_mgmt_functions_h.sv	12848	2026-08-14T00:49:24.249285+00:00	420a9d4af788dd34baa871c311095f36efcc232d5f2339cac40b32b8235b7160	project-source-or-doc
week02/v01/rxpol_both_diag/work_wrphy_rxpol/wr_arria10_e3p1_phy/wr_arria10_e3p1_phy/generated/altera_xcvr_native_a10_170/synth/pcie_mgmt_master.sv	4101	2026-08-14T00:49:24.253285+00:00	484c1e2e3c97826d43e3c31f22317d9d7070f102056976d6e5414c43805ed635	project-source-or-doc
week02/v01/rxpol_both_diag/work_wrphy_rxpol/wr_arria10_e3p1_phy/wr_arria10_e3p1_phy/generated/altera_xcvr_native_a10_170/synth/pcie_mgmt_program.sv	34055	2026-08-14T00:49:24.250285+00:00	0e56973bedfb44f3c1a5d77b065e9a9b0ea08e36ee5629a29f0c0b41f78ea570	project-source-or-doc
week02/v01/rxpol_both_diag/work_wrphy_rxpol/wr_arria10_e3p1_phy/wr_arria10_e3p1_phy/generated/altera_xcvr_native_a10_170/synth/twentynm_pcs.sv	3923500	2026-08-14T00:49:24.194285+00:00	018322e9fd8f5713717cb9a161f4bb757a798b92ea56d99ece905ac205d41012	project-source-or-doc
week02/v01/rxpol_both_diag/work_wrphy_rxpol/wr_arria10_e3p1_phy/wr_arria10_e3p1_phy/generated/altera_xcvr_native_a10_170/synth/twentynm_pma.sv	749520	2026-08-14T00:49:24.204285+00:00	892dcb9e06a7da940bf992fa5735fcb4dc853921ce97a15a08454e3f9a7c9600	project-source-or-doc
week02/v01/rxpol_both_diag/work_wrphy_rxpol/wr_arria10_e3p1_phy/wr_arria10_e3p1_phy/generated/altera_xcvr_native_a10_170/synth/twentynm_xcvr_avmm.sv	31631	2026-08-14T00:49:24.206285+00:00	deebb6f797ebc0bfc8e9a970de271a65a1b1e141eadadb7adac8abe4619be30a	project-source-or-doc
week02/v01/rxpol_both_diag/work_wrphy_rxpol/wr_arria10_e3p1_phy/wr_arria10_e3p1_phy/generated/altera_xcvr_native_a10_170/synth/twentynm_xcvr_native.sv	2809783	2026-08-14T00:49:24.234285+00:00	bb61a4682369dab26bf1a12483f3e07f07bae8e01e199d3442d4aa18e6d112c6	project-source-or-doc
week02/v01/rxpol_both_diag/work_wrphy_rxpol/wr_arria10_e3p1_phy/wr_arria10_e3p1_phy/generated/altera_xcvr_native_a10_170/synth/wr_arria10_e3p1_phy_altera_xcvr_native_a10_170_aqgtcoa.sv	271655	2026-08-14T00:49:24.359284+00:00	0f8dbd07ea20f5ba07959ee21c2aaba26c359e7df057d39c7840a4843176d555	project-source-or-doc
week02/v01/rxpol_both_diag/work_wrphy_rxpol/wr_arria10_e3p1_phy/wr_arria10_e3p1_phy/generated/synth/wr_arria10_e3p1_phy.v	763569	2026-08-14T00:49:24.147286+00:00	343e0111334d1def195cd3a3bbfad31b02b26d42aa68146690bc293f86c90ce0	project-source-or-doc
week02/v01/rxpol_both_diag/work_wrphy_rxpol/wr_arria10_e3p1_phy/wr_arria10_e3p1_phy/generated/synth/wr_arria10_e3p1_phy_cfg.v	229	2026-08-14T00:49:24.418284+00:00	6b10fa2417a2ca78b455c4f6c7587a46da2f5977a9adedc87b6d1a88aa62110c	project-source-or-doc
week02/v01/rxpol_both_diag/work_wrphy_rxpol/wr_arria10_e3p1_phy/wr_arria10_e3p1_phy/generated/wr_arria10_e3p1_phy.qip	76326	2026-08-14T00:49:24.394284+00:00	87c9b649510e39b5df501ad3082e3a88de2d54aa7d46ae713d5b679fae2bf85e	project-source-or-doc
week02/v01/rxpol_both_diag/work_wrphy_rxpol/wr_arria10_e3p1_phy/wr_arria10_e3p1_phy/generated/wr_arria10_e3p1_phy_generation.rpt	5401	2026-08-14T00:49:24.396284+00:00	4d6405efa1ea6b1b080d695afc4418acdde759813516707aa3450961b8a2ef1f	artifact-or-log
week02/v01/rxpol_both_diag/work_wrphy_rxpol/wr_arria10_e3p1_phy/wr_arria10_e3p1_phy.tcl	223	2026-08-14T00:38:05.717158+00:00	50e34072e0446a5a3a853c41d034ab4ba6ffb60bb52fa9bede75153d0bda1213	project-source-or-doc
week02/v01/rxpol_both_diag/work_wrphy_rxpol/wr_arria10_e3p1_phy/wr_arria10_e3p1_rst_ctl/generated/altera_xcvr_reset_control_170/synth/alt_xcvr_reset_counter.sv	5557	2026-08-14T00:49:40.454191+00:00	fc13c3901e222a1deb51b2149a9076b352a2823aed4d17980f59170bce2b1cef	project-source-or-doc
week02/v01/rxpol_both_diag/work_wrphy_rxpol/wr_arria10_e3p1_phy/wr_arria10_e3p1_rst_ctl/generated/altera_xcvr_reset_control_170/synth/alt_xcvr_resync.sv	3995	2026-08-14T00:49:40.449191+00:00	fb4f01a93eec1603e06d2ec0f43200aaa408418ba441caa5be0838aea5f8ce3f	project-source-or-doc
week02/v01/rxpol_both_diag/work_wrphy_rxpol/wr_arria10_e3p1_phy/wr_arria10_e3p1_rst_ctl/generated/altera_xcvr_reset_control_170/synth/altera_xcvr_functions.sv	34366	2026-08-14T00:49:40.447191+00:00	16cc8a916bb3d68e0ab5539de1f18327c421bd534fb5dca2c2b29c621664fae0	project-source-or-doc
week02/v01/rxpol_both_diag/work_wrphy_rxpol/wr_arria10_e3p1_phy/wr_arria10_e3p1_rst_ctl/generated/altera_xcvr_reset_control_170/synth/altera_xcvr_reset_control.sv	21365	2026-08-14T00:49:40.452191+00:00	e9ebba3434b552d516b54dc3f5d5142894b5b07df4664c4bc1e7a6b2ddfa9a39	project-source-or-doc
week02/v01/rxpol_both_diag/work_wrphy_rxpol/wr_arria10_e3p1_phy/wr_arria10_e3p1_rst_ctl/generated/synth/wr_arria10_e3p1_rst_ctl.v	3228	2026-08-14T00:49:40.408191+00:00	68952f1eb7c1f70952903fc6847525729bd7f4283f93e944f30cdf73757ad92f	project-source-or-doc
week02/v01/rxpol_both_diag/work_wrphy_rxpol/wr_arria10_e3p1_phy/wr_arria10_e3p1_rst_ctl/generated/synth/wr_arria10_e3p1_rst_ctl_cfg.v	222	2026-08-14T00:49:40.496191+00:00	50083104a0f62e7a98927e52ce3998147ef8a2a633f7ec9da3c67fc7cbbc8576	project-source-or-doc
week02/v01/rxpol_both_diag/work_wrphy_rxpol/wr_arria10_e3p1_phy/wr_arria10_e3p1_rst_ctl/generated/wr_arria10_e3p1_rst_ctl.qip	13542	2026-08-14T00:49:40.466191+00:00	305589e8c6ee8286e09a56e0764c812f590a759ce246fa0b714ae5846e591a2c	project-source-or-doc
week02/v01/rxpol_both_diag/work_wrphy_rxpol/wr_arria10_e3p1_phy/wr_arria10_e3p1_rst_ctl/generated/wr_arria10_e3p1_rst_ctl_generation.rpt	2390	2026-08-14T00:49:40.467191+00:00	df6d531a0615d7112f6d1f3a9e98d5f70308c59029a18f93eb7cfeb9c88eae85	artifact-or-log
week02/v01/rxpol_both_diag/work_wrphy_rxpol/wr_arria10_e3p1_phy/wr_arria10_e3p1_tx_pll/generated/altera_xcvr_fpll_a10_170/synth/a10_avmm_h.sv	6843	2026-08-14T00:49:28.603260+00:00	4de7b95286ea2574efe02ad5e95d78db78a3a1c51aa1cdcd8fc5b14b11b38f7b	project-source-or-doc
week02/v01/rxpol_both_diag/work_wrphy_rxpol/wr_arria10_e3p1_phy/wr_arria10_e3p1_tx_pll/generated/altera_xcvr_fpll_a10_170/synth/alt_xcvr_native_avmm_nf.sv	8763	2026-08-14T00:49:28.631260+00:00	8ca48b1a93402420ed88e5bdc750bd3dfe44e478a48aaa4fbadfa0669ee105de	project-source-or-doc
week02/v01/rxpol_both_diag/work_wrphy_rxpol/wr_arria10_e3p1_phy/wr_arria10_e3p1_tx_pll/generated/altera_xcvr_fpll_a10_170/synth/alt_xcvr_pll_avmm_csr.sv	10422	2026-08-14T00:49:28.643260+00:00	85287a923f06c021f577bc1e4926d3df7be3df14803a3a04f7f0d45d0fd58d90	project-source-or-doc
week02/v01/rxpol_both_diag/work_wrphy_rxpol/wr_arria10_e3p1_phy/wr_arria10_e3p1_tx_pll/generated/altera_xcvr_fpll_a10_170/synth/alt_xcvr_pll_embedded_debug.sv	2887	2026-08-14T00:49:28.635260+00:00	c20b30f416253a675abd01bc195d415bcaabbdc5bef07d24357582de788902b9	project-source-or-doc
week02/v01/rxpol_both_diag/work_wrphy_rxpol/wr_arria10_e3p1_phy/wr_arria10_e3p1_tx_pll/generated/altera_xcvr_fpll_a10_170/synth/alt_xcvr_resync.sv	3995	2026-08-14T00:49:28.586260+00:00	fb4f01a93eec1603e06d2ec0f43200aaa408418ba441caa5be0838aea5f8ce3f	project-source-or-doc
week02/v01/rxpol_both_diag/work_wrphy_rxpol/wr_arria10_e3p1_phy/wr_arria10_e3p1_tx_pll/generated/altera_xcvr_fpll_a10_170/synth/altera_xcvr_fpll_a10.sv	70559	2026-08-14T00:49:28.601260+00:00	03753530022d99417bec7881f18747d2a27ce4a7721c2a5021cfd418df5a6d43	project-source-or-doc
week02/v01/rxpol_both_diag/work_wrphy_rxpol/wr_arria10_e3p1_phy/wr_arria10_e3p1_tx_pll/generated/altera_xcvr_fpll_a10_170/synth/twentynm_xcvr_avmm.sv	31631	2026-08-14T00:49:28.583260+00:00	deebb6f797ebc0bfc8e9a970de271a65a1b1e141eadadb7adac8abe4619be30a	project-source-or-doc
week02/v01/rxpol_both_diag/work_wrphy_rxpol/wr_arria10_e3p1_phy/wr_arria10_e3p1_tx_pll/generated/synth/wr_arria10_e3p1_tx_pll.v	25539	2026-08-14T00:49:28.577260+00:00	4925d8634439c48848212bd5cd1079a9d18a4d14ccbaf8ad6b68ec73aaa53581	project-source-or-doc
week02/v01/rxpol_both_diag/work_wrphy_rxpol/wr_arria10_e3p1_phy/wr_arria10_e3p1_tx_pll/generated/synth/wr_arria10_e3p1_tx_pll_cfg.v	203	2026-08-14T00:49:28.791259+00:00	a2c4c3a0bf58503dbd62372ddd54510c4121a494b1750bb93860e780804008af	project-source-or-doc
week02/v01/rxpol_both_diag/work_wrphy_rxpol/wr_arria10_e3p1_phy/wr_arria10_e3p1_tx_pll/generated/wr_arria10_e3p1_tx_pll.qip	80458	2026-08-14T00:49:28.661259+00:00	334f5d5612e9925d7b9ea9791f5e301d22be6ee8c1649b0bbc3f48f2d4a4cc6f	project-source-or-doc
week02/v01/rxpol_both_diag/work_wrphy_rxpol/wr_arria10_e3p1_phy/wr_arria10_e3p1_tx_pll/generated/wr_arria10_e3p1_tx_pll_generation.rpt	3140	2026-08-14T00:49:28.662259+00:00	bc1d5b61c17fd35c06eeb121456f9162ac2d81925d7ee2a2e7b87431afe321f3	artifact-or-log
week02/v01/rxpol_diag/DE5a_wr_master.sdc	263	2026-08-14T15:47:32.659832+00:00	b6a17ee37da9242677c038f3e18ec4251c38727515002a1bf2a83f39ee88d9b8	project-source-or-doc
week02/v01/rxpol_diag/DE5a_wr_slave_rxpol.qpf	66	2026-08-14T14:15:22.637191+00:00	5d76de6384cde4439e021b1e420660b78db6fe0b5e50f2f4c407467884898c59	project-source-or-doc
week02/v01/rxpol_diag/DE5a_wr_slave_rxpol.qsf	33779	2026-08-14T14:15:46.114054+00:00	95b1afe91575a4443a4025b2c05f8a777d78e6b47f46e082e704a21000e2f9d4	project-source-or-doc
week02/v01/rxpol_diag/DE5a_wr_slave_rxpol.vhd	16445	2026-08-14T13:04:45.559832+00:00	ee79103b127fda29f92f70591ff5a31bed6ec49d2eea7b23d5bef56321eb5bf7	project-source-or-doc
week02/v01/rxpol_diag/output_files_slave_rxpol/DE5a_wr_slave_rxpol.asm.rpt	4567	2026-08-14T14:22:30.967700+00:00	24105a1a331acb2c1ba94486c4c95132686847462a1b300faf3693d59b2ad330	generated-artifact
week02/v01/rxpol_diag/output_files_slave_rxpol/DE5a_wr_slave_rxpol.fit.rpt	1770096	2026-08-14T14:22:02.850864+00:00	2a0adfb88915a779636b397323eed824cf34fff5d642a96015f348004f16116b	generated-artifact
week02/v01/rxpol_diag/output_files_slave_rxpol/DE5a_wr_slave_rxpol.fit.summary	642	2026-08-14T14:22:02.203868+00:00	4d0f16496c0b53c329cd26c4089fa87f952a45ae5f67466a4c85ff45f2ffb821	generated-artifact
week02/v01/rxpol_diag/output_files_slave_rxpol/DE5a_wr_slave_rxpol.flow.rpt	11697	2026-08-14T14:22:41.705638+00:00	c5800d7cf1dd2a790d2ed29fc286106a9f6b95fe1a6f29f950767f76ab559a9e	generated-artifact
week02/v01/rxpol_diag/output_files_slave_rxpol/DE5a_wr_slave_rxpol.map.rpt	3337978	2026-08-14T14:17:06.978584+00:00	4f57e597914083da45f0edbdc2357306f84b9aff1cb6b6fa84a48c8096dcf228	generated-artifact
week02/v01/rxpol_diag/output_files_slave_rxpol/DE5a_wr_slave_rxpol.map.summary	454	2026-08-14T14:17:06.865585+00:00	f86ef1f1aaf114c81a7d752d86d15d50f0de595f77b49592678b670c6ea918f2	generated-artifact
week02/v01/rxpol_diag/output_files_slave_rxpol/DE5a_wr_slave_rxpol.sof	36763219	2026-08-14T14:22:31.358698+00:00	1ef73b5b5d9b921cb1207335840d454cda8fe04100ba0b80335e80a808265be8	generated-artifact
week02/v01/rxpol_diag/output_files_slave_rxpol/DE5a_wr_slave_rxpol.sta.rpt	175318	2026-08-14T14:22:41.703638+00:00	0747572c8a386ddb24fcbb334d650bda11480d90309e228137f44360aa923df6	generated-artifact
week02/v01/rxpol_diag/output_files_slave_rxpol/DE5a_wr_slave_rxpol.sta.summary	17244	2026-08-14T14:22:41.029642+00:00	4f8e5ae20b952a93855a14cdcf6f20572597608cef77e26d48d3e87507a8e08e	generated-artifact
week02/v01/rxpol_diag/work_wrphy_rxpol/wr_arria10_e3p1_phy/Manifest.py	353	2026-08-14T00:38:05.717158+00:00	013e77bcef323fccb0b159e3044d7fecc0432843f1686e97eb21b8a85e5d5e85	project-source-or-doc
week02/v01/rxpol_diag/work_wrphy_rxpol/wr_arria10_e3p1_phy/wr_arria10_e3p1_atx_pll/generated/altera_xcvr_atx_pll_a10_170/synth/a10_avmm_h.sv	6843	2026-08-14T00:49:31.692242+00:00	4de7b95286ea2574efe02ad5e95d78db78a3a1c51aa1cdcd8fc5b14b11b38f7b	project-source-or-doc
week02/v01/rxpol_diag/work_wrphy_rxpol/wr_arria10_e3p1_phy/wr_arria10_e3p1_atx_pll/generated/altera_xcvr_atx_pll_a10_170/synth/a10_xcvr_atx_pll.sv	36205	2026-08-14T00:49:31.718242+00:00	aba11f61a4c4a7a4f66f814e2c16d453afdc08a65eeebc46adf1cbc919cb6dce	project-source-or-doc
week02/v01/rxpol_diag/work_wrphy_rxpol/wr_arria10_e3p1_phy/wr_arria10_e3p1_atx_pll/generated/altera_xcvr_atx_pll_a10_170/synth/alt_xcvr_arbiter.sv	2865	2026-08-14T00:49:31.690242+00:00	9f0c59a5482f49b010df713049ec0f8b54f0733f4f5a69b2796b2470e0bda350	project-source-or-doc
week02/v01/rxpol_diag/work_wrphy_rxpol/wr_arria10_e3p1_phy/wr_arria10_e3p1_atx_pll/generated/altera_xcvr_atx_pll_a10_170/synth/alt_xcvr_atx_pll_rcfg_arb.sv	6110	2026-08-14T00:49:31.709242+00:00	4c55b3fc2a3bf92f1985e9254ca309525f64cf63775fd45d32d3fa543dcdbd17	project-source-or-doc
week02/v01/rxpol_diag/work_wrphy_rxpol/wr_arria10_e3p1_phy/wr_arria10_e3p1_atx_pll/generated/altera_xcvr_atx_pll_a10_170/synth/alt_xcvr_atx_pll_rcfg_opt_logic_7zpwg4q.sv	25836	2026-08-14T00:49:31.742242+00:00	82801db43696f96d3fa18d3c32a58ed992f0d4657cdd899685cae469a0766d5b	project-source-or-doc
week02/v01/rxpol_diag/work_wrphy_rxpol/wr_arria10_e3p1_phy/wr_arria10_e3p1_atx_pll/generated/altera_xcvr_atx_pll_a10_170/synth/alt_xcvr_pll_avmm_csr.sv	10422	2026-08-14T00:49:31.721242+00:00	85287a923f06c021f577bc1e4926d3df7be3df14803a3a04f7f0d45d0fd58d90	project-source-or-doc
week02/v01/rxpol_diag/work_wrphy_rxpol/wr_arria10_e3p1_phy/wr_arria10_e3p1_atx_pll/generated/altera_xcvr_atx_pll_a10_170/synth/alt_xcvr_pll_embedded_debug.sv	2887	2026-08-14T00:49:31.720242+00:00	c20b30f416253a675abd01bc195d415bcaabbdc5bef07d24357582de788902b9	project-source-or-doc
week02/v01/rxpol_diag/work_wrphy_rxpol/wr_arria10_e3p1_phy/wr_arria10_e3p1_atx_pll/generated/altera_xcvr_atx_pll_a10_170/synth/alt_xcvr_resync.sv	3995	2026-08-14T00:49:31.689242+00:00	fb4f01a93eec1603e06d2ec0f43200aaa408418ba441caa5be0838aea5f8ce3f	project-source-or-doc
week02/v01/rxpol_diag/work_wrphy_rxpol/wr_arria10_e3p1_phy/wr_arria10_e3p1_atx_pll/generated/altera_xcvr_atx_pll_a10_170/synth/altera_xcvr_native_a10_functions_h.sv	6352	2026-08-14T00:49:31.693242+00:00	d7398bd0761128e03544944a336ebfc0a57d1b9785c82d9496424c936173b755	project-source-or-doc
week02/v01/rxpol_diag/work_wrphy_rxpol/wr_arria10_e3p1_phy/wr_arria10_e3p1_atx_pll/generated/altera_xcvr_atx_pll_a10_170/synth/twentynm_xcvr_avmm.sv	31631	2026-08-14T00:49:31.687242+00:00	deebb6f797ebc0bfc8e9a970de271a65a1b1e141eadadb7adac8abe4619be30a	project-source-or-doc
week02/v01/rxpol_diag/work_wrphy_rxpol/wr_arria10_e3p1_phy/wr_arria10_e3p1_atx_pll/generated/altera_xcvr_atx_pll_a10_170/synth/wr_arria10_e3p1_atx_pll_altera_xcvr_atx_pll_a10_170_7zpwg4q.sv	46827	2026-08-14T00:49:31.737242+00:00	891d9eb3dead4d9db01d9bc0badde4c0e5764c295b62051ff818740c72c45b57	project-source-or-doc
week02/v01/rxpol_diag/work_wrphy_rxpol/wr_arria10_e3p1_phy/wr_arria10_e3p1_atx_pll/generated/synth/wr_arria10_e3p1_atx_pll.v	12191	2026-08-14T00:49:31.682242+00:00	a4481a0a5520a2cb639654c8c00a02037991365d0a2f32a3a47c3c1303d86413	project-source-or-doc
week02/v01/rxpol_diag/work_wrphy_rxpol/wr_arria10_e3p1_phy/wr_arria10_e3p1_atx_pll/generated/synth/wr_arria10_e3p1_atx_pll_cfg.v	252	2026-08-14T00:49:31.873241+00:00	6c1c385dcb2706f03c6df267378b5ad1bbf56acc65dbbb6f40944f211a7f9221	project-source-or-doc
week02/v01/rxpol_diag/work_wrphy_rxpol/wr_arria10_e3p1_phy/wr_arria10_e3p1_atx_pll/generated/wr_arria10_e3p1_atx_pll.qip	83107	2026-08-14T00:49:31.762241+00:00	c3d14c8af051b8dcc50de276eef7c7a662b2184229fe4d4dafa488d6317cb1d8	project-source-or-doc
week02/v01/rxpol_diag/work_wrphy_rxpol/wr_arria10_e3p1_phy/wr_arria10_e3p1_atx_pll/generated/wr_arria10_e3p1_atx_pll_generation.rpt	3258	2026-08-14T00:49:31.763241+00:00	718baad09867cbebc126d66388d22a798dab9ac65738774dc295e97d957cfbd7	artifact-or-log
week02/v01/rxpol_diag/work_wrphy_rxpol/wr_arria10_e3p1_phy/wr_arria10_e3p1_cmu_pll/generated/altera_xcvr_cdr_pll_a10_170/synth/a10_avmm_h.sv	6843	2026-08-14T00:49:34.224227+00:00	4de7b95286ea2574efe02ad5e95d78db78a3a1c51aa1cdcd8fc5b14b11b38f7b	project-source-or-doc
week02/v01/rxpol_diag/work_wrphy_rxpol/wr_arria10_e3p1_phy/wr_arria10_e3p1_cmu_pll/generated/altera_xcvr_cdr_pll_a10_170/synth/alt_xcvr_native_avmm_nf.sv	8763	2026-08-14T00:49:34.226227+00:00	8ca48b1a93402420ed88e5bdc750bd3dfe44e478a48aaa4fbadfa0669ee105de	project-source-or-doc
week02/v01/rxpol_diag/work_wrphy_rxpol/wr_arria10_e3p1_phy/wr_arria10_e3p1_cmu_pll/generated/altera_xcvr_cdr_pll_a10_170/synth/alt_xcvr_pll_avmm_csr.sv	10422	2026-08-14T00:49:34.228227+00:00	85287a923f06c021f577bc1e4926d3df7be3df14803a3a04f7f0d45d0fd58d90	project-source-or-doc
week02/v01/rxpol_diag/work_wrphy_rxpol/wr_arria10_e3p1_phy/wr_arria10_e3p1_cmu_pll/generated/altera_xcvr_cdr_pll_a10_170/synth/alt_xcvr_pll_embedded_debug.sv	2887	2026-08-14T00:49:34.227227+00:00	c20b30f416253a675abd01bc195d415bcaabbdc5bef07d24357582de788902b9	project-source-or-doc
week02/v01/rxpol_diag/work_wrphy_rxpol/wr_arria10_e3p1_phy/wr_arria10_e3p1_cmu_pll/generated/altera_xcvr_cdr_pll_a10_170/synth/alt_xcvr_resync.sv	3995	2026-08-14T00:49:34.219227+00:00	fb4f01a93eec1603e06d2ec0f43200aaa408418ba441caa5be0838aea5f8ce3f	project-source-or-doc
week02/v01/rxpol_diag/work_wrphy_rxpol/wr_arria10_e3p1_phy/wr_arria10_e3p1_cmu_pll/generated/altera_xcvr_cdr_pll_a10_170/synth/altera_xcvr_cdr_pll_a10.sv	42324	2026-08-14T00:49:34.223227+00:00	9bbed8c2c3e79523c6cee8ffa1366d344afdc9fd1f4158e5d01e42167a82d659	project-source-or-doc
week02/v01/rxpol_diag/work_wrphy_rxpol/wr_arria10_e3p1_phy/wr_arria10_e3p1_cmu_pll/generated/altera_xcvr_cdr_pll_a10_170/synth/twentynm_xcvr_avmm.sv	31631	2026-08-14T00:49:34.217227+00:00	deebb6f797ebc0bfc8e9a970de271a65a1b1e141eadadb7adac8abe4619be30a	project-source-or-doc
week02/v01/rxpol_diag/work_wrphy_rxpol/wr_arria10_e3p1_phy/wr_arria10_e3p1_cmu_pll/generated/synth/wr_arria10_e3p1_cmu_pll.v	8634	2026-08-14T00:49:34.210227+00:00	482e8a052528140998256b7a9319f67464b49bb55c5e712bf01482c9ad15ea5e	project-source-or-doc
week02/v01/rxpol_diag/work_wrphy_rxpol/wr_arria10_e3p1_phy/wr_arria10_e3p1_cmu_pll/generated/synth/wr_arria10_e3p1_cmu_pll_cfg.v	216	2026-08-14T00:49:34.328227+00:00	86e5f9b3187f67ae09376b8ed2cd7dcd24a06e2c734473260e5f75cb8a1d78d8	project-source-or-doc
week02/v01/rxpol_diag/work_wrphy_rxpol/wr_arria10_e3p1_phy/wr_arria10_e3p1_cmu_pll/generated/wr_arria10_e3p1_cmu_pll.qip	31499	2026-08-14T00:49:34.242227+00:00	c6fe15e44c8205d33ddc1f0a5355386fca5019f3eb9a2f26f956c19f0064bcbf	project-source-or-doc
week02/v01/rxpol_diag/work_wrphy_rxpol/wr_arria10_e3p1_phy/wr_arria10_e3p1_cmu_pll/generated/wr_arria10_e3p1_cmu_pll_generation.rpt	3206	2026-08-14T00:49:34.243227+00:00	3ecff0aea62b19cb58c9855132cd761ffbe6b8de8862d02cd9267b545646333c	artifact-or-log
week02/v01/rxpol_diag/work_wrphy_rxpol/wr_arria10_e3p1_phy/wr_arria10_e3p1_det_phy/generated/altera_xcvr_native_a10_170/synth/a10_avmm_h.sv	6843	2026-08-14T00:49:37.904206+00:00	4de7b95286ea2574efe02ad5e95d78db78a3a1c51aa1cdcd8fc5b14b11b38f7b	project-source-or-doc
week02/v01/rxpol_diag/work_wrphy_rxpol/wr_arria10_e3p1_phy/wr_arria10_e3p1_det_phy/generated/altera_xcvr_native_a10_170/synth/alt_xcvr_arbiter.sv	2865	2026-08-14T00:49:37.820206+00:00	9f0c59a5482f49b010df713049ec0f8b54f0733f4f5a69b2796b2470e0bda350	project-source-or-doc
week02/v01/rxpol_diag/work_wrphy_rxpol/wr_arria10_e3p1_phy/wr_arria10_e3p1_det_phy/generated/altera_xcvr_native_a10_170/synth/alt_xcvr_native_avmm_csr.sv	29691	2026-08-14T00:49:37.907206+00:00	57766b5260a20de7fd3afd4381506b5e845cb7e4c7bb0792ca4ac16ad2c722f6	project-source-or-doc
week02/v01/rxpol_diag/work_wrphy_rxpol/wr_arria10_e3p1_phy/wr_arria10_e3p1_det_phy/generated/altera_xcvr_native_a10_170/synth/alt_xcvr_native_odi_accel.sv	16027	2026-08-14T00:49:37.910206+00:00	558b1156cfd912c167538fb5dde659fafe7ccae05aeb71a77df9d4f294f2cacf	project-source-or-doc
week02/v01/rxpol_diag/work_wrphy_rxpol/wr_arria10_e3p1_phy/wr_arria10_e3p1_det_phy/generated/altera_xcvr_native_a10_170/synth/alt_xcvr_native_pipe_retry.sv	11070	2026-08-14T00:49:37.905206+00:00	14e3dc7ab1a43b380e2d52e3553255d195c410596d7838492e1c9547065baccd	project-source-or-doc
week02/v01/rxpol_diag/work_wrphy_rxpol/wr_arria10_e3p1_phy/wr_arria10_e3p1_det_phy/generated/altera_xcvr_native_a10_170/synth/alt_xcvr_native_prbs_accum.sv	9326	2026-08-14T00:49:37.908206+00:00	0d7a77d72ea78ce126b256994f32a96d5dc8e218958c776bf99a1a513fb6fa61	project-source-or-doc
week02/v01/rxpol_diag/work_wrphy_rxpol/wr_arria10_e3p1_phy/wr_arria10_e3p1_det_phy/generated/altera_xcvr_native_a10_170/synth/alt_xcvr_native_rcfg_arb.sv	7056	2026-08-14T00:49:37.911206+00:00	d44352cdabe4e3ed2e7f1bdf6227bee2859f8f1007119056aaf754300c89a425	project-source-or-doc
week02/v01/rxpol_diag/work_wrphy_rxpol/wr_arria10_e3p1_phy/wr_arria10_e3p1_det_phy/generated/altera_xcvr_native_a10_170/synth/alt_xcvr_native_rcfg_opt_logic_6qfnzyy.sv	43214	2026-08-14T00:49:38.031205+00:00	82e9603ed06fe37e45db0a4ec2b65f478e1e240858a26689377443c61319884a	project-source-or-doc
week02/v01/rxpol_diag/work_wrphy_rxpol/wr_arria10_e3p1_phy/wr_arria10_e3p1_det_phy/generated/altera_xcvr_native_a10_170/synth/alt_xcvr_resync.sv	3995	2026-08-14T00:49:37.818206+00:00	fb4f01a93eec1603e06d2ec0f43200aaa408418ba441caa5be0838aea5f8ce3f	project-source-or-doc
week02/v01/rxpol_diag/work_wrphy_rxpol/wr_arria10_e3p1_phy/wr_arria10_e3p1_det_phy/generated/altera_xcvr_native_a10_170/synth/altera_xcvr_native_a10_false_paths.sdc	13063	2026-08-14T00:49:37.912206+00:00	1af49f790a4396817e780051aa6daf9b58b9b44346e538ef4e92c5a32999fda4	project-source-or-doc
week02/v01/rxpol_diag/work_wrphy_rxpol/wr_arria10_e3p1_phy/wr_arria10_e3p1_det_phy/generated/altera_xcvr_native_a10_170/synth/altera_xcvr_native_a10_functions_h.sv	6352	2026-08-14T00:49:37.903206+00:00	d7398bd0761128e03544944a336ebfc0a57d1b9785c82d9496424c936173b755	project-source-or-doc
week02/v01/rxpol_diag/work_wrphy_rxpol/wr_arria10_e3p1_phy/wr_arria10_e3p1_det_phy/generated/altera_xcvr_native_a10_170/synth/altera_xcvr_native_pcie_dfe_ip.sv	16136	2026-08-14T00:49:37.921206+00:00	35bb5c538d5d5cfb546b119822cc64455825e4ba80509d93d49041fcac47411f	project-source-or-doc
week02/v01/rxpol_diag/work_wrphy_rxpol/wr_arria10_e3p1_phy/wr_arria10_e3p1_det_phy/generated/altera_xcvr_native_a10_170/synth/altera_xcvr_native_pcie_dfe_params_h.sv	2952	2026-08-14T00:49:37.913206+00:00	cd41dd74fcf3bac5ae393323e0a26a33893821005a004c2a33a8ee6956391ebb	project-source-or-doc
week02/v01/rxpol_diag/work_wrphy_rxpol/wr_arria10_e3p1_phy/wr_arria10_e3p1_det_phy/generated/altera_xcvr_native_a10_170/synth/pcie_mgmt_commands_h.sv	11541	2026-08-14T00:49:37.914206+00:00	a20b29390f9ea1b28f5dc663507190ce8bdfaed106fd90b45044e0ab4f4d6b70	project-source-or-doc
week02/v01/rxpol_diag/work_wrphy_rxpol/wr_arria10_e3p1_phy/wr_arria10_e3p1_det_phy/generated/altera_xcvr_native_a10_170/synth/pcie_mgmt_cpu.sv	12207	2026-08-14T00:49:37.918206+00:00	0b4bb1e2b577c6b11b53d709eb712b1a07f7ce1bd9a27947721e367fc6e158ff	project-source-or-doc
week02/v01/rxpol_diag/work_wrphy_rxpol/wr_arria10_e3p1_phy/wr_arria10_e3p1_det_phy/generated/altera_xcvr_native_a10_170/synth/pcie_mgmt_functions_h.sv	12848	2026-08-14T00:49:37.916206+00:00	420a9d4af788dd34baa871c311095f36efcc232d5f2339cac40b32b8235b7160	project-source-or-doc
week02/v01/rxpol_diag/work_wrphy_rxpol/wr_arria10_e3p1_phy/wr_arria10_e3p1_det_phy/generated/altera_xcvr_native_a10_170/synth/pcie_mgmt_master.sv	4101	2026-08-14T00:49:37.920206+00:00	484c1e2e3c97826d43e3c31f22317d9d7070f102056976d6e5414c43805ed635	project-source-or-doc
week02/v01/rxpol_diag/work_wrphy_rxpol/wr_arria10_e3p1_phy/wr_arria10_e3p1_det_phy/generated/altera_xcvr_native_a10_170/synth/pcie_mgmt_program.sv	34055	2026-08-14T00:49:37.917206+00:00	0e56973bedfb44f3c1a5d77b065e9a9b0ea08e36ee5629a29f0c0b41f78ea570	project-source-or-doc
week02/v01/rxpol_diag/work_wrphy_rxpol/wr_arria10_e3p1_phy/wr_arria10_e3p1_det_phy/generated/altera_xcvr_native_a10_170/synth/twentynm_pcs.sv	3923500	2026-08-14T00:49:37.862206+00:00	018322e9fd8f5713717cb9a161f4bb757a798b92ea56d99ece905ac205d41012	project-source-or-doc
week02/v01/rxpol_diag/work_wrphy_rxpol/wr_arria10_e3p1_phy/wr_arria10_e3p1_det_phy/generated/altera_xcvr_native_a10_170/synth/twentynm_pma.sv	749520	2026-08-14T00:49:37.871206+00:00	892dcb9e06a7da940bf992fa5735fcb4dc853921ce97a15a08454e3f9a7c9600	project-source-or-doc
week02/v01/rxpol_diag/work_wrphy_rxpol/wr_arria10_e3p1_phy/wr_arria10_e3p1_det_phy/generated/altera_xcvr_native_a10_170/synth/twentynm_xcvr_avmm.sv	31631	2026-08-14T00:49:37.873206+00:00	deebb6f797ebc0bfc8e9a970de271a65a1b1e141eadadb7adac8abe4619be30a	project-source-or-doc
week02/v01/rxpol_diag/work_wrphy_rxpol/wr_arria10_e3p1_phy/wr_arria10_e3p1_det_phy/generated/altera_xcvr_native_a10_170/synth/twentynm_xcvr_native.sv	2809783	2026-08-14T00:49:37.901206+00:00	bb61a4682369dab26bf1a12483f3e07f07bae8e01e199d3442d4aa18e6d112c6	project-source-or-doc
week02/v01/rxpol_diag/work_wrphy_rxpol/wr_arria10_e3p1_phy/wr_arria10_e3p1_det_phy/generated/altera_xcvr_native_a10_170/synth/wr_arria10_e3p1_det_phy_altera_xcvr_native_a10_170_6qfnzyy.sv	271659	2026-08-14T00:49:38.025205+00:00	5b1a9217106b327d2a431948eace2beadc5193db724066ac467d4872007658f3	project-source-or-doc
week02/v01/rxpol_diag/work_wrphy_rxpol/wr_arria10_e3p1_phy/wr_arria10_e3p1_det_phy/generated/synth/wr_arria10_e3p1_det_phy.v	764285	2026-08-14T14:15:37.119107+00:00	47c410d6c5ef1e22603c39a2427bd0f73a44ecee691cb90abc22f32a71bfb483	project-source-or-doc
week02/v01/rxpol_diag/work_wrphy_rxpol/wr_arria10_e3p1_phy/wr_arria10_e3p1_det_phy/generated/synth/wr_arria10_e3p1_det_phy_cfg.v	249	2026-08-14T00:49:38.082205+00:00	3f8ecab72a088df5ee9e0096592eb24ed9761f77139af208ce9f259d2fb0285f	project-source-or-doc
week02/v01/rxpol_diag/work_wrphy_rxpol/wr_arria10_e3p1_phy/wr_arria10_e3p1_det_phy/generated/wr_arria10_e3p1_det_phy.qip	78202	2026-08-14T00:49:38.053205+00:00	430b1f7025cf67977092933916f7aa84f2c040a77b4029689af7b371241800cf	project-source-or-doc
week02/v01/rxpol_diag/work_wrphy_rxpol/wr_arria10_e3p1_phy/wr_arria10_e3p1_det_phy/generated/wr_arria10_e3p1_det_phy_generation.rpt	5498	2026-08-14T00:49:38.055205+00:00	67498d7c864e8a8a4de381b4542895f55f9aa1be52e6673b5dbc11e572134dc3	artifact-or-log
week02/v01/rxpol_diag/work_wrphy_rxpol/wr_arria10_e3p1_phy/wr_arria10_e3p1_phy/generated/altera_xcvr_native_a10_170/synth/a10_avmm_h.sv	6843	2026-08-14T00:49:24.238285+00:00	4de7b95286ea2574efe02ad5e95d78db78a3a1c51aa1cdcd8fc5b14b11b38f7b	project-source-or-doc
week02/v01/rxpol_diag/work_wrphy_rxpol/wr_arria10_e3p1_phy/wr_arria10_e3p1_phy/generated/altera_xcvr_native_a10_170/synth/alt_xcvr_arbiter.sv	2865	2026-08-14T00:49:24.156286+00:00	9f0c59a5482f49b010df713049ec0f8b54f0733f4f5a69b2796b2470e0bda350	project-source-or-doc
week02/v01/rxpol_diag/work_wrphy_rxpol/wr_arria10_e3p1_phy/wr_arria10_e3p1_phy/generated/altera_xcvr_native_a10_170/synth/alt_xcvr_native_avmm_csr.sv	29691	2026-08-14T00:49:24.240285+00:00	57766b5260a20de7fd3afd4381506b5e845cb7e4c7bb0792ca4ac16ad2c722f6	project-source-or-doc
week02/v01/rxpol_diag/work_wrphy_rxpol/wr_arria10_e3p1_phy/wr_arria10_e3p1_phy/generated/altera_xcvr_native_a10_170/synth/alt_xcvr_native_odi_accel.sv	16027	2026-08-14T00:49:24.243285+00:00	558b1156cfd912c167538fb5dde659fafe7ccae05aeb71a77df9d4f294f2cacf	project-source-or-doc
week02/v01/rxpol_diag/work_wrphy_rxpol/wr_arria10_e3p1_phy/wr_arria10_e3p1_phy/generated/altera_xcvr_native_a10_170/synth/alt_xcvr_native_pipe_retry.sv	11070	2026-08-14T00:49:24.239285+00:00	14e3dc7ab1a43b380e2d52e3553255d195c410596d7838492e1c9547065baccd	project-source-or-doc
week02/v01/rxpol_diag/work_wrphy_rxpol/wr_arria10_e3p1_phy/wr_arria10_e3p1_phy/generated/altera_xcvr_native_a10_170/synth/alt_xcvr_native_prbs_accum.sv	9326	2026-08-14T00:49:24.242285+00:00	0d7a77d72ea78ce126b256994f32a96d5dc8e218958c776bf99a1a513fb6fa61	project-source-or-doc
week02/v01/rxpol_diag/work_wrphy_rxpol/wr_arria10_e3p1_phy/wr_arria10_e3p1_phy/generated/altera_xcvr_native_a10_170/synth/alt_xcvr_native_rcfg_arb.sv	7056	2026-08-14T00:49:24.244285+00:00	d44352cdabe4e3ed2e7f1bdf6227bee2859f8f1007119056aaf754300c89a425	project-source-or-doc
week02/v01/rxpol_diag/work_wrphy_rxpol/wr_arria10_e3p1_phy/wr_arria10_e3p1_phy/generated/altera_xcvr_native_a10_170/synth/alt_xcvr_native_rcfg_opt_logic_aqgtcoa.sv	43214	2026-08-14T00:49:24.366284+00:00	5a54e1af4de910ab84e46ef25ca1a613502dc6fd8b064b84f4cf54d7798d7db0	project-source-or-doc
week02/v01/rxpol_diag/work_wrphy_rxpol/wr_arria10_e3p1_phy/wr_arria10_e3p1_phy/generated/altera_xcvr_native_a10_170/synth/alt_xcvr_resync.sv	3995	2026-08-14T00:49:24.154286+00:00	fb4f01a93eec1603e06d2ec0f43200aaa408418ba441caa5be0838aea5f8ce3f	project-source-or-doc
week02/v01/rxpol_diag/work_wrphy_rxpol/wr_arria10_e3p1_phy/wr_arria10_e3p1_phy/generated/altera_xcvr_native_a10_170/synth/altera_xcvr_native_a10_false_paths.sdc	13063	2026-08-14T00:49:24.245285+00:00	1af49f790a4396817e780051aa6daf9b58b9b44346e538ef4e92c5a32999fda4	project-source-or-doc
week02/v01/rxpol_diag/work_wrphy_rxpol/wr_arria10_e3p1_phy/wr_arria10_e3p1_phy/generated/altera_xcvr_native_a10_170/synth/altera_xcvr_native_a10_functions_h.sv	6352	2026-08-14T00:49:24.236285+00:00	d7398bd0761128e03544944a336ebfc0a57d1b9785c82d9496424c936173b755	project-source-or-doc
week02/v01/rxpol_diag/work_wrphy_rxpol/wr_arria10_e3p1_phy/wr_arria10_e3p1_phy/generated/altera_xcvr_native_a10_170/synth/altera_xcvr_native_pcie_dfe_ip.sv	16136	2026-08-14T00:49:24.254285+00:00	35bb5c538d5d5cfb546b119822cc64455825e4ba80509d93d49041fcac47411f	project-source-or-doc
week02/v01/rxpol_diag/work_wrphy_rxpol/wr_arria10_e3p1_phy/wr_arria10_e3p1_phy/generated/altera_xcvr_native_a10_170/synth/altera_xcvr_native_pcie_dfe_params_h.sv	2952	2026-08-14T00:49:24.246285+00:00	cd41dd74fcf3bac5ae393323e0a26a33893821005a004c2a33a8ee6956391ebb	project-source-or-doc
week02/v01/rxpol_diag/work_wrphy_rxpol/wr_arria10_e3p1_phy/wr_arria10_e3p1_phy/generated/altera_xcvr_native_a10_170/synth/pcie_mgmt_commands_h.sv	11541	2026-08-14T00:49:24.248285+00:00	a20b29390f9ea1b28f5dc663507190ce8bdfaed106fd90b45044e0ab4f4d6b70	project-source-or-doc
week02/v01/rxpol_diag/work_wrphy_rxpol/wr_arria10_e3p1_phy/wr_arria10_e3p1_phy/generated/altera_xcvr_native_a10_170/synth/pcie_mgmt_cpu.sv	12207	2026-08-14T00:49:24.252285+00:00	0b4bb1e2b577c6b11b53d709eb712b1a07f7ce1bd9a27947721e367fc6e158ff	project-source-or-doc
week02/v01/rxpol_diag/work_wrphy_rxpol/wr_arria10_e3p1_phy/wr_arria10_e3p1_phy/generated/altera_xcvr_native_a10_170/synth/pcie_mgmt_functions_h.sv	12848	2026-08-14T00:49:24.249285+00:00	420a9d4af788dd34baa871c311095f36efcc232d5f2339cac40b32b8235b7160	project-source-or-doc
week02/v01/rxpol_diag/work_wrphy_rxpol/wr_arria10_e3p1_phy/wr_arria10_e3p1_phy/generated/altera_xcvr_native_a10_170/synth/pcie_mgmt_master.sv	4101	2026-08-14T00:49:24.253285+00:00	484c1e2e3c97826d43e3c31f22317d9d7070f102056976d6e5414c43805ed635	project-source-or-doc
week02/v01/rxpol_diag/work_wrphy_rxpol/wr_arria10_e3p1_phy/wr_arria10_e3p1_phy/generated/altera_xcvr_native_a10_170/synth/pcie_mgmt_program.sv	34055	2026-08-14T00:49:24.250285+00:00	0e56973bedfb44f3c1a5d77b065e9a9b0ea08e36ee5629a29f0c0b41f78ea570	project-source-or-doc
week02/v01/rxpol_diag/work_wrphy_rxpol/wr_arria10_e3p1_phy/wr_arria10_e3p1_phy/generated/altera_xcvr_native_a10_170/synth/twentynm_pcs.sv	3923500	2026-08-14T00:49:24.194285+00:00	018322e9fd8f5713717cb9a161f4bb757a798b92ea56d99ece905ac205d41012	project-source-or-doc
week02/v01/rxpol_diag/work_wrphy_rxpol/wr_arria10_e3p1_phy/wr_arria10_e3p1_phy/generated/altera_xcvr_native_a10_170/synth/twentynm_pma.sv	749520	2026-08-14T00:49:24.204285+00:00	892dcb9e06a7da940bf992fa5735fcb4dc853921ce97a15a08454e3f9a7c9600	project-source-or-doc
week02/v01/rxpol_diag/work_wrphy_rxpol/wr_arria10_e3p1_phy/wr_arria10_e3p1_phy/generated/altera_xcvr_native_a10_170/synth/twentynm_xcvr_avmm.sv	31631	2026-08-14T00:49:24.206285+00:00	deebb6f797ebc0bfc8e9a970de271a65a1b1e141eadadb7adac8abe4619be30a	project-source-or-doc
week02/v01/rxpol_diag/work_wrphy_rxpol/wr_arria10_e3p1_phy/wr_arria10_e3p1_phy/generated/altera_xcvr_native_a10_170/synth/twentynm_xcvr_native.sv	2809783	2026-08-14T00:49:24.234285+00:00	bb61a4682369dab26bf1a12483f3e07f07bae8e01e199d3442d4aa18e6d112c6	project-source-or-doc
week02/v01/rxpol_diag/work_wrphy_rxpol/wr_arria10_e3p1_phy/wr_arria10_e3p1_phy/generated/altera_xcvr_native_a10_170/synth/wr_arria10_e3p1_phy_altera_xcvr_native_a10_170_aqgtcoa.sv	271655	2026-08-14T00:49:24.359284+00:00	0f8dbd07ea20f5ba07959ee21c2aaba26c359e7df057d39c7840a4843176d555	project-source-or-doc
week02/v01/rxpol_diag/work_wrphy_rxpol/wr_arria10_e3p1_phy/wr_arria10_e3p1_phy/generated/synth/wr_arria10_e3p1_phy.v	763569	2026-08-14T00:49:24.147286+00:00	343e0111334d1def195cd3a3bbfad31b02b26d42aa68146690bc293f86c90ce0	project-source-or-doc
week02/v01/rxpol_diag/work_wrphy_rxpol/wr_arria10_e3p1_phy/wr_arria10_e3p1_phy/generated/synth/wr_arria10_e3p1_phy_cfg.v	229	2026-08-14T00:49:24.418284+00:00	6b10fa2417a2ca78b455c4f6c7587a46da2f5977a9adedc87b6d1a88aa62110c	project-source-or-doc
week02/v01/rxpol_diag/work_wrphy_rxpol/wr_arria10_e3p1_phy/wr_arria10_e3p1_phy/generated/wr_arria10_e3p1_phy.qip	76326	2026-08-14T00:49:24.394284+00:00	87c9b649510e39b5df501ad3082e3a88de2d54aa7d46ae713d5b679fae2bf85e	project-source-or-doc
week02/v01/rxpol_diag/work_wrphy_rxpol/wr_arria10_e3p1_phy/wr_arria10_e3p1_phy/generated/wr_arria10_e3p1_phy_generation.rpt	5401	2026-08-14T00:49:24.396284+00:00	4d6405efa1ea6b1b080d695afc4418acdde759813516707aa3450961b8a2ef1f	artifact-or-log
week02/v01/rxpol_diag/work_wrphy_rxpol/wr_arria10_e3p1_phy/wr_arria10_e3p1_phy.tcl	223	2026-08-14T00:38:05.717158+00:00	50e34072e0446a5a3a853c41d034ab4ba6ffb60bb52fa9bede75153d0bda1213	project-source-or-doc
week02/v01/rxpol_diag/work_wrphy_rxpol/wr_arria10_e3p1_phy/wr_arria10_e3p1_rst_ctl/generated/altera_xcvr_reset_control_170/synth/alt_xcvr_reset_counter.sv	5557	2026-08-14T00:49:40.454191+00:00	fc13c3901e222a1deb51b2149a9076b352a2823aed4d17980f59170bce2b1cef	project-source-or-doc
week02/v01/rxpol_diag/work_wrphy_rxpol/wr_arria10_e3p1_phy/wr_arria10_e3p1_rst_ctl/generated/altera_xcvr_reset_control_170/synth/alt_xcvr_resync.sv	3995	2026-08-14T00:49:40.449191+00:00	fb4f01a93eec1603e06d2ec0f43200aaa408418ba441caa5be0838aea5f8ce3f	project-source-or-doc
week02/v01/rxpol_diag/work_wrphy_rxpol/wr_arria10_e3p1_phy/wr_arria10_e3p1_rst_ctl/generated/altera_xcvr_reset_control_170/synth/altera_xcvr_functions.sv	34366	2026-08-14T00:49:40.447191+00:00	16cc8a916bb3d68e0ab5539de1f18327c421bd534fb5dca2c2b29c621664fae0	project-source-or-doc
week02/v01/rxpol_diag/work_wrphy_rxpol/wr_arria10_e3p1_phy/wr_arria10_e3p1_rst_ctl/generated/altera_xcvr_reset_control_170/synth/altera_xcvr_reset_control.sv	21365	2026-08-14T00:49:40.452191+00:00	e9ebba3434b552d516b54dc3f5d5142894b5b07df4664c4bc1e7a6b2ddfa9a39	project-source-or-doc
week02/v01/rxpol_diag/work_wrphy_rxpol/wr_arria10_e3p1_phy/wr_arria10_e3p1_rst_ctl/generated/synth/wr_arria10_e3p1_rst_ctl.v	3228	2026-08-14T00:49:40.408191+00:00	68952f1eb7c1f70952903fc6847525729bd7f4283f93e944f30cdf73757ad92f	project-source-or-doc
week02/v01/rxpol_diag/work_wrphy_rxpol/wr_arria10_e3p1_phy/wr_arria10_e3p1_rst_ctl/generated/synth/wr_arria10_e3p1_rst_ctl_cfg.v	222	2026-08-14T00:49:40.496191+00:00	50083104a0f62e7a98927e52ce3998147ef8a2a633f7ec9da3c67fc7cbbc8576	project-source-or-doc
week02/v01/rxpol_diag/work_wrphy_rxpol/wr_arria10_e3p1_phy/wr_arria10_e3p1_rst_ctl/generated/wr_arria10_e3p1_rst_ctl.qip	13542	2026-08-14T00:49:40.466191+00:00	305589e8c6ee8286e09a56e0764c812f590a759ce246fa0b714ae5846e591a2c	project-source-or-doc
week02/v01/rxpol_diag/work_wrphy_rxpol/wr_arria10_e3p1_phy/wr_arria10_e3p1_rst_ctl/generated/wr_arria10_e3p1_rst_ctl_generation.rpt	2390	2026-08-14T00:49:40.467191+00:00	df6d531a0615d7112f6d1f3a9e98d5f70308c59029a18f93eb7cfeb9c88eae85	artifact-or-log
week02/v01/rxpol_diag/work_wrphy_rxpol/wr_arria10_e3p1_phy/wr_arria10_e3p1_tx_pll/generated/altera_xcvr_fpll_a10_170/synth/a10_avmm_h.sv	6843	2026-08-14T00:49:28.603260+00:00	4de7b95286ea2574efe02ad5e95d78db78a3a1c51aa1cdcd8fc5b14b11b38f7b	project-source-or-doc
week02/v01/rxpol_diag/work_wrphy_rxpol/wr_arria10_e3p1_phy/wr_arria10_e3p1_tx_pll/generated/altera_xcvr_fpll_a10_170/synth/alt_xcvr_native_avmm_nf.sv	8763	2026-08-14T00:49:28.631260+00:00	8ca48b1a93402420ed88e5bdc750bd3dfe44e478a48aaa4fbadfa0669ee105de	project-source-or-doc
week02/v01/rxpol_diag/work_wrphy_rxpol/wr_arria10_e3p1_phy/wr_arria10_e3p1_tx_pll/generated/altera_xcvr_fpll_a10_170/synth/alt_xcvr_pll_avmm_csr.sv	10422	2026-08-14T00:49:28.643260+00:00	85287a923f06c021f577bc1e4926d3df7be3df14803a3a04f7f0d45d0fd58d90	project-source-or-doc
week02/v01/rxpol_diag/work_wrphy_rxpol/wr_arria10_e3p1_phy/wr_arria10_e3p1_tx_pll/generated/altera_xcvr_fpll_a10_170/synth/alt_xcvr_pll_embedded_debug.sv	2887	2026-08-14T00:49:28.635260+00:00	c20b30f416253a675abd01bc195d415bcaabbdc5bef07d24357582de788902b9	project-source-or-doc
week02/v01/rxpol_diag/work_wrphy_rxpol/wr_arria10_e3p1_phy/wr_arria10_e3p1_tx_pll/generated/altera_xcvr_fpll_a10_170/synth/alt_xcvr_resync.sv	3995	2026-08-14T00:49:28.586260+00:00	fb4f01a93eec1603e06d2ec0f43200aaa408418ba441caa5be0838aea5f8ce3f	project-source-or-doc
week02/v01/rxpol_diag/work_wrphy_rxpol/wr_arria10_e3p1_phy/wr_arria10_e3p1_tx_pll/generated/altera_xcvr_fpll_a10_170/synth/altera_xcvr_fpll_a10.sv	70559	2026-08-14T00:49:28.601260+00:00	03753530022d99417bec7881f18747d2a27ce4a7721c2a5021cfd418df5a6d43	project-source-or-doc
week02/v01/rxpol_diag/work_wrphy_rxpol/wr_arria10_e3p1_phy/wr_arria10_e3p1_tx_pll/generated/altera_xcvr_fpll_a10_170/synth/twentynm_xcvr_avmm.sv	31631	2026-08-14T00:49:28.583260+00:00	deebb6f797ebc0bfc8e9a970de271a65a1b1e141eadadb7adac8abe4619be30a	project-source-or-doc
week02/v01/rxpol_diag/work_wrphy_rxpol/wr_arria10_e3p1_phy/wr_arria10_e3p1_tx_pll/generated/synth/wr_arria10_e3p1_tx_pll.v	25539	2026-08-14T00:49:28.577260+00:00	4925d8634439c48848212bd5cd1079a9d18a4d14ccbaf8ad6b68ec73aaa53581	project-source-or-doc
week02/v01/rxpol_diag/work_wrphy_rxpol/wr_arria10_e3p1_phy/wr_arria10_e3p1_tx_pll/generated/synth/wr_arria10_e3p1_tx_pll_cfg.v	203	2026-08-14T00:49:28.791259+00:00	a2c4c3a0bf58503dbd62372ddd54510c4121a494b1750bb93860e780804008af	project-source-or-doc
week02/v01/rxpol_diag/work_wrphy_rxpol/wr_arria10_e3p1_phy/wr_arria10_e3p1_tx_pll/generated/wr_arria10_e3p1_tx_pll.qip	80458	2026-08-14T00:49:28.661259+00:00	334f5d5612e9925d7b9ea9791f5e301d22be6ee8c1649b0bbc3f48f2d4a4cc6f	project-source-or-doc
week02/v01/rxpol_diag/work_wrphy_rxpol/wr_arria10_e3p1_phy/wr_arria10_e3p1_tx_pll/generated/wr_arria10_e3p1_tx_pll_generation.rpt	3140	2026-08-14T00:49:28.662259+00:00	bc1d5b61c17fd35c06eeb121456f9162ac2d81925d7ee2a2e7b87431afe321f3	artifact-or-log
week02/v01/sfp_eeprom_diag/DE5a_wr_master_dco_simplewa.qpf	1327	2026-08-14T17:40:07.905949+00:00	2fe78709a6e3052e3e5eb2c17ae908249763f7f0f7d58965d453954c712d6bb1	project-source-or-doc
week02/v01/sfp_eeprom_diag/DE5a_wr_master_dco_simplewa.qsf	34638	2026-08-14T20:08:48.136549+00:00	0f2c393da9cf177874f33d8cc25ef60ebd3de08a609775b70bb2895fe07309d0	project-source-or-doc
week02/v01/sfp_eeprom_diag/DE5a_wr_master_dco_simplewa.sdc	263	2026-08-14T17:39:43.575093+00:00	b6a17ee37da9242677c038f3e18ec4251c38727515002a1bf2a83f39ee88d9b8	project-source-or-doc
week02/v01/sfp_eeprom_diag/DE5a_wr_master_dco_simplewa.vhd	22428	2026-08-14T20:08:45.434565+00:00	39be595e8970051198663402fe0810a37021ddd3a5f2306849ab9b86263b0e3d	project-source-or-doc
week02/v01/sfp_eeprom_diag/DE5a_wr_slave_dco_simplewa.qpf	1326	2026-08-14T17:43:23.519798+00:00	1ebed98043d0dc64068c17a814d19847f18a8486f8f271550c614782888e35c4	project-source-or-doc
week02/v01/sfp_eeprom_diag/DE5a_wr_slave_dco_simplewa.qsf	34633	2026-08-14T20:08:49.474541+00:00	5adec0a43efe121b30940cdd626eb652e0d84658520322c54204820272b59fcb	project-source-or-doc
week02/v01/sfp_eeprom_diag/DE5a_wr_slave_dco_simplewa.sdc	263	2026-08-14T17:39:43.584093+00:00	b6a17ee37da9242677c038f3e18ec4251c38727515002a1bf2a83f39ee88d9b8	project-source-or-doc
week02/v01/sfp_eeprom_diag/DE5a_wr_slave_dco_simplewa.vhd	22422	2026-08-14T20:08:46.775557+00:00	3eebd82de8b4cb6fe0f34648a18677d02d81b3df0aa475b83a825b8ce30c0102	project-source-or-doc
week02/v01/sfp_eeprom_diag/i2c_bus_controller_dco.v	15228	2026-08-14T17:39:43.560093+00:00	8ffa064d1ee5c13061d47ee7fa58c948cc497818d73f3f34fa8cbc90335e9127	project-source-or-doc
week02/v01/sfp_eeprom_diag/output_files_master_dco_simplewa/DE5a_wr_master_dco_simplewa.asm.rpt	4810	2026-08-14T21:04:12.446996+00:00	81c4e26fb2c6d765913b240e3114d6609bf16e66d281527b2ef9209f016f35f4	generated-artifact
week02/v01/sfp_eeprom_diag/output_files_master_dco_simplewa/DE5a_wr_master_dco_simplewa.fit.rpt	1798450	2026-08-14T21:03:44.220162+00:00	f7bd43b913790d5a9c8caa8c5f34f99795a0303085defc88aa0cd583649e62f4	generated-artifact
week02/v01/sfp_eeprom_diag/output_files_master_dco_simplewa/DE5a_wr_master_dco_simplewa.fit.summary	651	2026-08-14T21:03:43.579165+00:00	609ebd11f75e16b954a75a35979b126a11afd38bf2b89bed6036cdc08d2c1bd4	generated-artifact
week02/v01/sfp_eeprom_diag/output_files_master_dco_simplewa/DE5a_wr_master_dco_simplewa.flow.rpt	12121	2026-08-14T21:04:23.291933+00:00	a4b9616565ebe9fea19feced313cd6f4542c41a44e734eb94b5c64937845cc61	generated-artifact
week02/v01/sfp_eeprom_diag/output_files_master_dco_simplewa/DE5a_wr_master_dco_simplewa.map.rpt	3367711	2026-08-14T20:59:32.385639+00:00	0d83844af420480ec673f8805635656ee317751fcd039e0425930f198557b0c9	generated-artifact
week02/v01/sfp_eeprom_diag/output_files_master_dco_simplewa/DE5a_wr_master_dco_simplewa.map.summary	463	2026-08-14T20:59:32.302639+00:00	8a3cda140516d129eeb93927b4f9bb723a368cbeae6fdd2e0c54d29a12c6cb6b	generated-artifact
week02/v01/sfp_eeprom_diag/output_files_master_dco_simplewa/DE5a_wr_master_dco_simplewa.sof	36764999	2026-08-14T21:04:12.826994+00:00	3306a30e590a76de3ef0d585de3ffb452bc9c9121e40b7284f0c63dbc0d5d00a	generated-artifact
week02/v01/sfp_eeprom_diag/output_files_master_dco_simplewa/DE5a_wr_master_dco_simplewa.sta.rpt	175540	2026-08-14T21:04:23.289932+00:00	88cefe9694b10e97e74660ef8c07622bb6f33556d19214d6a46e259919c37a24	generated-artifact
week02/v01/sfp_eeprom_diag/output_files_master_dco_simplewa/DE5a_wr_master_dco_simplewa.sta.summary	17235	2026-08-14T21:04:22.575937+00:00	9ca39b12182a002a7a7acb0c7294746d5a268df0dbfdcc41d9bc700b140f9690	generated-artifact
week02/v01/sfp_eeprom_diag/output_files_slave_dco_simplewa/DE5a_wr_slave_dco_simplewa.asm.rpt	4784	2026-08-14T20:44:50.538827+00:00	beab6cabcf59ef694baa398b5b60d820f08d7efc50ca263987057626cdb981e9	generated-artifact
week02/v01/sfp_eeprom_diag/output_files_slave_dco_simplewa/DE5a_wr_slave_dco_simplewa.fit.rpt	1791746	2026-08-14T20:44:22.510992+00:00	e62f75b34baf45f6bb3453ea0dfc9f5b5d5ed5456c3d690d8999e328f1d2ae25	generated-artifact
week02/v01/sfp_eeprom_diag/output_files_slave_dco_simplewa/DE5a_wr_slave_dco_simplewa.fit.summary	649	2026-08-14T20:44:21.843996+00:00	0bed125bd1cd6a2d7bc40d8b2b1cda6ae202c3ce7ccbe674ac76dbfd87b92a7c	generated-artifact
week02/v01/sfp_eeprom_diag/output_files_slave_dco_simplewa/DE5a_wr_slave_dco_simplewa.flow.rpt	12075	2026-08-14T20:45:01.042765+00:00	7d3f3408646b63dfc36e74ca7de21383b13c5b7e1dce8129562993f44d0d1940	generated-artifact
week02/v01/sfp_eeprom_diag/output_files_slave_dco_simplewa/DE5a_wr_slave_dco_simplewa.map.rpt	3365839	2026-08-14T20:42:05.633798+00:00	69790115c927ec10c580bd5d1357959576a05b452cda9f04ee23b1468d59c9e7	generated-artifact
week02/v01/sfp_eeprom_diag/output_files_slave_dco_simplewa/DE5a_wr_slave_dco_simplewa.map.summary	461	2026-08-14T20:42:05.542799+00:00	88ab37efa96e14f306ed63cf764ab5606cb19ed02197db40c5054e24ce405663	generated-artifact
week02/v01/sfp_eeprom_diag/output_files_slave_dco_simplewa/DE5a_wr_slave_dco_simplewa.sof	36764991	2026-08-14T20:44:50.420828+00:00	e6d2152e5a421ead978b0580eedfb64482285d184d50f4c8f78a406a1952921b	generated-artifact
week02/v01/sfp_eeprom_diag/output_files_slave_dco_simplewa/DE5a_wr_slave_dco_simplewa.sta.rpt	175403	2026-08-14T20:45:01.040765+00:00	17aa65aacffec246ea131d865dbf22b2887d81d04eeab2b4939a7192a9d30f72	generated-artifact
week02/v01/sfp_eeprom_diag/output_files_slave_dco_simplewa/DE5a_wr_slave_dco_simplewa.sta.summary	17240	2026-08-14T20:45:00.330769+00:00	d15da957228fdf38b152b07e12405c5caa25f5e2599d9753950466e9894bccb6	generated-artifact
week02/v01/sfp_eeprom_diag/sfp_eeprom_reader.vhd	8729	2026-08-14T20:58:36.423967+00:00	e2148c50046736758e8a6a03b9c74b32c8f2b3e6876d77a927d607c168236cf4	project-source-or-doc
week02/v01/sfp_eeprom_diag/si5340a_controller_dco.v	7596	2026-08-14T18:07:19+00:00	ec4c639299beaa2eac765f8a1f7476adb7a3937247256927ec1ef9082e8890b1	project-source-or-doc
week02/v01/sfp_eeprom_diag/si5340a_i2c_reg_controller_dco.v	31079	2026-08-14T17:39:43.565093+00:00	a42138acbe6113e17148a79f422ca3bde13d85c298ab6872a89135d6b64ac671	project-source-or-doc
week02/v01/sfp_i2c_fix_diag/DE5a_wr_master_dco_simplewa.qpf	1327	2026-08-14T17:40:07.905949+00:00	2fe78709a6e3052e3e5eb2c17ae908249763f7f0f7d58965d453954c712d6bb1	project-source-or-doc
week02/v01/sfp_i2c_fix_diag/DE5a_wr_master_dco_simplewa.qsf	34578	2026-08-14T17:39:43.591093+00:00	95f527b00d4fc27c9e216855b5d04528f7f047dcfac8d773d6d046ab39a0bb45	project-source-or-doc
week02/v01/sfp_i2c_fix_diag/DE5a_wr_master_dco_simplewa.sdc	263	2026-08-14T17:39:43.575093+00:00	b6a17ee37da9242677c038f3e18ec4251c38727515002a1bf2a83f39ee88d9b8	project-source-or-doc
week02/v01/sfp_i2c_fix_diag/DE5a_wr_master_dco_simplewa.vhd	19566	2026-08-14T19:39:52.264745+00:00	5a66348771fec35a8e8f5ce672b3f2c5e2d2d61e0233e9f1701adb597aba1b76	project-source-or-doc
week02/v01/sfp_i2c_fix_diag/DE5a_wr_slave_dco_simplewa.qpf	1326	2026-08-14T17:43:23.519798+00:00	1ebed98043d0dc64068c17a814d19847f18a8486f8f271550c614782888e35c4	project-source-or-doc
week02/v01/sfp_i2c_fix_diag/DE5a_wr_slave_dco_simplewa.qsf	34573	2026-08-14T17:39:43.804091+00:00	499158e02a0c1cf7e29c99d0b0b355ed2e47750c3177ee652368b8024176ff45	project-source-or-doc
week02/v01/sfp_i2c_fix_diag/DE5a_wr_slave_dco_simplewa.sdc	263	2026-08-14T17:39:43.584093+00:00	b6a17ee37da9242677c038f3e18ec4251c38727515002a1bf2a83f39ee88d9b8	project-source-or-doc
week02/v01/sfp_i2c_fix_diag/DE5a_wr_slave_dco_simplewa.vhd	19561	2026-08-14T19:39:53.589738+00:00	8415807ea1abd64a27663a780b260e4a760db303f3d79618269b6d031c69d20d	project-source-or-doc
week02/v01/sfp_i2c_fix_diag/i2c_bus_controller_dco.v	15228	2026-08-14T17:39:43.560093+00:00	8ffa064d1ee5c13061d47ee7fa58c948cc497818d73f3f34fa8cbc90335e9127	project-source-or-doc
week02/v01/sfp_i2c_fix_diag/output_files_master_dco_simplewa/DE5a_wr_master_dco_simplewa.asm.rpt	4817	2026-08-14T19:44:16.579193+00:00	d51de878d36a6b36a32c85566a11359226d2a8b9284c7e13152a350f4bb1c9f5	generated-artifact
week02/v01/sfp_i2c_fix_diag/output_files_master_dco_simplewa/DE5a_wr_master_dco_simplewa.fit.rpt	1791719	2026-08-14T19:43:48.566358+00:00	27a669481296203a387ed9b9cf03fcfc8870ae687924ea7b25da1daa92955f5e	generated-artifact
week02/v01/sfp_i2c_fix_diag/output_files_master_dco_simplewa/DE5a_wr_master_dco_simplewa.fit.summary	651	2026-08-14T19:43:47.913362+00:00	0d117361614174aa5369ed5c8acf25419f60fdd705f1f731bbe9122143d13288	generated-artifact
week02/v01/sfp_i2c_fix_diag/output_files_master_dco_simplewa/DE5a_wr_master_dco_simplewa.flow.rpt	12121	2026-08-14T19:44:27.431129+00:00	131da7016072bc57c10c6be60ea9e08a94526a5d78fa716a7847175fefea9c87	generated-artifact
week02/v01/sfp_i2c_fix_diag/output_files_master_dco_simplewa/DE5a_wr_master_dco_simplewa.map.rpt	3322576	2026-08-14T19:40:40.514462+00:00	cc5c84f93157304584b7c0c45990a55b92fe9371631217e0621405a6f867db43	generated-artifact
week02/v01/sfp_i2c_fix_diag/output_files_master_dco_simplewa/DE5a_wr_master_dco_simplewa.map.summary	463	2026-08-14T19:40:40.430463+00:00	edbf6082acf07514fd9b72ed08c9489598ddac69397b5f8ed7c618c2eb508089	generated-artifact
week02/v01/sfp_i2c_fix_diag/output_files_master_dco_simplewa/DE5a_wr_master_dco_simplewa.sof	36763681	2026-08-14T19:44:16.959191+00:00	c99ab6d2ef56d34326a973da89a5a24ab54d35905a96d0182a5cc591c22e8698	generated-artifact
week02/v01/sfp_i2c_fix_diag/output_files_master_dco_simplewa/DE5a_wr_master_dco_simplewa.sta.rpt	175554	2026-08-14T19:44:27.429129+00:00	69e0c8a1cfd41d12429dbfbbcae07b1ca6e2eb44a34cd5b9bdba9a20d22e2e4f	generated-artifact
week02/v01/sfp_i2c_fix_diag/output_files_master_dco_simplewa/DE5a_wr_master_dco_simplewa.sta.summary	17236	2026-08-14T19:44:26.724133+00:00	a7ddcf6a480c974e146fd7ce5f819c4484360a691f97dd772109f9248c15be5d	generated-artifact
week02/v01/sfp_i2c_fix_diag/output_files_slave_dco_simplewa/DE5a_wr_slave_dco_simplewa.asm.rpt	4791	2026-08-14T19:49:39.386298+00:00	96a4a22344fa6e8ab8b1364482276c1b02ebe74e2e1e6daf7b48cd2970487e32	generated-artifact
week02/v01/sfp_i2c_fix_diag/output_files_slave_dco_simplewa/DE5a_wr_slave_dco_simplewa.fit.rpt	1790470	2026-08-14T19:49:11.337462+00:00	0930c2ddc4ee2ded71ad1c429f2d8c27cb59e653c9941325906ddfc08a384b60	generated-artifact
week02/v01/sfp_i2c_fix_diag/output_files_slave_dco_simplewa/DE5a_wr_slave_dco_simplewa.fit.summary	649	2026-08-14T19:49:10.666466+00:00	426125944a3fed9845db918bf0105ba7553aaafb28b563acdfcf0c0343a669e1	generated-artifact
week02/v01/sfp_i2c_fix_diag/output_files_slave_dco_simplewa/DE5a_wr_slave_dco_simplewa.flow.rpt	12075	2026-08-14T19:49:50.248234+00:00	b0399c43443a84f712fbf41eb400beafaa21dd3106c32d707533749578564c4c	generated-artifact
week02/v01/sfp_i2c_fix_diag/output_files_slave_dco_simplewa/DE5a_wr_slave_dco_simplewa.map.rpt	3321761	2026-08-14T19:44:59.133943+00:00	ca58ec27f4dd86768be2e80e5f8bac69e2b49654b6e54ab73bd4ad2128faf2e5	generated-artifact
week02/v01/sfp_i2c_fix_diag/output_files_slave_dco_simplewa/DE5a_wr_slave_dco_simplewa.map.summary	461	2026-08-14T19:44:59.053944+00:00	f13deafd69493eff90bf3de0a16643a49e34f3cdb361e2f90b84c6ffbd310668	generated-artifact
week02/v01/sfp_i2c_fix_diag/output_files_slave_dco_simplewa/DE5a_wr_slave_dco_simplewa.sof	36763676	2026-08-14T19:49:39.767295+00:00	f3f2b2fd471b72d5deb6c6c8330b75aaed76c60d05002c2fc1b0d8e49e4d72bb	generated-artifact
week02/v01/sfp_i2c_fix_diag/output_files_slave_dco_simplewa/DE5a_wr_slave_dco_simplewa.sta.rpt	175401	2026-08-14T19:49:50.247234+00:00	309cba58cca875d92dc077df306ec8d30efae3c2b4efc8bcbd38e620c86423e0	generated-artifact
week02/v01/sfp_i2c_fix_diag/output_files_slave_dco_simplewa/DE5a_wr_slave_dco_simplewa.sta.summary	17238	2026-08-14T19:49:49.551238+00:00	0a9e49f98b91e1ff6822c67456bf7458630281bfa77190af4874d0ab16f273b1	generated-artifact
week02/v01/sfp_i2c_fix_diag/si5340a_controller_dco.v	7596	2026-08-14T18:07:19+00:00	ec4c639299beaa2eac765f8a1f7476adb7a3937247256927ec1ef9082e8890b1	project-source-or-doc
week02/v01/sfp_i2c_fix_diag/si5340a_i2c_reg_controller_dco.v	31079	2026-08-14T17:39:43.565093+00:00	a42138acbe6113e17148a79f422ca3bde13d85c298ab6872a89135d6b64ac671	project-source-or-doc
week02/v01/si5340_controller/clock_divider.v	2156	2026-08-14T00:09:42.444170+00:00	2462bb9f3bb18214d3947b617587218d8984a053efe0ceb6bd7f27ac6e9b8403	project-source-or-doc
week02/v01/si5340_controller/edge_detector.v	1458	2026-08-14T00:09:42.438170+00:00	999f3594ecb47d5542c910898ca6413931a36df729e0468a0356bc7ff69228e3	project-source-or-doc
week02/v01/si5340_controller/i2c_bus_controller.v	15125	2026-08-14T00:09:42.432170+00:00	37350141ab17018f119ac4cd2aa595a5ba58907b868e79d6bc5f09f11abb43c5	project-source-or-doc
week02/v01/si5340_controller/initial_config.v	3144	2026-08-14T00:09:42.425170+00:00	e8583fdb4a13cedb9da6b92c7ca86ca87c5918a67de57d46b80f3a2fa64c4345	project-source-or-doc
week02/v01/si5340_controller/si5340a_clk_frq_sel_gen.v	603	2026-08-14T00:09:42.419170+00:00	be523d75a2f7999d982f020421f1ec448e5fde7bfb9dde9c57f134caa6f2be9e	project-source-or-doc
week02/v01/si5340_controller/si5340a_controller.v	5211	2026-08-14T00:09:42.414170+00:00	212868da2660a3c0a2a5f7d09430f42e5e23799f4812ba0fc52d51d610629be1	project-source-or-doc
week02/v01/si5340_controller/si5340a_freq_prameter_selector.v	2307	2026-08-14T10:31:00.740485+00:00	e8b7330b6ad7c14f2a9b0d6833f2505533f629620b50fe4f0a1e1cc56ea217a1	project-source-or-doc
week02/v01/si5340_controller/si5340a_i2c_reg_controller.v	28804	2026-08-14T00:09:42.401170+00:00	d83fe8162be135361a7dd0341c6c8a4b37805d1f1f67fb2caa27a78805538e63	project-source-or-doc
week02/v01/si5340_controller/si5340b_clk_frq_sel_gen.v	603	2026-08-14T00:09:42.393170+00:00	f78f441819f6fb8a2f4c8b4f8b47873f609695e610216822d6d331d3dfe9e0ce	project-source-or-doc
week02/v01/si5340_controller/si5340b_controller.v	5071	2026-08-14T00:09:42.385170+00:00	1aa9194a77c61ac353eb8623dd59aec2974e5f88eab3d5056bc452429f549451	project-source-or-doc
week02/v01/si5340_controller/si5340b_freq_prameter_selector.v	6323	2026-08-14T00:09:42.379170+00:00	ea9bfbc679f167a519bad6db33540e25d39743c6d436d19bff2f386ed7627278	project-source-or-doc
week02/v01/si5340_controller/si5340b_i2c_reg_controller.v	27582	2026-08-14T00:09:42.372170+00:00	55a4228694dff7cef0e351a7453a8e7a6772e46f9e680eb5897ddb217e2ea3bb	project-source-or-doc
week02/v01/simplewa_diag/DE5a_wr_master_simplewa.qpf	1323	2026-08-14T17:20:17.564975+00:00	a973bcb69403b58825520c34cd47935f88a71f9fa2aa5b5009d31e921f4f421f	project-source-or-doc
week02/v01/simplewa_diag/DE5a_wr_master_simplewa.qsf	33806	2026-08-14T17:19:48.470147+00:00	b55d46501e88ce2a172fe15f4129093d93ba0384273a01765e2221c65a1f20fc	project-source-or-doc
week02/v01/simplewa_diag/DE5a_wr_master_simplewa.sdc	263	2026-08-14T17:19:48.452147+00:00	b6a17ee37da9242677c038f3e18ec4251c38727515002a1bf2a83f39ee88d9b8	project-source-or-doc
week02/v01/simplewa_diag/DE5a_wr_master_simplewa.vhd	16515	2026-08-14T17:21:56.553391+00:00	0b92bc97f71ec5566a44c3928390e56eccde9b01fff41973c8645ceb61f99a9b	project-source-or-doc
week02/v01/simplewa_diag/DE5a_wr_slave_simplewa.qpf	1322	2026-08-14T17:27:16.852500+00:00	8109059f6dde46e88f93af2e26861bfe1b5843182b13ebcf3b1359f0cc425bc5	project-source-or-doc
week02/v01/simplewa_diag/DE5a_wr_slave_simplewa.qsf	33799	2026-08-14T17:20:04.241054+00:00	9b813e805fbc10912ee8727572d3718ef364e92f6984dcec549cb952d2fc7dfe	project-source-or-doc
week02/v01/simplewa_diag/DE5a_wr_slave_simplewa.sdc	263	2026-08-14T17:19:48.463147+00:00	b6a17ee37da9242677c038f3e18ec4251c38727515002a1bf2a83f39ee88d9b8	project-source-or-doc
week02/v01/simplewa_diag/DE5a_wr_slave_simplewa.vhd	16510	2026-08-14T17:21:58.174381+00:00	4f23e0cc99043c60fdfa29d914d2ab7ac3ef686f2390de6de230d349f093b447	project-source-or-doc
week02/v01/simplewa_diag/output_files_master_simplewa/DE5a_wr_master_simplewa.asm.rpt	4692	2026-08-14T17:26:56.320621+00:00	3118a3b5705bc40ca25b517f19ca116169eb99cc211f5e6ba6b26784870a7362	generated-artifact
week02/v01/simplewa_diag/output_files_master_simplewa/DE5a_wr_master_simplewa.fit.rpt	1798651	2026-08-14T17:26:27.976789+00:00	b3a17eda0f82375be9d82be019d6ef106f03717408d59f14efde12bfba4c6546	generated-artifact
week02/v01/simplewa_diag/output_files_master_simplewa/DE5a_wr_master_simplewa.fit.summary	656	2026-08-14T17:26:27.165793+00:00	27947c2f037085cf611584ecac44236cb08d06a04b3cf69cfe59091e87832d14	generated-artifact
week02/v01/simplewa_diag/output_files_master_simplewa/DE5a_wr_master_simplewa.flow.rpt	11381	2026-08-14T17:27:07.704554+00:00	902b0d19367cdb91b12e2b66f8657c87bae84a89e7f2959156db224753f95550	generated-artifact
week02/v01/simplewa_diag/output_files_master_simplewa/DE5a_wr_master_simplewa.map.rpt	3348147	2026-08-14T17:22:38.038146+00:00	8e9b97c85e15195b3cf768129e38d5803dd67cb8d2957d0933a51ba3bb655108	generated-artifact
week02/v01/simplewa_diag/output_files_master_simplewa/DE5a_wr_master_simplewa.map.summary	468	2026-08-14T17:22:37.963146+00:00	94f9543c6d2646c1fa60d7a65e8bbb9cf17ab5c58f8a88dc283146ce545acb67	generated-artifact
week02/v01/simplewa_diag/output_files_master_simplewa/DE5a_wr_master_simplewa.sof	36763231	2026-08-14T17:26:56.703619+00:00	8ea7c82145d5ad2d58f1cea0f2d4fe10bc30d9c96a129a725e0346c6b0537eed	generated-artifact
week02/v01/simplewa_diag/output_files_master_simplewa/DE5a_wr_master_simplewa.sta.rpt	175081	2026-08-14T17:27:07.701554+00:00	c5e7823667c550140f7065be3cd0ba54a1f732054db82820f53ad78ec91f31df	generated-artifact
week02/v01/simplewa_diag/output_files_master_simplewa/DE5a_wr_master_simplewa.sta.summary	17237	2026-08-14T17:27:07.017558+00:00	28bc59e37fecb9d415720cae12a3801371cc9f59d92826e49b2e4d68bb3ee8ec	generated-artifact
week02/v01/simplewa_diag/output_files_slave_simplewa/DE5a_wr_slave_simplewa.asm.rpt	4666	2026-08-14T17:32:30.589648+00:00	982918585fa7d85663f7fc13b13739fe9c648e04d89d1006500acefe2662a147	generated-artifact
week02/v01/simplewa_diag/output_files_slave_simplewa/DE5a_wr_slave_simplewa.fit.rpt	1778792	2026-08-14T17:32:02.269815+00:00	2dab53b8cc81704857203fdeb6514c0cce4e6ce3d01f4147757df1653ebef807	generated-artifact
week02/v01/simplewa_diag/output_files_slave_simplewa/DE5a_wr_slave_simplewa.fit.summary	654	2026-08-14T17:32:01.563819+00:00	c9435b28d09c72eed6841adbed3f8415e3ff2c13e7b4e8cc33d81ee08f33a830	generated-artifact
week02/v01/simplewa_diag/output_files_slave_simplewa/DE5a_wr_slave_simplewa.flow.rpt	11363	2026-08-14T17:32:41.541584+00:00	cc5e2ddc6b064c522c36e7893eca0270cbb5ad1e591bfbc9bc9bc5b94ed25078	generated-artifact
week02/v01/simplewa_diag/output_files_slave_simplewa/DE5a_wr_slave_simplewa.map.rpt	3347258	2026-08-14T17:27:55.081274+00:00	caf5ae373471ff3ed6ec88eaa0710a538dc194a93cfd83df65bf0f02e9ced0b7	generated-artifact
week02/v01/simplewa_diag/output_files_slave_simplewa/DE5a_wr_slave_simplewa.map.summary	466	2026-08-14T17:27:54.985275+00:00	499229259719f4772f38b36a32e50e03eeebb02f097e7aa3fbbee99471db70c2	generated-artifact
week02/v01/simplewa_diag/output_files_slave_simplewa/DE5a_wr_slave_simplewa.sof	36763227	2026-08-14T17:32:30.974646+00:00	047147c2acce3acd348758e65a5d53431e3c53574289361fefa091d9d9ba9dc4	generated-artifact
week02/v01/simplewa_diag/output_files_slave_simplewa/DE5a_wr_slave_simplewa.sta.rpt	175122	2026-08-14T17:32:41.539583+00:00	9a89e658b07a14bebd204479e0a6fef2348222c56b408d781da8eab36a5e7470	generated-artifact
week02/v01/simplewa_diag/output_files_slave_simplewa/DE5a_wr_slave_simplewa.sta.summary	17235	2026-08-14T17:32:40.837588+00:00	f5f3ffe13b4a49f38b535d215b86a4ec7b82a18e6bd9f0f2b78c35d5f87b3d6b	generated-artifact
week02/v01/vendor/wr-cores/Manifest.py	94	2026-08-14T00:29:25.360260+00:00	39ba8138bf3975d7f7ac463f42d7e25d9f8e7b9022d4dd9e7f9f26a9e7f83128	vendor-or-firmware-source
week02/v01/vendor/wr-cores/bin/sdbfs/sdbfs-empty-i2c-eeprom.bin	320	2026-08-14T00:29:25.363260+00:00	572d5fc077bd4a025c5e296720065760250e82596907b121fa9c3f7dbef82d26	vendor-or-firmware-source
week02/v01/vendor/wr-cores/bin/sdbfs/sdbfs-svec-flash.bin	6291904	2026-08-14T00:29:25.388260+00:00	c496c22ffa2c0cd54d5d0197c2f27cc71e7458ed04df5971accf5329d232b653	vendor-or-firmware-source
week02/v01/vendor/wr-cores/bin/wrpc/wrc_phy8.mif	552773	2026-08-14T00:29:25.446260+00:00	5fa538e5d2747c8870a78037b92de841bd10eb6b5ff3d9ed4013dfcd656c7e60	vendor-or-firmware-source
week02/v01/vendor/wr-cores/bin/wrpc/wrc_phy8_sim.mif	831301	2026-08-14T00:29:25.476260+00:00	24193360792b82094aae085630fc4fa72cca71166895fc8ab910846e954658db	vendor-or-firmware-source
week02/v01/vendor/wr-cores/board/Manifest.py	212	2026-08-14T00:29:25.494260+00:00	a8800560351c6e0085471e1edd802dac5696c5e2d1b10008007ad26220c4f486	vendor-or-firmware-source
week02/v01/vendor/wr-cores/board/clbv2/Manifest.py	149	2026-08-14T00:29:25.496260+00:00	819fc7c16876b72f595dfd26e3bd3dc0c3f0314651028b74fa3c1cd749aa0721	vendor-or-firmware-source
week02/v01/vendor/wr-cores/board/clbv2/wr_clbv2_pkg.vhd	17949	2026-08-14T00:29:25.498260+00:00	385b14d064f0ccb6d579fe078a3f4197d5915ff549e19ae6a1005ef3f17ce3ff	vendor-or-firmware-source
week02/v01/vendor/wr-cores/board/clbv2/wrc_board_clbv2.vhd	20374	2026-08-14T00:29:25.500260+00:00	429eb77cc105750f0f29599ff3bb816dc767ba7acb34605dfcb0a44d5a10d8c6	vendor-or-firmware-source
week02/v01/vendor/wr-cores/board/clbv2/xwrc_board_clbv2.vhd	27749	2026-08-14T00:29:25.501260+00:00	b678c6e6eefeccfc732b44cf1ba31c279f7a67b9666aea4b5537e4df15f83281	vendor-or-firmware-source
week02/v01/vendor/wr-cores/board/clbv3/Manifest.py	149	2026-08-14T00:29:25.503260+00:00	55825150165a0477bf52348d82eae030bd5f50db1592701b0821277cb3e9fd09	vendor-or-firmware-source
week02/v01/vendor/wr-cores/board/clbv3/wr_clbv3_pkg.vhd	18169	2026-08-14T00:29:25.505260+00:00	32373aa0a86b547cbc1ba43287b9e7d0ebcb3d6e39db64be6ec80c0ddb2e0f33	vendor-or-firmware-source
week02/v01/vendor/wr-cores/board/clbv3/wrc_board_clbv3.vhd	22531	2026-08-14T00:29:25.506259+00:00	40cbaa600397bc8afb5a09424460e2d8677a6714144b42bf63deb939bbdee8e5	vendor-or-firmware-source
week02/v01/vendor/wr-cores/board/clbv3/xwrc_board_clbv3.vhd	22869	2026-08-14T00:29:25.508260+00:00	01cf20f39fabe4db612d02d0d2eb8e517df663cc561eb6a84f6f167a02f87d3a	vendor-or-firmware-source
week02/v01/vendor/wr-cores/board/clbv4/Manifest.py	149	2026-08-14T00:29:25.510259+00:00	5100b2ed391db0dd3b9965d8244b02ff49e2ba3b6a09445271435dcfa9e77647	vendor-or-firmware-source
week02/v01/vendor/wr-cores/board/clbv4/wr_clbv4_pkg.vhd	17214	2026-08-14T00:29:25.511260+00:00	82c1ef7076aeae9ed1383e054b7a1d3a3b5cf26afebb7a45ace84795fd003641	vendor-or-firmware-source
week02/v01/vendor/wr-cores/board/clbv4/wrc_board_clbv4.vhd	22527	2026-08-14T00:29:25.513259+00:00	ab90fa58cca86d97fdecf009d86b0512424bddf703e72fe7b2e1e8e884489ed8	vendor-or-firmware-source
week02/v01/vendor/wr-cores/board/clbv4/xwrc_board_clbv4.vhd	26868	2026-08-14T00:29:25.514260+00:00	ff12da25d5d78e035098db09b3612dc01c1b030614d73c44a3bffd635ccbaf30	vendor-or-firmware-source
week02/v01/vendor/wr-cores/board/common/Manifest.py	65	2026-08-14T00:29:25.516259+00:00	b0bd2fc4405de908261308f6b2eab81d5f80f47b8b6d472e32ee2a3da8a681ce	vendor-or-firmware-source
week02/v01/vendor/wr-cores/board/common/wr_board_pkg.vhd	19710	2026-08-14T00:29:25.518260+00:00	62eb4379b161572e043a4693864d332a4667c6d7403af02d7d643a269b709c25	vendor-or-firmware-source
week02/v01/vendor/wr-cores/board/common/xwrc_board_common.vhd	28446	2026-08-14T00:29:25.520259+00:00	cf6c5373c780d287dd8005d080c08f4594ccd9069e1ee09c5100fca4b02d21dd	vendor-or-firmware-source
week02/v01/vendor/wr-cores/board/cute/Manifest.py	146	2026-08-14T00:29:25.522259+00:00	1378e9e384781a767cd6e1c2a82bff69a69ecfe13fc19dd69a8d24e0201192c3	vendor-or-firmware-source
week02/v01/vendor/wr-cores/board/cute/oserdes_4_to_1.vhd	7681	2026-08-14T00:29:25.523259+00:00	9f73ba8dcc80ed9f8bf9bdbf98cb8d2ac8aa9e63dafc6527315a55d0ae5c61c0	vendor-or-firmware-source
week02/v01/vendor/wr-cores/board/cute/wr_cute_pkg.vhd	9773	2026-08-14T00:29:25.525259+00:00	b4aeb1573ef55745c236a7972e75b589867f465b97495615e9d01fef26bcef25	vendor-or-firmware-source
week02/v01/vendor/wr-cores/board/cute/xwrc_board_cute.vhd	33765	2026-08-14T00:29:25.527259+00:00	fe7a9f000f8e645c320213c386b490edf71b9b53a6067cd8ad07f172a027a24b	vendor-or-firmware-source
week02/v01/vendor/wr-cores/board/diot-sb/Manifest.py	103	2026-08-14T00:29:25.529259+00:00	092a6561ffe1b947ff5de21aa5397a359924b68cf0023f93d1cb883402737e44	vendor-or-firmware-source
week02/v01/vendor/wr-cores/board/diot-sb/wrc_board_diot_simple.vhd	14082	2026-08-14T00:29:25.530259+00:00	3747a330aea51dbceafec7409e82b0cadb1f3837422ac6fa4a3095c793bbb6f9	vendor-or-firmware-source
week02/v01/vendor/wr-cores/board/fasec/Manifest.py	178	2026-08-14T00:29:25.532259+00:00	73da0e4c106737e9ee30465a36ade92b0b68f4f5595dd1836682bfd932c3fa76	vendor-or-firmware-source
week02/v01/vendor/wr-cores/board/fasec/wr_fasec_pkg.vhd	8577	2026-08-14T00:29:25.537259+00:00	af9ec7307d081f5f93231948c16064710c47fe5c34a558c66416df8f26dcd293	vendor-or-firmware-source
week02/v01/vendor/wr-cores/board/fasec/wrc_board_fasec.vhd	27192	2026-08-14T00:29:25.539259+00:00	cd81d29fde07405fe0cf8ea0c31e8d25125ea7326ff4d4f3b610efa0eedf309e	vendor-or-firmware-source
week02/v01/vendor/wr-cores/board/fasec/wrc_board_fasec_v4_1.tcl	6026	2026-08-14T00:29:25.542259+00:00	caa08037146d98f6051e7cf5ae33540982782a9a89831e86cdb4ce92e303527e	vendor-or-firmware-source
week02/v01/vendor/wr-cores/board/fasec/xwrc_board_fasec.vhd	26372	2026-08-14T00:29:25.544259+00:00	62ef6d89ddeb1f792701a9feb5382a3b3160176868a5b2b5c5aa5a7aea809b5e	vendor-or-firmware-source
week02/v01/vendor/wr-cores/board/pxie-fmc/Manifest.py	158	2026-08-14T00:29:25.546259+00:00	066799ce96b675b09a247c63eff383333712a24afc0a123a720ab1a25299b887	vendor-or-firmware-source
week02/v01/vendor/wr-cores/board/pxie-fmc/wr_pxie_fmc_pkg.vhd	16382	2026-08-14T00:29:25.547259+00:00	58afad7e99c02207b1597001573628abe76696c0915eb323606b4a54fff9af58	vendor-or-firmware-source
week02/v01/vendor/wr-cores/board/pxie-fmc/wrc_board_pxie_fmc.vhd	22953	2026-08-14T00:29:25.549259+00:00	e3d1f452ff861d24c623092ade00548efa08377fbe24ddf3121eb41c9e3967d4	vendor-or-firmware-source
week02/v01/vendor/wr-cores/board/pxie-fmc/xwrc_board_pxie_fmc.vhd	20612	2026-08-14T00:29:25.551259+00:00	8b66d14683b5a1a0a24064604317bcd1e26029bba125366dc11150c9727c397b	vendor-or-firmware-source
week02/v01/vendor/wr-cores/board/spec/Manifest.py	146	2026-08-14T00:29:25.552259+00:00	8ec90a6c781812350ad5d4caa1abe0d0a5046c665532954758bfb2a50f46ba57	vendor-or-firmware-source
week02/v01/vendor/wr-cores/board/spec/wr_spec_pkg.vhd	19295	2026-08-14T00:29:25.554259+00:00	89d382c6c75d3521befd77cb00e4ef9a8d843f135e38f20392e2a135ad1b0520	vendor-or-firmware-source
week02/v01/vendor/wr-cores/board/spec/wrc_board_spec.vhd	24987	2026-08-14T00:29:25.555259+00:00	5a2140f2dff6ac9cf422f7f551f30b65957b0241a1b1414b6a74cec0bea20915	vendor-or-firmware-source
week02/v01/vendor/wr-cores/board/spec/xwrc_board_spec.vhd	24725	2026-08-14T00:29:25.557259+00:00	c5cb17473633327a5d363907ff4badc96320614c05e97ff3a611508f91a2eea2	vendor-or-firmware-source
week02/v01/vendor/wr-cores/board/svec/Manifest.py	146	2026-08-14T00:29:25.559259+00:00	1fb18fea6cad1b1896726c046ca48f457ec69ac5c76b964e9bbfed8cc1078e7c	vendor-or-firmware-source
week02/v01/vendor/wr-cores/board/svec/wr_svec_pkg.vhd	19053	2026-08-14T00:29:25.560259+00:00	231e16da51450fb3b87c72a3550560a3c7461b4281426eed1111bd36f31e689a	vendor-or-firmware-source
week02/v01/vendor/wr-cores/board/svec/wrc_board_svec.vhd	24439	2026-08-14T00:29:25.562259+00:00	40e676414d9c77f29d65e631aeca28485d289e8c7c7f70305150e21d2cf33196	vendor-or-firmware-source
week02/v01/vendor/wr-cores/board/svec/xwrc_board_svec.vhd	24171	2026-08-14T00:29:25.563259+00:00	e82df5d5e0b6ddfeae682df58fdc50feec8a424ebdf439161f86343503b7af3b	vendor-or-firmware-source
week02/v01/vendor/wr-cores/board/vfchd/Manifest.py	176	2026-08-14T00:29:25.565259+00:00	0eb6a4bc38b1caec1cfacf65a4d3a20653480cdda2e8ee5c842a35b13c4e5766	vendor-or-firmware-source
week02/v01/vendor/wr-cores/board/vfchd/sfp_i2c_adapter.vhd	6833	2026-08-14T00:29:25.567259+00:00	ef4b04649e8bd2a22607bd305a4d493b53a890dae4736f49d2283b2f52a69af2	vendor-or-firmware-source
week02/v01/vendor/wr-cores/board/vfchd/wr_vfchd_pkg.vhd	17721	2026-08-14T00:29:25.568259+00:00	d1cb1c17250cbfb7d192e794999f4440821e5784ae686fcc31047dc5af0a010a	vendor-or-firmware-source
week02/v01/vendor/wr-cores/board/vfchd/wrc_board_vfchd.vhd	23269	2026-08-14T00:29:25.570259+00:00	dfa7848f000a4d8e8ba354f65747dc0d7955068fa80380907713e9c77f3c9272	vendor-or-firmware-source
week02/v01/vendor/wr-cores/board/vfchd/xwrc_board_vfchd.vhd	22813	2026-08-14T00:29:25.572259+00:00	4bbebc861af36616efbb71a55796fff7581deab1e829d2b84f957656b46e7f03	vendor-or-firmware-source
week02/v01/vendor/wr-cores/board/vxs/Manifest.py	143	2026-08-14T00:29:25.574259+00:00	d012310432d902641bcc27ab1c41d9e44f559e56c18f8879805e4d975d8d86cb	vendor-or-firmware-source
week02/v01/vendor/wr-cores/board/vxs/wr_vxs_pkg.vhd	21020	2026-08-14T00:29:25.576259+00:00	7863db2ad5d693e708b241e1db587d305429c0b2eb9b143059dc2542b59203c8	vendor-or-firmware-source
week02/v01/vendor/wr-cores/board/vxs/wrc_board_vxs.vhd	26255	2026-08-14T00:29:25.577259+00:00	d52861afbb1092c7d2562cb92754215dd376f536c60b3aea0ef36e3d9ae8be11	vendor-or-firmware-source
week02/v01/vendor/wr-cores/board/vxs/xwrc_board_vxs.vhd	26340	2026-08-14T00:29:25.579259+00:00	099652676d4b88834fc654fba0689df1c79c8e0065642cb34e9216c624c22ec0	vendor-or-firmware-source
week02/v01/vendor/wr-cores/ip_cores/etherbone-core/Manifest.py	86	2026-08-14T05:59:22.841498+00:00	44df5bea0d6df1fc1e107f9f4c2178ea9fef476fb24f9b19f99a7e03944f1737	vendor-or-firmware-source
week02/v01/vendor/wr-cores/ip_cores/etherbone-core/api/Makefile	4001	2026-08-14T05:59:22.846498+00:00	3ead30989b0dca6a051e4de2c223d14197d02d167383d91054f51bef3ba21119	vendor-or-firmware-source
week02/v01/vendor/wr-cores/ip_cores/etherbone-core/api/etherbone.h	37781	2026-08-14T05:59:22.848498+00:00	5332f16e70a85bc615c34eb272d0534f9a05948309a4b9255a60ec60b6296cf0	vendor-or-firmware-source
week02/v01/vendor/wr-cores/ip_cores/etherbone-core/api/format/bigendian.h	2056	2026-08-14T05:59:22.852498+00:00	2f1f78a04d90c80b7674e9d2daf93cc4fab8aee9ae5997b500fbc24dbb70d319	vendor-or-firmware-source
week02/v01/vendor/wr-cores/ip_cores/etherbone-core/api/format/format.h	1936	2026-08-14T05:59:22.854498+00:00	694bd2a74a454d023b59da0a28e8532ca26a468fc56668f77fb18f72139df38a	vendor-or-firmware-source
week02/v01/vendor/wr-cores/ip_cores/etherbone-core/api/format/master.c	18407	2026-08-14T05:59:22.856498+00:00	fb7b402f8eb07b938c1188acd3bdc3df4e29da5174b1bb356bc281ff2c85bcf9	vendor-or-firmware-source
week02/v01/vendor/wr-cores/ip_cores/etherbone-core/api/format/slave.c	14445	2026-08-14T05:59:22.857498+00:00	a92ad011f3ea4aa7bae76caf7ac6daeb587a8b2f3f72c6767782fe31fcf9dfa1	vendor-or-firmware-source
week02/v01/vendor/wr-cores/ip_cores/etherbone-core/api/glue/cycle.c	6681	2026-08-14T05:59:22.862498+00:00	59dc1a071b6587efb0f30b649214dd404ef2ffe8d62f3c62ea938e6bc8afd00a	vendor-or-firmware-source
week02/v01/vendor/wr-cores/ip_cores/etherbone-core/api/glue/cycle.h	1625	2026-08-14T05:59:22.863498+00:00	9ae8e836aa15c7fd19a3f2bcc541ea7a8dd07af2f0e1208ad9f84ca6d24974b5	vendor-or-firmware-source
week02/v01/vendor/wr-cores/ip_cores/etherbone-core/api/glue/device.c	10380	2026-08-14T05:59:22.865498+00:00	5dcf8eae0f7c0b9acd0e26105296a34473810a8c04288eaa24de843683d3ee28	vendor-or-firmware-source
week02/v01/vendor/wr-cores/ip_cores/etherbone-core/api/glue/device.h	1809	2026-08-14T05:59:22.866498+00:00	217ac4f3405bdfbbd589a3af13b3a7194047fe9bf6cbfb20e739a3ae8b938322	vendor-or-firmware-source
week02/v01/vendor/wr-cores/ip_cores/etherbone-core/api/glue/format.c	3445	2026-08-14T05:59:22.867498+00:00	66682e1a0d8e3a698588c54808b7098b0443984a7c34fd1a99fc766effa66e6a	vendor-or-firmware-source
week02/v01/vendor/wr-cores/ip_cores/etherbone-core/api/glue/handler.c	5634	2026-08-14T05:59:22.868498+00:00	4e12ca6280f780cddd105b2298a7cdc514892c7d81d3e6c2f297ccbbceff49de	vendor-or-firmware-source
week02/v01/vendor/wr-cores/ip_cores/etherbone-core/api/glue/handler.h	1843	2026-08-14T05:59:22.869498+00:00	ca16352547a2463208dcb80ceb29d97b24a9eb7553cecfb2e9ac5dda2a93e460	vendor-or-firmware-source
week02/v01/vendor/wr-cores/ip_cores/etherbone-core/api/glue/operation.c	2729	2026-08-14T05:59:22.871498+00:00	9997f512fdfafa1138bead76dd5e3a87a0c9e755dbfd5cb53e72a64b72b303b7	vendor-or-firmware-source
week02/v01/vendor/wr-cores/ip_cores/etherbone-core/api/glue/operation.h	1895	2026-08-14T05:59:22.872498+00:00	043c2dd84b517119a0f59a9f49b36ceba24bfb5a834235ef7d3b1cc267b42c10	vendor-or-firmware-source
week02/v01/vendor/wr-cores/ip_cores/etherbone-core/api/glue/readwrite.c	8305	2026-08-14T05:59:22.873498+00:00	24817701ddd469681183f08912b8602b5596bb9fbe4f2086180e2d7be0ff95ee	vendor-or-firmware-source
week02/v01/vendor/wr-cores/ip_cores/etherbone-core/api/glue/readwrite.h	1820	2026-08-14T05:59:22.875498+00:00	cd44a937a26d3c16427ea795871763fc1be6929bd58630ead97fbf22b0ab1d04	vendor-or-firmware-source
week02/v01/vendor/wr-cores/ip_cores/etherbone-core/api/glue/sdb.c	20756	2026-08-14T05:59:22.877498+00:00	ae63992d29a5d3d66830a4ef869f2e882136759080a62fb5c133db91839611fe	vendor-or-firmware-source
week02/v01/vendor/wr-cores/ip_cores/etherbone-core/api/glue/sdb.h	1616	2026-08-14T05:59:22.879498+00:00	c7e729c744ee0e8ff7163302cf61116a68204f694370ed31b68f8b65436dd783	vendor-or-firmware-source
week02/v01/vendor/wr-cores/ip_cores/etherbone-core/api/glue/socket.c	13317	2026-08-14T05:59:22.880498+00:00	a3cd6dd98dc60d0b1077d2a1e1124747b3d8e15f701bf15aba371f0e70179c1b	vendor-or-firmware-source
week02/v01/vendor/wr-cores/ip_cores/etherbone-core/api/glue/socket.h	2608	2026-08-14T05:59:22.881498+00:00	c010a13dd6dd8487f3ee9ae1b0cf10f25c789d2fb42df9c5cad01127aa9b9f27	vendor-or-firmware-source
week02/v01/vendor/wr-cores/ip_cores/etherbone-core/api/glue/strncasecmp.c	1418	2026-08-14T05:59:22.883498+00:00	bab10be94871522c2bd5e4083a966f2ddc704216bcb43fcc728fc1ccfdd5e0a7	vendor-or-firmware-source
week02/v01/vendor/wr-cores/ip_cores/etherbone-core/api/glue/strncasecmp.h	1276	2026-08-14T05:59:22.884498+00:00	9347cf4e775a254378580b28cff02e77188cf39c89af21209fea8986cd87a391	vendor-or-firmware-source
week02/v01/vendor/wr-cores/ip_cores/etherbone-core/api/glue/widths.c	1836	2026-08-14T05:59:22.886498+00:00	393f53902b6cde5a90e1e3611152cc4d6e749ca27abba76d042ff4c946198826	vendor-or-firmware-source
week02/v01/vendor/wr-cores/ip_cores/etherbone-core/api/glue/widths.h	1538	2026-08-14T05:59:22.888498+00:00	de5614797a11ec8b1f5fe128d689521f9b845a3fe47da6d881833d8b78a46575	vendor-or-firmware-source
week02/v01/vendor/wr-cores/ip_cores/etherbone-core/api/labview/LabVIEW/LV2009/lvEtherbone/test/myEtherbone.log	0	2026-08-14T05:59:22.963498+00:00	e3b0c44298fc1c149afbf4c8996fb92427ae41e4649b934ca495991b7852b855	vendor-or-firmware-source
week02/v01/vendor/wr-cores/ip_cores/etherbone-core/api/labview/Makefile	1295	2026-08-14T05:59:22.964498+00:00	48ba3a15652c6b3a888d39e3d1e6f17c26f3d6b38a4580e769f81ab1ee22b381	vendor-or-firmware-source
week02/v01/vendor/wr-cores/ip_cores/etherbone-core/api/labview/lvEtherbone.c	30624	2026-08-14T05:59:22.969497+00:00	382f41e9219395dc0b6ac75a6930b2df977404cd628cbb7a4924acafbbdcb6c4	vendor-or-firmware-source
week02/v01/vendor/wr-cores/ip_cores/etherbone-core/api/labview/lvEtherbone.h	11340	2026-08-14T05:59:22.971498+00:00	d6b57e1ba71d5500e2902bef91a66501bc8049d63379e0f5b7915b2fc8840c86	vendor-or-firmware-source
week02/v01/vendor/wr-cores/ip_cores/etherbone-core/api/labview/lvEtherboneBasics.h	1709	2026-08-14T05:59:22.972497+00:00	646f5253c2d1f3ac1244665fd386196b79d246826ea0a0e3e4bfaacc8abec67d	vendor-or-firmware-source
week02/v01/vendor/wr-cores/ip_cores/etherbone-core/api/labview/myeb-snoop.c	1778	2026-08-14T05:59:22.974498+00:00	24e052f41ccb28d06d06f8073ed02be0645bd64c9aff18b1ab7c92d8e51c5c04	vendor-or-firmware-source
week02/v01/vendor/wr-cores/ip_cores/etherbone-core/api/labview/myeb-write.c	2512	2026-08-14T05:59:22.975497+00:00	a969df06cbbc296751f23fb620b8f6d7e37a30075dbcbd580730f9bcf899f2b2	vendor-or-firmware-source
week02/v01/vendor/wr-cores/ip_cores/etherbone-core/api/labview/visual/eb_read/stdafx.h	320	2026-08-14T05:59:22.985497+00:00	45ea38913a48aecd12e991a6f00663ea6eb2e744c56ad45aef8290e7029b1bcb	vendor-or-firmware-source
week02/v01/vendor/wr-cores/ip_cores/etherbone-core/api/labview/visual/eb_read/targetver.h	765	2026-08-14T05:59:22.987497+00:00	bad5ca557eb99c1e3a43d3098fe0fef8def7228b724dcff3a72143f3717a8eb8	vendor-or-firmware-source
week02/v01/vendor/wr-cores/ip_cores/etherbone-core/api/labview/visual/eb_snoop/stdafx.h	305	2026-08-14T05:59:22.992497+00:00	e0b7e3cb5ebcf09cd29d4b879c5e72928bddd0b00a49e38d8bc9bf3a32f9eb63	vendor-or-firmware-source
week02/v01/vendor/wr-cores/ip_cores/etherbone-core/api/labview/visual/eb_snoop/targetver.h	752	2026-08-14T05:59:22.994497+00:00	fc2234ffe9ef11dd21941e07a4110157cd917ea0714c395edbfcbf97443acf5a	vendor-or-firmware-source
week02/v01/vendor/wr-cores/ip_cores/etherbone-core/api/labview/visual/eb_write/stdafx.h	305	2026-08-14T05:59:22.999497+00:00	e0b7e3cb5ebcf09cd29d4b879c5e72928bddd0b00a49e38d8bc9bf3a32f9eb63	vendor-or-firmware-source
week02/v01/vendor/wr-cores/ip_cores/etherbone-core/api/labview/visual/eb_write/targetver.h	752	2026-08-14T05:59:23.000497+00:00	fc2234ffe9ef11dd21941e07a4110157cd917ea0714c395edbfcbf97443acf5a	vendor-or-firmware-source
week02/v01/vendor/wr-cores/ip_cores/etherbone-core/api/labview/visual/inttypes.h	8004	2026-08-14T05:59:23.002497+00:00	3a724ca30751c9bd2bacb184b7a9e1fe17a662917b53dba9717ab13f457df33b	vendor-or-firmware-source
week02/v01/vendor/wr-cores/ip_cores/etherbone-core/api/labview/visual/lvEtherbone/stdafx.h	403	2026-08-14T05:59:23.007497+00:00	28e38bfa7b811cd4766dba3abe5e55468564b4ba3a65b8dfed535e5becc0903a	vendor-or-firmware-source
week02/v01/vendor/wr-cores/ip_cores/etherbone-core/api/labview/visual/lvEtherbone/targetver.h	1404	2026-08-14T05:59:23.009497+00:00	a98d315cad197f85029490486ff909b35720a29b5c5271f942932ff851592162	vendor-or-firmware-source
week02/v01/vendor/wr-cores/ip_cores/etherbone-core/api/labview/visual/myeb_snoop/stdafx.h	320	2026-08-14T05:59:23.014497+00:00	45ea38913a48aecd12e991a6f00663ea6eb2e744c56ad45aef8290e7029b1bcb	vendor-or-firmware-source
week02/v01/vendor/wr-cores/ip_cores/etherbone-core/api/labview/visual/myeb_snoop/targetver.h	765	2026-08-14T05:59:23.015497+00:00	bad5ca557eb99c1e3a43d3098fe0fef8def7228b724dcff3a72143f3717a8eb8	vendor-or-firmware-source
week02/v01/vendor/wr-cores/ip_cores/etherbone-core/api/labview/visual/myeb_write/stdafx.h	320	2026-08-14T05:59:23.021497+00:00	45ea38913a48aecd12e991a6f00663ea6eb2e744c56ad45aef8290e7029b1bcb	vendor-or-firmware-source
week02/v01/vendor/wr-cores/ip_cores/etherbone-core/api/labview/visual/myeb_write/targetver.h	765	2026-08-14T05:59:23.022497+00:00	bad5ca557eb99c1e3a43d3098fe0fef8def7228b724dcff3a72143f3717a8eb8	vendor-or-firmware-source
week02/v01/vendor/wr-cores/ip_cores/etherbone-core/api/labview/visual/stdint.h	7728	2026-08-14T05:59:23.023497+00:00	8da69f8b10c701d1ab71e6f08144c542b6a7fc2f43db2ad97a9fec12949479cf	vendor-or-firmware-source
week02/v01/vendor/wr-cores/ip_cores/etherbone-core/api/memory/array.c	4209	2026-08-14T05:59:23.025497+00:00	08e8103842777a34e2754a697b7035ea3a6caba5c4b87d2a60c0ddce2046a17a	vendor-or-firmware-source
week02/v01/vendor/wr-cores/ip_cores/etherbone-core/api/memory/dynamic.c	2523	2026-08-14T05:59:23.027497+00:00	2d28ff8d3f853b6c483b1852750658131f94b4675c5a7577d404e3f988c1bbb9	vendor-or-firmware-source
week02/v01/vendor/wr-cores/ip_cores/etherbone-core/api/memory/malloc.c	3682	2026-08-14T05:59:23.028497+00:00	21c6b2c4a76a7e37b4a37d38290a19ebf87454a2d0ed8c89372180d57ce23f4e	vendor-or-firmware-source
week02/v01/vendor/wr-cores/ip_cores/etherbone-core/api/memory/memory-array.h	2922	2026-08-14T05:59:23.029497+00:00	35e83fcdbf5fa323a0f04522d0ac5ecd74dd2670444f3fcdd381adc4235f77bc	vendor-or-firmware-source
week02/v01/vendor/wr-cores/ip_cores/etherbone-core/api/memory/memory-malloc.h	1642	2026-08-14T05:59:23.030497+00:00	ec9ec22a98a4a21bb29ab10afb26730b04ba7153ec9371661dedcbfead8820f6	vendor-or-firmware-source
week02/v01/vendor/wr-cores/ip_cores/etherbone-core/api/memory/memory.h	2761	2026-08-14T05:59:23.032497+00:00	9dcb13f360f03f2e93e190f681fe9987c43c28ab9d39995f9863d7138e08cd7a	vendor-or-firmware-source
week02/v01/vendor/wr-cores/ip_cores/etherbone-core/api/memory/static.c	1892	2026-08-14T05:59:23.033497+00:00	c8b059ccc61eb247c794eb027304630162ac6f14a865299bfc7e6d85849e7bdc	vendor-or-firmware-source
week02/v01/vendor/wr-cores/ip_cores/etherbone-core/api/test/ethDevice.h	1836	2026-08-14T05:59:23.036497+00:00	6ae78f451257fc6d044c7122051f96f3866b04cc56a11ccf05f236ee6c236027	vendor-or-firmware-source
week02/v01/vendor/wr-cores/ip_cores/etherbone-core/api/test/sizes.c	2297	2026-08-14T05:59:23.040497+00:00	450cb6782ea58fbbe91fd06dbf2df6f9523663d3400a9cad88b8aaf4e16d9ea2	vendor-or-firmware-source
week02/v01/vendor/wr-cores/ip_cores/etherbone-core/api/tools/eb-discover.c	4443	2026-08-14T05:59:23.043497+00:00	0cedf9ad9993e5dfd5f69db097cbf2badcce8e373ce51dc9199f3bd3ec73d91e	vendor-or-firmware-source
week02/v01/vendor/wr-cores/ip_cores/etherbone-core/api/tools/eb-find.c	6473	2026-08-14T05:59:23.045497+00:00	a7b98400a7b5fd5ba90aeb762259446299651513a2d870b8ad1cc2ddca0482bc	vendor-or-firmware-source
week02/v01/vendor/wr-cores/ip_cores/etherbone-core/api/tools/eb-get.c	15307	2026-08-14T05:59:23.047497+00:00	3e2962623c2b7ae8e556fd581728965db52e175e2b48b983fa6a68428463c137	vendor-or-firmware-source
week02/v01/vendor/wr-cores/ip_cores/etherbone-core/api/tools/eb-ls.c	12380	2026-08-14T05:59:23.049497+00:00	3a46c5934f2cce80ef3f7e34ad376a0b42dc93e55bc2ad38a9bc7e9179ea1377	vendor-or-firmware-source
week02/v01/vendor/wr-cores/ip_cores/etherbone-core/api/tools/eb-put.c	14937	2026-08-14T05:59:23.050497+00:00	f6694ef1673b1b645e0814adf77f7a0d235aaaf5f4df70fb32943b0e9859e1bc	vendor-or-firmware-source
week02/v01/vendor/wr-cores/ip_cores/etherbone-core/api/tools/eb-read.c	15884	2026-08-14T05:59:23.052497+00:00	f5b4ec52817ee9fe36581a8fa2de205958670e454f6835c55e6e412d518f925f	vendor-or-firmware-source
week02/v01/vendor/wr-cores/ip_cores/etherbone-core/api/tools/eb-snoop.c	8232	2026-08-14T05:59:23.053497+00:00	70b1be7917855557fddb5ba4e542a87f0c31259c8265773b8c4b585cf5ce1173	vendor-or-firmware-source
week02/v01/vendor/wr-cores/ip_cores/etherbone-core/api/tools/eb-tunnel.c	6746	2026-08-14T05:59:23.055497+00:00	5e3a15919a51b4d4718c6d208fd07d2fbc30f4f81eceda3733a2aa76297527f0	vendor-or-firmware-source
week02/v01/vendor/wr-cores/ip_cores/etherbone-core/api/tools/eb-write.c	17201	2026-08-14T05:59:23.057497+00:00	9d6d072efd792c317025e8a17da6e1797ad5a149a355b410deb03894f917d955	vendor-or-firmware-source
week02/v01/vendor/wr-cores/ip_cores/etherbone-core/api/transport/dev.c	5086	2026-08-14T05:59:23.059497+00:00	462a4cb425205b51f71dcbe0de65d57bc641c6fb5375ec83f86c0b706fec3664	vendor-or-firmware-source
week02/v01/vendor/wr-cores/ip_cores/etherbone-core/api/transport/dev.h	2560	2026-08-14T05:59:23.060497+00:00	4c86fe0b4bf64977502627f9b93cc55305329a0732ff0271196dee98ef6fe1a1	vendor-or-firmware-source
week02/v01/vendor/wr-cores/ip_cores/etherbone-core/api/transport/lm32.c	14144	2026-08-14T05:59:23.061497+00:00	dd2388d8309c3abff89cbe9805935a447c098398b9096ad5010af96a9d8b0d10	vendor-or-firmware-source
week02/v01/vendor/wr-cores/ip_cores/etherbone-core/api/transport/lm32.h	4967	2026-08-14T05:59:23.063497+00:00	61e1e017bd1f42c19d465a2c9e8e1942f656ad7c668983eb0d3f8d1cc7ba60b0	vendor-or-firmware-source
week02/v01/vendor/wr-cores/ip_cores/etherbone-core/api/transport/posix-ip.c	5453	2026-08-14T05:59:23.064497+00:00	fc19401558d4a86a02b9253a61f37a75a288be3ab7fa27464fe8b9c4863348d0	vendor-or-firmware-source
week02/v01/vendor/wr-cores/ip_cores/etherbone-core/api/transport/posix-ip.h	2381	2026-08-14T05:59:23.065497+00:00	a77d27c25324d390551820467f35444c86a9446d8ad2d468641441c04ffc67aa	vendor-or-firmware-source
week02/v01/vendor/wr-cores/ip_cores/etherbone-core/api/transport/posix-tcp.c	6964	2026-08-14T05:59:23.067497+00:00	3162081cdb31cd8eed3066fe5da83b90524c996fd79ea5860fc552cb2c53c95c	vendor-or-firmware-source
week02/v01/vendor/wr-cores/ip_cores/etherbone-core/api/transport/posix-tcp.h	2788	2026-08-14T05:59:23.068497+00:00	8c4d51954032f85b74289d3c16baadd059c5a4170a158aa8f217bc0ddce6f159	vendor-or-firmware-source
week02/v01/vendor/wr-cores/ip_cores/etherbone-core/api/transport/posix-udp.c	7345	2026-08-14T05:59:23.069497+00:00	0a5fe6c15226f98f65dde3cc8f5c380560611b602e758e4a0fe65b003f99fc36	vendor-or-firmware-source
week02/v01/vendor/wr-cores/ip_cores/etherbone-core/api/transport/posix-udp.h	2815	2026-08-14T05:59:23.070497+00:00	7a1178d1cd04a87ec0ea2784be1cf79336ca08e6606783f4e9862d19ee2a39d7	vendor-or-firmware-source
week02/v01/vendor/wr-cores/ip_cores/etherbone-core/api/transport/run.c	3369	2026-08-14T05:59:23.071497+00:00	56174139fa9d45041e5431f7024b50ed28563ea6e17b8964ac4810ca38ac9d66	vendor-or-firmware-source
week02/v01/vendor/wr-cores/ip_cores/etherbone-core/api/transport/transport.h	3419	2026-08-14T05:59:23.073497+00:00	fdfc70010f439f939d7005785374a0f24e4eae7d2d7637fb51aac5f4b3230426	vendor-or-firmware-source
week02/v01/vendor/wr-cores/ip_cores/etherbone-core/api/transport/transports.c	2492	2026-08-14T05:59:23.074497+00:00	7b88a4092eec15138929a5c8376046330bc0017669b5f798c6d766d5c69e26b5	vendor-or-firmware-source
week02/v01/vendor/wr-cores/ip_cores/etherbone-core/api/transport/tunnel.c	4367	2026-08-14T05:59:23.075497+00:00	8c60b0f674f1d4b084b4548964556896f92d734e5e296b03830e15a4bb402a64	vendor-or-firmware-source
week02/v01/vendor/wr-cores/ip_cores/etherbone-core/api/transport/tunnel.h	2409	2026-08-14T05:59:23.076497+00:00	9d85d8bc3c77d1dcab52a75d93bc17767aa079738e146e393594e16767d15bbc	vendor-or-firmware-source
week02/v01/vendor/wr-cores/ip_cores/etherbone-core/hdl/eb_master_core/Manifest.py	190	2026-08-14T05:59:23.079497+00:00	a6643204d9d3f9b8b70948c25c6b899cf4ced4c3bd58461893840e1362b3f35f	vendor-or-firmware-source
week02/v01/vendor/wr-cores/ip_cores/etherbone-core/hdl/eb_master_core/eb_commit_len_fifo.vhd	4945	2026-08-14T05:59:23.080497+00:00	c1f42cd14cc7da78e0b17cd07f6f45b9144280799a76631aeca0f70f7f54d350	vendor-or-firmware-source
week02/v01/vendor/wr-cores/ip_cores/etherbone-core/hdl/eb_master_core/eb_framer.vhd	15656	2026-08-14T05:59:23.082497+00:00	7e4d77372fb4bff77ae24160954f57831b828076eff516c5a1bb7f48acd58a3a	vendor-or-firmware-source
week02/v01/vendor/wr-cores/ip_cores/etherbone-core/hdl/eb_master_core/eb_master_eth_tx.vhd	13061	2026-08-14T05:59:23.083497+00:00	ce726676d30326a18ef92fa6ab786771a809813961d452aa6b86036d3aa38469	vendor-or-firmware-source
week02/v01/vendor/wr-cores/ip_cores/etherbone-core/hdl/eb_master_core/eb_master_slave_wrapper.vhd	4046	2026-08-14T05:59:23.085497+00:00	bfb87869e0a789ce70b3fce6bcb1da587ce8e2e56a5c1f377ca2be464757126e	vendor-or-firmware-source
week02/v01/vendor/wr-cores/ip_cores/etherbone-core/hdl/eb_master_core/eb_master_tb.vhd	13774	2026-08-14T05:59:23.086497+00:00	5356d313f9083002fdbb264239b2e40e36f054481053a3a7d5bcd2a6fcdd6a9c	vendor-or-firmware-source
week02/v01/vendor/wr-cores/ip_cores/etherbone-core/hdl/eb_master_core/eb_master_top.vhd	13802	2026-08-14T05:59:23.088497+00:00	cb1bd8bd0862b538646d99fecf0fb1a9debc5293e8c33db213fb79fd700855af	vendor-or-firmware-source
week02/v01/vendor/wr-cores/ip_cores/etherbone-core/hdl/eb_master_core/eb_master_wb_if.vhd	13843	2026-08-14T05:59:23.090497+00:00	07c055d60b23b51ab910830cc58cf676997f535b3e96dd0034059abaf1607d96	vendor-or-firmware-source
week02/v01/vendor/wr-cores/ip_cores/etherbone-core/hdl/eb_master_core/eb_record_gen.vhd	21720	2026-08-14T05:59:23.091497+00:00	0c5529e0017acad7b893e712e293d52d4b57ebf0902f68987c7d3b504295a683	vendor-or-firmware-source
week02/v01/vendor/wr-cores/ip_cores/etherbone-core/hdl/eb_master_core/ebm-chk.sh	965	2026-08-14T05:59:23.093497+00:00	1fbad5d2b2f67c8667744eed4c8afb71067055f402b1c147ba37f36b60e624df	vendor-or-firmware-source
week02/v01/vendor/wr-cores/ip_cores/etherbone-core/hdl/eb_master_core/ebm-test.sh	1140	2026-08-14T05:59:23.094497+00:00	70a1cc32228c19fc6fc7ddc3cbb71f85d02a0db05f01905d951cb201c402e116	vendor-or-firmware-source
week02/v01/vendor/wr-cores/ip_cores/etherbone-core/hdl/eb_master_core/ebmdemo/Makefile	690	2026-08-14T05:59:23.095497+00:00	50f8487058cf5df3654e86581d982bc724807343469fecfe39a8e614e960baa3	vendor-or-firmware-source
week02/v01/vendor/wr-cores/ip_cores/etherbone-core/hdl/eb_master_core/ebmdemo/main.c	1335	2026-08-14T05:59:23.098497+00:00	5c6397f882cd286e67aef0063a2e3673bb1cef2099e116b07fba81039842fc06	vendor-or-firmware-source
week02/v01/vendor/wr-cores/ip_cores/etherbone-core/hdl/eb_master_core/ebt.sh	278	2026-08-14T05:59:23.099497+00:00	7a1a2401ed194bf456f026a1734e57b616e9d4764c51dce5be492e8debf9fff0	vendor-or-firmware-source
week02/v01/vendor/wr-cores/ip_cores/etherbone-core/hdl/eb_slave_core/Manifest.py	486	2026-08-14T05:59:23.101497+00:00	012af0689a89adcf8e54ece3d327d21279497c1e84b4f9712a9403cdb93adff6	vendor-or-firmware-source
week02/v01/vendor/wr-cores/ip_cores/etherbone-core/hdl/eb_slave_core/eb_cfg_fifo.vhd	5450	2026-08-14T05:59:23.102497+00:00	faeb7a6dbc3eb1d77566cd171aa2fbc8f93f415f81d2d8096859c0ae05c69b5d	vendor-or-firmware-source
week02/v01/vendor/wr-cores/ip_cores/etherbone-core/hdl/eb_slave_core/eb_checksum.vhd	3012	2026-08-14T05:59:23.104497+00:00	cf82fc4e9b046793b3b69cbfa9aeb4e3718e347f2d1f9a6ac787c36d44c81032	vendor-or-firmware-source
week02/v01/vendor/wr-cores/ip_cores/etherbone-core/hdl/eb_slave_core/eb_commit_fifo.vhd	3684	2026-08-14T05:59:23.105497+00:00	1dbe6d5fead85f056dc6f4fb49fde9760d6fde06927ed8e498e6d8ffe7911eb6	vendor-or-firmware-source
week02/v01/vendor/wr-cores/ip_cores/etherbone-core/hdl/eb_slave_core/eb_eth_rx.vhd	5516	2026-08-14T05:59:23.106497+00:00	cfe7af319d1e24d48f80a151335bc9678725698ea3a9504f915dc50b76406b34	vendor-or-firmware-source
week02/v01/vendor/wr-cores/ip_cores/etherbone-core/hdl/eb_slave_core/eb_eth_tx.vhd	10628	2026-08-14T05:59:23.107497+00:00	33698253808fa6421883784fc9909bbbb33656ec512f1e169c2d22d236a80b93	vendor-or-firmware-source
week02/v01/vendor/wr-cores/ip_cores/etherbone-core/hdl/eb_slave_core/eb_ethernet_slave.vhd	5165	2026-08-14T05:59:23.109497+00:00	b3c3cd3327961662b9afe41400c314ffbd2379403795ebb64c01e4fbb78f0c94	vendor-or-firmware-source
week02/v01/vendor/wr-cores/ip_cores/etherbone-core/hdl/eb_slave_core/eb_fifo.vhd	3346	2026-08-14T05:59:23.110497+00:00	ba65220cf2d408388f4ace1c057bf8d2b658db8c186556b8c4fb676cc7e099f5	vendor-or-firmware-source
week02/v01/vendor/wr-cores/ip_cores/etherbone-core/hdl/eb_slave_core/eb_hdr_pkg.vhd	8896	2026-08-14T05:59:23.111497+00:00	e6e5de702e23d5b7482e7bbf0bc6edee33602cf4fb07a1742936168b4487776b	vendor-or-firmware-source
week02/v01/vendor/wr-cores/ip_cores/etherbone-core/hdl/eb_slave_core/eb_internals_pkg.vhd	13426	2026-08-14T05:59:23.113497+00:00	e7301e84426ceca5fbd1e2583f63f8a17f5f491f882f837d4c72408fdb1e0220	vendor-or-firmware-source
week02/v01/vendor/wr-cores/ip_cores/etherbone-core/hdl/eb_slave_core/eb_pass_fifo.vhd	1846	2026-08-14T05:59:23.114497+00:00	ede62c4197133fca18cdc6a18cf8e7fe7523da25e83efc606df3d9f7fb96a386	vendor-or-firmware-source
week02/v01/vendor/wr-cores/ip_cores/etherbone-core/hdl/eb_slave_core/eb_raw_slave.vhd	3440	2026-08-14T05:59:23.115497+00:00	fe0e6acc0ae12c699c535acc8ca8f39ea11e182a93812dde86f8c928fb6b1405	vendor-or-firmware-source
week02/v01/vendor/wr-cores/ip_cores/etherbone-core/hdl/eb_slave_core/eb_slave_core.vhd	1402	2026-08-14T05:59:23.117497+00:00	d2ff33072896957ae1bf78d4dbc2caa0febb93cf1c576152af63b434a7533ac0	vendor-or-firmware-source
week02/v01/vendor/wr-cores/ip_cores/etherbone-core/hdl/eb_slave_core/eb_slave_fsm.vhd	11836	2026-08-14T05:59:23.118497+00:00	354bda4436ce3d44b57e4a5e6e3c0cd118bc6f469f465b0388c233075843ac07	vendor-or-firmware-source
week02/v01/vendor/wr-cores/ip_cores/etherbone-core/hdl/eb_slave_core/eb_slave_top.vhd	6837	2026-08-14T05:59:23.119497+00:00	0d6bcbf8e2d08a3fc2e269b6746f9e03ae9bc2a3bf6a08b3054633e85d0b3d22	vendor-or-firmware-source
week02/v01/vendor/wr-cores/ip_cores/etherbone-core/hdl/eb_slave_core/eb_stream_narrow.vhd	5204	2026-08-14T05:59:23.121497+00:00	84c5740151712a03595415d395aef7bb7a350543ce167d4f6c373fb14c29ace6	vendor-or-firmware-source
week02/v01/vendor/wr-cores/ip_cores/etherbone-core/hdl/eb_slave_core/eb_stream_widen.vhd	4826	2026-08-14T05:59:23.122497+00:00	04fbba63788654a5376bc7015959ba609b1f84468ab7cb847a20ea17d905d7ff	vendor-or-firmware-source
week02/v01/vendor/wr-cores/ip_cores/etherbone-core/hdl/eb_slave_core/eb_tag_fifo.vhd	1802	2026-08-14T05:59:23.123497+00:00	b8372bd7d89f84c56a15c132be67fc2d3b1bb9eb099566985d3664740a7f598d	vendor-or-firmware-source
week02/v01/vendor/wr-cores/ip_cores/etherbone-core/hdl/eb_slave_core/eb_tx_mux.vhd	5586	2026-08-14T05:59:23.125497+00:00	65701507684a8d238aebcc9cc67026152176def1b08e9d40ef95743743607844	vendor-or-firmware-source
week02/v01/vendor/wr-cores/ip_cores/etherbone-core/hdl/eb_slave_core/eb_wbm_fifo.vhd	5701	2026-08-14T05:59:23.126497+00:00	9fe530a892a90218a00da949a6e001f98060337ea0a1ef9b0cec73a8a2708a13	vendor-or-firmware-source
week02/v01/vendor/wr-cores/ip_cores/etherbone-core/hdl/eb_slave_core/etherbone_pkg.vhd	5253	2026-08-14T05:59:23.127496+00:00	e89559bc23fba7a5a84475e2731c1511ebe35577fc491980b879318e645bd365	vendor-or-firmware-source
week02/v01/vendor/wr-cores/ip_cores/etherbone-core/hdl/eb_usb_core/Makefile	121	2026-08-14T05:59:23.130497+00:00	81278c7b9fa95a656aaf448254834686108a667608869fc929849744ddeb8e42	vendor-or-firmware-source
week02/v01/vendor/wr-cores/ip_cores/etherbone-core/hdl/eb_usb_core/Manifest.py	71	2026-08-14T05:59:23.131497+00:00	bdf6608d82b08b25bc90a1f113fa890d498b1a4058ac0cbe067f7a7572164221	vendor-or-firmware-source
week02/v01/vendor/wr-cores/ip_cores/etherbone-core/hdl/eb_usb_core/cdc_acm.c	23994	2026-08-14T05:59:23.133497+00:00	611dba77d6a4ae5ee4c5f4fdacced05783e31ac52ebd2942b91d1ae37560c06b	vendor-or-firmware-source
week02/v01/vendor/wr-cores/ip_cores/etherbone-core/hdl/eb_usb_core/erase_eeprom.c	2314	2026-08-14T05:59:23.134496+00:00	f1b4d3eb380fb7f773057bb5d7d4dc898f646204fe2fc14513af7dbc56ff2259	vendor-or-firmware-source
week02/v01/vendor/wr-cores/ip_cores/etherbone-core/hdl/eb_usb_core/ez_usb.vhd	9935	2026-08-14T05:59:23.136497+00:00	075fc5d7a2c51b8fead7b6401525ea66b823f9a3aedcf45f2c205ede70cb8ab4	vendor-or-firmware-source
week02/v01/vendor/wr-cores/ip_cores/etherbone-core/hdl/eb_usb_core/ez_usb_fifos.vhd	14080	2026-08-14T05:59:23.137496+00:00	0ab34342d2a3dff4d0eda84ef050d51a19c5dc75bc82baf5a93a8898cf32acf7	vendor-or-firmware-source
week02/v01/vendor/wr-cores/ip_cores/etherbone-core/hdl/eb_usb_core/ez_usb_pkg.vhd	2692	2026-08-14T05:59:23.139497+00:00	ba8939869a4203082ef43878dd87517082672fc0ae9fbd39bec62b4db72256f8	vendor-or-firmware-source
week02/v01/vendor/wr-cores/ip_cores/etherbone-core/hdl/eb_usb_core/flash-fx2lp.sh	701	2026-08-14T05:59:23.140496+00:00	9dc2ee7f5125a1c153dce3aae82a2bbc26908ed368a26f213f0569773023855c	vendor-or-firmware-source
week02/v01/vendor/wr-cores/ip_cores/etherbone-core/hdl/eb_usb_core/fx2.h	14981	2026-08-14T05:59:23.141496+00:00	5dd762b00ff5def14a24fa9cba129caf4a0a919e07f6ee4ff74e674df42b1466	vendor-or-firmware-source
week02/v01/vendor/wr-cores/ip_cores/etherbone-core/hdl/eb_usb_core/fx2regs.h	30631	2026-08-14T05:59:23.143497+00:00	aef2af23e8598903e7d16006e24129199b86d53e069f8ab641d164846d3b8929	vendor-or-firmware-source
week02/v01/vendor/wr-cores/ip_cores/etherbone-core/hdl/eb_usb_core/vend_ax.hex	10410	2026-08-14T05:59:23.145496+00:00	7d2942d761595d4f659742fbc8d50ed5ab9d7e65783a87b299c5035933bc1aef	vendor-or-firmware-source
week02/v01/vendor/wr-cores/ip_cores/etherbone-core/scripts/eb-init.sh	424	2026-08-14T05:59:23.147496+00:00	a5f207d5588873269a6e255db006951e596c5eefca0a1c1adc35ebf26b301dd7	vendor-or-firmware-source
week02/v01/vendor/wr-cores/ip_cores/etherbone-core/scripts/eca-to-tlu.sh	1515	2026-08-14T05:59:23.148496+00:00	cbbe06b02096d5522aecbb4b97af8d2d366fd3a662029e4f559d2ad532b6c65a	vendor-or-firmware-source
week02/v01/vendor/wr-cores/ip_cores/etherbone-core/scripts/get_tm_i_0.sh	1238	2026-08-14T05:59:23.149497+00:00	c4d2185a1c840e54f931718e6ad8fe3cec225fdc8b68bdb6f8ff6b31b9be10ab	vendor-or-firmware-source
week02/v01/vendor/wr-cores/ip_cores/etherbone-core/scripts/get_tm_pps.sh	1238	2026-08-14T05:59:23.151496+00:00	b9ff69c0b58d30e4048cad01023025b60ccd0a1ae46fb79d4cf000a266e8c045	vendor-or-firmware-source
week02/v01/vendor/wr-cores/ip_cores/etherbone-core/scripts/hack-flip.sh	2030	2026-08-14T05:59:23.152496+00:00	cbcdc8f6c8a265484184defd5c30af323517efc8e04730ce862004284bc18a42	vendor-or-firmware-source
week02/v01/vendor/wr-cores/ip_cores/etherbone-core/scripts/test_tmlatch.sh	1229	2026-08-14T05:59:23.153497+00:00	c22cb5a1834e631d5ca390c895df93ae497d60f0c96fc7462e557838169851a8	vendor-or-firmware-source
week02/v01/vendor/wr-cores/ip_cores/etherbone-core/scripts/toggle-led.sh	834	2026-08-14T05:59:23.154496+00:00	37467ba7050f06a747e18e8f9b8fd881024540f86b40d4e6c5caeaceef2f9ea8	vendor-or-firmware-source
week02/v01/vendor/wr-cores/ip_cores/general-cores/Manifest.py	166	2026-08-14T05:59:23.293496+00:00	4468316bb701e908f845fceab41a5611e3052c5ea9e705975cb879a662233394	vendor-or-firmware-source
week02/v01/vendor/wr-cores/ip_cores/general-cores/README.md	13005	2026-08-14T05:59:23.294496+00:00	71b72652cde62d0eb340547fc84fd5db12858c8e8af7968281e99d203cf85c88	vendor-or-firmware-source
week02/v01/vendor/wr-cores/ip_cores/general-cores/common.mk	251	2026-08-14T05:59:23.296496+00:00	6db2f73821c8b06b2a81f3b8671e36796b9f7674453a389a22d3de0a2286f964	vendor-or-firmware-source
week02/v01/vendor/wr-cores/ip_cores/general-cores/distribution/Makefile	643	2026-08-14T05:59:23.299496+00:00	17d75fd82e8bbd69ae08c255d56d0d1b22a5e227ce2eb59061b2dca074f78eec	vendor-or-firmware-source
week02/v01/vendor/wr-cores/ip_cores/general-cores/distribution/rpmbuild.mk	2925	2026-08-14T05:59:23.301496+00:00	a0000499d0ce764601f84cd11d5e26ce320d83fa2a58eac2456f112cda1d9003	vendor-or-firmware-source
week02/v01/vendor/wr-cores/ip_cores/general-cores/doc/Makefile	1169	2026-08-14T05:59:23.303496+00:00	23425458a42189ef464df8cd5618f72f21e0ee065c6938e6237f3cdd5847c23f	vendor-or-firmware-source
week02/v01/vendor/wr-cores/ip_cores/general-cores/doc/gc_fsm_watchdog/Makefile	388	2026-08-14T05:59:23.317496+00:00	1755a4c8ddd91302e0d16eca60ddd5a9ac07065840f535a7641f6221ab65b2f4	vendor-or-firmware-source
week02/v01/vendor/wr-cores/ip_cores/general-cores/doc/gc_fsm_watchdog/fig/Makefile	122	2026-08-14T05:59:23.322495+00:00	2a8260ee7a73aee80640cd68bf92caee3820192496ea4be2b1535984dd9de57d	vendor-or-firmware-source
week02/v01/vendor/wr-cores/ip_cores/general-cores/doc/gc_glitch_filt/Makefile	386	2026-08-14T05:59:23.333495+00:00	014756797b4f43d62e46d6a460d22b232da27676dfd8fac71429c800ba54cf8d	vendor-or-firmware-source
week02/v01/vendor/wr-cores/ip_cores/general-cores/doc/gc_glitch_filt/fig/Makefile	136	2026-08-14T05:59:23.337495+00:00	858f75747c3fbc6d74c1d1344399191bbdf486b3d8fdba7a111b861efe61e697	vendor-or-firmware-source
week02/v01/vendor/wr-cores/ip_cores/general-cores/doc/gc_i2c_slave/Makefile	384	2026-08-14T05:59:23.348495+00:00	209f00f6975cc58840bc3a69d3737e801472f69dfe0fce8f109a411c97a09f20	vendor-or-firmware-source
week02/v01/vendor/wr-cores/ip_cores/general-cores/doc/gc_i2c_slave/fig/Makefile	136	2026-08-14T05:59:23.352495+00:00	858f75747c3fbc6d74c1d1344399191bbdf486b3d8fdba7a111b861efe61e697	vendor-or-firmware-source
week02/v01/vendor/wr-cores/ip_cores/general-cores/doc/wb_i2c_bridge/Makefile	385	2026-08-14T05:59:23.376495+00:00	c8049f4a58058c84089871ed918b3425035247c7438adb0668f3b23db6d7d3a4	vendor-or-firmware-source
week02/v01/vendor/wr-cores/ip_cores/general-cores/doc/wb_i2c_bridge/fig/Makefile	136	2026-08-14T05:59:23.380495+00:00	858f75747c3fbc6d74c1d1344399191bbdf486b3d8fdba7a111b861efe61e697	vendor-or-firmware-source
week02/v01/vendor/wr-cores/ip_cores/general-cores/doc/wb_xil_multiboot/Makefile	389	2026-08-14T05:59:23.419495+00:00	dbbd22e3f4be1a5cc9b11b6620df266044e62748c999dec00d8d05522202cad2	vendor-or-firmware-source
week02/v01/vendor/wr-cores/ip_cores/general-cores/doc/wb_xil_multiboot/fig/Makefile	136	2026-08-14T05:59:23.424495+00:00	858f75747c3fbc6d74c1d1344399191bbdf486b3d8fdba7a111b861efe61e697	vendor-or-firmware-source
week02/v01/vendor/wr-cores/ip_cores/general-cores/doc/wishbone.md	7498	2026-08-14T05:59:23.445495+00:00	b7e3dcc0e0778a76a250ad6e5d98abc453bc4cac3772513eb41091ae85c1e463	vendor-or-firmware-source
week02/v01/vendor/wr-cores/ip_cores/general-cores/modules/axi/Manifest.py	185	2026-08-14T05:59:23.447495+00:00	e09d387e723c6de2c1684140aa8ceee96c3141220a9b60fbacd72d79182e9101	vendor-or-firmware-source
week02/v01/vendor/wr-cores/ip_cores/general-cores/modules/axi/axi4_pkg.vhd	9629	2026-08-14T05:59:23.449495+00:00	bf21e0147e9e65654ff878d8eb9882d51193f4b9949e73118dce0ae46dc33321	vendor-or-firmware-source
week02/v01/vendor/wr-cores/ip_cores/general-cores/modules/axi/axi4lite32_axi4full64_bridge/Manifest.py	53	2026-08-14T05:59:23.450495+00:00	ca4581d10430a5bbe7268ceb9a6f4b057b7a30345ffca37a02c49eb20bbb93ba	vendor-or-firmware-source
week02/v01/vendor/wr-cores/ip_cores/general-cores/modules/axi/axi4lite32_axi4full64_bridge/axi4lite32_axi4full64_bridge.vhd	10294	2026-08-14T05:59:23.452495+00:00	deed2f6eb92708cb49f3885d9058a41f8477a1b67680b33b23787f30ee193bcb	vendor-or-firmware-source
week02/v01/vendor/wr-cores/ip_cores/general-cores/modules/axi/axi4lite_axi4full_bridge/Manifest.py	49	2026-08-14T05:59:23.454495+00:00	56ddbed78143a46e39a41813e581f2752ee8dcaa6c5d8ae2f83b2699d78d1196	vendor-or-firmware-source
week02/v01/vendor/wr-cores/ip_cores/general-cores/modules/axi/axi4lite_axi4full_bridge/axi4lite_axi4full_bridge.vhd	10123	2026-08-14T05:59:23.456495+00:00	8ad51d85f7cbe2aead3d951f2e36ac29c47978439ec2dff214705326189f63f8	vendor-or-firmware-source
week02/v01/vendor/wr-cores/ip_cores/general-cores/modules/axi/axi4lite_wb_bridge/Manifest.py	44	2026-08-14T05:59:23.457495+00:00	6965a2bf337ab4cf7c7bf215f15844cf5eb6aeb930fe075f156c3bf4200ffbd0	vendor-or-firmware-source
week02/v01/vendor/wr-cores/ip_cores/general-cores/modules/axi/axi4lite_wb_bridge/xaxi4lite_wb_bridge.vhd	6193	2026-08-14T05:59:23.459495+00:00	1ce08066fe8abb56da1f27949199a00bd77d447f70d88396caab46c774fbcc24	vendor-or-firmware-source
week02/v01/vendor/wr-cores/ip_cores/general-cores/modules/axi/z7_axi_gpio_expander/Manifest.py	42	2026-08-14T05:59:23.461495+00:00	462200ebc3759e3390e4fe60629569934b92fc024f31b3585b87484b4260486f	vendor-or-firmware-source
week02/v01/vendor/wr-cores/ip_cores/general-cores/modules/axi/z7_axi_gpio_expander/axi_gpio_expander.vhd	15670	2026-08-14T05:59:23.462495+00:00	f8c27dba4addf6ddd7ea8a520bde2924ccd29955b9a5c8df9d0cdadc0166dbda	vendor-or-firmware-source
week02/v01/vendor/wr-cores/ip_cores/general-cores/modules/common/Manifest.py	1224	2026-08-14T05:59:23.464495+00:00	7380e5ae222f05b03657534a38b41eaab8e8c3906ace1b887a32a14f8100e78b	vendor-or-firmware-source
week02/v01/vendor/wr-cores/ip_cores/general-cores/modules/common/gc_arbitrated_mux.vhd	4520	2026-08-14T05:59:23.466495+00:00	3350eeafae60e6ef18c408d07d65c1a24a96cad6b6cd4b8f6845c6cdaa1afe9f	vendor-or-firmware-source
week02/v01/vendor/wr-cores/ip_cores/general-cores/modules/common/gc_async_counter_diff.vhd	4931	2026-08-14T05:59:23.467494+00:00	ffb0718dd1e98f270e3fee2a36182bd6cd09158383c472903df4bb78fd5c635f	vendor-or-firmware-source
week02/v01/vendor/wr-cores/ip_cores/general-cores/modules/common/gc_async_signals_input_stage.vhd	7989	2026-08-14T05:59:23.468495+00:00	c65fdb355ce6e7d28db70179f007359bccee5c44f76bee02802aaaf1683104e8	vendor-or-firmware-source
week02/v01/vendor/wr-cores/ip_cores/general-cores/modules/common/gc_bicolor_led_ctrl.vhd	9285	2026-08-14T05:59:23.470495+00:00	a7749086a1f4022db82fc9ef000e9950270d8864dbb1c1fe9405384e74e4bc63	vendor-or-firmware-source
week02/v01/vendor/wr-cores/ip_cores/general-cores/modules/common/gc_big_adder.vhd	4671	2026-08-14T05:59:23.471495+00:00	24dfe97c5b114f15d988d9aec9788161fe52d259a6e6994ac21f457c4c336e46	vendor-or-firmware-source
week02/v01/vendor/wr-cores/ip_cores/general-cores/modules/common/gc_comparator.vhd	7020	2026-08-14T05:59:23.473495+00:00	e77f57f6cf2145c06e5e23b15139cc829a327c3075dee4adf5d7ad216138dcd5	vendor-or-firmware-source
week02/v01/vendor/wr-cores/ip_cores/general-cores/modules/common/gc_crc_gen.vhd	10444	2026-08-14T05:59:23.474494+00:00	a80d0a3573b7680414d691452b532304e33ddf2d237400fd5d7510c5d6c01bf6	vendor-or-firmware-source
week02/v01/vendor/wr-cores/ip_cores/general-cores/modules/common/gc_dec_8b10b.vhd	23869	2026-08-14T05:59:23.476495+00:00	e6f66ec2ca590c2a9ca25752e5f0fa5fba5a55aa13bc9c875e2a7edd13730c35	vendor-or-firmware-source
week02/v01/vendor/wr-cores/ip_cores/general-cores/modules/common/gc_delay_gen.vhd	2931	2026-08-14T05:59:23.477494+00:00	1e54547df97fced3d2fe081079fc49b096db282b47fc3de9f9291c36c737b001	vendor-or-firmware-source
week02/v01/vendor/wr-cores/ip_cores/general-cores/modules/common/gc_delay_line.vhd	3261	2026-08-14T05:59:23.478494+00:00	55b4567e57de58a885420e2436dbaef27861ca1bcbc8523ecc075da0787a0627	vendor-or-firmware-source
week02/v01/vendor/wr-cores/ip_cores/general-cores/modules/common/gc_ds182x_interface.vhd	2773	2026-08-14T05:59:23.480494+00:00	97b592c2252c330596dc078e1559c828a319f2424f659468e5a9fb86192ffb29	vendor-or-firmware-source
week02/v01/vendor/wr-cores/ip_cores/general-cores/modules/common/gc_ds182x_readout/README.md	566	2026-08-14T05:59:23.482495+00:00	44fa0e594ae4fd28f31ff9cd7e2e92dcff5729498bf1ae259e1c99fbad95bc0e	vendor-or-firmware-source
week02/v01/vendor/wr-cores/ip_cores/general-cores/modules/common/gc_ds182x_readout/gc_ds182x_readout.vhd	14881	2026-08-14T05:59:23.483495+00:00	2a6e19addf6a7bce8ccc7204f87374f043006ab412aaa70719df731c71d5972b	vendor-or-firmware-source
week02/v01/vendor/wr-cores/ip_cores/general-cores/modules/common/gc_dual_pi_controller.vhd	12596	2026-08-14T05:59:23.485494+00:00	56f22333c95f4a64f3c7fd63c99f7fde0517cffc4bdf9db3d15fce84614aea06	vendor-or-firmware-source
week02/v01/vendor/wr-cores/ip_cores/general-cores/modules/common/gc_dyn_extend_pulse.vhd	2642	2026-08-14T05:59:23.486495+00:00	a4dd2154df1acde02e5fffe9122b97cfb8cc7c43edd516f6cc30fbd57194d3b8	vendor-or-firmware-source
week02/v01/vendor/wr-cores/ip_cores/general-cores/modules/common/gc_dyn_glitch_filt.vhd	3895	2026-08-14T05:59:23.488494+00:00	bb5c4a308e9d6a3c8d365e7bd729a7f19d025320a9625206003adbadc8dd7a1f	vendor-or-firmware-source
week02/v01/vendor/wr-cores/ip_cores/general-cores/modules/common/gc_edge_detect.vhd	3719	2026-08-14T05:59:23.489495+00:00	a30ac3733dfd9cde3a04f934bc4a91baa8370f9bc621ac26fd56f59ae63f118d	vendor-or-firmware-source
week02/v01/vendor/wr-cores/ip_cores/general-cores/modules/common/gc_enc_8b10b.vhd	15361	2026-08-14T05:59:23.491494+00:00	9fffe81b5fc7b25461013137e2c48aec9faea66842336e6709f65b8ed67dd90c	vendor-or-firmware-source
week02/v01/vendor/wr-cores/ip_cores/general-cores/modules/common/gc_extend_pulse.vhd	3056	2026-08-14T05:59:23.492494+00:00	2b581b37b743d1befbc79a848f8c5f912b72b262ce4633e0bf53434f5ef1ac4d	vendor-or-firmware-source
week02/v01/vendor/wr-cores/ip_cores/general-cores/modules/common/gc_frequency_meter.vhd	4912	2026-08-14T05:59:23.493495+00:00	48b54f8624dcc052223891a8690d4d5f076f21cc699bb29224a5023a46c6de7f	vendor-or-firmware-source
week02/v01/vendor/wr-cores/ip_cores/general-cores/modules/common/gc_fsm_watchdog.vhd	3387	2026-08-14T05:59:23.495494+00:00	1483193974d7fb5e57785747c2b5c999066baad76eaa3d398233f856ed19d4bb	vendor-or-firmware-source
week02/v01/vendor/wr-cores/ip_cores/general-cores/modules/common/gc_glitch_filt.vhd	3047	2026-08-14T05:59:23.496495+00:00	6edf0d0f68239f63e9b5ff672bc4d8a48599ddf2384fdf1fc6c73d5caedf22d2	vendor-or-firmware-source
week02/v01/vendor/wr-cores/ip_cores/general-cores/modules/common/gc_i2c_slave.vhd	18067	2026-08-14T05:59:23.498494+00:00	a204c8afd23db0da138a2245ae5de01e8df1f1ffd4cfbbe9cffb827253f6886a	vendor-or-firmware-source
week02/v01/vendor/wr-cores/ip_cores/general-cores/modules/common/gc_moving_average.vhd	3410	2026-08-14T05:59:23.499494+00:00	49f3da2e70a5ee3414de2d4e6b36ccb05f0ea3b2361e4088463ccb2bdd3f868a	vendor-or-firmware-source
week02/v01/vendor/wr-cores/ip_cores/general-cores/modules/common/gc_multichannel_frequency_meter.vhd	4491	2026-08-14T05:59:23.500494+00:00	c1a291498f39812efe784706c97391b4e55dce512380d72195a54f142708f831	vendor-or-firmware-source
week02/v01/vendor/wr-cores/ip_cores/general-cores/modules/common/gc_negedge.vhd	2063	2026-08-14T05:59:23.502494+00:00	f57acc9104b7434a15c2702a6ed225b79b06c2fc5c073b2309a739f52a73d9da	vendor-or-firmware-source
week02/v01/vendor/wr-cores/ip_cores/general-cores/modules/common/gc_posedge.vhd	2064	2026-08-14T05:59:23.503494+00:00	d3ec9ec815fee1a80c9a5718ed8bc1395b2c538c808851ea102a826932095a40	vendor-or-firmware-source
week02/v01/vendor/wr-cores/ip_cores/general-cores/modules/common/gc_prio_encoder.vhd	2688	2026-08-14T05:59:23.504494+00:00	7b3ea2adaa971593f44b76c32e1c605815237ffa8fb6260991314006f1048f75	vendor-or-firmware-source
week02/v01/vendor/wr-cores/ip_cores/general-cores/modules/common/gc_pulse_synchronizer.vhd	2353	2026-08-14T05:59:23.506494+00:00	079d0d400ce21b0fa4008c7e660e2c9da4f884ee65afd9ec601d87640d6dd7dd	vendor-or-firmware-source
week02/v01/vendor/wr-cores/ip_cores/general-cores/modules/common/gc_pulse_synchronizer2.vhd	4258	2026-08-14T05:59:23.507494+00:00	58acd5d632f2ec503c967f39da1d59de7d5423b0658fef7a6a25c2b890d39fa6	vendor-or-firmware-source
week02/v01/vendor/wr-cores/ip_cores/general-cores/modules/common/gc_reset.vhd	3045	2026-08-14T05:59:23.508494+00:00	20f5e25aefbaf13c9e0d83f5a13b053b9fdedd4c029499b4233cc711bf65c39e	vendor-or-firmware-source
week02/v01/vendor/wr-cores/ip_cores/general-cores/modules/common/gc_reset_multi_aasd.vhd	2807	2026-08-14T05:59:23.509494+00:00	b49433b0160c18637f4593dd7c9fa76c40e686c439d820b79555c205bf84de85	vendor-or-firmware-source
week02/v01/vendor/wr-cores/ip_cores/general-cores/modules/common/gc_rr_arbiter.vhd	3067	2026-08-14T05:59:23.511494+00:00	2fb4c6d58d175a404e9abbb821db011fc6388fe1522f05db827b609f3ff9e115	vendor-or-firmware-source
week02/v01/vendor/wr-cores/ip_cores/general-cores/modules/common/gc_serial_dac.vhd	7295	2026-08-14T05:59:23.512494+00:00	064d69303ae1a610782cbe144b747390a09162778744b30d0e41e0a33cdcd1ec	vendor-or-firmware-source
week02/v01/vendor/wr-cores/ip_cores/general-cores/modules/common/gc_sfp_i2c_adapter.vhd	6203	2026-08-14T05:59:23.514494+00:00	8daa58f747fb9a7d8391d9533434f922f3581c316889689aafe8b5e2f4a6cced	vendor-or-firmware-source
week02/v01/vendor/wr-cores/ip_cores/general-cores/modules/common/gc_simple_spi_master.vhd	6644	2026-08-14T05:59:23.516494+00:00	0db17505496b406f21502bc59ea410d814395a3b42199773ca02f77b82db1722	vendor-or-firmware-source
week02/v01/vendor/wr-cores/ip_cores/general-cores/modules/common/gc_single_reset_gen.vhd	5011	2026-08-14T05:59:23.517494+00:00	31b73464391fa141355f5de7ad0a5798e1b8e1ceb337ef6a536ca236ee9083ee	vendor-or-firmware-source
week02/v01/vendor/wr-cores/ip_cores/general-cores/modules/common/gc_sync.vhd	3459	2026-08-14T05:59:23.518494+00:00	8d0b91bb4d7180f6544397e9013bbd391a7825ae078eaa73e0c23f4e6e662b33	vendor-or-firmware-source
week02/v01/vendor/wr-cores/ip_cores/general-cores/modules/common/gc_sync_ffs.vhd	3462	2026-08-14T05:59:23.519494+00:00	da33500bc97a928560f34d0fd3cf29fc7bc0db5e0b118912a1ecf3feb7b4a620	vendor-or-firmware-source
week02/v01/vendor/wr-cores/ip_cores/general-cores/modules/common/gc_sync_register.vhd	2984	2026-08-14T05:59:23.521494+00:00	e7bfd351237723c140aec85595f878b5bada7b84a64dd1a9369c83fe069104a0	vendor-or-firmware-source
week02/v01/vendor/wr-cores/ip_cores/general-cores/modules/common/gc_sync_word_rd.vhd	3662	2026-08-14T05:59:23.522494+00:00	66fe6be5742c796fdf0b31f786ce2d3bd54f03d0275f681e99db58c2846f19f3	vendor-or-firmware-source
week02/v01/vendor/wr-cores/ip_cores/general-cores/modules/common/gc_sync_word_wr.vhd	4151	2026-08-14T05:59:23.523494+00:00	cd65f6089a1e11de7d990f59f5baeff62e79936eb11c65df12e100358f7d023a	vendor-or-firmware-source
week02/v01/vendor/wr-cores/ip_cores/general-cores/modules/common/gc_word_packer.vhd	6549	2026-08-14T05:59:23.525494+00:00	54807fa1af89ab4077772462f6de7b3fe5326a47c9e4d67430a828f00921de37	vendor-or-firmware-source
week02/v01/vendor/wr-cores/ip_cores/general-cores/modules/common/gencores_pkg.vhd	38867	2026-08-14T05:59:23.527494+00:00	8e5e359d6ae56bb4e91c9b597d895dfdea72106be455946c00e5a1d438a97442	vendor-or-firmware-source
week02/v01/vendor/wr-cores/ip_cores/general-cores/modules/common/matrix_pkg.vhd	4312	2026-08-14T05:59:23.528494+00:00	5b153db3b161d9ae9753e3c899356e2db2a4f7fb5d2e4c48bc21f4f0fc16add1	vendor-or-firmware-source
week02/v01/vendor/wr-cores/ip_cores/general-cores/modules/dsp/Manifest.py	492	2026-08-14T05:59:23.537494+00:00	c49d5e1843695fc745ee493abee961f00406729450c6af5f2859042c0fa9a3b3	vendor-or-firmware-source
week02/v01/vendor/wr-cores/ip_cores/general-cores/modules/dsp/cordic_init.vhd	9761	2026-08-14T05:59:23.538494+00:00	8c91fff62c769cf65a3fb2794e7556fa9fb2109ec507b6afdbbb154c5d11f892	vendor-or-firmware-source
week02/v01/vendor/wr-cores/ip_cores/general-cores/modules/dsp/cordic_modulo_360.vhd	4730	2026-08-14T05:59:23.540494+00:00	125e114131117778b1b9c23dfdacab224571315736eecefc416dd85fd85fc383	vendor-or-firmware-source
week02/v01/vendor/wr-cores/ip_cores/general-cores/modules/dsp/cordic_xy_logic_hd.vhd	4686	2026-08-14T05:59:23.541494+00:00	6f9204cbe98fed5bc392d2414fe5042bb89279460d4f146197abe13d496b0e11	vendor-or-firmware-source
week02/v01/vendor/wr-cores/ip_cores/general-cores/modules/dsp/cordic_xy_logic_nhd.vhd	5219	2026-08-14T05:59:23.542494+00:00	e4435ce614fcae88e83aa22adbb5b11b37222977b1ae9f9611be2b9433f628fd	vendor-or-firmware-source
week02/v01/vendor/wr-cores/ip_cores/general-cores/modules/dsp/cordic_xy_logic_nmhd.vhd	5129	2026-08-14T05:59:23.544494+00:00	3725296f1cf6485eca88064e5fcd03bcba1c93c39d578c2ed6a05cd2b13e04dd	vendor-or-firmware-source
week02/v01/vendor/wr-cores/ip_cores/general-cores/modules/dsp/gc_cordic.vhd	5608	2026-08-14T05:59:23.545494+00:00	2741eff2e38bb805cb90d6c4b82ac82a724bf443cc5c581faee08baad62e9ae0	vendor-or-firmware-source
week02/v01/vendor/wr-cores/ip_cores/general-cores/modules/dsp/gc_cordic_pkg.vhd	12725	2026-08-14T05:59:23.546494+00:00	3b4b29ce82bf0f4dbc37763930bbbc390199ab33aa5e15bfc91f37a5b2c60362	vendor-or-firmware-source
week02/v01/vendor/wr-cores/ip_cores/general-cores/modules/dsp/gc_cordic_top.vhd	12167	2026-08-14T05:59:23.548494+00:00	79779a94818e4646f5c179b41dc9cc8d93461870e338267827698da25727f218	vendor-or-firmware-source
week02/v01/vendor/wr-cores/ip_cores/general-cores/modules/dsp/gc_dsp_pkg.vhd	1601	2026-08-14T05:59:23.549494+00:00	c67928d393d6ebcfaf30f8390bedece0ee040175e5e6c696e1b87120f7ad1bf4	vendor-or-firmware-source
week02/v01/vendor/wr-cores/ip_cores/general-cores/modules/dsp/gc_integer_divide.vhd	6196	2026-08-14T05:59:23.551494+00:00	95127506983214c4dc00e78fdd736600a1bed5f680ea9fabf254ec1e0c7605a3	vendor-or-firmware-source
week02/v01/vendor/wr-cores/ip_cores/general-cores/modules/dsp/gc_iq_demodulator.vhd	3043	2026-08-14T05:59:23.552494+00:00	5c905c6dabb50dc2710168d5ded720beb0b879556f958764a337dfde9c08377b	vendor-or-firmware-source
week02/v01/vendor/wr-cores/ip_cores/general-cores/modules/dsp/gc_iq_modulator.vhd	3088	2026-08-14T05:59:23.553494+00:00	9aa169abaff8294eda50734f4df34f780cad10381e686d184a7ce87cb3bb6121	vendor-or-firmware-source
week02/v01/vendor/wr-cores/ip_cores/general-cores/modules/dsp/gc_pi_regulator.vhd	5466	2026-08-14T05:59:23.554494+00:00	70559f227951721b9cae91aaa7110d3cfeb11d1bb8b84bde8ef8cc9a9d1af47a	vendor-or-firmware-source
week02/v01/vendor/wr-cores/ip_cores/general-cores/modules/dsp/gc_pipelined_fir_filter.vhd	5738	2026-08-14T05:59:23.556494+00:00	9e9839149f80fbc67a43541d27aa3818088bcc5e88a08024029796578a0b5891	vendor-or-firmware-source
week02/v01/vendor/wr-cores/ip_cores/general-cores/modules/dsp/gc_soft_ramp_switch.vhd	5514	2026-08-14T05:59:23.557494+00:00	90970ba16823d7599819ee823a96419f8590a2bcecfac353be55a3e243055893	vendor-or-firmware-source
week02/v01/vendor/wr-cores/ip_cores/general-cores/modules/genrams/Manifest.py	512	2026-08-14T05:59:23.560494+00:00	fddc9b62201c0e6dd3f0d9e43462a367d75bd833df42f8a36f853ebbab19733b	vendor-or-firmware-source
week02/v01/vendor/wr-cores/ip_cores/general-cores/modules/genrams/altera/Manifest.py	175	2026-08-14T05:59:23.561494+00:00	f7c1e82d810dddf0ea5e4f6d478a6e2e15a3c297d12ae41778cae945dcf213a3	vendor-or-firmware-source
week02/v01/vendor/wr-cores/ip_cores/general-cores/modules/genrams/altera/altera_async_fifo.vhd	6116	2026-08-14T05:59:23.563494+00:00	9404975870c88fafcf986c10c27b4601f4a92298748f7007bb1e32b2136f8250	vendor-or-firmware-source
week02/v01/vendor/wr-cores/ip_cores/general-cores/modules/genrams/altera/altera_sync_fifo.vhd	4890	2026-08-14T05:59:23.564494+00:00	4aa9f04fab32bcc8cb9e892a97c0a3b4ae63e45769f5ecb1b242e714e6ba9227	vendor-or-firmware-source
week02/v01/vendor/wr-cores/ip_cores/general-cores/modules/genrams/altera/gc_shiftreg.vhd	677	2026-08-14T05:59:23.565494+00:00	c1c3d681448ca36f797d80bb6a576e5e69d7f8545f4c9af1fd8978279e652bb0	vendor-or-firmware-source
week02/v01/vendor/wr-cores/ip_cores/general-cores/modules/genrams/altera/generic_dpram.vhd	12265	2026-08-14T05:59:23.567494+00:00	75e159a9b5d909aa8111c29ed339de52d05b4e0ad7aaca92e71d82fdf62c9d96	vendor-or-firmware-source
week02/v01/vendor/wr-cores/ip_cores/general-cores/modules/genrams/altera/generic_dpram_mixed.vhd	6495	2026-08-14T05:59:23.568494+00:00	a6abb90fb09b59db70257975a4c8aa3c21af5c6c14ae45c23ccb22c747f28d5b	vendor-or-firmware-source
week02/v01/vendor/wr-cores/ip_cores/general-cores/modules/genrams/altera/generic_simple_dpram.vhd	9924	2026-08-14T05:59:23.570494+00:00	99fad9a740ab6e3074b454086e7edeac64605625105711e3ef4c31a03c487233	vendor-or-firmware-source
week02/v01/vendor/wr-cores/ip_cores/general-cores/modules/genrams/altera/generic_spram.vhd	4717	2026-08-14T05:59:23.572494+00:00	6825d86eaa413a80f6c95033a3286b56f802271ab63f74f217ef94c7d7b2b06b	vendor-or-firmware-source
week02/v01/vendor/wr-cores/ip_cores/general-cores/modules/genrams/cheby/Manifest.py	57	2026-08-14T05:59:23.574494+00:00	f97c041aca71943e1c8f03e765fb7c1067b690d739007a6a6b215b99a27381bf	vendor-or-firmware-source
week02/v01/vendor/wr-cores/ip_cores/general-cores/modules/genrams/cheby/cheby_dpssram.vhd	3086	2026-08-14T05:59:23.575494+00:00	9ef06cdb2534ac3d65e5d7f203a56cc91a9a7767a148f5993c07d7e55542d619	vendor-or-firmware-source
week02/v01/vendor/wr-cores/ip_cores/general-cores/modules/genrams/cheby/cheby_pkg.vhd	2260	2026-08-14T05:59:23.576494+00:00	b5c53e83bc881ae1e580f1ba26c104de47f7158bbd142e16a79a173c744085d0	vendor-or-firmware-source
week02/v01/vendor/wr-cores/ip_cores/general-cores/modules/genrams/common/Manifest.py	146	2026-08-14T05:59:23.578494+00:00	e50e1e50201c7507f9ebbb9bc2ea6897317fd0d75905c4ddbde7b4116dca7976	vendor-or-firmware-source
week02/v01/vendor/wr-cores/ip_cores/general-cores/modules/genrams/common/generic_shiftreg_fifo.vhd	6875	2026-08-14T05:59:23.580494+00:00	8fd074c0f9a2ac485c3bc962e379578c63ed4ff8b5ec509dd3d064bf4b22f00e	vendor-or-firmware-source
week02/v01/vendor/wr-cores/ip_cores/general-cores/modules/genrams/common/inferred_async_fifo.vhd	11288	2026-08-14T05:59:23.581494+00:00	c9c7dcbfdbcb3a09aa570fdabf4f5e58fa74cb5194bd3d5f92fb9e25edf8a937	vendor-or-firmware-source
week02/v01/vendor/wr-cores/ip_cores/general-cores/modules/genrams/common/inferred_async_fifo_dual_rst.vhd	11130	2026-08-14T05:59:23.582494+00:00	147a1692269567d393585fb5b217950d16a615f37b783051a9392d1ebc4c449d	vendor-or-firmware-source
week02/v01/vendor/wr-cores/ip_cores/general-cores/modules/genrams/common/inferred_sync_fifo.vhd	9916	2026-08-14T05:59:23.584494+00:00	c7e25edc7c86a0e9911f030251811b35d621b6b9d1778449664c86643055d80d	vendor-or-firmware-source
week02/v01/vendor/wr-cores/ip_cores/general-cores/modules/genrams/generic/Manifest.py	110	2026-08-14T05:59:23.585494+00:00	7afcefda6f43a1f3a8699d06835532cd422beed539d6c783a3e96d59aff40e63	vendor-or-firmware-source
week02/v01/vendor/wr-cores/ip_cores/general-cores/modules/genrams/generic/generic_async_fifo.vhd	6490	2026-08-14T05:59:23.587494+00:00	5a90e839ba6cd58d9da2af56bab64ed611992c152cb41c8cf7f341c8ad107795	vendor-or-firmware-source
week02/v01/vendor/wr-cores/ip_cores/general-cores/modules/genrams/generic/generic_async_fifo_dual_rst.vhd	5007	2026-08-14T05:59:23.588494+00:00	5df5da4f1e5d4db2fb29097423557593dfb6f63558b49d3cda54406e0fb0c5e1	vendor-or-firmware-source
week02/v01/vendor/wr-cores/ip_cores/general-cores/modules/genrams/generic/generic_sync_fifo.vhd	5411	2026-08-14T05:59:23.589494+00:00	86f99c745469f46dc7ca409b64bed90aa18c472d2b7c6556cf504941de3b1d5b	vendor-or-firmware-source
week02/v01/vendor/wr-cores/ip_cores/general-cores/modules/genrams/genram_pkg.vhd	13666	2026-08-14T05:59:23.591494+00:00	6701e9f919c2826e5afb203b1564a493f916a85bfb44d71f7fe482a571976691	vendor-or-firmware-source
week02/v01/vendor/wr-cores/ip_cores/general-cores/modules/genrams/memory_loader_pkg.vhd	9550	2026-08-14T05:59:23.592494+00:00	a59c16187ed56f4d2293b5a507cf5b1da12e082f5a1131882e96002c15310700	vendor-or-firmware-source
week02/v01/vendor/wr-cores/ip_cores/general-cores/modules/genrams/xilinx/Manifest.py	189	2026-08-14T05:59:23.594494+00:00	27ad9a978c4883e2c233d686115e8b6ef72b36f0b05974c3e2423c2495313a92	vendor-or-firmware-source
week02/v01/vendor/wr-cores/ip_cores/general-cores/modules/genrams/xilinx/gc_shiftreg.vhd	1469	2026-08-14T05:59:23.595494+00:00	a348c9b7410d4ff65fdff7d2710aadae25485e1e1f45d6a130b097c939f2c38e	vendor-or-firmware-source
week02/v01/vendor/wr-cores/ip_cores/general-cores/modules/genrams/xilinx/generic_dpram.vhd	9290	2026-08-14T05:59:23.597494+00:00	30c6546fd9a0c74b160dc64811e51ca9d5cd998b2f72c624b647b8814a1b6dae	vendor-or-firmware-source
week02/v01/vendor/wr-cores/ip_cores/general-cores/modules/genrams/xilinx/generic_dpram_dualclock.vhd	8291	2026-08-14T05:59:23.598494+00:00	827476699123b03b5eee93860cecfc8c3f1e28e05f22aa84c6ca9eeed7f0e1a7	vendor-or-firmware-source
week02/v01/vendor/wr-cores/ip_cores/general-cores/modules/genrams/xilinx/generic_dpram_sameclock.vhd	10299	2026-08-14T05:59:23.600494+00:00	1f34f32476e1108f39da0b08c45e50ba0ee0786c765060ebcbac6a7bb238ae4b	vendor-or-firmware-source
week02/v01/vendor/wr-cores/ip_cores/general-cores/modules/genrams/xilinx/generic_dpram_split.vhd	8695	2026-08-14T05:59:23.601494+00:00	a625f6530acf7633b39d8b9bbd914bc2e5b5cabcd03eb861354b5031f1215b5d	vendor-or-firmware-source
week02/v01/vendor/wr-cores/ip_cores/general-cores/modules/genrams/xilinx/generic_simple_dpram.vhd	4133	2026-08-14T05:59:23.603494+00:00	5c9ed9e217ae121823d38af01e86ea7cb8a263b196586e3ef17de5b195b7c4e7	vendor-or-firmware-source
week02/v01/vendor/wr-cores/ip_cores/general-cores/modules/genrams/xilinx/generic_spram.vhd	4804	2026-08-14T05:59:23.604494+00:00	1237dd2d58273c38140ddc46b036e039b1d0ad48e4b275aa2dcb52a4dab39f2a	vendor-or-firmware-source
week02/v01/vendor/wr-cores/ip_cores/general-cores/modules/genrams/xilinx/virtex6/Manifest.py	171	2026-08-14T05:59:23.606494+00:00	a9438153b95c990d5a48bcbb229c8958cb25d5f6bb389b073e556d2bc055edda	vendor-or-firmware-source
week02/v01/vendor/wr-cores/ip_cores/general-cores/modules/genrams/xilinx/virtex6/generic_async_fifo.vhd	8661	2026-08-14T05:59:23.608494+00:00	53bef6e0548a346e4423666aed43cdf642e720be86498bc8484d9d211ea20a72	vendor-or-firmware-source
week02/v01/vendor/wr-cores/ip_cores/general-cores/modules/genrams/xilinx/virtex6/generic_async_fifo_dual_rst.vhd	9330	2026-08-14T05:59:23.609494+00:00	13b97504c9165b1f1e730e35aa59f920b199063a31ef2f2626a8782095459a2a	vendor-or-firmware-source
week02/v01/vendor/wr-cores/ip_cores/general-cores/modules/genrams/xilinx/virtex6/generic_sync_fifo.vhd	7121	2026-08-14T05:59:23.610494+00:00	7656e894e6bfce369ec436537e6cbba2f24c5a1a64d0c273eff4681cfe1314ef	vendor-or-firmware-source
week02/v01/vendor/wr-cores/ip_cores/general-cores/modules/genrams/xilinx/virtex6/v6_fifo_pkg.vhd	2409	2026-08-14T05:59:23.612494+00:00	40bc6bd59fe133c57130cc6d074bf2d940e0a1ec689a9cb1ebcf8ffb12db6268	vendor-or-firmware-source
week02/v01/vendor/wr-cores/ip_cores/general-cores/modules/genrams/xilinx/virtex6/v6_hwfifo_wrapper.vhd	7461	2026-08-14T05:59:23.613494+00:00	f4c1ef8884dafc2fdca631e39b5d0514b49aeef1ef3b9a382bffded7d2570427	vendor-or-firmware-source
week02/v01/vendor/wr-cores/ip_cores/general-cores/modules/radtol/Manifest.py	84	2026-08-14T05:59:23.615494+00:00	72673437809289f06d14d06f192016ed29de42fabf30226637a11395bf8836d6	vendor-or-firmware-source
week02/v01/vendor/wr-cores/ip_cores/general-cores/modules/radtol/secded_32b_pkg.vhd	4826	2026-08-14T05:59:23.616494+00:00	e95cd2f60955b579b755e74f51a8bf7dba3ff0fe7b61a29044ff140103dc9e25	vendor-or-firmware-source
week02/v01/vendor/wr-cores/ip_cores/general-cores/modules/radtol/secded_ecc.vhd	9154	2026-08-14T05:59:23.618494+00:00	9efd9c2f569e2dad8091d11e88060d9e831769c3df4477704a9da18b7e3cdd54	vendor-or-firmware-source
week02/v01/vendor/wr-cores/ip_cores/general-cores/modules/radtol/voter_status.vhd	1647	2026-08-14T05:59:23.619494+00:00	2d691a96c814963c8de4af47087d8ae8ce37ee913c84389b95020df209b7ab93	vendor-or-firmware-source
week02/v01/vendor/wr-cores/ip_cores/general-cores/modules/radtol/voter_vec_status.vhd	2048	2026-08-14T05:59:23.620494+00:00	df33af2dd9435e54d571a0dea9c1622a8db1921c8bd5f8c2d10bbeee98e9c612	vendor-or-firmware-source
week02/v01/vendor/wr-cores/ip_cores/general-cores/modules/wishbone/Manifest.py	669	2026-08-14T05:59:23.622494+00:00	08b280d3b22ae7f7aff187b664de35afa28a7947ae952d8f38d506cb22edce70	vendor-or-firmware-source
week02/v01/vendor/wr-cores/ip_cores/general-cores/modules/wishbone/wb16_to_wb32/Manifest.py	29	2026-08-14T05:59:23.624494+00:00	01117d153b08ac5ccb06dbd30df5196016713be552e8dfd532a974442f9b124c	vendor-or-firmware-source
week02/v01/vendor/wr-cores/ip_cores/general-cores/modules/wishbone/wb16_to_wb32/wb16_to_wb32.vhd	4069	2026-08-14T05:59:23.626494+00:00	8a84e8bc822e145086030ca94ec061b0f83f93c8d06028163cb47b5936008e87	vendor-or-firmware-source
week02/v01/vendor/wr-cores/ip_cores/general-cores/modules/wishbone/wb_async_bridge/Manifest.py	56	2026-08-14T05:59:23.627494+00:00	16998b958d4f923615d4134d2f974b7056e99ab2f5db87b2513cd084195e77b9	vendor-or-firmware-source
week02/v01/vendor/wr-cores/ip_cores/general-cores/modules/wishbone/wb_async_bridge/wb_async_bridge.vhd	8316	2026-08-14T05:59:23.629494+00:00	47ad62a7f4ba8a21ab430f6a7da2067d6f87d39376a7acd69c597d56897b566f	vendor-or-firmware-source
week02/v01/vendor/wr-cores/ip_cores/general-cores/modules/wishbone/wb_async_bridge/xwb_async_bridge.vhd	3680	2026-08-14T05:59:23.630494+00:00	55db7deafa253a2df550de5a60b80b39f384018f1ff8c1a79a6df792af81f473	vendor-or-firmware-source
week02/v01/vendor/wr-cores/ip_cores/general-cores/modules/wishbone/wb_axi4lite_bridge/Manifest.py	73	2026-08-14T05:59:23.632493+00:00	362a53c2dcb51f3383014538e3a7228de4d04b3d2ad9c47a5dd725de8fce8277	vendor-or-firmware-source
week02/v01/vendor/wr-cores/ip_cores/general-cores/modules/wishbone/wb_axi4lite_bridge/wb_axi4lite_bridge.vhd	4105	2026-08-14T05:59:23.633494+00:00	9ad5c937a082f5e9f227308a9c7db493036f53b24534e5e9963eaea065494a8b	vendor-or-firmware-source
week02/v01/vendor/wr-cores/ip_cores/general-cores/modules/wishbone/wb_axi4lite_bridge/xwb_axi4lite_bridge.vhd	6540	2026-08-14T05:59:23.635494+00:00	3739b17784cbb87156d4889c5e47184b7d94c9529506429f5a89565b1bd4cf51	vendor-or-firmware-source
week02/v01/vendor/wr-cores/ip_cores/general-cores/modules/wishbone/wb_bus_fanout/Manifest.py	33	2026-08-14T05:59:23.637494+00:00	0a648a7b5f29956801e6281e142b170398a47529cd62b94d96c8f4d8bc232198	vendor-or-firmware-source
week02/v01/vendor/wr-cores/ip_cores/general-cores/modules/wishbone/wb_bus_fanout/xwb_bus_fanout.vhd	4736	2026-08-14T05:59:23.638494+00:00	d0482d8ee2c0d8fde942bc76641abe6cb662e1e0a9d5fbdfe661d1c6f97a9486	vendor-or-firmware-source
week02/v01/vendor/wr-cores/ip_cores/general-cores/modules/wishbone/wb_clock_crossing/Manifest.py	70	2026-08-14T05:59:23.640494+00:00	9010678e0d79164f982ddb11d6c941472a0bcd194d1c3228aab0239975c8bf53	vendor-or-firmware-source
week02/v01/vendor/wr-cores/ip_cores/general-cores/modules/wishbone/wb_clock_crossing/xwb_clock_bridge.vhd	11297	2026-08-14T05:59:23.642493+00:00	d8a85083d52415bee59570dbda3020ba09ff4e15445a45df3dbfc807e2970da3	vendor-or-firmware-source
week02/v01/vendor/wr-cores/ip_cores/general-cores/modules/wishbone/wb_clock_crossing/xwb_clock_crossing.vhd	9506	2026-08-14T05:59:23.643494+00:00	07c82a9d31867e24379597e8829346ee8573302f74cd9cb54182687615c35996	vendor-or-firmware-source
week02/v01/vendor/wr-cores/ip_cores/general-cores/modules/wishbone/wb_clock_monitor/Manifest.py	92	2026-08-14T05:59:23.645494+00:00	39337b508729a5774582da84b77d7da071e6e42e6a4425db19d58188b71ea3e6	vendor-or-firmware-source
week02/v01/vendor/wr-cores/ip_cores/general-cores/modules/wishbone/wb_clock_monitor/clock_monitor_wb.vhd	7666	2026-08-14T05:59:23.647494+00:00	317b46f405367fd50d8a5a02e0bac275343fdb2252ea86e72079df8ca514233a	vendor-or-firmware-source
week02/v01/vendor/wr-cores/ip_cores/general-cores/modules/wishbone/wb_clock_monitor/clock_monitor_wbgen2_pkg.vhd	3733	2026-08-14T05:59:23.649493+00:00	cfd1e568400b56540b1dc236f5e605646412415cffd295019594250881cd9168	vendor-or-firmware-source
week02/v01/vendor/wr-cores/ip_cores/general-cores/modules/wishbone/wb_clock_monitor/xwb_clock_monitor.vhd	7213	2026-08-14T05:59:23.650494+00:00	9580d1759a3943a6e486212d9f006bf8e6426442281864262c36bd28c159ca56	vendor-or-firmware-source
week02/v01/vendor/wr-cores/ip_cores/general-cores/modules/wishbone/wb_conmax/Manifest.py	225	2026-08-14T05:59:23.652493+00:00	82c4803295c837e5077f3aae9f14b092f1437d1726e447787a6d898af946920b	vendor-or-firmware-source
week02/v01/vendor/wr-cores/ip_cores/general-cores/modules/wishbone/wb_conmax/wb_conmax_arb.vhd	7797	2026-08-14T05:59:23.654494+00:00	873b4326782ae68ddb081e269ce6379bb31f010b5c4fa45548ede9c63e57233d	vendor-or-firmware-source
week02/v01/vendor/wr-cores/ip_cores/general-cores/modules/wishbone/wb_conmax/wb_conmax_master_if.vhd	7994	2026-08-14T05:59:23.655493+00:00	102b7ed46ab2165e5c28093521abf9c99860bed19f3cf004b242f9662fd81c88	vendor-or-firmware-source
week02/v01/vendor/wr-cores/ip_cores/general-cores/modules/wishbone/wb_conmax/wb_conmax_msel.vhd	7708	2026-08-14T05:59:23.657493+00:00	1085cb584bbe822556c8215cc6710f17fea10ef14d3811e80e4cea1eae415ad0	vendor-or-firmware-source
week02/v01/vendor/wr-cores/ip_cores/general-cores/modules/wishbone/wb_conmax/wb_conmax_pri_dec.vhd	2620	2026-08-14T05:59:23.658494+00:00	2bb6d2508721b3d801566cc31a7e80c029cf9a9085dfc5646f0c017128db0891	vendor-or-firmware-source
week02/v01/vendor/wr-cores/ip_cores/general-cores/modules/wishbone/wb_conmax/wb_conmax_pri_enc.vhd	4966	2026-08-14T05:59:23.660493+00:00	35045ec378e174c9ebdde68547b4d2663df9af4e0b9e1e546d08b0d2ceab162a	vendor-or-firmware-source
week02/v01/vendor/wr-cores/ip_cores/general-cores/modules/wishbone/wb_conmax/wb_conmax_rf.vhd	6712	2026-08-14T05:59:23.661494+00:00	0f5a616e677c4dfdeb896b7e0bd8bf3fdd1492787e163a7245b5745fd167df16	vendor-or-firmware-source
week02/v01/vendor/wr-cores/ip_cores/general-cores/modules/wishbone/wb_conmax/wb_conmax_slave_if.vhd	8392	2026-08-14T05:59:23.663493+00:00	aa791410786ffd684351918d5074771de3bbcb5aac6376ad440ed0effee4f0bd	vendor-or-firmware-source
week02/v01/vendor/wr-cores/ip_cores/general-cores/modules/wishbone/wb_conmax/wb_conmax_top.vhd	8657	2026-08-14T05:59:23.664493+00:00	015ef770aa64aa8ad1d2a949c7d146b87301a783f29c9f42bcc8e2b09fab6131	vendor-or-firmware-source
week02/v01/vendor/wr-cores/ip_cores/general-cores/modules/wishbone/wb_conmax/wbconmax_pkg.vhd	1414	2026-08-14T05:59:23.666493+00:00	9ee87a12e57c77a3a74cf2480d8b448284b999dc81578b3a50682e01454d661a	vendor-or-firmware-source
week02/v01/vendor/wr-cores/ip_cores/general-cores/modules/wishbone/wb_conmax/xwb_conmax.vhd	7149	2026-08-14T05:59:23.668494+00:00	be4e702e3dbea67be5b896d795bfc42ea7c311917e3e27ba2327683d98b2b292	vendor-or-firmware-source
week02/v01/vendor/wr-cores/ip_cores/general-cores/modules/wishbone/wb_crossbar/Manifest.py	79	2026-08-14T05:59:23.669493+00:00	1fcd5c6ef5c95cccb9a2754e3d51c2596a377c59389fd2b3784da51731490c33	vendor-or-firmware-source
week02/v01/vendor/wr-cores/ip_cores/general-cores/modules/wishbone/wb_crossbar/sdb_rom.vhd	7573	2026-08-14T05:59:23.671493+00:00	e100f73dfda5078496631b8c29d5afb2263b229469102b8760bfd5d2d4a6a2cf	vendor-or-firmware-source
week02/v01/vendor/wr-cores/ip_cores/general-cores/modules/wishbone/wb_crossbar/xwb_crossbar.vhd	16510	2026-08-14T05:59:23.673493+00:00	864c684647b44d1ea3cd7cbff47a58554e5e9a8ecc267d967a1e04fa0cc7921f	vendor-or-firmware-source
week02/v01/vendor/wr-cores/ip_cores/general-cores/modules/wishbone/wb_crossbar/xwb_sdb_crossbar.vhd	10974	2026-08-14T05:59:23.675493+00:00	7dacdeb74482f6bdee38705845e60acebde59e27e29e419bda67bb020fc5ef37	vendor-or-firmware-source
week02/v01/vendor/wr-cores/ip_cores/general-cores/modules/wishbone/wb_dma/Manifest.py	47	2026-08-14T05:59:23.676493+00:00	18795f4ed8b33870c458d69c4cb01b33a2c580bcd93eff1ab9d23b10ff9472a9	vendor-or-firmware-source
week02/v01/vendor/wr-cores/ip_cores/general-cores/modules/wishbone/wb_dma/xwb_dma.vhd	9709	2026-08-14T05:59:23.678493+00:00	91c9742a3b2ae0ae2f599d7ff8abddc082a75b4f02bcc7e6bb573d501acce9d6	vendor-or-firmware-source
week02/v01/vendor/wr-cores/ip_cores/general-cores/modules/wishbone/wb_dma/xwb_streamer.vhd	1423	2026-08-14T05:59:23.679493+00:00	cae9ab65e5e50d7be6ad21fb321942d60b0fe5fd92dfbbd3b8180a90dbd0bdc6	vendor-or-firmware-source
week02/v01/vendor/wr-cores/ip_cores/general-cores/modules/wishbone/wb_dpram/Manifest.py	26	2026-08-14T05:59:23.681493+00:00	267c24abcdc3f3d8b6e7d23699651d8243128de1a5b4e88e9cd314f4243ffc20	vendor-or-firmware-source
week02/v01/vendor/wr-cores/ip_cores/general-cores/modules/wishbone/wb_dpram/xwb_dpram.vhd	6062	2026-08-14T05:59:23.682493+00:00	7aecb0d751ed7891428d9fa7c8ce7887f1c7590a4881f1b096d271898ca581da	vendor-or-firmware-source
week02/v01/vendor/wr-cores/ip_cores/general-cores/modules/wishbone/wb_dpram/xwb_dpram_mixed.vhd	7382	2026-08-14T05:59:23.684493+00:00	064560b422591c9c1e78ece4a56112d4b24e67e11fe2ca706913b30b5e21f493	vendor-or-firmware-source
week02/v01/vendor/wr-cores/ip_cores/general-cores/modules/wishbone/wb_ds182x_readout/Manifest.py	66	2026-08-14T05:59:23.685493+00:00	fff740d36ee0650bfeee52dcf9bf102bb69e21ad0d7c151e1e2f06916a56cc3f	vendor-or-firmware-source
week02/v01/vendor/wr-cores/ip_cores/general-cores/modules/wishbone/wb_ds182x_readout/wb_ds182x_regs.vhd	5318	2026-08-14T05:59:23.688493+00:00	cc1c436f790dd6cbb5ff71c631d230e76973ff55328301f9dcbc94a7e1adb4d7	vendor-or-firmware-source
week02/v01/vendor/wr-cores/ip_cores/general-cores/modules/wishbone/wb_ds182x_readout/xwb_ds182x_readout.vhd	3158	2026-08-14T05:59:23.690493+00:00	74e4d0ff264300a8f61f8fdaa5677a1949ee8cb6db899281e6a0d24e5f6974ca	vendor-or-firmware-source
week02/v01/vendor/wr-cores/ip_cores/general-cores/modules/wishbone/wb_fine_pulse_gen/Manifest.py	390	2026-08-14T05:59:23.692493+00:00	9db31be1a2346d432082a67c3d26b7c13c2844c1e5e96fc981502a7631da9336	vendor-or-firmware-source
week02/v01/vendor/wr-cores/ip_cores/general-cores/modules/wishbone/wb_fine_pulse_gen/fine_pulse_gen_kintex7.vhd	10140	2026-08-14T05:59:23.693493+00:00	145a066e85c1f84f3266e400c8513e44e91e262b35fabdae58a61fba051f5933	vendor-or-firmware-source
week02/v01/vendor/wr-cores/ip_cores/general-cores/modules/wishbone/wb_fine_pulse_gen/fine_pulse_gen_kintex7_shared.vhd	2634	2026-08-14T05:59:23.695493+00:00	3adbe282e25183f0c8416cd136cfd37a183ad40ffa6a61fe0965a03780e327f5	vendor-or-firmware-source
week02/v01/vendor/wr-cores/ip_cores/general-cores/modules/wishbone/wb_fine_pulse_gen/fine_pulse_gen_kintexultrascale.vhd	13742	2026-08-14T05:59:23.696493+00:00	e7b6db86371d257e5c9952f0925819d5b540189579a3fa3dcf6530ad3a526cac	vendor-or-firmware-source
week02/v01/vendor/wr-cores/ip_cores/general-cores/modules/wishbone/wb_fine_pulse_gen/fine_pulse_gen_kintexultrascale_shared.vhd	8928	2026-08-14T05:59:23.698493+00:00	895d584db95c3bf364376e1fbfde174687086277c8cfa555a81ce7c0d6565329	vendor-or-firmware-source
week02/v01/vendor/wr-cores/ip_cores/general-cores/modules/wishbone/wb_fine_pulse_gen/generate-cheby-files.sh	294	2026-08-14T05:59:23.699493+00:00	ca4217b83672f411a251cf8e2fccea07ec1d143f690ef5bb348e793c3b50ed25	vendor-or-firmware-source
week02/v01/vendor/wr-cores/ip_cores/general-cores/modules/wishbone/wb_fine_pulse_gen/wb_fpgen_regs.vhd	32890	2026-08-14T05:59:23.702493+00:00	b488bd56ea3044fe0356121a4054c5f41b1ce6d33c8213d69734ad14e95297c4	vendor-or-firmware-source
week02/v01/vendor/wr-cores/ip_cores/general-cores/modules/wishbone/wb_fine_pulse_gen/xwb_fine_pulse_gen.vhd	15431	2026-08-14T05:59:23.704493+00:00	3f3b6fb64a1bbc9e9efd36b90ff76535c2f25e0f73b810fa1b419a9a6b69c622	vendor-or-firmware-source
week02/v01/vendor/wr-cores/ip_cores/general-cores/modules/wishbone/wb_gpio_port/Manifest.py	56	2026-08-14T05:59:23.706493+00:00	b9b2608c0f9ca643dcaa0d94170c1540eb7938eeeebe088c4ea76070b57ae118	vendor-or-firmware-source
week02/v01/vendor/wr-cores/ip_cores/general-cores/modules/wishbone/wb_gpio_port/wb_gpio_port.vhd	11927	2026-08-14T05:59:23.707493+00:00	4c27647191ceecd0fa002000c2dab29a21b1258765d67381bd00aa3e73b0ad07	vendor-or-firmware-source
week02/v01/vendor/wr-cores/ip_cores/general-cores/modules/wishbone/wb_gpio_port/xwb_gpio_port.vhd	4400	2026-08-14T05:59:23.709493+00:00	453de87b97785ef7eb732f5ba39ce8edfe368254676f38b47b333df80ae711b8	vendor-or-firmware-source
week02/v01/vendor/wr-cores/ip_cores/general-cores/modules/wishbone/wb_i2c_bridge/Manifest.py	43	2026-08-14T05:59:23.710493+00:00	9fd26d64dd09ef7e5fbec7e53db70c414f9f89fcb48d1ba488f394f2b1638198	vendor-or-firmware-source
week02/v01/vendor/wr-cores/ip_cores/general-cores/modules/wishbone/wb_i2c_bridge/wb_i2c_bridge.vhd	16635	2026-08-14T05:59:23.712493+00:00	d7b5a63c81af2fc4672610587c7db959f548c43f8c2684bec6665b6225671629	vendor-or-firmware-source
week02/v01/vendor/wr-cores/ip_cores/general-cores/modules/wishbone/wb_i2c_master/Manifest.py	129	2026-08-14T05:59:23.714493+00:00	d63f2c844588292af80ce7804d21bc0258a3ef9fcbaee3f04ab33d6e7b489130	vendor-or-firmware-source
week02/v01/vendor/wr-cores/ip_cores/general-cores/modules/wishbone/wb_i2c_master/i2c_master_bit_ctrl.vhd	25191	2026-08-14T05:59:23.716493+00:00	e9c7431da482fd1e29252cbfeb3bd051367c232651ba41666d6e9c703179d783	vendor-or-firmware-source
week02/v01/vendor/wr-cores/ip_cores/general-cores/modules/wishbone/wb_i2c_master/i2c_master_byte_ctrl.vhd	13168	2026-08-14T05:59:23.717493+00:00	afddd6d39287e28fd46780e1bbdc36dc04d7d45dea153985a77d3ac0ddeb13ae	vendor-or-firmware-source
week02/v01/vendor/wr-cores/ip_cores/general-cores/modules/wishbone/wb_i2c_master/i2c_master_top.vhd	17227	2026-08-14T05:59:23.719493+00:00	ce54b8dec37e657c71f3e49deca34d30ba8ea4bdbf4082e2a1c229c1e9ea18fc	vendor-or-firmware-source
week02/v01/vendor/wr-cores/ip_cores/general-cores/modules/wishbone/wb_i2c_master/wb_i2c_master.vhd	5899	2026-08-14T05:59:23.720493+00:00	d5f25c30c96b072f803365a0250c6f8d3a90c2644c018bcda8f2b087de1916bd	vendor-or-firmware-source
week02/v01/vendor/wr-cores/ip_cores/general-cores/modules/wishbone/wb_i2c_master/xwb_i2c_master.vhd	2411	2026-08-14T05:59:23.722493+00:00	1e265f958bea8d98a8d2e3533cc3db8c2b4685799d8e79aeb9864a879cd9fb77	vendor-or-firmware-source
week02/v01/vendor/wr-cores/ip_cores/general-cores/modules/wishbone/wb_indirect/Manifest.py	53	2026-08-14T05:59:23.723493+00:00	cf27a812cad686cb54df2edfa912d03c9244dfccde8461440bed2163dd8291e0	vendor-or-firmware-source
week02/v01/vendor/wr-cores/ip_cores/general-cores/modules/wishbone/wb_indirect/wb_indirect_regs.vhd	4450	2026-08-14T05:59:23.726493+00:00	2b62151f631f5ae9b8ef4e3a7ee567e492568b239ded3f6ded1d2d271af13c02	vendor-or-firmware-source
week02/v01/vendor/wr-cores/ip_cores/general-cores/modules/wishbone/wb_indirect/xwb_indirect.vhd	4961	2026-08-14T05:59:23.727493+00:00	2836c02688b5865430109ac2d7a60a9a02c37584c70d20b882864de17c273712	vendor-or-firmware-source
week02/v01/vendor/wr-cores/ip_cores/general-cores/modules/wishbone/wb_irq/Manifest.py	155	2026-08-14T05:59:23.729493+00:00	401f8065a1d1a790249281ab7bd1e8379a37897c405cd5ea39b7db67121bfa4c	vendor-or-firmware-source
week02/v01/vendor/wr-cores/ip_cores/general-cores/modules/wishbone/wb_irq/irqm_core.vhd	8082	2026-08-14T05:59:23.731493+00:00	52d13e228c378c77c0bcb32a007c1ea2fa9d1731e54a173dc047da7dcb9d28d4	vendor-or-firmware-source
week02/v01/vendor/wr-cores/ip_cores/general-cores/modules/wishbone/wb_irq/msidemo/Makefile	316	2026-08-14T05:59:23.732493+00:00	bf25965e8f333dccf37faef4d8d2042b1c095547880bcc7dbaff51c7b8ce43fe	vendor-or-firmware-source
week02/v01/vendor/wr-cores/ip_cores/general-cores/modules/wishbone/wb_irq/msidemo/display.c	2214	2026-08-14T05:59:23.735493+00:00	4c3fa3eb97c892ec507736aefcabf98782911e1cd5a7ade97cf5f73d90993265	vendor-or-firmware-source
week02/v01/vendor/wr-cores/ip_cores/general-cores/modules/wishbone/wb_irq/msidemo/display.h	841	2026-08-14T05:59:23.736493+00:00	34b18d0d308d377ffb8b51816b221b54124051247b7c664222d7b27658113271	vendor-or-firmware-source
week02/v01/vendor/wr-cores/ip_cores/general-cores/modules/wishbone/wb_irq/msidemo/eca-msi.sh	346	2026-08-14T05:59:23.738493+00:00	6c301f61fb017ed1a11fbc717b15fc9cd1305dc6cb4d2f8a4431c873d80732f4	vendor-or-firmware-source
week02/v01/vendor/wr-cores/ip_cores/general-cores/modules/wishbone/wb_irq/msidemo/irq.c	3557	2026-08-14T05:59:23.739493+00:00	d7c9fa8f5c08538b6e728fad401153ae93e7f25497d3533c34a60e1f83df5069	vendor-or-firmware-source
week02/v01/vendor/wr-cores/ip_cores/general-cores/modules/wishbone/wb_irq/msidemo/irq.h	2048	2026-08-14T05:59:23.740493+00:00	601f44a51f86b46681f2066466b7d63d3561f4b66c31863d204fcbef71fd1df9	vendor-or-firmware-source
week02/v01/vendor/wr-cores/ip_cores/general-cores/modules/wishbone/wb_irq/msidemo/main.c	2422	2026-08-14T05:59:23.743493+00:00	8e4b708d9cdbb65765ae3b2a0501f80f1b235536ec6cf58b53069c25d8ed0310	vendor-or-firmware-source
week02/v01/vendor/wr-cores/ip_cores/general-cores/modules/wishbone/wb_irq/wb_irq_lm32.vhd	1855	2026-08-14T05:59:23.744493+00:00	44e7e6784fc6084a74ea3a7ff52ff0969db6159631ea163349746c41af844cc8	vendor-or-firmware-source
week02/v01/vendor/wr-cores/ip_cores/general-cores/modules/wishbone/wb_irq/wb_irq_master.vhd	9741	2026-08-14T05:59:23.745493+00:00	83fbb0e1eacc56ec651163fdaeaa232c6aac8dfe44a5a00a9d261b8883d2c5e3	vendor-or-firmware-source
week02/v01/vendor/wr-cores/ip_cores/general-cores/modules/wishbone/wb_irq/wb_irq_pkg.vhd	10218	2026-08-14T05:59:23.747493+00:00	04f5261ef91902f357245bd04025e6cf6a74a495f3e42d8c57347c12eeb4474d	vendor-or-firmware-source
week02/v01/vendor/wr-cores/ip_cores/general-cores/modules/wishbone/wb_irq/wb_irq_slave.vhd	10083	2026-08-14T05:59:23.748493+00:00	e47bdc91fa2fa9fdc626a1c7974cbdf4c37b216aff40cb1e02c9bdd18b40cafe	vendor-or-firmware-source
week02/v01/vendor/wr-cores/ip_cores/general-cores/modules/wishbone/wb_irq/wb_irq_timer.vhd	17004	2026-08-14T05:59:23.750493+00:00	98d3ce9e2bf64e0cec52eeee36f611bae4ff41544b90584878aea1ac1574dbf2	vendor-or-firmware-source
week02/v01/vendor/wr-cores/ip_cores/general-cores/modules/wishbone/wb_lm32/Manifest.py	747	2026-08-14T05:59:23.752493+00:00	19a8beb63b8b8901944db9fa57fab9bfb00bc2a5887276939fd0b838efb3ab37	vendor-or-firmware-source
week02/v01/vendor/wr-cores/ip_cores/general-cores/modules/wishbone/wb_lm32/gen_lmcores.py	12839	2026-08-14T05:59:23.754493+00:00	46a24a41478eaf2c87541e52b3c8f97d14ea0534dfb406b51817d7c21bb527a3	vendor-or-firmware-source
week02/v01/vendor/wr-cores/ip_cores/general-cores/modules/wishbone/wb_lm32/generated/lm32_allprofiles.v	1245257	2026-08-14T05:59:23.781493+00:00	899bd84c062686289129276d113600339f91ae8d4a00e29fceea8524791f1bca	vendor-or-firmware-source
week02/v01/vendor/wr-cores/ip_cores/general-cores/modules/wishbone/wb_lm32/generated/xwb_lm32.vhd	26282	2026-08-14T05:59:23.784493+00:00	0aea701b5f213e7eb46040aca152e1f05135d8586123fa8cc5e15c4e56173aec	vendor-or-firmware-source
week02/v01/vendor/wr-cores/ip_cores/general-cores/modules/wishbone/wb_lm32/platform/altera/jtag_tap.v	1548	2026-08-14T05:59:23.787493+00:00	a4351ec73c6c4608d70da56d79990df3b5ec8822a268add718898f375ed6cfcb	vendor-or-firmware-source
week02/v01/vendor/wr-cores/ip_cores/general-cores/modules/wishbone/wb_lm32/platform/generic/jtag_tap.v	285	2026-08-14T05:59:23.789493+00:00	97904c86cea5010cad75d9a5869201d64a5976da52229a0f288975096ed23db8	vendor-or-firmware-source
week02/v01/vendor/wr-cores/ip_cores/general-cores/modules/wishbone/wb_lm32/platform/generic/lm32_multiplier.v	3905	2026-08-14T05:59:23.791493+00:00	3fe4c89fa8495790adcd999d94c8c5a5ac78ce9ee695fd50039ae296fd329f7c	vendor-or-firmware-source
week02/v01/vendor/wr-cores/ip_cores/general-cores/modules/wishbone/wb_lm32/platform/kintex7/jtag_tap.v	725	2026-08-14T05:59:23.793493+00:00	b90d0a187d6556d3b92ff51b26bc0c7065422146f228c38d7e7336fe22adf9c4	vendor-or-firmware-source
week02/v01/vendor/wr-cores/ip_cores/general-cores/modules/wishbone/wb_lm32/platform/kintex7/lm32_multiplier.v	3933	2026-08-14T05:59:23.794493+00:00	d0a57435bd18dbf73f9c0b8f694f21d8a3db2b31f4d15c08166d54a439435ef4	vendor-or-firmware-source
week02/v01/vendor/wr-cores/ip_cores/general-cores/modules/wishbone/wb_lm32/platform/spartan6/jtag_tap.v	732	2026-08-14T05:59:23.796493+00:00	34d8bb5135b77714f908dbde0cce9573f914b1f11d968d7c8be402f4b1cca765	vendor-or-firmware-source
week02/v01/vendor/wr-cores/ip_cores/general-cores/modules/wishbone/wb_lm32/platform/spartan6/lm32_multiplier.v	3332	2026-08-14T05:59:23.797493+00:00	14ee2108d386c482779c1812f6f33c557b7020622d99e0bba5b1411b30adef83	vendor-or-firmware-source
week02/v01/vendor/wr-cores/ip_cores/general-cores/modules/wishbone/wb_lm32/src/jtag_cores.v	1068	2026-08-14T05:59:23.799493+00:00	6e410042f13b026a70ffb7e6efe9a9adf105db9a74a8d95c2404cd50f15609ed	vendor-or-firmware-source
week02/v01/vendor/wr-cores/ip_cores/general-cores/modules/wishbone/wb_lm32/src/lm32_adder.v	4349	2026-08-14T05:59:23.800493+00:00	f73d6dd6869b2e021df6f58537e120bfa91b319d0dabf75ded01c60091f538f8	vendor-or-firmware-source
week02/v01/vendor/wr-cores/ip_cores/general-cores/modules/wishbone/wb_lm32/src/lm32_addsub.v	2551	2026-08-14T05:59:23.802493+00:00	7f58fcd81afd8f61ca7c741879acfb0d967a6fbf128acab1b9f93d3f95714612	vendor-or-firmware-source
week02/v01/vendor/wr-cores/ip_cores/general-cores/modules/wishbone/wb_lm32/src/lm32_cpu.v	97405	2026-08-14T05:59:23.805493+00:00	a0a9ba058385f8a6902ec2903e158110ee29754d109557c0a7fa563fe431fc3c	vendor-or-firmware-source
week02/v01/vendor/wr-cores/ip_cores/general-cores/modules/wishbone/wb_lm32/src/lm32_dcache.v	18719	2026-08-14T05:59:23.807492+00:00	5b283d92aa41f00182023d7f3337c802c272ef3881d8c0ab5af0702e033140ac	vendor-or-firmware-source
week02/v01/vendor/wr-cores/ip_cores/general-cores/modules/wishbone/wb_lm32/src/lm32_debug.v	12729	2026-08-14T05:59:23.808493+00:00	f687ccf11e9d4c32609ba378fb8d8c2bb5934ed1687cf063009b34cb89d2ab78	vendor-or-firmware-source
week02/v01/vendor/wr-cores/ip_cores/general-cores/modules/wishbone/wb_lm32/src/lm32_decoder.v	20330	2026-08-14T05:59:23.810493+00:00	f0c0ddca13d9f9c672100a882d9c92578f6e918072070b7f5dedc4754c01ac09	vendor-or-firmware-source
week02/v01/vendor/wr-cores/ip_cores/general-cores/modules/wishbone/wb_lm32/src/lm32_dp_ram.v	624	2026-08-14T05:59:23.811492+00:00	f521d125e28dddc466680b6d72bfbf0617585699bd0604ca8560faa47e5782c4	vendor-or-firmware-source
week02/v01/vendor/wr-cores/ip_cores/general-cores/modules/wishbone/wb_lm32/src/lm32_dp_ram.vhd	1256	2026-08-14T05:59:23.813493+00:00	b8825cc4f4987268707d385967df8877958c690d1a34a6f53335c756d34ddfde	vendor-or-firmware-source
week02/v01/vendor/wr-cores/ip_cores/general-cores/modules/wishbone/wb_lm32/src/lm32_functions.v	1780	2026-08-14T05:59:23.814492+00:00	f1119b5d5fe47af10a131f1db6ff74c6e1525ae4d1470abffee67bcf51e068b2	vendor-or-firmware-source
week02/v01/vendor/wr-cores/ip_cores/general-cores/modules/wishbone/wb_lm32/src/lm32_icache.v	15697	2026-08-14T05:59:23.815493+00:00	f3fb225d8a013cda75c83154b17506642fe723c5edcddcbf506cfe9c6dc78c83	vendor-or-firmware-source
week02/v01/vendor/wr-cores/ip_cores/general-cores/modules/wishbone/wb_lm32/src/lm32_include.v	11100	2026-08-14T05:59:23.817492+00:00	3d130fc675f413d0e648a1e55fbf3c3c0389b60e31148927197c38d90ad69b32	vendor-or-firmware-source
week02/v01/vendor/wr-cores/ip_cores/general-cores/modules/wishbone/wb_lm32/src/lm32_instruction_unit.v	27117	2026-08-14T05:59:23.819493+00:00	609e5dd32a18b2771375fb8051bc94aff250be6318b85c774d98c01daae9e9fe	vendor-or-firmware-source
week02/v01/vendor/wr-cores/ip_cores/general-cores/modules/wishbone/wb_lm32/src/lm32_interrupt.v	10879	2026-08-14T05:59:23.820493+00:00	2cbbc74df6a29d5bd3cd217f51bee3714936f08208311c83f6d6a39a11d362a8	vendor-or-firmware-source
week02/v01/vendor/wr-cores/ip_cores/general-cores/modules/wishbone/wb_lm32/src/lm32_jtag.v	16520	2026-08-14T05:59:23.821492+00:00	e5404aca506e46fd798cab0c8e717dcba786f6f938d9cbfe19da2079fd32fb68	vendor-or-firmware-source
week02/v01/vendor/wr-cores/ip_cores/general-cores/modules/wishbone/wb_lm32/src/lm32_load_store_unit.v	26719	2026-08-14T05:59:23.823493+00:00	a933b8f8f68846b5a240e243b7b2ac864bd8c6f59bdefa285ac6e9565e2a151f	vendor-or-firmware-source
week02/v01/vendor/wr-cores/ip_cores/general-cores/modules/wishbone/wb_lm32/src/lm32_logic_op.v	2690	2026-08-14T05:59:23.825492+00:00	5e838d00add0b3b6f6585c48ae10b84c11855b553e8ca1037d2c08c74554ce49	vendor-or-firmware-source
week02/v01/vendor/wr-cores/ip_cores/general-cores/modules/wishbone/wb_lm32/src/lm32_mc_arithmetic.v	9873	2026-08-14T05:59:23.826493+00:00	60551035bf7b3037125de0d57e1557d69b69e76c90b27c923259c7fba8dfec63	vendor-or-firmware-source
week02/v01/vendor/wr-cores/ip_cores/general-cores/modules/wishbone/wb_lm32/src/lm32_ram.v	4360	2026-08-14T05:59:23.827492+00:00	315882f97b0bd14ef969cfeb84d122e8d663e6d80f4061c653f5da1643ac9e01	vendor-or-firmware-source
week02/v01/vendor/wr-cores/ip_cores/general-cores/modules/wishbone/wb_lm32/src/lm32_ram.vhd	1882	2026-08-14T05:59:23.828492+00:00	28bf65ed0a4d07f3a2b509d9d371b35ad70d9f311524a30d89f75c89161a5c26	vendor-or-firmware-source
week02/v01/vendor/wr-cores/ip_cores/general-cores/modules/wishbone/wb_lm32/src/lm32_shifter.v	5092	2026-08-14T05:59:23.830492+00:00	95436345a69ae9a1dc4a1da17440a4e6e909a12d25cb7e5c0be79b3315b7af74	vendor-or-firmware-source
week02/v01/vendor/wr-cores/ip_cores/general-cores/modules/wishbone/wb_lm32/src/lm32_top.v	11071	2026-08-14T05:59:23.831492+00:00	98b78f637e440338e71aebc0a120978a8be3ac699ddcabe72abac300b848700d	vendor-or-firmware-source
week02/v01/vendor/wr-cores/ip_cores/general-cores/modules/wishbone/wb_lm32_mcs/Manifest.py	32	2026-08-14T05:59:23.833493+00:00	9b8f7ff00ab0374b8ae86b928168af2f25775790c4faa9ea57b8c6d52f07bad4	vendor-or-firmware-source
week02/v01/vendor/wr-cores/ip_cores/general-cores/modules/wishbone/wb_lm32_mcs/xwb_lm32_mcs.vhd	15139	2026-08-14T05:59:23.835492+00:00	71b18669d1ab69a9957f1291dced90fd9bea1c3848012ad57961c2b52b93c735	vendor-or-firmware-source
week02/v01/vendor/wr-cores/ip_cores/general-cores/modules/wishbone/wb_metadata/Manifest.py	30	2026-08-14T05:59:23.836492+00:00	8f8db965c4a2d2669fd7822233330ddfc5bc8f0c95676853c65b1c1758049605	vendor-or-firmware-source
week02/v01/vendor/wr-cores/ip_cores/general-cores/modules/wishbone/wb_metadata/xwb_metadata.vhd	3748	2026-08-14T05:59:23.838492+00:00	9926af3770c3c8482e9e16a0224b6d3e03f2919c92125ce4857a7ce79686de9e	vendor-or-firmware-source
week02/v01/vendor/wr-cores/ip_cores/general-cores/modules/wishbone/wb_onewire_master/Manifest.py	87	2026-08-14T05:59:23.839492+00:00	6a08e7f6c24c738857979437f0e4142bcd2e9d3fe57f29529a01c2243bf5a659	vendor-or-firmware-source
week02/v01/vendor/wr-cores/ip_cores/general-cores/modules/wishbone/wb_onewire_master/sockit_owm.v	18402	2026-08-14T05:59:23.841492+00:00	dd0693e42ca4c61b53e8d27e5355b2e4df1dc880fa75ad6cfb23fd978f761769	vendor-or-firmware-source
week02/v01/vendor/wr-cores/ip_cores/general-cores/modules/wishbone/wb_onewire_master/wb_onewire_master.vhd	5882	2026-08-14T05:59:23.842492+00:00	3162cea94c8961b8e7499437c8829a503a5959e2a4ce37db56511ba8f14d14b8	vendor-or-firmware-source
week02/v01/vendor/wr-cores/ip_cores/general-cores/modules/wishbone/wb_onewire_master/xwb_onewire_master.vhd	2502	2026-08-14T05:59:23.844492+00:00	3a2b87f2059019bfde6b930e082719d4ea729e21e5edcbf862a327a90edb4bef	vendor-or-firmware-source
week02/v01/vendor/wr-cores/ip_cores/general-cores/modules/wishbone/wb_register/Manifest.py	110	2026-08-14T05:59:23.845492+00:00	d1e026f057c7c5cdf133d3dd64b5f771a5283a5491e665ce8e6ef58f4bb5dba4	vendor-or-firmware-source
week02/v01/vendor/wr-cores/ip_cores/general-cores/modules/wishbone/wb_register/wb_skidpad.vhd	1950	2026-08-14T05:59:23.847492+00:00	4157040df27748bfa6e2f426b312c43d0e97b4e538399aa0c8ef2d9afc79c556	vendor-or-firmware-source
week02/v01/vendor/wr-cores/ip_cores/general-cores/modules/wishbone/wb_register/wb_skidpad2.vhd	4454	2026-08-14T05:59:23.848492+00:00	611cb1596fd06798ca58922c9ab1f1716bb5d593cec24d17704989e2e182fddc	vendor-or-firmware-source
week02/v01/vendor/wr-cores/ip_cores/general-cores/modules/wishbone/wb_register/xwb_register.vhd	5311	2026-08-14T05:59:23.849492+00:00	8e59e74639128dddba3aa9a4afc8cca105b100db211a7a3a95f687f7ddc4831a	vendor-or-firmware-source
week02/v01/vendor/wr-cores/ip_cores/general-cores/modules/wishbone/wb_register/xwb_register_link.vhd	4632	2026-08-14T05:59:23.850492+00:00	8627ee4e97b5bf94236cee96435da578b84ea7f1f07dce2013a115caf84eafa9	vendor-or-firmware-source
week02/v01/vendor/wr-cores/ip_cores/general-cores/modules/wishbone/wb_remapper/Manifest.py	30	2026-08-14T05:59:23.852492+00:00	688b5873ef53118e109af7a485749547de50791e032907f40da6457382b34b87	vendor-or-firmware-source
week02/v01/vendor/wr-cores/ip_cores/general-cores/modules/wishbone/wb_remapper/xwb_remapper.vhd	2247	2026-08-14T05:59:23.854492+00:00	73fad83a8a6a738bfb010f800cc0c9f1c50c475b998fa87cc3ecfed8dc343a64	vendor-or-firmware-source
week02/v01/vendor/wr-cores/ip_cores/general-cores/modules/wishbone/wb_serial_lcd/Manifest.py	32	2026-08-14T05:59:23.856492+00:00	eeddfb85296f87b8832c3d1cf36b851390da79cd23480516f90b8a6595e94d7a	vendor-or-firmware-source
week02/v01/vendor/wr-cores/ip_cores/general-cores/modules/wishbone/wb_serial_lcd/wb_serial_lcd.vhd	5628	2026-08-14T05:59:23.857492+00:00	d2f9fcb78ae9d36a9d2f1f851211016e09bd87f26cefbefd65006f8203f40398	vendor-or-firmware-source
week02/v01/vendor/wr-cores/ip_cores/general-cores/modules/wishbone/wb_simple_pwm/Manifest.py	104	2026-08-14T05:59:23.859492+00:00	bc8be60f089c778382aa76ea7894f362880254741a7cfa9274a4a079b0c5f990	vendor-or-firmware-source
week02/v01/vendor/wr-cores/ip_cores/general-cores/modules/wishbone/wb_simple_pwm/simple_pwm_wb.vhd	13675	2026-08-14T05:59:23.860492+00:00	843c356c578c51374abe85d0a14b397e29babc1b74e9950e6890740ed0f49285	vendor-or-firmware-source
week02/v01/vendor/wr-cores/ip_cores/general-cores/modules/wishbone/wb_simple_pwm/simple_pwm_wbgen2_pkg.vhd	6053	2026-08-14T05:59:23.863492+00:00	d341ca4f420d3e10876dd375a0af92fd9580c56357d39150fe949f55a3d2f2bd	vendor-or-firmware-source
week02/v01/vendor/wr-cores/ip_cores/general-cores/modules/wishbone/wb_simple_pwm/wb_simple_pwm.vhd	8726	2026-08-14T05:59:23.864492+00:00	0fd6511d14dc43d6fc7c402884b1ddffe3cdb2ce19b526cccef2385a9c99450a	vendor-or-firmware-source
week02/v01/vendor/wr-cores/ip_cores/general-cores/modules/wishbone/wb_simple_pwm/xwb_simple_pwm.vhd	4446	2026-08-14T05:59:23.866492+00:00	257ee10767795211d3fbed4a012ca3f49417b36cfd949227de8f32be12030a77	vendor-or-firmware-source
week02/v01/vendor/wr-cores/ip_cores/general-cores/modules/wishbone/wb_simple_timer/Manifest.py	41	2026-08-14T05:59:23.867492+00:00	09e57faba0232257a15fa389b045ccb1a6d2f81ec6d20c1c0740cd7022bb7a71	vendor-or-firmware-source
week02/v01/vendor/wr-cores/ip_cores/general-cores/modules/wishbone/wb_simple_timer/wb_tics.vhd	4578	2026-08-14T05:59:23.869492+00:00	ee780b79a8373b7d2b3653c90e6c623c878a47a30a337c8fde86e050a749b6de	vendor-or-firmware-source
week02/v01/vendor/wr-cores/ip_cores/general-cores/modules/wishbone/wb_simple_timer/xwb_tics.vhd	3319	2026-08-14T05:59:23.870492+00:00	d2ee9e0d708e84af0530fae4571fec04eecc1df75bb8f2cc886ebc28f72a523e	vendor-or-firmware-source
week02/v01/vendor/wr-cores/ip_cores/general-cores/modules/wishbone/wb_slave_adapter/Manifest.py	33	2026-08-14T05:59:23.872492+00:00	baced953d75802bc4147609520cbfe7ab1303ab80bc35d972c3663cddbd7b46c	vendor-or-firmware-source
week02/v01/vendor/wr-cores/ip_cores/general-cores/modules/wishbone/wb_slave_adapter/wb_slave_adapter.vhd	8791	2026-08-14T05:59:23.874492+00:00	ec84ab821bf715f70c70fdc6f57e7807194fd60f39a62cc2a8c1a0076476b08f	vendor-or-firmware-source
week02/v01/vendor/wr-cores/ip_cores/general-cores/modules/wishbone/wb_spi/Manifest.py	154	2026-08-14T05:59:23.876492+00:00	a7dcf9dbe4a367855d4eb2a41ad4d946b983287f13ba616f9066bed77c9626fe	vendor-or-firmware-source
week02/v01/vendor/wr-cores/ip_cores/general-cores/modules/wishbone/wb_spi/spi_clgen.v	5431	2026-08-14T05:59:23.877492+00:00	121a36354f757f10c8feff6d6972cfb69d58eb9c152f21a63e2ef05d06b60c46	vendor-or-firmware-source
week02/v01/vendor/wr-cores/ip_cores/general-cores/modules/wishbone/wb_spi/spi_defines.v	6757	2026-08-14T05:59:23.878492+00:00	8762b12c590057c0fceffbad092e3a713a1359369a0a31bb64c18f6cfaedc4bb	vendor-or-firmware-source
week02/v01/vendor/wr-cores/ip_cores/general-cores/modules/wishbone/wb_spi/spi_shift.v	11436	2026-08-14T05:59:23.880492+00:00	a6da4285c73f3c797dd4bc768112c847689ef7064dc753c5e3906644a553cf3f	vendor-or-firmware-source
week02/v01/vendor/wr-cores/ip_cores/general-cores/modules/wishbone/wb_spi/spi_top.v	15526	2026-08-14T05:59:23.881492+00:00	2609e80e1dea4d07b6c1ef9f37adf32b5d3101fba8166e4999b3e224eccf4386	vendor-or-firmware-source
week02/v01/vendor/wr-cores/ip_cores/general-cores/modules/wishbone/wb_spi/timescale.v	23	2026-08-14T05:59:23.884492+00:00	51d0bd23e68fff1dc81b7e51aed20d46b743807bbadc1265bdbd34c1f1465c8f	vendor-or-firmware-source
week02/v01/vendor/wr-cores/ip_cores/general-cores/modules/wishbone/wb_spi/wb_spi.vhd	5429	2026-08-14T05:59:23.885492+00:00	5b1a62f6bdd879b5cfe6270caff0ea8675fee9e4211b5a6b684e3616cc57ff68	vendor-or-firmware-source
week02/v01/vendor/wr-cores/ip_cores/general-cores/modules/wishbone/wb_spi/xwb_spi.vhd	3300	2026-08-14T05:59:23.886492+00:00	5aac5ba446cea5d790b4af9a7dadd04a3336c03f048ffa140016f8814b100b8e	vendor-or-firmware-source
week02/v01/vendor/wr-cores/ip_cores/general-cores/modules/wishbone/wb_spi_flash/Manifest.py	35	2026-08-14T05:59:23.888492+00:00	7e78ad241ba02af8ab761442ff70c2e26868de6ee96d5cb0ff63e6aae34b7841	vendor-or-firmware-source
week02/v01/vendor/wr-cores/ip_cores/general-cores/modules/wishbone/wb_spi_flash/wb_spi_flash.vhd	20522	2026-08-14T05:59:23.890492+00:00	2b48d1cdb868946861ffa843947f3481b20e06662c7367a72ed7d35d85a0af81	vendor-or-firmware-source
week02/v01/vendor/wr-cores/ip_cores/general-cores/modules/wishbone/wb_split/Manifest.py	27	2026-08-14T05:59:23.892492+00:00	941a3bdfa165e9615ba0a76ed8f1777148c90e248fb0a95461f7038490599fd5	vendor-or-firmware-source
week02/v01/vendor/wr-cores/ip_cores/general-cores/modules/wishbone/wb_split/xwb_split.vhd	4586	2026-08-14T05:59:23.894492+00:00	4384d6f2ccaf4d5a86786277d7beb91cf2c640060f4bac9c714982cdd5de68eb	vendor-or-firmware-source
week02/v01/vendor/wr-cores/ip_cores/general-cores/modules/wishbone/wb_uart/Manifest.py	194	2026-08-14T05:59:23.896492+00:00	89865326b069d23ffd55a746693ef8cc8ef3d3d289a7cdd866b48faf4b2e808a	vendor-or-firmware-source
week02/v01/vendor/wr-cores/ip_cores/general-cores/modules/wishbone/wb_uart/build_wb.sh	239	2026-08-14T05:59:23.897492+00:00	4044310de116e2115b171ab552524859eddbeb7f962f4cb31e2ae339c339688c	vendor-or-firmware-source
week02/v01/vendor/wr-cores/ip_cores/general-cores/modules/wishbone/wb_uart/simple_uart_pkg.vhd	7057	2026-08-14T05:59:23.898492+00:00	5d84a9c98af11a9cf4b6dd6b45b730cf0c1f6660f10826d06606b6f5de5d4861	vendor-or-firmware-source
week02/v01/vendor/wr-cores/ip_cores/general-cores/modules/wishbone/wb_uart/simple_uart_wb.vhd	14059	2026-08-14T05:59:23.900492+00:00	b75b2240c9ca7d61d55cb60e86d0307422abaaa99b874270b85c8c6ebbd5a725	vendor-or-firmware-source
week02/v01/vendor/wr-cores/ip_cores/general-cores/modules/wishbone/wb_uart/uart_async_rx.vhd	6580	2026-08-14T05:59:23.902492+00:00	e77f3217de243a480a1885ecc832f2d32616d262b1c0f042cf96680f657b5822	vendor-or-firmware-source
week02/v01/vendor/wr-cores/ip_cores/general-cores/modules/wishbone/wb_uart/uart_async_tx.vhd	5190	2026-08-14T05:59:23.904492+00:00	35a1972078d06163386d652af034bb2817d46f8164f809696dfc983e67cfb2e3	vendor-or-firmware-source
week02/v01/vendor/wr-cores/ip_cores/general-cores/modules/wishbone/wb_uart/uart_baud_gen.vhd	2782	2026-08-14T05:59:23.905492+00:00	bd3b26a4ec38a479fd78c0f50574f2badcf5cc7077ba6ee79f86efe18bec7d9c	vendor-or-firmware-source
week02/v01/vendor/wr-cores/ip_cores/general-cores/modules/wishbone/wb_uart/uart_wb_slave.vhd	9235	2026-08-14T05:59:23.906492+00:00	926d98ad5e1725505b43501a647e6a65b7e777b6d3a47dbc8541cb54d330c2e5	vendor-or-firmware-source
week02/v01/vendor/wr-cores/ip_cores/general-cores/modules/wishbone/wb_uart/wb_simple_uart.vhd	15169	2026-08-14T05:59:23.908492+00:00	62bce5eae28ff56b3e972f6737f6ad9b6933e9eb3fb9d4308ce3b5b5824f163a	vendor-or-firmware-source
week02/v01/vendor/wr-cores/ip_cores/general-cores/modules/wishbone/wb_uart/xwb_simple_uart.vhd	3662	2026-08-14T05:59:23.909492+00:00	08a824accdf78a10a5c945f7a5bc55ee29145e2433d2c568127355643e8d6872	vendor-or-firmware-source
week02/v01/vendor/wr-cores/ip_cores/general-cores/modules/wishbone/wb_vic/Manifest.py	75	2026-08-14T05:59:23.911492+00:00	728e4bb05cfb6b1123998df0477bd3e60e5f56e24c476cb448d04efef70b8e9a	vendor-or-firmware-source
week02/v01/vendor/wr-cores/ip_cores/general-cores/modules/wishbone/wb_vic/wb_vic.vhd	12478	2026-08-14T05:59:23.912492+00:00	0b901877b9e72ce205f89c45037fcb38bb8d281e65ce148ff35afedda85b003d	vendor-or-firmware-source
week02/v01/vendor/wr-cores/ip_cores/general-cores/modules/wishbone/wb_vic/wb_vic_regs.vhd	9522	2026-08-14T05:59:23.915492+00:00	d6e4497473493e9105fd8d22c4c6109981d682bf54bc0dd33d9550ec59475858	vendor-or-firmware-source
week02/v01/vendor/wr-cores/ip_cores/general-cores/modules/wishbone/wb_vic/xwb_vic.vhd	3736	2026-08-14T05:59:23.917492+00:00	7bdd459a54a8cc6f9b2ea308ff7c0f85c05b240f5bb7f53648b2b28a22f59bf7	vendor-or-firmware-source
week02/v01/vendor/wr-cores/ip_cores/general-cores/modules/wishbone/wb_xc7_fw_update/Manifest.py	255	2026-08-14T05:59:23.919492+00:00	eb62de6f1ad157d6972e82a278f7eb96d44cd4ea511e1e785f5e6fcdc1456537	vendor-or-firmware-source
week02/v01/vendor/wr-cores/ip_cores/general-cores/modules/wishbone/wb_xc7_fw_update/wb_xc7_fw_update_regs.vhd	3869	2026-08-14T05:59:23.922492+00:00	f84ea0ea88022e0550a3daf818c34935fb3221603d38b694c35d07905d6385bd	vendor-or-firmware-source
week02/v01/vendor/wr-cores/ip_cores/general-cores/modules/wishbone/wb_xc7_fw_update/xwb_xc7_fw_update.vhd	3439	2026-08-14T05:59:23.923492+00:00	f97e79548526911feb04768c8a6d3880458b10d385a3cb1bc93ff0a8c3c1e2b9	vendor-or-firmware-source
week02/v01/vendor/wr-cores/ip_cores/general-cores/modules/wishbone/wb_xc7_fw_update/xwb_xc7_fw_update_v2.vhd	3769	2026-08-14T05:59:23.924492+00:00	b8bfc906cc6bcae1a567815731f5b8ab4e45330d24593791c9b5c2a98c4073b6	vendor-or-firmware-source
week02/v01/vendor/wr-cores/ip_cores/general-cores/modules/wishbone/wbgen2/Manifest.py	153	2026-08-14T05:59:23.926492+00:00	55eecc50a2a4ed744d908e4038608ec5dc19862f1b05d9c04cc0dd2f2418e37f	vendor-or-firmware-source
week02/v01/vendor/wr-cores/ip_cores/general-cores/modules/wishbone/wbgen2/wbgen2_dpssram.vhd	4294	2026-08-14T05:59:23.927492+00:00	7188e32ef19e685cf97ed22c97119dd437444d71e616b55d668ee515d2cd336f	vendor-or-firmware-source
week02/v01/vendor/wr-cores/ip_cores/general-cores/modules/wishbone/wbgen2/wbgen2_eic.vhd	7635	2026-08-14T05:59:23.929492+00:00	62582973ec0d7f25cd93ff35d5332e7c62610c020aeb05958c47f13dadf99170	vendor-or-firmware-source
week02/v01/vendor/wr-cores/ip_cores/general-cores/modules/wishbone/wbgen2/wbgen2_fifo_async.vhd	5016	2026-08-14T05:59:23.930492+00:00	475a4e83f5d43ed6f2264e855c919da359636ac2fe0542ec736f51609425f678	vendor-or-firmware-source
week02/v01/vendor/wr-cores/ip_cores/general-cores/modules/wishbone/wbgen2/wbgen2_fifo_sync.vhd	4447	2026-08-14T05:59:23.931492+00:00	ca3feee05d4fb9a1f1172378cbe6373f3dde8c470afdb49d7e1a97f2e73c0fcd	vendor-or-firmware-source
week02/v01/vendor/wr-cores/ip_cores/general-cores/modules/wishbone/wbgen2/wbgen2_pkg.vhd	5672	2026-08-14T05:59:23.934492+00:00	59f6a4fdf4d2d2ba02732c611caf31c027f0362ac4a4548852236726e0feb474	vendor-or-firmware-source
week02/v01/vendor/wr-cores/ip_cores/general-cores/modules/wishbone/wbgenplus/Manifest.py	34	2026-08-14T05:59:23.935492+00:00	152ba98306802bfee7a7ee91faada3c4f45869f9b9e9c4d3703c5200be6adc67	vendor-or-firmware-source
week02/v01/vendor/wr-cores/ip_cores/general-cores/modules/wishbone/wbgenplus/wbgenplus_pkg.vhd	4114	2026-08-14T05:59:23.936492+00:00	8534629513fcdd8dcff313ccd6ef33e6d74db6e060fd0e5c5d1e11d31d5f0912	vendor-or-firmware-source
week02/v01/vendor/wr-cores/ip_cores/general-cores/modules/wishbone/wishbone_pkg.vhd	92215	2026-08-14T05:59:23.939492+00:00	987faf3eaef351509035c5e94ba89aee9294e069daa328162c64776386d869b6	vendor-or-firmware-source
week02/v01/vendor/wr-cores/ip_cores/general-cores/platform/Manifest.py	186	2026-08-14T05:59:23.941492+00:00	f24e8959c2433477094bb03159b564a37903f4bb4765ffa4c253587979eb3033	vendor-or-firmware-source
week02/v01/vendor/wr-cores/ip_cores/general-cores/platform/altera/Manifest.py	67	2026-08-14T05:59:23.943492+00:00	23f73495f7fdcf756b8e3eadc05f431b2f595941a10824eec35f70109ee9395d	vendor-or-firmware-source
week02/v01/vendor/wr-cores/ip_cores/general-cores/platform/altera/flash/Manifest.py	80	2026-08-14T05:59:23.944492+00:00	09ae74198d0003d173dea7a01bb35bed4efeeb0837a8730e69a1fd00e12a5587	vendor-or-firmware-source
week02/v01/vendor/wr-cores/ip_cores/general-cores/platform/altera/flash/altera_flash_pkg.vhd	1002	2026-08-14T05:59:23.946492+00:00	da40093c07dfb373fb60f28d043872f7538efbc87547b40453cbae2cdd184f61	vendor-or-firmware-source
week02/v01/vendor/wr-cores/ip_cores/general-cores/platform/altera/flash/altera_spi.vhd	8752	2026-08-14T05:59:23.947492+00:00	32df29bbc55428dfb423d6a91f9058f64b0172acf0d2fbe46b8cbe95b33e260e	vendor-or-firmware-source
week02/v01/vendor/wr-cores/ip_cores/general-cores/platform/altera/flash/flash_top.vhd	2514	2026-08-14T05:59:23.948492+00:00	d6c3fb00d90717615a631bbf102cc1c0daafe24ab1ffd9477ae0152f28806104	vendor-or-firmware-source
week02/v01/vendor/wr-cores/ip_cores/general-cores/platform/altera/networks/Manifest.py	237	2026-08-14T05:59:23.951492+00:00	18203897f062643283763edf0f15c3c3de24c7ba0254b2e7fac99fbf9b95f4f3	vendor-or-firmware-source
week02/v01/vendor/wr-cores/ip_cores/general-cores/platform/altera/networks/altera_networks_pkg.vhd	495	2026-08-14T05:59:23.952492+00:00	068d379f24f4e057c65097f3556ebc9b94bcf26f240fd0a794fe0ef3138dbba2	vendor-or-firmware-source
week02/v01/vendor/wr-cores/ip_cores/general-cores/platform/altera/networks/arria2gx.tcl	80	2026-08-14T05:59:23.953492+00:00	4681ebf4a96c1bc11e9ae16ba2a48c6a21351a5b8829596ba23453e72c412e1e	vendor-or-firmware-source
week02/v01/vendor/wr-cores/ip_cores/general-cores/platform/altera/networks/arria2gx_networks.qip	295	2026-08-14T05:59:23.959492+00:00	e49c2335daea3009dd98f869397d276797387e6109b788e1bd0c64c247052f2a	vendor-or-firmware-source
week02/v01/vendor/wr-cores/ip_cores/general-cores/platform/altera/networks/arria5.tcl	74	2026-08-14T05:59:23.960492+00:00	bc09c55719f3fba5c88f42eaa68b992b0756c62504ccce5da3589ed0417980d5	vendor-or-firmware-source
week02/v01/vendor/wr-cores/ip_cores/general-cores/platform/altera/networks/arria5_networks.qip	289	2026-08-14T05:59:23.965492+00:00	7d2a3c7e4eb2ba786b0c1f6cbd0ec487e70a775b262fecb267822e1ba28643a1	vendor-or-firmware-source
week02/v01/vendor/wr-cores/ip_cores/general-cores/platform/altera/wb_pcie/Manifest.py	324	2026-08-14T05:59:23.969492+00:00	6036a15d89bf9c8850da29ceea9a478c63293f7a84d0d329c8477f2cbdf2c63e	vendor-or-firmware-source
week02/v01/vendor/wr-cores/ip_cores/general-cores/platform/altera/wb_pcie/arria2.tcl	169	2026-08-14T05:59:23.970492+00:00	9a116c7e91e24277d770ff2d03cc6a3937a67d349eed7b90f7bc983a797e1e0b	vendor-or-firmware-source
week02/v01/vendor/wr-cores/ip_cores/general-cores/platform/altera/wb_pcie/arria2_pcie.qip	187	2026-08-14T05:59:23.972492+00:00	9b7963ab8f6ead3bb16562c035f151ca721bf4bcc570d58f955feee61f0154a8	vendor-or-firmware-source
week02/v01/vendor/wr-cores/ip_cores/general-cores/platform/altera/wb_pcie/arria5.tcl	48	2026-08-14T05:59:23.976492+00:00	8105d1d8e12616480c9304afa31496de935f378198d2b5f0741f213a27acf556	vendor-or-firmware-source
week02/v01/vendor/wr-cores/ip_cores/general-cores/platform/altera/wb_pcie/arria5_pcie.qip	187	2026-08-14T05:59:23.978492+00:00	d12b721ad6604085cf36b7a09125e2e54cdaedcb1fabce91968ebd3401107633	vendor-or-firmware-source
week02/v01/vendor/wr-cores/ip_cores/general-cores/platform/altera/wb_pcie/pcie_32to64.vhd	1272	2026-08-14T05:59:23.982491+00:00	b92f4613c3d2af7282d8b41df0b94ae0dc33e674e935d0ba4d5f4ac406ef70c6	vendor-or-firmware-source
week02/v01/vendor/wr-cores/ip_cores/general-cores/platform/altera/wb_pcie/pcie_64to32.vhd	1318	2026-08-14T05:59:23.984492+00:00	1059335ab5b4719836a0601b674fadf8584466c0a41901538a2ff47fa7d03fc0	vendor-or-firmware-source
week02/v01/vendor/wr-cores/ip_cores/general-cores/platform/altera/wb_pcie/pcie_altera.vhd	49793	2026-08-14T05:59:23.987492+00:00	aec1d519be44725832b6aae762d858236f355c68e55a0771c814cc5d61f90a11	vendor-or-firmware-source
week02/v01/vendor/wr-cores/ip_cores/general-cores/platform/altera/wb_pcie/pcie_tlp.vhd	19975	2026-08-14T05:59:23.989491+00:00	2ce277b2c15f2c8bad3f046262c8e340f69f3018404282b184576af993cd1b5d	vendor-or-firmware-source
week02/v01/vendor/wr-cores/ip_cores/general-cores/platform/altera/wb_pcie/pcie_wb.vhd	10945	2026-08-14T05:59:23.990491+00:00	20bf240aa8fd873e056803f5cd606d6b9380e5bd26bc896cdfb48a7d94b1b0da	vendor-or-firmware-source
week02/v01/vendor/wr-cores/ip_cores/general-cores/platform/altera/wb_pcie/pcie_wb_pkg.vhd	5279	2026-08-14T05:59:23.992491+00:00	ae1ae612fdcb63ff303a243ccac7894cf018f6458a67e41b8f4db1fd7f51dd05	vendor-or-firmware-source
week02/v01/vendor/wr-cores/ip_cores/general-cores/platform/xilinx/Manifest.py	87	2026-08-14T05:59:23.993491+00:00	e4b4adb92a6259fe61dfc0628135f8ec8565dccc06adcee0219503f267929695	vendor-or-firmware-source
week02/v01/vendor/wr-cores/ip_cores/general-cores/platform/xilinx/wb_xil_multiboot/Manifest.py	125	2026-08-14T05:59:23.995492+00:00	3fa24e5f720c97afb77c134f93d47613507c8b1ca46800c86d3a2848ce3f7520	vendor-or-firmware-source
week02/v01/vendor/wr-cores/ip_cores/general-cores/platform/xilinx/wb_xil_multiboot/multiboot_fsm.vhd	18756	2026-08-14T05:59:23.997491+00:00	a9cb8d937b7d130fa6f66d6b418a75578bf1f8fe4e06bef2c1c9d8149716a3eb	vendor-or-firmware-source
week02/v01/vendor/wr-cores/ip_cores/general-cores/platform/xilinx/wb_xil_multiboot/multiboot_regs.vhd	12917	2026-08-14T05:59:23.999491+00:00	a11fd6f52afe869185a2b73d83b7c1c4e7eabb8c1cbf14cff10c58fa794845b9	vendor-or-firmware-source
week02/v01/vendor/wr-cores/ip_cores/general-cores/platform/xilinx/wb_xil_multiboot/spi_master.vhd	6617	2026-08-14T05:59:24.001492+00:00	9891a4c3d7b2d7b8ae2108bf160d6568f0510c96f80e4cb63d86a3f0f7fccc87	vendor-or-firmware-source
week02/v01/vendor/wr-cores/ip_cores/general-cores/platform/xilinx/wb_xil_multiboot/xwb_xil_multiboot.vhd	18485	2026-08-14T05:59:24.003491+00:00	638b191f4673eab0809cedc072c6f5d82f8dfc3b5fb54c604bf03b6bc4587cdc	vendor-or-firmware-source
week02/v01/vendor/wr-cores/ip_cores/general-cores/platform/xilinx/wb_xilinx_fpga_loader/Manifest.py	117	2026-08-14T05:59:24.005491+00:00	cf730e0af1550ea999566790dabf61e4c574027a2fceeb645c2a52e332d07fc1	vendor-or-firmware-source
week02/v01/vendor/wr-cores/ip_cores/general-cores/platform/xilinx/wb_xilinx_fpga_loader/build_wb.sh	187	2026-08-14T05:59:24.006491+00:00	be60eab7ae19f972a765e2b0683804836879a5411d498b561e6df31f1a95b33a	vendor-or-firmware-source
week02/v01/vendor/wr-cores/ip_cores/general-cores/platform/xilinx/wb_xilinx_fpga_loader/wb_xilinx_fpga_loader.vhd	16621	2026-08-14T05:59:24.008492+00:00	d197d094013919a60501e0ec6263cd79c623aa74dbcfca06d02f5147ec122b17	vendor-or-firmware-source
week02/v01/vendor/wr-cores/ip_cores/general-cores/platform/xilinx/wb_xilinx_fpga_loader/xloader_registers_pkg.vhd	4175	2026-08-14T05:59:24.009491+00:00	2dd00a9211a7936808d0e9a03188dae963deae5cecacaace3b642648735cd866	vendor-or-firmware-source
week02/v01/vendor/wr-cores/ip_cores/general-cores/platform/xilinx/wb_xilinx_fpga_loader/xloader_wb.vhd	16424	2026-08-14T05:59:24.010491+00:00	b80ae0eb920d02e0090344aff7684c0a9e4425f6e236f01b381e10a67838a806	vendor-or-firmware-source
week02/v01/vendor/wr-cores/ip_cores/general-cores/platform/xilinx/wb_xilinx_fpga_loader/xwb_xilinx_fpga_loader.vhd	5635	2026-08-14T05:59:24.013491+00:00	25f17be7a9c0a46e078cccb6f583db9077862d53ead6c95a0f4b4ccc4b0ba8ef	vendor-or-firmware-source
week02/v01/vendor/wr-cores/ip_cores/general-cores/sim/gc_fsm_watchdog/tb_gc_fsm_watchdog.vhd	5094	2026-08-14T05:59:24.017491+00:00	a8352b92e6ccafa5742a8a9989fc26e34ceb9fe0f99087f4d20e6a10b0eb74c5	vendor-or-firmware-source
week02/v01/vendor/wr-cores/ip_cores/general-cores/sim/onewire_slave_model.v	3861	2026-08-14T05:59:24.028491+00:00	b928a99a45fee9df036ed8c619cc66b2d9c84c3491d99bd7398e24a60b9a08ae	vendor-or-firmware-source
week02/v01/vendor/wr-cores/ip_cores/general-cores/sim/vhdl/Manifest.py	52	2026-08-14T05:59:24.037491+00:00	c24d183e9cca1ca6f3c82a8d067c876f14988ab3708f5e2489c76d8b546447be	vendor-or-firmware-source
week02/v01/vendor/wr-cores/ip_cores/general-cores/sim/vhdl/sim_wishbone.vhd	6093	2026-08-14T05:59:24.039491+00:00	41b87a5f6d68b97bb7d93c8e4345fc62d3caeae624808fde71edcd6c30fb90da	vendor-or-firmware-source
week02/v01/vendor/wr-cores/ip_cores/general-cores/sim/vhdl/sim_wishbone16.vhd	3638	2026-08-14T05:59:24.040491+00:00	268ddc1c54936eb5dafe4c3ce7d797d0dbb03e7105f615d18c44b5770c640aef	vendor-or-firmware-source
week02/v01/vendor/wr-cores/ip_cores/general-cores/sim/wb_i2c_bridge/i2c_bus_model.vhd	3263	2026-08-14T05:59:24.042491+00:00	386e075f2310d7758a70e553f0dcb89b3be72c22c47c331dc5da02a594269c64	vendor-or-firmware-source
week02/v01/vendor/wr-cores/ip_cores/general-cores/sim/wb_i2c_bridge/i2c_master_bit_ctrl.vhd	24493	2026-08-14T05:59:24.044491+00:00	2f7b312772e565e67c512e2663c5112ac821bfa63ad53cc5cbc5d00ebbddafd7	vendor-or-firmware-source
week02/v01/vendor/wr-cores/ip_cores/general-cores/sim/wb_i2c_bridge/i2c_master_byte_ctrl.vhd	12658	2026-08-14T05:59:24.045491+00:00	adf34028e88d67a827ec28326a550826cf5f8466c8d2bde18e9ed87983897a9d	vendor-or-firmware-source
week02/v01/vendor/wr-cores/ip_cores/general-cores/sim/wb_i2c_bridge/tb_gc_i2c_slave.vhd	14154	2026-08-14T05:59:24.048491+00:00	67e381154b8f1ceb2ed05e10fd81f033f11f3a0a49c03c916bf098c00ef42b1c	vendor-or-firmware-source
week02/v01/vendor/wr-cores/ip_cores/general-cores/sim/wb_i2c_bridge/tb_wb_i2c_bridge.vhd	20850	2026-08-14T05:59:24.049491+00:00	c1316f398b237a2bf0584c846e1fe5b2f4e7a921f126bd096320b3d0abf2296e	vendor-or-firmware-source
week02/v01/vendor/wr-cores/ip_cores/general-cores/software/Makefile	379	2026-08-14T05:59:24.055491+00:00	f2c9df5cc8eefb7ac04430391842261df4ed06500dcf27745522109ca34da450	vendor-or-firmware-source
week02/v01/vendor/wr-cores/ip_cores/general-cores/software/dkms.mk	1125	2026-08-14T05:59:24.057491+00:00	00464ed1248a1f06be5d32bdfe64fb42996774c2a316915c7a5da3a53b510a9a	vendor-or-firmware-source
week02/v01/vendor/wr-cores/ip_cores/general-cores/software/htvic/Makefile	252	2026-08-14T05:59:24.059491+00:00	c9a37e7f35a269d6911980d391202a7297611cb99d402fcfdc101cf4e0af4a5e	vendor-or-firmware-source
week02/v01/vendor/wr-cores/ip_cores/general-cores/software/htvic/drivers/Makefile	691	2026-08-14T05:59:24.063491+00:00	f9bca2ad84904653ea5ad813f0b24e4736327b4a576fab7984dd0cc9899c3d07	vendor-or-firmware-source
week02/v01/vendor/wr-cores/ip_cores/general-cores/software/htvic/drivers/htvic.c	16529	2026-08-14T05:59:24.065491+00:00	b1618766d5d07e8f5b9e2368cd7fd0907293fc885be889fd2d5ac72daba45bab	vendor-or-firmware-source
week02/v01/vendor/wr-cores/ip_cores/general-cores/software/htvic/drivers/htvic.h	1838	2026-08-14T05:59:24.066491+00:00	76bfa46e9d66ae746384f123122d71aff1d70e19ec5393bc4114def1539e4fa1	vendor-or-firmware-source
week02/v01/vendor/wr-cores/ip_cores/general-cores/software/htvic/drivers/htvic_regs.h	3268	2026-08-14T05:59:24.067491+00:00	ffb5c2f08a5697c9a95f2d7a8a7d4df37d83152a51e37a116869ce8259028cf6	vendor-or-firmware-source
week02/v01/vendor/wr-cores/ip_cores/general-cores/software/i2c-ocores/Makefile	256	2026-08-14T05:59:24.075491+00:00	bf9e4d4b6fe49c7571e7f1f4f0fb04b2e78d663ad791d8acef92ffc8f6641ab3	vendor-or-firmware-source
week02/v01/vendor/wr-cores/ip_cores/general-cores/software/i2c-ocores/drivers/i2c/busses/Makefile	722	2026-08-14T05:59:24.080491+00:00	dc9a12854e5c70a12ee0dc1ecfabe7adaebe7d21c217381df9cec8be7d133079	vendor-or-firmware-source
week02/v01/vendor/wr-cores/ip_cores/general-cores/software/i2c-ocores/drivers/i2c/busses/i2c-ocores.c	25259	2026-08-14T05:59:24.082491+00:00	403434a07b6c82cebf1d8ab001fe8072744c8069ad650864b5f6235d5adbbe6d	vendor-or-firmware-source
week02/v01/vendor/wr-cores/ip_cores/general-cores/software/i2c-ocores/include/linux/platform_data/i2c-ocores.h	607	2026-08-14T05:59:24.085491+00:00	a4811d97b79d5036bb9f652da35eb09a208f53a1ad2c03cd6b87d7d57ae056ab	vendor-or-firmware-source
week02/v01/vendor/wr-cores/ip_cores/general-cores/software/spi-ocores/Makefile	250	2026-08-14T05:59:24.088491+00:00	f2878db1e663411fad3233a8dc7be5f5545ee2157d51342c1b4a93a95f827576	vendor-or-firmware-source
week02/v01/vendor/wr-cores/ip_cores/general-cores/software/spi-ocores/drivers/spi/Makefile	719	2026-08-14T05:59:24.092491+00:00	093601a6d8e25099f43e881ba872412904567295e291e6ed230e9acfe2163080	vendor-or-firmware-source
week02/v01/vendor/wr-cores/ip_cores/general-cores/software/spi-ocores/drivers/spi/spi-ocores.c	18342	2026-08-14T05:59:24.094491+00:00	373ad0f72ef635581745008af68e8dc9fd79d3979c883ef97e35e7327e4b9f48	vendor-or-firmware-source
week02/v01/vendor/wr-cores/ip_cores/general-cores/software/spi-ocores/include/linux/platform_data/spi-ocores.h	444	2026-08-14T05:59:24.097491+00:00	cdb622ce8628fc595b37fcca5a066aa4e5c255756db97bc63cd92086517d66fb	vendor-or-firmware-source
week02/v01/vendor/wr-cores/ip_cores/general-cores/syn/gsi_pexaria2a/wishbone_demo/Manifest.py	243	2026-08-14T05:59:24.101491+00:00	d5e314d03348c4517414c30d135adec306c4a0c53cd515bc0a727c85aff7f6cb	vendor-or-firmware-source
week02/v01/vendor/wr-cores/ip_cores/general-cores/syn/gsi_pexaria2a/wishbone_demo/wishbone_demo.qpf	1259	2026-08-14T05:59:24.102491+00:00	2f281572d2af25d9513f09514a864108c019b95a1a4ef63538a3f2513d2755dc	vendor-or-firmware-source
week02/v01/vendor/wr-cores/ip_cores/general-cores/syn/gsi_pexaria2a/wishbone_demo/wishbone_demo.qsf	11212	2026-08-14T05:59:24.103491+00:00	131ce2b7737c440c3b0dcc316067fb2993cad14510460de8e42b61a6e1a13960	vendor-or-firmware-source
week02/v01/vendor/wr-cores/ip_cores/general-cores/testbench/Makefile	1186	2026-08-14T05:59:24.105491+00:00	44979a6de9b958e6399126e034d5c75fbf07d429c9202f308707372806c7867b	vendor-or-firmware-source
week02/v01/vendor/wr-cores/ip_cores/general-cores/testbench/README.md	1259	2026-08-14T05:59:24.107491+00:00	cb718e3a2eab87885a0d6db3863b4e8b227d52b298392141cf5c9929dc1e4903	vendor-or-firmware-source
week02/v01/vendor/wr-cores/ip_cores/general-cores/testbench/axi/axi4lite32_axi4full64_bridge/Manifest.py	445	2026-08-14T05:59:24.110491+00:00	e59d00820c87b34cda8864a78573ef0d05c40f5eddc7a3e25bb882121a8b38bb	vendor-or-firmware-source
week02/v01/vendor/wr-cores/ip_cores/general-cores/testbench/axi/axi4lite32_axi4full64_bridge/README.md	426	2026-08-14T05:59:24.112491+00:00	12108a657bdf242e7a1dfd0a854020175be7fd71bca7b5fbe1bc4c4854053153	vendor-or-firmware-source
week02/v01/vendor/wr-cores/ip_cores/general-cores/testbench/axi/axi4lite32_axi4full64_bridge/run.sh	361	2026-08-14T05:59:24.113491+00:00	c0962253faacd61e7c3d2446c457a3a13f77bd585e542d5fc951f4075c0f3a34	vendor-or-firmware-source
week02/v01/vendor/wr-cores/ip_cores/general-cores/testbench/axi/axi4lite32_axi4full64_bridge/tb_axi4lite32_axi4full64_bridge.vhd	24251	2026-08-14T05:59:24.114491+00:00	c75262896de16bb24107235c00ab44fe88a7ceabd3d47b404686a8d612bb9e31	vendor-or-firmware-source
week02/v01/vendor/wr-cores/ip_cores/general-cores/testbench/axi/axi4lite_axi4full_bridge/Manifest.py	377	2026-08-14T05:59:24.117491+00:00	d0690237cd98d233a5319bb5f2d6cdeedcd92e684bc57a20b6ae8b28464d5d70	vendor-or-firmware-source
week02/v01/vendor/wr-cores/ip_cores/general-cores/testbench/axi/axi4lite_axi4full_bridge/README.md	420	2026-08-14T05:59:24.118491+00:00	316ad64afbf7bba6da042bc6af8b6b4e91e0ada881c18acfbf7b2f63ba9d0452	vendor-or-firmware-source
week02/v01/vendor/wr-cores/ip_cores/general-cores/testbench/axi/axi4lite_axi4full_bridge/run.sh	358	2026-08-14T05:59:24.119491+00:00	d4e6db959b1233456e088dd88ba49ae39d03103132eb589db7375936af9bc068	vendor-or-firmware-source
week02/v01/vendor/wr-cores/ip_cores/general-cores/testbench/axi/axi4lite_axi4full_bridge/tb_axi4lite_axi4full_bridge.vhd	27442	2026-08-14T05:59:24.121491+00:00	5382e13ffb3fe5833d34a7c5ecf7bd301969b7142d7905ccaab74a5482b0261c	vendor-or-firmware-source
week02/v01/vendor/wr-cores/ip_cores/general-cores/testbench/axi/axi4lite_wb_bridge/Manifest.py	427	2026-08-14T05:59:24.124491+00:00	fd950750ef3929e043ccaeed7ffdf6030a6f8209d080daf9c13cec61b68140d1	vendor-or-firmware-source
week02/v01/vendor/wr-cores/ip_cores/general-cores/testbench/axi/axi4lite_wb_bridge/README.md	407	2026-08-14T05:59:24.125491+00:00	38f741193bee64f118a819d85ecb46c94aa4aeea609fd0b9e182cd90cf33e53b	vendor-or-firmware-source
week02/v01/vendor/wr-cores/ip_cores/general-cores/testbench/axi/axi4lite_wb_bridge/run.sh	354	2026-08-14T05:59:24.126491+00:00	4e8369a8a5eeb03eb4b5a8e329e7b66209b7f8a960c4cd02c909deb2653db264	vendor-or-firmware-source
week02/v01/vendor/wr-cores/ip_cores/general-cores/testbench/axi/axi4lite_wb_bridge/tb_xaxi4lite_wb_bridge.vhd	12507	2026-08-14T05:59:24.128491+00:00	f84b738a799d524d6580a947b6f6b64a711c83131db39bfd898951e48db1cf85	vendor-or-firmware-source
week02/v01/vendor/wr-cores/ip_cores/general-cores/testbench/axi/z7_axi_gpio_expander/Manifest.py	394	2026-08-14T05:59:24.131491+00:00	a352fbffd23b8c6a525127ceaef855b4ac1ac31f7ead8023afe6e06a544f321a	vendor-or-firmware-source
week02/v01/vendor/wr-cores/ip_cores/general-cores/testbench/axi/z7_axi_gpio_expander/gpio_axi.vhd	8222	2026-08-14T05:59:24.133491+00:00	5c7dba5dc5f92b23fef7d27d4d741b8991f5588137313cf203fbc86b21a6ff55	vendor-or-firmware-source
week02/v01/vendor/wr-cores/ip_cores/general-cores/testbench/axi/z7_axi_gpio_expander/run.sh	323	2026-08-14T05:59:24.135491+00:00	33883ab7ab18e0b91dcf54593489201ab850f7d4adce997c4046e990d90ab4f0	vendor-or-firmware-source
week02/v01/vendor/wr-cores/ip_cores/general-cores/testbench/axi/z7_axi_gpio_expander/sim_top_ps_gpio.vhd	7013	2026-08-14T05:59:24.136491+00:00	861bf7e07df8bd41a860640df69ce7ad1ca1abf54bb491dd07dadf5a0388cfdf	vendor-or-firmware-source
week02/v01/vendor/wr-cores/ip_cores/general-cores/testbench/common/gc_bicolor_led_ctrl/Manifest.py	318	2026-08-14T05:59:24.140491+00:00	5ff040811f4f394d1ae326cc9bd3d638f858167a18990d46aa5d0b95e39873ee	vendor-or-firmware-source
week02/v01/vendor/wr-cores/ip_cores/general-cores/testbench/common/gc_bicolor_led_ctrl/gc_bicolor_led_ctrl_tb.vhd	8505	2026-08-14T05:59:24.141491+00:00	d66a6be637ec2b18ed212fdb25245569012a6cc221e2ddf2abe6c5e5127672ca	vendor-or-firmware-source
week02/v01/vendor/wr-cores/ip_cores/general-cores/testbench/common/gc_comparator/Manifest.py	296	2026-08-14T05:59:24.146491+00:00	b5cc700a68da023c1dcae64a85980bd66ecec63c3800c36584a7924a09676250	vendor-or-firmware-source
week02/v01/vendor/wr-cores/ip_cores/general-cores/testbench/common/gc_comparator/gc_comparator_tb.vhd	6756	2026-08-14T05:59:24.149491+00:00	66371942e527e102678c704724fd002c040431d8a894d1fbcbdc2c98065ac32a	vendor-or-firmware-source
week02/v01/vendor/wr-cores/ip_cores/general-cores/testbench/common/gc_comparator/run_tb.sh	121	2026-08-14T05:59:24.150491+00:00	9c8a87138adbb7d4e25e63f96159d818d9ec0305e2896f847a9df1abbe4f3feb	vendor-or-firmware-source
week02/v01/vendor/wr-cores/ip_cores/general-cores/testbench/common/gc_ds182x_readout/Manifest.py	239	2026-08-14T05:59:24.152491+00:00	3ae8f7d07c57f67578ed78b889efb28fc1ae7d183d773c8409fd044a77bc8141	vendor-or-firmware-source
week02/v01/vendor/wr-cores/ip_cores/general-cores/testbench/common/gc_ds182x_readout/gc_ds182x_readout_tb.vhd	6494	2026-08-14T05:59:24.153491+00:00	32e3adff678cbcee5d2b61331d8feeb4cd36d6bf0363602aa4e775cfe8d20c43	vendor-or-firmware-source
week02/v01/vendor/wr-cores/ip_cores/general-cores/testbench/common/gc_moving_average/Manifest.py	308	2026-08-14T05:59:24.156491+00:00	e02ba0d1f56af15bcf3fa2a7a74348bd81e839fa91243d4b2c3fd2cae940a53d	vendor-or-firmware-source
week02/v01/vendor/wr-cores/ip_cores/general-cores/testbench/common/gc_moving_average/gc_moving_average_tb.vhd	3689	2026-08-14T05:59:24.157490+00:00	a8ae4f6b0be61e4e17a44351bea2063a74471ee93b2f39c06336ffee8b8c5208	vendor-or-firmware-source
week02/v01/vendor/wr-cores/ip_cores/general-cores/testbench/dsp/gc_cordic/Manifest.py	345	2026-08-14T05:59:24.160491+00:00	1cea49832195412cc2482bd8e3e9314ca5ea02aada98bb62f6054c4f20a69e62	vendor-or-firmware-source
week02/v01/vendor/wr-cores/ip_cores/general-cores/testbench/dsp/gc_cordic/cordic_error_measurement.py	4881	2026-08-14T05:59:24.162491+00:00	965af1382caf0e0be4300514d41308079ee4fc206e3f580a28b3d3dd341a90a2	vendor-or-firmware-source
week02/v01/vendor/wr-cores/ip_cores/general-cores/testbench/dsp/gc_cordic/gc_cordic_tb.vhd	21587	2026-08-14T05:59:24.163491+00:00	695b515f0f4100ca7e00fddcc96fec00d3f464e03968b147650b27bd7d463eae	vendor-or-firmware-source
week02/v01/vendor/wr-cores/ip_cores/general-cores/testbench/dsp/gc_cordic/main.sv	6384	2026-08-14T05:59:24.165490+00:00	8f16c68bf0e43f981d939d18a7f1ac671da14ac0450feaad59c96993faefdfac	vendor-or-firmware-source
week02/v01/vendor/wr-cores/ip_cores/general-cores/testbench/dsp/gc_pipelined_fir_filter/Manifest.py	322	2026-08-14T05:59:24.171490+00:00	ff35f8f48e36c0170a1615e1be6f23ff20c1a334a649b23dd05d880f16e19f75	vendor-or-firmware-source
week02/v01/vendor/wr-cores/ip_cores/general-cores/testbench/dsp/gc_pipelined_fir_filter/main.sv	4833	2026-08-14T05:59:24.172490+00:00	c6a1fb5eb8c9814f2b7209a022c65d6ac7d3c559830dd5278a189e7ec8b99e82	vendor-or-firmware-source
week02/v01/vendor/wr-cores/ip_cores/general-cores/testbench/osvvm/Manifest.py	909	2026-08-14T05:59:24.176490+00:00	9368d8705aa1a09469ad5ff20f7508275aa124af342d1b73dbc6c804ed1cd54c	vendor-or-firmware-source
week02/v01/vendor/wr-cores/ip_cores/general-cores/testbench/osvvm/upstream/AUTHORS.md	1470	2026-08-14T05:59:32.689440+00:00	77752d93e9447ee4f77580d1e4bd257ef4c18e91d2f0e09b29ce6e8f00bc6731	vendor-or-firmware-source
week02/v01/vendor/wr-cores/ip_cores/general-cores/testbench/osvvm/upstream/AlertLogPkg.vhd	303590	2026-08-14T05:59:32.700440+00:00	db5c07f1bf8d72455b6728bb51d01b02bc9f27e0064c2432faca03a4e1e240fe	vendor-or-firmware-source
week02/v01/vendor/wr-cores/ip_cores/general-cores/testbench/osvvm/upstream/CHANGELOG.md	44448	2026-08-14T05:59:32.705440+00:00	3f1d09b5b387fe3f4660727fad6d46a4e80ac11bfce4d4400a7ecb72c317f2c0	vendor-or-firmware-source
week02/v01/vendor/wr-cores/ip_cores/general-cores/testbench/osvvm/upstream/CONTRIBUTORS.md	1516	2026-08-14T05:59:32.706440+00:00	f30e6e7c4c563c22317152483b71510d4126ccfc19b3523eb02ee559e19ba361	vendor-or-firmware-source
week02/v01/vendor/wr-cores/ip_cores/general-cores/testbench/osvvm/upstream/CoveragePkg.vhd	434894	2026-08-14T05:59:32.722440+00:00	a999e37199116300e0ab838db7323d4279aaeda7dad86d93772d5d1e2007fa53	vendor-or-firmware-source
week02/v01/vendor/wr-cores/ip_cores/general-cores/testbench/osvvm/upstream/LICENSE.md	10571	2026-08-14T05:59:32.723440+00:00	0c5e2bf896eccff640498e158d5d1965569a1d8907f5adb4064544c69abc7681	vendor-or-firmware-source
week02/v01/vendor/wr-cores/ip_cores/general-cores/testbench/osvvm/upstream/MemoryGenericPkg.vhd	60122	2026-08-14T05:59:32.726440+00:00	2ac4126c652a7e9098795e1b74579762a887b509af546d02525fc2337c8ba250	vendor-or-firmware-source
week02/v01/vendor/wr-cores/ip_cores/general-cores/testbench/osvvm/upstream/MemoryPkg.vhd	3695	2026-08-14T05:59:32.728440+00:00	56233339fb470ed3cc6fa9591243797b5222e0d533754692374d71de40471ec8	vendor-or-firmware-source
week02/v01/vendor/wr-cores/ip_cores/general-cores/testbench/osvvm/upstream/MemoryPkg_c.vhd	55685	2026-08-14T05:59:32.730440+00:00	b500a50d175f73dec12e46090947b405cfb63051c0af70839e14266f39bf27ba	vendor-or-firmware-source
week02/v01/vendor/wr-cores/ip_cores/general-cores/testbench/osvvm/upstream/MemoryPkg_orig_c.vhd	55705	2026-08-14T05:59:32.732440+00:00	5b226130f48208c70d050ff303375d877853fad8ae202d1f686842209aabc1ce	vendor-or-firmware-source
week02/v01/vendor/wr-cores/ip_cores/general-cores/testbench/osvvm/upstream/MemorySupportPkg.vhd	11691	2026-08-14T05:59:32.733440+00:00	80df9070868cf899052be78af5a03f98660970ffde1f87bdc935e5de0c404731	vendor-or-firmware-source
week02/v01/vendor/wr-cores/ip_cores/general-cores/testbench/osvvm/upstream/MessageListPkg.vhd	5146	2026-08-14T05:59:32.735440+00:00	b49075ae4b4b808133aaf9c6e1a4744cab4a6603461bfa5cfd4f55708689ce3f	vendor-or-firmware-source
week02/v01/vendor/wr-cores/ip_cores/general-cores/testbench/osvvm/upstream/MessagePkg.vhd	5652	2026-08-14T05:59:32.737440+00:00	016d1c5e9036313e7e81fbce0f91912cad56aa61ef35aa324ac74996e7b9a4c9	vendor-or-firmware-source
week02/v01/vendor/wr-cores/ip_cores/general-cores/testbench/osvvm/upstream/NamePkg.vhd	4579	2026-08-14T05:59:32.740440+00:00	349b248411b1379b094f5d62d145b6ad102d8a3f55e2ecdde6313b1b53ba77aa	vendor-or-firmware-source
week02/v01/vendor/wr-cores/ip_cores/general-cores/testbench/osvvm/upstream/NameStorePkg.vhd	15064	2026-08-14T05:59:32.741440+00:00	ff575092fb66de615482ed32ca4997691213214ff81d528023efc67cdd9e7958	vendor-or-firmware-source
week02/v01/vendor/wr-cores/ip_cores/general-cores/testbench/osvvm/upstream/OsvvmContext.vhd	2081	2026-08-14T05:59:32.742440+00:00	15580e93c128c2c073f09f329b062f838f11786871f794b60a0bb550f913ecde	vendor-or-firmware-source
week02/v01/vendor/wr-cores/ip_cores/general-cores/testbench/osvvm/upstream/OsvvmGlobalPkg.vhd	16753	2026-08-14T05:59:32.744440+00:00	47dd0a8954bc2d071649cfdf8de0c5a472c6d70983f4d9e9f1d0fdd995275aa9	vendor-or-firmware-source
week02/v01/vendor/wr-cores/ip_cores/general-cores/testbench/osvvm/upstream/OsvvmTypesPkg.vhd	1432	2026-08-14T05:59:32.745440+00:00	047004de2b60d42a56311a0914fa06b4dd87aa9a8eebec2222313cf84e149b1d	vendor-or-firmware-source
week02/v01/vendor/wr-cores/ip_cores/general-cores/testbench/osvvm/upstream/README.md	4003	2026-08-14T05:59:32.746440+00:00	1edfddc8ff15ac13098a5c486a4c85bf4146e97f0ca97387f92374e10c5dcf94	vendor-or-firmware-source
week02/v01/vendor/wr-cores/ip_cores/general-cores/testbench/osvvm/upstream/RandomBasePkg.vhd	26642	2026-08-14T05:59:32.748440+00:00	00b8786847058ecbe3bb69fc6616be9c99b916a9d700119d6f6fd759955f9c04	vendor-or-firmware-source
week02/v01/vendor/wr-cores/ip_cores/general-cores/testbench/osvvm/upstream/RandomPkg.vhd	89151	2026-08-14T05:59:32.751440+00:00	1bcfacb107980b9bba8b38ad472e0f7e3c9c8f6b60e09b4cc4114f5fa3da6716	vendor-or-firmware-source
week02/v01/vendor/wr-cores/ip_cores/general-cores/testbench/osvvm/upstream/RandomProcedurePkg.vhd	6491	2026-08-14T05:59:32.754440+00:00	277758deee0f314e1c5807148a0ee3ac506fe58fdd74568b800c11cfe07c7189	vendor-or-firmware-source
week02/v01/vendor/wr-cores/ip_cores/general-cores/testbench/osvvm/upstream/ReportPkg.vhd	5093	2026-08-14T05:59:32.755440+00:00	6331e2bfaa91a596e48f8c72224c8cd7898e9400e12a698a47ce271e7c584dc3	vendor-or-firmware-source
week02/v01/vendor/wr-cores/ip_cores/general-cores/testbench/osvvm/upstream/ResizePkg.vhd	7303	2026-08-14T05:59:32.756440+00:00	1428744db0a1a17480a1b52f1c4420e3f0995702b66982b3467b3f73b7b20368	vendor-or-firmware-source
week02/v01/vendor/wr-cores/ip_cores/general-cores/testbench/osvvm/upstream/ResolutionPkg.vhd	16067	2026-08-14T05:59:32.758440+00:00	b6bb9eaec10857d09df0dd08e38850e034ef58494b2874798900f0359c096d7a	vendor-or-firmware-source
week02/v01/vendor/wr-cores/ip_cores/general-cores/testbench/osvvm/upstream/ScoreboardGenericPkg.vhd	135978	2026-08-14T05:59:32.765440+00:00	b1d758ece7dff47e2e91b8f6f320b17f536dcc6bb97d9dee683c16306ebbe0fb	vendor-or-firmware-source
week02/v01/vendor/wr-cores/ip_cores/general-cores/testbench/osvvm/upstream/ScoreboardPkg_int.vhd	1903	2026-08-14T05:59:32.766440+00:00	38ff49995618952838dfa2808e4b15c3478fc3c5960fb8ce6ecd97e9a36d065a	vendor-or-firmware-source
week02/v01/vendor/wr-cores/ip_cores/general-cores/testbench/osvvm/upstream/ScoreboardPkg_int_c.vhd	136076	2026-08-14T05:59:32.769440+00:00	e9283b869d28b773f5b7708fc8f6222e8a2ffbf573f67138dd7f0a5e32f5b9a5	vendor-or-firmware-source
week02/v01/vendor/wr-cores/ip_cores/general-cores/testbench/osvvm/upstream/ScoreboardPkg_slv.vhd	2387	2026-08-14T05:59:32.771440+00:00	3f4de43f3808fab4281f3c207c0900664a54c36adb9b7481897bb2dd9dbe936c	vendor-or-firmware-source
week02/v01/vendor/wr-cores/ip_cores/general-cores/testbench/osvvm/upstream/ScoreboardPkg_slv_c.vhd	136152	2026-08-14T05:59:32.774440+00:00	6c343a50170b3dae081023cbd45d47ebf5f403d3de519ad8e20d238e9fe71e91	vendor-or-firmware-source
week02/v01/vendor/wr-cores/ip_cores/general-cores/testbench/osvvm/upstream/SortListPkg_int.vhd	13651	2026-08-14T05:59:32.775440+00:00	249910d9ccbb9b69017950e24094824f93ebaf5eee809681e3141079dd1529da	vendor-or-firmware-source
week02/v01/vendor/wr-cores/ip_cores/general-cores/testbench/osvvm/upstream/TbUtilPkg.vhd	43612	2026-08-14T05:59:32.778440+00:00	8303f12d304e60ab406bb577b086610fa2185d1710c982dc3ec417c49dd876cd	vendor-or-firmware-source
week02/v01/vendor/wr-cores/ip_cores/general-cores/testbench/osvvm/upstream/TextUtilPkg.vhd	25726	2026-08-14T05:59:32.780440+00:00	c0197bc7400bc4c2984fb358fcadea048d4003cc01f025fe23d36947691f778c	vendor-or-firmware-source
week02/v01/vendor/wr-cores/ip_cores/general-cores/testbench/osvvm/upstream/TranscriptPkg.vhd	8693	2026-08-14T05:59:32.782440+00:00	e86f29a2042c03aa9746326f7397e37104036e9f20ce6171a83ec172a2115cf2	vendor-or-firmware-source
week02/v01/vendor/wr-cores/ip_cores/general-cores/testbench/osvvm/upstream/VendorCovApiPkg.vhd	5045	2026-08-14T05:59:32.783440+00:00	cbd90ed0c61f1d41fbe706ca75fae840100c84dd9ef80a39def4dce08b78b277	vendor-or-firmware-source
week02/v01/vendor/wr-cores/ip_cores/general-cores/testbench/osvvm/upstream/VendorCovApiPkg_Aldec.vhd	4020	2026-08-14T05:59:32.784440+00:00	6bc26c1d130e39769f9dc9b47a381a801dab8566846a25e8a9238eb41b4518cf	vendor-or-firmware-source
week02/v01/vendor/wr-cores/ip_cores/general-cores/testbench/osvvm/upstream/demo/AlertLog_Demo_Global.vhd	7049	2026-08-14T05:59:32.786440+00:00	4cd2dffe706eae3bc653182e344d335911887c6d8086018bbcc0f2bbb35b62cf	vendor-or-firmware-source
week02/v01/vendor/wr-cores/ip_cores/general-cores/testbench/osvvm/upstream/demo/AlertLog_Demo_Hierarchy.vhd	8410	2026-08-14T05:59:32.788440+00:00	ebe3f8fe450d68b188dd8eb737f8c1ad956a0b84c3ac497430255711f58f2a17	vendor-or-firmware-source
week02/v01/vendor/wr-cores/ip_cores/general-cores/testbench/osvvm/upstream/demo/Demo_Rand.vhd	10498	2026-08-14T05:59:32.789440+00:00	1f2c15cf5ba9ec11b16ce919ecb2a5da8fe825315ac13f164dc90ffa03947642	vendor-or-firmware-source
week02/v01/vendor/wr-cores/ip_cores/general-cores/testbench/osvvm/upstream/osvvm_old.tcl	3198	2026-08-14T05:59:32.793440+00:00	15ba8d3f958a6ed3c867ebdc69c5f8724b5634ce5ac16c0f7aee65fe71003246	vendor-or-firmware-source
week02/v01/vendor/wr-cores/ip_cores/general-cores/testbench/radtol/tb_secded_32b_pkg.vhd	2538	2026-08-14T05:59:24.179490+00:00	77d170cbf77f45dd96e293928a1b44cb35d05480f89733b8bcf21aec536218f1	vendor-or-firmware-source
week02/v01/vendor/wr-cores/ip_cores/general-cores/testbench/radtol/tb_secded_ecc.vhd	4271	2026-08-14T05:59:24.180490+00:00	6436ba434a76758b0818ff43e029c9d192a1b28094cd96d8c42dec7bad708f79	vendor-or-firmware-source
week02/v01/vendor/wr-cores/ip_cores/general-cores/testbench/wishbone/gc_sync_word_wr/tb_gc_sync_word_wr.vhd	1334	2026-08-14T05:59:24.184490+00:00	d8f2c2c0a4e4c0598ae53a65e0b2d42f03bfb1312686a26c56a8945a6280b3ef	vendor-or-firmware-source
week02/v01/vendor/wr-cores/ip_cores/general-cores/testbench/wishbone/lm32_testsys/Manifest.py	195	2026-08-14T05:59:24.190490+00:00	b31690f9a2a625a06edccdc0796c76cd51cdca031e8d383e91263fce939f88ad	vendor-or-firmware-source
week02/v01/vendor/wr-cores/ip_cores/general-cores/testbench/wishbone/lm32_testsys/lm32_test_system.vhd	4689	2026-08-14T05:59:24.191490+00:00	db0415a7eeb4a82508a37a974b2531c268b994003ec854152025b55db8f496ab	vendor-or-firmware-source
week02/v01/vendor/wr-cores/ip_cores/general-cores/testbench/wishbone/lm32_testsys/main.sv	378	2026-08-14T05:59:24.193490+00:00	1278768a0572171c64912ba864a13b7f47dfa9dd17ae30445173c10cd878c75d	vendor-or-firmware-source
week02/v01/vendor/wr-cores/ip_cores/general-cores/testbench/wishbone/lm32_testsys/sw/Makefile	1223	2026-08-14T05:59:24.196490+00:00	5b5a076f2c18fa098edc604b83848fe7f1ddfc5630341c427f5e894acfcedf8c	vendor-or-firmware-source
week02/v01/vendor/wr-cores/ip_cores/general-cores/testbench/wishbone/lm32_testsys/sw/board.h	147	2026-08-14T05:59:24.197490+00:00	d7cd63d378f8017d4553219838e87c91f8b37e7f0a2f44d03ba1a6ec57fa6737	vendor-or-firmware-source
week02/v01/vendor/wr-cores/ip_cores/general-cores/testbench/wishbone/lm32_testsys/sw/genraminit.c	412	2026-08-14T05:59:24.198490+00:00	171458fbaf2493aeddb2b88eb0c83fc08b1decfe630d785c7f9fede0a57f905a	vendor-or-firmware-source
week02/v01/vendor/wr-cores/ip_cores/general-cores/testbench/wishbone/lm32_testsys/sw/gpio.h	725	2026-08-14T05:59:24.199490+00:00	fd91042ad22728383a95bfa364dbfba55c471a86f3e6069dff85ff8e6ec61306	vendor-or-firmware-source
week02/v01/vendor/wr-cores/ip_cores/general-cores/testbench/wishbone/lm32_testsys/sw/inttypes.h	318	2026-08-14T05:59:24.200490+00:00	111c9d8709e8e19a1147ce307d44883efb6950c8f82630398b70eddcfacd3bfe	vendor-or-firmware-source
week02/v01/vendor/wr-cores/ip_cores/general-cores/testbench/wishbone/lm32_testsys/sw/main.c	398	2026-08-14T05:59:24.202490+00:00	1e677269d9d05d5b45312a2c6106106c160b4983581989c35cb52b19aa85cf8d	vendor-or-firmware-source
week02/v01/vendor/wr-cores/ip_cores/general-cores/testbench/wishbone/lm32_testsys/sw/target/lm32/irq.c	841	2026-08-14T05:59:24.207490+00:00	5ac611d9a9b83ca1250d8b30b65d53c5e41ad5423a7613189afe87ee8ed7cf29	vendor-or-firmware-source
week02/v01/vendor/wr-cores/ip_cores/general-cores/testbench/wishbone/lm32_testsys/sw/uart.c	643	2026-08-14T05:59:24.210490+00:00	433b2595dbc1260fa654f99fb9639d3bba4c313f3a750626d54c86a0879935f7	vendor-or-firmware-source
week02/v01/vendor/wr-cores/ip_cores/general-cores/testbench/wishbone/lm32_testsys/sw/uart.h	141	2026-08-14T05:59:24.211490+00:00	7fe7e848bfeb6b1117caa15496ddaba3a49519fed94ff9ce69cb649d4ad0948c	vendor-or-firmware-source
week02/v01/vendor/wr-cores/ip_cores/general-cores/testbench/wishbone/lm32_testsys/sw/wb_uart.h	3950	2026-08-14T05:59:24.212490+00:00	3d263cdf0d9cb064c03ae6a48855a7326a72e601a6de7fee5c365dab63e84f97	vendor-or-firmware-source
week02/v01/vendor/wr-cores/ip_cores/general-cores/testbench/wishbone/lm32_testsys/sw/wb_vuart.h	2410	2026-08-14T05:59:24.213490+00:00	bdb23ebd35c197498f97eb1bfab3934b88e1ff82c535b8a394651ded8d7cde41	vendor-or-firmware-source
week02/v01/vendor/wr-cores/ip_cores/general-cores/testbench/wishbone/wb16_to_wb32/tb_wb16_to_wb32.vhd	3701	2026-08-14T05:59:24.218490+00:00	f43653380b8fa30cc6cbd9a703f5101a3114e1794edb6989ada63adcc0b6c8e7	vendor-or-firmware-source
week02/v01/vendor/wr-cores/ip_cores/general-cores/testbench/wishbone/wb_fine_pulse_gen/Manifest.py	330	2026-08-14T05:59:24.220490+00:00	3297de6a487fa148839e9600fc81ffb9e01f1d98d2a0b236a302f4229fa41e25	vendor-or-firmware-source
week02/v01/vendor/wr-cores/ip_cores/general-cores/testbench/wishbone/wb_fine_pulse_gen/main.sv	7552	2026-08-14T05:59:24.221490+00:00	529583bfdf2bbe44b62e378b294a92c1d1940aeacafe81ca014c4f2d63911dde	vendor-or-firmware-source
week02/v01/vendor/wr-cores/ip_cores/general-cores/testbench/wishbone/wb_gpio_port/Manifest.py	296	2026-08-14T05:59:24.225490+00:00	4e9d5d9c680efba37bd4d1ec95c5dcff3d8ab0c92cc02b4588aafa76cf158474	vendor-or-firmware-source
week02/v01/vendor/wr-cores/ip_cores/general-cores/testbench/wishbone/wb_gpio_port/main.sv	1282	2026-08-14T05:59:24.227490+00:00	712368056b0387830b1d7d497aaab73f2dfdb213ac51d3e3847455164dba1017	vendor-or-firmware-source
week02/v01/vendor/wr-cores/ip_cores/general-cores/testbench/wishbone/wb_indirect/Manifest.py	177	2026-08-14T05:59:24.231490+00:00	fe77362af9455b48c4af7bb00322f7fa091bc6bcaad526117a79452b1e7344d3	vendor-or-firmware-source
week02/v01/vendor/wr-cores/ip_cores/general-cores/testbench/wishbone/wb_indirect/tb_wb_indirect.vhd	2688	2026-08-14T05:59:24.234490+00:00	635e150f2f7edf8c2615bb71b4ef6ad42ab80a9e4cf0bf97f81b5186ae974163	vendor-or-firmware-source
week02/v01/vendor/wr-cores/ip_cores/general-cores/testbench/wishbone/wb_simple_pwm/Manifest.py	161	2026-08-14T05:59:24.235490+00:00	e4b0b098952d3f7d811aac928677db4bcd74ac579042717dc5e1c470fbd622a0	vendor-or-firmware-source
week02/v01/vendor/wr-cores/ip_cores/general-cores/testbench/wishbone/wb_simple_pwm/main.sv	1431	2026-08-14T05:59:24.237490+00:00	74009ae1816727eaaad83dc7859dc23f84e00c8c291a7d75384da752ea8d29b8	vendor-or-firmware-source
week02/v01/vendor/wr-cores/ip_cores/general-cores/testbench/wishbone/wb_spi/Manifest.py	168	2026-08-14T05:59:24.241490+00:00	bd605755057b31f4bd30408e4f942eb9b6435b503ca557375537c58163fa8b38	vendor-or-firmware-source
week02/v01/vendor/wr-cores/ip_cores/general-cores/testbench/wishbone/wb_spi/tb_spi.vhd	1831	2026-08-14T05:59:24.244490+00:00	6c1c2942d5d1c687fef1144cd75d24aa651575053c2f31af95c5942103bd4d81	vendor-or-firmware-source
week02/v01/vendor/wr-cores/ip_cores/general-cores/testbench/wishbone/wb_spi/wb_spi_tb.vhd	3085	2026-08-14T05:59:24.245490+00:00	61064145222530213e1f937009f40dd0fbddf4fde7743123754ea9054c79ed95	vendor-or-firmware-source
week02/v01/vendor/wr-cores/ip_cores/general-cores/testbench/wishbone/wb_uart/Manifest.py	284	2026-08-14T05:59:24.246490+00:00	5edffc36bdcf18611247ae4bdc7bceb8c071a1bcbb1bf5edd06450b26d976ee0	vendor-or-firmware-source
week02/v01/vendor/wr-cores/ip_cores/general-cores/testbench/wishbone/wb_uart/main.sv	7157	2026-08-14T05:59:24.248490+00:00	95ea82f2c4d3679682c5e9a56dcbb3f37cc2646539f6962ed34fde70821e7390	vendor-or-firmware-source
week02/v01/vendor/wr-cores/ip_cores/general-cores/testbench/wishbone/wb_xilinx_fpga_loader/Manifest.py	198	2026-08-14T05:59:24.252490+00:00	ad55334983593ec8a5df6d05aa59e29d2dfe520350d3d09adfe63a304c41320d	vendor-or-firmware-source
week02/v01/vendor/wr-cores/ip_cores/general-cores/testbench/wishbone/wb_xilinx_fpga_loader/SIM_CONFIG_S6_SERIAL.v	26598	2026-08-14T05:59:24.254490+00:00	0c27ece5a816cc1d21fd3ea680522cc25081e1b9e314a5e331be370f1ad28dec	vendor-or-firmware-source
week02/v01/vendor/wr-cores/ip_cores/general-cores/testbench/wishbone/wb_xilinx_fpga_loader/glbl.v	1345	2026-08-14T05:59:24.255490+00:00	bf0418d14dc718ad08ac695ffef42f753851a4ff408120aa07e5a45fea7458cb	vendor-or-firmware-source
week02/v01/vendor/wr-cores/ip_cores/general-cores/testbench/wishbone/wb_xilinx_fpga_loader/main.sv	2587	2026-08-14T05:59:24.256490+00:00	14a68ec4fc159f6d33093edaaae6e9e4b814ccf32c763a5b2b91794b3c54c24e	vendor-or-firmware-source
week02/v01/vendor/wr-cores/ip_cores/general-cores/testbench/wishbone/wb_xilinx_fpga_loader/sample_bitstream/Manifest.py	172	2026-08-14T05:59:24.259490+00:00	7e9f239bd8d7519ee4674ef04c2b0393068ed2bbafea792db576361fd36935e5	vendor-or-firmware-source
week02/v01/vendor/wr-cores/ip_cores/general-cores/testbench/wishbone/wb_xilinx_fpga_loader/sample_bitstream/crc_gen.vhd	9110	2026-08-14T05:59:24.261490+00:00	6d2b7c4f469b6bf61ed1d59e1f27c4e215d311b627fe24d9ba6c3873605dee0e	vendor-or-firmware-source
week02/v01/vendor/wr-cores/ip_cores/general-cores/tools/gen_buildinfo.py	1759	2026-08-14T05:59:24.266490+00:00	379593310905480638749be55f464e1c36e35fcd9754cd5a95a5a074f9c1ab07	vendor-or-firmware-source
week02/v01/vendor/wr-cores/ip_cores/general-cores/tools/gen_sourceid.py	1984	2026-08-14T05:59:24.268490+00:00	2b2312298fe5b46f9aa6a8680b8ed55c78f49b806a66d21be7ec0be5115ccec1	vendor-or-firmware-source
week02/v01/vendor/wr-cores/ip_cores/general-cores/tools/mem_init_gen.py	6270	2026-08-14T05:59:24.269490+00:00	839ac9aab14b14910e12456528f8c31012565c39168f34fc475b0da8db1b1ee9	vendor-or-firmware-source
week02/v01/vendor/wr-cores/ip_cores/general-cores/tools/sdb_desc_gen.tcl	7576	2026-08-14T05:59:24.271490+00:00	8f879992e216edb680ca202ed3dabedaf3cff87499c849316f3c38ff691daacf	vendor-or-firmware-source
week02/v01/vendor/wr-cores/ip_cores/general-cores/top/gsi_pexaria2a/wishbone_demo/Manifest.py	97	2026-08-14T05:59:24.274490+00:00	b2884740a9a48677fc259550fc157cfbb22a556f5946bbe298cef7a4c5a63beb	vendor-or-firmware-source
week02/v01/vendor/wr-cores/ip_cores/general-cores/top/gsi_pexaria2a/wishbone_demo/sys_pll.vhd	16846	2026-08-14T05:59:24.275490+00:00	02e0d55f9d3648434f07e5b12cef1cda683c270ebee3229a6fcb90f868aff9f3	vendor-or-firmware-source
week02/v01/vendor/wr-cores/ip_cores/general-cores/top/gsi_pexaria2a/wishbone_demo/wishbone_demo.sdc	197	2026-08-14T05:59:24.276490+00:00	8c4d82f18d63db5cc708f61707b39d23ffe173fd4901853b4fed4318f5ea7235	vendor-or-firmware-source
week02/v01/vendor/wr-cores/ip_cores/general-cores/top/gsi_pexaria2a/wishbone_demo/wishbone_demo_top.vhd	8047	2026-08-14T05:59:24.278490+00:00	7507caeaf6e58d238718774e51c2f5dfc90d1cfa445176f59f1f2719e5348703	vendor-or-firmware-source
week02/v01/vendor/wr-cores/ip_cores/gn4124-core/Manifest.py	177	2026-08-14T05:59:32.869439+00:00	5cb2ed1c5ef2f6b66f374414b1e06fc7d75b679b53d2d846a68a5070f185b42e	vendor-or-firmware-source
week02/v01/vendor/wr-cores/ip_cores/gn4124-core/doc/specifications/Makefile	2110	2026-08-14T05:59:32.872439+00:00	8dda6480fc1ab3cd16d5c603941634f7eaecee1d52ca5a7f8f3f519e7ffc3650	vendor-or-firmware-source
week02/v01/vendor/wr-cores/ip_cores/gn4124-core/hdl/gn4124core/rtl/Manifest.py	252	2026-08-14T05:59:32.996439+00:00	3a4b24c6165815e92397dbf534b932459e8465b1b2fd6509df66b91a26334801	vendor-or-firmware-source
week02/v01/vendor/wr-cores/ip_cores/gn4124-core/hdl/gn4124core/rtl/dma_controller.vhd	16755	2026-08-14T05:59:32.998438+00:00	1af9b40d175b6c8536122301d0eb8cf4a9e270bccbfb0ee1f340c4a4b7c41594	vendor-or-firmware-source
week02/v01/vendor/wr-cores/ip_cores/gn4124-core/hdl/gn4124core/rtl/dma_controller_wb_slave.vhd	31261	2026-08-14T05:59:33.000438+00:00	d53779951fade6814cc9e9e06f5bac5cd8161bab7213677f161b1a3c7ba23657	vendor-or-firmware-source
week02/v01/vendor/wr-cores/ip_cores/gn4124-core/hdl/gn4124core/rtl/l2p_arbiter.vhd	6664	2026-08-14T05:59:33.002438+00:00	6a3caee4c0692ccab03a62004aaf3000cae66b6fef6318f3238baae9813c7224	vendor-or-firmware-source
week02/v01/vendor/wr-cores/ip_cores/gn4124-core/hdl/gn4124core/rtl/l2p_dma_master.vhd	21235	2026-08-14T05:59:33.004438+00:00	5538de03dab63122e2b68f0154bbeb85dd012bb0fe4df703cf1eb097088d32fa	vendor-or-firmware-source
week02/v01/vendor/wr-cores/ip_cores/gn4124-core/hdl/gn4124core/rtl/p2l_decode32.vhd	13918	2026-08-14T05:59:33.006438+00:00	5e80744d1b3c3414e6c19b0f5c79afb606ff8c42b686a63d54c739849eb66f85	vendor-or-firmware-source
week02/v01/vendor/wr-cores/ip_cores/gn4124-core/hdl/gn4124core/rtl/p2l_dma_master.vhd	27015	2026-08-14T05:59:33.007438+00:00	a9afee089450073b778988e9aec1c00de8eac36968c7b21c2a04bb184ffe4c4f	vendor-or-firmware-source
week02/v01/vendor/wr-cores/ip_cores/gn4124-core/hdl/gn4124core/rtl/spartan3/Manifest.py	108	2026-08-14T05:59:33.009438+00:00	c44cfa2e55b58805797ef39dc93fa1bc86e79bd9c85379f3df4d4a066ddcd2e5	vendor-or-firmware-source
week02/v01/vendor/wr-cores/ip_cores/gn4124-core/hdl/gn4124core/rtl/spartan3/gn4124_core.vhd	34764	2026-08-14T05:59:33.011438+00:00	c062b029d583dc8b4e922abeeb8ab29b90bf416a11b345fe5bb0c4ab8b6df278	vendor-or-firmware-source
week02/v01/vendor/wr-cores/ip_cores/gn4124-core/hdl/gn4124core/rtl/spartan3/gn4124_core_pkg.vhd	25878	2026-08-14T05:59:33.014438+00:00	c55c72110718ac31d9918218841675f5f6b4346304a848c22afdccbf687cc739	vendor-or-firmware-source
week02/v01/vendor/wr-cores/ip_cores/gn4124-core/hdl/gn4124core/rtl/spartan3/l2p_ser.vhd	8090	2026-08-14T05:59:33.016438+00:00	79e123e8be8da96a0295918ab02ddd456e5a817c0b2ae80e73fc37ee96d19913	vendor-or-firmware-source
week02/v01/vendor/wr-cores/ip_cores/gn4124-core/hdl/gn4124core/rtl/spartan3/p2l_des.vhd	7764	2026-08-14T05:59:33.017438+00:00	667fa4dfb6d175225a926da4ee51157d4c98e5fd436617d6b21d04b89dc2908b	vendor-or-firmware-source
week02/v01/vendor/wr-cores/ip_cores/gn4124-core/hdl/gn4124core/rtl/spartan6/Manifest.py	268	2026-08-14T05:59:33.019438+00:00	1074caca469f4d4fa38ed34040cfaba47b6053985856535aaad194444d416ac2	vendor-or-firmware-source
week02/v01/vendor/wr-cores/ip_cores/gn4124-core/hdl/gn4124core/rtl/spartan6/gn4124_core.vhd	32927	2026-08-14T05:59:33.021438+00:00	4a58886b63889d6030d419247c517ba57583b69bcad808170f7d60c68b5f423b	vendor-or-firmware-source
week02/v01/vendor/wr-cores/ip_cores/gn4124-core/hdl/gn4124core/rtl/spartan6/gn4124_core_pkg.vhd	11424	2026-08-14T05:59:33.023438+00:00	e2054635b44f26a5eeab2f55edb37aa50e56e41e2190b91d2cead2906d19be90	vendor-or-firmware-source
week02/v01/vendor/wr-cores/ip_cores/gn4124-core/hdl/gn4124core/rtl/spartan6/l2p_ser.vhd	7763	2026-08-14T05:59:33.024438+00:00	ccd21bb04f5d6c8b9642f0246c950ad8f9d3d3a829ae131d4d7bcaec0b6cc37b	vendor-or-firmware-source
week02/v01/vendor/wr-cores/ip_cores/gn4124-core/hdl/gn4124core/rtl/spartan6/p2l_des.vhd	6927	2026-08-14T05:59:33.025438+00:00	a8246f0803c7182bf185bfd50d4b53a82d1cf2548819d331abf6b96451577925	vendor-or-firmware-source
week02/v01/vendor/wr-cores/ip_cores/gn4124-core/hdl/gn4124core/rtl/spartan6/serdes_1_to_n_clk_pll_s2_diff.vhd	22920	2026-08-14T05:59:33.027438+00:00	66249bfe0a8bdbae0984c7cfd4cd4e8fd38e49246b9b64ce79b60656c0f74839	vendor-or-firmware-source
week02/v01/vendor/wr-cores/ip_cores/gn4124-core/hdl/gn4124core/rtl/spartan6/serdes_1_to_n_data_s2_se.vhd	22872	2026-08-14T05:59:33.029438+00:00	22ef3117a152280813a37d59f9cfba8b44376a4ec157f5507e7e04e2192c5d40	vendor-or-firmware-source
week02/v01/vendor/wr-cores/ip_cores/gn4124-core/hdl/gn4124core/rtl/spartan6/serdes_n_to_1_s2_diff.vhd	11029	2026-08-14T05:59:33.031438+00:00	d1f36946be4aad8e26ebce45dcf522d12e8d764c3985385cba261bd2fafe9851	vendor-or-firmware-source
week02/v01/vendor/wr-cores/ip_cores/gn4124-core/hdl/gn4124core/rtl/spartan6/serdes_n_to_1_s2_se.vhd	10915	2026-08-14T05:59:33.032438+00:00	aea39b1c2ae94e69422ebfba8b6c7d31445c784b44a3d557fee93cbb641853e5	vendor-or-firmware-source
week02/v01/vendor/wr-cores/ip_cores/gn4124-core/hdl/gn4124core/rtl/spartan6/xwb_gn4124_core.vhd	10287	2026-08-14T05:59:33.034438+00:00	d5b69028b3bb45f1c5f9c147f275f72d72ceb489e266c1b19b4c573a32bea1c8	vendor-or-firmware-source
week02/v01/vendor/wr-cores/ip_cores/gn4124-core/hdl/gn4124core/rtl/wbmaster32.vhd	21144	2026-08-14T05:59:33.036438+00:00	2c4ca0a2d9b88f140c53855dfc1376289cae62bb58c23b1219c617e35a002a2c	vendor-or-firmware-source
week02/v01/vendor/wr-cores/ip_cores/gn4124-core/hdl/gn4124core/sim/example_tb/Manifest.py	457	2026-08-14T05:59:33.040438+00:00	b6a34eb96e5430ca560fac045aad53067af5163d0c9d4effccb87ea694a799f8	vendor-or-firmware-source
week02/v01/vendor/wr-cores/ip_cores/gn4124-core/hdl/gn4124core/sim/example_tb/README.md	1118	2026-08-14T05:59:33.041438+00:00	e285adb7eff2c02f22253abec40df47b8ec9ce2c4148fc41b7e99a6cad7d46a6	vendor-or-firmware-source
week02/v01/vendor/wr-cores/ip_cores/gn4124-core/hdl/gn4124core/sim/example_tb/main.sv	5669	2026-08-14T05:59:33.043438+00:00	067369558dc067387f33a5977cca52a8286e347ba33d0d1ea4c98407f65ee808	vendor-or-firmware-source
week02/v01/vendor/wr-cores/ip_cores/gn4124-core/hdl/gn4124core/sim/gn4124_bfm/Manifest.py	91	2026-08-14T05:59:33.047438+00:00	7864e5354c3355ae465e4b74d7fc150ecc09dcb7c790ba45861735af743411de	vendor-or-firmware-source
week02/v01/vendor/wr-cores/ip_cores/gn4124-core/hdl/gn4124core/sim/gn4124_bfm/gn412x_bfm.vhd	128460	2026-08-14T05:59:33.052438+00:00	c4067416bf4e6d386b8c5ff514ec716443dbac1fd5a190162532c0a5a7ca9b5b	vendor-or-firmware-source
week02/v01/vendor/wr-cores/ip_cores/gn4124-core/hdl/gn4124core/sim/gn4124_bfm/mem_model.vhd	101892	2026-08-14T05:59:33.056438+00:00	9d29fc424b77b9b82a11a168cefe70c653c47426fc091582bbd09f586de3fec6	vendor-or-firmware-source
week02/v01/vendor/wr-cores/ip_cores/gn4124-core/hdl/gn4124core/sim/gn4124_bfm/textutil.vhd	21736	2026-08-14T05:59:33.058438+00:00	2a627f4f6d9f2ca3c5e4c77d79f1552fd51817399ed86e899ff9f360a85cb9ba	vendor-or-firmware-source
week02/v01/vendor/wr-cores/ip_cores/gn4124-core/hdl/gn4124core/sim/gn4124_bfm/util.vhd	22311	2026-08-14T05:59:33.059438+00:00	f3b368eb3ab0c343c2887d1331f65cee2d471b5de394c06bc57683090789313b	vendor-or-firmware-source
week02/v01/vendor/wr-cores/ip_cores/gn4124-core/hdl/spec_test/rtl/Manifest.py	96	2026-08-14T05:59:33.065438+00:00	76ead37d23d2ede142b6f69e1d0e2270b83687f2e82794293bcbac6e865ba16a	vendor-or-firmware-source
week02/v01/vendor/wr-cores/ip_cores/gn4124-core/hdl/spec_test/rtl/dummy_ctrl_regs.vhd	7652	2026-08-14T05:59:33.067438+00:00	9c88814b69ad8c7ad27d033997fe211ad9d52db5d9872779a059fe8e37d29aed	vendor-or-firmware-source
week02/v01/vendor/wr-cores/ip_cores/gn4124-core/hdl/spec_test/rtl/dummy_stat_regs.vhd	5704	2026-08-14T05:59:33.068438+00:00	ac9c6f78bce270ffadc72fa60cd83bef4d008cc0e320f8789ced9963023eaebc	vendor-or-firmware-source
week02/v01/vendor/wr-cores/ip_cores/gn4124-core/hdl/spec_test/rtl/wb_addr_decoder.vhd	8328	2026-08-14T05:59:33.069438+00:00	fd4f5562bfd782caa13643a8c12fd67b3def22e514578738c7b4f232903138ef	vendor-or-firmware-source
week02/v01/vendor/wr-cores/ip_cores/gn4124-core/hdl/spec_test/sim/Manifest.py	406	2026-08-14T05:59:33.076438+00:00	5d776bf84fba02a38e1863de811f82c0e0567019865dd10099d86d6bd2eb3763	vendor-or-firmware-source
week02/v01/vendor/wr-cores/ip_cores/gn4124-core/hdl/spec_test/sim/Test_Builder/cont_block_dma.c	9778	2026-08-14T05:59:33.079438+00:00	e768f48c4408cd7952c74d8c7ef3f45aa64b6d00cf415c03d76094b3cc04beb6	vendor-or-firmware-source
week02/v01/vendor/wr-cores/ip_cores/gn4124-core/hdl/spec_test/sim/Test_Builder/lambo.h	914	2026-08-14T05:59:33.080438+00:00	b4a0f029f3c2ac9feb5b7ad0c7e6c85914bc2096ad660635f2fa68a779b40018	vendor-or-firmware-source
week02/v01/vendor/wr-cores/ip_cores/gn4124-core/hdl/spec_test/sim/Test_Builder/lib/maketest.c	5751	2026-08-14T05:59:33.086438+00:00	1959c422127b701aaeb2946a546c58294872315a5fd4a4575646aace637c3585	vendor-or-firmware-source
week02/v01/vendor/wr-cores/ip_cores/gn4124-core/hdl/spec_test/sim/Test_Builder/lib/model.c	21029	2026-08-14T05:59:33.090438+00:00	4975eeb7e6ba87db2bc081a9df76fecdc49e27d98702c662d90c185d76d77e47	vendor-or-firmware-source
week02/v01/vendor/wr-cores/ip_cores/gn4124-core/hdl/spec_test/sim/Test_Builder/lib/vdma_seqcode.h	3471	2026-08-14T05:59:33.091438+00:00	218ff625a382d39ab0d11ec20179a38bc1e9edb6f2431697f0619db222b94afd	vendor-or-firmware-source
week02/v01/vendor/wr-cores/ip_cores/gn4124-core/hdl/spec_test/sim/Test_Builder/lib/vdma_seqcode_lib.c	12626	2026-08-14T05:59:33.093438+00:00	4f13dc58254fee4556bfc97a3049fa9c0622d5a76e86e56cadf90282d57ed3a4	vendor-or-firmware-source
week02/v01/vendor/wr-cores/ip_cores/gn4124-core/hdl/spec_test/sim/Test_Builder/lib/vdma_service.c	12176	2026-08-14T05:59:33.094438+00:00	8ffe3225ab84bd3e7c20555b9e2d6a0aadc71026ac9cfe46c98adcfb16ba9746	vendor-or-firmware-source
week02/v01/vendor/wr-cores/ip_cores/gn4124-core/hdl/spec_test/sim/Test_Builder/pfc_ddr_test.c	3959	2026-08-14T05:59:33.095438+00:00	c81191b7745004c747a373b81bfe68d9a22be6737b2777964f90126b0f1ae8a6	vendor-or-firmware-source
week02/v01/vendor/wr-cores/ip_cores/gn4124-core/hdl/spec_test/sim/Test_Builder/sg_dma.c	12790	2026-08-14T05:59:33.097438+00:00	5b42fbb61f1d75d184652514893eabf87b63a0f137afe4cf7a1a98eaa13def94	vendor-or-firmware-source
week02/v01/vendor/wr-cores/ip_cores/gn4124-core/hdl/spec_test/sim/Test_Builder/simple.c	3959	2026-08-14T05:59:33.099438+00:00	c81191b7745004c747a373b81bfe68d9a22be6737b2777964f90126b0f1ae8a6	vendor-or-firmware-source
week02/v01/vendor/wr-cores/ip_cores/gn4124-core/hdl/spec_test/sim/Test_Builder/simple.hex	0	2026-08-14T05:59:33.100438+00:00	e3b0c44298fc1c149afbf4c8996fb92427ae41e4649b934ca495991b7852b855	vendor-or-firmware-source
week02/v01/vendor/wr-cores/ip_cores/gn4124-core/hdl/spec_test/sim/Test_Builder/simple_dma.c	7925	2026-08-14T05:59:33.102438+00:00	26b1fa336bf530e8c212203f38a0b35a48ba174d54e21a62ad57f7552a411ddb	vendor-or-firmware-source
week02/v01/vendor/wr-cores/ip_cores/gn4124-core/hdl/spec_test/sim/Test_Builder/simple_dma.hex	1418	2026-08-14T05:59:33.103438+00:00	92b60cd5cf62ede3a757b29d190e783cd03d2b325e94a5e733877b4675fc4afc	vendor-or-firmware-source
week02/v01/vendor/wr-cores/ip_cores/gn4124-core/hdl/spec_test/sim/mk/cmd_router.mk	1	2026-08-14T05:59:33.132438+00:00	01ba4719c80b6fe911b091a7c05124b64eeece964e09c058ef8f9805daca546b	vendor-or-firmware-source
week02/v01/vendor/wr-cores/ip_cores/gn4124-core/hdl/spec_test/sim/mk/cmd_router1.mk	1	2026-08-14T05:59:33.136438+00:00	01ba4719c80b6fe911b091a7c05124b64eeece964e09c058ef8f9805daca546b	vendor-or-firmware-source
week02/v01/vendor/wr-cores/ip_cores/gn4124-core/hdl/spec_test/sim/mk/ddr3.mk	1	2026-08-14T05:59:33.137438+00:00	01ba4719c80b6fe911b091a7c05124b64eeece964e09c058ef8f9805daca546b	vendor-or-firmware-source
week02/v01/vendor/wr-cores/ip_cores/gn4124-core/hdl/spec_test/sim/mk/ddr3_ctrl.mk	1	2026-08-14T05:59:33.138438+00:00	01ba4719c80b6fe911b091a7c05124b64eeece964e09c058ef8f9805daca546b	vendor-or-firmware-source
week02/v01/vendor/wr-cores/ip_cores/gn4124-core/hdl/spec_test/sim/mk/ddr3_ctrl_wb.mk	1	2026-08-14T05:59:33.140438+00:00	01ba4719c80b6fe911b091a7c05124b64eeece964e09c058ef8f9805daca546b	vendor-or-firmware-source
week02/v01/vendor/wr-cores/ip_cores/gn4124-core/hdl/spec_test/sim/mk/ddr3_ctrl_wrapper.mk	1	2026-08-14T05:59:33.143438+00:00	01ba4719c80b6fe911b091a7c05124b64eeece964e09c058ef8f9805daca546b	vendor-or-firmware-source
week02/v01/vendor/wr-cores/ip_cores/gn4124-core/hdl/spec_test/sim/mk/ddr_ctrl_bank3.mk	1	2026-08-14T05:59:33.145437+00:00	01ba4719c80b6fe911b091a7c05124b64eeece964e09c058ef8f9805daca546b	vendor-or-firmware-source
week02/v01/vendor/wr-cores/ip_cores/gn4124-core/hdl/spec_test/sim/mk/dma_controller.mk	1	2026-08-14T05:59:33.147438+00:00	01ba4719c80b6fe911b091a7c05124b64eeece964e09c058ef8f9805daca546b	vendor-or-firmware-source
week02/v01/vendor/wr-cores/ip_cores/gn4124-core/hdl/spec_test/sim/mk/dma_controller_wb_slave.mk	1	2026-08-14T05:59:33.149437+00:00	01ba4719c80b6fe911b091a7c05124b64eeece964e09c058ef8f9805daca546b	vendor-or-firmware-source
week02/v01/vendor/wr-cores/ip_cores/gn4124-core/hdl/spec_test/sim/mk/fifo_32x512.mk	1	2026-08-14T05:59:33.151438+00:00	01ba4719c80b6fe911b091a7c05124b64eeece964e09c058ef8f9805daca546b	vendor-or-firmware-source
week02/v01/vendor/wr-cores/ip_cores/gn4124-core/hdl/spec_test/sim/mk/fifo_64x512.mk	1	2026-08-14T05:59:33.152437+00:00	01ba4719c80b6fe911b091a7c05124b64eeece964e09c058ef8f9805daca546b	vendor-or-firmware-source
week02/v01/vendor/wr-cores/ip_cores/gn4124-core/hdl/spec_test/sim/mk/gn4124_core.mk	1	2026-08-14T05:59:33.153437+00:00	01ba4719c80b6fe911b091a7c05124b64eeece964e09c058ef8f9805daca546b	vendor-or-firmware-source
week02/v01/vendor/wr-cores/ip_cores/gn4124-core/hdl/spec_test/sim/mk/gn4124_core_pkg.mk	1	2026-08-14T05:59:33.155437+00:00	01ba4719c80b6fe911b091a7c05124b64eeece964e09c058ef8f9805daca546b	vendor-or-firmware-source
week02/v01/vendor/wr-cores/ip_cores/gn4124-core/hdl/spec_test/sim/mk/gn412x_bfm.mk	1	2026-08-14T05:59:33.156437+00:00	01ba4719c80b6fe911b091a7c05124b64eeece964e09c058ef8f9805daca546b	vendor-or-firmware-source
week02/v01/vendor/wr-cores/ip_cores/gn4124-core/hdl/spec_test/sim/mk/gpio_regs.mk	1	2026-08-14T05:59:33.157438+00:00	01ba4719c80b6fe911b091a7c05124b64eeece964e09c058ef8f9805daca546b	vendor-or-firmware-source
week02/v01/vendor/wr-cores/ip_cores/gn4124-core/hdl/spec_test/sim/mk/iodrp_controller.mk	1	2026-08-14T05:59:33.160437+00:00	01ba4719c80b6fe911b091a7c05124b64eeece964e09c058ef8f9805daca546b	vendor-or-firmware-source
week02/v01/vendor/wr-cores/ip_cores/gn4124-core/hdl/spec_test/sim/mk/iodrp_mcb_controller.mk	1	2026-08-14T05:59:33.162437+00:00	01ba4719c80b6fe911b091a7c05124b64eeece964e09c058ef8f9805daca546b	vendor-or-firmware-source
week02/v01/vendor/wr-cores/ip_cores/gn4124-core/hdl/spec_test/sim/mk/l2p_arbiter.mk	1	2026-08-14T05:59:33.164438+00:00	01ba4719c80b6fe911b091a7c05124b64eeece964e09c058ef8f9805daca546b	vendor-or-firmware-source
week02/v01/vendor/wr-cores/ip_cores/gn4124-core/hdl/spec_test/sim/mk/l2p_dma_master.mk	1	2026-08-14T05:59:33.168437+00:00	01ba4719c80b6fe911b091a7c05124b64eeece964e09c058ef8f9805daca546b	vendor-or-firmware-source
week02/v01/vendor/wr-cores/ip_cores/gn4124-core/hdl/spec_test/sim/mk/l2p_ser.mk	1	2026-08-14T05:59:33.169437+00:00	01ba4719c80b6fe911b091a7c05124b64eeece964e09c058ef8f9805daca546b	vendor-or-firmware-source
week02/v01/vendor/wr-cores/ip_cores/gn4124-core/hdl/spec_test/sim/mk/mcb_raw_wrapper.mk	1	2026-08-14T05:59:33.170437+00:00	01ba4719c80b6fe911b091a7c05124b64eeece964e09c058ef8f9805daca546b	vendor-or-firmware-source
week02/v01/vendor/wr-cores/ip_cores/gn4124-core/hdl/spec_test/sim/mk/mcb_soft_calibration.mk	1	2026-08-14T05:59:33.172437+00:00	01ba4719c80b6fe911b091a7c05124b64eeece964e09c058ef8f9805daca546b	vendor-or-firmware-source
week02/v01/vendor/wr-cores/ip_cores/gn4124-core/hdl/spec_test/sim/mk/mcb_soft_calibration_top.mk	1	2026-08-14T05:59:33.173437+00:00	01ba4719c80b6fe911b091a7c05124b64eeece964e09c058ef8f9805daca546b	vendor-or-firmware-source
week02/v01/vendor/wr-cores/ip_cores/gn4124-core/hdl/spec_test/sim/mk/mem_model.mk	1	2026-08-14T05:59:33.175437+00:00	01ba4719c80b6fe911b091a7c05124b64eeece964e09c058ef8f9805daca546b	vendor-or-firmware-source
week02/v01/vendor/wr-cores/ip_cores/gn4124-core/hdl/spec_test/sim/mk/memc3_infrastructure.mk	1	2026-08-14T05:59:33.177437+00:00	01ba4719c80b6fe911b091a7c05124b64eeece964e09c058ef8f9805daca546b	vendor-or-firmware-source
week02/v01/vendor/wr-cores/ip_cores/gn4124-core/hdl/spec_test/sim/mk/memc3_wrapper.mk	1	2026-08-14T05:59:33.178437+00:00	01ba4719c80b6fe911b091a7c05124b64eeece964e09c058ef8f9805daca546b	vendor-or-firmware-source
week02/v01/vendor/wr-cores/ip_cores/gn4124-core/hdl/spec_test/sim/mk/p2l_decode32.mk	1	2026-08-14T05:59:33.179437+00:00	01ba4719c80b6fe911b091a7c05124b64eeece964e09c058ef8f9805daca546b	vendor-or-firmware-source
week02/v01/vendor/wr-cores/ip_cores/gn4124-core/hdl/spec_test/sim/mk/p2l_des.mk	1	2026-08-14T05:59:33.180437+00:00	01ba4719c80b6fe911b091a7c05124b64eeece964e09c058ef8f9805daca546b	vendor-or-firmware-source
week02/v01/vendor/wr-cores/ip_cores/gn4124-core/hdl/spec_test/sim/mk/p2l_dma_master.mk	1	2026-08-14T05:59:33.181437+00:00	01ba4719c80b6fe911b091a7c05124b64eeece964e09c058ef8f9805daca546b	vendor-or-firmware-source
week02/v01/vendor/wr-cores/ip_cores/gn4124-core/hdl/spec_test/sim/mk/serdes_1_to_n_clk_pll_s2_diff.mk	1	2026-08-14T05:59:33.183437+00:00	01ba4719c80b6fe911b091a7c05124b64eeece964e09c058ef8f9805daca546b	vendor-or-firmware-source
week02/v01/vendor/wr-cores/ip_cores/gn4124-core/hdl/spec_test/sim/mk/serdes_1_to_n_data_s2_se.mk	1	2026-08-14T05:59:33.184437+00:00	01ba4719c80b6fe911b091a7c05124b64eeece964e09c058ef8f9805daca546b	vendor-or-firmware-source
week02/v01/vendor/wr-cores/ip_cores/gn4124-core/hdl/spec_test/sim/mk/serdes_n_to_1_s2_diff.mk	1	2026-08-14T05:59:33.185437+00:00	01ba4719c80b6fe911b091a7c05124b64eeece964e09c058ef8f9805daca546b	vendor-or-firmware-source
week02/v01/vendor/wr-cores/ip_cores/gn4124-core/hdl/spec_test/sim/mk/serdes_n_to_1_s2_se.mk	1	2026-08-14T05:59:33.186437+00:00	01ba4719c80b6fe911b091a7c05124b64eeece964e09c058ef8f9805daca546b	vendor-or-firmware-source
week02/v01/vendor/wr-cores/ip_cores/gn4124-core/hdl/spec_test/sim/mk/spec_ddr_test.mk	1	2026-08-14T05:59:33.187437+00:00	01ba4719c80b6fe911b091a7c05124b64eeece964e09c058ef8f9805daca546b	vendor-or-firmware-source
week02/v01/vendor/wr-cores/ip_cores/gn4124-core/hdl/spec_test/sim/mk/tb_spec.mk	1	2026-08-14T05:59:33.188437+00:00	01ba4719c80b6fe911b091a7c05124b64eeece964e09c058ef8f9805daca546b	vendor-or-firmware-source
week02/v01/vendor/wr-cores/ip_cores/gn4124-core/hdl/spec_test/sim/mk/textutil.mk	1	2026-08-14T05:59:33.190437+00:00	01ba4719c80b6fe911b091a7c05124b64eeece964e09c058ef8f9805daca546b	vendor-or-firmware-source
week02/v01/vendor/wr-cores/ip_cores/gn4124-core/hdl/spec_test/sim/mk/util.mk	1	2026-08-14T05:59:33.191437+00:00	01ba4719c80b6fe911b091a7c05124b64eeece964e09c058ef8f9805daca546b	vendor-or-firmware-source
week02/v01/vendor/wr-cores/ip_cores/gn4124-core/hdl/spec_test/sim/mk/wbmaster32.mk	1	2026-08-14T05:59:33.192437+00:00	01ba4719c80b6fe911b091a7c05124b64eeece964e09c058ef8f9805daca546b	vendor-or-firmware-source
week02/v01/vendor/wr-cores/ip_cores/gn4124-core/hdl/spec_test/sim/testbench/Manifest.py	155	2026-08-14T05:59:33.197437+00:00	b056f550943dfdbdbcb51d6b2db37fc410f593200ca3cfb78093785d3ba894cc	vendor-or-firmware-source
week02/v01/vendor/wr-cores/ip_cores/gn4124-core/hdl/spec_test/sim/testbench/cmd_router.vhd	6701	2026-08-14T05:59:33.198437+00:00	6bbd04ef80db9aca6c338e003b1474ba346bbb463098449b1298462e9638738b	vendor-or-firmware-source
week02/v01/vendor/wr-cores/ip_cores/gn4124-core/hdl/spec_test/sim/testbench/cmd_router1.vhd	9792	2026-08-14T05:59:33.199437+00:00	8c38ba7d8d3818127c46a8186379513392ffa59c96a7b5ce37be65473b3344d1	vendor-or-firmware-source
week02/v01/vendor/wr-cores/ip_cores/gn4124-core/hdl/spec_test/sim/testbench/gn412x_bfm.vhd	110580	2026-08-14T05:59:33.203437+00:00	0a7f7683eacd22e3b081ed629ca940f89b69c4a30b68ef2eb1827202bda9240b	vendor-or-firmware-source
week02/v01/vendor/wr-cores/ip_cores/gn4124-core/hdl/spec_test/sim/testbench/mem_model.vhd	101991	2026-08-14T05:59:33.205437+00:00	2dec75d084da5213063aadff48b3adeec1f2f54474bc1da827a7763db6de5814	vendor-or-firmware-source
week02/v01/vendor/wr-cores/ip_cores/gn4124-core/hdl/spec_test/sim/testbench/tb_lambo.vhd	29040	2026-08-14T05:59:33.207437+00:00	0e492318fad433f63507a27c4173af7d0b055052e3f05ea8af6d235981413517	vendor-or-firmware-source
week02/v01/vendor/wr-cores/ip_cores/gn4124-core/hdl/spec_test/sim/testbench/tb_pfc.vhd	34158	2026-08-14T05:59:33.210437+00:00	4e2574d521139279d0fe57e6844333233d0b49f85d97f2f2a3a90be5af2c9e2d	vendor-or-firmware-source
week02/v01/vendor/wr-cores/ip_cores/gn4124-core/hdl/spec_test/sim/testbench/tb_spec.vhd	20670	2026-08-14T05:59:33.211437+00:00	953349a9fae25cbbd815ca7e5b4b93b72e1e19eca7b4595a4067230a32139204	vendor-or-firmware-source
week02/v01/vendor/wr-cores/ip_cores/gn4124-core/hdl/spec_test/sim/testbench/textutil.vhd	21736	2026-08-14T05:59:33.213437+00:00	2a627f4f6d9f2ca3c5e4c77d79f1552fd51817399ed86e899ff9f360a85cb9ba	vendor-or-firmware-source
week02/v01/vendor/wr-cores/ip_cores/gn4124-core/hdl/spec_test/sim/testbench/util.vhd	22253	2026-08-14T05:59:33.214437+00:00	3cc69748cb8e4dfbba078d44c18f34db3301dd81206a0818429e80eb42996e33	vendor-or-firmware-source
week02/v01/vendor/wr-cores/ip_cores/gn4124-core/hdl/spec_test/syn/Manifest.py	453	2026-08-14T05:59:33.225437+00:00	7960fc7c8023b08ab1106b40178e62fcc3c7f1719c16ab77fedf9a86fa02f810	vendor-or-firmware-source
week02/v01/vendor/wr-cores/ip_cores/gn4124-core/hdl/spec_test/top/Manifest.py	33	2026-08-14T05:59:33.230437+00:00	d7b48736bcf5bfd43bb5ae2ad460fd5528ffc513e4f840a13068c2865c12a51a	vendor-or-firmware-source
week02/v01/vendor/wr-cores/ip_cores/gn4124-core/hdl/spec_test/top/spec_gn4124_test.vhd	21088	2026-08-14T05:59:33.232437+00:00	6aecd2527a69b35ccdad4d12be28c9836fb0044ee1e974ee922b8e923929976d	vendor-or-firmware-source
week02/v01/vendor/wr-cores/ip_cores/urv-core/Manifest.py	51	2026-08-14T05:59:33.876433+00:00	6684bb4845ecbb99e3b04e29ff3071764e609e885463207b49fc6907fe121710	vendor-or-firmware-source
week02/v01/vendor/wr-cores/ip_cores/urv-core/rtl/Manifest.py	413	2026-08-14T05:59:33.879433+00:00	d901a53c6d17df043660dbd16b1a831fa31a9b4e7c677f00c4fbfd3537ea8613	vendor-or-firmware-source
week02/v01/vendor/wr-cores/ip_cores/urv-core/rtl/urv_config.v	1435	2026-08-14T05:59:33.880433+00:00	5acfe18d17ea579b65b68ff35eec9354aee7585ae97061c47baadc4fae8bbfd4	vendor-or-firmware-source
week02/v01/vendor/wr-cores/ip_cores/urv-core/rtl/urv_cpu.v	12985	2026-08-14T05:59:33.882433+00:00	e49f6fffa341f29e76066abd5d4d494eba6e80f056b1ce9e64f1b993f7a3b22c	vendor-or-firmware-source
week02/v01/vendor/wr-cores/ip_cores/urv-core/rtl/urv_csr.v	4374	2026-08-14T05:59:33.884433+00:00	0af3fa62f5d896421430da1fa96f4e4384f3e61c32667c0a685b4f256fb37440	vendor-or-firmware-source
week02/v01/vendor/wr-cores/ip_cores/urv-core/rtl/urv_debug.v	3914	2026-08-14T05:59:33.885433+00:00	c68c887c2984e630299b1fad13871a18da7d62fdd907cc3cbc12700cf9e40797	vendor-or-firmware-source
week02/v01/vendor/wr-cores/ip_cores/urv-core/rtl/urv_decode.v	10839	2026-08-14T05:59:33.887433+00:00	d570122482fb3bdcbb4affa8978838635a490744a24156a3ed8d4d28587252f0	vendor-or-firmware-source
week02/v01/vendor/wr-cores/ip_cores/urv-core/rtl/urv_defs.v	3978	2026-08-14T05:59:33.888433+00:00	b6bc82eb809b508c7c7add5216c4ba2e7148f9bd2773768e71c09a4c09dafd88	vendor-or-firmware-source
week02/v01/vendor/wr-cores/ip_cores/urv-core/rtl/urv_divide.v	4004	2026-08-14T05:59:33.890433+00:00	55583415ed8652a6498642226ae13b6b8b52c668cd4019a8ed1c5421fb8ee65d	vendor-or-firmware-source
week02/v01/vendor/wr-cores/ip_cores/urv-core/rtl/urv_ecc.v	1825	2026-08-14T05:59:33.891433+00:00	90e8fad1529640cf928d133e8f3a2def27472706f1afaad1f41fa7d20bed0f89	vendor-or-firmware-source
week02/v01/vendor/wr-cores/ip_cores/urv-core/rtl/urv_exceptions.v	3992	2026-08-14T05:59:33.893433+00:00	048b28a4064922f7e39ee35d3c308ca6130f8bb98b8139fdcad56dd430de4657	vendor-or-firmware-source
week02/v01/vendor/wr-cores/ip_cores/urv-core/rtl/urv_exec.v	15649	2026-08-14T05:59:33.894433+00:00	43f668003544c8ffaed529c68cfe30138ce19f88a462d56bba2e7084b10ef171	vendor-or-firmware-source
week02/v01/vendor/wr-cores/ip_cores/urv-core/rtl/urv_fetch.v	5776	2026-08-14T05:59:33.895433+00:00	4630a3bfb9ee32711ace8438cc950e3a436de1ab5cecb4d2d5a959203222d87a	vendor-or-firmware-source
week02/v01/vendor/wr-cores/ip_cores/urv-core/rtl/urv_iram.v	12223	2026-08-14T05:59:33.897433+00:00	c67461f94b59e1ba96972be145699815da69712c0792b4910cb0b4242c4c766d	vendor-or-firmware-source
week02/v01/vendor/wr-cores/ip_cores/urv-core/rtl/urv_multiply.v	6583	2026-08-14T05:59:33.899433+00:00	5f4f26d815aca90a7f5a646821008a8973db590f584976adb5cffbf618ea8664	vendor-or-firmware-source
week02/v01/vendor/wr-cores/ip_cores/urv-core/rtl/urv_pkg.vhd	2532	2026-08-14T05:59:33.900433+00:00	cce775c30a488de0752843467283b30d0ee72783573b652cc6ea12111e5e76e9	vendor-or-firmware-source
week02/v01/vendor/wr-cores/ip_cores/urv-core/rtl/urv_regfile.v	5706	2026-08-14T05:59:33.902433+00:00	c2b01528bb1af8601e02ecc41b84266407a0a5812aa53a3d61eb1c4c418a09a3	vendor-or-firmware-source
week02/v01/vendor/wr-cores/ip_cores/urv-core/rtl/urv_shifter.v	2999	2026-08-14T05:59:33.903433+00:00	6d2208c8ea2eec79bb397d7a4119c1cdee51630f7eee2ee8ff310df2779bbb42	vendor-or-firmware-source
week02/v01/vendor/wr-cores/ip_cores/urv-core/rtl/urv_timer.v	2311	2026-08-14T05:59:33.904433+00:00	aa5689ac416864e2c373602ff7fea0e73dea3cf0b56a40c081f97c933a5613ff	vendor-or-firmware-source
week02/v01/vendor/wr-cores/ip_cores/urv-core/rtl/urv_writeback.v	4680	2026-08-14T05:59:33.906433+00:00	31d797d19a351b900c6a184d37b1469190a67075d6620009b8b375a51ed37312	vendor-or-firmware-source
week02/v01/vendor/wr-cores/ip_cores/urv-core/rtl/xurv_core.vhd	8840	2026-08-14T05:59:33.908433+00:00	b42cbcecafa7021b9c321e3461ce13f36ff1335dae35739f173200b8881faac1	vendor-or-firmware-source
week02/v01/vendor/wr-cores/ip_cores/urv-core/sw/Makefile	890	2026-08-14T05:59:33.910433+00:00	b714bb79c7638cd3b9ab3b610d6f7b9c9b4d56ad2ed1827ec9edd79f1dc479d7	vendor-or-firmware-source
week02/v01/vendor/wr-cores/ip_cores/urv-core/sw/common/board.h	1157	2026-08-14T05:59:33.914433+00:00	70044605df86b6bbde0b633afed3364c3ae15324bbf9999770e5bbf016a2f7f1	vendor-or-firmware-source
week02/v01/vendor/wr-cores/ip_cores/urv-core/sw/common/emulate.c	1436	2026-08-14T05:59:33.920433+00:00	fff7b8289339216c53e2b31871b3ca44357e632b1ba077c258b0c7eb15988527	vendor-or-firmware-source
week02/v01/vendor/wr-cores/ip_cores/urv-core/sw/common/hw/wb_uart.h	2688	2026-08-14T05:59:33.922433+00:00	aea8f48da906f9aa76611a5a21cb10fcf401b2a0043b42d68f7c2383f0be6ebc	vendor-or-firmware-source
week02/v01/vendor/wr-cores/ip_cores/urv-core/sw/common/pp-printf.h	446	2026-08-14T05:59:33.925433+00:00	93b637a1deb663d6d5992db4dae0668fd5884d8d348465a2351180e205c75e8b	vendor-or-firmware-source
week02/v01/vendor/wr-cores/ip_cores/urv-core/sw/common/printf.c	746	2026-08-14T05:59:33.927433+00:00	3f4bb4b1a26cd452df02009d6a04a2e1b633ef18cff01593a95d10fa7eed7e93	vendor-or-firmware-source
week02/v01/vendor/wr-cores/ip_cores/urv-core/sw/common/riscv.h	1029	2026-08-14T05:59:33.931433+00:00	c23988d28d3ff0bc870ec38abead1efc3bd79d4f77e015352d009e9f14e80924	vendor-or-firmware-source
week02/v01/vendor/wr-cores/ip_cores/urv-core/sw/common/test-common.c	436	2026-08-14T05:59:33.932433+00:00	02c269b8d7ce2e45d4db8f3d2d155dd8d5138a33c7f45514c6a3a4dbbdedcf57	vendor-or-firmware-source
week02/v01/vendor/wr-cores/ip_cores/urv-core/sw/common/uart.c	1572	2026-08-14T05:59:33.934433+00:00	4d1ac58dc1805b70cb27ef503ab8f4353df984d3f2d635e0290f139df267ecbe	vendor-or-firmware-source
week02/v01/vendor/wr-cores/ip_cores/urv-core/sw/common/uart.h	1026	2026-08-14T05:59:33.935433+00:00	bf35d657ba83a3f5b14578627efbf71e98483a9875fe8c196f254deda6ef237a	vendor-or-firmware-source
week02/v01/vendor/wr-cores/ip_cores/urv-core/sw/common/vsprintf-xint.c	2027	2026-08-14T05:59:33.938433+00:00	05b49a109bf55cc5110ee5eeea89eb314afdc5e425e2f003b35854b721abcc77	vendor-or-firmware-source
week02/v01/vendor/wr-cores/ip_cores/urv-core/sw/coremark/Makefile	1294	2026-08-14T05:59:33.942433+00:00	dc68e4f111ff8acf3c4d90a2c77c368e66c89af57be49f4aee55cfacd534bcc5	vendor-or-firmware-source
week02/v01/vendor/wr-cores/ip_cores/urv-core/sw/coremark/main.c	346	2026-08-14T05:59:33.943433+00:00	f1c022bc29c2644ac720cbafa4f0d60445da0fa847c2325f183b6699a46b42bc	vendor-or-firmware-source
week02/v01/vendor/wr-cores/ip_cores/urv-core/sw/genmeminit.c	879	2026-08-14T05:59:33.946433+00:00	a1f13ff56d76356511e199dca28cd733428dd94045529d451db9398e7f045628	vendor-or-firmware-source
week02/v01/vendor/wr-cores/ip_cores/urv-core/sw/genraminit.c	873	2026-08-14T05:59:33.947433+00:00	4eee1bb557b063ea4fe4ab7fa03f2b9208a777fd9ef83fe9f1a7e788b3e5c276	vendor-or-firmware-source
week02/v01/vendor/wr-cores/ip_cores/urv-core/sw/hello/Makefile	1311	2026-08-14T05:59:33.951433+00:00	0ba6c4ef1704137cc7ceca4366aa49dc54a76994364581a2812d004ece31f19a	vendor-or-firmware-source
week02/v01/vendor/wr-cores/ip_cores/urv-core/sw/hello/main.c	1511	2026-08-14T05:59:33.952433+00:00	5379fb1428c2bbc038e57deae4b3d49f617a0428540aa7057ac79f9fa5fe678a	vendor-or-firmware-source
week02/v01/vendor/wr-cores/ip_cores/urv-core/sw/main.c	195	2026-08-14T05:59:33.954433+00:00	d8ef45d8a822a7bab5bc3c4cab87f9186c2639422005e25b09cdf857215c4593	vendor-or-firmware-source
week02/v01/vendor/wr-cores/ip_cores/urv-core/sw/test1/Makefile	911	2026-08-14T05:59:33.958433+00:00	f8f9ad235f366ddca9d75a51c3cf4edf8cc303bd8b5e643f44c50d55e01747ec	vendor-or-firmware-source
week02/v01/vendor/wr-cores/ip_cores/urv-core/sw/test2/Makefile	957	2026-08-14T05:59:33.961433+00:00	97d7e632556a1e212ee939c036393353b208ca68b89d881e66ab3ba81feeca22	vendor-or-firmware-source
week02/v01/vendor/wr-cores/ip_cores/urv-core/sw/test2/genraminit.c	674	2026-08-14T05:59:33.964433+00:00	641ee595a11cec75fbb47cb8e2c503d7af8996d37de2ae25f66b5d4c0d47944a	vendor-or-firmware-source
week02/v01/vendor/wr-cores/ip_cores/urv-core/sw/test2/main.c	4119	2026-08-14T05:59:33.966433+00:00	19c374aff50409c441ce2384201c7c4775a8cac0b1727972f2293295788e5ce2	vendor-or-firmware-source
week02/v01/vendor/wr-cores/ip_cores/urv-core/sw/test_irq/Makefile	892	2026-08-14T05:59:33.970433+00:00	368613afe4c46b9cda64795be1da8a88a735794dcf750576560ab2daa7070d2d	vendor-or-firmware-source
week02/v01/vendor/wr-cores/ip_cores/urv-core/sw/test_irq/test_irq.c	708	2026-08-14T05:59:33.972433+00:00	950af1ff15f736a42bd6e1672c14c6c04a436c265f3912814023037f857dae47	vendor-or-firmware-source
week02/v01/vendor/wr-cores/ip_cores/urv-core/sw/testsuite/benchmarks/common/encoding.h	31573	2026-08-14T05:59:33.977433+00:00	fe5c2054cd87c79eea020e59831c48fa34990c84b2c443b87cc6d2be4f019a8e	vendor-or-firmware-source
week02/v01/vendor/wr-cores/ip_cores/urv-core/sw/testsuite/benchmarks/common/syscalls.c	305	2026-08-14T05:59:33.978433+00:00	96a4ec02af13239353439bf32073a6bc2a02dfb28a9fd7a87d79cbfff88b65b3	vendor-or-firmware-source
week02/v01/vendor/wr-cores/ip_cores/urv-core/sw/testsuite/benchmarks/common/util.h	3165	2026-08-14T05:59:33.980433+00:00	bae51084126d0b91b3f41ffb81a21fb2195ef06f6a29b8b20a505312aeb86099	vendor-or-firmware-source
week02/v01/vendor/wr-cores/ip_cores/urv-core/sw/testsuite/benchmarks/dhrystone/Makefile	1014	2026-08-14T05:59:33.982433+00:00	9330c51f86066e459c52f438a57fb83778d7a9b4049467bd64153f2a9db52f61	vendor-or-firmware-source
week02/v01/vendor/wr-cores/ip_cores/urv-core/sw/testsuite/benchmarks/dhrystone/bmark.mk	1134	2026-08-14T05:59:33.984433+00:00	592ad9c162f47079db57c86b559146ef57d73e7568772fb0a7880191d05793b2	vendor-or-firmware-source
week02/v01/vendor/wr-cores/ip_cores/urv-core/sw/testsuite/benchmarks/dhrystone/dhrystone.c	4866	2026-08-14T05:59:33.985433+00:00	9d06e353da0365e3d7853a7a02de1659b8dae89c2bf99280bd197a2796a32841	vendor-or-firmware-source
week02/v01/vendor/wr-cores/ip_cores/urv-core/sw/testsuite/benchmarks/dhrystone/dhrystone.h	19501	2026-08-14T05:59:33.989433+00:00	ce352c9c48decdb6f7ca79f9c18ea5a5b8be08eea2dd368a7cfb0d653aee4452	vendor-or-firmware-source
week02/v01/vendor/wr-cores/ip_cores/urv-core/sw/testsuite/benchmarks/dhrystone/dhrystone_main.c	11574	2026-08-14T05:59:33.991433+00:00	e5e434b9aad8eb266c966163c57097ab400c7528e1edc4bb50c12e61506d3421	vendor-or-firmware-source
week02/v01/vendor/wr-cores/ip_cores/urv-core/sw/testsuite/env/encoding.h	31618	2026-08-14T05:59:33.995433+00:00	c731a32dfdb4114a10a463fb07f45232c54dc815581aaf67a6830ec9f4227304	vendor-or-firmware-source
week02/v01/vendor/wr-cores/ip_cores/urv-core/sw/testsuite/env/hwacha_xcpt.h	1060	2026-08-14T05:59:33.997432+00:00	41e5d02ebe409a0e8b15fa428e86b2909e9b51fa68e91cc5e9a6e983ded665b8	vendor-or-firmware-source
week02/v01/vendor/wr-cores/ip_cores/urv-core/sw/testsuite/env/p/riscv_test.h	5711	2026-08-14T05:59:34.001432+00:00	9595123948f8c314c65e54868d3e7e273641661ddfda84248468a18e7cd33c8d	vendor-or-firmware-source
week02/v01/vendor/wr-cores/ip_cores/urv-core/sw/testsuite/env/pm/riscv_test.h	209	2026-08-14T05:59:34.003433+00:00	c8fd52069026194e2b0d6673f67651667df86b9d3d0074c6e08256aa07d41351	vendor-or-firmware-source
week02/v01/vendor/wr-cores/ip_cores/urv-core/sw/testsuite/env/pt/riscv_test.h	10036	2026-08-14T05:59:34.006433+00:00	f81bb25a75ece1bc7e66212d096835159bf80fc7a63f14d4d1ae8408f6217e22	vendor-or-firmware-source
week02/v01/vendor/wr-cores/ip_cores/urv-core/sw/testsuite/env/v/riscv_test.h	4103	2026-08-14T05:59:34.010432+00:00	a9f71b5d97b44d292c97511a089ce70b82076df5ec1df8f592ac43abc9e3e221	vendor-or-firmware-source
week02/v01/vendor/wr-cores/ip_cores/urv-core/sw/testsuite/env/v/vm.c	6804	2026-08-14T05:59:34.012432+00:00	d3ae48444c91d1a4724913010631669310524ecd253effc497c933259d0dc475	vendor-or-firmware-source
week02/v01/vendor/wr-cores/ip_cores/urv-core/sw/testsuite/isa/Makefile	2829	2026-08-14T05:59:34.015432+00:00	e104607d60234a43f0e996c6bc173c02a03bd3f5ccc65e728e681d303b066143	vendor-or-firmware-source
week02/v01/vendor/wr-cores/ip_cores/urv-core/sw/testsuite/isa/macros/scalar/test_macros.h	19580	2026-08-14T05:59:34.018432+00:00	11b24c81f2608aa80a3439d70758f51437b50537cc4458fa01f61346cbd74e25	vendor-or-firmware-source
week02/v01/vendor/wr-cores/ip_cores/urv-core/sw/testsuite/isa/macros/vector/test_macros.h	16622	2026-08-14T05:59:34.021432+00:00	949b672363f4d5017facf5360ad08c286867f2686c24a75e08847e9d768225d7	vendor-or-firmware-source
week02/v01/vendor/wr-cores/ip_cores/urv-core/sw/testsuite/isa/rv64uv/data_d.h	106532	2026-08-14T05:59:34.516429+00:00	ccd785010576ec0966e7a2bcf35f6dc5e61b10ccd6d35548bdd40abfbdd8aa72	vendor-or-firmware-source
week02/v01/vendor/wr-cores/ip_cores/urv-core/sw/testsuite/isa/rv64uv/data_fd.h	108525	2026-08-14T05:59:34.521430+00:00	902acaa5ff1eb8b223200f6a21012ce804b9edcbfd0f03818c564e45d0103f15	vendor-or-firmware-source
week02/v01/vendor/wr-cores/ip_cores/urv-core/sw/testsuite/isa/rv64uv/data_fw.h	99211	2026-08-14T05:59:34.527429+00:00	f0642ec454d8c32c007ef248cd2bf268a3674d80d2b9b05afcdb3a6bbe122f3b	vendor-or-firmware-source
week02/v01/vendor/wr-cores/ip_cores/urv-core/sw/testsuite/isa/rv64uv/data_w.h	278573	2026-08-14T05:59:34.536429+00:00	742bceb440f2c8074b5ddeab51b4ef00b30b62101c104a278b3cdabfc7ceade1	vendor-or-firmware-source
week02/v01/vendor/wr-cores/ip_cores/urv-core/sw/testsuite/isa/urv/urv_asm.h	153	2026-08-14T05:59:34.947427+00:00	d588b7a255e2d1165859ed54bdf0b598008fa64535a71dc831258cc015342ef2	vendor-or-firmware-source
week02/v01/vendor/wr-cores/ip_cores/urv-core/sw/uart-bootloader.py	1031	2026-08-14T05:59:34.949427+00:00	a933226375b9ffd9bbb17e50e245661dd8669e4cdd0a20c0af044721be161aee	vendor-or-firmware-source
week02/v01/vendor/wr-cores/ip_cores/urv-core/sw/uart_bootloader/Makefile	1325	2026-08-14T05:59:34.951427+00:00	4ce9eec1425c7e0d97a2562749325f0ec61362dc0d77e29910286e443fdc4c25	vendor-or-firmware-source
week02/v01/vendor/wr-cores/ip_cores/urv-core/sw/uart_bootloader/boot.c	1707	2026-08-14T05:59:34.952427+00:00	08d90ad4259e658a318ca4541ff45a543d1ea25ac6c2a91ff4a2fe84f0489503	vendor-or-firmware-source
week02/v01/vendor/wr-cores/ip_cores/urv-core/syn/spec/Manifest.py	275	2026-08-14T05:59:34.981427+00:00	652643c65f51b504dc73d6f030c58002256d5afa3d3ffa2ba61270942f348d28	vendor-or-firmware-source
week02/v01/vendor/wr-cores/ip_cores/urv-core/tb/cpu/Manifest.py	310	2026-08-14T05:59:34.998427+00:00	aaa9e2e04466c086087edfebf15261bbb4558e01570fd10c9c52c69cc4cc70b3	vendor-or-firmware-source
week02/v01/vendor/wr-cores/ip_cores/urv-core/tb/cpu/main.sv	13585	2026-08-14T05:59:35.000427+00:00	2c1e015d6503e2ae46ad538fe1f5cbd982c4c36d86f8fd3aab2139a649186ece	vendor-or-firmware-source
week02/v01/vendor/wr-cores/ip_cores/urv-core/tb/debug/Manifest.py	250	2026-08-14T05:59:35.006427+00:00	87be515711f2effc99cc7d4dd80b026e1e7fb250d357b91bde0f22954eba2ca1	vendor-or-firmware-source
week02/v01/vendor/wr-cores/ip_cores/urv-core/tb/debug/app1.c	377	2026-08-14T05:59:35.007427+00:00	e5959ff1c811fde5edb89b2323aa27b854bffe070850c22e20b7dd101edf6337	vendor-or-firmware-source
week02/v01/vendor/wr-cores/ip_cores/urv-core/tb/debug/main.sv	16879	2026-08-14T05:59:35.011426+00:00	939ebed31b6644f8a3924ec3672d51a3a9fe254cc1c30d411e769bbc3b96803a	vendor-or-firmware-source
week02/v01/vendor/wr-cores/ip_cores/urv-core/tb/isa-testsuite/Manifest.py	324	2026-08-14T05:59:35.020427+00:00	46af6b9c169e9b056357a4d037e8a12cf1a24339e836c3a743f813853c206087	vendor-or-firmware-source
week02/v01/vendor/wr-cores/ip_cores/urv-core/tb/isa-testsuite/main.sv	9733	2026-08-14T05:59:35.022426+00:00	003b6b30aee70e66d93f553cd62bd9fed45f8e04d2974d18476399af8306cab6	vendor-or-firmware-source
week02/v01/vendor/wr-cores/ip_cores/urv-core/top/spec/Manifest.py	235	2026-08-14T05:59:35.028426+00:00	75c0f4c73100962c22ed53b5c279397d7c5fa8ade5920348ae85d8db21e82613	vendor-or-firmware-source
week02/v01/vendor/wr-cores/ip_cores/urv-core/top/spec/reset_gen.vhd	1205	2026-08-14T05:59:35.029426+00:00	0cc708c14976923ef0c4b5d78646dfdcd4ed1f0600156ce3f84e12c676babe00	vendor-or-firmware-source
week02/v01/vendor/wr-cores/ip_cores/urv-core/top/spec/spec_top.vhd	7386	2026-08-14T05:59:35.032426+00:00	f3c2ef3472a1fa6ca70cba1ed5eec217949c179fc0d7401da45ea5e138a5a7cd	vendor-or-firmware-source
week02/v01/vendor/wr-cores/ip_cores/vme64x-core/Manifest.py	34	2026-08-14T06:03:55.816890+00:00	9cb303a2e10fe05110d66772d0037abeab118d440a914ca366510385286b1349	vendor-or-firmware-source
week02/v01/vendor/wr-cores/ip_cores/vme64x-core/doc/Makefile	239	2026-08-14T06:03:55.818890+00:00	4785f9b3ba38a869ff2fe0a32b23a25295665a668477a4244ce25d39dfb1bb55	vendor-or-firmware-source
week02/v01/vendor/wr-cores/ip_cores/vme64x-core/hdl/rtl/Manifest.py	245	2026-08-14T06:03:55.831889+00:00	8a9869627e8514a4ff14b3a4f7c54564bc70717b18f3e7b2df9353e77e35087e	vendor-or-firmware-source
week02/v01/vendor/wr-cores/ip_cores/vme64x-core/hdl/rtl/vme64x_core.vhd	9101	2026-08-14T06:03:55.833889+00:00	9f934a88653c9a3cf62046f4f00f8517e0f4ce110cd30faa82a286f8b43cb99d	vendor-or-firmware-source
week02/v01/vendor/wr-cores/ip_cores/vme64x-core/hdl/rtl/vme64x_core_verilog.vhd	10051	2026-08-14T06:03:55.834889+00:00	6400fe45f5bf1e07aae8708e0ee516c937a2ef2159ba91c3c6cb99594ae057d0	vendor-or-firmware-source
week02/v01/vendor/wr-cores/ip_cores/vme64x-core/hdl/rtl/vme64x_pkg.vhd	10462	2026-08-14T06:03:55.836890+00:00	a62e5a32d4c4a326e03d7aad8f18520221db43aab3a061f27778273a6db3629a	vendor-or-firmware-source
week02/v01/vendor/wr-cores/ip_cores/vme64x-core/hdl/rtl/vme_bus.vhd	41901	2026-08-14T06:03:55.838889+00:00	869501f24dd4f322dfe88a19eea7a0e1611cf86e180929fba39162afed640cc0	vendor-or-firmware-source
week02/v01/vendor/wr-cores/ip_cores/vme64x-core/hdl/rtl/vme_cr_csr_space.vhd	24179	2026-08-14T06:03:55.840889+00:00	43326bbd6f418365b8654dd8c1afc74ffd79e742bf73d13bd5a40c0af91fce80	vendor-or-firmware-source
week02/v01/vendor/wr-cores/ip_cores/vme64x-core/hdl/rtl/vme_funct_match.vhd	4975	2026-08-14T06:03:55.841889+00:00	0ea659286e11fec131136b7070719843a2c1a993ceab54bbfdc50a3ac65ad527	vendor-or-firmware-source
week02/v01/vendor/wr-cores/ip_cores/vme64x-core/hdl/rtl/vme_irq_controller.vhd	4574	2026-08-14T06:03:55.842889+00:00	13b29e0a9a5371451713083fff62e1db3319755758d359001891d720cbff997d	vendor-or-firmware-source
week02/v01/vendor/wr-cores/ip_cores/vme64x-core/hdl/rtl/vme_user_csr.vhd	3931	2026-08-14T06:03:55.844889+00:00	648fc29033b0bb3e6d8b05834b20f1bd731d5725c6181222d67a497b6e92c2b9	vendor-or-firmware-source
week02/v01/vendor/wr-cores/ip_cores/vme64x-core/hdl/rtl/xvme64x_core.vhd	21177	2026-08-14T06:03:55.846889+00:00	1a8365d1a0d6b044b1c073a6f41130f035b520df3365ce898db389672768f0d4	vendor-or-firmware-source
week02/v01/vendor/wr-cores/ip_cores/vme64x-core/hdl/sim/vme64x_bfm/components/sn74vmeh22501.v	815	2026-08-14T06:03:55.849889+00:00	ad04599dbe76f2ef769470a8e0a73702e74ed0a1853c532eb29aafae2e91e41c	vendor-or-firmware-source
week02/v01/vendor/wr-cores/ip_cores/vme64x-core/hdl/testbench/Makefile	4603	2026-08-14T06:03:55.853889+00:00	140b9762aee3f27f8914a6e6d6791ed8d2d04d03cb02b923a8e9b1521a58d64d	vendor-or-firmware-source
week02/v01/vendor/wr-cores/ip_cores/vme64x-core/hdl/testbench/simple_tb/Manifest.py	159	2026-08-14T06:03:55.855889+00:00	76d45c9802df1260ee8b6152dec61ba21bfc3f641b39ed908ee9631ae38ffaa6	vendor-or-firmware-source
week02/v01/vendor/wr-cores/ip_cores/vme64x-core/hdl/testbench/simple_tb/ghdl/Manifest.py	161	2026-08-14T06:03:55.857889+00:00	4a07ea92dd3f51d84581e8e2b0ca4b953f93a8003a137235d03d674a8456eb1a	vendor-or-firmware-source
week02/v01/vendor/wr-cores/ip_cores/vme64x-core/hdl/testbench/simple_tb/ghdl/run_all.sh	497	2026-08-14T06:03:55.858889+00:00	c86120cecd72c24a10e3c8d536304209f11e583068a505bbb8d9d617747f9aa4	vendor-or-firmware-source
week02/v01/vendor/wr-cores/ip_cores/vme64x-core/hdl/testbench/simple_tb/modelsim/Manifest.py	136	2026-08-14T06:03:55.861889+00:00	9f7b5ec9014e15bb63e23fe00b298d80cb0b3d4071d2cb29040d61c18700548c	vendor-or-firmware-source
week02/v01/vendor/wr-cores/ip_cores/vme64x-core/hdl/testbench/simple_tb/modelsim/run_all.sh	495	2026-08-14T06:03:55.864889+00:00	e40c9cdb61176fb5e0d0717ee1eaddfef11e7101560e88ee76b04a34dd3566f1	vendor-or-firmware-source
week02/v01/vendor/wr-cores/ip_cores/vme64x-core/hdl/testbench/simple_tb/top_tb.vhd	51498	2026-08-14T06:03:55.867889+00:00	069da3ad3a25bc56fd312777e5fb513b88202ec4cbdb41fd65c00a6bbbcd70ac	vendor-or-firmware-source
week02/v01/vendor/wr-cores/ip_cores/vme64x-core/hdl/testbench/vme16/Manifest.py	283	2026-08-14T06:03:55.869889+00:00	3f1829d26e54022d277aa0c816ebb5de17641d9973771b71a07fdc19cc07f557	vendor-or-firmware-source
week02/v01/vendor/wr-cores/ip_cores/vme64x-core/hdl/testbench/vme16/ghdl/Manifest.py	172	2026-08-14T06:03:55.871889+00:00	9d3c40a1c76a14c0e2f769e2224c4965f048b978f3928b93f7b1c74f8456f228	vendor-or-firmware-source
week02/v01/vendor/wr-cores/ip_cores/vme64x-core/hdl/testbench/vme16/vme16_tb.vhd	25898	2026-08-14T06:03:55.874889+00:00	97795f6065c66a9928210dcae8c995ed13edf0d599a7909915ec1690d8ac2861	vendor-or-firmware-source
week02/v01/vendor/wr-cores/modules/Manifest.py	387	2026-08-14T00:29:25.583259+00:00	d004d07fcbcbbf59ba2a4aab7e53bc1f1be720c37356f107de860f38166ba28d	vendor-or-firmware-source
week02/v01/vendor/wr-cores/modules/fabric/Manifest.py	263	2026-08-14T00:29:25.586259+00:00	0417c7591ef7b47277a053b6fc8a56d251f8c82405e407028d34d7b60b642eed	vendor-or-firmware-source
week02/v01/vendor/wr-cores/modules/fabric/wr_fabric_pkg.vhd	7125	2026-08-14T00:29:25.587259+00:00	9de6edb3fd0e56e15d725d6be968868eda72a7539d5547ba607065ec61024d53	vendor-or-firmware-source
week02/v01/vendor/wr-cores/modules/fabric/xwb_fabric_sink.vhd	7688	2026-08-14T00:29:25.589259+00:00	d45d0f73dbc73a227d1a7a51224d5934d0fd9302441927e98a7360b617c269d1	vendor-or-firmware-source
week02/v01/vendor/wr-cores/modules/fabric/xwb_fabric_source.vhd	6240	2026-08-14T00:29:25.590259+00:00	b16e495cf34f1773fdd2d343b3ca566263f728aa1e69feed61f6c898b847bd04	vendor-or-firmware-source
week02/v01/vendor/wr-cores/modules/fabric/xwrf_loopback/build_wb.sh	200	2026-08-14T00:29:25.593259+00:00	f76a9d6bc5bd690b2a08f7a2d7a0cdd8901e4fc4f38980474d908733f7ccb071	vendor-or-firmware-source
week02/v01/vendor/wr-cores/modules/fabric/xwrf_loopback/lbk_pkg.vhd	4198	2026-08-14T00:29:25.598259+00:00	2edd7997be50d3e753213f99eee07e23045b6133bba83d019a29abc89e1e17f0	vendor-or-firmware-source
week02/v01/vendor/wr-cores/modules/fabric/xwrf_loopback/lbk_wishbone_controller.vhd	9006	2026-08-14T00:29:25.601259+00:00	14775d4999e8c6d1de35fe2db1118e4841f022bf777a341fc74aec019d9e7444	vendor-or-firmware-source
week02/v01/vendor/wr-cores/modules/fabric/xwrf_loopback/wrf_loopback.vhd	3235	2026-08-14T00:29:25.602259+00:00	4ac9f3c608c0a6008f02873cc10d77b1b1c4d0f48c45fc6a892ccc5524204610	vendor-or-firmware-source
week02/v01/vendor/wr-cores/modules/fabric/xwrf_loopback/xwrf_loopback.vhd	12018	2026-08-14T00:29:25.603259+00:00	aaeead78d584f434eb33bc89f4d758733e464ad82ceec761762e8f8ef3bd5557	vendor-or-firmware-source
week02/v01/vendor/wr-cores/modules/fabric/xwrf_mux.vhd	12315	2026-08-14T00:29:25.605259+00:00	9eb59515dc3f4cd30c1c6e2fc89ff9c78c279227f592bdcde55e4a85c6a3bc36	vendor-or-firmware-source
week02/v01/vendor/wr-cores/modules/fabric/xwrf_reg.vhd	2701	2026-08-14T00:29:25.606259+00:00	a59c37128f7cc661249a8eda8836e110b62cb5abf346bd0445759369ab3be269	vendor-or-firmware-source
week02/v01/vendor/wr-cores/modules/timing/Manifest.py	262	2026-08-14T00:29:25.608259+00:00	0bd0f627d18f905cb0b249a464037c01efffe72d98b9f1cd7bd341aede5dd2cf	vendor-or-firmware-source
week02/v01/vendor/wr-cores/modules/timing/dmtd_phase_meas.vhd	9544	2026-08-14T00:29:25.609259+00:00	6a7e4365bdaf65d52c62f5951932fd30482d3acb8a6d55efe1f76f494647a786	vendor-or-firmware-source
week02/v01/vendor/wr-cores/modules/timing/dmtd_sampler.vhd	5844	2026-08-14T00:29:25.611259+00:00	acb0cefdb64d19cad2f9e5c343a0558305639c8bdf560fdb9610405e363296ef	vendor-or-firmware-source
week02/v01/vendor/wr-cores/modules/timing/dmtd_with_deglitcher.vhd	14715	2026-08-14T00:29:25.613259+00:00	a74e4d0358d7dbafa1ec166c0b141d10aab2b5399127eac7b5f1cc201f5ca168	vendor-or-firmware-source
week02/v01/vendor/wr-cores/modules/timing/hpll_period_detect.vhd	9061	2026-08-14T00:29:25.615259+00:00	16b6b9f6adaff9df9db4590de01890353bdb401094af83d749f932243acd63bf	vendor-or-firmware-source
week02/v01/vendor/wr-cores/modules/timing/multi_dmtd_with_deglitcher.vhd	7112	2026-08-14T00:29:25.616259+00:00	51a9d570bbbe423c824b202472e6f67c8a802a26154965ae292d4593daa14774	vendor-or-firmware-source
week02/v01/vendor/wr-cores/modules/timing/pulse_gen.vhd	7381	2026-08-14T00:29:25.618259+00:00	663cec3d2588f775aaa011da96008dc49c21da33d30cc3bcaf22ead9b768045c	vendor-or-firmware-source
week02/v01/vendor/wr-cores/modules/timing/pulse_stamper.vhd	5535	2026-08-14T00:29:25.620259+00:00	68e514afd88a6fd9955a4a7d99ed4425cd6439a49e566141a56911af0c409d58	vendor-or-firmware-source
week02/v01/vendor/wr-cores/modules/timing/pulse_stamper_sync.vhd	6476	2026-08-14T00:29:25.621259+00:00	f9bf95de6a8e2c5c686868c38a6546a27ed58149d9b0d67ccb81a416684748b7	vendor-or-firmware-source
week02/v01/vendor/wr-cores/modules/wr_dacs/Manifest.py	171	2026-08-14T00:29:25.623259+00:00	7c2ebc52b1dbc9b480f4c3f9c221dd37018ef8056ee38b9cab33cca36aba2e96	vendor-or-firmware-source
week02/v01/vendor/wr-cores/modules/wr_dacs/cute_serial_dac.vhd	6407	2026-08-14T00:29:25.624259+00:00	d23956ef165dfdf61bfaa7c42542c1a7f79a9becf312870d8f5f0950c19c7994	vendor-or-firmware-source
week02/v01/vendor/wr-cores/modules/wr_dacs/cute_serial_dac_arb.vhd	6062	2026-08-14T00:29:25.626259+00:00	076fcbdbcd9976843de06e3a6daa1f63c0825778a1f53ca4d58e373e147255a3	vendor-or-firmware-source
week02/v01/vendor/wr-cores/modules/wr_dacs/serial_dac856x.vhd	4662	2026-08-14T00:29:25.627259+00:00	292569d2ab0071c52de930d1fe6c39640586c36105de3235f02e64d4a1b26d5d	vendor-or-firmware-source
week02/v01/vendor/wr-cores/modules/wr_dacs/spec_serial_dac.vhd	6677	2026-08-14T00:29:25.628259+00:00	b42b8ceeb587e7af039c43ef6729d21197111c4436465eba603d6a2329d8eb65	vendor-or-firmware-source
week02/v01/vendor/wr-cores/modules/wr_dacs/spec_serial_dac_arb.vhd	5599	2026-08-14T00:29:25.630259+00:00	6bc5ee682aca6874ab8f7663344f4a8f6137e4b196012798be8191a0f312a121	vendor-or-firmware-source
week02/v01/vendor/wr-cores/modules/wr_dacs/wrc_dac_dithering.vhd	4722	2026-08-14T00:29:25.631259+00:00	b38025a0e4fd6ac851f294f35970b0bfe5976377ed4879a3aa5ab0049a2e2011	vendor-or-firmware-source
week02/v01/vendor/wr-cores/modules/wr_eca/Makefile	1583	2026-08-14T00:29:25.634259+00:00	dfea15e6cd4a0474f33d27183e8073c268d94de73e99ec8c5c0a3ee394cae810	vendor-or-firmware-source
week02/v01/vendor/wr-cores/modules/wr_eca/Manifest.py	695	2026-08-14T00:29:25.635259+00:00	b1db168623d6f4d39fa4a25ba00d6e75d3a77be9aefffd1d3485fd199aedd444	vendor-or-firmware-source
week02/v01/vendor/wr-cores/modules/wr_eca/eca.h	12453	2026-08-14T00:29:25.640259+00:00	cacbcbdfa63808891c26b4915c941089ddee00175ab5134488342e1dfd2261a0	vendor-or-firmware-source
week02/v01/vendor/wr-cores/modules/wr_eca/eca.vhd	30005	2026-08-14T00:29:25.642259+00:00	08c5c2aaf062b37c6354c3135e798e1a6ee4feff35133c686c62292a69325910	vendor-or-firmware-source
week02/v01/vendor/wr-cores/modules/wr_eca/eca_ac_wbm.h	1473	2026-08-14T00:29:25.645259+00:00	0c0d3da229b18b04316a0b69d01eb8d99ecfcd7233ed5dc3870298cdfef53f90	vendor-or-firmware-source
week02/v01/vendor/wr-cores/modules/wr_eca/eca_ac_wbm.vhd	34176	2026-08-14T00:29:25.647259+00:00	778e7dd0e89d88080634baf210176878a1c9537ceabb254f965a63410473ff3c	vendor-or-firmware-source
week02/v01/vendor/wr-cores/modules/wr_eca/eca_ac_wbm_auto.vhd	8822	2026-08-14T00:29:25.649259+00:00	3e8f47fc4277029d53bf9add926dd2833454483b43fb212151220d782a952120	vendor-or-firmware-source
week02/v01/vendor/wr-cores/modules/wr_eca/eca_ac_wbm_auto_pkg.vhd	5979	2026-08-14T00:29:25.651259+00:00	6b5a639bbec2100ca26625d8a9841706aadcb9bcb275833fcd53f7381c0e1779	vendor-or-firmware-source
week02/v01/vendor/wr-cores/modules/wr_eca/eca_adder.vhd	4588	2026-08-14T00:29:25.652259+00:00	0321b86a84814cdef9cc2f9990944a5aa45dcc58c691cea122101de6cc197c68	vendor-or-firmware-source
week02/v01/vendor/wr-cores/modules/wr_eca/eca_auto.vhd	88599	2026-08-14T00:29:25.655259+00:00	5b11ec88b0a780ae39c21d01af8e574a1554bfe3180d332ebd31ed308bb7ca42	vendor-or-firmware-source
week02/v01/vendor/wr-cores/modules/wr_eca/eca_auto_pkg.vhd	26966	2026-08-14T00:29:25.656259+00:00	266bd872f1c110da285b3f359897e8d8fd64cd1dd862af5dda2f936c5dc3a66c	vendor-or-firmware-source
week02/v01/vendor/wr-cores/modules/wr_eca/eca_bitonic.vhd	4445	2026-08-14T00:29:25.658259+00:00	6057f3f00d4ea78e01c8ef0987bba91ff12fba12c4b03b591b3ea2bc4c6e0797	vendor-or-firmware-source
week02/v01/vendor/wr-cores/modules/wr_eca/eca_bitonic_helper.vhd	4508	2026-08-14T00:29:25.659259+00:00	7d650411c77362776411d6ee2ebf401926699e95ca59412c23c24fc042c37df5	vendor-or-firmware-source
week02/v01/vendor/wr-cores/modules/wr_eca/eca_bitonic_swap.vhd	2460	2026-08-14T00:29:25.660259+00:00	421c185ca56bfd8e12cb1e91a0e65e57a2139becf2d35985c9e87590383eee30	vendor-or-firmware-source
week02/v01/vendor/wr-cores/modules/wr_eca/eca_bitonic_tb.vhd	2952	2026-08-14T00:29:25.662259+00:00	17c079fe66e00d272828f4e032e196400507636463ae342c05f5c8f843f0dc32	vendor-or-firmware-source
week02/v01/vendor/wr-cores/modules/wr_eca/eca_channel.vhd	31496	2026-08-14T00:29:25.664258+00:00	e06bf9e9035cc5a0b315a9439016385bf8428ec4554fb5dc2688ff85f6d4d78f	vendor-or-firmware-source
week02/v01/vendor/wr-cores/modules/wr_eca/eca_channel_tb.vhd	13052	2026-08-14T00:29:25.665259+00:00	f151f80f70cc7b774ccd4dd42c8e94e4234479d50395444fe27bd7b61e88d175	vendor-or-firmware-source
week02/v01/vendor/wr-cores/modules/wr_eca/eca_compact.vhd	5740	2026-08-14T00:29:25.666259+00:00	42f61a89e06ea91269feaf20775fae4c92e2eca512cdc8fc90438af29f165c04	vendor-or-firmware-source
week02/v01/vendor/wr-cores/modules/wr_eca/eca_compact_tb.vhd	4011	2026-08-14T00:29:25.668259+00:00	96c31e4e1b07d2000fb3088377024e44281126dcefcd10ee9897079de2eee369	vendor-or-firmware-source
week02/v01/vendor/wr-cores/modules/wr_eca/eca_data.vhd	3913	2026-08-14T00:29:25.669259+00:00	125aa5982a72e365c40259126bd0c7542e26b76740ba204fee33d3484ac86f6d	vendor-or-firmware-source
week02/v01/vendor/wr-cores/modules/wr_eca/eca_fifo.vhd	4402	2026-08-14T00:29:25.670259+00:00	45cc356c46401bd8071a481412ca6c451559771749b3ed8a7c01f6d313449608	vendor-or-firmware-source
week02/v01/vendor/wr-cores/modules/wr_eca/eca_fifo_tb.vhd	3282	2026-08-14T00:29:25.672259+00:00	91875f1bf0d0d034d9939020081417366873b088e8bf7e24f641ef1b31ebe4ee	vendor-or-firmware-source
week02/v01/vendor/wr-cores/modules/wr_eca/eca_free.vhd	4244	2026-08-14T00:29:25.675259+00:00	8667ae35b6001fbc400381e7a261a3d4203d1bd16b633696c1431561eef7d53d	vendor-or-firmware-source
week02/v01/vendor/wr-cores/modules/wr_eca/eca_free_tb.vhd	3084	2026-08-14T00:29:25.676259+00:00	107f2244d364da3d749527b88017f9f37f3c235ca43d162d59d4079eceb1e970	vendor-or-firmware-source
week02/v01/vendor/wr-cores/modules/wr_eca/eca_internals_pkg.vhd	31584	2026-08-14T00:29:25.678258+00:00	406fc1f3d072b32e82dfb9768de30352f637410d583639bf3aca6a373be5a9d5	vendor-or-firmware-source
week02/v01/vendor/wr-cores/modules/wr_eca/eca_msi.vhd	7981	2026-08-14T00:29:25.680259+00:00	74ca5910740cc7740e54c57f0750c910d49d06e889e610f2581e31255e7bd19a	vendor-or-firmware-source
week02/v01/vendor/wr-cores/modules/wr_eca/eca_offset.vhd	4774	2026-08-14T00:29:25.681258+00:00	c2c9b757426bd6d1165a237e83361c8b5b24126bfbb6feffca0d8f843bff5715	vendor-or-firmware-source
week02/v01/vendor/wr-cores/modules/wr_eca/eca_piso_fifo.vhd	9866	2026-08-14T00:29:25.683259+00:00	d86db487c8092ab711ba87dd6df42ef26659f9cbb9e43db5728e869f6715d3e4	vendor-or-firmware-source
week02/v01/vendor/wr-cores/modules/wr_eca/eca_piso_fifo_tb.vhd	3621	2026-08-14T00:29:25.684258+00:00	1fb9a8c6efde8699bc8b2196a3889e46e7255c8eda9e8b5711390b9bff2375d4	vendor-or-firmware-source
week02/v01/vendor/wr-cores/modules/wr_eca/eca_pkg.vhd	7228	2026-08-14T00:29:25.685258+00:00	42bcb54fbd06179e28e2ab5cc9e476f1e07248de4473dbf7df32794c3947fab5	vendor-or-firmware-source
week02/v01/vendor/wr-cores/modules/wr_eca/eca_queue.vhd	6103	2026-08-14T00:29:25.686259+00:00	b181f282425de92866d88ccfa433c6cd6611a131490927efd3a35731401f609e	vendor-or-firmware-source
week02/v01/vendor/wr-cores/modules/wr_eca/eca_queue_auto.vhd	20079	2026-08-14T00:29:25.689258+00:00	c91cf9de986f1b76a6d70adbb857b757508c3dd302ad6d2264b54d4bea932723	vendor-or-firmware-source
week02/v01/vendor/wr-cores/modules/wr_eca/eca_queue_auto_pkg.vhd	6634	2026-08-14T00:29:25.691258+00:00	d9b7d3fd187fbd28bbbbe706e66ecd73326891db526ccdbf2e9b22bc72b53ab8	vendor-or-firmware-source
week02/v01/vendor/wr-cores/modules/wr_eca/eca_queue_regs.h	1718	2026-08-14T00:29:25.692258+00:00	35a785dacaab5a38198a160f052ce410c4d62707b5c8f348fa449be39fac9fb1	vendor-or-firmware-source
week02/v01/vendor/wr-cores/modules/wr_eca/eca_regs.h	8648	2026-08-14T00:29:25.693259+00:00	e0a48eebc1a9b8863617cba92c31b2ff6bb24ae4ed633cea053d12202675a009	vendor-or-firmware-source
week02/v01/vendor/wr-cores/modules/wr_eca/eca_rmw.vhd	6456	2026-08-14T00:29:25.695258+00:00	08f08f63074dbef4ee9529b10d3f26daa0a59b5cb9276201fbb54f194e9726d3	vendor-or-firmware-source
week02/v01/vendor/wr-cores/modules/wr_eca/eca_rmw_tb.vhd	4981	2026-08-14T00:29:25.696258+00:00	f38493cba6c9d7e5f5071665fa9a13755d415d17c597096865abbd9a4896d7cf	vendor-or-firmware-source
week02/v01/vendor/wr-cores/modules/wr_eca/eca_scan.vhd	12223	2026-08-14T00:29:25.697258+00:00	016f6194b460d303d8d247f9c0bdfa39991f1d595dfb0e885cbd4073e6785ab4	vendor-or-firmware-source
week02/v01/vendor/wr-cores/modules/wr_eca/eca_scan_tb.vhd	5556	2026-08-14T00:29:25.699258+00:00	145fe23b9e31f8445b59ba06ab3c6acb3a8910c0ddd4bfcc04faa5f4d893fd76	vendor-or-firmware-source
week02/v01/vendor/wr-cores/modules/wr_eca/eca_scubus_channel.vhd	2757	2026-08-14T00:29:25.700258+00:00	4beb6e756a9c1bfdce91d18e2001656854ba969609c49b779b4860128c04424b	vendor-or-firmware-source
week02/v01/vendor/wr-cores/modules/wr_eca/eca_sdp.vhd	4358	2026-08-14T00:29:25.702258+00:00	a8185a9eb45973a3d12af5e193fff3a75c0bcd2562b2f4f481c1f1680fade1cd	vendor-or-firmware-source
week02/v01/vendor/wr-cores/modules/wr_eca/eca_search.vhd	11086	2026-08-14T00:29:25.703258+00:00	b225bfbdbbffa4c032c7f6398c7b49e89e22d5b5a92f807ad0f030a03e06f1fb	vendor-or-firmware-source
week02/v01/vendor/wr-cores/modules/wr_eca/eca_tag_channel.vhd	31402	2026-08-14T00:29:25.705258+00:00	8af049f60d6a5235f1d43d207f502ed8606191de617ca0f580a20ec0dca659ce	vendor-or-firmware-source
week02/v01/vendor/wr-cores/modules/wr_eca/eca_tag_channel_tb.vhd	11807	2026-08-14T00:29:25.706258+00:00	7d6b94005d89cd26224ed2166b3f0c592da4c55e3b8dd41cc5640587b1d156a4	vendor-or-firmware-source
week02/v01/vendor/wr-cores/modules/wr_eca/eca_tb.vhd	4174	2026-08-14T00:29:25.708258+00:00	e6c28be76ab12bf527db2c7669ab86531f7da0d342eb2f7d19a4cfe555f8f006	vendor-or-firmware-source
week02/v01/vendor/wr-cores/modules/wr_eca/eca_tdp.vhd	4314	2026-08-14T00:29:25.709258+00:00	e3e7f64cf02e5257c518ebecaa06636d7b16195eca7e4339cc2eb0c9813e81e0	vendor-or-firmware-source
week02/v01/vendor/wr-cores/modules/wr_eca/eca_tlu.vhd	7866	2026-08-14T00:29:25.710258+00:00	f27198bbfb9317d2613b0478bcff671aec43ba794439596de842ba3f93155d8e	vendor-or-firmware-source
week02/v01/vendor/wr-cores/modules/wr_eca/eca_tlu_auto.vhd	9488	2026-08-14T00:29:25.713258+00:00	cee252fc24f886b5544a82683cb4555ee8a1db6bda58d10778cb3c251503a772	vendor-or-firmware-source
week02/v01/vendor/wr-cores/modules/wr_eca/eca_tlu_auto_pkg.vhd	4520	2026-08-14T00:29:25.714258+00:00	23418714280b13bfd899055eac1ecde1d4a53a65e463329f5c3b906fac668c62	vendor-or-firmware-source
week02/v01/vendor/wr-cores/modules/wr_eca/eca_tlu_fsm.vhd	4986	2026-08-14T00:29:25.715258+00:00	20a656d001ce9445dc6e141e2f393a7268e0aa0450502c01fba71708a9eb8ee6	vendor-or-firmware-source
week02/v01/vendor/wr-cores/modules/wr_eca/eca_tlu_regs.h	1216	2026-08-14T00:29:25.717258+00:00	245990a8d749d2396745db92aa1156bb067db428af73f13bab0a123f865ac9be	vendor-or-firmware-source
week02/v01/vendor/wr-cores/modules/wr_eca/eca_walker.vhd	14759	2026-08-14T00:29:25.718258+00:00	05e2e66951991cac7f28a6bf27624cbe224498f8ed40718068e2adfd6b547519	vendor-or-firmware-source
week02/v01/vendor/wr-cores/modules/wr_eca/eca_wb_event.vhd	9719	2026-08-14T00:29:25.720258+00:00	a016ecb0f1c69f9185013850bd8568b6a2db2f575edc5f0b004eb0399a92ccfc	vendor-or-firmware-source
week02/v01/vendor/wr-cores/modules/wr_eca/eca_wr_time.vhd	4232	2026-08-14T00:29:25.721258+00:00	e54c345c8e304841909692bec0e888da031785e99daafc20d5a278e9febc8458	vendor-or-firmware-source
week02/v01/vendor/wr-cores/modules/wr_eca/lib/hw-eca.h	4754	2026-08-14T00:29:25.726258+00:00	cde6752c6e7a087c9ad9a9b6c9136a1d2bdf1c962bb9de4aecfeb197ccc43eec	vendor-or-firmware-source
week02/v01/vendor/wr-cores/modules/wr_eca/sim.sh	1439	2026-08-14T00:29:25.736258+00:00	423eaa81691a38b52b3ab8866e5bf0c2791efd5f574ce77bcb59a510725c94e5	vendor-or-firmware-source
week02/v01/vendor/wr-cores/modules/wr_eca/wr_eca.vhd	4653	2026-08-14T00:29:25.739258+00:00	62abc7e7ca52063740a23d46098770391b2e190d275bfd9bc5de928c8b9dd23c	vendor-or-firmware-source
week02/v01/vendor/wr-cores/modules/wr_endpoint/Manifest.py	1574	2026-08-14T00:29:25.741258+00:00	dc860e952e3ab83c1c199770e8ea2d0125084468434a3b2e24819adc70e40731	vendor-or-firmware-source
week02/v01/vendor/wr-cores/modules/wr_endpoint/build_wb.sh	383	2026-08-14T00:29:25.742258+00:00	9c3c01c8262ece3760120cec696b37d31d7801b230f512339af13a90f61838c5	vendor-or-firmware-source
week02/v01/vendor/wr-cores/modules/wr_endpoint/endpoint_pkg.vhd	23043	2026-08-14T00:29:25.745258+00:00	aee4f456751d59811571b0ffe5354c3a876c4ea9fc3db8ed4a1c6dbc6f21b118	vendor-or-firmware-source
week02/v01/vendor/wr-cores/modules/wr_endpoint/endpoint_private_pkg.vhd	10983	2026-08-14T00:29:25.746258+00:00	e66b9a2110f6a328485a0a91763fde2181be9b3f5d17d9fedb2c8ba2a6cc8356	vendor-or-firmware-source
week02/v01/vendor/wr-cores/modules/wr_endpoint/ep_1000basex_pcs.vhd	23290	2026-08-14T00:29:25.748258+00:00	d4658035777fd1658e9bf6e8c0a1c6634489a4d60fc7c0df7e00ec3201026d22	vendor-or-firmware-source
week02/v01/vendor/wr-cores/modules/wr_endpoint/ep_autonegotiation.vhd	9799	2026-08-14T00:29:25.749258+00:00	c7336d679036c6fa0981af0e1853320ca3ce9d07820a742b96b0f0df06891a7f	vendor-or-firmware-source
week02/v01/vendor/wr-cores/modules/wr_endpoint/ep_clock_alignment_fifo.vhd	4139	2026-08-14T00:29:25.750258+00:00	a729e197414889fc4048bc121be22d6b9a29d55083d9e26423ab893efb0326b0	vendor-or-firmware-source
week02/v01/vendor/wr-cores/modules/wr_endpoint/ep_crc32_pkg.vhd	14387	2026-08-14T00:29:25.752258+00:00	b9d2c11d7e4849f601a08fd7336feeac2abef5a91c3096837ef1374e319177da	vendor-or-firmware-source
week02/v01/vendor/wr-cores/modules/wr_endpoint/ep_flow_control.vhd	6386	2026-08-14T00:29:25.753258+00:00	60e9f7920897b6cf84356505a6b38793a0d551bd73342fdd69b00894d6171259	vendor-or-firmware-source
week02/v01/vendor/wr-cores/modules/wr_endpoint/ep_leds_controller.vhd	3725	2026-08-14T00:29:25.754258+00:00	24cf0604aef558a05ed6fdc0f774e8b7abf7c0d797b61f5ae172193de0fc91cd	vendor-or-firmware-source
week02/v01/vendor/wr-cores/modules/wr_endpoint/ep_mdio_regs.vhd	17551	2026-08-14T00:29:25.757258+00:00	c47db03cf48f3d77e270206657b20451dfca4030c96d21a6ab17854506ddf4ad	vendor-or-firmware-source
week02/v01/vendor/wr-cores/modules/wr_endpoint/ep_packet_filter.vhd	11463	2026-08-14T00:29:25.759258+00:00	8eac0c0998471bfcbfb53b80c87bd14800e85d97d86dfe5ad0dd617d6ca84612	vendor-or-firmware-source
week02/v01/vendor/wr-cores/modules/wr_endpoint/ep_registers_pkg.vhd	14268	2026-08-14T00:29:25.760258+00:00	27de1ff33fdd29495d54614f0c615b9b3985198c6a51fd95919ceba17bcfc783	vendor-or-firmware-source
week02/v01/vendor/wr-cores/modules/wr_endpoint/ep_rmon_counters.vhd	6297	2026-08-14T00:29:25.762258+00:00	492ffcb12c41427f6f579fd67e16fe88476a3add1c0ccb84e61988430bb6a634	vendor-or-firmware-source
week02/v01/vendor/wr-cores/modules/wr_endpoint/ep_rtu_header_extract.vhd	8024	2026-08-14T00:29:25.763258+00:00	a16ed7eede672e0f14c60e878f41d0751c6b158114fa8c7906d7ea0a36224b1c	vendor-or-firmware-source
week02/v01/vendor/wr-cores/modules/wr_endpoint/ep_rx_buffer.vhd	9644	2026-08-14T00:29:25.766258+00:00	33cb4dc93b43bbd682da0e31ab8dea9e9afbf521680669fb129c08d512f19c4f	vendor-or-firmware-source
week02/v01/vendor/wr-cores/modules/wr_endpoint/ep_rx_bypass_queue.vhd	5638	2026-08-14T00:29:25.768258+00:00	bdaa239843f5703a9141f94b32ab62e013e8c6ba5372d6eb12ef741f87218aee	vendor-or-firmware-source
week02/v01/vendor/wr-cores/modules/wr_endpoint/ep_rx_crc_size_check.vhd	13152	2026-08-14T00:29:25.769258+00:00	583c533204b331e333f8f45c11fe193ed22e3d8f75cdd982c00de7c760a85712	vendor-or-firmware-source
week02/v01/vendor/wr-cores/modules/wr_endpoint/ep_rx_early_address_match.vhd	9108	2026-08-14T00:29:25.771258+00:00	acee9754c89945874b310b775a48d4b48bb4fdc6fa96dfd028eee804c66c56bf	vendor-or-firmware-source
week02/v01/vendor/wr-cores/modules/wr_endpoint/ep_rx_oob_insert.vhd	5219	2026-08-14T00:29:25.772258+00:00	eea49608df17bb1795cfdb34c1f92caef48e652d6ea64844b7066846a622a27e	vendor-or-firmware-source
week02/v01/vendor/wr-cores/modules/wr_endpoint/ep_rx_path.vhd	17848	2026-08-14T00:29:25.774258+00:00	7a836647ca5ef6a10abef8da6e72955eff1f7da018aa275784840cc46fbc9358	vendor-or-firmware-source
week02/v01/vendor/wr-cores/modules/wr_endpoint/ep_rx_pcs_16bit.vhd	30047	2026-08-14T00:29:25.776258+00:00	2c4a40226d89c1c304ce2ec380d94526f2e4add1ca3551728a32b68618c8c9c1	vendor-or-firmware-source
week02/v01/vendor/wr-cores/modules/wr_endpoint/ep_rx_pcs_8bit.vhd	29878	2026-08-14T00:29:25.777258+00:00	d286603a1fb76182130c7cce83e83e50912db0ecf91ace5a647e6b0579db1caa	vendor-or-firmware-source
week02/v01/vendor/wr-cores/modules/wr_endpoint/ep_rx_status_reg_insert.vhd	5215	2026-08-14T00:29:25.779258+00:00	370dad73efcced3691482173685abb2bf5afb0cedeb1ad3c124727e22aaf3919	vendor-or-firmware-source
week02/v01/vendor/wr-cores/modules/wr_endpoint/ep_rx_vlan_unit.vhd	15856	2026-08-14T00:29:25.780258+00:00	7bebe573d52a535de2929cae4ba9e64491549c33d412b33071292e6b5112e05b	vendor-or-firmware-source
week02/v01/vendor/wr-cores/modules/wr_endpoint/ep_rx_wb_master.vhd	7892	2026-08-14T00:29:25.781258+00:00	5a448e9f9b2f06644f204a407e5a21f4625250a9d03babd4d1dcfa4360476068	vendor-or-firmware-source
week02/v01/vendor/wr-cores/modules/wr_endpoint/ep_sync_detect.vhd	8593	2026-08-14T00:29:25.783258+00:00	3fe85cd7e9da623d37da87e125f208e15477e20f2dec6c90fb962102123cb62f	vendor-or-firmware-source
week02/v01/vendor/wr-cores/modules/wr_endpoint/ep_sync_detect_16bit.vhd	6383	2026-08-14T00:29:25.784258+00:00	1fde5918a7260aa46b88e08860381055fbd351cca717104d67a5c2d2d895d8c0	vendor-or-firmware-source
week02/v01/vendor/wr-cores/modules/wr_endpoint/ep_timestamping_unit.vhd	14354	2026-08-14T00:29:25.786258+00:00	c3739feca9e5992ec386e4ccbf9ed3dfa2613613e4756bf86b1f59cfa47f4c86	vendor-or-firmware-source
week02/v01/vendor/wr-cores/modules/wr_endpoint/ep_ts_counter.vhd	5331	2026-08-14T00:29:25.787258+00:00	c3759d81ad6c41d1e480f754fb2bb83fb57e7efedc12761c5621da2cdf895c30	vendor-or-firmware-source
week02/v01/vendor/wr-cores/modules/wr_endpoint/ep_tx_crc_inserter.vhd	8591	2026-08-14T00:29:25.789258+00:00	5f3926f1203ef503fd2dc13f533c505557121233a6f38758268eee19d9b0c51c	vendor-or-firmware-source
week02/v01/vendor/wr-cores/modules/wr_endpoint/ep_tx_framer.vhd	26856	2026-08-14T06:50:36.736334+00:00	78ea6ccccd6fa8436ee8896022fdb3c2762bcfc123daae847036774921598f28	vendor-or-firmware-source
week02/v01/vendor/wr-cores/modules/wr_endpoint/ep_tx_header_processor.vhd	28482	2026-08-14T00:29:25.792258+00:00	af218089fa913ec365eeea539e0ce4f0a00b7210ffaa11664e28468135b52624	vendor-or-firmware-source
week02/v01/vendor/wr-cores/modules/wr_endpoint/ep_tx_inject_ctrl.vhd	8650	2026-08-14T00:29:25.794258+00:00	c73ddee6b6cbbbdae1a1022b0abd8fb835b5fcc56bad3de1b5f9ef1dccddeb98	vendor-or-firmware-source
week02/v01/vendor/wr-cores/modules/wr_endpoint/ep_tx_packet_injection.vhd	8994	2026-08-14T00:29:25.795258+00:00	3100e39c34d7f273715c29f6f5b3a7c2cb9e4a3287611b35aff3d057f603c494	vendor-or-firmware-source
week02/v01/vendor/wr-cores/modules/wr_endpoint/ep_tx_path.vhd	14412	2026-08-14T00:29:25.797258+00:00	d0822cf8275e3d16499afb5aa1fe6889862afbd83a544d3332d37056e22c5017	vendor-or-firmware-source
week02/v01/vendor/wr-cores/modules/wr_endpoint/ep_tx_pcs_16bit.vhd	21207	2026-08-14T00:29:25.799258+00:00	2e5545b0919c6a7bdc6a8eea4f920daffdfab9a4964281fd498376e1ddcfbc2c	vendor-or-firmware-source
week02/v01/vendor/wr-cores/modules/wr_endpoint/ep_tx_pcs_8bit.vhd	18507	2026-08-14T00:29:25.800258+00:00	947698905a141218f9087cb271a1e1ff2960d69b8848a71d9e21fe7dca850f3f	vendor-or-firmware-source
week02/v01/vendor/wr-cores/modules/wr_endpoint/ep_tx_vlan_unit.vhd	10263	2026-08-14T00:29:25.801258+00:00	32fccb9020f30ed6f6f9dc2e557117ae10cc7daad6215d5bc986ae21b81e3852	vendor-or-firmware-source
week02/v01/vendor/wr-cores/modules/wr_endpoint/ep_wishbone_controller.vhd	34294	2026-08-14T00:29:25.803258+00:00	a491c689eff7cdaaab2a621c2fbe314039b057f593bc5ed73ecf846726a40aed	vendor-or-firmware-source
week02/v01/vendor/wr-cores/modules/wr_endpoint/generate-cheby-files.sh	191	2026-08-14T00:29:25.806258+00:00	474396703a2cb4b6415055fa98034263710a4a32ccef2fccd4623a575cbdb554	vendor-or-firmware-source
week02/v01/vendor/wr-cores/modules/wr_endpoint/wr_endpoint.vhd	39157	2026-08-14T00:29:25.808258+00:00	0ce29ef4ab5b6f6b9ffde7d7a9a1f739294a84b3d47af1720c7df3d484350abd	vendor-or-firmware-source
week02/v01/vendor/wr-cores/modules/wr_endpoint/xwr_endpoint.vhd	23128	2026-08-14T00:29:25.810258+00:00	09f816fd7bcdc2e292e0f9b5ff47325512082fcc54a36e9f92a07dc01c4def85	vendor-or-firmware-source
week02/v01/vendor/wr-cores/modules/wr_mini_nic/Manifest.py	164	2026-08-14T00:29:25.812258+00:00	3f11457a712b7eba138fea674a58d641a019307d555bb951aaed9b04c03f1d8e	vendor-or-firmware-source
week02/v01/vendor/wr-cores/modules/wr_mini_nic/build_wb.sh	194	2026-08-14T00:29:25.813258+00:00	3a8f8960ce91d59e5d854f0f7695f54133caeae2fc0134ad9065433dfb4193d5	vendor-or-firmware-source
week02/v01/vendor/wr-cores/modules/wr_mini_nic/minic_packet_buffer.vhd	3728	2026-08-14T00:29:25.816258+00:00	4c6f3500723777c88540100e1e62d24bfdebc33d8d751e4e24261d601ca6140e	vendor-or-firmware-source
week02/v01/vendor/wr-cores/modules/wr_mini_nic/minic_wb_slave.vhd	23032	2026-08-14T00:29:25.817258+00:00	64c099ac98b8d932e60fa2fcc49cbe025084bb265c7d5c1bd53ae15e57e539f9	vendor-or-firmware-source
week02/v01/vendor/wr-cores/modules/wr_mini_nic/minic_wbgen2_pkg.vhd	6723	2026-08-14T00:29:25.819258+00:00	47cdbbc6be16684b55aca778f42107ec31e374ad1a765172d53a5a7dcea86c08	vendor-or-firmware-source
week02/v01/vendor/wr-cores/modules/wr_mini_nic/wr_mini_nic.vhd	29742	2026-08-14T00:29:25.821258+00:00	34784bbdf56d3dabc58ea7d6131f48fa12920cdf8acc9d27616ddbe07ff08a56	vendor-or-firmware-source
week02/v01/vendor/wr-cores/modules/wr_mini_nic/xwr_mini_nic.vhd	7553	2026-08-14T00:29:25.822258+00:00	29fb21e4ff954877f08de02f9d0c7fba60531a2871c58fe74b5409deeed00894	vendor-or-firmware-source
week02/v01/vendor/wr-cores/modules/wr_nic/Manifest.py	454	2026-08-14T00:29:25.824258+00:00	455b8754bcd41f797a39d2d9c453b8d0e19471c2d9f612d0f3a9ed96342d1583	vendor-or-firmware-source
week02/v01/vendor/wr-cores/modules/wr_nic/build_wb.sh	188	2026-08-14T00:29:25.825258+00:00	6113e546157c42307bbddc47d6d62db435df05a52d93de4ab5c6850e7aea7df0	vendor-or-firmware-source
week02/v01/vendor/wr-cores/modules/wr_nic/nic_buffer.vhd	3422	2026-08-14T00:29:25.826258+00:00	d4934799f60ab0840bfa167f7633069bc2ddc7c5d86408e1942e6e0a859f9fbd	vendor-or-firmware-source
week02/v01/vendor/wr-cores/modules/wr_nic/nic_bw_throttling.vhd	8628	2026-08-14T00:29:25.828258+00:00	b626f38cc756a76fa393e4d3c61cf1c9f4a826639cc13a4eed3afce5aa58d9a7	vendor-or-firmware-source
week02/v01/vendor/wr-cores/modules/wr_nic/nic_constants_pkg.vhd	2396	2026-08-14T00:29:25.830258+00:00	a88b7fa62860fed29744fbb954f2e9f032b64ad3197b2bda3e7957e6dfb46623	vendor-or-firmware-source
week02/v01/vendor/wr-cores/modules/wr_nic/nic_descriptor_manager.vhd	8578	2026-08-14T00:29:25.831258+00:00	ed9f9b33c097c940f72dd0b952223fec827b3547025b4736265bbc3e163b8382	vendor-or-firmware-source
week02/v01/vendor/wr-cores/modules/wr_nic/nic_descriptors_pkg.vhd	7201	2026-08-14T00:29:25.832258+00:00	8e22e9455104682b1fe423e9f6763be9f7ef5506bf58503f9821af466e2b1bcc	vendor-or-firmware-source
week02/v01/vendor/wr-cores/modules/wr_nic/nic_elastic_buffer.vhd	5618	2026-08-14T00:29:25.834258+00:00	b47c8eaa8a6474699fc3e0aff6fea8ae1fceb998aae5d5afd7a2911e7e100d63	vendor-or-firmware-source
week02/v01/vendor/wr-cores/modules/wr_nic/nic_rx_fsm.vhd	21563	2026-08-14T00:29:25.837258+00:00	c3eee93240493c972d0619e9abb6929a90b685f9f6bbc4b7f5940f8be93f55ad	vendor-or-firmware-source
week02/v01/vendor/wr-cores/modules/wr_nic/nic_tx_fsm.vhd	18230	2026-08-14T00:29:25.838258+00:00	ab19e6764e8519803aef733b8cd8d643de99a5e737ba3ecc7048076582c436b8	vendor-or-firmware-source
week02/v01/vendor/wr-cores/modules/wr_nic/nic_wbgen2_pkg.vhd	4553	2026-08-14T00:29:25.840258+00:00	29fe56ab274ba87710dcd92a502667d6953b398ac6c1ace9146832ace014207c	vendor-or-firmware-source
week02/v01/vendor/wr-cores/modules/wr_nic/nic_wishbone_slave.vhd	24502	2026-08-14T00:29:25.841258+00:00	17f3ab96c1e4f660e1315db156b18d22e1eee31084f8bdf5eb254a41f6d6bef3	vendor-or-firmware-source
week02/v01/vendor/wr-cores/modules/wr_nic/wr_nic.vhd	7201	2026-08-14T00:29:25.843258+00:00	858baccedc9fbaa36f921179e465f55ca7faa7929d35cca444dd891075f945e5	vendor-or-firmware-source
week02/v01/vendor/wr-cores/modules/wr_nic/wr_nic_wrapper.vhd	10086	2026-08-14T00:29:25.845258+00:00	6967a7dea480807b517fac8c4fbcbedc108f97ad1f26113252373ed686cf5dc5	vendor-or-firmware-source
week02/v01/vendor/wr-cores/modules/wr_nic/wr_nic_wrapper_pkg.vhd	8841	2026-08-14T00:29:25.848258+00:00	305f495314ec4eb602c145f4c5fde87462146f2259f0042967587d25274b8549	vendor-or-firmware-source
week02/v01/vendor/wr-cores/modules/wr_nic/xwr_nic.vhd	21356	2026-08-14T00:29:25.848258+00:00	bb99ffb1dca3b88e0743e0cb0e754fc15cfcf506df09519bf8b70b257fb97c7a	vendor-or-firmware-source
week02/v01/vendor/wr-cores/modules/wr_pps_gen/Manifest.py	79	2026-08-14T00:29:25.850257+00:00	ad0b26a4d089adf6d252b6c8433875477bbb4b9686c62f3ea9f45e3a8543bb32	vendor-or-firmware-source
week02/v01/vendor/wr-cores/modules/wr_pps_gen/build_wb.sh	161	2026-08-14T00:29:25.851258+00:00	1afe02e0f4443391dae005059680017b54fc46952544399171ce911e3ff43d10	vendor-or-firmware-source
week02/v01/vendor/wr-cores/modules/wr_pps_gen/pps_gen_regs.h	4490	2026-08-14T00:29:25.853257+00:00	d34bb15cc13843cf0352ed1b1c2803a3dc8f84fc809d6b6b66a848c2d90739ba	vendor-or-firmware-source
week02/v01/vendor/wr-cores/modules/wr_pps_gen/pps_gen_wb.vhd	36280	2026-08-14T00:29:25.854258+00:00	31fec162a8fc63f85e0ebb3dd6a66463c5a663823f99c8f66236f4ee371d70ea	vendor-or-firmware-source
week02/v01/vendor/wr-cores/modules/wr_pps_gen/wr_pps_gen.vhd	18152	2026-08-14T00:29:25.857257+00:00	81a6ed3df70122e60dd1b3428a97cff1f8f2897135999dc39be1bda7b04e92a7	vendor-or-firmware-source
week02/v01/vendor/wr-cores/modules/wr_pps_gen/xwr_pps_gen.vhd	5819	2026-08-14T00:29:25.859257+00:00	3bb6a3807994ae46d65aa6f8ba2efc5aba8f8e9e75c90cfb269cb854b902defc	vendor-or-firmware-source
week02/v01/vendor/wr-cores/modules/wr_si57x_interface/Manifest.py	125	2026-08-14T00:29:25.861258+00:00	39c8172deb88cdc918d3c735d5347a1fbda0014a7cc46778b894be93cb448484	vendor-or-firmware-source
week02/v01/vendor/wr-cores/modules/wr_si57x_interface/si570_if_wb.vhd	10400	2026-08-14T00:29:25.863257+00:00	e42c942d7e37c0d46c20344ed48eb711870a12935cb6319a841f5a769c9cc8ec	vendor-or-firmware-source
week02/v01/vendor/wr-cores/modules/wr_si57x_interface/si570_if_wbgen2_pkg.vhd	4813	2026-08-14T00:29:25.866257+00:00	e6b42b05d10681f77314e22e00745adfe90d2c452d7acc141b4b0d6c998f5f71	vendor-or-firmware-source
week02/v01/vendor/wr-cores/modules/wr_si57x_interface/wr_si57x_interface.vhd	13966	2026-08-14T00:29:25.867257+00:00	e0101d84c33f1e37fcaa0c77e325167985b6a854ac4e20e6c708b3f054e37533	vendor-or-firmware-source
week02/v01/vendor/wr-cores/modules/wr_si57x_interface/xwr_si57x_interface.vhd	4631	2026-08-14T00:29:25.869257+00:00	d80908730e20e6dbe0583ef99ae7e0d6df3fa6ab7f667fb0c6c56d8da58a67b1	vendor-or-firmware-source
week02/v01/vendor/wr-cores/modules/wr_sit5359_interface/Manifest.py	139	2026-08-14T00:29:25.870257+00:00	f2df1e06498bfc7c23c14d70c2b56d7bcb1715ae3601947c064ba668f2d7b8cd	vendor-or-firmware-source
week02/v01/vendor/wr-cores/modules/wr_sit5359_interface/build_wb.sh	183	2026-08-14T00:29:25.871257+00:00	3a40bbbce5f1019790363567bce2a25f334475c47c43eebc7c53d61e7af635a4	vendor-or-firmware-source
week02/v01/vendor/wr-cores/modules/wr_sit5359_interface/sit5359_if_wb.vhd	10308	2026-08-14T00:29:25.873257+00:00	800ebf36aa6ce97c63f5f0c5811f25a83a77502bbb17db803f13312725559b2e	vendor-or-firmware-source
week02/v01/vendor/wr-cores/modules/wr_sit5359_interface/sit5359_regs_pkg.vhd	3315	2026-08-14T00:29:25.875257+00:00	5ae4379d5e15364dd80e7d07a2ccd895693cbb76797be3f616e9e1ef14d5c3f1	vendor-or-firmware-source
week02/v01/vendor/wr-cores/modules/wr_sit5359_interface/wr_sit5359_interface.vhd	12173	2026-08-14T00:29:25.877257+00:00	c9cbe20149d5fa2c33728d5576ca3efb69eceb81d3bb68b3eb2102050275ebd2	vendor-or-firmware-source
week02/v01/vendor/wr-cores/modules/wr_sit5359_interface/xwr_sit5359_interface.vhd	4813	2026-08-14T00:29:25.878257+00:00	690ae38e1959dd2b522d4acae907fb0f3c93ae0fd01eba70c309f977770d6f71	vendor-or-firmware-source
week02/v01/vendor/wr-cores/modules/wr_softpll_ng/Manifest.py	242	2026-08-14T00:29:25.880257+00:00	39f23a3affa60dc065ffb33d5a84bc5b5841ec1861fe30c9c77cf17330fd59c9	vendor-or-firmware-source
week02/v01/vendor/wr-cores/modules/wr_softpll_ng/build_wb.sh	205	2026-08-14T00:29:25.881257+00:00	73a2fa0fb90c9508e3c34633577c45144f0d604dab79894a64d885e24e9c6b01	vendor-or-firmware-source
week02/v01/vendor/wr-cores/modules/wr_softpll_ng/softpll_pkg.vhd	2083	2026-08-14T00:29:25.883257+00:00	88ec8f6b5307af94af76b11255295a16821a29bcadcc616174b1908069a9b5df	vendor-or-firmware-source
week02/v01/vendor/wr-cores/modules/wr_softpll_ng/spll_aligner.vhd	5456	2026-08-14T00:29:25.884257+00:00	3ed8a4c36d86633931d97d9fbd53b38af258f5bdd29f1fec693eede708e9f7c3	vendor-or-firmware-source
week02/v01/vendor/wr-cores/modules/wr_softpll_ng/spll_bangbang_pd.vhd	11442	2026-08-14T00:29:25.885257+00:00	8ac1395a9a24a518a6cb5873f794a638b6a51d79620565013e28da1c965cf9bc	vendor-or-firmware-source
week02/v01/vendor/wr-cores/modules/wr_softpll_ng/spll_period_detect.vhd	6353	2026-08-14T00:29:25.887257+00:00	506043d66397da63926825d38e077413a28788f71351d739f6e7205632557f1b	vendor-or-firmware-source
week02/v01/vendor/wr-cores/modules/wr_softpll_ng/spll_wb_slave.vhd	35644	2026-08-14T00:29:25.888257+00:00	765d093c94671cce8f972b9c73c228d9037e7645fbb795c26982ff48a38124ee	vendor-or-firmware-source
week02/v01/vendor/wr-cores/modules/wr_softpll_ng/spll_wbgen2_pkg.vhd	11483	2026-08-14T00:29:25.891257+00:00	5197dd1f0f01759f942561a7f473e5e468fb04428c0f17588b4b592548747c62	vendor-or-firmware-source
week02/v01/vendor/wr-cores/modules/wr_softpll_ng/wr_softpll_ng.vhd	28785	2026-08-14T00:29:25.893257+00:00	dd5b3729de38ed871221d9944149e33c5b7a3ba5da326da2f64ab2668ea71c58	vendor-or-firmware-source
week02/v01/vendor/wr-cores/modules/wr_softpll_ng/xwr_softpll_ng.vhd	7973	2026-08-14T00:29:25.895257+00:00	1fba08ac4e059708c8046b01ca8cb46345b6cf50624505148f0bb03d19c02577	vendor-or-firmware-source
week02/v01/vendor/wr-cores/modules/wr_streamers/Manifest.py	644	2026-08-14T00:29:25.897257+00:00	b21a219f56f7c08657b6b37349538a0a27063879813dea79a8dbd001bf9a8348	vendor-or-firmware-source
week02/v01/vendor/wr-cores/modules/wr_streamers/build_wb.sh	231	2026-08-14T00:29:25.898257+00:00	967d372eac44a832f4d97a0d8bd8cd28d283ed42591b1602403dc64d3586c1ef	vendor-or-firmware-source
week02/v01/vendor/wr-cores/modules/wr_streamers/dropping_buffer.vhd	4190	2026-08-14T00:29:25.900257+00:00	89c522c810c6c6c1b290e8902aa1adb85d757b8c05f9485c02c1b020faab676b	vendor-or-firmware-source
week02/v01/vendor/wr-cores/modules/wr_streamers/escape_detector.vhd	3272	2026-08-14T00:29:25.901257+00:00	439dcb6fd7334be2c1c133f1849fa06eccd45b6a7980b2d0cdcde75b55f1aa1a	vendor-or-firmware-source
week02/v01/vendor/wr-cores/modules/wr_streamers/escape_inserter.vhd	5029	2026-08-14T00:29:25.903257+00:00	f1c6e0dc0d6de1e898234829f9c15441f7bc20624a6c329f0e180dd0c31e0114	vendor-or-firmware-source
week02/v01/vendor/wr-cores/modules/wr_streamers/fifo_showahead_adapter.vhd	2615	2026-08-14T00:29:25.904257+00:00	e2dd223cb789e27330bec73936d4c7395287970a298cb7f53e44a1cff64f14a7	vendor-or-firmware-source
week02/v01/vendor/wr-cores/modules/wr_streamers/fixed_latency_delay.vhd	12820	2026-08-14T00:29:25.906257+00:00	474568a9bec4cb79b8b09a72e0c6e26db9a2044459f6da822b495c26b89399e9	vendor-or-firmware-source
week02/v01/vendor/wr-cores/modules/wr_streamers/fixed_latency_ts_match.vhd	13352	2026-08-14T00:29:25.907257+00:00	afd1de98bd5f1a4872ec8b3a768e66b331f18b466ae07000c2cb761dabe27a3b	vendor-or-firmware-source
week02/v01/vendor/wr-cores/modules/wr_streamers/rx_streamer.vhd	5902	2026-08-14T00:29:25.909257+00:00	bdd6dce62788b91bf2d2a6d595680027874485bd23508dbefdfe4915a8dd7e0a	vendor-or-firmware-source
week02/v01/vendor/wr-cores/modules/wr_streamers/streamers_pkg.vhd	18125	2026-08-14T00:29:25.911257+00:00	8faa45c47b5f3e8a0c1b93a3b7947c6094c821aeca54b82776979bc1d8d3d2ef	vendor-or-firmware-source
week02/v01/vendor/wr-cores/modules/wr_streamers/streamers_priv_pkg.vhd	7324	2026-08-14T00:29:25.912257+00:00	da856d3dacc639b1b10ede273af588856259eb5a6e84981db5b764ac484090a4	vendor-or-firmware-source
week02/v01/vendor/wr-cores/modules/wr_streamers/ts_restore_tai.vhd	5603	2026-08-14T00:29:25.913257+00:00	a38e58a1b53ef761933339026536b821f445944cb885ce00374092162f0e3e76	vendor-or-firmware-source
week02/v01/vendor/wr-cores/modules/wr_streamers/tx_streamer.vhd	5164	2026-08-14T00:29:25.915257+00:00	08e1c68b0c18468ee3bc60a4bd47847e071b717ee1a3c334a44237979b711c19	vendor-or-firmware-source
week02/v01/vendor/wr-cores/modules/wr_streamers/wr_streamers_wb.vhd	35124	2026-08-14T00:29:25.920257+00:00	15232ebd3eadd9306772ae625466fbb9ae1bb29611e632ac5160a409640e97fd	vendor-or-firmware-source
week02/v01/vendor/wr-cores/modules/wr_streamers/wr_streamers_wbgen2_pkg.vhd	13962	2026-08-14T00:29:25.923257+00:00	4503d849066a7eefd7fcbc7de5e29a0d17c346e279578a4e1da1c258e2b2e4a8	vendor-or-firmware-source
week02/v01/vendor/wr-cores/modules/wr_streamers/xrtx_streamers_stats.vhd	21372	2026-08-14T00:29:25.925257+00:00	871fdb081b9a8cf8394cdffae61dd6328e6270d3e36deb1fd9243b6ecca61b2d	vendor-or-firmware-source
week02/v01/vendor/wr-cores/modules/wr_streamers/xrx_streamer.vhd	29838	2026-08-14T00:29:25.927257+00:00	6efa449f77c4fb9f580b98399b5805ccf98c90ac26e2b5eb67343dd3d80a5119	vendor-or-firmware-source
week02/v01/vendor/wr-cores/modules/wr_streamers/xrx_streamers_stats.vhd	12180	2026-08-14T00:29:25.929257+00:00	d2882b395fa3c043672c2bd04571869dd7ed20bcc246a4c18cc40553e83e8125	vendor-or-firmware-source
week02/v01/vendor/wr-cores/modules/wr_streamers/xtx_streamer.vhd	28923	2026-08-14T00:29:25.931257+00:00	02fbe705637cab4912a29a04494b94c28886ac15ff094fe0c2df9ff09890c31a	vendor-or-firmware-source
week02/v01/vendor/wr-cores/modules/wr_streamers/xtx_streamers_stats.vhd	4957	2026-08-14T00:29:25.932257+00:00	cd16729ebd591246101363ae513357b5155098d199df6396ef24c0acb5807990	vendor-or-firmware-source
week02/v01/vendor/wr-cores/modules/wr_streamers/xwr_streamers.vhd	31395	2026-08-14T00:29:25.934257+00:00	a9b3f4e08a2afcf509cc49c509a07e438039d8398af0c5ec57c0acc9eb584ab6	vendor-or-firmware-source
week02/v01/vendor/wr-cores/modules/wr_tbi_phy/Manifest.py	104	2026-08-14T00:29:25.937257+00:00	9fbb2003e5f83b94a3dd4cf12153eef01fb8d116c74d394252c941ae10a05c29	vendor-or-firmware-source
week02/v01/vendor/wr-cores/modules/wr_tbi_phy/dec_8b10b.vhd	23860	2026-08-14T00:29:25.939257+00:00	98054ed3e689f1068a6885de0a0b03b218788e8945a5605991e90269c3358129	vendor-or-firmware-source
week02/v01/vendor/wr-cores/modules/wr_tbi_phy/disparity_gen_pkg.vhd	2617	2026-08-14T00:29:25.940257+00:00	60a7ce3b7c21d30e60a296f7f54ba8237c4b7113385589b98eeb5ce59e227d1b	vendor-or-firmware-source
week02/v01/vendor/wr-cores/modules/wr_tbi_phy/enc_8b10b.vhd	15252	2026-08-14T00:29:25.942257+00:00	560dd80d882fe84938084f5eef11f6e0b6fb85000666fbb9ef31dba38a475b3a	vendor-or-firmware-source
week02/v01/vendor/wr-cores/modules/wr_tbi_phy/wr_tbi_phy.vhd	5945	2026-08-14T00:29:25.943257+00:00	2aa049f6730bed0939070d536763bcc1fa876f0fe28bb8597505747d7c9502e1	vendor-or-firmware-source
week02/v01/vendor/wr-cores/modules/wr_tlu/Makefile	738	2026-08-14T00:29:25.946257+00:00	1b8b15d0c7a37f348acf60df6c0f31e64d6b022985909f1a67971bf28f88a5b1	vendor-or-firmware-source
week02/v01/vendor/wr-cores/modules/wr_tlu/Manifest.py	68	2026-08-14T00:29:25.947257+00:00	ef0667ecd7c76c8913f96c26f1059c8f74386ebac95599fb179bf5ec297ba2b2	vendor-or-firmware-source
week02/v01/vendor/wr-cores/modules/wr_tlu/lib/hw-tlu.h	1098	2026-08-14T00:29:25.949257+00:00	a993101403330bcdd75b95cce4731828a9ac6a88b3d9991e0183a258039a5f83	vendor-or-firmware-source
week02/v01/vendor/wr-cores/modules/wr_tlu/tlu.h	4309	2026-08-14T00:29:25.955257+00:00	ca1125040728ff371517f65c1f7f0ccb3e60b1661404c01b8f3f7a76099beaa5	vendor-or-firmware-source
week02/v01/vendor/wr-cores/modules/wr_tlu/tlu.vhd	24273	2026-08-14T00:29:25.956257+00:00	dd93916f0160a4b8497b8d4e9640dc61191782a43192e0a3b79792846970078a	vendor-or-firmware-source
week02/v01/vendor/wr-cores/modules/wr_tlu/tlu_fsm.vhd	9101	2026-08-14T00:29:25.958257+00:00	e3c30e234da1d04cddcf915c61c53a50dc0cd006e4ed8c10786413a337bc373d	vendor-or-firmware-source
week02/v01/vendor/wr-cores/modules/wr_tlu/tlu_pkg.vhd	3323	2026-08-14T00:29:25.959257+00:00	1e25a88b45314f348690fa779d86ed3351f521c148bf3f6043ef7ee89c6c9941	vendor-or-firmware-source
week02/v01/vendor/wr-cores/modules/wr_tlu/tlu_tb.vhd	16219	2026-08-14T00:29:25.961257+00:00	7d839c699cabe79cbf0f84da1b10c2c5de00bc2b4d71d32a3e523ccd234f5cf4	vendor-or-firmware-source
week02/v01/vendor/wr-cores/modules/wr_txtsu/Manifest.py	77	2026-08-14T00:29:25.963257+00:00	15da40def8916d164a86c8ba3bd9a9cca97c183bd7c99e2b0a8d73beca487197	vendor-or-firmware-source
week02/v01/vendor/wr-cores/modules/wr_txtsu/wr_txtsu_pkg.vhd	160	2026-08-14T00:29:25.966257+00:00	392b28c3039bf2cead686db493b358cc917573bee3514f3fbaa45f311586900e	vendor-or-firmware-source
week02/v01/vendor/wr-cores/modules/wr_txtsu/wr_txtsu_wb.vhd	18604	2026-08-14T00:29:25.967257+00:00	ad4b5098e5edb99686b1c2239114f96acb1ff51d279e9057a425f625130cf491	vendor-or-firmware-source
week02/v01/vendor/wr-cores/modules/wr_txtsu/xwr_txtsu.vhd	8551	2026-08-14T00:29:25.968257+00:00	f85353f76814ce361c21c79e0c67223356399e6d62a9f00d9904097e4e9d0cd7	vendor-or-firmware-source
week02/v01/vendor/wr-cores/modules/wrc_core/Manifest.py	302	2026-08-14T00:29:25.970257+00:00	e93d10e5497c98695811af7a5301ca6b24e0392027c18210a56b04bda0239f23	vendor-or-firmware-source
week02/v01/vendor/wr-cores/modules/wrc_core/build_wb.sh	367	2026-08-14T00:29:25.972257+00:00	53b81fccc25f2e7a11518bfe7bc49ae90f24f6dc3826dc557fe35f6feb2a5db6	vendor-or-firmware-source
week02/v01/vendor/wr-cores/modules/wrc_core/wr_core.vhd	42141	2026-08-14T00:29:25.974257+00:00	bbcc331f421c70da2415af568689fd0bc9f156c4e276738671443dc54153f943	vendor-or-firmware-source
week02/v01/vendor/wr-cores/modules/wrc_core/wrc_cpu_csr_wb.vhd	11345	2026-08-14T00:29:25.977257+00:00	821be5438a67b236ae14c183f05da3c3bf3eb4968bf8ac86f5541e2a5b102cbc	vendor-or-firmware-source
week02/v01/vendor/wr-cores/modules/wrc_core/wrc_cpu_csr_wbgen2_pkg.vhd	4537	2026-08-14T00:29:25.979257+00:00	8bdf0d868b0104a5dc0ad36bec14e79c28c837a2c96d112053fd10808a044f04	vendor-or-firmware-source
week02/v01/vendor/wr-cores/modules/wrc_core/wrc_diags_dpram.vhd	4110	2026-08-14T00:29:25.981257+00:00	8387080c39cf18ec3a080f1f7040b4d4a2d5bc089789347c22cd6607c59dc684	vendor-or-firmware-source
week02/v01/vendor/wr-cores/modules/wrc_core/wrc_periph.vhd	16375	2026-08-14T00:29:25.984257+00:00	cc8673be75bdacf24241fefb0412b20339eed8b484863149f98aedea9f6784f7	vendor-or-firmware-source
week02/v01/vendor/wr-cores/modules/wrc_core/wrc_syscon_pkg.vhd	12216	2026-08-14T00:29:25.985257+00:00	68cce2d3a0a544b2a8762d19976547217f1d7347246c1f460703445e19ea65df	vendor-or-firmware-source
week02/v01/vendor/wr-cores/modules/wrc_core/wrc_syscon_regs.h	11791	2026-08-14T00:29:25.987257+00:00	57c740cef4e12a9deb08784b993f7be55576e0757e74e98bb6e3b48bb3e8a4b5	vendor-or-firmware-source
week02/v01/vendor/wr-cores/modules/wrc_core/wrc_syscon_wb.vhd	24015	2026-08-14T00:29:25.988257+00:00	c4e3d37a0c7b268ada3671cb99018137cb397e76c57a52499421cdd35c2f9919	vendor-or-firmware-source
week02/v01/vendor/wr-cores/modules/wrc_core/wrc_urv_wrapper.vhd	11875	2026-08-14T06:54:50.779843+00:00	945d72c2dd35bf6b4b8832ac36eb2987c8cc4ba82b90ae2a528c2138363f6fc1	vendor-or-firmware-source
week02/v01/vendor/wr-cores/modules/wrc_core/wrcore_pkg.vhd	37734	2026-08-14T00:29:25.993257+00:00	ada229fc89bc1c59d586f0e8d28e3553970fa6d573ab659958eee665a574b133	vendor-or-firmware-source
week02/v01/vendor/wr-cores/modules/wrc_core/xwr_core.vhd	20307	2026-08-14T00:29:25.996257+00:00	09594944c31e562f57152ac073d078e8d27c45cb099fc647c08b70b7fc80d310	vendor-or-firmware-source
week02/v01/vendor/wr-cores/platform/Manifest.py	108	2026-08-14T00:29:25.998257+00:00	724ca7cc7a4e22c9c8b254d34c399ce1597fe75b1624d633aae5ed54707c7054	vendor-or-firmware-source
week02/v01/vendor/wr-cores/platform/altera/Manifest.py	261	2026-08-14T00:29:26.000257+00:00	e42cf814bc607df4720ffacbfd4ea6d3b1a60770a52e979ff50fe7fab37f07ac	vendor-or-firmware-source
week02/v01/vendor/wr-cores/platform/altera/wr_altera_pkg.vhd	11524	2026-08-14T00:29:26.002257+00:00	c62e671bbb8d94099d6d9e1b5510b5c87b841ee344f872547434ce77bd34ac66	vendor-or-firmware-source
week02/v01/vendor/wr-cores/platform/altera/wr_arria2_phy/Manifest.py	61	2026-08-14T00:29:26.006257+00:00	3423b97327a4a81b8fed552881168a69960a0c642499c9df65c26eefddc2a6fa	vendor-or-firmware-source
week02/v01/vendor/wr-cores/platform/altera/wr_arria2_phy/wr_arria2_phy.qip	181	2026-08-14T00:29:26.010257+00:00	d2a840e00d3378d4356490336ab6b14faf8a4467df6cb09c457e0c70a4674574	vendor-or-firmware-source
week02/v01/vendor/wr-cores/platform/altera/wr_arria2_phy/wr_arria2_phy.tcl	42	2026-08-14T00:29:26.012257+00:00	8a3b4ee677bf63acbbc6732ead52476f9402205d979fe114e111db8b139620ba	vendor-or-firmware-source
week02/v01/vendor/wr-cores/platform/altera/wr_arria2_phy/wr_arria2_phy.vhd	17467	2026-08-14T00:29:26.013257+00:00	5bf6dfef5f849fc714219a4a38631e1e76bdad158737ce5f980d9b42e3fa26e5	vendor-or-firmware-source
week02/v01/vendor/wr-cores/platform/altera/wr_arria5_phy/Manifest.py	37	2026-08-14T00:29:26.017256+00:00	4581699755fa09d116f9ffe08d1cfb878a8215ef76870b62c1114675110d5377	vendor-or-firmware-source
week02/v01/vendor/wr-cores/platform/altera/wr_arria5_phy/wr_arria5_phy.tcl	56	2026-08-14T00:29:26.022257+00:00	f1c19d710a131e7050892118528cca2dfd7a49b75e8a5526b30560ff469664f5	vendor-or-firmware-source
week02/v01/vendor/wr-cores/platform/altera/wr_arria5_phy/wr_arria5_phy.vhd	9273	2026-08-14T00:29:26.024256+00:00	14a629b203474f42d22f5e3a0cd54e94636bd1f9adb354eadff53bbfb7a4a5a1	vendor-or-firmware-source
week02/v01/vendor/wr-cores/platform/altera/wr_arria5_pll_default/wr_arria5_pll_default.tcl	87	2026-08-14T00:29:26.031256+00:00	561319b34ddac8a8b30c7cd6fcda3746567fd3799b330d099699ddaea423722b	vendor-or-firmware-source
week02/v01/vendor/wr-cores/platform/altera/xwrc_platform_altera.vhd	13786	2026-08-14T00:29:26.032256+00:00	893f7ed1625dea92e7065036bf71643759a565b55d65d321956e92110e9e4af1	vendor-or-firmware-source
week02/v01/vendor/wr-cores/platform/xilinx/Manifest.py	478	2026-08-14T00:29:26.034256+00:00	302343fffc65e25559898b28ce77aa1582348dd1ba1fa88d5f735a9f9cb7e68e	vendor-or-firmware-source
week02/v01/vendor/wr-cores/platform/xilinx/chipscope/Manifest.py	243	2026-08-14T00:29:26.036256+00:00	c605d484ce050c8c5be57085921d29c5dc8a3b6e36cc3226384f73227521ab6b	vendor-or-firmware-source
week02/v01/vendor/wr-cores/platform/xilinx/wr_gtp_phy/Manifest.py	9743	2026-08-14T00:29:26.063256+00:00	d8031473616793efd56c3c4802e3648ca64bf2e04b595eb42af3983a3e122729	vendor-or-firmware-source
week02/v01/vendor/wr-cores/platform/xilinx/wr_gtp_phy/common/generate-cheby-files.sh	227	2026-08-14T00:29:26.065256+00:00	50267f505d9f8afc249732481f1b6a1b34a183859d0ec61452cfc4b73e826423	vendor-or-firmware-source
week02/v01/vendor/wr-cores/platform/xilinx/wr_gtp_phy/common/lpdc_mdio_regs.vhd	16549	2026-08-14T00:29:26.068256+00:00	4c5f93e7b99a02536d74ece52cd49471d93a12025550170022ad965743be017e	vendor-or-firmware-source
week02/v01/vendor/wr-cores/platform/xilinx/wr_gtp_phy/family7-gth/whiterabbit_gthe2_channel_wrapper_gt.vhd	60414	2026-08-14T00:29:26.071256+00:00	925ae394ccafed96ec48d0456d2c72b575b9adbfab8aac0c87d42902b728e834	vendor-or-firmware-source
week02/v01/vendor/wr-cores/platform/xilinx/wr_gtp_phy/family7-gth/whiterabbit_gthe2_channel_wrapper_gtrxreset_seq.vhd	10422	2026-08-14T00:29:26.073256+00:00	4b5202f13a80cd262dbb75f63f828ae99f676b69db6d32190a1c8b69e3e798fa	vendor-or-firmware-source
week02/v01/vendor/wr-cores/platform/xilinx/wr_gtp_phy/family7-gth/whiterabbit_gthe2_channel_wrapper_sync_block.vhd	5962	2026-08-14T00:29:26.074256+00:00	9db96f62c72ffae217fd8d5c0dd3517d63320318280ded6fc7329627f10de160	vendor-or-firmware-source
week02/v01/vendor/wr-cores/platform/xilinx/wr_gtp_phy/family7-gth/wr_gth_phy_family7.vhd	20884	2026-08-14T00:29:26.076256+00:00	26f59d0d6e91e685b19e1d3297f5ecc9f2e6a447a70e3a479f00d729fc2d9e29	vendor-or-firmware-source
week02/v01/vendor/wr-cores/platform/xilinx/wr_gtp_phy/family7-gthe3/gc_reset_synchronizer.vhd	1397	2026-08-14T00:29:26.078256+00:00	85023630152dc51f1915ca011b08dabcfc285e2f0de7c73b8cf94e78d5b71357	vendor-or-firmware-source
week02/v01/vendor/wr-cores/platform/xilinx/wr_gtp_phy/family7-gthe3/wr_gthe3_phy_family7.vhd	14086	2026-08-14T00:29:26.080256+00:00	7b95a6bd5530ddf5e3aabca49f329959bbbc9a9d9d404d49a9e523c2ecdd5e24	vendor-or-firmware-source
week02/v01/vendor/wr-cores/platform/xilinx/wr_gtp_phy/family7-gthe3/wr_gthe3_phy_family7_xilinx_ip.vhd	7572	2026-08-14T00:29:26.081256+00:00	b7094b695340b784987131fbecc7bba3eec5d5a34414633c05ea60500277cc08	vendor-or-firmware-source
week02/v01/vendor/wr-cores/platform/xilinx/wr_gtp_phy/family7-gthe3/wr_gthe3_reset.vhd	6123	2026-08-14T00:29:26.083256+00:00	b7103c844a3167aa8c320faf8205327debc2dbea19ee00bbe39cd6b6dc3c12d8	vendor-or-firmware-source
week02/v01/vendor/wr-cores/platform/xilinx/wr_gtp_phy/family7-gthe3/wr_gthe3_rx_buffer_bypass.vhd	2008	2026-08-14T00:29:26.084256+00:00	0cd0360941d3545dda5fb73c873afbc3fc2bdd6e5fe481c01b40294a4ae19958	vendor-or-firmware-source
week02/v01/vendor/wr-cores/platform/xilinx/wr_gtp_phy/family7-gthe3/wr_gthe3_tx_buffer_bypass.vhd	2751	2026-08-14T00:29:26.086256+00:00	31d2201c0399665c5c072e2e2659285c6c0cd6d29e7ea8a75827babc94ddd75a	vendor-or-firmware-source
week02/v01/vendor/wr-cores/platform/xilinx/wr_gtp_phy/family7-gthe3/wr_gthe3_wrapper.vhd	72031	2026-08-14T00:29:26.089256+00:00	0b68eb6463b562eb847225377d8b6b751484a94da48969aa813ce0b80042042a	vendor-or-firmware-source
week02/v01/vendor/wr-cores/platform/xilinx/wr_gtp_phy/family7-gthe4/gc_reset_synchronizer.vhd	1397	2026-08-14T00:29:26.093256+00:00	85023630152dc51f1915ca011b08dabcfc285e2f0de7c73b8cf94e78d5b71357	vendor-or-firmware-source
week02/v01/vendor/wr-cores/platform/xilinx/wr_gtp_phy/family7-gthe4/wr_gthe4_phy_family7.vhd	16088	2026-08-14T00:29:26.094256+00:00	992e01fbee38a478daa7ae29260cfab8ff462c4a3ba964b8052b020510a69d89	vendor-or-firmware-source
week02/v01/vendor/wr-cores/platform/xilinx/wr_gtp_phy/family7-gthe4/wr_gthe4_phy_family7_xilinx_ip.vhd	21354	2026-08-14T00:29:26.096256+00:00	a152a844ece44791b977231625516b83efd4b6fbfa49345685e4e1f29f7d15b9	vendor-or-firmware-source
week02/v01/vendor/wr-cores/platform/xilinx/wr_gtp_phy/family7-gthe4/wr_gthe4_reset.vhd	6123	2026-08-14T00:29:26.097256+00:00	f72b91fa9bc43925508f5353fa943c1ebabb3bcba0f356a017ba2994bff3c1d1	vendor-or-firmware-source
week02/v01/vendor/wr-cores/platform/xilinx/wr_gtp_phy/family7-gthe4/wr_gthe4_rx_buffer_bypass.vhd	2008	2026-08-14T00:29:26.098256+00:00	c67a89be762edfd1ca6aa16c9597397c3e3f0081174b90931a413352e72689ac	vendor-or-firmware-source
week02/v01/vendor/wr-cores/platform/xilinx/wr_gtp_phy/family7-gthe4/wr_gthe4_tx_buffer_bypass.vhd	2751	2026-08-14T00:29:26.100256+00:00	b94e88c6bd8f01a6dad18801ba4705418277fb4fd1d822edf14752f40bf2649e	vendor-or-firmware-source
week02/v01/vendor/wr-cores/platform/xilinx/wr_gtp_phy/family7-gthe4/wr_gthe4_wrapper.vhd	36882	2026-08-14T00:29:26.101256+00:00	7b36f6a8639c8ff1a7021aa93037b3740baa6b81cd2aaab5d2281be4f2d23edd	vendor-or-firmware-source
week02/v01/vendor/wr-cores/platform/xilinx/wr_gtp_phy/family7-gthe4-lp/wr_gthe4_phy_family7_lp.vhd	22415	2026-08-14T00:29:26.091256+00:00	d234857c6d9a29206760d2b7be06116ccd9f51c47fe4773261a90f14c274a34c	vendor-or-firmware-source
week02/v01/vendor/wr-cores/platform/xilinx/wr_gtp_phy/family7-gtp/whiterabbit_gtpe2_channel_wrapper.vhd	26444	2026-08-14T00:29:26.104256+00:00	c1a0457ff2d83a2434205aa0a6a790b2be8864f7feb1aa16b9244660b96d95d3	vendor-or-firmware-source
week02/v01/vendor/wr-cores/platform/xilinx/wr_gtp_phy/family7-gtp/whiterabbit_gtpe2_channel_wrapper_gt.vhd	55863	2026-08-14T00:29:26.107256+00:00	c8bdd70fc1a5a311fc082afb831ea1fddaefda9a70104cde16092849e694bbc3	vendor-or-firmware-source
week02/v01/vendor/wr-cores/platform/xilinx/wr_gtp_phy/family7-gtp/whiterabbit_gtpe2_channel_wrapper_gtrxreset_seq.vhd	11221	2026-08-14T00:29:26.108256+00:00	1dd3acfd01de20477adf90175343aed3aec0cce6725503593d99d042cb2fb198	vendor-or-firmware-source
week02/v01/vendor/wr-cores/platform/xilinx/wr_gtp_phy/family7-gtp/wr_gtp_phy_family7.vhd	21869	2026-08-14T00:29:26.109256+00:00	b8d07345909e99df7978ae0c4c548231e316cb618ca1b8ef5b83004a8b23a3c4	vendor-or-firmware-source
week02/v01/vendor/wr-cores/platform/xilinx/wr_gtp_phy/family7-gtx/whiterabbit_gtxe2_channel_wrapper_gt.vhd	47361	2026-08-14T00:29:26.118256+00:00	5f26e09c5f304c1b5e08fac4fa36bf8c328b1b854a82c9fae74458d4f3f2012a	vendor-or-firmware-source
week02/v01/vendor/wr-cores/platform/xilinx/wr_gtp_phy/family7-gtx/wr_gtx_phy_family7.vhd	22887	2026-08-14T00:29:26.120256+00:00	65ac467e83cc9c2bfef1eb4d013aca79110036fe84e7520abedd8e25b7e74295	vendor-or-firmware-source
week02/v01/vendor/wr-cores/platform/xilinx/wr_gtp_phy/family7-gtx-lp/gtx_comma_detect_lp.vhd	7070	2026-08-14T00:29:26.111256+00:00	766e8ddf2b94a60b0692cb9a36444bda0ef76492c998914a81336c1ee8afab8a	vendor-or-firmware-source
week02/v01/vendor/wr-cores/platform/xilinx/wr_gtp_phy/family7-gtx-lp/whiterabbit_gtxe2_channel_wrapper_gt_lp.vhd	47245	2026-08-14T00:29:26.114256+00:00	abf1e79eb5d415c4e442427e4d580a50b22b1f14f58b0d2670e7d8f0806a0138	vendor-or-firmware-source
week02/v01/vendor/wr-cores/platform/xilinx/wr_gtp_phy/family7-gtx-lp/wr_gtx_phy_family7_lp.vhd	20967	2026-08-14T00:29:26.116256+00:00	3b2d2dc12c9bdc484fed43fd8e48a3ba83384e90e5144bce56904da9cb29fadb	vendor-or-firmware-source
week02/v01/vendor/wr-cores/platform/xilinx/wr_gtp_phy/gtp_bitslide.vhd	7877	2026-08-14T00:29:26.122256+00:00	9a3017dfb06c317dd64b136d103987b3427f2fd5853b13b81d8278af091323c7	vendor-or-firmware-source
week02/v01/vendor/wr-cores/platform/xilinx/wr_gtp_phy/kintex7/gtwizard_0_common.vhd	10527	2026-08-14T00:29:26.133256+00:00	ec1e40ce14371807389822c9b2f26689001d1e43ef4b53e671c6ad9a9e8f382c	vendor-or-firmware-source
week02/v01/vendor/wr-cores/platform/xilinx/wr_gtp_phy/kintex7-lp/gtx_comma_detect_kintex7_lp.vhd	7099	2026-08-14T00:29:26.123256+00:00	846b7c2fcb3812ee2656c477ecb497089cdb7bef0cb5d96fe0bb25a1f0d37d8b	vendor-or-firmware-source
week02/v01/vendor/wr-cores/platform/xilinx/wr_gtp_phy/kintex7-lp/gtx_idle_detect_kintex7_lp.vhd	5756	2026-08-14T00:29:26.125256+00:00	194f045de78f5ef2f0e66ee3e3839962ce74727a3225c63cc8e8666fe3f67a3a	vendor-or-firmware-source
week02/v01/vendor/wr-cores/platform/xilinx/wr_gtp_phy/kintex7-lp/whiterabbit_gtxe2_channel_wrapper_kintex7_lp.vhd	47879	2026-08-14T00:29:26.127256+00:00	4ab13f168ec45577a46a523e4b919d511b1b4d4682566d472dfe6b2412212569	vendor-or-firmware-source
week02/v01/vendor/wr-cores/platform/xilinx/wr_gtp_phy/kintex7-lp/wr_gtx_phy_kintex7_lp.vhd	28992	2026-08-14T00:29:26.129256+00:00	bcd6ecc34a340f95827f724fdcf0910192aaaa89efaa292cbba9abc7fef4ef79	vendor-or-firmware-source
week02/v01/vendor/wr-cores/platform/xilinx/wr_gtp_phy/kintex7-lp/wr_gtx_phy_kintex7_lp_qpll.vhd	7311	2026-08-14T00:29:26.131256+00:00	5d61c6e029e749cd084adce3f5dcf3f2bf148342c1cf8ada7a4c6ed3e9394b79	vendor-or-firmware-source
week02/v01/vendor/wr-cores/platform/xilinx/wr_gtp_phy/spartan6/gtp_phase_align.vhd	4689	2026-08-14T00:29:26.135256+00:00	0c8da7691ff0a1dbb18e12bf9e2426012a033ce9f689bc92fb5344e1555d86e2	vendor-or-firmware-source
week02/v01/vendor/wr-cores/platform/xilinx/wr_gtp_phy/spartan6/whiterabbitgtp_wrapper_tile_spartan6.vhd	31479	2026-08-14T00:29:26.137256+00:00	f1fb28d60e2984d9b5f0b3bcd175cadcc4b7fcff1274efe558268fe28978a612	vendor-or-firmware-source
week02/v01/vendor/wr-cores/platform/xilinx/wr_gtp_phy/spartan6/wr_gtp_phy_spartan6.vhd	30209	2026-08-14T00:29:26.138256+00:00	b2b6972e6880413a94b541963e16b25a144e8967ebce8b5231410d5c078f4e86	vendor-or-firmware-source
week02/v01/vendor/wr-cores/platform/xilinx/wr_gtp_phy/virtex5/v5_gtp_align_detect.vhd	3712	2026-08-14T00:29:26.140256+00:00	6f1efae9c19bce6402c97c1cff8c57fb937694352ae89c82da0f096b04f5a53b	vendor-or-firmware-source
week02/v01/vendor/wr-cores/platform/xilinx/wr_gtp_phy/virtex5/v5_gtp_comma_detect.vhd	3022	2026-08-14T00:29:26.142256+00:00	d21efe8ca91391c7130306681fa4d49e208d8ee4497d3e9f4795fd4ec5ed8464	vendor-or-firmware-source
week02/v01/vendor/wr-cores/platform/xilinx/wr_gtp_phy/virtex5/whiterabbit_gtp_wrapper_tile_virtex5.vhd	37516	2026-08-14T00:29:26.144256+00:00	aa606e8c5ffb20e2e7570ef4ed7ef835cc4242cb26933cf40a6c7d51693823ad	vendor-or-firmware-source
week02/v01/vendor/wr-cores/platform/xilinx/wr_gtp_phy/virtex5/wr_gtp_phy_virtex5.vhd	30541	2026-08-14T00:29:26.145256+00:00	fcdf36af93ee381559fc63888e86ce53156635b7e37687685e55f1a0ba80ab23	vendor-or-firmware-source
week02/v01/vendor/wr-cores/platform/xilinx/wr_gtp_phy/virtex6/gtp_phase_align_virtex6.vhd	5291	2026-08-14T00:29:26.155256+00:00	1af2e284027f6264558a3d6c378aa15013fd1f46a11d998ad5f562c4fd48a3de	vendor-or-firmware-source
week02/v01/vendor/wr-cores/platform/xilinx/wr_gtp_phy/virtex6/gtx_reset.vhd	3536	2026-08-14T00:29:26.157256+00:00	7abd7341993896cdbe1172fe9a386355bde180dc48636f6e438172db85e54c22	vendor-or-firmware-source
week02/v01/vendor/wr-cores/platform/xilinx/wr_gtp_phy/virtex6/whiterabbitgtx_wrapper_gtx.vhd	27794	2026-08-14T00:29:26.158256+00:00	b7f187e062a291c6a556c99ae85dcce57fa817465dd09ac7b06245e2d24384f3	vendor-or-firmware-source
week02/v01/vendor/wr-cores/platform/xilinx/wr_gtp_phy/virtex6/wr_gtx_phy_virtex6.vhd	15602	2026-08-14T00:29:26.160256+00:00	1348f38ccd7e9c36b2be082ab0c633642868257be9065a8502e8b8036b01b197	vendor-or-firmware-source
week02/v01/vendor/wr-cores/platform/xilinx/wr_gtp_phy/virtex6-low-phase-drift/gtx_comma_detect_lp.vhd	5113	2026-08-14T00:29:26.147256+00:00	e19f8f8d937685f6b41060324a3a4111cec7d4d0d7d8ada8a15b17ec95ae4533	vendor-or-firmware-source
week02/v01/vendor/wr-cores/platform/xilinx/wr_gtp_phy/virtex6-low-phase-drift/gtx_tx_reset_lp.vhd	2756	2026-08-14T00:29:26.149256+00:00	069f2a087e98b9603fcab27ebf291ae8bb7563d67cd370c1f98c619a178dbe36	vendor-or-firmware-source
week02/v01/vendor/wr-cores/platform/xilinx/wr_gtp_phy/virtex6-low-phase-drift/whiterabbitgtx_wrapper_gtx_lp.vhd	27577	2026-08-14T00:29:26.151256+00:00	14b35e488643cf5e6123d7ddb461de2c8468e410c3be3c2af2ae3665580b3588	vendor-or-firmware-source
week02/v01/vendor/wr-cores/platform/xilinx/wr_gtp_phy/virtex6-low-phase-drift/wr_gtx_phy_virtex6_lp.vhd	20087	2026-08-14T00:29:26.153256+00:00	81372cd9db44b208995d5534593d90b6033ba0e30a092ada6358ab99aaeed9e4	vendor-or-firmware-source
week02/v01/vendor/wr-cores/platform/xilinx/wr_gtp_phy/whiterabbitgtx_wrapper_gtx_old.vhd	27806	2026-08-14T00:29:26.162256+00:00	a82e761ffbef1aae4091af064b390e8d104caadc71505f22d354c0cbc2c4bcb2	vendor-or-firmware-source
week02/v01/vendor/wr-cores/platform/xilinx/wr_gtp_phy/wr_gtx_phy_virtex6_old.vhd	16712	2026-08-14T00:29:26.163256+00:00	7bb265d1c3eefe0424d52df630439decd5c7fcdc3f13b330f96260f29554ee82	vendor-or-firmware-source
week02/v01/vendor/wr-cores/platform/xilinx/wr_gtp_phy/xilinx-ip/common/gtwizard_ultrascale_v1_7_bit_sync.v	3449	2026-08-14T00:29:26.167256+00:00	4ce8dc8a09349c3f5c9dc473bb8606c83f3ec194e2d2e4b1801d102f78d78612	vendor-or-firmware-source
week02/v01/vendor/wr-cores/platform/xilinx/wr_gtp_phy/xilinx-ip/common/gtwizard_ultrascale_v1_7_gte4_drp_arb.v	11915	2026-08-14T00:29:26.168256+00:00	fcfe3d868f1821a35f0f7ca023f47566827986a6037e1cecce39dcd5e715cf7f	vendor-or-firmware-source
week02/v01/vendor/wr-cores/platform/xilinx/wr_gtp_phy/xilinx-ip/common/gtwizard_ultrascale_v1_7_gthe3_cal_freqcnt.v	6616	2026-08-14T00:29:26.169256+00:00	cc7eb39ff59614aceb71cc7f175ffe8ac498129e60b4c27d092e94df48a31583	vendor-or-firmware-source
week02/v01/vendor/wr-cores/platform/xilinx/wr_gtp_phy/xilinx-ip/common/gtwizard_ultrascale_v1_7_gthe3_cpll_cal.v	25142	2026-08-14T00:29:26.170256+00:00	b35ddcf4bbe3881b25e8d83fea50ed3dd4566fd3795276c433bd6b623c06122a	vendor-or-firmware-source
week02/v01/vendor/wr-cores/platform/xilinx/wr_gtp_phy/xilinx-ip/common/gtwizard_ultrascale_v1_7_gthe4_cal_freqcnt.v	6616	2026-08-14T00:29:26.171256+00:00	250c6ddf449c98c5ff9d7789afea4808d3c98ba6ba1511ae78641455442338d5	vendor-or-firmware-source
week02/v01/vendor/wr-cores/platform/xilinx/wr_gtp_phy/xilinx-ip/common/gtwizard_ultrascale_v1_7_gthe4_cpll_cal.v	14319	2026-08-14T00:29:26.173256+00:00	d227c437ca360ee733e5c5f6aa50e3025e1c0835a3bce66d5cf4db255fe0b4ac	vendor-or-firmware-source
week02/v01/vendor/wr-cores/platform/xilinx/wr_gtp_phy/xilinx-ip/common/gtwizard_ultrascale_v1_7_gthe4_cpll_cal_rx.v	37320	2026-08-14T00:29:26.177256+00:00	74c60a21d3123e0e9e9edd6cf082599da8f9a899e2b9a8147cc4e01a8daa9bf5	vendor-or-firmware-source
week02/v01/vendor/wr-cores/platform/xilinx/wr_gtp_phy/xilinx-ip/common/gtwizard_ultrascale_v1_7_gthe4_cpll_cal_tx.v	39473	2026-08-14T00:29:26.179255+00:00	9eeda9518baf460c7c959343c69330e82ab4448d3bac472e42b9d3242c391e08	vendor-or-firmware-source
week02/v01/vendor/wr-cores/platform/xilinx/wr_gtp_phy/xilinx-ip/common/gtwizard_ultrascale_v1_7_gthe4_delay_powergood.v	6498	2026-08-14T00:29:26.180256+00:00	9f1889a7edeeb33e35f1a3749654ec3b38ea80c840721a052d77622cff81d9e7	vendor-or-firmware-source
week02/v01/vendor/wr-cores/platform/xilinx/wr_gtp_phy/xilinx-ip/common/gtwizard_ultrascale_v1_7_gtwiz_buffbypass_rx.v	11491	2026-08-14T00:29:26.182256+00:00	537dde193e391e8cbdc927e9a90c3545f297f59a0afa5c6807d92cf41586bd11	vendor-or-firmware-source
week02/v01/vendor/wr-cores/platform/xilinx/wr_gtp_phy/xilinx-ip/common/gtwizard_ultrascale_v1_7_gtwiz_buffbypass_tx.v	12296	2026-08-14T00:29:26.183256+00:00	4ab7dcf81c82b88228fecafde7659c0afdb97aaa8b5f6e1d86f1775c6a4aa041	vendor-or-firmware-source
week02/v01/vendor/wr-cores/platform/xilinx/wr_gtp_phy/xilinx-ip/common/gtwizard_ultrascale_v1_7_gtwiz_reset.v	33165	2026-08-14T00:29:26.185256+00:00	4e82b19889446063f8dd5467c984cf8af5f68ff32c42171191ae2ce5426ae507	vendor-or-firmware-source
week02/v01/vendor/wr-cores/platform/xilinx/wr_gtp_phy/xilinx-ip/common/gtwizard_ultrascale_v1_7_gtwiz_userclk_rx.v	6104	2026-08-14T00:29:26.187256+00:00	484fba10d08fa74f2e03fc7327d2b5c3e78ca0c3d00a5f2f90ea50322065fb28	vendor-or-firmware-source
week02/v01/vendor/wr-cores/platform/xilinx/wr_gtp_phy/xilinx-ip/common/gtwizard_ultrascale_v1_7_gtwiz_userclk_tx.v	6107	2026-08-14T00:29:26.188256+00:00	4c37f7e233e6350c6b5ed6c414152315d3757354e6c877855e8f232a01fdc5aa	vendor-or-firmware-source
week02/v01/vendor/wr-cores/platform/xilinx/wr_gtp_phy/xilinx-ip/common/gtwizard_ultrascale_v1_7_gtwiz_userdata_rx.v	10132	2026-08-14T00:29:26.190256+00:00	7726d37c099b8c5f84f7700e7eabcab2f6b8f07cb63b568fc2aa0ad62a35f57c	vendor-or-firmware-source
week02/v01/vendor/wr-cores/platform/xilinx/wr_gtp_phy/xilinx-ip/common/gtwizard_ultrascale_v1_7_gtwiz_userdata_tx.v	12444	2026-08-14T00:29:26.191256+00:00	3d190a31bb36de2e8b7c3be17602c1c4d0eaa9e21d69ab434d0ad4b14c829016	vendor-or-firmware-source
week02/v01/vendor/wr-cores/platform/xilinx/wr_gtp_phy/xilinx-ip/common/gtwizard_ultrascale_v1_7_reset_inv_sync.v	3891	2026-08-14T00:29:26.192255+00:00	58361ba4fb30e526c2776adcc51c7c11486832c26bf3d4352a609589df6991da	vendor-or-firmware-source
week02/v01/vendor/wr-cores/platform/xilinx/wr_gtp_phy/xilinx-ip/common/gtwizard_ultrascale_v1_7_reset_sync.v	3887	2026-08-14T00:29:26.194256+00:00	6c837439115ecc0d48841c428372b3be24dd3bdc8920c1f05df1ae8df0bae03e	vendor-or-firmware-source
week02/v01/vendor/wr-cores/platform/xilinx/wr_gtp_phy/xilinx-ip/gthe3/gtwizard_ultrascale_v1_6_gthe3_channel.v	214213	2026-08-14T00:29:26.200255+00:00	48ff6f5e9702d0bf7d82aa0dafd59c6e75e109245de3fb92a7c914f7360e8230	vendor-or-firmware-source
week02/v01/vendor/wr-cores/platform/xilinx/wr_gtp_phy/xilinx-ip/gthe3/wr_gth_wrapper.v	27548	2026-08-14T00:29:26.202255+00:00	d93356778966532ef6f8b056023e9e5df15c284091d1190ddfb616001eb873bd	vendor-or-firmware-source
week02/v01/vendor/wr-cores/platform/xilinx/wr_gtp_phy/xilinx-ip/gthe3/wr_gth_wrapper_example_bit_sync.v	3809	2026-08-14T00:29:26.204255+00:00	4058451d9ea20421cf7e902e9ffb54b7b5a70208dc4705227551db9b1365e913	vendor-or-firmware-source
week02/v01/vendor/wr-cores/platform/xilinx/wr_gtp_phy/xilinx-ip/gthe3/wr_gth_wrapper_example_gtwiz_userclk_rx.v	6662	2026-08-14T00:29:26.205256+00:00	29bd6c2e8a5b328d685810a0b449431f8f89b1ff32ee67b8a0d88fb374f71919	vendor-or-firmware-source
week02/v01/vendor/wr-cores/platform/xilinx/wr_gtp_phy/xilinx-ip/gthe3/wr_gth_wrapper_example_gtwiz_userclk_tx.v	6665	2026-08-14T00:29:26.207255+00:00	27ac6d3f533efc4117c03a64d59247c3c937c785dca6dcc42a977be512897839	vendor-or-firmware-source
week02/v01/vendor/wr-cores/platform/xilinx/wr_gtp_phy/xilinx-ip/gthe3/wr_gth_wrapper_example_init.v	13369	2026-08-14T00:29:26.208256+00:00	4907fd1999197eee8b5d6fca554dbd5c4ff30b4817385aed06ac236a089b9bb8	vendor-or-firmware-source
week02/v01/vendor/wr-cores/platform/xilinx/wr_gtp_phy/xilinx-ip/gthe3/wr_gth_wrapper_example_reset_sync.v	4247	2026-08-14T00:29:26.209255+00:00	f9ff0a7a167049b32c7063e2c17c8d7961cc0e7ec71f40ffefba23bb5f60c3d2	vendor-or-firmware-source
week02/v01/vendor/wr-cores/platform/xilinx/wr_gtp_phy/xilinx-ip/gthe3/wr_gth_wrapper_example_top.v	28739	2026-08-14T00:29:26.211255+00:00	a97b4139f559a3e42f32c034ff45486709f608d359713a6c0f827b6092029a5f	vendor-or-firmware-source
week02/v01/vendor/wr-cores/platform/xilinx/wr_gtp_phy/xilinx-ip/gthe3/wr_gth_wrapper_example_wrapper.v	14016	2026-08-14T00:29:26.213255+00:00	0123ab9c2edd1aa364839fc1e0329b6adbbbdb043b4a8cf5fe32067128971104	vendor-or-firmware-source
week02/v01/vendor/wr-cores/platform/xilinx/wr_gtp_phy/xilinx-ip/gthe3/wr_gth_wrapper_example_wrapper_functions.v	7662	2026-08-14T00:29:26.214255+00:00	92299489c44793b77c24e4d72c0c06017c25cc41735173aa2e31120eee51f9f7	vendor-or-firmware-source
week02/v01/vendor/wr-cores/platform/xilinx/wr_gtp_phy/xilinx-ip/gthe3/wr_gth_wrapper_gthe3_channel_wrapper.v	103233	2026-08-14T00:29:26.217255+00:00	11f9c0b11c37793a35f48dd4f4c218569330a7823a0f377703a42d918e9099dc	vendor-or-firmware-source
week02/v01/vendor/wr-cores/platform/xilinx/wr_gtp_phy/xilinx-ip/gthe3/wr_gth_wrapper_gtwizard_gthe3.v	248926	2026-08-14T00:29:26.224255+00:00	03c1768d52e0dfa0413a3b82e4f54a80a696237ce5dcd8a8a3740c507f91c9e7	vendor-or-firmware-source
week02/v01/vendor/wr-cores/platform/xilinx/wr_gtp_phy/xilinx-ip/gthe3/wr_gth_wrapper_gtwizard_top.v	265318	2026-08-14T00:29:26.229255+00:00	bc851c496ce00f439f873aaf99f5e731b2db0ace5fed0761ae37bc4df1d29878	vendor-or-firmware-source
week02/v01/vendor/wr-cores/platform/xilinx/wr_gtp_phy/xilinx-ip/gthe4/gtwizard_ultrascale_2.v	29391	2026-08-14T00:29:26.232255+00:00	ac35775866229cdc8f70d61e574d006e301ad48c037ede36b0bd65caf9563d50	vendor-or-firmware-source
week02/v01/vendor/wr-cores/platform/xilinx/wr_gtp_phy/xilinx-ip/gthe4/gtwizard_ultrascale_2_gthe4_channel_wrapper.v	113305	2026-08-14T00:29:26.236255+00:00	438ba6430e20eeed5e5993030f0d59bee641ba480ab3ae473664ec43474b0e4f	vendor-or-firmware-source
week02/v01/vendor/wr-cores/platform/xilinx/wr_gtp_phy/xilinx-ip/gthe4/gtwizard_ultrascale_2_gtwizard_gthe4.v	274454	2026-08-14T00:29:26.241255+00:00	55b150657371450bf74f16f53ebfcc49d5c59d9ff28440353ffa4b254dc6d171	vendor-or-firmware-source
week02/v01/vendor/wr-cores/platform/xilinx/wr_gtp_phy/xilinx-ip/gthe4/gtwizard_ultrascale_2_gtwizard_top.v	280764	2026-08-14T00:29:26.247255+00:00	b8bb1733db4522556e795a141ce50c2c18fc98fff2f54b0c76a99d8382e6d33d	vendor-or-firmware-source
week02/v01/vendor/wr-cores/platform/xilinx/wr_gtp_phy/xilinx-ip/gthe4/gtwizard_ultrascale_v1_7_gthe4_channel.v	236849	2026-08-14T00:29:26.252255+00:00	826629617c0f10ae13e16747f5feac5bee34ddef384aeb1db844b45fb61ddef5	vendor-or-firmware-source
week02/v01/vendor/wr-cores/platform/xilinx/wr_gtp_phy/xilinx-ip/gthe4_lp/common/gtwizard_ultrascale_v1_7_bit_sync.v	3450	2026-08-14T00:29:26.255255+00:00	218b0140d75a5595fd2c876c5d4c6d0fa1237087edb392dfb3af301b5ecc49f6	vendor-or-firmware-source
week02/v01/vendor/wr-cores/platform/xilinx/wr_gtp_phy/xilinx-ip/gthe4_lp/common/gtwizard_ultrascale_v1_7_gte4_drp_arb.v	11916	2026-08-14T00:29:26.257255+00:00	3407e48601a73075f760800de5307424ae0fd71171b2a83b205db6d3c9b97340	vendor-or-firmware-source
week02/v01/vendor/wr-cores/platform/xilinx/wr_gtp_phy/xilinx-ip/gthe4_lp/common/gtwizard_ultrascale_v1_7_gthe3_cal_freqcnt.v	6618	2026-08-14T00:29:26.258255+00:00	085706ba5ab06ef06a24793f391bb51f221f81a32b212ec491ae9355e52301f2	vendor-or-firmware-source
week02/v01/vendor/wr-cores/platform/xilinx/wr_gtp_phy/xilinx-ip/gthe4_lp/common/gtwizard_ultrascale_v1_7_gthe3_cpll_cal.v	25151	2026-08-14T00:29:26.260255+00:00	5fb49afe27e479529e2caf3255aabc8376d477baa1eea11878b744d273df8ce7	vendor-or-firmware-source
week02/v01/vendor/wr-cores/platform/xilinx/wr_gtp_phy/xilinx-ip/gthe4_lp/common/gtwizard_ultrascale_v1_7_gthe4_cal_freqcnt.v	6618	2026-08-14T00:29:26.261255+00:00	b227c0fa36beae868d0c1165791d349878bba84fc304128c1996480e613af7f2	vendor-or-firmware-source
week02/v01/vendor/wr-cores/platform/xilinx/wr_gtp_phy/xilinx-ip/gthe4_lp/common/gtwizard_ultrascale_v1_7_gthe4_cpll_cal.v	14170	2026-08-14T00:29:26.262255+00:00	f9f658b9df5d6034066fe9be3a62f1daa11e3e2027a79ce78c7ee3a385c201cc	vendor-or-firmware-source
week02/v01/vendor/wr-cores/platform/xilinx/wr_gtp_phy/xilinx-ip/gthe4_lp/common/gtwizard_ultrascale_v1_7_gthe4_cpll_cal_rx.v	36184	2026-08-14T00:29:26.264255+00:00	828a99d920acd50a863b41d490c71c7408e324371f885d6271acc6f0df9cc1ba	vendor-or-firmware-source
week02/v01/vendor/wr-cores/platform/xilinx/wr_gtp_phy/xilinx-ip/gthe4_lp/common/gtwizard_ultrascale_v1_7_gthe4_cpll_cal_tx.v	38256	2026-08-14T00:29:26.266255+00:00	6491c1788c386f477f4750603f03a42a18aeb521f5079b9115857c1109f731ec	vendor-or-firmware-source
week02/v01/vendor/wr-cores/platform/xilinx/wr_gtp_phy/xilinx-ip/gthe4_lp/common/gtwizard_ultrascale_v1_7_gthe4_delay_powergood.v	6333	2026-08-14T00:29:26.267255+00:00	2f81449593def865e5eeb409a63f8fb1c746f799201306f6387c28c3d5aac74b	vendor-or-firmware-source
week02/v01/vendor/wr-cores/platform/xilinx/wr_gtp_phy/xilinx-ip/gthe4_lp/common/gtwizard_ultrascale_v1_7_gtwiz_buffbypass_rx.v	11495	2026-08-14T00:29:26.268255+00:00	7746d4dead2f43fee9e50c590f3608d76ddf8f74015197065a1a5f0a20928afa	vendor-or-firmware-source
week02/v01/vendor/wr-cores/platform/xilinx/wr_gtp_phy/xilinx-ip/gthe4_lp/common/gtwizard_ultrascale_v1_7_gtwiz_buffbypass_tx.v	12300	2026-08-14T00:29:26.270255+00:00	96dc2869bbf7ff541ef2473be35bfec1a06f2a00d804e32e414128abbedea998	vendor-or-firmware-source
week02/v01/vendor/wr-cores/platform/xilinx/wr_gtp_phy/xilinx-ip/gthe4_lp/common/gtwizard_ultrascale_v1_7_gtwiz_reset.v	33186	2026-08-14T00:29:26.271255+00:00	a46ee2d86b289dbc5c51f8ebe8712a018410c134385459691233c4ad041dd58b	vendor-or-firmware-source
week02/v01/vendor/wr-cores/platform/xilinx/wr_gtp_phy/xilinx-ip/gthe4_lp/common/gtwizard_ultrascale_v1_7_gtwiz_userclk_rx.v	6105	2026-08-14T00:29:26.273255+00:00	f88fb55b500a396026e7ad1237db74ce459646c8b1c1f64ef63a02530e751365	vendor-or-firmware-source
week02/v01/vendor/wr-cores/platform/xilinx/wr_gtp_phy/xilinx-ip/gthe4_lp/common/gtwizard_ultrascale_v1_7_gtwiz_userclk_tx.v	6108	2026-08-14T00:29:26.274255+00:00	de1a84030b3d9a76fc27a471d1af4caae3fa62e4f31dcece3d7417d2d5b5a266	vendor-or-firmware-source
week02/v01/vendor/wr-cores/platform/xilinx/wr_gtp_phy/xilinx-ip/gthe4_lp/common/gtwizard_ultrascale_v1_7_gtwiz_userdata_rx.v	10133	2026-08-14T00:29:26.275255+00:00	795c5a58db137c0f81935afb18fb3b62b5426375b57b231ae88b2e023b9e1109	vendor-or-firmware-source
week02/v01/vendor/wr-cores/platform/xilinx/wr_gtp_phy/xilinx-ip/gthe4_lp/common/gtwizard_ultrascale_v1_7_gtwiz_userdata_tx.v	12445	2026-08-14T00:29:26.276255+00:00	db12ecda6958446302189d4b08d435af2d95a0121dcbd6435e6dc5e5436d88e9	vendor-or-firmware-source
week02/v01/vendor/wr-cores/platform/xilinx/wr_gtp_phy/xilinx-ip/gthe4_lp/common/gtwizard_ultrascale_v1_7_gtye4_cal_freqcnt.v	6618	2026-08-14T00:29:26.278255+00:00	ef31f0b39c0d69a0ab0efa5e5ee47e022bf1bffdccfdaac5d14365ff51d57d02	vendor-or-firmware-source
week02/v01/vendor/wr-cores/platform/xilinx/wr_gtp_phy/xilinx-ip/gthe4_lp/common/gtwizard_ultrascale_v1_7_gtye4_cpll_cal.v	14170	2026-08-14T00:29:26.279255+00:00	afb6352ebb9eb587944689aecf6d59e653db5079c5b4ad1637180086f2033d3a	vendor-or-firmware-source
week02/v01/vendor/wr-cores/platform/xilinx/wr_gtp_phy/xilinx-ip/gthe4_lp/common/gtwizard_ultrascale_v1_7_gtye4_cpll_cal_rx.v	36184	2026-08-14T00:29:26.280255+00:00	f19f0197664972314b955b7d74ef7a19977cd06b4945115ff396ad2b1daf8955	vendor-or-firmware-source
week02/v01/vendor/wr-cores/platform/xilinx/wr_gtp_phy/xilinx-ip/gthe4_lp/common/gtwizard_ultrascale_v1_7_gtye4_cpll_cal_tx.v	38252	2026-08-14T00:29:26.282255+00:00	057d8826c45f7bcdba3367ce4f0a4a94e53ea01ac24252e4fd8f088120ebfafd	vendor-or-firmware-source
week02/v01/vendor/wr-cores/platform/xilinx/wr_gtp_phy/xilinx-ip/gthe4_lp/common/gtwizard_ultrascale_v1_7_gtye4_delay_powergood.v	6336	2026-08-14T00:29:26.283255+00:00	908c7f3622d669f7bce6958b04cd359ed9aee14bb047c6c39eacec6a0a836d12	vendor-or-firmware-source
week02/v01/vendor/wr-cores/platform/xilinx/wr_gtp_phy/xilinx-ip/gthe4_lp/common/gtwizard_ultrascale_v1_7_reset_inv_sync.v	3892	2026-08-14T00:29:26.285255+00:00	3436c8b66621e97e34b0eca326091c26ed07a341f856c86294542a15e3f5e210	vendor-or-firmware-source
week02/v01/vendor/wr-cores/platform/xilinx/wr_gtp_phy/xilinx-ip/gthe4_lp/common/gtwizard_ultrascale_v1_7_reset_sync.v	3888	2026-08-14T00:29:26.286255+00:00	626853727ef7e773411417839c31447f69bd0536f5d3ad20df3205e2a5a2d627	vendor-or-firmware-source
week02/v01/vendor/wr-cores/platform/xilinx/wr_gtp_phy/xilinx-ip/gthe4_lp/gtwizard_ultrascale_2_gtwizard_gthe4.v	273962	2026-08-14T00:29:26.292255+00:00	f203256a6a8a431273b3db5ad2f6cfd6aa34ff0d41a79d732e634c12bf2c7a16	vendor-or-firmware-source
week02/v01/vendor/wr-cores/platform/xilinx/wr_gtp_phy/xilinx-ip/gthe4_lp/gtwizard_ultrascale_2_gtwizard_top.v	277624	2026-08-14T00:29:26.297255+00:00	bc4a852a1e4a69f9ce34801ac641d263687b178df5bd91e361bad0553e7e085c	vendor-or-firmware-source
week02/v01/vendor/wr-cores/platform/xilinx/wr_gtp_phy/xilinx-ip/gthe4_lp/gtwizard_ultrascale_v1_7_gthe4_channel.v	236850	2026-08-14T00:29:26.302255+00:00	c54907ddc349c22ac5b0a7e93c312c6455df6beaab2d26776943d6bdc3be1962	vendor-or-firmware-source
week02/v01/vendor/wr-cores/platform/xilinx/wr_gtp_phy/xilinx-ip/gthe4_lp/phy_ref_clk_100/gtwizard_ultrascale_2.v	28402	2026-08-14T00:29:26.304255+00:00	0336dbdb902285d88fcde5056bd9a95716d2137b615eaf5e1a1e1b65aebc4d17	vendor-or-firmware-source
week02/v01/vendor/wr-cores/platform/xilinx/wr_gtp_phy/xilinx-ip/gthe4_lp/phy_ref_clk_100/gtwizard_ultrascale_2_gthe4_channel_wrapper.v	113311	2026-08-14T00:29:26.307255+00:00	f771e40562f1b426dbbb8aeaf086bab9c9be784faaadfc390bde790f17ed3d70	vendor-or-firmware-source
week02/v01/vendor/wr-cores/platform/xilinx/wr_gtp_phy/xilinx-ip/gthe4_lp/phy_ref_clk_125/gtwizard_ultrascale_2.v	28402	2026-08-14T00:29:26.311255+00:00	184e3f3700cee8a7525ac5d95506e8656c2a73f3ec122ce84448f5759bf3f923	vendor-or-firmware-source
week02/v01/vendor/wr-cores/platform/xilinx/wr_gtp_phy/xilinx-ip/gthe4_lp/phy_ref_clk_125/gtwizard_ultrascale_2_gthe4_channel_wrapper.v	113311	2026-08-14T00:29:26.314255+00:00	3b2cdafbc748f471e9be335a42120f1d29a7445377dfca1ba570025eb5102eb9	vendor-or-firmware-source
week02/v01/vendor/wr-cores/platform/xilinx/wr_xilinx_pkg.vhd	16026	2026-08-14T00:29:26.317255+00:00	f47c6b7a746f8bd3953cf715ec3b27bef8268cf8bc0d42afc5fdb54438a4f710	vendor-or-firmware-source
week02/v01/vendor/wr-cores/platform/xilinx/wrc_dpram/wrc_platform_dpram_ultrascale.vhd	3132	2026-08-14T00:29:26.319255+00:00	ce51dafeca3983f5df3b01a0037d39801869d7a02439eeaa06365120507b19f8	vendor-or-firmware-source
week02/v01/vendor/wr-cores/platform/xilinx/xwrc_platform_vivado.vhd	31904	2026-08-14T00:29:26.321255+00:00	79d8f042bbdc705a9cba42de46879e7e5f04452fa11add542f02a135eb20a99a	vendor-or-firmware-source
week02/v01/vendor/wr-cores/platform/xilinx/xwrc_platform_xilinx.vhd	49854	2026-08-14T00:29:26.323255+00:00	198b99568e7117abe2f5348a1681a0f18dd18105834cfba368e0ecf4188920af	vendor-or-firmware-source
week02/v01/vendor/wr-cores/sim/endpoint_mdio.v	5651	2026-08-14T00:29:26.332255+00:00	7e28018ee631521b94f73d55410267e4c259ff20eaaecb251bf585650b01cd43	vendor-or-firmware-source
week02/v01/vendor/wr-cores/sim/endpoint_regs.v	4994	2026-08-14T00:29:26.333255+00:00	80e291295a3fde110eeb7121081c746a44caa67d4087377e1b782d04ce406250	vendor-or-firmware-source
week02/v01/vendor/wr-cores/sim/fabric_emu/fabric_demo_tap.sv	1487	2026-08-14T00:29:26.336255+00:00	e4016a1c9f42e01cc259488ba064c5504ff60fa4b70e241ab41aeabf8972df63	vendor-or-firmware-source
week02/v01/vendor/wr-cores/sim/fabric_emu/fabric_emu.sv	16564	2026-08-14T00:29:26.338255+00:00	f4ff0d20ee9714490ba53204a20317b6a5e417136397f6f8c4178c1a0868e456	vendor-or-firmware-source
week02/v01/vendor/wr-cores/sim/fabric_emu/fabric_emu_defs.sv	5769	2026-08-14T00:29:26.341255+00:00	2b71fa8000cbaf5744cab2aaed0945e155f9e9829890a587154df9946413371d	vendor-or-firmware-source
week02/v01/vendor/wr-cores/sim/fabric_emu/fabric_emu_demo.sv	2170	2026-08-14T00:29:26.342255+00:00	01cf94b20e09e3337effa11a2578ea4fef921c7382ef3ea93bb95f05c61dd564	vendor-or-firmware-source
week02/v01/vendor/wr-cores/sim/fabric_emu/fabric_emu_funcs.sv	3649	2026-08-14T00:29:26.344255+00:00	54c46f89082403c890f1dcafb123eeaf98406c573fd1ee1aa9c801ea3c486a3f	vendor-or-firmware-source
week02/v01/vendor/wr-cores/sim/fabric_emu/fabric_emu_tap.sv	6096	2026-08-14T00:29:26.346255+00:00	5d671e929e236ee619eb7373fd637d60bd75d1faf6036bca4f173c92e6838228	vendor-or-firmware-source
week02/v01/vendor/wr-cores/sim/lbk_regs.v	456	2026-08-14T00:29:26.355255+00:00	8f3bcc0395a1b952d2c4bdb50e9a7df455032b2501f272bfaef6c5421600db0e	vendor-or-firmware-source
week02/v01/vendor/wr-cores/sim/old_endpoint_regs.v	4217	2026-08-14T00:29:26.359255+00:00	26a0863eb669386ae4512ebf2477cbbb2c313dfcc33671e920d4f852ca2d4e82	vendor-or-firmware-source
week02/v01/vendor/wr-cores/sim/pps_gen_regs.v	1236	2026-08-14T00:29:26.362255+00:00	1d1fdd9cbad4c888884e9dd7bbbf4b086710cbba696cdf442fadb584bf326204	vendor-or-firmware-source
week02/v01/vendor/wr-cores/sim/softpll_regs.v	1617	2026-08-14T00:29:26.368254+00:00	09f674f69b223151045cbcc98062ce3fe34c86f9f623d53f383a60ac32552a3d	vendor-or-firmware-source
week02/v01/vendor/wr-cores/sim/tbi_utils.sv	1953	2026-08-14T00:29:26.370255+00:00	f1adce2b6248ab5bf59295fe70ddb3ed041de894b403eda46e95b329cb006d99	vendor-or-firmware-source
week02/v01/vendor/wr-cores/sim/wishbone_test_master.v	5167	2026-08-14T00:29:26.378254+00:00	b881fc0cacad8af219d816d99e96d3f4d516ddc6d3d684d59e97438b411d3500	vendor-or-firmware-source
week02/v01/vendor/wr-cores/syn/clbv2_ref_design/Manifest.py	259	2026-08-14T00:29:26.385254+00:00	2c17798d3a0207b7cc1fd784c8a66fe2aebf19ce6194d2bd79e3f1e65b5ccd5e	vendor-or-firmware-source
week02/v01/vendor/wr-cores/syn/clbv3_ref_design/Manifest.py	259	2026-08-14T00:29:26.387254+00:00	36c25cf7d3437c6d9b6e30ceb3f9be91c0ae810499ce5a52ff57f989ae72d523	vendor-or-firmware-source
week02/v01/vendor/wr-cores/syn/clbv4_ref_design/Manifest.py	260	2026-08-14T00:29:26.389254+00:00	efa70139e91b00101f881321be9e1ad2d0e8845406d149fff3d782a94b08c907	vendor-or-firmware-source
week02/v01/vendor/wr-cores/syn/cute_core_ref_design/Manifest.py	242	2026-08-14T00:29:26.390254+00:00	b87a0fb91eafc612591def10d4545b598759ca64f4430f077fc6f8a17d34deb8	vendor-or-firmware-source
week02/v01/vendor/wr-cores/syn/cute_ref_design/Makefile	24027	2026-08-14T00:29:26.394254+00:00	3503a1413852e2542a17736072aea02c28360104dfe7e4687f1011d34d5ce4e6	vendor-or-firmware-source
week02/v01/vendor/wr-cores/syn/cute_ref_design/Manifest.py	238	2026-08-14T00:29:26.395254+00:00	e780e1bf8e2559140cfbc76c69de4502efe24eca31588121803751e5d156f7f7	vendor-or-firmware-source
week02/v01/vendor/wr-cores/syn/diot_wr_mpsoc/build.tcl	605	2026-08-14T00:29:26.402254+00:00	991e2bf50928e6c344b69279251c47de48313e9a879a83536bbd31ea79275e7f	vendor-or-firmware-source
week02/v01/vendor/wr-cores/syn/fasec_ref_design/build.tcl	244	2026-08-14T00:29:26.404254+00:00	bfa49573aff8416a6a7729e002d8bd98b2a317352651f9c233fbf133e3249851	vendor-or-firmware-source
week02/v01/vendor/wr-cores/syn/fasec_ref_design/fasec_ref_design.tcl	7445	2026-08-14T00:29:26.406254+00:00	7f9fab33d57a5dbe14b4ef63c3f2e674857595c93de97e495ad37de17d5a0f02	vendor-or-firmware-source
week02/v01/vendor/wr-cores/syn/pxie_fmc_ref_design/Manifest.py	333	2026-08-14T00:29:26.408254+00:00	d32bdba4bb8e9def5d7ce07706b834c24f2d30c9e09c558993ee7d075984c38e	vendor-or-firmware-source
week02/v01/vendor/wr-cores/syn/pxie_fmc_ref_design/pxie_fmc.tcl	1575	2026-08-14T00:29:26.410254+00:00	c5c58ba419e6c7750417f9491a6caf17b692dd47e87c66129baffac9db17476f	vendor-or-firmware-source
week02/v01/vendor/wr-cores/syn/spec_1_1/wr_core_demo/Manifest.py	523	2026-08-14T00:29:26.414254+00:00	f830a69d58becffb3cbcf4d4f41b740585ef775e642bfb6dab91482eab4b676e	vendor-or-firmware-source
week02/v01/vendor/wr-cores/syn/spec_ref_design/Manifest.py	591	2026-08-14T00:29:26.436254+00:00	59b634b5586ba7e1a1075da8ff027d4fad0725fa1a713e07be42a286d3955159	vendor-or-firmware-source
week02/v01/vendor/wr-cores/syn/spec_ref_design/syn_extra_steps.tcl	1039	2026-08-14T00:29:26.442254+00:00	dafdf68d0d02519ef654a04b6d17b6164b1064a2f0bdbb97cce20f51f388eb9b	vendor-or-firmware-source
week02/v01/vendor/wr-cores/syn/svec_ref_design/Manifest.py	563	2026-08-14T00:29:26.444254+00:00	6b52a90f26b07c5a82f9f845c088969aeebcefc441c195901f2a6f83bac932aa	vendor-or-firmware-source
week02/v01/vendor/wr-cores/syn/svec_ref_design/syn_extra_steps.tcl	1039	2026-08-14T00:29:26.449254+00:00	dafdf68d0d02519ef654a04b6d17b6164b1064a2f0bdbb97cce20f51f388eb9b	vendor-or-firmware-source
week02/v01/vendor/wr-cores/syn/vfchd_ref_design/Manifest.py	404	2026-08-14T00:29:26.451254+00:00	e3185fa2e991dfb98a5d0ecf5bf7ad966b2b8e231551b845b86fc77f980be87d	vendor-or-firmware-source
week02/v01/vendor/wr-cores/syn/vfchd_ref_design/quartus_preflow.tcl	6381	2026-08-14T00:29:26.453254+00:00	22f8c7bfe5b14130651dbf15e118bdcea0fcaa9239b29ffea18b94860a0c1d09	vendor-or-firmware-source
week02/v01/vendor/wr-cores/syn/vfchd_ref_design/vfchd_wr_ref.qpf	34	2026-08-14T00:29:26.454254+00:00	7e34279fd99b894bb3213c7b333a69871d90cd89236dc9a5501e240e02115dfe	vendor-or-firmware-source
week02/v01/vendor/wr-cores/syn/vfchd_ref_design/vfchd_wr_ref.qsf	62912	2026-08-14T00:29:26.456254+00:00	adb40662b38cd45c6afc9b9f37c49f0a607ca3d050fb80096dc8f42c3715489d	vendor-or-firmware-source
week02/v01/vendor/wr-cores/syn/vfchd_ref_design/vfchd_wr_ref.sdc	1799	2026-08-14T00:29:26.457254+00:00	6181c6af0e25c4f72abe8c37af65bf4b0aed3a0ec6d889b5525ff2c87b6f6b84	vendor-or-firmware-source
week02/v01/vendor/wr-cores/syn/vxs_ref_design/Manifest.py	257	2026-08-14T00:29:26.459254+00:00	eac02a08e7381c34d449d11cfbc63a3570901e73dd34f4c0bac4cce4d57ae0f0	vendor-or-firmware-source
week02/v01/vendor/wr-cores/syn/wrc_board_fasec_ip/Manifest.py	280	2026-08-14T00:29:26.463254+00:00	d0e8ac1a3bbc53a6d7b9a2b360c17313cc4ec4971ea3e4bacd08c4615687fd78	vendor-or-firmware-source
week02/v01/vendor/wr-cores/syn/wrc_board_fasec_ip/build.tcl	249	2026-08-14T00:29:26.466254+00:00	3771b7b4279ba199035e0476093517401e3691b1d3ee075d3e4604d56069febb	vendor-or-firmware-source
week02/v01/vendor/wr-cores/syn/wrc_board_fasec_ip/wrc_board_fasec_ip.tcl	116366	2026-08-14T00:29:26.468254+00:00	0e4ac2137e3a254e7ac0c4cac125bf78b7c49c1d5f3d4a61f628772c03dbafe8	vendor-or-firmware-source
week02/v01/vendor/wr-cores/testbench/Makefile	3909	2026-08-14T00:29:26.472254+00:00	d81d61277bda4a2b8a32ee1c575885fbbb3d4ce889350463f464a3d30545c766	vendor-or-firmware-source
week02/v01/vendor/wr-cores/testbench/dac/serial_dac856x_tb.vhd	1442	2026-08-14T00:29:26.473254+00:00	43a92d04323fa903a2bf550ef82cf2cf70e507394ed071e7c7bd1a19dff911fd	vendor-or-firmware-source
week02/v01/vendor/wr-cores/testbench/mini_bone/Manifest.py	181	2026-08-14T00:29:26.475254+00:00	a6ebc10c5b59f301b6d3eba399e4421b061a09a394b229ac5dd2442edfb69664	vendor-or-firmware-source
week02/v01/vendor/wr-cores/testbench/mini_bone/main.sv	6915	2026-08-14T00:29:26.477254+00:00	9981b35ecda1cbe5f435d1fe3eb53d2d2078010a6b781bb7b31301f144bc13f7	vendor-or-firmware-source
week02/v01/vendor/wr-cores/testbench/nic_bw_throttling/Makefile	133273	2026-08-14T00:29:26.484254+00:00	0f0c93538180792ef886f8d8fc300bbeeff13e48f6c315c1747846abbba9c0a6	vendor-or-firmware-source
week02/v01/vendor/wr-cores/testbench/nic_bw_throttling/Manifest.py	406	2026-08-14T00:29:26.485254+00:00	957a4a494239b08788991e8328844356390b48a487e780fb02a74a7525700c7c	vendor-or-firmware-source
week02/v01/vendor/wr-cores/testbench/nic_bw_throttling/main.sv	9982	2026-08-14T00:29:26.487254+00:00	fdd233a54a33cfcb3e8c03f2342b0e067eb6fb191bc65d2ba1fe3399f7749482	vendor-or-firmware-source
week02/v01/vendor/wr-cores/testbench/top_level/Manifest.py	563	2026-08-14T00:29:26.491254+00:00	11ebff3e31f0b50780404f886d17f5c05223c42f5ee9e1f9486376e9d55eef1d	vendor-or-firmware-source
week02/v01/vendor/wr-cores/testbench/top_level/gn4124_bfm/Manifest.py	74	2026-08-14T00:29:26.494254+00:00	cff1817acda73d5676d125ee7ec0ddfb130ee96119f85f1f4f266c5b5f74dae0	vendor-or-firmware-source
week02/v01/vendor/wr-cores/testbench/top_level/gn4124_bfm/gn412x_bfm.vhd	126895	2026-08-14T00:29:26.498254+00:00	8588c59535d132d5515512c2176f75e903523d983030528371a576e458a61ffb	vendor-or-firmware-source
week02/v01/vendor/wr-cores/testbench/top_level/gn4124_bfm/mem_model.vhd	101911	2026-08-14T00:29:26.502254+00:00	c5dd31f645aaee7dcfb6b030f04c6a433bf5d3dbbe11d0116b0d6efb00b478c3	vendor-or-firmware-source
week02/v01/vendor/wr-cores/testbench/top_level/gn4124_bfm/textutil.vhd	21736	2026-08-14T00:29:26.503254+00:00	2a627f4f6d9f2ca3c5e4c77d79f1552fd51817399ed86e899ff9f360a85cb9ba	vendor-or-firmware-source
week02/v01/vendor/wr-cores/testbench/top_level/gn4124_bfm/util.vhd	22311	2026-08-14T00:29:26.505254+00:00	f3b368eb3ab0c343c2887d1331f65cee2d471b5de394c06bc57683090789313b	vendor-or-firmware-source
week02/v01/vendor/wr-cores/testbench/top_level/main.sv	1507	2026-08-14T00:29:26.506254+00:00	7952bb5cca2bbf7b3af0f62def74ffbcda7fe16c9a52de73447cd17ae9219aa1	vendor-or-firmware-source
week02/v01/vendor/wr-cores/testbench/wr_endpoint/full_tb/Manifest.py	704	2026-08-14T00:29:26.511254+00:00	c41479a2d9eb148202faefde4f0b91310b8bb95d0f95bbd45d74213ae93694a7	vendor-or-firmware-source
week02/v01/vendor/wr-cores/testbench/wr_endpoint/full_tb/main.sv	11775	2026-08-14T00:29:26.514254+00:00	570ed8aa81fe9bf37a39fb724796a821ee0d2c98e2ccb0b87f17cf17abd1cf66	vendor-or-firmware-source
week02/v01/vendor/wr-cores/testbench/wr_endpoint/old_ep/Manifest.py	522	2026-08-14T00:29:26.524254+00:00	ff177bc29c76aeda3a267d4f12e7b9728662011b0bfc533825d9389828905d35	vendor-or-firmware-source
week02/v01/vendor/wr-cores/testbench/wr_endpoint/old_ep/old_endpoint_pkg.vhd	21285	2026-08-14T00:29:26.526253+00:00	1c0b8ef131f4217107c70ca6e7b41c46dbab061d4d5cf32a62120898b16fc06e	vendor-or-firmware-source
week02/v01/vendor/wr-cores/testbench/wr_endpoint/old_ep/old_ep_1000basex_pcs.vhd	20316	2026-08-14T00:29:26.530254+00:00	dacafd1dfec3a764982f16835ec80a55248495eb1b187456b2ed51f44daee496	vendor-or-firmware-source
week02/v01/vendor/wr-cores/testbench/wr_endpoint/old_ep/old_ep_autonegotiation.vhd	9843	2026-08-14T00:29:26.531254+00:00	096160172a07e443a38a9730d0bf2e0d31cd03e85b90f83091fc133b70686ba5	vendor-or-firmware-source
week02/v01/vendor/wr-cores/testbench/wr_endpoint/old_ep/old_ep_dec_8b10b.vhd	23941	2026-08-14T00:29:26.532254+00:00	67219e0b30a2e6f5df96d1f438214d4ca264d0570551fce4b1a38fe3e2a49496	vendor-or-firmware-source
week02/v01/vendor/wr-cores/testbench/wr_endpoint/old_ep/old_ep_enc_8b10b.vhd	15273	2026-08-14T00:29:26.534254+00:00	6dabf127e6b2b7359c56fae2340a1f955c6a5f84b2145a7b62ec063e66edf32a	vendor-or-firmware-source
week02/v01/vendor/wr-cores/testbench/wr_endpoint/old_ep/old_ep_flow_control.vhd	6387	2026-08-14T00:29:26.535254+00:00	07ccdc1d2786fa83faafbf91c9b758715fbb3f4208c6d054eab2c6ed5bd84254	vendor-or-firmware-source
week02/v01/vendor/wr-cores/testbench/wr_endpoint/old_ep/old_ep_pcs_tbi_mdio_wb.vhd	24908	2026-08-14T00:29:26.536253+00:00	dec98b4681a6918998651d0930ef17a0452b0efb4941a6b6f1067a34045fafd8	vendor-or-firmware-source
week02/v01/vendor/wr-cores/testbench/wr_endpoint/old_ep/old_ep_rmon_counters.vhd	6210	2026-08-14T00:29:26.538254+00:00	8b50b42ba6e56e828f25dccfac6d3748943f11fdfc764e217dc2f96522e4ebdf	vendor-or-firmware-source
week02/v01/vendor/wr-cores/testbench/wr_endpoint/old_ep/old_ep_rx_buffer.vhd	8855	2026-08-14T00:29:26.539253+00:00	2f7627e13745245e8f64c7741c47cbdf259599550abcbf75a0e58c537ea49b95	vendor-or-firmware-source
week02/v01/vendor/wr-cores/testbench/wr_endpoint/old_ep/old_ep_rx_crc_size_check.vhd	8094	2026-08-14T00:29:26.540253+00:00	a560fe8ff840df109554a346cb5b3b457699d054b710e60a5cae8da6c3801c44	vendor-or-firmware-source
week02/v01/vendor/wr-cores/testbench/wr_endpoint/old_ep/old_ep_rx_deframer.vhd	19544	2026-08-14T00:29:26.542253+00:00	55c39a684585f61e8c6a3266f0880a9aa51608faf8fd4b9f87ae9390741db27d	vendor-or-firmware-source
week02/v01/vendor/wr-cores/testbench/wr_endpoint/old_ep/old_ep_rx_pcs_tbi.vhd	32192	2026-08-14T00:29:26.544253+00:00	f1ef566b79d5412ea0f581a47e92b758c440f5f4576cd33630ba07d1a8ae8f5e	vendor-or-firmware-source
week02/v01/vendor/wr-cores/testbench/wr_endpoint/old_ep/old_ep_sync_detect.vhd	7603	2026-08-14T00:29:26.545254+00:00	f91553c21ee13d6219d2a22561fc1a9a3d98380eec8657e7aaa547dceb34eeff	vendor-or-firmware-source
week02/v01/vendor/wr-cores/testbench/wr_endpoint/old_ep/old_ep_timestamping_unit.vhd	11203	2026-08-14T00:29:26.546253+00:00	d77442effa779f5d0487acd3cc195bd76b5b3fb9c63dc32d797df9da2a513f6b	vendor-or-firmware-source
week02/v01/vendor/wr-cores/testbench/wr_endpoint/old_ep/old_ep_ts_counter.vhd	4566	2026-08-14T00:29:26.548254+00:00	33ccde1e6018aceec00e025520326f6df4e908ffd8473ed9807aa020034fba87	vendor-or-firmware-source
week02/v01/vendor/wr-cores/testbench/wr_endpoint/old_ep/old_ep_tx_framer.vhd	20196	2026-08-14T00:29:26.550253+00:00	fe3f4a8f84de1781c1d2480a8f996407c51f6e3c06bfc8522c11e7510408e159	vendor-or-firmware-source
week02/v01/vendor/wr-cores/testbench/wr_endpoint/old_ep/old_ep_tx_pcs_tbi.vhd	20542	2026-08-14T00:29:26.551253+00:00	a365115e67784b50e8d6ec4a4770998db3e684e4ddcfdd9e38b979d7c2c8c4e7	vendor-or-firmware-source
week02/v01/vendor/wr-cores/testbench/wr_endpoint/old_ep/old_ep_wb_to_wrf.vhd	6030	2026-08-14T00:29:26.552253+00:00	ab9d7683bd22fc7de46c028f44794f7e2b90b84549d09bd75314972656228035	vendor-or-firmware-source
week02/v01/vendor/wr-cores/testbench/wr_endpoint/old_ep/old_ep_wishbone_controller.vhd	31908	2026-08-14T00:29:26.554253+00:00	d5182a11190f212589223a432b9757260a737a5e28402d87d601b03581800049	vendor-or-firmware-source
week02/v01/vendor/wr-cores/testbench/wr_endpoint/old_ep/old_ep_wrf_to_wb.vhd	5394	2026-08-14T00:29:26.555254+00:00	5ece1a02b068130a6610789a069000feab5feb1cf4a2eb6ccd2a18872e532aca	vendor-or-firmware-source
week02/v01/vendor/wr-cores/testbench/wr_endpoint/old_ep/old_wrsw_endpoint.vhd	32047	2026-08-14T00:29:26.557253+00:00	a0ddfa339568b968695b3a4f6b4b73f73a66b6703f80066187adca96621e642b	vendor-or-firmware-source
week02/v01/vendor/wr-cores/testbench/wr_ep_prbs_checker/Manifest.py	418	2026-08-14T00:29:26.559253+00:00	78673e75695e20076db61d84a536791a2d26e6e8a25b1e4a2f1b2c8e7c882ace	vendor-or-firmware-source
week02/v01/vendor/wr-cores/testbench/wr_ep_prbs_checker/main.sv	3481	2026-08-14T00:29:26.560253+00:00	145a0e13793431b9d95492ca7f3d03a3c66b73e24071135b8410ae47a00c8143	vendor-or-firmware-source
week02/v01/vendor/wr-cores/testbench/wr_fabric_reg/Manifest.py	397	2026-08-14T00:29:26.565253+00:00	53e307127c50e2bdda6c1c68433f3a918e063edf7852508006a96b0f3fd7e7a4	vendor-or-firmware-source
week02/v01/vendor/wr-cores/testbench/wr_minic/Manifest.py	336	2026-08-14T00:29:26.566253+00:00	97628a836f99f86526353871dcfa43b7057855067d7b36af489e8dfd89682327	vendor-or-firmware-source
week02/v01/vendor/wr-cores/testbench/wr_minic/README.md	250	2026-08-14T00:29:26.567253+00:00	8405a56a616349dd78258fde51fac1bc1cb91d47b9c9f10d698aa57b080aa041	vendor-or-firmware-source
week02/v01/vendor/wr-cores/testbench/wr_minic/main.sv	7594	2026-08-14T00:29:26.584253+00:00	56198d8869fc542b6dcc3aa930f7221cee331ff85a8a941ca6d3b4bde54ad9fd	vendor-or-firmware-source
week02/v01/vendor/wr-cores/testbench/wr_minic_with_ep/Manifest.py	257	2026-08-14T00:29:26.593253+00:00	a40c30d5b893ac580f5c115b771c5b01ee85df54de4356c08339598e32f802fe	vendor-or-firmware-source
week02/v01/vendor/wr-cores/testbench/wr_minic_with_ep/main.sv	7327	2026-08-14T00:29:26.596253+00:00	0ca2d637818cc46f10dfbcf8c4ecedacc811c7f7e4bce930108d01c9950907f1	vendor-or-firmware-source
week02/v01/vendor/wr-cores/testbench/wr_streamers/streamers-on-spec_trigger-distribution/Manifest.py	456	2026-08-14T00:29:26.601253+00:00	e06d718d8205b0cfc0e7cd46a03c57b60ee272e1e29c71d77bd7a43757e8db4b	vendor-or-firmware-source
week02/v01/vendor/wr-cores/testbench/wr_streamers/streamers-on-spec_trigger-distribution/modelsim/Manifest.py	209	2026-08-14T00:29:26.603253+00:00	7b7eb6421395d0caa3e7c9e2bd9b2d246185c3ea2fee6a27e2cbb7dd6ab1f68c	vendor-or-firmware-source
week02/v01/vendor/wr-cores/testbench/wr_streamers/streamers-on-spec_trigger-distribution/modelsim/main.sv	3113	2026-08-14T00:29:26.605253+00:00	6206d9cf6bc1a95837c67a795c3cbf699d3a0463d47d708b0320b96e1ed0a29c	vendor-or-firmware-source
week02/v01/vendor/wr-cores/testbench/wr_streamers/streamers-on-spec_trigger-distribution/riviera/Manifest.py	219	2026-08-14T00:29:26.609253+00:00	6feab208e1c223f333adf626bf11cc0dee54634626fe9a1406772fd8e1155b0d	vendor-or-firmware-source
week02/v01/vendor/wr-cores/testbench/wr_streamers/streamers-on-spec_trigger-distribution/riviera/main.sv	3161	2026-08-14T00:29:26.610253+00:00	72c1e4ea18fc09e28be18616a92b0efc01b280f4e7a8088aa4953c2aa3e88f73	vendor-or-firmware-source
week02/v01/vendor/wr-cores/testbench/wr_streamers/streamers-on-spec_trigger-distribution/synthesis_descriptor.vhd	1165	2026-08-14T00:29:26.614253+00:00	f8db7369e13f42b9309de126afe3c1d93b64baac068b41fbc9a86625bff2cfda	vendor-or-firmware-source
week02/v01/vendor/wr-cores/testbench/wr_streamers/streamers-only-fixed-latency/Manifest.py	401	2026-08-14T00:29:26.618253+00:00	427848eadbb125f54a96e3bbdf152e3330f96e4eb25b15b86a03799a35d2e192	vendor-or-firmware-source
week02/v01/vendor/wr-cores/testbench/wr_streamers/streamers-only-fixed-latency/main.sv	8334	2026-08-14T00:29:26.620253+00:00	e7105ed2308f4b220a7f793e4e79db6c79f0072407ea8e64156281ece4784d95	vendor-or-firmware-source
week02/v01/vendor/wr-cores/testbench/wr_streamers/streamers-only_basic-transfer/Manifest.py	384	2026-08-14T00:29:26.627253+00:00	971b12f208a6479b31cde9c0124fb92a7595c9ec2e8d6a93afb3a33c17854316	vendor-or-firmware-source
week02/v01/vendor/wr-cores/testbench/wr_streamers/streamers-only_basic-transfer/main.sv	6231	2026-08-14T00:29:26.628253+00:00	56f72c09907d4266204639186cb4df93c88a3dae6ecd5e22f0783ebae7cd0e3a	vendor-or-firmware-source
week02/v01/vendor/wr-cores/testbench/wr_streamers/streamers-only_multiword-transfer/Manifest.py	386	2026-08-14T00:29:26.637253+00:00	bfef496ef3b938499453089610f536b5d1f8bea6f9d543a74cc96f0aff911b66	vendor-or-firmware-source
week02/v01/vendor/wr-cores/testbench/wr_streamers/streamers-only_multiword-transfer/main.sv	7520	2026-08-14T00:29:26.638253+00:00	bdee6a9bd5f3197b3010a5e30df56c3688c6529975cf55480fff086ea7717236	vendor-or-firmware-source
week02/v01/vendor/wr-cores/testbench/wr_streamers/streamers_multi_test/Manifest.py	385	2026-08-14T00:29:26.645253+00:00	a23998d55863aba3bd1f372e3291c852e4ae4926145ae635a6d4db7d5d47f4ab	vendor-or-firmware-source
week02/v01/vendor/wr-cores/testbench/wr_streamers/streamers_multi_test/main.sv	27418	2026-08-14T00:29:26.652253+00:00	58caf21aa687583bd303246f401b006f33c6aa16c93a24d0410c2ca61d25312a	vendor-or-firmware-source
week02/v01/vendor/wr-cores/testbench/wrc_core/Manifest.py	403	2026-08-14T00:29:26.661253+00:00	e37fab9e4315708776270bb830db6340e2c19a72caec306dcc87d11af60a2c3f	vendor-or-firmware-source
week02/v01/vendor/wr-cores/testbench/wrc_core/main.sv	21625	2026-08-14T00:29:26.664253+00:00	a0cf6ef8bed006c1f4d19c38c6290290012d00dc3db6638f45cb15fa5cd8eff9	vendor-or-firmware-source
week02/v01/vendor/wr-cores/testbench/wrc_core/modelsim/Manifest.py	257	2026-08-14T00:29:26.666253+00:00	e82df3f5d3fa0ac423fb301628b0c7129ed78423e71816cf0d5f53f63a86927f	vendor-or-firmware-source
week02/v01/vendor/wr-cores/testbench/wrc_core/riviera/Manifest.py	328	2026-08-14T00:29:26.669253+00:00	d2a64ccf375ed84c73273aed88722213b62542fad1dfbafd5b6df8370767e9f6	vendor-or-firmware-source
week02/v01/vendor/wr-cores/testbench/xwrf_loopback/Manifest.py	451	2026-08-14T00:29:26.677253+00:00	073bbde11620caef49034f6fa8493f22206c4365eabe1f5f8fa6e934a45f0b7e	vendor-or-firmware-source
week02/v01/vendor/wr-cores/testbench/xwrf_loopback/README.md	615	2026-08-14T00:29:26.678253+00:00	007dc32a214bb20abb915b9dea2322c853908f3fb20971f2c80572246dcd40f7	vendor-or-firmware-source
week02/v01/vendor/wr-cores/testbench/xwrf_loopback/main.sv	3729	2026-08-14T00:29:26.680253+00:00	7f5911d81e35839ae79796d907cac0031acfb4d62d64110d6c58d4e821b468e7	vendor-or-firmware-source
week02/v01/vendor/wr-cores/testbench/xwrf_mux/Manifest.py	466	2026-08-14T00:29:26.689253+00:00	be56ec589028450ee5545ebb4ed9e51033d23b236b519d031b55f23d392f3fdb	vendor-or-firmware-source
week02/v01/vendor/wr-cores/testbench/xwrf_mux/main.sv	9361	2026-08-14T00:29:26.691253+00:00	7c68573fa7e4603c44039ce7aa6471a63225f1a1e8f194cc7a83383753892054	vendor-or-firmware-source
week02/v01/vendor/wr-cores/top/clbv2_ref_design/Manifest.py	305	2026-08-14T00:29:26.698252+00:00	683da6ecf53f4cde4ecc85c52245c3b00df374dd44f7123274f5a40a7f707318	vendor-or-firmware-source
week02/v01/vendor/wr-cores/top/clbv2_ref_design/clbv2_wr_ref_top.vhd	13712	2026-08-14T00:29:26.702253+00:00	74ceda129c78c1844b51f3505adc4cab388361eb7933562269528ad763bf07c0	vendor-or-firmware-source
week02/v01/vendor/wr-cores/top/clbv3_ref_design/Manifest.py	305	2026-08-14T00:29:26.705252+00:00	24dff6e87d5c5073610ec3afd25a2cc8448312ac6ff0a4e387c17eae79e8cda6	vendor-or-firmware-source
week02/v01/vendor/wr-cores/top/clbv3_ref_design/clbv3_wr_ref_top.vhd	17394	2026-08-14T00:29:26.707253+00:00	378e21115188654e1d91f3afa1697f627bd0f58126667dc2dc9673c31acbfbd7	vendor-or-firmware-source
week02/v01/vendor/wr-cores/top/clbv4_ref_design/Manifest.py	305	2026-08-14T00:29:26.711252+00:00	5e65d9cff423e5a5a4b4e757d3a214362ac0a19e2de0ba8d5c18bea0c02d71ea	vendor-or-firmware-source
week02/v01/vendor/wr-cores/top/clbv4_ref_design/clbv4_wr_ref_top.vhd	17547	2026-08-14T00:29:26.714252+00:00	7b399417112017eafc868d3a20cfe776f741b86edb673f74ceb90983312ecd15	vendor-or-firmware-source
week02/v01/vendor/wr-cores/top/cute_ref_design/Manifest.py	351	2026-08-14T00:29:26.717252+00:00	277c2756558d7901d2a3273359b01e8b3c61d9285bf7c055580c0548df77463f	vendor-or-firmware-source
week02/v01/vendor/wr-cores/top/cute_ref_design/cute_core_ref_top.vhd	11536	2026-08-14T00:29:26.719252+00:00	b2f59c5c79112fbb820c7a3e277dc8d041dd8bc0add9008e90411e34352df4dd	vendor-or-firmware-source
week02/v01/vendor/wr-cores/top/cute_ref_design/cute_wr_ref_top.vhd	12678	2026-08-14T00:29:26.721252+00:00	ccbcf218ce7f6f47c121b28e5a91fa2903119728240e14be0c938c39d52dd728	vendor-or-firmware-source
week02/v01/vendor/wr-cores/top/diot_wr_mpsoc/diot_bd.tcl	38361	2026-08-14T00:29:26.725252+00:00	1c1e36d053cb6b7db7e561738132fe839e73aa4e65f62f6281f9e73afbf43095	vendor-or-firmware-source
week02/v01/vendor/wr-cores/top/diot_wr_mpsoc/diot_ps_config.tcl	21438	2026-08-14T00:29:26.726252+00:00	004f9c9daaf0ad60c11a603e0d323bc6a7e2f0c22a7d3109a8136a29e10561bc	vendor-or-firmware-source
week02/v01/vendor/wr-cores/top/diot_wr_mpsoc/diot_wr_mpsoc.tcl	186648	2026-08-14T00:29:26.730252+00:00	5df1f5167c48902adda5c78542209549738531d60cd76b40dc72a7f69c336436	vendor-or-firmware-source
week02/v01/vendor/wr-cores/top/fasec_ref_design/system_top.tcl	69528	2026-08-14T00:29:26.736252+00:00	d2df2f4eddf69cda098ac2793ae1bb7770ecdc9eebe14702c593e9c9ef1d52c6	vendor-or-firmware-source
week02/v01/vendor/wr-cores/top/pxie_fmc_ref_design/Manifest.py	311	2026-08-14T00:29:26.738252+00:00	8039fc7ea4d0a2af66837402c989feddee9697366e6e284b3195ea282221d4dd	vendor-or-firmware-source
week02/v01/vendor/wr-cores/top/pxie_fmc_ref_design/pxie_fmc_ref_top.vhd	7166	2026-08-14T00:29:26.739252+00:00	75d733143b026d27e56e270dc5b2d1e29284ef2237a341db490b86866ffe6897	vendor-or-firmware-source
week02/v01/vendor/wr-cores/top/spec_1_1/wr_core_demo/Manifest.py	102	2026-08-14T00:29:26.743252+00:00	3a192750629e5331071f50e3ddfb1a6cda8e526ee286decbe55971deb94711e5	vendor-or-firmware-source
week02/v01/vendor/wr-cores/top/spec_1_1/wr_core_demo/spec_reset_gen.vhd	1220	2026-08-14T00:29:26.744252+00:00	46465dca5e9f61ae0ec4e90f3a3b0e3a3eaf84a2e0c59c176ad17858f4490540	vendor-or-firmware-source
week02/v01/vendor/wr-cores/top/spec_1_1/wr_core_demo/spec_top.vhd	29054	2026-08-14T00:29:26.748252+00:00	84fd1ca0d16c6d8789a6fffc7829fe0e0bfdc79618d607af9bd3f522554102a6	vendor-or-firmware-source
week02/v01/vendor/wr-cores/top/spec_1_1/wr_streamers_demo/Manifest.py	190	2026-08-14T00:29:26.749252+00:00	d54007f8ec8cd85b9a77e83aaa3601ade71f43b89a01e6d111c6920440dc7f9a	vendor-or-firmware-source
week02/v01/vendor/wr-cores/top/spec_1_1/wr_streamers_demo/spec_top.vhd	28819	2026-08-14T00:29:26.752252+00:00	aa427f81b26b3aeefeb75463e82cf6a14d1a5031fd2fd4380f8d953963587663	vendor-or-firmware-source
week02/v01/vendor/wr-cores/top/spec_1_1/wr_streamers_demo/timestamp_adder.vhd	7473	2026-08-14T00:29:26.753252+00:00	108b2108d3225ea331ed54dc908c59ab7ef627e796eaaf4a2aeea04d26d77903	vendor-or-firmware-source
week02/v01/vendor/wr-cores/top/spec_ref_design/Manifest.py	346	2026-08-14T00:29:26.755252+00:00	4b6c950e1f5a22845fe49412ac8dc20588d219c6a2c8af732aa32373f4ef9658	vendor-or-firmware-source
week02/v01/vendor/wr-cores/top/spec_ref_design/spec_wr_ref_top.vhd	19757	2026-08-14T00:29:26.757252+00:00	9bbb4e5978d74a5baa0859e1bc8e6ded42727382086c38ee9c5894fe37c1f6dc	vendor-or-firmware-source
week02/v01/vendor/wr-cores/top/svec_ref_design/Manifest.py	346	2026-08-14T00:29:26.759252+00:00	9e61b9fb90643695eaea0d48bf390847a6fc0a9240e6d4e7ae6c313f52280a4b	vendor-or-firmware-source
week02/v01/vendor/wr-cores/top/svec_ref_design/svec_wr_ref_top.vhd	18502	2026-08-14T00:29:26.760252+00:00	6040c1a928845235f7bf91f97f8a97f0a9c631ca395aa59bd9ca679ecdd44fdf	vendor-or-firmware-source
week02/v01/vendor/wr-cores/top/vfchd_ref_design/Manifest.py	508	2026-08-14T00:29:26.762252+00:00	7885533fc573b5fbb146c11189ce9d8178716740f11f2cc9fcfc981b94418746	vendor-or-firmware-source
week02/v01/vendor/wr-cores/top/vfchd_ref_design/vfchd_i2cmux/I2cMuxAndExpMaster.v	19976	2026-08-14T00:29:26.764252+00:00	2f839a894246d8bebf2e2deb9f574c0c7ccaeac722f89b3bc5fb93b4c4068258	vendor-or-firmware-source
week02/v01/vendor/wr-cores/top/vfchd_ref_design/vfchd_i2cmux/I2cMuxAndExpReqArbiter.v	62332	2026-08-14T00:29:26.767252+00:00	927590aac87a373233d61b14ae37f54edd70e39ddac55d3e76223096528f2dbc	vendor-or-firmware-source
week02/v01/vendor/wr-cores/top/vfchd_ref_design/vfchd_i2cmux/SfpIdReader.v	1865	2026-08-14T00:29:26.769252+00:00	f7a4cb16b33db97c17bf4956b7b9a692801a9eddbda62c55cdc49f009b731229	vendor-or-firmware-source
week02/v01/vendor/wr-cores/top/vfchd_ref_design/vfchd_i2cmux/vfchd_i2cmux_pkg.vhd	8096	2026-08-14T00:29:26.770252+00:00	21ad5baf3fd5e4dadaa9b522895d507cb2a3516519ac79baec2bd859c1af3499	vendor-or-firmware-source
week02/v01/vendor/wr-cores/top/vfchd_ref_design/vfchd_wr_ref_top.vhd	29199	2026-08-14T00:29:26.772252+00:00	311b1cb70c384410f21c5c5914154a679359d0681b8dd05dca28600aadb72fd8	vendor-or-firmware-source
week02/v01/vendor/wr-cores/top/vxs_ref_design/Manifest.py	365	2026-08-14T00:29:26.774252+00:00	324d77ec1aed2af078ed871b29154026843e5db60228a76fe4b2cd1d7408bd03	vendor-or-firmware-source
week02/v01/vendor/wr-cores/top/vxs_ref_design/vxs_wr_ref_top.vhd	17751	2026-08-14T00:29:26.777252+00:00	b53bebb9ea6c1ba5dea403876526c4873c2da91e666f91f9c65c94866eeb91a9	vendor-or-firmware-source
week02/v01/vendor/wr-cores-arria10/ip_cores/general-cores/modules/common/gc_sync_ffs.vhd	4241	2026-08-14T00:57:00.332630+00:00	fb71ec7f503d95d499873b72423cc858dc9ac71c11d6a71ccd96d9ddb389883b	vendor-or-firmware-source
week02/v01/vendor/wr-cores-arria10/ip_cores/general-cores/modules/common/gencores_pkg.vhd	27602	2026-08-14T00:57:00.329630+00:00	5e3cec9fed635d4a0fee3da37bd2d69264fd868bfb18d8f2d9464aeeaefd3dcc	vendor-or-firmware-source
week02/v01/vendor/wr-cores-arria10/ip_cores/general-cores/modules/genrams/genram_pkg.vhd	10882	2026-08-14T00:57:00.335630+00:00	beb1c915e5f1e073a49858ad100acb8a9f7a6b0692f130fc208e5035489815d9	vendor-or-firmware-source
week02/v01/vendor/wr-cores-arria10/ip_cores/general-cores/modules/wishbone/wishbone_pkg.vhd	87406	2026-08-14T00:57:00.339630+00:00	be81eca361a8c7197724900a76127fc02d0ad39ec6b575519afff8c5aa9fcd73	vendor-or-firmware-source
week02/v01/vendor/wr-cores-arria10/ip_cores/general-cores/platform/altera/networks/altera_networks_pkg.vhd	495	2026-08-14T00:57:00.342630+00:00	068d379f24f4e057c65097f3556ebc9b94bcf26f240fd0a794fe0ef3138dbba2	vendor-or-firmware-source
week02/v01/vendor/wr-cores-arria10/modules/fabric/wr_fabric_pkg.vhd	7125	2026-08-14T00:57:00.325630+00:00	9de6edb3fd0e56e15d725d6be968868eda72a7539d5547ba607065ec61024d53	vendor-or-firmware-source
week02/v01/vendor/wr-cores-arria10/modules/wr_endpoint/endpoint_pkg.vhd	21776	2026-08-14T00:57:00.322630+00:00	f9968e8777efbcfa9098d8e158775a804accef454f321ae77821480614dc0585	vendor-or-firmware-source
week02/v01/vendor/wr-cores-arria10/platform/altera/wr_altera_pkg.vhd	59002	2026-08-14T00:57:00.318630+00:00	192b412e752fca5403b8f3e5f7a3ed6cddf1a291f8179ad801f8222fc0ce7ec0	vendor-or-firmware-source
week02/v01/vendor/wr-cores-arria10/platform/altera/wr_arria10_phy.vhd	42251	2026-08-14T12:22:24.006601+00:00	dbc65b60ac0e7424e2b35a55a8e9c12cc006ea8c365252b039f64daabed16207	vendor-or-firmware-source
week02/v01/vendor/wrpc-sw/Kconfig	22526	2026-08-14T06:06:22.696024+00:00	58d8f76c027179b8d55cabb88987eaac8bf6c50885f08a45a2fa8cfaa9cd551c	vendor-or-firmware-source
week02/v01/vendor/wrpc-sw/Makefile	10237	2026-08-14T09:59:55.738242+00:00	187e8edee84cad402f83eedba83165a1d1964e9179823516e463472a443b62d6	vendor-or-firmware-source
week02/v01/vendor/wrpc-sw/arch/lm32/crt0.h	550	2026-08-14T06:06:22.704024+00:00	70733e9f47b520e7340cf205597d3ce4531d5699bdf26be06d29a30c37a754a0	vendor-or-firmware-source
week02/v01/vendor/wrpc-sw/arch/lm32/irq.c	1021	2026-08-14T06:06:22.705024+00:00	7e77ed9262eff47bc57e2e8d64875b7f6ef46d4e79aed5cc9621028e9c7ca02c	vendor-or-firmware-source
week02/v01/vendor/wrpc-sw/arch/risc-v/crt0.h	519	2026-08-14T06:06:22.715024+00:00	7b54692dd58fac65c9b78ee9685e6e43cd182cf650fd978021b32cc76e8d908c	vendor-or-firmware-source
week02/v01/vendor/wrpc-sw/arch/risc-v/irq_helper.c	802	2026-08-14T06:06:22.717024+00:00	3f67ae20b27e0ff1dbace29f98cec6215eb0b48a99db6fbd30a19e9396654830	vendor-or-firmware-source
week02/v01/vendor/wrpc-sw/boards/afcz/board.c	23028	2026-08-14T06:06:22.721024+00:00	63a60851aa61d24e97861f6e641291afb0a2fd33016d948a9629ab12af196c47	vendor-or-firmware-source
week02/v01/vendor/wrpc-sw/boards/afcz/board.h	2280	2026-08-14T06:06:22.722024+00:00	b95d5ed31675fe71d601e0704d0e4002c209451f5e602c81da3600723655564c	vendor-or-firmware-source
week02/v01/vendor/wrpc-sw/boards/boards.mk	1792	2026-08-14T06:06:22.724024+00:00	701bba19bc8723b1a051013b28fd0314d528abd54fe4bf46b775438dffe3af42	vendor-or-firmware-source
week02/v01/vendor/wrpc-sw/boards/ertm14/board-aux.h	2330	2026-08-14T06:06:22.725024+00:00	a4ecb52f264b989fccc2a3ca891113395e31e6de3a715637401b420bccbe7c41	vendor-or-firmware-source
week02/v01/vendor/wrpc-sw/boards/ertm14/board-state.h	7776	2026-08-14T06:06:22.727024+00:00	6e7c8b5c899b53fcc36606a639bc9309eff9da28ca3578b1345832bb6dfba121	vendor-or-firmware-source
week02/v01/vendor/wrpc-sw/boards/ertm14/board.c	101073	2026-08-14T06:06:22.730024+00:00	060c52321cfda3faadca8c6ea6a5f7a1c8b71fb4c48967b43ee94b64e3a42c86	vendor-or-firmware-source
week02/v01/vendor/wrpc-sw/boards/ertm14/board.h	6230	2026-08-14T06:06:22.732024+00:00	263ed1365ae9e796c450b7c75d12d8cfc6eaccc57266b60cedbea5caad634035	vendor-or-firmware-source
week02/v01/vendor/wrpc-sw/boards/ertm14/cmd_ertm14.c	11559	2026-08-14T06:06:22.733024+00:00	c23be4e7d022a3e6e6b9e7bbda3a01be3725123baab2a86d1b2fc515ad41ab33	vendor-or-firmware-source
week02/v01/vendor/wrpc-sw/boards/ertm14/common-uart-link.c	7683	2026-08-14T06:06:22.734024+00:00	b15d48bec82cb0cb21a3809f2dd1aa70631cf1a3b17148e1cedd77fd74c895da	vendor-or-firmware-source
week02/v01/vendor/wrpc-sw/boards/ertm14/common-uart-link.h	2871	2026-08-14T06:06:22.736024+00:00	2fbbc2b20c540085cddddfa9539533b6de0a603f20d881cd982807b2e115573e	vendor-or-firmware-source
week02/v01/vendor/wrpc-sw/boards/ertm14/configs/ad9510_convert_regs.py	414	2026-08-14T06:06:22.737024+00:00	03abaef8f6f48f1e460bf9755a01606a2c8e81cd0c17a2639b3f09e5cb1869cf	vendor-or-firmware-source
week02/v01/vendor/wrpc-sw/boards/ertm14/configs/ertm_14_pll_ext_10mhz.h	1267	2026-08-14T06:06:22.739024+00:00	0be3dd76dd110821c4a04284ac477be25d8dbb51877b868718910719b9cc34b3	vendor-or-firmware-source
week02/v01/vendor/wrpc-sw/boards/ertm14/configs/ertm_14_pll_main_dot050_config.h	1267	2026-08-14T06:06:22.741024+00:00	ccaa5929943cbfa3f943a77f5f03f1088d03ed18be4b5f41884e477274a5b4e6	vendor-or-firmware-source
week02/v01/vendor/wrpc-sw/boards/ertm14/configs/ertm_14_pll_ocxo_config.h	1267	2026-08-14T06:06:22.743024+00:00	ad6e1b0bc214be2913c6b7c846655d9ad01c9cd51b682fb5279b8ab1d8d0568f	vendor-or-firmware-source
week02/v01/vendor/wrpc-sw/boards/ertm14/configs/ertm_15_ad9520_default_config.h	1598	2026-08-14T06:06:22.744024+00:00	eb03203223429f775d3c6a4937c45cbd1703e298e8e4760a13755c5eb7527670	vendor-or-firmware-source
week02/v01/vendor/wrpc-sw/boards/ertm14/configs/ertm_15_ltc6950_config.h	661	2026-08-14T06:06:22.746024+00:00	3dfb7208224bbd51aa5f217e19b4abf9103a3e78d5e29c240bc12b0430ccc357	vendor-or-firmware-source
week02/v01/vendor/wrpc-sw/boards/ertm14/configs/ertm_15_ltc6950_config_rev1.h	661	2026-08-14T06:06:22.748024+00:00	3dfb7208224bbd51aa5f217e19b4abf9103a3e78d5e29c240bc12b0430ccc357	vendor-or-firmware-source
week02/v01/vendor/wrpc-sw/boards/ertm14/configs/ertm_15_ltc6950_config_rev2.h	775	2026-08-14T06:06:22.749024+00:00	36d40293b85f1d85fba3b0e079cd69e36a31b09355c882402325cfd33bb43c3c	vendor-or-firmware-source
week02/v01/vendor/wrpc-sw/boards/ertm14/configs/ertm_15_ltc6953_bootstrap_config.h	902	2026-08-14T06:06:22.750024+00:00	c858068aa2be7b4f36c824f607267882458175bd16d4a62430028a56336b42bc	vendor-or-firmware-source
week02/v01/vendor/wrpc-sw/boards/ertm14/configs/generate_config_headers.sh	94	2026-08-14T06:06:22.751024+00:00	15b43a28d986065c5c6cd8ff171db33ed805cca9f2a89f3d045ed0f61dc8f353	vendor-or-firmware-source
week02/v01/vendor/wrpc-sw/boards/ertm14/console-ertm.c	966	2026-08-14T06:06:22.752024+00:00	4adfbe329c4c64114c271b9410c198e6f83bbcdcfb1890c31f4e51f22c6cc4fd	vendor-or-firmware-source
week02/v01/vendor/wrpc-sw/boards/ertm14/ertm-common.h	998	2026-08-14T06:06:22.753024+00:00	7c6130ccf827d4a55076898b8a09a94a3370b57847ff6bbd9ade08c70e4682ba	vendor-or-firmware-source
week02/v01/vendor/wrpc-sw/boards/ertm14/ertm15_rf_distr.c	17189	2026-08-14T06:06:22.755024+00:00	df85931b24228338f0e16ee1d4b7da548314615ac6457c3c70874eecad285f29	vendor-or-firmware-source
week02/v01/vendor/wrpc-sw/boards/ertm14/ertm15_rf_distr.h	2565	2026-08-14T06:06:22.756024+00:00	4aae39f2634fc2f0a0282c86655b754e713dbbcddaf59e19abbb5e21deca046e	vendor-or-firmware-source
week02/v01/vendor/wrpc-sw/boards/ertm14/hw/wb_10mhz_align_unit.h	2660	2026-08-14T06:06:22.758024+00:00	3caa123fd8d4b1d84f52d742fe2ef592a382d1cd756fa6b6d5d2a40347ad0890	vendor-or-firmware-source
week02/v01/vendor/wrpc-sw/boards/ertm14/hw/wr_rf_frame_transceiver_regs.h	7467	2026-08-14T06:06:22.759024+00:00	be60353bbc6b6fc1e99c8a8524f533c89d04cabfc4735636987bfce35740eca4	vendor-or-firmware-source
week02/v01/vendor/wrpc-sw/boards/ertm14/phy_calibration.c	25829	2026-08-14T06:06:22.761024+00:00	2e9b70049fd9802c2052220f19a2c1f1bc0f409b7956615797494a23ac12a363	vendor-or-firmware-source
week02/v01/vendor/wrpc-sw/boards/ertm14/psnmp-proto.h	3702	2026-08-14T06:06:22.762024+00:00	1eb69a3bc67ce34f1e99764c72a816bfb0d0e0ff8d7c2c345513079c9b1855f0	vendor-or-firmware-source
week02/v01/vendor/wrpc-sw/boards/ertm14/rf_frame_transceiver.c	1447	2026-08-14T06:06:22.764024+00:00	698325a77e2f2b94cc8eac31c970b39fa9299a030948566418c6b350f98b2c5d	vendor-or-firmware-source
week02/v01/vendor/wrpc-sw/boards/ertm14/rf_frame_transceiver.h	1229	2026-08-14T06:06:22.765024+00:00	87e47d4693604aa8b3b3e07e2a120d3474a442c68d410bbfc61b529a38ab14b8	vendor-or-firmware-source
week02/v01/vendor/wrpc-sw/boards/ertm14/sdbfs-custom-image.c	99	2026-08-14T06:06:22.766024+00:00	f32c60556daf20b71206f9572679096dbac93643bb739515eb28f6510bb9d608	vendor-or-firmware-source
week02/v01/vendor/wrpc-sw/boards/ertm14/wrpc-uart-link.c	1646	2026-08-14T06:06:22.775024+00:00	06f9c9cc3739d88968b26321a38b4b7e9af702776d8b456a7319236c389a8797	vendor-or-firmware-source
week02/v01/vendor/wrpc-sw/boards/generic/board-config.h	2719	2026-08-14T06:06:22.777024+00:00	78fe1a28e3feb72112a698cec6fa559c17f2d61272736949085acadcbe6d9f0e	vendor-or-firmware-source
week02/v01/vendor/wrpc-sw/boards/generic/board-decl.h	248	2026-08-14T06:06:22.778024+00:00	c64c1f82cd3601e93897794e73c9cb4ea88c76990a199995c929f9a2c798ecea	vendor-or-firmware-source
week02/v01/vendor/wrpc-sw/boards/generic/board.c	1307	2026-08-14T06:06:22.779024+00:00	cec577946cb09dc44041a8462968bc1277e9173bb670bdca131de260ecc42a4f	vendor-or-firmware-source
week02/v01/vendor/wrpc-sw/boards/generic/generic-storage.c	1772	2026-08-14T06:06:22.780024+00:00	7043d9cd0a38f57731ffb98ad9c53d1ef2e790055589c207152435faa5215dbf	vendor-or-firmware-source
week02/v01/vendor/wrpc-sw/boards/pxie-fmc/board-config.h	1322	2026-08-14T06:06:22.782024+00:00	e6a129445588acd78a424d8344fc7c20c99f496abc57ee33f86e17719ea03e81	vendor-or-firmware-source
week02/v01/vendor/wrpc-sw/boards/pxie-fmc/board.c	1809	2026-08-14T06:06:22.784024+00:00	180a61e851d1ffd0fd5aa9dd2d5ac0d151efc04967505f215a25d79d039d20d7	vendor-or-firmware-source
week02/v01/vendor/wrpc-sw/boards/sis8300ku/board.c	3456	2026-08-14T06:06:22.786024+00:00	43397f82680efd85c57dac19491d72b89ef160cf6bb301e23c6ea72b2b3ed967	vendor-or-firmware-source
week02/v01/vendor/wrpc-sw/boards/sis8300ku/board.h	1392	2026-08-14T06:06:22.787024+00:00	c6d3ee0324e47853c0d0f1e24b0cb4c4762bf4466e4ca9d042827c36799c40c9	vendor-or-firmware-source
week02/v01/vendor/wrpc-sw/boards/sis8300ku/sdbfs-image.h	1045	2026-08-14T06:06:22.788024+00:00	1740ae34b27248325042832a80e990d8d86c7de8000ae29f6caf1e48872cf20a	vendor-or-firmware-source
week02/v01/vendor/wrpc-sw/boards/spec_silabs/board.c	1631	2026-08-14T06:06:22.794024+00:00	247eef8e1c514c4ec5838b6ce2dcef7e5cb69f4b58f1556b2fd7827b55e67c6f	vendor-or-firmware-source
week02/v01/vendor/wrpc-sw/boards/wr-switch/ad9516.c	9089	2026-08-14T06:06:22.796024+00:00	8e0326333112dce40dda366910847dd477fc8138c06876196e110c58d4715e63	vendor-or-firmware-source
week02/v01/vendor/wrpc-sw/boards/wr-switch/ad9516_config.h	4378	2026-08-14T06:06:22.797024+00:00	ec150b79169143729e87818ce47667611bbf67532566da73aed07cd8dbc9cd8b	vendor-or-firmware-source
week02/v01/vendor/wrpc-sw/boards/wr-switch/board.h	950	2026-08-14T06:06:22.799024+00:00	f739f9fcaa69ea3eec6fd787ee1b88449f022a3f3b8bb0d65635b0e5f9faeca4	vendor-or-firmware-source
week02/v01/vendor/wrpc-sw/boards/wr-switch/gpio-wrs.c	1353	2026-08-14T06:06:22.800024+00:00	dae4c815d79758cd2a6d46d057fb6d106b0c59890fca8f3e745cd76c6505ebb2	vendor-or-firmware-source
week02/v01/vendor/wrpc-sw/boards/wr-switch/gpio-wrs.h	441	2026-08-14T06:06:22.801024+00:00	2ac6fb5673ccfbc84928193f2fc88e001474963e242170031d64012e4189ee31	vendor-or-firmware-source
week02/v01/vendor/wrpc-sw/boards/wr-switch/main.c	2091	2026-08-14T06:06:22.802024+00:00	833a803ef1f3ba0c3b115b487254fa9169da7ab1d9e872c6f4bae8d69c9d3c9f	vendor-or-firmware-source
week02/v01/vendor/wrpc-sw/boards/wr2rf-vme/board-config.h	1576	2026-08-14T06:06:22.804024+00:00	d8c07e48fb9c19df1bde83968a8347a3508060d3b278ebbcf49d2e55162330c3	vendor-or-firmware-source
week02/v01/vendor/wrpc-sw/boards/wr2rf-vme/board.c	5017	2026-08-14T06:06:22.805024+00:00	d6d5ba56363dcbb0d65dfe9d83c0e00e56a7a592f7072fad932b612476c67570	vendor-or-firmware-source
week02/v01/vendor/wrpc-sw/boards/wr2rf-vme/sdbfs-custom-image.c	99	2026-08-14T06:06:22.806024+00:00	f32c60556daf20b71206f9572679096dbac93643bb739515eb28f6510bb9d608	vendor-or-firmware-source
week02/v01/vendor/wrpc-sw/check-error.c	1354	2026-08-14T06:06:22.811023+00:00	8d485668d41dced59a04ee31dce95c9620f2427971d0e1e8139aaf6015faf95c	vendor-or-firmware-source
week02/v01/vendor/wrpc-sw/compare_size.sh	3633	2026-08-14T06:06:22.812024+00:00	fb82feecc1143e7d49bcd99f903d0d4af66e5d35f9121f36ec11bf213a0ed204	vendor-or-firmware-source
week02/v01/vendor/wrpc-sw/dev/24aa025.c	1558	2026-08-14T06:06:22.836023+00:00	8f77adc421bc8f773f872299947fb6b0af593d4740724350c5c46f9514674a42	vendor-or-firmware-source
week02/v01/vendor/wrpc-sw/dev/74x595.c	4764	2026-08-14T06:06:22.838023+00:00	9804968fcfbdfa8cc5cf8d8b0c2ab3a27ec64274ab692ed2637e2852b7e1b4b1	vendor-or-firmware-source
week02/v01/vendor/wrpc-sw/dev/ad7888.c	2935	2026-08-14T06:06:22.839023+00:00	b17ad6147de8e14e3d376740a4ac54e3bd9ba7223c6dcd865b27f914e6f5bdbe	vendor-or-firmware-source
week02/v01/vendor/wrpc-sw/dev/ad951x.c	3007	2026-08-14T06:06:22.841023+00:00	2011a776ab29addb79e758f6c69336090171f04b4b9560cec790ec6bb59cb6e6	vendor-or-firmware-source
week02/v01/vendor/wrpc-sw/dev/ad9520.c	3502	2026-08-14T06:06:22.842023+00:00	f275909169c01216be56ebf96a94422b682e497b98b2ada00473369a7de30852	vendor-or-firmware-source
week02/v01/vendor/wrpc-sw/dev/ad9910.c	5037	2026-08-14T06:06:22.843023+00:00	ff7b287352eb64372d255a85515c9cd2a8234dc7595d5bdb6e858bca91abba03	vendor-or-firmware-source
week02/v01/vendor/wrpc-sw/dev/bb_i2c.c	2494	2026-08-14T06:06:22.844023+00:00	3d60c13a7a464558d997e78a6a9acdf1e74d11d2a863f426300649ce4fb4c338	vendor-or-firmware-source
week02/v01/vendor/wrpc-sw/dev/bb_spi.c	4724	2026-08-14T06:06:22.845023+00:00	57e128843a4f1ff1a66df387332a5f4ffb81b45c685d4072fbcdf3ea4c966456	vendor-or-firmware-source
week02/v01/vendor/wrpc-sw/dev/clock_monitor.c	2145	2026-08-14T06:06:22.847023+00:00	1054bd4f5a1fdd250b837e6e7bac8963d25fac4c71b67c84fd14a6bbeffc4d00	vendor-or-firmware-source
week02/v01/vendor/wrpc-sw/dev/console-ipmi.c	3053	2026-08-14T06:06:22.848023+00:00	189f17783429fc264b5bef0c1d710070f8832f74e8ac95b2a93286e4456958c8	vendor-or-firmware-source
week02/v01/vendor/wrpc-sw/dev/console-net.c	1261	2026-08-14T06:06:22.849023+00:00	275cfea364c8c9c379ae615323337b1e3f9978b093bf3fb5abd0b2583daa9585	vendor-or-firmware-source
week02/v01/vendor/wrpc-sw/dev/console-uart.c	5272	2026-08-14T06:06:22.850023+00:00	5de0f07a2961b67609aedc4705ca51043877e3f824f2ff1ff7ecd9b9158e96d5	vendor-or-firmware-source
week02/v01/vendor/wrpc-sw/dev/console.c	1762	2026-08-14T06:06:22.851023+00:00	e5bdf3e258e061d3ac4b647ba2b1de352550ac45f9f861c13c12d134b542b8fb	vendor-or-firmware-source
week02/v01/vendor/wrpc-sw/dev/dac_log.c	2184	2026-08-14T06:06:22.853023+00:00	5f4818493bde296074ed49983f3e8c18418de3b0d32b208ff872f7ebaa0ca81a	vendor-or-firmware-source
week02/v01/vendor/wrpc-sw/dev/dev.mk	2242	2026-08-14T06:06:22.854023+00:00	d9bb643db3a7fd6d4f80bb62328b103a781ee23b3b79171927cedc29b4d8d82d	vendor-or-firmware-source
week02/v01/vendor/wrpc-sw/dev/endpoint.c	6166	2026-08-14T06:06:22.855023+00:00	b988e5a9727651c7d46c1264e5fe79f71dab70101a7d8b784ba5d5e1b7ce6e0e	vendor-or-firmware-source
week02/v01/vendor/wrpc-sw/dev/ep_pfilter.c	2617	2026-08-14T06:06:22.856023+00:00	200527815ab2857cb2233f56973cb952c10fdbb9fe513fb32dc729e2abb0706c	vendor-or-firmware-source
week02/v01/vendor/wrpc-sw/dev/etherbone.c	524	2026-08-14T06:06:22.858023+00:00	67179a77c56866a7eb04ae5083f78337a1ba903fb6d2285016962adc526db23d	vendor-or-firmware-source
week02/v01/vendor/wrpc-sw/dev/fine_pulse_generator.c	9637	2026-08-14T06:06:22.859023+00:00	1e7cda2abf4ca8e171769dd13137f8fe5cfe4e1f56289c60bddaca12c79c73db	vendor-or-firmware-source
week02/v01/vendor/wrpc-sw/dev/flash.c	665	2026-08-14T06:06:22.860023+00:00	3375595045473bc54fef78466c995c47dd14a881adfdbfa6ff90f32d4f768b90	vendor-or-firmware-source
week02/v01/vendor/wrpc-sw/dev/fram.c	3499	2026-08-14T06:06:22.861023+00:00	8f750473afa544d4f7aa9d9cddd2a35e5d6e481641ed6b5c9b47eb6a357e921a	vendor-or-firmware-source
week02/v01/vendor/wrpc-sw/dev/gpio.c	2790	2026-08-14T06:06:22.863023+00:00	b4cbce5244a59ecd879bd12a3b036d98dfea99ede4be745435de0ccd8754b042	vendor-or-firmware-source
week02/v01/vendor/wrpc-sw/dev/i2c_eeprom.c	2448	2026-08-14T06:06:22.864023+00:00	9712ddf7761f44d66f61297199d73f60d9f2e927a273677f1880879612cf0ef6	vendor-or-firmware-source
week02/v01/vendor/wrpc-sw/dev/iuart.c	14000	2026-08-14T06:06:22.865023+00:00	c0f412bbbf0f89dd0efdb1dbed4716fc5b111700b5e078ce9498cbb15a43cb8f	vendor-or-firmware-source
week02/v01/vendor/wrpc-sw/dev/leds.c	3527	2026-08-14T06:06:22.866023+00:00	7b569db90bb9ced539b94acf7e6e601a7531f17397f8c781ae37a5fbd6bb7ac9	vendor-or-firmware-source
week02/v01/vendor/wrpc-sw/dev/ltc695x.c	4228	2026-08-14T06:06:22.868023+00:00	d984dc14730676424b5606e1e1eceb55131987955dced1fe1696af0a605771c8	vendor-or-firmware-source
week02/v01/vendor/wrpc-sw/dev/minic.c	9541	2026-08-14T06:06:22.869023+00:00	3b3d2b5a85320671f7ac501aaba92c816d2e5a1252059305709506d7d6d847f9	vendor-or-firmware-source
week02/v01/vendor/wrpc-sw/dev/netif.c	1242	2026-08-14T06:06:22.870023+00:00	9a4dc4404ad66e3904d82e4a5ea6f2651b5e41d09fa078190648d60658245179	vendor-or-firmware-source
week02/v01/vendor/wrpc-sw/dev/pps_gen.c	3942	2026-08-14T06:19:48.801262+00:00	2cef25fe2bdfd1b54a53ec7a0b435a384c50e3ac0d94a825d1c626a454fa6d18	vendor-or-firmware-source
week02/v01/vendor/wrpc-sw/dev/puts-syslog.c	605	2026-08-14T06:06:22.872023+00:00	a7d6c71252dfe7cbff199516fcee34a7b5c7a7f4a7467d337592b692d4a94744	vendor-or-firmware-source
week02/v01/vendor/wrpc-sw/dev/rxts_calibrator.c	7886	2026-08-14T06:06:22.874023+00:00	37bf52328bb86fb864eac6e1ab9b47413e4025030b9723e9358b34144dc0aa42	vendor-or-firmware-source
week02/v01/vendor/wrpc-sw/dev/sdbfs.c	3727	2026-08-14T06:06:22.875023+00:00	a4720c7653401ac06e9c5957046b847c362ef29417d4507a64d8363ae5a37366	vendor-or-firmware-source
week02/v01/vendor/wrpc-sw/dev/sensors.c	1998	2026-08-14T06:06:22.876023+00:00	efbbc7f501b027e5782eecfc2b66be674f0482a3594be458bf8fd95a769ddec6	vendor-or-firmware-source
week02/v01/vendor/wrpc-sw/dev/sfp.c	3254	2026-08-14T06:06:22.877023+00:00	2c617c94326973f81b264b460ca300ea938d739ba04a0e39496d1d2e092e3a04	vendor-or-firmware-source
week02/v01/vendor/wrpc-sw/dev/si57x.c	6729	2026-08-14T06:06:22.879023+00:00	fc5c60facd44d552dfa4b569741f04a7137c9ac50cf436d74a053490fa9fac5a	vendor-or-firmware-source
week02/v01/vendor/wrpc-sw/dev/simple_uart.c	2392	2026-08-14T06:06:22.880023+00:00	414231ce2dccf764232f88fe3c1092d003cdea8476256f626a910bb84b48c855	vendor-or-firmware-source
week02/v01/vendor/wrpc-sw/dev/spi_flash.c	4047	2026-08-14T06:06:22.881023+00:00	c476e9a94ee2252b13ff9beea25dd6593f3bc77aadb9d8b80b567605f6b01961	vendor-or-firmware-source
week02/v01/vendor/wrpc-sw/dev/storage-cal.c	4708	2026-08-14T06:06:22.882023+00:00	16b9174594921a6954d7d1ca48192770157931adeea76461e572d221a6940532	vendor-or-firmware-source
week02/v01/vendor/wrpc-sw/dev/storage-flash.c	1213	2026-08-14T06:06:22.883023+00:00	b7f795cd6d311d757f25731cf6d00802fa31c9133983c69f11b24551c49980a9	vendor-or-firmware-source
week02/v01/vendor/wrpc-sw/dev/storage-fram.c	439	2026-08-14T06:06:22.884023+00:00	73014b53246d0a91ea19bf597d036598bff6826270292108343649fcc037c789	vendor-or-firmware-source
week02/v01/vendor/wrpc-sw/dev/storage-i2c.c	938	2026-08-14T06:06:22.886023+00:00	d848ed9377fa0fcedcde064d425234997565dcc4aba21be0d24b42004a5042b4	vendor-or-firmware-source
week02/v01/vendor/wrpc-sw/dev/storage-init.c	3342	2026-08-14T06:06:22.887023+00:00	5f8c476ecb81adfb9527cf25ed402b834fab04831c93e220a44ae8f4801de20c	vendor-or-firmware-source
week02/v01/vendor/wrpc-sw/dev/storage-mac.c	1301	2026-08-14T06:06:22.888023+00:00	aab10e7202cc9340428fedfbd302f24fba99625fcfa9e8ed5f633f18c78ddafb	vendor-or-firmware-source
week02/v01/vendor/wrpc-sw/dev/storage-sfp.c	5336	2026-08-14T06:06:22.889023+00:00	f5ca23531ddbe561cf98deb58c83524c7bcb9ecd4df9a798af26422d39873a4c	vendor-or-firmware-source
week02/v01/vendor/wrpc-sw/dev/storage-w1.c	1294	2026-08-14T06:06:22.890023+00:00	b0ad8b31b7756e2ae77820759bb83a87c74c9600afd4cc456d10126e257c7002	vendor-or-firmware-source
week02/v01/vendor/wrpc-sw/dev/storage.c	4800	2026-08-14T06:06:22.892023+00:00	c77d2aab1fd4db1e449999e4152fae2674230aac80a31a76ce746b1d5fa1f522	vendor-or-firmware-source
week02/v01/vendor/wrpc-sw/dev/syscon.c	4578	2026-08-14T06:06:22.893023+00:00	01311ac0dc5a4c7039faf0830c08c818e59cf17ca62b49de3b3cbcafbf77e9b0	vendor-or-firmware-source
week02/v01/vendor/wrpc-sw/dev/temp-fake.c	1289	2026-08-14T06:06:22.894023+00:00	f8283ca097350a64e794513bc8bcfab8d5fbaf722ad572176f10440a84c733f2	vendor-or-firmware-source
week02/v01/vendor/wrpc-sw/dev/temp-w1.c	1195	2026-08-14T06:06:22.895023+00:00	b17106118a6b540c4c8ee202dc1c6d05b9c59d83d67f3a0461a1d9c9282d2f0f	vendor-or-firmware-source
week02/v01/vendor/wrpc-sw/dev/temperature.c	2894	2026-08-14T06:06:22.896023+00:00	57a88fb221668c5cdd1b92176deb94a474b771f73150a17d26e4d475143c1ea7	vendor-or-firmware-source
week02/v01/vendor/wrpc-sw/dev/timer-wrs.c	391	2026-08-14T06:06:22.897023+00:00	80682e8c9d43d877a548b17566d915cec78895592c68a21203af5489da2a027c	vendor-or-firmware-source
week02/v01/vendor/wrpc-sw/dev/w1-eeprom.c	4189	2026-08-14T06:06:22.899023+00:00	5192167e1383a8107922cc59ef495070ccbca718673b696f5c39ef4bab159987	vendor-or-firmware-source
week02/v01/vendor/wrpc-sw/dev/w1-hw.c	1756	2026-08-14T06:06:22.900023+00:00	a3ee5b680156a569eee4643f9e184de350d7561fddddab8e0c0e44621deb7aa0	vendor-or-firmware-source
week02/v01/vendor/wrpc-sw/dev/w1-shell.c	2123	2026-08-14T06:06:22.901023+00:00	aab198662740c443f3c92ebc925ea8e938471590304a43610da82109c109b4cf	vendor-or-firmware-source
week02/v01/vendor/wrpc-sw/dev/w1-temp.c	1772	2026-08-14T06:06:22.902023+00:00	25a511f409a5978926514dd48a7ecd42557e95cf1d7c7d8cb4d15bec0cce54a5	vendor-or-firmware-source
week02/v01/vendor/wrpc-sw/dev/w1.c	3025	2026-08-14T06:06:22.903023+00:00	6a89cf4d1188b0ed77c04d9606b68851077b3109ecaf6701f8bbdbc588a97bc8	vendor-or-firmware-source
week02/v01/vendor/wrpc-sw/dev/wdiags.c	5021	2026-08-14T06:06:22.905023+00:00	a4dce88efbc3c71086c84d13f9bf0db1fcbeceede5970c4e712e0bedfbcfddeb	vendor-or-firmware-source
week02/v01/vendor/wrpc-sw/doc/HDLdoc/Makefile	268	2026-08-14T06:06:22.908023+00:00	bf6af61a2c1eaf7ecec6bc521e1233b6e5fcb9917143fdfde75414cbde6bd0ae	vendor-or-firmware-source
week02/v01/vendor/wrpc-sw/doc/Makefile	578	2026-08-14T06:06:22.926023+00:00	d7629f4406e9ff5b00202a6c94684cc62eca5eeeeee9dde5ac4af917ce41bc41	vendor-or-firmware-source
week02/v01/vendor/wrpc-sw/doc/wrpc_failures/Makefile	603	2026-08-14T06:06:22.999022+00:00	f4df49ad8513a326bdf77ce9da6d0350f0e7f63e7a3ca25b7deda23995609c56	vendor-or-firmware-source
week02/v01/vendor/wrpc-sw/dump-info.c	9022	2026-08-14T06:06:23.013022+00:00	2090a5fcddcb628b401b9b6a061b3b181350b17cd88d3930510f48dbad8e0e42	vendor-or-firmware-source
week02/v01/vendor/wrpc-sw/host/fake-flash.c	259	2026-08-14T06:06:23.014022+00:00	dd36cdd6b4a047c95d4450e2f6164105755715289b8c0a1a14334e3e860d552d	vendor-or-firmware-source
week02/v01/vendor/wrpc-sw/host/fake-hw.c	448	2026-08-14T06:06:23.016022+00:00	a3d8045716f22fa1672ec2f82ea9b168112bbab12fae90103c80a5595d543bb3	vendor-or-firmware-source
week02/v01/vendor/wrpc-sw/host/fake-i2c.c	396	2026-08-14T06:06:23.017022+00:00	d95a937a482369ef2470d6ab1e0375f6468514c757fc213f6629b6d876e819ae	vendor-or-firmware-source
week02/v01/vendor/wrpc-sw/host/fake-w1.c	495	2026-08-14T06:06:23.018022+00:00	964cfb2ee17f39b3cde088c59510e8cf2db6e354750726c3f4d624110fcdf247	vendor-or-firmware-source
week02/v01/vendor/wrpc-sw/host/host.h	23	2026-08-14T06:06:23.019022+00:00	59bbcfe7e188f6989f3037b7224246ed89b1eb1bb0e51897691e7eba2853d652	vendor-or-firmware-source
week02/v01/vendor/wrpc-sw/host/host.mk	169	2026-08-14T06:06:23.020022+00:00	57c84f5c4667519b7a6cc5a903f11963109804cdda781606aca460b99c658d1a	vendor-or-firmware-source
week02/v01/vendor/wrpc-sw/host/misc.c	2148	2026-08-14T06:06:23.021022+00:00	63c4bf9012db484f7e403e2b59fb85de5f76c668ec0a88dc7c915bdc3c5ea3a0	vendor-or-firmware-source
week02/v01/vendor/wrpc-sw/host/ptp.c	265	2026-08-14T06:06:23.022022+00:00	47cf1938d59bef639131ea2861ed84205f877b11ce93cbcdfdef9aeae6931d30	vendor-or-firmware-source
week02/v01/vendor/wrpc-sw/host/socket.c	5293	2026-08-14T06:06:23.024022+00:00	6aadf35b3ab8ece175bff5139e549017a657e80e4f821ebc3c15cb17b25ccef4	vendor-or-firmware-source
week02/v01/vendor/wrpc-sw/host/spll.c	475	2026-08-14T06:06:23.025022+00:00	30052d0d1c21368f55bd7cd8d23fb2c8f87f68047ed1c949e8f1f214b50aee8f	vendor-or-firmware-source
week02/v01/vendor/wrpc-sw/include/assert.h	1062	2026-08-14T06:06:23.026022+00:00	c342b28b7b14dcf8a4928b19a1d38e92e4deb1cb5e2fdf62237cb16e835e1ae9	vendor-or-firmware-source
week02/v01/vendor/wrpc-sw/include/board.h	2039	2026-08-14T06:06:23.028022+00:00	aa77f34abebc290957dca0d76601a6827ee8c29b1c569f89ead67dc740fec7e9	vendor-or-firmware-source
week02/v01/vendor/wrpc-sw/include/config/abscal.h	0	2026-08-14T06:09:31.820910+00:00	e3b0c44298fc1c149afbf4c8996fb92427ae41e4649b934ca495991b7852b855	vendor-or-firmware-source
week02/v01/vendor/wrpc-sw/include/config/arch/cflags.h	0	2026-08-14T06:09:31.817910+00:00	e3b0c44298fc1c149afbf4c8996fb92427ae41e4649b934ca495991b7852b855	vendor-or-firmware-source
week02/v01/vendor/wrpc-sw/include/config/arch/is/wrpc.h	0	2026-08-14T06:09:31.747911+00:00	e3b0c44298fc1c149afbf4c8996fb92427ae41e4649b934ca495991b7852b855	vendor-or-firmware-source
week02/v01/vendor/wrpc-sw/include/config/arch/is/wrs.h	0	2026-08-14T06:09:31.770911+00:00	e3b0c44298fc1c149afbf4c8996fb92427ae41e4649b934ca495991b7852b855	vendor-or-firmware-source
week02/v01/vendor/wrpc-sw/include/config/arch/ldflags.h	0	2026-08-14T06:09:31.775911+00:00	e3b0c44298fc1c149afbf4c8996fb92427ae41e4649b934ca495991b7852b855	vendor-or-firmware-source
week02/v01/vendor/wrpc-sw/include/config/arch/riscv.h	0	2026-08-14T06:09:31.796911+00:00	e3b0c44298fc1c149afbf4c8996fb92427ae41e4649b934ca495991b7852b855	vendor-or-firmware-source
week02/v01/vendor/wrpc-sw/include/config/arch.h	0	2026-08-14T06:09:31.753911+00:00	e3b0c44298fc1c149afbf4c8996fb92427ae41e4649b934ca495991b7852b855	vendor-or-firmware-source
week02/v01/vendor/wrpc-sw/include/config/build/init.h	0	2026-08-14T06:09:31.791911+00:00	e3b0c44298fc1c149afbf4c8996fb92427ae41e4649b934ca495991b7852b855	vendor-or-firmware-source
week02/v01/vendor/wrpc-sw/include/config/cmd/monitor/servo/err.h	0	2026-08-14T06:09:31.794911+00:00	e3b0c44298fc1c149afbf4c8996fb92427ae41e4649b934ca495991b7852b855	vendor-or-firmware-source
week02/v01/vendor/wrpc-sw/include/config/codeopt/enabled.h	0	2026-08-14T06:09:31.845910+00:00	e3b0c44298fc1c149afbf4c8996fb92427ae41e4649b934ca495991b7852b855	vendor-or-firmware-source
week02/v01/vendor/wrpc-sw/include/config/codeopt/epc/so/disabled.h	0	2026-08-14T06:09:31.835910+00:00	e3b0c44298fc1c149afbf4c8996fb92427ae41e4649b934ca495991b7852b855	vendor-or-firmware-source
week02/v01/vendor/wrpc-sw/include/config/codeopt/ext/port/conf/force/disabled.h	0	2026-08-14T06:09:31.785911+00:00	e3b0c44298fc1c149afbf4c8996fb92427ae41e4649b934ca495991b7852b855	vendor-or-firmware-source
week02/v01/vendor/wrpc-sw/include/config/codeopt/mo/force/disabled.h	0	2026-08-14T06:09:31.840910+00:00	e3b0c44298fc1c149afbf4c8996fb92427ae41e4649b934ca495991b7852b855	vendor-or-firmware-source
week02/v01/vendor/wrpc-sw/include/config/codeopt/so/force/disabled.h	0	2026-08-14T06:09:31.800910+00:00	e3b0c44298fc1c149afbf4c8996fb92427ae41e4649b934ca495991b7852b855	vendor-or-firmware-source
week02/v01/vendor/wrpc-sw/include/config/codeopt/wrpc/size.h	0	2026-08-14T06:09:31.814910+00:00	e3b0c44298fc1c149afbf4c8996fb92427ae41e4649b934ca495991b7852b855	vendor-or-firmware-source
week02/v01/vendor/wrpc-sw/include/config/custom/print/bufsize.h	0	2026-08-14T06:09:31.751911+00:00	e3b0c44298fc1c149afbf4c8996fb92427ae41e4649b934ca495991b7852b855	vendor-or-firmware-source
week02/v01/vendor/wrpc-sw/include/config/custom/ramsize.h	0	2026-08-14T06:09:31.759911+00:00	e3b0c44298fc1c149afbf4c8996fb92427ae41e4649b934ca495991b7852b855	vendor-or-firmware-source
week02/v01/vendor/wrpc-sw/include/config/custom/stacksize.h	0	2026-08-14T06:09:31.850910+00:00	e3b0c44298fc1c149afbf4c8996fb92427ae41e4649b934ca495991b7852b855	vendor-or-firmware-source
week02/v01/vendor/wrpc-sw/include/config/datasize.h	0	2026-08-14T06:09:31.829910+00:00	e3b0c44298fc1c149afbf4c8996fb92427ae41e4649b934ca495991b7852b855	vendor-or-firmware-source
week02/v01/vendor/wrpc-sw/include/config/default/print/task/time/threshold.h	0	2026-08-14T06:09:31.804910+00:00	e3b0c44298fc1c149afbf4c8996fb92427ae41e4649b934ca495991b7852b855	vendor-or-firmware-source
week02/v01/vendor/wrpc-sw/include/config/developer.h	0	2026-08-14T06:09:31.764911+00:00	e3b0c44298fc1c149afbf4c8996fb92427ae41e4649b934ca495991b7852b855	vendor-or-firmware-source
week02/v01/vendor/wrpc-sw/include/config/e2e/only.h	0	2026-08-14T06:09:31.844910+00:00	e3b0c44298fc1c149afbf4c8996fb92427ae41e4649b934ca495991b7852b855	vendor-or-firmware-source
week02/v01/vendor/wrpc-sw/include/config/e2e.h	0	2026-08-14T06:09:31.789911+00:00	e3b0c44298fc1c149afbf4c8996fb92427ae41e4649b934ca495991b7852b855	vendor-or-firmware-source
week02/v01/vendor/wrpc-sw/include/config/embedded/node.h	0	2026-08-14T06:09:31.778911+00:00	e3b0c44298fc1c149afbf4c8996fb92427ae41e4649b934ca495991b7852b855	vendor-or-firmware-source
week02/v01/vendor/wrpc-sw/include/config/flash/init.h	0	2026-08-14T06:09:31.771911+00:00	e3b0c44298fc1c149afbf4c8996fb92427ae41e4649b934ca495991b7852b855	vendor-or-firmware-source
week02/v01/vendor/wrpc-sw/include/config/has/codeopt/codeopt/wrpc/size.h	0	2026-08-14T06:09:31.822910+00:00	e3b0c44298fc1c149afbf4c8996fb92427ae41e4649b934ca495991b7852b855	vendor-or-firmware-source
week02/v01/vendor/wrpc-sw/include/config/has/codeopt/epc/enabled.h	0	2026-08-14T06:09:31.824910+00:00	e3b0c44298fc1c149afbf4c8996fb92427ae41e4649b934ca495991b7852b855	vendor-or-firmware-source
week02/v01/vendor/wrpc-sw/include/config/has/codeopt/ext/port/conf/force/disabled.h	0	2026-08-14T06:09:31.849910+00:00	e3b0c44298fc1c149afbf4c8996fb92427ae41e4649b934ca495991b7852b855	vendor-or-firmware-source
week02/v01/vendor/wrpc-sw/include/config/has/codeopt/mo/force/disabled.h	0	2026-08-14T06:09:31.743911+00:00	e3b0c44298fc1c149afbf4c8996fb92427ae41e4649b934ca495991b7852b855	vendor-or-firmware-source
week02/v01/vendor/wrpc-sw/include/config/has/codeopt/single/fmaster.h	0	2026-08-14T06:09:31.845910+00:00	e3b0c44298fc1c149afbf4c8996fb92427ae41e4649b934ca495991b7852b855	vendor-or-firmware-source
week02/v01/vendor/wrpc-sw/include/config/has/codeopt/single/instance/per/port.h	0	2026-08-14T06:09:31.843910+00:00	e3b0c44298fc1c149afbf4c8996fb92427ae41e4649b934ca495991b7852b855	vendor-or-firmware-source
week02/v01/vendor/wrpc-sw/include/config/has/codeopt/single/port.h	0	2026-08-14T06:09:31.811910+00:00	e3b0c44298fc1c149afbf4c8996fb92427ae41e4649b934ca495991b7852b855	vendor-or-firmware-source
week02/v01/vendor/wrpc-sw/include/config/has/codeopt/so/enabled.h	0	2026-08-14T06:09:31.809911+00:00	e3b0c44298fc1c149afbf4c8996fb92427ae41e4649b934ca495991b7852b855	vendor-or-firmware-source
week02/v01/vendor/wrpc-sw/include/config/has/codeopt/so/force/disabled.h	0	2026-08-14T06:09:31.833910+00:00	e3b0c44298fc1c149afbf4c8996fb92427ae41e4649b934ca495991b7852b855	vendor-or-firmware-source
week02/v01/vendor/wrpc-sw/include/config/has/ext/l1sync.h	0	2026-08-14T06:09:31.761911+00:00	e3b0c44298fc1c149afbf4c8996fb92427ae41e4649b934ca495991b7852b855	vendor-or-firmware-source
week02/v01/vendor/wrpc-sw/include/config/has/ext/none.h	0	2026-08-14T06:09:31.843910+00:00	e3b0c44298fc1c149afbf4c8996fb92427ae41e4649b934ca495991b7852b855	vendor-or-firmware-source
week02/v01/vendor/wrpc-sw/include/config/has/ext/wr.h	0	2026-08-14T06:09:31.815911+00:00	e3b0c44298fc1c149afbf4c8996fb92427ae41e4649b934ca495991b7852b855	vendor-or-firmware-source
week02/v01/vendor/wrpc-sw/include/config/has/fault/injection/mechanism.h	0	2026-08-14T06:09:31.837910+00:00	e3b0c44298fc1c149afbf4c8996fb92427ae41e4649b934ca495991b7852b855	vendor-or-firmware-source
week02/v01/vendor/wrpc-sw/include/config/has/flash/init.h	0	2026-08-14T06:09:31.754911+00:00	e3b0c44298fc1c149afbf4c8996fb92427ae41e4649b934ca495991b7852b855	vendor-or-firmware-source
week02/v01/vendor/wrpc-sw/include/config/has/p2p.h	0	2026-08-14T06:09:31.748911+00:00	e3b0c44298fc1c149afbf4c8996fb92427ae41e4649b934ca495991b7852b855	vendor-or-firmware-source
week02/v01/vendor/wrpc-sw/include/config/has/ppsi/assert.h	0	2026-08-14T06:09:31.816911+00:00	e3b0c44298fc1c149afbf4c8996fb92427ae41e4649b934ca495991b7852b855	vendor-or-firmware-source
week02/v01/vendor/wrpc-sw/include/config/has/profile/custom.h	0	2026-08-14T06:09:31.790911+00:00	e3b0c44298fc1c149afbf4c8996fb92427ae41e4649b934ca495991b7852b855	vendor-or-firmware-source
week02/v01/vendor/wrpc-sw/include/config/has/profile/ha.h	0	2026-08-14T06:09:31.838910+00:00	e3b0c44298fc1c149afbf4c8996fb92427ae41e4649b934ca495991b7852b855	vendor-or-firmware-source
week02/v01/vendor/wrpc-sw/include/config/has/profile/ptp.h	0	2026-08-14T06:09:31.745911+00:00	e3b0c44298fc1c149afbf4c8996fb92427ae41e4649b934ca495991b7852b855	vendor-or-firmware-source
week02/v01/vendor/wrpc-sw/include/config/has/profile/wr.h	0	2026-08-14T06:09:31.749911+00:00	e3b0c44298fc1c149afbf4c8996fb92427ae41e4649b934ca495991b7852b855	vendor-or-firmware-source
week02/v01/vendor/wrpc-sw/include/config/has/wrpc/faults.h	0	2026-08-14T06:09:31.795911+00:00	e3b0c44298fc1c149afbf4c8996fb92427ae41e4649b934ca495991b7852b855	vendor-or-firmware-source
week02/v01/vendor/wrpc-sw/include/config/init/command.h	0	2026-08-14T06:09:31.787911+00:00	e3b0c44298fc1c149afbf4c8996fb92427ae41e4649b934ca495991b7852b855	vendor-or-firmware-source
week02/v01/vendor/wrpc-sw/include/config/ip.h	0	2026-08-14T06:09:31.777911+00:00	e3b0c44298fc1c149afbf4c8996fb92427ae41e4649b934ca495991b7852b855	vendor-or-firmware-source
week02/v01/vendor/wrpc-sw/include/config/latency/ethtype.h	0	2026-08-14T06:09:31.830910+00:00	e3b0c44298fc1c149afbf4c8996fb92427ae41e4649b934ca495991b7852b855	vendor-or-firmware-source
week02/v01/vendor/wrpc-sw/include/config/leap/seconds/val.h	0	2026-08-14T06:09:31.768911+00:00	e3b0c44298fc1c149afbf4c8996fb92427ae41e4649b934ca495991b7852b855	vendor-or-firmware-source
week02/v01/vendor/wrpc-sw/include/config/lldp.h	0	2026-08-14T06:09:31.849910+00:00	e3b0c44298fc1c149afbf4c8996fb92427ae41e4649b934ca495991b7852b855	vendor-or-firmware-source
week02/v01/vendor/wrpc-sw/include/config/lto.h	0	2026-08-14T06:09:31.759911+00:00	e3b0c44298fc1c149afbf4c8996fb92427ae41e4649b934ca495991b7852b855	vendor-or-firmware-source
week02/v01/vendor/wrpc-sw/include/config/nr/foreign/records.h	0	2026-08-14T06:09:31.805911+00:00	e3b0c44298fc1c149afbf4c8996fb92427ae41e4649b934ca495991b7852b855	vendor-or-firmware-source
week02/v01/vendor/wrpc-sw/include/config/nr/instances/per/port.h	0	2026-08-14T06:09:31.758911+00:00	e3b0c44298fc1c149afbf4c8996fb92427ae41e4649b934ca495991b7852b855	vendor-or-firmware-source
week02/v01/vendor/wrpc-sw/include/config/nr/ports.h	0	2026-08-14T06:09:31.786911+00:00	e3b0c44298fc1c149afbf4c8996fb92427ae41e4649b934ca495991b7852b855	vendor-or-firmware-source
week02/v01/vendor/wrpc-sw/include/config/optimization.h	0	2026-08-14T06:09:31.764911+00:00	e3b0c44298fc1c149afbf4c8996fb92427ae41e4649b934ca495991b7852b855	vendor-or-firmware-source
week02/v01/vendor/wrpc-sw/include/config/ppsi/vlan.h	0	2026-08-14T06:09:31.812911+00:00	e3b0c44298fc1c149afbf4c8996fb92427ae41e4649b934ca495991b7852b855	vendor-or-firmware-source
week02/v01/vendor/wrpc-sw/include/config/print/bufsize.h	0	2026-08-14T06:09:31.781911+00:00	e3b0c44298fc1c149afbf4c8996fb92427ae41e4649b934ca495991b7852b855	vendor-or-firmware-source
week02/v01/vendor/wrpc-sw/include/config/printf/full.h	0	2026-08-14T06:09:31.831910+00:00	e3b0c44298fc1c149afbf4c8996fb92427ae41e4649b934ca495991b7852b855	vendor-or-firmware-source
week02/v01/vendor/wrpc-sw/include/config/printf/is/full.h	0	2026-08-14T06:09:31.807910+00:00	e3b0c44298fc1c149afbf4c8996fb92427ae41e4649b934ca495991b7852b855	vendor-or-firmware-source
week02/v01/vendor/wrpc-sw/include/config/profile/ptp.h	0	2026-08-14T06:09:31.850910+00:00	e3b0c44298fc1c149afbf4c8996fb92427ae41e4649b934ca495991b7852b855	vendor-or-firmware-source
week02/v01/vendor/wrpc-sw/include/config/profile/wr.h	0	2026-08-14T06:09:31.767911+00:00	e3b0c44298fc1c149afbf4c8996fb92427ae41e4649b934ca495991b7852b855	vendor-or-firmware-source
week02/v01/vendor/wrpc-sw/include/config/ramsize.h	0	2026-08-14T06:09:31.785911+00:00	e3b0c44298fc1c149afbf4c8996fb92427ae41e4649b934ca495991b7852b855	vendor-or-firmware-source
week02/v01/vendor/wrpc-sw/include/config/riscv/comp/instr.h	0	2026-08-14T06:09:31.756911+00:00	e3b0c44298fc1c149afbf4c8996fb92427ae41e4649b934ca495991b7852b855	vendor-or-firmware-source
week02/v01/vendor/wrpc-sw/include/config/single/fmaster.h	0	2026-08-14T06:09:31.774911+00:00	e3b0c44298fc1c149afbf4c8996fb92427ae41e4649b934ca495991b7852b855	vendor-or-firmware-source
week02/v01/vendor/wrpc-sw/include/config/single/instance/per/port.h	0	2026-08-14T06:09:31.828910+00:00	e3b0c44298fc1c149afbf4c8996fb92427ae41e4649b934ca495991b7852b855	vendor-or-firmware-source
week02/v01/vendor/wrpc-sw/include/config/single/instance.h	0	2026-08-14T06:09:31.780911+00:00	e3b0c44298fc1c149afbf4c8996fb92427ae41e4649b934ca495991b7852b855	vendor-or-firmware-source
week02/v01/vendor/wrpc-sw/include/config/single/port.h	0	2026-08-14T06:09:31.791911+00:00	e3b0c44298fc1c149afbf4c8996fb92427ae41e4649b934ca495991b7852b855	vendor-or-firmware-source
week02/v01/vendor/wrpc-sw/include/config/snmp/cmd.h	0	2026-08-14T06:09:31.786911+00:00	e3b0c44298fc1c149afbf4c8996fb92427ae41e4649b934ca495991b7852b855	vendor-or-firmware-source
week02/v01/vendor/wrpc-sw/include/config/snmp/init.h	0	2026-08-14T06:09:31.779911+00:00	e3b0c44298fc1c149afbf4c8996fb92427ae41e4649b934ca495991b7852b855	vendor-or-firmware-source
week02/v01/vendor/wrpc-sw/include/config/snmp/sdb.h	0	2026-08-14T06:09:31.838910+00:00	e3b0c44298fc1c149afbf4c8996fb92427ae41e4649b934ca495991b7852b855	vendor-or-firmware-source
week02/v01/vendor/wrpc-sw/include/config/snmp/set.h	0	2026-08-14T06:09:31.740911+00:00	e3b0c44298fc1c149afbf4c8996fb92427ae41e4649b934ca495991b7852b855	vendor-or-firmware-source
week02/v01/vendor/wrpc-sw/include/config/snmp.h	0	2026-08-14T06:09:31.817910+00:00	e3b0c44298fc1c149afbf4c8996fb92427ae41e4649b934ca495991b7852b855	vendor-or-firmware-source
week02/v01/vendor/wrpc-sw/include/config/stacksize.h	0	2026-08-14T06:09:31.769911+00:00	e3b0c44298fc1c149afbf4c8996fb92427ae41e4649b934ca495991b7852b855	vendor-or-firmware-source
week02/v01/vendor/wrpc-sw/include/config/target/generic/phy/8bit.h	0	2026-08-14T06:09:31.827910+00:00	e3b0c44298fc1c149afbf4c8996fb92427ae41e4649b934ca495991b7852b855	vendor-or-firmware-source
week02/v01/vendor/wrpc-sw/include/config/temp/high/rappel.h	0	2026-08-14T06:09:31.777911+00:00	e3b0c44298fc1c149afbf4c8996fb92427ae41e4649b934ca495991b7852b855	vendor-or-firmware-source
week02/v01/vendor/wrpc-sw/include/config/temp/high/threshold.h	0	2026-08-14T06:09:31.811910+00:00	e3b0c44298fc1c149afbf4c8996fb92427ae41e4649b934ca495991b7852b855	vendor-or-firmware-source
week02/v01/vendor/wrpc-sw/include/config/temp/poll/interval.h	0	2026-08-14T06:09:31.763911+00:00	e3b0c44298fc1c149afbf4c8996fb92427ae41e4649b934ca495991b7852b855	vendor-or-firmware-source
week02/v01/vendor/wrpc-sw/include/config/trace/all.h	0	2026-08-14T06:09:31.772911+00:00	e3b0c44298fc1c149afbf4c8996fb92427ae41e4649b934ca495991b7852b855	vendor-or-firmware-source
week02/v01/vendor/wrpc-sw/include/config/trace/board.h	0	2026-08-14T06:09:31.822910+00:00	e3b0c44298fc1c149afbf4c8996fb92427ae41e4649b934ca495991b7852b855	vendor-or-firmware-source
week02/v01/vendor/wrpc-sw/include/config/trace/devices.h	0	2026-08-14T06:09:31.749911+00:00	e3b0c44298fc1c149afbf4c8996fb92427ae41e4649b934ca495991b7852b855	vendor-or-firmware-source
week02/v01/vendor/wrpc-sw/include/config/trace/mac.h	0	2026-08-14T06:09:31.748911+00:00	e3b0c44298fc1c149afbf4c8996fb92427ae41e4649b934ca495991b7852b855	vendor-or-firmware-source
week02/v01/vendor/wrpc-sw/include/config/trace/main.h	0	2026-08-14T06:09:31.833910+00:00	e3b0c44298fc1c149afbf4c8996fb92427ae41e4649b934ca495991b7852b855	vendor-or-firmware-source
week02/v01/vendor/wrpc-sw/include/config/trace/phy.h	0	2026-08-14T06:09:31.761911+00:00	e3b0c44298fc1c149afbf4c8996fb92427ae41e4649b934ca495991b7852b855	vendor-or-firmware-source
week02/v01/vendor/wrpc-sw/include/config/trace/storage.h	0	2026-08-14T06:09:31.775911+00:00	e3b0c44298fc1c149afbf4c8996fb92427ae41e4649b934ca495991b7852b855	vendor-or-firmware-source
week02/v01/vendor/wrpc-sw/include/config/vlan/1/for/class7.h	0	2026-08-14T06:09:31.819911+00:00	e3b0c44298fc1c149afbf4c8996fb92427ae41e4649b934ca495991b7852b855	vendor-or-firmware-source
week02/v01/vendor/wrpc-sw/include/config/vlan/2/for/class7.h	0	2026-08-14T06:09:31.798911+00:00	e3b0c44298fc1c149afbf4c8996fb92427ae41e4649b934ca495991b7852b855	vendor-or-firmware-source
week02/v01/vendor/wrpc-sw/include/config/vlan/array/size.h	0	2026-08-14T06:09:31.765911+00:00	e3b0c44298fc1c149afbf4c8996fb92427ae41e4649b934ca495991b7852b855	vendor-or-firmware-source
week02/v01/vendor/wrpc-sw/include/config/vlan/for/class6.h	0	2026-08-14T06:09:31.808911+00:00	e3b0c44298fc1c149afbf4c8996fb92427ae41e4649b934ca495991b7852b855	vendor-or-firmware-source
week02/v01/vendor/wrpc-sw/include/config/vlan/nr.h	0	2026-08-14T06:09:31.752911+00:00	e3b0c44298fc1c149afbf4c8996fb92427ae41e4649b934ca495991b7852b855	vendor-or-firmware-source
week02/v01/vendor/wrpc-sw/include/config/vlan.h	0	2026-08-14T06:09:31.814910+00:00	e3b0c44298fc1c149afbf4c8996fb92427ae41e4649b934ca495991b7852b855	vendor-or-firmware-source
week02/v01/vendor/wrpc-sw/include/config/wr/diag.h	0	2026-08-14T06:09:31.831910+00:00	e3b0c44298fc1c149afbf4c8996fb92427ae41e4649b934ca495991b7852b855	vendor-or-firmware-source
week02/v01/vendor/wrpc-sw/include/config/wr/node.h	0	2026-08-14T06:09:31.789911+00:00	e3b0c44298fc1c149afbf4c8996fb92427ae41e4649b934ca495991b7852b855	vendor-or-firmware-source
week02/v01/vendor/wrpc-sw/include/config/wrpc/ppsi.h	0	2026-08-14T06:09:31.773911+00:00	e3b0c44298fc1c149afbf4c8996fb92427ae41e4649b934ca495991b7852b855	vendor-or-firmware-source
week02/v01/vendor/wrpc-sw/include/dev/24aa025.h	1126	2026-08-14T06:06:23.030022+00:00	e4e173319d25277ecbd2480dfb27e056114f8b35f12d56554ec3907573d9b61b	vendor-or-firmware-source
week02/v01/vendor/wrpc-sw/include/dev/74x595.h	1049	2026-08-14T06:06:23.031022+00:00	9d651fd213570b4f01c63736e6db3ab562facb5ade4f74fa484199ea7ffb818c	vendor-or-firmware-source
week02/v01/vendor/wrpc-sw/include/dev/ad7888.h	1380	2026-08-14T06:06:23.032022+00:00	879fc09ee8511fac23b85b8da1140b2792ee5eb80ae9c9f4b82e27955fe98954	vendor-or-firmware-source
week02/v01/vendor/wrpc-sw/include/dev/ad951x.h	1553	2026-08-14T06:06:23.033022+00:00	a16f05b7555f758d1f3a98bf1af14097be0942fb44a1dc16b05e932a2ad22344	vendor-or-firmware-source
week02/v01/vendor/wrpc-sw/include/dev/ad9520.h	1528	2026-08-14T06:06:23.034022+00:00	78542cceecc55dc544be02e02be936dfee16b4743ced2b7cdd522ef6fb2ca372	vendor-or-firmware-source
week02/v01/vendor/wrpc-sw/include/dev/ad9910.h	1759	2026-08-14T06:06:23.036022+00:00	f7894794a1b0d3de53110bc2a67aa27d3f7c37fcfa3f99639477b5bc08041104	vendor-or-firmware-source
week02/v01/vendor/wrpc-sw/include/dev/bb_i2c.h	911	2026-08-14T06:06:23.037022+00:00	01712cd089c959389748b58d2faeda4dfea1c0fc54ef3e53b8ccaee644b3c494	vendor-or-firmware-source
week02/v01/vendor/wrpc-sw/include/dev/bb_spi.h	1602	2026-08-14T06:06:23.038022+00:00	6bb4640dfe791d1aadf180191774156943809d598d6f750cdc70b6570480d5a2	vendor-or-firmware-source
week02/v01/vendor/wrpc-sw/include/dev/clock_monitor.h	818	2026-08-14T06:06:23.039022+00:00	d6255d23945d4d5020ed5e4842c1e4287a535ec2ac080400c1183e4048600f46	vendor-or-firmware-source
week02/v01/vendor/wrpc-sw/include/dev/console-uart.h	1594	2026-08-14T06:06:23.040022+00:00	b024bf0cf2e7d21643c9c84f0d7a2cf63cea19235db327853f6232266ac7ec93	vendor-or-firmware-source
week02/v01/vendor/wrpc-sw/include/dev/console.h	983	2026-08-14T06:06:23.041022+00:00	1a1e2f55610ae82ca4a2f86ac3f38bb881b346f791885949d46487dfcbf59b18	vendor-or-firmware-source
week02/v01/vendor/wrpc-sw/include/dev/dac_log.h	927	2026-08-14T06:06:23.042022+00:00	e5761f3e6dc5b6b4b7d898ba20813e6b41ceeef5d665fb70b293ca06ccd44bb7	vendor-or-firmware-source
week02/v01/vendor/wrpc-sw/include/dev/endpoint.h	1587	2026-08-14T06:06:23.043022+00:00	e6aef08c28535628415087a02d93ba998d7cd0655da171b1d6c60943f83644d1	vendor-or-firmware-source
week02/v01/vendor/wrpc-sw/include/dev/etherbone.h	221	2026-08-14T06:06:23.045022+00:00	3eed04bfa148630ca6825627fb5989b010de57e630abffb9cfcf932900c6631f	vendor-or-firmware-source
week02/v01/vendor/wrpc-sw/include/dev/fine_pulse_generator.h	2506	2026-08-14T06:06:23.046022+00:00	536f44e496f1655788ce463da384af48652a3239ee21ca18fc77df88e44b4831	vendor-or-firmware-source
week02/v01/vendor/wrpc-sw/include/dev/flash.h	692	2026-08-14T06:06:23.047022+00:00	695352e627977c82cc7f44863a78c1c0b1bcd57cf36a35ade24bb4a2599675f6	vendor-or-firmware-source
week02/v01/vendor/wrpc-sw/include/dev/fram.h	757	2026-08-14T06:06:23.048022+00:00	9be57989486be1eca3988c8b12f00f81a8f0562e0d22cbc9a3acda337bc3d298	vendor-or-firmware-source
week02/v01/vendor/wrpc-sw/include/dev/gpio.h	746	2026-08-14T06:06:23.049022+00:00	475e9d11ad48c034712ab178a41fe88f49370a8b0bea0a880d26acbba40ea7ff	vendor-or-firmware-source
week02/v01/vendor/wrpc-sw/include/dev/i2c.h	581	2026-08-14T06:06:23.050022+00:00	ed3c457bb03c2bd28fb1043313b25e8fa79c4460d2fb70b7113ee7ec3abc07c6	vendor-or-firmware-source
week02/v01/vendor/wrpc-sw/include/dev/i2c_eeprom.h	768	2026-08-14T06:06:23.051022+00:00	3a9014e795a27ec00b90188a2e61914149fd9c41a0efe4ae565b7f6a8cbea19c	vendor-or-firmware-source
week02/v01/vendor/wrpc-sw/include/dev/iuart.h	3820	2026-08-14T06:06:23.052022+00:00	18c9e1ed0c7bafbef8fbd29f90bf706951ce3f6ec6ee7586df25fb8e994abc98	vendor-or-firmware-source
week02/v01/vendor/wrpc-sw/include/dev/leds.h	1719	2026-08-14T06:06:23.054022+00:00	04fbdf15f3b61a4053a370ce368b317a87d19a79b7ad1e08cbc5104df9d6c97d	vendor-or-firmware-source
week02/v01/vendor/wrpc-sw/include/dev/ltc695x.h	2223	2026-08-14T06:06:23.055022+00:00	06cf6f4fb50337d32f89a938272ffe5dfa33e39dc9d07d5ae40218a55cbc9b33	vendor-or-firmware-source
week02/v01/vendor/wrpc-sw/include/dev/minic.h	1429	2026-08-14T06:06:23.056022+00:00	618bcb38417d17e5fc118eec85264107ba1837f7e7382707ba21bbfbbaf0a427	vendor-or-firmware-source
week02/v01/vendor/wrpc-sw/include/dev/netif.h	746	2026-08-14T06:06:23.057022+00:00	b930c0bf99537ef66c39efa15b57ee2c2939c528cd069e8d16902bfd2d278358	vendor-or-firmware-source
week02/v01/vendor/wrpc-sw/include/dev/pps_gen.h	1162	2026-08-14T06:06:23.058022+00:00	4286746bcd2e45a68678f8eebeb54601a813f2b6d1188f9554663539126a6550	vendor-or-firmware-source
week02/v01/vendor/wrpc-sw/include/dev/rxts_calibrator.h	442	2026-08-14T06:06:23.059022+00:00	9afacbb062241b9b31a40bab6e8d7e935a1ef058ad2707944793c9665f06709c	vendor-or-firmware-source
week02/v01/vendor/wrpc-sw/include/dev/si57x.h	2008	2026-08-14T06:06:23.061022+00:00	699ea09300a5b159a1e524d743b01b64525783b707d40c911519924032047ef6	vendor-or-firmware-source
week02/v01/vendor/wrpc-sw/include/dev/simple_uart.h	844	2026-08-14T06:06:23.062022+00:00	d996e7744c4929ce1a01fbbcbb321997551f516d9f0e41f830bae7a1058013b0	vendor-or-firmware-source
week02/v01/vendor/wrpc-sw/include/dev/spi_flash.h	1033	2026-08-14T06:06:23.063022+00:00	78f6db1dedcb1d19411a87a553853a89da075f715c286201f94b8a39df9c84db	vendor-or-firmware-source
week02/v01/vendor/wrpc-sw/include/dev/syscon.h	2390	2026-08-14T06:06:23.064022+00:00	6ebe32fcd96bed5d3a6e6376a84f9f3de85724074e25e545a1cb08afb19efed9	vendor-or-firmware-source
week02/v01/vendor/wrpc-sw/include/dev/temp-fake.h	316	2026-08-14T06:06:23.065022+00:00	9aea3dd43d04e2672779077e49e289f01fd4f5b6aa288b6c95045ecaa97935de	vendor-or-firmware-source
week02/v01/vendor/wrpc-sw/include/dev/temp-w1.h	298	2026-08-14T06:06:23.066022+00:00	cf6869073422d6d542b806db3ffb50f96c13016f6f8b209793f416fd019ecbaa	vendor-or-firmware-source
week02/v01/vendor/wrpc-sw/include/dev/temperature.h	1178	2026-08-14T06:06:23.067022+00:00	c684a6394557fd848ce465cc35e7eb1547f93828a5eef194402d4a3ea4f26ea1	vendor-or-firmware-source
week02/v01/vendor/wrpc-sw/include/dev/w1.h	2608	2026-08-14T06:06:23.069022+00:00	b197f68e5e933e6d76267c77ae41f37fb00b199cb329c41ced4bd0e0968be2e8	vendor-or-firmware-source
week02/v01/vendor/wrpc-sw/include/dev/wdiags.h	1361	2026-08-14T06:06:23.070022+00:00	40a5beb34bf8dfd031da0723dfb61d25fc2fc9c3d202c893bc180ba3ceef2920	vendor-or-firmware-source
week02/v01/vendor/wrpc-sw/include/dump-info.h	4169	2026-08-14T06:06:23.071022+00:00	b4f6925fd006ca0f3cd2a650983784624e90abdab83b7f5d006c9f05fa3cd167	vendor-or-firmware-source
week02/v01/vendor/wrpc-sw/include/endianness.h	2478	2026-08-14T06:06:23.072022+00:00	336c8971265904e08e8d4d20bc18955e89f0725239f9c8424a453b5277d2a160	vendor-or-firmware-source
week02/v01/vendor/wrpc-sw/include/generated/autoconf.h	3240	2026-08-14T12:40:11.834353+00:00	d136ab2bb2724e94476df0fd2ff4ea195e1d09371de96fefebbdbe22c1af6908	vendor-or-firmware-source
week02/v01/vendor/wrpc-sw/include/generated/pfilter-rules-novlan.h	1021	2026-08-14T10:00:07.523174+00:00	500c54bdacb9901a2020299ee7d60df228d45d1b8442a2fc095f0ee41b75f8b3	vendor-or-firmware-source
week02/v01/vendor/wrpc-sw/include/generated/pfilter-rules-vlan.h	931	2026-08-14T10:00:07.524174+00:00	44ed13a9b2db1f40d67b1a170c8cd247160904a054fe8fead927653366ce3d73	vendor-or-firmware-source
week02/v01/vendor/wrpc-sw/include/generated/sdbfs-default.h	1045	2026-08-14T10:00:08.184170+00:00	016bff189820d6348001997c4cbc4a2c7b4dbfe76484b2d0ead83dcd77403b1c	vendor-or-firmware-source
week02/v01/vendor/wrpc-sw/include/hal_exports.h	0	2026-08-14T06:06:23.073022+00:00	e3b0c44298fc1c149afbf4c8996fb92427ae41e4649b934ca495991b7852b855	vendor-or-firmware-source
week02/v01/vendor/wrpc-sw/include/hw/build_cheby.sh	54	2026-08-14T06:06:23.074022+00:00	8eaf23f360fd279e5d89c21e44e097c1dbf7716dfd693ebcc551982054b5088d	vendor-or-firmware-source
week02/v01/vendor/wrpc-sw/include/hw/clock_monitor_regs.h	3600	2026-08-14T06:06:23.076022+00:00	7c845be1bd1f6bb9bf2b4949e9ecb3b0441770693f3d5b14c5dc85881c8c5fd2	vendor-or-firmware-source
week02/v01/vendor/wrpc-sw/include/hw/endpoint_regs.h	17522	2026-08-14T06:06:23.077022+00:00	59553277f7a02e3c05834bb06ff7f53f7259f3aee074514c74893f146400be70	vendor-or-firmware-source
week02/v01/vendor/wrpc-sw/include/hw/ep_mdio_regs.h	5351	2026-08-14T06:06:23.079022+00:00	a3de21e66cf177f55a77ad807ade9e676206fa13076b1ebc2939affcb614c1e4	vendor-or-firmware-source
week02/v01/vendor/wrpc-sw/include/hw/etherbone-config.h	532	2026-08-14T06:06:23.080022+00:00	57957206f7a865ff13b57878ed9ed3362c8fc5ceae2c5b04835d00ff80162f44	vendor-or-firmware-source
week02/v01/vendor/wrpc-sw/include/hw/lpdc_mdio_regs.h	2603	2026-08-14T06:06:23.081022+00:00	496011ac2a3bbeec346336ff66ac43d366b44e88b9f40bf2b1b49835dd53fb99	vendor-or-firmware-source
week02/v01/vendor/wrpc-sw/include/hw/minic_regs.h	10601	2026-08-14T06:06:23.082022+00:00	51fab88ab5d64cf06ba76667db43bb5056f2747d6c950eb564b053a379cc78d8	vendor-or-firmware-source
week02/v01/vendor/wrpc-sw/include/hw/pps_gen_regs.h	4114	2026-08-14T06:06:23.084022+00:00	25c4cf8eeefd3db8e634225a9a98b099cd61982bc2d45fd20c9dd70da519506e	vendor-or-firmware-source
week02/v01/vendor/wrpc-sw/include/hw/rawmem.h	254	2026-08-14T06:06:23.085022+00:00	2810a115bbc839542e969ff3ca1e789b10f9708a0acac00a09600651ae6a946d	vendor-or-firmware-source
week02/v01/vendor/wrpc-sw/include/hw/si570_if_wb.h	3446	2026-08-14T06:06:23.086022+00:00	f420e4ad9f5b140bfe2056319f73ed6a95f488097f57faeaf661dcb87f1ce38b	vendor-or-firmware-source
week02/v01/vendor/wrpc-sw/include/hw/sockit_owm_regs.h	4697	2026-08-14T06:06:23.087022+00:00	805e6ba31495836e1c1925c147998f8ccefffac1e0f5dd912d8b37d6fb870557	vendor-or-firmware-source
week02/v01/vendor/wrpc-sw/include/hw/softpll_regs.h	14693	2026-08-14T06:06:23.088022+00:00	d17151597c3952c04d0789420d1f3029ce92156858ab7f07811117c3e8f84ee5	vendor-or-firmware-source
week02/v01/vendor/wrpc-sw/include/hw/wb_fpgen_regs.h	6057	2026-08-14T06:06:23.090022+00:00	19f07651b6cfe8d435bd540cffb6623e68fa5d6abe631d30e7974f0a9acf3006	vendor-or-firmware-source
week02/v01/vendor/wrpc-sw/include/hw/wb_insn_uart.h	4686	2026-08-14T06:06:23.091022+00:00	acafbd4421c46a2f009aa19e44dac8fa767f4e2842bad6f38ca348e3673f3b35	vendor-or-firmware-source
week02/v01/vendor/wrpc-sw/include/hw/wb_uart.h	5672	2026-08-14T06:06:23.092022+00:00	c81c9171bafdfac82b7c733828954696252e85c2f58459c9a6e4f246fb988645	vendor-or-firmware-source
week02/v01/vendor/wrpc-sw/include/hw/wr_streamers.h	23615	2026-08-14T06:06:23.094022+00:00	af6f8bea422989036087be52c724c546100dbd2189ac454bc6b5c00550e56846	vendor-or-firmware-source
week02/v01/vendor/wrpc-sw/include/hw/wrc_cpu_csr.h	2781	2026-08-14T06:06:23.095022+00:00	2c064a1d674c2f417950721b861ed0042f04af8f907b0f2426b9ace3ab8ea629	vendor-or-firmware-source
week02/v01/vendor/wrpc-sw/include/hw/wrc_diags_regs.h	7073	2026-08-14T06:06:23.097022+00:00	da86317c9991d14daa975dabef876e93b882491e2b122c6929037d0cef446a05	vendor-or-firmware-source
week02/v01/vendor/wrpc-sw/include/hw/wrc_syscon_regs.h	11791	2026-08-14T06:06:23.099022+00:00	f5200bcdac0e05be7a745d191d1b52d3026a9db3d0c25e7d654953464877f8a4	vendor-or-firmware-source
week02/v01/vendor/wrpc-sw/include/irq.h	597	2026-08-14T06:06:23.100022+00:00	fddcc119326536089a36763b5dbb3f9197427b01313c16c5dd4cd7a0120c0b5c	vendor-or-firmware-source
week02/v01/vendor/wrpc-sw/include/libsdbfs-freestanding.h	221	2026-08-14T06:06:23.101022+00:00	23adea9f7bc0b1690e28fb0bf39744307deeb96adce7d6ae5f08e886a9016043	vendor-or-firmware-source
week02/v01/vendor/wrpc-sw/include/libsdbfs.h	1409	2026-08-14T06:06:23.103022+00:00	0a736f3ef9678564d218c95b5f8467839d84aee1f29046cf53426ad84cac70a9	vendor-or-firmware-source
week02/v01/vendor/wrpc-sw/include/libwr/hal_shmem.h	1273	2026-08-14T06:06:23.104022+00:00	fe524c74f2ad031327e02600f41cd7193f6c014f96d93bb8ad86d8db9bbe9fce	vendor-or-firmware-source
week02/v01/vendor/wrpc-sw/include/libwr/sfp_lib.h	4816	2026-08-14T06:06:23.106022+00:00	617e493cb72914f7e2901261aac2938b3d8a31c178bebe5a2f9210d6ca005ab2	vendor-or-firmware-source
week02/v01/vendor/wrpc-sw/include/libwr/shmem.h	2362	2026-08-14T06:06:23.107022+00:00	63fc245c67e560ce9ca239fb8d8006b72fe21c4b95efbc0859a57b30c844d210	vendor-or-firmware-source
week02/v01/vendor/wrpc-sw/include/net.h	3399	2026-08-14T06:06:23.108022+00:00	70c9e5238dfdf085f9988c5db9ed4e8f2ca315d998fb60a9298cf106515521f6	vendor-or-firmware-source
week02/v01/vendor/wrpc-sw/include/netconsole.h	673	2026-08-14T06:06:23.109022+00:00	58d35ab6b66eef257a2580575dfa951bee10a05f7e210737c80bbbba4183d0cc	vendor-or-firmware-source
week02/v01/vendor/wrpc-sw/include/revision.h	505	2026-08-14T06:06:23.110022+00:00	84f38a7ded26d9cc1dea205de802d5018dfdddb4cb255916bb2799d7b133b850	vendor-or-firmware-source
week02/v01/vendor/wrpc-sw/include/sdb.h	4231	2026-08-14T06:06:23.112022+00:00	c5dff462ff3ef7626a1a2332e50214d8b4372b867f8cfe269d1748b655ace5e3	vendor-or-firmware-source
week02/v01/vendor/wrpc-sw/include/sensors.h	838	2026-08-14T06:06:23.113022+00:00	e720c7106cbb65ba7bd9acb3c095f632475afbf7b120e4dda44766c0ef7224b6	vendor-or-firmware-source
week02/v01/vendor/wrpc-sw/include/sfp.h	922	2026-08-14T06:06:23.114022+00:00	5fab9b9f1ec73eeade5dfb7298ce552d20004831b0aed0041376c9cef5a42024	vendor-or-firmware-source
week02/v01/vendor/wrpc-sw/include/shell.h	1662	2026-08-14T06:06:23.115022+00:00	3b0db920c0c6352c97993082660abca24da368da82c252a733371b249583b7cd	vendor-or-firmware-source
week02/v01/vendor/wrpc-sw/include/spll_defs.h	1885	2026-08-14T06:06:23.116022+00:00	f5ca2578978a19e693fe286bfaef39b549fca4e1c8b0d8c28e19e18cb5ae4dc7	vendor-or-firmware-source
week02/v01/vendor/wrpc-sw/include/std/inttypes.h	1646	2026-08-14T06:06:23.118022+00:00	b38d1d258176494234ce5c46ad9d4b9b0eadb97f5843a7ebf412296b9e59221e	vendor-or-firmware-source
week02/v01/vendor/wrpc-sw/include/std/stdint.h	72	2026-08-14T06:06:23.119022+00:00	9b335723d378a92f224f05b2c6f81ab38df4c23b54797d5ab02e03906afcb2a0	vendor-or-firmware-source
week02/v01/vendor/wrpc-sw/include/std/sys/types.h	207	2026-08-14T06:14:01.088325+00:00	9e2c2d380d223b1eb874712d92720d4cdbaaa92d28d5790295c0f7414fc17a18	vendor-or-firmware-source
week02/v01/vendor/wrpc-sw/include/std/unistd.h	68	2026-08-14T06:06:23.120022+00:00	5689c81bb6356fb308b6f8266a521c5a49c09ee5ee44910f96b560d7ea9b8624	vendor-or-firmware-source
week02/v01/vendor/wrpc-sw/include/storage.h	4083	2026-08-14T06:06:23.121022+00:00	0774f8339d699752ed24dcb2f980dd793fc127395dc7fcb1e321ecde1c64955b	vendor-or-firmware-source
week02/v01/vendor/wrpc-sw/include/system_checks.h	384	2026-08-14T06:06:23.122022+00:00	a8165f5f27bf2b92084beb276149ea66e5e065519db68169d25896b865ed4a86	vendor-or-firmware-source
week02/v01/vendor/wrpc-sw/include/trace.h	1085	2026-08-14T06:06:23.124022+00:00	6599cfb5a2c8f5a22930eb95717e9a9aead44d3a22800bc654992a49d794da7b	vendor-or-firmware-source
week02/v01/vendor/wrpc-sw/include/util.h	2616	2026-08-14T06:06:23.125022+00:00	535265829ad6959064d22fb0868f846168c9eeb6f8b6c7cc37c6c4f07a6788ad	vendor-or-firmware-source
week02/v01/vendor/wrpc-sw/include/wrc-debug.h	1894	2026-08-14T06:06:23.126022+00:00	0b6beb5dde409372d3010ecb55d77ca3796021d4bf2e676c0c6cda21149e4acf	vendor-or-firmware-source
week02/v01/vendor/wrpc-sw/include/wrc-event.h	431	2026-08-14T06:06:23.127022+00:00	7fb3d32968a58671fe72c82a8b4ace72c0ceebb372c3d35e277e12fb878f2665	vendor-or-firmware-source
week02/v01/vendor/wrpc-sw/include/wrc-task.h	1194	2026-08-14T06:06:23.128022+00:00	8670970bef58722fb7187ef7a4ee094e143b17e204cafcee8d05cc42d7faaa0a	vendor-or-firmware-source
week02/v01/vendor/wrpc-sw/include/wrc.h	1765	2026-08-14T06:06:23.129022+00:00	79d14bff4d4153a504356fb376f451a61dfdc34b9b3f77c7e8385524fca99047	vendor-or-firmware-source
week02/v01/vendor/wrpc-sw/include/wrc_global.h	950	2026-08-14T06:06:23.130022+00:00	7406bcc48229e30fd8ee888c20d2a07c91d18411325faf05014f6d7aa674a652	vendor-or-firmware-source
week02/v01/vendor/wrpc-sw/ipc/minipc-int.h	3253	2026-08-14T06:06:23.132022+00:00	1aae867d3cfb984135ed5aa41af2ffd06c0e4d23a6ccf7fc9026fb56a60a8c5a	vendor-or-firmware-source
week02/v01/vendor/wrpc-sw/ipc/minipc-mem-server.c	5237	2026-08-14T06:06:23.133022+00:00	767ba827f51f04bfe76f3da96fea521a78af0569da4aebbedfce3895588d0629	vendor-or-firmware-source
week02/v01/vendor/wrpc-sw/ipc/minipc.h	3788	2026-08-14T06:06:23.135022+00:00	e0a45a7b4ef7720717e0fccd17532486f2c4fa97f53986ac3b85c07439581a6b	vendor-or-firmware-source
week02/v01/vendor/wrpc-sw/ipc/rt_ipc.c	6761	2026-08-14T06:06:23.136022+00:00	c04d5353202752d48564ba19d779ad833cfaf0844b948e3ec0104f604b0c342d	vendor-or-firmware-source
week02/v01/vendor/wrpc-sw/ipc/rt_ipc.h	5275	2026-08-14T06:06:23.137022+00:00	1e047d30d98da8e5097c225cd79ce108ed6018a5d83084c046b680304afac4cb	vendor-or-firmware-source
week02/v01/vendor/wrpc-sw/lib/arp.c	2422	2026-08-14T06:06:23.145022+00:00	fa6efcbf593ecbe54eb103cca2d8fbf09c1ba015b6349b0eca70b3ce985e0401	vendor-or-firmware-source
week02/v01/vendor/wrpc-sw/lib/assert.c	867	2026-08-14T06:06:23.146022+00:00	ff095bbcf01c83c5e8bb07a612993445fe2b82a402dd981f64260b8726fa5baa	vendor-or-firmware-source
week02/v01/vendor/wrpc-sw/lib/bootp.c	2799	2026-08-14T06:06:23.148022+00:00	076545adc22457fd4581a26efac46791c447cec0148117ed3980923ec8b4e3d4	vendor-or-firmware-source
week02/v01/vendor/wrpc-sw/lib/event.c	3221	2026-08-14T06:06:23.149022+00:00	a05b88f5b2bfc865be416ce82d4b00766aec1083b98032baef85b68e2bc70328	vendor-or-firmware-source
week02/v01/vendor/wrpc-sw/lib/event.h	545	2026-08-14T06:06:23.151021+00:00	61e5d6f0911ff03c36fa8327e655eb3553de9a132d74968a19282f397dc55330	vendor-or-firmware-source
week02/v01/vendor/wrpc-sw/lib/events-ptp.c	2325	2026-08-14T06:06:23.152022+00:00	0893f668f562df282acc37bfb0f21bffdef3572b517d24788afd07b55b19ef15	vendor-or-firmware-source
week02/v01/vendor/wrpc-sw/lib/events-ptp.h	438	2026-08-14T06:06:23.153022+00:00	100dc0c283f1590728351903855a8525e673d613e1bbd16522b4177b8a46a98c	vendor-or-firmware-source
week02/v01/vendor/wrpc-sw/lib/icmp.c	2200	2026-08-14T06:06:23.154022+00:00	2c25635fa829a4174795e27911395a651c2e7eb7f8c0e7f3d1954a4124e7b01b	vendor-or-firmware-source
week02/v01/vendor/wrpc-sw/lib/ipv4.c	4447	2026-08-14T06:06:23.156022+00:00	41a67d45653777584a6d643bee9539b0d008a781ebce9dc40dcdf492bcb99d52	vendor-or-firmware-source
week02/v01/vendor/wrpc-sw/lib/ipv4.h	1950	2026-08-14T06:06:23.157022+00:00	b51cab332642a0c36c57cb187d24b0f54552936b3402686b827345d9999187a4	vendor-or-firmware-source
week02/v01/vendor/wrpc-sw/lib/latency.c	7509	2026-08-14T06:06:23.158021+00:00	99b84f1d0f09b3b9faa4f90647d4647251201a74f7ebc60eda1ba1234d58c9cf	vendor-or-firmware-source
week02/v01/vendor/wrpc-sw/lib/latency.h	251	2026-08-14T06:06:23.159022+00:00	3c2773df268c0cd9576a52ab8fa2e63386b48659b37a0f7491756dbe67c3f0bb	vendor-or-firmware-source
week02/v01/vendor/wrpc-sw/lib/lib.mk	565	2026-08-14T06:06:23.160022+00:00	135f996dfc213457f2490d2318676fe78ddfcf5bcd1e0474bdc3a0224427f1a8	vendor-or-firmware-source
week02/v01/vendor/wrpc-sw/lib/lldp.c	7300	2026-08-14T06:06:23.161021+00:00	c1c64c477b213be2b00bd46e6625e9ef944cd5506ed3430f0c731ef523abba62	vendor-or-firmware-source
week02/v01/vendor/wrpc-sw/lib/lldp.h	1958	2026-08-14T06:06:23.163022+00:00	6d923f000f2dac0ce510d4ed97530c8c22de732a8650a3040a0c556dd130f035	vendor-or-firmware-source
week02/v01/vendor/wrpc-sw/lib/net.c	10912	2026-08-14T06:06:23.164021+00:00	7ca0b10a5d207220290afc4f36f41a427f7862ab479bfc5ff036bfb978109223	vendor-or-firmware-source
week02/v01/vendor/wrpc-sw/lib/netconsole.c	3219	2026-08-14T06:06:23.165021+00:00	51f186453de64d00b56346cb2cf8e04d7202d12eebb454cefc36b139c199fd91	vendor-or-firmware-source
week02/v01/vendor/wrpc-sw/lib/snmp.c	66874	2026-08-14T06:06:23.168021+00:00	7869f087e6d9d34f012e61d995d856efb3dacaad4a6a870d12cb84ab2108b06d	vendor-or-firmware-source
week02/v01/vendor/wrpc-sw/lib/syslog.c	7487	2026-08-14T06:06:23.169021+00:00	0af2030dcfd728c3190ca31975ee009d092041ca57fe952e12a786452602b228	vendor-or-firmware-source
week02/v01/vendor/wrpc-sw/lib/syslog.h	490	2026-08-14T06:06:23.170022+00:00	01e54f1a9d41b41384e0babc525020adb395cb0ee429663633cb3e50f463612c	vendor-or-firmware-source
week02/v01/vendor/wrpc-sw/lib/task-diags.c	3867	2026-08-14T06:06:23.172021+00:00	cd20be6cbb8230aeb23beaa60cdc2139c20bcaeecfc70ed02a4559921ee3650a	vendor-or-firmware-source
week02/v01/vendor/wrpc-sw/lib/task-stats.c	4167	2026-08-14T06:06:23.173022+00:00	450f24d544320b48721f5861e1ab18455ab1cf00cb69e003d9138aa783a8a020	vendor-or-firmware-source
week02/v01/vendor/wrpc-sw/lib/udp.c	2118	2026-08-14T06:06:23.174021+00:00	8cde3b0700d26fd4d107bb8c0b80c7fe9c295eee6b31ff2379d0596f03d12d98	vendor-or-firmware-source
week02/v01/vendor/wrpc-sw/lib/usleep.c	1641	2026-08-14T06:06:23.175021+00:00	96a84b39ef2243093a58e1f025a21600b1074945cbf9ee542d00780388db3086	vendor-or-firmware-source
week02/v01/vendor/wrpc-sw/lib/util.c	6588	2026-08-14T06:06:23.177022+00:00	e17ddf0426101b87893727038b41b9c3149c8bbffb92fc85efa2fcc689d1f877	vendor-or-firmware-source
week02/v01/vendor/wrpc-sw/lib/wrc-tasks.c	3439	2026-08-14T06:06:23.178021+00:00	a72f16038c158bbd3125c66bc05be4775e349cda08e449571ef0e7dd408a32c2	vendor-or-firmware-source
week02/v01/vendor/wrpc-sw/libertm/Makefile	1886	2026-08-14T06:06:23.181021+00:00	57f1692cd82ed6ef943e31010285c69a1a193c73b9f735200ffe442afbcf9da9	vendor-or-firmware-source
week02/v01/vendor/wrpc-sw/libertm/aux_logger.c	6654	2026-08-14T06:06:23.186021+00:00	9a1b47e089749feb4f728d457d84c63e776993fa36ea78b8a89bad2d3421d835	vendor-or-firmware-source
week02/v01/vendor/wrpc-sw/libertm/deploy.mk	691	2026-08-14T06:06:23.190021+00:00	6229bbc8acb408b1e837c6b6fa63a2b602f4c855c6133f356c6620eb25d7b031	vendor-or-firmware-source
week02/v01/vendor/wrpc-sw/libertm/display.c	15477	2026-08-14T06:06:23.191021+00:00	6164ae5b86148a0f3c5f8418a1690df2b388e51aff20d7c89ee311986873b21d	vendor-or-firmware-source
week02/v01/vendor/wrpc-sw/libertm/display.h	356	2026-08-14T06:06:23.192021+00:00	13c3fa02019ed0c5cf3fac991d2fa3e06737c9a9241c39b109360f491c40236a	vendor-or-firmware-source
week02/v01/vendor/wrpc-sw/libertm/flock.c	1849	2026-08-14T06:06:23.196021+00:00	7a538b55a7d64ac7475bb29941b0eb94a962d86bc1804b045f8a43f464402e45	vendor-or-firmware-source
week02/v01/vendor/wrpc-sw/libertm/libertm.c	39359	2026-08-14T06:06:23.199021+00:00	f93347db334ddbc7b75d316c5913fde4405d6f5600256d2322ea79d681239d85	vendor-or-firmware-source
week02/v01/vendor/wrpc-sw/libertm/libertm.h	16023	2026-08-14T06:06:23.201021+00:00	ee8c47d915c91631181e318928bcae2f6ca8db40fd9eedc16b69a78c766c9dec	vendor-or-firmware-source
week02/v01/vendor/wrpc-sw/libertm/linux-uart-link.c	4221	2026-08-14T06:06:23.202021+00:00	b4a624216deef28da6f2032f569a1a74018744e8db0020f86ca04048ce4d82de	vendor-or-firmware-source
week02/v01/vendor/wrpc-sw/libertm/magics.c	1437	2026-08-14T06:06:23.203021+00:00	6d31923cc849b8968c46edf71be14c982014f29005b60638951f973fab90ef65	vendor-or-firmware-source
week02/v01/vendor/wrpc-sw/libertm/main.c	3577	2026-08-14T06:06:23.205021+00:00	568f2bdc02a78d04eb5b1ef2ffc2f473e8140b477e8f4526324e775c0e1db84b	vendor-or-firmware-source
week02/v01/vendor/wrpc-sw/libertm/private.h	2785	2026-08-14T06:06:23.206021+00:00	3fc990e874222447dac8184869e85583c1eff6dda9be18321e4cb462555d3768	vendor-or-firmware-source
week02/v01/vendor/wrpc-sw/libertm/semaph.c	1892	2026-08-14T06:06:23.207021+00:00	f979a6414298e0467cffadb7e9964dff329e4cdc14eada864ca86c8bf00b05f1	vendor-or-firmware-source
week02/v01/vendor/wrpc-sw/libertm/udev-find.c	398	2026-08-14T06:06:23.208021+00:00	14b00d89fbe535cf49ad3301e47f06022aa5fce32d2e2c41e46708b7293b28bd	vendor-or-firmware-source
week02/v01/vendor/wrpc-sw/libertm/udev-serial.c	2364	2026-08-14T06:06:23.209021+00:00	cd19aef9993f83c036f6bf3ecf06ad9437e709a4377abaaab369a6da20a03048	vendor-or-firmware-source
week02/v01/vendor/wrpc-sw/libertm/update-fpga.sh	372	2026-08-14T06:06:23.211021+00:00	696d330a9b1e9503aedd91621aa3c86162be5b40703e6c817bacebf30b586c46	vendor-or-firmware-source
week02/v01/vendor/wrpc-sw/libertm/update-mmc14.sh	171	2026-08-14T06:06:23.212021+00:00	c2714109a607ee0c7681d5ff139b5389187f527f836b45c54a888b1f86f0e878	vendor-or-firmware-source
week02/v01/vendor/wrpc-sw/libertm/update-mmc15.sh	171	2026-08-14T06:06:23.213021+00:00	5f8229ad4b1d81cb139a33cf3fd817100bcd81b297f54db149128a1b8a4ec358	vendor-or-firmware-source
week02/v01/vendor/wrpc-sw/liblinux/Makefile	1250	2026-08-14T06:06:23.215021+00:00	df74890fbdecca396cbdd190c3433c3eb28673cc6b09705bae38c3a996c91383	vendor-or-firmware-source
week02/v01/vendor/wrpc-sw/liblinux/devmap.c	8253	2026-08-14T06:06:23.217021+00:00	7b283ac7a5efaa030e99bcb429765e4c7ce0dc89b8c06791923286766234f92c	vendor-or-firmware-source
week02/v01/vendor/wrpc-sw/liblinux/extest/Makefile	747	2026-08-14T06:06:23.219021+00:00	8769ac18b3837fea19c286b2a1f7233628d3fdfd63dafd2050a1fbf822bc7a21	vendor-or-firmware-source
week02/v01/vendor/wrpc-sw/liblinux/extest/extest.c	24344	2026-08-14T06:06:23.220021+00:00	3c1894a3628671862a547e27765653de73ef59ddf1704f21d27b8f350b48b7b5	vendor-or-firmware-source
week02/v01/vendor/wrpc-sw/liblinux/extest/extest.h	3696	2026-08-14T06:06:23.222021+00:00	b649150fb9afdc97f13335b92a0be78b7c89affa5f226fbd05c3611f8dcfdf00	vendor-or-firmware-source
week02/v01/vendor/wrpc-sw/liblinux/libdevmap.h	1042	2026-08-14T06:06:23.223021+00:00	4e579f1bc3318dace3c01ed866068682c0cb1febff50cc1edfb5c1cb906b65e6	vendor-or-firmware-source
week02/v01/vendor/wrpc-sw/monitor/monitor_ppsi.c	19768	2026-08-14T06:06:23.225021+00:00	9fd5776f8fd478d79a50fb73f4602f9276d8e860cad03194a9e88ada524367f8	vendor-or-firmware-source
week02/v01/vendor/wrpc-sw/pp_printf/Makefile	1435	2026-08-14T06:06:23.230021+00:00	8ef5a1a6cd8c0dae93d3925c15a758fd29ba625823c625a084ce7938bae53d72	vendor-or-firmware-source
week02/v01/vendor/wrpc-sw/pp_printf/div64.c	1203	2026-08-14T06:06:23.233021+00:00	428bc7c6225f085bd1bd6ce2d1f4fc529a0cc92549b2a6e849fc22e6d36e1aa6	vendor-or-firmware-source
week02/v01/vendor/wrpc-sw/pp_printf/example-printf.c	492	2026-08-14T06:06:23.234021+00:00	d30ff2f19787e19c508d90929394e43191dcb8553dd803b39aae830a630e27c0	vendor-or-firmware-source
week02/v01/vendor/wrpc-sw/pp_printf/example-printf64.c	630	2026-08-14T06:06:23.238021+00:00	51219e12b8dc3137a938f2f4cf20d20c8af389671dfdd0eb66e502ff75b188ba	vendor-or-firmware-source
week02/v01/vendor/wrpc-sw/pp_printf/pp-printf.h	446	2026-08-14T06:06:23.239021+00:00	93b637a1deb663d6d5992db4dae0668fd5884d8d348465a2351180e205c75e8b	vendor-or-firmware-source
week02/v01/vendor/wrpc-sw/pp_printf/printf.c	712	2026-08-14T06:06:23.240021+00:00	573c47d4b52319652428b29bc571732a726c56885a5155c14def7b0f0098902b	vendor-or-firmware-source
week02/v01/vendor/wrpc-sw/pp_printf/printf.mk	472	2026-08-14T06:06:23.241021+00:00	9b151e3091d32a7233f7476c5a757c95b751a0f046686fc29a9144da17fe29fb	vendor-or-firmware-source
week02/v01/vendor/wrpc-sw/pp_printf/vsprintf-full.c	9348	2026-08-14T06:06:23.242021+00:00	9ec6e3327eaa58fef7cfccb219feca99aeb5a7f83117a78add521a7020c17473	vendor-or-firmware-source
week02/v01/vendor/wrpc-sw/pp_printf/vsprintf-mini.c	1360	2026-08-14T06:06:23.244021+00:00	e0eccaa3c4b5baea00f2c69696b29b6161d4d59a6dcbca4891da522420c6091a	vendor-or-firmware-source
week02/v01/vendor/wrpc-sw/pp_printf/vsprintf-none.c	262	2026-08-14T06:06:23.245021+00:00	a18e9c9cae584d966549943fd3456870fa2dbf6952762d40db8805d76eb5db3c	vendor-or-firmware-source
week02/v01/vendor/wrpc-sw/pp_printf/vsprintf-xint.c	2157	2026-08-14T06:06:23.246021+00:00	31c9ab4550383a0f0814d9d9376335ef6fb40af50c6fc637615e6b1167d83527	vendor-or-firmware-source
week02/v01/vendor/wrpc-sw/ppsi/Kconfig	52	2026-08-14T06:09:01.630088+00:00	26e457ea94394496161555e9c36ea71337600e39299197f2c258e4689a0a3c3b	vendor-or-firmware-source
week02/v01/vendor/wrpc-sw/ppsi/Makefile	3574	2026-08-14T06:09:01.635088+00:00	9b26a987bf4bf14d7641311af8743077abae2475d37ed47d9305461c83096d4e	vendor-or-firmware-source
week02/v01/vendor/wrpc-sw/ppsi/arch-bare-i386/Makefile	957	2026-08-14T06:09:01.638088+00:00	9842963c3627c48acaf4eb09f5e50b7d516db12d59796513354ec206a53edb18	vendor-or-firmware-source
week02/v01/vendor/wrpc-sw/ppsi/arch-bare-i386/include/arch/arch.h	808	2026-08-14T06:09:01.644088+00:00	55fd09e095853bdebba0e3ab7e2cd26738b40c07592a7bd9fc0d08ad8d2c184b	vendor-or-firmware-source
week02/v01/vendor/wrpc-sw/ppsi/arch-bare-i386/include/arch/constants.h	314	2026-08-14T06:09:01.646088+00:00	414fe0334ff4064ff6e3abd4edd884e7470709544ad424f5a40dc66d4ad02e37	vendor-or-firmware-source
week02/v01/vendor/wrpc-sw/ppsi/arch-bare-i386/syscalls.c	4702	2026-08-14T06:09:01.647088+00:00	99238f30ca1c50654b6f02870e005ac19dde8a4f3e49e1e505501797d8f5b2f3	vendor-or-firmware-source
week02/v01/vendor/wrpc-sw/ppsi/arch-bare-i386/syscalls.h	2701	2026-08-14T06:09:01.648088+00:00	46f70bc01a9463783670f817ef67839a4a843d2d0a7bd6cd64acd277ab69de37	vendor-or-firmware-source
week02/v01/vendor/wrpc-sw/ppsi/arch-bare-x86-64/Makefile	1016	2026-08-14T06:09:01.650088+00:00	783a40add66d5fae5e6f327b5e649bacf813312dddccd31828e3f4c82afbadbd	vendor-or-firmware-source
week02/v01/vendor/wrpc-sw/ppsi/arch-bare-x86-64/include/arch/arch.h	808	2026-08-14T06:09:01.656088+00:00	55fd09e095853bdebba0e3ab7e2cd26738b40c07592a7bd9fc0d08ad8d2c184b	vendor-or-firmware-source
week02/v01/vendor/wrpc-sw/ppsi/arch-bare-x86-64/include/arch/constants.h	314	2026-08-14T06:09:01.657088+00:00	414fe0334ff4064ff6e3abd4edd884e7470709544ad424f5a40dc66d4ad02e37	vendor-or-firmware-source
week02/v01/vendor/wrpc-sw/ppsi/arch-bare-x86-64/syscalls.c	3750	2026-08-14T06:09:01.660088+00:00	7bbdac494b2b98abf0a799415b51dc47de001a149ea3e7f1678142c3c2fbef64	vendor-or-firmware-source
week02/v01/vendor/wrpc-sw/ppsi/arch-sim/Makefile	644	2026-08-14T06:09:01.662088+00:00	738986e55808fca7c5e32927c614ad3af53b929b8e0da730a90933860e88a4c9	vendor-or-firmware-source
week02/v01/vendor/wrpc-sw/ppsi/arch-sim/include/arch/arch.h	227	2026-08-14T06:09:01.665088+00:00	b7bf4acb581226655da77da19746ac0075b2e51ec5ec4ce8389bae308b5037d9	vendor-or-firmware-source
week02/v01/vendor/wrpc-sw/ppsi/arch-sim/include/arch/constants.h	274	2026-08-14T06:09:01.666088+00:00	e4ed23d21008bae959a55bcb9b3515244056b9e02d7df4febb95c82cde2edb26	vendor-or-firmware-source
week02/v01/vendor/wrpc-sw/ppsi/arch-sim/main-loop.c	2621	2026-08-14T06:09:01.668088+00:00	43be16423df744d2e4f8880a75f372b9bfc8e3227430185f73d5f7edbb2635ef	vendor-or-firmware-source
week02/v01/vendor/wrpc-sw/ppsi/arch-sim/ppsi-sim.h	4607	2026-08-14T06:09:01.669088+00:00	197047764605605cf08507752f4a00f4840a43d9113e2a266097e2aafbdfa7fe	vendor-or-firmware-source
week02/v01/vendor/wrpc-sw/ppsi/arch-sim/sim-conf.c	3785	2026-08-14T06:09:01.671088+00:00	431bff67f7e1f89f9c4a7d4fd0688d38f188a3dc9c9ec55b85c27aef7f2c8711	vendor-or-firmware-source
week02/v01/vendor/wrpc-sw/ppsi/arch-sim/sim-io.c	207	2026-08-14T06:09:01.672088+00:00	d39713b30073031f684bafa60a47870867a036352cf895d76e3b8bb5353f4371	vendor-or-firmware-source
week02/v01/vendor/wrpc-sw/ppsi/arch-sim/sim-startup.c	8791	2026-08-14T06:09:01.673088+00:00	f2a2f0645c11de229eafb39d75ec898a602dd016b96b7f0d42e3885db14fe052	vendor-or-firmware-source
week02/v01/vendor/wrpc-sw/ppsi/arch-unix/Makefile	857	2026-08-14T06:09:01.675088+00:00	33fa0b27e60939cea1fd442aee171db26e3d9c83b952267dcb93c6d95615f582	vendor-or-firmware-source
week02/v01/vendor/wrpc-sw/ppsi/arch-unix/include/arch/arch.h	227	2026-08-14T06:09:01.678088+00:00	9f9b93dbef5b1c7a2e99e14ddda79ae1408b8c3f4242fe8b8315ba3ec71c83ef	vendor-or-firmware-source
week02/v01/vendor/wrpc-sw/ppsi/arch-unix/include/arch/constants.h	274	2026-08-14T06:09:01.680088+00:00	e4ed23d21008bae959a55bcb9b3515244056b9e02d7df4febb95c82cde2edb26	vendor-or-firmware-source
week02/v01/vendor/wrpc-sw/ppsi/arch-unix/include/ppsi-unix.h	357	2026-08-14T06:09:01.681088+00:00	7895b872d5080517cb0348cfdb7c4d9cbd496f3c6bbc8b7e529d9c3dc46b418f	vendor-or-firmware-source
week02/v01/vendor/wrpc-sw/ppsi/arch-unix/main-loop.c	3226	2026-08-14T06:09:01.682088+00:00	4bea5232e889752cd732d929c379db40174b105cfd358b3dd845ee61363a4afa	vendor-or-firmware-source
week02/v01/vendor/wrpc-sw/ppsi/arch-unix/unix-conf.c	318	2026-08-14T06:09:01.684088+00:00	22a26517f0f7a9b782a1aca745429a624c3b2792330d372066c700fd9baf7d07	vendor-or-firmware-source
week02/v01/vendor/wrpc-sw/ppsi/arch-unix/unix-io.c	207	2026-08-14T06:09:01.685088+00:00	d39713b30073031f684bafa60a47870867a036352cf895d76e3b8bb5353f4371	vendor-or-firmware-source
week02/v01/vendor/wrpc-sw/ppsi/arch-unix/unix-startup.c	9612	2026-08-14T06:09:01.688088+00:00	7388520ae89b9c14c949771bde89ab02d948268a9caf8a6b17a5968979f799d9	vendor-or-firmware-source
week02/v01/vendor/wrpc-sw/ppsi/arch-wrpc/Makefile	833	2026-08-14T06:09:01.693088+00:00	90f0c6ad933c874aa488fdf7ef0a83a241d51d47e96074a399de45d916cc31f2	vendor-or-firmware-source
week02/v01/vendor/wrpc-sw/ppsi/arch-wrpc/arch.mk	660	2026-08-14T06:22:19.104370+00:00	1aeb9dacf9543cbc47a4b595628345c985ef4c69f71fe3413f17ed02d7c9090f	vendor-or-firmware-source
week02/v01/vendor/wrpc-sw/ppsi/arch-wrpc/faults.c	1590	2026-08-14T06:09:01.696088+00:00	a9619e46de73fbed60de7f2e04fd809d2ffdad533fbcc8d4dd10d822c20e9c94	vendor-or-firmware-source
week02/v01/vendor/wrpc-sw/ppsi/arch-wrpc/include/arch/arch.h	273	2026-08-14T06:09:01.698088+00:00	ea980904e1f77524dacb0f945b80340767d9448edec0150bea0024119a63d1d0	vendor-or-firmware-source
week02/v01/vendor/wrpc-sw/ppsi/arch-wrpc/include/arch/constants.h	314	2026-08-14T06:09:01.700088+00:00	414fe0334ff4064ff6e3abd4edd884e7470709544ad424f5a40dc66d4ad02e37	vendor-or-firmware-source
week02/v01/vendor/wrpc-sw/ppsi/arch-wrpc/wrc_ptp_ppsi.c	14727	2026-08-14T06:09:01.702088+00:00	24f352b829560c9e61080e164ea0854878d8a3b8d351118fc9134d4e931800a9	vendor-or-firmware-source
week02/v01/vendor/wrpc-sw/ppsi/arch-wrpc/wrpc-calibration.c	1076	2026-08-14T06:09:01.703088+00:00	8abd792da542f48119d505026168167eb983a38066c836e377fb1ff23e6bbaf1	vendor-or-firmware-source
week02/v01/vendor/wrpc-sw/ppsi/arch-wrpc/wrpc-io.c	236	2026-08-14T06:09:01.704088+00:00	83ea405401663c0e4f10872c4f950633f5bcbe68435ba4ff14c5d2790081edda	vendor-or-firmware-source
week02/v01/vendor/wrpc-sw/ppsi/arch-wrpc/wrpc-spll.c	3189	2026-08-14T06:09:01.706088+00:00	17970fbdf04f9653cd26e7901a3e06bc0fe289a4fb5bc5c9fd1ef2051632c427	vendor-or-firmware-source
week02/v01/vendor/wrpc-sw/ppsi/arch-wrpc/wrpc.h	3636	2026-08-14T06:09:01.707088+00:00	207809926ab633d652d3301170864d1fa93d10127d1b505ec7f61aee796fef74	vendor-or-firmware-source
week02/v01/vendor/wrpc-sw/ppsi/arch-wrs/Makefile	2801	2026-08-14T06:09:01.711088+00:00	c349ba08c6150cc35b15a85d4c82e48095de32bdeb0b3d44f062db11ea670f8a	vendor-or-firmware-source
week02/v01/vendor/wrpc-sw/ppsi/arch-wrs/include/arch/arch.h	227	2026-08-14T06:09:01.715088+00:00	b7bf4acb581226655da77da19746ac0075b2e51ec5ec4ce8389bae308b5037d9	vendor-or-firmware-source
week02/v01/vendor/wrpc-sw/ppsi/arch-wrs/include/arch/constants.h	274	2026-08-14T06:09:01.716088+00:00	e4ed23d21008bae959a55bcb9b3515244056b9e02d7df4febb95c82cde2edb26	vendor-or-firmware-source
week02/v01/vendor/wrpc-sw/ppsi/arch-wrs/include/libwr/wrs-msg.h	421	2026-08-14T06:09:01.719088+00:00	97fddd05c8b1636094e946b1edb836ad354b6fed362bf7dea37570552ef27efa	vendor-or-firmware-source
week02/v01/vendor/wrpc-sw/ppsi/arch-wrs/include/ppsi-wrs.h	3020	2026-08-14T06:09:01.721088+00:00	003eac61b34f2a9a88df737323223c2b5ba44c4c6fcc4d241c03372c5320558a	vendor-or-firmware-source
week02/v01/vendor/wrpc-sw/ppsi/arch-wrs/include/ppsi_exports.h	572	2026-08-14T06:09:01.722088+00:00	50f1abe19958a1510de6ae607b5d939c0c29e4cb701bcaf35173cdfa016548f5	vendor-or-firmware-source
week02/v01/vendor/wrpc-sw/ppsi/arch-wrs/include/strnlen.h	79	2026-08-14T06:09:01.724088+00:00	5f78bc9b29cd39edbf884ad2bf10f2eeb252512ec7c3c8f8ff2378339a40f977	vendor-or-firmware-source
week02/v01/vendor/wrpc-sw/ppsi/arch-wrs/main-loop.c	11619	2026-08-14T06:09:01.725088+00:00	354d1aacb100a8a2921fdae95e4f333a1875c8e6bb557191fecdac3b4316824b	vendor-or-firmware-source
week02/v01/vendor/wrpc-sw/ppsi/arch-wrs/mini-rpc/Makefile	1549	2026-08-14T06:09:01.729088+00:00	b1627438f7023ceded526425acc874f55d26cb530c3d404a051190c32d0c7b95	vendor-or-firmware-source
week02/v01/vendor/wrpc-sw/ppsi/arch-wrs/mini-rpc/arch-lm32/stdint.h	408	2026-08-14T06:09:01.733088+00:00	a19bf3f2cc5e84418eaebba9149b3877b61947c4addb0e5c01c140174fc9d9ed	vendor-or-firmware-source
week02/v01/vendor/wrpc-sw/ppsi/arch-wrs/mini-rpc/doc/Makefile	1099	2026-08-14T06:09:01.738088+00:00	164ff5bdfff402d94a0e484edb7365b100c7684b97be43a06fab1ba643d265eb	vendor-or-firmware-source
week02/v01/vendor/wrpc-sw/ppsi/arch-wrs/mini-rpc/examples/Makefile	1852	2026-08-14T06:09:01.746088+00:00	7f1e6c558bcba94d842646f1eaecccb68fbf4cd6914f5e625d512402d2749c5a	vendor-or-firmware-source
week02/v01/vendor/wrpc-sw/ppsi/arch-wrs/mini-rpc/examples/freestanding-server.c	1685	2026-08-14T06:09:01.748087+00:00	1009e0b3f8e99ed2af27b8a3b905c4191ba43a050345026b08ad24fa633f52f5	vendor-or-firmware-source
week02/v01/vendor/wrpc-sw/ppsi/arch-wrs/mini-rpc/examples/mbox-bridge.c	3708	2026-08-14T06:09:01.749088+00:00	607784411a0db70f3d61221f6cb80aca24b391131e4c0338435afc4ab1e2e175	vendor-or-firmware-source
week02/v01/vendor/wrpc-sw/ppsi/arch-wrs/mini-rpc/examples/mbox-client.c	1646	2026-08-14T06:09:01.751087+00:00	1ed6756fe7f575a9f3c59932da78be6c6c2591417b7cc08839dd7e86e0b39767	vendor-or-firmware-source
week02/v01/vendor/wrpc-sw/ppsi/arch-wrs/mini-rpc/examples/mbox-process.c	2024	2026-08-14T06:09:01.752088+00:00	945d42942254619d4449a1d1541eb8ed09c2a5964df8070a9abda0f2500661d1	vendor-or-firmware-source
week02/v01/vendor/wrpc-sw/ppsi/arch-wrs/mini-rpc/examples/minipc-shmem.h	543	2026-08-14T06:09:01.753088+00:00	8dce3b925fb6791a7fbbb4ba3a00b7dfa5da2bb15c12013170e98e3fb664b216	vendor-or-firmware-source
week02/v01/vendor/wrpc-sw/ppsi/arch-wrs/mini-rpc/examples/pty-client.c	3839	2026-08-14T06:09:01.754087+00:00	ec0cab156ff51922ffa4b49ac5651f599761a0a79488f480c9760e2ed3490e5c	vendor-or-firmware-source
week02/v01/vendor/wrpc-sw/ppsi/arch-wrs/mini-rpc/examples/pty-rpc_server.c	3625	2026-08-14T06:09:01.755087+00:00	4dbf7b667b0de132158f9ca278032943ac38b516b4e4a6dc818c655766d4aa4c	vendor-or-firmware-source
week02/v01/vendor/wrpc-sw/ppsi/arch-wrs/mini-rpc/examples/pty-rpc_structs.c	2129	2026-08-14T06:09:01.757087+00:00	69ed53c7412078efb8727544a1093f3a122e43ed4c129b022c0d6e9d77c6f7ca	vendor-or-firmware-source
week02/v01/vendor/wrpc-sw/ppsi/arch-wrs/mini-rpc/examples/pty-server.c	3713	2026-08-14T06:09:01.758087+00:00	444f949aaf545c671cbb7941a4789cd13c62b2dcf1d4a5134beed8d9d3fee55f	vendor-or-firmware-source
week02/v01/vendor/wrpc-sw/ppsi/arch-wrs/mini-rpc/examples/pty-server.h	386	2026-08-14T06:09:01.759088+00:00	0a10051c12956b6bf8155f633a3b53414597552a87b14172a56ced1a1683dc8a	vendor-or-firmware-source
week02/v01/vendor/wrpc-sw/ppsi/arch-wrs/mini-rpc/examples/shmem-client.c	3671	2026-08-14T06:09:01.760087+00:00	55afe14be178fcb3110d214219b41ac80eef3c070247f2124d3ba75591529277	vendor-or-firmware-source
week02/v01/vendor/wrpc-sw/ppsi/arch-wrs/mini-rpc/examples/shmem-server.c	3806	2026-08-14T06:09:01.762087+00:00	a061969555e8f8b86f01e57f1012544c2556a37a3f9ab9055672171620ca1554	vendor-or-firmware-source
week02/v01/vendor/wrpc-sw/ppsi/arch-wrs/mini-rpc/examples/shmem-structs.c	1945	2026-08-14T06:09:01.764087+00:00	fc19b7358599988338ab5da98b21c876335c2c1b2353b1c8102dda2456b3141f	vendor-or-firmware-source
week02/v01/vendor/wrpc-sw/ppsi/arch-wrs/mini-rpc/examples/shmem-structs.h	212	2026-08-14T06:09:01.764087+00:00	ca6acdaef4c71c6aaa4e415cb5c2763c290671334db3f17c3ebecb0914f16563	vendor-or-firmware-source
week02/v01/vendor/wrpc-sw/ppsi/arch-wrs/mini-rpc/examples/trivial-client.c	2278	2026-08-14T06:09:01.765087+00:00	64b2bc143bdb6b5ba7e4a73fcb963880196062a34bc416c36a13011020d33e5d	vendor-or-firmware-source
week02/v01/vendor/wrpc-sw/ppsi/arch-wrs/mini-rpc/examples/trivial-server.c	2314	2026-08-14T06:09:01.766088+00:00	760b3498622d526938c96449deaa852e5935f0b1f56c35a86a5d3b6da7c5e9e2	vendor-or-firmware-source
week02/v01/vendor/wrpc-sw/ppsi/arch-wrs/mini-rpc/minipc-client.c	4844	2026-08-14T06:09:01.768087+00:00	f4a0af4def1a57f89342e3be195b050a7a1d8a79117bc710ef005845909e972e	vendor-or-firmware-source
week02/v01/vendor/wrpc-sw/ppsi/arch-wrs/mini-rpc/minipc-core.c	6404	2026-08-14T06:09:01.769087+00:00	74b0a3bc17bf6b0a0202830150b1f9af9fa7de86f4cdee58515c0766bd6ccc53	vendor-or-firmware-source
week02/v01/vendor/wrpc-sw/ppsi/arch-wrs/mini-rpc/minipc-int.h	3262	2026-08-14T06:09:01.771087+00:00	640d3149a8a781c7b7f820254623e52c2f04c11203b8577d4bbf75145b2231eb	vendor-or-firmware-source
week02/v01/vendor/wrpc-sw/ppsi/arch-wrs/mini-rpc/minipc-mem-server.c	5477	2026-08-14T06:09:01.772087+00:00	2ed10740084b61e22f70ab548b22e0f39cc5666e55e77685598b91ec6b544832	vendor-or-firmware-source
week02/v01/vendor/wrpc-sw/ppsi/arch-wrs/mini-rpc/minipc-server.c	6549	2026-08-14T06:09:01.773087+00:00	9b7d6ddd02d11e53c3bddad010e92a698925db19475be6e6aa5b188e4d71c98c	vendor-or-firmware-source
week02/v01/vendor/wrpc-sw/ppsi/arch-wrs/mini-rpc/minipc.h	3797	2026-08-14T06:09:01.775087+00:00	63c87a098fe9d4a2689c9e94876e2cc5a855d3e76f768d3088e7f34c980463eb	vendor-or-firmware-source
week02/v01/vendor/wrpc-sw/ppsi/arch-wrs/save_size.sh	715	2026-08-14T06:09:01.776087+00:00	cbae5eac9490331e93492f085570de498b4cd72a4cf0c88d0d9d19b92218762a	vendor-or-firmware-source
week02/v01/vendor/wrpc-sw/ppsi/arch-wrs/shmem.c	7705	2026-08-14T06:09:01.778087+00:00	f0363d6927b6ac93f5cdeab833940b1464a955148ff8a8483d47f12ddc13caaf	vendor-or-firmware-source
week02/v01/vendor/wrpc-sw/ppsi/arch-wrs/util.c	3353	2026-08-14T06:09:01.779087+00:00	3317394075bbdbd76dc816696a408d0911a3afe6a8d75421161e08311ceec491	vendor-or-firmware-source
week02/v01/vendor/wrpc-sw/ppsi/arch-wrs/wrs-calibration.c	1081	2026-08-14T06:09:01.781087+00:00	fbc14a3734bbb7b5e09c7df4f5b87028106e59ae3ddb17121d0992f8a3f1c81c	vendor-or-firmware-source
week02/v01/vendor/wrpc-sw/ppsi/arch-wrs/wrs-conf.c	318	2026-08-14T06:09:01.782087+00:00	22a26517f0f7a9b782a1aca745429a624c3b2792330d372066c700fd9baf7d07	vendor-or-firmware-source
week02/v01/vendor/wrpc-sw/ppsi/arch-wrs/wrs-io.c	207	2026-08-14T06:09:01.783087+00:00	d39713b30073031f684bafa60a47870867a036352cf895d76e3b8bb5353f4371	vendor-or-firmware-source
week02/v01/vendor/wrpc-sw/ppsi/arch-wrs/wrs-ipcserver.c	933	2026-08-14T06:09:01.785087+00:00	523cef9b14920fe16cd1976a6f533ee83855ed7126152c55c8c7044de383c7b9	vendor-or-firmware-source
week02/v01/vendor/wrpc-sw/ppsi/arch-wrs/wrs-port.c	2263	2026-08-14T06:09:01.786087+00:00	ff635d8005e0d736d6d8dac41370b83fcb48eb3b50f96150913e702164122e8d	vendor-or-firmware-source
week02/v01/vendor/wrpc-sw/ppsi/arch-wrs/wrs-startup.c	14250	2026-08-14T06:09:01.789087+00:00	9eb340b2955be5785d7ff06cb357d2837724ad310e396923ca4efcd4ad087cad	vendor-or-firmware-source
week02/v01/vendor/wrpc-sw/ppsi/diag.c	1634	2026-08-14T06:09:01.822087+00:00	b5523c9a4f58e6a3ecfc3f24f2b3c79cf3a58d2adf115ca2efcd46fff62ffe71	vendor-or-firmware-source
week02/v01/vendor/wrpc-sw/ppsi/doc/Makefile	1185	2026-08-14T06:09:01.826087+00:00	4921a4649fe88970a89ba6481361c1a4ee1ff3f938c4660074a5f4cfa53c2d1f	vendor-or-firmware-source
week02/v01/vendor/wrpc-sw/ppsi/fsm.c	11639	2026-08-14T06:09:01.840087+00:00	5594a8a625a9e8294cc6079139c94811664bc059d16485fc2948fba31afbeeb8	vendor-or-firmware-source
week02/v01/vendor/wrpc-sw/ppsi/include/hw-specific/wrh.h	4080	2026-08-14T06:09:01.843087+00:00	879d45cece4d49ebad9ae4ebe710272df5ffedd781bbde16aba5a3c382c81e47	vendor-or-firmware-source
week02/v01/vendor/wrpc-sw/ppsi/include/ppsi/assert.h	829	2026-08-14T06:09:01.845087+00:00	be454592e9f0c5c93a04f8587cb07afd22c57c240abbc2a493544386c19500f8	vendor-or-firmware-source
week02/v01/vendor/wrpc-sw/ppsi/include/ppsi/bmc.h	1503	2026-08-14T06:09:01.846087+00:00	909d875abcdd21b206dbbab6b8d992bb2a3ad189a990ba4ece1c304c9aedbb77	vendor-or-firmware-source
week02/v01/vendor/wrpc-sw/ppsi/include/ppsi/conf.h	4988	2026-08-14T06:09:01.848087+00:00	824989e4480c8d437faa6f1ab6900effe89f8e4b916b5d321594b0913cbfc08f	vendor-or-firmware-source
week02/v01/vendor/wrpc-sw/ppsi/include/ppsi/constants.h	6975	2026-08-14T06:09:01.849087+00:00	6303320b244fc65c783594ffc54955c0bab7b134429b0bfee594db4f1c275bc4	vendor-or-firmware-source
week02/v01/vendor/wrpc-sw/ppsi/include/ppsi/diag-macros.h	3779	2026-08-14T06:09:01.851087+00:00	532eef80094cf275b5f938b96dce38e72e0364cdb4aa918b4c7b0b902f9274fa	vendor-or-firmware-source
week02/v01/vendor/wrpc-sw/ppsi/include/ppsi/faults.h	545	2026-08-14T06:09:01.852087+00:00	e3f5bcf60d2415c8c73b328a0f4806ef115445674c9ae0589a48540c36af08c6	vendor-or-firmware-source
week02/v01/vendor/wrpc-sw/ppsi/include/ppsi/ieee1588_types.h	13677	2026-08-14T06:09:01.854087+00:00	7a1b23fd26081ed2c6fc95ceaea58ea90339c06373735a69ed2e1e401e5bf830	vendor-or-firmware-source
week02/v01/vendor/wrpc-sw/ppsi/include/ppsi/jiffies.h	1266	2026-08-14T06:09:01.855087+00:00	010386e3cd1c39ba5fcc69794cab918d989b217dc30fb94c53d472b0cd8f80e9	vendor-or-firmware-source
week02/v01/vendor/wrpc-sw/ppsi/include/ppsi/lib.h	1241	2026-08-14T06:09:01.857087+00:00	8dabded914be9807a736ce68ac2e43baab1b865e7c6530472dc3d648f9d5b6c0	vendor-or-firmware-source
week02/v01/vendor/wrpc-sw/ppsi/include/ppsi/pp-instance.h	12751	2026-08-14T06:09:01.858087+00:00	79be79227ea26c30829457e8295bc604b89455216c89d97fdd28a3f786cf3272	vendor-or-firmware-source
week02/v01/vendor/wrpc-sw/ppsi/include/ppsi/pp-time.h	711	2026-08-14T06:09:01.860087+00:00	bc9368598f0f1ae125ed8f4812ee1f727b0d4d0730854c1c99804d133c0d9113	vendor-or-firmware-source
week02/v01/vendor/wrpc-sw/ppsi/include/ppsi/ppsi.h	17004	2026-08-14T06:09:01.861087+00:00	8a1452ca5f54c8482b562e870552df129b04f1e57f6ef2ed68260959ef8134af	vendor-or-firmware-source
week02/v01/vendor/wrpc-sw/ppsi/include/ppsi/timeout_def.h	1632	2026-08-14T06:09:01.863087+00:00	de42dfaa8ef04f765073119803199a38cd3334629b7a6f2103b4bb0386e639a4	vendor-or-firmware-source
week02/v01/vendor/wrpc-sw/ppsi/include/ppsi/timeout_prot.h	2889	2026-08-14T06:09:01.864087+00:00	f8d674fb7365b3083dc1bef6c00a5b53323bee3e059114cadced9a05adc0155a	vendor-or-firmware-source
week02/v01/vendor/wrpc-sw/ppsi/lib/assert.c	690	2026-08-14T06:09:01.874087+00:00	77e68507bcde52d660c0349472352e5daeddc302a623a323b87885ea6acd140d	vendor-or-firmware-source
week02/v01/vendor/wrpc-sw/ppsi/lib/cmdline.c	2441	2026-08-14T06:09:01.875087+00:00	199e56b1f94b167c2dc925ec137095d76984b2cc73824d6ffca8b955fe000d9a	vendor-or-firmware-source
week02/v01/vendor/wrpc-sw/ppsi/lib/conf.c	20774	2026-08-14T06:09:01.877087+00:00	732d7e71ebed49b4b44102409e3b38c7f4ab5c9ccb2b289b1f20abc9792bece9	vendor-or-firmware-source
week02/v01/vendor/wrpc-sw/ppsi/lib/div64.c	1205	2026-08-14T06:09:01.879087+00:00	af55054c0d7d79803c0ebf9c1a2e1ea1694d1423ad423d21af4ffab8dc8d232d	vendor-or-firmware-source
week02/v01/vendor/wrpc-sw/ppsi/lib/drop.c	926	2026-08-14T06:09:01.880087+00:00	7d3a950423cf6a87d07bb39de904a2af4e8f8976d9c6d8931eda0a46b93d332d	vendor-or-firmware-source
week02/v01/vendor/wrpc-sw/ppsi/lib/dump-funcs.c	13733	2026-08-14T06:09:01.883087+00:00	418b9ea16f5d8864c3ecd9a0c764ae543c676d0d4d3c194062f4c5358bf8daa1	vendor-or-firmware-source
week02/v01/vendor/wrpc-sw/ppsi/lib/faults.c	351	2026-08-14T06:09:01.884087+00:00	3d48de8e3b405d8242226c85b35da51ed3f855f21b8aa3a66ec69ea2da00a125	vendor-or-firmware-source
week02/v01/vendor/wrpc-sw/ppsi/lib/libc-functions.c	1925	2026-08-14T06:22:49.919187+00:00	93a0ebb29e9432704f884094a14053952433436ac7a04803f947d111b5a70fa3	vendor-or-firmware-source
week02/v01/vendor/wrpc-sw/ppsi/lib/network_types.h	1262	2026-08-14T06:09:01.888087+00:00	77136ebde2e2d1c191f41b158a6f908c4578fc51c95407b3cdf39ca666a1a100	vendor-or-firmware-source
week02/v01/vendor/wrpc-sw/ppsi/lib/time-arith.c	8630	2026-08-14T06:09:01.889087+00:00	14be7859f187a3a816b876f39f369a60d9a46d276bb42d3a6ddb2470dc18d477	vendor-or-firmware-source
week02/v01/vendor/wrpc-sw/ppsi/lib-bare/bare-io.c	228	2026-08-14T06:09:01.867087+00:00	f67c9c602f739549e42adbf7ed76fee107c5f1a9e473484824bae832467c30b1	vendor-or-firmware-source
week02/v01/vendor/wrpc-sw/ppsi/lib-bare/bare-linux.h	7294	2026-08-14T06:09:01.869087+00:00	5232c9547f6c3b2d3ceca41164a5e489f11d86fd3f99a68c991d3595d3077db8	vendor-or-firmware-source
week02/v01/vendor/wrpc-sw/ppsi/lib-bare/bare-startup.c	2571	2026-08-14T06:09:01.870087+00:00	eb3df95497f209a19f8bb8af667568276953a149638995f50d566332d410784e	vendor-or-firmware-source
week02/v01/vendor/wrpc-sw/ppsi/lib-bare/main-loop.c	1967	2026-08-14T06:09:01.872087+00:00	36b97557c808044e903b3012eb7e1870c05f70aa1546d18c778bd670ccdbcb09	vendor-or-firmware-source
week02/v01/vendor/wrpc-sw/ppsi/msgtype.c	1868	2026-08-14T06:09:01.891087+00:00	36329ec988357e3b6d064abbef8ee05df30fc0d2e53bf41597ce9859cdd184e1	vendor-or-firmware-source
week02/v01/vendor/wrpc-sw/ppsi/pp_printf/Makefile	1448	2026-08-14T06:09:01.896087+00:00	fb6842db40f036ec539af490e5617a3d674d8160ed5255e45bba6d920e4bd5f3	vendor-or-firmware-source
week02/v01/vendor/wrpc-sw/ppsi/pp_printf/div64.c	1203	2026-08-14T06:09:01.900087+00:00	428bc7c6225f085bd1bd6ce2d1f4fc529a0cc92549b2a6e849fc22e6d36e1aa6	vendor-or-firmware-source
week02/v01/vendor/wrpc-sw/ppsi/pp_printf/example-printf.c	492	2026-08-14T06:09:01.902086+00:00	d30ff2f19787e19c508d90929394e43191dcb8553dd803b39aae830a630e27c0	vendor-or-firmware-source
week02/v01/vendor/wrpc-sw/ppsi/pp_printf/example-printf64.c	630	2026-08-14T06:09:01.903087+00:00	51219e12b8dc3137a938f2f4cf20d20c8af389671dfdd0eb66e502ff75b188ba	vendor-or-firmware-source
week02/v01/vendor/wrpc-sw/ppsi/pp_printf/pp-printf.h	446	2026-08-14T06:09:01.904087+00:00	93b637a1deb663d6d5992db4dae0668fd5884d8d348465a2351180e205c75e8b	vendor-or-firmware-source
week02/v01/vendor/wrpc-sw/ppsi/pp_printf/printf.c	712	2026-08-14T06:09:01.905087+00:00	573c47d4b52319652428b29bc571732a726c56885a5155c14def7b0f0098902b	vendor-or-firmware-source
week02/v01/vendor/wrpc-sw/ppsi/pp_printf/vsprintf-full.c	9264	2026-08-14T06:09:01.907087+00:00	83556a91a346d3dfe95fcf1828b353f1fc911197dcb9918f2aeb0f268d773fe7	vendor-or-firmware-source
week02/v01/vendor/wrpc-sw/ppsi/pp_printf/vsprintf-mini.c	1360	2026-08-14T06:09:01.908087+00:00	e0eccaa3c4b5baea00f2c69696b29b6161d4d59a6dcbca4891da522420c6091a	vendor-or-firmware-source
week02/v01/vendor/wrpc-sw/ppsi/pp_printf/vsprintf-none.c	262	2026-08-14T06:09:01.909086+00:00	a18e9c9cae584d966549943fd3456870fa2dbf6952762d40db8805d76eb5db3c	vendor-or-firmware-source
week02/v01/vendor/wrpc-sw/ppsi/pp_printf/vsprintf-xint.c	2027	2026-08-14T06:09:01.910087+00:00	05b49a109bf55cc5110ee5eeea89eb314afdc5e425e2f003b35854b721abcc77	vendor-or-firmware-source
week02/v01/vendor/wrpc-sw/ppsi/ppsi.mk	1323	2026-08-14T06:09:01.911087+00:00	bb054c42eb693cb7d32fd112107f60e1685b445de12ebda366aee0b21de7b977	vendor-or-firmware-source
week02/v01/vendor/wrpc-sw/ppsi/proto-ext-common/Makefile	191	2026-08-14T06:09:01.913087+00:00	8e71bd788e7c5f3b3d4e34dbb8e40557939681d84f93e994e812c327d7758012	vendor-or-firmware-source
week02/v01/vendor/wrpc-sw/ppsi/proto-ext-common/wrh-servo.c	9238	2026-08-14T06:09:01.915087+00:00	d758d7038bac9f7ed612c54cc87bcf0174bd37d82a0b44efd43c4906821a149e	vendor-or-firmware-source
week02/v01/vendor/wrpc-sw/ppsi/proto-ext-common/wrh-servo_state_name.h	534	2026-08-14T06:09:01.916086+00:00	3a97548c488adb0ff1c222181856d5e32a84bf25f8ef5514a378a5736aa57786	vendor-or-firmware-source
week02/v01/vendor/wrpc-sw/ppsi/proto-ext-l1sync/Makefile	143	2026-08-14T06:09:01.917087+00:00	508c9deac032d01ad29d6519a474ca8eb6b4c319d7b4a2ae94093e618e856335	vendor-or-firmware-source
week02/v01/vendor/wrpc-sw/ppsi/proto-ext-l1sync/l1e-api.h	4584	2026-08-14T06:09:01.919086+00:00	ec6521d1b3969da4b1efb92438ebfac6bd49c8de0613cb88d2f157b6d52d4b53	vendor-or-firmware-source
week02/v01/vendor/wrpc-sw/ppsi/proto-ext-l1sync/l1e-constants.h	318	2026-08-14T06:09:01.920087+00:00	59ba9cac838f3abe589de9a992bb3674a14488b7876b14fbb9f0babf1972c783	vendor-or-firmware-source
week02/v01/vendor/wrpc-sw/ppsi/proto-ext-l1sync/l1e-hooks.c	8631	2026-08-14T06:09:01.921087+00:00	9fe608296c4535fbf39a4e89396d1d69e5932a50f1c205f527c2d1ad041ec45c	vendor-or-firmware-source
week02/v01/vendor/wrpc-sw/ppsi/proto-ext-l1sync/l1e-msg.c	6213	2026-08-14T06:09:01.923086+00:00	c9e5a8c924c9301d06ea2ae9a99a137fac9186063e98ee548ac355efcead1ce0	vendor-or-firmware-source
week02/v01/vendor/wrpc-sw/ppsi/proto-ext-l1sync/l1e-state-machine.c	13661	2026-08-14T06:09:01.924087+00:00	06366aa07c54a77dbf5ac9dc786e713539a54fe42f161a453749e144a33ed543	vendor-or-firmware-source
week02/v01/vendor/wrpc-sw/ppsi/proto-ext-whiterabbit/Makefile	410	2026-08-14T06:09:01.926086+00:00	b9d205417d924339f1447f14941d2fefce575e7a67603dc580c601cbe02af59c	vendor-or-firmware-source
week02/v01/vendor/wrpc-sw/ppsi/proto-ext-whiterabbit/common-fun.c	1451	2026-08-14T06:09:01.928087+00:00	ea3eb12552589ba9abb7eb004e85127f6ae4b0ee47c7e31d256985e13a5a9bba	vendor-or-firmware-source
week02/v01/vendor/wrpc-sw/ppsi/proto-ext-whiterabbit/hooks.c	11333	2026-08-14T06:09:01.931087+00:00	88ce4b4d3a09321e893c85bf9db6f09703995b465073c2327aadd0b5ba5cac8e	vendor-or-firmware-source
week02/v01/vendor/wrpc-sw/ppsi/proto-ext-whiterabbit/state-wr-calibrated.c	1745	2026-08-14T06:09:01.934086+00:00	044d45648e64b00f1c02ac60370cfc8c51148a98cf8ba5ab2d202b989ec02366	vendor-or-firmware-source
week02/v01/vendor/wrpc-sw/ppsi/proto-ext-whiterabbit/state-wr-calibration.c	1742	2026-08-14T06:09:01.936086+00:00	9732764ddb92239798675801512f4e25d6e05fbae1c4c857c2eed54dc0b59ad9	vendor-or-firmware-source
week02/v01/vendor/wrpc-sw/ppsi/proto-ext-whiterabbit/state-wr-idle.c	1865	2026-08-14T06:09:01.937086+00:00	fc74fd3353386585a90c290842a554531edbf71552fca301a0c251b8478d3714	vendor-or-firmware-source
week02/v01/vendor/wrpc-sw/ppsi/proto-ext-whiterabbit/state-wr-link-on.c	715	2026-08-14T06:09:01.938087+00:00	d7aeb5f4190b149b4e45616fba981c29debb296d8cdd75d1c1df61fba97a6707	vendor-or-firmware-source
week02/v01/vendor/wrpc-sw/ppsi/proto-ext-whiterabbit/state-wr-locked.c	1618	2026-08-14T06:09:01.940086+00:00	aaab92069227b2cd06da13e0e8bb9e51c6eb5ce8562d448e5afac79780b8ece7	vendor-or-firmware-source
week02/v01/vendor/wrpc-sw/ppsi/proto-ext-whiterabbit/state-wr-m-lock.c	1592	2026-08-14T06:09:01.941086+00:00	3316c102aff6362eea7f33590d9d9938e3879ac57ed7714b7ddead4664579ceb	vendor-or-firmware-source
week02/v01/vendor/wrpc-sw/ppsi/proto-ext-whiterabbit/state-wr-present.c	1618	2026-08-14T06:09:01.942086+00:00	0e06ea467e8ce1b1f2efaa3dceb75ac65bd9b5f188e2abe1c71214090b561d5c	vendor-or-firmware-source
week02/v01/vendor/wrpc-sw/ppsi/proto-ext-whiterabbit/state-wr-resp-calib-req.c	1659	2026-08-14T06:09:01.945086+00:00	ce7b746862363164978bf8d9bacba7a0b45ae6b6f8fa33c6107d3043f9e8ca42	vendor-or-firmware-source
week02/v01/vendor/wrpc-sw/ppsi/proto-ext-whiterabbit/state-wr-s-lock.c	1225	2026-08-14T06:09:01.949086+00:00	9f5a8bad5103e03432d4da1310859f7351f6b64a0797fef5bfc4674393abe979	vendor-or-firmware-source
week02/v01/vendor/wrpc-sw/ppsi/proto-ext-whiterabbit/wr-api.h	5273	2026-08-14T06:09:01.950086+00:00	3fe11061a4e96240014713d85a7da4f1d581df47a51af260d787d20c75972da2	vendor-or-firmware-source
week02/v01/vendor/wrpc-sw/ppsi/proto-ext-whiterabbit/wr-constants.h	3048	2026-08-14T06:09:01.952086+00:00	8748e72d8dab582f33c73a929e022e437d4b14c3290e9d87182b0bd96b47063a	vendor-or-firmware-source
week02/v01/vendor/wrpc-sw/ppsi/proto-ext-whiterabbit/wr-msg.c	8141	2026-08-14T06:09:01.953086+00:00	c485117272559b94b03788ff0136e898c4679a3f5dcb2c63adf169bb39aed4f2	vendor-or-firmware-source
week02/v01/vendor/wrpc-sw/ppsi/proto-ext-whiterabbit/wr-servo.c	2006	2026-08-14T06:09:01.955086+00:00	d670caed7acfbdb44edfdbead0f6801c930e8a4f119aa654e1947c52acc64900	vendor-or-firmware-source
week02/v01/vendor/wrpc-sw/ppsi/proto-ext-whiterabbit/wr-state-machine.c	2021	2026-08-14T06:09:01.957086+00:00	5031c651a5ae88e87b1451b82a6124a1db1630459026c54b10c505be9926304d	vendor-or-firmware-source
week02/v01/vendor/wrpc-sw/ppsi/proto-standard/Makefile	509	2026-08-14T06:09:01.959086+00:00	41090c4814b16e2b98b08691d74671bb697d43d77e79d32ddcdfbe9587210088	vendor-or-firmware-source
week02/v01/vendor/wrpc-sw/ppsi/proto-standard/bmc.c	43445	2026-08-14T06:09:01.964086+00:00	2c2f0bd7e9aeddee7ffcbb0c8e204059d0605d5b0fbe005644d81b113f2198f0	vendor-or-firmware-source
week02/v01/vendor/wrpc-sw/ppsi/proto-standard/bmc_clock_quality.c	15341	2026-08-14T06:09:01.966086+00:00	d949245d35e4ba873b909073a6b22afd18869a6efac455f7deca2bc975382e0f	vendor-or-firmware-source
week02/v01/vendor/wrpc-sw/ppsi/proto-standard/common-fun-p2p.c	5546	2026-08-14T06:09:01.967086+00:00	b09c673575254310c2f15ca22d7f3114974100c22108a69eff21759da803b683	vendor-or-firmware-source
week02/v01/vendor/wrpc-sw/ppsi/proto-standard/common-fun.c	5088	2026-08-14T06:09:01.969086+00:00	7c9b4b1dbd386c55f820a02bd74c50a46edf0f722e98baa6db8c0ab72c62cbb0	vendor-or-firmware-source
week02/v01/vendor/wrpc-sw/ppsi/proto-standard/common-fun.h	1631	2026-08-14T06:09:01.971086+00:00	ba9e2aa76e378228d3f974fc8c6befeb0139d51dc395416f731a69de9e5c86a0	vendor-or-firmware-source
week02/v01/vendor/wrpc-sw/ppsi/proto-standard/fsm-lib.c	3660	2026-08-14T06:09:01.973086+00:00	aeac82c67c221b47d200c9a4e98a17883fd30cc1e1b8cce756e0f224fcbd41a5	vendor-or-firmware-source
week02/v01/vendor/wrpc-sw/ppsi/proto-standard/fsm-table.c	758	2026-08-14T06:09:01.974086+00:00	508c54235f6d472671465ac00c1194322e856a9e7e1e2bbbded13d104b9bceb7	vendor-or-firmware-source
week02/v01/vendor/wrpc-sw/ppsi/proto-standard/hooks.c	409	2026-08-14T06:09:01.975086+00:00	9a0c6c03b53d24d2d37f6489183b358fc20a0851b006534c62ad4e5fd3583482	vendor-or-firmware-source
week02/v01/vendor/wrpc-sw/ppsi/proto-standard/msg-p2p.c	5328	2026-08-14T06:09:01.978086+00:00	be57baa72c532ea069f21154eee71f8a4308b6fc6ce04930908e78778e1b5e48	vendor-or-firmware-source
week02/v01/vendor/wrpc-sw/ppsi/proto-standard/msg.c	14200	2026-08-14T06:09:01.978086+00:00	f401749ee9868feb6314489e7c8507013132396dd7c69aa9f35111318eb53101	vendor-or-firmware-source
week02/v01/vendor/wrpc-sw/ppsi/proto-standard/msg.h	758	2026-08-14T06:09:01.980086+00:00	a7c04320bfa9d142abcf49642a4d43e6e09906aa0ae9ef1e625e880a43db64d5	vendor-or-firmware-source
week02/v01/vendor/wrpc-sw/ppsi/proto-standard/open-close.c	7182	2026-08-14T06:09:01.981086+00:00	89dbff8edf9bfaee614e395c7de8c4869c16315dc3741d2a9f2edacf7d8e1c33	vendor-or-firmware-source
week02/v01/vendor/wrpc-sw/ppsi/proto-standard/servo.c	18538	2026-08-14T06:09:01.982086+00:00	b18c11d642dd6076e1fd602dc54a1f2c17bf10190cfc726ff2f8721b2eae5177	vendor-or-firmware-source
week02/v01/vendor/wrpc-sw/ppsi/proto-standard/state-abscal.c	1770	2026-08-14T06:09:01.984086+00:00	16bd5d0b61baac33238907e345b2573ffade89e1e40334c415f056f038c85483	vendor-or-firmware-source
week02/v01/vendor/wrpc-sw/ppsi/proto-standard/state-disabled.c	379	2026-08-14T06:09:01.985086+00:00	472e5b4f1ab8b27a630f7cb0624cae5ead72467e84f54616c8c0c25ccca15905	vendor-or-firmware-source
week02/v01/vendor/wrpc-sw/ppsi/proto-standard/state-faulty.c	1519	2026-08-14T06:09:01.986086+00:00	44fc0ccb503d0878f26aeb71b5c70c1aa1b983b820804562e4a2e89648de786a	vendor-or-firmware-source
week02/v01/vendor/wrpc-sw/ppsi/proto-standard/state-initializing.c	5175	2026-08-14T06:09:01.987086+00:00	caacad073adb20d10202474cc0d0b643d5de9967558aa6ea7c06f9a83bd47923	vendor-or-firmware-source
week02/v01/vendor/wrpc-sw/ppsi/proto-standard/state-listening.c	2711	2026-08-14T06:09:01.989086+00:00	527e1646833ec36ed9793048bfd34692714b6d63bb438b573646fd11a3e6bb9d	vendor-or-firmware-source
week02/v01/vendor/wrpc-sw/ppsi/proto-standard/state-master.c	4627	2026-08-14T06:09:01.990086+00:00	0cae7f32df130fe69e2f4e9816a7cef006171f1a36803b971a57e7764659cf05	vendor-or-firmware-source
week02/v01/vendor/wrpc-sw/ppsi/proto-standard/state-passive.c	3114	2026-08-14T06:09:01.991086+00:00	516ef2c67d7b834407328099eb23b8d95b43328674abc575efb7637e1f3235cd	vendor-or-firmware-source
week02/v01/vendor/wrpc-sw/ppsi/proto-standard/state-slave.c	9833	2026-08-14T06:09:01.993086+00:00	34f3991917a1521eb072a615560e139a4fb5071abc84db77cd58d0b115569fad	vendor-or-firmware-source
week02/v01/vendor/wrpc-sw/ppsi/scripts/Makefile	25	2026-08-14T06:09:01.996086+00:00	d049f5ee05389cd8674a4683323172d7ece6cef545659449d198228d2c63fb6f	vendor-or-firmware-source
week02/v01/vendor/wrpc-sw/ppsi/scripts/basic/Makefile	726	2026-08-14T06:09:02.008086+00:00	3b00923d7b4973cf80ea4aaa05e6d35af4d23ba58b2acb5f73aab0e3568ce3d8	vendor-or-firmware-source
week02/v01/vendor/wrpc-sw/ppsi/scripts/basic/docproc.c	11835	2026-08-14T06:09:02.009086+00:00	2801ed45f54f0a9a4d87f43beb1c1e98ea5f69ee54dea83ac7aa784f8385cfe2	vendor-or-firmware-source
week02/v01/vendor/wrpc-sw/ppsi/scripts/basic/fixdep.c	9780	2026-08-14T06:09:02.011086+00:00	f40b9a9701fd35e05f7de20609458b0a9be5edcfef95f40ad493ab253f51de65	vendor-or-firmware-source
week02/v01/vendor/wrpc-sw/ppsi/scripts/basic/hash.c	1104	2026-08-14T06:09:02.012086+00:00	1fd44879b62fd50b9fca8f7f339b70c59e0c922330d97d9f827d823e3168c0ec	vendor-or-firmware-source
week02/v01/vendor/wrpc-sw/ppsi/scripts/kconfig/Makefile	10231	2026-08-14T06:09:02.016086+00:00	d57199f8793cd7eee3817011bde7dbfd2aea4b81ce887b320b63a8ce8cfab63a	vendor-or-firmware-source
week02/v01/vendor/wrpc-sw/ppsi/scripts/kconfig/check.sh	214	2026-08-14T06:09:02.019086+00:00	da08d4f98d68d69b3307ff1fe3666c6104db8f19266d5f710baca8864859c2ac	vendor-or-firmware-source
week02/v01/vendor/wrpc-sw/ppsi/scripts/kconfig/conf.c	16123	2026-08-14T06:09:02.021086+00:00	3385ddb4039f4abd9c1936acf8680976dee8c0eb4d39936058efc659d23847d4	vendor-or-firmware-source
week02/v01/vendor/wrpc-sw/ppsi/scripts/kconfig/confdata.c	26265	2026-08-14T06:09:02.023086+00:00	8ab34437da50843d6e45a0f94dfebc669a7259298a0bc50e89d04ca78cb49ca2	vendor-or-firmware-source
week02/v01/vendor/wrpc-sw/ppsi/scripts/kconfig/expr.c	27596	2026-08-14T06:09:02.025086+00:00	350eecf882ff96bf03e5e63402c2ae095b83f0070cf95d330dfa78c254d4d368	vendor-or-firmware-source
week02/v01/vendor/wrpc-sw/ppsi/scripts/kconfig/expr.h	7182	2026-08-14T06:09:02.027086+00:00	3b9c451c5c18c7098c343b16ae368dca2638cfe6ace50f99801216840c5ca066	vendor-or-firmware-source
week02/v01/vendor/wrpc-sw/ppsi/scripts/kconfig/gconf.c	39090	2026-08-14T06:09:02.029086+00:00	df6548e28e614b1f66f3d86ab0732e588f2b4714d8076acc2b2d716d39ae9da4	vendor-or-firmware-source
week02/v01/vendor/wrpc-sw/ppsi/scripts/kconfig/images.c	6565	2026-08-14T06:09:02.033086+00:00	e4cd230d7d5d48a18ac2380c6d250e121cd80c2ca447eddc1e2976038a0a9931	vendor-or-firmware-source
week02/v01/vendor/wrpc-sw/ppsi/scripts/kconfig/kxgettext.c	4196	2026-08-14T06:09:02.035086+00:00	d250b2e159e811ec43a68dac123c78e61743ab99c8b0bae43ae8d3fe6c60f930	vendor-or-firmware-source
week02/v01/vendor/wrpc-sw/ppsi/scripts/kconfig/list.h	3710	2026-08-14T06:09:02.036086+00:00	d9ec14cb23fe1792d42b1982119af82cbaa4f567a1751744e0f5e439b6965b8f	vendor-or-firmware-source
week02/v01/vendor/wrpc-sw/ppsi/scripts/kconfig/lkc.h	4554	2026-08-14T06:09:02.038086+00:00	515cfdc456275bbd5199e4c73e7b1a124d5c0889e50562f37aa20499a5acff43	vendor-or-firmware-source
week02/v01/vendor/wrpc-sw/ppsi/scripts/kconfig/lkc_proto.h	2154	2026-08-14T06:09:02.040086+00:00	27f398e81b41c597e23629790db1f9b74cb7ca50e1baf36be4859bf7cb917f16	vendor-or-firmware-source
week02/v01/vendor/wrpc-sw/ppsi/scripts/kconfig/lxdialog/check-lxdialog.sh	2085	2026-08-14T06:09:02.045086+00:00	8cd9754fff4d339170410f94e84d820b0423503ac54a9d371f2d5ed3186dbe9c	vendor-or-firmware-source
week02/v01/vendor/wrpc-sw/ppsi/scripts/kconfig/lxdialog/checklist.c	8438	2026-08-14T06:09:02.046086+00:00	c00f18f13e4b39213ccdf7b6f94886d2b1d52318db9bb0dbe2e4b09ff96e4f4d	vendor-or-firmware-source
week02/v01/vendor/wrpc-sw/ppsi/scripts/kconfig/lxdialog/dialog.h	7631	2026-08-14T06:09:02.048086+00:00	6bb25d3a4078ea683cf1e7ba47fe83692b9cffd4ad41b9ebc5640525e57f5568	vendor-or-firmware-source
week02/v01/vendor/wrpc-sw/ppsi/scripts/kconfig/lxdialog/inputbox.c	7168	2026-08-14T06:09:02.049086+00:00	82ecb5016ad22a4ca4dce5cabb9ec28d406ee08b741bf0c72fda858ae6e2f504	vendor-or-firmware-source
week02/v01/vendor/wrpc-sw/ppsi/scripts/kconfig/lxdialog/menubox.c	11241	2026-08-14T06:09:02.051086+00:00	6abc11a3e6163b2a75b8920d2869fb74d392fa6a7ca5c1cf71221d53751f9be7	vendor-or-firmware-source
week02/v01/vendor/wrpc-sw/ppsi/scripts/kconfig/lxdialog/textbox.c	9206	2026-08-14T06:09:02.052086+00:00	19691b8461bf1a19fd8e6658a79e57137e98b5333c0711c4c0a08b8d6b01f4f7	vendor-or-firmware-source
week02/v01/vendor/wrpc-sw/ppsi/scripts/kconfig/lxdialog/util.c	18321	2026-08-14T06:09:02.054086+00:00	1412c8d13ec9ef79f4acf9e35ea467ef3c383f1950bcf16e231e5263334df5ff	vendor-or-firmware-source
week02/v01/vendor/wrpc-sw/ppsi/scripts/kconfig/lxdialog/yesno.c	2954	2026-08-14T06:09:02.056086+00:00	08949367713e2e841bca6c218c7bd2c8784cbebd32b77931b3f26053f5ef4925	vendor-or-firmware-source
week02/v01/vendor/wrpc-sw/ppsi/scripts/kconfig/mconf.c	28402	2026-08-14T06:09:02.058086+00:00	d7940a84681b2c08668394f64681f7fd169695129d4efa6122aef5b28237054d	vendor-or-firmware-source
week02/v01/vendor/wrpc-sw/ppsi/scripts/kconfig/menu.c	17249	2026-08-14T06:09:02.060086+00:00	f8cfe762336cb216ad083374f39da1887a87982db0dec1fa86357e4d4b5f30c9	vendor-or-firmware-source
week02/v01/vendor/wrpc-sw/ppsi/scripts/kconfig/merge_config.sh	4298	2026-08-14T06:09:02.062086+00:00	1e1a365c35e66267a092ffd89a8d9ccb6cc097a585b7f65cf366dea85cfc2f9e	vendor-or-firmware-source
week02/v01/vendor/wrpc-sw/ppsi/scripts/kconfig/nconf.c	39381	2026-08-14T06:09:02.064086+00:00	7090fdc7137968f5b813dbf0ceaa75b7708134ed445ab2b58bd106a293e8fc7a	vendor-or-firmware-source
week02/v01/vendor/wrpc-sw/ppsi/scripts/kconfig/nconf.gui.c	14893	2026-08-14T06:09:02.066086+00:00	da111dccd4b2c99ec8c0bdc610870f8fc22cf851adf8ae9af2750025afda99b9	vendor-or-firmware-source
week02/v01/vendor/wrpc-sw/ppsi/scripts/kconfig/nconf.h	1916	2026-08-14T06:09:02.067086+00:00	f4c21c8cb23903b0f5babb7f60756674861c5f43f62eb26d96a79beed328d280	vendor-or-firmware-source
week02/v01/vendor/wrpc-sw/ppsi/scripts/kconfig/qconf.h	7544	2026-08-14T06:09:02.072086+00:00	977f3dc402e6f20cd2515e86a26175da10b34c631ac513854ea3122743a53747	vendor-or-firmware-source
week02/v01/vendor/wrpc-sw/ppsi/scripts/kconfig/symbol.c	30454	2026-08-14T06:09:02.075086+00:00	abf9cc7608daffcb19a438c1da84eb935af649e931743cd399bf53634b570524	vendor-or-firmware-source
week02/v01/vendor/wrpc-sw/ppsi/scripts/kconfig/util.c	2979	2026-08-14T06:09:02.077085+00:00	90e48470891cbe1838eeee34c7bba2c5498b46ece3da0f0e896de87a9524f619	vendor-or-firmware-source
week02/v01/vendor/wrpc-sw/ppsi/time-bare/Makefile	191	2026-08-14T06:09:02.090086+00:00	cf8d81b72ebc536e0c24bf45a35f594f99e17d013faef7702b1a01de61869656	vendor-or-firmware-source
week02/v01/vendor/wrpc-sw/ppsi/time-bare/bare-socket.c	4433	2026-08-14T06:09:02.092086+00:00	c6eb418e8d7fb9dbe0ad9ed23d9a972e34b52f115dedc8149d43725789b88037	vendor-or-firmware-source
week02/v01/vendor/wrpc-sw/ppsi/time-bare/bare-time.c	4367	2026-08-14T06:09:02.094085+00:00	904bcc27762cd2f1fc6e612da29ca0569a74a529d7b4478964f763eac39fabcc	vendor-or-firmware-source
week02/v01/vendor/wrpc-sw/ppsi/time-sim/Makefile	232	2026-08-14T06:09:02.095085+00:00	c7199ce3b7ee9b9c4ba61d6632ede0847e5a795ea3ab49c81ce3a2707f1ce358	vendor-or-firmware-source
week02/v01/vendor/wrpc-sw/ppsi/time-sim/sim-socket.c	8681	2026-08-14T06:09:02.097085+00:00	fbed719558706d756fd40ddf1265c280ef04f07f2715d18233367bdabd342cb3	vendor-or-firmware-source
week02/v01/vendor/wrpc-sw/ppsi/time-sim/sim-time.c	4434	2026-08-14T06:09:02.099086+00:00	f04f1f9d92ff24468f9319f50496096cb6665d37eaf304756680683e01441c7a	vendor-or-firmware-source
week02/v01/vendor/wrpc-sw/ppsi/time-unix/Makefile	245	2026-08-14T06:09:02.100085+00:00	24221b1dc7f05f92b97838d8133167916a383901f86734b47115200885227b1b	vendor-or-firmware-source
week02/v01/vendor/wrpc-sw/ppsi/time-unix/unix-socket.c	17182	2026-08-14T06:09:02.102085+00:00	6ea15e6b7068fa00a4333cc7a740b71d9593a000f0421d5198b08af30e33bde2	vendor-or-firmware-source
week02/v01/vendor/wrpc-sw/ppsi/time-unix/unix-time.c	7224	2026-08-14T06:09:02.103086+00:00	5e7597270638d1598a0938628020369c8a1780d2d2971e95000b731e936701b9	vendor-or-firmware-source
week02/v01/vendor/wrpc-sw/ppsi/time-wrpc/Makefile	188	2026-08-14T06:09:02.105085+00:00	c611c7f7e8541221b4e5e9dd6539726bec0a0aee062fdaca41a348c742d737f6	vendor-or-firmware-source
week02/v01/vendor/wrpc-sw/ppsi/time-wrpc/wrpc-socket.c	5811	2026-08-14T06:09:02.107085+00:00	74bdf27be5613be41a579dd4734f242e9efc958d2cbb2852834e48a7fe14e02e	vendor-or-firmware-source
week02/v01/vendor/wrpc-sw/ppsi/time-wrpc/wrpc-time.c	2642	2026-08-14T06:09:02.109085+00:00	7131a62d0137310bb7b573cdfdb0ae9208b8a7d30af9f11dfc49e2aeea9d48da	vendor-or-firmware-source
week02/v01/vendor/wrpc-sw/ppsi/time-wrs/Makefile	58	2026-08-14T06:09:02.111085+00:00	3968520647f572b926d3181d0fd90360f935ca5a55431096df43f5de4da003ec	vendor-or-firmware-source
week02/v01/vendor/wrpc-sw/ppsi/time-wrs/wrs-socket.c	19308	2026-08-14T06:09:02.113085+00:00	8982c415d08cfcaf06c40039b21c343272c4cc5c4921a492518074fc8fa98829	vendor-or-firmware-source
week02/v01/vendor/wrpc-sw/ppsi/time-wrs/wrs-time.c	16171	2026-08-14T06:09:02.115085+00:00	335cc8d3712ad2b916cfe56bcac67f34f5e70b071d5fa3befe8aacf8feaee26b	vendor-or-firmware-source
week02/v01/vendor/wrpc-sw/ppsi/timeout.c	9310	2026-08-14T06:09:02.117085+00:00	2d7f61e6fcbd84025e8d5b764f0e569469fd019a876fd54162af294df916c395	vendor-or-firmware-source
week02/v01/vendor/wrpc-sw/ppsi/tools/Makefile	879	2026-08-14T06:09:02.120085+00:00	53584a07170c96c07362b369206dda3eced652513da9e6e164b1c1e051d5f1fb	vendor-or-firmware-source
week02/v01/vendor/wrpc-sw/ppsi/tools/adjrate.c	1774	2026-08-14T06:09:02.122085+00:00	366a02e07dc7a69560202c454490f668ebbdc340b2b6f32d29ce2634fa1d12d5	vendor-or-firmware-source
week02/v01/vendor/wrpc-sw/ppsi/tools/adjtime.c	1043	2026-08-14T06:09:02.123085+00:00	81e03c8d6e29a66ca1efdf6cd59a9356ca0470fcc45d401a9267907d02cff791	vendor-or-firmware-source
week02/v01/vendor/wrpc-sw/ppsi/tools/chktime.c	2308	2026-08-14T06:09:02.124085+00:00	9b4eb8dde818a691a45edd62f644d1927264ea2eaf31b87b2447869cc6790ee2	vendor-or-firmware-source
week02/v01/vendor/wrpc-sw/ppsi/tools/convert.h	1660	2026-08-14T06:09:02.126085+00:00	5a4660ed4158e7381b6e263f2d4c2c644c98ac7dc09f22acd0a65e2b8acd0c24	vendor-or-firmware-source
week02/v01/vendor/wrpc-sw/ppsi/tools/decent_types.h	2137	2026-08-14T06:09:02.127085+00:00	d4293454d632579139a3e6d78692f7b41f0a31469545f13df330ae2b518f2fc4	vendor-or-firmware-source
week02/v01/vendor/wrpc-sw/ppsi/tools/dump-funcs.c	14114	2026-08-14T06:09:02.129085+00:00	a29fb72fb4ee9b8271389d8c92a92069e0b64758d07cba16f65bb57ba910673f	vendor-or-firmware-source
week02/v01/vendor/wrpc-sw/ppsi/tools/dump-info_ppsi.h	2271	2026-08-14T06:09:02.130085+00:00	8f07ad64f7468cf111433de4faafd980c49c826f020dfe933ebf512c77e7a4ff	vendor-or-firmware-source
week02/v01/vendor/wrpc-sw/ppsi/tools/dump-main.c	5793	2026-08-14T06:09:02.131085+00:00	10476974ab89d85643a564e48832e317e6687bbfd3ea790d4f7255bc3b34dbc4	vendor-or-firmware-source
week02/v01/vendor/wrpc-sw/ppsi/tools/dump_mem_ppsi_wrpc.c	27941	2026-08-14T06:09:02.133085+00:00	fee3a59937598caf254d67f40a3fa1e19f15b772b2e1dcd0fc517abf6b862701	vendor-or-firmware-source
week02/v01/vendor/wrpc-sw/ppsi/tools/jmptime.c	1269	2026-08-14T06:09:02.135085+00:00	7137df82b1ab79ae7698c4013461b2afa257eaf311234070b3baebba189dcd7c	vendor-or-firmware-source
week02/v01/vendor/wrpc-sw/ppsi/tools/monotonicClock.c	800	2026-08-14T06:09:02.136085+00:00	a3bf3cb15d609d632ade6f240ab98c87f6d5964806f205702219e10728702b88	vendor-or-firmware-source
week02/v01/vendor/wrpc-sw/ppsi/tools/mtp/Makefile	291	2026-08-14T06:09:02.140085+00:00	24c94588bc2f45f3f6aec8b03b5986b59c767643c5dad805ac2eabf1476cff23	vendor-or-firmware-source
week02/v01/vendor/wrpc-sw/ppsi/tools/mtp/misc-common.h	1124	2026-08-14T06:09:02.141085+00:00	823af3251fb45a439a50a2697a7f255a36393e66f119d2d3c46e6fa31058617c	vendor-or-firmware-source
week02/v01/vendor/wrpc-sw/ppsi/tools/mtp/mtp.h	362	2026-08-14T06:09:02.142085+00:00	809fb357683a515c4018741c0e0fbe8cca39ac678cb17e4e40ba74f7f852202d	vendor-or-firmware-source
week02/v01/vendor/wrpc-sw/ppsi/tools/mtp/mtp_packet.c	4997	2026-08-14T06:09:02.144085+00:00	53b574c68b7414d2256465c792bf0cb7f8e09a30550f870d1687e93d856526f7	vendor-or-firmware-source
week02/v01/vendor/wrpc-sw/ppsi/tools/mtp/mtp_stamp.c	4433	2026-08-14T06:09:02.145085+00:00	2755de6fef9be3fc0a8fe124046e052c199006413623e1ab01c8cfcce7e2fb0c	vendor-or-firmware-source
week02/v01/vendor/wrpc-sw/ppsi/tools/mtp/mtp_udp.c	3933	2026-08-14T06:09:02.146085+00:00	e944c3bc93a8fe9f2eb57aaa0ae6c8627020b66e7182a9885dc1893375e8ea39	vendor-or-firmware-source
week02/v01/vendor/wrpc-sw/ppsi/tools/mtp/net_tstamp.h	3034	2026-08-14T06:09:02.148085+00:00	a4711f048b74413704ef8fe7f9d089bcb8bfe2c5bb0cccd5deeacdc596f629cd	vendor-or-firmware-source
week02/v01/vendor/wrpc-sw/ppsi/tools/mtp/onestamp.c	1857	2026-08-14T06:09:02.149085+00:00	d960f5c03666fba360876579e95c082e48cd21164be9a3b40ff606e4bac5b063	vendor-or-firmware-source
week02/v01/vendor/wrpc-sw/ppsi/tools/mtp/report.c	1255	2026-08-14T06:09:02.150085+00:00	5cfcb97eb0e6e73b22f79266da2cab43236419dcf59a7a9bec8654f1775a7d5a	vendor-or-firmware-source
week02/v01/vendor/wrpc-sw/ppsi/tools/mtp/stamp-funcs.c	7142	2026-08-14T06:09:02.152085+00:00	67033af064e3ae8b68c4e776c55f99ee615a605ddbd2ed3c32be1cf9e503ec05	vendor-or-firmware-source
week02/v01/vendor/wrpc-sw/ppsi/tools/mtp/ttstamp.c	2953	2026-08-14T06:09:02.153085+00:00	9894e1a7f793a7a7d3dbf49ace64228f1acd9db47a2f5b95712aea6a100bfad5	vendor-or-firmware-source
week02/v01/vendor/wrpc-sw/ppsi/tools/pps-out.c	2951	2026-08-14T06:09:02.154085+00:00	9375f2521908b77303862f0b6248db476391944a7301503109fd09dabf79e9ed	vendor-or-firmware-source
week02/v01/vendor/wrpc-sw/ppsi/tools/ptpdump.h	707	2026-08-14T06:09:02.156085+00:00	2180b833757acf25853921fbdbc53ef2077f5153b7c1345a7af357d331b0663e	vendor-or-firmware-source
week02/v01/vendor/wrpc-sw/ppsi/tools/strip_ofm.sh	335	2026-08-14T06:09:02.157085+00:00	a6d7ebd142adcd163cf814ca6e18eb63a913f9cff69d65cfe5a0f28cb7b9e238	vendor-or-firmware-source
week02/v01/vendor/wrpc-sw/ppsi/tools/wrs_dump_shmem_ppsi.c	25776	2026-08-14T06:09:02.159085+00:00	2a3caa817434232e0dde3201c383c92dc43b803a7279b3e28a3d9af8a70229c6	vendor-or-firmware-source
week02/v01/vendor/wrpc-sw/ppsi/unit-tests/Makefile	653	2026-08-14T06:09:02.161085+00:00	e2537428eeab630bbd25655652dbdfd22c9ced8a8674ff606078f39263c514c8	vendor-or-firmware-source
week02/v01/vendor/wrpc-sw/ppsi/unit-tests/test-time-arith.c	1814	2026-08-14T06:09:02.162085+00:00	c5e0f8c1626a2a3083381cea45fcee16c6a5a2894c91c7018894ed3c3e28f821	vendor-or-firmware-source
week02/v01/vendor/wrpc-sw/revision.c	1221	2026-08-14T06:06:23.247021+00:00	f53d76868ecd4ffe798dfcb4c23c6a7a331eb1af39e228219e6d32edf3b63e5a	vendor-or-firmware-source
week02/v01/vendor/wrpc-sw/save_size.sh	344	2026-08-14T06:06:23.248021+00:00	ba88b2e78c2f311922a5e9494502bf944a79c6a5ff1509fb80b89ff5cd11e89b	vendor-or-firmware-source
week02/v01/vendor/wrpc-sw/scripts/Makefile	25	2026-08-14T06:06:23.252021+00:00	d049f5ee05389cd8674a4683323172d7ece6cef545659449d198228d2c63fb6f	vendor-or-firmware-source
week02/v01/vendor/wrpc-sw/scripts/basic/Makefile	726	2026-08-14T06:06:23.260021+00:00	3b00923d7b4973cf80ea4aaa05e6d35af4d23ba58b2acb5f73aab0e3568ce3d8	vendor-or-firmware-source
week02/v01/vendor/wrpc-sw/scripts/basic/docproc.c	11835	2026-08-14T06:06:23.262021+00:00	2801ed45f54f0a9a4d87f43beb1c1e98ea5f69ee54dea83ac7aa784f8385cfe2	vendor-or-firmware-source
week02/v01/vendor/wrpc-sw/scripts/basic/fixdep.c	9780	2026-08-14T06:06:23.263021+00:00	f40b9a9701fd35e05f7de20609458b0a9be5edcfef95f40ad493ab253f51de65	vendor-or-firmware-source
week02/v01/vendor/wrpc-sw/scripts/basic/hash.c	1104	2026-08-14T06:06:23.264021+00:00	1fd44879b62fd50b9fca8f7f339b70c59e0c922330d97d9f827d823e3168c0ec	vendor-or-firmware-source
week02/v01/vendor/wrpc-sw/scripts/kconfig/Makefile	10231	2026-08-14T06:06:23.271021+00:00	d57199f8793cd7eee3817011bde7dbfd2aea4b81ce887b320b63a8ce8cfab63a	vendor-or-firmware-source
week02/v01/vendor/wrpc-sw/scripts/kconfig/check.sh	214	2026-08-14T06:06:23.273021+00:00	da08d4f98d68d69b3307ff1fe3666c6104db8f19266d5f710baca8864859c2ac	vendor-or-firmware-source
week02/v01/vendor/wrpc-sw/scripts/kconfig/conf.c	16123	2026-08-14T06:06:23.275021+00:00	3385ddb4039f4abd9c1936acf8680976dee8c0eb4d39936058efc659d23847d4	vendor-or-firmware-source
week02/v01/vendor/wrpc-sw/scripts/kconfig/confdata.c	26265	2026-08-14T06:06:23.276021+00:00	8ab34437da50843d6e45a0f94dfebc669a7259298a0bc50e89d04ca78cb49ca2	vendor-or-firmware-source
week02/v01/vendor/wrpc-sw/scripts/kconfig/expr.c	27596	2026-08-14T06:06:23.278021+00:00	350eecf882ff96bf03e5e63402c2ae095b83f0070cf95d330dfa78c254d4d368	vendor-or-firmware-source
week02/v01/vendor/wrpc-sw/scripts/kconfig/expr.h	7182	2026-08-14T06:06:23.279021+00:00	3b9c451c5c18c7098c343b16ae368dca2638cfe6ace50f99801216840c5ca066	vendor-or-firmware-source
week02/v01/vendor/wrpc-sw/scripts/kconfig/gconf.c	39090	2026-08-14T06:06:23.281021+00:00	df6548e28e614b1f66f3d86ab0732e588f2b4714d8076acc2b2d716d39ae9da4	vendor-or-firmware-source
week02/v01/vendor/wrpc-sw/scripts/kconfig/images.c	6565	2026-08-14T06:06:23.284021+00:00	e4cd230d7d5d48a18ac2380c6d250e121cd80c2ca447eddc1e2976038a0a9931	vendor-or-firmware-source
week02/v01/vendor/wrpc-sw/scripts/kconfig/kxgettext.c	4196	2026-08-14T06:06:23.285021+00:00	d250b2e159e811ec43a68dac123c78e61743ab99c8b0bae43ae8d3fe6c60f930	vendor-or-firmware-source
week02/v01/vendor/wrpc-sw/scripts/kconfig/list.h	3710	2026-08-14T06:06:23.287021+00:00	d9ec14cb23fe1792d42b1982119af82cbaa4f567a1751744e0f5e439b6965b8f	vendor-or-firmware-source
week02/v01/vendor/wrpc-sw/scripts/kconfig/lkc.h	4554	2026-08-14T06:06:23.288021+00:00	515cfdc456275bbd5199e4c73e7b1a124d5c0889e50562f37aa20499a5acff43	vendor-or-firmware-source
week02/v01/vendor/wrpc-sw/scripts/kconfig/lkc_proto.h	2154	2026-08-14T06:06:23.289021+00:00	27f398e81b41c597e23629790db1f9b74cb7ca50e1baf36be4859bf7cb917f16	vendor-or-firmware-source
week02/v01/vendor/wrpc-sw/scripts/kconfig/lxdialog/check-lxdialog.sh	2085	2026-08-14T06:06:23.293021+00:00	8cd9754fff4d339170410f94e84d820b0423503ac54a9d371f2d5ed3186dbe9c	vendor-or-firmware-source
week02/v01/vendor/wrpc-sw/scripts/kconfig/lxdialog/checklist.c	8438	2026-08-14T06:06:23.294021+00:00	c00f18f13e4b39213ccdf7b6f94886d2b1d52318db9bb0dbe2e4b09ff96e4f4d	vendor-or-firmware-source
week02/v01/vendor/wrpc-sw/scripts/kconfig/lxdialog/dialog.h	7631	2026-08-14T06:06:23.296021+00:00	6bb25d3a4078ea683cf1e7ba47fe83692b9cffd4ad41b9ebc5640525e57f5568	vendor-or-firmware-source
week02/v01/vendor/wrpc-sw/scripts/kconfig/lxdialog/inputbox.c	7168	2026-08-14T06:06:23.297021+00:00	82ecb5016ad22a4ca4dce5cabb9ec28d406ee08b741bf0c72fda858ae6e2f504	vendor-or-firmware-source
week02/v01/vendor/wrpc-sw/scripts/kconfig/lxdialog/menubox.c	11241	2026-08-14T06:06:23.298021+00:00	6abc11a3e6163b2a75b8920d2869fb74d392fa6a7ca5c1cf71221d53751f9be7	vendor-or-firmware-source
week02/v01/vendor/wrpc-sw/scripts/kconfig/lxdialog/textbox.c	9206	2026-08-14T06:06:23.300021+00:00	19691b8461bf1a19fd8e6658a79e57137e98b5333c0711c4c0a08b8d6b01f4f7	vendor-or-firmware-source
week02/v01/vendor/wrpc-sw/scripts/kconfig/lxdialog/util.c	18321	2026-08-14T06:06:23.301021+00:00	1412c8d13ec9ef79f4acf9e35ea467ef3c383f1950bcf16e231e5263334df5ff	vendor-or-firmware-source
week02/v01/vendor/wrpc-sw/scripts/kconfig/lxdialog/yesno.c	2954	2026-08-14T06:06:23.303021+00:00	08949367713e2e841bca6c218c7bd2c8784cbebd32b77931b3f26053f5ef4925	vendor-or-firmware-source
week02/v01/vendor/wrpc-sw/scripts/kconfig/mconf.c	28395	2026-08-14T06:06:23.304021+00:00	eced59526686768b6322e7c16f015d7a779db46e62d87a16576eeb2d925ac296	vendor-or-firmware-source
week02/v01/vendor/wrpc-sw/scripts/kconfig/menu.c	17249	2026-08-14T06:06:23.307021+00:00	f8cfe762336cb216ad083374f39da1887a87982db0dec1fa86357e4d4b5f30c9	vendor-or-firmware-source
week02/v01/vendor/wrpc-sw/scripts/kconfig/merge_config.sh	4298	2026-08-14T06:06:23.309021+00:00	1e1a365c35e66267a092ffd89a8d9ccb6cc097a585b7f65cf366dea85cfc2f9e	vendor-or-firmware-source
week02/v01/vendor/wrpc-sw/scripts/kconfig/nconf.c	39381	2026-08-14T06:06:23.311021+00:00	7090fdc7137968f5b813dbf0ceaa75b7708134ed445ab2b58bd106a293e8fc7a	vendor-or-firmware-source
week02/v01/vendor/wrpc-sw/scripts/kconfig/nconf.gui.c	14893	2026-08-14T06:06:23.312021+00:00	da111dccd4b2c99ec8c0bdc610870f8fc22cf851adf8ae9af2750025afda99b9	vendor-or-firmware-source
week02/v01/vendor/wrpc-sw/scripts/kconfig/nconf.h	1916	2026-08-14T06:06:23.313021+00:00	f4c21c8cb23903b0f5babb7f60756674861c5f43f62eb26d96a79beed328d280	vendor-or-firmware-source
week02/v01/vendor/wrpc-sw/scripts/kconfig/qconf.h	7544	2026-08-14T06:06:23.317021+00:00	977f3dc402e6f20cd2515e86a26175da10b34c631ac513854ea3122743a53747	vendor-or-firmware-source
week02/v01/vendor/wrpc-sw/scripts/kconfig/symbol.c	30454	2026-08-14T06:06:23.320021+00:00	abf9cc7608daffcb19a438c1da84eb935af649e931743cd399bf53634b570524	vendor-or-firmware-source
week02/v01/vendor/wrpc-sw/scripts/kconfig/util.c	2979	2026-08-14T06:06:23.322021+00:00	90e48470891cbe1838eeee34c7bba2c5498b46ece3da0f0e896de87a9524f619	vendor-or-firmware-source
week02/v01/vendor/wrpc-sw/scripts/kconfig/zconf.hash.c	12460	2026-08-14T06:09:22.481966+00:00	e2ca02d05dded355c1b5132de43140d94f98363122a18bb246539a7925a4db4c	vendor-or-firmware-source
week02/v01/vendor/wrpc-sw/scripts/kconfig/zconf.lex.c	59861	2026-08-14T06:09:22.479965+00:00	8156a51711ee4f198723589c428fcb042496d10f669f95387b04ae00d8724ef6	vendor-or-firmware-source
week02/v01/vendor/wrpc-sw/scripts/kconfig/zconf.tab.c	77394	2026-08-14T06:09:22.475965+00:00	590593c18489fcc42314b8b410ca3a5fa5dc6c7b06ca2ecf5b5da1eece7d333b	vendor-or-firmware-source
week02/v01/vendor/wrpc-sw/shell/cmd_calib.c	2308	2026-08-14T06:06:23.334021+00:00	0fd5b29649c8a094e7128e8b086871e8e2187de61f5b90ea174eeae5e204be9f	vendor-or-firmware-source
week02/v01/vendor/wrpc-sw/shell/cmd_config.c	556	2026-08-14T06:06:23.335021+00:00	9f977b080bf326fa3876197dbec3ce84c8ae6669c63ee8b2f9948e692f3ca134	vendor-or-firmware-source
week02/v01/vendor/wrpc-sw/shell/cmd_diag.c	1889	2026-08-14T06:06:23.337020+00:00	010cc9732da6d798d5ebebd89259c0aa5e075b2446851d12f880c1db69e03a83	vendor-or-firmware-source
week02/v01/vendor/wrpc-sw/shell/cmd_freqmon.c	7472	2026-08-14T06:06:23.338021+00:00	c8e2a0fbfd9a49229aadc5ee88fb2032cf087f0d9d676c69c2c91e401f86f35b	vendor-or-firmware-source
week02/v01/vendor/wrpc-sw/shell/cmd_gui.c	347	2026-08-14T06:06:23.339020+00:00	605b2a09606ff866efc4a739dbd38f320a4bc8ed34fb4411672a11d5c02d75d0	vendor-or-firmware-source
week02/v01/vendor/wrpc-sw/shell/cmd_init.c	1063	2026-08-14T06:06:23.340020+00:00	7b9d10352ab99944bd46a49bff5da50a8f4896e119d0adfc2cd84751e28e6316	vendor-or-firmware-source
week02/v01/vendor/wrpc-sw/shell/cmd_ip.c	1425	2026-08-14T06:06:23.341021+00:00	93011630a94b5491af4c5c22349c6c8665724cea0da137d48b7f962839b5f680	vendor-or-firmware-source
week02/v01/vendor/wrpc-sw/shell/cmd_leapsec.c	1266	2026-08-14T06:06:23.342021+00:00	0d705c1e62e8c3899996bfd60a88898ae98047ad7aa7f45478a6c47906b4b424	vendor-or-firmware-source
week02/v01/vendor/wrpc-sw/shell/cmd_ll.c	1906	2026-08-14T06:06:23.344020+00:00	628bb1cdee8c7ff7469bf8d876d066a0605df302b8febd6002dd22db5c953197	vendor-or-firmware-source
week02/v01/vendor/wrpc-sw/shell/cmd_mac.c	1535	2026-08-14T06:06:23.345021+00:00	50e58d23791059b798c883b65042f726436222a2da5cc09b777aa5df3b6af23c	vendor-or-firmware-source
week02/v01/vendor/wrpc-sw/shell/cmd_netconsole.c	1892	2026-08-14T06:06:23.346020+00:00	77e82cd42bbe758da554740985f8c86d1f0e6eedcbc0c80979e587d0cb1a7b3d	vendor-or-firmware-source
week02/v01/vendor/wrpc-sw/shell/cmd_pll.c	2296	2026-08-14T06:06:23.348020+00:00	80d9c77f5499ebd2523eb0080efc217ef9afec3fdca607fe7115900d9103c696	vendor-or-firmware-source
week02/v01/vendor/wrpc-sw/shell/cmd_pps.c	1056	2026-08-14T06:06:23.349020+00:00	fc7fef441edf801b5c6e27cf57340a5ee99df77a1a77b67680dbfc3859ad8a79	vendor-or-firmware-source
week02/v01/vendor/wrpc-sw/shell/cmd_ps.c	1261	2026-08-14T06:06:23.350020+00:00	aa17b901580ff7c028d3f15baf0aacb3be3261b3dd2b7c4efda188f872a6365a	vendor-or-firmware-source
week02/v01/vendor/wrpc-sw/shell/cmd_ptp.c	4556	2026-08-14T06:06:23.352021+00:00	93a9b248c6337be5adfcca48a487a6e335db6aefeedd2c8cecee22520f8feae8	vendor-or-firmware-source
week02/v01/vendor/wrpc-sw/shell/cmd_ptrack.c	1445	2026-08-14T06:06:23.353020+00:00	9bcdf719c5249e4a894c73c7b4a90260275e9f90fc11db1a2e51d7751b088bb3	vendor-or-firmware-source
week02/v01/vendor/wrpc-sw/shell/cmd_refresh.c	750	2026-08-14T06:06:23.354020+00:00	50abeca491897367b3bb9c7270d9e28fc488a84ee4c1cd48c3f99ed729717bbd	vendor-or-firmware-source
week02/v01/vendor/wrpc-sw/shell/cmd_sdb.c	2399	2026-08-14T06:06:23.355020+00:00	07043d22117f5749f2d8cec11da981a99a8c0148dfc56c8afa7ebfa134beacbb	vendor-or-firmware-source
week02/v01/vendor/wrpc-sw/shell/cmd_sfp.c	5177	2026-08-14T06:06:23.356020+00:00	cfd0d35533c3112a5a1890913402f38e9b49a0b2da942049a7aa9054f2557b2c	vendor-or-firmware-source
week02/v01/vendor/wrpc-sw/shell/cmd_sleep.c	476	2026-08-14T06:06:23.357020+00:00	c7c61a30520df9cb9d0bcd267ad1aaceffa83d8bbaf45a7d622a2a670a4f12b2	vendor-or-firmware-source
week02/v01/vendor/wrpc-sw/shell/cmd_stat.c	1233	2026-08-14T06:06:23.359020+00:00	0fe2f9c5308d39e3ac3d2757b1245c50cc945b6d0569ebea81c00c4e5833c6ff	vendor-or-firmware-source
week02/v01/vendor/wrpc-sw/shell/cmd_time.c	1660	2026-08-14T06:06:23.360020+00:00	a0524a93bc5a7fe1c8c70eac8af64c1b427c1bc476f6f3fd4429bd3f7ae25ab2	vendor-or-firmware-source
week02/v01/vendor/wrpc-sw/shell/cmd_uptime.c	246	2026-08-14T06:06:23.361020+00:00	1f2c53e40915dad68afafcfd27075a25c44a2dbb0e46cfe6ec4c343b1a4dc17d	vendor-or-firmware-source
week02/v01/vendor/wrpc-sw/shell/cmd_verbose.c	789	2026-08-14T06:06:23.362020+00:00	09a6db1e2cdce58ae56213df075505de61ba4f68e35fd1e4238317cef95e21e8	vendor-or-firmware-source
week02/v01/vendor/wrpc-sw/shell/cmd_version.c	1480	2026-08-14T06:06:23.363020+00:00	116d5a63d998197665230a4d9d632fd1d2e9d6fda05a0ce6b7c502240cda7b09	vendor-or-firmware-source
week02/v01/vendor/wrpc-sw/shell/cmd_vlan.c	1017	2026-08-14T06:06:23.364020+00:00	6382c58083e9c311fca7ed3a1357b817c49208b88837b131ff6bddffe861562e	vendor-or-firmware-source
week02/v01/vendor/wrpc-sw/shell/shell.c	9652	2026-08-14T06:06:23.366020+00:00	6066417449ca60e0067c4079b200fe78b012187d35ff4192b68eafa01ec460ba	vendor-or-firmware-source
week02/v01/vendor/wrpc-sw/shell/shell.mk	906	2026-08-14T06:06:23.367020+00:00	5e5e42d9241c2b268fd3326a757710849bdbff932ea6a2e1c140b1b10a49061c	vendor-or-firmware-source
week02/v01/vendor/wrpc-sw/softpll/softpll.mk	357	2026-08-14T06:06:23.368020+00:00	77551ad9037a3632078fd5832c012463a7983209388b1b52336753a0c6455053	vendor-or-firmware-source
week02/v01/vendor/wrpc-sw/softpll/softpll_export.h	2351	2026-08-14T06:06:23.370020+00:00	41e8e725566f7cf17e3259bb69d7df9a5a38f1e3ea3905990edef8188fc0cc4b	vendor-or-firmware-source
week02/v01/vendor/wrpc-sw/softpll/softpll_ng.c	24446	2026-08-14T06:06:23.371020+00:00	e84e07ce8958c3247361d0fee1f6c82140eb84227e60885afb88212268f823c0	vendor-or-firmware-source
week02/v01/vendor/wrpc-sw/softpll/softpll_ng.h	6613	2026-08-14T06:06:23.373020+00:00	d3d352a5441e76897fdc36b86cecef57be8afdcf75bc14ba63c7b32896b7c867	vendor-or-firmware-source
week02/v01/vendor/wrpc-sw/softpll/spll_common.c	3470	2026-08-14T06:06:23.374020+00:00	c4d37da22b4a0cec4ce6115cb1b45805205152c093f8aaa2c77cb8d419d41274	vendor-or-firmware-source
week02/v01/vendor/wrpc-sw/softpll/spll_common.h	2787	2026-08-14T06:06:23.375020+00:00	1f930c8c6f18a233095733f7adc718026aaeb7ffc25d9bc8ed73b19c2ca7a954	vendor-or-firmware-source
week02/v01/vendor/wrpc-sw/softpll/spll_debug.h	2422	2026-08-14T06:06:23.376020+00:00	b7ca418fbf2a78c2c33bdd29e8dc328836a9c04ae4b38db223dda01f8a367699	vendor-or-firmware-source
week02/v01/vendor/wrpc-sw/softpll/spll_external.c	6309	2026-08-14T06:06:23.378020+00:00	207f3877d8c4bf6f50ca4d152f1dba03b3f551f97d0353504160ee6ab497aa3c	vendor-or-firmware-source
week02/v01/vendor/wrpc-sw/softpll/spll_external.h	1026	2026-08-14T06:06:23.379020+00:00	99aba053d05558c2d5aab78b62f764cc0bc25676311a07182283ba886df8ea69	vendor-or-firmware-source
week02/v01/vendor/wrpc-sw/softpll/spll_helper.c	3337	2026-08-14T06:06:23.380020+00:00	682528667a993904b0281fbfae85721e7805f82b211ef1274fa9c34caeb69cc0	vendor-or-firmware-source
week02/v01/vendor/wrpc-sw/softpll/spll_helper.h	1362	2026-08-14T06:06:23.381020+00:00	63c0ecdf34bbf350894da9abab13c7add71bea2a6f0c776810b9388fc96bebcd	vendor-or-firmware-source
week02/v01/vendor/wrpc-sw/softpll/spll_main.c	11455	2026-08-14T06:06:23.382020+00:00	fcf4401fbe31af42843ac18e9b9b025a938ffa2711884f11fbeeb5b56d071824	vendor-or-firmware-source
week02/v01/vendor/wrpc-sw/softpll/spll_main.h	1786	2026-08-14T06:06:23.384020+00:00	cfd18de118ba63f66e8cbf9665e6104857f4787c0e22c11ce5d50b0bad9ec8ec	vendor-or-firmware-source
week02/v01/vendor/wrpc-sw/softpll/spll_ptracker.c	2127	2026-08-14T06:06:23.385020+00:00	382e3907bae2026a0507b8b4149b1d586439ef49e0e8b68267eca32e66d9ff3b	vendor-or-firmware-source
week02/v01/vendor/wrpc-sw/softpll/spll_ptracker.h	814	2026-08-14T06:06:23.386020+00:00	d7b7d01053a78117d6f776a4ddaa9e142eb233af17407af141fa5ae888e62e9e	vendor-or-firmware-source
week02/v01/vendor/wrpc-sw/system_checks.c	1691	2026-08-14T06:06:23.387020+00:00	d71d625c5242c8015b2416d94f136fc0d10fd3b590d547b8bfc8fae3718b14e9	vendor-or-firmware-source
week02/v01/vendor/wrpc-sw/test/snmp/Makefile	439	2026-08-14T06:06:23.390020+00:00	ac813da988a9f0178bdc34f9a5e6291c691dafc4d394acc0a10697d70ae4ee26	vendor-or-firmware-source
week02/v01/vendor/wrpc-sw/tools/Makefile	3683	2026-08-14T06:06:23.407020+00:00	c443d290820cb91d334b205403cb0cea2819b6c6dc66b0728a3cf4587cd2ad5c	vendor-or-firmware-source
week02/v01/vendor/wrpc-sw/tools/dump-info-host-v42.bin	15760	2026-08-14T06:06:23.413020+00:00	7f9547d82dc44b68b12e9d1d967b7aca8b81ed52afb99e5b85708d9a85e512bd	vendor-or-firmware-source
week02/v01/vendor/wrpc-sw/tools/dump-wrpc-info-host.bin	10400	2026-08-14T06:17:00.554260+00:00	c1751e6f2d5f4412e22ffe8e16e94c38b214ac965cb89337f63ac9d88a4c8389	vendor-or-firmware-source
week02/v01/vendor/wrpc-sw/tools/eb-w1-write.c	3441	2026-08-14T06:06:23.414020+00:00	b0f1f74d532f380ecef7f9eaba99294fe18204ce9d0db02f6003b12b287b076d	vendor-or-firmware-source
week02/v01/vendor/wrpc-sw/tools/eb-w1.c	2363	2026-08-14T06:06:23.415020+00:00	8ca741efb6124846bf152bfb9a0b858badcd03f0a3fa6955a647510888689558	vendor-or-firmware-source
week02/v01/vendor/wrpc-sw/tools/ertm-softpll-debugger/ertm-softpll-debugger.py	9658	2026-08-14T06:06:23.417020+00:00	6a9fe34715755efa9b6fb3ec925e60f90e19c79d7e3fd3eb668caccd8a752b56	vendor-or-firmware-source
week02/v01/vendor/wrpc-sw/tools/genraminit.c	1742	2026-08-14T06:06:23.418020+00:00	c197d72d88bbaade758c375d124007553b5b72c5a3a1970eec7a7f2e46722d98	vendor-or-firmware-source
week02/v01/vendor/wrpc-sw/tools/genrammif.c	1422	2026-08-14T06:06:23.420020+00:00	cc99f0bf9a00dede90c0fca29d6849edcf5c9a327108619e13d855dc725383c9	vendor-or-firmware-source
week02/v01/vendor/wrpc-sw/tools/genramvhd.c	6203	2026-08-14T06:06:23.421020+00:00	f18789ba02c78981ef7b05ab71b932cab51e12f8417135503838c0a7caf72015	vendor-or-firmware-source
week02/v01/vendor/wrpc-sw/tools/gensdbfs.c	16765	2026-08-14T06:06:23.422020+00:00	aef4181e79530a09725b39dc64d05fd58e829f8243bd6c4003a0900e1e60db26	vendor-or-firmware-source
week02/v01/vendor/wrpc-sw/tools/gensdbfs.h	1068	2026-08-14T06:06:23.424020+00:00	d1a73d09205242f3d2e7bd6cb18549362a1f2275812a28f2d67159e4843b9d23	vendor-or-firmware-source
week02/v01/vendor/wrpc-sw/tools/mapper.c	1718	2026-08-14T06:06:23.427020+00:00	a80165d1fe72b2a386ad3707424e74a4c55ca3d89575802c7cb255722ec4e651	vendor-or-firmware-source
week02/v01/vendor/wrpc-sw/tools/pfilter-builder.c	16807	2026-08-14T06:06:23.429020+00:00	2d37e193d324efd21adea6b70f5fcb28e46917dde19404289b6cfee540fcfd1e	vendor-or-firmware-source
week02/v01/vendor/wrpc-sw/tools/rf-xcvr-tool/rawsocketpy/__init__.py	863	2026-08-14T06:06:23.432020+00:00	b63366de2f48120ca25efed6f98f580e43b5055c4eef3b54cb56c0087593a33a	vendor-or-firmware-source
week02/v01/vendor/wrpc-sw/tools/rf-xcvr-tool/rawsocketpy/asyncserver.py	1280	2026-08-14T06:06:23.433020+00:00	320ed35eb558fb98b28f4fdf844324b6915fd13c4ca825f308150bc900dad0c5	vendor-or-firmware-source
week02/v01/vendor/wrpc-sw/tools/rf-xcvr-tool/rawsocketpy/packet.py	1743	2026-08-14T06:06:23.435020+00:00	18a02b8f2f61b5acea92c7dbc1786ab5b022f5721de41b5ebbb0c9c5d5820ba2	vendor-or-firmware-source
week02/v01/vendor/wrpc-sw/tools/rf-xcvr-tool/rawsocketpy/server.py	3738	2026-08-14T06:06:23.436020+00:00	0ae0324221bb90726463ab62d57b5800ad196a4043dafa68c519722e9405fe1d	vendor-or-firmware-source
week02/v01/vendor/wrpc-sw/tools/rf-xcvr-tool/rawsocketpy/socket.py	3395	2026-08-14T06:06:23.437020+00:00	204a403c35fec57635f1d600055e9ee67fa6ae08e44ed4b589654037c1e63b6e	vendor-or-firmware-source
week02/v01/vendor/wrpc-sw/tools/rf-xcvr-tool/rawsocketpy/util.py	2911	2026-08-14T06:06:23.438020+00:00	44845018259328d937033fbae612d09582c3703190689093a70b317400df44a2	vendor-or-firmware-source
week02/v01/vendor/wrpc-sw/tools/rf-xcvr-tool/rf-xcvr-tool.py	1670	2026-08-14T06:06:23.439020+00:00	72623eb43763b46f78d5d45d7f39fe6be45cb4108c47a7a6b054b0784295cf83	vendor-or-firmware-source
week02/v01/vendor/wrpc-sw/tools/rf-xcvr-tool/wr_streamers.py	7627	2026-08-14T06:06:23.441020+00:00	52d6072f55fb24b390f10faef9394e7d64dae7c33dd9810144d7d2c421854ee9	vendor-or-firmware-source
week02/v01/vendor/wrpc-sw/tools/riscv-loader/ual/CONTRIBUTING.md	102	2026-08-14T06:09:37.807875+00:00	b7030fd106fe863e69a03278c01f483ca037bfdbf7e15094d075cb4941fa5d1d	vendor-or-firmware-source
week02/v01/vendor/wrpc-sw/tools/riscv-loader/ual/Makefile	212	2026-08-14T06:09:37.810875+00:00	4c237ed6ecea61f0a6526ad5b4adee78ce36224b4efea717a07b12aceda081e2	vendor-or-firmware-source
week02/v01/vendor/wrpc-sw/tools/riscv-loader/ual/PyUAL/PyUAL/PyUAL.py	14547	2026-08-14T06:09:37.813875+00:00	607e76cdee86f09e77c7cbe923dc58b27e52bb8c4998cc20b7ad2b9d1c8f2c5e	vendor-or-firmware-source
week02/v01/vendor/wrpc-sw/tools/riscv-loader/ual/PyUAL/PyUAL/__init__.py	238	2026-08-14T06:09:37.814875+00:00	437def31f91123ab71c5f714d99cf6a6cb6cf64171e88831f2ff3386f9d69b83	vendor-or-firmware-source
week02/v01/vendor/wrpc-sw/tools/riscv-loader/ual/PyUAL/setup.py	416	2026-08-14T06:09:37.816875+00:00	965c88c1f72bb8560bdf259c510a469263ef73e87a866e9a12fe0cb88daa596f	vendor-or-firmware-source
week02/v01/vendor/wrpc-sw/tools/riscv-loader/ual/PyUALUtils/PyUALUtils/__init__.py	0	2026-08-14T06:09:37.818875+00:00	e3b0c44298fc1c149afbf4c8996fb92427ae41e4649b934ca495991b7852b855	vendor-or-firmware-source
week02/v01/vendor/wrpc-sw/tools/riscv-loader/ual/PyUALUtils/PyUALUtils/remote.py	3430	2026-08-14T06:09:37.820875+00:00	1483d7d13f3e2dd1a5dd3a323e92316810477ae6fdd22fff83c32e8c5ebe67a5	vendor-or-firmware-source
week02/v01/vendor/wrpc-sw/tools/riscv-loader/ual/PyUALUtils/setup.py	428	2026-08-14T06:09:37.821875+00:00	de211c9d1251f614555bd09b4afb9cd2dc15319535fca3370ac0860deac88008	vendor-or-firmware-source
week02/v01/vendor/wrpc-sw/tools/riscv-loader/ual/README.md	7055	2026-08-14T06:09:37.823875+00:00	a1bb6b178e389f2834e4ac05dda2af6714d5b8d2d8c83120047f79826bd9107f	vendor-or-firmware-source
week02/v01/vendor/wrpc-sw/tools/riscv-loader/ual/doc/Makefile	419	2026-08-14T06:09:37.830875+00:00	5772b2a5aab30ae418a5269adeb1f7277376c9328295c287ec19ca0915a26224	vendor-or-firmware-source
week02/v01/vendor/wrpc-sw/tools/riscv-loader/ual/lib/Makefile	1965	2026-08-14T06:09:37.851875+00:00	3518f2fd275eb41044159bc0fe9991d393c1e825397128c830e06de8b1d49e7b	vendor-or-firmware-source
week02/v01/vendor/wrpc-sw/tools/riscv-loader/ual/lib/bus-pci.c	2442	2026-08-14T06:09:37.853875+00:00	8804f6d251e127a59dfa59429b35d1683e2958c6779591980175620ffbed8629	vendor-or-firmware-source
week02/v01/vendor/wrpc-sw/tools/riscv-loader/ual/lib/bus-vme.c	2214	2026-08-14T06:09:37.854875+00:00	59705381258cb3699ac1b83cbd8381ea62adbd21580817cd9fdb6374daab3724	vendor-or-firmware-source
week02/v01/vendor/wrpc-sw/tools/riscv-loader/ual/lib/bus.c	9349	2026-08-14T06:09:37.855875+00:00	3c800b21fc8fa163d8caabcceb9fa11b0f3053569d4cf107d7d2e13e9d1ecbe8	vendor-or-firmware-source
week02/v01/vendor/wrpc-sw/tools/riscv-loader/ual/lib/irq.c	2607	2026-08-14T06:09:37.856875+00:00	91b4180bd4ec507a96d16b964006f608752515c12182337029f37bb9881bc95a	vendor-or-firmware-source
week02/v01/vendor/wrpc-sw/tools/riscv-loader/ual/lib/route.c	2586	2026-08-14T06:09:37.857875+00:00	891a1fa8d3414f26894bbc56f530427885e4dfcffdc035e30ec7169c0146cae9	vendor-or-firmware-source
week02/v01/vendor/wrpc-sw/tools/riscv-loader/ual/lib/ual-int.h	1474	2026-08-14T06:09:37.859875+00:00	8800fb06ab0bbcf4b57c0230308b5f47d0d3babb681f32c4895d725718475bb2	vendor-or-firmware-source
week02/v01/vendor/wrpc-sw/tools/riscv-loader/ual/lib/ual.h	4864	2026-08-14T06:09:37.860875+00:00	e7e49563953c1355d5f5b706783b74b5eff8f7a4a7eb159505fb1047b43755de	vendor-or-firmware-source
week02/v01/vendor/wrpc-sw/tools/riscv-loader/ual/tools/Makefile	570	2026-08-14T06:09:37.863875+00:00	e7b7bbda4938ad63718c876a44408cb62168914e2274d7fe1a1a915c14024d07	vendor-or-firmware-source
week02/v01/vendor/wrpc-sw/tools/riscv-loader/ual/tools/ualgui.py	28433	2026-08-14T06:09:37.865875+00:00	4dd265f66a52e0b0fe613e63f16461b7161dfb3f66dc4f047654511c7aefdd7d	vendor-or-firmware-source
week02/v01/vendor/wrpc-sw/tools/riscv-loader/ual/tools/ualmem.c	11409	2026-08-14T06:09:37.867875+00:00	19c187c25610ba75e97b08c93a3530d9a64a8135554c17eb50cb2502b4dd4c96	vendor-or-firmware-source
week02/v01/vendor/wrpc-sw/tools/riscv-loader/ual/tools/ualserver.py	917	2026-08-14T06:09:37.868875+00:00	05b2a529e023a8db63f4f33c25f7428d479718f42461781ccfbf2be347070eee	vendor-or-firmware-source
week02/v01/vendor/wrpc-sw/tools/riscv-loader/ual/versions.mk	479	2026-08-14T06:09:37.872875+00:00	d36b5c358d2f72ee74006cfe04db27b1bca75a1bb4e3776c9d1a3ecdbfb6baaa	vendor-or-firmware-source
week02/v01/vendor/wrpc-sw/tools/sdbfs-default.bin	320	2026-08-14T10:00:08.182170+00:00	572d5fc077bd4a025c5e296720065760250e82596907b121fa9c3f7dbef82d26	vendor-or-firmware-source
week02/v01/vendor/wrpc-sw/tools/time_lib.c	7610	2026-08-14T06:06:23.454020+00:00	0b0f2b7b303a708fb900f9789127ff78f36b8b8811af25cd8f7962440bbf61e5	vendor-or-firmware-source
week02/v01/vendor/wrpc-sw/tools/time_lib.h	1384	2026-08-14T06:06:23.456020+00:00	12a766535fcaf81eefacc07afbd662fc7207b38b11920e5aebe5c5f5ccc63c1a	vendor-or-firmware-source
week02/v01/vendor/wrpc-sw/tools/trivial-init/Makefile	678	2026-08-14T06:06:23.457020+00:00	9112151efc378234159e090e410f250d7fe761b81fb2afd03a2d56b8d4039d7d	vendor-or-firmware-source
week02/v01/vendor/wrpc-sw/tools/trivial-init/main.c	2508	2026-08-14T06:06:23.459020+00:00	3bea2f5ed99b3a0af2d27e3b010a8349a29a3fb2de09d2c429ddd65e1b3bb461	vendor-or-firmware-source
week02/v01/vendor/wrpc-sw/tools/trivial-init/pf-microcode.h	1392	2026-08-14T06:06:23.460020+00:00	3a79c07e8a94e44fb66b41a2abc8c5a7916200208fc1ea2d74fd809baba4b098	vendor-or-firmware-source
week02/v01/vendor/wrpc-sw/tools/uart-bootloader/Makefile	1278	2026-08-14T06:06:23.465020+00:00	4cf80606a074b57ad83f2e9b68742ae18a1e0b101c4110c2a16e8126b1121495	vendor-or-firmware-source
week02/v01/vendor/wrpc-sw/tools/uart-bootloader/boot.c	11188	2026-08-14T06:06:23.466020+00:00	fb67e403a25778b2fdb885f59a58b55399620a9b4267c53bbffb96c53f5ea47d	vendor-or-firmware-source
week02/v01/vendor/wrpc-sw/tools/uart-bootloader/timer.c	462	2026-08-14T06:06:23.467020+00:00	c21761d551e2ac79718bcd943989452be7bf02bb392280ef18f5de79abfdeb6a	vendor-or-firmware-source
week02/v01/vendor/wrpc-sw/tools/uart-bootloader/uart.c	1514	2026-08-14T06:06:23.468020+00:00	c2e350260c0c5a78d79299a5353737bd3346a9a2052d3795dbfe951569533a1b	vendor-or-firmware-source
week02/v01/vendor/wrpc-sw/tools/uart-bootloader/uart.h	1026	2026-08-14T06:06:23.470020+00:00	bf35d657ba83a3f5b14578627efbf71e98483a9875fe8c196f254deda6ef237a	vendor-or-firmware-source
week02/v01/vendor/wrpc-sw/tools/uart-bootloader/usb-bootloader.py	14160	2026-08-14T06:06:23.471020+00:00	e62872dc455d31963ab308cc6aa45ef332f81fc98bfc3c6a6ddd43fd9dbe9459	vendor-or-firmware-source
week02/v01/vendor/wrpc-sw/tools/uart-bootloader.py	947	2026-08-14T06:06:23.463020+00:00	a501c357be5017ab11b2c8849617153c2f5a6c7349555f281d151f63916a0c9d	vendor-or-firmware-source
week02/v01/vendor/wrpc-sw/tools/vuart_lib.c	3077	2026-08-14T06:06:23.473020+00:00	0bc5cc07e48363aebca6d045fff3186f3aa9813eba182934c1a9adad3690124c	vendor-or-firmware-source
week02/v01/vendor/wrpc-sw/tools/vuart_lib.h	721	2026-08-14T06:06:23.474020+00:00	5bd1b784428fd4fb5089ab13760a17b5a743d19b5f53b254125d0d106f69d69a	vendor-or-firmware-source
week02/v01/vendor/wrpc-sw/tools/wr-streamers.c	28055	2026-08-14T06:06:23.476020+00:00	59baa25e17802abd37e34c76396c92b9632a04efd6c84dce61df9c66358c875e	vendor-or-firmware-source
week02/v01/vendor/wrpc-sw/tools/wr_graph.py	5280	2026-08-14T06:06:23.477020+00:00	682028efc5da6b740b8f6c67e3cb83f89618ca573e451cf384356acfd4f95aca	vendor-or-firmware-source
week02/v01/vendor/wrpc-sw/tools/wrpc-diags.c	12082	2026-08-14T06:06:23.479020+00:00	5486df5f509b20e6bc67347751739d573e057fc1a416c5c169f4f91e480c6b7a	vendor-or-firmware-source
week02/v01/vendor/wrpc-sw/tools/wrpc-dump.c	31627	2026-08-14T06:06:23.481020+00:00	01fe49bedf286b8300ce73be6ed0b8eec91409f68b10905ae067f5b2f8c1aa43	vendor-or-firmware-source
week02/v01/vendor/wrpc-sw/tools/wrpc-load.c	6601	2026-08-14T06:06:23.483020+00:00	f7a44f6a1d93ea8c1cf7834e95e0d12868fbd0bb4a8169bbe3492912f68ef1b0	vendor-or-firmware-source
week02/v01/vendor/wrpc-sw/tools/wrpc-spll-plotter.py	5567	2026-08-14T06:06:23.484020+00:00	f26737df19623e2348f23fb1dae91014307e6ebcc469300c55a2bd78aebd8352	vendor-or-firmware-source
week02/v01/vendor/wrpc-sw/tools/wrpc-vuart.c	3948	2026-08-14T06:06:23.486020+00:00	2426ca4a7fbcaf706914b61a9f50b494b0fc122f93fb76c19cf6860468a8bb10	vendor-or-firmware-source
week02/v01/vendor/wrpc-sw/tools/wrpc-w1-read.c	5711	2026-08-14T06:06:23.487020+00:00	6063ba769cadefb32c29292cc00cdeb0c153ace20dcc887e580df607b853b4d3	vendor-or-firmware-source
week02/v01/vendor/wrpc-sw/tools/wrpc-w1-write.c	5766	2026-08-14T06:06:23.488020+00:00	1e8f596d7eb292c1ef60354691ead81081d90d28c373ce7f708d56f0625cc84d	vendor-or-firmware-source
week02/v01/vendor/wrpc-sw/tools/wrpc.c	78125	2026-08-14T06:06:23.491019+00:00	1ee303f92ee899a1210e5fc98fdf629c36bfb1128e74a1d7c4b84e1b9b45522b	vendor-or-firmware-source
week02/v01/vendor/wrpc-sw/ual/CONTRIBUTING.md	102	2026-08-14T06:09:37.933874+00:00	b7030fd106fe863e69a03278c01f483ca037bfdbf7e15094d075cb4941fa5d1d	vendor-or-firmware-source
week02/v01/vendor/wrpc-sw/ual/Makefile	212	2026-08-14T06:09:37.935874+00:00	4c237ed6ecea61f0a6526ad5b4adee78ce36224b4efea717a07b12aceda081e2	vendor-or-firmware-source
week02/v01/vendor/wrpc-sw/ual/PyUAL/PyUAL/PyUAL.py	14547	2026-08-14T06:09:37.938874+00:00	607e76cdee86f09e77c7cbe923dc58b27e52bb8c4998cc20b7ad2b9d1c8f2c5e	vendor-or-firmware-source
week02/v01/vendor/wrpc-sw/ual/PyUAL/PyUAL/__init__.py	238	2026-08-14T06:09:37.940874+00:00	437def31f91123ab71c5f714d99cf6a6cb6cf64171e88831f2ff3386f9d69b83	vendor-or-firmware-source
week02/v01/vendor/wrpc-sw/ual/PyUAL/setup.py	416	2026-08-14T06:09:37.942874+00:00	965c88c1f72bb8560bdf259c510a469263ef73e87a866e9a12fe0cb88daa596f	vendor-or-firmware-source
week02/v01/vendor/wrpc-sw/ual/PyUALUtils/PyUALUtils/__init__.py	0	2026-08-14T06:09:37.944874+00:00	e3b0c44298fc1c149afbf4c8996fb92427ae41e4649b934ca495991b7852b855	vendor-or-firmware-source
week02/v01/vendor/wrpc-sw/ual/PyUALUtils/PyUALUtils/remote.py	3430	2026-08-14T06:09:37.946874+00:00	1483d7d13f3e2dd1a5dd3a323e92316810477ae6fdd22fff83c32e8c5ebe67a5	vendor-or-firmware-source
week02/v01/vendor/wrpc-sw/ual/PyUALUtils/setup.py	428	2026-08-14T06:09:37.947874+00:00	de211c9d1251f614555bd09b4afb9cd2dc15319535fca3370ac0860deac88008	vendor-or-firmware-source
week02/v01/vendor/wrpc-sw/ual/README.md	7055	2026-08-14T06:09:37.949874+00:00	a1bb6b178e389f2834e4ac05dda2af6714d5b8d2d8c83120047f79826bd9107f	vendor-or-firmware-source
week02/v01/vendor/wrpc-sw/ual/doc/Makefile	419	2026-08-14T06:09:37.956874+00:00	5772b2a5aab30ae418a5269adeb1f7277376c9328295c287ec19ca0915a26224	vendor-or-firmware-source
week02/v01/vendor/wrpc-sw/ual/lib/Makefile	1965	2026-08-14T06:09:37.977874+00:00	3518f2fd275eb41044159bc0fe9991d393c1e825397128c830e06de8b1d49e7b	vendor-or-firmware-source
week02/v01/vendor/wrpc-sw/ual/lib/bus-pci.c	2442	2026-08-14T06:09:37.979874+00:00	8804f6d251e127a59dfa59429b35d1683e2958c6779591980175620ffbed8629	vendor-or-firmware-source
week02/v01/vendor/wrpc-sw/ual/lib/bus-vme.c	2214	2026-08-14T06:09:37.981874+00:00	59705381258cb3699ac1b83cbd8381ea62adbd21580817cd9fdb6374daab3724	vendor-or-firmware-source
week02/v01/vendor/wrpc-sw/ual/lib/bus.c	9349	2026-08-14T06:09:37.983874+00:00	3c800b21fc8fa163d8caabcceb9fa11b0f3053569d4cf107d7d2e13e9d1ecbe8	vendor-or-firmware-source
week02/v01/vendor/wrpc-sw/ual/lib/irq.c	2607	2026-08-14T06:09:37.985874+00:00	91b4180bd4ec507a96d16b964006f608752515c12182337029f37bb9881bc95a	vendor-or-firmware-source
week02/v01/vendor/wrpc-sw/ual/lib/route.c	2586	2026-08-14T06:09:37.986874+00:00	891a1fa8d3414f26894bbc56f530427885e4dfcffdc035e30ec7169c0146cae9	vendor-or-firmware-source
week02/v01/vendor/wrpc-sw/ual/lib/ual-int.h	1474	2026-08-14T06:09:37.987874+00:00	8800fb06ab0bbcf4b57c0230308b5f47d0d3babb681f32c4895d725718475bb2	vendor-or-firmware-source
week02/v01/vendor/wrpc-sw/ual/lib/ual.h	4864	2026-08-14T06:09:37.989874+00:00	e7e49563953c1355d5f5b706783b74b5eff8f7a4a7eb159505fb1047b43755de	vendor-or-firmware-source
week02/v01/vendor/wrpc-sw/ual/tools/Makefile	570	2026-08-14T06:09:37.992874+00:00	e7b7bbda4938ad63718c876a44408cb62168914e2274d7fe1a1a915c14024d07	vendor-or-firmware-source
week02/v01/vendor/wrpc-sw/ual/tools/ualgui.py	28433	2026-08-14T06:09:37.995874+00:00	4dd265f66a52e0b0fe613e63f16461b7161dfb3f66dc4f047654511c7aefdd7d	vendor-or-firmware-source
week02/v01/vendor/wrpc-sw/ual/tools/ualmem.c	11409	2026-08-14T06:09:37.996874+00:00	19c187c25610ba75e97b08c93a3530d9a64a8135554c17eb50cb2502b4dd4c96	vendor-or-firmware-source
week02/v01/vendor/wrpc-sw/ual/tools/ualserver.py	917	2026-08-14T06:09:37.998874+00:00	05b2a529e023a8db63f4f33c25f7428d479718f42461781ccfbf2be347070eee	vendor-or-firmware-source
week02/v01/vendor/wrpc-sw/ual/versions.mk	479	2026-08-14T06:09:38.000874+00:00	d36b5c358d2f72ee74006cfe04db27b1bca75a1bb4e3776c9d1a3ecdbfb6baaa	vendor-or-firmware-source
week02/v01/vendor/wrpc-sw/wrc.bin	83532	2026-08-14T12:40:14.485337+00:00	45d2a6bb1d715f6563b4e2073419c8efb5ff443362438021ca1abc32a56694d6	vendor-or-firmware-source
week02/v01/vendor/wrpc-sw/wrc.elf	124476	2026-08-14T12:40:14.432338+00:00	b7e129ab3ea3da6e93320741edc11474c1d8b68fc7fbc51b062860a02bc62a08	vendor-or-firmware-source
week02/v01/vendor/wrpc-sw/wrc.mif	831301	2026-08-14T12:40:14.520337+00:00	000712ea9426489bcaf97839ca727d549d72b012f59309ace7a5bed6ba1be288	vendor-or-firmware-source
week02/v01/vendor/wrpc-sw/wrc.vhd	1147168	2026-08-14T10:00:10.952154+00:00	1b67b1c3bf043d6712ae610ee0d8a141162a297be6246038e175749955b17e44	vendor-or-firmware-source
week02/v01/vendor/wrpc-sw/wrc_main.c	7067	2026-08-14T06:06:23.492020+00:00	970ebaba76fedb852e5f56a8312b691008be612d3570b21b80ecfb298d2be47b	vendor-or-firmware-source
week02/v01/vendor/wrpc-sw/wrc_main_sim.c	6796	2026-08-14T06:06:23.494020+00:00	f9ebd97a8e5d1fb3987c1e246a574817c3e5b711e0f1408d16553308591b5102	vendor-or-firmware-source
week02/v01/vendor/wrpc-sw_nosfpmatch_diag/Kconfig	22526	2026-08-14T06:06:22.696024+00:00	58d8f76c027179b8d55cabb88987eaac8bf6c50885f08a45a2fa8cfaa9cd551c	vendor-or-firmware-source
week02/v01/vendor/wrpc-sw_nosfpmatch_diag/Makefile	10237	2026-08-14T09:59:55.738242+00:00	187e8edee84cad402f83eedba83165a1d1964e9179823516e463472a443b62d6	vendor-or-firmware-source
week02/v01/vendor/wrpc-sw_nosfpmatch_diag/arch/lm32/crt0.h	550	2026-08-14T06:06:22.704024+00:00	70733e9f47b520e7340cf205597d3ce4531d5699bdf26be06d29a30c37a754a0	vendor-or-firmware-source
week02/v01/vendor/wrpc-sw_nosfpmatch_diag/arch/lm32/irq.c	1021	2026-08-14T06:06:22.705024+00:00	7e77ed9262eff47bc57e2e8d64875b7f6ef46d4e79aed5cc9621028e9c7ca02c	vendor-or-firmware-source
week02/v01/vendor/wrpc-sw_nosfpmatch_diag/arch/risc-v/crt0.h	519	2026-08-14T06:06:22.715024+00:00	7b54692dd58fac65c9b78ee9685e6e43cd182cf650fd978021b32cc76e8d908c	vendor-or-firmware-source
week02/v01/vendor/wrpc-sw_nosfpmatch_diag/arch/risc-v/irq_helper.c	802	2026-08-14T06:06:22.717024+00:00	3f67ae20b27e0ff1dbace29f98cec6215eb0b48a99db6fbd30a19e9396654830	vendor-or-firmware-source
week02/v01/vendor/wrpc-sw_nosfpmatch_diag/boards/afcz/board.c	23028	2026-08-14T06:06:22.721024+00:00	63a60851aa61d24e97861f6e641291afb0a2fd33016d948a9629ab12af196c47	vendor-or-firmware-source
week02/v01/vendor/wrpc-sw_nosfpmatch_diag/boards/afcz/board.h	2280	2026-08-14T06:06:22.722024+00:00	b95d5ed31675fe71d601e0704d0e4002c209451f5e602c81da3600723655564c	vendor-or-firmware-source
week02/v01/vendor/wrpc-sw_nosfpmatch_diag/boards/boards.mk	1792	2026-08-14T06:06:22.724024+00:00	701bba19bc8723b1a051013b28fd0314d528abd54fe4bf46b775438dffe3af42	vendor-or-firmware-source
week02/v01/vendor/wrpc-sw_nosfpmatch_diag/boards/ertm14/board-aux.h	2330	2026-08-14T06:06:22.725024+00:00	a4ecb52f264b989fccc2a3ca891113395e31e6de3a715637401b420bccbe7c41	vendor-or-firmware-source
week02/v01/vendor/wrpc-sw_nosfpmatch_diag/boards/ertm14/board-state.h	7776	2026-08-14T06:06:22.727024+00:00	6e7c8b5c899b53fcc36606a639bc9309eff9da28ca3578b1345832bb6dfba121	vendor-or-firmware-source
week02/v01/vendor/wrpc-sw_nosfpmatch_diag/boards/ertm14/board.c	101073	2026-08-14T06:06:22.730024+00:00	060c52321cfda3faadca8c6ea6a5f7a1c8b71fb4c48967b43ee94b64e3a42c86	vendor-or-firmware-source
week02/v01/vendor/wrpc-sw_nosfpmatch_diag/boards/ertm14/board.h	6230	2026-08-14T06:06:22.732024+00:00	263ed1365ae9e796c450b7c75d12d8cfc6eaccc57266b60cedbea5caad634035	vendor-or-firmware-source
week02/v01/vendor/wrpc-sw_nosfpmatch_diag/boards/ertm14/cmd_ertm14.c	11559	2026-08-14T06:06:22.733024+00:00	c23be4e7d022a3e6e6b9e7bbda3a01be3725123baab2a86d1b2fc515ad41ab33	vendor-or-firmware-source
week02/v01/vendor/wrpc-sw_nosfpmatch_diag/boards/ertm14/common-uart-link.c	7683	2026-08-14T06:06:22.734024+00:00	b15d48bec82cb0cb21a3809f2dd1aa70631cf1a3b17148e1cedd77fd74c895da	vendor-or-firmware-source
week02/v01/vendor/wrpc-sw_nosfpmatch_diag/boards/ertm14/common-uart-link.h	2871	2026-08-14T06:06:22.736024+00:00	2fbbc2b20c540085cddddfa9539533b6de0a603f20d881cd982807b2e115573e	vendor-or-firmware-source
week02/v01/vendor/wrpc-sw_nosfpmatch_diag/boards/ertm14/configs/ad9510_convert_regs.py	414	2026-08-14T06:06:22.737024+00:00	03abaef8f6f48f1e460bf9755a01606a2c8e81cd0c17a2639b3f09e5cb1869cf	vendor-or-firmware-source
week02/v01/vendor/wrpc-sw_nosfpmatch_diag/boards/ertm14/configs/ertm_14_pll_ext_10mhz.h	1267	2026-08-14T06:06:22.739024+00:00	0be3dd76dd110821c4a04284ac477be25d8dbb51877b868718910719b9cc34b3	vendor-or-firmware-source
week02/v01/vendor/wrpc-sw_nosfpmatch_diag/boards/ertm14/configs/ertm_14_pll_main_dot050_config.h	1267	2026-08-14T06:06:22.741024+00:00	ccaa5929943cbfa3f943a77f5f03f1088d03ed18be4b5f41884e477274a5b4e6	vendor-or-firmware-source
week02/v01/vendor/wrpc-sw_nosfpmatch_diag/boards/ertm14/configs/ertm_14_pll_ocxo_config.h	1267	2026-08-14T06:06:22.743024+00:00	ad6e1b0bc214be2913c6b7c846655d9ad01c9cd51b682fb5279b8ab1d8d0568f	vendor-or-firmware-source
week02/v01/vendor/wrpc-sw_nosfpmatch_diag/boards/ertm14/configs/ertm_15_ad9520_default_config.h	1598	2026-08-14T06:06:22.744024+00:00	eb03203223429f775d3c6a4937c45cbd1703e298e8e4760a13755c5eb7527670	vendor-or-firmware-source
week02/v01/vendor/wrpc-sw_nosfpmatch_diag/boards/ertm14/configs/ertm_15_ltc6950_config.h	661	2026-08-14T06:06:22.746024+00:00	3dfb7208224bbd51aa5f217e19b4abf9103a3e78d5e29c240bc12b0430ccc357	vendor-or-firmware-source
week02/v01/vendor/wrpc-sw_nosfpmatch_diag/boards/ertm14/configs/ertm_15_ltc6950_config_rev1.h	661	2026-08-14T06:06:22.748024+00:00	3dfb7208224bbd51aa5f217e19b4abf9103a3e78d5e29c240bc12b0430ccc357	vendor-or-firmware-source
week02/v01/vendor/wrpc-sw_nosfpmatch_diag/boards/ertm14/configs/ertm_15_ltc6950_config_rev2.h	775	2026-08-14T06:06:22.749024+00:00	36d40293b85f1d85fba3b0e079cd69e36a31b09355c882402325cfd33bb43c3c	vendor-or-firmware-source
week02/v01/vendor/wrpc-sw_nosfpmatch_diag/boards/ertm14/configs/ertm_15_ltc6953_bootstrap_config.h	902	2026-08-14T06:06:22.750024+00:00	c858068aa2be7b4f36c824f607267882458175bd16d4a62430028a56336b42bc	vendor-or-firmware-source
week02/v01/vendor/wrpc-sw_nosfpmatch_diag/boards/ertm14/configs/generate_config_headers.sh	94	2026-08-14T06:06:22.751024+00:00	15b43a28d986065c5c6cd8ff171db33ed805cca9f2a89f3d045ed0f61dc8f353	vendor-or-firmware-source
week02/v01/vendor/wrpc-sw_nosfpmatch_diag/boards/ertm14/console-ertm.c	966	2026-08-14T06:06:22.752024+00:00	4adfbe329c4c64114c271b9410c198e6f83bbcdcfb1890c31f4e51f22c6cc4fd	vendor-or-firmware-source
week02/v01/vendor/wrpc-sw_nosfpmatch_diag/boards/ertm14/ertm-common.h	998	2026-08-14T06:06:22.753024+00:00	7c6130ccf827d4a55076898b8a09a94a3370b57847ff6bbd9ade08c70e4682ba	vendor-or-firmware-source
week02/v01/vendor/wrpc-sw_nosfpmatch_diag/boards/ertm14/ertm15_rf_distr.c	17189	2026-08-14T06:06:22.755024+00:00	df85931b24228338f0e16ee1d4b7da548314615ac6457c3c70874eecad285f29	vendor-or-firmware-source
week02/v01/vendor/wrpc-sw_nosfpmatch_diag/boards/ertm14/ertm15_rf_distr.h	2565	2026-08-14T06:06:22.756024+00:00	4aae39f2634fc2f0a0282c86655b754e713dbbcddaf59e19abbb5e21deca046e	vendor-or-firmware-source
week02/v01/vendor/wrpc-sw_nosfpmatch_diag/boards/ertm14/hw/wb_10mhz_align_unit.h	2660	2026-08-14T06:06:22.758024+00:00	3caa123fd8d4b1d84f52d742fe2ef592a382d1cd756fa6b6d5d2a40347ad0890	vendor-or-firmware-source
week02/v01/vendor/wrpc-sw_nosfpmatch_diag/boards/ertm14/hw/wr_rf_frame_transceiver_regs.h	7467	2026-08-14T06:06:22.759024+00:00	be60353bbc6b6fc1e99c8a8524f533c89d04cabfc4735636987bfce35740eca4	vendor-or-firmware-source
week02/v01/vendor/wrpc-sw_nosfpmatch_diag/boards/ertm14/phy_calibration.c	25829	2026-08-14T06:06:22.761024+00:00	2e9b70049fd9802c2052220f19a2c1f1bc0f409b7956615797494a23ac12a363	vendor-or-firmware-source
week02/v01/vendor/wrpc-sw_nosfpmatch_diag/boards/ertm14/psnmp-proto.h	3702	2026-08-14T06:06:22.762024+00:00	1eb69a3bc67ce34f1e99764c72a816bfb0d0e0ff8d7c2c345513079c9b1855f0	vendor-or-firmware-source
week02/v01/vendor/wrpc-sw_nosfpmatch_diag/boards/ertm14/rf_frame_transceiver.c	1447	2026-08-14T06:06:22.764024+00:00	698325a77e2f2b94cc8eac31c970b39fa9299a030948566418c6b350f98b2c5d	vendor-or-firmware-source
week02/v01/vendor/wrpc-sw_nosfpmatch_diag/boards/ertm14/rf_frame_transceiver.h	1229	2026-08-14T06:06:22.765024+00:00	87e47d4693604aa8b3b3e07e2a120d3474a442c68d410bbfc61b529a38ab14b8	vendor-or-firmware-source
week02/v01/vendor/wrpc-sw_nosfpmatch_diag/boards/ertm14/sdbfs-custom-image.c	99	2026-08-14T06:06:22.766024+00:00	f32c60556daf20b71206f9572679096dbac93643bb739515eb28f6510bb9d608	vendor-or-firmware-source
week02/v01/vendor/wrpc-sw_nosfpmatch_diag/boards/ertm14/wrpc-uart-link.c	1646	2026-08-14T06:06:22.775024+00:00	06f9c9cc3739d88968b26321a38b4b7e9af702776d8b456a7319236c389a8797	vendor-or-firmware-source
week02/v01/vendor/wrpc-sw_nosfpmatch_diag/boards/generic/board-config.h	2719	2026-08-14T06:06:22.777024+00:00	78fe1a28e3feb72112a698cec6fa559c17f2d61272736949085acadcbe6d9f0e	vendor-or-firmware-source
week02/v01/vendor/wrpc-sw_nosfpmatch_diag/boards/generic/board-decl.h	248	2026-08-14T06:06:22.778024+00:00	c64c1f82cd3601e93897794e73c9cb4ea88c76990a199995c929f9a2c798ecea	vendor-or-firmware-source
week02/v01/vendor/wrpc-sw_nosfpmatch_diag/boards/generic/board.c	1307	2026-08-14T06:06:22.779024+00:00	cec577946cb09dc44041a8462968bc1277e9173bb670bdca131de260ecc42a4f	vendor-or-firmware-source
week02/v01/vendor/wrpc-sw_nosfpmatch_diag/boards/generic/generic-storage.c	1772	2026-08-14T06:06:22.780024+00:00	7043d9cd0a38f57731ffb98ad9c53d1ef2e790055589c207152435faa5215dbf	vendor-or-firmware-source
week02/v01/vendor/wrpc-sw_nosfpmatch_diag/boards/pxie-fmc/board-config.h	1322	2026-08-14T06:06:22.782024+00:00	e6a129445588acd78a424d8344fc7c20c99f496abc57ee33f86e17719ea03e81	vendor-or-firmware-source
week02/v01/vendor/wrpc-sw_nosfpmatch_diag/boards/pxie-fmc/board.c	1809	2026-08-14T06:06:22.784024+00:00	180a61e851d1ffd0fd5aa9dd2d5ac0d151efc04967505f215a25d79d039d20d7	vendor-or-firmware-source
week02/v01/vendor/wrpc-sw_nosfpmatch_diag/boards/sis8300ku/board.c	3456	2026-08-14T06:06:22.786024+00:00	43397f82680efd85c57dac19491d72b89ef160cf6bb301e23c6ea72b2b3ed967	vendor-or-firmware-source
week02/v01/vendor/wrpc-sw_nosfpmatch_diag/boards/sis8300ku/board.h	1392	2026-08-14T06:06:22.787024+00:00	c6d3ee0324e47853c0d0f1e24b0cb4c4762bf4466e4ca9d042827c36799c40c9	vendor-or-firmware-source
week02/v01/vendor/wrpc-sw_nosfpmatch_diag/boards/sis8300ku/sdbfs-image.h	1045	2026-08-14T06:06:22.788024+00:00	1740ae34b27248325042832a80e990d8d86c7de8000ae29f6caf1e48872cf20a	vendor-or-firmware-source
week02/v01/vendor/wrpc-sw_nosfpmatch_diag/boards/spec_silabs/board.c	1631	2026-08-14T06:06:22.794024+00:00	247eef8e1c514c4ec5838b6ce2dcef7e5cb69f4b58f1556b2fd7827b55e67c6f	vendor-or-firmware-source
week02/v01/vendor/wrpc-sw_nosfpmatch_diag/boards/wr-switch/ad9516.c	9089	2026-08-14T06:06:22.796024+00:00	8e0326333112dce40dda366910847dd477fc8138c06876196e110c58d4715e63	vendor-or-firmware-source
week02/v01/vendor/wrpc-sw_nosfpmatch_diag/boards/wr-switch/ad9516_config.h	4378	2026-08-14T06:06:22.797024+00:00	ec150b79169143729e87818ce47667611bbf67532566da73aed07cd8dbc9cd8b	vendor-or-firmware-source
week02/v01/vendor/wrpc-sw_nosfpmatch_diag/boards/wr-switch/board.h	950	2026-08-14T06:06:22.799024+00:00	f739f9fcaa69ea3eec6fd787ee1b88449f022a3f3b8bb0d65635b0e5f9faeca4	vendor-or-firmware-source
week02/v01/vendor/wrpc-sw_nosfpmatch_diag/boards/wr-switch/gpio-wrs.c	1353	2026-08-14T06:06:22.800024+00:00	dae4c815d79758cd2a6d46d057fb6d106b0c59890fca8f3e745cd76c6505ebb2	vendor-or-firmware-source
week02/v01/vendor/wrpc-sw_nosfpmatch_diag/boards/wr-switch/gpio-wrs.h	441	2026-08-14T06:06:22.801024+00:00	2ac6fb5673ccfbc84928193f2fc88e001474963e242170031d64012e4189ee31	vendor-or-firmware-source
week02/v01/vendor/wrpc-sw_nosfpmatch_diag/boards/wr-switch/main.c	2091	2026-08-14T06:06:22.802024+00:00	833a803ef1f3ba0c3b115b487254fa9169da7ab1d9e872c6f4bae8d69c9d3c9f	vendor-or-firmware-source
week02/v01/vendor/wrpc-sw_nosfpmatch_diag/boards/wr2rf-vme/board-config.h	1576	2026-08-14T06:06:22.804024+00:00	d8c07e48fb9c19df1bde83968a8347a3508060d3b278ebbcf49d2e55162330c3	vendor-or-firmware-source
week02/v01/vendor/wrpc-sw_nosfpmatch_diag/boards/wr2rf-vme/board.c	5017	2026-08-14T06:06:22.805024+00:00	d6d5ba56363dcbb0d65dfe9d83c0e00e56a7a592f7072fad932b612476c67570	vendor-or-firmware-source
week02/v01/vendor/wrpc-sw_nosfpmatch_diag/boards/wr2rf-vme/sdbfs-custom-image.c	99	2026-08-14T06:06:22.806024+00:00	f32c60556daf20b71206f9572679096dbac93643bb739515eb28f6510bb9d608	vendor-or-firmware-source
week02/v01/vendor/wrpc-sw_nosfpmatch_diag/build_master_nosfpmatch.log	81172	2026-08-14T21:52:20.090984+00:00	084957823d50df44a94d9c27836e4873261e3bd487dbaa1f75577103c6e04f0a	vendor-or-firmware-source
week02/v01/vendor/wrpc-sw_nosfpmatch_diag/build_slave_nosfpmatch.log	82119	2026-08-14T21:52:37.308882+00:00	aa4a041db76110d77ea8894e861eb88f8b6547b7dd962cb943faaa5971de4197	vendor-or-firmware-source
week02/v01/vendor/wrpc-sw_nosfpmatch_diag/check-error.c	1354	2026-08-14T06:06:22.811023+00:00	8d485668d41dced59a04ee31dce95c9620f2427971d0e1e8139aaf6015faf95c	vendor-or-firmware-source
week02/v01/vendor/wrpc-sw_nosfpmatch_diag/compare_size.sh	3633	2026-08-14T06:06:22.812024+00:00	fb82feecc1143e7d49bcd99f903d0d4af66e5d35f9121f36ec11bf213a0ed204	vendor-or-firmware-source
week02/v01/vendor/wrpc-sw_nosfpmatch_diag/dev/24aa025.c	1558	2026-08-14T06:06:22.836023+00:00	8f77adc421bc8f773f872299947fb6b0af593d4740724350c5c46f9514674a42	vendor-or-firmware-source
week02/v01/vendor/wrpc-sw_nosfpmatch_diag/dev/74x595.c	4764	2026-08-14T06:06:22.838023+00:00	9804968fcfbdfa8cc5cf8d8b0c2ab3a27ec64274ab692ed2637e2852b7e1b4b1	vendor-or-firmware-source
week02/v01/vendor/wrpc-sw_nosfpmatch_diag/dev/ad7888.c	2935	2026-08-14T06:06:22.839023+00:00	b17ad6147de8e14e3d376740a4ac54e3bd9ba7223c6dcd865b27f914e6f5bdbe	vendor-or-firmware-source
week02/v01/vendor/wrpc-sw_nosfpmatch_diag/dev/ad951x.c	3007	2026-08-14T06:06:22.841023+00:00	2011a776ab29addb79e758f6c69336090171f04b4b9560cec790ec6bb59cb6e6	vendor-or-firmware-source
week02/v01/vendor/wrpc-sw_nosfpmatch_diag/dev/ad9520.c	3502	2026-08-14T06:06:22.842023+00:00	f275909169c01216be56ebf96a94422b682e497b98b2ada00473369a7de30852	vendor-or-firmware-source
week02/v01/vendor/wrpc-sw_nosfpmatch_diag/dev/ad9910.c	5037	2026-08-14T06:06:22.843023+00:00	ff7b287352eb64372d255a85515c9cd2a8234dc7595d5bdb6e858bca91abba03	vendor-or-firmware-source
week02/v01/vendor/wrpc-sw_nosfpmatch_diag/dev/bb_i2c.c	2494	2026-08-14T06:06:22.844023+00:00	3d60c13a7a464558d997e78a6a9acdf1e74d11d2a863f426300649ce4fb4c338	vendor-or-firmware-source
week02/v01/vendor/wrpc-sw_nosfpmatch_diag/dev/bb_spi.c	4724	2026-08-14T06:06:22.845023+00:00	57e128843a4f1ff1a66df387332a5f4ffb81b45c685d4072fbcdf3ea4c966456	vendor-or-firmware-source
week02/v01/vendor/wrpc-sw_nosfpmatch_diag/dev/clock_monitor.c	2145	2026-08-14T06:06:22.847023+00:00	1054bd4f5a1fdd250b837e6e7bac8963d25fac4c71b67c84fd14a6bbeffc4d00	vendor-or-firmware-source
week02/v01/vendor/wrpc-sw_nosfpmatch_diag/dev/console-ipmi.c	3053	2026-08-14T06:06:22.848023+00:00	189f17783429fc264b5bef0c1d710070f8832f74e8ac95b2a93286e4456958c8	vendor-or-firmware-source
week02/v01/vendor/wrpc-sw_nosfpmatch_diag/dev/console-net.c	1261	2026-08-14T06:06:22.849023+00:00	275cfea364c8c9c379ae615323337b1e3f9978b093bf3fb5abd0b2583daa9585	vendor-or-firmware-source
week02/v01/vendor/wrpc-sw_nosfpmatch_diag/dev/console-uart.c	5272	2026-08-14T06:06:22.850023+00:00	5de0f07a2961b67609aedc4705ca51043877e3f824f2ff1ff7ecd9b9158e96d5	vendor-or-firmware-source
week02/v01/vendor/wrpc-sw_nosfpmatch_diag/dev/console.c	1762	2026-08-14T06:06:22.851023+00:00	e5bdf3e258e061d3ac4b647ba2b1de352550ac45f9f861c13c12d134b542b8fb	vendor-or-firmware-source
week02/v01/vendor/wrpc-sw_nosfpmatch_diag/dev/dac_log.c	2184	2026-08-14T06:06:22.853023+00:00	5f4818493bde296074ed49983f3e8c18418de3b0d32b208ff872f7ebaa0ca81a	vendor-or-firmware-source
week02/v01/vendor/wrpc-sw_nosfpmatch_diag/dev/dev.mk	2242	2026-08-14T06:06:22.854023+00:00	d9bb643db3a7fd6d4f80bb62328b103a781ee23b3b79171927cedc29b4d8d82d	vendor-or-firmware-source
week02/v01/vendor/wrpc-sw_nosfpmatch_diag/dev/endpoint.c	6166	2026-08-14T06:06:22.855023+00:00	b988e5a9727651c7d46c1264e5fe79f71dab70101a7d8b784ba5d5e1b7ce6e0e	vendor-or-firmware-source
week02/v01/vendor/wrpc-sw_nosfpmatch_diag/dev/ep_pfilter.c	2617	2026-08-14T06:06:22.856023+00:00	200527815ab2857cb2233f56973cb952c10fdbb9fe513fb32dc729e2abb0706c	vendor-or-firmware-source
week02/v01/vendor/wrpc-sw_nosfpmatch_diag/dev/etherbone.c	524	2026-08-14T06:06:22.858023+00:00	67179a77c56866a7eb04ae5083f78337a1ba903fb6d2285016962adc526db23d	vendor-or-firmware-source
week02/v01/vendor/wrpc-sw_nosfpmatch_diag/dev/fine_pulse_generator.c	9637	2026-08-14T06:06:22.859023+00:00	1e7cda2abf4ca8e171769dd13137f8fe5cfe4e1f56289c60bddaca12c79c73db	vendor-or-firmware-source
week02/v01/vendor/wrpc-sw_nosfpmatch_diag/dev/flash.c	665	2026-08-14T06:06:22.860023+00:00	3375595045473bc54fef78466c995c47dd14a881adfdbfa6ff90f32d4f768b90	vendor-or-firmware-source
week02/v01/vendor/wrpc-sw_nosfpmatch_diag/dev/fram.c	3499	2026-08-14T06:06:22.861023+00:00	8f750473afa544d4f7aa9d9cddd2a35e5d6e481641ed6b5c9b47eb6a357e921a	vendor-or-firmware-source
week02/v01/vendor/wrpc-sw_nosfpmatch_diag/dev/gpio.c	2790	2026-08-14T06:06:22.863023+00:00	b4cbce5244a59ecd879bd12a3b036d98dfea99ede4be745435de0ccd8754b042	vendor-or-firmware-source
week02/v01/vendor/wrpc-sw_nosfpmatch_diag/dev/i2c_eeprom.c	2448	2026-08-14T06:06:22.864023+00:00	9712ddf7761f44d66f61297199d73f60d9f2e927a273677f1880879612cf0ef6	vendor-or-firmware-source
week02/v01/vendor/wrpc-sw_nosfpmatch_diag/dev/iuart.c	14000	2026-08-14T06:06:22.865023+00:00	c0f412bbbf0f89dd0efdb1dbed4716fc5b111700b5e078ce9498cbb15a43cb8f	vendor-or-firmware-source
week02/v01/vendor/wrpc-sw_nosfpmatch_diag/dev/leds.c	3527	2026-08-14T06:06:22.866023+00:00	7b569db90bb9ced539b94acf7e6e601a7531f17397f8c781ae37a5fbd6bb7ac9	vendor-or-firmware-source
week02/v01/vendor/wrpc-sw_nosfpmatch_diag/dev/ltc695x.c	4228	2026-08-14T06:06:22.868023+00:00	d984dc14730676424b5606e1e1eceb55131987955dced1fe1696af0a605771c8	vendor-or-firmware-source
week02/v01/vendor/wrpc-sw_nosfpmatch_diag/dev/minic.c	9541	2026-08-14T06:06:22.869023+00:00	3b3d2b5a85320671f7ac501aaba92c816d2e5a1252059305709506d7d6d847f9	vendor-or-firmware-source
week02/v01/vendor/wrpc-sw_nosfpmatch_diag/dev/netif.c	1242	2026-08-14T06:06:22.870023+00:00	9a4dc4404ad66e3904d82e4a5ea6f2651b5e41d09fa078190648d60658245179	vendor-or-firmware-source
week02/v01/vendor/wrpc-sw_nosfpmatch_diag/dev/pps_gen.c	3942	2026-08-14T06:19:48.801262+00:00	2cef25fe2bdfd1b54a53ec7a0b435a384c50e3ac0d94a825d1c626a454fa6d18	vendor-or-firmware-source
week02/v01/vendor/wrpc-sw_nosfpmatch_diag/dev/puts-syslog.c	605	2026-08-14T06:06:22.872023+00:00	a7d6c71252dfe7cbff199516fcee34a7b5c7a7f4a7467d337592b692d4a94744	vendor-or-firmware-source
week02/v01/vendor/wrpc-sw_nosfpmatch_diag/dev/rxts_calibrator.c	7886	2026-08-14T06:06:22.874023+00:00	37bf52328bb86fb864eac6e1ab9b47413e4025030b9723e9358b34144dc0aa42	vendor-or-firmware-source
week02/v01/vendor/wrpc-sw_nosfpmatch_diag/dev/sdbfs.c	3727	2026-08-14T06:06:22.875023+00:00	a4720c7653401ac06e9c5957046b847c362ef29417d4507a64d8363ae5a37366	vendor-or-firmware-source
week02/v01/vendor/wrpc-sw_nosfpmatch_diag/dev/sensors.c	1998	2026-08-14T06:06:22.876023+00:00	efbbc7f501b027e5782eecfc2b66be674f0482a3594be458bf8fd95a769ddec6	vendor-or-firmware-source
week02/v01/vendor/wrpc-sw_nosfpmatch_diag/dev/sfp.c	3254	2026-08-14T06:06:22.877023+00:00	2c617c94326973f81b264b460ca300ea938d739ba04a0e39496d1d2e092e3a04	vendor-or-firmware-source
week02/v01/vendor/wrpc-sw_nosfpmatch_diag/dev/si57x.c	6729	2026-08-14T06:06:22.879023+00:00	fc5c60facd44d552dfa4b569741f04a7137c9ac50cf436d74a053490fa9fac5a	vendor-or-firmware-source
week02/v01/vendor/wrpc-sw_nosfpmatch_diag/dev/simple_uart.c	2392	2026-08-14T06:06:22.880023+00:00	414231ce2dccf764232f88fe3c1092d003cdea8476256f626a910bb84b48c855	vendor-or-firmware-source
week02/v01/vendor/wrpc-sw_nosfpmatch_diag/dev/spi_flash.c	4047	2026-08-14T06:06:22.881023+00:00	c476e9a94ee2252b13ff9beea25dd6593f3bc77aadb9d8b80b567605f6b01961	vendor-or-firmware-source
week02/v01/vendor/wrpc-sw_nosfpmatch_diag/dev/storage-cal.c	4708	2026-08-14T06:06:22.882023+00:00	16b9174594921a6954d7d1ca48192770157931adeea76461e572d221a6940532	vendor-or-firmware-source
week02/v01/vendor/wrpc-sw_nosfpmatch_diag/dev/storage-flash.c	1213	2026-08-14T06:06:22.883023+00:00	b7f795cd6d311d757f25731cf6d00802fa31c9133983c69f11b24551c49980a9	vendor-or-firmware-source
week02/v01/vendor/wrpc-sw_nosfpmatch_diag/dev/storage-fram.c	439	2026-08-14T06:06:22.884023+00:00	73014b53246d0a91ea19bf597d036598bff6826270292108343649fcc037c789	vendor-or-firmware-source
week02/v01/vendor/wrpc-sw_nosfpmatch_diag/dev/storage-i2c.c	938	2026-08-14T06:06:22.886023+00:00	d848ed9377fa0fcedcde064d425234997565dcc4aba21be0d24b42004a5042b4	vendor-or-firmware-source
week02/v01/vendor/wrpc-sw_nosfpmatch_diag/dev/storage-init.c	3342	2026-08-14T06:06:22.887023+00:00	5f8c476ecb81adfb9527cf25ed402b834fab04831c93e220a44ae8f4801de20c	vendor-or-firmware-source
week02/v01/vendor/wrpc-sw_nosfpmatch_diag/dev/storage-mac.c	1301	2026-08-14T06:06:22.888023+00:00	aab10e7202cc9340428fedfbd302f24fba99625fcfa9e8ed5f633f18c78ddafb	vendor-or-firmware-source
week02/v01/vendor/wrpc-sw_nosfpmatch_diag/dev/storage-sfp.c	5336	2026-08-14T06:06:22.889023+00:00	f5ca23531ddbe561cf98deb58c83524c7bcb9ecd4df9a798af26422d39873a4c	vendor-or-firmware-source
week02/v01/vendor/wrpc-sw_nosfpmatch_diag/dev/storage-w1.c	1294	2026-08-14T06:06:22.890023+00:00	b0ad8b31b7756e2ae77820759bb83a87c74c9600afd4cc456d10126e257c7002	vendor-or-firmware-source
week02/v01/vendor/wrpc-sw_nosfpmatch_diag/dev/storage.c	4800	2026-08-14T06:06:22.892023+00:00	c77d2aab1fd4db1e449999e4152fae2674230aac80a31a76ce746b1d5fa1f522	vendor-or-firmware-source
week02/v01/vendor/wrpc-sw_nosfpmatch_diag/dev/syscon.c	4578	2026-08-14T06:06:22.893023+00:00	01311ac0dc5a4c7039faf0830c08c818e59cf17ca62b49de3b3cbcafbf77e9b0	vendor-or-firmware-source
week02/v01/vendor/wrpc-sw_nosfpmatch_diag/dev/temp-fake.c	1289	2026-08-14T06:06:22.894023+00:00	f8283ca097350a64e794513bc8bcfab8d5fbaf722ad572176f10440a84c733f2	vendor-or-firmware-source
week02/v01/vendor/wrpc-sw_nosfpmatch_diag/dev/temp-w1.c	1195	2026-08-14T06:06:22.895023+00:00	b17106118a6b540c4c8ee202dc1c6d05b9c59d83d67f3a0461a1d9c9282d2f0f	vendor-or-firmware-source
week02/v01/vendor/wrpc-sw_nosfpmatch_diag/dev/temperature.c	2894	2026-08-14T06:06:22.896023+00:00	57a88fb221668c5cdd1b92176deb94a474b771f73150a17d26e4d475143c1ea7	vendor-or-firmware-source
week02/v01/vendor/wrpc-sw_nosfpmatch_diag/dev/timer-wrs.c	391	2026-08-14T06:06:22.897023+00:00	80682e8c9d43d877a548b17566d915cec78895592c68a21203af5489da2a027c	vendor-or-firmware-source
week02/v01/vendor/wrpc-sw_nosfpmatch_diag/dev/w1-eeprom.c	4189	2026-08-14T06:06:22.899023+00:00	5192167e1383a8107922cc59ef495070ccbca718673b696f5c39ef4bab159987	vendor-or-firmware-source
week02/v01/vendor/wrpc-sw_nosfpmatch_diag/dev/w1-hw.c	1756	2026-08-14T06:06:22.900023+00:00	a3ee5b680156a569eee4643f9e184de350d7561fddddab8e0c0e44621deb7aa0	vendor-or-firmware-source
week02/v01/vendor/wrpc-sw_nosfpmatch_diag/dev/w1-shell.c	2123	2026-08-14T06:06:22.901023+00:00	aab198662740c443f3c92ebc925ea8e938471590304a43610da82109c109b4cf	vendor-or-firmware-source
week02/v01/vendor/wrpc-sw_nosfpmatch_diag/dev/w1-temp.c	1772	2026-08-14T06:06:22.902023+00:00	25a511f409a5978926514dd48a7ecd42557e95cf1d7c7d8cb4d15bec0cce54a5	vendor-or-firmware-source
week02/v01/vendor/wrpc-sw_nosfpmatch_diag/dev/w1.c	3025	2026-08-14T06:06:22.903023+00:00	6a89cf4d1188b0ed77c04d9606b68851077b3109ecaf6701f8bbdbc588a97bc8	vendor-or-firmware-source
week02/v01/vendor/wrpc-sw_nosfpmatch_diag/dev/wdiags.c	5021	2026-08-14T06:06:22.905023+00:00	a4dce88efbc3c71086c84d13f9bf0db1fcbeceede5970c4e712e0bedfbcfddeb	vendor-or-firmware-source
week02/v01/vendor/wrpc-sw_nosfpmatch_diag/doc/HDLdoc/Makefile	268	2026-08-14T06:06:22.908023+00:00	bf6af61a2c1eaf7ecec6bc521e1233b6e5fcb9917143fdfde75414cbde6bd0ae	vendor-or-firmware-source
week02/v01/vendor/wrpc-sw_nosfpmatch_diag/doc/Makefile	578	2026-08-14T06:06:22.926023+00:00	d7629f4406e9ff5b00202a6c94684cc62eca5eeeeee9dde5ac4af917ce41bc41	vendor-or-firmware-source
week02/v01/vendor/wrpc-sw_nosfpmatch_diag/doc/wrpc_failures/Makefile	603	2026-08-14T06:06:22.999022+00:00	f4df49ad8513a326bdf77ce9da6d0350f0e7f63e7a3ca25b7deda23995609c56	vendor-or-firmware-source
week02/v01/vendor/wrpc-sw_nosfpmatch_diag/dump-info.c	9022	2026-08-14T06:06:23.013022+00:00	2090a5fcddcb628b401b9b6a061b3b181350b17cd88d3930510f48dbad8e0e42	vendor-or-firmware-source
week02/v01/vendor/wrpc-sw_nosfpmatch_diag/host/fake-flash.c	259	2026-08-14T06:06:23.014022+00:00	dd36cdd6b4a047c95d4450e2f6164105755715289b8c0a1a14334e3e860d552d	vendor-or-firmware-source
week02/v01/vendor/wrpc-sw_nosfpmatch_diag/host/fake-hw.c	448	2026-08-14T06:06:23.016022+00:00	a3d8045716f22fa1672ec2f82ea9b168112bbab12fae90103c80a5595d543bb3	vendor-or-firmware-source
week02/v01/vendor/wrpc-sw_nosfpmatch_diag/host/fake-i2c.c	396	2026-08-14T06:06:23.017022+00:00	d95a937a482369ef2470d6ab1e0375f6468514c757fc213f6629b6d876e819ae	vendor-or-firmware-source
week02/v01/vendor/wrpc-sw_nosfpmatch_diag/host/fake-w1.c	495	2026-08-14T06:06:23.018022+00:00	964cfb2ee17f39b3cde088c59510e8cf2db6e354750726c3f4d624110fcdf247	vendor-or-firmware-source
week02/v01/vendor/wrpc-sw_nosfpmatch_diag/host/host.h	23	2026-08-14T06:06:23.019022+00:00	59bbcfe7e188f6989f3037b7224246ed89b1eb1bb0e51897691e7eba2853d652	vendor-or-firmware-source
week02/v01/vendor/wrpc-sw_nosfpmatch_diag/host/host.mk	169	2026-08-14T06:06:23.020022+00:00	57c84f5c4667519b7a6cc5a903f11963109804cdda781606aca460b99c658d1a	vendor-or-firmware-source
week02/v01/vendor/wrpc-sw_nosfpmatch_diag/host/misc.c	2148	2026-08-14T06:06:23.021022+00:00	63c4bf9012db484f7e403e2b59fb85de5f76c668ec0a88dc7c915bdc3c5ea3a0	vendor-or-firmware-source
week02/v01/vendor/wrpc-sw_nosfpmatch_diag/host/ptp.c	265	2026-08-14T06:06:23.022022+00:00	47cf1938d59bef639131ea2861ed84205f877b11ce93cbcdfdef9aeae6931d30	vendor-or-firmware-source
week02/v01/vendor/wrpc-sw_nosfpmatch_diag/host/socket.c	5293	2026-08-14T06:06:23.024022+00:00	6aadf35b3ab8ece175bff5139e549017a657e80e4f821ebc3c15cb17b25ccef4	vendor-or-firmware-source
week02/v01/vendor/wrpc-sw_nosfpmatch_diag/host/spll.c	475	2026-08-14T06:06:23.025022+00:00	30052d0d1c21368f55bd7cd8d23fb2c8f87f68047ed1c949e8f1f214b50aee8f	vendor-or-firmware-source
week02/v01/vendor/wrpc-sw_nosfpmatch_diag/include/assert.h	1062	2026-08-14T06:06:23.026022+00:00	c342b28b7b14dcf8a4928b19a1d38e92e4deb1cb5e2fdf62237cb16e835e1ae9	vendor-or-firmware-source
week02/v01/vendor/wrpc-sw_nosfpmatch_diag/include/board.h	2039	2026-08-14T06:06:23.028022+00:00	aa77f34abebc290957dca0d76601a6827ee8c29b1c569f89ead67dc740fec7e9	vendor-or-firmware-source
week02/v01/vendor/wrpc-sw_nosfpmatch_diag/include/config/abscal.h	0	2026-08-14T06:09:31.820910+00:00	e3b0c44298fc1c149afbf4c8996fb92427ae41e4649b934ca495991b7852b855	vendor-or-firmware-source
week02/v01/vendor/wrpc-sw_nosfpmatch_diag/include/config/arch/cflags.h	0	2026-08-14T06:09:31.817910+00:00	e3b0c44298fc1c149afbf4c8996fb92427ae41e4649b934ca495991b7852b855	vendor-or-firmware-source
week02/v01/vendor/wrpc-sw_nosfpmatch_diag/include/config/arch/is/wrpc.h	0	2026-08-14T06:09:31.747911+00:00	e3b0c44298fc1c149afbf4c8996fb92427ae41e4649b934ca495991b7852b855	vendor-or-firmware-source
week02/v01/vendor/wrpc-sw_nosfpmatch_diag/include/config/arch/is/wrs.h	0	2026-08-14T06:09:31.770911+00:00	e3b0c44298fc1c149afbf4c8996fb92427ae41e4649b934ca495991b7852b855	vendor-or-firmware-source
week02/v01/vendor/wrpc-sw_nosfpmatch_diag/include/config/arch/ldflags.h	0	2026-08-14T06:09:31.775911+00:00	e3b0c44298fc1c149afbf4c8996fb92427ae41e4649b934ca495991b7852b855	vendor-or-firmware-source
week02/v01/vendor/wrpc-sw_nosfpmatch_diag/include/config/arch/riscv.h	0	2026-08-14T06:09:31.796911+00:00	e3b0c44298fc1c149afbf4c8996fb92427ae41e4649b934ca495991b7852b855	vendor-or-firmware-source
week02/v01/vendor/wrpc-sw_nosfpmatch_diag/include/config/arch.h	0	2026-08-14T06:09:31.753911+00:00	e3b0c44298fc1c149afbf4c8996fb92427ae41e4649b934ca495991b7852b855	vendor-or-firmware-source
week02/v01/vendor/wrpc-sw_nosfpmatch_diag/include/config/build/init.h	0	2026-08-14T06:09:31.791911+00:00	e3b0c44298fc1c149afbf4c8996fb92427ae41e4649b934ca495991b7852b855	vendor-or-firmware-source
week02/v01/vendor/wrpc-sw_nosfpmatch_diag/include/config/cmd/monitor/servo/err.h	0	2026-08-14T06:09:31.794911+00:00	e3b0c44298fc1c149afbf4c8996fb92427ae41e4649b934ca495991b7852b855	vendor-or-firmware-source
week02/v01/vendor/wrpc-sw_nosfpmatch_diag/include/config/codeopt/enabled.h	0	2026-08-14T06:09:31.845910+00:00	e3b0c44298fc1c149afbf4c8996fb92427ae41e4649b934ca495991b7852b855	vendor-or-firmware-source
week02/v01/vendor/wrpc-sw_nosfpmatch_diag/include/config/codeopt/epc/so/disabled.h	0	2026-08-14T06:09:31.835910+00:00	e3b0c44298fc1c149afbf4c8996fb92427ae41e4649b934ca495991b7852b855	vendor-or-firmware-source
week02/v01/vendor/wrpc-sw_nosfpmatch_diag/include/config/codeopt/ext/port/conf/force/disabled.h	0	2026-08-14T06:09:31.785911+00:00	e3b0c44298fc1c149afbf4c8996fb92427ae41e4649b934ca495991b7852b855	vendor-or-firmware-source
week02/v01/vendor/wrpc-sw_nosfpmatch_diag/include/config/codeopt/mo/force/disabled.h	0	2026-08-14T06:09:31.840910+00:00	e3b0c44298fc1c149afbf4c8996fb92427ae41e4649b934ca495991b7852b855	vendor-or-firmware-source
week02/v01/vendor/wrpc-sw_nosfpmatch_diag/include/config/codeopt/so/force/disabled.h	0	2026-08-14T06:09:31.800910+00:00	e3b0c44298fc1c149afbf4c8996fb92427ae41e4649b934ca495991b7852b855	vendor-or-firmware-source
week02/v01/vendor/wrpc-sw_nosfpmatch_diag/include/config/codeopt/wrpc/size.h	0	2026-08-14T06:09:31.814910+00:00	e3b0c44298fc1c149afbf4c8996fb92427ae41e4649b934ca495991b7852b855	vendor-or-firmware-source
week02/v01/vendor/wrpc-sw_nosfpmatch_diag/include/config/custom/print/bufsize.h	0	2026-08-14T06:09:31.751911+00:00	e3b0c44298fc1c149afbf4c8996fb92427ae41e4649b934ca495991b7852b855	vendor-or-firmware-source
week02/v01/vendor/wrpc-sw_nosfpmatch_diag/include/config/custom/ramsize.h	0	2026-08-14T06:09:31.759911+00:00	e3b0c44298fc1c149afbf4c8996fb92427ae41e4649b934ca495991b7852b855	vendor-or-firmware-source
week02/v01/vendor/wrpc-sw_nosfpmatch_diag/include/config/custom/stacksize.h	0	2026-08-14T06:09:31.850910+00:00	e3b0c44298fc1c149afbf4c8996fb92427ae41e4649b934ca495991b7852b855	vendor-or-firmware-source
week02/v01/vendor/wrpc-sw_nosfpmatch_diag/include/config/datasize.h	0	2026-08-14T06:09:31.829910+00:00	e3b0c44298fc1c149afbf4c8996fb92427ae41e4649b934ca495991b7852b855	vendor-or-firmware-source
week02/v01/vendor/wrpc-sw_nosfpmatch_diag/include/config/default/print/task/time/threshold.h	0	2026-08-14T06:09:31.804910+00:00	e3b0c44298fc1c149afbf4c8996fb92427ae41e4649b934ca495991b7852b855	vendor-or-firmware-source
week02/v01/vendor/wrpc-sw_nosfpmatch_diag/include/config/developer.h	0	2026-08-14T06:09:31.764911+00:00	e3b0c44298fc1c149afbf4c8996fb92427ae41e4649b934ca495991b7852b855	vendor-or-firmware-source
week02/v01/vendor/wrpc-sw_nosfpmatch_diag/include/config/e2e/only.h	0	2026-08-14T06:09:31.844910+00:00	e3b0c44298fc1c149afbf4c8996fb92427ae41e4649b934ca495991b7852b855	vendor-or-firmware-source
week02/v01/vendor/wrpc-sw_nosfpmatch_diag/include/config/e2e.h	0	2026-08-14T06:09:31.789911+00:00	e3b0c44298fc1c149afbf4c8996fb92427ae41e4649b934ca495991b7852b855	vendor-or-firmware-source
week02/v01/vendor/wrpc-sw_nosfpmatch_diag/include/config/embedded/node.h	0	2026-08-14T06:09:31.778911+00:00	e3b0c44298fc1c149afbf4c8996fb92427ae41e4649b934ca495991b7852b855	vendor-or-firmware-source
week02/v01/vendor/wrpc-sw_nosfpmatch_diag/include/config/flash/init.h	0	2026-08-14T06:09:31.771911+00:00	e3b0c44298fc1c149afbf4c8996fb92427ae41e4649b934ca495991b7852b855	vendor-or-firmware-source
week02/v01/vendor/wrpc-sw_nosfpmatch_diag/include/config/has/codeopt/codeopt/wrpc/size.h	0	2026-08-14T06:09:31.822910+00:00	e3b0c44298fc1c149afbf4c8996fb92427ae41e4649b934ca495991b7852b855	vendor-or-firmware-source
week02/v01/vendor/wrpc-sw_nosfpmatch_diag/include/config/has/codeopt/epc/enabled.h	0	2026-08-14T06:09:31.824910+00:00	e3b0c44298fc1c149afbf4c8996fb92427ae41e4649b934ca495991b7852b855	vendor-or-firmware-source
week02/v01/vendor/wrpc-sw_nosfpmatch_diag/include/config/has/codeopt/ext/port/conf/force/disabled.h	0	2026-08-14T06:09:31.849910+00:00	e3b0c44298fc1c149afbf4c8996fb92427ae41e4649b934ca495991b7852b855	vendor-or-firmware-source
week02/v01/vendor/wrpc-sw_nosfpmatch_diag/include/config/has/codeopt/mo/force/disabled.h	0	2026-08-14T06:09:31.743911+00:00	e3b0c44298fc1c149afbf4c8996fb92427ae41e4649b934ca495991b7852b855	vendor-or-firmware-source
week02/v01/vendor/wrpc-sw_nosfpmatch_diag/include/config/has/codeopt/single/fmaster.h	0	2026-08-14T06:09:31.845910+00:00	e3b0c44298fc1c149afbf4c8996fb92427ae41e4649b934ca495991b7852b855	vendor-or-firmware-source
week02/v01/vendor/wrpc-sw_nosfpmatch_diag/include/config/has/codeopt/single/instance/per/port.h	0	2026-08-14T06:09:31.843910+00:00	e3b0c44298fc1c149afbf4c8996fb92427ae41e4649b934ca495991b7852b855	vendor-or-firmware-source
week02/v01/vendor/wrpc-sw_nosfpmatch_diag/include/config/has/codeopt/single/port.h	0	2026-08-14T06:09:31.811910+00:00	e3b0c44298fc1c149afbf4c8996fb92427ae41e4649b934ca495991b7852b855	vendor-or-firmware-source
week02/v01/vendor/wrpc-sw_nosfpmatch_diag/include/config/has/codeopt/so/enabled.h	0	2026-08-14T06:09:31.809911+00:00	e3b0c44298fc1c149afbf4c8996fb92427ae41e4649b934ca495991b7852b855	vendor-or-firmware-source
week02/v01/vendor/wrpc-sw_nosfpmatch_diag/include/config/has/codeopt/so/force/disabled.h	0	2026-08-14T06:09:31.833910+00:00	e3b0c44298fc1c149afbf4c8996fb92427ae41e4649b934ca495991b7852b855	vendor-or-firmware-source
week02/v01/vendor/wrpc-sw_nosfpmatch_diag/include/config/has/ext/l1sync.h	0	2026-08-14T06:09:31.761911+00:00	e3b0c44298fc1c149afbf4c8996fb92427ae41e4649b934ca495991b7852b855	vendor-or-firmware-source
week02/v01/vendor/wrpc-sw_nosfpmatch_diag/include/config/has/ext/none.h	0	2026-08-14T06:09:31.843910+00:00	e3b0c44298fc1c149afbf4c8996fb92427ae41e4649b934ca495991b7852b855	vendor-or-firmware-source
week02/v01/vendor/wrpc-sw_nosfpmatch_diag/include/config/has/ext/wr.h	0	2026-08-14T06:09:31.815911+00:00	e3b0c44298fc1c149afbf4c8996fb92427ae41e4649b934ca495991b7852b855	vendor-or-firmware-source
week02/v01/vendor/wrpc-sw_nosfpmatch_diag/include/config/has/fault/injection/mechanism.h	0	2026-08-14T06:09:31.837910+00:00	e3b0c44298fc1c149afbf4c8996fb92427ae41e4649b934ca495991b7852b855	vendor-or-firmware-source
week02/v01/vendor/wrpc-sw_nosfpmatch_diag/include/config/has/flash/init.h	0	2026-08-14T06:09:31.754911+00:00	e3b0c44298fc1c149afbf4c8996fb92427ae41e4649b934ca495991b7852b855	vendor-or-firmware-source
week02/v01/vendor/wrpc-sw_nosfpmatch_diag/include/config/has/p2p.h	0	2026-08-14T06:09:31.748911+00:00	e3b0c44298fc1c149afbf4c8996fb92427ae41e4649b934ca495991b7852b855	vendor-or-firmware-source
week02/v01/vendor/wrpc-sw_nosfpmatch_diag/include/config/has/ppsi/assert.h	0	2026-08-14T06:09:31.816911+00:00	e3b0c44298fc1c149afbf4c8996fb92427ae41e4649b934ca495991b7852b855	vendor-or-firmware-source
week02/v01/vendor/wrpc-sw_nosfpmatch_diag/include/config/has/profile/custom.h	0	2026-08-14T06:09:31.790911+00:00	e3b0c44298fc1c149afbf4c8996fb92427ae41e4649b934ca495991b7852b855	vendor-or-firmware-source
week02/v01/vendor/wrpc-sw_nosfpmatch_diag/include/config/has/profile/ha.h	0	2026-08-14T06:09:31.838910+00:00	e3b0c44298fc1c149afbf4c8996fb92427ae41e4649b934ca495991b7852b855	vendor-or-firmware-source
week02/v01/vendor/wrpc-sw_nosfpmatch_diag/include/config/has/profile/ptp.h	0	2026-08-14T06:09:31.745911+00:00	e3b0c44298fc1c149afbf4c8996fb92427ae41e4649b934ca495991b7852b855	vendor-or-firmware-source
week02/v01/vendor/wrpc-sw_nosfpmatch_diag/include/config/has/profile/wr.h	0	2026-08-14T06:09:31.749911+00:00	e3b0c44298fc1c149afbf4c8996fb92427ae41e4649b934ca495991b7852b855	vendor-or-firmware-source
week02/v01/vendor/wrpc-sw_nosfpmatch_diag/include/config/has/wrpc/faults.h	0	2026-08-14T06:09:31.795911+00:00	e3b0c44298fc1c149afbf4c8996fb92427ae41e4649b934ca495991b7852b855	vendor-or-firmware-source
week02/v01/vendor/wrpc-sw_nosfpmatch_diag/include/config/init/command.h	0	2026-08-14T06:09:31.787911+00:00	e3b0c44298fc1c149afbf4c8996fb92427ae41e4649b934ca495991b7852b855	vendor-or-firmware-source
week02/v01/vendor/wrpc-sw_nosfpmatch_diag/include/config/ip.h	0	2026-08-14T06:09:31.777911+00:00	e3b0c44298fc1c149afbf4c8996fb92427ae41e4649b934ca495991b7852b855	vendor-or-firmware-source
week02/v01/vendor/wrpc-sw_nosfpmatch_diag/include/config/latency/ethtype.h	0	2026-08-14T06:09:31.830910+00:00	e3b0c44298fc1c149afbf4c8996fb92427ae41e4649b934ca495991b7852b855	vendor-or-firmware-source
week02/v01/vendor/wrpc-sw_nosfpmatch_diag/include/config/leap/seconds/val.h	0	2026-08-14T06:09:31.768911+00:00	e3b0c44298fc1c149afbf4c8996fb92427ae41e4649b934ca495991b7852b855	vendor-or-firmware-source
week02/v01/vendor/wrpc-sw_nosfpmatch_diag/include/config/lldp.h	0	2026-08-14T06:09:31.849910+00:00	e3b0c44298fc1c149afbf4c8996fb92427ae41e4649b934ca495991b7852b855	vendor-or-firmware-source
week02/v01/vendor/wrpc-sw_nosfpmatch_diag/include/config/lto.h	0	2026-08-14T06:09:31.759911+00:00	e3b0c44298fc1c149afbf4c8996fb92427ae41e4649b934ca495991b7852b855	vendor-or-firmware-source
week02/v01/vendor/wrpc-sw_nosfpmatch_diag/include/config/nr/foreign/records.h	0	2026-08-14T06:09:31.805911+00:00	e3b0c44298fc1c149afbf4c8996fb92427ae41e4649b934ca495991b7852b855	vendor-or-firmware-source
week02/v01/vendor/wrpc-sw_nosfpmatch_diag/include/config/nr/instances/per/port.h	0	2026-08-14T06:09:31.758911+00:00	e3b0c44298fc1c149afbf4c8996fb92427ae41e4649b934ca495991b7852b855	vendor-or-firmware-source
week02/v01/vendor/wrpc-sw_nosfpmatch_diag/include/config/nr/ports.h	0	2026-08-14T06:09:31.786911+00:00	e3b0c44298fc1c149afbf4c8996fb92427ae41e4649b934ca495991b7852b855	vendor-or-firmware-source
week02/v01/vendor/wrpc-sw_nosfpmatch_diag/include/config/optimization.h	0	2026-08-14T06:09:31.764911+00:00	e3b0c44298fc1c149afbf4c8996fb92427ae41e4649b934ca495991b7852b855	vendor-or-firmware-source
week02/v01/vendor/wrpc-sw_nosfpmatch_diag/include/config/ppsi/vlan.h	0	2026-08-14T06:09:31.812911+00:00	e3b0c44298fc1c149afbf4c8996fb92427ae41e4649b934ca495991b7852b855	vendor-or-firmware-source
week02/v01/vendor/wrpc-sw_nosfpmatch_diag/include/config/print/bufsize.h	0	2026-08-14T06:09:31.781911+00:00	e3b0c44298fc1c149afbf4c8996fb92427ae41e4649b934ca495991b7852b855	vendor-or-firmware-source
week02/v01/vendor/wrpc-sw_nosfpmatch_diag/include/config/printf/full.h	0	2026-08-14T06:09:31.831910+00:00	e3b0c44298fc1c149afbf4c8996fb92427ae41e4649b934ca495991b7852b855	vendor-or-firmware-source
week02/v01/vendor/wrpc-sw_nosfpmatch_diag/include/config/printf/is/full.h	0	2026-08-14T06:09:31.807910+00:00	e3b0c44298fc1c149afbf4c8996fb92427ae41e4649b934ca495991b7852b855	vendor-or-firmware-source
week02/v01/vendor/wrpc-sw_nosfpmatch_diag/include/config/profile/ptp.h	0	2026-08-14T06:09:31.850910+00:00	e3b0c44298fc1c149afbf4c8996fb92427ae41e4649b934ca495991b7852b855	vendor-or-firmware-source
week02/v01/vendor/wrpc-sw_nosfpmatch_diag/include/config/profile/wr.h	0	2026-08-14T06:09:31.767911+00:00	e3b0c44298fc1c149afbf4c8996fb92427ae41e4649b934ca495991b7852b855	vendor-or-firmware-source
week02/v01/vendor/wrpc-sw_nosfpmatch_diag/include/config/ramsize.h	0	2026-08-14T06:09:31.785911+00:00	e3b0c44298fc1c149afbf4c8996fb92427ae41e4649b934ca495991b7852b855	vendor-or-firmware-source
week02/v01/vendor/wrpc-sw_nosfpmatch_diag/include/config/riscv/comp/instr.h	0	2026-08-14T06:09:31.756911+00:00	e3b0c44298fc1c149afbf4c8996fb92427ae41e4649b934ca495991b7852b855	vendor-or-firmware-source
week02/v01/vendor/wrpc-sw_nosfpmatch_diag/include/config/single/fmaster.h	0	2026-08-14T06:09:31.774911+00:00	e3b0c44298fc1c149afbf4c8996fb92427ae41e4649b934ca495991b7852b855	vendor-or-firmware-source
week02/v01/vendor/wrpc-sw_nosfpmatch_diag/include/config/single/instance/per/port.h	0	2026-08-14T06:09:31.828910+00:00	e3b0c44298fc1c149afbf4c8996fb92427ae41e4649b934ca495991b7852b855	vendor-or-firmware-source
week02/v01/vendor/wrpc-sw_nosfpmatch_diag/include/config/single/instance.h	0	2026-08-14T06:09:31.780911+00:00	e3b0c44298fc1c149afbf4c8996fb92427ae41e4649b934ca495991b7852b855	vendor-or-firmware-source
week02/v01/vendor/wrpc-sw_nosfpmatch_diag/include/config/single/port.h	0	2026-08-14T06:09:31.791911+00:00	e3b0c44298fc1c149afbf4c8996fb92427ae41e4649b934ca495991b7852b855	vendor-or-firmware-source
week02/v01/vendor/wrpc-sw_nosfpmatch_diag/include/config/snmp/cmd.h	0	2026-08-14T06:09:31.786911+00:00	e3b0c44298fc1c149afbf4c8996fb92427ae41e4649b934ca495991b7852b855	vendor-or-firmware-source
week02/v01/vendor/wrpc-sw_nosfpmatch_diag/include/config/snmp/init.h	0	2026-08-14T06:09:31.779911+00:00	e3b0c44298fc1c149afbf4c8996fb92427ae41e4649b934ca495991b7852b855	vendor-or-firmware-source
week02/v01/vendor/wrpc-sw_nosfpmatch_diag/include/config/snmp/sdb.h	0	2026-08-14T06:09:31.838910+00:00	e3b0c44298fc1c149afbf4c8996fb92427ae41e4649b934ca495991b7852b855	vendor-or-firmware-source
week02/v01/vendor/wrpc-sw_nosfpmatch_diag/include/config/snmp/set.h	0	2026-08-14T06:09:31.740911+00:00	e3b0c44298fc1c149afbf4c8996fb92427ae41e4649b934ca495991b7852b855	vendor-or-firmware-source
week02/v01/vendor/wrpc-sw_nosfpmatch_diag/include/config/snmp.h	0	2026-08-14T06:09:31.817910+00:00	e3b0c44298fc1c149afbf4c8996fb92427ae41e4649b934ca495991b7852b855	vendor-or-firmware-source
week02/v01/vendor/wrpc-sw_nosfpmatch_diag/include/config/stacksize.h	0	2026-08-14T06:09:31.769911+00:00	e3b0c44298fc1c149afbf4c8996fb92427ae41e4649b934ca495991b7852b855	vendor-or-firmware-source
week02/v01/vendor/wrpc-sw_nosfpmatch_diag/include/config/target/generic/phy/8bit.h	0	2026-08-14T06:09:31.827910+00:00	e3b0c44298fc1c149afbf4c8996fb92427ae41e4649b934ca495991b7852b855	vendor-or-firmware-source
week02/v01/vendor/wrpc-sw_nosfpmatch_diag/include/config/temp/high/rappel.h	0	2026-08-14T06:09:31.777911+00:00	e3b0c44298fc1c149afbf4c8996fb92427ae41e4649b934ca495991b7852b855	vendor-or-firmware-source
week02/v01/vendor/wrpc-sw_nosfpmatch_diag/include/config/temp/high/threshold.h	0	2026-08-14T06:09:31.811910+00:00	e3b0c44298fc1c149afbf4c8996fb92427ae41e4649b934ca495991b7852b855	vendor-or-firmware-source
week02/v01/vendor/wrpc-sw_nosfpmatch_diag/include/config/temp/poll/interval.h	0	2026-08-14T06:09:31.763911+00:00	e3b0c44298fc1c149afbf4c8996fb92427ae41e4649b934ca495991b7852b855	vendor-or-firmware-source
week02/v01/vendor/wrpc-sw_nosfpmatch_diag/include/config/trace/all.h	0	2026-08-14T06:09:31.772911+00:00	e3b0c44298fc1c149afbf4c8996fb92427ae41e4649b934ca495991b7852b855	vendor-or-firmware-source
week02/v01/vendor/wrpc-sw_nosfpmatch_diag/include/config/trace/board.h	0	2026-08-14T06:09:31.822910+00:00	e3b0c44298fc1c149afbf4c8996fb92427ae41e4649b934ca495991b7852b855	vendor-or-firmware-source
week02/v01/vendor/wrpc-sw_nosfpmatch_diag/include/config/trace/devices.h	0	2026-08-14T06:09:31.749911+00:00	e3b0c44298fc1c149afbf4c8996fb92427ae41e4649b934ca495991b7852b855	vendor-or-firmware-source
week02/v01/vendor/wrpc-sw_nosfpmatch_diag/include/config/trace/mac.h	0	2026-08-14T06:09:31.748911+00:00	e3b0c44298fc1c149afbf4c8996fb92427ae41e4649b934ca495991b7852b855	vendor-or-firmware-source
week02/v01/vendor/wrpc-sw_nosfpmatch_diag/include/config/trace/main.h	0	2026-08-14T06:09:31.833910+00:00	e3b0c44298fc1c149afbf4c8996fb92427ae41e4649b934ca495991b7852b855	vendor-or-firmware-source
week02/v01/vendor/wrpc-sw_nosfpmatch_diag/include/config/trace/phy.h	0	2026-08-14T06:09:31.761911+00:00	e3b0c44298fc1c149afbf4c8996fb92427ae41e4649b934ca495991b7852b855	vendor-or-firmware-source
week02/v01/vendor/wrpc-sw_nosfpmatch_diag/include/config/trace/storage.h	0	2026-08-14T06:09:31.775911+00:00	e3b0c44298fc1c149afbf4c8996fb92427ae41e4649b934ca495991b7852b855	vendor-or-firmware-source
week02/v01/vendor/wrpc-sw_nosfpmatch_diag/include/config/vlan/1/for/class7.h	0	2026-08-14T06:09:31.819911+00:00	e3b0c44298fc1c149afbf4c8996fb92427ae41e4649b934ca495991b7852b855	vendor-or-firmware-source
week02/v01/vendor/wrpc-sw_nosfpmatch_diag/include/config/vlan/2/for/class7.h	0	2026-08-14T06:09:31.798911+00:00	e3b0c44298fc1c149afbf4c8996fb92427ae41e4649b934ca495991b7852b855	vendor-or-firmware-source
week02/v01/vendor/wrpc-sw_nosfpmatch_diag/include/config/vlan/array/size.h	0	2026-08-14T06:09:31.765911+00:00	e3b0c44298fc1c149afbf4c8996fb92427ae41e4649b934ca495991b7852b855	vendor-or-firmware-source
week02/v01/vendor/wrpc-sw_nosfpmatch_diag/include/config/vlan/for/class6.h	0	2026-08-14T06:09:31.808911+00:00	e3b0c44298fc1c149afbf4c8996fb92427ae41e4649b934ca495991b7852b855	vendor-or-firmware-source
week02/v01/vendor/wrpc-sw_nosfpmatch_diag/include/config/vlan/nr.h	0	2026-08-14T06:09:31.752911+00:00	e3b0c44298fc1c149afbf4c8996fb92427ae41e4649b934ca495991b7852b855	vendor-or-firmware-source
week02/v01/vendor/wrpc-sw_nosfpmatch_diag/include/config/vlan.h	0	2026-08-14T06:09:31.814910+00:00	e3b0c44298fc1c149afbf4c8996fb92427ae41e4649b934ca495991b7852b855	vendor-or-firmware-source
week02/v01/vendor/wrpc-sw_nosfpmatch_diag/include/config/wr/diag.h	0	2026-08-14T06:09:31.831910+00:00	e3b0c44298fc1c149afbf4c8996fb92427ae41e4649b934ca495991b7852b855	vendor-or-firmware-source
week02/v01/vendor/wrpc-sw_nosfpmatch_diag/include/config/wr/node.h	0	2026-08-14T06:09:31.789911+00:00	e3b0c44298fc1c149afbf4c8996fb92427ae41e4649b934ca495991b7852b855	vendor-or-firmware-source
week02/v01/vendor/wrpc-sw_nosfpmatch_diag/include/config/wrpc/ppsi.h	0	2026-08-14T06:09:31.773911+00:00	e3b0c44298fc1c149afbf4c8996fb92427ae41e4649b934ca495991b7852b855	vendor-or-firmware-source
week02/v01/vendor/wrpc-sw_nosfpmatch_diag/include/dev/24aa025.h	1126	2026-08-14T06:06:23.030022+00:00	e4e173319d25277ecbd2480dfb27e056114f8b35f12d56554ec3907573d9b61b	vendor-or-firmware-source
week02/v01/vendor/wrpc-sw_nosfpmatch_diag/include/dev/74x595.h	1049	2026-08-14T06:06:23.031022+00:00	9d651fd213570b4f01c63736e6db3ab562facb5ade4f74fa484199ea7ffb818c	vendor-or-firmware-source
week02/v01/vendor/wrpc-sw_nosfpmatch_diag/include/dev/ad7888.h	1380	2026-08-14T06:06:23.032022+00:00	879fc09ee8511fac23b85b8da1140b2792ee5eb80ae9c9f4b82e27955fe98954	vendor-or-firmware-source
week02/v01/vendor/wrpc-sw_nosfpmatch_diag/include/dev/ad951x.h	1553	2026-08-14T06:06:23.033022+00:00	a16f05b7555f758d1f3a98bf1af14097be0942fb44a1dc16b05e932a2ad22344	vendor-or-firmware-source
week02/v01/vendor/wrpc-sw_nosfpmatch_diag/include/dev/ad9520.h	1528	2026-08-14T06:06:23.034022+00:00	78542cceecc55dc544be02e02be936dfee16b4743ced2b7cdd522ef6fb2ca372	vendor-or-firmware-source
week02/v01/vendor/wrpc-sw_nosfpmatch_diag/include/dev/ad9910.h	1759	2026-08-14T06:06:23.036022+00:00	f7894794a1b0d3de53110bc2a67aa27d3f7c37fcfa3f99639477b5bc08041104	vendor-or-firmware-source
week02/v01/vendor/wrpc-sw_nosfpmatch_diag/include/dev/bb_i2c.h	911	2026-08-14T06:06:23.037022+00:00	01712cd089c959389748b58d2faeda4dfea1c0fc54ef3e53b8ccaee644b3c494	vendor-or-firmware-source
week02/v01/vendor/wrpc-sw_nosfpmatch_diag/include/dev/bb_spi.h	1602	2026-08-14T06:06:23.038022+00:00	6bb4640dfe791d1aadf180191774156943809d598d6f750cdc70b6570480d5a2	vendor-or-firmware-source
week02/v01/vendor/wrpc-sw_nosfpmatch_diag/include/dev/clock_monitor.h	818	2026-08-14T06:06:23.039022+00:00	d6255d23945d4d5020ed5e4842c1e4287a535ec2ac080400c1183e4048600f46	vendor-or-firmware-source
week02/v01/vendor/wrpc-sw_nosfpmatch_diag/include/dev/console-uart.h	1594	2026-08-14T06:06:23.040022+00:00	b024bf0cf2e7d21643c9c84f0d7a2cf63cea19235db327853f6232266ac7ec93	vendor-or-firmware-source
week02/v01/vendor/wrpc-sw_nosfpmatch_diag/include/dev/console.h	983	2026-08-14T06:06:23.041022+00:00	1a1e2f55610ae82ca4a2f86ac3f38bb881b346f791885949d46487dfcbf59b18	vendor-or-firmware-source
week02/v01/vendor/wrpc-sw_nosfpmatch_diag/include/dev/dac_log.h	927	2026-08-14T06:06:23.042022+00:00	e5761f3e6dc5b6b4b7d898ba20813e6b41ceeef5d665fb70b293ca06ccd44bb7	vendor-or-firmware-source
week02/v01/vendor/wrpc-sw_nosfpmatch_diag/include/dev/endpoint.h	1587	2026-08-14T06:06:23.043022+00:00	e6aef08c28535628415087a02d93ba998d7cd0655da171b1d6c60943f83644d1	vendor-or-firmware-source
week02/v01/vendor/wrpc-sw_nosfpmatch_diag/include/dev/etherbone.h	221	2026-08-14T06:06:23.045022+00:00	3eed04bfa148630ca6825627fb5989b010de57e630abffb9cfcf932900c6631f	vendor-or-firmware-source
week02/v01/vendor/wrpc-sw_nosfpmatch_diag/include/dev/fine_pulse_generator.h	2506	2026-08-14T06:06:23.046022+00:00	536f44e496f1655788ce463da384af48652a3239ee21ca18fc77df88e44b4831	vendor-or-firmware-source
week02/v01/vendor/wrpc-sw_nosfpmatch_diag/include/dev/flash.h	692	2026-08-14T06:06:23.047022+00:00	695352e627977c82cc7f44863a78c1c0b1bcd57cf36a35ade24bb4a2599675f6	vendor-or-firmware-source
week02/v01/vendor/wrpc-sw_nosfpmatch_diag/include/dev/fram.h	757	2026-08-14T06:06:23.048022+00:00	9be57989486be1eca3988c8b12f00f81a8f0562e0d22cbc9a3acda337bc3d298	vendor-or-firmware-source
week02/v01/vendor/wrpc-sw_nosfpmatch_diag/include/dev/gpio.h	746	2026-08-14T06:06:23.049022+00:00	475e9d11ad48c034712ab178a41fe88f49370a8b0bea0a880d26acbba40ea7ff	vendor-or-firmware-source
week02/v01/vendor/wrpc-sw_nosfpmatch_diag/include/dev/i2c.h	581	2026-08-14T06:06:23.050022+00:00	ed3c457bb03c2bd28fb1043313b25e8fa79c4460d2fb70b7113ee7ec3abc07c6	vendor-or-firmware-source
week02/v01/vendor/wrpc-sw_nosfpmatch_diag/include/dev/i2c_eeprom.h	768	2026-08-14T06:06:23.051022+00:00	3a9014e795a27ec00b90188a2e61914149fd9c41a0efe4ae565b7f6a8cbea19c	vendor-or-firmware-source
week02/v01/vendor/wrpc-sw_nosfpmatch_diag/include/dev/iuart.h	3820	2026-08-14T06:06:23.052022+00:00	18c9e1ed0c7bafbef8fbd29f90bf706951ce3f6ec6ee7586df25fb8e994abc98	vendor-or-firmware-source
week02/v01/vendor/wrpc-sw_nosfpmatch_diag/include/dev/leds.h	1719	2026-08-14T06:06:23.054022+00:00	04fbdf15f3b61a4053a370ce368b317a87d19a79b7ad1e08cbc5104df9d6c97d	vendor-or-firmware-source
week02/v01/vendor/wrpc-sw_nosfpmatch_diag/include/dev/ltc695x.h	2223	2026-08-14T06:06:23.055022+00:00	06cf6f4fb50337d32f89a938272ffe5dfa33e39dc9d07d5ae40218a55cbc9b33	vendor-or-firmware-source
week02/v01/vendor/wrpc-sw_nosfpmatch_diag/include/dev/minic.h	1429	2026-08-14T06:06:23.056022+00:00	618bcb38417d17e5fc118eec85264107ba1837f7e7382707ba21bbfbbaf0a427	vendor-or-firmware-source
week02/v01/vendor/wrpc-sw_nosfpmatch_diag/include/dev/netif.h	746	2026-08-14T06:06:23.057022+00:00	b930c0bf99537ef66c39efa15b57ee2c2939c528cd069e8d16902bfd2d278358	vendor-or-firmware-source
week02/v01/vendor/wrpc-sw_nosfpmatch_diag/include/dev/pps_gen.h	1162	2026-08-14T06:06:23.058022+00:00	4286746bcd2e45a68678f8eebeb54601a813f2b6d1188f9554663539126a6550	vendor-or-firmware-source
week02/v01/vendor/wrpc-sw_nosfpmatch_diag/include/dev/rxts_calibrator.h	442	2026-08-14T06:06:23.059022+00:00	9afacbb062241b9b31a40bab6e8d7e935a1ef058ad2707944793c9665f06709c	vendor-or-firmware-source
week02/v01/vendor/wrpc-sw_nosfpmatch_diag/include/dev/si57x.h	2008	2026-08-14T06:06:23.061022+00:00	699ea09300a5b159a1e524d743b01b64525783b707d40c911519924032047ef6	vendor-or-firmware-source
week02/v01/vendor/wrpc-sw_nosfpmatch_diag/include/dev/simple_uart.h	844	2026-08-14T06:06:23.062022+00:00	d996e7744c4929ce1a01fbbcbb321997551f516d9f0e41f830bae7a1058013b0	vendor-or-firmware-source
week02/v01/vendor/wrpc-sw_nosfpmatch_diag/include/dev/spi_flash.h	1033	2026-08-14T06:06:23.063022+00:00	78f6db1dedcb1d19411a87a553853a89da075f715c286201f94b8a39df9c84db	vendor-or-firmware-source
week02/v01/vendor/wrpc-sw_nosfpmatch_diag/include/dev/syscon.h	2390	2026-08-14T06:06:23.064022+00:00	6ebe32fcd96bed5d3a6e6376a84f9f3de85724074e25e545a1cb08afb19efed9	vendor-or-firmware-source
week02/v01/vendor/wrpc-sw_nosfpmatch_diag/include/dev/temp-fake.h	316	2026-08-14T06:06:23.065022+00:00	9aea3dd43d04e2672779077e49e289f01fd4f5b6aa288b6c95045ecaa97935de	vendor-or-firmware-source
week02/v01/vendor/wrpc-sw_nosfpmatch_diag/include/dev/temp-w1.h	298	2026-08-14T06:06:23.066022+00:00	cf6869073422d6d542b806db3ffb50f96c13016f6f8b209793f416fd019ecbaa	vendor-or-firmware-source
week02/v01/vendor/wrpc-sw_nosfpmatch_diag/include/dev/temperature.h	1178	2026-08-14T06:06:23.067022+00:00	c684a6394557fd848ce465cc35e7eb1547f93828a5eef194402d4a3ea4f26ea1	vendor-or-firmware-source
week02/v01/vendor/wrpc-sw_nosfpmatch_diag/include/dev/w1.h	2608	2026-08-14T06:06:23.069022+00:00	b197f68e5e933e6d76267c77ae41f37fb00b199cb329c41ced4bd0e0968be2e8	vendor-or-firmware-source
week02/v01/vendor/wrpc-sw_nosfpmatch_diag/include/dev/wdiags.h	1361	2026-08-14T06:06:23.070022+00:00	40a5beb34bf8dfd031da0723dfb61d25fc2fc9c3d202c893bc180ba3ceef2920	vendor-or-firmware-source
week02/v01/vendor/wrpc-sw_nosfpmatch_diag/include/dump-info.h	4169	2026-08-14T06:06:23.071022+00:00	b4f6925fd006ca0f3cd2a650983784624e90abdab83b7f5d006c9f05fa3cd167	vendor-or-firmware-source
week02/v01/vendor/wrpc-sw_nosfpmatch_diag/include/endianness.h	2478	2026-08-14T06:06:23.072022+00:00	336c8971265904e08e8d4d20bc18955e89f0725239f9c8424a453b5277d2a160	vendor-or-firmware-source
week02/v01/vendor/wrpc-sw_nosfpmatch_diag/include/generated/autoconf.h	3240	2026-08-14T21:52:56.653768+00:00	d136ab2bb2724e94476df0fd2ff4ea195e1d09371de96fefebbdbe22c1af6908	vendor-or-firmware-source
week02/v01/vendor/wrpc-sw_nosfpmatch_diag/include/generated/pfilter-rules-novlan.h	1021	2026-08-14T10:00:07.523174+00:00	500c54bdacb9901a2020299ee7d60df228d45d1b8442a2fc095f0ee41b75f8b3	vendor-or-firmware-source
week02/v01/vendor/wrpc-sw_nosfpmatch_diag/include/generated/pfilter-rules-vlan.h	931	2026-08-14T10:00:07.524174+00:00	44ed13a9b2db1f40d67b1a170c8cd247160904a054fe8fead927653366ce3d73	vendor-or-firmware-source
week02/v01/vendor/wrpc-sw_nosfpmatch_diag/include/generated/sdbfs-default.h	1045	2026-08-14T10:00:08.184170+00:00	016bff189820d6348001997c4cbc4a2c7b4dbfe76484b2d0ead83dcd77403b1c	vendor-or-firmware-source
week02/v01/vendor/wrpc-sw_nosfpmatch_diag/include/hal_exports.h	0	2026-08-14T06:06:23.073022+00:00	e3b0c44298fc1c149afbf4c8996fb92427ae41e4649b934ca495991b7852b855	vendor-or-firmware-source
week02/v01/vendor/wrpc-sw_nosfpmatch_diag/include/hw/build_cheby.sh	54	2026-08-14T06:06:23.074022+00:00	8eaf23f360fd279e5d89c21e44e097c1dbf7716dfd693ebcc551982054b5088d	vendor-or-firmware-source
week02/v01/vendor/wrpc-sw_nosfpmatch_diag/include/hw/clock_monitor_regs.h	3600	2026-08-14T06:06:23.076022+00:00	7c845be1bd1f6bb9bf2b4949e9ecb3b0441770693f3d5b14c5dc85881c8c5fd2	vendor-or-firmware-source
week02/v01/vendor/wrpc-sw_nosfpmatch_diag/include/hw/endpoint_regs.h	17522	2026-08-14T06:06:23.077022+00:00	59553277f7a02e3c05834bb06ff7f53f7259f3aee074514c74893f146400be70	vendor-or-firmware-source
week02/v01/vendor/wrpc-sw_nosfpmatch_diag/include/hw/ep_mdio_regs.h	5351	2026-08-14T06:06:23.079022+00:00	a3de21e66cf177f55a77ad807ade9e676206fa13076b1ebc2939affcb614c1e4	vendor-or-firmware-source
week02/v01/vendor/wrpc-sw_nosfpmatch_diag/include/hw/etherbone-config.h	532	2026-08-14T06:06:23.080022+00:00	57957206f7a865ff13b57878ed9ed3362c8fc5ceae2c5b04835d00ff80162f44	vendor-or-firmware-source
week02/v01/vendor/wrpc-sw_nosfpmatch_diag/include/hw/lpdc_mdio_regs.h	2603	2026-08-14T06:06:23.081022+00:00	496011ac2a3bbeec346336ff66ac43d366b44e88b9f40bf2b1b49835dd53fb99	vendor-or-firmware-source
week02/v01/vendor/wrpc-sw_nosfpmatch_diag/include/hw/minic_regs.h	10601	2026-08-14T06:06:23.082022+00:00	51fab88ab5d64cf06ba76667db43bb5056f2747d6c950eb564b053a379cc78d8	vendor-or-firmware-source
week02/v01/vendor/wrpc-sw_nosfpmatch_diag/include/hw/pps_gen_regs.h	4114	2026-08-14T06:06:23.084022+00:00	25c4cf8eeefd3db8e634225a9a98b099cd61982bc2d45fd20c9dd70da519506e	vendor-or-firmware-source
week02/v01/vendor/wrpc-sw_nosfpmatch_diag/include/hw/rawmem.h	254	2026-08-14T06:06:23.085022+00:00	2810a115bbc839542e969ff3ca1e789b10f9708a0acac00a09600651ae6a946d	vendor-or-firmware-source
week02/v01/vendor/wrpc-sw_nosfpmatch_diag/include/hw/si570_if_wb.h	3446	2026-08-14T06:06:23.086022+00:00	f420e4ad9f5b140bfe2056319f73ed6a95f488097f57faeaf661dcb87f1ce38b	vendor-or-firmware-source
week02/v01/vendor/wrpc-sw_nosfpmatch_diag/include/hw/sockit_owm_regs.h	4697	2026-08-14T06:06:23.087022+00:00	805e6ba31495836e1c1925c147998f8ccefffac1e0f5dd912d8b37d6fb870557	vendor-or-firmware-source
week02/v01/vendor/wrpc-sw_nosfpmatch_diag/include/hw/softpll_regs.h	14693	2026-08-14T06:06:23.088022+00:00	d17151597c3952c04d0789420d1f3029ce92156858ab7f07811117c3e8f84ee5	vendor-or-firmware-source
week02/v01/vendor/wrpc-sw_nosfpmatch_diag/include/hw/wb_fpgen_regs.h	6057	2026-08-14T06:06:23.090022+00:00	19f07651b6cfe8d435bd540cffb6623e68fa5d6abe631d30e7974f0a9acf3006	vendor-or-firmware-source
week02/v01/vendor/wrpc-sw_nosfpmatch_diag/include/hw/wb_insn_uart.h	4686	2026-08-14T06:06:23.091022+00:00	acafbd4421c46a2f009aa19e44dac8fa767f4e2842bad6f38ca348e3673f3b35	vendor-or-firmware-source
week02/v01/vendor/wrpc-sw_nosfpmatch_diag/include/hw/wb_uart.h	5672	2026-08-14T06:06:23.092022+00:00	c81c9171bafdfac82b7c733828954696252e85c2f58459c9a6e4f246fb988645	vendor-or-firmware-source
week02/v01/vendor/wrpc-sw_nosfpmatch_diag/include/hw/wr_streamers.h	23615	2026-08-14T06:06:23.094022+00:00	af6f8bea422989036087be52c724c546100dbd2189ac454bc6b5c00550e56846	vendor-or-firmware-source
week02/v01/vendor/wrpc-sw_nosfpmatch_diag/include/hw/wrc_cpu_csr.h	2781	2026-08-14T06:06:23.095022+00:00	2c064a1d674c2f417950721b861ed0042f04af8f907b0f2426b9ace3ab8ea629	vendor-or-firmware-source
week02/v01/vendor/wrpc-sw_nosfpmatch_diag/include/hw/wrc_diags_regs.h	7073	2026-08-14T06:06:23.097022+00:00	da86317c9991d14daa975dabef876e93b882491e2b122c6929037d0cef446a05	vendor-or-firmware-source
week02/v01/vendor/wrpc-sw_nosfpmatch_diag/include/hw/wrc_syscon_regs.h	11791	2026-08-14T06:06:23.099022+00:00	f5200bcdac0e05be7a745d191d1b52d3026a9db3d0c25e7d654953464877f8a4	vendor-or-firmware-source
week02/v01/vendor/wrpc-sw_nosfpmatch_diag/include/irq.h	597	2026-08-14T06:06:23.100022+00:00	fddcc119326536089a36763b5dbb3f9197427b01313c16c5dd4cd7a0120c0b5c	vendor-or-firmware-source
week02/v01/vendor/wrpc-sw_nosfpmatch_diag/include/libsdbfs-freestanding.h	221	2026-08-14T06:06:23.101022+00:00	23adea9f7bc0b1690e28fb0bf39744307deeb96adce7d6ae5f08e886a9016043	vendor-or-firmware-source
week02/v01/vendor/wrpc-sw_nosfpmatch_diag/include/libsdbfs.h	1409	2026-08-14T06:06:23.103022+00:00	0a736f3ef9678564d218c95b5f8467839d84aee1f29046cf53426ad84cac70a9	vendor-or-firmware-source
week02/v01/vendor/wrpc-sw_nosfpmatch_diag/include/libwr/hal_shmem.h	1273	2026-08-14T06:06:23.104022+00:00	fe524c74f2ad031327e02600f41cd7193f6c014f96d93bb8ad86d8db9bbe9fce	vendor-or-firmware-source
week02/v01/vendor/wrpc-sw_nosfpmatch_diag/include/libwr/sfp_lib.h	4816	2026-08-14T06:06:23.106022+00:00	617e493cb72914f7e2901261aac2938b3d8a31c178bebe5a2f9210d6ca005ab2	vendor-or-firmware-source
week02/v01/vendor/wrpc-sw_nosfpmatch_diag/include/libwr/shmem.h	2362	2026-08-14T06:06:23.107022+00:00	63fc245c67e560ce9ca239fb8d8006b72fe21c4b95efbc0859a57b30c844d210	vendor-or-firmware-source
week02/v01/vendor/wrpc-sw_nosfpmatch_diag/include/net.h	3399	2026-08-14T06:06:23.108022+00:00	70c9e5238dfdf085f9988c5db9ed4e8f2ca315d998fb60a9298cf106515521f6	vendor-or-firmware-source
week02/v01/vendor/wrpc-sw_nosfpmatch_diag/include/netconsole.h	673	2026-08-14T06:06:23.109022+00:00	58d35ab6b66eef257a2580575dfa951bee10a05f7e210737c80bbbba4183d0cc	vendor-or-firmware-source
week02/v01/vendor/wrpc-sw_nosfpmatch_diag/include/revision.h	505	2026-08-14T06:06:23.110022+00:00	84f38a7ded26d9cc1dea205de802d5018dfdddb4cb255916bb2799d7b133b850	vendor-or-firmware-source
week02/v01/vendor/wrpc-sw_nosfpmatch_diag/include/sdb.h	4231	2026-08-14T06:06:23.112022+00:00	c5dff462ff3ef7626a1a2332e50214d8b4372b867f8cfe269d1748b655ace5e3	vendor-or-firmware-source
week02/v01/vendor/wrpc-sw_nosfpmatch_diag/include/sensors.h	838	2026-08-14T06:06:23.113022+00:00	e720c7106cbb65ba7bd9acb3c095f632475afbf7b120e4dda44766c0ef7224b6	vendor-or-firmware-source
week02/v01/vendor/wrpc-sw_nosfpmatch_diag/include/sfp.h	922	2026-08-14T06:06:23.114022+00:00	5fab9b9f1ec73eeade5dfb7298ce552d20004831b0aed0041376c9cef5a42024	vendor-or-firmware-source
week02/v01/vendor/wrpc-sw_nosfpmatch_diag/include/shell.h	1662	2026-08-14T06:06:23.115022+00:00	3b0db920c0c6352c97993082660abca24da368da82c252a733371b249583b7cd	vendor-or-firmware-source
week02/v01/vendor/wrpc-sw_nosfpmatch_diag/include/spll_defs.h	1885	2026-08-14T06:06:23.116022+00:00	f5ca2578978a19e693fe286bfaef39b549fca4e1c8b0d8c28e19e18cb5ae4dc7	vendor-or-firmware-source
week02/v01/vendor/wrpc-sw_nosfpmatch_diag/include/std/inttypes.h	1646	2026-08-14T06:06:23.118022+00:00	b38d1d258176494234ce5c46ad9d4b9b0eadb97f5843a7ebf412296b9e59221e	vendor-or-firmware-source
week02/v01/vendor/wrpc-sw_nosfpmatch_diag/include/std/stdint.h	72	2026-08-14T06:06:23.119022+00:00	9b335723d378a92f224f05b2c6f81ab38df4c23b54797d5ab02e03906afcb2a0	vendor-or-firmware-source
week02/v01/vendor/wrpc-sw_nosfpmatch_diag/include/std/sys/types.h	207	2026-08-14T06:14:01.088325+00:00	9e2c2d380d223b1eb874712d92720d4cdbaaa92d28d5790295c0f7414fc17a18	vendor-or-firmware-source
week02/v01/vendor/wrpc-sw_nosfpmatch_diag/include/std/unistd.h	68	2026-08-14T06:06:23.120022+00:00	5689c81bb6356fb308b6f8266a521c5a49c09ee5ee44910f96b560d7ea9b8624	vendor-or-firmware-source
week02/v01/vendor/wrpc-sw_nosfpmatch_diag/include/storage.h	4083	2026-08-14T06:06:23.121022+00:00	0774f8339d699752ed24dcb2f980dd793fc127395dc7fcb1e321ecde1c64955b	vendor-or-firmware-source
week02/v01/vendor/wrpc-sw_nosfpmatch_diag/include/system_checks.h	384	2026-08-14T06:06:23.122022+00:00	a8165f5f27bf2b92084beb276149ea66e5e065519db68169d25896b865ed4a86	vendor-or-firmware-source
week02/v01/vendor/wrpc-sw_nosfpmatch_diag/include/trace.h	1085	2026-08-14T06:06:23.124022+00:00	6599cfb5a2c8f5a22930eb95717e9a9aead44d3a22800bc654992a49d794da7b	vendor-or-firmware-source
week02/v01/vendor/wrpc-sw_nosfpmatch_diag/include/util.h	2616	2026-08-14T06:06:23.125022+00:00	535265829ad6959064d22fb0868f846168c9eeb6f8b6c7cc37c6c4f07a6788ad	vendor-or-firmware-source
week02/v01/vendor/wrpc-sw_nosfpmatch_diag/include/wrc-debug.h	1894	2026-08-14T06:06:23.126022+00:00	0b6beb5dde409372d3010ecb55d77ca3796021d4bf2e676c0c6cda21149e4acf	vendor-or-firmware-source
week02/v01/vendor/wrpc-sw_nosfpmatch_diag/include/wrc-event.h	431	2026-08-14T06:06:23.127022+00:00	7fb3d32968a58671fe72c82a8b4ace72c0ceebb372c3d35e277e12fb878f2665	vendor-or-firmware-source
week02/v01/vendor/wrpc-sw_nosfpmatch_diag/include/wrc-task.h	1194	2026-08-14T06:06:23.128022+00:00	8670970bef58722fb7187ef7a4ee094e143b17e204cafcee8d05cc42d7faaa0a	vendor-or-firmware-source
week02/v01/vendor/wrpc-sw_nosfpmatch_diag/include/wrc.h	1765	2026-08-14T06:06:23.129022+00:00	79d14bff4d4153a504356fb376f451a61dfdc34b9b3f77c7e8385524fca99047	vendor-or-firmware-source
week02/v01/vendor/wrpc-sw_nosfpmatch_diag/include/wrc_global.h	950	2026-08-14T06:06:23.130022+00:00	7406bcc48229e30fd8ee888c20d2a07c91d18411325faf05014f6d7aa674a652	vendor-or-firmware-source
week02/v01/vendor/wrpc-sw_nosfpmatch_diag/ipc/minipc-int.h	3253	2026-08-14T06:06:23.132022+00:00	1aae867d3cfb984135ed5aa41af2ffd06c0e4d23a6ccf7fc9026fb56a60a8c5a	vendor-or-firmware-source
week02/v01/vendor/wrpc-sw_nosfpmatch_diag/ipc/minipc-mem-server.c	5237	2026-08-14T06:06:23.133022+00:00	767ba827f51f04bfe76f3da96fea521a78af0569da4aebbedfce3895588d0629	vendor-or-firmware-source
week02/v01/vendor/wrpc-sw_nosfpmatch_diag/ipc/minipc.h	3788	2026-08-14T06:06:23.135022+00:00	e0a45a7b4ef7720717e0fccd17532486f2c4fa97f53986ac3b85c07439581a6b	vendor-or-firmware-source
week02/v01/vendor/wrpc-sw_nosfpmatch_diag/ipc/rt_ipc.c	6761	2026-08-14T06:06:23.136022+00:00	c04d5353202752d48564ba19d779ad833cfaf0844b948e3ec0104f604b0c342d	vendor-or-firmware-source
week02/v01/vendor/wrpc-sw_nosfpmatch_diag/ipc/rt_ipc.h	5275	2026-08-14T06:06:23.137022+00:00	1e047d30d98da8e5097c225cd79ce108ed6018a5d83084c046b680304afac4cb	vendor-or-firmware-source
week02/v01/vendor/wrpc-sw_nosfpmatch_diag/lib/arp.c	2422	2026-08-14T06:06:23.145022+00:00	fa6efcbf593ecbe54eb103cca2d8fbf09c1ba015b6349b0eca70b3ce985e0401	vendor-or-firmware-source
week02/v01/vendor/wrpc-sw_nosfpmatch_diag/lib/assert.c	867	2026-08-14T06:06:23.146022+00:00	ff095bbcf01c83c5e8bb07a612993445fe2b82a402dd981f64260b8726fa5baa	vendor-or-firmware-source
week02/v01/vendor/wrpc-sw_nosfpmatch_diag/lib/bootp.c	2799	2026-08-14T06:06:23.148022+00:00	076545adc22457fd4581a26efac46791c447cec0148117ed3980923ec8b4e3d4	vendor-or-firmware-source
week02/v01/vendor/wrpc-sw_nosfpmatch_diag/lib/event.c	3221	2026-08-14T06:06:23.149022+00:00	a05b88f5b2bfc865be416ce82d4b00766aec1083b98032baef85b68e2bc70328	vendor-or-firmware-source
week02/v01/vendor/wrpc-sw_nosfpmatch_diag/lib/event.h	545	2026-08-14T06:06:23.151021+00:00	61e5d6f0911ff03c36fa8327e655eb3553de9a132d74968a19282f397dc55330	vendor-or-firmware-source
week02/v01/vendor/wrpc-sw_nosfpmatch_diag/lib/events-ptp.c	2325	2026-08-14T06:06:23.152022+00:00	0893f668f562df282acc37bfb0f21bffdef3572b517d24788afd07b55b19ef15	vendor-or-firmware-source
week02/v01/vendor/wrpc-sw_nosfpmatch_diag/lib/events-ptp.h	438	2026-08-14T06:06:23.153022+00:00	100dc0c283f1590728351903855a8525e673d613e1bbd16522b4177b8a46a98c	vendor-or-firmware-source
week02/v01/vendor/wrpc-sw_nosfpmatch_diag/lib/icmp.c	2200	2026-08-14T06:06:23.154022+00:00	2c25635fa829a4174795e27911395a651c2e7eb7f8c0e7f3d1954a4124e7b01b	vendor-or-firmware-source
week02/v01/vendor/wrpc-sw_nosfpmatch_diag/lib/ipv4.c	4447	2026-08-14T06:06:23.156022+00:00	41a67d45653777584a6d643bee9539b0d008a781ebce9dc40dcdf492bcb99d52	vendor-or-firmware-source
week02/v01/vendor/wrpc-sw_nosfpmatch_diag/lib/ipv4.h	1950	2026-08-14T06:06:23.157022+00:00	b51cab332642a0c36c57cb187d24b0f54552936b3402686b827345d9999187a4	vendor-or-firmware-source
week02/v01/vendor/wrpc-sw_nosfpmatch_diag/lib/latency.c	7509	2026-08-14T06:06:23.158021+00:00	99b84f1d0f09b3b9faa4f90647d4647251201a74f7ebc60eda1ba1234d58c9cf	vendor-or-firmware-source
week02/v01/vendor/wrpc-sw_nosfpmatch_diag/lib/latency.h	251	2026-08-14T06:06:23.159022+00:00	3c2773df268c0cd9576a52ab8fa2e63386b48659b37a0f7491756dbe67c3f0bb	vendor-or-firmware-source
week02/v01/vendor/wrpc-sw_nosfpmatch_diag/lib/lib.mk	565	2026-08-14T06:06:23.160022+00:00	135f996dfc213457f2490d2318676fe78ddfcf5bcd1e0474bdc3a0224427f1a8	vendor-or-firmware-source
week02/v01/vendor/wrpc-sw_nosfpmatch_diag/lib/lldp.c	7300	2026-08-14T06:06:23.161021+00:00	c1c64c477b213be2b00bd46e6625e9ef944cd5506ed3430f0c731ef523abba62	vendor-or-firmware-source
week02/v01/vendor/wrpc-sw_nosfpmatch_diag/lib/lldp.h	1958	2026-08-14T06:06:23.163022+00:00	6d923f000f2dac0ce510d4ed97530c8c22de732a8650a3040a0c556dd130f035	vendor-or-firmware-source
week02/v01/vendor/wrpc-sw_nosfpmatch_diag/lib/net.c	10912	2026-08-14T06:06:23.164021+00:00	7ca0b10a5d207220290afc4f36f41a427f7862ab479bfc5ff036bfb978109223	vendor-or-firmware-source
week02/v01/vendor/wrpc-sw_nosfpmatch_diag/lib/netconsole.c	3219	2026-08-14T06:06:23.165021+00:00	51f186453de64d00b56346cb2cf8e04d7202d12eebb454cefc36b139c199fd91	vendor-or-firmware-source
week02/v01/vendor/wrpc-sw_nosfpmatch_diag/lib/snmp.c	66874	2026-08-14T06:06:23.168021+00:00	7869f087e6d9d34f012e61d995d856efb3dacaad4a6a870d12cb84ab2108b06d	vendor-or-firmware-source
week02/v01/vendor/wrpc-sw_nosfpmatch_diag/lib/syslog.c	7487	2026-08-14T06:06:23.169021+00:00	0af2030dcfd728c3190ca31975ee009d092041ca57fe952e12a786452602b228	vendor-or-firmware-source
week02/v01/vendor/wrpc-sw_nosfpmatch_diag/lib/syslog.h	490	2026-08-14T06:06:23.170022+00:00	01e54f1a9d41b41384e0babc525020adb395cb0ee429663633cb3e50f463612c	vendor-or-firmware-source
week02/v01/vendor/wrpc-sw_nosfpmatch_diag/lib/task-diags.c	3867	2026-08-14T06:06:23.172021+00:00	cd20be6cbb8230aeb23beaa60cdc2139c20bcaeecfc70ed02a4559921ee3650a	vendor-or-firmware-source
week02/v01/vendor/wrpc-sw_nosfpmatch_diag/lib/task-stats.c	4167	2026-08-14T06:06:23.173022+00:00	450f24d544320b48721f5861e1ab18455ab1cf00cb69e003d9138aa783a8a020	vendor-or-firmware-source
week02/v01/vendor/wrpc-sw_nosfpmatch_diag/lib/udp.c	2118	2026-08-14T06:06:23.174021+00:00	8cde3b0700d26fd4d107bb8c0b80c7fe9c295eee6b31ff2379d0596f03d12d98	vendor-or-firmware-source
week02/v01/vendor/wrpc-sw_nosfpmatch_diag/lib/usleep.c	1641	2026-08-14T06:06:23.175021+00:00	96a84b39ef2243093a58e1f025a21600b1074945cbf9ee542d00780388db3086	vendor-or-firmware-source
week02/v01/vendor/wrpc-sw_nosfpmatch_diag/lib/util.c	6588	2026-08-14T06:06:23.177022+00:00	e17ddf0426101b87893727038b41b9c3149c8bbffb92fc85efa2fcc689d1f877	vendor-or-firmware-source
week02/v01/vendor/wrpc-sw_nosfpmatch_diag/lib/wrc-tasks.c	3439	2026-08-14T06:06:23.178021+00:00	a72f16038c158bbd3125c66bc05be4775e349cda08e449571ef0e7dd408a32c2	vendor-or-firmware-source
week02/v01/vendor/wrpc-sw_nosfpmatch_diag/libertm/Makefile	1886	2026-08-14T06:06:23.181021+00:00	57f1692cd82ed6ef943e31010285c69a1a193c73b9f735200ffe442afbcf9da9	vendor-or-firmware-source
week02/v01/vendor/wrpc-sw_nosfpmatch_diag/libertm/aux_logger.c	6654	2026-08-14T06:06:23.186021+00:00	9a1b47e089749feb4f728d457d84c63e776993fa36ea78b8a89bad2d3421d835	vendor-or-firmware-source
week02/v01/vendor/wrpc-sw_nosfpmatch_diag/libertm/deploy.mk	691	2026-08-14T06:06:23.190021+00:00	6229bbc8acb408b1e837c6b6fa63a2b602f4c855c6133f356c6620eb25d7b031	vendor-or-firmware-source
week02/v01/vendor/wrpc-sw_nosfpmatch_diag/libertm/display.c	15477	2026-08-14T06:06:23.191021+00:00	6164ae5b86148a0f3c5f8418a1690df2b388e51aff20d7c89ee311986873b21d	vendor-or-firmware-source
week02/v01/vendor/wrpc-sw_nosfpmatch_diag/libertm/display.h	356	2026-08-14T06:06:23.192021+00:00	13c3fa02019ed0c5cf3fac991d2fa3e06737c9a9241c39b109360f491c40236a	vendor-or-firmware-source
week02/v01/vendor/wrpc-sw_nosfpmatch_diag/libertm/flock.c	1849	2026-08-14T06:06:23.196021+00:00	7a538b55a7d64ac7475bb29941b0eb94a962d86bc1804b045f8a43f464402e45	vendor-or-firmware-source
week02/v01/vendor/wrpc-sw_nosfpmatch_diag/libertm/libertm.c	39359	2026-08-14T06:06:23.199021+00:00	f93347db334ddbc7b75d316c5913fde4405d6f5600256d2322ea79d681239d85	vendor-or-firmware-source
week02/v01/vendor/wrpc-sw_nosfpmatch_diag/libertm/libertm.h	16023	2026-08-14T06:06:23.201021+00:00	ee8c47d915c91631181e318928bcae2f6ca8db40fd9eedc16b69a78c766c9dec	vendor-or-firmware-source
week02/v01/vendor/wrpc-sw_nosfpmatch_diag/libertm/linux-uart-link.c	4221	2026-08-14T06:06:23.202021+00:00	b4a624216deef28da6f2032f569a1a74018744e8db0020f86ca04048ce4d82de	vendor-or-firmware-source
week02/v01/vendor/wrpc-sw_nosfpmatch_diag/libertm/magics.c	1437	2026-08-14T06:06:23.203021+00:00	6d31923cc849b8968c46edf71be14c982014f29005b60638951f973fab90ef65	vendor-or-firmware-source
week02/v01/vendor/wrpc-sw_nosfpmatch_diag/libertm/main.c	3577	2026-08-14T06:06:23.205021+00:00	568f2bdc02a78d04eb5b1ef2ffc2f473e8140b477e8f4526324e775c0e1db84b	vendor-or-firmware-source
week02/v01/vendor/wrpc-sw_nosfpmatch_diag/libertm/private.h	2785	2026-08-14T06:06:23.206021+00:00	3fc990e874222447dac8184869e85583c1eff6dda9be18321e4cb462555d3768	vendor-or-firmware-source
week02/v01/vendor/wrpc-sw_nosfpmatch_diag/libertm/semaph.c	1892	2026-08-14T06:06:23.207021+00:00	f979a6414298e0467cffadb7e9964dff329e4cdc14eada864ca86c8bf00b05f1	vendor-or-firmware-source
week02/v01/vendor/wrpc-sw_nosfpmatch_diag/libertm/udev-find.c	398	2026-08-14T06:06:23.208021+00:00	14b00d89fbe535cf49ad3301e47f06022aa5fce32d2e2c41e46708b7293b28bd	vendor-or-firmware-source
week02/v01/vendor/wrpc-sw_nosfpmatch_diag/libertm/udev-serial.c	2364	2026-08-14T06:06:23.209021+00:00	cd19aef9993f83c036f6bf3ecf06ad9437e709a4377abaaab369a6da20a03048	vendor-or-firmware-source
week02/v01/vendor/wrpc-sw_nosfpmatch_diag/libertm/update-fpga.sh	372	2026-08-14T06:06:23.211021+00:00	696d330a9b1e9503aedd91621aa3c86162be5b40703e6c817bacebf30b586c46	vendor-or-firmware-source
week02/v01/vendor/wrpc-sw_nosfpmatch_diag/libertm/update-mmc14.sh	171	2026-08-14T06:06:23.212021+00:00	c2714109a607ee0c7681d5ff139b5389187f527f836b45c54a888b1f86f0e878	vendor-or-firmware-source
week02/v01/vendor/wrpc-sw_nosfpmatch_diag/libertm/update-mmc15.sh	171	2026-08-14T06:06:23.213021+00:00	5f8229ad4b1d81cb139a33cf3fd817100bcd81b297f54db149128a1b8a4ec358	vendor-or-firmware-source
week02/v01/vendor/wrpc-sw_nosfpmatch_diag/liblinux/Makefile	1250	2026-08-14T06:06:23.215021+00:00	df74890fbdecca396cbdd190c3433c3eb28673cc6b09705bae38c3a996c91383	vendor-or-firmware-source
week02/v01/vendor/wrpc-sw_nosfpmatch_diag/liblinux/devmap.c	8253	2026-08-14T06:06:23.217021+00:00	7b283ac7a5efaa030e99bcb429765e4c7ce0dc89b8c06791923286766234f92c	vendor-or-firmware-source
week02/v01/vendor/wrpc-sw_nosfpmatch_diag/liblinux/extest/Makefile	747	2026-08-14T06:06:23.219021+00:00	8769ac18b3837fea19c286b2a1f7233628d3fdfd63dafd2050a1fbf822bc7a21	vendor-or-firmware-source
week02/v01/vendor/wrpc-sw_nosfpmatch_diag/liblinux/extest/extest.c	24344	2026-08-14T06:06:23.220021+00:00	3c1894a3628671862a547e27765653de73ef59ddf1704f21d27b8f350b48b7b5	vendor-or-firmware-source
week02/v01/vendor/wrpc-sw_nosfpmatch_diag/liblinux/extest/extest.h	3696	2026-08-14T06:06:23.222021+00:00	b649150fb9afdc97f13335b92a0be78b7c89affa5f226fbd05c3611f8dcfdf00	vendor-or-firmware-source
week02/v01/vendor/wrpc-sw_nosfpmatch_diag/liblinux/libdevmap.h	1042	2026-08-14T06:06:23.223021+00:00	4e579f1bc3318dace3c01ed866068682c0cb1febff50cc1edfb5c1cb906b65e6	vendor-or-firmware-source
week02/v01/vendor/wrpc-sw_nosfpmatch_diag/monitor/monitor_ppsi.c	19768	2026-08-14T06:06:23.225021+00:00	9fd5776f8fd478d79a50fb73f4602f9276d8e860cad03194a9e88ada524367f8	vendor-or-firmware-source
week02/v01/vendor/wrpc-sw_nosfpmatch_diag/pp_printf/Makefile	1435	2026-08-14T06:06:23.230021+00:00	8ef5a1a6cd8c0dae93d3925c15a758fd29ba625823c625a084ce7938bae53d72	vendor-or-firmware-source
week02/v01/vendor/wrpc-sw_nosfpmatch_diag/pp_printf/div64.c	1203	2026-08-14T06:06:23.233021+00:00	428bc7c6225f085bd1bd6ce2d1f4fc529a0cc92549b2a6e849fc22e6d36e1aa6	vendor-or-firmware-source
week02/v01/vendor/wrpc-sw_nosfpmatch_diag/pp_printf/example-printf.c	492	2026-08-14T06:06:23.234021+00:00	d30ff2f19787e19c508d90929394e43191dcb8553dd803b39aae830a630e27c0	vendor-or-firmware-source
week02/v01/vendor/wrpc-sw_nosfpmatch_diag/pp_printf/example-printf64.c	630	2026-08-14T06:06:23.238021+00:00	51219e12b8dc3137a938f2f4cf20d20c8af389671dfdd0eb66e502ff75b188ba	vendor-or-firmware-source
week02/v01/vendor/wrpc-sw_nosfpmatch_diag/pp_printf/pp-printf.h	446	2026-08-14T06:06:23.239021+00:00	93b637a1deb663d6d5992db4dae0668fd5884d8d348465a2351180e205c75e8b	vendor-or-firmware-source
week02/v01/vendor/wrpc-sw_nosfpmatch_diag/pp_printf/printf.c	712	2026-08-14T06:06:23.240021+00:00	573c47d4b52319652428b29bc571732a726c56885a5155c14def7b0f0098902b	vendor-or-firmware-source
week02/v01/vendor/wrpc-sw_nosfpmatch_diag/pp_printf/printf.mk	472	2026-08-14T06:06:23.241021+00:00	9b151e3091d32a7233f7476c5a757c95b751a0f046686fc29a9144da17fe29fb	vendor-or-firmware-source
week02/v01/vendor/wrpc-sw_nosfpmatch_diag/pp_printf/vsprintf-full.c	9348	2026-08-14T06:06:23.242021+00:00	9ec6e3327eaa58fef7cfccb219feca99aeb5a7f83117a78add521a7020c17473	vendor-or-firmware-source
week02/v01/vendor/wrpc-sw_nosfpmatch_diag/pp_printf/vsprintf-mini.c	1360	2026-08-14T06:06:23.244021+00:00	e0eccaa3c4b5baea00f2c69696b29b6161d4d59a6dcbca4891da522420c6091a	vendor-or-firmware-source
week02/v01/vendor/wrpc-sw_nosfpmatch_diag/pp_printf/vsprintf-none.c	262	2026-08-14T06:06:23.245021+00:00	a18e9c9cae584d966549943fd3456870fa2dbf6952762d40db8805d76eb5db3c	vendor-or-firmware-source
week02/v01/vendor/wrpc-sw_nosfpmatch_diag/pp_printf/vsprintf-xint.c	2157	2026-08-14T06:06:23.246021+00:00	31c9ab4550383a0f0814d9d9376335ef6fb40af50c6fc637615e6b1167d83527	vendor-or-firmware-source
week02/v01/vendor/wrpc-sw_nosfpmatch_diag/ppsi/Kconfig	52	2026-08-14T06:09:01.630088+00:00	26e457ea94394496161555e9c36ea71337600e39299197f2c258e4689a0a3c3b	vendor-or-firmware-source
week02/v01/vendor/wrpc-sw_nosfpmatch_diag/ppsi/Makefile	3574	2026-08-14T06:09:01.635088+00:00	9b26a987bf4bf14d7641311af8743077abae2475d37ed47d9305461c83096d4e	vendor-or-firmware-source
week02/v01/vendor/wrpc-sw_nosfpmatch_diag/ppsi/arch-bare-i386/Makefile	957	2026-08-14T06:09:01.638088+00:00	9842963c3627c48acaf4eb09f5e50b7d516db12d59796513354ec206a53edb18	vendor-or-firmware-source
week02/v01/vendor/wrpc-sw_nosfpmatch_diag/ppsi/arch-bare-i386/include/arch/arch.h	808	2026-08-14T06:09:01.644088+00:00	55fd09e095853bdebba0e3ab7e2cd26738b40c07592a7bd9fc0d08ad8d2c184b	vendor-or-firmware-source
week02/v01/vendor/wrpc-sw_nosfpmatch_diag/ppsi/arch-bare-i386/include/arch/constants.h	314	2026-08-14T06:09:01.646088+00:00	414fe0334ff4064ff6e3abd4edd884e7470709544ad424f5a40dc66d4ad02e37	vendor-or-firmware-source
week02/v01/vendor/wrpc-sw_nosfpmatch_diag/ppsi/arch-bare-i386/syscalls.c	4702	2026-08-14T06:09:01.647088+00:00	99238f30ca1c50654b6f02870e005ac19dde8a4f3e49e1e505501797d8f5b2f3	vendor-or-firmware-source
week02/v01/vendor/wrpc-sw_nosfpmatch_diag/ppsi/arch-bare-i386/syscalls.h	2701	2026-08-14T06:09:01.648088+00:00	46f70bc01a9463783670f817ef67839a4a843d2d0a7bd6cd64acd277ab69de37	vendor-or-firmware-source
week02/v01/vendor/wrpc-sw_nosfpmatch_diag/ppsi/arch-bare-x86-64/Makefile	1016	2026-08-14T06:09:01.650088+00:00	783a40add66d5fae5e6f327b5e649bacf813312dddccd31828e3f4c82afbadbd	vendor-or-firmware-source
week02/v01/vendor/wrpc-sw_nosfpmatch_diag/ppsi/arch-bare-x86-64/include/arch/arch.h	808	2026-08-14T06:09:01.656088+00:00	55fd09e095853bdebba0e3ab7e2cd26738b40c07592a7bd9fc0d08ad8d2c184b	vendor-or-firmware-source
week02/v01/vendor/wrpc-sw_nosfpmatch_diag/ppsi/arch-bare-x86-64/include/arch/constants.h	314	2026-08-14T06:09:01.657088+00:00	414fe0334ff4064ff6e3abd4edd884e7470709544ad424f5a40dc66d4ad02e37	vendor-or-firmware-source
week02/v01/vendor/wrpc-sw_nosfpmatch_diag/ppsi/arch-bare-x86-64/syscalls.c	3750	2026-08-14T06:09:01.660088+00:00	7bbdac494b2b98abf0a799415b51dc47de001a149ea3e7f1678142c3c2fbef64	vendor-or-firmware-source
week02/v01/vendor/wrpc-sw_nosfpmatch_diag/ppsi/arch-sim/Makefile	644	2026-08-14T06:09:01.662088+00:00	738986e55808fca7c5e32927c614ad3af53b929b8e0da730a90933860e88a4c9	vendor-or-firmware-source
week02/v01/vendor/wrpc-sw_nosfpmatch_diag/ppsi/arch-sim/include/arch/arch.h	227	2026-08-14T06:09:01.665088+00:00	b7bf4acb581226655da77da19746ac0075b2e51ec5ec4ce8389bae308b5037d9	vendor-or-firmware-source
week02/v01/vendor/wrpc-sw_nosfpmatch_diag/ppsi/arch-sim/include/arch/constants.h	274	2026-08-14T06:09:01.666088+00:00	e4ed23d21008bae959a55bcb9b3515244056b9e02d7df4febb95c82cde2edb26	vendor-or-firmware-source
week02/v01/vendor/wrpc-sw_nosfpmatch_diag/ppsi/arch-sim/main-loop.c	2621	2026-08-14T06:09:01.668088+00:00	43be16423df744d2e4f8880a75f372b9bfc8e3227430185f73d5f7edbb2635ef	vendor-or-firmware-source
week02/v01/vendor/wrpc-sw_nosfpmatch_diag/ppsi/arch-sim/ppsi-sim.h	4607	2026-08-14T06:09:01.669088+00:00	197047764605605cf08507752f4a00f4840a43d9113e2a266097e2aafbdfa7fe	vendor-or-firmware-source
week02/v01/vendor/wrpc-sw_nosfpmatch_diag/ppsi/arch-sim/sim-conf.c	3785	2026-08-14T06:09:01.671088+00:00	431bff67f7e1f89f9c4a7d4fd0688d38f188a3dc9c9ec55b85c27aef7f2c8711	vendor-or-firmware-source
week02/v01/vendor/wrpc-sw_nosfpmatch_diag/ppsi/arch-sim/sim-io.c	207	2026-08-14T06:09:01.672088+00:00	d39713b30073031f684bafa60a47870867a036352cf895d76e3b8bb5353f4371	vendor-or-firmware-source
week02/v01/vendor/wrpc-sw_nosfpmatch_diag/ppsi/arch-sim/sim-startup.c	8791	2026-08-14T06:09:01.673088+00:00	f2a2f0645c11de229eafb39d75ec898a602dd016b96b7f0d42e3885db14fe052	vendor-or-firmware-source
week02/v01/vendor/wrpc-sw_nosfpmatch_diag/ppsi/arch-unix/Makefile	857	2026-08-14T06:09:01.675088+00:00	33fa0b27e60939cea1fd442aee171db26e3d9c83b952267dcb93c6d95615f582	vendor-or-firmware-source
week02/v01/vendor/wrpc-sw_nosfpmatch_diag/ppsi/arch-unix/include/arch/arch.h	227	2026-08-14T06:09:01.678088+00:00	9f9b93dbef5b1c7a2e99e14ddda79ae1408b8c3f4242fe8b8315ba3ec71c83ef	vendor-or-firmware-source
week02/v01/vendor/wrpc-sw_nosfpmatch_diag/ppsi/arch-unix/include/arch/constants.h	274	2026-08-14T06:09:01.680088+00:00	e4ed23d21008bae959a55bcb9b3515244056b9e02d7df4febb95c82cde2edb26	vendor-or-firmware-source
week02/v01/vendor/wrpc-sw_nosfpmatch_diag/ppsi/arch-unix/include/ppsi-unix.h	357	2026-08-14T06:09:01.681088+00:00	7895b872d5080517cb0348cfdb7c4d9cbd496f3c6bbc8b7e529d9c3dc46b418f	vendor-or-firmware-source
week02/v01/vendor/wrpc-sw_nosfpmatch_diag/ppsi/arch-unix/main-loop.c	3226	2026-08-14T06:09:01.682088+00:00	4bea5232e889752cd732d929c379db40174b105cfd358b3dd845ee61363a4afa	vendor-or-firmware-source
week02/v01/vendor/wrpc-sw_nosfpmatch_diag/ppsi/arch-unix/unix-conf.c	318	2026-08-14T06:09:01.684088+00:00	22a26517f0f7a9b782a1aca745429a624c3b2792330d372066c700fd9baf7d07	vendor-or-firmware-source
week02/v01/vendor/wrpc-sw_nosfpmatch_diag/ppsi/arch-unix/unix-io.c	207	2026-08-14T06:09:01.685088+00:00	d39713b30073031f684bafa60a47870867a036352cf895d76e3b8bb5353f4371	vendor-or-firmware-source
week02/v01/vendor/wrpc-sw_nosfpmatch_diag/ppsi/arch-unix/unix-startup.c	9612	2026-08-14T06:09:01.688088+00:00	7388520ae89b9c14c949771bde89ab02d948268a9caf8a6b17a5968979f799d9	vendor-or-firmware-source
week02/v01/vendor/wrpc-sw_nosfpmatch_diag/ppsi/arch-wrpc/Makefile	833	2026-08-14T06:09:01.693088+00:00	90f0c6ad933c874aa488fdf7ef0a83a241d51d47e96074a399de45d916cc31f2	vendor-or-firmware-source
week02/v01/vendor/wrpc-sw_nosfpmatch_diag/ppsi/arch-wrpc/arch.mk	660	2026-08-14T06:22:19.104370+00:00	1aeb9dacf9543cbc47a4b595628345c985ef4c69f71fe3413f17ed02d7c9090f	vendor-or-firmware-source
week02/v01/vendor/wrpc-sw_nosfpmatch_diag/ppsi/arch-wrpc/faults.c	1590	2026-08-14T06:09:01.696088+00:00	a9619e46de73fbed60de7f2e04fd809d2ffdad533fbcc8d4dd10d822c20e9c94	vendor-or-firmware-source
week02/v01/vendor/wrpc-sw_nosfpmatch_diag/ppsi/arch-wrpc/include/arch/arch.h	273	2026-08-14T06:09:01.698088+00:00	ea980904e1f77524dacb0f945b80340767d9448edec0150bea0024119a63d1d0	vendor-or-firmware-source
week02/v01/vendor/wrpc-sw_nosfpmatch_diag/ppsi/arch-wrpc/include/arch/constants.h	314	2026-08-14T06:09:01.700088+00:00	414fe0334ff4064ff6e3abd4edd884e7470709544ad424f5a40dc66d4ad02e37	vendor-or-firmware-source
week02/v01/vendor/wrpc-sw_nosfpmatch_diag/ppsi/arch-wrpc/wrc_ptp_ppsi.c	14727	2026-08-14T06:09:01.702088+00:00	24f352b829560c9e61080e164ea0854878d8a3b8d351118fc9134d4e931800a9	vendor-or-firmware-source
week02/v01/vendor/wrpc-sw_nosfpmatch_diag/ppsi/arch-wrpc/wrpc-calibration.c	1076	2026-08-14T06:09:01.703088+00:00	8abd792da542f48119d505026168167eb983a38066c836e377fb1ff23e6bbaf1	vendor-or-firmware-source
week02/v01/vendor/wrpc-sw_nosfpmatch_diag/ppsi/arch-wrpc/wrpc-io.c	236	2026-08-14T06:09:01.704088+00:00	83ea405401663c0e4f10872c4f950633f5bcbe68435ba4ff14c5d2790081edda	vendor-or-firmware-source
week02/v01/vendor/wrpc-sw_nosfpmatch_diag/ppsi/arch-wrpc/wrpc-spll.c	3189	2026-08-14T06:09:01.706088+00:00	17970fbdf04f9653cd26e7901a3e06bc0fe289a4fb5bc5c9fd1ef2051632c427	vendor-or-firmware-source
week02/v01/vendor/wrpc-sw_nosfpmatch_diag/ppsi/arch-wrpc/wrpc.h	3636	2026-08-14T06:09:01.707088+00:00	207809926ab633d652d3301170864d1fa93d10127d1b505ec7f61aee796fef74	vendor-or-firmware-source
week02/v01/vendor/wrpc-sw_nosfpmatch_diag/ppsi/arch-wrs/Makefile	2801	2026-08-14T06:09:01.711088+00:00	c349ba08c6150cc35b15a85d4c82e48095de32bdeb0b3d44f062db11ea670f8a	vendor-or-firmware-source
week02/v01/vendor/wrpc-sw_nosfpmatch_diag/ppsi/arch-wrs/include/arch/arch.h	227	2026-08-14T06:09:01.715088+00:00	b7bf4acb581226655da77da19746ac0075b2e51ec5ec4ce8389bae308b5037d9	vendor-or-firmware-source
week02/v01/vendor/wrpc-sw_nosfpmatch_diag/ppsi/arch-wrs/include/arch/constants.h	274	2026-08-14T06:09:01.716088+00:00	e4ed23d21008bae959a55bcb9b3515244056b9e02d7df4febb95c82cde2edb26	vendor-or-firmware-source
week02/v01/vendor/wrpc-sw_nosfpmatch_diag/ppsi/arch-wrs/include/libwr/wrs-msg.h	421	2026-08-14T06:09:01.719088+00:00	97fddd05c8b1636094e946b1edb836ad354b6fed362bf7dea37570552ef27efa	vendor-or-firmware-source
week02/v01/vendor/wrpc-sw_nosfpmatch_diag/ppsi/arch-wrs/include/ppsi-wrs.h	3020	2026-08-14T06:09:01.721088+00:00	003eac61b34f2a9a88df737323223c2b5ba44c4c6fcc4d241c03372c5320558a	vendor-or-firmware-source
week02/v01/vendor/wrpc-sw_nosfpmatch_diag/ppsi/arch-wrs/include/ppsi_exports.h	572	2026-08-14T06:09:01.722088+00:00	50f1abe19958a1510de6ae607b5d939c0c29e4cb701bcaf35173cdfa016548f5	vendor-or-firmware-source
week02/v01/vendor/wrpc-sw_nosfpmatch_diag/ppsi/arch-wrs/include/strnlen.h	79	2026-08-14T06:09:01.724088+00:00	5f78bc9b29cd39edbf884ad2bf10f2eeb252512ec7c3c8f8ff2378339a40f977	vendor-or-firmware-source
week02/v01/vendor/wrpc-sw_nosfpmatch_diag/ppsi/arch-wrs/main-loop.c	11619	2026-08-14T06:09:01.725088+00:00	354d1aacb100a8a2921fdae95e4f333a1875c8e6bb557191fecdac3b4316824b	vendor-or-firmware-source
week02/v01/vendor/wrpc-sw_nosfpmatch_diag/ppsi/arch-wrs/mini-rpc/Makefile	1549	2026-08-14T06:09:01.729088+00:00	b1627438f7023ceded526425acc874f55d26cb530c3d404a051190c32d0c7b95	vendor-or-firmware-source
week02/v01/vendor/wrpc-sw_nosfpmatch_diag/ppsi/arch-wrs/mini-rpc/arch-lm32/stdint.h	408	2026-08-14T06:09:01.733088+00:00	a19bf3f2cc5e84418eaebba9149b3877b61947c4addb0e5c01c140174fc9d9ed	vendor-or-firmware-source
week02/v01/vendor/wrpc-sw_nosfpmatch_diag/ppsi/arch-wrs/mini-rpc/doc/Makefile	1099	2026-08-14T06:09:01.738088+00:00	164ff5bdfff402d94a0e484edb7365b100c7684b97be43a06fab1ba643d265eb	vendor-or-firmware-source
week02/v01/vendor/wrpc-sw_nosfpmatch_diag/ppsi/arch-wrs/mini-rpc/examples/Makefile	1852	2026-08-14T06:09:01.746088+00:00	7f1e6c558bcba94d842646f1eaecccb68fbf4cd6914f5e625d512402d2749c5a	vendor-or-firmware-source
week02/v01/vendor/wrpc-sw_nosfpmatch_diag/ppsi/arch-wrs/mini-rpc/examples/freestanding-server.c	1685	2026-08-14T06:09:01.748087+00:00	1009e0b3f8e99ed2af27b8a3b905c4191ba43a050345026b08ad24fa633f52f5	vendor-or-firmware-source
week02/v01/vendor/wrpc-sw_nosfpmatch_diag/ppsi/arch-wrs/mini-rpc/examples/mbox-bridge.c	3708	2026-08-14T06:09:01.749088+00:00	607784411a0db70f3d61221f6cb80aca24b391131e4c0338435afc4ab1e2e175	vendor-or-firmware-source
week02/v01/vendor/wrpc-sw_nosfpmatch_diag/ppsi/arch-wrs/mini-rpc/examples/mbox-client.c	1646	2026-08-14T06:09:01.751087+00:00	1ed6756fe7f575a9f3c59932da78be6c6c2591417b7cc08839dd7e86e0b39767	vendor-or-firmware-source
week02/v01/vendor/wrpc-sw_nosfpmatch_diag/ppsi/arch-wrs/mini-rpc/examples/mbox-process.c	2024	2026-08-14T06:09:01.752088+00:00	945d42942254619d4449a1d1541eb8ed09c2a5964df8070a9abda0f2500661d1	vendor-or-firmware-source
week02/v01/vendor/wrpc-sw_nosfpmatch_diag/ppsi/arch-wrs/mini-rpc/examples/minipc-shmem.h	543	2026-08-14T06:09:01.753088+00:00	8dce3b925fb6791a7fbbb4ba3a00b7dfa5da2bb15c12013170e98e3fb664b216	vendor-or-firmware-source
week02/v01/vendor/wrpc-sw_nosfpmatch_diag/ppsi/arch-wrs/mini-rpc/examples/pty-client.c	3839	2026-08-14T06:09:01.754087+00:00	ec0cab156ff51922ffa4b49ac5651f599761a0a79488f480c9760e2ed3490e5c	vendor-or-firmware-source
week02/v01/vendor/wrpc-sw_nosfpmatch_diag/ppsi/arch-wrs/mini-rpc/examples/pty-rpc_server.c	3625	2026-08-14T06:09:01.755087+00:00	4dbf7b667b0de132158f9ca278032943ac38b516b4e4a6dc818c655766d4aa4c	vendor-or-firmware-source
week02/v01/vendor/wrpc-sw_nosfpmatch_diag/ppsi/arch-wrs/mini-rpc/examples/pty-rpc_structs.c	2129	2026-08-14T06:09:01.757087+00:00	69ed53c7412078efb8727544a1093f3a122e43ed4c129b022c0d6e9d77c6f7ca	vendor-or-firmware-source
week02/v01/vendor/wrpc-sw_nosfpmatch_diag/ppsi/arch-wrs/mini-rpc/examples/pty-server.c	3713	2026-08-14T06:09:01.758087+00:00	444f949aaf545c671cbb7941a4789cd13c62b2dcf1d4a5134beed8d9d3fee55f	vendor-or-firmware-source
week02/v01/vendor/wrpc-sw_nosfpmatch_diag/ppsi/arch-wrs/mini-rpc/examples/pty-server.h	386	2026-08-14T06:09:01.759088+00:00	0a10051c12956b6bf8155f633a3b53414597552a87b14172a56ced1a1683dc8a	vendor-or-firmware-source
week02/v01/vendor/wrpc-sw_nosfpmatch_diag/ppsi/arch-wrs/mini-rpc/examples/shmem-client.c	3671	2026-08-14T06:09:01.760087+00:00	55afe14be178fcb3110d214219b41ac80eef3c070247f2124d3ba75591529277	vendor-or-firmware-source
week02/v01/vendor/wrpc-sw_nosfpmatch_diag/ppsi/arch-wrs/mini-rpc/examples/shmem-server.c	3806	2026-08-14T06:09:01.762087+00:00	a061969555e8f8b86f01e57f1012544c2556a37a3f9ab9055672171620ca1554	vendor-or-firmware-source
week02/v01/vendor/wrpc-sw_nosfpmatch_diag/ppsi/arch-wrs/mini-rpc/examples/shmem-structs.c	1945	2026-08-14T06:09:01.764087+00:00	fc19b7358599988338ab5da98b21c876335c2c1b2353b1c8102dda2456b3141f	vendor-or-firmware-source
week02/v01/vendor/wrpc-sw_nosfpmatch_diag/ppsi/arch-wrs/mini-rpc/examples/shmem-structs.h	212	2026-08-14T06:09:01.764087+00:00	ca6acdaef4c71c6aaa4e415cb5c2763c290671334db3f17c3ebecb0914f16563	vendor-or-firmware-source
week02/v01/vendor/wrpc-sw_nosfpmatch_diag/ppsi/arch-wrs/mini-rpc/examples/trivial-client.c	2278	2026-08-14T06:09:01.765087+00:00	64b2bc143bdb6b5ba7e4a73fcb963880196062a34bc416c36a13011020d33e5d	vendor-or-firmware-source
week02/v01/vendor/wrpc-sw_nosfpmatch_diag/ppsi/arch-wrs/mini-rpc/examples/trivial-server.c	2314	2026-08-14T06:09:01.766088+00:00	760b3498622d526938c96449deaa852e5935f0b1f56c35a86a5d3b6da7c5e9e2	vendor-or-firmware-source
week02/v01/vendor/wrpc-sw_nosfpmatch_diag/ppsi/arch-wrs/mini-rpc/minipc-client.c	4844	2026-08-14T06:09:01.768087+00:00	f4a0af4def1a57f89342e3be195b050a7a1d8a79117bc710ef005845909e972e	vendor-or-firmware-source
week02/v01/vendor/wrpc-sw_nosfpmatch_diag/ppsi/arch-wrs/mini-rpc/minipc-core.c	6404	2026-08-14T06:09:01.769087+00:00	74b0a3bc17bf6b0a0202830150b1f9af9fa7de86f4cdee58515c0766bd6ccc53	vendor-or-firmware-source
week02/v01/vendor/wrpc-sw_nosfpmatch_diag/ppsi/arch-wrs/mini-rpc/minipc-int.h	3262	2026-08-14T06:09:01.771087+00:00	640d3149a8a781c7b7f820254623e52c2f04c11203b8577d4bbf75145b2231eb	vendor-or-firmware-source
week02/v01/vendor/wrpc-sw_nosfpmatch_diag/ppsi/arch-wrs/mini-rpc/minipc-mem-server.c	5477	2026-08-14T06:09:01.772087+00:00	2ed10740084b61e22f70ab548b22e0f39cc5666e55e77685598b91ec6b544832	vendor-or-firmware-source
week02/v01/vendor/wrpc-sw_nosfpmatch_diag/ppsi/arch-wrs/mini-rpc/minipc-server.c	6549	2026-08-14T06:09:01.773087+00:00	9b7d6ddd02d11e53c3bddad010e92a698925db19475be6e6aa5b188e4d71c98c	vendor-or-firmware-source
week02/v01/vendor/wrpc-sw_nosfpmatch_diag/ppsi/arch-wrs/mini-rpc/minipc.h	3797	2026-08-14T06:09:01.775087+00:00	63c87a098fe9d4a2689c9e94876e2cc5a855d3e76f768d3088e7f34c980463eb	vendor-or-firmware-source
week02/v01/vendor/wrpc-sw_nosfpmatch_diag/ppsi/arch-wrs/save_size.sh	715	2026-08-14T06:09:01.776087+00:00	cbae5eac9490331e93492f085570de498b4cd72a4cf0c88d0d9d19b92218762a	vendor-or-firmware-source
week02/v01/vendor/wrpc-sw_nosfpmatch_diag/ppsi/arch-wrs/shmem.c	7705	2026-08-14T06:09:01.778087+00:00	f0363d6927b6ac93f5cdeab833940b1464a955148ff8a8483d47f12ddc13caaf	vendor-or-firmware-source
week02/v01/vendor/wrpc-sw_nosfpmatch_diag/ppsi/arch-wrs/util.c	3353	2026-08-14T06:09:01.779087+00:00	3317394075bbdbd76dc816696a408d0911a3afe6a8d75421161e08311ceec491	vendor-or-firmware-source
week02/v01/vendor/wrpc-sw_nosfpmatch_diag/ppsi/arch-wrs/wrs-calibration.c	1081	2026-08-14T06:09:01.781087+00:00	fbc14a3734bbb7b5e09c7df4f5b87028106e59ae3ddb17121d0992f8a3f1c81c	vendor-or-firmware-source
week02/v01/vendor/wrpc-sw_nosfpmatch_diag/ppsi/arch-wrs/wrs-conf.c	318	2026-08-14T06:09:01.782087+00:00	22a26517f0f7a9b782a1aca745429a624c3b2792330d372066c700fd9baf7d07	vendor-or-firmware-source
week02/v01/vendor/wrpc-sw_nosfpmatch_diag/ppsi/arch-wrs/wrs-io.c	207	2026-08-14T06:09:01.783087+00:00	d39713b30073031f684bafa60a47870867a036352cf895d76e3b8bb5353f4371	vendor-or-firmware-source
week02/v01/vendor/wrpc-sw_nosfpmatch_diag/ppsi/arch-wrs/wrs-ipcserver.c	933	2026-08-14T06:09:01.785087+00:00	523cef9b14920fe16cd1976a6f533ee83855ed7126152c55c8c7044de383c7b9	vendor-or-firmware-source
week02/v01/vendor/wrpc-sw_nosfpmatch_diag/ppsi/arch-wrs/wrs-port.c	2263	2026-08-14T06:09:01.786087+00:00	ff635d8005e0d736d6d8dac41370b83fcb48eb3b50f96150913e702164122e8d	vendor-or-firmware-source
week02/v01/vendor/wrpc-sw_nosfpmatch_diag/ppsi/arch-wrs/wrs-startup.c	14250	2026-08-14T06:09:01.789087+00:00	9eb340b2955be5785d7ff06cb357d2837724ad310e396923ca4efcd4ad087cad	vendor-or-firmware-source
week02/v01/vendor/wrpc-sw_nosfpmatch_diag/ppsi/diag.c	1634	2026-08-14T06:09:01.822087+00:00	b5523c9a4f58e6a3ecfc3f24f2b3c79cf3a58d2adf115ca2efcd46fff62ffe71	vendor-or-firmware-source
week02/v01/vendor/wrpc-sw_nosfpmatch_diag/ppsi/doc/Makefile	1185	2026-08-14T06:09:01.826087+00:00	4921a4649fe88970a89ba6481361c1a4ee1ff3f938c4660074a5f4cfa53c2d1f	vendor-or-firmware-source
week02/v01/vendor/wrpc-sw_nosfpmatch_diag/ppsi/fsm.c	11639	2026-08-14T06:09:01.840087+00:00	5594a8a625a9e8294cc6079139c94811664bc059d16485fc2948fba31afbeeb8	vendor-or-firmware-source
week02/v01/vendor/wrpc-sw_nosfpmatch_diag/ppsi/include/hw-specific/wrh.h	4080	2026-08-14T06:09:01.843087+00:00	879d45cece4d49ebad9ae4ebe710272df5ffedd781bbde16aba5a3c382c81e47	vendor-or-firmware-source
week02/v01/vendor/wrpc-sw_nosfpmatch_diag/ppsi/include/ppsi/assert.h	829	2026-08-14T06:09:01.845087+00:00	be454592e9f0c5c93a04f8587cb07afd22c57c240abbc2a493544386c19500f8	vendor-or-firmware-source
week02/v01/vendor/wrpc-sw_nosfpmatch_diag/ppsi/include/ppsi/bmc.h	1503	2026-08-14T06:09:01.846087+00:00	909d875abcdd21b206dbbab6b8d992bb2a3ad189a990ba4ece1c304c9aedbb77	vendor-or-firmware-source
week02/v01/vendor/wrpc-sw_nosfpmatch_diag/ppsi/include/ppsi/conf.h	4988	2026-08-14T06:09:01.848087+00:00	824989e4480c8d437faa6f1ab6900effe89f8e4b916b5d321594b0913cbfc08f	vendor-or-firmware-source
week02/v01/vendor/wrpc-sw_nosfpmatch_diag/ppsi/include/ppsi/constants.h	6975	2026-08-14T06:09:01.849087+00:00	6303320b244fc65c783594ffc54955c0bab7b134429b0bfee594db4f1c275bc4	vendor-or-firmware-source
week02/v01/vendor/wrpc-sw_nosfpmatch_diag/ppsi/include/ppsi/diag-macros.h	3779	2026-08-14T06:09:01.851087+00:00	532eef80094cf275b5f938b96dce38e72e0364cdb4aa918b4c7b0b902f9274fa	vendor-or-firmware-source
week02/v01/vendor/wrpc-sw_nosfpmatch_diag/ppsi/include/ppsi/faults.h	545	2026-08-14T06:09:01.852087+00:00	e3f5bcf60d2415c8c73b328a0f4806ef115445674c9ae0589a48540c36af08c6	vendor-or-firmware-source
week02/v01/vendor/wrpc-sw_nosfpmatch_diag/ppsi/include/ppsi/ieee1588_types.h	13677	2026-08-14T06:09:01.854087+00:00	7a1b23fd26081ed2c6fc95ceaea58ea90339c06373735a69ed2e1e401e5bf830	vendor-or-firmware-source
week02/v01/vendor/wrpc-sw_nosfpmatch_diag/ppsi/include/ppsi/jiffies.h	1266	2026-08-14T06:09:01.855087+00:00	010386e3cd1c39ba5fcc69794cab918d989b217dc30fb94c53d472b0cd8f80e9	vendor-or-firmware-source
week02/v01/vendor/wrpc-sw_nosfpmatch_diag/ppsi/include/ppsi/lib.h	1241	2026-08-14T06:09:01.857087+00:00	8dabded914be9807a736ce68ac2e43baab1b865e7c6530472dc3d648f9d5b6c0	vendor-or-firmware-source
week02/v01/vendor/wrpc-sw_nosfpmatch_diag/ppsi/include/ppsi/pp-instance.h	12751	2026-08-14T06:09:01.858087+00:00	79be79227ea26c30829457e8295bc604b89455216c89d97fdd28a3f786cf3272	vendor-or-firmware-source
week02/v01/vendor/wrpc-sw_nosfpmatch_diag/ppsi/include/ppsi/pp-time.h	711	2026-08-14T06:09:01.860087+00:00	bc9368598f0f1ae125ed8f4812ee1f727b0d4d0730854c1c99804d133c0d9113	vendor-or-firmware-source
week02/v01/vendor/wrpc-sw_nosfpmatch_diag/ppsi/include/ppsi/ppsi.h	17004	2026-08-14T06:09:01.861087+00:00	8a1452ca5f54c8482b562e870552df129b04f1e57f6ef2ed68260959ef8134af	vendor-or-firmware-source
week02/v01/vendor/wrpc-sw_nosfpmatch_diag/ppsi/include/ppsi/timeout_def.h	1632	2026-08-14T06:09:01.863087+00:00	de42dfaa8ef04f765073119803199a38cd3334629b7a6f2103b4bb0386e639a4	vendor-or-firmware-source
week02/v01/vendor/wrpc-sw_nosfpmatch_diag/ppsi/include/ppsi/timeout_prot.h	2889	2026-08-14T06:09:01.864087+00:00	f8d674fb7365b3083dc1bef6c00a5b53323bee3e059114cadced9a05adc0155a	vendor-or-firmware-source
week02/v01/vendor/wrpc-sw_nosfpmatch_diag/ppsi/lib/assert.c	690	2026-08-14T06:09:01.874087+00:00	77e68507bcde52d660c0349472352e5daeddc302a623a323b87885ea6acd140d	vendor-or-firmware-source
week02/v01/vendor/wrpc-sw_nosfpmatch_diag/ppsi/lib/cmdline.c	2441	2026-08-14T06:09:01.875087+00:00	199e56b1f94b167c2dc925ec137095d76984b2cc73824d6ffca8b955fe000d9a	vendor-or-firmware-source
week02/v01/vendor/wrpc-sw_nosfpmatch_diag/ppsi/lib/conf.c	20774	2026-08-14T06:09:01.877087+00:00	732d7e71ebed49b4b44102409e3b38c7f4ab5c9ccb2b289b1f20abc9792bece9	vendor-or-firmware-source
week02/v01/vendor/wrpc-sw_nosfpmatch_diag/ppsi/lib/div64.c	1205	2026-08-14T06:09:01.879087+00:00	af55054c0d7d79803c0ebf9c1a2e1ea1694d1423ad423d21af4ffab8dc8d232d	vendor-or-firmware-source
week02/v01/vendor/wrpc-sw_nosfpmatch_diag/ppsi/lib/drop.c	926	2026-08-14T06:09:01.880087+00:00	7d3a950423cf6a87d07bb39de904a2af4e8f8976d9c6d8931eda0a46b93d332d	vendor-or-firmware-source
week02/v01/vendor/wrpc-sw_nosfpmatch_diag/ppsi/lib/dump-funcs.c	13733	2026-08-14T06:09:01.883087+00:00	418b9ea16f5d8864c3ecd9a0c764ae543c676d0d4d3c194062f4c5358bf8daa1	vendor-or-firmware-source
week02/v01/vendor/wrpc-sw_nosfpmatch_diag/ppsi/lib/faults.c	351	2026-08-14T06:09:01.884087+00:00	3d48de8e3b405d8242226c85b35da51ed3f855f21b8aa3a66ec69ea2da00a125	vendor-or-firmware-source
week02/v01/vendor/wrpc-sw_nosfpmatch_diag/ppsi/lib/libc-functions.c	1925	2026-08-14T06:22:49.919187+00:00	93a0ebb29e9432704f884094a14053952433436ac7a04803f947d111b5a70fa3	vendor-or-firmware-source
week02/v01/vendor/wrpc-sw_nosfpmatch_diag/ppsi/lib/network_types.h	1262	2026-08-14T06:09:01.888087+00:00	77136ebde2e2d1c191f41b158a6f908c4578fc51c95407b3cdf39ca666a1a100	vendor-or-firmware-source
week02/v01/vendor/wrpc-sw_nosfpmatch_diag/ppsi/lib/time-arith.c	8630	2026-08-14T06:09:01.889087+00:00	14be7859f187a3a816b876f39f369a60d9a46d276bb42d3a6ddb2470dc18d477	vendor-or-firmware-source
week02/v01/vendor/wrpc-sw_nosfpmatch_diag/ppsi/lib-bare/bare-io.c	228	2026-08-14T06:09:01.867087+00:00	f67c9c602f739549e42adbf7ed76fee107c5f1a9e473484824bae832467c30b1	vendor-or-firmware-source
week02/v01/vendor/wrpc-sw_nosfpmatch_diag/ppsi/lib-bare/bare-linux.h	7294	2026-08-14T06:09:01.869087+00:00	5232c9547f6c3b2d3ceca41164a5e489f11d86fd3f99a68c991d3595d3077db8	vendor-or-firmware-source
week02/v01/vendor/wrpc-sw_nosfpmatch_diag/ppsi/lib-bare/bare-startup.c	2571	2026-08-14T06:09:01.870087+00:00	eb3df95497f209a19f8bb8af667568276953a149638995f50d566332d410784e	vendor-or-firmware-source
week02/v01/vendor/wrpc-sw_nosfpmatch_diag/ppsi/lib-bare/main-loop.c	1967	2026-08-14T06:09:01.872087+00:00	36b97557c808044e903b3012eb7e1870c05f70aa1546d18c778bd670ccdbcb09	vendor-or-firmware-source
week02/v01/vendor/wrpc-sw_nosfpmatch_diag/ppsi/msgtype.c	1868	2026-08-14T06:09:01.891087+00:00	36329ec988357e3b6d064abbef8ee05df30fc0d2e53bf41597ce9859cdd184e1	vendor-or-firmware-source
week02/v01/vendor/wrpc-sw_nosfpmatch_diag/ppsi/pp_printf/Makefile	1448	2026-08-14T06:09:01.896087+00:00	fb6842db40f036ec539af490e5617a3d674d8160ed5255e45bba6d920e4bd5f3	vendor-or-firmware-source
week02/v01/vendor/wrpc-sw_nosfpmatch_diag/ppsi/pp_printf/div64.c	1203	2026-08-14T06:09:01.900087+00:00	428bc7c6225f085bd1bd6ce2d1f4fc529a0cc92549b2a6e849fc22e6d36e1aa6	vendor-or-firmware-source
week02/v01/vendor/wrpc-sw_nosfpmatch_diag/ppsi/pp_printf/example-printf.c	492	2026-08-14T06:09:01.902086+00:00	d30ff2f19787e19c508d90929394e43191dcb8553dd803b39aae830a630e27c0	vendor-or-firmware-source
week02/v01/vendor/wrpc-sw_nosfpmatch_diag/ppsi/pp_printf/example-printf64.c	630	2026-08-14T06:09:01.903087+00:00	51219e12b8dc3137a938f2f4cf20d20c8af389671dfdd0eb66e502ff75b188ba	vendor-or-firmware-source
week02/v01/vendor/wrpc-sw_nosfpmatch_diag/ppsi/pp_printf/pp-printf.h	446	2026-08-14T06:09:01.904087+00:00	93b637a1deb663d6d5992db4dae0668fd5884d8d348465a2351180e205c75e8b	vendor-or-firmware-source
week02/v01/vendor/wrpc-sw_nosfpmatch_diag/ppsi/pp_printf/printf.c	712	2026-08-14T06:09:01.905087+00:00	573c47d4b52319652428b29bc571732a726c56885a5155c14def7b0f0098902b	vendor-or-firmware-source
week02/v01/vendor/wrpc-sw_nosfpmatch_diag/ppsi/pp_printf/vsprintf-full.c	9264	2026-08-14T06:09:01.907087+00:00	83556a91a346d3dfe95fcf1828b353f1fc911197dcb9918f2aeb0f268d773fe7	vendor-or-firmware-source
week02/v01/vendor/wrpc-sw_nosfpmatch_diag/ppsi/pp_printf/vsprintf-mini.c	1360	2026-08-14T06:09:01.908087+00:00	e0eccaa3c4b5baea00f2c69696b29b6161d4d59a6dcbca4891da522420c6091a	vendor-or-firmware-source
week02/v01/vendor/wrpc-sw_nosfpmatch_diag/ppsi/pp_printf/vsprintf-none.c	262	2026-08-14T06:09:01.909086+00:00	a18e9c9cae584d966549943fd3456870fa2dbf6952762d40db8805d76eb5db3c	vendor-or-firmware-source
week02/v01/vendor/wrpc-sw_nosfpmatch_diag/ppsi/pp_printf/vsprintf-xint.c	2027	2026-08-14T06:09:01.910087+00:00	05b49a109bf55cc5110ee5eeea89eb314afdc5e425e2f003b35854b721abcc77	vendor-or-firmware-source
week02/v01/vendor/wrpc-sw_nosfpmatch_diag/ppsi/ppsi.mk	1323	2026-08-14T06:09:01.911087+00:00	bb054c42eb693cb7d32fd112107f60e1685b445de12ebda366aee0b21de7b977	vendor-or-firmware-source
week02/v01/vendor/wrpc-sw_nosfpmatch_diag/ppsi/proto-ext-common/Makefile	191	2026-08-14T06:09:01.913087+00:00	8e71bd788e7c5f3b3d4e34dbb8e40557939681d84f93e994e812c327d7758012	vendor-or-firmware-source
week02/v01/vendor/wrpc-sw_nosfpmatch_diag/ppsi/proto-ext-common/wrh-servo.c	9238	2026-08-14T06:09:01.915087+00:00	d758d7038bac9f7ed612c54cc87bcf0174bd37d82a0b44efd43c4906821a149e	vendor-or-firmware-source
week02/v01/vendor/wrpc-sw_nosfpmatch_diag/ppsi/proto-ext-common/wrh-servo_state_name.h	534	2026-08-14T06:09:01.916086+00:00	3a97548c488adb0ff1c222181856d5e32a84bf25f8ef5514a378a5736aa57786	vendor-or-firmware-source
week02/v01/vendor/wrpc-sw_nosfpmatch_diag/ppsi/proto-ext-l1sync/Makefile	143	2026-08-14T06:09:01.917087+00:00	508c9deac032d01ad29d6519a474ca8eb6b4c319d7b4a2ae94093e618e856335	vendor-or-firmware-source
week02/v01/vendor/wrpc-sw_nosfpmatch_diag/ppsi/proto-ext-l1sync/l1e-api.h	4584	2026-08-14T06:09:01.919086+00:00	ec6521d1b3969da4b1efb92438ebfac6bd49c8de0613cb88d2f157b6d52d4b53	vendor-or-firmware-source
week02/v01/vendor/wrpc-sw_nosfpmatch_diag/ppsi/proto-ext-l1sync/l1e-constants.h	318	2026-08-14T06:09:01.920087+00:00	59ba9cac838f3abe589de9a992bb3674a14488b7876b14fbb9f0babf1972c783	vendor-or-firmware-source
week02/v01/vendor/wrpc-sw_nosfpmatch_diag/ppsi/proto-ext-l1sync/l1e-hooks.c	8631	2026-08-14T06:09:01.921087+00:00	9fe608296c4535fbf39a4e89396d1d69e5932a50f1c205f527c2d1ad041ec45c	vendor-or-firmware-source
week02/v01/vendor/wrpc-sw_nosfpmatch_diag/ppsi/proto-ext-l1sync/l1e-msg.c	6213	2026-08-14T06:09:01.923086+00:00	c9e5a8c924c9301d06ea2ae9a99a137fac9186063e98ee548ac355efcead1ce0	vendor-or-firmware-source
week02/v01/vendor/wrpc-sw_nosfpmatch_diag/ppsi/proto-ext-l1sync/l1e-state-machine.c	13661	2026-08-14T06:09:01.924087+00:00	06366aa07c54a77dbf5ac9dc786e713539a54fe42f161a453749e144a33ed543	vendor-or-firmware-source
week02/v01/vendor/wrpc-sw_nosfpmatch_diag/ppsi/proto-ext-whiterabbit/Makefile	410	2026-08-14T06:09:01.926086+00:00	b9d205417d924339f1447f14941d2fefce575e7a67603dc580c601cbe02af59c	vendor-or-firmware-source
week02/v01/vendor/wrpc-sw_nosfpmatch_diag/ppsi/proto-ext-whiterabbit/common-fun.c	1451	2026-08-14T06:09:01.928087+00:00	ea3eb12552589ba9abb7eb004e85127f6ae4b0ee47c7e31d256985e13a5a9bba	vendor-or-firmware-source
week02/v01/vendor/wrpc-sw_nosfpmatch_diag/ppsi/proto-ext-whiterabbit/hooks.c	11333	2026-08-14T06:09:01.931087+00:00	88ce4b4d3a09321e893c85bf9db6f09703995b465073c2327aadd0b5ba5cac8e	vendor-or-firmware-source
week02/v01/vendor/wrpc-sw_nosfpmatch_diag/ppsi/proto-ext-whiterabbit/state-wr-calibrated.c	1745	2026-08-14T06:09:01.934086+00:00	044d45648e64b00f1c02ac60370cfc8c51148a98cf8ba5ab2d202b989ec02366	vendor-or-firmware-source
week02/v01/vendor/wrpc-sw_nosfpmatch_diag/ppsi/proto-ext-whiterabbit/state-wr-calibration.c	1742	2026-08-14T06:09:01.936086+00:00	9732764ddb92239798675801512f4e25d6e05fbae1c4c857c2eed54dc0b59ad9	vendor-or-firmware-source
week02/v01/vendor/wrpc-sw_nosfpmatch_diag/ppsi/proto-ext-whiterabbit/state-wr-idle.c	1865	2026-08-14T06:09:01.937086+00:00	fc74fd3353386585a90c290842a554531edbf71552fca301a0c251b8478d3714	vendor-or-firmware-source
week02/v01/vendor/wrpc-sw_nosfpmatch_diag/ppsi/proto-ext-whiterabbit/state-wr-link-on.c	715	2026-08-14T06:09:01.938087+00:00	d7aeb5f4190b149b4e45616fba981c29debb296d8cdd75d1c1df61fba97a6707	vendor-or-firmware-source
week02/v01/vendor/wrpc-sw_nosfpmatch_diag/ppsi/proto-ext-whiterabbit/state-wr-locked.c	1618	2026-08-14T06:09:01.940086+00:00	aaab92069227b2cd06da13e0e8bb9e51c6eb5ce8562d448e5afac79780b8ece7	vendor-or-firmware-source
week02/v01/vendor/wrpc-sw_nosfpmatch_diag/ppsi/proto-ext-whiterabbit/state-wr-m-lock.c	1592	2026-08-14T06:09:01.941086+00:00	3316c102aff6362eea7f33590d9d9938e3879ac57ed7714b7ddead4664579ceb	vendor-or-firmware-source
week02/v01/vendor/wrpc-sw_nosfpmatch_diag/ppsi/proto-ext-whiterabbit/state-wr-present.c	1618	2026-08-14T06:09:01.942086+00:00	0e06ea467e8ce1b1f2efaa3dceb75ac65bd9b5f188e2abe1c71214090b561d5c	vendor-or-firmware-source
week02/v01/vendor/wrpc-sw_nosfpmatch_diag/ppsi/proto-ext-whiterabbit/state-wr-resp-calib-req.c	1659	2026-08-14T06:09:01.945086+00:00	ce7b746862363164978bf8d9bacba7a0b45ae6b6f8fa33c6107d3043f9e8ca42	vendor-or-firmware-source
week02/v01/vendor/wrpc-sw_nosfpmatch_diag/ppsi/proto-ext-whiterabbit/state-wr-s-lock.c	1225	2026-08-14T06:09:01.949086+00:00	9f5a8bad5103e03432d4da1310859f7351f6b64a0797fef5bfc4674393abe979	vendor-or-firmware-source
week02/v01/vendor/wrpc-sw_nosfpmatch_diag/ppsi/proto-ext-whiterabbit/wr-api.h	5273	2026-08-14T06:09:01.950086+00:00	3fe11061a4e96240014713d85a7da4f1d581df47a51af260d787d20c75972da2	vendor-or-firmware-source
week02/v01/vendor/wrpc-sw_nosfpmatch_diag/ppsi/proto-ext-whiterabbit/wr-constants.h	3048	2026-08-14T06:09:01.952086+00:00	8748e72d8dab582f33c73a929e022e437d4b14c3290e9d87182b0bd96b47063a	vendor-or-firmware-source
week02/v01/vendor/wrpc-sw_nosfpmatch_diag/ppsi/proto-ext-whiterabbit/wr-msg.c	8141	2026-08-14T06:09:01.953086+00:00	c485117272559b94b03788ff0136e898c4679a3f5dcb2c63adf169bb39aed4f2	vendor-or-firmware-source
week02/v01/vendor/wrpc-sw_nosfpmatch_diag/ppsi/proto-ext-whiterabbit/wr-servo.c	2006	2026-08-14T06:09:01.955086+00:00	d670caed7acfbdb44edfdbead0f6801c930e8a4f119aa654e1947c52acc64900	vendor-or-firmware-source
week02/v01/vendor/wrpc-sw_nosfpmatch_diag/ppsi/proto-ext-whiterabbit/wr-state-machine.c	2021	2026-08-14T06:09:01.957086+00:00	5031c651a5ae88e87b1451b82a6124a1db1630459026c54b10c505be9926304d	vendor-or-firmware-source
week02/v01/vendor/wrpc-sw_nosfpmatch_diag/ppsi/proto-standard/Makefile	509	2026-08-14T06:09:01.959086+00:00	41090c4814b16e2b98b08691d74671bb697d43d77e79d32ddcdfbe9587210088	vendor-or-firmware-source
week02/v01/vendor/wrpc-sw_nosfpmatch_diag/ppsi/proto-standard/bmc.c	43445	2026-08-14T06:09:01.964086+00:00	2c2f0bd7e9aeddee7ffcbb0c8e204059d0605d5b0fbe005644d81b113f2198f0	vendor-or-firmware-source
week02/v01/vendor/wrpc-sw_nosfpmatch_diag/ppsi/proto-standard/bmc_clock_quality.c	15341	2026-08-14T06:09:01.966086+00:00	d949245d35e4ba873b909073a6b22afd18869a6efac455f7deca2bc975382e0f	vendor-or-firmware-source
week02/v01/vendor/wrpc-sw_nosfpmatch_diag/ppsi/proto-standard/common-fun-p2p.c	5546	2026-08-14T06:09:01.967086+00:00	b09c673575254310c2f15ca22d7f3114974100c22108a69eff21759da803b683	vendor-or-firmware-source
week02/v01/vendor/wrpc-sw_nosfpmatch_diag/ppsi/proto-standard/common-fun.c	5088	2026-08-14T06:09:01.969086+00:00	7c9b4b1dbd386c55f820a02bd74c50a46edf0f722e98baa6db8c0ab72c62cbb0	vendor-or-firmware-source
week02/v01/vendor/wrpc-sw_nosfpmatch_diag/ppsi/proto-standard/common-fun.h	1631	2026-08-14T06:09:01.971086+00:00	ba9e2aa76e378228d3f974fc8c6befeb0139d51dc395416f731a69de9e5c86a0	vendor-or-firmware-source
week02/v01/vendor/wrpc-sw_nosfpmatch_diag/ppsi/proto-standard/fsm-lib.c	3660	2026-08-14T06:09:01.973086+00:00	aeac82c67c221b47d200c9a4e98a17883fd30cc1e1b8cce756e0f224fcbd41a5	vendor-or-firmware-source
week02/v01/vendor/wrpc-sw_nosfpmatch_diag/ppsi/proto-standard/fsm-table.c	758	2026-08-14T06:09:01.974086+00:00	508c54235f6d472671465ac00c1194322e856a9e7e1e2bbbded13d104b9bceb7	vendor-or-firmware-source
week02/v01/vendor/wrpc-sw_nosfpmatch_diag/ppsi/proto-standard/hooks.c	409	2026-08-14T06:09:01.975086+00:00	9a0c6c03b53d24d2d37f6489183b358fc20a0851b006534c62ad4e5fd3583482	vendor-or-firmware-source
week02/v01/vendor/wrpc-sw_nosfpmatch_diag/ppsi/proto-standard/msg-p2p.c	5328	2026-08-14T06:09:01.978086+00:00	be57baa72c532ea069f21154eee71f8a4308b6fc6ce04930908e78778e1b5e48	vendor-or-firmware-source
week02/v01/vendor/wrpc-sw_nosfpmatch_diag/ppsi/proto-standard/msg.c	14200	2026-08-14T06:09:01.978086+00:00	f401749ee9868feb6314489e7c8507013132396dd7c69aa9f35111318eb53101	vendor-or-firmware-source
week02/v01/vendor/wrpc-sw_nosfpmatch_diag/ppsi/proto-standard/msg.h	758	2026-08-14T06:09:01.980086+00:00	a7c04320bfa9d142abcf49642a4d43e6e09906aa0ae9ef1e625e880a43db64d5	vendor-or-firmware-source
week02/v01/vendor/wrpc-sw_nosfpmatch_diag/ppsi/proto-standard/open-close.c	7182	2026-08-14T06:09:01.981086+00:00	89dbff8edf9bfaee614e395c7de8c4869c16315dc3741d2a9f2edacf7d8e1c33	vendor-or-firmware-source
week02/v01/vendor/wrpc-sw_nosfpmatch_diag/ppsi/proto-standard/servo.c	18538	2026-08-14T06:09:01.982086+00:00	b18c11d642dd6076e1fd602dc54a1f2c17bf10190cfc726ff2f8721b2eae5177	vendor-or-firmware-source
week02/v01/vendor/wrpc-sw_nosfpmatch_diag/ppsi/proto-standard/state-abscal.c	1770	2026-08-14T06:09:01.984086+00:00	16bd5d0b61baac33238907e345b2573ffade89e1e40334c415f056f038c85483	vendor-or-firmware-source
week02/v01/vendor/wrpc-sw_nosfpmatch_diag/ppsi/proto-standard/state-disabled.c	379	2026-08-14T06:09:01.985086+00:00	472e5b4f1ab8b27a630f7cb0624cae5ead72467e84f54616c8c0c25ccca15905	vendor-or-firmware-source
week02/v01/vendor/wrpc-sw_nosfpmatch_diag/ppsi/proto-standard/state-faulty.c	1519	2026-08-14T06:09:01.986086+00:00	44fc0ccb503d0878f26aeb71b5c70c1aa1b983b820804562e4a2e89648de786a	vendor-or-firmware-source
week02/v01/vendor/wrpc-sw_nosfpmatch_diag/ppsi/proto-standard/state-initializing.c	5175	2026-08-14T06:09:01.987086+00:00	caacad073adb20d10202474cc0d0b643d5de9967558aa6ea7c06f9a83bd47923	vendor-or-firmware-source
week02/v01/vendor/wrpc-sw_nosfpmatch_diag/ppsi/proto-standard/state-listening.c	2711	2026-08-14T06:09:01.989086+00:00	527e1646833ec36ed9793048bfd34692714b6d63bb438b573646fd11a3e6bb9d	vendor-or-firmware-source
week02/v01/vendor/wrpc-sw_nosfpmatch_diag/ppsi/proto-standard/state-master.c	4627	2026-08-14T06:09:01.990086+00:00	0cae7f32df130fe69e2f4e9816a7cef006171f1a36803b971a57e7764659cf05	vendor-or-firmware-source
week02/v01/vendor/wrpc-sw_nosfpmatch_diag/ppsi/proto-standard/state-passive.c	3114	2026-08-14T06:09:01.991086+00:00	516ef2c67d7b834407328099eb23b8d95b43328674abc575efb7637e1f3235cd	vendor-or-firmware-source
week02/v01/vendor/wrpc-sw_nosfpmatch_diag/ppsi/proto-standard/state-slave.c	9833	2026-08-14T06:09:01.993086+00:00	34f3991917a1521eb072a615560e139a4fb5071abc84db77cd58d0b115569fad	vendor-or-firmware-source
week02/v01/vendor/wrpc-sw_nosfpmatch_diag/ppsi/scripts/Makefile	25	2026-08-14T06:09:01.996086+00:00	d049f5ee05389cd8674a4683323172d7ece6cef545659449d198228d2c63fb6f	vendor-or-firmware-source
week02/v01/vendor/wrpc-sw_nosfpmatch_diag/ppsi/scripts/basic/Makefile	726	2026-08-14T06:09:02.008086+00:00	3b00923d7b4973cf80ea4aaa05e6d35af4d23ba58b2acb5f73aab0e3568ce3d8	vendor-or-firmware-source
week02/v01/vendor/wrpc-sw_nosfpmatch_diag/ppsi/scripts/basic/docproc.c	11835	2026-08-14T06:09:02.009086+00:00	2801ed45f54f0a9a4d87f43beb1c1e98ea5f69ee54dea83ac7aa784f8385cfe2	vendor-or-firmware-source
week02/v01/vendor/wrpc-sw_nosfpmatch_diag/ppsi/scripts/basic/fixdep.c	9780	2026-08-14T06:09:02.011086+00:00	f40b9a9701fd35e05f7de20609458b0a9be5edcfef95f40ad493ab253f51de65	vendor-or-firmware-source
week02/v01/vendor/wrpc-sw_nosfpmatch_diag/ppsi/scripts/basic/hash.c	1104	2026-08-14T06:09:02.012086+00:00	1fd44879b62fd50b9fca8f7f339b70c59e0c922330d97d9f827d823e3168c0ec	vendor-or-firmware-source
week02/v01/vendor/wrpc-sw_nosfpmatch_diag/ppsi/scripts/kconfig/Makefile	10231	2026-08-14T06:09:02.016086+00:00	d57199f8793cd7eee3817011bde7dbfd2aea4b81ce887b320b63a8ce8cfab63a	vendor-or-firmware-source
week02/v01/vendor/wrpc-sw_nosfpmatch_diag/ppsi/scripts/kconfig/check.sh	214	2026-08-14T06:09:02.019086+00:00	da08d4f98d68d69b3307ff1fe3666c6104db8f19266d5f710baca8864859c2ac	vendor-or-firmware-source
week02/v01/vendor/wrpc-sw_nosfpmatch_diag/ppsi/scripts/kconfig/conf.c	16123	2026-08-14T06:09:02.021086+00:00	3385ddb4039f4abd9c1936acf8680976dee8c0eb4d39936058efc659d23847d4	vendor-or-firmware-source
week02/v01/vendor/wrpc-sw_nosfpmatch_diag/ppsi/scripts/kconfig/confdata.c	26265	2026-08-14T06:09:02.023086+00:00	8ab34437da50843d6e45a0f94dfebc669a7259298a0bc50e89d04ca78cb49ca2	vendor-or-firmware-source
week02/v01/vendor/wrpc-sw_nosfpmatch_diag/ppsi/scripts/kconfig/expr.c	27596	2026-08-14T06:09:02.025086+00:00	350eecf882ff96bf03e5e63402c2ae095b83f0070cf95d330dfa78c254d4d368	vendor-or-firmware-source
week02/v01/vendor/wrpc-sw_nosfpmatch_diag/ppsi/scripts/kconfig/expr.h	7182	2026-08-14T06:09:02.027086+00:00	3b9c451c5c18c7098c343b16ae368dca2638cfe6ace50f99801216840c5ca066	vendor-or-firmware-source
week02/v01/vendor/wrpc-sw_nosfpmatch_diag/ppsi/scripts/kconfig/gconf.c	39090	2026-08-14T06:09:02.029086+00:00	df6548e28e614b1f66f3d86ab0732e588f2b4714d8076acc2b2d716d39ae9da4	vendor-or-firmware-source
week02/v01/vendor/wrpc-sw_nosfpmatch_diag/ppsi/scripts/kconfig/images.c	6565	2026-08-14T06:09:02.033086+00:00	e4cd230d7d5d48a18ac2380c6d250e121cd80c2ca447eddc1e2976038a0a9931	vendor-or-firmware-source
week02/v01/vendor/wrpc-sw_nosfpmatch_diag/ppsi/scripts/kconfig/kxgettext.c	4196	2026-08-14T06:09:02.035086+00:00	d250b2e159e811ec43a68dac123c78e61743ab99c8b0bae43ae8d3fe6c60f930	vendor-or-firmware-source
week02/v01/vendor/wrpc-sw_nosfpmatch_diag/ppsi/scripts/kconfig/list.h	3710	2026-08-14T06:09:02.036086+00:00	d9ec14cb23fe1792d42b1982119af82cbaa4f567a1751744e0f5e439b6965b8f	vendor-or-firmware-source
week02/v01/vendor/wrpc-sw_nosfpmatch_diag/ppsi/scripts/kconfig/lkc.h	4554	2026-08-14T06:09:02.038086+00:00	515cfdc456275bbd5199e4c73e7b1a124d5c0889e50562f37aa20499a5acff43	vendor-or-firmware-source
week02/v01/vendor/wrpc-sw_nosfpmatch_diag/ppsi/scripts/kconfig/lkc_proto.h	2154	2026-08-14T06:09:02.040086+00:00	27f398e81b41c597e23629790db1f9b74cb7ca50e1baf36be4859bf7cb917f16	vendor-or-firmware-source
week02/v01/vendor/wrpc-sw_nosfpmatch_diag/ppsi/scripts/kconfig/lxdialog/check-lxdialog.sh	2085	2026-08-14T06:09:02.045086+00:00	8cd9754fff4d339170410f94e84d820b0423503ac54a9d371f2d5ed3186dbe9c	vendor-or-firmware-source
week02/v01/vendor/wrpc-sw_nosfpmatch_diag/ppsi/scripts/kconfig/lxdialog/checklist.c	8438	2026-08-14T06:09:02.046086+00:00	c00f18f13e4b39213ccdf7b6f94886d2b1d52318db9bb0dbe2e4b09ff96e4f4d	vendor-or-firmware-source
week02/v01/vendor/wrpc-sw_nosfpmatch_diag/ppsi/scripts/kconfig/lxdialog/dialog.h	7631	2026-08-14T06:09:02.048086+00:00	6bb25d3a4078ea683cf1e7ba47fe83692b9cffd4ad41b9ebc5640525e57f5568	vendor-or-firmware-source
week02/v01/vendor/wrpc-sw_nosfpmatch_diag/ppsi/scripts/kconfig/lxdialog/inputbox.c	7168	2026-08-14T06:09:02.049086+00:00	82ecb5016ad22a4ca4dce5cabb9ec28d406ee08b741bf0c72fda858ae6e2f504	vendor-or-firmware-source
week02/v01/vendor/wrpc-sw_nosfpmatch_diag/ppsi/scripts/kconfig/lxdialog/menubox.c	11241	2026-08-14T06:09:02.051086+00:00	6abc11a3e6163b2a75b8920d2869fb74d392fa6a7ca5c1cf71221d53751f9be7	vendor-or-firmware-source
week02/v01/vendor/wrpc-sw_nosfpmatch_diag/ppsi/scripts/kconfig/lxdialog/textbox.c	9206	2026-08-14T06:09:02.052086+00:00	19691b8461bf1a19fd8e6658a79e57137e98b5333c0711c4c0a08b8d6b01f4f7	vendor-or-firmware-source
week02/v01/vendor/wrpc-sw_nosfpmatch_diag/ppsi/scripts/kconfig/lxdialog/util.c	18321	2026-08-14T06:09:02.054086+00:00	1412c8d13ec9ef79f4acf9e35ea467ef3c383f1950bcf16e231e5263334df5ff	vendor-or-firmware-source
week02/v01/vendor/wrpc-sw_nosfpmatch_diag/ppsi/scripts/kconfig/lxdialog/yesno.c	2954	2026-08-14T06:09:02.056086+00:00	08949367713e2e841bca6c218c7bd2c8784cbebd32b77931b3f26053f5ef4925	vendor-or-firmware-source
week02/v01/vendor/wrpc-sw_nosfpmatch_diag/ppsi/scripts/kconfig/mconf.c	28402	2026-08-14T06:09:02.058086+00:00	d7940a84681b2c08668394f64681f7fd169695129d4efa6122aef5b28237054d	vendor-or-firmware-source
week02/v01/vendor/wrpc-sw_nosfpmatch_diag/ppsi/scripts/kconfig/menu.c	17249	2026-08-14T06:09:02.060086+00:00	f8cfe762336cb216ad083374f39da1887a87982db0dec1fa86357e4d4b5f30c9	vendor-or-firmware-source
week02/v01/vendor/wrpc-sw_nosfpmatch_diag/ppsi/scripts/kconfig/merge_config.sh	4298	2026-08-14T06:09:02.062086+00:00	1e1a365c35e66267a092ffd89a8d9ccb6cc097a585b7f65cf366dea85cfc2f9e	vendor-or-firmware-source
week02/v01/vendor/wrpc-sw_nosfpmatch_diag/ppsi/scripts/kconfig/nconf.c	39381	2026-08-14T06:09:02.064086+00:00	7090fdc7137968f5b813dbf0ceaa75b7708134ed445ab2b58bd106a293e8fc7a	vendor-or-firmware-source
week02/v01/vendor/wrpc-sw_nosfpmatch_diag/ppsi/scripts/kconfig/nconf.gui.c	14893	2026-08-14T06:09:02.066086+00:00	da111dccd4b2c99ec8c0bdc610870f8fc22cf851adf8ae9af2750025afda99b9	vendor-or-firmware-source
week02/v01/vendor/wrpc-sw_nosfpmatch_diag/ppsi/scripts/kconfig/nconf.h	1916	2026-08-14T06:09:02.067086+00:00	f4c21c8cb23903b0f5babb7f60756674861c5f43f62eb26d96a79beed328d280	vendor-or-firmware-source
week02/v01/vendor/wrpc-sw_nosfpmatch_diag/ppsi/scripts/kconfig/qconf.h	7544	2026-08-14T06:09:02.072086+00:00	977f3dc402e6f20cd2515e86a26175da10b34c631ac513854ea3122743a53747	vendor-or-firmware-source
week02/v01/vendor/wrpc-sw_nosfpmatch_diag/ppsi/scripts/kconfig/symbol.c	30454	2026-08-14T06:09:02.075086+00:00	abf9cc7608daffcb19a438c1da84eb935af649e931743cd399bf53634b570524	vendor-or-firmware-source
week02/v01/vendor/wrpc-sw_nosfpmatch_diag/ppsi/scripts/kconfig/util.c	2979	2026-08-14T06:09:02.077085+00:00	90e48470891cbe1838eeee34c7bba2c5498b46ece3da0f0e896de87a9524f619	vendor-or-firmware-source
week02/v01/vendor/wrpc-sw_nosfpmatch_diag/ppsi/time-bare/Makefile	191	2026-08-14T06:09:02.090086+00:00	cf8d81b72ebc536e0c24bf45a35f594f99e17d013faef7702b1a01de61869656	vendor-or-firmware-source
week02/v01/vendor/wrpc-sw_nosfpmatch_diag/ppsi/time-bare/bare-socket.c	4433	2026-08-14T06:09:02.092086+00:00	c6eb418e8d7fb9dbe0ad9ed23d9a972e34b52f115dedc8149d43725789b88037	vendor-or-firmware-source
week02/v01/vendor/wrpc-sw_nosfpmatch_diag/ppsi/time-bare/bare-time.c	4367	2026-08-14T06:09:02.094085+00:00	904bcc27762cd2f1fc6e612da29ca0569a74a529d7b4478964f763eac39fabcc	vendor-or-firmware-source
week02/v01/vendor/wrpc-sw_nosfpmatch_diag/ppsi/time-sim/Makefile	232	2026-08-14T06:09:02.095085+00:00	c7199ce3b7ee9b9c4ba61d6632ede0847e5a795ea3ab49c81ce3a2707f1ce358	vendor-or-firmware-source
week02/v01/vendor/wrpc-sw_nosfpmatch_diag/ppsi/time-sim/sim-socket.c	8681	2026-08-14T06:09:02.097085+00:00	fbed719558706d756fd40ddf1265c280ef04f07f2715d18233367bdabd342cb3	vendor-or-firmware-source
week02/v01/vendor/wrpc-sw_nosfpmatch_diag/ppsi/time-sim/sim-time.c	4434	2026-08-14T06:09:02.099086+00:00	f04f1f9d92ff24468f9319f50496096cb6665d37eaf304756680683e01441c7a	vendor-or-firmware-source
week02/v01/vendor/wrpc-sw_nosfpmatch_diag/ppsi/time-unix/Makefile	245	2026-08-14T06:09:02.100085+00:00	24221b1dc7f05f92b97838d8133167916a383901f86734b47115200885227b1b	vendor-or-firmware-source
week02/v01/vendor/wrpc-sw_nosfpmatch_diag/ppsi/time-unix/unix-socket.c	17182	2026-08-14T06:09:02.102085+00:00	6ea15e6b7068fa00a4333cc7a740b71d9593a000f0421d5198b08af30e33bde2	vendor-or-firmware-source
week02/v01/vendor/wrpc-sw_nosfpmatch_diag/ppsi/time-unix/unix-time.c	7224	2026-08-14T06:09:02.103086+00:00	5e7597270638d1598a0938628020369c8a1780d2d2971e95000b731e936701b9	vendor-or-firmware-source
week02/v01/vendor/wrpc-sw_nosfpmatch_diag/ppsi/time-wrpc/Makefile	188	2026-08-14T06:09:02.105085+00:00	c611c7f7e8541221b4e5e9dd6539726bec0a0aee062fdaca41a348c742d737f6	vendor-or-firmware-source
week02/v01/vendor/wrpc-sw_nosfpmatch_diag/ppsi/time-wrpc/wrpc-socket.c	5811	2026-08-14T06:09:02.107085+00:00	74bdf27be5613be41a579dd4734f242e9efc958d2cbb2852834e48a7fe14e02e	vendor-or-firmware-source
week02/v01/vendor/wrpc-sw_nosfpmatch_diag/ppsi/time-wrpc/wrpc-time.c	2642	2026-08-14T06:09:02.109085+00:00	7131a62d0137310bb7b573cdfdb0ae9208b8a7d30af9f11dfc49e2aeea9d48da	vendor-or-firmware-source
week02/v01/vendor/wrpc-sw_nosfpmatch_diag/ppsi/time-wrs/Makefile	58	2026-08-14T06:09:02.111085+00:00	3968520647f572b926d3181d0fd90360f935ca5a55431096df43f5de4da003ec	vendor-or-firmware-source
week02/v01/vendor/wrpc-sw_nosfpmatch_diag/ppsi/time-wrs/wrs-socket.c	19308	2026-08-14T06:09:02.113085+00:00	8982c415d08cfcaf06c40039b21c343272c4cc5c4921a492518074fc8fa98829	vendor-or-firmware-source
week02/v01/vendor/wrpc-sw_nosfpmatch_diag/ppsi/time-wrs/wrs-time.c	16171	2026-08-14T06:09:02.115085+00:00	335cc8d3712ad2b916cfe56bcac67f34f5e70b071d5fa3befe8aacf8feaee26b	vendor-or-firmware-source
week02/v01/vendor/wrpc-sw_nosfpmatch_diag/ppsi/timeout.c	9310	2026-08-14T06:09:02.117085+00:00	2d7f61e6fcbd84025e8d5b764f0e569469fd019a876fd54162af294df916c395	vendor-or-firmware-source
week02/v01/vendor/wrpc-sw_nosfpmatch_diag/ppsi/tools/Makefile	879	2026-08-14T06:09:02.120085+00:00	53584a07170c96c07362b369206dda3eced652513da9e6e164b1c1e051d5f1fb	vendor-or-firmware-source
week02/v01/vendor/wrpc-sw_nosfpmatch_diag/ppsi/tools/adjrate.c	1774	2026-08-14T06:09:02.122085+00:00	366a02e07dc7a69560202c454490f668ebbdc340b2b6f32d29ce2634fa1d12d5	vendor-or-firmware-source
week02/v01/vendor/wrpc-sw_nosfpmatch_diag/ppsi/tools/adjtime.c	1043	2026-08-14T06:09:02.123085+00:00	81e03c8d6e29a66ca1efdf6cd59a9356ca0470fcc45d401a9267907d02cff791	vendor-or-firmware-source
week02/v01/vendor/wrpc-sw_nosfpmatch_diag/ppsi/tools/chktime.c	2308	2026-08-14T06:09:02.124085+00:00	9b4eb8dde818a691a45edd62f644d1927264ea2eaf31b87b2447869cc6790ee2	vendor-or-firmware-source
week02/v01/vendor/wrpc-sw_nosfpmatch_diag/ppsi/tools/convert.h	1660	2026-08-14T06:09:02.126085+00:00	5a4660ed4158e7381b6e263f2d4c2c644c98ac7dc09f22acd0a65e2b8acd0c24	vendor-or-firmware-source
week02/v01/vendor/wrpc-sw_nosfpmatch_diag/ppsi/tools/decent_types.h	2137	2026-08-14T06:09:02.127085+00:00	d4293454d632579139a3e6d78692f7b41f0a31469545f13df330ae2b518f2fc4	vendor-or-firmware-source
week02/v01/vendor/wrpc-sw_nosfpmatch_diag/ppsi/tools/dump-funcs.c	14114	2026-08-14T06:09:02.129085+00:00	a29fb72fb4ee9b8271389d8c92a92069e0b64758d07cba16f65bb57ba910673f	vendor-or-firmware-source
week02/v01/vendor/wrpc-sw_nosfpmatch_diag/ppsi/tools/dump-info_ppsi.h	2271	2026-08-14T06:09:02.130085+00:00	8f07ad64f7468cf111433de4faafd980c49c826f020dfe933ebf512c77e7a4ff	vendor-or-firmware-source
week02/v01/vendor/wrpc-sw_nosfpmatch_diag/ppsi/tools/dump-main.c	5793	2026-08-14T06:09:02.131085+00:00	10476974ab89d85643a564e48832e317e6687bbfd3ea790d4f7255bc3b34dbc4	vendor-or-firmware-source
week02/v01/vendor/wrpc-sw_nosfpmatch_diag/ppsi/tools/dump_mem_ppsi_wrpc.c	27941	2026-08-14T06:09:02.133085+00:00	fee3a59937598caf254d67f40a3fa1e19f15b772b2e1dcd0fc517abf6b862701	vendor-or-firmware-source
week02/v01/vendor/wrpc-sw_nosfpmatch_diag/ppsi/tools/jmptime.c	1269	2026-08-14T06:09:02.135085+00:00	7137df82b1ab79ae7698c4013461b2afa257eaf311234070b3baebba189dcd7c	vendor-or-firmware-source
week02/v01/vendor/wrpc-sw_nosfpmatch_diag/ppsi/tools/monotonicClock.c	800	2026-08-14T06:09:02.136085+00:00	a3bf3cb15d609d632ade6f240ab98c87f6d5964806f205702219e10728702b88	vendor-or-firmware-source
week02/v01/vendor/wrpc-sw_nosfpmatch_diag/ppsi/tools/mtp/Makefile	291	2026-08-14T06:09:02.140085+00:00	24c94588bc2f45f3f6aec8b03b5986b59c767643c5dad805ac2eabf1476cff23	vendor-or-firmware-source
week02/v01/vendor/wrpc-sw_nosfpmatch_diag/ppsi/tools/mtp/misc-common.h	1124	2026-08-14T06:09:02.141085+00:00	823af3251fb45a439a50a2697a7f255a36393e66f119d2d3c46e6fa31058617c	vendor-or-firmware-source
week02/v01/vendor/wrpc-sw_nosfpmatch_diag/ppsi/tools/mtp/mtp.h	362	2026-08-14T06:09:02.142085+00:00	809fb357683a515c4018741c0e0fbe8cca39ac678cb17e4e40ba74f7f852202d	vendor-or-firmware-source
week02/v01/vendor/wrpc-sw_nosfpmatch_diag/ppsi/tools/mtp/mtp_packet.c	4997	2026-08-14T06:09:02.144085+00:00	53b574c68b7414d2256465c792bf0cb7f8e09a30550f870d1687e93d856526f7	vendor-or-firmware-source
week02/v01/vendor/wrpc-sw_nosfpmatch_diag/ppsi/tools/mtp/mtp_stamp.c	4433	2026-08-14T06:09:02.145085+00:00	2755de6fef9be3fc0a8fe124046e052c199006413623e1ab01c8cfcce7e2fb0c	vendor-or-firmware-source
week02/v01/vendor/wrpc-sw_nosfpmatch_diag/ppsi/tools/mtp/mtp_udp.c	3933	2026-08-14T06:09:02.146085+00:00	e944c3bc93a8fe9f2eb57aaa0ae6c8627020b66e7182a9885dc1893375e8ea39	vendor-or-firmware-source
week02/v01/vendor/wrpc-sw_nosfpmatch_diag/ppsi/tools/mtp/net_tstamp.h	3034	2026-08-14T06:09:02.148085+00:00	a4711f048b74413704ef8fe7f9d089bcb8bfe2c5bb0cccd5deeacdc596f629cd	vendor-or-firmware-source
week02/v01/vendor/wrpc-sw_nosfpmatch_diag/ppsi/tools/mtp/onestamp.c	1857	2026-08-14T06:09:02.149085+00:00	d960f5c03666fba360876579e95c082e48cd21164be9a3b40ff606e4bac5b063	vendor-or-firmware-source
week02/v01/vendor/wrpc-sw_nosfpmatch_diag/ppsi/tools/mtp/report.c	1255	2026-08-14T06:09:02.150085+00:00	5cfcb97eb0e6e73b22f79266da2cab43236419dcf59a7a9bec8654f1775a7d5a	vendor-or-firmware-source
week02/v01/vendor/wrpc-sw_nosfpmatch_diag/ppsi/tools/mtp/stamp-funcs.c	7142	2026-08-14T06:09:02.152085+00:00	67033af064e3ae8b68c4e776c55f99ee615a605ddbd2ed3c32be1cf9e503ec05	vendor-or-firmware-source
week02/v01/vendor/wrpc-sw_nosfpmatch_diag/ppsi/tools/mtp/ttstamp.c	2953	2026-08-14T06:09:02.153085+00:00	9894e1a7f793a7a7d3dbf49ace64228f1acd9db47a2f5b95712aea6a100bfad5	vendor-or-firmware-source
week02/v01/vendor/wrpc-sw_nosfpmatch_diag/ppsi/tools/pps-out.c	2951	2026-08-14T06:09:02.154085+00:00	9375f2521908b77303862f0b6248db476391944a7301503109fd09dabf79e9ed	vendor-or-firmware-source
week02/v01/vendor/wrpc-sw_nosfpmatch_diag/ppsi/tools/ptpdump.h	707	2026-08-14T06:09:02.156085+00:00	2180b833757acf25853921fbdbc53ef2077f5153b7c1345a7af357d331b0663e	vendor-or-firmware-source
week02/v01/vendor/wrpc-sw_nosfpmatch_diag/ppsi/tools/strip_ofm.sh	335	2026-08-14T06:09:02.157085+00:00	a6d7ebd142adcd163cf814ca6e18eb63a913f9cff69d65cfe5a0f28cb7b9e238	vendor-or-firmware-source
week02/v01/vendor/wrpc-sw_nosfpmatch_diag/ppsi/tools/wrs_dump_shmem_ppsi.c	25776	2026-08-14T06:09:02.159085+00:00	2a3caa817434232e0dde3201c383c92dc43b803a7279b3e28a3d9af8a70229c6	vendor-or-firmware-source
week02/v01/vendor/wrpc-sw_nosfpmatch_diag/ppsi/unit-tests/Makefile	653	2026-08-14T06:09:02.161085+00:00	e2537428eeab630bbd25655652dbdfd22c9ced8a8674ff606078f39263c514c8	vendor-or-firmware-source
week02/v01/vendor/wrpc-sw_nosfpmatch_diag/ppsi/unit-tests/test-time-arith.c	1814	2026-08-14T06:09:02.162085+00:00	c5e0f8c1626a2a3083381cea45fcee16c6a5a2894c91c7018894ed3c3e28f821	vendor-or-firmware-source
week02/v01/vendor/wrpc-sw_nosfpmatch_diag/revision.c	1221	2026-08-14T06:06:23.247021+00:00	f53d76868ecd4ffe798dfcb4c23c6a7a331eb1af39e228219e6d32edf3b63e5a	vendor-or-firmware-source
week02/v01/vendor/wrpc-sw_nosfpmatch_diag/save_size.sh	344	2026-08-14T06:06:23.248021+00:00	ba88b2e78c2f311922a5e9494502bf944a79c6a5ff1509fb80b89ff5cd11e89b	vendor-or-firmware-source
week02/v01/vendor/wrpc-sw_nosfpmatch_diag/scripts/Makefile	25	2026-08-14T06:06:23.252021+00:00	d049f5ee05389cd8674a4683323172d7ece6cef545659449d198228d2c63fb6f	vendor-or-firmware-source
week02/v01/vendor/wrpc-sw_nosfpmatch_diag/scripts/basic/Makefile	726	2026-08-14T06:06:23.260021+00:00	3b00923d7b4973cf80ea4aaa05e6d35af4d23ba58b2acb5f73aab0e3568ce3d8	vendor-or-firmware-source
week02/v01/vendor/wrpc-sw_nosfpmatch_diag/scripts/basic/docproc.c	11835	2026-08-14T06:06:23.262021+00:00	2801ed45f54f0a9a4d87f43beb1c1e98ea5f69ee54dea83ac7aa784f8385cfe2	vendor-or-firmware-source
week02/v01/vendor/wrpc-sw_nosfpmatch_diag/scripts/basic/fixdep.c	9780	2026-08-14T06:06:23.263021+00:00	f40b9a9701fd35e05f7de20609458b0a9be5edcfef95f40ad493ab253f51de65	vendor-or-firmware-source
week02/v01/vendor/wrpc-sw_nosfpmatch_diag/scripts/basic/hash.c	1104	2026-08-14T06:06:23.264021+00:00	1fd44879b62fd50b9fca8f7f339b70c59e0c922330d97d9f827d823e3168c0ec	vendor-or-firmware-source
week02/v01/vendor/wrpc-sw_nosfpmatch_diag/scripts/kconfig/Makefile	10231	2026-08-14T06:06:23.271021+00:00	d57199f8793cd7eee3817011bde7dbfd2aea4b81ce887b320b63a8ce8cfab63a	vendor-or-firmware-source
week02/v01/vendor/wrpc-sw_nosfpmatch_diag/scripts/kconfig/check.sh	214	2026-08-14T06:06:23.273021+00:00	da08d4f98d68d69b3307ff1fe3666c6104db8f19266d5f710baca8864859c2ac	vendor-or-firmware-source
week02/v01/vendor/wrpc-sw_nosfpmatch_diag/scripts/kconfig/conf.c	16123	2026-08-14T06:06:23.275021+00:00	3385ddb4039f4abd9c1936acf8680976dee8c0eb4d39936058efc659d23847d4	vendor-or-firmware-source
week02/v01/vendor/wrpc-sw_nosfpmatch_diag/scripts/kconfig/confdata.c	26265	2026-08-14T06:06:23.276021+00:00	8ab34437da50843d6e45a0f94dfebc669a7259298a0bc50e89d04ca78cb49ca2	vendor-or-firmware-source
week02/v01/vendor/wrpc-sw_nosfpmatch_diag/scripts/kconfig/expr.c	27596	2026-08-14T06:06:23.278021+00:00	350eecf882ff96bf03e5e63402c2ae095b83f0070cf95d330dfa78c254d4d368	vendor-or-firmware-source
week02/v01/vendor/wrpc-sw_nosfpmatch_diag/scripts/kconfig/expr.h	7182	2026-08-14T06:06:23.279021+00:00	3b9c451c5c18c7098c343b16ae368dca2638cfe6ace50f99801216840c5ca066	vendor-or-firmware-source
week02/v01/vendor/wrpc-sw_nosfpmatch_diag/scripts/kconfig/gconf.c	39090	2026-08-14T06:06:23.281021+00:00	df6548e28e614b1f66f3d86ab0732e588f2b4714d8076acc2b2d716d39ae9da4	vendor-or-firmware-source
week02/v01/vendor/wrpc-sw_nosfpmatch_diag/scripts/kconfig/images.c	6565	2026-08-14T06:06:23.284021+00:00	e4cd230d7d5d48a18ac2380c6d250e121cd80c2ca447eddc1e2976038a0a9931	vendor-or-firmware-source
week02/v01/vendor/wrpc-sw_nosfpmatch_diag/scripts/kconfig/kxgettext.c	4196	2026-08-14T06:06:23.285021+00:00	d250b2e159e811ec43a68dac123c78e61743ab99c8b0bae43ae8d3fe6c60f930	vendor-or-firmware-source
week02/v01/vendor/wrpc-sw_nosfpmatch_diag/scripts/kconfig/list.h	3710	2026-08-14T06:06:23.287021+00:00	d9ec14cb23fe1792d42b1982119af82cbaa4f567a1751744e0f5e439b6965b8f	vendor-or-firmware-source
week02/v01/vendor/wrpc-sw_nosfpmatch_diag/scripts/kconfig/lkc.h	4554	2026-08-14T06:06:23.288021+00:00	515cfdc456275bbd5199e4c73e7b1a124d5c0889e50562f37aa20499a5acff43	vendor-or-firmware-source
week02/v01/vendor/wrpc-sw_nosfpmatch_diag/scripts/kconfig/lkc_proto.h	2154	2026-08-14T06:06:23.289021+00:00	27f398e81b41c597e23629790db1f9b74cb7ca50e1baf36be4859bf7cb917f16	vendor-or-firmware-source
week02/v01/vendor/wrpc-sw_nosfpmatch_diag/scripts/kconfig/lxdialog/check-lxdialog.sh	2085	2026-08-14T06:06:23.293021+00:00	8cd9754fff4d339170410f94e84d820b0423503ac54a9d371f2d5ed3186dbe9c	vendor-or-firmware-source
week02/v01/vendor/wrpc-sw_nosfpmatch_diag/scripts/kconfig/lxdialog/checklist.c	8438	2026-08-14T06:06:23.294021+00:00	c00f18f13e4b39213ccdf7b6f94886d2b1d52318db9bb0dbe2e4b09ff96e4f4d	vendor-or-firmware-source
week02/v01/vendor/wrpc-sw_nosfpmatch_diag/scripts/kconfig/lxdialog/dialog.h	7631	2026-08-14T06:06:23.296021+00:00	6bb25d3a4078ea683cf1e7ba47fe83692b9cffd4ad41b9ebc5640525e57f5568	vendor-or-firmware-source
week02/v01/vendor/wrpc-sw_nosfpmatch_diag/scripts/kconfig/lxdialog/inputbox.c	7168	2026-08-14T06:06:23.297021+00:00	82ecb5016ad22a4ca4dce5cabb9ec28d406ee08b741bf0c72fda858ae6e2f504	vendor-or-firmware-source
week02/v01/vendor/wrpc-sw_nosfpmatch_diag/scripts/kconfig/lxdialog/menubox.c	11241	2026-08-14T06:06:23.298021+00:00	6abc11a3e6163b2a75b8920d2869fb74d392fa6a7ca5c1cf71221d53751f9be7	vendor-or-firmware-source
week02/v01/vendor/wrpc-sw_nosfpmatch_diag/scripts/kconfig/lxdialog/textbox.c	9206	2026-08-14T06:06:23.300021+00:00	19691b8461bf1a19fd8e6658a79e57137e98b5333c0711c4c0a08b8d6b01f4f7	vendor-or-firmware-source
week02/v01/vendor/wrpc-sw_nosfpmatch_diag/scripts/kconfig/lxdialog/util.c	18321	2026-08-14T06:06:23.301021+00:00	1412c8d13ec9ef79f4acf9e35ea467ef3c383f1950bcf16e231e5263334df5ff	vendor-or-firmware-source
week02/v01/vendor/wrpc-sw_nosfpmatch_diag/scripts/kconfig/lxdialog/yesno.c	2954	2026-08-14T06:06:23.303021+00:00	08949367713e2e841bca6c218c7bd2c8784cbebd32b77931b3f26053f5ef4925	vendor-or-firmware-source
week02/v01/vendor/wrpc-sw_nosfpmatch_diag/scripts/kconfig/mconf.c	28395	2026-08-14T06:06:23.304021+00:00	eced59526686768b6322e7c16f015d7a779db46e62d87a16576eeb2d925ac296	vendor-or-firmware-source
week02/v01/vendor/wrpc-sw_nosfpmatch_diag/scripts/kconfig/menu.c	17249	2026-08-14T06:06:23.307021+00:00	f8cfe762336cb216ad083374f39da1887a87982db0dec1fa86357e4d4b5f30c9	vendor-or-firmware-source
week02/v01/vendor/wrpc-sw_nosfpmatch_diag/scripts/kconfig/merge_config.sh	4298	2026-08-14T06:06:23.309021+00:00	1e1a365c35e66267a092ffd89a8d9ccb6cc097a585b7f65cf366dea85cfc2f9e	vendor-or-firmware-source
week02/v01/vendor/wrpc-sw_nosfpmatch_diag/scripts/kconfig/nconf.c	39381	2026-08-14T06:06:23.311021+00:00	7090fdc7137968f5b813dbf0ceaa75b7708134ed445ab2b58bd106a293e8fc7a	vendor-or-firmware-source
week02/v01/vendor/wrpc-sw_nosfpmatch_diag/scripts/kconfig/nconf.gui.c	14893	2026-08-14T06:06:23.312021+00:00	da111dccd4b2c99ec8c0bdc610870f8fc22cf851adf8ae9af2750025afda99b9	vendor-or-firmware-source
week02/v01/vendor/wrpc-sw_nosfpmatch_diag/scripts/kconfig/nconf.h	1916	2026-08-14T06:06:23.313021+00:00	f4c21c8cb23903b0f5babb7f60756674861c5f43f62eb26d96a79beed328d280	vendor-or-firmware-source
week02/v01/vendor/wrpc-sw_nosfpmatch_diag/scripts/kconfig/qconf.h	7544	2026-08-14T06:06:23.317021+00:00	977f3dc402e6f20cd2515e86a26175da10b34c631ac513854ea3122743a53747	vendor-or-firmware-source
week02/v01/vendor/wrpc-sw_nosfpmatch_diag/scripts/kconfig/symbol.c	30454	2026-08-14T06:06:23.320021+00:00	abf9cc7608daffcb19a438c1da84eb935af649e931743cd399bf53634b570524	vendor-or-firmware-source
week02/v01/vendor/wrpc-sw_nosfpmatch_diag/scripts/kconfig/util.c	2979	2026-08-14T06:06:23.322021+00:00	90e48470891cbe1838eeee34c7bba2c5498b46ece3da0f0e896de87a9524f619	vendor-or-firmware-source
week02/v01/vendor/wrpc-sw_nosfpmatch_diag/scripts/kconfig/zconf.hash.c	12460	2026-08-14T06:09:22.481966+00:00	e2ca02d05dded355c1b5132de43140d94f98363122a18bb246539a7925a4db4c	vendor-or-firmware-source
week02/v01/vendor/wrpc-sw_nosfpmatch_diag/scripts/kconfig/zconf.lex.c	59861	2026-08-14T06:09:22.479965+00:00	8156a51711ee4f198723589c428fcb042496d10f669f95387b04ae00d8724ef6	vendor-or-firmware-source
week02/v01/vendor/wrpc-sw_nosfpmatch_diag/scripts/kconfig/zconf.tab.c	77394	2026-08-14T06:09:22.475965+00:00	590593c18489fcc42314b8b410ca3a5fa5dc6c7b06ca2ecf5b5da1eece7d333b	vendor-or-firmware-source
week02/v01/vendor/wrpc-sw_nosfpmatch_diag/shell/cmd_calib.c	2308	2026-08-14T06:06:23.334021+00:00	0fd5b29649c8a094e7128e8b086871e8e2187de61f5b90ea174eeae5e204be9f	vendor-or-firmware-source
week02/v01/vendor/wrpc-sw_nosfpmatch_diag/shell/cmd_config.c	556	2026-08-14T06:06:23.335021+00:00	9f977b080bf326fa3876197dbec3ce84c8ae6669c63ee8b2f9948e692f3ca134	vendor-or-firmware-source
week02/v01/vendor/wrpc-sw_nosfpmatch_diag/shell/cmd_diag.c	1889	2026-08-14T06:06:23.337020+00:00	010cc9732da6d798d5ebebd89259c0aa5e075b2446851d12f880c1db69e03a83	vendor-or-firmware-source
week02/v01/vendor/wrpc-sw_nosfpmatch_diag/shell/cmd_freqmon.c	7472	2026-08-14T06:06:23.338021+00:00	c8e2a0fbfd9a49229aadc5ee88fb2032cf087f0d9d676c69c2c91e401f86f35b	vendor-or-firmware-source
week02/v01/vendor/wrpc-sw_nosfpmatch_diag/shell/cmd_gui.c	347	2026-08-14T06:06:23.339020+00:00	605b2a09606ff866efc4a739dbd38f320a4bc8ed34fb4411672a11d5c02d75d0	vendor-or-firmware-source
week02/v01/vendor/wrpc-sw_nosfpmatch_diag/shell/cmd_init.c	1063	2026-08-14T06:06:23.340020+00:00	7b9d10352ab99944bd46a49bff5da50a8f4896e119d0adfc2cd84751e28e6316	vendor-or-firmware-source
week02/v01/vendor/wrpc-sw_nosfpmatch_diag/shell/cmd_ip.c	1425	2026-08-14T06:06:23.341021+00:00	93011630a94b5491af4c5c22349c6c8665724cea0da137d48b7f962839b5f680	vendor-or-firmware-source
week02/v01/vendor/wrpc-sw_nosfpmatch_diag/shell/cmd_leapsec.c	1266	2026-08-14T06:06:23.342021+00:00	0d705c1e62e8c3899996bfd60a88898ae98047ad7aa7f45478a6c47906b4b424	vendor-or-firmware-source
week02/v01/vendor/wrpc-sw_nosfpmatch_diag/shell/cmd_ll.c	1906	2026-08-14T06:06:23.344020+00:00	628bb1cdee8c7ff7469bf8d876d066a0605df302b8febd6002dd22db5c953197	vendor-or-firmware-source
week02/v01/vendor/wrpc-sw_nosfpmatch_diag/shell/cmd_mac.c	1535	2026-08-14T06:06:23.345021+00:00	50e58d23791059b798c883b65042f726436222a2da5cc09b777aa5df3b6af23c	vendor-or-firmware-source
week02/v01/vendor/wrpc-sw_nosfpmatch_diag/shell/cmd_netconsole.c	1892	2026-08-14T06:06:23.346020+00:00	77e82cd42bbe758da554740985f8c86d1f0e6eedcbc0c80979e587d0cb1a7b3d	vendor-or-firmware-source
week02/v01/vendor/wrpc-sw_nosfpmatch_diag/shell/cmd_pll.c	2296	2026-08-14T06:06:23.348020+00:00	80d9c77f5499ebd2523eb0080efc217ef9afec3fdca607fe7115900d9103c696	vendor-or-firmware-source
week02/v01/vendor/wrpc-sw_nosfpmatch_diag/shell/cmd_pps.c	1056	2026-08-14T06:06:23.349020+00:00	fc7fef441edf801b5c6e27cf57340a5ee99df77a1a77b67680dbfc3859ad8a79	vendor-or-firmware-source
week02/v01/vendor/wrpc-sw_nosfpmatch_diag/shell/cmd_ps.c	1261	2026-08-14T06:06:23.350020+00:00	aa17b901580ff7c028d3f15baf0aacb3be3261b3dd2b7c4efda188f872a6365a	vendor-or-firmware-source
week02/v01/vendor/wrpc-sw_nosfpmatch_diag/shell/cmd_ptp.c	4556	2026-08-14T06:06:23.352021+00:00	93a9b248c6337be5adfcca48a487a6e335db6aefeedd2c8cecee22520f8feae8	vendor-or-firmware-source
week02/v01/vendor/wrpc-sw_nosfpmatch_diag/shell/cmd_ptrack.c	1445	2026-08-14T06:06:23.353020+00:00	9bcdf719c5249e4a894c73c7b4a90260275e9f90fc11db1a2e51d7751b088bb3	vendor-or-firmware-source
week02/v01/vendor/wrpc-sw_nosfpmatch_diag/shell/cmd_refresh.c	750	2026-08-14T06:06:23.354020+00:00	50abeca491897367b3bb9c7270d9e28fc488a84ee4c1cd48c3f99ed729717bbd	vendor-or-firmware-source
week02/v01/vendor/wrpc-sw_nosfpmatch_diag/shell/cmd_sdb.c	2399	2026-08-14T06:06:23.355020+00:00	07043d22117f5749f2d8cec11da981a99a8c0148dfc56c8afa7ebfa134beacbb	vendor-or-firmware-source
week02/v01/vendor/wrpc-sw_nosfpmatch_diag/shell/cmd_sfp.c	5177	2026-08-14T06:06:23.356020+00:00	cfd0d35533c3112a5a1890913402f38e9b49a0b2da942049a7aa9054f2557b2c	vendor-or-firmware-source
week02/v01/vendor/wrpc-sw_nosfpmatch_diag/shell/cmd_sleep.c	476	2026-08-14T06:06:23.357020+00:00	c7c61a30520df9cb9d0bcd267ad1aaceffa83d8bbaf45a7d622a2a670a4f12b2	vendor-or-firmware-source
week02/v01/vendor/wrpc-sw_nosfpmatch_diag/shell/cmd_stat.c	1233	2026-08-14T06:06:23.359020+00:00	0fe2f9c5308d39e3ac3d2757b1245c50cc945b6d0569ebea81c00c4e5833c6ff	vendor-or-firmware-source
week02/v01/vendor/wrpc-sw_nosfpmatch_diag/shell/cmd_time.c	1660	2026-08-14T06:06:23.360020+00:00	a0524a93bc5a7fe1c8c70eac8af64c1b427c1bc476f6f3fd4429bd3f7ae25ab2	vendor-or-firmware-source
week02/v01/vendor/wrpc-sw_nosfpmatch_diag/shell/cmd_uptime.c	246	2026-08-14T06:06:23.361020+00:00	1f2c53e40915dad68afafcfd27075a25c44a2dbb0e46cfe6ec4c343b1a4dc17d	vendor-or-firmware-source
week02/v01/vendor/wrpc-sw_nosfpmatch_diag/shell/cmd_verbose.c	789	2026-08-14T06:06:23.362020+00:00	09a6db1e2cdce58ae56213df075505de61ba4f68e35fd1e4238317cef95e21e8	vendor-or-firmware-source
week02/v01/vendor/wrpc-sw_nosfpmatch_diag/shell/cmd_version.c	1480	2026-08-14T06:06:23.363020+00:00	116d5a63d998197665230a4d9d632fd1d2e9d6fda05a0ce6b7c502240cda7b09	vendor-or-firmware-source
week02/v01/vendor/wrpc-sw_nosfpmatch_diag/shell/cmd_vlan.c	1017	2026-08-14T06:06:23.364020+00:00	6382c58083e9c311fca7ed3a1357b817c49208b88837b131ff6bddffe861562e	vendor-or-firmware-source
week02/v01/vendor/wrpc-sw_nosfpmatch_diag/shell/shell.c	9652	2026-08-14T06:06:23.366020+00:00	6066417449ca60e0067c4079b200fe78b012187d35ff4192b68eafa01ec460ba	vendor-or-firmware-source
week02/v01/vendor/wrpc-sw_nosfpmatch_diag/shell/shell.mk	906	2026-08-14T06:06:23.367020+00:00	5e5e42d9241c2b268fd3326a757710849bdbff932ea6a2e1c140b1b10a49061c	vendor-or-firmware-source
week02/v01/vendor/wrpc-sw_nosfpmatch_diag/softpll/softpll.mk	357	2026-08-14T06:06:23.368020+00:00	77551ad9037a3632078fd5832c012463a7983209388b1b52336753a0c6455053	vendor-or-firmware-source
week02/v01/vendor/wrpc-sw_nosfpmatch_diag/softpll/softpll_export.h	2351	2026-08-14T06:06:23.370020+00:00	41e8e725566f7cf17e3259bb69d7df9a5a38f1e3ea3905990edef8188fc0cc4b	vendor-or-firmware-source
week02/v01/vendor/wrpc-sw_nosfpmatch_diag/softpll/softpll_ng.c	24446	2026-08-14T06:06:23.371020+00:00	e84e07ce8958c3247361d0fee1f6c82140eb84227e60885afb88212268f823c0	vendor-or-firmware-source
week02/v01/vendor/wrpc-sw_nosfpmatch_diag/softpll/softpll_ng.h	6613	2026-08-14T06:06:23.373020+00:00	d3d352a5441e76897fdc36b86cecef57be8afdcf75bc14ba63c7b32896b7c867	vendor-or-firmware-source
week02/v01/vendor/wrpc-sw_nosfpmatch_diag/softpll/spll_common.c	3470	2026-08-14T06:06:23.374020+00:00	c4d37da22b4a0cec4ce6115cb1b45805205152c093f8aaa2c77cb8d419d41274	vendor-or-firmware-source
week02/v01/vendor/wrpc-sw_nosfpmatch_diag/softpll/spll_common.h	2787	2026-08-14T06:06:23.375020+00:00	1f930c8c6f18a233095733f7adc718026aaeb7ffc25d9bc8ed73b19c2ca7a954	vendor-or-firmware-source
week02/v01/vendor/wrpc-sw_nosfpmatch_diag/softpll/spll_debug.h	2422	2026-08-14T06:06:23.376020+00:00	b7ca418fbf2a78c2c33bdd29e8dc328836a9c04ae4b38db223dda01f8a367699	vendor-or-firmware-source
week02/v01/vendor/wrpc-sw_nosfpmatch_diag/softpll/spll_external.c	6309	2026-08-14T06:06:23.378020+00:00	207f3877d8c4bf6f50ca4d152f1dba03b3f551f97d0353504160ee6ab497aa3c	vendor-or-firmware-source
week02/v01/vendor/wrpc-sw_nosfpmatch_diag/softpll/spll_external.h	1026	2026-08-14T06:06:23.379020+00:00	99aba053d05558c2d5aab78b62f764cc0bc25676311a07182283ba886df8ea69	vendor-or-firmware-source
week02/v01/vendor/wrpc-sw_nosfpmatch_diag/softpll/spll_helper.c	3337	2026-08-14T06:06:23.380020+00:00	682528667a993904b0281fbfae85721e7805f82b211ef1274fa9c34caeb69cc0	vendor-or-firmware-source
week02/v01/vendor/wrpc-sw_nosfpmatch_diag/softpll/spll_helper.h	1362	2026-08-14T06:06:23.381020+00:00	63c0ecdf34bbf350894da9abab13c7add71bea2a6f0c776810b9388fc96bebcd	vendor-or-firmware-source
week02/v01/vendor/wrpc-sw_nosfpmatch_diag/softpll/spll_main.c	11455	2026-08-14T06:06:23.382020+00:00	fcf4401fbe31af42843ac18e9b9b025a938ffa2711884f11fbeeb5b56d071824	vendor-or-firmware-source
week02/v01/vendor/wrpc-sw_nosfpmatch_diag/softpll/spll_main.h	1786	2026-08-14T06:06:23.384020+00:00	cfd18de118ba63f66e8cbf9665e6104857f4787c0e22c11ce5d50b0bad9ec8ec	vendor-or-firmware-source
week02/v01/vendor/wrpc-sw_nosfpmatch_diag/softpll/spll_ptracker.c	2127	2026-08-14T06:06:23.385020+00:00	382e3907bae2026a0507b8b4149b1d586439ef49e0e8b68267eca32e66d9ff3b	vendor-or-firmware-source
week02/v01/vendor/wrpc-sw_nosfpmatch_diag/softpll/spll_ptracker.h	814	2026-08-14T06:06:23.386020+00:00	d7b7d01053a78117d6f776a4ddaa9e142eb233af17407af141fa5ae888e62e9e	vendor-or-firmware-source
week02/v01/vendor/wrpc-sw_nosfpmatch_diag/system_checks.c	1691	2026-08-14T06:06:23.387020+00:00	d71d625c5242c8015b2416d94f136fc0d10fd3b590d547b8bfc8fae3718b14e9	vendor-or-firmware-source
week02/v01/vendor/wrpc-sw_nosfpmatch_diag/test/snmp/Makefile	439	2026-08-14T06:06:23.390020+00:00	ac813da988a9f0178bdc34f9a5e6291c691dafc4d394acc0a10697d70ae4ee26	vendor-or-firmware-source
week02/v01/vendor/wrpc-sw_nosfpmatch_diag/tools/Makefile	3683	2026-08-14T06:06:23.407020+00:00	c443d290820cb91d334b205403cb0cea2819b6c6dc66b0728a3cf4587cd2ad5c	vendor-or-firmware-source
week02/v01/vendor/wrpc-sw_nosfpmatch_diag/tools/dump-info-host-v42.bin	15760	2026-08-14T06:06:23.413020+00:00	7f9547d82dc44b68b12e9d1d967b7aca8b81ed52afb99e5b85708d9a85e512bd	vendor-or-firmware-source
week02/v01/vendor/wrpc-sw_nosfpmatch_diag/tools/dump-wrpc-info-host.bin	10400	2026-08-14T06:17:00.554260+00:00	c1751e6f2d5f4412e22ffe8e16e94c38b214ac965cb89337f63ac9d88a4c8389	vendor-or-firmware-source
week02/v01/vendor/wrpc-sw_nosfpmatch_diag/tools/eb-w1-write.c	3441	2026-08-14T06:06:23.414020+00:00	b0f1f74d532f380ecef7f9eaba99294fe18204ce9d0db02f6003b12b287b076d	vendor-or-firmware-source
week02/v01/vendor/wrpc-sw_nosfpmatch_diag/tools/eb-w1.c	2363	2026-08-14T06:06:23.415020+00:00	8ca741efb6124846bf152bfb9a0b858badcd03f0a3fa6955a647510888689558	vendor-or-firmware-source
week02/v01/vendor/wrpc-sw_nosfpmatch_diag/tools/ertm-softpll-debugger/ertm-softpll-debugger.py	9658	2026-08-14T06:06:23.417020+00:00	6a9fe34715755efa9b6fb3ec925e60f90e19c79d7e3fd3eb668caccd8a752b56	vendor-or-firmware-source
week02/v01/vendor/wrpc-sw_nosfpmatch_diag/tools/genraminit.c	1742	2026-08-14T06:06:23.418020+00:00	c197d72d88bbaade758c375d124007553b5b72c5a3a1970eec7a7f2e46722d98	vendor-or-firmware-source
week02/v01/vendor/wrpc-sw_nosfpmatch_diag/tools/genrammif.c	1422	2026-08-14T06:06:23.420020+00:00	cc99f0bf9a00dede90c0fca29d6849edcf5c9a327108619e13d855dc725383c9	vendor-or-firmware-source
week02/v01/vendor/wrpc-sw_nosfpmatch_diag/tools/genramvhd.c	6203	2026-08-14T06:06:23.421020+00:00	f18789ba02c78981ef7b05ab71b932cab51e12f8417135503838c0a7caf72015	vendor-or-firmware-source
week02/v01/vendor/wrpc-sw_nosfpmatch_diag/tools/gensdbfs.c	16765	2026-08-14T06:06:23.422020+00:00	aef4181e79530a09725b39dc64d05fd58e829f8243bd6c4003a0900e1e60db26	vendor-or-firmware-source
week02/v01/vendor/wrpc-sw_nosfpmatch_diag/tools/gensdbfs.h	1068	2026-08-14T06:06:23.424020+00:00	d1a73d09205242f3d2e7bd6cb18549362a1f2275812a28f2d67159e4843b9d23	vendor-or-firmware-source
week02/v01/vendor/wrpc-sw_nosfpmatch_diag/tools/mapper.c	1718	2026-08-14T06:06:23.427020+00:00	a80165d1fe72b2a386ad3707424e74a4c55ca3d89575802c7cb255722ec4e651	vendor-or-firmware-source
week02/v01/vendor/wrpc-sw_nosfpmatch_diag/tools/pfilter-builder.c	16807	2026-08-14T06:06:23.429020+00:00	2d37e193d324efd21adea6b70f5fcb28e46917dde19404289b6cfee540fcfd1e	vendor-or-firmware-source
week02/v01/vendor/wrpc-sw_nosfpmatch_diag/tools/rf-xcvr-tool/rawsocketpy/__init__.py	863	2026-08-14T06:06:23.432020+00:00	b63366de2f48120ca25efed6f98f580e43b5055c4eef3b54cb56c0087593a33a	vendor-or-firmware-source
week02/v01/vendor/wrpc-sw_nosfpmatch_diag/tools/rf-xcvr-tool/rawsocketpy/asyncserver.py	1280	2026-08-14T06:06:23.433020+00:00	320ed35eb558fb98b28f4fdf844324b6915fd13c4ca825f308150bc900dad0c5	vendor-or-firmware-source
week02/v01/vendor/wrpc-sw_nosfpmatch_diag/tools/rf-xcvr-tool/rawsocketpy/packet.py	1743	2026-08-14T06:06:23.435020+00:00	18a02b8f2f61b5acea92c7dbc1786ab5b022f5721de41b5ebbb0c9c5d5820ba2	vendor-or-firmware-source
week02/v01/vendor/wrpc-sw_nosfpmatch_diag/tools/rf-xcvr-tool/rawsocketpy/server.py	3738	2026-08-14T06:06:23.436020+00:00	0ae0324221bb90726463ab62d57b5800ad196a4043dafa68c519722e9405fe1d	vendor-or-firmware-source
week02/v01/vendor/wrpc-sw_nosfpmatch_diag/tools/rf-xcvr-tool/rawsocketpy/socket.py	3395	2026-08-14T06:06:23.437020+00:00	204a403c35fec57635f1d600055e9ee67fa6ae08e44ed4b589654037c1e63b6e	vendor-or-firmware-source
week02/v01/vendor/wrpc-sw_nosfpmatch_diag/tools/rf-xcvr-tool/rawsocketpy/util.py	2911	2026-08-14T06:06:23.438020+00:00	44845018259328d937033fbae612d09582c3703190689093a70b317400df44a2	vendor-or-firmware-source
week02/v01/vendor/wrpc-sw_nosfpmatch_diag/tools/rf-xcvr-tool/rf-xcvr-tool.py	1670	2026-08-14T06:06:23.439020+00:00	72623eb43763b46f78d5d45d7f39fe6be45cb4108c47a7a6b054b0784295cf83	vendor-or-firmware-source
week02/v01/vendor/wrpc-sw_nosfpmatch_diag/tools/rf-xcvr-tool/wr_streamers.py	7627	2026-08-14T06:06:23.441020+00:00	52d6072f55fb24b390f10faef9394e7d64dae7c33dd9810144d7d2c421854ee9	vendor-or-firmware-source
week02/v01/vendor/wrpc-sw_nosfpmatch_diag/tools/riscv-loader/ual/CONTRIBUTING.md	102	2026-08-14T06:09:37.807875+00:00	b7030fd106fe863e69a03278c01f483ca037bfdbf7e15094d075cb4941fa5d1d	vendor-or-firmware-source
week02/v01/vendor/wrpc-sw_nosfpmatch_diag/tools/riscv-loader/ual/Makefile	212	2026-08-14T06:09:37.810875+00:00	4c237ed6ecea61f0a6526ad5b4adee78ce36224b4efea717a07b12aceda081e2	vendor-or-firmware-source
week02/v01/vendor/wrpc-sw_nosfpmatch_diag/tools/riscv-loader/ual/PyUAL/PyUAL/PyUAL.py	14547	2026-08-14T06:09:37.813875+00:00	607e76cdee86f09e77c7cbe923dc58b27e52bb8c4998cc20b7ad2b9d1c8f2c5e	vendor-or-firmware-source
week02/v01/vendor/wrpc-sw_nosfpmatch_diag/tools/riscv-loader/ual/PyUAL/PyUAL/__init__.py	238	2026-08-14T06:09:37.814875+00:00	437def31f91123ab71c5f714d99cf6a6cb6cf64171e88831f2ff3386f9d69b83	vendor-or-firmware-source
week02/v01/vendor/wrpc-sw_nosfpmatch_diag/tools/riscv-loader/ual/PyUAL/setup.py	416	2026-08-14T06:09:37.816875+00:00	965c88c1f72bb8560bdf259c510a469263ef73e87a866e9a12fe0cb88daa596f	vendor-or-firmware-source
week02/v01/vendor/wrpc-sw_nosfpmatch_diag/tools/riscv-loader/ual/PyUALUtils/PyUALUtils/__init__.py	0	2026-08-14T06:09:37.818875+00:00	e3b0c44298fc1c149afbf4c8996fb92427ae41e4649b934ca495991b7852b855	vendor-or-firmware-source
week02/v01/vendor/wrpc-sw_nosfpmatch_diag/tools/riscv-loader/ual/PyUALUtils/PyUALUtils/remote.py	3430	2026-08-14T06:09:37.820875+00:00	1483d7d13f3e2dd1a5dd3a323e92316810477ae6fdd22fff83c32e8c5ebe67a5	vendor-or-firmware-source
week02/v01/vendor/wrpc-sw_nosfpmatch_diag/tools/riscv-loader/ual/PyUALUtils/setup.py	428	2026-08-14T06:09:37.821875+00:00	de211c9d1251f614555bd09b4afb9cd2dc15319535fca3370ac0860deac88008	vendor-or-firmware-source
week02/v01/vendor/wrpc-sw_nosfpmatch_diag/tools/riscv-loader/ual/README.md	7055	2026-08-14T06:09:37.823875+00:00	a1bb6b178e389f2834e4ac05dda2af6714d5b8d2d8c83120047f79826bd9107f	vendor-or-firmware-source
week02/v01/vendor/wrpc-sw_nosfpmatch_diag/tools/riscv-loader/ual/doc/Makefile	419	2026-08-14T06:09:37.830875+00:00	5772b2a5aab30ae418a5269adeb1f7277376c9328295c287ec19ca0915a26224	vendor-or-firmware-source
week02/v01/vendor/wrpc-sw_nosfpmatch_diag/tools/riscv-loader/ual/lib/Makefile	1965	2026-08-14T06:09:37.851875+00:00	3518f2fd275eb41044159bc0fe9991d393c1e825397128c830e06de8b1d49e7b	vendor-or-firmware-source
week02/v01/vendor/wrpc-sw_nosfpmatch_diag/tools/riscv-loader/ual/lib/bus-pci.c	2442	2026-08-14T06:09:37.853875+00:00	8804f6d251e127a59dfa59429b35d1683e2958c6779591980175620ffbed8629	vendor-or-firmware-source
week02/v01/vendor/wrpc-sw_nosfpmatch_diag/tools/riscv-loader/ual/lib/bus-vme.c	2214	2026-08-14T06:09:37.854875+00:00	59705381258cb3699ac1b83cbd8381ea62adbd21580817cd9fdb6374daab3724	vendor-or-firmware-source
week02/v01/vendor/wrpc-sw_nosfpmatch_diag/tools/riscv-loader/ual/lib/bus.c	9349	2026-08-14T06:09:37.855875+00:00	3c800b21fc8fa163d8caabcceb9fa11b0f3053569d4cf107d7d2e13e9d1ecbe8	vendor-or-firmware-source
week02/v01/vendor/wrpc-sw_nosfpmatch_diag/tools/riscv-loader/ual/lib/irq.c	2607	2026-08-14T06:09:37.856875+00:00	91b4180bd4ec507a96d16b964006f608752515c12182337029f37bb9881bc95a	vendor-or-firmware-source
week02/v01/vendor/wrpc-sw_nosfpmatch_diag/tools/riscv-loader/ual/lib/route.c	2586	2026-08-14T06:09:37.857875+00:00	891a1fa8d3414f26894bbc56f530427885e4dfcffdc035e30ec7169c0146cae9	vendor-or-firmware-source
week02/v01/vendor/wrpc-sw_nosfpmatch_diag/tools/riscv-loader/ual/lib/ual-int.h	1474	2026-08-14T06:09:37.859875+00:00	8800fb06ab0bbcf4b57c0230308b5f47d0d3babb681f32c4895d725718475bb2	vendor-or-firmware-source
week02/v01/vendor/wrpc-sw_nosfpmatch_diag/tools/riscv-loader/ual/lib/ual.h	4864	2026-08-14T06:09:37.860875+00:00	e7e49563953c1355d5f5b706783b74b5eff8f7a4a7eb159505fb1047b43755de	vendor-or-firmware-source
week02/v01/vendor/wrpc-sw_nosfpmatch_diag/tools/riscv-loader/ual/tools/Makefile	570	2026-08-14T06:09:37.863875+00:00	e7b7bbda4938ad63718c876a44408cb62168914e2274d7fe1a1a915c14024d07	vendor-or-firmware-source
week02/v01/vendor/wrpc-sw_nosfpmatch_diag/tools/riscv-loader/ual/tools/ualgui.py	28433	2026-08-14T06:09:37.865875+00:00	4dd265f66a52e0b0fe613e63f16461b7161dfb3f66dc4f047654511c7aefdd7d	vendor-or-firmware-source
week02/v01/vendor/wrpc-sw_nosfpmatch_diag/tools/riscv-loader/ual/tools/ualmem.c	11409	2026-08-14T06:09:37.867875+00:00	19c187c25610ba75e97b08c93a3530d9a64a8135554c17eb50cb2502b4dd4c96	vendor-or-firmware-source
week02/v01/vendor/wrpc-sw_nosfpmatch_diag/tools/riscv-loader/ual/tools/ualserver.py	917	2026-08-14T06:09:37.868875+00:00	05b2a529e023a8db63f4f33c25f7428d479718f42461781ccfbf2be347070eee	vendor-or-firmware-source
week02/v01/vendor/wrpc-sw_nosfpmatch_diag/tools/riscv-loader/ual/versions.mk	479	2026-08-14T06:09:37.872875+00:00	d36b5c358d2f72ee74006cfe04db27b1bca75a1bb4e3776c9d1a3ecdbfb6baaa	vendor-or-firmware-source
week02/v01/vendor/wrpc-sw_nosfpmatch_diag/tools/sdbfs-default.bin	320	2026-08-14T10:00:08.182170+00:00	572d5fc077bd4a025c5e296720065760250e82596907b121fa9c3f7dbef82d26	vendor-or-firmware-source
week02/v01/vendor/wrpc-sw_nosfpmatch_diag/tools/time_lib.c	7610	2026-08-14T06:06:23.454020+00:00	0b0f2b7b303a708fb900f9789127ff78f36b8b8811af25cd8f7962440bbf61e5	vendor-or-firmware-source
week02/v01/vendor/wrpc-sw_nosfpmatch_diag/tools/time_lib.h	1384	2026-08-14T06:06:23.456020+00:00	12a766535fcaf81eefacc07afbd662fc7207b38b11920e5aebe5c5f5ccc63c1a	vendor-or-firmware-source
week02/v01/vendor/wrpc-sw_nosfpmatch_diag/tools/trivial-init/Makefile	678	2026-08-14T06:06:23.457020+00:00	9112151efc378234159e090e410f250d7fe761b81fb2afd03a2d56b8d4039d7d	vendor-or-firmware-source
week02/v01/vendor/wrpc-sw_nosfpmatch_diag/tools/trivial-init/main.c	2508	2026-08-14T06:06:23.459020+00:00	3bea2f5ed99b3a0af2d27e3b010a8349a29a3fb2de09d2c429ddd65e1b3bb461	vendor-or-firmware-source
week02/v01/vendor/wrpc-sw_nosfpmatch_diag/tools/trivial-init/pf-microcode.h	1392	2026-08-14T06:06:23.460020+00:00	3a79c07e8a94e44fb66b41a2abc8c5a7916200208fc1ea2d74fd809baba4b098	vendor-or-firmware-source
week02/v01/vendor/wrpc-sw_nosfpmatch_diag/tools/uart-bootloader/Makefile	1278	2026-08-14T06:06:23.465020+00:00	4cf80606a074b57ad83f2e9b68742ae18a1e0b101c4110c2a16e8126b1121495	vendor-or-firmware-source
week02/v01/vendor/wrpc-sw_nosfpmatch_diag/tools/uart-bootloader/boot.c	11188	2026-08-14T06:06:23.466020+00:00	fb67e403a25778b2fdb885f59a58b55399620a9b4267c53bbffb96c53f5ea47d	vendor-or-firmware-source
week02/v01/vendor/wrpc-sw_nosfpmatch_diag/tools/uart-bootloader/timer.c	462	2026-08-14T06:06:23.467020+00:00	c21761d551e2ac79718bcd943989452be7bf02bb392280ef18f5de79abfdeb6a	vendor-or-firmware-source
week02/v01/vendor/wrpc-sw_nosfpmatch_diag/tools/uart-bootloader/uart.c	1514	2026-08-14T06:06:23.468020+00:00	c2e350260c0c5a78d79299a5353737bd3346a9a2052d3795dbfe951569533a1b	vendor-or-firmware-source
week02/v01/vendor/wrpc-sw_nosfpmatch_diag/tools/uart-bootloader/uart.h	1026	2026-08-14T06:06:23.470020+00:00	bf35d657ba83a3f5b14578627efbf71e98483a9875fe8c196f254deda6ef237a	vendor-or-firmware-source
week02/v01/vendor/wrpc-sw_nosfpmatch_diag/tools/uart-bootloader/usb-bootloader.py	14160	2026-08-14T06:06:23.471020+00:00	e62872dc455d31963ab308cc6aa45ef332f81fc98bfc3c6a6ddd43fd9dbe9459	vendor-or-firmware-source
week02/v01/vendor/wrpc-sw_nosfpmatch_diag/tools/uart-bootloader.py	947	2026-08-14T06:06:23.463020+00:00	a501c357be5017ab11b2c8849617153c2f5a6c7349555f281d151f63916a0c9d	vendor-or-firmware-source
week02/v01/vendor/wrpc-sw_nosfpmatch_diag/tools/vuart_lib.c	3077	2026-08-14T06:06:23.473020+00:00	0bc5cc07e48363aebca6d045fff3186f3aa9813eba182934c1a9adad3690124c	vendor-or-firmware-source
week02/v01/vendor/wrpc-sw_nosfpmatch_diag/tools/vuart_lib.h	721	2026-08-14T06:06:23.474020+00:00	5bd1b784428fd4fb5089ab13760a17b5a743d19b5f53b254125d0d106f69d69a	vendor-or-firmware-source
week02/v01/vendor/wrpc-sw_nosfpmatch_diag/tools/wr-streamers.c	28055	2026-08-14T06:06:23.476020+00:00	59baa25e17802abd37e34c76396c92b9632a04efd6c84dce61df9c66358c875e	vendor-or-firmware-source
week02/v01/vendor/wrpc-sw_nosfpmatch_diag/tools/wr_graph.py	5280	2026-08-14T06:06:23.477020+00:00	682028efc5da6b740b8f6c67e3cb83f89618ca573e451cf384356acfd4f95aca	vendor-or-firmware-source
week02/v01/vendor/wrpc-sw_nosfpmatch_diag/tools/wrpc-diags.c	12082	2026-08-14T06:06:23.479020+00:00	5486df5f509b20e6bc67347751739d573e057fc1a416c5c169f4f91e480c6b7a	vendor-or-firmware-source
week02/v01/vendor/wrpc-sw_nosfpmatch_diag/tools/wrpc-dump.c	31627	2026-08-14T06:06:23.481020+00:00	01fe49bedf286b8300ce73be6ed0b8eec91409f68b10905ae067f5b2f8c1aa43	vendor-or-firmware-source
week02/v01/vendor/wrpc-sw_nosfpmatch_diag/tools/wrpc-load.c	6601	2026-08-14T06:06:23.483020+00:00	f7a44f6a1d93ea8c1cf7834e95e0d12868fbd0bb4a8169bbe3492912f68ef1b0	vendor-or-firmware-source
week02/v01/vendor/wrpc-sw_nosfpmatch_diag/tools/wrpc-spll-plotter.py	5567	2026-08-14T06:06:23.484020+00:00	f26737df19623e2348f23fb1dae91014307e6ebcc469300c55a2bd78aebd8352	vendor-or-firmware-source
week02/v01/vendor/wrpc-sw_nosfpmatch_diag/tools/wrpc-vuart.c	3948	2026-08-14T06:06:23.486020+00:00	2426ca4a7fbcaf706914b61a9f50b494b0fc122f93fb76c19cf6860468a8bb10	vendor-or-firmware-source
week02/v01/vendor/wrpc-sw_nosfpmatch_diag/tools/wrpc-w1-read.c	5711	2026-08-14T06:06:23.487020+00:00	6063ba769cadefb32c29292cc00cdeb0c153ace20dcc887e580df607b853b4d3	vendor-or-firmware-source
week02/v01/vendor/wrpc-sw_nosfpmatch_diag/tools/wrpc-w1-write.c	5766	2026-08-14T06:06:23.488020+00:00	1e8f596d7eb292c1ef60354691ead81081d90d28c373ce7f708d56f0625cc84d	vendor-or-firmware-source
week02/v01/vendor/wrpc-sw_nosfpmatch_diag/tools/wrpc.c	78125	2026-08-14T06:06:23.491019+00:00	1ee303f92ee899a1210e5fc98fdf629c36bfb1128e74a1d7c4b84e1b9b45522b	vendor-or-firmware-source
week02/v01/vendor/wrpc-sw_nosfpmatch_diag/ual/CONTRIBUTING.md	102	2026-08-14T06:09:37.933874+00:00	b7030fd106fe863e69a03278c01f483ca037bfdbf7e15094d075cb4941fa5d1d	vendor-or-firmware-source
week02/v01/vendor/wrpc-sw_nosfpmatch_diag/ual/Makefile	212	2026-08-14T06:09:37.935874+00:00	4c237ed6ecea61f0a6526ad5b4adee78ce36224b4efea717a07b12aceda081e2	vendor-or-firmware-source
week02/v01/vendor/wrpc-sw_nosfpmatch_diag/ual/PyUAL/PyUAL/PyUAL.py	14547	2026-08-14T06:09:37.938874+00:00	607e76cdee86f09e77c7cbe923dc58b27e52bb8c4998cc20b7ad2b9d1c8f2c5e	vendor-or-firmware-source
week02/v01/vendor/wrpc-sw_nosfpmatch_diag/ual/PyUAL/PyUAL/__init__.py	238	2026-08-14T06:09:37.940874+00:00	437def31f91123ab71c5f714d99cf6a6cb6cf64171e88831f2ff3386f9d69b83	vendor-or-firmware-source
week02/v01/vendor/wrpc-sw_nosfpmatch_diag/ual/PyUAL/setup.py	416	2026-08-14T06:09:37.942874+00:00	965c88c1f72bb8560bdf259c510a469263ef73e87a866e9a12fe0cb88daa596f	vendor-or-firmware-source
week02/v01/vendor/wrpc-sw_nosfpmatch_diag/ual/PyUALUtils/PyUALUtils/__init__.py	0	2026-08-14T06:09:37.944874+00:00	e3b0c44298fc1c149afbf4c8996fb92427ae41e4649b934ca495991b7852b855	vendor-or-firmware-source
week02/v01/vendor/wrpc-sw_nosfpmatch_diag/ual/PyUALUtils/PyUALUtils/remote.py	3430	2026-08-14T06:09:37.946874+00:00	1483d7d13f3e2dd1a5dd3a323e92316810477ae6fdd22fff83c32e8c5ebe67a5	vendor-or-firmware-source
week02/v01/vendor/wrpc-sw_nosfpmatch_diag/ual/PyUALUtils/setup.py	428	2026-08-14T06:09:37.947874+00:00	de211c9d1251f614555bd09b4afb9cd2dc15319535fca3370ac0860deac88008	vendor-or-firmware-source
week02/v01/vendor/wrpc-sw_nosfpmatch_diag/ual/README.md	7055	2026-08-14T06:09:37.949874+00:00	a1bb6b178e389f2834e4ac05dda2af6714d5b8d2d8c83120047f79826bd9107f	vendor-or-firmware-source
week02/v01/vendor/wrpc-sw_nosfpmatch_diag/ual/doc/Makefile	419	2026-08-14T06:09:37.956874+00:00	5772b2a5aab30ae418a5269adeb1f7277376c9328295c287ec19ca0915a26224	vendor-or-firmware-source
week02/v01/vendor/wrpc-sw_nosfpmatch_diag/ual/lib/Makefile	1965	2026-08-14T06:09:37.977874+00:00	3518f2fd275eb41044159bc0fe9991d393c1e825397128c830e06de8b1d49e7b	vendor-or-firmware-source
week02/v01/vendor/wrpc-sw_nosfpmatch_diag/ual/lib/bus-pci.c	2442	2026-08-14T06:09:37.979874+00:00	8804f6d251e127a59dfa59429b35d1683e2958c6779591980175620ffbed8629	vendor-or-firmware-source
week02/v01/vendor/wrpc-sw_nosfpmatch_diag/ual/lib/bus-vme.c	2214	2026-08-14T06:09:37.981874+00:00	59705381258cb3699ac1b83cbd8381ea62adbd21580817cd9fdb6374daab3724	vendor-or-firmware-source
week02/v01/vendor/wrpc-sw_nosfpmatch_diag/ual/lib/bus.c	9349	2026-08-14T06:09:37.983874+00:00	3c800b21fc8fa163d8caabcceb9fa11b0f3053569d4cf107d7d2e13e9d1ecbe8	vendor-or-firmware-source
week02/v01/vendor/wrpc-sw_nosfpmatch_diag/ual/lib/irq.c	2607	2026-08-14T06:09:37.985874+00:00	91b4180bd4ec507a96d16b964006f608752515c12182337029f37bb9881bc95a	vendor-or-firmware-source
week02/v01/vendor/wrpc-sw_nosfpmatch_diag/ual/lib/route.c	2586	2026-08-14T06:09:37.986874+00:00	891a1fa8d3414f26894bbc56f530427885e4dfcffdc035e30ec7169c0146cae9	vendor-or-firmware-source
week02/v01/vendor/wrpc-sw_nosfpmatch_diag/ual/lib/ual-int.h	1474	2026-08-14T06:09:37.987874+00:00	8800fb06ab0bbcf4b57c0230308b5f47d0d3babb681f32c4895d725718475bb2	vendor-or-firmware-source
week02/v01/vendor/wrpc-sw_nosfpmatch_diag/ual/lib/ual.h	4864	2026-08-14T06:09:37.989874+00:00	e7e49563953c1355d5f5b706783b74b5eff8f7a4a7eb159505fb1047b43755de	vendor-or-firmware-source
week02/v01/vendor/wrpc-sw_nosfpmatch_diag/ual/tools/Makefile	570	2026-08-14T06:09:37.992874+00:00	e7b7bbda4938ad63718c876a44408cb62168914e2274d7fe1a1a915c14024d07	vendor-or-firmware-source
week02/v01/vendor/wrpc-sw_nosfpmatch_diag/ual/tools/ualgui.py	28433	2026-08-14T06:09:37.995874+00:00	4dd265f66a52e0b0fe613e63f16461b7161dfb3f66dc4f047654511c7aefdd7d	vendor-or-firmware-source
week02/v01/vendor/wrpc-sw_nosfpmatch_diag/ual/tools/ualmem.c	11409	2026-08-14T06:09:37.996874+00:00	19c187c25610ba75e97b08c93a3530d9a64a8135554c17eb50cb2502b4dd4c96	vendor-or-firmware-source
week02/v01/vendor/wrpc-sw_nosfpmatch_diag/ual/tools/ualserver.py	917	2026-08-14T06:09:37.998874+00:00	05b2a529e023a8db63f4f33c25f7428d479718f42461781ccfbf2be347070eee	vendor-or-firmware-source
week02/v01/vendor/wrpc-sw_nosfpmatch_diag/ual/versions.mk	479	2026-08-14T06:09:38.000874+00:00	d36b5c358d2f72ee74006cfe04db27b1bca75a1bb4e3776c9d1a3ecdbfb6baaa	vendor-or-firmware-source
week02/v01/vendor/wrpc-sw_nosfpmatch_diag/wrc.bin	83532	2026-08-14T21:52:59.324752+00:00	606ee312d4084cc372935b0bee6ac34adfe8b1d96c9f19f9d069c92a4a691da7	vendor-or-firmware-source
week02/v01/vendor/wrpc-sw_nosfpmatch_diag/wrc.elf	124476	2026-08-14T21:52:59.268752+00:00	ccb995f08bf596cd8f15964afefe1f470d264e49b030204d5a0326baa9a83aeb	vendor-or-firmware-source
week02/v01/vendor/wrpc-sw_nosfpmatch_diag/wrc.mif	831301	2026-08-14T21:52:59.401751+00:00	96aa4868a6addcc6a09c31f78bc1e11812aee3a5d867e7575777b6ca0862b9fa	vendor-or-firmware-source
week02/v01/vendor/wrpc-sw_nosfpmatch_diag/wrc.vhd	1147168	2026-08-14T21:52:59.411751+00:00	4bdf632aee1f7d030169c17757aae7e8accbb0259c726628aad81896899809c1	vendor-or-firmware-source
week02/v01/vendor/wrpc-sw_nosfpmatch_diag/wrc_main.c	7067	2026-08-14T06:06:23.492020+00:00	970ebaba76fedb852e5f56a8312b691008be612d3570b21b80ecfb298d2be47b	vendor-or-firmware-source
week02/v01/vendor/wrpc-sw_nosfpmatch_diag/wrc_main_sim.c	6796	2026-08-14T06:06:23.494020+00:00	f9ebd97a8e5d1fb3987c1e246a574817c3e5b711e0f1408d16553308591b5102	vendor-or-firmware-source
week02/v01/work_wrphy/wr_arria10_e3p1_phy/generated/altera_xcvr_native_a10_170/synth/a10_avmm_h.sv	6843	2026-08-14T00:44:11.315101+00:00	4de7b95286ea2574efe02ad5e95d78db78a3a1c51aa1cdcd8fc5b14b11b38f7b	project-source-or-doc
week02/v01/work_wrphy/wr_arria10_e3p1_phy/generated/altera_xcvr_native_a10_170/synth/alt_xcvr_arbiter.sv	2865	2026-08-14T00:44:11.063102+00:00	9f0c59a5482f49b010df713049ec0f8b54f0733f4f5a69b2796b2470e0bda350	project-source-or-doc
week02/v01/work_wrphy/wr_arria10_e3p1_phy/generated/altera_xcvr_native_a10_170/synth/alt_xcvr_native_avmm_csr.sv	29691	2026-08-14T00:44:11.327101+00:00	57766b5260a20de7fd3afd4381506b5e845cb7e4c7bb0792ca4ac16ad2c722f6	project-source-or-doc
week02/v01/work_wrphy/wr_arria10_e3p1_phy/generated/altera_xcvr_native_a10_170/synth/alt_xcvr_native_odi_accel.sv	16027	2026-08-14T00:44:11.339101+00:00	558b1156cfd912c167538fb5dde659fafe7ccae05aeb71a77df9d4f294f2cacf	project-source-or-doc
week02/v01/work_wrphy/wr_arria10_e3p1_phy/generated/altera_xcvr_native_a10_170/synth/alt_xcvr_native_pipe_retry.sv	11070	2026-08-14T00:44:11.322101+00:00	14e3dc7ab1a43b380e2d52e3553255d195c410596d7838492e1c9547065baccd	project-source-or-doc
week02/v01/work_wrphy/wr_arria10_e3p1_phy/generated/altera_xcvr_native_a10_170/synth/alt_xcvr_native_prbs_accum.sv	9326	2026-08-14T00:44:11.331101+00:00	0d7a77d72ea78ce126b256994f32a96d5dc8e218958c776bf99a1a513fb6fa61	project-source-or-doc
week02/v01/work_wrphy/wr_arria10_e3p1_phy/generated/altera_xcvr_native_a10_170/synth/alt_xcvr_native_rcfg_arb.sv	7056	2026-08-14T00:44:11.341101+00:00	d44352cdabe4e3ed2e7f1bdf6227bee2859f8f1007119056aaf754300c89a425	project-source-or-doc
week02/v01/work_wrphy/wr_arria10_e3p1_phy/generated/altera_xcvr_native_a10_170/synth/alt_xcvr_native_rcfg_opt_logic_aqgtcoa.sv	43214	2026-08-14T00:44:11.574100+00:00	5a54e1af4de910ab84e46ef25ca1a613502dc6fd8b064b84f4cf54d7798d7db0	project-source-or-doc
week02/v01/work_wrphy/wr_arria10_e3p1_phy/generated/altera_xcvr_native_a10_170/synth/alt_xcvr_resync.sv	3995	2026-08-14T00:44:11.060102+00:00	fb4f01a93eec1603e06d2ec0f43200aaa408418ba441caa5be0838aea5f8ce3f	project-source-or-doc
week02/v01/work_wrphy/wr_arria10_e3p1_phy/generated/altera_xcvr_native_a10_170/synth/altera_xcvr_native_a10_false_paths.sdc	13063	2026-08-14T00:44:11.347101+00:00	1af49f790a4396817e780051aa6daf9b58b9b44346e538ef4e92c5a32999fda4	project-source-or-doc
week02/v01/work_wrphy/wr_arria10_e3p1_phy/generated/altera_xcvr_native_a10_170/synth/altera_xcvr_native_a10_functions_h.sv	6352	2026-08-14T00:44:11.298101+00:00	d7398bd0761128e03544944a336ebfc0a57d1b9785c82d9496424c936173b755	project-source-or-doc
week02/v01/work_wrphy/wr_arria10_e3p1_phy/generated/altera_xcvr_native_a10_170/synth/altera_xcvr_native_pcie_dfe_ip.sv	16136	2026-08-14T00:44:11.404100+00:00	35bb5c538d5d5cfb546b119822cc64455825e4ba80509d93d49041fcac47411f	project-source-or-doc
week02/v01/work_wrphy/wr_arria10_e3p1_phy/generated/altera_xcvr_native_a10_170/synth/altera_xcvr_native_pcie_dfe_params_h.sv	2952	2026-08-14T00:44:11.350101+00:00	cd41dd74fcf3bac5ae393323e0a26a33893821005a004c2a33a8ee6956391ebb	project-source-or-doc
week02/v01/work_wrphy/wr_arria10_e3p1_phy/generated/altera_xcvr_native_a10_170/synth/pcie_mgmt_commands_h.sv	11541	2026-08-14T00:44:11.355101+00:00	a20b29390f9ea1b28f5dc663507190ce8bdfaed106fd90b45044e0ab4f4d6b70	project-source-or-doc
week02/v01/work_wrphy/wr_arria10_e3p1_phy/generated/altera_xcvr_native_a10_170/synth/pcie_mgmt_cpu.sv	12207	2026-08-14T00:44:11.395101+00:00	0b4bb1e2b577c6b11b53d709eb712b1a07f7ce1bd9a27947721e367fc6e158ff	project-source-or-doc
week02/v01/work_wrphy/wr_arria10_e3p1_phy/generated/altera_xcvr_native_a10_170/synth/pcie_mgmt_functions_h.sv	12848	2026-08-14T00:44:11.382101+00:00	420a9d4af788dd34baa871c311095f36efcc232d5f2339cac40b32b8235b7160	project-source-or-doc
week02/v01/work_wrphy/wr_arria10_e3p1_phy/generated/altera_xcvr_native_a10_170/synth/pcie_mgmt_master.sv	4101	2026-08-14T00:44:11.400100+00:00	484c1e2e3c97826d43e3c31f22317d9d7070f102056976d6e5414c43805ed635	project-source-or-doc
week02/v01/work_wrphy/wr_arria10_e3p1_phy/generated/altera_xcvr_native_a10_170/synth/pcie_mgmt_program.sv	34055	2026-08-14T00:44:11.391101+00:00	0e56973bedfb44f3c1a5d77b065e9a9b0ea08e36ee5629a29f0c0b41f78ea570	project-source-or-doc
week02/v01/work_wrphy/wr_arria10_e3p1_phy/generated/altera_xcvr_native_a10_170/synth/twentynm_pcs.sv	3923500	2026-08-14T00:44:11.173102+00:00	018322e9fd8f5713717cb9a161f4bb757a798b92ea56d99ece905ac205d41012	project-source-or-doc
week02/v01/work_wrphy/wr_arria10_e3p1_phy/generated/altera_xcvr_native_a10_170/synth/twentynm_pma.sv	749520	2026-08-14T00:44:11.192102+00:00	892dcb9e06a7da940bf992fa5735fcb4dc853921ce97a15a08454e3f9a7c9600	project-source-or-doc
week02/v01/work_wrphy/wr_arria10_e3p1_phy/generated/altera_xcvr_native_a10_170/synth/twentynm_xcvr_avmm.sv	31631	2026-08-14T00:44:11.201102+00:00	deebb6f797ebc0bfc8e9a970de271a65a1b1e141eadadb7adac8abe4619be30a	project-source-or-doc
week02/v01/work_wrphy/wr_arria10_e3p1_phy/generated/altera_xcvr_native_a10_170/synth/twentynm_xcvr_native.sv	2809783	2026-08-14T00:44:11.269101+00:00	bb61a4682369dab26bf1a12483f3e07f07bae8e01e199d3442d4aa18e6d112c6	project-source-or-doc
week02/v01/work_wrphy/wr_arria10_e3p1_phy/generated/altera_xcvr_native_a10_170/synth/wr_arria10_e3p1_phy_altera_xcvr_native_a10_170_aqgtcoa.sv	271655	2026-08-14T00:44:11.555100+00:00	0f8dbd07ea20f5ba07959ee21c2aaba26c359e7df057d39c7840a4843176d555	project-source-or-doc
week02/v01/work_wrphy/wr_arria10_e3p1_phy/generated/synth/wr_arria10_e3p1_phy.v	763569	2026-08-14T00:44:11.031103+00:00	343e0111334d1def195cd3a3bbfad31b02b26d42aa68146690bc293f86c90ce0	project-source-or-doc
week02/v01/work_wrphy/wr_arria10_e3p1_phy/generated/synth/wr_arria10_e3p1_phy_cfg.v	229	2026-08-14T00:44:11.629099+00:00	6b10fa2417a2ca78b455c4f6c7587a46da2f5977a9adedc87b6d1a88aa62110c	project-source-or-doc
week02/v01/work_wrphy/wr_arria10_e3p1_phy/generated/wr_arria10_e3p1_phy.qip	76326	2026-08-14T00:44:11.602099+00:00	b63f8e2f997c15e151923c2bf9b6a38cc4f9196582da0afe7bee3b1340214324	project-source-or-doc
week02/v01/work_wrphy/wr_arria10_e3p1_phy/generated/wr_arria10_e3p1_phy_generation.rpt	5351	2026-08-14T00:44:11.603099+00:00	d44ab0ec4c26076745525e8b6f225aa11f1baf0b7df0815b409011fdc4ba2e31	artifact-or-log
week02/v01/work_wrphy_full/wr_arria10_e3p1_phy/Manifest.py	353	2026-08-14T00:38:05.717158+00:00	013e77bcef323fccb0b159e3044d7fecc0432843f1686e97eb21b8a85e5d5e85	project-source-or-doc
week02/v01/work_wrphy_full/wr_arria10_e3p1_phy/wr_arria10_e3p1_atx_pll/generated/altera_xcvr_atx_pll_a10_170/synth/a10_avmm_h.sv	6843	2026-08-14T00:49:31.692242+00:00	4de7b95286ea2574efe02ad5e95d78db78a3a1c51aa1cdcd8fc5b14b11b38f7b	project-source-or-doc
week02/v01/work_wrphy_full/wr_arria10_e3p1_phy/wr_arria10_e3p1_atx_pll/generated/altera_xcvr_atx_pll_a10_170/synth/a10_xcvr_atx_pll.sv	36205	2026-08-14T00:49:31.718242+00:00	aba11f61a4c4a7a4f66f814e2c16d453afdc08a65eeebc46adf1cbc919cb6dce	project-source-or-doc
week02/v01/work_wrphy_full/wr_arria10_e3p1_phy/wr_arria10_e3p1_atx_pll/generated/altera_xcvr_atx_pll_a10_170/synth/alt_xcvr_arbiter.sv	2865	2026-08-14T00:49:31.690242+00:00	9f0c59a5482f49b010df713049ec0f8b54f0733f4f5a69b2796b2470e0bda350	project-source-or-doc
week02/v01/work_wrphy_full/wr_arria10_e3p1_phy/wr_arria10_e3p1_atx_pll/generated/altera_xcvr_atx_pll_a10_170/synth/alt_xcvr_atx_pll_rcfg_arb.sv	6110	2026-08-14T00:49:31.709242+00:00	4c55b3fc2a3bf92f1985e9254ca309525f64cf63775fd45d32d3fa543dcdbd17	project-source-or-doc
week02/v01/work_wrphy_full/wr_arria10_e3p1_phy/wr_arria10_e3p1_atx_pll/generated/altera_xcvr_atx_pll_a10_170/synth/alt_xcvr_atx_pll_rcfg_opt_logic_7zpwg4q.sv	25836	2026-08-14T00:49:31.742242+00:00	82801db43696f96d3fa18d3c32a58ed992f0d4657cdd899685cae469a0766d5b	project-source-or-doc
week02/v01/work_wrphy_full/wr_arria10_e3p1_phy/wr_arria10_e3p1_atx_pll/generated/altera_xcvr_atx_pll_a10_170/synth/alt_xcvr_pll_avmm_csr.sv	10422	2026-08-14T00:49:31.721242+00:00	85287a923f06c021f577bc1e4926d3df7be3df14803a3a04f7f0d45d0fd58d90	project-source-or-doc
week02/v01/work_wrphy_full/wr_arria10_e3p1_phy/wr_arria10_e3p1_atx_pll/generated/altera_xcvr_atx_pll_a10_170/synth/alt_xcvr_pll_embedded_debug.sv	2887	2026-08-14T00:49:31.720242+00:00	c20b30f416253a675abd01bc195d415bcaabbdc5bef07d24357582de788902b9	project-source-or-doc
week02/v01/work_wrphy_full/wr_arria10_e3p1_phy/wr_arria10_e3p1_atx_pll/generated/altera_xcvr_atx_pll_a10_170/synth/alt_xcvr_resync.sv	3995	2026-08-14T00:49:31.689242+00:00	fb4f01a93eec1603e06d2ec0f43200aaa408418ba441caa5be0838aea5f8ce3f	project-source-or-doc
week02/v01/work_wrphy_full/wr_arria10_e3p1_phy/wr_arria10_e3p1_atx_pll/generated/altera_xcvr_atx_pll_a10_170/synth/altera_xcvr_native_a10_functions_h.sv	6352	2026-08-14T00:49:31.693242+00:00	d7398bd0761128e03544944a336ebfc0a57d1b9785c82d9496424c936173b755	project-source-or-doc
week02/v01/work_wrphy_full/wr_arria10_e3p1_phy/wr_arria10_e3p1_atx_pll/generated/altera_xcvr_atx_pll_a10_170/synth/twentynm_xcvr_avmm.sv	31631	2026-08-14T00:49:31.687242+00:00	deebb6f797ebc0bfc8e9a970de271a65a1b1e141eadadb7adac8abe4619be30a	project-source-or-doc
week02/v01/work_wrphy_full/wr_arria10_e3p1_phy/wr_arria10_e3p1_atx_pll/generated/altera_xcvr_atx_pll_a10_170/synth/wr_arria10_e3p1_atx_pll_altera_xcvr_atx_pll_a10_170_7zpwg4q.sv	46827	2026-08-14T00:49:31.737242+00:00	891d9eb3dead4d9db01d9bc0badde4c0e5764c295b62051ff818740c72c45b57	project-source-or-doc
week02/v01/work_wrphy_full/wr_arria10_e3p1_phy/wr_arria10_e3p1_atx_pll/generated/synth/wr_arria10_e3p1_atx_pll.v	12191	2026-08-14T00:49:31.682242+00:00	a4481a0a5520a2cb639654c8c00a02037991365d0a2f32a3a47c3c1303d86413	project-source-or-doc
week02/v01/work_wrphy_full/wr_arria10_e3p1_phy/wr_arria10_e3p1_atx_pll/generated/synth/wr_arria10_e3p1_atx_pll_cfg.v	252	2026-08-14T00:49:31.873241+00:00	6c1c385dcb2706f03c6df267378b5ad1bbf56acc65dbbb6f40944f211a7f9221	project-source-or-doc
week02/v01/work_wrphy_full/wr_arria10_e3p1_phy/wr_arria10_e3p1_atx_pll/generated/wr_arria10_e3p1_atx_pll.qip	83107	2026-08-14T00:49:31.762241+00:00	c3d14c8af051b8dcc50de276eef7c7a662b2184229fe4d4dafa488d6317cb1d8	project-source-or-doc
week02/v01/work_wrphy_full/wr_arria10_e3p1_phy/wr_arria10_e3p1_atx_pll/generated/wr_arria10_e3p1_atx_pll_generation.rpt	3258	2026-08-14T00:49:31.763241+00:00	718baad09867cbebc126d66388d22a798dab9ac65738774dc295e97d957cfbd7	artifact-or-log
week02/v01/work_wrphy_full/wr_arria10_e3p1_phy/wr_arria10_e3p1_cmu_pll/generated/altera_xcvr_cdr_pll_a10_170/synth/a10_avmm_h.sv	6843	2026-08-14T00:49:34.224227+00:00	4de7b95286ea2574efe02ad5e95d78db78a3a1c51aa1cdcd8fc5b14b11b38f7b	project-source-or-doc
week02/v01/work_wrphy_full/wr_arria10_e3p1_phy/wr_arria10_e3p1_cmu_pll/generated/altera_xcvr_cdr_pll_a10_170/synth/alt_xcvr_native_avmm_nf.sv	8763	2026-08-14T00:49:34.226227+00:00	8ca48b1a93402420ed88e5bdc750bd3dfe44e478a48aaa4fbadfa0669ee105de	project-source-or-doc
week02/v01/work_wrphy_full/wr_arria10_e3p1_phy/wr_arria10_e3p1_cmu_pll/generated/altera_xcvr_cdr_pll_a10_170/synth/alt_xcvr_pll_avmm_csr.sv	10422	2026-08-14T00:49:34.228227+00:00	85287a923f06c021f577bc1e4926d3df7be3df14803a3a04f7f0d45d0fd58d90	project-source-or-doc
week02/v01/work_wrphy_full/wr_arria10_e3p1_phy/wr_arria10_e3p1_cmu_pll/generated/altera_xcvr_cdr_pll_a10_170/synth/alt_xcvr_pll_embedded_debug.sv	2887	2026-08-14T00:49:34.227227+00:00	c20b30f416253a675abd01bc195d415bcaabbdc5bef07d24357582de788902b9	project-source-or-doc
week02/v01/work_wrphy_full/wr_arria10_e3p1_phy/wr_arria10_e3p1_cmu_pll/generated/altera_xcvr_cdr_pll_a10_170/synth/alt_xcvr_resync.sv	3995	2026-08-14T00:49:34.219227+00:00	fb4f01a93eec1603e06d2ec0f43200aaa408418ba441caa5be0838aea5f8ce3f	project-source-or-doc
week02/v01/work_wrphy_full/wr_arria10_e3p1_phy/wr_arria10_e3p1_cmu_pll/generated/altera_xcvr_cdr_pll_a10_170/synth/altera_xcvr_cdr_pll_a10.sv	42324	2026-08-14T00:49:34.223227+00:00	9bbed8c2c3e79523c6cee8ffa1366d344afdc9fd1f4158e5d01e42167a82d659	project-source-or-doc
week02/v01/work_wrphy_full/wr_arria10_e3p1_phy/wr_arria10_e3p1_cmu_pll/generated/altera_xcvr_cdr_pll_a10_170/synth/twentynm_xcvr_avmm.sv	31631	2026-08-14T00:49:34.217227+00:00	deebb6f797ebc0bfc8e9a970de271a65a1b1e141eadadb7adac8abe4619be30a	project-source-or-doc
week02/v01/work_wrphy_full/wr_arria10_e3p1_phy/wr_arria10_e3p1_cmu_pll/generated/synth/wr_arria10_e3p1_cmu_pll.v	8634	2026-08-14T00:49:34.210227+00:00	482e8a052528140998256b7a9319f67464b49bb55c5e712bf01482c9ad15ea5e	project-source-or-doc
week02/v01/work_wrphy_full/wr_arria10_e3p1_phy/wr_arria10_e3p1_cmu_pll/generated/synth/wr_arria10_e3p1_cmu_pll_cfg.v	216	2026-08-14T00:49:34.328227+00:00	86e5f9b3187f67ae09376b8ed2cd7dcd24a06e2c734473260e5f75cb8a1d78d8	project-source-or-doc
week02/v01/work_wrphy_full/wr_arria10_e3p1_phy/wr_arria10_e3p1_cmu_pll/generated/wr_arria10_e3p1_cmu_pll.qip	31499	2026-08-14T00:49:34.242227+00:00	c6fe15e44c8205d33ddc1f0a5355386fca5019f3eb9a2f26f956c19f0064bcbf	project-source-or-doc
week02/v01/work_wrphy_full/wr_arria10_e3p1_phy/wr_arria10_e3p1_cmu_pll/generated/wr_arria10_e3p1_cmu_pll_generation.rpt	3206	2026-08-14T00:49:34.243227+00:00	3ecff0aea62b19cb58c9855132cd761ffbe6b8de8862d02cd9267b545646333c	artifact-or-log
week02/v01/work_wrphy_full/wr_arria10_e3p1_phy/wr_arria10_e3p1_det_phy/generated/altera_xcvr_native_a10_170/synth/a10_avmm_h.sv	6843	2026-08-14T00:49:37.904206+00:00	4de7b95286ea2574efe02ad5e95d78db78a3a1c51aa1cdcd8fc5b14b11b38f7b	project-source-or-doc
week02/v01/work_wrphy_full/wr_arria10_e3p1_phy/wr_arria10_e3p1_det_phy/generated/altera_xcvr_native_a10_170/synth/alt_xcvr_arbiter.sv	2865	2026-08-14T00:49:37.820206+00:00	9f0c59a5482f49b010df713049ec0f8b54f0733f4f5a69b2796b2470e0bda350	project-source-or-doc
week02/v01/work_wrphy_full/wr_arria10_e3p1_phy/wr_arria10_e3p1_det_phy/generated/altera_xcvr_native_a10_170/synth/alt_xcvr_native_avmm_csr.sv	29691	2026-08-14T00:49:37.907206+00:00	57766b5260a20de7fd3afd4381506b5e845cb7e4c7bb0792ca4ac16ad2c722f6	project-source-or-doc
week02/v01/work_wrphy_full/wr_arria10_e3p1_phy/wr_arria10_e3p1_det_phy/generated/altera_xcvr_native_a10_170/synth/alt_xcvr_native_odi_accel.sv	16027	2026-08-14T00:49:37.910206+00:00	558b1156cfd912c167538fb5dde659fafe7ccae05aeb71a77df9d4f294f2cacf	project-source-or-doc
week02/v01/work_wrphy_full/wr_arria10_e3p1_phy/wr_arria10_e3p1_det_phy/generated/altera_xcvr_native_a10_170/synth/alt_xcvr_native_pipe_retry.sv	11070	2026-08-14T00:49:37.905206+00:00	14e3dc7ab1a43b380e2d52e3553255d195c410596d7838492e1c9547065baccd	project-source-or-doc
week02/v01/work_wrphy_full/wr_arria10_e3p1_phy/wr_arria10_e3p1_det_phy/generated/altera_xcvr_native_a10_170/synth/alt_xcvr_native_prbs_accum.sv	9326	2026-08-14T00:49:37.908206+00:00	0d7a77d72ea78ce126b256994f32a96d5dc8e218958c776bf99a1a513fb6fa61	project-source-or-doc
week02/v01/work_wrphy_full/wr_arria10_e3p1_phy/wr_arria10_e3p1_det_phy/generated/altera_xcvr_native_a10_170/synth/alt_xcvr_native_rcfg_arb.sv	7056	2026-08-14T00:49:37.911206+00:00	d44352cdabe4e3ed2e7f1bdf6227bee2859f8f1007119056aaf754300c89a425	project-source-or-doc
week02/v01/work_wrphy_full/wr_arria10_e3p1_phy/wr_arria10_e3p1_det_phy/generated/altera_xcvr_native_a10_170/synth/alt_xcvr_native_rcfg_opt_logic_6qfnzyy.sv	43214	2026-08-14T00:49:38.031205+00:00	82e9603ed06fe37e45db0a4ec2b65f478e1e240858a26689377443c61319884a	project-source-or-doc
week02/v01/work_wrphy_full/wr_arria10_e3p1_phy/wr_arria10_e3p1_det_phy/generated/altera_xcvr_native_a10_170/synth/alt_xcvr_resync.sv	3995	2026-08-14T00:49:37.818206+00:00	fb4f01a93eec1603e06d2ec0f43200aaa408418ba441caa5be0838aea5f8ce3f	project-source-or-doc
week02/v01/work_wrphy_full/wr_arria10_e3p1_phy/wr_arria10_e3p1_det_phy/generated/altera_xcvr_native_a10_170/synth/altera_xcvr_native_a10_false_paths.sdc	13063	2026-08-14T00:49:37.912206+00:00	1af49f790a4396817e780051aa6daf9b58b9b44346e538ef4e92c5a32999fda4	project-source-or-doc
week02/v01/work_wrphy_full/wr_arria10_e3p1_phy/wr_arria10_e3p1_det_phy/generated/altera_xcvr_native_a10_170/synth/altera_xcvr_native_a10_functions_h.sv	6352	2026-08-14T00:49:37.903206+00:00	d7398bd0761128e03544944a336ebfc0a57d1b9785c82d9496424c936173b755	project-source-or-doc
week02/v01/work_wrphy_full/wr_arria10_e3p1_phy/wr_arria10_e3p1_det_phy/generated/altera_xcvr_native_a10_170/synth/altera_xcvr_native_pcie_dfe_ip.sv	16136	2026-08-14T00:49:37.921206+00:00	35bb5c538d5d5cfb546b119822cc64455825e4ba80509d93d49041fcac47411f	project-source-or-doc
week02/v01/work_wrphy_full/wr_arria10_e3p1_phy/wr_arria10_e3p1_det_phy/generated/altera_xcvr_native_a10_170/synth/altera_xcvr_native_pcie_dfe_params_h.sv	2952	2026-08-14T00:49:37.913206+00:00	cd41dd74fcf3bac5ae393323e0a26a33893821005a004c2a33a8ee6956391ebb	project-source-or-doc
week02/v01/work_wrphy_full/wr_arria10_e3p1_phy/wr_arria10_e3p1_det_phy/generated/altera_xcvr_native_a10_170/synth/pcie_mgmt_commands_h.sv	11541	2026-08-14T00:49:37.914206+00:00	a20b29390f9ea1b28f5dc663507190ce8bdfaed106fd90b45044e0ab4f4d6b70	project-source-or-doc
week02/v01/work_wrphy_full/wr_arria10_e3p1_phy/wr_arria10_e3p1_det_phy/generated/altera_xcvr_native_a10_170/synth/pcie_mgmt_cpu.sv	12207	2026-08-14T00:49:37.918206+00:00	0b4bb1e2b577c6b11b53d709eb712b1a07f7ce1bd9a27947721e367fc6e158ff	project-source-or-doc
week02/v01/work_wrphy_full/wr_arria10_e3p1_phy/wr_arria10_e3p1_det_phy/generated/altera_xcvr_native_a10_170/synth/pcie_mgmt_functions_h.sv	12848	2026-08-14T00:49:37.916206+00:00	420a9d4af788dd34baa871c311095f36efcc232d5f2339cac40b32b8235b7160	project-source-or-doc
week02/v01/work_wrphy_full/wr_arria10_e3p1_phy/wr_arria10_e3p1_det_phy/generated/altera_xcvr_native_a10_170/synth/pcie_mgmt_master.sv	4101	2026-08-14T00:49:37.920206+00:00	484c1e2e3c97826d43e3c31f22317d9d7070f102056976d6e5414c43805ed635	project-source-or-doc
week02/v01/work_wrphy_full/wr_arria10_e3p1_phy/wr_arria10_e3p1_det_phy/generated/altera_xcvr_native_a10_170/synth/pcie_mgmt_program.sv	34055	2026-08-14T00:49:37.917206+00:00	0e56973bedfb44f3c1a5d77b065e9a9b0ea08e36ee5629a29f0c0b41f78ea570	project-source-or-doc
week02/v01/work_wrphy_full/wr_arria10_e3p1_phy/wr_arria10_e3p1_det_phy/generated/altera_xcvr_native_a10_170/synth/twentynm_pcs.sv	3923500	2026-08-14T00:49:37.862206+00:00	018322e9fd8f5713717cb9a161f4bb757a798b92ea56d99ece905ac205d41012	project-source-or-doc
week02/v01/work_wrphy_full/wr_arria10_e3p1_phy/wr_arria10_e3p1_det_phy/generated/altera_xcvr_native_a10_170/synth/twentynm_pma.sv	749520	2026-08-14T00:49:37.871206+00:00	892dcb9e06a7da940bf992fa5735fcb4dc853921ce97a15a08454e3f9a7c9600	project-source-or-doc
week02/v01/work_wrphy_full/wr_arria10_e3p1_phy/wr_arria10_e3p1_det_phy/generated/altera_xcvr_native_a10_170/synth/twentynm_xcvr_avmm.sv	31631	2026-08-14T00:49:37.873206+00:00	deebb6f797ebc0bfc8e9a970de271a65a1b1e141eadadb7adac8abe4619be30a	project-source-or-doc
week02/v01/work_wrphy_full/wr_arria10_e3p1_phy/wr_arria10_e3p1_det_phy/generated/altera_xcvr_native_a10_170/synth/twentynm_xcvr_native.sv	2809783	2026-08-14T00:49:37.901206+00:00	bb61a4682369dab26bf1a12483f3e07f07bae8e01e199d3442d4aa18e6d112c6	project-source-or-doc
week02/v01/work_wrphy_full/wr_arria10_e3p1_phy/wr_arria10_e3p1_det_phy/generated/altera_xcvr_native_a10_170/synth/wr_arria10_e3p1_det_phy_altera_xcvr_native_a10_170_6qfnzyy.sv	271659	2026-08-14T00:49:38.025205+00:00	5b1a9217106b327d2a431948eace2beadc5193db724066ac467d4872007658f3	project-source-or-doc
week02/v01/work_wrphy_full/wr_arria10_e3p1_phy/wr_arria10_e3p1_det_phy/generated/synth/wr_arria10_e3p1_det_phy.v	764285	2026-08-14T00:49:37.808206+00:00	2f7f739040e305d1a54a60f3d6fffb7ca1274575c8db5ac959f4d8ae0f94e2c0	project-source-or-doc
week02/v01/work_wrphy_full/wr_arria10_e3p1_phy/wr_arria10_e3p1_det_phy/generated/synth/wr_arria10_e3p1_det_phy_cfg.v	249	2026-08-14T00:49:38.082205+00:00	3f8ecab72a088df5ee9e0096592eb24ed9761f77139af208ce9f259d2fb0285f	project-source-or-doc
week02/v01/work_wrphy_full/wr_arria10_e3p1_phy/wr_arria10_e3p1_det_phy/generated/wr_arria10_e3p1_det_phy.qip	78202	2026-08-14T00:49:38.053205+00:00	430b1f7025cf67977092933916f7aa84f2c040a77b4029689af7b371241800cf	project-source-or-doc
week02/v01/work_wrphy_full/wr_arria10_e3p1_phy/wr_arria10_e3p1_det_phy/generated/wr_arria10_e3p1_det_phy_generation.rpt	5498	2026-08-14T00:49:38.055205+00:00	67498d7c864e8a8a4de381b4542895f55f9aa1be52e6673b5dbc11e572134dc3	artifact-or-log
week02/v01/work_wrphy_full/wr_arria10_e3p1_phy/wr_arria10_e3p1_phy/generated/altera_xcvr_native_a10_170/synth/a10_avmm_h.sv	6843	2026-08-14T00:49:24.238285+00:00	4de7b95286ea2574efe02ad5e95d78db78a3a1c51aa1cdcd8fc5b14b11b38f7b	project-source-or-doc
week02/v01/work_wrphy_full/wr_arria10_e3p1_phy/wr_arria10_e3p1_phy/generated/altera_xcvr_native_a10_170/synth/alt_xcvr_arbiter.sv	2865	2026-08-14T00:49:24.156286+00:00	9f0c59a5482f49b010df713049ec0f8b54f0733f4f5a69b2796b2470e0bda350	project-source-or-doc
week02/v01/work_wrphy_full/wr_arria10_e3p1_phy/wr_arria10_e3p1_phy/generated/altera_xcvr_native_a10_170/synth/alt_xcvr_native_avmm_csr.sv	29691	2026-08-14T00:49:24.240285+00:00	57766b5260a20de7fd3afd4381506b5e845cb7e4c7bb0792ca4ac16ad2c722f6	project-source-or-doc
week02/v01/work_wrphy_full/wr_arria10_e3p1_phy/wr_arria10_e3p1_phy/generated/altera_xcvr_native_a10_170/synth/alt_xcvr_native_odi_accel.sv	16027	2026-08-14T00:49:24.243285+00:00	558b1156cfd912c167538fb5dde659fafe7ccae05aeb71a77df9d4f294f2cacf	project-source-or-doc
week02/v01/work_wrphy_full/wr_arria10_e3p1_phy/wr_arria10_e3p1_phy/generated/altera_xcvr_native_a10_170/synth/alt_xcvr_native_pipe_retry.sv	11070	2026-08-14T00:49:24.239285+00:00	14e3dc7ab1a43b380e2d52e3553255d195c410596d7838492e1c9547065baccd	project-source-or-doc
week02/v01/work_wrphy_full/wr_arria10_e3p1_phy/wr_arria10_e3p1_phy/generated/altera_xcvr_native_a10_170/synth/alt_xcvr_native_prbs_accum.sv	9326	2026-08-14T00:49:24.242285+00:00	0d7a77d72ea78ce126b256994f32a96d5dc8e218958c776bf99a1a513fb6fa61	project-source-or-doc
week02/v01/work_wrphy_full/wr_arria10_e3p1_phy/wr_arria10_e3p1_phy/generated/altera_xcvr_native_a10_170/synth/alt_xcvr_native_rcfg_arb.sv	7056	2026-08-14T00:49:24.244285+00:00	d44352cdabe4e3ed2e7f1bdf6227bee2859f8f1007119056aaf754300c89a425	project-source-or-doc
week02/v01/work_wrphy_full/wr_arria10_e3p1_phy/wr_arria10_e3p1_phy/generated/altera_xcvr_native_a10_170/synth/alt_xcvr_native_rcfg_opt_logic_aqgtcoa.sv	43214	2026-08-14T00:49:24.366284+00:00	5a54e1af4de910ab84e46ef25ca1a613502dc6fd8b064b84f4cf54d7798d7db0	project-source-or-doc
week02/v01/work_wrphy_full/wr_arria10_e3p1_phy/wr_arria10_e3p1_phy/generated/altera_xcvr_native_a10_170/synth/alt_xcvr_resync.sv	3995	2026-08-14T00:49:24.154286+00:00	fb4f01a93eec1603e06d2ec0f43200aaa408418ba441caa5be0838aea5f8ce3f	project-source-or-doc
week02/v01/work_wrphy_full/wr_arria10_e3p1_phy/wr_arria10_e3p1_phy/generated/altera_xcvr_native_a10_170/synth/altera_xcvr_native_a10_false_paths.sdc	13063	2026-08-14T00:49:24.245285+00:00	1af49f790a4396817e780051aa6daf9b58b9b44346e538ef4e92c5a32999fda4	project-source-or-doc
week02/v01/work_wrphy_full/wr_arria10_e3p1_phy/wr_arria10_e3p1_phy/generated/altera_xcvr_native_a10_170/synth/altera_xcvr_native_a10_functions_h.sv	6352	2026-08-14T00:49:24.236285+00:00	d7398bd0761128e03544944a336ebfc0a57d1b9785c82d9496424c936173b755	project-source-or-doc
week02/v01/work_wrphy_full/wr_arria10_e3p1_phy/wr_arria10_e3p1_phy/generated/altera_xcvr_native_a10_170/synth/altera_xcvr_native_pcie_dfe_ip.sv	16136	2026-08-14T00:49:24.254285+00:00	35bb5c538d5d5cfb546b119822cc64455825e4ba80509d93d49041fcac47411f	project-source-or-doc
week02/v01/work_wrphy_full/wr_arria10_e3p1_phy/wr_arria10_e3p1_phy/generated/altera_xcvr_native_a10_170/synth/altera_xcvr_native_pcie_dfe_params_h.sv	2952	2026-08-14T00:49:24.246285+00:00	cd41dd74fcf3bac5ae393323e0a26a33893821005a004c2a33a8ee6956391ebb	project-source-or-doc
week02/v01/work_wrphy_full/wr_arria10_e3p1_phy/wr_arria10_e3p1_phy/generated/altera_xcvr_native_a10_170/synth/pcie_mgmt_commands_h.sv	11541	2026-08-14T00:49:24.248285+00:00	a20b29390f9ea1b28f5dc663507190ce8bdfaed106fd90b45044e0ab4f4d6b70	project-source-or-doc
week02/v01/work_wrphy_full/wr_arria10_e3p1_phy/wr_arria10_e3p1_phy/generated/altera_xcvr_native_a10_170/synth/pcie_mgmt_cpu.sv	12207	2026-08-14T00:49:24.252285+00:00	0b4bb1e2b577c6b11b53d709eb712b1a07f7ce1bd9a27947721e367fc6e158ff	project-source-or-doc
week02/v01/work_wrphy_full/wr_arria10_e3p1_phy/wr_arria10_e3p1_phy/generated/altera_xcvr_native_a10_170/synth/pcie_mgmt_functions_h.sv	12848	2026-08-14T00:49:24.249285+00:00	420a9d4af788dd34baa871c311095f36efcc232d5f2339cac40b32b8235b7160	project-source-or-doc
week02/v01/work_wrphy_full/wr_arria10_e3p1_phy/wr_arria10_e3p1_phy/generated/altera_xcvr_native_a10_170/synth/pcie_mgmt_master.sv	4101	2026-08-14T00:49:24.253285+00:00	484c1e2e3c97826d43e3c31f22317d9d7070f102056976d6e5414c43805ed635	project-source-or-doc
week02/v01/work_wrphy_full/wr_arria10_e3p1_phy/wr_arria10_e3p1_phy/generated/altera_xcvr_native_a10_170/synth/pcie_mgmt_program.sv	34055	2026-08-14T00:49:24.250285+00:00	0e56973bedfb44f3c1a5d77b065e9a9b0ea08e36ee5629a29f0c0b41f78ea570	project-source-or-doc
week02/v01/work_wrphy_full/wr_arria10_e3p1_phy/wr_arria10_e3p1_phy/generated/altera_xcvr_native_a10_170/synth/twentynm_pcs.sv	3923500	2026-08-14T00:49:24.194285+00:00	018322e9fd8f5713717cb9a161f4bb757a798b92ea56d99ece905ac205d41012	project-source-or-doc
week02/v01/work_wrphy_full/wr_arria10_e3p1_phy/wr_arria10_e3p1_phy/generated/altera_xcvr_native_a10_170/synth/twentynm_pma.sv	749520	2026-08-14T00:49:24.204285+00:00	892dcb9e06a7da940bf992fa5735fcb4dc853921ce97a15a08454e3f9a7c9600	project-source-or-doc
week02/v01/work_wrphy_full/wr_arria10_e3p1_phy/wr_arria10_e3p1_phy/generated/altera_xcvr_native_a10_170/synth/twentynm_xcvr_avmm.sv	31631	2026-08-14T00:49:24.206285+00:00	deebb6f797ebc0bfc8e9a970de271a65a1b1e141eadadb7adac8abe4619be30a	project-source-or-doc
week02/v01/work_wrphy_full/wr_arria10_e3p1_phy/wr_arria10_e3p1_phy/generated/altera_xcvr_native_a10_170/synth/twentynm_xcvr_native.sv	2809783	2026-08-14T00:49:24.234285+00:00	bb61a4682369dab26bf1a12483f3e07f07bae8e01e199d3442d4aa18e6d112c6	project-source-or-doc
week02/v01/work_wrphy_full/wr_arria10_e3p1_phy/wr_arria10_e3p1_phy/generated/altera_xcvr_native_a10_170/synth/wr_arria10_e3p1_phy_altera_xcvr_native_a10_170_aqgtcoa.sv	271655	2026-08-14T00:49:24.359284+00:00	0f8dbd07ea20f5ba07959ee21c2aaba26c359e7df057d39c7840a4843176d555	project-source-or-doc
week02/v01/work_wrphy_full/wr_arria10_e3p1_phy/wr_arria10_e3p1_phy/generated/synth/wr_arria10_e3p1_phy.v	763569	2026-08-14T00:49:24.147286+00:00	343e0111334d1def195cd3a3bbfad31b02b26d42aa68146690bc293f86c90ce0	project-source-or-doc
week02/v01/work_wrphy_full/wr_arria10_e3p1_phy/wr_arria10_e3p1_phy/generated/synth/wr_arria10_e3p1_phy_cfg.v	229	2026-08-14T00:49:24.418284+00:00	6b10fa2417a2ca78b455c4f6c7587a46da2f5977a9adedc87b6d1a88aa62110c	project-source-or-doc
week02/v01/work_wrphy_full/wr_arria10_e3p1_phy/wr_arria10_e3p1_phy/generated/wr_arria10_e3p1_phy.qip	76326	2026-08-14T00:49:24.394284+00:00	87c9b649510e39b5df501ad3082e3a88de2d54aa7d46ae713d5b679fae2bf85e	project-source-or-doc
week02/v01/work_wrphy_full/wr_arria10_e3p1_phy/wr_arria10_e3p1_phy/generated/wr_arria10_e3p1_phy_generation.rpt	5401	2026-08-14T00:49:24.396284+00:00	4d6405efa1ea6b1b080d695afc4418acdde759813516707aa3450961b8a2ef1f	artifact-or-log
week02/v01/work_wrphy_full/wr_arria10_e3p1_phy/wr_arria10_e3p1_phy.tcl	223	2026-08-14T00:38:05.717158+00:00	50e34072e0446a5a3a853c41d034ab4ba6ffb60bb52fa9bede75153d0bda1213	project-source-or-doc
week02/v01/work_wrphy_full/wr_arria10_e3p1_phy/wr_arria10_e3p1_rst_ctl/generated/altera_xcvr_reset_control_170/synth/alt_xcvr_reset_counter.sv	5557	2026-08-14T00:49:40.454191+00:00	fc13c3901e222a1deb51b2149a9076b352a2823aed4d17980f59170bce2b1cef	project-source-or-doc
week02/v01/work_wrphy_full/wr_arria10_e3p1_phy/wr_arria10_e3p1_rst_ctl/generated/altera_xcvr_reset_control_170/synth/alt_xcvr_resync.sv	3995	2026-08-14T00:49:40.449191+00:00	fb4f01a93eec1603e06d2ec0f43200aaa408418ba441caa5be0838aea5f8ce3f	project-source-or-doc
week02/v01/work_wrphy_full/wr_arria10_e3p1_phy/wr_arria10_e3p1_rst_ctl/generated/altera_xcvr_reset_control_170/synth/altera_xcvr_functions.sv	34366	2026-08-14T00:49:40.447191+00:00	16cc8a916bb3d68e0ab5539de1f18327c421bd534fb5dca2c2b29c621664fae0	project-source-or-doc
week02/v01/work_wrphy_full/wr_arria10_e3p1_phy/wr_arria10_e3p1_rst_ctl/generated/altera_xcvr_reset_control_170/synth/altera_xcvr_reset_control.sv	21365	2026-08-14T00:49:40.452191+00:00	e9ebba3434b552d516b54dc3f5d5142894b5b07df4664c4bc1e7a6b2ddfa9a39	project-source-or-doc
week02/v01/work_wrphy_full/wr_arria10_e3p1_phy/wr_arria10_e3p1_rst_ctl/generated/synth/wr_arria10_e3p1_rst_ctl.v	3228	2026-08-14T00:49:40.408191+00:00	68952f1eb7c1f70952903fc6847525729bd7f4283f93e944f30cdf73757ad92f	project-source-or-doc
week02/v01/work_wrphy_full/wr_arria10_e3p1_phy/wr_arria10_e3p1_rst_ctl/generated/synth/wr_arria10_e3p1_rst_ctl_cfg.v	222	2026-08-14T00:49:40.496191+00:00	50083104a0f62e7a98927e52ce3998147ef8a2a633f7ec9da3c67fc7cbbc8576	project-source-or-doc
week02/v01/work_wrphy_full/wr_arria10_e3p1_phy/wr_arria10_e3p1_rst_ctl/generated/wr_arria10_e3p1_rst_ctl.qip	13542	2026-08-14T00:49:40.466191+00:00	305589e8c6ee8286e09a56e0764c812f590a759ce246fa0b714ae5846e591a2c	project-source-or-doc
week02/v01/work_wrphy_full/wr_arria10_e3p1_phy/wr_arria10_e3p1_rst_ctl/generated/wr_arria10_e3p1_rst_ctl_generation.rpt	2390	2026-08-14T00:49:40.467191+00:00	df6d531a0615d7112f6d1f3a9e98d5f70308c59029a18f93eb7cfeb9c88eae85	artifact-or-log
week02/v01/work_wrphy_full/wr_arria10_e3p1_phy/wr_arria10_e3p1_tx_pll/generated/altera_xcvr_fpll_a10_170/synth/a10_avmm_h.sv	6843	2026-08-14T00:49:28.603260+00:00	4de7b95286ea2574efe02ad5e95d78db78a3a1c51aa1cdcd8fc5b14b11b38f7b	project-source-or-doc
week02/v01/work_wrphy_full/wr_arria10_e3p1_phy/wr_arria10_e3p1_tx_pll/generated/altera_xcvr_fpll_a10_170/synth/alt_xcvr_native_avmm_nf.sv	8763	2026-08-14T00:49:28.631260+00:00	8ca48b1a93402420ed88e5bdc750bd3dfe44e478a48aaa4fbadfa0669ee105de	project-source-or-doc
week02/v01/work_wrphy_full/wr_arria10_e3p1_phy/wr_arria10_e3p1_tx_pll/generated/altera_xcvr_fpll_a10_170/synth/alt_xcvr_pll_avmm_csr.sv	10422	2026-08-14T00:49:28.643260+00:00	85287a923f06c021f577bc1e4926d3df7be3df14803a3a04f7f0d45d0fd58d90	project-source-or-doc
week02/v01/work_wrphy_full/wr_arria10_e3p1_phy/wr_arria10_e3p1_tx_pll/generated/altera_xcvr_fpll_a10_170/synth/alt_xcvr_pll_embedded_debug.sv	2887	2026-08-14T00:49:28.635260+00:00	c20b30f416253a675abd01bc195d415bcaabbdc5bef07d24357582de788902b9	project-source-or-doc
week02/v01/work_wrphy_full/wr_arria10_e3p1_phy/wr_arria10_e3p1_tx_pll/generated/altera_xcvr_fpll_a10_170/synth/alt_xcvr_resync.sv	3995	2026-08-14T00:49:28.586260+00:00	fb4f01a93eec1603e06d2ec0f43200aaa408418ba441caa5be0838aea5f8ce3f	project-source-or-doc
week02/v01/work_wrphy_full/wr_arria10_e3p1_phy/wr_arria10_e3p1_tx_pll/generated/altera_xcvr_fpll_a10_170/synth/altera_xcvr_fpll_a10.sv	70559	2026-08-14T00:49:28.601260+00:00	03753530022d99417bec7881f18747d2a27ce4a7721c2a5021cfd418df5a6d43	project-source-or-doc
week02/v01/work_wrphy_full/wr_arria10_e3p1_phy/wr_arria10_e3p1_tx_pll/generated/altera_xcvr_fpll_a10_170/synth/twentynm_xcvr_avmm.sv	31631	2026-08-14T00:49:28.583260+00:00	deebb6f797ebc0bfc8e9a970de271a65a1b1e141eadadb7adac8abe4619be30a	project-source-or-doc
week02/v01/work_wrphy_full/wr_arria10_e3p1_phy/wr_arria10_e3p1_tx_pll/generated/synth/wr_arria10_e3p1_tx_pll.v	25539	2026-08-14T00:49:28.577260+00:00	4925d8634439c48848212bd5cd1079a9d18a4d14ccbaf8ad6b68ec73aaa53581	project-source-or-doc
week02/v01/work_wrphy_full/wr_arria10_e3p1_phy/wr_arria10_e3p1_tx_pll/generated/synth/wr_arria10_e3p1_tx_pll_cfg.v	203	2026-08-14T00:49:28.791259+00:00	a2c4c3a0bf58503dbd62372ddd54510c4121a494b1750bb93860e780804008af	project-source-or-doc
week02/v01/work_wrphy_full/wr_arria10_e3p1_phy/wr_arria10_e3p1_tx_pll/generated/wr_arria10_e3p1_tx_pll.qip	80458	2026-08-14T00:49:28.661259+00:00	334f5d5612e9925d7b9ea9791f5e301d22be6ee8c1649b0bbc3f48f2d4a4cc6f	project-source-or-doc
week02/v01/work_wrphy_full/wr_arria10_e3p1_phy/wr_arria10_e3p1_tx_pll/generated/wr_arria10_e3p1_tx_pll_generation.rpt	3140	2026-08-14T00:49:28.662259+00:00	bc1d5b61c17fd35c06eeb121456f9162ac2d81925d7ee2a2e7b87431afe321f3	artifact-or-log
week02/v01/實驗紀錄.md	146307	2026-08-14T23:18:16.897712+00:00	d70837d1d892e0f4e660e2a0c8b52182a7297a31e525ddc217a3f280961be5a0	project-source-or-doc
