record_type	archive_path	archive_sha256	archive_bytes	classification	regular_members	matched_members	untracked_matches	nonregular_members	unsafe_members	sidecar_path	sidecar_sha256	sidecar_status	member_path	member_sha256	member_bytes	retained_path	member_result
archive	experiments/legacy/exp-step5-softpll-lock/EXP-S5-F4A-CONTROL-RESTORE-MAIN-PI-UPSTREAM-20260915/raw-transfer/EXP-S5-F4A-CONTROL-RESTORE-MAIN-PI-UPSTREAM-20260915-final.tar.gz	c6c88e43a5e86cbbcad438dc1068cf2a2c5d2957bbff65825354fe069e587c22	557131	EXACT_DUPLICATE_EXTRACTED	23	23	0	-	-	-	-	MATCH	-	-	-	-	-
member	experiments/legacy/exp-step5-softpll-lock/EXP-S5-F4A-CONTROL-RESTORE-MAIN-PI-UPSTREAM-20260915/raw-transfer/EXP-S5-F4A-CONTROL-RESTORE-MAIN-PI-UPSTREAM-20260915-final.tar.gz	c6c88e43a5e86cbbcad438dc1068cf2a2c5d2957bbff65825354fe069e587c22	-	EXACT_DUPLICATE_EXTRACTED	-	-	-	-	-	-	-	-	raw/program-timeline.log	468ede9eadd57b665778809b7d3e8f14bcbea3e993551a0275ed42302be56058	141	experiments/legacy/exp-step5-softpll-lock/EXP-S5-F4A-CONTROL-RESTORE-MAIN-PI-UPSTREAM-20260915/raw/program-timeline.log	MATCHED_TRACKED
member	experiments/legacy/exp-step5-softpll-lock/EXP-S5-F4A-CONTROL-RESTORE-MAIN-PI-UPSTREAM-20260915/raw-transfer/EXP-S5-F4A-CONTROL-RESTORE-MAIN-PI-UPSTREAM-20260915-final.tar.gz	c6c88e43a5e86cbbcad438dc1068cf2a2c5d2957bbff65825354fe069e587c22	-	EXACT_DUPLICATE_EXTRACTED	-	-	-	-	-	-	-	-	raw/observer-long-6000.log	b65b6d389b1365a78b31c7bfa020291be9cafb1af64059ed1ac878f2eadddbe8	4629444	experiments/legacy/exp-step5-softpll-lock/EXP-S5-F4A-CONTROL-RESTORE-MAIN-PI-UPSTREAM-20260915/raw/observer-long-6000.log	MATCHED_TRACKED
member	experiments/legacy/exp-step5-softpll-lock/EXP-S5-F4A-CONTROL-RESTORE-MAIN-PI-UPSTREAM-20260915/raw-transfer/EXP-S5-F4A-CONTROL-RESTORE-MAIN-PI-UPSTREAM-20260915-final.tar.gz	c6c88e43a5e86cbbcad438dc1068cf2a2c5d2957bbff65825354fe069e587c22	-	EXACT_DUPLICATE_EXTRACTED	-	-	-	-	-	-	-	-	raw/settle-timeline.log	bc5345d252b8c081533b1bd80f811f14b55abb8f11cddcd2524465f47a5b7094	114	experiments/legacy/exp-step5-softpll-lock/EXP-S5-F4A-CONTROL-RESTORE-MAIN-PI-UPSTREAM-20260915/raw/settle-timeline.log	MATCHED_TRACKED
member	experiments/legacy/exp-step5-softpll-lock/EXP-S5-F4A-CONTROL-RESTORE-MAIN-PI-UPSTREAM-20260915/raw-transfer/EXP-S5-F4A-CONTROL-RESTORE-MAIN-PI-UPSTREAM-20260915-final.tar.gz	c6c88e43a5e86cbbcad438dc1068cf2a2c5d2957bbff65825354fe069e587c22	-	EXACT_DUPLICATE_EXTRACTED	-	-	-	-	-	-	-	-	raw/preflight-timeline.log	e17260fce780614398e8f8ac36650ea705538f599e91cb23db68a41faee3f676	276	experiments/legacy/exp-step5-softpll-lock/EXP-S5-F4A-CONTROL-RESTORE-MAIN-PI-UPSTREAM-20260915/raw/preflight-timeline.log	MATCHED_TRACKED
member	experiments/legacy/exp-step5-softpll-lock/EXP-S5-F4A-CONTROL-RESTORE-MAIN-PI-UPSTREAM-20260915/raw-transfer/EXP-S5-F4A-CONTROL-RESTORE-MAIN-PI-UPSTREAM-20260915-final.tar.gz	c6c88e43a5e86cbbcad438dc1068cf2a2c5d2957bbff65825354fe069e587c22	-	EXACT_DUPLICATE_EXTRACTED	-	-	-	-	-	-	-	-	raw/build-master.log	6e91bcb43ecb9abb4da22b014df49070fafee18711bbab8b49222a1f86a18f16	250	experiments/legacy/exp-step5-softpll-lock/EXP-S5-F4A-CONTROL-RESTORE-MAIN-PI-UPSTREAM-20260915/raw/build-master.log	MATCHED_TRACKED
member	experiments/legacy/exp-step5-softpll-lock/EXP-S5-F4A-CONTROL-RESTORE-MAIN-PI-UPSTREAM-20260915/raw-transfer/EXP-S5-F4A-CONTROL-RESTORE-MAIN-PI-UPSTREAM-20260915-final.tar.gz	c6c88e43a5e86cbbcad438dc1068cf2a2c5d2957bbff65825354fe069e587c22	-	EXACT_DUPLICATE_EXTRACTED	-	-	-	-	-	-	-	-	raw/build-slave.log	17ce0cd72af5be0790aba066b01f3dab4664445cb701f7433a3b9a4815e94713	245	experiments/legacy/exp-step5-softpll-lock/EXP-S5-F4A-CONTROL-RESTORE-MAIN-PI-UPSTREAM-20260915/raw/build-slave.log	MATCHED_TRACKED
member	experiments/legacy/exp-step5-softpll-lock/EXP-S5-F4A-CONTROL-RESTORE-MAIN-PI-UPSTREAM-20260915/raw-transfer/EXP-S5-F4A-CONTROL-RESTORE-MAIN-PI-UPSTREAM-20260915-final.tar.gz	c6c88e43a5e86cbbcad438dc1068cf2a2c5d2957bbff65825354fe069e587c22	-	EXACT_DUPLICATE_EXTRACTED	-	-	-	-	-	-	-	-	raw/preflight-wb-runtime.log	193aeccc462e33aa9934a6b4e4059e2532f57f2169ddfd767b652943af0592b5	19660	experiments/legacy/exp-step5-softpll-lock/EXP-S5-F4A-CONTROL-RESTORE-MAIN-PI-UPSTREAM-20260915/raw/preflight-wb-runtime.log	MATCHED_TRACKED
member	experiments/legacy/exp-step5-softpll-lock/EXP-S5-F4A-CONTROL-RESTORE-MAIN-PI-UPSTREAM-20260915/raw-transfer/EXP-S5-F4A-CONTROL-RESTORE-MAIN-PI-UPSTREAM-20260915-final.tar.gz	c6c88e43a5e86cbbcad438dc1068cf2a2c5d2957bbff65825354fe069e587c22	-	EXACT_DUPLICATE_EXTRACTED	-	-	-	-	-	-	-	-	raw/git-status.txt	b4d7c4d770d59995b7144ca7c7521e58d77cd3dcf23cc9564ec6d95dbf85f537	8	experiments/legacy/exp-step5-softpll-lock/EXP-S5-F4A-CONTROL-RESTORE-MAIN-PI-UPSTREAM-20260915/raw/git-status.txt	MATCHED_TRACKED
member	experiments/legacy/exp-step5-softpll-lock/EXP-S5-F4A-CONTROL-RESTORE-MAIN-PI-UPSTREAM-20260915/raw-transfer/EXP-S5-F4A-CONTROL-RESTORE-MAIN-PI-UPSTREAM-20260915-final.tar.gz	c6c88e43a5e86cbbcad438dc1068cf2a2c5d2957bbff65825354fe069e587c22	-	EXACT_DUPLICATE_EXTRACTED	-	-	-	-	-	-	-	-	raw/git-head.txt	785416eb894f510065d1189bfd836fc8181e7e192146ac2d52754ccc7cf44561	158	experiments/legacy/exp-step5-softpll-lock/EXP-S5-F4A-CONTROL-RESTORE-MAIN-PI-UPSTREAM-20260915/raw/git-head.txt	MATCHED_TRACKED
member	experiments/legacy/exp-step5-softpll-lock/EXP-S5-F4A-CONTROL-RESTORE-MAIN-PI-UPSTREAM-20260915/raw-transfer/EXP-S5-F4A-CONTROL-RESTORE-MAIN-PI-UPSTREAM-20260915-final.tar.gz	c6c88e43a5e86cbbcad438dc1068cf2a2c5d2957bbff65825354fe069e587c22	-	EXACT_DUPLICATE_EXTRACTED	-	-	-	-	-	-	-	-	raw/build-timeline.log	d0ca7fe6a7bc1b5c121295f6b9bea515bbe67578aceab6a57f2b5f5a1bddf913	123	experiments/legacy/exp-step5-softpll-lock/EXP-S5-F4A-CONTROL-RESTORE-MAIN-PI-UPSTREAM-20260915/raw/build-timeline.log	MATCHED_TRACKED
member	experiments/legacy/exp-step5-softpll-lock/EXP-S5-F4A-CONTROL-RESTORE-MAIN-PI-UPSTREAM-20260915/raw-transfer/EXP-S5-F4A-CONTROL-RESTORE-MAIN-PI-UPSTREAM-20260915-final.tar.gz	c6c88e43a5e86cbbcad438dc1068cf2a2c5d2957bbff65825354fe069e587c22	-	EXACT_DUPLICATE_EXTRACTED	-	-	-	-	-	-	-	-	raw/program-slave.log	01f222f87643341685c64579cdd6067055a0852e3481576e26b59dd8c3ef8951	2146	experiments/legacy/exp-step5-softpll-lock/EXP-S5-F4A-CONTROL-RESTORE-MAIN-PI-UPSTREAM-20260915/raw/program-slave.log	MATCHED_TRACKED
member	experiments/legacy/exp-step5-softpll-lock/EXP-S5-F4A-CONTROL-RESTORE-MAIN-PI-UPSTREAM-20260915/raw-transfer/EXP-S5-F4A-CONTROL-RESTORE-MAIN-PI-UPSTREAM-20260915-final.tar.gz	c6c88e43a5e86cbbcad438dc1068cf2a2c5d2957bbff65825354fe069e587c22	-	EXACT_DUPLICATE_EXTRACTED	-	-	-	-	-	-	-	-	raw/observer-timeline.log	ca56d22a4fe5f4e33b4278775271ca7396008bc2e950061e8972d94148aa563e	192	experiments/legacy/exp-step5-softpll-lock/EXP-S5-F4A-CONTROL-RESTORE-MAIN-PI-UPSTREAM-20260915/raw/observer-timeline.log	MATCHED_TRACKED
member	experiments/legacy/exp-step5-softpll-lock/EXP-S5-F4A-CONTROL-RESTORE-MAIN-PI-UPSTREAM-20260915/raw-transfer/EXP-S5-F4A-CONTROL-RESTORE-MAIN-PI-UPSTREAM-20260915-final.tar.gz	c6c88e43a5e86cbbcad438dc1068cf2a2c5d2957bbff65825354fe069e587c22	-	EXACT_DUPLICATE_EXTRACTED	-	-	-	-	-	-	-	-	raw/preflight-wb-runtime-retry.log	ca2b28ca9c910c93f91dc81f02e77b8ddcc88f51acd558733fc41c925c0370a8	22088	experiments/legacy/exp-step5-softpll-lock/EXP-S5-F4A-CONTROL-RESTORE-MAIN-PI-UPSTREAM-20260915/raw/preflight-wb-runtime-retry.log	MATCHED_TRACKED
member	experiments/legacy/exp-step5-softpll-lock/EXP-S5-F4A-CONTROL-RESTORE-MAIN-PI-UPSTREAM-20260915/raw-transfer/EXP-S5-F4A-CONTROL-RESTORE-MAIN-PI-UPSTREAM-20260915-final.tar.gz	c6c88e43a5e86cbbcad438dc1068cf2a2c5d2957bbff65825354fe069e587c22	-	EXACT_DUPLICATE_EXTRACTED	-	-	-	-	-	-	-	-	raw/observer-smoke-120.log	2b183ad93b8e0746943d33215402fc760fe4a70de360ba40a1d66b22a6cf039c	96432	experiments/legacy/exp-step5-softpll-lock/EXP-S5-F4A-CONTROL-RESTORE-MAIN-PI-UPSTREAM-20260915/raw/observer-smoke-120.log	MATCHED_TRACKED
member	experiments/legacy/exp-step5-softpll-lock/EXP-S5-F4A-CONTROL-RESTORE-MAIN-PI-UPSTREAM-20260915/raw-transfer/EXP-S5-F4A-CONTROL-RESTORE-MAIN-PI-UPSTREAM-20260915-final.tar.gz	c6c88e43a5e86cbbcad438dc1068cf2a2c5d2957bbff65825354fe069e587c22	-	EXACT_DUPLICATE_EXTRACTED	-	-	-	-	-	-	-	-	raw/collection.txt	875b5d9324662ef7140af485c51cbbd868cfb1d3b1cf0abc1047d983c4b974ba	39	experiments/legacy/exp-step5-softpll-lock/EXP-S5-F4A-CONTROL-RESTORE-MAIN-PI-UPSTREAM-20260915/raw/collection.txt	MATCHED_TRACKED
member	experiments/legacy/exp-step5-softpll-lock/EXP-S5-F4A-CONTROL-RESTORE-MAIN-PI-UPSTREAM-20260915/raw-transfer/EXP-S5-F4A-CONTROL-RESTORE-MAIN-PI-UPSTREAM-20260915-final.tar.gz	c6c88e43a5e86cbbcad438dc1068cf2a2c5d2957bbff65825354fe069e587c22	-	EXACT_DUPLICATE_EXTRACTED	-	-	-	-	-	-	-	-	raw/image-sha256.txt	34f236e9efbc889241a4fb39ea800016193d66d91cea565cdf69d13476d0d59c	280	experiments/legacy/exp-step5-softpll-lock/EXP-S5-F4A-CONTROL-RESTORE-MAIN-PI-UPSTREAM-20260915/raw/image-sha256.txt	MATCHED_TRACKED
member	experiments/legacy/exp-step5-softpll-lock/EXP-S5-F4A-CONTROL-RESTORE-MAIN-PI-UPSTREAM-20260915/raw-transfer/EXP-S5-F4A-CONTROL-RESTORE-MAIN-PI-UPSTREAM-20260915-final.tar.gz	c6c88e43a5e86cbbcad438dc1068cf2a2c5d2957bbff65825354fe069e587c22	-	EXACT_DUPLICATE_EXTRACTED	-	-	-	-	-	-	-	-	raw/program-master.log	b03960d86a89da3e5a1fa5f245c93c746e4601e3a57dac56be0057e5bfbcdc19	2150	experiments/legacy/exp-step5-softpll-lock/EXP-S5-F4A-CONTROL-RESTORE-MAIN-PI-UPSTREAM-20260915/raw/program-master.log	MATCHED_TRACKED
member	experiments/legacy/exp-step5-softpll-lock/EXP-S5-F4A-CONTROL-RESTORE-MAIN-PI-UPSTREAM-20260915/raw-transfer/EXP-S5-F4A-CONTROL-RESTORE-MAIN-PI-UPSTREAM-20260915-final.tar.gz	c6c88e43a5e86cbbcad438dc1068cf2a2c5d2957bbff65825354fe069e587c22	-	EXACT_DUPLICATE_EXTRACTED	-	-	-	-	-	-	-	-	build/build_info_jtag_master.txt	99f5d6a0a39ddde6ee4e537a40fcb8b6680c3ec31e97beb378aed1c994d5b3ad	952	experiments/legacy/exp-step5-softpll-lock/EXP-S5-F4A-CONTROL-RESTORE-MAIN-PI-UPSTREAM-20260915/raw/build_info_jtag_master.txt	MATCHED_TRACKED
member	experiments/legacy/exp-step5-softpll-lock/EXP-S5-F4A-CONTROL-RESTORE-MAIN-PI-UPSTREAM-20260915/raw-transfer/EXP-S5-F4A-CONTROL-RESTORE-MAIN-PI-UPSTREAM-20260915-final.tar.gz	c6c88e43a5e86cbbcad438dc1068cf2a2c5d2957bbff65825354fe069e587c22	-	EXACT_DUPLICATE_EXTRACTED	-	-	-	-	-	-	-	-	build/build_info_jtag_slave.txt	b49f61aa264a3c2f0b6731dcf3fccc570723a010558bf53715ed6f49cc6d0571	949	experiments/legacy/exp-step5-softpll-lock/EXP-S5-F4A-CONTROL-RESTORE-MAIN-PI-UPSTREAM-20260915/raw/build_info_jtag_slave.txt	MATCHED_TRACKED
member	experiments/legacy/exp-step5-softpll-lock/EXP-S5-F4A-CONTROL-RESTORE-MAIN-PI-UPSTREAM-20260915/raw-transfer/EXP-S5-F4A-CONTROL-RESTORE-MAIN-PI-UPSTREAM-20260915-final.tar.gz	c6c88e43a5e86cbbcad438dc1068cf2a2c5d2957bbff65825354fe069e587c22	-	EXACT_DUPLICATE_EXTRACTED	-	-	-	-	-	-	-	-	build/build_jtag_master.log	8bc9443de41e1ffdf800bddae14d9ade75925dee700134607720aaff52c131c1	545836	experiments/legacy/exp-step5-softpll-lock/EXP-S5-F4A-CONTROL-RESTORE-MAIN-PI-UPSTREAM-20260915/raw/build_jtag_master.log	MATCHED_TRACKED
member	experiments/legacy/exp-step5-softpll-lock/EXP-S5-F4A-CONTROL-RESTORE-MAIN-PI-UPSTREAM-20260915/raw-transfer/EXP-S5-F4A-CONTROL-RESTORE-MAIN-PI-UPSTREAM-20260915-final.tar.gz	c6c88e43a5e86cbbcad438dc1068cf2a2c5d2957bbff65825354fe069e587c22	-	EXACT_DUPLICATE_EXTRACTED	-	-	-	-	-	-	-	-	build/build_jtag_slave.log	f82ef0383ed058a6a9a247fdaeafc2ea310e3d519e3b2a39b75dc0b7635bbb62	573195	experiments/legacy/exp-step5-softpll-lock/EXP-S5-F4A-CONTROL-RESTORE-MAIN-PI-UPSTREAM-20260915/raw/build_jtag_slave.log	MATCHED_TRACKED
member	experiments/legacy/exp-step5-softpll-lock/EXP-S5-F4A-CONTROL-RESTORE-MAIN-PI-UPSTREAM-20260915/raw-transfer/EXP-S5-F4A-CONTROL-RESTORE-MAIN-PI-UPSTREAM-20260915-final.tar.gz	c6c88e43a5e86cbbcad438dc1068cf2a2c5d2957bbff65825354fe069e587c22	-	EXACT_DUPLICATE_EXTRACTED	-	-	-	-	-	-	-	-	build/quartus_jtag_master_compile.log	8bc9443de41e1ffdf800bddae14d9ade75925dee700134607720aaff52c131c1	545836	experiments/legacy/exp-step5-softpll-lock/EXP-S5-F4A-CONTROL-RESTORE-MAIN-PI-UPSTREAM-20260915/raw/quartus_jtag_master_compile.log	MATCHED_TRACKED
member	experiments/legacy/exp-step5-softpll-lock/EXP-S5-F4A-CONTROL-RESTORE-MAIN-PI-UPSTREAM-20260915/raw-transfer/EXP-S5-F4A-CONTROL-RESTORE-MAIN-PI-UPSTREAM-20260915-final.tar.gz	c6c88e43a5e86cbbcad438dc1068cf2a2c5d2957bbff65825354fe069e587c22	-	EXACT_DUPLICATE_EXTRACTED	-	-	-	-	-	-	-	-	build/quartus_jtag_slave_compile.log	f82ef0383ed058a6a9a247fdaeafc2ea310e3d519e3b2a39b75dc0b7635bbb62	573195	experiments/legacy/exp-step5-softpll-lock/EXP-S5-F4A-CONTROL-RESTORE-MAIN-PI-UPSTREAM-20260915/raw/quartus_jtag_slave_compile.log	MATCHED_TRACKED
archive	experiments/legacy/exp-step5-softpll-lock/EXP-S5-F4A-CONTROL-RESTORE-MAIN-PI-UPSTREAM-20260915/raw-transfer/EXP-S5-F4A-CONTROL-RESTORE-MAIN-PI-UPSTREAM-20260915.tar.gz	2c882a2617fc488b28ea0338ea3ed9c618e5c2c09c7d0f7323c1add3a56d7dda	557136	EXACT_DUPLICATE_EXTRACTED	23	23	0	-	-	-	-	MATCH	-	-	-	-	-
member	experiments/legacy/exp-step5-softpll-lock/EXP-S5-F4A-CONTROL-RESTORE-MAIN-PI-UPSTREAM-20260915/raw-transfer/EXP-S5-F4A-CONTROL-RESTORE-MAIN-PI-UPSTREAM-20260915.tar.gz	2c882a2617fc488b28ea0338ea3ed9c618e5c2c09c7d0f7323c1add3a56d7dda	-	EXACT_DUPLICATE_EXTRACTED	-	-	-	-	-	-	-	-	raw/program-timeline.log	468ede9eadd57b665778809b7d3e8f14bcbea3e993551a0275ed42302be56058	141	experiments/legacy/exp-step5-softpll-lock/EXP-S5-F4A-CONTROL-RESTORE-MAIN-PI-UPSTREAM-20260915/raw/program-timeline.log	MATCHED_TRACKED
member	experiments/legacy/exp-step5-softpll-lock/EXP-S5-F4A-CONTROL-RESTORE-MAIN-PI-UPSTREAM-20260915/raw-transfer/EXP-S5-F4A-CONTROL-RESTORE-MAIN-PI-UPSTREAM-20260915.tar.gz	2c882a2617fc488b28ea0338ea3ed9c618e5c2c09c7d0f7323c1add3a56d7dda	-	EXACT_DUPLICATE_EXTRACTED	-	-	-	-	-	-	-	-	raw/observer-long-6000.log	b65b6d389b1365a78b31c7bfa020291be9cafb1af64059ed1ac878f2eadddbe8	4629444	experiments/legacy/exp-step5-softpll-lock/EXP-S5-F4A-CONTROL-RESTORE-MAIN-PI-UPSTREAM-20260915/raw/observer-long-6000.log	MATCHED_TRACKED
member	experiments/legacy/exp-step5-softpll-lock/EXP-S5-F4A-CONTROL-RESTORE-MAIN-PI-UPSTREAM-20260915/raw-transfer/EXP-S5-F4A-CONTROL-RESTORE-MAIN-PI-UPSTREAM-20260915.tar.gz	2c882a2617fc488b28ea0338ea3ed9c618e5c2c09c7d0f7323c1add3a56d7dda	-	EXACT_DUPLICATE_EXTRACTED	-	-	-	-	-	-	-	-	raw/settle-timeline.log	bc5345d252b8c081533b1bd80f811f14b55abb8f11cddcd2524465f47a5b7094	114	experiments/legacy/exp-step5-softpll-lock/EXP-S5-F4A-CONTROL-RESTORE-MAIN-PI-UPSTREAM-20260915/raw/settle-timeline.log	MATCHED_TRACKED
member	experiments/legacy/exp-step5-softpll-lock/EXP-S5-F4A-CONTROL-RESTORE-MAIN-PI-UPSTREAM-20260915/raw-transfer/EXP-S5-F4A-CONTROL-RESTORE-MAIN-PI-UPSTREAM-20260915.tar.gz	2c882a2617fc488b28ea0338ea3ed9c618e5c2c09c7d0f7323c1add3a56d7dda	-	EXACT_DUPLICATE_EXTRACTED	-	-	-	-	-	-	-	-	raw/preflight-timeline.log	e17260fce780614398e8f8ac36650ea705538f599e91cb23db68a41faee3f676	276	experiments/legacy/exp-step5-softpll-lock/EXP-S5-F4A-CONTROL-RESTORE-MAIN-PI-UPSTREAM-20260915/raw/preflight-timeline.log	MATCHED_TRACKED
member	experiments/legacy/exp-step5-softpll-lock/EXP-S5-F4A-CONTROL-RESTORE-MAIN-PI-UPSTREAM-20260915/raw-transfer/EXP-S5-F4A-CONTROL-RESTORE-MAIN-PI-UPSTREAM-20260915.tar.gz	2c882a2617fc488b28ea0338ea3ed9c618e5c2c09c7d0f7323c1add3a56d7dda	-	EXACT_DUPLICATE_EXTRACTED	-	-	-	-	-	-	-	-	raw/build-master.log	6e91bcb43ecb9abb4da22b014df49070fafee18711bbab8b49222a1f86a18f16	250	experiments/legacy/exp-step5-softpll-lock/EXP-S5-F4A-CONTROL-RESTORE-MAIN-PI-UPSTREAM-20260915/raw/build-master.log	MATCHED_TRACKED
member	experiments/legacy/exp-step5-softpll-lock/EXP-S5-F4A-CONTROL-RESTORE-MAIN-PI-UPSTREAM-20260915/raw-transfer/EXP-S5-F4A-CONTROL-RESTORE-MAIN-PI-UPSTREAM-20260915.tar.gz	2c882a2617fc488b28ea0338ea3ed9c618e5c2c09c7d0f7323c1add3a56d7dda	-	EXACT_DUPLICATE_EXTRACTED	-	-	-	-	-	-	-	-	raw/build-slave.log	17ce0cd72af5be0790aba066b01f3dab4664445cb701f7433a3b9a4815e94713	245	experiments/legacy/exp-step5-softpll-lock/EXP-S5-F4A-CONTROL-RESTORE-MAIN-PI-UPSTREAM-20260915/raw/build-slave.log	MATCHED_TRACKED
member	experiments/legacy/exp-step5-softpll-lock/EXP-S5-F4A-CONTROL-RESTORE-MAIN-PI-UPSTREAM-20260915/raw-transfer/EXP-S5-F4A-CONTROL-RESTORE-MAIN-PI-UPSTREAM-20260915.tar.gz	2c882a2617fc488b28ea0338ea3ed9c618e5c2c09c7d0f7323c1add3a56d7dda	-	EXACT_DUPLICATE_EXTRACTED	-	-	-	-	-	-	-	-	raw/preflight-wb-runtime.log	193aeccc462e33aa9934a6b4e4059e2532f57f2169ddfd767b652943af0592b5	19660	experiments/legacy/exp-step5-softpll-lock/EXP-S5-F4A-CONTROL-RESTORE-MAIN-PI-UPSTREAM-20260915/raw/preflight-wb-runtime.log	MATCHED_TRACKED
member	experiments/legacy/exp-step5-softpll-lock/EXP-S5-F4A-CONTROL-RESTORE-MAIN-PI-UPSTREAM-20260915/raw-transfer/EXP-S5-F4A-CONTROL-RESTORE-MAIN-PI-UPSTREAM-20260915.tar.gz	2c882a2617fc488b28ea0338ea3ed9c618e5c2c09c7d0f7323c1add3a56d7dda	-	EXACT_DUPLICATE_EXTRACTED	-	-	-	-	-	-	-	-	raw/git-status.txt	b4d7c4d770d59995b7144ca7c7521e58d77cd3dcf23cc9564ec6d95dbf85f537	8	experiments/legacy/exp-step5-softpll-lock/EXP-S5-F4A-CONTROL-RESTORE-MAIN-PI-UPSTREAM-20260915/raw/git-status.txt	MATCHED_TRACKED
member	experiments/legacy/exp-step5-softpll-lock/EXP-S5-F4A-CONTROL-RESTORE-MAIN-PI-UPSTREAM-20260915/raw-transfer/EXP-S5-F4A-CONTROL-RESTORE-MAIN-PI-UPSTREAM-20260915.tar.gz	2c882a2617fc488b28ea0338ea3ed9c618e5c2c09c7d0f7323c1add3a56d7dda	-	EXACT_DUPLICATE_EXTRACTED	-	-	-	-	-	-	-	-	raw/git-head.txt	785416eb894f510065d1189bfd836fc8181e7e192146ac2d52754ccc7cf44561	158	experiments/legacy/exp-step5-softpll-lock/EXP-S5-F4A-CONTROL-RESTORE-MAIN-PI-UPSTREAM-20260915/raw/git-head.txt	MATCHED_TRACKED
member	experiments/legacy/exp-step5-softpll-lock/EXP-S5-F4A-CONTROL-RESTORE-MAIN-PI-UPSTREAM-20260915/raw-transfer/EXP-S5-F4A-CONTROL-RESTORE-MAIN-PI-UPSTREAM-20260915.tar.gz	2c882a2617fc488b28ea0338ea3ed9c618e5c2c09c7d0f7323c1add3a56d7dda	-	EXACT_DUPLICATE_EXTRACTED	-	-	-	-	-	-	-	-	raw/build-timeline.log	d0ca7fe6a7bc1b5c121295f6b9bea515bbe67578aceab6a57f2b5f5a1bddf913	123	experiments/legacy/exp-step5-softpll-lock/EXP-S5-F4A-CONTROL-RESTORE-MAIN-PI-UPSTREAM-20260915/raw/build-timeline.log	MATCHED_TRACKED
member	experiments/legacy/exp-step5-softpll-lock/EXP-S5-F4A-CONTROL-RESTORE-MAIN-PI-UPSTREAM-20260915/raw-transfer/EXP-S5-F4A-CONTROL-RESTORE-MAIN-PI-UPSTREAM-20260915.tar.gz	2c882a2617fc488b28ea0338ea3ed9c618e5c2c09c7d0f7323c1add3a56d7dda	-	EXACT_DUPLICATE_EXTRACTED	-	-	-	-	-	-	-	-	raw/program-slave.log	01f222f87643341685c64579cdd6067055a0852e3481576e26b59dd8c3ef8951	2146	experiments/legacy/exp-step5-softpll-lock/EXP-S5-F4A-CONTROL-RESTORE-MAIN-PI-UPSTREAM-20260915/raw/program-slave.log	MATCHED_TRACKED
member	experiments/legacy/exp-step5-softpll-lock/EXP-S5-F4A-CONTROL-RESTORE-MAIN-PI-UPSTREAM-20260915/raw-transfer/EXP-S5-F4A-CONTROL-RESTORE-MAIN-PI-UPSTREAM-20260915.tar.gz	2c882a2617fc488b28ea0338ea3ed9c618e5c2c09c7d0f7323c1add3a56d7dda	-	EXACT_DUPLICATE_EXTRACTED	-	-	-	-	-	-	-	-	raw/observer-timeline.log	ca56d22a4fe5f4e33b4278775271ca7396008bc2e950061e8972d94148aa563e	192	experiments/legacy/exp-step5-softpll-lock/EXP-S5-F4A-CONTROL-RESTORE-MAIN-PI-UPSTREAM-20260915/raw/observer-timeline.log	MATCHED_TRACKED
member	experiments/legacy/exp-step5-softpll-lock/EXP-S5-F4A-CONTROL-RESTORE-MAIN-PI-UPSTREAM-20260915/raw-transfer/EXP-S5-F4A-CONTROL-RESTORE-MAIN-PI-UPSTREAM-20260915.tar.gz	2c882a2617fc488b28ea0338ea3ed9c618e5c2c09c7d0f7323c1add3a56d7dda	-	EXACT_DUPLICATE_EXTRACTED	-	-	-	-	-	-	-	-	raw/preflight-wb-runtime-retry.log	ca2b28ca9c910c93f91dc81f02e77b8ddcc88f51acd558733fc41c925c0370a8	22088	experiments/legacy/exp-step5-softpll-lock/EXP-S5-F4A-CONTROL-RESTORE-MAIN-PI-UPSTREAM-20260915/raw/preflight-wb-runtime-retry.log	MATCHED_TRACKED
member	experiments/legacy/exp-step5-softpll-lock/EXP-S5-F4A-CONTROL-RESTORE-MAIN-PI-UPSTREAM-20260915/raw-transfer/EXP-S5-F4A-CONTROL-RESTORE-MAIN-PI-UPSTREAM-20260915.tar.gz	2c882a2617fc488b28ea0338ea3ed9c618e5c2c09c7d0f7323c1add3a56d7dda	-	EXACT_DUPLICATE_EXTRACTED	-	-	-	-	-	-	-	-	raw/observer-smoke-120.log	2b183ad93b8e0746943d33215402fc760fe4a70de360ba40a1d66b22a6cf039c	96432	experiments/legacy/exp-step5-softpll-lock/EXP-S5-F4A-CONTROL-RESTORE-MAIN-PI-UPSTREAM-20260915/raw/observer-smoke-120.log	MATCHED_TRACKED
member	experiments/legacy/exp-step5-softpll-lock/EXP-S5-F4A-CONTROL-RESTORE-MAIN-PI-UPSTREAM-20260915/raw-transfer/EXP-S5-F4A-CONTROL-RESTORE-MAIN-PI-UPSTREAM-20260915.tar.gz	2c882a2617fc488b28ea0338ea3ed9c618e5c2c09c7d0f7323c1add3a56d7dda	-	EXACT_DUPLICATE_EXTRACTED	-	-	-	-	-	-	-	-	raw/collection.txt	c6125c8fce6a85ee29ab0a2e733203916e0a8a02d19eb45cea2c211648591f0b	39	experiments/legacy/exp-step5-softpll-lock/EXP-S5-F4A-CONTROL-RESTORE-MAIN-PI-UPSTREAM-20260915/raw-transfer/payload/raw/collection.txt	MATCHED_TRACKED
member	experiments/legacy/exp-step5-softpll-lock/EXP-S5-F4A-CONTROL-RESTORE-MAIN-PI-UPSTREAM-20260915/raw-transfer/EXP-S5-F4A-CONTROL-RESTORE-MAIN-PI-UPSTREAM-20260915.tar.gz	2c882a2617fc488b28ea0338ea3ed9c618e5c2c09c7d0f7323c1add3a56d7dda	-	EXACT_DUPLICATE_EXTRACTED	-	-	-	-	-	-	-	-	raw/image-sha256.txt	34f236e9efbc889241a4fb39ea800016193d66d91cea565cdf69d13476d0d59c	280	experiments/legacy/exp-step5-softpll-lock/EXP-S5-F4A-CONTROL-RESTORE-MAIN-PI-UPSTREAM-20260915/raw/image-sha256.txt	MATCHED_TRACKED
member	experiments/legacy/exp-step5-softpll-lock/EXP-S5-F4A-CONTROL-RESTORE-MAIN-PI-UPSTREAM-20260915/raw-transfer/EXP-S5-F4A-CONTROL-RESTORE-MAIN-PI-UPSTREAM-20260915.tar.gz	2c882a2617fc488b28ea0338ea3ed9c618e5c2c09c7d0f7323c1add3a56d7dda	-	EXACT_DUPLICATE_EXTRACTED	-	-	-	-	-	-	-	-	raw/program-master.log	b03960d86a89da3e5a1fa5f245c93c746e4601e3a57dac56be0057e5bfbcdc19	2150	experiments/legacy/exp-step5-softpll-lock/EXP-S5-F4A-CONTROL-RESTORE-MAIN-PI-UPSTREAM-20260915/raw/program-master.log	MATCHED_TRACKED
member	experiments/legacy/exp-step5-softpll-lock/EXP-S5-F4A-CONTROL-RESTORE-MAIN-PI-UPSTREAM-20260915/raw-transfer/EXP-S5-F4A-CONTROL-RESTORE-MAIN-PI-UPSTREAM-20260915.tar.gz	2c882a2617fc488b28ea0338ea3ed9c618e5c2c09c7d0f7323c1add3a56d7dda	-	EXACT_DUPLICATE_EXTRACTED	-	-	-	-	-	-	-	-	build/build_info_jtag_master.txt	99f5d6a0a39ddde6ee4e537a40fcb8b6680c3ec31e97beb378aed1c994d5b3ad	952	experiments/legacy/exp-step5-softpll-lock/EXP-S5-F4A-CONTROL-RESTORE-MAIN-PI-UPSTREAM-20260915/raw/build_info_jtag_master.txt	MATCHED_TRACKED
member	experiments/legacy/exp-step5-softpll-lock/EXP-S5-F4A-CONTROL-RESTORE-MAIN-PI-UPSTREAM-20260915/raw-transfer/EXP-S5-F4A-CONTROL-RESTORE-MAIN-PI-UPSTREAM-20260915.tar.gz	2c882a2617fc488b28ea0338ea3ed9c618e5c2c09c7d0f7323c1add3a56d7dda	-	EXACT_DUPLICATE_EXTRACTED	-	-	-	-	-	-	-	-	build/build_info_jtag_slave.txt	b49f61aa264a3c2f0b6731dcf3fccc570723a010558bf53715ed6f49cc6d0571	949	experiments/legacy/exp-step5-softpll-lock/EXP-S5-F4A-CONTROL-RESTORE-MAIN-PI-UPSTREAM-20260915/raw/build_info_jtag_slave.txt	MATCHED_TRACKED
member	experiments/legacy/exp-step5-softpll-lock/EXP-S5-F4A-CONTROL-RESTORE-MAIN-PI-UPSTREAM-20260915/raw-transfer/EXP-S5-F4A-CONTROL-RESTORE-MAIN-PI-UPSTREAM-20260915.tar.gz	2c882a2617fc488b28ea0338ea3ed9c618e5c2c09c7d0f7323c1add3a56d7dda	-	EXACT_DUPLICATE_EXTRACTED	-	-	-	-	-	-	-	-	build/build_jtag_master.log	8bc9443de41e1ffdf800bddae14d9ade75925dee700134607720aaff52c131c1	545836	experiments/legacy/exp-step5-softpll-lock/EXP-S5-F4A-CONTROL-RESTORE-MAIN-PI-UPSTREAM-20260915/raw/build_jtag_master.log	MATCHED_TRACKED
member	experiments/legacy/exp-step5-softpll-lock/EXP-S5-F4A-CONTROL-RESTORE-MAIN-PI-UPSTREAM-20260915/raw-transfer/EXP-S5-F4A-CONTROL-RESTORE-MAIN-PI-UPSTREAM-20260915.tar.gz	2c882a2617fc488b28ea0338ea3ed9c618e5c2c09c7d0f7323c1add3a56d7dda	-	EXACT_DUPLICATE_EXTRACTED	-	-	-	-	-	-	-	-	build/build_jtag_slave.log	f82ef0383ed058a6a9a247fdaeafc2ea310e3d519e3b2a39b75dc0b7635bbb62	573195	experiments/legacy/exp-step5-softpll-lock/EXP-S5-F4A-CONTROL-RESTORE-MAIN-PI-UPSTREAM-20260915/raw/build_jtag_slave.log	MATCHED_TRACKED
member	experiments/legacy/exp-step5-softpll-lock/EXP-S5-F4A-CONTROL-RESTORE-MAIN-PI-UPSTREAM-20260915/raw-transfer/EXP-S5-F4A-CONTROL-RESTORE-MAIN-PI-UPSTREAM-20260915.tar.gz	2c882a2617fc488b28ea0338ea3ed9c618e5c2c09c7d0f7323c1add3a56d7dda	-	EXACT_DUPLICATE_EXTRACTED	-	-	-	-	-	-	-	-	build/quartus_jtag_master_compile.log	8bc9443de41e1ffdf800bddae14d9ade75925dee700134607720aaff52c131c1	545836	experiments/legacy/exp-step5-softpll-lock/EXP-S5-F4A-CONTROL-RESTORE-MAIN-PI-UPSTREAM-20260915/raw/quartus_jtag_master_compile.log	MATCHED_TRACKED
member	experiments/legacy/exp-step5-softpll-lock/EXP-S5-F4A-CONTROL-RESTORE-MAIN-PI-UPSTREAM-20260915/raw-transfer/EXP-S5-F4A-CONTROL-RESTORE-MAIN-PI-UPSTREAM-20260915.tar.gz	2c882a2617fc488b28ea0338ea3ed9c618e5c2c09c7d0f7323c1add3a56d7dda	-	EXACT_DUPLICATE_EXTRACTED	-	-	-	-	-	-	-	-	build/quartus_jtag_slave_compile.log	f82ef0383ed058a6a9a247fdaeafc2ea310e3d519e3b2a39b75dc0b7635bbb62	573195	experiments/legacy/exp-step5-softpll-lock/EXP-S5-F4A-CONTROL-RESTORE-MAIN-PI-UPSTREAM-20260915/raw/quartus_jtag_slave_compile.log	MATCHED_TRACKED
archive	experiments/legacy/exp-step5-softpll-lock/EXP-S5-F4A-MAIN-PI-KP1300-KI3-BOOST4-20260915/raw-transfer/EXP-S5-F4A-MAIN-PI-KP1300-KI3-BOOST4-20260915-build-logs.tar.gz	8fe44f9556dae5317c70a9ac132c8881de71cd8c2a042f665f31844312ce4bd2	146020	EXACT_DUPLICATE_EXTRACTED	4	4	0	-	-	-	-	MATCH	-	-	-	-	-
member	experiments/legacy/exp-step5-softpll-lock/EXP-S5-F4A-MAIN-PI-KP1300-KI3-BOOST4-20260915/raw-transfer/EXP-S5-F4A-MAIN-PI-KP1300-KI3-BOOST4-20260915-build-logs.tar.gz	8fe44f9556dae5317c70a9ac132c8881de71cd8c2a042f665f31844312ce4bd2	-	EXACT_DUPLICATE_EXTRACTED	-	-	-	-	-	-	-	-	build/build_jtag_master.log	f00dde3538c1c5f86a81b72dbc90c35fba21c6b3b681457cd79d78017fea0ded	557197	experiments/legacy/exp-step5-softpll-lock/EXP-S5-F4A-MAIN-PI-KP1300-KI3-BOOST4-20260915/raw/build_jtag_master.log	MATCHED_TRACKED
member	experiments/legacy/exp-step5-softpll-lock/EXP-S5-F4A-MAIN-PI-KP1300-KI3-BOOST4-20260915/raw-transfer/EXP-S5-F4A-MAIN-PI-KP1300-KI3-BOOST4-20260915-build-logs.tar.gz	8fe44f9556dae5317c70a9ac132c8881de71cd8c2a042f665f31844312ce4bd2	-	EXACT_DUPLICATE_EXTRACTED	-	-	-	-	-	-	-	-	build/build_jtag_slave.log	1238e6f5e65062f2c80b2b33c0bdf57120a5f2b9d5894d173d001dabbe9eac89	584549	experiments/legacy/exp-step5-softpll-lock/EXP-S5-F4A-MAIN-PI-KP1300-KI3-BOOST4-20260915/raw/build_jtag_slave.log	MATCHED_TRACKED
member	experiments/legacy/exp-step5-softpll-lock/EXP-S5-F4A-MAIN-PI-KP1300-KI3-BOOST4-20260915/raw-transfer/EXP-S5-F4A-MAIN-PI-KP1300-KI3-BOOST4-20260915-build-logs.tar.gz	8fe44f9556dae5317c70a9ac132c8881de71cd8c2a042f665f31844312ce4bd2	-	EXACT_DUPLICATE_EXTRACTED	-	-	-	-	-	-	-	-	build/quartus_jtag_master_compile.log	f00dde3538c1c5f86a81b72dbc90c35fba21c6b3b681457cd79d78017fea0ded	557197	experiments/legacy/exp-step5-softpll-lock/EXP-S5-F4A-MAIN-PI-KP1300-KI3-BOOST4-20260915/raw/quartus_jtag_master_compile.log	MATCHED_TRACKED
member	experiments/legacy/exp-step5-softpll-lock/EXP-S5-F4A-MAIN-PI-KP1300-KI3-BOOST4-20260915/raw-transfer/EXP-S5-F4A-MAIN-PI-KP1300-KI3-BOOST4-20260915-build-logs.tar.gz	8fe44f9556dae5317c70a9ac132c8881de71cd8c2a042f665f31844312ce4bd2	-	EXACT_DUPLICATE_EXTRACTED	-	-	-	-	-	-	-	-	build/quartus_jtag_slave_compile.log	1238e6f5e65062f2c80b2b33c0bdf57120a5f2b9d5894d173d001dabbe9eac89	584549	experiments/legacy/exp-step5-softpll-lock/EXP-S5-F4A-MAIN-PI-KP1300-KI3-BOOST4-20260915/raw/quartus_jtag_slave_compile.log	MATCHED_TRACKED
archive	experiments/legacy/exp-step5-softpll-lock/EXP-S5-F4A-MAIN-PI-KP1300-KI3-BOOST4-20260915/raw-transfer/EXP-S5-F4A-MAIN-PI-KP1300-KI3-BOOST4-20260915.tar.gz	55af7dca0c1c28b8bfcc86ad247440cbd0fab07ba022afca89ed6b7e6ea1b683	7213	EXACT_DUPLICATE_EXTRACTED	16	16	0	-	-	-	-	MATCH	-	-	-	-	-
member	experiments/legacy/exp-step5-softpll-lock/EXP-S5-F4A-MAIN-PI-KP1300-KI3-BOOST4-20260915/raw-transfer/EXP-S5-F4A-MAIN-PI-KP1300-KI3-BOOST4-20260915.tar.gz	55af7dca0c1c28b8bfcc86ad247440cbd0fab07ba022afca89ed6b7e6ea1b683	-	EXACT_DUPLICATE_EXTRACTED	-	-	-	-	-	-	-	-	raw/preflight-post-powercycle-timeline.log	9303997e9b23bdcaf48ae6a83e134f8282ef37bf3a6a934bc9d959b8f98accb0	276	experiments/legacy/exp-step5-softpll-lock/EXP-S5-F4A-MAIN-PI-KP1300-KI3-BOOST4-20260915/raw/preflight-post-powercycle-timeline.log	MATCHED_TRACKED
member	experiments/legacy/exp-step5-softpll-lock/EXP-S5-F4A-MAIN-PI-KP1300-KI3-BOOST4-20260915/raw-transfer/EXP-S5-F4A-MAIN-PI-KP1300-KI3-BOOST4-20260915.tar.gz	55af7dca0c1c28b8bfcc86ad247440cbd0fab07ba022afca89ed6b7e6ea1b683	-	EXACT_DUPLICATE_EXTRACTED	-	-	-	-	-	-	-	-	raw/program-timeline.log	ca1b0e24062afa5fad935f0f43b54fdd0c4759a64d25211475f008f9d365b334	141	experiments/legacy/exp-step5-softpll-lock/EXP-S5-F4A-MAIN-PI-KP1300-KI3-BOOST4-20260915/raw/program-timeline.log	MATCHED_TRACKED
member	experiments/legacy/exp-step5-softpll-lock/EXP-S5-F4A-MAIN-PI-KP1300-KI3-BOOST4-20260915/raw-transfer/EXP-S5-F4A-MAIN-PI-KP1300-KI3-BOOST4-20260915.tar.gz	55af7dca0c1c28b8bfcc86ad247440cbd0fab07ba022afca89ed6b7e6ea1b683	-	EXACT_DUPLICATE_EXTRACTED	-	-	-	-	-	-	-	-	raw/settle-timeline.log	7f862da5ff69df128e53d9eed83d01c6cc4d4f623c40473b5a367d238e97cd96	114	experiments/legacy/exp-step5-softpll-lock/EXP-S5-F4A-MAIN-PI-KP1300-KI3-BOOST4-20260915/raw/settle-timeline.log	MATCHED_TRACKED
member	experiments/legacy/exp-step5-softpll-lock/EXP-S5-F4A-MAIN-PI-KP1300-KI3-BOOST4-20260915/raw-transfer/EXP-S5-F4A-MAIN-PI-KP1300-KI3-BOOST4-20260915.tar.gz	55af7dca0c1c28b8bfcc86ad247440cbd0fab07ba022afca89ed6b7e6ea1b683	-	EXACT_DUPLICATE_EXTRACTED	-	-	-	-	-	-	-	-	raw/preflight-wb-runtime-post-powercycle.log	96489ad0ff209dc79b601efdca449b38fe0121304e961eac53a7ef37e506ce91	19686	experiments/legacy/exp-step5-softpll-lock/EXP-S5-F4A-MAIN-PI-KP1300-KI3-BOOST4-20260915/raw/preflight-wb-runtime-post-powercycle.log	MATCHED_TRACKED
member	experiments/legacy/exp-step5-softpll-lock/EXP-S5-F4A-MAIN-PI-KP1300-KI3-BOOST4-20260915/raw-transfer/EXP-S5-F4A-MAIN-PI-KP1300-KI3-BOOST4-20260915.tar.gz	55af7dca0c1c28b8bfcc86ad247440cbd0fab07ba022afca89ed6b7e6ea1b683	-	EXACT_DUPLICATE_EXTRACTED	-	-	-	-	-	-	-	-	raw/build-master.log	bd2d88910842fbb046fcf5b7efeb1b197ee84ecb076deee31d57569cd54062e8	264	experiments/legacy/exp-step5-softpll-lock/EXP-S5-F4A-MAIN-PI-KP1300-KI3-BOOST4-20260915/raw/build-master.log	MATCHED_TRACKED
member	experiments/legacy/exp-step5-softpll-lock/EXP-S5-F4A-MAIN-PI-KP1300-KI3-BOOST4-20260915/raw-transfer/EXP-S5-F4A-MAIN-PI-KP1300-KI3-BOOST4-20260915.tar.gz	55af7dca0c1c28b8bfcc86ad247440cbd0fab07ba022afca89ed6b7e6ea1b683	-	EXACT_DUPLICATE_EXTRACTED	-	-	-	-	-	-	-	-	raw/build-slave.log	e44b3de9a6f427a33ff21e87db239720dbfc4a5d7eb16d9f3efb5afbf8b08612	259	experiments/legacy/exp-step5-softpll-lock/EXP-S5-F4A-MAIN-PI-KP1300-KI3-BOOST4-20260915/raw/build-slave.log	MATCHED_TRACKED
member	experiments/legacy/exp-step5-softpll-lock/EXP-S5-F4A-MAIN-PI-KP1300-KI3-BOOST4-20260915/raw-transfer/EXP-S5-F4A-MAIN-PI-KP1300-KI3-BOOST4-20260915.tar.gz	55af7dca0c1c28b8bfcc86ad247440cbd0fab07ba022afca89ed6b7e6ea1b683	-	EXACT_DUPLICATE_EXTRACTED	-	-	-	-	-	-	-	-	raw/git-status.txt	b4d7c4d770d59995b7144ca7c7521e58d77cd3dcf23cc9564ec6d95dbf85f537	8	experiments/legacy/exp-step5-softpll-lock/EXP-S5-F4A-MAIN-PI-KP1300-KI3-BOOST4-20260915/raw/git-status.txt	MATCHED_TRACKED
member	experiments/legacy/exp-step5-softpll-lock/EXP-S5-F4A-MAIN-PI-KP1300-KI3-BOOST4-20260915/raw-transfer/EXP-S5-F4A-MAIN-PI-KP1300-KI3-BOOST4-20260915.tar.gz	55af7dca0c1c28b8bfcc86ad247440cbd0fab07ba022afca89ed6b7e6ea1b683	-	EXACT_DUPLICATE_EXTRACTED	-	-	-	-	-	-	-	-	raw/git-head.txt	d583b92c675b32071fbef2e0550e4538d062d0a19015bc84f0fddc56619f60c5	151	experiments/legacy/exp-step5-softpll-lock/EXP-S5-F4A-MAIN-PI-KP1300-KI3-BOOST4-20260915/raw/git-head.txt	MATCHED_TRACKED
member	experiments/legacy/exp-step5-softpll-lock/EXP-S5-F4A-MAIN-PI-KP1300-KI3-BOOST4-20260915/raw-transfer/EXP-S5-F4A-MAIN-PI-KP1300-KI3-BOOST4-20260915.tar.gz	55af7dca0c1c28b8bfcc86ad247440cbd0fab07ba022afca89ed6b7e6ea1b683	-	EXACT_DUPLICATE_EXTRACTED	-	-	-	-	-	-	-	-	raw/build-timeline.log	21ea1d8993b18eb35acf44b0a39f8f5357de37d8354b542468fa31250dee3cc1	123	experiments/legacy/exp-step5-softpll-lock/EXP-S5-F4A-MAIN-PI-KP1300-KI3-BOOST4-20260915/raw/build-timeline.log	MATCHED_TRACKED
member	experiments/legacy/exp-step5-softpll-lock/EXP-S5-F4A-MAIN-PI-KP1300-KI3-BOOST4-20260915/raw-transfer/EXP-S5-F4A-MAIN-PI-KP1300-KI3-BOOST4-20260915.tar.gz	55af7dca0c1c28b8bfcc86ad247440cbd0fab07ba022afca89ed6b7e6ea1b683	-	EXACT_DUPLICATE_EXTRACTED	-	-	-	-	-	-	-	-	raw/program-slave.log	f9a8d875aa7d34a9bb248a9f3cc98eb73d7510d564c4ed9968d7877ffb966b13	2146	experiments/legacy/exp-step5-softpll-lock/EXP-S5-F4A-MAIN-PI-KP1300-KI3-BOOST4-20260915/raw/program-slave.log	MATCHED_TRACKED
member	experiments/legacy/exp-step5-softpll-lock/EXP-S5-F4A-MAIN-PI-KP1300-KI3-BOOST4-20260915/raw-transfer/EXP-S5-F4A-MAIN-PI-KP1300-KI3-BOOST4-20260915.tar.gz	55af7dca0c1c28b8bfcc86ad247440cbd0fab07ba022afca89ed6b7e6ea1b683	-	EXACT_DUPLICATE_EXTRACTED	-	-	-	-	-	-	-	-	raw/preflight-wb-runtime-post-powercycle-retry.log	6da303a9ad24bd66c69d465ce87c7db016b0d5a3566437b31c1f534812f3eae0	19682	experiments/legacy/exp-step5-softpll-lock/EXP-S5-F4A-MAIN-PI-KP1300-KI3-BOOST4-20260915/raw/preflight-wb-runtime-post-powercycle-retry.log	MATCHED_TRACKED
member	experiments/legacy/exp-step5-softpll-lock/EXP-S5-F4A-MAIN-PI-KP1300-KI3-BOOST4-20260915/raw-transfer/EXP-S5-F4A-MAIN-PI-KP1300-KI3-BOOST4-20260915.tar.gz	55af7dca0c1c28b8bfcc86ad247440cbd0fab07ba022afca89ed6b7e6ea1b683	-	EXACT_DUPLICATE_EXTRACTED	-	-	-	-	-	-	-	-	raw/collection.txt	2d84c721de5ae22ae26f97b6f8e6fbe2bc9455161f4d6641bcd5eb57834cca0b	39	experiments/legacy/exp-step5-softpll-lock/EXP-S5-F4A-MAIN-PI-KP1300-KI3-BOOST4-20260915/raw/collection.txt	MATCHED_TRACKED
member	experiments/legacy/exp-step5-softpll-lock/EXP-S5-F4A-MAIN-PI-KP1300-KI3-BOOST4-20260915/raw-transfer/EXP-S5-F4A-MAIN-PI-KP1300-KI3-BOOST4-20260915.tar.gz	55af7dca0c1c28b8bfcc86ad247440cbd0fab07ba022afca89ed6b7e6ea1b683	-	EXACT_DUPLICATE_EXTRACTED	-	-	-	-	-	-	-	-	raw/image-sha256.txt	86c38e59132f1e951eb2fd2038162b4327daae215f7d48208b3d901f94075ced	280	experiments/legacy/exp-step5-softpll-lock/EXP-S5-F4A-MAIN-PI-KP1300-KI3-BOOST4-20260915/raw/image-sha256.txt	MATCHED_TRACKED
member	experiments/legacy/exp-step5-softpll-lock/EXP-S5-F4A-MAIN-PI-KP1300-KI3-BOOST4-20260915/raw-transfer/EXP-S5-F4A-MAIN-PI-KP1300-KI3-BOOST4-20260915.tar.gz	55af7dca0c1c28b8bfcc86ad247440cbd0fab07ba022afca89ed6b7e6ea1b683	-	EXACT_DUPLICATE_EXTRACTED	-	-	-	-	-	-	-	-	raw/program-master.log	4f9d7132ec35831808663580f24866b3c41e7b5a7d9b143c9ba46531fa730ec8	2150	experiments/legacy/exp-step5-softpll-lock/EXP-S5-F4A-MAIN-PI-KP1300-KI3-BOOST4-20260915/raw/program-master.log	MATCHED_TRACKED
member	experiments/legacy/exp-step5-softpll-lock/EXP-S5-F4A-MAIN-PI-KP1300-KI3-BOOST4-20260915/raw-transfer/EXP-S5-F4A-MAIN-PI-KP1300-KI3-BOOST4-20260915.tar.gz	55af7dca0c1c28b8bfcc86ad247440cbd0fab07ba022afca89ed6b7e6ea1b683	-	EXACT_DUPLICATE_EXTRACTED	-	-	-	-	-	-	-	-	build/build_info_jtag_master.txt	31dc4b340de0abebd5230c865609514b6408e1e99af6e55b80df71064451f6a5	952	experiments/legacy/exp-step5-softpll-lock/EXP-S5-F4A-MAIN-PI-KP1300-KI3-BOOST4-20260915/raw/build_info_jtag_master.txt	MATCHED_TRACKED
member	experiments/legacy/exp-step5-softpll-lock/EXP-S5-F4A-MAIN-PI-KP1300-KI3-BOOST4-20260915/raw-transfer/EXP-S5-F4A-MAIN-PI-KP1300-KI3-BOOST4-20260915.tar.gz	55af7dca0c1c28b8bfcc86ad247440cbd0fab07ba022afca89ed6b7e6ea1b683	-	EXACT_DUPLICATE_EXTRACTED	-	-	-	-	-	-	-	-	build/build_info_jtag_slave.txt	bf866a34478a948ac2b8ece6e98493333833256ebc66b3bc9d17af352cf65f35	949	experiments/legacy/exp-step5-softpll-lock/EXP-S5-F4A-MAIN-PI-KP1300-KI3-BOOST4-20260915/raw/build_info_jtag_slave.txt	MATCHED_TRACKED
archive	experiments/legacy/exp-step5-softpll-lock/EXP-S5-F4B-ARBITRATION-CONTROL-20260915/raw-transfer/EXP-S5-F4B-ARBITRATION-CONTROL-20260915.tar.gz	810be426d5a3e022f5bd139445137db645a12e9209ab1141c8db61535840f729	2907040	EXACT_DUPLICATE_EXTRACTED	24	24	0	-	-	-	-	MATCH	-	-	-	-	-
member	experiments/legacy/exp-step5-softpll-lock/EXP-S5-F4B-ARBITRATION-CONTROL-20260915/raw-transfer/EXP-S5-F4B-ARBITRATION-CONTROL-20260915.tar.gz	810be426d5a3e022f5bd139445137db645a12e9209ab1141c8db61535840f729	-	EXACT_DUPLICATE_EXTRACTED	-	-	-	-	-	-	-	-	raw/f4b-control-observer-long-6000.log	84410dc31bbc422621cccdeb48fbd6d28871abb0e3cd7fddae21f043b4be9ac5	4618311	experiments/legacy/exp-step5-softpll-lock/EXP-S5-F4B-ARBITRATION-CONTROL-20260915/raw-transfer/extracted/raw/f4b-control-observer-long-6000.log	MATCHED_TRACKED
member	experiments/legacy/exp-step5-softpll-lock/EXP-S5-F4B-ARBITRATION-CONTROL-20260915/raw-transfer/EXP-S5-F4B-ARBITRATION-CONTROL-20260915.tar.gz	810be426d5a3e022f5bd139445137db645a12e9209ab1141c8db61535840f729	-	EXACT_DUPLICATE_EXTRACTED	-	-	-	-	-	-	-	-	raw/f4b-control-observer-smoke-120.log	5ef3d4a432f6fddec8f259b97ca49f05c2af35ac93e51bd28ab53a44b335d357	96607	experiments/legacy/exp-step5-softpll-lock/EXP-S5-F4B-ARBITRATION-CONTROL-20260915/raw-transfer/extracted/raw/f4b-control-observer-smoke-120.log	MATCHED_TRACKED
member	experiments/legacy/exp-step5-softpll-lock/EXP-S5-F4B-ARBITRATION-CONTROL-20260915/raw-transfer/EXP-S5-F4B-ARBITRATION-CONTROL-20260915.tar.gz	810be426d5a3e022f5bd139445137db645a12e9209ab1141c8db61535840f729	-	EXACT_DUPLICATE_EXTRACTED	-	-	-	-	-	-	-	-	raw/f4b-control-observer-timeline.log	91454546dcf1d9f078c845315720aaa4ce1ca0a5ed9ff7f42701f476df5b36dc	192	experiments/legacy/exp-step5-softpll-lock/EXP-S5-F4B-ARBITRATION-CONTROL-20260915/raw-transfer/extracted/raw/f4b-control-observer-timeline.log	MATCHED_TRACKED
member	experiments/legacy/exp-step5-softpll-lock/EXP-S5-F4B-ARBITRATION-CONTROL-20260915/raw-transfer/EXP-S5-F4B-ARBITRATION-CONTROL-20260915.tar.gz	810be426d5a3e022f5bd139445137db645a12e9209ab1141c8db61535840f729	-	EXACT_DUPLICATE_EXTRACTED	-	-	-	-	-	-	-	-	raw/f4b-control-preflight.log	734afdb02ea17043b92774fdff603c7af2767b3a552797e6ef4eb8a0476bef81	19662	experiments/legacy/exp-step5-softpll-lock/EXP-S5-F4B-ARBITRATION-CONTROL-20260915/raw-transfer/extracted/raw/f4b-control-preflight.log	MATCHED_TRACKED
member	experiments/legacy/exp-step5-softpll-lock/EXP-S5-F4B-ARBITRATION-CONTROL-20260915/raw-transfer/EXP-S5-F4B-ARBITRATION-CONTROL-20260915.tar.gz	810be426d5a3e022f5bd139445137db645a12e9209ab1141c8db61535840f729	-	EXACT_DUPLICATE_EXTRACTED	-	-	-	-	-	-	-	-	raw/f4b-control-preflight-retry.log	e0b0ad9b34b2c1d0638f7ee28d429a0efd372770aeeada22c80381b1cc662809	22088	experiments/legacy/exp-step5-softpll-lock/EXP-S5-F4B-ARBITRATION-CONTROL-20260915/raw-transfer/extracted/raw/f4b-control-preflight-retry.log	MATCHED_TRACKED
member	experiments/legacy/exp-step5-softpll-lock/EXP-S5-F4B-ARBITRATION-CONTROL-20260915/raw-transfer/EXP-S5-F4B-ARBITRATION-CONTROL-20260915.tar.gz	810be426d5a3e022f5bd139445137db645a12e9209ab1141c8db61535840f729	-	EXACT_DUPLICATE_EXTRACTED	-	-	-	-	-	-	-	-	raw/f4b-control-preflight-timeline.log	fb2692f3b78d693d235cd7d714c841cc1ef3963929e5feb43eae481e0e00ddee	292	experiments/legacy/exp-step5-softpll-lock/EXP-S5-F4B-ARBITRATION-CONTROL-20260915/raw-transfer/extracted/raw/f4b-control-preflight-timeline.log	MATCHED_TRACKED
member	experiments/legacy/exp-step5-softpll-lock/EXP-S5-F4B-ARBITRATION-CONTROL-20260915/raw-transfer/EXP-S5-F4B-ARBITRATION-CONTROL-20260915.tar.gz	810be426d5a3e022f5bd139445137db645a12e9209ab1141c8db61535840f729	-	EXACT_DUPLICATE_EXTRACTED	-	-	-	-	-	-	-	-	raw/f4b-control-program-master.log	c7f3c0ec928df3a8f6ea6e54cecafcbd55475da9ed771cbe37a5027126132bcf	2236	experiments/legacy/exp-step5-softpll-lock/EXP-S5-F4B-ARBITRATION-CONTROL-20260915/raw-transfer/extracted/raw/f4b-control-program-master.log	MATCHED_TRACKED
member	experiments/legacy/exp-step5-softpll-lock/EXP-S5-F4B-ARBITRATION-CONTROL-20260915/raw-transfer/EXP-S5-F4B-ARBITRATION-CONTROL-20260915.tar.gz	810be426d5a3e022f5bd139445137db645a12e9209ab1141c8db61535840f729	-	EXACT_DUPLICATE_EXTRACTED	-	-	-	-	-	-	-	-	raw/f4b-control-program-slave.log	ba3af18845f82e9276e52713f321333a3a55bb60716ebc249396cdb4e5c19f01	2232	experiments/legacy/exp-step5-softpll-lock/EXP-S5-F4B-ARBITRATION-CONTROL-20260915/raw-transfer/extracted/raw/f4b-control-program-slave.log	MATCHED_TRACKED
member	experiments/legacy/exp-step5-softpll-lock/EXP-S5-F4B-ARBITRATION-CONTROL-20260915/raw-transfer/EXP-S5-F4B-ARBITRATION-CONTROL-20260915.tar.gz	810be426d5a3e022f5bd139445137db645a12e9209ab1141c8db61535840f729	-	EXACT_DUPLICATE_EXTRACTED	-	-	-	-	-	-	-	-	raw/f4b-control-program-timeline.log	d87dce37b2a0d2c16c9bb09a92abfef239d0827d8b0fd9fe0b83abc32b4a3e18	149	experiments/legacy/exp-step5-softpll-lock/EXP-S5-F4B-ARBITRATION-CONTROL-20260915/raw-transfer/extracted/raw/f4b-control-program-timeline.log	MATCHED_TRACKED
member	experiments/legacy/exp-step5-softpll-lock/EXP-S5-F4B-ARBITRATION-CONTROL-20260915/raw-transfer/EXP-S5-F4B-ARBITRATION-CONTROL-20260915.tar.gz	810be426d5a3e022f5bd139445137db645a12e9209ab1141c8db61535840f729	-	EXACT_DUPLICATE_EXTRACTED	-	-	-	-	-	-	-	-	raw/f4b-control-settle-timeline.log	13f1909d42dc94dffe27e9a3ae6c2dc2474b8e200394d439935e9c76f7a72ee8	138	experiments/legacy/exp-step5-softpll-lock/EXP-S5-F4B-ARBITRATION-CONTROL-20260915/raw-transfer/extracted/raw/f4b-control-settle-timeline.log	MATCHED_TRACKED
member	experiments/legacy/exp-step5-softpll-lock/EXP-S5-F4B-ARBITRATION-CONTROL-20260915/raw-transfer/EXP-S5-F4B-ARBITRATION-CONTROL-20260915.tar.gz	810be426d5a3e022f5bd139445137db645a12e9209ab1141c8db61535840f729	-	EXACT_DUPLICATE_EXTRACTED	-	-	-	-	-	-	-	-	raw/f4b-control-build-master.log	42168cab444341fefe7d9bf0445c34ce3084f3bddd75752e5933a67dae253a44	256	experiments/legacy/exp-step5-softpll-lock/EXP-S5-F4B-ARBITRATION-CONTROL-20260915/raw-transfer/extracted/raw/f4b-control-build-master.log	MATCHED_TRACKED
member	experiments/legacy/exp-step5-softpll-lock/EXP-S5-F4B-ARBITRATION-CONTROL-20260915/raw-transfer/EXP-S5-F4B-ARBITRATION-CONTROL-20260915.tar.gz	810be426d5a3e022f5bd139445137db645a12e9209ab1141c8db61535840f729	-	EXACT_DUPLICATE_EXTRACTED	-	-	-	-	-	-	-	-	raw/f4b-control-build-slave.log	184d5083611ad67a94723f11ed417da1976d799181553a74ea87a6581db72e25	251	experiments/legacy/exp-step5-softpll-lock/EXP-S5-F4B-ARBITRATION-CONTROL-20260915/raw-transfer/extracted/raw/f4b-control-build-slave.log	MATCHED_TRACKED
member	experiments/legacy/exp-step5-softpll-lock/EXP-S5-F4B-ARBITRATION-CONTROL-20260915/raw-transfer/EXP-S5-F4B-ARBITRATION-CONTROL-20260915.tar.gz	810be426d5a3e022f5bd139445137db645a12e9209ab1141c8db61535840f729	-	EXACT_DUPLICATE_EXTRACTED	-	-	-	-	-	-	-	-	raw/f4b-control-build-timeline.log	9f4a1c2c89a28baacf8761566ffdde4bf0b7c487bc56009c55a011167cddac6c	186	experiments/legacy/exp-step5-softpll-lock/EXP-S5-F4B-ARBITRATION-CONTROL-20260915/raw-transfer/extracted/raw/f4b-control-build-timeline.log	MATCHED_TRACKED
member	experiments/legacy/exp-step5-softpll-lock/EXP-S5-F4B-ARBITRATION-CONTROL-20260915/raw-transfer/EXP-S5-F4B-ARBITRATION-CONTROL-20260915.tar.gz	810be426d5a3e022f5bd139445137db645a12e9209ab1141c8db61535840f729	-	EXACT_DUPLICATE_EXTRACTED	-	-	-	-	-	-	-	-	raw/l1-dco-liveness-f4b-control.log	b28c7a5b294397b27674193fbf80482804beb2083fe02cc021cd26f81495c4b4	15012	experiments/legacy/exp-step5-softpll-lock/EXP-S5-F4B-ARBITRATION-CONTROL-20260915/raw-transfer/extracted/raw/l1-dco-liveness-f4b-control.log	MATCHED_TRACKED
member	experiments/legacy/exp-step5-softpll-lock/EXP-S5-F4B-ARBITRATION-CONTROL-20260915/raw-transfer/EXP-S5-F4B-ARBITRATION-CONTROL-20260915.tar.gz	810be426d5a3e022f5bd139445137db645a12e9209ab1141c8db61535840f729	-	EXACT_DUPLICATE_EXTRACTED	-	-	-	-	-	-	-	-	raw/l1-dco-liveness-f4b-control-timeline.log	c8c483b23bb58f572099186c2cdbf8658e99f7256b5e233be6cd86d2a7fdf430	73	experiments/legacy/exp-step5-softpll-lock/EXP-S5-F4B-ARBITRATION-CONTROL-20260915/raw-transfer/extracted/raw/l1-dco-liveness-f4b-control-timeline.log	MATCHED_TRACKED
member	experiments/legacy/exp-step5-softpll-lock/EXP-S5-F4B-ARBITRATION-CONTROL-20260915/raw-transfer/EXP-S5-F4B-ARBITRATION-CONTROL-20260915.tar.gz	810be426d5a3e022f5bd139445137db645a12e9209ab1141c8db61535840f729	-	EXACT_DUPLICATE_EXTRACTED	-	-	-	-	-	-	-	-	raw/git-head.txt	31477c29c7e668de105a0df30b162fa9c568cd8b709b1cd9a40bb4bc9075992b	107	experiments/legacy/exp-step5-softpll-lock/EXP-S5-F4B-ARBITRATION-CONTROL-20260915/raw/git-head.txt	MATCHED_TRACKED
member	experiments/legacy/exp-step5-softpll-lock/EXP-S5-F4B-ARBITRATION-CONTROL-20260915/raw-transfer/EXP-S5-F4B-ARBITRATION-CONTROL-20260915.tar.gz	810be426d5a3e022f5bd139445137db645a12e9209ab1141c8db61535840f729	-	EXACT_DUPLICATE_EXTRACTED	-	-	-	-	-	-	-	-	raw/git-status.txt	b4d7c4d770d59995b7144ca7c7521e58d77cd3dcf23cc9564ec6d95dbf85f537	8	experiments/legacy/exp-step5-softpll-lock/EXP-S5-F4B-ARBITRATION-CONTROL-20260915/raw/git-status.txt	MATCHED_TRACKED
member	experiments/legacy/exp-step5-softpll-lock/EXP-S5-F4B-ARBITRATION-CONTROL-20260915/raw-transfer/EXP-S5-F4B-ARBITRATION-CONTROL-20260915.tar.gz	810be426d5a3e022f5bd139445137db645a12e9209ab1141c8db61535840f729	-	EXACT_DUPLICATE_EXTRACTED	-	-	-	-	-	-	-	-	raw/image-sha256.txt	2054ca8670a779413bb5293852b05b110eadae68ef1883576aaf3fcf0f866c4f	491	experiments/legacy/exp-step5-softpll-lock/EXP-S5-F4B-ARBITRATION-CONTROL-20260915/raw-transfer/extracted/raw/image-sha256.txt	MATCHED_TRACKED
member	experiments/legacy/exp-step5-softpll-lock/EXP-S5-F4B-ARBITRATION-CONTROL-20260915/raw-transfer/EXP-S5-F4B-ARBITRATION-CONTROL-20260915.tar.gz	810be426d5a3e022f5bd139445137db645a12e9209ab1141c8db61535840f729	-	EXACT_DUPLICATE_EXTRACTED	-	-	-	-	-	-	-	-	build/build_info_jtag_master.txt	1dd4fc14aa42779865e16c4c978fbe1629cda06b75e792818c7a21281b7dac57	952	experiments/legacy/exp-step5-softpll-lock/EXP-S5-F4B-ARBITRATION-CONTROL-20260915/raw/build_info_jtag_master.txt	MATCHED_TRACKED
member	experiments/legacy/exp-step5-softpll-lock/EXP-S5-F4B-ARBITRATION-CONTROL-20260915/raw-transfer/EXP-S5-F4B-ARBITRATION-CONTROL-20260915.tar.gz	810be426d5a3e022f5bd139445137db645a12e9209ab1141c8db61535840f729	-	EXACT_DUPLICATE_EXTRACTED	-	-	-	-	-	-	-	-	build/build_info_jtag_slave.txt	eee8954b7d39e4ad9bf399875419717c3733b82ccc924ddbea8ae2d88588a8e3	950	experiments/legacy/exp-step5-softpll-lock/EXP-S5-F4B-ARBITRATION-CONTROL-20260915/raw/build_info_jtag_slave.txt	MATCHED_TRACKED
member	experiments/legacy/exp-step5-softpll-lock/EXP-S5-F4B-ARBITRATION-CONTROL-20260915/raw-transfer/EXP-S5-F4B-ARBITRATION-CONTROL-20260915.tar.gz	810be426d5a3e022f5bd139445137db645a12e9209ab1141c8db61535840f729	-	EXACT_DUPLICATE_EXTRACTED	-	-	-	-	-	-	-	-	build/build_jtag_master.log	77f15f295f6ef54457aa1bb63932736ca9fcf64575b91e6ba5453ebe0ec327e6	550707	experiments/legacy/exp-step5-softpll-lock/EXP-S5-F4B-ARBITRATION-CONTROL-20260915/raw-transfer/extracted/build/build_jtag_master.log	MATCHED_TRACKED
member	experiments/legacy/exp-step5-softpll-lock/EXP-S5-F4B-ARBITRATION-CONTROL-20260915/raw-transfer/EXP-S5-F4B-ARBITRATION-CONTROL-20260915.tar.gz	810be426d5a3e022f5bd139445137db645a12e9209ab1141c8db61535840f729	-	EXACT_DUPLICATE_EXTRACTED	-	-	-	-	-	-	-	-	build/build_jtag_slave.log	308c8edcbf83a26bf36a069a6c14484d1aa9b78eb39df5adcaa16335b555f96f	578065	experiments/legacy/exp-step5-softpll-lock/EXP-S5-F4B-ARBITRATION-CONTROL-20260915/raw-transfer/extracted/build/build_jtag_slave.log	MATCHED_TRACKED
member	experiments/legacy/exp-step5-softpll-lock/EXP-S5-F4B-ARBITRATION-CONTROL-20260915/raw-transfer/EXP-S5-F4B-ARBITRATION-CONTROL-20260915.tar.gz	810be426d5a3e022f5bd139445137db645a12e9209ab1141c8db61535840f729	-	EXACT_DUPLICATE_EXTRACTED	-	-	-	-	-	-	-	-	quartus/jtag_runtime_diag/output_files_master_jtag/DE5a_wr_master_jtag.sof	ae017c25ca628f7c7d35636d27079f85e8f5543aa8f712e122f984f5a6932400	36809226	experiments/legacy/exp-step4b-slave-softpll-startup/artifact-import/EXP-STEP4B-F4B-ARBITRATION-CONTROL-20260915/DE5a_wr_master_jtag.sof	MATCHED_TRACKED
member	experiments/legacy/exp-step5-softpll-lock/EXP-S5-F4B-ARBITRATION-CONTROL-20260915/raw-transfer/EXP-S5-F4B-ARBITRATION-CONTROL-20260915.tar.gz	810be426d5a3e022f5bd139445137db645a12e9209ab1141c8db61535840f729	-	EXACT_DUPLICATE_EXTRACTED	-	-	-	-	-	-	-	-	quartus/jtag_runtime_diag/output_files_slave_jtag/DE5a_wr_slave_jtag.sof	ec4be4bd6390ce2cbe3c603c99b337fb501d60da37e58c2cf2b5bfca1de5f092	36824114	experiments/legacy/exp-step4b-slave-softpll-startup/artifact-import/EXP-STEP4B-F4B-ARBITRATION-CONTROL-20260915/DE5a_wr_slave_jtag.sof	MATCHED_TRACKED
archive	experiments/legacy/exp-step5-softpll-lock/EXP-S5-F4B-ARBITRATION-MIXED-SLAVE-CANDIDATE-20260915/raw-transfer/EXP-S5-F4B-ARBITRATION-MIXED-SLAVE-CANDIDATE-20260915.tar.gz	8eb3ff9e65282a0b3dd8db36a76a0271535f5c836c68b28bce3a27bf48742a6f	2590817	KEEP_UNIQUE_OR_AMBIGUOUS	26	24	2	-	-	-	-	MATCH	-	-	-	-	-
member	experiments/legacy/exp-step5-softpll-lock/EXP-S5-F4B-ARBITRATION-MIXED-SLAVE-CANDIDATE-20260915/raw-transfer/EXP-S5-F4B-ARBITRATION-MIXED-SLAVE-CANDIDATE-20260915.tar.gz	8eb3ff9e65282a0b3dd8db36a76a0271535f5c836c68b28bce3a27bf48742a6f	-	KEEP_UNIQUE_OR_AMBIGUOUS	-	-	-	-	-	-	-	-	raw/l1-dco-liveness-f4b-direct-admission.log	d8992ab477249b0f04d60d2ba0914bfc7f640d02d9ea23803d4436ba279912aa	15012	experiments/legacy/exp-step5-softpll-lock/EXP-S5-F4B-ARBITRATION-MIXED-SLAVE-CANDIDATE-20260915/raw/l1-dco-liveness-f4b-direct-admission.log	MATCHED_TRACKED
member	experiments/legacy/exp-step5-softpll-lock/EXP-S5-F4B-ARBITRATION-MIXED-SLAVE-CANDIDATE-20260915/raw-transfer/EXP-S5-F4B-ARBITRATION-MIXED-SLAVE-CANDIDATE-20260915.tar.gz	8eb3ff9e65282a0b3dd8db36a76a0271535f5c836c68b28bce3a27bf48742a6f	-	KEEP_UNIQUE_OR_AMBIGUOUS	-	-	-	-	-	-	-	-	raw/l1-dco-liveness-f4b-direct-admission-timeline.log	57facf44cd19f83a32514c233531b4f468366b349a8c94d9d0178af9c2d067f9	73	experiments/legacy/exp-step5-softpll-lock/EXP-S5-F4B-ARBITRATION-MIXED-SLAVE-CANDIDATE-20260915/raw/l1-dco-liveness-f4b-direct-admission-timeline.log	MATCHED_TRACKED
member	experiments/legacy/exp-step5-softpll-lock/EXP-S5-F4B-ARBITRATION-MIXED-SLAVE-CANDIDATE-20260915/raw-transfer/EXP-S5-F4B-ARBITRATION-MIXED-SLAVE-CANDIDATE-20260915.tar.gz	8eb3ff9e65282a0b3dd8db36a76a0271535f5c836c68b28bce3a27bf48742a6f	-	KEEP_UNIQUE_OR_AMBIGUOUS	-	-	-	-	-	-	-	-	raw/f4b-arbiter-build-master.log	42168cab444341fefe7d9bf0445c34ce3084f3bddd75752e5933a67dae253a44	256	experiments/legacy/exp-step5-softpll-lock/EXP-S5-F4B-ARBITRATION-MIXED-SLAVE-CANDIDATE-20260915/raw/f4b-arbiter-build-master.log	MATCHED_TRACKED
member	experiments/legacy/exp-step5-softpll-lock/EXP-S5-F4B-ARBITRATION-MIXED-SLAVE-CANDIDATE-20260915/raw-transfer/EXP-S5-F4B-ARBITRATION-MIXED-SLAVE-CANDIDATE-20260915.tar.gz	8eb3ff9e65282a0b3dd8db36a76a0271535f5c836c68b28bce3a27bf48742a6f	-	KEEP_UNIQUE_OR_AMBIGUOUS	-	-	-	-	-	-	-	-	raw/f4b-arbiter-build-slave.log	184d5083611ad67a94723f11ed417da1976d799181553a74ea87a6581db72e25	251	experiments/legacy/exp-step5-softpll-lock/EXP-S5-F4B-ARBITRATION-MIXED-SLAVE-CANDIDATE-20260915/raw/f4b-arbiter-build-slave.log	MATCHED_TRACKED
member	experiments/legacy/exp-step5-softpll-lock/EXP-S5-F4B-ARBITRATION-MIXED-SLAVE-CANDIDATE-20260915/raw-transfer/EXP-S5-F4B-ARBITRATION-MIXED-SLAVE-CANDIDATE-20260915.tar.gz	8eb3ff9e65282a0b3dd8db36a76a0271535f5c836c68b28bce3a27bf48742a6f	-	KEEP_UNIQUE_OR_AMBIGUOUS	-	-	-	-	-	-	-	-	raw/f4b-arbiter-build-timeline.log	3d3eaf5301736846d762c0268b1fafbd98782d60d10eed517854ba49f0d6105c	186	experiments/legacy/exp-step5-softpll-lock/EXP-S5-F4B-ARBITRATION-MIXED-SLAVE-CANDIDATE-20260915/raw/f4b-arbiter-build-timeline.log	MATCHED_TRACKED
member	experiments/legacy/exp-step5-softpll-lock/EXP-S5-F4B-ARBITRATION-MIXED-SLAVE-CANDIDATE-20260915/raw-transfer/EXP-S5-F4B-ARBITRATION-MIXED-SLAVE-CANDIDATE-20260915.tar.gz	8eb3ff9e65282a0b3dd8db36a76a0271535f5c836c68b28bce3a27bf48742a6f	-	KEEP_UNIQUE_OR_AMBIGUOUS	-	-	-	-	-	-	-	-	raw/f4b-arbiter-program-master.log	ad1251fdcae353198445fa208ce186918d6ca0f8d2275aecf703dbc90aa3f568	2236	experiments/legacy/exp-step5-softpll-lock/EXP-S5-F4B-ARBITRATION-MIXED-SLAVE-CANDIDATE-20260915/raw/f4b-arbiter-program-master.log	MATCHED_TRACKED
member	experiments/legacy/exp-step5-softpll-lock/EXP-S5-F4B-ARBITRATION-MIXED-SLAVE-CANDIDATE-20260915/raw-transfer/EXP-S5-F4B-ARBITRATION-MIXED-SLAVE-CANDIDATE-20260915.tar.gz	8eb3ff9e65282a0b3dd8db36a76a0271535f5c836c68b28bce3a27bf48742a6f	-	KEEP_UNIQUE_OR_AMBIGUOUS	-	-	-	-	-	-	-	-	raw/f4b-arbiter-program-slave.log	62b7baf8a9cb3c4c6b38d2b18d782842c539216762584e93af3b87e69f31ee0b	2232	experiments/legacy/exp-step5-softpll-lock/EXP-S5-F4B-ARBITRATION-MIXED-SLAVE-CANDIDATE-20260915/raw/f4b-arbiter-program-slave.log	MATCHED_TRACKED
member	experiments/legacy/exp-step5-softpll-lock/EXP-S5-F4B-ARBITRATION-MIXED-SLAVE-CANDIDATE-20260915/raw-transfer/EXP-S5-F4B-ARBITRATION-MIXED-SLAVE-CANDIDATE-20260915.tar.gz	8eb3ff9e65282a0b3dd8db36a76a0271535f5c836c68b28bce3a27bf48742a6f	-	KEEP_UNIQUE_OR_AMBIGUOUS	-	-	-	-	-	-	-	-	raw/f4b-arbiter-program-timeline.log	a132a0a7a7b93dd8747e95cf44755c6c04a25ffdd98b216bd56cece9dcaf3b9a	141	experiments/legacy/exp-step5-softpll-lock/EXP-S5-F4B-ARBITRATION-MIXED-SLAVE-CANDIDATE-20260915/raw/f4b-arbiter-program-timeline.log	MATCHED_TRACKED
member	experiments/legacy/exp-step5-softpll-lock/EXP-S5-F4B-ARBITRATION-MIXED-SLAVE-CANDIDATE-20260915/raw-transfer/EXP-S5-F4B-ARBITRATION-MIXED-SLAVE-CANDIDATE-20260915.tar.gz	8eb3ff9e65282a0b3dd8db36a76a0271535f5c836c68b28bce3a27bf48742a6f	-	KEEP_UNIQUE_OR_AMBIGUOUS	-	-	-	-	-	-	-	-	raw/f4b-arbiter-settle-timeline.log	74ec2b1210879a04fa64b13f9537c576aba01f1127ffce5d4476150810283887	114	experiments/legacy/exp-step5-softpll-lock/EXP-S5-F4B-ARBITRATION-MIXED-SLAVE-CANDIDATE-20260915/raw/f4b-arbiter-settle-timeline.log	MATCHED_TRACKED
member	experiments/legacy/exp-step5-softpll-lock/EXP-S5-F4B-ARBITRATION-MIXED-SLAVE-CANDIDATE-20260915/raw-transfer/EXP-S5-F4B-ARBITRATION-MIXED-SLAVE-CANDIDATE-20260915.tar.gz	8eb3ff9e65282a0b3dd8db36a76a0271535f5c836c68b28bce3a27bf48742a6f	-	KEEP_UNIQUE_OR_AMBIGUOUS	-	-	-	-	-	-	-	-	raw/f4b-arbiter-preflight-timeline.log	576ee1cf3d423c551126dd5f095d118fa7339e201e2c0684acef1047010d9f13	276	experiments/legacy/exp-step5-softpll-lock/EXP-S5-F4B-ARBITRATION-MIXED-SLAVE-CANDIDATE-20260915/raw/f4b-arbiter-preflight-timeline.log	MATCHED_TRACKED
member	experiments/legacy/exp-step5-softpll-lock/EXP-S5-F4B-ARBITRATION-MIXED-SLAVE-CANDIDATE-20260915/raw-transfer/EXP-S5-F4B-ARBITRATION-MIXED-SLAVE-CANDIDATE-20260915.tar.gz	8eb3ff9e65282a0b3dd8db36a76a0271535f5c836c68b28bce3a27bf48742a6f	-	KEEP_UNIQUE_OR_AMBIGUOUS	-	-	-	-	-	-	-	-	raw/f4b-arbiter-preflight.log	a5e72d6e201465025f80dfdfdf94e5046205a802797dbb61ecbb4207b41de5ce	19662	experiments/legacy/exp-step5-softpll-lock/EXP-S5-F4B-ARBITRATION-MIXED-SLAVE-CANDIDATE-20260915/raw/f4b-arbiter-preflight.log	MATCHED_TRACKED
member	experiments/legacy/exp-step5-softpll-lock/EXP-S5-F4B-ARBITRATION-MIXED-SLAVE-CANDIDATE-20260915/raw-transfer/EXP-S5-F4B-ARBITRATION-MIXED-SLAVE-CANDIDATE-20260915.tar.gz	8eb3ff9e65282a0b3dd8db36a76a0271535f5c836c68b28bce3a27bf48742a6f	-	KEEP_UNIQUE_OR_AMBIGUOUS	-	-	-	-	-	-	-	-	raw/f4b-arbiter-preflight-retry.log	4c892bcde9b2f2509e45c4070ba4375e8c0058a9f77cc55dc33f3eb81b042a78	22098	experiments/legacy/exp-step5-softpll-lock/EXP-S5-F4B-ARBITRATION-MIXED-SLAVE-CANDIDATE-20260915/raw/f4b-arbiter-preflight-retry.log	MATCHED_TRACKED
member	experiments/legacy/exp-step5-softpll-lock/EXP-S5-F4B-ARBITRATION-MIXED-SLAVE-CANDIDATE-20260915/raw-transfer/EXP-S5-F4B-ARBITRATION-MIXED-SLAVE-CANDIDATE-20260915.tar.gz	8eb3ff9e65282a0b3dd8db36a76a0271535f5c836c68b28bce3a27bf48742a6f	-	KEEP_UNIQUE_OR_AMBIGUOUS	-	-	-	-	-	-	-	-	raw/f4b-mixed-git-head.txt	a76907abedefb5e0edd58f157bb761ebd65777f44004b05f326c3eee52b14ec3	41	experiments/legacy/exp-step5-softpll-lock/EXP-S5-F4B-ARBITRATION-MIXED-SLAVE-CANDIDATE-20260915/raw/f4b-mixed-git-head.txt	MATCHED_TRACKED
member	experiments/legacy/exp-step5-softpll-lock/EXP-S5-F4B-ARBITRATION-MIXED-SLAVE-CANDIDATE-20260915/raw-transfer/EXP-S5-F4B-ARBITRATION-MIXED-SLAVE-CANDIDATE-20260915.tar.gz	8eb3ff9e65282a0b3dd8db36a76a0271535f5c836c68b28bce3a27bf48742a6f	-	KEEP_UNIQUE_OR_AMBIGUOUS	-	-	-	-	-	-	-	-	raw/f4b-mixed-git-status.txt	b4d7c4d770d59995b7144ca7c7521e58d77cd3dcf23cc9564ec6d95dbf85f537	8	experiments/legacy/exp-step5-softpll-lock/EXP-S5-F4B-ARBITRATION-MIXED-SLAVE-CANDIDATE-20260915/raw/f4b-mixed-git-status.txt	MATCHED_TRACKED
member	experiments/legacy/exp-step5-softpll-lock/EXP-S5-F4B-ARBITRATION-MIXED-SLAVE-CANDIDATE-20260915/raw-transfer/EXP-S5-F4B-ARBITRATION-MIXED-SLAVE-CANDIDATE-20260915.tar.gz	8eb3ff9e65282a0b3dd8db36a76a0271535f5c836c68b28bce3a27bf48742a6f	-	KEEP_UNIQUE_OR_AMBIGUOUS	-	-	-	-	-	-	-	-	raw/f4b-mixed-image-sha256.txt	840268637bb9b03e9218d4c44e02da24b97950de423df7278f4b69d13e07dfb6	491	experiments/legacy/exp-step5-softpll-lock/EXP-S5-F4B-ARBITRATION-MIXED-SLAVE-CANDIDATE-20260915/raw/f4b-mixed-image-sha256.txt	MATCHED_TRACKED
member	experiments/legacy/exp-step5-softpll-lock/EXP-S5-F4B-ARBITRATION-MIXED-SLAVE-CANDIDATE-20260915/raw-transfer/EXP-S5-F4B-ARBITRATION-MIXED-SLAVE-CANDIDATE-20260915.tar.gz	8eb3ff9e65282a0b3dd8db36a76a0271535f5c836c68b28bce3a27bf48742a6f	-	KEEP_UNIQUE_OR_AMBIGUOUS	-	-	-	-	-	-	-	-	raw/f4b-mixed-collection.txt	cc6e00b9ddff0bc298a1b676dc112070b1265b1e78e6a1b9a4e8d5678608e276	39	experiments/legacy/exp-step5-softpll-lock/EXP-S5-F4B-ARBITRATION-MIXED-SLAVE-CANDIDATE-20260915/raw/f4b-mixed-collection.txt	MATCHED_TRACKED
member	experiments/legacy/exp-step5-softpll-lock/EXP-S5-F4B-ARBITRATION-MIXED-SLAVE-CANDIDATE-20260915/raw-transfer/EXP-S5-F4B-ARBITRATION-MIXED-SLAVE-CANDIDATE-20260915.tar.gz	8eb3ff9e65282a0b3dd8db36a76a0271535f5c836c68b28bce3a27bf48742a6f	-	KEEP_UNIQUE_OR_AMBIGUOUS	-	-	-	-	-	-	-	-	build/build_info_jtag_master.txt	48318dc01ddfc6c29e505c5a3ce0d74a5300ee1229386e0d70c9cd86a982fc96	952	experiments/legacy/exp-step5-softpll-lock/EXP-S5-F4B-ARBITRATION-MIXED-SLAVE-CANDIDATE-20260915/build/build_info_jtag_master.txt	MATCHED_TRACKED
member	experiments/legacy/exp-step5-softpll-lock/EXP-S5-F4B-ARBITRATION-MIXED-SLAVE-CANDIDATE-20260915/raw-transfer/EXP-S5-F4B-ARBITRATION-MIXED-SLAVE-CANDIDATE-20260915.tar.gz	8eb3ff9e65282a0b3dd8db36a76a0271535f5c836c68b28bce3a27bf48742a6f	-	KEEP_UNIQUE_OR_AMBIGUOUS	-	-	-	-	-	-	-	-	build/build_info_jtag_slave.txt	bba99f0c59b7dc3c834a4db5bebf6393b7e055d493bc1d60756057d5e2a1808a	950	experiments/legacy/exp-step5-softpll-lock/EXP-S5-F4B-ARBITRATION-MIXED-SLAVE-CANDIDATE-20260915/build/build_info_jtag_slave.txt	MATCHED_TRACKED
member	experiments/legacy/exp-step5-softpll-lock/EXP-S5-F4B-ARBITRATION-MIXED-SLAVE-CANDIDATE-20260915/raw-transfer/EXP-S5-F4B-ARBITRATION-MIXED-SLAVE-CANDIDATE-20260915.tar.gz	8eb3ff9e65282a0b3dd8db36a76a0271535f5c836c68b28bce3a27bf48742a6f	-	KEEP_UNIQUE_OR_AMBIGUOUS	-	-	-	-	-	-	-	-	build/build_jtag_master.log	1f196887c5c76f3016dd765cc4d411f783a4263022d635af25a9107bb370a693	550707	experiments/legacy/exp-step5-softpll-lock/EXP-S5-F4B-ARBITRATION-MIXED-SLAVE-CANDIDATE-20260915/build/build_jtag_master.log	MATCHED_TRACKED
member	experiments/legacy/exp-step5-softpll-lock/EXP-S5-F4B-ARBITRATION-MIXED-SLAVE-CANDIDATE-20260915/raw-transfer/EXP-S5-F4B-ARBITRATION-MIXED-SLAVE-CANDIDATE-20260915.tar.gz	8eb3ff9e65282a0b3dd8db36a76a0271535f5c836c68b28bce3a27bf48742a6f	-	KEEP_UNIQUE_OR_AMBIGUOUS	-	-	-	-	-	-	-	-	build/build_jtag_slave.log	8e95e81212764a857b670cb0241a90ef9b39f03f7e9ae9bb5727a382fb97027c	578065	experiments/legacy/exp-step5-softpll-lock/EXP-S5-F4B-ARBITRATION-MIXED-SLAVE-CANDIDATE-20260915/build/build_jtag_slave.log	MATCHED_TRACKED
member	experiments/legacy/exp-step5-softpll-lock/EXP-S5-F4B-ARBITRATION-MIXED-SLAVE-CANDIDATE-20260915/raw-transfer/EXP-S5-F4B-ARBITRATION-MIXED-SLAVE-CANDIDATE-20260915.tar.gz	8eb3ff9e65282a0b3dd8db36a76a0271535f5c836c68b28bce3a27bf48742a6f	-	KEEP_UNIQUE_OR_AMBIGUOUS	-	-	-	-	-	-	-	-	build/quartus_jtag_master_compile.log	1f196887c5c76f3016dd765cc4d411f783a4263022d635af25a9107bb370a693	550707	experiments/legacy/exp-step5-softpll-lock/EXP-S5-F4B-ARBITRATION-MIXED-SLAVE-CANDIDATE-20260915/build/quartus_jtag_master_compile.log	MATCHED_TRACKED
member	experiments/legacy/exp-step5-softpll-lock/EXP-S5-F4B-ARBITRATION-MIXED-SLAVE-CANDIDATE-20260915/raw-transfer/EXP-S5-F4B-ARBITRATION-MIXED-SLAVE-CANDIDATE-20260915.tar.gz	8eb3ff9e65282a0b3dd8db36a76a0271535f5c836c68b28bce3a27bf48742a6f	-	KEEP_UNIQUE_OR_AMBIGUOUS	-	-	-	-	-	-	-	-	build/quartus_jtag_slave_compile.log	8e95e81212764a857b670cb0241a90ef9b39f03f7e9ae9bb5727a382fb97027c	578065	experiments/legacy/exp-step5-softpll-lock/EXP-S5-F4B-ARBITRATION-MIXED-SLAVE-CANDIDATE-20260915/build/quartus_jtag_slave_compile.log	MATCHED_TRACKED
member	experiments/legacy/exp-step5-softpll-lock/EXP-S5-F4B-ARBITRATION-MIXED-SLAVE-CANDIDATE-20260915/raw-transfer/EXP-S5-F4B-ARBITRATION-MIXED-SLAVE-CANDIDATE-20260915.tar.gz	8eb3ff9e65282a0b3dd8db36a76a0271535f5c836c68b28bce3a27bf48742a6f	-	KEEP_UNIQUE_OR_AMBIGUOUS	-	-	-	-	-	-	-	-	build/firmware/master/build.log	3cf898322975779805c0630bfc1a5b4ec4d117cd0313b652fffc917141332f4f	94302	experiments/legacy/exp-step5-softpll-lock/EXP-S5-F4B-ARBITRATION-MIXED-SLAVE-CANDIDATE-20260915/build/firmware/master/build.log	MATCHED_TRACKED
member	experiments/legacy/exp-step5-softpll-lock/EXP-S5-F4B-ARBITRATION-MIXED-SLAVE-CANDIDATE-20260915/raw-transfer/EXP-S5-F4B-ARBITRATION-MIXED-SLAVE-CANDIDATE-20260915.tar.gz	8eb3ff9e65282a0b3dd8db36a76a0271535f5c836c68b28bce3a27bf48742a6f	-	KEEP_UNIQUE_OR_AMBIGUOUS	-	-	-	-	-	-	-	-	build/firmware/slave/build.log	7e0e626a403e383c2ad99348a491239d6ddf7ff51738636848bbf23d635733c1	94126	experiments/legacy/exp-step5-softpll-lock/EXP-S5-F4B-ARBITRATION-MIXED-SLAVE-CANDIDATE-20260915/build/firmware/slave/build.log	MATCHED_TRACKED
member	experiments/legacy/exp-step5-softpll-lock/EXP-S5-F4B-ARBITRATION-MIXED-SLAVE-CANDIDATE-20260915/raw-transfer/EXP-S5-F4B-ARBITRATION-MIXED-SLAVE-CANDIDATE-20260915.tar.gz	8eb3ff9e65282a0b3dd8db36a76a0271535f5c836c68b28bce3a27bf48742a6f	-	KEEP_UNIQUE_OR_AMBIGUOUS	-	-	-	-	-	-	-	-	quartus/jtag_runtime_diag/output_files_master_jtag/DE5a_wr_master_jtag.sof	1872645e33d739f0faf0709592c8b4000ede19ed681245af9232e2af6a8ced8d	36809227	experiments/legacy/exp-step5-softpll-lock/EXP-S5-F4B-ARBITRATION-MIXED-SLAVE-CANDIDATE-20260915/quartus/jtag_runtime_diag/output_files_master_jtag/DE5a_wr_master_jtag.sof	MATCHED_UNTRACKED
member	experiments/legacy/exp-step5-softpll-lock/EXP-S5-F4B-ARBITRATION-MIXED-SLAVE-CANDIDATE-20260915/raw-transfer/EXP-S5-F4B-ARBITRATION-MIXED-SLAVE-CANDIDATE-20260915.tar.gz	8eb3ff9e65282a0b3dd8db36a76a0271535f5c836c68b28bce3a27bf48742a6f	-	KEEP_UNIQUE_OR_AMBIGUOUS	-	-	-	-	-	-	-	-	quartus/jtag_runtime_diag/output_files_slave_jtag/DE5a_wr_slave_jtag.sof	68bd76e1933d16fe042bc2eab2bcd14a83fb4e59efb1ec1193a5733d2b88a840	36824114	experiments/legacy/exp-step5-softpll-lock/EXP-S5-F4B-ARBITRATION-MIXED-SLAVE-CANDIDATE-20260915/quartus/jtag_runtime_diag/output_files_slave_jtag/DE5a_wr_slave_jtag.sof	MATCHED_UNTRACKED
archive	experiments/legacy/exp-step5-softpll-lock/EXP-S5-F4B-ARBITRATION-ORDER-20260915/raw-transfer/EXP-S5-F4B-ARBITRATION-ORDER-20260915.tar.gz	29c5faadc7bad42052b3432a5fce543a7ae6cba24a7762acc6248b61075af949	2009	EXACT_DUPLICATE_EXTRACTED	4	4	0	-	-	-	-	MATCH	-	-	-	-	-
member	experiments/legacy/exp-step5-softpll-lock/EXP-S5-F4B-ARBITRATION-ORDER-20260915/raw-transfer/EXP-S5-F4B-ARBITRATION-ORDER-20260915.tar.gz	29c5faadc7bad42052b3432a5fce543a7ae6cba24a7762acc6248b61075af949	-	EXACT_DUPLICATE_EXTRACTED	-	-	-	-	-	-	-	-	raw/l1-dco-liveness-f4b-arbiter.log	a818fad1abb8c6760fa23c88b45d36adbeb62afb78710093a59613b76fae6369	14994	experiments/legacy/exp-step5-softpll-lock/EXP-S5-F4B-ARBITRATION-ORDER-20260915/raw/l1-dco-liveness-f4b-arbiter.log	MATCHED_TRACKED
member	experiments/legacy/exp-step5-softpll-lock/EXP-S5-F4B-ARBITRATION-ORDER-20260915/raw-transfer/EXP-S5-F4B-ARBITRATION-ORDER-20260915.tar.gz	29c5faadc7bad42052b3432a5fce543a7ae6cba24a7762acc6248b61075af949	-	EXACT_DUPLICATE_EXTRACTED	-	-	-	-	-	-	-	-	raw/l1-dco-liveness-f4b-arbiter-timeline.log	1aed29ffcd74e23fd924e7f2df87c7fcbb2ae7b22ce7312463cbe165db35f4a8	115	experiments/legacy/exp-step5-softpll-lock/EXP-S5-F4B-ARBITRATION-ORDER-20260915/raw/l1-dco-liveness-f4b-arbiter-timeline.log	MATCHED_TRACKED
member	experiments/legacy/exp-step5-softpll-lock/EXP-S5-F4B-ARBITRATION-ORDER-20260915/raw-transfer/EXP-S5-F4B-ARBITRATION-ORDER-20260915.tar.gz	29c5faadc7bad42052b3432a5fce543a7ae6cba24a7762acc6248b61075af949	-	EXACT_DUPLICATE_EXTRACTED	-	-	-	-	-	-	-	-	raw/l1-git-head.txt	8d4b4d25d4130a4385e5b2043e376329f82ebb1f1da08fb3fde8060021ccfa70	41	experiments/legacy/exp-step5-softpll-lock/EXP-S5-F4B-ARBITRATION-ORDER-20260915/raw/l1-git-head.txt	MATCHED_TRACKED
member	experiments/legacy/exp-step5-softpll-lock/EXP-S5-F4B-ARBITRATION-ORDER-20260915/raw-transfer/EXP-S5-F4B-ARBITRATION-ORDER-20260915.tar.gz	29c5faadc7bad42052b3432a5fce543a7ae6cba24a7762acc6248b61075af949	-	EXACT_DUPLICATE_EXTRACTED	-	-	-	-	-	-	-	-	raw/l1-git-status.txt	b4d7c4d770d59995b7144ca7c7521e58d77cd3dcf23cc9564ec6d95dbf85f537	8	experiments/legacy/exp-step5-softpll-lock/EXP-S5-F4B-ARBITRATION-ORDER-20260915/raw/l1-git-status.txt	MATCHED_TRACKED
archive	experiments/legacy/exp-step5-softpll-lock/EXP-S5-F4B-SLAVE-ONLY-MAIN-PI-ISOLATION-20260915/raw-transfer/EXP-S5-F4B-SLAVE-ONLY-MAIN-PI-ISOLATION-20260915.tar.gz	6b952b956dbd5554e0aa93769fb6bc19e56fe9920b109cfbf4b4e8d7c523ce8d	2547165	KEEP_UNIQUE_OR_AMBIGUOUS	22	20	2	-	-	-	-	MATCH	-	-	-	-	-
member	experiments/legacy/exp-step5-softpll-lock/EXP-S5-F4B-SLAVE-ONLY-MAIN-PI-ISOLATION-20260915/raw-transfer/EXP-S5-F4B-SLAVE-ONLY-MAIN-PI-ISOLATION-20260915.tar.gz	6b952b956dbd5554e0aa93769fb6bc19e56fe9920b109cfbf4b4e8d7c523ce8d	-	KEEP_UNIQUE_OR_AMBIGUOUS	-	-	-	-	-	-	-	-	raw/program-timeline.log	f71b46d9d49388205adfeb23dafd38064d79a09e8320dae0dc8d00505c220fd9	141	experiments/legacy/exp-step5-softpll-lock/EXP-S5-F4B-SLAVE-ONLY-MAIN-PI-ISOLATION-20260915/raw/program-timeline.log	MATCHED_TRACKED
member	experiments/legacy/exp-step5-softpll-lock/EXP-S5-F4B-SLAVE-ONLY-MAIN-PI-ISOLATION-20260915/raw-transfer/EXP-S5-F4B-SLAVE-ONLY-MAIN-PI-ISOLATION-20260915.tar.gz	6b952b956dbd5554e0aa93769fb6bc19e56fe9920b109cfbf4b4e8d7c523ce8d	-	KEEP_UNIQUE_OR_AMBIGUOUS	-	-	-	-	-	-	-	-	raw/settle-timeline.log	67d6f959382cda7a26f8483416785157839b39bbd2741112d9d3fde6ad6323a7	114	experiments/legacy/exp-step5-softpll-lock/EXP-S5-F4B-SLAVE-ONLY-MAIN-PI-ISOLATION-20260915/raw/settle-timeline.log	MATCHED_TRACKED
member	experiments/legacy/exp-step5-softpll-lock/EXP-S5-F4B-SLAVE-ONLY-MAIN-PI-ISOLATION-20260915/raw-transfer/EXP-S5-F4B-SLAVE-ONLY-MAIN-PI-ISOLATION-20260915.tar.gz	6b952b956dbd5554e0aa93769fb6bc19e56fe9920b109cfbf4b4e8d7c523ce8d	-	KEEP_UNIQUE_OR_AMBIGUOUS	-	-	-	-	-	-	-	-	raw/preflight-timeline.log	b0b5079db26fab4a3d325f57331b1837d72536dd4f9256d78c7ea85e925f59c4	276	experiments/legacy/exp-step5-softpll-lock/EXP-S5-F4B-SLAVE-ONLY-MAIN-PI-ISOLATION-20260915/raw/preflight-timeline.log	MATCHED_TRACKED
member	experiments/legacy/exp-step5-softpll-lock/EXP-S5-F4B-SLAVE-ONLY-MAIN-PI-ISOLATION-20260915/raw-transfer/EXP-S5-F4B-SLAVE-ONLY-MAIN-PI-ISOLATION-20260915.tar.gz	6b952b956dbd5554e0aa93769fb6bc19e56fe9920b109cfbf4b4e8d7c523ce8d	-	KEEP_UNIQUE_OR_AMBIGUOUS	-	-	-	-	-	-	-	-	raw/build-master.log	42168cab444341fefe7d9bf0445c34ce3084f3bddd75752e5933a67dae253a44	256	experiments/legacy/exp-step5-softpll-lock/EXP-S5-F4B-SLAVE-ONLY-MAIN-PI-ISOLATION-20260915/raw/build-master.log	MATCHED_TRACKED
member	experiments/legacy/exp-step5-softpll-lock/EXP-S5-F4B-SLAVE-ONLY-MAIN-PI-ISOLATION-20260915/raw-transfer/EXP-S5-F4B-SLAVE-ONLY-MAIN-PI-ISOLATION-20260915.tar.gz	6b952b956dbd5554e0aa93769fb6bc19e56fe9920b109cfbf4b4e8d7c523ce8d	-	KEEP_UNIQUE_OR_AMBIGUOUS	-	-	-	-	-	-	-	-	raw/build-slave.log	184d5083611ad67a94723f11ed417da1976d799181553a74ea87a6581db72e25	251	experiments/legacy/exp-step5-softpll-lock/EXP-S5-F4B-SLAVE-ONLY-MAIN-PI-ISOLATION-20260915/raw/build-slave.log	MATCHED_TRACKED
member	experiments/legacy/exp-step5-softpll-lock/EXP-S5-F4B-SLAVE-ONLY-MAIN-PI-ISOLATION-20260915/raw-transfer/EXP-S5-F4B-SLAVE-ONLY-MAIN-PI-ISOLATION-20260915.tar.gz	6b952b956dbd5554e0aa93769fb6bc19e56fe9920b109cfbf4b4e8d7c523ce8d	-	KEEP_UNIQUE_OR_AMBIGUOUS	-	-	-	-	-	-	-	-	raw/preflight-wb-runtime.log	bce45a6c7321f53a231d9116530100b53788780e919c777162102d6f4d41cc72	19675	experiments/legacy/exp-step5-softpll-lock/EXP-S5-F4B-SLAVE-ONLY-MAIN-PI-ISOLATION-20260915/raw/preflight-wb-runtime.log	MATCHED_TRACKED
member	experiments/legacy/exp-step5-softpll-lock/EXP-S5-F4B-SLAVE-ONLY-MAIN-PI-ISOLATION-20260915/raw-transfer/EXP-S5-F4B-SLAVE-ONLY-MAIN-PI-ISOLATION-20260915.tar.gz	6b952b956dbd5554e0aa93769fb6bc19e56fe9920b109cfbf4b4e8d7c523ce8d	-	KEEP_UNIQUE_OR_AMBIGUOUS	-	-	-	-	-	-	-	-	raw/git-status.txt	b4d7c4d770d59995b7144ca7c7521e58d77cd3dcf23cc9564ec6d95dbf85f537	8	experiments/legacy/exp-step5-softpll-lock/EXP-S5-F4B-SLAVE-ONLY-MAIN-PI-ISOLATION-20260915/raw/git-status.txt	MATCHED_TRACKED
member	experiments/legacy/exp-step5-softpll-lock/EXP-S5-F4B-SLAVE-ONLY-MAIN-PI-ISOLATION-20260915/raw-transfer/EXP-S5-F4B-SLAVE-ONLY-MAIN-PI-ISOLATION-20260915.tar.gz	6b952b956dbd5554e0aa93769fb6bc19e56fe9920b109cfbf4b4e8d7c523ce8d	-	KEEP_UNIQUE_OR_AMBIGUOUS	-	-	-	-	-	-	-	-	raw/git-head.txt	31477c29c7e668de105a0df30b162fa9c568cd8b709b1cd9a40bb4bc9075992b	107	experiments/legacy/exp-step5-softpll-lock/EXP-S5-F4B-SLAVE-ONLY-MAIN-PI-ISOLATION-20260915/raw/git-head.txt	MATCHED_TRACKED
member	experiments/legacy/exp-step5-softpll-lock/EXP-S5-F4B-SLAVE-ONLY-MAIN-PI-ISOLATION-20260915/raw-transfer/EXP-S5-F4B-SLAVE-ONLY-MAIN-PI-ISOLATION-20260915.tar.gz	6b952b956dbd5554e0aa93769fb6bc19e56fe9920b109cfbf4b4e8d7c523ce8d	-	KEEP_UNIQUE_OR_AMBIGUOUS	-	-	-	-	-	-	-	-	raw/build-timeline.log	35c7d3aca4734838df6c60e9670e8bd6518c5f325ecd1633942ef53011fcedc4	123	experiments/legacy/exp-step5-softpll-lock/EXP-S5-F4B-SLAVE-ONLY-MAIN-PI-ISOLATION-20260915/raw/build-timeline.log	MATCHED_TRACKED
member	experiments/legacy/exp-step5-softpll-lock/EXP-S5-F4B-SLAVE-ONLY-MAIN-PI-ISOLATION-20260915/raw-transfer/EXP-S5-F4B-SLAVE-ONLY-MAIN-PI-ISOLATION-20260915.tar.gz	6b952b956dbd5554e0aa93769fb6bc19e56fe9920b109cfbf4b4e8d7c523ce8d	-	KEEP_UNIQUE_OR_AMBIGUOUS	-	-	-	-	-	-	-	-	raw/program-slave.log	726e291d281d4c1900d219f924c02862ce2f67cb49adb42b93e3ecadc772c95c	2146	experiments/legacy/exp-step5-softpll-lock/EXP-S5-F4B-SLAVE-ONLY-MAIN-PI-ISOLATION-20260915/raw/program-slave.log	MATCHED_TRACKED
member	experiments/legacy/exp-step5-softpll-lock/EXP-S5-F4B-SLAVE-ONLY-MAIN-PI-ISOLATION-20260915/raw-transfer/EXP-S5-F4B-SLAVE-ONLY-MAIN-PI-ISOLATION-20260915.tar.gz	6b952b956dbd5554e0aa93769fb6bc19e56fe9920b109cfbf4b4e8d7c523ce8d	-	KEEP_UNIQUE_OR_AMBIGUOUS	-	-	-	-	-	-	-	-	raw/preflight-wb-runtime-retry.log	66ce1a8bf14f5624d9328cc5c34958f53032ea9871d75c52f6358a26c75585ae	19675	experiments/legacy/exp-step5-softpll-lock/EXP-S5-F4B-SLAVE-ONLY-MAIN-PI-ISOLATION-20260915/raw/preflight-wb-runtime-retry.log	MATCHED_TRACKED
member	experiments/legacy/exp-step5-softpll-lock/EXP-S5-F4B-SLAVE-ONLY-MAIN-PI-ISOLATION-20260915/raw-transfer/EXP-S5-F4B-SLAVE-ONLY-MAIN-PI-ISOLATION-20260915.tar.gz	6b952b956dbd5554e0aa93769fb6bc19e56fe9920b109cfbf4b4e8d7c523ce8d	-	KEEP_UNIQUE_OR_AMBIGUOUS	-	-	-	-	-	-	-	-	raw/collection.txt	df36f63e37492e3cebbb546ba270196ca0ddec907dfcc5d23f3145bba81060f5	39	experiments/legacy/exp-step5-softpll-lock/EXP-S5-F4B-SLAVE-ONLY-MAIN-PI-ISOLATION-20260915/raw/collection.txt	MATCHED_TRACKED
member	experiments/legacy/exp-step5-softpll-lock/EXP-S5-F4B-SLAVE-ONLY-MAIN-PI-ISOLATION-20260915/raw-transfer/EXP-S5-F4B-SLAVE-ONLY-MAIN-PI-ISOLATION-20260915.tar.gz	6b952b956dbd5554e0aa93769fb6bc19e56fe9920b109cfbf4b4e8d7c523ce8d	-	KEEP_UNIQUE_OR_AMBIGUOUS	-	-	-	-	-	-	-	-	raw/image-sha256.txt	2054ca8670a779413bb5293852b05b110eadae68ef1883576aaf3fcf0f866c4f	491	experiments/legacy/exp-step5-softpll-lock/EXP-S5-F4B-SLAVE-ONLY-MAIN-PI-ISOLATION-20260915/raw/image-sha256.txt	MATCHED_TRACKED
member	experiments/legacy/exp-step5-softpll-lock/EXP-S5-F4B-SLAVE-ONLY-MAIN-PI-ISOLATION-20260915/raw-transfer/EXP-S5-F4B-SLAVE-ONLY-MAIN-PI-ISOLATION-20260915.tar.gz	6b952b956dbd5554e0aa93769fb6bc19e56fe9920b109cfbf4b4e8d7c523ce8d	-	KEEP_UNIQUE_OR_AMBIGUOUS	-	-	-	-	-	-	-	-	raw/program-master.log	37b753530b2dcdc5c0f71cb5aedfb8489206453b8110e5f8668d116622d5ae8c	2150	experiments/legacy/exp-step5-softpll-lock/EXP-S5-F4B-SLAVE-ONLY-MAIN-PI-ISOLATION-20260915/raw/program-master.log	MATCHED_TRACKED
member	experiments/legacy/exp-step5-softpll-lock/EXP-S5-F4B-SLAVE-ONLY-MAIN-PI-ISOLATION-20260915/raw-transfer/EXP-S5-F4B-SLAVE-ONLY-MAIN-PI-ISOLATION-20260915.tar.gz	6b952b956dbd5554e0aa93769fb6bc19e56fe9920b109cfbf4b4e8d7c523ce8d	-	KEEP_UNIQUE_OR_AMBIGUOUS	-	-	-	-	-	-	-	-	build/build_info_jtag_master.txt	8e828112370d573ffd4463ecfdce8f2d39305bdea7b1108e5b3deda6897b36fe	952	experiments/legacy/exp-step5-softpll-lock/EXP-S5-F4B-SLAVE-ONLY-MAIN-PI-ISOLATION-20260915/build/build_info_jtag_master.txt	MATCHED_TRACKED
member	experiments/legacy/exp-step5-softpll-lock/EXP-S5-F4B-SLAVE-ONLY-MAIN-PI-ISOLATION-20260915/raw-transfer/EXP-S5-F4B-SLAVE-ONLY-MAIN-PI-ISOLATION-20260915.tar.gz	6b952b956dbd5554e0aa93769fb6bc19e56fe9920b109cfbf4b4e8d7c523ce8d	-	KEEP_UNIQUE_OR_AMBIGUOUS	-	-	-	-	-	-	-	-	build/build_info_jtag_slave.txt	82f6a57f5cd9fd218d68b93cc6bf1309939a152b5715f428bbe8f4d03d725473	949	experiments/legacy/exp-step5-softpll-lock/EXP-S5-F4B-SLAVE-ONLY-MAIN-PI-ISOLATION-20260915/build/build_info_jtag_slave.txt	MATCHED_TRACKED
member	experiments/legacy/exp-step5-softpll-lock/EXP-S5-F4B-SLAVE-ONLY-MAIN-PI-ISOLATION-20260915/raw-transfer/EXP-S5-F4B-SLAVE-ONLY-MAIN-PI-ISOLATION-20260915.tar.gz	6b952b956dbd5554e0aa93769fb6bc19e56fe9920b109cfbf4b4e8d7c523ce8d	-	KEEP_UNIQUE_OR_AMBIGUOUS	-	-	-	-	-	-	-	-	build/build_jtag_master.log	1338b94245c7b546f271f8bf529128c660987753e884eb0ffd745991d9d3cfeb	550705	experiments/legacy/exp-step5-softpll-lock/EXP-S5-F4B-SLAVE-ONLY-MAIN-PI-ISOLATION-20260915/build/build_jtag_master.log	MATCHED_TRACKED
member	experiments/legacy/exp-step5-softpll-lock/EXP-S5-F4B-SLAVE-ONLY-MAIN-PI-ISOLATION-20260915/raw-transfer/EXP-S5-F4B-SLAVE-ONLY-MAIN-PI-ISOLATION-20260915.tar.gz	6b952b956dbd5554e0aa93769fb6bc19e56fe9920b109cfbf4b4e8d7c523ce8d	-	KEEP_UNIQUE_OR_AMBIGUOUS	-	-	-	-	-	-	-	-	build/build_jtag_slave.log	02185180d709335f0e3812128df37bff1b458a033a1199d22eb0b501344d591a	578061	experiments/legacy/exp-step5-softpll-lock/EXP-S5-F4B-SLAVE-ONLY-MAIN-PI-ISOLATION-20260915/build/build_jtag_slave.log	MATCHED_TRACKED
member	experiments/legacy/exp-step5-softpll-lock/EXP-S5-F4B-SLAVE-ONLY-MAIN-PI-ISOLATION-20260915/raw-transfer/EXP-S5-F4B-SLAVE-ONLY-MAIN-PI-ISOLATION-20260915.tar.gz	6b952b956dbd5554e0aa93769fb6bc19e56fe9920b109cfbf4b4e8d7c523ce8d	-	KEEP_UNIQUE_OR_AMBIGUOUS	-	-	-	-	-	-	-	-	build/quartus_jtag_master_compile.log	1338b94245c7b546f271f8bf529128c660987753e884eb0ffd745991d9d3cfeb	550705	experiments/legacy/exp-step5-softpll-lock/EXP-S5-F4B-SLAVE-ONLY-MAIN-PI-ISOLATION-20260915/build/quartus_jtag_master_compile.log	MATCHED_TRACKED
member	experiments/legacy/exp-step5-softpll-lock/EXP-S5-F4B-SLAVE-ONLY-MAIN-PI-ISOLATION-20260915/raw-transfer/EXP-S5-F4B-SLAVE-ONLY-MAIN-PI-ISOLATION-20260915.tar.gz	6b952b956dbd5554e0aa93769fb6bc19e56fe9920b109cfbf4b4e8d7c523ce8d	-	KEEP_UNIQUE_OR_AMBIGUOUS	-	-	-	-	-	-	-	-	build/quartus_jtag_slave_compile.log	02185180d709335f0e3812128df37bff1b458a033a1199d22eb0b501344d591a	578061	experiments/legacy/exp-step5-softpll-lock/EXP-S5-F4B-SLAVE-ONLY-MAIN-PI-ISOLATION-20260915/build/quartus_jtag_slave_compile.log	MATCHED_TRACKED
member	experiments/legacy/exp-step5-softpll-lock/EXP-S5-F4B-SLAVE-ONLY-MAIN-PI-ISOLATION-20260915/raw-transfer/EXP-S5-F4B-SLAVE-ONLY-MAIN-PI-ISOLATION-20260915.tar.gz	6b952b956dbd5554e0aa93769fb6bc19e56fe9920b109cfbf4b4e8d7c523ce8d	-	KEEP_UNIQUE_OR_AMBIGUOUS	-	-	-	-	-	-	-	-	quartus/jtag_runtime_diag/output_files_master_jtag/DE5a_wr_master_jtag.sof	fdc091bb89747c9e90e2b9081647365d09c31cee890bd28c06dc6aed9d1c2a5b	36809227	experiments/legacy/exp-step5-softpll-lock/EXP-S5-F4B-SLAVE-ONLY-MAIN-PI-ISOLATION-20260915/quartus/jtag_runtime_diag/output_files_master_jtag/DE5a_wr_master_jtag.sof	MATCHED_UNTRACKED
member	experiments/legacy/exp-step5-softpll-lock/EXP-S5-F4B-SLAVE-ONLY-MAIN-PI-ISOLATION-20260915/raw-transfer/EXP-S5-F4B-SLAVE-ONLY-MAIN-PI-ISOLATION-20260915.tar.gz	6b952b956dbd5554e0aa93769fb6bc19e56fe9920b109cfbf4b4e8d7c523ce8d	-	KEEP_UNIQUE_OR_AMBIGUOUS	-	-	-	-	-	-	-	-	quartus/jtag_runtime_diag/output_files_slave_jtag/DE5a_wr_slave_jtag.sof	19b9e7086fc5d0d677ed158deadc8ce100d947bf2706d5cc08b7cddf63b67288	36824114	experiments/legacy/exp-step5-softpll-lock/EXP-S5-F4B-SLAVE-ONLY-MAIN-PI-ISOLATION-20260915/quartus/jtag_runtime_diag/output_files_slave_jtag/DE5a_wr_slave_jtag.sof	MATCHED_UNTRACKED
archive	experiments/legacy/exp-step5-softpll-lock/EXP-S5-F4C-MAIN-PHASE-SERVICE-CAUSE-AUDIT-20260915/raw-transfer/EXP-S5-F4C-MAIN-PHASE-SERVICE-CAUSE-AUDIT-20260915-5ba40f84-preflight-blocked.tgz	ca01cfe07081df8cc844fde389f46b15289004059d6a00a0158781b5edb798aa	6588	EXACT_DUPLICATE_EXTRACTED	6	6	0	-	-	-	-	MATCH	-	-	-	-	-
member	experiments/legacy/exp-step5-softpll-lock/EXP-S5-F4C-MAIN-PHASE-SERVICE-CAUSE-AUDIT-20260915/raw-transfer/EXP-S5-F4C-MAIN-PHASE-SERVICE-CAUSE-AUDIT-20260915-5ba40f84-preflight-blocked.tgz	ca01cfe07081df8cc844fde389f46b15289004059d6a00a0158781b5edb798aa	-	EXACT_DUPLICATE_EXTRACTED	-	-	-	-	-	-	-	-	wr-step5-f4c-master-build-5ba40f84.log	b7c4ba0384fc7464cdc366fe4bb69165029c3f2642af6c69bb69368079163b93	280	experiments/legacy/exp-step5-softpll-lock/EXP-S5-F4C-MAIN-PHASE-SERVICE-CAUSE-AUDIT-20260915/raw/wr-step5-f4c-master-build-5ba40f84.log	MATCHED_TRACKED
member	experiments/legacy/exp-step5-softpll-lock/EXP-S5-F4C-MAIN-PHASE-SERVICE-CAUSE-AUDIT-20260915/raw-transfer/EXP-S5-F4C-MAIN-PHASE-SERVICE-CAUSE-AUDIT-20260915-5ba40f84-preflight-blocked.tgz	ca01cfe07081df8cc844fde389f46b15289004059d6a00a0158781b5edb798aa	-	EXACT_DUPLICATE_EXTRACTED	-	-	-	-	-	-	-	-	wr-step5-f4c-slave-build-5ba40f84.log	94fba69811b50bcb24d13ede228b83141147ec3a99900c734638bdaffcc7d586	275	experiments/legacy/exp-step5-softpll-lock/EXP-S5-F4C-MAIN-PHASE-SERVICE-CAUSE-AUDIT-20260915/raw/wr-step5-f4c-slave-build-5ba40f84.log	MATCHED_TRACKED
member	experiments/legacy/exp-step5-softpll-lock/EXP-S5-F4C-MAIN-PHASE-SERVICE-CAUSE-AUDIT-20260915/raw-transfer/EXP-S5-F4C-MAIN-PHASE-SERVICE-CAUSE-AUDIT-20260915-5ba40f84-preflight-blocked.tgz	ca01cfe07081df8cc844fde389f46b15289004059d6a00a0158781b5edb798aa	-	EXACT_DUPLICATE_EXTRACTED	-	-	-	-	-	-	-	-	wr-step5-f4c-master-program-5ba40f84.log	1c02e897fa39d099f4f29f38d10a11107b6bafe726e2c56d2d8e973567fa8041	2260	experiments/legacy/exp-step5-softpll-lock/EXP-S5-F4C-MAIN-PHASE-SERVICE-CAUSE-AUDIT-20260915/raw/wr-step5-f4c-master-program-5ba40f84.log	MATCHED_TRACKED
member	experiments/legacy/exp-step5-softpll-lock/EXP-S5-F4C-MAIN-PHASE-SERVICE-CAUSE-AUDIT-20260915/raw-transfer/EXP-S5-F4C-MAIN-PHASE-SERVICE-CAUSE-AUDIT-20260915-5ba40f84-preflight-blocked.tgz	ca01cfe07081df8cc844fde389f46b15289004059d6a00a0158781b5edb798aa	-	EXACT_DUPLICATE_EXTRACTED	-	-	-	-	-	-	-	-	wr-step5-f4c-slave-program-5ba40f84.log	7c5e81cd3fbb9d39ded5f641d5eaccf59cfe3fd01162b6f8ee8d928b86a24d73	2256	experiments/legacy/exp-step5-softpll-lock/EXP-S5-F4C-MAIN-PHASE-SERVICE-CAUSE-AUDIT-20260915/raw/wr-step5-f4c-slave-program-5ba40f84.log	MATCHED_TRACKED
member	experiments/legacy/exp-step5-softpll-lock/EXP-S5-F4C-MAIN-PHASE-SERVICE-CAUSE-AUDIT-20260915/raw-transfer/EXP-S5-F4C-MAIN-PHASE-SERVICE-CAUSE-AUDIT-20260915-5ba40f84-preflight-blocked.tgz	ca01cfe07081df8cc844fde389f46b15289004059d6a00a0158781b5edb798aa	-	EXACT_DUPLICATE_EXTRACTED	-	-	-	-	-	-	-	-	wr-step5-f4c-preflight-5ba40f84.log	17f00aad149ed6089c44a760797eb06c60dd8dab336ab2c863cd00a4e1dc50f7	19690	experiments/legacy/exp-step5-softpll-lock/EXP-S5-F4C-MAIN-PHASE-SERVICE-CAUSE-AUDIT-20260915/raw/wr-step5-f4c-preflight-5ba40f84.log	MATCHED_TRACKED
member	experiments/legacy/exp-step5-softpll-lock/EXP-S5-F4C-MAIN-PHASE-SERVICE-CAUSE-AUDIT-20260915/raw-transfer/EXP-S5-F4C-MAIN-PHASE-SERVICE-CAUSE-AUDIT-20260915-5ba40f84-preflight-blocked.tgz	ca01cfe07081df8cc844fde389f46b15289004059d6a00a0158781b5edb798aa	-	EXACT_DUPLICATE_EXTRACTED	-	-	-	-	-	-	-	-	wr-step5-f4c-preflight-retry-5ba40f84.log	aafa9314325b11e8d9bf695d0ec0e30d55e441583378977256049660a92911e5	19793	experiments/legacy/exp-step5-softpll-lock/EXP-S5-F4C-MAIN-PHASE-SERVICE-CAUSE-AUDIT-20260915/raw/wr-step5-f4c-preflight-retry-5ba40f84.log	MATCHED_TRACKED
archive	experiments/legacy/exp-step5-softpll-lock/EXP-S5-F4D-UPSTREAM-GATE-SESSION-AUDIT-20260915/raw-transfer/EXP-S5-F4D-UPSTREAM-GATE-SESSION-AUDIT-20260915-79380a35-observer-error.tgz	6e961413fefa1a0c5fc33619f0041ce44533c05a0373c096ba5705393a761714	1824	EXACT_DUPLICATE_EXTRACTED	4	4	0	-	-	-	-	MATCH	-	-	-	-	-
member	experiments/legacy/exp-step5-softpll-lock/EXP-S5-F4D-UPSTREAM-GATE-SESSION-AUDIT-20260915/raw-transfer/EXP-S5-F4D-UPSTREAM-GATE-SESSION-AUDIT-20260915-79380a35-observer-error.tgz	6e961413fefa1a0c5fc33619f0041ce44533c05a0373c096ba5705393a761714	-	EXACT_DUPLICATE_EXTRACTED	-	-	-	-	-	-	-	-	tmp/wr-step5-f4d-master-build-79380a35.log	d0dcfff7ba90caed49d58094cb1eb3c8e1af1ed3aa67a3fc1dd8812b96868173	298	experiments/legacy/exp-step5-softpll-lock/EXP-S5-F4D-UPSTREAM-GATE-SESSION-AUDIT-20260915/raw/attempt-79380a35-observer-error/tmp/wr-step5-f4d-master-build-79380a35.log	MATCHED_TRACKED
member	experiments/legacy/exp-step5-softpll-lock/EXP-S5-F4D-UPSTREAM-GATE-SESSION-AUDIT-20260915/raw-transfer/EXP-S5-F4D-UPSTREAM-GATE-SESSION-AUDIT-20260915-79380a35-observer-error.tgz	6e961413fefa1a0c5fc33619f0041ce44533c05a0373c096ba5705393a761714	-	EXACT_DUPLICATE_EXTRACTED	-	-	-	-	-	-	-	-	tmp/wr-step5-f4d-master-program-79380a35.log	1d958155abba2d7065c264f34e191f368e759f95a89ac5ad779ae704707f74e4	36	experiments/legacy/exp-step5-softpll-lock/EXP-S5-F4D-UPSTREAM-GATE-SESSION-AUDIT-20260915/raw/attempt-79380a35-observer-error/tmp/wr-step5-f4d-master-program-79380a35.log	MATCHED_TRACKED
member	experiments/legacy/exp-step5-softpll-lock/EXP-S5-F4D-UPSTREAM-GATE-SESSION-AUDIT-20260915/raw-transfer/EXP-S5-F4D-UPSTREAM-GATE-SESSION-AUDIT-20260915-79380a35-observer-error.tgz	6e961413fefa1a0c5fc33619f0041ce44533c05a0373c096ba5705393a761714	-	EXACT_DUPLICATE_EXTRACTED	-	-	-	-	-	-	-	-	tmp/wr-step5-f4d-slave-build-79380a35.log	a9a1af0e06574c31c5820c43830db82456f1558e71c324bc765975e40b4b28dc	293	experiments/legacy/exp-step5-softpll-lock/EXP-S5-F4D-UPSTREAM-GATE-SESSION-AUDIT-20260915/raw/attempt-79380a35-observer-error/tmp/wr-step5-f4d-slave-build-79380a35.log	MATCHED_TRACKED
member	experiments/legacy/exp-step5-softpll-lock/EXP-S5-F4D-UPSTREAM-GATE-SESSION-AUDIT-20260915/raw-transfer/EXP-S5-F4D-UPSTREAM-GATE-SESSION-AUDIT-20260915-79380a35-observer-error.tgz	6e961413fefa1a0c5fc33619f0041ce44533c05a0373c096ba5705393a761714	-	EXACT_DUPLICATE_EXTRACTED	-	-	-	-	-	-	-	-	tmp/wr-step5-f4d-timeline-79380a35.log	cefbbe54abee7f93c7d961f561611cfd1b48f33e07925353ca958b82bcd14b7d	4148	experiments/legacy/exp-step5-softpll-lock/EXP-S5-F4D-UPSTREAM-GATE-SESSION-AUDIT-20260915/raw/attempt-79380a35-observer-error/tmp/wr-step5-f4d-timeline-79380a35.log	MATCHED_TRACKED
archive	experiments/legacy/exp-step5-softpll-lock/EXP-S5-F4D-UPSTREAM-GATE-SESSION-AUDIT-20260915/raw-transfer/EXP-S5-F4D-UPSTREAM-GATE-SESSION-AUDIT-20260915-7cc73976-observer-error.tgz	9c01f1ffdbd6d0e7b3a9fed1eb70f86b6ff863c8c9fc8cb8531a93d1eb9eea87	2531	EXACT_DUPLICATE_EXTRACTED	6	6	0	-	-	-	-	MATCH	-	-	-	-	-
member	experiments/legacy/exp-step5-softpll-lock/EXP-S5-F4D-UPSTREAM-GATE-SESSION-AUDIT-20260915/raw-transfer/EXP-S5-F4D-UPSTREAM-GATE-SESSION-AUDIT-20260915-7cc73976-observer-error.tgz	9c01f1ffdbd6d0e7b3a9fed1eb70f86b6ff863c8c9fc8cb8531a93d1eb9eea87	-	EXACT_DUPLICATE_EXTRACTED	-	-	-	-	-	-	-	-	wr-step5-f4d-syntax-7cc73976.log	ca9559dd5e6c6403c87318090d18ac16e3f7bf0961ff9db61e5cad8db2421152	2624	experiments/legacy/exp-step5-softpll-lock/EXP-S5-F4D-UPSTREAM-GATE-SESSION-AUDIT-20260915/raw/attempt-7cc73976-observer-runtime-error/wr-step5-f4d-syntax-7cc73976.log	MATCHED_TRACKED
member	experiments/legacy/exp-step5-softpll-lock/EXP-S5-F4D-UPSTREAM-GATE-SESSION-AUDIT-20260915/raw-transfer/EXP-S5-F4D-UPSTREAM-GATE-SESSION-AUDIT-20260915-7cc73976-observer-error.tgz	9c01f1ffdbd6d0e7b3a9fed1eb70f86b6ff863c8c9fc8cb8531a93d1eb9eea87	-	EXACT_DUPLICATE_EXTRACTED	-	-	-	-	-	-	-	-	wr-step5-f4d-master-build-7cc73976.log	39e7d9571a1e3c0f09ccb5ea8e2211cd25e6c68c3e36e35f369d494d46b798e1	298	experiments/legacy/exp-step5-softpll-lock/EXP-S5-F4D-UPSTREAM-GATE-SESSION-AUDIT-20260915/raw/attempt-7cc73976-observer-runtime-error/wr-step5-f4d-master-build-7cc73976.log	MATCHED_TRACKED
member	experiments/legacy/exp-step5-softpll-lock/EXP-S5-F4D-UPSTREAM-GATE-SESSION-AUDIT-20260915/raw-transfer/EXP-S5-F4D-UPSTREAM-GATE-SESSION-AUDIT-20260915-7cc73976-observer-error.tgz	9c01f1ffdbd6d0e7b3a9fed1eb70f86b6ff863c8c9fc8cb8531a93d1eb9eea87	-	EXACT_DUPLICATE_EXTRACTED	-	-	-	-	-	-	-	-	wr-step5-f4d-slave-build-7cc73976.log	7992625b3c0849ea6b9a2d1a2c2234ade71e0ab4259f49bdad94fe22441b9685	293	experiments/legacy/exp-step5-softpll-lock/EXP-S5-F4D-UPSTREAM-GATE-SESSION-AUDIT-20260915/raw/attempt-7cc73976-observer-runtime-error/wr-step5-f4d-slave-build-7cc73976.log	MATCHED_TRACKED
member	experiments/legacy/exp-step5-softpll-lock/EXP-S5-F4D-UPSTREAM-GATE-SESSION-AUDIT-20260915/raw-transfer/EXP-S5-F4D-UPSTREAM-GATE-SESSION-AUDIT-20260915-7cc73976-observer-error.tgz	9c01f1ffdbd6d0e7b3a9fed1eb70f86b6ff863c8c9fc8cb8531a93d1eb9eea87	-	EXACT_DUPLICATE_EXTRACTED	-	-	-	-	-	-	-	-	wr-step5-f4d-master-program-7cc73976.log	3497047a5f6ec9a05b1f9dc9a33c48f51db426e9c069e0ef92ac3f41bd4db1e0	2278	experiments/legacy/exp-step5-softpll-lock/EXP-S5-F4D-UPSTREAM-GATE-SESSION-AUDIT-20260915/raw/attempt-7cc73976-observer-runtime-error/wr-step5-f4d-master-program-7cc73976.log	MATCHED_TRACKED
member	experiments/legacy/exp-step5-softpll-lock/EXP-S5-F4D-UPSTREAM-GATE-SESSION-AUDIT-20260915/raw-transfer/EXP-S5-F4D-UPSTREAM-GATE-SESSION-AUDIT-20260915-7cc73976-observer-error.tgz	9c01f1ffdbd6d0e7b3a9fed1eb70f86b6ff863c8c9fc8cb8531a93d1eb9eea87	-	EXACT_DUPLICATE_EXTRACTED	-	-	-	-	-	-	-	-	wr-step5-f4d-slave-program-7cc73976.log	8c0545384ade955ba9f9c1825a0de36abd20da7b11c530a5071ef477dce7b514	2274	experiments/legacy/exp-step5-softpll-lock/EXP-S5-F4D-UPSTREAM-GATE-SESSION-AUDIT-20260915/raw/attempt-7cc73976-observer-runtime-error/wr-step5-f4d-slave-program-7cc73976.log	MATCHED_TRACKED
member	experiments/legacy/exp-step5-softpll-lock/EXP-S5-F4D-UPSTREAM-GATE-SESSION-AUDIT-20260915/raw-transfer/EXP-S5-F4D-UPSTREAM-GATE-SESSION-AUDIT-20260915-7cc73976-observer-error.tgz	9c01f1ffdbd6d0e7b3a9fed1eb70f86b6ff863c8c9fc8cb8531a93d1eb9eea87	-	EXACT_DUPLICATE_EXTRACTED	-	-	-	-	-	-	-	-	wr-step5-f4d-timeline-7cc73976.log	597fb746ec44816a92249c1c83c9d536a8ccd11cf5bc3b819b6b849f6e9a65e9	4346	experiments/legacy/exp-step5-softpll-lock/EXP-S5-F4D-UPSTREAM-GATE-SESSION-AUDIT-20260915/raw/attempt-7cc73976-observer-runtime-error/wr-step5-f4d-timeline-7cc73976.log	MATCHED_TRACKED
archive	experiments/legacy/exp-step5-softpll-lock/EXP-S5-F4D-UPSTREAM-GATE-SESSION-AUDIT-20260915/raw-transfer/EXP-S5-F4D-UPSTREAM-GATE-SESSION-AUDIT-20260915-9e010847-runtime.tgz	44d5c57f0e728974bf8a1f080cd31bf8deb5a0d1a2838585ba1e599b1bf25574	9074	EXACT_DUPLICATE_EXTRACTED	5	5	0	-	-	-	-	MATCH	-	-	-	-	-
member	experiments/legacy/exp-step5-softpll-lock/EXP-S5-F4D-UPSTREAM-GATE-SESSION-AUDIT-20260915/raw-transfer/EXP-S5-F4D-UPSTREAM-GATE-SESSION-AUDIT-20260915-9e010847-runtime.tgz	44d5c57f0e728974bf8a1f080cd31bf8deb5a0d1a2838585ba1e599b1bf25574	-	EXACT_DUPLICATE_EXTRACTED	-	-	-	-	-	-	-	-	tmp/wr-step5-f4d-timeline-9e010847.log	4a1d46f3f98ab87aed5b4e076d5d5201622f797c27ce4b6bd4c8c13c5170696d	489498	experiments/legacy/exp-step5-softpll-lock/EXP-S5-F4D-UPSTREAM-GATE-SESSION-AUDIT-20260915/raw/attempt-9e010847/tmp/wr-step5-f4d-timeline-9e010847.log	MATCHED_TRACKED
member	experiments/legacy/exp-step5-softpll-lock/EXP-S5-F4D-UPSTREAM-GATE-SESSION-AUDIT-20260915/raw-transfer/EXP-S5-F4D-UPSTREAM-GATE-SESSION-AUDIT-20260915-9e010847-runtime.tgz	44d5c57f0e728974bf8a1f080cd31bf8deb5a0d1a2838585ba1e599b1bf25574	-	EXACT_DUPLICATE_EXTRACTED	-	-	-	-	-	-	-	-	tmp/wr-step5-f4d-build-master-9e010847.log	4e720fbad0307ba475f98a0f2579c0f5e14fb189532a759a7ee2b1a865d2e024	298	experiments/legacy/exp-step5-softpll-lock/EXP-S5-F4D-UPSTREAM-GATE-SESSION-AUDIT-20260915/raw/attempt-9e010847/tmp/wr-step5-f4d-build-master-9e010847.log	MATCHED_TRACKED
member	experiments/legacy/exp-step5-softpll-lock/EXP-S5-F4D-UPSTREAM-GATE-SESSION-AUDIT-20260915/raw-transfer/EXP-S5-F4D-UPSTREAM-GATE-SESSION-AUDIT-20260915-9e010847-runtime.tgz	44d5c57f0e728974bf8a1f080cd31bf8deb5a0d1a2838585ba1e599b1bf25574	-	EXACT_DUPLICATE_EXTRACTED	-	-	-	-	-	-	-	-	tmp/wr-step5-f4d-build-slave-9e010847.log	f1ceb1925a0de56792a9586075d8e807612a438707552bcb7d18714be9aa777d	293	experiments/legacy/exp-step5-softpll-lock/EXP-S5-F4D-UPSTREAM-GATE-SESSION-AUDIT-20260915/raw/attempt-9e010847/tmp/wr-step5-f4d-build-slave-9e010847.log	MATCHED_TRACKED
member	experiments/legacy/exp-step5-softpll-lock/EXP-S5-F4D-UPSTREAM-GATE-SESSION-AUDIT-20260915/raw-transfer/EXP-S5-F4D-UPSTREAM-GATE-SESSION-AUDIT-20260915-9e010847-runtime.tgz	44d5c57f0e728974bf8a1f080cd31bf8deb5a0d1a2838585ba1e599b1bf25574	-	EXACT_DUPLICATE_EXTRACTED	-	-	-	-	-	-	-	-	tmp/wr-step5-f4d-program-master-9e010847.log	35eede8c0e8d5499c12de18b8f063059bcb8306cfee84084b960ab0dff965841	2278	experiments/legacy/exp-step5-softpll-lock/EXP-S5-F4D-UPSTREAM-GATE-SESSION-AUDIT-20260915/raw/attempt-9e010847/tmp/wr-step5-f4d-program-master-9e010847.log	MATCHED_TRACKED
member	experiments/legacy/exp-step5-softpll-lock/EXP-S5-F4D-UPSTREAM-GATE-SESSION-AUDIT-20260915/raw-transfer/EXP-S5-F4D-UPSTREAM-GATE-SESSION-AUDIT-20260915-9e010847-runtime.tgz	44d5c57f0e728974bf8a1f080cd31bf8deb5a0d1a2838585ba1e599b1bf25574	-	EXACT_DUPLICATE_EXTRACTED	-	-	-	-	-	-	-	-	tmp/wr-step5-f4d-program-slave-9e010847.log	6798a484945b4c5d2cf98ded7ddbe9af89a66d6f411c4ab503e21b73ce4c0569	2274	experiments/legacy/exp-step5-softpll-lock/EXP-S5-F4D-UPSTREAM-GATE-SESSION-AUDIT-20260915/raw/attempt-9e010847/tmp/wr-step5-f4d-program-slave-9e010847.log	MATCHED_TRACKED
archive	experiments/legacy/exp-step5-softpll-lock/EXP-S5-F4D-UPSTREAM-GATE-SESSION-AUDIT-20260915/raw-transfer/EXP-S5-F4D-UPSTREAM-GATE-SESSION-AUDIT-20260915-e5e9cfb2-jtag-runtime.tgz	bdbfc7cd4561397c9a3e9ac1fb0c5af39c7fa554fd8c4d1120a3a358ee5210f7	15164	EXACT_DUPLICATE_EXTRACTED	5	5	0	-	-	-	-	MATCH	-	-	-	-	-
member	experiments/legacy/exp-step5-softpll-lock/EXP-S5-F4D-UPSTREAM-GATE-SESSION-AUDIT-20260915/raw-transfer/EXP-S5-F4D-UPSTREAM-GATE-SESSION-AUDIT-20260915-e5e9cfb2-jtag-runtime.tgz	bdbfc7cd4561397c9a3e9ac1fb0c5af39c7fa554fd8c4d1120a3a358ee5210f7	-	EXACT_DUPLICATE_EXTRACTED	-	-	-	-	-	-	-	-	tmp/wr-step5-f4d-timeline-jtag-e5e9cfb2.log	4b68e4ff4fa2451a9456d02ee27ff84804421e66f68f9564d57d3332467775ca	268419	experiments/legacy/exp-step5-softpll-lock/EXP-S5-F4D-UPSTREAM-GATE-SESSION-AUDIT-20260915/raw/attempt-e5e9cfb2-jtag-runtime/tmp/wr-step5-f4d-timeline-jtag-e5e9cfb2.log	MATCHED_TRACKED
member	experiments/legacy/exp-step5-softpll-lock/EXP-S5-F4D-UPSTREAM-GATE-SESSION-AUDIT-20260915/raw-transfer/EXP-S5-F4D-UPSTREAM-GATE-SESSION-AUDIT-20260915-e5e9cfb2-jtag-runtime.tgz	bdbfc7cd4561397c9a3e9ac1fb0c5af39c7fa554fd8c4d1120a3a358ee5210f7	-	EXACT_DUPLICATE_EXTRACTED	-	-	-	-	-	-	-	-	tmp/wr-step5-f4d-build-jtag-master-e5e9cfb2.log	d0dcfff7ba90caed49d58094cb1eb3c8e1af1ed3aa67a3fc1dd8812b96868173	298	experiments/legacy/exp-step5-softpll-lock/EXP-S5-F4D-UPSTREAM-GATE-SESSION-AUDIT-20260915/raw/attempt-e5e9cfb2-jtag-runtime/tmp/wr-step5-f4d-build-jtag-master-e5e9cfb2.log	MATCHED_TRACKED
member	experiments/legacy/exp-step5-softpll-lock/EXP-S5-F4D-UPSTREAM-GATE-SESSION-AUDIT-20260915/raw-transfer/EXP-S5-F4D-UPSTREAM-GATE-SESSION-AUDIT-20260915-e5e9cfb2-jtag-runtime.tgz	bdbfc7cd4561397c9a3e9ac1fb0c5af39c7fa554fd8c4d1120a3a358ee5210f7	-	EXACT_DUPLICATE_EXTRACTED	-	-	-	-	-	-	-	-	tmp/wr-step5-f4d-build-jtag-slave-e5e9cfb2.log	a9a1af0e06574c31c5820c43830db82456f1558e71c324bc765975e40b4b28dc	293	experiments/legacy/exp-step5-softpll-lock/EXP-S5-F4D-UPSTREAM-GATE-SESSION-AUDIT-20260915/raw/attempt-e5e9cfb2-jtag-runtime/tmp/wr-step5-f4d-build-jtag-slave-e5e9cfb2.log	MATCHED_TRACKED
member	experiments/legacy/exp-step5-softpll-lock/EXP-S5-F4D-UPSTREAM-GATE-SESSION-AUDIT-20260915/raw-transfer/EXP-S5-F4D-UPSTREAM-GATE-SESSION-AUDIT-20260915-e5e9cfb2-jtag-runtime.tgz	bdbfc7cd4561397c9a3e9ac1fb0c5af39c7fa554fd8c4d1120a3a358ee5210f7	-	EXACT_DUPLICATE_EXTRACTED	-	-	-	-	-	-	-	-	tmp/wr-step5-f4d-program-jtag-master-e5e9cfb2.log	3be274611766af29f5b497d8c1546c45518e583f1c8a91464ed46d781587751d	2278	experiments/legacy/exp-step5-softpll-lock/EXP-S5-F4D-UPSTREAM-GATE-SESSION-AUDIT-20260915/raw/attempt-e5e9cfb2-jtag-runtime/tmp/wr-step5-f4d-program-jtag-master-e5e9cfb2.log	MATCHED_TRACKED
member	experiments/legacy/exp-step5-softpll-lock/EXP-S5-F4D-UPSTREAM-GATE-SESSION-AUDIT-20260915/raw-transfer/EXP-S5-F4D-UPSTREAM-GATE-SESSION-AUDIT-20260915-e5e9cfb2-jtag-runtime.tgz	bdbfc7cd4561397c9a3e9ac1fb0c5af39c7fa554fd8c4d1120a3a358ee5210f7	-	EXACT_DUPLICATE_EXTRACTED	-	-	-	-	-	-	-	-	tmp/wr-step5-f4d-program-jtag-slave-e5e9cfb2.log	e9d3a32045d2afcdf7724c4915da90e5b52341ebbe3aed64a6adbb0649cf9fac	2274	experiments/legacy/exp-step5-softpll-lock/EXP-S5-F4D-UPSTREAM-GATE-SESSION-AUDIT-20260915/raw/attempt-e5e9cfb2-jtag-runtime/tmp/wr-step5-f4d-program-jtag-slave-e5e9cfb2.log	MATCHED_TRACKED
archive	experiments/legacy/exp-step5-softpll-lock/EXP-S5-F4D-UPSTREAM-GATE-SESSION-AUDIT-20260915/raw-transfer/EXP-S5-F4D-UPSTREAM-GATE-SESSION-AUDIT-20260915-e5e9cfb2-rs422-runtime.tgz	0eba8b0a2ddb0a7bb630b5713804ca2a758ce7e3d9cef9601ac155939a10b037	9895	EXACT_DUPLICATE_EXTRACTED	6	6	0	-	-	-	-	MATCH	-	-	-	-	-
member	experiments/legacy/exp-step5-softpll-lock/EXP-S5-F4D-UPSTREAM-GATE-SESSION-AUDIT-20260915/raw-transfer/EXP-S5-F4D-UPSTREAM-GATE-SESSION-AUDIT-20260915-e5e9cfb2-rs422-runtime.tgz	0eba8b0a2ddb0a7bb630b5713804ca2a758ce7e3d9cef9601ac155939a10b037	-	EXACT_DUPLICATE_EXTRACTED	-	-	-	-	-	-	-	-	tmp/wr-step5-f4d-timeline-e5e9cfb2.log	bef0943bdc87bb67e9209b6d72a054e0455501afe4e7b5d5ae97763a37ef471f	489498	experiments/legacy/exp-step5-softpll-lock/EXP-S5-F4D-UPSTREAM-GATE-SESSION-AUDIT-20260915/raw/attempt-e5e9cfb2-rs422/tmp/wr-step5-f4d-timeline-e5e9cfb2.log	MATCHED_TRACKED
member	experiments/legacy/exp-step5-softpll-lock/EXP-S5-F4D-UPSTREAM-GATE-SESSION-AUDIT-20260915/raw-transfer/EXP-S5-F4D-UPSTREAM-GATE-SESSION-AUDIT-20260915-e5e9cfb2-rs422-runtime.tgz	0eba8b0a2ddb0a7bb630b5713804ca2a758ce7e3d9cef9601ac155939a10b037	-	EXACT_DUPLICATE_EXTRACTED	-	-	-	-	-	-	-	-	tmp/wr-step5-f4d-build-master-e5e9cfb2.log	4e720fbad0307ba475f98a0f2579c0f5e14fb189532a759a7ee2b1a865d2e024	298	experiments/legacy/exp-step5-softpll-lock/EXP-S5-F4D-UPSTREAM-GATE-SESSION-AUDIT-20260915/raw/attempt-e5e9cfb2-rs422/tmp/wr-step5-f4d-build-master-e5e9cfb2.log	MATCHED_TRACKED
member	experiments/legacy/exp-step5-softpll-lock/EXP-S5-F4D-UPSTREAM-GATE-SESSION-AUDIT-20260915/raw-transfer/EXP-S5-F4D-UPSTREAM-GATE-SESSION-AUDIT-20260915-e5e9cfb2-rs422-runtime.tgz	0eba8b0a2ddb0a7bb630b5713804ca2a758ce7e3d9cef9601ac155939a10b037	-	EXACT_DUPLICATE_EXTRACTED	-	-	-	-	-	-	-	-	tmp/wr-step5-f4d-build-slave-e5e9cfb2.log	f1ceb1925a0de56792a9586075d8e807612a438707552bcb7d18714be9aa777d	293	experiments/legacy/exp-step5-softpll-lock/EXP-S5-F4D-UPSTREAM-GATE-SESSION-AUDIT-20260915/raw/attempt-e5e9cfb2-rs422/tmp/wr-step5-f4d-build-slave-e5e9cfb2.log	MATCHED_TRACKED
member	experiments/legacy/exp-step5-softpll-lock/EXP-S5-F4D-UPSTREAM-GATE-SESSION-AUDIT-20260915/raw-transfer/EXP-S5-F4D-UPSTREAM-GATE-SESSION-AUDIT-20260915-e5e9cfb2-rs422-runtime.tgz	0eba8b0a2ddb0a7bb630b5713804ca2a758ce7e3d9cef9601ac155939a10b037	-	EXACT_DUPLICATE_EXTRACTED	-	-	-	-	-	-	-	-	tmp/wr-step5-f4d-program-master-e5e9cfb2.log	07ecfc653b3be030452404e9e0f306dc20feb9a8f8fba36031b76fdab95af8ca	2278	experiments/legacy/exp-step5-softpll-lock/EXP-S5-F4D-UPSTREAM-GATE-SESSION-AUDIT-20260915/raw/attempt-e5e9cfb2-rs422/tmp/wr-step5-f4d-program-master-e5e9cfb2.log	MATCHED_TRACKED
member	experiments/legacy/exp-step5-softpll-lock/EXP-S5-F4D-UPSTREAM-GATE-SESSION-AUDIT-20260915/raw-transfer/EXP-S5-F4D-UPSTREAM-GATE-SESSION-AUDIT-20260915-e5e9cfb2-rs422-runtime.tgz	0eba8b0a2ddb0a7bb630b5713804ca2a758ce7e3d9cef9601ac155939a10b037	-	EXACT_DUPLICATE_EXTRACTED	-	-	-	-	-	-	-	-	tmp/wr-step5-f4d-program-slave-e5e9cfb2.log	13e2e1b19e7405fcea5828e31e61a5f3e0207509641b80c63865152aed51d669	2274	experiments/legacy/exp-step5-softpll-lock/EXP-S5-F4D-UPSTREAM-GATE-SESSION-AUDIT-20260915/raw/attempt-e5e9cfb2-rs422/tmp/wr-step5-f4d-program-slave-e5e9cfb2.log	MATCHED_TRACKED
member	experiments/legacy/exp-step5-softpll-lock/EXP-S5-F4D-UPSTREAM-GATE-SESSION-AUDIT-20260915/raw-transfer/EXP-S5-F4D-UPSTREAM-GATE-SESSION-AUDIT-20260915-e5e9cfb2-rs422-runtime.tgz	0eba8b0a2ddb0a7bb630b5713804ca2a758ce7e3d9cef9601ac155939a10b037	-	EXACT_DUPLICATE_EXTRACTED	-	-	-	-	-	-	-	-	tmp/wr-step5-f4d-mailbox-sanity-e5e9cfb2.log	5755350ac9decb7c7335399e5be8bf50e837571cc5e2e03aff37995f2a4e7026	2940	experiments/legacy/exp-step5-softpll-lock/EXP-S5-F4D-UPSTREAM-GATE-SESSION-AUDIT-20260915/raw/attempt-e5e9cfb2-rs422/tmp/wr-step5-f4d-mailbox-sanity-e5e9cfb2.log	MATCHED_TRACKED
archive	experiments/legacy/exp-step5-softpll-lock/EXP-S5-F4F-HELPER-MEASUREMENT-CONTRACT-AUDIT-20260915/raw/f4f-failed-observer.tgz	1568f026c4b4882fa25a4fd27392a9545a642533ff61b98ee751fc03ec783a17	4698	EXACT_DUPLICATE_EXTRACTED	5	5	0	-	-	-	-	MATCH	-	-	-	-	-
member	experiments/legacy/exp-step5-softpll-lock/EXP-S5-F4F-HELPER-MEASUREMENT-CONTRACT-AUDIT-20260915/raw/f4f-failed-observer.tgz	1568f026c4b4882fa25a4fd27392a9545a642533ff61b98ee751fc03ec783a17	-	EXACT_DUPLICATE_EXTRACTED	-	-	-	-	-	-	-	-	observer.log	7d84a82023183c677cfb72a8f99fc9c8413052d9c31ac47f99b7fbec3bf603e8	49888	experiments/legacy/exp-step5-softpll-lock/EXP-S5-F4F-HELPER-MEASUREMENT-CONTRACT-AUDIT-20260915/raw/attempt-29535064-jtag-runtime/tmp/observer.log	MATCHED_TRACKED
member	experiments/legacy/exp-step5-softpll-lock/EXP-S5-F4F-HELPER-MEASUREMENT-CONTRACT-AUDIT-20260915/raw/f4f-failed-observer.tgz	1568f026c4b4882fa25a4fd27392a9545a642533ff61b98ee751fc03ec783a17	-	EXACT_DUPLICATE_EXTRACTED	-	-	-	-	-	-	-	-	build-jtag-master.log	d0dcfff7ba90caed49d58094cb1eb3c8e1af1ed3aa67a3fc1dd8812b96868173	298	experiments/legacy/exp-step5-softpll-lock/EXP-S5-F4F-HELPER-MEASUREMENT-CONTRACT-AUDIT-20260915/raw/attempt-29535064-jtag-runtime/tmp/build-jtag-master.log	MATCHED_TRACKED
member	experiments/legacy/exp-step5-softpll-lock/EXP-S5-F4F-HELPER-MEASUREMENT-CONTRACT-AUDIT-20260915/raw/f4f-failed-observer.tgz	1568f026c4b4882fa25a4fd27392a9545a642533ff61b98ee751fc03ec783a17	-	EXACT_DUPLICATE_EXTRACTED	-	-	-	-	-	-	-	-	build-jtag-slave.log	a9a1af0e06574c31c5820c43830db82456f1558e71c324bc765975e40b4b28dc	293	experiments/legacy/exp-step5-softpll-lock/EXP-S5-F4F-HELPER-MEASUREMENT-CONTRACT-AUDIT-20260915/raw/attempt-29535064-jtag-runtime/tmp/build-jtag-slave.log	MATCHED_TRACKED
member	experiments/legacy/exp-step5-softpll-lock/EXP-S5-F4F-HELPER-MEASUREMENT-CONTRACT-AUDIT-20260915/raw/f4f-failed-observer.tgz	1568f026c4b4882fa25a4fd27392a9545a642533ff61b98ee751fc03ec783a17	-	EXACT_DUPLICATE_EXTRACTED	-	-	-	-	-	-	-	-	program-jtag-master.log	cdff5178a3817983789824d6321d1e30cb8be3bd22cd6edf774c12da94ca07da	2278	experiments/legacy/exp-step5-softpll-lock/EXP-S5-F4F-HELPER-MEASUREMENT-CONTRACT-AUDIT-20260915/raw/attempt-29535064-jtag-runtime/tmp/program-jtag-master.log	MATCHED_TRACKED
member	experiments/legacy/exp-step5-softpll-lock/EXP-S5-F4F-HELPER-MEASUREMENT-CONTRACT-AUDIT-20260915/raw/f4f-failed-observer.tgz	1568f026c4b4882fa25a4fd27392a9545a642533ff61b98ee751fc03ec783a17	-	EXACT_DUPLICATE_EXTRACTED	-	-	-	-	-	-	-	-	program-jtag-slave.log	3f59de5996bb99cc0746fcab47fd0a9b4a6e7a4374c15b74ba19ab9b47d2f477	2274	experiments/legacy/exp-step5-softpll-lock/EXP-S5-F4F-HELPER-MEASUREMENT-CONTRACT-AUDIT-20260915/raw/attempt-29535064-jtag-runtime/tmp/program-jtag-slave.log	MATCHED_TRACKED
archive	experiments/legacy/exp-step5-softpll-lock/EXP-S5-F4F-HELPER-MEASUREMENT-CONTRACT-AUDIT-20260915/raw/f4f-successful-capture.tgz	d12c54fca34fee0a316bee579cb446961c834abcbf823e74ed42038ab166d52f	54922	EXACT_DUPLICATE_EXTRACTED	5	5	0	-	-	-	-	MATCH	-	-	-	-	-
member	experiments/legacy/exp-step5-softpll-lock/EXP-S5-F4F-HELPER-MEASUREMENT-CONTRACT-AUDIT-20260915/raw/f4f-successful-capture.tgz	d12c54fca34fee0a316bee579cb446961c834abcbf823e74ed42038ab166d52f	-	EXACT_DUPLICATE_EXTRACTED	-	-	-	-	-	-	-	-	observer.log	43282d7b79a2bc847f9f41d3cf45cdf438a1f0d87a587757bbc1f44b53b1637d	523964	experiments/legacy/exp-step5-softpll-lock/EXP-S5-F4F-HELPER-MEASUREMENT-CONTRACT-AUDIT-20260915/raw/attempt-e550e57d-f4f-jtag-runtime/tmp/observer.log	MATCHED_TRACKED
member	experiments/legacy/exp-step5-softpll-lock/EXP-S5-F4F-HELPER-MEASUREMENT-CONTRACT-AUDIT-20260915/raw/f4f-successful-capture.tgz	d12c54fca34fee0a316bee579cb446961c834abcbf823e74ed42038ab166d52f	-	EXACT_DUPLICATE_EXTRACTED	-	-	-	-	-	-	-	-	build-jtag-master.log	d0dcfff7ba90caed49d58094cb1eb3c8e1af1ed3aa67a3fc1dd8812b96868173	298	experiments/legacy/exp-step5-softpll-lock/EXP-S5-F4F-HELPER-MEASUREMENT-CONTRACT-AUDIT-20260915/raw/attempt-29535064-jtag-runtime/tmp/build-jtag-master.log	MATCHED_TRACKED
member	experiments/legacy/exp-step5-softpll-lock/EXP-S5-F4F-HELPER-MEASUREMENT-CONTRACT-AUDIT-20260915/raw/f4f-successful-capture.tgz	d12c54fca34fee0a316bee579cb446961c834abcbf823e74ed42038ab166d52f	-	EXACT_DUPLICATE_EXTRACTED	-	-	-	-	-	-	-	-	build-jtag-slave.log	a9a1af0e06574c31c5820c43830db82456f1558e71c324bc765975e40b4b28dc	293	experiments/legacy/exp-step5-softpll-lock/EXP-S5-F4F-HELPER-MEASUREMENT-CONTRACT-AUDIT-20260915/raw/attempt-29535064-jtag-runtime/tmp/build-jtag-slave.log	MATCHED_TRACKED
member	experiments/legacy/exp-step5-softpll-lock/EXP-S5-F4F-HELPER-MEASUREMENT-CONTRACT-AUDIT-20260915/raw/f4f-successful-capture.tgz	d12c54fca34fee0a316bee579cb446961c834abcbf823e74ed42038ab166d52f	-	EXACT_DUPLICATE_EXTRACTED	-	-	-	-	-	-	-	-	program-jtag-master.log	6933f87e43bb7359417c25cb4ef7e648fedfd11f0bb9bc4ed3c375ad430aacb1	2278	experiments/legacy/exp-step5-softpll-lock/EXP-S5-F4F-HELPER-MEASUREMENT-CONTRACT-AUDIT-20260915/raw/attempt-e550e57d-f4f-jtag-runtime/tmp/program-jtag-master.log	MATCHED_TRACKED
member	experiments/legacy/exp-step5-softpll-lock/EXP-S5-F4F-HELPER-MEASUREMENT-CONTRACT-AUDIT-20260915/raw/f4f-successful-capture.tgz	d12c54fca34fee0a316bee579cb446961c834abcbf823e74ed42038ab166d52f	-	EXACT_DUPLICATE_EXTRACTED	-	-	-	-	-	-	-	-	program-jtag-slave.log	f551f8febce74bd71e03e11891a76660f23306a1ad033fb1562df7a0d0ba0327	2274	experiments/legacy/exp-step5-softpll-lock/EXP-S5-F4F-HELPER-MEASUREMENT-CONTRACT-AUDIT-20260915/raw/attempt-e550e57d-f4f-jtag-runtime/tmp/program-jtag-slave.log	MATCHED_TRACKED
archive	experiments/legacy/exp-step5-softpll-lock/EXP-S5-F4G-COMPACT-HELPER-MAIN-SERVICE-WINDOW-20260915/raw/attempt-3708d85-f4g-jtag-runtime.tgz	74d17102d854cbfa50b30db90982f11374d84b426d87401eefe500b15513b8db	58325	EXACT_DUPLICATE_EXTRACTED	2	2	0	-	-	-	-	MATCH	-	-	-	-	-
member	experiments/legacy/exp-step5-softpll-lock/EXP-S5-F4G-COMPACT-HELPER-MAIN-SERVICE-WINDOW-20260915/raw/attempt-3708d85-f4g-jtag-runtime.tgz	74d17102d854cbfa50b30db90982f11374d84b426d87401eefe500b15513b8db	-	EXACT_DUPLICATE_EXTRACTED	-	-	-	-	-	-	-	-	raw/attempt-3708d85-f4g-jtag-runtime/observer.log	be9e24dac855a0e3c0b7858feae8fcb5f041d4138cc6eb9505869fd20fae94d7	821951	experiments/legacy/exp-step5-softpll-lock/EXP-S5-F4G-COMPACT-HELPER-MAIN-SERVICE-WINDOW-20260915/raw/attempt-3708d85-f4g-jtag-runtime/observer.log	MATCHED_TRACKED
member	experiments/legacy/exp-step5-softpll-lock/EXP-S5-F4G-COMPACT-HELPER-MAIN-SERVICE-WINDOW-20260915/raw/attempt-3708d85-f4g-jtag-runtime.tgz	74d17102d854cbfa50b30db90982f11374d84b426d87401eefe500b15513b8db	-	EXACT_DUPLICATE_EXTRACTED	-	-	-	-	-	-	-	-	raw/attempt-3708d85-f4g-jtag-runtime/sof.sha256	26109a089c255dacb58bf557f6abb8e97b609f97669a9b7b672361b6f9a02c7e	280	experiments/legacy/exp-step5-softpll-lock/EXP-S5-F4G-COMPACT-HELPER-MAIN-SERVICE-WINDOW-20260915/raw/attempt-3708d85-f4g-jtag-runtime/sof.sha256	MATCHED_TRACKED
archive	experiments/legacy/exp-step5-softpll-lock/EXP-S5-F4H-PHY-STATUS-SOURCE-FIX-RETEST-20260916/raw/attempt-898b041-f4h-jtag-runtime.tgz	a525dfd0202ed42e1c1eccb4234d4505bc4c286ac89ebeff2d63b3b149d87352	68351	EXACT_DUPLICATE_EXTRACTED	6	6	0	-	-	-	-	MATCH	-	-	-	-	-
member	experiments/legacy/exp-step5-softpll-lock/EXP-S5-F4H-PHY-STATUS-SOURCE-FIX-RETEST-20260916/raw/attempt-898b041-f4h-jtag-runtime.tgz	a525dfd0202ed42e1c1eccb4234d4505bc4c286ac89ebeff2d63b3b149d87352	-	EXACT_DUPLICATE_EXTRACTED	-	-	-	-	-	-	-	-	raw/attempt-898b041-f4h-jtag-runtime/build-master.log	d0dcfff7ba90caed49d58094cb1eb3c8e1af1ed3aa67a3fc1dd8812b96868173	298	experiments/legacy/exp-step5-softpll-lock/EXP-S5-F4H-PHY-STATUS-SOURCE-FIX-RETEST-20260916/raw/attempt-898b041-f4h-jtag-runtime/build-master.log	MATCHED_TRACKED
member	experiments/legacy/exp-step5-softpll-lock/EXP-S5-F4H-PHY-STATUS-SOURCE-FIX-RETEST-20260916/raw/attempt-898b041-f4h-jtag-runtime.tgz	a525dfd0202ed42e1c1eccb4234d4505bc4c286ac89ebeff2d63b3b149d87352	-	EXACT_DUPLICATE_EXTRACTED	-	-	-	-	-	-	-	-	raw/attempt-898b041-f4h-jtag-runtime/build-slave.log	a9a1af0e06574c31c5820c43830db82456f1558e71c324bc765975e40b4b28dc	293	experiments/legacy/exp-step5-softpll-lock/EXP-S5-F4H-PHY-STATUS-SOURCE-FIX-RETEST-20260916/raw/attempt-898b041-f4h-jtag-runtime/build-slave.log	MATCHED_TRACKED
member	experiments/legacy/exp-step5-softpll-lock/EXP-S5-F4H-PHY-STATUS-SOURCE-FIX-RETEST-20260916/raw/attempt-898b041-f4h-jtag-runtime.tgz	a525dfd0202ed42e1c1eccb4234d4505bc4c286ac89ebeff2d63b3b149d87352	-	EXACT_DUPLICATE_EXTRACTED	-	-	-	-	-	-	-	-	raw/attempt-898b041-f4h-jtag-runtime/observer.log	ecda10c94009513d27129f06217b51c600990f663680a4d87ab9b559809b7f84	976798	experiments/legacy/exp-step5-softpll-lock/EXP-S5-F4H-PHY-STATUS-SOURCE-FIX-RETEST-20260916/raw/attempt-898b041-f4h-jtag-runtime/observer.log	MATCHED_TRACKED
member	experiments/legacy/exp-step5-softpll-lock/EXP-S5-F4H-PHY-STATUS-SOURCE-FIX-RETEST-20260916/raw/attempt-898b041-f4h-jtag-runtime.tgz	a525dfd0202ed42e1c1eccb4234d4505bc4c286ac89ebeff2d63b3b149d87352	-	EXACT_DUPLICATE_EXTRACTED	-	-	-	-	-	-	-	-	raw/attempt-898b041-f4h-jtag-runtime/smoke.log	0b7b9889169a6a22d57f7796f7f05d896bebb2e8cede6134a58f0a1583353b95	13969	experiments/legacy/exp-step5-softpll-lock/EXP-S5-F4H-PHY-STATUS-SOURCE-FIX-RETEST-20260916/raw/attempt-898b041-f4h-jtag-runtime/smoke.log	MATCHED_TRACKED
member	experiments/legacy/exp-step5-softpll-lock/EXP-S5-F4H-PHY-STATUS-SOURCE-FIX-RETEST-20260916/raw/attempt-898b041-f4h-jtag-runtime.tgz	a525dfd0202ed42e1c1eccb4234d4505bc4c286ac89ebeff2d63b3b149d87352	-	EXACT_DUPLICATE_EXTRACTED	-	-	-	-	-	-	-	-	raw/attempt-898b041-f4h-jtag-runtime/program-slave.log	dde255e8144d35cc4d1aec79217be615f6161de56b407cf279f65b2a0fa72d49	2274	experiments/legacy/exp-step5-softpll-lock/EXP-S5-F4H-PHY-STATUS-SOURCE-FIX-RETEST-20260916/raw/attempt-898b041-f4h-jtag-runtime/program-slave.log	MATCHED_TRACKED
member	experiments/legacy/exp-step5-softpll-lock/EXP-S5-F4H-PHY-STATUS-SOURCE-FIX-RETEST-20260916/raw/attempt-898b041-f4h-jtag-runtime.tgz	a525dfd0202ed42e1c1eccb4234d4505bc4c286ac89ebeff2d63b3b149d87352	-	EXACT_DUPLICATE_EXTRACTED	-	-	-	-	-	-	-	-	raw/attempt-898b041-f4h-jtag-runtime/program-master.log	ceb9a480e3da2ba47aa3a9d36158285b19015169e705f8571d78efb84b1fee09	2278	experiments/legacy/exp-step5-softpll-lock/EXP-S5-F4H-PHY-STATUS-SOURCE-FIX-RETEST-20260916/raw/attempt-898b041-f4h-jtag-runtime/program-master.log	MATCHED_TRACKED
archive	experiments/legacy/exp-step5-softpll-lock/EXP-S5-F4I-MAIN-FREQUENCY-PHASE-HANDOFF-AUDIT-20260916/raw/attempt-a67fee3-f4i-jtag-runtime/archive.tgz	dcde493da372932cf55916d498bef893c8ebd5f6f0f6f624a78f7767492bc436	61207	EXACT_DUPLICATE_EXTRACTED	5	5	0	-	-	-	-	MATCH	-	-	-	-	-
member	experiments/legacy/exp-step5-softpll-lock/EXP-S5-F4I-MAIN-FREQUENCY-PHASE-HANDOFF-AUDIT-20260916/raw/attempt-a67fee3-f4i-jtag-runtime/archive.tgz	dcde493da372932cf55916d498bef893c8ebd5f6f0f6f624a78f7767492bc436	-	EXACT_DUPLICATE_EXTRACTED	-	-	-	-	-	-	-	-	build-master.log	d0dcfff7ba90caed49d58094cb1eb3c8e1af1ed3aa67a3fc1dd8812b96868173	298	experiments/legacy/exp-step5-softpll-lock/EXP-S5-F4I-MAIN-FREQUENCY-PHASE-HANDOFF-AUDIT-20260916/raw/attempt-a67fee3-f4i-jtag-runtime/build-master.log	MATCHED_TRACKED
member	experiments/legacy/exp-step5-softpll-lock/EXP-S5-F4I-MAIN-FREQUENCY-PHASE-HANDOFF-AUDIT-20260916/raw/attempt-a67fee3-f4i-jtag-runtime/archive.tgz	dcde493da372932cf55916d498bef893c8ebd5f6f0f6f624a78f7767492bc436	-	EXACT_DUPLICATE_EXTRACTED	-	-	-	-	-	-	-	-	build-slave.log	a9a1af0e06574c31c5820c43830db82456f1558e71c324bc765975e40b4b28dc	293	experiments/legacy/exp-step5-softpll-lock/EXP-S5-F4I-MAIN-FREQUENCY-PHASE-HANDOFF-AUDIT-20260916/raw/attempt-a67fee3-f4i-jtag-runtime/build-slave.log	MATCHED_TRACKED
member	experiments/legacy/exp-step5-softpll-lock/EXP-S5-F4I-MAIN-FREQUENCY-PHASE-HANDOFF-AUDIT-20260916/raw/attempt-a67fee3-f4i-jtag-runtime/archive.tgz	dcde493da372932cf55916d498bef893c8ebd5f6f0f6f624a78f7767492bc436	-	EXACT_DUPLICATE_EXTRACTED	-	-	-	-	-	-	-	-	sof.sha256	156d2673ee12de3730ef4e9a40bbc862a782614b4e1c97b982bdffe5f5c6f760	280	experiments/legacy/exp-step5-softpll-lock/EXP-S5-F4I-MAIN-FREQUENCY-PHASE-HANDOFF-AUDIT-20260916/raw/attempt-a67fee3-f4i-jtag-runtime/sof.sha256	MATCHED_TRACKED
member	experiments/legacy/exp-step5-softpll-lock/EXP-S5-F4I-MAIN-FREQUENCY-PHASE-HANDOFF-AUDIT-20260916/raw/attempt-a67fee3-f4i-jtag-runtime/archive.tgz	dcde493da372932cf55916d498bef893c8ebd5f6f0f6f624a78f7767492bc436	-	EXACT_DUPLICATE_EXTRACTED	-	-	-	-	-	-	-	-	smoke.log	55307aaeed31696f8ade4c504e4161df5ba728f9d1af3c0a8e88b8ac544af491	37529	experiments/legacy/exp-step5-softpll-lock/EXP-S5-F4I-MAIN-FREQUENCY-PHASE-HANDOFF-AUDIT-20260916/raw/attempt-a67fee3-f4i-jtag-runtime/smoke.log	MATCHED_TRACKED
member	experiments/legacy/exp-step5-softpll-lock/EXP-S5-F4I-MAIN-FREQUENCY-PHASE-HANDOFF-AUDIT-20260916/raw/attempt-a67fee3-f4i-jtag-runtime/archive.tgz	dcde493da372932cf55916d498bef893c8ebd5f6f0f6f624a78f7767492bc436	-	EXACT_DUPLICATE_EXTRACTED	-	-	-	-	-	-	-	-	formal.log	c2da4c61c931c0e021ee4b872471c26c0256905b637e9bd7f78ae800fec3d5f0	799281	experiments/legacy/exp-step5-softpll-lock/EXP-S5-F4I-MAIN-FREQUENCY-PHASE-HANDOFF-AUDIT-20260916/raw/attempt-a67fee3-f4i-jtag-runtime/formal.log	MATCHED_TRACKED
archive	experiments/legacy/exp-step5-softpll-lock/EXP-WRPC-STEP5-COARSE-TO-FINE-FDEC-POLARITY-ORIGIN-4096-20260908/raw/EXP-WRPC-STEP5-COARSE-TO-FINE-FDEC-POLARITY-ORIGIN-4096-20260908.tar.gz	a4ec5319e9ee790dc74f4844eb89d17940dd009c9e1f316167776960e55f7316	57022	EXACT_DUPLICATE_EXTRACTED	12	12	0	-	-	experiments/legacy/exp-step5-softpll-lock/EXP-WRPC-STEP5-COARSE-TO-FINE-FDEC-POLARITY-ORIGIN-4096-20260908/raw/EXP-WRPC-STEP5-COARSE-TO-FINE-FDEC-POLARITY-ORIGIN-4096-20260908.tar.gz.sha256	56a0c6d874095df2511a042a0ce9ee4a5e18587c5958c9525c4b16f99897d5c7	MATCH	-	-	-	-	-
member	experiments/legacy/exp-step5-softpll-lock/EXP-WRPC-STEP5-COARSE-TO-FINE-FDEC-POLARITY-ORIGIN-4096-20260908/raw/EXP-WRPC-STEP5-COARSE-TO-FINE-FDEC-POLARITY-ORIGIN-4096-20260908.tar.gz	a4ec5319e9ee790dc74f4844eb89d17940dd009c9e1f316167776960e55f7316	-	EXACT_DUPLICATE_EXTRACTED	-	-	-	-	-	-	-	-	identity.txt	5710f69f97a2f7b149c0dfea1cb871bf72aa20266b3c47bcdc09c4bb269cd00a	89	experiments/legacy/exp-step5-softpll-lock/EXP-WRPC-STEP5-COARSE-TO-FINE-FDEC-POLARITY-ORIGIN-4096-20260908/raw/identity.txt	MATCHED_TRACKED
member	experiments/legacy/exp-step5-softpll-lock/EXP-WRPC-STEP5-COARSE-TO-FINE-FDEC-POLARITY-ORIGIN-4096-20260908/raw/EXP-WRPC-STEP5-COARSE-TO-FINE-FDEC-POLARITY-ORIGIN-4096-20260908.tar.gz	a4ec5319e9ee790dc74f4844eb89d17940dd009c9e1f316167776960e55f7316	-	EXACT_DUPLICATE_EXTRACTED	-	-	-	-	-	-	-	-	simulation.log	b4e34bb0b94dff232174767e134a966af4449549fe3e69fb76c895fc88721166	471	experiments/legacy/exp-step5-softpll-lock/EXP-WRPC-STEP5-COARSE-TO-FINE-FDEC-POLARITY-ORIGIN-4096-20260908/raw/simulation.log	MATCHED_TRACKED
member	experiments/legacy/exp-step5-softpll-lock/EXP-WRPC-STEP5-COARSE-TO-FINE-FDEC-POLARITY-ORIGIN-4096-20260908/raw/EXP-WRPC-STEP5-COARSE-TO-FINE-FDEC-POLARITY-ORIGIN-4096-20260908.tar.gz	a4ec5319e9ee790dc74f4844eb89d17940dd009c9e1f316167776960e55f7316	-	EXACT_DUPLICATE_EXTRACTED	-	-	-	-	-	-	-	-	firmware-master.log	6e3a18b33ce6a4e97fd0113db73043dd869bbc76e4490bab25918d45df130f54	151	experiments/legacy/exp-step5-softpll-lock/EXP-WRPC-STEP5-COARSE-TO-FINE-FDEC-POLARITY-ORIGIN-4096-20260908/raw/firmware-master.log	MATCHED_TRACKED
member	experiments/legacy/exp-step5-softpll-lock/EXP-WRPC-STEP5-COARSE-TO-FINE-FDEC-POLARITY-ORIGIN-4096-20260908/raw/EXP-WRPC-STEP5-COARSE-TO-FINE-FDEC-POLARITY-ORIGIN-4096-20260908.tar.gz	a4ec5319e9ee790dc74f4844eb89d17940dd009c9e1f316167776960e55f7316	-	EXACT_DUPLICATE_EXTRACTED	-	-	-	-	-	-	-	-	firmware-slave.log	542715a6066e2bcb59826c153e8f7f91bcab66870fc4334df8a5c8f4ea076347	149	experiments/legacy/exp-step5-softpll-lock/EXP-WRPC-STEP5-COARSE-TO-FINE-FDEC-POLARITY-ORIGIN-4096-20260908/raw/firmware-slave.log	MATCHED_TRACKED
member	experiments/legacy/exp-step5-softpll-lock/EXP-WRPC-STEP5-COARSE-TO-FINE-FDEC-POLARITY-ORIGIN-4096-20260908/raw/EXP-WRPC-STEP5-COARSE-TO-FINE-FDEC-POLARITY-ORIGIN-4096-20260908.tar.gz	a4ec5319e9ee790dc74f4844eb89d17940dd009c9e1f316167776960e55f7316	-	EXACT_DUPLICATE_EXTRACTED	-	-	-	-	-	-	-	-	compile-master.log	fbd8b844c91961a2b279cd19acdcc26f13d4d9afda7e786dbadce5975207dcd1	227	experiments/legacy/exp-step5-softpll-lock/EXP-WRPC-STEP5-COARSE-TO-FINE-FDEC-POLARITY-ORIGIN-4096-20260908/raw/compile-master.log	MATCHED_TRACKED
member	experiments/legacy/exp-step5-softpll-lock/EXP-WRPC-STEP5-COARSE-TO-FINE-FDEC-POLARITY-ORIGIN-4096-20260908/raw/EXP-WRPC-STEP5-COARSE-TO-FINE-FDEC-POLARITY-ORIGIN-4096-20260908.tar.gz	a4ec5319e9ee790dc74f4844eb89d17940dd009c9e1f316167776960e55f7316	-	EXACT_DUPLICATE_EXTRACTED	-	-	-	-	-	-	-	-	compile-slave.log	2336cb2187c25ee092925f7b5f857731bd7b2e4fe1c4756f7f49a5edf20f9fd4	224	experiments/legacy/exp-step5-softpll-lock/EXP-WRPC-STEP5-COARSE-TO-FINE-FDEC-POLARITY-ORIGIN-4096-20260908/raw/compile-slave.log	MATCHED_TRACKED
member	experiments/legacy/exp-step5-softpll-lock/EXP-WRPC-STEP5-COARSE-TO-FINE-FDEC-POLARITY-ORIGIN-4096-20260908/raw/EXP-WRPC-STEP5-COARSE-TO-FINE-FDEC-POLARITY-ORIGIN-4096-20260908.tar.gz	a4ec5319e9ee790dc74f4844eb89d17940dd009c9e1f316167776960e55f7316	-	EXACT_DUPLICATE_EXTRACTED	-	-	-	-	-	-	-	-	sof-sha256.txt	1c9a9e6ec659a7d3bf7849763077ff73913582c2c2eae48f9d3672dde99edf45	488	experiments/legacy/exp-step5-softpll-lock/EXP-WRPC-STEP5-COARSE-TO-FINE-FDEC-POLARITY-ORIGIN-4096-20260908/raw/sof-sha256.txt	MATCHED_TRACKED
member	experiments/legacy/exp-step5-softpll-lock/EXP-WRPC-STEP5-COARSE-TO-FINE-FDEC-POLARITY-ORIGIN-4096-20260908/raw/EXP-WRPC-STEP5-COARSE-TO-FINE-FDEC-POLARITY-ORIGIN-4096-20260908.tar.gz	a4ec5319e9ee790dc74f4844eb89d17940dd009c9e1f316167776960e55f7316	-	EXACT_DUPLICATE_EXTRACTED	-	-	-	-	-	-	-	-	program-master.log	0f7a40729e59585a5a879a14f702bf01c3689c1f93541404826757a6039fff6d	2388	experiments/legacy/exp-step5-softpll-lock/EXP-WRPC-STEP5-COARSE-TO-FINE-FDEC-POLARITY-ORIGIN-4096-20260908/raw/program-master.log	MATCHED_TRACKED
member	experiments/legacy/exp-step5-softpll-lock/EXP-WRPC-STEP5-COARSE-TO-FINE-FDEC-POLARITY-ORIGIN-4096-20260908/raw/EXP-WRPC-STEP5-COARSE-TO-FINE-FDEC-POLARITY-ORIGIN-4096-20260908.tar.gz	a4ec5319e9ee790dc74f4844eb89d17940dd009c9e1f316167776960e55f7316	-	EXACT_DUPLICATE_EXTRACTED	-	-	-	-	-	-	-	-	program-slave.log	cf8d2e50d1d03cc74fc6c128f6c7cb51c6dc434308f33e523b0f5830fd807cde	2384	experiments/legacy/exp-step5-softpll-lock/EXP-WRPC-STEP5-COARSE-TO-FINE-FDEC-POLARITY-ORIGIN-4096-20260908/raw/program-slave.log	MATCHED_TRACKED
member	experiments/legacy/exp-step5-softpll-lock/EXP-WRPC-STEP5-COARSE-TO-FINE-FDEC-POLARITY-ORIGIN-4096-20260908/raw/EXP-WRPC-STEP5-COARSE-TO-FINE-FDEC-POLARITY-ORIGIN-4096-20260908.tar.gz	a4ec5319e9ee790dc74f4844eb89d17940dd009c9e1f316167776960e55f7316	-	EXACT_DUPLICATE_EXTRACTED	-	-	-	-	-	-	-	-	preflight-1.log	22d1fc983fdac27a7c37cc6718f08b219084806b0c299879cddbb7c5424b814c	19896	experiments/legacy/exp-step5-softpll-lock/EXP-WRPC-STEP5-COARSE-TO-FINE-FDEC-POLARITY-ORIGIN-4096-20260908/raw/preflight-1.log	MATCHED_TRACKED
member	experiments/legacy/exp-step5-softpll-lock/EXP-WRPC-STEP5-COARSE-TO-FINE-FDEC-POLARITY-ORIGIN-4096-20260908/raw/EXP-WRPC-STEP5-COARSE-TO-FINE-FDEC-POLARITY-ORIGIN-4096-20260908.tar.gz	a4ec5319e9ee790dc74f4844eb89d17940dd009c9e1f316167776960e55f7316	-	EXACT_DUPLICATE_EXTRACTED	-	-	-	-	-	-	-	-	preflight-2.log	ac8dc180a5f17eed43042ffd40cde50963a1bca6e35348292548025bbd00e22a	22298	experiments/legacy/exp-step5-softpll-lock/EXP-WRPC-STEP5-COARSE-TO-FINE-FDEC-POLARITY-ORIGIN-4096-20260908/raw/preflight-2.log	MATCHED_TRACKED
member	experiments/legacy/exp-step5-softpll-lock/EXP-WRPC-STEP5-COARSE-TO-FINE-FDEC-POLARITY-ORIGIN-4096-20260908/raw/EXP-WRPC-STEP5-COARSE-TO-FINE-FDEC-POLARITY-ORIGIN-4096-20260908.tar.gz	a4ec5319e9ee790dc74f4844eb89d17940dd009c9e1f316167776960e55f7316	-	EXACT_DUPLICATE_EXTRACTED	-	-	-	-	-	-	-	-	closed-loop-120s.log	d450badaade388d7a81c1c8dfd048ca36fd4cff73e8a42a9dcc27569e4d231f9	916965	experiments/legacy/exp-step5-softpll-lock/EXP-WRPC-STEP5-COARSE-TO-FINE-FDEC-POLARITY-ORIGIN-4096-20260908/raw/closed-loop-120s.log	MATCHED_TRACKED
archive	experiments/legacy/exp-step5-softpll-lock/EXP-WRPC-STEP5-COARSE-TO-FINE-TRACKER-FDEC5632-20260908/raw/EXP-WRPC-STEP5-COARSE-TO-FINE-TRACKER-FDEC5632-20260908.tar.gz	e2a5551157c433df1130c7b71b8f9c3cdae8b39ef0d2741fb6e1d8080863c048	55482	EXACT_DUPLICATE_EXTRACTED	12	12	0	-	-	experiments/legacy/exp-step5-softpll-lock/EXP-WRPC-STEP5-COARSE-TO-FINE-TRACKER-FDEC5632-20260908/raw/EXP-WRPC-STEP5-COARSE-TO-FINE-TRACKER-FDEC5632-20260908.tar.gz.sha256	0a38b5043b363b98039687fcaedbe078b17fec0b82f63d1d2e7854c8f70d7307	MATCH	-	-	-	-	-
member	experiments/legacy/exp-step5-softpll-lock/EXP-WRPC-STEP5-COARSE-TO-FINE-TRACKER-FDEC5632-20260908/raw/EXP-WRPC-STEP5-COARSE-TO-FINE-TRACKER-FDEC5632-20260908.tar.gz	e2a5551157c433df1130c7b71b8f9c3cdae8b39ef0d2741fb6e1d8080863c048	-	EXACT_DUPLICATE_EXTRACTED	-	-	-	-	-	-	-	-	identity.txt	a3f5da5a208e0f3fe2df3ef40ca6bd8b8fb09f3705efb5b34a5b7d6e906d3b42	89	experiments/legacy/exp-step5-softpll-lock/EXP-WRPC-STEP5-COARSE-TO-FINE-TRACKER-FDEC5632-20260908/raw/identity.txt	MATCHED_TRACKED
member	experiments/legacy/exp-step5-softpll-lock/EXP-WRPC-STEP5-COARSE-TO-FINE-TRACKER-FDEC5632-20260908/raw/EXP-WRPC-STEP5-COARSE-TO-FINE-TRACKER-FDEC5632-20260908.tar.gz	e2a5551157c433df1130c7b71b8f9c3cdae8b39ef0d2741fb6e1d8080863c048	-	EXACT_DUPLICATE_EXTRACTED	-	-	-	-	-	-	-	-	simulation.log	b4e34bb0b94dff232174767e134a966af4449549fe3e69fb76c895fc88721166	471	experiments/legacy/exp-step5-softpll-lock/EXP-WRPC-STEP5-COARSE-TO-FINE-TRACKER-FDEC5632-20260908/raw/simulation.log	MATCHED_TRACKED
member	experiments/legacy/exp-step5-softpll-lock/EXP-WRPC-STEP5-COARSE-TO-FINE-TRACKER-FDEC5632-20260908/raw/EXP-WRPC-STEP5-COARSE-TO-FINE-TRACKER-FDEC5632-20260908.tar.gz	e2a5551157c433df1130c7b71b8f9c3cdae8b39ef0d2741fb6e1d8080863c048	-	EXACT_DUPLICATE_EXTRACTED	-	-	-	-	-	-	-	-	firmware-master.log	4c309729becbdf04ed2920c787a7df148236e8b9650940d5dde203be24a840cc	142	experiments/legacy/exp-step5-softpll-lock/EXP-WRPC-STEP5-COARSE-TO-FINE-TRACKER-FDEC5632-20260908/raw/firmware-master.log	MATCHED_TRACKED
member	experiments/legacy/exp-step5-softpll-lock/EXP-WRPC-STEP5-COARSE-TO-FINE-TRACKER-FDEC5632-20260908/raw/EXP-WRPC-STEP5-COARSE-TO-FINE-TRACKER-FDEC5632-20260908.tar.gz	e2a5551157c433df1130c7b71b8f9c3cdae8b39ef0d2741fb6e1d8080863c048	-	EXACT_DUPLICATE_EXTRACTED	-	-	-	-	-	-	-	-	firmware-slave.log	0f505156521d46014cb8e0505bc46863851b6f1fde737d01cb27ae8676c0db7d	140	experiments/legacy/exp-step5-softpll-lock/EXP-WRPC-STEP5-COARSE-TO-FINE-TRACKER-FDEC5632-20260908/raw/firmware-slave.log	MATCHED_TRACKED
member	experiments/legacy/exp-step5-softpll-lock/EXP-WRPC-STEP5-COARSE-TO-FINE-TRACKER-FDEC5632-20260908/raw/EXP-WRPC-STEP5-COARSE-TO-FINE-TRACKER-FDEC5632-20260908.tar.gz	e2a5551157c433df1130c7b71b8f9c3cdae8b39ef0d2741fb6e1d8080863c048	-	EXACT_DUPLICATE_EXTRACTED	-	-	-	-	-	-	-	-	compile-master.log	ed1377824d17d97b3df2f4e2c52b0127322b3339e36e5841264500c160c38684	218	experiments/legacy/exp-step5-softpll-lock/EXP-WRPC-STEP5-COARSE-TO-FINE-TRACKER-FDEC5632-20260908/raw/compile-master.log	MATCHED_TRACKED
member	experiments/legacy/exp-step5-softpll-lock/EXP-WRPC-STEP5-COARSE-TO-FINE-TRACKER-FDEC5632-20260908/raw/EXP-WRPC-STEP5-COARSE-TO-FINE-TRACKER-FDEC5632-20260908.tar.gz	e2a5551157c433df1130c7b71b8f9c3cdae8b39ef0d2741fb6e1d8080863c048	-	EXACT_DUPLICATE_EXTRACTED	-	-	-	-	-	-	-	-	compile-slave.log	761bc6d05833e23835f2779568ca9291575c7ec3931d3f95e886d9bb2f892573	215	experiments/legacy/exp-step5-softpll-lock/EXP-WRPC-STEP5-COARSE-TO-FINE-TRACKER-FDEC5632-20260908/raw/compile-slave.log	MATCHED_TRACKED
member	experiments/legacy/exp-step5-softpll-lock/EXP-WRPC-STEP5-COARSE-TO-FINE-TRACKER-FDEC5632-20260908/raw/EXP-WRPC-STEP5-COARSE-TO-FINE-TRACKER-FDEC5632-20260908.tar.gz	e2a5551157c433df1130c7b71b8f9c3cdae8b39ef0d2741fb6e1d8080863c048	-	EXACT_DUPLICATE_EXTRACTED	-	-	-	-	-	-	-	-	sof-sha256.txt	f098fb4362414b207844bc2026929a0af9ab675fe325be7b1f9e36ffb15531a5	470	experiments/legacy/exp-step5-softpll-lock/EXP-WRPC-STEP5-COARSE-TO-FINE-TRACKER-FDEC5632-20260908/raw/sof-sha256.txt	MATCHED_TRACKED
member	experiments/legacy/exp-step5-softpll-lock/EXP-WRPC-STEP5-COARSE-TO-FINE-TRACKER-FDEC5632-20260908/raw/EXP-WRPC-STEP5-COARSE-TO-FINE-TRACKER-FDEC5632-20260908.tar.gz	e2a5551157c433df1130c7b71b8f9c3cdae8b39ef0d2741fb6e1d8080863c048	-	EXACT_DUPLICATE_EXTRACTED	-	-	-	-	-	-	-	-	program-master.log	49872be1d2730764a828e62c544e8f1a8ca22b378b276b2f7960cff9d2925043	2370	experiments/legacy/exp-step5-softpll-lock/EXP-WRPC-STEP5-COARSE-TO-FINE-TRACKER-FDEC5632-20260908/raw/program-master.log	MATCHED_TRACKED
member	experiments/legacy/exp-step5-softpll-lock/EXP-WRPC-STEP5-COARSE-TO-FINE-TRACKER-FDEC5632-20260908/raw/EXP-WRPC-STEP5-COARSE-TO-FINE-TRACKER-FDEC5632-20260908.tar.gz	e2a5551157c433df1130c7b71b8f9c3cdae8b39ef0d2741fb6e1d8080863c048	-	EXACT_DUPLICATE_EXTRACTED	-	-	-	-	-	-	-	-	program-slave.log	d12e6e07a7f2ec79ede80177f178336501b343af6c12ffe02a777530bb127702	2366	experiments/legacy/exp-step5-softpll-lock/EXP-WRPC-STEP5-COARSE-TO-FINE-TRACKER-FDEC5632-20260908/raw/program-slave.log	MATCHED_TRACKED
member	experiments/legacy/exp-step5-softpll-lock/EXP-WRPC-STEP5-COARSE-TO-FINE-TRACKER-FDEC5632-20260908/raw/EXP-WRPC-STEP5-COARSE-TO-FINE-TRACKER-FDEC5632-20260908.tar.gz	e2a5551157c433df1130c7b71b8f9c3cdae8b39ef0d2741fb6e1d8080863c048	-	EXACT_DUPLICATE_EXTRACTED	-	-	-	-	-	-	-	-	preflight-1.log	c007c1e368310cc1e8f153c0ea8c6e33231e768668bc52fb90c04ec2fe1fea0a	19977	experiments/legacy/exp-step5-softpll-lock/EXP-WRPC-STEP5-COARSE-TO-FINE-TRACKER-FDEC5632-20260908/raw/preflight-1.log	MATCHED_TRACKED
member	experiments/legacy/exp-step5-softpll-lock/EXP-WRPC-STEP5-COARSE-TO-FINE-TRACKER-FDEC5632-20260908/raw/EXP-WRPC-STEP5-COARSE-TO-FINE-TRACKER-FDEC5632-20260908.tar.gz	e2a5551157c433df1130c7b71b8f9c3cdae8b39ef0d2741fb6e1d8080863c048	-	EXACT_DUPLICATE_EXTRACTED	-	-	-	-	-	-	-	-	preflight-2.log	5464321a51eedf0638236c630b98abde99107cccbff396b13b516840ef03372a	22280	experiments/legacy/exp-step5-softpll-lock/EXP-WRPC-STEP5-COARSE-TO-FINE-TRACKER-FDEC5632-20260908/raw/preflight-2.log	MATCHED_TRACKED
member	experiments/legacy/exp-step5-softpll-lock/EXP-WRPC-STEP5-COARSE-TO-FINE-TRACKER-FDEC5632-20260908/raw/EXP-WRPC-STEP5-COARSE-TO-FINE-TRACKER-FDEC5632-20260908.tar.gz	e2a5551157c433df1130c7b71b8f9c3cdae8b39ef0d2741fb6e1d8080863c048	-	EXACT_DUPLICATE_EXTRACTED	-	-	-	-	-	-	-	-	closed-loop-120s.log	5e56b8ce0c56f6beddbbd99669d068f51e41c1c54fbf75239bb58039158e7d64	914590	experiments/legacy/exp-step5-softpll-lock/EXP-WRPC-STEP5-COARSE-TO-FINE-TRACKER-FDEC5632-20260908/raw/closed-loop-120s.log	MATCHED_TRACKED
archive	experiments/legacy/exp-step5-softpll-lock/EXP-WRPC-STEP5-HELPER-FRACTIONAL-KI-QUARTER-KP-MINUS150-3388-20260912/step5-fractional-ki-raw.tar.gz	504e716fe5b237c92f25632110897cfeb0e87a41f525a8ef1f87c51a3f5cdc6d	223806	EXACT_DUPLICATE_EXTRACTED	9	9	0	-	-	-	-	MATCH	-	-	-	-	-
member	experiments/legacy/exp-step5-softpll-lock/EXP-WRPC-STEP5-HELPER-FRACTIONAL-KI-QUARTER-KP-MINUS150-3388-20260912/step5-fractional-ki-raw.tar.gz	504e716fe5b237c92f25632110897cfeb0e87a41f525a8ef1f87c51a3f5cdc6d	-	EXACT_DUPLICATE_EXTRACTED	-	-	-	-	-	-	-	-	tmp/programming-summary-20260912.txt	f65d5509be0566b256466f17a297ed01ccc652fc246278f02ec99286d61fa153	102	experiments/legacy/exp-step5-softpll-lock/EXP-WRPC-STEP5-HELPER-FRACTIONAL-KI-QUARTER-KP-MINUS150-3388-20260912/tmp/programming-summary-20260912.txt	MATCHED_TRACKED
member	experiments/legacy/exp-step5-softpll-lock/EXP-WRPC-STEP5-HELPER-FRACTIONAL-KI-QUARTER-KP-MINUS150-3388-20260912/step5-fractional-ki-raw.tar.gz	504e716fe5b237c92f25632110897cfeb0e87a41f525a8ef1f87c51a3f5cdc6d	-	EXACT_DUPLICATE_EXTRACTED	-	-	-	-	-	-	-	-	tmp/build-master-20260912.log	146c9b4d0344d486cc22da119635fd96884b1ca436042cc24d563d2b2545349f	248	experiments/legacy/exp-step5-softpll-lock/EXP-WRPC-STEP5-HELPER-FRACTIONAL-KI-QUARTER-KP-MINUS150-3388-20260912/tmp/build-master-20260912.log	MATCHED_TRACKED
member	experiments/legacy/exp-step5-softpll-lock/EXP-WRPC-STEP5-HELPER-FRACTIONAL-KI-QUARTER-KP-MINUS150-3388-20260912/step5-fractional-ki-raw.tar.gz	504e716fe5b237c92f25632110897cfeb0e87a41f525a8ef1f87c51a3f5cdc6d	-	EXACT_DUPLICATE_EXTRACTED	-	-	-	-	-	-	-	-	tmp/build-info-master-20260912.txt	dcffd034ed0891c2f53f386c24430b0e83e5ca610248e589b812013db68e0c52	952	experiments/legacy/exp-step5-softpll-lock/EXP-WRPC-STEP5-HELPER-FRACTIONAL-KI-QUARTER-KP-MINUS150-3388-20260912/tmp/build-info-master-20260912.txt	MATCHED_TRACKED
member	experiments/legacy/exp-step5-softpll-lock/EXP-WRPC-STEP5-HELPER-FRACTIONAL-KI-QUARTER-KP-MINUS150-3388-20260912/step5-fractional-ki-raw.tar.gz	504e716fe5b237c92f25632110897cfeb0e87a41f525a8ef1f87c51a3f5cdc6d	-	EXACT_DUPLICATE_EXTRACTED	-	-	-	-	-	-	-	-	tmp/preflight-20260912.log	a5437adf6b29556b87337323814db2f172d1ac283de80215e4bbdcd81f560c1f	22081	experiments/legacy/exp-step5-softpll-lock/EXP-WRPC-STEP5-HELPER-FRACTIONAL-KI-QUARTER-KP-MINUS150-3388-20260912/tmp/preflight-20260912.log	MATCHED_TRACKED
member	experiments/legacy/exp-step5-softpll-lock/EXP-WRPC-STEP5-HELPER-FRACTIONAL-KI-QUARTER-KP-MINUS150-3388-20260912/step5-fractional-ki-raw.tar.gz	504e716fe5b237c92f25632110897cfeb0e87a41f525a8ef1f87c51a3f5cdc6d	-	EXACT_DUPLICATE_EXTRACTED	-	-	-	-	-	-	-	-	tmp/build-slave-20260912.log	3a728e944efde6ac85290ba1d94fbdcfc5e08e9929dc94a8a8c9f10865e7dac2	243	experiments/legacy/exp-step5-softpll-lock/EXP-WRPC-STEP5-HELPER-FRACTIONAL-KI-QUARTER-KP-MINUS150-3388-20260912/tmp/build-slave-20260912.log	MATCHED_TRACKED
member	experiments/legacy/exp-step5-softpll-lock/EXP-WRPC-STEP5-HELPER-FRACTIONAL-KI-QUARTER-KP-MINUS150-3388-20260912/step5-fractional-ki-raw.tar.gz	504e716fe5b237c92f25632110897cfeb0e87a41f525a8ef1f87c51a3f5cdc6d	-	EXACT_DUPLICATE_EXTRACTED	-	-	-	-	-	-	-	-	tmp/program-master-20260912.log	2b7f780ead104d80cded0da382e9545577ba7bd87c91e114f9a1ca73063ffa0c	2228	experiments/legacy/exp-step5-softpll-lock/EXP-WRPC-STEP5-HELPER-FRACTIONAL-KI-QUARTER-KP-MINUS150-3388-20260912/tmp/program-master-20260912.log	MATCHED_TRACKED
member	experiments/legacy/exp-step5-softpll-lock/EXP-WRPC-STEP5-HELPER-FRACTIONAL-KI-QUARTER-KP-MINUS150-3388-20260912/step5-fractional-ki-raw.tar.gz	504e716fe5b237c92f25632110897cfeb0e87a41f525a8ef1f87c51a3f5cdc6d	-	EXACT_DUPLICATE_EXTRACTED	-	-	-	-	-	-	-	-	tmp/build-info-slave-20260912.txt	368afc6b465e967576524f77caa3d1d87218c4ed093976521f4089e27c8c8746	950	experiments/legacy/exp-step5-softpll-lock/EXP-WRPC-STEP5-HELPER-FRACTIONAL-KI-QUARTER-KP-MINUS150-3388-20260912/tmp/build-info-slave-20260912.txt	MATCHED_TRACKED
member	experiments/legacy/exp-step5-softpll-lock/EXP-WRPC-STEP5-HELPER-FRACTIONAL-KI-QUARTER-KP-MINUS150-3388-20260912/step5-fractional-ki-raw.tar.gz	504e716fe5b237c92f25632110897cfeb0e87a41f525a8ef1f87c51a3f5cdc6d	-	EXACT_DUPLICATE_EXTRACTED	-	-	-	-	-	-	-	-	tmp/observer-20260912.log	7203832cf8418fe98d76416991842aedb638e875e20c663dac78bde22322288f	2752976	experiments/legacy/exp-step5-softpll-lock/EXP-WRPC-STEP5-HELPER-FRACTIONAL-KI-QUARTER-KP-MINUS150-3388-20260912/tmp/observer-20260912.log	MATCHED_TRACKED
member	experiments/legacy/exp-step5-softpll-lock/EXP-WRPC-STEP5-HELPER-FRACTIONAL-KI-QUARTER-KP-MINUS150-3388-20260912/step5-fractional-ki-raw.tar.gz	504e716fe5b237c92f25632110897cfeb0e87a41f525a8ef1f87c51a3f5cdc6d	-	EXACT_DUPLICATE_EXTRACTED	-	-	-	-	-	-	-	-	tmp/program-slave-20260912.log	a2f0214aea11597de726ae7df005d5feb5c27b6e42cd049252dbc47ece6a6b41	2224	experiments/legacy/exp-step5-softpll-lock/EXP-WRPC-STEP5-HELPER-FRACTIONAL-KI-QUARTER-KP-MINUS150-3388-20260912/tmp/program-slave-20260912.log	MATCHED_TRACKED
archive	experiments/legacy/exp-step5-softpll-lock/EXP-WRPC-STEP5-HELPER-PI-CODESTEP32-COOLDOWN0-3360-KP-MINUS150-THRESHOLD1200-20260909/raw/raw-transfer.tgz	1c026b0a4c4df002e68f41fad66cfbeedbceab04f7a5fcb5265dd38565f3baf7	82423	EXACT_DUPLICATE_EXTRACTED	6	6	0	-	-	-	-	MATCH	-	-	-	-	-
member	experiments/legacy/exp-step5-softpll-lock/EXP-WRPC-STEP5-HELPER-PI-CODESTEP32-COOLDOWN0-3360-KP-MINUS150-THRESHOLD1200-20260909/raw/raw-transfer.tgz	1c026b0a4c4df002e68f41fad66cfbeedbceab04f7a5fcb5265dd38565f3baf7	-	EXACT_DUPLICATE_EXTRACTED	-	-	-	-	-	-	-	-	preflight.log	c30181b40d8838d46d1e02ea64576c6af253718a6420895e8f10b676a2886798	22162	experiments/legacy/exp-step5-softpll-lock/EXP-WRPC-STEP5-HELPER-PI-CODESTEP32-COOLDOWN0-3360-KP-MINUS150-THRESHOLD1200-20260909/raw/preflight.log	MATCHED_TRACKED
member	experiments/legacy/exp-step5-softpll-lock/EXP-WRPC-STEP5-HELPER-PI-CODESTEP32-COOLDOWN0-3360-KP-MINUS150-THRESHOLD1200-20260909/raw/raw-transfer.tgz	1c026b0a4c4df002e68f41fad66cfbeedbceab04f7a5fcb5265dd38565f3baf7	-	EXACT_DUPLICATE_EXTRACTED	-	-	-	-	-	-	-	-	observer-pi-600.log	d586962164daed6459db2172b215265eee4e8947ad053db9a3f66cb7ce8f2995	912290	experiments/legacy/exp-step5-softpll-lock/EXP-WRPC-STEP5-HELPER-PI-CODESTEP32-COOLDOWN0-3360-KP-MINUS150-THRESHOLD1200-20260909/raw/observer-pi-600.log	MATCHED_TRACKED
member	experiments/legacy/exp-step5-softpll-lock/EXP-WRPC-STEP5-HELPER-PI-CODESTEP32-COOLDOWN0-3360-KP-MINUS150-THRESHOLD1200-20260909/raw/raw-transfer.tgz	1c026b0a4c4df002e68f41fad66cfbeedbceab04f7a5fcb5265dd38565f3baf7	-	EXACT_DUPLICATE_EXTRACTED	-	-	-	-	-	-	-	-	program-master.log	84a8ca9dfbcf37a81553334da922022612264dbe8b2eb3cda139634229bb69cc	2098	experiments/legacy/exp-step5-softpll-lock/EXP-WRPC-STEP5-HELPER-PI-CODESTEP32-COOLDOWN0-3360-KP-MINUS150-THRESHOLD1200-20260909/raw/program-master.log	MATCHED_TRACKED
member	experiments/legacy/exp-step5-softpll-lock/EXP-WRPC-STEP5-HELPER-PI-CODESTEP32-COOLDOWN0-3360-KP-MINUS150-THRESHOLD1200-20260909/raw/raw-transfer.tgz	1c026b0a4c4df002e68f41fad66cfbeedbceab04f7a5fcb5265dd38565f3baf7	-	EXACT_DUPLICATE_EXTRACTED	-	-	-	-	-	-	-	-	program-slave.log	3bdd1874f72f64e960eb69e51d6e9310cb123f480687114ee8d94c109263e8df	2094	experiments/legacy/exp-step5-softpll-lock/EXP-WRPC-STEP5-HELPER-PI-CODESTEP32-COOLDOWN0-3360-KP-MINUS150-THRESHOLD1200-20260909/raw/program-slave.log	MATCHED_TRACKED
member	experiments/legacy/exp-step5-softpll-lock/EXP-WRPC-STEP5-HELPER-PI-CODESTEP32-COOLDOWN0-3360-KP-MINUS150-THRESHOLD1200-20260909/raw/raw-transfer.tgz	1c026b0a4c4df002e68f41fad66cfbeedbceab04f7a5fcb5265dd38565f3baf7	-	EXACT_DUPLICATE_EXTRACTED	-	-	-	-	-	-	-	-	source-commit.txt	4f5c3463d05785a6e1322c8c171cf6897d14f49b6988728d44c0772ba234b3aa	41	experiments/legacy/exp-step5-softpll-lock/EXP-WRPC-STEP5-HELPER-PI-CODESTEP32-COOLDOWN0-3360-KP-MINUS150-THRESHOLD1200-20260909/raw/source-commit.txt	MATCHED_TRACKED
member	experiments/legacy/exp-step5-softpll-lock/EXP-WRPC-STEP5-HELPER-PI-CODESTEP32-COOLDOWN0-3360-KP-MINUS150-THRESHOLD1200-20260909/raw/raw-transfer.tgz	1c026b0a4c4df002e68f41fad66cfbeedbceab04f7a5fcb5265dd38565f3baf7	-	EXACT_DUPLICATE_EXTRACTED	-	-	-	-	-	-	-	-	sof-sha256.txt	e1ea90d130357ed60a82d8592ac36c66d8209bcfde8c8caa02282982ebd09150	374	experiments/legacy/exp-step5-softpll-lock/EXP-WRPC-STEP5-HELPER-PI-CODESTEP32-COOLDOWN0-3360-KP-MINUS150-THRESHOLD1200-20260909/raw/sof-sha256.txt	MATCHED_TRACKED
archive	experiments/legacy/exp-step5-softpll-lock/EXP-WRPC-STEP5-HELPER-PI-COOLDOWN0-3360-KP-MINUS150-THRESHOLD1200-20260909/raw/raw-transfer.tgz	348094b15d430c3f75fd041fdc690210283e065f913d57395718bdff066bb708	93486	EXACT_DUPLICATE_EXTRACTED	6	6	0	-	-	-	-	MATCH	-	-	-	-	-
member	experiments/legacy/exp-step5-softpll-lock/EXP-WRPC-STEP5-HELPER-PI-COOLDOWN0-3360-KP-MINUS150-THRESHOLD1200-20260909/raw/raw-transfer.tgz	348094b15d430c3f75fd041fdc690210283e065f913d57395718bdff066bb708	-	EXACT_DUPLICATE_EXTRACTED	-	-	-	-	-	-	-	-	preflight.log	6fa865973177337eb811addb8b98c4092379e6bf206d25e9a6c054d9317407e4	22186	experiments/legacy/exp-step5-softpll-lock/EXP-WRPC-STEP5-HELPER-PI-COOLDOWN0-3360-KP-MINUS150-THRESHOLD1200-20260909/raw/preflight.log	MATCHED_TRACKED
member	experiments/legacy/exp-step5-softpll-lock/EXP-WRPC-STEP5-HELPER-PI-COOLDOWN0-3360-KP-MINUS150-THRESHOLD1200-20260909/raw/raw-transfer.tgz	348094b15d430c3f75fd041fdc690210283e065f913d57395718bdff066bb708	-	EXACT_DUPLICATE_EXTRACTED	-	-	-	-	-	-	-	-	observer-pi-600.log	f604dc985bb8c2206aea0ae502e98d369abce085c673ea282a1a87827378ee91	889439	experiments/legacy/exp-step5-softpll-lock/EXP-WRPC-STEP5-HELPER-PI-COOLDOWN0-3360-KP-MINUS150-THRESHOLD1200-20260909/raw/observer-pi-600.log	MATCHED_TRACKED
member	experiments/legacy/exp-step5-softpll-lock/EXP-WRPC-STEP5-HELPER-PI-COOLDOWN0-3360-KP-MINUS150-THRESHOLD1200-20260909/raw/raw-transfer.tgz	348094b15d430c3f75fd041fdc690210283e065f913d57395718bdff066bb708	-	EXACT_DUPLICATE_EXTRACTED	-	-	-	-	-	-	-	-	program-master.log	1b86c307618c1ca8ea4c409efdd45beca365b8f46692da92af9cbff17249a37a	2098	experiments/legacy/exp-step5-softpll-lock/EXP-WRPC-STEP5-HELPER-PI-COOLDOWN0-3360-KP-MINUS150-THRESHOLD1200-20260909/raw/program-master.log	MATCHED_TRACKED
member	experiments/legacy/exp-step5-softpll-lock/EXP-WRPC-STEP5-HELPER-PI-COOLDOWN0-3360-KP-MINUS150-THRESHOLD1200-20260909/raw/raw-transfer.tgz	348094b15d430c3f75fd041fdc690210283e065f913d57395718bdff066bb708	-	EXACT_DUPLICATE_EXTRACTED	-	-	-	-	-	-	-	-	program-slave.log	6e779598cc44aa933229169de21be8406c390246e77a463e5005398e97c63148	2094	experiments/legacy/exp-step5-softpll-lock/EXP-WRPC-STEP5-HELPER-PI-COOLDOWN0-3360-KP-MINUS150-THRESHOLD1200-20260909/raw/program-slave.log	MATCHED_TRACKED
member	experiments/legacy/exp-step5-softpll-lock/EXP-WRPC-STEP5-HELPER-PI-COOLDOWN0-3360-KP-MINUS150-THRESHOLD1200-20260909/raw/raw-transfer.tgz	348094b15d430c3f75fd041fdc690210283e065f913d57395718bdff066bb708	-	EXACT_DUPLICATE_EXTRACTED	-	-	-	-	-	-	-	-	source-commit.txt	863cf8879d6accd0c2672ed1034e90c69b5f48e2061f101b2556ab4a5ebb69b4	41	experiments/legacy/exp-step5-softpll-lock/EXP-WRPC-STEP5-HELPER-PI-COOLDOWN0-3360-KP-MINUS150-THRESHOLD1200-20260909/raw/source-commit.txt	MATCHED_TRACKED
member	experiments/legacy/exp-step5-softpll-lock/EXP-WRPC-STEP5-HELPER-PI-COOLDOWN0-3360-KP-MINUS150-THRESHOLD1200-20260909/raw/raw-transfer.tgz	348094b15d430c3f75fd041fdc690210283e065f913d57395718bdff066bb708	-	EXACT_DUPLICATE_EXTRACTED	-	-	-	-	-	-	-	-	sof-sha256.txt	252118b8b4fb28fc22ae10ed4ce34bd7962bfd95e6cea8919755c3f571778b41	374	experiments/legacy/exp-step5-softpll-lock/EXP-WRPC-STEP5-HELPER-PI-COOLDOWN0-3360-KP-MINUS150-THRESHOLD1200-20260909/raw/sof-sha256.txt	MATCHED_TRACKED
archive	experiments/legacy/exp-step5-softpll-lock/EXP-WRPC-STEP5-HELPER-PI-STARTUP-OPERATING-POINT-AUDIT-3360-KP-MINUS150-THRESHOLD1200-COOLDOWN32-20260909/raw/raw-transfer.tgz	14d2f886b3b40a131f2a006b046d45fbfba15e4920af68cd9399f278c890fe99	90467	EXACT_DUPLICATE_EXTRACTED	4	4	0	-	-	-	-	MATCH	-	-	-	-	-
member	experiments/legacy/exp-step5-softpll-lock/EXP-WRPC-STEP5-HELPER-PI-STARTUP-OPERATING-POINT-AUDIT-3360-KP-MINUS150-THRESHOLD1200-COOLDOWN32-20260909/raw/raw-transfer.tgz	14d2f886b3b40a131f2a006b046d45fbfba15e4920af68cd9399f278c890fe99	-	EXACT_DUPLICATE_EXTRACTED	-	-	-	-	-	-	-	-	preflight.log	7a089668905c4ecf6de6b895a616f7fbe4977c553b86b7e295c2a52031b8b747	22164	experiments/legacy/exp-step5-softpll-lock/EXP-WRPC-STEP5-HELPER-PI-STARTUP-OPERATING-POINT-AUDIT-3360-KP-MINUS150-THRESHOLD1200-COOLDOWN32-20260909/raw/preflight.log	MATCHED_TRACKED
member	experiments/legacy/exp-step5-softpll-lock/EXP-WRPC-STEP5-HELPER-PI-STARTUP-OPERATING-POINT-AUDIT-3360-KP-MINUS150-THRESHOLD1200-COOLDOWN32-20260909/raw/raw-transfer.tgz	14d2f886b3b40a131f2a006b046d45fbfba15e4920af68cd9399f278c890fe99	-	EXACT_DUPLICATE_EXTRACTED	-	-	-	-	-	-	-	-	observer-pi-600.log	d84643fcd7d65c521a32675532fb54d03a7ca1b76c49e0781d57f4f04ca10313	898302	experiments/legacy/exp-step5-softpll-lock/EXP-WRPC-STEP5-HELPER-PI-STARTUP-OPERATING-POINT-AUDIT-3360-KP-MINUS150-THRESHOLD1200-COOLDOWN32-20260909/raw/observer-pi-600.log	MATCHED_TRACKED
member	experiments/legacy/exp-step5-softpll-lock/EXP-WRPC-STEP5-HELPER-PI-STARTUP-OPERATING-POINT-AUDIT-3360-KP-MINUS150-THRESHOLD1200-COOLDOWN32-20260909/raw/raw-transfer.tgz	14d2f886b3b40a131f2a006b046d45fbfba15e4920af68cd9399f278c890fe99	-	EXACT_DUPLICATE_EXTRACTED	-	-	-	-	-	-	-	-	source-commit.txt	5bd05d274596b89536291153df94c8ad0592f82d4d867db7417613c58689e30b	41	experiments/legacy/exp-step5-softpll-lock/EXP-WRPC-STEP5-HELPER-PI-STARTUP-OPERATING-POINT-AUDIT-3360-KP-MINUS150-THRESHOLD1200-COOLDOWN32-20260909/raw/source-commit.txt	MATCHED_TRACKED
member	experiments/legacy/exp-step5-softpll-lock/EXP-WRPC-STEP5-HELPER-PI-STARTUP-OPERATING-POINT-AUDIT-3360-KP-MINUS150-THRESHOLD1200-COOLDOWN32-20260909/raw/raw-transfer.tgz	14d2f886b3b40a131f2a006b046d45fbfba15e4920af68cd9399f278c890fe99	-	EXACT_DUPLICATE_EXTRACTED	-	-	-	-	-	-	-	-	sof-sha256.txt	14ce7b066a47b6632d962968606418f509e3c375aa00c11d95765667f7b0083d	374	experiments/legacy/exp-step5-softpll-lock/EXP-WRPC-STEP5-HELPER-PI-STARTUP-OPERATING-POINT-AUDIT-3360-KP-MINUS150-THRESHOLD1200-COOLDOWN32-20260909/raw/sof-sha256.txt	MATCHED_TRACKED
archive	experiments/legacy/exp-step5-softpll-lock/EXP-WRPC-STEP5-HELPER-THRESHOLD1200-3360-KP-MINUS150-NOCOOLDOWN-20260909/raw/raw-transfer.tgz	51843cb7625b481feecbf01cfc3a047a38a8f2c9d560d97058962b77d373adbe	32612	EXACT_DUPLICATE_EXTRACTED	12	12	0	-	-	-	-	MATCH	-	-	-	-	-
member	experiments/legacy/exp-step5-softpll-lock/EXP-WRPC-STEP5-HELPER-THRESHOLD1200-3360-KP-MINUS150-NOCOOLDOWN-20260909/raw/raw-transfer.tgz	51843cb7625b481feecbf01cfc3a047a38a8f2c9d560d97058962b77d373adbe	-	EXACT_DUPLICATE_EXTRACTED	-	-	-	-	-	-	-	-	./preflight.log	9a4f2dab886fff363081ecc9d74f4ae129883914e9bd0ab3ff07795a9ab20dca	19673	experiments/legacy/exp-step5-softpll-lock/EXP-WRPC-STEP5-HELPER-THRESHOLD1200-3360-KP-MINUS150-NOCOOLDOWN-20260909/raw/preflight.log	MATCHED_TRACKED
member	experiments/legacy/exp-step5-softpll-lock/EXP-WRPC-STEP5-HELPER-THRESHOLD1200-3360-KP-MINUS150-NOCOOLDOWN-20260909/raw/raw-transfer.tgz	51843cb7625b481feecbf01cfc3a047a38a8f2c9d560d97058962b77d373adbe	-	EXACT_DUPLICATE_EXTRACTED	-	-	-	-	-	-	-	-	./program-master-recovery.log	d99512aa6196191ef90f266699038ff02808652610d1fe49a476d8aec82cf0a8	2244	experiments/legacy/exp-step5-softpll-lock/EXP-WRPC-STEP5-HELPER-THRESHOLD1200-3360-KP-MINUS150-NOCOOLDOWN-20260909/raw/program-master-recovery.log	MATCHED_TRACKED
member	experiments/legacy/exp-step5-softpll-lock/EXP-WRPC-STEP5-HELPER-THRESHOLD1200-3360-KP-MINUS150-NOCOOLDOWN-20260909/raw/raw-transfer.tgz	51843cb7625b481feecbf01cfc3a047a38a8f2c9d560d97058962b77d373adbe	-	EXACT_DUPLICATE_EXTRACTED	-	-	-	-	-	-	-	-	./firmware-jtag-slave.log	ba616fca7223fb921163094fba3cb3be6aab62647db23d805d52b6a5dcbcd98d	259	experiments/legacy/exp-step5-softpll-lock/EXP-WRPC-STEP5-HELPER-THRESHOLD1200-3360-KP-MINUS150-NOCOOLDOWN-20260909/raw/firmware-jtag-slave.log	MATCHED_TRACKED
member	experiments/legacy/exp-step5-softpll-lock/EXP-WRPC-STEP5-HELPER-THRESHOLD1200-3360-KP-MINUS150-NOCOOLDOWN-20260909/raw/raw-transfer.tgz	51843cb7625b481feecbf01cfc3a047a38a8f2c9d560d97058962b77d373adbe	-	EXACT_DUPLICATE_EXTRACTED	-	-	-	-	-	-	-	-	./preflight-recovery.log	da36ee1a308e61e48cda34c10a36f094cb2dd9b703e4c0d23471d2cb96f9298b	22066	experiments/legacy/exp-step5-softpll-lock/EXP-WRPC-STEP5-HELPER-THRESHOLD1200-3360-KP-MINUS150-NOCOOLDOWN-20260909/raw/preflight-recovery.log	MATCHED_TRACKED
member	experiments/legacy/exp-step5-softpll-lock/EXP-WRPC-STEP5-HELPER-THRESHOLD1200-3360-KP-MINUS150-NOCOOLDOWN-20260909/raw/raw-transfer.tgz	51843cb7625b481feecbf01cfc3a047a38a8f2c9d560d97058962b77d373adbe	-	EXACT_DUPLICATE_EXTRACTED	-	-	-	-	-	-	-	-	./observer-slave-coherent-600.log	f0d53072fc2f1f2d652423222222f316b2e568973d3e3995489d8b56d0886664	459818	experiments/legacy/exp-step5-softpll-lock/EXP-WRPC-STEP5-HELPER-THRESHOLD1200-3360-KP-MINUS150-NOCOOLDOWN-20260909/raw/observer-slave-coherent-600.log	MATCHED_TRACKED
member	experiments/legacy/exp-step5-softpll-lock/EXP-WRPC-STEP5-HELPER-THRESHOLD1200-3360-KP-MINUS150-NOCOOLDOWN-20260909/raw/raw-transfer.tgz	51843cb7625b481feecbf01cfc3a047a38a8f2c9d560d97058962b77d373adbe	-	EXACT_DUPLICATE_EXTRACTED	-	-	-	-	-	-	-	-	./export-identity.txt	ff72603928e2348378640d9e05bd5b6eb2c7411b84dd9635059e739a4264b512	97	experiments/legacy/exp-step5-softpll-lock/EXP-WRPC-STEP5-HELPER-THRESHOLD1200-3360-KP-MINUS150-NOCOOLDOWN-20260909/raw/export-identity.txt	MATCHED_TRACKED
member	experiments/legacy/exp-step5-softpll-lock/EXP-WRPC-STEP5-HELPER-THRESHOLD1200-3360-KP-MINUS150-NOCOOLDOWN-20260909/raw/raw-transfer.tgz	51843cb7625b481feecbf01cfc3a047a38a8f2c9d560d97058962b77d373adbe	-	EXACT_DUPLICATE_EXTRACTED	-	-	-	-	-	-	-	-	./program-slave.log	b1580b457bbea7846bcd4a6b2afff1dafa5e302b4c370a56acc719a9727e2457	2240	experiments/legacy/exp-step5-softpll-lock/EXP-WRPC-STEP5-HELPER-THRESHOLD1200-3360-KP-MINUS150-NOCOOLDOWN-20260909/raw/program-slave.log	MATCHED_TRACKED
member	experiments/legacy/exp-step5-softpll-lock/EXP-WRPC-STEP5-HELPER-THRESHOLD1200-3360-KP-MINUS150-NOCOOLDOWN-20260909/raw/raw-transfer.tgz	51843cb7625b481feecbf01cfc3a047a38a8f2c9d560d97058962b77d373adbe	-	EXACT_DUPLICATE_EXTRACTED	-	-	-	-	-	-	-	-	./program-slave-recovery.log	4335e3f604402afef8864f9f4a87a5ef18884d180f0c29419078e9effe7fad67	2240	experiments/legacy/exp-step5-softpll-lock/EXP-WRPC-STEP5-HELPER-THRESHOLD1200-3360-KP-MINUS150-NOCOOLDOWN-20260909/raw/program-slave-recovery.log	MATCHED_TRACKED
member	experiments/legacy/exp-step5-softpll-lock/EXP-WRPC-STEP5-HELPER-THRESHOLD1200-3360-KP-MINUS150-NOCOOLDOWN-20260909/raw/raw-transfer.tgz	51843cb7625b481feecbf01cfc3a047a38a8f2c9d560d97058962b77d373adbe	-	EXACT_DUPLICATE_EXTRACTED	-	-	-	-	-	-	-	-	./identity.txt	500587dd3f22f79f7e21f66a99782819b89fae526ee9ef3011cc6b719965d728	131	experiments/legacy/exp-step5-softpll-lock/EXP-WRPC-STEP5-HELPER-THRESHOLD1200-3360-KP-MINUS150-NOCOOLDOWN-20260909/raw/identity.txt	MATCHED_TRACKED
member	experiments/legacy/exp-step5-softpll-lock/EXP-WRPC-STEP5-HELPER-THRESHOLD1200-3360-KP-MINUS150-NOCOOLDOWN-20260909/raw/raw-transfer.tgz	51843cb7625b481feecbf01cfc3a047a38a8f2c9d560d97058962b77d373adbe	-	EXACT_DUPLICATE_EXTRACTED	-	-	-	-	-	-	-	-	./firmware-jtag-master.log	5facb670645d129d3e89858a6fa013475f2335f4abf0b884af6eca7865ae3312	264	experiments/legacy/exp-step5-softpll-lock/EXP-WRPC-STEP5-HELPER-THRESHOLD1200-3360-KP-MINUS150-NOCOOLDOWN-20260909/raw/firmware-jtag-master.log	MATCHED_TRACKED
member	experiments/legacy/exp-step5-softpll-lock/EXP-WRPC-STEP5-HELPER-THRESHOLD1200-3360-KP-MINUS150-NOCOOLDOWN-20260909/raw/raw-transfer.tgz	51843cb7625b481feecbf01cfc3a047a38a8f2c9d560d97058962b77d373adbe	-	EXACT_DUPLICATE_EXTRACTED	-	-	-	-	-	-	-	-	./sof-sha256.txt	a07769a8a9bc23d8c7b5be46a491b44d2d530e3eab539c721c2ea9074c0acacd	280	experiments/legacy/exp-step5-softpll-lock/EXP-WRPC-STEP5-HELPER-THRESHOLD1200-3360-KP-MINUS150-NOCOOLDOWN-20260909/raw/sof-sha256.txt	MATCHED_TRACKED
member	experiments/legacy/exp-step5-softpll-lock/EXP-WRPC-STEP5-HELPER-THRESHOLD1200-3360-KP-MINUS150-NOCOOLDOWN-20260909/raw/raw-transfer.tgz	51843cb7625b481feecbf01cfc3a047a38a8f2c9d560d97058962b77d373adbe	-	EXACT_DUPLICATE_EXTRACTED	-	-	-	-	-	-	-	-	./program-master.log	ad6fc4e2203bc6933989f6741669410a04c79886e7da981972b49ee2ab754805	2244	experiments/legacy/exp-step5-softpll-lock/EXP-WRPC-STEP5-HELPER-THRESHOLD1200-3360-KP-MINUS150-NOCOOLDOWN-20260909/raw/program-master.log	MATCHED_TRACKED
archive	experiments/legacy/exp-step5-softpll-lock/EXP-WRPC-STEP5-HPLL-BOOTSTRAP3388-BASELINE-REPRO-20260912/raw-observer.tar.gz	c658f9568a76228fe342ee607b69eb1623388ea6390ffa827b45ff7d2f53be51	240824	KEEP_UNIQUE_OR_AMBIGUOUS	7	0	0	-	-	-	-	MATCH	-	-	-	-	-
member	experiments/legacy/exp-step5-softpll-lock/EXP-WRPC-STEP5-HPLL-BOOTSTRAP3388-BASELINE-REPRO-20260912/raw-observer.tar.gz	c658f9568a76228fe342ee607b69eb1623388ea6390ffa827b45ff7d2f53be51	-	KEEP_UNIQUE_OR_AMBIGUOUS	-	-	-	-	-	-	-	-	tmp/observer-step5-baseline3388-repro-20260912.log	e7b87483531cc292cb71dd0b5d87001ad3bf64f78d6878dd0da1ca4c0292da4f	2756108	-	UNMATCHED
member	experiments/legacy/exp-step5-softpll-lock/EXP-WRPC-STEP5-HPLL-BOOTSTRAP3388-BASELINE-REPRO-20260912/raw-observer.tar.gz	c658f9568a76228fe342ee607b69eb1623388ea6390ffa827b45ff7d2f53be51	-	KEEP_UNIQUE_OR_AMBIGUOUS	-	-	-	-	-	-	-	-	tmp/preflight-step5-baseline3388-repro-20260912.log	53eccd4e7f52b2574fe2577d9feec8dd4846f5df6e80051b8e0c62061f45cee1	19658	-	UNMATCHED
member	experiments/legacy/exp-step5-softpll-lock/EXP-WRPC-STEP5-HPLL-BOOTSTRAP3388-BASELINE-REPRO-20260912/raw-observer.tar.gz	c658f9568a76228fe342ee607b69eb1623388ea6390ffa827b45ff7d2f53be51	-	KEEP_UNIQUE_OR_AMBIGUOUS	-	-	-	-	-	-	-	-	tmp/preflight-step5-baseline3388-repro-20260912-settled120.log	60e9ffe11cec6e07a2dd2a55ea9b9bd0fbec085195b4b73c5e5c10f02ae43cad	22084	-	UNMATCHED
member	experiments/legacy/exp-step5-softpll-lock/EXP-WRPC-STEP5-HPLL-BOOTSTRAP3388-BASELINE-REPRO-20260912/raw-observer.tar.gz	c658f9568a76228fe342ee607b69eb1623388ea6390ffa827b45ff7d2f53be51	-	KEEP_UNIQUE_OR_AMBIGUOUS	-	-	-	-	-	-	-	-	tmp/build-step5-baseline3388-repro-master-20260912.log	146c9b4d0344d486cc22da119635fd96884b1ca436042cc24d563d2b2545349f	248	-	UNMATCHED
member	experiments/legacy/exp-step5-softpll-lock/EXP-WRPC-STEP5-HPLL-BOOTSTRAP3388-BASELINE-REPRO-20260912/raw-observer.tar.gz	c658f9568a76228fe342ee607b69eb1623388ea6390ffa827b45ff7d2f53be51	-	KEEP_UNIQUE_OR_AMBIGUOUS	-	-	-	-	-	-	-	-	tmp/build-step5-baseline3388-repro-slave-20260912.log	3a728e944efde6ac85290ba1d94fbdcfc5e08e9929dc94a8a8c9f10865e7dac2	243	-	UNMATCHED
member	experiments/legacy/exp-step5-softpll-lock/EXP-WRPC-STEP5-HPLL-BOOTSTRAP3388-BASELINE-REPRO-20260912/raw-observer.tar.gz	c658f9568a76228fe342ee607b69eb1623388ea6390ffa827b45ff7d2f53be51	-	KEEP_UNIQUE_OR_AMBIGUOUS	-	-	-	-	-	-	-	-	tmp/program-step5-baseline3388-repro-master-20260912.log	67c183779119874c946c22b48dbcbb25f3f778e84b2bdd2bea0640d887e77e09	2228	-	UNMATCHED
member	experiments/legacy/exp-step5-softpll-lock/EXP-WRPC-STEP5-HPLL-BOOTSTRAP3388-BASELINE-REPRO-20260912/raw-observer.tar.gz	c658f9568a76228fe342ee607b69eb1623388ea6390ffa827b45ff7d2f53be51	-	KEEP_UNIQUE_OR_AMBIGUOUS	-	-	-	-	-	-	-	-	tmp/program-step5-baseline3388-repro-slave-20260912.log	6da9c167b1f3f556111f1777d53ed4bfc97684f3fca19ac0dd25ca368a617dd1	2224	-	UNMATCHED
archive	experiments/legacy/exp-step5-softpll-lock/EXP-WRPC-STEP5-HPLL-BOOTSTRAP3388-HELPER-PI-TRACE-20260912/raw-observer.tar.gz	5239d444c4643167da713a802e803a11958a083dc62f1b06ed1ba6add62fdc73	167869	KEEP_UNIQUE_OR_AMBIGUOUS	7	0	0	-	-	-	-	MATCH	-	-	-	-	-
member	experiments/legacy/exp-step5-softpll-lock/EXP-WRPC-STEP5-HPLL-BOOTSTRAP3388-HELPER-PI-TRACE-20260912/raw-observer.tar.gz	5239d444c4643167da713a802e803a11958a083dc62f1b06ed1ba6add62fdc73	-	KEEP_UNIQUE_OR_AMBIGUOUS	-	-	-	-	-	-	-	-	tmp/observer-step5-pitrace-20260912.log	a8c202d722b01cfeccbbab4df919eeffd1d2340307744412b45dcd430d2a8dd0	2334720	-	UNMATCHED
member	experiments/legacy/exp-step5-softpll-lock/EXP-WRPC-STEP5-HPLL-BOOTSTRAP3388-HELPER-PI-TRACE-20260912/raw-observer.tar.gz	5239d444c4643167da713a802e803a11958a083dc62f1b06ed1ba6add62fdc73	-	KEEP_UNIQUE_OR_AMBIGUOUS	-	-	-	-	-	-	-	-	tmp/preflight-step5-pitrace-20260912.log	caa207d2cc0a8e494a4a10bbe7d41be52f2ce5efca98ce7c364126d7ee7a0f03	19660	-	UNMATCHED
member	experiments/legacy/exp-step5-softpll-lock/EXP-WRPC-STEP5-HPLL-BOOTSTRAP3388-HELPER-PI-TRACE-20260912/raw-observer.tar.gz	5239d444c4643167da713a802e803a11958a083dc62f1b06ed1ba6add62fdc73	-	KEEP_UNIQUE_OR_AMBIGUOUS	-	-	-	-	-	-	-	-	tmp/preflight-step5-pitrace-20260912-settled120.log	e9b52e73b308e7590cedd2e9d4c6ddb96a1e7a477628d01656a713a9ddd3c7de	22084	-	UNMATCHED
member	experiments/legacy/exp-step5-softpll-lock/EXP-WRPC-STEP5-HPLL-BOOTSTRAP3388-HELPER-PI-TRACE-20260912/raw-observer.tar.gz	5239d444c4643167da713a802e803a11958a083dc62f1b06ed1ba6add62fdc73	-	KEEP_UNIQUE_OR_AMBIGUOUS	-	-	-	-	-	-	-	-	tmp/build-step5-pitrace-master-20260912.log	146c9b4d0344d486cc22da119635fd96884b1ca436042cc24d563d2b2545349f	248	-	UNMATCHED
member	experiments/legacy/exp-step5-softpll-lock/EXP-WRPC-STEP5-HPLL-BOOTSTRAP3388-HELPER-PI-TRACE-20260912/raw-observer.tar.gz	5239d444c4643167da713a802e803a11958a083dc62f1b06ed1ba6add62fdc73	-	KEEP_UNIQUE_OR_AMBIGUOUS	-	-	-	-	-	-	-	-	tmp/build-step5-pitrace-slave-20260912.log	3a728e944efde6ac85290ba1d94fbdcfc5e08e9929dc94a8a8c9f10865e7dac2	243	-	UNMATCHED
member	experiments/legacy/exp-step5-softpll-lock/EXP-WRPC-STEP5-HPLL-BOOTSTRAP3388-HELPER-PI-TRACE-20260912/raw-observer.tar.gz	5239d444c4643167da713a802e803a11958a083dc62f1b06ed1ba6add62fdc73	-	KEEP_UNIQUE_OR_AMBIGUOUS	-	-	-	-	-	-	-	-	tmp/program-step5-pitrace-master-20260912.log	2217fc8f920dd95e934c74d6e1377b07e14ea30aa3552f9c447288300a2e7c1b	2228	-	UNMATCHED
member	experiments/legacy/exp-step5-softpll-lock/EXP-WRPC-STEP5-HPLL-BOOTSTRAP3388-HELPER-PI-TRACE-20260912/raw-observer.tar.gz	5239d444c4643167da713a802e803a11958a083dc62f1b06ed1ba6add62fdc73	-	KEEP_UNIQUE_OR_AMBIGUOUS	-	-	-	-	-	-	-	-	tmp/program-step5-pitrace-slave-20260912.log	a884fde91cde2abbd5c2c800e46f46e274a7be8a9fa37288e612c995fbf5609f	2224	-	UNMATCHED
archive	experiments/legacy/exp-step5-softpll-lock/EXP-WRPC-STEP5-HPLL-BOOTSTRAP3388-MAIN-KP300-20260912/raw-observer.tar.gz	659b4e66ec1d9ddf4132688e2c9bb2ff543eff02dce3bf1784b4f1603fc447d7	215901	KEEP_UNIQUE_OR_AMBIGUOUS	8	0	0	-	-	-	-	MATCH	-	-	-	-	-
member	experiments/legacy/exp-step5-softpll-lock/EXP-WRPC-STEP5-HPLL-BOOTSTRAP3388-MAIN-KP300-20260912/raw-observer.tar.gz	659b4e66ec1d9ddf4132688e2c9bb2ff543eff02dce3bf1784b4f1603fc447d7	-	KEEP_UNIQUE_OR_AMBIGUOUS	-	-	-	-	-	-	-	-	tmp/observer-step5-mainkp300-20260912.log	00c45b418a73aee634acbe1f5e3a5cd37adbc4e1134ae17a2cc36b1e304cb7af	570741	-	UNMATCHED
member	experiments/legacy/exp-step5-softpll-lock/EXP-WRPC-STEP5-HPLL-BOOTSTRAP3388-MAIN-KP300-20260912/raw-observer.tar.gz	659b4e66ec1d9ddf4132688e2c9bb2ff543eff02dce3bf1784b4f1603fc447d7	-	KEEP_UNIQUE_OR_AMBIGUOUS	-	-	-	-	-	-	-	-	tmp/observer-step5-mainkp300-closedloop-20260912.log	b80f9bf4d9bf1a0192a13106e5d7d668ac810aafe7821b2178a45869d7cb8eff	2763294	-	UNMATCHED
member	experiments/legacy/exp-step5-softpll-lock/EXP-WRPC-STEP5-HPLL-BOOTSTRAP3388-MAIN-KP300-20260912/raw-observer.tar.gz	659b4e66ec1d9ddf4132688e2c9bb2ff543eff02dce3bf1784b4f1603fc447d7	-	KEEP_UNIQUE_OR_AMBIGUOUS	-	-	-	-	-	-	-	-	tmp/preflight-step5-mainkp300-20260912.log	8456e88173ca57ee9ca26f3809d5b056b73c1ec5297f560a0ba638996968aa06	19660	-	UNMATCHED
member	experiments/legacy/exp-step5-softpll-lock/EXP-WRPC-STEP5-HPLL-BOOTSTRAP3388-MAIN-KP300-20260912/raw-observer.tar.gz	659b4e66ec1d9ddf4132688e2c9bb2ff543eff02dce3bf1784b4f1603fc447d7	-	KEEP_UNIQUE_OR_AMBIGUOUS	-	-	-	-	-	-	-	-	tmp/preflight-step5-mainkp300-20260912-settled120.log	f7c54a9c8333c66697e10dbaad1e26959f84ab73e74e2df08aac1d385eb25635	22083	-	UNMATCHED
member	experiments/legacy/exp-step5-softpll-lock/EXP-WRPC-STEP5-HPLL-BOOTSTRAP3388-MAIN-KP300-20260912/raw-observer.tar.gz	659b4e66ec1d9ddf4132688e2c9bb2ff543eff02dce3bf1784b4f1603fc447d7	-	KEEP_UNIQUE_OR_AMBIGUOUS	-	-	-	-	-	-	-	-	tmp/build-step5-mainkp300-master-20260912.log	146c9b4d0344d486cc22da119635fd96884b1ca436042cc24d563d2b2545349f	248	-	UNMATCHED
member	experiments/legacy/exp-step5-softpll-lock/EXP-WRPC-STEP5-HPLL-BOOTSTRAP3388-MAIN-KP300-20260912/raw-observer.tar.gz	659b4e66ec1d9ddf4132688e2c9bb2ff543eff02dce3bf1784b4f1603fc447d7	-	KEEP_UNIQUE_OR_AMBIGUOUS	-	-	-	-	-	-	-	-	tmp/build-step5-mainkp300-slave-20260912.log	3a728e944efde6ac85290ba1d94fbdcfc5e08e9929dc94a8a8c9f10865e7dac2	243	-	UNMATCHED
member	experiments/legacy/exp-step5-softpll-lock/EXP-WRPC-STEP5-HPLL-BOOTSTRAP3388-MAIN-KP300-20260912/raw-observer.tar.gz	659b4e66ec1d9ddf4132688e2c9bb2ff543eff02dce3bf1784b4f1603fc447d7	-	KEEP_UNIQUE_OR_AMBIGUOUS	-	-	-	-	-	-	-	-	tmp/program-step5-mainkp300-master-20260912.log	e8d62894c216b097c0b5bfe1c60ad244bcc281e1507f10cc3e475813b00f9727	2228	-	UNMATCHED
member	experiments/legacy/exp-step5-softpll-lock/EXP-WRPC-STEP5-HPLL-BOOTSTRAP3388-MAIN-KP300-20260912/raw-observer.tar.gz	659b4e66ec1d9ddf4132688e2c9bb2ff543eff02dce3bf1784b4f1603fc447d7	-	KEEP_UNIQUE_OR_AMBIGUOUS	-	-	-	-	-	-	-	-	tmp/program-step5-mainkp300-slave-20260912.log	8b057f8fb922066f99c368f67190e297cc3078903b4918711a45c596a92b4f66	2224	-	UNMATCHED
archive	experiments/legacy/exp-step5-softpll-lock/EXP-WRPC-STEP5-HPLL-BOOTSTRAP3388-MAIN-KP300-HELPER-KP-MINUS125-20260912/raw-observer.tar.gz	0227b756bb8baca9a9b82d1f03cb27d954fbb392fb1d3aa57731437084dba6c9	5820	KEEP_UNIQUE_OR_AMBIGUOUS	6	0	0	-	-	-	-	MATCH	-	-	-	-	-
member	experiments/legacy/exp-step5-softpll-lock/EXP-WRPC-STEP5-HPLL-BOOTSTRAP3388-MAIN-KP300-HELPER-KP-MINUS125-20260912/raw-observer.tar.gz	0227b756bb8baca9a9b82d1f03cb27d954fbb392fb1d3aa57731437084dba6c9	-	KEEP_UNIQUE_OR_AMBIGUOUS	-	-	-	-	-	-	-	-	tmp/preflight-step5-mainkp300-helperkp125-20260912.log	12a9caa2409381690e42861d77f85c3c5557cff8966a68489ef451b2292a3b1d	19667	-	UNMATCHED
member	experiments/legacy/exp-step5-softpll-lock/EXP-WRPC-STEP5-HPLL-BOOTSTRAP3388-MAIN-KP300-HELPER-KP-MINUS125-20260912/raw-observer.tar.gz	0227b756bb8baca9a9b82d1f03cb27d954fbb392fb1d3aa57731437084dba6c9	-	KEEP_UNIQUE_OR_AMBIGUOUS	-	-	-	-	-	-	-	-	tmp/preflight-step5-mainkp300-helperkp125-20260912-settled120.log	3791dd96182b8db17ff61a968c64068a9850070df4718a78117ae62549a0f475	19672	-	UNMATCHED
member	experiments/legacy/exp-step5-softpll-lock/EXP-WRPC-STEP5-HPLL-BOOTSTRAP3388-MAIN-KP300-HELPER-KP-MINUS125-20260912/raw-observer.tar.gz	0227b756bb8baca9a9b82d1f03cb27d954fbb392fb1d3aa57731437084dba6c9	-	KEEP_UNIQUE_OR_AMBIGUOUS	-	-	-	-	-	-	-	-	tmp/build-step5-mainkp300-helperkp125-master-20260912.log	146c9b4d0344d486cc22da119635fd96884b1ca436042cc24d563d2b2545349f	248	-	UNMATCHED
member	experiments/legacy/exp-step5-softpll-lock/EXP-WRPC-STEP5-HPLL-BOOTSTRAP3388-MAIN-KP300-HELPER-KP-MINUS125-20260912/raw-observer.tar.gz	0227b756bb8baca9a9b82d1f03cb27d954fbb392fb1d3aa57731437084dba6c9	-	KEEP_UNIQUE_OR_AMBIGUOUS	-	-	-	-	-	-	-	-	tmp/build-step5-mainkp300-helperkp125-slave-20260912.log	3a728e944efde6ac85290ba1d94fbdcfc5e08e9929dc94a8a8c9f10865e7dac2	243	-	UNMATCHED
member	experiments/legacy/exp-step5-softpll-lock/EXP-WRPC-STEP5-HPLL-BOOTSTRAP3388-MAIN-KP300-HELPER-KP-MINUS125-20260912/raw-observer.tar.gz	0227b756bb8baca9a9b82d1f03cb27d954fbb392fb1d3aa57731437084dba6c9	-	KEEP_UNIQUE_OR_AMBIGUOUS	-	-	-	-	-	-	-	-	tmp/program-step5-mainkp300-helperkp125-master-20260912.log	ff5ea9f6625080d29446773747549649b1cb7f2a8827d561c164b5805086918e	2228	-	UNMATCHED
member	experiments/legacy/exp-step5-softpll-lock/EXP-WRPC-STEP5-HPLL-BOOTSTRAP3388-MAIN-KP300-HELPER-KP-MINUS125-20260912/raw-observer.tar.gz	0227b756bb8baca9a9b82d1f03cb27d954fbb392fb1d3aa57731437084dba6c9	-	KEEP_UNIQUE_OR_AMBIGUOUS	-	-	-	-	-	-	-	-	tmp/program-step5-mainkp300-helperkp125-slave-20260912.log	f7c778cf01a3389b29f5e9cf4c3b15b068940d268b3eefa9248ed43eb1d94e09	2224	-	UNMATCHED
archive	experiments/legacy/exp-step5-softpll-lock/EXP-WRPC-STEP5-HPLL-BOOTSTRAP3388-MAIN-KP300-HELPER-KP-MINUS125-20260912/raw-recovery-observer.tar.gz	bc1867e21764c4fdafb1675503aca6a66dcc777ce89921540ff76193175e884e	228887	KEEP_UNIQUE_OR_AMBIGUOUS	11	0	0	-	-	-	-	MATCH	-	-	-	-	-
member	experiments/legacy/exp-step5-softpll-lock/EXP-WRPC-STEP5-HPLL-BOOTSTRAP3388-MAIN-KP300-HELPER-KP-MINUS125-20260912/raw-recovery-observer.tar.gz	bc1867e21764c4fdafb1675503aca6a66dcc777ce89921540ff76193175e884e	-	KEEP_UNIQUE_OR_AMBIGUOUS	-	-	-	-	-	-	-	-	tmp/observer-step5-mainkp300-helperkp125-20260912.log	a1cd79bf561ad3830c932ba2f012d02521f3392fbae34c1cb09eafa87fe65b8b	2761735	-	UNMATCHED
member	experiments/legacy/exp-step5-softpll-lock/EXP-WRPC-STEP5-HPLL-BOOTSTRAP3388-MAIN-KP300-HELPER-KP-MINUS125-20260912/raw-recovery-observer.tar.gz	bc1867e21764c4fdafb1675503aca6a66dcc777ce89921540ff76193175e884e	-	KEEP_UNIQUE_OR_AMBIGUOUS	-	-	-	-	-	-	-	-	tmp/preflight-step5-mainkp300-helperkp125-20260912.log	12a9caa2409381690e42861d77f85c3c5557cff8966a68489ef451b2292a3b1d	19667	-	UNMATCHED
member	experiments/legacy/exp-step5-softpll-lock/EXP-WRPC-STEP5-HPLL-BOOTSTRAP3388-MAIN-KP300-HELPER-KP-MINUS125-20260912/raw-recovery-observer.tar.gz	bc1867e21764c4fdafb1675503aca6a66dcc777ce89921540ff76193175e884e	-	KEEP_UNIQUE_OR_AMBIGUOUS	-	-	-	-	-	-	-	-	tmp/preflight-step5-mainkp300-helperkp125-20260912-settled120.log	3791dd96182b8db17ff61a968c64068a9850070df4718a78117ae62549a0f475	19672	-	UNMATCHED
member	experiments/legacy/exp-step5-softpll-lock/EXP-WRPC-STEP5-HPLL-BOOTSTRAP3388-MAIN-KP300-HELPER-KP-MINUS125-20260912/raw-recovery-observer.tar.gz	bc1867e21764c4fdafb1675503aca6a66dcc777ce89921540ff76193175e884e	-	KEEP_UNIQUE_OR_AMBIGUOUS	-	-	-	-	-	-	-	-	tmp/preflight-step5-mainkp300-helperkp125-recovery-20260912.log	740b5702c98d787287b06253dcbebb50973cf571782e92eb2bfd5c7d1f4a0e16	19662	-	UNMATCHED
member	experiments/legacy/exp-step5-softpll-lock/EXP-WRPC-STEP5-HPLL-BOOTSTRAP3388-MAIN-KP300-HELPER-KP-MINUS125-20260912/raw-recovery-observer.tar.gz	bc1867e21764c4fdafb1675503aca6a66dcc777ce89921540ff76193175e884e	-	KEEP_UNIQUE_OR_AMBIGUOUS	-	-	-	-	-	-	-	-	tmp/preflight-step5-mainkp300-helperkp125-recovery-20260912-settled120.log	2e474a99687bbd8f72e7914d9501eee66390c009ffec910fbd24c27c27ffb8a2	22070	-	UNMATCHED
member	experiments/legacy/exp-step5-softpll-lock/EXP-WRPC-STEP5-HPLL-BOOTSTRAP3388-MAIN-KP300-HELPER-KP-MINUS125-20260912/raw-recovery-observer.tar.gz	bc1867e21764c4fdafb1675503aca6a66dcc777ce89921540ff76193175e884e	-	KEEP_UNIQUE_OR_AMBIGUOUS	-	-	-	-	-	-	-	-	tmp/build-step5-mainkp300-helperkp125-master-20260912.log	146c9b4d0344d486cc22da119635fd96884b1ca436042cc24d563d2b2545349f	248	-	UNMATCHED
member	experiments/legacy/exp-step5-softpll-lock/EXP-WRPC-STEP5-HPLL-BOOTSTRAP3388-MAIN-KP300-HELPER-KP-MINUS125-20260912/raw-recovery-observer.tar.gz	bc1867e21764c4fdafb1675503aca6a66dcc777ce89921540ff76193175e884e	-	KEEP_UNIQUE_OR_AMBIGUOUS	-	-	-	-	-	-	-	-	tmp/build-step5-mainkp300-helperkp125-slave-20260912.log	3a728e944efde6ac85290ba1d94fbdcfc5e08e9929dc94a8a8c9f10865e7dac2	243	-	UNMATCHED
member	experiments/legacy/exp-step5-softpll-lock/EXP-WRPC-STEP5-HPLL-BOOTSTRAP3388-MAIN-KP300-HELPER-KP-MINUS125-20260912/raw-recovery-observer.tar.gz	bc1867e21764c4fdafb1675503aca6a66dcc777ce89921540ff76193175e884e	-	KEEP_UNIQUE_OR_AMBIGUOUS	-	-	-	-	-	-	-	-	tmp/program-step5-mainkp300-helperkp125-master-20260912.log	ff5ea9f6625080d29446773747549649b1cb7f2a8827d561c164b5805086918e	2228	-	UNMATCHED
member	experiments/legacy/exp-step5-softpll-lock/EXP-WRPC-STEP5-HPLL-BOOTSTRAP3388-MAIN-KP300-HELPER-KP-MINUS125-20260912/raw-recovery-observer.tar.gz	bc1867e21764c4fdafb1675503aca6a66dcc777ce89921540ff76193175e884e	-	KEEP_UNIQUE_OR_AMBIGUOUS	-	-	-	-	-	-	-	-	tmp/program-step5-mainkp300-helperkp125-slave-20260912.log	f7c778cf01a3389b29f5e9cf4c3b15b068940d268b3eefa9248ed43eb1d94e09	2224	-	UNMATCHED
member	experiments/legacy/exp-step5-softpll-lock/EXP-WRPC-STEP5-HPLL-BOOTSTRAP3388-MAIN-KP300-HELPER-KP-MINUS125-20260912/raw-recovery-observer.tar.gz	bc1867e21764c4fdafb1675503aca6a66dcc777ce89921540ff76193175e884e	-	KEEP_UNIQUE_OR_AMBIGUOUS	-	-	-	-	-	-	-	-	tmp/program-step5-mainkp300-helperkp125-recovery-master-20260912.log	b63adb22b4cd547130c58f6a472f18f8399cec1515487f03f29141d8a460db6a	2228	-	UNMATCHED
member	experiments/legacy/exp-step5-softpll-lock/EXP-WRPC-STEP5-HPLL-BOOTSTRAP3388-MAIN-KP300-HELPER-KP-MINUS125-20260912/raw-recovery-observer.tar.gz	bc1867e21764c4fdafb1675503aca6a66dcc777ce89921540ff76193175e884e	-	KEEP_UNIQUE_OR_AMBIGUOUS	-	-	-	-	-	-	-	-	tmp/program-step5-mainkp300-helperkp125-recovery-slave-20260912.log	703869e05ecf476f7eed7fd3d2b7248dac8821d0b05fa8aa75d405a1de766e1f	2224	-	UNMATCHED
archive	experiments/legacy/exp-step5-softpll-lock/EXP-WRPC-STEP5-HPLL-BOOTSTRAP3388-MAIN-KP300-HELPER-KP-MINUS150-COOLDOWN16-20260912/raw-observer.tar.gz	a6b0da6be01412c6056caadb7a47abcadf8b194813813ff6efaf0369edaea5f9	261128	KEEP_UNIQUE_OR_AMBIGUOUS	7	0	0	-	-	-	-	MATCH	-	-	-	-	-
member	experiments/legacy/exp-step5-softpll-lock/EXP-WRPC-STEP5-HPLL-BOOTSTRAP3388-MAIN-KP300-HELPER-KP-MINUS150-COOLDOWN16-20260912/raw-observer.tar.gz	a6b0da6be01412c6056caadb7a47abcadf8b194813813ff6efaf0369edaea5f9	-	KEEP_UNIQUE_OR_AMBIGUOUS	-	-	-	-	-	-	-	-	tmp/observer-step5-mainkp300-helperkp150-cooldown16-20260912.log	b0ae335fc41c6f94d748b2f4e237907a16602a02acf725c492493fb01f625e95	2768415	-	UNMATCHED
member	experiments/legacy/exp-step5-softpll-lock/EXP-WRPC-STEP5-HPLL-BOOTSTRAP3388-MAIN-KP300-HELPER-KP-MINUS150-COOLDOWN16-20260912/raw-observer.tar.gz	a6b0da6be01412c6056caadb7a47abcadf8b194813813ff6efaf0369edaea5f9	-	KEEP_UNIQUE_OR_AMBIGUOUS	-	-	-	-	-	-	-	-	tmp/preflight-step5-mainkp300-helperkp150-cooldown16-20260912.log	0a8a207c9fb38adbafc5dded9780fa9ee6a3f4da226d102bd562b85910efcfda	19662	-	UNMATCHED
member	experiments/legacy/exp-step5-softpll-lock/EXP-WRPC-STEP5-HPLL-BOOTSTRAP3388-MAIN-KP300-HELPER-KP-MINUS150-COOLDOWN16-20260912/raw-observer.tar.gz	a6b0da6be01412c6056caadb7a47abcadf8b194813813ff6efaf0369edaea5f9	-	KEEP_UNIQUE_OR_AMBIGUOUS	-	-	-	-	-	-	-	-	tmp/preflight-step5-mainkp300-helperkp150-cooldown16-20260912-settled120.log	3dacce9e5338226da53fe11df61b8651b346b85da65139dd269a04bf31929e01	22068	-	UNMATCHED
member	experiments/legacy/exp-step5-softpll-lock/EXP-WRPC-STEP5-HPLL-BOOTSTRAP3388-MAIN-KP300-HELPER-KP-MINUS150-COOLDOWN16-20260912/raw-observer.tar.gz	a6b0da6be01412c6056caadb7a47abcadf8b194813813ff6efaf0369edaea5f9	-	KEEP_UNIQUE_OR_AMBIGUOUS	-	-	-	-	-	-	-	-	tmp/build-step5-mainkp300-helperkp150-cooldown16-master-20260912.log	146c9b4d0344d486cc22da119635fd96884b1ca436042cc24d563d2b2545349f	248	-	UNMATCHED
member	experiments/legacy/exp-step5-softpll-lock/EXP-WRPC-STEP5-HPLL-BOOTSTRAP3388-MAIN-KP300-HELPER-KP-MINUS150-COOLDOWN16-20260912/raw-observer.tar.gz	a6b0da6be01412c6056caadb7a47abcadf8b194813813ff6efaf0369edaea5f9	-	KEEP_UNIQUE_OR_AMBIGUOUS	-	-	-	-	-	-	-	-	tmp/build-step5-mainkp300-helperkp150-cooldown16-slave-20260912.log	3a728e944efde6ac85290ba1d94fbdcfc5e08e9929dc94a8a8c9f10865e7dac2	243	-	UNMATCHED
member	experiments/legacy/exp-step5-softpll-lock/EXP-WRPC-STEP5-HPLL-BOOTSTRAP3388-MAIN-KP300-HELPER-KP-MINUS150-COOLDOWN16-20260912/raw-observer.tar.gz	a6b0da6be01412c6056caadb7a47abcadf8b194813813ff6efaf0369edaea5f9	-	KEEP_UNIQUE_OR_AMBIGUOUS	-	-	-	-	-	-	-	-	tmp/program-step5-mainkp300-helperkp150-cooldown16-master-20260912.log	f85d580db60483adf45a29ba2f14ba19eae447a4adc97153ec5f7c62396f6502	2228	-	UNMATCHED
member	experiments/legacy/exp-step5-softpll-lock/EXP-WRPC-STEP5-HPLL-BOOTSTRAP3388-MAIN-KP300-HELPER-KP-MINUS150-COOLDOWN16-20260912/raw-observer.tar.gz	a6b0da6be01412c6056caadb7a47abcadf8b194813813ff6efaf0369edaea5f9	-	KEEP_UNIQUE_OR_AMBIGUOUS	-	-	-	-	-	-	-	-	tmp/program-step5-mainkp300-helperkp150-cooldown16-slave-20260912.log	693fdc1c926308f67296dd6086759494f4faf9dd2738dcb75dbe42ad1a26d50c	2224	-	UNMATCHED
archive	experiments/legacy/exp-step5-softpll-lock/EXP-WRPC-STEP5-HPLL-BOOTSTRAP3388-MAIN-KP300-HELPER-KP-MINUS150-COOLDOWN64-20260912/raw-observer.tar.gz	05becbb5bbd9139defe80a6a8a31dae3d2e8e63a54c0edcc90e1b9457fa0c8f1	225375	KEEP_UNIQUE_OR_AMBIGUOUS	7	0	0	-	-	-	-	MATCH	-	-	-	-	-
member	experiments/legacy/exp-step5-softpll-lock/EXP-WRPC-STEP5-HPLL-BOOTSTRAP3388-MAIN-KP300-HELPER-KP-MINUS150-COOLDOWN64-20260912/raw-observer.tar.gz	05becbb5bbd9139defe80a6a8a31dae3d2e8e63a54c0edcc90e1b9457fa0c8f1	-	KEEP_UNIQUE_OR_AMBIGUOUS	-	-	-	-	-	-	-	-	tmp/observer-step5-mainkp300-helperkp150-cooldown64-20260912.log	c56d5034adb99fcb1a9b69c4aa2a473bb7fe6f25ee1afbac9ba51ea0fdc60e33	2764111	-	UNMATCHED
member	experiments/legacy/exp-step5-softpll-lock/EXP-WRPC-STEP5-HPLL-BOOTSTRAP3388-MAIN-KP300-HELPER-KP-MINUS150-COOLDOWN64-20260912/raw-observer.tar.gz	05becbb5bbd9139defe80a6a8a31dae3d2e8e63a54c0edcc90e1b9457fa0c8f1	-	KEEP_UNIQUE_OR_AMBIGUOUS	-	-	-	-	-	-	-	-	tmp/preflight-step5-mainkp300-helperkp150-cooldown64-20260912.log	3e3de8467ae5f66eb7b4818cfd2053bd63c2dbd3ea897f451b63db121d83f5cd	19660	-	UNMATCHED
member	experiments/legacy/exp-step5-softpll-lock/EXP-WRPC-STEP5-HPLL-BOOTSTRAP3388-MAIN-KP300-HELPER-KP-MINUS150-COOLDOWN64-20260912/raw-observer.tar.gz	05becbb5bbd9139defe80a6a8a31dae3d2e8e63a54c0edcc90e1b9457fa0c8f1	-	KEEP_UNIQUE_OR_AMBIGUOUS	-	-	-	-	-	-	-	-	tmp/preflight-step5-mainkp300-helperkp150-cooldown64-20260912-settled120.log	51c683040239a66807526a86fc305d1c54e5f2fb2a3bacc5a2009d78a5a84988	22067	-	UNMATCHED
member	experiments/legacy/exp-step5-softpll-lock/EXP-WRPC-STEP5-HPLL-BOOTSTRAP3388-MAIN-KP300-HELPER-KP-MINUS150-COOLDOWN64-20260912/raw-observer.tar.gz	05becbb5bbd9139defe80a6a8a31dae3d2e8e63a54c0edcc90e1b9457fa0c8f1	-	KEEP_UNIQUE_OR_AMBIGUOUS	-	-	-	-	-	-	-	-	tmp/build-step5-mainkp300-helperkp150-cooldown64-master-20260912.log	146c9b4d0344d486cc22da119635fd96884b1ca436042cc24d563d2b2545349f	248	-	UNMATCHED
member	experiments/legacy/exp-step5-softpll-lock/EXP-WRPC-STEP5-HPLL-BOOTSTRAP3388-MAIN-KP300-HELPER-KP-MINUS150-COOLDOWN64-20260912/raw-observer.tar.gz	05becbb5bbd9139defe80a6a8a31dae3d2e8e63a54c0edcc90e1b9457fa0c8f1	-	KEEP_UNIQUE_OR_AMBIGUOUS	-	-	-	-	-	-	-	-	tmp/build-step5-mainkp300-helperkp150-cooldown64-slave-20260912.log	3a728e944efde6ac85290ba1d94fbdcfc5e08e9929dc94a8a8c9f10865e7dac2	243	-	UNMATCHED
member	experiments/legacy/exp-step5-softpll-lock/EXP-WRPC-STEP5-HPLL-BOOTSTRAP3388-MAIN-KP300-HELPER-KP-MINUS150-COOLDOWN64-20260912/raw-observer.tar.gz	05becbb5bbd9139defe80a6a8a31dae3d2e8e63a54c0edcc90e1b9457fa0c8f1	-	KEEP_UNIQUE_OR_AMBIGUOUS	-	-	-	-	-	-	-	-	tmp/program-step5-mainkp300-helperkp150-cooldown64-master-20260912.log	a2d65e41ab6109aa9e6661e7564a25b8652e555918bc06af8e13b6c4c0c63f08	2228	-	UNMATCHED
member	experiments/legacy/exp-step5-softpll-lock/EXP-WRPC-STEP5-HPLL-BOOTSTRAP3388-MAIN-KP300-HELPER-KP-MINUS150-COOLDOWN64-20260912/raw-observer.tar.gz	05becbb5bbd9139defe80a6a8a31dae3d2e8e63a54c0edcc90e1b9457fa0c8f1	-	KEEP_UNIQUE_OR_AMBIGUOUS	-	-	-	-	-	-	-	-	tmp/program-step5-mainkp300-helperkp150-cooldown64-slave-20260912.log	fdaf2ef3ec068cfb3dbdf1fb1fd932e669e6e6e679abb0f35cb2712734f40ef8	2224	-	UNMATCHED
archive	experiments/legacy/exp-step5-softpll-lock/EXP-WRPC-STEP5-HPLL-BOOTSTRAP3388-MAIN-KP300-HELPER-KP-MINUS150-COOLDOWN8-20260912/raw-observer.tar.gz	b0f85d555a49e911e7ada490ad20c2a1972375c2c69bc62b24297b919ff6f3fd	227902	KEEP_UNIQUE_OR_AMBIGUOUS	7	0	0	-	-	-	-	MATCH	-	-	-	-	-
member	experiments/legacy/exp-step5-softpll-lock/EXP-WRPC-STEP5-HPLL-BOOTSTRAP3388-MAIN-KP300-HELPER-KP-MINUS150-COOLDOWN8-20260912/raw-observer.tar.gz	b0f85d555a49e911e7ada490ad20c2a1972375c2c69bc62b24297b919ff6f3fd	-	KEEP_UNIQUE_OR_AMBIGUOUS	-	-	-	-	-	-	-	-	tmp/observer-step5-mainkp300-helperkp150-cooldown8-20260912.log	e640d2302cdc822af916262ac91bc0f446fb05cded876c10dbf77ab072fb804c	2765688	-	UNMATCHED
member	experiments/legacy/exp-step5-softpll-lock/EXP-WRPC-STEP5-HPLL-BOOTSTRAP3388-MAIN-KP300-HELPER-KP-MINUS150-COOLDOWN8-20260912/raw-observer.tar.gz	b0f85d555a49e911e7ada490ad20c2a1972375c2c69bc62b24297b919ff6f3fd	-	KEEP_UNIQUE_OR_AMBIGUOUS	-	-	-	-	-	-	-	-	tmp/preflight-step5-mainkp300-helperkp150-cooldown8-20260912.log	7ada8c3a909e844911fcbf4b713a7cab17ca6d4c31913e361a2e8a72ede25ba4	19662	-	UNMATCHED
member	experiments/legacy/exp-step5-softpll-lock/EXP-WRPC-STEP5-HPLL-BOOTSTRAP3388-MAIN-KP300-HELPER-KP-MINUS150-COOLDOWN8-20260912/raw-observer.tar.gz	b0f85d555a49e911e7ada490ad20c2a1972375c2c69bc62b24297b919ff6f3fd	-	KEEP_UNIQUE_OR_AMBIGUOUS	-	-	-	-	-	-	-	-	tmp/preflight-step5-mainkp300-helperkp150-cooldown8-20260912-settled120.log	0a40a85f4dde34d17daf6b3b5c5bc71e2955c16244db25b8e26fbc9aff8669cb	22081	-	UNMATCHED
member	experiments/legacy/exp-step5-softpll-lock/EXP-WRPC-STEP5-HPLL-BOOTSTRAP3388-MAIN-KP300-HELPER-KP-MINUS150-COOLDOWN8-20260912/raw-observer.tar.gz	b0f85d555a49e911e7ada490ad20c2a1972375c2c69bc62b24297b919ff6f3fd	-	KEEP_UNIQUE_OR_AMBIGUOUS	-	-	-	-	-	-	-	-	tmp/build-step5-mainkp300-helperkp150-cooldown8-master-20260912.log	146c9b4d0344d486cc22da119635fd96884b1ca436042cc24d563d2b2545349f	248	-	UNMATCHED
member	experiments/legacy/exp-step5-softpll-lock/EXP-WRPC-STEP5-HPLL-BOOTSTRAP3388-MAIN-KP300-HELPER-KP-MINUS150-COOLDOWN8-20260912/raw-observer.tar.gz	b0f85d555a49e911e7ada490ad20c2a1972375c2c69bc62b24297b919ff6f3fd	-	KEEP_UNIQUE_OR_AMBIGUOUS	-	-	-	-	-	-	-	-	tmp/build-step5-mainkp300-helperkp150-cooldown8-slave-20260912.log	3a728e944efde6ac85290ba1d94fbdcfc5e08e9929dc94a8a8c9f10865e7dac2	243	-	UNMATCHED
member	experiments/legacy/exp-step5-softpll-lock/EXP-WRPC-STEP5-HPLL-BOOTSTRAP3388-MAIN-KP300-HELPER-KP-MINUS150-COOLDOWN8-20260912/raw-observer.tar.gz	b0f85d555a49e911e7ada490ad20c2a1972375c2c69bc62b24297b919ff6f3fd	-	KEEP_UNIQUE_OR_AMBIGUOUS	-	-	-	-	-	-	-	-	tmp/program-step5-mainkp300-helperkp150-cooldown8-master-20260912.log	676bd78d6f0c402d3f63d98166deea1bd0201f0c748bf39a321cbf5eacab8682	2228	-	UNMATCHED
member	experiments/legacy/exp-step5-softpll-lock/EXP-WRPC-STEP5-HPLL-BOOTSTRAP3388-MAIN-KP300-HELPER-KP-MINUS150-COOLDOWN8-20260912/raw-observer.tar.gz	b0f85d555a49e911e7ada490ad20c2a1972375c2c69bc62b24297b919ff6f3fd	-	KEEP_UNIQUE_OR_AMBIGUOUS	-	-	-	-	-	-	-	-	tmp/program-step5-mainkp300-helperkp150-cooldown8-slave-20260912.log	3772c68de4ebfc7a69dd3f86593a753ef0902a04a2c56a2d13f5f078bffb990e	2224	-	UNMATCHED
archive	experiments/legacy/exp-step5-softpll-lock/EXP-WRPC-STEP5-HPLL-BOOTSTRAP3388-MAIN-PI-TRACE-20260912/raw-observer.tar.gz	caa1fa92c5584978e96491d7741341d3ff9c4e95d0cd87c833f9fe36bbf6e28c	85986	KEEP_UNIQUE_OR_AMBIGUOUS	7	0	0	-	-	-	-	MATCH	-	-	-	-	-
member	experiments/legacy/exp-step5-softpll-lock/EXP-WRPC-STEP5-HPLL-BOOTSTRAP3388-MAIN-PI-TRACE-20260912/raw-observer.tar.gz	caa1fa92c5584978e96491d7741341d3ff9c4e95d0cd87c833f9fe36bbf6e28c	-	KEEP_UNIQUE_OR_AMBIGUOUS	-	-	-	-	-	-	-	-	tmp/observer-step5-maintrace-20260912.log	2bfe81b2bce5e98a54ea6fe53a3b6c13b0e279bbf4184f8bf73fc68c1039a47b	3426333	-	UNMATCHED
member	experiments/legacy/exp-step5-softpll-lock/EXP-WRPC-STEP5-HPLL-BOOTSTRAP3388-MAIN-PI-TRACE-20260912/raw-observer.tar.gz	caa1fa92c5584978e96491d7741341d3ff9c4e95d0cd87c833f9fe36bbf6e28c	-	KEEP_UNIQUE_OR_AMBIGUOUS	-	-	-	-	-	-	-	-	tmp/preflight-step5-maintrace-20260912.log	6126e6bb4f8a66f644620323ef708940dcdb6851d2b2f96cbd1bb30841a43b66	19662	-	UNMATCHED
member	experiments/legacy/exp-step5-softpll-lock/EXP-WRPC-STEP5-HPLL-BOOTSTRAP3388-MAIN-PI-TRACE-20260912/raw-observer.tar.gz	caa1fa92c5584978e96491d7741341d3ff9c4e95d0cd87c833f9fe36bbf6e28c	-	KEEP_UNIQUE_OR_AMBIGUOUS	-	-	-	-	-	-	-	-	tmp/preflight-step5-maintrace-20260912-settled120.log	bd7d7de269f482c9a136e7ae5aa2d745a455ff04ee3beee4e07500539ac30113	22084	-	UNMATCHED
member	experiments/legacy/exp-step5-softpll-lock/EXP-WRPC-STEP5-HPLL-BOOTSTRAP3388-MAIN-PI-TRACE-20260912/raw-observer.tar.gz	caa1fa92c5584978e96491d7741341d3ff9c4e95d0cd87c833f9fe36bbf6e28c	-	KEEP_UNIQUE_OR_AMBIGUOUS	-	-	-	-	-	-	-	-	tmp/build-step5-maintrace-master-20260912.log	146c9b4d0344d486cc22da119635fd96884b1ca436042cc24d563d2b2545349f	248	-	UNMATCHED
member	experiments/legacy/exp-step5-softpll-lock/EXP-WRPC-STEP5-HPLL-BOOTSTRAP3388-MAIN-PI-TRACE-20260912/raw-observer.tar.gz	caa1fa92c5584978e96491d7741341d3ff9c4e95d0cd87c833f9fe36bbf6e28c	-	KEEP_UNIQUE_OR_AMBIGUOUS	-	-	-	-	-	-	-	-	tmp/build-step5-maintrace-slave-20260912.log	3a728e944efde6ac85290ba1d94fbdcfc5e08e9929dc94a8a8c9f10865e7dac2	243	-	UNMATCHED
member	experiments/legacy/exp-step5-softpll-lock/EXP-WRPC-STEP5-HPLL-BOOTSTRAP3388-MAIN-PI-TRACE-20260912/raw-observer.tar.gz	caa1fa92c5584978e96491d7741341d3ff9c4e95d0cd87c833f9fe36bbf6e28c	-	KEEP_UNIQUE_OR_AMBIGUOUS	-	-	-	-	-	-	-	-	tmp/program-step5-maintrace-master-20260912.log	58768f697e4d1175ed43cf14a61f45507b31b16fd3d8bfcde86dc12264788892	2228	-	UNMATCHED
member	experiments/legacy/exp-step5-softpll-lock/EXP-WRPC-STEP5-HPLL-BOOTSTRAP3388-MAIN-PI-TRACE-20260912/raw-observer.tar.gz	caa1fa92c5584978e96491d7741341d3ff9c4e95d0cd87c833f9fe36bbf6e28c	-	KEEP_UNIQUE_OR_AMBIGUOUS	-	-	-	-	-	-	-	-	tmp/program-step5-maintrace-slave-20260912.log	7b99af0482581b2060ad1739e455b1e783d12d7e0a82eec75ebabeca6cdd130a	2224	-	UNMATCHED
archive	experiments/legacy/exp-step5-softpll-lock/EXP-WRPC-STEP5-HPLL-ZERO-CROSSING-3360-KP-MINUS150-COOLDOWN32-PI-DECIMATE64-PHASE-GUARD-20260909/raw/raw-transfer.tgz	a3ac54d41376c1afab2673c27dfd5e6c57235b174481d08a355f5616fed5c265	62587	EXACT_DUPLICATE_EXTRACTED	15	15	0	-	-	-	-	MATCH	-	-	-	-	-
member	experiments/legacy/exp-step5-softpll-lock/EXP-WRPC-STEP5-HPLL-ZERO-CROSSING-3360-KP-MINUS150-COOLDOWN32-PI-DECIMATE64-PHASE-GUARD-20260909/raw/raw-transfer.tgz	a3ac54d41376c1afab2673c27dfd5e6c57235b174481d08a355f5616fed5c265	-	EXACT_DUPLICATE_EXTRACTED	-	-	-	-	-	-	-	-	./build-jtag-master.log	bbc5e8cdbb46d8bdf3e64d4dc43173c4d0974185d553164d5895c2961003158b	151	experiments/legacy/exp-step5-softpll-lock/EXP-WRPC-STEP5-HPLL-ZERO-CROSSING-3360-KP-MINUS150-COOLDOWN32-PI-DECIMATE64-PHASE-GUARD-20260909/raw/build-jtag-master.log	MATCHED_TRACKED
member	experiments/legacy/exp-step5-softpll-lock/EXP-WRPC-STEP5-HPLL-ZERO-CROSSING-3360-KP-MINUS150-COOLDOWN32-PI-DECIMATE64-PHASE-GUARD-20260909/raw/raw-transfer.tgz	a3ac54d41376c1afab2673c27dfd5e6c57235b174481d08a355f5616fed5c265	-	EXACT_DUPLICATE_EXTRACTED	-	-	-	-	-	-	-	-	./firmware-slave.log	9928ccf1cf501ecb15edb96c84df0fdceb0f38260eab9797f4cf6f4a54bbce9d	73	experiments/legacy/exp-step5-softpll-lock/EXP-WRPC-STEP5-HPLL-ZERO-CROSSING-3360-KP-MINUS150-COOLDOWN32-PI-DECIMATE64-PHASE-GUARD-20260909/raw/firmware-slave.log	MATCHED_TRACKED
member	experiments/legacy/exp-step5-softpll-lock/EXP-WRPC-STEP5-HPLL-ZERO-CROSSING-3360-KP-MINUS150-COOLDOWN32-PI-DECIMATE64-PHASE-GUARD-20260909/raw/raw-transfer.tgz	a3ac54d41376c1afab2673c27dfd5e6c57235b174481d08a355f5616fed5c265	-	EXACT_DUPLICATE_EXTRACTED	-	-	-	-	-	-	-	-	./program-master-recovery.log	6d9aff6fd3f9a9c169820a6ddbd34b692ffaf4e8baa474968929f99c8d86a958	2206	experiments/legacy/exp-step5-softpll-lock/EXP-WRPC-STEP5-HPLL-ZERO-CROSSING-3360-KP-MINUS150-COOLDOWN32-PI-DECIMATE64-PHASE-GUARD-20260909/raw/program-master-recovery.log	MATCHED_TRACKED
member	experiments/legacy/exp-step5-softpll-lock/EXP-WRPC-STEP5-HPLL-ZERO-CROSSING-3360-KP-MINUS150-COOLDOWN32-PI-DECIMATE64-PHASE-GUARD-20260909/raw/raw-transfer.tgz	a3ac54d41376c1afab2673c27dfd5e6c57235b174481d08a355f5616fed5c265	-	EXACT_DUPLICATE_EXTRACTED	-	-	-	-	-	-	-	-	./preflight-recovery.log	d6857393a6acbaba77b27eddc64bb99896639856033043a4089ed277041d38ed	22120	experiments/legacy/exp-step5-softpll-lock/EXP-WRPC-STEP5-HPLL-ZERO-CROSSING-3360-KP-MINUS150-COOLDOWN32-PI-DECIMATE64-PHASE-GUARD-20260909/raw/preflight-recovery.log	MATCHED_TRACKED
member	experiments/legacy/exp-step5-softpll-lock/EXP-WRPC-STEP5-HPLL-ZERO-CROSSING-3360-KP-MINUS150-COOLDOWN32-PI-DECIMATE64-PHASE-GUARD-20260909/raw/raw-transfer.tgz	a3ac54d41376c1afab2673c27dfd5e6c57235b174481d08a355f5616fed5c265	-	EXACT_DUPLICATE_EXTRACTED	-	-	-	-	-	-	-	-	./observer-slave-coherent-3600.log	3dbe861b7b96f8570aa97ddbd40d7f3dd79686e9a627c23835e751234d061196	1585152	experiments/legacy/exp-step5-softpll-lock/EXP-WRPC-STEP5-HPLL-ZERO-CROSSING-3360-KP-MINUS150-COOLDOWN32-PI-DECIMATE64-PHASE-GUARD-20260909/raw/observer-slave-coherent-3600.log	MATCHED_TRACKED
member	experiments/legacy/exp-step5-softpll-lock/EXP-WRPC-STEP5-HPLL-ZERO-CROSSING-3360-KP-MINUS150-COOLDOWN32-PI-DECIMATE64-PHASE-GUARD-20260909/raw/raw-transfer.tgz	a3ac54d41376c1afab2673c27dfd5e6c57235b174481d08a355f5616fed5c265	-	EXACT_DUPLICATE_EXTRACTED	-	-	-	-	-	-	-	-	./preflight-post.log	690c179da13f3c386b59ca9321be5f74b80de3ede4a5219c5e916f0bad7b3351	19726	experiments/legacy/exp-step5-softpll-lock/EXP-WRPC-STEP5-HPLL-ZERO-CROSSING-3360-KP-MINUS150-COOLDOWN32-PI-DECIMATE64-PHASE-GUARD-20260909/raw/preflight-post.log	MATCHED_TRACKED
member	experiments/legacy/exp-step5-softpll-lock/EXP-WRPC-STEP5-HPLL-ZERO-CROSSING-3360-KP-MINUS150-COOLDOWN32-PI-DECIMATE64-PHASE-GUARD-20260909/raw/raw-transfer.tgz	a3ac54d41376c1afab2673c27dfd5e6c57235b174481d08a355f5616fed5c265	-	EXACT_DUPLICATE_EXTRACTED	-	-	-	-	-	-	-	-	./observer-slave-coherent-600.log	bf7ad580355ad0639fa538a566e0373ca2fab9df8853a76f8bbe78182cfe75c5	458751	experiments/legacy/exp-step5-softpll-lock/EXP-WRPC-STEP5-HPLL-ZERO-CROSSING-3360-KP-MINUS150-COOLDOWN32-PI-DECIMATE64-PHASE-GUARD-20260909/raw/observer-slave-coherent-600.log	MATCHED_TRACKED
member	experiments/legacy/exp-step5-softpll-lock/EXP-WRPC-STEP5-HPLL-ZERO-CROSSING-3360-KP-MINUS150-COOLDOWN32-PI-DECIMATE64-PHASE-GUARD-20260909/raw/raw-transfer.tgz	a3ac54d41376c1afab2673c27dfd5e6c57235b174481d08a355f5616fed5c265	-	EXACT_DUPLICATE_EXTRACTED	-	-	-	-	-	-	-	-	./build-jtag-slave.log	73e3e9a8223f83a779348c5be101a34c1c0adecf815f9edc133ef229d8cd3826	148	experiments/legacy/exp-step5-softpll-lock/EXP-WRPC-STEP5-HPLL-ZERO-CROSSING-3360-KP-MINUS150-COOLDOWN32-PI-DECIMATE64-PHASE-GUARD-20260909/raw/build-jtag-slave.log	MATCHED_TRACKED
member	experiments/legacy/exp-step5-softpll-lock/EXP-WRPC-STEP5-HPLL-ZERO-CROSSING-3360-KP-MINUS150-COOLDOWN32-PI-DECIMATE64-PHASE-GUARD-20260909/raw/raw-transfer.tgz	a3ac54d41376c1afab2673c27dfd5e6c57235b174481d08a355f5616fed5c265	-	EXACT_DUPLICATE_EXTRACTED	-	-	-	-	-	-	-	-	./export-identity.txt	863bb44fa719b804a1745c9a9afd241c061c279b4eb7e759f1f6ce4d1be9bbf0	90	experiments/legacy/exp-step5-softpll-lock/EXP-WRPC-STEP5-HPLL-ZERO-CROSSING-3360-KP-MINUS150-COOLDOWN32-PI-DECIMATE64-PHASE-GUARD-20260909/raw/export-identity.txt	MATCHED_TRACKED
member	experiments/legacy/exp-step5-softpll-lock/EXP-WRPC-STEP5-HPLL-ZERO-CROSSING-3360-KP-MINUS150-COOLDOWN32-PI-DECIMATE64-PHASE-GUARD-20260909/raw/raw-transfer.tgz	a3ac54d41376c1afab2673c27dfd5e6c57235b174481d08a355f5616fed5c265	-	EXACT_DUPLICATE_EXTRACTED	-	-	-	-	-	-	-	-	./program-slave.log	53151f6d8f5b3d87232824d03a69f069843691c9efbfb00283d7fe7da42e53b5	2202	experiments/legacy/exp-step5-softpll-lock/EXP-WRPC-STEP5-HPLL-ZERO-CROSSING-3360-KP-MINUS150-COOLDOWN32-PI-DECIMATE64-PHASE-GUARD-20260909/raw/program-slave.log	MATCHED_TRACKED
member	experiments/legacy/exp-step5-softpll-lock/EXP-WRPC-STEP5-HPLL-ZERO-CROSSING-3360-KP-MINUS150-COOLDOWN32-PI-DECIMATE64-PHASE-GUARD-20260909/raw/raw-transfer.tgz	a3ac54d41376c1afab2673c27dfd5e6c57235b174481d08a355f5616fed5c265	-	EXACT_DUPLICATE_EXTRACTED	-	-	-	-	-	-	-	-	./firmware-master.log	75832baf18050a9912a3fe33cd70d0cb6af9c576ad3c0421b2dcfcc833b70d31	75	experiments/legacy/exp-step5-softpll-lock/EXP-WRPC-STEP5-HPLL-ZERO-CROSSING-3360-KP-MINUS150-COOLDOWN32-PI-DECIMATE64-PHASE-GUARD-20260909/raw/firmware-master.log	MATCHED_TRACKED
member	experiments/legacy/exp-step5-softpll-lock/EXP-WRPC-STEP5-HPLL-ZERO-CROSSING-3360-KP-MINUS150-COOLDOWN32-PI-DECIMATE64-PHASE-GUARD-20260909/raw/raw-transfer.tgz	a3ac54d41376c1afab2673c27dfd5e6c57235b174481d08a355f5616fed5c265	-	EXACT_DUPLICATE_EXTRACTED	-	-	-	-	-	-	-	-	./program-slave-recovery.log	b973cbdd970c74b2e8e5c2bee45f0ef251cd210736a3111f6ed53127c11340d3	2202	experiments/legacy/exp-step5-softpll-lock/EXP-WRPC-STEP5-HPLL-ZERO-CROSSING-3360-KP-MINUS150-COOLDOWN32-PI-DECIMATE64-PHASE-GUARD-20260909/raw/program-slave-recovery.log	MATCHED_TRACKED
member	experiments/legacy/exp-step5-softpll-lock/EXP-WRPC-STEP5-HPLL-ZERO-CROSSING-3360-KP-MINUS150-COOLDOWN32-PI-DECIMATE64-PHASE-GUARD-20260909/raw/raw-transfer.tgz	a3ac54d41376c1afab2673c27dfd5e6c57235b174481d08a355f5616fed5c265	-	EXACT_DUPLICATE_EXTRACTED	-	-	-	-	-	-	-	-	./identity.txt	f862c232569c1c62e1d9abaf1f682e31e2c2b052f9edff083f2f51796e616ecd	131	experiments/legacy/exp-step5-softpll-lock/EXP-WRPC-STEP5-HPLL-ZERO-CROSSING-3360-KP-MINUS150-COOLDOWN32-PI-DECIMATE64-PHASE-GUARD-20260909/raw/identity.txt	MATCHED_TRACKED
member	experiments/legacy/exp-step5-softpll-lock/EXP-WRPC-STEP5-HPLL-ZERO-CROSSING-3360-KP-MINUS150-COOLDOWN32-PI-DECIMATE64-PHASE-GUARD-20260909/raw/raw-transfer.tgz	a3ac54d41376c1afab2673c27dfd5e6c57235b174481d08a355f5616fed5c265	-	EXACT_DUPLICATE_EXTRACTED	-	-	-	-	-	-	-	-	./sof-sha256.txt	e303ae9a9f54adf723aed7cbf87147e9ac820a415ba622f1d96e6dc8c0fcba03	280	experiments/legacy/exp-step5-softpll-lock/EXP-WRPC-STEP5-HPLL-ZERO-CROSSING-3360-KP-MINUS150-COOLDOWN32-PI-DECIMATE64-PHASE-GUARD-20260909/raw/sof-sha256.txt	MATCHED_TRACKED
member	experiments/legacy/exp-step5-softpll-lock/EXP-WRPC-STEP5-HPLL-ZERO-CROSSING-3360-KP-MINUS150-COOLDOWN32-PI-DECIMATE64-PHASE-GUARD-20260909/raw/raw-transfer.tgz	a3ac54d41376c1afab2673c27dfd5e6c57235b174481d08a355f5616fed5c265	-	EXACT_DUPLICATE_EXTRACTED	-	-	-	-	-	-	-	-	./program-master.log	61643aefdc7977cade95b7e6bbeb01ea35b6f1823ad882d4f734057278e6342c	2206	experiments/legacy/exp-step5-softpll-lock/EXP-WRPC-STEP5-HPLL-ZERO-CROSSING-3360-KP-MINUS150-COOLDOWN32-PI-DECIMATE64-PHASE-GUARD-20260909/raw/program-master.log	MATCHED_TRACKED
archive	experiments/legacy/exp-step5-softpll-lock/EXP-WRPC-STEP5-I2C-PROVENANCE-128-FINC-20260908/raw/EXP-WRPC-STEP5-I2C-PROVENANCE-128-FINC-20260908.tar.gz	2c9191385e9fba27bb570463d48d30c9902519c41e2223302f7c1b6bf87f035f	31472	EXACT_DUPLICATE_EXTRACTED	25	25	0	-	-	-	-	MATCH	-	-	-	-	-
member	experiments/legacy/exp-step5-softpll-lock/EXP-WRPC-STEP5-I2C-PROVENANCE-128-FINC-20260908/raw/EXP-WRPC-STEP5-I2C-PROVENANCE-128-FINC-20260908.tar.gz	2c9191385e9fba27bb570463d48d30c9902519c41e2223302f7c1b6bf87f035f	-	EXACT_DUPLICATE_EXTRACTED	-	-	-	-	-	-	-	-	artifacts/EXP-WRPC-STEP5-I2C-PROVENANCE-128-FINC-20260908/source-commit.txt	f19ba187b5c5f48ea46a2dd44defdc7fcb84b398bcd61364658c4d949c6a5b5c	41	experiments/legacy/exp-step5-softpll-lock/EXP-WRPC-STEP5-I2C-PROVENANCE-128-FINC-20260908/raw/source-commit.txt	MATCHED_TRACKED
member	experiments/legacy/exp-step5-softpll-lock/EXP-WRPC-STEP5-I2C-PROVENANCE-128-FINC-20260908/raw/EXP-WRPC-STEP5-I2C-PROVENANCE-128-FINC-20260908.tar.gz	2c9191385e9fba27bb570463d48d30c9902519c41e2223302f7c1b6bf87f035f	-	EXACT_DUPLICATE_EXTRACTED	-	-	-	-	-	-	-	-	artifacts/EXP-WRPC-STEP5-I2C-PROVENANCE-128-FINC-20260908/remote-status-before.txt	930389b4c41dca286a34eb37efda3bb459c10ea24477d5d1b5ae1fd052fc2181	28224	experiments/legacy/exp-step5-softpll-lock/EXP-WRPC-STEP5-I2C-PROVENANCE-128-FINC-20260908/raw/remote-status-before.txt	MATCHED_TRACKED
member	experiments/legacy/exp-step5-softpll-lock/EXP-WRPC-STEP5-I2C-PROVENANCE-128-FINC-20260908/raw/EXP-WRPC-STEP5-I2C-PROVENANCE-128-FINC-20260908.tar.gz	2c9191385e9fba27bb570463d48d30c9902519c41e2223302f7c1b6bf87f035f	-	EXACT_DUPLICATE_EXTRACTED	-	-	-	-	-	-	-	-	artifacts/EXP-WRPC-STEP5-I2C-PROVENANCE-128-FINC-20260908/compile-master.log	9cc66bc519bc1c14bb5e962086c32c41911484bbae6a83e0b9768bb97fd0763e	145	experiments/legacy/exp-step5-softpll-lock/EXP-WRPC-STEP5-I2C-PROVENANCE-128-FINC-20260908/raw/compile-master.log	MATCHED_TRACKED
member	experiments/legacy/exp-step5-softpll-lock/EXP-WRPC-STEP5-I2C-PROVENANCE-128-FINC-20260908/raw/EXP-WRPC-STEP5-I2C-PROVENANCE-128-FINC-20260908.tar.gz	2c9191385e9fba27bb570463d48d30c9902519c41e2223302f7c1b6bf87f035f	-	EXACT_DUPLICATE_EXTRACTED	-	-	-	-	-	-	-	-	artifacts/EXP-WRPC-STEP5-I2C-PROVENANCE-128-FINC-20260908/compile-master.rc	0d796499fd456efcd44fa7c11c191de8feb617a3b02f912edc6fb8b984c3646a	18	experiments/legacy/exp-step5-softpll-lock/EXP-WRPC-STEP5-I2C-PROVENANCE-128-FINC-20260908/raw/compile-master.rc	MATCHED_TRACKED
member	experiments/legacy/exp-step5-softpll-lock/EXP-WRPC-STEP5-I2C-PROVENANCE-128-FINC-20260908/raw/EXP-WRPC-STEP5-I2C-PROVENANCE-128-FINC-20260908.tar.gz	2c9191385e9fba27bb570463d48d30c9902519c41e2223302f7c1b6bf87f035f	-	EXACT_DUPLICATE_EXTRACTED	-	-	-	-	-	-	-	-	artifacts/EXP-WRPC-STEP5-I2C-PROVENANCE-128-FINC-20260908/compile-slave.log	3465f7ad831a53ed79b72b9654ce17ca538920826a555868a319e7ffb4d5b721	142	experiments/legacy/exp-step5-softpll-lock/EXP-WRPC-STEP5-I2C-PROVENANCE-128-FINC-20260908/raw/compile-slave.log	MATCHED_TRACKED
member	experiments/legacy/exp-step5-softpll-lock/EXP-WRPC-STEP5-I2C-PROVENANCE-128-FINC-20260908/raw/EXP-WRPC-STEP5-I2C-PROVENANCE-128-FINC-20260908.tar.gz	2c9191385e9fba27bb570463d48d30c9902519c41e2223302f7c1b6bf87f035f	-	EXACT_DUPLICATE_EXTRACTED	-	-	-	-	-	-	-	-	artifacts/EXP-WRPC-STEP5-I2C-PROVENANCE-128-FINC-20260908/compile-slave.rc	7834c04b2c2a9139935be7555bc47919540ef623bb0e2d31db2127a8d98d3860	17	experiments/legacy/exp-step5-softpll-lock/EXP-WRPC-STEP5-I2C-PROVENANCE-128-FINC-20260908/raw/compile-slave.rc	MATCHED_TRACKED
member	experiments/legacy/exp-step5-softpll-lock/EXP-WRPC-STEP5-I2C-PROVENANCE-128-FINC-20260908/raw/EXP-WRPC-STEP5-I2C-PROVENANCE-128-FINC-20260908.tar.gz	2c9191385e9fba27bb570463d48d30c9902519c41e2223302f7c1b6bf87f035f	-	EXACT_DUPLICATE_EXTRACTED	-	-	-	-	-	-	-	-	artifacts/EXP-WRPC-STEP5-I2C-PROVENANCE-128-FINC-20260908/sof-sha256.txt	3c00f0a8b36f47ee40c1e246801999073102f53ccf9f98bec245437caff58316	315	experiments/legacy/exp-step5-softpll-lock/EXP-WRPC-STEP5-I2C-PROVENANCE-128-FINC-20260908/raw/sof-sha256.txt	MATCHED_TRACKED
member	experiments/legacy/exp-step5-softpll-lock/EXP-WRPC-STEP5-I2C-PROVENANCE-128-FINC-20260908/raw/EXP-WRPC-STEP5-I2C-PROVENANCE-128-FINC-20260908.tar.gz	2c9191385e9fba27bb570463d48d30c9902519c41e2223302f7c1b6bf87f035f	-	EXACT_DUPLICATE_EXTRACTED	-	-	-	-	-	-	-	-	artifacts/EXP-WRPC-STEP5-I2C-PROVENANCE-128-FINC-20260908/program-master.log	79f60862785c267a339784d25262fcc64704e57fab8da5b845f5911cf43d4cfd	2194	experiments/legacy/exp-step5-softpll-lock/EXP-WRPC-STEP5-I2C-PROVENANCE-128-FINC-20260908/raw/program-master.log	MATCHED_TRACKED
member	experiments/legacy/exp-step5-softpll-lock/EXP-WRPC-STEP5-I2C-PROVENANCE-128-FINC-20260908/raw/EXP-WRPC-STEP5-I2C-PROVENANCE-128-FINC-20260908.tar.gz	2c9191385e9fba27bb570463d48d30c9902519c41e2223302f7c1b6bf87f035f	-	EXACT_DUPLICATE_EXTRACTED	-	-	-	-	-	-	-	-	artifacts/EXP-WRPC-STEP5-I2C-PROVENANCE-128-FINC-20260908/program-master.rc	29b0ae331779036363ea5d1ca9c5605fc8eef03b7b4ba66c800a18b7e87c4058	20	experiments/legacy/exp-step5-softpll-lock/EXP-WRPC-STEP5-I2C-PROVENANCE-128-FINC-20260908/raw/program-master.rc	MATCHED_TRACKED
member	experiments/legacy/exp-step5-softpll-lock/EXP-WRPC-STEP5-I2C-PROVENANCE-128-FINC-20260908/raw/EXP-WRPC-STEP5-I2C-PROVENANCE-128-FINC-20260908.tar.gz	2c9191385e9fba27bb570463d48d30c9902519c41e2223302f7c1b6bf87f035f	-	EXACT_DUPLICATE_EXTRACTED	-	-	-	-	-	-	-	-	artifacts/EXP-WRPC-STEP5-I2C-PROVENANCE-128-FINC-20260908/program-slave.log	47b0694be1d71b2e1699c73ab3989c8621c0190daf79de57598e37218756fee1	2190	experiments/legacy/exp-step5-softpll-lock/EXP-WRPC-STEP5-I2C-PROVENANCE-128-FINC-20260908/raw/program-slave.log	MATCHED_TRACKED
member	experiments/legacy/exp-step5-softpll-lock/EXP-WRPC-STEP5-I2C-PROVENANCE-128-FINC-20260908/raw/EXP-WRPC-STEP5-I2C-PROVENANCE-128-FINC-20260908.tar.gz	2c9191385e9fba27bb570463d48d30c9902519c41e2223302f7c1b6bf87f035f	-	EXACT_DUPLICATE_EXTRACTED	-	-	-	-	-	-	-	-	artifacts/EXP-WRPC-STEP5-I2C-PROVENANCE-128-FINC-20260908/program-slave.rc	fe1c00cbea3777ee7617f1cd07ddccb2fabaef8d1b3d5c6db2a8f675e2303ecd	19	experiments/legacy/exp-step5-softpll-lock/EXP-WRPC-STEP5-I2C-PROVENANCE-128-FINC-20260908/raw/program-slave.rc	MATCHED_TRACKED
member	experiments/legacy/exp-step5-softpll-lock/EXP-WRPC-STEP5-I2C-PROVENANCE-128-FINC-20260908/raw/EXP-WRPC-STEP5-I2C-PROVENANCE-128-FINC-20260908.tar.gz	2c9191385e9fba27bb570463d48d30c9902519c41e2223302f7c1b6bf87f035f	-	EXACT_DUPLICATE_EXTRACTED	-	-	-	-	-	-	-	-	artifacts/EXP-WRPC-STEP5-I2C-PROVENANCE-128-FINC-20260908/preflight-1.log	e3e78bc8d3d83064b1c205a6e2ec7ae4ec0bd87dbdb7ad50dd6ec7db0ea06bb7	19662	experiments/legacy/exp-step5-softpll-lock/EXP-WRPC-STEP5-I2C-PROVENANCE-128-FINC-20260908/raw/preflight-1.log	MATCHED_TRACKED
member	experiments/legacy/exp-step5-softpll-lock/EXP-WRPC-STEP5-I2C-PROVENANCE-128-FINC-20260908/raw/EXP-WRPC-STEP5-I2C-PROVENANCE-128-FINC-20260908.tar.gz	2c9191385e9fba27bb570463d48d30c9902519c41e2223302f7c1b6bf87f035f	-	EXACT_DUPLICATE_EXTRACTED	-	-	-	-	-	-	-	-	artifacts/EXP-WRPC-STEP5-I2C-PROVENANCE-128-FINC-20260908/preflight-1.rc	709554620d3aed204bc81cba9774285eead7b6b639116ee1aa2a500317a90037	17	experiments/legacy/exp-step5-softpll-lock/EXP-WRPC-STEP5-I2C-PROVENANCE-128-FINC-20260908/raw/preflight-1.rc	MATCHED_TRACKED
member	experiments/legacy/exp-step5-softpll-lock/EXP-WRPC-STEP5-I2C-PROVENANCE-128-FINC-20260908/raw/EXP-WRPC-STEP5-I2C-PROVENANCE-128-FINC-20260908.tar.gz	2c9191385e9fba27bb570463d48d30c9902519c41e2223302f7c1b6bf87f035f	-	EXACT_DUPLICATE_EXTRACTED	-	-	-	-	-	-	-	-	artifacts/EXP-WRPC-STEP5-I2C-PROVENANCE-128-FINC-20260908/preflight-2.log	effdc7744f3e1d765a2e092f0ba6db1ee2c94758dca5af671293b7d4de7f5cb4	19662	experiments/legacy/exp-step5-softpll-lock/EXP-WRPC-STEP5-I2C-PROVENANCE-128-FINC-20260908/raw/preflight-2.log	MATCHED_TRACKED
member	experiments/legacy/exp-step5-softpll-lock/EXP-WRPC-STEP5-I2C-PROVENANCE-128-FINC-20260908/raw/EXP-WRPC-STEP5-I2C-PROVENANCE-128-FINC-20260908.tar.gz	2c9191385e9fba27bb570463d48d30c9902519c41e2223302f7c1b6bf87f035f	-	EXACT_DUPLICATE_EXTRACTED	-	-	-	-	-	-	-	-	artifacts/EXP-WRPC-STEP5-I2C-PROVENANCE-128-FINC-20260908/preflight-2.rc	c11668063949ff631e4aff018de2548a93b914370e8b9d8e8d4974257a291c24	17	experiments/legacy/exp-step5-softpll-lock/EXP-WRPC-STEP5-I2C-PROVENANCE-128-FINC-20260908/raw/preflight-2.rc	MATCHED_TRACKED
member	experiments/legacy/exp-step5-softpll-lock/EXP-WRPC-STEP5-I2C-PROVENANCE-128-FINC-20260908/raw/EXP-WRPC-STEP5-I2C-PROVENANCE-128-FINC-20260908.tar.gz	2c9191385e9fba27bb570463d48d30c9902519c41e2223302f7c1b6bf87f035f	-	EXACT_DUPLICATE_EXTRACTED	-	-	-	-	-	-	-	-	artifacts/EXP-WRPC-STEP5-I2C-PROVENANCE-128-FINC-20260908/reprogram-recovery-master.log	7dcc16de1c40f6cb598ca1c61da874a57fb208eb884ddcc4c2e7b5a70d434f7f	2194	experiments/legacy/exp-step5-softpll-lock/EXP-WRPC-STEP5-I2C-PROVENANCE-128-FINC-20260908/raw/reprogram-recovery-master.log	MATCHED_TRACKED
member	experiments/legacy/exp-step5-softpll-lock/EXP-WRPC-STEP5-I2C-PROVENANCE-128-FINC-20260908/raw/EXP-WRPC-STEP5-I2C-PROVENANCE-128-FINC-20260908.tar.gz	2c9191385e9fba27bb570463d48d30c9902519c41e2223302f7c1b6bf87f035f	-	EXACT_DUPLICATE_EXTRACTED	-	-	-	-	-	-	-	-	artifacts/EXP-WRPC-STEP5-I2C-PROVENANCE-128-FINC-20260908/reprogram-recovery-master.rc	e341973dc752a11b0aded1176768a116ad1f5ec372b284a927e84c7bbc6d1012	21	experiments/legacy/exp-step5-softpll-lock/EXP-WRPC-STEP5-I2C-PROVENANCE-128-FINC-20260908/raw/reprogram-recovery-master.rc	MATCHED_TRACKED
member	experiments/legacy/exp-step5-softpll-lock/EXP-WRPC-STEP5-I2C-PROVENANCE-128-FINC-20260908/raw/EXP-WRPC-STEP5-I2C-PROVENANCE-128-FINC-20260908.tar.gz	2c9191385e9fba27bb570463d48d30c9902519c41e2223302f7c1b6bf87f035f	-	EXACT_DUPLICATE_EXTRACTED	-	-	-	-	-	-	-	-	artifacts/EXP-WRPC-STEP5-I2C-PROVENANCE-128-FINC-20260908/reprogram-recovery-slave.log	33adc281553dd98c3233d0492ed3bebee7326fa2419660dcc9415c11aa5ba490	2190	experiments/legacy/exp-step5-softpll-lock/EXP-WRPC-STEP5-I2C-PROVENANCE-128-FINC-20260908/raw/reprogram-recovery-slave.log	MATCHED_TRACKED
member	experiments/legacy/exp-step5-softpll-lock/EXP-WRPC-STEP5-I2C-PROVENANCE-128-FINC-20260908/raw/EXP-WRPC-STEP5-I2C-PROVENANCE-128-FINC-20260908.tar.gz	2c9191385e9fba27bb570463d48d30c9902519c41e2223302f7c1b6bf87f035f	-	EXACT_DUPLICATE_EXTRACTED	-	-	-	-	-	-	-	-	artifacts/EXP-WRPC-STEP5-I2C-PROVENANCE-128-FINC-20260908/reprogram-recovery-slave.rc	a6479fa62edad86ce58e094b8db5b1289f8d1c56e9cd93b25480b723a3712695	20	experiments/legacy/exp-step5-softpll-lock/EXP-WRPC-STEP5-I2C-PROVENANCE-128-FINC-20260908/raw/reprogram-recovery-slave.rc	MATCHED_TRACKED
member	experiments/legacy/exp-step5-softpll-lock/EXP-WRPC-STEP5-I2C-PROVENANCE-128-FINC-20260908/raw/EXP-WRPC-STEP5-I2C-PROVENANCE-128-FINC-20260908.tar.gz	2c9191385e9fba27bb570463d48d30c9902519c41e2223302f7c1b6bf87f035f	-	EXACT_DUPLICATE_EXTRACTED	-	-	-	-	-	-	-	-	artifacts/EXP-WRPC-STEP5-I2C-PROVENANCE-128-FINC-20260908/preflight-3.log	d59aa63959997897430b9b22eac4e28029ecb95373e41605810d99ddc8174992	22066	experiments/legacy/exp-step5-softpll-lock/EXP-WRPC-STEP5-I2C-PROVENANCE-128-FINC-20260908/raw/preflight-3.log	MATCHED_TRACKED
member	experiments/legacy/exp-step5-softpll-lock/EXP-WRPC-STEP5-I2C-PROVENANCE-128-FINC-20260908/raw/EXP-WRPC-STEP5-I2C-PROVENANCE-128-FINC-20260908.tar.gz	2c9191385e9fba27bb570463d48d30c9902519c41e2223302f7c1b6bf87f035f	-	EXACT_DUPLICATE_EXTRACTED	-	-	-	-	-	-	-	-	artifacts/EXP-WRPC-STEP5-I2C-PROVENANCE-128-FINC-20260908/preflight-3.rc	ef18ecf33ffd72b6056a68da70daa5d6987795aee13c1e48cc4b03cbf0ab8f40	17	experiments/legacy/exp-step5-softpll-lock/EXP-WRPC-STEP5-I2C-PROVENANCE-128-FINC-20260908/raw/preflight-3.rc	MATCHED_TRACKED
member	experiments/legacy/exp-step5-softpll-lock/EXP-WRPC-STEP5-I2C-PROVENANCE-128-FINC-20260908/raw/EXP-WRPC-STEP5-I2C-PROVENANCE-128-FINC-20260908.tar.gz	2c9191385e9fba27bb570463d48d30c9902519c41e2223302f7c1b6bf87f035f	-	EXACT_DUPLICATE_EXTRACTED	-	-	-	-	-	-	-	-	artifacts/EXP-WRPC-STEP5-I2C-PROVENANCE-128-FINC-20260908/preflight-4.log	a3a37a60f8b398452b16225b71286107ed66c1421dfffd67a047547b4f9904a6	22064	experiments/legacy/exp-step5-softpll-lock/EXP-WRPC-STEP5-I2C-PROVENANCE-128-FINC-20260908/raw/preflight-4.log	MATCHED_TRACKED
member	experiments/legacy/exp-step5-softpll-lock/EXP-WRPC-STEP5-I2C-PROVENANCE-128-FINC-20260908/raw/EXP-WRPC-STEP5-I2C-PROVENANCE-128-FINC-20260908.tar.gz	2c9191385e9fba27bb570463d48d30c9902519c41e2223302f7c1b6bf87f035f	-	EXACT_DUPLICATE_EXTRACTED	-	-	-	-	-	-	-	-	artifacts/EXP-WRPC-STEP5-I2C-PROVENANCE-128-FINC-20260908/preflight-4.rc	41bf0ee27afc859532c47b70c2b5d8450c6a6bd6edc69ea480cf8a57a3f31460	17	experiments/legacy/exp-step5-softpll-lock/EXP-WRPC-STEP5-I2C-PROVENANCE-128-FINC-20260908/raw/preflight-4.rc	MATCHED_TRACKED
member	experiments/legacy/exp-step5-softpll-lock/EXP-WRPC-STEP5-I2C-PROVENANCE-128-FINC-20260908/raw/EXP-WRPC-STEP5-I2C-PROVENANCE-128-FINC-20260908.tar.gz	2c9191385e9fba27bb570463d48d30c9902519c41e2223302f7c1b6bf87f035f	-	EXACT_DUPLICATE_EXTRACTED	-	-	-	-	-	-	-	-	artifacts/EXP-WRPC-STEP5-I2C-PROVENANCE-128-FINC-20260908/helper-smoke-120s.log	143d6838d8696759c856288c3934cecbafced8f251957d13b5d2d279f39e9ee8	1134171	experiments/legacy/exp-step5-softpll-lock/EXP-WRPC-STEP5-I2C-PROVENANCE-128-FINC-20260908/raw/helper-smoke-120s.log	MATCHED_TRACKED
member	experiments/legacy/exp-step5-softpll-lock/EXP-WRPC-STEP5-I2C-PROVENANCE-128-FINC-20260908/raw/EXP-WRPC-STEP5-I2C-PROVENANCE-128-FINC-20260908.tar.gz	2c9191385e9fba27bb570463d48d30c9902519c41e2223302f7c1b6bf87f035f	-	EXACT_DUPLICATE_EXTRACTED	-	-	-	-	-	-	-	-	artifacts/EXP-WRPC-STEP5-I2C-PROVENANCE-128-FINC-20260908/helper-smoke-120s.rc	c38409328a32cb93362bf27b33ec8b4f8168ea1ab6b7a1cfa07a53def37dcf9e	14	experiments/legacy/exp-step5-softpll-lock/EXP-WRPC-STEP5-I2C-PROVENANCE-128-FINC-20260908/raw/helper-smoke-120s.rc	MATCHED_TRACKED
archive	experiments/legacy/exp-step5-softpll-lock/EXP-WRPC-STEP5-I2C-SEQUENCE-128-FINC-20260908/raw/EXP-WRPC-STEP5-I2C-SEQUENCE-128-FINC-20260908.tar.gz	53b74ebdad54915f52923dc8621ea1e27ca6819e3b2600d212b97ed2a33822ef	32206	EXACT_DUPLICATE_EXTRACTED	25	25	0	-	-	-	-	MATCH	-	-	-	-	-
member	experiments/legacy/exp-step5-softpll-lock/EXP-WRPC-STEP5-I2C-SEQUENCE-128-FINC-20260908/raw/EXP-WRPC-STEP5-I2C-SEQUENCE-128-FINC-20260908.tar.gz	53b74ebdad54915f52923dc8621ea1e27ca6819e3b2600d212b97ed2a33822ef	-	EXACT_DUPLICATE_EXTRACTED	-	-	-	-	-	-	-	-	artifacts/EXP-WRPC-STEP5-I2C-SEQUENCE-128-FINC-20260908/source-commit.txt	eafdc5bfa74f0ead411cd3e57a191df326f807c0bd9f466a12a6067688902011	41	experiments/legacy/exp-step5-softpll-lock/EXP-WRPC-STEP5-I2C-SEQUENCE-128-FINC-20260908/raw/source-commit.txt	MATCHED_TRACKED
member	experiments/legacy/exp-step5-softpll-lock/EXP-WRPC-STEP5-I2C-SEQUENCE-128-FINC-20260908/raw/EXP-WRPC-STEP5-I2C-SEQUENCE-128-FINC-20260908.tar.gz	53b74ebdad54915f52923dc8621ea1e27ca6819e3b2600d212b97ed2a33822ef	-	EXACT_DUPLICATE_EXTRACTED	-	-	-	-	-	-	-	-	artifacts/EXP-WRPC-STEP5-I2C-SEQUENCE-128-FINC-20260908/remote-status-before.txt	0837690774706b414a9d647ea657556b1ab5e91d102c6ef1d73646d781d759e5	28292	experiments/legacy/exp-step5-softpll-lock/EXP-WRPC-STEP5-I2C-SEQUENCE-128-FINC-20260908/raw/remote-status-before.txt	MATCHED_TRACKED
member	experiments/legacy/exp-step5-softpll-lock/EXP-WRPC-STEP5-I2C-SEQUENCE-128-FINC-20260908/raw/EXP-WRPC-STEP5-I2C-SEQUENCE-128-FINC-20260908.tar.gz	53b74ebdad54915f52923dc8621ea1e27ca6819e3b2600d212b97ed2a33822ef	-	EXACT_DUPLICATE_EXTRACTED	-	-	-	-	-	-	-	-	artifacts/EXP-WRPC-STEP5-I2C-SEQUENCE-128-FINC-20260908/compile-master.log	9cc66bc519bc1c14bb5e962086c32c41911484bbae6a83e0b9768bb97fd0763e	145	experiments/legacy/exp-step5-softpll-lock/EXP-WRPC-STEP5-I2C-SEQUENCE-128-FINC-20260908/raw/compile-master.log	MATCHED_TRACKED
member	experiments/legacy/exp-step5-softpll-lock/EXP-WRPC-STEP5-I2C-SEQUENCE-128-FINC-20260908/raw/EXP-WRPC-STEP5-I2C-SEQUENCE-128-FINC-20260908.tar.gz	53b74ebdad54915f52923dc8621ea1e27ca6819e3b2600d212b97ed2a33822ef	-	EXACT_DUPLICATE_EXTRACTED	-	-	-	-	-	-	-	-	artifacts/EXP-WRPC-STEP5-I2C-SEQUENCE-128-FINC-20260908/compile-master.rc	0d796499fd456efcd44fa7c11c191de8feb617a3b02f912edc6fb8b984c3646a	18	experiments/legacy/exp-step5-softpll-lock/EXP-WRPC-STEP5-I2C-SEQUENCE-128-FINC-20260908/raw/compile-master.rc	MATCHED_TRACKED
member	experiments/legacy/exp-step5-softpll-lock/EXP-WRPC-STEP5-I2C-SEQUENCE-128-FINC-20260908/raw/EXP-WRPC-STEP5-I2C-SEQUENCE-128-FINC-20260908.tar.gz	53b74ebdad54915f52923dc8621ea1e27ca6819e3b2600d212b97ed2a33822ef	-	EXACT_DUPLICATE_EXTRACTED	-	-	-	-	-	-	-	-	artifacts/EXP-WRPC-STEP5-I2C-SEQUENCE-128-FINC-20260908/compile-slave.log	3465f7ad831a53ed79b72b9654ce17ca538920826a555868a319e7ffb4d5b721	142	experiments/legacy/exp-step5-softpll-lock/EXP-WRPC-STEP5-I2C-SEQUENCE-128-FINC-20260908/raw/compile-slave.log	MATCHED_TRACKED
member	experiments/legacy/exp-step5-softpll-lock/EXP-WRPC-STEP5-I2C-SEQUENCE-128-FINC-20260908/raw/EXP-WRPC-STEP5-I2C-SEQUENCE-128-FINC-20260908.tar.gz	53b74ebdad54915f52923dc8621ea1e27ca6819e3b2600d212b97ed2a33822ef	-	EXACT_DUPLICATE_EXTRACTED	-	-	-	-	-	-	-	-	artifacts/EXP-WRPC-STEP5-I2C-SEQUENCE-128-FINC-20260908/compile-slave.rc	7834c04b2c2a9139935be7555bc47919540ef623bb0e2d31db2127a8d98d3860	17	experiments/legacy/exp-step5-softpll-lock/EXP-WRPC-STEP5-I2C-SEQUENCE-128-FINC-20260908/raw/compile-slave.rc	MATCHED_TRACKED
member	experiments/legacy/exp-step5-softpll-lock/EXP-WRPC-STEP5-I2C-SEQUENCE-128-FINC-20260908/raw/EXP-WRPC-STEP5-I2C-SEQUENCE-128-FINC-20260908.tar.gz	53b74ebdad54915f52923dc8621ea1e27ca6819e3b2600d212b97ed2a33822ef	-	EXACT_DUPLICATE_EXTRACTED	-	-	-	-	-	-	-	-	artifacts/EXP-WRPC-STEP5-I2C-SEQUENCE-128-FINC-20260908/sof-sha256.txt	c7bdb8cd3e13a18fddb9b3076bc61820abe016ad137067881421753a688092a3	315	experiments/legacy/exp-step5-softpll-lock/EXP-WRPC-STEP5-I2C-SEQUENCE-128-FINC-20260908/raw/sof-sha256.txt	MATCHED_TRACKED
member	experiments/legacy/exp-step5-softpll-lock/EXP-WRPC-STEP5-I2C-SEQUENCE-128-FINC-20260908/raw/EXP-WRPC-STEP5-I2C-SEQUENCE-128-FINC-20260908.tar.gz	53b74ebdad54915f52923dc8621ea1e27ca6819e3b2600d212b97ed2a33822ef	-	EXACT_DUPLICATE_EXTRACTED	-	-	-	-	-	-	-	-	artifacts/EXP-WRPC-STEP5-I2C-SEQUENCE-128-FINC-20260908/program-master.log	dbdd8bd8c85d6907d70946467d1f45df32466637cff6a869133a95cfc2114fe3	2194	experiments/legacy/exp-step5-softpll-lock/EXP-WRPC-STEP5-I2C-SEQUENCE-128-FINC-20260908/raw/program-master.log	MATCHED_TRACKED
member	experiments/legacy/exp-step5-softpll-lock/EXP-WRPC-STEP5-I2C-SEQUENCE-128-FINC-20260908/raw/EXP-WRPC-STEP5-I2C-SEQUENCE-128-FINC-20260908.tar.gz	53b74ebdad54915f52923dc8621ea1e27ca6819e3b2600d212b97ed2a33822ef	-	EXACT_DUPLICATE_EXTRACTED	-	-	-	-	-	-	-	-	artifacts/EXP-WRPC-STEP5-I2C-SEQUENCE-128-FINC-20260908/program-master.rc	29b0ae331779036363ea5d1ca9c5605fc8eef03b7b4ba66c800a18b7e87c4058	20	experiments/legacy/exp-step5-softpll-lock/EXP-WRPC-STEP5-I2C-SEQUENCE-128-FINC-20260908/raw/program-master.rc	MATCHED_TRACKED
member	experiments/legacy/exp-step5-softpll-lock/EXP-WRPC-STEP5-I2C-SEQUENCE-128-FINC-20260908/raw/EXP-WRPC-STEP5-I2C-SEQUENCE-128-FINC-20260908.tar.gz	53b74ebdad54915f52923dc8621ea1e27ca6819e3b2600d212b97ed2a33822ef	-	EXACT_DUPLICATE_EXTRACTED	-	-	-	-	-	-	-	-	artifacts/EXP-WRPC-STEP5-I2C-SEQUENCE-128-FINC-20260908/program-slave.log	d1f30f24b17c6e643525644d1d23f0af463f61bf9ed808a57428ff2c24e1f919	2190	experiments/legacy/exp-step5-softpll-lock/EXP-WRPC-STEP5-I2C-SEQUENCE-128-FINC-20260908/raw/program-slave.log	MATCHED_TRACKED
member	experiments/legacy/exp-step5-softpll-lock/EXP-WRPC-STEP5-I2C-SEQUENCE-128-FINC-20260908/raw/EXP-WRPC-STEP5-I2C-SEQUENCE-128-FINC-20260908.tar.gz	53b74ebdad54915f52923dc8621ea1e27ca6819e3b2600d212b97ed2a33822ef	-	EXACT_DUPLICATE_EXTRACTED	-	-	-	-	-	-	-	-	artifacts/EXP-WRPC-STEP5-I2C-SEQUENCE-128-FINC-20260908/program-slave.rc	fe1c00cbea3777ee7617f1cd07ddccb2fabaef8d1b3d5c6db2a8f675e2303ecd	19	experiments/legacy/exp-step5-softpll-lock/EXP-WRPC-STEP5-I2C-SEQUENCE-128-FINC-20260908/raw/program-slave.rc	MATCHED_TRACKED
member	experiments/legacy/exp-step5-softpll-lock/EXP-WRPC-STEP5-I2C-SEQUENCE-128-FINC-20260908/raw/EXP-WRPC-STEP5-I2C-SEQUENCE-128-FINC-20260908.tar.gz	53b74ebdad54915f52923dc8621ea1e27ca6819e3b2600d212b97ed2a33822ef	-	EXACT_DUPLICATE_EXTRACTED	-	-	-	-	-	-	-	-	artifacts/EXP-WRPC-STEP5-I2C-SEQUENCE-128-FINC-20260908/preflight-1.log	f8001ff51bfe17a67100fd7957ac9069f1b09dbf4384c592297cdb003c05eeec	19682	experiments/legacy/exp-step5-softpll-lock/EXP-WRPC-STEP5-I2C-SEQUENCE-128-FINC-20260908/raw/preflight-1.log	MATCHED_TRACKED
member	experiments/legacy/exp-step5-softpll-lock/EXP-WRPC-STEP5-I2C-SEQUENCE-128-FINC-20260908/raw/EXP-WRPC-STEP5-I2C-SEQUENCE-128-FINC-20260908.tar.gz	53b74ebdad54915f52923dc8621ea1e27ca6819e3b2600d212b97ed2a33822ef	-	EXACT_DUPLICATE_EXTRACTED	-	-	-	-	-	-	-	-	artifacts/EXP-WRPC-STEP5-I2C-SEQUENCE-128-FINC-20260908/preflight-1.rc	709554620d3aed204bc81cba9774285eead7b6b639116ee1aa2a500317a90037	17	experiments/legacy/exp-step5-softpll-lock/EXP-WRPC-STEP5-I2C-SEQUENCE-128-FINC-20260908/raw/preflight-1.rc	MATCHED_TRACKED
member	experiments/legacy/exp-step5-softpll-lock/EXP-WRPC-STEP5-I2C-SEQUENCE-128-FINC-20260908/raw/EXP-WRPC-STEP5-I2C-SEQUENCE-128-FINC-20260908.tar.gz	53b74ebdad54915f52923dc8621ea1e27ca6819e3b2600d212b97ed2a33822ef	-	EXACT_DUPLICATE_EXTRACTED	-	-	-	-	-	-	-	-	artifacts/EXP-WRPC-STEP5-I2C-SEQUENCE-128-FINC-20260908/preflight-2.log	fd814e7372a18b3c482aa7ff4fff93d98f81596c741a8bf16816ecc094eaa1ee	19682	experiments/legacy/exp-step5-softpll-lock/EXP-WRPC-STEP5-I2C-SEQUENCE-128-FINC-20260908/raw/preflight-2.log	MATCHED_TRACKED
member	experiments/legacy/exp-step5-softpll-lock/EXP-WRPC-STEP5-I2C-SEQUENCE-128-FINC-20260908/raw/EXP-WRPC-STEP5-I2C-SEQUENCE-128-FINC-20260908.tar.gz	53b74ebdad54915f52923dc8621ea1e27ca6819e3b2600d212b97ed2a33822ef	-	EXACT_DUPLICATE_EXTRACTED	-	-	-	-	-	-	-	-	artifacts/EXP-WRPC-STEP5-I2C-SEQUENCE-128-FINC-20260908/preflight-2.rc	c11668063949ff631e4aff018de2548a93b914370e8b9d8e8d4974257a291c24	17	experiments/legacy/exp-step5-softpll-lock/EXP-WRPC-STEP5-I2C-SEQUENCE-128-FINC-20260908/raw/preflight-2.rc	MATCHED_TRACKED
member	experiments/legacy/exp-step5-softpll-lock/EXP-WRPC-STEP5-I2C-SEQUENCE-128-FINC-20260908/raw/EXP-WRPC-STEP5-I2C-SEQUENCE-128-FINC-20260908.tar.gz	53b74ebdad54915f52923dc8621ea1e27ca6819e3b2600d212b97ed2a33822ef	-	EXACT_DUPLICATE_EXTRACTED	-	-	-	-	-	-	-	-	artifacts/EXP-WRPC-STEP5-I2C-SEQUENCE-128-FINC-20260908/reprogram-recovery-master.log	1feb91fbac5816fcbe06d82cd375253183686be76693d789da5f9c138b48a766	2194	experiments/legacy/exp-step5-softpll-lock/EXP-WRPC-STEP5-I2C-SEQUENCE-128-FINC-20260908/raw/reprogram-recovery-master.log	MATCHED_TRACKED
member	experiments/legacy/exp-step5-softpll-lock/EXP-WRPC-STEP5-I2C-SEQUENCE-128-FINC-20260908/raw/EXP-WRPC-STEP5-I2C-SEQUENCE-128-FINC-20260908.tar.gz	53b74ebdad54915f52923dc8621ea1e27ca6819e3b2600d212b97ed2a33822ef	-	EXACT_DUPLICATE_EXTRACTED	-	-	-	-	-	-	-	-	artifacts/EXP-WRPC-STEP5-I2C-SEQUENCE-128-FINC-20260908/reprogram-recovery-master.rc	e341973dc752a11b0aded1176768a116ad1f5ec372b284a927e84c7bbc6d1012	21	experiments/legacy/exp-step5-softpll-lock/EXP-WRPC-STEP5-I2C-SEQUENCE-128-FINC-20260908/raw/reprogram-recovery-master.rc	MATCHED_TRACKED
member	experiments/legacy/exp-step5-softpll-lock/EXP-WRPC-STEP5-I2C-SEQUENCE-128-FINC-20260908/raw/EXP-WRPC-STEP5-I2C-SEQUENCE-128-FINC-20260908.tar.gz	53b74ebdad54915f52923dc8621ea1e27ca6819e3b2600d212b97ed2a33822ef	-	EXACT_DUPLICATE_EXTRACTED	-	-	-	-	-	-	-	-	artifacts/EXP-WRPC-STEP5-I2C-SEQUENCE-128-FINC-20260908/reprogram-recovery-slave.log	2fd75207e31077baf539dada9f3962078cadae80301bc6902d9f5ee264143c79	2190	experiments/legacy/exp-step5-softpll-lock/EXP-WRPC-STEP5-I2C-SEQUENCE-128-FINC-20260908/raw/reprogram-recovery-slave.log	MATCHED_TRACKED
member	experiments/legacy/exp-step5-softpll-lock/EXP-WRPC-STEP5-I2C-SEQUENCE-128-FINC-20260908/raw/EXP-WRPC-STEP5-I2C-SEQUENCE-128-FINC-20260908.tar.gz	53b74ebdad54915f52923dc8621ea1e27ca6819e3b2600d212b97ed2a33822ef	-	EXACT_DUPLICATE_EXTRACTED	-	-	-	-	-	-	-	-	artifacts/EXP-WRPC-STEP5-I2C-SEQUENCE-128-FINC-20260908/reprogram-recovery-slave.rc	a6479fa62edad86ce58e094b8db5b1289f8d1c56e9cd93b25480b723a3712695	20	experiments/legacy/exp-step5-softpll-lock/EXP-WRPC-STEP5-I2C-SEQUENCE-128-FINC-20260908/raw/reprogram-recovery-slave.rc	MATCHED_TRACKED
member	experiments/legacy/exp-step5-softpll-lock/EXP-WRPC-STEP5-I2C-SEQUENCE-128-FINC-20260908/raw/EXP-WRPC-STEP5-I2C-SEQUENCE-128-FINC-20260908.tar.gz	53b74ebdad54915f52923dc8621ea1e27ca6819e3b2600d212b97ed2a33822ef	-	EXACT_DUPLICATE_EXTRACTED	-	-	-	-	-	-	-	-	artifacts/EXP-WRPC-STEP5-I2C-SEQUENCE-128-FINC-20260908/preflight-3.log	e0b3fd606322578aacc6f567739295fdd6a3a38ef24627a9e2606b1f9d4d7c45	22064	experiments/legacy/exp-step5-softpll-lock/EXP-WRPC-STEP5-I2C-SEQUENCE-128-FINC-20260908/raw/preflight-3.log	MATCHED_TRACKED
member	experiments/legacy/exp-step5-softpll-lock/EXP-WRPC-STEP5-I2C-SEQUENCE-128-FINC-20260908/raw/EXP-WRPC-STEP5-I2C-SEQUENCE-128-FINC-20260908.tar.gz	53b74ebdad54915f52923dc8621ea1e27ca6819e3b2600d212b97ed2a33822ef	-	EXACT_DUPLICATE_EXTRACTED	-	-	-	-	-	-	-	-	artifacts/EXP-WRPC-STEP5-I2C-SEQUENCE-128-FINC-20260908/preflight-3.rc	ef18ecf33ffd72b6056a68da70daa5d6987795aee13c1e48cc4b03cbf0ab8f40	17	experiments/legacy/exp-step5-softpll-lock/EXP-WRPC-STEP5-I2C-SEQUENCE-128-FINC-20260908/raw/preflight-3.rc	MATCHED_TRACKED
member	experiments/legacy/exp-step5-softpll-lock/EXP-WRPC-STEP5-I2C-SEQUENCE-128-FINC-20260908/raw/EXP-WRPC-STEP5-I2C-SEQUENCE-128-FINC-20260908.tar.gz	53b74ebdad54915f52923dc8621ea1e27ca6819e3b2600d212b97ed2a33822ef	-	EXACT_DUPLICATE_EXTRACTED	-	-	-	-	-	-	-	-	artifacts/EXP-WRPC-STEP5-I2C-SEQUENCE-128-FINC-20260908/preflight-4.log	efb58628d1c9927ca5eb563044431e5b8cab3cbc946924402983c94cf5901c9e	22064	experiments/legacy/exp-step5-softpll-lock/EXP-WRPC-STEP5-I2C-SEQUENCE-128-FINC-20260908/raw/preflight-4.log	MATCHED_TRACKED
member	experiments/legacy/exp-step5-softpll-lock/EXP-WRPC-STEP5-I2C-SEQUENCE-128-FINC-20260908/raw/EXP-WRPC-STEP5-I2C-SEQUENCE-128-FINC-20260908.tar.gz	53b74ebdad54915f52923dc8621ea1e27ca6819e3b2600d212b97ed2a33822ef	-	EXACT_DUPLICATE_EXTRACTED	-	-	-	-	-	-	-	-	artifacts/EXP-WRPC-STEP5-I2C-SEQUENCE-128-FINC-20260908/preflight-4.rc	41bf0ee27afc859532c47b70c2b5d8450c6a6bd6edc69ea480cf8a57a3f31460	17	experiments/legacy/exp-step5-softpll-lock/EXP-WRPC-STEP5-I2C-SEQUENCE-128-FINC-20260908/raw/preflight-4.rc	MATCHED_TRACKED
member	experiments/legacy/exp-step5-softpll-lock/EXP-WRPC-STEP5-I2C-SEQUENCE-128-FINC-20260908/raw/EXP-WRPC-STEP5-I2C-SEQUENCE-128-FINC-20260908.tar.gz	53b74ebdad54915f52923dc8621ea1e27ca6819e3b2600d212b97ed2a33822ef	-	EXACT_DUPLICATE_EXTRACTED	-	-	-	-	-	-	-	-	artifacts/EXP-WRPC-STEP5-I2C-SEQUENCE-128-FINC-20260908/helper-smoke-120s.log	779b7db7746af71a94263d3f3015568cf1d1bf67ddbb3a49b0ae5cc379c77d51	1291534	experiments/legacy/exp-step5-softpll-lock/EXP-WRPC-STEP5-I2C-SEQUENCE-128-FINC-20260908/raw/helper-smoke-120s.log	MATCHED_TRACKED
member	experiments/legacy/exp-step5-softpll-lock/EXP-WRPC-STEP5-I2C-SEQUENCE-128-FINC-20260908/raw/EXP-WRPC-STEP5-I2C-SEQUENCE-128-FINC-20260908.tar.gz	53b74ebdad54915f52923dc8621ea1e27ca6819e3b2600d212b97ed2a33822ef	-	EXACT_DUPLICATE_EXTRACTED	-	-	-	-	-	-	-	-	artifacts/EXP-WRPC-STEP5-I2C-SEQUENCE-128-FINC-20260908/helper-smoke-120s.rc	c38409328a32cb93362bf27b33ec8b4f8168ea1ab6b7a1cfa07a53def37dcf9e	14	experiments/legacy/exp-step5-softpll-lock/EXP-WRPC-STEP5-I2C-SEQUENCE-128-FINC-20260908/raw/helper-smoke-120s.rc	MATCHED_TRACKED
archive	experiments/legacy/exp-step5-softpll-lock/EXP-WRPC-STEP5-ISOLATED-NO-BOOTSTRAP-20260908/raw/EXP-WRPC-STEP5-ISOLATED-NO-BOOTSTRAP-20260908.tar.gz	e86175653aaa61aa16b73ee790c5a5dc03bb1cbfbef2e5c01a4958b30330c919	26566	EXACT_DUPLICATE_EXTRACTED	13	13	0	-	-	-	-	MATCH	-	-	-	-	-
member	experiments/legacy/exp-step5-softpll-lock/EXP-WRPC-STEP5-ISOLATED-NO-BOOTSTRAP-20260908/raw/EXP-WRPC-STEP5-ISOLATED-NO-BOOTSTRAP-20260908.tar.gz	e86175653aaa61aa16b73ee790c5a5dc03bb1cbfbef2e5c01a4958b30330c919	-	EXACT_DUPLICATE_EXTRACTED	-	-	-	-	-	-	-	-	EXP-WRPC-STEP5-ISOLATED-NO-BOOTSTRAP-20260908/identity.txt	b5ff4281afedb1df3bac9f8c45a9c66e98698c22ebf0249a31b6d198fd7fccc1	423	experiments/legacy/exp-step5-softpll-lock/EXP-WRPC-STEP5-ISOLATED-NO-BOOTSTRAP-20260908/raw/EXP-WRPC-STEP5-ISOLATED-NO-BOOTSTRAP-20260908/identity.txt	MATCHED_TRACKED
member	experiments/legacy/exp-step5-softpll-lock/EXP-WRPC-STEP5-ISOLATED-NO-BOOTSTRAP-20260908/raw/EXP-WRPC-STEP5-ISOLATED-NO-BOOTSTRAP-20260908.tar.gz	e86175653aaa61aa16b73ee790c5a5dc03bb1cbfbef2e5c01a4958b30330c919	-	EXACT_DUPLICATE_EXTRACTED	-	-	-	-	-	-	-	-	EXP-WRPC-STEP5-ISOLATED-NO-BOOTSTRAP-20260908/firmware-master.log	8ca646c9b53438d3944c644e53fefabdb859f1aac3aed7aa04e17557cb1aeeb2	214	experiments/legacy/exp-step5-softpll-lock/EXP-WRPC-STEP5-ISOLATED-NO-BOOTSTRAP-20260908/raw/EXP-WRPC-STEP5-ISOLATED-NO-BOOTSTRAP-20260908/firmware-master.log	MATCHED_TRACKED
member	experiments/legacy/exp-step5-softpll-lock/EXP-WRPC-STEP5-ISOLATED-NO-BOOTSTRAP-20260908/raw/EXP-WRPC-STEP5-ISOLATED-NO-BOOTSTRAP-20260908.tar.gz	e86175653aaa61aa16b73ee790c5a5dc03bb1cbfbef2e5c01a4958b30330c919	-	EXACT_DUPLICATE_EXTRACTED	-	-	-	-	-	-	-	-	EXP-WRPC-STEP5-ISOLATED-NO-BOOTSTRAP-20260908/firmware-slave.log	b19d24a8ba3aba8cbeb10505bb09eff8534aa0ac664b95b13a794927db7de452	209	experiments/legacy/exp-step5-softpll-lock/EXP-WRPC-STEP5-ISOLATED-NO-BOOTSTRAP-20260908/raw/EXP-WRPC-STEP5-ISOLATED-NO-BOOTSTRAP-20260908/firmware-slave.log	MATCHED_TRACKED
member	experiments/legacy/exp-step5-softpll-lock/EXP-WRPC-STEP5-ISOLATED-NO-BOOTSTRAP-20260908/raw/EXP-WRPC-STEP5-ISOLATED-NO-BOOTSTRAP-20260908.tar.gz	e86175653aaa61aa16b73ee790c5a5dc03bb1cbfbef2e5c01a4958b30330c919	-	EXACT_DUPLICATE_EXTRACTED	-	-	-	-	-	-	-	-	EXP-WRPC-STEP5-ISOLATED-NO-BOOTSTRAP-20260908/compile-master.log	9cc66bc519bc1c14bb5e962086c32c41911484bbae6a83e0b9768bb97fd0763e	145	experiments/legacy/exp-step5-softpll-lock/EXP-WRPC-STEP5-ISOLATED-NO-BOOTSTRAP-20260908/raw/EXP-WRPC-STEP5-ISOLATED-NO-BOOTSTRAP-20260908/compile-master.log	MATCHED_TRACKED
member	experiments/legacy/exp-step5-softpll-lock/EXP-WRPC-STEP5-ISOLATED-NO-BOOTSTRAP-20260908/raw/EXP-WRPC-STEP5-ISOLATED-NO-BOOTSTRAP-20260908.tar.gz	e86175653aaa61aa16b73ee790c5a5dc03bb1cbfbef2e5c01a4958b30330c919	-	EXACT_DUPLICATE_EXTRACTED	-	-	-	-	-	-	-	-	EXP-WRPC-STEP5-ISOLATED-NO-BOOTSTRAP-20260908/compile-slave.log	3465f7ad831a53ed79b72b9654ce17ca538920826a555868a319e7ffb4d5b721	142	experiments/legacy/exp-step5-softpll-lock/EXP-WRPC-STEP5-ISOLATED-NO-BOOTSTRAP-20260908/raw/EXP-WRPC-STEP5-ISOLATED-NO-BOOTSTRAP-20260908/compile-slave.log	MATCHED_TRACKED
member	experiments/legacy/exp-step5-softpll-lock/EXP-WRPC-STEP5-ISOLATED-NO-BOOTSTRAP-20260908/raw/EXP-WRPC-STEP5-ISOLATED-NO-BOOTSTRAP-20260908.tar.gz	e86175653aaa61aa16b73ee790c5a5dc03bb1cbfbef2e5c01a4958b30330c919	-	EXACT_DUPLICATE_EXTRACTED	-	-	-	-	-	-	-	-	EXP-WRPC-STEP5-ISOLATED-NO-BOOTSTRAP-20260908/build_info_jtag_master.txt	3959c0728cf6d80488ab9e3a83b9a60c81458802d3ac68e37d98fd46593fb34a	951	experiments/legacy/exp-step5-softpll-lock/EXP-WRPC-STEP5-ISOLATED-NO-BOOTSTRAP-20260908/raw/EXP-WRPC-STEP5-ISOLATED-NO-BOOTSTRAP-20260908/build_info_jtag_master.txt	MATCHED_TRACKED
member	experiments/legacy/exp-step5-softpll-lock/EXP-WRPC-STEP5-ISOLATED-NO-BOOTSTRAP-20260908/raw/EXP-WRPC-STEP5-ISOLATED-NO-BOOTSTRAP-20260908.tar.gz	e86175653aaa61aa16b73ee790c5a5dc03bb1cbfbef2e5c01a4958b30330c919	-	EXACT_DUPLICATE_EXTRACTED	-	-	-	-	-	-	-	-	EXP-WRPC-STEP5-ISOLATED-NO-BOOTSTRAP-20260908/build_info_jtag_slave.txt	34e427c1b31fa978b0dc2351c2f739f3215ac394da8306b15d412b4cbf1a5cf3	950	experiments/legacy/exp-step5-softpll-lock/EXP-WRPC-STEP5-ISOLATED-NO-BOOTSTRAP-20260908/raw/EXP-WRPC-STEP5-ISOLATED-NO-BOOTSTRAP-20260908/build_info_jtag_slave.txt	MATCHED_TRACKED
member	experiments/legacy/exp-step5-softpll-lock/EXP-WRPC-STEP5-ISOLATED-NO-BOOTSTRAP-20260908/raw/EXP-WRPC-STEP5-ISOLATED-NO-BOOTSTRAP-20260908.tar.gz	e86175653aaa61aa16b73ee790c5a5dc03bb1cbfbef2e5c01a4958b30330c919	-	EXACT_DUPLICATE_EXTRACTED	-	-	-	-	-	-	-	-	EXP-WRPC-STEP5-ISOLATED-NO-BOOTSTRAP-20260908/sof-sha256.txt	535878caa8d64dbe62fd892ddacb72aec23032f7b8c0cf32ef0d689658eb3925	280	experiments/legacy/exp-step5-softpll-lock/EXP-WRPC-STEP5-ISOLATED-NO-BOOTSTRAP-20260908/raw/EXP-WRPC-STEP5-ISOLATED-NO-BOOTSTRAP-20260908/sof-sha256.txt	MATCHED_TRACKED
member	experiments/legacy/exp-step5-softpll-lock/EXP-WRPC-STEP5-ISOLATED-NO-BOOTSTRAP-20260908/raw/EXP-WRPC-STEP5-ISOLATED-NO-BOOTSTRAP-20260908.tar.gz	e86175653aaa61aa16b73ee790c5a5dc03bb1cbfbef2e5c01a4958b30330c919	-	EXACT_DUPLICATE_EXTRACTED	-	-	-	-	-	-	-	-	EXP-WRPC-STEP5-ISOLATED-NO-BOOTSTRAP-20260908/program-master.log	2df6b320666d28840bd29647626f8bd45e470c64e8d485c398bcdfb82d367d18	2184	experiments/legacy/exp-step5-softpll-lock/EXP-WRPC-STEP5-ISOLATED-NO-BOOTSTRAP-20260908/raw/EXP-WRPC-STEP5-ISOLATED-NO-BOOTSTRAP-20260908/program-master.log	MATCHED_TRACKED
member	experiments/legacy/exp-step5-softpll-lock/EXP-WRPC-STEP5-ISOLATED-NO-BOOTSTRAP-20260908/raw/EXP-WRPC-STEP5-ISOLATED-NO-BOOTSTRAP-20260908.tar.gz	e86175653aaa61aa16b73ee790c5a5dc03bb1cbfbef2e5c01a4958b30330c919	-	EXACT_DUPLICATE_EXTRACTED	-	-	-	-	-	-	-	-	EXP-WRPC-STEP5-ISOLATED-NO-BOOTSTRAP-20260908/program-slave.log	0ba614935cf278071f8af709f4b10e3b9b45ae2b4a888c70df4c4b2b4ee1f972	2180	experiments/legacy/exp-step5-softpll-lock/EXP-WRPC-STEP5-ISOLATED-NO-BOOTSTRAP-20260908/raw/EXP-WRPC-STEP5-ISOLATED-NO-BOOTSTRAP-20260908/program-slave.log	MATCHED_TRACKED
member	experiments/legacy/exp-step5-softpll-lock/EXP-WRPC-STEP5-ISOLATED-NO-BOOTSTRAP-20260908/raw/EXP-WRPC-STEP5-ISOLATED-NO-BOOTSTRAP-20260908.tar.gz	e86175653aaa61aa16b73ee790c5a5dc03bb1cbfbef2e5c01a4958b30330c919	-	EXACT_DUPLICATE_EXTRACTED	-	-	-	-	-	-	-	-	EXP-WRPC-STEP5-ISOLATED-NO-BOOTSTRAP-20260908/preflight-1.log	57f6029a328ad95cf58dea461bbfe4b466ba686b90aea74c42edaa6e977cda8e	19690	experiments/legacy/exp-step5-softpll-lock/EXP-WRPC-STEP5-ISOLATED-NO-BOOTSTRAP-20260908/raw/EXP-WRPC-STEP5-ISOLATED-NO-BOOTSTRAP-20260908/preflight-1.log	MATCHED_TRACKED
member	experiments/legacy/exp-step5-softpll-lock/EXP-WRPC-STEP5-ISOLATED-NO-BOOTSTRAP-20260908/raw/EXP-WRPC-STEP5-ISOLATED-NO-BOOTSTRAP-20260908.tar.gz	e86175653aaa61aa16b73ee790c5a5dc03bb1cbfbef2e5c01a4958b30330c919	-	EXACT_DUPLICATE_EXTRACTED	-	-	-	-	-	-	-	-	EXP-WRPC-STEP5-ISOLATED-NO-BOOTSTRAP-20260908/preflight-2.log	eec7d51b7e880a4f0edfc14bfcdc910c9b2cdfe5e87bab364baa997a24d87daa	22094	experiments/legacy/exp-step5-softpll-lock/EXP-WRPC-STEP5-ISOLATED-NO-BOOTSTRAP-20260908/raw/EXP-WRPC-STEP5-ISOLATED-NO-BOOTSTRAP-20260908/preflight-2.log	MATCHED_TRACKED
member	experiments/legacy/exp-step5-softpll-lock/EXP-WRPC-STEP5-ISOLATED-NO-BOOTSTRAP-20260908/raw/EXP-WRPC-STEP5-ISOLATED-NO-BOOTSTRAP-20260908.tar.gz	e86175653aaa61aa16b73ee790c5a5dc03bb1cbfbef2e5c01a4958b30330c919	-	EXACT_DUPLICATE_EXTRACTED	-	-	-	-	-	-	-	-	EXP-WRPC-STEP5-ISOLATED-NO-BOOTSTRAP-20260908/helper-smoke-120s.log	ecaa7bd3a5f67954f6a559084c6ad93ef43b5b951e967e6e8e396584ef306770	814329	experiments/legacy/exp-step5-softpll-lock/EXP-WRPC-STEP5-ISOLATED-NO-BOOTSTRAP-20260908/raw/EXP-WRPC-STEP5-ISOLATED-NO-BOOTSTRAP-20260908/helper-smoke-120s.log	MATCHED_TRACKED
archive	experiments/legacy/exp-step5-softpll-lock/EXP-WRPC-STEP5-ISOLATED-REVERSE-PERSISTENT-1024-20260908/raw/EXP-WRPC-STEP5-ISOLATED-REVERSE-PERSISTENT-1024-20260908.tar.gz	eb1551e8a7a004cd728424e178e4f95d5acfbd94c694ce87e65051d3bb60ab80	117591	EXACT_DUPLICATE_EXTRACTED	19	19	0	-	-	-	-	MATCH	-	-	-	-	-
member	experiments/legacy/exp-step5-softpll-lock/EXP-WRPC-STEP5-ISOLATED-REVERSE-PERSISTENT-1024-20260908/raw/EXP-WRPC-STEP5-ISOLATED-REVERSE-PERSISTENT-1024-20260908.tar.gz	eb1551e8a7a004cd728424e178e4f95d5acfbd94c694ce87e65051d3bb60ab80	-	EXACT_DUPLICATE_EXTRACTED	-	-	-	-	-	-	-	-	EXP-WRPC-STEP5-ISOLATED-REVERSE-PERSISTENT-1024-20260908/identity.txt	621220511f66bf2ae34a40a456d66386545e404f1751c95d9dd63b18bab3f589	824	experiments/legacy/exp-step5-softpll-lock/EXP-WRPC-STEP5-ISOLATED-REVERSE-PERSISTENT-1024-20260908/raw/EXP-WRPC-STEP5-ISOLATED-REVERSE-PERSISTENT-1024-20260908/identity.txt	MATCHED_TRACKED
member	experiments/legacy/exp-step5-softpll-lock/EXP-WRPC-STEP5-ISOLATED-REVERSE-PERSISTENT-1024-20260908/raw/EXP-WRPC-STEP5-ISOLATED-REVERSE-PERSISTENT-1024-20260908.tar.gz	eb1551e8a7a004cd728424e178e4f95d5acfbd94c694ce87e65051d3bb60ab80	-	EXACT_DUPLICATE_EXTRACTED	-	-	-	-	-	-	-	-	EXP-WRPC-STEP5-ISOLATED-REVERSE-PERSISTENT-1024-20260908/firmware-master.log	0e380cafdb58ba10f3cc06b5673b5dc2c54bd50feaed35f9dbbdd45f44130c9b	3012	experiments/legacy/exp-step5-softpll-lock/EXP-WRPC-STEP5-ISOLATED-REVERSE-PERSISTENT-1024-20260908/raw/EXP-WRPC-STEP5-ISOLATED-REVERSE-PERSISTENT-1024-20260908/firmware-master.log	MATCHED_TRACKED
member	experiments/legacy/exp-step5-softpll-lock/EXP-WRPC-STEP5-ISOLATED-REVERSE-PERSISTENT-1024-20260908/raw/EXP-WRPC-STEP5-ISOLATED-REVERSE-PERSISTENT-1024-20260908.tar.gz	eb1551e8a7a004cd728424e178e4f95d5acfbd94c694ce87e65051d3bb60ab80	-	EXACT_DUPLICATE_EXTRACTED	-	-	-	-	-	-	-	-	EXP-WRPC-STEP5-ISOLATED-REVERSE-PERSISTENT-1024-20260908/firmware-slave.log	e30dec0124820124bc90d07118c804310e44206f77a0ccb90047b89c4ffa3d2a	3002	experiments/legacy/exp-step5-softpll-lock/EXP-WRPC-STEP5-ISOLATED-REVERSE-PERSISTENT-1024-20260908/raw/EXP-WRPC-STEP5-ISOLATED-REVERSE-PERSISTENT-1024-20260908/firmware-slave.log	MATCHED_TRACKED
member	experiments/legacy/exp-step5-softpll-lock/EXP-WRPC-STEP5-ISOLATED-REVERSE-PERSISTENT-1024-20260908/raw/EXP-WRPC-STEP5-ISOLATED-REVERSE-PERSISTENT-1024-20260908.tar.gz	eb1551e8a7a004cd728424e178e4f95d5acfbd94c694ce87e65051d3bb60ab80	-	EXACT_DUPLICATE_EXTRACTED	-	-	-	-	-	-	-	-	EXP-WRPC-STEP5-ISOLATED-REVERSE-PERSISTENT-1024-20260908/compile-master.log	192e48ed3c1cdb7640d7a6709a40babddd4021574d3158b8e0b4f2f724e5235b	5928	experiments/legacy/exp-step5-softpll-lock/EXP-WRPC-STEP5-ISOLATED-REVERSE-PERSISTENT-1024-20260908/raw/EXP-WRPC-STEP5-ISOLATED-REVERSE-PERSISTENT-1024-20260908/compile-master.log	MATCHED_TRACKED
member	experiments/legacy/exp-step5-softpll-lock/EXP-WRPC-STEP5-ISOLATED-REVERSE-PERSISTENT-1024-20260908/raw/EXP-WRPC-STEP5-ISOLATED-REVERSE-PERSISTENT-1024-20260908.tar.gz	eb1551e8a7a004cd728424e178e4f95d5acfbd94c694ce87e65051d3bb60ab80	-	EXACT_DUPLICATE_EXTRACTED	-	-	-	-	-	-	-	-	EXP-WRPC-STEP5-ISOLATED-REVERSE-PERSISTENT-1024-20260908/compile-slave.log	f750ed897bc940741ab01c59ddf9fdbe852dac5de96fc7c8839bbdf988a8e0e6	5921	experiments/legacy/exp-step5-softpll-lock/EXP-WRPC-STEP5-ISOLATED-REVERSE-PERSISTENT-1024-20260908/raw/EXP-WRPC-STEP5-ISOLATED-REVERSE-PERSISTENT-1024-20260908/compile-slave.log	MATCHED_TRACKED
member	experiments/legacy/exp-step5-softpll-lock/EXP-WRPC-STEP5-ISOLATED-REVERSE-PERSISTENT-1024-20260908/raw/EXP-WRPC-STEP5-ISOLATED-REVERSE-PERSISTENT-1024-20260908.tar.gz	eb1551e8a7a004cd728424e178e4f95d5acfbd94c694ce87e65051d3bb60ab80	-	EXACT_DUPLICATE_EXTRACTED	-	-	-	-	-	-	-	-	EXP-WRPC-STEP5-ISOLATED-REVERSE-PERSISTENT-1024-20260908/compile-master-user.log	9cc66bc519bc1c14bb5e962086c32c41911484bbae6a83e0b9768bb97fd0763e	145	experiments/legacy/exp-step5-softpll-lock/EXP-WRPC-STEP5-ISOLATED-REVERSE-PERSISTENT-1024-20260908/raw/EXP-WRPC-STEP5-ISOLATED-REVERSE-PERSISTENT-1024-20260908/compile-master-user.log	MATCHED_TRACKED
member	experiments/legacy/exp-step5-softpll-lock/EXP-WRPC-STEP5-ISOLATED-REVERSE-PERSISTENT-1024-20260908/raw/EXP-WRPC-STEP5-ISOLATED-REVERSE-PERSISTENT-1024-20260908.tar.gz	eb1551e8a7a004cd728424e178e4f95d5acfbd94c694ce87e65051d3bb60ab80	-	EXACT_DUPLICATE_EXTRACTED	-	-	-	-	-	-	-	-	EXP-WRPC-STEP5-ISOLATED-REVERSE-PERSISTENT-1024-20260908/compile-slave-user.log	3465f7ad831a53ed79b72b9654ce17ca538920826a555868a319e7ffb4d5b721	142	experiments/legacy/exp-step5-softpll-lock/EXP-WRPC-STEP5-ISOLATED-REVERSE-PERSISTENT-1024-20260908/raw/EXP-WRPC-STEP5-ISOLATED-REVERSE-PERSISTENT-1024-20260908/compile-slave-user.log	MATCHED_TRACKED
member	experiments/legacy/exp-step5-softpll-lock/EXP-WRPC-STEP5-ISOLATED-REVERSE-PERSISTENT-1024-20260908/raw/EXP-WRPC-STEP5-ISOLATED-REVERSE-PERSISTENT-1024-20260908.tar.gz	eb1551e8a7a004cd728424e178e4f95d5acfbd94c694ce87e65051d3bb60ab80	-	EXACT_DUPLICATE_EXTRACTED	-	-	-	-	-	-	-	-	EXP-WRPC-STEP5-ISOLATED-REVERSE-PERSISTENT-1024-20260908/build_info_jtag_master.txt	5adc7d3ca2e46b7a25eeafa9e422c3432d4cac51ce192829d0a10933d69b753f	951	experiments/legacy/exp-step5-softpll-lock/EXP-WRPC-STEP5-ISOLATED-REVERSE-PERSISTENT-1024-20260908/raw/EXP-WRPC-STEP5-ISOLATED-REVERSE-PERSISTENT-1024-20260908/build_info_jtag_master.txt	MATCHED_TRACKED
member	experiments/legacy/exp-step5-softpll-lock/EXP-WRPC-STEP5-ISOLATED-REVERSE-PERSISTENT-1024-20260908/raw/EXP-WRPC-STEP5-ISOLATED-REVERSE-PERSISTENT-1024-20260908.tar.gz	eb1551e8a7a004cd728424e178e4f95d5acfbd94c694ce87e65051d3bb60ab80	-	EXACT_DUPLICATE_EXTRACTED	-	-	-	-	-	-	-	-	EXP-WRPC-STEP5-ISOLATED-REVERSE-PERSISTENT-1024-20260908/build_info_jtag_slave.txt	10d1414b849a47fe1fe0dabf3a86c1c0093606529ff018efcdea1bb1e6e94714	950	experiments/legacy/exp-step5-softpll-lock/EXP-WRPC-STEP5-ISOLATED-REVERSE-PERSISTENT-1024-20260908/raw/EXP-WRPC-STEP5-ISOLATED-REVERSE-PERSISTENT-1024-20260908/build_info_jtag_slave.txt	MATCHED_TRACKED
member	experiments/legacy/exp-step5-softpll-lock/EXP-WRPC-STEP5-ISOLATED-REVERSE-PERSISTENT-1024-20260908/raw/EXP-WRPC-STEP5-ISOLATED-REVERSE-PERSISTENT-1024-20260908.tar.gz	eb1551e8a7a004cd728424e178e4f95d5acfbd94c694ce87e65051d3bb60ab80	-	EXACT_DUPLICATE_EXTRACTED	-	-	-	-	-	-	-	-	EXP-WRPC-STEP5-ISOLATED-REVERSE-PERSISTENT-1024-20260908/sof-sha256.txt	0564c87f4a08cd0db4f4057ffdd9a2e34c2a249cff2723d287cd1e8966cabb06	280	experiments/legacy/exp-step5-softpll-lock/EXP-WRPC-STEP5-ISOLATED-REVERSE-PERSISTENT-1024-20260908/raw/EXP-WRPC-STEP5-ISOLATED-REVERSE-PERSISTENT-1024-20260908/sof-sha256.txt	MATCHED_TRACKED
member	experiments/legacy/exp-step5-softpll-lock/EXP-WRPC-STEP5-ISOLATED-REVERSE-PERSISTENT-1024-20260908/raw/EXP-WRPC-STEP5-ISOLATED-REVERSE-PERSISTENT-1024-20260908.tar.gz	eb1551e8a7a004cd728424e178e4f95d5acfbd94c694ce87e65051d3bb60ab80	-	EXACT_DUPLICATE_EXTRACTED	-	-	-	-	-	-	-	-	EXP-WRPC-STEP5-ISOLATED-REVERSE-PERSISTENT-1024-20260908/program-master.log	e3b0c44298fc1c149afbf4c8996fb92427ae41e4649b934ca495991b7852b855	0	experiments/legacy/exp-step5-softpll-lock/EXP-WRPC-STEP5-ISOLATED-REVERSE-PERSISTENT-1024-20260908/raw/EXP-WRPC-STEP5-ISOLATED-REVERSE-PERSISTENT-1024-20260908/program-master.log	MATCHED_TRACKED
member	experiments/legacy/exp-step5-softpll-lock/EXP-WRPC-STEP5-ISOLATED-REVERSE-PERSISTENT-1024-20260908/raw/EXP-WRPC-STEP5-ISOLATED-REVERSE-PERSISTENT-1024-20260908.tar.gz	eb1551e8a7a004cd728424e178e4f95d5acfbd94c694ce87e65051d3bb60ab80	-	EXACT_DUPLICATE_EXTRACTED	-	-	-	-	-	-	-	-	EXP-WRPC-STEP5-ISOLATED-REVERSE-PERSISTENT-1024-20260908/program-master-user.log	f373f7a9b8f20c27147b2b00259e4ea3e54fb96b152a8378d214438d338d8cc2	2150	experiments/legacy/exp-step5-softpll-lock/EXP-WRPC-STEP5-ISOLATED-REVERSE-PERSISTENT-1024-20260908/raw/EXP-WRPC-STEP5-ISOLATED-REVERSE-PERSISTENT-1024-20260908/program-master-user.log	MATCHED_TRACKED
member	experiments/legacy/exp-step5-softpll-lock/EXP-WRPC-STEP5-ISOLATED-REVERSE-PERSISTENT-1024-20260908/raw/EXP-WRPC-STEP5-ISOLATED-REVERSE-PERSISTENT-1024-20260908.tar.gz	eb1551e8a7a004cd728424e178e4f95d5acfbd94c694ce87e65051d3bb60ab80	-	EXACT_DUPLICATE_EXTRACTED	-	-	-	-	-	-	-	-	EXP-WRPC-STEP5-ISOLATED-REVERSE-PERSISTENT-1024-20260908/program-slave-user.log	7f8a575a21407e9fb8b5cc4497b5a1af2f478bcadef126156407a3937459b31d	2146	experiments/legacy/exp-step5-softpll-lock/EXP-WRPC-STEP5-ISOLATED-REVERSE-PERSISTENT-1024-20260908/raw/EXP-WRPC-STEP5-ISOLATED-REVERSE-PERSISTENT-1024-20260908/program-slave-user.log	MATCHED_TRACKED
member	experiments/legacy/exp-step5-softpll-lock/EXP-WRPC-STEP5-ISOLATED-REVERSE-PERSISTENT-1024-20260908/raw/EXP-WRPC-STEP5-ISOLATED-REVERSE-PERSISTENT-1024-20260908.tar.gz	eb1551e8a7a004cd728424e178e4f95d5acfbd94c694ce87e65051d3bb60ab80	-	EXACT_DUPLICATE_EXTRACTED	-	-	-	-	-	-	-	-	EXP-WRPC-STEP5-ISOLATED-REVERSE-PERSISTENT-1024-20260908/preflight-1.log	90dc8a58f2a11daa5c2e46ffb72c9e1c75c1891144285488ced34c95531ab0e0	19660	experiments/legacy/exp-step5-softpll-lock/EXP-WRPC-STEP5-ISOLATED-REVERSE-PERSISTENT-1024-20260908/raw/EXP-WRPC-STEP5-ISOLATED-REVERSE-PERSISTENT-1024-20260908/preflight-1.log	MATCHED_TRACKED
member	experiments/legacy/exp-step5-softpll-lock/EXP-WRPC-STEP5-ISOLATED-REVERSE-PERSISTENT-1024-20260908/raw/EXP-WRPC-STEP5-ISOLATED-REVERSE-PERSISTENT-1024-20260908.tar.gz	eb1551e8a7a004cd728424e178e4f95d5acfbd94c694ce87e65051d3bb60ab80	-	EXACT_DUPLICATE_EXTRACTED	-	-	-	-	-	-	-	-	EXP-WRPC-STEP5-ISOLATED-REVERSE-PERSISTENT-1024-20260908/preflight-2.log	190c91f829be33e804adbdcbd1488c18b0afb805436f51636c7f201ef4191ccc	22066	experiments/legacy/exp-step5-softpll-lock/EXP-WRPC-STEP5-ISOLATED-REVERSE-PERSISTENT-1024-20260908/raw/EXP-WRPC-STEP5-ISOLATED-REVERSE-PERSISTENT-1024-20260908/preflight-2.log	MATCHED_TRACKED
member	experiments/legacy/exp-step5-softpll-lock/EXP-WRPC-STEP5-ISOLATED-REVERSE-PERSISTENT-1024-20260908/raw/EXP-WRPC-STEP5-ISOLATED-REVERSE-PERSISTENT-1024-20260908.tar.gz	eb1551e8a7a004cd728424e178e4f95d5acfbd94c694ce87e65051d3bb60ab80	-	EXACT_DUPLICATE_EXTRACTED	-	-	-	-	-	-	-	-	EXP-WRPC-STEP5-ISOLATED-REVERSE-PERSISTENT-1024-20260908/preflight-3.log	b46016d9f5e7daaa2f9a382a9ede485df2da9733a1ad7db65ee786086b5f6aeb	22068	experiments/legacy/exp-step5-softpll-lock/EXP-WRPC-STEP5-ISOLATED-REVERSE-PERSISTENT-1024-20260908/raw/EXP-WRPC-STEP5-ISOLATED-REVERSE-PERSISTENT-1024-20260908/preflight-3.log	MATCHED_TRACKED
member	experiments/legacy/exp-step5-softpll-lock/EXP-WRPC-STEP5-ISOLATED-REVERSE-PERSISTENT-1024-20260908/raw/EXP-WRPC-STEP5-ISOLATED-REVERSE-PERSISTENT-1024-20260908.tar.gz	eb1551e8a7a004cd728424e178e4f95d5acfbd94c694ce87e65051d3bb60ab80	-	EXACT_DUPLICATE_EXTRACTED	-	-	-	-	-	-	-	-	EXP-WRPC-STEP5-ISOLATED-REVERSE-PERSISTENT-1024-20260908/helper-smoke-120s.log	e03a4ae30c922cac1fcf1873e123f0bfd62097fd468e49c6f7446067e081f2b2	816811	experiments/legacy/exp-step5-softpll-lock/EXP-WRPC-STEP5-ISOLATED-REVERSE-PERSISTENT-1024-20260908/raw/EXP-WRPC-STEP5-ISOLATED-REVERSE-PERSISTENT-1024-20260908/helper-smoke-120s.log	MATCHED_TRACKED
member	experiments/legacy/exp-step5-softpll-lock/EXP-WRPC-STEP5-ISOLATED-REVERSE-PERSISTENT-1024-20260908/raw/EXP-WRPC-STEP5-ISOLATED-REVERSE-PERSISTENT-1024-20260908.tar.gz	eb1551e8a7a004cd728424e178e4f95d5acfbd94c694ce87e65051d3bb60ab80	-	EXACT_DUPLICATE_EXTRACTED	-	-	-	-	-	-	-	-	EXP-WRPC-STEP5-ISOLATED-REVERSE-PERSISTENT-1024-20260908/build_jtag_master.log	4601091a126df0eb258d1a87ebcc1ce043c098eeb86c04b35584f163839045aa	491874	experiments/legacy/exp-step5-softpll-lock/EXP-WRPC-STEP5-ISOLATED-REVERSE-PERSISTENT-1024-20260908/raw/EXP-WRPC-STEP5-ISOLATED-REVERSE-PERSISTENT-1024-20260908/build_jtag_master.log	MATCHED_TRACKED
member	experiments/legacy/exp-step5-softpll-lock/EXP-WRPC-STEP5-ISOLATED-REVERSE-PERSISTENT-1024-20260908/raw/EXP-WRPC-STEP5-ISOLATED-REVERSE-PERSISTENT-1024-20260908.tar.gz	eb1551e8a7a004cd728424e178e4f95d5acfbd94c694ce87e65051d3bb60ab80	-	EXACT_DUPLICATE_EXTRACTED	-	-	-	-	-	-	-	-	EXP-WRPC-STEP5-ISOLATED-REVERSE-PERSISTENT-1024-20260908/build_jtag_slave.log	031e5405b19186f49151ebf8064dc52fda48e2786964b8f6838610d9a6bac7c8	515386	experiments/legacy/exp-step5-softpll-lock/EXP-WRPC-STEP5-ISOLATED-REVERSE-PERSISTENT-1024-20260908/raw/EXP-WRPC-STEP5-ISOLATED-REVERSE-PERSISTENT-1024-20260908/build_jtag_slave.log	MATCHED_TRACKED
archive	experiments/legacy/exp-step5-softpll-lock/EXP-WRPC-STEP5-ISOLATED-STATIC-FORWARD-1024-20260908/raw/EXP-WRPC-STEP5-ISOLATED-STATIC-FORWARD-1024-20260908.tar.gz	8a0d31545758d29c35a00e96255626178847ef86477f168726bc17d68eff560f	25693	EXACT_DUPLICATE_EXTRACTED	11	11	0	-	-	-	-	MATCH	-	-	-	-	-
member	experiments/legacy/exp-step5-softpll-lock/EXP-WRPC-STEP5-ISOLATED-STATIC-FORWARD-1024-20260908/raw/EXP-WRPC-STEP5-ISOLATED-STATIC-FORWARD-1024-20260908.tar.gz	8a0d31545758d29c35a00e96255626178847ef86477f168726bc17d68eff560f	-	EXACT_DUPLICATE_EXTRACTED	-	-	-	-	-	-	-	-	EXP-WRPC-STEP5-ISOLATED-STATIC-FORWARD-1024-20260908/identity.txt	76da14fa30e89370e50c68785eac45f86fe923967b7c8eeb731498c88657acf5	754	experiments/legacy/exp-step5-softpll-lock/EXP-WRPC-STEP5-ISOLATED-STATIC-FORWARD-1024-20260908/raw/EXP-WRPC-STEP5-ISOLATED-STATIC-FORWARD-1024-20260908/identity.txt	MATCHED_TRACKED
member	experiments/legacy/exp-step5-softpll-lock/EXP-WRPC-STEP5-ISOLATED-STATIC-FORWARD-1024-20260908/raw/EXP-WRPC-STEP5-ISOLATED-STATIC-FORWARD-1024-20260908.tar.gz	8a0d31545758d29c35a00e96255626178847ef86477f168726bc17d68eff560f	-	EXACT_DUPLICATE_EXTRACTED	-	-	-	-	-	-	-	-	EXP-WRPC-STEP5-ISOLATED-STATIC-FORWARD-1024-20260908/firmware-master.log	200ecafad01daeb098287be8c633e36a5faab2c58d3e3efb796d4b188b9c93a9	13586	experiments/legacy/exp-step5-softpll-lock/EXP-WRPC-STEP5-ISOLATED-STATIC-FORWARD-1024-20260908/raw/EXP-WRPC-STEP5-ISOLATED-STATIC-FORWARD-1024-20260908/firmware-master.log	MATCHED_TRACKED
member	experiments/legacy/exp-step5-softpll-lock/EXP-WRPC-STEP5-ISOLATED-STATIC-FORWARD-1024-20260908/raw/EXP-WRPC-STEP5-ISOLATED-STATIC-FORWARD-1024-20260908.tar.gz	8a0d31545758d29c35a00e96255626178847ef86477f168726bc17d68eff560f	-	EXACT_DUPLICATE_EXTRACTED	-	-	-	-	-	-	-	-	EXP-WRPC-STEP5-ISOLATED-STATIC-FORWARD-1024-20260908/firmware-slave.log	078aeb0dc8687951af77b788c095efbc34596892de4d6c8b01ae1b32aa517b21	13473	experiments/legacy/exp-step5-softpll-lock/EXP-WRPC-STEP5-ISOLATED-STATIC-FORWARD-1024-20260908/raw/EXP-WRPC-STEP5-ISOLATED-STATIC-FORWARD-1024-20260908/firmware-slave.log	MATCHED_TRACKED
member	experiments/legacy/exp-step5-softpll-lock/EXP-WRPC-STEP5-ISOLATED-STATIC-FORWARD-1024-20260908/raw/EXP-WRPC-STEP5-ISOLATED-STATIC-FORWARD-1024-20260908.tar.gz	8a0d31545758d29c35a00e96255626178847ef86477f168726bc17d68eff560f	-	EXACT_DUPLICATE_EXTRACTED	-	-	-	-	-	-	-	-	EXP-WRPC-STEP5-ISOLATED-STATIC-FORWARD-1024-20260908/compile-master.log	9cc66bc519bc1c14bb5e962086c32c41911484bbae6a83e0b9768bb97fd0763e	145	experiments/legacy/exp-step5-softpll-lock/EXP-WRPC-STEP5-ISOLATED-STATIC-FORWARD-1024-20260908/raw/EXP-WRPC-STEP5-ISOLATED-STATIC-FORWARD-1024-20260908/compile-master.log	MATCHED_TRACKED
member	experiments/legacy/exp-step5-softpll-lock/EXP-WRPC-STEP5-ISOLATED-STATIC-FORWARD-1024-20260908/raw/EXP-WRPC-STEP5-ISOLATED-STATIC-FORWARD-1024-20260908.tar.gz	8a0d31545758d29c35a00e96255626178847ef86477f168726bc17d68eff560f	-	EXACT_DUPLICATE_EXTRACTED	-	-	-	-	-	-	-	-	EXP-WRPC-STEP5-ISOLATED-STATIC-FORWARD-1024-20260908/build_info_jtag_master.txt	2844a18f2336c9f36d9bfad5c38ad413a7d366322740847f8e4f17ddc1bb90fc	951	experiments/legacy/exp-step5-softpll-lock/EXP-WRPC-STEP5-ISOLATED-STATIC-FORWARD-1024-20260908/raw/EXP-WRPC-STEP5-ISOLATED-STATIC-FORWARD-1024-20260908/build_info_jtag_master.txt	MATCHED_TRACKED
member	experiments/legacy/exp-step5-softpll-lock/EXP-WRPC-STEP5-ISOLATED-STATIC-FORWARD-1024-20260908/raw/EXP-WRPC-STEP5-ISOLATED-STATIC-FORWARD-1024-20260908.tar.gz	8a0d31545758d29c35a00e96255626178847ef86477f168726bc17d68eff560f	-	EXACT_DUPLICATE_EXTRACTED	-	-	-	-	-	-	-	-	EXP-WRPC-STEP5-ISOLATED-STATIC-FORWARD-1024-20260908/compile-slave.log	3465f7ad831a53ed79b72b9654ce17ca538920826a555868a319e7ffb4d5b721	142	experiments/legacy/exp-step5-softpll-lock/EXP-WRPC-STEP5-ISOLATED-STATIC-FORWARD-1024-20260908/raw/EXP-WRPC-STEP5-ISOLATED-STATIC-FORWARD-1024-20260908/compile-slave.log	MATCHED_TRACKED
member	experiments/legacy/exp-step5-softpll-lock/EXP-WRPC-STEP5-ISOLATED-STATIC-FORWARD-1024-20260908/raw/EXP-WRPC-STEP5-ISOLATED-STATIC-FORWARD-1024-20260908.tar.gz	8a0d31545758d29c35a00e96255626178847ef86477f168726bc17d68eff560f	-	EXACT_DUPLICATE_EXTRACTED	-	-	-	-	-	-	-	-	EXP-WRPC-STEP5-ISOLATED-STATIC-FORWARD-1024-20260908/build_info_jtag_slave.txt	07fd1234219a3c5331d61b3bf8506b1ae057a8df32aa7bdee32e8ff5acb06d3e	950	experiments/legacy/exp-step5-softpll-lock/EXP-WRPC-STEP5-ISOLATED-STATIC-FORWARD-1024-20260908/raw/EXP-WRPC-STEP5-ISOLATED-STATIC-FORWARD-1024-20260908/build_info_jtag_slave.txt	MATCHED_TRACKED
member	experiments/legacy/exp-step5-softpll-lock/EXP-WRPC-STEP5-ISOLATED-STATIC-FORWARD-1024-20260908/raw/EXP-WRPC-STEP5-ISOLATED-STATIC-FORWARD-1024-20260908.tar.gz	8a0d31545758d29c35a00e96255626178847ef86477f168726bc17d68eff560f	-	EXACT_DUPLICATE_EXTRACTED	-	-	-	-	-	-	-	-	EXP-WRPC-STEP5-ISOLATED-STATIC-FORWARD-1024-20260908/program-master-user.log	1883639f54f5fbe665021f621cc6004b69cbcb1639dafc45cddf8ac5f584ccdb	2194	experiments/legacy/exp-step5-softpll-lock/EXP-WRPC-STEP5-ISOLATED-STATIC-FORWARD-1024-20260908/raw/EXP-WRPC-STEP5-ISOLATED-STATIC-FORWARD-1024-20260908/program-master-user.log	MATCHED_TRACKED
member	experiments/legacy/exp-step5-softpll-lock/EXP-WRPC-STEP5-ISOLATED-STATIC-FORWARD-1024-20260908/raw/EXP-WRPC-STEP5-ISOLATED-STATIC-FORWARD-1024-20260908.tar.gz	8a0d31545758d29c35a00e96255626178847ef86477f168726bc17d68eff560f	-	EXACT_DUPLICATE_EXTRACTED	-	-	-	-	-	-	-	-	EXP-WRPC-STEP5-ISOLATED-STATIC-FORWARD-1024-20260908/program-slave-user.log	7db8c3d3419891f755a35afc47fa6085d57a0fd127c59b02789031586172dc9c	2189	experiments/legacy/exp-step5-softpll-lock/EXP-WRPC-STEP5-ISOLATED-STATIC-FORWARD-1024-20260908/raw/EXP-WRPC-STEP5-ISOLATED-STATIC-FORWARD-1024-20260908/program-slave-user.log	MATCHED_TRACKED
member	experiments/legacy/exp-step5-softpll-lock/EXP-WRPC-STEP5-ISOLATED-STATIC-FORWARD-1024-20260908/raw/EXP-WRPC-STEP5-ISOLATED-STATIC-FORWARD-1024-20260908.tar.gz	8a0d31545758d29c35a00e96255626178847ef86477f168726bc17d68eff560f	-	EXACT_DUPLICATE_EXTRACTED	-	-	-	-	-	-	-	-	EXP-WRPC-STEP5-ISOLATED-STATIC-FORWARD-1024-20260908/preflight-1.log	d105a8655d2bd509969dabecdc2e11d0573bf404fa205bba264af81353c7e7d5	22094	experiments/legacy/exp-step5-softpll-lock/EXP-WRPC-STEP5-ISOLATED-STATIC-FORWARD-1024-20260908/raw/EXP-WRPC-STEP5-ISOLATED-STATIC-FORWARD-1024-20260908/preflight-1.log	MATCHED_TRACKED
member	experiments/legacy/exp-step5-softpll-lock/EXP-WRPC-STEP5-ISOLATED-STATIC-FORWARD-1024-20260908/raw/EXP-WRPC-STEP5-ISOLATED-STATIC-FORWARD-1024-20260908.tar.gz	8a0d31545758d29c35a00e96255626178847ef86477f168726bc17d68eff560f	-	EXACT_DUPLICATE_EXTRACTED	-	-	-	-	-	-	-	-	EXP-WRPC-STEP5-ISOLATED-STATIC-FORWARD-1024-20260908/helper-smoke-120s.log	9341a10b178dc60bf5e1e7305fd79e88cfadcf8860661cc4b92d60893290318f	806162	experiments/legacy/exp-step5-softpll-lock/EXP-WRPC-STEP5-ISOLATED-STATIC-FORWARD-1024-20260908/raw/EXP-WRPC-STEP5-ISOLATED-STATIC-FORWARD-1024-20260908/helper-smoke-120s.log	MATCHED_TRACKED
archive	experiments/legacy/exp-step5-softpll-lock/EXP-WRPC-STEP5-ISOLATED-STATIC-REVERSE-1024-20260908/raw/EXP-WRPC-STEP5-ISOLATED-STATIC-REVERSE-1024-20260908.tar.gz	07b2de60da3482ef025f7dbc36d492be660a934ed32dd1d0c9620a3191b73cc4	81036	EXACT_DUPLICATE_EXTRACTED	20	20	0	-	-	-	-	MATCH	-	-	-	-	-
member	experiments/legacy/exp-step5-softpll-lock/EXP-WRPC-STEP5-ISOLATED-STATIC-REVERSE-1024-20260908/raw/EXP-WRPC-STEP5-ISOLATED-STATIC-REVERSE-1024-20260908.tar.gz	07b2de60da3482ef025f7dbc36d492be660a934ed32dd1d0c9620a3191b73cc4	-	EXACT_DUPLICATE_EXTRACTED	-	-	-	-	-	-	-	-	EXP-WRPC-STEP5-ISOLATED-STATIC-REVERSE-1024-20260908/identity.txt	97bb46eabe4e378b3b510b5216bbc3cf1b784130b4ff94d675543d8663796340	1120	experiments/legacy/exp-step5-softpll-lock/EXP-WRPC-STEP5-ISOLATED-STATIC-REVERSE-1024-20260908/raw/EXP-WRPC-STEP5-ISOLATED-STATIC-REVERSE-1024-20260908/identity.txt	MATCHED_TRACKED
member	experiments/legacy/exp-step5-softpll-lock/EXP-WRPC-STEP5-ISOLATED-STATIC-REVERSE-1024-20260908/raw/EXP-WRPC-STEP5-ISOLATED-STATIC-REVERSE-1024-20260908.tar.gz	07b2de60da3482ef025f7dbc36d492be660a934ed32dd1d0c9620a3191b73cc4	-	EXACT_DUPLICATE_EXTRACTED	-	-	-	-	-	-	-	-	EXP-WRPC-STEP5-ISOLATED-STATIC-REVERSE-1024-20260908/firmware-master.log	200ecafad01daeb098287be8c633e36a5faab2c58d3e3efb796d4b188b9c93a9	13586	experiments/legacy/exp-step5-softpll-lock/EXP-WRPC-STEP5-ISOLATED-STATIC-REVERSE-1024-20260908/raw/EXP-WRPC-STEP5-ISOLATED-STATIC-REVERSE-1024-20260908/firmware-master.log	MATCHED_TRACKED
member	experiments/legacy/exp-step5-softpll-lock/EXP-WRPC-STEP5-ISOLATED-STATIC-REVERSE-1024-20260908/raw/EXP-WRPC-STEP5-ISOLATED-STATIC-REVERSE-1024-20260908.tar.gz	07b2de60da3482ef025f7dbc36d492be660a934ed32dd1d0c9620a3191b73cc4	-	EXACT_DUPLICATE_EXTRACTED	-	-	-	-	-	-	-	-	EXP-WRPC-STEP5-ISOLATED-STATIC-REVERSE-1024-20260908/firmware-slave.log	078aeb0dc8687951af77b788c095efbc34596892de4d6c8b01ae1b32aa517b21	13473	experiments/legacy/exp-step5-softpll-lock/EXP-WRPC-STEP5-ISOLATED-STATIC-REVERSE-1024-20260908/raw/EXP-WRPC-STEP5-ISOLATED-STATIC-REVERSE-1024-20260908/firmware-slave.log	MATCHED_TRACKED
member	experiments/legacy/exp-step5-softpll-lock/EXP-WRPC-STEP5-ISOLATED-STATIC-REVERSE-1024-20260908/raw/EXP-WRPC-STEP5-ISOLATED-STATIC-REVERSE-1024-20260908.tar.gz	07b2de60da3482ef025f7dbc36d492be660a934ed32dd1d0c9620a3191b73cc4	-	EXACT_DUPLICATE_EXTRACTED	-	-	-	-	-	-	-	-	EXP-WRPC-STEP5-ISOLATED-STATIC-REVERSE-1024-20260908/compile-master.log	9cc66bc519bc1c14bb5e962086c32c41911484bbae6a83e0b9768bb97fd0763e	145	experiments/legacy/exp-step5-softpll-lock/EXP-WRPC-STEP5-ISOLATED-STATIC-REVERSE-1024-20260908/raw/EXP-WRPC-STEP5-ISOLATED-STATIC-REVERSE-1024-20260908/compile-master.log	MATCHED_TRACKED
member	experiments/legacy/exp-step5-softpll-lock/EXP-WRPC-STEP5-ISOLATED-STATIC-REVERSE-1024-20260908/raw/EXP-WRPC-STEP5-ISOLATED-STATIC-REVERSE-1024-20260908.tar.gz	07b2de60da3482ef025f7dbc36d492be660a934ed32dd1d0c9620a3191b73cc4	-	EXACT_DUPLICATE_EXTRACTED	-	-	-	-	-	-	-	-	EXP-WRPC-STEP5-ISOLATED-STATIC-REVERSE-1024-20260908/compile-slave.log	3465f7ad831a53ed79b72b9654ce17ca538920826a555868a319e7ffb4d5b721	142	experiments/legacy/exp-step5-softpll-lock/EXP-WRPC-STEP5-ISOLATED-STATIC-REVERSE-1024-20260908/raw/EXP-WRPC-STEP5-ISOLATED-STATIC-REVERSE-1024-20260908/compile-slave.log	MATCHED_TRACKED
member	experiments/legacy/exp-step5-softpll-lock/EXP-WRPC-STEP5-ISOLATED-STATIC-REVERSE-1024-20260908/raw/EXP-WRPC-STEP5-ISOLATED-STATIC-REVERSE-1024-20260908.tar.gz	07b2de60da3482ef025f7dbc36d492be660a934ed32dd1d0c9620a3191b73cc4	-	EXACT_DUPLICATE_EXTRACTED	-	-	-	-	-	-	-	-	EXP-WRPC-STEP5-ISOLATED-STATIC-REVERSE-1024-20260908/build_info_jtag_master.txt	77ee896075bec1233b53d5bea49737487ff4869ad8fa8efc940ca1a7f2f7a1cb	951	experiments/legacy/exp-step5-softpll-lock/EXP-WRPC-STEP5-ISOLATED-STATIC-REVERSE-1024-20260908/raw/EXP-WRPC-STEP5-ISOLATED-STATIC-REVERSE-1024-20260908/build_info_jtag_master.txt	MATCHED_TRACKED
member	experiments/legacy/exp-step5-softpll-lock/EXP-WRPC-STEP5-ISOLATED-STATIC-REVERSE-1024-20260908/raw/EXP-WRPC-STEP5-ISOLATED-STATIC-REVERSE-1024-20260908.tar.gz	07b2de60da3482ef025f7dbc36d492be660a934ed32dd1d0c9620a3191b73cc4	-	EXACT_DUPLICATE_EXTRACTED	-	-	-	-	-	-	-	-	EXP-WRPC-STEP5-ISOLATED-STATIC-REVERSE-1024-20260908/build_info_jtag_slave.txt	9a141d5fe9788db42a14e2893496d360516161d891e8daaafae936ef7986a4df	950	experiments/legacy/exp-step5-softpll-lock/EXP-WRPC-STEP5-ISOLATED-STATIC-REVERSE-1024-20260908/raw/EXP-WRPC-STEP5-ISOLATED-STATIC-REVERSE-1024-20260908/build_info_jtag_slave.txt	MATCHED_TRACKED
member	experiments/legacy/exp-step5-softpll-lock/EXP-WRPC-STEP5-ISOLATED-STATIC-REVERSE-1024-20260908/raw/EXP-WRPC-STEP5-ISOLATED-STATIC-REVERSE-1024-20260908.tar.gz	07b2de60da3482ef025f7dbc36d492be660a934ed32dd1d0c9620a3191b73cc4	-	EXACT_DUPLICATE_EXTRACTED	-	-	-	-	-	-	-	-	EXP-WRPC-STEP5-ISOLATED-STATIC-REVERSE-1024-20260908/sof-sha256.txt	86bbf1301ab6b4a49fecae6e565c6ae6e1710e1d9372e0ba678e40b0e8af966c	280	experiments/legacy/exp-step5-softpll-lock/EXP-WRPC-STEP5-ISOLATED-STATIC-REVERSE-1024-20260908/raw/EXP-WRPC-STEP5-ISOLATED-STATIC-REVERSE-1024-20260908/sof-sha256.txt	MATCHED_TRACKED
member	experiments/legacy/exp-step5-softpll-lock/EXP-WRPC-STEP5-ISOLATED-STATIC-REVERSE-1024-20260908/raw/EXP-WRPC-STEP5-ISOLATED-STATIC-REVERSE-1024-20260908.tar.gz	07b2de60da3482ef025f7dbc36d492be660a934ed32dd1d0c9620a3191b73cc4	-	EXACT_DUPLICATE_EXTRACTED	-	-	-	-	-	-	-	-	EXP-WRPC-STEP5-ISOLATED-STATIC-REVERSE-1024-20260908/program-master-user.log	2365356897987a000eb1735cb2397620958aae17ab842e4b8dc60c2708d23dee	2150	experiments/legacy/exp-step5-softpll-lock/EXP-WRPC-STEP5-ISOLATED-STATIC-REVERSE-1024-20260908/raw/EXP-WRPC-STEP5-ISOLATED-STATIC-REVERSE-1024-20260908/program-master-user.log	MATCHED_TRACKED
member	experiments/legacy/exp-step5-softpll-lock/EXP-WRPC-STEP5-ISOLATED-STATIC-REVERSE-1024-20260908/raw/EXP-WRPC-STEP5-ISOLATED-STATIC-REVERSE-1024-20260908.tar.gz	07b2de60da3482ef025f7dbc36d492be660a934ed32dd1d0c9620a3191b73cc4	-	EXACT_DUPLICATE_EXTRACTED	-	-	-	-	-	-	-	-	EXP-WRPC-STEP5-ISOLATED-STATIC-REVERSE-1024-20260908/program-slave-user.log	1fe7af70fc7b5090800d48fc3df54452c4f56fff3269d7d48f2325f28e701ab8	2146	experiments/legacy/exp-step5-softpll-lock/EXP-WRPC-STEP5-ISOLATED-STATIC-REVERSE-1024-20260908/raw/EXP-WRPC-STEP5-ISOLATED-STATIC-REVERSE-1024-20260908/program-slave-user.log	MATCHED_TRACKED
member	experiments/legacy/exp-step5-softpll-lock/EXP-WRPC-STEP5-ISOLATED-STATIC-REVERSE-1024-20260908/raw/EXP-WRPC-STEP5-ISOLATED-STATIC-REVERSE-1024-20260908.tar.gz	07b2de60da3482ef025f7dbc36d492be660a934ed32dd1d0c9620a3191b73cc4	-	EXACT_DUPLICATE_EXTRACTED	-	-	-	-	-	-	-	-	EXP-WRPC-STEP5-ISOLATED-STATIC-REVERSE-1024-20260908/preflight-1.log	2f0358df7f956cbc1c3d4aaa2c346cb2069303c15edec863c448ee5454e1717d	19676	experiments/legacy/exp-step5-softpll-lock/EXP-WRPC-STEP5-ISOLATED-STATIC-REVERSE-1024-20260908/raw/EXP-WRPC-STEP5-ISOLATED-STATIC-REVERSE-1024-20260908/preflight-1.log	MATCHED_TRACKED
member	experiments/legacy/exp-step5-softpll-lock/EXP-WRPC-STEP5-ISOLATED-STATIC-REVERSE-1024-20260908/raw/EXP-WRPC-STEP5-ISOLATED-STATIC-REVERSE-1024-20260908.tar.gz	07b2de60da3482ef025f7dbc36d492be660a934ed32dd1d0c9620a3191b73cc4	-	EXACT_DUPLICATE_EXTRACTED	-	-	-	-	-	-	-	-	EXP-WRPC-STEP5-ISOLATED-STATIC-REVERSE-1024-20260908/preflight-2.log	d18d0d295bfa718a6dafa2da37fbadbf2d9d502d3a1e4c95488ba5a1f9f68999	19669	experiments/legacy/exp-step5-softpll-lock/EXP-WRPC-STEP5-ISOLATED-STATIC-REVERSE-1024-20260908/raw/EXP-WRPC-STEP5-ISOLATED-STATIC-REVERSE-1024-20260908/preflight-2.log	MATCHED_TRACKED
member	experiments/legacy/exp-step5-softpll-lock/EXP-WRPC-STEP5-ISOLATED-STATIC-REVERSE-1024-20260908/raw/EXP-WRPC-STEP5-ISOLATED-STATIC-REVERSE-1024-20260908.tar.gz	07b2de60da3482ef025f7dbc36d492be660a934ed32dd1d0c9620a3191b73cc4	-	EXACT_DUPLICATE_EXTRACTED	-	-	-	-	-	-	-	-	EXP-WRPC-STEP5-ISOLATED-STATIC-REVERSE-1024-20260908/preflight-3.log	3b0ae138a496157feb4231767569db4f93b06bc3e7040c4222c2246190e35424	19669	experiments/legacy/exp-step5-softpll-lock/EXP-WRPC-STEP5-ISOLATED-STATIC-REVERSE-1024-20260908/raw/EXP-WRPC-STEP5-ISOLATED-STATIC-REVERSE-1024-20260908/preflight-3.log	MATCHED_TRACKED
member	experiments/legacy/exp-step5-softpll-lock/EXP-WRPC-STEP5-ISOLATED-STATIC-REVERSE-1024-20260908/raw/EXP-WRPC-STEP5-ISOLATED-STATIC-REVERSE-1024-20260908.tar.gz	07b2de60da3482ef025f7dbc36d492be660a934ed32dd1d0c9620a3191b73cc4	-	EXACT_DUPLICATE_EXTRACTED	-	-	-	-	-	-	-	-	EXP-WRPC-STEP5-ISOLATED-STATIC-REVERSE-1024-20260908/preflight-4.log	8667992a3b0fb5fe7331bbbbb942d75b113e5b5497f7f86f057244fbbabd13a6	19669	experiments/legacy/exp-step5-softpll-lock/EXP-WRPC-STEP5-ISOLATED-STATIC-REVERSE-1024-20260908/raw/EXP-WRPC-STEP5-ISOLATED-STATIC-REVERSE-1024-20260908/preflight-4.log	MATCHED_TRACKED
member	experiments/legacy/exp-step5-softpll-lock/EXP-WRPC-STEP5-ISOLATED-STATIC-REVERSE-1024-20260908/raw/EXP-WRPC-STEP5-ISOLATED-STATIC-REVERSE-1024-20260908.tar.gz	07b2de60da3482ef025f7dbc36d492be660a934ed32dd1d0c9620a3191b73cc4	-	EXACT_DUPLICATE_EXTRACTED	-	-	-	-	-	-	-	-	EXP-WRPC-STEP5-ISOLATED-STATIC-REVERSE-1024-20260908/shell-recovery.log	3c136dae213c134173b24d664d2aa4826f46c7a8c1b04da4eec0d42f6919ad4d	2220032	experiments/legacy/exp-step5-softpll-lock/EXP-WRPC-STEP5-ISOLATED-STATIC-REVERSE-1024-20260908/raw/EXP-WRPC-STEP5-ISOLATED-STATIC-REVERSE-1024-20260908/shell-recovery.log	MATCHED_TRACKED
member	experiments/legacy/exp-step5-softpll-lock/EXP-WRPC-STEP5-ISOLATED-STATIC-REVERSE-1024-20260908/raw/EXP-WRPC-STEP5-ISOLATED-STATIC-REVERSE-1024-20260908.tar.gz	07b2de60da3482ef025f7dbc36d492be660a934ed32dd1d0c9620a3191b73cc4	-	EXACT_DUPLICATE_EXTRACTED	-	-	-	-	-	-	-	-	EXP-WRPC-STEP5-ISOLATED-STATIC-REVERSE-1024-20260908/post-runtime-recovery.log	bf7293324a8504dd3608807921d931b280631c26b8930b2f648ee63c347657a9	294030	experiments/legacy/exp-step5-softpll-lock/EXP-WRPC-STEP5-ISOLATED-STATIC-REVERSE-1024-20260908/raw/EXP-WRPC-STEP5-ISOLATED-STATIC-REVERSE-1024-20260908/post-runtime-recovery.log	MATCHED_TRACKED
member	experiments/legacy/exp-step5-softpll-lock/EXP-WRPC-STEP5-ISOLATED-STATIC-REVERSE-1024-20260908/raw/EXP-WRPC-STEP5-ISOLATED-STATIC-REVERSE-1024-20260908.tar.gz	07b2de60da3482ef025f7dbc36d492be660a934ed32dd1d0c9620a3191b73cc4	-	EXACT_DUPLICATE_EXTRACTED	-	-	-	-	-	-	-	-	EXP-WRPC-STEP5-ISOLATED-STATIC-REVERSE-1024-20260908/preflight-5.log	5ae1b3be79b991f026b5ad8845f2d1c6643387c06b8043951166fba5008d0c77	19699	experiments/legacy/exp-step5-softpll-lock/EXP-WRPC-STEP5-ISOLATED-STATIC-REVERSE-1024-20260908/raw/EXP-WRPC-STEP5-ISOLATED-STATIC-REVERSE-1024-20260908/preflight-5.log	MATCHED_TRACKED
member	experiments/legacy/exp-step5-softpll-lock/EXP-WRPC-STEP5-ISOLATED-STATIC-REVERSE-1024-20260908/raw/EXP-WRPC-STEP5-ISOLATED-STATIC-REVERSE-1024-20260908.tar.gz	07b2de60da3482ef025f7dbc36d492be660a934ed32dd1d0c9620a3191b73cc4	-	EXACT_DUPLICATE_EXTRACTED	-	-	-	-	-	-	-	-	EXP-WRPC-STEP5-ISOLATED-STATIC-REVERSE-1024-20260908/reprogram-recovery.log	49d78dbe1092c50ed7e164b162b3a3d319af7d546431421e1ea8e646b3b0e2e9	4466	experiments/legacy/exp-step5-softpll-lock/EXP-WRPC-STEP5-ISOLATED-STATIC-REVERSE-1024-20260908/raw/EXP-WRPC-STEP5-ISOLATED-STATIC-REVERSE-1024-20260908/reprogram-recovery.log	MATCHED_TRACKED
member	experiments/legacy/exp-step5-softpll-lock/EXP-WRPC-STEP5-ISOLATED-STATIC-REVERSE-1024-20260908/raw/EXP-WRPC-STEP5-ISOLATED-STATIC-REVERSE-1024-20260908.tar.gz	07b2de60da3482ef025f7dbc36d492be660a934ed32dd1d0c9620a3191b73cc4	-	EXACT_DUPLICATE_EXTRACTED	-	-	-	-	-	-	-	-	EXP-WRPC-STEP5-ISOLATED-STATIC-REVERSE-1024-20260908/preflight-6.log	3894d944e3d098db71fe76172f79aa8b469f209de86a5948f7c68eef5583f00e	22094	experiments/legacy/exp-step5-softpll-lock/EXP-WRPC-STEP5-ISOLATED-STATIC-REVERSE-1024-20260908/raw/EXP-WRPC-STEP5-ISOLATED-STATIC-REVERSE-1024-20260908/preflight-6.log	MATCHED_TRACKED
member	experiments/legacy/exp-step5-softpll-lock/EXP-WRPC-STEP5-ISOLATED-STATIC-REVERSE-1024-20260908/raw/EXP-WRPC-STEP5-ISOLATED-STATIC-REVERSE-1024-20260908.tar.gz	07b2de60da3482ef025f7dbc36d492be660a934ed32dd1d0c9620a3191b73cc4	-	EXACT_DUPLICATE_EXTRACTED	-	-	-	-	-	-	-	-	EXP-WRPC-STEP5-ISOLATED-STATIC-REVERSE-1024-20260908/helper-smoke-120s.log	56fd28586e842abafdaecbc5d270531938c0c7208f680e85e0d46a4e2da469b8	806145	experiments/legacy/exp-step5-softpll-lock/EXP-WRPC-STEP5-ISOLATED-STATIC-REVERSE-1024-20260908/raw/EXP-WRPC-STEP5-ISOLATED-STATIC-REVERSE-1024-20260908/helper-smoke-120s.log	MATCHED_TRACKED
archive	experiments/legacy/exp-step5-softpll-lock/EXP-WRPC-STEP5-KP-MINUS175-3388-MAIN-KP300-COOLDOWN0-20260912/step5-kp175-raw.tar.gz	fe50d49b07b523d324cb10f4b470a237a0142e22f20d490bc190d2ff0f4d5185	311899	EXACT_DUPLICATE_EXTRACTED	7	7	0	-	-	-	-	MATCH	-	-	-	-	-
member	experiments/legacy/exp-step5-softpll-lock/EXP-WRPC-STEP5-KP-MINUS175-3388-MAIN-KP300-COOLDOWN0-20260912/step5-kp175-raw.tar.gz	fe50d49b07b523d324cb10f4b470a237a0142e22f20d490bc190d2ff0f4d5185	-	EXACT_DUPLICATE_EXTRACTED	-	-	-	-	-	-	-	-	tmp/programming-summary-20260912.txt	cbcdc93353936b23c9deb9efe721b0c74e166014a2ec838ffec918b00d633bda	165	experiments/legacy/exp-step5-softpll-lock/EXP-WRPC-STEP5-KP-MINUS175-3388-MAIN-KP300-COOLDOWN0-20260912/tmp/programming-summary-20260912.txt	MATCHED_TRACKED
member	experiments/legacy/exp-step5-softpll-lock/EXP-WRPC-STEP5-KP-MINUS175-3388-MAIN-KP300-COOLDOWN0-20260912/step5-kp175-raw.tar.gz	fe50d49b07b523d324cb10f4b470a237a0142e22f20d490bc190d2ff0f4d5185	-	EXACT_DUPLICATE_EXTRACTED	-	-	-	-	-	-	-	-	tmp/build-master-20260912.log	02a091db8b4263b6b2f085d2dca75eabf8ed2163eed4dd5081ae8ea537bdfb08	519654	experiments/legacy/exp-step5-softpll-lock/EXP-WRPC-STEP5-KP-MINUS175-3388-MAIN-KP300-COOLDOWN0-20260912/tmp/build-master-20260912.log	MATCHED_TRACKED
member	experiments/legacy/exp-step5-softpll-lock/EXP-WRPC-STEP5-KP-MINUS175-3388-MAIN-KP300-COOLDOWN0-20260912/step5-kp175-raw.tar.gz	fe50d49b07b523d324cb10f4b470a237a0142e22f20d490bc190d2ff0f4d5185	-	EXACT_DUPLICATE_EXTRACTED	-	-	-	-	-	-	-	-	tmp/build-info-master-20260912.txt	5d923e9e54d00bf6e9800846c979821a5218a45b4cc1d298316c31ea02d575c1	952	experiments/legacy/exp-step5-softpll-lock/EXP-WRPC-STEP5-KP-MINUS175-3388-MAIN-KP300-COOLDOWN0-20260912/tmp/build-info-master-20260912.txt	MATCHED_TRACKED
member	experiments/legacy/exp-step5-softpll-lock/EXP-WRPC-STEP5-KP-MINUS175-3388-MAIN-KP300-COOLDOWN0-20260912/step5-kp175-raw.tar.gz	fe50d49b07b523d324cb10f4b470a237a0142e22f20d490bc190d2ff0f4d5185	-	EXACT_DUPLICATE_EXTRACTED	-	-	-	-	-	-	-	-	tmp/preflight-20260912.log	8a713b7df136d7bedd7d61ce238c51c1d2a436212b660932641edc7db2bcc2b4	22080	experiments/legacy/exp-step5-softpll-lock/EXP-WRPC-STEP5-KP-MINUS175-3388-MAIN-KP300-COOLDOWN0-20260912/tmp/preflight-20260912.log	MATCHED_TRACKED
member	experiments/legacy/exp-step5-softpll-lock/EXP-WRPC-STEP5-KP-MINUS175-3388-MAIN-KP300-COOLDOWN0-20260912/step5-kp175-raw.tar.gz	fe50d49b07b523d324cb10f4b470a237a0142e22f20d490bc190d2ff0f4d5185	-	EXACT_DUPLICATE_EXTRACTED	-	-	-	-	-	-	-	-	tmp/build-slave-20260912.log	26a34369270f2d121d3d72dd25916d3b85f31ce4f628bfd2ce6cc8b296a58be0	547786	experiments/legacy/exp-step5-softpll-lock/EXP-WRPC-STEP5-KP-MINUS175-3388-MAIN-KP300-COOLDOWN0-20260912/tmp/build-slave-20260912.log	MATCHED_TRACKED
member	experiments/legacy/exp-step5-softpll-lock/EXP-WRPC-STEP5-KP-MINUS175-3388-MAIN-KP300-COOLDOWN0-20260912/step5-kp175-raw.tar.gz	fe50d49b07b523d324cb10f4b470a237a0142e22f20d490bc190d2ff0f4d5185	-	EXACT_DUPLICATE_EXTRACTED	-	-	-	-	-	-	-	-	tmp/build-info-slave-20260912.txt	7b3f85c133a20603602f400e5e5cbb9de6fc2a90781749c199b727c7a8bf3116	950	experiments/legacy/exp-step5-softpll-lock/EXP-WRPC-STEP5-KP-MINUS175-3388-MAIN-KP300-COOLDOWN0-20260912/tmp/build-info-slave-20260912.txt	MATCHED_TRACKED
member	experiments/legacy/exp-step5-softpll-lock/EXP-WRPC-STEP5-KP-MINUS175-3388-MAIN-KP300-COOLDOWN0-20260912/step5-kp175-raw.tar.gz	fe50d49b07b523d324cb10f4b470a237a0142e22f20d490bc190d2ff0f4d5185	-	EXACT_DUPLICATE_EXTRACTED	-	-	-	-	-	-	-	-	tmp/observer-20260912.log	0240e15aa66e5bb69881559280fc823651af40275cfb292863760f352790cd60	2753047	experiments/legacy/exp-step5-softpll-lock/EXP-WRPC-STEP5-KP-MINUS175-3388-MAIN-KP300-COOLDOWN0-20260912/tmp/observer-20260912.log	MATCHED_TRACKED
archive	experiments/legacy/exp-step5-softpll-lock/EXP-WRPC-STEP5-SIGNED-HPLL-TARGET-FDEC5632-20260908/raw/EXP-WRPC-STEP5-SIGNED-HPLL-TARGET-FDEC5632-20260908.tar.gz	102a19084e4af702af09431728087cd3902bc0d69d615e59cbd5b149cabcb22c	6202	EXACT_DUPLICATE_EXTRACTED	11	11	0	-	-	experiments/legacy/exp-step5-softpll-lock/EXP-WRPC-STEP5-SIGNED-HPLL-TARGET-FDEC5632-20260908/raw/EXP-WRPC-STEP5-SIGNED-HPLL-TARGET-FDEC5632-20260908.tar.gz.sha256	632dc371dfa810847936ee877c1eedc7d69c82709aef58c78387b06f7503cd2b	MATCH	-	-	-	-	-
member	experiments/legacy/exp-step5-softpll-lock/EXP-WRPC-STEP5-SIGNED-HPLL-TARGET-FDEC5632-20260908/raw/EXP-WRPC-STEP5-SIGNED-HPLL-TARGET-FDEC5632-20260908.tar.gz	102a19084e4af702af09431728087cd3902bc0d69d615e59cbd5b149cabcb22c	-	EXACT_DUPLICATE_EXTRACTED	-	-	-	-	-	-	-	-	identity.txt	b043d9aa2f8fcedcf15c11994cab7d581d8f08a560258e607ca7c95aae544b0d	89	experiments/legacy/exp-step5-softpll-lock/EXP-WRPC-STEP5-SIGNED-HPLL-TARGET-FDEC5632-20260908/raw/identity.txt	MATCHED_TRACKED
member	experiments/legacy/exp-step5-softpll-lock/EXP-WRPC-STEP5-SIGNED-HPLL-TARGET-FDEC5632-20260908/raw/EXP-WRPC-STEP5-SIGNED-HPLL-TARGET-FDEC5632-20260908.tar.gz	102a19084e4af702af09431728087cd3902bc0d69d615e59cbd5b149cabcb22c	-	EXACT_DUPLICATE_EXTRACTED	-	-	-	-	-	-	-	-	simulation.log	b4e34bb0b94dff232174767e134a966af4449549fe3e69fb76c895fc88721166	471	experiments/legacy/exp-step5-softpll-lock/EXP-WRPC-STEP5-SIGNED-HPLL-TARGET-FDEC5632-20260908/raw/simulation.log	MATCHED_TRACKED
member	experiments/legacy/exp-step5-softpll-lock/EXP-WRPC-STEP5-SIGNED-HPLL-TARGET-FDEC5632-20260908/raw/EXP-WRPC-STEP5-SIGNED-HPLL-TARGET-FDEC5632-20260908.tar.gz	102a19084e4af702af09431728087cd3902bc0d69d615e59cbd5b149cabcb22c	-	EXACT_DUPLICATE_EXTRACTED	-	-	-	-	-	-	-	-	firmware-master.log	373e5505f0a517f3df8042706ee8508ffece1cd1fd032b03244f9df4be6226ae	138	experiments/legacy/exp-step5-softpll-lock/EXP-WRPC-STEP5-SIGNED-HPLL-TARGET-FDEC5632-20260908/raw/firmware-master.log	MATCHED_TRACKED
member	experiments/legacy/exp-step5-softpll-lock/EXP-WRPC-STEP5-SIGNED-HPLL-TARGET-FDEC5632-20260908/raw/EXP-WRPC-STEP5-SIGNED-HPLL-TARGET-FDEC5632-20260908.tar.gz	102a19084e4af702af09431728087cd3902bc0d69d615e59cbd5b149cabcb22c	-	EXACT_DUPLICATE_EXTRACTED	-	-	-	-	-	-	-	-	firmware-slave.log	1b4e9c0078e13b241f4a60882119cac9bb0acbc1a01d766edc7856b5bffb53e2	136	experiments/legacy/exp-step5-softpll-lock/EXP-WRPC-STEP5-SIGNED-HPLL-TARGET-FDEC5632-20260908/raw/firmware-slave.log	MATCHED_TRACKED
member	experiments/legacy/exp-step5-softpll-lock/EXP-WRPC-STEP5-SIGNED-HPLL-TARGET-FDEC5632-20260908/raw/EXP-WRPC-STEP5-SIGNED-HPLL-TARGET-FDEC5632-20260908.tar.gz	102a19084e4af702af09431728087cd3902bc0d69d615e59cbd5b149cabcb22c	-	EXACT_DUPLICATE_EXTRACTED	-	-	-	-	-	-	-	-	compile-master.log	20675822f601fd8873ba29bbf833f659137d1efbe720efef82960351413f57d5	214	experiments/legacy/exp-step5-softpll-lock/EXP-WRPC-STEP5-SIGNED-HPLL-TARGET-FDEC5632-20260908/raw/compile-master.log	MATCHED_TRACKED
member	experiments/legacy/exp-step5-softpll-lock/EXP-WRPC-STEP5-SIGNED-HPLL-TARGET-FDEC5632-20260908/raw/EXP-WRPC-STEP5-SIGNED-HPLL-TARGET-FDEC5632-20260908.tar.gz	102a19084e4af702af09431728087cd3902bc0d69d615e59cbd5b149cabcb22c	-	EXACT_DUPLICATE_EXTRACTED	-	-	-	-	-	-	-	-	compile-slave.log	1eaa52f4bd6d75dfc4b799c17901f09219b74f3d7b50110ba334879d6746519f	211	experiments/legacy/exp-step5-softpll-lock/EXP-WRPC-STEP5-SIGNED-HPLL-TARGET-FDEC5632-20260908/raw/compile-slave.log	MATCHED_TRACKED
member	experiments/legacy/exp-step5-softpll-lock/EXP-WRPC-STEP5-SIGNED-HPLL-TARGET-FDEC5632-20260908/raw/EXP-WRPC-STEP5-SIGNED-HPLL-TARGET-FDEC5632-20260908.tar.gz	102a19084e4af702af09431728087cd3902bc0d69d615e59cbd5b149cabcb22c	-	EXACT_DUPLICATE_EXTRACTED	-	-	-	-	-	-	-	-	sof-sha256.txt	25c4ad22e42688718f622a3f82c358f9e683e731a4937149da526d94ede687ec	462	experiments/legacy/exp-step5-softpll-lock/EXP-WRPC-STEP5-SIGNED-HPLL-TARGET-FDEC5632-20260908/raw/sof-sha256.txt	MATCHED_TRACKED
member	experiments/legacy/exp-step5-softpll-lock/EXP-WRPC-STEP5-SIGNED-HPLL-TARGET-FDEC5632-20260908/raw/EXP-WRPC-STEP5-SIGNED-HPLL-TARGET-FDEC5632-20260908.tar.gz	102a19084e4af702af09431728087cd3902bc0d69d615e59cbd5b149cabcb22c	-	EXACT_DUPLICATE_EXTRACTED	-	-	-	-	-	-	-	-	program-master.log	23d3f928374a4fc17924bfa99db733032fb058aa26ef80d9d0d1a52339fc83ef	2362	experiments/legacy/exp-step5-softpll-lock/EXP-WRPC-STEP5-SIGNED-HPLL-TARGET-FDEC5632-20260908/raw/program-master.log	MATCHED_TRACKED
member	experiments/legacy/exp-step5-softpll-lock/EXP-WRPC-STEP5-SIGNED-HPLL-TARGET-FDEC5632-20260908/raw/EXP-WRPC-STEP5-SIGNED-HPLL-TARGET-FDEC5632-20260908.tar.gz	102a19084e4af702af09431728087cd3902bc0d69d615e59cbd5b149cabcb22c	-	EXACT_DUPLICATE_EXTRACTED	-	-	-	-	-	-	-	-	program-slave.log	505b6fce5ffbc66b37e4326857acaa53f9870fe343e7cfe131d6a5f545e09b35	2358	experiments/legacy/exp-step5-softpll-lock/EXP-WRPC-STEP5-SIGNED-HPLL-TARGET-FDEC5632-20260908/raw/program-slave.log	MATCHED_TRACKED
member	experiments/legacy/exp-step5-softpll-lock/EXP-WRPC-STEP5-SIGNED-HPLL-TARGET-FDEC5632-20260908/raw/EXP-WRPC-STEP5-SIGNED-HPLL-TARGET-FDEC5632-20260908.tar.gz	102a19084e4af702af09431728087cd3902bc0d69d615e59cbd5b149cabcb22c	-	EXACT_DUPLICATE_EXTRACTED	-	-	-	-	-	-	-	-	preflight-1.log	3432c6754260745f09bfbc3bd9e0ece4bf53305a5122c177822c778ffaa4c697	19880	experiments/legacy/exp-step5-softpll-lock/EXP-WRPC-STEP5-SIGNED-HPLL-TARGET-FDEC5632-20260908/raw/preflight-1.log	MATCHED_TRACKED
member	experiments/legacy/exp-step5-softpll-lock/EXP-WRPC-STEP5-SIGNED-HPLL-TARGET-FDEC5632-20260908/raw/EXP-WRPC-STEP5-SIGNED-HPLL-TARGET-FDEC5632-20260908.tar.gz	102a19084e4af702af09431728087cd3902bc0d69d615e59cbd5b149cabcb22c	-	EXACT_DUPLICATE_EXTRACTED	-	-	-	-	-	-	-	-	preflight-2.log	bb6031e03d84c27b7a15c6706cd11573255db33ee3a2f0c65b625076c9efe8d4	19880	experiments/legacy/exp-step5-softpll-lock/EXP-WRPC-STEP5-SIGNED-HPLL-TARGET-FDEC5632-20260908/raw/preflight-2.log	MATCHED_TRACKED
archive	experiments/legacy/exp-step5-softpll-lock/EXP-WRPC-STEP5-STATIC-BOOTSTRAP-128-FINC-20260908/raw/EXP-WRPC-STEP5-STATIC-BOOTSTRAP-128-FINC-20260908.tar.gz	afa9c40f062e89d4b12a64c3f122107a1fc5840f81d64aad85d72f4d4402b1bc	29145	EXACT_DUPLICATE_EXTRACTED	16	16	0	-	-	-	-	MATCH	-	-	-	-	-
member	experiments/legacy/exp-step5-softpll-lock/EXP-WRPC-STEP5-STATIC-BOOTSTRAP-128-FINC-20260908/raw/EXP-WRPC-STEP5-STATIC-BOOTSTRAP-128-FINC-20260908.tar.gz	afa9c40f062e89d4b12a64c3f122107a1fc5840f81d64aad85d72f4d4402b1bc	-	EXACT_DUPLICATE_EXTRACTED	-	-	-	-	-	-	-	-	artifacts/EXP-WRPC-STEP5-STATIC-BOOTSTRAP-128-FINC-20260908/identity.txt	6705be41e7ff0b1d03305025835aca6a162590229c4db754e6973e12f7b53550	152	experiments/legacy/exp-step5-softpll-lock/EXP-WRPC-STEP5-STATIC-BOOTSTRAP-128-FINC-20260908/raw/identity.txt	MATCHED_TRACKED
member	experiments/legacy/exp-step5-softpll-lock/EXP-WRPC-STEP5-STATIC-BOOTSTRAP-128-FINC-20260908/raw/EXP-WRPC-STEP5-STATIC-BOOTSTRAP-128-FINC-20260908.tar.gz	afa9c40f062e89d4b12a64c3f122107a1fc5840f81d64aad85d72f4d4402b1bc	-	EXACT_DUPLICATE_EXTRACTED	-	-	-	-	-	-	-	-	artifacts/EXP-WRPC-STEP5-STATIC-BOOTSTRAP-128-FINC-20260908/firmware-master.log	200ecafad01daeb098287be8c633e36a5faab2c58d3e3efb796d4b188b9c93a9	13586	experiments/legacy/exp-step5-softpll-lock/EXP-WRPC-STEP5-STATIC-BOOTSTRAP-128-FINC-20260908/raw/firmware-master.log	MATCHED_TRACKED
member	experiments/legacy/exp-step5-softpll-lock/EXP-WRPC-STEP5-STATIC-BOOTSTRAP-128-FINC-20260908/raw/EXP-WRPC-STEP5-STATIC-BOOTSTRAP-128-FINC-20260908.tar.gz	afa9c40f062e89d4b12a64c3f122107a1fc5840f81d64aad85d72f4d4402b1bc	-	EXACT_DUPLICATE_EXTRACTED	-	-	-	-	-	-	-	-	artifacts/EXP-WRPC-STEP5-STATIC-BOOTSTRAP-128-FINC-20260908/firmware-slave.log	078aeb0dc8687951af77b788c095efbc34596892de4d6c8b01ae1b32aa517b21	13473	experiments/legacy/exp-step5-softpll-lock/EXP-WRPC-STEP5-STATIC-BOOTSTRAP-128-FINC-20260908/raw/firmware-slave.log	MATCHED_TRACKED
member	experiments/legacy/exp-step5-softpll-lock/EXP-WRPC-STEP5-STATIC-BOOTSTRAP-128-FINC-20260908/raw/EXP-WRPC-STEP5-STATIC-BOOTSTRAP-128-FINC-20260908.tar.gz	afa9c40f062e89d4b12a64c3f122107a1fc5840f81d64aad85d72f4d4402b1bc	-	EXACT_DUPLICATE_EXTRACTED	-	-	-	-	-	-	-	-	artifacts/EXP-WRPC-STEP5-STATIC-BOOTSTRAP-128-FINC-20260908/compile-master.log	9cc66bc519bc1c14bb5e962086c32c41911484bbae6a83e0b9768bb97fd0763e	145	experiments/legacy/exp-step5-softpll-lock/EXP-WRPC-STEP5-STATIC-BOOTSTRAP-128-FINC-20260908/raw/compile-master.log	MATCHED_TRACKED
member	experiments/legacy/exp-step5-softpll-lock/EXP-WRPC-STEP5-STATIC-BOOTSTRAP-128-FINC-20260908/raw/EXP-WRPC-STEP5-STATIC-BOOTSTRAP-128-FINC-20260908.tar.gz	afa9c40f062e89d4b12a64c3f122107a1fc5840f81d64aad85d72f4d4402b1bc	-	EXACT_DUPLICATE_EXTRACTED	-	-	-	-	-	-	-	-	artifacts/EXP-WRPC-STEP5-STATIC-BOOTSTRAP-128-FINC-20260908/compile-slave.log	3465f7ad831a53ed79b72b9654ce17ca538920826a555868a319e7ffb4d5b721	142	experiments/legacy/exp-step5-softpll-lock/EXP-WRPC-STEP5-STATIC-BOOTSTRAP-128-FINC-20260908/raw/compile-slave.log	MATCHED_TRACKED
member	experiments/legacy/exp-step5-softpll-lock/EXP-WRPC-STEP5-STATIC-BOOTSTRAP-128-FINC-20260908/raw/EXP-WRPC-STEP5-STATIC-BOOTSTRAP-128-FINC-20260908.tar.gz	afa9c40f062e89d4b12a64c3f122107a1fc5840f81d64aad85d72f4d4402b1bc	-	EXACT_DUPLICATE_EXTRACTED	-	-	-	-	-	-	-	-	artifacts/EXP-WRPC-STEP5-STATIC-BOOTSTRAP-128-FINC-20260908/build_info_jtag_master.txt	032ada54d9fcde1a4cdd33812d135ee1a332a7f461732a9a117402117c650d2e	951	experiments/legacy/exp-step5-softpll-lock/EXP-WRPC-STEP5-STATIC-BOOTSTRAP-128-FINC-20260908/raw/build_info_jtag_master.txt	MATCHED_TRACKED
member	experiments/legacy/exp-step5-softpll-lock/EXP-WRPC-STEP5-STATIC-BOOTSTRAP-128-FINC-20260908/raw/EXP-WRPC-STEP5-STATIC-BOOTSTRAP-128-FINC-20260908.tar.gz	afa9c40f062e89d4b12a64c3f122107a1fc5840f81d64aad85d72f4d4402b1bc	-	EXACT_DUPLICATE_EXTRACTED	-	-	-	-	-	-	-	-	artifacts/EXP-WRPC-STEP5-STATIC-BOOTSTRAP-128-FINC-20260908/build_info_jtag_slave.txt	1ee61657d211455262bfa77d8d202a528ce2e43e90bcfe410bd5fb8d62cbe5e8	950	experiments/legacy/exp-step5-softpll-lock/EXP-WRPC-STEP5-STATIC-BOOTSTRAP-128-FINC-20260908/raw/build_info_jtag_slave.txt	MATCHED_TRACKED
member	experiments/legacy/exp-step5-softpll-lock/EXP-WRPC-STEP5-STATIC-BOOTSTRAP-128-FINC-20260908/raw/EXP-WRPC-STEP5-STATIC-BOOTSTRAP-128-FINC-20260908.tar.gz	afa9c40f062e89d4b12a64c3f122107a1fc5840f81d64aad85d72f4d4402b1bc	-	EXACT_DUPLICATE_EXTRACTED	-	-	-	-	-	-	-	-	artifacts/EXP-WRPC-STEP5-STATIC-BOOTSTRAP-128-FINC-20260908/program-master.log	a20390dc3b8910996a5d1c7299be97ae4b3b718b48e7e77220acbf9e4063c7da	2194	experiments/legacy/exp-step5-softpll-lock/EXP-WRPC-STEP5-STATIC-BOOTSTRAP-128-FINC-20260908/raw/program-master.log	MATCHED_TRACKED
member	experiments/legacy/exp-step5-softpll-lock/EXP-WRPC-STEP5-STATIC-BOOTSTRAP-128-FINC-20260908/raw/EXP-WRPC-STEP5-STATIC-BOOTSTRAP-128-FINC-20260908.tar.gz	afa9c40f062e89d4b12a64c3f122107a1fc5840f81d64aad85d72f4d4402b1bc	-	EXACT_DUPLICATE_EXTRACTED	-	-	-	-	-	-	-	-	artifacts/EXP-WRPC-STEP5-STATIC-BOOTSTRAP-128-FINC-20260908/program-slave.log	e85e17a0588ceffce899b9d595d488a7485358b809d952514c863a32b5d1b9b5	2190	experiments/legacy/exp-step5-softpll-lock/EXP-WRPC-STEP5-STATIC-BOOTSTRAP-128-FINC-20260908/raw/program-slave.log	MATCHED_TRACKED
member	experiments/legacy/exp-step5-softpll-lock/EXP-WRPC-STEP5-STATIC-BOOTSTRAP-128-FINC-20260908/raw/EXP-WRPC-STEP5-STATIC-BOOTSTRAP-128-FINC-20260908.tar.gz	afa9c40f062e89d4b12a64c3f122107a1fc5840f81d64aad85d72f4d4402b1bc	-	EXACT_DUPLICATE_EXTRACTED	-	-	-	-	-	-	-	-	artifacts/EXP-WRPC-STEP5-STATIC-BOOTSTRAP-128-FINC-20260908/preflight-1.log	8d23a1f6e2db2e9d35f99e77c7670be9d26608012f02db123c354225e5316893	19706	experiments/legacy/exp-step5-softpll-lock/EXP-WRPC-STEP5-STATIC-BOOTSTRAP-128-FINC-20260908/raw/preflight-1.log	MATCHED_TRACKED
member	experiments/legacy/exp-step5-softpll-lock/EXP-WRPC-STEP5-STATIC-BOOTSTRAP-128-FINC-20260908/raw/EXP-WRPC-STEP5-STATIC-BOOTSTRAP-128-FINC-20260908.tar.gz	afa9c40f062e89d4b12a64c3f122107a1fc5840f81d64aad85d72f4d4402b1bc	-	EXACT_DUPLICATE_EXTRACTED	-	-	-	-	-	-	-	-	artifacts/EXP-WRPC-STEP5-STATIC-BOOTSTRAP-128-FINC-20260908/preflight-2.log	4af6ed87bed119ee8a69490c5324bc803c7a507f85e3d4742e226cf2847775f2	19707	experiments/legacy/exp-step5-softpll-lock/EXP-WRPC-STEP5-STATIC-BOOTSTRAP-128-FINC-20260908/raw/preflight-2.log	MATCHED_TRACKED
member	experiments/legacy/exp-step5-softpll-lock/EXP-WRPC-STEP5-STATIC-BOOTSTRAP-128-FINC-20260908/raw/EXP-WRPC-STEP5-STATIC-BOOTSTRAP-128-FINC-20260908.tar.gz	afa9c40f062e89d4b12a64c3f122107a1fc5840f81d64aad85d72f4d4402b1bc	-	EXACT_DUPLICATE_EXTRACTED	-	-	-	-	-	-	-	-	artifacts/EXP-WRPC-STEP5-STATIC-BOOTSTRAP-128-FINC-20260908/reprogram-recovery-master.log	aabdc02b649d900896b2c718f39a3d993a1cf56cb13027b0d1d921f32f7f5a80	2194	experiments/legacy/exp-step5-softpll-lock/EXP-WRPC-STEP5-STATIC-BOOTSTRAP-128-FINC-20260908/raw/reprogram-recovery-master.log	MATCHED_TRACKED
member	experiments/legacy/exp-step5-softpll-lock/EXP-WRPC-STEP5-STATIC-BOOTSTRAP-128-FINC-20260908/raw/EXP-WRPC-STEP5-STATIC-BOOTSTRAP-128-FINC-20260908.tar.gz	afa9c40f062e89d4b12a64c3f122107a1fc5840f81d64aad85d72f4d4402b1bc	-	EXACT_DUPLICATE_EXTRACTED	-	-	-	-	-	-	-	-	artifacts/EXP-WRPC-STEP5-STATIC-BOOTSTRAP-128-FINC-20260908/reprogram-recovery-slave.log	b6b865aa3865f6ab94876be04615a52ce52ab0fc05db1a916427ad4756d865db	2190	experiments/legacy/exp-step5-softpll-lock/EXP-WRPC-STEP5-STATIC-BOOTSTRAP-128-FINC-20260908/raw/reprogram-recovery-slave.log	MATCHED_TRACKED
member	experiments/legacy/exp-step5-softpll-lock/EXP-WRPC-STEP5-STATIC-BOOTSTRAP-128-FINC-20260908/raw/EXP-WRPC-STEP5-STATIC-BOOTSTRAP-128-FINC-20260908.tar.gz	afa9c40f062e89d4b12a64c3f122107a1fc5840f81d64aad85d72f4d4402b1bc	-	EXACT_DUPLICATE_EXTRACTED	-	-	-	-	-	-	-	-	artifacts/EXP-WRPC-STEP5-STATIC-BOOTSTRAP-128-FINC-20260908/preflight-3.log	372793aa1a5af9163b9856f01432aac5237bacdfa086137e5a0badee332bf227	19686	experiments/legacy/exp-step5-softpll-lock/EXP-WRPC-STEP5-STATIC-BOOTSTRAP-128-FINC-20260908/raw/preflight-3.log	MATCHED_TRACKED
member	experiments/legacy/exp-step5-softpll-lock/EXP-WRPC-STEP5-STATIC-BOOTSTRAP-128-FINC-20260908/raw/EXP-WRPC-STEP5-STATIC-BOOTSTRAP-128-FINC-20260908.tar.gz	afa9c40f062e89d4b12a64c3f122107a1fc5840f81d64aad85d72f4d4402b1bc	-	EXACT_DUPLICATE_EXTRACTED	-	-	-	-	-	-	-	-	artifacts/EXP-WRPC-STEP5-STATIC-BOOTSTRAP-128-FINC-20260908/preflight-4.log	72a83128c91b5c470776e900ee2f3304c899fd448bfb7ce91ab162e909ffbfcb	22088	experiments/legacy/exp-step5-softpll-lock/EXP-WRPC-STEP5-STATIC-BOOTSTRAP-128-FINC-20260908/raw/preflight-4.log	MATCHED_TRACKED
member	experiments/legacy/exp-step5-softpll-lock/EXP-WRPC-STEP5-STATIC-BOOTSTRAP-128-FINC-20260908/raw/EXP-WRPC-STEP5-STATIC-BOOTSTRAP-128-FINC-20260908.tar.gz	afa9c40f062e89d4b12a64c3f122107a1fc5840f81d64aad85d72f4d4402b1bc	-	EXACT_DUPLICATE_EXTRACTED	-	-	-	-	-	-	-	-	artifacts/EXP-WRPC-STEP5-STATIC-BOOTSTRAP-128-FINC-20260908/helper-smoke-120s.log	5981fb319c8fdbf5eb55c9d892c9d8202f87e328ab3fbb9c4c30daa9cfd60afd	865021	experiments/legacy/exp-step5-softpll-lock/EXP-WRPC-STEP5-STATIC-BOOTSTRAP-128-FINC-20260908/raw/helper-smoke-120s.log	MATCHED_TRACKED
archive	experiments/legacy/exp-step5-softpll-lock/EXP-WRPC-STEP5-STATIC-COARSE-BRACKET-FDEC5120-20260908/raw/EXP-WRPC-STEP5-STATIC-COARSE-BRACKET-FDEC5120-20260908-UPSTREAM-REGRESSION.tar.gz	741884d6b39a061e9b78f714c303eb5bfad8a79c9840ab257fad03371aab0e71	8088	EXACT_DUPLICATE_EXTRACTED	15	15	0	-	-	experiments/legacy/exp-step5-softpll-lock/EXP-WRPC-STEP5-STATIC-COARSE-BRACKET-FDEC5120-20260908/raw/EXP-WRPC-STEP5-STATIC-COARSE-BRACKET-FDEC5120-20260908-UPSTREAM-REGRESSION.tar.gz.sha256	71ee3b7ef15d0f982257c4571f8ea5c8f24cb5c755794a0311e86355a5175c3b	MATCH	-	-	-	-	-
member	experiments/legacy/exp-step5-softpll-lock/EXP-WRPC-STEP5-STATIC-COARSE-BRACKET-FDEC5120-20260908/raw/EXP-WRPC-STEP5-STATIC-COARSE-BRACKET-FDEC5120-20260908-UPSTREAM-REGRESSION.tar.gz	741884d6b39a061e9b78f714c303eb5bfad8a79c9840ab257fad03371aab0e71	-	EXACT_DUPLICATE_EXTRACTED	-	-	-	-	-	-	-	-	identity.txt	49742bb5fc2cb2b1bd43f5cfe7991041bbe879fcff142c5a93557639572b0493	89	experiments/legacy/exp-step5-softpll-lock/EXP-WRPC-STEP5-STATIC-COARSE-BRACKET-FDEC5120-20260908/raw/identity.txt	MATCHED_TRACKED
member	experiments/legacy/exp-step5-softpll-lock/EXP-WRPC-STEP5-STATIC-COARSE-BRACKET-FDEC5120-20260908/raw/EXP-WRPC-STEP5-STATIC-COARSE-BRACKET-FDEC5120-20260908-UPSTREAM-REGRESSION.tar.gz	741884d6b39a061e9b78f714c303eb5bfad8a79c9840ab257fad03371aab0e71	-	EXACT_DUPLICATE_EXTRACTED	-	-	-	-	-	-	-	-	simulation.log	b4e34bb0b94dff232174767e134a966af4449549fe3e69fb76c895fc88721166	471	experiments/legacy/exp-step5-softpll-lock/EXP-WRPC-STEP5-STATIC-COARSE-BRACKET-FDEC5120-20260908/raw/simulation.log	MATCHED_TRACKED
member	experiments/legacy/exp-step5-softpll-lock/EXP-WRPC-STEP5-STATIC-COARSE-BRACKET-FDEC5120-20260908/raw/EXP-WRPC-STEP5-STATIC-COARSE-BRACKET-FDEC5120-20260908-UPSTREAM-REGRESSION.tar.gz	741884d6b39a061e9b78f714c303eb5bfad8a79c9840ab257fad03371aab0e71	-	EXACT_DUPLICATE_EXTRACTED	-	-	-	-	-	-	-	-	firmware-master.log	3f8ed5596e7b8a2742ce81a6c5b726807d1d652ecf95a08dba099b65d77c9e78	141	experiments/legacy/exp-step5-softpll-lock/EXP-WRPC-STEP5-STATIC-COARSE-BRACKET-FDEC5120-20260908/raw/firmware-master.log	MATCHED_TRACKED
member	experiments/legacy/exp-step5-softpll-lock/EXP-WRPC-STEP5-STATIC-COARSE-BRACKET-FDEC5120-20260908/raw/EXP-WRPC-STEP5-STATIC-COARSE-BRACKET-FDEC5120-20260908-UPSTREAM-REGRESSION.tar.gz	741884d6b39a061e9b78f714c303eb5bfad8a79c9840ab257fad03371aab0e71	-	EXACT_DUPLICATE_EXTRACTED	-	-	-	-	-	-	-	-	firmware-slave.log	fad5adc8434b2d181bd18e56493ba893c7ccdd41630db294c6e3cbc139fa2292	139	experiments/legacy/exp-step5-softpll-lock/EXP-WRPC-STEP5-STATIC-COARSE-BRACKET-FDEC5120-20260908/raw/firmware-slave.log	MATCHED_TRACKED
member	experiments/legacy/exp-step5-softpll-lock/EXP-WRPC-STEP5-STATIC-COARSE-BRACKET-FDEC5120-20260908/raw/EXP-WRPC-STEP5-STATIC-COARSE-BRACKET-FDEC5120-20260908-UPSTREAM-REGRESSION.tar.gz	741884d6b39a061e9b78f714c303eb5bfad8a79c9840ab257fad03371aab0e71	-	EXACT_DUPLICATE_EXTRACTED	-	-	-	-	-	-	-	-	compile-master.log	aa7abdb8687ebd71bfcd13deed720677daff2c18c756fca9a60d011214ed2e3e	217	experiments/legacy/exp-step5-softpll-lock/EXP-WRPC-STEP5-STATIC-COARSE-BRACKET-FDEC5120-20260908/raw/compile-master.log	MATCHED_TRACKED
member	experiments/legacy/exp-step5-softpll-lock/EXP-WRPC-STEP5-STATIC-COARSE-BRACKET-FDEC5120-20260908/raw/EXP-WRPC-STEP5-STATIC-COARSE-BRACKET-FDEC5120-20260908-UPSTREAM-REGRESSION.tar.gz	741884d6b39a061e9b78f714c303eb5bfad8a79c9840ab257fad03371aab0e71	-	EXACT_DUPLICATE_EXTRACTED	-	-	-	-	-	-	-	-	compile-slave.log	b40c71d4fd8105293f6b7c9c4997878b6fd3251c8783fd4b4b691a457f49bb80	214	experiments/legacy/exp-step5-softpll-lock/EXP-WRPC-STEP5-STATIC-COARSE-BRACKET-FDEC5120-20260908/raw/compile-slave.log	MATCHED_TRACKED
member	experiments/legacy/exp-step5-softpll-lock/EXP-WRPC-STEP5-STATIC-COARSE-BRACKET-FDEC5120-20260908/raw/EXP-WRPC-STEP5-STATIC-COARSE-BRACKET-FDEC5120-20260908-UPSTREAM-REGRESSION.tar.gz	741884d6b39a061e9b78f714c303eb5bfad8a79c9840ab257fad03371aab0e71	-	EXACT_DUPLICATE_EXTRACTED	-	-	-	-	-	-	-	-	sof-sha256.txt	829d9c03e482ac69f10d2fbf71f5efd0084936af4eebc87b63a328862fa6d476	468	experiments/legacy/exp-step5-softpll-lock/EXP-WRPC-STEP5-STATIC-COARSE-BRACKET-FDEC5120-20260908/raw/sof-sha256.txt	MATCHED_TRACKED
member	experiments/legacy/exp-step5-softpll-lock/EXP-WRPC-STEP5-STATIC-COARSE-BRACKET-FDEC5120-20260908/raw/EXP-WRPC-STEP5-STATIC-COARSE-BRACKET-FDEC5120-20260908-UPSTREAM-REGRESSION.tar.gz	741884d6b39a061e9b78f714c303eb5bfad8a79c9840ab257fad03371aab0e71	-	EXACT_DUPLICATE_EXTRACTED	-	-	-	-	-	-	-	-	program-master.log	94cfe4d423b55f9df67945aee6117eebd93b2104e067c521ac4339443f1450d8	2370	experiments/legacy/exp-step5-softpll-lock/EXP-WRPC-STEP5-STATIC-COARSE-BRACKET-FDEC5120-20260908/raw/program-master.log	MATCHED_TRACKED
member	experiments/legacy/exp-step5-softpll-lock/EXP-WRPC-STEP5-STATIC-COARSE-BRACKET-FDEC5120-20260908/raw/EXP-WRPC-STEP5-STATIC-COARSE-BRACKET-FDEC5120-20260908-UPSTREAM-REGRESSION.tar.gz	741884d6b39a061e9b78f714c303eb5bfad8a79c9840ab257fad03371aab0e71	-	EXACT_DUPLICATE_EXTRACTED	-	-	-	-	-	-	-	-	program-slave.log	e74cca493b1a2f579ea59bf5707562237e091ab7c0c3e6d789da5eaeba173832	2366	experiments/legacy/exp-step5-softpll-lock/EXP-WRPC-STEP5-STATIC-COARSE-BRACKET-FDEC5120-20260908/raw/program-slave.log	MATCHED_TRACKED
member	experiments/legacy/exp-step5-softpll-lock/EXP-WRPC-STEP5-STATIC-COARSE-BRACKET-FDEC5120-20260908/raw/EXP-WRPC-STEP5-STATIC-COARSE-BRACKET-FDEC5120-20260908-UPSTREAM-REGRESSION.tar.gz	741884d6b39a061e9b78f714c303eb5bfad8a79c9840ab257fad03371aab0e71	-	EXACT_DUPLICATE_EXTRACTED	-	-	-	-	-	-	-	-	program-master-rerun.log	3672fd0f59c931eb5d3f6af2ebe3604563a897d7b556e1e437ac2ede2279dd8d	2370	experiments/legacy/exp-step5-softpll-lock/EXP-WRPC-STEP5-STATIC-COARSE-BRACKET-FDEC5120-20260908/raw/program-master-rerun.log	MATCHED_TRACKED
member	experiments/legacy/exp-step5-softpll-lock/EXP-WRPC-STEP5-STATIC-COARSE-BRACKET-FDEC5120-20260908/raw/EXP-WRPC-STEP5-STATIC-COARSE-BRACKET-FDEC5120-20260908-UPSTREAM-REGRESSION.tar.gz	741884d6b39a061e9b78f714c303eb5bfad8a79c9840ab257fad03371aab0e71	-	EXACT_DUPLICATE_EXTRACTED	-	-	-	-	-	-	-	-	program-slave-rerun.log	d7550832874c5715a666b00fb26fa9d13455a8e2eca75c72f3a1d116155409a3	2366	experiments/legacy/exp-step5-softpll-lock/EXP-WRPC-STEP5-STATIC-COARSE-BRACKET-FDEC5120-20260908/raw/program-slave-rerun.log	MATCHED_TRACKED
member	experiments/legacy/exp-step5-softpll-lock/EXP-WRPC-STEP5-STATIC-COARSE-BRACKET-FDEC5120-20260908/raw/EXP-WRPC-STEP5-STATIC-COARSE-BRACKET-FDEC5120-20260908-UPSTREAM-REGRESSION.tar.gz	741884d6b39a061e9b78f714c303eb5bfad8a79c9840ab257fad03371aab0e71	-	EXACT_DUPLICATE_EXTRACTED	-	-	-	-	-	-	-	-	preflight-1.log	419760654cf484d9ad6536a2c33c6a1f951f329afeff3832667e6f909246f178	19888	experiments/legacy/exp-step5-softpll-lock/EXP-WRPC-STEP5-STATIC-COARSE-BRACKET-FDEC5120-20260908/raw/preflight-1.log	MATCHED_TRACKED
member	experiments/legacy/exp-step5-softpll-lock/EXP-WRPC-STEP5-STATIC-COARSE-BRACKET-FDEC5120-20260908/raw/EXP-WRPC-STEP5-STATIC-COARSE-BRACKET-FDEC5120-20260908-UPSTREAM-REGRESSION.tar.gz	741884d6b39a061e9b78f714c303eb5bfad8a79c9840ab257fad03371aab0e71	-	EXACT_DUPLICATE_EXTRACTED	-	-	-	-	-	-	-	-	preflight-2.log	e8590ebe755f4b5f4a8e692b964605b383866eba48415cc191da7689151d8d3e	19888	experiments/legacy/exp-step5-softpll-lock/EXP-WRPC-STEP5-STATIC-COARSE-BRACKET-FDEC5120-20260908/raw/preflight-2.log	MATCHED_TRACKED
member	experiments/legacy/exp-step5-softpll-lock/EXP-WRPC-STEP5-STATIC-COARSE-BRACKET-FDEC5120-20260908/raw/EXP-WRPC-STEP5-STATIC-COARSE-BRACKET-FDEC5120-20260908-UPSTREAM-REGRESSION.tar.gz	741884d6b39a061e9b78f714c303eb5bfad8a79c9840ab257fad03371aab0e71	-	EXACT_DUPLICATE_EXTRACTED	-	-	-	-	-	-	-	-	preflight-3.log	31328a201856f92a70a5c05ee0c1520be9747d84e4eda98bec69679acc4fb133	19889	experiments/legacy/exp-step5-softpll-lock/EXP-WRPC-STEP5-STATIC-COARSE-BRACKET-FDEC5120-20260908/raw/preflight-3.log	MATCHED_TRACKED
member	experiments/legacy/exp-step5-softpll-lock/EXP-WRPC-STEP5-STATIC-COARSE-BRACKET-FDEC5120-20260908/raw/EXP-WRPC-STEP5-STATIC-COARSE-BRACKET-FDEC5120-20260908-UPSTREAM-REGRESSION.tar.gz	741884d6b39a061e9b78f714c303eb5bfad8a79c9840ab257fad03371aab0e71	-	EXACT_DUPLICATE_EXTRACTED	-	-	-	-	-	-	-	-	preflight-4.log	41063654b831a7d3c54863ec22af425bac65015848ca4d1a7a0aef9674737a34	19888	experiments/legacy/exp-step5-softpll-lock/EXP-WRPC-STEP5-STATIC-COARSE-BRACKET-FDEC5120-20260908/raw/preflight-4.log	MATCHED_TRACKED
archive	experiments/legacy/exp-step5-softpll-lock/EXP-WRPC-STEP5-STATIC-COARSE-BRACKET-FDEC5120-POST-POWER-CYCLE-20260908/raw/EXP-WRPC-STEP5-STATIC-COARSE-BRACKET-FDEC5120-POST-POWER-CYCLE-20260908-UPSTREAM-REGRESSION.tar.gz	d8274b2e9bab689f5c6ec681b977c194f069277053443b41cf8f0c4ee002266f	6311	EXACT_DUPLICATE_EXTRACTED	11	11	0	-	-	experiments/legacy/exp-step5-softpll-lock/EXP-WRPC-STEP5-STATIC-COARSE-BRACKET-FDEC5120-POST-POWER-CYCLE-20260908/raw/EXP-WRPC-STEP5-STATIC-COARSE-BRACKET-FDEC5120-POST-POWER-CYCLE-20260908-UPSTREAM-REGRESSION.tar.gz.sha256	372e4190418f5d5bb82406cefed4b73266f0996d1a44e995e80631b88a868328	MATCH	-	-	-	-	-
member	experiments/legacy/exp-step5-softpll-lock/EXP-WRPC-STEP5-STATIC-COARSE-BRACKET-FDEC5120-POST-POWER-CYCLE-20260908/raw/EXP-WRPC-STEP5-STATIC-COARSE-BRACKET-FDEC5120-POST-POWER-CYCLE-20260908-UPSTREAM-REGRESSION.tar.gz	d8274b2e9bab689f5c6ec681b977c194f069277053443b41cf8f0c4ee002266f	-	EXACT_DUPLICATE_EXTRACTED	-	-	-	-	-	-	-	-	identity.txt	ff95fb9b8e68d10d6af09efd2927c0c9dbff7cbaf4f5d77a987f8e3712300a0f	89	experiments/legacy/exp-step5-softpll-lock/EXP-WRPC-STEP5-STATIC-COARSE-BRACKET-FDEC5120-POST-POWER-CYCLE-20260908/raw/identity.txt	MATCHED_TRACKED
member	experiments/legacy/exp-step5-softpll-lock/EXP-WRPC-STEP5-STATIC-COARSE-BRACKET-FDEC5120-POST-POWER-CYCLE-20260908/raw/EXP-WRPC-STEP5-STATIC-COARSE-BRACKET-FDEC5120-POST-POWER-CYCLE-20260908-UPSTREAM-REGRESSION.tar.gz	d8274b2e9bab689f5c6ec681b977c194f069277053443b41cf8f0c4ee002266f	-	EXACT_DUPLICATE_EXTRACTED	-	-	-	-	-	-	-	-	simulation.log	b4e34bb0b94dff232174767e134a966af4449549fe3e69fb76c895fc88721166	471	experiments/legacy/exp-step5-softpll-lock/EXP-WRPC-STEP5-STATIC-COARSE-BRACKET-FDEC5120-POST-POWER-CYCLE-20260908/raw/simulation.log	MATCHED_TRACKED
member	experiments/legacy/exp-step5-softpll-lock/EXP-WRPC-STEP5-STATIC-COARSE-BRACKET-FDEC5120-POST-POWER-CYCLE-20260908/raw/EXP-WRPC-STEP5-STATIC-COARSE-BRACKET-FDEC5120-POST-POWER-CYCLE-20260908-UPSTREAM-REGRESSION.tar.gz	d8274b2e9bab689f5c6ec681b977c194f069277053443b41cf8f0c4ee002266f	-	EXACT_DUPLICATE_EXTRACTED	-	-	-	-	-	-	-	-	firmware-master.log	273db560c1eb028fca2939e548cfd9fc84e195c1a745de371201828630a393cb	158	experiments/legacy/exp-step5-softpll-lock/EXP-WRPC-STEP5-STATIC-COARSE-BRACKET-FDEC5120-POST-POWER-CYCLE-20260908/raw/firmware-master.log	MATCHED_TRACKED
member	experiments/legacy/exp-step5-softpll-lock/EXP-WRPC-STEP5-STATIC-COARSE-BRACKET-FDEC5120-POST-POWER-CYCLE-20260908/raw/EXP-WRPC-STEP5-STATIC-COARSE-BRACKET-FDEC5120-POST-POWER-CYCLE-20260908-UPSTREAM-REGRESSION.tar.gz	d8274b2e9bab689f5c6ec681b977c194f069277053443b41cf8f0c4ee002266f	-	EXACT_DUPLICATE_EXTRACTED	-	-	-	-	-	-	-	-	firmware-slave.log	cafe9a2d58b72571bbd7448469b084785cc73bf15e77966439543a8a3f3a5dbb	156	experiments/legacy/exp-step5-softpll-lock/EXP-WRPC-STEP5-STATIC-COARSE-BRACKET-FDEC5120-POST-POWER-CYCLE-20260908/raw/firmware-slave.log	MATCHED_TRACKED
member	experiments/legacy/exp-step5-softpll-lock/EXP-WRPC-STEP5-STATIC-COARSE-BRACKET-FDEC5120-POST-POWER-CYCLE-20260908/raw/EXP-WRPC-STEP5-STATIC-COARSE-BRACKET-FDEC5120-POST-POWER-CYCLE-20260908-UPSTREAM-REGRESSION.tar.gz	d8274b2e9bab689f5c6ec681b977c194f069277053443b41cf8f0c4ee002266f	-	EXACT_DUPLICATE_EXTRACTED	-	-	-	-	-	-	-	-	compile-master.log	4b73169b260de1fef6e703c332689aede8966aa6e88aa15a811a4a09f6d52c1f	234	experiments/legacy/exp-step5-softpll-lock/EXP-WRPC-STEP5-STATIC-COARSE-BRACKET-FDEC5120-POST-POWER-CYCLE-20260908/raw/compile-master.log	MATCHED_TRACKED
member	experiments/legacy/exp-step5-softpll-lock/EXP-WRPC-STEP5-STATIC-COARSE-BRACKET-FDEC5120-POST-POWER-CYCLE-20260908/raw/EXP-WRPC-STEP5-STATIC-COARSE-BRACKET-FDEC5120-POST-POWER-CYCLE-20260908-UPSTREAM-REGRESSION.tar.gz	d8274b2e9bab689f5c6ec681b977c194f069277053443b41cf8f0c4ee002266f	-	EXACT_DUPLICATE_EXTRACTED	-	-	-	-	-	-	-	-	compile-slave.log	f4ba9abde17df98ee3a16c827b7601d0abec60e63886d860faa51698287bb7e9	231	experiments/legacy/exp-step5-softpll-lock/EXP-WRPC-STEP5-STATIC-COARSE-BRACKET-FDEC5120-POST-POWER-CYCLE-20260908/raw/compile-slave.log	MATCHED_TRACKED
member	experiments/legacy/exp-step5-softpll-lock/EXP-WRPC-STEP5-STATIC-COARSE-BRACKET-FDEC5120-POST-POWER-CYCLE-20260908/raw/EXP-WRPC-STEP5-STATIC-COARSE-BRACKET-FDEC5120-POST-POWER-CYCLE-20260908-UPSTREAM-REGRESSION.tar.gz	d8274b2e9bab689f5c6ec681b977c194f069277053443b41cf8f0c4ee002266f	-	EXACT_DUPLICATE_EXTRACTED	-	-	-	-	-	-	-	-	sof-sha256.txt	7c3b764825155d1269a00f9b04b665ed2c774fc69ac68049a7ad1e0299c99fd8	502	experiments/legacy/exp-step5-softpll-lock/EXP-WRPC-STEP5-STATIC-COARSE-BRACKET-FDEC5120-POST-POWER-CYCLE-20260908/raw/sof-sha256.txt	MATCHED_TRACKED
member	experiments/legacy/exp-step5-softpll-lock/EXP-WRPC-STEP5-STATIC-COARSE-BRACKET-FDEC5120-POST-POWER-CYCLE-20260908/raw/EXP-WRPC-STEP5-STATIC-COARSE-BRACKET-FDEC5120-POST-POWER-CYCLE-20260908-UPSTREAM-REGRESSION.tar.gz	d8274b2e9bab689f5c6ec681b977c194f069277053443b41cf8f0c4ee002266f	-	EXACT_DUPLICATE_EXTRACTED	-	-	-	-	-	-	-	-	program-master.log	7985962ae341176bfb4caed6f854b940d85aca90c38e83858c9cb261f566a7e1	2402	experiments/legacy/exp-step5-softpll-lock/EXP-WRPC-STEP5-STATIC-COARSE-BRACKET-FDEC5120-POST-POWER-CYCLE-20260908/raw/program-master.log	MATCHED_TRACKED
member	experiments/legacy/exp-step5-softpll-lock/EXP-WRPC-STEP5-STATIC-COARSE-BRACKET-FDEC5120-POST-POWER-CYCLE-20260908/raw/EXP-WRPC-STEP5-STATIC-COARSE-BRACKET-FDEC5120-POST-POWER-CYCLE-20260908-UPSTREAM-REGRESSION.tar.gz	d8274b2e9bab689f5c6ec681b977c194f069277053443b41cf8f0c4ee002266f	-	EXACT_DUPLICATE_EXTRACTED	-	-	-	-	-	-	-	-	program-slave.log	1becac50e01e4b7b699f1f3704edc96d271684aee7278e8b54c65e7936d117d6	2398	experiments/legacy/exp-step5-softpll-lock/EXP-WRPC-STEP5-STATIC-COARSE-BRACKET-FDEC5120-POST-POWER-CYCLE-20260908/raw/program-slave.log	MATCHED_TRACKED
member	experiments/legacy/exp-step5-softpll-lock/EXP-WRPC-STEP5-STATIC-COARSE-BRACKET-FDEC5120-POST-POWER-CYCLE-20260908/raw/EXP-WRPC-STEP5-STATIC-COARSE-BRACKET-FDEC5120-POST-POWER-CYCLE-20260908-UPSTREAM-REGRESSION.tar.gz	d8274b2e9bab689f5c6ec681b977c194f069277053443b41cf8f0c4ee002266f	-	EXACT_DUPLICATE_EXTRACTED	-	-	-	-	-	-	-	-	preflight-1.log	a58ed743a395a4cacb94ed84f2d266067511d4393fce196fb43aaeb46b1fc364	19931	experiments/legacy/exp-step5-softpll-lock/EXP-WRPC-STEP5-STATIC-COARSE-BRACKET-FDEC5120-POST-POWER-CYCLE-20260908/raw/preflight-1.log	MATCHED_TRACKED
member	experiments/legacy/exp-step5-softpll-lock/EXP-WRPC-STEP5-STATIC-COARSE-BRACKET-FDEC5120-POST-POWER-CYCLE-20260908/raw/EXP-WRPC-STEP5-STATIC-COARSE-BRACKET-FDEC5120-POST-POWER-CYCLE-20260908-UPSTREAM-REGRESSION.tar.gz	d8274b2e9bab689f5c6ec681b977c194f069277053443b41cf8f0c4ee002266f	-	EXACT_DUPLICATE_EXTRACTED	-	-	-	-	-	-	-	-	preflight-2.log	97b0e9abcc9b1a702f8b8dd0dbacd6ba6320eeb635b8c3cccc01953067f7eb5b	19931	experiments/legacy/exp-step5-softpll-lock/EXP-WRPC-STEP5-STATIC-COARSE-BRACKET-FDEC5120-POST-POWER-CYCLE-20260908/raw/preflight-2.log	MATCHED_TRACKED
archive	experiments/legacy/exp-step5-softpll-lock/EXP-WRPC-STEP5-STATIC-COARSE-BRACKET-FDEC5440-20260908/raw/EXP-WRPC-STEP5-STATIC-COARSE-BRACKET-FDEC5440-20260908.tar.gz	c8d9ebcbeca4b2ec9aba7242690ffd8ec14f27e31db692e62470b90d8c0a5836	55525	EXACT_DUPLICATE_EXTRACTED	12	12	0	-	-	experiments/legacy/exp-step5-softpll-lock/EXP-WRPC-STEP5-STATIC-COARSE-BRACKET-FDEC5440-20260908/raw/EXP-WRPC-STEP5-STATIC-COARSE-BRACKET-FDEC5440-20260908.tar.gz.sha256	ec7e56a470992aae9fae6953d4b3dbf43ce156280daac08a01b8c380475f5cfd	MATCH	-	-	-	-	-
member	experiments/legacy/exp-step5-softpll-lock/EXP-WRPC-STEP5-STATIC-COARSE-BRACKET-FDEC5440-20260908/raw/EXP-WRPC-STEP5-STATIC-COARSE-BRACKET-FDEC5440-20260908.tar.gz	c8d9ebcbeca4b2ec9aba7242690ffd8ec14f27e31db692e62470b90d8c0a5836	-	EXACT_DUPLICATE_EXTRACTED	-	-	-	-	-	-	-	-	identity.txt	d71887708f425bb91a183b9abad9d00698a72b08263af0bf30881e56d200170d	89	experiments/legacy/exp-step5-softpll-lock/EXP-WRPC-STEP5-STATIC-COARSE-BRACKET-FDEC5440-20260908/raw/identity.txt	MATCHED_TRACKED
member	experiments/legacy/exp-step5-softpll-lock/EXP-WRPC-STEP5-STATIC-COARSE-BRACKET-FDEC5440-20260908/raw/EXP-WRPC-STEP5-STATIC-COARSE-BRACKET-FDEC5440-20260908.tar.gz	c8d9ebcbeca4b2ec9aba7242690ffd8ec14f27e31db692e62470b90d8c0a5836	-	EXACT_DUPLICATE_EXTRACTED	-	-	-	-	-	-	-	-	simulation.log	b4e34bb0b94dff232174767e134a966af4449549fe3e69fb76c895fc88721166	471	experiments/legacy/exp-step5-softpll-lock/EXP-WRPC-STEP5-STATIC-COARSE-BRACKET-FDEC5440-20260908/raw/simulation.log	MATCHED_TRACKED
member	experiments/legacy/exp-step5-softpll-lock/EXP-WRPC-STEP5-STATIC-COARSE-BRACKET-FDEC5440-20260908/raw/EXP-WRPC-STEP5-STATIC-COARSE-BRACKET-FDEC5440-20260908.tar.gz	c8d9ebcbeca4b2ec9aba7242690ffd8ec14f27e31db692e62470b90d8c0a5836	-	EXACT_DUPLICATE_EXTRACTED	-	-	-	-	-	-	-	-	firmware-master.log	3f22e2668bfd9308aa9bea7b7e9c981be75c009037af2b234e98d7315a61e9c4	141	experiments/legacy/exp-step5-softpll-lock/EXP-WRPC-STEP5-STATIC-COARSE-BRACKET-FDEC5440-20260908/raw/firmware-master.log	MATCHED_TRACKED
member	experiments/legacy/exp-step5-softpll-lock/EXP-WRPC-STEP5-STATIC-COARSE-BRACKET-FDEC5440-20260908/raw/EXP-WRPC-STEP5-STATIC-COARSE-BRACKET-FDEC5440-20260908.tar.gz	c8d9ebcbeca4b2ec9aba7242690ffd8ec14f27e31db692e62470b90d8c0a5836	-	EXACT_DUPLICATE_EXTRACTED	-	-	-	-	-	-	-	-	firmware-slave.log	cd7c94facb45539412d35444bdd1ada05990ff90045d84e7345c04d176e5f1fe	139	experiments/legacy/exp-step5-softpll-lock/EXP-WRPC-STEP5-STATIC-COARSE-BRACKET-FDEC5440-20260908/raw/firmware-slave.log	MATCHED_TRACKED
member	experiments/legacy/exp-step5-softpll-lock/EXP-WRPC-STEP5-STATIC-COARSE-BRACKET-FDEC5440-20260908/raw/EXP-WRPC-STEP5-STATIC-COARSE-BRACKET-FDEC5440-20260908.tar.gz	c8d9ebcbeca4b2ec9aba7242690ffd8ec14f27e31db692e62470b90d8c0a5836	-	EXACT_DUPLICATE_EXTRACTED	-	-	-	-	-	-	-	-	compile-master.log	c012d5ec994e766f0a9d1121d38bb5cb3e83e272caea227cbee11d166adcf984	217	experiments/legacy/exp-step5-softpll-lock/EXP-WRPC-STEP5-STATIC-COARSE-BRACKET-FDEC5440-20260908/raw/compile-master.log	MATCHED_TRACKED
member	experiments/legacy/exp-step5-softpll-lock/EXP-WRPC-STEP5-STATIC-COARSE-BRACKET-FDEC5440-20260908/raw/EXP-WRPC-STEP5-STATIC-COARSE-BRACKET-FDEC5440-20260908.tar.gz	c8d9ebcbeca4b2ec9aba7242690ffd8ec14f27e31db692e62470b90d8c0a5836	-	EXACT_DUPLICATE_EXTRACTED	-	-	-	-	-	-	-	-	compile-slave.log	34dc9014b67ed0f94fbafd071bc4e719bff9e57e7a85029f24fa9c1f2b5882e6	214	experiments/legacy/exp-step5-softpll-lock/EXP-WRPC-STEP5-STATIC-COARSE-BRACKET-FDEC5440-20260908/raw/compile-slave.log	MATCHED_TRACKED
member	experiments/legacy/exp-step5-softpll-lock/EXP-WRPC-STEP5-STATIC-COARSE-BRACKET-FDEC5440-20260908/raw/EXP-WRPC-STEP5-STATIC-COARSE-BRACKET-FDEC5440-20260908.tar.gz	c8d9ebcbeca4b2ec9aba7242690ffd8ec14f27e31db692e62470b90d8c0a5836	-	EXACT_DUPLICATE_EXTRACTED	-	-	-	-	-	-	-	-	sof-sha256.txt	6782851777f1bd3fe9e0ab5487d4beea41296f7ec1aa2114803d662007a73ac5	468	experiments/legacy/exp-step5-softpll-lock/EXP-WRPC-STEP5-STATIC-COARSE-BRACKET-FDEC5440-20260908/raw/sof-sha256.txt	MATCHED_TRACKED
member	experiments/legacy/exp-step5-softpll-lock/EXP-WRPC-STEP5-STATIC-COARSE-BRACKET-FDEC5440-20260908/raw/EXP-WRPC-STEP5-STATIC-COARSE-BRACKET-FDEC5440-20260908.tar.gz	c8d9ebcbeca4b2ec9aba7242690ffd8ec14f27e31db692e62470b90d8c0a5836	-	EXACT_DUPLICATE_EXTRACTED	-	-	-	-	-	-	-	-	program-master.log	9413569f176ce6abef03f18530bcae256b3f8055cc68814968b4f242c5f526e8	2368	experiments/legacy/exp-step5-softpll-lock/EXP-WRPC-STEP5-STATIC-COARSE-BRACKET-FDEC5440-20260908/raw/program-master.log	MATCHED_TRACKED
member	experiments/legacy/exp-step5-softpll-lock/EXP-WRPC-STEP5-STATIC-COARSE-BRACKET-FDEC5440-20260908/raw/EXP-WRPC-STEP5-STATIC-COARSE-BRACKET-FDEC5440-20260908.tar.gz	c8d9ebcbeca4b2ec9aba7242690ffd8ec14f27e31db692e62470b90d8c0a5836	-	EXACT_DUPLICATE_EXTRACTED	-	-	-	-	-	-	-	-	program-slave.log	4df3fe36d27cfdcd9b2785d9f05083eea79e9424872a096eb87cc7a3985fbd4e	2364	experiments/legacy/exp-step5-softpll-lock/EXP-WRPC-STEP5-STATIC-COARSE-BRACKET-FDEC5440-20260908/raw/program-slave.log	MATCHED_TRACKED
member	experiments/legacy/exp-step5-softpll-lock/EXP-WRPC-STEP5-STATIC-COARSE-BRACKET-FDEC5440-20260908/raw/EXP-WRPC-STEP5-STATIC-COARSE-BRACKET-FDEC5440-20260908.tar.gz	c8d9ebcbeca4b2ec9aba7242690ffd8ec14f27e31db692e62470b90d8c0a5836	-	EXACT_DUPLICATE_EXTRACTED	-	-	-	-	-	-	-	-	preflight-1.log	2148780bfc63309824ccba430bb5af0428038f09c6fde75eda966bfa879b15cc	22280	experiments/legacy/exp-step5-softpll-lock/EXP-WRPC-STEP5-STATIC-COARSE-BRACKET-FDEC5440-20260908/raw/preflight-1.log	MATCHED_TRACKED
member	experiments/legacy/exp-step5-softpll-lock/EXP-WRPC-STEP5-STATIC-COARSE-BRACKET-FDEC5440-20260908/raw/EXP-WRPC-STEP5-STATIC-COARSE-BRACKET-FDEC5440-20260908.tar.gz	c8d9ebcbeca4b2ec9aba7242690ffd8ec14f27e31db692e62470b90d8c0a5836	-	EXACT_DUPLICATE_EXTRACTED	-	-	-	-	-	-	-	-	preflight-2.log	19dbef97d243a7ce039d3be8dd6d8e70e3d72a59ebf44b2df64f3a4e0e843446	22278	experiments/legacy/exp-step5-softpll-lock/EXP-WRPC-STEP5-STATIC-COARSE-BRACKET-FDEC5440-20260908/raw/preflight-2.log	MATCHED_TRACKED
member	experiments/legacy/exp-step5-softpll-lock/EXP-WRPC-STEP5-STATIC-COARSE-BRACKET-FDEC5440-20260908/raw/EXP-WRPC-STEP5-STATIC-COARSE-BRACKET-FDEC5440-20260908.tar.gz	c8d9ebcbeca4b2ec9aba7242690ffd8ec14f27e31db692e62470b90d8c0a5836	-	EXACT_DUPLICATE_EXTRACTED	-	-	-	-	-	-	-	-	closed-loop-120s.log	398902f91f8deafa87490432ad20713266fc4d3d87d3d7a3be13e7f4dce5b44b	901214	experiments/legacy/exp-step5-softpll-lock/EXP-WRPC-STEP5-STATIC-COARSE-BRACKET-FDEC5440-20260908/raw/closed-loop-120s.log	MATCHED_TRACKED
archive	experiments/legacy/exp-step5-softpll-lock/EXP-WRPC-STEP5-STATIC-COARSE-BRACKET-FDEC5600-20260908/raw/EXP-WRPC-STEP5-STATIC-COARSE-BRACKET-FDEC5600-20260908.tar.gz	67a746f52ff52f7f8a6bc5d0b336740c418a38f063d13ba9bc6e7262e30ad720	55256	EXACT_DUPLICATE_EXTRACTED	12	12	0	-	-	experiments/legacy/exp-step5-softpll-lock/EXP-WRPC-STEP5-STATIC-COARSE-BRACKET-FDEC5600-20260908/raw/EXP-WRPC-STEP5-STATIC-COARSE-BRACKET-FDEC5600-20260908.tar.gz.sha256	97bc7e3db6c664b6847f5b14cfce4465f67099879c265026037b7ba59a89bea8	MATCH	-	-	-	-	-
member	experiments/legacy/exp-step5-softpll-lock/EXP-WRPC-STEP5-STATIC-COARSE-BRACKET-FDEC5600-20260908/raw/EXP-WRPC-STEP5-STATIC-COARSE-BRACKET-FDEC5600-20260908.tar.gz	67a746f52ff52f7f8a6bc5d0b336740c418a38f063d13ba9bc6e7262e30ad720	-	EXACT_DUPLICATE_EXTRACTED	-	-	-	-	-	-	-	-	identity.txt	329769d6e428f7070796e16ca469a76fe1ad32a99d86ad255031be483fb7655c	89	experiments/legacy/exp-step5-softpll-lock/EXP-WRPC-STEP5-STATIC-COARSE-BRACKET-FDEC5600-20260908/raw/identity.txt	MATCHED_TRACKED
member	experiments/legacy/exp-step5-softpll-lock/EXP-WRPC-STEP5-STATIC-COARSE-BRACKET-FDEC5600-20260908/raw/EXP-WRPC-STEP5-STATIC-COARSE-BRACKET-FDEC5600-20260908.tar.gz	67a746f52ff52f7f8a6bc5d0b336740c418a38f063d13ba9bc6e7262e30ad720	-	EXACT_DUPLICATE_EXTRACTED	-	-	-	-	-	-	-	-	simulation.log	b4e34bb0b94dff232174767e134a966af4449549fe3e69fb76c895fc88721166	471	experiments/legacy/exp-step5-softpll-lock/EXP-WRPC-STEP5-STATIC-COARSE-BRACKET-FDEC5600-20260908/raw/simulation.log	MATCHED_TRACKED
member	experiments/legacy/exp-step5-softpll-lock/EXP-WRPC-STEP5-STATIC-COARSE-BRACKET-FDEC5600-20260908/raw/EXP-WRPC-STEP5-STATIC-COARSE-BRACKET-FDEC5600-20260908.tar.gz	67a746f52ff52f7f8a6bc5d0b336740c418a38f063d13ba9bc6e7262e30ad720	-	EXACT_DUPLICATE_EXTRACTED	-	-	-	-	-	-	-	-	firmware-master.log	3918b47d0728f75d7bca5bb52d7db955186b3c8c395dcc6ac78fec4cf3bf4f3c	141	experiments/legacy/exp-step5-softpll-lock/EXP-WRPC-STEP5-STATIC-COARSE-BRACKET-FDEC5600-20260908/raw/firmware-master.log	MATCHED_TRACKED
member	experiments/legacy/exp-step5-softpll-lock/EXP-WRPC-STEP5-STATIC-COARSE-BRACKET-FDEC5600-20260908/raw/EXP-WRPC-STEP5-STATIC-COARSE-BRACKET-FDEC5600-20260908.tar.gz	67a746f52ff52f7f8a6bc5d0b336740c418a38f063d13ba9bc6e7262e30ad720	-	EXACT_DUPLICATE_EXTRACTED	-	-	-	-	-	-	-	-	firmware-slave.log	83f029f9f15733e2c57dfd135ddaad06bc161bdef6cb1a001f6226ae8d4bf317	139	experiments/legacy/exp-step5-softpll-lock/EXP-WRPC-STEP5-STATIC-COARSE-BRACKET-FDEC5600-20260908/raw/firmware-slave.log	MATCHED_TRACKED
member	experiments/legacy/exp-step5-softpll-lock/EXP-WRPC-STEP5-STATIC-COARSE-BRACKET-FDEC5600-20260908/raw/EXP-WRPC-STEP5-STATIC-COARSE-BRACKET-FDEC5600-20260908.tar.gz	67a746f52ff52f7f8a6bc5d0b336740c418a38f063d13ba9bc6e7262e30ad720	-	EXACT_DUPLICATE_EXTRACTED	-	-	-	-	-	-	-	-	compile-master.log	2ae1c3c79b357020fffcf7638b30f81b23a0472b32fd036ee7212794d4a70509	217	experiments/legacy/exp-step5-softpll-lock/EXP-WRPC-STEP5-STATIC-COARSE-BRACKET-FDEC5600-20260908/raw/compile-master.log	MATCHED_TRACKED
member	experiments/legacy/exp-step5-softpll-lock/EXP-WRPC-STEP5-STATIC-COARSE-BRACKET-FDEC5600-20260908/raw/EXP-WRPC-STEP5-STATIC-COARSE-BRACKET-FDEC5600-20260908.tar.gz	67a746f52ff52f7f8a6bc5d0b336740c418a38f063d13ba9bc6e7262e30ad720	-	EXACT_DUPLICATE_EXTRACTED	-	-	-	-	-	-	-	-	compile-slave.log	15cc34bf83701368bc1bfbfe89a22e830790b5f5b900e9fc0f309cf4fa6750c0	214	experiments/legacy/exp-step5-softpll-lock/EXP-WRPC-STEP5-STATIC-COARSE-BRACKET-FDEC5600-20260908/raw/compile-slave.log	MATCHED_TRACKED
member	experiments/legacy/exp-step5-softpll-lock/EXP-WRPC-STEP5-STATIC-COARSE-BRACKET-FDEC5600-20260908/raw/EXP-WRPC-STEP5-STATIC-COARSE-BRACKET-FDEC5600-20260908.tar.gz	67a746f52ff52f7f8a6bc5d0b336740c418a38f063d13ba9bc6e7262e30ad720	-	EXACT_DUPLICATE_EXTRACTED	-	-	-	-	-	-	-	-	sof-sha256.txt	51ae00c4ba363516abc974dae6631717a599f90d5ca917c2d12d0ab059012531	468	experiments/legacy/exp-step5-softpll-lock/EXP-WRPC-STEP5-STATIC-COARSE-BRACKET-FDEC5600-20260908/raw/sof-sha256.txt	MATCHED_TRACKED
member	experiments/legacy/exp-step5-softpll-lock/EXP-WRPC-STEP5-STATIC-COARSE-BRACKET-FDEC5600-20260908/raw/EXP-WRPC-STEP5-STATIC-COARSE-BRACKET-FDEC5600-20260908.tar.gz	67a746f52ff52f7f8a6bc5d0b336740c418a38f063d13ba9bc6e7262e30ad720	-	EXACT_DUPLICATE_EXTRACTED	-	-	-	-	-	-	-	-	program-master.log	068163ee8196ac8fd2e51c6f28cd728113018ffde9aa1be381bdcfd0e162c160	2368	experiments/legacy/exp-step5-softpll-lock/EXP-WRPC-STEP5-STATIC-COARSE-BRACKET-FDEC5600-20260908/raw/program-master.log	MATCHED_TRACKED
member	experiments/legacy/exp-step5-softpll-lock/EXP-WRPC-STEP5-STATIC-COARSE-BRACKET-FDEC5600-20260908/raw/EXP-WRPC-STEP5-STATIC-COARSE-BRACKET-FDEC5600-20260908.tar.gz	67a746f52ff52f7f8a6bc5d0b336740c418a38f063d13ba9bc6e7262e30ad720	-	EXACT_DUPLICATE_EXTRACTED	-	-	-	-	-	-	-	-	program-slave.log	3e52f404266ffd9fe4400c6e7506d8cccdb4494e31126282d11b89df3e8c3112	2364	experiments/legacy/exp-step5-softpll-lock/EXP-WRPC-STEP5-STATIC-COARSE-BRACKET-FDEC5600-20260908/raw/program-slave.log	MATCHED_TRACKED
member	experiments/legacy/exp-step5-softpll-lock/EXP-WRPC-STEP5-STATIC-COARSE-BRACKET-FDEC5600-20260908/raw/EXP-WRPC-STEP5-STATIC-COARSE-BRACKET-FDEC5600-20260908.tar.gz	67a746f52ff52f7f8a6bc5d0b336740c418a38f063d13ba9bc6e7262e30ad720	-	EXACT_DUPLICATE_EXTRACTED	-	-	-	-	-	-	-	-	preflight-1.log	e194665727bd737fd37211507a4a40f2cd719aa8c8f3fb14e43bc57e2cfb13cf	19976	experiments/legacy/exp-step5-softpll-lock/EXP-WRPC-STEP5-STATIC-COARSE-BRACKET-FDEC5600-20260908/raw/preflight-1.log	MATCHED_TRACKED
member	experiments/legacy/exp-step5-softpll-lock/EXP-WRPC-STEP5-STATIC-COARSE-BRACKET-FDEC5600-20260908/raw/EXP-WRPC-STEP5-STATIC-COARSE-BRACKET-FDEC5600-20260908.tar.gz	67a746f52ff52f7f8a6bc5d0b336740c418a38f063d13ba9bc6e7262e30ad720	-	EXACT_DUPLICATE_EXTRACTED	-	-	-	-	-	-	-	-	preflight-2.log	3b085d2a9e727ba98b26394710f17fd66ff765d953dd229ead2764a950a08418	22278	experiments/legacy/exp-step5-softpll-lock/EXP-WRPC-STEP5-STATIC-COARSE-BRACKET-FDEC5600-20260908/raw/preflight-2.log	MATCHED_TRACKED
member	experiments/legacy/exp-step5-softpll-lock/EXP-WRPC-STEP5-STATIC-COARSE-BRACKET-FDEC5600-20260908/raw/EXP-WRPC-STEP5-STATIC-COARSE-BRACKET-FDEC5600-20260908.tar.gz	67a746f52ff52f7f8a6bc5d0b336740c418a38f063d13ba9bc6e7262e30ad720	-	EXACT_DUPLICATE_EXTRACTED	-	-	-	-	-	-	-	-	closed-loop-120s.log	4e04428f24501a34e3e75d299e2aa945cb9cb5c49c4fb857b0d7d004eaf9269c	901191	experiments/legacy/exp-step5-softpll-lock/EXP-WRPC-STEP5-STATIC-COARSE-BRACKET-FDEC5600-20260908/raw/closed-loop-120s.log	MATCHED_TRACKED
archive	experiments/legacy/exp-step5-softpll-lock/EXP-WRPC-STEP5-STATIC-COARSE-BRACKET-FDEC5632-20260908/raw/EXP-WRPC-STEP5-STATIC-COARSE-BRACKET-FDEC5632-20260908.tar.gz	39d2f41456048708344d78c0ec214baf5492563f54cfd6bcb17f27da6a3d7b03	54985	EXACT_DUPLICATE_EXTRACTED	12	12	0	-	-	experiments/legacy/exp-step5-softpll-lock/EXP-WRPC-STEP5-STATIC-COARSE-BRACKET-FDEC5632-20260908/raw/EXP-WRPC-STEP5-STATIC-COARSE-BRACKET-FDEC5632-20260908.tar.gz.sha256	5db9883b6b39c9d5056ad512abf8720e772347fa2364201b6d55c6d57f927925	MATCH	-	-	-	-	-
member	experiments/legacy/exp-step5-softpll-lock/EXP-WRPC-STEP5-STATIC-COARSE-BRACKET-FDEC5632-20260908/raw/EXP-WRPC-STEP5-STATIC-COARSE-BRACKET-FDEC5632-20260908.tar.gz	39d2f41456048708344d78c0ec214baf5492563f54cfd6bcb17f27da6a3d7b03	-	EXACT_DUPLICATE_EXTRACTED	-	-	-	-	-	-	-	-	identity.txt	0279fc14604f4936a801b532ccfd7d10d488199eae07c49180061b431a473453	89	experiments/legacy/exp-step5-softpll-lock/EXP-WRPC-STEP5-STATIC-COARSE-BRACKET-FDEC5632-20260908/raw/identity.txt	MATCHED_TRACKED
member	experiments/legacy/exp-step5-softpll-lock/EXP-WRPC-STEP5-STATIC-COARSE-BRACKET-FDEC5632-20260908/raw/EXP-WRPC-STEP5-STATIC-COARSE-BRACKET-FDEC5632-20260908.tar.gz	39d2f41456048708344d78c0ec214baf5492563f54cfd6bcb17f27da6a3d7b03	-	EXACT_DUPLICATE_EXTRACTED	-	-	-	-	-	-	-	-	simulation.log	b4e34bb0b94dff232174767e134a966af4449549fe3e69fb76c895fc88721166	471	experiments/legacy/exp-step5-softpll-lock/EXP-WRPC-STEP5-STATIC-COARSE-BRACKET-FDEC5632-20260908/raw/simulation.log	MATCHED_TRACKED
member	experiments/legacy/exp-step5-softpll-lock/EXP-WRPC-STEP5-STATIC-COARSE-BRACKET-FDEC5632-20260908/raw/EXP-WRPC-STEP5-STATIC-COARSE-BRACKET-FDEC5632-20260908.tar.gz	39d2f41456048708344d78c0ec214baf5492563f54cfd6bcb17f27da6a3d7b03	-	EXACT_DUPLICATE_EXTRACTED	-	-	-	-	-	-	-	-	firmware-master.log	43586d5cb872720881bf7015a26555f486d34d232a31a6a51e1d07e382c53dca	141	experiments/legacy/exp-step5-softpll-lock/EXP-WRPC-STEP5-STATIC-COARSE-BRACKET-FDEC5632-20260908/raw/firmware-master.log	MATCHED_TRACKED
member	experiments/legacy/exp-step5-softpll-lock/EXP-WRPC-STEP5-STATIC-COARSE-BRACKET-FDEC5632-20260908/raw/EXP-WRPC-STEP5-STATIC-COARSE-BRACKET-FDEC5632-20260908.tar.gz	39d2f41456048708344d78c0ec214baf5492563f54cfd6bcb17f27da6a3d7b03	-	EXACT_DUPLICATE_EXTRACTED	-	-	-	-	-	-	-	-	firmware-slave.log	2beee78581f031aa568169b6fd5e01bcae84d64d4a24bad1745425d1b7a7a8e4	139	experiments/legacy/exp-step5-softpll-lock/EXP-WRPC-STEP5-STATIC-COARSE-BRACKET-FDEC5632-20260908/raw/firmware-slave.log	MATCHED_TRACKED
member	experiments/legacy/exp-step5-softpll-lock/EXP-WRPC-STEP5-STATIC-COARSE-BRACKET-FDEC5632-20260908/raw/EXP-WRPC-STEP5-STATIC-COARSE-BRACKET-FDEC5632-20260908.tar.gz	39d2f41456048708344d78c0ec214baf5492563f54cfd6bcb17f27da6a3d7b03	-	EXACT_DUPLICATE_EXTRACTED	-	-	-	-	-	-	-	-	compile-master.log	852190126b0ac816f52852a5dbd50feb8cd1307ad6979390b0f4608ba6e06d70	217	experiments/legacy/exp-step5-softpll-lock/EXP-WRPC-STEP5-STATIC-COARSE-BRACKET-FDEC5632-20260908/raw/compile-master.log	MATCHED_TRACKED
member	experiments/legacy/exp-step5-softpll-lock/EXP-WRPC-STEP5-STATIC-COARSE-BRACKET-FDEC5632-20260908/raw/EXP-WRPC-STEP5-STATIC-COARSE-BRACKET-FDEC5632-20260908.tar.gz	39d2f41456048708344d78c0ec214baf5492563f54cfd6bcb17f27da6a3d7b03	-	EXACT_DUPLICATE_EXTRACTED	-	-	-	-	-	-	-	-	compile-slave.log	9c66bfdc71157a1fec75c46620ab105ff99bd218acb7464d76a77b6a2040a2bb	214	experiments/legacy/exp-step5-softpll-lock/EXP-WRPC-STEP5-STATIC-COARSE-BRACKET-FDEC5632-20260908/raw/compile-slave.log	MATCHED_TRACKED
member	experiments/legacy/exp-step5-softpll-lock/EXP-WRPC-STEP5-STATIC-COARSE-BRACKET-FDEC5632-20260908/raw/EXP-WRPC-STEP5-STATIC-COARSE-BRACKET-FDEC5632-20260908.tar.gz	39d2f41456048708344d78c0ec214baf5492563f54cfd6bcb17f27da6a3d7b03	-	EXACT_DUPLICATE_EXTRACTED	-	-	-	-	-	-	-	-	sof-sha256.txt	433a88c902996fd6dadab98db587994fc7f09f9b0b8f71cb34e49c491b63e302	468	experiments/legacy/exp-step5-softpll-lock/EXP-WRPC-STEP5-STATIC-COARSE-BRACKET-FDEC5632-20260908/raw/sof-sha256.txt	MATCHED_TRACKED
member	experiments/legacy/exp-step5-softpll-lock/EXP-WRPC-STEP5-STATIC-COARSE-BRACKET-FDEC5632-20260908/raw/EXP-WRPC-STEP5-STATIC-COARSE-BRACKET-FDEC5632-20260908.tar.gz	39d2f41456048708344d78c0ec214baf5492563f54cfd6bcb17f27da6a3d7b03	-	EXACT_DUPLICATE_EXTRACTED	-	-	-	-	-	-	-	-	program-master.log	b7f464fc53d68dbed09551ed9af2fea0acf190529cc8aaf23b4f884620a72014	2368	experiments/legacy/exp-step5-softpll-lock/EXP-WRPC-STEP5-STATIC-COARSE-BRACKET-FDEC5632-20260908/raw/program-master.log	MATCHED_TRACKED
member	experiments/legacy/exp-step5-softpll-lock/EXP-WRPC-STEP5-STATIC-COARSE-BRACKET-FDEC5632-20260908/raw/EXP-WRPC-STEP5-STATIC-COARSE-BRACKET-FDEC5632-20260908.tar.gz	39d2f41456048708344d78c0ec214baf5492563f54cfd6bcb17f27da6a3d7b03	-	EXACT_DUPLICATE_EXTRACTED	-	-	-	-	-	-	-	-	program-slave.log	e48b8ee01872b79f34d472b61d95e526bdfb5274fab8263a20dab59a05d637a0	2364	experiments/legacy/exp-step5-softpll-lock/EXP-WRPC-STEP5-STATIC-COARSE-BRACKET-FDEC5632-20260908/raw/program-slave.log	MATCHED_TRACKED
member	experiments/legacy/exp-step5-softpll-lock/EXP-WRPC-STEP5-STATIC-COARSE-BRACKET-FDEC5632-20260908/raw/EXP-WRPC-STEP5-STATIC-COARSE-BRACKET-FDEC5632-20260908.tar.gz	39d2f41456048708344d78c0ec214baf5492563f54cfd6bcb17f27da6a3d7b03	-	EXACT_DUPLICATE_EXTRACTED	-	-	-	-	-	-	-	-	preflight-1.log	db176c9ea740d7cbbc99f4ab780b118a41e6b777e4f269e60cdee66ef1ba571c	19874	experiments/legacy/exp-step5-softpll-lock/EXP-WRPC-STEP5-STATIC-COARSE-BRACKET-FDEC5632-20260908/raw/preflight-1.log	MATCHED_TRACKED
member	experiments/legacy/exp-step5-softpll-lock/EXP-WRPC-STEP5-STATIC-COARSE-BRACKET-FDEC5632-20260908/raw/EXP-WRPC-STEP5-STATIC-COARSE-BRACKET-FDEC5632-20260908.tar.gz	39d2f41456048708344d78c0ec214baf5492563f54cfd6bcb17f27da6a3d7b03	-	EXACT_DUPLICATE_EXTRACTED	-	-	-	-	-	-	-	-	preflight-2.log	96bfb7a21f5576cb7909a202107da28bffbdc16249a291b010806ab8efe3cd75	22278	experiments/legacy/exp-step5-softpll-lock/EXP-WRPC-STEP5-STATIC-COARSE-BRACKET-FDEC5632-20260908/raw/preflight-2.log	MATCHED_TRACKED
member	experiments/legacy/exp-step5-softpll-lock/EXP-WRPC-STEP5-STATIC-COARSE-BRACKET-FDEC5632-20260908/raw/EXP-WRPC-STEP5-STATIC-COARSE-BRACKET-FDEC5632-20260908.tar.gz	39d2f41456048708344d78c0ec214baf5492563f54cfd6bcb17f27da6a3d7b03	-	EXACT_DUPLICATE_EXTRACTED	-	-	-	-	-	-	-	-	closed-loop-120s.log	4a94cd32c397bcc9a972496a49979e3a6b053557345bfded3f62dd5f3ea550a4	903221	experiments/legacy/exp-step5-softpll-lock/EXP-WRPC-STEP5-STATIC-COARSE-BRACKET-FDEC5632-20260908/raw/closed-loop-120s.log	MATCHED_TRACKED
archive	experiments/legacy/exp-step5-softpll-lock/EXP-WRPC-STEP5-STATIC-COARSE-BRACKET-FDEC6144-20260908/raw/EXP-WRPC-STEP5-STATIC-COARSE-BRACKET-FDEC6144-20260908.tar.gz	8cc63623a1995449c436b94776e11136666e018fe6c9c1dba12ec8c1cc4c04e9	54912	EXACT_DUPLICATE_EXTRACTED	12	12	0	-	-	experiments/legacy/exp-step5-softpll-lock/EXP-WRPC-STEP5-STATIC-COARSE-BRACKET-FDEC6144-20260908/raw/EXP-WRPC-STEP5-STATIC-COARSE-BRACKET-FDEC6144-20260908.tar.gz.sha256	d779bb7190bcdbef788955b3baf3e30d26db7cfffa4825f7587175a384fcfd1b	MATCH	-	-	-	-	-
member	experiments/legacy/exp-step5-softpll-lock/EXP-WRPC-STEP5-STATIC-COARSE-BRACKET-FDEC6144-20260908/raw/EXP-WRPC-STEP5-STATIC-COARSE-BRACKET-FDEC6144-20260908.tar.gz	8cc63623a1995449c436b94776e11136666e018fe6c9c1dba12ec8c1cc4c04e9	-	EXACT_DUPLICATE_EXTRACTED	-	-	-	-	-	-	-	-	identity.txt	83a69791e26b242eb43cff62965144e0b6d8b61f449f8f197d5dbcc373c8ba6b	89	experiments/legacy/exp-step5-softpll-lock/EXP-WRPC-STEP5-STATIC-COARSE-BRACKET-FDEC6144-20260908/raw/identity.txt	MATCHED_TRACKED
member	experiments/legacy/exp-step5-softpll-lock/EXP-WRPC-STEP5-STATIC-COARSE-BRACKET-FDEC6144-20260908/raw/EXP-WRPC-STEP5-STATIC-COARSE-BRACKET-FDEC6144-20260908.tar.gz	8cc63623a1995449c436b94776e11136666e018fe6c9c1dba12ec8c1cc4c04e9	-	EXACT_DUPLICATE_EXTRACTED	-	-	-	-	-	-	-	-	simulation.log	b4e34bb0b94dff232174767e134a966af4449549fe3e69fb76c895fc88721166	471	experiments/legacy/exp-step5-softpll-lock/EXP-WRPC-STEP5-STATIC-COARSE-BRACKET-FDEC6144-20260908/raw/simulation.log	MATCHED_TRACKED
member	experiments/legacy/exp-step5-softpll-lock/EXP-WRPC-STEP5-STATIC-COARSE-BRACKET-FDEC6144-20260908/raw/EXP-WRPC-STEP5-STATIC-COARSE-BRACKET-FDEC6144-20260908.tar.gz	8cc63623a1995449c436b94776e11136666e018fe6c9c1dba12ec8c1cc4c04e9	-	EXACT_DUPLICATE_EXTRACTED	-	-	-	-	-	-	-	-	firmware-master.log	cb2f3fcc6efaa0b6688ab64aab1ef79429f5d0fb5d8ba735ee3c71ca4f10bed5	141	experiments/legacy/exp-step5-softpll-lock/EXP-WRPC-STEP5-STATIC-COARSE-BRACKET-FDEC6144-20260908/raw/firmware-master.log	MATCHED_TRACKED
member	experiments/legacy/exp-step5-softpll-lock/EXP-WRPC-STEP5-STATIC-COARSE-BRACKET-FDEC6144-20260908/raw/EXP-WRPC-STEP5-STATIC-COARSE-BRACKET-FDEC6144-20260908.tar.gz	8cc63623a1995449c436b94776e11136666e018fe6c9c1dba12ec8c1cc4c04e9	-	EXACT_DUPLICATE_EXTRACTED	-	-	-	-	-	-	-	-	firmware-slave.log	4d8a20604f1c8a97d14115a8f4c883bf75317bf386ca80361976bce4a5f68494	139	experiments/legacy/exp-step5-softpll-lock/EXP-WRPC-STEP5-STATIC-COARSE-BRACKET-FDEC6144-20260908/raw/firmware-slave.log	MATCHED_TRACKED
member	experiments/legacy/exp-step5-softpll-lock/EXP-WRPC-STEP5-STATIC-COARSE-BRACKET-FDEC6144-20260908/raw/EXP-WRPC-STEP5-STATIC-COARSE-BRACKET-FDEC6144-20260908.tar.gz	8cc63623a1995449c436b94776e11136666e018fe6c9c1dba12ec8c1cc4c04e9	-	EXACT_DUPLICATE_EXTRACTED	-	-	-	-	-	-	-	-	compile-master.log	20b37a18bc02984cae2455778457d9312e13fa51da20bc58ee0fc8e277626171	217	experiments/legacy/exp-step5-softpll-lock/EXP-WRPC-STEP5-STATIC-COARSE-BRACKET-FDEC6144-20260908/raw/compile-master.log	MATCHED_TRACKED
member	experiments/legacy/exp-step5-softpll-lock/EXP-WRPC-STEP5-STATIC-COARSE-BRACKET-FDEC6144-20260908/raw/EXP-WRPC-STEP5-STATIC-COARSE-BRACKET-FDEC6144-20260908.tar.gz	8cc63623a1995449c436b94776e11136666e018fe6c9c1dba12ec8c1cc4c04e9	-	EXACT_DUPLICATE_EXTRACTED	-	-	-	-	-	-	-	-	compile-slave.log	3977dded443b5372123d5138452329b60e4814da3237ac2e76d3cc651a324096	214	experiments/legacy/exp-step5-softpll-lock/EXP-WRPC-STEP5-STATIC-COARSE-BRACKET-FDEC6144-20260908/raw/compile-slave.log	MATCHED_TRACKED
member	experiments/legacy/exp-step5-softpll-lock/EXP-WRPC-STEP5-STATIC-COARSE-BRACKET-FDEC6144-20260908/raw/EXP-WRPC-STEP5-STATIC-COARSE-BRACKET-FDEC6144-20260908.tar.gz	8cc63623a1995449c436b94776e11136666e018fe6c9c1dba12ec8c1cc4c04e9	-	EXACT_DUPLICATE_EXTRACTED	-	-	-	-	-	-	-	-	sof-sha256.txt	68e818a3df19f431c99261a25538e6bcdb1f5858301db5d3cb7cfa9a6157fb72	468	experiments/legacy/exp-step5-softpll-lock/EXP-WRPC-STEP5-STATIC-COARSE-BRACKET-FDEC6144-20260908/raw/sof-sha256.txt	MATCHED_TRACKED
member	experiments/legacy/exp-step5-softpll-lock/EXP-WRPC-STEP5-STATIC-COARSE-BRACKET-FDEC6144-20260908/raw/EXP-WRPC-STEP5-STATIC-COARSE-BRACKET-FDEC6144-20260908.tar.gz	8cc63623a1995449c436b94776e11136666e018fe6c9c1dba12ec8c1cc4c04e9	-	EXACT_DUPLICATE_EXTRACTED	-	-	-	-	-	-	-	-	program-master.log	b139f31b77d511a17792ff9ba4088850e32dd421aac497cacd0beb8eb11fde5a	2370	experiments/legacy/exp-step5-softpll-lock/EXP-WRPC-STEP5-STATIC-COARSE-BRACKET-FDEC6144-20260908/raw/program-master.log	MATCHED_TRACKED
member	experiments/legacy/exp-step5-softpll-lock/EXP-WRPC-STEP5-STATIC-COARSE-BRACKET-FDEC6144-20260908/raw/EXP-WRPC-STEP5-STATIC-COARSE-BRACKET-FDEC6144-20260908.tar.gz	8cc63623a1995449c436b94776e11136666e018fe6c9c1dba12ec8c1cc4c04e9	-	EXACT_DUPLICATE_EXTRACTED	-	-	-	-	-	-	-	-	program-slave.log	08c3b9160d9ff0e1b0b37d107ddd482a338939b67f6b1cc0ace80593630bcfce	2366	experiments/legacy/exp-step5-softpll-lock/EXP-WRPC-STEP5-STATIC-COARSE-BRACKET-FDEC6144-20260908/raw/program-slave.log	MATCHED_TRACKED
member	experiments/legacy/exp-step5-softpll-lock/EXP-WRPC-STEP5-STATIC-COARSE-BRACKET-FDEC6144-20260908/raw/EXP-WRPC-STEP5-STATIC-COARSE-BRACKET-FDEC6144-20260908.tar.gz	8cc63623a1995449c436b94776e11136666e018fe6c9c1dba12ec8c1cc4c04e9	-	EXACT_DUPLICATE_EXTRACTED	-	-	-	-	-	-	-	-	preflight-1.log	e8297524fb5fb81661f0b8b71d971b32530abcc5a35064d4cb9cd1e852773cae	19878	experiments/legacy/exp-step5-softpll-lock/EXP-WRPC-STEP5-STATIC-COARSE-BRACKET-FDEC6144-20260908/raw/preflight-1.log	MATCHED_TRACKED
member	experiments/legacy/exp-step5-softpll-lock/EXP-WRPC-STEP5-STATIC-COARSE-BRACKET-FDEC6144-20260908/raw/EXP-WRPC-STEP5-STATIC-COARSE-BRACKET-FDEC6144-20260908.tar.gz	8cc63623a1995449c436b94776e11136666e018fe6c9c1dba12ec8c1cc4c04e9	-	EXACT_DUPLICATE_EXTRACTED	-	-	-	-	-	-	-	-	preflight-2.log	e26fc9dd270f6e492ac34c0e54f82ebec09d42330a075b1fbbb7e997952277e8	22280	experiments/legacy/exp-step5-softpll-lock/EXP-WRPC-STEP5-STATIC-COARSE-BRACKET-FDEC6144-20260908/raw/preflight-2.log	MATCHED_TRACKED
member	experiments/legacy/exp-step5-softpll-lock/EXP-WRPC-STEP5-STATIC-COARSE-BRACKET-FDEC6144-20260908/raw/EXP-WRPC-STEP5-STATIC-COARSE-BRACKET-FDEC6144-20260908.tar.gz	8cc63623a1995449c436b94776e11136666e018fe6c9c1dba12ec8c1cc4c04e9	-	EXACT_DUPLICATE_EXTRACTED	-	-	-	-	-	-	-	-	closed-loop-120s.log	2c75558a5c403ab16fe151107a543509d0355af92b45af1a3a06c02ecbcf16ff	901309	experiments/legacy/exp-step5-softpll-lock/EXP-WRPC-STEP5-STATIC-COARSE-BRACKET-FDEC6144-20260908/raw/closed-loop-120s.log	MATCHED_TRACKED
archive	experiments/legacy/exp-step5-softpll-lock/EXP-WRPC-STEP5-STATIC-COARSE-BRACKET-FDEC8192-20260908/raw/EXP-WRPC-STEP5-STATIC-COARSE-BRACKET-FDEC8192-20260908.tar.gz	1e5d82999f5072eb9c424dce849087644e254841e66d7f75fd0c024ee641540a	55563	EXACT_DUPLICATE_EXTRACTED	12	12	0	-	-	experiments/legacy/exp-step5-softpll-lock/EXP-WRPC-STEP5-STATIC-COARSE-BRACKET-FDEC8192-20260908/raw/EXP-WRPC-STEP5-STATIC-COARSE-BRACKET-FDEC8192-20260908.tar.gz.sha256	1dba5b34ea6d5b045ed31205d381c72fb2e5fec482b16934551232c7943d7189	MATCH	-	-	-	-	-
member	experiments/legacy/exp-step5-softpll-lock/EXP-WRPC-STEP5-STATIC-COARSE-BRACKET-FDEC8192-20260908/raw/EXP-WRPC-STEP5-STATIC-COARSE-BRACKET-FDEC8192-20260908.tar.gz	1e5d82999f5072eb9c424dce849087644e254841e66d7f75fd0c024ee641540a	-	EXACT_DUPLICATE_EXTRACTED	-	-	-	-	-	-	-	-	identity.txt	50e51c135ee7f326fbdfb6cc8373dd69f11bcc8af4b4f6faafaed005ccff4592	89	experiments/legacy/exp-step5-softpll-lock/EXP-WRPC-STEP5-STATIC-COARSE-BRACKET-FDEC8192-20260908/raw/identity.txt	MATCHED_TRACKED
member	experiments/legacy/exp-step5-softpll-lock/EXP-WRPC-STEP5-STATIC-COARSE-BRACKET-FDEC8192-20260908/raw/EXP-WRPC-STEP5-STATIC-COARSE-BRACKET-FDEC8192-20260908.tar.gz	1e5d82999f5072eb9c424dce849087644e254841e66d7f75fd0c024ee641540a	-	EXACT_DUPLICATE_EXTRACTED	-	-	-	-	-	-	-	-	simulation.log	b4e34bb0b94dff232174767e134a966af4449549fe3e69fb76c895fc88721166	471	experiments/legacy/exp-step5-softpll-lock/EXP-WRPC-STEP5-STATIC-COARSE-BRACKET-FDEC8192-20260908/raw/simulation.log	MATCHED_TRACKED
member	experiments/legacy/exp-step5-softpll-lock/EXP-WRPC-STEP5-STATIC-COARSE-BRACKET-FDEC8192-20260908/raw/EXP-WRPC-STEP5-STATIC-COARSE-BRACKET-FDEC8192-20260908.tar.gz	1e5d82999f5072eb9c424dce849087644e254841e66d7f75fd0c024ee641540a	-	EXACT_DUPLICATE_EXTRACTED	-	-	-	-	-	-	-	-	firmware-master.log	250e1d287bb2493bee72a21deefbe157d391d03959918c17a79be0d94555ebed	141	experiments/legacy/exp-step5-softpll-lock/EXP-WRPC-STEP5-STATIC-COARSE-BRACKET-FDEC8192-20260908/raw/firmware-master.log	MATCHED_TRACKED
member	experiments/legacy/exp-step5-softpll-lock/EXP-WRPC-STEP5-STATIC-COARSE-BRACKET-FDEC8192-20260908/raw/EXP-WRPC-STEP5-STATIC-COARSE-BRACKET-FDEC8192-20260908.tar.gz	1e5d82999f5072eb9c424dce849087644e254841e66d7f75fd0c024ee641540a	-	EXACT_DUPLICATE_EXTRACTED	-	-	-	-	-	-	-	-	firmware-slave.log	eba3c0290e1719db472cc1c5b55136cd05f6dee92808b6a0b4a4906fdaa6aa4f	139	experiments/legacy/exp-step5-softpll-lock/EXP-WRPC-STEP5-STATIC-COARSE-BRACKET-FDEC8192-20260908/raw/firmware-slave.log	MATCHED_TRACKED
member	experiments/legacy/exp-step5-softpll-lock/EXP-WRPC-STEP5-STATIC-COARSE-BRACKET-FDEC8192-20260908/raw/EXP-WRPC-STEP5-STATIC-COARSE-BRACKET-FDEC8192-20260908.tar.gz	1e5d82999f5072eb9c424dce849087644e254841e66d7f75fd0c024ee641540a	-	EXACT_DUPLICATE_EXTRACTED	-	-	-	-	-	-	-	-	compile-master.log	dca1af9e2d5c323ff084121ee41813d1cf143ffa3e2cd89a89cbcf742712845f	217	experiments/legacy/exp-step5-softpll-lock/EXP-WRPC-STEP5-STATIC-COARSE-BRACKET-FDEC8192-20260908/raw/compile-master.log	MATCHED_TRACKED
member	experiments/legacy/exp-step5-softpll-lock/EXP-WRPC-STEP5-STATIC-COARSE-BRACKET-FDEC8192-20260908/raw/EXP-WRPC-STEP5-STATIC-COARSE-BRACKET-FDEC8192-20260908.tar.gz	1e5d82999f5072eb9c424dce849087644e254841e66d7f75fd0c024ee641540a	-	EXACT_DUPLICATE_EXTRACTED	-	-	-	-	-	-	-	-	compile-slave.log	4987a30a94b83749da16b1a25e4321f4f62253f7e60ce04b7e9e1ac0eb49acd5	214	experiments/legacy/exp-step5-softpll-lock/EXP-WRPC-STEP5-STATIC-COARSE-BRACKET-FDEC8192-20260908/raw/compile-slave.log	MATCHED_TRACKED
member	experiments/legacy/exp-step5-softpll-lock/EXP-WRPC-STEP5-STATIC-COARSE-BRACKET-FDEC8192-20260908/raw/EXP-WRPC-STEP5-STATIC-COARSE-BRACKET-FDEC8192-20260908.tar.gz	1e5d82999f5072eb9c424dce849087644e254841e66d7f75fd0c024ee641540a	-	EXACT_DUPLICATE_EXTRACTED	-	-	-	-	-	-	-	-	sof-sha256.txt	654418f674ad52875b7d6deca114ccb0940c8190a6c899506d1690445602d41e	468	experiments/legacy/exp-step5-softpll-lock/EXP-WRPC-STEP5-STATIC-COARSE-BRACKET-FDEC8192-20260908/raw/sof-sha256.txt	MATCHED_TRACKED
member	experiments/legacy/exp-step5-softpll-lock/EXP-WRPC-STEP5-STATIC-COARSE-BRACKET-FDEC8192-20260908/raw/EXP-WRPC-STEP5-STATIC-COARSE-BRACKET-FDEC8192-20260908.tar.gz	1e5d82999f5072eb9c424dce849087644e254841e66d7f75fd0c024ee641540a	-	EXACT_DUPLICATE_EXTRACTED	-	-	-	-	-	-	-	-	program-master.log	c5b027ebaa65e233f31b99ff4e85ea5466a1a3be7828f150cbcf10846e88271c	2370	experiments/legacy/exp-step5-softpll-lock/EXP-WRPC-STEP5-STATIC-COARSE-BRACKET-FDEC8192-20260908/raw/program-master.log	MATCHED_TRACKED
member	experiments/legacy/exp-step5-softpll-lock/EXP-WRPC-STEP5-STATIC-COARSE-BRACKET-FDEC8192-20260908/raw/EXP-WRPC-STEP5-STATIC-COARSE-BRACKET-FDEC8192-20260908.tar.gz	1e5d82999f5072eb9c424dce849087644e254841e66d7f75fd0c024ee641540a	-	EXACT_DUPLICATE_EXTRACTED	-	-	-	-	-	-	-	-	program-slave.log	65f96217ca82626bbb22358678ae249a41a996e557df9c823c7949cc130f0c67	2366	experiments/legacy/exp-step5-softpll-lock/EXP-WRPC-STEP5-STATIC-COARSE-BRACKET-FDEC8192-20260908/raw/program-slave.log	MATCHED_TRACKED
member	experiments/legacy/exp-step5-softpll-lock/EXP-WRPC-STEP5-STATIC-COARSE-BRACKET-FDEC8192-20260908/raw/EXP-WRPC-STEP5-STATIC-COARSE-BRACKET-FDEC8192-20260908.tar.gz	1e5d82999f5072eb9c424dce849087644e254841e66d7f75fd0c024ee641540a	-	EXACT_DUPLICATE_EXTRACTED	-	-	-	-	-	-	-	-	preflight-1.log	1d1250b91276ff52139f68f915c7061fbfffcc990ae8ab0a3a7d365fda67241f	19878	experiments/legacy/exp-step5-softpll-lock/EXP-WRPC-STEP5-STATIC-COARSE-BRACKET-FDEC8192-20260908/raw/preflight-1.log	MATCHED_TRACKED
member	experiments/legacy/exp-step5-softpll-lock/EXP-WRPC-STEP5-STATIC-COARSE-BRACKET-FDEC8192-20260908/raw/EXP-WRPC-STEP5-STATIC-COARSE-BRACKET-FDEC8192-20260908.tar.gz	1e5d82999f5072eb9c424dce849087644e254841e66d7f75fd0c024ee641540a	-	EXACT_DUPLICATE_EXTRACTED	-	-	-	-	-	-	-	-	preflight-2.log	defe5858884be7012acf9c12b0ddec399747b3e142405cd1efa89b6ccc88627a	22280	experiments/legacy/exp-step5-softpll-lock/EXP-WRPC-STEP5-STATIC-COARSE-BRACKET-FDEC8192-20260908/raw/preflight-2.log	MATCHED_TRACKED
member	experiments/legacy/exp-step5-softpll-lock/EXP-WRPC-STEP5-STATIC-COARSE-BRACKET-FDEC8192-20260908/raw/EXP-WRPC-STEP5-STATIC-COARSE-BRACKET-FDEC8192-20260908.tar.gz	1e5d82999f5072eb9c424dce849087644e254841e66d7f75fd0c024ee641540a	-	EXACT_DUPLICATE_EXTRACTED	-	-	-	-	-	-	-	-	closed-loop-120s.log	77d09d7689d7bdefc8feae2dd95bc84ae9a67cea0dfca2eeb3ab15d11c292313	898117	experiments/legacy/exp-step5-softpll-lock/EXP-WRPC-STEP5-STATIC-COARSE-BRACKET-FDEC8192-20260908/raw/closed-loop-120s.log	MATCHED_TRACKED
archive	experiments/legacy/exp-step5-softpll-lock/EXP-WRPC-STEP5-STATIC-COARSE-FORWARD-4096-20260908/raw/EXP-WRPC-STEP5-STATIC-COARSE-FORWARD-4096-20260908.tar.gz	101ed0dd90ff43d0f75e46bdde5104c858395482aea0fa5540570690f31f42a4	31661	EXACT_DUPLICATE_EXTRACTED	25	25	0	-	-	experiments/legacy/exp-step5-softpll-lock/EXP-WRPC-STEP5-STATIC-COARSE-FORWARD-4096-20260908/raw/EXP-WRPC-STEP5-STATIC-COARSE-FORWARD-4096-20260908.tar.gz.sha256	676e54cfdade2f1db9bf9a66d51ffbf729c8996bd56a1d9b67f7d04843c19646	MATCH	-	-	-	-	-
member	experiments/legacy/exp-step5-softpll-lock/EXP-WRPC-STEP5-STATIC-COARSE-FORWARD-4096-20260908/raw/EXP-WRPC-STEP5-STATIC-COARSE-FORWARD-4096-20260908.tar.gz	101ed0dd90ff43d0f75e46bdde5104c858395482aea0fa5540570690f31f42a4	-	EXACT_DUPLICATE_EXTRACTED	-	-	-	-	-	-	-	-	artifacts/EXP-WRPC-STEP5-STATIC-COARSE-FORWARD-4096-20260908/source-commit.txt	279036ae6e9a2095b14751263ff815d0cd130f61b08e4b1747826e49bf621ff2	41	experiments/legacy/exp-step5-softpll-lock/EXP-WRPC-STEP5-STATIC-COARSE-FORWARD-4096-20260908/raw/source-commit.txt	MATCHED_TRACKED
member	experiments/legacy/exp-step5-softpll-lock/EXP-WRPC-STEP5-STATIC-COARSE-FORWARD-4096-20260908/raw/EXP-WRPC-STEP5-STATIC-COARSE-FORWARD-4096-20260908.tar.gz	101ed0dd90ff43d0f75e46bdde5104c858395482aea0fa5540570690f31f42a4	-	EXACT_DUPLICATE_EXTRACTED	-	-	-	-	-	-	-	-	artifacts/EXP-WRPC-STEP5-STATIC-COARSE-FORWARD-4096-20260908/remote-status-before.txt	745d7b828faaa31d5cf127591fd703414829cc36cdc30fd5c4ce3741216aece2	28660	experiments/legacy/exp-step5-softpll-lock/EXP-WRPC-STEP5-STATIC-COARSE-FORWARD-4096-20260908/raw/remote-status-before.txt	MATCHED_TRACKED
member	experiments/legacy/exp-step5-softpll-lock/EXP-WRPC-STEP5-STATIC-COARSE-FORWARD-4096-20260908/raw/EXP-WRPC-STEP5-STATIC-COARSE-FORWARD-4096-20260908.tar.gz	101ed0dd90ff43d0f75e46bdde5104c858395482aea0fa5540570690f31f42a4	-	EXACT_DUPLICATE_EXTRACTED	-	-	-	-	-	-	-	-	artifacts/EXP-WRPC-STEP5-STATIC-COARSE-FORWARD-4096-20260908/compile-master.log	9cc66bc519bc1c14bb5e962086c32c41911484bbae6a83e0b9768bb97fd0763e	145	experiments/legacy/exp-step5-softpll-lock/EXP-WRPC-STEP5-STATIC-COARSE-FORWARD-4096-20260908/raw/compile-master.log	MATCHED_TRACKED
member	experiments/legacy/exp-step5-softpll-lock/EXP-WRPC-STEP5-STATIC-COARSE-FORWARD-4096-20260908/raw/EXP-WRPC-STEP5-STATIC-COARSE-FORWARD-4096-20260908.tar.gz	101ed0dd90ff43d0f75e46bdde5104c858395482aea0fa5540570690f31f42a4	-	EXACT_DUPLICATE_EXTRACTED	-	-	-	-	-	-	-	-	artifacts/EXP-WRPC-STEP5-STATIC-COARSE-FORWARD-4096-20260908/compile-master.rc	0d796499fd456efcd44fa7c11c191de8feb617a3b02f912edc6fb8b984c3646a	18	experiments/legacy/exp-step5-softpll-lock/EXP-WRPC-STEP5-STATIC-COARSE-FORWARD-4096-20260908/raw/compile-master.rc	MATCHED_TRACKED
member	experiments/legacy/exp-step5-softpll-lock/EXP-WRPC-STEP5-STATIC-COARSE-FORWARD-4096-20260908/raw/EXP-WRPC-STEP5-STATIC-COARSE-FORWARD-4096-20260908.tar.gz	101ed0dd90ff43d0f75e46bdde5104c858395482aea0fa5540570690f31f42a4	-	EXACT_DUPLICATE_EXTRACTED	-	-	-	-	-	-	-	-	artifacts/EXP-WRPC-STEP5-STATIC-COARSE-FORWARD-4096-20260908/compile-slave.log	3465f7ad831a53ed79b72b9654ce17ca538920826a555868a319e7ffb4d5b721	142	experiments/legacy/exp-step5-softpll-lock/EXP-WRPC-STEP5-STATIC-COARSE-FORWARD-4096-20260908/raw/compile-slave.log	MATCHED_TRACKED
member	experiments/legacy/exp-step5-softpll-lock/EXP-WRPC-STEP5-STATIC-COARSE-FORWARD-4096-20260908/raw/EXP-WRPC-STEP5-STATIC-COARSE-FORWARD-4096-20260908.tar.gz	101ed0dd90ff43d0f75e46bdde5104c858395482aea0fa5540570690f31f42a4	-	EXACT_DUPLICATE_EXTRACTED	-	-	-	-	-	-	-	-	artifacts/EXP-WRPC-STEP5-STATIC-COARSE-FORWARD-4096-20260908/compile-slave.rc	7834c04b2c2a9139935be7555bc47919540ef623bb0e2d31db2127a8d98d3860	17	experiments/legacy/exp-step5-softpll-lock/EXP-WRPC-STEP5-STATIC-COARSE-FORWARD-4096-20260908/raw/compile-slave.rc	MATCHED_TRACKED
member	experiments/legacy/exp-step5-softpll-lock/EXP-WRPC-STEP5-STATIC-COARSE-FORWARD-4096-20260908/raw/EXP-WRPC-STEP5-STATIC-COARSE-FORWARD-4096-20260908.tar.gz	101ed0dd90ff43d0f75e46bdde5104c858395482aea0fa5540570690f31f42a4	-	EXACT_DUPLICATE_EXTRACTED	-	-	-	-	-	-	-	-	artifacts/EXP-WRPC-STEP5-STATIC-COARSE-FORWARD-4096-20260908/sof-sha256.txt	464380c9c1f452f98be8f574425755bf684ad8672640db35184e0c9ff07d9735	315	experiments/legacy/exp-step5-softpll-lock/EXP-WRPC-STEP5-STATIC-COARSE-FORWARD-4096-20260908/raw/sof-sha256.txt	MATCHED_TRACKED
member	experiments/legacy/exp-step5-softpll-lock/EXP-WRPC-STEP5-STATIC-COARSE-FORWARD-4096-20260908/raw/EXP-WRPC-STEP5-STATIC-COARSE-FORWARD-4096-20260908.tar.gz	101ed0dd90ff43d0f75e46bdde5104c858395482aea0fa5540570690f31f42a4	-	EXACT_DUPLICATE_EXTRACTED	-	-	-	-	-	-	-	-	artifacts/EXP-WRPC-STEP5-STATIC-COARSE-FORWARD-4096-20260908/program-master.log	03c153a4404a0341a1863f5ccc729049199ac22a626d5fbf841d4ae563c529e8	2194	experiments/legacy/exp-step5-softpll-lock/EXP-WRPC-STEP5-STATIC-COARSE-FORWARD-4096-20260908/raw/program-master.log	MATCHED_TRACKED
member	experiments/legacy/exp-step5-softpll-lock/EXP-WRPC-STEP5-STATIC-COARSE-FORWARD-4096-20260908/raw/EXP-WRPC-STEP5-STATIC-COARSE-FORWARD-4096-20260908.tar.gz	101ed0dd90ff43d0f75e46bdde5104c858395482aea0fa5540570690f31f42a4	-	EXACT_DUPLICATE_EXTRACTED	-	-	-	-	-	-	-	-	artifacts/EXP-WRPC-STEP5-STATIC-COARSE-FORWARD-4096-20260908/program-master.rc	29b0ae331779036363ea5d1ca9c5605fc8eef03b7b4ba66c800a18b7e87c4058	20	experiments/legacy/exp-step5-softpll-lock/EXP-WRPC-STEP5-STATIC-COARSE-FORWARD-4096-20260908/raw/program-master.rc	MATCHED_TRACKED
member	experiments/legacy/exp-step5-softpll-lock/EXP-WRPC-STEP5-STATIC-COARSE-FORWARD-4096-20260908/raw/EXP-WRPC-STEP5-STATIC-COARSE-FORWARD-4096-20260908.tar.gz	101ed0dd90ff43d0f75e46bdde5104c858395482aea0fa5540570690f31f42a4	-	EXACT_DUPLICATE_EXTRACTED	-	-	-	-	-	-	-	-	artifacts/EXP-WRPC-STEP5-STATIC-COARSE-FORWARD-4096-20260908/program-slave.log	c2909ae0f9a82df9349a0c748d8186e780edf3a5b9ac1b9572198f7a8acb798e	2190	experiments/legacy/exp-step5-softpll-lock/EXP-WRPC-STEP5-STATIC-COARSE-FORWARD-4096-20260908/raw/program-slave.log	MATCHED_TRACKED
member	experiments/legacy/exp-step5-softpll-lock/EXP-WRPC-STEP5-STATIC-COARSE-FORWARD-4096-20260908/raw/EXP-WRPC-STEP5-STATIC-COARSE-FORWARD-4096-20260908.tar.gz	101ed0dd90ff43d0f75e46bdde5104c858395482aea0fa5540570690f31f42a4	-	EXACT_DUPLICATE_EXTRACTED	-	-	-	-	-	-	-	-	artifacts/EXP-WRPC-STEP5-STATIC-COARSE-FORWARD-4096-20260908/program-slave.rc	fe1c00cbea3777ee7617f1cd07ddccb2fabaef8d1b3d5c6db2a8f675e2303ecd	19	experiments/legacy/exp-step5-softpll-lock/EXP-WRPC-STEP5-STATIC-COARSE-FORWARD-4096-20260908/raw/program-slave.rc	MATCHED_TRACKED
member	experiments/legacy/exp-step5-softpll-lock/EXP-WRPC-STEP5-STATIC-COARSE-FORWARD-4096-20260908/raw/EXP-WRPC-STEP5-STATIC-COARSE-FORWARD-4096-20260908.tar.gz	101ed0dd90ff43d0f75e46bdde5104c858395482aea0fa5540570690f31f42a4	-	EXACT_DUPLICATE_EXTRACTED	-	-	-	-	-	-	-	-	artifacts/EXP-WRPC-STEP5-STATIC-COARSE-FORWARD-4096-20260908/preflight-1.log	bf300bdccd9c4034014d31b2add7673028c2d1d211a470582929958f0a42dd10	19667	experiments/legacy/exp-step5-softpll-lock/EXP-WRPC-STEP5-STATIC-COARSE-FORWARD-4096-20260908/raw/preflight-1.log	MATCHED_TRACKED
member	experiments/legacy/exp-step5-softpll-lock/EXP-WRPC-STEP5-STATIC-COARSE-FORWARD-4096-20260908/raw/EXP-WRPC-STEP5-STATIC-COARSE-FORWARD-4096-20260908.tar.gz	101ed0dd90ff43d0f75e46bdde5104c858395482aea0fa5540570690f31f42a4	-	EXACT_DUPLICATE_EXTRACTED	-	-	-	-	-	-	-	-	artifacts/EXP-WRPC-STEP5-STATIC-COARSE-FORWARD-4096-20260908/preflight-1.rc	709554620d3aed204bc81cba9774285eead7b6b639116ee1aa2a500317a90037	17	experiments/legacy/exp-step5-softpll-lock/EXP-WRPC-STEP5-STATIC-COARSE-FORWARD-4096-20260908/raw/preflight-1.rc	MATCHED_TRACKED
member	experiments/legacy/exp-step5-softpll-lock/EXP-WRPC-STEP5-STATIC-COARSE-FORWARD-4096-20260908/raw/EXP-WRPC-STEP5-STATIC-COARSE-FORWARD-4096-20260908.tar.gz	101ed0dd90ff43d0f75e46bdde5104c858395482aea0fa5540570690f31f42a4	-	EXACT_DUPLICATE_EXTRACTED	-	-	-	-	-	-	-	-	artifacts/EXP-WRPC-STEP5-STATIC-COARSE-FORWARD-4096-20260908/preflight-2.log	2bdd71533882538d264a78c2e775c377d90da3ee95b4910f947f9f64b8d38fe5	19672	experiments/legacy/exp-step5-softpll-lock/EXP-WRPC-STEP5-STATIC-COARSE-FORWARD-4096-20260908/raw/preflight-2.log	MATCHED_TRACKED
member	experiments/legacy/exp-step5-softpll-lock/EXP-WRPC-STEP5-STATIC-COARSE-FORWARD-4096-20260908/raw/EXP-WRPC-STEP5-STATIC-COARSE-FORWARD-4096-20260908.tar.gz	101ed0dd90ff43d0f75e46bdde5104c858395482aea0fa5540570690f31f42a4	-	EXACT_DUPLICATE_EXTRACTED	-	-	-	-	-	-	-	-	artifacts/EXP-WRPC-STEP5-STATIC-COARSE-FORWARD-4096-20260908/preflight-2.rc	c11668063949ff631e4aff018de2548a93b914370e8b9d8e8d4974257a291c24	17	experiments/legacy/exp-step5-softpll-lock/EXP-WRPC-STEP5-STATIC-COARSE-FORWARD-4096-20260908/raw/preflight-2.rc	MATCHED_TRACKED
member	experiments/legacy/exp-step5-softpll-lock/EXP-WRPC-STEP5-STATIC-COARSE-FORWARD-4096-20260908/raw/EXP-WRPC-STEP5-STATIC-COARSE-FORWARD-4096-20260908.tar.gz	101ed0dd90ff43d0f75e46bdde5104c858395482aea0fa5540570690f31f42a4	-	EXACT_DUPLICATE_EXTRACTED	-	-	-	-	-	-	-	-	artifacts/EXP-WRPC-STEP5-STATIC-COARSE-FORWARD-4096-20260908/recovery-program-master.log	204a9ae4a8004201fba675e94da6de325d7853a00aade9fa070426778b6afe47	2194	experiments/legacy/exp-step5-softpll-lock/EXP-WRPC-STEP5-STATIC-COARSE-FORWARD-4096-20260908/raw/recovery-program-master.log	MATCHED_TRACKED
member	experiments/legacy/exp-step5-softpll-lock/EXP-WRPC-STEP5-STATIC-COARSE-FORWARD-4096-20260908/raw/EXP-WRPC-STEP5-STATIC-COARSE-FORWARD-4096-20260908.tar.gz	101ed0dd90ff43d0f75e46bdde5104c858395482aea0fa5540570690f31f42a4	-	EXACT_DUPLICATE_EXTRACTED	-	-	-	-	-	-	-	-	artifacts/EXP-WRPC-STEP5-STATIC-COARSE-FORWARD-4096-20260908/recovery-program-master.rc	9b67c614f50593dd38875d20baadece3abde3436ba63a4bc200cde4caf6d663a	29	experiments/legacy/exp-step5-softpll-lock/EXP-WRPC-STEP5-STATIC-COARSE-FORWARD-4096-20260908/raw/recovery-program-master.rc	MATCHED_TRACKED
member	experiments/legacy/exp-step5-softpll-lock/EXP-WRPC-STEP5-STATIC-COARSE-FORWARD-4096-20260908/raw/EXP-WRPC-STEP5-STATIC-COARSE-FORWARD-4096-20260908.tar.gz	101ed0dd90ff43d0f75e46bdde5104c858395482aea0fa5540570690f31f42a4	-	EXACT_DUPLICATE_EXTRACTED	-	-	-	-	-	-	-	-	artifacts/EXP-WRPC-STEP5-STATIC-COARSE-FORWARD-4096-20260908/recovery-program-slave.log	d86e317310f417ccbc0effdf42dd1e12bd66d501b34b679ff14bc479f0703f23	2190	experiments/legacy/exp-step5-softpll-lock/EXP-WRPC-STEP5-STATIC-COARSE-FORWARD-4096-20260908/raw/recovery-program-slave.log	MATCHED_TRACKED
member	experiments/legacy/exp-step5-softpll-lock/EXP-WRPC-STEP5-STATIC-COARSE-FORWARD-4096-20260908/raw/EXP-WRPC-STEP5-STATIC-COARSE-FORWARD-4096-20260908.tar.gz	101ed0dd90ff43d0f75e46bdde5104c858395482aea0fa5540570690f31f42a4	-	EXACT_DUPLICATE_EXTRACTED	-	-	-	-	-	-	-	-	artifacts/EXP-WRPC-STEP5-STATIC-COARSE-FORWARD-4096-20260908/recovery-program-slave.rc	d841c96a62fd4465367849f5992150b933be1d4489ba1b75dedc45a2f8a4f6ba	28	experiments/legacy/exp-step5-softpll-lock/EXP-WRPC-STEP5-STATIC-COARSE-FORWARD-4096-20260908/raw/recovery-program-slave.rc	MATCHED_TRACKED
member	experiments/legacy/exp-step5-softpll-lock/EXP-WRPC-STEP5-STATIC-COARSE-FORWARD-4096-20260908/raw/EXP-WRPC-STEP5-STATIC-COARSE-FORWARD-4096-20260908.tar.gz	101ed0dd90ff43d0f75e46bdde5104c858395482aea0fa5540570690f31f42a4	-	EXACT_DUPLICATE_EXTRACTED	-	-	-	-	-	-	-	-	artifacts/EXP-WRPC-STEP5-STATIC-COARSE-FORWARD-4096-20260908/preflight-3.log	7d67ba0f0774845c79578c6ce87998bdffe248adb3630d48afb84a9fc5fec889	19662	experiments/legacy/exp-step5-softpll-lock/EXP-WRPC-STEP5-STATIC-COARSE-FORWARD-4096-20260908/raw/preflight-3.log	MATCHED_TRACKED
member	experiments/legacy/exp-step5-softpll-lock/EXP-WRPC-STEP5-STATIC-COARSE-FORWARD-4096-20260908/raw/EXP-WRPC-STEP5-STATIC-COARSE-FORWARD-4096-20260908.tar.gz	101ed0dd90ff43d0f75e46bdde5104c858395482aea0fa5540570690f31f42a4	-	EXACT_DUPLICATE_EXTRACTED	-	-	-	-	-	-	-	-	artifacts/EXP-WRPC-STEP5-STATIC-COARSE-FORWARD-4096-20260908/preflight-3.rc	ef18ecf33ffd72b6056a68da70daa5d6987795aee13c1e48cc4b03cbf0ab8f40	17	experiments/legacy/exp-step5-softpll-lock/EXP-WRPC-STEP5-STATIC-COARSE-FORWARD-4096-20260908/raw/preflight-3.rc	MATCHED_TRACKED
member	experiments/legacy/exp-step5-softpll-lock/EXP-WRPC-STEP5-STATIC-COARSE-FORWARD-4096-20260908/raw/EXP-WRPC-STEP5-STATIC-COARSE-FORWARD-4096-20260908.tar.gz	101ed0dd90ff43d0f75e46bdde5104c858395482aea0fa5540570690f31f42a4	-	EXACT_DUPLICATE_EXTRACTED	-	-	-	-	-	-	-	-	artifacts/EXP-WRPC-STEP5-STATIC-COARSE-FORWARD-4096-20260908/preflight-4.log	7b06010f897a00e4bb1aeacd585f7da9a9e2af4686503a487288e57c36a6459c	22066	experiments/legacy/exp-step5-softpll-lock/EXP-WRPC-STEP5-STATIC-COARSE-FORWARD-4096-20260908/raw/preflight-4.log	MATCHED_TRACKED
member	experiments/legacy/exp-step5-softpll-lock/EXP-WRPC-STEP5-STATIC-COARSE-FORWARD-4096-20260908/raw/EXP-WRPC-STEP5-STATIC-COARSE-FORWARD-4096-20260908.tar.gz	101ed0dd90ff43d0f75e46bdde5104c858395482aea0fa5540570690f31f42a4	-	EXACT_DUPLICATE_EXTRACTED	-	-	-	-	-	-	-	-	artifacts/EXP-WRPC-STEP5-STATIC-COARSE-FORWARD-4096-20260908/preflight-4.rc	41bf0ee27afc859532c47b70c2b5d8450c6a6bd6edc69ea480cf8a57a3f31460	17	experiments/legacy/exp-step5-softpll-lock/EXP-WRPC-STEP5-STATIC-COARSE-FORWARD-4096-20260908/raw/preflight-4.rc	MATCHED_TRACKED
member	experiments/legacy/exp-step5-softpll-lock/EXP-WRPC-STEP5-STATIC-COARSE-FORWARD-4096-20260908/raw/EXP-WRPC-STEP5-STATIC-COARSE-FORWARD-4096-20260908.tar.gz	101ed0dd90ff43d0f75e46bdde5104c858395482aea0fa5540570690f31f42a4	-	EXACT_DUPLICATE_EXTRACTED	-	-	-	-	-	-	-	-	artifacts/EXP-WRPC-STEP5-STATIC-COARSE-FORWARD-4096-20260908/helper-smoke-120s.log	c869b632508102badc99a00b624147b2411b3882546031d229cdaf7b6f413cfe	1297496	experiments/legacy/exp-step5-softpll-lock/EXP-WRPC-STEP5-STATIC-COARSE-FORWARD-4096-20260908/raw/helper-smoke-120s.log	MATCHED_TRACKED
member	experiments/legacy/exp-step5-softpll-lock/EXP-WRPC-STEP5-STATIC-COARSE-FORWARD-4096-20260908/raw/EXP-WRPC-STEP5-STATIC-COARSE-FORWARD-4096-20260908.tar.gz	101ed0dd90ff43d0f75e46bdde5104c858395482aea0fa5540570690f31f42a4	-	EXACT_DUPLICATE_EXTRACTED	-	-	-	-	-	-	-	-	artifacts/EXP-WRPC-STEP5-STATIC-COARSE-FORWARD-4096-20260908/helper-smoke-120s.rc	c38409328a32cb93362bf27b33ec8b4f8168ea1ab6b7a1cfa07a53def37dcf9e	14	experiments/legacy/exp-step5-softpll-lock/EXP-WRPC-STEP5-STATIC-COARSE-FORWARD-4096-20260908/raw/helper-smoke-120s.rc	MATCHED_TRACKED
archive	experiments/legacy/exp-step5-softpll-lock/EXP-WRPC-STEP5-STATIC-COARSE-REVERSE-4096-20260908/raw/EXP-WRPC-STEP5-STATIC-COARSE-REVERSE-4096-20260908.tar.gz	df0b49ae7143c44f29b31f3b69fd3f74314ee43c80cd34933ab92c7d6a1bd38d	32238	EXACT_DUPLICATE_EXTRACTED	25	25	0	-	-	experiments/legacy/exp-step5-softpll-lock/EXP-WRPC-STEP5-STATIC-COARSE-REVERSE-4096-20260908/raw/EXP-WRPC-STEP5-STATIC-COARSE-REVERSE-4096-20260908.tar.gz.sha256	3637288260778b3a29f2a70527d19c49612786f6df36546b6792d83719105cde	MATCH	-	-	-	-	-
member	experiments/legacy/exp-step5-softpll-lock/EXP-WRPC-STEP5-STATIC-COARSE-REVERSE-4096-20260908/raw/EXP-WRPC-STEP5-STATIC-COARSE-REVERSE-4096-20260908.tar.gz	df0b49ae7143c44f29b31f3b69fd3f74314ee43c80cd34933ab92c7d6a1bd38d	-	EXACT_DUPLICATE_EXTRACTED	-	-	-	-	-	-	-	-	artifacts/EXP-WRPC-STEP5-STATIC-COARSE-REVERSE-4096-20260908/source-commit.txt	43a412f769a4284de12abfca0858d1ee1fafba3783d097857a28c8f3725ac43e	41	experiments/legacy/exp-step5-softpll-lock/EXP-WRPC-STEP5-STATIC-COARSE-REVERSE-4096-20260908/raw/source-commit.txt	MATCHED_TRACKED
member	experiments/legacy/exp-step5-softpll-lock/EXP-WRPC-STEP5-STATIC-COARSE-REVERSE-4096-20260908/raw/EXP-WRPC-STEP5-STATIC-COARSE-REVERSE-4096-20260908.tar.gz	df0b49ae7143c44f29b31f3b69fd3f74314ee43c80cd34933ab92c7d6a1bd38d	-	EXACT_DUPLICATE_EXTRACTED	-	-	-	-	-	-	-	-	artifacts/EXP-WRPC-STEP5-STATIC-COARSE-REVERSE-4096-20260908/remote-status-before.txt	2c4bb0e736ecbb38c36ea22d86adb598457b4d0a3be820f8ce83edb15b041a67	28511	experiments/legacy/exp-step5-softpll-lock/EXP-WRPC-STEP5-STATIC-COARSE-REVERSE-4096-20260908/raw/remote-status-before.txt	MATCHED_TRACKED
member	experiments/legacy/exp-step5-softpll-lock/EXP-WRPC-STEP5-STATIC-COARSE-REVERSE-4096-20260908/raw/EXP-WRPC-STEP5-STATIC-COARSE-REVERSE-4096-20260908.tar.gz	df0b49ae7143c44f29b31f3b69fd3f74314ee43c80cd34933ab92c7d6a1bd38d	-	EXACT_DUPLICATE_EXTRACTED	-	-	-	-	-	-	-	-	artifacts/EXP-WRPC-STEP5-STATIC-COARSE-REVERSE-4096-20260908/compile-master.log	9cc66bc519bc1c14bb5e962086c32c41911484bbae6a83e0b9768bb97fd0763e	145	experiments/legacy/exp-step5-softpll-lock/EXP-WRPC-STEP5-STATIC-COARSE-REVERSE-4096-20260908/raw/compile-master.log	MATCHED_TRACKED
member	experiments/legacy/exp-step5-softpll-lock/EXP-WRPC-STEP5-STATIC-COARSE-REVERSE-4096-20260908/raw/EXP-WRPC-STEP5-STATIC-COARSE-REVERSE-4096-20260908.tar.gz	df0b49ae7143c44f29b31f3b69fd3f74314ee43c80cd34933ab92c7d6a1bd38d	-	EXACT_DUPLICATE_EXTRACTED	-	-	-	-	-	-	-	-	artifacts/EXP-WRPC-STEP5-STATIC-COARSE-REVERSE-4096-20260908/compile-master.rc	0d796499fd456efcd44fa7c11c191de8feb617a3b02f912edc6fb8b984c3646a	18	experiments/legacy/exp-step5-softpll-lock/EXP-WRPC-STEP5-STATIC-COARSE-REVERSE-4096-20260908/raw/compile-master.rc	MATCHED_TRACKED
member	experiments/legacy/exp-step5-softpll-lock/EXP-WRPC-STEP5-STATIC-COARSE-REVERSE-4096-20260908/raw/EXP-WRPC-STEP5-STATIC-COARSE-REVERSE-4096-20260908.tar.gz	df0b49ae7143c44f29b31f3b69fd3f74314ee43c80cd34933ab92c7d6a1bd38d	-	EXACT_DUPLICATE_EXTRACTED	-	-	-	-	-	-	-	-	artifacts/EXP-WRPC-STEP5-STATIC-COARSE-REVERSE-4096-20260908/compile-slave.log	3465f7ad831a53ed79b72b9654ce17ca538920826a555868a319e7ffb4d5b721	142	experiments/legacy/exp-step5-softpll-lock/EXP-WRPC-STEP5-STATIC-COARSE-REVERSE-4096-20260908/raw/compile-slave.log	MATCHED_TRACKED
member	experiments/legacy/exp-step5-softpll-lock/EXP-WRPC-STEP5-STATIC-COARSE-REVERSE-4096-20260908/raw/EXP-WRPC-STEP5-STATIC-COARSE-REVERSE-4096-20260908.tar.gz	df0b49ae7143c44f29b31f3b69fd3f74314ee43c80cd34933ab92c7d6a1bd38d	-	EXACT_DUPLICATE_EXTRACTED	-	-	-	-	-	-	-	-	artifacts/EXP-WRPC-STEP5-STATIC-COARSE-REVERSE-4096-20260908/compile-slave.rc	7834c04b2c2a9139935be7555bc47919540ef623bb0e2d31db2127a8d98d3860	17	experiments/legacy/exp-step5-softpll-lock/EXP-WRPC-STEP5-STATIC-COARSE-REVERSE-4096-20260908/raw/compile-slave.rc	MATCHED_TRACKED
member	experiments/legacy/exp-step5-softpll-lock/EXP-WRPC-STEP5-STATIC-COARSE-REVERSE-4096-20260908/raw/EXP-WRPC-STEP5-STATIC-COARSE-REVERSE-4096-20260908.tar.gz	df0b49ae7143c44f29b31f3b69fd3f74314ee43c80cd34933ab92c7d6a1bd38d	-	EXACT_DUPLICATE_EXTRACTED	-	-	-	-	-	-	-	-	artifacts/EXP-WRPC-STEP5-STATIC-COARSE-REVERSE-4096-20260908/sof-sha256.txt	32481082a31f14918efcdaa639cccae3d9ef5f83be36b924064054af0d07844e	315	experiments/legacy/exp-step5-softpll-lock/EXP-WRPC-STEP5-STATIC-COARSE-REVERSE-4096-20260908/raw/sof-sha256.txt	MATCHED_TRACKED
member	experiments/legacy/exp-step5-softpll-lock/EXP-WRPC-STEP5-STATIC-COARSE-REVERSE-4096-20260908/raw/EXP-WRPC-STEP5-STATIC-COARSE-REVERSE-4096-20260908.tar.gz	df0b49ae7143c44f29b31f3b69fd3f74314ee43c80cd34933ab92c7d6a1bd38d	-	EXACT_DUPLICATE_EXTRACTED	-	-	-	-	-	-	-	-	artifacts/EXP-WRPC-STEP5-STATIC-COARSE-REVERSE-4096-20260908/program-master.log	5f6f5e40c491cdfe3f2af583fd4625f50cb85d04a0a789c6e3109283190e5275	2194	experiments/legacy/exp-step5-softpll-lock/EXP-WRPC-STEP5-STATIC-COARSE-REVERSE-4096-20260908/raw/program-master.log	MATCHED_TRACKED
member	experiments/legacy/exp-step5-softpll-lock/EXP-WRPC-STEP5-STATIC-COARSE-REVERSE-4096-20260908/raw/EXP-WRPC-STEP5-STATIC-COARSE-REVERSE-4096-20260908.tar.gz	df0b49ae7143c44f29b31f3b69fd3f74314ee43c80cd34933ab92c7d6a1bd38d	-	EXACT_DUPLICATE_EXTRACTED	-	-	-	-	-	-	-	-	artifacts/EXP-WRPC-STEP5-STATIC-COARSE-REVERSE-4096-20260908/program-master.rc	29b0ae331779036363ea5d1ca9c5605fc8eef03b7b4ba66c800a18b7e87c4058	20	experiments/legacy/exp-step5-softpll-lock/EXP-WRPC-STEP5-STATIC-COARSE-REVERSE-4096-20260908/raw/program-master.rc	MATCHED_TRACKED
member	experiments/legacy/exp-step5-softpll-lock/EXP-WRPC-STEP5-STATIC-COARSE-REVERSE-4096-20260908/raw/EXP-WRPC-STEP5-STATIC-COARSE-REVERSE-4096-20260908.tar.gz	df0b49ae7143c44f29b31f3b69fd3f74314ee43c80cd34933ab92c7d6a1bd38d	-	EXACT_DUPLICATE_EXTRACTED	-	-	-	-	-	-	-	-	artifacts/EXP-WRPC-STEP5-STATIC-COARSE-REVERSE-4096-20260908/program-slave.log	82538f9a2422bef293815889971c02e7a0b5565664ddc35fc8eb4d25e0cee9df	2190	experiments/legacy/exp-step5-softpll-lock/EXP-WRPC-STEP5-STATIC-COARSE-REVERSE-4096-20260908/raw/program-slave.log	MATCHED_TRACKED
member	experiments/legacy/exp-step5-softpll-lock/EXP-WRPC-STEP5-STATIC-COARSE-REVERSE-4096-20260908/raw/EXP-WRPC-STEP5-STATIC-COARSE-REVERSE-4096-20260908.tar.gz	df0b49ae7143c44f29b31f3b69fd3f74314ee43c80cd34933ab92c7d6a1bd38d	-	EXACT_DUPLICATE_EXTRACTED	-	-	-	-	-	-	-	-	artifacts/EXP-WRPC-STEP5-STATIC-COARSE-REVERSE-4096-20260908/program-slave.rc	fe1c00cbea3777ee7617f1cd07ddccb2fabaef8d1b3d5c6db2a8f675e2303ecd	19	experiments/legacy/exp-step5-softpll-lock/EXP-WRPC-STEP5-STATIC-COARSE-REVERSE-4096-20260908/raw/program-slave.rc	MATCHED_TRACKED
member	experiments/legacy/exp-step5-softpll-lock/EXP-WRPC-STEP5-STATIC-COARSE-REVERSE-4096-20260908/raw/EXP-WRPC-STEP5-STATIC-COARSE-REVERSE-4096-20260908.tar.gz	df0b49ae7143c44f29b31f3b69fd3f74314ee43c80cd34933ab92c7d6a1bd38d	-	EXACT_DUPLICATE_EXTRACTED	-	-	-	-	-	-	-	-	artifacts/EXP-WRPC-STEP5-STATIC-COARSE-REVERSE-4096-20260908/preflight-1.log	5c3735942e2a95a94bfb96691cce41dfc7c082f2d3eff451601770120a4ca7e9	19660	experiments/legacy/exp-step5-softpll-lock/EXP-WRPC-STEP5-STATIC-COARSE-REVERSE-4096-20260908/raw/preflight-1.log	MATCHED_TRACKED
member	experiments/legacy/exp-step5-softpll-lock/EXP-WRPC-STEP5-STATIC-COARSE-REVERSE-4096-20260908/raw/EXP-WRPC-STEP5-STATIC-COARSE-REVERSE-4096-20260908.tar.gz	df0b49ae7143c44f29b31f3b69fd3f74314ee43c80cd34933ab92c7d6a1bd38d	-	EXACT_DUPLICATE_EXTRACTED	-	-	-	-	-	-	-	-	artifacts/EXP-WRPC-STEP5-STATIC-COARSE-REVERSE-4096-20260908/preflight-1.rc	709554620d3aed204bc81cba9774285eead7b6b639116ee1aa2a500317a90037	17	experiments/legacy/exp-step5-softpll-lock/EXP-WRPC-STEP5-STATIC-COARSE-REVERSE-4096-20260908/raw/preflight-1.rc	MATCHED_TRACKED
member	experiments/legacy/exp-step5-softpll-lock/EXP-WRPC-STEP5-STATIC-COARSE-REVERSE-4096-20260908/raw/EXP-WRPC-STEP5-STATIC-COARSE-REVERSE-4096-20260908.tar.gz	df0b49ae7143c44f29b31f3b69fd3f74314ee43c80cd34933ab92c7d6a1bd38d	-	EXACT_DUPLICATE_EXTRACTED	-	-	-	-	-	-	-	-	artifacts/EXP-WRPC-STEP5-STATIC-COARSE-REVERSE-4096-20260908/preflight-2.log	9f012493e7a317f01f6a33b0f350ccf26a2f1d68643b0a0ce421dc4161a3dfb6	19660	experiments/legacy/exp-step5-softpll-lock/EXP-WRPC-STEP5-STATIC-COARSE-REVERSE-4096-20260908/raw/preflight-2.log	MATCHED_TRACKED
member	experiments/legacy/exp-step5-softpll-lock/EXP-WRPC-STEP5-STATIC-COARSE-REVERSE-4096-20260908/raw/EXP-WRPC-STEP5-STATIC-COARSE-REVERSE-4096-20260908.tar.gz	df0b49ae7143c44f29b31f3b69fd3f74314ee43c80cd34933ab92c7d6a1bd38d	-	EXACT_DUPLICATE_EXTRACTED	-	-	-	-	-	-	-	-	artifacts/EXP-WRPC-STEP5-STATIC-COARSE-REVERSE-4096-20260908/preflight-2.rc	c11668063949ff631e4aff018de2548a93b914370e8b9d8e8d4974257a291c24	17	experiments/legacy/exp-step5-softpll-lock/EXP-WRPC-STEP5-STATIC-COARSE-REVERSE-4096-20260908/raw/preflight-2.rc	MATCHED_TRACKED
member	experiments/legacy/exp-step5-softpll-lock/EXP-WRPC-STEP5-STATIC-COARSE-REVERSE-4096-20260908/raw/EXP-WRPC-STEP5-STATIC-COARSE-REVERSE-4096-20260908.tar.gz	df0b49ae7143c44f29b31f3b69fd3f74314ee43c80cd34933ab92c7d6a1bd38d	-	EXACT_DUPLICATE_EXTRACTED	-	-	-	-	-	-	-	-	artifacts/EXP-WRPC-STEP5-STATIC-COARSE-REVERSE-4096-20260908/recovery-program-master.log	92a0f4d45f4e77bc3737dfdef9ba268d6a447fd9c756c7bb78a78402c86b238d	2194	experiments/legacy/exp-step5-softpll-lock/EXP-WRPC-STEP5-STATIC-COARSE-REVERSE-4096-20260908/raw/recovery-program-master.log	MATCHED_TRACKED
member	experiments/legacy/exp-step5-softpll-lock/EXP-WRPC-STEP5-STATIC-COARSE-REVERSE-4096-20260908/raw/EXP-WRPC-STEP5-STATIC-COARSE-REVERSE-4096-20260908.tar.gz	df0b49ae7143c44f29b31f3b69fd3f74314ee43c80cd34933ab92c7d6a1bd38d	-	EXACT_DUPLICATE_EXTRACTED	-	-	-	-	-	-	-	-	artifacts/EXP-WRPC-STEP5-STATIC-COARSE-REVERSE-4096-20260908/recovery-program-master.rc	9b67c614f50593dd38875d20baadece3abde3436ba63a4bc200cde4caf6d663a	29	experiments/legacy/exp-step5-softpll-lock/EXP-WRPC-STEP5-STATIC-COARSE-REVERSE-4096-20260908/raw/recovery-program-master.rc	MATCHED_TRACKED
member	experiments/legacy/exp-step5-softpll-lock/EXP-WRPC-STEP5-STATIC-COARSE-REVERSE-4096-20260908/raw/EXP-WRPC-STEP5-STATIC-COARSE-REVERSE-4096-20260908.tar.gz	df0b49ae7143c44f29b31f3b69fd3f74314ee43c80cd34933ab92c7d6a1bd38d	-	EXACT_DUPLICATE_EXTRACTED	-	-	-	-	-	-	-	-	artifacts/EXP-WRPC-STEP5-STATIC-COARSE-REVERSE-4096-20260908/recovery-program-slave.log	a35c0a91cae0d06c09095a9cc53bbfbb9dbc115532b519c2845857a9c57ce686	2190	experiments/legacy/exp-step5-softpll-lock/EXP-WRPC-STEP5-STATIC-COARSE-REVERSE-4096-20260908/raw/recovery-program-slave.log	MATCHED_TRACKED
member	experiments/legacy/exp-step5-softpll-lock/EXP-WRPC-STEP5-STATIC-COARSE-REVERSE-4096-20260908/raw/EXP-WRPC-STEP5-STATIC-COARSE-REVERSE-4096-20260908.tar.gz	df0b49ae7143c44f29b31f3b69fd3f74314ee43c80cd34933ab92c7d6a1bd38d	-	EXACT_DUPLICATE_EXTRACTED	-	-	-	-	-	-	-	-	artifacts/EXP-WRPC-STEP5-STATIC-COARSE-REVERSE-4096-20260908/recovery-program-slave.rc	d841c96a62fd4465367849f5992150b933be1d4489ba1b75dedc45a2f8a4f6ba	28	experiments/legacy/exp-step5-softpll-lock/EXP-WRPC-STEP5-STATIC-COARSE-REVERSE-4096-20260908/raw/recovery-program-slave.rc	MATCHED_TRACKED
member	experiments/legacy/exp-step5-softpll-lock/EXP-WRPC-STEP5-STATIC-COARSE-REVERSE-4096-20260908/raw/EXP-WRPC-STEP5-STATIC-COARSE-REVERSE-4096-20260908.tar.gz	df0b49ae7143c44f29b31f3b69fd3f74314ee43c80cd34933ab92c7d6a1bd38d	-	EXACT_DUPLICATE_EXTRACTED	-	-	-	-	-	-	-	-	artifacts/EXP-WRPC-STEP5-STATIC-COARSE-REVERSE-4096-20260908/preflight-3.log	bbfb1c558ef43e9fcc566cfea3ce5e7652a04b36070681a904fbf9e76f9a1cc7	19660	experiments/legacy/exp-step5-softpll-lock/EXP-WRPC-STEP5-STATIC-COARSE-REVERSE-4096-20260908/raw/preflight-3.log	MATCHED_TRACKED
member	experiments/legacy/exp-step5-softpll-lock/EXP-WRPC-STEP5-STATIC-COARSE-REVERSE-4096-20260908/raw/EXP-WRPC-STEP5-STATIC-COARSE-REVERSE-4096-20260908.tar.gz	df0b49ae7143c44f29b31f3b69fd3f74314ee43c80cd34933ab92c7d6a1bd38d	-	EXACT_DUPLICATE_EXTRACTED	-	-	-	-	-	-	-	-	artifacts/EXP-WRPC-STEP5-STATIC-COARSE-REVERSE-4096-20260908/preflight-3.rc	ef18ecf33ffd72b6056a68da70daa5d6987795aee13c1e48cc4b03cbf0ab8f40	17	experiments/legacy/exp-step5-softpll-lock/EXP-WRPC-STEP5-STATIC-COARSE-REVERSE-4096-20260908/raw/preflight-3.rc	MATCHED_TRACKED
member	experiments/legacy/exp-step5-softpll-lock/EXP-WRPC-STEP5-STATIC-COARSE-REVERSE-4096-20260908/raw/EXP-WRPC-STEP5-STATIC-COARSE-REVERSE-4096-20260908.tar.gz	df0b49ae7143c44f29b31f3b69fd3f74314ee43c80cd34933ab92c7d6a1bd38d	-	EXACT_DUPLICATE_EXTRACTED	-	-	-	-	-	-	-	-	artifacts/EXP-WRPC-STEP5-STATIC-COARSE-REVERSE-4096-20260908/preflight-4.log	14b8ad12a1997c99e7d15575fd4d44acdaae70c70a1f63f8c902fcb455113feb	22064	experiments/legacy/exp-step5-softpll-lock/EXP-WRPC-STEP5-STATIC-COARSE-REVERSE-4096-20260908/raw/preflight-4.log	MATCHED_TRACKED
member	experiments/legacy/exp-step5-softpll-lock/EXP-WRPC-STEP5-STATIC-COARSE-REVERSE-4096-20260908/raw/EXP-WRPC-STEP5-STATIC-COARSE-REVERSE-4096-20260908.tar.gz	df0b49ae7143c44f29b31f3b69fd3f74314ee43c80cd34933ab92c7d6a1bd38d	-	EXACT_DUPLICATE_EXTRACTED	-	-	-	-	-	-	-	-	artifacts/EXP-WRPC-STEP5-STATIC-COARSE-REVERSE-4096-20260908/preflight-4.rc	41bf0ee27afc859532c47b70c2b5d8450c6a6bd6edc69ea480cf8a57a3f31460	17	experiments/legacy/exp-step5-softpll-lock/EXP-WRPC-STEP5-STATIC-COARSE-REVERSE-4096-20260908/raw/preflight-4.rc	MATCHED_TRACKED
member	experiments/legacy/exp-step5-softpll-lock/EXP-WRPC-STEP5-STATIC-COARSE-REVERSE-4096-20260908/raw/EXP-WRPC-STEP5-STATIC-COARSE-REVERSE-4096-20260908.tar.gz	df0b49ae7143c44f29b31f3b69fd3f74314ee43c80cd34933ab92c7d6a1bd38d	-	EXACT_DUPLICATE_EXTRACTED	-	-	-	-	-	-	-	-	artifacts/EXP-WRPC-STEP5-STATIC-COARSE-REVERSE-4096-20260908/helper-smoke-120s.log	b9b8fff2a9c5c60541d52c54610dafc41ffa857b33816c994653f6df82701e59	1297560	experiments/legacy/exp-step5-softpll-lock/EXP-WRPC-STEP5-STATIC-COARSE-REVERSE-4096-20260908/raw/helper-smoke-120s.log	MATCHED_TRACKED
member	experiments/legacy/exp-step5-softpll-lock/EXP-WRPC-STEP5-STATIC-COARSE-REVERSE-4096-20260908/raw/EXP-WRPC-STEP5-STATIC-COARSE-REVERSE-4096-20260908.tar.gz	df0b49ae7143c44f29b31f3b69fd3f74314ee43c80cd34933ab92c7d6a1bd38d	-	EXACT_DUPLICATE_EXTRACTED	-	-	-	-	-	-	-	-	artifacts/EXP-WRPC-STEP5-STATIC-COARSE-REVERSE-4096-20260908/helper-smoke-120s.rc	c38409328a32cb93362bf27b33ec8b4f8168ea1ab6b7a1cfa07a53def37dcf9e	14	experiments/legacy/exp-step5-softpll-lock/EXP-WRPC-STEP5-STATIC-COARSE-REVERSE-4096-20260908/raw/helper-smoke-120s.rc	MATCHED_TRACKED
archive	experiments/legacy/exp-step5-softpll-lock/EXP-WRPC-STEP5-STATIC-NO-BOOTSTRAP-BASELINE-20260908/raw/EXP-WRPC-STEP5-STATIC-NO-BOOTSTRAP-BASELINE-20260908.tar.gz	6db5692b2e7b7592f395ad66a9115a2eed9acc6701e7d97f9d80b17789999bd5	34769	EXACT_DUPLICATE_EXTRACTED	29	29	0	-	-	experiments/legacy/exp-step5-softpll-lock/EXP-WRPC-STEP5-STATIC-NO-BOOTSTRAP-BASELINE-20260908/raw/EXP-WRPC-STEP5-STATIC-NO-BOOTSTRAP-BASELINE-20260908.tar.gz.sha256	4342413d82a8789f24450d08e69b56ad9cd87c890ba6db4794400bb7f13b90ff	MATCH	-	-	-	-	-
member	experiments/legacy/exp-step5-softpll-lock/EXP-WRPC-STEP5-STATIC-NO-BOOTSTRAP-BASELINE-20260908/raw/EXP-WRPC-STEP5-STATIC-NO-BOOTSTRAP-BASELINE-20260908.tar.gz	6db5692b2e7b7592f395ad66a9115a2eed9acc6701e7d97f9d80b17789999bd5	-	EXACT_DUPLICATE_EXTRACTED	-	-	-	-	-	-	-	-	artifacts/EXP-WRPC-STEP5-STATIC-NO-BOOTSTRAP-BASELINE-20260908/source-commit.txt	3e1a9fcb02eb5b589e9e46fc8abfaec70eae764f04c085e7f738cc94cb480655	41	experiments/legacy/exp-step5-softpll-lock/EXP-WRPC-STEP5-STATIC-NO-BOOTSTRAP-BASELINE-20260908/raw/source-commit.txt	MATCHED_TRACKED
member	experiments/legacy/exp-step5-softpll-lock/EXP-WRPC-STEP5-STATIC-NO-BOOTSTRAP-BASELINE-20260908/raw/EXP-WRPC-STEP5-STATIC-NO-BOOTSTRAP-BASELINE-20260908.tar.gz	6db5692b2e7b7592f395ad66a9115a2eed9acc6701e7d97f9d80b17789999bd5	-	EXACT_DUPLICATE_EXTRACTED	-	-	-	-	-	-	-	-	artifacts/EXP-WRPC-STEP5-STATIC-NO-BOOTSTRAP-BASELINE-20260908/remote-status-before.txt	3302c9cd21787d9db1e5f77948c7164be80df1f66316e5f5a0b2f8d218379792	28358	experiments/legacy/exp-step5-softpll-lock/EXP-WRPC-STEP5-STATIC-NO-BOOTSTRAP-BASELINE-20260908/raw/remote-status-before.txt	MATCHED_TRACKED
member	experiments/legacy/exp-step5-softpll-lock/EXP-WRPC-STEP5-STATIC-NO-BOOTSTRAP-BASELINE-20260908/raw/EXP-WRPC-STEP5-STATIC-NO-BOOTSTRAP-BASELINE-20260908.tar.gz	6db5692b2e7b7592f395ad66a9115a2eed9acc6701e7d97f9d80b17789999bd5	-	EXACT_DUPLICATE_EXTRACTED	-	-	-	-	-	-	-	-	artifacts/EXP-WRPC-STEP5-STATIC-NO-BOOTSTRAP-BASELINE-20260908/compile-master.log	9cc66bc519bc1c14bb5e962086c32c41911484bbae6a83e0b9768bb97fd0763e	145	experiments/legacy/exp-step5-softpll-lock/EXP-WRPC-STEP5-STATIC-NO-BOOTSTRAP-BASELINE-20260908/raw/compile-master.log	MATCHED_TRACKED
member	experiments/legacy/exp-step5-softpll-lock/EXP-WRPC-STEP5-STATIC-NO-BOOTSTRAP-BASELINE-20260908/raw/EXP-WRPC-STEP5-STATIC-NO-BOOTSTRAP-BASELINE-20260908.tar.gz	6db5692b2e7b7592f395ad66a9115a2eed9acc6701e7d97f9d80b17789999bd5	-	EXACT_DUPLICATE_EXTRACTED	-	-	-	-	-	-	-	-	artifacts/EXP-WRPC-STEP5-STATIC-NO-BOOTSTRAP-BASELINE-20260908/compile-master.rc	0d796499fd456efcd44fa7c11c191de8feb617a3b02f912edc6fb8b984c3646a	18	experiments/legacy/exp-step5-softpll-lock/EXP-WRPC-STEP5-STATIC-NO-BOOTSTRAP-BASELINE-20260908/raw/compile-master.rc	MATCHED_TRACKED
member	experiments/legacy/exp-step5-softpll-lock/EXP-WRPC-STEP5-STATIC-NO-BOOTSTRAP-BASELINE-20260908/raw/EXP-WRPC-STEP5-STATIC-NO-BOOTSTRAP-BASELINE-20260908.tar.gz	6db5692b2e7b7592f395ad66a9115a2eed9acc6701e7d97f9d80b17789999bd5	-	EXACT_DUPLICATE_EXTRACTED	-	-	-	-	-	-	-	-	artifacts/EXP-WRPC-STEP5-STATIC-NO-BOOTSTRAP-BASELINE-20260908/compile-slave.log	3465f7ad831a53ed79b72b9654ce17ca538920826a555868a319e7ffb4d5b721	142	experiments/legacy/exp-step5-softpll-lock/EXP-WRPC-STEP5-STATIC-NO-BOOTSTRAP-BASELINE-20260908/raw/compile-slave.log	MATCHED_TRACKED
member	experiments/legacy/exp-step5-softpll-lock/EXP-WRPC-STEP5-STATIC-NO-BOOTSTRAP-BASELINE-20260908/raw/EXP-WRPC-STEP5-STATIC-NO-BOOTSTRAP-BASELINE-20260908.tar.gz	6db5692b2e7b7592f395ad66a9115a2eed9acc6701e7d97f9d80b17789999bd5	-	EXACT_DUPLICATE_EXTRACTED	-	-	-	-	-	-	-	-	artifacts/EXP-WRPC-STEP5-STATIC-NO-BOOTSTRAP-BASELINE-20260908/compile-slave.rc	7834c04b2c2a9139935be7555bc47919540ef623bb0e2d31db2127a8d98d3860	17	experiments/legacy/exp-step5-softpll-lock/EXP-WRPC-STEP5-STATIC-NO-BOOTSTRAP-BASELINE-20260908/raw/compile-slave.rc	MATCHED_TRACKED
member	experiments/legacy/exp-step5-softpll-lock/EXP-WRPC-STEP5-STATIC-NO-BOOTSTRAP-BASELINE-20260908/raw/EXP-WRPC-STEP5-STATIC-NO-BOOTSTRAP-BASELINE-20260908.tar.gz	6db5692b2e7b7592f395ad66a9115a2eed9acc6701e7d97f9d80b17789999bd5	-	EXACT_DUPLICATE_EXTRACTED	-	-	-	-	-	-	-	-	artifacts/EXP-WRPC-STEP5-STATIC-NO-BOOTSTRAP-BASELINE-20260908/sof-sha256.txt	e2055efd34c600df5b9b3659ba375be17cb17bf50929a5597611e17b872c8276	315	experiments/legacy/exp-step5-softpll-lock/EXP-WRPC-STEP5-STATIC-NO-BOOTSTRAP-BASELINE-20260908/raw/sof-sha256.txt	MATCHED_TRACKED
member	experiments/legacy/exp-step5-softpll-lock/EXP-WRPC-STEP5-STATIC-NO-BOOTSTRAP-BASELINE-20260908/raw/EXP-WRPC-STEP5-STATIC-NO-BOOTSTRAP-BASELINE-20260908.tar.gz	6db5692b2e7b7592f395ad66a9115a2eed9acc6701e7d97f9d80b17789999bd5	-	EXACT_DUPLICATE_EXTRACTED	-	-	-	-	-	-	-	-	artifacts/EXP-WRPC-STEP5-STATIC-NO-BOOTSTRAP-BASELINE-20260908/program-master.log	ac74923523d7cd536d29c0f4ab7c3a4e62318e32c0ef09fb8abffaeff1230c32	2194	experiments/legacy/exp-step5-softpll-lock/EXP-WRPC-STEP5-STATIC-NO-BOOTSTRAP-BASELINE-20260908/raw/program-master.log	MATCHED_TRACKED
member	experiments/legacy/exp-step5-softpll-lock/EXP-WRPC-STEP5-STATIC-NO-BOOTSTRAP-BASELINE-20260908/raw/EXP-WRPC-STEP5-STATIC-NO-BOOTSTRAP-BASELINE-20260908.tar.gz	6db5692b2e7b7592f395ad66a9115a2eed9acc6701e7d97f9d80b17789999bd5	-	EXACT_DUPLICATE_EXTRACTED	-	-	-	-	-	-	-	-	artifacts/EXP-WRPC-STEP5-STATIC-NO-BOOTSTRAP-BASELINE-20260908/program-master.rc	29b0ae331779036363ea5d1ca9c5605fc8eef03b7b4ba66c800a18b7e87c4058	20	experiments/legacy/exp-step5-softpll-lock/EXP-WRPC-STEP5-STATIC-NO-BOOTSTRAP-BASELINE-20260908/raw/program-master.rc	MATCHED_TRACKED
member	experiments/legacy/exp-step5-softpll-lock/EXP-WRPC-STEP5-STATIC-NO-BOOTSTRAP-BASELINE-20260908/raw/EXP-WRPC-STEP5-STATIC-NO-BOOTSTRAP-BASELINE-20260908.tar.gz	6db5692b2e7b7592f395ad66a9115a2eed9acc6701e7d97f9d80b17789999bd5	-	EXACT_DUPLICATE_EXTRACTED	-	-	-	-	-	-	-	-	artifacts/EXP-WRPC-STEP5-STATIC-NO-BOOTSTRAP-BASELINE-20260908/program-slave.log	63abde7157a49c60ac1347097d107964fffbe4e4ffaed9b7ea8ad06bb3632f2f	2190	experiments/legacy/exp-step5-softpll-lock/EXP-WRPC-STEP5-STATIC-NO-BOOTSTRAP-BASELINE-20260908/raw/program-slave.log	MATCHED_TRACKED
member	experiments/legacy/exp-step5-softpll-lock/EXP-WRPC-STEP5-STATIC-NO-BOOTSTRAP-BASELINE-20260908/raw/EXP-WRPC-STEP5-STATIC-NO-BOOTSTRAP-BASELINE-20260908.tar.gz	6db5692b2e7b7592f395ad66a9115a2eed9acc6701e7d97f9d80b17789999bd5	-	EXACT_DUPLICATE_EXTRACTED	-	-	-	-	-	-	-	-	artifacts/EXP-WRPC-STEP5-STATIC-NO-BOOTSTRAP-BASELINE-20260908/program-slave.rc	fe1c00cbea3777ee7617f1cd07ddccb2fabaef8d1b3d5c6db2a8f675e2303ecd	19	experiments/legacy/exp-step5-softpll-lock/EXP-WRPC-STEP5-STATIC-NO-BOOTSTRAP-BASELINE-20260908/raw/program-slave.rc	MATCHED_TRACKED
member	experiments/legacy/exp-step5-softpll-lock/EXP-WRPC-STEP5-STATIC-NO-BOOTSTRAP-BASELINE-20260908/raw/EXP-WRPC-STEP5-STATIC-NO-BOOTSTRAP-BASELINE-20260908.tar.gz	6db5692b2e7b7592f395ad66a9115a2eed9acc6701e7d97f9d80b17789999bd5	-	EXACT_DUPLICATE_EXTRACTED	-	-	-	-	-	-	-	-	artifacts/EXP-WRPC-STEP5-STATIC-NO-BOOTSTRAP-BASELINE-20260908/preflight-1.log	9bcb7f77565051dfc1eb34e89fabd3585e8b37cf99c8589e99fbafa1c22ff2c4	19662	experiments/legacy/exp-step5-softpll-lock/EXP-WRPC-STEP5-STATIC-NO-BOOTSTRAP-BASELINE-20260908/raw/preflight-1.log	MATCHED_TRACKED
member	experiments/legacy/exp-step5-softpll-lock/EXP-WRPC-STEP5-STATIC-NO-BOOTSTRAP-BASELINE-20260908/raw/EXP-WRPC-STEP5-STATIC-NO-BOOTSTRAP-BASELINE-20260908.tar.gz	6db5692b2e7b7592f395ad66a9115a2eed9acc6701e7d97f9d80b17789999bd5	-	EXACT_DUPLICATE_EXTRACTED	-	-	-	-	-	-	-	-	artifacts/EXP-WRPC-STEP5-STATIC-NO-BOOTSTRAP-BASELINE-20260908/preflight-1.rc	709554620d3aed204bc81cba9774285eead7b6b639116ee1aa2a500317a90037	17	experiments/legacy/exp-step5-softpll-lock/EXP-WRPC-STEP5-STATIC-NO-BOOTSTRAP-BASELINE-20260908/raw/preflight-1.rc	MATCHED_TRACKED
member	experiments/legacy/exp-step5-softpll-lock/EXP-WRPC-STEP5-STATIC-NO-BOOTSTRAP-BASELINE-20260908/raw/EXP-WRPC-STEP5-STATIC-NO-BOOTSTRAP-BASELINE-20260908.tar.gz	6db5692b2e7b7592f395ad66a9115a2eed9acc6701e7d97f9d80b17789999bd5	-	EXACT_DUPLICATE_EXTRACTED	-	-	-	-	-	-	-	-	artifacts/EXP-WRPC-STEP5-STATIC-NO-BOOTSTRAP-BASELINE-20260908/preflight-2.log	da48b8fbc9fc1a164274666c45aafa572df69f07191728c7ed1071ca4af582a8	19662	experiments/legacy/exp-step5-softpll-lock/EXP-WRPC-STEP5-STATIC-NO-BOOTSTRAP-BASELINE-20260908/raw/preflight-2.log	MATCHED_TRACKED
member	experiments/legacy/exp-step5-softpll-lock/EXP-WRPC-STEP5-STATIC-NO-BOOTSTRAP-BASELINE-20260908/raw/EXP-WRPC-STEP5-STATIC-NO-BOOTSTRAP-BASELINE-20260908.tar.gz	6db5692b2e7b7592f395ad66a9115a2eed9acc6701e7d97f9d80b17789999bd5	-	EXACT_DUPLICATE_EXTRACTED	-	-	-	-	-	-	-	-	artifacts/EXP-WRPC-STEP5-STATIC-NO-BOOTSTRAP-BASELINE-20260908/preflight-2.rc	c11668063949ff631e4aff018de2548a93b914370e8b9d8e8d4974257a291c24	17	experiments/legacy/exp-step5-softpll-lock/EXP-WRPC-STEP5-STATIC-NO-BOOTSTRAP-BASELINE-20260908/raw/preflight-2.rc	MATCHED_TRACKED
member	experiments/legacy/exp-step5-softpll-lock/EXP-WRPC-STEP5-STATIC-NO-BOOTSTRAP-BASELINE-20260908/raw/EXP-WRPC-STEP5-STATIC-NO-BOOTSTRAP-BASELINE-20260908.tar.gz	6db5692b2e7b7592f395ad66a9115a2eed9acc6701e7d97f9d80b17789999bd5	-	EXACT_DUPLICATE_EXTRACTED	-	-	-	-	-	-	-	-	artifacts/EXP-WRPC-STEP5-STATIC-NO-BOOTSTRAP-BASELINE-20260908/recovery-program-master.log	020a2b3c05658e5a94486741bc123b4dc23edf31d7b58539db6197c28a87741a	2194	experiments/legacy/exp-step5-softpll-lock/EXP-WRPC-STEP5-STATIC-NO-BOOTSTRAP-BASELINE-20260908/raw/recovery-program-master.log	MATCHED_TRACKED
member	experiments/legacy/exp-step5-softpll-lock/EXP-WRPC-STEP5-STATIC-NO-BOOTSTRAP-BASELINE-20260908/raw/EXP-WRPC-STEP5-STATIC-NO-BOOTSTRAP-BASELINE-20260908.tar.gz	6db5692b2e7b7592f395ad66a9115a2eed9acc6701e7d97f9d80b17789999bd5	-	EXACT_DUPLICATE_EXTRACTED	-	-	-	-	-	-	-	-	artifacts/EXP-WRPC-STEP5-STATIC-NO-BOOTSTRAP-BASELINE-20260908/recovery-program-master.rc	9b67c614f50593dd38875d20baadece3abde3436ba63a4bc200cde4caf6d663a	29	experiments/legacy/exp-step5-softpll-lock/EXP-WRPC-STEP5-STATIC-NO-BOOTSTRAP-BASELINE-20260908/raw/recovery-program-master.rc	MATCHED_TRACKED
member	experiments/legacy/exp-step5-softpll-lock/EXP-WRPC-STEP5-STATIC-NO-BOOTSTRAP-BASELINE-20260908/raw/EXP-WRPC-STEP5-STATIC-NO-BOOTSTRAP-BASELINE-20260908.tar.gz	6db5692b2e7b7592f395ad66a9115a2eed9acc6701e7d97f9d80b17789999bd5	-	EXACT_DUPLICATE_EXTRACTED	-	-	-	-	-	-	-	-	artifacts/EXP-WRPC-STEP5-STATIC-NO-BOOTSTRAP-BASELINE-20260908/recovery-program-slave.log	f123b0480aa4af7a70f994cddea2b3362307e4bf0cdd0d3d7fdd974b95fe4abe	2190	experiments/legacy/exp-step5-softpll-lock/EXP-WRPC-STEP5-STATIC-NO-BOOTSTRAP-BASELINE-20260908/raw/recovery-program-slave.log	MATCHED_TRACKED
member	experiments/legacy/exp-step5-softpll-lock/EXP-WRPC-STEP5-STATIC-NO-BOOTSTRAP-BASELINE-20260908/raw/EXP-WRPC-STEP5-STATIC-NO-BOOTSTRAP-BASELINE-20260908.tar.gz	6db5692b2e7b7592f395ad66a9115a2eed9acc6701e7d97f9d80b17789999bd5	-	EXACT_DUPLICATE_EXTRACTED	-	-	-	-	-	-	-	-	artifacts/EXP-WRPC-STEP5-STATIC-NO-BOOTSTRAP-BASELINE-20260908/recovery-program-slave.rc	d841c96a62fd4465367849f5992150b933be1d4489ba1b75dedc45a2f8a4f6ba	28	experiments/legacy/exp-step5-softpll-lock/EXP-WRPC-STEP5-STATIC-NO-BOOTSTRAP-BASELINE-20260908/raw/recovery-program-slave.rc	MATCHED_TRACKED
member	experiments/legacy/exp-step5-softpll-lock/EXP-WRPC-STEP5-STATIC-NO-BOOTSTRAP-BASELINE-20260908/raw/EXP-WRPC-STEP5-STATIC-NO-BOOTSTRAP-BASELINE-20260908.tar.gz	6db5692b2e7b7592f395ad66a9115a2eed9acc6701e7d97f9d80b17789999bd5	-	EXACT_DUPLICATE_EXTRACTED	-	-	-	-	-	-	-	-	artifacts/EXP-WRPC-STEP5-STATIC-NO-BOOTSTRAP-BASELINE-20260908/preflight-3.log	8f761034d00d8cfa0a10710eecd56bf8b7dfcc4f6dbc671164c25d16521a9351	19661	experiments/legacy/exp-step5-softpll-lock/EXP-WRPC-STEP5-STATIC-NO-BOOTSTRAP-BASELINE-20260908/raw/preflight-3.log	MATCHED_TRACKED
member	experiments/legacy/exp-step5-softpll-lock/EXP-WRPC-STEP5-STATIC-NO-BOOTSTRAP-BASELINE-20260908/raw/EXP-WRPC-STEP5-STATIC-NO-BOOTSTRAP-BASELINE-20260908.tar.gz	6db5692b2e7b7592f395ad66a9115a2eed9acc6701e7d97f9d80b17789999bd5	-	EXACT_DUPLICATE_EXTRACTED	-	-	-	-	-	-	-	-	artifacts/EXP-WRPC-STEP5-STATIC-NO-BOOTSTRAP-BASELINE-20260908/preflight-3.rc	ef18ecf33ffd72b6056a68da70daa5d6987795aee13c1e48cc4b03cbf0ab8f40	17	experiments/legacy/exp-step5-softpll-lock/EXP-WRPC-STEP5-STATIC-NO-BOOTSTRAP-BASELINE-20260908/raw/preflight-3.rc	MATCHED_TRACKED
member	experiments/legacy/exp-step5-softpll-lock/EXP-WRPC-STEP5-STATIC-NO-BOOTSTRAP-BASELINE-20260908/raw/EXP-WRPC-STEP5-STATIC-NO-BOOTSTRAP-BASELINE-20260908.tar.gz	6db5692b2e7b7592f395ad66a9115a2eed9acc6701e7d97f9d80b17789999bd5	-	EXACT_DUPLICATE_EXTRACTED	-	-	-	-	-	-	-	-	artifacts/EXP-WRPC-STEP5-STATIC-NO-BOOTSTRAP-BASELINE-20260908/preflight-4.log	ecabbf91919c7c08b0b562e33dd466457c9b621a7f6defb4430277d5a2232e08	19662	experiments/legacy/exp-step5-softpll-lock/EXP-WRPC-STEP5-STATIC-NO-BOOTSTRAP-BASELINE-20260908/raw/preflight-4.log	MATCHED_TRACKED
member	experiments/legacy/exp-step5-softpll-lock/EXP-WRPC-STEP5-STATIC-NO-BOOTSTRAP-BASELINE-20260908/raw/EXP-WRPC-STEP5-STATIC-NO-BOOTSTRAP-BASELINE-20260908.tar.gz	6db5692b2e7b7592f395ad66a9115a2eed9acc6701e7d97f9d80b17789999bd5	-	EXACT_DUPLICATE_EXTRACTED	-	-	-	-	-	-	-	-	artifacts/EXP-WRPC-STEP5-STATIC-NO-BOOTSTRAP-BASELINE-20260908/preflight-4.rc	41bf0ee27afc859532c47b70c2b5d8450c6a6bd6edc69ea480cf8a57a3f31460	17	experiments/legacy/exp-step5-softpll-lock/EXP-WRPC-STEP5-STATIC-NO-BOOTSTRAP-BASELINE-20260908/raw/preflight-4.rc	MATCHED_TRACKED
member	experiments/legacy/exp-step5-softpll-lock/EXP-WRPC-STEP5-STATIC-NO-BOOTSTRAP-BASELINE-20260908/raw/EXP-WRPC-STEP5-STATIC-NO-BOOTSTRAP-BASELINE-20260908.tar.gz	6db5692b2e7b7592f395ad66a9115a2eed9acc6701e7d97f9d80b17789999bd5	-	EXACT_DUPLICATE_EXTRACTED	-	-	-	-	-	-	-	-	artifacts/EXP-WRPC-STEP5-STATIC-NO-BOOTSTRAP-BASELINE-20260908/preflight-5.log	7025427109e5f5041cfe9fdedf15ac246f871115d8b7c16fa4089327f6665e5f	22064	experiments/legacy/exp-step5-softpll-lock/EXP-WRPC-STEP5-STATIC-NO-BOOTSTRAP-BASELINE-20260908/raw/preflight-5.log	MATCHED_TRACKED
member	experiments/legacy/exp-step5-softpll-lock/EXP-WRPC-STEP5-STATIC-NO-BOOTSTRAP-BASELINE-20260908/raw/EXP-WRPC-STEP5-STATIC-NO-BOOTSTRAP-BASELINE-20260908.tar.gz	6db5692b2e7b7592f395ad66a9115a2eed9acc6701e7d97f9d80b17789999bd5	-	EXACT_DUPLICATE_EXTRACTED	-	-	-	-	-	-	-	-	artifacts/EXP-WRPC-STEP5-STATIC-NO-BOOTSTRAP-BASELINE-20260908/preflight-5.rc	d63b775d4b0458e19719fe4839cfc5fd67716de304cd785ec5d9eafe180cf580	17	experiments/legacy/exp-step5-softpll-lock/EXP-WRPC-STEP5-STATIC-NO-BOOTSTRAP-BASELINE-20260908/raw/preflight-5.rc	MATCHED_TRACKED
member	experiments/legacy/exp-step5-softpll-lock/EXP-WRPC-STEP5-STATIC-NO-BOOTSTRAP-BASELINE-20260908/raw/EXP-WRPC-STEP5-STATIC-NO-BOOTSTRAP-BASELINE-20260908.tar.gz	6db5692b2e7b7592f395ad66a9115a2eed9acc6701e7d97f9d80b17789999bd5	-	EXACT_DUPLICATE_EXTRACTED	-	-	-	-	-	-	-	-	artifacts/EXP-WRPC-STEP5-STATIC-NO-BOOTSTRAP-BASELINE-20260908/preflight-6.log	c93ab416bec83a96893444d8c4987b853d8194a4777d6ccec8fde579791dcea4	22064	experiments/legacy/exp-step5-softpll-lock/EXP-WRPC-STEP5-STATIC-NO-BOOTSTRAP-BASELINE-20260908/raw/preflight-6.log	MATCHED_TRACKED
member	experiments/legacy/exp-step5-softpll-lock/EXP-WRPC-STEP5-STATIC-NO-BOOTSTRAP-BASELINE-20260908/raw/EXP-WRPC-STEP5-STATIC-NO-BOOTSTRAP-BASELINE-20260908.tar.gz	6db5692b2e7b7592f395ad66a9115a2eed9acc6701e7d97f9d80b17789999bd5	-	EXACT_DUPLICATE_EXTRACTED	-	-	-	-	-	-	-	-	artifacts/EXP-WRPC-STEP5-STATIC-NO-BOOTSTRAP-BASELINE-20260908/preflight-6.rc	520454902fadf09dcf47a2b49fae828b9fca7740749c94e29899cf4aec04013b	17	experiments/legacy/exp-step5-softpll-lock/EXP-WRPC-STEP5-STATIC-NO-BOOTSTRAP-BASELINE-20260908/raw/preflight-6.rc	MATCHED_TRACKED
member	experiments/legacy/exp-step5-softpll-lock/EXP-WRPC-STEP5-STATIC-NO-BOOTSTRAP-BASELINE-20260908/raw/EXP-WRPC-STEP5-STATIC-NO-BOOTSTRAP-BASELINE-20260908.tar.gz	6db5692b2e7b7592f395ad66a9115a2eed9acc6701e7d97f9d80b17789999bd5	-	EXACT_DUPLICATE_EXTRACTED	-	-	-	-	-	-	-	-	artifacts/EXP-WRPC-STEP5-STATIC-NO-BOOTSTRAP-BASELINE-20260908/helper-smoke-120s.log	568933843467862c465b5b428ba02ce2bd63a87fa8477edd4ae2f40372409e6b	1273528	experiments/legacy/exp-step5-softpll-lock/EXP-WRPC-STEP5-STATIC-NO-BOOTSTRAP-BASELINE-20260908/raw/helper-smoke-120s.log	MATCHED_TRACKED
member	experiments/legacy/exp-step5-softpll-lock/EXP-WRPC-STEP5-STATIC-NO-BOOTSTRAP-BASELINE-20260908/raw/EXP-WRPC-STEP5-STATIC-NO-BOOTSTRAP-BASELINE-20260908.tar.gz	6db5692b2e7b7592f395ad66a9115a2eed9acc6701e7d97f9d80b17789999bd5	-	EXACT_DUPLICATE_EXTRACTED	-	-	-	-	-	-	-	-	artifacts/EXP-WRPC-STEP5-STATIC-NO-BOOTSTRAP-BASELINE-20260908/helper-smoke-120s.rc	c38409328a32cb93362bf27b33ec8b4f8168ea1ab6b7a1cfa07a53def37dcf9e	14	experiments/legacy/exp-step5-softpll-lock/EXP-WRPC-STEP5-STATIC-NO-BOOTSTRAP-BASELINE-20260908/raw/helper-smoke-120s.rc	MATCHED_TRACKED
archive	experiments/legacy/exp-step5-softpll-lock/EXP-WRPC-STEP5-STATIC-POLARITY-TELEMETRY-CLEAN-FINC-20260908/raw/EXP-WRPC-STEP5-STATIC-POLARITY-TELEMETRY-CLEAN-FINC-20260908.tar.gz	bc5450c4f92397054f23071ba8e8284b1603873561713812fb9f8568e44af159	30143	EXACT_DUPLICATE_EXTRACTED	16	16	0	-	-	-	-	MATCH	-	-	-	-	-
member	experiments/legacy/exp-step5-softpll-lock/EXP-WRPC-STEP5-STATIC-POLARITY-TELEMETRY-CLEAN-FINC-20260908/raw/EXP-WRPC-STEP5-STATIC-POLARITY-TELEMETRY-CLEAN-FINC-20260908.tar.gz	bc5450c4f92397054f23071ba8e8284b1603873561713812fb9f8568e44af159	-	EXACT_DUPLICATE_EXTRACTED	-	-	-	-	-	-	-	-	artifacts/EXP-WRPC-STEP5-STATIC-POLARITY-TELEMETRY-CLEAN-FINC-20260908/identity.txt	74e3ab2b4a2df0fa0ae5aeff391783b153e7547332b78dc4955cff6964836391	163	experiments/legacy/exp-step5-softpll-lock/EXP-WRPC-STEP5-STATIC-POLARITY-TELEMETRY-CLEAN-FINC-20260908/raw/identity.txt	MATCHED_TRACKED
member	experiments/legacy/exp-step5-softpll-lock/EXP-WRPC-STEP5-STATIC-POLARITY-TELEMETRY-CLEAN-FINC-20260908/raw/EXP-WRPC-STEP5-STATIC-POLARITY-TELEMETRY-CLEAN-FINC-20260908.tar.gz	bc5450c4f92397054f23071ba8e8284b1603873561713812fb9f8568e44af159	-	EXACT_DUPLICATE_EXTRACTED	-	-	-	-	-	-	-	-	artifacts/EXP-WRPC-STEP5-STATIC-POLARITY-TELEMETRY-CLEAN-FINC-20260908/firmware-master.log	200ecafad01daeb098287be8c633e36a5faab2c58d3e3efb796d4b188b9c93a9	13586	experiments/legacy/exp-step5-softpll-lock/EXP-WRPC-STEP5-STATIC-POLARITY-TELEMETRY-CLEAN-FINC-20260908/raw/firmware-master.log	MATCHED_TRACKED
member	experiments/legacy/exp-step5-softpll-lock/EXP-WRPC-STEP5-STATIC-POLARITY-TELEMETRY-CLEAN-FINC-20260908/raw/EXP-WRPC-STEP5-STATIC-POLARITY-TELEMETRY-CLEAN-FINC-20260908.tar.gz	bc5450c4f92397054f23071ba8e8284b1603873561713812fb9f8568e44af159	-	EXACT_DUPLICATE_EXTRACTED	-	-	-	-	-	-	-	-	artifacts/EXP-WRPC-STEP5-STATIC-POLARITY-TELEMETRY-CLEAN-FINC-20260908/firmware-slave.log	078aeb0dc8687951af77b788c095efbc34596892de4d6c8b01ae1b32aa517b21	13473	experiments/legacy/exp-step5-softpll-lock/EXP-WRPC-STEP5-STATIC-POLARITY-TELEMETRY-CLEAN-FINC-20260908/raw/firmware-slave.log	MATCHED_TRACKED
member	experiments/legacy/exp-step5-softpll-lock/EXP-WRPC-STEP5-STATIC-POLARITY-TELEMETRY-CLEAN-FINC-20260908/raw/EXP-WRPC-STEP5-STATIC-POLARITY-TELEMETRY-CLEAN-FINC-20260908.tar.gz	bc5450c4f92397054f23071ba8e8284b1603873561713812fb9f8568e44af159	-	EXACT_DUPLICATE_EXTRACTED	-	-	-	-	-	-	-	-	artifacts/EXP-WRPC-STEP5-STATIC-POLARITY-TELEMETRY-CLEAN-FINC-20260908/compile-master.log	9cc66bc519bc1c14bb5e962086c32c41911484bbae6a83e0b9768bb97fd0763e	145	experiments/legacy/exp-step5-softpll-lock/EXP-WRPC-STEP5-STATIC-POLARITY-TELEMETRY-CLEAN-FINC-20260908/raw/compile-master.log	MATCHED_TRACKED
member	experiments/legacy/exp-step5-softpll-lock/EXP-WRPC-STEP5-STATIC-POLARITY-TELEMETRY-CLEAN-FINC-20260908/raw/EXP-WRPC-STEP5-STATIC-POLARITY-TELEMETRY-CLEAN-FINC-20260908.tar.gz	bc5450c4f92397054f23071ba8e8284b1603873561713812fb9f8568e44af159	-	EXACT_DUPLICATE_EXTRACTED	-	-	-	-	-	-	-	-	artifacts/EXP-WRPC-STEP5-STATIC-POLARITY-TELEMETRY-CLEAN-FINC-20260908/compile-slave.log	3465f7ad831a53ed79b72b9654ce17ca538920826a555868a319e7ffb4d5b721	142	experiments/legacy/exp-step5-softpll-lock/EXP-WRPC-STEP5-STATIC-POLARITY-TELEMETRY-CLEAN-FINC-20260908/raw/compile-slave.log	MATCHED_TRACKED
member	experiments/legacy/exp-step5-softpll-lock/EXP-WRPC-STEP5-STATIC-POLARITY-TELEMETRY-CLEAN-FINC-20260908/raw/EXP-WRPC-STEP5-STATIC-POLARITY-TELEMETRY-CLEAN-FINC-20260908.tar.gz	bc5450c4f92397054f23071ba8e8284b1603873561713812fb9f8568e44af159	-	EXACT_DUPLICATE_EXTRACTED	-	-	-	-	-	-	-	-	artifacts/EXP-WRPC-STEP5-STATIC-POLARITY-TELEMETRY-CLEAN-FINC-20260908/build_info_jtag_master.txt	32e9606084c1f9d403799266641ed0bffe41cf28f10e5eef6e97cf80aa8f72aa	951	experiments/legacy/exp-step5-softpll-lock/EXP-WRPC-STEP5-STATIC-POLARITY-TELEMETRY-CLEAN-FINC-20260908/raw/build_info_jtag_master.txt	MATCHED_TRACKED
member	experiments/legacy/exp-step5-softpll-lock/EXP-WRPC-STEP5-STATIC-POLARITY-TELEMETRY-CLEAN-FINC-20260908/raw/EXP-WRPC-STEP5-STATIC-POLARITY-TELEMETRY-CLEAN-FINC-20260908.tar.gz	bc5450c4f92397054f23071ba8e8284b1603873561713812fb9f8568e44af159	-	EXACT_DUPLICATE_EXTRACTED	-	-	-	-	-	-	-	-	artifacts/EXP-WRPC-STEP5-STATIC-POLARITY-TELEMETRY-CLEAN-FINC-20260908/build_info_jtag_slave.txt	9cdada2c823dd9ee4d942d6f92eb525d942f58738e3c1278bf119f8ca92466d3	950	experiments/legacy/exp-step5-softpll-lock/EXP-WRPC-STEP5-STATIC-POLARITY-TELEMETRY-CLEAN-FINC-20260908/raw/build_info_jtag_slave.txt	MATCHED_TRACKED
member	experiments/legacy/exp-step5-softpll-lock/EXP-WRPC-STEP5-STATIC-POLARITY-TELEMETRY-CLEAN-FINC-20260908/raw/EXP-WRPC-STEP5-STATIC-POLARITY-TELEMETRY-CLEAN-FINC-20260908.tar.gz	bc5450c4f92397054f23071ba8e8284b1603873561713812fb9f8568e44af159	-	EXACT_DUPLICATE_EXTRACTED	-	-	-	-	-	-	-	-	artifacts/EXP-WRPC-STEP5-STATIC-POLARITY-TELEMETRY-CLEAN-FINC-20260908/program-master.log	fca8398749efa032ab451c059c1281c337f24f9172725218e4b5016a93812a34	2194	experiments/legacy/exp-step5-softpll-lock/EXP-WRPC-STEP5-STATIC-POLARITY-TELEMETRY-CLEAN-FINC-20260908/raw/program-master.log	MATCHED_TRACKED
member	experiments/legacy/exp-step5-softpll-lock/EXP-WRPC-STEP5-STATIC-POLARITY-TELEMETRY-CLEAN-FINC-20260908/raw/EXP-WRPC-STEP5-STATIC-POLARITY-TELEMETRY-CLEAN-FINC-20260908.tar.gz	bc5450c4f92397054f23071ba8e8284b1603873561713812fb9f8568e44af159	-	EXACT_DUPLICATE_EXTRACTED	-	-	-	-	-	-	-	-	artifacts/EXP-WRPC-STEP5-STATIC-POLARITY-TELEMETRY-CLEAN-FINC-20260908/program-slave.log	c7cfffc33b6f5be7ea5bee544cdce38c40256914b740e34ac53a6276c72adda9	2190	experiments/legacy/exp-step5-softpll-lock/EXP-WRPC-STEP5-STATIC-POLARITY-TELEMETRY-CLEAN-FINC-20260908/raw/program-slave.log	MATCHED_TRACKED
member	experiments/legacy/exp-step5-softpll-lock/EXP-WRPC-STEP5-STATIC-POLARITY-TELEMETRY-CLEAN-FINC-20260908/raw/EXP-WRPC-STEP5-STATIC-POLARITY-TELEMETRY-CLEAN-FINC-20260908.tar.gz	bc5450c4f92397054f23071ba8e8284b1603873561713812fb9f8568e44af159	-	EXACT_DUPLICATE_EXTRACTED	-	-	-	-	-	-	-	-	artifacts/EXP-WRPC-STEP5-STATIC-POLARITY-TELEMETRY-CLEAN-FINC-20260908/preflight-1.log	66eaed76d600ea6713018e79d16ef88b4f99a6eb5f9a87eac41a7a2fdccb6aae	19707	experiments/legacy/exp-step5-softpll-lock/EXP-WRPC-STEP5-STATIC-POLARITY-TELEMETRY-CLEAN-FINC-20260908/raw/preflight-1.log	MATCHED_TRACKED
member	experiments/legacy/exp-step5-softpll-lock/EXP-WRPC-STEP5-STATIC-POLARITY-TELEMETRY-CLEAN-FINC-20260908/raw/EXP-WRPC-STEP5-STATIC-POLARITY-TELEMETRY-CLEAN-FINC-20260908.tar.gz	bc5450c4f92397054f23071ba8e8284b1603873561713812fb9f8568e44af159	-	EXACT_DUPLICATE_EXTRACTED	-	-	-	-	-	-	-	-	artifacts/EXP-WRPC-STEP5-STATIC-POLARITY-TELEMETRY-CLEAN-FINC-20260908/preflight-2.log	f8ca565b3e39db3af1631550347d89cb3a65d8cde4177de491c389a41a648adb	19707	experiments/legacy/exp-step5-softpll-lock/EXP-WRPC-STEP5-STATIC-POLARITY-TELEMETRY-CLEAN-FINC-20260908/raw/preflight-2.log	MATCHED_TRACKED
member	experiments/legacy/exp-step5-softpll-lock/EXP-WRPC-STEP5-STATIC-POLARITY-TELEMETRY-CLEAN-FINC-20260908/raw/EXP-WRPC-STEP5-STATIC-POLARITY-TELEMETRY-CLEAN-FINC-20260908.tar.gz	bc5450c4f92397054f23071ba8e8284b1603873561713812fb9f8568e44af159	-	EXACT_DUPLICATE_EXTRACTED	-	-	-	-	-	-	-	-	artifacts/EXP-WRPC-STEP5-STATIC-POLARITY-TELEMETRY-CLEAN-FINC-20260908/reprogram-recovery-master.log	0bc3c810bcb4d759e928d51c5f3a68050e360e04cad1f2373c1f4e0625e23d37	2194	experiments/legacy/exp-step5-softpll-lock/EXP-WRPC-STEP5-STATIC-POLARITY-TELEMETRY-CLEAN-FINC-20260908/raw/reprogram-recovery-master.log	MATCHED_TRACKED
member	experiments/legacy/exp-step5-softpll-lock/EXP-WRPC-STEP5-STATIC-POLARITY-TELEMETRY-CLEAN-FINC-20260908/raw/EXP-WRPC-STEP5-STATIC-POLARITY-TELEMETRY-CLEAN-FINC-20260908.tar.gz	bc5450c4f92397054f23071ba8e8284b1603873561713812fb9f8568e44af159	-	EXACT_DUPLICATE_EXTRACTED	-	-	-	-	-	-	-	-	artifacts/EXP-WRPC-STEP5-STATIC-POLARITY-TELEMETRY-CLEAN-FINC-20260908/reprogram-recovery-slave.log	217f6fd93d6c8d1dcac15655d2621687999310cf124c9056965f302402473a0d	2190	experiments/legacy/exp-step5-softpll-lock/EXP-WRPC-STEP5-STATIC-POLARITY-TELEMETRY-CLEAN-FINC-20260908/raw/reprogram-recovery-slave.log	MATCHED_TRACKED
member	experiments/legacy/exp-step5-softpll-lock/EXP-WRPC-STEP5-STATIC-POLARITY-TELEMETRY-CLEAN-FINC-20260908/raw/EXP-WRPC-STEP5-STATIC-POLARITY-TELEMETRY-CLEAN-FINC-20260908.tar.gz	bc5450c4f92397054f23071ba8e8284b1603873561713812fb9f8568e44af159	-	EXACT_DUPLICATE_EXTRACTED	-	-	-	-	-	-	-	-	artifacts/EXP-WRPC-STEP5-STATIC-POLARITY-TELEMETRY-CLEAN-FINC-20260908/preflight-3.log	6c1ca5c0b63cbf8f4e5e42699f42b2dcbf8e7be94c8efc4fb191f6e3e2a80609	19685	experiments/legacy/exp-step5-softpll-lock/EXP-WRPC-STEP5-STATIC-POLARITY-TELEMETRY-CLEAN-FINC-20260908/raw/preflight-3.log	MATCHED_TRACKED
member	experiments/legacy/exp-step5-softpll-lock/EXP-WRPC-STEP5-STATIC-POLARITY-TELEMETRY-CLEAN-FINC-20260908/raw/EXP-WRPC-STEP5-STATIC-POLARITY-TELEMETRY-CLEAN-FINC-20260908.tar.gz	bc5450c4f92397054f23071ba8e8284b1603873561713812fb9f8568e44af159	-	EXACT_DUPLICATE_EXTRACTED	-	-	-	-	-	-	-	-	artifacts/EXP-WRPC-STEP5-STATIC-POLARITY-TELEMETRY-CLEAN-FINC-20260908/preflight-4.log	adc05ac634625dcd37d5361b3a89201598d374d22e919b8d2287d0fae90eb3cc	22088	experiments/legacy/exp-step5-softpll-lock/EXP-WRPC-STEP5-STATIC-POLARITY-TELEMETRY-CLEAN-FINC-20260908/raw/preflight-4.log	MATCHED_TRACKED
member	experiments/legacy/exp-step5-softpll-lock/EXP-WRPC-STEP5-STATIC-POLARITY-TELEMETRY-CLEAN-FINC-20260908/raw/EXP-WRPC-STEP5-STATIC-POLARITY-TELEMETRY-CLEAN-FINC-20260908.tar.gz	bc5450c4f92397054f23071ba8e8284b1603873561713812fb9f8568e44af159	-	EXACT_DUPLICATE_EXTRACTED	-	-	-	-	-	-	-	-	artifacts/EXP-WRPC-STEP5-STATIC-POLARITY-TELEMETRY-CLEAN-FINC-20260908/helper-smoke-120s.log	8e96e21e5bf398b62aa5a3fb33f95495f642b2275a7a7b6c53600243df191c0b	869847	experiments/legacy/exp-step5-softpll-lock/EXP-WRPC-STEP5-STATIC-POLARITY-TELEMETRY-CLEAN-FINC-20260908/raw/helper-smoke-120s.log	MATCHED_TRACKED
archive	experiments/legacy/exp-step5-softpll-lock/EXP-WRPC-STEP5-STATIC-POLARITY-TELEMETRY-FRESH-POWER-20260908/raw/EXP-WRPC-STEP5-STATIC-POLARITY-TELEMETRY-FRESH-POWER-20260908.tar.gz	dc296c60673e9ef300d91121826766d3e1b3fe5f40d5470212b972b535e8db24	28402	EXACT_DUPLICATE_EXTRACTED	14	14	0	-	-	-	-	MATCH	-	-	-	-	-
member	experiments/legacy/exp-step5-softpll-lock/EXP-WRPC-STEP5-STATIC-POLARITY-TELEMETRY-FRESH-POWER-20260908/raw/EXP-WRPC-STEP5-STATIC-POLARITY-TELEMETRY-FRESH-POWER-20260908.tar.gz	dc296c60673e9ef300d91121826766d3e1b3fe5f40d5470212b972b535e8db24	-	EXACT_DUPLICATE_EXTRACTED	-	-	-	-	-	-	-	-	EXP-WRPC-STEP5-STATIC-POLARITY-TELEMETRY-FRESH-POWER-20260908/identity.txt	95dc42fc13034819795e6d9a9bdcc55dc88d8cd237551bde4230bb196d510766	1038	experiments/legacy/exp-step5-softpll-lock/EXP-WRPC-STEP5-STATIC-POLARITY-TELEMETRY-FRESH-POWER-20260908/raw/EXP-WRPC-STEP5-STATIC-POLARITY-TELEMETRY-FRESH-POWER-20260908/identity.txt	MATCHED_TRACKED
member	experiments/legacy/exp-step5-softpll-lock/EXP-WRPC-STEP5-STATIC-POLARITY-TELEMETRY-FRESH-POWER-20260908/raw/EXP-WRPC-STEP5-STATIC-POLARITY-TELEMETRY-FRESH-POWER-20260908.tar.gz	dc296c60673e9ef300d91121826766d3e1b3fe5f40d5470212b972b535e8db24	-	EXACT_DUPLICATE_EXTRACTED	-	-	-	-	-	-	-	-	EXP-WRPC-STEP5-STATIC-POLARITY-TELEMETRY-FRESH-POWER-20260908/firmware-master.log	200ecafad01daeb098287be8c633e36a5faab2c58d3e3efb796d4b188b9c93a9	13586	experiments/legacy/exp-step5-softpll-lock/EXP-WRPC-STEP5-STATIC-POLARITY-TELEMETRY-FRESH-POWER-20260908/raw/EXP-WRPC-STEP5-STATIC-POLARITY-TELEMETRY-FRESH-POWER-20260908/firmware-master.log	MATCHED_TRACKED
member	experiments/legacy/exp-step5-softpll-lock/EXP-WRPC-STEP5-STATIC-POLARITY-TELEMETRY-FRESH-POWER-20260908/raw/EXP-WRPC-STEP5-STATIC-POLARITY-TELEMETRY-FRESH-POWER-20260908.tar.gz	dc296c60673e9ef300d91121826766d3e1b3fe5f40d5470212b972b535e8db24	-	EXACT_DUPLICATE_EXTRACTED	-	-	-	-	-	-	-	-	EXP-WRPC-STEP5-STATIC-POLARITY-TELEMETRY-FRESH-POWER-20260908/firmware-slave.log	078aeb0dc8687951af77b788c095efbc34596892de4d6c8b01ae1b32aa517b21	13473	experiments/legacy/exp-step5-softpll-lock/EXP-WRPC-STEP5-STATIC-POLARITY-TELEMETRY-FRESH-POWER-20260908/raw/EXP-WRPC-STEP5-STATIC-POLARITY-TELEMETRY-FRESH-POWER-20260908/firmware-slave.log	MATCHED_TRACKED
member	experiments/legacy/exp-step5-softpll-lock/EXP-WRPC-STEP5-STATIC-POLARITY-TELEMETRY-FRESH-POWER-20260908/raw/EXP-WRPC-STEP5-STATIC-POLARITY-TELEMETRY-FRESH-POWER-20260908.tar.gz	dc296c60673e9ef300d91121826766d3e1b3fe5f40d5470212b972b535e8db24	-	EXACT_DUPLICATE_EXTRACTED	-	-	-	-	-	-	-	-	EXP-WRPC-STEP5-STATIC-POLARITY-TELEMETRY-FRESH-POWER-20260908/compile-master.log	9cc66bc519bc1c14bb5e962086c32c41911484bbae6a83e0b9768bb97fd0763e	145	experiments/legacy/exp-step5-softpll-lock/EXP-WRPC-STEP5-STATIC-POLARITY-TELEMETRY-FRESH-POWER-20260908/raw/EXP-WRPC-STEP5-STATIC-POLARITY-TELEMETRY-FRESH-POWER-20260908/compile-master.log	MATCHED_TRACKED
member	experiments/legacy/exp-step5-softpll-lock/EXP-WRPC-STEP5-STATIC-POLARITY-TELEMETRY-FRESH-POWER-20260908/raw/EXP-WRPC-STEP5-STATIC-POLARITY-TELEMETRY-FRESH-POWER-20260908.tar.gz	dc296c60673e9ef300d91121826766d3e1b3fe5f40d5470212b972b535e8db24	-	EXACT_DUPLICATE_EXTRACTED	-	-	-	-	-	-	-	-	EXP-WRPC-STEP5-STATIC-POLARITY-TELEMETRY-FRESH-POWER-20260908/build_info_jtag_master.txt	a09c7d8e60fb6d56825f5bf7a0449924f84cbb507f524e17750a2d6c15d5c287	951	experiments/legacy/exp-step5-softpll-lock/EXP-WRPC-STEP5-STATIC-POLARITY-TELEMETRY-FRESH-POWER-20260908/raw/EXP-WRPC-STEP5-STATIC-POLARITY-TELEMETRY-FRESH-POWER-20260908/build_info_jtag_master.txt	MATCHED_TRACKED
member	experiments/legacy/exp-step5-softpll-lock/EXP-WRPC-STEP5-STATIC-POLARITY-TELEMETRY-FRESH-POWER-20260908/raw/EXP-WRPC-STEP5-STATIC-POLARITY-TELEMETRY-FRESH-POWER-20260908.tar.gz	dc296c60673e9ef300d91121826766d3e1b3fe5f40d5470212b972b535e8db24	-	EXACT_DUPLICATE_EXTRACTED	-	-	-	-	-	-	-	-	EXP-WRPC-STEP5-STATIC-POLARITY-TELEMETRY-FRESH-POWER-20260908/compile-slave.log	3465f7ad831a53ed79b72b9654ce17ca538920826a555868a319e7ffb4d5b721	142	experiments/legacy/exp-step5-softpll-lock/EXP-WRPC-STEP5-STATIC-POLARITY-TELEMETRY-FRESH-POWER-20260908/raw/EXP-WRPC-STEP5-STATIC-POLARITY-TELEMETRY-FRESH-POWER-20260908/compile-slave.log	MATCHED_TRACKED
member	experiments/legacy/exp-step5-softpll-lock/EXP-WRPC-STEP5-STATIC-POLARITY-TELEMETRY-FRESH-POWER-20260908/raw/EXP-WRPC-STEP5-STATIC-POLARITY-TELEMETRY-FRESH-POWER-20260908.tar.gz	dc296c60673e9ef300d91121826766d3e1b3fe5f40d5470212b972b535e8db24	-	EXACT_DUPLICATE_EXTRACTED	-	-	-	-	-	-	-	-	EXP-WRPC-STEP5-STATIC-POLARITY-TELEMETRY-FRESH-POWER-20260908/build_info_jtag_slave.txt	388b46b15927111da2b87774081cfdef76452de0f9045fa8654d27957982a436	950	experiments/legacy/exp-step5-softpll-lock/EXP-WRPC-STEP5-STATIC-POLARITY-TELEMETRY-FRESH-POWER-20260908/raw/EXP-WRPC-STEP5-STATIC-POLARITY-TELEMETRY-FRESH-POWER-20260908/build_info_jtag_slave.txt	MATCHED_TRACKED
member	experiments/legacy/exp-step5-softpll-lock/EXP-WRPC-STEP5-STATIC-POLARITY-TELEMETRY-FRESH-POWER-20260908/raw/EXP-WRPC-STEP5-STATIC-POLARITY-TELEMETRY-FRESH-POWER-20260908.tar.gz	dc296c60673e9ef300d91121826766d3e1b3fe5f40d5470212b972b535e8db24	-	EXACT_DUPLICATE_EXTRACTED	-	-	-	-	-	-	-	-	EXP-WRPC-STEP5-STATIC-POLARITY-TELEMETRY-FRESH-POWER-20260908/program-master-user.log	b53b78585234bf2b0d1acbd5981e6598060b626b68a89d106ccc2764339d01f7	2194	experiments/legacy/exp-step5-softpll-lock/EXP-WRPC-STEP5-STATIC-POLARITY-TELEMETRY-FRESH-POWER-20260908/raw/EXP-WRPC-STEP5-STATIC-POLARITY-TELEMETRY-FRESH-POWER-20260908/program-master-user.log	MATCHED_TRACKED
member	experiments/legacy/exp-step5-softpll-lock/EXP-WRPC-STEP5-STATIC-POLARITY-TELEMETRY-FRESH-POWER-20260908/raw/EXP-WRPC-STEP5-STATIC-POLARITY-TELEMETRY-FRESH-POWER-20260908.tar.gz	dc296c60673e9ef300d91121826766d3e1b3fe5f40d5470212b972b535e8db24	-	EXACT_DUPLICATE_EXTRACTED	-	-	-	-	-	-	-	-	EXP-WRPC-STEP5-STATIC-POLARITY-TELEMETRY-FRESH-POWER-20260908/program-slave-user.log	63f924e6cd886515d5465712423fb905137e5b80dd094aa82e2ec7f98c3817cc	2189	experiments/legacy/exp-step5-softpll-lock/EXP-WRPC-STEP5-STATIC-POLARITY-TELEMETRY-FRESH-POWER-20260908/raw/EXP-WRPC-STEP5-STATIC-POLARITY-TELEMETRY-FRESH-POWER-20260908/program-slave-user.log	MATCHED_TRACKED
member	experiments/legacy/exp-step5-softpll-lock/EXP-WRPC-STEP5-STATIC-POLARITY-TELEMETRY-FRESH-POWER-20260908/raw/EXP-WRPC-STEP5-STATIC-POLARITY-TELEMETRY-FRESH-POWER-20260908.tar.gz	dc296c60673e9ef300d91121826766d3e1b3fe5f40d5470212b972b535e8db24	-	EXACT_DUPLICATE_EXTRACTED	-	-	-	-	-	-	-	-	EXP-WRPC-STEP5-STATIC-POLARITY-TELEMETRY-FRESH-POWER-20260908/preflight-1.log	92a07a839a97fb472cd0f315c24e8c5404b641c6b2670e33b86556663ae33579	19706	experiments/legacy/exp-step5-softpll-lock/EXP-WRPC-STEP5-STATIC-POLARITY-TELEMETRY-FRESH-POWER-20260908/raw/EXP-WRPC-STEP5-STATIC-POLARITY-TELEMETRY-FRESH-POWER-20260908/preflight-1.log	MATCHED_TRACKED
member	experiments/legacy/exp-step5-softpll-lock/EXP-WRPC-STEP5-STATIC-POLARITY-TELEMETRY-FRESH-POWER-20260908/raw/EXP-WRPC-STEP5-STATIC-POLARITY-TELEMETRY-FRESH-POWER-20260908.tar.gz	dc296c60673e9ef300d91121826766d3e1b3fe5f40d5470212b972b535e8db24	-	EXACT_DUPLICATE_EXTRACTED	-	-	-	-	-	-	-	-	EXP-WRPC-STEP5-STATIC-POLARITY-TELEMETRY-FRESH-POWER-20260908/preflight-2.log	785a06d57c1d43527957ff2bbe60067f758b5b28d2e8f6344a71d8f74d29cf53	19707	experiments/legacy/exp-step5-softpll-lock/EXP-WRPC-STEP5-STATIC-POLARITY-TELEMETRY-FRESH-POWER-20260908/raw/EXP-WRPC-STEP5-STATIC-POLARITY-TELEMETRY-FRESH-POWER-20260908/preflight-2.log	MATCHED_TRACKED
member	experiments/legacy/exp-step5-softpll-lock/EXP-WRPC-STEP5-STATIC-POLARITY-TELEMETRY-FRESH-POWER-20260908/raw/EXP-WRPC-STEP5-STATIC-POLARITY-TELEMETRY-FRESH-POWER-20260908.tar.gz	dc296c60673e9ef300d91121826766d3e1b3fe5f40d5470212b972b535e8db24	-	EXACT_DUPLICATE_EXTRACTED	-	-	-	-	-	-	-	-	EXP-WRPC-STEP5-STATIC-POLARITY-TELEMETRY-FRESH-POWER-20260908/reprogram-recovery.log	f96c2fec017d9c05b0b3688d6c5d3b5446bcdf8fbb205ff882c436b5e6af1dfe	4405	experiments/legacy/exp-step5-softpll-lock/EXP-WRPC-STEP5-STATIC-POLARITY-TELEMETRY-FRESH-POWER-20260908/raw/EXP-WRPC-STEP5-STATIC-POLARITY-TELEMETRY-FRESH-POWER-20260908/reprogram-recovery.log	MATCHED_TRACKED
member	experiments/legacy/exp-step5-softpll-lock/EXP-WRPC-STEP5-STATIC-POLARITY-TELEMETRY-FRESH-POWER-20260908/raw/EXP-WRPC-STEP5-STATIC-POLARITY-TELEMETRY-FRESH-POWER-20260908.tar.gz	dc296c60673e9ef300d91121826766d3e1b3fe5f40d5470212b972b535e8db24	-	EXACT_DUPLICATE_EXTRACTED	-	-	-	-	-	-	-	-	EXP-WRPC-STEP5-STATIC-POLARITY-TELEMETRY-FRESH-POWER-20260908/preflight-3.log	7e4a2cecc86fd1f235690f4cdee7083a37ba653e9604fd7df03da2652b4402c4	22088	experiments/legacy/exp-step5-softpll-lock/EXP-WRPC-STEP5-STATIC-POLARITY-TELEMETRY-FRESH-POWER-20260908/raw/EXP-WRPC-STEP5-STATIC-POLARITY-TELEMETRY-FRESH-POWER-20260908/preflight-3.log	MATCHED_TRACKED
member	experiments/legacy/exp-step5-softpll-lock/EXP-WRPC-STEP5-STATIC-POLARITY-TELEMETRY-FRESH-POWER-20260908/raw/EXP-WRPC-STEP5-STATIC-POLARITY-TELEMETRY-FRESH-POWER-20260908.tar.gz	dc296c60673e9ef300d91121826766d3e1b3fe5f40d5470212b972b535e8db24	-	EXACT_DUPLICATE_EXTRACTED	-	-	-	-	-	-	-	-	EXP-WRPC-STEP5-STATIC-POLARITY-TELEMETRY-FRESH-POWER-20260908/helper-smoke-120s.log	285a2ace84589af247c0810635dcd1c4fd3c177787297180e749fad7e2678512	869858	experiments/legacy/exp-step5-softpll-lock/EXP-WRPC-STEP5-STATIC-POLARITY-TELEMETRY-FRESH-POWER-20260908/raw/EXP-WRPC-STEP5-STATIC-POLARITY-TELEMETRY-FRESH-POWER-20260908/helper-smoke-120s.log	MATCHED_TRACKED
archive	experiments/legacy/exp-step5-softpll-lock/EXP-WRPC-STEP5-TRUE-BASELINE-3388-MAIN-KP300-HELPER-KP-MINUS150-COOLDOWN0-20260912/raw-observer.tar.gz	3ca2a9d70a889e71f86ac9b9d71b3aa2c5bb78badce341196b2108f3e82f253d	308044	KEEP_UNIQUE_OR_AMBIGUOUS	7	0	0	-	-	-	-	MATCH	-	-	-	-	-
member	experiments/legacy/exp-step5-softpll-lock/EXP-WRPC-STEP5-TRUE-BASELINE-3388-MAIN-KP300-HELPER-KP-MINUS150-COOLDOWN0-20260912/raw-observer.tar.gz	3ca2a9d70a889e71f86ac9b9d71b3aa2c5bb78badce341196b2108f3e82f253d	-	KEEP_UNIQUE_OR_AMBIGUOUS	-	-	-	-	-	-	-	-	tmp/observer-step5-true-baseline-20260912.log	b58df741c8a01b757c78c8bb31084285e3efc9cb48932bb47c6f06241f3426b3	2754805	-	UNMATCHED
member	experiments/legacy/exp-step5-softpll-lock/EXP-WRPC-STEP5-TRUE-BASELINE-3388-MAIN-KP300-HELPER-KP-MINUS150-COOLDOWN0-20260912/raw-observer.tar.gz	3ca2a9d70a889e71f86ac9b9d71b3aa2c5bb78badce341196b2108f3e82f253d	-	KEEP_UNIQUE_OR_AMBIGUOUS	-	-	-	-	-	-	-	-	tmp/programming-summary-20260912.txt	ef3a0418a874c39ebae021401fa84801d51f4a9a79154070e5cec8ec632109f4	165	-	UNMATCHED
member	experiments/legacy/exp-step5-softpll-lock/EXP-WRPC-STEP5-TRUE-BASELINE-3388-MAIN-KP300-HELPER-KP-MINUS150-COOLDOWN0-20260912/raw-observer.tar.gz	3ca2a9d70a889e71f86ac9b9d71b3aa2c5bb78badce341196b2108f3e82f253d	-	KEEP_UNIQUE_OR_AMBIGUOUS	-	-	-	-	-	-	-	-	tmp/build-master-20260912.log	096936238dadbf61069f5d8731ec7e8b7d4bc7988f2aa51e4346b89ff07ea755	519654	-	UNMATCHED
member	experiments/legacy/exp-step5-softpll-lock/EXP-WRPC-STEP5-TRUE-BASELINE-3388-MAIN-KP300-HELPER-KP-MINUS150-COOLDOWN0-20260912/raw-observer.tar.gz	3ca2a9d70a889e71f86ac9b9d71b3aa2c5bb78badce341196b2108f3e82f253d	-	KEEP_UNIQUE_OR_AMBIGUOUS	-	-	-	-	-	-	-	-	tmp/build-info-master-20260912.txt	2a231878670915f3995d9250fd35fefa779ad7d3bcba0307e99e9f5fe9acba8c	952	-	UNMATCHED
member	experiments/legacy/exp-step5-softpll-lock/EXP-WRPC-STEP5-TRUE-BASELINE-3388-MAIN-KP300-HELPER-KP-MINUS150-COOLDOWN0-20260912/raw-observer.tar.gz	3ca2a9d70a889e71f86ac9b9d71b3aa2c5bb78badce341196b2108f3e82f253d	-	KEEP_UNIQUE_OR_AMBIGUOUS	-	-	-	-	-	-	-	-	tmp/build-slave-20260912.log	5b5c644ee4bb6a784f82c6513dd2c916e8138a7fd0be9524ed7c0b4ae1fdfb96	547786	-	UNMATCHED
member	experiments/legacy/exp-step5-softpll-lock/EXP-WRPC-STEP5-TRUE-BASELINE-3388-MAIN-KP300-HELPER-KP-MINUS150-COOLDOWN0-20260912/raw-observer.tar.gz	3ca2a9d70a889e71f86ac9b9d71b3aa2c5bb78badce341196b2108f3e82f253d	-	KEEP_UNIQUE_OR_AMBIGUOUS	-	-	-	-	-	-	-	-	tmp/build-info-slave-20260912.txt	a9af6bcd63cae30033724606db623f194996248038256b89312cb842bdca0363	950	-	UNMATCHED
member	experiments/legacy/exp-step5-softpll-lock/EXP-WRPC-STEP5-TRUE-BASELINE-3388-MAIN-KP300-HELPER-KP-MINUS150-COOLDOWN0-20260912/raw-observer.tar.gz	3ca2a9d70a889e71f86ac9b9d71b3aa2c5bb78badce341196b2108f3e82f253d	-	KEEP_UNIQUE_OR_AMBIGUOUS	-	-	-	-	-	-	-	-	tmp/preflight-step5-true-baseline-20260912.log	823b6363ac37c8d4f3dc8d94ccadfa4536aad774ff09d28a93c2041844e70469	22068	-	UNMATCHED
archive	experiments/legacy/exp-step5-softpll-lock/EXP-WRPC-STEP5-TRUE-BASELINE-ACCOUNTING-FIX-3388-KP-MINUS150-COOLDOWN0-20260912/raw-observer.tar.gz	583b0c67b0e5653a5645bffe0883a4715a2a77164f54c29aaef9b174ac9cbfc2	306542	KEEP_UNIQUE_OR_AMBIGUOUS	7	0	0	-	-	-	-	MATCH	-	-	-	-	-
member	experiments/legacy/exp-step5-softpll-lock/EXP-WRPC-STEP5-TRUE-BASELINE-ACCOUNTING-FIX-3388-KP-MINUS150-COOLDOWN0-20260912/raw-observer.tar.gz	583b0c67b0e5653a5645bffe0883a4715a2a77164f54c29aaef9b174ac9cbfc2	-	KEEP_UNIQUE_OR_AMBIGUOUS	-	-	-	-	-	-	-	-	tmp/programming-summary-20260912.txt	72332c48013b3f3dd3a91e6168951c132e2e60c1c2ba3bfb5f270d2074f753d8	165	-	UNMATCHED
member	experiments/legacy/exp-step5-softpll-lock/EXP-WRPC-STEP5-TRUE-BASELINE-ACCOUNTING-FIX-3388-KP-MINUS150-COOLDOWN0-20260912/raw-observer.tar.gz	583b0c67b0e5653a5645bffe0883a4715a2a77164f54c29aaef9b174ac9cbfc2	-	KEEP_UNIQUE_OR_AMBIGUOUS	-	-	-	-	-	-	-	-	tmp/build-master-20260912.log	9ccf9783487661bb636b02f5f9010ce5806fc120b480f81d81e39d4d4a354a0b	519654	-	UNMATCHED
member	experiments/legacy/exp-step5-softpll-lock/EXP-WRPC-STEP5-TRUE-BASELINE-ACCOUNTING-FIX-3388-KP-MINUS150-COOLDOWN0-20260912/raw-observer.tar.gz	583b0c67b0e5653a5645bffe0883a4715a2a77164f54c29aaef9b174ac9cbfc2	-	KEEP_UNIQUE_OR_AMBIGUOUS	-	-	-	-	-	-	-	-	tmp/build-info-master-20260912.txt	8e563bd0930074798bf71227df225c11725ca19847e38a5c746439e10f4b7f64	952	-	UNMATCHED
member	experiments/legacy/exp-step5-softpll-lock/EXP-WRPC-STEP5-TRUE-BASELINE-ACCOUNTING-FIX-3388-KP-MINUS150-COOLDOWN0-20260912/raw-observer.tar.gz	583b0c67b0e5653a5645bffe0883a4715a2a77164f54c29aaef9b174ac9cbfc2	-	KEEP_UNIQUE_OR_AMBIGUOUS	-	-	-	-	-	-	-	-	tmp/preflight-20260912.log	d66fd5c71cb338609c60051ed03291b09eb2051974b38bfb7043e747d8c1857d	22066	-	UNMATCHED
member	experiments/legacy/exp-step5-softpll-lock/EXP-WRPC-STEP5-TRUE-BASELINE-ACCOUNTING-FIX-3388-KP-MINUS150-COOLDOWN0-20260912/raw-observer.tar.gz	583b0c67b0e5653a5645bffe0883a4715a2a77164f54c29aaef9b174ac9cbfc2	-	KEEP_UNIQUE_OR_AMBIGUOUS	-	-	-	-	-	-	-	-	tmp/build-slave-20260912.log	9c9a1cbb07a8a9e68c17e7b991a0c3559422161c84070a366a149bb844add0de	547786	-	UNMATCHED
member	experiments/legacy/exp-step5-softpll-lock/EXP-WRPC-STEP5-TRUE-BASELINE-ACCOUNTING-FIX-3388-KP-MINUS150-COOLDOWN0-20260912/raw-observer.tar.gz	583b0c67b0e5653a5645bffe0883a4715a2a77164f54c29aaef9b174ac9cbfc2	-	KEEP_UNIQUE_OR_AMBIGUOUS	-	-	-	-	-	-	-	-	tmp/build-info-slave-20260912.txt	2394ab9b9e332cfe77d9482c71ab5e9123899e41a89aefcc291b669b019d58b9	950	-	UNMATCHED
member	experiments/legacy/exp-step5-softpll-lock/EXP-WRPC-STEP5-TRUE-BASELINE-ACCOUNTING-FIX-3388-KP-MINUS150-COOLDOWN0-20260912/raw-observer.tar.gz	583b0c67b0e5653a5645bffe0883a4715a2a77164f54c29aaef9b174ac9cbfc2	-	KEEP_UNIQUE_OR_AMBIGUOUS	-	-	-	-	-	-	-	-	tmp/observer-20260912.log	feb328aa78f99cf6ace7a6fb71fd8ae8e214c37b7723927e13aebd758b5b2870	2754763	-	UNMATCHED
archive	experiments/legacy/exp-step5-softpll-lock/EXP-WRPC-STEP5-TRUE-BASELINE-REVALIDATION-KP-MINUS150-3388-COOLDOWN0-20260912/step5-baseline-cooldown0-raw.tar.gz	00312e0a42f47bf356061ef2900f9e5f59c6a28a0f9bd4072b35ca400e2ec100	261031	EXACT_DUPLICATE_EXTRACTED	9	9	0	-	-	-	-	MATCH	-	-	-	-	-
member	experiments/legacy/exp-step5-softpll-lock/EXP-WRPC-STEP5-TRUE-BASELINE-REVALIDATION-KP-MINUS150-3388-COOLDOWN0-20260912/step5-baseline-cooldown0-raw.tar.gz	00312e0a42f47bf356061ef2900f9e5f59c6a28a0f9bd4072b35ca400e2ec100	-	EXACT_DUPLICATE_EXTRACTED	-	-	-	-	-	-	-	-	tmp/programming-summary-20260912.txt	abe4a70076f3e2234c59a7d1c2049d3f0f92e4d01b1ac493a9d3fb9bab0b397a	105	experiments/legacy/exp-step5-softpll-lock/EXP-WRPC-STEP5-TRUE-BASELINE-REVALIDATION-KP-MINUS150-3388-COOLDOWN0-20260912/tmp/programming-summary-20260912.txt	MATCHED_TRACKED
member	experiments/legacy/exp-step5-softpll-lock/EXP-WRPC-STEP5-TRUE-BASELINE-REVALIDATION-KP-MINUS150-3388-COOLDOWN0-20260912/step5-baseline-cooldown0-raw.tar.gz	00312e0a42f47bf356061ef2900f9e5f59c6a28a0f9bd4072b35ca400e2ec100	-	EXACT_DUPLICATE_EXTRACTED	-	-	-	-	-	-	-	-	tmp/build-master-20260912.log	146c9b4d0344d486cc22da119635fd96884b1ca436042cc24d563d2b2545349f	248	experiments/legacy/exp-step5-softpll-lock/EXP-WRPC-STEP5-TRUE-BASELINE-REVALIDATION-KP-MINUS150-3388-COOLDOWN0-20260912/tmp/build-master-20260912.log	MATCHED_TRACKED
member	experiments/legacy/exp-step5-softpll-lock/EXP-WRPC-STEP5-TRUE-BASELINE-REVALIDATION-KP-MINUS150-3388-COOLDOWN0-20260912/step5-baseline-cooldown0-raw.tar.gz	00312e0a42f47bf356061ef2900f9e5f59c6a28a0f9bd4072b35ca400e2ec100	-	EXACT_DUPLICATE_EXTRACTED	-	-	-	-	-	-	-	-	tmp/build-info-master-20260912.txt	9735b774306d5655e30690b3721e0edee943115ee7381337a39411a79fb2d54a	952	experiments/legacy/exp-step5-softpll-lock/EXP-WRPC-STEP5-TRUE-BASELINE-REVALIDATION-KP-MINUS150-3388-COOLDOWN0-20260912/tmp/build-info-master-20260912.txt	MATCHED_TRACKED
member	experiments/legacy/exp-step5-softpll-lock/EXP-WRPC-STEP5-TRUE-BASELINE-REVALIDATION-KP-MINUS150-3388-COOLDOWN0-20260912/step5-baseline-cooldown0-raw.tar.gz	00312e0a42f47bf356061ef2900f9e5f59c6a28a0f9bd4072b35ca400e2ec100	-	EXACT_DUPLICATE_EXTRACTED	-	-	-	-	-	-	-	-	tmp/preflight-20260912.log	8136cdd13067029b7c8f74022c1e43796a2c3098ca6121df0142ebf95337ef46	22082	experiments/legacy/exp-step5-softpll-lock/EXP-WRPC-STEP5-TRUE-BASELINE-REVALIDATION-KP-MINUS150-3388-COOLDOWN0-20260912/tmp/preflight-20260912.log	MATCHED_TRACKED
member	experiments/legacy/exp-step5-softpll-lock/EXP-WRPC-STEP5-TRUE-BASELINE-REVALIDATION-KP-MINUS150-3388-COOLDOWN0-20260912/step5-baseline-cooldown0-raw.tar.gz	00312e0a42f47bf356061ef2900f9e5f59c6a28a0f9bd4072b35ca400e2ec100	-	EXACT_DUPLICATE_EXTRACTED	-	-	-	-	-	-	-	-	tmp/build-slave-20260912.log	3a728e944efde6ac85290ba1d94fbdcfc5e08e9929dc94a8a8c9f10865e7dac2	243	experiments/legacy/exp-step5-softpll-lock/EXP-WRPC-STEP5-TRUE-BASELINE-REVALIDATION-KP-MINUS150-3388-COOLDOWN0-20260912/tmp/build-slave-20260912.log	MATCHED_TRACKED
member	experiments/legacy/exp-step5-softpll-lock/EXP-WRPC-STEP5-TRUE-BASELINE-REVALIDATION-KP-MINUS150-3388-COOLDOWN0-20260912/step5-baseline-cooldown0-raw.tar.gz	00312e0a42f47bf356061ef2900f9e5f59c6a28a0f9bd4072b35ca400e2ec100	-	EXACT_DUPLICATE_EXTRACTED	-	-	-	-	-	-	-	-	tmp/program-master-20260912.log	648aea034c6c0314ab3cf67707f54418f4471001fd7b6ca706b97b1256c84fe8	2228	experiments/legacy/exp-step5-softpll-lock/EXP-WRPC-STEP5-TRUE-BASELINE-REVALIDATION-KP-MINUS150-3388-COOLDOWN0-20260912/tmp/program-master-20260912.log	MATCHED_TRACKED
member	experiments/legacy/exp-step5-softpll-lock/EXP-WRPC-STEP5-TRUE-BASELINE-REVALIDATION-KP-MINUS150-3388-COOLDOWN0-20260912/step5-baseline-cooldown0-raw.tar.gz	00312e0a42f47bf356061ef2900f9e5f59c6a28a0f9bd4072b35ca400e2ec100	-	EXACT_DUPLICATE_EXTRACTED	-	-	-	-	-	-	-	-	tmp/build-info-slave-20260912.txt	70749b35a965b056843345fec4bd27aafd14355ebf3871d932290068255eee66	950	experiments/legacy/exp-step5-softpll-lock/EXP-WRPC-STEP5-TRUE-BASELINE-REVALIDATION-KP-MINUS150-3388-COOLDOWN0-20260912/tmp/build-info-slave-20260912.txt	MATCHED_TRACKED
member	experiments/legacy/exp-step5-softpll-lock/EXP-WRPC-STEP5-TRUE-BASELINE-REVALIDATION-KP-MINUS150-3388-COOLDOWN0-20260912/step5-baseline-cooldown0-raw.tar.gz	00312e0a42f47bf356061ef2900f9e5f59c6a28a0f9bd4072b35ca400e2ec100	-	EXACT_DUPLICATE_EXTRACTED	-	-	-	-	-	-	-	-	tmp/observer-20260912.log	f4626c8ac0c2026d73ddff99ddc2abd69f64f5f193a7dd447004fbc7a0216b4d	2764919	experiments/legacy/exp-step5-softpll-lock/EXP-WRPC-STEP5-TRUE-BASELINE-REVALIDATION-KP-MINUS150-3388-COOLDOWN0-20260912/tmp/observer-20260912.log	MATCHED_TRACKED
member	experiments/legacy/exp-step5-softpll-lock/EXP-WRPC-STEP5-TRUE-BASELINE-REVALIDATION-KP-MINUS150-3388-COOLDOWN0-20260912/step5-baseline-cooldown0-raw.tar.gz	00312e0a42f47bf356061ef2900f9e5f59c6a28a0f9bd4072b35ca400e2ec100	-	EXACT_DUPLICATE_EXTRACTED	-	-	-	-	-	-	-	-	tmp/program-slave-20260912.log	f34b141afbd128607e1a5eb342fc2122917be78bd800b4db325e356cdb1c3990	2224	experiments/legacy/exp-step5-softpll-lock/EXP-WRPC-STEP5-TRUE-BASELINE-REVALIDATION-KP-MINUS150-3388-COOLDOWN0-20260912/tmp/program-slave-20260912.log	MATCHED_TRACKED
archive	experiments/legacy/exp-step5-softpll-lock/EXP-WRPC-STEP5-WIDE-APPLIED-POSITION-CONTRACT-FDEC4096-RERUN-20260908/raw/EXP-WRPC-STEP5-WIDE-APPLIED-POSITION-CONTRACT-FDEC4096-RERUN-20260908.tar.gz	1a9018f82e90988fc6fbe7b392c48e200938bac86cd05b7daf3a3ffa41d46e07	54423	EXACT_DUPLICATE_EXTRACTED	12	12	0	-	-	experiments/legacy/exp-step5-softpll-lock/EXP-WRPC-STEP5-WIDE-APPLIED-POSITION-CONTRACT-FDEC4096-RERUN-20260908/raw/EXP-WRPC-STEP5-WIDE-APPLIED-POSITION-CONTRACT-FDEC4096-RERUN-20260908.tar.gz.sha256	b3d460a55e35d969191953b27f1e8e48ef6656599b0ed424e5f0bbc31decc0a6	MATCH	-	-	-	-	-
member	experiments/legacy/exp-step5-softpll-lock/EXP-WRPC-STEP5-WIDE-APPLIED-POSITION-CONTRACT-FDEC4096-RERUN-20260908/raw/EXP-WRPC-STEP5-WIDE-APPLIED-POSITION-CONTRACT-FDEC4096-RERUN-20260908.tar.gz	1a9018f82e90988fc6fbe7b392c48e200938bac86cd05b7daf3a3ffa41d46e07	-	EXACT_DUPLICATE_EXTRACTED	-	-	-	-	-	-	-	-	identity.txt	af8d984a48dcbff8c91b28b94c42484c35fa165ccfcf6d86fa3c8e230acf25a2	319	experiments/legacy/exp-step5-softpll-lock/EXP-WRPC-STEP5-WIDE-APPLIED-POSITION-CONTRACT-FDEC4096-RERUN-20260908/raw/identity.txt	MATCHED_TRACKED
member	experiments/legacy/exp-step5-softpll-lock/EXP-WRPC-STEP5-WIDE-APPLIED-POSITION-CONTRACT-FDEC4096-RERUN-20260908/raw/EXP-WRPC-STEP5-WIDE-APPLIED-POSITION-CONTRACT-FDEC4096-RERUN-20260908.tar.gz	1a9018f82e90988fc6fbe7b392c48e200938bac86cd05b7daf3a3ffa41d46e07	-	EXACT_DUPLICATE_EXTRACTED	-	-	-	-	-	-	-	-	simulation.log	b4e34bb0b94dff232174767e134a966af4449549fe3e69fb76c895fc88721166	471	experiments/legacy/exp-step5-softpll-lock/EXP-WRPC-STEP5-WIDE-APPLIED-POSITION-CONTRACT-FDEC4096-RERUN-20260908/raw/simulation.log	MATCHED_TRACKED
member	experiments/legacy/exp-step5-softpll-lock/EXP-WRPC-STEP5-WIDE-APPLIED-POSITION-CONTRACT-FDEC4096-RERUN-20260908/raw/EXP-WRPC-STEP5-WIDE-APPLIED-POSITION-CONTRACT-FDEC4096-RERUN-20260908.tar.gz	1a9018f82e90988fc6fbe7b392c48e200938bac86cd05b7daf3a3ffa41d46e07	-	EXACT_DUPLICATE_EXTRACTED	-	-	-	-	-	-	-	-	firmware-master.log	d9c61f434e1709c44898054a030fee646b56dc076af409d7c282785572e31c13	156	experiments/legacy/exp-step5-softpll-lock/EXP-WRPC-STEP5-WIDE-APPLIED-POSITION-CONTRACT-FDEC4096-RERUN-20260908/raw/firmware-master.log	MATCHED_TRACKED
member	experiments/legacy/exp-step5-softpll-lock/EXP-WRPC-STEP5-WIDE-APPLIED-POSITION-CONTRACT-FDEC4096-RERUN-20260908/raw/EXP-WRPC-STEP5-WIDE-APPLIED-POSITION-CONTRACT-FDEC4096-RERUN-20260908.tar.gz	1a9018f82e90988fc6fbe7b392c48e200938bac86cd05b7daf3a3ffa41d46e07	-	EXACT_DUPLICATE_EXTRACTED	-	-	-	-	-	-	-	-	firmware-slave.log	2d89ebca0c77e0abf764d27b943636abecff12a1caed38b1bc955f47d0f2b7ed	154	experiments/legacy/exp-step5-softpll-lock/EXP-WRPC-STEP5-WIDE-APPLIED-POSITION-CONTRACT-FDEC4096-RERUN-20260908/raw/firmware-slave.log	MATCHED_TRACKED
member	experiments/legacy/exp-step5-softpll-lock/EXP-WRPC-STEP5-WIDE-APPLIED-POSITION-CONTRACT-FDEC4096-RERUN-20260908/raw/EXP-WRPC-STEP5-WIDE-APPLIED-POSITION-CONTRACT-FDEC4096-RERUN-20260908.tar.gz	1a9018f82e90988fc6fbe7b392c48e200938bac86cd05b7daf3a3ffa41d46e07	-	EXACT_DUPLICATE_EXTRACTED	-	-	-	-	-	-	-	-	compile-master.log	485f0e91d73a86c36728d5c76d733219fa09b930181c8160227d70747a822bfc	232	experiments/legacy/exp-step5-softpll-lock/EXP-WRPC-STEP5-WIDE-APPLIED-POSITION-CONTRACT-FDEC4096-RERUN-20260908/raw/compile-master.log	MATCHED_TRACKED
member	experiments/legacy/exp-step5-softpll-lock/EXP-WRPC-STEP5-WIDE-APPLIED-POSITION-CONTRACT-FDEC4096-RERUN-20260908/raw/EXP-WRPC-STEP5-WIDE-APPLIED-POSITION-CONTRACT-FDEC4096-RERUN-20260908.tar.gz	1a9018f82e90988fc6fbe7b392c48e200938bac86cd05b7daf3a3ffa41d46e07	-	EXACT_DUPLICATE_EXTRACTED	-	-	-	-	-	-	-	-	compile-slave.log	b83e1f1dc5cfa8dfcec37531c71a8f107b38e76e53ed9bf7f5257773bea99c47	229	experiments/legacy/exp-step5-softpll-lock/EXP-WRPC-STEP5-WIDE-APPLIED-POSITION-CONTRACT-FDEC4096-RERUN-20260908/raw/compile-slave.log	MATCHED_TRACKED
member	experiments/legacy/exp-step5-softpll-lock/EXP-WRPC-STEP5-WIDE-APPLIED-POSITION-CONTRACT-FDEC4096-RERUN-20260908/raw/EXP-WRPC-STEP5-WIDE-APPLIED-POSITION-CONTRACT-FDEC4096-RERUN-20260908.tar.gz	1a9018f82e90988fc6fbe7b392c48e200938bac86cd05b7daf3a3ffa41d46e07	-	EXACT_DUPLICATE_EXTRACTED	-	-	-	-	-	-	-	-	sof-sha256.txt	a8dd5d7d98913ed64c1870f6aa88e05ff38388846b78bafb4a64f4796183fe3a	498	experiments/legacy/exp-step5-softpll-lock/EXP-WRPC-STEP5-WIDE-APPLIED-POSITION-CONTRACT-FDEC4096-RERUN-20260908/raw/sof-sha256.txt	MATCHED_TRACKED
member	experiments/legacy/exp-step5-softpll-lock/EXP-WRPC-STEP5-WIDE-APPLIED-POSITION-CONTRACT-FDEC4096-RERUN-20260908/raw/EXP-WRPC-STEP5-WIDE-APPLIED-POSITION-CONTRACT-FDEC4096-RERUN-20260908.tar.gz	1a9018f82e90988fc6fbe7b392c48e200938bac86cd05b7daf3a3ffa41d46e07	-	EXACT_DUPLICATE_EXTRACTED	-	-	-	-	-	-	-	-	program-master.log	d9c3d210b91298e656a7f2d0de369e8fab7f2b7b8da2317125908e6f9fae33ea	2398	experiments/legacy/exp-step5-softpll-lock/EXP-WRPC-STEP5-WIDE-APPLIED-POSITION-CONTRACT-FDEC4096-RERUN-20260908/raw/program-master.log	MATCHED_TRACKED
member	experiments/legacy/exp-step5-softpll-lock/EXP-WRPC-STEP5-WIDE-APPLIED-POSITION-CONTRACT-FDEC4096-RERUN-20260908/raw/EXP-WRPC-STEP5-WIDE-APPLIED-POSITION-CONTRACT-FDEC4096-RERUN-20260908.tar.gz	1a9018f82e90988fc6fbe7b392c48e200938bac86cd05b7daf3a3ffa41d46e07	-	EXACT_DUPLICATE_EXTRACTED	-	-	-	-	-	-	-	-	program-slave.log	f879cff3998f761f34929f0c71680d8a775d3dcf57e475762f182a00875f0b5c	2394	experiments/legacy/exp-step5-softpll-lock/EXP-WRPC-STEP5-WIDE-APPLIED-POSITION-CONTRACT-FDEC4096-RERUN-20260908/raw/program-slave.log	MATCHED_TRACKED
member	experiments/legacy/exp-step5-softpll-lock/EXP-WRPC-STEP5-WIDE-APPLIED-POSITION-CONTRACT-FDEC4096-RERUN-20260908/raw/EXP-WRPC-STEP5-WIDE-APPLIED-POSITION-CONTRACT-FDEC4096-RERUN-20260908.tar.gz	1a9018f82e90988fc6fbe7b392c48e200938bac86cd05b7daf3a3ffa41d46e07	-	EXACT_DUPLICATE_EXTRACTED	-	-	-	-	-	-	-	-	preflight-1.log	67b2e698009832c44f02c208b8482679b42cc16f678e43b92aa17a3b8110a213	19904	experiments/legacy/exp-step5-softpll-lock/EXP-WRPC-STEP5-WIDE-APPLIED-POSITION-CONTRACT-FDEC4096-RERUN-20260908/raw/preflight-1.log	MATCHED_TRACKED
member	experiments/legacy/exp-step5-softpll-lock/EXP-WRPC-STEP5-WIDE-APPLIED-POSITION-CONTRACT-FDEC4096-RERUN-20260908/raw/EXP-WRPC-STEP5-WIDE-APPLIED-POSITION-CONTRACT-FDEC4096-RERUN-20260908.tar.gz	1a9018f82e90988fc6fbe7b392c48e200938bac86cd05b7daf3a3ffa41d46e07	-	EXACT_DUPLICATE_EXTRACTED	-	-	-	-	-	-	-	-	preflight-2.log	034feaf812f4ae268bd67bd3bf368825ac4fe3176197a33a1ab173235cbfef0b	22306	experiments/legacy/exp-step5-softpll-lock/EXP-WRPC-STEP5-WIDE-APPLIED-POSITION-CONTRACT-FDEC4096-RERUN-20260908/raw/preflight-2.log	MATCHED_TRACKED
member	experiments/legacy/exp-step5-softpll-lock/EXP-WRPC-STEP5-WIDE-APPLIED-POSITION-CONTRACT-FDEC4096-RERUN-20260908/raw/EXP-WRPC-STEP5-WIDE-APPLIED-POSITION-CONTRACT-FDEC4096-RERUN-20260908.tar.gz	1a9018f82e90988fc6fbe7b392c48e200938bac86cd05b7daf3a3ffa41d46e07	-	EXACT_DUPLICATE_EXTRACTED	-	-	-	-	-	-	-	-	closed-loop-120s.log	b206f20882f0a90291e4ebf46752b9667b39ccd8003c5cd9ab407131599407fa	924189	experiments/legacy/exp-step5-softpll-lock/EXP-WRPC-STEP5-WIDE-APPLIED-POSITION-CONTRACT-FDEC4096-RERUN-20260908/raw/closed-loop-120s.log	MATCHED_TRACKED
