baseline_path	baseline_git_blob	status	current_path	current_git_blob	evidence
experiments/legacy/exp-step6-global-time/EXP-S6-DASHBOARD-EXPLICIT-GLOBAL-TIME-FLAGS-20260922/PLAN.md	f425e729efea15b03ac1a46a9fde0dda88d6ee66	MOVED_EXACT	experiments/step6/EXP-S6-DASHBOARD-EXPLICIT-GLOBAL-TIME-FLAGS-20260922/PLAN.md	f425e729efea15b03ac1a46a9fde0dda88d6ee66	same relative path and exact Git blob
experiments/legacy/exp-step6-global-time/EXP-S6-DASHBOARD-EXPLICIT-GLOBAL-TIME-FLAGS-20260922/REPORT.md	693d31198e96fe4c40833b991edbb4b3297d9494	MOVED_EXACT	experiments/step6/EXP-S6-DASHBOARD-EXPLICIT-GLOBAL-TIME-FLAGS-20260922/REPORT.md	693d31198e96fe4c40833b991edbb4b3297d9494	same relative path and exact Git blob
experiments/legacy/exp-step6-global-time/EXP-S6-DASHBOARD-EXPLICIT-GLOBAL-TIME-FLAGS-20260922/raw/build/build.log	70ef3ddb5ae80e50caea9891cfc57ae6f72f29d1	MOVED_EXACT	experiments/step6/EXP-S6-DASHBOARD-EXPLICIT-GLOBAL-TIME-FLAGS-20260922/raw/build/build.log	70ef3ddb5ae80e50caea9891cfc57ae6f72f29d1	same relative path and exact Git blob
experiments/legacy/exp-step6-global-time/EXP-S6-DASHBOARD-EXPLICIT-GLOBAL-TIME-FLAGS-20260922/raw/build/firmware-image-manifest.txt	5de6c694f1e53cd5bff4871e96a0fa7bcc2a38c7	MOVED_EXACT	experiments/step6/EXP-S6-DASHBOARD-EXPLICIT-GLOBAL-TIME-FLAGS-20260922/raw/build/firmware-image-manifest.txt	5de6c694f1e53cd5bff4871e96a0fa7bcc2a38c7	same relative path and exact Git blob
experiments/legacy/exp-step6-global-time/EXP-S6-DASHBOARD-EXPLICIT-GLOBAL-TIME-FLAGS-20260922/raw/build/firmware-master-build.log	9a1cd731af157e32b2f00f3d32a38e3a329c004a	MOVED_EXACT	experiments/step6/EXP-S6-DASHBOARD-EXPLICIT-GLOBAL-TIME-FLAGS-20260922/raw/build/firmware-master-build.log	9a1cd731af157e32b2f00f3d32a38e3a329c004a	same relative path and exact Git blob
experiments/legacy/exp-step6-global-time/EXP-S6-DASHBOARD-EXPLICIT-GLOBAL-TIME-FLAGS-20260922/raw/build/firmware-slave-build.log	1d428a6d2de08223d22051653a880b529c70d892	MOVED_EXACT	experiments/step6/EXP-S6-DASHBOARD-EXPLICIT-GLOBAL-TIME-FLAGS-20260922/raw/build/firmware-slave-build.log	1d428a6d2de08223d22051653a880b529c70d892	same relative path and exact Git blob
experiments/legacy/exp-step6-global-time/EXP-S6-DASHBOARD-EXPLICIT-GLOBAL-TIME-FLAGS-20260922/raw/build/quartus_master_jtag_compile.log	52b063dfe77207dc66c0e3e2d77860b6e2a1cbf1	MOVED_EXACT	experiments/step6/EXP-S6-DASHBOARD-EXPLICIT-GLOBAL-TIME-FLAGS-20260922/raw/build/quartus_master_jtag_compile.log	52b063dfe77207dc66c0e3e2d77860b6e2a1cbf1	same relative path and exact Git blob
experiments/legacy/exp-step6-global-time/EXP-S6-DASHBOARD-EXPLICIT-GLOBAL-TIME-FLAGS-20260922/raw/build/quartus_slave_jtag_compile.log	6cdd034eb875521c6d2279d4652a486b39d55544	MOVED_EXACT	experiments/step6/EXP-S6-DASHBOARD-EXPLICIT-GLOBAL-TIME-FLAGS-20260922/raw/build/quartus_slave_jtag_compile.log	6cdd034eb875521c6d2279d4652a486b39d55544	same relative path and exact Git blob
experiments/legacy/exp-step6-global-time/EXP-S6-DASHBOARD-EXPLICIT-GLOBAL-TIME-FLAGS-20260922/raw/build/sof-manifest.txt	4417de9551bd76673b29b65b66dd3181aaa53301	MOVED_EXACT	experiments/step6/EXP-S6-DASHBOARD-EXPLICIT-GLOBAL-TIME-FLAGS-20260922/raw/build/sof-manifest.txt	4417de9551bd76673b29b65b66dd3181aaa53301	same relative path and exact Git blob
experiments/legacy/exp-step6-global-time/EXP-S6-DASHBOARD-EXPLICIT-GLOBAL-TIME-FLAGS-20260922/raw/checksums.sha256	e998d483a8fddd6cf08c1c4464432847ab2125f0	MOVED_EXACT	experiments/step6/EXP-S6-DASHBOARD-EXPLICIT-GLOBAL-TIME-FLAGS-20260922/raw/checksums.sha256	e998d483a8fddd6cf08c1c4464432847ab2125f0	same relative path and exact Git blob
experiments/legacy/exp-step6-global-time/EXP-S6-DASHBOARD-EXPLICIT-GLOBAL-TIME-FLAGS-20260922/raw/observe/dashboard-explicit-flags.log	25de55d1908d72ce928369708f9a670e5b463be6	MOVED_EXACT	experiments/step6/EXP-S6-DASHBOARD-EXPLICIT-GLOBAL-TIME-FLAGS-20260922/raw/observe/dashboard-explicit-flags.log	25de55d1908d72ce928369708f9a670e5b463be6	same relative path and exact Git blob
experiments/legacy/exp-step6-global-time/EXP-S6-DASHBOARD-EXPLICIT-GLOBAL-TIME-FLAGS-20260922/raw/program/cable-list.log	619ff92a030f0e43b27a41c753a532824471f2a8	MOVED_EXACT	experiments/step6/EXP-S6-DASHBOARD-EXPLICIT-GLOBAL-TIME-FLAGS-20260922/raw/program/cable-list.log	619ff92a030f0e43b27a41c753a532824471f2a8	same relative path and exact Git blob
experiments/legacy/exp-step6-global-time/EXP-S6-DASHBOARD-EXPLICIT-GLOBAL-TIME-FLAGS-20260922/raw/program/master-program.log	ebef6697f1299367aae53555b11ac4df0aa99dc6	MOVED_EXACT	experiments/step6/EXP-S6-DASHBOARD-EXPLICIT-GLOBAL-TIME-FLAGS-20260922/raw/program/master-program.log	ebef6697f1299367aae53555b11ac4df0aa99dc6	same relative path and exact Git blob
experiments/legacy/exp-step6-global-time/EXP-S6-DASHBOARD-EXPLICIT-GLOBAL-TIME-FLAGS-20260922/raw/program/program-manifest.txt	0861ec37972ea15bc90ecaa7b92bdead0294a836	MOVED_EXACT	experiments/step6/EXP-S6-DASHBOARD-EXPLICIT-GLOBAL-TIME-FLAGS-20260922/raw/program/program-manifest.txt	0861ec37972ea15bc90ecaa7b92bdead0294a836	same relative path and exact Git blob
experiments/legacy/exp-step6-global-time/EXP-S6-DASHBOARD-EXPLICIT-GLOBAL-TIME-FLAGS-20260922/raw/program/program.log	5f926f6c8e2ce8d12387ca744c7e3a44ad632410	MOVED_EXACT	experiments/step6/EXP-S6-DASHBOARD-EXPLICIT-GLOBAL-TIME-FLAGS-20260922/raw/program/program.log	5f926f6c8e2ce8d12387ca744c7e3a44ad632410	same relative path and exact Git blob
experiments/legacy/exp-step6-global-time/EXP-S6-DASHBOARD-EXPLICIT-GLOBAL-TIME-FLAGS-20260922/raw/program/slave-program.log	83973bfad62e6689f0017d5a1d7ec281b48f9c65	MOVED_EXACT	experiments/step6/EXP-S6-DASHBOARD-EXPLICIT-GLOBAL-TIME-FLAGS-20260922/raw/program/slave-program.log	83973bfad62e6689f0017d5a1d7ec281b48f9c65	same relative path and exact Git blob
experiments/legacy/exp-step6-global-time/EXP-S6-DASHBOARD-GLOBAL-TIME-INVALID-DIAGNOSTIC-20260922/REPORT.md	0691bf79df87b605647bfea21cb54eb5d1385ee6	MOVED_EXACT	experiments/step6/EXP-S6-DASHBOARD-GLOBAL-TIME-INVALID-DIAGNOSTIC-20260922/REPORT.md	0691bf79df87b605647bfea21cb54eb5d1385ee6	same relative path and exact Git blob
experiments/legacy/exp-step6-global-time/EXP-S6-DASHBOARD-GLOBAL-TIME-VALIDITY-GATE-20260922/PLAN.md	87818b42c616cdc4b88f9815c7598c922a70064d	MOVED_EXACT	experiments/step6/EXP-S6-DASHBOARD-GLOBAL-TIME-VALIDITY-GATE-20260922/PLAN.md	87818b42c616cdc4b88f9815c7598c922a70064d	same relative path and exact Git blob
experiments/legacy/exp-step6-global-time/EXP-S6-DASHBOARD-GLOBAL-TIME-VALIDITY-GATE-20260922/REPORT.md	30e7e2f95df455ee780c70317e50b7198d0f21bc	MOVED_EXACT	experiments/step6/EXP-S6-DASHBOARD-GLOBAL-TIME-VALIDITY-GATE-20260922/REPORT.md	30e7e2f95df455ee780c70317e50b7198d0f21bc	same relative path and exact Git blob
experiments/legacy/exp-step6-global-time/EXP-S6-DASHBOARD-GLOBAL-TIME-VALIDITY-GATE-20260922/raw/build/build.log	172040884001c680b6545cc9883497656fe11209	MOVED_EXACT	experiments/step6/EXP-S6-DASHBOARD-GLOBAL-TIME-VALIDITY-GATE-20260922/raw/build/build.log	172040884001c680b6545cc9883497656fe11209	same relative path and exact Git blob
experiments/legacy/exp-step6-global-time/EXP-S6-DASHBOARD-GLOBAL-TIME-VALIDITY-GATE-20260922/raw/build/firmware-image-manifest.txt	18fcdf40987f6477722438cbb63306a580eabfee	MOVED_EXACT	experiments/step6/EXP-S6-DASHBOARD-GLOBAL-TIME-VALIDITY-GATE-20260922/raw/build/firmware-image-manifest.txt	18fcdf40987f6477722438cbb63306a580eabfee	same relative path and exact Git blob
experiments/legacy/exp-step6-global-time/EXP-S6-DASHBOARD-GLOBAL-TIME-VALIDITY-GATE-20260922/raw/build/firmware-master-build.log	63cd2e59587966985632f0c81a29841ad5833a69	MOVED_EXACT	experiments/step6/EXP-S6-DASHBOARD-GLOBAL-TIME-VALIDITY-GATE-20260922/raw/build/firmware-master-build.log	63cd2e59587966985632f0c81a29841ad5833a69	same relative path and exact Git blob
experiments/legacy/exp-step6-global-time/EXP-S6-DASHBOARD-GLOBAL-TIME-VALIDITY-GATE-20260922/raw/build/firmware-slave-build.log	10c1ff5d277ff5d81a552694e2591f51cb84a215	MOVED_EXACT	experiments/step6/EXP-S6-DASHBOARD-GLOBAL-TIME-VALIDITY-GATE-20260922/raw/build/firmware-slave-build.log	10c1ff5d277ff5d81a552694e2591f51cb84a215	same relative path and exact Git blob
experiments/legacy/exp-step6-global-time/EXP-S6-DASHBOARD-GLOBAL-TIME-VALIDITY-GATE-20260922/raw/build/quartus_master_jtag_compile.log	f06b10a87a7e3f9160f96a44a3e10489ceffecf8	MOVED_EXACT	experiments/step6/EXP-S6-DASHBOARD-GLOBAL-TIME-VALIDITY-GATE-20260922/raw/build/quartus_master_jtag_compile.log	f06b10a87a7e3f9160f96a44a3e10489ceffecf8	same relative path and exact Git blob
experiments/legacy/exp-step6-global-time/EXP-S6-DASHBOARD-GLOBAL-TIME-VALIDITY-GATE-20260922/raw/build/quartus_slave_jtag_compile.log	f426b601cf1d4943322a1f7a5891fba57c509d3a	MOVED_EXACT	experiments/step6/EXP-S6-DASHBOARD-GLOBAL-TIME-VALIDITY-GATE-20260922/raw/build/quartus_slave_jtag_compile.log	f426b601cf1d4943322a1f7a5891fba57c509d3a	same relative path and exact Git blob
experiments/legacy/exp-step6-global-time/EXP-S6-DASHBOARD-GLOBAL-TIME-VALIDITY-GATE-20260922/raw/build/sof-manifest.txt	924d53518c8c12db7306b23ff406488a00f371d0	MOVED_EXACT	experiments/step6/EXP-S6-DASHBOARD-GLOBAL-TIME-VALIDITY-GATE-20260922/raw/build/sof-manifest.txt	924d53518c8c12db7306b23ff406488a00f371d0	same relative path and exact Git blob
experiments/legacy/exp-step6-global-time/EXP-S6-DASHBOARD-GLOBAL-TIME-VALIDITY-GATE-20260922/raw/checksums.sha256	92532befa294c53024a556f1e15882356fdcccce	MOVED_EXACT	experiments/step6/EXP-S6-DASHBOARD-GLOBAL-TIME-VALIDITY-GATE-20260922/raw/checksums.sha256	92532befa294c53024a556f1e15882356fdcccce	same relative path and exact Git blob
experiments/legacy/exp-step6-global-time/EXP-S6-DASHBOARD-GLOBAL-TIME-VALIDITY-GATE-20260922/raw/observe/dashboard-gated.log	97212fbaf50a774b966ccf63a512048eb779d6b5	MOVED_EXACT	experiments/step6/EXP-S6-DASHBOARD-GLOBAL-TIME-VALIDITY-GATE-20260922/raw/observe/dashboard-gated.log	97212fbaf50a774b966ccf63a512048eb779d6b5	same relative path and exact Git blob
experiments/legacy/exp-step6-global-time/EXP-S6-DASHBOARD-GLOBAL-TIME-VALIDITY-GATE-20260922/raw/program/cable-list.log	8b4a631c0a22ff9d5103d321531c9c34668b23d3	MOVED_EXACT	experiments/step6/EXP-S6-DASHBOARD-GLOBAL-TIME-VALIDITY-GATE-20260922/raw/program/cable-list.log	8b4a631c0a22ff9d5103d321531c9c34668b23d3	same relative path and exact Git blob
experiments/legacy/exp-step6-global-time/EXP-S6-DASHBOARD-GLOBAL-TIME-VALIDITY-GATE-20260922/raw/program/master-program.log	f1b551434300aa739768b069f4c741fe35537efa	MOVED_EXACT	experiments/step6/EXP-S6-DASHBOARD-GLOBAL-TIME-VALIDITY-GATE-20260922/raw/program/master-program.log	f1b551434300aa739768b069f4c741fe35537efa	same relative path and exact Git blob
experiments/legacy/exp-step6-global-time/EXP-S6-DASHBOARD-GLOBAL-TIME-VALIDITY-GATE-20260922/raw/program/program-manifest.txt	83461a846aa8e98e48d9b05ffa7c75f37564c8de	MOVED_EXACT	experiments/step6/EXP-S6-DASHBOARD-GLOBAL-TIME-VALIDITY-GATE-20260922/raw/program/program-manifest.txt	83461a846aa8e98e48d9b05ffa7c75f37564c8de	same relative path and exact Git blob
experiments/legacy/exp-step6-global-time/EXP-S6-DASHBOARD-GLOBAL-TIME-VALIDITY-GATE-20260922/raw/program/program.log	28804b5c4f4c35a0c51e700ada66d205d35c17d2	MOVED_EXACT	experiments/step6/EXP-S6-DASHBOARD-GLOBAL-TIME-VALIDITY-GATE-20260922/raw/program/program.log	28804b5c4f4c35a0c51e700ada66d205d35c17d2	same relative path and exact Git blob
experiments/legacy/exp-step6-global-time/EXP-S6-DASHBOARD-GLOBAL-TIME-VALIDITY-GATE-20260922/raw/program/slave-program.log	fb3cc0b0af413c08b18250ce5bf04ce587204100	MOVED_EXACT	experiments/step6/EXP-S6-DASHBOARD-GLOBAL-TIME-VALIDITY-GATE-20260922/raw/program/slave-program.log	fb3cc0b0af413c08b18250ce5bf04ce587204100	same relative path and exact Git blob
experiments/legacy/exp-step6-global-time/EXP-S6-DASHBOARD-WR-HANDSHAKE-CLASSIFICATION-FIX-20260922/PLAN.md	a17c2b90baa6d2d5739355adb80c60be810bc248	MOVED_EXACT	experiments/step6/EXP-S6-DASHBOARD-WR-HANDSHAKE-CLASSIFICATION-FIX-20260922/PLAN.md	a17c2b90baa6d2d5739355adb80c60be810bc248	same relative path and exact Git blob
experiments/legacy/exp-step6-global-time/EXP-S6-DASHBOARD-WR-HANDSHAKE-CLASSIFICATION-FIX-20260922/REPORT.md	518671b7ed2c6c55f152e459c540bfc14002cf04	MOVED_EXACT	experiments/step6/EXP-S6-DASHBOARD-WR-HANDSHAKE-CLASSIFICATION-FIX-20260922/REPORT.md	518671b7ed2c6c55f152e459c540bfc14002cf04	same relative path and exact Git blob
experiments/legacy/exp-step6-global-time/EXP-S6-DASHBOARD-WR-HANDSHAKE-CLASSIFICATION-FIX-20260922/raw/build/build.log	b2b303fd9df28900db3787dffbfc94f8dbc343f3	MOVED_EXACT	experiments/step6/EXP-S6-DASHBOARD-WR-HANDSHAKE-CLASSIFICATION-FIX-20260922/raw/build/build.log	b2b303fd9df28900db3787dffbfc94f8dbc343f3	same relative path and exact Git blob
experiments/legacy/exp-step6-global-time/EXP-S6-DASHBOARD-WR-HANDSHAKE-CLASSIFICATION-FIX-20260922/raw/build/firmware-image-manifest.txt	8f57ce934a871d61e100517e34ac8bb3a224a1e6	MOVED_EXACT	experiments/step6/EXP-S6-DASHBOARD-WR-HANDSHAKE-CLASSIFICATION-FIX-20260922/raw/build/firmware-image-manifest.txt	8f57ce934a871d61e100517e34ac8bb3a224a1e6	same relative path and exact Git blob
experiments/legacy/exp-step6-global-time/EXP-S6-DASHBOARD-WR-HANDSHAKE-CLASSIFICATION-FIX-20260922/raw/build/firmware-master-build.log	cbf6c5ee75c889b977e0450494536c59d88a511c	MOVED_EXACT	experiments/step6/EXP-S6-DASHBOARD-WR-HANDSHAKE-CLASSIFICATION-FIX-20260922/raw/build/firmware-master-build.log	cbf6c5ee75c889b977e0450494536c59d88a511c	same relative path and exact Git blob
experiments/legacy/exp-step6-global-time/EXP-S6-DASHBOARD-WR-HANDSHAKE-CLASSIFICATION-FIX-20260922/raw/build/firmware-slave-build.log	958e7c67df9df5bfca1cc1d08b298a67856e2536	MOVED_EXACT	experiments/step6/EXP-S6-DASHBOARD-WR-HANDSHAKE-CLASSIFICATION-FIX-20260922/raw/build/firmware-slave-build.log	958e7c67df9df5bfca1cc1d08b298a67856e2536	same relative path and exact Git blob
experiments/legacy/exp-step6-global-time/EXP-S6-DASHBOARD-WR-HANDSHAKE-CLASSIFICATION-FIX-20260922/raw/build/quartus_master_jtag_compile.log	b20dd3545a9c083297e998cbffe544d4b1c2fa33	MOVED_EXACT	experiments/step6/EXP-S6-DASHBOARD-WR-HANDSHAKE-CLASSIFICATION-FIX-20260922/raw/build/quartus_master_jtag_compile.log	b20dd3545a9c083297e998cbffe544d4b1c2fa33	same relative path and exact Git blob
experiments/legacy/exp-step6-global-time/EXP-S6-DASHBOARD-WR-HANDSHAKE-CLASSIFICATION-FIX-20260922/raw/build/quartus_slave_jtag_compile.log	196cf129710a92a42a25fa0587335529e52888ca	MOVED_EXACT	experiments/step6/EXP-S6-DASHBOARD-WR-HANDSHAKE-CLASSIFICATION-FIX-20260922/raw/build/quartus_slave_jtag_compile.log	196cf129710a92a42a25fa0587335529e52888ca	same relative path and exact Git blob
experiments/legacy/exp-step6-global-time/EXP-S6-DASHBOARD-WR-HANDSHAKE-CLASSIFICATION-FIX-20260922/raw/build/sof-manifest.txt	541f735a9afd04a16009dbbc332ddf36e9fa28ec	MOVED_EXACT	experiments/step6/EXP-S6-DASHBOARD-WR-HANDSHAKE-CLASSIFICATION-FIX-20260922/raw/build/sof-manifest.txt	541f735a9afd04a16009dbbc332ddf36e9fa28ec	same relative path and exact Git blob
experiments/legacy/exp-step6-global-time/EXP-S6-DASHBOARD-WR-HANDSHAKE-CLASSIFICATION-FIX-20260922/raw/checksums.sha256	6e2055c527f335fbb4c29596ba8cf0bb3673472d	MOVED_EXACT	experiments/step6/EXP-S6-DASHBOARD-WR-HANDSHAKE-CLASSIFICATION-FIX-20260922/raw/checksums.sha256	6e2055c527f335fbb4c29596ba8cf0bb3673472d	same relative path and exact Git blob
experiments/legacy/exp-step6-global-time/EXP-S6-DASHBOARD-WR-HANDSHAKE-CLASSIFICATION-FIX-20260922/raw/observe/dashboard-final.log	fd01b68eff27e77b356f2ec217cb6e404b440846	MOVED_EXACT	experiments/step6/EXP-S6-DASHBOARD-WR-HANDSHAKE-CLASSIFICATION-FIX-20260922/raw/observe/dashboard-final.log	fd01b68eff27e77b356f2ec217cb6e404b440846	same relative path and exact Git blob
experiments/legacy/exp-step6-global-time/EXP-S6-DASHBOARD-WR-HANDSHAKE-CLASSIFICATION-FIX-20260922/raw/observe/dashboard-fixed.log	8c5799f13434fdebb63328b01fe7772f1bf24b35	MOVED_EXACT	experiments/step6/EXP-S6-DASHBOARD-WR-HANDSHAKE-CLASSIFICATION-FIX-20260922/raw/observe/dashboard-fixed.log	8c5799f13434fdebb63328b01fe7772f1bf24b35	same relative path and exact Git blob
experiments/legacy/exp-step6-global-time/EXP-S6-DASHBOARD-WR-HANDSHAKE-CLASSIFICATION-FIX-20260922/raw/observe/runtime-raw-final.log	c0fdfb1be69fd487bfe2ae5734842721989030f4	MOVED_EXACT	experiments/step6/EXP-S6-DASHBOARD-WR-HANDSHAKE-CLASSIFICATION-FIX-20260922/raw/observe/runtime-raw-final.log	c0fdfb1be69fd487bfe2ae5734842721989030f4	same relative path and exact Git blob
experiments/legacy/exp-step6-global-time/EXP-S6-DASHBOARD-WR-HANDSHAKE-CLASSIFICATION-FIX-20260922/raw/observe/runtime-raw-pre-aggregation.log	d684676681e5ac9f9ca5531c788da9cf4384b9f0	MOVED_EXACT	experiments/step6/EXP-S6-DASHBOARD-WR-HANDSHAKE-CLASSIFICATION-FIX-20260922/raw/observe/runtime-raw-pre-aggregation.log	d684676681e5ac9f9ca5531c788da9cf4384b9f0	same relative path and exact Git blob
experiments/legacy/exp-step6-global-time/EXP-S6-DASHBOARD-WR-HANDSHAKE-CLASSIFICATION-FIX-20260922/raw/observe/runtime-raw.log	c2cde52b59ec6a5d33f337f55ff9c74601b60db1	MOVED_EXACT	experiments/step6/EXP-S6-DASHBOARD-WR-HANDSHAKE-CLASSIFICATION-FIX-20260922/raw/observe/runtime-raw.log	c2cde52b59ec6a5d33f337f55ff9c74601b60db1	same relative path and exact Git blob
experiments/legacy/exp-step6-global-time/EXP-S6-DASHBOARD-WR-HANDSHAKE-CLASSIFICATION-FIX-20260922/raw/program/cable-list.log	0e22b5100554b41d5d251249ee252e737cd29885	MOVED_EXACT	experiments/step6/EXP-S6-DASHBOARD-WR-HANDSHAKE-CLASSIFICATION-FIX-20260922/raw/program/cable-list.log	0e22b5100554b41d5d251249ee252e737cd29885	same relative path and exact Git blob
experiments/legacy/exp-step6-global-time/EXP-S6-DASHBOARD-WR-HANDSHAKE-CLASSIFICATION-FIX-20260922/raw/program/master-program.log	21b4d27c5e0210dbcf8de145850af20a591badd2	MOVED_EXACT	experiments/step6/EXP-S6-DASHBOARD-WR-HANDSHAKE-CLASSIFICATION-FIX-20260922/raw/program/master-program.log	21b4d27c5e0210dbcf8de145850af20a591badd2	same relative path and exact Git blob
experiments/legacy/exp-step6-global-time/EXP-S6-DASHBOARD-WR-HANDSHAKE-CLASSIFICATION-FIX-20260922/raw/program/program-manifest.txt	15a8ef16bbb19e4ec634d29a9074abdf1f318797	MOVED_EXACT	experiments/step6/EXP-S6-DASHBOARD-WR-HANDSHAKE-CLASSIFICATION-FIX-20260922/raw/program/program-manifest.txt	15a8ef16bbb19e4ec634d29a9074abdf1f318797	same relative path and exact Git blob
experiments/legacy/exp-step6-global-time/EXP-S6-DASHBOARD-WR-HANDSHAKE-CLASSIFICATION-FIX-20260922/raw/program/program.log	fc2071b8fff7d09887dd3fa39346f03b7bc51f6f	MOVED_EXACT	experiments/step6/EXP-S6-DASHBOARD-WR-HANDSHAKE-CLASSIFICATION-FIX-20260922/raw/program/program.log	fc2071b8fff7d09887dd3fa39346f03b7bc51f6f	same relative path and exact Git blob
experiments/legacy/exp-step6-global-time/EXP-S6-DASHBOARD-WR-HANDSHAKE-CLASSIFICATION-FIX-20260922/raw/program/slave-program.log	a9aff42d62b592e33c68b78af77262c0807c4cac	MOVED_EXACT	experiments/step6/EXP-S6-DASHBOARD-WR-HANDSHAKE-CLASSIFICATION-FIX-20260922/raw/program/slave-program.log	a9aff42d62b592e33c68b78af77262c0807c4cac	same relative path and exact Git blob
experiments/legacy/exp-step6-global-time/EXP-S6-DIGITAL-MILESTONE-CLOSURE-20260922/PLAN.md	9a68f15e8bb8f04813cc73b2c9bbc49af879a02a	MOVED_EXACT	experiments/step6/EXP-S6-DIGITAL-MILESTONE-CLOSURE-20260922/PLAN.md	9a68f15e8bb8f04813cc73b2c9bbc49af879a02a	same relative path and exact Git blob
experiments/legacy/exp-step6-global-time/EXP-S6-DIGITAL-MILESTONE-CLOSURE-20260922/REPORT.md	cbeb80b5952f2c4cc6438ebc762013e61d1c7916	MOVED_EXACT	experiments/step6/EXP-S6-DIGITAL-MILESTONE-CLOSURE-20260922/REPORT.md	cbeb80b5952f2c4cc6438ebc762013e61d1c7916	same relative path and exact Git blob
experiments/legacy/exp-step6-global-time/EXP-S6-DIGITAL-MILESTONE-CLOSURE-20260922/analysis/audit.txt	91dc2bd82133d027b9d910208d2c759f9a5b3544	MOVED_EXACT	experiments/step6/EXP-S6-DIGITAL-MILESTONE-CLOSURE-20260922/analysis/audit.txt	91dc2bd82133d027b9d910208d2c759f9a5b3544	same relative path and exact Git blob
experiments/legacy/exp-step6-global-time/EXP-S6-DIGITAL-MILESTONE-CLOSURE-20260922/analysis/summary.json	f27a20c5387c3ce365a80fbbe797456359b6837c	MOVED_EXACT	experiments/step6/EXP-S6-DIGITAL-MILESTONE-CLOSURE-20260922/analysis/summary.json	f27a20c5387c3ce365a80fbbe797456359b6837c	same relative path and exact Git blob
experiments/legacy/exp-step6-global-time/EXP-S6-DIGITAL-MILESTONE-CLOSURE-20260922/raw/protocol.txt	d8414e87c434a927aaf036a80dc5ea84b81e7c63	MOVED_EXACT	experiments/step6/EXP-S6-DIGITAL-MILESTONE-CLOSURE-20260922/raw/protocol.txt	d8414e87c434a927aaf036a80dc5ea84b81e7c63	same relative path and exact Git blob
experiments/legacy/exp-step6-global-time/EXP-S6-DIGITAL-MILESTONE-CLOSURE-20260922/raw/stop.txt	f990e8af0e03efb943f2625da49224f5b1aab7fd	MOVED_EXACT	experiments/step6/EXP-S6-DIGITAL-MILESTONE-CLOSURE-20260922/raw/stop.txt	f990e8af0e03efb943f2625da49224f5b1aab7fd	same relative path and exact Git blob
experiments/legacy/exp-step6-global-time/EXP-S6-ENDPOINT-LINK-AUTO-RECOVERY-20260923/PLAN.md	4f5b14389383a0e978fd41eaa3dc5a08defc55b9	MOVED_EXACT	experiments/step6/EXP-S6-ENDPOINT-LINK-AUTO-RECOVERY-20260923/PLAN.md	4f5b14389383a0e978fd41eaa3dc5a08defc55b9	same relative path and exact Git blob
experiments/legacy/exp-step6-global-time/EXP-S6-ENDPOINT-LINK-AUTO-RECOVERY-20260923/REPORT.md	5f81ed7098aca4248dbc7f2ab84eafcab183ace7	MOVED_EXACT	experiments/step6/EXP-S6-ENDPOINT-LINK-AUTO-RECOVERY-20260923/REPORT.md	5f81ed7098aca4248dbc7f2ab84eafcab183ace7	same relative path and exact Git blob
experiments/legacy/exp-step6-global-time/EXP-S6-ENDPOINT-LINK-AUTO-RECOVERY-20260923/raw/extension-state-attribution.log	9264de497aa477645fbd3943050cfbecbc03e8f3	MOVED_EXACT	experiments/step6/EXP-S6-ENDPOINT-LINK-AUTO-RECOVERY-20260923/raw/extension-state-attribution.log	9264de497aa477645fbd3943050cfbecbc03e8f3	same relative path and exact Git blob
experiments/legacy/exp-step6-global-time/EXP-S6-ENDPOINT-LINK-AUTO-RECOVERY-20260923/raw/postprogram-smoke.log	2ee98952c88211466f69c831714a2207f7b09000	MOVED_EXACT	experiments/step6/EXP-S6-ENDPOINT-LINK-AUTO-RECOVERY-20260923/raw/postprogram-smoke.log	2ee98952c88211466f69c831714a2207f7b09000	same relative path and exact Git blob
experiments/legacy/exp-step6-global-time/EXP-S6-ENDPOINT-LINK-AUTO-RECOVERY-20260923/raw/prior-build-sof-manifest.sha256	ac82bbcf2520275979b20042348a4408d2087ec9	MOVED_EXACT	experiments/step6/EXP-S6-ENDPOINT-LINK-AUTO-RECOVERY-20260923/raw/prior-build-sof-manifest.sha256	ac82bbcf2520275979b20042348a4408d2087ec9	same relative path and exact Git blob
experiments/legacy/exp-step6-global-time/EXP-S6-ENDPOINT-LINK-AUTO-RECOVERY-20260923/raw/slave-tmvalid-attribution.log	dc4610e2962c20a51cdf80dbbe9e3fbf773f721c	MOVED_EXACT	experiments/step6/EXP-S6-ENDPOINT-LINK-AUTO-RECOVERY-20260923/raw/slave-tmvalid-attribution.log	dc4610e2962c20a51cdf80dbbe9e3fbf773f721c	same relative path and exact Git blob
experiments/legacy/exp-step6-global-time/EXP-S6-ENDPOINT-LINK-AUTO-RECOVERY-20260923/raw/stability-420s.log	eaea12e08ac3f262930d54c8d445a178ba633795	MOVED_EXACT	experiments/step6/EXP-S6-ENDPOINT-LINK-AUTO-RECOVERY-20260923/raw/stability-420s.log	eaea12e08ac3f262930d54c8d445a178ba633795	same relative path and exact Git blob
experiments/legacy/exp-step6-global-time/EXP-S6-GLOBAL-TIME-LATE-RECOVERY-TAIL-STABILITY-20260922/PLAN.md	a1de24dc3216d11144c9d8b205b9c088345737aa	MOVED_EXACT	experiments/step6/EXP-S6-GLOBAL-TIME-LATE-RECOVERY-TAIL-STABILITY-20260922/PLAN.md	a1de24dc3216d11144c9d8b205b9c088345737aa	same relative path and exact Git blob
experiments/legacy/exp-step6-global-time/EXP-S6-GLOBAL-TIME-LATE-RECOVERY-TAIL-STABILITY-20260922/REPORT.md	63f879ab0bcf7e85a66451a8555386af05fba0a2	MOVED_EXACT	experiments/step6/EXP-S6-GLOBAL-TIME-LATE-RECOVERY-TAIL-STABILITY-20260922/REPORT.md	63f879ab0bcf7e85a66451a8555386af05fba0a2	same relative path and exact Git blob
experiments/legacy/exp-step6-global-time/EXP-S6-GLOBAL-TIME-LATE-RECOVERY-TAIL-STABILITY-20260922/analysis/analyzer.txt	2a7a859d8ab30ecf86aa58e56c31eacb09d90805	MOVED_EXACT	experiments/step6/EXP-S6-GLOBAL-TIME-LATE-RECOVERY-TAIL-STABILITY-20260922/analysis/analyzer.txt	2a7a859d8ab30ecf86aa58e56c31eacb09d90805	same relative path and exact Git blob
experiments/legacy/exp-step6-global-time/EXP-S6-GLOBAL-TIME-LATE-RECOVERY-TAIL-STABILITY-20260922/analysis/summary-local.json	2a7a859d8ab30ecf86aa58e56c31eacb09d90805	MOVED_EXACT	experiments/step6/EXP-S6-GLOBAL-TIME-LATE-RECOVERY-TAIL-STABILITY-20260922/analysis/summary-local.json	2a7a859d8ab30ecf86aa58e56c31eacb09d90805	same relative path and exact Git blob
experiments/legacy/exp-step6-global-time/EXP-S6-GLOBAL-TIME-LATE-RECOVERY-TAIL-STABILITY-20260922/analysis/summary.json	2a7a859d8ab30ecf86aa58e56c31eacb09d90805	MOVED_EXACT	experiments/step6/EXP-S6-GLOBAL-TIME-LATE-RECOVERY-TAIL-STABILITY-20260922/analysis/summary.json	2a7a859d8ab30ecf86aa58e56c31eacb09d90805	same relative path and exact Git blob
experiments/legacy/exp-step6-global-time/EXP-S6-GLOBAL-TIME-LATE-RECOVERY-TAIL-STABILITY-20260922/raw/observe/late_recovery_tail.log	cd33bb99c9057eb421e2a850a41373d38b4809d0	MOVED_EXACT	experiments/step6/EXP-S6-GLOBAL-TIME-LATE-RECOVERY-TAIL-STABILITY-20260922/raw/observe/late_recovery_tail.log	cd33bb99c9057eb421e2a850a41373d38b4809d0	same relative path and exact Git blob
experiments/legacy/exp-step6-global-time/EXP-S6-GLOBAL-TIME-LATE-RECOVERY-TAIL-STABILITY-20260922/raw/observe/late_recovery_tail_pre_pull.log	aac184e01ff0214fe41df43a989663afdbdf9223	MOVED_EXACT	experiments/step6/EXP-S6-GLOBAL-TIME-LATE-RECOVERY-TAIL-STABILITY-20260922/raw/observe/late_recovery_tail_pre_pull.log	aac184e01ff0214fe41df43a989663afdbdf9223	same relative path and exact Git blob
experiments/legacy/exp-step6-global-time/EXP-S6-GLOBAL-TIME-LATE-RECOVERY-TAIL-STABILITY-20260922/raw/program/stop.txt	70f8c529fd2f9264476dae73f68f5442b8dc2a5d	MOVED_EXACT	experiments/step6/EXP-S6-GLOBAL-TIME-LATE-RECOVERY-TAIL-STABILITY-20260922/raw/program/stop.txt	70f8c529fd2f9264476dae73f68f5442b8dc2a5d	same relative path and exact Git blob
experiments/legacy/exp-step6-global-time/EXP-S6-GLOBAL-TIME-LATE-RECOVERY-TAIL-STABILITY-20260922/raw/protocol.txt	4f4d600750f3d7142af929af3f78c056b3334f64	MOVED_EXACT	experiments/step6/EXP-S6-GLOBAL-TIME-LATE-RECOVERY-TAIL-STABILITY-20260922/raw/protocol.txt	4f4d600750f3d7142af929af3f78c056b3334f64	same relative path and exact Git blob
experiments/legacy/exp-step6-global-time/EXP-S6-GLOBAL-TIME-OBSERVABILITY-20260920/PLAN.md	338eb30572e8e9ce8737f38fba5d780210d0a3bb	MOVED_EXACT	experiments/step6/EXP-S6-GLOBAL-TIME-OBSERVABILITY-20260920/PLAN.md	338eb30572e8e9ce8737f38fba5d780210d0a3bb	same relative path and exact Git blob
experiments/legacy/exp-step6-global-time/EXP-S6-GLOBAL-TIME-OBSERVABILITY-20260920/REPORT.md	380e2f8db5d3392c27bfce150408f19c4ff83b7b	MOVED_EXACT	experiments/step6/EXP-S6-GLOBAL-TIME-OBSERVABILITY-20260920/REPORT.md	380e2f8db5d3392c27bfce150408f19c4ff83b7b	same relative path and exact Git blob
experiments/legacy/exp-step6-global-time/EXP-S6-GLOBAL-TIME-OBSERVABILITY-20260920/analysis/summary.json	b9785c22fa60c48b33926cd08bebac2aeeeeebfa	MOVED_EXACT	experiments/step6/EXP-S6-GLOBAL-TIME-OBSERVABILITY-20260920/analysis/summary.json	b9785c22fa60c48b33926cd08bebac2aeeeeebfa	same relative path and exact Git blob
experiments/legacy/exp-step6-global-time/EXP-S6-GLOBAL-TIME-OBSERVABILITY-20260920/raw/SHA256SUMS.txt	9d00cb9def263418caff1174503cd2eaf0bfb241	MOVED_EXACT	experiments/step6/EXP-S6-GLOBAL-TIME-OBSERVABILITY-20260920/raw/SHA256SUMS.txt	9d00cb9def263418caff1174503cd2eaf0bfb241	same relative path and exact Git blob
experiments/legacy/exp-step6-global-time/EXP-S6-GLOBAL-TIME-OBSERVABILITY-20260920/raw/build/build_info_jtag_master.txt	81919f59d1f622de58c6fd18f5cbd2ded8afdd74	MOVED_EXACT	experiments/step6/EXP-S6-GLOBAL-TIME-OBSERVABILITY-20260920/raw/build/build_info_jtag_master.txt	81919f59d1f622de58c6fd18f5cbd2ded8afdd74	same relative path and exact Git blob
experiments/legacy/exp-step6-global-time/EXP-S6-GLOBAL-TIME-OBSERVABILITY-20260920/raw/build/build_info_jtag_slave.txt	79afbb2eb8c3c88a829ff5a58687141bdfd4bb96	MOVED_EXACT	experiments/step6/EXP-S6-GLOBAL-TIME-OBSERVABILITY-20260920/raw/build/build_info_jtag_slave.txt	79afbb2eb8c3c88a829ff5a58687141bdfd4bb96	same relative path and exact Git blob
experiments/legacy/exp-step6-global-time/EXP-S6-GLOBAL-TIME-OBSERVABILITY-20260920/raw/build/quartus_jtag_master_compile.log	648755409afe9ebf61a5f0408406a42e9e1ef854	MOVED_EXACT	experiments/step6/EXP-S6-GLOBAL-TIME-OBSERVABILITY-20260920/raw/build/quartus_jtag_master_compile.log	648755409afe9ebf61a5f0408406a42e9e1ef854	same relative path and exact Git blob
experiments/legacy/exp-step6-global-time/EXP-S6-GLOBAL-TIME-OBSERVABILITY-20260920/raw/build/quartus_jtag_slave_compile.log	faf492da9ceec3695606e660c615385bd83e0fb6	MOVED_EXACT	experiments/step6/EXP-S6-GLOBAL-TIME-OBSERVABILITY-20260920/raw/build/quartus_jtag_slave_compile.log	faf492da9ceec3695606e660c615385bd83e0fb6	same relative path and exact Git blob
experiments/legacy/exp-step6-global-time/EXP-S6-GLOBAL-TIME-OBSERVABILITY-20260920/raw/observe/global-time-15s.log	5dbfc9fc26e65dacb5ece725737f24a181d49ba8	MOVED_EXACT	experiments/step6/EXP-S6-GLOBAL-TIME-OBSERVABILITY-20260920/raw/observe/global-time-15s.log	5dbfc9fc26e65dacb5ece725737f24a181d49ba8	same relative path and exact Git blob
experiments/legacy/exp-step6-global-time/EXP-S6-GLOBAL-TIME-OBSERVABILITY-20260920/raw/program/program-master.log	2e93dff5f205aad4c9d91919e5506a88305a6a12	MOVED_EXACT	experiments/step6/EXP-S6-GLOBAL-TIME-OBSERVABILITY-20260920/raw/program/program-master.log	2e93dff5f205aad4c9d91919e5506a88305a6a12	same relative path and exact Git blob
experiments/legacy/exp-step6-global-time/EXP-S6-GLOBAL-TIME-OBSERVABILITY-20260920/raw/program/program-slave.log	b267161bbc6480c76f5978e0f3d41daea5d2d9a3	MOVED_EXACT	experiments/step6/EXP-S6-GLOBAL-TIME-OBSERVABILITY-20260920/raw/program/program-slave.log	b267161bbc6480c76f5978e0f3d41daea5d2d9a3	same relative path and exact Git blob
experiments/legacy/exp-step6-global-time/EXP-S6-GLOBAL-TIME-RECOVERED-LINK-REVALIDATION-20260922/PLAN.md	4333fc2d6b6b4f897518d001a4582a091dcadae0	MOVED_EXACT	experiments/step6/EXP-S6-GLOBAL-TIME-RECOVERED-LINK-REVALIDATION-20260922/PLAN.md	4333fc2d6b6b4f897518d001a4582a091dcadae0	same relative path and exact Git blob
experiments/legacy/exp-step6-global-time/EXP-S6-GLOBAL-TIME-RECOVERED-LINK-REVALIDATION-20260922/REPORT.md	879a3b5dd345b47fd0e65283dfcbfc7957a9e169	MOVED_EXACT	experiments/step6/EXP-S6-GLOBAL-TIME-RECOVERED-LINK-REVALIDATION-20260922/REPORT.md	879a3b5dd345b47fd0e65283dfcbfc7957a9e169	same relative path and exact Git blob
experiments/legacy/exp-step6-global-time/EXP-S6-GLOBAL-TIME-RECOVERED-LINK-REVALIDATION-20260922/analysis/analyzer.txt	ee195ebcbc24a930aa58d3ddbc0a4f7c3b0c0c0f	MOVED_EXACT	experiments/step6/EXP-S6-GLOBAL-TIME-RECOVERED-LINK-REVALIDATION-20260922/analysis/analyzer.txt	ee195ebcbc24a930aa58d3ddbc0a4f7c3b0c0c0f	same relative path and exact Git blob
experiments/legacy/exp-step6-global-time/EXP-S6-GLOBAL-TIME-RECOVERED-LINK-REVALIDATION-20260922/analysis/summary.json	ee195ebcbc24a930aa58d3ddbc0a4f7c3b0c0c0f	MOVED_EXACT	experiments/step6/EXP-S6-GLOBAL-TIME-RECOVERED-LINK-REVALIDATION-20260922/analysis/summary.json	ee195ebcbc24a930aa58d3ddbc0a4f7c3b0c0c0f	same relative path and exact Git blob
experiments/legacy/exp-step6-global-time/EXP-S6-GLOBAL-TIME-RECOVERED-LINK-REVALIDATION-20260922/raw/observe/revalidation.log	70992262bc099608a5b0a426bfbee9fef791e42d	MOVED_EXACT	experiments/step6/EXP-S6-GLOBAL-TIME-RECOVERED-LINK-REVALIDATION-20260922/raw/observe/revalidation.log	70992262bc099608a5b0a426bfbee9fef791e42d	same relative path and exact Git blob
experiments/legacy/exp-step6-global-time/EXP-S6-GLOBAL-TIME-RECOVERED-LINK-REVALIDATION-20260922/raw/program/stop.txt	70f8c529fd2f9264476dae73f68f5442b8dc2a5d	MOVED_EXACT	experiments/step6/EXP-S6-GLOBAL-TIME-RECOVERED-LINK-REVALIDATION-20260922/raw/program/stop.txt	70f8c529fd2f9264476dae73f68f5442b8dc2a5d	same relative path and exact Git blob
experiments/legacy/exp-step6-global-time/EXP-S6-GLOBAL-TIME-RECOVERED-LINK-REVALIDATION-20260922/raw/protocol.txt	126afd0decbcdc7727ddbae7380b4f6992ab34c0	MOVED_EXACT	experiments/step6/EXP-S6-GLOBAL-TIME-RECOVERED-LINK-REVALIDATION-20260922/raw/protocol.txt	126afd0decbcdc7727ddbae7380b4f6992ab34c0	same relative path and exact Git blob
experiments/legacy/exp-step6-global-time/EXP-S6-LEGACY-CAPTURE-ARCHIVE-20260924/raw/step6-global-time/.codex-preserved-step6b-live-provenance-stop-20260922/build/provenance.txt	24b5d8d13e1bfd3764a6720cff94b69be7343b8e	MOVED_EXACT	experiments/step6/EXP-S6-LEGACY-CAPTURE-ARCHIVE-20260924/raw/step6-global-time/.codex-preserved-step6b-live-provenance-stop-20260922/build/provenance.txt	24b5d8d13e1bfd3764a6720cff94b69be7343b8e	same relative path and exact Git blob
experiments/legacy/exp-step6-global-time/EXP-S6-LEGACY-CAPTURE-ARCHIVE-20260924/raw/step6-global-time/.codex-preserved-step6b-live-provenance-stop-20260922/stop.txt	34c9a1c2445e58f82ba14e87c5b6285b3476b3c7	MOVED_EXACT	experiments/step6/EXP-S6-LEGACY-CAPTURE-ARCHIVE-20260924/raw/step6-global-time/.codex-preserved-step6b-live-provenance-stop-20260922/stop.txt	34c9a1c2445e58f82ba14e87c5b6285b3476b3c7	same relative path and exact Git blob
experiments/legacy/exp-step6-global-time/EXP-S6-MASTER-LAST-EC1F25E8-REBUILD-POSTMORTEM-RECOVERY-ATTRIBUTION-20260922/PLAN.md	79da61dc94829331771d5e3808eefead48942bd5	MOVED_EXACT	experiments/step6/EXP-S6-MASTER-LAST-EC1F25E8-REBUILD-POSTMORTEM-RECOVERY-ATTRIBUTION-20260922/PLAN.md	79da61dc94829331771d5e3808eefead48942bd5	same relative path and exact Git blob
experiments/legacy/exp-step6-global-time/EXP-S6-MASTER-LAST-EC1F25E8-REBUILD-POSTMORTEM-RECOVERY-ATTRIBUTION-20260922/REPORT.md	4bdfb5d99132ebb906e7e8b9518601276e376236	MOVED_EXACT	experiments/step6/EXP-S6-MASTER-LAST-EC1F25E8-REBUILD-POSTMORTEM-RECOVERY-ATTRIBUTION-20260922/REPORT.md	4bdfb5d99132ebb906e7e8b9518601276e376236	same relative path and exact Git blob
experiments/legacy/exp-step6-global-time/EXP-S6-MASTER-LAST-EC1F25E8-REBUILD-POSTMORTEM-RECOVERY-ATTRIBUTION-20260922/analysis/analyzer.txt	4da126e9c71621480686e323870a996e01f96969	MOVED_EXACT	experiments/step6/EXP-S6-MASTER-LAST-EC1F25E8-REBUILD-POSTMORTEM-RECOVERY-ATTRIBUTION-20260922/analysis/analyzer.txt	4da126e9c71621480686e323870a996e01f96969	same relative path and exact Git blob
experiments/legacy/exp-step6-global-time/EXP-S6-MASTER-LAST-EC1F25E8-REBUILD-POSTMORTEM-RECOVERY-ATTRIBUTION-20260922/analysis/summary.json	4da126e9c71621480686e323870a996e01f96969	MOVED_EXACT	experiments/step6/EXP-S6-MASTER-LAST-EC1F25E8-REBUILD-POSTMORTEM-RECOVERY-ATTRIBUTION-20260922/analysis/summary.json	4da126e9c71621480686e323870a996e01f96969	same relative path and exact Git blob
experiments/legacy/exp-step6-global-time/EXP-S6-MASTER-LAST-EC1F25E8-REBUILD-POSTMORTEM-RECOVERY-ATTRIBUTION-20260922/raw/current/postmortem.log	8fbe47afd95c2389e60adcc148c429c74fb898fa	MOVED_EXACT	experiments/step6/EXP-S6-MASTER-LAST-EC1F25E8-REBUILD-POSTMORTEM-RECOVERY-ATTRIBUTION-20260922/raw/current/postmortem.log	8fbe47afd95c2389e60adcc148c429c74fb898fa	same relative path and exact Git blob
experiments/legacy/exp-step6-global-time/EXP-S6-MASTER-LAST-EC1F25E8-REBUILD-POSTMORTEM-RECOVERY-ATTRIBUTION-20260922/raw/program/stop.txt	70f8c529fd2f9264476dae73f68f5442b8dc2a5d	MOVED_EXACT	experiments/step6/EXP-S6-MASTER-LAST-EC1F25E8-REBUILD-POSTMORTEM-RECOVERY-ATTRIBUTION-20260922/raw/program/stop.txt	70f8c529fd2f9264476dae73f68f5442b8dc2a5d	same relative path and exact Git blob
experiments/legacy/exp-step6-global-time/EXP-S6-MASTER-LAST-EC1F25E8-REBUILD-POSTMORTEM-RECOVERY-ATTRIBUTION-20260922/raw/protocol.txt	1cd912f523309f50085c45378fcf410cae82553a	MOVED_EXACT	experiments/step6/EXP-S6-MASTER-LAST-EC1F25E8-REBUILD-POSTMORTEM-RECOVERY-ATTRIBUTION-20260922/raw/protocol.txt	1cd912f523309f50085c45378fcf410cae82553a	same relative path and exact Git blob
experiments/legacy/exp-step6-global-time/EXP-S6-MASTER-LAST-EC1F25E8-REBUILD-RECOVERY-ATTRIBUTION-20260921/PLAN.md	f4462d452c48ce94edd708f6abaca901d9dc22b2	MOVED_EXACT	experiments/step6/EXP-S6-MASTER-LAST-EC1F25E8-REBUILD-RECOVERY-ATTRIBUTION-20260921/PLAN.md	f4462d452c48ce94edd708f6abaca901d9dc22b2	same relative path and exact Git blob
experiments/legacy/exp-step6-global-time/EXP-S6-MASTER-LAST-EC1F25E8-REBUILD-RECOVERY-ATTRIBUTION-20260921/REPORT.md	3221696fa082929269a62f5c06a5c5a41640516e	MOVED_EXACT	experiments/step6/EXP-S6-MASTER-LAST-EC1F25E8-REBUILD-RECOVERY-ATTRIBUTION-20260921/REPORT.md	3221696fa082929269a62f5c06a5c5a41640516e	same relative path and exact Git blob
experiments/legacy/exp-step6-global-time/EXP-S6-MASTER-LAST-EC1F25E8-REBUILD-RECOVERY-ATTRIBUTION-20260921/analysis/analyzer.txt	2e9e4709e9089d60e49bf02d4544d0ca43cbcb5f	MOVED_EXACT	experiments/step6/EXP-S6-MASTER-LAST-EC1F25E8-REBUILD-RECOVERY-ATTRIBUTION-20260921/analysis/analyzer.txt	2e9e4709e9089d60e49bf02d4544d0ca43cbcb5f	same relative path and exact Git blob
experiments/legacy/exp-step6-global-time/EXP-S6-MASTER-LAST-EC1F25E8-REBUILD-RECOVERY-ATTRIBUTION-20260921/analysis/summary.json	e6fb28e62dfbb10dc68a77185fafc0d48e1239a1	MOVED_EXACT	experiments/step6/EXP-S6-MASTER-LAST-EC1F25E8-REBUILD-RECOVERY-ATTRIBUTION-20260921/analysis/summary.json	e6fb28e62dfbb10dc68a77185fafc0d48e1239a1	same relative path and exact Git blob
experiments/legacy/exp-step6-global-time/EXP-S6-MASTER-LAST-EC1F25E8-REBUILD-RECOVERY-ATTRIBUTION-20260921/raw/baseline/baseline.log	6e848018e5ddaf59fec2909291acb51dda9b4062	MOVED_EXACT	experiments/step6/EXP-S6-MASTER-LAST-EC1F25E8-REBUILD-RECOVERY-ATTRIBUTION-20260921/raw/baseline/baseline.log	6e848018e5ddaf59fec2909291acb51dda9b4062	same relative path and exact Git blob
experiments/legacy/exp-step6-global-time/EXP-S6-MASTER-LAST-EC1F25E8-REBUILD-RECOVERY-ATTRIBUTION-20260921/raw/build/attempt-1-quartus-full.log	b5650c313d708e6046983655999569a2ff96bbf1	MOVED_EXACT	experiments/step6/EXP-S6-MASTER-LAST-EC1F25E8-REBUILD-RECOVERY-ATTRIBUTION-20260921/raw/build/attempt-1-quartus-full.log	b5650c313d708e6046983655999569a2ff96bbf1	same relative path and exact Git blob
experiments/legacy/exp-step6-global-time/EXP-S6-MASTER-LAST-EC1F25E8-REBUILD-RECOVERY-ATTRIBUTION-20260921/raw/build/attempt-1-runner-stop.txt	5c301245af51e9aded2c47473c964f878d41389e	MOVED_EXACT	experiments/step6/EXP-S6-MASTER-LAST-EC1F25E8-REBUILD-RECOVERY-ATTRIBUTION-20260921/raw/build/attempt-1-runner-stop.txt	5c301245af51e9aded2c47473c964f878d41389e	same relative path and exact Git blob
experiments/legacy/exp-step6-global-time/EXP-S6-MASTER-LAST-EC1F25E8-REBUILD-RECOVERY-ATTRIBUTION-20260921/raw/build/attempt-1-sof-sha256.txt	410002c1a13f5cff87d2a70afb7c2a4c830995a2	MOVED_EXACT	experiments/step6/EXP-S6-MASTER-LAST-EC1F25E8-REBUILD-RECOVERY-ATTRIBUTION-20260921/raw/build/attempt-1-sof-sha256.txt	410002c1a13f5cff87d2a70afb7c2a4c830995a2	same relative path and exact Git blob
experiments/legacy/exp-step6-global-time/EXP-S6-MASTER-LAST-EC1F25E8-REBUILD-RECOVERY-ATTRIBUTION-20260921/raw/build/attempt-1-wrapper-output.log	6b8955c791c6df6eabf76f53181b7535a44b7d3b	MOVED_EXACT	experiments/step6/EXP-S6-MASTER-LAST-EC1F25E8-REBUILD-RECOVERY-ATTRIBUTION-20260921/raw/build/attempt-1-wrapper-output.log	6b8955c791c6df6eabf76f53181b7535a44b7d3b	same relative path and exact Git blob
experiments/legacy/exp-step6-global-time/EXP-S6-MASTER-LAST-EC1F25E8-REBUILD-RECOVERY-ATTRIBUTION-20260921/raw/build/build-manifest.txt	7ad57733c5389b3a48d0332fdb6d5ad83e41992b	MOVED_EXACT	experiments/step6/EXP-S6-MASTER-LAST-EC1F25E8-REBUILD-RECOVERY-ATTRIBUTION-20260921/raw/build/build-manifest.txt	7ad57733c5389b3a48d0332fdb6d5ad83e41992b	same relative path and exact Git blob
experiments/legacy/exp-step6-global-time/EXP-S6-MASTER-LAST-EC1F25E8-REBUILD-RECOVERY-ATTRIBUTION-20260921/raw/build/firmware-master-build.log	6493061d09b5f11a4477a6e41ef0c4491bc82538	MOVED_EXACT	experiments/step6/EXP-S6-MASTER-LAST-EC1F25E8-REBUILD-RECOVERY-ATTRIBUTION-20260921/raw/build/firmware-master-build.log	6493061d09b5f11a4477a6e41ef0c4491bc82538	same relative path and exact Git blob
experiments/legacy/exp-step6-global-time/EXP-S6-MASTER-LAST-EC1F25E8-REBUILD-RECOVERY-ATTRIBUTION-20260921/raw/build/master-sof-sha256.txt	100c0678cb1c2dc21b183036b5a07f6d6921af92	MOVED_EXACT	experiments/step6/EXP-S6-MASTER-LAST-EC1F25E8-REBUILD-RECOVERY-ATTRIBUTION-20260921/raw/build/master-sof-sha256.txt	100c0678cb1c2dc21b183036b5a07f6d6921af92	same relative path and exact Git blob
experiments/legacy/exp-step6-global-time/EXP-S6-MASTER-LAST-EC1F25E8-REBUILD-RECOVERY-ATTRIBUTION-20260921/raw/build/quartus-master-compile.log	82a04c22859d065489703e5d363f4c1174e51e85	MOVED_EXACT	experiments/step6/EXP-S6-MASTER-LAST-EC1F25E8-REBUILD-RECOVERY-ATTRIBUTION-20260921/raw/build/quartus-master-compile.log	82a04c22859d065489703e5d363f4c1174e51e85	same relative path and exact Git blob
experiments/legacy/exp-step6-global-time/EXP-S6-MASTER-LAST-EC1F25E8-REBUILD-RECOVERY-ATTRIBUTION-20260921/raw/build/worktree.log	4cdb88832bcca2dd7688cc871617720cc3f57751	MOVED_EXACT	experiments/step6/EXP-S6-MASTER-LAST-EC1F25E8-REBUILD-RECOVERY-ATTRIBUTION-20260921/raw/build/worktree.log	4cdb88832bcca2dd7688cc871617720cc3f57751	same relative path and exact Git blob
experiments/legacy/exp-step6-global-time/EXP-S6-MASTER-LAST-EC1F25E8-REBUILD-RECOVERY-ATTRIBUTION-20260921/raw/program/master-program.log	ce705e429d168e451b6389b20e544bbeb8c06512	MOVED_EXACT	experiments/step6/EXP-S6-MASTER-LAST-EC1F25E8-REBUILD-RECOVERY-ATTRIBUTION-20260921/raw/program/master-program.log	ce705e429d168e451b6389b20e544bbeb8c06512	same relative path and exact Git blob
experiments/legacy/exp-step6-global-time/EXP-S6-MASTER-LAST-EC1F25E8-REBUILD-RECOVERY-ATTRIBUTION-20260921/raw/program/metadata.txt	b67764d607b40c6fba8c8a5e4e6faeebdec597d4	MOVED_EXACT	experiments/step6/EXP-S6-MASTER-LAST-EC1F25E8-REBUILD-RECOVERY-ATTRIBUTION-20260921/raw/program/metadata.txt	b67764d607b40c6fba8c8a5e4e6faeebdec597d4	same relative path and exact Git blob
experiments/legacy/exp-step6-global-time/EXP-S6-MASTER-LAST-EC1F25E8-REBUILD-RECOVERY-ATTRIBUTION-20260921/raw/program/sequence-times.log	884a430719ff442176a55df3585fc630c8f10bda	MOVED_EXACT	experiments/step6/EXP-S6-MASTER-LAST-EC1F25E8-REBUILD-RECOVERY-ATTRIBUTION-20260921/raw/program/sequence-times.log	884a430719ff442176a55df3585fc630c8f10bda	same relative path and exact Git blob
experiments/legacy/exp-step6-global-time/EXP-S6-MASTER-LAST-EC1F25E8-REBUILD-RECOVERY-ATTRIBUTION-20260921/raw/program/stop.txt	745b26e8b59b2eb01a59db74561e45cab9ecd5d0	MOVED_EXACT	experiments/step6/EXP-S6-MASTER-LAST-EC1F25E8-REBUILD-RECOVERY-ATTRIBUTION-20260921/raw/program/stop.txt	745b26e8b59b2eb01a59db74561e45cab9ecd5d0	same relative path and exact Git blob
experiments/legacy/exp-step6-global-time/EXP-S6-MASTER-LAST-EC1F25E8-REBUILD-RECOVERY-ATTRIBUTION-20260921/raw/recovery/recovery.log	31a3019cc79d15c8e5b609e19550f250abbe808f	MOVED_EXACT	experiments/step6/EXP-S6-MASTER-LAST-EC1F25E8-REBUILD-RECOVERY-ATTRIBUTION-20260921/raw/recovery/recovery.log	31a3019cc79d15c8e5b609e19550f250abbe808f	same relative path and exact Git blob
experiments/legacy/exp-step6-global-time/EXP-S6-MASTER-LAST-EXACT-IMAGE-RECOVERY-ATTRIBUTION-20260921/PLAN.md	2858bb47c4b5bd8172440139d24c624c64120c29	MOVED_EXACT	experiments/step6/EXP-S6-MASTER-LAST-EXACT-IMAGE-RECOVERY-ATTRIBUTION-20260921/PLAN.md	2858bb47c4b5bd8172440139d24c624c64120c29	same relative path and exact Git blob
experiments/legacy/exp-step6-global-time/EXP-S6-MASTER-LAST-EXACT-IMAGE-RECOVERY-ATTRIBUTION-20260921/REPORT.md	d2975066078518e14eb7c47c28e865f33e23e199	MOVED_EXACT	experiments/step6/EXP-S6-MASTER-LAST-EXACT-IMAGE-RECOVERY-ATTRIBUTION-20260921/REPORT.md	d2975066078518e14eb7c47c28e865f33e23e199	same relative path and exact Git blob
experiments/legacy/exp-step6-global-time/EXP-S6-MASTER-LAST-EXACT-IMAGE-RECOVERY-ATTRIBUTION-20260921/analysis/summary.json	562aadd240cc93ed976956be817d7de4c2e51db4	MOVED_EXACT	experiments/step6/EXP-S6-MASTER-LAST-EXACT-IMAGE-RECOVERY-ATTRIBUTION-20260921/analysis/summary.json	562aadd240cc93ed976956be817d7de4c2e51db4	same relative path and exact Git blob
experiments/legacy/exp-step6-global-time/EXP-S6-MASTER-LAST-EXACT-IMAGE-RECOVERY-ATTRIBUTION-20260921/raw/program/artifact-search.txt	27ab3c418eabdb48f133830132e38a81e9a640f1	MOVED_EXACT	experiments/step6/EXP-S6-MASTER-LAST-EXACT-IMAGE-RECOVERY-ATTRIBUTION-20260921/raw/program/artifact-search.txt	27ab3c418eabdb48f133830132e38a81e9a640f1	same relative path and exact Git blob
experiments/legacy/exp-step6-global-time/EXP-S6-MASTER-LAST-EXACT-IMAGE-RECOVERY-ATTRIBUTION-20260921/raw/program/metadata.txt	bc986fb419e7e2ed9592e22df84201ea727fb1a4	MOVED_EXACT	experiments/step6/EXP-S6-MASTER-LAST-EXACT-IMAGE-RECOVERY-ATTRIBUTION-20260921/raw/program/metadata.txt	bc986fb419e7e2ed9592e22df84201ea727fb1a4	same relative path and exact Git blob
experiments/legacy/exp-step6-global-time/EXP-S6-MASTER-LAST-EXACT-IMAGE-RECOVERY-ATTRIBUTION-20260921/raw/program/stop.txt	899a7d31d0dc6555be05c6a5c0fc22e210bf1e8e	MOVED_EXACT	experiments/step6/EXP-S6-MASTER-LAST-EXACT-IMAGE-RECOVERY-ATTRIBUTION-20260921/raw/program/stop.txt	899a7d31d0dc6555be05c6a5c0fc22e210bf1e8e	same relative path and exact Git blob
experiments/legacy/exp-step6-global-time/EXP-S6-MASTER-TX-K28P5-COMMA-EMISSION-ATTRIBUTION-20260921/PLAN.md	c72ee62d3cdf9e31d6ea80f9175b349b9fe6b491	MOVED_EXACT	experiments/step6/EXP-S6-MASTER-TX-K28P5-COMMA-EMISSION-ATTRIBUTION-20260921/PLAN.md	c72ee62d3cdf9e31d6ea80f9175b349b9fe6b491	same relative path and exact Git blob
experiments/legacy/exp-step6-global-time/EXP-S6-MASTER-TX-K28P5-COMMA-EMISSION-ATTRIBUTION-20260921/REPORT.md	8dfe3bfa53a5faccf6efc1fb4a2b1ef4ec144545	MOVED_EXACT	experiments/step6/EXP-S6-MASTER-TX-K28P5-COMMA-EMISSION-ATTRIBUTION-20260921/REPORT.md	8dfe3bfa53a5faccf6efc1fb4a2b1ef4ec144545	same relative path and exact Git blob
experiments/legacy/exp-step6-global-time/EXP-S6-MASTER-TX-K28P5-COMMA-EMISSION-ATTRIBUTION-20260921/analysis/summary.json	26d32054e6d29474f9d407e457f201ff8a90154f	MOVED_EXACT	experiments/step6/EXP-S6-MASTER-TX-K28P5-COMMA-EMISSION-ATTRIBUTION-20260921/analysis/summary.json	26d32054e6d29474f9d407e457f201ff8a90154f	same relative path and exact Git blob
experiments/legacy/exp-step6-global-time/EXP-S6-MASTER-TX-K28P5-COMMA-EMISSION-ATTRIBUTION-20260921/raw/build/SHA256SUMS.txt	ae4019b6dbecb267554169cfacc1e7efd2fda98a	MOVED_EXACT	experiments/step6/EXP-S6-MASTER-TX-K28P5-COMMA-EMISSION-ATTRIBUTION-20260921/raw/build/SHA256SUMS.txt	ae4019b6dbecb267554169cfacc1e7efd2fda98a	same relative path and exact Git blob
experiments/legacy/exp-step6-global-time/EXP-S6-MASTER-TX-K28P5-COMMA-EMISSION-ATTRIBUTION-20260921/raw/build/build-summary.txt	2114a99a061b521c80cb54d5ad6cdb955164beb4	MOVED_EXACT	experiments/step6/EXP-S6-MASTER-TX-K28P5-COMMA-EMISSION-ATTRIBUTION-20260921/raw/build/build-summary.txt	2114a99a061b521c80cb54d5ad6cdb955164beb4	same relative path and exact Git blob
experiments/legacy/exp-step6-global-time/EXP-S6-MASTER-TX-K28P5-COMMA-EMISSION-ATTRIBUTION-20260921/raw/build/sof-sha256.txt	bb6ffa2301b7f5a9fe137951f315b480adb515f2	MOVED_EXACT	experiments/step6/EXP-S6-MASTER-TX-K28P5-COMMA-EMISSION-ATTRIBUTION-20260921/raw/build/sof-sha256.txt	bb6ffa2301b7f5a9fe137951f315b480adb515f2	same relative path and exact Git blob
experiments/legacy/exp-step6-global-time/EXP-S6-MASTER-TX-K28P5-COMMA-EMISSION-ATTRIBUTION-20260921/raw/build/source-sha256.txt	6a7f4e21bf9120b29e17f2bf594f5da372cc4aeb	MOVED_EXACT	experiments/step6/EXP-S6-MASTER-TX-K28P5-COMMA-EMISSION-ATTRIBUTION-20260921/raw/build/source-sha256.txt	6a7f4e21bf9120b29e17f2bf594f5da372cc4aeb	same relative path and exact Git blob
experiments/legacy/exp-step6-global-time/EXP-S6-MASTER-TX-K28P5-COMMA-EMISSION-ATTRIBUTION-20260921/raw/observation-v2/SHA256SUMS.txt	c30515346b648882ce4ee2be89b36d085d7268fa	MOVED_EXACT	experiments/step6/EXP-S6-MASTER-TX-K28P5-COMMA-EMISSION-ATTRIBUTION-20260921/raw/observation-v2/SHA256SUMS.txt	c30515346b648882ce4ee2be89b36d085d7268fa	same relative path and exact Git blob
experiments/legacy/exp-step6-global-time/EXP-S6-MASTER-TX-K28P5-COMMA-EMISSION-ATTRIBUTION-20260921/raw/observation-v2/master-tx-comma-attribution.log	85ce5ee6e98d82264ceab6d12d5f26173de8958c	MOVED_EXACT	experiments/step6/EXP-S6-MASTER-TX-K28P5-COMMA-EMISSION-ATTRIBUTION-20260921/raw/observation-v2/master-tx-comma-attribution.log	85ce5ee6e98d82264ceab6d12d5f26173de8958c	same relative path and exact Git blob
experiments/legacy/exp-step6-global-time/EXP-S6-MASTER-TX-K28P5-COMMA-EMISSION-ATTRIBUTION-20260921/raw/observation-v2/observer-status.txt	9be0893def7fb965e9b79745e08c8e06a5e690bb	MOVED_EXACT	experiments/step6/EXP-S6-MASTER-TX-K28P5-COMMA-EMISSION-ATTRIBUTION-20260921/raw/observation-v2/observer-status.txt	9be0893def7fb965e9b79745e08c8e06a5e690bb	same relative path and exact Git blob
experiments/legacy/exp-step6-global-time/EXP-S6-MASTER-TX-K28P5-COMMA-EMISSION-ATTRIBUTION-20260921/raw/observation/SHA256SUMS.txt	3edf65c3bbc5c38627fb66cdeb9163597e0b9669	MOVED_EXACT	experiments/step6/EXP-S6-MASTER-TX-K28P5-COMMA-EMISSION-ATTRIBUTION-20260921/raw/observation/SHA256SUMS.txt	3edf65c3bbc5c38627fb66cdeb9163597e0b9669	same relative path and exact Git blob
experiments/legacy/exp-step6-global-time/EXP-S6-MASTER-TX-K28P5-COMMA-EMISSION-ATTRIBUTION-20260921/raw/observation/master-tx-comma-attribution.log	16cf88e4cd8ae24e874ee4ae9490d214ebf7f42e	MOVED_EXACT	experiments/step6/EXP-S6-MASTER-TX-K28P5-COMMA-EMISSION-ATTRIBUTION-20260921/raw/observation/master-tx-comma-attribution.log	16cf88e4cd8ae24e874ee4ae9490d214ebf7f42e	same relative path and exact Git blob
experiments/legacy/exp-step6-global-time/EXP-S6-MASTER-TX-K28P5-COMMA-EMISSION-ATTRIBUTION-20260921/raw/observation/observer-status.txt	bad4fae0725c951ff10f85489edc9723841c4b9a	MOVED_EXACT	experiments/step6/EXP-S6-MASTER-TX-K28P5-COMMA-EMISSION-ATTRIBUTION-20260921/raw/observation/observer-status.txt	bad4fae0725c951ff10f85489edc9723841c4b9a	same relative path and exact Git blob
experiments/legacy/exp-step6-global-time/EXP-S6-MASTER-TX-K28P5-COMMA-EMISSION-ATTRIBUTION-20260921/raw/program/master-program.log	2cac055f272b4b73cdcd6ffaf616a9143be6c948	MOVED_EXACT	experiments/step6/EXP-S6-MASTER-TX-K28P5-COMMA-EMISSION-ATTRIBUTION-20260921/raw/program/master-program.log	2cac055f272b4b73cdcd6ffaf616a9143be6c948	same relative path and exact Git blob
experiments/legacy/exp-step6-global-time/EXP-S6-MASTER-TX-K28P5-COMMA-EMISSION-ATTRIBUTION-20260921/raw/program/program-status.txt	9575e1d35fd9774f8cfad5b3e14c4f7160f6f49e	MOVED_EXACT	experiments/step6/EXP-S6-MASTER-TX-K28P5-COMMA-EMISSION-ATTRIBUTION-20260921/raw/program/program-status.txt	9575e1d35fd9774f8cfad5b3e14c4f7160f6f49e	same relative path and exact Git blob
experiments/legacy/exp-step6-global-time/EXP-S6-PHASE-GLOBAL-TIME-RESTORE-CURRENT-SOURCE-20260922/PLAN.md	52e31ed183742beaa874b32854acf167884695fb	MOVED_EXACT	experiments/step6/EXP-S6-PHASE-GLOBAL-TIME-RESTORE-CURRENT-SOURCE-20260922/PLAN.md	52e31ed183742beaa874b32854acf167884695fb	same relative path and exact Git blob
experiments/legacy/exp-step6-global-time/EXP-S6-PHASE-GLOBAL-TIME-RESTORE-CURRENT-SOURCE-20260922/REPORT.md	5b82b2e2a798e6ee9af05d42318ce7ef6c62b633	MOVED_EXACT	experiments/step6/EXP-S6-PHASE-GLOBAL-TIME-RESTORE-CURRENT-SOURCE-20260922/REPORT.md	5b82b2e2a798e6ee9af05d42318ce7ef6c62b633	same relative path and exact Git blob
experiments/legacy/exp-step6-global-time/EXP-S6-PHASE-GLOBAL-TIME-RESTORE-CURRENT-SOURCE-20260922/analysis/lock-audit.md	eb21006200b1aa13d08f18a25ae4f2515ed6ebf2	MOVED_EXACT	experiments/step6/EXP-S6-PHASE-GLOBAL-TIME-RESTORE-CURRENT-SOURCE-20260922/analysis/lock-audit.md	eb21006200b1aa13d08f18a25ae4f2515ed6ebf2	same relative path and exact Git blob
experiments/legacy/exp-step6-global-time/EXP-S6-PHASE-GLOBAL-TIME-RESTORE-CURRENT-SOURCE-20260922/raw/build/firmware-image-manifest.txt	596b005f47c5eb9f0542f4e43803df531efb10ff	MOVED_EXACT	experiments/step6/EXP-S6-PHASE-GLOBAL-TIME-RESTORE-CURRENT-SOURCE-20260922/raw/build/firmware-image-manifest.txt	596b005f47c5eb9f0542f4e43803df531efb10ff	same relative path and exact Git blob
experiments/legacy/exp-step6-global-time/EXP-S6-PHASE-GLOBAL-TIME-RESTORE-CURRENT-SOURCE-20260922/raw/build/firmware-master-build.log	f98504256a8bc6f69ffa0fe9bd05658ababae8b1	MOVED_EXACT	experiments/step6/EXP-S6-PHASE-GLOBAL-TIME-RESTORE-CURRENT-SOURCE-20260922/raw/build/firmware-master-build.log	f98504256a8bc6f69ffa0fe9bd05658ababae8b1	same relative path and exact Git blob
experiments/legacy/exp-step6-global-time/EXP-S6-PHASE-GLOBAL-TIME-RESTORE-CURRENT-SOURCE-20260922/raw/build/firmware-slave-build.log	9fc2cef5de057dc9dbc653250ad88a6540549141	MOVED_EXACT	experiments/step6/EXP-S6-PHASE-GLOBAL-TIME-RESTORE-CURRENT-SOURCE-20260922/raw/build/firmware-slave-build.log	9fc2cef5de057dc9dbc653250ad88a6540549141	same relative path and exact Git blob
experiments/legacy/exp-step6-global-time/EXP-S6-PHASE-GLOBAL-TIME-RESTORE-CURRENT-SOURCE-20260922/raw/build/quartus_master_jtag_compile.log	c4dad6f704d71a007df58d784fe3a85273fd80fd	MOVED_EXACT	experiments/step6/EXP-S6-PHASE-GLOBAL-TIME-RESTORE-CURRENT-SOURCE-20260922/raw/build/quartus_master_jtag_compile.log	c4dad6f704d71a007df58d784fe3a85273fd80fd	same relative path and exact Git blob
experiments/legacy/exp-step6-global-time/EXP-S6-PHASE-GLOBAL-TIME-RESTORE-CURRENT-SOURCE-20260922/raw/build/quartus_slave_jtag_compile.log	060fd61f7737502cb6dbcabd1092b5cd6cfb6a77	MOVED_EXACT	experiments/step6/EXP-S6-PHASE-GLOBAL-TIME-RESTORE-CURRENT-SOURCE-20260922/raw/build/quartus_slave_jtag_compile.log	060fd61f7737502cb6dbcabd1092b5cd6cfb6a77	same relative path and exact Git blob
experiments/legacy/exp-step6-global-time/EXP-S6-PHASE-GLOBAL-TIME-RESTORE-CURRENT-SOURCE-20260922/raw/build/sof-manifest.txt	71f4d94a559e14c3b186593b95c6d3ee686ed04f	MOVED_EXACT	experiments/step6/EXP-S6-PHASE-GLOBAL-TIME-RESTORE-CURRENT-SOURCE-20260922/raw/build/sof-manifest.txt	71f4d94a559e14c3b186593b95c6d3ee686ed04f	same relative path and exact Git blob
experiments/legacy/exp-step6-global-time/EXP-S6-PHASE-GLOBAL-TIME-RESTORE-CURRENT-SOURCE-20260922/raw/checksums.sha256	071256ac3a1e95e27e748c540a6bdc5158a9d1f9	MOVED_EXACT	experiments/step6/EXP-S6-PHASE-GLOBAL-TIME-RESTORE-CURRENT-SOURCE-20260922/raw/checksums.sha256	071256ac3a1e95e27e748c540a6bdc5158a9d1f9	same relative path and exact Git blob
experiments/legacy/exp-step6-global-time/EXP-S6-PHASE-GLOBAL-TIME-RESTORE-CURRENT-SOURCE-20260922/raw/observe/dashboard-2000ms.log	d034df99cb27fefacca908b5a7d64e6af0a62ab6	MOVED_EXACT	experiments/step6/EXP-S6-PHASE-GLOBAL-TIME-RESTORE-CURRENT-SOURCE-20260922/raw/observe/dashboard-2000ms.log	d034df99cb27fefacca908b5a7d64e6af0a62ab6	same relative path and exact Git blob
experiments/legacy/exp-step6-global-time/EXP-S6-PHASE-GLOBAL-TIME-RESTORE-CURRENT-SOURCE-20260922/raw/observe/dashboard-after-300s.log	e2bff530a969841c8a3b9926f58ec17b6183b60d	MOVED_EXACT	experiments/step6/EXP-S6-PHASE-GLOBAL-TIME-RESTORE-CURRENT-SOURCE-20260922/raw/observe/dashboard-after-300s.log	e2bff530a969841c8a3b9926f58ec17b6183b60d	same relative path and exact Git blob
experiments/legacy/exp-step6-global-time/EXP-S6-PHASE-GLOBAL-TIME-RESTORE-CURRENT-SOURCE-20260922/raw/observe/phase-rearm-observe-90s.log	fa3fd872791e59593dbe877977ec51468bf02849	MOVED_EXACT	experiments/step6/EXP-S6-PHASE-GLOBAL-TIME-RESTORE-CURRENT-SOURCE-20260922/raw/observe/phase-rearm-observe-90s.log	fa3fd872791e59593dbe877977ec51468bf02849	same relative path and exact Git blob
experiments/legacy/exp-step6-global-time/EXP-S6-PHASE-GLOBAL-TIME-RESTORE-CURRENT-SOURCE-20260922/raw/observe/step5-four-locks-300s.log	c0dfe9caa70a19592b00c0701eadab4fd35a7f72	MOVED_EXACT	experiments/step6/EXP-S6-PHASE-GLOBAL-TIME-RESTORE-CURRENT-SOURCE-20260922/raw/observe/step5-four-locks-300s.log	c0dfe9caa70a19592b00c0701eadab4fd35a7f72	same relative path and exact Git blob
experiments/legacy/exp-step6-global-time/EXP-S6-PHASE-GLOBAL-TIME-RESTORE-CURRENT-SOURCE-20260922/raw/program/cable-list.log	5d2054e6fbf825d029502d03b8d667b626053517	MOVED_EXACT	experiments/step6/EXP-S6-PHASE-GLOBAL-TIME-RESTORE-CURRENT-SOURCE-20260922/raw/program/cable-list.log	5d2054e6fbf825d029502d03b8d667b626053517	same relative path and exact Git blob
experiments/legacy/exp-step6-global-time/EXP-S6-PHASE-GLOBAL-TIME-RESTORE-CURRENT-SOURCE-20260922/raw/program/master-program.log	46dc91def623905ee96bc2bdd4d2597d425ce20b	MOVED_EXACT	experiments/step6/EXP-S6-PHASE-GLOBAL-TIME-RESTORE-CURRENT-SOURCE-20260922/raw/program/master-program.log	46dc91def623905ee96bc2bdd4d2597d425ce20b	same relative path and exact Git blob
experiments/legacy/exp-step6-global-time/EXP-S6-PHASE-GLOBAL-TIME-RESTORE-CURRENT-SOURCE-20260922/raw/program/program-manifest.txt	938dfa1345da95edbe7d821a60fb32872344e1f0	MOVED_EXACT	experiments/step6/EXP-S6-PHASE-GLOBAL-TIME-RESTORE-CURRENT-SOURCE-20260922/raw/program/program-manifest.txt	938dfa1345da95edbe7d821a60fb32872344e1f0	same relative path and exact Git blob
experiments/legacy/exp-step6-global-time/EXP-S6-PHASE-GLOBAL-TIME-RESTORE-CURRENT-SOURCE-20260922/raw/program/slave-program.log	53c2fbc1f17c5f68291637ab0391d9d596acfd30	MOVED_EXACT	experiments/step6/EXP-S6-PHASE-GLOBAL-TIME-RESTORE-CURRENT-SOURCE-20260922/raw/program/slave-program.log	53c2fbc1f17c5f68291637ab0391d9d596acfd30	same relative path and exact Git blob
experiments/legacy/exp-step6-global-time/EXP-S6-PHYSICAL-PPS-SMA-SKEW-BASELINE-20260922/PLAN.md	dd325d9bcca079e1868ccf84fd20c150b39a77a1	MOVED_EXACT	experiments/step6/EXP-S6-PHYSICAL-PPS-SMA-SKEW-BASELINE-20260922/PLAN.md	dd325d9bcca079e1868ccf84fd20c150b39a77a1	same relative path and exact Git blob
experiments/legacy/exp-step6-global-time/EXP-S6-PHYSICAL-PPS-SMA-SKEW-BASELINE-20260922/REPORT.md	8ff0c7dee35e72493fda9788ab1545b7a1e9b1a9	MOVED_EXACT	experiments/step6/EXP-S6-PHYSICAL-PPS-SMA-SKEW-BASELINE-20260922/REPORT.md	8ff0c7dee35e72493fda9788ab1545b7a1e9b1a9	same relative path and exact Git blob
experiments/legacy/exp-step6-global-time/EXP-S6-PHYSICAL-PPS-SMA-SKEW-BASELINE-20260922/analysis/pre-gate-analyzer.txt	2e1b10560ebacb95727901e54f6998053cca2d20	MOVED_EXACT	experiments/step6/EXP-S6-PHYSICAL-PPS-SMA-SKEW-BASELINE-20260922/analysis/pre-gate-analyzer.txt	2e1b10560ebacb95727901e54f6998053cca2d20	same relative path and exact Git blob
experiments/legacy/exp-step6-global-time/EXP-S6-PHYSICAL-PPS-SMA-SKEW-BASELINE-20260922/analysis/pre-gate.json	2e1b10560ebacb95727901e54f6998053cca2d20	MOVED_EXACT	experiments/step6/EXP-S6-PHYSICAL-PPS-SMA-SKEW-BASELINE-20260922/analysis/pre-gate.json	2e1b10560ebacb95727901e54f6998053cca2d20	same relative path and exact Git blob
experiments/legacy/exp-step6-global-time/EXP-S6-PHYSICAL-PPS-SMA-SKEW-BASELINE-20260922/raw/pre-stop.txt	a95bad8254c069497b08b2661eccdeb3bbd73a3d	MOVED_EXACT	experiments/step6/EXP-S6-PHYSICAL-PPS-SMA-SKEW-BASELINE-20260922/raw/pre-stop.txt	a95bad8254c069497b08b2661eccdeb3bbd73a3d	same relative path and exact Git blob
experiments/legacy/exp-step6-global-time/EXP-S6-PHYSICAL-PPS-SMA-SKEW-BASELINE-20260922/raw/pre/gate.log	badd91995732167f940e7f0dbe0f11f6aaed53c6	MOVED_EXACT	experiments/step6/EXP-S6-PHYSICAL-PPS-SMA-SKEW-BASELINE-20260922/raw/pre/gate.log	badd91995732167f940e7f0dbe0f11f6aaed53c6	same relative path and exact Git blob
experiments/legacy/exp-step6-global-time/EXP-S6-PHYSICAL-PPS-SMA-SKEW-BASELINE-20260922/raw/protocol.txt	7b7f5bafa4d46988864209145cd2ea651a87515a	MOVED_EXACT	experiments/step6/EXP-S6-PHYSICAL-PPS-SMA-SKEW-BASELINE-20260922/raw/protocol.txt	7b7f5bafa4d46988864209145cd2ea651a87515a	same relative path and exact Git blob
experiments/legacy/exp-step6-global-time/EXP-S6-POST-SLAVE-ENDPOINT-LINK-ATTRIBUTION-20260921/CORRECTION_NOTICE.md	15f0a1a8a8fcfd0dcb464358cbab57aa3aded588	MOVED_EXACT	experiments/step6/EXP-S6-POST-SLAVE-ENDPOINT-LINK-ATTRIBUTION-20260921/CORRECTION_NOTICE.md	15f0a1a8a8fcfd0dcb464358cbab57aa3aded588	same relative path and exact Git blob
experiments/legacy/exp-step6-global-time/EXP-S6-POST-SLAVE-ENDPOINT-LINK-ATTRIBUTION-20260921/PLAN.md	2b713ff41b62c42c659ecd403e8fc078d10507a4	MOVED_EXACT	experiments/step6/EXP-S6-POST-SLAVE-ENDPOINT-LINK-ATTRIBUTION-20260921/PLAN.md	2b713ff41b62c42c659ecd403e8fc078d10507a4	same relative path and exact Git blob
experiments/legacy/exp-step6-global-time/EXP-S6-POST-SLAVE-ENDPOINT-LINK-ATTRIBUTION-20260921/REPORT.md	fbfda66ca555102d9c3fa26ce02e9b2e905d987a	MOVED_EXACT	experiments/step6/EXP-S6-POST-SLAVE-ENDPOINT-LINK-ATTRIBUTION-20260921/REPORT.md	fbfda66ca555102d9c3fa26ce02e9b2e905d987a	same relative path and exact Git blob
experiments/legacy/exp-step6-global-time/EXP-S6-POST-SLAVE-ENDPOINT-LINK-ATTRIBUTION-20260921/analysis/summary.json	9ec9f6af343ba9309fe324845d3d492af71c1595	MOVED_EXACT	experiments/step6/EXP-S6-POST-SLAVE-ENDPOINT-LINK-ATTRIBUTION-20260921/analysis/summary.json	9ec9f6af343ba9309fe324845d3d492af71c1595	same relative path and exact Git blob
experiments/legacy/exp-step6-global-time/EXP-S6-POST-SLAVE-ENDPOINT-LINK-ATTRIBUTION-20260921/raw/SHA256SUMS.txt	393eb227a30b7b3f557de629079ebc81926a6386	MOVED_EXACT	experiments/step6/EXP-S6-POST-SLAVE-ENDPOINT-LINK-ATTRIBUTION-20260921/raw/SHA256SUMS.txt	393eb227a30b7b3f557de629079ebc81926a6386	same relative path and exact Git blob
experiments/legacy/exp-step6-global-time/EXP-S6-POST-SLAVE-ENDPOINT-LINK-ATTRIBUTION-20260921/raw/master-endpoint-link.log	7a8bf9b571b1ba8bdfc5649b6dca7a8a850cc524	MOVED_EXACT	experiments/step6/EXP-S6-POST-SLAVE-ENDPOINT-LINK-ATTRIBUTION-20260921/raw/master-endpoint-link.log	7a8bf9b571b1ba8bdfc5649b6dca7a8a850cc524	same relative path and exact Git blob
experiments/legacy/exp-step6-global-time/EXP-S6-POST-SLAVE-ENDPOINT-LINK-ATTRIBUTION-20260921/raw/slave-endpoint-link.log	656fa75907724dca62ed19d1cb8f1e6389ce9970	MOVED_EXACT	experiments/step6/EXP-S6-POST-SLAVE-ENDPOINT-LINK-ATTRIBUTION-20260921/raw/slave-endpoint-link.log	656fa75907724dca62ed19d1cb8f1e6389ce9970	same relative path and exact Git blob
experiments/legacy/exp-step6-global-time/EXP-S6-PRE-PULL-PROVENANCE-ARCHIVE-20260922/REPORT.md	5f087a441907da0adc72725d110ad319e4191c0d	MOVED_EXACT	experiments/step6/EXP-S6-PRE-PULL-PROVENANCE-ARCHIVE-20260922/REPORT.md	5f087a441907da0adc72725d110ad319e4191c0d	same relative path and exact Git blob
experiments/legacy/exp-step6-global-time/EXP-S6-PRE-PULL-PROVENANCE-ARCHIVE-20260922/raw/pain-preserved-step6-master-tx-comma-prepull-d40ed7f3/raw/build/SHA256SUMS.txt	ae4019b6dbecb267554169cfacc1e7efd2fda98a	MOVED_EXACT	experiments/step6/EXP-S6-PRE-PULL-PROVENANCE-ARCHIVE-20260922/raw/pain-preserved-step6-master-tx-comma-prepull-d40ed7f3/raw/build/SHA256SUMS.txt	ae4019b6dbecb267554169cfacc1e7efd2fda98a	same relative path and exact Git blob
experiments/legacy/exp-step6-global-time/EXP-S6-PRE-PULL-PROVENANCE-ARCHIVE-20260922/raw/pain-preserved-step6-master-tx-comma-prepull-d40ed7f3/raw/build/build-summary.txt	2114a99a061b521c80cb54d5ad6cdb955164beb4	MOVED_EXACT	experiments/step6/EXP-S6-PRE-PULL-PROVENANCE-ARCHIVE-20260922/raw/pain-preserved-step6-master-tx-comma-prepull-d40ed7f3/raw/build/build-summary.txt	2114a99a061b521c80cb54d5ad6cdb955164beb4	same relative path and exact Git blob
experiments/legacy/exp-step6-global-time/EXP-S6-PRE-PULL-PROVENANCE-ARCHIVE-20260922/raw/pain-preserved-step6-master-tx-comma-prepull-d40ed7f3/raw/build/sof-sha256.txt	bb6ffa2301b7f5a9fe137951f315b480adb515f2	MOVED_EXACT	experiments/step6/EXP-S6-PRE-PULL-PROVENANCE-ARCHIVE-20260922/raw/pain-preserved-step6-master-tx-comma-prepull-d40ed7f3/raw/build/sof-sha256.txt	bb6ffa2301b7f5a9fe137951f315b480adb515f2	same relative path and exact Git blob
experiments/legacy/exp-step6-global-time/EXP-S6-PRE-PULL-PROVENANCE-ARCHIVE-20260922/raw/pain-preserved-step6-master-tx-comma-prepull-d40ed7f3/raw/build/source-sha256.txt	6a7f4e21bf9120b29e17f2bf594f5da372cc4aeb	MOVED_EXACT	experiments/step6/EXP-S6-PRE-PULL-PROVENANCE-ARCHIVE-20260922/raw/pain-preserved-step6-master-tx-comma-prepull-d40ed7f3/raw/build/source-sha256.txt	6a7f4e21bf9120b29e17f2bf594f5da372cc4aeb	same relative path and exact Git blob
experiments/legacy/exp-step6-global-time/EXP-S6-PRE-PULL-PROVENANCE-ARCHIVE-20260922/raw/pain-preserved-step6-master-tx-comma-prepull-d40ed7f3/raw/observation-v2/SHA256SUMS.txt	c30515346b648882ce4ee2be89b36d085d7268fa	MOVED_EXACT	experiments/step6/EXP-S6-PRE-PULL-PROVENANCE-ARCHIVE-20260922/raw/pain-preserved-step6-master-tx-comma-prepull-d40ed7f3/raw/observation-v2/SHA256SUMS.txt	c30515346b648882ce4ee2be89b36d085d7268fa	same relative path and exact Git blob
experiments/legacy/exp-step6-global-time/EXP-S6-PRE-PULL-PROVENANCE-ARCHIVE-20260922/raw/pain-preserved-step6-master-tx-comma-prepull-d40ed7f3/raw/observation-v2/observer-status.txt	9be0893def7fb965e9b79745e08c8e06a5e690bb	MOVED_EXACT	experiments/step6/EXP-S6-PRE-PULL-PROVENANCE-ARCHIVE-20260922/raw/pain-preserved-step6-master-tx-comma-prepull-d40ed7f3/raw/observation-v2/observer-status.txt	9be0893def7fb965e9b79745e08c8e06a5e690bb	same relative path and exact Git blob
experiments/legacy/exp-step6-global-time/EXP-S6-PRE-PULL-PROVENANCE-ARCHIVE-20260922/raw/pain-preserved-step6-master-tx-comma-prepull-d40ed7f3/raw/observation/SHA256SUMS.txt	3edf65c3bbc5c38627fb66cdeb9163597e0b9669	MOVED_EXACT	experiments/step6/EXP-S6-PRE-PULL-PROVENANCE-ARCHIVE-20260922/raw/pain-preserved-step6-master-tx-comma-prepull-d40ed7f3/raw/observation/SHA256SUMS.txt	3edf65c3bbc5c38627fb66cdeb9163597e0b9669	same relative path and exact Git blob
experiments/legacy/exp-step6-global-time/EXP-S6-PRE-PULL-PROVENANCE-ARCHIVE-20260922/raw/pain-preserved-step6-master-tx-comma-prepull-d40ed7f3/raw/observation/observer-status.txt	bad4fae0725c951ff10f85489edc9723841c4b9a	MOVED_EXACT	experiments/step6/EXP-S6-PRE-PULL-PROVENANCE-ARCHIVE-20260922/raw/pain-preserved-step6-master-tx-comma-prepull-d40ed7f3/raw/observation/observer-status.txt	bad4fae0725c951ff10f85489edc9723841c4b9a	same relative path and exact Git blob
experiments/legacy/exp-step6-global-time/EXP-S6-PRE-PULL-PROVENANCE-ARCHIVE-20260922/raw/pain-preserved-step6-master-tx-comma-prepull-d40ed7f3/raw/program/program-status.txt	9575e1d35fd9774f8cfad5b3e14c4f7160f6f49e	MOVED_EXACT	experiments/step6/EXP-S6-PRE-PULL-PROVENANCE-ARCHIVE-20260922/raw/pain-preserved-step6-master-tx-comma-prepull-d40ed7f3/raw/program/program-status.txt	9575e1d35fd9774f8cfad5b3e14c4f7160f6f49e	same relative path and exact Git blob
experiments/legacy/exp-step6-global-time/EXP-S6-PRE-PULL-PROVENANCE-ARCHIVE-20260922/raw/pain-preserved-step6-slock-v1-before-v2-pull/program/sof-sha256-before.txt	36369a6885d9ed0f1fd12e8234a37675797a2a51	MOVED_EXACT	experiments/step6/EXP-S6-PRE-PULL-PROVENANCE-ARCHIVE-20260922/raw/pain-preserved-step6-slock-v1-before-v2-pull/program/sof-sha256-before.txt	36369a6885d9ed0f1fd12e8234a37675797a2a51	same relative path and exact Git blob
experiments/legacy/exp-step6-global-time/EXP-S6-PRE-PULL-PROVENANCE-ARCHIVE-20260922/raw/pain-preserved-step6-slock-v2-after-capture/raw-untracked-worktree/program/sof-sha256-before.txt	319b76fb70be962c9dfc5adeb2e693ea740a3afe	MOVED_EXACT	experiments/step6/EXP-S6-PRE-PULL-PROVENANCE-ARCHIVE-20260922/raw/pain-preserved-step6-slock-v2-after-capture/raw-untracked-worktree/program/sof-sha256-before.txt	319b76fb70be962c9dfc5adeb2e693ea740a3afe	same relative path and exact Git blob
experiments/legacy/exp-step6-global-time/EXP-S6-PRE-PULL-PROVENANCE-ARCHIVE-20260922/raw/pain-preserved-step6-slock-v2-after-capture/raw/program/sof-sha256-before.txt	319b76fb70be962c9dfc5adeb2e693ea740a3afe	MOVED_EXACT	experiments/step6/EXP-S6-PRE-PULL-PROVENANCE-ARCHIVE-20260922/raw/pain-preserved-step6-slock-v2-after-capture/raw/program/sof-sha256-before.txt	319b76fb70be962c9dfc5adeb2e693ea740a3afe	same relative path and exact Git blob
experiments/legacy/exp-step6-global-time/EXP-S6-PRE-PULL-PROVENANCE-ARCHIVE-20260922/raw/pain-preserved-step6-word-align-v1-7c39be15/program/sof-sha256.txt	08e607ac1bd4960a1574fc943498d3d6b88925fa	MOVED_EXACT	experiments/step6/EXP-S6-PRE-PULL-PROVENANCE-ARCHIVE-20260922/raw/pain-preserved-step6-word-align-v1-7c39be15/program/sof-sha256.txt	08e607ac1bd4960a1574fc943498d3d6b88925fa	same relative path and exact Git blob
experiments/legacy/exp-step6-global-time/EXP-S6-PRE-PULL-PROVENANCE-ARCHIVE-20260922/raw/pain-preserved-step6-word-align-v2-prepull-cd8c672e/raw/program/metadata.txt	e18d476f846d24d55ef64789e83fc9f642988591	MOVED_EXACT	experiments/step6/EXP-S6-PRE-PULL-PROVENANCE-ARCHIVE-20260922/raw/pain-preserved-step6-word-align-v2-prepull-cd8c672e/raw/program/metadata.txt	e18d476f846d24d55ef64789e83fc9f642988591	same relative path and exact Git blob
experiments/legacy/exp-step6-global-time/EXP-S6-PRE-PULL-PROVENANCE-ARCHIVE-20260922/raw/pain-preserved-step6-word-align-v2-prepull-cd8c672e/raw/program/sof-sha256.txt	b3615a3063bbf99ef1567d2140c0f227dc799551	MOVED_EXACT	experiments/step6/EXP-S6-PRE-PULL-PROVENANCE-ARCHIVE-20260922/raw/pain-preserved-step6-word-align-v2-prepull-cd8c672e/raw/program/sof-sha256.txt	b3615a3063bbf99ef1567d2140c0f227dc799551	same relative path and exact Git blob
experiments/legacy/exp-step6-global-time/EXP-S6-PRE-PULL-PROVENANCE-ARCHIVE-20260922/raw/pain-preserved-step6-word-align-v3-prepull-cd8c672e/program/metadata.txt	fbdce613e33735d01addf691ccab0606077162eb	MOVED_EXACT	experiments/step6/EXP-S6-PRE-PULL-PROVENANCE-ARCHIVE-20260922/raw/pain-preserved-step6-word-align-v3-prepull-cd8c672e/program/metadata.txt	fbdce613e33735d01addf691ccab0606077162eb	same relative path and exact Git blob
experiments/legacy/exp-step6-global-time/EXP-S6-PRE-PULL-PROVENANCE-ARCHIVE-20260922/raw/pain-preserved-step6-word-align-v3-prepull-cd8c672e/program/sof-sha256.txt	b3615a3063bbf99ef1567d2140c0f227dc799551	MOVED_EXACT	experiments/step6/EXP-S6-PRE-PULL-PROVENANCE-ARCHIVE-20260922/raw/pain-preserved-step6-word-align-v3-prepull-cd8c672e/program/sof-sha256.txt	b3615a3063bbf99ef1567d2140c0f227dc799551	same relative path and exact Git blob
experiments/legacy/exp-step6-global-time/EXP-S6-PRE-PULL-PROVENANCE-ARCHIVE-20260922/raw/pain-preserved-step6b-timing-correction-collection-filter-before-pull-20260922/analysis/analyzer.txt	c6ec0a9629b0b1372f562248297d03cfdf044a8a	MOVED_EXACT	experiments/step6/EXP-S6-PRE-PULL-PROVENANCE-ARCHIVE-20260922/raw/pain-preserved-step6b-timing-correction-collection-filter-before-pull-20260922/analysis/analyzer.txt	c6ec0a9629b0b1372f562248297d03cfdf044a8a	same relative path and exact Git blob
experiments/legacy/exp-step6-global-time/EXP-S6-PRE-PULL-PROVENANCE-ARCHIVE-20260922/raw/pain-preserved-step6b-timing-correction-collection-filter-before-pull-20260922/analysis/summary.json	c6ec0a9629b0b1372f562248297d03cfdf044a8a	MOVED_EXACT	experiments/step6/EXP-S6-PRE-PULL-PROVENANCE-ARCHIVE-20260922/raw/pain-preserved-step6b-timing-correction-collection-filter-before-pull-20260922/analysis/summary.json	c6ec0a9629b0b1372f562248297d03cfdf044a8a	same relative path and exact Git blob
experiments/legacy/exp-step6-global-time/EXP-S6-PRE-PULL-PROVENANCE-ARCHIVE-20260922/raw/pain-preserved-step6b-timing-correction-collection-filter-before-pull-20260922/raw/protocol.txt	eab91fdef0c7d7dc1ca19f7eb2f3aba0d8d05c59	MOVED_EXACT	experiments/step6/EXP-S6-PRE-PULL-PROVENANCE-ARCHIVE-20260922/raw/pain-preserved-step6b-timing-correction-collection-filter-before-pull-20260922/raw/protocol.txt	eab91fdef0c7d7dc1ca19f7eb2f3aba0d8d05c59	same relative path and exact Git blob
experiments/legacy/exp-step6-global-time/EXP-S6-PRE-PULL-PROVENANCE-ARCHIVE-20260922/raw/pain-preserved-step6b-timing-correction-collection-filter-before-pull-20260922/raw/provenance.txt	ec79fdeb004248b0aca8d395bc6174273fb29805	MOVED_EXACT	experiments/step6/EXP-S6-PRE-PULL-PROVENANCE-ARCHIVE-20260922/raw/pain-preserved-step6b-timing-correction-collection-filter-before-pull-20260922/raw/provenance.txt	ec79fdeb004248b0aca8d395bc6174273fb29805	same relative path and exact Git blob
experiments/legacy/exp-step6-global-time/EXP-S6-PRE-PULL-PROVENANCE-ARCHIVE-20260922/raw/pain-preserved-step6b-timing-correction-collection-filter-before-pull-20260922/raw/stop.txt	d0c7281e84dc65692e39652d98dd0f777f949825	MOVED_EXACT	experiments/step6/EXP-S6-PRE-PULL-PROVENANCE-ARCHIVE-20260922/raw/pain-preserved-step6b-timing-correction-collection-filter-before-pull-20260922/raw/stop.txt	d0c7281e84dc65692e39652d98dd0f777f949825	same relative path and exact Git blob
experiments/legacy/exp-step6-global-time/EXP-S6-PRE-PULL-PROVENANCE-ARCHIVE-20260922/raw/pain-preserved-step6b-timing-correction-collection-filter-before-pull-20260922/raw/timing/master_step6b_timing.txt	0c637a66ad08e4ce986a1ce02b0aa05ace721fa2	MOVED_EXACT	experiments/step6/EXP-S6-PRE-PULL-PROVENANCE-ARCHIVE-20260922/raw/pain-preserved-step6b-timing-correction-collection-filter-before-pull-20260922/raw/timing/master_step6b_timing.txt	0c637a66ad08e4ce986a1ce02b0aa05ace721fa2	same relative path and exact Git blob
experiments/legacy/exp-step6-global-time/EXP-S6-PRE-PULL-PROVENANCE-ARCHIVE-20260922/raw/pain-preserved-step6b-timing-correction-collection-filter-before-pull-20260922/raw/timing/slave_step6b_timing.txt	33f100e7c867f3d4ad60306aa9d6c75f76e661c7	MOVED_EXACT	experiments/step6/EXP-S6-PRE-PULL-PROVENANCE-ARCHIVE-20260922/raw/pain-preserved-step6b-timing-correction-collection-filter-before-pull-20260922/raw/timing/slave_step6b_timing.txt	33f100e7c867f3d4ad60306aa9d6c75f76e661c7	same relative path and exact Git blob
experiments/legacy/exp-step6-global-time/EXP-S6-PRE-PULL-PROVENANCE-ARCHIVE-20260922/raw/pain-preserved-step6b-timing-correction-refclk-groups-before-pull-20260922/analysis/analyzer.txt	1832225277b6695a78288b95947bbec56f4c76de	MOVED_EXACT	experiments/step6/EXP-S6-PRE-PULL-PROVENANCE-ARCHIVE-20260922/raw/pain-preserved-step6b-timing-correction-refclk-groups-before-pull-20260922/analysis/analyzer.txt	1832225277b6695a78288b95947bbec56f4c76de	same relative path and exact Git blob
experiments/legacy/exp-step6-global-time/EXP-S6-PRE-PULL-PROVENANCE-ARCHIVE-20260922/raw/pain-preserved-step6b-timing-correction-refclk-groups-before-pull-20260922/analysis/summary.json	1832225277b6695a78288b95947bbec56f4c76de	MOVED_EXACT	experiments/step6/EXP-S6-PRE-PULL-PROVENANCE-ARCHIVE-20260922/raw/pain-preserved-step6b-timing-correction-refclk-groups-before-pull-20260922/analysis/summary.json	1832225277b6695a78288b95947bbec56f4c76de	same relative path and exact Git blob
experiments/legacy/exp-step6-global-time/EXP-S6-PRE-PULL-PROVENANCE-ARCHIVE-20260922/raw/pain-preserved-step6b-timing-correction-refclk-groups-before-pull-20260922/raw/protocol.txt	eab91fdef0c7d7dc1ca19f7eb2f3aba0d8d05c59	MOVED_EXACT	experiments/step6/EXP-S6-PRE-PULL-PROVENANCE-ARCHIVE-20260922/raw/pain-preserved-step6b-timing-correction-refclk-groups-before-pull-20260922/raw/protocol.txt	eab91fdef0c7d7dc1ca19f7eb2f3aba0d8d05c59	same relative path and exact Git blob
experiments/legacy/exp-step6-global-time/EXP-S6-PRE-PULL-PROVENANCE-ARCHIVE-20260922/raw/pain-preserved-step6b-timing-correction-refclk-groups-before-pull-20260922/raw/provenance.txt	e8694d13c6670e7ea17cc3f9f23641021ed41183	MOVED_EXACT	experiments/step6/EXP-S6-PRE-PULL-PROVENANCE-ARCHIVE-20260922/raw/pain-preserved-step6b-timing-correction-refclk-groups-before-pull-20260922/raw/provenance.txt	e8694d13c6670e7ea17cc3f9f23641021ed41183	same relative path and exact Git blob
experiments/legacy/exp-step6-global-time/EXP-S6-PRE-PULL-PROVENANCE-ARCHIVE-20260922/raw/pain-preserved-step6b-timing-correction-refclk-groups-before-pull-20260922/raw/stop.txt	d0c7281e84dc65692e39652d98dd0f777f949825	MOVED_EXACT	experiments/step6/EXP-S6-PRE-PULL-PROVENANCE-ARCHIVE-20260922/raw/pain-preserved-step6b-timing-correction-refclk-groups-before-pull-20260922/raw/stop.txt	d0c7281e84dc65692e39652d98dd0f777f949825	same relative path and exact Git blob
experiments/legacy/exp-step6-global-time/EXP-S6-PRE-PULL-PROVENANCE-ARCHIVE-20260922/raw/pain-preserved-step6b-timing-correction-refclk-groups-before-pull-20260922/raw/timing/master_step6b_timing.txt	47e6dfce999b1a5f97aca3afc04dc40197447f74	MOVED_EXACT	experiments/step6/EXP-S6-PRE-PULL-PROVENANCE-ARCHIVE-20260922/raw/pain-preserved-step6b-timing-correction-refclk-groups-before-pull-20260922/raw/timing/master_step6b_timing.txt	47e6dfce999b1a5f97aca3afc04dc40197447f74	same relative path and exact Git blob
experiments/legacy/exp-step6-global-time/EXP-S6-PRE-PULL-PROVENANCE-ARCHIVE-20260922/raw/pain-preserved-step6b-timing-correction-refclk-groups-before-pull-20260922/raw/timing/slave_step6b_timing.txt	4d9cf678cb6cafc13ca43543258e1108d4f6384d	MOVED_EXACT	experiments/step6/EXP-S6-PRE-PULL-PROVENANCE-ARCHIVE-20260922/raw/pain-preserved-step6b-timing-correction-refclk-groups-before-pull-20260922/raw/timing/slave_step6b_timing.txt	4d9cf678cb6cafc13ca43543258e1108d4f6384d	same relative path and exact Git blob
experiments/legacy/exp-step6-global-time/EXP-S6-PRE-PULL-PROVENANCE-ARCHIVE-20260922/raw/pain-preserved-step6b-timing-correction-rerun-before-pull-20260922/analysis/analyzer.txt	e69de29bb2d1d6434b8b29ae775ad8c2e48c5391	MOVED_EXACT	experiments/step6/EXP-S6-PRE-PULL-PROVENANCE-ARCHIVE-20260922/raw/pain-preserved-step6b-timing-correction-rerun-before-pull-20260922/analysis/analyzer.txt	e69de29bb2d1d6434b8b29ae775ad8c2e48c5391	same relative path and exact Git blob
experiments/legacy/exp-step6-global-time/EXP-S6-PRE-PULL-PROVENANCE-ARCHIVE-20260922/raw/pain-preserved-step6b-timing-correction-rerun-before-pull-20260922/raw/protocol.txt	eab91fdef0c7d7dc1ca19f7eb2f3aba0d8d05c59	MOVED_EXACT	experiments/step6/EXP-S6-PRE-PULL-PROVENANCE-ARCHIVE-20260922/raw/pain-preserved-step6b-timing-correction-rerun-before-pull-20260922/raw/protocol.txt	eab91fdef0c7d7dc1ca19f7eb2f3aba0d8d05c59	same relative path and exact Git blob
experiments/legacy/exp-step6-global-time/EXP-S6-PRE-PULL-PROVENANCE-ARCHIVE-20260922/raw/pain-preserved-step6b-timing-correction-rerun-before-pull-20260922/raw/provenance.txt	15ac44962f5b1de005cf78d0ac672c0d9cb55bdd	MOVED_EXACT	experiments/step6/EXP-S6-PRE-PULL-PROVENANCE-ARCHIVE-20260922/raw/pain-preserved-step6b-timing-correction-rerun-before-pull-20260922/raw/provenance.txt	15ac44962f5b1de005cf78d0ac672c0d9cb55bdd	same relative path and exact Git blob
experiments/legacy/exp-step6-global-time/EXP-S6-PRE-PULL-PROVENANCE-ARCHIVE-20260922/raw/pain-preserved-step6b-timing-correction-rerun-before-pull-20260922/raw/stop.txt	d0c7281e84dc65692e39652d98dd0f777f949825	MOVED_EXACT	experiments/step6/EXP-S6-PRE-PULL-PROVENANCE-ARCHIVE-20260922/raw/pain-preserved-step6b-timing-correction-rerun-before-pull-20260922/raw/stop.txt	d0c7281e84dc65692e39652d98dd0f777f949825	same relative path and exact Git blob
experiments/legacy/exp-step6-global-time/EXP-S6-PRE-PULL-PROVENANCE-ARCHIVE-20260922/raw/pain-preserved-step6b-timing-correction-rerun-before-pull-20260922/raw/timing/master_step6b_timing.txt	a84228c6961fa5542cb251003850ab77fa819e08	MOVED_EXACT	experiments/step6/EXP-S6-PRE-PULL-PROVENANCE-ARCHIVE-20260922/raw/pain-preserved-step6b-timing-correction-rerun-before-pull-20260922/raw/timing/master_step6b_timing.txt	a84228c6961fa5542cb251003850ab77fa819e08	same relative path and exact Git blob
experiments/legacy/exp-step6-global-time/EXP-S6-PRE-PULL-PROVENANCE-ARCHIVE-20260922/raw/pain-preserved-step6b-timing-correction-rerun-before-pull-20260922/raw/timing/slave_step6b_timing.txt	ededb1c19658fec7a9dd9255641260094f0ac4e6	MOVED_EXACT	experiments/step6/EXP-S6-PRE-PULL-PROVENANCE-ARCHIVE-20260922/raw/pain-preserved-step6b-timing-correction-rerun-before-pull-20260922/raw/timing/slave_step6b_timing.txt	ededb1c19658fec7a9dd9255641260094f0ac4e6	same relative path and exact Git blob
experiments/legacy/exp-step6-global-time/EXP-S6-RX-ACTIVITY-DECODE-CORRECTION-REANALYSIS-20260921/PLAN.md	d8e788b6da11b4d125caacee479a603f3ddec59f	MOVED_EXACT	experiments/step6/EXP-S6-RX-ACTIVITY-DECODE-CORRECTION-REANALYSIS-20260921/PLAN.md	d8e788b6da11b4d125caacee479a603f3ddec59f	same relative path and exact Git blob
experiments/legacy/exp-step6-global-time/EXP-S6-RX-ACTIVITY-DECODE-CORRECTION-REANALYSIS-20260921/REPORT.md	43294faa5db70e2a55de36d9f3edf678d1466b3c	MOVED_EXACT	experiments/step6/EXP-S6-RX-ACTIVITY-DECODE-CORRECTION-REANALYSIS-20260921/REPORT.md	43294faa5db70e2a55de36d9f3edf678d1466b3c	same relative path and exact Git blob
experiments/legacy/exp-step6-global-time/EXP-S6-RX-ACTIVITY-DECODE-CORRECTION-REANALYSIS-20260921/analysis/summary.json	bba987b33ab60e44b12569908ae493c862558f94	MOVED_EXACT	experiments/step6/EXP-S6-RX-ACTIVITY-DECODE-CORRECTION-REANALYSIS-20260921/analysis/summary.json	bba987b33ab60e44b12569908ae493c862558f94	same relative path and exact Git blob
experiments/legacy/exp-step6-global-time/EXP-S6-SAME-PPS-GLOBAL-TIME-CONSISTENCY-20260922/PLAN.md	dd3006e08e52a54ce5837257625d491c65195a2d	MOVED_EXACT	experiments/step6/EXP-S6-SAME-PPS-GLOBAL-TIME-CONSISTENCY-20260922/PLAN.md	dd3006e08e52a54ce5837257625d491c65195a2d	same relative path and exact Git blob
experiments/legacy/exp-step6-global-time/EXP-S6-SAME-PPS-GLOBAL-TIME-CONSISTENCY-20260922/REPORT.md	802cf2d428f1531252b1e49807afb3732c485216	MOVED_EXACT	experiments/step6/EXP-S6-SAME-PPS-GLOBAL-TIME-CONSISTENCY-20260922/REPORT.md	802cf2d428f1531252b1e49807afb3732c485216	same relative path and exact Git blob
experiments/legacy/exp-step6-global-time/EXP-S6-SAME-PPS-GLOBAL-TIME-CONSISTENCY-20260922/analysis/analyzer.txt	1e51ce7a3cbfa9ecb6360ecdbd6f3514049f1b7b	MOVED_EXACT	experiments/step6/EXP-S6-SAME-PPS-GLOBAL-TIME-CONSISTENCY-20260922/analysis/analyzer.txt	1e51ce7a3cbfa9ecb6360ecdbd6f3514049f1b7b	same relative path and exact Git blob
experiments/legacy/exp-step6-global-time/EXP-S6-SAME-PPS-GLOBAL-TIME-CONSISTENCY-20260922/analysis/summary.json	1e51ce7a3cbfa9ecb6360ecdbd6f3514049f1b7b	MOVED_EXACT	experiments/step6/EXP-S6-SAME-PPS-GLOBAL-TIME-CONSISTENCY-20260922/analysis/summary.json	1e51ce7a3cbfa9ecb6360ecdbd6f3514049f1b7b	same relative path and exact Git blob
experiments/legacy/exp-step6-global-time/EXP-S6-SAME-PPS-GLOBAL-TIME-CONSISTENCY-20260922/raw/observe/same_pps_consistency.log	1ac0a862c2297a446b69e9033ed664e03bd0a7da	MOVED_EXACT	experiments/step6/EXP-S6-SAME-PPS-GLOBAL-TIME-CONSISTENCY-20260922/raw/observe/same_pps_consistency.log	1ac0a862c2297a446b69e9033ed664e03bd0a7da	same relative path and exact Git blob
experiments/legacy/exp-step6-global-time/EXP-S6-SAME-PPS-GLOBAL-TIME-CONSISTENCY-20260922/raw/observe/same_pps_consistency_pre_pull.log	14e003d47f07c367a64ee7e94d40ab74ea8062a8	MOVED_EXACT	experiments/step6/EXP-S6-SAME-PPS-GLOBAL-TIME-CONSISTENCY-20260922/raw/observe/same_pps_consistency_pre_pull.log	14e003d47f07c367a64ee7e94d40ab74ea8062a8	same relative path and exact Git blob
experiments/legacy/exp-step6-global-time/EXP-S6-SAME-PPS-GLOBAL-TIME-CONSISTENCY-20260922/raw/program/stop.txt	70f8c529fd2f9264476dae73f68f5442b8dc2a5d	MOVED_EXACT	experiments/step6/EXP-S6-SAME-PPS-GLOBAL-TIME-CONSISTENCY-20260922/raw/program/stop.txt	70f8c529fd2f9264476dae73f68f5442b8dc2a5d	same relative path and exact Git blob
experiments/legacy/exp-step6-global-time/EXP-S6-SAME-PPS-GLOBAL-TIME-CONSISTENCY-20260922/raw/protocol.txt	ba830d1efca4a051489b605fc3f8b4355f1910a8	MOVED_EXACT	experiments/step6/EXP-S6-SAME-PPS-GLOBAL-TIME-CONSISTENCY-20260922/raw/protocol.txt	ba830d1efca4a051489b605fc3f8b4355f1910a8	same relative path and exact Git blob
experiments/legacy/exp-step6-global-time/EXP-S6-SLAVE-PTP-RESTART-WR-EXTENSION-RECOVERY-20260922/PLAN.md	4446e2932ba9d0c9ca642916a54273fc06570948	MOVED_EXACT	experiments/step6/EXP-S6-SLAVE-PTP-RESTART-WR-EXTENSION-RECOVERY-20260922/PLAN.md	4446e2932ba9d0c9ca642916a54273fc06570948	same relative path and exact Git blob
experiments/legacy/exp-step6-global-time/EXP-S6-SLAVE-PTP-RESTART-WR-EXTENSION-RECOVERY-20260922/REPORT.md	e2fd6e9ee744a4f864e37ffc9dbcb79f1959cd08	MOVED_EXACT	experiments/step6/EXP-S6-SLAVE-PTP-RESTART-WR-EXTENSION-RECOVERY-20260922/REPORT.md	e2fd6e9ee744a4f864e37ffc9dbcb79f1959cd08	same relative path and exact Git blob
experiments/legacy/exp-step6-global-time/EXP-S6-SLAVE-PTP-RESTART-WR-EXTENSION-RECOVERY-20260922/analysis/analyzer.txt	243399134a3a6c0943e5ba8bce704268a0b03dc5	MOVED_EXACT	experiments/step6/EXP-S6-SLAVE-PTP-RESTART-WR-EXTENSION-RECOVERY-20260922/analysis/analyzer.txt	243399134a3a6c0943e5ba8bce704268a0b03dc5	same relative path and exact Git blob
experiments/legacy/exp-step6-global-time/EXP-S6-SLAVE-PTP-RESTART-WR-EXTENSION-RECOVERY-20260922/analysis/summary-local.json	243399134a3a6c0943e5ba8bce704268a0b03dc5	MOVED_EXACT	experiments/step6/EXP-S6-SLAVE-PTP-RESTART-WR-EXTENSION-RECOVERY-20260922/analysis/summary-local.json	243399134a3a6c0943e5ba8bce704268a0b03dc5	same relative path and exact Git blob
experiments/legacy/exp-step6-global-time/EXP-S6-SLAVE-PTP-RESTART-WR-EXTENSION-RECOVERY-20260922/analysis/summary.json	243399134a3a6c0943e5ba8bce704268a0b03dc5	MOVED_EXACT	experiments/step6/EXP-S6-SLAVE-PTP-RESTART-WR-EXTENSION-RECOVERY-20260922/analysis/summary.json	243399134a3a6c0943e5ba8bce704268a0b03dc5	same relative path and exact Git blob
experiments/legacy/exp-step6-global-time/EXP-S6-SLAVE-PTP-RESTART-WR-EXTENSION-RECOVERY-20260922/raw/observe/ptp_restart_recovery.log	c9c7759b9b6f626306de30fbe0440072bfb201c1	MOVED_EXACT	experiments/step6/EXP-S6-SLAVE-PTP-RESTART-WR-EXTENSION-RECOVERY-20260922/raw/observe/ptp_restart_recovery.log	c9c7759b9b6f626306de30fbe0440072bfb201c1	same relative path and exact Git blob
experiments/legacy/exp-step6-global-time/EXP-S6-SLAVE-PTP-RESTART-WR-EXTENSION-RECOVERY-20260922/raw/observe/ptp_restart_recovery_pre_pull.log	25cb7ee41a02654674a3bcc435fc3b8d7fdf8aad	MOVED_EXACT	experiments/step6/EXP-S6-SLAVE-PTP-RESTART-WR-EXTENSION-RECOVERY-20260922/raw/observe/ptp_restart_recovery_pre_pull.log	25cb7ee41a02654674a3bcc435fc3b8d7fdf8aad	same relative path and exact Git blob
experiments/legacy/exp-step6-global-time/EXP-S6-SLAVE-PTP-RESTART-WR-EXTENSION-RECOVERY-20260922/raw/program/stop.txt	70f8c529fd2f9264476dae73f68f5442b8dc2a5d	MOVED_EXACT	experiments/step6/EXP-S6-SLAVE-PTP-RESTART-WR-EXTENSION-RECOVERY-20260922/raw/program/stop.txt	70f8c529fd2f9264476dae73f68f5442b8dc2a5d	same relative path and exact Git blob
experiments/legacy/exp-step6-global-time/EXP-S6-SLAVE-PTP-RESTART-WR-EXTENSION-RECOVERY-20260922/raw/protocol.txt	f4d7a35d00d7658e54aa5d3f22295abc93a6fbbb	MOVED_EXACT	experiments/step6/EXP-S6-SLAVE-PTP-RESTART-WR-EXTENSION-RECOVERY-20260922/raw/protocol.txt	f4d7a35d00d7658e54aa5d3f22295abc93a6fbbb	same relative path and exact Git blob
experiments/legacy/exp-step6-global-time/EXP-S6-SLAVE-RX-WORD-ALIGN-FRESH-ACQUISITION-20260921/PLAN.md	a0421b5cea7757bb550df6e2c2f2c44287b38196	MOVED_EXACT	experiments/step6/EXP-S6-SLAVE-RX-WORD-ALIGN-FRESH-ACQUISITION-20260921/PLAN.md	a0421b5cea7757bb550df6e2c2f2c44287b38196	same relative path and exact Git blob
experiments/legacy/exp-step6-global-time/EXP-S6-SLAVE-RX-WORD-ALIGN-FRESH-ACQUISITION-20260921/REPORT.md	b76cb4f1783e6d7a208b3442d2ddb9fd8fbc19ae	MOVED_EXACT	experiments/step6/EXP-S6-SLAVE-RX-WORD-ALIGN-FRESH-ACQUISITION-20260921/REPORT.md	b76cb4f1783e6d7a208b3442d2ddb9fd8fbc19ae	same relative path and exact Git blob
experiments/legacy/exp-step6-global-time/EXP-S6-SLAVE-RX-WORD-ALIGN-FRESH-ACQUISITION-20260921/analysis/master-precondition-summary.json	2bcacbbe114cbbd3f3bc35bd696931e9a802f8a9	MOVED_EXACT	experiments/step6/EXP-S6-SLAVE-RX-WORD-ALIGN-FRESH-ACQUISITION-20260921/analysis/master-precondition-summary.json	2bcacbbe114cbbd3f3bc35bd696931e9a802f8a9	same relative path and exact Git blob
experiments/legacy/exp-step6-global-time/EXP-S6-SLAVE-RX-WORD-ALIGN-FRESH-ACQUISITION-20260921/analysis/summary.json	783624f4637d3c951e3586bcbfd251ce6624faf3	MOVED_EXACT	experiments/step6/EXP-S6-SLAVE-RX-WORD-ALIGN-FRESH-ACQUISITION-20260921/analysis/summary.json	783624f4637d3c951e3586bcbfd251ce6624faf3	same relative path and exact Git blob
experiments/legacy/exp-step6-global-time/EXP-S6-SLAVE-RX-WORD-ALIGN-FRESH-ACQUISITION-20260921/raw/SHA256SUMS.txt	d3fc7befae677757849bafea40980964f6f37134	MOVED_EXACT	experiments/step6/EXP-S6-SLAVE-RX-WORD-ALIGN-FRESH-ACQUISITION-20260921/raw/SHA256SUMS.txt	d3fc7befae677757849bafea40980964f6f37134	same relative path and exact Git blob
experiments/legacy/exp-step6-global-time/EXP-S6-SLAVE-RX-WORD-ALIGN-FRESH-ACQUISITION-20260921/raw/preflight/master-tx-precondition.log	78324d01740104ca095a52af613fc0685fb5b2d1	MOVED_EXACT	experiments/step6/EXP-S6-SLAVE-RX-WORD-ALIGN-FRESH-ACQUISITION-20260921/raw/preflight/master-tx-precondition.log	78324d01740104ca095a52af613fc0685fb5b2d1	same relative path and exact Git blob
experiments/legacy/exp-step6-global-time/EXP-S6-SLAVE-RX-WORD-ALIGN-FRESH-ACQUISITION-20260921/raw/program/sequence-times.log	bfaf1c6d333afc7d5039aaf89366aaacc816f395	MOVED_EXACT	experiments/step6/EXP-S6-SLAVE-RX-WORD-ALIGN-FRESH-ACQUISITION-20260921/raw/program/sequence-times.log	bfaf1c6d333afc7d5039aaf89366aaacc816f395	same relative path and exact Git blob
experiments/legacy/exp-step6-global-time/EXP-S6-SLAVE-RX-WORD-ALIGN-FRESH-ACQUISITION-20260921/raw/program/slave-program.log	d7419fb75c8f8fd065e7568651851ae9ec74582e	MOVED_EXACT	experiments/step6/EXP-S6-SLAVE-RX-WORD-ALIGN-FRESH-ACQUISITION-20260921/raw/program/slave-program.log	d7419fb75c8f8fd065e7568651851ae9ec74582e	same relative path and exact Git blob
experiments/legacy/exp-step6-global-time/EXP-S6-SLAVE-RX-WORD-ALIGN-FRESH-ACQUISITION-20260921/raw/program/sof-sha256.txt	08e607ac1bd4960a1574fc943498d3d6b88925fa	MOVED_EXACT	experiments/step6/EXP-S6-SLAVE-RX-WORD-ALIGN-FRESH-ACQUISITION-20260921/raw/program/sof-sha256.txt	08e607ac1bd4960a1574fc943498d3d6b88925fa	same relative path and exact Git blob
experiments/legacy/exp-step6-global-time/EXP-S6-SLAVE-RX-WORD-ALIGN-FRESH-ACQUISITION-20260921/raw/word-align/slave-word-align.log	9db17059270ccd6461484dc32f787e8cc36af698	MOVED_EXACT	experiments/step6/EXP-S6-SLAVE-RX-WORD-ALIGN-FRESH-ACQUISITION-20260921/raw/word-align/slave-word-align.log	9db17059270ccd6461484dc32f787e8cc36af698	same relative path and exact Git blob
experiments/legacy/exp-step6-global-time/EXP-S6-SLAVE-RX-WORD-ALIGN-FRESH-ACQUISITION-V2-20260921/PLAN.md	2ec0560f275a75e68d409cf3ac891f56362a4bdb	MOVED_EXACT	experiments/step6/EXP-S6-SLAVE-RX-WORD-ALIGN-FRESH-ACQUISITION-V2-20260921/PLAN.md	2ec0560f275a75e68d409cf3ac891f56362a4bdb	same relative path and exact Git blob
experiments/legacy/exp-step6-global-time/EXP-S6-SLAVE-RX-WORD-ALIGN-FRESH-ACQUISITION-V2-20260921/REPORT.md	1b86a8f052430378a64597caebf5a88f5e7d38af	MOVED_EXACT	experiments/step6/EXP-S6-SLAVE-RX-WORD-ALIGN-FRESH-ACQUISITION-V2-20260921/REPORT.md	1b86a8f052430378a64597caebf5a88f5e7d38af	same relative path and exact Git blob
experiments/legacy/exp-step6-global-time/EXP-S6-SLAVE-RX-WORD-ALIGN-FRESH-ACQUISITION-V2-20260921/analysis/master-precondition-summary.json	9d24ba3fd796e0523898e35efbceb31a8d8271d5	MOVED_EXACT	experiments/step6/EXP-S6-SLAVE-RX-WORD-ALIGN-FRESH-ACQUISITION-V2-20260921/analysis/master-precondition-summary.json	9d24ba3fd796e0523898e35efbceb31a8d8271d5	same relative path and exact Git blob
experiments/legacy/exp-step6-global-time/EXP-S6-SLAVE-RX-WORD-ALIGN-FRESH-ACQUISITION-V2-20260921/analysis/summary.json	61b5d07556fcc3677d41aeb571e6a443909342c1	MOVED_EXACT	experiments/step6/EXP-S6-SLAVE-RX-WORD-ALIGN-FRESH-ACQUISITION-V2-20260921/analysis/summary.json	61b5d07556fcc3677d41aeb571e6a443909342c1	same relative path and exact Git blob
experiments/legacy/exp-step6-global-time/EXP-S6-SLAVE-RX-WORD-ALIGN-FRESH-ACQUISITION-V2-20260921/raw/SHA256SUMS.txt	0d05344619100cab034a1fa752619622e0dd536f	MOVED_EXACT	experiments/step6/EXP-S6-SLAVE-RX-WORD-ALIGN-FRESH-ACQUISITION-V2-20260921/raw/SHA256SUMS.txt	0d05344619100cab034a1fa752619622e0dd536f	same relative path and exact Git blob
experiments/legacy/exp-step6-global-time/EXP-S6-SLAVE-RX-WORD-ALIGN-FRESH-ACQUISITION-V2-20260921/raw/preflight/master-tx-precondition.log	77f5358355e8b17806df080a35e994efb96bd55b	MOVED_EXACT	experiments/step6/EXP-S6-SLAVE-RX-WORD-ALIGN-FRESH-ACQUISITION-V2-20260921/raw/preflight/master-tx-precondition.log	77f5358355e8b17806df080a35e994efb96bd55b	same relative path and exact Git blob
experiments/legacy/exp-step6-global-time/EXP-S6-SLAVE-RX-WORD-ALIGN-FRESH-ACQUISITION-V2-20260921/raw/program/metadata.txt	e18d476f846d24d55ef64789e83fc9f642988591	MOVED_EXACT	experiments/step6/EXP-S6-SLAVE-RX-WORD-ALIGN-FRESH-ACQUISITION-V2-20260921/raw/program/metadata.txt	e18d476f846d24d55ef64789e83fc9f642988591	same relative path and exact Git blob
experiments/legacy/exp-step6-global-time/EXP-S6-SLAVE-RX-WORD-ALIGN-FRESH-ACQUISITION-V2-20260921/raw/program/sequence-times.log	472ddd962d29fcfcd290067a2dadd7f644f098f2	MOVED_EXACT	experiments/step6/EXP-S6-SLAVE-RX-WORD-ALIGN-FRESH-ACQUISITION-V2-20260921/raw/program/sequence-times.log	472ddd962d29fcfcd290067a2dadd7f644f098f2	same relative path and exact Git blob
experiments/legacy/exp-step6-global-time/EXP-S6-SLAVE-RX-WORD-ALIGN-FRESH-ACQUISITION-V2-20260921/raw/program/slave-program.log	d009217a7b109f9f7dca0dcdfa756a983f3a8c8b	MOVED_EXACT	experiments/step6/EXP-S6-SLAVE-RX-WORD-ALIGN-FRESH-ACQUISITION-V2-20260921/raw/program/slave-program.log	d009217a7b109f9f7dca0dcdfa756a983f3a8c8b	same relative path and exact Git blob
experiments/legacy/exp-step6-global-time/EXP-S6-SLAVE-RX-WORD-ALIGN-FRESH-ACQUISITION-V2-20260921/raw/program/sof-sha256.txt	b3615a3063bbf99ef1567d2140c0f227dc799551	MOVED_EXACT	experiments/step6/EXP-S6-SLAVE-RX-WORD-ALIGN-FRESH-ACQUISITION-V2-20260921/raw/program/sof-sha256.txt	b3615a3063bbf99ef1567d2140c0f227dc799551	same relative path and exact Git blob
experiments/legacy/exp-step6-global-time/EXP-S6-SLAVE-RX-WORD-ALIGN-FRESH-ACQUISITION-V2-20260921/raw/word-align/slave-word-align.log	fa5fcd56a8b8a8cc7a17ebefbf425cd59d4c5bff	MOVED_EXACT	experiments/step6/EXP-S6-SLAVE-RX-WORD-ALIGN-FRESH-ACQUISITION-V2-20260921/raw/word-align/slave-word-align.log	fa5fcd56a8b8a8cc7a17ebefbf425cd59d4c5bff	same relative path and exact Git blob
experiments/legacy/exp-step6-global-time/EXP-S6-SLAVE-RX-WORD-ALIGN-FRESH-ACQUISITION-V3-20260921/PLAN.md	02f42ed7758eec2e3a2f2da26a16d42b64c90497	MOVED_EXACT	experiments/step6/EXP-S6-SLAVE-RX-WORD-ALIGN-FRESH-ACQUISITION-V3-20260921/PLAN.md	02f42ed7758eec2e3a2f2da26a16d42b64c90497	same relative path and exact Git blob
experiments/legacy/exp-step6-global-time/EXP-S6-SLAVE-RX-WORD-ALIGN-FRESH-ACQUISITION-V3-20260921/REPORT.md	9792f0152d5701490de63f11aada4fdfe99c693f	MOVED_EXACT	experiments/step6/EXP-S6-SLAVE-RX-WORD-ALIGN-FRESH-ACQUISITION-V3-20260921/REPORT.md	9792f0152d5701490de63f11aada4fdfe99c693f	same relative path and exact Git blob
experiments/legacy/exp-step6-global-time/EXP-S6-SLAVE-RX-WORD-ALIGN-FRESH-ACQUISITION-V3-20260921/analysis/master-precondition-summary.json	4bd056276d04cb0b1419b6c4dab57bf67f9e6de5	MOVED_EXACT	experiments/step6/EXP-S6-SLAVE-RX-WORD-ALIGN-FRESH-ACQUISITION-V3-20260921/analysis/master-precondition-summary.json	4bd056276d04cb0b1419b6c4dab57bf67f9e6de5	same relative path and exact Git blob
experiments/legacy/exp-step6-global-time/EXP-S6-SLAVE-RX-WORD-ALIGN-FRESH-ACQUISITION-V3-20260921/analysis/summary.json	b3d0950a2556d97cd5d467e74db1f6fa1ff0d3fa	MOVED_EXACT	experiments/step6/EXP-S6-SLAVE-RX-WORD-ALIGN-FRESH-ACQUISITION-V3-20260921/analysis/summary.json	b3d0950a2556d97cd5d467e74db1f6fa1ff0d3fa	same relative path and exact Git blob
experiments/legacy/exp-step6-global-time/EXP-S6-SLAVE-RX-WORD-ALIGN-FRESH-ACQUISITION-V3-20260921/raw/SHA256SUMS.txt	a06b4b9204609fd917f89fc145756d01f6dd35e7	MOVED_EXACT	experiments/step6/EXP-S6-SLAVE-RX-WORD-ALIGN-FRESH-ACQUISITION-V3-20260921/raw/SHA256SUMS.txt	a06b4b9204609fd917f89fc145756d01f6dd35e7	same relative path and exact Git blob
experiments/legacy/exp-step6-global-time/EXP-S6-SLAVE-RX-WORD-ALIGN-FRESH-ACQUISITION-V3-20260921/raw/preflight/master-tx-precondition.log	de548e764f207b91a9ac6d4675436cd40041abb9	MOVED_EXACT	experiments/step6/EXP-S6-SLAVE-RX-WORD-ALIGN-FRESH-ACQUISITION-V3-20260921/raw/preflight/master-tx-precondition.log	de548e764f207b91a9ac6d4675436cd40041abb9	same relative path and exact Git blob
experiments/legacy/exp-step6-global-time/EXP-S6-SLAVE-RX-WORD-ALIGN-FRESH-ACQUISITION-V3-20260921/raw/program/metadata.txt	fbdce613e33735d01addf691ccab0606077162eb	MOVED_EXACT	experiments/step6/EXP-S6-SLAVE-RX-WORD-ALIGN-FRESH-ACQUISITION-V3-20260921/raw/program/metadata.txt	fbdce613e33735d01addf691ccab0606077162eb	same relative path and exact Git blob
experiments/legacy/exp-step6-global-time/EXP-S6-SLAVE-RX-WORD-ALIGN-FRESH-ACQUISITION-V3-20260921/raw/program/sequence-times.log	b3a99544c1a2f391de579f8205bf5deff2342504	MOVED_EXACT	experiments/step6/EXP-S6-SLAVE-RX-WORD-ALIGN-FRESH-ACQUISITION-V3-20260921/raw/program/sequence-times.log	b3a99544c1a2f391de579f8205bf5deff2342504	same relative path and exact Git blob
experiments/legacy/exp-step6-global-time/EXP-S6-SLAVE-RX-WORD-ALIGN-FRESH-ACQUISITION-V3-20260921/raw/program/slave-program.log	cba0075b77b59b6bcac22d141ba0834e45b5c102	MOVED_EXACT	experiments/step6/EXP-S6-SLAVE-RX-WORD-ALIGN-FRESH-ACQUISITION-V3-20260921/raw/program/slave-program.log	cba0075b77b59b6bcac22d141ba0834e45b5c102	same relative path and exact Git blob
experiments/legacy/exp-step6-global-time/EXP-S6-SLAVE-RX-WORD-ALIGN-FRESH-ACQUISITION-V3-20260921/raw/program/sof-sha256.txt	b3615a3063bbf99ef1567d2140c0f227dc799551	MOVED_EXACT	experiments/step6/EXP-S6-SLAVE-RX-WORD-ALIGN-FRESH-ACQUISITION-V3-20260921/raw/program/sof-sha256.txt	b3615a3063bbf99ef1567d2140c0f227dc799551	same relative path and exact Git blob
experiments/legacy/exp-step6-global-time/EXP-S6-SLAVE-RX-WORD-ALIGN-FRESH-ACQUISITION-V3-20260921/raw/word-align/slave-word-align.log	94b569e9332bfc1f1bf71224847ef7b48d6cd2c2	MOVED_EXACT	experiments/step6/EXP-S6-SLAVE-RX-WORD-ALIGN-FRESH-ACQUISITION-V3-20260921/raw/word-align/slave-word-align.log	94b569e9332bfc1f1bf71224847ef7b48d6cd2c2	same relative path and exact Git blob
experiments/legacy/exp-step6-global-time/EXP-S6-SLAVE-TMVALID-SOURCE-ATTRIBUTION-20260921/PLAN.md	98e91eb61c00ce86f43ccd88a40cf5530e15de10	MOVED_EXACT	experiments/step6/EXP-S6-SLAVE-TMVALID-SOURCE-ATTRIBUTION-20260921/PLAN.md	98e91eb61c00ce86f43ccd88a40cf5530e15de10	same relative path and exact Git blob
experiments/legacy/exp-step6-global-time/EXP-S6-SLAVE-TMVALID-SOURCE-ATTRIBUTION-20260921/REPORT.md	819616530fbffa2527c918efeb40546be6796697	MOVED_EXACT	experiments/step6/EXP-S6-SLAVE-TMVALID-SOURCE-ATTRIBUTION-20260921/REPORT.md	819616530fbffa2527c918efeb40546be6796697	same relative path and exact Git blob
experiments/legacy/exp-step6-global-time/EXP-S6-SLAVE-TMVALID-SOURCE-ATTRIBUTION-20260921/analysis/summary.json	e6f70526839daaab4567788ed1abf1241c2fd891	MOVED_EXACT	experiments/step6/EXP-S6-SLAVE-TMVALID-SOURCE-ATTRIBUTION-20260921/analysis/summary.json	e6f70526839daaab4567788ed1abf1241c2fd891	same relative path and exact Git blob
experiments/legacy/exp-step6-global-time/EXP-S6-SLAVE-TMVALID-SOURCE-ATTRIBUTION-20260921/raw/SHA256SUMS.txt	5c410dedb61669c62782579385c843790525a7ba	MOVED_EXACT	experiments/step6/EXP-S6-SLAVE-TMVALID-SOURCE-ATTRIBUTION-20260921/raw/SHA256SUMS.txt	5c410dedb61669c62782579385c843790525a7ba	same relative path and exact Git blob
experiments/legacy/exp-step6-global-time/EXP-S6-SLAVE-TMVALID-SOURCE-ATTRIBUTION-20260921/raw/tmvalid-180s.log	00835c95c824a43c3b4e8b910da07ab3989946fb	MOVED_EXACT	experiments/step6/EXP-S6-SLAVE-TMVALID-SOURCE-ATTRIBUTION-20260921/raw/tmvalid-180s.log	00835c95c824a43c3b4e8b910da07ab3989946fb	same relative path and exact Git blob
experiments/legacy/exp-step6-global-time/EXP-S6-SLOCK-MASTER-FIRST-REACQUISITION-20260921/PLAN.md	7d2d6b6be9f288895a92ad23abef64683fb699d6	MOVED_EXACT	experiments/step6/EXP-S6-SLOCK-MASTER-FIRST-REACQUISITION-20260921/PLAN.md	7d2d6b6be9f288895a92ad23abef64683fb699d6	same relative path and exact Git blob
experiments/legacy/exp-step6-global-time/EXP-S6-SLOCK-MASTER-FIRST-REACQUISITION-20260921/REPORT.md	f53d79087356357a4b5c1ea08d684e72fc022b56	MOVED_EXACT	experiments/step6/EXP-S6-SLOCK-MASTER-FIRST-REACQUISITION-20260921/REPORT.md	f53d79087356357a4b5c1ea08d684e72fc022b56	same relative path and exact Git blob
experiments/legacy/exp-step6-global-time/EXP-S6-SLOCK-MASTER-FIRST-REACQUISITION-20260921/analysis/preflight/samples.csv	7c2a119197d2bec3efd22eba3f012e5ebe7e5859	MOVED_EXACT	experiments/step6/EXP-S6-SLOCK-MASTER-FIRST-REACQUISITION-20260921/analysis/preflight/samples.csv	7c2a119197d2bec3efd22eba3f012e5ebe7e5859	same relative path and exact Git blob
experiments/legacy/exp-step6-global-time/EXP-S6-SLOCK-MASTER-FIRST-REACQUISITION-20260921/analysis/preflight/summary.json	a26f695bbeaa254f095ca300c0d78230d76b7e0f	MOVED_EXACT	experiments/step6/EXP-S6-SLOCK-MASTER-FIRST-REACQUISITION-20260921/analysis/preflight/summary.json	a26f695bbeaa254f095ca300c0d78230d76b7e0f	same relative path and exact Git blob
experiments/legacy/exp-step6-global-time/EXP-S6-SLOCK-MASTER-FIRST-REACQUISITION-20260921/analysis/summary.json	2024b9842b690d49dadd83678d52b02ce22ada7d	MOVED_EXACT	experiments/step6/EXP-S6-SLOCK-MASTER-FIRST-REACQUISITION-20260921/analysis/summary.json	2024b9842b690d49dadd83678d52b02ce22ada7d	same relative path and exact Git blob
experiments/legacy/exp-step6-global-time/EXP-S6-SLOCK-MASTER-FIRST-REACQUISITION-20260921/raw/SHA256SUMS.txt	c83b89f8048acebeee5fc66b528351dbb470a290	MOVED_EXACT	experiments/step6/EXP-S6-SLOCK-MASTER-FIRST-REACQUISITION-20260921/raw/SHA256SUMS.txt	c83b89f8048acebeee5fc66b528351dbb470a290	same relative path and exact Git blob
experiments/legacy/exp-step6-global-time/EXP-S6-SLOCK-MASTER-FIRST-REACQUISITION-20260921/raw/preflight/master-preflight.log	bd9d2507c6d907aa0ee8f3b8129c89d442ddf079	MOVED_EXACT	experiments/step6/EXP-S6-SLOCK-MASTER-FIRST-REACQUISITION-20260921/raw/preflight/master-preflight.log	bd9d2507c6d907aa0ee8f3b8129c89d442ddf079	same relative path and exact Git blob
experiments/legacy/exp-step6-global-time/EXP-S6-SLOCK-MASTER-FIRST-REACQUISITION-20260921/raw/program/program-master-first.log	ba47928bc7300e42a7a82e2879e71596ea7e65b0	MOVED_EXACT	experiments/step6/EXP-S6-SLOCK-MASTER-FIRST-REACQUISITION-20260921/raw/program/program-master-first.log	ba47928bc7300e42a7a82e2879e71596ea7e65b0	same relative path and exact Git blob
experiments/legacy/exp-step6-global-time/EXP-S6-SLOCK-MASTER-FIRST-REACQUISITION-20260921/raw/program/sof-sha256-before.txt	36369a6885d9ed0f1fd12e8234a37675797a2a51	MOVED_EXACT	experiments/step6/EXP-S6-SLOCK-MASTER-FIRST-REACQUISITION-20260921/raw/program/sof-sha256-before.txt	36369a6885d9ed0f1fd12e8234a37675797a2a51	same relative path and exact Git blob
experiments/legacy/exp-step6-global-time/EXP-S6-SLOCK-MASTER-FIRST-REACQUISITION-V2-20260921/PLAN.md	8e110fef623eb5c77449dae322f55b5d895e1189	MOVED_EXACT	experiments/step6/EXP-S6-SLOCK-MASTER-FIRST-REACQUISITION-V2-20260921/PLAN.md	8e110fef623eb5c77449dae322f55b5d895e1189	same relative path and exact Git blob
experiments/legacy/exp-step6-global-time/EXP-S6-SLOCK-MASTER-FIRST-REACQUISITION-V2-20260921/REPORT.md	be2bf8dcbfedc33ceb6663d0aea01bf662624505	MOVED_EXACT	experiments/step6/EXP-S6-SLOCK-MASTER-FIRST-REACQUISITION-V2-20260921/REPORT.md	be2bf8dcbfedc33ceb6663d0aea01bf662624505	same relative path and exact Git blob
experiments/legacy/exp-step6-global-time/EXP-S6-SLOCK-MASTER-FIRST-REACQUISITION-V2-20260921/analysis/master-local-ready/samples.csv	839d970aa1beec16a188a15950acdfe587cda839	MOVED_EXACT	experiments/step6/EXP-S6-SLOCK-MASTER-FIRST-REACQUISITION-V2-20260921/analysis/master-local-ready/samples.csv	839d970aa1beec16a188a15950acdfe587cda839	same relative path and exact Git blob
experiments/legacy/exp-step6-global-time/EXP-S6-SLOCK-MASTER-FIRST-REACQUISITION-V2-20260921/analysis/master-local-ready/summary.json	eca500de3c10db4caa5a8e03bf9b1cad04fc63f9	MOVED_EXACT	experiments/step6/EXP-S6-SLOCK-MASTER-FIRST-REACQUISITION-V2-20260921/analysis/master-local-ready/summary.json	eca500de3c10db4caa5a8e03bf9b1cad04fc63f9	same relative path and exact Git blob
experiments/legacy/exp-step6-global-time/EXP-S6-SLOCK-MASTER-FIRST-REACQUISITION-V2-20260921/analysis/master-post-slave-link/samples.csv	35db2ca6fe392aa6bda72aeeefc286f53e11f9a7	MOVED_EXACT	experiments/step6/EXP-S6-SLOCK-MASTER-FIRST-REACQUISITION-V2-20260921/analysis/master-post-slave-link/samples.csv	35db2ca6fe392aa6bda72aeeefc286f53e11f9a7	same relative path and exact Git blob
experiments/legacy/exp-step6-global-time/EXP-S6-SLOCK-MASTER-FIRST-REACQUISITION-V2-20260921/analysis/master-post-slave-link/summary.json	59d6e4ece040ab37f64b34b2806ea6f275cea230	MOVED_EXACT	experiments/step6/EXP-S6-SLOCK-MASTER-FIRST-REACQUISITION-V2-20260921/analysis/master-post-slave-link/summary.json	59d6e4ece040ab37f64b34b2806ea6f275cea230	same relative path and exact Git blob
experiments/legacy/exp-step6-global-time/EXP-S6-SLOCK-MASTER-FIRST-REACQUISITION-V2-20260921/analysis/slave-post-slave-link/samples.csv	693fc1b91b88890dd96d947a00ae72b36797cbab	MOVED_EXACT	experiments/step6/EXP-S6-SLOCK-MASTER-FIRST-REACQUISITION-V2-20260921/analysis/slave-post-slave-link/samples.csv	693fc1b91b88890dd96d947a00ae72b36797cbab	same relative path and exact Git blob
experiments/legacy/exp-step6-global-time/EXP-S6-SLOCK-MASTER-FIRST-REACQUISITION-V2-20260921/analysis/slave-post-slave-link/summary.json	7f9c3c71ae56c58161574765567c4376656dd651	MOVED_EXACT	experiments/step6/EXP-S6-SLOCK-MASTER-FIRST-REACQUISITION-V2-20260921/analysis/slave-post-slave-link/summary.json	7f9c3c71ae56c58161574765567c4376656dd651	same relative path and exact Git blob
experiments/legacy/exp-step6-global-time/EXP-S6-SLOCK-MASTER-FIRST-REACQUISITION-V2-20260921/analysis/slave-reacquisition/samples.csv	693fc1b91b88890dd96d947a00ae72b36797cbab	MOVED_EXACT	experiments/step6/EXP-S6-SLOCK-MASTER-FIRST-REACQUISITION-V2-20260921/analysis/slave-reacquisition/samples.csv	693fc1b91b88890dd96d947a00ae72b36797cbab	same relative path and exact Git blob
experiments/legacy/exp-step6-global-time/EXP-S6-SLOCK-MASTER-FIRST-REACQUISITION-V2-20260921/analysis/slave-reacquisition/summary.json	8bc80088c17d68c207327058d48f35fc8abe8a95	MOVED_EXACT	experiments/step6/EXP-S6-SLOCK-MASTER-FIRST-REACQUISITION-V2-20260921/analysis/slave-reacquisition/summary.json	8bc80088c17d68c207327058d48f35fc8abe8a95	same relative path and exact Git blob
experiments/legacy/exp-step6-global-time/EXP-S6-SLOCK-MASTER-FIRST-REACQUISITION-V2-20260921/analysis/summary.json	526873ab2569c9a3423a9cd18626c8d447011e6e	MOVED_EXACT	experiments/step6/EXP-S6-SLOCK-MASTER-FIRST-REACQUISITION-V2-20260921/analysis/summary.json	526873ab2569c9a3423a9cd18626c8d447011e6e	same relative path and exact Git blob
experiments/legacy/exp-step6-global-time/EXP-S6-SLOCK-MASTER-FIRST-REACQUISITION-V2-20260921/raw/SHA256SUMS.txt	8e46ff5c3cc1af3ea2bf63473e1ebe13fe9f9b20	MOVED_EXACT	experiments/step6/EXP-S6-SLOCK-MASTER-FIRST-REACQUISITION-V2-20260921/raw/SHA256SUMS.txt	8e46ff5c3cc1af3ea2bf63473e1ebe13fe9f9b20	same relative path and exact Git blob
experiments/legacy/exp-step6-global-time/EXP-S6-SLOCK-MASTER-FIRST-REACQUISITION-V2-20260921/raw/master-link/master-post-slave-link.log	7134c7f4eb96210e65dcc943805929516120ef12	MOVED_EXACT	experiments/step6/EXP-S6-SLOCK-MASTER-FIRST-REACQUISITION-V2-20260921/raw/master-link/master-post-slave-link.log	7134c7f4eb96210e65dcc943805929516120ef12	same relative path and exact Git blob
experiments/legacy/exp-step6-global-time/EXP-S6-SLOCK-MASTER-FIRST-REACQUISITION-V2-20260921/raw/preflight/master-local-ready.log	27a57ac344b3489421da5007719dbb9b4e709d4c	MOVED_EXACT	experiments/step6/EXP-S6-SLOCK-MASTER-FIRST-REACQUISITION-V2-20260921/raw/preflight/master-local-ready.log	27a57ac344b3489421da5007719dbb9b4e709d4c	same relative path and exact Git blob
experiments/legacy/exp-step6-global-time/EXP-S6-SLOCK-MASTER-FIRST-REACQUISITION-V2-20260921/raw/program/program-slave-master-first.log	f7e6fd61f217b38ed149173013142001b40c8c54	MOVED_EXACT	experiments/step6/EXP-S6-SLOCK-MASTER-FIRST-REACQUISITION-V2-20260921/raw/program/program-slave-master-first.log	f7e6fd61f217b38ed149173013142001b40c8c54	same relative path and exact Git blob
experiments/legacy/exp-step6-global-time/EXP-S6-SLOCK-MASTER-FIRST-REACQUISITION-V2-20260921/raw/program/sequence-times.log	9940284a78bdd265a9846ddac939e4829d433fa0	MOVED_EXACT	experiments/step6/EXP-S6-SLOCK-MASTER-FIRST-REACQUISITION-V2-20260921/raw/program/sequence-times.log	9940284a78bdd265a9846ddac939e4829d433fa0	same relative path and exact Git blob
experiments/legacy/exp-step6-global-time/EXP-S6-SLOCK-MASTER-FIRST-REACQUISITION-V2-20260921/raw/program/sof-sha256-before.txt	319b76fb70be962c9dfc5adeb2e693ea740a3afe	MOVED_EXACT	experiments/step6/EXP-S6-SLOCK-MASTER-FIRST-REACQUISITION-V2-20260921/raw/program/sof-sha256-before.txt	319b76fb70be962c9dfc5adeb2e693ea740a3afe	same relative path and exact Git blob
experiments/legacy/exp-step6-global-time/EXP-S6-SLOCK-MASTER-FIRST-REACQUISITION-V2-20260921/raw/slave-reacq/slave-slock-reacquisition.log	0dc689224b81c226f325e5e261aed2d5a8d2cad4	MOVED_EXACT	experiments/step6/EXP-S6-SLOCK-MASTER-FIRST-REACQUISITION-V2-20260921/raw/slave-reacq/slave-slock-reacquisition.log	0dc689224b81c226f325e5e261aed2d5a8d2cad4	same relative path and exact Git blob
experiments/legacy/exp-step6-global-time/EXP-S6-STEP1-6-DASHBOARD-20260922/REPORT.md	438d3830666fe012ccfe5a271c2187079bcc8735	MOVED_EXACT	experiments/step6/EXP-S6-STEP1-6-DASHBOARD-20260922/REPORT.md	438d3830666fe012ccfe5a271c2187079bcc8735	same relative path and exact Git blob
experiments/legacy/exp-step6-global-time/EXP-S6-UNCALIBRATED-SLOCK-AUTO-REARM-20260923/PLAN.md	39b878f58c1c64c0872107877fce88098e0b1fc2	MOVED_EXACT	experiments/step6/EXP-S6-UNCALIBRATED-SLOCK-AUTO-REARM-20260923/PLAN.md	39b878f58c1c64c0872107877fce88098e0b1fc2	same relative path and exact Git blob
experiments/legacy/exp-step6-global-time/EXP-S6-UNCALIBRATED-SLOCK-AUTO-REARM-20260923/REPORT.md	7234554735128b789dfc055e4a2155602affb4e0	MOVED_EXACT	experiments/step6/EXP-S6-UNCALIBRATED-SLOCK-AUTO-REARM-20260923/REPORT.md	7234554735128b789dfc055e4a2155602affb4e0	same relative path and exact Git blob
experiments/legacy/exp-step6-global-time/EXP-S6-UNCALIBRATED-SLOCK-AUTO-REARM-20260923/raw/build/build_info_jtag_master.txt	6c0ac434cd0b2a22d360111ca29ae62dbc53291f	MOVED_EXACT	experiments/step6/EXP-S6-UNCALIBRATED-SLOCK-AUTO-REARM-20260923/raw/build/build_info_jtag_master.txt	6c0ac434cd0b2a22d360111ca29ae62dbc53291f	same relative path and exact Git blob
experiments/legacy/exp-step6-global-time/EXP-S6-UNCALIBRATED-SLOCK-AUTO-REARM-20260923/raw/build/build_info_jtag_slave.txt	2db93e079c3bb70d8ef049ced3c07ababebabb5e	MOVED_EXACT	experiments/step6/EXP-S6-UNCALIBRATED-SLOCK-AUTO-REARM-20260923/raw/build/build_info_jtag_slave.txt	2db93e079c3bb70d8ef049ced3c07ababebabb5e	same relative path and exact Git blob
experiments/legacy/exp-step6-global-time/EXP-S6-UNCALIBRATED-SLOCK-AUTO-REARM-20260923/raw/build/master-build.log	3d3162fb446d2028dbe285ce6bdfcbe01d35cabc	MOVED_EXACT	experiments/step6/EXP-S6-UNCALIBRATED-SLOCK-AUTO-REARM-20260923/raw/build/master-build.log	3d3162fb446d2028dbe285ce6bdfcbe01d35cabc	same relative path and exact Git blob
experiments/legacy/exp-step6-global-time/EXP-S6-UNCALIBRATED-SLOCK-AUTO-REARM-20260923/raw/build/quartus_jtag_master_compile.log	883eb1b684c018a29ca6a7d125fba79fd2636fc4	MOVED_EXACT	experiments/step6/EXP-S6-UNCALIBRATED-SLOCK-AUTO-REARM-20260923/raw/build/quartus_jtag_master_compile.log	883eb1b684c018a29ca6a7d125fba79fd2636fc4	same relative path and exact Git blob
experiments/legacy/exp-step6-global-time/EXP-S6-UNCALIBRATED-SLOCK-AUTO-REARM-20260923/raw/build/quartus_jtag_slave_compile.log	a86589b9abf1375eeb20ad4d244c62aa93f3687f	MOVED_EXACT	experiments/step6/EXP-S6-UNCALIBRATED-SLOCK-AUTO-REARM-20260923/raw/build/quartus_jtag_slave_compile.log	a86589b9abf1375eeb20ad4d244c62aa93f3687f	same relative path and exact Git blob
experiments/legacy/exp-step6-global-time/EXP-S6-UNCALIBRATED-SLOCK-AUTO-REARM-20260923/raw/build/slave-build.log	60a11ca78ff781ecd30e7f15115b41dfb4fb163c	MOVED_EXACT	experiments/step6/EXP-S6-UNCALIBRATED-SLOCK-AUTO-REARM-20260923/raw/build/slave-build.log	60a11ca78ff781ecd30e7f15115b41dfb4fb163c	same relative path and exact Git blob
experiments/legacy/exp-step6-global-time/EXP-S6-UNCALIBRATED-SLOCK-AUTO-REARM-20260923/raw/observe/post-rearm-dashboard.log	f3d1dd7b662098054c03230bbd380092099af251	MOVED_EXACT	experiments/step6/EXP-S6-UNCALIBRATED-SLOCK-AUTO-REARM-20260923/raw/observe/post-rearm-dashboard.log	f3d1dd7b662098054c03230bbd380092099af251	same relative path and exact Git blob
experiments/legacy/exp-step6-global-time/EXP-S6-UNCALIBRATED-SLOCK-AUTO-REARM-20260923/raw/observe/rearm-state-attribution.log	b2d0ee7fce04d42ba52771983ac573fd1904675e	MOVED_EXACT	experiments/step6/EXP-S6-UNCALIBRATED-SLOCK-AUTO-REARM-20260923/raw/observe/rearm-state-attribution.log	b2d0ee7fce04d42ba52771983ac573fd1904675e	same relative path and exact Git blob
experiments/legacy/exp-step6-global-time/EXP-S6-UNCALIBRATED-SLOCK-AUTO-REARM-20260923/raw/observe/rearm-wr-state-after-360s.log	dc6de8272278d956fdd8374811ca8860876a703f	MOVED_EXACT	experiments/step6/EXP-S6-UNCALIBRATED-SLOCK-AUTO-REARM-20260923/raw/observe/rearm-wr-state-after-360s.log	dc6de8272278d956fdd8374811ca8860876a703f	same relative path and exact Git blob
experiments/legacy/exp-step6-global-time/EXP-S6-UNCALIBRATED-SLOCK-AUTO-REARM-20260923/raw/observe/stability-600s.log	1dcb713a9891ecce6efca70f65f521a953067c4e	MOVED_EXACT	experiments/step6/EXP-S6-UNCALIBRATED-SLOCK-AUTO-REARM-20260923/raw/observe/stability-600s.log	1dcb713a9891ecce6efca70f65f521a953067c4e	same relative path and exact Git blob
experiments/legacy/exp-step6-global-time/EXP-S6-UNCALIBRATED-SLOCK-AUTO-REARM-20260923/raw/observe/stability-after-lock-100s.log	0d091461e0710cb250e8d9bb573dca07698275ca	MOVED_EXACT	experiments/step6/EXP-S6-UNCALIBRATED-SLOCK-AUTO-REARM-20260923/raw/observe/stability-after-lock-100s.log	0d091461e0710cb250e8d9bb573dca07698275ca	same relative path and exact Git blob
experiments/legacy/exp-step6-global-time/EXP-S6-UNCALIBRATED-SLOCK-AUTO-REARM-20260923/raw/observe/step5-stability-330s.log	79c480dc87a5d75492f287a68ba8c27f53f4e3e3	MOVED_EXACT	experiments/step6/EXP-S6-UNCALIBRATED-SLOCK-AUTO-REARM-20260923/raw/observe/step5-stability-330s.log	79c480dc87a5d75492f287a68ba8c27f53f4e3e3	same relative path and exact Git blob
experiments/legacy/exp-step6-global-time/EXP-S6-UNCALIBRATED-SLOCK-AUTO-REARM-20260923/raw/observe/step5-stability-360s.log	4ee4e20cd5afd303979a72c12bb0558fa2bdeb85	MOVED_EXACT	experiments/step6/EXP-S6-UNCALIBRATED-SLOCK-AUTO-REARM-20260923/raw/observe/step5-stability-360s.log	4ee4e20cd5afd303979a72c12bb0558fa2bdeb85	same relative path and exact Git blob
experiments/legacy/exp-step6-global-time/EXP-S6-UNCALIBRATED-SLOCK-AUTO-REARM-20260923/raw/observe/tmvalid-attribution-after-rearm-20260923.log	531b7e9259ff8e4774f425d1b0678c0c42e6743a	MOVED_EXACT	experiments/step6/EXP-S6-UNCALIBRATED-SLOCK-AUTO-REARM-20260923/raw/observe/tmvalid-attribution-after-rearm-20260923.log	531b7e9259ff8e4774f425d1b0678c0c42e6743a	same relative path and exact Git blob
experiments/legacy/exp-step6-global-time/EXP-S6-UNCALIBRATED-SLOCK-AUTO-REARM-20260923/raw/program/master-program.log	e6f681b2c6decdcae9c95e14602d9ef1597883c0	MOVED_EXACT	experiments/step6/EXP-S6-UNCALIBRATED-SLOCK-AUTO-REARM-20260923/raw/program/master-program.log	e6f681b2c6decdcae9c95e14602d9ef1597883c0	same relative path and exact Git blob
experiments/legacy/exp-step6-global-time/EXP-S6-UNCALIBRATED-SLOCK-AUTO-REARM-20260923/raw/program/postprogram-smoke.log	fa6d688c12ddff25d75fab08e70e2a22b646e854	MOVED_EXACT	experiments/step6/EXP-S6-UNCALIBRATED-SLOCK-AUTO-REARM-20260923/raw/program/postprogram-smoke.log	fa6d688c12ddff25d75fab08e70e2a22b646e854	same relative path and exact Git blob
experiments/legacy/exp-step6-global-time/EXP-S6-UNCALIBRATED-SLOCK-AUTO-REARM-20260923/raw/program/slave-program.log	54acd4e7ccf80105a952cd24ae826fc5626be8b3	MOVED_EXACT	experiments/step6/EXP-S6-UNCALIBRATED-SLOCK-AUTO-REARM-20260923/raw/program/slave-program.log	54acd4e7ccf80105a952cd24ae826fc5626be8b3	same relative path and exact Git blob
experiments/legacy/exp-step6-global-time/EXP-S6-UNCALIBRATED-SLOCK-RESTART-PRESENT-20260923/PLAN.md	411f85105840aa5a8350089bccdc24fa32bcb8bd	MOVED_EXACT	experiments/step6/EXP-S6-UNCALIBRATED-SLOCK-RESTART-PRESENT-20260923/PLAN.md	411f85105840aa5a8350089bccdc24fa32bcb8bd	same relative path and exact Git blob
experiments/legacy/exp-step6-global-time/EXP-S6-UNCALIBRATED-SLOCK-RESTART-PRESENT-20260923/REPORT.md	5169639b30eb862f0fb333c3e3fadf5ce29093e6	MOVED_EXACT	experiments/step6/EXP-S6-UNCALIBRATED-SLOCK-RESTART-PRESENT-20260923/REPORT.md	5169639b30eb862f0fb333c3e3fadf5ce29093e6	same relative path and exact Git blob
experiments/legacy/exp-step6-global-time/EXP-S6-UNCALIBRATED-SLOCK-RESTART-PRESENT-20260923/analysis/step6b-live-session-summary.json	ef5ce68976a889e84f26145bd02d4b3ef22cb473	MOVED_EXACT	experiments/step6/EXP-S6-UNCALIBRATED-SLOCK-RESTART-PRESENT-20260923/analysis/step6b-live-session-summary.json	ef5ce68976a889e84f26145bd02d4b3ef22cb473	same relative path and exact Git blob
experiments/legacy/exp-step6-global-time/EXP-S6-UNCALIBRATED-SLOCK-RESTART-PRESENT-20260923/raw/build/build_info_jtag_master.txt	29c035d201a9983b568441165a6458aa0325f59c	MOVED_EXACT	experiments/step6/EXP-S6-UNCALIBRATED-SLOCK-RESTART-PRESENT-20260923/raw/build/build_info_jtag_master.txt	29c035d201a9983b568441165a6458aa0325f59c	same relative path and exact Git blob
experiments/legacy/exp-step6-global-time/EXP-S6-UNCALIBRATED-SLOCK-RESTART-PRESENT-20260923/raw/build/build_info_jtag_slave.txt	0cf8da459a8d42f52636a66dd78e6c3c730bd2ed	MOVED_EXACT	experiments/step6/EXP-S6-UNCALIBRATED-SLOCK-RESTART-PRESENT-20260923/raw/build/build_info_jtag_slave.txt	0cf8da459a8d42f52636a66dd78e6c3c730bd2ed	same relative path and exact Git blob
experiments/legacy/exp-step6-global-time/EXP-S6-UNCALIBRATED-SLOCK-RESTART-PRESENT-20260923/raw/build/build_jtag_master.log	748cd92125fbf0e610e2a42a919d46330cef49d8	MOVED_EXACT	experiments/step6/EXP-S6-UNCALIBRATED-SLOCK-RESTART-PRESENT-20260923/raw/build/build_jtag_master.log	748cd92125fbf0e610e2a42a919d46330cef49d8	same relative path and exact Git blob
experiments/legacy/exp-step6-global-time/EXP-S6-UNCALIBRATED-SLOCK-RESTART-PRESENT-20260923/raw/build/build_jtag_slave.log	70f71f835958ec14223a20f0afeafeef1d129251	MOVED_EXACT	experiments/step6/EXP-S6-UNCALIBRATED-SLOCK-RESTART-PRESENT-20260923/raw/build/build_jtag_slave.log	70f71f835958ec14223a20f0afeafeef1d129251	same relative path and exact Git blob
experiments/legacy/exp-step6-global-time/EXP-S6-UNCALIBRATED-SLOCK-RESTART-PRESENT-20260923/raw/observe/postprogram-smoke.log	02c2dfd58d2ae6bf875436d061b1a73f0d072012	MOVED_EXACT	experiments/step6/EXP-S6-UNCALIBRATED-SLOCK-RESTART-PRESENT-20260923/raw/observe/postprogram-smoke.log	02c2dfd58d2ae6bf875436d061b1a73f0d072012	same relative path and exact Git blob
experiments/legacy/exp-step6-global-time/EXP-S6-UNCALIBRATED-SLOCK-RESTART-PRESENT-20260923/raw/observe/same-pps-consistency.log	211bea640346ea90456dd06ddc808d06040c5b40	MOVED_EXACT	experiments/step6/EXP-S6-UNCALIBRATED-SLOCK-RESTART-PRESENT-20260923/raw/observe/same-pps-consistency.log	211bea640346ea90456dd06ddc808d06040c5b40	same relative path and exact Git blob
experiments/legacy/exp-step6-global-time/EXP-S6-UNCALIBRATED-SLOCK-RESTART-PRESENT-20260923/raw/observe/step5-step6-stability-690s.log	44f4b499e1e2305b54542fdbb2b03014b7173016	MOVED_EXACT	experiments/step6/EXP-S6-UNCALIBRATED-SLOCK-RESTART-PRESENT-20260923/raw/observe/step5-step6-stability-690s.log	44f4b499e1e2305b54542fdbb2b03014b7173016	same relative path and exact Git blob
experiments/legacy/exp-step6-global-time/EXP-S6-UNCALIBRATED-SLOCK-RESTART-PRESENT-20260923/raw/observe/step6b-live-session-74dc2886-20260924-command-not-found.log	412c25e91be0b4306e213b0e28cccb077f84c401	MOVED_EXACT	experiments/step6/EXP-S6-UNCALIBRATED-SLOCK-RESTART-PRESENT-20260923/raw/observe/step6b-live-session-74dc2886-20260924-command-not-found.log	412c25e91be0b4306e213b0e28cccb077f84c401	same relative path and exact Git blob
experiments/legacy/exp-step6-global-time/EXP-S6-UNCALIBRATED-SLOCK-RESTART-PRESENT-20260923/raw/observe/step6b-live-session-74dc2886-20260924-pathfixed.log	87aa18f6f746e4a1f8ea828b2a6278fc84085605	MOVED_EXACT	experiments/step6/EXP-S6-UNCALIBRATED-SLOCK-RESTART-PRESENT-20260923/raw/observe/step6b-live-session-74dc2886-20260924-pathfixed.log	87aa18f6f746e4a1f8ea828b2a6278fc84085605	same relative path and exact Git blob
experiments/legacy/exp-step6-global-time/EXP-S6-UNCALIBRATED-SLOCK-RESTART-PRESENT-20260923/raw/observe/step6b-preflight-74dc2886.log	0d080a06c6621b546d571a818f379844f8ef6b8f	MOVED_EXACT	experiments/step6/EXP-S6-UNCALIBRATED-SLOCK-RESTART-PRESENT-20260923/raw/observe/step6b-preflight-74dc2886.log	0d080a06c6621b546d571a818f379844f8ef6b8f	same relative path and exact Git blob
experiments/legacy/exp-step6-global-time/EXP-S6-UNCALIBRATED-SLOCK-RESTART-PRESENT-20260923/raw/program/programming-summary.md	f4aa26bc815f1ba12b02c0d092aa366c12f16dbd	MOVED_EXACT	experiments/step6/EXP-S6-UNCALIBRATED-SLOCK-RESTART-PRESENT-20260923/raw/program/programming-summary.md	f4aa26bc815f1ba12b02c0d092aa366c12f16dbd	same relative path and exact Git blob
experiments/legacy/exp-step6-global-time/EXP-S6-WR-EXTENSION-AUTO-REARM-GLOBAL-TIME-20260922/PLAN.md	8d87088fc7a768c4b755794c57872226179d0314	MOVED_EXACT	experiments/step6/EXP-S6-WR-EXTENSION-AUTO-REARM-GLOBAL-TIME-20260922/PLAN.md	8d87088fc7a768c4b755794c57872226179d0314	same relative path and exact Git blob
experiments/legacy/exp-step6-global-time/EXP-S6-WR-EXTENSION-AUTO-REARM-GLOBAL-TIME-20260922/REPORT.md	434820aff68f07a68793149557f4b557bafc4467	MOVED_EXACT	experiments/step6/EXP-S6-WR-EXTENSION-AUTO-REARM-GLOBAL-TIME-20260922/REPORT.md	434820aff68f07a68793149557f4b557bafc4467	same relative path and exact Git blob
experiments/legacy/exp-step6-global-time/EXP-S6-WR-EXTENSION-AUTO-REARM-GLOBAL-TIME-20260922/raw/FINAL-DASHBOARD.txt	aeb8751f29f9b45c889d7b62418d36677aaa2052	MOVED_EXACT	experiments/step6/EXP-S6-WR-EXTENSION-AUTO-REARM-GLOBAL-TIME-20260922/raw/FINAL-DASHBOARD.txt	aeb8751f29f9b45c889d7b62418d36677aaa2052	same relative path and exact Git blob
experiments/legacy/exp-step6-global-time/EXP-S6-WR-EXTENSION-FALLBACK-TERMINAL-LIVENESS-20260922/PLAN.md	fe563adde76ec4e0518be5ade01440a1d0e9e753	MOVED_EXACT	experiments/step6/EXP-S6-WR-EXTENSION-FALLBACK-TERMINAL-LIVENESS-20260922/PLAN.md	fe563adde76ec4e0518be5ade01440a1d0e9e753	same relative path and exact Git blob
experiments/legacy/exp-step6-global-time/EXP-S6-WR-EXTENSION-FALLBACK-TERMINAL-LIVENESS-20260922/REPORT.md	f9c0986faee0bfe9b3ff63c95e837be57fe4aae3	MOVED_EXACT	experiments/step6/EXP-S6-WR-EXTENSION-FALLBACK-TERMINAL-LIVENESS-20260922/REPORT.md	f9c0986faee0bfe9b3ff63c95e837be57fe4aae3	same relative path and exact Git blob
experiments/legacy/exp-step6-global-time/EXP-S6-WR-EXTENSION-FALLBACK-TERMINAL-LIVENESS-20260922/analysis/analyzer.txt	7a4e5883c3d1aaacf8d2088efddbd0685ae1b0c1	MOVED_EXACT	experiments/step6/EXP-S6-WR-EXTENSION-FALLBACK-TERMINAL-LIVENESS-20260922/analysis/analyzer.txt	7a4e5883c3d1aaacf8d2088efddbd0685ae1b0c1	same relative path and exact Git blob
experiments/legacy/exp-step6-global-time/EXP-S6-WR-EXTENSION-FALLBACK-TERMINAL-LIVENESS-20260922/analysis/summary-local.json	7a4e5883c3d1aaacf8d2088efddbd0685ae1b0c1	MOVED_EXACT	experiments/step6/EXP-S6-WR-EXTENSION-FALLBACK-TERMINAL-LIVENESS-20260922/analysis/summary-local.json	7a4e5883c3d1aaacf8d2088efddbd0685ae1b0c1	same relative path and exact Git blob
experiments/legacy/exp-step6-global-time/EXP-S6-WR-EXTENSION-FALLBACK-TERMINAL-LIVENESS-20260922/analysis/summary.json	7a4e5883c3d1aaacf8d2088efddbd0685ae1b0c1	MOVED_EXACT	experiments/step6/EXP-S6-WR-EXTENSION-FALLBACK-TERMINAL-LIVENESS-20260922/analysis/summary.json	7a4e5883c3d1aaacf8d2088efddbd0685ae1b0c1	same relative path and exact Git blob
experiments/legacy/exp-step6-global-time/EXP-S6-WR-EXTENSION-FALLBACK-TERMINAL-LIVENESS-20260922/raw/observe/fallback_liveness.log	d35fd1cb8a8cec184f1fc59dff876e9ec05ba631	MOVED_EXACT	experiments/step6/EXP-S6-WR-EXTENSION-FALLBACK-TERMINAL-LIVENESS-20260922/raw/observe/fallback_liveness.log	d35fd1cb8a8cec184f1fc59dff876e9ec05ba631	same relative path and exact Git blob
experiments/legacy/exp-step6-global-time/EXP-S6-WR-EXTENSION-FALLBACK-TERMINAL-LIVENESS-20260922/raw/program/stop.txt	70f8c529fd2f9264476dae73f68f5442b8dc2a5d	MOVED_EXACT	experiments/step6/EXP-S6-WR-EXTENSION-FALLBACK-TERMINAL-LIVENESS-20260922/raw/program/stop.txt	70f8c529fd2f9264476dae73f68f5442b8dc2a5d	same relative path and exact Git blob
experiments/legacy/exp-step6-global-time/EXP-S6-WR-EXTENSION-FALLBACK-TERMINAL-LIVENESS-20260922/raw/protocol.txt	3fde31955d25b6ffcd28873807821bf123d1d8aa	MOVED_EXACT	experiments/step6/EXP-S6-WR-EXTENSION-FALLBACK-TERMINAL-LIVENESS-20260922/raw/protocol.txt	3fde31955d25b6ffcd28873807821bf123d1d8aa	same relative path and exact Git blob
experiments/legacy/exp-step6-global-time/EXP-S6-WR-EXTENSION-FIRST-DISABLE-ATTRIBUTION-20260921/PLAN.md	33cf1895ec5e52950b3fe376a9dd538fe5a84dc7	MOVED_EXACT	experiments/step6/EXP-S6-WR-EXTENSION-FIRST-DISABLE-ATTRIBUTION-20260921/PLAN.md	33cf1895ec5e52950b3fe376a9dd538fe5a84dc7	same relative path and exact Git blob
experiments/legacy/exp-step6-global-time/EXP-S6-WR-EXTENSION-FIRST-DISABLE-ATTRIBUTION-20260921/REPORT.md	465ed2f8a0ce74fb7f82e2bd890e67052563d05d	MOVED_EXACT	experiments/step6/EXP-S6-WR-EXTENSION-FIRST-DISABLE-ATTRIBUTION-20260921/REPORT.md	465ed2f8a0ce74fb7f82e2bd890e67052563d05d	same relative path and exact Git blob
experiments/legacy/exp-step6-global-time/EXP-S6-WR-EXTENSION-FIRST-DISABLE-ATTRIBUTION-20260921/analysis/summary.json	401704e1b9e109f920d0ac4cd438971c24af1b17	MOVED_EXACT	experiments/step6/EXP-S6-WR-EXTENSION-FIRST-DISABLE-ATTRIBUTION-20260921/analysis/summary.json	401704e1b9e109f920d0ac4cd438971c24af1b17	same relative path and exact Git blob
experiments/legacy/exp-step6-global-time/EXP-S6-WR-EXTENSION-FIRST-DISABLE-ATTRIBUTION-20260921/raw/SHA256SUMS.txt	5426c27d410e2c6b7197885589feed51a5b3b6b1	MOVED_EXACT	experiments/step6/EXP-S6-WR-EXTENSION-FIRST-DISABLE-ATTRIBUTION-20260921/raw/SHA256SUMS.txt	5426c27d410e2c6b7197885589feed51a5b3b6b1	same relative path and exact Git blob
experiments/legacy/exp-step6-global-time/EXP-S6-WR-EXTENSION-FIRST-DISABLE-ATTRIBUTION-20260921/raw/extdisable-10s.log	d519045311c2a6ab91a54f0a6eb6c87061b3d475	MOVED_EXACT	experiments/step6/EXP-S6-WR-EXTENSION-FIRST-DISABLE-ATTRIBUTION-20260921/raw/extdisable-10s.log	d519045311c2a6ab91a54f0a6eb6c87061b3d475	same relative path and exact Git blob
experiments/legacy/exp-step6-global-time/EXP-S6A-ACTIVE-EXTENSION-LATE-GLOBAL-TIME-TAIL-20260922/PLAN.md	47fc04cec7dae9bbda0f44a3c1084ea6c222efcc	MOVED_EXACT	experiments/step6/EXP-S6A-ACTIVE-EXTENSION-LATE-GLOBAL-TIME-TAIL-20260922/PLAN.md	47fc04cec7dae9bbda0f44a3c1084ea6c222efcc	same relative path and exact Git blob
experiments/legacy/exp-step6-global-time/EXP-S6A-ACTIVE-EXTENSION-LATE-GLOBAL-TIME-TAIL-20260922/REPORT.md	1a173bf099e3fd7edf42bdcb82faf6a90b360ba8	MOVED_EXACT	experiments/step6/EXP-S6A-ACTIVE-EXTENSION-LATE-GLOBAL-TIME-TAIL-20260922/REPORT.md	1a173bf099e3fd7edf42bdcb82faf6a90b360ba8	same relative path and exact Git blob
experiments/legacy/exp-step6-global-time/EXP-S6A-ACTIVE-EXTENSION-LATE-GLOBAL-TIME-TAIL-20260922/analysis/analyzer.txt	c668d8cabb5bb49b90c4113276f4e4e6c582d34a	MOVED_EXACT	experiments/step6/EXP-S6A-ACTIVE-EXTENSION-LATE-GLOBAL-TIME-TAIL-20260922/analysis/analyzer.txt	c668d8cabb5bb49b90c4113276f4e4e6c582d34a	same relative path and exact Git blob
experiments/legacy/exp-step6-global-time/EXP-S6A-ACTIVE-EXTENSION-LATE-GLOBAL-TIME-TAIL-20260922/analysis/summary.json	c668d8cabb5bb49b90c4113276f4e4e6c582d34a	MOVED_EXACT	experiments/step6/EXP-S6A-ACTIVE-EXTENSION-LATE-GLOBAL-TIME-TAIL-20260922/analysis/summary.json	c668d8cabb5bb49b90c4113276f4e4e6c582d34a	same relative path and exact Git blob
experiments/legacy/exp-step6-global-time/EXP-S6A-ACTIVE-EXTENSION-LATE-GLOBAL-TIME-TAIL-20260922/raw/build/provenance.txt	a97d90b474fce530e3cde459d29658ed9d765764	MOVED_EXACT	experiments/step6/EXP-S6A-ACTIVE-EXTENSION-LATE-GLOBAL-TIME-TAIL-20260922/raw/build/provenance.txt	a97d90b474fce530e3cde459d29658ed9d765764	same relative path and exact Git blob
experiments/legacy/exp-step6-global-time/EXP-S6A-ACTIVE-EXTENSION-LATE-GLOBAL-TIME-TAIL-20260922/raw/observe/observe.log	401ecf85366ed458065248c5ac17488768b4247a	MOVED_EXACT	experiments/step6/EXP-S6A-ACTIVE-EXTENSION-LATE-GLOBAL-TIME-TAIL-20260922/raw/observe/observe.log	401ecf85366ed458065248c5ac17488768b4247a	same relative path and exact Git blob
experiments/legacy/exp-step6-global-time/EXP-S6A-ACTIVE-EXTENSION-LATE-GLOBAL-TIME-TAIL-20260922/raw/protocol.txt	3d3707f6840b3c8c2df4045e1b03050cf6705a8a	MOVED_EXACT	experiments/step6/EXP-S6A-ACTIVE-EXTENSION-LATE-GLOBAL-TIME-TAIL-20260922/raw/protocol.txt	3d3707f6840b3c8c2df4045e1b03050cf6705a8a	same relative path and exact Git blob
experiments/legacy/exp-step6-global-time/EXP-S6A-ACTIVE-EXTENSION-LATE-GLOBAL-TIME-TAIL-20260922/raw/stop.txt	2e537e66c63092c43be82e58aceb527a457b10b8	MOVED_EXACT	experiments/step6/EXP-S6A-ACTIVE-EXTENSION-LATE-GLOBAL-TIME-TAIL-20260922/raw/stop.txt	2e537e66c63092c43be82e58aceb527a457b10b8	same relative path and exact Git blob
experiments/legacy/exp-step6-global-time/EXP-S6B-DIGITAL-SCHEDULED-DUAL-BOARD-TRIGGER-20260922/PLAN.md	450d12037e84350cbc39fa24108be9848cee3a82	MOVED_EXACT	experiments/step6/EXP-S6B-DIGITAL-SCHEDULED-DUAL-BOARD-TRIGGER-20260922/PLAN.md	450d12037e84350cbc39fa24108be9848cee3a82	same relative path and exact Git blob
experiments/legacy/exp-step6-global-time/EXP-S6B-DIGITAL-SCHEDULED-DUAL-BOARD-TRIGGER-20260922/REPORT.md	b53b67378f5e959a97f0559e13cf62a2130d4f74	MOVED_EXACT	experiments/step6/EXP-S6B-DIGITAL-SCHEDULED-DUAL-BOARD-TRIGGER-20260922/REPORT.md	b53b67378f5e959a97f0559e13cf62a2130d4f74	same relative path and exact Git blob
experiments/legacy/exp-step6-global-time/EXP-S6B-DIGITAL-SCHEDULED-DUAL-BOARD-TRIGGER-20260922/raw/build/build_result.txt	80c53a4c87e27826a7d560e191c3b460ee227353	MOVED_EXACT	experiments/step6/EXP-S6B-DIGITAL-SCHEDULED-DUAL-BOARD-TRIGGER-20260922/raw/build/build_result.txt	80c53a4c87e27826a7d560e191c3b460ee227353	same relative path and exact Git blob
experiments/legacy/exp-step6-global-time/EXP-S6B-DIGITAL-SCHEDULED-DUAL-BOARD-TRIGGER-20260922/raw/build/master_compile.log	3f2ff9d8d7aa8dc46b3356b7c24dbe503db83f23	MOVED_EXACT	experiments/step6/EXP-S6B-DIGITAL-SCHEDULED-DUAL-BOARD-TRIGGER-20260922/raw/build/master_compile.log	3f2ff9d8d7aa8dc46b3356b7c24dbe503db83f23	same relative path and exact Git blob
experiments/legacy/exp-step6-global-time/EXP-S6B-DIGITAL-SCHEDULED-DUAL-BOARD-TRIGGER-20260922/raw/build/slave_compile.log	923d1b9c3c087a89cc6c1e63a472e865910f8eff	MOVED_EXACT	experiments/step6/EXP-S6B-DIGITAL-SCHEDULED-DUAL-BOARD-TRIGGER-20260922/raw/build/slave_compile.log	923d1b9c3c087a89cc6c1e63a472e865910f8eff	same relative path and exact Git blob
experiments/legacy/exp-step6-global-time/EXP-S6B-DIGITAL-SCHEDULED-DUAL-BOARD-TRIGGER-20260922/raw/build/source_identity.txt	39b56a9d03c25b262f2a4089927e2f3a0195b2fd	MOVED_EXACT	experiments/step6/EXP-S6B-DIGITAL-SCHEDULED-DUAL-BOARD-TRIGGER-20260922/raw/build/source_identity.txt	39b56a9d03c25b262f2a4089927e2f3a0195b2fd	same relative path and exact Git blob
experiments/legacy/exp-step6-global-time/EXP-S6B-DIGITAL-SCHEDULED-DUAL-BOARD-TRIGGER-20260922/raw/checksums.sha256	c2adcb4605295b12f50fbd9eee7ebe19d3ea5ab4	MOVED_EXACT	experiments/step6/EXP-S6B-DIGITAL-SCHEDULED-DUAL-BOARD-TRIGGER-20260922/raw/checksums.sha256	c2adcb4605295b12f50fbd9eee7ebe19d3ea5ab4	same relative path and exact Git blob
experiments/legacy/exp-step6-global-time/EXP-S6B-DIGITAL-SCHEDULED-DUAL-BOARD-TRIGGER-20260922/raw/program/stop.txt	abfb01a9fe0decaff631caf8b550a724931051b5	MOVED_EXACT	experiments/step6/EXP-S6B-DIGITAL-SCHEDULED-DUAL-BOARD-TRIGGER-20260922/raw/program/stop.txt	abfb01a9fe0decaff631caf8b550a724931051b5	same relative path and exact Git blob
experiments/legacy/exp-step6-global-time/EXP-S6B-DIGITAL-SCHEDULED-DUAL-BOARD-TRIGGER-20260922/raw/protocol.txt	941985448195fa3ea0be3509f8a807095103932e	MOVED_EXACT	experiments/step6/EXP-S6B-DIGITAL-SCHEDULED-DUAL-BOARD-TRIGGER-20260922/raw/protocol.txt	941985448195fa3ea0be3509f8a807095103932e	same relative path and exact Git blob
experiments/legacy/exp-step6-global-time/EXP-S6B-DIGITAL-SCHEDULED-DUAL-BOARD-TRIGGER-20260922/raw/timing/master_quartus_sta.log	cc260c2ce4b6c688db2933a9a6a9e0d08288232f	MOVED_EXACT	experiments/step6/EXP-S6B-DIGITAL-SCHEDULED-DUAL-BOARD-TRIGGER-20260922/raw/timing/master_quartus_sta.log	cc260c2ce4b6c688db2933a9a6a9e0d08288232f	same relative path and exact Git blob
experiments/legacy/exp-step6-global-time/EXP-S6B-DIGITAL-SCHEDULED-DUAL-BOARD-TRIGGER-20260922/raw/timing/master_step6b_timing.txt	960580b3d6cc159885bf051cd8a43d0be0faa19f	MOVED_EXACT	experiments/step6/EXP-S6B-DIGITAL-SCHEDULED-DUAL-BOARD-TRIGGER-20260922/raw/timing/master_step6b_timing.txt	960580b3d6cc159885bf051cd8a43d0be0faa19f	same relative path and exact Git blob
experiments/legacy/exp-step6-global-time/EXP-S6B-DIGITAL-SCHEDULED-DUAL-BOARD-TRIGGER-20260922/raw/timing/slave_quartus_sta.log	b5daef2c8d27d88594466a4d5109dacb6583f9c8	MOVED_EXACT	experiments/step6/EXP-S6B-DIGITAL-SCHEDULED-DUAL-BOARD-TRIGGER-20260922/raw/timing/slave_quartus_sta.log	b5daef2c8d27d88594466a4d5109dacb6583f9c8	same relative path and exact Git blob
experiments/legacy/exp-step6-global-time/EXP-S6B-DIGITAL-SCHEDULED-DUAL-BOARD-TRIGGER-20260922/raw/timing/slave_step6b_timing.txt	5ac96b71424ff005edc94f7af89723e79108c55d	MOVED_EXACT	experiments/step6/EXP-S6B-DIGITAL-SCHEDULED-DUAL-BOARD-TRIGGER-20260922/raw/timing/slave_step6b_timing.txt	5ac96b71424ff005edc94f7af89723e79108c55d	same relative path and exact Git blob
experiments/legacy/exp-step6-global-time/EXP-S6B-DIGITAL-SCHEDULED-DUAL-BOARD-TRIGGER-HARDWARE-RUN-20260922/PLAN.md	7bc38852655b81d847e697044d99eb9b027a685f	MOVED_EXACT	experiments/step6/EXP-S6B-DIGITAL-SCHEDULED-DUAL-BOARD-TRIGGER-HARDWARE-RUN-20260922/PLAN.md	7bc38852655b81d847e697044d99eb9b027a685f	same relative path and exact Git blob
experiments/legacy/exp-step6-global-time/EXP-S6B-DIGITAL-SCHEDULED-DUAL-BOARD-TRIGGER-HARDWARE-RUN-20260922/REPORT.md	018fdf0869ae3c1e676521f26c05398e60aef744	MOVED_EXACT	experiments/step6/EXP-S6B-DIGITAL-SCHEDULED-DUAL-BOARD-TRIGGER-HARDWARE-RUN-20260922/REPORT.md	018fdf0869ae3c1e676521f26c05398e60aef744	same relative path and exact Git blob
experiments/legacy/exp-step6-global-time/EXP-S6B-DIGITAL-SCHEDULED-DUAL-BOARD-TRIGGER-HARDWARE-RUN-20260922/raw/build/build_result.txt	fdf199424f509f90daf9b445c75412848a76fe72	MOVED_EXACT	experiments/step6/EXP-S6B-DIGITAL-SCHEDULED-DUAL-BOARD-TRIGGER-HARDWARE-RUN-20260922/raw/build/build_result.txt	fdf199424f509f90daf9b445c75412848a76fe72	same relative path and exact Git blob
experiments/legacy/exp-step6-global-time/EXP-S6B-DIGITAL-SCHEDULED-DUAL-BOARD-TRIGGER-HARDWARE-RUN-20260922/raw/build/provenance.txt	29201d873098d8c8483f2087a88e579984f1c4d6	MOVED_EXACT	experiments/step6/EXP-S6B-DIGITAL-SCHEDULED-DUAL-BOARD-TRIGGER-HARDWARE-RUN-20260922/raw/build/provenance.txt	29201d873098d8c8483f2087a88e579984f1c4d6	same relative path and exact Git blob
experiments/legacy/exp-step6-global-time/EXP-S6B-DIGITAL-SCHEDULED-DUAL-BOARD-TRIGGER-HARDWARE-RUN-20260922/raw/build/source_identity.txt	4f77034244e0e8de38fafdba3922ae456e733bf0	MOVED_EXACT	experiments/step6/EXP-S6B-DIGITAL-SCHEDULED-DUAL-BOARD-TRIGGER-HARDWARE-RUN-20260922/raw/build/source_identity.txt	4f77034244e0e8de38fafdba3922ae456e733bf0	same relative path and exact Git blob
experiments/legacy/exp-step6-global-time/EXP-S6B-DIGITAL-SCHEDULED-DUAL-BOARD-TRIGGER-HARDWARE-RUN-20260922/raw/program/slave_program.log	79cf2fd6f69e1210411c5dfd2770202ff7529eb2	MOVED_EXACT	experiments/step6/EXP-S6B-DIGITAL-SCHEDULED-DUAL-BOARD-TRIGGER-HARDWARE-RUN-20260922/raw/program/slave_program.log	79cf2fd6f69e1210411c5dfd2770202ff7529eb2	same relative path and exact Git blob
experiments/legacy/exp-step6-global-time/EXP-S6B-DIGITAL-SCHEDULED-DUAL-BOARD-TRIGGER-HARDWARE-RUN-20260922/raw/program/stop.txt	c4ff06f6f234a2ef9abc71f49801adc605b3348e	MOVED_EXACT	experiments/step6/EXP-S6B-DIGITAL-SCHEDULED-DUAL-BOARD-TRIGGER-HARDWARE-RUN-20260922/raw/program/stop.txt	c4ff06f6f234a2ef9abc71f49801adc605b3348e	same relative path and exact Git blob
experiments/legacy/exp-step6-global-time/EXP-S6B-DIGITAL-SCHEDULED-DUAL-BOARD-TRIGGER-HARDWARE-RUN-20260922/raw/protocol.txt	c9fc0c90cb15393583a7f15f605b4fa67466e682	MOVED_EXACT	experiments/step6/EXP-S6B-DIGITAL-SCHEDULED-DUAL-BOARD-TRIGGER-HARDWARE-RUN-20260922/raw/protocol.txt	c9fc0c90cb15393583a7f15f605b4fa67466e682	same relative path and exact Git blob
experiments/legacy/exp-step6-global-time/EXP-S6B-DIGITAL-SCHEDULED-DUAL-BOARD-TRIGGER-HARDWARE-RUN-20260922/raw/timing/gate.txt	fd791da82512d88a357df1744bca61143d59f5f2	MOVED_EXACT	experiments/step6/EXP-S6B-DIGITAL-SCHEDULED-DUAL-BOARD-TRIGGER-HARDWARE-RUN-20260922/raw/timing/gate.txt	fd791da82512d88a357df1744bca61143d59f5f2	same relative path and exact Git blob
experiments/legacy/exp-step6-global-time/EXP-S6B-DIGITAL-SCHEDULED-DUAL-BOARD-TRIGGER-HARDWARE-RUN-V2-20260922/PLAN.md	b6634c35f9fd4b2c98b8c6140b615d6c245cd797	MOVED_EXACT	experiments/step6/EXP-S6B-DIGITAL-SCHEDULED-DUAL-BOARD-TRIGGER-HARDWARE-RUN-V2-20260922/PLAN.md	b6634c35f9fd4b2c98b8c6140b615d6c245cd797	same relative path and exact Git blob
experiments/legacy/exp-step6-global-time/EXP-S6B-DIGITAL-SCHEDULED-DUAL-BOARD-TRIGGER-HARDWARE-RUN-V2-20260922/REPORT.md	ea18279c7ffb0147a3566d5ea8ed031211409538	MOVED_EXACT	experiments/step6/EXP-S6B-DIGITAL-SCHEDULED-DUAL-BOARD-TRIGGER-HARDWARE-RUN-V2-20260922/REPORT.md	ea18279c7ffb0147a3566d5ea8ed031211409538	same relative path and exact Git blob
experiments/legacy/exp-step6-global-time/EXP-S6B-DIGITAL-SCHEDULED-DUAL-BOARD-TRIGGER-HARDWARE-RUN-V2-20260922/analysis/analyzer.txt	5b30dfa04ea61ea14090c4880674220faafba65d	MOVED_EXACT	experiments/step6/EXP-S6B-DIGITAL-SCHEDULED-DUAL-BOARD-TRIGGER-HARDWARE-RUN-V2-20260922/analysis/analyzer.txt	5b30dfa04ea61ea14090c4880674220faafba65d	same relative path and exact Git blob
experiments/legacy/exp-step6-global-time/EXP-S6B-DIGITAL-SCHEDULED-DUAL-BOARD-TRIGGER-HARDWARE-RUN-V2-20260922/analysis/summary.json	5b30dfa04ea61ea14090c4880674220faafba65d	MOVED_EXACT	experiments/step6/EXP-S6B-DIGITAL-SCHEDULED-DUAL-BOARD-TRIGGER-HARDWARE-RUN-V2-20260922/analysis/summary.json	5b30dfa04ea61ea14090c4880674220faafba65d	same relative path and exact Git blob
experiments/legacy/exp-step6-global-time/EXP-S6B-DIGITAL-SCHEDULED-DUAL-BOARD-TRIGGER-HARDWARE-RUN-V2-20260922/raw/build/build_result.txt	fdf199424f509f90daf9b445c75412848a76fe72	MOVED_EXACT	experiments/step6/EXP-S6B-DIGITAL-SCHEDULED-DUAL-BOARD-TRIGGER-HARDWARE-RUN-V2-20260922/raw/build/build_result.txt	fdf199424f509f90daf9b445c75412848a76fe72	same relative path and exact Git blob
experiments/legacy/exp-step6-global-time/EXP-S6B-DIGITAL-SCHEDULED-DUAL-BOARD-TRIGGER-HARDWARE-RUN-V2-20260922/raw/build/provenance.txt	29201d873098d8c8483f2087a88e579984f1c4d6	MOVED_EXACT	experiments/step6/EXP-S6B-DIGITAL-SCHEDULED-DUAL-BOARD-TRIGGER-HARDWARE-RUN-V2-20260922/raw/build/provenance.txt	29201d873098d8c8483f2087a88e579984f1c4d6	same relative path and exact Git blob
experiments/legacy/exp-step6-global-time/EXP-S6B-DIGITAL-SCHEDULED-DUAL-BOARD-TRIGGER-HARDWARE-RUN-V2-20260922/raw/build/source_identity.txt	0cd6a51779b7a230a288b14a30bbf400fb04f9ba	MOVED_EXACT	experiments/step6/EXP-S6B-DIGITAL-SCHEDULED-DUAL-BOARD-TRIGGER-HARDWARE-RUN-V2-20260922/raw/build/source_identity.txt	0cd6a51779b7a230a288b14a30bbf400fb04f9ba	same relative path and exact Git blob
experiments/legacy/exp-step6-global-time/EXP-S6B-DIGITAL-SCHEDULED-DUAL-BOARD-TRIGGER-HARDWARE-RUN-V2-20260922/raw/observe/observe.log	9b810439d026f415822cc20c450b7db2a37072dc	MOVED_EXACT	experiments/step6/EXP-S6B-DIGITAL-SCHEDULED-DUAL-BOARD-TRIGGER-HARDWARE-RUN-V2-20260922/raw/observe/observe.log	9b810439d026f415822cc20c450b7db2a37072dc	same relative path and exact Git blob
experiments/legacy/exp-step6-global-time/EXP-S6B-DIGITAL-SCHEDULED-DUAL-BOARD-TRIGGER-HARDWARE-RUN-V2-20260922/raw/program/master_program.log	b3fbf8a82dc6cec3a8c3052d5d270209641da117	MOVED_EXACT	experiments/step6/EXP-S6B-DIGITAL-SCHEDULED-DUAL-BOARD-TRIGGER-HARDWARE-RUN-V2-20260922/raw/program/master_program.log	b3fbf8a82dc6cec3a8c3052d5d270209641da117	same relative path and exact Git blob
experiments/legacy/exp-step6-global-time/EXP-S6B-DIGITAL-SCHEDULED-DUAL-BOARD-TRIGGER-HARDWARE-RUN-V2-20260922/raw/program/master_program_result.txt	64dd0b1b5095b6b055ff6f2f2b4c2500accbe0d1	MOVED_EXACT	experiments/step6/EXP-S6B-DIGITAL-SCHEDULED-DUAL-BOARD-TRIGGER-HARDWARE-RUN-V2-20260922/raw/program/master_program_result.txt	64dd0b1b5095b6b055ff6f2f2b4c2500accbe0d1	same relative path and exact Git blob
experiments/legacy/exp-step6-global-time/EXP-S6B-DIGITAL-SCHEDULED-DUAL-BOARD-TRIGGER-HARDWARE-RUN-V2-20260922/raw/program/slave_program.log	45b2dda70e3216b5bd64fb55f4aa5bbc32a501f4	MOVED_EXACT	experiments/step6/EXP-S6B-DIGITAL-SCHEDULED-DUAL-BOARD-TRIGGER-HARDWARE-RUN-V2-20260922/raw/program/slave_program.log	45b2dda70e3216b5bd64fb55f4aa5bbc32a501f4	same relative path and exact Git blob
experiments/legacy/exp-step6-global-time/EXP-S6B-DIGITAL-SCHEDULED-DUAL-BOARD-TRIGGER-HARDWARE-RUN-V2-20260922/raw/program/slave_program_result.txt	5eaaa8f99ef98758ab8d31ad2c87e8d35f0496c5	MOVED_EXACT	experiments/step6/EXP-S6B-DIGITAL-SCHEDULED-DUAL-BOARD-TRIGGER-HARDWARE-RUN-V2-20260922/raw/program/slave_program_result.txt	5eaaa8f99ef98758ab8d31ad2c87e8d35f0496c5	same relative path and exact Git blob
experiments/legacy/exp-step6-global-time/EXP-S6B-DIGITAL-SCHEDULED-DUAL-BOARD-TRIGGER-HARDWARE-RUN-V2-20260922/raw/program/stop.txt	97dda5e0e38743044d8e2e084042e2112325d0df	MOVED_EXACT	experiments/step6/EXP-S6B-DIGITAL-SCHEDULED-DUAL-BOARD-TRIGGER-HARDWARE-RUN-V2-20260922/raw/program/stop.txt	97dda5e0e38743044d8e2e084042e2112325d0df	same relative path and exact Git blob
experiments/legacy/exp-step6-global-time/EXP-S6B-DIGITAL-SCHEDULED-DUAL-BOARD-TRIGGER-HARDWARE-RUN-V2-20260922/raw/protocol.txt	5d9c6612f3fea9b21220baca429fc6df2d832338	MOVED_EXACT	experiments/step6/EXP-S6B-DIGITAL-SCHEDULED-DUAL-BOARD-TRIGGER-HARDWARE-RUN-V2-20260922/raw/protocol.txt	5d9c6612f3fea9b21220baca429fc6df2d832338	same relative path and exact Git blob
experiments/legacy/exp-step6-global-time/EXP-S6B-DIGITAL-SCHEDULED-DUAL-BOARD-TRIGGER-HARDWARE-RUN-V2-20260922/raw/timing/gate.txt	fd791da82512d88a357df1744bca61143d59f5f2	MOVED_EXACT	experiments/step6/EXP-S6B-DIGITAL-SCHEDULED-DUAL-BOARD-TRIGGER-HARDWARE-RUN-V2-20260922/raw/timing/gate.txt	fd791da82512d88a357df1744bca61143d59f5f2	same relative path and exact Git blob
experiments/legacy/exp-step6-global-time/EXP-S6B-DIGITAL-SCHEDULED-DUAL-BOARD-TRIGGER-LIVE-SESSION-20260922/PLAN.md	7d85eb8bef0af0c3217821b127cbdb0b560ca84e	MOVED_EXACT	experiments/step6/EXP-S6B-DIGITAL-SCHEDULED-DUAL-BOARD-TRIGGER-LIVE-SESSION-20260922/PLAN.md	7d85eb8bef0af0c3217821b127cbdb0b560ca84e	same relative path and exact Git blob
experiments/legacy/exp-step6-global-time/EXP-S6B-DIGITAL-SCHEDULED-DUAL-BOARD-TRIGGER-LIVE-SESSION-20260922/REPORT.md	24667aa6775d4b0c95da5fb44f14241398dc956d	MOVED_EXACT	experiments/step6/EXP-S6B-DIGITAL-SCHEDULED-DUAL-BOARD-TRIGGER-LIVE-SESSION-20260922/REPORT.md	24667aa6775d4b0c95da5fb44f14241398dc956d	same relative path and exact Git blob
experiments/legacy/exp-step6-global-time/EXP-S6B-DIGITAL-SCHEDULED-DUAL-BOARD-TRIGGER-LIVE-SESSION-20260922/analysis/analyzer.txt	1cc9564d6676fe22ff9045dcce4444aa14fae3f0	MOVED_EXACT	experiments/step6/EXP-S6B-DIGITAL-SCHEDULED-DUAL-BOARD-TRIGGER-LIVE-SESSION-20260922/analysis/analyzer.txt	1cc9564d6676fe22ff9045dcce4444aa14fae3f0	same relative path and exact Git blob
experiments/legacy/exp-step6-global-time/EXP-S6B-DIGITAL-SCHEDULED-DUAL-BOARD-TRIGGER-LIVE-SESSION-20260922/analysis/summary-local.json	1cc9564d6676fe22ff9045dcce4444aa14fae3f0	MOVED_EXACT	experiments/step6/EXP-S6B-DIGITAL-SCHEDULED-DUAL-BOARD-TRIGGER-LIVE-SESSION-20260922/analysis/summary-local.json	1cc9564d6676fe22ff9045dcce4444aa14fae3f0	same relative path and exact Git blob
experiments/legacy/exp-step6-global-time/EXP-S6B-DIGITAL-SCHEDULED-DUAL-BOARD-TRIGGER-LIVE-SESSION-20260922/analysis/summary.json	1cc9564d6676fe22ff9045dcce4444aa14fae3f0	MOVED_EXACT	experiments/step6/EXP-S6B-DIGITAL-SCHEDULED-DUAL-BOARD-TRIGGER-LIVE-SESSION-20260922/analysis/summary.json	1cc9564d6676fe22ff9045dcce4444aa14fae3f0	same relative path and exact Git blob
experiments/legacy/exp-step6-global-time/EXP-S6B-DIGITAL-SCHEDULED-DUAL-BOARD-TRIGGER-LIVE-SESSION-20260922/raw/build/provenance.txt	0af02976a9569fa9f8c55a7636560db45b5ffd6c	MOVED_EXACT	experiments/step6/EXP-S6B-DIGITAL-SCHEDULED-DUAL-BOARD-TRIGGER-LIVE-SESSION-20260922/raw/build/provenance.txt	0af02976a9569fa9f8c55a7636560db45b5ffd6c	same relative path and exact Git blob
experiments/legacy/exp-step6-global-time/EXP-S6B-DIGITAL-SCHEDULED-DUAL-BOARD-TRIGGER-LIVE-SESSION-20260922/raw/observe/observe.log	fc5b4e2801a67250b3d949eb50ea7c3cbfae2e30	MOVED_EXACT	experiments/step6/EXP-S6B-DIGITAL-SCHEDULED-DUAL-BOARD-TRIGGER-LIVE-SESSION-20260922/raw/observe/observe.log	fc5b4e2801a67250b3d949eb50ea7c3cbfae2e30	same relative path and exact Git blob
experiments/legacy/exp-step6-global-time/EXP-S6B-DIGITAL-SCHEDULED-DUAL-BOARD-TRIGGER-LIVE-SESSION-20260922/raw/protocol.txt	541a16faa4f6d3169fb74c71b429c34bcb3936e7	MOVED_EXACT	experiments/step6/EXP-S6B-DIGITAL-SCHEDULED-DUAL-BOARD-TRIGGER-LIVE-SESSION-20260922/raw/protocol.txt	541a16faa4f6d3169fb74c71b429c34bcb3936e7	same relative path and exact Git blob
experiments/legacy/exp-step6-global-time/EXP-S6B-DIGITAL-SCHEDULED-DUAL-BOARD-TRIGGER-LIVE-SESSION-20260922/raw/stop.txt	2d74477546b0f31b65ab4034ba80bb2e34d24d96	MOVED_EXACT	experiments/step6/EXP-S6B-DIGITAL-SCHEDULED-DUAL-BOARD-TRIGGER-LIVE-SESSION-20260922/raw/stop.txt	2d74477546b0f31b65ab4034ba80bb2e34d24d96	same relative path and exact Git blob
experiments/legacy/exp-step6-global-time/EXP-S6B-DIGITAL-SCHEDULED-DUAL-BOARD-TRIGGER-REARM-REPEATABILITY-20260922/PLAN.md	dd251a54b1a0d2f3c226a87153928f73131c516c	MOVED_EXACT	experiments/step6/EXP-S6B-DIGITAL-SCHEDULED-DUAL-BOARD-TRIGGER-REARM-REPEATABILITY-20260922/PLAN.md	dd251a54b1a0d2f3c226a87153928f73131c516c	same relative path and exact Git blob
experiments/legacy/exp-step6-global-time/EXP-S6B-DIGITAL-SCHEDULED-DUAL-BOARD-TRIGGER-REARM-REPEATABILITY-20260922/REPORT.md	ab16ca58b4315ba1c64a4a58c8c8c48431b3bd3b	MOVED_EXACT	experiments/step6/EXP-S6B-DIGITAL-SCHEDULED-DUAL-BOARD-TRIGGER-REARM-REPEATABILITY-20260922/REPORT.md	ab16ca58b4315ba1c64a4a58c8c8c48431b3bd3b	same relative path and exact Git blob
experiments/legacy/exp-step6-global-time/EXP-S6B-DIGITAL-SCHEDULED-DUAL-BOARD-TRIGGER-REARM-REPEATABILITY-20260922/analysis/analyzer.txt	d202d5cf3766abcebb94acbb459d27a6cf1c0e5e	MOVED_EXACT	experiments/step6/EXP-S6B-DIGITAL-SCHEDULED-DUAL-BOARD-TRIGGER-REARM-REPEATABILITY-20260922/analysis/analyzer.txt	d202d5cf3766abcebb94acbb459d27a6cf1c0e5e	same relative path and exact Git blob
experiments/legacy/exp-step6-global-time/EXP-S6B-DIGITAL-SCHEDULED-DUAL-BOARD-TRIGGER-REARM-REPEATABILITY-20260922/analysis/summary.json	d202d5cf3766abcebb94acbb459d27a6cf1c0e5e	MOVED_EXACT	experiments/step6/EXP-S6B-DIGITAL-SCHEDULED-DUAL-BOARD-TRIGGER-REARM-REPEATABILITY-20260922/analysis/summary.json	d202d5cf3766abcebb94acbb459d27a6cf1c0e5e	same relative path and exact Git blob
experiments/legacy/exp-step6-global-time/EXP-S6B-DIGITAL-SCHEDULED-DUAL-BOARD-TRIGGER-REARM-REPEATABILITY-20260922/raw/observe/observe.log	1197985e6298f7671efb6062bd9cb6428a778a75	MOVED_EXACT	experiments/step6/EXP-S6B-DIGITAL-SCHEDULED-DUAL-BOARD-TRIGGER-REARM-REPEATABILITY-20260922/raw/observe/observe.log	1197985e6298f7671efb6062bd9cb6428a778a75	same relative path and exact Git blob
experiments/legacy/exp-step6-global-time/EXP-S6B-DIGITAL-SCHEDULED-DUAL-BOARD-TRIGGER-REARM-REPEATABILITY-20260922/raw/protocol.txt	887e522f1a70e3398897f2cbabdda2a1be2e880e	MOVED_EXACT	experiments/step6/EXP-S6B-DIGITAL-SCHEDULED-DUAL-BOARD-TRIGGER-REARM-REPEATABILITY-20260922/raw/protocol.txt	887e522f1a70e3398897f2cbabdda2a1be2e880e	same relative path and exact Git blob
experiments/legacy/exp-step6-global-time/EXP-S6B-DIGITAL-SCHEDULED-DUAL-BOARD-TRIGGER-REARM-REPEATABILITY-20260922/raw/stop.txt	dea96da07d85c4ee5004c1f7d2fd1a6442242cbb	MOVED_EXACT	experiments/step6/EXP-S6B-DIGITAL-SCHEDULED-DUAL-BOARD-TRIGGER-REARM-REPEATABILITY-20260922/raw/stop.txt	dea96da07d85c4ee5004c1f7d2fd1a6442242cbb	same relative path and exact Git blob
experiments/legacy/exp-step6-global-time/EXP-S6B-PAIN-DIRECT-PROGRAMMER-ACCESS-PREFLIGHT-20260922/PLAN.md	f31cc985e2ed4dc9547b7656f386fb3ade2a01c2	MOVED_EXACT	experiments/step6/EXP-S6B-PAIN-DIRECT-PROGRAMMER-ACCESS-PREFLIGHT-20260922/PLAN.md	f31cc985e2ed4dc9547b7656f386fb3ade2a01c2	same relative path and exact Git blob
experiments/legacy/exp-step6-global-time/EXP-S6B-PAIN-DIRECT-PROGRAMMER-ACCESS-PREFLIGHT-20260922/REPORT.md	4130bf356311cdcf91530c63e20003451246e4df	MOVED_EXACT	experiments/step6/EXP-S6B-PAIN-DIRECT-PROGRAMMER-ACCESS-PREFLIGHT-20260922/REPORT.md	4130bf356311cdcf91530c63e20003451246e4df	same relative path and exact Git blob
experiments/legacy/exp-step6-global-time/EXP-S6B-PAIN-DIRECT-PROGRAMMER-ACCESS-PREFLIGHT-20260922/analysis/summary.json	a4a5e7d9f82ffe3f411835487afa1ee71ca3d9b1	MOVED_EXACT	experiments/step6/EXP-S6B-PAIN-DIRECT-PROGRAMMER-ACCESS-PREFLIGHT-20260922/analysis/summary.json	a4a5e7d9f82ffe3f411835487afa1ee71ca3d9b1	same relative path and exact Git blob
experiments/legacy/exp-step6-global-time/EXP-S6B-PAIN-DIRECT-PROGRAMMER-ACCESS-PREFLIGHT-20260922/raw/protocol.txt	a1fdcac62a667eb7f952b7061d18083c860a18a6	MOVED_EXACT	experiments/step6/EXP-S6B-PAIN-DIRECT-PROGRAMMER-ACCESS-PREFLIGHT-20260922/raw/protocol.txt	a1fdcac62a667eb7f952b7061d18083c860a18a6	same relative path and exact Git blob
experiments/legacy/exp-step6-global-time/EXP-S6B-PAIN-DIRECT-PROGRAMMER-ACCESS-PREFLIGHT-20260922/raw/provenance.txt	dd41e1ed231c65db41b90aae05ba056b7ad24e5d	MOVED_EXACT	experiments/step6/EXP-S6B-PAIN-DIRECT-PROGRAMMER-ACCESS-PREFLIGHT-20260922/raw/provenance.txt	dd41e1ed231c65db41b90aae05ba056b7ad24e5d	same relative path and exact Git blob
experiments/legacy/exp-step6-global-time/EXP-S6B-PAIN-DIRECT-PROGRAMMER-ACCESS-PREFLIGHT-20260922/raw/quartus_pgm_list.log	bd528277778ca77dc8e68eea794f6cd57b513f2a	MOVED_EXACT	experiments/step6/EXP-S6B-PAIN-DIRECT-PROGRAMMER-ACCESS-PREFLIGHT-20260922/raw/quartus_pgm_list.log	bd528277778ca77dc8e68eea794f6cd57b513f2a	same relative path and exact Git blob
experiments/legacy/exp-step6-global-time/EXP-S6B-PAIN-DIRECT-PROGRAMMER-ACCESS-PREFLIGHT-20260922/raw/stop.txt	3d82ad1b0fb567227c22a9958d19488cdda3bb1c	MOVED_EXACT	experiments/step6/EXP-S6B-PAIN-DIRECT-PROGRAMMER-ACCESS-PREFLIGHT-20260922/raw/stop.txt	3d82ad1b0fb567227c22a9958d19488cdda3bb1c	same relative path and exact Git blob
experiments/legacy/exp-step6-global-time/EXP-S6B-TIMING-QUERY-BOUNDARY-CORRECTION-20260922/PLAN.md	e9d6dfcc43f93616d0fc259637f8da847644e255	MOVED_EXACT	experiments/step6/EXP-S6B-TIMING-QUERY-BOUNDARY-CORRECTION-20260922/PLAN.md	e9d6dfcc43f93616d0fc259637f8da847644e255	same relative path and exact Git blob
experiments/legacy/exp-step6-global-time/EXP-S6B-TIMING-QUERY-BOUNDARY-CORRECTION-20260922/REPORT.md	92b52eabf2814bb03af0972c1cd8b41c2ba4d6bf	MOVED_EXACT	experiments/step6/EXP-S6B-TIMING-QUERY-BOUNDARY-CORRECTION-20260922/REPORT.md	92b52eabf2814bb03af0972c1cd8b41c2ba4d6bf	same relative path and exact Git blob
experiments/legacy/exp-step6-global-time/EXP-S6B-TIMING-QUERY-BOUNDARY-CORRECTION-20260922/analysis/analyzer.txt	5cccb5242b1925d8f4a5f475d5fb3d384b42ed60	MOVED_EXACT	experiments/step6/EXP-S6B-TIMING-QUERY-BOUNDARY-CORRECTION-20260922/analysis/analyzer.txt	5cccb5242b1925d8f4a5f475d5fb3d384b42ed60	same relative path and exact Git blob
experiments/legacy/exp-step6-global-time/EXP-S6B-TIMING-QUERY-BOUNDARY-CORRECTION-20260922/analysis/summary.json	26daa10231e94c83918ae107dbf737154545bd69	MOVED_EXACT	experiments/step6/EXP-S6B-TIMING-QUERY-BOUNDARY-CORRECTION-20260922/analysis/summary.json	26daa10231e94c83918ae107dbf737154545bd69	same relative path and exact Git blob
experiments/legacy/exp-step6-global-time/EXP-S6B-TIMING-QUERY-BOUNDARY-CORRECTION-20260922/raw/protocol.txt	eab91fdef0c7d7dc1ca19f7eb2f3aba0d8d05c59	MOVED_EXACT	experiments/step6/EXP-S6B-TIMING-QUERY-BOUNDARY-CORRECTION-20260922/raw/protocol.txt	eab91fdef0c7d7dc1ca19f7eb2f3aba0d8d05c59	same relative path and exact Git blob
experiments/legacy/exp-step6-global-time/EXP-S6B-TIMING-QUERY-BOUNDARY-CORRECTION-20260922/raw/provenance.txt	2e4a2fbd06d9042ed4d3ad2c727021f72f0f6e91	MOVED_EXACT	experiments/step6/EXP-S6B-TIMING-QUERY-BOUNDARY-CORRECTION-20260922/raw/provenance.txt	2e4a2fbd06d9042ed4d3ad2c727021f72f0f6e91	same relative path and exact Git blob
experiments/legacy/exp-step6-global-time/EXP-S6B-TIMING-QUERY-BOUNDARY-CORRECTION-20260922/raw/stop.txt	2fa206b176b5d5dc51696a9c270e0277bf3b6c34	MOVED_EXACT	experiments/step6/EXP-S6B-TIMING-QUERY-BOUNDARY-CORRECTION-20260922/raw/stop.txt	2fa206b176b5d5dc51696a9c270e0277bf3b6c34	same relative path and exact Git blob
experiments/legacy/exp-step6-global-time/EXP-S6B-TIMING-QUERY-BOUNDARY-CORRECTION-20260922/raw/timing/master_quartus_sta.log	722b74fe6b02694684c2147771d4c6540af9f4d3	MOVED_EXACT	experiments/step6/EXP-S6B-TIMING-QUERY-BOUNDARY-CORRECTION-20260922/raw/timing/master_quartus_sta.log	722b74fe6b02694684c2147771d4c6540af9f4d3	same relative path and exact Git blob
experiments/legacy/exp-step6-global-time/EXP-S6B-TIMING-QUERY-BOUNDARY-CORRECTION-20260922/raw/timing/master_step6b_timing.txt	a7c7cd5ec52941ae2d9ee6a29bb97428ff517604	MOVED_EXACT	experiments/step6/EXP-S6B-TIMING-QUERY-BOUNDARY-CORRECTION-20260922/raw/timing/master_step6b_timing.txt	a7c7cd5ec52941ae2d9ee6a29bb97428ff517604	same relative path and exact Git blob
experiments/legacy/exp-step6-global-time/EXP-S6B-TIMING-QUERY-BOUNDARY-CORRECTION-20260922/raw/timing/master_step6b_timing.txt.arm_meta_to_sync.hold.rpt	3a63653f655a9f051ad924b70faf0a99970b79be	MOVED_EXACT	experiments/step6/EXP-S6B-TIMING-QUERY-BOUNDARY-CORRECTION-20260922/raw/timing/master_step6b_timing.txt.arm_meta_to_sync.hold.rpt	3a63653f655a9f051ad924b70faf0a99970b79be	same relative path and exact Git blob
experiments/legacy/exp-step6-global-time/EXP-S6B-TIMING-QUERY-BOUNDARY-CORRECTION-20260922/raw/timing/master_step6b_timing.txt.arm_meta_to_sync.setup.rpt	d18f3c97a530cf8349bff51ed7ba46ddce874feb	MOVED_EXACT	experiments/step6/EXP-S6B-TIMING-QUERY-BOUNDARY-CORRECTION-20260922/raw/timing/master_step6b_timing.txt.arm_meta_to_sync.setup.rpt	d18f3c97a530cf8349bff51ed7ba46ddce874feb	same relative path and exact Git blob
experiments/legacy/exp-step6-global-time/EXP-S6B-TIMING-QUERY-BOUNDARY-CORRECTION-20260922/raw/timing/master_step6b_timing.txt.arm_sync_to_prev.hold.rpt	df916fe58ed64104a27c5430be72501f7f4cb64f	MOVED_EXACT	experiments/step6/EXP-S6B-TIMING-QUERY-BOUNDARY-CORRECTION-20260922/raw/timing/master_step6b_timing.txt.arm_sync_to_prev.hold.rpt	df916fe58ed64104a27c5430be72501f7f4cb64f	same relative path and exact Git blob
experiments/legacy/exp-step6-global-time/EXP-S6B-TIMING-QUERY-BOUNDARY-CORRECTION-20260922/raw/timing/master_step6b_timing.txt.arm_sync_to_prev.setup.rpt	c7efde73bf8dab694f32ead48a3679bf80709181	MOVED_EXACT	experiments/step6/EXP-S6B-TIMING-QUERY-BOUNDARY-CORRECTION-20260922/raw/timing/master_step6b_timing.txt.arm_sync_to_prev.setup.rpt	c7efde73bf8dab694f32ead48a3679bf80709181	same relative path and exact Git blob
experiments/legacy/exp-step6-global-time/EXP-S6B-TIMING-QUERY-BOUNDARY-CORRECTION-20260922/raw/timing/master_step6b_timing.txt.refclk_to_actual_cycles.hold.rpt	c81900fc22130d6e98dcc7ad4b91d934ad48ef28	MOVED_EXACT	experiments/step6/EXP-S6B-TIMING-QUERY-BOUNDARY-CORRECTION-20260922/raw/timing/master_step6b_timing.txt.refclk_to_actual_cycles.hold.rpt	c81900fc22130d6e98dcc7ad4b91d934ad48ef28	same relative path and exact Git blob
experiments/legacy/exp-step6-global-time/EXP-S6B-TIMING-QUERY-BOUNDARY-CORRECTION-20260922/raw/timing/master_step6b_timing.txt.refclk_to_actual_cycles.setup.rpt	c5269bd0514104c4c07028f23c846f88fb993fa4	MOVED_EXACT	experiments/step6/EXP-S6B-TIMING-QUERY-BOUNDARY-CORRECTION-20260922/raw/timing/master_step6b_timing.txt.refclk_to_actual_cycles.setup.rpt	c5269bd0514104c4c07028f23c846f88fb993fa4	same relative path and exact Git blob
experiments/legacy/exp-step6-global-time/EXP-S6B-TIMING-QUERY-BOUNDARY-CORRECTION-20260922/raw/timing/master_step6b_timing.txt.refclk_to_actual_tai.hold.rpt	80788dd26c1773c4e124aa816727bcd94591afb1	MOVED_EXACT	experiments/step6/EXP-S6B-TIMING-QUERY-BOUNDARY-CORRECTION-20260922/raw/timing/master_step6b_timing.txt.refclk_to_actual_tai.hold.rpt	80788dd26c1773c4e124aa816727bcd94591afb1	same relative path and exact Git blob
experiments/legacy/exp-step6-global-time/EXP-S6B-TIMING-QUERY-BOUNDARY-CORRECTION-20260922/raw/timing/master_step6b_timing.txt.refclk_to_actual_tai.setup.rpt	54705618d0ec7bdffc1666c9a504f4dd4a860a4b	MOVED_EXACT	experiments/step6/EXP-S6B-TIMING-QUERY-BOUNDARY-CORRECTION-20260922/raw/timing/master_step6b_timing.txt.refclk_to_actual_tai.setup.rpt	54705618d0ec7bdffc1666c9a504f4dd4a860a4b	same relative path and exact Git blob
experiments/legacy/exp-step6-global-time/EXP-S6B-TIMING-QUERY-BOUNDARY-CORRECTION-20260922/raw/timing/master_step6b_timing.txt.refclk_to_armed.hold.rpt	1ff0ea5b6533c5d7a49fe3d98c2b9ba422f1aba2	MOVED_EXACT	experiments/step6/EXP-S6B-TIMING-QUERY-BOUNDARY-CORRECTION-20260922/raw/timing/master_step6b_timing.txt.refclk_to_armed.hold.rpt	1ff0ea5b6533c5d7a49fe3d98c2b9ba422f1aba2	same relative path and exact Git blob
experiments/legacy/exp-step6-global-time/EXP-S6B-TIMING-QUERY-BOUNDARY-CORRECTION-20260922/raw/timing/master_step6b_timing.txt.refclk_to_armed.setup.rpt	09fee0df32da17bc411d08459888014354122f2f	MOVED_EXACT	experiments/step6/EXP-S6B-TIMING-QUERY-BOUNDARY-CORRECTION-20260922/raw/timing/master_step6b_timing.txt.refclk_to_armed.setup.rpt	09fee0df32da17bc411d08459888014354122f2f	same relative path and exact Git blob
experiments/legacy/exp-step6-global-time/EXP-S6B-TIMING-QUERY-BOUNDARY-CORRECTION-20260922/raw/timing/master_step6b_timing.txt.refclk_to_fire_count.hold.rpt	ab92299739a89f557d85b2e0857ef0591445496e	MOVED_EXACT	experiments/step6/EXP-S6B-TIMING-QUERY-BOUNDARY-CORRECTION-20260922/raw/timing/master_step6b_timing.txt.refclk_to_fire_count.hold.rpt	ab92299739a89f557d85b2e0857ef0591445496e	same relative path and exact Git blob
experiments/legacy/exp-step6-global-time/EXP-S6B-TIMING-QUERY-BOUNDARY-CORRECTION-20260922/raw/timing/master_step6b_timing.txt.refclk_to_fire_count.setup.rpt	1dcd6f453962dc01e8fe3a438f2d354633eb33ce	MOVED_EXACT	experiments/step6/EXP-S6B-TIMING-QUERY-BOUNDARY-CORRECTION-20260922/raw/timing/master_step6b_timing.txt.refclk_to_fire_count.setup.rpt	1dcd6f453962dc01e8fe3a438f2d354633eb33ce	same relative path and exact Git blob
experiments/legacy/exp-step6-global-time/EXP-S6B-TIMING-QUERY-BOUNDARY-CORRECTION-20260922/raw/timing/master_step6b_timing.txt.refclk_to_fired.hold.rpt	77a9f19c747961e103c3f54e9f9462b1a9d32b0e	MOVED_EXACT	experiments/step6/EXP-S6B-TIMING-QUERY-BOUNDARY-CORRECTION-20260922/raw/timing/master_step6b_timing.txt.refclk_to_fired.hold.rpt	77a9f19c747961e103c3f54e9f9462b1a9d32b0e	same relative path and exact Git blob
experiments/legacy/exp-step6-global-time/EXP-S6B-TIMING-QUERY-BOUNDARY-CORRECTION-20260922/raw/timing/master_step6b_timing.txt.refclk_to_fired.setup.rpt	b8ffd09250addba76e29bc5304974f31408e7f2e	MOVED_EXACT	experiments/step6/EXP-S6B-TIMING-QUERY-BOUNDARY-CORRECTION-20260922/raw/timing/master_step6b_timing.txt.refclk_to_fired.setup.rpt	b8ffd09250addba76e29bc5304974f31408e7f2e	same relative path and exact Git blob
experiments/legacy/exp-step6-global-time/EXP-S6B-TIMING-QUERY-BOUNDARY-CORRECTION-20260922/raw/timing/master_step6b_timing.txt.target_meta_to_sync.hold.rpt	cdb4fe8c1f010382b386239f792204feb6600641	MOVED_EXACT	experiments/step6/EXP-S6B-TIMING-QUERY-BOUNDARY-CORRECTION-20260922/raw/timing/master_step6b_timing.txt.target_meta_to_sync.hold.rpt	cdb4fe8c1f010382b386239f792204feb6600641	same relative path and exact Git blob
experiments/legacy/exp-step6-global-time/EXP-S6B-TIMING-QUERY-BOUNDARY-CORRECTION-20260922/raw/timing/master_step6b_timing.txt.target_meta_to_sync.setup.rpt	ebf583f730912293b3ba5bf6f9f85040ba2d776c	MOVED_EXACT	experiments/step6/EXP-S6B-TIMING-QUERY-BOUNDARY-CORRECTION-20260922/raw/timing/master_step6b_timing.txt.target_meta_to_sync.setup.rpt	ebf583f730912293b3ba5bf6f9f85040ba2d776c	same relative path and exact Git blob
experiments/legacy/exp-step6-global-time/EXP-S6B-TIMING-QUERY-BOUNDARY-CORRECTION-20260922/raw/timing/master_step6b_timing.txt.target_sync_to_latched.hold.rpt	2cd696251a584bc64a889df8d4d382fcd2ead04e	MOVED_EXACT	experiments/step6/EXP-S6B-TIMING-QUERY-BOUNDARY-CORRECTION-20260922/raw/timing/master_step6b_timing.txt.target_sync_to_latched.hold.rpt	2cd696251a584bc64a889df8d4d382fcd2ead04e	same relative path and exact Git blob
experiments/legacy/exp-step6-global-time/EXP-S6B-TIMING-QUERY-BOUNDARY-CORRECTION-20260922/raw/timing/master_step6b_timing.txt.target_sync_to_latched.setup.rpt	9e07f143bbf99004015611f5cfb686d522bad5fa	MOVED_EXACT	experiments/step6/EXP-S6B-TIMING-QUERY-BOUNDARY-CORRECTION-20260922/raw/timing/master_step6b_timing.txt.target_sync_to_latched.setup.rpt	9e07f143bbf99004015611f5cfb686d522bad5fa	same relative path and exact Git blob
experiments/legacy/exp-step6-global-time/EXP-S6B-TIMING-QUERY-BOUNDARY-CORRECTION-20260922/raw/timing/slave_quartus_sta.log	ca7ea60098e206636a2b3355fa4501d59e979c0c	MOVED_EXACT	experiments/step6/EXP-S6B-TIMING-QUERY-BOUNDARY-CORRECTION-20260922/raw/timing/slave_quartus_sta.log	ca7ea60098e206636a2b3355fa4501d59e979c0c	same relative path and exact Git blob
experiments/legacy/exp-step6-global-time/EXP-S6B-TIMING-QUERY-BOUNDARY-CORRECTION-20260922/raw/timing/slave_step6b_timing.txt	ae28ea7e83941963e20ac27055a92df6cc49cf39	MOVED_EXACT	experiments/step6/EXP-S6B-TIMING-QUERY-BOUNDARY-CORRECTION-20260922/raw/timing/slave_step6b_timing.txt	ae28ea7e83941963e20ac27055a92df6cc49cf39	same relative path and exact Git blob
experiments/legacy/exp-step6-global-time/EXP-S6B-TIMING-QUERY-BOUNDARY-CORRECTION-20260922/raw/timing/slave_step6b_timing.txt.arm_meta_to_sync.hold.rpt	9ba0ad771a5984ab554a1dd77b38c3332cbe5da5	MOVED_EXACT	experiments/step6/EXP-S6B-TIMING-QUERY-BOUNDARY-CORRECTION-20260922/raw/timing/slave_step6b_timing.txt.arm_meta_to_sync.hold.rpt	9ba0ad771a5984ab554a1dd77b38c3332cbe5da5	same relative path and exact Git blob
experiments/legacy/exp-step6-global-time/EXP-S6B-TIMING-QUERY-BOUNDARY-CORRECTION-20260922/raw/timing/slave_step6b_timing.txt.arm_meta_to_sync.setup.rpt	4d44da04e856ffe87d0041ebbb5c0a5ddd7df12e	MOVED_EXACT	experiments/step6/EXP-S6B-TIMING-QUERY-BOUNDARY-CORRECTION-20260922/raw/timing/slave_step6b_timing.txt.arm_meta_to_sync.setup.rpt	4d44da04e856ffe87d0041ebbb5c0a5ddd7df12e	same relative path and exact Git blob
experiments/legacy/exp-step6-global-time/EXP-S6B-TIMING-QUERY-BOUNDARY-CORRECTION-20260922/raw/timing/slave_step6b_timing.txt.arm_sync_to_prev.hold.rpt	2b2f840d591ce37fbf1aaf5c1a26b4cab0ba3437	MOVED_EXACT	experiments/step6/EXP-S6B-TIMING-QUERY-BOUNDARY-CORRECTION-20260922/raw/timing/slave_step6b_timing.txt.arm_sync_to_prev.hold.rpt	2b2f840d591ce37fbf1aaf5c1a26b4cab0ba3437	same relative path and exact Git blob
experiments/legacy/exp-step6-global-time/EXP-S6B-TIMING-QUERY-BOUNDARY-CORRECTION-20260922/raw/timing/slave_step6b_timing.txt.arm_sync_to_prev.setup.rpt	bc29945bcf3b689a210a455060b165ba5e8f05db	MOVED_EXACT	experiments/step6/EXP-S6B-TIMING-QUERY-BOUNDARY-CORRECTION-20260922/raw/timing/slave_step6b_timing.txt.arm_sync_to_prev.setup.rpt	bc29945bcf3b689a210a455060b165ba5e8f05db	same relative path and exact Git blob
experiments/legacy/exp-step6-global-time/EXP-S6B-TIMING-QUERY-BOUNDARY-CORRECTION-20260922/raw/timing/slave_step6b_timing.txt.refclk_to_actual_cycles.hold.rpt	f478e5f2e8d3562ae61c2172fe30493172ddc3a8	MOVED_EXACT	experiments/step6/EXP-S6B-TIMING-QUERY-BOUNDARY-CORRECTION-20260922/raw/timing/slave_step6b_timing.txt.refclk_to_actual_cycles.hold.rpt	f478e5f2e8d3562ae61c2172fe30493172ddc3a8	same relative path and exact Git blob
experiments/legacy/exp-step6-global-time/EXP-S6B-TIMING-QUERY-BOUNDARY-CORRECTION-20260922/raw/timing/slave_step6b_timing.txt.refclk_to_actual_cycles.setup.rpt	6b2ad8d224da91ae04b2ca9891bb4f504d1c019f	MOVED_EXACT	experiments/step6/EXP-S6B-TIMING-QUERY-BOUNDARY-CORRECTION-20260922/raw/timing/slave_step6b_timing.txt.refclk_to_actual_cycles.setup.rpt	6b2ad8d224da91ae04b2ca9891bb4f504d1c019f	same relative path and exact Git blob
experiments/legacy/exp-step6-global-time/EXP-S6B-TIMING-QUERY-BOUNDARY-CORRECTION-20260922/raw/timing/slave_step6b_timing.txt.refclk_to_actual_tai.hold.rpt	5335ecff4007d3aaea9369070d9eb6e7da529a58	MOVED_EXACT	experiments/step6/EXP-S6B-TIMING-QUERY-BOUNDARY-CORRECTION-20260922/raw/timing/slave_step6b_timing.txt.refclk_to_actual_tai.hold.rpt	5335ecff4007d3aaea9369070d9eb6e7da529a58	same relative path and exact Git blob
experiments/legacy/exp-step6-global-time/EXP-S6B-TIMING-QUERY-BOUNDARY-CORRECTION-20260922/raw/timing/slave_step6b_timing.txt.refclk_to_actual_tai.setup.rpt	199b3ad1b0e6c49a0d186402186051e389a3bd3f	MOVED_EXACT	experiments/step6/EXP-S6B-TIMING-QUERY-BOUNDARY-CORRECTION-20260922/raw/timing/slave_step6b_timing.txt.refclk_to_actual_tai.setup.rpt	199b3ad1b0e6c49a0d186402186051e389a3bd3f	same relative path and exact Git blob
experiments/legacy/exp-step6-global-time/EXP-S6B-TIMING-QUERY-BOUNDARY-CORRECTION-20260922/raw/timing/slave_step6b_timing.txt.refclk_to_armed.hold.rpt	94b0d0f3a834fbafca88ede2267c14e254d33f37	MOVED_EXACT	experiments/step6/EXP-S6B-TIMING-QUERY-BOUNDARY-CORRECTION-20260922/raw/timing/slave_step6b_timing.txt.refclk_to_armed.hold.rpt	94b0d0f3a834fbafca88ede2267c14e254d33f37	same relative path and exact Git blob
experiments/legacy/exp-step6-global-time/EXP-S6B-TIMING-QUERY-BOUNDARY-CORRECTION-20260922/raw/timing/slave_step6b_timing.txt.refclk_to_armed.setup.rpt	6711421dfecded05c6da0b76d303c9b18c452858	MOVED_EXACT	experiments/step6/EXP-S6B-TIMING-QUERY-BOUNDARY-CORRECTION-20260922/raw/timing/slave_step6b_timing.txt.refclk_to_armed.setup.rpt	6711421dfecded05c6da0b76d303c9b18c452858	same relative path and exact Git blob
experiments/legacy/exp-step6-global-time/EXP-S6B-TIMING-QUERY-BOUNDARY-CORRECTION-20260922/raw/timing/slave_step6b_timing.txt.refclk_to_fire_count.hold.rpt	bdcb93b2d4aaf1fe52b0d16a447f656778b6c094	MOVED_EXACT	experiments/step6/EXP-S6B-TIMING-QUERY-BOUNDARY-CORRECTION-20260922/raw/timing/slave_step6b_timing.txt.refclk_to_fire_count.hold.rpt	bdcb93b2d4aaf1fe52b0d16a447f656778b6c094	same relative path and exact Git blob
experiments/legacy/exp-step6-global-time/EXP-S6B-TIMING-QUERY-BOUNDARY-CORRECTION-20260922/raw/timing/slave_step6b_timing.txt.refclk_to_fire_count.setup.rpt	7c17cc3be7ea39a6890a4e0264e175b58ca8cebe	MOVED_EXACT	experiments/step6/EXP-S6B-TIMING-QUERY-BOUNDARY-CORRECTION-20260922/raw/timing/slave_step6b_timing.txt.refclk_to_fire_count.setup.rpt	7c17cc3be7ea39a6890a4e0264e175b58ca8cebe	same relative path and exact Git blob
experiments/legacy/exp-step6-global-time/EXP-S6B-TIMING-QUERY-BOUNDARY-CORRECTION-20260922/raw/timing/slave_step6b_timing.txt.refclk_to_fired.hold.rpt	88192460d4cf4b344c80981bea4559c1ac8694c1	MOVED_EXACT	experiments/step6/EXP-S6B-TIMING-QUERY-BOUNDARY-CORRECTION-20260922/raw/timing/slave_step6b_timing.txt.refclk_to_fired.hold.rpt	88192460d4cf4b344c80981bea4559c1ac8694c1	same relative path and exact Git blob
experiments/legacy/exp-step6-global-time/EXP-S6B-TIMING-QUERY-BOUNDARY-CORRECTION-20260922/raw/timing/slave_step6b_timing.txt.refclk_to_fired.setup.rpt	36f74b5bf4571353620421c700c4f71d4902148a	MOVED_EXACT	experiments/step6/EXP-S6B-TIMING-QUERY-BOUNDARY-CORRECTION-20260922/raw/timing/slave_step6b_timing.txt.refclk_to_fired.setup.rpt	36f74b5bf4571353620421c700c4f71d4902148a	same relative path and exact Git blob
experiments/legacy/exp-step6-global-time/EXP-S6B-TIMING-QUERY-BOUNDARY-CORRECTION-20260922/raw/timing/slave_step6b_timing.txt.target_meta_to_sync.hold.rpt	908f8c412b3d7d654ed16c14b8ca7bfacdf19c19	MOVED_EXACT	experiments/step6/EXP-S6B-TIMING-QUERY-BOUNDARY-CORRECTION-20260922/raw/timing/slave_step6b_timing.txt.target_meta_to_sync.hold.rpt	908f8c412b3d7d654ed16c14b8ca7bfacdf19c19	same relative path and exact Git blob
experiments/legacy/exp-step6-global-time/EXP-S6B-TIMING-QUERY-BOUNDARY-CORRECTION-20260922/raw/timing/slave_step6b_timing.txt.target_meta_to_sync.setup.rpt	ab12d2f4fda2979ac2c096924842046bdee56bdf	MOVED_EXACT	experiments/step6/EXP-S6B-TIMING-QUERY-BOUNDARY-CORRECTION-20260922/raw/timing/slave_step6b_timing.txt.target_meta_to_sync.setup.rpt	ab12d2f4fda2979ac2c096924842046bdee56bdf	same relative path and exact Git blob
experiments/legacy/exp-step6-global-time/EXP-S6B-TIMING-QUERY-BOUNDARY-CORRECTION-20260922/raw/timing/slave_step6b_timing.txt.target_sync_to_latched.hold.rpt	f9f31c85eaaa5827f50ec666f5cded58c679a21a	MOVED_EXACT	experiments/step6/EXP-S6B-TIMING-QUERY-BOUNDARY-CORRECTION-20260922/raw/timing/slave_step6b_timing.txt.target_sync_to_latched.hold.rpt	f9f31c85eaaa5827f50ec666f5cded58c679a21a	same relative path and exact Git blob
experiments/legacy/exp-step6-global-time/EXP-S6B-TIMING-QUERY-BOUNDARY-CORRECTION-20260922/raw/timing/slave_step6b_timing.txt.target_sync_to_latched.setup.rpt	d581e41ca5d4edab4d8bcfc2b972c5f5a0fd942d	MOVED_EXACT	experiments/step6/EXP-S6B-TIMING-QUERY-BOUNDARY-CORRECTION-20260922/raw/timing/slave_step6b_timing.txt.target_sync_to_latched.setup.rpt	d581e41ca5d4edab4d8bcfc2b972c5f5a0fd942d	same relative path and exact Git blob
experiments/legacy/exp-step6-global-time/STEP6-PASS-MILESTONE.md	58e195cf1e150bd2127618aa68ae129655ba34c4	MODIFIED_WITH_EXACT_BASELINE_SNAPSHOT	experiments/step6/STEP6-PASS-MILESTONE.md	f37cf0f7ff08fd63feae98cf446cda2040355fd9	current file changed; original Git blob retained in baseline archive
experiments/legacy/exp-step6-global-time/artifact-import/EXP-S6-UNCALIBRATED-SLOCK-RESTART-PRESENT-20260923/DE5a_wr_master_jtag.sof	f1a63bde1911119e46fd34e6be3009eb62be0513	MOVED_EXACT	experiments/step6/artifact-import/EXP-S6-UNCALIBRATED-SLOCK-RESTART-PRESENT-20260923/DE5a_wr_master_jtag.sof	f1a63bde1911119e46fd34e6be3009eb62be0513	same relative path and exact Git blob
experiments/legacy/exp-step6-global-time/artifact-import/EXP-S6-UNCALIBRATED-SLOCK-RESTART-PRESENT-20260923/DE5a_wr_slave_jtag.sof	a2493c3d0592e33ce6f0908932325655733fd741	MOVED_EXACT	experiments/step6/artifact-import/EXP-S6-UNCALIBRATED-SLOCK-RESTART-PRESENT-20260923/DE5a_wr_slave_jtag.sof	a2493c3d0592e33ce6f0908932325655733fd741	same relative path and exact Git blob
experiments/legacy/exp-step6-global-time/artifact-import/EXP-S6-UNCALIBRATED-SLOCK-RESTART-PRESENT-20260923/metadata.md	39c1662c31fe66c1d5314cf392fb3b9021736562	MOVED_EXACT	experiments/step6/artifact-import/EXP-S6-UNCALIBRATED-SLOCK-RESTART-PRESENT-20260923/metadata.md	39c1662c31fe66c1d5314cf392fb3b9021736562	same relative path and exact Git blob
experiments/legacy/exp-step6-global-time/artifact-import/EXP-S6-UNCALIBRATED-SLOCK-RESTART-PRESENT-20260923/wrc_master.mif	2c19902e663c67d9ca33559703ce98dd7f87057c	MOVED_EXACT	experiments/step6/artifact-import/EXP-S6-UNCALIBRATED-SLOCK-RESTART-PRESENT-20260923/wrc_master.mif	2c19902e663c67d9ca33559703ce98dd7f87057c	same relative path and exact Git blob
experiments/legacy/exp-step6-global-time/artifact-import/EXP-S6-UNCALIBRATED-SLOCK-RESTART-PRESENT-20260923/wrc_slave.mif	be2156123571382e4489376987e644ff5a494fa4	MOVED_EXACT	experiments/step6/artifact-import/EXP-S6-UNCALIBRATED-SLOCK-RESTART-PRESENT-20260923/wrc_slave.mif	be2156123571382e4489376987e644ff5a494fa4	same relative path and exact Git blob
