White Rabbit Step 1-6 dashboard  2026-09-30T15:24:19+08:00  (read-only)
Sampling interval: 10s; per-board comparison window: 2000ms

+------------------------------------------------------------+
| MASTER   DE5_1-11.1                                      |
+------------------------------------------------------------+
| Step 1  PHY / Link           PASS                        |
| Step 2  Endpoint / PTP       PASS                        |
| Step 3  WR Handshake         INFO                        |
| Step 4  SoftPLL Startup      PASS                        |
| Step 5  Closed-loop Lock     INFO                        |
| Step 6  Global Time          VALID                       |
+------------------------------------------------------------+
| Link health                  Link=1  TM=1  RX=1  TX=1 |
| Lock signals                 Helper=NA  MainFreq=NA  MainPhase=NA |
|                              MainLock=NA  PSTAT=NA             |
| Global-Time reason           PPS snapshot valid; Step6 gate passed |
| WR PTP servo state           NA                          |
| WR phase offset              NA ps                       |
| Global-Time validity         TIME_VALID=1 PPS_VALID=1     |
| Snapshot                     snapshot=1 stable=1 count=56 |
| PPS registers                CR=20000006 EN=0 ESCR=12    |
| PPS register validity        TM=1 PPS=1                  |
| Step5 result                 NOT_APPLICABLE_MASTER       |
+------------------------------------------------------------+
+------------------------------------------------------------+
| SLAVE    DE5_1-11.2                                      |
+------------------------------------------------------------+
| Step 1  PHY / Link           PASS                        |
| Step 2  Endpoint / PTP       PASS                        |
| Step 3  WR Handshake         PASS                        |
| Step 4  SoftPLL Startup      PASS                        |
| Step 5  Closed-loop Lock     INFO                        |
| Step 6  Global Time          WAITING                     |
+------------------------------------------------------------+
| Link health                  Link=1  TM=1  RX=1  TX=1 |
| Lock signals                 Helper=1  MainFreq=1  MainPhase=1 |
|                              MainLock=1  PSTAT=1             |
| Global-Time reason           PTP servo offset not yet <60 ps |
| WR PTP servo state           SYNC_PHASE                  |
| WR phase offset              -1998914745 ps (target |offset| <60 ps) |
| Global-Time validity         TIME_VALID=0 PPS_VALID=0     |
| Snapshot                     snapshot=0 stable=1 count=0 |
| PPS registers                CR=20000002 EN=0 ESCR=0     |
| PPS register validity        TM=0 PPS=0                  |
| Step5 result                 LOCK_ACQUIRED_NOT_STABLE    |
+------------------------------------------------------------+

Global Time summary (125 MHz reference; 1 cycle = 8 ns)
------------------------------------------------------------
  MASTER  (DE5_1-11.1)
    TAI=55           CYCLES=124999999    VALID
  SLAVE   (DE5_1-11.2)
    TAI=--           CYCLES=--           WAITING (TIME_VALID=0, PPS_VALID=0)
------------------------------------------------------------
Dashboard read complete.
White Rabbit Step 1-6 dashboard  2026-09-30T15:24:29+08:00  (read-only)
Sampling interval: 10s; per-board comparison window: 2000ms

+------------------------------------------------------------+
| MASTER   DE5_1-11.1                                      |
+------------------------------------------------------------+
| Step 1  PHY / Link           PASS                        |
| Step 2  Endpoint / PTP       PASS                        |
| Step 3  WR Handshake         INFO                        |
| Step 4  SoftPLL Startup      PASS                        |
| Step 5  Closed-loop Lock     INFO                        |
| Step 6  Global Time          VALID                       |
+------------------------------------------------------------+
| Link health                  Link=1  TM=1  RX=1  TX=1 |
| Lock signals                 Helper=NA  MainFreq=NA  MainPhase=NA |
|                              MainLock=NA  PSTAT=NA             |
| Global-Time reason           PPS snapshot valid; Step6 gate passed |
| WR PTP servo state           NA                          |
| WR phase offset              NA ps                       |
| Global-Time validity         TIME_VALID=1 PPS_VALID=1     |
| Snapshot                     snapshot=1 stable=1 count=66 |
| PPS registers                CR=20000006 EN=0 ESCR=12    |
| PPS register validity        TM=1 PPS=1                  |
| Step5 result                 NOT_APPLICABLE_MASTER       |
+------------------------------------------------------------+
+------------------------------------------------------------+
| SLAVE    DE5_1-11.2                                      |
+------------------------------------------------------------+
| Step 1  PHY / Link           PASS                        |
| Step 2  Endpoint / PTP       PASS                        |
| Step 3  WR Handshake         PASS                        |
| Step 4  SoftPLL Startup      PASS                        |
| Step 5  Closed-loop Lock     INFO                        |
| Step 6  Global Time          WAITING                     |
+------------------------------------------------------------+
| Link health                  Link=1  TM=1  RX=1  TX=1 |
| Lock signals                 Helper=1  MainFreq=1  MainPhase=1 |
|                              MainLock=1  PSTAT=1             |
| Global-Time reason           PTP servo offset not yet <60 ps |
| WR PTP servo state           WAIT_OFFSET_STABLE          |
| WR phase offset              4764 ps (target |offset| <60 ps) |
| Global-Time validity         TIME_VALID=0 PPS_VALID=0     |
| Snapshot                     snapshot=0 stable=1 count=0 |
| PPS registers                CR=20000006 EN=0 ESCR=0     |
| PPS register validity        TM=0 PPS=0                  |
| Step5 result                 LOCK_ACQUIRED_NOT_STABLE    |
+------------------------------------------------------------+

Global Time summary (125 MHz reference; 1 cycle = 8 ns)
------------------------------------------------------------
  MASTER  (DE5_1-11.1)
    TAI=65           CYCLES=124999999    VALID
  SLAVE   (DE5_1-11.2)
    TAI=--           CYCLES=--           WAITING (TIME_VALID=0, PPS_VALID=0)
------------------------------------------------------------
Dashboard read complete.
White Rabbit Step 1-6 dashboard  2026-09-30T15:24:39+08:00  (read-only)
Sampling interval: 10s; per-board comparison window: 2000ms

+------------------------------------------------------------+
| MASTER   DE5_1-11.1                                      |
+------------------------------------------------------------+
| Step 1  PHY / Link           PASS                        |
| Step 2  Endpoint / PTP       PASS                        |
| Step 3  WR Handshake         INFO                        |
| Step 4  SoftPLL Startup      PASS                        |
| Step 5  Closed-loop Lock     INFO                        |
| Step 6  Global Time          VALID                       |
+------------------------------------------------------------+
| Link health                  Link=1  TM=1  RX=1  TX=1 |
| Lock signals                 Helper=NA  MainFreq=NA  MainPhase=NA |
|                              MainLock=NA  PSTAT=NA             |
| Global-Time reason           PPS snapshot valid; Step6 gate passed |
| WR PTP servo state           NA                          |
| WR phase offset              NA ps                       |
| Global-Time validity         TIME_VALID=1 PPS_VALID=1     |
| Snapshot                     snapshot=1 stable=1 count=76 |
| PPS registers                CR=20000006 EN=0 ESCR=12    |
| PPS register validity        TM=1 PPS=1                  |
| Step5 result                 NOT_APPLICABLE_MASTER       |
+------------------------------------------------------------+
+------------------------------------------------------------+
| SLAVE    DE5_1-11.2                                      |
+------------------------------------------------------------+
| Step 1  PHY / Link           PASS                        |
| Step 2  Endpoint / PTP       PASS                        |
| Step 3  WR Handshake         PASS                        |
| Step 4  SoftPLL Startup      PASS                        |
| Step 5  Closed-loop Lock     INFO                        |
| Step 6  Global Time          WAITING                     |
+------------------------------------------------------------+
| Link health                  Link=1  TM=1  RX=1  TX=1 |
| Lock signals                 Helper=1  MainFreq=1  MainPhase=1 |
|                              MainLock=1  PSTAT=1             |
| Global-Time reason           PTP servo offset not yet <60 ps |
| WR PTP servo state           WAIT_OFFSET_STABLE          |
| WR phase offset              3520 ps (target |offset| <60 ps) |
| Global-Time validity         TIME_VALID=0 PPS_VALID=0     |
| Snapshot                     snapshot=0 stable=1 count=0 |
| PPS registers                CR=20000006 EN=0 ESCR=0     |
| PPS register validity        TM=0 PPS=0                  |
| Step5 result                 LOCK_ACQUIRED_NOT_STABLE    |
+------------------------------------------------------------+

Global Time summary (125 MHz reference; 1 cycle = 8 ns)
------------------------------------------------------------
  MASTER  (DE5_1-11.1)
    TAI=75           CYCLES=124999999    VALID
  SLAVE   (DE5_1-11.2)
    TAI=--           CYCLES=--           WAITING (TIME_VALID=0, PPS_VALID=0)
------------------------------------------------------------
Dashboard read complete.
White Rabbit Step 1-6 dashboard  2026-09-30T15:24:49+08:00  (read-only)
Sampling interval: 10s; per-board comparison window: 2000ms

+------------------------------------------------------------+
| MASTER   DE5_1-11.1                                      |
+------------------------------------------------------------+
| Step 1  PHY / Link           PASS                        |
| Step 2  Endpoint / PTP       PASS                        |
| Step 3  WR Handshake         INFO                        |
| Step 4  SoftPLL Startup      PASS                        |
| Step 5  Closed-loop Lock     INFO                        |
| Step 6  Global Time          VALID                       |
+------------------------------------------------------------+
| Link health                  Link=1  TM=1  RX=1  TX=1 |
| Lock signals                 Helper=NA  MainFreq=NA  MainPhase=NA |
|                              MainLock=NA  PSTAT=NA             |
| Global-Time reason           PPS snapshot valid; Step6 gate passed |
| WR PTP servo state           NA                          |
| WR phase offset              NA ps                       |
| Global-Time validity         TIME_VALID=1 PPS_VALID=1     |
| Snapshot                     snapshot=1 stable=1 count=86 |
| PPS registers                CR=20000006 EN=0 ESCR=12    |
| PPS register validity        TM=1 PPS=1                  |
| Step5 result                 NOT_APPLICABLE_MASTER       |
+------------------------------------------------------------+
+------------------------------------------------------------+
| SLAVE    DE5_1-11.2                                      |
+------------------------------------------------------------+
| Step 1  PHY / Link           PASS                        |
| Step 2  Endpoint / PTP       PASS                        |
| Step 3  WR Handshake         PASS                        |
| Step 4  SoftPLL Startup      PASS                        |
| Step 5  Closed-loop Lock     INFO                        |
| Step 6  Global Time          WAITING                     |
+------------------------------------------------------------+
| Link health                  Link=1  TM=1  RX=1  TX=1 |
| Lock signals                 Helper=1  MainFreq=1  MainPhase=1 |
|                              MainLock=1  PSTAT=1             |
| Global-Time reason           PTP servo offset not yet <60 ps |
| WR PTP servo state           WAIT_OFFSET_STABLE          |
| WR phase offset              3248 ps (target |offset| <60 ps) |
| Global-Time validity         TIME_VALID=0 PPS_VALID=0     |
| Snapshot                     snapshot=0 stable=1 count=0 |
| PPS registers                CR=20000006 EN=0 ESCR=0     |
| PPS register validity        TM=0 PPS=0                  |
| Step5 result                 LOCK_ACQUIRED_NOT_STABLE    |
+------------------------------------------------------------+

Global Time summary (125 MHz reference; 1 cycle = 8 ns)
------------------------------------------------------------
  MASTER  (DE5_1-11.1)
    TAI=85           CYCLES=124999999    VALID
  SLAVE   (DE5_1-11.2)
    TAI=--           CYCLES=--           WAITING (TIME_VALID=0, PPS_VALID=0)
------------------------------------------------------------
Dashboard read complete.
White Rabbit Step 1-6 dashboard  2026-09-30T15:24:59+08:00  (read-only)
Sampling interval: 10s; per-board comparison window: 2000ms

+------------------------------------------------------------+
| MASTER   DE5_1-11.1                                      |
+------------------------------------------------------------+
| Step 1  PHY / Link           PASS                        |
| Step 2  Endpoint / PTP       PASS                        |
| Step 3  WR Handshake         INFO                        |
| Step 4  SoftPLL Startup      PASS                        |
| Step 5  Closed-loop Lock     INFO                        |
| Step 6  Global Time          VALID                       |
+------------------------------------------------------------+
| Link health                  Link=1  TM=1  RX=1  TX=1 |
| Lock signals                 Helper=NA  MainFreq=NA  MainPhase=NA |
|                              MainLock=NA  PSTAT=NA             |
| Global-Time reason           PPS snapshot valid; Step6 gate passed |
| WR PTP servo state           NA                          |
| WR phase offset              NA ps                       |
| Global-Time validity         TIME_VALID=1 PPS_VALID=1     |
| Snapshot                     snapshot=1 stable=1 count=96 |
| PPS registers                CR=20000006 EN=0 ESCR=12    |
| PPS register validity        TM=1 PPS=1                  |
| Step5 result                 NOT_APPLICABLE_MASTER       |
+------------------------------------------------------------+
+------------------------------------------------------------+
| SLAVE    DE5_1-11.2                                      |
+------------------------------------------------------------+
| Step 1  PHY / Link           PASS                        |
| Step 2  Endpoint / PTP       PASS                        |
| Step 3  WR Handshake         PASS                        |
| Step 4  SoftPLL Startup      PASS                        |
| Step 5  Closed-loop Lock     INFO                        |
| Step 6  Global Time          WAITING                     |
+------------------------------------------------------------+
| Link health                  Link=1  TM=1  RX=1  TX=1 |
| Lock signals                 Helper=1  MainFreq=1  MainPhase=1 |
|                              MainLock=1  PSTAT=1             |
| Global-Time reason           PTP servo offset not yet <60 ps |
| WR PTP servo state           WAIT_OFFSET_STABLE          |
| WR phase offset              2607 ps (target |offset| <60 ps) |
| Global-Time validity         TIME_VALID=0 PPS_VALID=0     |
| Snapshot                     snapshot=0 stable=1 count=0 |
| PPS registers                CR=20000006 EN=0 ESCR=0     |
| PPS register validity        TM=0 PPS=0                  |
| Step5 result                 LOCK_ACQUIRED_NOT_STABLE    |
+------------------------------------------------------------+

Global Time summary (125 MHz reference; 1 cycle = 8 ns)
------------------------------------------------------------
  MASTER  (DE5_1-11.1)
    TAI=95           CYCLES=124999999    VALID
  SLAVE   (DE5_1-11.2)
    TAI=--           CYCLES=--           WAITING (TIME_VALID=0, PPS_VALID=0)
------------------------------------------------------------
Dashboard read complete.
White Rabbit Step 1-6 dashboard  2026-09-30T15:25:09+08:00  (read-only)
Sampling interval: 10s; per-board comparison window: 2000ms

+------------------------------------------------------------+
| MASTER   DE5_1-11.1                                      |
+------------------------------------------------------------+
| Step 1  PHY / Link           PASS                        |
| Step 2  Endpoint / PTP       PASS                        |
| Step 3  WR Handshake         INFO                        |
| Step 4  SoftPLL Startup      PASS                        |
| Step 5  Closed-loop Lock     INFO                        |
| Step 6  Global Time          VALID                       |
+------------------------------------------------------------+
| Link health                  Link=1  TM=1  RX=1  TX=1 |
| Lock signals                 Helper=NA  MainFreq=NA  MainPhase=NA |
|                              MainLock=NA  PSTAT=NA             |
| Global-Time reason           PPS snapshot valid; Step6 gate passed |
| WR PTP servo state           NA                          |
| WR phase offset              NA ps                       |
| Global-Time validity         TIME_VALID=1 PPS_VALID=1     |
| Snapshot                     snapshot=1 stable=1 count=106 |
| PPS registers                CR=20000006 EN=0 ESCR=12    |
| PPS register validity        TM=1 PPS=1                  |
| Step5 result                 NOT_APPLICABLE_MASTER       |
+------------------------------------------------------------+
+------------------------------------------------------------+
| SLAVE    DE5_1-11.2                                      |
+------------------------------------------------------------+
| Step 1  PHY / Link           PASS                        |
| Step 2  Endpoint / PTP       PASS                        |
| Step 3  WR Handshake         PASS                        |
| Step 4  SoftPLL Startup      PASS                        |
| Step 5  Closed-loop Lock     INFO                        |
| Step 6  Global Time          WAITING                     |
+------------------------------------------------------------+
| Link health                  Link=1  TM=1  RX=1  TX=1 |
| Lock signals                 Helper=1  MainFreq=1  MainPhase=1 |
|                              MainLock=1  PSTAT=1             |
| Global-Time reason           PTP servo offset not yet <60 ps |
| WR PTP servo state           WAIT_OFFSET_STABLE          |
| WR phase offset              -1989 ps (target |offset| <60 ps) |
| Global-Time validity         TIME_VALID=0 PPS_VALID=0     |
| Snapshot                     snapshot=0 stable=1 count=0 |
| PPS registers                CR=20000006 EN=0 ESCR=0     |
| PPS register validity        TM=0 PPS=0                  |
| Step5 result                 LOCK_ACQUIRED_NOT_STABLE    |
+------------------------------------------------------------+

Global Time summary (125 MHz reference; 1 cycle = 8 ns)
------------------------------------------------------------
  MASTER  (DE5_1-11.1)
    TAI=105          CYCLES=124999999    VALID
  SLAVE   (DE5_1-11.2)
    TAI=--           CYCLES=--           WAITING (TIME_VALID=0, PPS_VALID=0)
------------------------------------------------------------
Dashboard read complete.
White Rabbit Step 1-6 dashboard  2026-09-30T15:25:19+08:00  (read-only)
Sampling interval: 10s; per-board comparison window: 2000ms

+------------------------------------------------------------+
| MASTER   DE5_1-11.1                                      |
+------------------------------------------------------------+
| Step 1  PHY / Link           PASS                        |
| Step 2  Endpoint / PTP       PASS                        |
| Step 3  WR Handshake         INFO                        |
| Step 4  SoftPLL Startup      PASS                        |
| Step 5  Closed-loop Lock     INFO                        |
| Step 6  Global Time          VALID                       |
+------------------------------------------------------------+
| Link health                  Link=1  TM=1  RX=1  TX=1 |
| Lock signals                 Helper=NA  MainFreq=NA  MainPhase=NA |
|                              MainLock=NA  PSTAT=NA             |
| Global-Time reason           PPS snapshot valid; Step6 gate passed |
| WR PTP servo state           NA                          |
| WR phase offset              NA ps                       |
| Global-Time validity         TIME_VALID=1 PPS_VALID=1     |
| Snapshot                     snapshot=1 stable=1 count=116 |
| PPS registers                CR=20000006 EN=0 ESCR=12    |
| PPS register validity        TM=1 PPS=1                  |
| Step5 result                 NOT_APPLICABLE_MASTER       |
+------------------------------------------------------------+
+------------------------------------------------------------+
| SLAVE    DE5_1-11.2                                      |
+------------------------------------------------------------+
| Step 1  PHY / Link           PASS                        |
| Step 2  Endpoint / PTP       PASS                        |
| Step 3  WR Handshake         PASS                        |
| Step 4  SoftPLL Startup      PASS                        |
| Step 5  Closed-loop Lock     INFO                        |
| Step 6  Global Time          WAITING                     |
+------------------------------------------------------------+
| Link health                  Link=1  TM=1  RX=1  TX=1 |
| Lock signals                 Helper=1  MainFreq=1  MainPhase=1 |
|                              MainLock=1  PSTAT=1             |
| Global-Time reason           PTP servo offset not yet <60 ps |
| WR PTP servo state           SYNC_PHASE                  |
| WR phase offset              2313 ps (target |offset| <60 ps) |
| Global-Time validity         TIME_VALID=0 PPS_VALID=0     |
| Snapshot                     snapshot=0 stable=1 count=0 |
| PPS registers                CR=20000006 EN=0 ESCR=0     |
| PPS register validity        TM=0 PPS=0                  |
| Step5 result                 LOCK_ACQUIRED_NOT_STABLE    |
+------------------------------------------------------------+

Global Time summary (125 MHz reference; 1 cycle = 8 ns)
------------------------------------------------------------
  MASTER  (DE5_1-11.1)
    TAI=115          CYCLES=124999999    VALID
  SLAVE   (DE5_1-11.2)
    TAI=--           CYCLES=--           WAITING (TIME_VALID=0, PPS_VALID=0)
------------------------------------------------------------
Dashboard read complete.
White Rabbit Step 1-6 dashboard  2026-09-30T15:25:29+08:00  (read-only)
Sampling interval: 10s; per-board comparison window: 2000ms

+------------------------------------------------------------+
| MASTER   DE5_1-11.1                                      |
+------------------------------------------------------------+
| Step 1  PHY / Link           PASS                        |
| Step 2  Endpoint / PTP       PASS                        |
| Step 3  WR Handshake         INFO                        |
| Step 4  SoftPLL Startup      PASS                        |
| Step 5  Closed-loop Lock     INFO                        |
| Step 6  Global Time          VALID                       |
+------------------------------------------------------------+
| Link health                  Link=1  TM=1  RX=1  TX=1 |
| Lock signals                 Helper=NA  MainFreq=NA  MainPhase=NA |
|                              MainLock=NA  PSTAT=NA             |
| Global-Time reason           PPS snapshot valid; Step6 gate passed |
| WR PTP servo state           NA                          |
| WR phase offset              NA ps                       |
| Global-Time validity         TIME_VALID=1 PPS_VALID=1     |
| Snapshot                     snapshot=1 stable=1 count=126 |
| PPS registers                CR=20000006 EN=0 ESCR=12    |
| PPS register validity        TM=1 PPS=1                  |
| Step5 result                 NOT_APPLICABLE_MASTER       |
+------------------------------------------------------------+
+------------------------------------------------------------+
| SLAVE    DE5_1-11.2                                      |
+------------------------------------------------------------+
| Step 1  PHY / Link           PASS                        |
| Step 2  Endpoint / PTP       PASS                        |
| Step 3  WR Handshake         PASS                        |
| Step 4  SoftPLL Startup      PASS                        |
| Step 5  Closed-loop Lock     INFO                        |
| Step 6  Global Time          WAITING                     |
+------------------------------------------------------------+
| Link health                  Link=1  TM=1  RX=1  TX=1 |
| Lock signals                 Helper=1  MainFreq=1  MainPhase=1 |
|                              MainLock=1  PSTAT=1             |
| Global-Time reason           PTP servo offset not yet <60 ps |
| WR PTP servo state           WAIT_OFFSET_STABLE          |
| WR phase offset              -2041 ps (target |offset| <60 ps) |
| Global-Time validity         TIME_VALID=0 PPS_VALID=0     |
| Snapshot                     snapshot=0 stable=1 count=0 |
| PPS registers                CR=20000006 EN=0 ESCR=0     |
| PPS register validity        TM=0 PPS=0                  |
| Step5 result                 LOCK_ACQUIRED_NOT_STABLE    |
+------------------------------------------------------------+

Global Time summary (125 MHz reference; 1 cycle = 8 ns)
------------------------------------------------------------
  MASTER  (DE5_1-11.1)
    TAI=125          CYCLES=124999999    VALID
  SLAVE   (DE5_1-11.2)
    TAI=--           CYCLES=--           WAITING (TIME_VALID=0, PPS_VALID=0)
------------------------------------------------------------
Dashboard read complete.
White Rabbit Step 1-6 dashboard  2026-09-30T15:25:39+08:00  (read-only)
Sampling interval: 10s; per-board comparison window: 2000ms

+------------------------------------------------------------+
| MASTER   DE5_1-11.1                                      |
+------------------------------------------------------------+
| Step 1  PHY / Link           PASS                        |
| Step 2  Endpoint / PTP       PASS                        |
| Step 3  WR Handshake         INFO                        |
| Step 4  SoftPLL Startup      PASS                        |
| Step 5  Closed-loop Lock     INFO                        |
| Step 6  Global Time          VALID                       |
+------------------------------------------------------------+
| Link health                  Link=1  TM=1  RX=1  TX=1 |
| Lock signals                 Helper=NA  MainFreq=NA  MainPhase=NA |
|                              MainLock=NA  PSTAT=NA             |
| Global-Time reason           PPS snapshot valid; Step6 gate passed |
| WR PTP servo state           NA                          |
| WR phase offset              NA ps                       |
| Global-Time validity         TIME_VALID=1 PPS_VALID=1     |
| Snapshot                     snapshot=1 stable=1 count=136 |
| PPS registers                CR=20000006 EN=0 ESCR=12    |
| PPS register validity        TM=1 PPS=1                  |
| Step5 result                 NOT_APPLICABLE_MASTER       |
+------------------------------------------------------------+
+------------------------------------------------------------+
| SLAVE    DE5_1-11.2                                      |
+------------------------------------------------------------+
| Step 1  PHY / Link           PASS                        |
| Step 2  Endpoint / PTP       PASS                        |
| Step 3  WR Handshake         PASS                        |
| Step 4  SoftPLL Startup      PASS                        |
| Step 5  Closed-loop Lock     INFO                        |
| Step 6  Global Time          WAITING                     |
+------------------------------------------------------------+
| Link health                  Link=1  TM=1  RX=1  TX=1 |
| Lock signals                 Helper=1  MainFreq=1  MainPhase=1 |
|                              MainLock=1  PSTAT=1             |
| Global-Time reason           PTP servo offset not yet <60 ps |
| WR PTP servo state           WAIT_OFFSET_STABLE          |
| WR phase offset              2372 ps (target |offset| <60 ps) |
| Global-Time validity         TIME_VALID=0 PPS_VALID=0     |
| Snapshot                     snapshot=0 stable=1 count=0 |
| PPS registers                CR=20000006 EN=0 ESCR=0     |
| PPS register validity        TM=0 PPS=0                  |
| Step5 result                 LOCK_ACQUIRED_NOT_STABLE    |
+------------------------------------------------------------+

Global Time summary (125 MHz reference; 1 cycle = 8 ns)
------------------------------------------------------------
  MASTER  (DE5_1-11.1)
    TAI=135          CYCLES=124999999    VALID
  SLAVE   (DE5_1-11.2)
    TAI=--           CYCLES=--           WAITING (TIME_VALID=0, PPS_VALID=0)
------------------------------------------------------------
Dashboard read complete.
White Rabbit Step 1-6 dashboard  2026-09-30T15:25:49+08:00  (read-only)
Sampling interval: 10s; per-board comparison window: 2000ms

+------------------------------------------------------------+
| MASTER   DE5_1-11.1                                      |
+------------------------------------------------------------+
| Step 1  PHY / Link           PASS                        |
| Step 2  Endpoint / PTP       PASS                        |
| Step 3  WR Handshake         INFO                        |
| Step 4  SoftPLL Startup      PASS                        |
| Step 5  Closed-loop Lock     INFO                        |
| Step 6  Global Time          VALID                       |
+------------------------------------------------------------+
| Link health                  Link=1  TM=1  RX=1  TX=1 |
| Lock signals                 Helper=NA  MainFreq=NA  MainPhase=NA |
|                              MainLock=NA  PSTAT=NA             |
| Global-Time reason           PPS snapshot valid; Step6 gate passed |
| WR PTP servo state           NA                          |
| WR phase offset              NA ps                       |
| Global-Time validity         TIME_VALID=1 PPS_VALID=1     |
| Snapshot                     snapshot=1 stable=1 count=146 |
| PPS registers                CR=20000006 EN=0 ESCR=12    |
| PPS register validity        TM=1 PPS=1                  |
| Step5 result                 NOT_APPLICABLE_MASTER       |
+------------------------------------------------------------+
+------------------------------------------------------------+
| SLAVE    DE5_1-11.2                                      |
+------------------------------------------------------------+
| Step 1  PHY / Link           PASS                        |
| Step 2  Endpoint / PTP       PASS                        |
| Step 3  WR Handshake         PASS                        |
| Step 4  SoftPLL Startup      PASS                        |
| Step 5  Closed-loop Lock     INFO                        |
| Step 6  Global Time          WAITING                     |
+------------------------------------------------------------+
| Link health                  Link=1  TM=1  RX=1  TX=1 |
| Lock signals                 Helper=1  MainFreq=1  MainPhase=1 |
|                              MainLock=1  PSTAT=1             |
| Global-Time reason           PTP servo offset not yet <60 ps |
| WR PTP servo state           WAIT_OFFSET_STABLE          |
| WR phase offset              -2158 ps (target |offset| <60 ps) |
| Global-Time validity         TIME_VALID=0 PPS_VALID=0     |
| Snapshot                     snapshot=0 stable=1 count=0 |
| PPS registers                CR=20000006 EN=0 ESCR=0     |
| PPS register validity        TM=0 PPS=0                  |
| Step5 result                 LOCK_ACQUIRED_NOT_STABLE    |
+------------------------------------------------------------+

Global Time summary (125 MHz reference; 1 cycle = 8 ns)
------------------------------------------------------------
  MASTER  (DE5_1-11.1)
    TAI=145          CYCLES=124999999    VALID
  SLAVE   (DE5_1-11.2)
    TAI=--           CYCLES=--           WAITING (TIME_VALID=0, PPS_VALID=0)
------------------------------------------------------------
Dashboard read complete.
White Rabbit Step 1-6 dashboard  2026-09-30T15:25:59+08:00  (read-only)
Sampling interval: 10s; per-board comparison window: 2000ms

+------------------------------------------------------------+
| MASTER   DE5_1-11.1                                      |
+------------------------------------------------------------+
| Step 1  PHY / Link           PASS                        |
| Step 2  Endpoint / PTP       PASS                        |
| Step 3  WR Handshake         INFO                        |
| Step 4  SoftPLL Startup      PASS                        |
| Step 5  Closed-loop Lock     INFO                        |
| Step 6  Global Time          VALID                       |
+------------------------------------------------------------+
| Link health                  Link=1  TM=1  RX=1  TX=1 |
| Lock signals                 Helper=NA  MainFreq=NA  MainPhase=NA |
|                              MainLock=NA  PSTAT=NA             |
| Global-Time reason           PPS snapshot valid; Step6 gate passed |
| WR PTP servo state           NA                          |
| WR phase offset              NA ps                       |
| Global-Time validity         TIME_VALID=1 PPS_VALID=1     |
| Snapshot                     snapshot=1 stable=1 count=156 |
| PPS registers                CR=20000006 EN=0 ESCR=12    |
| PPS register validity        TM=1 PPS=1                  |
| Step5 result                 NOT_APPLICABLE_MASTER       |
+------------------------------------------------------------+
+------------------------------------------------------------+
| SLAVE    DE5_1-11.2                                      |
+------------------------------------------------------------+
| Step 1  PHY / Link           PASS                        |
| Step 2  Endpoint / PTP       PASS                        |
| Step 3  WR Handshake         PASS                        |
| Step 4  SoftPLL Startup      PASS                        |
| Step 5  Closed-loop Lock     INFO                        |
| Step 6  Global Time          WAITING                     |
+------------------------------------------------------------+
| Link health                  Link=1  TM=1  RX=1  TX=1 |
| Lock signals                 Helper=1  MainFreq=1  MainPhase=1 |
|                              MainLock=1  PSTAT=1             |
| Global-Time reason           PTP servo offset not yet <60 ps |
| WR PTP servo state           WAIT_OFFSET_STABLE          |
| WR phase offset              2374 ps (target |offset| <60 ps) |
| Global-Time validity         TIME_VALID=0 PPS_VALID=0     |
| Snapshot                     snapshot=0 stable=1 count=0 |
| PPS registers                CR=20000006 EN=0 ESCR=0     |
| PPS register validity        TM=0 PPS=0                  |
| Step5 result                 LOCK_ACQUIRED_NOT_STABLE    |
+------------------------------------------------------------+

Global Time summary (125 MHz reference; 1 cycle = 8 ns)
------------------------------------------------------------
  MASTER  (DE5_1-11.1)
    TAI=155          CYCLES=124999999    VALID
  SLAVE   (DE5_1-11.2)
    TAI=--           CYCLES=--           WAITING (TIME_VALID=0, PPS_VALID=0)
------------------------------------------------------------
Dashboard read complete.
White Rabbit Step 1-6 dashboard  2026-09-30T15:26:09+08:00  (read-only)
Sampling interval: 10s; per-board comparison window: 2000ms

+------------------------------------------------------------+
| MASTER   DE5_1-11.1                                      |
+------------------------------------------------------------+
| Step 1  PHY / Link           PASS                        |
| Step 2  Endpoint / PTP       PASS                        |
| Step 3  WR Handshake         INFO                        |
| Step 4  SoftPLL Startup      PASS                        |
| Step 5  Closed-loop Lock     INFO                        |
| Step 6  Global Time          VALID                       |
+------------------------------------------------------------+
| Link health                  Link=1  TM=1  RX=1  TX=1 |
| Lock signals                 Helper=NA  MainFreq=NA  MainPhase=NA |
|                              MainLock=NA  PSTAT=NA             |
| Global-Time reason           PPS snapshot valid; Step6 gate passed |
| WR PTP servo state           NA                          |
| WR phase offset              NA ps                       |
| Global-Time validity         TIME_VALID=1 PPS_VALID=1     |
| Snapshot                     snapshot=1 stable=1 count=166 |
| PPS registers                CR=20000006 EN=0 ESCR=12    |
| PPS register validity        TM=1 PPS=1                  |
| Step5 result                 NOT_APPLICABLE_MASTER       |
+------------------------------------------------------------+
+------------------------------------------------------------+
| SLAVE    DE5_1-11.2                                      |
+------------------------------------------------------------+
| Step 1  PHY / Link           PASS                        |
| Step 2  Endpoint / PTP       PASS                        |
| Step 3  WR Handshake         PASS                        |
| Step 4  SoftPLL Startup      PASS                        |
| Step 5  Closed-loop Lock     INFO                        |
| Step 6  Global Time          WAITING                     |
+------------------------------------------------------------+
| Link health                  Link=1  TM=1  RX=1  TX=1 |
| Lock signals                 Helper=1  MainFreq=1  MainPhase=1 |
|                              MainLock=1  PSTAT=1             |
| Global-Time reason           PTP servo offset not yet <60 ps |
| WR PTP servo state           WAIT_OFFSET_STABLE          |
| WR phase offset              -2084 ps (target |offset| <60 ps) |
| Global-Time validity         TIME_VALID=0 PPS_VALID=0     |
| Snapshot                     snapshot=0 stable=1 count=0 |
| PPS registers                CR=20000006 EN=0 ESCR=0     |
| PPS register validity        TM=0 PPS=0                  |
| Step5 result                 LOCK_ACQUIRED_NOT_STABLE    |
+------------------------------------------------------------+

Global Time summary (125 MHz reference; 1 cycle = 8 ns)
------------------------------------------------------------
  MASTER  (DE5_1-11.1)
    TAI=165          CYCLES=124999999    VALID
  SLAVE   (DE5_1-11.2)
    TAI=--           CYCLES=--           WAITING (TIME_VALID=0, PPS_VALID=0)
------------------------------------------------------------
Dashboard read complete.
White Rabbit Step 1-6 dashboard  2026-09-30T15:26:19+08:00  (read-only)
Sampling interval: 10s; per-board comparison window: 2000ms

+------------------------------------------------------------+
| MASTER   DE5_1-11.1                                      |
+------------------------------------------------------------+
| Step 1  PHY / Link           PASS                        |
| Step 2  Endpoint / PTP       PASS                        |
| Step 3  WR Handshake         INFO                        |
| Step 4  SoftPLL Startup      PASS                        |
| Step 5  Closed-loop Lock     INFO                        |
| Step 6  Global Time          VALID                       |
+------------------------------------------------------------+
| Link health                  Link=1  TM=1  RX=1  TX=1 |
| Lock signals                 Helper=NA  MainFreq=NA  MainPhase=NA |
|                              MainLock=NA  PSTAT=NA             |
| Global-Time reason           PPS snapshot valid; Step6 gate passed |
| WR PTP servo state           NA                          |
| WR phase offset              NA ps                       |
| Global-Time validity         TIME_VALID=1 PPS_VALID=1     |
| Snapshot                     snapshot=1 stable=1 count=176 |
| PPS registers                CR=20000006 EN=0 ESCR=12    |
| PPS register validity        TM=1 PPS=1                  |
| Step5 result                 NOT_APPLICABLE_MASTER       |
+------------------------------------------------------------+
+------------------------------------------------------------+
| SLAVE    DE5_1-11.2                                      |
+------------------------------------------------------------+
| Step 1  PHY / Link           PASS                        |
| Step 2  Endpoint / PTP       PASS                        |
| Step 3  WR Handshake         PASS                        |
| Step 4  SoftPLL Startup      PASS                        |
| Step 5  Closed-loop Lock     INFO                        |
| Step 6  Global Time          WAITING                     |
+------------------------------------------------------------+
| Link health                  Link=1  TM=1  RX=1  TX=1 |
| Lock signals                 Helper=1  MainFreq=1  MainPhase=1 |
|                              MainLock=1  PSTAT=1             |
| Global-Time reason           PTP servo offset not yet <60 ps |
| WR PTP servo state           WAIT_OFFSET_STABLE          |
| WR phase offset              2335 ps (target |offset| <60 ps) |
| Global-Time validity         TIME_VALID=0 PPS_VALID=0     |
| Snapshot                     snapshot=0 stable=1 count=0 |
| PPS registers                CR=20000006 EN=0 ESCR=0     |
| PPS register validity        TM=0 PPS=0                  |
| Step5 result                 LOCK_ACQUIRED_NOT_STABLE    |
+------------------------------------------------------------+

Global Time summary (125 MHz reference; 1 cycle = 8 ns)
------------------------------------------------------------
  MASTER  (DE5_1-11.1)
    TAI=175          CYCLES=124999999    VALID
  SLAVE   (DE5_1-11.2)
    TAI=--           CYCLES=--           WAITING (TIME_VALID=0, PPS_VALID=0)
------------------------------------------------------------
Dashboard read complete.
White Rabbit Step 1-6 dashboard  2026-09-30T15:26:29+08:00  (read-only)
Sampling interval: 10s; per-board comparison window: 2000ms

+------------------------------------------------------------+
| MASTER   DE5_1-11.1                                      |
+------------------------------------------------------------+
| Step 1  PHY / Link           PASS                        |
| Step 2  Endpoint / PTP       PASS                        |
| Step 3  WR Handshake         INFO                        |
| Step 4  SoftPLL Startup      PASS                        |
| Step 5  Closed-loop Lock     INFO                        |
| Step 6  Global Time          VALID                       |
+------------------------------------------------------------+
| Link health                  Link=1  TM=1  RX=1  TX=1 |
| Lock signals                 Helper=NA  MainFreq=NA  MainPhase=NA |
|                              MainLock=NA  PSTAT=NA             |
| Global-Time reason           PPS snapshot valid; Step6 gate passed |
| WR PTP servo state           NA                          |
| WR phase offset              NA ps                       |
| Global-Time validity         TIME_VALID=1 PPS_VALID=1     |
| Snapshot                     snapshot=1 stable=1 count=186 |
| PPS registers                CR=20000006 EN=0 ESCR=12    |
| PPS register validity        TM=1 PPS=1                  |
| Step5 result                 NOT_APPLICABLE_MASTER       |
+------------------------------------------------------------+
+------------------------------------------------------------+
| SLAVE    DE5_1-11.2                                      |
+------------------------------------------------------------+
| Step 1  PHY / Link           PASS                        |
| Step 2  Endpoint / PTP       PASS                        |
| Step 3  WR Handshake         PASS                        |
| Step 4  SoftPLL Startup      PASS                        |
| Step 5  Closed-loop Lock     INFO                        |
| Step 6  Global Time          WAITING                     |
+------------------------------------------------------------+
| Link health                  Link=1  TM=1  RX=1  TX=1 |
| Lock signals                 Helper=1  MainFreq=1  MainPhase=1 |
|                              MainLock=1  PSTAT=1             |
| Global-Time reason           PTP servo offset not yet <60 ps |
| WR PTP servo state           WAIT_OFFSET_STABLE          |
| WR phase offset              -2051 ps (target |offset| <60 ps) |
| Global-Time validity         TIME_VALID=0 PPS_VALID=0     |
| Snapshot                     snapshot=0 stable=1 count=0 |
| PPS registers                CR=20000006 EN=0 ESCR=0     |
| PPS register validity        TM=0 PPS=0                  |
| Step5 result                 LOCK_ACQUIRED_NOT_STABLE    |
+------------------------------------------------------------+

Global Time summary (125 MHz reference; 1 cycle = 8 ns)
------------------------------------------------------------
  MASTER  (DE5_1-11.1)
    TAI=185          CYCLES=124999999    VALID
  SLAVE   (DE5_1-11.2)
    TAI=--           CYCLES=--           WAITING (TIME_VALID=0, PPS_VALID=0)
------------------------------------------------------------
Dashboard read complete.
White Rabbit Step 1-6 dashboard  2026-09-30T15:26:39+08:00  (read-only)
Sampling interval: 10s; per-board comparison window: 2000ms

+------------------------------------------------------------+
| MASTER   DE5_1-11.1                                      |
+------------------------------------------------------------+
| Step 1  PHY / Link           PASS                        |
| Step 2  Endpoint / PTP       PASS                        |
| Step 3  WR Handshake         INFO                        |
| Step 4  SoftPLL Startup      PASS                        |
| Step 5  Closed-loop Lock     INFO                        |
| Step 6  Global Time          VALID                       |
+------------------------------------------------------------+
| Link health                  Link=1  TM=1  RX=1  TX=1 |
| Lock signals                 Helper=NA  MainFreq=NA  MainPhase=NA |
|                              MainLock=NA  PSTAT=NA             |
| Global-Time reason           PPS snapshot valid; Step6 gate passed |
| WR PTP servo state           NA                          |
| WR phase offset              NA ps                       |
| Global-Time validity         TIME_VALID=1 PPS_VALID=1     |
| Snapshot                     snapshot=1 stable=1 count=196 |
| PPS registers                CR=20000006 EN=0 ESCR=140   |
| PPS register validity        TM=1 PPS=1                  |
| Step5 result                 NOT_APPLICABLE_MASTER       |
+------------------------------------------------------------+
+------------------------------------------------------------+
| SLAVE    DE5_1-11.2                                      |
+------------------------------------------------------------+
| Step 1  PHY / Link           PASS                        |
| Step 2  Endpoint / PTP       PASS                        |
| Step 3  WR Handshake         PASS                        |
| Step 4  SoftPLL Startup      PASS                        |
| Step 5  Closed-loop Lock     INFO                        |
| Step 6  Global Time          WAITING                     |
+------------------------------------------------------------+
| Link health                  Link=1  TM=1  RX=1  TX=1 |
| Lock signals                 Helper=1  MainFreq=1  MainPhase=1 |
|                              MainLock=1  PSTAT=1             |
| Global-Time reason           PTP servo offset not yet <60 ps |
| WR PTP servo state           WAIT_OFFSET_STABLE          |
| WR phase offset              -1775 ps (target |offset| <60 ps) |
| Global-Time validity         TIME_VALID=0 PPS_VALID=0     |
| Snapshot                     snapshot=0 stable=1 count=0 |
| PPS registers                CR=20000006 EN=0 ESCR=0     |
| PPS register validity        TM=0 PPS=0                  |
| Step5 result                 LOCK_ACQUIRED_NOT_STABLE    |
+------------------------------------------------------------+

Global Time summary (125 MHz reference; 1 cycle = 8 ns)
------------------------------------------------------------
  MASTER  (DE5_1-11.1)
    TAI=195          CYCLES=124999999    VALID
  SLAVE   (DE5_1-11.2)
    TAI=--           CYCLES=--           WAITING (TIME_VALID=0, PPS_VALID=0)
------------------------------------------------------------
Dashboard read complete.
White Rabbit Step 1-6 dashboard  2026-09-30T15:26:49+08:00  (read-only)
Sampling interval: 10s; per-board comparison window: 2000ms

+------------------------------------------------------------+
| MASTER   DE5_1-11.1                                      |
+------------------------------------------------------------+
| Step 1  PHY / Link           PASS                        |
| Step 2  Endpoint / PTP       PASS                        |
| Step 3  WR Handshake         INFO                        |
| Step 4  SoftPLL Startup      PASS                        |
| Step 5  Closed-loop Lock     INFO                        |
| Step 6  Global Time          VALID                       |
+------------------------------------------------------------+
| Link health                  Link=1  TM=1  RX=1  TX=1 |
| Lock signals                 Helper=NA  MainFreq=NA  MainPhase=NA |
|                              MainLock=NA  PSTAT=NA             |
| Global-Time reason           PPS snapshot valid; Step6 gate passed |
| WR PTP servo state           NA                          |
| WR phase offset              NA ps                       |
| Global-Time validity         TIME_VALID=1 PPS_VALID=1     |
| Snapshot                     snapshot=1 stable=1 count=206 |
| PPS registers                CR=20000006 EN=0 ESCR=12    |
| PPS register validity        TM=1 PPS=1                  |
| Step5 result                 NOT_APPLICABLE_MASTER       |
+------------------------------------------------------------+
+------------------------------------------------------------+
| SLAVE    DE5_1-11.2                                      |
+------------------------------------------------------------+
| Step 1  PHY / Link           PASS                        |
| Step 2  Endpoint / PTP       PASS                        |
| Step 3  WR Handshake         PASS                        |
| Step 4  SoftPLL Startup      PASS                        |
| Step 5  Closed-loop Lock     INFO                        |
| Step 6  Global Time          WAITING                     |
+------------------------------------------------------------+
| Link health                  Link=1  TM=1  RX=1  TX=1 |
| Lock signals                 Helper=1  MainFreq=1  MainPhase=1 |
|                              MainLock=1  PSTAT=1             |
| Global-Time reason           PTP servo offset not yet <60 ps |
| WR PTP servo state           WAIT_OFFSET_STABLE          |
| WR phase offset              -2342 ps (target |offset| <60 ps) |
| Global-Time validity         TIME_VALID=0 PPS_VALID=0     |
| Snapshot                     snapshot=0 stable=1 count=0 |
| PPS registers                CR=20000006 EN=0 ESCR=0     |
| PPS register validity        TM=0 PPS=0                  |
| Step5 result                 LOCK_ACQUIRED_NOT_STABLE    |
+------------------------------------------------------------+

Global Time summary (125 MHz reference; 1 cycle = 8 ns)
------------------------------------------------------------
  MASTER  (DE5_1-11.1)
    TAI=205          CYCLES=124999999    VALID
  SLAVE   (DE5_1-11.2)
    TAI=--           CYCLES=--           WAITING (TIME_VALID=0, PPS_VALID=0)
------------------------------------------------------------
Dashboard read complete.
White Rabbit Step 1-6 dashboard  2026-09-30T15:26:59+08:00  (read-only)
Sampling interval: 10s; per-board comparison window: 2000ms

+------------------------------------------------------------+
| MASTER   DE5_1-11.1                                      |
+------------------------------------------------------------+
| Step 1  PHY / Link           PASS                        |
| Step 2  Endpoint / PTP       PASS                        |
| Step 3  WR Handshake         INFO                        |
| Step 4  SoftPLL Startup      PASS                        |
| Step 5  Closed-loop Lock     INFO                        |
| Step 6  Global Time          VALID                       |
+------------------------------------------------------------+
| Link health                  Link=1  TM=1  RX=1  TX=1 |
| Lock signals                 Helper=NA  MainFreq=NA  MainPhase=NA |
|                              MainLock=NA  PSTAT=NA             |
| Global-Time reason           PPS snapshot valid; Step6 gate passed |
| WR PTP servo state           NA                          |
| WR phase offset              NA ps                       |
| Global-Time validity         TIME_VALID=1 PPS_VALID=1     |
| Snapshot                     snapshot=1 stable=1 count=216 |
| PPS registers                CR=20000006 EN=0 ESCR=12    |
| PPS register validity        TM=1 PPS=1                  |
| Step5 result                 NOT_APPLICABLE_MASTER       |
+------------------------------------------------------------+
+------------------------------------------------------------+
| SLAVE    DE5_1-11.2                                      |
+------------------------------------------------------------+
| Step 1  PHY / Link           PASS                        |
| Step 2  Endpoint / PTP       PASS                        |
| Step 3  WR Handshake         PASS                        |
| Step 4  SoftPLL Startup      PASS                        |
| Step 5  Closed-loop Lock     INFO                        |
| Step 6  Global Time          WAITING                     |
+------------------------------------------------------------+
| Link health                  Link=1  TM=1  RX=1  TX=1 |
| Lock signals                 Helper=1  MainFreq=1  MainPhase=1 |
|                              MainLock=1  PSTAT=1             |
| Global-Time reason           PTP servo offset not yet <60 ps |
| WR PTP servo state           WAIT_OFFSET_STABLE          |
| WR phase offset              -2130 ps (target |offset| <60 ps) |
| Global-Time validity         TIME_VALID=0 PPS_VALID=0     |
| Snapshot                     snapshot=0 stable=1 count=0 |
| PPS registers                CR=20000006 EN=0 ESCR=0     |
| PPS register validity        TM=0 PPS=0                  |
| Step5 result                 LOCK_ACQUIRED_NOT_STABLE    |
+------------------------------------------------------------+

Global Time summary (125 MHz reference; 1 cycle = 8 ns)
------------------------------------------------------------
  MASTER  (DE5_1-11.1)
    TAI=215          CYCLES=124999999    VALID
  SLAVE   (DE5_1-11.2)
    TAI=--           CYCLES=--           WAITING (TIME_VALID=0, PPS_VALID=0)
------------------------------------------------------------
Dashboard read complete.
White Rabbit Step 1-6 dashboard  2026-09-30T15:27:09+08:00  (read-only)
Sampling interval: 10s; per-board comparison window: 2000ms

+------------------------------------------------------------+
| MASTER   DE5_1-11.1                                      |
+------------------------------------------------------------+
| Step 1  PHY / Link           PASS                        |
| Step 2  Endpoint / PTP       PASS                        |
| Step 3  WR Handshake         INFO                        |
| Step 4  SoftPLL Startup      PASS                        |
| Step 5  Closed-loop Lock     INFO                        |
| Step 6  Global Time          VALID                       |
+------------------------------------------------------------+
| Link health                  Link=1  TM=1  RX=1  TX=1 |
| Lock signals                 Helper=NA  MainFreq=NA  MainPhase=NA |
|                              MainLock=NA  PSTAT=NA             |
| Global-Time reason           PPS snapshot valid; Step6 gate passed |
| WR PTP servo state           NA                          |
| WR phase offset              NA ps                       |
| Global-Time validity         TIME_VALID=1 PPS_VALID=1     |
| Snapshot                     snapshot=1 stable=1 count=226 |
| PPS registers                CR=20000006 EN=0 ESCR=12    |
| PPS register validity        TM=1 PPS=1                  |
| Step5 result                 NOT_APPLICABLE_MASTER       |
+------------------------------------------------------------+
+------------------------------------------------------------+
| SLAVE    DE5_1-11.2                                      |
+------------------------------------------------------------+
| Step 1  PHY / Link           PASS                        |
| Step 2  Endpoint / PTP       PASS                        |
| Step 3  WR Handshake         PASS                        |
| Step 4  SoftPLL Startup      PASS                        |
| Step 5  Closed-loop Lock     INFO                        |
| Step 6  Global Time          WAITING                     |
+------------------------------------------------------------+
| Link health                  Link=1  TM=1  RX=1  TX=1 |
| Lock signals                 Helper=1  MainFreq=1  MainPhase=1 |
|                              MainLock=1  PSTAT=1             |
| Global-Time reason           PTP servo offset not yet <60 ps |
| WR PTP servo state           WAIT_OFFSET_STABLE          |
| WR phase offset              2222 ps (target |offset| <60 ps) |
| Global-Time validity         TIME_VALID=0 PPS_VALID=0     |
| Snapshot                     snapshot=0 stable=1 count=0 |
| PPS registers                CR=20000006 EN=0 ESCR=0     |
| PPS register validity        TM=0 PPS=0                  |
| Step5 result                 LOCK_ACQUIRED_NOT_STABLE    |
+------------------------------------------------------------+

Global Time summary (125 MHz reference; 1 cycle = 8 ns)
------------------------------------------------------------
  MASTER  (DE5_1-11.1)
    TAI=225          CYCLES=124999999    VALID
  SLAVE   (DE5_1-11.2)
    TAI=--           CYCLES=--           WAITING (TIME_VALID=0, PPS_VALID=0)
------------------------------------------------------------
Dashboard read complete.
White Rabbit Step 1-6 dashboard  2026-09-30T15:27:19+08:00  (read-only)
Sampling interval: 10s; per-board comparison window: 2000ms

+------------------------------------------------------------+
| MASTER   DE5_1-11.1                                      |
+------------------------------------------------------------+
| Step 1  PHY / Link           PASS                        |
| Step 2  Endpoint / PTP       PASS                        |
| Step 3  WR Handshake         INFO                        |
| Step 4  SoftPLL Startup      PASS                        |
| Step 5  Closed-loop Lock     INFO                        |
| Step 6  Global Time          VALID                       |
+------------------------------------------------------------+
| Link health                  Link=1  TM=1  RX=1  TX=1 |
| Lock signals                 Helper=NA  MainFreq=NA  MainPhase=NA |
|                              MainLock=NA  PSTAT=NA             |
| Global-Time reason           PPS snapshot valid; Step6 gate passed |
| WR PTP servo state           NA                          |
| WR phase offset              NA ps                       |
| Global-Time validity         TIME_VALID=1 PPS_VALID=1     |
| Snapshot                     snapshot=1 stable=1 count=236 |
| PPS registers                CR=20000006 EN=0 ESCR=12    |
| PPS register validity        TM=1 PPS=1                  |
| Step5 result                 NOT_APPLICABLE_MASTER       |
+------------------------------------------------------------+
+------------------------------------------------------------+
| SLAVE    DE5_1-11.2                                      |
+------------------------------------------------------------+
| Step 1  PHY / Link           PASS                        |
| Step 2  Endpoint / PTP       PASS                        |
| Step 3  WR Handshake         PASS                        |
| Step 4  SoftPLL Startup      PASS                        |
| Step 5  Closed-loop Lock     INFO                        |
| Step 6  Global Time          WAITING                     |
+------------------------------------------------------------+
| Link health                  Link=1  TM=1  RX=1  TX=1 |
| Lock signals                 Helper=1  MainFreq=1  MainPhase=1 |
|                              MainLock=1  PSTAT=1             |
| Global-Time reason           PTP servo offset not yet <60 ps |
| WR PTP servo state           WAIT_OFFSET_STABLE          |
| WR phase offset              -2275 ps (target |offset| <60 ps) |
| Global-Time validity         TIME_VALID=0 PPS_VALID=0     |
| Snapshot                     snapshot=0 stable=1 count=0 |
| PPS registers                CR=20000006 EN=0 ESCR=0     |
| PPS register validity        TM=0 PPS=0                  |
| Step5 result                 LOCK_ACQUIRED_NOT_STABLE    |
+------------------------------------------------------------+

Global Time summary (125 MHz reference; 1 cycle = 8 ns)
------------------------------------------------------------
  MASTER  (DE5_1-11.1)
    TAI=235          CYCLES=124999999    VALID
  SLAVE   (DE5_1-11.2)
    TAI=--           CYCLES=--           WAITING (TIME_VALID=0, PPS_VALID=0)
------------------------------------------------------------
Dashboard read complete.
White Rabbit Step 1-6 dashboard  2026-09-30T15:27:29+08:00  (read-only)
Sampling interval: 10s; per-board comparison window: 2000ms

+------------------------------------------------------------+
| MASTER   DE5_1-11.1                                      |
+------------------------------------------------------------+
| Step 1  PHY / Link           PASS                        |
| Step 2  Endpoint / PTP       PASS                        |
| Step 3  WR Handshake         INFO                        |
| Step 4  SoftPLL Startup      PASS                        |
| Step 5  Closed-loop Lock     INFO                        |
| Step 6  Global Time          VALID                       |
+------------------------------------------------------------+
| Link health                  Link=1  TM=1  RX=1  TX=1 |
| Lock signals                 Helper=NA  MainFreq=NA  MainPhase=NA |
|                              MainLock=NA  PSTAT=NA             |
| Global-Time reason           PPS snapshot valid; Step6 gate passed |
| WR PTP servo state           NA                          |
| WR phase offset              NA ps                       |
| Global-Time validity         TIME_VALID=1 PPS_VALID=1     |
| Snapshot                     snapshot=1 stable=1 count=246 |
| PPS registers                CR=20000006 EN=0 ESCR=12    |
| PPS register validity        TM=1 PPS=1                  |
| Step5 result                 NOT_APPLICABLE_MASTER       |
+------------------------------------------------------------+
+------------------------------------------------------------+
| SLAVE    DE5_1-11.2                                      |
+------------------------------------------------------------+
| Step 1  PHY / Link           PASS                        |
| Step 2  Endpoint / PTP       PASS                        |
| Step 3  WR Handshake         PASS                        |
| Step 4  SoftPLL Startup      PASS                        |
| Step 5  Closed-loop Lock     INFO                        |
| Step 6  Global Time          WAITING                     |
+------------------------------------------------------------+
| Link health                  Link=1  TM=1  RX=1  TX=1 |
| Lock signals                 Helper=1  MainFreq=1  MainPhase=1 |
|                              MainLock=1  PSTAT=1             |
| Global-Time reason           PTP servo offset not yet <60 ps |
| WR PTP servo state           WAIT_OFFSET_STABLE          |
| WR phase offset              2203 ps (target |offset| <60 ps) |
| Global-Time validity         TIME_VALID=0 PPS_VALID=0     |
| Snapshot                     snapshot=0 stable=1 count=0 |
| PPS registers                CR=20000006 EN=0 ESCR=0     |
| PPS register validity        TM=0 PPS=0                  |
| Step5 result                 LOCK_ACQUIRED_NOT_STABLE    |
+------------------------------------------------------------+

Global Time summary (125 MHz reference; 1 cycle = 8 ns)
------------------------------------------------------------
  MASTER  (DE5_1-11.1)
    TAI=245          CYCLES=124999999    VALID
  SLAVE   (DE5_1-11.2)
    TAI=--           CYCLES=--           WAITING (TIME_VALID=0, PPS_VALID=0)
------------------------------------------------------------
Dashboard read complete.
White Rabbit Step 1-6 dashboard  2026-09-30T15:27:39+08:00  (read-only)
Sampling interval: 10s; per-board comparison window: 2000ms

+------------------------------------------------------------+
| MASTER   DE5_1-11.1                                      |
+------------------------------------------------------------+
| Step 1  PHY / Link           PASS                        |
| Step 2  Endpoint / PTP       PASS                        |
| Step 3  WR Handshake         INFO                        |
| Step 4  SoftPLL Startup      PASS                        |
| Step 5  Closed-loop Lock     INFO                        |
| Step 6  Global Time          VALID                       |
+------------------------------------------------------------+
| Link health                  Link=1  TM=1  RX=1  TX=1 |
| Lock signals                 Helper=NA  MainFreq=NA  MainPhase=NA |
|                              MainLock=NA  PSTAT=NA             |
| Global-Time reason           PPS snapshot valid; Step6 gate passed |
| WR PTP servo state           NA                          |
| WR phase offset              NA ps                       |
| Global-Time validity         TIME_VALID=1 PPS_VALID=1     |
| Snapshot                     snapshot=1 stable=1 count=256 |
| PPS registers                CR=20000006 EN=0 ESCR=140   |
| PPS register validity        TM=1 PPS=1                  |
| Step5 result                 NOT_APPLICABLE_MASTER       |
+------------------------------------------------------------+
+------------------------------------------------------------+
| SLAVE    DE5_1-11.2                                      |
+------------------------------------------------------------+
| Step 1  PHY / Link           PASS                        |
| Step 2  Endpoint / PTP       PASS                        |
| Step 3  WR Handshake         PASS                        |
| Step 4  SoftPLL Startup      PASS                        |
| Step 5  Closed-loop Lock     INFO                        |
| Step 6  Global Time          WAITING                     |
+------------------------------------------------------------+
| Link health                  Link=1  TM=1  RX=1  TX=1 |
| Lock signals                 Helper=1  MainFreq=1  MainPhase=1 |
|                              MainLock=1  PSTAT=1             |
| Global-Time reason           PTP servo offset not yet <60 ps |
| WR PTP servo state           WAIT_OFFSET_STABLE          |
| WR phase offset              -2380 ps (target |offset| <60 ps) |
| Global-Time validity         TIME_VALID=0 PPS_VALID=0     |
| Snapshot                     snapshot=0 stable=1 count=0 |
| PPS registers                CR=20000006 EN=0 ESCR=256   |
| PPS register validity        TM=0 PPS=0                  |
| Step5 result                 LOCK_ACQUIRED_NOT_STABLE    |
+------------------------------------------------------------+

Global Time summary (125 MHz reference; 1 cycle = 8 ns)
------------------------------------------------------------
  MASTER  (DE5_1-11.1)
    TAI=255          CYCLES=124999999    VALID
  SLAVE   (DE5_1-11.2)
    TAI=--           CYCLES=--           WAITING (TIME_VALID=0, PPS_VALID=0)
------------------------------------------------------------
Dashboard read complete.
White Rabbit Step 1-6 dashboard  2026-09-30T15:27:49+08:00  (read-only)
Sampling interval: 10s; per-board comparison window: 2000ms

+------------------------------------------------------------+
| MASTER   DE5_1-11.1                                      |
+------------------------------------------------------------+
| Step 1  PHY / Link           PASS                        |
| Step 2  Endpoint / PTP       PASS                        |
| Step 3  WR Handshake         INFO                        |
| Step 4  SoftPLL Startup      PASS                        |
| Step 5  Closed-loop Lock     INFO                        |
| Step 6  Global Time          VALID                       |
+------------------------------------------------------------+
| Link health                  Link=1  TM=1  RX=1  TX=1 |
| Lock signals                 Helper=NA  MainFreq=NA  MainPhase=NA |
|                              MainLock=NA  PSTAT=NA             |
| Global-Time reason           PPS snapshot valid; Step6 gate passed |
| WR PTP servo state           NA                          |
| WR phase offset              NA ps                       |
| Global-Time validity         TIME_VALID=1 PPS_VALID=1     |
| Snapshot                     snapshot=1 stable=1 count=266 |
| PPS registers                CR=20000006 EN=0 ESCR=268   |
| PPS register validity        TM=1 PPS=1                  |
| Step5 result                 NOT_APPLICABLE_MASTER       |
+------------------------------------------------------------+
+------------------------------------------------------------+
| SLAVE    DE5_1-11.2                                      |
+------------------------------------------------------------+
| Step 1  PHY / Link           PASS                        |
| Step 2  Endpoint / PTP       PASS                        |
| Step 3  WR Handshake         PASS                        |
| Step 4  SoftPLL Startup      PASS                        |
| Step 5  Closed-loop Lock     INFO                        |
| Step 6  Global Time          WAITING                     |
+------------------------------------------------------------+
| Link health                  Link=1  TM=1  RX=1  TX=1 |
| Lock signals                 Helper=1  MainFreq=1  MainPhase=1 |
|                              MainLock=1  PSTAT=1             |
| Global-Time reason           PTP servo offset not yet <60 ps |
| WR PTP servo state           WAIT_OFFSET_STABLE          |
| WR phase offset              -1548 ps (target |offset| <60 ps) |
| Global-Time validity         TIME_VALID=0 PPS_VALID=0     |
| Snapshot                     snapshot=0 stable=1 count=0 |
| PPS registers                CR=20000006 EN=0 ESCR=256   |
| PPS register validity        TM=0 PPS=0                  |
| Step5 result                 LOCK_ACQUIRED_NOT_STABLE    |
+------------------------------------------------------------+

Global Time summary (125 MHz reference; 1 cycle = 8 ns)
------------------------------------------------------------
  MASTER  (DE5_1-11.1)
    TAI=265          CYCLES=124999999    VALID
  SLAVE   (DE5_1-11.2)
    TAI=--           CYCLES=--           WAITING (TIME_VALID=0, PPS_VALID=0)
------------------------------------------------------------
Dashboard read complete.
White Rabbit Step 1-6 dashboard  2026-09-30T15:27:59+08:00  (read-only)
Sampling interval: 10s; per-board comparison window: 2000ms

+------------------------------------------------------------+
| MASTER   DE5_1-11.1                                      |
+------------------------------------------------------------+
| Step 1  PHY / Link           PASS                        |
| Step 2  Endpoint / PTP       PASS                        |
| Step 3  WR Handshake         INFO                        |
| Step 4  SoftPLL Startup      PASS                        |
| Step 5  Closed-loop Lock     INFO                        |
| Step 6  Global Time          VALID                       |
+------------------------------------------------------------+
| Link health                  Link=1  TM=1  RX=1  TX=1 |
| Lock signals                 Helper=NA  MainFreq=NA  MainPhase=NA |
|                              MainLock=NA  PSTAT=NA             |
| Global-Time reason           PPS snapshot valid; Step6 gate passed |
| WR PTP servo state           NA                          |
| WR phase offset              NA ps                       |
| Global-Time validity         TIME_VALID=1 PPS_VALID=1     |
| Snapshot                     snapshot=1 stable=1 count=276 |
| PPS registers                CR=20000006 EN=0 ESCR=268   |
| PPS register validity        TM=1 PPS=1                  |
| Step5 result                 NOT_APPLICABLE_MASTER       |
+------------------------------------------------------------+
+------------------------------------------------------------+
| SLAVE    DE5_1-11.2                                      |
+------------------------------------------------------------+
| Step 1  PHY / Link           PASS                        |
| Step 2  Endpoint / PTP       PASS                        |
| Step 3  WR Handshake         PASS                        |
| Step 4  SoftPLL Startup      PASS                        |
| Step 5  Closed-loop Lock     INFO                        |
| Step 6  Global Time          WAITING                     |
+------------------------------------------------------------+
| Link health                  Link=1  TM=1  RX=1  TX=1 |
| Lock signals                 Helper=1  MainFreq=1  MainPhase=1 |
|                              MainLock=1  PSTAT=1             |
| Global-Time reason           PTP servo offset not yet <60 ps |
| WR PTP servo state           WAIT_OFFSET_STABLE          |
| WR phase offset              -2176 ps (target |offset| <60 ps) |
| Global-Time validity         TIME_VALID=0 PPS_VALID=0     |
| Snapshot                     snapshot=0 stable=1 count=0 |
| PPS registers                CR=20000006 EN=0 ESCR=256   |
| PPS register validity        TM=0 PPS=0                  |
| Step5 result                 LOCK_ACQUIRED_NOT_STABLE    |
+------------------------------------------------------------+

Global Time summary (125 MHz reference; 1 cycle = 8 ns)
------------------------------------------------------------
  MASTER  (DE5_1-11.1)
    TAI=275          CYCLES=124999999    VALID
  SLAVE   (DE5_1-11.2)
    TAI=--           CYCLES=--           WAITING (TIME_VALID=0, PPS_VALID=0)
------------------------------------------------------------
Dashboard read complete.
White Rabbit Step 1-6 dashboard  2026-09-30T15:28:09+08:00  (read-only)
Sampling interval: 10s; per-board comparison window: 2000ms

+------------------------------------------------------------+
| MASTER   DE5_1-11.1                                      |
+------------------------------------------------------------+
| Step 1  PHY / Link           PASS                        |
| Step 2  Endpoint / PTP       PASS                        |
| Step 3  WR Handshake         INFO                        |
| Step 4  SoftPLL Startup      PASS                        |
| Step 5  Closed-loop Lock     INFO                        |
| Step 6  Global Time          VALID                       |
+------------------------------------------------------------+
| Link health                  Link=1  TM=1  RX=1  TX=1 |
| Lock signals                 Helper=NA  MainFreq=NA  MainPhase=NA |
|                              MainLock=NA  PSTAT=NA             |
| Global-Time reason           PPS snapshot valid; Step6 gate passed |
| WR PTP servo state           NA                          |
| WR phase offset              NA ps                       |
| Global-Time validity         TIME_VALID=1 PPS_VALID=1     |
| Snapshot                     snapshot=1 stable=1 count=286 |
| PPS registers                CR=20000006 EN=0 ESCR=268   |
| PPS register validity        TM=1 PPS=1                  |
| Step5 result                 NOT_APPLICABLE_MASTER       |
+------------------------------------------------------------+
+------------------------------------------------------------+
| SLAVE    DE5_1-11.2                                      |
+------------------------------------------------------------+
| Step 1  PHY / Link           PASS                        |
| Step 2  Endpoint / PTP       PASS                        |
| Step 3  WR Handshake         PASS                        |
| Step 4  SoftPLL Startup      PASS                        |
| Step 5  Closed-loop Lock     INFO                        |
| Step 6  Global Time          WAITING                     |
+------------------------------------------------------------+
| Link health                  Link=1  TM=1  RX=1  TX=1 |
| Lock signals                 Helper=1  MainFreq=1  MainPhase=1 |
|                              MainLock=1  PSTAT=1             |
| Global-Time reason           PTP servo offset not yet <60 ps |
| WR PTP servo state           WAIT_OFFSET_STABLE          |
| WR phase offset              2334 ps (target |offset| <60 ps) |
| Global-Time validity         TIME_VALID=0 PPS_VALID=0     |
| Snapshot                     snapshot=0 stable=1 count=0 |
| PPS registers                CR=20000006 EN=0 ESCR=256   |
| PPS register validity        TM=0 PPS=0                  |
| Step5 result                 LOCK_ACQUIRED_NOT_STABLE    |
+------------------------------------------------------------+

Global Time summary (125 MHz reference; 1 cycle = 8 ns)
------------------------------------------------------------
  MASTER  (DE5_1-11.1)
    TAI=285          CYCLES=124999999    VALID
  SLAVE   (DE5_1-11.2)
    TAI=--           CYCLES=--           WAITING (TIME_VALID=0, PPS_VALID=0)
------------------------------------------------------------
Dashboard read complete.
White Rabbit Step 1-6 dashboard  2026-09-30T15:28:19+08:00  (read-only)
Sampling interval: 10s; per-board comparison window: 2000ms

+------------------------------------------------------------+
| MASTER   DE5_1-11.1                                      |
+------------------------------------------------------------+
| Step 1  PHY / Link           PASS                        |
| Step 2  Endpoint / PTP       PASS                        |
| Step 3  WR Handshake         INFO                        |
| Step 4  SoftPLL Startup      PASS                        |
| Step 5  Closed-loop Lock     INFO                        |
| Step 6  Global Time          VALID                       |
+------------------------------------------------------------+
| Link health                  Link=1  TM=1  RX=1  TX=1 |
| Lock signals                 Helper=NA  MainFreq=NA  MainPhase=NA |
|                              MainLock=NA  PSTAT=NA             |
| Global-Time reason           PPS snapshot valid; Step6 gate passed |
| WR PTP servo state           NA                          |
| WR phase offset              NA ps                       |
| Global-Time validity         TIME_VALID=1 PPS_VALID=1     |
| Snapshot                     snapshot=1 stable=1 count=296 |
| PPS registers                CR=20000006 EN=0 ESCR=268   |
| PPS register validity        TM=1 PPS=1                  |
| Step5 result                 NOT_APPLICABLE_MASTER       |
+------------------------------------------------------------+
+------------------------------------------------------------+
| SLAVE    DE5_1-11.2                                      |
+------------------------------------------------------------+
| Step 1  PHY / Link           PASS                        |
| Step 2  Endpoint / PTP       PASS                        |
| Step 3  WR Handshake         PASS                        |
| Step 4  SoftPLL Startup      PASS                        |
| Step 5  Closed-loop Lock     INFO                        |
| Step 6  Global Time          WAITING                     |
+------------------------------------------------------------+
| Link health                  Link=1  TM=1  RX=1  TX=1 |
| Lock signals                 Helper=1  MainFreq=1  MainPhase=1 |
|                              MainLock=1  PSTAT=1             |
| Global-Time reason           PTP servo offset not yet <60 ps |
| WR PTP servo state           WAIT_OFFSET_STABLE          |
| WR phase offset              -2494 ps (target |offset| <60 ps) |
| Global-Time validity         TIME_VALID=0 PPS_VALID=0     |
| Snapshot                     snapshot=0 stable=1 count=0 |
| PPS registers                CR=20000006 EN=0 ESCR=256   |
| PPS register validity        TM=0 PPS=0                  |
| Step5 result                 LOCK_ACQUIRED_NOT_STABLE    |
+------------------------------------------------------------+

Global Time summary (125 MHz reference; 1 cycle = 8 ns)
------------------------------------------------------------
  MASTER  (DE5_1-11.1)
    TAI=295          CYCLES=124999999    VALID
  SLAVE   (DE5_1-11.2)
    TAI=--           CYCLES=--           WAITING (TIME_VALID=0, PPS_VALID=0)
------------------------------------------------------------
Dashboard read complete.
White Rabbit Step 1-6 dashboard  2026-09-30T15:28:29+08:00  (read-only)
Sampling interval: 10s; per-board comparison window: 2000ms

+------------------------------------------------------------+
| MASTER   DE5_1-11.1                                      |
+------------------------------------------------------------+
| Step 1  PHY / Link           PASS                        |
| Step 2  Endpoint / PTP       PASS                        |
| Step 3  WR Handshake         INFO                        |
| Step 4  SoftPLL Startup      PASS                        |
| Step 5  Closed-loop Lock     INFO                        |
| Step 6  Global Time          VALID                       |
+------------------------------------------------------------+
| Link health                  Link=1  TM=1  RX=1  TX=1 |
| Lock signals                 Helper=NA  MainFreq=NA  MainPhase=NA |
|                              MainLock=NA  PSTAT=NA             |
| Global-Time reason           PPS snapshot valid; Step6 gate passed |
| WR PTP servo state           NA                          |
| WR phase offset              NA ps                       |
| Global-Time validity         TIME_VALID=1 PPS_VALID=1     |
| Snapshot                     snapshot=1 stable=1 count=306 |
| PPS registers                CR=20000006 EN=0 ESCR=268   |
| PPS register validity        TM=1 PPS=1                  |
| Step5 result                 NOT_APPLICABLE_MASTER       |
+------------------------------------------------------------+
+------------------------------------------------------------+
| SLAVE    DE5_1-11.2                                      |
+------------------------------------------------------------+
| Step 1  PHY / Link           PASS                        |
| Step 2  Endpoint / PTP       PASS                        |
| Step 3  WR Handshake         PASS                        |
| Step 4  SoftPLL Startup      PASS                        |
| Step 5  Closed-loop Lock     INFO                        |
| Step 6  Global Time          WAITING                     |
+------------------------------------------------------------+
| Link health                  Link=1  TM=1  RX=1  TX=1 |
| Lock signals                 Helper=1  MainFreq=1  MainPhase=1 |
|                              MainLock=1  PSTAT=1             |
| Global-Time reason           PTP servo offset not yet <60 ps |
| WR PTP servo state           WAIT_OFFSET_STABLE          |
| WR phase offset              -1765 ps (target |offset| <60 ps) |
| Global-Time validity         TIME_VALID=0 PPS_VALID=0     |
| Snapshot                     snapshot=0 stable=1 count=0 |
| PPS registers                CR=20000006 EN=0 ESCR=256   |
| PPS register validity        TM=0 PPS=0                  |
| Step5 result                 LOCK_ACQUIRED_NOT_STABLE    |
+------------------------------------------------------------+

Global Time summary (125 MHz reference; 1 cycle = 8 ns)
------------------------------------------------------------
  MASTER  (DE5_1-11.1)
    TAI=305          CYCLES=124999999    VALID
  SLAVE   (DE5_1-11.2)
    TAI=--           CYCLES=--           WAITING (TIME_VALID=0, PPS_VALID=0)
------------------------------------------------------------
Dashboard read complete.
White Rabbit Step 1-6 dashboard  2026-09-30T15:28:39+08:00  (read-only)
Sampling interval: 10s; per-board comparison window: 2000ms

+------------------------------------------------------------+
| MASTER   DE5_1-11.1                                      |
+------------------------------------------------------------+
| Step 1  PHY / Link           PASS                        |
| Step 2  Endpoint / PTP       PASS                        |
| Step 3  WR Handshake         INFO                        |
| Step 4  SoftPLL Startup      PASS                        |
| Step 5  Closed-loop Lock     INFO                        |
| Step 6  Global Time          VALID                       |
+------------------------------------------------------------+
| Link health                  Link=1  TM=1  RX=1  TX=1 |
| Lock signals                 Helper=NA  MainFreq=NA  MainPhase=NA |
|                              MainLock=NA  PSTAT=NA             |
| Global-Time reason           PPS snapshot valid; Step6 gate passed |
| WR PTP servo state           NA                          |
| WR phase offset              NA ps                       |
| Global-Time validity         TIME_VALID=1 PPS_VALID=1     |
| Snapshot                     snapshot=1 stable=1 count=316 |
| PPS registers                CR=20000006 EN=0 ESCR=268   |
| PPS register validity        TM=1 PPS=1                  |
| Step5 result                 NOT_APPLICABLE_MASTER       |
+------------------------------------------------------------+
+------------------------------------------------------------+
| SLAVE    DE5_1-11.2                                      |
+------------------------------------------------------------+
| Step 1  PHY / Link           PASS                        |
| Step 2  Endpoint / PTP       PASS                        |
| Step 3  WR Handshake         PASS                        |
| Step 4  SoftPLL Startup      PASS                        |
| Step 5  Closed-loop Lock     INFO                        |
| Step 6  Global Time          WAITING                     |
+------------------------------------------------------------+
| Link health                  Link=1  TM=1  RX=1  TX=1 |
| Lock signals                 Helper=1  MainFreq=1  MainPhase=1 |
|                              MainLock=1  PSTAT=1             |
| Global-Time reason           PTP servo offset not yet <60 ps |
| WR PTP servo state           WAIT_OFFSET_STABLE          |
| WR phase offset              -2401 ps (target |offset| <60 ps) |
| Global-Time validity         TIME_VALID=0 PPS_VALID=0     |
| Snapshot                     snapshot=0 stable=1 count=0 |
| PPS registers                CR=20000006 EN=0 ESCR=256   |
| PPS register validity        TM=0 PPS=0                  |
| Step5 result                 LOCK_ACQUIRED_NOT_STABLE    |
+------------------------------------------------------------+

Global Time summary (125 MHz reference; 1 cycle = 8 ns)
------------------------------------------------------------
  MASTER  (DE5_1-11.1)
    TAI=315          CYCLES=124999999    VALID
  SLAVE   (DE5_1-11.2)
    TAI=--           CYCLES=--           WAITING (TIME_VALID=0, PPS_VALID=0)
------------------------------------------------------------
Dashboard read complete.
White Rabbit Step 1-6 dashboard  2026-09-30T15:28:49+08:00  (read-only)
Sampling interval: 10s; per-board comparison window: 2000ms

+------------------------------------------------------------+
| MASTER   DE5_1-11.1                                      |
+------------------------------------------------------------+
| Step 1  PHY / Link           PASS                        |
| Step 2  Endpoint / PTP       PASS                        |
| Step 3  WR Handshake         INFO                        |
| Step 4  SoftPLL Startup      PASS                        |
| Step 5  Closed-loop Lock     INFO                        |
| Step 6  Global Time          VALID                       |
+------------------------------------------------------------+
| Link health                  Link=1  TM=1  RX=1  TX=1 |
| Lock signals                 Helper=NA  MainFreq=NA  MainPhase=NA |
|                              MainLock=NA  PSTAT=NA             |
| Global-Time reason           PPS snapshot valid; Step6 gate passed |
| WR PTP servo state           NA                          |
| WR phase offset              NA ps                       |
| Global-Time validity         TIME_VALID=1 PPS_VALID=1     |
| Snapshot                     snapshot=1 stable=1 count=326 |
| PPS registers                CR=20000006 EN=0 ESCR=268   |
| PPS register validity        TM=1 PPS=1                  |
| Step5 result                 NOT_APPLICABLE_MASTER       |
+------------------------------------------------------------+
+------------------------------------------------------------+
| SLAVE    DE5_1-11.2                                      |
+------------------------------------------------------------+
| Step 1  PHY / Link           PASS                        |
| Step 2  Endpoint / PTP       PASS                        |
| Step 3  WR Handshake         PASS                        |
| Step 4  SoftPLL Startup      PASS                        |
| Step 5  Closed-loop Lock     INFO                        |
| Step 6  Global Time          WAITING                     |
+------------------------------------------------------------+
| Link health                  Link=1  TM=1  RX=1  TX=1 |
| Lock signals                 Helper=1  MainFreq=1  MainPhase=1 |
|                              MainLock=1  PSTAT=1             |
| Global-Time reason           PTP servo offset not yet <60 ps |
| WR PTP servo state           WAIT_OFFSET_STABLE          |
| WR phase offset              -2246 ps (target |offset| <60 ps) |
| Global-Time validity         TIME_VALID=0 PPS_VALID=0     |
| Snapshot                     snapshot=0 stable=1 count=0 |
| PPS registers                CR=20000006 EN=0 ESCR=256   |
| PPS register validity        TM=0 PPS=0                  |
| Step5 result                 LOCK_ACQUIRED_NOT_STABLE    |
+------------------------------------------------------------+

Global Time summary (125 MHz reference; 1 cycle = 8 ns)
------------------------------------------------------------
  MASTER  (DE5_1-11.1)
    TAI=325          CYCLES=124999999    VALID
  SLAVE   (DE5_1-11.2)
    TAI=--           CYCLES=--           WAITING (TIME_VALID=0, PPS_VALID=0)
------------------------------------------------------------
Dashboard read complete.
White Rabbit Step 1-6 dashboard  2026-09-30T15:28:59+08:00  (read-only)
Sampling interval: 10s; per-board comparison window: 2000ms

+------------------------------------------------------------+
| MASTER   DE5_1-11.1                                      |
+------------------------------------------------------------+
| Step 1  PHY / Link           PASS                        |
| Step 2  Endpoint / PTP       PASS                        |
| Step 3  WR Handshake         INFO                        |
| Step 4  SoftPLL Startup      PASS                        |
| Step 5  Closed-loop Lock     INFO                        |
| Step 6  Global Time          VALID                       |
+------------------------------------------------------------+
| Link health                  Link=1  TM=1  RX=1  TX=1 |
| Lock signals                 Helper=NA  MainFreq=NA  MainPhase=NA |
|                              MainLock=NA  PSTAT=NA             |
| Global-Time reason           PPS snapshot valid; Step6 gate passed |
| WR PTP servo state           NA                          |
| WR phase offset              NA ps                       |
| Global-Time validity         TIME_VALID=1 PPS_VALID=1     |
| Snapshot                     snapshot=1 stable=1 count=336 |
| PPS registers                CR=20000006 EN=0 ESCR=268   |
| PPS register validity        TM=1 PPS=1                  |
| Step5 result                 NOT_APPLICABLE_MASTER       |
+------------------------------------------------------------+
+------------------------------------------------------------+
| SLAVE    DE5_1-11.2                                      |
+------------------------------------------------------------+
| Step 1  PHY / Link           PASS                        |
| Step 2  Endpoint / PTP       PASS                        |
| Step 3  WR Handshake         PASS                        |
| Step 4  SoftPLL Startup      PASS                        |
| Step 5  Closed-loop Lock     INFO                        |
| Step 6  Global Time          WAITING                     |
+------------------------------------------------------------+
| Link health                  Link=1  TM=1  RX=1  TX=1 |
| Lock signals                 Helper=1  MainFreq=1  MainPhase=1 |
|                              MainLock=1  PSTAT=1             |
| Global-Time reason           PTP servo offset not yet <60 ps |
| WR PTP servo state           WAIT_OFFSET_STABLE          |
| WR phase offset              2332 ps (target |offset| <60 ps) |
| Global-Time validity         TIME_VALID=0 PPS_VALID=0     |
| Snapshot                     snapshot=0 stable=1 count=0 |
| PPS registers                CR=20000006 EN=0 ESCR=256   |
| PPS register validity        TM=0 PPS=0                  |
| Step5 result                 LOCK_ACQUIRED_NOT_STABLE    |
+------------------------------------------------------------+

Global Time summary (125 MHz reference; 1 cycle = 8 ns)
------------------------------------------------------------
  MASTER  (DE5_1-11.1)
    TAI=335          CYCLES=124999999    VALID
  SLAVE   (DE5_1-11.2)
    TAI=--           CYCLES=--           WAITING (TIME_VALID=0, PPS_VALID=0)
------------------------------------------------------------
Dashboard read complete.
White Rabbit Step 1-6 dashboard  2026-09-30T15:29:09+08:00  (read-only)
Sampling interval: 10s; per-board comparison window: 2000ms

+------------------------------------------------------------+
| MASTER   DE5_1-11.1                                      |
+------------------------------------------------------------+
| Step 1  PHY / Link           PASS                        |
| Step 2  Endpoint / PTP       PASS                        |
| Step 3  WR Handshake         INFO                        |
| Step 4  SoftPLL Startup      PASS                        |
| Step 5  Closed-loop Lock     INFO                        |
| Step 6  Global Time          VALID                       |
+------------------------------------------------------------+
| Link health                  Link=1  TM=1  RX=1  TX=1 |
| Lock signals                 Helper=NA  MainFreq=NA  MainPhase=NA |
|                              MainLock=NA  PSTAT=NA             |
| Global-Time reason           PPS snapshot valid; Step6 gate passed |
| WR PTP servo state           NA                          |
| WR phase offset              NA ps                       |
| Global-Time validity         TIME_VALID=1 PPS_VALID=1     |
| Snapshot                     snapshot=1 stable=1 count=346 |
| PPS registers                CR=20000006 EN=0 ESCR=268   |
| PPS register validity        TM=1 PPS=1                  |
| Step5 result                 NOT_APPLICABLE_MASTER       |
+------------------------------------------------------------+
+------------------------------------------------------------+
| SLAVE    DE5_1-11.2                                      |
+------------------------------------------------------------+
| Step 1  PHY / Link           PASS                        |
| Step 2  Endpoint / PTP       PASS                        |
| Step 3  WR Handshake         PASS                        |
| Step 4  SoftPLL Startup      PASS                        |
| Step 5  Closed-loop Lock     INFO                        |
| Step 6  Global Time          WAITING                     |
+------------------------------------------------------------+
| Link health                  Link=1  TM=1  RX=1  TX=1 |
| Lock signals                 Helper=1  MainFreq=1  MainPhase=1 |
|                              MainLock=1  PSTAT=1             |
| Global-Time reason           PTP servo offset not yet <60 ps |
| WR PTP servo state           WAIT_OFFSET_STABLE          |
| WR phase offset              -2218 ps (target |offset| <60 ps) |
| Global-Time validity         TIME_VALID=0 PPS_VALID=0     |
| Snapshot                     snapshot=0 stable=1 count=0 |
| PPS registers                CR=20000006 EN=0 ESCR=256   |
| PPS register validity        TM=0 PPS=0                  |
| Step5 result                 LOCK_ACQUIRED_NOT_STABLE    |
+------------------------------------------------------------+

Global Time summary (125 MHz reference; 1 cycle = 8 ns)
------------------------------------------------------------
  MASTER  (DE5_1-11.1)
    TAI=345          CYCLES=124999999    VALID
  SLAVE   (DE5_1-11.2)
    TAI=--           CYCLES=--           WAITING (TIME_VALID=0, PPS_VALID=0)
------------------------------------------------------------
Dashboard read complete.
White Rabbit Step 1-6 dashboard  2026-09-30T15:29:19+08:00  (read-only)
Sampling interval: 10s; per-board comparison window: 2000ms

+------------------------------------------------------------+
| MASTER   DE5_1-11.1                                      |
+------------------------------------------------------------+
| Step 1  PHY / Link           PASS                        |
| Step 2  Endpoint / PTP       PASS                        |
| Step 3  WR Handshake         INFO                        |
| Step 4  SoftPLL Startup      PASS                        |
| Step 5  Closed-loop Lock     INFO                        |
| Step 6  Global Time          VALID                       |
+------------------------------------------------------------+
| Link health                  Link=1  TM=1  RX=1  TX=1 |
| Lock signals                 Helper=NA  MainFreq=NA  MainPhase=NA |
|                              MainLock=NA  PSTAT=NA             |
| Global-Time reason           PPS snapshot valid; Step6 gate passed |
| WR PTP servo state           NA                          |
| WR phase offset              NA ps                       |
| Global-Time validity         TIME_VALID=1 PPS_VALID=1     |
| Snapshot                     snapshot=1 stable=1 count=356 |
| PPS registers                CR=20000006 EN=0 ESCR=268   |
| PPS register validity        TM=1 PPS=1                  |
| Step5 result                 NOT_APPLICABLE_MASTER       |
+------------------------------------------------------------+
+------------------------------------------------------------+
| SLAVE    DE5_1-11.2                                      |
+------------------------------------------------------------+
| Step 1  PHY / Link           PASS                        |
| Step 2  Endpoint / PTP       PASS                        |
| Step 3  WR Handshake         PASS                        |
| Step 4  SoftPLL Startup      PASS                        |
| Step 5  Closed-loop Lock     INFO                        |
| Step 6  Global Time          WAITING                     |
+------------------------------------------------------------+
| Link health                  Link=1  TM=1  RX=1  TX=1 |
| Lock signals                 Helper=1  MainFreq=1  MainPhase=1 |
|                              MainLock=1  PSTAT=1             |
| Global-Time reason           PTP servo offset not yet <60 ps |
| WR PTP servo state           WAIT_OFFSET_STABLE          |
| WR phase offset              -1506 ps (target |offset| <60 ps) |
| Global-Time validity         TIME_VALID=0 PPS_VALID=0     |
| Snapshot                     snapshot=0 stable=1 count=0 |
| PPS registers                CR=20000006 EN=0 ESCR=256   |
| PPS register validity        TM=0 PPS=0                  |
| Step5 result                 LOCK_ACQUIRED_NOT_STABLE    |
+------------------------------------------------------------+

Global Time summary (125 MHz reference; 1 cycle = 8 ns)
------------------------------------------------------------
  MASTER  (DE5_1-11.1)
    TAI=355          CYCLES=124999999    VALID
  SLAVE   (DE5_1-11.2)
    TAI=--           CYCLES=--           WAITING (TIME_VALID=0, PPS_VALID=0)
------------------------------------------------------------
Dashboard read complete.
White Rabbit Step 1-6 dashboard  2026-09-30T15:29:29+08:00  (read-only)
Sampling interval: 10s; per-board comparison window: 2000ms

+------------------------------------------------------------+
| MASTER   DE5_1-11.1                                      |
+------------------------------------------------------------+
| Step 1  PHY / Link           PASS                        |
| Step 2  Endpoint / PTP       PASS                        |
| Step 3  WR Handshake         INFO                        |
| Step 4  SoftPLL Startup      PASS                        |
| Step 5  Closed-loop Lock     INFO                        |
| Step 6  Global Time          VALID                       |
+------------------------------------------------------------+
| Link health                  Link=1  TM=1  RX=1  TX=1 |
| Lock signals                 Helper=NA  MainFreq=NA  MainPhase=NA |
|                              MainLock=NA  PSTAT=NA             |
| Global-Time reason           PPS snapshot valid; Step6 gate passed |
| WR PTP servo state           NA                          |
| WR phase offset              NA ps                       |
| Global-Time validity         TIME_VALID=1 PPS_VALID=1     |
| Snapshot                     snapshot=1 stable=1 count=366 |
| PPS registers                CR=20000006 EN=0 ESCR=268   |
| PPS register validity        TM=1 PPS=1                  |
| Step5 result                 NOT_APPLICABLE_MASTER       |
+------------------------------------------------------------+
+------------------------------------------------------------+
| SLAVE    DE5_1-11.2                                      |
+------------------------------------------------------------+
| Step 1  PHY / Link           PASS                        |
| Step 2  Endpoint / PTP       PASS                        |
| Step 3  WR Handshake         PASS                        |
| Step 4  SoftPLL Startup      PASS                        |
| Step 5  Closed-loop Lock     INFO                        |
| Step 6  Global Time          WAITING                     |
+------------------------------------------------------------+
| Link health                  Link=1  TM=1  RX=1  TX=1 |
| Lock signals                 Helper=1  MainFreq=1  MainPhase=1 |
|                              MainLock=1  PSTAT=1             |
| Global-Time reason           PTP servo offset not yet <60 ps |
| WR PTP servo state           WAIT_OFFSET_STABLE          |
| WR phase offset              2820 ps (target |offset| <60 ps) |
| Global-Time validity         TIME_VALID=0 PPS_VALID=0     |
| Snapshot                     snapshot=0 stable=1 count=0 |
| PPS registers                CR=20000006 EN=0 ESCR=256   |
| PPS register validity        TM=0 PPS=0                  |
| Step5 result                 LOCK_ACQUIRED_NOT_STABLE    |
+------------------------------------------------------------+

Global Time summary (125 MHz reference; 1 cycle = 8 ns)
------------------------------------------------------------
  MASTER  (DE5_1-11.1)
    TAI=365          CYCLES=124999999    VALID
  SLAVE   (DE5_1-11.2)
    TAI=--           CYCLES=--           WAITING (TIME_VALID=0, PPS_VALID=0)
------------------------------------------------------------
Dashboard read complete.
White Rabbit Step 1-6 dashboard  2026-09-30T15:29:39+08:00  (read-only)
Sampling interval: 10s; per-board comparison window: 2000ms

+------------------------------------------------------------+
| MASTER   DE5_1-11.1                                      |
+------------------------------------------------------------+
| Step 1  PHY / Link           PASS                        |
| Step 2  Endpoint / PTP       PASS                        |
| Step 3  WR Handshake         INFO                        |
| Step 4  SoftPLL Startup      PASS                        |
| Step 5  Closed-loop Lock     INFO                        |
| Step 6  Global Time          VALID                       |
+------------------------------------------------------------+
| Link health                  Link=1  TM=1  RX=1  TX=1 |
| Lock signals                 Helper=NA  MainFreq=NA  MainPhase=NA |
|                              MainLock=NA  PSTAT=NA             |
| Global-Time reason           PPS snapshot valid; Step6 gate passed |
| WR PTP servo state           NA                          |
| WR phase offset              NA ps                       |
| Global-Time validity         TIME_VALID=1 PPS_VALID=1     |
| Snapshot                     snapshot=1 stable=1 count=376 |
| PPS registers                CR=20000006 EN=0 ESCR=268   |
| PPS register validity        TM=1 PPS=1                  |
| Step5 result                 NOT_APPLICABLE_MASTER       |
+------------------------------------------------------------+
+------------------------------------------------------------+
| SLAVE    DE5_1-11.2                                      |
+------------------------------------------------------------+
| Step 1  PHY / Link           PASS                        |
| Step 2  Endpoint / PTP       PASS                        |
| Step 3  WR Handshake         PASS                        |
| Step 4  SoftPLL Startup      PASS                        |
| Step 5  Closed-loop Lock     INFO                        |
| Step 6  Global Time          WAITING                     |
+------------------------------------------------------------+
| Link health                  Link=1  TM=1  RX=1  TX=1 |
| Lock signals                 Helper=1  MainFreq=1  MainPhase=1 |
|                              MainLock=1  PSTAT=1             |
| Global-Time reason           PTP servo offset not yet <60 ps |
| WR PTP servo state           WAIT_OFFSET_STABLE          |
| WR phase offset              2000 ps (target |offset| <60 ps) |
| Global-Time validity         TIME_VALID=0 PPS_VALID=0     |
| Snapshot                     snapshot=0 stable=1 count=0 |
| PPS registers                CR=20000006 EN=0 ESCR=256   |
| PPS register validity        TM=0 PPS=0                  |
| Step5 result                 LOCK_ACQUIRED_NOT_STABLE    |
+------------------------------------------------------------+

Global Time summary (125 MHz reference; 1 cycle = 8 ns)
------------------------------------------------------------
  MASTER  (DE5_1-11.1)
    TAI=375          CYCLES=124999999    VALID
  SLAVE   (DE5_1-11.2)
    TAI=--           CYCLES=--           WAITING (TIME_VALID=0, PPS_VALID=0)
------------------------------------------------------------
Dashboard read complete.
White Rabbit Step 1-6 dashboard  2026-09-30T15:29:49+08:00  (read-only)
Sampling interval: 10s; per-board comparison window: 2000ms

+------------------------------------------------------------+
| MASTER   DE5_1-11.1                                      |
+------------------------------------------------------------+
| Step 1  PHY / Link           PASS                        |
| Step 2  Endpoint / PTP       PASS                        |
| Step 3  WR Handshake         INFO                        |
| Step 4  SoftPLL Startup      PASS                        |
| Step 5  Closed-loop Lock     INFO                        |
| Step 6  Global Time          VALID                       |
+------------------------------------------------------------+
| Link health                  Link=1  TM=1  RX=1  TX=1 |
| Lock signals                 Helper=NA  MainFreq=NA  MainPhase=NA |
|                              MainLock=NA  PSTAT=NA             |
| Global-Time reason           PPS snapshot valid; Step6 gate passed |
| WR PTP servo state           NA                          |
| WR phase offset              NA ps                       |
| Global-Time validity         TIME_VALID=1 PPS_VALID=1     |
| Snapshot                     snapshot=1 stable=1 count=386 |
| PPS registers                CR=20000006 EN=0 ESCR=268   |
| PPS register validity        TM=1 PPS=1                  |
| Step5 result                 NOT_APPLICABLE_MASTER       |
+------------------------------------------------------------+
+------------------------------------------------------------+
| SLAVE    DE5_1-11.2                                      |
+------------------------------------------------------------+
| Step 1  PHY / Link           PASS                        |
| Step 2  Endpoint / PTP       PASS                        |
| Step 3  WR Handshake         PASS                        |
| Step 4  SoftPLL Startup      PASS                        |
| Step 5  Closed-loop Lock     INFO                        |
| Step 6  Global Time          WAITING                     |
+------------------------------------------------------------+
| Link health                  Link=1  TM=1  RX=1  TX=1 |
| Lock signals                 Helper=1  MainFreq=1  MainPhase=1 |
|                              MainLock=1  PSTAT=1             |
| Global-Time reason           PTP servo offset not yet <60 ps |
| WR PTP servo state           WAIT_OFFSET_STABLE          |
| WR phase offset              2572 ps (target |offset| <60 ps) |
| Global-Time validity         TIME_VALID=0 PPS_VALID=0     |
| Snapshot                     snapshot=0 stable=1 count=0 |
| PPS registers                CR=20000006 EN=0 ESCR=256   |
| PPS register validity        TM=0 PPS=0                  |
| Step5 result                 LOCK_ACQUIRED_NOT_STABLE    |
+------------------------------------------------------------+

Global Time summary (125 MHz reference; 1 cycle = 8 ns)
------------------------------------------------------------
  MASTER  (DE5_1-11.1)
    TAI=385          CYCLES=124999999    VALID
  SLAVE   (DE5_1-11.2)
    TAI=--           CYCLES=--           WAITING (TIME_VALID=0, PPS_VALID=0)
------------------------------------------------------------
Dashboard read complete.
White Rabbit Step 1-6 dashboard  2026-09-30T15:29:59+08:00  (read-only)
Sampling interval: 10s; per-board comparison window: 2000ms

+------------------------------------------------------------+
| MASTER   DE5_1-11.1                                      |
+------------------------------------------------------------+
| Step 1  PHY / Link           PASS                        |
| Step 2  Endpoint / PTP       PASS                        |
| Step 3  WR Handshake         INFO                        |
| Step 4  SoftPLL Startup      PASS                        |
| Step 5  Closed-loop Lock     INFO                        |
| Step 6  Global Time          VALID                       |
+------------------------------------------------------------+
| Link health                  Link=1  TM=1  RX=1  TX=1 |
| Lock signals                 Helper=NA  MainFreq=NA  MainPhase=NA |
|                              MainLock=NA  PSTAT=NA             |
| Global-Time reason           PPS snapshot valid; Step6 gate passed |
| WR PTP servo state           NA                          |
| WR phase offset              NA ps                       |
| Global-Time validity         TIME_VALID=1 PPS_VALID=1     |
| Snapshot                     snapshot=1 stable=1 count=396 |
| PPS registers                CR=20000006 EN=0 ESCR=268   |
| PPS register validity        TM=1 PPS=1                  |
| Step5 result                 NOT_APPLICABLE_MASTER       |
+------------------------------------------------------------+
+------------------------------------------------------------+
| SLAVE    DE5_1-11.2                                      |
+------------------------------------------------------------+
| Step 1  PHY / Link           PASS                        |
| Step 2  Endpoint / PTP       PASS                        |
| Step 3  WR Handshake         PASS                        |
| Step 4  SoftPLL Startup      PASS                        |
| Step 5  Closed-loop Lock     INFO                        |
| Step 6  Global Time          WAITING                     |
+------------------------------------------------------------+
| Link health                  Link=1  TM=1  RX=1  TX=1 |
| Lock signals                 Helper=1  MainFreq=1  MainPhase=1 |
|                              MainLock=1  PSTAT=1             |
| Global-Time reason           PTP servo offset not yet <60 ps |
| WR PTP servo state           WAIT_OFFSET_STABLE          |
| WR phase offset              -2312 ps (target |offset| <60 ps) |
| Global-Time validity         TIME_VALID=0 PPS_VALID=0     |
| Snapshot                     snapshot=0 stable=1 count=0 |
| PPS registers                CR=20000006 EN=0 ESCR=256   |
| PPS register validity        TM=0 PPS=0                  |
| Step5 result                 LOCK_ACQUIRED_NOT_STABLE    |
+------------------------------------------------------------+

Global Time summary (125 MHz reference; 1 cycle = 8 ns)
------------------------------------------------------------
  MASTER  (DE5_1-11.1)
    TAI=395          CYCLES=124999999    VALID
  SLAVE   (DE5_1-11.2)
    TAI=--           CYCLES=--           WAITING (TIME_VALID=0, PPS_VALID=0)
------------------------------------------------------------
Dashboard read complete.
White Rabbit Step 1-6 dashboard  2026-09-30T15:30:09+08:00  (read-only)
Sampling interval: 10s; per-board comparison window: 2000ms

+------------------------------------------------------------+
| MASTER   DE5_1-11.1                                      |
+------------------------------------------------------------+
| Step 1  PHY / Link           PASS                        |
| Step 2  Endpoint / PTP       PASS                        |
| Step 3  WR Handshake         INFO                        |
| Step 4  SoftPLL Startup      PASS                        |
| Step 5  Closed-loop Lock     INFO                        |
| Step 6  Global Time          VALID                       |
+------------------------------------------------------------+
| Link health                  Link=1  TM=1  RX=1  TX=1 |
| Lock signals                 Helper=NA  MainFreq=NA  MainPhase=NA |
|                              MainLock=NA  PSTAT=NA             |
| Global-Time reason           PPS snapshot valid; Step6 gate passed |
| WR PTP servo state           NA                          |
| WR phase offset              NA ps                       |
| Global-Time validity         TIME_VALID=1 PPS_VALID=1     |
| Snapshot                     snapshot=1 stable=1 count=406 |
| PPS registers                CR=20000006 EN=0 ESCR=268   |
| PPS register validity        TM=1 PPS=1                  |
| Step5 result                 NOT_APPLICABLE_MASTER       |
+------------------------------------------------------------+
+------------------------------------------------------------+
| SLAVE    DE5_1-11.2                                      |
+------------------------------------------------------------+
| Step 1  PHY / Link           PASS                        |
| Step 2  Endpoint / PTP       PASS                        |
| Step 3  WR Handshake         PASS                        |
| Step 4  SoftPLL Startup      PASS                        |
| Step 5  Closed-loop Lock     INFO                        |
| Step 6  Global Time          WAITING                     |
+------------------------------------------------------------+
| Link health                  Link=1  TM=1  RX=1  TX=1 |
| Lock signals                 Helper=1  MainFreq=1  MainPhase=1 |
|                              MainLock=1  PSTAT=1             |
| Global-Time reason           PTP servo offset not yet <60 ps |
| WR PTP servo state           WAIT_OFFSET_STABLE          |
| WR phase offset              2504 ps (target |offset| <60 ps) |
| Global-Time validity         TIME_VALID=0 PPS_VALID=0     |
| Snapshot                     snapshot=0 stable=1 count=0 |
| PPS registers                CR=20000006 EN=0 ESCR=256   |
| PPS register validity        TM=0 PPS=0                  |
| Step5 result                 LOCK_ACQUIRED_NOT_STABLE    |
+------------------------------------------------------------+

Global Time summary (125 MHz reference; 1 cycle = 8 ns)
------------------------------------------------------------
  MASTER  (DE5_1-11.1)
    TAI=405          CYCLES=124999999    VALID
  SLAVE   (DE5_1-11.2)
    TAI=--           CYCLES=--           WAITING (TIME_VALID=0, PPS_VALID=0)
------------------------------------------------------------
Dashboard read complete.
White Rabbit Step 1-6 dashboard  2026-09-30T15:30:19+08:00  (read-only)
Sampling interval: 10s; per-board comparison window: 2000ms

+------------------------------------------------------------+
| MASTER   DE5_1-11.1                                      |
+------------------------------------------------------------+
| Step 1  PHY / Link           PASS                        |
| Step 2  Endpoint / PTP       PASS                        |
| Step 3  WR Handshake         INFO                        |
| Step 4  SoftPLL Startup      PASS                        |
| Step 5  Closed-loop Lock     INFO                        |
| Step 6  Global Time          VALID                       |
+------------------------------------------------------------+
| Link health                  Link=1  TM=1  RX=1  TX=1 |
| Lock signals                 Helper=NA  MainFreq=NA  MainPhase=NA |
|                              MainLock=NA  PSTAT=NA             |
| Global-Time reason           PPS snapshot valid; Step6 gate passed |
| WR PTP servo state           NA                          |
| WR phase offset              NA ps                       |
| Global-Time validity         TIME_VALID=1 PPS_VALID=1     |
| Snapshot                     snapshot=1 stable=1 count=416 |
| PPS registers                CR=20000006 EN=0 ESCR=396   |
| PPS register validity        TM=1 PPS=1                  |
| Step5 result                 NOT_APPLICABLE_MASTER       |
+------------------------------------------------------------+
+------------------------------------------------------------+
| SLAVE    DE5_1-11.2                                      |
+------------------------------------------------------------+
| Step 1  PHY / Link           PASS                        |
| Step 2  Endpoint / PTP       PASS                        |
| Step 3  WR Handshake         PASS                        |
| Step 4  SoftPLL Startup      PASS                        |
| Step 5  Closed-loop Lock     INFO                        |
| Step 6  Global Time          WAITING                     |
+------------------------------------------------------------+
| Link health                  Link=1  TM=1  RX=1  TX=1 |
| Lock signals                 Helper=1  MainFreq=1  MainPhase=1 |
|                              MainLock=1  PSTAT=1             |
| Global-Time reason           PTP servo offset not yet <60 ps |
| WR PTP servo state           WAIT_OFFSET_STABLE          |
| WR phase offset              2439 ps (target |offset| <60 ps) |
| Global-Time validity         TIME_VALID=0 PPS_VALID=0     |
| Snapshot                     snapshot=0 stable=1 count=0 |
| PPS registers                CR=20000006 EN=0 ESCR=256   |
| PPS register validity        TM=0 PPS=0                  |
| Step5 result                 LOCK_ACQUIRED_NOT_STABLE    |
+------------------------------------------------------------+

Global Time summary (125 MHz reference; 1 cycle = 8 ns)
------------------------------------------------------------
  MASTER  (DE5_1-11.1)
    TAI=415          CYCLES=124999999    VALID
  SLAVE   (DE5_1-11.2)
    TAI=--           CYCLES=--           WAITING (TIME_VALID=0, PPS_VALID=0)
------------------------------------------------------------
Dashboard read complete.
White Rabbit Step 1-6 dashboard  2026-09-30T15:30:29+08:00  (read-only)
Sampling interval: 10s; per-board comparison window: 2000ms

+------------------------------------------------------------+
| MASTER   DE5_1-11.1                                      |
+------------------------------------------------------------+
| Step 1  PHY / Link           PASS                        |
| Step 2  Endpoint / PTP       PASS                        |
| Step 3  WR Handshake         INFO                        |
| Step 4  SoftPLL Startup      PASS                        |
| Step 5  Closed-loop Lock     INFO                        |
| Step 6  Global Time          VALID                       |
+------------------------------------------------------------+
| Link health                  Link=1  TM=1  RX=1  TX=1 |
| Lock signals                 Helper=NA  MainFreq=NA  MainPhase=NA |
|                              MainLock=NA  PSTAT=NA             |
| Global-Time reason           PPS snapshot valid; Step6 gate passed |
| WR PTP servo state           NA                          |
| WR phase offset              NA ps                       |
| Global-Time validity         TIME_VALID=1 PPS_VALID=1     |
| Snapshot                     snapshot=1 stable=1 count=426 |
| PPS registers                CR=20000006 EN=0 ESCR=268   |
| PPS register validity        TM=1 PPS=1                  |
| Step5 result                 NOT_APPLICABLE_MASTER       |
+------------------------------------------------------------+
+------------------------------------------------------------+
| SLAVE    DE5_1-11.2                                      |
+------------------------------------------------------------+
| Step 1  PHY / Link           PASS                        |
| Step 2  Endpoint / PTP       PASS                        |
| Step 3  WR Handshake         PASS                        |
| Step 4  SoftPLL Startup      PASS                        |
| Step 5  Closed-loop Lock     INFO                        |
| Step 6  Global Time          WAITING                     |
+------------------------------------------------------------+
| Link health                  Link=1  TM=1  RX=1  TX=1 |
| Lock signals                 Helper=1  MainFreq=1  MainPhase=1 |
|                              MainLock=1  PSTAT=1             |
| Global-Time reason           PTP servo offset not yet <60 ps |
| WR PTP servo state           SYNC_PHASE                  |
| WR phase offset              -2230 ps (target |offset| <60 ps) |
| Global-Time validity         TIME_VALID=0 PPS_VALID=0     |
| Snapshot                     snapshot=0 stable=1 count=0 |
| PPS registers                CR=20000006 EN=0 ESCR=256   |
| PPS register validity        TM=0 PPS=0                  |
| Step5 result                 LOCK_ACQUIRED_NOT_STABLE    |
+------------------------------------------------------------+

Global Time summary (125 MHz reference; 1 cycle = 8 ns)
------------------------------------------------------------
  MASTER  (DE5_1-11.1)
    TAI=425          CYCLES=124999999    VALID
  SLAVE   (DE5_1-11.2)
    TAI=--           CYCLES=--           WAITING (TIME_VALID=0, PPS_VALID=0)
------------------------------------------------------------
Dashboard read complete.
White Rabbit Step 1-6 dashboard  2026-09-30T15:30:39+08:00  (read-only)
Sampling interval: 10s; per-board comparison window: 2000ms

+------------------------------------------------------------+
| MASTER   DE5_1-11.1                                      |
+------------------------------------------------------------+
| Step 1  PHY / Link           PASS                        |
| Step 2  Endpoint / PTP       PASS                        |
| Step 3  WR Handshake         INFO                        |
| Step 4  SoftPLL Startup      PASS                        |
| Step 5  Closed-loop Lock     INFO                        |
| Step 6  Global Time          VALID                       |
+------------------------------------------------------------+
| Link health                  Link=1  TM=1  RX=1  TX=1 |
| Lock signals                 Helper=NA  MainFreq=NA  MainPhase=NA |
|                              MainLock=NA  PSTAT=NA             |
| Global-Time reason           PPS snapshot valid; Step6 gate passed |
| WR PTP servo state           NA                          |
| WR phase offset              NA ps                       |
| Global-Time validity         TIME_VALID=1 PPS_VALID=1     |
| Snapshot                     snapshot=1 stable=1 count=436 |
| PPS registers                CR=20000006 EN=0 ESCR=268   |
| PPS register validity        TM=1 PPS=1                  |
| Step5 result                 NOT_APPLICABLE_MASTER       |
+------------------------------------------------------------+
+------------------------------------------------------------+
| SLAVE    DE5_1-11.2                                      |
+------------------------------------------------------------+
| Step 1  PHY / Link           PASS                        |
| Step 2  Endpoint / PTP       PASS                        |
| Step 3  WR Handshake         PASS                        |
| Step 4  SoftPLL Startup      PASS                        |
| Step 5  Closed-loop Lock     INFO                        |
| Step 6  Global Time          WAITING                     |
+------------------------------------------------------------+
| Link health                  Link=1  TM=1  RX=1  TX=1 |
| Lock signals                 Helper=1  MainFreq=1  MainPhase=1 |
|                              MainLock=1  PSTAT=1             |
| Global-Time reason           PTP servo offset not yet <60 ps |
| WR PTP servo state           WAIT_OFFSET_STABLE          |
| WR phase offset              2316 ps (target |offset| <60 ps) |
| Global-Time validity         TIME_VALID=0 PPS_VALID=0     |
| Snapshot                     snapshot=0 stable=1 count=0 |
| PPS registers                CR=20000006 EN=0 ESCR=256   |
| PPS register validity        TM=0 PPS=0                  |
| Step5 result                 LOCK_ACQUIRED_NOT_STABLE    |
+------------------------------------------------------------+

Global Time summary (125 MHz reference; 1 cycle = 8 ns)
------------------------------------------------------------
  MASTER  (DE5_1-11.1)
    TAI=435          CYCLES=124999999    VALID
  SLAVE   (DE5_1-11.2)
    TAI=--           CYCLES=--           WAITING (TIME_VALID=0, PPS_VALID=0)
------------------------------------------------------------
Dashboard read complete.
White Rabbit Step 1-6 dashboard  2026-09-30T15:30:49+08:00  (read-only)
Sampling interval: 10s; per-board comparison window: 2000ms

+------------------------------------------------------------+
| MASTER   DE5_1-11.1                                      |
+------------------------------------------------------------+
| Step 1  PHY / Link           PASS                        |
| Step 2  Endpoint / PTP       PASS                        |
| Step 3  WR Handshake         INFO                        |
| Step 4  SoftPLL Startup      PASS                        |
| Step 5  Closed-loop Lock     INFO                        |
| Step 6  Global Time          VALID                       |
+------------------------------------------------------------+
| Link health                  Link=1  TM=1  RX=1  TX=1 |
| Lock signals                 Helper=NA  MainFreq=NA  MainPhase=NA |
|                              MainLock=NA  PSTAT=NA             |
| Global-Time reason           PPS snapshot valid; Step6 gate passed |
| WR PTP servo state           NA                          |
| WR phase offset              NA ps                       |
| Global-Time validity         TIME_VALID=1 PPS_VALID=1     |
| Snapshot                     snapshot=1 stable=1 count=446 |
| PPS registers                CR=20000006 EN=0 ESCR=15466380 |
| PPS register validity        TM=1 PPS=1                  |
| Step5 result                 NOT_APPLICABLE_MASTER       |
+------------------------------------------------------------+
+------------------------------------------------------------+
| SLAVE    DE5_1-11.2                                      |
+------------------------------------------------------------+
| Step 1  PHY / Link           PASS                        |
| Step 2  Endpoint / PTP       PASS                        |
| Step 3  WR Handshake         PASS                        |
| Step 4  SoftPLL Startup      PASS                        |
| Step 5  Closed-loop Lock     INFO                        |
| Step 6  Global Time          WAITING                     |
+------------------------------------------------------------+
| Link health                  Link=1  TM=1  RX=1  TX=1 |
| Lock signals                 Helper=1  MainFreq=1  MainPhase=1 |
|                              MainLock=1  PSTAT=1             |
| Global-Time reason           PTP servo offset not yet <60 ps |
| WR PTP servo state           WAIT_OFFSET_STABLE          |
| WR phase offset              -2288 ps (target |offset| <60 ps) |
| Global-Time validity         TIME_VALID=0 PPS_VALID=0     |
| Snapshot                     snapshot=0 stable=1 count=0 |
| PPS registers                CR=20000006 EN=0 ESCR=256   |
| PPS register validity        TM=0 PPS=0                  |
| Step5 result                 LOCK_ACQUIRED_NOT_STABLE    |
+------------------------------------------------------------+

Global Time summary (125 MHz reference; 1 cycle = 8 ns)
------------------------------------------------------------
  MASTER  (DE5_1-11.1)
    TAI=445          CYCLES=124999999    VALID
  SLAVE   (DE5_1-11.2)
    TAI=--           CYCLES=--           WAITING (TIME_VALID=0, PPS_VALID=0)
------------------------------------------------------------
Dashboard read complete.
White Rabbit Step 1-6 dashboard  2026-09-30T15:30:59+08:00  (read-only)
Sampling interval: 10s; per-board comparison window: 2000ms

+------------------------------------------------------------+
| MASTER   DE5_1-11.1                                      |
+------------------------------------------------------------+
| Step 1  PHY / Link           PASS                        |
| Step 2  Endpoint / PTP       PASS                        |
| Step 3  WR Handshake         INFO                        |
| Step 4  SoftPLL Startup      PASS                        |
| Step 5  Closed-loop Lock     INFO                        |
| Step 6  Global Time          VALID                       |
+------------------------------------------------------------+
| Link health                  Link=1  TM=1  RX=1  TX=1 |
| Lock signals                 Helper=NA  MainFreq=NA  MainPhase=NA |
|                              MainLock=NA  PSTAT=NA             |
| Global-Time reason           PPS snapshot valid; Step6 gate passed |
| WR PTP servo state           NA                          |
| WR phase offset              NA ps                       |
| Global-Time validity         TIME_VALID=1 PPS_VALID=1     |
| Snapshot                     snapshot=1 stable=1 count=456 |
| PPS registers                CR=20000006 EN=0 ESCR=396   |
| PPS register validity        TM=1 PPS=1                  |
| Step5 result                 NOT_APPLICABLE_MASTER       |
+------------------------------------------------------------+
+------------------------------------------------------------+
| SLAVE    DE5_1-11.2                                      |
+------------------------------------------------------------+
| Step 1  PHY / Link           PASS                        |
| Step 2  Endpoint / PTP       PASS                        |
| Step 3  WR Handshake         PASS                        |
| Step 4  SoftPLL Startup      PASS                        |
| Step 5  Closed-loop Lock     INFO                        |
| Step 6  Global Time          WAITING                     |
+------------------------------------------------------------+
| Link health                  Link=1  TM=1  RX=1  TX=1 |
| Lock signals                 Helper=1  MainFreq=1  MainPhase=1 |
|                              MainLock=1  PSTAT=1             |
| Global-Time reason           PTP servo offset not yet <60 ps |
| WR PTP servo state           WAIT_OFFSET_STABLE          |
| WR phase offset              2374 ps (target |offset| <60 ps) |
| Global-Time validity         TIME_VALID=0 PPS_VALID=0     |
| Snapshot                     snapshot=0 stable=1 count=0 |
| PPS registers                CR=20000006 EN=0 ESCR=256   |
| PPS register validity        TM=0 PPS=0                  |
| Step5 result                 LOCK_ACQUIRED_NOT_STABLE    |
+------------------------------------------------------------+

Global Time summary (125 MHz reference; 1 cycle = 8 ns)
------------------------------------------------------------
  MASTER  (DE5_1-11.1)
    TAI=455          CYCLES=124999999    VALID
  SLAVE   (DE5_1-11.2)
    TAI=--           CYCLES=--           WAITING (TIME_VALID=0, PPS_VALID=0)
------------------------------------------------------------
Dashboard read complete.
White Rabbit Step 1-6 dashboard  2026-09-30T15:31:09+08:00  (read-only)
Sampling interval: 10s; per-board comparison window: 2000ms

+------------------------------------------------------------+
| MASTER   DE5_1-11.1                                      |
+------------------------------------------------------------+
| Step 1  PHY / Link           PASS                        |
| Step 2  Endpoint / PTP       PASS                        |
| Step 3  WR Handshake         INFO                        |
| Step 4  SoftPLL Startup      PASS                        |
| Step 5  Closed-loop Lock     INFO                        |
| Step 6  Global Time          VALID                       |
+------------------------------------------------------------+
| Link health                  Link=1  TM=1  RX=1  TX=1 |
| Lock signals                 Helper=NA  MainFreq=NA  MainPhase=NA |
|                              MainLock=NA  PSTAT=NA             |
| Global-Time reason           PPS snapshot valid; Step6 gate passed |
| WR PTP servo state           NA                          |
| WR phase offset              NA ps                       |
| Global-Time validity         TIME_VALID=1 PPS_VALID=1     |
| Snapshot                     snapshot=1 stable=1 count=466 |
| PPS registers                CR=20000006 EN=0 ESCR=268   |
| PPS register validity        TM=1 PPS=1                  |
| Step5 result                 NOT_APPLICABLE_MASTER       |
+------------------------------------------------------------+
+------------------------------------------------------------+
| SLAVE    DE5_1-11.2                                      |
+------------------------------------------------------------+
| Step 1  PHY / Link           PASS                        |
| Step 2  Endpoint / PTP       PASS                        |
| Step 3  WR Handshake         PASS                        |
| Step 4  SoftPLL Startup      PASS                        |
| Step 5  Closed-loop Lock     INFO                        |
| Step 6  Global Time          WAITING                     |
+------------------------------------------------------------+
| Link health                  Link=1  TM=1  RX=1  TX=1 |
| Lock signals                 Helper=1  MainFreq=1  MainPhase=1 |
|                              MainLock=1  PSTAT=1             |
| Global-Time reason           PTP servo offset not yet <60 ps |
| WR PTP servo state           WAIT_OFFSET_STABLE          |
| WR phase offset              -2335 ps (target |offset| <60 ps) |
| Global-Time validity         TIME_VALID=0 PPS_VALID=0     |
| Snapshot                     snapshot=0 stable=1 count=0 |
| PPS registers                CR=20000006 EN=0 ESCR=256   |
| PPS register validity        TM=0 PPS=0                  |
| Step5 result                 LOCK_ACQUIRED_NOT_STABLE    |
+------------------------------------------------------------+

Global Time summary (125 MHz reference; 1 cycle = 8 ns)
------------------------------------------------------------
  MASTER  (DE5_1-11.1)
    TAI=465          CYCLES=124999999    VALID
  SLAVE   (DE5_1-11.2)
    TAI=--           CYCLES=--           WAITING (TIME_VALID=0, PPS_VALID=0)
------------------------------------------------------------
Dashboard read complete.
White Rabbit Step 1-6 dashboard  2026-09-30T15:31:19+08:00  (read-only)
Sampling interval: 10s; per-board comparison window: 2000ms

+------------------------------------------------------------+
| MASTER   DE5_1-11.1                                      |
+------------------------------------------------------------+
| Step 1  PHY / Link           PASS                        |
| Step 2  Endpoint / PTP       PASS                        |
| Step 3  WR Handshake         INFO                        |
| Step 4  SoftPLL Startup      PASS                        |
| Step 5  Closed-loop Lock     INFO                        |
| Step 6  Global Time          VALID                       |
+------------------------------------------------------------+
| Link health                  Link=1  TM=1  RX=1  TX=1 |
| Lock signals                 Helper=NA  MainFreq=NA  MainPhase=NA |
|                              MainLock=NA  PSTAT=NA             |
| Global-Time reason           PPS snapshot valid; Step6 gate passed |
| WR PTP servo state           NA                          |
| WR phase offset              NA ps                       |
| Global-Time validity         TIME_VALID=1 PPS_VALID=1     |
| Snapshot                     snapshot=1 stable=1 count=476 |
| PPS registers                CR=20000006 EN=0 ESCR=268   |
| PPS register validity        TM=1 PPS=1                  |
| Step5 result                 NOT_APPLICABLE_MASTER       |
+------------------------------------------------------------+
+------------------------------------------------------------+
| SLAVE    DE5_1-11.2                                      |
+------------------------------------------------------------+
| Step 1  PHY / Link           PASS                        |
| Step 2  Endpoint / PTP       PASS                        |
| Step 3  WR Handshake         PASS                        |
| Step 4  SoftPLL Startup      PASS                        |
| Step 5  Closed-loop Lock     INFO                        |
| Step 6  Global Time          WAITING                     |
+------------------------------------------------------------+
| Link health                  Link=1  TM=1  RX=1  TX=1 |
| Lock signals                 Helper=1  MainFreq=1  MainPhase=1 |
|                              MainLock=1  PSTAT=1             |
| Global-Time reason           PTP servo offset not yet <60 ps |
| WR PTP servo state           WAIT_OFFSET_STABLE          |
| WR phase offset              2324 ps (target |offset| <60 ps) |
| Global-Time validity         TIME_VALID=0 PPS_VALID=0     |
| Snapshot                     snapshot=0 stable=1 count=0 |
| PPS registers                CR=20000006 EN=0 ESCR=384   |
| PPS register validity        TM=0 PPS=0                  |
| Step5 result                 LOCK_ACQUIRED_NOT_STABLE    |
+------------------------------------------------------------+

Global Time summary (125 MHz reference; 1 cycle = 8 ns)
------------------------------------------------------------
  MASTER  (DE5_1-11.1)
    TAI=475          CYCLES=124999999    VALID
  SLAVE   (DE5_1-11.2)
    TAI=--           CYCLES=--           WAITING (TIME_VALID=0, PPS_VALID=0)
------------------------------------------------------------
Dashboard read complete.
White Rabbit Step 1-6 dashboard  2026-09-30T15:31:29+08:00  (read-only)
Sampling interval: 10s; per-board comparison window: 2000ms

+------------------------------------------------------------+
| MASTER   DE5_1-11.1                                      |
+------------------------------------------------------------+
| Step 1  PHY / Link           PASS                        |
| Step 2  Endpoint / PTP       PASS                        |
| Step 3  WR Handshake         INFO                        |
| Step 4  SoftPLL Startup      PASS                        |
| Step 5  Closed-loop Lock     INFO                        |
| Step 6  Global Time          VALID                       |
+------------------------------------------------------------+
| Link health                  Link=1  TM=1  RX=1  TX=1 |
| Lock signals                 Helper=NA  MainFreq=NA  MainPhase=NA |
|                              MainLock=NA  PSTAT=NA             |
| Global-Time reason           PPS snapshot valid; Step6 gate passed |
| WR PTP servo state           NA                          |
| WR phase offset              NA ps                       |
| Global-Time validity         TIME_VALID=1 PPS_VALID=1     |
| Snapshot                     snapshot=1 stable=1 count=486 |
| PPS registers                CR=20000006 EN=0 ESCR=268   |
| PPS register validity        TM=1 PPS=1                  |
| Step5 result                 NOT_APPLICABLE_MASTER       |
+------------------------------------------------------------+
+------------------------------------------------------------+
| SLAVE    DE5_1-11.2                                      |
+------------------------------------------------------------+
| Step 1  PHY / Link           PASS                        |
| Step 2  Endpoint / PTP       PASS                        |
| Step 3  WR Handshake         PASS                        |
| Step 4  SoftPLL Startup      PASS                        |
| Step 5  Closed-loop Lock     INFO                        |
| Step 6  Global Time          WAITING                     |
+------------------------------------------------------------+
| Link health                  Link=1  TM=1  RX=1  TX=1 |
| Lock signals                 Helper=1  MainFreq=1  MainPhase=1 |
|                              MainLock=1  PSTAT=1             |
| Global-Time reason           PTP servo offset not yet <60 ps |
| WR PTP servo state           WAIT_OFFSET_STABLE          |
| WR phase offset              -2204 ps (target |offset| <60 ps) |
| Global-Time validity         TIME_VALID=0 PPS_VALID=0     |
| Snapshot                     snapshot=0 stable=1 count=0 |
| PPS registers                CR=20000006 EN=0 ESCR=256   |
| PPS register validity        TM=0 PPS=0                  |
| Step5 result                 LOCK_ACQUIRED_NOT_STABLE    |
+------------------------------------------------------------+

Global Time summary (125 MHz reference; 1 cycle = 8 ns)
------------------------------------------------------------
  MASTER  (DE5_1-11.1)
    TAI=485          CYCLES=124999999    VALID
  SLAVE   (DE5_1-11.2)
    TAI=--           CYCLES=--           WAITING (TIME_VALID=0, PPS_VALID=0)
------------------------------------------------------------
Dashboard read complete.
White Rabbit Step 1-6 dashboard  2026-09-30T15:31:39+08:00  (read-only)
Sampling interval: 10s; per-board comparison window: 2000ms

+------------------------------------------------------------+
| MASTER   DE5_1-11.1                                      |
+------------------------------------------------------------+
| Step 1  PHY / Link           PASS                        |
| Step 2  Endpoint / PTP       PASS                        |
| Step 3  WR Handshake         INFO                        |
| Step 4  SoftPLL Startup      PASS                        |
| Step 5  Closed-loop Lock     INFO                        |
| Step 6  Global Time          VALID                       |
+------------------------------------------------------------+
| Link health                  Link=1  TM=1  RX=1  TX=1 |
| Lock signals                 Helper=NA  MainFreq=NA  MainPhase=NA |
|                              MainLock=NA  PSTAT=NA             |
| Global-Time reason           PPS snapshot valid; Step6 gate passed |
| WR PTP servo state           NA                          |
| WR phase offset              NA ps                       |
| Global-Time validity         TIME_VALID=1 PPS_VALID=1     |
| Snapshot                     snapshot=1 stable=1 count=496 |
| PPS registers                CR=20000006 EN=0 ESCR=268   |
| PPS register validity        TM=1 PPS=1                  |
| Step5 result                 NOT_APPLICABLE_MASTER       |
+------------------------------------------------------------+
+------------------------------------------------------------+
| SLAVE    DE5_1-11.2                                      |
+------------------------------------------------------------+
| Step 1  PHY / Link           PASS                        |
| Step 2  Endpoint / PTP       PASS                        |
| Step 3  WR Handshake         PASS                        |
| Step 4  SoftPLL Startup      PASS                        |
| Step 5  Closed-loop Lock     INFO                        |
| Step 6  Global Time          WAITING                     |
+------------------------------------------------------------+
| Link health                  Link=1  TM=1  RX=1  TX=1 |
| Lock signals                 Helper=1  MainFreq=1  MainPhase=1 |
|                              MainLock=1  PSTAT=1             |
| Global-Time reason           PTP servo offset not yet <60 ps |
| WR PTP servo state           WAIT_OFFSET_STABLE          |
| WR phase offset              2201 ps (target |offset| <60 ps) |
| Global-Time validity         TIME_VALID=0 PPS_VALID=0     |
| Snapshot                     snapshot=0 stable=1 count=0 |
| PPS registers                CR=20000006 EN=0 ESCR=58381824 |
| PPS register validity        TM=0 PPS=0                  |
| Step5 result                 LOCK_ACQUIRED_NOT_STABLE    |
+------------------------------------------------------------+

Global Time summary (125 MHz reference; 1 cycle = 8 ns)
------------------------------------------------------------
  MASTER  (DE5_1-11.1)
    TAI=495          CYCLES=124999999    VALID
  SLAVE   (DE5_1-11.2)
    TAI=--           CYCLES=--           WAITING (TIME_VALID=0, PPS_VALID=0)
------------------------------------------------------------
Dashboard read complete.
White Rabbit Step 1-6 dashboard  2026-09-30T15:31:49+08:00  (read-only)
Sampling interval: 10s; per-board comparison window: 2000ms

+------------------------------------------------------------+
| MASTER   DE5_1-11.1                                      |
+------------------------------------------------------------+
| Step 1  PHY / Link           PASS                        |
| Step 2  Endpoint / PTP       PASS                        |
| Step 3  WR Handshake         INFO                        |
| Step 4  SoftPLL Startup      PASS                        |
| Step 5  Closed-loop Lock     INFO                        |
| Step 6  Global Time          VALID                       |
+------------------------------------------------------------+
| Link health                  Link=1  TM=1  RX=1  TX=1 |
| Lock signals                 Helper=NA  MainFreq=NA  MainPhase=NA |
|                              MainLock=NA  PSTAT=NA             |
| Global-Time reason           PPS snapshot valid; Step6 gate passed |
| WR PTP servo state           NA                          |
| WR phase offset              NA ps                       |
| Global-Time validity         TIME_VALID=1 PPS_VALID=1     |
| Snapshot                     snapshot=1 stable=1 count=506 |
| PPS registers                CR=20000006 EN=0 ESCR=268   |
| PPS register validity        TM=1 PPS=1                  |
| Step5 result                 NOT_APPLICABLE_MASTER       |
+------------------------------------------------------------+
+------------------------------------------------------------+
| SLAVE    DE5_1-11.2                                      |
+------------------------------------------------------------+
| Step 1  PHY / Link           PASS                        |
| Step 2  Endpoint / PTP       PASS                        |
| Step 3  WR Handshake         PASS                        |
| Step 4  SoftPLL Startup      PASS                        |
| Step 5  Closed-loop Lock     INFO                        |
| Step 6  Global Time          WAITING                     |
+------------------------------------------------------------+
| Link health                  Link=1  TM=1  RX=1  TX=1 |
| Lock signals                 Helper=1  MainFreq=1  MainPhase=1 |
|                              MainLock=1  PSTAT=1             |
| Global-Time reason           PTP servo offset not yet <60 ps |
| WR PTP servo state           WAIT_OFFSET_STABLE          |
| WR phase offset              -2381 ps (target |offset| <60 ps) |
| Global-Time validity         TIME_VALID=0 PPS_VALID=0     |
| Snapshot                     snapshot=0 stable=1 count=0 |
| PPS registers                CR=20000006 EN=0 ESCR=256   |
| PPS register validity        TM=0 PPS=0                  |
| Step5 result                 LOCK_ACQUIRED_NOT_STABLE    |
+------------------------------------------------------------+

Global Time summary (125 MHz reference; 1 cycle = 8 ns)
------------------------------------------------------------
  MASTER  (DE5_1-11.1)
    TAI=505          CYCLES=124999999    VALID
  SLAVE   (DE5_1-11.2)
    TAI=--           CYCLES=--           WAITING (TIME_VALID=0, PPS_VALID=0)
------------------------------------------------------------
Dashboard read complete.
White Rabbit Step 1-6 dashboard  2026-09-30T15:31:59+08:00  (read-only)
Sampling interval: 10s; per-board comparison window: 2000ms

+------------------------------------------------------------+
| MASTER   DE5_1-11.1                                      |
+------------------------------------------------------------+
| Step 1  PHY / Link           PASS                        |
| Step 2  Endpoint / PTP       PASS                        |
| Step 3  WR Handshake         INFO                        |
| Step 4  SoftPLL Startup      PASS                        |
| Step 5  Closed-loop Lock     INFO                        |
| Step 6  Global Time          VALID                       |
+------------------------------------------------------------+
| Link health                  Link=1  TM=1  RX=1  TX=1 |
| Lock signals                 Helper=NA  MainFreq=NA  MainPhase=NA |
|                              MainLock=NA  PSTAT=NA             |
| Global-Time reason           PPS snapshot valid; Step6 gate passed |
| WR PTP servo state           NA                          |
| WR phase offset              NA ps                       |
| Global-Time validity         TIME_VALID=1 PPS_VALID=1     |
| Snapshot                     snapshot=1 stable=1 count=516 |
| PPS registers                CR=20000006 EN=0 ESCR=524   |
| PPS register validity        TM=1 PPS=1                  |
| Step5 result                 NOT_APPLICABLE_MASTER       |
+------------------------------------------------------------+
+------------------------------------------------------------+
| SLAVE    DE5_1-11.2                                      |
+------------------------------------------------------------+
| Step 1  PHY / Link           PASS                        |
| Step 2  Endpoint / PTP       PASS                        |
| Step 3  WR Handshake         PASS                        |
| Step 4  SoftPLL Startup      PASS                        |
| Step 5  Closed-loop Lock     INFO                        |
| Step 6  Global Time          WAITING                     |
+------------------------------------------------------------+
| Link health                  Link=1  TM=1  RX=1  TX=1 |
| Lock signals                 Helper=1  MainFreq=1  MainPhase=1 |
|                              MainLock=1  PSTAT=1             |
| Global-Time reason           PTP servo offset not yet <60 ps |
| WR PTP servo state           WAIT_OFFSET_STABLE          |
| WR phase offset              2205 ps (target |offset| <60 ps) |
| Global-Time validity         TIME_VALID=0 PPS_VALID=0     |
| Snapshot                     snapshot=0 stable=1 count=0 |
| PPS registers                CR=20000006 EN=0 ESCR=512   |
| PPS register validity        TM=0 PPS=0                  |
| Step5 result                 LOCK_ACQUIRED_NOT_STABLE    |
+------------------------------------------------------------+

Global Time summary (125 MHz reference; 1 cycle = 8 ns)
------------------------------------------------------------
  MASTER  (DE5_1-11.1)
    TAI=515          CYCLES=124999999    VALID
  SLAVE   (DE5_1-11.2)
    TAI=--           CYCLES=--           WAITING (TIME_VALID=0, PPS_VALID=0)
------------------------------------------------------------
Dashboard read complete.
White Rabbit Step 1-6 dashboard  2026-09-30T15:32:09+08:00  (read-only)
Sampling interval: 10s; per-board comparison window: 2000ms

+------------------------------------------------------------+
| MASTER   DE5_1-11.1                                      |
+------------------------------------------------------------+
| Step 1  PHY / Link           PASS                        |
| Step 2  Endpoint / PTP       PASS                        |
| Step 3  WR Handshake         INFO                        |
| Step 4  SoftPLL Startup      PASS                        |
| Step 5  Closed-loop Lock     INFO                        |
| Step 6  Global Time          VALID                       |
+------------------------------------------------------------+
| Link health                  Link=1  TM=1  RX=1  TX=1 |
| Lock signals                 Helper=NA  MainFreq=NA  MainPhase=NA |
|                              MainLock=NA  PSTAT=NA             |
| Global-Time reason           PPS snapshot valid; Step6 gate passed |
| WR PTP servo state           NA                          |
| WR phase offset              NA ps                       |
| Global-Time validity         TIME_VALID=1 PPS_VALID=1     |
| Snapshot                     snapshot=1 stable=1 count=526 |
| PPS registers                CR=20000006 EN=0 ESCR=524   |
| PPS register validity        TM=1 PPS=1                  |
| Step5 result                 NOT_APPLICABLE_MASTER       |
+------------------------------------------------------------+
+------------------------------------------------------------+
| SLAVE    DE5_1-11.2                                      |
+------------------------------------------------------------+
| Step 1  PHY / Link           PASS                        |
| Step 2  Endpoint / PTP       PASS                        |
| Step 3  WR Handshake         PASS                        |
| Step 4  SoftPLL Startup      PASS                        |
| Step 5  Closed-loop Lock     INFO                        |
| Step 6  Global Time          WAITING                     |
+------------------------------------------------------------+
| Link health                  Link=1  TM=1  RX=1  TX=1 |
| Lock signals                 Helper=1  MainFreq=1  MainPhase=1 |
|                              MainLock=1  PSTAT=1             |
| Global-Time reason           PTP servo offset not yet <60 ps |
| WR PTP servo state           SYNC_PHASE                  |
| WR phase offset              2329 ps (target |offset| <60 ps) |
| Global-Time validity         TIME_VALID=0 PPS_VALID=0     |
| Snapshot                     snapshot=0 stable=1 count=0 |
| PPS registers                CR=20000006 EN=0 ESCR=512   |
| PPS register validity        TM=0 PPS=0                  |
| Step5 result                 LOCK_ACQUIRED_NOT_STABLE    |
+------------------------------------------------------------+

Global Time summary (125 MHz reference; 1 cycle = 8 ns)
------------------------------------------------------------
  MASTER  (DE5_1-11.1)
    TAI=525          CYCLES=124999999    VALID
  SLAVE   (DE5_1-11.2)
    TAI=--           CYCLES=--           WAITING (TIME_VALID=0, PPS_VALID=0)
------------------------------------------------------------
Dashboard read complete.
White Rabbit Step 1-6 dashboard  2026-09-30T15:32:19+08:00  (read-only)
Sampling interval: 10s; per-board comparison window: 2000ms

+------------------------------------------------------------+
| MASTER   DE5_1-11.1                                      |
+------------------------------------------------------------+
| Step 1  PHY / Link           PASS                        |
| Step 2  Endpoint / PTP       PASS                        |
| Step 3  WR Handshake         INFO                        |
| Step 4  SoftPLL Startup      PASS                        |
| Step 5  Closed-loop Lock     INFO                        |
| Step 6  Global Time          VALID                       |
+------------------------------------------------------------+
| Link health                  Link=1  TM=1  RX=1  TX=1 |
| Lock signals                 Helper=NA  MainFreq=NA  MainPhase=NA |
|                              MainLock=NA  PSTAT=NA             |
| Global-Time reason           PPS snapshot valid; Step6 gate passed |
| WR PTP servo state           NA                          |
| WR phase offset              NA ps                       |
| Global-Time validity         TIME_VALID=1 PPS_VALID=1     |
| Snapshot                     snapshot=1 stable=1 count=536 |
| PPS registers                CR=20000006 EN=0 ESCR=524   |
| PPS register validity        TM=1 PPS=1                  |
| Step5 result                 NOT_APPLICABLE_MASTER       |
+------------------------------------------------------------+
+------------------------------------------------------------+
| SLAVE    DE5_1-11.2                                      |
+------------------------------------------------------------+
| Step 1  PHY / Link           PASS                        |
| Step 2  Endpoint / PTP       PASS                        |
| Step 3  WR Handshake         PASS                        |
| Step 4  SoftPLL Startup      PASS                        |
| Step 5  Closed-loop Lock     INFO                        |
| Step 6  Global Time          WAITING                     |
+------------------------------------------------------------+
| Link health                  Link=1  TM=1  RX=1  TX=1 |
| Lock signals                 Helper=1  MainFreq=1  MainPhase=1 |
|                              MainLock=1  PSTAT=1             |
| Global-Time reason           PTP servo offset not yet <60 ps |
| WR PTP servo state           WAIT_OFFSET_STABLE          |
| WR phase offset              2744 ps (target |offset| <60 ps) |
| Global-Time validity         TIME_VALID=0 PPS_VALID=0     |
| Snapshot                     snapshot=0 stable=1 count=0 |
| PPS registers                CR=20000006 EN=0 ESCR=512   |
| PPS register validity        TM=0 PPS=0                  |
| Step5 result                 LOCK_ACQUIRED_NOT_STABLE    |
+------------------------------------------------------------+

Global Time summary (125 MHz reference; 1 cycle = 8 ns)
------------------------------------------------------------
  MASTER  (DE5_1-11.1)
    TAI=535          CYCLES=124999999    VALID
  SLAVE   (DE5_1-11.2)
    TAI=--           CYCLES=--           WAITING (TIME_VALID=0, PPS_VALID=0)
------------------------------------------------------------
Dashboard read complete.
White Rabbit Step 1-6 dashboard  2026-09-30T15:32:29+08:00  (read-only)
Sampling interval: 10s; per-board comparison window: 2000ms

+------------------------------------------------------------+
| MASTER   DE5_1-11.1                                      |
+------------------------------------------------------------+
| Step 1  PHY / Link           PASS                        |
| Step 2  Endpoint / PTP       PASS                        |
| Step 3  WR Handshake         INFO                        |
| Step 4  SoftPLL Startup      PASS                        |
| Step 5  Closed-loop Lock     INFO                        |
| Step 6  Global Time          VALID                       |
+------------------------------------------------------------+
| Link health                  Link=1  TM=1  RX=1  TX=1 |
| Lock signals                 Helper=NA  MainFreq=NA  MainPhase=NA |
|                              MainLock=NA  PSTAT=NA             |
| Global-Time reason           PPS snapshot valid; Step6 gate passed |
| WR PTP servo state           NA                          |
| WR phase offset              NA ps                       |
| Global-Time validity         TIME_VALID=1 PPS_VALID=1     |
| Snapshot                     snapshot=1 stable=1 count=546 |
| PPS registers                CR=20000006 EN=0 ESCR=524   |
| PPS register validity        TM=1 PPS=1                  |
| Step5 result                 NOT_APPLICABLE_MASTER       |
+------------------------------------------------------------+
+------------------------------------------------------------+
| SLAVE    DE5_1-11.2                                      |
+------------------------------------------------------------+
| Step 1  PHY / Link           PASS                        |
| Step 2  Endpoint / PTP       PASS                        |
| Step 3  WR Handshake         PASS                        |
| Step 4  SoftPLL Startup      PASS                        |
| Step 5  Closed-loop Lock     INFO                        |
| Step 6  Global Time          WAITING                     |
+------------------------------------------------------------+
| Link health                  Link=1  TM=1  RX=1  TX=1 |
| Lock signals                 Helper=1  MainFreq=1  MainPhase=1 |
|                              MainLock=1  PSTAT=1             |
| Global-Time reason           PTP servo offset not yet <60 ps |
| WR PTP servo state           WAIT_OFFSET_STABLE          |
| WR phase offset              -1952 ps (target |offset| <60 ps) |
| Global-Time validity         TIME_VALID=0 PPS_VALID=0     |
| Snapshot                     snapshot=0 stable=1 count=0 |
| PPS registers                CR=20000006 EN=0 ESCR=512   |
| PPS register validity        TM=0 PPS=0                  |
| Step5 result                 LOCK_ACQUIRED_NOT_STABLE    |
+------------------------------------------------------------+

Global Time summary (125 MHz reference; 1 cycle = 8 ns)
------------------------------------------------------------
  MASTER  (DE5_1-11.1)
    TAI=545          CYCLES=124999999    VALID
  SLAVE   (DE5_1-11.2)
    TAI=--           CYCLES=--           WAITING (TIME_VALID=0, PPS_VALID=0)
------------------------------------------------------------
Dashboard read complete.
White Rabbit Step 1-6 dashboard  2026-09-30T15:32:39+08:00  (read-only)
Sampling interval: 10s; per-board comparison window: 2000ms

+------------------------------------------------------------+
| MASTER   DE5_1-11.1                                      |
+------------------------------------------------------------+
| Step 1  PHY / Link           PASS                        |
| Step 2  Endpoint / PTP       PASS                        |
| Step 3  WR Handshake         INFO                        |
| Step 4  SoftPLL Startup      PASS                        |
| Step 5  Closed-loop Lock     INFO                        |
| Step 6  Global Time          VALID                       |
+------------------------------------------------------------+
| Link health                  Link=1  TM=1  RX=1  TX=1 |
| Lock signals                 Helper=NA  MainFreq=NA  MainPhase=NA |
|                              MainLock=NA  PSTAT=NA             |
| Global-Time reason           PPS snapshot valid; Step6 gate passed |
| WR PTP servo state           NA                          |
| WR phase offset              NA ps                       |
| Global-Time validity         TIME_VALID=1 PPS_VALID=1     |
| Snapshot                     snapshot=1 stable=1 count=556 |
| PPS registers                CR=20000006 EN=0 ESCR=524   |
| PPS register validity        TM=1 PPS=1                  |
| Step5 result                 NOT_APPLICABLE_MASTER       |
+------------------------------------------------------------+
+------------------------------------------------------------+
| SLAVE    DE5_1-11.2                                      |
+------------------------------------------------------------+
| Step 1  PHY / Link           PASS                        |
| Step 2  Endpoint / PTP       PASS                        |
| Step 3  WR Handshake         PASS                        |
| Step 4  SoftPLL Startup      PASS                        |
| Step 5  Closed-loop Lock     INFO                        |
| Step 6  Global Time          WAITING                     |
+------------------------------------------------------------+
| Link health                  Link=1  TM=1  RX=1  TX=1 |
| Lock signals                 Helper=1  MainFreq=1  MainPhase=1 |
|                              MainLock=1  PSTAT=1             |
| Global-Time reason           PTP servo offset not yet <60 ps |
| WR PTP servo state           WAIT_OFFSET_STABLE          |
| WR phase offset              2527 ps (target |offset| <60 ps) |
| Global-Time validity         TIME_VALID=0 PPS_VALID=0     |
| Snapshot                     snapshot=0 stable=1 count=0 |
| PPS registers                CR=20000006 EN=0 ESCR=512   |
| PPS register validity        TM=0 PPS=0                  |
| Step5 result                 LOCK_ACQUIRED_NOT_STABLE    |
+------------------------------------------------------------+

Global Time summary (125 MHz reference; 1 cycle = 8 ns)
------------------------------------------------------------
  MASTER  (DE5_1-11.1)
    TAI=555          CYCLES=124999999    VALID
  SLAVE   (DE5_1-11.2)
    TAI=--           CYCLES=--           WAITING (TIME_VALID=0, PPS_VALID=0)
------------------------------------------------------------
Dashboard read complete.
White Rabbit Step 1-6 dashboard  2026-09-30T15:32:49+08:00  (read-only)
Sampling interval: 10s; per-board comparison window: 2000ms

+------------------------------------------------------------+
| MASTER   DE5_1-11.1                                      |
+------------------------------------------------------------+
| Step 1  PHY / Link           PASS                        |
| Step 2  Endpoint / PTP       PASS                        |
| Step 3  WR Handshake         INFO                        |
| Step 4  SoftPLL Startup      PASS                        |
| Step 5  Closed-loop Lock     INFO                        |
| Step 6  Global Time          VALID                       |
+------------------------------------------------------------+
| Link health                  Link=1  TM=1  RX=1  TX=1 |
| Lock signals                 Helper=NA  MainFreq=NA  MainPhase=NA |
|                              MainLock=NA  PSTAT=NA             |
| Global-Time reason           PPS snapshot valid; Step6 gate passed |
| WR PTP servo state           NA                          |
| WR phase offset              NA ps                       |
| Global-Time validity         TIME_VALID=1 PPS_VALID=1     |
| Snapshot                     snapshot=1 stable=1 count=566 |
| PPS registers                CR=20000006 EN=0 ESCR=524   |
| PPS register validity        TM=1 PPS=1                  |
| Step5 result                 NOT_APPLICABLE_MASTER       |
+------------------------------------------------------------+
+------------------------------------------------------------+
| SLAVE    DE5_1-11.2                                      |
+------------------------------------------------------------+
| Step 1  PHY / Link           PASS                        |
| Step 2  Endpoint / PTP       PASS                        |
| Step 3  WR Handshake         PASS                        |
| Step 4  SoftPLL Startup      PASS                        |
| Step 5  Closed-loop Lock     INFO                        |
| Step 6  Global Time          WAITING                     |
+------------------------------------------------------------+
| Link health                  Link=1  TM=1  RX=1  TX=1 |
| Lock signals                 Helper=1  MainFreq=1  MainPhase=1 |
|                              MainLock=1  PSTAT=1             |
| Global-Time reason           PTP servo offset not yet <60 ps |
| WR PTP servo state           WAIT_OFFSET_STABLE          |
| WR phase offset              -2049 ps (target |offset| <60 ps) |
| Global-Time validity         TIME_VALID=0 PPS_VALID=0     |
| Snapshot                     snapshot=0 stable=1 count=0 |
| PPS registers                CR=20000006 EN=0 ESCR=512   |
| PPS register validity        TM=0 PPS=0                  |
| Step5 result                 LOCK_ACQUIRED_NOT_STABLE    |
+------------------------------------------------------------+

Global Time summary (125 MHz reference; 1 cycle = 8 ns)
------------------------------------------------------------
  MASTER  (DE5_1-11.1)
    TAI=565          CYCLES=124999999    VALID
  SLAVE   (DE5_1-11.2)
    TAI=--           CYCLES=--           WAITING (TIME_VALID=0, PPS_VALID=0)
------------------------------------------------------------
Dashboard read complete.
White Rabbit Step 1-6 dashboard  2026-09-30T15:32:59+08:00  (read-only)
Sampling interval: 10s; per-board comparison window: 2000ms

+------------------------------------------------------------+
| MASTER   DE5_1-11.1                                      |
+------------------------------------------------------------+
| Step 1  PHY / Link           PASS                        |
| Step 2  Endpoint / PTP       PASS                        |
| Step 3  WR Handshake         INFO                        |
| Step 4  SoftPLL Startup      PASS                        |
| Step 5  Closed-loop Lock     INFO                        |
| Step 6  Global Time          VALID                       |
+------------------------------------------------------------+
| Link health                  Link=1  TM=1  RX=1  TX=1 |
| Lock signals                 Helper=NA  MainFreq=NA  MainPhase=NA |
|                              MainLock=NA  PSTAT=NA             |
| Global-Time reason           PPS snapshot valid; Step6 gate passed |
| WR PTP servo state           NA                          |
| WR phase offset              NA ps                       |
| Global-Time validity         TIME_VALID=1 PPS_VALID=1     |
| Snapshot                     snapshot=1 stable=1 count=576 |
| PPS registers                CR=20000006 EN=0 ESCR=524   |
| PPS register validity        TM=1 PPS=1                  |
| Step5 result                 NOT_APPLICABLE_MASTER       |
+------------------------------------------------------------+
+------------------------------------------------------------+
| SLAVE    DE5_1-11.2                                      |
+------------------------------------------------------------+
| Step 1  PHY / Link           PASS                        |
| Step 2  Endpoint / PTP       PASS                        |
| Step 3  WR Handshake         PASS                        |
| Step 4  SoftPLL Startup      PASS                        |
| Step 5  Closed-loop Lock     INFO                        |
| Step 6  Global Time          WAITING                     |
+------------------------------------------------------------+
| Link health                  Link=1  TM=1  RX=1  TX=1 |
| Lock signals                 Helper=1  MainFreq=1  MainPhase=1 |
|                              MainLock=1  PSTAT=1             |
| Global-Time reason           PTP servo offset not yet <60 ps |
| WR PTP servo state           WAIT_OFFSET_STABLE          |
| WR phase offset              2604 ps (target |offset| <60 ps) |
| Global-Time validity         TIME_VALID=0 PPS_VALID=0     |
| Snapshot                     snapshot=0 stable=1 count=0 |
| PPS registers                CR=20000006 EN=0 ESCR=512   |
| PPS register validity        TM=0 PPS=0                  |
| Step5 result                 LOCK_ACQUIRED_NOT_STABLE    |
+------------------------------------------------------------+

Global Time summary (125 MHz reference; 1 cycle = 8 ns)
------------------------------------------------------------
  MASTER  (DE5_1-11.1)
    TAI=575          CYCLES=124999999    VALID
  SLAVE   (DE5_1-11.2)
    TAI=--           CYCLES=--           WAITING (TIME_VALID=0, PPS_VALID=0)
------------------------------------------------------------
Dashboard read complete.
White Rabbit Step 1-6 dashboard  2026-09-30T15:33:09+08:00  (read-only)
Sampling interval: 10s; per-board comparison window: 2000ms

+------------------------------------------------------------+
| MASTER   DE5_1-11.1                                      |
+------------------------------------------------------------+
| Step 1  PHY / Link           PASS                        |
| Step 2  Endpoint / PTP       PASS                        |
| Step 3  WR Handshake         INFO                        |
| Step 4  SoftPLL Startup      PASS                        |
| Step 5  Closed-loop Lock     INFO                        |
| Step 6  Global Time          VALID                       |
+------------------------------------------------------------+
| Link health                  Link=1  TM=1  RX=1  TX=1 |
| Lock signals                 Helper=NA  MainFreq=NA  MainPhase=NA |
|                              MainLock=NA  PSTAT=NA             |
| Global-Time reason           PPS snapshot valid; Step6 gate passed |
| WR PTP servo state           NA                          |
| WR phase offset              NA ps                       |
| Global-Time validity         TIME_VALID=1 PPS_VALID=1     |
| Snapshot                     snapshot=1 stable=1 count=586 |
| PPS registers                CR=20000006 EN=0 ESCR=524   |
| PPS register validity        TM=1 PPS=1                  |
| Step5 result                 NOT_APPLICABLE_MASTER       |
+------------------------------------------------------------+
+------------------------------------------------------------+
| SLAVE    DE5_1-11.2                                      |
+------------------------------------------------------------+
| Step 1  PHY / Link           PASS                        |
| Step 2  Endpoint / PTP       PASS                        |
| Step 3  WR Handshake         PASS                        |
| Step 4  SoftPLL Startup      PASS                        |
| Step 5  Closed-loop Lock     INFO                        |
| Step 6  Global Time          WAITING                     |
+------------------------------------------------------------+
| Link health                  Link=1  TM=1  RX=1  TX=1 |
| Lock signals                 Helper=1  MainFreq=1  MainPhase=1 |
|                              MainLock=1  PSTAT=1             |
| Global-Time reason           PTP servo offset not yet <60 ps |
| WR PTP servo state           WAIT_OFFSET_STABLE          |
| WR phase offset              -2354 ps (target |offset| <60 ps) |
| Global-Time validity         TIME_VALID=0 PPS_VALID=0     |
| Snapshot                     snapshot=0 stable=1 count=0 |
| PPS registers                CR=20000006 EN=0 ESCR=512   |
| PPS register validity        TM=0 PPS=0                  |
| Step5 result                 LOCK_ACQUIRED_NOT_STABLE    |
+------------------------------------------------------------+

Global Time summary (125 MHz reference; 1 cycle = 8 ns)
------------------------------------------------------------
  MASTER  (DE5_1-11.1)
    TAI=585          CYCLES=124999999    VALID
  SLAVE   (DE5_1-11.2)
    TAI=--           CYCLES=--           WAITING (TIME_VALID=0, PPS_VALID=0)
------------------------------------------------------------
Dashboard read complete.
White Rabbit Step 1-6 dashboard  2026-09-30T15:33:19+08:00  (read-only)
Sampling interval: 10s; per-board comparison window: 2000ms

+------------------------------------------------------------+
| MASTER   DE5_1-11.1                                      |
+------------------------------------------------------------+
| Step 1  PHY / Link           PASS                        |
| Step 2  Endpoint / PTP       PASS                        |
| Step 3  WR Handshake         INFO                        |
| Step 4  SoftPLL Startup      PASS                        |
| Step 5  Closed-loop Lock     INFO                        |
| Step 6  Global Time          VALID                       |
+------------------------------------------------------------+
| Link health                  Link=1  TM=1  RX=1  TX=1 |
| Lock signals                 Helper=NA  MainFreq=NA  MainPhase=NA |
|                              MainLock=NA  PSTAT=NA             |
| Global-Time reason           PPS snapshot valid; Step6 gate passed |
| WR PTP servo state           NA                          |
| WR phase offset              NA ps                       |
| Global-Time validity         TIME_VALID=1 PPS_VALID=1     |
| Snapshot                     snapshot=1 stable=1 count=596 |
| PPS registers                CR=20000006 EN=0 ESCR=524   |
| PPS register validity        TM=1 PPS=1                  |
| Step5 result                 NOT_APPLICABLE_MASTER       |
+------------------------------------------------------------+
+------------------------------------------------------------+
| SLAVE    DE5_1-11.2                                      |
+------------------------------------------------------------+
| Step 1  PHY / Link           PASS                        |
| Step 2  Endpoint / PTP       PASS                        |
| Step 3  WR Handshake         PASS                        |
| Step 4  SoftPLL Startup      PASS                        |
| Step 5  Closed-loop Lock     INFO                        |
| Step 6  Global Time          WAITING                     |
+------------------------------------------------------------+
| Link health                  Link=1  TM=1  RX=1  TX=1 |
| Lock signals                 Helper=1  MainFreq=1  MainPhase=1 |
|                              MainLock=1  PSTAT=1             |
| Global-Time reason           PTP servo offset not yet <60 ps |
| WR PTP servo state           WAIT_OFFSET_STABLE          |
| WR phase offset              2277 ps (target |offset| <60 ps) |
| Global-Time validity         TIME_VALID=0 PPS_VALID=0     |
| Snapshot                     snapshot=0 stable=1 count=0 |
| PPS registers                CR=20000006 EN=0 ESCR=512   |
| PPS register validity        TM=0 PPS=0                  |
| Step5 result                 LOCK_ACQUIRED_NOT_STABLE    |
+------------------------------------------------------------+

Global Time summary (125 MHz reference; 1 cycle = 8 ns)
------------------------------------------------------------
  MASTER  (DE5_1-11.1)
    TAI=595          CYCLES=124999999    VALID
  SLAVE   (DE5_1-11.2)
    TAI=--           CYCLES=--           WAITING (TIME_VALID=0, PPS_VALID=0)
------------------------------------------------------------
Dashboard read complete.
White Rabbit Step 1-6 dashboard  2026-09-30T15:33:29+08:00  (read-only)
Sampling interval: 10s; per-board comparison window: 2000ms

+------------------------------------------------------------+
| MASTER   DE5_1-11.1                                      |
+------------------------------------------------------------+
| Step 1  PHY / Link           PASS                        |
| Step 2  Endpoint / PTP       PASS                        |
| Step 3  WR Handshake         INFO                        |
| Step 4  SoftPLL Startup      PASS                        |
| Step 5  Closed-loop Lock     INFO                        |
| Step 6  Global Time          VALID                       |
+------------------------------------------------------------+
| Link health                  Link=1  TM=1  RX=1  TX=1 |
| Lock signals                 Helper=NA  MainFreq=NA  MainPhase=NA |
|                              MainLock=NA  PSTAT=NA             |
| Global-Time reason           PPS snapshot valid; Step6 gate passed |
| WR PTP servo state           NA                          |
| WR phase offset              NA ps                       |
| Global-Time validity         TIME_VALID=1 PPS_VALID=1     |
| Snapshot                     snapshot=1 stable=1 count=606 |
| PPS registers                CR=20000006 EN=0 ESCR=55907980 |
| PPS register validity        TM=1 PPS=1                  |
| Step5 result                 NOT_APPLICABLE_MASTER       |
+------------------------------------------------------------+
+------------------------------------------------------------+
| SLAVE    DE5_1-11.2                                      |
+------------------------------------------------------------+
| Step 1  PHY / Link           PASS                        |
| Step 2  Endpoint / PTP       PASS                        |
| Step 3  WR Handshake         PASS                        |
| Step 4  SoftPLL Startup      PASS                        |
| Step 5  Closed-loop Lock     INFO                        |
| Step 6  Global Time          WAITING                     |
+------------------------------------------------------------+
| Link health                  Link=1  TM=1  RX=1  TX=1 |
| Lock signals                 Helper=1  MainFreq=1  MainPhase=1 |
|                              MainLock=1  PSTAT=1             |
| Global-Time reason           PTP servo offset not yet <60 ps |
| WR PTP servo state           WAIT_OFFSET_STABLE          |
| WR phase offset              2447 ps (target |offset| <60 ps) |
| Global-Time validity         TIME_VALID=0 PPS_VALID=0     |
| Snapshot                     snapshot=0 stable=1 count=0 |
| PPS registers                CR=20000006 EN=0 ESCR=512   |
| PPS register validity        TM=0 PPS=0                  |
| Step5 result                 LOCK_ACQUIRED_NOT_STABLE    |
+------------------------------------------------------------+

Global Time summary (125 MHz reference; 1 cycle = 8 ns)
------------------------------------------------------------
  MASTER  (DE5_1-11.1)
    TAI=605          CYCLES=124999999    VALID
  SLAVE   (DE5_1-11.2)
    TAI=--           CYCLES=--           WAITING (TIME_VALID=0, PPS_VALID=0)
------------------------------------------------------------
Dashboard read complete.
White Rabbit Step 1-6 dashboard  2026-09-30T15:33:39+08:00  (read-only)
Sampling interval: 10s; per-board comparison window: 2000ms

+------------------------------------------------------------+
| MASTER   DE5_1-11.1                                      |
+------------------------------------------------------------+
| Step 1  PHY / Link           PASS                        |
| Step 2  Endpoint / PTP       PASS                        |
| Step 3  WR Handshake         INFO                        |
| Step 4  SoftPLL Startup      PASS                        |
| Step 5  Closed-loop Lock     INFO                        |
| Step 6  Global Time          VALID                       |
+------------------------------------------------------------+
| Link health                  Link=1  TM=1  RX=1  TX=1 |
| Lock signals                 Helper=NA  MainFreq=NA  MainPhase=NA |
|                              MainLock=NA  PSTAT=NA             |
| Global-Time reason           PPS snapshot valid; Step6 gate passed |
| WR PTP servo state           NA                          |
| WR phase offset              NA ps                       |
| Global-Time validity         TIME_VALID=1 PPS_VALID=1     |
| Snapshot                     snapshot=1 stable=1 count=616 |
| PPS registers                CR=20000006 EN=0 ESCR=524   |
| PPS register validity        TM=1 PPS=1                  |
| Step5 result                 NOT_APPLICABLE_MASTER       |
+------------------------------------------------------------+
+------------------------------------------------------------+
| SLAVE    DE5_1-11.2                                      |
+------------------------------------------------------------+
| Step 1  PHY / Link           PASS                        |
| Step 2  Endpoint / PTP       PASS                        |
| Step 3  WR Handshake         PASS                        |
| Step 4  SoftPLL Startup      PASS                        |
| Step 5  Closed-loop Lock     INFO                        |
| Step 6  Global Time          WAITING                     |
+------------------------------------------------------------+
| Link health                  Link=1  TM=1  RX=1  TX=1 |
| Lock signals                 Helper=1  MainFreq=1  MainPhase=1 |
|                              MainLock=1  PSTAT=1             |
| Global-Time reason           PTP servo offset not yet <60 ps |
| WR PTP servo state           SYNC_PHASE                  |
| WR phase offset              -2072 ps (target |offset| <60 ps) |
| Global-Time validity         TIME_VALID=0 PPS_VALID=0     |
| Snapshot                     snapshot=0 stable=1 count=0 |
| PPS registers                CR=20000006 EN=0 ESCR=512   |
| PPS register validity        TM=0 PPS=0                  |
| Step5 result                 LOCK_ACQUIRED_NOT_STABLE    |
+------------------------------------------------------------+

Global Time summary (125 MHz reference; 1 cycle = 8 ns)
------------------------------------------------------------
  MASTER  (DE5_1-11.1)
    TAI=615          CYCLES=124999999    VALID
  SLAVE   (DE5_1-11.2)
    TAI=--           CYCLES=--           WAITING (TIME_VALID=0, PPS_VALID=0)
------------------------------------------------------------
Dashboard read complete.
White Rabbit Step 1-6 dashboard  2026-09-30T15:33:49+08:00  (read-only)
Sampling interval: 10s; per-board comparison window: 2000ms

+------------------------------------------------------------+
| MASTER   DE5_1-11.1                                      |
+------------------------------------------------------------+
| Step 1  PHY / Link           PASS                        |
| Step 2  Endpoint / PTP       PASS                        |
| Step 3  WR Handshake         INFO                        |
| Step 4  SoftPLL Startup      PASS                        |
| Step 5  Closed-loop Lock     INFO                        |
| Step 6  Global Time          VALID                       |
+------------------------------------------------------------+
| Link health                  Link=1  TM=1  RX=1  TX=1 |
| Lock signals                 Helper=NA  MainFreq=NA  MainPhase=NA |
|                              MainLock=NA  PSTAT=NA             |
| Global-Time reason           PPS snapshot valid; Step6 gate passed |
| WR PTP servo state           NA                          |
| WR phase offset              NA ps                       |
| Global-Time validity         TIME_VALID=1 PPS_VALID=1     |
| Snapshot                     snapshot=1 stable=1 count=626 |
| PPS registers                CR=20000006 EN=0 ESCR=524   |
| PPS register validity        TM=1 PPS=1                  |
| Step5 result                 NOT_APPLICABLE_MASTER       |
+------------------------------------------------------------+
+------------------------------------------------------------+
| SLAVE    DE5_1-11.2                                      |
+------------------------------------------------------------+
| Step 1  PHY / Link           PASS                        |
| Step 2  Endpoint / PTP       PASS                        |
| Step 3  WR Handshake         PASS                        |
| Step 4  SoftPLL Startup      PASS                        |
| Step 5  Closed-loop Lock     INFO                        |
| Step 6  Global Time          WAITING                     |
+------------------------------------------------------------+
| Link health                  Link=1  TM=1  RX=1  TX=1 |
| Lock signals                 Helper=1  MainFreq=1  MainPhase=1 |
|                              MainLock=1  PSTAT=1             |
| Global-Time reason           PTP servo offset not yet <60 ps |
| WR PTP servo state           WAIT_OFFSET_STABLE          |
| WR phase offset              2375 ps (target |offset| <60 ps) |
| Global-Time validity         TIME_VALID=0 PPS_VALID=0     |
| Snapshot                     snapshot=0 stable=1 count=0 |
| PPS registers                CR=20000006 EN=0 ESCR=512   |
| PPS register validity        TM=0 PPS=0                  |
| Step5 result                 LOCK_ACQUIRED_NOT_STABLE    |
+------------------------------------------------------------+

Global Time summary (125 MHz reference; 1 cycle = 8 ns)
------------------------------------------------------------
  MASTER  (DE5_1-11.1)
    TAI=625          CYCLES=124999999    VALID
  SLAVE   (DE5_1-11.2)
    TAI=--           CYCLES=--           WAITING (TIME_VALID=0, PPS_VALID=0)
------------------------------------------------------------
Dashboard read complete.
White Rabbit Step 1-6 dashboard  2026-09-30T15:33:59+08:00  (read-only)
Sampling interval: 10s; per-board comparison window: 2000ms

+------------------------------------------------------------+
| MASTER   DE5_1-11.1                                      |
+------------------------------------------------------------+
| Step 1  PHY / Link           PASS                        |
| Step 2  Endpoint / PTP       PASS                        |
| Step 3  WR Handshake         INFO                        |
| Step 4  SoftPLL Startup      PASS                        |
| Step 5  Closed-loop Lock     INFO                        |
| Step 6  Global Time          VALID                       |
+------------------------------------------------------------+
| Link health                  Link=1  TM=1  RX=1  TX=1 |
| Lock signals                 Helper=NA  MainFreq=NA  MainPhase=NA |
|                              MainLock=NA  PSTAT=NA             |
| Global-Time reason           PPS snapshot valid; Step6 gate passed |
| WR PTP servo state           NA                          |
| WR phase offset              NA ps                       |
| Global-Time validity         TIME_VALID=1 PPS_VALID=1     |
| Snapshot                     snapshot=1 stable=1 count=636 |
| PPS registers                CR=20000006 EN=0 ESCR=524   |
| PPS register validity        TM=1 PPS=1                  |
| Step5 result                 NOT_APPLICABLE_MASTER       |
+------------------------------------------------------------+
+------------------------------------------------------------+
| SLAVE    DE5_1-11.2                                      |
+------------------------------------------------------------+
| Step 1  PHY / Link           PASS                        |
| Step 2  Endpoint / PTP       PASS                        |
| Step 3  WR Handshake         PASS                        |
| Step 4  SoftPLL Startup      PASS                        |
| Step 5  Closed-loop Lock     INFO                        |
| Step 6  Global Time          WAITING                     |
+------------------------------------------------------------+
| Link health                  Link=1  TM=1  RX=1  TX=1 |
| Lock signals                 Helper=1  MainFreq=1  MainPhase=1 |
|                              MainLock=1  PSTAT=1             |
| Global-Time reason           PTP servo offset not yet <60 ps |
| WR PTP servo state           WAIT_OFFSET_STABLE          |
| WR phase offset              -2278 ps (target |offset| <60 ps) |
| Global-Time validity         TIME_VALID=0 PPS_VALID=0     |
| Snapshot                     snapshot=0 stable=1 count=0 |
| PPS registers                CR=20000006 EN=0 ESCR=512   |
| PPS register validity        TM=0 PPS=0                  |
| Step5 result                 LOCK_ACQUIRED_NOT_STABLE    |
+------------------------------------------------------------+

Global Time summary (125 MHz reference; 1 cycle = 8 ns)
------------------------------------------------------------
  MASTER  (DE5_1-11.1)
    TAI=635          CYCLES=124999999    VALID
  SLAVE   (DE5_1-11.2)
    TAI=--           CYCLES=--           WAITING (TIME_VALID=0, PPS_VALID=0)
------------------------------------------------------------
Dashboard read complete.
White Rabbit Step 1-6 dashboard  2026-09-30T15:34:09+08:00  (read-only)
Sampling interval: 10s; per-board comparison window: 2000ms

+------------------------------------------------------------+
| MASTER   DE5_1-11.1                                      |
+------------------------------------------------------------+
| Step 1  PHY / Link           PASS                        |
| Step 2  Endpoint / PTP       PASS                        |
| Step 3  WR Handshake         INFO                        |
| Step 4  SoftPLL Startup      PASS                        |
| Step 5  Closed-loop Lock     INFO                        |
| Step 6  Global Time          VALID                       |
+------------------------------------------------------------+
| Link health                  Link=1  TM=1  RX=1  TX=1 |
| Lock signals                 Helper=NA  MainFreq=NA  MainPhase=NA |
|                              MainLock=NA  PSTAT=NA             |
| Global-Time reason           PPS snapshot valid; Step6 gate passed |
| WR PTP servo state           NA                          |
| WR phase offset              NA ps                       |
| Global-Time validity         TIME_VALID=1 PPS_VALID=1     |
| Snapshot                     snapshot=1 stable=1 count=646 |
| PPS registers                CR=20000006 EN=0 ESCR=524   |
| PPS register validity        TM=1 PPS=1                  |
| Step5 result                 NOT_APPLICABLE_MASTER       |
+------------------------------------------------------------+
+------------------------------------------------------------+
| SLAVE    DE5_1-11.2                                      |
+------------------------------------------------------------+
| Step 1  PHY / Link           PASS                        |
| Step 2  Endpoint / PTP       PASS                        |
| Step 3  WR Handshake         PASS                        |
| Step 4  SoftPLL Startup      PASS                        |
| Step 5  Closed-loop Lock     INFO                        |
| Step 6  Global Time          WAITING                     |
+------------------------------------------------------------+
| Link health                  Link=1  TM=1  RX=1  TX=1 |
| Lock signals                 Helper=1  MainFreq=1  MainPhase=1 |
|                              MainLock=1  PSTAT=1             |
| Global-Time reason           PTP servo offset not yet <60 ps |
| WR PTP servo state           WAIT_OFFSET_STABLE          |
| WR phase offset              -1535 ps (target |offset| <60 ps) |
| Global-Time validity         TIME_VALID=0 PPS_VALID=0     |
| Snapshot                     snapshot=0 stable=1 count=0 |
| PPS registers                CR=20000006 EN=0 ESCR=512   |
| PPS register validity        TM=0 PPS=0                  |
| Step5 result                 LOCK_ACQUIRED_NOT_STABLE    |
+------------------------------------------------------------+

Global Time summary (125 MHz reference; 1 cycle = 8 ns)
------------------------------------------------------------
  MASTER  (DE5_1-11.1)
    TAI=645          CYCLES=124999999    VALID
  SLAVE   (DE5_1-11.2)
    TAI=--           CYCLES=--           WAITING (TIME_VALID=0, PPS_VALID=0)
------------------------------------------------------------
Dashboard read complete.
White Rabbit Step 1-6 dashboard  2026-09-30T15:34:19+08:00  (read-only)
Sampling interval: 10s; per-board comparison window: 2000ms

+------------------------------------------------------------+
| MASTER   DE5_1-11.1                                      |
+------------------------------------------------------------+
| Step 1  PHY / Link           PASS                        |
| Step 2  Endpoint / PTP       PASS                        |
| Step 3  WR Handshake         INFO                        |
| Step 4  SoftPLL Startup      PASS                        |
| Step 5  Closed-loop Lock     INFO                        |
| Step 6  Global Time          VALID                       |
+------------------------------------------------------------+
| Link health                  Link=1  TM=1  RX=1  TX=1 |
| Lock signals                 Helper=NA  MainFreq=NA  MainPhase=NA |
|                              MainLock=NA  PSTAT=NA             |
| Global-Time reason           PPS snapshot valid; Step6 gate passed |
| WR PTP servo state           NA                          |
| WR phase offset              NA ps                       |
| Global-Time validity         TIME_VALID=1 PPS_VALID=1     |
| Snapshot                     snapshot=1 stable=1 count=656 |
| PPS registers                CR=20000006 EN=0 ESCR=524   |
| PPS register validity        TM=1 PPS=1                  |
| Step5 result                 NOT_APPLICABLE_MASTER       |
+------------------------------------------------------------+
+------------------------------------------------------------+
| SLAVE    DE5_1-11.2                                      |
+------------------------------------------------------------+
| Step 1  PHY / Link           PASS                        |
| Step 2  Endpoint / PTP       PASS                        |
| Step 3  WR Handshake         PASS                        |
| Step 4  SoftPLL Startup      PASS                        |
| Step 5  Closed-loop Lock     INFO                        |
| Step 6  Global Time          WAITING                     |
+------------------------------------------------------------+
| Link health                  Link=1  TM=1  RX=1  TX=1 |
| Lock signals                 Helper=1  MainFreq=1  MainPhase=1 |
|                              MainLock=1  PSTAT=1             |
| Global-Time reason           PTP servo offset not yet <60 ps |
| WR PTP servo state           WAIT_OFFSET_STABLE          |
| WR phase offset              2732 ps (target |offset| <60 ps) |
| Global-Time validity         TIME_VALID=0 PPS_VALID=0     |
| Snapshot                     snapshot=0 stable=1 count=0 |
| PPS registers                CR=20000006 EN=0 ESCR=512   |
| PPS register validity        TM=0 PPS=0                  |
| Step5 result                 LOCK_ACQUIRED_NOT_STABLE    |
+------------------------------------------------------------+

Global Time summary (125 MHz reference; 1 cycle = 8 ns)
------------------------------------------------------------
  MASTER  (DE5_1-11.1)
    TAI=655          CYCLES=124999999    VALID
  SLAVE   (DE5_1-11.2)
    TAI=--           CYCLES=--           WAITING (TIME_VALID=0, PPS_VALID=0)
------------------------------------------------------------
Dashboard read complete.
White Rabbit Step 1-6 dashboard  2026-09-30T15:34:29+08:00  (read-only)
Sampling interval: 10s; per-board comparison window: 2000ms

+------------------------------------------------------------+
| MASTER   DE5_1-11.1                                      |
+------------------------------------------------------------+
| Step 1  PHY / Link           PASS                        |
| Step 2  Endpoint / PTP       PASS                        |
| Step 3  WR Handshake         INFO                        |
| Step 4  SoftPLL Startup      PASS                        |
| Step 5  Closed-loop Lock     INFO                        |
| Step 6  Global Time          VALID                       |
+------------------------------------------------------------+
| Link health                  Link=1  TM=1  RX=1  TX=1 |
| Lock signals                 Helper=NA  MainFreq=NA  MainPhase=NA |
|                              MainLock=NA  PSTAT=NA             |
| Global-Time reason           PPS snapshot valid; Step6 gate passed |
| WR PTP servo state           NA                          |
| WR phase offset              NA ps                       |
| Global-Time validity         TIME_VALID=1 PPS_VALID=1     |
| Snapshot                     snapshot=1 stable=1 count=666 |
| PPS registers                CR=20000006 EN=0 ESCR=49462540 |
| PPS register validity        TM=1 PPS=1                  |
| Step5 result                 NOT_APPLICABLE_MASTER       |
+------------------------------------------------------------+
+------------------------------------------------------------+
| SLAVE    DE5_1-11.2                                      |
+------------------------------------------------------------+
| Step 1  PHY / Link           PASS                        |
| Step 2  Endpoint / PTP       PASS                        |
| Step 3  WR Handshake         PASS                        |
| Step 4  SoftPLL Startup      PASS                        |
| Step 5  Closed-loop Lock     INFO                        |
| Step 6  Global Time          WAITING                     |
+------------------------------------------------------------+
| Link health                  Link=1  TM=1  RX=1  TX=1 |
| Lock signals                 Helper=1  MainFreq=1  MainPhase=1 |
|                              MainLock=1  PSTAT=1             |
| Global-Time reason           PTP servo offset not yet <60 ps |
| WR PTP servo state           WAIT_OFFSET_STABLE          |
| WR phase offset              -1906 ps (target |offset| <60 ps) |
| Global-Time validity         TIME_VALID=0 PPS_VALID=0     |
| Snapshot                     snapshot=0 stable=1 count=0 |
| PPS registers                CR=20000006 EN=0 ESCR=512   |
| PPS register validity        TM=0 PPS=0                  |
| Step5 result                 LOCK_ACQUIRED_NOT_STABLE    |
+------------------------------------------------------------+

Global Time summary (125 MHz reference; 1 cycle = 8 ns)
------------------------------------------------------------
  MASTER  (DE5_1-11.1)
    TAI=665          CYCLES=124999999    VALID
  SLAVE   (DE5_1-11.2)
    TAI=--           CYCLES=--           WAITING (TIME_VALID=0, PPS_VALID=0)
------------------------------------------------------------
Dashboard read complete.
White Rabbit Step 1-6 dashboard  2026-09-30T15:34:39+08:00  (read-only)
Sampling interval: 10s; per-board comparison window: 2000ms

+------------------------------------------------------------+
| MASTER   DE5_1-11.1                                      |
+------------------------------------------------------------+
| Step 1  PHY / Link           PASS                        |
| Step 2  Endpoint / PTP       PASS                        |
| Step 3  WR Handshake         INFO                        |
| Step 4  SoftPLL Startup      PASS                        |
| Step 5  Closed-loop Lock     INFO                        |
| Step 6  Global Time          VALID                       |
+------------------------------------------------------------+
| Link health                  Link=1  TM=1  RX=1  TX=1 |
| Lock signals                 Helper=NA  MainFreq=NA  MainPhase=NA |
|                              MainLock=NA  PSTAT=NA             |
| Global-Time reason           PPS snapshot valid; Step6 gate passed |
| WR PTP servo state           NA                          |
| WR phase offset              NA ps                       |
| Global-Time validity         TIME_VALID=1 PPS_VALID=1     |
| Snapshot                     snapshot=1 stable=1 count=676 |
| PPS registers                CR=20000006 EN=0 ESCR=524   |
| PPS register validity        TM=1 PPS=1                  |
| Step5 result                 NOT_APPLICABLE_MASTER       |
+------------------------------------------------------------+
+------------------------------------------------------------+
| SLAVE    DE5_1-11.2                                      |
+------------------------------------------------------------+
| Step 1  PHY / Link           PASS                        |
| Step 2  Endpoint / PTP       PASS                        |
| Step 3  WR Handshake         PASS                        |
| Step 4  SoftPLL Startup      PASS                        |
| Step 5  Closed-loop Lock     INFO                        |
| Step 6  Global Time          WAITING                     |
+------------------------------------------------------------+
| Link health                  Link=1  TM=1  RX=1  TX=1 |
| Lock signals                 Helper=1  MainFreq=1  MainPhase=1 |
|                              MainLock=1  PSTAT=1             |
| Global-Time reason           PTP servo offset not yet <60 ps |
| WR PTP servo state           WAIT_OFFSET_STABLE          |
| WR phase offset              2791 ps (target |offset| <60 ps) |
| Global-Time validity         TIME_VALID=0 PPS_VALID=0     |
| Snapshot                     snapshot=0 stable=1 count=0 |
| PPS registers                CR=20000006 EN=0 ESCR=512   |
| PPS register validity        TM=0 PPS=0                  |
| Step5 result                 LOCK_ACQUIRED_NOT_STABLE    |
+------------------------------------------------------------+

Global Time summary (125 MHz reference; 1 cycle = 8 ns)
------------------------------------------------------------
  MASTER  (DE5_1-11.1)
    TAI=675          CYCLES=124999999    VALID
  SLAVE   (DE5_1-11.2)
    TAI=--           CYCLES=--           WAITING (TIME_VALID=0, PPS_VALID=0)
------------------------------------------------------------
Dashboard read complete.
White Rabbit Step 1-6 dashboard  2026-09-30T15:34:49+08:00  (read-only)
Sampling interval: 10s; per-board comparison window: 2000ms

+------------------------------------------------------------+
| MASTER   DE5_1-11.1                                      |
+------------------------------------------------------------+
| Step 1  PHY / Link           PASS                        |
| Step 2  Endpoint / PTP       PASS                        |
| Step 3  WR Handshake         INFO                        |
| Step 4  SoftPLL Startup      PASS                        |
| Step 5  Closed-loop Lock     INFO                        |
| Step 6  Global Time          VALID                       |
+------------------------------------------------------------+
| Link health                  Link=1  TM=1  RX=1  TX=1 |
| Lock signals                 Helper=NA  MainFreq=NA  MainPhase=NA |
|                              MainLock=NA  PSTAT=NA             |
| Global-Time reason           PPS snapshot valid; Step6 gate passed |
| WR PTP servo state           NA                          |
| WR phase offset              NA ps                       |
| Global-Time validity         TIME_VALID=1 PPS_VALID=1     |
| Snapshot                     snapshot=1 stable=1 count=686 |
| PPS registers                CR=20000006 EN=0 ESCR=524   |
| PPS register validity        TM=1 PPS=1                  |
| Step5 result                 NOT_APPLICABLE_MASTER       |
+------------------------------------------------------------+
+------------------------------------------------------------+
| SLAVE    DE5_1-11.2                                      |
+------------------------------------------------------------+
| Step 1  PHY / Link           PASS                        |
| Step 2  Endpoint / PTP       PASS                        |
| Step 3  WR Handshake         PASS                        |
| Step 4  SoftPLL Startup      PASS                        |
| Step 5  Closed-loop Lock     INFO                        |
| Step 6  Global Time          WAITING                     |
+------------------------------------------------------------+
| Link health                  Link=1  TM=1  RX=1  TX=1 |
| Lock signals                 Helper=1  MainFreq=1  MainPhase=1 |
|                              MainLock=1  PSTAT=1             |
| Global-Time reason           PTP servo offset not yet <60 ps |
| WR PTP servo state           WAIT_OFFSET_STABLE          |
| WR phase offset              2572 ps (target |offset| <60 ps) |
| Global-Time validity         TIME_VALID=0 PPS_VALID=0     |
| Snapshot                     snapshot=0 stable=1 count=0 |
| PPS registers                CR=20000006 EN=0 ESCR=512   |
| PPS register validity        TM=0 PPS=0                  |
| Step5 result                 LOCK_ACQUIRED_NOT_STABLE    |
+------------------------------------------------------------+

Global Time summary (125 MHz reference; 1 cycle = 8 ns)
------------------------------------------------------------
  MASTER  (DE5_1-11.1)
    TAI=685          CYCLES=124999999    VALID
  SLAVE   (DE5_1-11.2)
    TAI=--           CYCLES=--           WAITING (TIME_VALID=0, PPS_VALID=0)
------------------------------------------------------------
Dashboard read complete.
White Rabbit Step 1-6 dashboard  2026-09-30T15:34:59+08:00  (read-only)
Sampling interval: 10s; per-board comparison window: 2000ms

+------------------------------------------------------------+
| MASTER   DE5_1-11.1                                      |
+------------------------------------------------------------+
| Step 1  PHY / Link           PASS                        |
| Step 2  Endpoint / PTP       PASS                        |
| Step 3  WR Handshake         INFO                        |
| Step 4  SoftPLL Startup      PASS                        |
| Step 5  Closed-loop Lock     INFO                        |
| Step 6  Global Time          VALID                       |
+------------------------------------------------------------+
| Link health                  Link=1  TM=1  RX=1  TX=1 |
| Lock signals                 Helper=NA  MainFreq=NA  MainPhase=NA |
|                              MainLock=NA  PSTAT=NA             |
| Global-Time reason           PPS snapshot valid; Step6 gate passed |
| WR PTP servo state           NA                          |
| WR phase offset              NA ps                       |
| Global-Time validity         TIME_VALID=1 PPS_VALID=1     |
| Snapshot                     snapshot=1 stable=1 count=696 |
| PPS registers                CR=20000006 EN=0 ESCR=524   |
| PPS register validity        TM=1 PPS=1                  |
| Step5 result                 NOT_APPLICABLE_MASTER       |
+------------------------------------------------------------+
+------------------------------------------------------------+
| SLAVE    DE5_1-11.2                                      |
+------------------------------------------------------------+
| Step 1  PHY / Link           PASS                        |
| Step 2  Endpoint / PTP       PASS                        |
| Step 3  WR Handshake         PASS                        |
| Step 4  SoftPLL Startup      PASS                        |
| Step 5  Closed-loop Lock     INFO                        |
| Step 6  Global Time          WAITING                     |
+------------------------------------------------------------+
| Link health                  Link=1  TM=1  RX=1  TX=1 |
| Lock signals                 Helper=1  MainFreq=1  MainPhase=1 |
|                              MainLock=1  PSTAT=1             |
| Global-Time reason           PTP servo offset not yet <60 ps |
| WR PTP servo state           SYNC_PHASE                  |
| WR phase offset              -2077 ps (target |offset| <60 ps) |
| Global-Time validity         TIME_VALID=0 PPS_VALID=0     |
| Snapshot                     snapshot=0 stable=1 count=0 |
| PPS registers                CR=20000006 EN=0 ESCR=512   |
| PPS register validity        TM=0 PPS=0                  |
| Step5 result                 LOCK_ACQUIRED_NOT_STABLE    |
+------------------------------------------------------------+

Global Time summary (125 MHz reference; 1 cycle = 8 ns)
------------------------------------------------------------
  MASTER  (DE5_1-11.1)
    TAI=695          CYCLES=124999999    VALID
  SLAVE   (DE5_1-11.2)
    TAI=--           CYCLES=--           WAITING (TIME_VALID=0, PPS_VALID=0)
------------------------------------------------------------
Dashboard read complete.
White Rabbit Step 1-6 dashboard  2026-09-30T15:35:09+08:00  (read-only)
Sampling interval: 10s; per-board comparison window: 2000ms

+------------------------------------------------------------+
| MASTER   DE5_1-11.1                                      |
+------------------------------------------------------------+
| Step 1  PHY / Link           PASS                        |
| Step 2  Endpoint / PTP       PASS                        |
| Step 3  WR Handshake         INFO                        |
| Step 4  SoftPLL Startup      PASS                        |
| Step 5  Closed-loop Lock     INFO                        |
| Step 6  Global Time          VALID                       |
+------------------------------------------------------------+
| Link health                  Link=1  TM=1  RX=1  TX=1 |
| Lock signals                 Helper=NA  MainFreq=NA  MainPhase=NA |
|                              MainLock=NA  PSTAT=NA             |
| Global-Time reason           PPS snapshot valid; Step6 gate passed |
| WR PTP servo state           NA                          |
| WR phase offset              NA ps                       |
| Global-Time validity         TIME_VALID=1 PPS_VALID=1     |
| Snapshot                     snapshot=1 stable=1 count=706 |
| PPS registers                CR=20000006 EN=0 ESCR=524   |
| PPS register validity        TM=1 PPS=1                  |
| Step5 result                 NOT_APPLICABLE_MASTER       |
+------------------------------------------------------------+
+------------------------------------------------------------+
| SLAVE    DE5_1-11.2                                      |
+------------------------------------------------------------+
| Step 1  PHY / Link           PASS                        |
| Step 2  Endpoint / PTP       PASS                        |
| Step 3  WR Handshake         PASS                        |
| Step 4  SoftPLL Startup      PASS                        |
| Step 5  Closed-loop Lock     INFO                        |
| Step 6  Global Time          WAITING                     |
+------------------------------------------------------------+
| Link health                  Link=1  TM=1  RX=1  TX=1 |
| Lock signals                 Helper=1  MainFreq=1  MainPhase=1 |
|                              MainLock=1  PSTAT=1             |
| Global-Time reason           PTP servo offset not yet <60 ps |
| WR PTP servo state           WAIT_OFFSET_STABLE          |
| WR phase offset              2568 ps (target |offset| <60 ps) |
| Global-Time validity         TIME_VALID=0 PPS_VALID=0     |
| Snapshot                     snapshot=0 stable=1 count=0 |
| PPS registers                CR=20000006 EN=0 ESCR=512   |
| PPS register validity        TM=0 PPS=0                  |
| Step5 result                 LOCK_ACQUIRED_NOT_STABLE    |
+------------------------------------------------------------+

Global Time summary (125 MHz reference; 1 cycle = 8 ns)
------------------------------------------------------------
  MASTER  (DE5_1-11.1)
    TAI=705          CYCLES=124999999    VALID
  SLAVE   (DE5_1-11.2)
    TAI=--           CYCLES=--           WAITING (TIME_VALID=0, PPS_VALID=0)
------------------------------------------------------------
Dashboard read complete.
White Rabbit Step 1-6 dashboard  2026-09-30T15:35:19+08:00  (read-only)
Sampling interval: 10s; per-board comparison window: 2000ms

+------------------------------------------------------------+
| MASTER   DE5_1-11.1                                      |
+------------------------------------------------------------+
| Step 1  PHY / Link           PASS                        |
| Step 2  Endpoint / PTP       PASS                        |
| Step 3  WR Handshake         INFO                        |
| Step 4  SoftPLL Startup      PASS                        |
| Step 5  Closed-loop Lock     INFO                        |
| Step 6  Global Time          VALID                       |
+------------------------------------------------------------+
| Link health                  Link=1  TM=1  RX=1  TX=1 |
| Lock signals                 Helper=NA  MainFreq=NA  MainPhase=NA |
|                              MainLock=NA  PSTAT=NA             |
| Global-Time reason           PPS snapshot valid; Step6 gate passed |
| WR PTP servo state           NA                          |
| WR phase offset              NA ps                       |
| Global-Time validity         TIME_VALID=1 PPS_VALID=1     |
| Snapshot                     snapshot=1 stable=1 count=716 |
| PPS registers                CR=20000006 EN=0 ESCR=524   |
| PPS register validity        TM=1 PPS=1                  |
| Step5 result                 NOT_APPLICABLE_MASTER       |
+------------------------------------------------------------+
+------------------------------------------------------------+
| SLAVE    DE5_1-11.2                                      |
+------------------------------------------------------------+
| Step 1  PHY / Link           PASS                        |
| Step 2  Endpoint / PTP       PASS                        |
| Step 3  WR Handshake         PASS                        |
| Step 4  SoftPLL Startup      PASS                        |
| Step 5  Closed-loop Lock     INFO                        |
| Step 6  Global Time          WAITING                     |
+------------------------------------------------------------+
| Link health                  Link=1  TM=1  RX=1  TX=1 |
| Lock signals                 Helper=1  MainFreq=1  MainPhase=1 |
|                              MainLock=1  PSTAT=1             |
| Global-Time reason           PTP servo offset not yet <60 ps |
| WR PTP servo state           WAIT_OFFSET_STABLE          |
| WR phase offset              -2077 ps (target |offset| <60 ps) |
| Global-Time validity         TIME_VALID=0 PPS_VALID=0     |
| Snapshot                     snapshot=0 stable=1 count=0 |
| PPS registers                CR=20000006 EN=0 ESCR=512   |
| PPS register validity        TM=0 PPS=0                  |
| Step5 result                 LOCK_ACQUIRED_NOT_STABLE    |
+------------------------------------------------------------+

Global Time summary (125 MHz reference; 1 cycle = 8 ns)
------------------------------------------------------------
  MASTER  (DE5_1-11.1)
    TAI=715          CYCLES=124999999    VALID
  SLAVE   (DE5_1-11.2)
    TAI=--           CYCLES=--           WAITING (TIME_VALID=0, PPS_VALID=0)
------------------------------------------------------------
Dashboard read complete.
White Rabbit Step 1-6 dashboard  2026-09-30T15:35:29+08:00  (read-only)
Sampling interval: 10s; per-board comparison window: 2000ms

+------------------------------------------------------------+
| MASTER   DE5_1-11.1                                      |
+------------------------------------------------------------+
| Step 1  PHY / Link           PASS                        |
| Step 2  Endpoint / PTP       PASS                        |
| Step 3  WR Handshake         INFO                        |
| Step 4  SoftPLL Startup      PASS                        |
| Step 5  Closed-loop Lock     INFO                        |
| Step 6  Global Time          VALID                       |
+------------------------------------------------------------+
| Link health                  Link=1  TM=1  RX=1  TX=1 |
| Lock signals                 Helper=NA  MainFreq=NA  MainPhase=NA |
|                              MainLock=NA  PSTAT=NA             |
| Global-Time reason           PPS snapshot valid; Step6 gate passed |
| WR PTP servo state           NA                          |
| WR phase offset              NA ps                       |
| Global-Time validity         TIME_VALID=1 PPS_VALID=1     |
| Snapshot                     snapshot=1 stable=1 count=726 |
| PPS registers                CR=20000006 EN=0 ESCR=524   |
| PPS register validity        TM=1 PPS=1                  |
| Step5 result                 NOT_APPLICABLE_MASTER       |
+------------------------------------------------------------+
+------------------------------------------------------------+
| SLAVE    DE5_1-11.2                                      |
+------------------------------------------------------------+
| Step 1  PHY / Link           PASS                        |
| Step 2  Endpoint / PTP       PASS                        |
| Step 3  WR Handshake         PASS                        |
| Step 4  SoftPLL Startup      PASS                        |
| Step 5  Closed-loop Lock     INFO                        |
| Step 6  Global Time          WAITING                     |
+------------------------------------------------------------+
| Link health                  Link=1  TM=1  RX=1  TX=1 |
| Lock signals                 Helper=1  MainFreq=1  MainPhase=1 |
|                              MainLock=1  PSTAT=1             |
| Global-Time reason           PTP servo offset not yet <60 ps |
| WR PTP servo state           WAIT_OFFSET_STABLE          |
| WR phase offset              2243 ps (target |offset| <60 ps) |
| Global-Time validity         TIME_VALID=0 PPS_VALID=0     |
| Snapshot                     snapshot=0 stable=1 count=0 |
| PPS registers                CR=20000006 EN=0 ESCR=512   |
| PPS register validity        TM=0 PPS=0                  |
| Step5 result                 LOCK_ACQUIRED_NOT_STABLE    |
+------------------------------------------------------------+

Global Time summary (125 MHz reference; 1 cycle = 8 ns)
------------------------------------------------------------
  MASTER  (DE5_1-11.1)
    TAI=725          CYCLES=124999999    VALID
  SLAVE   (DE5_1-11.2)
    TAI=--           CYCLES=--           WAITING (TIME_VALID=0, PPS_VALID=0)
------------------------------------------------------------
Dashboard read complete.
White Rabbit Step 1-6 dashboard  2026-09-30T15:35:39+08:00  (read-only)
Sampling interval: 10s; per-board comparison window: 2000ms

+------------------------------------------------------------+
| MASTER   DE5_1-11.1                                      |
+------------------------------------------------------------+
| Step 1  PHY / Link           PASS                        |
| Step 2  Endpoint / PTP       PASS                        |
| Step 3  WR Handshake         INFO                        |
| Step 4  SoftPLL Startup      PASS                        |
| Step 5  Closed-loop Lock     INFO                        |
| Step 6  Global Time          VALID                       |
+------------------------------------------------------------+
| Link health                  Link=1  TM=1  RX=1  TX=1 |
| Lock signals                 Helper=NA  MainFreq=NA  MainPhase=NA |
|                              MainLock=NA  PSTAT=NA             |
| Global-Time reason           PPS snapshot valid; Step6 gate passed |
| WR PTP servo state           NA                          |
| WR phase offset              NA ps                       |
| Global-Time validity         TIME_VALID=1 PPS_VALID=1     |
| Snapshot                     snapshot=1 stable=1 count=736 |
| PPS registers                CR=20000006 EN=0 ESCR=524   |
| PPS register validity        TM=1 PPS=1                  |
| Step5 result                 NOT_APPLICABLE_MASTER       |
+------------------------------------------------------------+
+------------------------------------------------------------+
| SLAVE    DE5_1-11.2                                      |
+------------------------------------------------------------+
| Step 1  PHY / Link           PASS                        |
| Step 2  Endpoint / PTP       PASS                        |
| Step 3  WR Handshake         PASS                        |
| Step 4  SoftPLL Startup      PASS                        |
| Step 5  Closed-loop Lock     INFO                        |
| Step 6  Global Time          WAITING                     |
+------------------------------------------------------------+
| Link health                  Link=1  TM=1  RX=1  TX=1 |
| Lock signals                 Helper=1  MainFreq=1  MainPhase=1 |
|                              MainLock=1  PSTAT=1             |
| Global-Time reason           PTP servo offset not yet <60 ps |
| WR PTP servo state           WAIT_OFFSET_STABLE          |
| WR phase offset              2798 ps (target |offset| <60 ps) |
| Global-Time validity         TIME_VALID=0 PPS_VALID=0     |
| Snapshot                     snapshot=0 stable=1 count=0 |
| PPS registers                CR=20000006 EN=0 ESCR=512   |
| PPS register validity        TM=0 PPS=0                  |
| Step5 result                 LOCK_ACQUIRED_NOT_STABLE    |
+------------------------------------------------------------+

Global Time summary (125 MHz reference; 1 cycle = 8 ns)
------------------------------------------------------------
  MASTER  (DE5_1-11.1)
    TAI=735          CYCLES=124999999    VALID
  SLAVE   (DE5_1-11.2)
    TAI=--           CYCLES=--           WAITING (TIME_VALID=0, PPS_VALID=0)
------------------------------------------------------------
Dashboard read complete.
White Rabbit Step 1-6 dashboard  2026-09-30T15:35:49+08:00  (read-only)
Sampling interval: 10s; per-board comparison window: 2000ms

+------------------------------------------------------------+
| MASTER   DE5_1-11.1                                      |
+------------------------------------------------------------+
| Step 1  PHY / Link           PASS                        |
| Step 2  Endpoint / PTP       PASS                        |
| Step 3  WR Handshake         INFO                        |
| Step 4  SoftPLL Startup      PASS                        |
| Step 5  Closed-loop Lock     INFO                        |
| Step 6  Global Time          VALID                       |
+------------------------------------------------------------+
| Link health                  Link=1  TM=1  RX=1  TX=1 |
| Lock signals                 Helper=NA  MainFreq=NA  MainPhase=NA |
|                              MainLock=NA  PSTAT=NA             |
| Global-Time reason           PPS snapshot valid; Step6 gate passed |
| WR PTP servo state           NA                          |
| WR phase offset              NA ps                       |
| Global-Time validity         TIME_VALID=1 PPS_VALID=1     |
| Snapshot                     snapshot=1 stable=1 count=746 |
| PPS registers                CR=20000006 EN=0 ESCR=524   |
| PPS register validity        TM=1 PPS=1                  |
| Step5 result                 NOT_APPLICABLE_MASTER       |
+------------------------------------------------------------+
+------------------------------------------------------------+
| SLAVE    DE5_1-11.2                                      |
+------------------------------------------------------------+
| Step 1  PHY / Link           PASS                        |
| Step 2  Endpoint / PTP       PASS                        |
| Step 3  WR Handshake         PASS                        |
| Step 4  SoftPLL Startup      PASS                        |
| Step 5  Closed-loop Lock     INFO                        |
| Step 6  Global Time          WAITING                     |
+------------------------------------------------------------+
| Link health                  Link=1  TM=1  RX=1  TX=1 |
| Lock signals                 Helper=1  MainFreq=1  MainPhase=1 |
|                              MainLock=1  PSTAT=1             |
| Global-Time reason           PTP servo offset not yet <60 ps |
| WR PTP servo state           WAIT_OFFSET_STABLE          |
| WR phase offset              -1977 ps (target |offset| <60 ps) |
| Global-Time validity         TIME_VALID=0 PPS_VALID=0     |
| Snapshot                     snapshot=0 stable=1 count=0 |
| PPS registers                CR=20000006 EN=0 ESCR=512   |
| PPS register validity        TM=0 PPS=0                  |
| Step5 result                 LOCK_ACQUIRED_NOT_STABLE    |
+------------------------------------------------------------+

Global Time summary (125 MHz reference; 1 cycle = 8 ns)
------------------------------------------------------------
  MASTER  (DE5_1-11.1)
    TAI=745          CYCLES=124999999    VALID
  SLAVE   (DE5_1-11.2)
    TAI=--           CYCLES=--           WAITING (TIME_VALID=0, PPS_VALID=0)
------------------------------------------------------------
Dashboard read complete.
White Rabbit Step 1-6 dashboard  2026-09-30T15:35:59+08:00  (read-only)
Sampling interval: 10s; per-board comparison window: 2000ms

+------------------------------------------------------------+
| MASTER   DE5_1-11.1                                      |
+------------------------------------------------------------+
| Step 1  PHY / Link           PASS                        |
| Step 2  Endpoint / PTP       PASS                        |
| Step 3  WR Handshake         INFO                        |
| Step 4  SoftPLL Startup      PASS                        |
| Step 5  Closed-loop Lock     INFO                        |
| Step 6  Global Time          VALID                       |
+------------------------------------------------------------+
| Link health                  Link=1  TM=1  RX=1  TX=1 |
| Lock signals                 Helper=NA  MainFreq=NA  MainPhase=NA |
|                              MainLock=NA  PSTAT=NA             |
| Global-Time reason           PPS snapshot valid; Step6 gate passed |
| WR PTP servo state           NA                          |
| WR phase offset              NA ps                       |
| Global-Time validity         TIME_VALID=1 PPS_VALID=1     |
| Snapshot                     snapshot=1 stable=1 count=756 |
| PPS registers                CR=20000006 EN=0 ESCR=524   |
| PPS register validity        TM=1 PPS=1                  |
| Step5 result                 NOT_APPLICABLE_MASTER       |
+------------------------------------------------------------+
+------------------------------------------------------------+
| SLAVE    DE5_1-11.2                                      |
+------------------------------------------------------------+
| Step 1  PHY / Link           PASS                        |
| Step 2  Endpoint / PTP       PASS                        |
| Step 3  WR Handshake         PASS                        |
| Step 4  SoftPLL Startup      PASS                        |
| Step 5  Closed-loop Lock     INFO                        |
| Step 6  Global Time          WAITING                     |
+------------------------------------------------------------+
| Link health                  Link=1  TM=1  RX=1  TX=1 |
| Lock signals                 Helper=1  MainFreq=1  MainPhase=1 |
|                              MainLock=1  PSTAT=1             |
| Global-Time reason           PTP servo offset not yet <60 ps |
| WR PTP servo state           WAIT_OFFSET_STABLE          |
| WR phase offset              -1861 ps (target |offset| <60 ps) |
| Global-Time validity         TIME_VALID=0 PPS_VALID=0     |
| Snapshot                     snapshot=0 stable=1 count=0 |
| PPS registers                CR=20000006 EN=0 ESCR=80809600 |
| PPS register validity        TM=0 PPS=0                  |
| Step5 result                 LOCK_ACQUIRED_NOT_STABLE    |
+------------------------------------------------------------+

Global Time summary (125 MHz reference; 1 cycle = 8 ns)
------------------------------------------------------------
  MASTER  (DE5_1-11.1)
    TAI=755          CYCLES=124999999    VALID
  SLAVE   (DE5_1-11.2)
    TAI=--           CYCLES=--           WAITING (TIME_VALID=0, PPS_VALID=0)
------------------------------------------------------------
Dashboard read complete.
White Rabbit Step 1-6 dashboard  2026-09-30T15:36:09+08:00  (read-only)
Sampling interval: 10s; per-board comparison window: 2000ms

+------------------------------------------------------------+
| MASTER   DE5_1-11.1                                      |
+------------------------------------------------------------+
| Step 1  PHY / Link           PASS                        |
| Step 2  Endpoint / PTP       PASS                        |
| Step 3  WR Handshake         INFO                        |
| Step 4  SoftPLL Startup      PASS                        |
| Step 5  Closed-loop Lock     INFO                        |
| Step 6  Global Time          VALID                       |
+------------------------------------------------------------+
| Link health                  Link=1  TM=1  RX=1  TX=1 |
| Lock signals                 Helper=NA  MainFreq=NA  MainPhase=NA |
|                              MainLock=NA  PSTAT=NA             |
| Global-Time reason           PPS snapshot valid; Step6 gate passed |
| WR PTP servo state           NA                          |
| WR phase offset              NA ps                       |
| Global-Time validity         TIME_VALID=1 PPS_VALID=1     |
| Snapshot                     snapshot=1 stable=1 count=766 |
| PPS registers                CR=20000006 EN=0 ESCR=524   |
| PPS register validity        TM=1 PPS=1                  |
| Step5 result                 NOT_APPLICABLE_MASTER       |
+------------------------------------------------------------+
+------------------------------------------------------------+
| SLAVE    DE5_1-11.2                                      |
+------------------------------------------------------------+
| Step 1  PHY / Link           PASS                        |
| Step 2  Endpoint / PTP       PASS                        |
| Step 3  WR Handshake         PASS                        |
| Step 4  SoftPLL Startup      PASS                        |
| Step 5  Closed-loop Lock     INFO                        |
| Step 6  Global Time          WAITING                     |
+------------------------------------------------------------+
| Link health                  Link=1  TM=1  RX=1  TX=1 |
| Lock signals                 Helper=1  MainFreq=1  MainPhase=1 |
|                              MainLock=1  PSTAT=1             |
| Global-Time reason           PTP servo offset not yet <60 ps |
| WR PTP servo state           WAIT_OFFSET_STABLE          |
| WR phase offset              2505 ps (target |offset| <60 ps) |
| Global-Time validity         TIME_VALID=0 PPS_VALID=0     |
| Snapshot                     snapshot=0 stable=1 count=0 |
| PPS registers                CR=20000006 EN=0 ESCR=768   |
| PPS register validity        TM=0 PPS=0                  |
| Step5 result                 LOCK_ACQUIRED_NOT_STABLE    |
+------------------------------------------------------------+

Global Time summary (125 MHz reference; 1 cycle = 8 ns)
------------------------------------------------------------
  MASTER  (DE5_1-11.1)
    TAI=765          CYCLES=124999999    VALID
  SLAVE   (DE5_1-11.2)
    TAI=--           CYCLES=--           WAITING (TIME_VALID=0, PPS_VALID=0)
------------------------------------------------------------
Dashboard read complete.
White Rabbit Step 1-6 dashboard  2026-09-30T15:36:19+08:00  (read-only)
Sampling interval: 10s; per-board comparison window: 2000ms

+------------------------------------------------------------+
| MASTER   DE5_1-11.1                                      |
+------------------------------------------------------------+
| Step 1  PHY / Link           PASS                        |
| Step 2  Endpoint / PTP       PASS                        |
| Step 3  WR Handshake         INFO                        |
| Step 4  SoftPLL Startup      PASS                        |
| Step 5  Closed-loop Lock     INFO                        |
| Step 6  Global Time          VALID                       |
+------------------------------------------------------------+
| Link health                  Link=1  TM=1  RX=1  TX=1 |
| Lock signals                 Helper=NA  MainFreq=NA  MainPhase=NA |
|                              MainLock=NA  PSTAT=NA             |
| Global-Time reason           PPS snapshot valid; Step6 gate passed |
| WR PTP servo state           NA                          |
| WR phase offset              NA ps                       |
| Global-Time validity         TIME_VALID=1 PPS_VALID=1     |
| Snapshot                     snapshot=1 stable=1 count=776 |
| PPS registers                CR=20000006 EN=0 ESCR=780   |
| PPS register validity        TM=1 PPS=1                  |
| Step5 result                 NOT_APPLICABLE_MASTER       |
+------------------------------------------------------------+
+------------------------------------------------------------+
| SLAVE    DE5_1-11.2                                      |
+------------------------------------------------------------+
| Step 1  PHY / Link           PASS                        |
| Step 2  Endpoint / PTP       PASS                        |
| Step 3  WR Handshake         PASS                        |
| Step 4  SoftPLL Startup      PASS                        |
| Step 5  Closed-loop Lock     INFO                        |
| Step 6  Global Time          WAITING                     |
+------------------------------------------------------------+
| Link health                  Link=1  TM=1  RX=1  TX=1 |
| Lock signals                 Helper=1  MainFreq=1  MainPhase=1 |
|                              MainLock=1  PSTAT=1             |
| Global-Time reason           PTP servo offset not yet <60 ps |
| WR PTP servo state           WAIT_OFFSET_STABLE          |
| WR phase offset              -1978 ps (target |offset| <60 ps) |
| Global-Time validity         TIME_VALID=0 PPS_VALID=0     |
| Snapshot                     snapshot=0 stable=1 count=0 |
| PPS registers                CR=20000006 EN=0 ESCR=768   |
| PPS register validity        TM=0 PPS=0                  |
| Step5 result                 LOCK_ACQUIRED_NOT_STABLE    |
+------------------------------------------------------------+

Global Time summary (125 MHz reference; 1 cycle = 8 ns)
------------------------------------------------------------
  MASTER  (DE5_1-11.1)
    TAI=775          CYCLES=124999999    VALID
  SLAVE   (DE5_1-11.2)
    TAI=--           CYCLES=--           WAITING (TIME_VALID=0, PPS_VALID=0)
------------------------------------------------------------
Dashboard read complete.
White Rabbit Step 1-6 dashboard  2026-09-30T15:36:29+08:00  (read-only)
Sampling interval: 10s; per-board comparison window: 2000ms

+------------------------------------------------------------+
| MASTER   DE5_1-11.1                                      |
+------------------------------------------------------------+
| Step 1  PHY / Link           PASS                        |
| Step 2  Endpoint / PTP       PASS                        |
| Step 3  WR Handshake         INFO                        |
| Step 4  SoftPLL Startup      PASS                        |
| Step 5  Closed-loop Lock     INFO                        |
| Step 6  Global Time          VALID                       |
+------------------------------------------------------------+
| Link health                  Link=1  TM=1  RX=1  TX=1 |
| Lock signals                 Helper=NA  MainFreq=NA  MainPhase=NA |
|                              MainLock=NA  PSTAT=NA             |
| Global-Time reason           PPS snapshot valid; Step6 gate passed |
| WR PTP servo state           NA                          |
| WR phase offset              NA ps                       |
| Global-Time validity         TIME_VALID=1 PPS_VALID=1     |
| Snapshot                     snapshot=1 stable=1 count=786 |
| PPS registers                CR=20000006 EN=0 ESCR=780   |
| PPS register validity        TM=1 PPS=1                  |
| Step5 result                 NOT_APPLICABLE_MASTER       |
+------------------------------------------------------------+
+------------------------------------------------------------+
| SLAVE    DE5_1-11.2                                      |
+------------------------------------------------------------+
| Step 1  PHY / Link           PASS                        |
| Step 2  Endpoint / PTP       PASS                        |
| Step 3  WR Handshake         PASS                        |
| Step 4  SoftPLL Startup      PASS                        |
| Step 5  Closed-loop Lock     INFO                        |
| Step 6  Global Time          WAITING                     |
+------------------------------------------------------------+
| Link health                  Link=1  TM=1  RX=1  TX=1 |
| Lock signals                 Helper=1  MainFreq=1  MainPhase=1 |
|                              MainLock=1  PSTAT=1             |
| Global-Time reason           PTP servo offset not yet <60 ps |
| WR PTP servo state           WAIT_OFFSET_STABLE          |
| WR phase offset              2302 ps (target |offset| <60 ps) |
| Global-Time validity         TIME_VALID=0 PPS_VALID=0     |
| Snapshot                     snapshot=0 stable=1 count=0 |
| PPS registers                CR=20000006 EN=0 ESCR=768   |
| PPS register validity        TM=0 PPS=0                  |
| Step5 result                 LOCK_ACQUIRED_NOT_STABLE    |
+------------------------------------------------------------+

Global Time summary (125 MHz reference; 1 cycle = 8 ns)
------------------------------------------------------------
  MASTER  (DE5_1-11.1)
    TAI=785          CYCLES=124999999    VALID
  SLAVE   (DE5_1-11.2)
    TAI=--           CYCLES=--           WAITING (TIME_VALID=0, PPS_VALID=0)
------------------------------------------------------------
Dashboard read complete.
White Rabbit Step 1-6 dashboard  2026-09-30T15:36:39+08:00  (read-only)
Sampling interval: 10s; per-board comparison window: 2000ms

+------------------------------------------------------------+
| MASTER   DE5_1-11.1                                      |
+------------------------------------------------------------+
| Step 1  PHY / Link           PASS                        |
| Step 2  Endpoint / PTP       PASS                        |
| Step 3  WR Handshake         INFO                        |
| Step 4  SoftPLL Startup      PASS                        |
| Step 5  Closed-loop Lock     INFO                        |
| Step 6  Global Time          VALID                       |
+------------------------------------------------------------+
| Link health                  Link=1  TM=1  RX=1  TX=1 |
| Lock signals                 Helper=NA  MainFreq=NA  MainPhase=NA |
|                              MainLock=NA  PSTAT=NA             |
| Global-Time reason           PPS snapshot valid; Step6 gate passed |
| WR PTP servo state           NA                          |
| WR phase offset              NA ps                       |
| Global-Time validity         TIME_VALID=1 PPS_VALID=1     |
| Snapshot                     snapshot=1 stable=1 count=796 |
| PPS registers                CR=20000006 EN=0 ESCR=780   |
| PPS register validity        TM=1 PPS=1                  |
| Step5 result                 NOT_APPLICABLE_MASTER       |
+------------------------------------------------------------+
+------------------------------------------------------------+
| SLAVE    DE5_1-11.2                                      |
+------------------------------------------------------------+
| Step 1  PHY / Link           PASS                        |
| Step 2  Endpoint / PTP       PASS                        |
| Step 3  WR Handshake         PASS                        |
| Step 4  SoftPLL Startup      PASS                        |
| Step 5  Closed-loop Lock     INFO                        |
| Step 6  Global Time          WAITING                     |
+------------------------------------------------------------+
| Link health                  Link=1  TM=1  RX=1  TX=1 |
| Lock signals                 Helper=1  MainFreq=1  MainPhase=1 |
|                              MainLock=1  PSTAT=1             |
| Global-Time reason           PTP servo offset not yet <60 ps |
| WR PTP servo state           WAIT_OFFSET_STABLE          |
| WR phase offset              -2059 ps (target |offset| <60 ps) |
| Global-Time validity         TIME_VALID=0 PPS_VALID=0     |
| Snapshot                     snapshot=0 stable=1 count=0 |
| PPS registers                CR=20000006 EN=0 ESCR=768   |
| PPS register validity        TM=0 PPS=0                  |
| Step5 result                 LOCK_ACQUIRED_NOT_STABLE    |
+------------------------------------------------------------+

Global Time summary (125 MHz reference; 1 cycle = 8 ns)
------------------------------------------------------------
  MASTER  (DE5_1-11.1)
    TAI=795          CYCLES=124999999    VALID
  SLAVE   (DE5_1-11.2)
    TAI=--           CYCLES=--           WAITING (TIME_VALID=0, PPS_VALID=0)
------------------------------------------------------------
Dashboard read complete.
White Rabbit Step 1-6 dashboard  2026-09-30T15:36:49+08:00  (read-only)
Sampling interval: 10s; per-board comparison window: 2000ms

+------------------------------------------------------------+
| MASTER   DE5_1-11.1                                      |
+------------------------------------------------------------+
| Step 1  PHY / Link           PASS                        |
| Step 2  Endpoint / PTP       PASS                        |
| Step 3  WR Handshake         INFO                        |
| Step 4  SoftPLL Startup      PASS                        |
| Step 5  Closed-loop Lock     INFO                        |
| Step 6  Global Time          VALID                       |
+------------------------------------------------------------+
| Link health                  Link=1  TM=1  RX=1  TX=1 |
| Lock signals                 Helper=NA  MainFreq=NA  MainPhase=NA |
|                              MainLock=NA  PSTAT=NA             |
| Global-Time reason           PPS snapshot valid; Step6 gate passed |
| WR PTP servo state           NA                          |
| WR phase offset              NA ps                       |
| Global-Time validity         TIME_VALID=1 PPS_VALID=1     |
| Snapshot                     snapshot=1 stable=1 count=806 |
| PPS registers                CR=20000006 EN=0 ESCR=780   |
| PPS register validity        TM=1 PPS=1                  |
| Step5 result                 NOT_APPLICABLE_MASTER       |
+------------------------------------------------------------+
+------------------------------------------------------------+
| SLAVE    DE5_1-11.2                                      |
+------------------------------------------------------------+
| Step 1  PHY / Link           PASS                        |
| Step 2  Endpoint / PTP       PASS                        |
| Step 3  WR Handshake         PASS                        |
| Step 4  SoftPLL Startup      PASS                        |
| Step 5  Closed-loop Lock     INFO                        |
| Step 6  Global Time          WAITING                     |
+------------------------------------------------------------+
| Link health                  Link=1  TM=1  RX=1  TX=1 |
| Lock signals                 Helper=1  MainFreq=1  MainPhase=1 |
|                              MainLock=1  PSTAT=1             |
| Global-Time reason           PTP servo offset not yet <60 ps |
| WR PTP servo state           WAIT_OFFSET_STABLE          |
| WR phase offset              2612 ps (target |offset| <60 ps) |
| Global-Time validity         TIME_VALID=0 PPS_VALID=0     |
| Snapshot                     snapshot=0 stable=1 count=0 |
| PPS registers                CR=20000006 EN=0 ESCR=768   |
| PPS register validity        TM=0 PPS=0                  |
| Step5 result                 LOCK_ACQUIRED_NOT_STABLE    |
+------------------------------------------------------------+

Global Time summary (125 MHz reference; 1 cycle = 8 ns)
------------------------------------------------------------
  MASTER  (DE5_1-11.1)
    TAI=805          CYCLES=124999999    VALID
  SLAVE   (DE5_1-11.2)
    TAI=--           CYCLES=--           WAITING (TIME_VALID=0, PPS_VALID=0)
------------------------------------------------------------
Dashboard read complete.
White Rabbit Step 1-6 dashboard  2026-09-30T15:36:59+08:00  (read-only)
Sampling interval: 10s; per-board comparison window: 2000ms

+------------------------------------------------------------+
| MASTER   DE5_1-11.1                                      |
+------------------------------------------------------------+
| Step 1  PHY / Link           PASS                        |
| Step 2  Endpoint / PTP       PASS                        |
| Step 3  WR Handshake         INFO                        |
| Step 4  SoftPLL Startup      PASS                        |
| Step 5  Closed-loop Lock     INFO                        |
| Step 6  Global Time          VALID                       |
+------------------------------------------------------------+
| Link health                  Link=1  TM=1  RX=1  TX=1 |
| Lock signals                 Helper=NA  MainFreq=NA  MainPhase=NA |
|                              MainLock=NA  PSTAT=NA             |
| Global-Time reason           PPS snapshot valid; Step6 gate passed |
| WR PTP servo state           NA                          |
| WR phase offset              NA ps                       |
| Global-Time validity         TIME_VALID=1 PPS_VALID=1     |
| Snapshot                     snapshot=1 stable=1 count=816 |
| PPS registers                CR=20000006 EN=0 ESCR=780   |
| PPS register validity        TM=1 PPS=1                  |
| Step5 result                 NOT_APPLICABLE_MASTER       |
+------------------------------------------------------------+
+------------------------------------------------------------+
| SLAVE    DE5_1-11.2                                      |
+------------------------------------------------------------+
| Step 1  PHY / Link           PASS                        |
| Step 2  Endpoint / PTP       PASS                        |
| Step 3  WR Handshake         PASS                        |
| Step 4  SoftPLL Startup      PASS                        |
| Step 5  Closed-loop Lock     INFO                        |
| Step 6  Global Time          WAITING                     |
+------------------------------------------------------------+
| Link health                  Link=1  TM=1  RX=1  TX=1 |
| Lock signals                 Helper=1  MainFreq=1  MainPhase=1 |
|                              MainLock=1  PSTAT=1             |
| Global-Time reason           PTP servo offset not yet <60 ps |
| WR PTP servo state           WAIT_OFFSET_STABLE          |
| WR phase offset              -2227 ps (target |offset| <60 ps) |
| Global-Time validity         TIME_VALID=0 PPS_VALID=0     |
| Snapshot                     snapshot=0 stable=1 count=0 |
| PPS registers                CR=20000006 EN=0 ESCR=57489152 |
| PPS register validity        TM=0 PPS=0                  |
| Step5 result                 LOCK_ACQUIRED_NOT_STABLE    |
+------------------------------------------------------------+

Global Time summary (125 MHz reference; 1 cycle = 8 ns)
------------------------------------------------------------
  MASTER  (DE5_1-11.1)
    TAI=815          CYCLES=124999999    VALID
  SLAVE   (DE5_1-11.2)
    TAI=--           CYCLES=--           WAITING (TIME_VALID=0, PPS_VALID=0)
------------------------------------------------------------
Dashboard read complete.
White Rabbit Step 1-6 dashboard  2026-09-30T15:37:09+08:00  (read-only)
Sampling interval: 10s; per-board comparison window: 2000ms

+------------------------------------------------------------+
| MASTER   DE5_1-11.1                                      |
+------------------------------------------------------------+
| Step 1  PHY / Link           PASS                        |
| Step 2  Endpoint / PTP       PASS                        |
| Step 3  WR Handshake         INFO                        |
| Step 4  SoftPLL Startup      PASS                        |
| Step 5  Closed-loop Lock     INFO                        |
| Step 6  Global Time          VALID                       |
+------------------------------------------------------------+
| Link health                  Link=1  TM=1  RX=1  TX=1 |
| Lock signals                 Helper=NA  MainFreq=NA  MainPhase=NA |
|                              MainLock=NA  PSTAT=NA             |
| Global-Time reason           PPS snapshot valid; Step6 gate passed |
| WR PTP servo state           NA                          |
| WR phase offset              NA ps                       |
| Global-Time validity         TIME_VALID=1 PPS_VALID=1     |
| Snapshot                     snapshot=1 stable=1 count=826 |
| PPS registers                CR=20000006 EN=0 ESCR=780   |
| PPS register validity        TM=1 PPS=1                  |
| Step5 result                 NOT_APPLICABLE_MASTER       |
+------------------------------------------------------------+
+------------------------------------------------------------+
| SLAVE    DE5_1-11.2                                      |
+------------------------------------------------------------+
| Step 1  PHY / Link           PASS                        |
| Step 2  Endpoint / PTP       PASS                        |
| Step 3  WR Handshake         PASS                        |
| Step 4  SoftPLL Startup      PASS                        |
| Step 5  Closed-loop Lock     INFO                        |
| Step 6  Global Time          WAITING                     |
+------------------------------------------------------------+
| Link health                  Link=1  TM=1  RX=1  TX=1 |
| Lock signals                 Helper=1  MainFreq=1  MainPhase=1 |
|                              MainLock=1  PSTAT=1             |
| Global-Time reason           PTP servo offset not yet <60 ps |
| WR PTP servo state           WAIT_OFFSET_STABLE          |
| WR phase offset              2335 ps (target |offset| <60 ps) |
| Global-Time validity         TIME_VALID=0 PPS_VALID=0     |
| Snapshot                     snapshot=0 stable=1 count=0 |
| PPS registers                CR=20000006 EN=0 ESCR=768   |
| PPS register validity        TM=0 PPS=0                  |
| Step5 result                 LOCK_ACQUIRED_NOT_STABLE    |
+------------------------------------------------------------+

Global Time summary (125 MHz reference; 1 cycle = 8 ns)
------------------------------------------------------------
  MASTER  (DE5_1-11.1)
    TAI=825          CYCLES=124999999    VALID
  SLAVE   (DE5_1-11.2)
    TAI=--           CYCLES=--           WAITING (TIME_VALID=0, PPS_VALID=0)
------------------------------------------------------------
Dashboard read complete.
White Rabbit Step 1-6 dashboard  2026-09-30T15:37:19+08:00  (read-only)
Sampling interval: 10s; per-board comparison window: 2000ms

+------------------------------------------------------------+
| MASTER   DE5_1-11.1                                      |
+------------------------------------------------------------+
| Step 1  PHY / Link           PASS                        |
| Step 2  Endpoint / PTP       PASS                        |
| Step 3  WR Handshake         INFO                        |
| Step 4  SoftPLL Startup      PASS                        |
| Step 5  Closed-loop Lock     INFO                        |
| Step 6  Global Time          VALID                       |
+------------------------------------------------------------+
| Link health                  Link=1  TM=1  RX=1  TX=1 |
| Lock signals                 Helper=NA  MainFreq=NA  MainPhase=NA |
|                              MainLock=NA  PSTAT=NA             |
| Global-Time reason           PPS snapshot valid; Step6 gate passed |
| WR PTP servo state           NA                          |
| WR phase offset              NA ps                       |
| Global-Time validity         TIME_VALID=1 PPS_VALID=1     |
| Snapshot                     snapshot=1 stable=1 count=836 |
| PPS registers                CR=20000006 EN=0 ESCR=780   |
| PPS register validity        TM=1 PPS=1                  |
| Step5 result                 NOT_APPLICABLE_MASTER       |
+------------------------------------------------------------+
+------------------------------------------------------------+
| SLAVE    DE5_1-11.2                                      |
+------------------------------------------------------------+
| Step 1  PHY / Link           PASS                        |
| Step 2  Endpoint / PTP       PASS                        |
| Step 3  WR Handshake         PASS                        |
| Step 4  SoftPLL Startup      PASS                        |
| Step 5  Closed-loop Lock     INFO                        |
| Step 6  Global Time          WAITING                     |
+------------------------------------------------------------+
| Link health                  Link=1  TM=1  RX=1  TX=1 |
| Lock signals                 Helper=1  MainFreq=1  MainPhase=1 |
|                              MainLock=1  PSTAT=1             |
| Global-Time reason           PTP servo offset not yet <60 ps |
| WR PTP servo state           WAIT_OFFSET_STABLE          |
| WR phase offset              -2104 ps (target |offset| <60 ps) |
| Global-Time validity         TIME_VALID=0 PPS_VALID=0     |
| Snapshot                     snapshot=0 stable=1 count=0 |
| PPS registers                CR=20000006 EN=0 ESCR=768   |
| PPS register validity        TM=0 PPS=0                  |
| Step5 result                 LOCK_ACQUIRED_NOT_STABLE    |
+------------------------------------------------------------+

Global Time summary (125 MHz reference; 1 cycle = 8 ns)
------------------------------------------------------------
  MASTER  (DE5_1-11.1)
    TAI=835          CYCLES=124999999    VALID
  SLAVE   (DE5_1-11.2)
    TAI=--           CYCLES=--           WAITING (TIME_VALID=0, PPS_VALID=0)
------------------------------------------------------------
Dashboard read complete.
White Rabbit Step 1-6 dashboard  2026-09-30T15:37:29+08:00  (read-only)
Sampling interval: 10s; per-board comparison window: 2000ms

+------------------------------------------------------------+
| MASTER   DE5_1-11.1                                      |
+------------------------------------------------------------+
| Step 1  PHY / Link           PASS                        |
| Step 2  Endpoint / PTP       PASS                        |
| Step 3  WR Handshake         INFO                        |
| Step 4  SoftPLL Startup      PASS                        |
| Step 5  Closed-loop Lock     INFO                        |
| Step 6  Global Time          VALID                       |
+------------------------------------------------------------+
| Link health                  Link=1  TM=1  RX=1  TX=1 |
| Lock signals                 Helper=NA  MainFreq=NA  MainPhase=NA |
|                              MainLock=NA  PSTAT=NA             |
| Global-Time reason           PPS snapshot valid; Step6 gate passed |
| WR PTP servo state           NA                          |
| WR phase offset              NA ps                       |
| Global-Time validity         TIME_VALID=1 PPS_VALID=1     |
| Snapshot                     snapshot=1 stable=1 count=846 |
| PPS registers                CR=20000006 EN=0 ESCR=780   |
| PPS register validity        TM=1 PPS=1                  |
| Step5 result                 NOT_APPLICABLE_MASTER       |
+------------------------------------------------------------+
+------------------------------------------------------------+
| SLAVE    DE5_1-11.2                                      |
+------------------------------------------------------------+
| Step 1  PHY / Link           PASS                        |
| Step 2  Endpoint / PTP       PASS                        |
| Step 3  WR Handshake         PASS                        |
| Step 4  SoftPLL Startup      PASS                        |
| Step 5  Closed-loop Lock     INFO                        |
| Step 6  Global Time          WAITING                     |
+------------------------------------------------------------+
| Link health                  Link=1  TM=1  RX=1  TX=1 |
| Lock signals                 Helper=1  MainFreq=1  MainPhase=1 |
|                              MainLock=1  PSTAT=1             |
| Global-Time reason           PTP servo offset not yet <60 ps |
| WR PTP servo state           WAIT_OFFSET_STABLE          |
| WR phase offset              2631 ps (target |offset| <60 ps) |
| Global-Time validity         TIME_VALID=0 PPS_VALID=0     |
| Snapshot                     snapshot=0 stable=1 count=0 |
| PPS registers                CR=20000006 EN=0 ESCR=768   |
| PPS register validity        TM=0 PPS=0                  |
| Step5 result                 LOCK_ACQUIRED_NOT_STABLE    |
+------------------------------------------------------------+

Global Time summary (125 MHz reference; 1 cycle = 8 ns)
------------------------------------------------------------
  MASTER  (DE5_1-11.1)
    TAI=845          CYCLES=124999999    VALID
  SLAVE   (DE5_1-11.2)
    TAI=--           CYCLES=--           WAITING (TIME_VALID=0, PPS_VALID=0)
------------------------------------------------------------
Dashboard read complete.
White Rabbit Step 1-6 dashboard  2026-09-30T15:37:39+08:00  (read-only)
Sampling interval: 10s; per-board comparison window: 2000ms

+------------------------------------------------------------+
| MASTER   DE5_1-11.1                                      |
+------------------------------------------------------------+
| Step 1  PHY / Link           PASS                        |
| Step 2  Endpoint / PTP       PASS                        |
| Step 3  WR Handshake         INFO                        |
| Step 4  SoftPLL Startup      PASS                        |
| Step 5  Closed-loop Lock     INFO                        |
| Step 6  Global Time          VALID                       |
+------------------------------------------------------------+
| Link health                  Link=1  TM=1  RX=1  TX=1 |
| Lock signals                 Helper=NA  MainFreq=NA  MainPhase=NA |
|                              MainLock=NA  PSTAT=NA             |
| Global-Time reason           PPS snapshot valid; Step6 gate passed |
| WR PTP servo state           NA                          |
| WR phase offset              NA ps                       |
| Global-Time validity         TIME_VALID=1 PPS_VALID=1     |
| Snapshot                     snapshot=1 stable=1 count=856 |
| PPS registers                CR=20000006 EN=0 ESCR=780   |
| PPS register validity        TM=1 PPS=1                  |
| Step5 result                 NOT_APPLICABLE_MASTER       |
+------------------------------------------------------------+
+------------------------------------------------------------+
| SLAVE    DE5_1-11.2                                      |
+------------------------------------------------------------+
| Step 1  PHY / Link           PASS                        |
| Step 2  Endpoint / PTP       PASS                        |
| Step 3  WR Handshake         PASS                        |
| Step 4  SoftPLL Startup      PASS                        |
| Step 5  Closed-loop Lock     INFO                        |
| Step 6  Global Time          WAITING                     |
+------------------------------------------------------------+
| Link health                  Link=1  TM=1  RX=1  TX=1 |
| Lock signals                 Helper=1  MainFreq=1  MainPhase=1 |
|                              MainLock=1  PSTAT=1             |
| Global-Time reason           PTP servo offset not yet <60 ps |
| WR PTP servo state           SYNC_PHASE                  |
| WR phase offset              -1638 ps (target |offset| <60 ps) |
| Global-Time validity         TIME_VALID=0 PPS_VALID=0     |
| Snapshot                     snapshot=0 stable=1 count=0 |
| PPS registers                CR=20000006 EN=0 ESCR=768   |
| PPS register validity        TM=0 PPS=0                  |
| Step5 result                 LOCK_ACQUIRED_NOT_STABLE    |
+------------------------------------------------------------+

Global Time summary (125 MHz reference; 1 cycle = 8 ns)
------------------------------------------------------------
  MASTER  (DE5_1-11.1)
    TAI=855          CYCLES=124999999    VALID
  SLAVE   (DE5_1-11.2)
    TAI=--           CYCLES=--           WAITING (TIME_VALID=0, PPS_VALID=0)
------------------------------------------------------------
Dashboard read complete.
White Rabbit Step 1-6 dashboard  2026-09-30T15:37:49+08:00  (read-only)
Sampling interval: 10s; per-board comparison window: 2000ms

+------------------------------------------------------------+
| MASTER   DE5_1-11.1                                      |
+------------------------------------------------------------+
| Step 1  PHY / Link           PASS                        |
| Step 2  Endpoint / PTP       PASS                        |
| Step 3  WR Handshake         INFO                        |
| Step 4  SoftPLL Startup      PASS                        |
| Step 5  Closed-loop Lock     INFO                        |
| Step 6  Global Time          VALID                       |
+------------------------------------------------------------+
| Link health                  Link=1  TM=1  RX=1  TX=1 |
| Lock signals                 Helper=NA  MainFreq=NA  MainPhase=NA |
|                              MainLock=NA  PSTAT=NA             |
| Global-Time reason           PPS snapshot valid; Step6 gate passed |
| WR PTP servo state           NA                          |
| WR phase offset              NA ps                       |
| Global-Time validity         TIME_VALID=1 PPS_VALID=1     |
| Snapshot                     snapshot=1 stable=1 count=866 |
| PPS registers                CR=20000006 EN=0 ESCR=780   |
| PPS register validity        TM=1 PPS=1                  |
| Step5 result                 NOT_APPLICABLE_MASTER       |
+------------------------------------------------------------+
+------------------------------------------------------------+
| SLAVE    DE5_1-11.2                                      |
+------------------------------------------------------------+
| Step 1  PHY / Link           PASS                        |
| Step 2  Endpoint / PTP       PASS                        |
| Step 3  WR Handshake         PASS                        |
| Step 4  SoftPLL Startup      PASS                        |
| Step 5  Closed-loop Lock     INFO                        |
| Step 6  Global Time          WAITING                     |
+------------------------------------------------------------+
| Link health                  Link=1  TM=1  RX=1  TX=1 |
| Lock signals                 Helper=1  MainFreq=1  MainPhase=1 |
|                              MainLock=1  PSTAT=1             |
| Global-Time reason           PTP servo offset not yet <60 ps |
| WR PTP servo state           WAIT_OFFSET_STABLE          |
| WR phase offset              -2044 ps (target |offset| <60 ps) |
| Global-Time validity         TIME_VALID=0 PPS_VALID=0     |
| Snapshot                     snapshot=0 stable=1 count=0 |
| PPS registers                CR=20000006 EN=0 ESCR=768   |
| PPS register validity        TM=0 PPS=0                  |
| Step5 result                 LOCK_ACQUIRED_NOT_STABLE    |
+------------------------------------------------------------+

Global Time summary (125 MHz reference; 1 cycle = 8 ns)
------------------------------------------------------------
  MASTER  (DE5_1-11.1)
    TAI=865          CYCLES=124999999    VALID
  SLAVE   (DE5_1-11.2)
    TAI=--           CYCLES=--           WAITING (TIME_VALID=0, PPS_VALID=0)
------------------------------------------------------------
Dashboard read complete.
White Rabbit Step 1-6 dashboard  2026-09-30T15:37:59+08:00  (read-only)
Sampling interval: 10s; per-board comparison window: 2000ms

+------------------------------------------------------------+
| MASTER   DE5_1-11.1                                      |
+------------------------------------------------------------+
| Step 1  PHY / Link           PASS                        |
| Step 2  Endpoint / PTP       PASS                        |
| Step 3  WR Handshake         INFO                        |
| Step 4  SoftPLL Startup      PASS                        |
| Step 5  Closed-loop Lock     INFO                        |
| Step 6  Global Time          VALID                       |
+------------------------------------------------------------+
| Link health                  Link=1  TM=1  RX=1  TX=1 |
| Lock signals                 Helper=NA  MainFreq=NA  MainPhase=NA |
|                              MainLock=NA  PSTAT=NA             |
| Global-Time reason           PPS snapshot valid; Step6 gate passed |
| WR PTP servo state           NA                          |
| WR phase offset              NA ps                       |
| Global-Time validity         TIME_VALID=1 PPS_VALID=1     |
| Snapshot                     snapshot=1 stable=1 count=876 |
| PPS registers                CR=20000006 EN=0 ESCR=780   |
| PPS register validity        TM=1 PPS=1                  |
| Step5 result                 NOT_APPLICABLE_MASTER       |
+------------------------------------------------------------+
+------------------------------------------------------------+
| SLAVE    DE5_1-11.2                                      |
+------------------------------------------------------------+
| Step 1  PHY / Link           PASS                        |
| Step 2  Endpoint / PTP       PASS                        |
| Step 3  WR Handshake         PASS                        |
| Step 4  SoftPLL Startup      PASS                        |
| Step 5  Closed-loop Lock     INFO                        |
| Step 6  Global Time          WAITING                     |
+------------------------------------------------------------+
| Link health                  Link=1  TM=1  RX=1  TX=1 |
| Lock signals                 Helper=1  MainFreq=1  MainPhase=1 |
|                              MainLock=1  PSTAT=1             |
| Global-Time reason           PTP servo offset not yet <60 ps |
| WR PTP servo state           WAIT_OFFSET_STABLE          |
| WR phase offset              2264 ps (target |offset| <60 ps) |
| Global-Time validity         TIME_VALID=0 PPS_VALID=0     |
| Snapshot                     snapshot=0 stable=1 count=0 |
| PPS registers                CR=20000006 EN=0 ESCR=768   |
| PPS register validity        TM=0 PPS=0                  |
| Step5 result                 LOCK_ACQUIRED_NOT_STABLE    |
+------------------------------------------------------------+

Global Time summary (125 MHz reference; 1 cycle = 8 ns)
------------------------------------------------------------
  MASTER  (DE5_1-11.1)
    TAI=875          CYCLES=124999999    VALID
  SLAVE   (DE5_1-11.2)
    TAI=--           CYCLES=--           WAITING (TIME_VALID=0, PPS_VALID=0)
------------------------------------------------------------
Dashboard read complete.
White Rabbit Step 1-6 dashboard  2026-09-30T15:38:09+08:00  (read-only)
Sampling interval: 10s; per-board comparison window: 2000ms

+------------------------------------------------------------+
| MASTER   DE5_1-11.1                                      |
+------------------------------------------------------------+
| Step 1  PHY / Link           PASS                        |
| Step 2  Endpoint / PTP       PASS                        |
| Step 3  WR Handshake         INFO                        |
| Step 4  SoftPLL Startup      PASS                        |
| Step 5  Closed-loop Lock     INFO                        |
| Step 6  Global Time          VALID                       |
+------------------------------------------------------------+
| Link health                  Link=1  TM=1  RX=1  TX=1 |
| Lock signals                 Helper=NA  MainFreq=NA  MainPhase=NA |
|                              MainLock=NA  PSTAT=NA             |
| Global-Time reason           PPS snapshot valid; Step6 gate passed |
| WR PTP servo state           NA                          |
| WR phase offset              NA ps                       |
| Global-Time validity         TIME_VALID=1 PPS_VALID=1     |
| Snapshot                     snapshot=1 stable=1 count=886 |
| PPS registers                CR=20000006 EN=0 ESCR=780   |
| PPS register validity        TM=1 PPS=1                  |
| Step5 result                 NOT_APPLICABLE_MASTER       |
+------------------------------------------------------------+
+------------------------------------------------------------+
| SLAVE    DE5_1-11.2                                      |
+------------------------------------------------------------+
| Step 1  PHY / Link           PASS                        |
| Step 2  Endpoint / PTP       PASS                        |
| Step 3  WR Handshake         PASS                        |
| Step 4  SoftPLL Startup      PASS                        |
| Step 5  Closed-loop Lock     INFO                        |
| Step 6  Global Time          WAITING                     |
+------------------------------------------------------------+
| Link health                  Link=1  TM=1  RX=1  TX=1 |
| Lock signals                 Helper=1  MainFreq=1  MainPhase=1 |
|                              MainLock=1  PSTAT=1             |
| Global-Time reason           PTP servo offset not yet <60 ps |
| WR PTP servo state           WAIT_OFFSET_STABLE          |
| WR phase offset              -2105 ps (target |offset| <60 ps) |
| Global-Time validity         TIME_VALID=0 PPS_VALID=0     |
| Snapshot                     snapshot=0 stable=1 count=0 |
| PPS registers                CR=20000006 EN=0 ESCR=768   |
| PPS register validity        TM=0 PPS=0                  |
| Step5 result                 LOCK_ACQUIRED_NOT_STABLE    |
+------------------------------------------------------------+

Global Time summary (125 MHz reference; 1 cycle = 8 ns)
------------------------------------------------------------
  MASTER  (DE5_1-11.1)
    TAI=885          CYCLES=124999999    VALID
  SLAVE   (DE5_1-11.2)
    TAI=--           CYCLES=--           WAITING (TIME_VALID=0, PPS_VALID=0)
------------------------------------------------------------
Dashboard read complete.
White Rabbit Step 1-6 dashboard  2026-09-30T15:38:19+08:00  (read-only)
Sampling interval: 10s; per-board comparison window: 2000ms

+------------------------------------------------------------+
| MASTER   DE5_1-11.1                                      |
+------------------------------------------------------------+
| Step 1  PHY / Link           PASS                        |
| Step 2  Endpoint / PTP       PASS                        |
| Step 3  WR Handshake         INFO                        |
| Step 4  SoftPLL Startup      PASS                        |
| Step 5  Closed-loop Lock     INFO                        |
| Step 6  Global Time          VALID                       |
+------------------------------------------------------------+
| Link health                  Link=1  TM=1  RX=1  TX=1 |
| Lock signals                 Helper=NA  MainFreq=NA  MainPhase=NA |
|                              MainLock=NA  PSTAT=NA             |
| Global-Time reason           PPS snapshot valid; Step6 gate passed |
| WR PTP servo state           NA                          |
| WR phase offset              NA ps                       |
| Global-Time validity         TIME_VALID=1 PPS_VALID=1     |
| Snapshot                     snapshot=1 stable=1 count=896 |
| PPS registers                CR=20000006 EN=0 ESCR=780   |
| PPS register validity        TM=1 PPS=1                  |
| Step5 result                 NOT_APPLICABLE_MASTER       |
+------------------------------------------------------------+
+------------------------------------------------------------+
| SLAVE    DE5_1-11.2                                      |
+------------------------------------------------------------+
| Step 1  PHY / Link           PASS                        |
| Step 2  Endpoint / PTP       PASS                        |
| Step 3  WR Handshake         PASS                        |
| Step 4  SoftPLL Startup      PASS                        |
| Step 5  Closed-loop Lock     INFO                        |
| Step 6  Global Time          WAITING                     |
+------------------------------------------------------------+
| Link health                  Link=1  TM=1  RX=1  TX=1 |
| Lock signals                 Helper=1  MainFreq=1  MainPhase=1 |
|                              MainLock=1  PSTAT=1             |
| Global-Time reason           PTP servo offset not yet <60 ps |
| WR PTP servo state           WAIT_OFFSET_STABLE          |
| WR phase offset              2298 ps (target |offset| <60 ps) |
| Global-Time validity         TIME_VALID=0 PPS_VALID=0     |
| Snapshot                     snapshot=0 stable=1 count=0 |
| PPS registers                CR=20000006 EN=0 ESCR=39648256 |
| PPS register validity        TM=0 PPS=0                  |
| Step5 result                 LOCK_ACQUIRED_NOT_STABLE    |
+------------------------------------------------------------+

Global Time summary (125 MHz reference; 1 cycle = 8 ns)
------------------------------------------------------------
  MASTER  (DE5_1-11.1)
    TAI=895          CYCLES=124999999    VALID
  SLAVE   (DE5_1-11.2)
    TAI=--           CYCLES=--           WAITING (TIME_VALID=0, PPS_VALID=0)
------------------------------------------------------------
Dashboard read complete.
White Rabbit Step 1-6 dashboard  2026-09-30T15:38:29+08:00  (read-only)
Sampling interval: 10s; per-board comparison window: 2000ms

+------------------------------------------------------------+
| MASTER   DE5_1-11.1                                      |
+------------------------------------------------------------+
| Step 1  PHY / Link           PASS                        |
| Step 2  Endpoint / PTP       PASS                        |
| Step 3  WR Handshake         INFO                        |
| Step 4  SoftPLL Startup      PASS                        |
| Step 5  Closed-loop Lock     INFO                        |
| Step 6  Global Time          VALID                       |
+------------------------------------------------------------+
| Link health                  Link=1  TM=1  RX=1  TX=1 |
| Lock signals                 Helper=NA  MainFreq=NA  MainPhase=NA |
|                              MainLock=NA  PSTAT=NA             |
| Global-Time reason           PPS snapshot valid; Step6 gate passed |
| WR PTP servo state           NA                          |
| WR phase offset              NA ps                       |
| Global-Time validity         TIME_VALID=1 PPS_VALID=1     |
| Snapshot                     snapshot=1 stable=1 count=906 |
| PPS registers                CR=20000006 EN=0 ESCR=780   |
| PPS register validity        TM=1 PPS=1                  |
| Step5 result                 NOT_APPLICABLE_MASTER       |
+------------------------------------------------------------+
+------------------------------------------------------------+
| SLAVE    DE5_1-11.2                                      |
+------------------------------------------------------------+
| Step 1  PHY / Link           PASS                        |
| Step 2  Endpoint / PTP       PASS                        |
| Step 3  WR Handshake         PASS                        |
| Step 4  SoftPLL Startup      PASS                        |
| Step 5  Closed-loop Lock     INFO                        |
| Step 6  Global Time          WAITING                     |
+------------------------------------------------------------+
| Link health                  Link=1  TM=1  RX=1  TX=1 |
| Lock signals                 Helper=1  MainFreq=1  MainPhase=1 |
|                              MainLock=1  PSTAT=1             |
| Global-Time reason           PTP servo offset not yet <60 ps |
| WR PTP servo state           WAIT_OFFSET_STABLE          |
| WR phase offset              2625 ps (target |offset| <60 ps) |
| Global-Time validity         TIME_VALID=0 PPS_VALID=0     |
| Snapshot                     snapshot=0 stable=1 count=0 |
| PPS registers                CR=20000006 EN=0 ESCR=768   |
| PPS register validity        TM=0 PPS=0                  |
| Step5 result                 LOCK_ACQUIRED_NOT_STABLE    |
+------------------------------------------------------------+

Global Time summary (125 MHz reference; 1 cycle = 8 ns)
------------------------------------------------------------
  MASTER  (DE5_1-11.1)
    TAI=905          CYCLES=124999999    VALID
  SLAVE   (DE5_1-11.2)
    TAI=--           CYCLES=--           WAITING (TIME_VALID=0, PPS_VALID=0)
------------------------------------------------------------
Dashboard read complete.
White Rabbit Step 1-6 dashboard  2026-09-30T15:38:39+08:00  (read-only)
Sampling interval: 10s; per-board comparison window: 2000ms

+------------------------------------------------------------+
| MASTER   DE5_1-11.1                                      |
+------------------------------------------------------------+
| Step 1  PHY / Link           PASS                        |
| Step 2  Endpoint / PTP       PASS                        |
| Step 3  WR Handshake         INFO                        |
| Step 4  SoftPLL Startup      PASS                        |
| Step 5  Closed-loop Lock     INFO                        |
| Step 6  Global Time          VALID                       |
+------------------------------------------------------------+
| Link health                  Link=1  TM=1  RX=1  TX=1 |
| Lock signals                 Helper=NA  MainFreq=NA  MainPhase=NA |
|                              MainLock=NA  PSTAT=NA             |
| Global-Time reason           PPS snapshot valid; Step6 gate passed |
| WR PTP servo state           NA                          |
| WR phase offset              NA ps                       |
| Global-Time validity         TIME_VALID=1 PPS_VALID=1     |
| Snapshot                     snapshot=1 stable=1 count=916 |
| PPS registers                CR=20000006 EN=0 ESCR=780   |
| PPS register validity        TM=1 PPS=1                  |
| Step5 result                 NOT_APPLICABLE_MASTER       |
+------------------------------------------------------------+
+------------------------------------------------------------+
| SLAVE    DE5_1-11.2                                      |
+------------------------------------------------------------+
| Step 1  PHY / Link           PASS                        |
| Step 2  Endpoint / PTP       PASS                        |
| Step 3  WR Handshake         PASS                        |
| Step 4  SoftPLL Startup      PASS                        |
| Step 5  Closed-loop Lock     INFO                        |
| Step 6  Global Time          WAITING                     |
+------------------------------------------------------------+
| Link health                  Link=1  TM=1  RX=1  TX=1 |
| Lock signals                 Helper=1  MainFreq=1  MainPhase=1 |
|                              MainLock=1  PSTAT=1             |
| Global-Time reason           PTP servo offset not yet <60 ps |
| WR PTP servo state           WAIT_OFFSET_STABLE          |
| WR phase offset              -1930 ps (target |offset| <60 ps) |
| Global-Time validity         TIME_VALID=0 PPS_VALID=0     |
| Snapshot                     snapshot=0 stable=1 count=0 |
| PPS registers                CR=20000006 EN=0 ESCR=768   |
| PPS register validity        TM=0 PPS=0                  |
| Step5 result                 LOCK_ACQUIRED_NOT_STABLE    |
+------------------------------------------------------------+

Global Time summary (125 MHz reference; 1 cycle = 8 ns)
------------------------------------------------------------
  MASTER  (DE5_1-11.1)
    TAI=915          CYCLES=124999999    VALID
  SLAVE   (DE5_1-11.2)
    TAI=--           CYCLES=--           WAITING (TIME_VALID=0, PPS_VALID=0)
------------------------------------------------------------
Dashboard read complete.
White Rabbit Step 1-6 dashboard  2026-09-30T15:38:49+08:00  (read-only)
Sampling interval: 10s; per-board comparison window: 2000ms

+------------------------------------------------------------+
| MASTER   DE5_1-11.1                                      |
+------------------------------------------------------------+
| Step 1  PHY / Link           PASS                        |
| Step 2  Endpoint / PTP       PASS                        |
| Step 3  WR Handshake         INFO                        |
| Step 4  SoftPLL Startup      PASS                        |
| Step 5  Closed-loop Lock     INFO                        |
| Step 6  Global Time          VALID                       |
+------------------------------------------------------------+
| Link health                  Link=1  TM=1  RX=1  TX=1 |
| Lock signals                 Helper=NA  MainFreq=NA  MainPhase=NA |
|                              MainLock=NA  PSTAT=NA             |
| Global-Time reason           PPS snapshot valid; Step6 gate passed |
| WR PTP servo state           NA                          |
| WR phase offset              NA ps                       |
| Global-Time validity         TIME_VALID=1 PPS_VALID=1     |
| Snapshot                     snapshot=1 stable=1 count=926 |
| PPS registers                CR=20000006 EN=0 ESCR=780   |
| PPS register validity        TM=1 PPS=1                  |
| Step5 result                 NOT_APPLICABLE_MASTER       |
+------------------------------------------------------------+
+------------------------------------------------------------+
| SLAVE    DE5_1-11.2                                      |
+------------------------------------------------------------+
| Step 1  PHY / Link           PASS                        |
| Step 2  Endpoint / PTP       PASS                        |
| Step 3  WR Handshake         PASS                        |
| Step 4  SoftPLL Startup      PASS                        |
| Step 5  Closed-loop Lock     INFO                        |
| Step 6  Global Time          WAITING                     |
+------------------------------------------------------------+
| Link health                  Link=1  TM=1  RX=1  TX=1 |
| Lock signals                 Helper=1  MainFreq=1  MainPhase=1 |
|                              MainLock=1  PSTAT=1             |
| Global-Time reason           PTP servo offset not yet <60 ps |
| WR PTP servo state           WAIT_OFFSET_STABLE          |
| WR phase offset              -2478 ps (target |offset| <60 ps) |
| Global-Time validity         TIME_VALID=0 PPS_VALID=0     |
| Snapshot                     snapshot=0 stable=1 count=0 |
| PPS registers                CR=20000006 EN=0 ESCR=768   |
| PPS register validity        TM=0 PPS=0                  |
| Step5 result                 LOCK_ACQUIRED_NOT_STABLE    |
+------------------------------------------------------------+

Global Time summary (125 MHz reference; 1 cycle = 8 ns)
------------------------------------------------------------
  MASTER  (DE5_1-11.1)
    TAI=925          CYCLES=124999999    VALID
  SLAVE   (DE5_1-11.2)
    TAI=--           CYCLES=--           WAITING (TIME_VALID=0, PPS_VALID=0)
------------------------------------------------------------
Dashboard read complete.
White Rabbit Step 1-6 dashboard  2026-09-30T15:38:59+08:00  (read-only)
Sampling interval: 10s; per-board comparison window: 2000ms

+------------------------------------------------------------+
| MASTER   DE5_1-11.1                                      |
+------------------------------------------------------------+
| Step 1  PHY / Link           PASS                        |
| Step 2  Endpoint / PTP       PASS                        |
| Step 3  WR Handshake         INFO                        |
| Step 4  SoftPLL Startup      PASS                        |
| Step 5  Closed-loop Lock     INFO                        |
| Step 6  Global Time          VALID                       |
+------------------------------------------------------------+
| Link health                  Link=1  TM=1  RX=1  TX=1 |
| Lock signals                 Helper=NA  MainFreq=NA  MainPhase=NA |
|                              MainLock=NA  PSTAT=NA             |
| Global-Time reason           PPS snapshot valid; Step6 gate passed |
| WR PTP servo state           NA                          |
| WR phase offset              NA ps                       |
| Global-Time validity         TIME_VALID=1 PPS_VALID=1     |
| Snapshot                     snapshot=1 stable=1 count=936 |
| PPS registers                CR=20000006 EN=0 ESCR=780   |
| PPS register validity        TM=1 PPS=1                  |
| Step5 result                 NOT_APPLICABLE_MASTER       |
+------------------------------------------------------------+
+------------------------------------------------------------+
| SLAVE    DE5_1-11.2                                      |
+------------------------------------------------------------+
| Step 1  PHY / Link           PASS                        |
| Step 2  Endpoint / PTP       PASS                        |
| Step 3  WR Handshake         PASS                        |
| Step 4  SoftPLL Startup      PASS                        |
| Step 5  Closed-loop Lock     INFO                        |
| Step 6  Global Time          WAITING                     |
+------------------------------------------------------------+
| Link health                  Link=1  TM=1  RX=1  TX=1 |
| Lock signals                 Helper=1  MainFreq=1  MainPhase=1 |
|                              MainLock=1  PSTAT=1             |
| Global-Time reason           PTP servo offset not yet <60 ps |
| WR PTP servo state           WAIT_OFFSET_STABLE          |
| WR phase offset              -1803 ps (target |offset| <60 ps) |
| Global-Time validity         TIME_VALID=0 PPS_VALID=0     |
| Snapshot                     snapshot=0 stable=1 count=0 |
| PPS registers                CR=20000006 EN=0 ESCR=768   |
| PPS register validity        TM=0 PPS=0                  |
| Step5 result                 LOCK_ACQUIRED_NOT_STABLE    |
+------------------------------------------------------------+

Global Time summary (125 MHz reference; 1 cycle = 8 ns)
------------------------------------------------------------
  MASTER  (DE5_1-11.1)
    TAI=935          CYCLES=124999999    VALID
  SLAVE   (DE5_1-11.2)
    TAI=--           CYCLES=--           WAITING (TIME_VALID=0, PPS_VALID=0)
------------------------------------------------------------
Dashboard read complete.
White Rabbit Step 1-6 dashboard  2026-09-30T15:39:09+08:00  (read-only)
Sampling interval: 10s; per-board comparison window: 2000ms

+------------------------------------------------------------+
| MASTER   DE5_1-11.1                                      |
+------------------------------------------------------------+
| Step 1  PHY / Link           PASS                        |
| Step 2  Endpoint / PTP       PASS                        |
| Step 3  WR Handshake         INFO                        |
| Step 4  SoftPLL Startup      PASS                        |
| Step 5  Closed-loop Lock     INFO                        |
| Step 6  Global Time          VALID                       |
+------------------------------------------------------------+
| Link health                  Link=1  TM=1  RX=1  TX=1 |
| Lock signals                 Helper=NA  MainFreq=NA  MainPhase=NA |
|                              MainLock=NA  PSTAT=NA             |
| Global-Time reason           PPS snapshot valid; Step6 gate passed |
| WR PTP servo state           NA                          |
| WR phase offset              NA ps                       |
| Global-Time validity         TIME_VALID=1 PPS_VALID=1     |
| Snapshot                     snapshot=1 stable=1 count=946 |
| PPS registers                CR=20000006 EN=0 ESCR=780   |
| PPS register validity        TM=1 PPS=1                  |
| Step5 result                 NOT_APPLICABLE_MASTER       |
+------------------------------------------------------------+
+------------------------------------------------------------+
| SLAVE    DE5_1-11.2                                      |
+------------------------------------------------------------+
| Step 1  PHY / Link           PASS                        |
| Step 2  Endpoint / PTP       PASS                        |
| Step 3  WR Handshake         PASS                        |
| Step 4  SoftPLL Startup      PASS                        |
| Step 5  Closed-loop Lock     INFO                        |
| Step 6  Global Time          WAITING                     |
+------------------------------------------------------------+
| Link health                  Link=1  TM=1  RX=1  TX=1 |
| Lock signals                 Helper=1  MainFreq=1  MainPhase=1 |
|                              MainLock=1  PSTAT=1             |
| Global-Time reason           PTP servo offset not yet <60 ps |
| WR PTP servo state           WAIT_OFFSET_STABLE          |
| WR phase offset              2503 ps (target |offset| <60 ps) |
| Global-Time validity         TIME_VALID=0 PPS_VALID=0     |
| Snapshot                     snapshot=0 stable=1 count=0 |
| PPS registers                CR=20000006 EN=0 ESCR=768   |
| PPS register validity        TM=0 PPS=0                  |
| Step5 result                 LOCK_ACQUIRED_NOT_STABLE    |
+------------------------------------------------------------+

Global Time summary (125 MHz reference; 1 cycle = 8 ns)
------------------------------------------------------------
  MASTER  (DE5_1-11.1)
    TAI=945          CYCLES=124999999    VALID
  SLAVE   (DE5_1-11.2)
    TAI=--           CYCLES=--           WAITING (TIME_VALID=0, PPS_VALID=0)
------------------------------------------------------------
Dashboard read complete.
White Rabbit Step 1-6 dashboard  2026-09-30T15:39:19+08:00  (read-only)
Sampling interval: 10s; per-board comparison window: 2000ms

+------------------------------------------------------------+
| MASTER   DE5_1-11.1                                      |
+------------------------------------------------------------+
| Step 1  PHY / Link           PASS                        |
| Step 2  Endpoint / PTP       PASS                        |
| Step 3  WR Handshake         INFO                        |
| Step 4  SoftPLL Startup      PASS                        |
| Step 5  Closed-loop Lock     INFO                        |
| Step 6  Global Time          VALID                       |
+------------------------------------------------------------+
| Link health                  Link=1  TM=1  RX=1  TX=1 |
| Lock signals                 Helper=NA  MainFreq=NA  MainPhase=NA |
|                              MainLock=NA  PSTAT=NA             |
| Global-Time reason           PPS snapshot valid; Step6 gate passed |
| WR PTP servo state           NA                          |
| WR phase offset              NA ps                       |
| Global-Time validity         TIME_VALID=1 PPS_VALID=1     |
| Snapshot                     snapshot=1 stable=1 count=956 |
| PPS registers                CR=20000006 EN=0 ESCR=780   |
| PPS register validity        TM=1 PPS=1                  |
| Step5 result                 NOT_APPLICABLE_MASTER       |
+------------------------------------------------------------+
+------------------------------------------------------------+
| SLAVE    DE5_1-11.2                                      |
+------------------------------------------------------------+
| Step 1  PHY / Link           PASS                        |
| Step 2  Endpoint / PTP       PASS                        |
| Step 3  WR Handshake         PASS                        |
| Step 4  SoftPLL Startup      PASS                        |
| Step 5  Closed-loop Lock     INFO                        |
| Step 6  Global Time          WAITING                     |
+------------------------------------------------------------+
| Link health                  Link=1  TM=1  RX=1  TX=1 |
| Lock signals                 Helper=1  MainFreq=1  MainPhase=1 |
|                              MainLock=1  PSTAT=1             |
| Global-Time reason           PTP servo offset not yet <60 ps |
| WR PTP servo state           WAIT_OFFSET_STABLE          |
| WR phase offset              -2023 ps (target |offset| <60 ps) |
| Global-Time validity         TIME_VALID=0 PPS_VALID=0     |
| Snapshot                     snapshot=0 stable=1 count=0 |
| PPS registers                CR=20000006 EN=0 ESCR=768   |
| PPS register validity        TM=0 PPS=0                  |
| Step5 result                 LOCK_ACQUIRED_NOT_STABLE    |
+------------------------------------------------------------+

Global Time summary (125 MHz reference; 1 cycle = 8 ns)
------------------------------------------------------------
  MASTER  (DE5_1-11.1)
    TAI=955          CYCLES=124999999    VALID
  SLAVE   (DE5_1-11.2)
    TAI=--           CYCLES=--           WAITING (TIME_VALID=0, PPS_VALID=0)
------------------------------------------------------------
Dashboard read complete.
White Rabbit Step 1-6 dashboard  2026-09-30T15:39:29+08:00  (read-only)
Sampling interval: 10s; per-board comparison window: 2000ms

+------------------------------------------------------------+
| MASTER   DE5_1-11.1                                      |
+------------------------------------------------------------+
| Step 1  PHY / Link           PASS                        |
| Step 2  Endpoint / PTP       PASS                        |
| Step 3  WR Handshake         INFO                        |
| Step 4  SoftPLL Startup      PASS                        |
| Step 5  Closed-loop Lock     INFO                        |
| Step 6  Global Time          VALID                       |
+------------------------------------------------------------+
| Link health                  Link=1  TM=1  RX=1  TX=1 |
| Lock signals                 Helper=NA  MainFreq=NA  MainPhase=NA |
|                              MainLock=NA  PSTAT=NA             |
| Global-Time reason           PPS snapshot valid; Step6 gate passed |
| WR PTP servo state           NA                          |
| WR phase offset              NA ps                       |
| Global-Time validity         TIME_VALID=1 PPS_VALID=1     |
| Snapshot                     snapshot=1 stable=1 count=966 |
| PPS registers                CR=20000006 EN=0 ESCR=780   |
| PPS register validity        TM=1 PPS=1                  |
| Step5 result                 NOT_APPLICABLE_MASTER       |
+------------------------------------------------------------+
+------------------------------------------------------------+
| SLAVE    DE5_1-11.2                                      |
+------------------------------------------------------------+
| Step 1  PHY / Link           PASS                        |
| Step 2  Endpoint / PTP       PASS                        |
| Step 3  WR Handshake         PASS                        |
| Step 4  SoftPLL Startup      PASS                        |
| Step 5  Closed-loop Lock     INFO                        |
| Step 6  Global Time          WAITING                     |
+------------------------------------------------------------+
| Link health                  Link=1  TM=1  RX=1  TX=1 |
| Lock signals                 Helper=1  MainFreq=1  MainPhase=1 |
|                              MainLock=1  PSTAT=1             |
| Global-Time reason           PTP servo offset not yet <60 ps |
| WR PTP servo state           WAIT_OFFSET_STABLE          |
| WR phase offset              -1836 ps (target |offset| <60 ps) |
| Global-Time validity         TIME_VALID=0 PPS_VALID=0     |
| Snapshot                     snapshot=0 stable=1 count=0 |
| PPS registers                CR=20000006 EN=0 ESCR=768   |
| PPS register validity        TM=0 PPS=0                  |
| Step5 result                 LOCK_ACQUIRED_NOT_STABLE    |
+------------------------------------------------------------+

Global Time summary (125 MHz reference; 1 cycle = 8 ns)
------------------------------------------------------------
  MASTER  (DE5_1-11.1)
    TAI=965          CYCLES=124999999    VALID
  SLAVE   (DE5_1-11.2)
    TAI=--           CYCLES=--           WAITING (TIME_VALID=0, PPS_VALID=0)
------------------------------------------------------------
Dashboard read complete.
White Rabbit Step 1-6 dashboard  2026-09-30T15:39:39+08:00  (read-only)
Sampling interval: 10s; per-board comparison window: 2000ms

+------------------------------------------------------------+
| MASTER   DE5_1-11.1                                      |
+------------------------------------------------------------+
| Step 1  PHY / Link           PASS                        |
| Step 2  Endpoint / PTP       PASS                        |
| Step 3  WR Handshake         INFO                        |
| Step 4  SoftPLL Startup      PASS                        |
| Step 5  Closed-loop Lock     INFO                        |
| Step 6  Global Time          VALID                       |
+------------------------------------------------------------+
| Link health                  Link=1  TM=1  RX=1  TX=1 |
| Lock signals                 Helper=NA  MainFreq=NA  MainPhase=NA |
|                              MainLock=NA  PSTAT=NA             |
| Global-Time reason           PPS snapshot valid; Step6 gate passed |
| WR PTP servo state           NA                          |
| WR phase offset              NA ps                       |
| Global-Time validity         TIME_VALID=1 PPS_VALID=1     |
| Snapshot                     snapshot=1 stable=1 count=976 |
| PPS registers                CR=20000006 EN=0 ESCR=780   |
| PPS register validity        TM=1 PPS=1                  |
| Step5 result                 NOT_APPLICABLE_MASTER       |
+------------------------------------------------------------+
+------------------------------------------------------------+
| SLAVE    DE5_1-11.2                                      |
+------------------------------------------------------------+
| Step 1  PHY / Link           PASS                        |
| Step 2  Endpoint / PTP       PASS                        |
| Step 3  WR Handshake         PASS                        |
| Step 4  SoftPLL Startup      PASS                        |
| Step 5  Closed-loop Lock     INFO                        |
| Step 6  Global Time          WAITING                     |
+------------------------------------------------------------+
| Link health                  Link=1  TM=1  RX=1  TX=1 |
| Lock signals                 Helper=1  MainFreq=1  MainPhase=1 |
|                              MainLock=1  PSTAT=1             |
| Global-Time reason           PTP servo offset not yet <60 ps |
| WR PTP servo state           SYNC_PHASE                  |
| WR phase offset              2510 ps (target |offset| <60 ps) |
| Global-Time validity         TIME_VALID=0 PPS_VALID=0     |
| Snapshot                     snapshot=0 stable=1 count=0 |
| PPS registers                CR=20000006 EN=0 ESCR=768   |
| PPS register validity        TM=0 PPS=0                  |
| Step5 result                 LOCK_ACQUIRED_NOT_STABLE    |
+------------------------------------------------------------+

Global Time summary (125 MHz reference; 1 cycle = 8 ns)
------------------------------------------------------------
  MASTER  (DE5_1-11.1)
    TAI=975          CYCLES=124999999    VALID
  SLAVE   (DE5_1-11.2)
    TAI=--           CYCLES=--           WAITING (TIME_VALID=0, PPS_VALID=0)
------------------------------------------------------------
Dashboard read complete.
White Rabbit Step 1-6 dashboard  2026-09-30T15:39:49+08:00  (read-only)
Sampling interval: 10s; per-board comparison window: 2000ms

+------------------------------------------------------------+
| MASTER   DE5_1-11.1                                      |
+------------------------------------------------------------+
| Step 1  PHY / Link           PASS                        |
| Step 2  Endpoint / PTP       PASS                        |
| Step 3  WR Handshake         INFO                        |
| Step 4  SoftPLL Startup      PASS                        |
| Step 5  Closed-loop Lock     INFO                        |
| Step 6  Global Time          VALID                       |
+------------------------------------------------------------+
| Link health                  Link=1  TM=1  RX=1  TX=1 |
| Lock signals                 Helper=NA  MainFreq=NA  MainPhase=NA |
|                              MainLock=NA  PSTAT=NA             |
| Global-Time reason           PPS snapshot valid; Step6 gate passed |
| WR PTP servo state           NA                          |
| WR phase offset              NA ps                       |
| Global-Time validity         TIME_VALID=1 PPS_VALID=1     |
| Snapshot                     snapshot=1 stable=1 count=986 |
| PPS registers                CR=20000006 EN=0 ESCR=780   |
| PPS register validity        TM=1 PPS=1                  |
| Step5 result                 NOT_APPLICABLE_MASTER       |
+------------------------------------------------------------+
+------------------------------------------------------------+
| SLAVE    DE5_1-11.2                                      |
+------------------------------------------------------------+
| Step 1  PHY / Link           PASS                        |
| Step 2  Endpoint / PTP       PASS                        |
| Step 3  WR Handshake         PASS                        |
| Step 4  SoftPLL Startup      PASS                        |
| Step 5  Closed-loop Lock     INFO                        |
| Step 6  Global Time          WAITING                     |
+------------------------------------------------------------+
| Link health                  Link=1  TM=1  RX=1  TX=1 |
| Lock signals                 Helper=1  MainFreq=1  MainPhase=1 |
|                              MainLock=1  PSTAT=1             |
| Global-Time reason           PTP servo offset not yet <60 ps |
| WR PTP servo state           WAIT_OFFSET_STABLE          |
| WR phase offset              -2314 ps (target |offset| <60 ps) |
| Global-Time validity         TIME_VALID=0 PPS_VALID=0     |
| Snapshot                     snapshot=0 stable=1 count=0 |
| PPS registers                CR=20000006 EN=0 ESCR=768   |
| PPS register validity        TM=0 PPS=0                  |
| Step5 result                 LOCK_ACQUIRED_NOT_STABLE    |
+------------------------------------------------------------+

Global Time summary (125 MHz reference; 1 cycle = 8 ns)
------------------------------------------------------------
  MASTER  (DE5_1-11.1)
    TAI=985          CYCLES=124999999    VALID
  SLAVE   (DE5_1-11.2)
    TAI=--           CYCLES=--           WAITING (TIME_VALID=0, PPS_VALID=0)
------------------------------------------------------------
Dashboard read complete.
White Rabbit Step 1-6 dashboard  2026-09-30T15:39:59+08:00  (read-only)
Sampling interval: 10s; per-board comparison window: 2000ms

+------------------------------------------------------------+
| MASTER   DE5_1-11.1                                      |
+------------------------------------------------------------+
| Step 1  PHY / Link           PASS                        |
| Step 2  Endpoint / PTP       PASS                        |
| Step 3  WR Handshake         INFO                        |
| Step 4  SoftPLL Startup      PASS                        |
| Step 5  Closed-loop Lock     INFO                        |
| Step 6  Global Time          VALID                       |
+------------------------------------------------------------+
| Link health                  Link=1  TM=1  RX=1  TX=1 |
| Lock signals                 Helper=NA  MainFreq=NA  MainPhase=NA |
|                              MainLock=NA  PSTAT=NA             |
| Global-Time reason           PPS snapshot valid; Step6 gate passed |
| WR PTP servo state           NA                          |
| WR phase offset              NA ps                       |
| Global-Time validity         TIME_VALID=1 PPS_VALID=1     |
| Snapshot                     snapshot=1 stable=1 count=996 |
| PPS registers                CR=20000006 EN=0 ESCR=780   |
| PPS register validity        TM=1 PPS=1                  |
| Step5 result                 NOT_APPLICABLE_MASTER       |
+------------------------------------------------------------+
+------------------------------------------------------------+
| SLAVE    DE5_1-11.2                                      |
+------------------------------------------------------------+
| Step 1  PHY / Link           PASS                        |
| Step 2  Endpoint / PTP       PASS                        |
| Step 3  WR Handshake         PASS                        |
| Step 4  SoftPLL Startup      PASS                        |
| Step 5  Closed-loop Lock     INFO                        |
| Step 6  Global Time          WAITING                     |
+------------------------------------------------------------+
| Link health                  Link=1  TM=1  RX=1  TX=1 |
| Lock signals                 Helper=1  MainFreq=1  MainPhase=1 |
|                              MainLock=1  PSTAT=1             |
| Global-Time reason           PTP servo offset not yet <60 ps |
| WR PTP servo state           WAIT_OFFSET_STABLE          |
| WR phase offset              -1756 ps (target |offset| <60 ps) |
| Global-Time validity         TIME_VALID=0 PPS_VALID=0     |
| Snapshot                     snapshot=0 stable=1 count=0 |
| PPS registers                CR=20000006 EN=0 ESCR=768   |
| PPS register validity        TM=0 PPS=0                  |
| Step5 result                 LOCK_ACQUIRED_NOT_STABLE    |
+------------------------------------------------------------+

Global Time summary (125 MHz reference; 1 cycle = 8 ns)
------------------------------------------------------------
  MASTER  (DE5_1-11.1)
    TAI=995          CYCLES=124999999    VALID
  SLAVE   (DE5_1-11.2)
    TAI=--           CYCLES=--           WAITING (TIME_VALID=0, PPS_VALID=0)
------------------------------------------------------------
Dashboard read complete.
White Rabbit Step 1-6 dashboard  2026-09-30T15:40:09+08:00  (read-only)
Sampling interval: 10s; per-board comparison window: 2000ms

+------------------------------------------------------------+
| MASTER   DE5_1-11.1                                      |
+------------------------------------------------------------+
| Step 1  PHY / Link           PASS                        |
| Step 2  Endpoint / PTP       PASS                        |
| Step 3  WR Handshake         INFO                        |
| Step 4  SoftPLL Startup      PASS                        |
| Step 5  Closed-loop Lock     INFO                        |
| Step 6  Global Time          VALID                       |
+------------------------------------------------------------+
| Link health                  Link=1  TM=1  RX=1  TX=1 |
| Lock signals                 Helper=NA  MainFreq=NA  MainPhase=NA |
|                              MainLock=NA  PSTAT=NA             |
| Global-Time reason           PPS snapshot valid; Step6 gate passed |
| WR PTP servo state           NA                          |
| WR phase offset              NA ps                       |
| Global-Time validity         TIME_VALID=1 PPS_VALID=1     |
| Snapshot                     snapshot=1 stable=1 count=1006 |
| PPS registers                CR=20000006 EN=0 ESCR=780   |
| PPS register validity        TM=1 PPS=1                  |
| Step5 result                 NOT_APPLICABLE_MASTER       |
+------------------------------------------------------------+
+------------------------------------------------------------+
| SLAVE    DE5_1-11.2                                      |
+------------------------------------------------------------+
| Step 1  PHY / Link           PASS                        |
| Step 2  Endpoint / PTP       PASS                        |
| Step 3  WR Handshake         PASS                        |
| Step 4  SoftPLL Startup      PASS                        |
| Step 5  Closed-loop Lock     INFO                        |
| Step 6  Global Time          WAITING                     |
+------------------------------------------------------------+
| Link health                  Link=1  TM=1  RX=1  TX=1 |
| Lock signals                 Helper=1  MainFreq=1  MainPhase=1 |
|                              MainLock=1  PSTAT=1             |
| Global-Time reason           PTP servo offset not yet <60 ps |
| WR PTP servo state           WAIT_OFFSET_STABLE          |
| WR phase offset              -2255 ps (target |offset| <60 ps) |
| Global-Time validity         TIME_VALID=0 PPS_VALID=0     |
| Snapshot                     snapshot=0 stable=1 count=0 |
| PPS registers                CR=20000006 EN=0 ESCR=768   |
| PPS register validity        TM=0 PPS=0                  |
| Step5 result                 LOCK_ACQUIRED_NOT_STABLE    |
+------------------------------------------------------------+

Global Time summary (125 MHz reference; 1 cycle = 8 ns)
------------------------------------------------------------
  MASTER  (DE5_1-11.1)
    TAI=1005         CYCLES=124999999    VALID
  SLAVE   (DE5_1-11.2)
    TAI=--           CYCLES=--           WAITING (TIME_VALID=0, PPS_VALID=0)
------------------------------------------------------------
Dashboard read complete.
White Rabbit Step 1-6 dashboard  2026-09-30T15:40:19+08:00  (read-only)
Sampling interval: 10s; per-board comparison window: 2000ms

+------------------------------------------------------------+
| MASTER   DE5_1-11.1                                      |
+------------------------------------------------------------+
| Step 1  PHY / Link           PASS                        |
| Step 2  Endpoint / PTP       PASS                        |
| Step 3  WR Handshake         INFO                        |
| Step 4  SoftPLL Startup      PASS                        |
| Step 5  Closed-loop Lock     INFO                        |
| Step 6  Global Time          VALID                       |
+------------------------------------------------------------+
| Link health                  Link=1  TM=1  RX=1  TX=1 |
| Lock signals                 Helper=NA  MainFreq=NA  MainPhase=NA |
|                              MainLock=NA  PSTAT=NA             |
| Global-Time reason           PPS snapshot valid; Step6 gate passed |
| WR PTP servo state           NA                          |
| WR phase offset              NA ps                       |
| Global-Time validity         TIME_VALID=1 PPS_VALID=1     |
| Snapshot                     snapshot=1 stable=1 count=1016 |
| PPS registers                CR=20000006 EN=0 ESCR=780   |
| PPS register validity        TM=1 PPS=1                  |
| Step5 result                 NOT_APPLICABLE_MASTER       |
+------------------------------------------------------------+
+------------------------------------------------------------+
| SLAVE    DE5_1-11.2                                      |
+------------------------------------------------------------+
| Step 1  PHY / Link           PASS                        |
| Step 2  Endpoint / PTP       PASS                        |
| Step 3  WR Handshake         PASS                        |
| Step 4  SoftPLL Startup      PASS                        |
| Step 5  Closed-loop Lock     INFO                        |
| Step 6  Global Time          WAITING                     |
+------------------------------------------------------------+
| Link health                  Link=1  TM=1  RX=1  TX=1 |
| Lock signals                 Helper=1  MainFreq=1  MainPhase=1 |
|                              MainLock=1  PSTAT=1             |
| Global-Time reason           PTP servo offset not yet <60 ps |
| WR PTP servo state           WAIT_OFFSET_STABLE          |
| WR phase offset              -1614 ps (target |offset| <60 ps) |
| Global-Time validity         TIME_VALID=0 PPS_VALID=0     |
| Snapshot                     snapshot=0 stable=1 count=0 |
| PPS registers                CR=20000006 EN=0 ESCR=768   |
| PPS register validity        TM=0 PPS=0                  |
| Step5 result                 LOCK_ACQUIRED_NOT_STABLE    |
+------------------------------------------------------------+

Global Time summary (125 MHz reference; 1 cycle = 8 ns)
------------------------------------------------------------
  MASTER  (DE5_1-11.1)
    TAI=1015         CYCLES=124999999    VALID
  SLAVE   (DE5_1-11.2)
    TAI=--           CYCLES=--           WAITING (TIME_VALID=0, PPS_VALID=0)
------------------------------------------------------------
Dashboard read complete.
White Rabbit Step 1-6 dashboard  2026-09-30T15:40:29+08:00  (read-only)
Sampling interval: 10s; per-board comparison window: 2000ms

+------------------------------------------------------------+
| MASTER   DE5_1-11.1                                      |
+------------------------------------------------------------+
| Step 1  PHY / Link           PASS                        |
| Step 2  Endpoint / PTP       PASS                        |
| Step 3  WR Handshake         INFO                        |
| Step 4  SoftPLL Startup      PASS                        |
| Step 5  Closed-loop Lock     INFO                        |
| Step 6  Global Time          VALID                       |
+------------------------------------------------------------+
| Link health                  Link=1  TM=1  RX=1  TX=1 |
| Lock signals                 Helper=NA  MainFreq=NA  MainPhase=NA |
|                              MainLock=NA  PSTAT=NA             |
| Global-Time reason           PPS snapshot valid; Step6 gate passed |
| WR PTP servo state           NA                          |
| WR phase offset              NA ps                       |
| Global-Time validity         TIME_VALID=1 PPS_VALID=1     |
| Snapshot                     snapshot=1 stable=1 count=1026 |
| PPS registers                CR=20000006 EN=0 ESCR=27265548 |
| PPS register validity        TM=1 PPS=1                  |
| Step5 result                 NOT_APPLICABLE_MASTER       |
+------------------------------------------------------------+
+------------------------------------------------------------+
| SLAVE    DE5_1-11.2                                      |
+------------------------------------------------------------+
| Step 1  PHY / Link           PASS                        |
| Step 2  Endpoint / PTP       PASS                        |
| Step 3  WR Handshake         PASS                        |
| Step 4  SoftPLL Startup      PASS                        |
| Step 5  Closed-loop Lock     INFO                        |
| Step 6  Global Time          WAITING                     |
+------------------------------------------------------------+
| Link health                  Link=1  TM=1  RX=1  TX=1 |
| Lock signals                 Helper=1  MainFreq=1  MainPhase=1 |
|                              MainLock=1  PSTAT=1             |
| Global-Time reason           PTP servo offset not yet <60 ps |
| WR PTP servo state           WAIT_OFFSET_STABLE          |
| WR phase offset              -2215 ps (target |offset| <60 ps) |
| Global-Time validity         TIME_VALID=0 PPS_VALID=0     |
| Snapshot                     snapshot=0 stable=1 count=0 |
| PPS registers                CR=20000006 EN=0 ESCR=1024  |
| PPS register validity        TM=0 PPS=0                  |
| Step5 result                 LOCK_ACQUIRED_NOT_STABLE    |
+------------------------------------------------------------+

Global Time summary (125 MHz reference; 1 cycle = 8 ns)
------------------------------------------------------------
  MASTER  (DE5_1-11.1)
    TAI=1025         CYCLES=124999999    VALID
  SLAVE   (DE5_1-11.2)
    TAI=--           CYCLES=--           WAITING (TIME_VALID=0, PPS_VALID=0)
------------------------------------------------------------
Dashboard read complete.
White Rabbit Step 1-6 dashboard  2026-09-30T15:40:39+08:00  (read-only)
Sampling interval: 10s; per-board comparison window: 2000ms

+------------------------------------------------------------+
| MASTER   DE5_1-11.1                                      |
+------------------------------------------------------------+
| Step 1  PHY / Link           PASS                        |
| Step 2  Endpoint / PTP       PASS                        |
| Step 3  WR Handshake         INFO                        |
| Step 4  SoftPLL Startup      PASS                        |
| Step 5  Closed-loop Lock     INFO                        |
| Step 6  Global Time          VALID                       |
+------------------------------------------------------------+
| Link health                  Link=1  TM=1  RX=1  TX=1 |
| Lock signals                 Helper=NA  MainFreq=NA  MainPhase=NA |
|                              MainLock=NA  PSTAT=NA             |
| Global-Time reason           PPS snapshot valid; Step6 gate passed |
| WR PTP servo state           NA                          |
| WR phase offset              NA ps                       |
| Global-Time validity         TIME_VALID=1 PPS_VALID=1     |
| Snapshot                     snapshot=1 stable=1 count=1036 |
| PPS registers                CR=20000006 EN=0 ESCR=1036  |
| PPS register validity        TM=1 PPS=1                  |
| Step5 result                 NOT_APPLICABLE_MASTER       |
+------------------------------------------------------------+
+------------------------------------------------------------+
| SLAVE    DE5_1-11.2                                      |
+------------------------------------------------------------+
| Step 1  PHY / Link           PASS                        |
| Step 2  Endpoint / PTP       PASS                        |
| Step 3  WR Handshake         PASS                        |
| Step 4  SoftPLL Startup      PASS                        |
| Step 5  Closed-loop Lock     INFO                        |
| Step 6  Global Time          WAITING                     |
+------------------------------------------------------------+
| Link health                  Link=1  TM=1  RX=1  TX=1 |
| Lock signals                 Helper=1  MainFreq=1  MainPhase=1 |
|                              MainLock=1  PSTAT=1             |
| Global-Time reason           PTP servo offset not yet <60 ps |
| WR PTP servo state           WAIT_OFFSET_STABLE          |
| WR phase offset              2320 ps (target |offset| <60 ps) |
| Global-Time validity         TIME_VALID=0 PPS_VALID=0     |
| Snapshot                     snapshot=0 stable=1 count=0 |
| PPS registers                CR=20000006 EN=0 ESCR=1024  |
| PPS register validity        TM=0 PPS=0                  |
| Step5 result                 LOCK_ACQUIRED_NOT_STABLE    |
+------------------------------------------------------------+

Global Time summary (125 MHz reference; 1 cycle = 8 ns)
------------------------------------------------------------
  MASTER  (DE5_1-11.1)
    TAI=1035         CYCLES=124999999    VALID
  SLAVE   (DE5_1-11.2)
    TAI=--           CYCLES=--           WAITING (TIME_VALID=0, PPS_VALID=0)
------------------------------------------------------------
Dashboard read complete.
White Rabbit Step 1-6 dashboard  2026-09-30T15:40:49+08:00  (read-only)
Sampling interval: 10s; per-board comparison window: 2000ms

+------------------------------------------------------------+
| MASTER   DE5_1-11.1                                      |
+------------------------------------------------------------+
| Step 1  PHY / Link           PASS                        |
| Step 2  Endpoint / PTP       PASS                        |
| Step 3  WR Handshake         INFO                        |
| Step 4  SoftPLL Startup      PASS                        |
| Step 5  Closed-loop Lock     INFO                        |
| Step 6  Global Time          VALID                       |
+------------------------------------------------------------+
| Link health                  Link=1  TM=1  RX=1  TX=1 |
| Lock signals                 Helper=NA  MainFreq=NA  MainPhase=NA |
|                              MainLock=NA  PSTAT=NA             |
| Global-Time reason           PPS snapshot valid; Step6 gate passed |
| WR PTP servo state           NA                          |
| WR phase offset              NA ps                       |
| Global-Time validity         TIME_VALID=1 PPS_VALID=1     |
| Snapshot                     snapshot=1 stable=1 count=1046 |
| PPS registers                CR=20000006 EN=0 ESCR=1036  |
| PPS register validity        TM=1 PPS=1                  |
| Step5 result                 NOT_APPLICABLE_MASTER       |
+------------------------------------------------------------+
+------------------------------------------------------------+
| SLAVE    DE5_1-11.2                                      |
+------------------------------------------------------------+
| Step 1  PHY / Link           PASS                        |
| Step 2  Endpoint / PTP       PASS                        |
| Step 3  WR Handshake         PASS                        |
| Step 4  SoftPLL Startup      PASS                        |
| Step 5  Closed-loop Lock     INFO                        |
| Step 6  Global Time          WAITING                     |
+------------------------------------------------------------+
| Link health                  Link=1  TM=1  RX=1  TX=1 |
| Lock signals                 Helper=1  MainFreq=1  MainPhase=1 |
|                              MainLock=1  PSTAT=1             |
| Global-Time reason           PTP servo offset not yet <60 ps |
| WR PTP servo state           WAIT_OFFSET_STABLE          |
| WR phase offset              -2234 ps (target |offset| <60 ps) |
| Global-Time validity         TIME_VALID=0 PPS_VALID=0     |
| Snapshot                     snapshot=0 stable=1 count=0 |
| PPS registers                CR=20000006 EN=0 ESCR=1024  |
| PPS register validity        TM=0 PPS=0                  |
| Step5 result                 LOCK_ACQUIRED_NOT_STABLE    |
+------------------------------------------------------------+

Global Time summary (125 MHz reference; 1 cycle = 8 ns)
------------------------------------------------------------
  MASTER  (DE5_1-11.1)
    TAI=1045         CYCLES=124999999    VALID
  SLAVE   (DE5_1-11.2)
    TAI=--           CYCLES=--           WAITING (TIME_VALID=0, PPS_VALID=0)
------------------------------------------------------------
Dashboard read complete.
White Rabbit Step 1-6 dashboard  2026-09-30T15:40:59+08:00  (read-only)
Sampling interval: 10s; per-board comparison window: 2000ms

+------------------------------------------------------------+
| MASTER   DE5_1-11.1                                      |
+------------------------------------------------------------+
| Step 1  PHY / Link           PASS                        |
| Step 2  Endpoint / PTP       PASS                        |
| Step 3  WR Handshake         INFO                        |
| Step 4  SoftPLL Startup      PASS                        |
| Step 5  Closed-loop Lock     INFO                        |
| Step 6  Global Time          VALID                       |
+------------------------------------------------------------+
| Link health                  Link=1  TM=1  RX=1  TX=1 |
| Lock signals                 Helper=NA  MainFreq=NA  MainPhase=NA |
|                              MainLock=NA  PSTAT=NA             |
| Global-Time reason           PPS snapshot valid; Step6 gate passed |
| WR PTP servo state           NA                          |
| WR phase offset              NA ps                       |
| Global-Time validity         TIME_VALID=1 PPS_VALID=1     |
| Snapshot                     snapshot=1 stable=1 count=1056 |
| PPS registers                CR=20000006 EN=0 ESCR=1036  |
| PPS register validity        TM=1 PPS=1                  |
| Step5 result                 NOT_APPLICABLE_MASTER       |
+------------------------------------------------------------+
+------------------------------------------------------------+
| SLAVE    DE5_1-11.2                                      |
+------------------------------------------------------------+
| Step 1  PHY / Link           PASS                        |
| Step 2  Endpoint / PTP       PASS                        |
| Step 3  WR Handshake         PASS                        |
| Step 4  SoftPLL Startup      PASS                        |
| Step 5  Closed-loop Lock     INFO                        |
| Step 6  Global Time          WAITING                     |
+------------------------------------------------------------+
| Link health                  Link=1  TM=1  RX=1  TX=1 |
| Lock signals                 Helper=1  MainFreq=1  MainPhase=1 |
|                              MainLock=1  PSTAT=1             |
| Global-Time reason           PTP servo offset not yet <60 ps |
| WR PTP servo state           WAIT_OFFSET_STABLE          |
| WR phase offset              2416 ps (target |offset| <60 ps) |
| Global-Time validity         TIME_VALID=0 PPS_VALID=0     |
| Snapshot                     snapshot=0 stable=1 count=0 |
| PPS registers                CR=20000006 EN=0 ESCR=1024  |
| PPS register validity        TM=0 PPS=0                  |
| Step5 result                 LOCK_ACQUIRED_NOT_STABLE    |
+------------------------------------------------------------+

Global Time summary (125 MHz reference; 1 cycle = 8 ns)
------------------------------------------------------------
  MASTER  (DE5_1-11.1)
    TAI=1055         CYCLES=124999999    VALID
  SLAVE   (DE5_1-11.2)
    TAI=--           CYCLES=--           WAITING (TIME_VALID=0, PPS_VALID=0)
------------------------------------------------------------
Dashboard read complete.
White Rabbit Step 1-6 dashboard  2026-09-30T15:41:09+08:00  (read-only)
Sampling interval: 10s; per-board comparison window: 2000ms

+------------------------------------------------------------+
| MASTER   DE5_1-11.1                                      |
+------------------------------------------------------------+
| Step 1  PHY / Link           PASS                        |
| Step 2  Endpoint / PTP       PASS                        |
| Step 3  WR Handshake         INFO                        |
| Step 4  SoftPLL Startup      PASS                        |
| Step 5  Closed-loop Lock     INFO                        |
| Step 6  Global Time          VALID                       |
+------------------------------------------------------------+
| Link health                  Link=1  TM=1  RX=1  TX=1 |
| Lock signals                 Helper=NA  MainFreq=NA  MainPhase=NA |
|                              MainLock=NA  PSTAT=NA             |
| Global-Time reason           PPS snapshot valid; Step6 gate passed |
| WR PTP servo state           NA                          |
| WR phase offset              NA ps                       |
| Global-Time validity         TIME_VALID=1 PPS_VALID=1     |
| Snapshot                     snapshot=1 stable=1 count=1066 |
| PPS registers                CR=20000006 EN=0 ESCR=1036  |
| PPS register validity        TM=1 PPS=1                  |
| Step5 result                 NOT_APPLICABLE_MASTER       |
+------------------------------------------------------------+
+------------------------------------------------------------+
| SLAVE    DE5_1-11.2                                      |
+------------------------------------------------------------+
| Step 1  PHY / Link           PASS                        |
| Step 2  Endpoint / PTP       PASS                        |
| Step 3  WR Handshake         PASS                        |
| Step 4  SoftPLL Startup      PASS                        |
| Step 5  Closed-loop Lock     INFO                        |
| Step 6  Global Time          WAITING                     |
+------------------------------------------------------------+
| Link health                  Link=1  TM=1  RX=1  TX=1 |
| Lock signals                 Helper=1  MainFreq=1  MainPhase=1 |
|                              MainLock=1  PSTAT=1             |
| Global-Time reason           PTP servo offset not yet <60 ps |
| WR PTP servo state           WAIT_OFFSET_STABLE          |
| WR phase offset              -2288 ps (target |offset| <60 ps) |
| Global-Time validity         TIME_VALID=0 PPS_VALID=0     |
| Snapshot                     snapshot=0 stable=1 count=0 |
| PPS registers                CR=20000006 EN=0 ESCR=1024  |
| PPS register validity        TM=0 PPS=0                  |
| Step5 result                 LOCK_ACQUIRED_NOT_STABLE    |
+------------------------------------------------------------+

Global Time summary (125 MHz reference; 1 cycle = 8 ns)
------------------------------------------------------------
  MASTER  (DE5_1-11.1)
    TAI=1065         CYCLES=124999999    VALID
  SLAVE   (DE5_1-11.2)
    TAI=--           CYCLES=--           WAITING (TIME_VALID=0, PPS_VALID=0)
------------------------------------------------------------
Dashboard read complete.
White Rabbit Step 1-6 dashboard  2026-09-30T15:41:19+08:00  (read-only)
Sampling interval: 10s; per-board comparison window: 2000ms

+------------------------------------------------------------+
| MASTER   DE5_1-11.1                                      |
+------------------------------------------------------------+
| Step 1  PHY / Link           PASS                        |
| Step 2  Endpoint / PTP       PASS                        |
| Step 3  WR Handshake         INFO                        |
| Step 4  SoftPLL Startup      PASS                        |
| Step 5  Closed-loop Lock     INFO                        |
| Step 6  Global Time          VALID                       |
+------------------------------------------------------------+
| Link health                  Link=1  TM=1  RX=1  TX=1 |
| Lock signals                 Helper=NA  MainFreq=NA  MainPhase=NA |
|                              MainLock=NA  PSTAT=NA             |
| Global-Time reason           PPS snapshot valid; Step6 gate passed |
| WR PTP servo state           NA                          |
| WR phase offset              NA ps                       |
| Global-Time validity         TIME_VALID=1 PPS_VALID=1     |
| Snapshot                     snapshot=1 stable=1 count=1076 |
| PPS registers                CR=20000006 EN=0 ESCR=1036  |
| PPS register validity        TM=1 PPS=1                  |
| Step5 result                 NOT_APPLICABLE_MASTER       |
+------------------------------------------------------------+
+------------------------------------------------------------+
| SLAVE    DE5_1-11.2                                      |
+------------------------------------------------------------+
| Step 1  PHY / Link           PASS                        |
| Step 2  Endpoint / PTP       PASS                        |
| Step 3  WR Handshake         PASS                        |
| Step 4  SoftPLL Startup      PASS                        |
| Step 5  Closed-loop Lock     INFO                        |
| Step 6  Global Time          WAITING                     |
+------------------------------------------------------------+
| Link health                  Link=1  TM=1  RX=1  TX=1 |
| Lock signals                 Helper=1  MainFreq=1  MainPhase=1 |
|                              MainLock=1  PSTAT=1             |
| Global-Time reason           PTP servo offset not yet <60 ps |
| WR PTP servo state           WAIT_OFFSET_STABLE          |
| WR phase offset              2512 ps (target |offset| <60 ps) |
| Global-Time validity         TIME_VALID=0 PPS_VALID=0     |
| Snapshot                     snapshot=0 stable=1 count=0 |
| PPS registers                CR=20000006 EN=0 ESCR=1024  |
| PPS register validity        TM=0 PPS=0                  |
| Step5 result                 LOCK_ACQUIRED_NOT_STABLE    |
+------------------------------------------------------------+

Global Time summary (125 MHz reference; 1 cycle = 8 ns)
------------------------------------------------------------
  MASTER  (DE5_1-11.1)
    TAI=1075         CYCLES=124999999    VALID
  SLAVE   (DE5_1-11.2)
    TAI=--           CYCLES=--           WAITING (TIME_VALID=0, PPS_VALID=0)
------------------------------------------------------------
Dashboard read complete.
White Rabbit Step 1-6 dashboard  2026-09-30T15:41:29+08:00  (read-only)
Sampling interval: 10s; per-board comparison window: 2000ms

+------------------------------------------------------------+
| MASTER   DE5_1-11.1                                      |
+------------------------------------------------------------+
| Step 1  PHY / Link           PASS                        |
| Step 2  Endpoint / PTP       PASS                        |
| Step 3  WR Handshake         INFO                        |
| Step 4  SoftPLL Startup      PASS                        |
| Step 5  Closed-loop Lock     INFO                        |
| Step 6  Global Time          VALID                       |
+------------------------------------------------------------+
| Link health                  Link=1  TM=1  RX=1  TX=1 |
| Lock signals                 Helper=NA  MainFreq=NA  MainPhase=NA |
|                              MainLock=NA  PSTAT=NA             |
| Global-Time reason           PPS snapshot valid; Step6 gate passed |
| WR PTP servo state           NA                          |
| WR phase offset              NA ps                       |
| Global-Time validity         TIME_VALID=1 PPS_VALID=1     |
| Snapshot                     snapshot=1 stable=1 count=1086 |
| PPS registers                CR=20000006 EN=0 ESCR=1036  |
| PPS register validity        TM=1 PPS=1                  |
| Step5 result                 NOT_APPLICABLE_MASTER       |
+------------------------------------------------------------+
+------------------------------------------------------------+
| SLAVE    DE5_1-11.2                                      |
+------------------------------------------------------------+
| Step 1  PHY / Link           PASS                        |
| Step 2  Endpoint / PTP       PASS                        |
| Step 3  WR Handshake         PASS                        |
| Step 4  SoftPLL Startup      PASS                        |
| Step 5  Closed-loop Lock     INFO                        |
| Step 6  Global Time          WAITING                     |
+------------------------------------------------------------+
| Link health                  Link=1  TM=1  RX=1  TX=1 |
| Lock signals                 Helper=1  MainFreq=1  MainPhase=1 |
|                              MainLock=1  PSTAT=1             |
| Global-Time reason           PTP servo offset not yet <60 ps |
| WR PTP servo state           WAIT_OFFSET_STABLE          |
| WR phase offset              2180 ps (target |offset| <60 ps) |
| Global-Time validity         TIME_VALID=0 PPS_VALID=0     |
| Snapshot                     snapshot=0 stable=1 count=0 |
| PPS registers                CR=20000006 EN=0 ESCR=1024  |
| PPS register validity        TM=0 PPS=0                  |
| Step5 result                 LOCK_ACQUIRED_NOT_STABLE    |
+------------------------------------------------------------+

Global Time summary (125 MHz reference; 1 cycle = 8 ns)
------------------------------------------------------------
  MASTER  (DE5_1-11.1)
    TAI=1085         CYCLES=124999999    VALID
  SLAVE   (DE5_1-11.2)
    TAI=--           CYCLES=--           WAITING (TIME_VALID=0, PPS_VALID=0)
------------------------------------------------------------
Dashboard read complete.
White Rabbit Step 1-6 dashboard  2026-09-30T15:41:39+08:00  (read-only)
Sampling interval: 10s; per-board comparison window: 2000ms

+------------------------------------------------------------+
| MASTER   DE5_1-11.1                                      |
+------------------------------------------------------------+
| Step 1  PHY / Link           PASS                        |
| Step 2  Endpoint / PTP       PASS                        |
| Step 3  WR Handshake         INFO                        |
| Step 4  SoftPLL Startup      PASS                        |
| Step 5  Closed-loop Lock     INFO                        |
| Step 6  Global Time          VALID                       |
+------------------------------------------------------------+
| Link health                  Link=1  TM=1  RX=1  TX=1 |
| Lock signals                 Helper=NA  MainFreq=NA  MainPhase=NA |
|                              MainLock=NA  PSTAT=NA             |
| Global-Time reason           PPS snapshot valid; Step6 gate passed |
| WR PTP servo state           NA                          |
| WR phase offset              NA ps                       |
| Global-Time validity         TIME_VALID=1 PPS_VALID=1     |
| Snapshot                     snapshot=1 stable=1 count=1096 |
| PPS registers                CR=20000006 EN=0 ESCR=1036  |
| PPS register validity        TM=1 PPS=1                  |
| Step5 result                 NOT_APPLICABLE_MASTER       |
+------------------------------------------------------------+
+------------------------------------------------------------+
| SLAVE    DE5_1-11.2                                      |
+------------------------------------------------------------+
| Step 1  PHY / Link           PASS                        |
| Step 2  Endpoint / PTP       PASS                        |
| Step 3  WR Handshake         PASS                        |
| Step 4  SoftPLL Startup      PASS                        |
| Step 5  Closed-loop Lock     INFO                        |
| Step 6  Global Time          WAITING                     |
+------------------------------------------------------------+
| Link health                  Link=1  TM=1  RX=1  TX=1 |
| Lock signals                 Helper=1  MainFreq=1  MainPhase=1 |
|                              MainLock=1  PSTAT=1             |
| Global-Time reason           PTP servo offset not yet <60 ps |
| WR PTP servo state           SYNC_PHASE                  |
| WR phase offset              -2283 ps (target |offset| <60 ps) |
| Global-Time validity         TIME_VALID=0 PPS_VALID=0     |
| Snapshot                     snapshot=0 stable=1 count=0 |
| PPS registers                CR=20000006 EN=0 ESCR=1024  |
| PPS register validity        TM=0 PPS=0                  |
| Step5 result                 LOCK_ACQUIRED_NOT_STABLE    |
+------------------------------------------------------------+

Global Time summary (125 MHz reference; 1 cycle = 8 ns)
------------------------------------------------------------
  MASTER  (DE5_1-11.1)
    TAI=1095         CYCLES=124999999    VALID
  SLAVE   (DE5_1-11.2)
    TAI=--           CYCLES=--           WAITING (TIME_VALID=0, PPS_VALID=0)
------------------------------------------------------------
Dashboard read complete.
White Rabbit Step 1-6 dashboard  2026-09-30T15:41:49+08:00  (read-only)
Sampling interval: 10s; per-board comparison window: 2000ms

+------------------------------------------------------------+
| MASTER   DE5_1-11.1                                      |
+------------------------------------------------------------+
| Step 1  PHY / Link           PASS                        |
| Step 2  Endpoint / PTP       PASS                        |
| Step 3  WR Handshake         INFO                        |
| Step 4  SoftPLL Startup      PASS                        |
| Step 5  Closed-loop Lock     INFO                        |
| Step 6  Global Time          VALID                       |
+------------------------------------------------------------+
| Link health                  Link=1  TM=1  RX=1  TX=1 |
| Lock signals                 Helper=NA  MainFreq=NA  MainPhase=NA |
|                              MainLock=NA  PSTAT=NA             |
| Global-Time reason           PPS snapshot valid; Step6 gate passed |
| WR PTP servo state           NA                          |
| WR phase offset              NA ps                       |
| Global-Time validity         TIME_VALID=1 PPS_VALID=1     |
| Snapshot                     snapshot=1 stable=1 count=1106 |
| PPS registers                CR=20000006 EN=0 ESCR=1036  |
| PPS register validity        TM=1 PPS=1                  |
| Step5 result                 NOT_APPLICABLE_MASTER       |
+------------------------------------------------------------+
+------------------------------------------------------------+
| SLAVE    DE5_1-11.2                                      |
+------------------------------------------------------------+
| Step 1  PHY / Link           PASS                        |
| Step 2  Endpoint / PTP       PASS                        |
| Step 3  WR Handshake         PASS                        |
| Step 4  SoftPLL Startup      PASS                        |
| Step 5  Closed-loop Lock     INFO                        |
| Step 6  Global Time          WAITING                     |
+------------------------------------------------------------+
| Link health                  Link=1  TM=1  RX=1  TX=1 |
| Lock signals                 Helper=1  MainFreq=1  MainPhase=1 |
|                              MainLock=1  PSTAT=1             |
| Global-Time reason           PTP servo offset not yet <60 ps |
| WR PTP servo state           WAIT_OFFSET_STABLE          |
| WR phase offset              2276 ps (target |offset| <60 ps) |
| Global-Time validity         TIME_VALID=0 PPS_VALID=0     |
| Snapshot                     snapshot=0 stable=1 count=0 |
| PPS registers                CR=20000006 EN=0 ESCR=1024  |
| PPS register validity        TM=0 PPS=0                  |
| Step5 result                 LOCK_ACQUIRED_NOT_STABLE    |
+------------------------------------------------------------+

Global Time summary (125 MHz reference; 1 cycle = 8 ns)
------------------------------------------------------------
  MASTER  (DE5_1-11.1)
    TAI=1105         CYCLES=124999999    VALID
  SLAVE   (DE5_1-11.2)
    TAI=--           CYCLES=--           WAITING (TIME_VALID=0, PPS_VALID=0)
------------------------------------------------------------
Dashboard read complete.
White Rabbit Step 1-6 dashboard  2026-09-30T15:41:59+08:00  (read-only)
Sampling interval: 10s; per-board comparison window: 2000ms

+------------------------------------------------------------+
| MASTER   DE5_1-11.1                                      |
+------------------------------------------------------------+
| Step 1  PHY / Link           PASS                        |
| Step 2  Endpoint / PTP       PASS                        |
| Step 3  WR Handshake         INFO                        |
| Step 4  SoftPLL Startup      PASS                        |
| Step 5  Closed-loop Lock     INFO                        |
| Step 6  Global Time          VALID                       |
+------------------------------------------------------------+
| Link health                  Link=1  TM=1  RX=1  TX=1 |
| Lock signals                 Helper=NA  MainFreq=NA  MainPhase=NA |
|                              MainLock=NA  PSTAT=NA             |
| Global-Time reason           PPS snapshot valid; Step6 gate passed |
| WR PTP servo state           NA                          |
| WR phase offset              NA ps                       |
| Global-Time validity         TIME_VALID=1 PPS_VALID=1     |
| Snapshot                     snapshot=1 stable=1 count=1116 |
| PPS registers                CR=20000006 EN=0 ESCR=1036  |
| PPS register validity        TM=1 PPS=1                  |
| Step5 result                 NOT_APPLICABLE_MASTER       |
+------------------------------------------------------------+
+------------------------------------------------------------+
| SLAVE    DE5_1-11.2                                      |
+------------------------------------------------------------+
| Step 1  PHY / Link           PASS                        |
| Step 2  Endpoint / PTP       PASS                        |
| Step 3  WR Handshake         PASS                        |
| Step 4  SoftPLL Startup      PASS                        |
| Step 5  Closed-loop Lock     INFO                        |
| Step 6  Global Time          WAITING                     |
+------------------------------------------------------------+
| Link health                  Link=1  TM=1  RX=1  TX=1 |
| Lock signals                 Helper=1  MainFreq=1  MainPhase=1 |
|                              MainLock=1  PSTAT=1             |
| Global-Time reason           PTP servo offset not yet <60 ps |
| WR PTP servo state           WAIT_OFFSET_STABLE          |
| WR phase offset              -2278 ps (target |offset| <60 ps) |
| Global-Time validity         TIME_VALID=0 PPS_VALID=0     |
| Snapshot                     snapshot=0 stable=1 count=0 |
| PPS registers                CR=20000006 EN=0 ESCR=1024  |
| PPS register validity        TM=0 PPS=0                  |
| Step5 result                 LOCK_ACQUIRED_NOT_STABLE    |
+------------------------------------------------------------+

Global Time summary (125 MHz reference; 1 cycle = 8 ns)
------------------------------------------------------------
  MASTER  (DE5_1-11.1)
    TAI=1115         CYCLES=124999999    VALID
  SLAVE   (DE5_1-11.2)
    TAI=--           CYCLES=--           WAITING (TIME_VALID=0, PPS_VALID=0)
------------------------------------------------------------
Dashboard read complete.
White Rabbit Step 1-6 dashboard  2026-09-30T15:42:09+08:00  (read-only)
Sampling interval: 10s; per-board comparison window: 2000ms

+------------------------------------------------------------+
| MASTER   DE5_1-11.1                                      |
+------------------------------------------------------------+
| Step 1  PHY / Link           PASS                        |
| Step 2  Endpoint / PTP       PASS                        |
| Step 3  WR Handshake         INFO                        |
| Step 4  SoftPLL Startup      PASS                        |
| Step 5  Closed-loop Lock     INFO                        |
| Step 6  Global Time          VALID                       |
+------------------------------------------------------------+
| Link health                  Link=1  TM=1  RX=1  TX=1 |
| Lock signals                 Helper=NA  MainFreq=NA  MainPhase=NA |
|                              MainLock=NA  PSTAT=NA             |
| Global-Time reason           PPS snapshot valid; Step6 gate passed |
| WR PTP servo state           NA                          |
| WR phase offset              NA ps                       |
| Global-Time validity         TIME_VALID=1 PPS_VALID=1     |
| Snapshot                     snapshot=1 stable=1 count=1126 |
| PPS registers                CR=20000006 EN=0 ESCR=1036  |
| PPS register validity        TM=1 PPS=1                  |
| Step5 result                 NOT_APPLICABLE_MASTER       |
+------------------------------------------------------------+
+------------------------------------------------------------+
| SLAVE    DE5_1-11.2                                      |
+------------------------------------------------------------+
| Step 1  PHY / Link           PASS                        |
| Step 2  Endpoint / PTP       PASS                        |
| Step 3  WR Handshake         PASS                        |
| Step 4  SoftPLL Startup      PASS                        |
| Step 5  Closed-loop Lock     INFO                        |
| Step 6  Global Time          WAITING                     |
+------------------------------------------------------------+
| Link health                  Link=1  TM=1  RX=1  TX=1 |
| Lock signals                 Helper=1  MainFreq=1  MainPhase=1 |
|                              MainLock=1  PSTAT=1             |
| Global-Time reason           PTP servo offset not yet <60 ps |
| WR PTP servo state           WAIT_OFFSET_STABLE          |
| WR phase offset              -1676 ps (target |offset| <60 ps) |
| Global-Time validity         TIME_VALID=0 PPS_VALID=0     |
| Snapshot                     snapshot=0 stable=1 count=0 |
| PPS registers                CR=20000006 EN=0 ESCR=1024  |
| PPS register validity        TM=0 PPS=0                  |
| Step5 result                 LOCK_ACQUIRED_NOT_STABLE    |
+------------------------------------------------------------+

Global Time summary (125 MHz reference; 1 cycle = 8 ns)
------------------------------------------------------------
  MASTER  (DE5_1-11.1)
    TAI=1125         CYCLES=124999999    VALID
  SLAVE   (DE5_1-11.2)
    TAI=--           CYCLES=--           WAITING (TIME_VALID=0, PPS_VALID=0)
------------------------------------------------------------
Dashboard read complete.
White Rabbit Step 1-6 dashboard  2026-09-30T15:42:19+08:00  (read-only)
Sampling interval: 10s; per-board comparison window: 2000ms

+------------------------------------------------------------+
| MASTER   DE5_1-11.1                                      |
+------------------------------------------------------------+
| Step 1  PHY / Link           PASS                        |
| Step 2  Endpoint / PTP       PASS                        |
| Step 3  WR Handshake         INFO                        |
| Step 4  SoftPLL Startup      PASS                        |
| Step 5  Closed-loop Lock     INFO                        |
| Step 6  Global Time          VALID                       |
+------------------------------------------------------------+
| Link health                  Link=1  TM=1  RX=1  TX=1 |
| Lock signals                 Helper=NA  MainFreq=NA  MainPhase=NA |
|                              MainLock=NA  PSTAT=NA             |
| Global-Time reason           PPS snapshot valid; Step6 gate passed |
| WR PTP servo state           NA                          |
| WR phase offset              NA ps                       |
| Global-Time validity         TIME_VALID=1 PPS_VALID=1     |
| Snapshot                     snapshot=1 stable=1 count=1136 |
| PPS registers                CR=20000006 EN=0 ESCR=1036  |
| PPS register validity        TM=1 PPS=1                  |
| Step5 result                 NOT_APPLICABLE_MASTER       |
+------------------------------------------------------------+
+------------------------------------------------------------+
| SLAVE    DE5_1-11.2                                      |
+------------------------------------------------------------+
| Step 1  PHY / Link           PASS                        |
| Step 2  Endpoint / PTP       PASS                        |
| Step 3  WR Handshake         PASS                        |
| Step 4  SoftPLL Startup      PASS                        |
| Step 5  Closed-loop Lock     INFO                        |
| Step 6  Global Time          WAITING                     |
+------------------------------------------------------------+
| Link health                  Link=1  TM=1  RX=1  TX=1 |
| Lock signals                 Helper=1  MainFreq=1  MainPhase=1 |
|                              MainLock=1  PSTAT=1             |
| Global-Time reason           PTP servo offset not yet <60 ps |
| WR PTP servo state           WAIT_OFFSET_STABLE          |
| WR phase offset              2733 ps (target |offset| <60 ps) |
| Global-Time validity         TIME_VALID=0 PPS_VALID=0     |
| Snapshot                     snapshot=0 stable=1 count=0 |
| PPS registers                CR=20000006 EN=0 ESCR=1024  |
| PPS register validity        TM=0 PPS=0                  |
| Step5 result                 LOCK_ACQUIRED_NOT_STABLE    |
+------------------------------------------------------------+

Global Time summary (125 MHz reference; 1 cycle = 8 ns)
------------------------------------------------------------
  MASTER  (DE5_1-11.1)
    TAI=1135         CYCLES=124999999    VALID
  SLAVE   (DE5_1-11.2)
    TAI=--           CYCLES=--           WAITING (TIME_VALID=0, PPS_VALID=0)
------------------------------------------------------------
Dashboard read complete.
White Rabbit Step 1-6 dashboard  2026-09-30T15:42:29+08:00  (read-only)
Sampling interval: 10s; per-board comparison window: 2000ms

+------------------------------------------------------------+
| MASTER   DE5_1-11.1                                      |
+------------------------------------------------------------+
| Step 1  PHY / Link           PASS                        |
| Step 2  Endpoint / PTP       PASS                        |
| Step 3  WR Handshake         INFO                        |
| Step 4  SoftPLL Startup      PASS                        |
| Step 5  Closed-loop Lock     INFO                        |
| Step 6  Global Time          VALID                       |
+------------------------------------------------------------+
| Link health                  Link=1  TM=1  RX=1  TX=1 |
| Lock signals                 Helper=NA  MainFreq=NA  MainPhase=NA |
|                              MainLock=NA  PSTAT=NA             |
| Global-Time reason           PPS snapshot valid; Step6 gate passed |
| WR PTP servo state           NA                          |
| WR phase offset              NA ps                       |
| Global-Time validity         TIME_VALID=1 PPS_VALID=1     |
| Snapshot                     snapshot=1 stable=1 count=1146 |
| PPS registers                CR=20000006 EN=0 ESCR=1036  |
| PPS register validity        TM=1 PPS=1                  |
| Step5 result                 NOT_APPLICABLE_MASTER       |
+------------------------------------------------------------+
+------------------------------------------------------------+
| SLAVE    DE5_1-11.2                                      |
+------------------------------------------------------------+
| Step 1  PHY / Link           PASS                        |
| Step 2  Endpoint / PTP       PASS                        |
| Step 3  WR Handshake         PASS                        |
| Step 4  SoftPLL Startup      PASS                        |
| Step 5  Closed-loop Lock     INFO                        |
| Step 6  Global Time          WAITING                     |
+------------------------------------------------------------+
| Link health                  Link=1  TM=1  RX=1  TX=1 |
| Lock signals                 Helper=1  MainFreq=1  MainPhase=1 |
|                              MainLock=1  PSTAT=1             |
| Global-Time reason           PTP servo offset not yet <60 ps |
| WR PTP servo state           WAIT_OFFSET_STABLE          |
| WR phase offset              -1982 ps (target |offset| <60 ps) |
| Global-Time validity         TIME_VALID=0 PPS_VALID=0     |
| Snapshot                     snapshot=0 stable=1 count=0 |
| PPS registers                CR=20000006 EN=0 ESCR=1024  |
| PPS register validity        TM=0 PPS=0                  |
| Step5 result                 LOCK_ACQUIRED_NOT_STABLE    |
+------------------------------------------------------------+

Global Time summary (125 MHz reference; 1 cycle = 8 ns)
------------------------------------------------------------
  MASTER  (DE5_1-11.1)
    TAI=1145         CYCLES=124999999    VALID
  SLAVE   (DE5_1-11.2)
    TAI=--           CYCLES=--           WAITING (TIME_VALID=0, PPS_VALID=0)
------------------------------------------------------------
Dashboard read complete.
White Rabbit Step 1-6 dashboard  2026-09-30T15:42:39+08:00  (read-only)
Sampling interval: 10s; per-board comparison window: 2000ms

+------------------------------------------------------------+
| MASTER   DE5_1-11.1                                      |
+------------------------------------------------------------+
| Step 1  PHY / Link           PASS                        |
| Step 2  Endpoint / PTP       PASS                        |
| Step 3  WR Handshake         INFO                        |
| Step 4  SoftPLL Startup      PASS                        |
| Step 5  Closed-loop Lock     INFO                        |
| Step 6  Global Time          VALID                       |
+------------------------------------------------------------+
| Link health                  Link=1  TM=1  RX=1  TX=1 |
| Lock signals                 Helper=NA  MainFreq=NA  MainPhase=NA |
|                              MainLock=NA  PSTAT=NA             |
| Global-Time reason           PPS snapshot valid; Step6 gate passed |
| WR PTP servo state           NA                          |
| WR phase offset              NA ps                       |
| Global-Time validity         TIME_VALID=1 PPS_VALID=1     |
| Snapshot                     snapshot=1 stable=1 count=1156 |
| PPS registers                CR=20000006 EN=0 ESCR=1036  |
| PPS register validity        TM=1 PPS=1                  |
| Step5 result                 NOT_APPLICABLE_MASTER       |
+------------------------------------------------------------+
+------------------------------------------------------------+
| SLAVE    DE5_1-11.2                                      |
+------------------------------------------------------------+
| Step 1  PHY / Link           PASS                        |
| Step 2  Endpoint / PTP       PASS                        |
| Step 3  WR Handshake         PASS                        |
| Step 4  SoftPLL Startup      PASS                        |
| Step 5  Closed-loop Lock     INFO                        |
| Step 6  Global Time          WAITING                     |
+------------------------------------------------------------+
| Link health                  Link=1  TM=1  RX=1  TX=1 |
| Lock signals                 Helper=1  MainFreq=1  MainPhase=1 |
|                              MainLock=1  PSTAT=1             |
| Global-Time reason           PTP servo offset not yet <60 ps |
| WR PTP servo state           WAIT_OFFSET_STABLE          |
| WR phase offset              -1946 ps (target |offset| <60 ps) |
| Global-Time validity         TIME_VALID=0 PPS_VALID=0     |
| Snapshot                     snapshot=0 stable=1 count=0 |
| PPS registers                CR=20000006 EN=0 ESCR=1024  |
| PPS register validity        TM=0 PPS=0                  |
| Step5 result                 LOCK_ACQUIRED_NOT_STABLE    |
+------------------------------------------------------------+

Global Time summary (125 MHz reference; 1 cycle = 8 ns)
------------------------------------------------------------
  MASTER  (DE5_1-11.1)
    TAI=1155         CYCLES=124999999    VALID
  SLAVE   (DE5_1-11.2)
    TAI=--           CYCLES=--           WAITING (TIME_VALID=0, PPS_VALID=0)
------------------------------------------------------------
Dashboard read complete.
White Rabbit Step 1-6 dashboard  2026-09-30T15:42:49+08:00  (read-only)
Sampling interval: 10s; per-board comparison window: 2000ms

+------------------------------------------------------------+
| MASTER   DE5_1-11.1                                      |
+------------------------------------------------------------+
| Step 1  PHY / Link           PASS                        |
| Step 2  Endpoint / PTP       PASS                        |
| Step 3  WR Handshake         INFO                        |
| Step 4  SoftPLL Startup      PASS                        |
| Step 5  Closed-loop Lock     INFO                        |
| Step 6  Global Time          VALID                       |
+------------------------------------------------------------+
| Link health                  Link=1  TM=1  RX=1  TX=1 |
| Lock signals                 Helper=NA  MainFreq=NA  MainPhase=NA |
|                              MainLock=NA  PSTAT=NA             |
| Global-Time reason           PPS snapshot valid; Step6 gate passed |
| WR PTP servo state           NA                          |
| WR phase offset              NA ps                       |
| Global-Time validity         TIME_VALID=1 PPS_VALID=1     |
| Snapshot                     snapshot=1 stable=1 count=1166 |
| PPS registers                CR=20000006 EN=0 ESCR=1036  |
| PPS register validity        TM=1 PPS=1                  |
| Step5 result                 NOT_APPLICABLE_MASTER       |
+------------------------------------------------------------+
+------------------------------------------------------------+
| SLAVE    DE5_1-11.2                                      |
+------------------------------------------------------------+
| Step 1  PHY / Link           PASS                        |
| Step 2  Endpoint / PTP       PASS                        |
| Step 3  WR Handshake         PASS                        |
| Step 4  SoftPLL Startup      PASS                        |
| Step 5  Closed-loop Lock     INFO                        |
| Step 6  Global Time          WAITING                     |
+------------------------------------------------------------+
| Link health                  Link=1  TM=1  RX=1  TX=1 |
| Lock signals                 Helper=1  MainFreq=1  MainPhase=1 |
|                              MainLock=1  PSTAT=1             |
| Global-Time reason           PTP servo offset not yet <60 ps |
| WR PTP servo state           WAIT_OFFSET_STABLE          |
| WR phase offset              2585 ps (target |offset| <60 ps) |
| Global-Time validity         TIME_VALID=0 PPS_VALID=0     |
| Snapshot                     snapshot=0 stable=1 count=0 |
| PPS registers                CR=20000006 EN=0 ESCR=1024  |
| PPS register validity        TM=0 PPS=0                  |
| Step5 result                 LOCK_ACQUIRED_NOT_STABLE    |
+------------------------------------------------------------+

Global Time summary (125 MHz reference; 1 cycle = 8 ns)
------------------------------------------------------------
  MASTER  (DE5_1-11.1)
    TAI=1165         CYCLES=124999999    VALID
  SLAVE   (DE5_1-11.2)
    TAI=--           CYCLES=--           WAITING (TIME_VALID=0, PPS_VALID=0)
------------------------------------------------------------
Dashboard read complete.
White Rabbit Step 1-6 dashboard  2026-09-30T15:42:59+08:00  (read-only)
Sampling interval: 10s; per-board comparison window: 2000ms

+------------------------------------------------------------+
| MASTER   DE5_1-11.1                                      |
+------------------------------------------------------------+
| Step 1  PHY / Link           PASS                        |
| Step 2  Endpoint / PTP       PASS                        |
| Step 3  WR Handshake         INFO                        |
| Step 4  SoftPLL Startup      PASS                        |
| Step 5  Closed-loop Lock     INFO                        |
| Step 6  Global Time          VALID                       |
+------------------------------------------------------------+
| Link health                  Link=1  TM=1  RX=1  TX=1 |
| Lock signals                 Helper=NA  MainFreq=NA  MainPhase=NA |
|                              MainLock=NA  PSTAT=NA             |
| Global-Time reason           PPS snapshot valid; Step6 gate passed |
| WR PTP servo state           NA                          |
| WR phase offset              NA ps                       |
| Global-Time validity         TIME_VALID=1 PPS_VALID=1     |
| Snapshot                     snapshot=1 stable=1 count=1176 |
| PPS registers                CR=20000006 EN=0 ESCR=1036  |
| PPS register validity        TM=1 PPS=1                  |
| Step5 result                 NOT_APPLICABLE_MASTER       |
+------------------------------------------------------------+
+------------------------------------------------------------+
| SLAVE    DE5_1-11.2                                      |
+------------------------------------------------------------+
| Step 1  PHY / Link           PASS                        |
| Step 2  Endpoint / PTP       PASS                        |
| Step 3  WR Handshake         PASS                        |
| Step 4  SoftPLL Startup      PASS                        |
| Step 5  Closed-loop Lock     INFO                        |
| Step 6  Global Time          WAITING                     |
+------------------------------------------------------------+
| Link health                  Link=1  TM=1  RX=1  TX=1 |
| Lock signals                 Helper=1  MainFreq=1  MainPhase=1 |
|                              MainLock=1  PSTAT=1             |
| Global-Time reason           PTP servo offset not yet <60 ps |
| WR PTP servo state           WAIT_OFFSET_STABLE          |
| WR phase offset              -2172 ps (target |offset| <60 ps) |
| Global-Time validity         TIME_VALID=0 PPS_VALID=0     |
| Snapshot                     snapshot=0 stable=1 count=0 |
| PPS registers                CR=20000006 EN=0 ESCR=1024  |
| PPS register validity        TM=0 PPS=0                  |
| Step5 result                 LOCK_ACQUIRED_NOT_STABLE    |
+------------------------------------------------------------+

Global Time summary (125 MHz reference; 1 cycle = 8 ns)
------------------------------------------------------------
  MASTER  (DE5_1-11.1)
    TAI=1175         CYCLES=124999999    VALID
  SLAVE   (DE5_1-11.2)
    TAI=--           CYCLES=--           WAITING (TIME_VALID=0, PPS_VALID=0)
------------------------------------------------------------
Dashboard read complete.
White Rabbit Step 1-6 dashboard  2026-09-30T15:43:09+08:00  (read-only)
Sampling interval: 10s; per-board comparison window: 2000ms

+------------------------------------------------------------+
| MASTER   DE5_1-11.1                                      |
+------------------------------------------------------------+
| Step 1  PHY / Link           PASS                        |
| Step 2  Endpoint / PTP       PASS                        |
| Step 3  WR Handshake         INFO                        |
| Step 4  SoftPLL Startup      PASS                        |
| Step 5  Closed-loop Lock     INFO                        |
| Step 6  Global Time          VALID                       |
+------------------------------------------------------------+
| Link health                  Link=1  TM=1  RX=1  TX=1 |
| Lock signals                 Helper=NA  MainFreq=NA  MainPhase=NA |
|                              MainLock=NA  PSTAT=NA             |
| Global-Time reason           PPS snapshot valid; Step6 gate passed |
| WR PTP servo state           NA                          |
| WR phase offset              NA ps                       |
| Global-Time validity         TIME_VALID=1 PPS_VALID=1     |
| Snapshot                     snapshot=1 stable=1 count=1186 |
| PPS registers                CR=20000006 EN=0 ESCR=1036  |
| PPS register validity        TM=1 PPS=1                  |
| Step5 result                 NOT_APPLICABLE_MASTER       |
+------------------------------------------------------------+
+------------------------------------------------------------+
| SLAVE    DE5_1-11.2                                      |
+------------------------------------------------------------+
| Step 1  PHY / Link           PASS                        |
| Step 2  Endpoint / PTP       PASS                        |
| Step 3  WR Handshake         PASS                        |
| Step 4  SoftPLL Startup      PASS                        |
| Step 5  Closed-loop Lock     INFO                        |
| Step 6  Global Time          WAITING                     |
+------------------------------------------------------------+
| Link health                  Link=1  TM=1  RX=1  TX=1 |
| Lock signals                 Helper=1  MainFreq=1  MainPhase=1 |
|                              MainLock=1  PSTAT=1             |
| Global-Time reason           PTP servo offset not yet <60 ps |
| WR PTP servo state           WAIT_OFFSET_STABLE          |
| WR phase offset              2204 ps (target |offset| <60 ps) |
| Global-Time validity         TIME_VALID=0 PPS_VALID=0     |
| Snapshot                     snapshot=0 stable=1 count=0 |
| PPS registers                CR=20000006 EN=0 ESCR=1024  |
| PPS register validity        TM=0 PPS=0                  |
| Step5 result                 LOCK_ACQUIRED_NOT_STABLE    |
+------------------------------------------------------------+

Global Time summary (125 MHz reference; 1 cycle = 8 ns)
------------------------------------------------------------
  MASTER  (DE5_1-11.1)
    TAI=1185         CYCLES=124999999    VALID
  SLAVE   (DE5_1-11.2)
    TAI=--           CYCLES=--           WAITING (TIME_VALID=0, PPS_VALID=0)
------------------------------------------------------------
Dashboard read complete.
White Rabbit Step 1-6 dashboard  2026-09-30T15:43:19+08:00  (read-only)
Sampling interval: 10s; per-board comparison window: 2000ms

+------------------------------------------------------------+
| MASTER   DE5_1-11.1                                      |
+------------------------------------------------------------+
| Step 1  PHY / Link           PASS                        |
| Step 2  Endpoint / PTP       PASS                        |
| Step 3  WR Handshake         INFO                        |
| Step 4  SoftPLL Startup      PASS                        |
| Step 5  Closed-loop Lock     INFO                        |
| Step 6  Global Time          VALID                       |
+------------------------------------------------------------+
| Link health                  Link=1  TM=1  RX=1  TX=1 |
| Lock signals                 Helper=NA  MainFreq=NA  MainPhase=NA |
|                              MainLock=NA  PSTAT=NA             |
| Global-Time reason           PPS snapshot valid; Step6 gate passed |
| WR PTP servo state           NA                          |
| WR phase offset              NA ps                       |
| Global-Time validity         TIME_VALID=1 PPS_VALID=1     |
| Snapshot                     snapshot=1 stable=1 count=1196 |
| PPS registers                CR=20000006 EN=0 ESCR=1036  |
| PPS register validity        TM=1 PPS=1                  |
| Step5 result                 NOT_APPLICABLE_MASTER       |
+------------------------------------------------------------+
+------------------------------------------------------------+
| SLAVE    DE5_1-11.2                                      |
+------------------------------------------------------------+
| Step 1  PHY / Link           PASS                        |
| Step 2  Endpoint / PTP       PASS                        |
| Step 3  WR Handshake         PASS                        |
| Step 4  SoftPLL Startup      PASS                        |
| Step 5  Closed-loop Lock     INFO                        |
| Step 6  Global Time          WAITING                     |
+------------------------------------------------------------+
| Link health                  Link=1  TM=1  RX=1  TX=1 |
| Lock signals                 Helper=1  MainFreq=1  MainPhase=1 |
|                              MainLock=1  PSTAT=1             |
| Global-Time reason           PTP servo offset not yet <60 ps |
| WR PTP servo state           WAIT_OFFSET_STABLE          |
| WR phase offset              -2077 ps (target |offset| <60 ps) |
| Global-Time validity         TIME_VALID=0 PPS_VALID=0     |
| Snapshot                     snapshot=0 stable=1 count=0 |
| PPS registers                CR=20000006 EN=0 ESCR=1024  |
| PPS register validity        TM=0 PPS=0                  |
| Step5 result                 LOCK_ACQUIRED_NOT_STABLE    |
+------------------------------------------------------------+

Global Time summary (125 MHz reference; 1 cycle = 8 ns)
------------------------------------------------------------
  MASTER  (DE5_1-11.1)
    TAI=1195         CYCLES=124999999    VALID
  SLAVE   (DE5_1-11.2)
    TAI=--           CYCLES=--           WAITING (TIME_VALID=0, PPS_VALID=0)
------------------------------------------------------------
Dashboard read complete.
White Rabbit Step 1-6 dashboard  2026-09-30T15:43:29+08:00  (read-only)
Sampling interval: 10s; per-board comparison window: 2000ms

+------------------------------------------------------------+
| MASTER   DE5_1-11.1                                      |
+------------------------------------------------------------+
| Step 1  PHY / Link           PASS                        |
| Step 2  Endpoint / PTP       PASS                        |
| Step 3  WR Handshake         INFO                        |
| Step 4  SoftPLL Startup      PASS                        |
| Step 5  Closed-loop Lock     INFO                        |
| Step 6  Global Time          VALID                       |
+------------------------------------------------------------+
| Link health                  Link=1  TM=1  RX=1  TX=1 |
| Lock signals                 Helper=NA  MainFreq=NA  MainPhase=NA |
|                              MainLock=NA  PSTAT=NA             |
| Global-Time reason           PPS snapshot valid; Step6 gate passed |
| WR PTP servo state           NA                          |
| WR phase offset              NA ps                       |
| Global-Time validity         TIME_VALID=1 PPS_VALID=1     |
| Snapshot                     snapshot=1 stable=1 count=1206 |
| PPS registers                CR=20000006 EN=0 ESCR=1036  |
| PPS register validity        TM=1 PPS=1                  |
| Step5 result                 NOT_APPLICABLE_MASTER       |
+------------------------------------------------------------+
+------------------------------------------------------------+
| SLAVE    DE5_1-11.2                                      |
+------------------------------------------------------------+
| Step 1  PHY / Link           PASS                        |
| Step 2  Endpoint / PTP       PASS                        |
| Step 3  WR Handshake         PASS                        |
| Step 4  SoftPLL Startup      PASS                        |
| Step 5  Closed-loop Lock     INFO                        |
| Step 6  Global Time          WAITING                     |
+------------------------------------------------------------+
| Link health                  Link=1  TM=1  RX=1  TX=1 |
| Lock signals                 Helper=1  MainFreq=1  MainPhase=1 |
|                              MainLock=1  PSTAT=1             |
| Global-Time reason           PTP servo offset not yet <60 ps |
| WR PTP servo state           WAIT_OFFSET_STABLE          |
| WR phase offset              2296 ps (target |offset| <60 ps) |
| Global-Time validity         TIME_VALID=0 PPS_VALID=0     |
| Snapshot                     snapshot=0 stable=1 count=0 |
| PPS registers                CR=20000006 EN=0 ESCR=1024  |
| PPS register validity        TM=0 PPS=0                  |
| Step5 result                 LOCK_ACQUIRED_NOT_STABLE    |
+------------------------------------------------------------+

Global Time summary (125 MHz reference; 1 cycle = 8 ns)
------------------------------------------------------------
  MASTER  (DE5_1-11.1)
    TAI=1205         CYCLES=124999999    VALID
  SLAVE   (DE5_1-11.2)
    TAI=--           CYCLES=--           WAITING (TIME_VALID=0, PPS_VALID=0)
------------------------------------------------------------
Dashboard read complete.
White Rabbit Step 1-6 dashboard  2026-09-30T15:43:39+08:00  (read-only)
Sampling interval: 10s; per-board comparison window: 2000ms

+------------------------------------------------------------+
| MASTER   DE5_1-11.1                                      |
+------------------------------------------------------------+
| Step 1  PHY / Link           PASS                        |
| Step 2  Endpoint / PTP       PASS                        |
| Step 3  WR Handshake         INFO                        |
| Step 4  SoftPLL Startup      PASS                        |
| Step 5  Closed-loop Lock     INFO                        |
| Step 6  Global Time          VALID                       |
+------------------------------------------------------------+
| Link health                  Link=1  TM=1  RX=1  TX=1 |
| Lock signals                 Helper=NA  MainFreq=NA  MainPhase=NA |
|                              MainLock=NA  PSTAT=NA             |
| Global-Time reason           PPS snapshot valid; Step6 gate passed |
| WR PTP servo state           NA                          |
| WR phase offset              NA ps                       |
| Global-Time validity         TIME_VALID=1 PPS_VALID=1     |
| Snapshot                     snapshot=1 stable=1 count=1216 |
| PPS registers                CR=20000006 EN=0 ESCR=18778508 |
| PPS register validity        TM=1 PPS=1                  |
| Step5 result                 NOT_APPLICABLE_MASTER       |
+------------------------------------------------------------+
+------------------------------------------------------------+
| SLAVE    DE5_1-11.2                                      |
+------------------------------------------------------------+
| Step 1  PHY / Link           PASS                        |
| Step 2  Endpoint / PTP       PASS                        |
| Step 3  WR Handshake         PASS                        |
| Step 4  SoftPLL Startup      PASS                        |
| Step 5  Closed-loop Lock     INFO                        |
| Step 6  Global Time          WAITING                     |
+------------------------------------------------------------+
| Link health                  Link=1  TM=1  RX=1  TX=1 |
| Lock signals                 Helper=1  MainFreq=1  MainPhase=1 |
|                              MainLock=1  PSTAT=1             |
| Global-Time reason           PTP servo offset not yet <60 ps |
| WR PTP servo state           WAIT_OFFSET_STABLE          |
| WR phase offset              -2482 ps (target |offset| <60 ps) |
| Global-Time validity         TIME_VALID=0 PPS_VALID=0     |
| Snapshot                     snapshot=0 stable=1 count=0 |
| PPS registers                CR=20000006 EN=0 ESCR=1024  |
| PPS register validity        TM=0 PPS=0                  |
| Step5 result                 LOCK_ACQUIRED_NOT_STABLE    |
+------------------------------------------------------------+

Global Time summary (125 MHz reference; 1 cycle = 8 ns)
------------------------------------------------------------
  MASTER  (DE5_1-11.1)
    TAI=1215         CYCLES=124999999    VALID
  SLAVE   (DE5_1-11.2)
    TAI=--           CYCLES=--           WAITING (TIME_VALID=0, PPS_VALID=0)
------------------------------------------------------------
Dashboard read complete.
White Rabbit Step 1-6 dashboard  2026-09-30T15:43:49+08:00  (read-only)
Sampling interval: 10s; per-board comparison window: 2000ms

+------------------------------------------------------------+
| MASTER   DE5_1-11.1                                      |
+------------------------------------------------------------+
| Step 1  PHY / Link           PASS                        |
| Step 2  Endpoint / PTP       PASS                        |
| Step 3  WR Handshake         INFO                        |
| Step 4  SoftPLL Startup      PASS                        |
| Step 5  Closed-loop Lock     INFO                        |
| Step 6  Global Time          VALID                       |
+------------------------------------------------------------+
| Link health                  Link=1  TM=1  RX=1  TX=1 |
| Lock signals                 Helper=NA  MainFreq=NA  MainPhase=NA |
|                              MainLock=NA  PSTAT=NA             |
| Global-Time reason           PPS snapshot valid; Step6 gate passed |
| WR PTP servo state           NA                          |
| WR phase offset              NA ps                       |
| Global-Time validity         TIME_VALID=1 PPS_VALID=1     |
| Snapshot                     snapshot=1 stable=1 count=1226 |
| PPS registers                CR=20000006 EN=0 ESCR=1036  |
| PPS register validity        TM=1 PPS=1                  |
| Step5 result                 NOT_APPLICABLE_MASTER       |
+------------------------------------------------------------+
+------------------------------------------------------------+
| SLAVE    DE5_1-11.2                                      |
+------------------------------------------------------------+
| Step 1  PHY / Link           PASS                        |
| Step 2  Endpoint / PTP       PASS                        |
| Step 3  WR Handshake         PASS                        |
| Step 4  SoftPLL Startup      PASS                        |
| Step 5  Closed-loop Lock     INFO                        |
| Step 6  Global Time          WAITING                     |
+------------------------------------------------------------+
| Link health                  Link=1  TM=1  RX=1  TX=1 |
| Lock signals                 Helper=1  MainFreq=1  MainPhase=1 |
|                              MainLock=1  PSTAT=1             |
| Global-Time reason           PTP servo offset not yet <60 ps |
| WR PTP servo state           WAIT_OFFSET_STABLE          |
| WR phase offset              2359 ps (target |offset| <60 ps) |
| Global-Time validity         TIME_VALID=0 PPS_VALID=0     |
| Snapshot                     snapshot=0 stable=1 count=0 |
| PPS registers                CR=20000006 EN=0 ESCR=1024  |
| PPS register validity        TM=0 PPS=0                  |
| Step5 result                 LOCK_ACQUIRED_NOT_STABLE    |
+------------------------------------------------------------+

Global Time summary (125 MHz reference; 1 cycle = 8 ns)
------------------------------------------------------------
  MASTER  (DE5_1-11.1)
    TAI=1225         CYCLES=124999999    VALID
  SLAVE   (DE5_1-11.2)
    TAI=--           CYCLES=--           WAITING (TIME_VALID=0, PPS_VALID=0)
------------------------------------------------------------
Dashboard read complete.
White Rabbit Step 1-6 dashboard  2026-09-30T15:43:59+08:00  (read-only)
Sampling interval: 10s; per-board comparison window: 2000ms

+------------------------------------------------------------+
| MASTER   DE5_1-11.1                                      |
+------------------------------------------------------------+
| Step 1  PHY / Link           PASS                        |
| Step 2  Endpoint / PTP       PASS                        |
| Step 3  WR Handshake         INFO                        |
| Step 4  SoftPLL Startup      PASS                        |
| Step 5  Closed-loop Lock     INFO                        |
| Step 6  Global Time          VALID                       |
+------------------------------------------------------------+
| Link health                  Link=1  TM=1  RX=1  TX=1 |
| Lock signals                 Helper=NA  MainFreq=NA  MainPhase=NA |
|                              MainLock=NA  PSTAT=NA             |
| Global-Time reason           PPS snapshot valid; Step6 gate passed |
| WR PTP servo state           NA                          |
| WR phase offset              NA ps                       |
| Global-Time validity         TIME_VALID=1 PPS_VALID=1     |
| Snapshot                     snapshot=1 stable=1 count=1236 |
| PPS registers                CR=20000006 EN=0 ESCR=1036  |
| PPS register validity        TM=1 PPS=1                  |
| Step5 result                 NOT_APPLICABLE_MASTER       |
+------------------------------------------------------------+
+------------------------------------------------------------+
| SLAVE    DE5_1-11.2                                      |
+------------------------------------------------------------+
| Step 1  PHY / Link           PASS                        |
| Step 2  Endpoint / PTP       PASS                        |
| Step 3  WR Handshake         PASS                        |
| Step 4  SoftPLL Startup      PASS                        |
| Step 5  Closed-loop Lock     INFO                        |
| Step 6  Global Time          WAITING                     |
+------------------------------------------------------------+
| Link health                  Link=1  TM=1  RX=1  TX=1 |
| Lock signals                 Helper=1  MainFreq=1  MainPhase=1 |
|                              MainLock=1  PSTAT=1             |
| Global-Time reason           PTP servo offset not yet <60 ps |
| WR PTP servo state           WAIT_OFFSET_STABLE          |
| WR phase offset              -2395 ps (target |offset| <60 ps) |
| Global-Time validity         TIME_VALID=0 PPS_VALID=0     |
| Snapshot                     snapshot=0 stable=1 count=0 |
| PPS registers                CR=20000006 EN=0 ESCR=1024  |
| PPS register validity        TM=0 PPS=0                  |
| Step5 result                 LOCK_ACQUIRED_NOT_STABLE    |
+------------------------------------------------------------+

Global Time summary (125 MHz reference; 1 cycle = 8 ns)
------------------------------------------------------------
  MASTER  (DE5_1-11.1)
    TAI=1235         CYCLES=124999999    VALID
  SLAVE   (DE5_1-11.2)
    TAI=--           CYCLES=--           WAITING (TIME_VALID=0, PPS_VALID=0)
------------------------------------------------------------
Dashboard read complete.
White Rabbit Step 1-6 dashboard  2026-09-30T15:44:09+08:00  (read-only)
Sampling interval: 10s; per-board comparison window: 2000ms

+------------------------------------------------------------+
| MASTER   DE5_1-11.1                                      |
+------------------------------------------------------------+
| Step 1  PHY / Link           PASS                        |
| Step 2  Endpoint / PTP       PASS                        |
| Step 3  WR Handshake         INFO                        |
| Step 4  SoftPLL Startup      PASS                        |
| Step 5  Closed-loop Lock     INFO                        |
| Step 6  Global Time          VALID                       |
+------------------------------------------------------------+
| Link health                  Link=1  TM=1  RX=1  TX=1 |
| Lock signals                 Helper=NA  MainFreq=NA  MainPhase=NA |
|                              MainLock=NA  PSTAT=NA             |
| Global-Time reason           PPS snapshot valid; Step6 gate passed |
| WR PTP servo state           NA                          |
| WR phase offset              NA ps                       |
| Global-Time validity         TIME_VALID=1 PPS_VALID=1     |
| Snapshot                     snapshot=1 stable=1 count=1246 |
| PPS registers                CR=20000006 EN=0 ESCR=1036  |
| PPS register validity        TM=1 PPS=1                  |
| Step5 result                 NOT_APPLICABLE_MASTER       |
+------------------------------------------------------------+
+------------------------------------------------------------+
| SLAVE    DE5_1-11.2                                      |
+------------------------------------------------------------+
| Step 1  PHY / Link           PASS                        |
| Step 2  Endpoint / PTP       PASS                        |
| Step 3  WR Handshake         PASS                        |
| Step 4  SoftPLL Startup      PASS                        |
| Step 5  Closed-loop Lock     INFO                        |
| Step 6  Global Time          WAITING                     |
+------------------------------------------------------------+
| Link health                  Link=1  TM=1  RX=1  TX=1 |
| Lock signals                 Helper=1  MainFreq=1  MainPhase=1 |
|                              MainLock=1  PSTAT=1             |
| Global-Time reason           PTP servo offset not yet <60 ps |
| WR PTP servo state           WAIT_OFFSET_STABLE          |
| WR phase offset              -2197 ps (target |offset| <60 ps) |
| Global-Time validity         TIME_VALID=0 PPS_VALID=0     |
| Snapshot                     snapshot=0 stable=1 count=0 |
| PPS registers                CR=20000006 EN=0 ESCR=1024  |
| PPS register validity        TM=0 PPS=0                  |
| Step5 result                 LOCK_ACQUIRED_NOT_STABLE    |
+------------------------------------------------------------+

Global Time summary (125 MHz reference; 1 cycle = 8 ns)
------------------------------------------------------------
  MASTER  (DE5_1-11.1)
    TAI=1245         CYCLES=124999999    VALID
  SLAVE   (DE5_1-11.2)
    TAI=--           CYCLES=--           WAITING (TIME_VALID=0, PPS_VALID=0)
------------------------------------------------------------
Dashboard read complete.
White Rabbit Step 1-6 dashboard  2026-09-30T15:44:19+08:00  (read-only)
Sampling interval: 10s; per-board comparison window: 2000ms

+------------------------------------------------------------+
| MASTER   DE5_1-11.1                                      |
+------------------------------------------------------------+
| Step 1  PHY / Link           PASS                        |
| Step 2  Endpoint / PTP       PASS                        |
| Step 3  WR Handshake         INFO                        |
| Step 4  SoftPLL Startup      PASS                        |
| Step 5  Closed-loop Lock     INFO                        |
| Step 6  Global Time          VALID                       |
+------------------------------------------------------------+
| Link health                  Link=1  TM=1  RX=1  TX=1 |
| Lock signals                 Helper=NA  MainFreq=NA  MainPhase=NA |
|                              MainLock=NA  PSTAT=NA             |
| Global-Time reason           PPS snapshot valid; Step6 gate passed |
| WR PTP servo state           NA                          |
| WR phase offset              NA ps                       |
| Global-Time validity         TIME_VALID=1 PPS_VALID=1     |
| Snapshot                     snapshot=1 stable=1 count=1256 |
| PPS registers                CR=20000006 EN=0 ESCR=7796748 |
| PPS register validity        TM=1 PPS=1                  |
| Step5 result                 NOT_APPLICABLE_MASTER       |
+------------------------------------------------------------+
+------------------------------------------------------------+
| SLAVE    DE5_1-11.2                                      |
+------------------------------------------------------------+
| Step 1  PHY / Link           PASS                        |
| Step 2  Endpoint / PTP       PASS                        |
| Step 3  WR Handshake         PASS                        |
| Step 4  SoftPLL Startup      PASS                        |
| Step 5  Closed-loop Lock     INFO                        |
| Step 6  Global Time          WAITING                     |
+------------------------------------------------------------+
| Link health                  Link=1  TM=1  RX=1  TX=1 |
| Lock signals                 Helper=1  MainFreq=1  MainPhase=1 |
|                              MainLock=1  PSTAT=1             |
| Global-Time reason           PTP servo offset not yet <60 ps |
| WR PTP servo state           SYNC_PHASE                  |
| WR phase offset              2212 ps (target |offset| <60 ps) |
| Global-Time validity         TIME_VALID=0 PPS_VALID=0     |
| Snapshot                     snapshot=0 stable=1 count=0 |
| PPS registers                CR=20000006 EN=0 ESCR=1024  |
| PPS register validity        TM=0 PPS=0                  |
| Step5 result                 LOCK_ACQUIRED_NOT_STABLE    |
+------------------------------------------------------------+

Global Time summary (125 MHz reference; 1 cycle = 8 ns)
------------------------------------------------------------
  MASTER  (DE5_1-11.1)
    TAI=1255         CYCLES=124999999    VALID
  SLAVE   (DE5_1-11.2)
    TAI=--           CYCLES=--           WAITING (TIME_VALID=0, PPS_VALID=0)
------------------------------------------------------------
Dashboard read complete.
White Rabbit Step 1-6 dashboard  2026-09-30T15:44:29+08:00  (read-only)
Sampling interval: 10s; per-board comparison window: 2000ms

+------------------------------------------------------------+
| MASTER   DE5_1-11.1                                      |
+------------------------------------------------------------+
| Step 1  PHY / Link           PASS                        |
| Step 2  Endpoint / PTP       PASS                        |
| Step 3  WR Handshake         INFO                        |
| Step 4  SoftPLL Startup      PASS                        |
| Step 5  Closed-loop Lock     INFO                        |
| Step 6  Global Time          VALID                       |
+------------------------------------------------------------+
| Link health                  Link=1  TM=1  RX=1  TX=1 |
| Lock signals                 Helper=NA  MainFreq=NA  MainPhase=NA |
|                              MainLock=NA  PSTAT=NA             |
| Global-Time reason           PPS snapshot valid; Step6 gate passed |
| WR PTP servo state           NA                          |
| WR phase offset              NA ps                       |
| Global-Time validity         TIME_VALID=1 PPS_VALID=1     |
| Snapshot                     snapshot=1 stable=1 count=1266 |
| PPS registers                CR=20000006 EN=0 ESCR=1036  |
| PPS register validity        TM=1 PPS=1                  |
| Step5 result                 NOT_APPLICABLE_MASTER       |
+------------------------------------------------------------+
+------------------------------------------------------------+
| SLAVE    DE5_1-11.2                                      |
+------------------------------------------------------------+
| Step 1  PHY / Link           PASS                        |
| Step 2  Endpoint / PTP       PASS                        |
| Step 3  WR Handshake         PASS                        |
| Step 4  SoftPLL Startup      PASS                        |
| Step 5  Closed-loop Lock     INFO                        |
| Step 6  Global Time          WAITING                     |
+------------------------------------------------------------+
| Link health                  Link=1  TM=1  RX=1  TX=1 |
| Lock signals                 Helper=1  MainFreq=1  MainPhase=1 |
|                              MainLock=1  PSTAT=1             |
| Global-Time reason           PTP servo offset not yet <60 ps |
| WR PTP servo state           WAIT_OFFSET_STABLE          |
| WR phase offset              -2232 ps (target |offset| <60 ps) |
| Global-Time validity         TIME_VALID=0 PPS_VALID=0     |
| Snapshot                     snapshot=0 stable=1 count=0 |
| PPS registers                CR=20000006 EN=0 ESCR=45002240 |
| PPS register validity        TM=0 PPS=0                  |
| Step5 result                 LOCK_ACQUIRED_NOT_STABLE    |
+------------------------------------------------------------+

Global Time summary (125 MHz reference; 1 cycle = 8 ns)
------------------------------------------------------------
  MASTER  (DE5_1-11.1)
    TAI=1265         CYCLES=124999999    VALID
  SLAVE   (DE5_1-11.2)
    TAI=--           CYCLES=--           WAITING (TIME_VALID=0, PPS_VALID=0)
------------------------------------------------------------
Dashboard read complete.
White Rabbit Step 1-6 dashboard  2026-09-30T15:44:39+08:00  (read-only)
Sampling interval: 10s; per-board comparison window: 2000ms

+------------------------------------------------------------+
| MASTER   DE5_1-11.1                                      |
+------------------------------------------------------------+
| Step 1  PHY / Link           PASS                        |
| Step 2  Endpoint / PTP       PASS                        |
| Step 3  WR Handshake         INFO                        |
| Step 4  SoftPLL Startup      PASS                        |
| Step 5  Closed-loop Lock     INFO                        |
| Step 6  Global Time          VALID                       |
+------------------------------------------------------------+
| Link health                  Link=1  TM=1  RX=1  TX=1 |
| Lock signals                 Helper=NA  MainFreq=NA  MainPhase=NA |
|                              MainLock=NA  PSTAT=NA             |
| Global-Time reason           PPS snapshot valid; Step6 gate passed |
| WR PTP servo state           NA                          |
| WR phase offset              NA ps                       |
| Global-Time validity         TIME_VALID=1 PPS_VALID=1     |
| Snapshot                     snapshot=1 stable=1 count=1276 |
| PPS registers                CR=20000006 EN=0 ESCR=1036  |
| PPS register validity        TM=1 PPS=1                  |
| Step5 result                 NOT_APPLICABLE_MASTER       |
+------------------------------------------------------------+
+------------------------------------------------------------+
| SLAVE    DE5_1-11.2                                      |
+------------------------------------------------------------+
| Step 1  PHY / Link           PASS                        |
| Step 2  Endpoint / PTP       PASS                        |
| Step 3  WR Handshake         PASS                        |
| Step 4  SoftPLL Startup      PASS                        |
| Step 5  Closed-loop Lock     INFO                        |
| Step 6  Global Time          WAITING                     |
+------------------------------------------------------------+
| Link health                  Link=1  TM=1  RX=1  TX=1 |
| Lock signals                 Helper=1  MainFreq=1  MainPhase=1 |
|                              MainLock=1  PSTAT=1             |
| Global-Time reason           PTP servo offset not yet <60 ps |
| WR PTP servo state           WAIT_OFFSET_STABLE          |
| WR phase offset              2342 ps (target |offset| <60 ps) |
| Global-Time validity         TIME_VALID=0 PPS_VALID=0     |
| Snapshot                     snapshot=0 stable=1 count=0 |
| PPS registers                CR=20000006 EN=0 ESCR=1024  |
| PPS register validity        TM=0 PPS=0                  |
| Step5 result                 LOCK_ACQUIRED_NOT_STABLE    |
+------------------------------------------------------------+

Global Time summary (125 MHz reference; 1 cycle = 8 ns)
------------------------------------------------------------
  MASTER  (DE5_1-11.1)
    TAI=1275         CYCLES=124999999    VALID
  SLAVE   (DE5_1-11.2)
    TAI=--           CYCLES=--           WAITING (TIME_VALID=0, PPS_VALID=0)
------------------------------------------------------------
Dashboard read complete.
White Rabbit Step 1-6 dashboard  2026-09-30T15:44:49+08:00  (read-only)
Sampling interval: 10s; per-board comparison window: 2000ms

+------------------------------------------------------------+
| MASTER   DE5_1-11.1                                      |
+------------------------------------------------------------+
| Step 1  PHY / Link           PASS                        |
| Step 2  Endpoint / PTP       PASS                        |
| Step 3  WR Handshake         INFO                        |
| Step 4  SoftPLL Startup      PASS                        |
| Step 5  Closed-loop Lock     INFO                        |
| Step 6  Global Time          VALID                       |
+------------------------------------------------------------+
| Link health                  Link=1  TM=1  RX=1  TX=1 |
| Lock signals                 Helper=NA  MainFreq=NA  MainPhase=NA |
|                              MainLock=NA  PSTAT=NA             |
| Global-Time reason           PPS snapshot valid; Step6 gate passed |
| WR PTP servo state           NA                          |
| WR phase offset              NA ps                       |
| Global-Time validity         TIME_VALID=1 PPS_VALID=1     |
| Snapshot                     snapshot=1 stable=1 count=1286 |
| PPS registers                CR=20000006 EN=0 ESCR=1292  |
| PPS register validity        TM=1 PPS=1                  |
| Step5 result                 NOT_APPLICABLE_MASTER       |
+------------------------------------------------------------+
+------------------------------------------------------------+
| SLAVE    DE5_1-11.2                                      |
+------------------------------------------------------------+
| Step 1  PHY / Link           PASS                        |
| Step 2  Endpoint / PTP       PASS                        |
| Step 3  WR Handshake         PASS                        |
| Step 4  SoftPLL Startup      PASS                        |
| Step 5  Closed-loop Lock     INFO                        |
| Step 6  Global Time          WAITING                     |
+------------------------------------------------------------+
| Link health                  Link=1  TM=1  RX=1  TX=1 |
| Lock signals                 Helper=1  MainFreq=1  MainPhase=1 |
|                              MainLock=1  PSTAT=1             |
| Global-Time reason           PTP servo offset not yet <60 ps |
| WR PTP servo state           WAIT_OFFSET_STABLE          |
| WR phase offset              -2411 ps (target |offset| <60 ps) |
| Global-Time validity         TIME_VALID=0 PPS_VALID=0     |
| Snapshot                     snapshot=0 stable=1 count=0 |
| PPS registers                CR=20000006 EN=0 ESCR=1280  |
| PPS register validity        TM=0 PPS=0                  |
| Step5 result                 LOCK_ACQUIRED_NOT_STABLE    |
+------------------------------------------------------------+

Global Time summary (125 MHz reference; 1 cycle = 8 ns)
------------------------------------------------------------
  MASTER  (DE5_1-11.1)
    TAI=1285         CYCLES=124999999    VALID
  SLAVE   (DE5_1-11.2)
    TAI=--           CYCLES=--           WAITING (TIME_VALID=0, PPS_VALID=0)
------------------------------------------------------------
Dashboard read complete.
White Rabbit Step 1-6 dashboard  2026-09-30T15:44:59+08:00  (read-only)
Sampling interval: 10s; per-board comparison window: 2000ms

+------------------------------------------------------------+
| MASTER   DE5_1-11.1                                      |
+------------------------------------------------------------+
| Step 1  PHY / Link           PASS                        |
| Step 2  Endpoint / PTP       PASS                        |
| Step 3  WR Handshake         INFO                        |
| Step 4  SoftPLL Startup      PASS                        |
| Step 5  Closed-loop Lock     INFO                        |
| Step 6  Global Time          VALID                       |
+------------------------------------------------------------+
| Link health                  Link=1  TM=1  RX=1  TX=1 |
| Lock signals                 Helper=NA  MainFreq=NA  MainPhase=NA |
|                              MainLock=NA  PSTAT=NA             |
| Global-Time reason           PPS snapshot valid; Step6 gate passed |
| WR PTP servo state           NA                          |
| WR phase offset              NA ps                       |
| Global-Time validity         TIME_VALID=1 PPS_VALID=1     |
| Snapshot                     snapshot=1 stable=1 count=1296 |
| PPS registers                CR=20000006 EN=0 ESCR=1292  |
| PPS register validity        TM=1 PPS=1                  |
| Step5 result                 NOT_APPLICABLE_MASTER       |
+------------------------------------------------------------+
+------------------------------------------------------------+
| SLAVE    DE5_1-11.2                                      |
+------------------------------------------------------------+
| Step 1  PHY / Link           PASS                        |
| Step 2  Endpoint / PTP       PASS                        |
| Step 3  WR Handshake         PASS                        |
| Step 4  SoftPLL Startup      PASS                        |
| Step 5  Closed-loop Lock     INFO                        |
| Step 6  Global Time          WAITING                     |
+------------------------------------------------------------+
| Link health                  Link=1  TM=1  RX=1  TX=1 |
| Lock signals                 Helper=1  MainFreq=1  MainPhase=1 |
|                              MainLock=1  PSTAT=1             |
| Global-Time reason           PTP servo offset not yet <60 ps |
| WR PTP servo state           WAIT_OFFSET_STABLE          |
| WR phase offset              2136 ps (target |offset| <60 ps) |
| Global-Time validity         TIME_VALID=0 PPS_VALID=0     |
| Snapshot                     snapshot=0 stable=1 count=0 |
| PPS registers                CR=20000006 EN=0 ESCR=1280  |
| PPS register validity        TM=0 PPS=0                  |
| Step5 result                 LOCK_ACQUIRED_NOT_STABLE    |
+------------------------------------------------------------+

Global Time summary (125 MHz reference; 1 cycle = 8 ns)
------------------------------------------------------------
  MASTER  (DE5_1-11.1)
    TAI=1295         CYCLES=124999999    VALID
  SLAVE   (DE5_1-11.2)
    TAI=--           CYCLES=--           WAITING (TIME_VALID=0, PPS_VALID=0)
------------------------------------------------------------
Dashboard read complete.
White Rabbit Step 1-6 dashboard  2026-09-30T15:45:09+08:00  (read-only)
Sampling interval: 10s; per-board comparison window: 2000ms

+------------------------------------------------------------+
| MASTER   DE5_1-11.1                                      |
+------------------------------------------------------------+
| Step 1  PHY / Link           PASS                        |
| Step 2  Endpoint / PTP       PASS                        |
| Step 3  WR Handshake         INFO                        |
| Step 4  SoftPLL Startup      PASS                        |
| Step 5  Closed-loop Lock     INFO                        |
| Step 6  Global Time          VALID                       |
+------------------------------------------------------------+
| Link health                  Link=1  TM=1  RX=1  TX=1 |
| Lock signals                 Helper=NA  MainFreq=NA  MainPhase=NA |
|                              MainLock=NA  PSTAT=NA             |
| Global-Time reason           PPS snapshot valid; Step6 gate passed |
| WR PTP servo state           NA                          |
| WR phase offset              NA ps                       |
| Global-Time validity         TIME_VALID=1 PPS_VALID=1     |
| Snapshot                     snapshot=1 stable=1 count=1306 |
| PPS registers                CR=20000006 EN=0 ESCR=1292  |
| PPS register validity        TM=1 PPS=1                  |
| Step5 result                 NOT_APPLICABLE_MASTER       |
+------------------------------------------------------------+
+------------------------------------------------------------+
| SLAVE    DE5_1-11.2                                      |
+------------------------------------------------------------+
| Step 1  PHY / Link           PASS                        |
| Step 2  Endpoint / PTP       PASS                        |
| Step 3  WR Handshake         PASS                        |
| Step 4  SoftPLL Startup      PASS                        |
| Step 5  Closed-loop Lock     INFO                        |
| Step 6  Global Time          WAITING                     |
+------------------------------------------------------------+
| Link health                  Link=1  TM=1  RX=1  TX=1 |
| Lock signals                 Helper=1  MainFreq=1  MainPhase=1 |
|                              MainLock=1  PSTAT=1             |
| Global-Time reason           PTP servo offset not yet <60 ps |
| WR PTP servo state           WAIT_OFFSET_STABLE          |
| WR phase offset              2815 ps (target |offset| <60 ps) |
| Global-Time validity         TIME_VALID=0 PPS_VALID=0     |
| Snapshot                     snapshot=0 stable=1 count=0 |
| PPS registers                CR=20000006 EN=0 ESCR=1280  |
| PPS register validity        TM=0 PPS=0                  |
| Step5 result                 LOCK_ACQUIRED_NOT_STABLE    |
+------------------------------------------------------------+

Global Time summary (125 MHz reference; 1 cycle = 8 ns)
------------------------------------------------------------
  MASTER  (DE5_1-11.1)
    TAI=1305         CYCLES=124999999    VALID
  SLAVE   (DE5_1-11.2)
    TAI=--           CYCLES=--           WAITING (TIME_VALID=0, PPS_VALID=0)
------------------------------------------------------------
Dashboard read complete.
White Rabbit Step 1-6 dashboard  2026-09-30T15:45:19+08:00  (read-only)
Sampling interval: 10s; per-board comparison window: 2000ms

+------------------------------------------------------------+
| MASTER   DE5_1-11.1                                      |
+------------------------------------------------------------+
| Step 1  PHY / Link           PASS                        |
| Step 2  Endpoint / PTP       PASS                        |
| Step 3  WR Handshake         INFO                        |
| Step 4  SoftPLL Startup      PASS                        |
| Step 5  Closed-loop Lock     INFO                        |
| Step 6  Global Time          VALID                       |
+------------------------------------------------------------+
| Link health                  Link=1  TM=1  RX=1  TX=1 |
| Lock signals                 Helper=NA  MainFreq=NA  MainPhase=NA |
|                              MainLock=NA  PSTAT=NA             |
| Global-Time reason           PPS snapshot valid; Step6 gate passed |
| WR PTP servo state           NA                          |
| WR phase offset              NA ps                       |
| Global-Time validity         TIME_VALID=1 PPS_VALID=1     |
| Snapshot                     snapshot=1 stable=1 count=1316 |
| PPS registers                CR=20000006 EN=0 ESCR=1292  |
| PPS register validity        TM=1 PPS=1                  |
| Step5 result                 NOT_APPLICABLE_MASTER       |
+------------------------------------------------------------+
+------------------------------------------------------------+
| SLAVE    DE5_1-11.2                                      |
+------------------------------------------------------------+
| Step 1  PHY / Link           PASS                        |
| Step 2  Endpoint / PTP       PASS                        |
| Step 3  WR Handshake         PASS                        |
| Step 4  SoftPLL Startup      PASS                        |
| Step 5  Closed-loop Lock     INFO                        |
| Step 6  Global Time          WAITING                     |
+------------------------------------------------------------+
| Link health                  Link=1  TM=1  RX=1  TX=1 |
| Lock signals                 Helper=1  MainFreq=1  MainPhase=1 |
|                              MainLock=1  PSTAT=1             |
| Global-Time reason           PTP servo offset not yet <60 ps |
| WR PTP servo state           WAIT_OFFSET_STABLE          |
| WR phase offset              -2072 ps (target |offset| <60 ps) |
| Global-Time validity         TIME_VALID=0 PPS_VALID=0     |
| Snapshot                     snapshot=0 stable=1 count=0 |
| PPS registers                CR=20000006 EN=0 ESCR=1280  |
| PPS register validity        TM=0 PPS=0                  |
| Step5 result                 LOCK_ACQUIRED_NOT_STABLE    |
+------------------------------------------------------------+

Global Time summary (125 MHz reference; 1 cycle = 8 ns)
------------------------------------------------------------
  MASTER  (DE5_1-11.1)
    TAI=1315         CYCLES=124999999    VALID
  SLAVE   (DE5_1-11.2)
    TAI=--           CYCLES=--           WAITING (TIME_VALID=0, PPS_VALID=0)
------------------------------------------------------------
Dashboard read complete.
White Rabbit Step 1-6 dashboard  2026-09-30T15:45:29+08:00  (read-only)
Sampling interval: 10s; per-board comparison window: 2000ms

+------------------------------------------------------------+
| MASTER   DE5_1-11.1                                      |
+------------------------------------------------------------+
| Step 1  PHY / Link           PASS                        |
| Step 2  Endpoint / PTP       PASS                        |
| Step 3  WR Handshake         INFO                        |
| Step 4  SoftPLL Startup      PASS                        |
| Step 5  Closed-loop Lock     INFO                        |
| Step 6  Global Time          VALID                       |
+------------------------------------------------------------+
| Link health                  Link=1  TM=1  RX=1  TX=1 |
| Lock signals                 Helper=NA  MainFreq=NA  MainPhase=NA |
|                              MainLock=NA  PSTAT=NA             |
| Global-Time reason           PPS snapshot valid; Step6 gate passed |
| WR PTP servo state           NA                          |
| WR phase offset              NA ps                       |
| Global-Time validity         TIME_VALID=1 PPS_VALID=1     |
| Snapshot                     snapshot=1 stable=1 count=1326 |
| PPS registers                CR=20000006 EN=0 ESCR=1292  |
| PPS register validity        TM=1 PPS=1                  |
| Step5 result                 NOT_APPLICABLE_MASTER       |
+------------------------------------------------------------+
+------------------------------------------------------------+
| SLAVE    DE5_1-11.2                                      |
+------------------------------------------------------------+
| Step 1  PHY / Link           PASS                        |
| Step 2  Endpoint / PTP       PASS                        |
| Step 3  WR Handshake         PASS                        |
| Step 4  SoftPLL Startup      PASS                        |
| Step 5  Closed-loop Lock     INFO                        |
| Step 6  Global Time          WAITING                     |
+------------------------------------------------------------+
| Link health                  Link=1  TM=1  RX=1  TX=1 |
| Lock signals                 Helper=1  MainFreq=1  MainPhase=1 |
|                              MainLock=1  PSTAT=1             |
| Global-Time reason           PTP servo offset not yet <60 ps |
| WR PTP servo state           WAIT_OFFSET_STABLE          |
| WR phase offset              2569 ps (target |offset| <60 ps) |
| Global-Time validity         TIME_VALID=0 PPS_VALID=0     |
| Snapshot                     snapshot=0 stable=1 count=0 |
| PPS registers                CR=20000006 EN=0 ESCR=1280  |
| PPS register validity        TM=0 PPS=0                  |
| Step5 result                 LOCK_ACQUIRED_NOT_STABLE    |
+------------------------------------------------------------+

Global Time summary (125 MHz reference; 1 cycle = 8 ns)
------------------------------------------------------------
  MASTER  (DE5_1-11.1)
    TAI=1325         CYCLES=124999999    VALID
  SLAVE   (DE5_1-11.2)
    TAI=--           CYCLES=--           WAITING (TIME_VALID=0, PPS_VALID=0)
------------------------------------------------------------
Dashboard read complete.
White Rabbit Step 1-6 dashboard  2026-09-30T15:45:39+08:00  (read-only)
Sampling interval: 10s; per-board comparison window: 2000ms

+------------------------------------------------------------+
| MASTER   DE5_1-11.1                                      |
+------------------------------------------------------------+
| Step 1  PHY / Link           PASS                        |
| Step 2  Endpoint / PTP       PASS                        |
| Step 3  WR Handshake         INFO                        |
| Step 4  SoftPLL Startup      PASS                        |
| Step 5  Closed-loop Lock     INFO                        |
| Step 6  Global Time          VALID                       |
+------------------------------------------------------------+
| Link health                  Link=1  TM=1  RX=1  TX=1 |
| Lock signals                 Helper=NA  MainFreq=NA  MainPhase=NA |
|                              MainLock=NA  PSTAT=NA             |
| Global-Time reason           PPS snapshot valid; Step6 gate passed |
| WR PTP servo state           NA                          |
| WR phase offset              NA ps                       |
| Global-Time validity         TIME_VALID=1 PPS_VALID=1     |
| Snapshot                     snapshot=1 stable=1 count=1336 |
| PPS registers                CR=20000006 EN=0 ESCR=1292  |
| PPS register validity        TM=1 PPS=1                  |
| Step5 result                 NOT_APPLICABLE_MASTER       |
+------------------------------------------------------------+
+------------------------------------------------------------+
| SLAVE    DE5_1-11.2                                      |
+------------------------------------------------------------+
| Step 1  PHY / Link           PASS                        |
| Step 2  Endpoint / PTP       PASS                        |
| Step 3  WR Handshake         PASS                        |
| Step 4  SoftPLL Startup      PASS                        |
| Step 5  Closed-loop Lock     INFO                        |
| Step 6  Global Time          WAITING                     |
+------------------------------------------------------------+
| Link health                  Link=1  TM=1  RX=1  TX=1 |
| Lock signals                 Helper=1  MainFreq=1  MainPhase=1 |
|                              MainLock=1  PSTAT=1             |
| Global-Time reason           PTP servo offset not yet <60 ps |
| WR PTP servo state           WAIT_OFFSET_STABLE          |
| WR phase offset              2452 ps (target |offset| <60 ps) |
| Global-Time validity         TIME_VALID=0 PPS_VALID=0     |
| Snapshot                     snapshot=0 stable=1 count=0 |
| PPS registers                CR=20000006 EN=0 ESCR=1280  |
| PPS register validity        TM=0 PPS=0                  |
| Step5 result                 LOCK_ACQUIRED_NOT_STABLE    |
+------------------------------------------------------------+

Global Time summary (125 MHz reference; 1 cycle = 8 ns)
------------------------------------------------------------
  MASTER  (DE5_1-11.1)
    TAI=1335         CYCLES=124999999    VALID
  SLAVE   (DE5_1-11.2)
    TAI=--           CYCLES=--           WAITING (TIME_VALID=0, PPS_VALID=0)
------------------------------------------------------------
Dashboard read complete.
White Rabbit Step 1-6 dashboard  2026-09-30T15:45:49+08:00  (read-only)
Sampling interval: 10s; per-board comparison window: 2000ms

+------------------------------------------------------------+
| MASTER   DE5_1-11.1                                      |
+------------------------------------------------------------+
| Step 1  PHY / Link           PASS                        |
| Step 2  Endpoint / PTP       PASS                        |
| Step 3  WR Handshake         INFO                        |
| Step 4  SoftPLL Startup      PASS                        |
| Step 5  Closed-loop Lock     INFO                        |
| Step 6  Global Time          VALID                       |
+------------------------------------------------------------+
| Link health                  Link=1  TM=1  RX=1  TX=1 |
| Lock signals                 Helper=NA  MainFreq=NA  MainPhase=NA |
|                              MainLock=NA  PSTAT=NA             |
| Global-Time reason           PPS snapshot valid; Step6 gate passed |
| WR PTP servo state           NA                          |
| WR phase offset              NA ps                       |
| Global-Time validity         TIME_VALID=1 PPS_VALID=1     |
| Snapshot                     snapshot=1 stable=1 count=1346 |
| PPS registers                CR=20000006 EN=0 ESCR=1292  |
| PPS register validity        TM=1 PPS=1                  |
| Step5 result                 NOT_APPLICABLE_MASTER       |
+------------------------------------------------------------+
+------------------------------------------------------------+
| SLAVE    DE5_1-11.2                                      |
+------------------------------------------------------------+
| Step 1  PHY / Link           PASS                        |
| Step 2  Endpoint / PTP       PASS                        |
| Step 3  WR Handshake         PASS                        |
| Step 4  SoftPLL Startup      PASS                        |
| Step 5  Closed-loop Lock     INFO                        |
| Step 6  Global Time          WAITING                     |
+------------------------------------------------------------+
| Link health                  Link=1  TM=1  RX=1  TX=1 |
| Lock signals                 Helper=1  MainFreq=1  MainPhase=1 |
|                              MainLock=1  PSTAT=1             |
| Global-Time reason           PTP servo offset not yet <60 ps |
| WR PTP servo state           SYNC_PHASE                  |
| WR phase offset              -1909 ps (target |offset| <60 ps) |
| Global-Time validity         TIME_VALID=0 PPS_VALID=0     |
| Snapshot                     snapshot=0 stable=1 count=0 |
| PPS registers                CR=20000006 EN=0 ESCR=1280  |
| PPS register validity        TM=0 PPS=0                  |
| Step5 result                 LOCK_ACQUIRED_NOT_STABLE    |
+------------------------------------------------------------+

Global Time summary (125 MHz reference; 1 cycle = 8 ns)
------------------------------------------------------------
  MASTER  (DE5_1-11.1)
    TAI=1345         CYCLES=124999999    VALID
  SLAVE   (DE5_1-11.2)
    TAI=--           CYCLES=--           WAITING (TIME_VALID=0, PPS_VALID=0)
------------------------------------------------------------
Dashboard read complete.
White Rabbit Step 1-6 dashboard  2026-09-30T15:45:59+08:00  (read-only)
Sampling interval: 10s; per-board comparison window: 2000ms

+------------------------------------------------------------+
| MASTER   DE5_1-11.1                                      |
+------------------------------------------------------------+
| Step 1  PHY / Link           PASS                        |
| Step 2  Endpoint / PTP       PASS                        |
| Step 3  WR Handshake         INFO                        |
| Step 4  SoftPLL Startup      PASS                        |
| Step 5  Closed-loop Lock     INFO                        |
| Step 6  Global Time          VALID                       |
+------------------------------------------------------------+
| Link health                  Link=1  TM=1  RX=1  TX=1 |
| Lock signals                 Helper=NA  MainFreq=NA  MainPhase=NA |
|                              MainLock=NA  PSTAT=NA             |
| Global-Time reason           PPS snapshot valid; Step6 gate passed |
| WR PTP servo state           NA                          |
| WR phase offset              NA ps                       |
| Global-Time validity         TIME_VALID=1 PPS_VALID=1     |
| Snapshot                     snapshot=1 stable=1 count=1356 |
| PPS registers                CR=20000006 EN=0 ESCR=1292  |
| PPS register validity        TM=1 PPS=1                  |
| Step5 result                 NOT_APPLICABLE_MASTER       |
+------------------------------------------------------------+
+------------------------------------------------------------+
| SLAVE    DE5_1-11.2                                      |
+------------------------------------------------------------+
| Step 1  PHY / Link           PASS                        |
| Step 2  Endpoint / PTP       PASS                        |
| Step 3  WR Handshake         PASS                        |
| Step 4  SoftPLL Startup      PASS                        |
| Step 5  Closed-loop Lock     INFO                        |
| Step 6  Global Time          WAITING                     |
+------------------------------------------------------------+
| Link health                  Link=1  TM=1  RX=1  TX=1 |
| Lock signals                 Helper=1  MainFreq=1  MainPhase=1 |
|                              MainLock=1  PSTAT=1             |
| Global-Time reason           PTP servo offset not yet <60 ps |
| WR PTP servo state           WAIT_OFFSET_STABLE          |
| WR phase offset              2491 ps (target |offset| <60 ps) |
| Global-Time validity         TIME_VALID=0 PPS_VALID=0     |
| Snapshot                     snapshot=0 stable=1 count=0 |
| PPS registers                CR=20000006 EN=0 ESCR=1280  |
| PPS register validity        TM=0 PPS=0                  |
| Step5 result                 LOCK_ACQUIRED_NOT_STABLE    |
+------------------------------------------------------------+

Global Time summary (125 MHz reference; 1 cycle = 8 ns)
------------------------------------------------------------
  MASTER  (DE5_1-11.1)
    TAI=1355         CYCLES=124999999    VALID
  SLAVE   (DE5_1-11.2)
    TAI=--           CYCLES=--           WAITING (TIME_VALID=0, PPS_VALID=0)
------------------------------------------------------------
Dashboard read complete.
White Rabbit Step 1-6 dashboard  2026-09-30T15:46:09+08:00  (read-only)
Sampling interval: 10s; per-board comparison window: 2000ms

+------------------------------------------------------------+
| MASTER   DE5_1-11.1                                      |
+------------------------------------------------------------+
| Step 1  PHY / Link           PASS                        |
| Step 2  Endpoint / PTP       PASS                        |
| Step 3  WR Handshake         INFO                        |
| Step 4  SoftPLL Startup      PASS                        |
| Step 5  Closed-loop Lock     INFO                        |
| Step 6  Global Time          VALID                       |
+------------------------------------------------------------+
| Link health                  Link=1  TM=1  RX=1  TX=1 |
| Lock signals                 Helper=NA  MainFreq=NA  MainPhase=NA |
|                              MainLock=NA  PSTAT=NA             |
| Global-Time reason           PPS snapshot valid; Step6 gate passed |
| WR PTP servo state           NA                          |
| WR phase offset              NA ps                       |
| Global-Time validity         TIME_VALID=1 PPS_VALID=1     |
| Snapshot                     snapshot=1 stable=1 count=1366 |
| PPS registers                CR=20000006 EN=0 ESCR=1292  |
| PPS register validity        TM=1 PPS=1                  |
| Step5 result                 NOT_APPLICABLE_MASTER       |
+------------------------------------------------------------+
+------------------------------------------------------------+
| SLAVE    DE5_1-11.2                                      |
+------------------------------------------------------------+
| Step 1  PHY / Link           PASS                        |
| Step 2  Endpoint / PTP       PASS                        |
| Step 3  WR Handshake         PASS                        |
| Step 4  SoftPLL Startup      PASS                        |
| Step 5  Closed-loop Lock     INFO                        |
| Step 6  Global Time          WAITING                     |
+------------------------------------------------------------+
| Link health                  Link=1  TM=1  RX=1  TX=1 |
| Lock signals                 Helper=1  MainFreq=1  MainPhase=1 |
|                              MainLock=1  PSTAT=1             |
| Global-Time reason           PTP servo offset not yet <60 ps |
| WR PTP servo state           WAIT_OFFSET_STABLE          |
| WR phase offset              -2158 ps (target |offset| <60 ps) |
| Global-Time validity         TIME_VALID=0 PPS_VALID=0     |
| Snapshot                     snapshot=0 stable=1 count=0 |
| PPS registers                CR=20000006 EN=0 ESCR=1280  |
| PPS register validity        TM=0 PPS=0                  |
| Step5 result                 LOCK_ACQUIRED_NOT_STABLE    |
+------------------------------------------------------------+

Global Time summary (125 MHz reference; 1 cycle = 8 ns)
------------------------------------------------------------
  MASTER  (DE5_1-11.1)
    TAI=1365         CYCLES=124999999    VALID
  SLAVE   (DE5_1-11.2)
    TAI=--           CYCLES=--           WAITING (TIME_VALID=0, PPS_VALID=0)
------------------------------------------------------------
Dashboard read complete.
White Rabbit Step 1-6 dashboard  2026-09-30T15:46:19+08:00  (read-only)
Sampling interval: 10s; per-board comparison window: 2000ms

+------------------------------------------------------------+
| MASTER   DE5_1-11.1                                      |
+------------------------------------------------------------+
| Step 1  PHY / Link           PASS                        |
| Step 2  Endpoint / PTP       PASS                        |
| Step 3  WR Handshake         INFO                        |
| Step 4  SoftPLL Startup      PASS                        |
| Step 5  Closed-loop Lock     INFO                        |
| Step 6  Global Time          VALID                       |
+------------------------------------------------------------+
| Link health                  Link=1  TM=1  RX=1  TX=1 |
| Lock signals                 Helper=NA  MainFreq=NA  MainPhase=NA |
|                              MainLock=NA  PSTAT=NA             |
| Global-Time reason           PPS snapshot valid; Step6 gate passed |
| WR PTP servo state           NA                          |
| WR phase offset              NA ps                       |
| Global-Time validity         TIME_VALID=1 PPS_VALID=1     |
| Snapshot                     snapshot=1 stable=1 count=1376 |
| PPS registers                CR=20000006 EN=0 ESCR=1292  |
| PPS register validity        TM=1 PPS=1                  |
| Step5 result                 NOT_APPLICABLE_MASTER       |
+------------------------------------------------------------+
+------------------------------------------------------------+
| SLAVE    DE5_1-11.2                                      |
+------------------------------------------------------------+
| Step 1  PHY / Link           PASS                        |
| Step 2  Endpoint / PTP       PASS                        |
| Step 3  WR Handshake         PASS                        |
| Step 4  SoftPLL Startup      PASS                        |
| Step 5  Closed-loop Lock     INFO                        |
| Step 6  Global Time          WAITING                     |
+------------------------------------------------------------+
| Link health                  Link=1  TM=1  RX=1  TX=1 |
| Lock signals                 Helper=1  MainFreq=1  MainPhase=1 |
|                              MainLock=1  PSTAT=1             |
| Global-Time reason           PTP servo offset not yet <60 ps |
| WR PTP servo state           WAIT_OFFSET_STABLE          |
| WR phase offset              2364 ps (target |offset| <60 ps) |
| Global-Time validity         TIME_VALID=0 PPS_VALID=0     |
| Snapshot                     snapshot=0 stable=1 count=0 |
| PPS registers                CR=20000006 EN=0 ESCR=1280  |
| PPS register validity        TM=0 PPS=0                  |
| Step5 result                 LOCK_ACQUIRED_NOT_STABLE    |
+------------------------------------------------------------+

Global Time summary (125 MHz reference; 1 cycle = 8 ns)
------------------------------------------------------------
  MASTER  (DE5_1-11.1)
    TAI=1375         CYCLES=124999999    VALID
  SLAVE   (DE5_1-11.2)
    TAI=--           CYCLES=--           WAITING (TIME_VALID=0, PPS_VALID=0)
------------------------------------------------------------
Dashboard read complete.
White Rabbit Step 1-6 dashboard  2026-09-30T15:46:29+08:00  (read-only)
Sampling interval: 10s; per-board comparison window: 2000ms

+------------------------------------------------------------+
| MASTER   DE5_1-11.1                                      |
+------------------------------------------------------------+
| Step 1  PHY / Link           PASS                        |
| Step 2  Endpoint / PTP       PASS                        |
| Step 3  WR Handshake         INFO                        |
| Step 4  SoftPLL Startup      PASS                        |
| Step 5  Closed-loop Lock     INFO                        |
| Step 6  Global Time          VALID                       |
+------------------------------------------------------------+
| Link health                  Link=1  TM=1  RX=1  TX=1 |
| Lock signals                 Helper=NA  MainFreq=NA  MainPhase=NA |
|                              MainLock=NA  PSTAT=NA             |
| Global-Time reason           PPS snapshot valid; Step6 gate passed |
| WR PTP servo state           NA                          |
| WR phase offset              NA ps                       |
| Global-Time validity         TIME_VALID=1 PPS_VALID=1     |
| Snapshot                     snapshot=1 stable=1 count=1386 |
| PPS registers                CR=20000006 EN=0 ESCR=1292  |
| PPS register validity        TM=1 PPS=1                  |
| Step5 result                 NOT_APPLICABLE_MASTER       |
+------------------------------------------------------------+
+------------------------------------------------------------+
| SLAVE    DE5_1-11.2                                      |
+------------------------------------------------------------+
| Step 1  PHY / Link           PASS                        |
| Step 2  Endpoint / PTP       PASS                        |
| Step 3  WR Handshake         PASS                        |
| Step 4  SoftPLL Startup      PASS                        |
| Step 5  Closed-loop Lock     INFO                        |
| Step 6  Global Time          WAITING                     |
+------------------------------------------------------------+
| Link health                  Link=1  TM=1  RX=1  TX=1 |
| Lock signals                 Helper=1  MainFreq=1  MainPhase=1 |
|                              MainLock=1  PSTAT=1             |
| Global-Time reason           PTP servo offset not yet <60 ps |
| WR PTP servo state           WAIT_OFFSET_STABLE          |
| WR phase offset              -2083 ps (target |offset| <60 ps) |
| Global-Time validity         TIME_VALID=0 PPS_VALID=0     |
| Snapshot                     snapshot=0 stable=1 count=0 |
| PPS registers                CR=20000006 EN=0 ESCR=1280  |
| PPS register validity        TM=0 PPS=0                  |
| Step5 result                 LOCK_ACQUIRED_NOT_STABLE    |
+------------------------------------------------------------+

Global Time summary (125 MHz reference; 1 cycle = 8 ns)
------------------------------------------------------------
  MASTER  (DE5_1-11.1)
    TAI=1385         CYCLES=124999999    VALID
  SLAVE   (DE5_1-11.2)
    TAI=--           CYCLES=--           WAITING (TIME_VALID=0, PPS_VALID=0)
------------------------------------------------------------
Dashboard read complete.
White Rabbit Step 1-6 dashboard  2026-09-30T15:46:39+08:00  (read-only)
Sampling interval: 10s; per-board comparison window: 2000ms

+------------------------------------------------------------+
| MASTER   DE5_1-11.1                                      |
+------------------------------------------------------------+
| Step 1  PHY / Link           PASS                        |
| Step 2  Endpoint / PTP       PASS                        |
| Step 3  WR Handshake         INFO                        |
| Step 4  SoftPLL Startup      PASS                        |
| Step 5  Closed-loop Lock     INFO                        |
| Step 6  Global Time          VALID                       |
+------------------------------------------------------------+
| Link health                  Link=1  TM=1  RX=1  TX=1 |
| Lock signals                 Helper=NA  MainFreq=NA  MainPhase=NA |
|                              MainLock=NA  PSTAT=NA             |
| Global-Time reason           PPS snapshot valid; Step6 gate passed |
| WR PTP servo state           NA                          |
| WR phase offset              NA ps                       |
| Global-Time validity         TIME_VALID=1 PPS_VALID=1     |
| Snapshot                     snapshot=1 stable=1 count=1396 |
| PPS registers                CR=20000006 EN=0 ESCR=1292  |
| PPS register validity        TM=1 PPS=1                  |
| Step5 result                 NOT_APPLICABLE_MASTER       |
+------------------------------------------------------------+
+------------------------------------------------------------+
| SLAVE    DE5_1-11.2                                      |
+------------------------------------------------------------+
| Step 1  PHY / Link           PASS                        |
| Step 2  Endpoint / PTP       PASS                        |
| Step 3  WR Handshake         PASS                        |
| Step 4  SoftPLL Startup      PASS                        |
| Step 5  Closed-loop Lock     INFO                        |
| Step 6  Global Time          WAITING                     |
+------------------------------------------------------------+
| Link health                  Link=1  TM=1  RX=1  TX=1 |
| Lock signals                 Helper=1  MainFreq=1  MainPhase=1 |
|                              MainLock=1  PSTAT=1             |
| Global-Time reason           PTP servo offset not yet <60 ps |
| WR PTP servo state           WAIT_OFFSET_STABLE          |
| WR phase offset              2455 ps (target |offset| <60 ps) |
| Global-Time validity         TIME_VALID=0 PPS_VALID=0     |
| Snapshot                     snapshot=0 stable=1 count=0 |
| PPS registers                CR=20000006 EN=0 ESCR=1280  |
| PPS register validity        TM=0 PPS=0                  |
| Step5 result                 LOCK_ACQUIRED_NOT_STABLE    |
+------------------------------------------------------------+

Global Time summary (125 MHz reference; 1 cycle = 8 ns)
------------------------------------------------------------
  MASTER  (DE5_1-11.1)
    TAI=1395         CYCLES=124999999    VALID
  SLAVE   (DE5_1-11.2)
    TAI=--           CYCLES=--           WAITING (TIME_VALID=0, PPS_VALID=0)
------------------------------------------------------------
Dashboard read complete.
White Rabbit Step 1-6 dashboard  2026-09-30T15:46:49+08:00  (read-only)
Sampling interval: 10s; per-board comparison window: 2000ms

+------------------------------------------------------------+
| MASTER   DE5_1-11.1                                      |
+------------------------------------------------------------+
| Step 1  PHY / Link           PASS                        |
| Step 2  Endpoint / PTP       PASS                        |
| Step 3  WR Handshake         INFO                        |
| Step 4  SoftPLL Startup      PASS                        |
| Step 5  Closed-loop Lock     INFO                        |
| Step 6  Global Time          VALID                       |
+------------------------------------------------------------+
| Link health                  Link=1  TM=1  RX=1  TX=1 |
| Lock signals                 Helper=NA  MainFreq=NA  MainPhase=NA |
|                              MainLock=NA  PSTAT=NA             |
| Global-Time reason           PPS snapshot valid; Step6 gate passed |
| WR PTP servo state           NA                          |
| WR phase offset              NA ps                       |
| Global-Time validity         TIME_VALID=1 PPS_VALID=1     |
| Snapshot                     snapshot=1 stable=1 count=1406 |
| PPS registers                CR=20000006 EN=0 ESCR=1292  |
| PPS register validity        TM=1 PPS=1                  |
| Step5 result                 NOT_APPLICABLE_MASTER       |
+------------------------------------------------------------+
+------------------------------------------------------------+
| SLAVE    DE5_1-11.2                                      |
+------------------------------------------------------------+
| Step 1  PHY / Link           PASS                        |
| Step 2  Endpoint / PTP       PASS                        |
| Step 3  WR Handshake         PASS                        |
| Step 4  SoftPLL Startup      PASS                        |
| Step 5  Closed-loop Lock     INFO                        |
| Step 6  Global Time          WAITING                     |
+------------------------------------------------------------+
| Link health                  Link=1  TM=1  RX=1  TX=1 |
| Lock signals                 Helper=1  MainFreq=1  MainPhase=1 |
|                              MainLock=1  PSTAT=1             |
| Global-Time reason           PTP servo offset not yet <60 ps |
| WR PTP servo state           WAIT_OFFSET_STABLE          |
| WR phase offset              -2101 ps (target |offset| <60 ps) |
| Global-Time validity         TIME_VALID=0 PPS_VALID=0     |
| Snapshot                     snapshot=0 stable=1 count=0 |
| PPS registers                CR=20000006 EN=0 ESCR=1280  |
| PPS register validity        TM=0 PPS=0                  |
| Step5 result                 LOCK_ACQUIRED_NOT_STABLE    |
+------------------------------------------------------------+

Global Time summary (125 MHz reference; 1 cycle = 8 ns)
------------------------------------------------------------
  MASTER  (DE5_1-11.1)
    TAI=1405         CYCLES=124999999    VALID
  SLAVE   (DE5_1-11.2)
    TAI=--           CYCLES=--           WAITING (TIME_VALID=0, PPS_VALID=0)
------------------------------------------------------------
Dashboard read complete.
White Rabbit Step 1-6 dashboard  2026-09-30T15:46:59+08:00  (read-only)
Sampling interval: 10s; per-board comparison window: 2000ms

+------------------------------------------------------------+
| MASTER   DE5_1-11.1                                      |
+------------------------------------------------------------+
| Step 1  PHY / Link           PASS                        |
| Step 2  Endpoint / PTP       PASS                        |
| Step 3  WR Handshake         INFO                        |
| Step 4  SoftPLL Startup      PASS                        |
| Step 5  Closed-loop Lock     INFO                        |
| Step 6  Global Time          VALID                       |
+------------------------------------------------------------+
| Link health                  Link=1  TM=1  RX=1  TX=1 |
| Lock signals                 Helper=NA  MainFreq=NA  MainPhase=NA |
|                              MainLock=NA  PSTAT=NA             |
| Global-Time reason           PPS snapshot valid; Step6 gate passed |
| WR PTP servo state           NA                          |
| WR phase offset              NA ps                       |
| Global-Time validity         TIME_VALID=1 PPS_VALID=1     |
| Snapshot                     snapshot=1 stable=1 count=1416 |
| PPS registers                CR=20000006 EN=0 ESCR=1292  |
| PPS register validity        TM=1 PPS=1                  |
| Step5 result                 NOT_APPLICABLE_MASTER       |
+------------------------------------------------------------+
+------------------------------------------------------------+
| SLAVE    DE5_1-11.2                                      |
+------------------------------------------------------------+
| Step 1  PHY / Link           PASS                        |
| Step 2  Endpoint / PTP       PASS                        |
| Step 3  WR Handshake         PASS                        |
| Step 4  SoftPLL Startup      PASS                        |
| Step 5  Closed-loop Lock     INFO                        |
| Step 6  Global Time          WAITING                     |
+------------------------------------------------------------+
| Link health                  Link=1  TM=1  RX=1  TX=1 |
| Lock signals                 Helper=1  MainFreq=1  MainPhase=1 |
|                              MainLock=1  PSTAT=1             |
| Global-Time reason           PTP servo offset not yet <60 ps |
| WR PTP servo state           WAIT_OFFSET_STABLE          |
| WR phase offset              2033 ps (target |offset| <60 ps) |
| Global-Time validity         TIME_VALID=0 PPS_VALID=0     |
| Snapshot                     snapshot=0 stable=1 count=0 |
| PPS registers                CR=20000006 EN=0 ESCR=1280  |
| PPS register validity        TM=0 PPS=0                  |
| Step5 result                 LOCK_ACQUIRED_NOT_STABLE    |
+------------------------------------------------------------+

Global Time summary (125 MHz reference; 1 cycle = 8 ns)
------------------------------------------------------------
  MASTER  (DE5_1-11.1)
    TAI=1415         CYCLES=124999999    VALID
  SLAVE   (DE5_1-11.2)
    TAI=--           CYCLES=--           WAITING (TIME_VALID=0, PPS_VALID=0)
------------------------------------------------------------
Dashboard read complete.
White Rabbit Step 1-6 dashboard  2026-09-30T15:47:09+08:00  (read-only)
Sampling interval: 10s; per-board comparison window: 2000ms

+------------------------------------------------------------+
| MASTER   DE5_1-11.1                                      |
+------------------------------------------------------------+
| Step 1  PHY / Link           PASS                        |
| Step 2  Endpoint / PTP       PASS                        |
| Step 3  WR Handshake         INFO                        |
| Step 4  SoftPLL Startup      PASS                        |
| Step 5  Closed-loop Lock     INFO                        |
| Step 6  Global Time          VALID                       |
+------------------------------------------------------------+
| Link health                  Link=1  TM=1  RX=1  TX=1 |
| Lock signals                 Helper=NA  MainFreq=NA  MainPhase=NA |
|                              MainLock=NA  PSTAT=NA             |
| Global-Time reason           PPS snapshot valid; Step6 gate passed |
| WR PTP servo state           NA                          |
| WR phase offset              NA ps                       |
| Global-Time validity         TIME_VALID=1 PPS_VALID=1     |
| Snapshot                     snapshot=1 stable=1 count=1426 |
| PPS registers                CR=20000006 EN=0 ESCR=12747404 |
| PPS register validity        TM=1 PPS=1                  |
| Step5 result                 NOT_APPLICABLE_MASTER       |
+------------------------------------------------------------+
+------------------------------------------------------------+
| SLAVE    DE5_1-11.2                                      |
+------------------------------------------------------------+
| Step 1  PHY / Link           PASS                        |
| Step 2  Endpoint / PTP       PASS                        |
| Step 3  WR Handshake         PASS                        |
| Step 4  SoftPLL Startup      PASS                        |
| Step 5  Closed-loop Lock     INFO                        |
| Step 6  Global Time          WAITING                     |
+------------------------------------------------------------+
| Link health                  Link=1  TM=1  RX=1  TX=1 |
| Lock signals                 Helper=1  MainFreq=1  MainPhase=1 |
|                              MainLock=1  PSTAT=1             |
| Global-Time reason           PTP servo offset not yet <60 ps |
| WR PTP servo state           SYNC_PHASE                  |
| WR phase offset              -1707 ps (target |offset| <60 ps) |
| Global-Time validity         TIME_VALID=0 PPS_VALID=0     |
| Snapshot                     snapshot=0 stable=1 count=0 |
| PPS registers                CR=20000006 EN=0 ESCR=1280  |
| PPS register validity        TM=0 PPS=0                  |
| Step5 result                 LOCK_ACQUIRED_NOT_STABLE    |
+------------------------------------------------------------+

Global Time summary (125 MHz reference; 1 cycle = 8 ns)
------------------------------------------------------------
  MASTER  (DE5_1-11.1)
    TAI=1425         CYCLES=124999999    VALID
  SLAVE   (DE5_1-11.2)
    TAI=--           CYCLES=--           WAITING (TIME_VALID=0, PPS_VALID=0)
------------------------------------------------------------
Dashboard read complete.
White Rabbit Step 1-6 dashboard  2026-09-30T15:47:19+08:00  (read-only)
Sampling interval: 10s; per-board comparison window: 2000ms

+------------------------------------------------------------+
| MASTER   DE5_1-11.1                                      |
+------------------------------------------------------------+
| Step 1  PHY / Link           PASS                        |
| Step 2  Endpoint / PTP       PASS                        |
| Step 3  WR Handshake         INFO                        |
| Step 4  SoftPLL Startup      PASS                        |
| Step 5  Closed-loop Lock     INFO                        |
| Step 6  Global Time          VALID                       |
+------------------------------------------------------------+
| Link health                  Link=1  TM=1  RX=1  TX=1 |
| Lock signals                 Helper=NA  MainFreq=NA  MainPhase=NA |
|                              MainLock=NA  PSTAT=NA             |
| Global-Time reason           PPS snapshot valid; Step6 gate passed |
| WR PTP servo state           NA                          |
| WR phase offset              NA ps                       |
| Global-Time validity         TIME_VALID=1 PPS_VALID=1     |
| Snapshot                     snapshot=1 stable=1 count=1436 |
| PPS registers                CR=20000006 EN=0 ESCR=1420  |
| PPS register validity        TM=1 PPS=1                  |
| Step5 result                 NOT_APPLICABLE_MASTER       |
+------------------------------------------------------------+
+------------------------------------------------------------+
| SLAVE    DE5_1-11.2                                      |
+------------------------------------------------------------+
| Step 1  PHY / Link           PASS                        |
| Step 2  Endpoint / PTP       PASS                        |
| Step 3  WR Handshake         PASS                        |
| Step 4  SoftPLL Startup      PASS                        |
| Step 5  Closed-loop Lock     INFO                        |
| Step 6  Global Time          WAITING                     |
+------------------------------------------------------------+
| Link health                  Link=1  TM=1  RX=1  TX=1 |
| Lock signals                 Helper=1  MainFreq=1  MainPhase=1 |
|                              MainLock=1  PSTAT=1             |
| Global-Time reason           PTP servo offset not yet <60 ps |
| WR PTP servo state           WAIT_OFFSET_STABLE          |
| WR phase offset              -2214 ps (target |offset| <60 ps) |
| Global-Time validity         TIME_VALID=0 PPS_VALID=0     |
| Snapshot                     snapshot=0 stable=1 count=0 |
| PPS registers                CR=20000006 EN=0 ESCR=1280  |
| PPS register validity        TM=0 PPS=0                  |
| Step5 result                 LOCK_ACQUIRED_NOT_STABLE    |
+------------------------------------------------------------+

Global Time summary (125 MHz reference; 1 cycle = 8 ns)
------------------------------------------------------------
  MASTER  (DE5_1-11.1)
    TAI=1435         CYCLES=124999999    VALID
  SLAVE   (DE5_1-11.2)
    TAI=--           CYCLES=--           WAITING (TIME_VALID=0, PPS_VALID=0)
------------------------------------------------------------
Dashboard read complete.
White Rabbit Step 1-6 dashboard  2026-09-30T15:47:29+08:00  (read-only)
Sampling interval: 10s; per-board comparison window: 2000ms

+------------------------------------------------------------+
| MASTER   DE5_1-11.1                                      |
+------------------------------------------------------------+
| Step 1  PHY / Link           PASS                        |
| Step 2  Endpoint / PTP       PASS                        |
| Step 3  WR Handshake         INFO                        |
| Step 4  SoftPLL Startup      PASS                        |
| Step 5  Closed-loop Lock     INFO                        |
| Step 6  Global Time          VALID                       |
+------------------------------------------------------------+
| Link health                  Link=1  TM=1  RX=1  TX=1 |
| Lock signals                 Helper=NA  MainFreq=NA  MainPhase=NA |
|                              MainLock=NA  PSTAT=NA             |
| Global-Time reason           PPS snapshot valid; Step6 gate passed |
| WR PTP servo state           NA                          |
| WR phase offset              NA ps                       |
| Global-Time validity         TIME_VALID=1 PPS_VALID=1     |
| Snapshot                     snapshot=1 stable=1 count=1446 |
| PPS registers                CR=20000006 EN=0 ESCR=1292  |
| PPS register validity        TM=1 PPS=1                  |
| Step5 result                 NOT_APPLICABLE_MASTER       |
+------------------------------------------------------------+
+------------------------------------------------------------+
| SLAVE    DE5_1-11.2                                      |
+------------------------------------------------------------+
| Step 1  PHY / Link           PASS                        |
| Step 2  Endpoint / PTP       PASS                        |
| Step 3  WR Handshake         PASS                        |
| Step 4  SoftPLL Startup      PASS                        |
| Step 5  Closed-loop Lock     INFO                        |
| Step 6  Global Time          WAITING                     |
+------------------------------------------------------------+
| Link health                  Link=1  TM=1  RX=1  TX=1 |
| Lock signals                 Helper=1  MainFreq=1  MainPhase=1 |
|                              MainLock=1  PSTAT=1             |
| Global-Time reason           PTP servo offset not yet <60 ps |
| WR PTP servo state           WAIT_OFFSET_STABLE          |
| WR phase offset              -1689 ps (target |offset| <60 ps) |
| Global-Time validity         TIME_VALID=0 PPS_VALID=0     |
| Snapshot                     snapshot=0 stable=1 count=0 |
| PPS registers                CR=20000006 EN=0 ESCR=1280  |
| PPS register validity        TM=0 PPS=0                  |
| Step5 result                 LOCK_ACQUIRED_NOT_STABLE    |
+------------------------------------------------------------+

Global Time summary (125 MHz reference; 1 cycle = 8 ns)
------------------------------------------------------------
  MASTER  (DE5_1-11.1)
    TAI=1445         CYCLES=124999999    VALID
  SLAVE   (DE5_1-11.2)
    TAI=--           CYCLES=--           WAITING (TIME_VALID=0, PPS_VALID=0)
------------------------------------------------------------
Dashboard read complete.
White Rabbit Step 1-6 dashboard  2026-09-30T15:47:39+08:00  (read-only)
Sampling interval: 10s; per-board comparison window: 2000ms

+------------------------------------------------------------+
| MASTER   DE5_1-11.1                                      |
+------------------------------------------------------------+
| Step 1  PHY / Link           PASS                        |
| Step 2  Endpoint / PTP       PASS                        |
| Step 3  WR Handshake         INFO                        |
| Step 4  SoftPLL Startup      PASS                        |
| Step 5  Closed-loop Lock     INFO                        |
| Step 6  Global Time          VALID                       |
+------------------------------------------------------------+
| Link health                  Link=1  TM=1  RX=1  TX=1 |
| Lock signals                 Helper=NA  MainFreq=NA  MainPhase=NA |
|                              MainLock=NA  PSTAT=NA             |
| Global-Time reason           PPS snapshot valid; Step6 gate passed |
| WR PTP servo state           NA                          |
| WR phase offset              NA ps                       |
| Global-Time validity         TIME_VALID=1 PPS_VALID=1     |
| Snapshot                     snapshot=1 stable=1 count=1456 |
| PPS registers                CR=20000006 EN=0 ESCR=1292  |
| PPS register validity        TM=1 PPS=1                  |
| Step5 result                 NOT_APPLICABLE_MASTER       |
+------------------------------------------------------------+
+------------------------------------------------------------+
| SLAVE    DE5_1-11.2                                      |
+------------------------------------------------------------+
| Step 1  PHY / Link           PASS                        |
| Step 2  Endpoint / PTP       PASS                        |
| Step 3  WR Handshake         PASS                        |
| Step 4  SoftPLL Startup      PASS                        |
| Step 5  Closed-loop Lock     INFO                        |
| Step 6  Global Time          WAITING                     |
+------------------------------------------------------------+
| Link health                  Link=1  TM=1  RX=1  TX=1 |
| Lock signals                 Helper=1  MainFreq=1  MainPhase=1 |
|                              MainLock=1  PSTAT=1             |
| Global-Time reason           PTP servo offset not yet <60 ps |
| WR PTP servo state           WAIT_OFFSET_STABLE          |
| WR phase offset              2697 ps (target |offset| <60 ps) |
| Global-Time validity         TIME_VALID=0 PPS_VALID=0     |
| Snapshot                     snapshot=0 stable=1 count=0 |
| PPS registers                CR=20000006 EN=0 ESCR=1280  |
| PPS register validity        TM=0 PPS=0                  |
| Step5 result                 LOCK_ACQUIRED_NOT_STABLE    |
+------------------------------------------------------------+

Global Time summary (125 MHz reference; 1 cycle = 8 ns)
------------------------------------------------------------
  MASTER  (DE5_1-11.1)
    TAI=1455         CYCLES=124999999    VALID
  SLAVE   (DE5_1-11.2)
    TAI=--           CYCLES=--           WAITING (TIME_VALID=0, PPS_VALID=0)
------------------------------------------------------------
Dashboard read complete.
White Rabbit Step 1-6 dashboard  2026-09-30T15:47:49+08:00  (read-only)
Sampling interval: 10s; per-board comparison window: 2000ms

+------------------------------------------------------------+
| MASTER   DE5_1-11.1                                      |
+------------------------------------------------------------+
| Step 1  PHY / Link           PASS                        |
| Step 2  Endpoint / PTP       PASS                        |
| Step 3  WR Handshake         INFO                        |
| Step 4  SoftPLL Startup      PASS                        |
| Step 5  Closed-loop Lock     INFO                        |
| Step 6  Global Time          VALID                       |
+------------------------------------------------------------+
| Link health                  Link=1  TM=1  RX=1  TX=1 |
| Lock signals                 Helper=NA  MainFreq=NA  MainPhase=NA |
|                              MainLock=NA  PSTAT=NA             |
| Global-Time reason           PPS snapshot valid; Step6 gate passed |
| WR PTP servo state           NA                          |
| WR phase offset              NA ps                       |
| Global-Time validity         TIME_VALID=1 PPS_VALID=1     |
| Snapshot                     snapshot=1 stable=1 count=1466 |
| PPS registers                CR=20000006 EN=0 ESCR=19219084 |
| PPS register validity        TM=1 PPS=1                  |
| Step5 result                 NOT_APPLICABLE_MASTER       |
+------------------------------------------------------------+
+------------------------------------------------------------+
| SLAVE    DE5_1-11.2                                      |
+------------------------------------------------------------+
| Step 1  PHY / Link           PASS                        |
| Step 2  Endpoint / PTP       PASS                        |
| Step 3  WR Handshake         PASS                        |
| Step 4  SoftPLL Startup      PASS                        |
| Step 5  Closed-loop Lock     INFO                        |
| Step 6  Global Time          WAITING                     |
+------------------------------------------------------------+
| Link health                  Link=1  TM=1  RX=1  TX=1 |
| Lock signals                 Helper=1  MainFreq=1  MainPhase=1 |
|                              MainLock=1  PSTAT=1             |
| Global-Time reason           PTP servo offset not yet <60 ps |
| WR PTP servo state           WAIT_OFFSET_STABLE          |
| WR phase offset              2033 ps (target |offset| <60 ps) |
| Global-Time validity         TIME_VALID=0 PPS_VALID=0     |
| Snapshot                     snapshot=0 stable=1 count=0 |
| PPS registers                CR=20000006 EN=0 ESCR=1280  |
| PPS register validity        TM=0 PPS=0                  |
| Step5 result                 LOCK_ACQUIRED_NOT_STABLE    |
+------------------------------------------------------------+

Global Time summary (125 MHz reference; 1 cycle = 8 ns)
------------------------------------------------------------
  MASTER  (DE5_1-11.1)
    TAI=1465         CYCLES=124999999    VALID
  SLAVE   (DE5_1-11.2)
    TAI=--           CYCLES=--           WAITING (TIME_VALID=0, PPS_VALID=0)
------------------------------------------------------------
Dashboard read complete.
White Rabbit Step 1-6 dashboard  2026-09-30T15:47:59+08:00  (read-only)
Sampling interval: 10s; per-board comparison window: 2000ms

+------------------------------------------------------------+
| MASTER   DE5_1-11.1                                      |
+------------------------------------------------------------+
| Step 1  PHY / Link           PASS                        |
| Step 2  Endpoint / PTP       PASS                        |
| Step 3  WR Handshake         INFO                        |
| Step 4  SoftPLL Startup      PASS                        |
| Step 5  Closed-loop Lock     INFO                        |
| Step 6  Global Time          VALID                       |
+------------------------------------------------------------+
| Link health                  Link=1  TM=1  RX=1  TX=1 |
| Lock signals                 Helper=NA  MainFreq=NA  MainPhase=NA |
|                              MainLock=NA  PSTAT=NA             |
| Global-Time reason           PPS snapshot valid; Step6 gate passed |
| WR PTP servo state           NA                          |
| WR phase offset              NA ps                       |
| Global-Time validity         TIME_VALID=1 PPS_VALID=1     |
| Snapshot                     snapshot=1 stable=1 count=1476 |
| PPS registers                CR=20000006 EN=0 ESCR=1292  |
| PPS register validity        TM=1 PPS=1                  |
| Step5 result                 NOT_APPLICABLE_MASTER       |
+------------------------------------------------------------+
+------------------------------------------------------------+
| SLAVE    DE5_1-11.2                                      |
+------------------------------------------------------------+
| Step 1  PHY / Link           PASS                        |
| Step 2  Endpoint / PTP       PASS                        |
| Step 3  WR Handshake         PASS                        |
| Step 4  SoftPLL Startup      PASS                        |
| Step 5  Closed-loop Lock     INFO                        |
| Step 6  Global Time          WAITING                     |
+------------------------------------------------------------+
| Link health                  Link=1  TM=1  RX=1  TX=1 |
| Lock signals                 Helper=1  MainFreq=1  MainPhase=1 |
|                              MainLock=1  PSTAT=1             |
| Global-Time reason           PTP servo offset not yet <60 ps |
| WR PTP servo state           WAIT_OFFSET_STABLE          |
| WR phase offset              2729 ps (target |offset| <60 ps) |
| Global-Time validity         TIME_VALID=0 PPS_VALID=0     |
| Snapshot                     snapshot=0 stable=1 count=0 |
| PPS registers                CR=20000006 EN=0 ESCR=1280  |
| PPS register validity        TM=0 PPS=0                  |
| Step5 result                 LOCK_ACQUIRED_NOT_STABLE    |
+------------------------------------------------------------+

Global Time summary (125 MHz reference; 1 cycle = 8 ns)
------------------------------------------------------------
  MASTER  (DE5_1-11.1)
    TAI=1475         CYCLES=124999999    VALID
  SLAVE   (DE5_1-11.2)
    TAI=--           CYCLES=--           WAITING (TIME_VALID=0, PPS_VALID=0)
------------------------------------------------------------
Dashboard read complete.
White Rabbit Step 1-6 dashboard  2026-09-30T15:48:09+08:00  (read-only)
Sampling interval: 10s; per-board comparison window: 2000ms

+------------------------------------------------------------+
| MASTER   DE5_1-11.1                                      |
+------------------------------------------------------------+
| Step 1  PHY / Link           PASS                        |
| Step 2  Endpoint / PTP       PASS                        |
| Step 3  WR Handshake         INFO                        |
| Step 4  SoftPLL Startup      PASS                        |
| Step 5  Closed-loop Lock     INFO                        |
| Step 6  Global Time          VALID                       |
+------------------------------------------------------------+
| Link health                  Link=1  TM=1  RX=1  TX=1 |
| Lock signals                 Helper=NA  MainFreq=NA  MainPhase=NA |
|                              MainLock=NA  PSTAT=NA             |
| Global-Time reason           PPS snapshot valid; Step6 gate passed |
| WR PTP servo state           NA                          |
| WR phase offset              NA ps                       |
| Global-Time validity         TIME_VALID=1 PPS_VALID=1     |
| Snapshot                     snapshot=1 stable=1 count=1486 |
| PPS registers                CR=20000006 EN=0 ESCR=1292  |
| PPS register validity        TM=1 PPS=1                  |
| Step5 result                 NOT_APPLICABLE_MASTER       |
+------------------------------------------------------------+
+------------------------------------------------------------+
| SLAVE    DE5_1-11.2                                      |
+------------------------------------------------------------+
| Step 1  PHY / Link           PASS                        |
| Step 2  Endpoint / PTP       PASS                        |
| Step 3  WR Handshake         PASS                        |
| Step 4  SoftPLL Startup      PASS                        |
| Step 5  Closed-loop Lock     INFO                        |
| Step 6  Global Time          WAITING                     |
+------------------------------------------------------------+
| Link health                  Link=1  TM=1  RX=1  TX=1 |
| Lock signals                 Helper=1  MainFreq=1  MainPhase=1 |
|                              MainLock=1  PSTAT=1             |
| Global-Time reason           PTP servo offset not yet <60 ps |
| WR PTP servo state           WAIT_OFFSET_STABLE          |
| WR phase offset              -1857 ps (target |offset| <60 ps) |
| Global-Time validity         TIME_VALID=0 PPS_VALID=0     |
| Snapshot                     snapshot=0 stable=1 count=0 |
| PPS registers                CR=20000006 EN=0 ESCR=1280  |
| PPS register validity        TM=0 PPS=0                  |
| Step5 result                 LOCK_ACQUIRED_NOT_STABLE    |
+------------------------------------------------------------+

Global Time summary (125 MHz reference; 1 cycle = 8 ns)
------------------------------------------------------------
  MASTER  (DE5_1-11.1)
    TAI=1485         CYCLES=124999999    VALID
  SLAVE   (DE5_1-11.2)
    TAI=--           CYCLES=--           WAITING (TIME_VALID=0, PPS_VALID=0)
------------------------------------------------------------
Dashboard read complete.
White Rabbit Step 1-6 dashboard  2026-09-30T15:48:19+08:00  (read-only)
Sampling interval: 10s; per-board comparison window: 2000ms

+------------------------------------------------------------+
| MASTER   DE5_1-11.1                                      |
+------------------------------------------------------------+
| Step 1  PHY / Link           PASS                        |
| Step 2  Endpoint / PTP       PASS                        |
| Step 3  WR Handshake         INFO                        |
| Step 4  SoftPLL Startup      PASS                        |
| Step 5  Closed-loop Lock     INFO                        |
| Step 6  Global Time          VALID                       |
+------------------------------------------------------------+
| Link health                  Link=1  TM=1  RX=1  TX=1 |
| Lock signals                 Helper=NA  MainFreq=NA  MainPhase=NA |
|                              MainLock=NA  PSTAT=NA             |
| Global-Time reason           PPS snapshot valid; Step6 gate passed |
| WR PTP servo state           NA                          |
| WR phase offset              NA ps                       |
| Global-Time validity         TIME_VALID=1 PPS_VALID=1     |
| Snapshot                     snapshot=1 stable=1 count=1496 |
| PPS registers                CR=20000006 EN=0 ESCR=16583180 |
| PPS register validity        TM=1 PPS=1                  |
| Step5 result                 NOT_APPLICABLE_MASTER       |
+------------------------------------------------------------+
+------------------------------------------------------------+
| SLAVE    DE5_1-11.2                                      |
+------------------------------------------------------------+
| Step 1  PHY / Link           PASS                        |
| Step 2  Endpoint / PTP       PASS                        |
| Step 3  WR Handshake         PASS                        |
| Step 4  SoftPLL Startup      PASS                        |
| Step 5  Closed-loop Lock     INFO                        |
| Step 6  Global Time          WAITING                     |
+------------------------------------------------------------+
| Link health                  Link=1  TM=1  RX=1  TX=1 |
| Lock signals                 Helper=1  MainFreq=1  MainPhase=1 |
|                              MainLock=1  PSTAT=1             |
| Global-Time reason           PTP servo offset not yet <60 ps |
| WR PTP servo state           WAIT_OFFSET_STABLE          |
| WR phase offset              2283 ps (target |offset| <60 ps) |
| Global-Time validity         TIME_VALID=0 PPS_VALID=0     |
| Snapshot                     snapshot=0 stable=1 count=0 |
| PPS registers                CR=20000006 EN=0 ESCR=1280  |
| PPS register validity        TM=0 PPS=0                  |
| Step5 result                 LOCK_ACQUIRED_NOT_STABLE    |
+------------------------------------------------------------+

Global Time summary (125 MHz reference; 1 cycle = 8 ns)
------------------------------------------------------------
  MASTER  (DE5_1-11.1)
    TAI=1495         CYCLES=124999999    VALID
  SLAVE   (DE5_1-11.2)
    TAI=--           CYCLES=--           WAITING (TIME_VALID=0, PPS_VALID=0)
------------------------------------------------------------
Dashboard read complete.
White Rabbit Step 1-6 dashboard  2026-09-30T15:48:29+08:00  (read-only)
Sampling interval: 10s; per-board comparison window: 2000ms

+------------------------------------------------------------+
| MASTER   DE5_1-11.1                                      |
+------------------------------------------------------------+
| Step 1  PHY / Link           PASS                        |
| Step 2  Endpoint / PTP       PASS                        |
| Step 3  WR Handshake         INFO                        |
| Step 4  SoftPLL Startup      PASS                        |
| Step 5  Closed-loop Lock     INFO                        |
| Step 6  Global Time          VALID                       |
+------------------------------------------------------------+
| Link health                  Link=1  TM=1  RX=1  TX=1 |
| Lock signals                 Helper=NA  MainFreq=NA  MainPhase=NA |
|                              MainLock=NA  PSTAT=NA             |
| Global-Time reason           PPS snapshot valid; Step6 gate passed |
| WR PTP servo state           NA                          |
| WR phase offset              NA ps                       |
| Global-Time validity         TIME_VALID=1 PPS_VALID=1     |
| Snapshot                     snapshot=1 stable=1 count=1506 |
| PPS registers                CR=20000006 EN=0 ESCR=1292  |
| PPS register validity        TM=1 PPS=1                  |
| Step5 result                 NOT_APPLICABLE_MASTER       |
+------------------------------------------------------------+
+------------------------------------------------------------+
| SLAVE    DE5_1-11.2                                      |
+------------------------------------------------------------+
| Step 1  PHY / Link           PASS                        |
| Step 2  Endpoint / PTP       PASS                        |
| Step 3  WR Handshake         PASS                        |
| Step 4  SoftPLL Startup      PASS                        |
| Step 5  Closed-loop Lock     INFO                        |
| Step 6  Global Time          WAITING                     |
+------------------------------------------------------------+
| Link health                  Link=1  TM=1  RX=1  TX=1 |
| Lock signals                 Helper=1  MainFreq=1  MainPhase=1 |
|                              MainLock=1  PSTAT=1             |
| Global-Time reason           PTP servo offset not yet <60 ps |
| WR PTP servo state           WAIT_OFFSET_STABLE          |
| WR phase offset              2391 ps (target |offset| <60 ps) |
| Global-Time validity         TIME_VALID=0 PPS_VALID=0     |
| Snapshot                     snapshot=0 stable=1 count=0 |
| PPS registers                CR=20000006 EN=0 ESCR=1280  |
| PPS register validity        TM=0 PPS=0                  |
| Step5 result                 LOCK_ACQUIRED_NOT_STABLE    |
+------------------------------------------------------------+

Global Time summary (125 MHz reference; 1 cycle = 8 ns)
------------------------------------------------------------
  MASTER  (DE5_1-11.1)
    TAI=1505         CYCLES=124999999    VALID
  SLAVE   (DE5_1-11.2)
    TAI=--           CYCLES=--           WAITING (TIME_VALID=0, PPS_VALID=0)
------------------------------------------------------------
Dashboard read complete.
White Rabbit Step 1-6 dashboard  2026-09-30T15:48:39+08:00  (read-only)
Sampling interval: 10s; per-board comparison window: 2000ms

+------------------------------------------------------------+
| MASTER   DE5_1-11.1                                      |
+------------------------------------------------------------+
| Step 1  PHY / Link           PASS                        |
| Step 2  Endpoint / PTP       PASS                        |
| Step 3  WR Handshake         INFO                        |
| Step 4  SoftPLL Startup      PASS                        |
| Step 5  Closed-loop Lock     INFO                        |
| Step 6  Global Time          VALID                       |
+------------------------------------------------------------+
| Link health                  Link=1  TM=1  RX=1  TX=1 |
| Lock signals                 Helper=NA  MainFreq=NA  MainPhase=NA |
|                              MainLock=NA  PSTAT=NA             |
| Global-Time reason           PPS snapshot valid; Step6 gate passed |
| WR PTP servo state           NA                          |
| WR phase offset              NA ps                       |
| Global-Time validity         TIME_VALID=1 PPS_VALID=1     |
| Snapshot                     snapshot=1 stable=1 count=1516 |
| PPS registers                CR=20000006 EN=0 ESCR=1292  |
| PPS register validity        TM=1 PPS=1                  |
| Step5 result                 NOT_APPLICABLE_MASTER       |
+------------------------------------------------------------+
+------------------------------------------------------------+
| SLAVE    DE5_1-11.2                                      |
+------------------------------------------------------------+
| Step 1  PHY / Link           PASS                        |
| Step 2  Endpoint / PTP       PASS                        |
| Step 3  WR Handshake         PASS                        |
| Step 4  SoftPLL Startup      PASS                        |
| Step 5  Closed-loop Lock     INFO                        |
| Step 6  Global Time          WAITING                     |
+------------------------------------------------------------+
| Link health                  Link=1  TM=1  RX=1  TX=1 |
| Lock signals                 Helper=1  MainFreq=1  MainPhase=1 |
|                              MainLock=1  PSTAT=1             |
| Global-Time reason           PTP servo offset not yet <60 ps |
| WR PTP servo state           SYNC_PHASE                  |
| WR phase offset              -2117 ps (target |offset| <60 ps) |
| Global-Time validity         TIME_VALID=0 PPS_VALID=0     |
| Snapshot                     snapshot=0 stable=1 count=0 |
| PPS registers                CR=20000006 EN=0 ESCR=1280  |
| PPS register validity        TM=0 PPS=0                  |
| Step5 result                 LOCK_ACQUIRED_NOT_STABLE    |
+------------------------------------------------------------+

Global Time summary (125 MHz reference; 1 cycle = 8 ns)
------------------------------------------------------------
  MASTER  (DE5_1-11.1)
    TAI=1515         CYCLES=124999999    VALID
  SLAVE   (DE5_1-11.2)
    TAI=--           CYCLES=--           WAITING (TIME_VALID=0, PPS_VALID=0)
------------------------------------------------------------
Dashboard read complete.
White Rabbit Step 1-6 dashboard  2026-09-30T15:48:49+08:00  (read-only)
Sampling interval: 10s; per-board comparison window: 2000ms

+------------------------------------------------------------+
| MASTER   DE5_1-11.1                                      |
+------------------------------------------------------------+
| Step 1  PHY / Link           PASS                        |
| Step 2  Endpoint / PTP       PASS                        |
| Step 3  WR Handshake         INFO                        |
| Step 4  SoftPLL Startup      PASS                        |
| Step 5  Closed-loop Lock     INFO                        |
| Step 6  Global Time          VALID                       |
+------------------------------------------------------------+
| Link health                  Link=1  TM=1  RX=1  TX=1 |
| Lock signals                 Helper=NA  MainFreq=NA  MainPhase=NA |
|                              MainLock=NA  PSTAT=NA             |
| Global-Time reason           PPS snapshot valid; Step6 gate passed |
| WR PTP servo state           NA                          |
| WR phase offset              NA ps                       |
| Global-Time validity         TIME_VALID=1 PPS_VALID=1     |
| Snapshot                     snapshot=1 stable=1 count=1526 |
| PPS registers                CR=20000006 EN=0 ESCR=1292  |
| PPS register validity        TM=1 PPS=1                  |
| Step5 result                 NOT_APPLICABLE_MASTER       |
+------------------------------------------------------------+
+------------------------------------------------------------+
| SLAVE    DE5_1-11.2                                      |
+------------------------------------------------------------+
| Step 1  PHY / Link           PASS                        |
| Step 2  Endpoint / PTP       PASS                        |
| Step 3  WR Handshake         PASS                        |
| Step 4  SoftPLL Startup      PASS                        |
| Step 5  Closed-loop Lock     INFO                        |
| Step 6  Global Time          WAITING                     |
+------------------------------------------------------------+
| Link health                  Link=1  TM=1  RX=1  TX=1 |
| Lock signals                 Helper=1  MainFreq=1  MainPhase=1 |
|                              MainLock=1  PSTAT=1             |
| Global-Time reason           PTP servo offset not yet <60 ps |
| WR PTP servo state           WAIT_OFFSET_STABLE          |
| WR phase offset              2347 ps (target |offset| <60 ps) |
| Global-Time validity         TIME_VALID=0 PPS_VALID=0     |
| Snapshot                     snapshot=0 stable=1 count=0 |
| PPS registers                CR=20000006 EN=0 ESCR=1280  |
| PPS register validity        TM=0 PPS=0                  |
| Step5 result                 LOCK_ACQUIRED_NOT_STABLE    |
+------------------------------------------------------------+

Global Time summary (125 MHz reference; 1 cycle = 8 ns)
------------------------------------------------------------
  MASTER  (DE5_1-11.1)
    TAI=1525         CYCLES=124999999    VALID
  SLAVE   (DE5_1-11.2)
    TAI=--           CYCLES=--           WAITING (TIME_VALID=0, PPS_VALID=0)
------------------------------------------------------------
Dashboard read complete.
White Rabbit Step 1-6 dashboard  2026-09-30T15:48:59+08:00  (read-only)
Sampling interval: 10s; per-board comparison window: 2000ms

+------------------------------------------------------------+
| MASTER   DE5_1-11.1                                      |
+------------------------------------------------------------+
| Step 1  PHY / Link           PASS                        |
| Step 2  Endpoint / PTP       PASS                        |
| Step 3  WR Handshake         INFO                        |
| Step 4  SoftPLL Startup      PASS                        |
| Step 5  Closed-loop Lock     INFO                        |
| Step 6  Global Time          VALID                       |
+------------------------------------------------------------+
| Link health                  Link=1  TM=1  RX=1  TX=1 |
| Lock signals                 Helper=NA  MainFreq=NA  MainPhase=NA |
|                              MainLock=NA  PSTAT=NA             |
| Global-Time reason           PPS snapshot valid; Step6 gate passed |
| WR PTP servo state           NA                          |
| WR phase offset              NA ps                       |
| Global-Time validity         TIME_VALID=1 PPS_VALID=1     |
| Snapshot                     snapshot=1 stable=1 count=1536 |
| PPS registers                CR=20000006 EN=0 ESCR=17320204 |
| PPS register validity        TM=1 PPS=1                  |
| Step5 result                 NOT_APPLICABLE_MASTER       |
+------------------------------------------------------------+
+------------------------------------------------------------+
| SLAVE    DE5_1-11.2                                      |
+------------------------------------------------------------+
| Step 1  PHY / Link           PASS                        |
| Step 2  Endpoint / PTP       PASS                        |
| Step 3  WR Handshake         PASS                        |
| Step 4  SoftPLL Startup      PASS                        |
| Step 5  Closed-loop Lock     INFO                        |
| Step 6  Global Time          WAITING                     |
+------------------------------------------------------------+
| Link health                  Link=1  TM=1  RX=1  TX=1 |
| Lock signals                 Helper=1  MainFreq=1  MainPhase=1 |
|                              MainLock=1  PSTAT=1             |
| Global-Time reason           PTP servo offset not yet <60 ps |
| WR PTP servo state           WAIT_OFFSET_STABLE          |
| WR phase offset              -2300 ps (target |offset| <60 ps) |
| Global-Time validity         TIME_VALID=0 PPS_VALID=0     |
| Snapshot                     snapshot=0 stable=1 count=0 |
| PPS registers                CR=20000006 EN=0 ESCR=1536  |
| PPS register validity        TM=0 PPS=0                  |
| Step5 result                 LOCK_ACQUIRED_NOT_STABLE    |
+------------------------------------------------------------+

Global Time summary (125 MHz reference; 1 cycle = 8 ns)
------------------------------------------------------------
  MASTER  (DE5_1-11.1)
    TAI=1535         CYCLES=124999999    VALID
  SLAVE   (DE5_1-11.2)
    TAI=--           CYCLES=--           WAITING (TIME_VALID=0, PPS_VALID=0)
------------------------------------------------------------
Dashboard read complete.
White Rabbit Step 1-6 dashboard  2026-09-30T15:49:09+08:00  (read-only)
Sampling interval: 10s; per-board comparison window: 2000ms

+------------------------------------------------------------+
| MASTER   DE5_1-11.1                                      |
+------------------------------------------------------------+
| Step 1  PHY / Link           PASS                        |
| Step 2  Endpoint / PTP       PASS                        |
| Step 3  WR Handshake         INFO                        |
| Step 4  SoftPLL Startup      PASS                        |
| Step 5  Closed-loop Lock     INFO                        |
| Step 6  Global Time          VALID                       |
+------------------------------------------------------------+
| Link health                  Link=1  TM=1  RX=1  TX=1 |
| Lock signals                 Helper=NA  MainFreq=NA  MainPhase=NA |
|                              MainLock=NA  PSTAT=NA             |
| Global-Time reason           PPS snapshot valid; Step6 gate passed |
| WR PTP servo state           NA                          |
| WR phase offset              NA ps                       |
| Global-Time validity         TIME_VALID=1 PPS_VALID=1     |
| Snapshot                     snapshot=1 stable=1 count=1546 |
| PPS registers                CR=20000006 EN=0 ESCR=1548  |
| PPS register validity        TM=1 PPS=1                  |
| Step5 result                 NOT_APPLICABLE_MASTER       |
+------------------------------------------------------------+
+------------------------------------------------------------+
| SLAVE    DE5_1-11.2                                      |
+------------------------------------------------------------+
| Step 1  PHY / Link           PASS                        |
| Step 2  Endpoint / PTP       PASS                        |
| Step 3  WR Handshake         PASS                        |
| Step 4  SoftPLL Startup      PASS                        |
| Step 5  Closed-loop Lock     INFO                        |
| Step 6  Global Time          WAITING                     |
+------------------------------------------------------------+
| Link health                  Link=1  TM=1  RX=1  TX=1 |
| Lock signals                 Helper=1  MainFreq=1  MainPhase=1 |
|                              MainLock=1  PSTAT=1             |
| Global-Time reason           PTP servo offset not yet <60 ps |
| WR PTP servo state           WAIT_OFFSET_STABLE          |
| WR phase offset              2401 ps (target |offset| <60 ps) |
| Global-Time validity         TIME_VALID=0 PPS_VALID=0     |
| Snapshot                     snapshot=0 stable=1 count=0 |
| PPS registers                CR=20000006 EN=0 ESCR=1536  |
| PPS register validity        TM=0 PPS=0                  |
| Step5 result                 LOCK_ACQUIRED_NOT_STABLE    |
+------------------------------------------------------------+

Global Time summary (125 MHz reference; 1 cycle = 8 ns)
------------------------------------------------------------
  MASTER  (DE5_1-11.1)
    TAI=1545         CYCLES=124999999    VALID
  SLAVE   (DE5_1-11.2)
    TAI=--           CYCLES=--           WAITING (TIME_VALID=0, PPS_VALID=0)
------------------------------------------------------------
Dashboard read complete.
White Rabbit Step 1-6 dashboard  2026-09-30T15:49:19+08:00  (read-only)
Sampling interval: 10s; per-board comparison window: 2000ms

+------------------------------------------------------------+
| MASTER   DE5_1-11.1                                      |
+------------------------------------------------------------+
| Step 1  PHY / Link           PASS                        |
| Step 2  Endpoint / PTP       PASS                        |
| Step 3  WR Handshake         INFO                        |
| Step 4  SoftPLL Startup      PASS                        |
| Step 5  Closed-loop Lock     INFO                        |
| Step 6  Global Time          VALID                       |
+------------------------------------------------------------+
| Link health                  Link=1  TM=1  RX=1  TX=1 |
| Lock signals                 Helper=NA  MainFreq=NA  MainPhase=NA |
|                              MainLock=NA  PSTAT=NA             |
| Global-Time reason           PPS snapshot valid; Step6 gate passed |
| WR PTP servo state           NA                          |
| WR phase offset              NA ps                       |
| Global-Time validity         TIME_VALID=1 PPS_VALID=1     |
| Snapshot                     snapshot=1 stable=1 count=1556 |
| PPS registers                CR=20000006 EN=0 ESCR=1548  |
| PPS register validity        TM=1 PPS=1                  |
| Step5 result                 NOT_APPLICABLE_MASTER       |
+------------------------------------------------------------+
+------------------------------------------------------------+
| SLAVE    DE5_1-11.2                                      |
+------------------------------------------------------------+
| Step 1  PHY / Link           PASS                        |
| Step 2  Endpoint / PTP       PASS                        |
| Step 3  WR Handshake         PASS                        |
| Step 4  SoftPLL Startup      PASS                        |
| Step 5  Closed-loop Lock     INFO                        |
| Step 6  Global Time          WAITING                     |
+------------------------------------------------------------+
| Link health                  Link=1  TM=1  RX=1  TX=1 |
| Lock signals                 Helper=1  MainFreq=1  MainPhase=1 |
|                              MainLock=1  PSTAT=1             |
| Global-Time reason           PTP servo offset not yet <60 ps |
| WR PTP servo state           WAIT_OFFSET_STABLE          |
| WR phase offset              -2386 ps (target |offset| <60 ps) |
| Global-Time validity         TIME_VALID=0 PPS_VALID=0     |
| Snapshot                     snapshot=0 stable=1 count=0 |
| PPS registers                CR=20000006 EN=0 ESCR=50091264 |
| PPS register validity        TM=0 PPS=0                  |
| Step5 result                 LOCK_ACQUIRED_NOT_STABLE    |
+------------------------------------------------------------+

Global Time summary (125 MHz reference; 1 cycle = 8 ns)
------------------------------------------------------------
  MASTER  (DE5_1-11.1)
    TAI=1555         CYCLES=124999999    VALID
  SLAVE   (DE5_1-11.2)
    TAI=--           CYCLES=--           WAITING (TIME_VALID=0, PPS_VALID=0)
------------------------------------------------------------
Dashboard read complete.
White Rabbit Step 1-6 dashboard  2026-09-30T15:49:29+08:00  (read-only)
Sampling interval: 10s; per-board comparison window: 2000ms

+------------------------------------------------------------+
| MASTER   DE5_1-11.1                                      |
+------------------------------------------------------------+
| Step 1  PHY / Link           PASS                        |
| Step 2  Endpoint / PTP       PASS                        |
| Step 3  WR Handshake         INFO                        |
| Step 4  SoftPLL Startup      PASS                        |
| Step 5  Closed-loop Lock     INFO                        |
| Step 6  Global Time          VALID                       |
+------------------------------------------------------------+
| Link health                  Link=1  TM=1  RX=1  TX=1 |
| Lock signals                 Helper=NA  MainFreq=NA  MainPhase=NA |
|                              MainLock=NA  PSTAT=NA             |
| Global-Time reason           PPS snapshot valid; Step6 gate passed |
| WR PTP servo state           NA                          |
| WR phase offset              NA ps                       |
| Global-Time validity         TIME_VALID=1 PPS_VALID=1     |
| Snapshot                     snapshot=1 stable=1 count=1566 |
| PPS registers                CR=20000006 EN=0 ESCR=1548  |
| PPS register validity        TM=1 PPS=1                  |
| Step5 result                 NOT_APPLICABLE_MASTER       |
+------------------------------------------------------------+
+------------------------------------------------------------+
| SLAVE    DE5_1-11.2                                      |
+------------------------------------------------------------+
| Step 1  PHY / Link           PASS                        |
| Step 2  Endpoint / PTP       PASS                        |
| Step 3  WR Handshake         PASS                        |
| Step 4  SoftPLL Startup      PASS                        |
| Step 5  Closed-loop Lock     INFO                        |
| Step 6  Global Time          WAITING                     |
+------------------------------------------------------------+
| Link health                  Link=1  TM=1  RX=1  TX=1 |
| Lock signals                 Helper=1  MainFreq=1  MainPhase=1 |
|                              MainLock=1  PSTAT=1             |
| Global-Time reason           PTP servo offset not yet <60 ps |
| WR PTP servo state           WAIT_OFFSET_STABLE          |
| WR phase offset              2311 ps (target |offset| <60 ps) |
| Global-Time validity         TIME_VALID=0 PPS_VALID=0     |
| Snapshot                     snapshot=0 stable=1 count=0 |
| PPS registers                CR=20000006 EN=0 ESCR=1536  |
| PPS register validity        TM=0 PPS=0                  |
| Step5 result                 LOCK_ACQUIRED_NOT_STABLE    |
+------------------------------------------------------------+

Global Time summary (125 MHz reference; 1 cycle = 8 ns)
------------------------------------------------------------
  MASTER  (DE5_1-11.1)
    TAI=1565         CYCLES=124999999    VALID
  SLAVE   (DE5_1-11.2)
    TAI=--           CYCLES=--           WAITING (TIME_VALID=0, PPS_VALID=0)
------------------------------------------------------------
Dashboard read complete.
White Rabbit Step 1-6 dashboard  2026-09-30T15:49:39+08:00  (read-only)
Sampling interval: 10s; per-board comparison window: 2000ms

+------------------------------------------------------------+
| MASTER   DE5_1-11.1                                      |
+------------------------------------------------------------+
| Step 1  PHY / Link           PASS                        |
| Step 2  Endpoint / PTP       PASS                        |
| Step 3  WR Handshake         INFO                        |
| Step 4  SoftPLL Startup      PASS                        |
| Step 5  Closed-loop Lock     INFO                        |
| Step 6  Global Time          VALID                       |
+------------------------------------------------------------+
| Link health                  Link=1  TM=1  RX=1  TX=1 |
| Lock signals                 Helper=NA  MainFreq=NA  MainPhase=NA |
|                              MainLock=NA  PSTAT=NA             |
| Global-Time reason           PPS snapshot valid; Step6 gate passed |
| WR PTP servo state           NA                          |
| WR phase offset              NA ps                       |
| Global-Time validity         TIME_VALID=1 PPS_VALID=1     |
| Snapshot                     snapshot=1 stable=1 count=1576 |
| PPS registers                CR=20000006 EN=0 ESCR=1548  |
| PPS register validity        TM=1 PPS=1                  |
| Step5 result                 NOT_APPLICABLE_MASTER       |
+------------------------------------------------------------+
+------------------------------------------------------------+
| SLAVE    DE5_1-11.2                                      |
+------------------------------------------------------------+
| Step 1  PHY / Link           PASS                        |
| Step 2  Endpoint / PTP       PASS                        |
| Step 3  WR Handshake         PASS                        |
| Step 4  SoftPLL Startup      PASS                        |
| Step 5  Closed-loop Lock     INFO                        |
| Step 6  Global Time          WAITING                     |
+------------------------------------------------------------+
| Link health                  Link=1  TM=1  RX=1  TX=1 |
| Lock signals                 Helper=1  MainFreq=1  MainPhase=1 |
|                              MainLock=1  PSTAT=1             |
| Global-Time reason           PTP servo offset not yet <60 ps |
| WR PTP servo state           WAIT_OFFSET_STABLE          |
| WR phase offset              2632 ps (target |offset| <60 ps) |
| Global-Time validity         TIME_VALID=0 PPS_VALID=0     |
| Snapshot                     snapshot=0 stable=1 count=0 |
| PPS registers                CR=20000006 EN=0 ESCR=1536  |
| PPS register validity        TM=0 PPS=0                  |
| Step5 result                 LOCK_ACQUIRED_NOT_STABLE    |
+------------------------------------------------------------+

Global Time summary (125 MHz reference; 1 cycle = 8 ns)
------------------------------------------------------------
  MASTER  (DE5_1-11.1)
    TAI=1575         CYCLES=124999999    VALID
  SLAVE   (DE5_1-11.2)
    TAI=--           CYCLES=--           WAITING (TIME_VALID=0, PPS_VALID=0)
------------------------------------------------------------
Dashboard read complete.
White Rabbit Step 1-6 dashboard  2026-09-30T15:49:49+08:00  (read-only)
Sampling interval: 10s; per-board comparison window: 2000ms

+------------------------------------------------------------+
| MASTER   DE5_1-11.1                                      |
+------------------------------------------------------------+
| Step 1  PHY / Link           PASS                        |
| Step 2  Endpoint / PTP       PASS                        |
| Step 3  WR Handshake         INFO                        |
| Step 4  SoftPLL Startup      PASS                        |
| Step 5  Closed-loop Lock     INFO                        |
| Step 6  Global Time          VALID                       |
+------------------------------------------------------------+
| Link health                  Link=1  TM=1  RX=1  TX=1 |
| Lock signals                 Helper=NA  MainFreq=NA  MainPhase=NA |
|                              MainLock=NA  PSTAT=NA             |
| Global-Time reason           PPS snapshot valid; Step6 gate passed |
| WR PTP servo state           NA                          |
| WR phase offset              NA ps                       |
| Global-Time validity         TIME_VALID=1 PPS_VALID=1     |
| Snapshot                     snapshot=1 stable=1 count=1586 |
| PPS registers                CR=20000006 EN=0 ESCR=1548  |
| PPS register validity        TM=1 PPS=1                  |
| Step5 result                 NOT_APPLICABLE_MASTER       |
+------------------------------------------------------------+
+------------------------------------------------------------+
| SLAVE    DE5_1-11.2                                      |
+------------------------------------------------------------+
| Step 1  PHY / Link           PASS                        |
| Step 2  Endpoint / PTP       PASS                        |
| Step 3  WR Handshake         PASS                        |
| Step 4  SoftPLL Startup      PASS                        |
| Step 5  Closed-loop Lock     INFO                        |
| Step 6  Global Time          WAITING                     |
+------------------------------------------------------------+
| Link health                  Link=1  TM=1  RX=1  TX=1 |
| Lock signals                 Helper=1  MainFreq=1  MainPhase=1 |
|                              MainLock=1  PSTAT=1             |
| Global-Time reason           PTP servo offset not yet <60 ps |
| WR PTP servo state           WAIT_OFFSET_STABLE          |
| WR phase offset              -2010 ps (target |offset| <60 ps) |
| Global-Time validity         TIME_VALID=0 PPS_VALID=0     |
| Snapshot                     snapshot=0 stable=1 count=0 |
| PPS registers                CR=20000006 EN=0 ESCR=1536  |
| PPS register validity        TM=0 PPS=0                  |
| Step5 result                 LOCK_ACQUIRED_NOT_STABLE    |
+------------------------------------------------------------+

Global Time summary (125 MHz reference; 1 cycle = 8 ns)
------------------------------------------------------------
  MASTER  (DE5_1-11.1)
    TAI=1585         CYCLES=124999999    VALID
  SLAVE   (DE5_1-11.2)
    TAI=--           CYCLES=--           WAITING (TIME_VALID=0, PPS_VALID=0)
------------------------------------------------------------
Dashboard read complete.
White Rabbit Step 1-6 dashboard  2026-09-30T15:49:59+08:00  (read-only)
Sampling interval: 10s; per-board comparison window: 2000ms

+------------------------------------------------------------+
| MASTER   DE5_1-11.1                                      |
+------------------------------------------------------------+
| Step 1  PHY / Link           PASS                        |
| Step 2  Endpoint / PTP       PASS                        |
| Step 3  WR Handshake         INFO                        |
| Step 4  SoftPLL Startup      PASS                        |
| Step 5  Closed-loop Lock     INFO                        |
| Step 6  Global Time          VALID                       |
+------------------------------------------------------------+
| Link health                  Link=1  TM=1  RX=1  TX=1 |
| Lock signals                 Helper=NA  MainFreq=NA  MainPhase=NA |
|                              MainLock=NA  PSTAT=NA             |
| Global-Time reason           PPS snapshot valid; Step6 gate passed |
| WR PTP servo state           NA                          |
| WR phase offset              NA ps                       |
| Global-Time validity         TIME_VALID=1 PPS_VALID=1     |
| Snapshot                     snapshot=1 stable=1 count=1596 |
| PPS registers                CR=20000006 EN=0 ESCR=1548  |
| PPS register validity        TM=1 PPS=1                  |
| Step5 result                 NOT_APPLICABLE_MASTER       |
+------------------------------------------------------------+
+------------------------------------------------------------+
| SLAVE    DE5_1-11.2                                      |
+------------------------------------------------------------+
| Step 1  PHY / Link           PASS                        |
| Step 2  Endpoint / PTP       PASS                        |
| Step 3  WR Handshake         PASS                        |
| Step 4  SoftPLL Startup      PASS                        |
| Step 5  Closed-loop Lock     INFO                        |
| Step 6  Global Time          WAITING                     |
+------------------------------------------------------------+
| Link health                  Link=1  TM=1  RX=1  TX=1 |
| Lock signals                 Helper=1  MainFreq=1  MainPhase=1 |
|                              MainLock=1  PSTAT=1             |
| Global-Time reason           PTP servo offset not yet <60 ps |
| WR PTP servo state           WAIT_OFFSET_STABLE          |
| WR phase offset              2384 ps (target |offset| <60 ps) |
| Global-Time validity         TIME_VALID=0 PPS_VALID=0     |
| Snapshot                     snapshot=0 stable=1 count=0 |
| PPS registers                CR=20000006 EN=0 ESCR=1536  |
| PPS register validity        TM=0 PPS=0                  |
| Step5 result                 LOCK_ACQUIRED_NOT_STABLE    |
+------------------------------------------------------------+

Global Time summary (125 MHz reference; 1 cycle = 8 ns)
------------------------------------------------------------
  MASTER  (DE5_1-11.1)
    TAI=1595         CYCLES=124999999    VALID
  SLAVE   (DE5_1-11.2)
    TAI=--           CYCLES=--           WAITING (TIME_VALID=0, PPS_VALID=0)
------------------------------------------------------------
Dashboard read complete.
White Rabbit Step 1-6 dashboard  2026-09-30T15:50:09+08:00  (read-only)
Sampling interval: 10s; per-board comparison window: 2000ms

+------------------------------------------------------------+
| MASTER   DE5_1-11.1                                      |
+------------------------------------------------------------+
| Step 1  PHY / Link           PASS                        |
| Step 2  Endpoint / PTP       PASS                        |
| Step 3  WR Handshake         INFO                        |
| Step 4  SoftPLL Startup      PASS                        |
| Step 5  Closed-loop Lock     INFO                        |
| Step 6  Global Time          VALID                       |
+------------------------------------------------------------+
| Link health                  Link=1  TM=1  RX=1  TX=1 |
| Lock signals                 Helper=NA  MainFreq=NA  MainPhase=NA |
|                              MainLock=NA  PSTAT=NA             |
| Global-Time reason           PPS snapshot valid; Step6 gate passed |
| WR PTP servo state           NA                          |
| WR phase offset              NA ps                       |
| Global-Time validity         TIME_VALID=1 PPS_VALID=1     |
| Snapshot                     snapshot=1 stable=1 count=1606 |
| PPS registers                CR=20000006 EN=0 ESCR=1548  |
| PPS register validity        TM=1 PPS=1                  |
| Step5 result                 NOT_APPLICABLE_MASTER       |
+------------------------------------------------------------+
+------------------------------------------------------------+
| SLAVE    DE5_1-11.2                                      |
+------------------------------------------------------------+
| Step 1  PHY / Link           PASS                        |
| Step 2  Endpoint / PTP       PASS                        |
| Step 3  WR Handshake         PASS                        |
| Step 4  SoftPLL Startup      PASS                        |
| Step 5  Closed-loop Lock     INFO                        |
| Step 6  Global Time          WAITING                     |
+------------------------------------------------------------+
| Link health                  Link=1  TM=1  RX=1  TX=1 |
| Lock signals                 Helper=1  MainFreq=1  MainPhase=1 |
|                              MainLock=1  PSTAT=1             |
| Global-Time reason           PTP servo offset not yet <60 ps |
| WR PTP servo state           WAIT_OFFSET_STABLE          |
| WR phase offset              -2225 ps (target |offset| <60 ps) |
| Global-Time validity         TIME_VALID=0 PPS_VALID=0     |
| Snapshot                     snapshot=0 stable=1 count=0 |
| PPS registers                CR=20000006 EN=0 ESCR=1536  |
| PPS register validity        TM=0 PPS=0                  |
| Step5 result                 LOCK_ACQUIRED_NOT_STABLE    |
+------------------------------------------------------------+

Global Time summary (125 MHz reference; 1 cycle = 8 ns)
------------------------------------------------------------
  MASTER  (DE5_1-11.1)
    TAI=1605         CYCLES=124999999    VALID
  SLAVE   (DE5_1-11.2)
    TAI=--           CYCLES=--           WAITING (TIME_VALID=0, PPS_VALID=0)
------------------------------------------------------------
Dashboard read complete.
White Rabbit Step 1-6 dashboard  2026-09-30T15:50:19+08:00  (read-only)
Sampling interval: 10s; per-board comparison window: 2000ms

+------------------------------------------------------------+
| MASTER   DE5_1-11.1                                      |
+------------------------------------------------------------+
| Step 1  PHY / Link           PASS                        |
| Step 2  Endpoint / PTP       PASS                        |
| Step 3  WR Handshake         INFO                        |
| Step 4  SoftPLL Startup      PASS                        |
| Step 5  Closed-loop Lock     INFO                        |
| Step 6  Global Time          VALID                       |
+------------------------------------------------------------+
| Link health                  Link=1  TM=1  RX=1  TX=1 |
| Lock signals                 Helper=NA  MainFreq=NA  MainPhase=NA |
|                              MainLock=NA  PSTAT=NA             |
| Global-Time reason           PPS snapshot valid; Step6 gate passed |
| WR PTP servo state           NA                          |
| WR phase offset              NA ps                       |
| Global-Time validity         TIME_VALID=1 PPS_VALID=1     |
| Snapshot                     snapshot=1 stable=1 count=1616 |
| PPS registers                CR=20000006 EN=0 ESCR=1548  |
| PPS register validity        TM=1 PPS=1                  |
| Step5 result                 NOT_APPLICABLE_MASTER       |
+------------------------------------------------------------+
+------------------------------------------------------------+
| SLAVE    DE5_1-11.2                                      |
+------------------------------------------------------------+
| Step 1  PHY / Link           PASS                        |
| Step 2  Endpoint / PTP       PASS                        |
| Step 3  WR Handshake         PASS                        |
| Step 4  SoftPLL Startup      PASS                        |
| Step 5  Closed-loop Lock     INFO                        |
| Step 6  Global Time          WAITING                     |
+------------------------------------------------------------+
| Link health                  Link=1  TM=1  RX=1  TX=1 |
| Lock signals                 Helper=1  MainFreq=1  MainPhase=1 |
|                              MainLock=1  PSTAT=1             |
| Global-Time reason           PTP servo offset not yet <60 ps |
| WR PTP servo state           WAIT_OFFSET_STABLE          |
| WR phase offset              -1911 ps (target |offset| <60 ps) |
| Global-Time validity         TIME_VALID=0 PPS_VALID=0     |
| Snapshot                     snapshot=0 stable=1 count=0 |
| PPS registers                CR=20000006 EN=0 ESCR=1536  |
| PPS register validity        TM=0 PPS=0                  |
| Step5 result                 LOCK_ACQUIRED_NOT_STABLE    |
+------------------------------------------------------------+

Global Time summary (125 MHz reference; 1 cycle = 8 ns)
------------------------------------------------------------
  MASTER  (DE5_1-11.1)
    TAI=1615         CYCLES=124999999    VALID
  SLAVE   (DE5_1-11.2)
    TAI=--           CYCLES=--           WAITING (TIME_VALID=0, PPS_VALID=0)
------------------------------------------------------------
Dashboard read complete.
White Rabbit Step 1-6 dashboard  2026-09-30T15:50:29+08:00  (read-only)
Sampling interval: 10s; per-board comparison window: 2000ms

+------------------------------------------------------------+
| MASTER   DE5_1-11.1                                      |
+------------------------------------------------------------+
| Step 1  PHY / Link           PASS                        |
| Step 2  Endpoint / PTP       PASS                        |
| Step 3  WR Handshake         INFO                        |
| Step 4  SoftPLL Startup      PASS                        |
| Step 5  Closed-loop Lock     INFO                        |
| Step 6  Global Time          VALID                       |
+------------------------------------------------------------+
| Link health                  Link=1  TM=1  RX=1  TX=1 |
| Lock signals                 Helper=NA  MainFreq=NA  MainPhase=NA |
|                              MainLock=NA  PSTAT=NA             |
| Global-Time reason           PPS snapshot valid; Step6 gate passed |
| WR PTP servo state           NA                          |
| WR phase offset              NA ps                       |
| Global-Time validity         TIME_VALID=1 PPS_VALID=1     |
| Snapshot                     snapshot=1 stable=1 count=1626 |
| PPS registers                CR=20000006 EN=0 ESCR=1548  |
| PPS register validity        TM=1 PPS=1                  |
| Step5 result                 NOT_APPLICABLE_MASTER       |
+------------------------------------------------------------+
+------------------------------------------------------------+
| SLAVE    DE5_1-11.2                                      |
+------------------------------------------------------------+
| Step 1  PHY / Link           PASS                        |
| Step 2  Endpoint / PTP       PASS                        |
| Step 3  WR Handshake         PASS                        |
| Step 4  SoftPLL Startup      PASS                        |
| Step 5  Closed-loop Lock     INFO                        |
| Step 6  Global Time          WAITING                     |
+------------------------------------------------------------+
| Link health                  Link=1  TM=1  RX=1  TX=1 |
| Lock signals                 Helper=1  MainFreq=1  MainPhase=1 |
|                              MainLock=1  PSTAT=1             |
| Global-Time reason           PTP servo offset not yet <60 ps |
| WR PTP servo state           SYNC_PHASE                  |
| WR phase offset              2424 ps (target |offset| <60 ps) |
| Global-Time validity         TIME_VALID=0 PPS_VALID=0     |
| Snapshot                     snapshot=0 stable=1 count=0 |
| PPS registers                CR=20000006 EN=0 ESCR=1536  |
| PPS register validity        TM=0 PPS=0                  |
| Step5 result                 LOCK_ACQUIRED_NOT_STABLE    |
+------------------------------------------------------------+

Global Time summary (125 MHz reference; 1 cycle = 8 ns)
------------------------------------------------------------
  MASTER  (DE5_1-11.1)
    TAI=1625         CYCLES=124999999    VALID
  SLAVE   (DE5_1-11.2)
    TAI=--           CYCLES=--           WAITING (TIME_VALID=0, PPS_VALID=0)
------------------------------------------------------------
Dashboard read complete.
White Rabbit Step 1-6 dashboard  2026-09-30T15:50:39+08:00  (read-only)
Sampling interval: 10s; per-board comparison window: 2000ms

+------------------------------------------------------------+
| MASTER   DE5_1-11.1                                      |
+------------------------------------------------------------+
| Step 1  PHY / Link           PASS                        |
| Step 2  Endpoint / PTP       PASS                        |
| Step 3  WR Handshake         INFO                        |
| Step 4  SoftPLL Startup      PASS                        |
| Step 5  Closed-loop Lock     INFO                        |
| Step 6  Global Time          VALID                       |
+------------------------------------------------------------+
| Link health                  Link=1  TM=1  RX=1  TX=1 |
| Lock signals                 Helper=NA  MainFreq=NA  MainPhase=NA |
|                              MainLock=NA  PSTAT=NA             |
| Global-Time reason           PPS snapshot valid; Step6 gate passed |
| WR PTP servo state           NA                          |
| WR phase offset              NA ps                       |
| Global-Time validity         TIME_VALID=1 PPS_VALID=1     |
| Snapshot                     snapshot=1 stable=1 count=1636 |
| PPS registers                CR=20000006 EN=0 ESCR=1548  |
| PPS register validity        TM=1 PPS=1                  |
| Step5 result                 NOT_APPLICABLE_MASTER       |
+------------------------------------------------------------+
+------------------------------------------------------------+
| SLAVE    DE5_1-11.2                                      |
+------------------------------------------------------------+
| Step 1  PHY / Link           PASS                        |
| Step 2  Endpoint / PTP       PASS                        |
| Step 3  WR Handshake         PASS                        |
| Step 4  SoftPLL Startup      PASS                        |
| Step 5  Closed-loop Lock     INFO                        |
| Step 6  Global Time          WAITING                     |
+------------------------------------------------------------+
| Link health                  Link=1  TM=1  RX=1  TX=1 |
| Lock signals                 Helper=1  MainFreq=1  MainPhase=1 |
|                              MainLock=1  PSTAT=1             |
| Global-Time reason           PTP servo offset not yet <60 ps |
| WR PTP servo state           WAIT_OFFSET_STABLE          |
| WR phase offset              -2286 ps (target |offset| <60 ps) |
| Global-Time validity         TIME_VALID=0 PPS_VALID=0     |
| Snapshot                     snapshot=0 stable=1 count=0 |
| PPS registers                CR=20000006 EN=0 ESCR=1536  |
| PPS register validity        TM=0 PPS=0                  |
| Step5 result                 LOCK_ACQUIRED_NOT_STABLE    |
+------------------------------------------------------------+

Global Time summary (125 MHz reference; 1 cycle = 8 ns)
------------------------------------------------------------
  MASTER  (DE5_1-11.1)
    TAI=1635         CYCLES=124999999    VALID
  SLAVE   (DE5_1-11.2)
    TAI=--           CYCLES=--           WAITING (TIME_VALID=0, PPS_VALID=0)
------------------------------------------------------------
Dashboard read complete.
White Rabbit Step 1-6 dashboard  2026-09-30T15:50:49+08:00  (read-only)
Sampling interval: 10s; per-board comparison window: 2000ms

+------------------------------------------------------------+
| MASTER   DE5_1-11.1                                      |
+------------------------------------------------------------+
| Step 1  PHY / Link           PASS                        |
| Step 2  Endpoint / PTP       PASS                        |
| Step 3  WR Handshake         INFO                        |
| Step 4  SoftPLL Startup      PASS                        |
| Step 5  Closed-loop Lock     INFO                        |
| Step 6  Global Time          VALID                       |
+------------------------------------------------------------+
| Link health                  Link=1  TM=1  RX=1  TX=1 |
| Lock signals                 Helper=NA  MainFreq=NA  MainPhase=NA |
|                              MainLock=NA  PSTAT=NA             |
| Global-Time reason           PPS snapshot valid; Step6 gate passed |
| WR PTP servo state           NA                          |
| WR phase offset              NA ps                       |
| Global-Time validity         TIME_VALID=1 PPS_VALID=1     |
| Snapshot                     snapshot=1 stable=1 count=1646 |
| PPS registers                CR=20000006 EN=0 ESCR=1548  |
| PPS register validity        TM=1 PPS=1                  |
| Step5 result                 NOT_APPLICABLE_MASTER       |
+------------------------------------------------------------+
+------------------------------------------------------------+
| SLAVE    DE5_1-11.2                                      |
+------------------------------------------------------------+
| Step 1  PHY / Link           PASS                        |
| Step 2  Endpoint / PTP       PASS                        |
| Step 3  WR Handshake         PASS                        |
| Step 4  SoftPLL Startup      PASS                        |
| Step 5  Closed-loop Lock     INFO                        |
| Step 6  Global Time          WAITING                     |
+------------------------------------------------------------+
| Link health                  Link=1  TM=1  RX=1  TX=1 |
| Lock signals                 Helper=1  MainFreq=1  MainPhase=1 |
|                              MainLock=1  PSTAT=1             |
| Global-Time reason           PTP servo offset not yet <60 ps |
| WR PTP servo state           WAIT_OFFSET_STABLE          |
| WR phase offset              -1625 ps (target |offset| <60 ps) |
| Global-Time validity         TIME_VALID=0 PPS_VALID=0     |
| Snapshot                     snapshot=0 stable=1 count=0 |
| PPS registers                CR=20000006 EN=0 ESCR=1536  |
| PPS register validity        TM=0 PPS=0                  |
| Step5 result                 LOCK_ACQUIRED_NOT_STABLE    |
+------------------------------------------------------------+

Global Time summary (125 MHz reference; 1 cycle = 8 ns)
------------------------------------------------------------
  MASTER  (DE5_1-11.1)
    TAI=1645         CYCLES=124999999    VALID
  SLAVE   (DE5_1-11.2)
    TAI=--           CYCLES=--           WAITING (TIME_VALID=0, PPS_VALID=0)
------------------------------------------------------------
Dashboard read complete.
White Rabbit Step 1-6 dashboard  2026-09-30T15:50:59+08:00  (read-only)
Sampling interval: 10s; per-board comparison window: 2000ms

+------------------------------------------------------------+
| MASTER   DE5_1-11.1                                      |
+------------------------------------------------------------+
| Step 1  PHY / Link           PASS                        |
| Step 2  Endpoint / PTP       PASS                        |
| Step 3  WR Handshake         INFO                        |
| Step 4  SoftPLL Startup      PASS                        |
| Step 5  Closed-loop Lock     INFO                        |
| Step 6  Global Time          VALID                       |
+------------------------------------------------------------+
| Link health                  Link=1  TM=1  RX=1  TX=1 |
| Lock signals                 Helper=NA  MainFreq=NA  MainPhase=NA |
|                              MainLock=NA  PSTAT=NA             |
| Global-Time reason           PPS snapshot valid; Step6 gate passed |
| WR PTP servo state           NA                          |
| WR phase offset              NA ps                       |
| Global-Time validity         TIME_VALID=1 PPS_VALID=1     |
| Snapshot                     snapshot=1 stable=1 count=1656 |
| PPS registers                CR=20000006 EN=0 ESCR=1548  |
| PPS register validity        TM=1 PPS=1                  |
| Step5 result                 NOT_APPLICABLE_MASTER       |
+------------------------------------------------------------+
+------------------------------------------------------------+
| SLAVE    DE5_1-11.2                                      |
+------------------------------------------------------------+
| Step 1  PHY / Link           PASS                        |
| Step 2  Endpoint / PTP       PASS                        |
| Step 3  WR Handshake         PASS                        |
| Step 4  SoftPLL Startup      PASS                        |
| Step 5  Closed-loop Lock     INFO                        |
| Step 6  Global Time          WAITING                     |
+------------------------------------------------------------+
| Link health                  Link=1  TM=1  RX=1  TX=1 |
| Lock signals                 Helper=1  MainFreq=1  MainPhase=1 |
|                              MainLock=1  PSTAT=1             |
| Global-Time reason           PTP servo offset not yet <60 ps |
| WR PTP servo state           WAIT_OFFSET_STABLE          |
| WR phase offset              2692 ps (target |offset| <60 ps) |
| Global-Time validity         TIME_VALID=0 PPS_VALID=0     |
| Snapshot                     snapshot=0 stable=1 count=0 |
| PPS registers                CR=20000006 EN=0 ESCR=1536  |
| PPS register validity        TM=0 PPS=0                  |
| Step5 result                 LOCK_ACQUIRED_NOT_STABLE    |
+------------------------------------------------------------+

Global Time summary (125 MHz reference; 1 cycle = 8 ns)
------------------------------------------------------------
  MASTER  (DE5_1-11.1)
    TAI=1655         CYCLES=124999999    VALID
  SLAVE   (DE5_1-11.2)
    TAI=--           CYCLES=--           WAITING (TIME_VALID=0, PPS_VALID=0)
------------------------------------------------------------
Dashboard read complete.
White Rabbit Step 1-6 dashboard  2026-09-30T15:51:09+08:00  (read-only)
Sampling interval: 10s; per-board comparison window: 2000ms

+------------------------------------------------------------+
| MASTER   DE5_1-11.1                                      |
+------------------------------------------------------------+
| Step 1  PHY / Link           PASS                        |
| Step 2  Endpoint / PTP       PASS                        |
| Step 3  WR Handshake         INFO                        |
| Step 4  SoftPLL Startup      PASS                        |
| Step 5  Closed-loop Lock     INFO                        |
| Step 6  Global Time          VALID                       |
+------------------------------------------------------------+
| Link health                  Link=1  TM=1  RX=1  TX=1 |
| Lock signals                 Helper=NA  MainFreq=NA  MainPhase=NA |
|                              MainLock=NA  PSTAT=NA             |
| Global-Time reason           PPS snapshot valid; Step6 gate passed |
| WR PTP servo state           NA                          |
| WR phase offset              NA ps                       |
| Global-Time validity         TIME_VALID=1 PPS_VALID=1     |
| Snapshot                     snapshot=1 stable=1 count=1666 |
| PPS registers                CR=20000006 EN=0 ESCR=1548  |
| PPS register validity        TM=1 PPS=1                  |
| Step5 result                 NOT_APPLICABLE_MASTER       |
+------------------------------------------------------------+
+------------------------------------------------------------+
| SLAVE    DE5_1-11.2                                      |
+------------------------------------------------------------+
| Step 1  PHY / Link           PASS                        |
| Step 2  Endpoint / PTP       PASS                        |
| Step 3  WR Handshake         PASS                        |
| Step 4  SoftPLL Startup      PASS                        |
| Step 5  Closed-loop Lock     INFO                        |
| Step 6  Global Time          WAITING                     |
+------------------------------------------------------------+
| Link health                  Link=1  TM=1  RX=1  TX=1 |
| Lock signals                 Helper=1  MainFreq=1  MainPhase=1 |
|                              MainLock=1  PSTAT=1             |
| Global-Time reason           PTP servo offset not yet <60 ps |
| WR PTP servo state           WAIT_OFFSET_STABLE          |
| WR phase offset              1963 ps (target |offset| <60 ps) |
| Global-Time validity         TIME_VALID=0 PPS_VALID=0     |
| Snapshot                     snapshot=0 stable=1 count=0 |
| PPS registers                CR=20000006 EN=0 ESCR=1536  |
| PPS register validity        TM=0 PPS=0                  |
| Step5 result                 LOCK_ACQUIRED_NOT_STABLE    |
+------------------------------------------------------------+

Global Time summary (125 MHz reference; 1 cycle = 8 ns)
------------------------------------------------------------
  MASTER  (DE5_1-11.1)
    TAI=1665         CYCLES=124999999    VALID
  SLAVE   (DE5_1-11.2)
    TAI=--           CYCLES=--           WAITING (TIME_VALID=0, PPS_VALID=0)
------------------------------------------------------------
Dashboard read complete.
White Rabbit Step 1-6 dashboard  2026-09-30T15:51:19+08:00  (read-only)
Sampling interval: 10s; per-board comparison window: 2000ms

+------------------------------------------------------------+
| MASTER   DE5_1-11.1                                      |
+------------------------------------------------------------+
| Step 1  PHY / Link           PASS                        |
| Step 2  Endpoint / PTP       PASS                        |
| Step 3  WR Handshake         INFO                        |
| Step 4  SoftPLL Startup      PASS                        |
| Step 5  Closed-loop Lock     INFO                        |
| Step 6  Global Time          VALID                       |
+------------------------------------------------------------+
| Link health                  Link=1  TM=1  RX=1  TX=1 |
| Lock signals                 Helper=NA  MainFreq=NA  MainPhase=NA |
|                              MainLock=NA  PSTAT=NA             |
| Global-Time reason           PPS snapshot valid; Step6 gate passed |
| WR PTP servo state           NA                          |
| WR phase offset              NA ps                       |
| Global-Time validity         TIME_VALID=1 PPS_VALID=1     |
| Snapshot                     snapshot=1 stable=1 count=1676 |
| PPS registers                CR=20000006 EN=0 ESCR=1676  |
| PPS register validity        TM=1 PPS=1                  |
| Step5 result                 NOT_APPLICABLE_MASTER       |
+------------------------------------------------------------+
+------------------------------------------------------------+
| SLAVE    DE5_1-11.2                                      |
+------------------------------------------------------------+
| Step 1  PHY / Link           PASS                        |
| Step 2  Endpoint / PTP       PASS                        |
| Step 3  WR Handshake         PASS                        |
| Step 4  SoftPLL Startup      PASS                        |
| Step 5  Closed-loop Lock     INFO                        |
| Step 6  Global Time          WAITING                     |
+------------------------------------------------------------+
| Link health                  Link=1  TM=1  RX=1  TX=1 |
| Lock signals                 Helper=1  MainFreq=1  MainPhase=1 |
|                              MainLock=1  PSTAT=1             |
| Global-Time reason           PTP servo offset not yet <60 ps |
| WR PTP servo state           WAIT_OFFSET_STABLE          |
| WR phase offset              2391 ps (target |offset| <60 ps) |
| Global-Time validity         TIME_VALID=0 PPS_VALID=0     |
| Snapshot                     snapshot=0 stable=1 count=0 |
| PPS registers                CR=20000006 EN=0 ESCR=1536  |
| PPS register validity        TM=0 PPS=0                  |
| Step5 result                 LOCK_ACQUIRED_NOT_STABLE    |
+------------------------------------------------------------+

Global Time summary (125 MHz reference; 1 cycle = 8 ns)
------------------------------------------------------------
  MASTER  (DE5_1-11.1)
    TAI=1675         CYCLES=124999999    VALID
  SLAVE   (DE5_1-11.2)
    TAI=--           CYCLES=--           WAITING (TIME_VALID=0, PPS_VALID=0)
------------------------------------------------------------
Dashboard read complete.
White Rabbit Step 1-6 dashboard  2026-09-30T15:51:29+08:00  (read-only)
Sampling interval: 10s; per-board comparison window: 2000ms

+------------------------------------------------------------+
| MASTER   DE5_1-11.1                                      |
+------------------------------------------------------------+
| Step 1  PHY / Link           PASS                        |
| Step 2  Endpoint / PTP       PASS                        |
| Step 3  WR Handshake         INFO                        |
| Step 4  SoftPLL Startup      PASS                        |
| Step 5  Closed-loop Lock     INFO                        |
| Step 6  Global Time          VALID                       |
+------------------------------------------------------------+
| Link health                  Link=1  TM=1  RX=1  TX=1 |
| Lock signals                 Helper=NA  MainFreq=NA  MainPhase=NA |
|                              MainLock=NA  PSTAT=NA             |
| Global-Time reason           PPS snapshot valid; Step6 gate passed |
| WR PTP servo state           NA                          |
| WR phase offset              NA ps                       |
| Global-Time validity         TIME_VALID=1 PPS_VALID=1     |
| Snapshot                     snapshot=1 stable=1 count=1686 |
| PPS registers                CR=20000006 EN=0 ESCR=1548  |
| PPS register validity        TM=1 PPS=1                  |
| Step5 result                 NOT_APPLICABLE_MASTER       |
+------------------------------------------------------------+
+------------------------------------------------------------+
| SLAVE    DE5_1-11.2                                      |
+------------------------------------------------------------+
| Step 1  PHY / Link           PASS                        |
| Step 2  Endpoint / PTP       PASS                        |
| Step 3  WR Handshake         PASS                        |
| Step 4  SoftPLL Startup      PASS                        |
| Step 5  Closed-loop Lock     INFO                        |
| Step 6  Global Time          WAITING                     |
+------------------------------------------------------------+
| Link health                  Link=1  TM=1  RX=1  TX=1 |
| Lock signals                 Helper=1  MainFreq=1  MainPhase=1 |
|                              MainLock=1  PSTAT=1             |
| Global-Time reason           PTP servo offset not yet <60 ps |
| WR PTP servo state           WAIT_OFFSET_STABLE          |
| WR phase offset              -2234 ps (target |offset| <60 ps) |
| Global-Time validity         TIME_VALID=0 PPS_VALID=0     |
| Snapshot                     snapshot=0 stable=1 count=0 |
| PPS registers                CR=20000006 EN=0 ESCR=1536  |
| PPS register validity        TM=0 PPS=0                  |
| Step5 result                 LOCK_ACQUIRED_NOT_STABLE    |
+------------------------------------------------------------+

Global Time summary (125 MHz reference; 1 cycle = 8 ns)
------------------------------------------------------------
  MASTER  (DE5_1-11.1)
    TAI=1685         CYCLES=124999999    VALID
  SLAVE   (DE5_1-11.2)
    TAI=--           CYCLES=--           WAITING (TIME_VALID=0, PPS_VALID=0)
------------------------------------------------------------
Dashboard read complete.
White Rabbit Step 1-6 dashboard  2026-09-30T15:51:39+08:00  (read-only)
Sampling interval: 10s; per-board comparison window: 2000ms

+------------------------------------------------------------+
| MASTER   DE5_1-11.1                                      |
+------------------------------------------------------------+
| Step 1  PHY / Link           PASS                        |
| Step 2  Endpoint / PTP       PASS                        |
| Step 3  WR Handshake         INFO                        |
| Step 4  SoftPLL Startup      PASS                        |
| Step 5  Closed-loop Lock     INFO                        |
| Step 6  Global Time          VALID                       |
+------------------------------------------------------------+
| Link health                  Link=1  TM=1  RX=1  TX=1 |
| Lock signals                 Helper=NA  MainFreq=NA  MainPhase=NA |
|                              MainLock=NA  PSTAT=NA             |
| Global-Time reason           PPS snapshot valid; Step6 gate passed |
| WR PTP servo state           NA                          |
| WR phase offset              NA ps                       |
| Global-Time validity         TIME_VALID=1 PPS_VALID=1     |
| Snapshot                     snapshot=1 stable=1 count=1696 |
| PPS registers                CR=20000006 EN=0 ESCR=1548  |
| PPS register validity        TM=1 PPS=1                  |
| Step5 result                 NOT_APPLICABLE_MASTER       |
+------------------------------------------------------------+
+------------------------------------------------------------+
| SLAVE    DE5_1-11.2                                      |
+------------------------------------------------------------+
| Step 1  PHY / Link           PASS                        |
| Step 2  Endpoint / PTP       PASS                        |
| Step 3  WR Handshake         PASS                        |
| Step 4  SoftPLL Startup      PASS                        |
| Step 5  Closed-loop Lock     INFO                        |
| Step 6  Global Time          WAITING                     |
+------------------------------------------------------------+
| Link health                  Link=1  TM=1  RX=1  TX=1 |
| Lock signals                 Helper=1  MainFreq=1  MainPhase=1 |
|                              MainLock=1  PSTAT=1             |
| Global-Time reason           PTP servo offset not yet <60 ps |
| WR PTP servo state           WAIT_OFFSET_STABLE          |
| WR phase offset              -2166 ps (target |offset| <60 ps) |
| Global-Time validity         TIME_VALID=0 PPS_VALID=0     |
| Snapshot                     snapshot=0 stable=1 count=0 |
| PPS registers                CR=20000006 EN=0 ESCR=1536  |
| PPS register validity        TM=0 PPS=0                  |
| Step5 result                 LOCK_ACQUIRED_NOT_STABLE    |
+------------------------------------------------------------+

Global Time summary (125 MHz reference; 1 cycle = 8 ns)
------------------------------------------------------------
  MASTER  (DE5_1-11.1)
    TAI=1695         CYCLES=124999999    VALID
  SLAVE   (DE5_1-11.2)
    TAI=--           CYCLES=--           WAITING (TIME_VALID=0, PPS_VALID=0)
------------------------------------------------------------
Dashboard read complete.
White Rabbit Step 1-6 dashboard  2026-09-30T15:51:49+08:00  (read-only)
Sampling interval: 10s; per-board comparison window: 2000ms

+------------------------------------------------------------+
| MASTER   DE5_1-11.1                                      |
+------------------------------------------------------------+
| Step 1  PHY / Link           PASS                        |
| Step 2  Endpoint / PTP       PASS                        |
| Step 3  WR Handshake         INFO                        |
| Step 4  SoftPLL Startup      PASS                        |
| Step 5  Closed-loop Lock     INFO                        |
| Step 6  Global Time          VALID                       |
+------------------------------------------------------------+
| Link health                  Link=1  TM=1  RX=1  TX=1 |
| Lock signals                 Helper=NA  MainFreq=NA  MainPhase=NA |
|                              MainLock=NA  PSTAT=NA             |
| Global-Time reason           PPS snapshot valid; Step6 gate passed |
| WR PTP servo state           NA                          |
| WR phase offset              NA ps                       |
| Global-Time validity         TIME_VALID=1 PPS_VALID=1     |
| Snapshot                     snapshot=1 stable=1 count=1706 |
| PPS registers                CR=20000006 EN=0 ESCR=1676  |
| PPS register validity        TM=1 PPS=1                  |
| Step5 result                 NOT_APPLICABLE_MASTER       |
+------------------------------------------------------------+
+------------------------------------------------------------+
| SLAVE    DE5_1-11.2                                      |
+------------------------------------------------------------+
| Step 1  PHY / Link           PASS                        |
| Step 2  Endpoint / PTP       PASS                        |
| Step 3  WR Handshake         PASS                        |
| Step 4  SoftPLL Startup      PASS                        |
| Step 5  Closed-loop Lock     INFO                        |
| Step 6  Global Time          WAITING                     |
+------------------------------------------------------------+
| Link health                  Link=1  TM=1  RX=1  TX=1 |
| Lock signals                 Helper=1  MainFreq=1  MainPhase=1 |
|                              MainLock=1  PSTAT=1             |
| Global-Time reason           PTP servo offset not yet <60 ps |
| WR PTP servo state           SYNC_PHASE                  |
| WR phase offset              2580 ps (target |offset| <60 ps) |
| Global-Time validity         TIME_VALID=0 PPS_VALID=0     |
| Snapshot                     snapshot=0 stable=1 count=0 |
| PPS registers                CR=20000006 EN=0 ESCR=1536  |
| PPS register validity        TM=0 PPS=0                  |
| Step5 result                 LOCK_ACQUIRED_NOT_STABLE    |
+------------------------------------------------------------+

Global Time summary (125 MHz reference; 1 cycle = 8 ns)
------------------------------------------------------------
  MASTER  (DE5_1-11.1)
    TAI=1705         CYCLES=124999999    VALID
  SLAVE   (DE5_1-11.2)
    TAI=--           CYCLES=--           WAITING (TIME_VALID=0, PPS_VALID=0)
------------------------------------------------------------
Dashboard read complete.
White Rabbit Step 1-6 dashboard  2026-09-30T15:51:59+08:00  (read-only)
Sampling interval: 10s; per-board comparison window: 2000ms

+------------------------------------------------------------+
| MASTER   DE5_1-11.1                                      |
+------------------------------------------------------------+
| Step 1  PHY / Link           PASS                        |
| Step 2  Endpoint / PTP       PASS                        |
| Step 3  WR Handshake         INFO                        |
| Step 4  SoftPLL Startup      PASS                        |
| Step 5  Closed-loop Lock     INFO                        |
| Step 6  Global Time          VALID                       |
+------------------------------------------------------------+
| Link health                  Link=1  TM=1  RX=1  TX=1 |
| Lock signals                 Helper=NA  MainFreq=NA  MainPhase=NA |
|                              MainLock=NA  PSTAT=NA             |
| Global-Time reason           PPS snapshot valid; Step6 gate passed |
| WR PTP servo state           NA                          |
| WR phase offset              NA ps                       |
| Global-Time validity         TIME_VALID=1 PPS_VALID=1     |
| Snapshot                     snapshot=1 stable=1 count=1716 |
| PPS registers                CR=20000006 EN=0 ESCR=1548  |
| PPS register validity        TM=1 PPS=1                  |
| Step5 result                 NOT_APPLICABLE_MASTER       |
+------------------------------------------------------------+
+------------------------------------------------------------+
| SLAVE    DE5_1-11.2                                      |
+------------------------------------------------------------+
| Step 1  PHY / Link           PASS                        |
| Step 2  Endpoint / PTP       PASS                        |
| Step 3  WR Handshake         PASS                        |
| Step 4  SoftPLL Startup      PASS                        |
| Step 5  Closed-loop Lock     INFO                        |
| Step 6  Global Time          WAITING                     |
+------------------------------------------------------------+
| Link health                  Link=1  TM=1  RX=1  TX=1 |
| Lock signals                 Helper=1  MainFreq=1  MainPhase=1 |
|                              MainLock=1  PSTAT=1             |
| Global-Time reason           PTP servo offset not yet <60 ps |
| WR PTP servo state           WAIT_OFFSET_STABLE          |
| WR phase offset              -2333 ps (target |offset| <60 ps) |
| Global-Time validity         TIME_VALID=0 PPS_VALID=0     |
| Snapshot                     snapshot=0 stable=1 count=0 |
| PPS registers                CR=20000006 EN=0 ESCR=33402624 |
| PPS register validity        TM=0 PPS=0                  |
| Step5 result                 LOCK_ACQUIRED_NOT_STABLE    |
+------------------------------------------------------------+

Global Time summary (125 MHz reference; 1 cycle = 8 ns)
------------------------------------------------------------
  MASTER  (DE5_1-11.1)
    TAI=1715         CYCLES=124999999    VALID
  SLAVE   (DE5_1-11.2)
    TAI=--           CYCLES=--           WAITING (TIME_VALID=0, PPS_VALID=0)
------------------------------------------------------------
Dashboard read complete.
White Rabbit Step 1-6 dashboard  2026-09-30T15:52:09+08:00  (read-only)
Sampling interval: 10s; per-board comparison window: 2000ms

+------------------------------------------------------------+
| MASTER   DE5_1-11.1                                      |
+------------------------------------------------------------+
| Step 1  PHY / Link           PASS                        |
| Step 2  Endpoint / PTP       PASS                        |
| Step 3  WR Handshake         INFO                        |
| Step 4  SoftPLL Startup      PASS                        |
| Step 5  Closed-loop Lock     INFO                        |
| Step 6  Global Time          VALID                       |
+------------------------------------------------------------+
| Link health                  Link=1  TM=1  RX=1  TX=1 |
| Lock signals                 Helper=NA  MainFreq=NA  MainPhase=NA |
|                              MainLock=NA  PSTAT=NA             |
| Global-Time reason           PPS snapshot valid; Step6 gate passed |
| WR PTP servo state           NA                          |
| WR phase offset              NA ps                       |
| Global-Time validity         TIME_VALID=1 PPS_VALID=1     |
| Snapshot                     snapshot=1 stable=1 count=1726 |
| PPS registers                CR=20000006 EN=0 ESCR=1548  |
| PPS register validity        TM=1 PPS=1                  |
| Step5 result                 NOT_APPLICABLE_MASTER       |
+------------------------------------------------------------+
+------------------------------------------------------------+
| SLAVE    DE5_1-11.2                                      |
+------------------------------------------------------------+
| Step 1  PHY / Link           PASS                        |
| Step 2  Endpoint / PTP       PASS                        |
| Step 3  WR Handshake         PASS                        |
| Step 4  SoftPLL Startup      PASS                        |
| Step 5  Closed-loop Lock     INFO                        |
| Step 6  Global Time          WAITING                     |
+------------------------------------------------------------+
| Link health                  Link=1  TM=1  RX=1  TX=1 |
| Lock signals                 Helper=1  MainFreq=1  MainPhase=1 |
|                              MainLock=1  PSTAT=1             |
| Global-Time reason           PTP servo offset not yet <60 ps |
| WR PTP servo state           WAIT_OFFSET_STABLE          |
| WR phase offset              2385 ps (target |offset| <60 ps) |
| Global-Time validity         TIME_VALID=0 PPS_VALID=0     |
| Snapshot                     snapshot=0 stable=1 count=0 |
| PPS registers                CR=20000006 EN=0 ESCR=1536  |
| PPS register validity        TM=0 PPS=0                  |
| Step5 result                 LOCK_ACQUIRED_NOT_STABLE    |
+------------------------------------------------------------+

Global Time summary (125 MHz reference; 1 cycle = 8 ns)
------------------------------------------------------------
  MASTER  (DE5_1-11.1)
    TAI=1725         CYCLES=124999999    VALID
  SLAVE   (DE5_1-11.2)
    TAI=--           CYCLES=--           WAITING (TIME_VALID=0, PPS_VALID=0)
------------------------------------------------------------
Dashboard read complete.
White Rabbit Step 1-6 dashboard  2026-09-30T15:52:19+08:00  (read-only)
Sampling interval: 10s; per-board comparison window: 2000ms

+------------------------------------------------------------+
| MASTER   DE5_1-11.1                                      |
+------------------------------------------------------------+
| Step 1  PHY / Link           PASS                        |
| Step 2  Endpoint / PTP       PASS                        |
| Step 3  WR Handshake         INFO                        |
| Step 4  SoftPLL Startup      PASS                        |
| Step 5  Closed-loop Lock     INFO                        |
| Step 6  Global Time          VALID                       |
+------------------------------------------------------------+
| Link health                  Link=1  TM=1  RX=1  TX=1 |
| Lock signals                 Helper=NA  MainFreq=NA  MainPhase=NA |
|                              MainLock=NA  PSTAT=NA             |
| Global-Time reason           PPS snapshot valid; Step6 gate passed |
| WR PTP servo state           NA                          |
| WR phase offset              NA ps                       |
| Global-Time validity         TIME_VALID=1 PPS_VALID=1     |
| Snapshot                     snapshot=1 stable=1 count=1736 |
| PPS registers                CR=20000006 EN=0 ESCR=1548  |
| PPS register validity        TM=1 PPS=1                  |
| Step5 result                 NOT_APPLICABLE_MASTER       |
+------------------------------------------------------------+
+------------------------------------------------------------+
| SLAVE    DE5_1-11.2                                      |
+------------------------------------------------------------+
| Step 1  PHY / Link           PASS                        |
| Step 2  Endpoint / PTP       PASS                        |
| Step 3  WR Handshake         PASS                        |
| Step 4  SoftPLL Startup      PASS                        |
| Step 5  Closed-loop Lock     INFO                        |
| Step 6  Global Time          WAITING                     |
+------------------------------------------------------------+
| Link health                  Link=1  TM=1  RX=1  TX=1 |
| Lock signals                 Helper=1  MainFreq=1  MainPhase=1 |
|                              MainLock=1  PSTAT=1             |
| Global-Time reason           PTP servo offset not yet <60 ps |
| WR PTP servo state           WAIT_OFFSET_STABLE          |
| WR phase offset              -2158 ps (target |offset| <60 ps) |
| Global-Time validity         TIME_VALID=0 PPS_VALID=0     |
| Snapshot                     snapshot=0 stable=1 count=0 |
| PPS registers                CR=20000006 EN=0 ESCR=1536  |
| PPS register validity        TM=0 PPS=0                  |
| Step5 result                 LOCK_ACQUIRED_NOT_STABLE    |
+------------------------------------------------------------+

Global Time summary (125 MHz reference; 1 cycle = 8 ns)
------------------------------------------------------------
  MASTER  (DE5_1-11.1)
    TAI=1735         CYCLES=124999999    VALID
  SLAVE   (DE5_1-11.2)
    TAI=--           CYCLES=--           WAITING (TIME_VALID=0, PPS_VALID=0)
------------------------------------------------------------
Dashboard read complete.
White Rabbit Step 1-6 dashboard  2026-09-30T15:52:29+08:00  (read-only)
Sampling interval: 10s; per-board comparison window: 2000ms

+------------------------------------------------------------+
| MASTER   DE5_1-11.1                                      |
+------------------------------------------------------------+
| Step 1  PHY / Link           PASS                        |
| Step 2  Endpoint / PTP       PASS                        |
| Step 3  WR Handshake         INFO                        |
| Step 4  SoftPLL Startup      PASS                        |
| Step 5  Closed-loop Lock     INFO                        |
| Step 6  Global Time          VALID                       |
+------------------------------------------------------------+
| Link health                  Link=1  TM=1  RX=1  TX=1 |
| Lock signals                 Helper=NA  MainFreq=NA  MainPhase=NA |
|                              MainLock=NA  PSTAT=NA             |
| Global-Time reason           PPS snapshot valid; Step6 gate passed |
| WR PTP servo state           NA                          |
| WR phase offset              NA ps                       |
| Global-Time validity         TIME_VALID=1 PPS_VALID=1     |
| Snapshot                     snapshot=1 stable=1 count=1746 |
| PPS registers                CR=20000006 EN=0 ESCR=1548  |
| PPS register validity        TM=1 PPS=1                  |
| Step5 result                 NOT_APPLICABLE_MASTER       |
+------------------------------------------------------------+
+------------------------------------------------------------+
| SLAVE    DE5_1-11.2                                      |
+------------------------------------------------------------+
| Step 1  PHY / Link           PASS                        |
| Step 2  Endpoint / PTP       PASS                        |
| Step 3  WR Handshake         PASS                        |
| Step 4  SoftPLL Startup      PASS                        |
| Step 5  Closed-loop Lock     INFO                        |
| Step 6  Global Time          WAITING                     |
+------------------------------------------------------------+
| Link health                  Link=1  TM=1  RX=1  TX=1 |
| Lock signals                 Helper=1  MainFreq=1  MainPhase=1 |
|                              MainLock=1  PSTAT=1             |
| Global-Time reason           PTP servo offset not yet <60 ps |
| WR PTP servo state           WAIT_OFFSET_STABLE          |
| WR phase offset              2417 ps (target |offset| <60 ps) |
| Global-Time validity         TIME_VALID=0 PPS_VALID=0     |
| Snapshot                     snapshot=0 stable=1 count=0 |
| PPS registers                CR=20000006 EN=0 ESCR=1536  |
| PPS register validity        TM=0 PPS=0                  |
| Step5 result                 LOCK_ACQUIRED_NOT_STABLE    |
+------------------------------------------------------------+

Global Time summary (125 MHz reference; 1 cycle = 8 ns)
------------------------------------------------------------
  MASTER  (DE5_1-11.1)
    TAI=1745         CYCLES=124999999    VALID
  SLAVE   (DE5_1-11.2)
    TAI=--           CYCLES=--           WAITING (TIME_VALID=0, PPS_VALID=0)
------------------------------------------------------------
Dashboard read complete.
White Rabbit Step 1-6 dashboard  2026-09-30T15:52:39+08:00  (read-only)
Sampling interval: 10s; per-board comparison window: 2000ms

+------------------------------------------------------------+
| MASTER   DE5_1-11.1                                      |
+------------------------------------------------------------+
| Step 1  PHY / Link           PASS                        |
| Step 2  Endpoint / PTP       PASS                        |
| Step 3  WR Handshake         INFO                        |
| Step 4  SoftPLL Startup      PASS                        |
| Step 5  Closed-loop Lock     INFO                        |
| Step 6  Global Time          VALID                       |
+------------------------------------------------------------+
| Link health                  Link=1  TM=1  RX=1  TX=1 |
| Lock signals                 Helper=NA  MainFreq=NA  MainPhase=NA |
|                              MainLock=NA  PSTAT=NA             |
| Global-Time reason           PPS snapshot valid; Step6 gate passed |
| WR PTP servo state           NA                          |
| WR phase offset              NA ps                       |
| Global-Time validity         TIME_VALID=1 PPS_VALID=1     |
| Snapshot                     snapshot=1 stable=1 count=1756 |
| PPS registers                CR=20000006 EN=0 ESCR=1548  |
| PPS register validity        TM=1 PPS=1                  |
| Step5 result                 NOT_APPLICABLE_MASTER       |
+------------------------------------------------------------+
+------------------------------------------------------------+
| SLAVE    DE5_1-11.2                                      |
+------------------------------------------------------------+
| Step 1  PHY / Link           PASS                        |
| Step 2  Endpoint / PTP       PASS                        |
| Step 3  WR Handshake         PASS                        |
| Step 4  SoftPLL Startup      PASS                        |
| Step 5  Closed-loop Lock     INFO                        |
| Step 6  Global Time          WAITING                     |
+------------------------------------------------------------+
| Link health                  Link=1  TM=1  RX=1  TX=1 |
| Lock signals                 Helper=1  MainFreq=1  MainPhase=1 |
|                              MainLock=1  PSTAT=1             |
| Global-Time reason           PTP servo offset not yet <60 ps |
| WR PTP servo state           WAIT_OFFSET_STABLE          |
| WR phase offset              -2258 ps (target |offset| <60 ps) |
| Global-Time validity         TIME_VALID=0 PPS_VALID=0     |
| Snapshot                     snapshot=0 stable=1 count=0 |
| PPS registers                CR=20000006 EN=0 ESCR=1536  |
| PPS register validity        TM=0 PPS=0                  |
| Step5 result                 LOCK_ACQUIRED_NOT_STABLE    |
+------------------------------------------------------------+

Global Time summary (125 MHz reference; 1 cycle = 8 ns)
------------------------------------------------------------
  MASTER  (DE5_1-11.1)
    TAI=1755         CYCLES=124999999    VALID
  SLAVE   (DE5_1-11.2)
    TAI=--           CYCLES=--           WAITING (TIME_VALID=0, PPS_VALID=0)
------------------------------------------------------------
Dashboard read complete.
White Rabbit Step 1-6 dashboard  2026-09-30T15:52:49+08:00  (read-only)
Sampling interval: 10s; per-board comparison window: 2000ms

+------------------------------------------------------------+
| MASTER   DE5_1-11.1                                      |
+------------------------------------------------------------+
| Step 1  PHY / Link           PASS                        |
| Step 2  Endpoint / PTP       PASS                        |
| Step 3  WR Handshake         INFO                        |
| Step 4  SoftPLL Startup      PASS                        |
| Step 5  Closed-loop Lock     INFO                        |
| Step 6  Global Time          VALID                       |
+------------------------------------------------------------+
| Link health                  Link=1  TM=1  RX=1  TX=1 |
| Lock signals                 Helper=NA  MainFreq=NA  MainPhase=NA |
|                              MainLock=NA  PSTAT=NA             |
| Global-Time reason           PPS snapshot valid; Step6 gate passed |
| WR PTP servo state           NA                          |
| WR phase offset              NA ps                       |
| Global-Time validity         TIME_VALID=1 PPS_VALID=1     |
| Snapshot                     snapshot=1 stable=1 count=1766 |
| PPS registers                CR=20000006 EN=0 ESCR=1548  |
| PPS register validity        TM=1 PPS=1                  |
| Step5 result                 NOT_APPLICABLE_MASTER       |
+------------------------------------------------------------+
+------------------------------------------------------------+
| SLAVE    DE5_1-11.2                                      |
+------------------------------------------------------------+
| Step 1  PHY / Link           PASS                        |
| Step 2  Endpoint / PTP       PASS                        |
| Step 3  WR Handshake         PASS                        |
| Step 4  SoftPLL Startup      PASS                        |
| Step 5  Closed-loop Lock     INFO                        |
| Step 6  Global Time          WAITING                     |
+------------------------------------------------------------+
| Link health                  Link=1  TM=1  RX=1  TX=1 |
| Lock signals                 Helper=1  MainFreq=1  MainPhase=1 |
|                              MainLock=1  PSTAT=1             |
| Global-Time reason           PTP servo offset not yet <60 ps |
| WR PTP servo state           WAIT_OFFSET_STABLE          |
| WR phase offset              -1637 ps (target |offset| <60 ps) |
| Global-Time validity         TIME_VALID=0 PPS_VALID=0     |
| Snapshot                     snapshot=0 stable=1 count=0 |
| PPS registers                CR=20000006 EN=0 ESCR=1536  |
| PPS register validity        TM=0 PPS=0                  |
| Step5 result                 LOCK_ACQUIRED_NOT_STABLE    |
+------------------------------------------------------------+

Global Time summary (125 MHz reference; 1 cycle = 8 ns)
------------------------------------------------------------
  MASTER  (DE5_1-11.1)
    TAI=1765         CYCLES=124999999    VALID
  SLAVE   (DE5_1-11.2)
    TAI=--           CYCLES=--           WAITING (TIME_VALID=0, PPS_VALID=0)
------------------------------------------------------------
Dashboard read complete.
White Rabbit Step 1-6 dashboard  2026-09-30T15:52:59+08:00  (read-only)
Sampling interval: 10s; per-board comparison window: 2000ms

+------------------------------------------------------------+
| MASTER   DE5_1-11.1                                      |
+------------------------------------------------------------+
| Step 1  PHY / Link           PASS                        |
| Step 2  Endpoint / PTP       PASS                        |
| Step 3  WR Handshake         INFO                        |
| Step 4  SoftPLL Startup      PASS                        |
| Step 5  Closed-loop Lock     INFO                        |
| Step 6  Global Time          VALID                       |
+------------------------------------------------------------+
| Link health                  Link=1  TM=1  RX=1  TX=1 |
| Lock signals                 Helper=NA  MainFreq=NA  MainPhase=NA |
|                              MainLock=NA  PSTAT=NA             |
| Global-Time reason           PPS snapshot valid; Step6 gate passed |
| WR PTP servo state           NA                          |
| WR phase offset              NA ps                       |
| Global-Time validity         TIME_VALID=1 PPS_VALID=1     |
| Snapshot                     snapshot=1 stable=1 count=1776 |
| PPS registers                CR=20000006 EN=0 ESCR=1548  |
| PPS register validity        TM=1 PPS=1                  |
| Step5 result                 NOT_APPLICABLE_MASTER       |
+------------------------------------------------------------+
+------------------------------------------------------------+
| SLAVE    DE5_1-11.2                                      |
+------------------------------------------------------------+
| Step 1  PHY / Link           PASS                        |
| Step 2  Endpoint / PTP       PASS                        |
| Step 3  WR Handshake         PASS                        |
| Step 4  SoftPLL Startup      PASS                        |
| Step 5  Closed-loop Lock     INFO                        |
| Step 6  Global Time          WAITING                     |
+------------------------------------------------------------+
| Link health                  Link=1  TM=1  RX=1  TX=1 |
| Lock signals                 Helper=1  MainFreq=1  MainPhase=1 |
|                              MainLock=1  PSTAT=1             |
| Global-Time reason           PTP servo offset not yet <60 ps |
| WR PTP servo state           WAIT_OFFSET_STABLE          |
| WR phase offset              -1795 ps (target |offset| <60 ps) |
| Global-Time validity         TIME_VALID=0 PPS_VALID=0     |
| Snapshot                     snapshot=0 stable=1 count=0 |
| PPS registers                CR=20000006 EN=0 ESCR=1664  |
| PPS register validity        TM=0 PPS=0                  |
| Step5 result                 LOCK_ACQUIRED_NOT_STABLE    |
+------------------------------------------------------------+

Global Time summary (125 MHz reference; 1 cycle = 8 ns)
------------------------------------------------------------
  MASTER  (DE5_1-11.1)
    TAI=1775         CYCLES=124999999    VALID
  SLAVE   (DE5_1-11.2)
    TAI=--           CYCLES=--           WAITING (TIME_VALID=0, PPS_VALID=0)
------------------------------------------------------------
Dashboard read complete.
White Rabbit Step 1-6 dashboard  2026-09-30T15:53:09+08:00  (read-only)
Sampling interval: 10s; per-board comparison window: 2000ms

+------------------------------------------------------------+
| MASTER   DE5_1-11.1                                      |
+------------------------------------------------------------+
| Step 1  PHY / Link           PASS                        |
| Step 2  Endpoint / PTP       PASS                        |
| Step 3  WR Handshake         INFO                        |
| Step 4  SoftPLL Startup      PASS                        |
| Step 5  Closed-loop Lock     INFO                        |
| Step 6  Global Time          VALID                       |
+------------------------------------------------------------+
| Link health                  Link=1  TM=1  RX=1  TX=1 |
| Lock signals                 Helper=NA  MainFreq=NA  MainPhase=NA |
|                              MainLock=NA  PSTAT=NA             |
| Global-Time reason           PPS snapshot valid; Step6 gate passed |
| WR PTP servo state           NA                          |
| WR phase offset              NA ps                       |
| Global-Time validity         TIME_VALID=1 PPS_VALID=1     |
| Snapshot                     snapshot=1 stable=1 count=1786 |
| PPS registers                CR=20000006 EN=0 ESCR=1676  |
| PPS register validity        TM=1 PPS=1                  |
| Step5 result                 NOT_APPLICABLE_MASTER       |
+------------------------------------------------------------+
+------------------------------------------------------------+
| SLAVE    DE5_1-11.2                                      |
+------------------------------------------------------------+
| Step 1  PHY / Link           PASS                        |
| Step 2  Endpoint / PTP       PASS                        |
| Step 3  WR Handshake         PASS                        |
| Step 4  SoftPLL Startup      PASS                        |
| Step 5  Closed-loop Lock     INFO                        |
| Step 6  Global Time          WAITING                     |
+------------------------------------------------------------+
| Link health                  Link=1  TM=1  RX=1  TX=1 |
| Lock signals                 Helper=1  MainFreq=1  MainPhase=1 |
|                              MainLock=1  PSTAT=1             |
| Global-Time reason           PTP servo offset not yet <60 ps |
| WR PTP servo state           WAIT_OFFSET_STABLE          |
| WR phase offset              -2023 ps (target |offset| <60 ps) |
| Global-Time validity         TIME_VALID=0 PPS_VALID=0     |
| Snapshot                     snapshot=0 stable=1 count=0 |
| PPS registers                CR=20000006 EN=0 ESCR=1664  |
| PPS register validity        TM=0 PPS=0                  |
| Step5 result                 LOCK_ACQUIRED_NOT_STABLE    |
+------------------------------------------------------------+

Global Time summary (125 MHz reference; 1 cycle = 8 ns)
------------------------------------------------------------
  MASTER  (DE5_1-11.1)
    TAI=1785         CYCLES=124999999    VALID
  SLAVE   (DE5_1-11.2)
    TAI=--           CYCLES=--           WAITING (TIME_VALID=0, PPS_VALID=0)
------------------------------------------------------------
Dashboard read complete.
White Rabbit Step 1-6 dashboard  2026-09-30T15:53:19+08:00  (read-only)
Sampling interval: 10s; per-board comparison window: 2000ms

+------------------------------------------------------------+
| MASTER   DE5_1-11.1                                      |
+------------------------------------------------------------+
| Step 1  PHY / Link           PASS                        |
| Step 2  Endpoint / PTP       PASS                        |
| Step 3  WR Handshake         INFO                        |
| Step 4  SoftPLL Startup      PASS                        |
| Step 5  Closed-loop Lock     INFO                        |
| Step 6  Global Time          VALID                       |
+------------------------------------------------------------+
| Link health                  Link=1  TM=1  RX=1  TX=1 |
| Lock signals                 Helper=NA  MainFreq=NA  MainPhase=NA |
|                              MainLock=NA  PSTAT=NA             |
| Global-Time reason           PPS snapshot valid; Step6 gate passed |
| WR PTP servo state           NA                          |
| WR phase offset              NA ps                       |
| Global-Time validity         TIME_VALID=1 PPS_VALID=1     |
| Snapshot                     snapshot=1 stable=1 count=1796 |
| PPS registers                CR=20000006 EN=0 ESCR=1804  |
| PPS register validity        TM=1 PPS=1                  |
| Step5 result                 NOT_APPLICABLE_MASTER       |
+------------------------------------------------------------+
+------------------------------------------------------------+
| SLAVE    DE5_1-11.2                                      |
+------------------------------------------------------------+
| Step 1  PHY / Link           PASS                        |
| Step 2  Endpoint / PTP       PASS                        |
| Step 3  WR Handshake         PASS                        |
| Step 4  SoftPLL Startup      PASS                        |
| Step 5  Closed-loop Lock     INFO                        |
| Step 6  Global Time          WAITING                     |
+------------------------------------------------------------+
| Link health                  Link=1  TM=1  RX=1  TX=1 |
| Lock signals                 Helper=1  MainFreq=1  MainPhase=1 |
|                              MainLock=1  PSTAT=1             |
| Global-Time reason           PTP servo offset not yet <60 ps |
| WR PTP servo state           SYNC_PHASE                  |
| WR phase offset              -1711 ps (target |offset| <60 ps) |
| Global-Time validity         TIME_VALID=0 PPS_VALID=0     |
| Snapshot                     snapshot=0 stable=1 count=0 |
| PPS registers                CR=20000006 EN=0 ESCR=1792  |
| PPS register validity        TM=0 PPS=0                  |
| Step5 result                 LOCK_ACQUIRED_NOT_STABLE    |
+------------------------------------------------------------+

Global Time summary (125 MHz reference; 1 cycle = 8 ns)
------------------------------------------------------------
  MASTER  (DE5_1-11.1)
    TAI=1795         CYCLES=124999999    VALID
  SLAVE   (DE5_1-11.2)
    TAI=--           CYCLES=--           WAITING (TIME_VALID=0, PPS_VALID=0)
------------------------------------------------------------
Dashboard read complete.
White Rabbit Step 1-6 dashboard  2026-09-30T15:53:29+08:00  (read-only)
Sampling interval: 10s; per-board comparison window: 2000ms

+------------------------------------------------------------+
| MASTER   DE5_1-11.1                                      |
+------------------------------------------------------------+
| Step 1  PHY / Link           PASS                        |
| Step 2  Endpoint / PTP       PASS                        |
| Step 3  WR Handshake         INFO                        |
| Step 4  SoftPLL Startup      PASS                        |
| Step 5  Closed-loop Lock     INFO                        |
| Step 6  Global Time          VALID                       |
+------------------------------------------------------------+
| Link health                  Link=1  TM=1  RX=1  TX=1 |
| Lock signals                 Helper=NA  MainFreq=NA  MainPhase=NA |
|                              MainLock=NA  PSTAT=NA             |
| Global-Time reason           PPS snapshot valid; Step6 gate passed |
| WR PTP servo state           NA                          |
| WR phase offset              NA ps                       |
| Global-Time validity         TIME_VALID=1 PPS_VALID=1     |
| Snapshot                     snapshot=1 stable=1 count=1806 |
| PPS registers                CR=20000006 EN=0 ESCR=1804  |
| PPS register validity        TM=1 PPS=1                  |
| Step5 result                 NOT_APPLICABLE_MASTER       |
+------------------------------------------------------------+
+------------------------------------------------------------+
| SLAVE    DE5_1-11.2                                      |
+------------------------------------------------------------+
| Step 1  PHY / Link           PASS                        |
| Step 2  Endpoint / PTP       PASS                        |
| Step 3  WR Handshake         PASS                        |
| Step 4  SoftPLL Startup      PASS                        |
| Step 5  Closed-loop Lock     INFO                        |
| Step 6  Global Time          WAITING                     |
+------------------------------------------------------------+
| Link health                  Link=1  TM=1  RX=1  TX=1 |
| Lock signals                 Helper=1  MainFreq=1  MainPhase=1 |
|                              MainLock=1  PSTAT=1             |
| Global-Time reason           PTP servo offset not yet <60 ps |
| WR PTP servo state           SYNC_PHASE                  |
| WR phase offset              -2378 ps (target |offset| <60 ps) |
| Global-Time validity         TIME_VALID=0 PPS_VALID=0     |
| Snapshot                     snapshot=0 stable=1 count=0 |
| PPS registers                CR=20000006 EN=0 ESCR=1792  |
| PPS register validity        TM=0 PPS=0                  |
| Step5 result                 LOCK_ACQUIRED_NOT_STABLE    |
+------------------------------------------------------------+

Global Time summary (125 MHz reference; 1 cycle = 8 ns)
------------------------------------------------------------
  MASTER  (DE5_1-11.1)
    TAI=1805         CYCLES=124999999    VALID
  SLAVE   (DE5_1-11.2)
    TAI=--           CYCLES=--           WAITING (TIME_VALID=0, PPS_VALID=0)
------------------------------------------------------------
Dashboard read complete.
White Rabbit Step 1-6 dashboard  2026-09-30T15:53:39+08:00  (read-only)
Sampling interval: 10s; per-board comparison window: 2000ms

+------------------------------------------------------------+
| MASTER   DE5_1-11.1                                      |
+------------------------------------------------------------+
| Step 1  PHY / Link           PASS                        |
| Step 2  Endpoint / PTP       PASS                        |
| Step 3  WR Handshake         INFO                        |
| Step 4  SoftPLL Startup      PASS                        |
| Step 5  Closed-loop Lock     INFO                        |
| Step 6  Global Time          VALID                       |
+------------------------------------------------------------+
| Link health                  Link=1  TM=1  RX=1  TX=1 |
| Lock signals                 Helper=NA  MainFreq=NA  MainPhase=NA |
|                              MainLock=NA  PSTAT=NA             |
| Global-Time reason           PPS snapshot valid; Step6 gate passed |
| WR PTP servo state           NA                          |
| WR phase offset              NA ps                       |
| Global-Time validity         TIME_VALID=1 PPS_VALID=1     |
| Snapshot                     snapshot=1 stable=1 count=1816 |
| PPS registers                CR=20000006 EN=0 ESCR=1804  |
| PPS register validity        TM=1 PPS=1                  |
| Step5 result                 NOT_APPLICABLE_MASTER       |
+------------------------------------------------------------+
+------------------------------------------------------------+
| SLAVE    DE5_1-11.2                                      |
+------------------------------------------------------------+
| Step 1  PHY / Link           PASS                        |
| Step 2  Endpoint / PTP       PASS                        |
| Step 3  WR Handshake         PASS                        |
| Step 4  SoftPLL Startup      PASS                        |
| Step 5  Closed-loop Lock     INFO                        |
| Step 6  Global Time          WAITING                     |
+------------------------------------------------------------+
| Link health                  Link=1  TM=1  RX=1  TX=1 |
| Lock signals                 Helper=1  MainFreq=1  MainPhase=1 |
|                              MainLock=1  PSTAT=1             |
| Global-Time reason           PTP servo offset not yet <60 ps |
| WR PTP servo state           WAIT_OFFSET_STABLE          |
| WR phase offset              2337 ps (target |offset| <60 ps) |
| Global-Time validity         TIME_VALID=0 PPS_VALID=0     |
| Snapshot                     snapshot=0 stable=1 count=0 |
| PPS registers                CR=20000006 EN=0 ESCR=1792  |
| PPS register validity        TM=0 PPS=0                  |
| Step5 result                 LOCK_ACQUIRED_NOT_STABLE    |
+------------------------------------------------------------+

Global Time summary (125 MHz reference; 1 cycle = 8 ns)
------------------------------------------------------------
  MASTER  (DE5_1-11.1)
    TAI=1815         CYCLES=124999999    VALID
  SLAVE   (DE5_1-11.2)
    TAI=--           CYCLES=--           WAITING (TIME_VALID=0, PPS_VALID=0)
------------------------------------------------------------
Dashboard read complete.
White Rabbit Step 1-6 dashboard  2026-09-30T15:53:49+08:00  (read-only)
Sampling interval: 10s; per-board comparison window: 2000ms

+------------------------------------------------------------+
| MASTER   DE5_1-11.1                                      |
+------------------------------------------------------------+
| Step 1  PHY / Link           PASS                        |
| Step 2  Endpoint / PTP       PASS                        |
| Step 3  WR Handshake         INFO                        |
| Step 4  SoftPLL Startup      PASS                        |
| Step 5  Closed-loop Lock     INFO                        |
| Step 6  Global Time          VALID                       |
+------------------------------------------------------------+
| Link health                  Link=1  TM=1  RX=1  TX=1 |
| Lock signals                 Helper=NA  MainFreq=NA  MainPhase=NA |
|                              MainLock=NA  PSTAT=NA             |
| Global-Time reason           PPS snapshot valid; Step6 gate passed |
| WR PTP servo state           NA                          |
| WR phase offset              NA ps                       |
| Global-Time validity         TIME_VALID=1 PPS_VALID=1     |
| Snapshot                     snapshot=1 stable=1 count=1826 |
| PPS registers                CR=20000006 EN=0 ESCR=1804  |
| PPS register validity        TM=1 PPS=1                  |
| Step5 result                 NOT_APPLICABLE_MASTER       |
+------------------------------------------------------------+
+------------------------------------------------------------+
| SLAVE    DE5_1-11.2                                      |
+------------------------------------------------------------+
| Step 1  PHY / Link           PASS                        |
| Step 2  Endpoint / PTP       PASS                        |
| Step 3  WR Handshake         PASS                        |
| Step 4  SoftPLL Startup      PASS                        |
| Step 5  Closed-loop Lock     INFO                        |
| Step 6  Global Time          WAITING                     |
+------------------------------------------------------------+
| Link health                  Link=1  TM=1  RX=1  TX=1 |
| Lock signals                 Helper=1  MainFreq=1  MainPhase=1 |
|                              MainLock=1  PSTAT=1             |
| Global-Time reason           PTP servo offset not yet <60 ps |
| WR PTP servo state           WAIT_OFFSET_STABLE          |
| WR phase offset              -2372 ps (target |offset| <60 ps) |
| Global-Time validity         TIME_VALID=0 PPS_VALID=0     |
| Snapshot                     snapshot=0 stable=1 count=0 |
| PPS registers                CR=20000006 EN=0 ESCR=1792  |
| PPS register validity        TM=0 PPS=0                  |
| Step5 result                 LOCK_ACQUIRED_NOT_STABLE    |
+------------------------------------------------------------+

Global Time summary (125 MHz reference; 1 cycle = 8 ns)
------------------------------------------------------------
  MASTER  (DE5_1-11.1)
    TAI=1825         CYCLES=124999999    VALID
  SLAVE   (DE5_1-11.2)
    TAI=--           CYCLES=--           WAITING (TIME_VALID=0, PPS_VALID=0)
------------------------------------------------------------
Dashboard read complete.
White Rabbit Step 1-6 dashboard  2026-09-30T15:53:59+08:00  (read-only)
Sampling interval: 10s; per-board comparison window: 2000ms

+------------------------------------------------------------+
| MASTER   DE5_1-11.1                                      |
+------------------------------------------------------------+
| Step 1  PHY / Link           PASS                        |
| Step 2  Endpoint / PTP       PASS                        |
| Step 3  WR Handshake         INFO                        |
| Step 4  SoftPLL Startup      PASS                        |
| Step 5  Closed-loop Lock     INFO                        |
| Step 6  Global Time          VALID                       |
+------------------------------------------------------------+
| Link health                  Link=1  TM=1  RX=1  TX=1 |
| Lock signals                 Helper=NA  MainFreq=NA  MainPhase=NA |
|                              MainLock=NA  PSTAT=NA             |
| Global-Time reason           PPS snapshot valid; Step6 gate passed |
| WR PTP servo state           NA                          |
| WR phase offset              NA ps                       |
| Global-Time validity         TIME_VALID=1 PPS_VALID=1     |
| Snapshot                     snapshot=1 stable=1 count=1836 |
| PPS registers                CR=20000006 EN=0 ESCR=1804  |
| PPS register validity        TM=1 PPS=1                  |
| Step5 result                 NOT_APPLICABLE_MASTER       |
+------------------------------------------------------------+
+------------------------------------------------------------+
| SLAVE    DE5_1-11.2                                      |
+------------------------------------------------------------+
| Step 1  PHY / Link           PASS                        |
| Step 2  Endpoint / PTP       PASS                        |
| Step 3  WR Handshake         PASS                        |
| Step 4  SoftPLL Startup      PASS                        |
| Step 5  Closed-loop Lock     INFO                        |
| Step 6  Global Time          WAITING                     |
+------------------------------------------------------------+
| Link health                  Link=1  TM=1  RX=1  TX=1 |
| Lock signals                 Helper=1  MainFreq=1  MainPhase=1 |
|                              MainLock=1  PSTAT=1             |
| Global-Time reason           PTP servo offset not yet <60 ps |
| WR PTP servo state           WAIT_OFFSET_STABLE          |
| WR phase offset              2467 ps (target |offset| <60 ps) |
| Global-Time validity         TIME_VALID=0 PPS_VALID=0     |
| Snapshot                     snapshot=0 stable=1 count=0 |
| PPS registers                CR=20000006 EN=0 ESCR=1792  |
| PPS register validity        TM=0 PPS=0                  |
| Step5 result                 LOCK_ACQUIRED_NOT_STABLE    |
+------------------------------------------------------------+

Global Time summary (125 MHz reference; 1 cycle = 8 ns)
------------------------------------------------------------
  MASTER  (DE5_1-11.1)
    TAI=1835         CYCLES=124999999    VALID
  SLAVE   (DE5_1-11.2)
    TAI=--           CYCLES=--           WAITING (TIME_VALID=0, PPS_VALID=0)
------------------------------------------------------------
Dashboard read complete.
White Rabbit Step 1-6 dashboard  2026-09-30T15:54:09+08:00  (read-only)
Sampling interval: 10s; per-board comparison window: 2000ms

+------------------------------------------------------------+
| MASTER   DE5_1-11.1                                      |
+------------------------------------------------------------+
| Step 1  PHY / Link           PASS                        |
| Step 2  Endpoint / PTP       PASS                        |
| Step 3  WR Handshake         INFO                        |
| Step 4  SoftPLL Startup      PASS                        |
| Step 5  Closed-loop Lock     INFO                        |
| Step 6  Global Time          VALID                       |
+------------------------------------------------------------+
| Link health                  Link=1  TM=1  RX=1  TX=1 |
| Lock signals                 Helper=NA  MainFreq=NA  MainPhase=NA |
|                              MainLock=NA  PSTAT=NA             |
| Global-Time reason           PPS snapshot valid; Step6 gate passed |
| WR PTP servo state           NA                          |
| WR phase offset              NA ps                       |
| Global-Time validity         TIME_VALID=1 PPS_VALID=1     |
| Snapshot                     snapshot=1 stable=1 count=1846 |
| PPS registers                CR=20000006 EN=0 ESCR=1804  |
| PPS register validity        TM=1 PPS=1                  |
| Step5 result                 NOT_APPLICABLE_MASTER       |
+------------------------------------------------------------+
+------------------------------------------------------------+
| SLAVE    DE5_1-11.2                                      |
+------------------------------------------------------------+
| Step 1  PHY / Link           PASS                        |
| Step 2  Endpoint / PTP       PASS                        |
| Step 3  WR Handshake         PASS                        |
| Step 4  SoftPLL Startup      PASS                        |
| Step 5  Closed-loop Lock     INFO                        |
| Step 6  Global Time          WAITING                     |
+------------------------------------------------------------+
| Link health                  Link=1  TM=1  RX=1  TX=1 |
| Lock signals                 Helper=1  MainFreq=1  MainPhase=1 |
|                              MainLock=1  PSTAT=1             |
| Global-Time reason           PTP servo offset not yet <60 ps |
| WR PTP servo state           WAIT_OFFSET_STABLE          |
| WR phase offset              2770 ps (target |offset| <60 ps) |
| Global-Time validity         TIME_VALID=0 PPS_VALID=0     |
| Snapshot                     snapshot=0 stable=1 count=0 |
| PPS registers                CR=20000006 EN=0 ESCR=1792  |
| PPS register validity        TM=0 PPS=0                  |
| Step5 result                 LOCK_ACQUIRED_NOT_STABLE    |
+------------------------------------------------------------+

Global Time summary (125 MHz reference; 1 cycle = 8 ns)
------------------------------------------------------------
  MASTER  (DE5_1-11.1)
    TAI=1845         CYCLES=124999999    VALID
  SLAVE   (DE5_1-11.2)
    TAI=--           CYCLES=--           WAITING (TIME_VALID=0, PPS_VALID=0)
------------------------------------------------------------
Dashboard read complete.
