origin_commit	origin_path	git_blob	package_path	transformation	sha256
26e138fdc0bfc8426704b397141d563cf4d580a2	firmware/configs/de5a_master_defconfig	a2e4b569b3025d0471ffe9e68456441a81768293	firmware/configs/de5a_master_defconfig	byte-identical	01e63d6878772d9f8e9e3328dd003da9e18a93a5fac930f8cfd0bf6186b2ca2a
26e138fdc0bfc8426704b397141d563cf4d580a2	firmware/configs/de5a_master_identity.h	7731810ac147a92d64a94b0b3c837f4d92497841	firmware/configs/de5a_master_identity.h	byte-identical	f6111af614df7c0cbbe42f4eac0c20958c8a95af4dc304c079fb15252a3d961f
26e138fdc0bfc8426704b397141d563cf4d580a2	firmware/configs/de5a_slave_defconfig	626a47a0e2caa6f6d8564416ee276bff29d0b685	firmware/configs/de5a_slave_defconfig	byte-identical	1e66ef063512fd6cd64d21eafec602ac5d4a520627d46c6f8f6529286b7e0b7e
26e138fdc0bfc8426704b397141d563cf4d580a2	firmware/configs/de5a_slave_identity.h	29b1cc218548a5e16c1a45d34cdae8b25eb93389	firmware/configs/de5a_slave_identity.h	byte-identical	55fb022617106748fca1ae4574f9ec8a27858d6a02c46145559b3a3b2e3118ee
26e138fdc0bfc8426704b397141d563cf4d580a2	firmware/scripts/build_all_firmware.sh	8e42ad62fb20ca818c88279d5c02b357aaf75e0b	firmware/scripts/build_all_firmware.sh	byte-identical	c08ad5ef1b01f0bf388caf8d52a30123faaceae7b5a0936e5193a0af9accdc3f
26e138fdc0bfc8426704b397141d563cf4d580a2	firmware/scripts/build_master_firmware.sh	e501e0c62d74cc93dd7df47def702ed8516c7283	firmware/scripts/build_master_firmware.sh	byte-identical	6d47c53330469ea77f383c8657650656186fb1e4bf1e32cd280439ad3f4eea98
26e138fdc0bfc8426704b397141d563cf4d580a2	firmware/scripts/build_slave_firmware.sh	390a78a51b24963eff1518377832671db03c666d	firmware/scripts/build_slave_firmware.sh	byte-identical	77dd07812e74ca4b145141cf8bf3067f2678267fc877558b39e557dcbf47bd1b
26e138fdc0bfc8426704b397141d563cf4d580a2	quartus/jtag_runtime_diag/DE5a_wr_master_jtag.qpf	31677b6b5eeb05782bfa042326fd5f8080cd2411	quartus/DE5a_wr_master_jtag.qpf	byte-identical	0885ab6140e881bb747dbade7ec3dc9af834c3e54cb690891b812e83a02e7e01
26e138fdc0bfc8426704b397141d563cf4d580a2	quartus/jtag_runtime_diag/DE5a_wr_master_jtag.qsf	c52335a7614ce30ffefd986993d46ecb9ece5c9d	quartus/DE5a_wr_master_jtag.qsf	quartus-relative-path-relocation-only	fc2f861ad6cf3a2f660ac66184fe054415515ab4006e578542ddce59ab026530
26e138fdc0bfc8426704b397141d563cf4d580a2	quartus/jtag_runtime_diag/DE5a_wr_master_jtag.sdc	91515dd3f84a8b569b74a989cab136af49188250	quartus/DE5a_wr_master_jtag.sdc	byte-identical	921e0918187eece1e2445e59e1220d3bba4795bb17111f29b63b16ba54d9095b
26e138fdc0bfc8426704b397141d563cf4d580a2	quartus/jtag_runtime_diag/DE5a_wr_master_jtag.vhd	336b58c736e282f1a74cd181ba4b7babc1178811	quartus/DE5a_wr_master_jtag.vhd	firmware-mif-path-relocation-only	a0251c97c6dd9c8cb876b5ed78d03840431a0510735d52172eeeb61656246bea
26e138fdc0bfc8426704b397141d563cf4d580a2	quartus/jtag_runtime_diag/DE5a_wr_slave_jtag.qpf	1e132416a6ded4ae9bad360d9741a69318b719ba	quartus/DE5a_wr_slave_jtag.qpf	byte-identical	e8f6d590ebf5c8fec62e47b768a371b3d4e2c8a017490f9e775d227343ddc3f3
26e138fdc0bfc8426704b397141d563cf4d580a2	quartus/jtag_runtime_diag/DE5a_wr_slave_jtag.qsf	fad8b32852b20d89c28a104443c921338f4f967a	quartus/DE5a_wr_slave_jtag.qsf	quartus-relative-path-relocation-only	d074d47954f13d539d5477615a8a03752622b2b115dfa6684bc51169a3d7275d
26e138fdc0bfc8426704b397141d563cf4d580a2	quartus/jtag_runtime_diag/DE5a_wr_slave_jtag.sdc	91515dd3f84a8b569b74a989cab136af49188250	quartus/DE5a_wr_slave_jtag.sdc	byte-identical	921e0918187eece1e2445e59e1220d3bba4795bb17111f29b63b16ba54d9095b
26e138fdc0bfc8426704b397141d563cf4d580a2	quartus/jtag_runtime_diag/DE5a_wr_slave_jtag.vhd	6de8efe2cdd8af27e53841725d5381aa6131d47d	quartus/DE5a_wr_slave_jtag.vhd	firmware-mif-path-relocation-only	ee2ca4ee1c295959179710c287fae5d43951f72c7a10ffba0588ebf9b5891744
26e138fdc0bfc8426704b397141d563cf4d580a2	quartus/jtag_runtime_diag/i2c_bus_controller_dco.v	3742cd422427e86101aca6ecdd191d3d11a3e85e	quartus/i2c_bus_controller_dco.v	byte-identical	d04cac3f4eb9785d3552cf9f78ae85765a604fa730c78fc89cbe7eb11b9bf3cc
26e138fdc0bfc8426704b397141d563cf4d580a2	rtl/clock/si5340_controller/clock_divider.v	db69effe9fcf16565fd4d57eaf6cb3c58b9d5aa3	quartus/si5340_controller/clock_divider.v	byte-identical	2462bb9f3bb18214d3947b617587218d8984a053efe0ceb6bd7f27ac6e9b8403
26e138fdc0bfc8426704b397141d563cf4d580a2	rtl/clock/si5340_controller/edge_detector.v	fd68222287acb0980fa5eeb97210da7c1e44cb46	quartus/si5340_controller/edge_detector.v	byte-identical	8bb6940ba90eddf94e8c8fa6744465e5417501167288195aa7f49636ea2085c2
26e138fdc0bfc8426704b397141d563cf4d580a2	rtl/clock/si5340_controller/i2c_bus_controller.v	d52060a45d19c2b00a3de064cb61cf37f66904c2	quartus/si5340_controller/i2c_bus_controller.v	byte-identical	37350141ab17018f119ac4cd2aa595a5ba58907b868e79d6bc5f09f11abb43c5
26e138fdc0bfc8426704b397141d563cf4d580a2	rtl/clock/si5340_controller/initial_config.v	b58130e0be3dd6615ba917deb85e6c6acefbabf8	quartus/si5340_controller/initial_config.v	byte-identical	e8583fdb4a13cedb9da6b92c7ca86ca87c5918a67de57d46b80f3a2fa64c4345
26e138fdc0bfc8426704b397141d563cf4d580a2	rtl/clock/si5340_controller/si5340a_clk_frq_sel_gen.v	13f414838e545f6c600bb4d0808152769f32ec8e	quartus/si5340_controller/si5340a_clk_frq_sel_gen.v	byte-identical	9b9750f87055443a890a125b637e5446cd6804537429723254f6168227491355
26e138fdc0bfc8426704b397141d563cf4d580a2	rtl/clock/si5340_controller/si5340a_controller.v	cfbf304563db7f238518dc8322988ad953e153b4	quartus/si5340_controller/si5340a_controller.v	byte-identical	b182dc1645403077e5b97eea486eec73b098c20736d9d1ee0e35c0c13ca75448
26e138fdc0bfc8426704b397141d563cf4d580a2	rtl/clock/si5340_controller/si5340a_freq_prameter_selector.v	9967f18c834244343769d3920e74a1f4e1b43f50	quartus/si5340_controller/si5340a_freq_prameter_selector.v	byte-identical	e13d4806a2c1c78a0bec173cf132208d6dbb0caac9abccb82373436808e204b4
26e138fdc0bfc8426704b397141d563cf4d580a2	rtl/clock/si5340_controller/si5340a_i2c_reg_controller.v	53884b45b8c4eb9831f714b59fe4d2daa5485f9b	quartus/si5340_controller/si5340a_i2c_reg_controller.v	byte-identical	d83fe8162be135361a7dd0341c6c8a4b37805d1f1f67fb2caa27a78805538e63
26e138fdc0bfc8426704b397141d563cf4d580a2	rtl/clock/si5340_controller/si5340b_clk_frq_sel_gen.v	e05047ac17eae64fa7585167d682a32841d15645	quartus/si5340_controller/si5340b_clk_frq_sel_gen.v	byte-identical	ca9d741e62c48fc96f73eb092d98188e5069c738e7a1adc1c65e495375efa69a
26e138fdc0bfc8426704b397141d563cf4d580a2	rtl/clock/si5340_controller/si5340b_controller.v	70194b44410065a71a81344426595e8c9cc36255	quartus/si5340_controller/si5340b_controller.v	byte-identical	b0f9afe3c937238caceef522a4d62670c48ad574309eea7328adf87fc8fb4e10
26e138fdc0bfc8426704b397141d563cf4d580a2	rtl/clock/si5340_controller/si5340b_freq_prameter_selector.v	0287604aa746d4b1c1a42576391969f7aba8eef3	quartus/si5340_controller/si5340b_freq_prameter_selector.v	byte-identical	55e58049ee80e9eb9d4dc15d37bb138a0e1587ee70d73240ec1087a56e9e3522
26e138fdc0bfc8426704b397141d563cf4d580a2	rtl/clock/si5340_controller/si5340b_i2c_reg_controller.v	a5a5367deb82dd33ac12b8b51d6672b3e6a08c9c	quartus/si5340_controller/si5340b_i2c_reg_controller.v	byte-identical	55a4228694dff7cef0e351a7453a8e7a6772e46f9e680eb5897ddb217e2ea3bb
26e138fdc0bfc8426704b397141d563cf4d580a2	quartus/jtag_runtime_diag/si5340a_controller_dco.v	73755cdcbe6173aa9220aaf0c25c9751f72b492f	quartus/si5340a_controller_dco.v	byte-identical	b2346c1319bebef34a616566c948b8b35f0452d1f6f1fc61981ea607b1bffe8a
26e138fdc0bfc8426704b397141d563cf4d580a2	quartus/jtag_runtime_diag/si5340a_i2c_reg_controller_dco.v	bcff1b077654e3a9ba94aeb962c327e333aa6722	quartus/si5340a_i2c_reg_controller_dco.v	byte-identical	04d4feb68e498a10a76f0e3e2df08926d158483ad932bda5169103c24a17c2c0
26e138fdc0bfc8426704b397141d563cf4d580a2	quartus/jtag_runtime_diag/wr_jtag_wb_mailbox.vhd	873da6cd33e0d799450c600fd1c1d351b5734440	quartus/wr_jtag_wb_mailbox.vhd	byte-identical	a884ff11045626826fe182fe54b51f78f91749346e8cb2b940d4d53049a3c13c
26e138fdc0bfc8426704b397141d563cf4d580a2	quartus/jtag_runtime_diag/wr_sys_clk_625.vhd	6eea6878b0b4ba48dbc8a0aafa8d7c2cbf289b15	quartus/wr_sys_clk_625.vhd	byte-identical	122b0749a9a3a65540c5945833375ddbd58b09de5a5beed0371c1eee5b0e13e6
26e138fdc0bfc8426704b397141d563cf4d580a2	generated/work_wrphy_full/wr_arria10_e3p1_phy/.gitignore	79e8af88a0f906e35e6d647c99770a846f43d438	quartus_generated/work_wrphy_full/wr_arria10_e3p1_phy/.gitignore	byte-identical	0d57f858831e00ca7c1fc74c22bffd3f2b852d1511064adcdac5235f4091ddef
26e138fdc0bfc8426704b397141d563cf4d580a2	generated/work_wrphy_full/wr_arria10_e3p1_phy/Manifest.py	773a2b7e01aab04c463bc8a4850198426e44f4d6	quartus_generated/work_wrphy_full/wr_arria10_e3p1_phy/Manifest.py	byte-identical	013e77bcef323fccb0b159e3044d7fecc0432843f1686e97eb21b8a85e5d5e85
26e138fdc0bfc8426704b397141d563cf4d580a2	generated/work_wrphy_full/wr_arria10_e3p1_phy/wr_arria10_e3p1_atx_pll/generated/altera_xcvr_atx_pll_a10_170/synth/a10_avmm_h.sv	ac78c9d9300786d1e2b9eb607354e2b5d84e2d9d	quartus_generated/work_wrphy_full/wr_arria10_e3p1_phy/wr_arria10_e3p1_atx_pll/generated/altera_xcvr_atx_pll_a10_170/synth/a10_avmm_h.sv	byte-identical	4de7b95286ea2574efe02ad5e95d78db78a3a1c51aa1cdcd8fc5b14b11b38f7b
26e138fdc0bfc8426704b397141d563cf4d580a2	generated/work_wrphy_full/wr_arria10_e3p1_phy/wr_arria10_e3p1_atx_pll/generated/altera_xcvr_atx_pll_a10_170/synth/a10_xcvr_atx_pll.sv	3a9af6a4f08613a66c36b0dc9c3ab2f03c12448f	quartus_generated/work_wrphy_full/wr_arria10_e3p1_phy/wr_arria10_e3p1_atx_pll/generated/altera_xcvr_atx_pll_a10_170/synth/a10_xcvr_atx_pll.sv	byte-identical	aba11f61a4c4a7a4f66f814e2c16d453afdc08a65eeebc46adf1cbc919cb6dce
26e138fdc0bfc8426704b397141d563cf4d580a2	generated/work_wrphy_full/wr_arria10_e3p1_phy/wr_arria10_e3p1_atx_pll/generated/altera_xcvr_atx_pll_a10_170/synth/alt_xcvr_arbiter.sv	7b4d49750b0ee170aaa235382a36265130cabd8d	quartus_generated/work_wrphy_full/wr_arria10_e3p1_phy/wr_arria10_e3p1_atx_pll/generated/altera_xcvr_atx_pll_a10_170/synth/alt_xcvr_arbiter.sv	byte-identical	9f0c59a5482f49b010df713049ec0f8b54f0733f4f5a69b2796b2470e0bda350
26e138fdc0bfc8426704b397141d563cf4d580a2	generated/work_wrphy_full/wr_arria10_e3p1_phy/wr_arria10_e3p1_atx_pll/generated/altera_xcvr_atx_pll_a10_170/synth/alt_xcvr_atx_pll_rcfg_arb.sv	9c7e919110b94bad00f611d227b8800126f30488	quartus_generated/work_wrphy_full/wr_arria10_e3p1_phy/wr_arria10_e3p1_atx_pll/generated/altera_xcvr_atx_pll_a10_170/synth/alt_xcvr_atx_pll_rcfg_arb.sv	byte-identical	4c55b3fc2a3bf92f1985e9254ca309525f64cf63775fd45d32d3fa543dcdbd17
26e138fdc0bfc8426704b397141d563cf4d580a2	generated/work_wrphy_full/wr_arria10_e3p1_phy/wr_arria10_e3p1_atx_pll/generated/altera_xcvr_atx_pll_a10_170/synth/alt_xcvr_atx_pll_rcfg_opt_logic_7zpwg4q.sv	145f2e7dc934a0829e1f73ffc1dd08c924ceb5ad	quartus_generated/work_wrphy_full/wr_arria10_e3p1_phy/wr_arria10_e3p1_atx_pll/generated/altera_xcvr_atx_pll_a10_170/synth/alt_xcvr_atx_pll_rcfg_opt_logic_7zpwg4q.sv	byte-identical	82801db43696f96d3fa18d3c32a58ed992f0d4657cdd899685cae469a0766d5b
26e138fdc0bfc8426704b397141d563cf4d580a2	generated/work_wrphy_full/wr_arria10_e3p1_phy/wr_arria10_e3p1_atx_pll/generated/altera_xcvr_atx_pll_a10_170/synth/alt_xcvr_pll_avmm_csr.sv	6f790a3d0bd1b3b3f52605f7b4ce8099e62894f1	quartus_generated/work_wrphy_full/wr_arria10_e3p1_phy/wr_arria10_e3p1_atx_pll/generated/altera_xcvr_atx_pll_a10_170/synth/alt_xcvr_pll_avmm_csr.sv	byte-identical	85287a923f06c021f577bc1e4926d3df7be3df14803a3a04f7f0d45d0fd58d90
26e138fdc0bfc8426704b397141d563cf4d580a2	generated/work_wrphy_full/wr_arria10_e3p1_phy/wr_arria10_e3p1_atx_pll/generated/altera_xcvr_atx_pll_a10_170/synth/alt_xcvr_pll_embedded_debug.sv	42c708d141d301721269577e704555dda1be71a6	quartus_generated/work_wrphy_full/wr_arria10_e3p1_phy/wr_arria10_e3p1_atx_pll/generated/altera_xcvr_atx_pll_a10_170/synth/alt_xcvr_pll_embedded_debug.sv	byte-identical	c20b30f416253a675abd01bc195d415bcaabbdc5bef07d24357582de788902b9
26e138fdc0bfc8426704b397141d563cf4d580a2	generated/work_wrphy_full/wr_arria10_e3p1_phy/wr_arria10_e3p1_atx_pll/generated/altera_xcvr_atx_pll_a10_170/synth/alt_xcvr_resync.sv	4597faeeb3d4bf23dda091b1d95b968612f18002	quartus_generated/work_wrphy_full/wr_arria10_e3p1_phy/wr_arria10_e3p1_atx_pll/generated/altera_xcvr_atx_pll_a10_170/synth/alt_xcvr_resync.sv	byte-identical	fb4f01a93eec1603e06d2ec0f43200aaa408418ba441caa5be0838aea5f8ce3f
26e138fdc0bfc8426704b397141d563cf4d580a2	generated/work_wrphy_full/wr_arria10_e3p1_phy/wr_arria10_e3p1_atx_pll/generated/altera_xcvr_atx_pll_a10_170/synth/altera_xcvr_native_a10_functions_h.sv	0fd104877e5cd06435f90bcfa760645051a55595	quartus_generated/work_wrphy_full/wr_arria10_e3p1_phy/wr_arria10_e3p1_atx_pll/generated/altera_xcvr_atx_pll_a10_170/synth/altera_xcvr_native_a10_functions_h.sv	byte-identical	d7398bd0761128e03544944a336ebfc0a57d1b9785c82d9496424c936173b755
26e138fdc0bfc8426704b397141d563cf4d580a2	generated/work_wrphy_full/wr_arria10_e3p1_phy/wr_arria10_e3p1_atx_pll/generated/altera_xcvr_atx_pll_a10_170/synth/plain_files.txt	f978a55e853d5d306e79c8179614406034c4cef8	quartus_generated/work_wrphy_full/wr_arria10_e3p1_phy/wr_arria10_e3p1_atx_pll/generated/altera_xcvr_atx_pll_a10_170/synth/plain_files.txt	byte-identical	810c148aa4ff62e3ea299822802b92208a69fa78a7674d4e5d4b32419cdb79c3
26e138fdc0bfc8426704b397141d563cf4d580a2	generated/work_wrphy_full/wr_arria10_e3p1_phy/wr_arria10_e3p1_atx_pll/generated/altera_xcvr_atx_pll_a10_170/synth/twentynm_xcvr_avmm.sv	2c73e10656c2d8b71bd3e20e3c894a438c5b6724	quartus_generated/work_wrphy_full/wr_arria10_e3p1_phy/wr_arria10_e3p1_atx_pll/generated/altera_xcvr_atx_pll_a10_170/synth/twentynm_xcvr_avmm.sv	byte-identical	deebb6f797ebc0bfc8e9a970de271a65a1b1e141eadadb7adac8abe4619be30a
26e138fdc0bfc8426704b397141d563cf4d580a2	generated/work_wrphy_full/wr_arria10_e3p1_phy/wr_arria10_e3p1_atx_pll/generated/altera_xcvr_atx_pll_a10_170/synth/wr_arria10_e3p1_atx_pll_altera_xcvr_atx_pll_a10_170_7zpwg4q.sv	8f240491434e99bf66e71e0563441a292d66bc2a	quartus_generated/work_wrphy_full/wr_arria10_e3p1_phy/wr_arria10_e3p1_atx_pll/generated/altera_xcvr_atx_pll_a10_170/synth/wr_arria10_e3p1_atx_pll_altera_xcvr_atx_pll_a10_170_7zpwg4q.sv	byte-identical	891d9eb3dead4d9db01d9bc0badde4c0e5764c295b62051ff818740c72c45b57
26e138fdc0bfc8426704b397141d563cf4d580a2	generated/work_wrphy_full/wr_arria10_e3p1_phy/wr_arria10_e3p1_atx_pll/generated/synth/wr_arria10_e3p1_atx_pll.v	00cbd9c83af52782f922b305a0401128009af1ce	quartus_generated/work_wrphy_full/wr_arria10_e3p1_phy/wr_arria10_e3p1_atx_pll/generated/synth/wr_arria10_e3p1_atx_pll.v	byte-identical	a4481a0a5520a2cb639654c8c00a02037991365d0a2f32a3a47c3c1303d86413
26e138fdc0bfc8426704b397141d563cf4d580a2	generated/work_wrphy_full/wr_arria10_e3p1_phy/wr_arria10_e3p1_atx_pll/generated/synth/wr_arria10_e3p1_atx_pll_cfg.v	a41150e37b4c68b4997221bbf39e02f170ac4ee8	quartus_generated/work_wrphy_full/wr_arria10_e3p1_phy/wr_arria10_e3p1_atx_pll/generated/synth/wr_arria10_e3p1_atx_pll_cfg.v	byte-identical	6c1c385dcb2706f03c6df267378b5ad1bbf56acc65dbbb6f40944f211a7f9221
26e138fdc0bfc8426704b397141d563cf4d580a2	generated/work_wrphy_full/wr_arria10_e3p1_phy/wr_arria10_e3p1_atx_pll/generated/wr_arria10_e3p1_atx_pll.cmp	ee932c87eaf82e063d550f0f2bd8505c2b241a88	quartus_generated/work_wrphy_full/wr_arria10_e3p1_phy/wr_arria10_e3p1_atx_pll/generated/wr_arria10_e3p1_atx_pll.cmp	byte-identical	e1ccb9e8e5cffa1634e85d0a02028fca7264ec484bca651287ed1e0c5b095021
26e138fdc0bfc8426704b397141d563cf4d580a2	generated/work_wrphy_full/wr_arria10_e3p1_phy/wr_arria10_e3p1_atx_pll/generated/wr_arria10_e3p1_atx_pll.debuginfo	e69de29bb2d1d6434b8b29ae775ad8c2e48c5391	quartus_generated/work_wrphy_full/wr_arria10_e3p1_phy/wr_arria10_e3p1_atx_pll/generated/wr_arria10_e3p1_atx_pll.debuginfo	byte-identical	e3b0c44298fc1c149afbf4c8996fb92427ae41e4649b934ca495991b7852b855
26e138fdc0bfc8426704b397141d563cf4d580a2	generated/work_wrphy_full/wr_arria10_e3p1_phy/wr_arria10_e3p1_atx_pll/generated/wr_arria10_e3p1_atx_pll.html	576a5fedca1c4a7e819c6d6bbcb13c848acd75d8	quartus_generated/work_wrphy_full/wr_arria10_e3p1_phy/wr_arria10_e3p1_atx_pll/generated/wr_arria10_e3p1_atx_pll.html	byte-identical	ce6e05a2cc4f8a5592b3f473c09b8e121c797e7954c64cbd1ef3e48a2b0e895d
26e138fdc0bfc8426704b397141d563cf4d580a2	generated/work_wrphy_full/wr_arria10_e3p1_phy/wr_arria10_e3p1_atx_pll/generated/wr_arria10_e3p1_atx_pll.qip	743e2758ac71dd3f361c0d71887e5164f612cb5b	quartus_generated/work_wrphy_full/wr_arria10_e3p1_phy/wr_arria10_e3p1_atx_pll/generated/wr_arria10_e3p1_atx_pll.qip	byte-identical	c3d14c8af051b8dcc50de276eef7c7a662b2184229fe4d4dafa488d6317cb1d8
26e138fdc0bfc8426704b397141d563cf4d580a2	generated/work_wrphy_full/wr_arria10_e3p1_phy/wr_arria10_e3p1_atx_pll/generated/wr_arria10_e3p1_atx_pll.xml	77f4c2dd482c88038b73fdf7b5a766df7dfb84f8	quartus_generated/work_wrphy_full/wr_arria10_e3p1_phy/wr_arria10_e3p1_atx_pll/generated/wr_arria10_e3p1_atx_pll.xml	byte-identical	e1e67ee7420b05a4d6fcbd70ac8566bcd50419d54cba4c167c4a07fe19932356
26e138fdc0bfc8426704b397141d563cf4d580a2	generated/work_wrphy_full/wr_arria10_e3p1_phy/wr_arria10_e3p1_atx_pll/wr_arria10_e3p1_atx_pll.qsys	87dbf16ba48a5b698621a2026c44d239e8957b47	quartus_generated/work_wrphy_full/wr_arria10_e3p1_phy/wr_arria10_e3p1_atx_pll/wr_arria10_e3p1_atx_pll.qsys	byte-identical	4d389efc93cb85ec31b5764ab5ee3d24a035188158eee88891b5343afed4fcad
26e138fdc0bfc8426704b397141d563cf4d580a2	generated/work_wrphy_full/wr_arria10_e3p1_phy/wr_arria10_e3p1_atx_pll/wr_arria10_e3p1_atx_pll.sopcinfo	bfd43b3ce0d4961b16e85a4660e1fb3df094020c	quartus_generated/work_wrphy_full/wr_arria10_e3p1_phy/wr_arria10_e3p1_atx_pll/wr_arria10_e3p1_atx_pll.sopcinfo	byte-identical	4f48e82dae36e3483d68e127b7242bfda2c54716e84325c444e943d949bca8b8
26e138fdc0bfc8426704b397141d563cf4d580a2	generated/work_wrphy_full/wr_arria10_e3p1_phy/wr_arria10_e3p1_cmu_pll/generated/altera_xcvr_cdr_pll_a10_170/synth/a10_avmm_h.sv	ac78c9d9300786d1e2b9eb607354e2b5d84e2d9d	quartus_generated/work_wrphy_full/wr_arria10_e3p1_phy/wr_arria10_e3p1_cmu_pll/generated/altera_xcvr_cdr_pll_a10_170/synth/a10_avmm_h.sv	byte-identical	4de7b95286ea2574efe02ad5e95d78db78a3a1c51aa1cdcd8fc5b14b11b38f7b
26e138fdc0bfc8426704b397141d563cf4d580a2	generated/work_wrphy_full/wr_arria10_e3p1_phy/wr_arria10_e3p1_cmu_pll/generated/altera_xcvr_cdr_pll_a10_170/synth/alt_xcvr_native_avmm_nf.sv	08b170eca3ecd4de93e62940a81a9aa5962d8418	quartus_generated/work_wrphy_full/wr_arria10_e3p1_phy/wr_arria10_e3p1_cmu_pll/generated/altera_xcvr_cdr_pll_a10_170/synth/alt_xcvr_native_avmm_nf.sv	byte-identical	8ca48b1a93402420ed88e5bdc750bd3dfe44e478a48aaa4fbadfa0669ee105de
26e138fdc0bfc8426704b397141d563cf4d580a2	generated/work_wrphy_full/wr_arria10_e3p1_phy/wr_arria10_e3p1_cmu_pll/generated/altera_xcvr_cdr_pll_a10_170/synth/alt_xcvr_pll_avmm_csr.sv	6f790a3d0bd1b3b3f52605f7b4ce8099e62894f1	quartus_generated/work_wrphy_full/wr_arria10_e3p1_phy/wr_arria10_e3p1_cmu_pll/generated/altera_xcvr_cdr_pll_a10_170/synth/alt_xcvr_pll_avmm_csr.sv	byte-identical	85287a923f06c021f577bc1e4926d3df7be3df14803a3a04f7f0d45d0fd58d90
26e138fdc0bfc8426704b397141d563cf4d580a2	generated/work_wrphy_full/wr_arria10_e3p1_phy/wr_arria10_e3p1_cmu_pll/generated/altera_xcvr_cdr_pll_a10_170/synth/alt_xcvr_pll_embedded_debug.sv	42c708d141d301721269577e704555dda1be71a6	quartus_generated/work_wrphy_full/wr_arria10_e3p1_phy/wr_arria10_e3p1_cmu_pll/generated/altera_xcvr_cdr_pll_a10_170/synth/alt_xcvr_pll_embedded_debug.sv	byte-identical	c20b30f416253a675abd01bc195d415bcaabbdc5bef07d24357582de788902b9
26e138fdc0bfc8426704b397141d563cf4d580a2	generated/work_wrphy_full/wr_arria10_e3p1_phy/wr_arria10_e3p1_cmu_pll/generated/altera_xcvr_cdr_pll_a10_170/synth/alt_xcvr_resync.sv	4597faeeb3d4bf23dda091b1d95b968612f18002	quartus_generated/work_wrphy_full/wr_arria10_e3p1_phy/wr_arria10_e3p1_cmu_pll/generated/altera_xcvr_cdr_pll_a10_170/synth/alt_xcvr_resync.sv	byte-identical	fb4f01a93eec1603e06d2ec0f43200aaa408418ba441caa5be0838aea5f8ce3f
26e138fdc0bfc8426704b397141d563cf4d580a2	generated/work_wrphy_full/wr_arria10_e3p1_phy/wr_arria10_e3p1_cmu_pll/generated/altera_xcvr_cdr_pll_a10_170/synth/altera_xcvr_cdr_pll_a10.sv	66678057ad8676f05b965b98f45dee279c322add	quartus_generated/work_wrphy_full/wr_arria10_e3p1_phy/wr_arria10_e3p1_cmu_pll/generated/altera_xcvr_cdr_pll_a10_170/synth/altera_xcvr_cdr_pll_a10.sv	byte-identical	9bbed8c2c3e79523c6cee8ffa1366d344afdc9fd1f4158e5d01e42167a82d659
26e138fdc0bfc8426704b397141d563cf4d580a2	generated/work_wrphy_full/wr_arria10_e3p1_phy/wr_arria10_e3p1_cmu_pll/generated/altera_xcvr_cdr_pll_a10_170/synth/plain_files.txt	e154fc5f5cea96bc46dfef529c88fae273f40734	quartus_generated/work_wrphy_full/wr_arria10_e3p1_phy/wr_arria10_e3p1_cmu_pll/generated/altera_xcvr_cdr_pll_a10_170/synth/plain_files.txt	byte-identical	9b4f782ec98712038ffd402913fc4db44d635839aa1c758b3ec827445080da49
26e138fdc0bfc8426704b397141d563cf4d580a2	generated/work_wrphy_full/wr_arria10_e3p1_phy/wr_arria10_e3p1_cmu_pll/generated/altera_xcvr_cdr_pll_a10_170/synth/twentynm_xcvr_avmm.sv	2c73e10656c2d8b71bd3e20e3c894a438c5b6724	quartus_generated/work_wrphy_full/wr_arria10_e3p1_phy/wr_arria10_e3p1_cmu_pll/generated/altera_xcvr_cdr_pll_a10_170/synth/twentynm_xcvr_avmm.sv	byte-identical	deebb6f797ebc0bfc8e9a970de271a65a1b1e141eadadb7adac8abe4619be30a
26e138fdc0bfc8426704b397141d563cf4d580a2	generated/work_wrphy_full/wr_arria10_e3p1_phy/wr_arria10_e3p1_cmu_pll/generated/synth/wr_arria10_e3p1_cmu_pll.v	66be08acb7258fcdc54730bf65d4ee7b3e47b40d	quartus_generated/work_wrphy_full/wr_arria10_e3p1_phy/wr_arria10_e3p1_cmu_pll/generated/synth/wr_arria10_e3p1_cmu_pll.v	byte-identical	482e8a052528140998256b7a9319f67464b49bb55c5e712bf01482c9ad15ea5e
26e138fdc0bfc8426704b397141d563cf4d580a2	generated/work_wrphy_full/wr_arria10_e3p1_phy/wr_arria10_e3p1_cmu_pll/generated/synth/wr_arria10_e3p1_cmu_pll_cfg.v	300203b556f3cfd7c416a4328acf3bd4dc71e033	quartus_generated/work_wrphy_full/wr_arria10_e3p1_phy/wr_arria10_e3p1_cmu_pll/generated/synth/wr_arria10_e3p1_cmu_pll_cfg.v	byte-identical	86e5f9b3187f67ae09376b8ed2cd7dcd24a06e2c734473260e5f75cb8a1d78d8
26e138fdc0bfc8426704b397141d563cf4d580a2	generated/work_wrphy_full/wr_arria10_e3p1_phy/wr_arria10_e3p1_cmu_pll/generated/wr_arria10_e3p1_cmu_pll.cmp	ddbde7d766ae2034de802dfcae0584641912d38e	quartus_generated/work_wrphy_full/wr_arria10_e3p1_phy/wr_arria10_e3p1_cmu_pll/generated/wr_arria10_e3p1_cmu_pll.cmp	byte-identical	9f7dbaa2fea1576e3dcc72db5dad387daa268e0bc926bfa9d3182924551606b7
26e138fdc0bfc8426704b397141d563cf4d580a2	generated/work_wrphy_full/wr_arria10_e3p1_phy/wr_arria10_e3p1_cmu_pll/generated/wr_arria10_e3p1_cmu_pll.debuginfo	e69de29bb2d1d6434b8b29ae775ad8c2e48c5391	quartus_generated/work_wrphy_full/wr_arria10_e3p1_phy/wr_arria10_e3p1_cmu_pll/generated/wr_arria10_e3p1_cmu_pll.debuginfo	byte-identical	e3b0c44298fc1c149afbf4c8996fb92427ae41e4649b934ca495991b7852b855
26e138fdc0bfc8426704b397141d563cf4d580a2	generated/work_wrphy_full/wr_arria10_e3p1_phy/wr_arria10_e3p1_cmu_pll/generated/wr_arria10_e3p1_cmu_pll.html	fc26d71bb0d1a313e9d8ce58f06ca58b6d2902a4	quartus_generated/work_wrphy_full/wr_arria10_e3p1_phy/wr_arria10_e3p1_cmu_pll/generated/wr_arria10_e3p1_cmu_pll.html	byte-identical	b58a1a1ebf978a8a270dd6f49a8576e5d2ab22fb281068f59af8e58b2b7636e6
26e138fdc0bfc8426704b397141d563cf4d580a2	generated/work_wrphy_full/wr_arria10_e3p1_phy/wr_arria10_e3p1_cmu_pll/generated/wr_arria10_e3p1_cmu_pll.qip	5d8d1aec2099a296682c073b667e20869724a989	quartus_generated/work_wrphy_full/wr_arria10_e3p1_phy/wr_arria10_e3p1_cmu_pll/generated/wr_arria10_e3p1_cmu_pll.qip	byte-identical	c6fe15e44c8205d33ddc1f0a5355386fca5019f3eb9a2f26f956c19f0064bcbf
26e138fdc0bfc8426704b397141d563cf4d580a2	generated/work_wrphy_full/wr_arria10_e3p1_phy/wr_arria10_e3p1_cmu_pll/generated/wr_arria10_e3p1_cmu_pll.xml	09b38c671a64ae03095f69f0281d99c7debbb6cd	quartus_generated/work_wrphy_full/wr_arria10_e3p1_phy/wr_arria10_e3p1_cmu_pll/generated/wr_arria10_e3p1_cmu_pll.xml	byte-identical	eaa5a13d00b08e624e328d028460b92716b077ab8ba43c9f42c03a253b440071
26e138fdc0bfc8426704b397141d563cf4d580a2	generated/work_wrphy_full/wr_arria10_e3p1_phy/wr_arria10_e3p1_cmu_pll/wr_arria10_e3p1_cmu_pll.qsys	954b0c11b5b75376801a7bfbdd468a4849c48c5e	quartus_generated/work_wrphy_full/wr_arria10_e3p1_phy/wr_arria10_e3p1_cmu_pll/wr_arria10_e3p1_cmu_pll.qsys	byte-identical	b78926cadfa496a6dbfec323873be4b9926ce9da1b745a3f9c3679eac43e32f4
26e138fdc0bfc8426704b397141d563cf4d580a2	generated/work_wrphy_full/wr_arria10_e3p1_phy/wr_arria10_e3p1_cmu_pll/wr_arria10_e3p1_cmu_pll.sopcinfo	6b4925787c2a857164e74cf01d332faed9d75207	quartus_generated/work_wrphy_full/wr_arria10_e3p1_phy/wr_arria10_e3p1_cmu_pll/wr_arria10_e3p1_cmu_pll.sopcinfo	byte-identical	f4b43dae5418fa78a5b8870f40fd2334db5d0ce670980f9f21d429d30aa09a5c
26e138fdc0bfc8426704b397141d563cf4d580a2	generated/work_wrphy_full/wr_arria10_e3p1_phy/wr_arria10_e3p1_det_phy/generated/altera_xcvr_native_a10_170/synth/a10_avmm_h.sv	ac78c9d9300786d1e2b9eb607354e2b5d84e2d9d	quartus_generated/work_wrphy_full/wr_arria10_e3p1_phy/wr_arria10_e3p1_det_phy/generated/altera_xcvr_native_a10_170/synth/a10_avmm_h.sv	byte-identical	4de7b95286ea2574efe02ad5e95d78db78a3a1c51aa1cdcd8fc5b14b11b38f7b
26e138fdc0bfc8426704b397141d563cf4d580a2	generated/work_wrphy_full/wr_arria10_e3p1_phy/wr_arria10_e3p1_det_phy/generated/altera_xcvr_native_a10_170/synth/alt_xcvr_arbiter.sv	7b4d49750b0ee170aaa235382a36265130cabd8d	quartus_generated/work_wrphy_full/wr_arria10_e3p1_phy/wr_arria10_e3p1_det_phy/generated/altera_xcvr_native_a10_170/synth/alt_xcvr_arbiter.sv	byte-identical	9f0c59a5482f49b010df713049ec0f8b54f0733f4f5a69b2796b2470e0bda350
26e138fdc0bfc8426704b397141d563cf4d580a2	generated/work_wrphy_full/wr_arria10_e3p1_phy/wr_arria10_e3p1_det_phy/generated/altera_xcvr_native_a10_170/synth/alt_xcvr_native_avmm_csr.sv	defda344ca368b71231caa0dbe638938d24358e7	quartus_generated/work_wrphy_full/wr_arria10_e3p1_phy/wr_arria10_e3p1_det_phy/generated/altera_xcvr_native_a10_170/synth/alt_xcvr_native_avmm_csr.sv	byte-identical	57766b5260a20de7fd3afd4381506b5e845cb7e4c7bb0792ca4ac16ad2c722f6
26e138fdc0bfc8426704b397141d563cf4d580a2	generated/work_wrphy_full/wr_arria10_e3p1_phy/wr_arria10_e3p1_det_phy/generated/altera_xcvr_native_a10_170/synth/alt_xcvr_native_odi_accel.sv	a0dccc5218b695e875aebe30532fc41d9d810632	quartus_generated/work_wrphy_full/wr_arria10_e3p1_phy/wr_arria10_e3p1_det_phy/generated/altera_xcvr_native_a10_170/synth/alt_xcvr_native_odi_accel.sv	byte-identical	558b1156cfd912c167538fb5dde659fafe7ccae05aeb71a77df9d4f294f2cacf
26e138fdc0bfc8426704b397141d563cf4d580a2	generated/work_wrphy_full/wr_arria10_e3p1_phy/wr_arria10_e3p1_det_phy/generated/altera_xcvr_native_a10_170/synth/alt_xcvr_native_pipe_retry.sv	dbf22bb411e0b6dbd0982d0910b64cc18243d7a1	quartus_generated/work_wrphy_full/wr_arria10_e3p1_phy/wr_arria10_e3p1_det_phy/generated/altera_xcvr_native_a10_170/synth/alt_xcvr_native_pipe_retry.sv	byte-identical	14e3dc7ab1a43b380e2d52e3553255d195c410596d7838492e1c9547065baccd
26e138fdc0bfc8426704b397141d563cf4d580a2	generated/work_wrphy_full/wr_arria10_e3p1_phy/wr_arria10_e3p1_det_phy/generated/altera_xcvr_native_a10_170/synth/alt_xcvr_native_prbs_accum.sv	a3be8ff356f91dc478d8fb473208199e9537b04c	quartus_generated/work_wrphy_full/wr_arria10_e3p1_phy/wr_arria10_e3p1_det_phy/generated/altera_xcvr_native_a10_170/synth/alt_xcvr_native_prbs_accum.sv	byte-identical	0d7a77d72ea78ce126b256994f32a96d5dc8e218958c776bf99a1a513fb6fa61
26e138fdc0bfc8426704b397141d563cf4d580a2	generated/work_wrphy_full/wr_arria10_e3p1_phy/wr_arria10_e3p1_det_phy/generated/altera_xcvr_native_a10_170/synth/alt_xcvr_native_rcfg_arb.sv	b0a8eabf641ea6b2c338227ea8156b3154a2f473	quartus_generated/work_wrphy_full/wr_arria10_e3p1_phy/wr_arria10_e3p1_det_phy/generated/altera_xcvr_native_a10_170/synth/alt_xcvr_native_rcfg_arb.sv	byte-identical	d44352cdabe4e3ed2e7f1bdf6227bee2859f8f1007119056aaf754300c89a425
26e138fdc0bfc8426704b397141d563cf4d580a2	generated/work_wrphy_full/wr_arria10_e3p1_phy/wr_arria10_e3p1_det_phy/generated/altera_xcvr_native_a10_170/synth/alt_xcvr_native_rcfg_opt_logic_6qfnzyy.sv	f3223de19981876e8ae957cb0b081a5bcd367e4c	quartus_generated/work_wrphy_full/wr_arria10_e3p1_phy/wr_arria10_e3p1_det_phy/generated/altera_xcvr_native_a10_170/synth/alt_xcvr_native_rcfg_opt_logic_6qfnzyy.sv	byte-identical	82e9603ed06fe37e45db0a4ec2b65f478e1e240858a26689377443c61319884a
26e138fdc0bfc8426704b397141d563cf4d580a2	generated/work_wrphy_full/wr_arria10_e3p1_phy/wr_arria10_e3p1_det_phy/generated/altera_xcvr_native_a10_170/synth/alt_xcvr_resync.sv	4597faeeb3d4bf23dda091b1d95b968612f18002	quartus_generated/work_wrphy_full/wr_arria10_e3p1_phy/wr_arria10_e3p1_det_phy/generated/altera_xcvr_native_a10_170/synth/alt_xcvr_resync.sv	byte-identical	fb4f01a93eec1603e06d2ec0f43200aaa408418ba441caa5be0838aea5f8ce3f
26e138fdc0bfc8426704b397141d563cf4d580a2	generated/work_wrphy_full/wr_arria10_e3p1_phy/wr_arria10_e3p1_det_phy/generated/altera_xcvr_native_a10_170/synth/altera_xcvr_native_a10_false_paths.sdc	2d3cece35341de6b24e165ad97ea4f86f73f8915	quartus_generated/work_wrphy_full/wr_arria10_e3p1_phy/wr_arria10_e3p1_det_phy/generated/altera_xcvr_native_a10_170/synth/altera_xcvr_native_a10_false_paths.sdc	byte-identical	1af49f790a4396817e780051aa6daf9b58b9b44346e538ef4e92c5a32999fda4
26e138fdc0bfc8426704b397141d563cf4d580a2	generated/work_wrphy_full/wr_arria10_e3p1_phy/wr_arria10_e3p1_det_phy/generated/altera_xcvr_native_a10_170/synth/altera_xcvr_native_a10_functions_h.sv	0fd104877e5cd06435f90bcfa760645051a55595	quartus_generated/work_wrphy_full/wr_arria10_e3p1_phy/wr_arria10_e3p1_det_phy/generated/altera_xcvr_native_a10_170/synth/altera_xcvr_native_a10_functions_h.sv	byte-identical	d7398bd0761128e03544944a336ebfc0a57d1b9785c82d9496424c936173b755
26e138fdc0bfc8426704b397141d563cf4d580a2	generated/work_wrphy_full/wr_arria10_e3p1_phy/wr_arria10_e3p1_det_phy/generated/altera_xcvr_native_a10_170/synth/altera_xcvr_native_pcie_dfe_ip.sv	cf5807270651c2c5e11a68c01dacce96f078eeb7	quartus_generated/work_wrphy_full/wr_arria10_e3p1_phy/wr_arria10_e3p1_det_phy/generated/altera_xcvr_native_a10_170/synth/altera_xcvr_native_pcie_dfe_ip.sv	byte-identical	35bb5c538d5d5cfb546b119822cc64455825e4ba80509d93d49041fcac47411f
26e138fdc0bfc8426704b397141d563cf4d580a2	generated/work_wrphy_full/wr_arria10_e3p1_phy/wr_arria10_e3p1_det_phy/generated/altera_xcvr_native_a10_170/synth/altera_xcvr_native_pcie_dfe_params_h.sv	14e783bc16bb96c56763a92e6fa9008650caad06	quartus_generated/work_wrphy_full/wr_arria10_e3p1_phy/wr_arria10_e3p1_det_phy/generated/altera_xcvr_native_a10_170/synth/altera_xcvr_native_pcie_dfe_params_h.sv	byte-identical	cd41dd74fcf3bac5ae393323e0a26a33893821005a004c2a33a8ee6956391ebb
26e138fdc0bfc8426704b397141d563cf4d580a2	generated/work_wrphy_full/wr_arria10_e3p1_phy/wr_arria10_e3p1_det_phy/generated/altera_xcvr_native_a10_170/synth/pcie_mgmt_commands_h.sv	234f338e8ceef671cfd3ab765d3b67df7ad2e41a	quartus_generated/work_wrphy_full/wr_arria10_e3p1_phy/wr_arria10_e3p1_det_phy/generated/altera_xcvr_native_a10_170/synth/pcie_mgmt_commands_h.sv	byte-identical	3b671ba149065898a753208c54359fdbc7a21d0e1581c02c396ae35a6bbf8e5f
26e138fdc0bfc8426704b397141d563cf4d580a2	generated/work_wrphy_full/wr_arria10_e3p1_phy/wr_arria10_e3p1_det_phy/generated/altera_xcvr_native_a10_170/synth/pcie_mgmt_cpu.sv	48ce06b25973fc5e1c2801a6e99c99cab296c638	quartus_generated/work_wrphy_full/wr_arria10_e3p1_phy/wr_arria10_e3p1_det_phy/generated/altera_xcvr_native_a10_170/synth/pcie_mgmt_cpu.sv	byte-identical	0b4bb1e2b577c6b11b53d709eb712b1a07f7ce1bd9a27947721e367fc6e158ff
26e138fdc0bfc8426704b397141d563cf4d580a2	generated/work_wrphy_full/wr_arria10_e3p1_phy/wr_arria10_e3p1_det_phy/generated/altera_xcvr_native_a10_170/synth/pcie_mgmt_functions_h.sv	4846f4b76f473680af6c8e7861e300c86be54535	quartus_generated/work_wrphy_full/wr_arria10_e3p1_phy/wr_arria10_e3p1_det_phy/generated/altera_xcvr_native_a10_170/synth/pcie_mgmt_functions_h.sv	byte-identical	54f3e75b3dbbda733e114d1d024501c9103079534ce36a713c56b751e9341ca8
26e138fdc0bfc8426704b397141d563cf4d580a2	generated/work_wrphy_full/wr_arria10_e3p1_phy/wr_arria10_e3p1_det_phy/generated/altera_xcvr_native_a10_170/synth/pcie_mgmt_master.sv	c612a244307e6ad6b56154f3636c14cdb0cfbcc2	quartus_generated/work_wrphy_full/wr_arria10_e3p1_phy/wr_arria10_e3p1_det_phy/generated/altera_xcvr_native_a10_170/synth/pcie_mgmt_master.sv	byte-identical	484c1e2e3c97826d43e3c31f22317d9d7070f102056976d6e5414c43805ed635
26e138fdc0bfc8426704b397141d563cf4d580a2	generated/work_wrphy_full/wr_arria10_e3p1_phy/wr_arria10_e3p1_det_phy/generated/altera_xcvr_native_a10_170/synth/pcie_mgmt_program.sv	1878989c8a958434d793a0147c9a465726fedba2	quartus_generated/work_wrphy_full/wr_arria10_e3p1_phy/wr_arria10_e3p1_det_phy/generated/altera_xcvr_native_a10_170/synth/pcie_mgmt_program.sv	byte-identical	0e56973bedfb44f3c1a5d77b065e9a9b0ea08e36ee5629a29f0c0b41f78ea570
26e138fdc0bfc8426704b397141d563cf4d580a2	generated/work_wrphy_full/wr_arria10_e3p1_phy/wr_arria10_e3p1_det_phy/generated/altera_xcvr_native_a10_170/synth/plain_files.txt	abee74c013b41417784696f0ae2fc303fb20d4a5	quartus_generated/work_wrphy_full/wr_arria10_e3p1_phy/wr_arria10_e3p1_det_phy/generated/altera_xcvr_native_a10_170/synth/plain_files.txt	byte-identical	2e128e5c942576896f382b7bbce314a00be28a01a5ba972960963c2bb215e83b
26e138fdc0bfc8426704b397141d563cf4d580a2	generated/work_wrphy_full/wr_arria10_e3p1_phy/wr_arria10_e3p1_det_phy/generated/altera_xcvr_native_a10_170/synth/twentynm_pcs.sv	6d6efd88532073c3f1268e4d4ed667179745f68f	quartus_generated/work_wrphy_full/wr_arria10_e3p1_phy/wr_arria10_e3p1_det_phy/generated/altera_xcvr_native_a10_170/synth/twentynm_pcs.sv	byte-identical	018322e9fd8f5713717cb9a161f4bb757a798b92ea56d99ece905ac205d41012
26e138fdc0bfc8426704b397141d563cf4d580a2	generated/work_wrphy_full/wr_arria10_e3p1_phy/wr_arria10_e3p1_det_phy/generated/altera_xcvr_native_a10_170/synth/twentynm_pma.sv	921ca246103ec648ac93a9ea1b772affe0a94505	quartus_generated/work_wrphy_full/wr_arria10_e3p1_phy/wr_arria10_e3p1_det_phy/generated/altera_xcvr_native_a10_170/synth/twentynm_pma.sv	byte-identical	892dcb9e06a7da940bf992fa5735fcb4dc853921ce97a15a08454e3f9a7c9600
26e138fdc0bfc8426704b397141d563cf4d580a2	generated/work_wrphy_full/wr_arria10_e3p1_phy/wr_arria10_e3p1_det_phy/generated/altera_xcvr_native_a10_170/synth/twentynm_xcvr_avmm.sv	2c73e10656c2d8b71bd3e20e3c894a438c5b6724	quartus_generated/work_wrphy_full/wr_arria10_e3p1_phy/wr_arria10_e3p1_det_phy/generated/altera_xcvr_native_a10_170/synth/twentynm_xcvr_avmm.sv	byte-identical	deebb6f797ebc0bfc8e9a970de271a65a1b1e141eadadb7adac8abe4619be30a
26e138fdc0bfc8426704b397141d563cf4d580a2	generated/work_wrphy_full/wr_arria10_e3p1_phy/wr_arria10_e3p1_det_phy/generated/altera_xcvr_native_a10_170/synth/twentynm_xcvr_native.sv	412b46fc9316a269bb5b153de34a6b2477ca6339	quartus_generated/work_wrphy_full/wr_arria10_e3p1_phy/wr_arria10_e3p1_det_phy/generated/altera_xcvr_native_a10_170/synth/twentynm_xcvr_native.sv	byte-identical	bb61a4682369dab26bf1a12483f3e07f07bae8e01e199d3442d4aa18e6d112c6
26e138fdc0bfc8426704b397141d563cf4d580a2	generated/work_wrphy_full/wr_arria10_e3p1_phy/wr_arria10_e3p1_det_phy/generated/altera_xcvr_native_a10_170/synth/wr_arria10_e3p1_det_phy_altera_xcvr_native_a10_170_6qfnzyy.sv	909a9d12c4882c7919bdf1a487a5529ecefa4f13	quartus_generated/work_wrphy_full/wr_arria10_e3p1_phy/wr_arria10_e3p1_det_phy/generated/altera_xcvr_native_a10_170/synth/wr_arria10_e3p1_det_phy_altera_xcvr_native_a10_170_6qfnzyy.sv	byte-identical	5b1a9217106b327d2a431948eace2beadc5193db724066ac467d4872007658f3
26e138fdc0bfc8426704b397141d563cf4d580a2	generated/work_wrphy_full/wr_arria10_e3p1_phy/wr_arria10_e3p1_det_phy/generated/synth/wr_arria10_e3p1_det_phy.v	ead91702479c2b7792930a195a708afe39d3d24c	quartus_generated/work_wrphy_full/wr_arria10_e3p1_phy/wr_arria10_e3p1_det_phy/generated/synth/wr_arria10_e3p1_det_phy.v	byte-identical	2f7f739040e305d1a54a60f3d6fffb7ca1274575c8db5ac959f4d8ae0f94e2c0
26e138fdc0bfc8426704b397141d563cf4d580a2	generated/work_wrphy_full/wr_arria10_e3p1_phy/wr_arria10_e3p1_det_phy/generated/synth/wr_arria10_e3p1_det_phy_cfg.v	020791fe608f4f48d2de8ab6a2298497c876b606	quartus_generated/work_wrphy_full/wr_arria10_e3p1_phy/wr_arria10_e3p1_det_phy/generated/synth/wr_arria10_e3p1_det_phy_cfg.v	byte-identical	3f8ecab72a088df5ee9e0096592eb24ed9761f77139af208ce9f259d2fb0285f
26e138fdc0bfc8426704b397141d563cf4d580a2	generated/work_wrphy_full/wr_arria10_e3p1_phy/wr_arria10_e3p1_det_phy/generated/wr_arria10_e3p1_det_phy.cmp	1d292e32e4d7b50f190858919b8bd15dce12c38f	quartus_generated/work_wrphy_full/wr_arria10_e3p1_phy/wr_arria10_e3p1_det_phy/generated/wr_arria10_e3p1_det_phy.cmp	byte-identical	2973c685021f9f7f871c520cbe72ac9282e55bcddebfd034e2c7e03cdbd7ac49
26e138fdc0bfc8426704b397141d563cf4d580a2	generated/work_wrphy_full/wr_arria10_e3p1_phy/wr_arria10_e3p1_det_phy/generated/wr_arria10_e3p1_det_phy.debuginfo	e69de29bb2d1d6434b8b29ae775ad8c2e48c5391	quartus_generated/work_wrphy_full/wr_arria10_e3p1_phy/wr_arria10_e3p1_det_phy/generated/wr_arria10_e3p1_det_phy.debuginfo	byte-identical	e3b0c44298fc1c149afbf4c8996fb92427ae41e4649b934ca495991b7852b855
26e138fdc0bfc8426704b397141d563cf4d580a2	generated/work_wrphy_full/wr_arria10_e3p1_phy/wr_arria10_e3p1_det_phy/generated/wr_arria10_e3p1_det_phy.html	81c811ded5923ca1f4d27bb584aea5bacc5ec07b	quartus_generated/work_wrphy_full/wr_arria10_e3p1_phy/wr_arria10_e3p1_det_phy/generated/wr_arria10_e3p1_det_phy.html	byte-identical	a27ce75af8368c039e355a05a1c94654d752a076c19150add45a5ea231507cb7
26e138fdc0bfc8426704b397141d563cf4d580a2	generated/work_wrphy_full/wr_arria10_e3p1_phy/wr_arria10_e3p1_det_phy/generated/wr_arria10_e3p1_det_phy.qip	046f6f552b062f60db74b5cb653ac2fda6b53385	quartus_generated/work_wrphy_full/wr_arria10_e3p1_phy/wr_arria10_e3p1_det_phy/generated/wr_arria10_e3p1_det_phy.qip	byte-identical	430b1f7025cf67977092933916f7aa84f2c040a77b4029689af7b371241800cf
26e138fdc0bfc8426704b397141d563cf4d580a2	generated/work_wrphy_full/wr_arria10_e3p1_phy/wr_arria10_e3p1_det_phy/generated/wr_arria10_e3p1_det_phy.xml	812a22230b251f81d7e170be041b9cc494ded6f2	quartus_generated/work_wrphy_full/wr_arria10_e3p1_phy/wr_arria10_e3p1_det_phy/generated/wr_arria10_e3p1_det_phy.xml	byte-identical	6b72b85ee6e182d55ddf837af1a6d465381b43936d3f6c9bba6232919a177af4
26e138fdc0bfc8426704b397141d563cf4d580a2	generated/work_wrphy_full/wr_arria10_e3p1_phy/wr_arria10_e3p1_det_phy/wr_arria10_e3p1_det_phy.qsys	db20790b0c0d2379cc4956350f8ae9b93e4ed469	quartus_generated/work_wrphy_full/wr_arria10_e3p1_phy/wr_arria10_e3p1_det_phy/wr_arria10_e3p1_det_phy.qsys	byte-identical	4d3db39e835d55382990fe832c25417ce2df473ac24465a84d80a6a812c347a5
26e138fdc0bfc8426704b397141d563cf4d580a2	generated/work_wrphy_full/wr_arria10_e3p1_phy/wr_arria10_e3p1_det_phy/wr_arria10_e3p1_det_phy.sopcinfo	6a6f65f43aba21639c8ac3acfe76c569b836015a	quartus_generated/work_wrphy_full/wr_arria10_e3p1_phy/wr_arria10_e3p1_det_phy/wr_arria10_e3p1_det_phy.sopcinfo	byte-identical	d6d7a3f25208ee8a8a6e88b0809b546f895df8f93de77e557803e83768c6bda2
26e138fdc0bfc8426704b397141d563cf4d580a2	generated/work_wrphy_full/wr_arria10_e3p1_phy/wr_arria10_e3p1_phy.tcl	bd3343f4f023e916e74fc349da81fae023cc6efe	quartus_generated/work_wrphy_full/wr_arria10_e3p1_phy/wr_arria10_e3p1_phy.tcl	byte-identical	50e34072e0446a5a3a853c41d034ab4ba6ffb60bb52fa9bede75153d0bda1213
26e138fdc0bfc8426704b397141d563cf4d580a2	generated/work_wrphy_full/wr_arria10_e3p1_phy/wr_arria10_e3p1_phy/generated/altera_xcvr_native_a10_170/synth/a10_avmm_h.sv	ac78c9d9300786d1e2b9eb607354e2b5d84e2d9d	quartus_generated/work_wrphy_full/wr_arria10_e3p1_phy/wr_arria10_e3p1_phy/generated/altera_xcvr_native_a10_170/synth/a10_avmm_h.sv	byte-identical	4de7b95286ea2574efe02ad5e95d78db78a3a1c51aa1cdcd8fc5b14b11b38f7b
26e138fdc0bfc8426704b397141d563cf4d580a2	generated/work_wrphy_full/wr_arria10_e3p1_phy/wr_arria10_e3p1_phy/generated/altera_xcvr_native_a10_170/synth/alt_xcvr_arbiter.sv	7b4d49750b0ee170aaa235382a36265130cabd8d	quartus_generated/work_wrphy_full/wr_arria10_e3p1_phy/wr_arria10_e3p1_phy/generated/altera_xcvr_native_a10_170/synth/alt_xcvr_arbiter.sv	byte-identical	9f0c59a5482f49b010df713049ec0f8b54f0733f4f5a69b2796b2470e0bda350
26e138fdc0bfc8426704b397141d563cf4d580a2	generated/work_wrphy_full/wr_arria10_e3p1_phy/wr_arria10_e3p1_phy/generated/altera_xcvr_native_a10_170/synth/alt_xcvr_native_avmm_csr.sv	defda344ca368b71231caa0dbe638938d24358e7	quartus_generated/work_wrphy_full/wr_arria10_e3p1_phy/wr_arria10_e3p1_phy/generated/altera_xcvr_native_a10_170/synth/alt_xcvr_native_avmm_csr.sv	byte-identical	57766b5260a20de7fd3afd4381506b5e845cb7e4c7bb0792ca4ac16ad2c722f6
26e138fdc0bfc8426704b397141d563cf4d580a2	generated/work_wrphy_full/wr_arria10_e3p1_phy/wr_arria10_e3p1_phy/generated/altera_xcvr_native_a10_170/synth/alt_xcvr_native_odi_accel.sv	a0dccc5218b695e875aebe30532fc41d9d810632	quartus_generated/work_wrphy_full/wr_arria10_e3p1_phy/wr_arria10_e3p1_phy/generated/altera_xcvr_native_a10_170/synth/alt_xcvr_native_odi_accel.sv	byte-identical	558b1156cfd912c167538fb5dde659fafe7ccae05aeb71a77df9d4f294f2cacf
26e138fdc0bfc8426704b397141d563cf4d580a2	generated/work_wrphy_full/wr_arria10_e3p1_phy/wr_arria10_e3p1_phy/generated/altera_xcvr_native_a10_170/synth/alt_xcvr_native_pipe_retry.sv	dbf22bb411e0b6dbd0982d0910b64cc18243d7a1	quartus_generated/work_wrphy_full/wr_arria10_e3p1_phy/wr_arria10_e3p1_phy/generated/altera_xcvr_native_a10_170/synth/alt_xcvr_native_pipe_retry.sv	byte-identical	14e3dc7ab1a43b380e2d52e3553255d195c410596d7838492e1c9547065baccd
26e138fdc0bfc8426704b397141d563cf4d580a2	generated/work_wrphy_full/wr_arria10_e3p1_phy/wr_arria10_e3p1_phy/generated/altera_xcvr_native_a10_170/synth/alt_xcvr_native_prbs_accum.sv	a3be8ff356f91dc478d8fb473208199e9537b04c	quartus_generated/work_wrphy_full/wr_arria10_e3p1_phy/wr_arria10_e3p1_phy/generated/altera_xcvr_native_a10_170/synth/alt_xcvr_native_prbs_accum.sv	byte-identical	0d7a77d72ea78ce126b256994f32a96d5dc8e218958c776bf99a1a513fb6fa61
26e138fdc0bfc8426704b397141d563cf4d580a2	generated/work_wrphy_full/wr_arria10_e3p1_phy/wr_arria10_e3p1_phy/generated/altera_xcvr_native_a10_170/synth/alt_xcvr_native_rcfg_arb.sv	b0a8eabf641ea6b2c338227ea8156b3154a2f473	quartus_generated/work_wrphy_full/wr_arria10_e3p1_phy/wr_arria10_e3p1_phy/generated/altera_xcvr_native_a10_170/synth/alt_xcvr_native_rcfg_arb.sv	byte-identical	d44352cdabe4e3ed2e7f1bdf6227bee2859f8f1007119056aaf754300c89a425
26e138fdc0bfc8426704b397141d563cf4d580a2	generated/work_wrphy_full/wr_arria10_e3p1_phy/wr_arria10_e3p1_phy/generated/altera_xcvr_native_a10_170/synth/alt_xcvr_native_rcfg_opt_logic_aqgtcoa.sv	1a1a1f000b58842efbb66cf297af5a135dec11f7	quartus_generated/work_wrphy_full/wr_arria10_e3p1_phy/wr_arria10_e3p1_phy/generated/altera_xcvr_native_a10_170/synth/alt_xcvr_native_rcfg_opt_logic_aqgtcoa.sv	byte-identical	5a54e1af4de910ab84e46ef25ca1a613502dc6fd8b064b84f4cf54d7798d7db0
26e138fdc0bfc8426704b397141d563cf4d580a2	generated/work_wrphy_full/wr_arria10_e3p1_phy/wr_arria10_e3p1_phy/generated/altera_xcvr_native_a10_170/synth/alt_xcvr_resync.sv	4597faeeb3d4bf23dda091b1d95b968612f18002	quartus_generated/work_wrphy_full/wr_arria10_e3p1_phy/wr_arria10_e3p1_phy/generated/altera_xcvr_native_a10_170/synth/alt_xcvr_resync.sv	byte-identical	fb4f01a93eec1603e06d2ec0f43200aaa408418ba441caa5be0838aea5f8ce3f
26e138fdc0bfc8426704b397141d563cf4d580a2	generated/work_wrphy_full/wr_arria10_e3p1_phy/wr_arria10_e3p1_phy/generated/altera_xcvr_native_a10_170/synth/altera_xcvr_native_a10_false_paths.sdc	2d3cece35341de6b24e165ad97ea4f86f73f8915	quartus_generated/work_wrphy_full/wr_arria10_e3p1_phy/wr_arria10_e3p1_phy/generated/altera_xcvr_native_a10_170/synth/altera_xcvr_native_a10_false_paths.sdc	byte-identical	1af49f790a4396817e780051aa6daf9b58b9b44346e538ef4e92c5a32999fda4
26e138fdc0bfc8426704b397141d563cf4d580a2	generated/work_wrphy_full/wr_arria10_e3p1_phy/wr_arria10_e3p1_phy/generated/altera_xcvr_native_a10_170/synth/altera_xcvr_native_a10_functions_h.sv	0fd104877e5cd06435f90bcfa760645051a55595	quartus_generated/work_wrphy_full/wr_arria10_e3p1_phy/wr_arria10_e3p1_phy/generated/altera_xcvr_native_a10_170/synth/altera_xcvr_native_a10_functions_h.sv	byte-identical	d7398bd0761128e03544944a336ebfc0a57d1b9785c82d9496424c936173b755
26e138fdc0bfc8426704b397141d563cf4d580a2	generated/work_wrphy_full/wr_arria10_e3p1_phy/wr_arria10_e3p1_phy/generated/altera_xcvr_native_a10_170/synth/altera_xcvr_native_pcie_dfe_ip.sv	cf5807270651c2c5e11a68c01dacce96f078eeb7	quartus_generated/work_wrphy_full/wr_arria10_e3p1_phy/wr_arria10_e3p1_phy/generated/altera_xcvr_native_a10_170/synth/altera_xcvr_native_pcie_dfe_ip.sv	byte-identical	35bb5c538d5d5cfb546b119822cc64455825e4ba80509d93d49041fcac47411f
26e138fdc0bfc8426704b397141d563cf4d580a2	generated/work_wrphy_full/wr_arria10_e3p1_phy/wr_arria10_e3p1_phy/generated/altera_xcvr_native_a10_170/synth/altera_xcvr_native_pcie_dfe_params_h.sv	14e783bc16bb96c56763a92e6fa9008650caad06	quartus_generated/work_wrphy_full/wr_arria10_e3p1_phy/wr_arria10_e3p1_phy/generated/altera_xcvr_native_a10_170/synth/altera_xcvr_native_pcie_dfe_params_h.sv	byte-identical	cd41dd74fcf3bac5ae393323e0a26a33893821005a004c2a33a8ee6956391ebb
26e138fdc0bfc8426704b397141d563cf4d580a2	generated/work_wrphy_full/wr_arria10_e3p1_phy/wr_arria10_e3p1_phy/generated/altera_xcvr_native_a10_170/synth/pcie_mgmt_commands_h.sv	234f338e8ceef671cfd3ab765d3b67df7ad2e41a	quartus_generated/work_wrphy_full/wr_arria10_e3p1_phy/wr_arria10_e3p1_phy/generated/altera_xcvr_native_a10_170/synth/pcie_mgmt_commands_h.sv	byte-identical	3b671ba149065898a753208c54359fdbc7a21d0e1581c02c396ae35a6bbf8e5f
26e138fdc0bfc8426704b397141d563cf4d580a2	generated/work_wrphy_full/wr_arria10_e3p1_phy/wr_arria10_e3p1_phy/generated/altera_xcvr_native_a10_170/synth/pcie_mgmt_cpu.sv	48ce06b25973fc5e1c2801a6e99c99cab296c638	quartus_generated/work_wrphy_full/wr_arria10_e3p1_phy/wr_arria10_e3p1_phy/generated/altera_xcvr_native_a10_170/synth/pcie_mgmt_cpu.sv	byte-identical	0b4bb1e2b577c6b11b53d709eb712b1a07f7ce1bd9a27947721e367fc6e158ff
26e138fdc0bfc8426704b397141d563cf4d580a2	generated/work_wrphy_full/wr_arria10_e3p1_phy/wr_arria10_e3p1_phy/generated/altera_xcvr_native_a10_170/synth/pcie_mgmt_functions_h.sv	4846f4b76f473680af6c8e7861e300c86be54535	quartus_generated/work_wrphy_full/wr_arria10_e3p1_phy/wr_arria10_e3p1_phy/generated/altera_xcvr_native_a10_170/synth/pcie_mgmt_functions_h.sv	byte-identical	54f3e75b3dbbda733e114d1d024501c9103079534ce36a713c56b751e9341ca8
26e138fdc0bfc8426704b397141d563cf4d580a2	generated/work_wrphy_full/wr_arria10_e3p1_phy/wr_arria10_e3p1_phy/generated/altera_xcvr_native_a10_170/synth/pcie_mgmt_master.sv	c612a244307e6ad6b56154f3636c14cdb0cfbcc2	quartus_generated/work_wrphy_full/wr_arria10_e3p1_phy/wr_arria10_e3p1_phy/generated/altera_xcvr_native_a10_170/synth/pcie_mgmt_master.sv	byte-identical	484c1e2e3c97826d43e3c31f22317d9d7070f102056976d6e5414c43805ed635
26e138fdc0bfc8426704b397141d563cf4d580a2	generated/work_wrphy_full/wr_arria10_e3p1_phy/wr_arria10_e3p1_phy/generated/altera_xcvr_native_a10_170/synth/pcie_mgmt_program.sv	1878989c8a958434d793a0147c9a465726fedba2	quartus_generated/work_wrphy_full/wr_arria10_e3p1_phy/wr_arria10_e3p1_phy/generated/altera_xcvr_native_a10_170/synth/pcie_mgmt_program.sv	byte-identical	0e56973bedfb44f3c1a5d77b065e9a9b0ea08e36ee5629a29f0c0b41f78ea570
26e138fdc0bfc8426704b397141d563cf4d580a2	generated/work_wrphy_full/wr_arria10_e3p1_phy/wr_arria10_e3p1_phy/generated/altera_xcvr_native_a10_170/synth/plain_files.txt	abee74c013b41417784696f0ae2fc303fb20d4a5	quartus_generated/work_wrphy_full/wr_arria10_e3p1_phy/wr_arria10_e3p1_phy/generated/altera_xcvr_native_a10_170/synth/plain_files.txt	byte-identical	2e128e5c942576896f382b7bbce314a00be28a01a5ba972960963c2bb215e83b
26e138fdc0bfc8426704b397141d563cf4d580a2	generated/work_wrphy_full/wr_arria10_e3p1_phy/wr_arria10_e3p1_phy/generated/altera_xcvr_native_a10_170/synth/twentynm_pcs.sv	6d6efd88532073c3f1268e4d4ed667179745f68f	quartus_generated/work_wrphy_full/wr_arria10_e3p1_phy/wr_arria10_e3p1_phy/generated/altera_xcvr_native_a10_170/synth/twentynm_pcs.sv	byte-identical	018322e9fd8f5713717cb9a161f4bb757a798b92ea56d99ece905ac205d41012
26e138fdc0bfc8426704b397141d563cf4d580a2	generated/work_wrphy_full/wr_arria10_e3p1_phy/wr_arria10_e3p1_phy/generated/altera_xcvr_native_a10_170/synth/twentynm_pma.sv	921ca246103ec648ac93a9ea1b772affe0a94505	quartus_generated/work_wrphy_full/wr_arria10_e3p1_phy/wr_arria10_e3p1_phy/generated/altera_xcvr_native_a10_170/synth/twentynm_pma.sv	byte-identical	892dcb9e06a7da940bf992fa5735fcb4dc853921ce97a15a08454e3f9a7c9600
26e138fdc0bfc8426704b397141d563cf4d580a2	generated/work_wrphy_full/wr_arria10_e3p1_phy/wr_arria10_e3p1_phy/generated/altera_xcvr_native_a10_170/synth/twentynm_xcvr_avmm.sv	2c73e10656c2d8b71bd3e20e3c894a438c5b6724	quartus_generated/work_wrphy_full/wr_arria10_e3p1_phy/wr_arria10_e3p1_phy/generated/altera_xcvr_native_a10_170/synth/twentynm_xcvr_avmm.sv	byte-identical	deebb6f797ebc0bfc8e9a970de271a65a1b1e141eadadb7adac8abe4619be30a
26e138fdc0bfc8426704b397141d563cf4d580a2	generated/work_wrphy_full/wr_arria10_e3p1_phy/wr_arria10_e3p1_phy/generated/altera_xcvr_native_a10_170/synth/twentynm_xcvr_native.sv	412b46fc9316a269bb5b153de34a6b2477ca6339	quartus_generated/work_wrphy_full/wr_arria10_e3p1_phy/wr_arria10_e3p1_phy/generated/altera_xcvr_native_a10_170/synth/twentynm_xcvr_native.sv	byte-identical	bb61a4682369dab26bf1a12483f3e07f07bae8e01e199d3442d4aa18e6d112c6
26e138fdc0bfc8426704b397141d563cf4d580a2	generated/work_wrphy_full/wr_arria10_e3p1_phy/wr_arria10_e3p1_phy/generated/altera_xcvr_native_a10_170/synth/wr_arria10_e3p1_phy_altera_xcvr_native_a10_170_aqgtcoa.sv	0585350a655142795951956169b79658a621f116	quartus_generated/work_wrphy_full/wr_arria10_e3p1_phy/wr_arria10_e3p1_phy/generated/altera_xcvr_native_a10_170/synth/wr_arria10_e3p1_phy_altera_xcvr_native_a10_170_aqgtcoa.sv	byte-identical	0f8dbd07ea20f5ba07959ee21c2aaba26c359e7df057d39c7840a4843176d555
26e138fdc0bfc8426704b397141d563cf4d580a2	generated/work_wrphy_full/wr_arria10_e3p1_phy/wr_arria10_e3p1_phy/generated/synth/wr_arria10_e3p1_phy.v	365467ebe9ab511a21a89a4e2e521db4845f98a9	quartus_generated/work_wrphy_full/wr_arria10_e3p1_phy/wr_arria10_e3p1_phy/generated/synth/wr_arria10_e3p1_phy.v	byte-identical	343e0111334d1def195cd3a3bbfad31b02b26d42aa68146690bc293f86c90ce0
26e138fdc0bfc8426704b397141d563cf4d580a2	generated/work_wrphy_full/wr_arria10_e3p1_phy/wr_arria10_e3p1_phy/generated/synth/wr_arria10_e3p1_phy_cfg.v	64ad5645f8822b65c986279124a50ec78861e4ff	quartus_generated/work_wrphy_full/wr_arria10_e3p1_phy/wr_arria10_e3p1_phy/generated/synth/wr_arria10_e3p1_phy_cfg.v	byte-identical	6b10fa2417a2ca78b455c4f6c7587a46da2f5977a9adedc87b6d1a88aa62110c
26e138fdc0bfc8426704b397141d563cf4d580a2	generated/work_wrphy_full/wr_arria10_e3p1_phy/wr_arria10_e3p1_phy/generated/wr_arria10_e3p1_phy.cmp	f69283e8c3287b923af0796523ecd341c2b7ed31	quartus_generated/work_wrphy_full/wr_arria10_e3p1_phy/wr_arria10_e3p1_phy/generated/wr_arria10_e3p1_phy.cmp	byte-identical	acba4c798759f7e486bd640aa03fd37654995b3981740321ebe455da59022d95
26e138fdc0bfc8426704b397141d563cf4d580a2	generated/work_wrphy_full/wr_arria10_e3p1_phy/wr_arria10_e3p1_phy/generated/wr_arria10_e3p1_phy.debuginfo	e69de29bb2d1d6434b8b29ae775ad8c2e48c5391	quartus_generated/work_wrphy_full/wr_arria10_e3p1_phy/wr_arria10_e3p1_phy/generated/wr_arria10_e3p1_phy.debuginfo	byte-identical	e3b0c44298fc1c149afbf4c8996fb92427ae41e4649b934ca495991b7852b855
26e138fdc0bfc8426704b397141d563cf4d580a2	generated/work_wrphy_full/wr_arria10_e3p1_phy/wr_arria10_e3p1_phy/generated/wr_arria10_e3p1_phy.html	4decf4b9c4afa4c6ad95527dbc6e6d63d8d7caa4	quartus_generated/work_wrphy_full/wr_arria10_e3p1_phy/wr_arria10_e3p1_phy/generated/wr_arria10_e3p1_phy.html	byte-identical	f01b1141156726f96e165ca98afa17fb847a18f0b662ab05f25a2f5d4b3ec236
26e138fdc0bfc8426704b397141d563cf4d580a2	generated/work_wrphy_full/wr_arria10_e3p1_phy/wr_arria10_e3p1_phy/generated/wr_arria10_e3p1_phy.qip	00aa9d92219a9d3d389659e761932f0787846327	quartus_generated/work_wrphy_full/wr_arria10_e3p1_phy/wr_arria10_e3p1_phy/generated/wr_arria10_e3p1_phy.qip	byte-identical	87c9b649510e39b5df501ad3082e3a88de2d54aa7d46ae713d5b679fae2bf85e
26e138fdc0bfc8426704b397141d563cf4d580a2	generated/work_wrphy_full/wr_arria10_e3p1_phy/wr_arria10_e3p1_phy/generated/wr_arria10_e3p1_phy.xml	f6f799aabb1bcaa10015bd037c5f9ce74537c871	quartus_generated/work_wrphy_full/wr_arria10_e3p1_phy/wr_arria10_e3p1_phy/generated/wr_arria10_e3p1_phy.xml	byte-identical	8e1739ab5354cc23ddccae409204a3050c1baa500bb2442af89749fc4d52f6a6
26e138fdc0bfc8426704b397141d563cf4d580a2	generated/work_wrphy_full/wr_arria10_e3p1_phy/wr_arria10_e3p1_phy/wr_arria10_e3p1_phy.qsys	899228c1e1b1a7b36504d417b306d98b35de5c8c	quartus_generated/work_wrphy_full/wr_arria10_e3p1_phy/wr_arria10_e3p1_phy/wr_arria10_e3p1_phy.qsys	byte-identical	28d1cdcfe846668724ca2cb5acbe980cc935147fb4db77b85e169f8dfd2fc7d2
26e138fdc0bfc8426704b397141d563cf4d580a2	generated/work_wrphy_full/wr_arria10_e3p1_phy/wr_arria10_e3p1_phy/wr_arria10_e3p1_phy.sopcinfo	f9cf2eab63ae97569f6a7051b3fd81339c0aadd3	quartus_generated/work_wrphy_full/wr_arria10_e3p1_phy/wr_arria10_e3p1_phy/wr_arria10_e3p1_phy.sopcinfo	byte-identical	3ad98045696071bc00703e7f7d00027e5c9680678a7cd87c6fe1ba3d95f2eff6
26e138fdc0bfc8426704b397141d563cf4d580a2	generated/work_wrphy_full/wr_arria10_e3p1_phy/wr_arria10_e3p1_rst_ctl/generated/altera_xcvr_reset_control_170/synth/alt_xcvr_reset_counter.sv	d1470b1e53315c1d20bfee9c5bc8e12a30878c94	quartus_generated/work_wrphy_full/wr_arria10_e3p1_phy/wr_arria10_e3p1_rst_ctl/generated/altera_xcvr_reset_control_170/synth/alt_xcvr_reset_counter.sv	byte-identical	fc13c3901e222a1deb51b2149a9076b352a2823aed4d17980f59170bce2b1cef
26e138fdc0bfc8426704b397141d563cf4d580a2	generated/work_wrphy_full/wr_arria10_e3p1_phy/wr_arria10_e3p1_rst_ctl/generated/altera_xcvr_reset_control_170/synth/alt_xcvr_resync.sv	4597faeeb3d4bf23dda091b1d95b968612f18002	quartus_generated/work_wrphy_full/wr_arria10_e3p1_phy/wr_arria10_e3p1_rst_ctl/generated/altera_xcvr_reset_control_170/synth/alt_xcvr_resync.sv	byte-identical	fb4f01a93eec1603e06d2ec0f43200aaa408418ba441caa5be0838aea5f8ce3f
26e138fdc0bfc8426704b397141d563cf4d580a2	generated/work_wrphy_full/wr_arria10_e3p1_phy/wr_arria10_e3p1_rst_ctl/generated/altera_xcvr_reset_control_170/synth/altera_xcvr_functions.sv	b3a63b166a9b5853368ba387c0d3e031e28d909c	quartus_generated/work_wrphy_full/wr_arria10_e3p1_phy/wr_arria10_e3p1_rst_ctl/generated/altera_xcvr_reset_control_170/synth/altera_xcvr_functions.sv	byte-identical	16cc8a916bb3d68e0ab5539de1f18327c421bd534fb5dca2c2b29c621664fae0
26e138fdc0bfc8426704b397141d563cf4d580a2	generated/work_wrphy_full/wr_arria10_e3p1_phy/wr_arria10_e3p1_rst_ctl/generated/altera_xcvr_reset_control_170/synth/altera_xcvr_reset_control.sv	63683423c451bde6f74a3507653bc69169263555	quartus_generated/work_wrphy_full/wr_arria10_e3p1_phy/wr_arria10_e3p1_rst_ctl/generated/altera_xcvr_reset_control_170/synth/altera_xcvr_reset_control.sv	byte-identical	e9ebba3434b552d516b54dc3f5d5142894b5b07df4664c4bc1e7a6b2ddfa9a39
26e138fdc0bfc8426704b397141d563cf4d580a2	generated/work_wrphy_full/wr_arria10_e3p1_phy/wr_arria10_e3p1_rst_ctl/generated/altera_xcvr_reset_control_170/synth/plain_files.txt	d5fd5374d7dd576eefc57987f65074b7c2d15437	quartus_generated/work_wrphy_full/wr_arria10_e3p1_phy/wr_arria10_e3p1_rst_ctl/generated/altera_xcvr_reset_control_170/synth/plain_files.txt	byte-identical	7dfcce960f0e1efe8fe2269b61c69229820ce7c234b4e9eb6eb1d44838e32ae4
26e138fdc0bfc8426704b397141d563cf4d580a2	generated/work_wrphy_full/wr_arria10_e3p1_phy/wr_arria10_e3p1_rst_ctl/generated/synth/wr_arria10_e3p1_rst_ctl.v	011e94845a60c9e4b58386ad77eb049ac0c37a1d	quartus_generated/work_wrphy_full/wr_arria10_e3p1_phy/wr_arria10_e3p1_rst_ctl/generated/synth/wr_arria10_e3p1_rst_ctl.v	byte-identical	68952f1eb7c1f70952903fc6847525729bd7f4283f93e944f30cdf73757ad92f
26e138fdc0bfc8426704b397141d563cf4d580a2	generated/work_wrphy_full/wr_arria10_e3p1_phy/wr_arria10_e3p1_rst_ctl/generated/synth/wr_arria10_e3p1_rst_ctl_cfg.v	85d957820702d0570375ec68389b425b7a411f66	quartus_generated/work_wrphy_full/wr_arria10_e3p1_phy/wr_arria10_e3p1_rst_ctl/generated/synth/wr_arria10_e3p1_rst_ctl_cfg.v	byte-identical	50083104a0f62e7a98927e52ce3998147ef8a2a633f7ec9da3c67fc7cbbc8576
26e138fdc0bfc8426704b397141d563cf4d580a2	generated/work_wrphy_full/wr_arria10_e3p1_phy/wr_arria10_e3p1_rst_ctl/generated/wr_arria10_e3p1_rst_ctl.cmp	56317a971a255f880729ff6842aeb54b18bbdab2	quartus_generated/work_wrphy_full/wr_arria10_e3p1_phy/wr_arria10_e3p1_rst_ctl/generated/wr_arria10_e3p1_rst_ctl.cmp	byte-identical	b70175bb3f0acb0d568bc27af1a9631a2f330313bc9e05d63080aecef5abb3b5
26e138fdc0bfc8426704b397141d563cf4d580a2	generated/work_wrphy_full/wr_arria10_e3p1_phy/wr_arria10_e3p1_rst_ctl/generated/wr_arria10_e3p1_rst_ctl.debuginfo	e69de29bb2d1d6434b8b29ae775ad8c2e48c5391	quartus_generated/work_wrphy_full/wr_arria10_e3p1_phy/wr_arria10_e3p1_rst_ctl/generated/wr_arria10_e3p1_rst_ctl.debuginfo	byte-identical	e3b0c44298fc1c149afbf4c8996fb92427ae41e4649b934ca495991b7852b855
26e138fdc0bfc8426704b397141d563cf4d580a2	generated/work_wrphy_full/wr_arria10_e3p1_phy/wr_arria10_e3p1_rst_ctl/generated/wr_arria10_e3p1_rst_ctl.html	7f787b865f0fc79cf7726b9d39eecfb57ed67a7a	quartus_generated/work_wrphy_full/wr_arria10_e3p1_phy/wr_arria10_e3p1_rst_ctl/generated/wr_arria10_e3p1_rst_ctl.html	byte-identical	46f769f1b9878f0c18f290a4cb7731191bca96b03939c351a4fda10542dcb11c
26e138fdc0bfc8426704b397141d563cf4d580a2	generated/work_wrphy_full/wr_arria10_e3p1_phy/wr_arria10_e3p1_rst_ctl/generated/wr_arria10_e3p1_rst_ctl.qip	20d9b16613984f551229c148424d5d0b77caa21f	quartus_generated/work_wrphy_full/wr_arria10_e3p1_phy/wr_arria10_e3p1_rst_ctl/generated/wr_arria10_e3p1_rst_ctl.qip	byte-identical	305589e8c6ee8286e09a56e0764c812f590a759ce246fa0b714ae5846e591a2c
26e138fdc0bfc8426704b397141d563cf4d580a2	generated/work_wrphy_full/wr_arria10_e3p1_phy/wr_arria10_e3p1_rst_ctl/generated/wr_arria10_e3p1_rst_ctl.xml	856d22505979645d5afe234973adc31319095e1a	quartus_generated/work_wrphy_full/wr_arria10_e3p1_phy/wr_arria10_e3p1_rst_ctl/generated/wr_arria10_e3p1_rst_ctl.xml	byte-identical	8e2a21436a3c344cdf602f8f0066adcf319ffd9a5b1b463102c95854756f0b85
26e138fdc0bfc8426704b397141d563cf4d580a2	generated/work_wrphy_full/wr_arria10_e3p1_phy/wr_arria10_e3p1_rst_ctl/wr_arria10_e3p1_rst_ctl.qsys	082f5b14c80dd2a27b4ef56f6420c86369a39903	quartus_generated/work_wrphy_full/wr_arria10_e3p1_phy/wr_arria10_e3p1_rst_ctl/wr_arria10_e3p1_rst_ctl.qsys	byte-identical	971d3875209327c8c47927e2fc7451fb38ee7d96578ebe3fb8460b7be91f9775
26e138fdc0bfc8426704b397141d563cf4d580a2	generated/work_wrphy_full/wr_arria10_e3p1_phy/wr_arria10_e3p1_rst_ctl/wr_arria10_e3p1_rst_ctl.sopcinfo	6b0afa67df1fc044f5e5bb5d1d0292c55fb1a00e	quartus_generated/work_wrphy_full/wr_arria10_e3p1_phy/wr_arria10_e3p1_rst_ctl/wr_arria10_e3p1_rst_ctl.sopcinfo	byte-identical	2ff1bae6c865fd7a8a0341442ee3cb6d2ebc79c6382ab044789d17cbb1211a7f
26e138fdc0bfc8426704b397141d563cf4d580a2	generated/work_wrphy_full/wr_arria10_e3p1_phy/wr_arria10_e3p1_tx_pll/generated/altera_xcvr_fpll_a10_170/synth/a10_avmm_h.sv	ac78c9d9300786d1e2b9eb607354e2b5d84e2d9d	quartus_generated/work_wrphy_full/wr_arria10_e3p1_phy/wr_arria10_e3p1_tx_pll/generated/altera_xcvr_fpll_a10_170/synth/a10_avmm_h.sv	byte-identical	4de7b95286ea2574efe02ad5e95d78db78a3a1c51aa1cdcd8fc5b14b11b38f7b
26e138fdc0bfc8426704b397141d563cf4d580a2	generated/work_wrphy_full/wr_arria10_e3p1_phy/wr_arria10_e3p1_tx_pll/generated/altera_xcvr_fpll_a10_170/synth/alt_xcvr_native_avmm_nf.sv	08b170eca3ecd4de93e62940a81a9aa5962d8418	quartus_generated/work_wrphy_full/wr_arria10_e3p1_phy/wr_arria10_e3p1_tx_pll/generated/altera_xcvr_fpll_a10_170/synth/alt_xcvr_native_avmm_nf.sv	byte-identical	8ca48b1a93402420ed88e5bdc750bd3dfe44e478a48aaa4fbadfa0669ee105de
26e138fdc0bfc8426704b397141d563cf4d580a2	generated/work_wrphy_full/wr_arria10_e3p1_phy/wr_arria10_e3p1_tx_pll/generated/altera_xcvr_fpll_a10_170/synth/alt_xcvr_pll_avmm_csr.sv	6f790a3d0bd1b3b3f52605f7b4ce8099e62894f1	quartus_generated/work_wrphy_full/wr_arria10_e3p1_phy/wr_arria10_e3p1_tx_pll/generated/altera_xcvr_fpll_a10_170/synth/alt_xcvr_pll_avmm_csr.sv	byte-identical	85287a923f06c021f577bc1e4926d3df7be3df14803a3a04f7f0d45d0fd58d90
26e138fdc0bfc8426704b397141d563cf4d580a2	generated/work_wrphy_full/wr_arria10_e3p1_phy/wr_arria10_e3p1_tx_pll/generated/altera_xcvr_fpll_a10_170/synth/alt_xcvr_pll_embedded_debug.sv	42c708d141d301721269577e704555dda1be71a6	quartus_generated/work_wrphy_full/wr_arria10_e3p1_phy/wr_arria10_e3p1_tx_pll/generated/altera_xcvr_fpll_a10_170/synth/alt_xcvr_pll_embedded_debug.sv	byte-identical	c20b30f416253a675abd01bc195d415bcaabbdc5bef07d24357582de788902b9
26e138fdc0bfc8426704b397141d563cf4d580a2	generated/work_wrphy_full/wr_arria10_e3p1_phy/wr_arria10_e3p1_tx_pll/generated/altera_xcvr_fpll_a10_170/synth/alt_xcvr_resync.sv	4597faeeb3d4bf23dda091b1d95b968612f18002	quartus_generated/work_wrphy_full/wr_arria10_e3p1_phy/wr_arria10_e3p1_tx_pll/generated/altera_xcvr_fpll_a10_170/synth/alt_xcvr_resync.sv	byte-identical	fb4f01a93eec1603e06d2ec0f43200aaa408418ba441caa5be0838aea5f8ce3f
26e138fdc0bfc8426704b397141d563cf4d580a2	generated/work_wrphy_full/wr_arria10_e3p1_phy/wr_arria10_e3p1_tx_pll/generated/altera_xcvr_fpll_a10_170/synth/altera_xcvr_fpll_a10.sv	62b712ea828ef304a12652ea2cd9b11f2597a8a3	quartus_generated/work_wrphy_full/wr_arria10_e3p1_phy/wr_arria10_e3p1_tx_pll/generated/altera_xcvr_fpll_a10_170/synth/altera_xcvr_fpll_a10.sv	byte-identical	03753530022d99417bec7881f18747d2a27ce4a7721c2a5021cfd418df5a6d43
26e138fdc0bfc8426704b397141d563cf4d580a2	generated/work_wrphy_full/wr_arria10_e3p1_phy/wr_arria10_e3p1_tx_pll/generated/altera_xcvr_fpll_a10_170/synth/plain_files.txt	5addf2cb0fb6e0079fd550cde688b5cbdacc1581	quartus_generated/work_wrphy_full/wr_arria10_e3p1_phy/wr_arria10_e3p1_tx_pll/generated/altera_xcvr_fpll_a10_170/synth/plain_files.txt	byte-identical	7586a93763077422e22130299895df30e0233de878122b2ac744c7c02f840291
26e138fdc0bfc8426704b397141d563cf4d580a2	generated/work_wrphy_full/wr_arria10_e3p1_phy/wr_arria10_e3p1_tx_pll/generated/altera_xcvr_fpll_a10_170/synth/twentynm_xcvr_avmm.sv	2c73e10656c2d8b71bd3e20e3c894a438c5b6724	quartus_generated/work_wrphy_full/wr_arria10_e3p1_phy/wr_arria10_e3p1_tx_pll/generated/altera_xcvr_fpll_a10_170/synth/twentynm_xcvr_avmm.sv	byte-identical	deebb6f797ebc0bfc8e9a970de271a65a1b1e141eadadb7adac8abe4619be30a
26e138fdc0bfc8426704b397141d563cf4d580a2	generated/work_wrphy_full/wr_arria10_e3p1_phy/wr_arria10_e3p1_tx_pll/generated/synth/wr_arria10_e3p1_tx_pll.v	3cd9f7383170fba253ac2b57514ff9eb126c7804	quartus_generated/work_wrphy_full/wr_arria10_e3p1_phy/wr_arria10_e3p1_tx_pll/generated/synth/wr_arria10_e3p1_tx_pll.v	byte-identical	4925d8634439c48848212bd5cd1079a9d18a4d14ccbaf8ad6b68ec73aaa53581
26e138fdc0bfc8426704b397141d563cf4d580a2	generated/work_wrphy_full/wr_arria10_e3p1_phy/wr_arria10_e3p1_tx_pll/generated/synth/wr_arria10_e3p1_tx_pll_cfg.v	473b20d64a034cf462bc08812372af275f12e3ab	quartus_generated/work_wrphy_full/wr_arria10_e3p1_phy/wr_arria10_e3p1_tx_pll/generated/synth/wr_arria10_e3p1_tx_pll_cfg.v	byte-identical	a2c4c3a0bf58503dbd62372ddd54510c4121a494b1750bb93860e780804008af
26e138fdc0bfc8426704b397141d563cf4d580a2	generated/work_wrphy_full/wr_arria10_e3p1_phy/wr_arria10_e3p1_tx_pll/generated/wr_arria10_e3p1_tx_pll.cmp	89764be6f4fbfe1b64fb84a241e3113cac366d3d	quartus_generated/work_wrphy_full/wr_arria10_e3p1_phy/wr_arria10_e3p1_tx_pll/generated/wr_arria10_e3p1_tx_pll.cmp	byte-identical	e26443640a317cd1c8de108d93bd06ad4f7ca33fa6cd5359ebe29a599cf147d3
26e138fdc0bfc8426704b397141d563cf4d580a2	generated/work_wrphy_full/wr_arria10_e3p1_phy/wr_arria10_e3p1_tx_pll/generated/wr_arria10_e3p1_tx_pll.debuginfo	e69de29bb2d1d6434b8b29ae775ad8c2e48c5391	quartus_generated/work_wrphy_full/wr_arria10_e3p1_phy/wr_arria10_e3p1_tx_pll/generated/wr_arria10_e3p1_tx_pll.debuginfo	byte-identical	e3b0c44298fc1c149afbf4c8996fb92427ae41e4649b934ca495991b7852b855
26e138fdc0bfc8426704b397141d563cf4d580a2	generated/work_wrphy_full/wr_arria10_e3p1_phy/wr_arria10_e3p1_tx_pll/generated/wr_arria10_e3p1_tx_pll.html	008a48ea9b9e765f1eba21b55a9cac368a0f199d	quartus_generated/work_wrphy_full/wr_arria10_e3p1_phy/wr_arria10_e3p1_tx_pll/generated/wr_arria10_e3p1_tx_pll.html	byte-identical	db59af1dcb1c2fb6b8557aa8fae420484056ecc9a988c6bc844999cfd872d3dc
26e138fdc0bfc8426704b397141d563cf4d580a2	generated/work_wrphy_full/wr_arria10_e3p1_phy/wr_arria10_e3p1_tx_pll/generated/wr_arria10_e3p1_tx_pll.qip	cace21d1b54da48038787287042e67b1f32762d4	quartus_generated/work_wrphy_full/wr_arria10_e3p1_phy/wr_arria10_e3p1_tx_pll/generated/wr_arria10_e3p1_tx_pll.qip	byte-identical	334f5d5612e9925d7b9ea9791f5e301d22be6ee8c1649b0bbc3f48f2d4a4cc6f
26e138fdc0bfc8426704b397141d563cf4d580a2	generated/work_wrphy_full/wr_arria10_e3p1_phy/wr_arria10_e3p1_tx_pll/generated/wr_arria10_e3p1_tx_pll.xml	7d1bb1131f18f664c731fcd011fd2ece355726d3	quartus_generated/work_wrphy_full/wr_arria10_e3p1_phy/wr_arria10_e3p1_tx_pll/generated/wr_arria10_e3p1_tx_pll.xml	byte-identical	5c4227789964c368e514408e604c1423b2a892401e02a974cf754137a4b6ffb6
26e138fdc0bfc8426704b397141d563cf4d580a2	generated/work_wrphy_full/wr_arria10_e3p1_phy/wr_arria10_e3p1_tx_pll/wr_arria10_e3p1_tx_pll.qsys	169f36d64e74274d675b974eacc4c89e6943949f	quartus_generated/work_wrphy_full/wr_arria10_e3p1_phy/wr_arria10_e3p1_tx_pll/wr_arria10_e3p1_tx_pll.qsys	byte-identical	50d71b015d07e7dcbec8495bce2f0404a8eae8e6e47f77627300634174695ccc
26e138fdc0bfc8426704b397141d563cf4d580a2	generated/work_wrphy_full/wr_arria10_e3p1_phy/wr_arria10_e3p1_tx_pll/wr_arria10_e3p1_tx_pll.sopcinfo	ac5f37fef38d76a0b85e3371060f041ee3ff6435	quartus_generated/work_wrphy_full/wr_arria10_e3p1_phy/wr_arria10_e3p1_tx_pll/wr_arria10_e3p1_tx_pll.sopcinfo	byte-identical	0a962ea2a8091ef5e6d4acc952075a770b55c167df22ce4b85c32f6b4d775557
step4-frozen-package	scripts/build/build_master.sh	-	scripts/build/build_master.sh	reproduction-tooling-byte-copy	3f96e29bdccc03edea9d89adcf525073a5bdf71c2381ca4a62c17e2d7464f124
step4-frozen-package	scripts/build/build_slave.sh	-	scripts/build/build_slave.sh	reproduction-tooling-byte-copy	b852aaf315448707f5c54e27b13c758b517e9bd27f68cdda90dcfd2f02c4c594
step4-frozen-package	scripts/build/clean_build.sh	-	scripts/build/clean_build.sh	reproduction-tooling-byte-copy	2efa31622c7131e3b3a8e40d56bc8215c070d34aa6781fc28c99f68041140a81
26e138fdc0bfc8426704b397141d563cf4d580a2	scripts/experiment/step5_f4l_main_phase_drift_integrator.py	dc21caaa233914878c35fbf4ca80034afbc9535c	scripts/experiment/step5_f4l_main_phase_drift_integrator.py	byte-identical	551ef328f2c32416a0fe1be8a5e7bc228ffcadaf3355e08abd55405c1a17ee49
26e138fdc0bfc8426704b397141d563cf4d580a2	scripts/jtag/decode_probe.py	272f24e36af096a4673724ddbf6aaa2e4d64054c	scripts/jtag/decode_probe.py	byte-identical	c527741112ad00ef22c3b887d6b61911051f84677598ca29dff2f860518c2494
26e138fdc0bfc8426704b397141d563cf4d580a2	scripts/jtag/probe_pi_snapshot_read_pipeline.tcl	32b5464fffc87d341ca16a02b6c57fe7ed5aa91a	scripts/jtag/probe_pi_snapshot_read_pipeline.tcl	byte-identical	94ed60efb02438555887bee892a3e14f4031b95c7f6d55f476673e63823a40b1
26e138fdc0bfc8426704b397141d563cf4d580a2	scripts/jtag/probe_syscon_diag_rw_transport.tcl	659eeda17590f6410db1a9f348e887f2927f2d98	scripts/jtag/probe_syscon_diag_rw_transport.tcl	byte-identical	60b57ca69ea2800a31f69e0e7f446d5264341fc6d8728ee7db64b9aa78c6bed2
26e138fdc0bfc8426704b397141d563cf4d580a2	scripts/jtag/read_boot_generation_persistence_diag.tcl	17ecb7a721fe7071462111ded1c59ce089249e07	scripts/jtag/read_boot_generation_persistence_diag.tcl	byte-identical	664449b7e777bc1352142883a4fb60591d6a482c6187245ef77cb1d1a8c51607
26e138fdc0bfc8426704b397141d563cf4d580a2	scripts/jtag/read_boot_init_execution_diag.tcl	e1904acc2ad03d637243aac2965b6fd50fd270f2	scripts/jtag/read_boot_init_execution_diag.tcl	byte-identical	04ddbccc438e3d1c433981d5c2ec7f7f7bcb11269eec7d6d2fd0b7e47e73e891
26e138fdc0bfc8426704b397141d563cf4d580a2	scripts/jtag/read_boot_init_first_iterator_state_diag.tcl	7a6cfeb282bc2ddfd681a1aa75bcb2836f2e8dd6	scripts/jtag/read_boot_init_first_iterator_state_diag.tcl	byte-identical	6d1b324dbd0e9ad2afbd89cbf3de345988e97d2bf353f64ab164bd11a437c910
26e138fdc0bfc8426704b397141d563cf4d580a2	scripts/jtag/read_boot_init_iterator_state_diag.tcl	8aa441fb7067defcc0469c491efb30e25ccd2f31	scripts/jtag/read_boot_init_iterator_state_diag.tcl	byte-identical	abf6c89dd45d4bf41809f54dde23e5c896e76fe3b34653fac1dfaff06a79723b
26e138fdc0bfc8426704b397141d563cf4d580a2	scripts/jtag/read_boot_init_static_p_preboot_caller_audit.tcl	b3063566c49a926848236477f770471c25345753	scripts/jtag/read_boot_init_static_p_preboot_caller_audit.tcl	byte-identical	7134a09debdc12f0ad86689da7a45c2a96d4b8eee22e6d955a13e896751ebeae
26e138fdc0bfc8426704b397141d563cf4d580a2	scripts/jtag/read_boot_init_static_p_startup_lifetime_diag.tcl	f262d5a938df68511e460d5528ea2494ba0728f7	scripts/jtag/read_boot_init_static_p_startup_lifetime_diag.tcl	byte-identical	b4bef64724e69a84219b990ec8a2b048f4f4ba5c30b04e48b12f7a2eb42670ea
26e138fdc0bfc8426704b397141d563cf4d580a2	scripts/jtag/read_boot_init_sticky_trace.tcl	66c6829ec1c38fa870b80c2ec2c3f03b3b3b4471	scripts/jtag/read_boot_init_sticky_trace.tcl	byte-identical	9858e9cf7a99abd1e69bc32d5c0e3a2b837ea07c3ae9157dafbfb2c0e9a95aa5
26e138fdc0bfc8426704b397141d563cf4d580a2	scripts/jtag/read_boot_role_timeline.tcl	066eea7afabd28e0e17d7c23ac61f635962084c5	scripts/jtag/read_boot_role_timeline.tcl	byte-identical	36772a14a0a29dd0f61357cdae5c24a7c486ada905da0d5e3d8e0fa8631b739c
26e138fdc0bfc8426704b397141d563cf4d580a2	scripts/jtag/read_clock_activity.tcl	e4f7fb09e2d1a49372068346b2442f4004f240ca	scripts/jtag/read_clock_activity.tcl	byte-identical	4478777001897d36150e9a0f9150be3b3e82eeb68f67e8c51a3b3fe2cecefa34
26e138fdc0bfc8426704b397141d563cf4d580a2	scripts/jtag/read_cpu_data_port_identity_diag.tcl	1f076c8b952b014dc182b95754508d3972feb16a	scripts/jtag/read_cpu_data_port_identity_diag.tcl	byte-identical	e8064312ef54914596e8b5be02ab4cc7f7b76c23cddec28b28f92e5acbc62d57
26e138fdc0bfc8426704b397141d563cf4d580a2	scripts/jtag/read_cpu_held_direct_p_storage_diag.tcl	721a84318158d50863fce5534514989f218fc8da	scripts/jtag/read_cpu_held_direct_p_storage_diag.tcl	byte-identical	e4a109f8f71acd0736e2c21465cbc02a05475061a7e889c9d394913b403c5f82
26e138fdc0bfc8426704b397141d563cf4d580a2	scripts/jtag/read_cpu_ram_direct_q_b_diag.tcl	5aea69c601134c14248f98e14ca2c3a8fd8f2b27	scripts/jtag/read_cpu_ram_direct_q_b_diag.tcl	byte-identical	b15e092ce5b9a8972fd222f441800b149d7a2f525db0d9f3bd4c2f7c939b3cfc
26e138fdc0bfc8426704b397141d563cf4d580a2	scripts/jtag/read_cpu_ram_port_a_activity_diag.tcl	845f58f51ab06e6c52a1ee6d3144bc37391a07f2	scripts/jtag/read_cpu_ram_port_a_activity_diag.tcl	byte-identical	c6f8c92576b7e3850d1f70f688fc15ce16723f7273a1d1f555e2ebb9f424d683
26e138fdc0bfc8426704b397141d563cf4d580a2	scripts/jtag/read_cpu_ram_port_b_cycle_alignment_diag.tcl	a2c9c4144e526efa472b716d4d8f891bf3d45aa7	scripts/jtag/read_cpu_ram_port_b_cycle_alignment_diag.tcl	byte-identical	546e700dda18583ada0634bf9fb74e41dd45961116bec7b60e702d15ed6c2125
26e138fdc0bfc8426704b397141d563cf4d580a2	scripts/jtag/read_cpu_ram_port_b_pipeline_diag.tcl	7e6a641bfa2f6a96a5bcf485bb3f077e18aa8aab	scripts/jtag/read_cpu_ram_port_b_pipeline_diag.tcl	byte-identical	f2febb1046b8d884498d59b1724c3a00f0d3aa61144c24b0ea81eac484a47e7c
26e138fdc0bfc8426704b397141d563cf4d580a2	scripts/jtag/read_cpu_ram_port_b_previous_address_correlation_diag.tcl	374ccd082397510ee152355f76939de755611c2f	scripts/jtag/read_cpu_ram_port_b_previous_address_correlation_diag.tcl	byte-identical	5c82757979bf72e03d25e720b4b6c8b80f88b1e95e1c4520309287b1722e4f90
26e138fdc0bfc8426704b397141d563cf4d580a2	scripts/jtag/read_cpu_ram_port_b_reset_release_initial_q_diag.tcl	d68344b5889ad20f1377636da4502702632088ed	scripts/jtag/read_cpu_ram_port_b_reset_release_initial_q_diag.tcl	byte-identical	a2b28c452060119d5f18719d71a893694df14ad4636e6eb57dedfdbab0de9d7d
26e138fdc0bfc8426704b397141d563cf4d580a2	scripts/jtag/read_dco_activity.tcl	dd11cf02bc1d7cc2201081aba19b83b281469b90	scripts/jtag/read_dco_activity.tcl	byte-identical	059e73ba2e17abe0cffa5b49eb37d7298203790c607506a4387a697ac580b434
26e138fdc0bfc8426704b397141d563cf4d580a2	scripts/jtag/read_dco_readback.tcl	2afef6efeb8901191a9cacf83febebade10298a9	scripts/jtag/read_dco_readback.tcl	byte-identical	759b9b7416aea17897cc411df231ab508e6e45b4fcf1edd1880abf3945e1f159
26e138fdc0bfc8426704b397141d563cf4d580a2	scripts/jtag/read_dco_state.tcl	6c4c48728f5c56dbe1753d7861fcb8a350a32135	scripts/jtag/read_dco_state.tcl	byte-identical	ab4435217e5fe49c1982e50b5bf90bc639e998b6cf5e7feb9ca3901cfee4f20e
26e138fdc0bfc8426704b397141d563cf4d580a2	scripts/jtag/read_fixed_image_shell_ready_gated_runtime_retest.tcl	4d8a97551c6e195d4a64494afff22b23e985ce3e	scripts/jtag/read_fixed_image_shell_ready_gated_runtime_retest.tcl	byte-identical	60e85cbbd840d032ff6acc4bd140146760f547794231fbe109cc2d6057e4eeb3
26e138fdc0bfc8426704b397141d563cf4d580a2	scripts/jtag/read_hpll_helper_correlation.tcl	618cb9293e43dbc90a512252ed4c892cf9a6810c	scripts/jtag/read_hpll_helper_correlation.tcl	byte-identical	a19fc415dbf05d126d5c5d08155fd4e80cb909ce1d8440445540e58e9be27550
26e138fdc0bfc8426704b397141d563cf4d580a2	scripts/jtag/read_jtag_wb_completion_stable_double_sample.tcl	3699409c933eca83417c4f360ce2f2c6a6e6ebab	scripts/jtag/read_jtag_wb_completion_stable_double_sample.tcl	byte-identical	6f6571a166db29ab70c547f299b3b28f3eddf475a8f7f5b99ec3d526a51e6909
26e138fdc0bfc8426704b397141d563cf4d580a2	scripts/jtag/read_jtag_wb_preload_then_toggle_commit.tcl	37941a91749e92b37b1416dc6cffbce3004be672	scripts/jtag/read_jtag_wb_preload_then_toggle_commit.tcl	byte-identical	515d74266aa955b98538688ad66d62ac9812bb0c001e2d52243fc2edaca8157a
26e138fdc0bfc8426704b397141d563cf4d580a2	scripts/jtag/read_jtag_wb_readpath_stability.tcl	82d0c7896ae72712e6507fe950f210188a8e4a0d	scripts/jtag/read_jtag_wb_readpath_stability.tcl	byte-identical	176d877588377150825b8d697e473d00168463d7220526e6a424547e5d3f1585
26e138fdc0bfc8426704b397141d563cf4d580a2	scripts/jtag/read_m9_to_runtime_dco_fix_validation.tcl	009847a757878754a69d49d2fa1f5597b2bf4e2a	scripts/jtag/read_m9_to_runtime_dco_fix_validation.tcl	byte-identical	2dbf5afe631f077ec368fad1eecf3d2fe98e73f0c42f39caa382b44368d78f45
26e138fdc0bfc8426704b397141d563cf4d580a2	scripts/jtag/read_manual_mode_master_transition_forensics.tcl	68e57d4e065d6c4f2fbe42889a00f8108a72ecd8	scripts/jtag/read_manual_mode_master_transition_forensics.tcl	byte-identical	20f36efc6a7f43479037b5ac0929be999a7cf102505c194b776d887957d8d734
26e138fdc0bfc8426704b397141d563cf4d580a2	scripts/jtag/read_master_ptp_slave_parent_long.tcl	622a51d4f520b5fec024c0e9d7c12854383f9927	scripts/jtag/read_master_ptp_slave_parent_long.tcl	byte-identical	f0adf7e41c3f08b1bba228b98a215ae9d31d21cc1ad8323b04f1bd2c34027847
26e138fdc0bfc8426704b397141d563cf4d580a2	scripts/jtag/read_passive_boot_generation_no_cpu_hold.tcl	0dedabdba19d8db7458bb447e132976e94da6974	scripts/jtag/read_passive_boot_generation_no_cpu_hold.tcl	byte-identical	3f02c60ba5a4c638ef88a4672d276a367ebdb796b7a735f39c25be1b7db07334
26e138fdc0bfc8426704b397141d563cf4d580a2	scripts/jtag/read_persistent_trap_fault_record.tcl	2c43719370abd43a9e1034252b71d6e637b35214	scripts/jtag/read_persistent_trap_fault_record.tcl	byte-identical	16b4742948886c2fb0534dd3a501dde3db922bc645f1b8ebb85269b0a35392de
26e138fdc0bfc8426704b397141d563cf4d580a2	scripts/jtag/read_post_startup_armed_runtime_correlation.tcl	8e1c8ba905288a4863b0ce19a84c459830ca8831	scripts/jtag/read_post_startup_armed_runtime_correlation.tcl	byte-identical	4cb74761d0d6d0c9ab1ba3477fb0541ab04f0a522385c7d2a6756087360897cd
26e138fdc0bfc8426704b397141d563cf4d580a2	scripts/jtag/read_pre_main_raw_p_storage_diag.tcl	a6d59bf63bbc9079a424b26f4fc0a5dc57445861	scripts/jtag/read_pre_main_raw_p_storage_diag.tcl	byte-identical	6239d336f8e928f9fc7121f2e6fa3ffcca5ca26103194a2cb1d410b31bf49004
26e138fdc0bfc8426704b397141d563cf4d580a2	scripts/jtag/read_probe.tcl	f1e04e860f309c6c1ec3a55ae32c7b5cc72a530d	scripts/jtag/read_probe.tcl	byte-identical	72f35bf13f9f49ebaf67a9ee3405ac3de8b194aff202ca69ce253f285144bf4d
26e138fdc0bfc8426704b397141d563cf4d580a2	scripts/jtag/read_reset_source_sticky_diag.tcl	26dcd6398e5039daf07ef170721a0f3a26084030	scripts/jtag/read_reset_source_sticky_diag.tcl	byte-identical	d855eb0e7160db05457a8d971daa8075d61f08fd465b01e8f215763e0699192e
26e138fdc0bfc8426704b397141d563cf4d580a2	scripts/jtag/read_runtime_busdone_static_fsm_correlation.tcl	3a6424cfc566ef75846e98779eb26e0557018694	scripts/jtag/read_runtime_busdone_static_fsm_correlation.tcl	byte-identical	8265a14c0ba662cef83ef044ae99c049446e07f56a878f98d07e6c09d307993a
26e138fdc0bfc8426704b397141d563cf4d580a2	scripts/jtag/read_runtime_snapshot.tcl	4f07a6e7710574c020d9217b8f734636314b33a4	scripts/jtag/read_runtime_snapshot.tcl	byte-identical	209fb68b428458df9b04d9cc68284b828ccad23a83fcda1fc1706f5143a4783b
26e138fdc0bfc8426704b397141d563cf4d580a2	scripts/jtag/read_rx_error_attribution.tcl	0d43dfe9be18e9ff9066fb51042a4b84ac09baf2	scripts/jtag/read_rx_error_attribution.tcl	byte-identical	57a6c63de4ad05bb6f818a6846d9950ed2d36bdd129551cd4b2ccdebd37a94f0
26e138fdc0bfc8426704b397141d563cf4d580a2	scripts/jtag/read_shell_exec_dispatch_progress_diag.tcl	e64b4c3df9108d985d7e9ed872cf26cf78825cdd	scripts/jtag/read_shell_exec_dispatch_progress_diag.tcl	byte-identical	c5b62aae8091a7b06df2ef44ea2409a8ea96363c0b420a5c5ecbe999b1005760
26e138fdc0bfc8426704b397141d563cf4d580a2	scripts/jtag/read_spll_diag_raw.tcl	087c16e33d79fcedd3fbe16deabad0a38be7b8c8	scripts/jtag/read_spll_diag_raw.tcl	byte-identical	6aca7174e9de05af77f517f38b8c55e8ad39936ed6e4d3742cf12fb981d823f5
26e138fdc0bfc8426704b397141d563cf4d580a2	scripts/jtag/read_step23_register_reliability.tcl	b1ddfc547224c1d7bd7ffc428bf2a071561efa05	scripts/jtag/read_step23_register_reliability.tcl	byte-identical	cf20669d34b7ee2a3a0475ba3c2733fbce63c1a6e0d47e2dcb77414d32408cea
26e138fdc0bfc8426704b397141d563cf4d580a2	scripts/jtag/read_step4_dmtd_accept_to_helper_closure.tcl	f5943f2ed52218fae465cde318b8a7dfcce90144	scripts/jtag/read_step4_dmtd_accept_to_helper_closure.tcl	byte-identical	8302f30696c9b10b7b906cc5fb05541308048089d5ef78845cd46c9b8c3d047c
26e138fdc0bfc8426704b397141d563cf4d580a2	scripts/jtag/read_step4_dmtd_boundary.tcl	6ef15ea481c51115ae140e95cb9249bcaafb4cde	scripts/jtag/read_step4_dmtd_boundary.tcl	byte-identical	2d3636c5222f6f8681687494a749f202aaa89646d15b56da0e2f1c98e1fbdc87
26e138fdc0bfc8426704b397141d563cf4d580a2	scripts/jtag/read_step4_dmtd_minimal.tcl	3171448cb84c6919753c6305aa591a8d1b645192	scripts/jtag/read_step4_dmtd_minimal.tcl	byte-identical	0e4c7bb9f29730d88978dfeed317ad00cb817e24d6d9b00a4bd3b4d280555242
26e138fdc0bfc8426704b397141d563cf4d580a2	scripts/jtag/read_step4_event_chain.tcl	b3fc92479f0fda2517fd70c26a90f6a78e1e162f	scripts/jtag/read_step4_event_chain.tcl	byte-identical	4013021c88c3fda1ac3fbe694fa3ea66f31e1023dc82b438f6bd151cf0389c16
26e138fdc0bfc8426704b397141d563cf4d580a2	scripts/jtag/read_step4_runtime_context.tcl	05a38e6357ec39c74e90efd4bc1bc788e12f77c5	scripts/jtag/read_step4_runtime_context.tcl	byte-identical	ad932bd0362bd0bd2a1b56d1717182774056511b82e1eaac63cc699a24b89a43
26e138fdc0bfc8426704b397141d563cf4d580a2	scripts/jtag/read_step4_startup_focused.tcl	48b6352d5073e0f5430586d5ec8739e3171c5298	scripts/jtag/read_step4_startup_focused.tcl	byte-identical	6433599e8551ead8bb2ffe65c2f3b20605c2f33cc5a104bd81f444381f566722
26e138fdc0bfc8426704b397141d563cf4d580a2	scripts/jtag/read_step5_bidirectional_actuator_step_response.tcl	9b14ad5386686862eadb81b1d8d08faedb47d307	scripts/jtag/read_step5_bidirectional_actuator_step_response.tcl	byte-identical	25468174e10044648c865a92587a13c6539dc471acc5be2afcf071bbca33fd14
26e138fdc0bfc8426704b397141d563cf4d580a2	scripts/jtag/read_step5_coherent_closed_loop_trajectory_audit.tcl	88a2b5d50599f802fea7fa6f7ecc0ebef8186728	scripts/jtag/read_step5_coherent_closed_loop_trajectory_audit.tcl	byte-identical	bf0be71d12878811fcdafdc28453c0d01c430235fb8fbf9c8e290f0ae268e1e9
26e138fdc0bfc8426704b397141d563cf4d580a2	scripts/jtag/read_step5_cold_power_cycle_helper_reacquisition.tcl	390afc08a20d602d620d329af71d84425ea6d1cc	scripts/jtag/read_step5_cold_power_cycle_helper_reacquisition.tcl	byte-identical	1ad7fd30820bf6d540d5b12dc2f98f683ef815a64219dd713ad004a4d7649ef4
26e138fdc0bfc8426704b397141d563cf4d580a2	scripts/jtag/read_step5_first_loss_telemetry.tcl	b9524b3a47865d1b691483ef0d696295d323774e	scripts/jtag/read_step5_first_loss_telemetry.tcl	byte-identical	c09f6d31cc8bc58e8bd4c6c458eefe9dd837e256b39a81db105ccfa4c1b9ca8b
26e138fdc0bfc8426704b397141d563cf4d580a2	scripts/jtag/read_step5_fixed_actuator_coherent_dmtd_measurement_audit.tcl	d4359da966d0482f18834bc3de1e4ea9548d8448	scripts/jtag/read_step5_fixed_actuator_coherent_dmtd_measurement_audit.tcl	byte-identical	0dd7ac662ac63719110fa51328104196bc9adaab3d5209b765a50e5845daa308
26e138fdc0bfc8426704b397141d563cf4d580a2	scripts/jtag/read_step5_helper_pi_state_rail_audit.tcl	19259cf39fe9953bda5832dbdfc0ff8e557564e3	scripts/jtag/read_step5_helper_pi_state_rail_audit.tcl	byte-identical	14977fbd7b57a84ba1fd25599c4634bf4641173a889e79151bf8c42e34bf89cb
26e138fdc0bfc8426704b397141d563cf4d580a2	scripts/jtag/read_step5_hpll_absolute_target_tracker.tcl	b1a3accd609d20d74d5449b694a31450eaa3eb88	scripts/jtag/read_step5_hpll_absolute_target_tracker.tcl	byte-identical	49bf0a7f3d0cae5cf13b298a0d0a61bfd47546a9b5cab919d05e493347ca32d5
26e138fdc0bfc8426704b397141d563cf4d580a2	scripts/jtag/read_step5_hpll_lock_convergence.tcl	3341ad501c2466fd43417d4be72e20f138836490	scripts/jtag/read_step5_hpll_lock_convergence.tcl	byte-identical	5a1de5072bc8ed444189053b6f7364c8418c52049b7684003477d3124f62e956
26e138fdc0bfc8426704b397141d563cf4d580a2	scripts/jtag/read_step5_hpll_pending_correlation.tcl	19fd9d28aaf3a5af19fd42250323588bebe6863d	scripts/jtag/read_step5_hpll_pending_correlation.tcl	byte-identical	899b68f6add176a2a90f70af6fa8e3543df85b0241bb0803afbaabd156fb07df
26e138fdc0bfc8426704b397141d563cf4d580a2	scripts/jtag/read_step5_hpll_physical_zero_crossing_point.tcl	a86e8672dedf30cab0c3af007c324f468a37b2aa	scripts/jtag/read_step5_hpll_physical_zero_crossing_point.tcl	byte-identical	accc65af9a2442643f8e8b4c9a8ff26e2862ba21d1844ec336c4e317fa0bf6ef
26e138fdc0bfc8426704b397141d563cf4d580a2	scripts/jtag/read_step5_jtag_hpll_bounded_burst_ab.tcl	1d09cc5e274784b41f02bec5a6548cada7f847bf	scripts/jtag/read_step5_jtag_hpll_bounded_burst_ab.tcl	byte-identical	714de6564a4b599cbd1c07a2b74d108e89107db2fc1301e2a6d421cd36b9da71
26e138fdc0bfc8426704b397141d563cf4d580a2	scripts/jtag/read_step5_jtag_triggered_hpll_one_step_ab.tcl	845bd3d0b28d4314aa1b409f21536ada4dfaa09b	scripts/jtag/read_step5_jtag_triggered_hpll_one_step_ab.tcl	byte-identical	d89a5c0a31094bc58d8943f281413e863a19d7b94a206d85ece7bf563a6ff97a
26e138fdc0bfc8426704b397141d563cf4d580a2	scripts/jtag/read_step5_main_dac_direction_identification.tcl	b980e4581e1a0d1d3fbf50215c7d1529bdbfed2c	scripts/jtag/read_step5_main_dac_direction_identification.tcl	byte-identical	0436ff06abfd3f0a5d5ea4401c7c5955af5771099b193eb09f3135ac729ee9c7
47d9a394e53eda31476c82de2a85ad82573494ed	scripts/jtag/read_step5_main_frequency_prelock_observability.tcl	703b6bfe38c7d0b12b644b805c6c280691785f65	scripts/jtag/read_step5_main_frequency_prelock_observability.tcl	observer-only-contract-overlay	6f2bf6ec230eff5d1c3fca2a7fcec1c90f5968edf0c680aca0d31f8b1a58c937
26e138fdc0bfc8426704b397141d563cf4d580a2	scripts/jtag/read_step5_physical_floor_stationarity.tcl	2e1caa64c68b46688bb76f57bffa55ab8a733039	scripts/jtag/read_step5_physical_floor_stationarity.tcl	byte-identical	ba80d8ee89f62b7965d88b2f260224e48bc8c41a13fcc5f0f78f353573f5f72b
26e138fdc0bfc8426704b397141d563cf4d580a2	scripts/jtag/read_step5_signed_physical_position_audit.tcl	9f9ec6cc078aabc2c3efdd766a03d89fa4c7b367	scripts/jtag/read_step5_signed_physical_position_audit.tcl	byte-identical	5d9c552b51009cbbfa852a24a6ae4ceaf53980f213e5d3a8ce1f398660c36454
26e138fdc0bfc8426704b397141d563cf4d580a2	scripts/jtag/read_step5_spll_reinit_causality_audit.tcl	c6708b0fb2ff33facdeb04e6103c41118705b6fa	scripts/jtag/read_step5_spll_reinit_causality_audit.tcl	byte-identical	5c2d0c88c12f8836bbf2f49cbe6084ccda694cf7ac4163cd7285df290d2ada33
26e138fdc0bfc8426704b397141d563cf4d580a2	scripts/jtag/read_step5_startup_timeline_first_divergence.tcl	20370accdaa6351266de08ffb029ea8c2387d0d3	scripts/jtag/read_step5_startup_timeline_first_divergence.tcl	byte-identical	4604d45b7a9361892575297bd4558d5841d4dc3982c3aabb3f34215d7b324da4
26e138fdc0bfc8426704b397141d563cf4d580a2	scripts/jtag/read_vlan_pfilter_progress_diag.tcl	b66b5a41877698d4942fecb5f9b15ea872fb4ceb	scripts/jtag/read_vlan_pfilter_progress_diag.tcl	byte-identical	f1f41d457dc92d73c33e2c8c5f78800a9ea9d65ce616df3c4f341e022fce0c8a
26e138fdc0bfc8426704b397141d563cf4d580a2	scripts/jtag/read_vuart_microtrace_wb_probe_debug.tcl	fbede95eabc1a0c24c6488924f74f2c42bd67886	scripts/jtag/read_vuart_microtrace_wb_probe_debug.tcl	byte-identical	35976b2fca6dd25b7f66f5db173938b8a7c4e9683e747cb4225e459dfd958060
26e138fdc0bfc8426704b397141d563cf4d580a2	scripts/jtag/read_vuart_newline_to_shell_dispatch_microtrace.tcl	0330ac0aec81ca5536bdcafe76e916c06a9e5ad3	scripts/jtag/read_vuart_newline_to_shell_dispatch_microtrace.tcl	byte-identical	a46698d01a6020d1231bd362f73b21fc119309d6e175b63c2f107f62b2420e47
26e138fdc0bfc8426704b397141d563cf4d580a2	scripts/jtag/read_wb.tcl	cbd553f3fbe92ba4d1f22c8ee8a593cb1132801d	scripts/jtag/read_wb.tcl	byte-identical	6d971d2a539614f9dec8c98daa50feb92064f1857c6083b296c003f45e070af6
26e138fdc0bfc8426704b397141d563cf4d580a2	scripts/jtag/read_wb_runtime.tcl	6f297488a70d9d6b87c5229256a68a3eea5af2dd	scripts/jtag/read_wb_runtime.tcl	byte-identical	a7af98b2c919fb0db929c443eeccc3d256775a0bc073b8dc688918b629874be8
26e138fdc0bfc8426704b397141d563cf4d580a2	scripts/jtag/read_wb_timeseries.tcl	d7af5d9055c2fda37415056975e0547e6900f5a9	scripts/jtag/read_wb_timeseries.tcl	byte-identical	00b6c59186ba95a422705e4bc8729c8622ff0a134373a054af3e7ef16de5ac6b
26e138fdc0bfc8426704b397141d563cf4d580a2	scripts/jtag/read_wb_timeseries_session.tcl	95e029de04caa2678360444de635764ba3865f96	scripts/jtag/read_wb_timeseries_session.tcl	byte-identical	16c0ec707ee2d020754423261f3f8f460c88e7cb369d762ea291a97c5e576de6
26e138fdc0bfc8426704b397141d563cf4d580a2	scripts/jtag/read_wdiags_mapping_selftest.tcl	581c5c32bfc3198be969d0cc93193db72b31263f	scripts/jtag/read_wdiags_mapping_selftest.tcl	byte-identical	a54de80a8037c8fbdc3fca41fee8488f052b7d86504b6dc33626fc12a41ac666
26e138fdc0bfc8426704b397141d563cf4d580a2	scripts/jtag/read_wr_handshake_focused.tcl	67ef753f825252b8fd39b950a79580b3de2f17e8	scripts/jtag/read_wr_handshake_focused.tcl	byte-identical	1516d6f04e3c147c01da0075f06da05e02d18ad208fbcd8dc0b952733a9e7ea1
step4-frozen-package	scripts/program/program_master.sh	-	scripts/program/program_master.sh	reproduction-tooling-byte-copy	d373cdcd5d0b38337c5bbeb6e4f7ea4ec518c7d65497ae396e920b5fc0e567aa
step4-frozen-package	scripts/program/program_slave.sh	-	scripts/program/program_slave.sh	reproduction-tooling-byte-copy	9b9838bf979fa77e7b840f253c352c5c95155b37438737e8e4b3f2df8ccbec38
47d9a394e53eda31476c82de2a85ad82573494ed	scripts/tests/test_step5_f4l.py	46e2a95bcb459578323ea47db3521b5075f0c886	scripts/tests/test_step5_f4l.py	observer-only-contract-overlay	2fcefecb6fca8a102aea2ef52885c8a457b898f8214699719c2090b6cfc30785
26e138fdc0bfc8426704b397141d563cf4d580a2	scripts/tests/test_step5_f4l_threshold20_owner.py	cf3ba05bdbcd2b9a61abb821ffaca0d5f04cd2b5	scripts/tests/test_step5_f4l_threshold20_owner.py	byte-identical	e430522de7486b1cac304a0830e68bdab050ce920ec228e58b392bee062cb537
26e138fdc0bfc8426704b397141d563cf4d580a2	scripts/tests/test_step5_threshold20.py	915edc6473f5458a84cf15dfabfbd3d2ea43185a	scripts/tests/test_step5_threshold20.py	byte-identical	355e5998cc7d87a20bac42c8119856be0bc6b90e9e38af9252c30bcad55f98e2
26e138fdc0bfc8426704b397141d563cf4d580a2	vendor/wr-cores-arria10/ip_cores/general-cores/modules/common/gc_sync_ffs.vhd	6603c02975dcc457aca50277edf23e6d33384c18	vendor/wr-cores-arria10/ip_cores/general-cores/modules/common/gc_sync_ffs.vhd	byte-identical	fb71ec7f503d95d499873b72423cc858dc9ac71c11d6a71ccd96d9ddb389883b
26e138fdc0bfc8426704b397141d563cf4d580a2	vendor/wr-cores-arria10/ip_cores/general-cores/modules/common/gencores_pkg.vhd	bee4bb06de457125254b56bee1ed3c694ec33b46	vendor/wr-cores-arria10/ip_cores/general-cores/modules/common/gencores_pkg.vhd	byte-identical	5e3cec9fed635d4a0fee3da37bd2d69264fd868bfb18d8f2d9464aeeaefd3dcc
26e138fdc0bfc8426704b397141d563cf4d580a2	vendor/wr-cores-arria10/ip_cores/general-cores/modules/genrams/genram_pkg.vhd	c212bbf323cddd90558251f223ef197e8bdaea9c	vendor/wr-cores-arria10/ip_cores/general-cores/modules/genrams/genram_pkg.vhd	byte-identical	beb1c915e5f1e073a49858ad100acb8a9f7a6b0692f130fc208e5035489815d9
26e138fdc0bfc8426704b397141d563cf4d580a2	vendor/wr-cores-arria10/ip_cores/general-cores/modules/wishbone/wishbone_pkg.vhd	1d2d734e34e9956af76cc28f7b85af36c20fe268	vendor/wr-cores-arria10/ip_cores/general-cores/modules/wishbone/wishbone_pkg.vhd	byte-identical	be81eca361a8c7197724900a76127fc02d0ad39ec6b575519afff8c5aa9fcd73
26e138fdc0bfc8426704b397141d563cf4d580a2	vendor/wr-cores-arria10/ip_cores/general-cores/platform/altera/networks/altera_networks_pkg.vhd	65cc9281869e4d8fc0151b065619cda57ec39960	vendor/wr-cores-arria10/ip_cores/general-cores/platform/altera/networks/altera_networks_pkg.vhd	byte-identical	068d379f24f4e057c65097f3556ebc9b94bcf26f240fd0a794fe0ef3138dbba2
26e138fdc0bfc8426704b397141d563cf4d580a2	vendor/wr-cores-arria10/modules/fabric/wr_fabric_pkg.vhd	3e15d94cc4526b7e7049d16cefdf85803117c510	vendor/wr-cores-arria10/modules/fabric/wr_fabric_pkg.vhd	byte-identical	9de6edb3fd0e56e15d725d6be968868eda72a7539d5547ba607065ec61024d53
26e138fdc0bfc8426704b397141d563cf4d580a2	vendor/wr-cores-arria10/modules/wr_endpoint/endpoint_pkg.vhd	5d1a794ad19e7003a0a7eadf162c83c44c683570	vendor/wr-cores-arria10/modules/wr_endpoint/endpoint_pkg.vhd	byte-identical	f9968e8777efbcfa9098d8e158775a804accef454f321ae77821480614dc0585
26e138fdc0bfc8426704b397141d563cf4d580a2	vendor/wr-cores-arria10/platform/altera/wr_altera_pkg.vhd	ac17eafa203b0dfff563c151b6cd6fca93b67439	vendor/wr-cores-arria10/platform/altera/wr_altera_pkg.vhd	byte-identical	192b412e752fca5403b8f3e5f7a3ed6cddf1a291f8179ad801f8222fc0ce7ec0
26e138fdc0bfc8426704b397141d563cf4d580a2	vendor/wr-cores-arria10/platform/altera/wr_arria10_phy.vhd	4f2d139e7d2f7e97ef80297f570ed33141c28f64	vendor/wr-cores-arria10/platform/altera/wr_arria10_phy.vhd	byte-identical	dbc65b60ac0e7424e2b35a55a8e9c12cc006ea8c365252b039f64daabed16207
26e138fdc0bfc8426704b397141d563cf4d580a2	vendor/wr-cores/.gitignore	25db236e934d05b345db9684255fdef0a1323ab4	vendor/wr-cores/.gitignore	byte-identical	2fe67de15ac3457e292150815604d358c418cfe25b39ce9bcb4ce254f6f0b975
26e138fdc0bfc8426704b397141d563cf4d580a2	vendor/wr-cores/.gitlab-ci.yml	c7bc880cb03692c7f88a79c51cec17e7b278267a	vendor/wr-cores/.gitlab-ci.yml	byte-identical	5f523d40f5cbeb200f061cb86c594e6c6ee099598ca958816ae8077b7caab37a
26e138fdc0bfc8426704b397141d563cf4d580a2	vendor/wr-cores/.gitmodules	c6b1cb9c393517bc1b9e72af46e2b9e6a1fcff28	vendor/wr-cores/.gitmodules	byte-identical	92a2c30d65b63927678afc92a33b891d75659a9a43f99668535d722414b18f33
26e138fdc0bfc8426704b397141d563cf4d580a2	vendor/wr-cores/Manifest.py	70d1524941dd09e6cd565374ba04a30aac842f7c	vendor/wr-cores/Manifest.py	byte-identical	39ba8138bf3975d7f7ac463f42d7e25d9f8e7b9022d4dd9e7f9f26a9e7f83128
26e138fdc0bfc8426704b397141d563cf4d580a2	vendor/wr-cores/board/Manifest.py	2d9fdd5793f1c6a492948673c337ed90d44f8b6d	vendor/wr-cores/board/Manifest.py	byte-identical	a8800560351c6e0085471e1edd802dac5696c5e2d1b10008007ad26220c4f486
26e138fdc0bfc8426704b397141d563cf4d580a2	vendor/wr-cores/board/clbv2/Manifest.py	b5ef24b8a8568c5c874ff86710c4dcab79c89e4b	vendor/wr-cores/board/clbv2/Manifest.py	byte-identical	819fc7c16876b72f595dfd26e3bd3dc0c3f0314651028b74fa3c1cd749aa0721
26e138fdc0bfc8426704b397141d563cf4d580a2	vendor/wr-cores/board/clbv2/wr_clbv2_pkg.vhd	974ec953f5efc3bde30bbcf1b8ea09f017b59c2c	vendor/wr-cores/board/clbv2/wr_clbv2_pkg.vhd	byte-identical	385b14d064f0ccb6d579fe078a3f4197d5915ff549e19ae6a1005ef3f17ce3ff
26e138fdc0bfc8426704b397141d563cf4d580a2	vendor/wr-cores/board/clbv2/wrc_board_clbv2.vhd	d1dddcc56eb64bc2be848d22c6e8bb65e389f83a	vendor/wr-cores/board/clbv2/wrc_board_clbv2.vhd	byte-identical	429eb77cc105750f0f29599ff3bb816dc767ba7acb34605dfcb0a44d5a10d8c6
26e138fdc0bfc8426704b397141d563cf4d580a2	vendor/wr-cores/board/clbv2/xwrc_board_clbv2.vhd	349577d62e987cb9de7263a81ec01d06f3616f26	vendor/wr-cores/board/clbv2/xwrc_board_clbv2.vhd	byte-identical	b678c6e6eefeccfc732b44cf1ba31c279f7a67b9666aea4b5537e4df15f83281
26e138fdc0bfc8426704b397141d563cf4d580a2	vendor/wr-cores/board/clbv3/Manifest.py	7b0a23b8fa30128b66a8a0dfc845025b5deb4012	vendor/wr-cores/board/clbv3/Manifest.py	byte-identical	55825150165a0477bf52348d82eae030bd5f50db1592701b0821277cb3e9fd09
26e138fdc0bfc8426704b397141d563cf4d580a2	vendor/wr-cores/board/clbv3/wr_clbv3_pkg.vhd	5eff738532203670ec391746a6d109cc2b6887af	vendor/wr-cores/board/clbv3/wr_clbv3_pkg.vhd	byte-identical	32373aa0a86b547cbc1ba43287b9e7d0ebcb3d6e39db64be6ec80c0ddb2e0f33
26e138fdc0bfc8426704b397141d563cf4d580a2	vendor/wr-cores/board/clbv3/wrc_board_clbv3.vhd	bb6fa10eddbe0bc8055f8743f14684c7e5b3185b	vendor/wr-cores/board/clbv3/wrc_board_clbv3.vhd	byte-identical	40cbaa600397bc8afb5a09424460e2d8677a6714144b42bf63deb939bbdee8e5
26e138fdc0bfc8426704b397141d563cf4d580a2	vendor/wr-cores/board/clbv3/xwrc_board_clbv3.vhd	557e1454c8817441ae3e699e4393b787d7bced00	vendor/wr-cores/board/clbv3/xwrc_board_clbv3.vhd	byte-identical	01cf20f39fabe4db612d02d0d2eb8e517df663cc561eb6a84f6f167a02f87d3a
26e138fdc0bfc8426704b397141d563cf4d580a2	vendor/wr-cores/board/clbv4/Manifest.py	9bfc39be14d51d5b66f5bfcdda4f498dfce203fc	vendor/wr-cores/board/clbv4/Manifest.py	byte-identical	5100b2ed391db0dd3b9965d8244b02ff49e2ba3b6a09445271435dcfa9e77647
26e138fdc0bfc8426704b397141d563cf4d580a2	vendor/wr-cores/board/clbv4/wr_clbv4_pkg.vhd	5331941f4c8651c6906f66b8ab824e17f3b404b8	vendor/wr-cores/board/clbv4/wr_clbv4_pkg.vhd	byte-identical	82c1ef7076aeae9ed1383e054b7a1d3a3b5cf26afebb7a45ace84795fd003641
26e138fdc0bfc8426704b397141d563cf4d580a2	vendor/wr-cores/board/clbv4/wrc_board_clbv4.vhd	5d30dac4da5bd47e6c30549d696c8f7ed321c2ef	vendor/wr-cores/board/clbv4/wrc_board_clbv4.vhd	byte-identical	ab90fa58cca86d97fdecf009d86b0512424bddf703e72fe7b2e1e8e884489ed8
26e138fdc0bfc8426704b397141d563cf4d580a2	vendor/wr-cores/board/clbv4/xwrc_board_clbv4.vhd	424968e56af21c9bae81dab2bb4cc556e031b7ca	vendor/wr-cores/board/clbv4/xwrc_board_clbv4.vhd	byte-identical	ff12da25d5d78e035098db09b3612dc01c1b030614d73c44a3bffd635ccbaf30
26e138fdc0bfc8426704b397141d563cf4d580a2	vendor/wr-cores/board/common/Manifest.py	d109d1a91cfeceffb3a22a98d2495268ee2afec7	vendor/wr-cores/board/common/Manifest.py	byte-identical	b0bd2fc4405de908261308f6b2eab81d5f80f47b8b6d472e32ee2a3da8a681ce
26e138fdc0bfc8426704b397141d563cf4d580a2	vendor/wr-cores/board/common/wr_board_pkg.vhd	fcbaa097e1bae1cca2a189edd858b04e1ea09fe5	vendor/wr-cores/board/common/wr_board_pkg.vhd	byte-identical	62eb4379b161572e043a4693864d332a4667c6d7403af02d7d643a269b709c25
26e138fdc0bfc8426704b397141d563cf4d580a2	vendor/wr-cores/board/common/xwrc_board_common.vhd	82a7b2c84989972a97f6ce8ddd73f78f8035250c	vendor/wr-cores/board/common/xwrc_board_common.vhd	byte-identical	cf6c5373c780d287dd8005d080c08f4594ccd9069e1ee09c5100fca4b02d21dd
26e138fdc0bfc8426704b397141d563cf4d580a2	vendor/wr-cores/board/cute/Manifest.py	d710e58c077c62b6e301c13b2a9974fb3eff5029	vendor/wr-cores/board/cute/Manifest.py	byte-identical	1378e9e384781a767cd6e1c2a82bff69a69ecfe13fc19dd69a8d24e0201192c3
26e138fdc0bfc8426704b397141d563cf4d580a2	vendor/wr-cores/board/cute/oserdes_4_to_1.vhd	6777ef10f177fbb8ab822d4fb4ac4db6f50dd449	vendor/wr-cores/board/cute/oserdes_4_to_1.vhd	byte-identical	9f73ba8dcc80ed9f8bf9bdbf98cb8d2ac8aa9e63dafc6527315a55d0ae5c61c0
26e138fdc0bfc8426704b397141d563cf4d580a2	vendor/wr-cores/board/cute/wr_cute_pkg.vhd	6bf96e9c5dfdb68182dff58387a0dc69a8f3b8a8	vendor/wr-cores/board/cute/wr_cute_pkg.vhd	byte-identical	b4aeb1573ef55745c236a7972e75b589867f465b97495615e9d01fef26bcef25
26e138fdc0bfc8426704b397141d563cf4d580a2	vendor/wr-cores/board/cute/xwrc_board_cute.vhd	984bc4a6257cefe1de5aa46b3bce6c35abb27d23	vendor/wr-cores/board/cute/xwrc_board_cute.vhd	byte-identical	fe7a9f000f8e645c320213c386b490edf71b9b53a6067cd8ad07f172a027a24b
26e138fdc0bfc8426704b397141d563cf4d580a2	vendor/wr-cores/board/diot-sb/Manifest.py	4f4fca27ec30c64dcd5ad7b4092943d98310bd3f	vendor/wr-cores/board/diot-sb/Manifest.py	byte-identical	092a6561ffe1b947ff5de21aa5397a359924b68cf0023f93d1cb883402737e44
26e138fdc0bfc8426704b397141d563cf4d580a2	vendor/wr-cores/board/diot-sb/wrc_board_diot_simple.vhd	cf181419246fff99cbe4e61ed2cf7cd6aaa5ac39	vendor/wr-cores/board/diot-sb/wrc_board_diot_simple.vhd	byte-identical	3747a330aea51dbceafec7409e82b0cadb1f3837422ac6fa4a3095c793bbb6f9
26e138fdc0bfc8426704b397141d563cf4d580a2	vendor/wr-cores/board/fasec/Manifest.py	ddff67feceebcd943fcd8af8c1711282c73f8223	vendor/wr-cores/board/fasec/Manifest.py	byte-identical	73da0e4c106737e9ee30465a36ade92b0b68f4f5595dd1836682bfd932c3fa76
26e138fdc0bfc8426704b397141d563cf4d580a2	vendor/wr-cores/board/fasec/wr_fasec_pkg.vhd	83fca4ec58907ecd50a0483f2286d98f21777aa6	vendor/wr-cores/board/fasec/wr_fasec_pkg.vhd	byte-identical	af9ec7307d081f5f93231948c16064710c47fe5c34a558c66416df8f26dcd293
26e138fdc0bfc8426704b397141d563cf4d580a2	vendor/wr-cores/board/fasec/wrc_board_fasec.vhd	a9f2589678ac25e7d77c2550712dfb88aa6bfb6e	vendor/wr-cores/board/fasec/wrc_board_fasec.vhd	byte-identical	cd81d29fde07405fe0cf8ea0c31e8d25125ea7326ff4d4f3b610efa0eedf309e
26e138fdc0bfc8426704b397141d563cf4d580a2	vendor/wr-cores/board/fasec/wrc_board_fasec_ip.xdc	959a4943ea0c3035634f5fe47143ed1081281dab	vendor/wr-cores/board/fasec/wrc_board_fasec_ip.xdc	byte-identical	35e215676f7d5c1ef2007bc4ea97f85f161e361e0b0d6c6d0f73f201e0c52c39
26e138fdc0bfc8426704b397141d563cf4d580a2	vendor/wr-cores/board/fasec/wrc_board_fasec_v4_1.tcl	f5513313915dfc46468e26e08d194bd929a5da7d	vendor/wr-cores/board/fasec/wrc_board_fasec_v4_1.tcl	byte-identical	caa08037146d98f6051e7cf5ae33540982782a9a89831e86cdb4ce92e303527e
26e138fdc0bfc8426704b397141d563cf4d580a2	vendor/wr-cores/board/fasec/xwrc_board_fasec.vhd	256e3bc1fdbc6204a780bd632d709e042e5796c3	vendor/wr-cores/board/fasec/xwrc_board_fasec.vhd	byte-identical	62ef6d89ddeb1f792701a9feb5382a3b3160176868a5b2b5c5aa5a7aea809b5e
26e138fdc0bfc8426704b397141d563cf4d580a2	vendor/wr-cores/board/pxie-fmc/Manifest.py	2483c3750f41accb0a19be4cee5c95e0d837d7db	vendor/wr-cores/board/pxie-fmc/Manifest.py	byte-identical	066799ce96b675b09a247c63eff383333712a24afc0a123a720ab1a25299b887
26e138fdc0bfc8426704b397141d563cf4d580a2	vendor/wr-cores/board/pxie-fmc/wr_pxie_fmc_pkg.vhd	4692dfb25063054cf317f6f0a8e6409a039529f8	vendor/wr-cores/board/pxie-fmc/wr_pxie_fmc_pkg.vhd	byte-identical	58afad7e99c02207b1597001573628abe76696c0915eb323606b4a54fff9af58
26e138fdc0bfc8426704b397141d563cf4d580a2	vendor/wr-cores/board/pxie-fmc/wrc_board_pxie_fmc.vhd	f9e49d29e3e526c4022c692f6d693058c39c1ae5	vendor/wr-cores/board/pxie-fmc/wrc_board_pxie_fmc.vhd	byte-identical	e3d1f452ff861d24c623092ade00548efa08377fbe24ddf3121eb41c9e3967d4
26e138fdc0bfc8426704b397141d563cf4d580a2	vendor/wr-cores/board/pxie-fmc/xwrc_board_pxie_fmc.vhd	8391ccf836f76cf9aedcead0eadee29faafd728d	vendor/wr-cores/board/pxie-fmc/xwrc_board_pxie_fmc.vhd	byte-identical	8b66d14683b5a1a0a24064604317bcd1e26029bba125366dc11150c9727c397b
26e138fdc0bfc8426704b397141d563cf4d580a2	vendor/wr-cores/board/spec/Manifest.py	8579cc06f1b7f3798a31ab93a0e3d11ba54b7b85	vendor/wr-cores/board/spec/Manifest.py	byte-identical	8ec90a6c781812350ad5d4caa1abe0d0a5046c665532954758bfb2a50f46ba57
26e138fdc0bfc8426704b397141d563cf4d580a2	vendor/wr-cores/board/spec/wr_spec_pkg.vhd	f3a2060cb460170db743d055d93d4e9c2776aa53	vendor/wr-cores/board/spec/wr_spec_pkg.vhd	byte-identical	89d382c6c75d3521befd77cb00e4ef9a8d843f135e38f20392e2a135ad1b0520
26e138fdc0bfc8426704b397141d563cf4d580a2	vendor/wr-cores/board/spec/wrc_board_spec.vhd	ae8f8730c5743e11640334f6ad4665ac5fd0e17e	vendor/wr-cores/board/spec/wrc_board_spec.vhd	byte-identical	5a2140f2dff6ac9cf422f7f551f30b65957b0241a1b1414b6a74cec0bea20915
26e138fdc0bfc8426704b397141d563cf4d580a2	vendor/wr-cores/board/spec/xwrc_board_spec.vhd	8027f3c770da992c0b1a0b8dbdfac322cfb30946	vendor/wr-cores/board/spec/xwrc_board_spec.vhd	byte-identical	c5cb17473633327a5d363907ff4badc96320614c05e97ff3a611508f91a2eea2
26e138fdc0bfc8426704b397141d563cf4d580a2	vendor/wr-cores/board/svec/Manifest.py	e18c1181e1033a879a8517cf89fe21033191b28f	vendor/wr-cores/board/svec/Manifest.py	byte-identical	1fb18fea6cad1b1896726c046ca48f457ec69ac5c76b964e9bbfed8cc1078e7c
26e138fdc0bfc8426704b397141d563cf4d580a2	vendor/wr-cores/board/svec/wr_svec_pkg.vhd	fbf656990a5cf0b4de584d3b5274b6a627af3fa7	vendor/wr-cores/board/svec/wr_svec_pkg.vhd	byte-identical	231e16da51450fb3b87c72a3550560a3c7461b4281426eed1111bd36f31e689a
26e138fdc0bfc8426704b397141d563cf4d580a2	vendor/wr-cores/board/svec/wrc_board_svec.vhd	97d866d857c0e4e5cb5025e279e9a63ebc216093	vendor/wr-cores/board/svec/wrc_board_svec.vhd	byte-identical	40e676414d9c77f29d65e631aeca28485d289e8c7c7f70305150e21d2cf33196
26e138fdc0bfc8426704b397141d563cf4d580a2	vendor/wr-cores/board/svec/xwrc_board_svec.vhd	79fa07064fe69d5800e75325bda9d4ce86e13df7	vendor/wr-cores/board/svec/xwrc_board_svec.vhd	byte-identical	e82df5d5e0b6ddfeae682df58fdc50feec8a424ebdf439161f86343503b7af3b
26e138fdc0bfc8426704b397141d563cf4d580a2	vendor/wr-cores/board/vfchd/Manifest.py	d8671ac0cda0e7251112574d8dc05c42f484f740	vendor/wr-cores/board/vfchd/Manifest.py	byte-identical	0eb6a4bc38b1caec1cfacf65a4d3a20653480cdda2e8ee5c842a35b13c4e5766
26e138fdc0bfc8426704b397141d563cf4d580a2	vendor/wr-cores/board/vfchd/sfp_i2c_adapter.vhd	036b56dfaae9e24d92815aa3d7626dbf3db86d65	vendor/wr-cores/board/vfchd/sfp_i2c_adapter.vhd	byte-identical	ef4b04649e8bd2a22607bd305a4d493b53a890dae4736f49d2283b2f52a69af2
26e138fdc0bfc8426704b397141d563cf4d580a2	vendor/wr-cores/board/vfchd/wr_vfchd_pkg.vhd	26d466acec421d36d7634513ec2d0688fadf3475	vendor/wr-cores/board/vfchd/wr_vfchd_pkg.vhd	byte-identical	d1cb1c17250cbfb7d192e794999f4440821e5784ae686fcc31047dc5af0a010a
26e138fdc0bfc8426704b397141d563cf4d580a2	vendor/wr-cores/board/vfchd/wrc_board_vfchd.vhd	b70c1f8b1f352e8570d3f735bdbc2a44a0aef75b	vendor/wr-cores/board/vfchd/wrc_board_vfchd.vhd	byte-identical	dfa7848f000a4d8e8ba354f65747dc0d7955068fa80380907713e9c77f3c9272
26e138fdc0bfc8426704b397141d563cf4d580a2	vendor/wr-cores/board/vfchd/xwrc_board_vfchd.vhd	8d11960134d1466e7261f90caaff62faaa729f3e	vendor/wr-cores/board/vfchd/xwrc_board_vfchd.vhd	byte-identical	4bbebc861af36616efbb71a55796fff7581deab1e829d2b84f957656b46e7f03
26e138fdc0bfc8426704b397141d563cf4d580a2	vendor/wr-cores/board/vxs/Manifest.py	68e18ddcfa274c42688fba782ac6ec14937b04d4	vendor/wr-cores/board/vxs/Manifest.py	byte-identical	d012310432d902641bcc27ab1c41d9e44f559e56c18f8879805e4d975d8d86cb
26e138fdc0bfc8426704b397141d563cf4d580a2	vendor/wr-cores/board/vxs/wr_vxs_pkg.vhd	d4f801cd144ad0f901a91997726a60e63b383795	vendor/wr-cores/board/vxs/wr_vxs_pkg.vhd	byte-identical	7863db2ad5d693e708b241e1db587d305429c0b2eb9b143059dc2542b59203c8
26e138fdc0bfc8426704b397141d563cf4d580a2	vendor/wr-cores/board/vxs/wrc_board_vxs.vhd	87dbc85c528bb54083c0ceda6e802bc93bea36da	vendor/wr-cores/board/vxs/wrc_board_vxs.vhd	byte-identical	d52861afbb1092c7d2562cb92754215dd376f536c60b3aea0ef36e3d9ae8be11
26e138fdc0bfc8426704b397141d563cf4d580a2	vendor/wr-cores/board/vxs/xwrc_board_vxs.vhd	aca136acb1eda86eae6d53802838c42fc5d767a8	vendor/wr-cores/board/vxs/xwrc_board_vxs.vhd	byte-identical	099652676d4b88834fc654fba0689df1c79c8e0065642cb34e9216c624c22ec0
26e138fdc0bfc8426704b397141d563cf4d580a2	vendor/wr-cores/ip_cores/etherbone-core/GUI/XMLdevice/Global.pas	925148d233cb6210d0f102a39b776dc95ef039f5	vendor/wr-cores/ip_cores/etherbone-core/GUI/XMLdevice/Global.pas	byte-identical	097f3044d56c8e6c2bc6277d18c9389cd8f880135bbf98fb68d0762dbddc5315
26e138fdc0bfc8426704b397141d563cf4d580a2	vendor/wr-cores/ip_cores/etherbone-core/GUI/XMLdevice/UserSendData.dfm	7b9706bc781971427849f69384d61c8a8b4372a7	vendor/wr-cores/ip_cores/etherbone-core/GUI/XMLdevice/UserSendData.dfm	byte-identical	6be7281c8e2280776cb4a45b0bf86738e7aaacf92a8d8b0a8532ef7628e08c97
26e138fdc0bfc8426704b397141d563cf4d580a2	vendor/wr-cores/ip_cores/etherbone-core/GUI/XMLdevice/UserSendData.pas	8f73e3b100dc19b5810858453e8cfe047e526046	vendor/wr-cores/ip_cores/etherbone-core/GUI/XMLdevice/UserSendData.pas	byte-identical	ffb58086b77066bf333f214c5f4825d93decd81318ce1196b7c86e2568c8e9ea
26e138fdc0bfc8426704b397141d563cf4d580a2	vendor/wr-cores/ip_cores/etherbone-core/GUI/XMLdevice/WR.bdsproj	364d9f163a666c68345412dd676d92004072d570	vendor/wr-cores/ip_cores/etherbone-core/GUI/XMLdevice/WR.bdsproj	byte-identical	a81c75d4a1f9599849621d2f1e99856999aa6751132861c8fcfc4589165d374f
26e138fdc0bfc8426704b397141d563cf4d580a2	vendor/wr-cores/ip_cores/etherbone-core/GUI/XMLdevice/WR.bdsproj.local	c6fa065540d09ce6d7ab45ae149634dbdf9f5ff4	vendor/wr-cores/ip_cores/etherbone-core/GUI/XMLdevice/WR.bdsproj.local	byte-identical	f1645f3b36a273a08021de8fb207d99344704cddfc78311a0b71c00369a44ad1
26e138fdc0bfc8426704b397141d563cf4d580a2	vendor/wr-cores/ip_cores/etherbone-core/GUI/XMLdevice/WR.cfg	2ad9e9223475beb52b0f8f1bb7e3c3537208cb0d	vendor/wr-cores/ip_cores/etherbone-core/GUI/XMLdevice/WR.cfg	byte-identical	d097d21410b89a4d6bff6e1b8b384f1a70a9c5c65d3baf11777f06f8af7e8d6f
26e138fdc0bfc8426704b397141d563cf4d580a2	vendor/wr-cores/ip_cores/etherbone-core/GUI/XMLdevice/WR.dpr	6d3710d0a2f2d615169f5b6f01352fb8bf8a3356	vendor/wr-cores/ip_cores/etherbone-core/GUI/XMLdevice/WR.dpr	byte-identical	a4f40c1d483124fb4cb071497aeea211663a7187a3378dbed31ebfb2ae4e946a
26e138fdc0bfc8426704b397141d563cf4d580a2	vendor/wr-cores/ip_cores/etherbone-core/GUI/XMLdevice/WR.identcache	5b500326b76b820dc93afbc5104ba96ab0ca01fe	vendor/wr-cores/ip_cores/etherbone-core/GUI/XMLdevice/WR.identcache	byte-identical	76c5f53cf2bbafa4da2c35b972a1c179695790dc23cbe0ed8afa2de34e20c274
26e138fdc0bfc8426704b397141d563cf4d580a2	vendor/wr-cores/ip_cores/etherbone-core/GUI/XMLdevice/WR.res	28281a93525711ba352932375baaf231e56bb616	vendor/wr-cores/ip_cores/etherbone-core/GUI/XMLdevice/WR.res	byte-identical	03f1e9c49d00717615d43843c3c70da9090edbccff725f66b84019bb0e48f343
26e138fdc0bfc8426704b397141d563cf4d580a2	vendor/wr-cores/ip_cores/etherbone-core/GUI/XMLdevice/XML_WR.dfm	06664ae0c750328fb48489a8dc0868b6d5166bfb	vendor/wr-cores/ip_cores/etherbone-core/GUI/XMLdevice/XML_WR.dfm	byte-identical	4f48c00c9d21aa739258d7bbdb4799b0c2c7a7fee04d82daa2f28d821b724447
26e138fdc0bfc8426704b397141d563cf4d580a2	vendor/wr-cores/ip_cores/etherbone-core/GUI/XMLdevice/XML_WR.pas	0e3855c2a291a578dba24f2fbf475939f3fdd32c	vendor/wr-cores/ip_cores/etherbone-core/GUI/XMLdevice/XML_WR.pas	byte-identical	2fd646679cfc796a64d04b060f4e61256c707951578fa8f04c3cca2841249134
26e138fdc0bfc8426704b397141d563cf4d580a2	vendor/wr-cores/ip_cores/etherbone-core/GUI/XMLdevice/XML_collector.dcu	bceb2fd95afc09453aad7e10099fecc1dfd3a185	vendor/wr-cores/ip_cores/etherbone-core/GUI/XMLdevice/XML_collector.dcu	byte-identical	c16471478f478affc9a90c68eeddc100c1069f0cd799b9bd03e89de23108d945
26e138fdc0bfc8426704b397141d563cf4d580a2	vendor/wr-cores/ip_cores/etherbone-core/GUI/XMLdevice/XML_collector.pas	3b567d905d4dd5745897c0a5d73bd9ab3cb69b05	vendor/wr-cores/ip_cores/etherbone-core/GUI/XMLdevice/XML_collector.pas	byte-identical	b008e84d78098e6f1ab76d0e3b104739a9735029e98f21f5c0f85870e4683834
26e138fdc0bfc8426704b397141d563cf4d580a2	vendor/wr-cores/ip_cores/etherbone-core/GUI/XMLdevice/device_setup.dfm	9b1844bcfbab530cc59d379cd3293283ae0e68cd	vendor/wr-cores/ip_cores/etherbone-core/GUI/XMLdevice/device_setup.dfm	byte-identical	169a5e85464abbb80af73d3caeff37327c5961368c1b580508f5f74d279ee2ac
26e138fdc0bfc8426704b397141d563cf4d580a2	vendor/wr-cores/ip_cores/etherbone-core/GUI/XMLdevice/device_setup.pas	6f044bb0212912c9c2ac93f368c6e53f41f2a6b2	vendor/wr-cores/ip_cores/etherbone-core/GUI/XMLdevice/device_setup.pas	byte-identical	af8bc8493c4706299775ebbcb905a71fadea1b68c44e5d15f4eca35093aba79d
26e138fdc0bfc8426704b397141d563cf4d580a2	vendor/wr-cores/ip_cores/etherbone-core/GUI/XMLdevice/device_unit.pas	c7a2326afd2b946506df014387520750e53a143c	vendor/wr-cores/ip_cores/etherbone-core/GUI/XMLdevice/device_unit.pas	byte-identical	b5fffda88bae83d1026c62eb9c9aaa08aa9839b82defb0f7c4bda95d10899603
26e138fdc0bfc8426704b397141d563cf4d580a2	vendor/wr-cores/ip_cores/etherbone-core/GUI/XMLdevice/wrdevice_unit.pas	f2f74294289e60d487407deff636cc4d850a8c1d	vendor/wr-cores/ip_cores/etherbone-core/GUI/XMLdevice/wrdevice_unit.pas	byte-identical	750518d1199ec233d7da233f8fc3b8f09dcb88f00a2c863886888e5734a1e64b
26e138fdc0bfc8426704b397141d563cf4d580a2	vendor/wr-cores/ip_cores/etherbone-core/Manifest.py	300259f82bfb86f54b41e711c7fccdb829d0e330	vendor/wr-cores/ip_cores/etherbone-core/Manifest.py	byte-identical	44df5bea0d6df1fc1e107f9f4c2178ea9fef476fb24f9b19f99a7e03944f1737
26e138fdc0bfc8426704b397141d563cf4d580a2	vendor/wr-cores/ip_cores/etherbone-core/api/.gitignore	97da6177d63c57d65d8f3e0253845ddefa7bce5a	vendor/wr-cores/ip_cores/etherbone-core/api/.gitignore	byte-identical	4fd647288643cd0f98c530d5bb1ebd054159ca3a7fb3729bc136c8d9552193db
26e138fdc0bfc8426704b397141d563cf4d580a2	vendor/wr-cores/ip_cores/etherbone-core/api/FEATURES	87d40cecb3cd5a9eac3c523a1d318939b9e45b03	vendor/wr-cores/ip_cores/etherbone-core/api/FEATURES	byte-identical	e9a187f2404db82a9e4ec20f318bd1781400f028fffd32ba4849a97af230812b
26e138fdc0bfc8426704b397141d563cf4d580a2	vendor/wr-cores/ip_cores/etherbone-core/api/etherbone.pas	92c4ea5acac6f565f1bf18f879651d9311697416	vendor/wr-cores/ip_cores/etherbone-core/api/etherbone.pas	byte-identical	16942346bdcac04ff8a98d0678066783c812794875b3b2e2d3b87ca1dd6365aa
26e138fdc0bfc8426704b397141d563cf4d580a2	vendor/wr-cores/ip_cores/etherbone-core/api/etherbone.pc.in	12a37f5809df03fe6346649cc6fde6bc97450ff9	vendor/wr-cores/ip_cores/etherbone-core/api/etherbone.pc.in	byte-identical	3de289a2918b65049eea8a080c5abb71c332867a009929ddac234d83a20f4825
26e138fdc0bfc8426704b397141d563cf4d580a2	vendor/wr-cores/ip_cores/etherbone-core/api/format/master.c	3423ad25d249896d216ef9f13cb61cd008d560f6	vendor/wr-cores/ip_cores/etherbone-core/api/format/master.c	byte-identical	fb7b402f8eb07b938c1188acd3bdc3df4e29da5174b1bb356bc281ff2c85bcf9
26e138fdc0bfc8426704b397141d563cf4d580a2	vendor/wr-cores/ip_cores/etherbone-core/api/format/slave.c	210366ee3d6750c81fd2a89cefab0fea7cdfe9b4	vendor/wr-cores/ip_cores/etherbone-core/api/format/slave.c	byte-identical	a92ad011f3ea4aa7bae76caf7ac6daeb587a8b2f3f72c6767782fe31fcf9dfa1
26e138fdc0bfc8426704b397141d563cf4d580a2	vendor/wr-cores/ip_cores/etherbone-core/api/glue/.gitignore	67020331ba6eca34d673d8d36cff6a87327319f3	vendor/wr-cores/ip_cores/etherbone-core/api/glue/.gitignore	byte-identical	28bdb4afd0cfda50b36e66e09afe506c412de519932bc35cd6fc38e26704d3f9
26e138fdc0bfc8426704b397141d563cf4d580a2	vendor/wr-cores/ip_cores/etherbone-core/api/glue/cplusplus.cpp	4e1a08938bd3c3a93d3bc3c05299f8d045d84951	vendor/wr-cores/ip_cores/etherbone-core/api/glue/cplusplus.cpp	byte-identical	1225f962e8c177d16d82c62c3d56b5c808d7ebe02771a06d20b950c1c18c2092
26e138fdc0bfc8426704b397141d563cf4d580a2	vendor/wr-cores/ip_cores/etherbone-core/api/glue/cycle.c	772201da79bf156b0302393e254ad8c886383d60	vendor/wr-cores/ip_cores/etherbone-core/api/glue/cycle.c	byte-identical	59dc1a071b6587efb0f30b649214dd404ef2ffe8d62f3c62ea938e6bc8afd00a
26e138fdc0bfc8426704b397141d563cf4d580a2	vendor/wr-cores/ip_cores/etherbone-core/api/glue/device.c	45efa593c601eb1e83790777f471c93e8437a3b8	vendor/wr-cores/ip_cores/etherbone-core/api/glue/device.c	byte-identical	5dcf8eae0f7c0b9acd0e26105296a34473810a8c04288eaa24de843683d3ee28
26e138fdc0bfc8426704b397141d563cf4d580a2	vendor/wr-cores/ip_cores/etherbone-core/api/glue/format.c	db22ce98f2bcaa3a8721fb82d8c208f20a3d1d54	vendor/wr-cores/ip_cores/etherbone-core/api/glue/format.c	byte-identical	66682e1a0d8e3a698588c54808b7098b0443984a7c34fd1a99fc766effa66e6a
26e138fdc0bfc8426704b397141d563cf4d580a2	vendor/wr-cores/ip_cores/etherbone-core/api/glue/handler.c	bcffd4a7acb99766fc8ca68b46babc9f08ce73b0	vendor/wr-cores/ip_cores/etherbone-core/api/glue/handler.c	byte-identical	4e12ca6280f780cddd105b2298a7cdc514892c7d81d3e6c2f297ccbbceff49de
26e138fdc0bfc8426704b397141d563cf4d580a2	vendor/wr-cores/ip_cores/etherbone-core/api/glue/operation.c	478618681a530a617f74ec43aa06974cf5a777cc	vendor/wr-cores/ip_cores/etherbone-core/api/glue/operation.c	byte-identical	9997f512fdfafa1138bead76dd5e3a87a0c9e755dbfd5cb53e72a64b72b303b7
26e138fdc0bfc8426704b397141d563cf4d580a2	vendor/wr-cores/ip_cores/etherbone-core/api/glue/readwrite.c	11956ad53ce196a7c0013ce1c1a61ddac959175c	vendor/wr-cores/ip_cores/etherbone-core/api/glue/readwrite.c	byte-identical	24817701ddd469681183f08912b8602b5596bb9fbe4f2086180e2d7be0ff95ee
26e138fdc0bfc8426704b397141d563cf4d580a2	vendor/wr-cores/ip_cores/etherbone-core/api/glue/sdb.c	56210ea53f4161c31d0077dbc1a93755b76c04b5	vendor/wr-cores/ip_cores/etherbone-core/api/glue/sdb.c	byte-identical	ae63992d29a5d3d66830a4ef869f2e882136759080a62fb5c133db91839611fe
26e138fdc0bfc8426704b397141d563cf4d580a2	vendor/wr-cores/ip_cores/etherbone-core/api/glue/socket.c	a63dcf463e5ddd0ec12005425315c8cc6572f01e	vendor/wr-cores/ip_cores/etherbone-core/api/glue/socket.c	byte-identical	a3cd6dd98dc60d0b1077d2a1e1124747b3d8e15f701bf15aba371f0e70179c1b
26e138fdc0bfc8426704b397141d563cf4d580a2	vendor/wr-cores/ip_cores/etherbone-core/api/glue/strncasecmp.c	f9b3e704a72aff43b678d6e7c6d46ef28578eb98	vendor/wr-cores/ip_cores/etherbone-core/api/glue/strncasecmp.c	byte-identical	bab10be94871522c2bd5e4083a966f2ddc704216bcb43fcc728fc1ccfdd5e0a7
26e138fdc0bfc8426704b397141d563cf4d580a2	vendor/wr-cores/ip_cores/etherbone-core/api/glue/version.h.in	12eb46ddc059cae6b9bbf70f56cd2f9a832d7e52	vendor/wr-cores/ip_cores/etherbone-core/api/glue/version.h.in	byte-identical	e8b23983b474e61484a5be718f7d5ab4f243f9debe8c9d9b20091f1a57d36911
26e138fdc0bfc8426704b397141d563cf4d580a2	vendor/wr-cores/ip_cores/etherbone-core/api/glue/widths.c	e3cf60fba45846cdd4c9fdc6815485113c2506a3	vendor/wr-cores/ip_cores/etherbone-core/api/glue/widths.c	byte-identical	393f53902b6cde5a90e1e3611152cc4d6e749ca27abba76d042ff4c946198826
26e138fdc0bfc8426704b397141d563cf4d580a2	vendor/wr-cores/ip_cores/etherbone-core/api/labview/GPL.txt	10926e87f113fb026c366866d6fa466061562870	vendor/wr-cores/ip_cores/etherbone-core/api/labview/GPL.txt	byte-identical	0ae0485a5bd37a63e63603596417e4eb0e653334fa6c7f932ca3a0e85d4af227
26e138fdc0bfc8426704b397141d563cf4d580a2	vendor/wr-cores/ip_cores/etherbone-core/api/labview/LabVIEW/LV2009/LVEtherboneInterface.aliases	0d97329565446797b034e1d1256684d4d5a2fa67	vendor/wr-cores/ip_cores/etherbone-core/api/labview/LabVIEW/LV2009/LVEtherboneInterface.aliases	byte-identical	94d3ac40cbb8c13ab6037377d3c5d21701c446da5098d739b765f5785f3b902e
26e138fdc0bfc8426704b397141d563cf4d580a2	vendor/wr-cores/ip_cores/etherbone-core/api/labview/LabVIEW/LV2009/LVEtherboneInterface.lvlps	d6a08f06a33c6ce742a01a0b1fcf3f2fffc812ff	vendor/wr-cores/ip_cores/etherbone-core/api/labview/LabVIEW/LV2009/LVEtherboneInterface.lvlps	byte-identical	2f8e18396b0118f88c62373ad86e3ede1ebdfea85e9341edae94d326c56e6700
26e138fdc0bfc8426704b397141d563cf4d580a2	vendor/wr-cores/ip_cores/etherbone-core/api/labview/LabVIEW/LV2009/LVEtherboneInterface.lvproj	da61ff2e12655811370d98cf52efef379c7764b3	vendor/wr-cores/ip_cores/etherbone-core/api/labview/LabVIEW/LV2009/LVEtherboneInterface.lvproj	byte-identical	44e0936a7ad4041cc868430415a19980740cf6695c889ff26338ef46c2c64782
26e138fdc0bfc8426704b397141d563cf4d580a2	vendor/wr-cores/ip_cores/etherbone-core/api/labview/LabVIEW/LV2009/lvEtherbone/GPL.txt	10926e87f113fb026c366866d6fa466061562870	vendor/wr-cores/ip_cores/etherbone-core/api/labview/LabVIEW/LV2009/lvEtherbone/GPL.txt	byte-identical	0ae0485a5bd37a63e63603596417e4eb0e653334fa6c7f932ca3a0e85d4af227
26e138fdc0bfc8426704b397141d563cf4d580a2	vendor/wr-cores/ip_cores/etherbone-core/api/labview/LabVIEW/LV2009/lvEtherbone/license.txt	7c70ef6513eaa2effdb4f71520e4daf073fbdd9e	vendor/wr-cores/ip_cores/etherbone-core/api/labview/LabVIEW/LV2009/lvEtherbone/license.txt	byte-identical	5300fe677e9de4b48b7a1ee2e6201f03437c44e359b213431cdcd2a8697012aa
26e138fdc0bfc8426704b397141d563cf4d580a2	vendor/wr-cores/ip_cores/etherbone-core/api/labview/LabVIEW/LV2009/lvEtherbone/lvEtherbone.VI-Tree.vi	3ab53a2679bec30e4678e13bc49753b497a6e86c	vendor/wr-cores/ip_cores/etherbone-core/api/labview/LabVIEW/LV2009/lvEtherbone/lvEtherbone.VI-Tree.vi	byte-identical	e938bc5c6df58e39b2dbee8fff7ecabe08cb5987af6461a6b44ed7214bf52a10
26e138fdc0bfc8426704b397141d563cf4d580a2	vendor/wr-cores/ip_cores/etherbone-core/api/labview/LabVIEW/LV2009/lvEtherbone/lvEtherbone.application_example_read.vi	ab9732d41f2eeda98d26264c45fa99bc3716c836	vendor/wr-cores/ip_cores/etherbone-core/api/labview/LabVIEW/LV2009/lvEtherbone/lvEtherbone.application_example_read.vi	byte-identical	700662cc9e45bd3cf09274b819f30ff7a2c36f1c9ea1e5b587b00a1b6dffd0c0
26e138fdc0bfc8426704b397141d563cf4d580a2	vendor/wr-cores/ip_cores/etherbone-core/api/labview/LabVIEW/LV2009/lvEtherbone/lvEtherbone.application_example_read_write.vi	33355e60c369ad40277714458ab63ad985a12760	vendor/wr-cores/ip_cores/etherbone-core/api/labview/LabVIEW/LV2009/lvEtherbone/lvEtherbone.application_example_read_write.vi	byte-identical	2969237ddbc23a2bebea1b999fe0b149e62e5df77374a41f3b67dba2d7b1971c
26e138fdc0bfc8426704b397141d563cf4d580a2	vendor/wr-cores/ip_cores/etherbone-core/api/labview/LabVIEW/LV2009/lvEtherbone/lvEtherbone.application_example_snoop.vi	22507811d617fd28717e2e0a4a99e933a541384d	vendor/wr-cores/ip_cores/etherbone-core/api/labview/LabVIEW/LV2009/lvEtherbone/lvEtherbone.application_example_snoop.vi	byte-identical	1f1e5650c02db373b78b6ca408ae8f5b285696b92727831ce2559975cc477f35
26e138fdc0bfc8426704b397141d563cf4d580a2	vendor/wr-cores/ip_cores/etherbone-core/api/labview/LabVIEW/LV2009/lvEtherbone/lvEtherbone.application_example_write.vi	16c39cfe1b99fd45a36e855e141eaf0a07253638	vendor/wr-cores/ip_cores/etherbone-core/api/labview/LabVIEW/LV2009/lvEtherbone/lvEtherbone.application_example_write.vi	byte-identical	4ad701f02f2137611f59013faf649413fbec60941889284eb7180895a020f6c8
26e138fdc0bfc8426704b397141d563cf4d580a2	vendor/wr-cores/ip_cores/etherbone-core/api/labview/LabVIEW/LV2009/lvEtherbone/lvEtherbone.device_close.vi	96a5031ed6c208de428d19237d3086dad71b85e1	vendor/wr-cores/ip_cores/etherbone-core/api/labview/LabVIEW/LV2009/lvEtherbone/lvEtherbone.device_close.vi	byte-identical	29e95b71161becbd124c179cd55bd794ca84103c26f4aba5f6397449ff672d19
26e138fdc0bfc8426704b397141d563cf4d580a2	vendor/wr-cores/ip_cores/etherbone-core/api/labview/LabVIEW/LV2009/lvEtherbone/lvEtherbone.device_flush.vi	660a3470cadb9acbf6a18985a20bede3b8f29f94	vendor/wr-cores/ip_cores/etherbone-core/api/labview/LabVIEW/LV2009/lvEtherbone/lvEtherbone.device_flush.vi	byte-identical	a44027cba31adf8834f55f1f72e9ca3fe7c394da9012c6b548dd650f46ebba64
26e138fdc0bfc8426704b397141d563cf4d580a2	vendor/wr-cores/ip_cores/etherbone-core/api/labview/LabVIEW/LV2009/lvEtherbone/lvEtherbone.device_open.vi	6b4576a16f40c72fb1eff799d83bdc0ef2a862a2	vendor/wr-cores/ip_cores/etherbone-core/api/labview/LabVIEW/LV2009/lvEtherbone/lvEtherbone.device_open.vi	byte-identical	7c18f9b76bac9180a8e4010c0da4b6b4dfee790f851510bd63f722f056c97f1c
26e138fdc0bfc8426704b397141d563cf4d580a2	vendor/wr-cores/ip_cores/etherbone-core/api/labview/LabVIEW/LV2009/lvEtherbone/lvEtherbone.device_read_single.vi	6d25a3bace8bd8fc3c1861321e7568884dda48bb	vendor/wr-cores/ip_cores/etherbone-core/api/labview/LabVIEW/LV2009/lvEtherbone/lvEtherbone.device_read_single.vi	byte-identical	ebaf96ee71fc40de960186dcc23f8b9cf511cb6d84237b97ad82981d1f2d093c
26e138fdc0bfc8426704b397141d563cf4d580a2	vendor/wr-cores/ip_cores/etherbone-core/api/labview/LabVIEW/LV2009/lvEtherbone/lvEtherbone.device_read_write.vi	067d2a6da97a0bb4ac1a9ead7f99590c190cb3dd	vendor/wr-cores/ip_cores/etherbone-core/api/labview/LabVIEW/LV2009/lvEtherbone/lvEtherbone.device_read_write.vi	byte-identical	763d2f32dc79333fbaca0570a2c2f3fa0ecf5f64305cad314a68ea28090c40b7
26e138fdc0bfc8426704b397141d563cf4d580a2	vendor/wr-cores/ip_cores/etherbone-core/api/labview/LabVIEW/LV2009/lvEtherbone/lvEtherbone.device_width.vi	6553f36fdeaed661d7998390653c8111a26f749e	vendor/wr-cores/ip_cores/etherbone-core/api/labview/LabVIEW/LV2009/lvEtherbone/lvEtherbone.device_width.vi	byte-identical	42877b360691a0d1490a398a30779b9e2db411fb6a4f156c7a5d2cfeff68e21c
26e138fdc0bfc8426704b397141d563cf4d580a2	vendor/wr-cores/ip_cores/etherbone-core/api/labview/LabVIEW/LV2009/lvEtherbone/lvEtherbone.device_write_single.vi	9e960023be2fb20f556c76b147f1a6de23605b20	vendor/wr-cores/ip_cores/etherbone-core/api/labview/LabVIEW/LV2009/lvEtherbone/lvEtherbone.device_write_single.vi	byte-identical	d0521506bca7d67822002c6cc57f953cfdeefc59ebaad4f88437afca157d55c3
26e138fdc0bfc8426704b397141d563cf4d580a2	vendor/wr-cores/ip_cores/etherbone-core/api/labview/LabVIEW/LV2009/lvEtherbone/lvEtherbone.eb_addressWidth_t.ctl	005c7e5427ad1dfdad02a2bd14707c2f045921ae	vendor/wr-cores/ip_cores/etherbone-core/api/labview/LabVIEW/LV2009/lvEtherbone/lvEtherbone.eb_addressWidth_t.ctl	byte-identical	6b9f62d41d9122d18b4ebc4ca216b283e495b1ec307186bc63204efa074d49e4
26e138fdc0bfc8426704b397141d563cf4d580a2	vendor/wr-cores/ip_cores/etherbone-core/api/labview/LabVIEW/LV2009/lvEtherbone/lvEtherbone.eb_flags_t.ctl	82c472cb75ef826501e74c1920dd8cfd9f3000e2	vendor/wr-cores/ip_cores/etherbone-core/api/labview/LabVIEW/LV2009/lvEtherbone/lvEtherbone.eb_flags_t.ctl	byte-identical	bf35ece0c7741207bb1b1f71b3fedd3d6df5c144fd4c7f46c42e4e0e69ff2b5d
26e138fdc0bfc8426704b397141d563cf4d580a2	vendor/wr-cores/ip_cores/etherbone-core/api/labview/LabVIEW/LV2009/lvEtherbone/lvEtherbone.eb_mode_t.ctl	b66a703bc2ba5f012865f61a6eb856afe5e00d79	vendor/wr-cores/ip_cores/etherbone-core/api/labview/LabVIEW/LV2009/lvEtherbone/lvEtherbone.eb_mode_t.ctl	byte-identical	6c92c06c9be4f4b7ce6563301c0ead739fb337998deaf54924da158c660b22b8
26e138fdc0bfc8426704b397141d563cf4d580a2	vendor/wr-cores/ip_cores/etherbone-core/api/labview/LabVIEW/LV2009/lvEtherbone/lvEtherbone.eb_portWidth_t.ctl	12e696e7c2748b379fdbc5427e48a2e536c8cfbb	vendor/wr-cores/ip_cores/etherbone-core/api/labview/LabVIEW/LV2009/lvEtherbone/lvEtherbone.eb_portWidth_t.ctl	byte-identical	d823e437b5ca9b2b0fea261e69aeae27c82fa427ff7295a9e703fadba33e4be1
26e138fdc0bfc8426704b397141d563cf4d580a2	vendor/wr-cores/ip_cores/etherbone-core/api/labview/LabVIEW/LV2009/lvEtherbone/lvEtherbone.error_handler.vi	5e514382dd8096f92ae6b59ddd719e42b015aab8	vendor/wr-cores/ip_cores/etherbone-core/api/labview/LabVIEW/LV2009/lvEtherbone/lvEtherbone.error_handler.vi	byte-identical	0d101ee7ba8d43fce1180b15ee3d3f23e416d537801318dc31df4366bc55b254
26e138fdc0bfc8426704b397141d563cf4d580a2	vendor/wr-cores/ip_cores/etherbone-core/api/labview/LabVIEW/LV2009/lvEtherbone/lvEtherbone.get library version.vi	0221deba4091ee4500ddeb5f914d9af8af00ac94	vendor/wr-cores/ip_cores/etherbone-core/api/labview/LabVIEW/LV2009/lvEtherbone/lvEtherbone.get library version.vi	byte-identical	de500cdf5066e9f3965c047d22d44797b3c1411b0a43b94fefdcaafe5b8c9b28
26e138fdc0bfc8426704b397141d563cf4d580a2	vendor/wr-cores/ip_cores/etherbone-core/api/labview/LabVIEW/LV2009/lvEtherbone/lvEtherbone.get shared library version.vi	c4d8eff79e2359496fd86e0cf841541a696e10be	vendor/wr-cores/ip_cores/etherbone-core/api/labview/LabVIEW/LV2009/lvEtherbone/lvEtherbone.get shared library version.vi	byte-identical	529d64b099fa71d2381fe686a0c89da074321194e53238d1784114657a7b58fc
26e138fdc0bfc8426704b397141d563cf4d580a2	vendor/wr-cores/ip_cores/etherbone-core/api/labview/LabVIEW/LV2009/lvEtherbone/lvEtherbone.handler_attach.vi	55a4784186986a7db287529a820cef506fa3f72b	vendor/wr-cores/ip_cores/etherbone-core/api/labview/LabVIEW/LV2009/lvEtherbone/lvEtherbone.handler_attach.vi	byte-identical	d7eb0d5e9b72d6bb88ce37ed601d2c8ee9efe212fbff069f84414ed8ae7f337f
26e138fdc0bfc8426704b397141d563cf4d580a2	vendor/wr-cores/ip_cores/etherbone-core/api/labview/LabVIEW/LV2009/lvEtherbone/lvEtherbone.handler_detach.vi	69c45806134a9e82e3b2daba9719d23d2799d8ae	vendor/wr-cores/ip_cores/etherbone-core/api/labview/LabVIEW/LV2009/lvEtherbone/lvEtherbone.handler_detach.vi	byte-identical	e1325e611b85baebb2a8b0cc3c1fc3d6a5aa808bb649f5f9303f0eda97653e57
26e138fdc0bfc8426704b397141d563cf4d580a2	vendor/wr-cores/ip_cores/etherbone-core/api/labview/LabVIEW/LV2009/lvEtherbone/lvEtherbone.handler_getMap.vi	80883dd7da706830cc8a5a5062fba8f0c3e63c3f	vendor/wr-cores/ip_cores/etherbone-core/api/labview/LabVIEW/LV2009/lvEtherbone/lvEtherbone.handler_getMap.vi	byte-identical	2b1303a0710ecba0e86e71259d05864518dd242fd45835b007c9152d32373f69
26e138fdc0bfc8426704b397141d563cf4d580a2	vendor/wr-cores/ip_cores/etherbone-core/api/labview/LabVIEW/LV2009/lvEtherbone/lvEtherbone.handler_setMap.vi	fe3dbb02d42794e1362a8345655b26f9b5d53157	vendor/wr-cores/ip_cores/etherbone-core/api/labview/LabVIEW/LV2009/lvEtherbone/lvEtherbone.handler_setMap.vi	byte-identical	1acff0beb7929c81c784f2cef7738c4395895db311ec4c5d47048bf4c0d11a8b
26e138fdc0bfc8426704b397141d563cf4d580a2	vendor/wr-cores/ip_cores/etherbone-core/api/labview/LabVIEW/LV2009/lvEtherbone/lvEtherbone.lveb_activity_t.ctl	bb8c4767b63e1e841b0bafeee81c0422572eca58	vendor/wr-cores/ip_cores/etherbone-core/api/labview/LabVIEW/LV2009/lvEtherbone/lvEtherbone.lveb_activity_t.ctl	byte-identical	c6fd34fd8b1a3bb37c4e4ee2715b2bdc80189eaebe87a0703e26a74003bdf359
26e138fdc0bfc8426704b397141d563cf4d580a2	vendor/wr-cores/ip_cores/etherbone-core/api/labview/LabVIEW/LV2009/lvEtherbone/lvEtherbone.lveb_status_t.ctl	6cab15186bf79868e4a0a023fa8e53837b6172ed	vendor/wr-cores/ip_cores/etherbone-core/api/labview/LabVIEW/LV2009/lvEtherbone/lvEtherbone.lveb_status_t.ctl	byte-identical	88b2f0642b30199e32d8de737b54a09c5bd026184a721036ee6f8ce7ff900cb4
26e138fdc0bfc8426704b397141d563cf4d580a2	vendor/wr-cores/ip_cores/etherbone-core/api/labview/LabVIEW/LV2009/lvEtherbone/lvEtherbone.lvlib	e8bd248117e36839702cf4ed2524cb9e5d8e325a	vendor/wr-cores/ip_cores/etherbone-core/api/labview/LabVIEW/LV2009/lvEtherbone/lvEtherbone.lvlib	byte-identical	c141e088a80ced99a8588c8e943853be5c9ac4689595ae22d04ea4e521b45d3a
26e138fdc0bfc8426704b397141d563cf4d580a2	vendor/wr-cores/ip_cores/etherbone-core/api/labview/LabVIEW/LV2009/lvEtherbone/lvEtherbone.socket_close.vi	9eb6b51126e1b433b39774e0011641a4d918b259	vendor/wr-cores/ip_cores/etherbone-core/api/labview/LabVIEW/LV2009/lvEtherbone/lvEtherbone.socket_close.vi	byte-identical	f5ea0f036520dd605cb744c58286a7bc2b467598fe571f047f21084771b92f09
26e138fdc0bfc8426704b397141d563cf4d580a2	vendor/wr-cores/ip_cores/etherbone-core/api/labview/LabVIEW/LV2009/lvEtherbone/lvEtherbone.socket_open.vi	363a7e72918fbd4d52cc9cc3646a74f6f4fc07f9	vendor/wr-cores/ip_cores/etherbone-core/api/labview/LabVIEW/LV2009/lvEtherbone/lvEtherbone.socket_open.vi	byte-identical	7302146cbd1d233ecd5b8c3cdfc570d41333500616aadcbf7dfc70f46c3e163c
26e138fdc0bfc8426704b397141d563cf4d580a2	vendor/wr-cores/ip_cores/etherbone-core/api/labview/LabVIEW/LV2009/lvEtherbone/lvEtherbone.socket_wait4Activity.vi	357219f11b7c11ad6505643217c1fb42c9ba6acc	vendor/wr-cores/ip_cores/etherbone-core/api/labview/LabVIEW/LV2009/lvEtherbone/lvEtherbone.socket_wait4Activity.vi	byte-identical	6c8a7dcd2199696c8d590c3cee04f64f36e2dfbd9d68e9a06669a9b9f6e39bf2
26e138fdc0bfc8426704b397141d563cf4d580a2	vendor/wr-cores/ip_cores/etherbone-core/api/labview/LabVIEW/LV2009/lvEtherbone/readme.txt	213d72fe64f9774df6b01423d84d1b20ddda2c09	vendor/wr-cores/ip_cores/etherbone-core/api/labview/LabVIEW/LV2009/lvEtherbone/readme.txt	byte-identical	70cd1104e0e0ecacc044475923c8f77cb88b553a5c7da9191575656dbf186144
26e138fdc0bfc8426704b397141d563cf4d580a2	vendor/wr-cores/ip_cores/etherbone-core/api/labview/LabVIEW/LV2009/lvEtherbone/test/lvEtherbone.test_snoop-multi.vi	f196143f71a53376259ee380b12443068df80ed0	vendor/wr-cores/ip_cores/etherbone-core/api/labview/LabVIEW/LV2009/lvEtherbone/test/lvEtherbone.test_snoop-multi.vi	byte-identical	da66bf3f4704f4b548733a97f5877b6eb5e6ee125a7a6121da04100cc182deff
26e138fdc0bfc8426704b397141d563cf4d580a2	vendor/wr-cores/ip_cores/etherbone-core/api/labview/LabVIEW/LV2009/lvEtherbone/test/lvEtherbone.test_snoop.vi	8c8a6d27d9f91dee112ffee7badf9164fee34f39	vendor/wr-cores/ip_cores/etherbone-core/api/labview/LabVIEW/LV2009/lvEtherbone/test/lvEtherbone.test_snoop.vi	byte-identical	fe58b9f781c6286e7ff0beb4e494a0e42f9a16495e9138a593e4a4e4fae57c18
26e138fdc0bfc8426704b397141d563cf4d580a2	vendor/wr-cores/ip_cores/etherbone-core/api/labview/LabVIEW/LV2009/lvEtherbone/test/myEtherbone.log	e69de29bb2d1d6434b8b29ae775ad8c2e48c5391	vendor/wr-cores/ip_cores/etherbone-core/api/labview/LabVIEW/LV2009/lvEtherbone/test/myEtherbone.log	byte-identical	e3b0c44298fc1c149afbf4c8996fb92427ae41e4649b934ca495991b7852b855
26e138fdc0bfc8426704b397141d563cf4d580a2	vendor/wr-cores/ip_cores/etherbone-core/api/labview/license.txt	7c70ef6513eaa2effdb4f71520e4daf073fbdd9e	vendor/wr-cores/ip_cores/etherbone-core/api/labview/license.txt	byte-identical	5300fe677e9de4b48b7a1ee2e6201f03437c44e359b213431cdcd2a8697012aa
26e138fdc0bfc8426704b397141d563cf4d580a2	vendor/wr-cores/ip_cores/etherbone-core/api/labview/lvEtherbone.c	ec587a8917f65bec17d9b64a6cd2d5b2f7334040	vendor/wr-cores/ip_cores/etherbone-core/api/labview/lvEtherbone.c	byte-identical	189919c5dfa5dd79b3ca139f97e062aa40a18cea600b359cc863315d30181f02
26e138fdc0bfc8426704b397141d563cf4d580a2	vendor/wr-cores/ip_cores/etherbone-core/api/labview/myeb-snoop.c	b7f5784562472da5caaf1f0721c2b2d35d7ae084	vendor/wr-cores/ip_cores/etherbone-core/api/labview/myeb-snoop.c	byte-identical	24e052f41ccb28d06d06f8073ed02be0645bd64c9aff18b1ab7c92d8e51c5c04
26e138fdc0bfc8426704b397141d563cf4d580a2	vendor/wr-cores/ip_cores/etherbone-core/api/labview/myeb-write.c	4a1d304725debf42e31f4bce1f812ebdb2db7a97	vendor/wr-cores/ip_cores/etherbone-core/api/labview/myeb-write.c	byte-identical	a969df06cbbc296751f23fb620b8f6d7e37a30075dbcbd580730f9bcf899f2b2
26e138fdc0bfc8426704b397141d563cf4d580a2	vendor/wr-cores/ip_cores/etherbone-core/api/labview/readme.txt	6f9e88d433ef66f62eaa2ab964ea91cdd31b10d2	vendor/wr-cores/ip_cores/etherbone-core/api/labview/readme.txt	byte-identical	0ac6daa4b61fd8dba8d94b0eb93c30b773886b73faf3dd0b236c1afc298bae52
26e138fdc0bfc8426704b397141d563cf4d580a2	vendor/wr-cores/ip_cores/etherbone-core/api/labview/visual/Etherbone.sln	2129b2fe64933c07a321a9de7e547e4ca8a4c684	vendor/wr-cores/ip_cores/etherbone-core/api/labview/visual/Etherbone.sln	byte-identical	668f4ccd71486e87a82a682235a3b9eca23d4f9160a0a09c4d165261fa58ddec
26e138fdc0bfc8426704b397141d563cf4d580a2	vendor/wr-cores/ip_cores/etherbone-core/api/labview/visual/Etherbone.suo	521ab635a9c895959351eb3b09417279100785fa	vendor/wr-cores/ip_cores/etherbone-core/api/labview/visual/Etherbone.suo	byte-identical	f8ff47e16b3853e43eaa779a5c36833633b82a50f0e24f3fa19e2a93a8877003
26e138fdc0bfc8426704b397141d563cf4d580a2	vendor/wr-cores/ip_cores/etherbone-core/api/labview/visual/eb_read/ReadMe.txt	8b037158708da70b64804a994a7fa03cf6f41058	vendor/wr-cores/ip_cores/etherbone-core/api/labview/visual/eb_read/ReadMe.txt	byte-identical	d07621881db697dbb04a304f59476dfbb8f35c24867dd02aa4d48cb16ee23f07
26e138fdc0bfc8426704b397141d563cf4d580a2	vendor/wr-cores/ip_cores/etherbone-core/api/labview/visual/eb_read/eb_read.vcproj	2a8a2723252818770a74df0e988c43396da4a0ee	vendor/wr-cores/ip_cores/etherbone-core/api/labview/visual/eb_read/eb_read.vcproj	byte-identical	ea2140a7693195cf5afa5bcf331c2ad6b7a3245754a9d99820b3714e3592f673
26e138fdc0bfc8426704b397141d563cf4d580a2	vendor/wr-cores/ip_cores/etherbone-core/api/labview/visual/eb_read/eb_read.vcproj.CAMPUS.Beck.user	6e993f881e81e37d69814603fecabbf901a3bf46	vendor/wr-cores/ip_cores/etherbone-core/api/labview/visual/eb_read/eb_read.vcproj.CAMPUS.Beck.user	byte-identical	c3a5def48f646b53a9771ed06cc7bca2d921ac1528bab490f0eca2eccc1608b2
26e138fdc0bfc8426704b397141d563cf4d580a2	vendor/wr-cores/ip_cores/etherbone-core/api/labview/visual/eb_snoop/ReadMe.txt	b83354d07382f222a2e48aa8ffb068aae4066c97	vendor/wr-cores/ip_cores/etherbone-core/api/labview/visual/eb_snoop/ReadMe.txt	byte-identical	60e8000b4a693ce76c23d8abe2b8d0917a0ac1d59a064f458d22e32cb27ef932
26e138fdc0bfc8426704b397141d563cf4d580a2	vendor/wr-cores/ip_cores/etherbone-core/api/labview/visual/eb_snoop/eb_snoop.vcproj	157332971bc26b2195c0ac6680c33bff5f7e69ed	vendor/wr-cores/ip_cores/etherbone-core/api/labview/visual/eb_snoop/eb_snoop.vcproj	byte-identical	6b632999cb4ce76bb6e414e2dbd37145a0a2577b2a595e81b987b72620f0d513
26e138fdc0bfc8426704b397141d563cf4d580a2	vendor/wr-cores/ip_cores/etherbone-core/api/labview/visual/eb_snoop/eb_snoop.vcproj.CAMPUS.Beck.user	6e993f881e81e37d69814603fecabbf901a3bf46	vendor/wr-cores/ip_cores/etherbone-core/api/labview/visual/eb_snoop/eb_snoop.vcproj.CAMPUS.Beck.user	byte-identical	c3a5def48f646b53a9771ed06cc7bca2d921ac1528bab490f0eca2eccc1608b2
26e138fdc0bfc8426704b397141d563cf4d580a2	vendor/wr-cores/ip_cores/etherbone-core/api/labview/visual/eb_write/ReadMe.txt	9051911d22525fe2cbdf8b4b85a685b0cb629b40	vendor/wr-cores/ip_cores/etherbone-core/api/labview/visual/eb_write/ReadMe.txt	byte-identical	ca723c9d9aef55187cc38b626ebedf9814c671949e559bbdae1d0fd4859cdc49
26e138fdc0bfc8426704b397141d563cf4d580a2	vendor/wr-cores/ip_cores/etherbone-core/api/labview/visual/eb_write/eb_write.vcproj	817c195238ee7e3c4b8cd9705975714e369dd28a	vendor/wr-cores/ip_cores/etherbone-core/api/labview/visual/eb_write/eb_write.vcproj	byte-identical	df51326357c546261a9069723845d385ccbd360f0e8369176ffa6f240ebd7c51
26e138fdc0bfc8426704b397141d563cf4d580a2	vendor/wr-cores/ip_cores/etherbone-core/api/labview/visual/eb_write/eb_write.vcproj.CAMPUS.Beck.user	6e993f881e81e37d69814603fecabbf901a3bf46	vendor/wr-cores/ip_cores/etherbone-core/api/labview/visual/eb_write/eb_write.vcproj.CAMPUS.Beck.user	byte-identical	c3a5def48f646b53a9771ed06cc7bca2d921ac1528bab490f0eca2eccc1608b2
26e138fdc0bfc8426704b397141d563cf4d580a2	vendor/wr-cores/ip_cores/etherbone-core/api/labview/visual/lvEtherbone/ReadMe.txt	507ad14e573214191ddbfa8fbf34d79461c8fbe0	vendor/wr-cores/ip_cores/etherbone-core/api/labview/visual/lvEtherbone/ReadMe.txt	byte-identical	f16085edd80ab14c0a42ccacd8f8bc13dff37ebbb13ba73786c7d3553e5d9404
26e138fdc0bfc8426704b397141d563cf4d580a2	vendor/wr-cores/ip_cores/etherbone-core/api/labview/visual/lvEtherbone/lvEtherbone.vcproj	cad228e65a5010ba9a69502e785ddf27eed115c9	vendor/wr-cores/ip_cores/etherbone-core/api/labview/visual/lvEtherbone/lvEtherbone.vcproj	byte-identical	1ac7e518523bd5dd37b6a9fef701e4209ed9c6539913b2fce97d18bebc7917f6
26e138fdc0bfc8426704b397141d563cf4d580a2	vendor/wr-cores/ip_cores/etherbone-core/api/labview/visual/lvEtherbone/lvEtherbone.vcproj.CAMPUS.Beck.user	37482bfb92b266a1562d86d695d899c68e2d30ce	vendor/wr-cores/ip_cores/etherbone-core/api/labview/visual/lvEtherbone/lvEtherbone.vcproj.CAMPUS.Beck.user	byte-identical	74fbc2b484131d4146309029376d8f44f82101269c3f8eee625e9d2ad7ab5391
26e138fdc0bfc8426704b397141d563cf4d580a2	vendor/wr-cores/ip_cores/etherbone-core/api/labview/visual/myeb_snoop/ReadMe.txt	a317f9f9c87244656e87d57a81b15ca75c36cb64	vendor/wr-cores/ip_cores/etherbone-core/api/labview/visual/myeb_snoop/ReadMe.txt	byte-identical	242970b759766e8ae22659f1dcb9b893935ae7f08a626cdfbd48114924038863
26e138fdc0bfc8426704b397141d563cf4d580a2	vendor/wr-cores/ip_cores/etherbone-core/api/labview/visual/myeb_snoop/myeb_snoop.vcproj	c742414500ce0a0ada121e72e430f6f43d6d30da	vendor/wr-cores/ip_cores/etherbone-core/api/labview/visual/myeb_snoop/myeb_snoop.vcproj	byte-identical	1c9f7e6255651dfaa7db05827cbb9611f46f4ad0f7ea631f30963b8f3e652815
26e138fdc0bfc8426704b397141d563cf4d580a2	vendor/wr-cores/ip_cores/etherbone-core/api/labview/visual/myeb_snoop/myeb_snoop.vcproj.CAMPUS.Beck.user	6e993f881e81e37d69814603fecabbf901a3bf46	vendor/wr-cores/ip_cores/etherbone-core/api/labview/visual/myeb_snoop/myeb_snoop.vcproj.CAMPUS.Beck.user	byte-identical	c3a5def48f646b53a9771ed06cc7bca2d921ac1528bab490f0eca2eccc1608b2
26e138fdc0bfc8426704b397141d563cf4d580a2	vendor/wr-cores/ip_cores/etherbone-core/api/labview/visual/myeb_write/ReadMe.txt	a379baed6cd4968b41ee49f5d19f5e0f2860947b	vendor/wr-cores/ip_cores/etherbone-core/api/labview/visual/myeb_write/ReadMe.txt	byte-identical	3056626beafd1207487261da257c1345f8a973bd53630d09c007e40d1677dcf0
26e138fdc0bfc8426704b397141d563cf4d580a2	vendor/wr-cores/ip_cores/etherbone-core/api/labview/visual/myeb_write/myeb_write.vcproj	7403551c786709a6f43c137b9a5464a552dc332d	vendor/wr-cores/ip_cores/etherbone-core/api/labview/visual/myeb_write/myeb_write.vcproj	byte-identical	16658b80f5310ebb342bf7a881567f51af844f6b4248bf32f56d57d7e2911f41
26e138fdc0bfc8426704b397141d563cf4d580a2	vendor/wr-cores/ip_cores/etherbone-core/api/labview/visual/myeb_write/myeb_write.vcproj.CAMPUS.Beck.user	6e993f881e81e37d69814603fecabbf901a3bf46	vendor/wr-cores/ip_cores/etherbone-core/api/labview/visual/myeb_write/myeb_write.vcproj.CAMPUS.Beck.user	byte-identical	c3a5def48f646b53a9771ed06cc7bca2d921ac1528bab490f0eca2eccc1608b2
26e138fdc0bfc8426704b397141d563cf4d580a2	vendor/wr-cores/ip_cores/etherbone-core/api/memory/array.c	2e30f2661974c3aa6e9d63727a501597d10bb64e	vendor/wr-cores/ip_cores/etherbone-core/api/memory/array.c	byte-identical	08e8103842777a34e2754a697b7035ea3a6caba5c4b87d2a60c0ddce2046a17a
26e138fdc0bfc8426704b397141d563cf4d580a2	vendor/wr-cores/ip_cores/etherbone-core/api/memory/dynamic.c	042c58daafeb90b1f4d11a7e72b23370c63b2f34	vendor/wr-cores/ip_cores/etherbone-core/api/memory/dynamic.c	byte-identical	2d28ff8d3f853b6c483b1852750658131f94b4675c5a7577d404e3f988c1bbb9
26e138fdc0bfc8426704b397141d563cf4d580a2	vendor/wr-cores/ip_cores/etherbone-core/api/memory/malloc.c	5a30c6020ba5fc7d17c247c9df386ecc4fc87d3a	vendor/wr-cores/ip_cores/etherbone-core/api/memory/malloc.c	byte-identical	21c6b2c4a76a7e37b4a37d38290a19ebf87454a2d0ed8c89372180d57ce23f4e
26e138fdc0bfc8426704b397141d563cf4d580a2	vendor/wr-cores/ip_cores/etherbone-core/api/memory/static.c	729d7c8f7941b774446d2b1474858071c1f4bb47	vendor/wr-cores/ip_cores/etherbone-core/api/memory/static.c	byte-identical	c8b059ccc61eb247c794eb027304630162ac6f14a865299bfc7e6d85849e7bdc
26e138fdc0bfc8426704b397141d563cf4d580a2	vendor/wr-cores/ip_cores/etherbone-core/api/test/.gitignore	28f9b520b38c82cb3312759779725ef2c4a2704d	vendor/wr-cores/ip_cores/etherbone-core/api/test/.gitignore	byte-identical	353008eb696e2af64ce5a3af23d5f55bfb1385d712a84c779a4767edee10e3d7
26e138fdc0bfc8426704b397141d563cf4d580a2	vendor/wr-cores/ip_cores/etherbone-core/api/test/etherbonetest.cpp	cf137842280d25eee57d785acdcab50499d3eedc	vendor/wr-cores/ip_cores/etherbone-core/api/test/etherbonetest.cpp	byte-identical	6fda2cb7ff9419b1b8fbf553c5ebe4e15a7e171fa5c295bb34ec692ffc4fe947
26e138fdc0bfc8426704b397141d563cf4d580a2	vendor/wr-cores/ip_cores/etherbone-core/api/test/loopback.cpp	e0133bb4956fadc281edaf7600a1122fbb683015	vendor/wr-cores/ip_cores/etherbone-core/api/test/loopback.cpp	byte-identical	3f55a5a668c0074f57a26ca9d9005f98e1bce1929c410a44435fd0fec2b5c87c
26e138fdc0bfc8426704b397141d563cf4d580a2	vendor/wr-cores/ip_cores/etherbone-core/api/test/sizes.c	22f593da9833f3c0307d8e408975b44dd6d1ca41	vendor/wr-cores/ip_cores/etherbone-core/api/test/sizes.c	byte-identical	450cb6782ea58fbbe91fd06dbf2df6f9523663d3400a9cad88b8aaf4e16d9ea2
26e138fdc0bfc8426704b397141d563cf4d580a2	vendor/wr-cores/ip_cores/etherbone-core/api/tools/.gitignore	22fddcf902d6e7a7dfb131ce794d9b75a5b4dcf9	vendor/wr-cores/ip_cores/etherbone-core/api/tools/.gitignore	byte-identical	f9f0acae2cea47005cc09eee965611adfef9bc1709d691a094c62ca5da4a60d0
26e138fdc0bfc8426704b397141d563cf4d580a2	vendor/wr-cores/ip_cores/etherbone-core/api/tools/eb-discover.c	04d1f5362724818fd401bd357487cadfe1317d68	vendor/wr-cores/ip_cores/etherbone-core/api/tools/eb-discover.c	byte-identical	0cedf9ad9993e5dfd5f69db097cbf2badcce8e373ce51dc9199f3bd3ec73d91e
26e138fdc0bfc8426704b397141d563cf4d580a2	vendor/wr-cores/ip_cores/etherbone-core/api/tools/eb-find.c	dcb59c43aeaec8631a8050967dfb80466a9f4790	vendor/wr-cores/ip_cores/etherbone-core/api/tools/eb-find.c	byte-identical	a7b98400a7b5fd5ba90aeb762259446299651513a2d870b8ad1cc2ddca0482bc
26e138fdc0bfc8426704b397141d563cf4d580a2	vendor/wr-cores/ip_cores/etherbone-core/api/tools/eb-get.c	2a0d6030b31df3aa2267f56ad0ee011f1eb6a24e	vendor/wr-cores/ip_cores/etherbone-core/api/tools/eb-get.c	byte-identical	3e2962623c2b7ae8e556fd581728965db52e175e2b48b983fa6a68428463c137
26e138fdc0bfc8426704b397141d563cf4d580a2	vendor/wr-cores/ip_cores/etherbone-core/api/tools/eb-ls.c	bb5d06b138ba0246c677c42537a879fa40bffff3	vendor/wr-cores/ip_cores/etherbone-core/api/tools/eb-ls.c	byte-identical	3a46c5934f2cce80ef3f7e34ad376a0b42dc93e55bc2ad38a9bc7e9179ea1377
26e138fdc0bfc8426704b397141d563cf4d580a2	vendor/wr-cores/ip_cores/etherbone-core/api/tools/eb-put.c	ec3229c2eeed1d87f752a309cfa4497ac18194bf	vendor/wr-cores/ip_cores/etherbone-core/api/tools/eb-put.c	byte-identical	f6694ef1673b1b645e0814adf77f7a0d235aaaf5f4df70fb32943b0e9859e1bc
26e138fdc0bfc8426704b397141d563cf4d580a2	vendor/wr-cores/ip_cores/etherbone-core/api/tools/eb-read.c	7d08cb8078af9336f9452e3f5293a74179f62994	vendor/wr-cores/ip_cores/etherbone-core/api/tools/eb-read.c	byte-identical	f5b4ec52817ee9fe36581a8fa2de205958670e454f6835c55e6e412d518f925f
26e138fdc0bfc8426704b397141d563cf4d580a2	vendor/wr-cores/ip_cores/etherbone-core/api/tools/eb-snoop.c	23c80f5cab56b9c436a509deb662e9fb6f57a462	vendor/wr-cores/ip_cores/etherbone-core/api/tools/eb-snoop.c	byte-identical	70b1be7917855557fddb5ba4e542a87f0c31259c8265773b8c4b585cf5ce1173
26e138fdc0bfc8426704b397141d563cf4d580a2	vendor/wr-cores/ip_cores/etherbone-core/api/tools/eb-tunnel.c	919b70c77739b4c86059477fcf76c8dea599da41	vendor/wr-cores/ip_cores/etherbone-core/api/tools/eb-tunnel.c	byte-identical	5e3a15919a51b4d4718c6d208fd07d2fbc30f4f81eceda3733a2aa76297527f0
26e138fdc0bfc8426704b397141d563cf4d580a2	vendor/wr-cores/ip_cores/etherbone-core/api/tools/eb-write.c	a2858513d064906da6364db499272e0dae9ec512	vendor/wr-cores/ip_cores/etherbone-core/api/tools/eb-write.c	byte-identical	9d6d072efd792c317025e8a17da6e1797ad5a149a355b410deb03894f917d955
26e138fdc0bfc8426704b397141d563cf4d580a2	vendor/wr-cores/ip_cores/etherbone-core/api/transport/dev.c	a92e0f6282e59326edf0cf03ef0fd6ffa7c219ea	vendor/wr-cores/ip_cores/etherbone-core/api/transport/dev.c	byte-identical	462a4cb425205b51f71dcbe0de65d57bc641c6fb5375ec83f86c0b706fec3664
26e138fdc0bfc8426704b397141d563cf4d580a2	vendor/wr-cores/ip_cores/etherbone-core/api/transport/lm32.c	84c69f6726b160e6ab9f414842a562c9a2379ad3	vendor/wr-cores/ip_cores/etherbone-core/api/transport/lm32.c	byte-identical	dd2388d8309c3abff89cbe9805935a447c098398b9096ad5010af96a9d8b0d10
26e138fdc0bfc8426704b397141d563cf4d580a2	vendor/wr-cores/ip_cores/etherbone-core/api/transport/posix-ip.c	8ba17465cf4480fa41a69d84f995bc384386c3b9	vendor/wr-cores/ip_cores/etherbone-core/api/transport/posix-ip.c	byte-identical	fc19401558d4a86a02b9253a61f37a75a288be3ab7fa27464fe8b9c4863348d0
26e138fdc0bfc8426704b397141d563cf4d580a2	vendor/wr-cores/ip_cores/etherbone-core/api/transport/posix-tcp.c	b9af232de0012c2ef5acfc4df545a58d0fa67a0b	vendor/wr-cores/ip_cores/etherbone-core/api/transport/posix-tcp.c	byte-identical	3162081cdb31cd8eed3066fe5da83b90524c996fd79ea5860fc552cb2c53c95c
26e138fdc0bfc8426704b397141d563cf4d580a2	vendor/wr-cores/ip_cores/etherbone-core/api/transport/posix-udp.c	bc7d1193ad532a0867ae04d77edc7531736952a5	vendor/wr-cores/ip_cores/etherbone-core/api/transport/posix-udp.c	byte-identical	0a5fe6c15226f98f65dde3cc8f5c380560611b602e758e4a0fe65b003f99fc36
26e138fdc0bfc8426704b397141d563cf4d580a2	vendor/wr-cores/ip_cores/etherbone-core/api/transport/run.c	cb686e501e69c3a666701013d4e38ee16fb03b21	vendor/wr-cores/ip_cores/etherbone-core/api/transport/run.c	byte-identical	56174139fa9d45041e5431f7024b50ed28563ea6e17b8964ac4810ca38ac9d66
26e138fdc0bfc8426704b397141d563cf4d580a2	vendor/wr-cores/ip_cores/etherbone-core/api/transport/transports.c	c706ecb7360b0e9bf0b483aff091f56a801acb89	vendor/wr-cores/ip_cores/etherbone-core/api/transport/transports.c	byte-identical	7b88a4092eec15138929a5c8376046330bc0017669b5f798c6d766d5c69e26b5
26e138fdc0bfc8426704b397141d563cf4d580a2	vendor/wr-cores/ip_cores/etherbone-core/api/transport/tunnel.c	f5e1abc522205495efa7b16b91828b845c58fd31	vendor/wr-cores/ip_cores/etherbone-core/api/transport/tunnel.c	byte-identical	8c60b0f674f1d4b084b4548964556896f92d734e5e296b03830e15a4bb402a64
26e138fdc0bfc8426704b397141d563cf4d580a2	vendor/wr-cores/ip_cores/etherbone-core/hdl/eb_master_core/Manifest.py	5e44ede7fe082f5ff650eb3d3289ac071058a3b7	vendor/wr-cores/ip_cores/etherbone-core/hdl/eb_master_core/Manifest.py	byte-identical	a6643204d9d3f9b8b70948c25c6b899cf4ced4c3bd58461893840e1362b3f35f
26e138fdc0bfc8426704b397141d563cf4d580a2	vendor/wr-cores/ip_cores/etherbone-core/hdl/eb_master_core/eb_commit_len_fifo.vhd	aba9b9329e1f11081944243580d6a7d748d5392e	vendor/wr-cores/ip_cores/etherbone-core/hdl/eb_master_core/eb_commit_len_fifo.vhd	byte-identical	c1f42cd14cc7da78e0b17cd07f6f45b9144280799a76631aeca0f70f7f54d350
26e138fdc0bfc8426704b397141d563cf4d580a2	vendor/wr-cores/ip_cores/etherbone-core/hdl/eb_master_core/eb_framer.vhd	cb7473155b6660319a8803e28545b63d521a69f6	vendor/wr-cores/ip_cores/etherbone-core/hdl/eb_master_core/eb_framer.vhd	byte-identical	7e4d77372fb4bff77ae24160954f57831b828076eff516c5a1bb7f48acd58a3a
26e138fdc0bfc8426704b397141d563cf4d580a2	vendor/wr-cores/ip_cores/etherbone-core/hdl/eb_master_core/eb_master_eth_tx.vhd	450b706bf2a2263a829c6f957a7aca7febdc3aac	vendor/wr-cores/ip_cores/etherbone-core/hdl/eb_master_core/eb_master_eth_tx.vhd	byte-identical	ce726676d30326a18ef92fa6ab786771a809813961d452aa6b86036d3aa38469
26e138fdc0bfc8426704b397141d563cf4d580a2	vendor/wr-cores/ip_cores/etherbone-core/hdl/eb_master_core/eb_master_slave_wrapper.vhd	a088ea8798fb26db4c05960bf9ded5448dc4b3c8	vendor/wr-cores/ip_cores/etherbone-core/hdl/eb_master_core/eb_master_slave_wrapper.vhd	byte-identical	bfb87869e0a789ce70b3fce6bcb1da587ce8e2e56a5c1f377ca2be464757126e
26e138fdc0bfc8426704b397141d563cf4d580a2	vendor/wr-cores/ip_cores/etherbone-core/hdl/eb_master_core/eb_master_tb.vhd	171429746c98beff1a01b4c573131db37e5193b1	vendor/wr-cores/ip_cores/etherbone-core/hdl/eb_master_core/eb_master_tb.vhd	byte-identical	5356d313f9083002fdbb264239b2e40e36f054481053a3a7d5bcd2a6fcdd6a9c
26e138fdc0bfc8426704b397141d563cf4d580a2	vendor/wr-cores/ip_cores/etherbone-core/hdl/eb_master_core/eb_master_top.vhd	0915f4a5f83c63dc93044967ac57f2d267f8ed2f	vendor/wr-cores/ip_cores/etherbone-core/hdl/eb_master_core/eb_master_top.vhd	byte-identical	cb1bd8bd0862b538646d99fecf0fb1a9debc5293e8c33db213fb79fd700855af
26e138fdc0bfc8426704b397141d563cf4d580a2	vendor/wr-cores/ip_cores/etherbone-core/hdl/eb_master_core/eb_master_wb_if.vhd	d588827cd21b4bf90f3b8df68b0254c80707f5fa	vendor/wr-cores/ip_cores/etherbone-core/hdl/eb_master_core/eb_master_wb_if.vhd	byte-identical	07c055d60b23b51ab910830cc58cf676997f535b3e96dd0034059abaf1607d96
26e138fdc0bfc8426704b397141d563cf4d580a2	vendor/wr-cores/ip_cores/etherbone-core/hdl/eb_master_core/eb_record_gen.vhd	7ad7f351716e9628d27b4721a067fbf707874dda	vendor/wr-cores/ip_cores/etherbone-core/hdl/eb_master_core/eb_record_gen.vhd	byte-identical	0c5529e0017acad7b893e712e293d52d4b57ebf0902f68987c7d3b504295a683
26e138fdc0bfc8426704b397141d563cf4d580a2	vendor/wr-cores/ip_cores/etherbone-core/hdl/eb_master_core/ebm-chk.sh	706b7efd34cb67c252f83a2e798e92cb74dd8239	vendor/wr-cores/ip_cores/etherbone-core/hdl/eb_master_core/ebm-chk.sh	byte-identical	1fbad5d2b2f67c8667744eed4c8afb71067055f402b1c147ba37f36b60e624df
26e138fdc0bfc8426704b397141d563cf4d580a2	vendor/wr-cores/ip_cores/etherbone-core/hdl/eb_master_core/ebm-test.sh	e37c25ef447f1a2b3fa40d8ea88a0cb38bedb330	vendor/wr-cores/ip_cores/etherbone-core/hdl/eb_master_core/ebm-test.sh	byte-identical	70a1cc32228c19fc6fc7ddc3cbb71f85d02a0db05f01905d951cb201c402e116
26e138fdc0bfc8426704b397141d563cf4d580a2	vendor/wr-cores/ip_cores/etherbone-core/hdl/eb_master_core/ebmdemo/linker.ld	4ecf5472ba31050f3f1a3921cd8522c0867bd216	vendor/wr-cores/ip_cores/etherbone-core/hdl/eb_master_core/ebmdemo/linker.ld	byte-identical	0541acab0aaa5edc2a66a73c0975e612fe70a0f1f2b1de837f0532b576b0057d
26e138fdc0bfc8426704b397141d563cf4d580a2	vendor/wr-cores/ip_cores/etherbone-core/hdl/eb_master_core/ebmdemo/main.c	9c33590a8c30d4e28873745d0fcd33bed3457317	vendor/wr-cores/ip_cores/etherbone-core/hdl/eb_master_core/ebmdemo/main.c	byte-identical	5c6397f882cd286e67aef0063a2e3673bb1cef2099e116b07fba81039842fc06
26e138fdc0bfc8426704b397141d563cf4d580a2	vendor/wr-cores/ip_cores/etherbone-core/hdl/eb_master_core/ebt.sh	4da8eff41fc9831b623fba16baeb31961f607fcc	vendor/wr-cores/ip_cores/etherbone-core/hdl/eb_master_core/ebt.sh	byte-identical	7a1a2401ed194bf456f026a1734e57b616e9d4764c51dce5be492e8debf9fff0
26e138fdc0bfc8426704b397141d563cf4d580a2	vendor/wr-cores/ip_cores/etherbone-core/hdl/eb_slave_core/Manifest.py	8400e2cfbd0251d905b86ea223fbd66fc85bdc1e	vendor/wr-cores/ip_cores/etherbone-core/hdl/eb_slave_core/Manifest.py	byte-identical	012af0689a89adcf8e54ece3d327d21279497c1e84b4f9712a9403cdb93adff6
26e138fdc0bfc8426704b397141d563cf4d580a2	vendor/wr-cores/ip_cores/etherbone-core/hdl/eb_slave_core/eb_cfg_fifo.vhd	94e989da88a54cf4e2563c62962adebe26983fa1	vendor/wr-cores/ip_cores/etherbone-core/hdl/eb_slave_core/eb_cfg_fifo.vhd	byte-identical	faeb7a6dbc3eb1d77566cd171aa2fbc8f93f415f81d2d8096859c0ae05c69b5d
26e138fdc0bfc8426704b397141d563cf4d580a2	vendor/wr-cores/ip_cores/etherbone-core/hdl/eb_slave_core/eb_checksum.vhd	6eb2c9df2fb8e12ce1e115d24c674a48036707ec	vendor/wr-cores/ip_cores/etherbone-core/hdl/eb_slave_core/eb_checksum.vhd	byte-identical	cf82fc4e9b046793b3b69cbfa9aeb4e3718e347f2d1f9a6ac787c36d44c81032
26e138fdc0bfc8426704b397141d563cf4d580a2	vendor/wr-cores/ip_cores/etherbone-core/hdl/eb_slave_core/eb_commit_fifo.vhd	24bab963db886e87dd44fd781f9528aa6a20a7c0	vendor/wr-cores/ip_cores/etherbone-core/hdl/eb_slave_core/eb_commit_fifo.vhd	byte-identical	1dbe6d5fead85f056dc6f4fb49fde9760d6fde06927ed8e498e6d8ffe7911eb6
26e138fdc0bfc8426704b397141d563cf4d580a2	vendor/wr-cores/ip_cores/etherbone-core/hdl/eb_slave_core/eb_eth_rx.vhd	e4e60e3dd53285810c17bb61018a2ad9c0129584	vendor/wr-cores/ip_cores/etherbone-core/hdl/eb_slave_core/eb_eth_rx.vhd	byte-identical	cfe7af319d1e24d48f80a151335bc9678725698ea3a9504f915dc50b76406b34
26e138fdc0bfc8426704b397141d563cf4d580a2	vendor/wr-cores/ip_cores/etherbone-core/hdl/eb_slave_core/eb_eth_tx.vhd	2400d356afcd11ddddf1bd234cc5b57e55b71e37	vendor/wr-cores/ip_cores/etherbone-core/hdl/eb_slave_core/eb_eth_tx.vhd	byte-identical	33698253808fa6421883784fc9909bbbb33656ec512f1e169c2d22d236a80b93
26e138fdc0bfc8426704b397141d563cf4d580a2	vendor/wr-cores/ip_cores/etherbone-core/hdl/eb_slave_core/eb_ethernet_slave.vhd	304333085116c1a49bfc0a750b680dacc5a17352	vendor/wr-cores/ip_cores/etherbone-core/hdl/eb_slave_core/eb_ethernet_slave.vhd	byte-identical	b3c3cd3327961662b9afe41400c314ffbd2379403795ebb64c01e4fbb78f0c94
26e138fdc0bfc8426704b397141d563cf4d580a2	vendor/wr-cores/ip_cores/etherbone-core/hdl/eb_slave_core/eb_fifo.vhd	22ac213644fe94f2e7249a421bd5c07b3860da27	vendor/wr-cores/ip_cores/etherbone-core/hdl/eb_slave_core/eb_fifo.vhd	byte-identical	ba65220cf2d408388f4ace1c057bf8d2b658db8c186556b8c4fb676cc7e099f5
26e138fdc0bfc8426704b397141d563cf4d580a2	vendor/wr-cores/ip_cores/etherbone-core/hdl/eb_slave_core/eb_hdr_pkg.vhd	c7d40aa075f431911c330122237c9f11c99a52af	vendor/wr-cores/ip_cores/etherbone-core/hdl/eb_slave_core/eb_hdr_pkg.vhd	byte-identical	e6e5de702e23d5b7482e7bbf0bc6edee33602cf4fb07a1742936168b4487776b
26e138fdc0bfc8426704b397141d563cf4d580a2	vendor/wr-cores/ip_cores/etherbone-core/hdl/eb_slave_core/eb_internals_pkg.vhd	27fc5a893f45f722b7a897e976e8855bbaef0aa4	vendor/wr-cores/ip_cores/etherbone-core/hdl/eb_slave_core/eb_internals_pkg.vhd	byte-identical	e7301e84426ceca5fbd1e2583f63f8a17f5f491f882f837d4c72408fdb1e0220
26e138fdc0bfc8426704b397141d563cf4d580a2	vendor/wr-cores/ip_cores/etherbone-core/hdl/eb_slave_core/eb_pass_fifo.vhd	df04798ffb1a004934e994f4c93ea0924104f14f	vendor/wr-cores/ip_cores/etherbone-core/hdl/eb_slave_core/eb_pass_fifo.vhd	byte-identical	ede62c4197133fca18cdc6a18cf8e7fe7523da25e83efc606df3d9f7fb96a386
26e138fdc0bfc8426704b397141d563cf4d580a2	vendor/wr-cores/ip_cores/etherbone-core/hdl/eb_slave_core/eb_raw_slave.vhd	987c3ab7e6b9e1803efb9953bd06688ee9440775	vendor/wr-cores/ip_cores/etherbone-core/hdl/eb_slave_core/eb_raw_slave.vhd	byte-identical	fe0e6acc0ae12c699c535acc8ca8f39ea11e182a93812dde86f8c928fb6b1405
26e138fdc0bfc8426704b397141d563cf4d580a2	vendor/wr-cores/ip_cores/etherbone-core/hdl/eb_slave_core/eb_slave_core.vhd	3c9f7751e8be665b8015f891d5825efaae29a8e3	vendor/wr-cores/ip_cores/etherbone-core/hdl/eb_slave_core/eb_slave_core.vhd	byte-identical	d2ff33072896957ae1bf78d4dbc2caa0febb93cf1c576152af63b434a7533ac0
26e138fdc0bfc8426704b397141d563cf4d580a2	vendor/wr-cores/ip_cores/etherbone-core/hdl/eb_slave_core/eb_slave_fsm.vhd	9eb991a7c70b1b2b9d2d3f72fa0dc7d88ea5706c	vendor/wr-cores/ip_cores/etherbone-core/hdl/eb_slave_core/eb_slave_fsm.vhd	byte-identical	354bda4436ce3d44b57e4a5e6e3c0cd118bc6f469f465b0388c233075843ac07
26e138fdc0bfc8426704b397141d563cf4d580a2	vendor/wr-cores/ip_cores/etherbone-core/hdl/eb_slave_core/eb_slave_top.vhd	80c7e97a14bfb5e4135234a3e2e9e55083603bc7	vendor/wr-cores/ip_cores/etherbone-core/hdl/eb_slave_core/eb_slave_top.vhd	byte-identical	0d6bcbf8e2d08a3fc2e269b6746f9e03ae9bc2a3bf6a08b3054633e85d0b3d22
26e138fdc0bfc8426704b397141d563cf4d580a2	vendor/wr-cores/ip_cores/etherbone-core/hdl/eb_slave_core/eb_stream_narrow.vhd	268c13ed17844386cb5414ae8ba354ed8299455b	vendor/wr-cores/ip_cores/etherbone-core/hdl/eb_slave_core/eb_stream_narrow.vhd	byte-identical	84c5740151712a03595415d395aef7bb7a350543ce167d4f6c373fb14c29ace6
26e138fdc0bfc8426704b397141d563cf4d580a2	vendor/wr-cores/ip_cores/etherbone-core/hdl/eb_slave_core/eb_stream_widen.vhd	049646600be39211ba5c41ea1fcfcfa7f24795a1	vendor/wr-cores/ip_cores/etherbone-core/hdl/eb_slave_core/eb_stream_widen.vhd	byte-identical	04fbba63788654a5376bc7015959ba609b1f84468ab7cb847a20ea17d905d7ff
26e138fdc0bfc8426704b397141d563cf4d580a2	vendor/wr-cores/ip_cores/etherbone-core/hdl/eb_slave_core/eb_tag_fifo.vhd	015e32bb00a61b7d11ce081acab1ce865497a45b	vendor/wr-cores/ip_cores/etherbone-core/hdl/eb_slave_core/eb_tag_fifo.vhd	byte-identical	b8372bd7d89f84c56a15c132be67fc2d3b1bb9eb099566985d3664740a7f598d
26e138fdc0bfc8426704b397141d563cf4d580a2	vendor/wr-cores/ip_cores/etherbone-core/hdl/eb_slave_core/eb_tx_mux.vhd	2c2c4c345c7248bd54715032d3420fe4d0d792cb	vendor/wr-cores/ip_cores/etherbone-core/hdl/eb_slave_core/eb_tx_mux.vhd	byte-identical	65701507684a8d238aebcc9cc67026152176def1b08e9d40ef95743743607844
26e138fdc0bfc8426704b397141d563cf4d580a2	vendor/wr-cores/ip_cores/etherbone-core/hdl/eb_slave_core/eb_wbm_fifo.vhd	245863e42239666e2e1b49596f1b898da90af865	vendor/wr-cores/ip_cores/etherbone-core/hdl/eb_slave_core/eb_wbm_fifo.vhd	byte-identical	9fe530a892a90218a00da949a6e001f98060337ea0a1ef9b0cec73a8a2708a13
26e138fdc0bfc8426704b397141d563cf4d580a2	vendor/wr-cores/ip_cores/etherbone-core/hdl/eb_slave_core/etherbone_pkg.vhd	394b1e878ac4b3322f3a909e354df5ab9fc74534	vendor/wr-cores/ip_cores/etherbone-core/hdl/eb_slave_core/etherbone_pkg.vhd	byte-identical	e89559bc23fba7a5a84475e2731c1511ebe35577fc491980b879318e645bd365
26e138fdc0bfc8426704b397141d563cf4d580a2	vendor/wr-cores/ip_cores/etherbone-core/hdl/eb_usb_core/.gitignore	b6bad31e0db3b01d28ccc92c9c461f465e9a4b42	vendor/wr-cores/ip_cores/etherbone-core/hdl/eb_usb_core/.gitignore	byte-identical	4af8dfc0172017c3ec1002d176dc3b36432401b47eb9871022f443a82fb38c56
26e138fdc0bfc8426704b397141d563cf4d580a2	vendor/wr-cores/ip_cores/etherbone-core/hdl/eb_usb_core/Manifest.py	3140d0c2843afb76f770685ba7f6ad9b754f28d0	vendor/wr-cores/ip_cores/etherbone-core/hdl/eb_usb_core/Manifest.py	byte-identical	bdf6608d82b08b25bc90a1f113fa890d498b1a4058ac0cbe067f7a7572164221
26e138fdc0bfc8426704b397141d563cf4d580a2	vendor/wr-cores/ip_cores/etherbone-core/hdl/eb_usb_core/cdc_acm.c	92ebe32f81d3ee15cdb549375be7b1d7ac4cc4ba	vendor/wr-cores/ip_cores/etherbone-core/hdl/eb_usb_core/cdc_acm.c	byte-identical	611dba77d6a4ae5ee4c5f4fdacced05783e31ac52ebd2942b91d1ae37560c06b
26e138fdc0bfc8426704b397141d563cf4d580a2	vendor/wr-cores/ip_cores/etherbone-core/hdl/eb_usb_core/erase_eeprom.c	86a49ef755901228c13d7f91179aa87dfb97631d	vendor/wr-cores/ip_cores/etherbone-core/hdl/eb_usb_core/erase_eeprom.c	byte-identical	f1b4d3eb380fb7f773057bb5d7d4dc898f646204fe2fc14513af7dbc56ff2259
26e138fdc0bfc8426704b397141d563cf4d580a2	vendor/wr-cores/ip_cores/etherbone-core/hdl/eb_usb_core/ez_usb.vhd	6d8f1524c36ab0f4e0815dd2e9c259088c8118af	vendor/wr-cores/ip_cores/etherbone-core/hdl/eb_usb_core/ez_usb.vhd	byte-identical	075fc5d7a2c51b8fead7b6401525ea66b823f9a3aedcf45f2c205ede70cb8ab4
26e138fdc0bfc8426704b397141d563cf4d580a2	vendor/wr-cores/ip_cores/etherbone-core/hdl/eb_usb_core/ez_usb_fifos.vhd	28622955619a08b30f40cd045f569dc9194f1a8b	vendor/wr-cores/ip_cores/etherbone-core/hdl/eb_usb_core/ez_usb_fifos.vhd	byte-identical	0ab34342d2a3dff4d0eda84ef050d51a19c5dc75bc82baf5a93a8898cf32acf7
26e138fdc0bfc8426704b397141d563cf4d580a2	vendor/wr-cores/ip_cores/etherbone-core/hdl/eb_usb_core/ez_usb_pkg.vhd	bd69de6c2717180396137e21c894f98fc0c63d0b	vendor/wr-cores/ip_cores/etherbone-core/hdl/eb_usb_core/ez_usb_pkg.vhd	byte-identical	ba8939869a4203082ef43878dd87517082672fc0ae9fbd39bec62b4db72256f8
26e138fdc0bfc8426704b397141d563cf4d580a2	vendor/wr-cores/ip_cores/etherbone-core/hdl/eb_usb_core/flash-fx2lp.sh	174b52280bd525eb0187bb8dffb9cf6ea207eda9	vendor/wr-cores/ip_cores/etherbone-core/hdl/eb_usb_core/flash-fx2lp.sh	byte-identical	9dc2ee7f5125a1c153dce3aae82a2bbc26908ed368a26f213f0569773023855c
26e138fdc0bfc8426704b397141d563cf4d580a2	vendor/wr-cores/ip_cores/etherbone-core/hdl/eb_usb_core/vend_ax.hex	d4901e6f737a83a8b134f227dd85ca2212d1e59f	vendor/wr-cores/ip_cores/etherbone-core/hdl/eb_usb_core/vend_ax.hex	byte-identical	0e4e5da410b51eb7a111cb8d3627fac02eada997916fefc9ea56f4fc9a673dd9
26e138fdc0bfc8426704b397141d563cf4d580a2	vendor/wr-cores/ip_cores/etherbone-core/scripts/eb-init.sh	4b2495d256a1221d0cda6ee52bd9e99f1a028a42	vendor/wr-cores/ip_cores/etherbone-core/scripts/eb-init.sh	byte-identical	a5f207d5588873269a6e255db006951e596c5eefca0a1c1adc35ebf26b301dd7
26e138fdc0bfc8426704b397141d563cf4d580a2	vendor/wr-cores/ip_cores/etherbone-core/scripts/eca-to-tlu.sh	ac57fce3744dcd7ff5feeb56e75aef8cf65a4b60	vendor/wr-cores/ip_cores/etherbone-core/scripts/eca-to-tlu.sh	byte-identical	cbbe06b02096d5522aecbb4b97af8d2d366fd3a662029e4f559d2ad532b6c65a
26e138fdc0bfc8426704b397141d563cf4d580a2	vendor/wr-cores/ip_cores/etherbone-core/scripts/get_tm_i_0.sh	4041d0b22b417a3e0dbc21a222a60eeee2001328	vendor/wr-cores/ip_cores/etherbone-core/scripts/get_tm_i_0.sh	byte-identical	c4d2185a1c840e54f931718e6ad8fe3cec225fdc8b68bdb6f8ff6b31b9be10ab
26e138fdc0bfc8426704b397141d563cf4d580a2	vendor/wr-cores/ip_cores/etherbone-core/scripts/get_tm_pps.sh	3733e03284aa743559310ecd50f58f1b2a0c6d42	vendor/wr-cores/ip_cores/etherbone-core/scripts/get_tm_pps.sh	byte-identical	b9ff69c0b58d30e4048cad01023025b60ccd0a1ae46fb79d4cf000a266e8c045
26e138fdc0bfc8426704b397141d563cf4d580a2	vendor/wr-cores/ip_cores/etherbone-core/scripts/hack-flip.sh	c05173af2844a869ca8eb61d14cf8ea1e9139a16	vendor/wr-cores/ip_cores/etherbone-core/scripts/hack-flip.sh	byte-identical	cbcdc8f6c8a265484184defd5c30af323517efc8e04730ce862004284bc18a42
26e138fdc0bfc8426704b397141d563cf4d580a2	vendor/wr-cores/ip_cores/etherbone-core/scripts/test_tmlatch.sh	cdb7653c9edd6df5a614683ffc71641c5b6c9c3b	vendor/wr-cores/ip_cores/etherbone-core/scripts/test_tmlatch.sh	byte-identical	c22cb5a1834e631d5ca390c895df93ae497d60f0c96fc7462e557838169851a8
26e138fdc0bfc8426704b397141d563cf4d580a2	vendor/wr-cores/ip_cores/etherbone-core/scripts/toggle-led.sh	25a7cb9b91bc2f6c76ff21587cd78f9b8a1cbee8	vendor/wr-cores/ip_cores/etherbone-core/scripts/toggle-led.sh	byte-identical	37467ba7050f06a747e18e8f9b8fd881024540f86b40d4e6c5caeaceef2f9ea8
26e138fdc0bfc8426704b397141d563cf4d580a2	vendor/wr-cores/ip_cores/etherbone-core/spec/etherbone.lua	78459357257e1592de83a0f3e99546e27d4def60	vendor/wr-cores/ip_cores/etherbone-core/spec/etherbone.lua	byte-identical	64b2279d848b364e6632a3b001459080b78784bef4a1e8158d126a4d9a6b653a
26e138fdc0bfc8426704b397141d563cf4d580a2	vendor/wr-cores/ip_cores/etherbone-core/spec/etherbone_internals.eps	3d4f26c3205bd4b49b0ee12ba3e93e601f235024	vendor/wr-cores/ip_cores/etherbone-core/spec/etherbone_internals.eps	byte-identical	997e818acc17a87343f306b22f56abbe9ea08823944d5831c0aa42294bf12d03
26e138fdc0bfc8426704b397141d563cf4d580a2	vendor/wr-cores/ip_cores/etherbone-core/spec/etherbone_internals.pdf	7cb7a5476ae007395b77639005d6be1fdc1cffd0	vendor/wr-cores/ip_cores/etherbone-core/spec/etherbone_internals.pdf	byte-identical	3ffee7d43d2daf936c86bfe13fd231c2683ab487964ba9598160729c7407c9d5
26e138fdc0bfc8426704b397141d563cf4d580a2	vendor/wr-cores/ip_cores/etherbone-core/spec/etherbone_internals.svg	e6a40b9d364fdbe05ee38d4da187f41fd089595f	vendor/wr-cores/ip_cores/etherbone-core/spec/etherbone_internals.svg	byte-identical	459d9233d446520b06de9e29fb4a4996135fda47e516fd23f5ae148d24dc24cc
26e138fdc0bfc8426704b397141d563cf4d580a2	vendor/wr-cores/ip_cores/etherbone-core/spec/format.tex	1f70704de083c29916419e939e32ad966212f691	vendor/wr-cores/ip_cores/etherbone-core/spec/format.tex	byte-identical	20a8323c84e7b9ceec277615dd387672fa65829a1cebc87934dc3ab6f1eb13b8
26e138fdc0bfc8426704b397141d563cf4d580a2	vendor/wr-cores/ip_cores/etherbone-core/spec/proposal.tex	e08728f3356f78476888f59f1beaabdaf5fbb272	vendor/wr-cores/ip_cores/etherbone-core/spec/proposal.tex	byte-identical	bb88336f0580fa27401cddbb8e371ddc595d9d4beb4dbde617f9411ce8024a62
26e138fdc0bfc8426704b397141d563cf4d580a2	vendor/wr-cores/ip_cores/etherbone-core/spec/software.eps	20462c3ca20b01d5ba2d2750a3c901b3c695fe89	vendor/wr-cores/ip_cores/etherbone-core/spec/software.eps	byte-identical	d09bf28e7afca61e94ffc7ffd4e72718ed5cc32d8d2069963c0067d86244a794
26e138fdc0bfc8426704b397141d563cf4d580a2	vendor/wr-cores/ip_cores/etherbone-core/spec/software.pdf	2d3b644e6455e29eb91e775d7da1ac2a08874512	vendor/wr-cores/ip_cores/etherbone-core/spec/software.pdf	byte-identical	9334c7d93565098fad34ecc45a4ff0afa7fc54039069b2c27f13cbc4c2a68060
26e138fdc0bfc8426704b397141d563cf4d580a2	vendor/wr-cores/ip_cores/etherbone-core/spec/software.svg	4918f9f3d685e3fc8779a2dc15aaa1581578cdb9	vendor/wr-cores/ip_cores/etherbone-core/spec/software.svg	byte-identical	c0e6d2dccc67d4649e4cb65cf0728638423c2db843290c57cf6e5fe9a49e0220
26e138fdc0bfc8426704b397141d563cf4d580a2	vendor/wr-cores/ip_cores/etherbone-core/spec/spec.tex	6ec2df42e62f8692a289de457b7f820f37656140	vendor/wr-cores/ip_cores/etherbone-core/spec/spec.tex	byte-identical	fce480988fe127435e05466728321046a56427aff4cd406168889417547025b0
26e138fdc0bfc8426704b397141d563cf4d580a2	vendor/wr-cores/ip_cores/etherbone-core/spec/system.eps	43eb78f1b3f203a1de5651d54ef45f71db83b0b3	vendor/wr-cores/ip_cores/etherbone-core/spec/system.eps	byte-identical	2b4fdd999447532c9ffa5d569ff649fb36878c72175d608f26951c6f74064a26
26e138fdc0bfc8426704b397141d563cf4d580a2	vendor/wr-cores/ip_cores/etherbone-core/spec/system.pdf	d5763b07287d1008ae0d9b9be2eee112af9d122a	vendor/wr-cores/ip_cores/etherbone-core/spec/system.pdf	byte-identical	369f3b1f9153086d23dcc1721ee0c77f72c588bbeea938da7f13a961ff7e55a6
26e138fdc0bfc8426704b397141d563cf4d580a2	vendor/wr-cores/ip_cores/etherbone-core/spec/system.svg	778bde2c7543d244c5ce7256954d0bb815310a65	vendor/wr-cores/ip_cores/etherbone-core/spec/system.svg	byte-identical	31563375afcda04da50d9325ac070eb88dfc19844041a7c21da50ad34cc6d7cb
26e138fdc0bfc8426704b397141d563cf4d580a2	vendor/wr-cores/ip_cores/general-cores/.gitignore	48bd26616c9374f21c121dab130c885528b254cc	vendor/wr-cores/ip_cores/general-cores/.gitignore	byte-identical	a617f6621b03024ac45b2343aafef3e8c462b574720729ba35654ba07feb18bc
26e138fdc0bfc8426704b397141d563cf4d580a2	vendor/wr-cores/ip_cores/general-cores/.gitlab-ci.yml	585c4c71c41276350e4589230a3449a845657a7b	vendor/wr-cores/ip_cores/general-cores/.gitlab-ci.yml	byte-identical	328db7a3951e200119be90e28b3bcfd5b29c205a11c39315137a55d7fd4cbc05
26e138fdc0bfc8426704b397141d563cf4d580a2	vendor/wr-cores/ip_cores/general-cores/.gitmodules	2f794f231b43b84aa80b3161dc0de32d1739b1c4	vendor/wr-cores/ip_cores/general-cores/.gitmodules	byte-identical	a981d51a8ea2ca3045c943e2213241608c235fae2ae67f203c22d7c0009abac1
26e138fdc0bfc8426704b397141d563cf4d580a2	vendor/wr-cores/ip_cores/general-cores/.koji	2ac20a9a78dca8ed4e0299a78c15c819b26f8812	vendor/wr-cores/ip_cores/general-cores/.koji	byte-identical	a8f2d3fb6cac5c77f8907fc8aad374705f6ed3233c914bfa9bba7f1d2260ac5d
26e138fdc0bfc8426704b397141d563cf4d580a2	vendor/wr-cores/ip_cores/general-cores/CHANGELOG.rst	79212d1930059808d8574a186f2de4a8b569e239	vendor/wr-cores/ip_cores/general-cores/CHANGELOG.rst	byte-identical	489cb4885eec6766cdd649f3bd6d059fd7a5c405620b143504d18cb6c5c55ede
26e138fdc0bfc8426704b397141d563cf4d580a2	vendor/wr-cores/ip_cores/general-cores/LICENSES/CC0-1.0.txt	0e259d42c996742e9e3cba14c677129b2c1b6311	vendor/wr-cores/ip_cores/general-cores/LICENSES/CC0-1.0.txt	byte-identical	a2010f343487d3f7618affe54f789f5487602331c0a8d03f49e9a7c547cf0499
26e138fdc0bfc8426704b397141d563cf4d580a2	vendor/wr-cores/ip_cores/general-cores/LICENSES/GPL-2.0.txt	d159169d1050894d3ea3b98e1c965c4058208fe1	vendor/wr-cores/ip_cores/general-cores/LICENSES/GPL-2.0.txt	byte-identical	8177f97513213526df2cf6184d8ff986c675afb514d4e68a404010521b880643
26e138fdc0bfc8426704b397141d563cf4d580a2	vendor/wr-cores/ip_cores/general-cores/Manifest.py	e396d50af849a0ea3095d4963955c012fe6917ba	vendor/wr-cores/ip_cores/general-cores/Manifest.py	byte-identical	4468316bb701e908f845fceab41a5611e3052c5ea9e705975cb879a662233394
26e138fdc0bfc8426704b397141d563cf4d580a2	vendor/wr-cores/ip_cores/general-cores/README.md	169de1dc3b2bfe2f7a645b596ce9e6ba28979f4f	vendor/wr-cores/ip_cores/general-cores/README.md	byte-identical	71b72652cde62d0eb340547fc84fd5db12858c8e8af7968281e99d203cf85c88
26e138fdc0bfc8426704b397141d563cf4d580a2	vendor/wr-cores/ip_cores/general-cores/common.mk	1dc69d4823d9401fd412c8a4b6e8f6f2d3e43b99	vendor/wr-cores/ip_cores/general-cores/common.mk	byte-identical	6db2f73821c8b06b2a81f3b8671e36796b9f7674453a389a22d3de0a2286f964
26e138fdc0bfc8426704b397141d563cf4d580a2	vendor/wr-cores/ip_cores/general-cores/distribution/.gitignore	5376fdcb2d6c606f67b08c19ede33702f2e6cbc2	vendor/wr-cores/ip_cores/general-cores/distribution/.gitignore	byte-identical	d37aba994994c8a2a1678c4f36f3a0d04b262159bc487c92bc8f77988c4d88e9
26e138fdc0bfc8426704b397141d563cf4d580a2	vendor/wr-cores/ip_cores/general-cores/distribution/general-cores.spec	59b023f6c4780867e54fbf13179a021dfce1f521	vendor/wr-cores/ip_cores/general-cores/distribution/general-cores.spec	byte-identical	131f599be3ec73338809d142a3473f1eaf8da87581150340c7abc633bbc9ffdb
26e138fdc0bfc8426704b397141d563cf4d580a2	vendor/wr-cores/ip_cores/general-cores/distribution/rpmbuild.mk	a861567c1647416eca10b595518bd8a8bee7110f	vendor/wr-cores/ip_cores/general-cores/distribution/rpmbuild.mk	byte-identical	a0000499d0ce764601f84cd11d5e26ce320d83fa2a58eac2456f112cda1d9003
26e138fdc0bfc8426704b397141d563cf4d580a2	vendor/wr-cores/ip_cores/general-cores/modules/axi/Manifest.py	8edcb735b48962ebd3664ad5fa9f3c0a6c85dbe4	vendor/wr-cores/ip_cores/general-cores/modules/axi/Manifest.py	byte-identical	e09d387e723c6de2c1684140aa8ceee96c3141220a9b60fbacd72d79182e9101
26e138fdc0bfc8426704b397141d563cf4d580a2	vendor/wr-cores/ip_cores/general-cores/modules/axi/axi4_pkg.vhd	24894d6964e5648397b9d41aa0f6ce1e21fd1848	vendor/wr-cores/ip_cores/general-cores/modules/axi/axi4_pkg.vhd	byte-identical	bf21e0147e9e65654ff878d8eb9882d51193f4b9949e73118dce0ae46dc33321
26e138fdc0bfc8426704b397141d563cf4d580a2	vendor/wr-cores/ip_cores/general-cores/modules/axi/axi4lite32_axi4full64_bridge/Manifest.py	781ab6293db03aead12ac19fcf71d0cffd40bcbd	vendor/wr-cores/ip_cores/general-cores/modules/axi/axi4lite32_axi4full64_bridge/Manifest.py	byte-identical	ca4581d10430a5bbe7268ceb9a6f4b057b7a30345ffca37a02c49eb20bbb93ba
26e138fdc0bfc8426704b397141d563cf4d580a2	vendor/wr-cores/ip_cores/general-cores/modules/axi/axi4lite32_axi4full64_bridge/axi4lite32_axi4full64_bridge.vhd	ef957fa55ac55fefc7a58f96e6ff56a1dd4634b9	vendor/wr-cores/ip_cores/general-cores/modules/axi/axi4lite32_axi4full64_bridge/axi4lite32_axi4full64_bridge.vhd	byte-identical	deed2f6eb92708cb49f3885d9058a41f8477a1b67680b33b23787f30ee193bcb
26e138fdc0bfc8426704b397141d563cf4d580a2	vendor/wr-cores/ip_cores/general-cores/modules/axi/axi4lite_axi4full_bridge/Manifest.py	085d7e0bc846c3147e01711fd7ed99ca3ac9ac3e	vendor/wr-cores/ip_cores/general-cores/modules/axi/axi4lite_axi4full_bridge/Manifest.py	byte-identical	56ddbed78143a46e39a41813e581f2752ee8dcaa6c5d8ae2f83b2699d78d1196
26e138fdc0bfc8426704b397141d563cf4d580a2	vendor/wr-cores/ip_cores/general-cores/modules/axi/axi4lite_axi4full_bridge/axi4lite_axi4full_bridge.vhd	c2c367570143b643664f794fd1f1103b6845c2c6	vendor/wr-cores/ip_cores/general-cores/modules/axi/axi4lite_axi4full_bridge/axi4lite_axi4full_bridge.vhd	byte-identical	8ad51d85f7cbe2aead3d951f2e36ac29c47978439ec2dff214705326189f63f8
26e138fdc0bfc8426704b397141d563cf4d580a2	vendor/wr-cores/ip_cores/general-cores/modules/axi/axi4lite_wb_bridge/Manifest.py	4d4726952ca8fbc8e0b9bad9136602b9ab3ab543	vendor/wr-cores/ip_cores/general-cores/modules/axi/axi4lite_wb_bridge/Manifest.py	byte-identical	6965a2bf337ab4cf7c7bf215f15844cf5eb6aeb930fe075f156c3bf4200ffbd0
26e138fdc0bfc8426704b397141d563cf4d580a2	vendor/wr-cores/ip_cores/general-cores/modules/axi/axi4lite_wb_bridge/xaxi4lite_wb_bridge.vhd	b6fcae64ca43748f2aba92c6d8276d52ec6c324f	vendor/wr-cores/ip_cores/general-cores/modules/axi/axi4lite_wb_bridge/xaxi4lite_wb_bridge.vhd	byte-identical	1ce08066fe8abb56da1f27949199a00bd77d447f70d88396caab46c774fbcc24
26e138fdc0bfc8426704b397141d563cf4d580a2	vendor/wr-cores/ip_cores/general-cores/modules/axi/z7_axi_gpio_expander/Manifest.py	1ecc689668c447d94f0a08e4c83c3825c676eb0a	vendor/wr-cores/ip_cores/general-cores/modules/axi/z7_axi_gpio_expander/Manifest.py	byte-identical	462200ebc3759e3390e4fe60629569934b92fc024f31b3585b87484b4260486f
26e138fdc0bfc8426704b397141d563cf4d580a2	vendor/wr-cores/ip_cores/general-cores/modules/axi/z7_axi_gpio_expander/axi_gpio_expander.vhd	a559e14446fb439085d9bc3402ff396844d64781	vendor/wr-cores/ip_cores/general-cores/modules/axi/z7_axi_gpio_expander/axi_gpio_expander.vhd	byte-identical	f8c27dba4addf6ddd7ea8a520bde2924ccd29955b9a5c8df9d0cdadc0166dbda
26e138fdc0bfc8426704b397141d563cf4d580a2	vendor/wr-cores/ip_cores/general-cores/modules/common/Manifest.py	56b8a764e2d8bfc3dda1f7c5e94919a7d95f58d4	vendor/wr-cores/ip_cores/general-cores/modules/common/Manifest.py	byte-identical	7380e5ae222f05b03657534a38b41eaab8e8c3906ace1b887a32a14f8100e78b
26e138fdc0bfc8426704b397141d563cf4d580a2	vendor/wr-cores/ip_cores/general-cores/modules/common/gc_arbitrated_mux.vhd	25e66bbc666c7494e59d240e3681341440f9a44f	vendor/wr-cores/ip_cores/general-cores/modules/common/gc_arbitrated_mux.vhd	byte-identical	3350eeafae60e6ef18c408d07d65c1a24a96cad6b6cd4b8f6845c6cdaa1afe9f
26e138fdc0bfc8426704b397141d563cf4d580a2	vendor/wr-cores/ip_cores/general-cores/modules/common/gc_async_counter_diff.vhd	21db3521a81b60ae0eca60b28be8a575cfafee8d	vendor/wr-cores/ip_cores/general-cores/modules/common/gc_async_counter_diff.vhd	byte-identical	ffb0718dd1e98f270e3fee2a36182bd6cd09158383c472903df4bb78fd5c635f
26e138fdc0bfc8426704b397141d563cf4d580a2	vendor/wr-cores/ip_cores/general-cores/modules/common/gc_async_signals_input_stage.vhd	e95908b30ad2271c3a8245d18e80aeae1703e5d2	vendor/wr-cores/ip_cores/general-cores/modules/common/gc_async_signals_input_stage.vhd	byte-identical	c65fdb355ce6e7d28db70179f007359bccee5c44f76bee02802aaaf1683104e8
26e138fdc0bfc8426704b397141d563cf4d580a2	vendor/wr-cores/ip_cores/general-cores/modules/common/gc_bicolor_led_ctrl.vhd	12e1872762f0139736be5fc4c9e293ae0219a896	vendor/wr-cores/ip_cores/general-cores/modules/common/gc_bicolor_led_ctrl.vhd	byte-identical	a7749086a1f4022db82fc9ef000e9950270d8864dbb1c1fe9405384e74e4bc63
26e138fdc0bfc8426704b397141d563cf4d580a2	vendor/wr-cores/ip_cores/general-cores/modules/common/gc_big_adder.vhd	5452382b861022b874323494b4499e186a669fcc	vendor/wr-cores/ip_cores/general-cores/modules/common/gc_big_adder.vhd	byte-identical	24dfe97c5b114f15d988d9aec9788161fe52d259a6e6994ac21f457c4c336e46
26e138fdc0bfc8426704b397141d563cf4d580a2	vendor/wr-cores/ip_cores/general-cores/modules/common/gc_comparator.vhd	02c541220f16046824f4e65bbec843336b259c58	vendor/wr-cores/ip_cores/general-cores/modules/common/gc_comparator.vhd	byte-identical	e77f57f6cf2145c06e5e23b15139cc829a327c3075dee4adf5d7ad216138dcd5
26e138fdc0bfc8426704b397141d563cf4d580a2	vendor/wr-cores/ip_cores/general-cores/modules/common/gc_crc_gen.vhd	e7d6b6665ea648dba6851cec0df16cd5c4a9e236	vendor/wr-cores/ip_cores/general-cores/modules/common/gc_crc_gen.vhd	byte-identical	a80d0a3573b7680414d691452b532304e33ddf2d237400fd5d7510c5d6c01bf6
26e138fdc0bfc8426704b397141d563cf4d580a2	vendor/wr-cores/ip_cores/general-cores/modules/common/gc_dec_8b10b.vhd	122a679de9fe08c7fd0871d4981a94709bbc0ea9	vendor/wr-cores/ip_cores/general-cores/modules/common/gc_dec_8b10b.vhd	byte-identical	e6f66ec2ca590c2a9ca25752e5f0fa5fba5a55aa13bc9c875e2a7edd13730c35
26e138fdc0bfc8426704b397141d563cf4d580a2	vendor/wr-cores/ip_cores/general-cores/modules/common/gc_delay_gen.vhd	5245bbbbdf166d60c94cacfcd5793d56c0966119	vendor/wr-cores/ip_cores/general-cores/modules/common/gc_delay_gen.vhd	byte-identical	1e54547df97fced3d2fe081079fc49b096db282b47fc3de9f9291c36c737b001
26e138fdc0bfc8426704b397141d563cf4d580a2	vendor/wr-cores/ip_cores/general-cores/modules/common/gc_delay_line.vhd	65f36730a7ec9c6e43f3944582c27ed65c2db2a6	vendor/wr-cores/ip_cores/general-cores/modules/common/gc_delay_line.vhd	byte-identical	55b4567e57de58a885420e2436dbaef27861ca1bcbc8523ecc075da0787a0627
26e138fdc0bfc8426704b397141d563cf4d580a2	vendor/wr-cores/ip_cores/general-cores/modules/common/gc_ds182x_interface.vhd	d851d1929000f7d7a2c37fae481407f739474b19	vendor/wr-cores/ip_cores/general-cores/modules/common/gc_ds182x_interface.vhd	byte-identical	97b592c2252c330596dc078e1559c828a319f2424f659468e5a9fb86192ffb29
26e138fdc0bfc8426704b397141d563cf4d580a2	vendor/wr-cores/ip_cores/general-cores/modules/common/gc_ds182x_readout/README.md	09ea1997d9fe58a9b42203c689a5c649f3ca6636	vendor/wr-cores/ip_cores/general-cores/modules/common/gc_ds182x_readout/README.md	byte-identical	44fa0e594ae4fd28f31ff9cd7e2e92dcff5729498bf1ae259e1c99fbad95bc0e
26e138fdc0bfc8426704b397141d563cf4d580a2	vendor/wr-cores/ip_cores/general-cores/modules/common/gc_ds182x_readout/gc_ds182x_readout.vhd	0ab5a089d2c316eeca419f9b206580ea277e67ce	vendor/wr-cores/ip_cores/general-cores/modules/common/gc_ds182x_readout/gc_ds182x_readout.vhd	byte-identical	2a6e19addf6a7bce8ccc7204f87374f043006ab412aaa70719df731c71d5972b
26e138fdc0bfc8426704b397141d563cf4d580a2	vendor/wr-cores/ip_cores/general-cores/modules/common/gc_dual_pi_controller.vhd	e1ccd60bf020430daf0b795feb5f47210819bdc8	vendor/wr-cores/ip_cores/general-cores/modules/common/gc_dual_pi_controller.vhd	byte-identical	56f22333c95f4a64f3c7fd63c99f7fde0517cffc4bdf9db3d15fce84614aea06
26e138fdc0bfc8426704b397141d563cf4d580a2	vendor/wr-cores/ip_cores/general-cores/modules/common/gc_dyn_extend_pulse.vhd	e19703d66e967ac905f467183caf75046471858f	vendor/wr-cores/ip_cores/general-cores/modules/common/gc_dyn_extend_pulse.vhd	byte-identical	a4dd2154df1acde02e5fffe9122b97cfb8cc7c43edd516f6cc30fbd57194d3b8
26e138fdc0bfc8426704b397141d563cf4d580a2	vendor/wr-cores/ip_cores/general-cores/modules/common/gc_dyn_glitch_filt.vhd	218e1091f2a2e6e9995beee3b21cd283c2cdefec	vendor/wr-cores/ip_cores/general-cores/modules/common/gc_dyn_glitch_filt.vhd	byte-identical	bb5c4a308e9d6a3c8d365e7bd729a7f19d025320a9625206003adbadc8dd7a1f
26e138fdc0bfc8426704b397141d563cf4d580a2	vendor/wr-cores/ip_cores/general-cores/modules/common/gc_edge_detect.vhd	1f595b716cecb98d1143c78cc4bf5cfd9ce6982c	vendor/wr-cores/ip_cores/general-cores/modules/common/gc_edge_detect.vhd	byte-identical	a30ac3733dfd9cde3a04f934bc4a91baa8370f9bc621ac26fd56f59ae63f118d
26e138fdc0bfc8426704b397141d563cf4d580a2	vendor/wr-cores/ip_cores/general-cores/modules/common/gc_enc_8b10b.vhd	361a70ced4e6e8525fae9772f1e717bc6381b377	vendor/wr-cores/ip_cores/general-cores/modules/common/gc_enc_8b10b.vhd	byte-identical	9fffe81b5fc7b25461013137e2c48aec9faea66842336e6709f65b8ed67dd90c
26e138fdc0bfc8426704b397141d563cf4d580a2	vendor/wr-cores/ip_cores/general-cores/modules/common/gc_extend_pulse.vhd	fd895284ce29d57498d1aebeeb7bad9642c27361	vendor/wr-cores/ip_cores/general-cores/modules/common/gc_extend_pulse.vhd	byte-identical	2b581b37b743d1befbc79a848f8c5f912b72b262ce4633e0bf53434f5ef1ac4d
26e138fdc0bfc8426704b397141d563cf4d580a2	vendor/wr-cores/ip_cores/general-cores/modules/common/gc_frequency_meter.vhd	293b07027faf5b76c9bfd955806d110ca6891b98	vendor/wr-cores/ip_cores/general-cores/modules/common/gc_frequency_meter.vhd	byte-identical	48b54f8624dcc052223891a8690d4d5f076f21cc699bb29224a5023a46c6de7f
26e138fdc0bfc8426704b397141d563cf4d580a2	vendor/wr-cores/ip_cores/general-cores/modules/common/gc_fsm_watchdog.vhd	7a0f0cda4de342d840d06dd41ea75393f3557e5e	vendor/wr-cores/ip_cores/general-cores/modules/common/gc_fsm_watchdog.vhd	byte-identical	1483193974d7fb5e57785747c2b5c999066baad76eaa3d398233f856ed19d4bb
26e138fdc0bfc8426704b397141d563cf4d580a2	vendor/wr-cores/ip_cores/general-cores/modules/common/gc_glitch_filt.vhd	97107c19ddf6b51e7d421d7cdab0ab4754ca6efe	vendor/wr-cores/ip_cores/general-cores/modules/common/gc_glitch_filt.vhd	byte-identical	6edf0d0f68239f63e9b5ff672bc4d8a48599ddf2384fdf1fc6c73d5caedf22d2
26e138fdc0bfc8426704b397141d563cf4d580a2	vendor/wr-cores/ip_cores/general-cores/modules/common/gc_i2c_slave.vhd	cb42c9fd2f4b90bbc74180ef339a967d46fed9c4	vendor/wr-cores/ip_cores/general-cores/modules/common/gc_i2c_slave.vhd	byte-identical	a204c8afd23db0da138a2245ae5de01e8df1f1ffd4cfbbe9cffb827253f6886a
26e138fdc0bfc8426704b397141d563cf4d580a2	vendor/wr-cores/ip_cores/general-cores/modules/common/gc_moving_average.vhd	df0b121fd16d777dafb4938d2ea6b22f95f8dba0	vendor/wr-cores/ip_cores/general-cores/modules/common/gc_moving_average.vhd	byte-identical	49f3da2e70a5ee3414de2d4e6b36ccb05f0ea3b2361e4088463ccb2bdd3f868a
26e138fdc0bfc8426704b397141d563cf4d580a2	vendor/wr-cores/ip_cores/general-cores/modules/common/gc_multichannel_frequency_meter.vhd	7a5ced86ab7b90bc66703d59983aea548f047673	vendor/wr-cores/ip_cores/general-cores/modules/common/gc_multichannel_frequency_meter.vhd	byte-identical	c1a291498f39812efe784706c97391b4e55dce512380d72195a54f142708f831
26e138fdc0bfc8426704b397141d563cf4d580a2	vendor/wr-cores/ip_cores/general-cores/modules/common/gc_negedge.vhd	447f33ac198bcdf79a81790b5a1e8e86179c593f	vendor/wr-cores/ip_cores/general-cores/modules/common/gc_negedge.vhd	byte-identical	f57acc9104b7434a15c2702a6ed225b79b06c2fc5c073b2309a739f52a73d9da
26e138fdc0bfc8426704b397141d563cf4d580a2	vendor/wr-cores/ip_cores/general-cores/modules/common/gc_posedge.vhd	e5c042c6cda85bc3f0dc1fd61cb77e3bb9cba842	vendor/wr-cores/ip_cores/general-cores/modules/common/gc_posedge.vhd	byte-identical	d3ec9ec815fee1a80c9a5718ed8bc1395b2c538c808851ea102a826932095a40
26e138fdc0bfc8426704b397141d563cf4d580a2	vendor/wr-cores/ip_cores/general-cores/modules/common/gc_prio_encoder.vhd	d637bf27d45d543fbf761db019d4f4de5237354b	vendor/wr-cores/ip_cores/general-cores/modules/common/gc_prio_encoder.vhd	byte-identical	7b3ea2adaa971593f44b76c32e1c605815237ffa8fb6260991314006f1048f75
26e138fdc0bfc8426704b397141d563cf4d580a2	vendor/wr-cores/ip_cores/general-cores/modules/common/gc_pulse_synchronizer.vhd	e55b0e3dab3f41433f725709df7db321018f0892	vendor/wr-cores/ip_cores/general-cores/modules/common/gc_pulse_synchronizer.vhd	byte-identical	079d0d400ce21b0fa4008c7e660e2c9da4f884ee65afd9ec601d87640d6dd7dd
26e138fdc0bfc8426704b397141d563cf4d580a2	vendor/wr-cores/ip_cores/general-cores/modules/common/gc_pulse_synchronizer2.vhd	cb16b9ea83010d9fe59fae669e363e5ac00e7408	vendor/wr-cores/ip_cores/general-cores/modules/common/gc_pulse_synchronizer2.vhd	byte-identical	58acd5d632f2ec503c967f39da1d59de7d5423b0658fef7a6a25c2b890d39fa6
26e138fdc0bfc8426704b397141d563cf4d580a2	vendor/wr-cores/ip_cores/general-cores/modules/common/gc_reset.vhd	c6e53482842c1e45c1eca315b7fb633576a13743	vendor/wr-cores/ip_cores/general-cores/modules/common/gc_reset.vhd	byte-identical	20f5e25aefbaf13c9e0d83f5a13b053b9fdedd4c029499b4233cc711bf65c39e
26e138fdc0bfc8426704b397141d563cf4d580a2	vendor/wr-cores/ip_cores/general-cores/modules/common/gc_reset_multi_aasd.vhd	6f9fa551dce2c171f42fbf19adf2f7f9e7905006	vendor/wr-cores/ip_cores/general-cores/modules/common/gc_reset_multi_aasd.vhd	byte-identical	b49433b0160c18637f4593dd7c9fa76c40e686c439d820b79555c205bf84de85
26e138fdc0bfc8426704b397141d563cf4d580a2	vendor/wr-cores/ip_cores/general-cores/modules/common/gc_rr_arbiter.vhd	0e060d43c5670d0c38e7e287a8bdbd4196674f93	vendor/wr-cores/ip_cores/general-cores/modules/common/gc_rr_arbiter.vhd	byte-identical	2fb4c6d58d175a404e9abbb821db011fc6388fe1522f05db827b609f3ff9e115
26e138fdc0bfc8426704b397141d563cf4d580a2	vendor/wr-cores/ip_cores/general-cores/modules/common/gc_serial_dac.vhd	036427184117a6d9bfe0b4f4195a9fc0864e0d80	vendor/wr-cores/ip_cores/general-cores/modules/common/gc_serial_dac.vhd	byte-identical	064d69303ae1a610782cbe144b747390a09162778744b30d0e41e0a33cdcd1ec
26e138fdc0bfc8426704b397141d563cf4d580a2	vendor/wr-cores/ip_cores/general-cores/modules/common/gc_sfp_i2c_adapter.vhd	3c4a3086e76c313d0d9d882e4c372d96b0ae0cdd	vendor/wr-cores/ip_cores/general-cores/modules/common/gc_sfp_i2c_adapter.vhd	byte-identical	8daa58f747fb9a7d8391d9533434f922f3581c316889689aafe8b5e2f4a6cced
26e138fdc0bfc8426704b397141d563cf4d580a2	vendor/wr-cores/ip_cores/general-cores/modules/common/gc_simple_spi_master.vhd	8956b2010de167ce76dc9a4c1d8d7d267710493a	vendor/wr-cores/ip_cores/general-cores/modules/common/gc_simple_spi_master.vhd	byte-identical	0db17505496b406f21502bc59ea410d814395a3b42199773ca02f77b82db1722
26e138fdc0bfc8426704b397141d563cf4d580a2	vendor/wr-cores/ip_cores/general-cores/modules/common/gc_single_reset_gen.vhd	93f0cd0ec4498d27327ffbaa6560d2a9ef34bfd3	vendor/wr-cores/ip_cores/general-cores/modules/common/gc_single_reset_gen.vhd	byte-identical	31b73464391fa141355f5de7ad0a5798e1b8e1ceb337ef6a536ca236ee9083ee
26e138fdc0bfc8426704b397141d563cf4d580a2	vendor/wr-cores/ip_cores/general-cores/modules/common/gc_sync.vhd	aa26ba9876b132bf19e4fe08a84128943fffd361	vendor/wr-cores/ip_cores/general-cores/modules/common/gc_sync.vhd	byte-identical	8d0b91bb4d7180f6544397e9013bbd391a7825ae078eaa73e0c23f4e6e662b33
26e138fdc0bfc8426704b397141d563cf4d580a2	vendor/wr-cores/ip_cores/general-cores/modules/common/gc_sync_ffs.vhd	75202b105e6c5677497c7862865ef13e8bca2264	vendor/wr-cores/ip_cores/general-cores/modules/common/gc_sync_ffs.vhd	byte-identical	da33500bc97a928560f34d0fd3cf29fc7bc0db5e0b118912a1ecf3feb7b4a620
26e138fdc0bfc8426704b397141d563cf4d580a2	vendor/wr-cores/ip_cores/general-cores/modules/common/gc_sync_register.vhd	85624d24f53671fbeef5dd5961ce74d086997de4	vendor/wr-cores/ip_cores/general-cores/modules/common/gc_sync_register.vhd	byte-identical	e7bfd351237723c140aec85595f878b5bada7b84a64dd1a9369c83fe069104a0
26e138fdc0bfc8426704b397141d563cf4d580a2	vendor/wr-cores/ip_cores/general-cores/modules/common/gc_sync_word_rd.vhd	2b084eac401ae7f16c38af2a0da442969be4796c	vendor/wr-cores/ip_cores/general-cores/modules/common/gc_sync_word_rd.vhd	byte-identical	66fe6be5742c796fdf0b31f786ce2d3bd54f03d0275f681e99db58c2846f19f3
26e138fdc0bfc8426704b397141d563cf4d580a2	vendor/wr-cores/ip_cores/general-cores/modules/common/gc_sync_word_wr.vhd	39ec1cc6d1ce3048f2113ad15e80a61b231a4ce5	vendor/wr-cores/ip_cores/general-cores/modules/common/gc_sync_word_wr.vhd	byte-identical	cd65f6089a1e11de7d990f59f5baeff62e79936eb11c65df12e100358f7d023a
26e138fdc0bfc8426704b397141d563cf4d580a2	vendor/wr-cores/ip_cores/general-cores/modules/common/gc_word_packer.vhd	03badd36ce2d6a8ed1cab10883fae2acb2e22f96	vendor/wr-cores/ip_cores/general-cores/modules/common/gc_word_packer.vhd	byte-identical	54807fa1af89ab4077772462f6de7b3fe5326a47c9e4d67430a828f00921de37
26e138fdc0bfc8426704b397141d563cf4d580a2	vendor/wr-cores/ip_cores/general-cores/modules/common/gencores_pkg.vhd	4d390ed99d90afed49b36a4cc22ef90ad7368045	vendor/wr-cores/ip_cores/general-cores/modules/common/gencores_pkg.vhd	byte-identical	8e5e359d6ae56bb4e91c9b597d895dfdea72106be455946c00e5a1d438a97442
26e138fdc0bfc8426704b397141d563cf4d580a2	vendor/wr-cores/ip_cores/general-cores/modules/common/matrix_pkg.vhd	f5686cec39af06b0b9eee0bc211a5e8e9255bb05	vendor/wr-cores/ip_cores/general-cores/modules/common/matrix_pkg.vhd	byte-identical	5b153db3b161d9ae9753e3c899356e2db2a4f7fb5d2e4c48bc21f4f0fc16add1
26e138fdc0bfc8426704b397141d563cf4d580a2	vendor/wr-cores/ip_cores/general-cores/modules/common/xdc/gc_reset_multi_aasd.xdc	0ce176d223fe64935b7884af273578e021a05913	vendor/wr-cores/ip_cores/general-cores/modules/common/xdc/gc_reset_multi_aasd.xdc	byte-identical	246f935baec67d9123a820aa9ca974c0245c2b3494d3e6d4d0ccc20f9295f3ce
26e138fdc0bfc8426704b397141d563cf4d580a2	vendor/wr-cores/ip_cores/general-cores/modules/common/xdc/gc_sync.xdc	51d9c3e5e0dedb534110843d6eeeb4293ed1e622	vendor/wr-cores/ip_cores/general-cores/modules/common/xdc/gc_sync.xdc	byte-identical	e900bb22ed19db286acad60d59934311928e256ef95336b1b99340d07dddd27f
26e138fdc0bfc8426704b397141d563cf4d580a2	vendor/wr-cores/ip_cores/general-cores/modules/common/xdc/gc_sync_register.xdc	db5631e8d6a52310bc485f9591129aec31c13286	vendor/wr-cores/ip_cores/general-cores/modules/common/xdc/gc_sync_register.xdc	byte-identical	56cd3961bca0076597d8d075b711fe75f7cee0ec34c126fd3cdfb4e33ddc3af8
26e138fdc0bfc8426704b397141d563cf4d580a2	vendor/wr-cores/ip_cores/general-cores/modules/common/xdc/gc_sync_word_rd.xdc	0a878733ab0c08796e497518add3488c391223e6	vendor/wr-cores/ip_cores/general-cores/modules/common/xdc/gc_sync_word_rd.xdc	byte-identical	9a292ac92cee13bf90d794cf34b5b58d808d11b78122de35c81699c09eac043a
26e138fdc0bfc8426704b397141d563cf4d580a2	vendor/wr-cores/ip_cores/general-cores/modules/common/xdc/gc_sync_word_wr.xdc	12f24ea434277493e21b102a3d80cf94d8d35c24	vendor/wr-cores/ip_cores/general-cores/modules/common/xdc/gc_sync_word_wr.xdc	byte-identical	2e09706df09e2431b0c3da6fa0089429e6b8257179a199647ba6f12602ea9079
26e138fdc0bfc8426704b397141d563cf4d580a2	vendor/wr-cores/ip_cores/general-cores/modules/dsp/Manifest.py	8bb363491315e1b320f34f6a9268fdc227e08dc9	vendor/wr-cores/ip_cores/general-cores/modules/dsp/Manifest.py	byte-identical	c49d5e1843695fc745ee493abee961f00406729450c6af5f2859042c0fa9a3b3
26e138fdc0bfc8426704b397141d563cf4d580a2	vendor/wr-cores/ip_cores/general-cores/modules/dsp/cordic_init.vhd	a1e910c65ba5c4f53ce07129aa87ce67b2d94082	vendor/wr-cores/ip_cores/general-cores/modules/dsp/cordic_init.vhd	byte-identical	8c91fff62c769cf65a3fb2794e7556fa9fb2109ec507b6afdbbb154c5d11f892
26e138fdc0bfc8426704b397141d563cf4d580a2	vendor/wr-cores/ip_cores/general-cores/modules/dsp/cordic_modulo_360.vhd	1281dc2878531ff69b323a6a30b28c30e3c9186b	vendor/wr-cores/ip_cores/general-cores/modules/dsp/cordic_modulo_360.vhd	byte-identical	125e114131117778b1b9c23dfdacab224571315736eecefc416dd85fd85fc383
26e138fdc0bfc8426704b397141d563cf4d580a2	vendor/wr-cores/ip_cores/general-cores/modules/dsp/cordic_xy_logic_hd.vhd	27253e669454063b21a410c24dbbdcf226ecd78c	vendor/wr-cores/ip_cores/general-cores/modules/dsp/cordic_xy_logic_hd.vhd	byte-identical	6f9204cbe98fed5bc392d2414fe5042bb89279460d4f146197abe13d496b0e11
26e138fdc0bfc8426704b397141d563cf4d580a2	vendor/wr-cores/ip_cores/general-cores/modules/dsp/cordic_xy_logic_nhd.vhd	b5a8fb9d605e71bb66f7722bc7ef5c1dbc8297f0	vendor/wr-cores/ip_cores/general-cores/modules/dsp/cordic_xy_logic_nhd.vhd	byte-identical	e4435ce614fcae88e83aa22adbb5b11b37222977b1ae9f9611be2b9433f628fd
26e138fdc0bfc8426704b397141d563cf4d580a2	vendor/wr-cores/ip_cores/general-cores/modules/dsp/cordic_xy_logic_nmhd.vhd	7aac0e09524322502d14a82e2806b87bfbd62c39	vendor/wr-cores/ip_cores/general-cores/modules/dsp/cordic_xy_logic_nmhd.vhd	byte-identical	3725296f1cf6485eca88064e5fcd03bcba1c93c39d578c2ed6a05cd2b13e04dd
26e138fdc0bfc8426704b397141d563cf4d580a2	vendor/wr-cores/ip_cores/general-cores/modules/dsp/gc_cordic.vhd	414c10560e21999e6e9e09f34dbe0dd3f3712213	vendor/wr-cores/ip_cores/general-cores/modules/dsp/gc_cordic.vhd	byte-identical	2741eff2e38bb805cb90d6c4b82ac82a724bf443cc5c581faee08baad62e9ae0
26e138fdc0bfc8426704b397141d563cf4d580a2	vendor/wr-cores/ip_cores/general-cores/modules/dsp/gc_cordic_pkg.vhd	739b77a2bd454a244510934cad20456563fd9ea9	vendor/wr-cores/ip_cores/general-cores/modules/dsp/gc_cordic_pkg.vhd	byte-identical	3b4b29ce82bf0f4dbc37763930bbbc390199ab33aa5e15bfc91f37a5b2c60362
26e138fdc0bfc8426704b397141d563cf4d580a2	vendor/wr-cores/ip_cores/general-cores/modules/dsp/gc_cordic_top.vhd	be249df25cc63efb5204669c84eb1ff276d77e5e	vendor/wr-cores/ip_cores/general-cores/modules/dsp/gc_cordic_top.vhd	byte-identical	79779a94818e4646f5c179b41dc9cc8d93461870e338267827698da25727f218
26e138fdc0bfc8426704b397141d563cf4d580a2	vendor/wr-cores/ip_cores/general-cores/modules/dsp/gc_dsp_pkg.vhd	91e8592908320e415ccd486c30eb0e0e53d34a36	vendor/wr-cores/ip_cores/general-cores/modules/dsp/gc_dsp_pkg.vhd	byte-identical	c67928d393d6ebcfaf30f8390bedece0ee040175e5e6c696e1b87120f7ad1bf4
26e138fdc0bfc8426704b397141d563cf4d580a2	vendor/wr-cores/ip_cores/general-cores/modules/dsp/gc_integer_divide.vhd	8f6dbc45bad6f09434830db45cd323ac8fbf9f10	vendor/wr-cores/ip_cores/general-cores/modules/dsp/gc_integer_divide.vhd	byte-identical	95127506983214c4dc00e78fdd736600a1bed5f680ea9fabf254ec1e0c7605a3
26e138fdc0bfc8426704b397141d563cf4d580a2	vendor/wr-cores/ip_cores/general-cores/modules/dsp/gc_iq_demodulator.vhd	04cbb66e5950403662f25d6c6ec829345f0e2de6	vendor/wr-cores/ip_cores/general-cores/modules/dsp/gc_iq_demodulator.vhd	byte-identical	5c905c6dabb50dc2710168d5ded720beb0b879556f958764a337dfde9c08377b
26e138fdc0bfc8426704b397141d563cf4d580a2	vendor/wr-cores/ip_cores/general-cores/modules/dsp/gc_iq_modulator.vhd	14a03950609f6ec1fed494ccdf3734a246eaf04c	vendor/wr-cores/ip_cores/general-cores/modules/dsp/gc_iq_modulator.vhd	byte-identical	9aa169abaff8294eda50734f4df34f780cad10381e686d184a7ce87cb3bb6121
26e138fdc0bfc8426704b397141d563cf4d580a2	vendor/wr-cores/ip_cores/general-cores/modules/dsp/gc_pi_regulator.vhd	11c678c47fe5ce18c4fab6f9866cce2d1763370c	vendor/wr-cores/ip_cores/general-cores/modules/dsp/gc_pi_regulator.vhd	byte-identical	70559f227951721b9cae91aaa7110d3cfeb11d1bb8b84bde8ef8cc9a9d1af47a
26e138fdc0bfc8426704b397141d563cf4d580a2	vendor/wr-cores/ip_cores/general-cores/modules/dsp/gc_pipelined_fir_filter.vhd	3c817b6d68f577969fab0ca42d65dfe344a7a089	vendor/wr-cores/ip_cores/general-cores/modules/dsp/gc_pipelined_fir_filter.vhd	byte-identical	9e9839149f80fbc67a43541d27aa3818088bcc5e88a08024029796578a0b5891
26e138fdc0bfc8426704b397141d563cf4d580a2	vendor/wr-cores/ip_cores/general-cores/modules/dsp/gc_soft_ramp_switch.vhd	993bfadcd6cf98bb9f50d62241be022e38993781	vendor/wr-cores/ip_cores/general-cores/modules/dsp/gc_soft_ramp_switch.vhd	byte-identical	90970ba16823d7599819ee823a96419f8590a2bcecfac353be55a3e243055893
26e138fdc0bfc8426704b397141d563cf4d580a2	vendor/wr-cores/ip_cores/general-cores/modules/genrams/.gitignore	57272a1ed24331695137015f1bf44153ce4a4aca	vendor/wr-cores/ip_cores/general-cores/modules/genrams/.gitignore	byte-identical	a7109ab2a49c60c4a21cb56fa4fd7ee0fc32a730d8a5f51e17ad769923ec3112
26e138fdc0bfc8426704b397141d563cf4d580a2	vendor/wr-cores/ip_cores/general-cores/modules/genrams/Manifest.py	4ea917696be1fff053a4185bf89f1cce4131c2e2	vendor/wr-cores/ip_cores/general-cores/modules/genrams/Manifest.py	byte-identical	fddc9b62201c0e6dd3f0d9e43462a367d75bd833df42f8a36f853ebbab19733b
26e138fdc0bfc8426704b397141d563cf4d580a2	vendor/wr-cores/ip_cores/general-cores/modules/genrams/altera/Manifest.py	4f1fe441a71a27afe895727f84c2f84576e204d0	vendor/wr-cores/ip_cores/general-cores/modules/genrams/altera/Manifest.py	byte-identical	f7c1e82d810dddf0ea5e4f6d478a6e2e15a3c297d12ae41778cae945dcf213a3
26e138fdc0bfc8426704b397141d563cf4d580a2	vendor/wr-cores/ip_cores/general-cores/modules/genrams/altera/altera_async_fifo.vhd	bbcaf42319bac1282e4d8d2e9102a0af5a12d819	vendor/wr-cores/ip_cores/general-cores/modules/genrams/altera/altera_async_fifo.vhd	byte-identical	9404975870c88fafcf986c10c27b4601f4a92298748f7007bb1e32b2136f8250
26e138fdc0bfc8426704b397141d563cf4d580a2	vendor/wr-cores/ip_cores/general-cores/modules/genrams/altera/altera_sync_fifo.vhd	00b578d077a2728144e8b1e925237ca50d172073	vendor/wr-cores/ip_cores/general-cores/modules/genrams/altera/altera_sync_fifo.vhd	byte-identical	4aa9f04fab32bcc8cb9e892a97c0a3b4ae63e45769f5ecb1b242e714e6ba9227
26e138fdc0bfc8426704b397141d563cf4d580a2	vendor/wr-cores/ip_cores/general-cores/modules/genrams/altera/gc_shiftreg.vhd	56c50fcceb7b35607357b2814374b04eed9085a2	vendor/wr-cores/ip_cores/general-cores/modules/genrams/altera/gc_shiftreg.vhd	byte-identical	c1c3d681448ca36f797d80bb6a576e5e69d7f8545f4c9af1fd8978279e652bb0
26e138fdc0bfc8426704b397141d563cf4d580a2	vendor/wr-cores/ip_cores/general-cores/modules/genrams/altera/generic_dpram.vhd	b1344fb76f295488ff2416c2e3289a3a299e7b3a	vendor/wr-cores/ip_cores/general-cores/modules/genrams/altera/generic_dpram.vhd	byte-identical	58102eab15dcdc4acdede0aac1fcd5d8eab932c1498bda12e239f7095413fe8d
26e138fdc0bfc8426704b397141d563cf4d580a2	vendor/wr-cores/ip_cores/general-cores/modules/genrams/altera/generic_dpram_mixed.vhd	03b06c23691a86e602d56a2d404b1aacb238bad2	vendor/wr-cores/ip_cores/general-cores/modules/genrams/altera/generic_dpram_mixed.vhd	byte-identical	a6abb90fb09b59db70257975a4c8aa3c21af5c6c14ae45c23ccb22c747f28d5b
26e138fdc0bfc8426704b397141d563cf4d580a2	vendor/wr-cores/ip_cores/general-cores/modules/genrams/altera/generic_simple_dpram.vhd	e79ccb5328cbd76cf1fd9c68e89bb781a228e1a6	vendor/wr-cores/ip_cores/general-cores/modules/genrams/altera/generic_simple_dpram.vhd	byte-identical	99fad9a740ab6e3074b454086e7edeac64605625105711e3ef4c31a03c487233
26e138fdc0bfc8426704b397141d563cf4d580a2	vendor/wr-cores/ip_cores/general-cores/modules/genrams/altera/generic_spram.vhd	9e256e2eef1c5106022810045b0673d23535c996	vendor/wr-cores/ip_cores/general-cores/modules/genrams/altera/generic_spram.vhd	byte-identical	6825d86eaa413a80f6c95033a3286b56f802271ab63f74f217ef94c7d7b2b06b
26e138fdc0bfc8426704b397141d563cf4d580a2	vendor/wr-cores/ip_cores/general-cores/modules/genrams/cheby/Manifest.py	07c5915e63fca07b06e74bf27ab7d7b8d4036358	vendor/wr-cores/ip_cores/general-cores/modules/genrams/cheby/Manifest.py	byte-identical	f97c041aca71943e1c8f03e765fb7c1067b690d739007a6a6b215b99a27381bf
26e138fdc0bfc8426704b397141d563cf4d580a2	vendor/wr-cores/ip_cores/general-cores/modules/genrams/cheby/cheby_dpssram.vhd	7e6300e7f6491c91fe63db58e00b3f2f40768f53	vendor/wr-cores/ip_cores/general-cores/modules/genrams/cheby/cheby_dpssram.vhd	byte-identical	9ef06cdb2534ac3d65e5d7f203a56cc91a9a7767a148f5993c07d7e55542d619
26e138fdc0bfc8426704b397141d563cf4d580a2	vendor/wr-cores/ip_cores/general-cores/modules/genrams/cheby/cheby_pkg.vhd	ddc3aed840f54502fc47428a46952eeb3cab7542	vendor/wr-cores/ip_cores/general-cores/modules/genrams/cheby/cheby_pkg.vhd	byte-identical	b5c53e83bc881ae1e580f1ba26c104de47f7158bbd142e16a79a173c744085d0
26e138fdc0bfc8426704b397141d563cf4d580a2	vendor/wr-cores/ip_cores/general-cores/modules/genrams/common/Manifest.py	a479e142997bcaac803d10c85f948b1a2758488b	vendor/wr-cores/ip_cores/general-cores/modules/genrams/common/Manifest.py	byte-identical	e50e1e50201c7507f9ebbb9bc2ea6897317fd0d75905c4ddbde7b4116dca7976
26e138fdc0bfc8426704b397141d563cf4d580a2	vendor/wr-cores/ip_cores/general-cores/modules/genrams/common/generic_shiftreg_fifo.vhd	9158a4fdbe68164046686d8ada3a994ce735702e	vendor/wr-cores/ip_cores/general-cores/modules/genrams/common/generic_shiftreg_fifo.vhd	byte-identical	8fd074c0f9a2ac485c3bc962e379578c63ed4ff8b5ec509dd3d064bf4b22f00e
26e138fdc0bfc8426704b397141d563cf4d580a2	vendor/wr-cores/ip_cores/general-cores/modules/genrams/common/inferred_async_fifo.vhd	eb64918736f7cb1398c2c4ee1c1e81c369785b94	vendor/wr-cores/ip_cores/general-cores/modules/genrams/common/inferred_async_fifo.vhd	byte-identical	c9c7dcbfdbcb3a09aa570fdabf4f5e58fa74cb5194bd3d5f92fb9e25edf8a937
26e138fdc0bfc8426704b397141d563cf4d580a2	vendor/wr-cores/ip_cores/general-cores/modules/genrams/common/inferred_async_fifo_dual_rst.vhd	26b3793cf13b1287e0966eea2339c7fced3cd800	vendor/wr-cores/ip_cores/general-cores/modules/genrams/common/inferred_async_fifo_dual_rst.vhd	byte-identical	147a1692269567d393585fb5b217950d16a615f37b783051a9392d1ebc4c449d
26e138fdc0bfc8426704b397141d563cf4d580a2	vendor/wr-cores/ip_cores/general-cores/modules/genrams/common/inferred_sync_fifo.vhd	7307d886cf669f4d5a25012d35c47c36a44d7c21	vendor/wr-cores/ip_cores/general-cores/modules/genrams/common/inferred_sync_fifo.vhd	byte-identical	c7e25edc7c86a0e9911f030251811b35d621b6b9d1778449664c86643055d80d
26e138fdc0bfc8426704b397141d563cf4d580a2	vendor/wr-cores/ip_cores/general-cores/modules/genrams/generic/Manifest.py	e49cf4d85bc9b1f0ec0b6b0535f3ec07e2b117a2	vendor/wr-cores/ip_cores/general-cores/modules/genrams/generic/Manifest.py	byte-identical	7afcefda6f43a1f3a8699d06835532cd422beed539d6c783a3e96d59aff40e63
26e138fdc0bfc8426704b397141d563cf4d580a2	vendor/wr-cores/ip_cores/general-cores/modules/genrams/generic/generic_async_fifo.vhd	2e667385609b2990334bea094882844f0d4a1603	vendor/wr-cores/ip_cores/general-cores/modules/genrams/generic/generic_async_fifo.vhd	byte-identical	5a90e839ba6cd58d9da2af56bab64ed611992c152cb41c8cf7f341c8ad107795
26e138fdc0bfc8426704b397141d563cf4d580a2	vendor/wr-cores/ip_cores/general-cores/modules/genrams/generic/generic_async_fifo_dual_rst.vhd	493913983c2bc76de472dd50d22d4368bed79ee0	vendor/wr-cores/ip_cores/general-cores/modules/genrams/generic/generic_async_fifo_dual_rst.vhd	byte-identical	5df5da4f1e5d4db2fb29097423557593dfb6f63558b49d3cda54406e0fb0c5e1
26e138fdc0bfc8426704b397141d563cf4d580a2	vendor/wr-cores/ip_cores/general-cores/modules/genrams/generic/generic_sync_fifo.vhd	5fe20475c4d78aeaa86205c1c5b66e3b4eeaf22b	vendor/wr-cores/ip_cores/general-cores/modules/genrams/generic/generic_sync_fifo.vhd	byte-identical	86f99c745469f46dc7ca409b64bed90aa18c472d2b7c6556cf504941de3b1d5b
26e138fdc0bfc8426704b397141d563cf4d580a2	vendor/wr-cores/ip_cores/general-cores/modules/genrams/genram_pkg.vhd	cebe8575cc07878a8cba576b36001aa363879f90	vendor/wr-cores/ip_cores/general-cores/modules/genrams/genram_pkg.vhd	byte-identical	927fcd49827617865721d06dcc758caabb7615b76b7f1205dae9105e0b767592
26e138fdc0bfc8426704b397141d563cf4d580a2	vendor/wr-cores/ip_cores/general-cores/modules/genrams/memory_loader_pkg.vhd	32f56e71d9acfb85228c828833e789d6a28b3b8d	vendor/wr-cores/ip_cores/general-cores/modules/genrams/memory_loader_pkg.vhd	byte-identical	a59c16187ed56f4d2293b5a507cf5b1da12e082f5a1131882e96002c15310700
26e138fdc0bfc8426704b397141d563cf4d580a2	vendor/wr-cores/ip_cores/general-cores/modules/genrams/xilinx/Manifest.py	fed84afecdcbc00c8da0825a2c192726628eddb7	vendor/wr-cores/ip_cores/general-cores/modules/genrams/xilinx/Manifest.py	byte-identical	27ad9a978c4883e2c233d686115e8b6ef72b36f0b05974c3e2423c2495313a92
26e138fdc0bfc8426704b397141d563cf4d580a2	vendor/wr-cores/ip_cores/general-cores/modules/genrams/xilinx/gc_shiftreg.vhd	87a4eee971db2138a290a203a4a2f7c984dba396	vendor/wr-cores/ip_cores/general-cores/modules/genrams/xilinx/gc_shiftreg.vhd	byte-identical	a348c9b7410d4ff65fdff7d2710aadae25485e1e1f45d6a130b097c939f2c38e
26e138fdc0bfc8426704b397141d563cf4d580a2	vendor/wr-cores/ip_cores/general-cores/modules/genrams/xilinx/generic_dpram.vhd	5479ee77691ea056eafb172329766e5b408beebe	vendor/wr-cores/ip_cores/general-cores/modules/genrams/xilinx/generic_dpram.vhd	byte-identical	30c6546fd9a0c74b160dc64811e51ca9d5cd998b2f72c624b647b8814a1b6dae
26e138fdc0bfc8426704b397141d563cf4d580a2	vendor/wr-cores/ip_cores/general-cores/modules/genrams/xilinx/generic_dpram_dualclock.vhd	578b50e01c82116239eb186eab96258fab047340	vendor/wr-cores/ip_cores/general-cores/modules/genrams/xilinx/generic_dpram_dualclock.vhd	byte-identical	827476699123b03b5eee93860cecfc8c3f1e28e05f22aa84c6ca9eeed7f0e1a7
26e138fdc0bfc8426704b397141d563cf4d580a2	vendor/wr-cores/ip_cores/general-cores/modules/genrams/xilinx/generic_dpram_sameclock.vhd	0d9089945191c04dd4734ba8083428c052ac6024	vendor/wr-cores/ip_cores/general-cores/modules/genrams/xilinx/generic_dpram_sameclock.vhd	byte-identical	1f34f32476e1108f39da0b08c45e50ba0ee0786c765060ebcbac6a7bb238ae4b
26e138fdc0bfc8426704b397141d563cf4d580a2	vendor/wr-cores/ip_cores/general-cores/modules/genrams/xilinx/generic_dpram_split.vhd	e15288f0cde4dc1d56e59494fee564825a189e18	vendor/wr-cores/ip_cores/general-cores/modules/genrams/xilinx/generic_dpram_split.vhd	byte-identical	a625f6530acf7633b39d8b9bbd914bc2e5b5cabcd03eb861354b5031f1215b5d
26e138fdc0bfc8426704b397141d563cf4d580a2	vendor/wr-cores/ip_cores/general-cores/modules/genrams/xilinx/generic_simple_dpram.vhd	fbee0d8049bbef8bd18ad8c6c3ce221a84734cf8	vendor/wr-cores/ip_cores/general-cores/modules/genrams/xilinx/generic_simple_dpram.vhd	byte-identical	5c9ed9e217ae121823d38af01e86ea7cb8a263b196586e3ef17de5b195b7c4e7
26e138fdc0bfc8426704b397141d563cf4d580a2	vendor/wr-cores/ip_cores/general-cores/modules/genrams/xilinx/generic_spram.vhd	41d6f2a568d86010cca53731243901f99d983bdc	vendor/wr-cores/ip_cores/general-cores/modules/genrams/xilinx/generic_spram.vhd	byte-identical	1237dd2d58273c38140ddc46b036e039b1d0ad48e4b275aa2dcb52a4dab39f2a
26e138fdc0bfc8426704b397141d563cf4d580a2	vendor/wr-cores/ip_cores/general-cores/modules/genrams/xilinx/virtex6/Manifest.py	fa6d02106c09c5ca945d09409a49072e894e80af	vendor/wr-cores/ip_cores/general-cores/modules/genrams/xilinx/virtex6/Manifest.py	byte-identical	a9438153b95c990d5a48bcbb229c8958cb25d5f6bb389b073e556d2bc055edda
26e138fdc0bfc8426704b397141d563cf4d580a2	vendor/wr-cores/ip_cores/general-cores/modules/genrams/xilinx/virtex6/generic_async_fifo.vhd	c94aaee34a4ee0f8fe0948022e01bc5b5d2cea78	vendor/wr-cores/ip_cores/general-cores/modules/genrams/xilinx/virtex6/generic_async_fifo.vhd	byte-identical	53bef6e0548a346e4423666aed43cdf642e720be86498bc8484d9d211ea20a72
26e138fdc0bfc8426704b397141d563cf4d580a2	vendor/wr-cores/ip_cores/general-cores/modules/genrams/xilinx/virtex6/generic_async_fifo_dual_rst.vhd	027d2899621ccb10634a0adfaea5d2f3baf59312	vendor/wr-cores/ip_cores/general-cores/modules/genrams/xilinx/virtex6/generic_async_fifo_dual_rst.vhd	byte-identical	13b97504c9165b1f1e730e35aa59f920b199063a31ef2f2626a8782095459a2a
26e138fdc0bfc8426704b397141d563cf4d580a2	vendor/wr-cores/ip_cores/general-cores/modules/genrams/xilinx/virtex6/generic_sync_fifo.vhd	070a2b146acb4bf367a8850d194e90741be145c4	vendor/wr-cores/ip_cores/general-cores/modules/genrams/xilinx/virtex6/generic_sync_fifo.vhd	byte-identical	7656e894e6bfce369ec436537e6cbba2f24c5a1a64d0c273eff4681cfe1314ef
26e138fdc0bfc8426704b397141d563cf4d580a2	vendor/wr-cores/ip_cores/general-cores/modules/genrams/xilinx/virtex6/v6_fifo_pkg.vhd	208cc0d3c49794fc38ea47a94cbfcb5efb86b1e6	vendor/wr-cores/ip_cores/general-cores/modules/genrams/xilinx/virtex6/v6_fifo_pkg.vhd	byte-identical	40bc6bd59fe133c57130cc6d074bf2d940e0a1ec689a9cb1ebcf8ffb12db6268
26e138fdc0bfc8426704b397141d563cf4d580a2	vendor/wr-cores/ip_cores/general-cores/modules/genrams/xilinx/virtex6/v6_hwfifo_wrapper.vhd	fb269f1b1d7afbd6d50f4869a368fa6b25f14201	vendor/wr-cores/ip_cores/general-cores/modules/genrams/xilinx/virtex6/v6_hwfifo_wrapper.vhd	byte-identical	f4c1ef8884dafc2fdca631e39b5d0514b49aeef1ef3b9a382bffded7d2570427
26e138fdc0bfc8426704b397141d563cf4d580a2	vendor/wr-cores/ip_cores/general-cores/modules/radtol/Manifest.py	489ccdac52376747c3de9759ff40385c1e9ac8cd	vendor/wr-cores/ip_cores/general-cores/modules/radtol/Manifest.py	byte-identical	72673437809289f06d14d06f192016ed29de42fabf30226637a11395bf8836d6
26e138fdc0bfc8426704b397141d563cf4d580a2	vendor/wr-cores/ip_cores/general-cores/modules/radtol/secded_32b_pkg.vhd	e832c2c1345a8d67f02affc70813e188cb791e5e	vendor/wr-cores/ip_cores/general-cores/modules/radtol/secded_32b_pkg.vhd	byte-identical	e95cd2f60955b579b755e74f51a8bf7dba3ff0fe7b61a29044ff140103dc9e25
26e138fdc0bfc8426704b397141d563cf4d580a2	vendor/wr-cores/ip_cores/general-cores/modules/radtol/secded_ecc.vhd	f31efa5a6dfac54542f833a085bb629a4beb3e4d	vendor/wr-cores/ip_cores/general-cores/modules/radtol/secded_ecc.vhd	byte-identical	9efd9c2f569e2dad8091d11e88060d9e831769c3df4477704a9da18b7e3cdd54
26e138fdc0bfc8426704b397141d563cf4d580a2	vendor/wr-cores/ip_cores/general-cores/modules/radtol/voter_status.vhd	3fe7349c1e1f974a15fe6e111b66725df07558c3	vendor/wr-cores/ip_cores/general-cores/modules/radtol/voter_status.vhd	byte-identical	2d691a96c814963c8de4af47087d8ae8ce37ee913c84389b95020df209b7ab93
26e138fdc0bfc8426704b397141d563cf4d580a2	vendor/wr-cores/ip_cores/general-cores/modules/radtol/voter_vec_status.vhd	b321b2d036e5d46ea13c56c96e5319b070cefac0	vendor/wr-cores/ip_cores/general-cores/modules/radtol/voter_vec_status.vhd	byte-identical	df33af2dd9435e54d571a0dea9c1622a8db1921c8bd5f8c2d10bbeee98e9c612
26e138fdc0bfc8426704b397141d563cf4d580a2	vendor/wr-cores/ip_cores/general-cores/modules/wishbone/Manifest.py	e8a618b18bb50367b98854af6a8ad2ca510ac30a	vendor/wr-cores/ip_cores/general-cores/modules/wishbone/Manifest.py	byte-identical	08b280d3b22ae7f7aff187b664de35afa28a7947ae952d8f38d506cb22edce70
26e138fdc0bfc8426704b397141d563cf4d580a2	vendor/wr-cores/ip_cores/general-cores/modules/wishbone/wb16_to_wb32/Manifest.py	5113b0c5df8f16e5962da5a3f1515276550c5c92	vendor/wr-cores/ip_cores/general-cores/modules/wishbone/wb16_to_wb32/Manifest.py	byte-identical	01117d153b08ac5ccb06dbd30df5196016713be552e8dfd532a974442f9b124c
26e138fdc0bfc8426704b397141d563cf4d580a2	vendor/wr-cores/ip_cores/general-cores/modules/wishbone/wb16_to_wb32/wb16_to_wb32.vhd	e6acfb3c8fcbc182c10d5ec898504f72b4bd325f	vendor/wr-cores/ip_cores/general-cores/modules/wishbone/wb16_to_wb32/wb16_to_wb32.vhd	byte-identical	8a84e8bc822e145086030ca94ec061b0f83f93c8d06028163cb47b5936008e87
26e138fdc0bfc8426704b397141d563cf4d580a2	vendor/wr-cores/ip_cores/general-cores/modules/wishbone/wb_async_bridge/Manifest.py	618887147687da9dda99154e700bf9b5df44868c	vendor/wr-cores/ip_cores/general-cores/modules/wishbone/wb_async_bridge/Manifest.py	byte-identical	16998b958d4f923615d4134d2f974b7056e99ab2f5db87b2513cd084195e77b9
26e138fdc0bfc8426704b397141d563cf4d580a2	vendor/wr-cores/ip_cores/general-cores/modules/wishbone/wb_async_bridge/wb_async_bridge.vhd	d5d08389ab0b9aa8151e24cc72fc4c9f8099018d	vendor/wr-cores/ip_cores/general-cores/modules/wishbone/wb_async_bridge/wb_async_bridge.vhd	byte-identical	47ad62a7f4ba8a21ab430f6a7da2067d6f87d39376a7acd69c597d56897b566f
26e138fdc0bfc8426704b397141d563cf4d580a2	vendor/wr-cores/ip_cores/general-cores/modules/wishbone/wb_async_bridge/xwb_async_bridge.vhd	2109a617ea1c93eba09ddbeacdda6798f6aef035	vendor/wr-cores/ip_cores/general-cores/modules/wishbone/wb_async_bridge/xwb_async_bridge.vhd	byte-identical	55db7deafa253a2df550de5a60b80b39f384018f1ff8c1a79a6df792af81f473
26e138fdc0bfc8426704b397141d563cf4d580a2	vendor/wr-cores/ip_cores/general-cores/modules/wishbone/wb_axi4lite_bridge/Manifest.py	3245ff2fd90754857cd0d17ab7e5697482262d6f	vendor/wr-cores/ip_cores/general-cores/modules/wishbone/wb_axi4lite_bridge/Manifest.py	byte-identical	362a53c2dcb51f3383014538e3a7228de4d04b3d2ad9c47a5dd725de8fce8277
26e138fdc0bfc8426704b397141d563cf4d580a2	vendor/wr-cores/ip_cores/general-cores/modules/wishbone/wb_axi4lite_bridge/wb_axi4lite_bridge.vhd	727722ab960f795d70a589bf600d8df42e9e4f90	vendor/wr-cores/ip_cores/general-cores/modules/wishbone/wb_axi4lite_bridge/wb_axi4lite_bridge.vhd	byte-identical	9ad5c937a082f5e9f227308a9c7db493036f53b24534e5e9963eaea065494a8b
26e138fdc0bfc8426704b397141d563cf4d580a2	vendor/wr-cores/ip_cores/general-cores/modules/wishbone/wb_axi4lite_bridge/xwb_axi4lite_bridge.vhd	8b106fc5f536073328eb1f4139d9ffca8089c098	vendor/wr-cores/ip_cores/general-cores/modules/wishbone/wb_axi4lite_bridge/xwb_axi4lite_bridge.vhd	byte-identical	3739b17784cbb87156d4889c5e47184b7d94c9529506429f5a89565b1bd4cf51
26e138fdc0bfc8426704b397141d563cf4d580a2	vendor/wr-cores/ip_cores/general-cores/modules/wishbone/wb_bus_fanout/Manifest.py	52a36cd8fe85353544a17d70fcf5b283952c7f57	vendor/wr-cores/ip_cores/general-cores/modules/wishbone/wb_bus_fanout/Manifest.py	byte-identical	0a648a7b5f29956801e6281e142b170398a47529cd62b94d96c8f4d8bc232198
26e138fdc0bfc8426704b397141d563cf4d580a2	vendor/wr-cores/ip_cores/general-cores/modules/wishbone/wb_bus_fanout/xwb_bus_fanout.vhd	795fde4eddcf10934e29d909368cc445408f1a52	vendor/wr-cores/ip_cores/general-cores/modules/wishbone/wb_bus_fanout/xwb_bus_fanout.vhd	byte-identical	d0482d8ee2c0d8fde942bc76641abe6cb662e1e0a9d5fbdfe661d1c6f97a9486
26e138fdc0bfc8426704b397141d563cf4d580a2	vendor/wr-cores/ip_cores/general-cores/modules/wishbone/wb_clock_crossing/Manifest.py	5128dcf61101f2489e2616971ec21b7cd359badb	vendor/wr-cores/ip_cores/general-cores/modules/wishbone/wb_clock_crossing/Manifest.py	byte-identical	9010678e0d79164f982ddb11d6c941472a0bcd194d1c3228aab0239975c8bf53
26e138fdc0bfc8426704b397141d563cf4d580a2	vendor/wr-cores/ip_cores/general-cores/modules/wishbone/wb_clock_crossing/xwb_clock_bridge.vhd	0ab8c7d1d1b3efe71716a868a98da63d498964c5	vendor/wr-cores/ip_cores/general-cores/modules/wishbone/wb_clock_crossing/xwb_clock_bridge.vhd	byte-identical	d8a85083d52415bee59570dbda3020ba09ff4e15445a45df3dbfc807e2970da3
26e138fdc0bfc8426704b397141d563cf4d580a2	vendor/wr-cores/ip_cores/general-cores/modules/wishbone/wb_clock_crossing/xwb_clock_crossing.vhd	f22b1cc7126a6f8633e0011f54de70af961fd628	vendor/wr-cores/ip_cores/general-cores/modules/wishbone/wb_clock_crossing/xwb_clock_crossing.vhd	byte-identical	07c82a9d31867e24379597e8829346ee8573302f74cd9cb54182687615c35996
26e138fdc0bfc8426704b397141d563cf4d580a2	vendor/wr-cores/ip_cores/general-cores/modules/wishbone/wb_clock_monitor/Manifest.py	d9275f623182cb0ba73998234f92fd86b28a67ae	vendor/wr-cores/ip_cores/general-cores/modules/wishbone/wb_clock_monitor/Manifest.py	byte-identical	39337b508729a5774582da84b77d7da071e6e42e6a4425db19d58188b71ea3e6
26e138fdc0bfc8426704b397141d563cf4d580a2	vendor/wr-cores/ip_cores/general-cores/modules/wishbone/wb_clock_monitor/clock_monitor_wb.vhd	0e5a94082f0966f81cd233dac7a4fb055f1c238c	vendor/wr-cores/ip_cores/general-cores/modules/wishbone/wb_clock_monitor/clock_monitor_wb.vhd	byte-identical	317b46f405367fd50d8a5a02e0bac275343fdb2252ea86e72079df8ca514233a
26e138fdc0bfc8426704b397141d563cf4d580a2	vendor/wr-cores/ip_cores/general-cores/modules/wishbone/wb_clock_monitor/clock_monitor_wb.wb	0834f32685a5347e29b6f5fb13dc9e818413154c	vendor/wr-cores/ip_cores/general-cores/modules/wishbone/wb_clock_monitor/clock_monitor_wb.wb	byte-identical	7883d59e430c0f3ee543cb404d27f02c529f090d229f35014d3c348b824ad78e
26e138fdc0bfc8426704b397141d563cf4d580a2	vendor/wr-cores/ip_cores/general-cores/modules/wishbone/wb_clock_monitor/clock_monitor_wbgen2_pkg.vhd	b7f76398813b7691ec64162fc732568921f9a5f9	vendor/wr-cores/ip_cores/general-cores/modules/wishbone/wb_clock_monitor/clock_monitor_wbgen2_pkg.vhd	byte-identical	cfd1e568400b56540b1dc236f5e605646412415cffd295019594250881cd9168
26e138fdc0bfc8426704b397141d563cf4d580a2	vendor/wr-cores/ip_cores/general-cores/modules/wishbone/wb_clock_monitor/xwb_clock_monitor.vhd	b1e95ddb45fd78632f6ed1455628c7e5db294057	vendor/wr-cores/ip_cores/general-cores/modules/wishbone/wb_clock_monitor/xwb_clock_monitor.vhd	byte-identical	9580d1759a3943a6e486212d9f006bf8e6426442281864262c36bd28c159ca56
26e138fdc0bfc8426704b397141d563cf4d580a2	vendor/wr-cores/ip_cores/general-cores/modules/wishbone/wb_conmax/Manifest.py	9a028fe90f62d4e501b30b36fc2ccd6880cd3176	vendor/wr-cores/ip_cores/general-cores/modules/wishbone/wb_conmax/Manifest.py	byte-identical	82c4803295c837e5077f3aae9f14b092f1437d1726e447787a6d898af946920b
26e138fdc0bfc8426704b397141d563cf4d580a2	vendor/wr-cores/ip_cores/general-cores/modules/wishbone/wb_conmax/wb_conmax_arb.vhd	6ab431fbe4466448a5b37048ce28eb8bac1c4cb6	vendor/wr-cores/ip_cores/general-cores/modules/wishbone/wb_conmax/wb_conmax_arb.vhd	byte-identical	873b4326782ae68ddb081e269ce6379bb31f010b5c4fa45548ede9c63e57233d
26e138fdc0bfc8426704b397141d563cf4d580a2	vendor/wr-cores/ip_cores/general-cores/modules/wishbone/wb_conmax/wb_conmax_master_if.vhd	31db76507003787fe675785c329cbc57a88e8e73	vendor/wr-cores/ip_cores/general-cores/modules/wishbone/wb_conmax/wb_conmax_master_if.vhd	byte-identical	102b7ed46ab2165e5c28093521abf9c99860bed19f3cf004b242f9662fd81c88
26e138fdc0bfc8426704b397141d563cf4d580a2	vendor/wr-cores/ip_cores/general-cores/modules/wishbone/wb_conmax/wb_conmax_msel.vhd	3631498b5b15c6ddd4bdc47984d7a9686e6702c0	vendor/wr-cores/ip_cores/general-cores/modules/wishbone/wb_conmax/wb_conmax_msel.vhd	byte-identical	1085cb584bbe822556c8215cc6710f17fea10ef14d3811e80e4cea1eae415ad0
26e138fdc0bfc8426704b397141d563cf4d580a2	vendor/wr-cores/ip_cores/general-cores/modules/wishbone/wb_conmax/wb_conmax_pri_dec.vhd	c16c9be10555b608eb9459c59288cdca6d56a6e0	vendor/wr-cores/ip_cores/general-cores/modules/wishbone/wb_conmax/wb_conmax_pri_dec.vhd	byte-identical	2bb6d2508721b3d801566cc31a7e80c029cf9a9085dfc5646f0c017128db0891
26e138fdc0bfc8426704b397141d563cf4d580a2	vendor/wr-cores/ip_cores/general-cores/modules/wishbone/wb_conmax/wb_conmax_pri_enc.vhd	193c6b579668fdb39a669519b0f67e50ea0713d6	vendor/wr-cores/ip_cores/general-cores/modules/wishbone/wb_conmax/wb_conmax_pri_enc.vhd	byte-identical	35045ec378e174c9ebdde68547b4d2663df9af4e0b9e1e546d08b0d2ceab162a
26e138fdc0bfc8426704b397141d563cf4d580a2	vendor/wr-cores/ip_cores/general-cores/modules/wishbone/wb_conmax/wb_conmax_rf.vhd	c26843c62bba351a1a02dbe7d0c22a61b9bcd7ab	vendor/wr-cores/ip_cores/general-cores/modules/wishbone/wb_conmax/wb_conmax_rf.vhd	byte-identical	0f5a616e677c4dfdeb896b7e0bd8bf3fdd1492787e163a7245b5745fd167df16
26e138fdc0bfc8426704b397141d563cf4d580a2	vendor/wr-cores/ip_cores/general-cores/modules/wishbone/wb_conmax/wb_conmax_slave_if.vhd	34e0748730c06b706850f708944ec422f0dcf571	vendor/wr-cores/ip_cores/general-cores/modules/wishbone/wb_conmax/wb_conmax_slave_if.vhd	byte-identical	aa791410786ffd684351918d5074771de3bbcb5aac6376ad440ed0effee4f0bd
26e138fdc0bfc8426704b397141d563cf4d580a2	vendor/wr-cores/ip_cores/general-cores/modules/wishbone/wb_conmax/wb_conmax_top.vhd	78c21e5d87d68a97dfd93d962c1f5b822b20fd5d	vendor/wr-cores/ip_cores/general-cores/modules/wishbone/wb_conmax/wb_conmax_top.vhd	byte-identical	015ef770aa64aa8ad1d2a949c7d146b87301a783f29c9f42bcc8e2b09fab6131
26e138fdc0bfc8426704b397141d563cf4d580a2	vendor/wr-cores/ip_cores/general-cores/modules/wishbone/wb_conmax/wbconmax_pkg.vhd	c1d90b3c31f557ff0da4df6ad8c33cdc5b875c36	vendor/wr-cores/ip_cores/general-cores/modules/wishbone/wb_conmax/wbconmax_pkg.vhd	byte-identical	9ee87a12e57c77a3a74cf2480d8b448284b999dc81578b3a50682e01454d661a
26e138fdc0bfc8426704b397141d563cf4d580a2	vendor/wr-cores/ip_cores/general-cores/modules/wishbone/wb_conmax/xwb_conmax.vhd	fec1e80b95a131c53c84e1b706a1a585395c0ac4	vendor/wr-cores/ip_cores/general-cores/modules/wishbone/wb_conmax/xwb_conmax.vhd	byte-identical	be4e702e3dbea67be5b896d795bfc42ea7c311917e3e27ba2327683d98b2b292
26e138fdc0bfc8426704b397141d563cf4d580a2	vendor/wr-cores/ip_cores/general-cores/modules/wishbone/wb_crossbar/Manifest.py	80b7ba60d78034c0925021a0fa069213c2fb7189	vendor/wr-cores/ip_cores/general-cores/modules/wishbone/wb_crossbar/Manifest.py	byte-identical	1fcd5c6ef5c95cccb9a2754e3d51c2596a377c59389fd2b3784da51731490c33
26e138fdc0bfc8426704b397141d563cf4d580a2	vendor/wr-cores/ip_cores/general-cores/modules/wishbone/wb_crossbar/sdb_rom.vhd	57cffb084d922023942f1f67f96a228fda37587b	vendor/wr-cores/ip_cores/general-cores/modules/wishbone/wb_crossbar/sdb_rom.vhd	byte-identical	e100f73dfda5078496631b8c29d5afb2263b229469102b8760bfd5d2d4a6a2cf
26e138fdc0bfc8426704b397141d563cf4d580a2	vendor/wr-cores/ip_cores/general-cores/modules/wishbone/wb_crossbar/xwb_crossbar.vhd	cf77bb0a0846e1cbb1ec6c316b49b976719b7f97	vendor/wr-cores/ip_cores/general-cores/modules/wishbone/wb_crossbar/xwb_crossbar.vhd	byte-identical	864c684647b44d1ea3cd7cbff47a58554e5e9a8ecc267d967a1e04fa0cc7921f
26e138fdc0bfc8426704b397141d563cf4d580a2	vendor/wr-cores/ip_cores/general-cores/modules/wishbone/wb_crossbar/xwb_sdb_crossbar.vhd	3c5f8196e91b2c18a6d2a724dbb52be6adc85e58	vendor/wr-cores/ip_cores/general-cores/modules/wishbone/wb_crossbar/xwb_sdb_crossbar.vhd	byte-identical	7dacdeb74482f6bdee38705845e60acebde59e27e29e419bda67bb020fc5ef37
26e138fdc0bfc8426704b397141d563cf4d580a2	vendor/wr-cores/ip_cores/general-cores/modules/wishbone/wb_dma/Manifest.py	e549ae1c6faabf20b3bd841b6e1227a2eac32897	vendor/wr-cores/ip_cores/general-cores/modules/wishbone/wb_dma/Manifest.py	byte-identical	18795f4ed8b33870c458d69c4cb01b33a2c580bcd93eff1ab9d23b10ff9472a9
26e138fdc0bfc8426704b397141d563cf4d580a2	vendor/wr-cores/ip_cores/general-cores/modules/wishbone/wb_dma/xwb_dma.vhd	cf2b82467573836524956b3d37873a695623b015	vendor/wr-cores/ip_cores/general-cores/modules/wishbone/wb_dma/xwb_dma.vhd	byte-identical	91c9742a3b2ae0ae2f599d7ff8abddc082a75b4f02bcc7e6bb573d501acce9d6
26e138fdc0bfc8426704b397141d563cf4d580a2	vendor/wr-cores/ip_cores/general-cores/modules/wishbone/wb_dma/xwb_streamer.vhd	bb2bccc20e8f8918c5021b9e8de9de883547a78d	vendor/wr-cores/ip_cores/general-cores/modules/wishbone/wb_dma/xwb_streamer.vhd	byte-identical	cae9ab65e5e50d7be6ad21fb321942d60b0fe5fd92dfbbd3b8180a90dbd0bdc6
26e138fdc0bfc8426704b397141d563cf4d580a2	vendor/wr-cores/ip_cores/general-cores/modules/wishbone/wb_dpram/Manifest.py	6198271581d00c37025a2ceb0d4191d3e357d0f2	vendor/wr-cores/ip_cores/general-cores/modules/wishbone/wb_dpram/Manifest.py	byte-identical	267c24abcdc3f3d8b6e7d23699651d8243128de1a5b4e88e9cd314f4243ffc20
26e138fdc0bfc8426704b397141d563cf4d580a2	vendor/wr-cores/ip_cores/general-cores/modules/wishbone/wb_dpram/xwb_dpram.vhd	78a9029b7ca527e5914e6e33c6eb160c0aa2c66b	vendor/wr-cores/ip_cores/general-cores/modules/wishbone/wb_dpram/xwb_dpram.vhd	byte-identical	7aecb0d751ed7891428d9fa7c8ce7887f1c7590a4881f1b096d271898ca581da
26e138fdc0bfc8426704b397141d563cf4d580a2	vendor/wr-cores/ip_cores/general-cores/modules/wishbone/wb_dpram/xwb_dpram_mixed.vhd	a3aafa8395860b1a8f4b7de849ca4fac99a59b92	vendor/wr-cores/ip_cores/general-cores/modules/wishbone/wb_dpram/xwb_dpram_mixed.vhd	byte-identical	064560b422591c9c1e78ece4a56112d4b24e67e11fe2ca706913b30b5e21f493
26e138fdc0bfc8426704b397141d563cf4d580a2	vendor/wr-cores/ip_cores/general-cores/modules/wishbone/wb_ds182x_readout/Manifest.py	ec4269a579165647b614d4b7260523c4ae83de77	vendor/wr-cores/ip_cores/general-cores/modules/wishbone/wb_ds182x_readout/Manifest.py	byte-identical	fff740d36ee0650bfeee52dcf9bf102bb69e21ad0d7c151e1e2f06916a56cc3f
26e138fdc0bfc8426704b397141d563cf4d580a2	vendor/wr-cores/ip_cores/general-cores/modules/wishbone/wb_ds182x_readout/wb_ds182x_regs.cheby	d96c83b8b24b0fe3fc8a087ac307322eecb7257f	vendor/wr-cores/ip_cores/general-cores/modules/wishbone/wb_ds182x_readout/wb_ds182x_regs.cheby	byte-identical	aa118994728e2a20ce39b70c49c0b6643a66b8e470cd919169f551d2b21a75ab
26e138fdc0bfc8426704b397141d563cf4d580a2	vendor/wr-cores/ip_cores/general-cores/modules/wishbone/wb_ds182x_readout/wb_ds182x_regs.vhd	74d8b1c51c9c58e9ef1583e91f369c46969aea6e	vendor/wr-cores/ip_cores/general-cores/modules/wishbone/wb_ds182x_readout/wb_ds182x_regs.vhd	byte-identical	cc1c436f790dd6cbb5ff71c631d230e76973ff55328301f9dcbc94a7e1adb4d7
26e138fdc0bfc8426704b397141d563cf4d580a2	vendor/wr-cores/ip_cores/general-cores/modules/wishbone/wb_ds182x_readout/xwb_ds182x_readout.vhd	5b6ef91cf46609dea256a6730d5c89ca32e8b52d	vendor/wr-cores/ip_cores/general-cores/modules/wishbone/wb_ds182x_readout/xwb_ds182x_readout.vhd	byte-identical	74e4d0ff264300a8f61f8fdaa5677a1949ee8cb6db899281e6a0d24e5f6974ca
26e138fdc0bfc8426704b397141d563cf4d580a2	vendor/wr-cores/ip_cores/general-cores/modules/wishbone/wb_fine_pulse_gen/Manifest.py	66b230c6246fa652656e4c5d6ddda82e2b431369	vendor/wr-cores/ip_cores/general-cores/modules/wishbone/wb_fine_pulse_gen/Manifest.py	byte-identical	9db31be1a2346d432082a67c3d26b7c13c2844c1e5e96fc981502a7631da9336
26e138fdc0bfc8426704b397141d563cf4d580a2	vendor/wr-cores/ip_cores/general-cores/modules/wishbone/wb_fine_pulse_gen/fine_pulse_gen_kintex7.vhd	de21325c1fc90f719fb6c4d591de05b4aa7450fb	vendor/wr-cores/ip_cores/general-cores/modules/wishbone/wb_fine_pulse_gen/fine_pulse_gen_kintex7.vhd	byte-identical	145a066e85c1f84f3266e400c8513e44e91e262b35fabdae58a61fba051f5933
26e138fdc0bfc8426704b397141d563cf4d580a2	vendor/wr-cores/ip_cores/general-cores/modules/wishbone/wb_fine_pulse_gen/fine_pulse_gen_kintex7_shared.vhd	547148d4a2ae13bb88811b33a6e6d8730e5fada3	vendor/wr-cores/ip_cores/general-cores/modules/wishbone/wb_fine_pulse_gen/fine_pulse_gen_kintex7_shared.vhd	byte-identical	3adbe282e25183f0c8416cd136cfd37a183ad40ffa6a61fe0965a03780e327f5
26e138fdc0bfc8426704b397141d563cf4d580a2	vendor/wr-cores/ip_cores/general-cores/modules/wishbone/wb_fine_pulse_gen/fine_pulse_gen_kintexultrascale.vhd	fb4796eb8e417f1db4c5392e27da6a22f613ba05	vendor/wr-cores/ip_cores/general-cores/modules/wishbone/wb_fine_pulse_gen/fine_pulse_gen_kintexultrascale.vhd	byte-identical	e7b6db86371d257e5c9952f0925819d5b540189579a3fa3dcf6530ad3a526cac
26e138fdc0bfc8426704b397141d563cf4d580a2	vendor/wr-cores/ip_cores/general-cores/modules/wishbone/wb_fine_pulse_gen/fine_pulse_gen_kintexultrascale_shared.vhd	443d773adadb20d3efb2f608de15b9f61f133f51	vendor/wr-cores/ip_cores/general-cores/modules/wishbone/wb_fine_pulse_gen/fine_pulse_gen_kintexultrascale_shared.vhd	byte-identical	895d584db95c3bf364376e1fbfde174687086277c8cfa555a81ce7c0d6565329
26e138fdc0bfc8426704b397141d563cf4d580a2	vendor/wr-cores/ip_cores/general-cores/modules/wishbone/wb_fine_pulse_gen/generate-cheby-files.sh	df7f8efb40e6fc1c9dadb746d686b0e6920a0fcb	vendor/wr-cores/ip_cores/general-cores/modules/wishbone/wb_fine_pulse_gen/generate-cheby-files.sh	byte-identical	ca4217b83672f411a251cf8e2fccea07ec1d143f690ef5bb348e793c3b50ed25
26e138fdc0bfc8426704b397141d563cf4d580a2	vendor/wr-cores/ip_cores/general-cores/modules/wishbone/wb_fine_pulse_gen/wb_fpgen_regs.cheby	16865d5c296eb08185127ea78fdbf28b810f3f46	vendor/wr-cores/ip_cores/general-cores/modules/wishbone/wb_fine_pulse_gen/wb_fpgen_regs.cheby	byte-identical	87d62bbd7da2bd2c23e1361dee051122f414722a4f4bb51097a16a5ba5c3af13
26e138fdc0bfc8426704b397141d563cf4d580a2	vendor/wr-cores/ip_cores/general-cores/modules/wishbone/wb_fine_pulse_gen/wb_fpgen_regs.vhd	86ff8e853754dfb2587042f686a67e90a9189a0a	vendor/wr-cores/ip_cores/general-cores/modules/wishbone/wb_fine_pulse_gen/wb_fpgen_regs.vhd	byte-identical	b488bd56ea3044fe0356121a4054c5f41b1ce6d33c8213d69734ad14e95297c4
26e138fdc0bfc8426704b397141d563cf4d580a2	vendor/wr-cores/ip_cores/general-cores/modules/wishbone/wb_fine_pulse_gen/xwb_fine_pulse_gen.vhd	72ccd11a2b4e70f4887ef574247228366a24b641	vendor/wr-cores/ip_cores/general-cores/modules/wishbone/wb_fine_pulse_gen/xwb_fine_pulse_gen.vhd	byte-identical	3f3b6fb64a1bbc9e9efd36b90ff76535c2f25e0f73b810fa1b419a9a6b69c622
26e138fdc0bfc8426704b397141d563cf4d580a2	vendor/wr-cores/ip_cores/general-cores/modules/wishbone/wb_gpio_port/Manifest.py	78bed88c5eb2472b66e431aecfe9008c9e39af1a	vendor/wr-cores/ip_cores/general-cores/modules/wishbone/wb_gpio_port/Manifest.py	byte-identical	b9b2608c0f9ca643dcaa0d94170c1540eb7938eeeebe088c4ea76070b57ae118
26e138fdc0bfc8426704b397141d563cf4d580a2	vendor/wr-cores/ip_cores/general-cores/modules/wishbone/wb_gpio_port/wb_gpio_port.vhd	5147508e4417a269606ec0ff9ccb9cf1ae7061aa	vendor/wr-cores/ip_cores/general-cores/modules/wishbone/wb_gpio_port/wb_gpio_port.vhd	byte-identical	4c27647191ceecd0fa002000c2dab29a21b1258765d67381bd00aa3e73b0ad07
26e138fdc0bfc8426704b397141d563cf4d580a2	vendor/wr-cores/ip_cores/general-cores/modules/wishbone/wb_gpio_port/xwb_gpio_port.vhd	658f56ea7962a5b98b67352901e759ac1abd583e	vendor/wr-cores/ip_cores/general-cores/modules/wishbone/wb_gpio_port/xwb_gpio_port.vhd	byte-identical	453de87b97785ef7eb732f5ba39ce8edfe368254676f38b47b333df80ae711b8
26e138fdc0bfc8426704b397141d563cf4d580a2	vendor/wr-cores/ip_cores/general-cores/modules/wishbone/wb_i2c_bridge/Manifest.py	50f4758fecf8d0cce1cfca73de4779ef6349b3c3	vendor/wr-cores/ip_cores/general-cores/modules/wishbone/wb_i2c_bridge/Manifest.py	byte-identical	9fd26d64dd09ef7e5fbec7e53db70c414f9f89fcb48d1ba488f394f2b1638198
26e138fdc0bfc8426704b397141d563cf4d580a2	vendor/wr-cores/ip_cores/general-cores/modules/wishbone/wb_i2c_bridge/wb_i2c_bridge.vhd	7932437df7e843d233d3947c69f72e2dc11a781e	vendor/wr-cores/ip_cores/general-cores/modules/wishbone/wb_i2c_bridge/wb_i2c_bridge.vhd	byte-identical	d7b5a63c81af2fc4672610587c7db959f548c43f8c2684bec6665b6225671629
26e138fdc0bfc8426704b397141d563cf4d580a2	vendor/wr-cores/ip_cores/general-cores/modules/wishbone/wb_i2c_master/Manifest.py	1a7ec4869f15066c3c28ab763f17ae634fbe80f1	vendor/wr-cores/ip_cores/general-cores/modules/wishbone/wb_i2c_master/Manifest.py	byte-identical	d63f2c844588292af80ce7804d21bc0258a3ef9fcbaee3f04ab33d6e7b489130
26e138fdc0bfc8426704b397141d563cf4d580a2	vendor/wr-cores/ip_cores/general-cores/modules/wishbone/wb_i2c_master/i2c_master_bit_ctrl.vhd	06f92c2645756a98dff579cde60fcfe03fe795fd	vendor/wr-cores/ip_cores/general-cores/modules/wishbone/wb_i2c_master/i2c_master_bit_ctrl.vhd	byte-identical	e9c7431da482fd1e29252cbfeb3bd051367c232651ba41666d6e9c703179d783
26e138fdc0bfc8426704b397141d563cf4d580a2	vendor/wr-cores/ip_cores/general-cores/modules/wishbone/wb_i2c_master/i2c_master_byte_ctrl.vhd	4bc0bd9785ddc0bd7268226c0ef502790869d7ec	vendor/wr-cores/ip_cores/general-cores/modules/wishbone/wb_i2c_master/i2c_master_byte_ctrl.vhd	byte-identical	afddd6d39287e28fd46780e1bbdc36dc04d7d45dea153985a77d3ac0ddeb13ae
26e138fdc0bfc8426704b397141d563cf4d580a2	vendor/wr-cores/ip_cores/general-cores/modules/wishbone/wb_i2c_master/i2c_master_top.vhd	f05836bffbeac0752542dbb5b0d7fb3e5b8c53ef	vendor/wr-cores/ip_cores/general-cores/modules/wishbone/wb_i2c_master/i2c_master_top.vhd	byte-identical	ce54b8dec37e657c71f3e49deca34d30ba8ea4bdbf4082e2a1c229c1e9ea18fc
26e138fdc0bfc8426704b397141d563cf4d580a2	vendor/wr-cores/ip_cores/general-cores/modules/wishbone/wb_i2c_master/wb_i2c_master.vhd	44959238f34d7435aea26936f4bc58d75a9c0961	vendor/wr-cores/ip_cores/general-cores/modules/wishbone/wb_i2c_master/wb_i2c_master.vhd	byte-identical	d5f25c30c96b072f803365a0250c6f8d3a90c2644c018bcda8f2b087de1916bd
26e138fdc0bfc8426704b397141d563cf4d580a2	vendor/wr-cores/ip_cores/general-cores/modules/wishbone/wb_i2c_master/xwb_i2c_master.vhd	75ccf2385e2458843f53f8a738de257892acb5ff	vendor/wr-cores/ip_cores/general-cores/modules/wishbone/wb_i2c_master/xwb_i2c_master.vhd	byte-identical	1e265f958bea8d98a8d2e3533cc3db8c2b4685799d8e79aeb9864a879cd9fb77
26e138fdc0bfc8426704b397141d563cf4d580a2	vendor/wr-cores/ip_cores/general-cores/modules/wishbone/wb_indirect/Manifest.py	dfeed0551453774854249eb15b89cd0e44a7b625	vendor/wr-cores/ip_cores/general-cores/modules/wishbone/wb_indirect/Manifest.py	byte-identical	cf27a812cad686cb54df2edfa912d03c9244dfccde8461440bed2163dd8291e0
26e138fdc0bfc8426704b397141d563cf4d580a2	vendor/wr-cores/ip_cores/general-cores/modules/wishbone/wb_indirect/wb_indirect_regs.cheby	6658c61b3c98a091863f4425993095e88c2f5ecb	vendor/wr-cores/ip_cores/general-cores/modules/wishbone/wb_indirect/wb_indirect_regs.cheby	byte-identical	fddc1bb69f96b0f518aac1664826fd6825169106af9c4972c0f4bf72707e9c5a
26e138fdc0bfc8426704b397141d563cf4d580a2	vendor/wr-cores/ip_cores/general-cores/modules/wishbone/wb_indirect/wb_indirect_regs.vhd	9c6898b1c0648ec08fce505098e406866c70ce3d	vendor/wr-cores/ip_cores/general-cores/modules/wishbone/wb_indirect/wb_indirect_regs.vhd	byte-identical	2b62151f631f5ae9b8ef4e3a7ee567e492568b239ded3f6ded1d2d271af13c02
26e138fdc0bfc8426704b397141d563cf4d580a2	vendor/wr-cores/ip_cores/general-cores/modules/wishbone/wb_indirect/xwb_indirect.vhd	2c35f2bdb69e9470bba2afd31fe68c6ea297eb21	vendor/wr-cores/ip_cores/general-cores/modules/wishbone/wb_indirect/xwb_indirect.vhd	byte-identical	2836c02688b5865430109ac2d7a60a9a02c37584c70d20b882864de17c273712
26e138fdc0bfc8426704b397141d563cf4d580a2	vendor/wr-cores/ip_cores/general-cores/modules/wishbone/wb_irq/Manifest.py	894c10ac7d75d957fae46203b6ef823f1f0fff18	vendor/wr-cores/ip_cores/general-cores/modules/wishbone/wb_irq/Manifest.py	byte-identical	401f8065a1d1a790249281ab7bd1e8379a37897c405cd5ea39b7db67121bfa4c
26e138fdc0bfc8426704b397141d563cf4d580a2	vendor/wr-cores/ip_cores/general-cores/modules/wishbone/wb_irq/irqm_core.vhd	758c13a5cc9f7d95bfd8d3b1d0f62fb07aa5c019	vendor/wr-cores/ip_cores/general-cores/modules/wishbone/wb_irq/irqm_core.vhd	byte-identical	52d13e228c378c77c0bcb32a007c1ea2fa9d1731e54a173dc047da7dcb9d28d4
26e138fdc0bfc8426704b397141d563cf4d580a2	vendor/wr-cores/ip_cores/general-cores/modules/wishbone/wb_irq/msidemo/crt0.S	eca382680209c235195f9e68f09765b2909f00ca	vendor/wr-cores/ip_cores/general-cores/modules/wishbone/wb_irq/msidemo/crt0.S	byte-identical	9f2cde52fd270192fdd1b657dc4a779238622ee4e88084799e097e1006988b0c
26e138fdc0bfc8426704b397141d563cf4d580a2	vendor/wr-cores/ip_cores/general-cores/modules/wishbone/wb_irq/msidemo/display.c	3d728b7b10da19d88cc77a3c0bcfef3c09b793f1	vendor/wr-cores/ip_cores/general-cores/modules/wishbone/wb_irq/msidemo/display.c	byte-identical	4c3fa3eb97c892ec507736aefcabf98782911e1cd5a7ade97cf5f73d90993265
26e138fdc0bfc8426704b397141d563cf4d580a2	vendor/wr-cores/ip_cores/general-cores/modules/wishbone/wb_irq/msidemo/eca-msi.sh	0b0dd0f8b834d87fb1fcd8687cded44a7c10f113	vendor/wr-cores/ip_cores/general-cores/modules/wishbone/wb_irq/msidemo/eca-msi.sh	byte-identical	6c301f61fb017ed1a11fbc717b15fc9cd1305dc6cb4d2f8a4431c873d80732f4
26e138fdc0bfc8426704b397141d563cf4d580a2	vendor/wr-cores/ip_cores/general-cores/modules/wishbone/wb_irq/msidemo/irq.c	f83a2fd1df7429f1c5e030a80e117d33e1b16fc2	vendor/wr-cores/ip_cores/general-cores/modules/wishbone/wb_irq/msidemo/irq.c	byte-identical	d7c9fa8f5c08538b6e728fad401153ae93e7f25497d3533c34a60e1f83df5069
26e138fdc0bfc8426704b397141d563cf4d580a2	vendor/wr-cores/ip_cores/general-cores/modules/wishbone/wb_irq/msidemo/linker.ld	98a7c0ed8629a3ce3efe8499cc70adc06c6a8652	vendor/wr-cores/ip_cores/general-cores/modules/wishbone/wb_irq/msidemo/linker.ld	byte-identical	2992b80ad59c0a88dd42fd8ffbf414d804f52394bc29ced050a7f46e5289b14f
26e138fdc0bfc8426704b397141d563cf4d580a2	vendor/wr-cores/ip_cores/general-cores/modules/wishbone/wb_irq/msidemo/main.c	0d06b389d62a25ffd1811f7af577ff1bdb6fbfac	vendor/wr-cores/ip_cores/general-cores/modules/wishbone/wb_irq/msidemo/main.c	byte-identical	8e4b708d9cdbb65765ae3b2a0501f80f1b235536ec6cf58b53069c25d8ed0310
26e138fdc0bfc8426704b397141d563cf4d580a2	vendor/wr-cores/ip_cores/general-cores/modules/wishbone/wb_irq/wb_irq_lm32.vhd	1248ab631f2b62ba0c03533e52e40f45db69a834	vendor/wr-cores/ip_cores/general-cores/modules/wishbone/wb_irq/wb_irq_lm32.vhd	byte-identical	44e7e6784fc6084a74ea3a7ff52ff0969db6159631ea163349746c41af844cc8
26e138fdc0bfc8426704b397141d563cf4d580a2	vendor/wr-cores/ip_cores/general-cores/modules/wishbone/wb_irq/wb_irq_master.vhd	b995083b7a7831338c9992331609fb05d00a45a2	vendor/wr-cores/ip_cores/general-cores/modules/wishbone/wb_irq/wb_irq_master.vhd	byte-identical	83fbb0e1eacc56ec651163fdaeaa232c6aac8dfe44a5a00a9d261b8883d2c5e3
26e138fdc0bfc8426704b397141d563cf4d580a2	vendor/wr-cores/ip_cores/general-cores/modules/wishbone/wb_irq/wb_irq_pkg.vhd	09560f001de35613cac3518a39b6cd98c93206b3	vendor/wr-cores/ip_cores/general-cores/modules/wishbone/wb_irq/wb_irq_pkg.vhd	byte-identical	04f5261ef91902f357245bd04025e6cf6a74a495f3e42d8c57347c12eeb4474d
26e138fdc0bfc8426704b397141d563cf4d580a2	vendor/wr-cores/ip_cores/general-cores/modules/wishbone/wb_irq/wb_irq_slave.vhd	dd181e83cf9d028fb7b5f7af75c3f655a3fd3afc	vendor/wr-cores/ip_cores/general-cores/modules/wishbone/wb_irq/wb_irq_slave.vhd	byte-identical	e47bdc91fa2fa9fdc626a1c7974cbdf4c37b216aff40cb1e02c9bdd18b40cafe
26e138fdc0bfc8426704b397141d563cf4d580a2	vendor/wr-cores/ip_cores/general-cores/modules/wishbone/wb_irq/wb_irq_timer.vhd	952d1ac3175c3564bcdfc3003657c841da1d83be	vendor/wr-cores/ip_cores/general-cores/modules/wishbone/wb_irq/wb_irq_timer.vhd	byte-identical	98d3ce9e2bf64e0cec52eeee36f611bae4ff41544b90584878aea1ac1574dbf2
26e138fdc0bfc8426704b397141d563cf4d580a2	vendor/wr-cores/ip_cores/general-cores/modules/wishbone/wb_lm32/Manifest.py	1c645d68cbf56fbf1fa873d79a424ada94b97a41	vendor/wr-cores/ip_cores/general-cores/modules/wishbone/wb_lm32/Manifest.py	byte-identical	19a8beb63b8b8901944db9fa57fab9bfb00bc2a5887276939fd0b838efb3ab37
26e138fdc0bfc8426704b397141d563cf4d580a2	vendor/wr-cores/ip_cores/general-cores/modules/wishbone/wb_lm32/README.txt	4b8531e063f9b1edf7659a08f3fca3fbde59f178	vendor/wr-cores/ip_cores/general-cores/modules/wishbone/wb_lm32/README.txt	byte-identical	ef04420f3206cb48b76773cbc672ee27eb3888e7572edcd5f54d13ac138cd5d4
26e138fdc0bfc8426704b397141d563cf4d580a2	vendor/wr-cores/ip_cores/general-cores/modules/wishbone/wb_lm32/gen_lmcores.py	512ca10ca94fec199560c0cddf054d97ca6ab534	vendor/wr-cores/ip_cores/general-cores/modules/wishbone/wb_lm32/gen_lmcores.py	byte-identical	46a24a41478eaf2c87541e52b3c8f97d14ea0534dfb406b51817d7c21bb527a3
26e138fdc0bfc8426704b397141d563cf4d580a2	vendor/wr-cores/ip_cores/general-cores/modules/wishbone/wb_lm32/generated/lm32_allprofiles.v	2b0afba95ee0b7d673cb271631280c7fc732b706	vendor/wr-cores/ip_cores/general-cores/modules/wishbone/wb_lm32/generated/lm32_allprofiles.v	byte-identical	899bd84c062686289129276d113600339f91ae8d4a00e29fceea8524791f1bca
26e138fdc0bfc8426704b397141d563cf4d580a2	vendor/wr-cores/ip_cores/general-cores/modules/wishbone/wb_lm32/generated/xwb_lm32.vhd	5c8984642d410055b54853712793f3c8e253780b	vendor/wr-cores/ip_cores/general-cores/modules/wishbone/wb_lm32/generated/xwb_lm32.vhd	byte-identical	0aea701b5f213e7eb46040aca152e1f05135d8586123fa8cc5e15c4e56173aec
26e138fdc0bfc8426704b397141d563cf4d580a2	vendor/wr-cores/ip_cores/general-cores/modules/wishbone/wb_lm32/lm32.profiles	b7f7cfeb8162176607d99616125d0637013b1ce2	vendor/wr-cores/ip_cores/general-cores/modules/wishbone/wb_lm32/lm32.profiles	byte-identical	060c59ecec2ae5fc6cc92e09f23387a34624f482e8d01bb204dabef05e05a3e6
26e138fdc0bfc8426704b397141d563cf4d580a2	vendor/wr-cores/ip_cores/general-cores/modules/wishbone/wb_lm32/platform/altera/jtag_tap.v	029d5581c914f6690b7bca342d5be1f4ca3a9826	vendor/wr-cores/ip_cores/general-cores/modules/wishbone/wb_lm32/platform/altera/jtag_tap.v	byte-identical	a4351ec73c6c4608d70da56d79990df3b5ec8822a268add718898f375ed6cfcb
26e138fdc0bfc8426704b397141d563cf4d580a2	vendor/wr-cores/ip_cores/general-cores/modules/wishbone/wb_lm32/platform/generic/jtag_tap.v	1821c3f6d9d6e722d807204f82f6deedc378b7f5	vendor/wr-cores/ip_cores/general-cores/modules/wishbone/wb_lm32/platform/generic/jtag_tap.v	byte-identical	97904c86cea5010cad75d9a5869201d64a5976da52229a0f288975096ed23db8
26e138fdc0bfc8426704b397141d563cf4d580a2	vendor/wr-cores/ip_cores/general-cores/modules/wishbone/wb_lm32/platform/generic/lm32_multiplier.v	ea3e0cb0d761e0edbe5aec9a76b07cb017d90f24	vendor/wr-cores/ip_cores/general-cores/modules/wishbone/wb_lm32/platform/generic/lm32_multiplier.v	byte-identical	3fe4c89fa8495790adcd999d94c8c5a5ac78ce9ee695fd50039ae296fd329f7c
26e138fdc0bfc8426704b397141d563cf4d580a2	vendor/wr-cores/ip_cores/general-cores/modules/wishbone/wb_lm32/platform/kintex7/jtag_tap.v	5938e9e71225c96f3f5b9d04078971a81677267c	vendor/wr-cores/ip_cores/general-cores/modules/wishbone/wb_lm32/platform/kintex7/jtag_tap.v	byte-identical	b90d0a187d6556d3b92ff51b26bc0c7065422146f228c38d7e7336fe22adf9c4
26e138fdc0bfc8426704b397141d563cf4d580a2	vendor/wr-cores/ip_cores/general-cores/modules/wishbone/wb_lm32/platform/kintex7/lm32_multiplier.v	8b854ff18bc0bd7affb186cc3ca7263d817a4255	vendor/wr-cores/ip_cores/general-cores/modules/wishbone/wb_lm32/platform/kintex7/lm32_multiplier.v	byte-identical	d0a57435bd18dbf73f9c0b8f694f21d8a3db2b31f4d15c08166d54a439435ef4
26e138fdc0bfc8426704b397141d563cf4d580a2	vendor/wr-cores/ip_cores/general-cores/modules/wishbone/wb_lm32/platform/spartan6/jtag_tap.v	30641168af18aeb31df0062325a08a7e61693837	vendor/wr-cores/ip_cores/general-cores/modules/wishbone/wb_lm32/platform/spartan6/jtag_tap.v	byte-identical	34d8bb5135b77714f908dbde0cce9573f914b1f11d968d7c8be402f4b1cca765
26e138fdc0bfc8426704b397141d563cf4d580a2	vendor/wr-cores/ip_cores/general-cores/modules/wishbone/wb_lm32/platform/spartan6/lm32_multiplier.v	47c10a29ddd3b1179ba2d25a053d6a60d646f7cb	vendor/wr-cores/ip_cores/general-cores/modules/wishbone/wb_lm32/platform/spartan6/lm32_multiplier.v	byte-identical	14ee2108d386c482779c1812f6f33c557b7020622d99e0bba5b1411b30adef83
26e138fdc0bfc8426704b397141d563cf4d580a2	vendor/wr-cores/ip_cores/general-cores/modules/wishbone/wb_lm32/src/jtag_cores.v	78dbf0293275daae6c204ab09b9e2f82252c8100	vendor/wr-cores/ip_cores/general-cores/modules/wishbone/wb_lm32/src/jtag_cores.v	byte-identical	6e410042f13b026a70ffb7e6efe9a9adf105db9a74a8d95c2404cd50f15609ed
26e138fdc0bfc8426704b397141d563cf4d580a2	vendor/wr-cores/ip_cores/general-cores/modules/wishbone/wb_lm32/src/lm32_adder.v	b0d2d79ce1ef5e09d803dab8552fbf976744fa86	vendor/wr-cores/ip_cores/general-cores/modules/wishbone/wb_lm32/src/lm32_adder.v	byte-identical	f73d6dd6869b2e021df6f58537e120bfa91b319d0dabf75ded01c60091f538f8
26e138fdc0bfc8426704b397141d563cf4d580a2	vendor/wr-cores/ip_cores/general-cores/modules/wishbone/wb_lm32/src/lm32_addsub.v	8861cbe2d029b6a0cae027b807f10af3c909b7b7	vendor/wr-cores/ip_cores/general-cores/modules/wishbone/wb_lm32/src/lm32_addsub.v	byte-identical	7f58fcd81afd8f61ca7c741879acfb0d967a6fbf128acab1b9f93d3f95714612
26e138fdc0bfc8426704b397141d563cf4d580a2	vendor/wr-cores/ip_cores/general-cores/modules/wishbone/wb_lm32/src/lm32_cpu.v	5f577be75e34320e366bcea15b816d876e1d2660	vendor/wr-cores/ip_cores/general-cores/modules/wishbone/wb_lm32/src/lm32_cpu.v	byte-identical	a0a9ba058385f8a6902ec2903e158110ee29754d109557c0a7fa563fe431fc3c
26e138fdc0bfc8426704b397141d563cf4d580a2	vendor/wr-cores/ip_cores/general-cores/modules/wishbone/wb_lm32/src/lm32_dcache.v	278e7e2c4286e68f30b8a6d854d3494c8f156c6e	vendor/wr-cores/ip_cores/general-cores/modules/wishbone/wb_lm32/src/lm32_dcache.v	byte-identical	5b283d92aa41f00182023d7f3337c802c272ef3881d8c0ab5af0702e033140ac
26e138fdc0bfc8426704b397141d563cf4d580a2	vendor/wr-cores/ip_cores/general-cores/modules/wishbone/wb_lm32/src/lm32_debug.v	ae2873d8d5349e3f3f6b6d48853bee8e3b865567	vendor/wr-cores/ip_cores/general-cores/modules/wishbone/wb_lm32/src/lm32_debug.v	byte-identical	f687ccf11e9d4c32609ba378fb8d8c2bb5934ed1687cf063009b34cb89d2ab78
26e138fdc0bfc8426704b397141d563cf4d580a2	vendor/wr-cores/ip_cores/general-cores/modules/wishbone/wb_lm32/src/lm32_decoder.v	a3540ab359e7a59c9ff35961b7627b6006e8c242	vendor/wr-cores/ip_cores/general-cores/modules/wishbone/wb_lm32/src/lm32_decoder.v	byte-identical	f0c0ddca13d9f9c672100a882d9c92578f6e918072070b7f5dedc4754c01ac09
26e138fdc0bfc8426704b397141d563cf4d580a2	vendor/wr-cores/ip_cores/general-cores/modules/wishbone/wb_lm32/src/lm32_dp_ram.v	ff01a6f1a2ce9200af6f0495ed94e3e62675c1a0	vendor/wr-cores/ip_cores/general-cores/modules/wishbone/wb_lm32/src/lm32_dp_ram.v	byte-identical	f521d125e28dddc466680b6d72bfbf0617585699bd0604ca8560faa47e5782c4
26e138fdc0bfc8426704b397141d563cf4d580a2	vendor/wr-cores/ip_cores/general-cores/modules/wishbone/wb_lm32/src/lm32_dp_ram.vhd	7f416bb95b6610e2677cd5b5e1353242c20b8239	vendor/wr-cores/ip_cores/general-cores/modules/wishbone/wb_lm32/src/lm32_dp_ram.vhd	byte-identical	b8825cc4f4987268707d385967df8877958c690d1a34a6f53335c756d34ddfde
26e138fdc0bfc8426704b397141d563cf4d580a2	vendor/wr-cores/ip_cores/general-cores/modules/wishbone/wb_lm32/src/lm32_functions.v	4ea16af563c70fbbb01481d4ac601d08d9d66e38	vendor/wr-cores/ip_cores/general-cores/modules/wishbone/wb_lm32/src/lm32_functions.v	byte-identical	f1119b5d5fe47af10a131f1db6ff74c6e1525ae4d1470abffee67bcf51e068b2
26e138fdc0bfc8426704b397141d563cf4d580a2	vendor/wr-cores/ip_cores/general-cores/modules/wishbone/wb_lm32/src/lm32_icache.v	ef77ead8f71cff221c81a5550624dada354518d1	vendor/wr-cores/ip_cores/general-cores/modules/wishbone/wb_lm32/src/lm32_icache.v	byte-identical	f3fb225d8a013cda75c83154b17506642fe723c5edcddcbf506cfe9c6dc78c83
26e138fdc0bfc8426704b397141d563cf4d580a2	vendor/wr-cores/ip_cores/general-cores/modules/wishbone/wb_lm32/src/lm32_include.v	5adff9d8604c6121e334b6085ab05c779c852bf7	vendor/wr-cores/ip_cores/general-cores/modules/wishbone/wb_lm32/src/lm32_include.v	byte-identical	3d130fc675f413d0e648a1e55fbf3c3c0389b60e31148927197c38d90ad69b32
26e138fdc0bfc8426704b397141d563cf4d580a2	vendor/wr-cores/ip_cores/general-cores/modules/wishbone/wb_lm32/src/lm32_instruction_unit.v	0e6df5e483920679f420e3daa81e44a32db55374	vendor/wr-cores/ip_cores/general-cores/modules/wishbone/wb_lm32/src/lm32_instruction_unit.v	byte-identical	609e5dd32a18b2771375fb8051bc94aff250be6318b85c774d98c01daae9e9fe
26e138fdc0bfc8426704b397141d563cf4d580a2	vendor/wr-cores/ip_cores/general-cores/modules/wishbone/wb_lm32/src/lm32_interrupt.v	ae98f1c14225d290022f31f9d6191ff162c013f6	vendor/wr-cores/ip_cores/general-cores/modules/wishbone/wb_lm32/src/lm32_interrupt.v	byte-identical	2cbbc74df6a29d5bd3cd217f51bee3714936f08208311c83f6d6a39a11d362a8
26e138fdc0bfc8426704b397141d563cf4d580a2	vendor/wr-cores/ip_cores/general-cores/modules/wishbone/wb_lm32/src/lm32_jtag.v	e4821315ae6f494c90ec81a0a086285161f20941	vendor/wr-cores/ip_cores/general-cores/modules/wishbone/wb_lm32/src/lm32_jtag.v	byte-identical	e5404aca506e46fd798cab0c8e717dcba786f6f938d9cbfe19da2079fd32fb68
26e138fdc0bfc8426704b397141d563cf4d580a2	vendor/wr-cores/ip_cores/general-cores/modules/wishbone/wb_lm32/src/lm32_load_store_unit.v	c8dd66adc862fb30223c8d2ef2e11543f02963bf	vendor/wr-cores/ip_cores/general-cores/modules/wishbone/wb_lm32/src/lm32_load_store_unit.v	byte-identical	a933b8f8f68846b5a240e243b7b2ac864bd8c6f59bdefa285ac6e9565e2a151f
26e138fdc0bfc8426704b397141d563cf4d580a2	vendor/wr-cores/ip_cores/general-cores/modules/wishbone/wb_lm32/src/lm32_logic_op.v	af1b752be9a677f5310d8bf3c0dd93e71c9030af	vendor/wr-cores/ip_cores/general-cores/modules/wishbone/wb_lm32/src/lm32_logic_op.v	byte-identical	5e838d00add0b3b6f6585c48ae10b84c11855b553e8ca1037d2c08c74554ce49
26e138fdc0bfc8426704b397141d563cf4d580a2	vendor/wr-cores/ip_cores/general-cores/modules/wishbone/wb_lm32/src/lm32_mc_arithmetic.v	382b21bda9581f427b5505cb76548722a4193e48	vendor/wr-cores/ip_cores/general-cores/modules/wishbone/wb_lm32/src/lm32_mc_arithmetic.v	byte-identical	60551035bf7b3037125de0d57e1557d69b69e76c90b27c923259c7fba8dfec63
26e138fdc0bfc8426704b397141d563cf4d580a2	vendor/wr-cores/ip_cores/general-cores/modules/wishbone/wb_lm32/src/lm32_ram.v	dba35671480510408573c1daa7a385bbfb9969e7	vendor/wr-cores/ip_cores/general-cores/modules/wishbone/wb_lm32/src/lm32_ram.v	byte-identical	315882f97b0bd14ef969cfeb84d122e8d663e6d80f4061c653f5da1643ac9e01
26e138fdc0bfc8426704b397141d563cf4d580a2	vendor/wr-cores/ip_cores/general-cores/modules/wishbone/wb_lm32/src/lm32_ram.vhd	e39dbb999a35ab3aacf5d12a7c247433350efd8e	vendor/wr-cores/ip_cores/general-cores/modules/wishbone/wb_lm32/src/lm32_ram.vhd	byte-identical	28bf65ed0a4d07f3a2b509d9d371b35ad70d9f311524a30d89f75c89161a5c26
26e138fdc0bfc8426704b397141d563cf4d580a2	vendor/wr-cores/ip_cores/general-cores/modules/wishbone/wb_lm32/src/lm32_shifter.v	a9f0892b9683d077c3d66304ec486adfa4b857bb	vendor/wr-cores/ip_cores/general-cores/modules/wishbone/wb_lm32/src/lm32_shifter.v	byte-identical	95436345a69ae9a1dc4a1da17440a4e6e909a12d25cb7e5c0be79b3315b7af74
26e138fdc0bfc8426704b397141d563cf4d580a2	vendor/wr-cores/ip_cores/general-cores/modules/wishbone/wb_lm32/src/lm32_top.v	d31322c98b6fc85a8ec36aac66bf4e8a7ca850e5	vendor/wr-cores/ip_cores/general-cores/modules/wishbone/wb_lm32/src/lm32_top.v	byte-identical	98b78f637e440338e71aebc0a120978a8be3ac699ddcabe72abac300b848700d
26e138fdc0bfc8426704b397141d563cf4d580a2	vendor/wr-cores/ip_cores/general-cores/modules/wishbone/wb_lm32_mcs/Manifest.py	628007b04568adf9241a01335fb82681fe8c17b7	vendor/wr-cores/ip_cores/general-cores/modules/wishbone/wb_lm32_mcs/Manifest.py	byte-identical	9b8f7ff00ab0374b8ae86b928168af2f25775790c4faa9ea57b8c6d52f07bad4
26e138fdc0bfc8426704b397141d563cf4d580a2	vendor/wr-cores/ip_cores/general-cores/modules/wishbone/wb_lm32_mcs/xwb_lm32_mcs.vhd	aa780d30ad2857c68ff5349b29994d8ca3af6dc0	vendor/wr-cores/ip_cores/general-cores/modules/wishbone/wb_lm32_mcs/xwb_lm32_mcs.vhd	byte-identical	71b18669d1ab69a9957f1291dced90fd9bea1c3848012ad57961c2b52b93c735
26e138fdc0bfc8426704b397141d563cf4d580a2	vendor/wr-cores/ip_cores/general-cores/modules/wishbone/wb_metadata/Manifest.py	3bad494839a85929c0f9f59a5c63bbd2a9ca5578	vendor/wr-cores/ip_cores/general-cores/modules/wishbone/wb_metadata/Manifest.py	byte-identical	8f8db965c4a2d2669fd7822233330ddfc5bc8f0c95676853c65b1c1758049605
26e138fdc0bfc8426704b397141d563cf4d580a2	vendor/wr-cores/ip_cores/general-cores/modules/wishbone/wb_metadata/xwb_metadata.vhd	fb82f0b46e22542c3d498b74c9d69c23de7dc76f	vendor/wr-cores/ip_cores/general-cores/modules/wishbone/wb_metadata/xwb_metadata.vhd	byte-identical	9926af3770c3c8482e9e16a0224b6d3e03f2919c92125ce4857a7ce79686de9e
26e138fdc0bfc8426704b397141d563cf4d580a2	vendor/wr-cores/ip_cores/general-cores/modules/wishbone/wb_onewire_master/Manifest.py	b51d6d49f84d7e539d861ec232486af70e77ead3	vendor/wr-cores/ip_cores/general-cores/modules/wishbone/wb_onewire_master/Manifest.py	byte-identical	6a08e7f6c24c738857979437f0e4142bcd2e9d3fe57f29529a01c2243bf5a659
26e138fdc0bfc8426704b397141d563cf4d580a2	vendor/wr-cores/ip_cores/general-cores/modules/wishbone/wb_onewire_master/sockit_owm.v	b7d0abba98518b288145f9a43fa0677791742da6	vendor/wr-cores/ip_cores/general-cores/modules/wishbone/wb_onewire_master/sockit_owm.v	byte-identical	dd0693e42ca4c61b53e8d27e5355b2e4df1dc880fa75ad6cfb23fd978f761769
26e138fdc0bfc8426704b397141d563cf4d580a2	vendor/wr-cores/ip_cores/general-cores/modules/wishbone/wb_onewire_master/wb_onewire_master.vhd	fc2219ad5e586b918c17d49d34e46ab0dd59568b	vendor/wr-cores/ip_cores/general-cores/modules/wishbone/wb_onewire_master/wb_onewire_master.vhd	byte-identical	3162cea94c8961b8e7499437c8829a503a5959e2a4ce37db56511ba8f14d14b8
26e138fdc0bfc8426704b397141d563cf4d580a2	vendor/wr-cores/ip_cores/general-cores/modules/wishbone/wb_onewire_master/xwb_onewire_master.vhd	18714938aaf70d9aa9f9f227373028f3efd11ed8	vendor/wr-cores/ip_cores/general-cores/modules/wishbone/wb_onewire_master/xwb_onewire_master.vhd	byte-identical	3a2b87f2059019bfde6b930e082719d4ea729e21e5edcbf862a327a90edb4bef
26e138fdc0bfc8426704b397141d563cf4d580a2	vendor/wr-cores/ip_cores/general-cores/modules/wishbone/wb_register/Manifest.py	198bde8e07c05a474afcd3b0f7d3bf3c8b6d8cbc	vendor/wr-cores/ip_cores/general-cores/modules/wishbone/wb_register/Manifest.py	byte-identical	d1e026f057c7c5cdf133d3dd64b5f771a5283a5491e665ce8e6ef58f4bb5dba4
26e138fdc0bfc8426704b397141d563cf4d580a2	vendor/wr-cores/ip_cores/general-cores/modules/wishbone/wb_register/wb_skidpad.vhd	2e16a8088529bd72543103736aaa59c8ad247788	vendor/wr-cores/ip_cores/general-cores/modules/wishbone/wb_register/wb_skidpad.vhd	byte-identical	4157040df27748bfa6e2f426b312c43d0e97b4e538399aa0c8ef2d9afc79c556
26e138fdc0bfc8426704b397141d563cf4d580a2	vendor/wr-cores/ip_cores/general-cores/modules/wishbone/wb_register/wb_skidpad2.vhd	0b929eee73f187dd0ee596ccef018e0791feabb2	vendor/wr-cores/ip_cores/general-cores/modules/wishbone/wb_register/wb_skidpad2.vhd	byte-identical	611cb1596fd06798ca58922c9ab1f1716bb5d593cec24d17704989e2e182fddc
26e138fdc0bfc8426704b397141d563cf4d580a2	vendor/wr-cores/ip_cores/general-cores/modules/wishbone/wb_register/xwb_register.vhd	bdf2891e0473ff2fabfa8e7f6c7c7bb20c316668	vendor/wr-cores/ip_cores/general-cores/modules/wishbone/wb_register/xwb_register.vhd	byte-identical	8e59e74639128dddba3aa9a4afc8cca105b100db211a7a3a95f687f7ddc4831a
26e138fdc0bfc8426704b397141d563cf4d580a2	vendor/wr-cores/ip_cores/general-cores/modules/wishbone/wb_register/xwb_register_link.vhd	94d839404d286553cf994b0b1002cc5c33c33064	vendor/wr-cores/ip_cores/general-cores/modules/wishbone/wb_register/xwb_register_link.vhd	byte-identical	8627ee4e97b5bf94236cee96435da578b84ea7f1f07dce2013a115caf84eafa9
26e138fdc0bfc8426704b397141d563cf4d580a2	vendor/wr-cores/ip_cores/general-cores/modules/wishbone/wb_remapper/Manifest.py	a8e0efe1512e3562a01cc82fa71b1218b5368f7b	vendor/wr-cores/ip_cores/general-cores/modules/wishbone/wb_remapper/Manifest.py	byte-identical	688b5873ef53118e109af7a485749547de50791e032907f40da6457382b34b87
26e138fdc0bfc8426704b397141d563cf4d580a2	vendor/wr-cores/ip_cores/general-cores/modules/wishbone/wb_remapper/xwb_remapper.vhd	75b2f77bd72f17fd166017938ab92e4155b59790	vendor/wr-cores/ip_cores/general-cores/modules/wishbone/wb_remapper/xwb_remapper.vhd	byte-identical	73fad83a8a6a738bfb010f800cc0c9f1c50c475b998fa87cc3ecfed8dc343a64
26e138fdc0bfc8426704b397141d563cf4d580a2	vendor/wr-cores/ip_cores/general-cores/modules/wishbone/wb_serial_lcd/Manifest.py	08aebb35c6b571b14835ef104f24ab325ec983e6	vendor/wr-cores/ip_cores/general-cores/modules/wishbone/wb_serial_lcd/Manifest.py	byte-identical	eeddfb85296f87b8832c3d1cf36b851390da79cd23480516f90b8a6595e94d7a
26e138fdc0bfc8426704b397141d563cf4d580a2	vendor/wr-cores/ip_cores/general-cores/modules/wishbone/wb_serial_lcd/wb_serial_lcd.vhd	c648f7a476e1ca12eef1292934543da880d8029f	vendor/wr-cores/ip_cores/general-cores/modules/wishbone/wb_serial_lcd/wb_serial_lcd.vhd	byte-identical	d2f9fcb78ae9d36a9d2f1f851211016e09bd87f26cefbefd65006f8203f40398
26e138fdc0bfc8426704b397141d563cf4d580a2	vendor/wr-cores/ip_cores/general-cores/modules/wishbone/wb_simple_pwm/Manifest.py	e5018a82797045c32a2e626ef207a4c50b2f8805	vendor/wr-cores/ip_cores/general-cores/modules/wishbone/wb_simple_pwm/Manifest.py	byte-identical	bc8be60f089c778382aa76ea7894f362880254741a7cfa9274a4a079b0c5f990
26e138fdc0bfc8426704b397141d563cf4d580a2	vendor/wr-cores/ip_cores/general-cores/modules/wishbone/wb_simple_pwm/simple_pwm_wb.vhd	7ad87bf437712441be4255d1220a5a45243f9bbe	vendor/wr-cores/ip_cores/general-cores/modules/wishbone/wb_simple_pwm/simple_pwm_wb.vhd	byte-identical	843c356c578c51374abe85d0a14b397e29babc1b74e9950e6890740ed0f49285
26e138fdc0bfc8426704b397141d563cf4d580a2	vendor/wr-cores/ip_cores/general-cores/modules/wishbone/wb_simple_pwm/simple_pwm_wb.wb	ca0ee14e74d980a9c2f91c7ffc644cbe20d746ff	vendor/wr-cores/ip_cores/general-cores/modules/wishbone/wb_simple_pwm/simple_pwm_wb.wb	byte-identical	52e18d52fafb92a18084d556afc6122760461530758ee10a77a4294488c81f7a
26e138fdc0bfc8426704b397141d563cf4d580a2	vendor/wr-cores/ip_cores/general-cores/modules/wishbone/wb_simple_pwm/simple_pwm_wbgen2_pkg.vhd	fc7da510aba608ed720c9edb87e382fa2c5bc71f	vendor/wr-cores/ip_cores/general-cores/modules/wishbone/wb_simple_pwm/simple_pwm_wbgen2_pkg.vhd	byte-identical	d341ca4f420d3e10876dd375a0af92fd9580c56357d39150fe949f55a3d2f2bd
26e138fdc0bfc8426704b397141d563cf4d580a2	vendor/wr-cores/ip_cores/general-cores/modules/wishbone/wb_simple_pwm/wb_simple_pwm.vhd	d6924d526b0b27c9ee7c892eb26a50716afbd69a	vendor/wr-cores/ip_cores/general-cores/modules/wishbone/wb_simple_pwm/wb_simple_pwm.vhd	byte-identical	0fd6511d14dc43d6fc7c402884b1ddffe3cdb2ce19b526cccef2385a9c99450a
26e138fdc0bfc8426704b397141d563cf4d580a2	vendor/wr-cores/ip_cores/general-cores/modules/wishbone/wb_simple_pwm/xwb_simple_pwm.vhd	d82a246828f20a00578e3bc7f3f38d2804e3d3a8	vendor/wr-cores/ip_cores/general-cores/modules/wishbone/wb_simple_pwm/xwb_simple_pwm.vhd	byte-identical	257ee10767795211d3fbed4a012ca3f49417b36cfd949227de8f32be12030a77
26e138fdc0bfc8426704b397141d563cf4d580a2	vendor/wr-cores/ip_cores/general-cores/modules/wishbone/wb_simple_timer/Manifest.py	50eca963c875995cac976d215c120e1870e2c83b	vendor/wr-cores/ip_cores/general-cores/modules/wishbone/wb_simple_timer/Manifest.py	byte-identical	09e57faba0232257a15fa389b045ccb1a6d2f81ec6d20c1c0740cd7022bb7a71
26e138fdc0bfc8426704b397141d563cf4d580a2	vendor/wr-cores/ip_cores/general-cores/modules/wishbone/wb_simple_timer/wb_tics.vhd	4c26e2858a2d980df7bbbe8cc8b1ad4cdfc87344	vendor/wr-cores/ip_cores/general-cores/modules/wishbone/wb_simple_timer/wb_tics.vhd	byte-identical	ee780b79a8373b7d2b3653c90e6c623c878a47a30a337c8fde86e050a749b6de
26e138fdc0bfc8426704b397141d563cf4d580a2	vendor/wr-cores/ip_cores/general-cores/modules/wishbone/wb_simple_timer/xwb_tics.vhd	d79068315b1d79b3e3518d626573a51448b78b79	vendor/wr-cores/ip_cores/general-cores/modules/wishbone/wb_simple_timer/xwb_tics.vhd	byte-identical	d2ee9e0d708e84af0530fae4571fec04eecc1df75bb8f2cc886ebc28f72a523e
26e138fdc0bfc8426704b397141d563cf4d580a2	vendor/wr-cores/ip_cores/general-cores/modules/wishbone/wb_slave_adapter/Manifest.py	8245799d7c892376e3d4879cab435330ab4169e6	vendor/wr-cores/ip_cores/general-cores/modules/wishbone/wb_slave_adapter/Manifest.py	byte-identical	baced953d75802bc4147609520cbfe7ab1303ab80bc35d972c3663cddbd7b46c
26e138fdc0bfc8426704b397141d563cf4d580a2	vendor/wr-cores/ip_cores/general-cores/modules/wishbone/wb_slave_adapter/wb_slave_adapter.vhd	de45aa3c28e755dab7364a0f1e85902c6bcba73a	vendor/wr-cores/ip_cores/general-cores/modules/wishbone/wb_slave_adapter/wb_slave_adapter.vhd	byte-identical	ec84ab821bf715f70c70fdc6f57e7807194fd60f39a62cc2a8c1a0076476b08f
26e138fdc0bfc8426704b397141d563cf4d580a2	vendor/wr-cores/ip_cores/general-cores/modules/wishbone/wb_spi/Manifest.py	0e26854f5422e9acb9293327e537628425a5e3aa	vendor/wr-cores/ip_cores/general-cores/modules/wishbone/wb_spi/Manifest.py	byte-identical	a7dcf9dbe4a367855d4eb2a41ad4d946b983287f13ba616f9066bed77c9626fe
26e138fdc0bfc8426704b397141d563cf4d580a2	vendor/wr-cores/ip_cores/general-cores/modules/wishbone/wb_spi/spi_clgen.v	c6ac0199bac5a01cfdcd79cb2de44fa6a971ee5e	vendor/wr-cores/ip_cores/general-cores/modules/wishbone/wb_spi/spi_clgen.v	byte-identical	121a36354f757f10c8feff6d6972cfb69d58eb9c152f21a63e2ef05d06b60c46
26e138fdc0bfc8426704b397141d563cf4d580a2	vendor/wr-cores/ip_cores/general-cores/modules/wishbone/wb_spi/spi_defines.v	f9afa0f478d50ba540e0016f5a97d5e28fda6832	vendor/wr-cores/ip_cores/general-cores/modules/wishbone/wb_spi/spi_defines.v	byte-identical	8762b12c590057c0fceffbad092e3a713a1359369a0a31bb64c18f6cfaedc4bb
26e138fdc0bfc8426704b397141d563cf4d580a2	vendor/wr-cores/ip_cores/general-cores/modules/wishbone/wb_spi/spi_shift.v	2aa9c98f667b6d42d069554c03a9db3e47917a4f	vendor/wr-cores/ip_cores/general-cores/modules/wishbone/wb_spi/spi_shift.v	byte-identical	a6da4285c73f3c797dd4bc768112c847689ef7064dc753c5e3906644a553cf3f
26e138fdc0bfc8426704b397141d563cf4d580a2	vendor/wr-cores/ip_cores/general-cores/modules/wishbone/wb_spi/spi_top.v	a93bae8f8ee4c591a3d285182fb3e9344fccbf09	vendor/wr-cores/ip_cores/general-cores/modules/wishbone/wb_spi/spi_top.v	byte-identical	2609e80e1dea4d07b6c1ef9f37adf32b5d3101fba8166e4999b3e224eccf4386
26e138fdc0bfc8426704b397141d563cf4d580a2	vendor/wr-cores/ip_cores/general-cores/modules/wishbone/wb_spi/spi_wb.cheby	bfe0d9947c286d3034cca28440263868c19a43aa	vendor/wr-cores/ip_cores/general-cores/modules/wishbone/wb_spi/spi_wb.cheby	byte-identical	078a5e375ab1c815cdaa19ad6e4a3ea8795d1707f0b5b077ab7076d0edf08c04
26e138fdc0bfc8426704b397141d563cf4d580a2	vendor/wr-cores/ip_cores/general-cores/modules/wishbone/wb_spi/timescale.v	60d4ecbd1037ab1681914e071563893a6ae4b3e4	vendor/wr-cores/ip_cores/general-cores/modules/wishbone/wb_spi/timescale.v	byte-identical	51d0bd23e68fff1dc81b7e51aed20d46b743807bbadc1265bdbd34c1f1465c8f
26e138fdc0bfc8426704b397141d563cf4d580a2	vendor/wr-cores/ip_cores/general-cores/modules/wishbone/wb_spi/wb_spi.vhd	12d66d542a4543a175d7cf1a5ece389b75941396	vendor/wr-cores/ip_cores/general-cores/modules/wishbone/wb_spi/wb_spi.vhd	byte-identical	5b1a62f6bdd879b5cfe6270caff0ea8675fee9e4211b5a6b684e3616cc57ff68
26e138fdc0bfc8426704b397141d563cf4d580a2	vendor/wr-cores/ip_cores/general-cores/modules/wishbone/wb_spi/xwb_spi.vhd	0c26d3d56ae429571a10b292172aff4bb313df9b	vendor/wr-cores/ip_cores/general-cores/modules/wishbone/wb_spi/xwb_spi.vhd	byte-identical	5aac5ba446cea5d790b4af9a7dadd04a3336c03f048ffa140016f8814b100b8e
26e138fdc0bfc8426704b397141d563cf4d580a2	vendor/wr-cores/ip_cores/general-cores/modules/wishbone/wb_spi_flash/Manifest.py	80910ec6280c92c001daa9541e1778d64fc8122c	vendor/wr-cores/ip_cores/general-cores/modules/wishbone/wb_spi_flash/Manifest.py	byte-identical	7e78ad241ba02af8ab761442ff70c2e26868de6ee96d5cb0ff63e6aae34b7841
26e138fdc0bfc8426704b397141d563cf4d580a2	vendor/wr-cores/ip_cores/general-cores/modules/wishbone/wb_spi_flash/wb_spi_flash.vhd	4d820551f15ceeada69d446db5b97bd458015a6d	vendor/wr-cores/ip_cores/general-cores/modules/wishbone/wb_spi_flash/wb_spi_flash.vhd	byte-identical	2b48d1cdb868946861ffa843947f3481b20e06662c7367a72ed7d35d85a0af81
26e138fdc0bfc8426704b397141d563cf4d580a2	vendor/wr-cores/ip_cores/general-cores/modules/wishbone/wb_split/Manifest.py	aadeeb8588d4480c6af34089212f0e85e466133b	vendor/wr-cores/ip_cores/general-cores/modules/wishbone/wb_split/Manifest.py	byte-identical	941a3bdfa165e9615ba0a76ed8f1777148c90e248fb0a95461f7038490599fd5
26e138fdc0bfc8426704b397141d563cf4d580a2	vendor/wr-cores/ip_cores/general-cores/modules/wishbone/wb_split/xwb_split.vhd	521485b38f1151367f8b1de36758f0a57a12acf2	vendor/wr-cores/ip_cores/general-cores/modules/wishbone/wb_split/xwb_split.vhd	byte-identical	4384d6f2ccaf4d5a86786277d7beb91cf2c640060f4bac9c714982cdd5de68eb
26e138fdc0bfc8426704b397141d563cf4d580a2	vendor/wr-cores/ip_cores/general-cores/modules/wishbone/wb_uart/Manifest.py	fce059952072e3a821090e55b0d9b4ad6809a471	vendor/wr-cores/ip_cores/general-cores/modules/wishbone/wb_uart/Manifest.py	byte-identical	89865326b069d23ffd55a746693ef8cc8ef3d3d289a7cdd866b48faf4b2e808a
26e138fdc0bfc8426704b397141d563cf4d580a2	vendor/wr-cores/ip_cores/general-cores/modules/wishbone/wb_uart/build_wb.sh	c1faa35fd63c7387b25a0c1109a22f1c1f651019	vendor/wr-cores/ip_cores/general-cores/modules/wishbone/wb_uart/build_wb.sh	byte-identical	4044310de116e2115b171ab552524859eddbeb7f962f4cb31e2ae339c339688c
26e138fdc0bfc8426704b397141d563cf4d580a2	vendor/wr-cores/ip_cores/general-cores/modules/wishbone/wb_uart/simple_uart_pkg.vhd	ac5a34885407b894460a551d040bc82d975021ce	vendor/wr-cores/ip_cores/general-cores/modules/wishbone/wb_uart/simple_uart_pkg.vhd	byte-identical	5d84a9c98af11a9cf4b6dd6b45b730cf0c1f6660f10826d06606b6f5de5d4861
26e138fdc0bfc8426704b397141d563cf4d580a2	vendor/wr-cores/ip_cores/general-cores/modules/wishbone/wb_uart/simple_uart_wb.vhd	84e0d79d19b9c344e902f887b28a9c70473e7fa2	vendor/wr-cores/ip_cores/general-cores/modules/wishbone/wb_uart/simple_uart_wb.vhd	byte-identical	b75b2240c9ca7d61d55cb60e86d0307422abaaa99b874270b85c8c6ebbd5a725
26e138fdc0bfc8426704b397141d563cf4d580a2	vendor/wr-cores/ip_cores/general-cores/modules/wishbone/wb_uart/simple_uart_wb.wb	bdb66e86b0af013aac954e21cc456ea732fbc6ab	vendor/wr-cores/ip_cores/general-cores/modules/wishbone/wb_uart/simple_uart_wb.wb	byte-identical	a8b86a54d22e5cd6db1f482956b44bff4a65aec04fe83d2785addd9542773156
26e138fdc0bfc8426704b397141d563cf4d580a2	vendor/wr-cores/ip_cores/general-cores/modules/wishbone/wb_uart/uart_async_rx.vhd	ea996e08e9ccf0ef884c3b575e455c57f60e8c25	vendor/wr-cores/ip_cores/general-cores/modules/wishbone/wb_uart/uart_async_rx.vhd	byte-identical	e77f3217de243a480a1885ecc832f2d32616d262b1c0f042cf96680f657b5822
26e138fdc0bfc8426704b397141d563cf4d580a2	vendor/wr-cores/ip_cores/general-cores/modules/wishbone/wb_uart/uart_async_tx.vhd	d0a743f397cb202ce5b7877abe4f6f3a70c29677	vendor/wr-cores/ip_cores/general-cores/modules/wishbone/wb_uart/uart_async_tx.vhd	byte-identical	35a1972078d06163386d652af034bb2817d46f8164f809696dfc983e67cfb2e3
26e138fdc0bfc8426704b397141d563cf4d580a2	vendor/wr-cores/ip_cores/general-cores/modules/wishbone/wb_uart/uart_baud_gen.vhd	a565c5c20cdeab080e1370baecdac50bb3d975b2	vendor/wr-cores/ip_cores/general-cores/modules/wishbone/wb_uart/uart_baud_gen.vhd	byte-identical	bd3b26a4ec38a479fd78c0f50574f2badcf5cc7077ba6ee79f86efe18bec7d9c
26e138fdc0bfc8426704b397141d563cf4d580a2	vendor/wr-cores/ip_cores/general-cores/modules/wishbone/wb_uart/uart_wb_slave.vhd	fb2d0e87fa8a5c66b783fc0fc32cf9d1493ba5c8	vendor/wr-cores/ip_cores/general-cores/modules/wishbone/wb_uart/uart_wb_slave.vhd	byte-identical	926d98ad5e1725505b43501a647e6a65b7e777b6d3a47dbc8541cb54d330c2e5
26e138fdc0bfc8426704b397141d563cf4d580a2	vendor/wr-cores/ip_cores/general-cores/modules/wishbone/wb_uart/wb_simple_uart.vhd	fe14da986d4cb72663453e23e17c021cd94db7de	vendor/wr-cores/ip_cores/general-cores/modules/wishbone/wb_uart/wb_simple_uart.vhd	byte-identical	62bce5eae28ff56b3e972f6737f6ad9b6933e9eb3fb9d4308ce3b5b5824f163a
26e138fdc0bfc8426704b397141d563cf4d580a2	vendor/wr-cores/ip_cores/general-cores/modules/wishbone/wb_uart/xwb_simple_uart.vhd	0889d4752f129e7ca78ccff05f5eb01bc0619ffe	vendor/wr-cores/ip_cores/general-cores/modules/wishbone/wb_uart/xwb_simple_uart.vhd	byte-identical	08a824accdf78a10a5c945f7a5bc55ee29145e2433d2c568127355643e8d6872
26e138fdc0bfc8426704b397141d563cf4d580a2	vendor/wr-cores/ip_cores/general-cores/modules/wishbone/wb_vic/Manifest.py	ba7c7c3fc2f1958791f71d70ad2f38815b4c2cc4	vendor/wr-cores/ip_cores/general-cores/modules/wishbone/wb_vic/Manifest.py	byte-identical	728e4bb05cfb6b1123998df0477bd3e60e5f56e24c476cb448d04efef70b8e9a
26e138fdc0bfc8426704b397141d563cf4d580a2	vendor/wr-cores/ip_cores/general-cores/modules/wishbone/wb_vic/wb_vic.vhd	9dd81581e464bc2ee2f10c21178a3dd580b5b11d	vendor/wr-cores/ip_cores/general-cores/modules/wishbone/wb_vic/wb_vic.vhd	byte-identical	0b901877b9e72ce205f89c45037fcb38bb8d281e65ce148ff35afedda85b003d
26e138fdc0bfc8426704b397141d563cf4d580a2	vendor/wr-cores/ip_cores/general-cores/modules/wishbone/wb_vic/wb_vic_regs.cheby	b5f496877d6ba4c1c22499a01c2780017ccedf7a	vendor/wr-cores/ip_cores/general-cores/modules/wishbone/wb_vic/wb_vic_regs.cheby	byte-identical	715cb978b9a7bbe7e708cd0d477e7e40762768757f3a0395f7c789b1681627c3
26e138fdc0bfc8426704b397141d563cf4d580a2	vendor/wr-cores/ip_cores/general-cores/modules/wishbone/wb_vic/wb_vic_regs.vhd	d906a5225cc35d6b822e303525a73cebd8ecc6f8	vendor/wr-cores/ip_cores/general-cores/modules/wishbone/wb_vic/wb_vic_regs.vhd	byte-identical	d6e4497473493e9105fd8d22c4c6109981d682bf54bc0dd33d9550ec59475858
26e138fdc0bfc8426704b397141d563cf4d580a2	vendor/wr-cores/ip_cores/general-cores/modules/wishbone/wb_vic/xwb_vic.vhd	c92c7b70c034f02311deb248d033ced782ba1e13	vendor/wr-cores/ip_cores/general-cores/modules/wishbone/wb_vic/xwb_vic.vhd	byte-identical	7bdd459a54a8cc6f9b2ea308ff7c0f85c05b240f5bb7f53648b2b28a22f59bf7
26e138fdc0bfc8426704b397141d563cf4d580a2	vendor/wr-cores/ip_cores/general-cores/modules/wishbone/wb_xc7_fw_update/Manifest.py	0c868aabb72cca99ce0a5dd2e0265f2f07eb68dd	vendor/wr-cores/ip_cores/general-cores/modules/wishbone/wb_xc7_fw_update/Manifest.py	byte-identical	eb62de6f1ad157d6972e82a278f7eb96d44cd4ea511e1e785f5e6fcdc1456537
26e138fdc0bfc8426704b397141d563cf4d580a2	vendor/wr-cores/ip_cores/general-cores/modules/wishbone/wb_xc7_fw_update/wb_xc7_fw_update_regs.cheby	0c96fbe8e787e491ec39a2e56ae21bcb1235b461	vendor/wr-cores/ip_cores/general-cores/modules/wishbone/wb_xc7_fw_update/wb_xc7_fw_update_regs.cheby	byte-identical	608407f53a2396320a6343da69eb8aece160494fe7daeb1ba18af6191d0d9c80
26e138fdc0bfc8426704b397141d563cf4d580a2	vendor/wr-cores/ip_cores/general-cores/modules/wishbone/wb_xc7_fw_update/wb_xc7_fw_update_regs.vhd	aecd10af42b3af3adfc0cfbe2e54d26125a5c1b3	vendor/wr-cores/ip_cores/general-cores/modules/wishbone/wb_xc7_fw_update/wb_xc7_fw_update_regs.vhd	byte-identical	f84ea0ea88022e0550a3daf818c34935fb3221603d38b694c35d07905d6385bd
26e138fdc0bfc8426704b397141d563cf4d580a2	vendor/wr-cores/ip_cores/general-cores/modules/wishbone/wb_xc7_fw_update/xwb_xc7_fw_update.vhd	23445a5a53d1c2786cfd4ff535d48ffcaf0ce106	vendor/wr-cores/ip_cores/general-cores/modules/wishbone/wb_xc7_fw_update/xwb_xc7_fw_update.vhd	byte-identical	f97e79548526911feb04768c8a6d3880458b10d385a3cb1bc93ff0a8c3c1e2b9
26e138fdc0bfc8426704b397141d563cf4d580a2	vendor/wr-cores/ip_cores/general-cores/modules/wishbone/wb_xc7_fw_update/xwb_xc7_fw_update_v2.vhd	7fdb935407214cc55b9035e63b9752ce18728734	vendor/wr-cores/ip_cores/general-cores/modules/wishbone/wb_xc7_fw_update/xwb_xc7_fw_update_v2.vhd	byte-identical	b8bfc906cc6bcae1a567815731f5b8ab4e45330d24593791c9b5c2a98c4073b6
26e138fdc0bfc8426704b397141d563cf4d580a2	vendor/wr-cores/ip_cores/general-cores/modules/wishbone/wbgen2/Manifest.py	96dfa934ef565626238e58e72f37ac7e3cfe31da	vendor/wr-cores/ip_cores/general-cores/modules/wishbone/wbgen2/Manifest.py	byte-identical	55eecc50a2a4ed744d908e4038608ec5dc19862f1b05d9c04cc0dd2f2418e37f
26e138fdc0bfc8426704b397141d563cf4d580a2	vendor/wr-cores/ip_cores/general-cores/modules/wishbone/wbgen2/wbgen2_dpssram.vhd	ff98f1acb4ec3137487182696aa365ae0e4d29a4	vendor/wr-cores/ip_cores/general-cores/modules/wishbone/wbgen2/wbgen2_dpssram.vhd	byte-identical	7188e32ef19e685cf97ed22c97119dd437444d71e616b55d668ee515d2cd336f
26e138fdc0bfc8426704b397141d563cf4d580a2	vendor/wr-cores/ip_cores/general-cores/modules/wishbone/wbgen2/wbgen2_eic.vhd	d3cd3530f310fca8c62a40c1d1e651b3b4f111c2	vendor/wr-cores/ip_cores/general-cores/modules/wishbone/wbgen2/wbgen2_eic.vhd	byte-identical	62582973ec0d7f25cd93ff35d5332e7c62610c020aeb05958c47f13dadf99170
26e138fdc0bfc8426704b397141d563cf4d580a2	vendor/wr-cores/ip_cores/general-cores/modules/wishbone/wbgen2/wbgen2_fifo_async.vhd	388fa0213454a60ce1431deebad3214b61541d56	vendor/wr-cores/ip_cores/general-cores/modules/wishbone/wbgen2/wbgen2_fifo_async.vhd	byte-identical	475a4e83f5d43ed6f2264e855c919da359636ac2fe0542ec736f51609425f678
26e138fdc0bfc8426704b397141d563cf4d580a2	vendor/wr-cores/ip_cores/general-cores/modules/wishbone/wbgen2/wbgen2_fifo_sync.vhd	e26d86fcb6558be48a030552e8fcf7101822f7f5	vendor/wr-cores/ip_cores/general-cores/modules/wishbone/wbgen2/wbgen2_fifo_sync.vhd	byte-identical	ca3feee05d4fb9a1f1172378cbe6373f3dde8c470afdb49d7e1a97f2e73c0fcd
26e138fdc0bfc8426704b397141d563cf4d580a2	vendor/wr-cores/ip_cores/general-cores/modules/wishbone/wbgen2/wbgen2_pkg.vhd	61737d27edddea45233b6d9015e7d4e0a562a21b	vendor/wr-cores/ip_cores/general-cores/modules/wishbone/wbgen2/wbgen2_pkg.vhd	byte-identical	59f6a4fdf4d2d2ba02732c611caf31c027f0362ac4a4548852236726e0feb474
26e138fdc0bfc8426704b397141d563cf4d580a2	vendor/wr-cores/ip_cores/general-cores/modules/wishbone/wbgenplus/Manifest.py	658ecc0fddd225295c5ca3ec51811e74a7b335ae	vendor/wr-cores/ip_cores/general-cores/modules/wishbone/wbgenplus/Manifest.py	byte-identical	152ba98306802bfee7a7ee91faada3c4f45869f9b9e9c4d3703c5200be6adc67
26e138fdc0bfc8426704b397141d563cf4d580a2	vendor/wr-cores/ip_cores/general-cores/modules/wishbone/wbgenplus/wbgenplus_pkg.vhd	5957bc20df72d63c137d88cc4ca0da2b7c42586f	vendor/wr-cores/ip_cores/general-cores/modules/wishbone/wbgenplus/wbgenplus_pkg.vhd	byte-identical	8534629513fcdd8dcff313ccd6ef33e6d74db6e060fd0e5c5d1e11d31d5f0912
26e138fdc0bfc8426704b397141d563cf4d580a2	vendor/wr-cores/ip_cores/general-cores/modules/wishbone/wishbone_pkg.vhd	f3cd785eafea6a47ffedc1d4e406b3b6853b8fb3	vendor/wr-cores/ip_cores/general-cores/modules/wishbone/wishbone_pkg.vhd	byte-identical	987faf3eaef351509035c5e94ba89aee9294e069daa328162c64776386d869b6
26e138fdc0bfc8426704b397141d563cf4d580a2	vendor/wr-cores/ip_cores/general-cores/platform/Manifest.py	1584e7e76ca915795443dc193cbe9690f686370b	vendor/wr-cores/ip_cores/general-cores/platform/Manifest.py	byte-identical	f24e8959c2433477094bb03159b564a37903f4bb4765ffa4c253587979eb3033
26e138fdc0bfc8426704b397141d563cf4d580a2	vendor/wr-cores/ip_cores/general-cores/platform/altera/Manifest.py	c50521287741c515784fd17a59d388a3726ddf91	vendor/wr-cores/ip_cores/general-cores/platform/altera/Manifest.py	byte-identical	23f73495f7fdcf756b8e3eadc05f431b2f595941a10824eec35f70109ee9395d
26e138fdc0bfc8426704b397141d563cf4d580a2	vendor/wr-cores/ip_cores/general-cores/platform/altera/flash/Manifest.py	509f1a78a71b5bd60006b9d1fb785c4e3dfff9a7	vendor/wr-cores/ip_cores/general-cores/platform/altera/flash/Manifest.py	byte-identical	09ae74198d0003d173dea7a01bb35bed4efeeb0837a8730e69a1fd00e12a5587
26e138fdc0bfc8426704b397141d563cf4d580a2	vendor/wr-cores/ip_cores/general-cores/platform/altera/flash/altera_flash_pkg.vhd	81c52ac2e5ac7b88f77d929efdda4d6500c05929	vendor/wr-cores/ip_cores/general-cores/platform/altera/flash/altera_flash_pkg.vhd	byte-identical	da40093c07dfb373fb60f28d043872f7538efbc87547b40453cbae2cdd184f61
26e138fdc0bfc8426704b397141d563cf4d580a2	vendor/wr-cores/ip_cores/general-cores/platform/altera/flash/altera_spi.vhd	4cbe526ae1e8eca87db20b480947e056afdbf2b5	vendor/wr-cores/ip_cores/general-cores/platform/altera/flash/altera_spi.vhd	byte-identical	32df29bbc55428dfb423d6a91f9058f64b0172acf0d2fbe46b8cbe95b33e260e
26e138fdc0bfc8426704b397141d563cf4d580a2	vendor/wr-cores/ip_cores/general-cores/platform/altera/flash/flash_top.vhd	c8ab95ca02aeb7f3e10f094beb38990057dc2a8c	vendor/wr-cores/ip_cores/general-cores/platform/altera/flash/flash_top.vhd	byte-identical	d6c3fb00d90717615a631bbf102cc1c0daafe24ab1ffd9477ae0152f28806104
26e138fdc0bfc8426704b397141d563cf4d580a2	vendor/wr-cores/ip_cores/general-cores/platform/altera/networks/.gitignore	d22eff05872a5edb3c95bd735481ff211ca05244	vendor/wr-cores/ip_cores/general-cores/platform/altera/networks/.gitignore	byte-identical	be31530387ed310e7d1880597b033234577b3181d5a43ae93e12fbb1d3466c74
26e138fdc0bfc8426704b397141d563cf4d580a2	vendor/wr-cores/ip_cores/general-cores/platform/altera/networks/Manifest.py	202158a21f870980e9bab9d12a540f85836ccda8	vendor/wr-cores/ip_cores/general-cores/platform/altera/networks/Manifest.py	byte-identical	18203897f062643283763edf0f15c3c3de24c7ba0254b2e7fac99fbf9b95f4f3
26e138fdc0bfc8426704b397141d563cf4d580a2	vendor/wr-cores/ip_cores/general-cores/platform/altera/networks/altera_networks_pkg.vhd	65cc9281869e4d8fc0151b065619cda57ec39960	vendor/wr-cores/ip_cores/general-cores/platform/altera/networks/altera_networks_pkg.vhd	byte-identical	068d379f24f4e057c65097f3556ebc9b94bcf26f240fd0a794fe0ef3138dbba2
26e138fdc0bfc8426704b397141d563cf4d580a2	vendor/wr-cores/ip_cores/general-cores/platform/altera/networks/arria2gx.tcl	df4e6510eead5d980e276f0801aaa02a69c32fed	vendor/wr-cores/ip_cores/general-cores/platform/altera/networks/arria2gx.tcl	byte-identical	4681ebf4a96c1bc11e9ae16ba2a48c6a21351a5b8829596ba23453e72c412e1e
26e138fdc0bfc8426704b397141d563cf4d580a2	vendor/wr-cores/ip_cores/general-cores/platform/altera/networks/arria2gx/dual_region.txt	1972035f0141db269f879f9ba40fd81dc9e49834	vendor/wr-cores/ip_cores/general-cores/platform/altera/networks/arria2gx/dual_region.txt	byte-identical	be5dd838886f73646ac4cf460246fc65f5f29153ca0e0d624f141e1cfabb5e33
26e138fdc0bfc8426704b397141d563cf4d580a2	vendor/wr-cores/ip_cores/general-cores/platform/altera/networks/arria2gx/global_region.txt	49774e9ae182ab48e5790bb7593a36a10dfa26b2	vendor/wr-cores/ip_cores/general-cores/platform/altera/networks/arria2gx/global_region.txt	byte-identical	ab83f6b3036eca2a9c976479f0329501f00fbd4b9926271789c66cbb4c30eed9
26e138fdc0bfc8426704b397141d563cf4d580a2	vendor/wr-cores/ip_cores/general-cores/platform/altera/networks/arria2gx/single_region.txt	3fb354e45342840e9530f9ef5539d56fe1979ad0	vendor/wr-cores/ip_cores/general-cores/platform/altera/networks/arria2gx/single_region.txt	byte-identical	249299710221b9639f6570b799974b18b8b252e705d45497adfe77f8842ce40c
26e138fdc0bfc8426704b397141d563cf4d580a2	vendor/wr-cores/ip_cores/general-cores/platform/altera/networks/arria2gx_networks.qip	ca0a400034929f563d5660141ded927026b013ba	vendor/wr-cores/ip_cores/general-cores/platform/altera/networks/arria2gx_networks.qip	byte-identical	e49c2335daea3009dd98f869397d276797387e6109b788e1bd0c64c247052f2a
26e138fdc0bfc8426704b397141d563cf4d580a2	vendor/wr-cores/ip_cores/general-cores/platform/altera/networks/arria5.tcl	9767c324d6e958bf58983b61c8b303b14a3a1da7	vendor/wr-cores/ip_cores/general-cores/platform/altera/networks/arria5.tcl	byte-identical	bc09c55719f3fba5c88f42eaa68b992b0756c62504ccce5da3589ed0417980d5
26e138fdc0bfc8426704b397141d563cf4d580a2	vendor/wr-cores/ip_cores/general-cores/platform/altera/networks/arria5/dual_region.txt	b25e2f155ef7a8d490c67713336911f7152d29e0	vendor/wr-cores/ip_cores/general-cores/platform/altera/networks/arria5/dual_region.txt	byte-identical	71208364958ca54910879ab21c6a7fa141d278eeb75284c68bb5fa2b1190340d
26e138fdc0bfc8426704b397141d563cf4d580a2	vendor/wr-cores/ip_cores/general-cores/platform/altera/networks/arria5/global_region.txt	9b61cb65807a3a25ed7b89e44a0215f2edf2c88c	vendor/wr-cores/ip_cores/general-cores/platform/altera/networks/arria5/global_region.txt	byte-identical	8b40970bc40f52a9579784987cba09a9142a96ad920b3b50fcb150e2a3b32800
26e138fdc0bfc8426704b397141d563cf4d580a2	vendor/wr-cores/ip_cores/general-cores/platform/altera/networks/arria5/single_region.txt	15fc71d05010c319c351d99bddad1bb2264fdbff	vendor/wr-cores/ip_cores/general-cores/platform/altera/networks/arria5/single_region.txt	byte-identical	0ab062c556ef535bf0a6f02f46b9e1bc93db717669ddce989c962c0f032fc45c
26e138fdc0bfc8426704b397141d563cf4d580a2	vendor/wr-cores/ip_cores/general-cores/platform/altera/networks/arria5_networks.qip	9e1e3af50fd7d179dbe30a5b90af49ce7b9f111c	vendor/wr-cores/ip_cores/general-cores/platform/altera/networks/arria5_networks.qip	byte-identical	7d2a3c7e4eb2ba786b0c1f6cbd0ec487e70a775b262fecb267822e1ba28643a1
26e138fdc0bfc8426704b397141d563cf4d580a2	vendor/wr-cores/ip_cores/general-cores/platform/altera/wb_pcie/.gitignore	7ae67ff95422748d02e7039d45637565dd834b07	vendor/wr-cores/ip_cores/general-cores/platform/altera/wb_pcie/.gitignore	byte-identical	21d1b138b14e6f0c08f0a253fa11ad3cc2c21310e8ceb3141db751c2af9ca824
26e138fdc0bfc8426704b397141d563cf4d580a2	vendor/wr-cores/ip_cores/general-cores/platform/altera/wb_pcie/Manifest.py	a9e99d84a242315c53665094e7d3d8ca1e6b68f6	vendor/wr-cores/ip_cores/general-cores/platform/altera/wb_pcie/Manifest.py	byte-identical	6036a15d89bf9c8850da29ceea9a478c63293f7a84d0d329c8477f2cbdf2c63e
26e138fdc0bfc8426704b397141d563cf4d580a2	vendor/wr-cores/ip_cores/general-cores/platform/altera/wb_pcie/arria2.tcl	2884e68a9941d2e4812e9eb34d647bcfb9ff737c	vendor/wr-cores/ip_cores/general-cores/platform/altera/wb_pcie/arria2.tcl	byte-identical	9a116c7e91e24277d770ff2d03cc6a3937a67d349eed7b90f7bc983a797e1e0b
26e138fdc0bfc8426704b397141d563cf4d580a2	vendor/wr-cores/ip_cores/general-cores/platform/altera/wb_pcie/arria2_pcie.qip	fc3e0d7af80af0f297042fb999ccd271bc6c8c64	vendor/wr-cores/ip_cores/general-cores/platform/altera/wb_pcie/arria2_pcie.qip	byte-identical	9b7963ab8f6ead3bb16562c035f151ca721bf4bcc570d58f955feee61f0154a8
26e138fdc0bfc8426704b397141d563cf4d580a2	vendor/wr-cores/ip_cores/general-cores/platform/altera/wb_pcie/arria2_pcie_hip.txt	959037c8c59878b542189f8b8157d5b2e1499ade	vendor/wr-cores/ip_cores/general-cores/platform/altera/wb_pcie/arria2_pcie_hip.txt	byte-identical	e0a5f9cfe5bb67f99215ab2a46237197e68b8eb763be106649026cfa98e69c41
26e138fdc0bfc8426704b397141d563cf4d580a2	vendor/wr-cores/ip_cores/general-cores/platform/altera/wb_pcie/arria2_pcie_reconf.txt	f0cb76c022718d13f0acfd85f58283ee0a0995bd	vendor/wr-cores/ip_cores/general-cores/platform/altera/wb_pcie/arria2_pcie_reconf.txt	byte-identical	69357c93e336be09865d8a3eb2a3c5f260732e626732d2a1a962a4ef31dc93e3
26e138fdc0bfc8426704b397141d563cf4d580a2	vendor/wr-cores/ip_cores/general-cores/platform/altera/wb_pcie/arria5.tcl	7e2f941ad2739c3dfd0f8b75ca4b0ffef69f577e	vendor/wr-cores/ip_cores/general-cores/platform/altera/wb_pcie/arria5.tcl	byte-identical	8105d1d8e12616480c9304afa31496de935f378198d2b5f0741f213a27acf556
26e138fdc0bfc8426704b397141d563cf4d580a2	vendor/wr-cores/ip_cores/general-cores/platform/altera/wb_pcie/arria5_pcie.qip	226651e06d8d778b616210a7bbae34ce57218066	vendor/wr-cores/ip_cores/general-cores/platform/altera/wb_pcie/arria5_pcie.qip	byte-identical	d12b721ad6604085cf36b7a09125e2e54cdaedcb1fabce91968ebd3401107633
26e138fdc0bfc8426704b397141d563cf4d580a2	vendor/wr-cores/ip_cores/general-cores/platform/altera/wb_pcie/arria5_pcie_hip.txt	ef59ca6c0fea81b72c470937328cff48d53960c7	vendor/wr-cores/ip_cores/general-cores/platform/altera/wb_pcie/arria5_pcie_hip.txt	byte-identical	ac977087da950a2c36a3eb62f028782b5304fd490f697ac2ed8ae65ba3b8c153
26e138fdc0bfc8426704b397141d563cf4d580a2	vendor/wr-cores/ip_cores/general-cores/platform/altera/wb_pcie/arria5_pcie_reconf.txt	e23ea597e06778454ade90e52da7475ddb6049ac	vendor/wr-cores/ip_cores/general-cores/platform/altera/wb_pcie/arria5_pcie_reconf.txt	byte-identical	881ceb1946151a51c533efc4cb6c05d2d1c5a0183bd1c7f329309158a6ed73d1
26e138fdc0bfc8426704b397141d563cf4d580a2	vendor/wr-cores/ip_cores/general-cores/platform/altera/wb_pcie/pcie_32to64.vhd	f876f3b0aff3d34153c3c3ce65fb96eaa7ad5c25	vendor/wr-cores/ip_cores/general-cores/platform/altera/wb_pcie/pcie_32to64.vhd	byte-identical	b92f4613c3d2af7282d8b41df0b94ae0dc33e674e935d0ba4d5f4ac406ef70c6
26e138fdc0bfc8426704b397141d563cf4d580a2	vendor/wr-cores/ip_cores/general-cores/platform/altera/wb_pcie/pcie_64to32.vhd	42ef67c4c96d37851f589863b6107803ae5a87de	vendor/wr-cores/ip_cores/general-cores/platform/altera/wb_pcie/pcie_64to32.vhd	byte-identical	1059335ab5b4719836a0601b674fadf8584466c0a41901538a2ff47fa7d03fc0
26e138fdc0bfc8426704b397141d563cf4d580a2	vendor/wr-cores/ip_cores/general-cores/platform/altera/wb_pcie/pcie_altera.vhd	d49f72e2a4eef1d799127e9785051f29a89862f8	vendor/wr-cores/ip_cores/general-cores/platform/altera/wb_pcie/pcie_altera.vhd	byte-identical	aec1d519be44725832b6aae762d858236f355c68e55a0771c814cc5d61f90a11
26e138fdc0bfc8426704b397141d563cf4d580a2	vendor/wr-cores/ip_cores/general-cores/platform/altera/wb_pcie/pcie_tlp.vhd	74ba3a1f89810122daa1985a76431d49a8a9e13b	vendor/wr-cores/ip_cores/general-cores/platform/altera/wb_pcie/pcie_tlp.vhd	byte-identical	2ce277b2c15f2c8bad3f046262c8e340f69f3018404282b184576af993cd1b5d
26e138fdc0bfc8426704b397141d563cf4d580a2	vendor/wr-cores/ip_cores/general-cores/platform/altera/wb_pcie/pcie_wb.vhd	b0389a815f652fb5ad08ce9cdd49db35e454ce00	vendor/wr-cores/ip_cores/general-cores/platform/altera/wb_pcie/pcie_wb.vhd	byte-identical	20bf240aa8fd873e056803f5cd606d6b9380e5bd26bc896cdfb48a7d94b1b0da
26e138fdc0bfc8426704b397141d563cf4d580a2	vendor/wr-cores/ip_cores/general-cores/platform/altera/wb_pcie/pcie_wb_pkg.vhd	be3b09452ffee8e0c0ec43e25733d24ca397278d	vendor/wr-cores/ip_cores/general-cores/platform/altera/wb_pcie/pcie_wb_pkg.vhd	byte-identical	ae1ae612fdcb63ff303a243ccac7894cf018f6458a67e41b8f4db1fd7f51dd05
26e138fdc0bfc8426704b397141d563cf4d580a2	vendor/wr-cores/ip_cores/general-cores/platform/xilinx/Manifest.py	24365cb02b3845625ec7c025d0afe4ff760249a7	vendor/wr-cores/ip_cores/general-cores/platform/xilinx/Manifest.py	byte-identical	e4b4adb92a6259fe61dfc0628135f8ec8565dccc06adcee0219503f267929695
26e138fdc0bfc8426704b397141d563cf4d580a2	vendor/wr-cores/ip_cores/general-cores/platform/xilinx/wb_xil_multiboot/Manifest.py	aab770ebc95fc5a0b674c702e6d175cb56cd23a1	vendor/wr-cores/ip_cores/general-cores/platform/xilinx/wb_xil_multiboot/Manifest.py	byte-identical	3fa24e5f720c97afb77c134f93d47613507c8b1ca46800c86d3a2848ce3f7520
26e138fdc0bfc8426704b397141d563cf4d580a2	vendor/wr-cores/ip_cores/general-cores/platform/xilinx/wb_xil_multiboot/multiboot_fsm.vhd	c31bdfdf3953967dcc700c3ed39b0827237d2103	vendor/wr-cores/ip_cores/general-cores/platform/xilinx/wb_xil_multiboot/multiboot_fsm.vhd	byte-identical	a9cb8d937b7d130fa6f66d6b418a75578bf1f8fe4e06bef2c1c9d8149716a3eb
26e138fdc0bfc8426704b397141d563cf4d580a2	vendor/wr-cores/ip_cores/general-cores/platform/xilinx/wb_xil_multiboot/multiboot_regs.vhd	be85a85fc3ba5ad3cbce43683cdd98966fd18e3a	vendor/wr-cores/ip_cores/general-cores/platform/xilinx/wb_xil_multiboot/multiboot_regs.vhd	byte-identical	a11fd6f52afe869185a2b73d83b7c1c4e7eabb8c1cbf14cff10c58fa794845b9
26e138fdc0bfc8426704b397141d563cf4d580a2	vendor/wr-cores/ip_cores/general-cores/platform/xilinx/wb_xil_multiboot/multiboot_regs.wb	03be8bcc7a6a07f9cdf0a920c8164ed05a93aae2	vendor/wr-cores/ip_cores/general-cores/platform/xilinx/wb_xil_multiboot/multiboot_regs.wb	byte-identical	dfe7693531f7ab7dffc03b8f81089f0564698f836f11a09049e30e4ef3aebee1
26e138fdc0bfc8426704b397141d563cf4d580a2	vendor/wr-cores/ip_cores/general-cores/platform/xilinx/wb_xil_multiboot/spi_master.vhd	59c31548ff3ef2f161fe6d628b90561ad3e97128	vendor/wr-cores/ip_cores/general-cores/platform/xilinx/wb_xil_multiboot/spi_master.vhd	byte-identical	9891a4c3d7b2d7b8ae2108bf160d6568f0510c96f80e4cb63d86a3f0f7fccc87
26e138fdc0bfc8426704b397141d563cf4d580a2	vendor/wr-cores/ip_cores/general-cores/platform/xilinx/wb_xil_multiboot/xwb_xil_multiboot.vhd	dae0cc3150d78ee7fdd368c226b88b9dfa8e17bb	vendor/wr-cores/ip_cores/general-cores/platform/xilinx/wb_xil_multiboot/xwb_xil_multiboot.vhd	byte-identical	638b191f4673eab0809cedc072c6f5d82f8dfc3b5fb54c604bf03b6bc4587cdc
26e138fdc0bfc8426704b397141d563cf4d580a2	vendor/wr-cores/ip_cores/general-cores/platform/xilinx/wb_xilinx_fpga_loader/Manifest.py	08062c9c6f2dfb035603b2d8e25984a672e3fbcc	vendor/wr-cores/ip_cores/general-cores/platform/xilinx/wb_xilinx_fpga_loader/Manifest.py	byte-identical	cf730e0af1550ea999566790dabf61e4c574027a2fceeb645c2a52e332d07fc1
26e138fdc0bfc8426704b397141d563cf4d580a2	vendor/wr-cores/ip_cores/general-cores/platform/xilinx/wb_xilinx_fpga_loader/build_wb.sh	5d1d03f99cec294529db79e81a55757e4206493e	vendor/wr-cores/ip_cores/general-cores/platform/xilinx/wb_xilinx_fpga_loader/build_wb.sh	byte-identical	be60eab7ae19f972a765e2b0683804836879a5411d498b561e6df31f1a95b33a
26e138fdc0bfc8426704b397141d563cf4d580a2	vendor/wr-cores/ip_cores/general-cores/platform/xilinx/wb_xilinx_fpga_loader/wb_xilinx_fpga_loader.vhd	16066d8571e37ddb91ddf499b77abcfca66aa642	vendor/wr-cores/ip_cores/general-cores/platform/xilinx/wb_xilinx_fpga_loader/wb_xilinx_fpga_loader.vhd	byte-identical	d197d094013919a60501e0ec6263cd79c623aa74dbcfca06d02f5147ec122b17
26e138fdc0bfc8426704b397141d563cf4d580a2	vendor/wr-cores/ip_cores/general-cores/platform/xilinx/wb_xilinx_fpga_loader/xloader_registers_pkg.vhd	e5ec7d15881bef6def58f297cf1346bb7aa0c48a	vendor/wr-cores/ip_cores/general-cores/platform/xilinx/wb_xilinx_fpga_loader/xloader_registers_pkg.vhd	byte-identical	2dd00a9211a7936808d0e9a03188dae963deae5cecacaace3b642648735cd866
26e138fdc0bfc8426704b397141d563cf4d580a2	vendor/wr-cores/ip_cores/general-cores/platform/xilinx/wb_xilinx_fpga_loader/xloader_wb.vhd	3fb6e4144e7eacd4c79e29aaa54cb3bf9c572f43	vendor/wr-cores/ip_cores/general-cores/platform/xilinx/wb_xilinx_fpga_loader/xloader_wb.vhd	byte-identical	b80ae0eb920d02e0090344aff7684c0a9e4425f6e236f01b381e10a67838a806
26e138fdc0bfc8426704b397141d563cf4d580a2	vendor/wr-cores/ip_cores/general-cores/platform/xilinx/wb_xilinx_fpga_loader/xloader_wb.wb	a5ef4df961b9d25403d04bfffd4071c7e271d10d	vendor/wr-cores/ip_cores/general-cores/platform/xilinx/wb_xilinx_fpga_loader/xloader_wb.wb	byte-identical	6667faad4194268f9a7ebeebff38c3d81cc2911c2aa98e1caed67f5d76fc2ac3
26e138fdc0bfc8426704b397141d563cf4d580a2	vendor/wr-cores/ip_cores/general-cores/platform/xilinx/wb_xilinx_fpga_loader/xwb_xilinx_fpga_loader.vhd	b4e66e05acd17395129eb472fa8215657167cc68	vendor/wr-cores/ip_cores/general-cores/platform/xilinx/wb_xilinx_fpga_loader/xwb_xilinx_fpga_loader.vhd	byte-identical	25f17be7a9c0a46e078cccb6f583db9077862d53ead6c95a0f4b4ccc4b0ba8ef
26e138fdc0bfc8426704b397141d563cf4d580a2	vendor/wr-cores/ip_cores/general-cores/sim/gc_fsm_watchdog/run.do	cbfba41376838aba5a2c747e8de51a85a3f96013	vendor/wr-cores/ip_cores/general-cores/sim/gc_fsm_watchdog/run.do	byte-identical	42e64fc26e0bf3f0a61b3f11b72bc89a91f5167b8895c4deb960200c18986ec3
26e138fdc0bfc8426704b397141d563cf4d580a2	vendor/wr-cores/ip_cores/general-cores/sim/gc_fsm_watchdog/tb_gc_fsm_watchdog.vhd	aef8372288c70b307a2ca4f3672f589845c52b55	vendor/wr-cores/ip_cores/general-cores/sim/gc_fsm_watchdog/tb_gc_fsm_watchdog.vhd	byte-identical	a8352b92e6ccafa5742a8a9989fc26e34ceb9fe0f99087f4d20e6a10b0eb74c5
26e138fdc0bfc8426704b397141d563cf4d580a2	vendor/wr-cores/ip_cores/general-cores/sim/gc_fsm_watchdog/wave.do	b52a1403b07eba42660adc04f7dd5c0b2c6512bd	vendor/wr-cores/ip_cores/general-cores/sim/gc_fsm_watchdog/wave.do	byte-identical	33b746e9a6fa92eba327f05965885f9d86dd6229da80ce6b66b6bbd4b09d8add
26e138fdc0bfc8426704b397141d563cf4d580a2	vendor/wr-cores/ip_cores/general-cores/sim/if_wb_link.svh	7ae928bf3cfbf8d3028ce45770784d9f9d86f4a5	vendor/wr-cores/ip_cores/general-cores/sim/if_wb_link.svh	byte-identical	6722f3976b14ad4600997c4f051471ef514eedf842714e3a2898b9b7810ebeb3
26e138fdc0bfc8426704b397141d563cf4d580a2	vendor/wr-cores/ip_cores/general-cores/sim/if_wb_master.svh	7e2ed23d78b1dd8c730439748d8b7e34a70be7fa	vendor/wr-cores/ip_cores/general-cores/sim/if_wb_master.svh	byte-identical	53593d7fcf4d98f178025fb16e20887c507accc9380c58a7287a47ff7c2906b2
26e138fdc0bfc8426704b397141d563cf4d580a2	vendor/wr-cores/ip_cores/general-cores/sim/if_wb_slave.svh	2db3dcef9df9550b0aeeb4fa754795020a67907c	vendor/wr-cores/ip_cores/general-cores/sim/if_wb_slave.svh	byte-identical	4211f38cd96220164577623cd83318caf8afd3a7df5cffe97173d45e577d73a3
26e138fdc0bfc8426704b397141d563cf4d580a2	vendor/wr-cores/ip_cores/general-cores/sim/if_wishbone_accessor.svh	24d2994f5fd93a7057d6bd2178e108c9377c8519	vendor/wr-cores/ip_cores/general-cores/sim/if_wishbone_accessor.svh	byte-identical	2a5d7060374b4db0112feaa83e2bbb5c9e62d5f0366c482d1bdf1ff2e88e1d63
26e138fdc0bfc8426704b397141d563cf4d580a2	vendor/wr-cores/ip_cores/general-cores/sim/if_wishbone_defs.svh	3b13f1101a61edcba86bf9ece25bd184dab5b874	vendor/wr-cores/ip_cores/general-cores/sim/if_wishbone_defs.svh	byte-identical	9f6fbee23abd2cbbace2d8e860ce901661a6527b58a2e5033080a2f9747d5bb2
26e138fdc0bfc8426704b397141d563cf4d580a2	vendor/wr-cores/ip_cores/general-cores/sim/if_wishbone_types.svh	e32b72ffd1e36947a39e5f38f0c1c7f6a71ec382	vendor/wr-cores/ip_cores/general-cores/sim/if_wishbone_types.svh	byte-identical	13dd91eb31a0b4eedd7469b1de0fa6e65e9687835272fc0a58cd6cd5897975e2
26e138fdc0bfc8426704b397141d563cf4d580a2	vendor/wr-cores/ip_cores/general-cores/sim/onewire_slave_model.v	5ebc64509ea4d3b625ec25dfb228663c1b0515f0	vendor/wr-cores/ip_cores/general-cores/sim/onewire_slave_model.v	byte-identical	b928a99a45fee9df036ed8c619cc66b2d9c84c3491d99bd7398e24a60b9a08ae
26e138fdc0bfc8426704b397141d563cf4d580a2	vendor/wr-cores/ip_cores/general-cores/sim/regs/xloader_regs.vh	c53b61e800bd5ebb02d48e4b8fad1a32b307fb2e	vendor/wr-cores/ip_cores/general-cores/sim/regs/xloader_regs.vh	byte-identical	77c66177cf439a4f077a89b01d92b0a066f5f1a07b130dcfc57598b8da3177c3
26e138fdc0bfc8426704b397141d563cf4d580a2	vendor/wr-cores/ip_cores/general-cores/sim/sim_logger.svh	3b3826a81b3d61c666eed0ecd0523b7bc65b1529	vendor/wr-cores/ip_cores/general-cores/sim/sim_logger.svh	byte-identical	17d08d2b78d826f0d9becea30ea648e04f438dfae4de1faf4d8148ff3f7676bb
26e138fdc0bfc8426704b397141d563cf4d580a2	vendor/wr-cores/ip_cores/general-cores/sim/simdrv_defs.svh	e0c4c96cdf63d1f542526152e6de94db1325a7ce	vendor/wr-cores/ip_cores/general-cores/sim/simdrv_defs.svh	byte-identical	94ec3eb0c95f183565f4d189cf5b31130ac33e4fa593d16a56aff698e13f4c1f
26e138fdc0bfc8426704b397141d563cf4d580a2	vendor/wr-cores/ip_cores/general-cores/sim/simdrv_wb_spi.svh	a5345560b8a748a2dc971af31b860ded2ad48a70	vendor/wr-cores/ip_cores/general-cores/sim/simdrv_wb_spi.svh	byte-identical	25c3fe85fed2ddabe65a34fd47fb2724357c7aa52cc2303a8f76e1341bdf3d92
26e138fdc0bfc8426704b397141d563cf4d580a2	vendor/wr-cores/ip_cores/general-cores/sim/vhd_wishbone_master.svh	87f6c252a910dbee189f23ebd8c5936715531af7	vendor/wr-cores/ip_cores/general-cores/sim/vhd_wishbone_master.svh	byte-identical	8f717a1ccf0a72af899b220e10d3fd7f1da1e81a88960bf653e77bfbde24715e
26e138fdc0bfc8426704b397141d563cf4d580a2	vendor/wr-cores/ip_cores/general-cores/sim/vhdl/Manifest.py	32c8e94811d138e816be877e40bb1b64204da8fe	vendor/wr-cores/ip_cores/general-cores/sim/vhdl/Manifest.py	byte-identical	c24d183e9cca1ca6f3c82a8d067c876f14988ab3708f5e2489c76d8b546447be
26e138fdc0bfc8426704b397141d563cf4d580a2	vendor/wr-cores/ip_cores/general-cores/sim/vhdl/sim_wishbone.vhd	ccaa85759e6219377e47588dee54c773471ad54a	vendor/wr-cores/ip_cores/general-cores/sim/vhdl/sim_wishbone.vhd	byte-identical	41b87a5f6d68b97bb7d93c8e4345fc62d3caeae624808fde71edcd6c30fb90da
26e138fdc0bfc8426704b397141d563cf4d580a2	vendor/wr-cores/ip_cores/general-cores/sim/vhdl/sim_wishbone16.vhd	801a807db52584eada7ee70b695657e29deaf88e	vendor/wr-cores/ip_cores/general-cores/sim/vhdl/sim_wishbone16.vhd	byte-identical	268ddc1c54936eb5dafe4c3ce7d797d0dbb03e7105f615d18c44b5770c640aef
26e138fdc0bfc8426704b397141d563cf4d580a2	vendor/wr-cores/ip_cores/general-cores/sim/wb_i2c_bridge/i2c_bus_model.vhd	0acc69aa3223bc6a86e257c0c3182dfce6fc717a	vendor/wr-cores/ip_cores/general-cores/sim/wb_i2c_bridge/i2c_bus_model.vhd	byte-identical	386e075f2310d7758a70e553f0dcb89b3be72c22c47c331dc5da02a594269c64
26e138fdc0bfc8426704b397141d563cf4d580a2	vendor/wr-cores/ip_cores/general-cores/sim/wb_i2c_bridge/i2c_master_bit_ctrl.vhd	a095fde0e882d3b0d6322145e9396759b223b9c2	vendor/wr-cores/ip_cores/general-cores/sim/wb_i2c_bridge/i2c_master_bit_ctrl.vhd	byte-identical	2f7b312772e565e67c512e2663c5112ac821bfa63ad53cc5cbc5d00ebbddafd7
26e138fdc0bfc8426704b397141d563cf4d580a2	vendor/wr-cores/ip_cores/general-cores/sim/wb_i2c_bridge/i2c_master_byte_ctrl.vhd	e1691032544c15215f32e95480512ee91bc04d59	vendor/wr-cores/ip_cores/general-cores/sim/wb_i2c_bridge/i2c_master_byte_ctrl.vhd	byte-identical	adf34028e88d67a827ec28326a550826cf5f8466c8d2bde18e9ed87983897a9d
26e138fdc0bfc8426704b397141d563cf4d580a2	vendor/wr-cores/ip_cores/general-cores/sim/wb_i2c_bridge/run.do	e93d07883d5ff1085c6892976e6006159e6f70a9	vendor/wr-cores/ip_cores/general-cores/sim/wb_i2c_bridge/run.do	byte-identical	17cd30293f84089abe704b802107a5aaa1bb201770fc94b8f69af8a064f431a9
26e138fdc0bfc8426704b397141d563cf4d580a2	vendor/wr-cores/ip_cores/general-cores/sim/wb_i2c_bridge/tb_gc_i2c_slave.vhd	fd6846797eb01c331a5c313ab3e415d52af67100	vendor/wr-cores/ip_cores/general-cores/sim/wb_i2c_bridge/tb_gc_i2c_slave.vhd	byte-identical	67e381154b8f1ceb2ed05e10fd81f033f11f3a0a49c03c916bf098c00ef42b1c
26e138fdc0bfc8426704b397141d563cf4d580a2	vendor/wr-cores/ip_cores/general-cores/sim/wb_i2c_bridge/tb_wb_i2c_bridge.vhd	10ba53e0098e54191a02c23ae95dff0f6f590a3e	vendor/wr-cores/ip_cores/general-cores/sim/wb_i2c_bridge/tb_wb_i2c_bridge.vhd	byte-identical	c1316f398b237a2bf0584c846e1fe5b2f4e7a921f126bd096320b3d0abf2296e
26e138fdc0bfc8426704b397141d563cf4d580a2	vendor/wr-cores/ip_cores/general-cores/sim/wb_i2c_bridge/wave-i2cs.do	dd39ab49985b32911d187aab55dac6fb72fab6a2	vendor/wr-cores/ip_cores/general-cores/sim/wb_i2c_bridge/wave-i2cs.do	byte-identical	4379ded78ce0916a6f598d07b25e02dafb8fa7d8d1b90cbfb67ffb2b3d6698b5
26e138fdc0bfc8426704b397141d563cf4d580a2	vendor/wr-cores/ip_cores/general-cores/sim/wb_i2c_bridge/wave.do	026cf98384b1144307c2b37f5318d93553773639	vendor/wr-cores/ip_cores/general-cores/sim/wb_i2c_bridge/wave.do	byte-identical	c1f15423339f3ac6de0e27119718f8016c3d1d3d592322fcd298315221a65f78
26e138fdc0bfc8426704b397141d563cf4d580a2	vendor/wr-cores/ip_cores/general-cores/software/.gitignore	8c3031e0133b1adeb92cb977a0578983a5bd0e6d	vendor/wr-cores/ip_cores/general-cores/software/.gitignore	byte-identical	186f3a8a65163529e92f74d7487b0e5e4b38eca5584ba88365a8703cbc57ea99
26e138fdc0bfc8426704b397141d563cf4d580a2	vendor/wr-cores/ip_cores/general-cores/software/dkms.conf	978645a7a26f288cd981162825cce1b3e6aca7bf	vendor/wr-cores/ip_cores/general-cores/software/dkms.conf	byte-identical	35056331c8f25b91d49ad84b3402b23ff05f87ad1141331dd69e347a2e45e3fe
26e138fdc0bfc8426704b397141d563cf4d580a2	vendor/wr-cores/ip_cores/general-cores/software/dkms.mk	c08da9f90c2340f1a96027854d864c800f9d33b0	vendor/wr-cores/ip_cores/general-cores/software/dkms.mk	byte-identical	00464ed1248a1f06be5d32bdfe64fb42996774c2a316915c7a5da3a53b510a9a
26e138fdc0bfc8426704b397141d563cf4d580a2	vendor/wr-cores/ip_cores/general-cores/software/htvic/README.rst	e26acaee6f48aa7a2c056c03fc4f9b99624a363f	vendor/wr-cores/ip_cores/general-cores/software/htvic/README.rst	byte-identical	4c741bea476d8c88df451ebcf9c5699b0ed21fa9de904043e911d7db658dea79
26e138fdc0bfc8426704b397141d563cf4d580a2	vendor/wr-cores/ip_cores/general-cores/software/htvic/drivers/Kbuild	692c3fff89344d42c901e08a77fa943a9edaaeb7	vendor/wr-cores/ip_cores/general-cores/software/htvic/drivers/Kbuild	byte-identical	cc88a0638ff487509c7adf3083736035f0857261b0b7814bbcdfacf5335e3ab7
26e138fdc0bfc8426704b397141d563cf4d580a2	vendor/wr-cores/ip_cores/general-cores/software/htvic/drivers/htvic.c	ce6b2b677ef93ee2cc64a7d752ffaf25f2dc8b61	vendor/wr-cores/ip_cores/general-cores/software/htvic/drivers/htvic.c	byte-identical	b1618766d5d07e8f5b9e2368cd7fd0907293fc885be889fd2d5ac72daba45bab
26e138fdc0bfc8426704b397141d563cf4d580a2	vendor/wr-cores/ip_cores/general-cores/software/i2c-ocores/.gitignore	e7380ab08c9e39c38fe26d1df7fda7ff94268658	vendor/wr-cores/ip_cores/general-cores/software/i2c-ocores/.gitignore	byte-identical	24464dc5a40c106ebb9a717db42323082a95d4c8ace7ff21484694e28d7016bb
26e138fdc0bfc8426704b397141d563cf4d580a2	vendor/wr-cores/ip_cores/general-cores/software/i2c-ocores/Documentation/i2c/busses/i2c-ocores	9caaf7df1b2ff5ae6044c843b8ee2b111731fd7e	vendor/wr-cores/ip_cores/general-cores/software/i2c-ocores/Documentation/i2c/busses/i2c-ocores	byte-identical	6fb8a26dadd6542e50f66594a4f342b82584cf46ec4c9a596d6da3c176f4095e
26e138fdc0bfc8426704b397141d563cf4d580a2	vendor/wr-cores/ip_cores/general-cores/software/i2c-ocores/README	0a0d04e2ffbc01e9fc95b512ad7104812c378cb7	vendor/wr-cores/ip_cores/general-cores/software/i2c-ocores/README	byte-identical	877493a906d81310e69fa15df299090eb980788578debae1798e06b3ee02035c
26e138fdc0bfc8426704b397141d563cf4d580a2	vendor/wr-cores/ip_cores/general-cores/software/i2c-ocores/drivers/i2c/busses/Kbuild	9915b65d3a541806035bcda0f03e0c2ed7d306cf	vendor/wr-cores/ip_cores/general-cores/software/i2c-ocores/drivers/i2c/busses/Kbuild	byte-identical	bd7934218aecf362ee2467cb180179459109139a223a88fa0ed1987100aea9a1
26e138fdc0bfc8426704b397141d563cf4d580a2	vendor/wr-cores/ip_cores/general-cores/software/i2c-ocores/drivers/i2c/busses/i2c-ocores.c	6941bc830bd6de5d5eaa752364d0054ea7216a6d	vendor/wr-cores/ip_cores/general-cores/software/i2c-ocores/drivers/i2c/busses/i2c-ocores.c	byte-identical	403434a07b6c82cebf1d8ab001fe8072744c8069ad650864b5f6235d5adbbe6d
26e138fdc0bfc8426704b397141d563cf4d580a2	vendor/wr-cores/ip_cores/general-cores/software/spi-ocores/.gitignore	e7380ab08c9e39c38fe26d1df7fda7ff94268658	vendor/wr-cores/ip_cores/general-cores/software/spi-ocores/.gitignore	byte-identical	24464dc5a40c106ebb9a717db42323082a95d4c8ace7ff21484694e28d7016bb
26e138fdc0bfc8426704b397141d563cf4d580a2	vendor/wr-cores/ip_cores/general-cores/software/spi-ocores/drivers/spi/Kbuild	1acfa13fcb7bf5986b7ce2cc6e7cef09d155ddb9	vendor/wr-cores/ip_cores/general-cores/software/spi-ocores/drivers/spi/Kbuild	byte-identical	1a7419073119fa2ea7cdc386141c1f9e607f459115698b709dc20ef268a39114
26e138fdc0bfc8426704b397141d563cf4d580a2	vendor/wr-cores/ip_cores/general-cores/software/spi-ocores/drivers/spi/spi-ocores.c	a85abbf379969421be31639e038245e9971cc2de	vendor/wr-cores/ip_cores/general-cores/software/spi-ocores/drivers/spi/spi-ocores.c	byte-identical	373ad0f72ef635581745008af68e8dc9fd79d3979c883ef97e35e7327e4b9f48
26e138fdc0bfc8426704b397141d563cf4d580a2	vendor/wr-cores/ip_cores/general-cores/testbench/README.md	9737741a95110be4d2d4dfc3b1a76c29e7804b89	vendor/wr-cores/ip_cores/general-cores/testbench/README.md	byte-identical	cb718e3a2eab87885a0d6db3863b4e8b227d52b298392141cf5c9929dc1e4903
26e138fdc0bfc8426704b397141d563cf4d580a2	vendor/wr-cores/ip_cores/general-cores/testbench/axi/axi4lite32_axi4full64_bridge/.gitignore	1b250f9a13fc27f6fab0356b0ba5f35d7515b1b5	vendor/wr-cores/ip_cores/general-cores/testbench/axi/axi4lite32_axi4full64_bridge/.gitignore	byte-identical	28a30cbcd28786b2ffbb7e13732c073550121f6084ff31e6ddceeda3cf290440
26e138fdc0bfc8426704b397141d563cf4d580a2	vendor/wr-cores/ip_cores/general-cores/testbench/axi/axi4lite32_axi4full64_bridge/Manifest.py	9806b1746ab3f3a0870105046729fea81e922510	vendor/wr-cores/ip_cores/general-cores/testbench/axi/axi4lite32_axi4full64_bridge/Manifest.py	byte-identical	e59d00820c87b34cda8864a78573ef0d05c40f5eddc7a3e25bb882121a8b38bb
26e138fdc0bfc8426704b397141d563cf4d580a2	vendor/wr-cores/ip_cores/general-cores/testbench/axi/axi4lite32_axi4full64_bridge/run.sh	a8d1748c4650decd53e640ddfaf33d33acee77e9	vendor/wr-cores/ip_cores/general-cores/testbench/axi/axi4lite32_axi4full64_bridge/run.sh	byte-identical	c0962253faacd61e7c3d2446c457a3a13f77bd585e542d5fc951f4075c0f3a34
26e138fdc0bfc8426704b397141d563cf4d580a2	vendor/wr-cores/ip_cores/general-cores/testbench/axi/axi4lite32_axi4full64_bridge/tb_axi4lite32_axi4full64_bridge.vhd	d2174c0c754ea28acc47bbbbf9ab90473e995fc4	vendor/wr-cores/ip_cores/general-cores/testbench/axi/axi4lite32_axi4full64_bridge/tb_axi4lite32_axi4full64_bridge.vhd	byte-identical	c75262896de16bb24107235c00ab44fe88a7ceabd3d47b404686a8d612bb9e31
26e138fdc0bfc8426704b397141d563cf4d580a2	vendor/wr-cores/ip_cores/general-cores/testbench/axi/axi4lite_axi4full_bridge/.gitignore	1b250f9a13fc27f6fab0356b0ba5f35d7515b1b5	vendor/wr-cores/ip_cores/general-cores/testbench/axi/axi4lite_axi4full_bridge/.gitignore	byte-identical	28a30cbcd28786b2ffbb7e13732c073550121f6084ff31e6ddceeda3cf290440
26e138fdc0bfc8426704b397141d563cf4d580a2	vendor/wr-cores/ip_cores/general-cores/testbench/axi/axi4lite_axi4full_bridge/Manifest.py	5fd839f2695abc5901bfdb4feda7fad04db11045	vendor/wr-cores/ip_cores/general-cores/testbench/axi/axi4lite_axi4full_bridge/Manifest.py	byte-identical	d0690237cd98d233a5319bb5f2d6cdeedcd92e684bc57a20b6ae8b28464d5d70
26e138fdc0bfc8426704b397141d563cf4d580a2	vendor/wr-cores/ip_cores/general-cores/testbench/axi/axi4lite_axi4full_bridge/run.sh	6fc12e6eb623c570cb8b471f3506259bc7f05c7f	vendor/wr-cores/ip_cores/general-cores/testbench/axi/axi4lite_axi4full_bridge/run.sh	byte-identical	d4e6db959b1233456e088dd88ba49ae39d03103132eb589db7375936af9bc068
26e138fdc0bfc8426704b397141d563cf4d580a2	vendor/wr-cores/ip_cores/general-cores/testbench/axi/axi4lite_axi4full_bridge/tb_axi4lite_axi4full_bridge.vhd	271c1649f9b7cdc6fbc81fe2b6b9757f57b1caf4	vendor/wr-cores/ip_cores/general-cores/testbench/axi/axi4lite_axi4full_bridge/tb_axi4lite_axi4full_bridge.vhd	byte-identical	5382e13ffb3fe5833d34a7c5ecf7bd301969b7142d7905ccaab74a5482b0261c
26e138fdc0bfc8426704b397141d563cf4d580a2	vendor/wr-cores/ip_cores/general-cores/testbench/axi/axi4lite_wb_bridge/.gitignore	1b250f9a13fc27f6fab0356b0ba5f35d7515b1b5	vendor/wr-cores/ip_cores/general-cores/testbench/axi/axi4lite_wb_bridge/.gitignore	byte-identical	28a30cbcd28786b2ffbb7e13732c073550121f6084ff31e6ddceeda3cf290440
26e138fdc0bfc8426704b397141d563cf4d580a2	vendor/wr-cores/ip_cores/general-cores/testbench/axi/axi4lite_wb_bridge/Manifest.py	c071fb005894a533a95aa4328b78bad60d6a0bb9	vendor/wr-cores/ip_cores/general-cores/testbench/axi/axi4lite_wb_bridge/Manifest.py	byte-identical	fd950750ef3929e043ccaeed7ffdf6030a6f8209d080daf9c13cec61b68140d1
26e138fdc0bfc8426704b397141d563cf4d580a2	vendor/wr-cores/ip_cores/general-cores/testbench/axi/axi4lite_wb_bridge/run.sh	1b4e51a31ed58de509e70ee47b70d50805dda947	vendor/wr-cores/ip_cores/general-cores/testbench/axi/axi4lite_wb_bridge/run.sh	byte-identical	4e8369a8a5eeb03eb4b5a8e329e7b66209b7f8a960c4cd02c909deb2653db264
26e138fdc0bfc8426704b397141d563cf4d580a2	vendor/wr-cores/ip_cores/general-cores/testbench/axi/axi4lite_wb_bridge/tb_xaxi4lite_wb_bridge.vhd	d51c012be5a3bcbdff1cacd7ee25ac04ee052ba5	vendor/wr-cores/ip_cores/general-cores/testbench/axi/axi4lite_wb_bridge/tb_xaxi4lite_wb_bridge.vhd	byte-identical	f84b738a799d524d6580a947b6f6b64a711c83131db39bfd898951e48db1cf85
26e138fdc0bfc8426704b397141d563cf4d580a2	vendor/wr-cores/ip_cores/general-cores/testbench/axi/z7_axi_gpio_expander/.gitignore	1b250f9a13fc27f6fab0356b0ba5f35d7515b1b5	vendor/wr-cores/ip_cores/general-cores/testbench/axi/z7_axi_gpio_expander/.gitignore	byte-identical	28a30cbcd28786b2ffbb7e13732c073550121f6084ff31e6ddceeda3cf290440
26e138fdc0bfc8426704b397141d563cf4d580a2	vendor/wr-cores/ip_cores/general-cores/testbench/axi/z7_axi_gpio_expander/Manifest.py	450dfc268953666e9728d9c4d452cc42f2e395d7	vendor/wr-cores/ip_cores/general-cores/testbench/axi/z7_axi_gpio_expander/Manifest.py	byte-identical	a352fbffd23b8c6a525127ceaef855b4ac1ac31f7ead8023afe6e06a544f321a
26e138fdc0bfc8426704b397141d563cf4d580a2	vendor/wr-cores/ip_cores/general-cores/testbench/axi/z7_axi_gpio_expander/gpio.cheby	e23654834646ffba1fc2497f2c6693ddca47ca66	vendor/wr-cores/ip_cores/general-cores/testbench/axi/z7_axi_gpio_expander/gpio.cheby	byte-identical	47a0ad5030bef399fa85bb6eece255f924d4c90d007269044d4eda31bda119cc
26e138fdc0bfc8426704b397141d563cf4d580a2	vendor/wr-cores/ip_cores/general-cores/testbench/axi/z7_axi_gpio_expander/gpio_axi.vhd	5f7e2cd3279fe3d626bea8ff01fcb7cb55d7815f	vendor/wr-cores/ip_cores/general-cores/testbench/axi/z7_axi_gpio_expander/gpio_axi.vhd	byte-identical	5c7dba5dc5f92b23fef7d27d4d741b8991f5588137313cf203fbc86b21a6ff55
26e138fdc0bfc8426704b397141d563cf4d580a2	vendor/wr-cores/ip_cores/general-cores/testbench/axi/z7_axi_gpio_expander/run.sh	fefaf010afdd37f9b25f9634260b0cc23dc2a9f9	vendor/wr-cores/ip_cores/general-cores/testbench/axi/z7_axi_gpio_expander/run.sh	byte-identical	33883ab7ab18e0b91dcf54593489201ab850f7d4adce997c4046e990d90ab4f0
26e138fdc0bfc8426704b397141d563cf4d580a2	vendor/wr-cores/ip_cores/general-cores/testbench/axi/z7_axi_gpio_expander/sim_top_ps_gpio.vhd	4eb0b0c0f3268bcdb831ce0bdb1b246478566030	vendor/wr-cores/ip_cores/general-cores/testbench/axi/z7_axi_gpio_expander/sim_top_ps_gpio.vhd	byte-identical	861bf7e07df8bd41a860640df69ce7ad1ca1abf54bb491dd07dadf5a0388cfdf
26e138fdc0bfc8426704b397141d563cf4d580a2	vendor/wr-cores/ip_cores/general-cores/testbench/common/gc_bicolor_led_ctrl/.gitignore	701f01b4e80eaa19ad0e28c10ea6cb769b8e7ca4	vendor/wr-cores/ip_cores/general-cores/testbench/common/gc_bicolor_led_ctrl/.gitignore	byte-identical	1cfee4a7ad2cc7a93dae77f2ea1d03e7950f194c89494b06f977aa9d77e75690
26e138fdc0bfc8426704b397141d563cf4d580a2	vendor/wr-cores/ip_cores/general-cores/testbench/common/gc_bicolor_led_ctrl/Manifest.py	e180b5da28b41c37a4d7de891a2419909b8bcee1	vendor/wr-cores/ip_cores/general-cores/testbench/common/gc_bicolor_led_ctrl/Manifest.py	byte-identical	5ff040811f4f394d1ae326cc9bd3d638f858167a18990d46aa5d0b95e39873ee
26e138fdc0bfc8426704b397141d563cf4d580a2	vendor/wr-cores/ip_cores/general-cores/testbench/common/gc_bicolor_led_ctrl/gc_bicolor_led_ctrl_tb.vhd	d670c239f33f339895aafbf8b2d8507a1bfcf872	vendor/wr-cores/ip_cores/general-cores/testbench/common/gc_bicolor_led_ctrl/gc_bicolor_led_ctrl_tb.vhd	byte-identical	d66a6be637ec2b18ed212fdb25245569012a6cc221e2ddf2abe6c5e5127672ca
26e138fdc0bfc8426704b397141d563cf4d580a2	vendor/wr-cores/ip_cores/general-cores/testbench/common/gc_bicolor_led_ctrl/run.do	330b83ac83d041616d31bf532b32d450dc4eb063	vendor/wr-cores/ip_cores/general-cores/testbench/common/gc_bicolor_led_ctrl/run.do	byte-identical	ce2650e7d695b322949fe638da4a3637a6f1149c92af81fa7e2fe33b0700bf5f
26e138fdc0bfc8426704b397141d563cf4d580a2	vendor/wr-cores/ip_cores/general-cores/testbench/common/gc_bicolor_led_ctrl/wave.do	5712f4dad763c4d11f0917cf0ee7a93e60c0630e	vendor/wr-cores/ip_cores/general-cores/testbench/common/gc_bicolor_led_ctrl/wave.do	byte-identical	48a6d0f4d3628f940bb71f5f047d88a8149b20c00f757c5fdc33a79d2a1d5924
26e138fdc0bfc8426704b397141d563cf4d580a2	vendor/wr-cores/ip_cores/general-cores/testbench/common/gc_comparator/.gitignore	511c45ea152c643db1356464b3ada39c4b58b383	vendor/wr-cores/ip_cores/general-cores/testbench/common/gc_comparator/.gitignore	byte-identical	6bdde00d326d84e982994de7e8e17b3b88be08a06a3090e3cf49d08d45ca48ae
26e138fdc0bfc8426704b397141d563cf4d580a2	vendor/wr-cores/ip_cores/general-cores/testbench/common/gc_comparator/Manifest.py	9b23bd68bd0aa5890ea64cfb1aed1bb49d5a8bf1	vendor/wr-cores/ip_cores/general-cores/testbench/common/gc_comparator/Manifest.py	byte-identical	b5cc700a68da023c1dcae64a85980bd66ecec63c3800c36584a7924a09676250
26e138fdc0bfc8426704b397141d563cf4d580a2	vendor/wr-cores/ip_cores/general-cores/testbench/common/gc_comparator/gc_comparator_tb.vhd	de7c1fb2120ddca3648ff44dfcd1c0a8d414e001	vendor/wr-cores/ip_cores/general-cores/testbench/common/gc_comparator/gc_comparator_tb.vhd	byte-identical	66371942e527e102678c704724fd002c040431d8a894d1fbcbdc2c98065ac32a
26e138fdc0bfc8426704b397141d563cf4d580a2	vendor/wr-cores/ip_cores/general-cores/testbench/common/gc_ds182x_readout/Manifest.py	22b2863c17f78e4c596a3f576d71fd5e3bac258a	vendor/wr-cores/ip_cores/general-cores/testbench/common/gc_ds182x_readout/Manifest.py	byte-identical	3ae8f7d07c57f67578ed78b889efb28fc1ae7d183d773c8409fd044a77bc8141
26e138fdc0bfc8426704b397141d563cf4d580a2	vendor/wr-cores/ip_cores/general-cores/testbench/common/gc_ds182x_readout/gc_ds182x_readout_tb.vhd	2f6a11f1ea786517bce93092fd5f0c82e5cb97b0	vendor/wr-cores/ip_cores/general-cores/testbench/common/gc_ds182x_readout/gc_ds182x_readout_tb.vhd	byte-identical	32e3adff678cbcee5d2b61331d8feeb4cd36d6bf0363602aa4e775cfe8d20c43
26e138fdc0bfc8426704b397141d563cf4d580a2	vendor/wr-cores/ip_cores/general-cores/testbench/common/gc_moving_average/.gitignore	2ecbb7f4ecf20ff550ee24b8144c48dc722de1af	vendor/wr-cores/ip_cores/general-cores/testbench/common/gc_moving_average/.gitignore	byte-identical	2758636fb61900f330761c56a206d1efcf7c02a659ca96ef3248879222df7376
26e138fdc0bfc8426704b397141d563cf4d580a2	vendor/wr-cores/ip_cores/general-cores/testbench/common/gc_moving_average/Manifest.py	31183e3fdeab205f3265d381360f0f987a287a44	vendor/wr-cores/ip_cores/general-cores/testbench/common/gc_moving_average/Manifest.py	byte-identical	e02ba0d1f56af15bcf3fa2a7a74348bd81e839fa91243d4b2c3fd2cae940a53d
26e138fdc0bfc8426704b397141d563cf4d580a2	vendor/wr-cores/ip_cores/general-cores/testbench/common/gc_moving_average/gc_moving_average_tb.vhd	73b573881100009a98645b2d0d42716fb88357e2	vendor/wr-cores/ip_cores/general-cores/testbench/common/gc_moving_average/gc_moving_average_tb.vhd	byte-identical	a8ae4f6b0be61e4e17a44351bea2063a74471ee93b2f39c06336ffee8b8c5208
26e138fdc0bfc8426704b397141d563cf4d580a2	vendor/wr-cores/ip_cores/general-cores/testbench/dsp/gc_cordic/Manifest.py	3fdd9948b54c7d318d8ba22e8190e80cfcdf5849	vendor/wr-cores/ip_cores/general-cores/testbench/dsp/gc_cordic/Manifest.py	byte-identical	1cea49832195412cc2482bd8e3e9314ca5ea02aada98bb62f6054c4f20a69e62
26e138fdc0bfc8426704b397141d563cf4d580a2	vendor/wr-cores/ip_cores/general-cores/testbench/dsp/gc_cordic/cordic_error_measurement.py	cdde0cfa8d76152c5ce26aa7be14e609a48ec50a	vendor/wr-cores/ip_cores/general-cores/testbench/dsp/gc_cordic/cordic_error_measurement.py	byte-identical	965af1382caf0e0be4300514d41308079ee4fc206e3f580a28b3d3dd341a90a2
26e138fdc0bfc8426704b397141d563cf4d580a2	vendor/wr-cores/ip_cores/general-cores/testbench/dsp/gc_cordic/gc_cordic_tb.vhd	a00abaf8150b5be6083432b0627b40da7770f2bb	vendor/wr-cores/ip_cores/general-cores/testbench/dsp/gc_cordic/gc_cordic_tb.vhd	byte-identical	695b515f0f4100ca7e00fddcc96fec00d3f464e03968b147650b27bd7d463eae
26e138fdc0bfc8426704b397141d563cf4d580a2	vendor/wr-cores/ip_cores/general-cores/testbench/dsp/gc_cordic/main.sv	0d0230c36fc523946761be7e3da463c3629ebd9a	vendor/wr-cores/ip_cores/general-cores/testbench/dsp/gc_cordic/main.sv	byte-identical	8f16c68bf0e43f981d939d18a7f1ac671da14ac0450feaad59c96993faefdfac
26e138fdc0bfc8426704b397141d563cf4d580a2	vendor/wr-cores/ip_cores/general-cores/testbench/dsp/gc_cordic/run.do	062c17e7a0711eff7e88a9ae484c8060eefd3213	vendor/wr-cores/ip_cores/general-cores/testbench/dsp/gc_cordic/run.do	byte-identical	ba055296d3f640c38a064c2fa8ad3b5ec01b970b4173489df0ab647b238b75a3
26e138fdc0bfc8426704b397141d563cf4d580a2	vendor/wr-cores/ip_cores/general-cores/testbench/dsp/gc_cordic/wave.do	9acdaab2e0f62ebe05ede0152b395cb997b1853e	vendor/wr-cores/ip_cores/general-cores/testbench/dsp/gc_cordic/wave.do	byte-identical	e28325e1b47a30a491f7e35206d945825d4753ebe4b13818388379f55905b634
26e138fdc0bfc8426704b397141d563cf4d580a2	vendor/wr-cores/ip_cores/general-cores/testbench/dsp/gc_pipelined_fir_filter/Manifest.py	cab17d3045f69f6c1a5f6e519e9d5aa458f2ac82	vendor/wr-cores/ip_cores/general-cores/testbench/dsp/gc_pipelined_fir_filter/Manifest.py	byte-identical	ff35f8f48e36c0170a1615e1be6f23ff20c1a334a649b23dd05d880f16e19f75
26e138fdc0bfc8426704b397141d563cf4d580a2	vendor/wr-cores/ip_cores/general-cores/testbench/dsp/gc_pipelined_fir_filter/main.sv	2c08dfaad7293861736ba47250b8c69e301b76eb	vendor/wr-cores/ip_cores/general-cores/testbench/dsp/gc_pipelined_fir_filter/main.sv	byte-identical	c6a1fb5eb8c9814f2b7209a022c65d6ac7d3c559830dd5278a189e7ec8b99e82
26e138fdc0bfc8426704b397141d563cf4d580a2	vendor/wr-cores/ip_cores/general-cores/testbench/dsp/gc_pipelined_fir_filter/run.do	062c17e7a0711eff7e88a9ae484c8060eefd3213	vendor/wr-cores/ip_cores/general-cores/testbench/dsp/gc_pipelined_fir_filter/run.do	byte-identical	ba055296d3f640c38a064c2fa8ad3b5ec01b970b4173489df0ab647b238b75a3
26e138fdc0bfc8426704b397141d563cf4d580a2	vendor/wr-cores/ip_cores/general-cores/testbench/dsp/gc_pipelined_fir_filter/wave.do	e77a2b802720e53d4bf992a51a1d0b0e467e0b08	vendor/wr-cores/ip_cores/general-cores/testbench/dsp/gc_pipelined_fir_filter/wave.do	byte-identical	ba61e96d89612fbc79e1610e836c71cf15a8cfcf0738edb29255b2dc4db60cef
26e138fdc0bfc8426704b397141d563cf4d580a2	vendor/wr-cores/ip_cores/general-cores/testbench/osvvm/Manifest.py	19c8a76816e83d0b16473b2302921487d45c19b4	vendor/wr-cores/ip_cores/general-cores/testbench/osvvm/Manifest.py	byte-identical	9368d8705aa1a09469ad5ff20f7508275aa124af342d1b73dbc6c804ed1cd54c
26e138fdc0bfc8426704b397141d563cf4d580a2	vendor/wr-cores/ip_cores/general-cores/testbench/osvvm/upstream/.gitignore	db2ec41d5ac6036849ef6535279a1193973c8d0d	vendor/wr-cores/ip_cores/general-cores/testbench/osvvm/upstream/.gitignore	byte-identical	d5dda2a5ba14163e8933c428f90655d1439fa6f039d6b79dd5c5786292485bbb
26e138fdc0bfc8426704b397141d563cf4d580a2	vendor/wr-cores/ip_cores/general-cores/testbench/osvvm/upstream/AUTHORS.md	58e75acdd5af2a1ef2b8b76e74508a99462c1d33	vendor/wr-cores/ip_cores/general-cores/testbench/osvvm/upstream/AUTHORS.md	byte-identical	77752d93e9447ee4f77580d1e4bd257ef4c18e91d2f0e09b29ce6e8f00bc6731
26e138fdc0bfc8426704b397141d563cf4d580a2	vendor/wr-cores/ip_cores/general-cores/testbench/osvvm/upstream/AlertLogPkg.vhd	f3e688490d6c997d7df74753b4998233536d48d4	vendor/wr-cores/ip_cores/general-cores/testbench/osvvm/upstream/AlertLogPkg.vhd	byte-identical	db5c07f1bf8d72455b6728bb51d01b02bc9f27e0064c2432faca03a4e1e240fe
26e138fdc0bfc8426704b397141d563cf4d580a2	vendor/wr-cores/ip_cores/general-cores/testbench/osvvm/upstream/CHANGELOG.md	6bbf76cc95ad0a92f94766b3578f89d0f626bccc	vendor/wr-cores/ip_cores/general-cores/testbench/osvvm/upstream/CHANGELOG.md	byte-identical	3f1d09b5b387fe3f4660727fad6d46a4e80ac11bfce4d4400a7ecb72c317f2c0
26e138fdc0bfc8426704b397141d563cf4d580a2	vendor/wr-cores/ip_cores/general-cores/testbench/osvvm/upstream/CONTRIBUTORS.md	64cc98b3e7915549601a5d5e85b31f6310809088	vendor/wr-cores/ip_cores/general-cores/testbench/osvvm/upstream/CONTRIBUTORS.md	byte-identical	f30e6e7c4c563c22317152483b71510d4126ccfc19b3523eb02ee559e19ba361
26e138fdc0bfc8426704b397141d563cf4d580a2	vendor/wr-cores/ip_cores/general-cores/testbench/osvvm/upstream/CoveragePkg.vhd	d0afe6a79afb09cb9a528b2218d46731f94d4f66	vendor/wr-cores/ip_cores/general-cores/testbench/osvvm/upstream/CoveragePkg.vhd	byte-identical	a999e37199116300e0ab838db7323d4279aaeda7dad86d93772d5d1e2007fa53
26e138fdc0bfc8426704b397141d563cf4d580a2	vendor/wr-cores/ip_cores/general-cores/testbench/osvvm/upstream/LICENSE.md	b4aef4c56c89fd8ed9ab0a8e94d7110fc753fc0f	vendor/wr-cores/ip_cores/general-cores/testbench/osvvm/upstream/LICENSE.md	byte-identical	0c5e2bf896eccff640498e158d5d1965569a1d8907f5adb4064544c69abc7681
26e138fdc0bfc8426704b397141d563cf4d580a2	vendor/wr-cores/ip_cores/general-cores/testbench/osvvm/upstream/MemoryGenericPkg.vhd	7451dd5d837067ec2d078aea7247e4bd8da6b682	vendor/wr-cores/ip_cores/general-cores/testbench/osvvm/upstream/MemoryGenericPkg.vhd	byte-identical	2ac4126c652a7e9098795e1b74579762a887b509af546d02525fc2337c8ba250
26e138fdc0bfc8426704b397141d563cf4d580a2	vendor/wr-cores/ip_cores/general-cores/testbench/osvvm/upstream/MemoryPkg.vhd	597ba0bdc4ffecc2adc793ba27778befc6ad6db8	vendor/wr-cores/ip_cores/general-cores/testbench/osvvm/upstream/MemoryPkg.vhd	byte-identical	56233339fb470ed3cc6fa9591243797b5222e0d533754692374d71de40471ec8
26e138fdc0bfc8426704b397141d563cf4d580a2	vendor/wr-cores/ip_cores/general-cores/testbench/osvvm/upstream/MemoryPkg_c.vhd	11cb35b065cff692227c26c4b937d7497b77f173	vendor/wr-cores/ip_cores/general-cores/testbench/osvvm/upstream/MemoryPkg_c.vhd	byte-identical	b500a50d175f73dec12e46090947b405cfb63051c0af70839e14266f39bf27ba
26e138fdc0bfc8426704b397141d563cf4d580a2	vendor/wr-cores/ip_cores/general-cores/testbench/osvvm/upstream/MemoryPkg_orig_c.vhd	0b3148897c5c21c2f948ffecffd4a871956b2712	vendor/wr-cores/ip_cores/general-cores/testbench/osvvm/upstream/MemoryPkg_orig_c.vhd	byte-identical	5b226130f48208c70d050ff303375d877853fad8ae202d1f686842209aabc1ce
26e138fdc0bfc8426704b397141d563cf4d580a2	vendor/wr-cores/ip_cores/general-cores/testbench/osvvm/upstream/MemorySupportPkg.vhd	d472d0ac8300048d9cfc2b15d01aa2792c891d6b	vendor/wr-cores/ip_cores/general-cores/testbench/osvvm/upstream/MemorySupportPkg.vhd	byte-identical	80df9070868cf899052be78af5a03f98660970ffde1f87bdc935e5de0c404731
26e138fdc0bfc8426704b397141d563cf4d580a2	vendor/wr-cores/ip_cores/general-cores/testbench/osvvm/upstream/MessageListPkg.vhd	5e56aca4673b8a81cf231bc527ef5f71d472fa36	vendor/wr-cores/ip_cores/general-cores/testbench/osvvm/upstream/MessageListPkg.vhd	byte-identical	b49075ae4b4b808133aaf9c6e1a4744cab4a6603461bfa5cfd4f55708689ce3f
26e138fdc0bfc8426704b397141d563cf4d580a2	vendor/wr-cores/ip_cores/general-cores/testbench/osvvm/upstream/MessagePkg.vhd	cc858ba798bdb12a8f11c738a7414c8b5c4a1bed	vendor/wr-cores/ip_cores/general-cores/testbench/osvvm/upstream/MessagePkg.vhd	byte-identical	016d1c5e9036313e7e81fbce0f91912cad56aa61ef35aa324ac74996e7b9a4c9
26e138fdc0bfc8426704b397141d563cf4d580a2	vendor/wr-cores/ip_cores/general-cores/testbench/osvvm/upstream/NamePkg.vhd	99831fda52be88df1f8eedd586e43609bdde0a34	vendor/wr-cores/ip_cores/general-cores/testbench/osvvm/upstream/NamePkg.vhd	byte-identical	349b248411b1379b094f5d62d145b6ad102d8a3f55e2ecdde6313b1b53ba77aa
26e138fdc0bfc8426704b397141d563cf4d580a2	vendor/wr-cores/ip_cores/general-cores/testbench/osvvm/upstream/NameStorePkg.vhd	5af7c3945b16831ed202efaf6ab15da57c5f1953	vendor/wr-cores/ip_cores/general-cores/testbench/osvvm/upstream/NameStorePkg.vhd	byte-identical	ff575092fb66de615482ed32ca4997691213214ff81d528023efc67cdd9e7958
26e138fdc0bfc8426704b397141d563cf4d580a2	vendor/wr-cores/ip_cores/general-cores/testbench/osvvm/upstream/OsvvmContext.vhd	cb7fa167598878b3c9caafe714297c9f1820f1f3	vendor/wr-cores/ip_cores/general-cores/testbench/osvvm/upstream/OsvvmContext.vhd	byte-identical	15580e93c128c2c073f09f329b062f838f11786871f794b60a0bb550f913ecde
26e138fdc0bfc8426704b397141d563cf4d580a2	vendor/wr-cores/ip_cores/general-cores/testbench/osvvm/upstream/OsvvmGlobalPkg.vhd	2d7c1da4707395096ecdc7f9aa63c8e5c7f0257c	vendor/wr-cores/ip_cores/general-cores/testbench/osvvm/upstream/OsvvmGlobalPkg.vhd	byte-identical	47dd0a8954bc2d071649cfdf8de0c5a472c6d70983f4d9e9f1d0fdd995275aa9
26e138fdc0bfc8426704b397141d563cf4d580a2	vendor/wr-cores/ip_cores/general-cores/testbench/osvvm/upstream/OsvvmTypesPkg.vhd	c046e8620682138cf4b44725c1f6cb2ea8a6df5e	vendor/wr-cores/ip_cores/general-cores/testbench/osvvm/upstream/OsvvmTypesPkg.vhd	byte-identical	047004de2b60d42a56311a0914fa06b4dd87aa9a8eebec2222313cf84e149b1d
26e138fdc0bfc8426704b397141d563cf4d580a2	vendor/wr-cores/ip_cores/general-cores/testbench/osvvm/upstream/README.md	6672043288d6cd0e3e9f67b13e4179fbf79c9228	vendor/wr-cores/ip_cores/general-cores/testbench/osvvm/upstream/README.md	byte-identical	55a4faad25819e32c4ade0ca12e0dc17e9630eb5513f997c905ffd9c3c374ee3
26e138fdc0bfc8426704b397141d563cf4d580a2	vendor/wr-cores/ip_cores/general-cores/testbench/osvvm/upstream/RandomBasePkg.vhd	e66d2b95b9d239a11c8cb60f1226dfc20bde47e6	vendor/wr-cores/ip_cores/general-cores/testbench/osvvm/upstream/RandomBasePkg.vhd	byte-identical	00b8786847058ecbe3bb69fc6616be9c99b916a9d700119d6f6fd759955f9c04
26e138fdc0bfc8426704b397141d563cf4d580a2	vendor/wr-cores/ip_cores/general-cores/testbench/osvvm/upstream/RandomPkg.vhd	4858cd95b1b6ebab009388ec39c65a904a852467	vendor/wr-cores/ip_cores/general-cores/testbench/osvvm/upstream/RandomPkg.vhd	byte-identical	1bcfacb107980b9bba8b38ad472e0f7e3c9c8f6b60e09b4cc4114f5fa3da6716
26e138fdc0bfc8426704b397141d563cf4d580a2	vendor/wr-cores/ip_cores/general-cores/testbench/osvvm/upstream/RandomProcedurePkg.vhd	eb2a79dbb62f3d5db71fed872947379114a08ec7	vendor/wr-cores/ip_cores/general-cores/testbench/osvvm/upstream/RandomProcedurePkg.vhd	byte-identical	277758deee0f314e1c5807148a0ee3ac506fe58fdd74568b800c11cfe07c7189
26e138fdc0bfc8426704b397141d563cf4d580a2	vendor/wr-cores/ip_cores/general-cores/testbench/osvvm/upstream/ReportPkg.vhd	e0c5d615bb56b4792a1768a073353eda1fac08dd	vendor/wr-cores/ip_cores/general-cores/testbench/osvvm/upstream/ReportPkg.vhd	byte-identical	6331e2bfaa91a596e48f8c72224c8cd7898e9400e12a698a47ce271e7c584dc3
26e138fdc0bfc8426704b397141d563cf4d580a2	vendor/wr-cores/ip_cores/general-cores/testbench/osvvm/upstream/ResizePkg.vhd	3d8ca4948fabb10a6901bbcae4ca1fee08f5ad09	vendor/wr-cores/ip_cores/general-cores/testbench/osvvm/upstream/ResizePkg.vhd	byte-identical	1428744db0a1a17480a1b52f1c4420e3f0995702b66982b3467b3f73b7b20368
26e138fdc0bfc8426704b397141d563cf4d580a2	vendor/wr-cores/ip_cores/general-cores/testbench/osvvm/upstream/ResolutionPkg.vhd	f2ec0a559700cf84730e1849392512c5237818f2	vendor/wr-cores/ip_cores/general-cores/testbench/osvvm/upstream/ResolutionPkg.vhd	byte-identical	b6bb9eaec10857d09df0dd08e38850e034ef58494b2874798900f0359c096d7a
26e138fdc0bfc8426704b397141d563cf4d580a2	vendor/wr-cores/ip_cores/general-cores/testbench/osvvm/upstream/ScoreboardGenericPkg.vhd	8ede2faf8d87a19fc69e4cf19522777f6804805e	vendor/wr-cores/ip_cores/general-cores/testbench/osvvm/upstream/ScoreboardGenericPkg.vhd	byte-identical	b1d758ece7dff47e2e91b8f6f320b17f536dcc6bb97d9dee683c16306ebbe0fb
26e138fdc0bfc8426704b397141d563cf4d580a2	vendor/wr-cores/ip_cores/general-cores/testbench/osvvm/upstream/ScoreboardPkg_int.vhd	659a80d81968f7810bdf40346b377703561d4598	vendor/wr-cores/ip_cores/general-cores/testbench/osvvm/upstream/ScoreboardPkg_int.vhd	byte-identical	38ff49995618952838dfa2808e4b15c3478fc3c5960fb8ce6ecd97e9a36d065a
26e138fdc0bfc8426704b397141d563cf4d580a2	vendor/wr-cores/ip_cores/general-cores/testbench/osvvm/upstream/ScoreboardPkg_int_c.vhd	969e8723e9be38c4568bbe8935c74843b4d8a8da	vendor/wr-cores/ip_cores/general-cores/testbench/osvvm/upstream/ScoreboardPkg_int_c.vhd	byte-identical	e9283b869d28b773f5b7708fc8f6222e8a2ffbf573f67138dd7f0a5e32f5b9a5
26e138fdc0bfc8426704b397141d563cf4d580a2	vendor/wr-cores/ip_cores/general-cores/testbench/osvvm/upstream/ScoreboardPkg_slv.vhd	08b0e9ee14da257513fb74dfbb5c27dce98b2035	vendor/wr-cores/ip_cores/general-cores/testbench/osvvm/upstream/ScoreboardPkg_slv.vhd	byte-identical	3f4de43f3808fab4281f3c207c0900664a54c36adb9b7481897bb2dd9dbe936c
26e138fdc0bfc8426704b397141d563cf4d580a2	vendor/wr-cores/ip_cores/general-cores/testbench/osvvm/upstream/ScoreboardPkg_slv_c.vhd	4f3dff29f63dbda7c99fcbdc5b24ca7e043ba78d	vendor/wr-cores/ip_cores/general-cores/testbench/osvvm/upstream/ScoreboardPkg_slv_c.vhd	byte-identical	6c343a50170b3dae081023cbd45d47ebf5f403d3de519ad8e20d238e9fe71e91
26e138fdc0bfc8426704b397141d563cf4d580a2	vendor/wr-cores/ip_cores/general-cores/testbench/osvvm/upstream/SortListPkg_int.vhd	22e7e5f1dd96d052948f621255e7c3bc449bad8f	vendor/wr-cores/ip_cores/general-cores/testbench/osvvm/upstream/SortListPkg_int.vhd	byte-identical	249910d9ccbb9b69017950e24094824f93ebaf5eee809681e3141079dd1529da
26e138fdc0bfc8426704b397141d563cf4d580a2	vendor/wr-cores/ip_cores/general-cores/testbench/osvvm/upstream/TbUtilPkg.vhd	c8261407fd1c993722aa4d40cfca6575886ec14a	vendor/wr-cores/ip_cores/general-cores/testbench/osvvm/upstream/TbUtilPkg.vhd	byte-identical	8303f12d304e60ab406bb577b086610fa2185d1710c982dc3ec417c49dd876cd
26e138fdc0bfc8426704b397141d563cf4d580a2	vendor/wr-cores/ip_cores/general-cores/testbench/osvvm/upstream/TextUtilPkg.vhd	aa91dfc8d994dac4045af983dcfc8986e9dc780b	vendor/wr-cores/ip_cores/general-cores/testbench/osvvm/upstream/TextUtilPkg.vhd	byte-identical	c0197bc7400bc4c2984fb358fcadea048d4003cc01f025fe23d36947691f778c
26e138fdc0bfc8426704b397141d563cf4d580a2	vendor/wr-cores/ip_cores/general-cores/testbench/osvvm/upstream/TranscriptPkg.vhd	94497dd1d1c84e9282935156849011cc1658c587	vendor/wr-cores/ip_cores/general-cores/testbench/osvvm/upstream/TranscriptPkg.vhd	byte-identical	e86f29a2042c03aa9746326f7397e37104036e9f20ce6171a83ec172a2115cf2
26e138fdc0bfc8426704b397141d563cf4d580a2	vendor/wr-cores/ip_cores/general-cores/testbench/osvvm/upstream/VendorCovApiPkg.vhd	1b2741f0454446ee2277eb90d91e08a095d4ab2b	vendor/wr-cores/ip_cores/general-cores/testbench/osvvm/upstream/VendorCovApiPkg.vhd	byte-identical	cbd90ed0c61f1d41fbe706ca75fae840100c84dd9ef80a39def4dce08b78b277
26e138fdc0bfc8426704b397141d563cf4d580a2	vendor/wr-cores/ip_cores/general-cores/testbench/osvvm/upstream/VendorCovApiPkg_Aldec.vhd	3c19d1a4140d4eb55380a080822579b7838cf81b	vendor/wr-cores/ip_cores/general-cores/testbench/osvvm/upstream/VendorCovApiPkg_Aldec.vhd	byte-identical	6bc26c1d130e39769f9dc9b47a381a801dab8566846a25e8a9238eb41b4518cf
26e138fdc0bfc8426704b397141d563cf4d580a2	vendor/wr-cores/ip_cores/general-cores/testbench/osvvm/upstream/demo/AlertLog_Demo_Global.vhd	001d009286cfcaea2af6b98e279be031159bd1bb	vendor/wr-cores/ip_cores/general-cores/testbench/osvvm/upstream/demo/AlertLog_Demo_Global.vhd	byte-identical	4cd2dffe706eae3bc653182e344d335911887c6d8086018bbcc0f2bbb35b62cf
26e138fdc0bfc8426704b397141d563cf4d580a2	vendor/wr-cores/ip_cores/general-cores/testbench/osvvm/upstream/demo/AlertLog_Demo_Hierarchy.vhd	ff00c9f45cd1e28e202c2e9d4a2d8b43acea98d2	vendor/wr-cores/ip_cores/general-cores/testbench/osvvm/upstream/demo/AlertLog_Demo_Hierarchy.vhd	byte-identical	ebe3f8fe450d68b188dd8eb737f8c1ad956a0b84c3ac497430255711f58f2a17
26e138fdc0bfc8426704b397141d563cf4d580a2	vendor/wr-cores/ip_cores/general-cores/testbench/osvvm/upstream/demo/Demo_Rand.vhd	a5e417ad946d3577c0fb7bb7603eaf79da4ab595	vendor/wr-cores/ip_cores/general-cores/testbench/osvvm/upstream/demo/Demo_Rand.vhd	byte-identical	1f2c15cf5ba9ec11b16ce919ecb2a5da8fe825315ac13f164dc90ffa03947642
26e138fdc0bfc8426704b397141d563cf4d580a2	vendor/wr-cores/ip_cores/general-cores/testbench/osvvm/upstream/osvvm.pro	521500e862ce325d1b907d41ba02c85e947d0854	vendor/wr-cores/ip_cores/general-cores/testbench/osvvm/upstream/osvvm.pro	byte-identical	e98e5c458659d13ead2b93e8c17b688eca231f830734e39ad19b15532c532698
26e138fdc0bfc8426704b397141d563cf4d580a2	vendor/wr-cores/ip_cores/general-cores/testbench/osvvm/upstream/osvvm_old.tcl	c9c881a9e797fd458256fdb50906e739e04bfabc	vendor/wr-cores/ip_cores/general-cores/testbench/osvvm/upstream/osvvm_old.tcl	byte-identical	15ba8d3f958a6ed3c867ebdc69c5f8724b5634ce5ac16c0f7aee65fe71003246
26e138fdc0bfc8426704b397141d563cf4d580a2	vendor/wr-cores/ip_cores/general-cores/testbench/radtol/tb_secded_32b_pkg.vhd	a7c777e6e5248db7c2955d3e3418f805f1637e0a	vendor/wr-cores/ip_cores/general-cores/testbench/radtol/tb_secded_32b_pkg.vhd	byte-identical	77d170cbf77f45dd96e293928a1b44cb35d05480f89733b8bcf21aec536218f1
26e138fdc0bfc8426704b397141d563cf4d580a2	vendor/wr-cores/ip_cores/general-cores/testbench/radtol/tb_secded_ecc.vhd	9bf10b7bcf1929656bf7828046723dee806faf77	vendor/wr-cores/ip_cores/general-cores/testbench/radtol/tb_secded_ecc.vhd	byte-identical	6436ba434a76758b0818ff43e029c9d192a1b28094cd96d8c42dec7bad708f79
26e138fdc0bfc8426704b397141d563cf4d580a2	vendor/wr-cores/ip_cores/general-cores/testbench/wishbone/gc_sync_word_wr/run.do	fcb88dd73158bb12c543f5938dc67661eadbac63	vendor/wr-cores/ip_cores/general-cores/testbench/wishbone/gc_sync_word_wr/run.do	byte-identical	2b20dd84f6029d501a2738cdd55c7e21d2b192aa2ce1230980c95c471f61a77e
26e138fdc0bfc8426704b397141d563cf4d580a2	vendor/wr-cores/ip_cores/general-cores/testbench/wishbone/gc_sync_word_wr/tb_gc_sync_word_wr.vhd	dea3bd8c3f494443f78ec75dc41f699c52582404	vendor/wr-cores/ip_cores/general-cores/testbench/wishbone/gc_sync_word_wr/tb_gc_sync_word_wr.vhd	byte-identical	d8f2c2c0a4e4c0598ae53a65e0b2d42f03bfb1312686a26c56a8945a6280b3ef
26e138fdc0bfc8426704b397141d563cf4d580a2	vendor/wr-cores/ip_cores/general-cores/testbench/wishbone/gc_sync_word_wr/wave.do	417056923d020391fc79969270213102369df075	vendor/wr-cores/ip_cores/general-cores/testbench/wishbone/gc_sync_word_wr/wave.do	byte-identical	0002e2c7eed64eda8e01347f35b89ed55d54e152ca4ec75ba12cd2dc475c8464
26e138fdc0bfc8426704b397141d563cf4d580a2	vendor/wr-cores/ip_cores/general-cores/testbench/wishbone/include/wb_fine_pulse_gen_regs.vh	75eb96414390bf2f27795ae1a9bcba7f34d9b2a4	vendor/wr-cores/ip_cores/general-cores/testbench/wishbone/include/wb_fine_pulse_gen_regs.vh	byte-identical	ed5bb877198937174c64514a1be8d1de581488e135a95b06f9c7d971e26be90b
26e138fdc0bfc8426704b397141d563cf4d580a2	vendor/wr-cores/ip_cores/general-cores/testbench/wishbone/include/wb_uart_regs.vh	b5204a9bd102e3cdf21fc8cc68f1bbe5ac14815e	vendor/wr-cores/ip_cores/general-cores/testbench/wishbone/include/wb_uart_regs.vh	byte-identical	73f669b9916c893962a981fa71284f76fea41fcdc5e161b430f78493b522c3dc
26e138fdc0bfc8426704b397141d563cf4d580a2	vendor/wr-cores/ip_cores/general-cores/testbench/wishbone/lm32_testsys/Manifest.py	9134c2465fba1d70b54392ba1e4b85ed8b62cccb	vendor/wr-cores/ip_cores/general-cores/testbench/wishbone/lm32_testsys/Manifest.py	byte-identical	b31690f9a2a625a06edccdc0796c76cd51cdca031e8d383e91263fce939f88ad
26e138fdc0bfc8426704b397141d563cf4d580a2	vendor/wr-cores/ip_cores/general-cores/testbench/wishbone/lm32_testsys/lm32_test_system.vhd	7ad2f8bc3f6d418cef9163d2811a2b4c428b81ca	vendor/wr-cores/ip_cores/general-cores/testbench/wishbone/lm32_testsys/lm32_test_system.vhd	byte-identical	db0415a7eeb4a82508a37a974b2531c268b994003ec854152025b55db8f496ab
26e138fdc0bfc8426704b397141d563cf4d580a2	vendor/wr-cores/ip_cores/general-cores/testbench/wishbone/lm32_testsys/main.sv	47c39914ca747b00f209bb9e608f201a78b2b987	vendor/wr-cores/ip_cores/general-cores/testbench/wishbone/lm32_testsys/main.sv	byte-identical	1278768a0572171c64912ba864a13b7f47dfa9dd17ae30445173c10cd878c75d
26e138fdc0bfc8426704b397141d563cf4d580a2	vendor/wr-cores/ip_cores/general-cores/testbench/wishbone/lm32_testsys/run.do	e6f84ca343000d6ca03ef6e67d202a8f514edddb	vendor/wr-cores/ip_cores/general-cores/testbench/wishbone/lm32_testsys/run.do	byte-identical	ebd20b215fbeafead4c7b9f3db2a403aa9a8ab746bc4fdca9adab54f38380805
26e138fdc0bfc8426704b397141d563cf4d580a2	vendor/wr-cores/ip_cores/general-cores/testbench/wishbone/lm32_testsys/sw/genraminit.c	9e2781770f7dce4aebcab28730d59eb363f762bf	vendor/wr-cores/ip_cores/general-cores/testbench/wishbone/lm32_testsys/sw/genraminit.c	byte-identical	171458fbaf2493aeddb2b88eb0c83fc08b1decfe630d785c7f9fede0a57f905a
26e138fdc0bfc8426704b397141d563cf4d580a2	vendor/wr-cores/ip_cores/general-cores/testbench/wishbone/lm32_testsys/sw/main.c	a3b3b96c3ea2bf18233c576daacef21a921b9eb1	vendor/wr-cores/ip_cores/general-cores/testbench/wishbone/lm32_testsys/sw/main.c	byte-identical	1e677269d9d05d5b45312a2c6106106c160b4983581989c35cb52b19aa85cf8d
26e138fdc0bfc8426704b397141d563cf4d580a2	vendor/wr-cores/ip_cores/general-cores/testbench/wishbone/lm32_testsys/sw/main.ram	b3242a8c20913f97f3bc58e78a13a30adebcb38c	vendor/wr-cores/ip_cores/general-cores/testbench/wishbone/lm32_testsys/sw/main.ram	byte-identical	83d4e10e6310f74ae0c9061f9c9d2bc4e415aa53717a2c596639c0e748e7b151
26e138fdc0bfc8426704b397141d563cf4d580a2	vendor/wr-cores/ip_cores/general-cores/testbench/wishbone/lm32_testsys/sw/target/lm32/crt0.S	eca382680209c235195f9e68f09765b2909f00ca	vendor/wr-cores/ip_cores/general-cores/testbench/wishbone/lm32_testsys/sw/target/lm32/crt0.S	byte-identical	9f2cde52fd270192fdd1b657dc4a779238622ee4e88084799e097e1006988b0c
26e138fdc0bfc8426704b397141d563cf4d580a2	vendor/wr-cores/ip_cores/general-cores/testbench/wishbone/lm32_testsys/sw/target/lm32/irq.c	d1ac86b53b5d6f585b8fc1a2fa8e6a332ba6462d	vendor/wr-cores/ip_cores/general-cores/testbench/wishbone/lm32_testsys/sw/target/lm32/irq.c	byte-identical	5ac611d9a9b83ca1250d8b30b65d53c5e41ad5423a7613189afe87ee8ed7cf29
26e138fdc0bfc8426704b397141d563cf4d580a2	vendor/wr-cores/ip_cores/general-cores/testbench/wishbone/lm32_testsys/sw/target/lm32/ram.ld	c92e4dac2fa481e644a897eed28d7009adb23ac6	vendor/wr-cores/ip_cores/general-cores/testbench/wishbone/lm32_testsys/sw/target/lm32/ram.ld	byte-identical	ae70b6e8efbac5c782a695e7725e4c59039151b12c6a45f57cc07328822ec748
26e138fdc0bfc8426704b397141d563cf4d580a2	vendor/wr-cores/ip_cores/general-cores/testbench/wishbone/lm32_testsys/sw/uart.c	8841f8fb8d08eb2393089501b6a5eb6dbac465c2	vendor/wr-cores/ip_cores/general-cores/testbench/wishbone/lm32_testsys/sw/uart.c	byte-identical	433b2595dbc1260fa654f99fb9639d3bba4c313f3a750626d54c86a0879935f7
26e138fdc0bfc8426704b397141d563cf4d580a2	vendor/wr-cores/ip_cores/general-cores/testbench/wishbone/lm32_testsys/wave.do	b41f0722e8a23b02c803c51254e5aa02c7f46a46	vendor/wr-cores/ip_cores/general-cores/testbench/wishbone/lm32_testsys/wave.do	byte-identical	707621cbc1be627ffa02558c4d0e024e4ff12716c2b47b5e1834a4798761bfb9
26e138fdc0bfc8426704b397141d563cf4d580a2	vendor/wr-cores/ip_cores/general-cores/testbench/wishbone/wb16_to_wb32/tb.gtkw	7b40e06b8dc5a6fb455ee31f0cd52903fbf5c641	vendor/wr-cores/ip_cores/general-cores/testbench/wishbone/wb16_to_wb32/tb.gtkw	byte-identical	828dae27396f46c69486f752627c1560b8b78ba2e7a6ae0195fd944207406b88
26e138fdc0bfc8426704b397141d563cf4d580a2	vendor/wr-cores/ip_cores/general-cores/testbench/wishbone/wb16_to_wb32/tb_wb16_to_wb32.vhd	0ba46d01edf7228336cacc2b25efcf6c6cd6d8d4	vendor/wr-cores/ip_cores/general-cores/testbench/wishbone/wb16_to_wb32/tb_wb16_to_wb32.vhd	byte-identical	f43653380b8fa30cc6cbd9a703f5101a3114e1794edb6989ada63adcc0b6c8e7
26e138fdc0bfc8426704b397141d563cf4d580a2	vendor/wr-cores/ip_cores/general-cores/testbench/wishbone/wb_fine_pulse_gen/Manifest.py	4d8f90bac1308f614315bb56cb3906b617ced5ff	vendor/wr-cores/ip_cores/general-cores/testbench/wishbone/wb_fine_pulse_gen/Manifest.py	byte-identical	3297de6a487fa148839e9600fc81ffb9e01f1d98d2a0b236a302f4229fa41e25
26e138fdc0bfc8426704b397141d563cf4d580a2	vendor/wr-cores/ip_cores/general-cores/testbench/wishbone/wb_fine_pulse_gen/main.sv	8b4eb7cda495cb8c2e549d4992cbdf8de4f682d2	vendor/wr-cores/ip_cores/general-cores/testbench/wishbone/wb_fine_pulse_gen/main.sv	byte-identical	529583bfdf2bbe44b62e378b294a92c1d1940aeacafe81ca014c4f2d63911dde
26e138fdc0bfc8426704b397141d563cf4d580a2	vendor/wr-cores/ip_cores/general-cores/testbench/wishbone/wb_fine_pulse_gen/run.do	e6ae472ab0df84a7f810ea8e3b7c834c724ce4e6	vendor/wr-cores/ip_cores/general-cores/testbench/wishbone/wb_fine_pulse_gen/run.do	byte-identical	8c7be48f4bf256193fb5ba0675e9bd1fe54a214e6b137e5ce83ba8f2a4641d5c
26e138fdc0bfc8426704b397141d563cf4d580a2	vendor/wr-cores/ip_cores/general-cores/testbench/wishbone/wb_gpio_port/.gitignore	de7d1b3d5b2c689a8afcc29c886e23f7335361a9	vendor/wr-cores/ip_cores/general-cores/testbench/wishbone/wb_gpio_port/.gitignore	byte-identical	b676b8a54fe1c58bc745984cc25dd172f27948f4ea230202dbb036df2c7167fa
26e138fdc0bfc8426704b397141d563cf4d580a2	vendor/wr-cores/ip_cores/general-cores/testbench/wishbone/wb_gpio_port/Manifest.py	a84002ecd2eb732400d67ab3f22d2aa45fa3cb3c	vendor/wr-cores/ip_cores/general-cores/testbench/wishbone/wb_gpio_port/Manifest.py	byte-identical	4e9d5d9c680efba37bd4d1ec95c5dcff3d8ab0c92cc02b4588aafa76cf158474
26e138fdc0bfc8426704b397141d563cf4d580a2	vendor/wr-cores/ip_cores/general-cores/testbench/wishbone/wb_gpio_port/main.sv	6f531ec5e0848642f83b691a051d40b4c852e2b7	vendor/wr-cores/ip_cores/general-cores/testbench/wishbone/wb_gpio_port/main.sv	byte-identical	712368056b0387830b1d7d497aaab73f2dfdb213ac51d3e3847455164dba1017
26e138fdc0bfc8426704b397141d563cf4d580a2	vendor/wr-cores/ip_cores/general-cores/testbench/wishbone/wb_gpio_port/run.do	062c17e7a0711eff7e88a9ae484c8060eefd3213	vendor/wr-cores/ip_cores/general-cores/testbench/wishbone/wb_gpio_port/run.do	byte-identical	ba055296d3f640c38a064c2fa8ad3b5ec01b970b4173489df0ab647b238b75a3
26e138fdc0bfc8426704b397141d563cf4d580a2	vendor/wr-cores/ip_cores/general-cores/testbench/wishbone/wb_gpio_port/wave.do	b7ba340765b970052c0072ba17a6d4075e3bedc5	vendor/wr-cores/ip_cores/general-cores/testbench/wishbone/wb_gpio_port/wave.do	byte-identical	43d3d84c325e97366576ff76ff99d0a96e116f2aff4166e7245eaac250ca8c8a
26e138fdc0bfc8426704b397141d563cf4d580a2	vendor/wr-cores/ip_cores/general-cores/testbench/wishbone/wb_indirect/Manifest.py	232b79f423eef7f8e8d19acec3d37b4282192670	vendor/wr-cores/ip_cores/general-cores/testbench/wishbone/wb_indirect/Manifest.py	byte-identical	fe77362af9455b48c4af7bb00322f7fa091bc6bcaad526117a79452b1e7344d3
26e138fdc0bfc8426704b397141d563cf4d580a2	vendor/wr-cores/ip_cores/general-cores/testbench/wishbone/wb_indirect/tb_indirect.gtkw	dc504c3cc1c8844e9a33768539f533f48f074af6	vendor/wr-cores/ip_cores/general-cores/testbench/wishbone/wb_indirect/tb_indirect.gtkw	byte-identical	ddac69a464f4ccc5543c74914bd923ba21486f2393f9138b6096ca3e2eaf9644
26e138fdc0bfc8426704b397141d563cf4d580a2	vendor/wr-cores/ip_cores/general-cores/testbench/wishbone/wb_indirect/tb_wb_indirect.vhd	91538bc889e7dc87087b2d57937b4b3226b88a35	vendor/wr-cores/ip_cores/general-cores/testbench/wishbone/wb_indirect/tb_wb_indirect.vhd	byte-identical	635e150f2f7edf8c2615bb71b4ef6ad42ab80a9e4cf0bf97f81b5186ae974163
26e138fdc0bfc8426704b397141d563cf4d580a2	vendor/wr-cores/ip_cores/general-cores/testbench/wishbone/wb_simple_pwm/Manifest.py	44e1b0a1f0b7b0f968ab53796c455e709caa2451	vendor/wr-cores/ip_cores/general-cores/testbench/wishbone/wb_simple_pwm/Manifest.py	byte-identical	e4b0b098952d3f7d811aac928677db4bcd74ac579042717dc5e1c470fbd622a0
26e138fdc0bfc8426704b397141d563cf4d580a2	vendor/wr-cores/ip_cores/general-cores/testbench/wishbone/wb_simple_pwm/main.sv	7b6c7d985efa41fb4673a609616429da9d336d6a	vendor/wr-cores/ip_cores/general-cores/testbench/wishbone/wb_simple_pwm/main.sv	byte-identical	74009ae1816727eaaad83dc7859dc23f84e00c8c291a7d75384da752ea8d29b8
26e138fdc0bfc8426704b397141d563cf4d580a2	vendor/wr-cores/ip_cores/general-cores/testbench/wishbone/wb_simple_pwm/run.do	5703c6b2b7b02f13abb362845248eafcf577ff87	vendor/wr-cores/ip_cores/general-cores/testbench/wishbone/wb_simple_pwm/run.do	byte-identical	9f022bd3b0e18b7d1024aad6918f47dcbea415f8294abd047c509bbcb11488d8
26e138fdc0bfc8426704b397141d563cf4d580a2	vendor/wr-cores/ip_cores/general-cores/testbench/wishbone/wb_simple_pwm/wave.do	35f1ca38b3242ffbcef5d61e08fa4e26e2637958	vendor/wr-cores/ip_cores/general-cores/testbench/wishbone/wb_simple_pwm/wave.do	byte-identical	e3433781c75d70f42ff4a197af2cd25fa3abb2782a84608be73314ff963d0168
26e138fdc0bfc8426704b397141d563cf4d580a2	vendor/wr-cores/ip_cores/general-cores/testbench/wishbone/wb_spi/Manifest.py	abf4f027d39ac450ce0b069369e040a86540a181	vendor/wr-cores/ip_cores/general-cores/testbench/wishbone/wb_spi/Manifest.py	byte-identical	bd605755057b31f4bd30408e4f942eb9b6435b503ca557375537c58163fa8b38
26e138fdc0bfc8426704b397141d563cf4d580a2	vendor/wr-cores/ip_cores/general-cores/testbench/wishbone/wb_spi/run.do	9413adf41ad37574d9969490db78aa82ffcd9e93	vendor/wr-cores/ip_cores/general-cores/testbench/wishbone/wb_spi/run.do	byte-identical	c2bde47b30fd52ea8e1a34deebd62aa6b65c7ba3ce57c0030fba09e9e17942f9
26e138fdc0bfc8426704b397141d563cf4d580a2	vendor/wr-cores/ip_cores/general-cores/testbench/wishbone/wb_spi/tb_spi.vhd	fafe7b69af8f9f411cfded1a31ab44824b8f8a62	vendor/wr-cores/ip_cores/general-cores/testbench/wishbone/wb_spi/tb_spi.vhd	byte-identical	6c1c2942d5d1c687fef1144cd75d24aa651575053c2f31af95c5942103bd4d81
26e138fdc0bfc8426704b397141d563cf4d580a2	vendor/wr-cores/ip_cores/general-cores/testbench/wishbone/wb_spi/wb_spi_tb.vhd	fa0d2eed1bca80d3064a02d9e6b8da748d899769	vendor/wr-cores/ip_cores/general-cores/testbench/wishbone/wb_spi/wb_spi_tb.vhd	byte-identical	d88039490457109ef5a4c65dc59957d566a2966189f5be9174dd77584e85089e
26e138fdc0bfc8426704b397141d563cf4d580a2	vendor/wr-cores/ip_cores/general-cores/testbench/wishbone/wb_uart/Manifest.py	fde77a32de98428b63e386917a973f61d74a8ca7	vendor/wr-cores/ip_cores/general-cores/testbench/wishbone/wb_uart/Manifest.py	byte-identical	5edffc36bdcf18611247ae4bdc7bceb8c071a1bcbb1bf5edd06450b26d976ee0
26e138fdc0bfc8426704b397141d563cf4d580a2	vendor/wr-cores/ip_cores/general-cores/testbench/wishbone/wb_uart/main.sv	1ee50cf8265ed4e95a0b1a6423134852effff310	vendor/wr-cores/ip_cores/general-cores/testbench/wishbone/wb_uart/main.sv	byte-identical	95ea82f2c4d3679682c5e9a56dcbb3f37cc2646539f6962ed34fde70821e7390
26e138fdc0bfc8426704b397141d563cf4d580a2	vendor/wr-cores/ip_cores/general-cores/testbench/wishbone/wb_uart/run.do	ddb7cc80947f9dec00a70a437d1643a4abf9845f	vendor/wr-cores/ip_cores/general-cores/testbench/wishbone/wb_uart/run.do	byte-identical	c92a4912313b8c2b7eaf629b7fcb4cb457a2c87ab9c91b2bdfa7aca43381e0ba
26e138fdc0bfc8426704b397141d563cf4d580a2	vendor/wr-cores/ip_cores/general-cores/testbench/wishbone/wb_uart/wave.do	62c28031fa4bb3b47d9831a2c03371335ce397af	vendor/wr-cores/ip_cores/general-cores/testbench/wishbone/wb_uart/wave.do	byte-identical	a444109992ea15bebeab2ff27411fbeec4817146f1d1e95e8d01c9f1b03311fc
26e138fdc0bfc8426704b397141d563cf4d580a2	vendor/wr-cores/ip_cores/general-cores/testbench/wishbone/wb_xilinx_fpga_loader/Manifest.py	d2ded3e34d7ef13ada940247c3f54c27aecfa862	vendor/wr-cores/ip_cores/general-cores/testbench/wishbone/wb_xilinx_fpga_loader/Manifest.py	byte-identical	ad55334983593ec8a5df6d05aa59e29d2dfe520350d3d09adfe63a304c41320d
26e138fdc0bfc8426704b397141d563cf4d580a2	vendor/wr-cores/ip_cores/general-cores/testbench/wishbone/wb_xilinx_fpga_loader/SIM_CONFIG_S6_SERIAL.v	db263517bc899199b6343cfae2d681c814257106	vendor/wr-cores/ip_cores/general-cores/testbench/wishbone/wb_xilinx_fpga_loader/SIM_CONFIG_S6_SERIAL.v	byte-identical	0c27ece5a816cc1d21fd3ea680522cc25081e1b9e314a5e331be370f1ad28dec
26e138fdc0bfc8426704b397141d563cf4d580a2	vendor/wr-cores/ip_cores/general-cores/testbench/wishbone/wb_xilinx_fpga_loader/glbl.v	69ac7306f1e99374977a5740f38759609a44df6f	vendor/wr-cores/ip_cores/general-cores/testbench/wishbone/wb_xilinx_fpga_loader/glbl.v	byte-identical	bf0418d14dc718ad08ac695ffef42f753851a4ff408120aa07e5a45fea7458cb
26e138fdc0bfc8426704b397141d563cf4d580a2	vendor/wr-cores/ip_cores/general-cores/testbench/wishbone/wb_xilinx_fpga_loader/main.sv	f7c6134e1eb617b0244f2babac05ec4f14d98174	vendor/wr-cores/ip_cores/general-cores/testbench/wishbone/wb_xilinx_fpga_loader/main.sv	byte-identical	14a68ec4fc159f6d33093edaaae6e9e4b814ccf32c763a5b2b91794b3c54c24e
26e138fdc0bfc8426704b397141d563cf4d580a2	vendor/wr-cores/ip_cores/general-cores/testbench/wishbone/wb_xilinx_fpga_loader/run.do	5703c6b2b7b02f13abb362845248eafcf577ff87	vendor/wr-cores/ip_cores/general-cores/testbench/wishbone/wb_xilinx_fpga_loader/run.do	byte-identical	9f022bd3b0e18b7d1024aad6918f47dcbea415f8294abd047c509bbcb11488d8
26e138fdc0bfc8426704b397141d563cf4d580a2	vendor/wr-cores/ip_cores/general-cores/testbench/wishbone/wb_xilinx_fpga_loader/sample_bitstream/Manifest.py	1ca929fa31539937389045c995b89416558b783b	vendor/wr-cores/ip_cores/general-cores/testbench/wishbone/wb_xilinx_fpga_loader/sample_bitstream/Manifest.py	byte-identical	7e9f239bd8d7519ee4674ef04c2b0393068ed2bbafea792db576361fd36935e5
26e138fdc0bfc8426704b397141d563cf4d580a2	vendor/wr-cores/ip_cores/general-cores/testbench/wishbone/wb_xilinx_fpga_loader/sample_bitstream/crc_gen.vhd	6e589abe203bd96fc8019594cefa4788824bdae0	vendor/wr-cores/ip_cores/general-cores/testbench/wishbone/wb_xilinx_fpga_loader/sample_bitstream/crc_gen.vhd	byte-identical	6d2b7c4f469b6bf61ed1d59e1f27c4e215d311b627fe24d9ba6c3873605dee0e
26e138fdc0bfc8426704b397141d563cf4d580a2	vendor/wr-cores/ip_cores/general-cores/testbench/wishbone/wb_xilinx_fpga_loader/sample_bitstream/test.xise	fa9884eb6f4908fea3e2538c5c86256129800530	vendor/wr-cores/ip_cores/general-cores/testbench/wishbone/wb_xilinx_fpga_loader/sample_bitstream/test.xise	byte-identical	ea7b235fde4ea576da1a4d5618bce4aad7cd2077fdd90a5a5d0deafb6cdde2fb
26e138fdc0bfc8426704b397141d563cf4d580a2	vendor/wr-cores/ip_cores/general-cores/testbench/wishbone/wb_xilinx_fpga_loader/wave.do	dbff420fc19fdf790d5c1b094cf2ca12c973f0ed	vendor/wr-cores/ip_cores/general-cores/testbench/wishbone/wb_xilinx_fpga_loader/wave.do	byte-identical	713ef2925c91d13391439a651f100f30a291c7693360853dd533a0e48ab85dc8
26e138fdc0bfc8426704b397141d563cf4d580a2	vendor/wr-cores/ip_cores/general-cores/tools/gen_buildinfo.py	abcb8b5f7b2bed9cd08fd96e1ece2008c72538fc	vendor/wr-cores/ip_cores/general-cores/tools/gen_buildinfo.py	byte-identical	379593310905480638749be55f464e1c36e35fcd9754cd5a95a5a074f9c1ab07
26e138fdc0bfc8426704b397141d563cf4d580a2	vendor/wr-cores/ip_cores/general-cores/tools/gen_sourceid.py	80c7f19fc78d86e7d40cf6a8d2107ac00ffa2a88	vendor/wr-cores/ip_cores/general-cores/tools/gen_sourceid.py	byte-identical	2b2312298fe5b46f9aa6a8680b8ed55c78f49b806a66d21be7ec0be5115ccec1
26e138fdc0bfc8426704b397141d563cf4d580a2	vendor/wr-cores/ip_cores/general-cores/tools/mem_init_gen.py	e0f1a039d24bf90706ab246775b911ae0c3fa004	vendor/wr-cores/ip_cores/general-cores/tools/mem_init_gen.py	byte-identical	839ac9aab14b14910e12456528f8c31012565c39168f34fc475b0da8db1b1ee9
26e138fdc0bfc8426704b397141d563cf4d580a2	vendor/wr-cores/ip_cores/general-cores/tools/sdb_desc_gen.tcl	88a35c77e5c1b3d6b6078bb92815938dcd9d37e2	vendor/wr-cores/ip_cores/general-cores/tools/sdb_desc_gen.tcl	byte-identical	8f879992e216edb680ca202ed3dabedaf3cff87499c849316f3c38ff691daacf
26e138fdc0bfc8426704b397141d563cf4d580a2	vendor/wr-cores/ip_cores/general-cores/top/gsi_pexaria2a/wishbone_demo/Manifest.py	a38db0aa85e8aca82cf42d8e043c5757067c8997	vendor/wr-cores/ip_cores/general-cores/top/gsi_pexaria2a/wishbone_demo/Manifest.py	byte-identical	b2884740a9a48677fc259550fc157cfbb22a556f5946bbe298cef7a4c5a63beb
26e138fdc0bfc8426704b397141d563cf4d580a2	vendor/wr-cores/ip_cores/general-cores/top/gsi_pexaria2a/wishbone_demo/sys_pll.vhd	ff9e4bad670988eda03c1f97d872718c91df2496	vendor/wr-cores/ip_cores/general-cores/top/gsi_pexaria2a/wishbone_demo/sys_pll.vhd	byte-identical	02e0d55f9d3648434f07e5b12cef1cda683c270ebee3229a6fcb90f868aff9f3
26e138fdc0bfc8426704b397141d563cf4d580a2	vendor/wr-cores/ip_cores/general-cores/top/gsi_pexaria2a/wishbone_demo/wishbone_demo.sdc	3a91df32d99ae521bd856e3fe4fa8d159354cebf	vendor/wr-cores/ip_cores/general-cores/top/gsi_pexaria2a/wishbone_demo/wishbone_demo.sdc	byte-identical	8c4d82f18d63db5cc708f61707b39d23ffe173fd4901853b4fed4318f5ea7235
26e138fdc0bfc8426704b397141d563cf4d580a2	vendor/wr-cores/ip_cores/general-cores/top/gsi_pexaria2a/wishbone_demo/wishbone_demo_top.vhd	fbab32b8c58ad71de3944ea0c49d6cd27a6b981d	vendor/wr-cores/ip_cores/general-cores/top/gsi_pexaria2a/wishbone_demo/wishbone_demo_top.vhd	byte-identical	7507caeaf6e58d238718774e51c2f5dfc90d1cfa445176f59f1f2719e5348703
26e138fdc0bfc8426704b397141d563cf4d580a2	vendor/wr-cores/ip_cores/gn4124-core/.gitmodules	826cf74e4886b535435b964db7baf169c90988d9	vendor/wr-cores/ip_cores/gn4124-core/.gitmodules	byte-identical	137e45546096efe73417a19b36da8430b2fb8677c8bc9b505a00a451b20e9a11
26e138fdc0bfc8426704b397141d563cf4d580a2	vendor/wr-cores/ip_cores/gn4124-core/Manifest.py	65d227985c6a86b6ecb740787d1189b8065b3ebe	vendor/wr-cores/ip_cores/gn4124-core/Manifest.py	byte-identical	5cb2ed1c5ef2f6b66f374414b1e06fc7d75b679b53d2d846a68a5070f185b42e
26e138fdc0bfc8426704b397141d563cf4d580a2	vendor/wr-cores/ip_cores/gn4124-core/hdl/gn4124core/rtl/Manifest.py	03e4cb61f02136883b2c87ad6b6bbc1e7f5bbad6	vendor/wr-cores/ip_cores/gn4124-core/hdl/gn4124core/rtl/Manifest.py	byte-identical	3a4b24c6165815e92397dbf534b932459e8465b1b2fd6509df66b91a26334801
26e138fdc0bfc8426704b397141d563cf4d580a2	vendor/wr-cores/ip_cores/gn4124-core/hdl/gn4124core/rtl/dma_controller.vhd	2c358802cc7a33f2cf45903b4e1777002adc50c4	vendor/wr-cores/ip_cores/gn4124-core/hdl/gn4124core/rtl/dma_controller.vhd	byte-identical	1af9b40d175b6c8536122301d0eb8cf4a9e270bccbfb0ee1f340c4a4b7c41594
26e138fdc0bfc8426704b397141d563cf4d580a2	vendor/wr-cores/ip_cores/gn4124-core/hdl/gn4124core/rtl/dma_controller_wb_slave.vhd	571f0bec28c3c98a35db1acc659606fa250dec59	vendor/wr-cores/ip_cores/gn4124-core/hdl/gn4124core/rtl/dma_controller_wb_slave.vhd	byte-identical	d53779951fade6814cc9e9e06f5bac5cd8161bab7213677f161b1a3c7ba23657
26e138fdc0bfc8426704b397141d563cf4d580a2	vendor/wr-cores/ip_cores/gn4124-core/hdl/gn4124core/rtl/l2p_arbiter.vhd	29a04b75519ff0392693c8555ae3099683187329	vendor/wr-cores/ip_cores/gn4124-core/hdl/gn4124core/rtl/l2p_arbiter.vhd	byte-identical	6a3caee4c0692ccab03a62004aaf3000cae66b6fef6318f3238baae9813c7224
26e138fdc0bfc8426704b397141d563cf4d580a2	vendor/wr-cores/ip_cores/gn4124-core/hdl/gn4124core/rtl/l2p_dma_master.vhd	c95c26765b1c98f95ff32778e9e3f1d7f3c0ff59	vendor/wr-cores/ip_cores/gn4124-core/hdl/gn4124core/rtl/l2p_dma_master.vhd	byte-identical	5538de03dab63122e2b68f0154bbeb85dd012bb0fe4df703cf1eb097088d32fa
26e138fdc0bfc8426704b397141d563cf4d580a2	vendor/wr-cores/ip_cores/gn4124-core/hdl/gn4124core/rtl/p2l_decode32.vhd	9f5256077ac830954050a78ae1adde36c62754c9	vendor/wr-cores/ip_cores/gn4124-core/hdl/gn4124core/rtl/p2l_decode32.vhd	byte-identical	5e80744d1b3c3414e6c19b0f5c79afb606ff8c42b686a63d54c739849eb66f85
26e138fdc0bfc8426704b397141d563cf4d580a2	vendor/wr-cores/ip_cores/gn4124-core/hdl/gn4124core/rtl/p2l_dma_master.vhd	1611bce8d9453cfbaf449f78ca4e344f50c285c5	vendor/wr-cores/ip_cores/gn4124-core/hdl/gn4124core/rtl/p2l_dma_master.vhd	byte-identical	a9afee089450073b778988e9aec1c00de8eac36968c7b21c2a04bb184ffe4c4f
26e138fdc0bfc8426704b397141d563cf4d580a2	vendor/wr-cores/ip_cores/gn4124-core/hdl/gn4124core/rtl/spartan3/Manifest.py	145b47347c26b9edd995e8bf0912f3d63250a605	vendor/wr-cores/ip_cores/gn4124-core/hdl/gn4124core/rtl/spartan3/Manifest.py	byte-identical	c44cfa2e55b58805797ef39dc93fa1bc86e79bd9c85379f3df4d4a066ddcd2e5
26e138fdc0bfc8426704b397141d563cf4d580a2	vendor/wr-cores/ip_cores/gn4124-core/hdl/gn4124core/rtl/spartan3/gn4124_core.vhd	6bbc21cb0cad0d96fb25027015891e6c22cc05dd	vendor/wr-cores/ip_cores/gn4124-core/hdl/gn4124core/rtl/spartan3/gn4124_core.vhd	byte-identical	c062b029d583dc8b4e922abeeb8ab29b90bf416a11b345fe5bb0c4ab8b6df278
26e138fdc0bfc8426704b397141d563cf4d580a2	vendor/wr-cores/ip_cores/gn4124-core/hdl/gn4124core/rtl/spartan3/gn4124_core_pkg.vhd	871af9945de19abd1b0643f3d4c27552529ee02c	vendor/wr-cores/ip_cores/gn4124-core/hdl/gn4124core/rtl/spartan3/gn4124_core_pkg.vhd	byte-identical	c55c72110718ac31d9918218841675f5f6b4346304a848c22afdccbf687cc739
26e138fdc0bfc8426704b397141d563cf4d580a2	vendor/wr-cores/ip_cores/gn4124-core/hdl/gn4124core/rtl/spartan3/l2p_ser.vhd	26e278212af39c369dc2bd5fe749b9dbc918dc5e	vendor/wr-cores/ip_cores/gn4124-core/hdl/gn4124core/rtl/spartan3/l2p_ser.vhd	byte-identical	79e123e8be8da96a0295918ab02ddd456e5a817c0b2ae80e73fc37ee96d19913
26e138fdc0bfc8426704b397141d563cf4d580a2	vendor/wr-cores/ip_cores/gn4124-core/hdl/gn4124core/rtl/spartan3/p2l_des.vhd	7cd2cf38af1cad88cc60d2352a917b4da96f7122	vendor/wr-cores/ip_cores/gn4124-core/hdl/gn4124core/rtl/spartan3/p2l_des.vhd	byte-identical	667fa4dfb6d175225a926da4ee51157d4c98e5fd436617d6b21d04b89dc2908b
26e138fdc0bfc8426704b397141d563cf4d580a2	vendor/wr-cores/ip_cores/gn4124-core/hdl/gn4124core/rtl/spartan6/Manifest.py	b45db1bda14c8924c9c0327bab06074d0d2f558d	vendor/wr-cores/ip_cores/gn4124-core/hdl/gn4124core/rtl/spartan6/Manifest.py	byte-identical	1074caca469f4d4fa38ed34040cfaba47b6053985856535aaad194444d416ac2
26e138fdc0bfc8426704b397141d563cf4d580a2	vendor/wr-cores/ip_cores/gn4124-core/hdl/gn4124core/rtl/spartan6/gn4124_core.vhd	bc76fb0af948d7b071456bcc048978d18aea2837	vendor/wr-cores/ip_cores/gn4124-core/hdl/gn4124core/rtl/spartan6/gn4124_core.vhd	byte-identical	4a58886b63889d6030d419247c517ba57583b69bcad808170f7d60c68b5f423b
26e138fdc0bfc8426704b397141d563cf4d580a2	vendor/wr-cores/ip_cores/gn4124-core/hdl/gn4124core/rtl/spartan6/gn4124_core_pkg.vhd	57ff92e860c72ac79215eba963304a280b965063	vendor/wr-cores/ip_cores/gn4124-core/hdl/gn4124core/rtl/spartan6/gn4124_core_pkg.vhd	byte-identical	e2054635b44f26a5eeab2f55edb37aa50e56e41e2190b91d2cead2906d19be90
26e138fdc0bfc8426704b397141d563cf4d580a2	vendor/wr-cores/ip_cores/gn4124-core/hdl/gn4124core/rtl/spartan6/l2p_ser.vhd	3466feb999ec64b3b6ef41fa243e1599e7faac49	vendor/wr-cores/ip_cores/gn4124-core/hdl/gn4124core/rtl/spartan6/l2p_ser.vhd	byte-identical	ccd21bb04f5d6c8b9642f0246c950ad8f9d3d3a829ae131d4d7bcaec0b6cc37b
26e138fdc0bfc8426704b397141d563cf4d580a2	vendor/wr-cores/ip_cores/gn4124-core/hdl/gn4124core/rtl/spartan6/p2l_des.vhd	055fc02ca8bb6fbe4b0e4d8eb47575789f605be2	vendor/wr-cores/ip_cores/gn4124-core/hdl/gn4124core/rtl/spartan6/p2l_des.vhd	byte-identical	a8246f0803c7182bf185bfd50d4b53a82d1cf2548819d331abf6b96451577925
26e138fdc0bfc8426704b397141d563cf4d580a2	vendor/wr-cores/ip_cores/gn4124-core/hdl/gn4124core/rtl/spartan6/serdes_1_to_n_clk_pll_s2_diff.vhd	39ca43ebc11085f5afcc06a80eaa8bc7074d48f0	vendor/wr-cores/ip_cores/gn4124-core/hdl/gn4124core/rtl/spartan6/serdes_1_to_n_clk_pll_s2_diff.vhd	byte-identical	66249bfe0a8bdbae0984c7cfd4cd4e8fd38e49246b9b64ce79b60656c0f74839
26e138fdc0bfc8426704b397141d563cf4d580a2	vendor/wr-cores/ip_cores/gn4124-core/hdl/gn4124core/rtl/spartan6/serdes_1_to_n_data_s2_se.vhd	40e5e231e37fb549f34bce26cb5e805cf49323b2	vendor/wr-cores/ip_cores/gn4124-core/hdl/gn4124core/rtl/spartan6/serdes_1_to_n_data_s2_se.vhd	byte-identical	22ef3117a152280813a37d59f9cfba8b44376a4ec157f5507e7e04e2192c5d40
26e138fdc0bfc8426704b397141d563cf4d580a2	vendor/wr-cores/ip_cores/gn4124-core/hdl/gn4124core/rtl/spartan6/serdes_n_to_1_s2_diff.vhd	02262ab9bfcbd2b28cf3d219bf1e161ae6919122	vendor/wr-cores/ip_cores/gn4124-core/hdl/gn4124core/rtl/spartan6/serdes_n_to_1_s2_diff.vhd	byte-identical	d1f36946be4aad8e26ebce45dcf522d12e8d764c3985385cba261bd2fafe9851
26e138fdc0bfc8426704b397141d563cf4d580a2	vendor/wr-cores/ip_cores/gn4124-core/hdl/gn4124core/rtl/spartan6/serdes_n_to_1_s2_se.vhd	7f7ee3c3701aa6ae8142c111c3a6be97a23ed4a7	vendor/wr-cores/ip_cores/gn4124-core/hdl/gn4124core/rtl/spartan6/serdes_n_to_1_s2_se.vhd	byte-identical	aea39b1c2ae94e69422ebfba8b6c7d31445c784b44a3d557fee93cbb641853e5
26e138fdc0bfc8426704b397141d563cf4d580a2	vendor/wr-cores/ip_cores/gn4124-core/hdl/gn4124core/rtl/spartan6/xwb_gn4124_core.vhd	51b6095989e4c4a07fbe94ca5b21b7914cd32e78	vendor/wr-cores/ip_cores/gn4124-core/hdl/gn4124core/rtl/spartan6/xwb_gn4124_core.vhd	byte-identical	d5b69028b3bb45f1c5f9c147f275f72d72ceb489e266c1b19b4c573a32bea1c8
26e138fdc0bfc8426704b397141d563cf4d580a2	vendor/wr-cores/ip_cores/gn4124-core/hdl/gn4124core/rtl/wbmaster32.vhd	4f6da2c85d0e9908b454e95ec91c010de427b7df	vendor/wr-cores/ip_cores/gn4124-core/hdl/gn4124core/rtl/wbmaster32.vhd	byte-identical	2c4ca0a2d9b88f140c53855dfc1376289cae62bb58c23b1219c617e35a002a2c
26e138fdc0bfc8426704b397141d563cf4d580a2	vendor/wr-cores/ip_cores/gn4124-core/hdl/gn4124core/sim/example_tb/.gitignore	0724d8947358e80670bcf98ba348b0974c49670a	vendor/wr-cores/ip_cores/gn4124-core/hdl/gn4124core/sim/example_tb/.gitignore	byte-identical	29d9b5c6ed72147e766c2df2dae81e2040a0ac30691e3e52e30369528b79dde2
26e138fdc0bfc8426704b397141d563cf4d580a2	vendor/wr-cores/ip_cores/gn4124-core/hdl/gn4124core/sim/example_tb/Manifest.py	fdd35ace06669723ec90686ce25b2113b345afb8	vendor/wr-cores/ip_cores/gn4124-core/hdl/gn4124core/sim/example_tb/Manifest.py	byte-identical	b6a34eb96e5430ca560fac045aad53067af5163d0c9d4effccb87ea694a799f8
26e138fdc0bfc8426704b397141d563cf4d580a2	vendor/wr-cores/ip_cores/gn4124-core/hdl/gn4124core/sim/example_tb/README.md	517e55e5ddc63f86d31fd0fe051d7a4d9c7147ed	vendor/wr-cores/ip_cores/gn4124-core/hdl/gn4124core/sim/example_tb/README.md	byte-identical	e285adb7eff2c02f22253abec40df47b8ec9ce2c4148fc41b7e99a6cad7d46a6
26e138fdc0bfc8426704b397141d563cf4d580a2	vendor/wr-cores/ip_cores/gn4124-core/hdl/gn4124core/sim/example_tb/main.sv	63644ff05605dfc9a2b98b78284942341b909987	vendor/wr-cores/ip_cores/gn4124-core/hdl/gn4124core/sim/example_tb/main.sv	byte-identical	067369558dc067387f33a5977cca52a8286e347ba33d0d1ea4c98407f65ee808
26e138fdc0bfc8426704b397141d563cf4d580a2	vendor/wr-cores/ip_cores/gn4124-core/hdl/gn4124core/sim/example_tb/run.do	91efb81971804ab32992d63b0769abb5921e4d43	vendor/wr-cores/ip_cores/gn4124-core/hdl/gn4124core/sim/example_tb/run.do	byte-identical	22ac72bb49df1ba50c062d991eef7cc061adbfe79d3f12b65d4e4381992b624d
26e138fdc0bfc8426704b397141d563cf4d580a2	vendor/wr-cores/ip_cores/gn4124-core/hdl/gn4124core/sim/gn4124_bfm/Manifest.py	ffee5ee14fb8914591702953cbb77689de6e000d	vendor/wr-cores/ip_cores/gn4124-core/hdl/gn4124core/sim/gn4124_bfm/Manifest.py	byte-identical	7864e5354c3355ae465e4b74d7fc150ecc09dcb7c790ba45861735af743411de
26e138fdc0bfc8426704b397141d563cf4d580a2	vendor/wr-cores/ip_cores/gn4124-core/hdl/gn4124core/sim/gn4124_bfm/gn4124_bfm.svh	c62b1593b14b2e47c6b6727ceb26a0041b57d8a4	vendor/wr-cores/ip_cores/gn4124-core/hdl/gn4124core/sim/gn4124_bfm/gn4124_bfm.svh	byte-identical	b7ab9cfcf41209b23a2c6c60669a1d74663ee20221a96c11c6de48177bff971e
26e138fdc0bfc8426704b397141d563cf4d580a2	vendor/wr-cores/ip_cores/gn4124-core/hdl/gn4124core/sim/gn4124_bfm/gn412x_bfm.vhd	9d09dc4f11abfd4cb2cfdde365cfd991dd317731	vendor/wr-cores/ip_cores/gn4124-core/hdl/gn4124core/sim/gn4124_bfm/gn412x_bfm.vhd	byte-identical	c4067416bf4e6d386b8c5ff514ec716443dbac1fd5a190162532c0a5a7ca9b5b
26e138fdc0bfc8426704b397141d563cf4d580a2	vendor/wr-cores/ip_cores/gn4124-core/hdl/gn4124core/sim/gn4124_bfm/mem_model.vhd	2c46c402969a662c2a7dbd34a9af6e1e242f6761	vendor/wr-cores/ip_cores/gn4124-core/hdl/gn4124core/sim/gn4124_bfm/mem_model.vhd	byte-identical	9d29fc424b77b9b82a11a168cefe70c653c47426fc091582bbd09f586de3fec6
26e138fdc0bfc8426704b397141d563cf4d580a2	vendor/wr-cores/ip_cores/gn4124-core/hdl/gn4124core/sim/gn4124_bfm/textutil.vhd	1cc3de15f66d170c1333190caae51998a3e40b47	vendor/wr-cores/ip_cores/gn4124-core/hdl/gn4124core/sim/gn4124_bfm/textutil.vhd	byte-identical	2a627f4f6d9f2ca3c5e4c77d79f1552fd51817399ed86e899ff9f360a85cb9ba
26e138fdc0bfc8426704b397141d563cf4d580a2	vendor/wr-cores/ip_cores/gn4124-core/hdl/gn4124core/sim/gn4124_bfm/util.vhd	c51777765340926dab50b075b00069b942f5e096	vendor/wr-cores/ip_cores/gn4124-core/hdl/gn4124core/sim/gn4124_bfm/util.vhd	byte-identical	f3b368eb3ab0c343c2887d1331f65cee2d471b5de394c06bc57683090789313b
26e138fdc0bfc8426704b397141d563cf4d580a2	vendor/wr-cores/ip_cores/gn4124-core/hdl/gn4124core/wb_gen/dma_controller_wb_slave.wb	e43297739596b4f28f5ffbc7fd7b5bf4a51b7d93	vendor/wr-cores/ip_cores/gn4124-core/hdl/gn4124core/wb_gen/dma_controller_wb_slave.wb	byte-identical	f28418408e54999e06deef6a69ad538a3d6f1226f7a3266618b7f315fdd9d17d
26e138fdc0bfc8426704b397141d563cf4d580a2	vendor/wr-cores/ip_cores/gn4124-core/hdl/spec_test/rtl/Manifest.py	69a3b6c2544f7bdd64cd236e01e8990df3494adf	vendor/wr-cores/ip_cores/gn4124-core/hdl/spec_test/rtl/Manifest.py	byte-identical	76ead37d23d2ede142b6f69e1d0e2270b83687f2e82794293bcbac6e865ba16a
26e138fdc0bfc8426704b397141d563cf4d580a2	vendor/wr-cores/ip_cores/gn4124-core/hdl/spec_test/rtl/dummy_ctrl_regs.vhd	1dff46ac057a7cbecbe5eb2e3f0cf54f90537ae3	vendor/wr-cores/ip_cores/gn4124-core/hdl/spec_test/rtl/dummy_ctrl_regs.vhd	byte-identical	9c88814b69ad8c7ad27d033997fe211ad9d52db5d9872779a059fe8e37d29aed
26e138fdc0bfc8426704b397141d563cf4d580a2	vendor/wr-cores/ip_cores/gn4124-core/hdl/spec_test/rtl/dummy_stat_regs.vhd	97e702209f1a43de8cd9110f39433a77f7fec0a8	vendor/wr-cores/ip_cores/gn4124-core/hdl/spec_test/rtl/dummy_stat_regs.vhd	byte-identical	ac9c6f78bce270ffadc72fa60cd83bef4d008cc0e320f8789ced9963023eaebc
26e138fdc0bfc8426704b397141d563cf4d580a2	vendor/wr-cores/ip_cores/gn4124-core/hdl/spec_test/rtl/wb_addr_decoder.vhd	ae0954a44b5190893caf3146c74e405b64b70e12	vendor/wr-cores/ip_cores/gn4124-core/hdl/spec_test/rtl/wb_addr_decoder.vhd	byte-identical	fd4f5562bfd782caa13643a8c12fd67b3def22e514578738c7b4f232903138ef
26e138fdc0bfc8426704b397141d563cf4d580a2	vendor/wr-cores/ip_cores/gn4124-core/hdl/spec_test/rtl/wb_gen/dummy_ctrl_regs_wb_slave.wb	215523f4a77bb0a85ceee45d66aabf9cbe41710c	vendor/wr-cores/ip_cores/gn4124-core/hdl/spec_test/rtl/wb_gen/dummy_ctrl_regs_wb_slave.wb	byte-identical	ce6dadd6f9fd4bbb47ce8f27b112bac7d32e4592044989729ccf0d9fd70118fa
26e138fdc0bfc8426704b397141d563cf4d580a2	vendor/wr-cores/ip_cores/gn4124-core/hdl/spec_test/rtl/wb_gen/dummy_stat_regs_wb_slave.wb	e15353fd7c2134d04bd7c39226a52b0fee6c37fa	vendor/wr-cores/ip_cores/gn4124-core/hdl/spec_test/rtl/wb_gen/dummy_stat_regs_wb_slave.wb	byte-identical	a6e8edaa0327dc4ad39f5073b5cadae7bf711df8b9897317f564191c2b14ad60
26e138fdc0bfc8426704b397141d563cf4d580a2	vendor/wr-cores/ip_cores/gn4124-core/hdl/spec_test/sim/.gitignore	440ffadd5fa986dc2e9726f61be901b72e5c4903	vendor/wr-cores/ip_cores/gn4124-core/hdl/spec_test/sim/.gitignore	byte-identical	32573adf00d95ec75fba190675819b5c949b0fd286a451b04f205bb7b66afc4a
26e138fdc0bfc8426704b397141d563cf4d580a2	vendor/wr-cores/ip_cores/gn4124-core/hdl/spec_test/sim/Manifest.py	c98ce93a613445c41553a48dbe6329873ddccf24	vendor/wr-cores/ip_cores/gn4124-core/hdl/spec_test/sim/Manifest.py	byte-identical	5d776bf84fba02a38e1863de811f82c0e0567019865dd10099d86d6bd2eb3763
26e138fdc0bfc8426704b397141d563cf4d580a2	vendor/wr-cores/ip_cores/gn4124-core/hdl/spec_test/sim/Test_Builder/.hex	e69de29bb2d1d6434b8b29ae775ad8c2e48c5391	vendor/wr-cores/ip_cores/gn4124-core/hdl/spec_test/sim/Test_Builder/.hex	byte-identical	e3b0c44298fc1c149afbf4c8996fb92427ae41e4649b934ca495991b7852b855
26e138fdc0bfc8426704b397141d563cf4d580a2	vendor/wr-cores/ip_cores/gn4124-core/hdl/spec_test/sim/Test_Builder/cont_block_dma.c	e6752d306f8597cc4607da06c6aa33caaa6d0f0e	vendor/wr-cores/ip_cores/gn4124-core/hdl/spec_test/sim/Test_Builder/cont_block_dma.c	byte-identical	9340de17694118ecea3bdaf27bfeb87528c213fe84ac57da060e68f46333afa4
26e138fdc0bfc8426704b397141d563cf4d580a2	vendor/wr-cores/ip_cores/gn4124-core/hdl/spec_test/sim/Test_Builder/lib/maketest.c	b0bbb8f2d8de2e07321c9a694b6e5020142bf64b	vendor/wr-cores/ip_cores/gn4124-core/hdl/spec_test/sim/Test_Builder/lib/maketest.c	byte-identical	16c87f3cded74d80a2c74f63f96f42d9c98cd9873c8c00baccb9b7770424b574
26e138fdc0bfc8426704b397141d563cf4d580a2	vendor/wr-cores/ip_cores/gn4124-core/hdl/spec_test/sim/Test_Builder/lib/model.c	c0798720bf874cf12359596b4dfed988395d3322	vendor/wr-cores/ip_cores/gn4124-core/hdl/spec_test/sim/Test_Builder/lib/model.c	byte-identical	395271995dbd19b43e03256521430af0390230de4d986df762414ef9e2e2b010
26e138fdc0bfc8426704b397141d563cf4d580a2	vendor/wr-cores/ip_cores/gn4124-core/hdl/spec_test/sim/Test_Builder/lib/vdma_seqcode_lib.c	66109d5a177421e1c1f9111207f76a4965e81a82	vendor/wr-cores/ip_cores/gn4124-core/hdl/spec_test/sim/Test_Builder/lib/vdma_seqcode_lib.c	byte-identical	91ea1f2a39b599a7006ba4151230f96260e1f415ba201e9435e9eb9155bca7b6
26e138fdc0bfc8426704b397141d563cf4d580a2	vendor/wr-cores/ip_cores/gn4124-core/hdl/spec_test/sim/Test_Builder/lib/vdma_service.c	df10ccc6adcc056c2a21463bbcafab3d5c477c0a	vendor/wr-cores/ip_cores/gn4124-core/hdl/spec_test/sim/Test_Builder/lib/vdma_service.c	byte-identical	566e16bd6b9c60229d515806b8b399ababa8bcd7eb7d02ccc1370e452493ff7d
26e138fdc0bfc8426704b397141d563cf4d580a2	vendor/wr-cores/ip_cores/gn4124-core/hdl/spec_test/sim/Test_Builder/pfc_ddr_test.c	351cece3da697408a48bf71aa7388a76d53e972d	vendor/wr-cores/ip_cores/gn4124-core/hdl/spec_test/sim/Test_Builder/pfc_ddr_test.c	byte-identical	d9631ef5cebf7bfd2c344aa1018980b4172f47de03ae07c7d283a531bdb71488
26e138fdc0bfc8426704b397141d563cf4d580a2	vendor/wr-cores/ip_cores/gn4124-core/hdl/spec_test/sim/Test_Builder/sg_dma.c	f7edb84b558bb1bbf8bab600155ddec179065f18	vendor/wr-cores/ip_cores/gn4124-core/hdl/spec_test/sim/Test_Builder/sg_dma.c	byte-identical	aa9fbb16513b3595cda0c34ea9681cfc9684fc9da9fc27893c40813db9a86fea
26e138fdc0bfc8426704b397141d563cf4d580a2	vendor/wr-cores/ip_cores/gn4124-core/hdl/spec_test/sim/Test_Builder/simple.c	351cece3da697408a48bf71aa7388a76d53e972d	vendor/wr-cores/ip_cores/gn4124-core/hdl/spec_test/sim/Test_Builder/simple.c	byte-identical	d9631ef5cebf7bfd2c344aa1018980b4172f47de03ae07c7d283a531bdb71488
26e138fdc0bfc8426704b397141d563cf4d580a2	vendor/wr-cores/ip_cores/gn4124-core/hdl/spec_test/sim/Test_Builder/simple.hex	e69de29bb2d1d6434b8b29ae775ad8c2e48c5391	vendor/wr-cores/ip_cores/gn4124-core/hdl/spec_test/sim/Test_Builder/simple.hex	byte-identical	e3b0c44298fc1c149afbf4c8996fb92427ae41e4649b934ca495991b7852b855
26e138fdc0bfc8426704b397141d563cf4d580a2	vendor/wr-cores/ip_cores/gn4124-core/hdl/spec_test/sim/Test_Builder/simple.vec	c6cc827e21b9220f6931af124815bc46ecf0343d	vendor/wr-cores/ip_cores/gn4124-core/hdl/spec_test/sim/Test_Builder/simple.vec	byte-identical	500081f43f18c9cb80cbcb646fbf93fd932f7f198be9fe748cffcfe2cca8b9e3
26e138fdc0bfc8426704b397141d563cf4d580a2	vendor/wr-cores/ip_cores/gn4124-core/hdl/spec_test/sim/Test_Builder/simple_dma.c	3841b6323d902c72c8a109d478e59ddffafe2594	vendor/wr-cores/ip_cores/gn4124-core/hdl/spec_test/sim/Test_Builder/simple_dma.c	byte-identical	e8ae1f2de2991bc179c9e0b2497ff909a530259029ef4af56a0102c15171f95d
26e138fdc0bfc8426704b397141d563cf4d580a2	vendor/wr-cores/ip_cores/gn4124-core/hdl/spec_test/sim/Test_Builder/simple_dma.hex	97a5109acef7259990e8ef5b6d46588d722ea3a1	vendor/wr-cores/ip_cores/gn4124-core/hdl/spec_test/sim/Test_Builder/simple_dma.hex	byte-identical	92b60cd5cf62ede3a757b29d190e783cd03d2b325e94a5e733877b4675fc4afc
26e138fdc0bfc8426704b397141d563cf4d580a2	vendor/wr-cores/ip_cores/gn4124-core/hdl/spec_test/sim/_Makefile	5a690dfbbe3a156a33a052b2b55fa7e06259e6e5	vendor/wr-cores/ip_cores/gn4124-core/hdl/spec_test/sim/_Makefile	byte-identical	4cacc89605476ea56c9476e3627873b3934dea416201456e633932008d3a72ff
26e138fdc0bfc8426704b397141d563cf4d580a2	vendor/wr-cores/ip_cores/gn4124-core/hdl/spec_test/sim/cmd0.vec	7110cc47df7eb5f93e857a92ed9cdb8efe2ff932	vendor/wr-cores/ip_cores/gn4124-core/hdl/spec_test/sim/cmd0.vec	byte-identical	7212af2b00045274aa3f95930c522a0adc65641288f5883d0bb2d0040fd61144
26e138fdc0bfc8426704b397141d563cf4d580a2	vendor/wr-cores/ip_cores/gn4124-core/hdl/spec_test/sim/cmd1.vec	e69de29bb2d1d6434b8b29ae775ad8c2e48c5391	vendor/wr-cores/ip_cores/gn4124-core/hdl/spec_test/sim/cmd1.vec	byte-identical	e3b0c44298fc1c149afbf4c8996fb92427ae41e4649b934ca495991b7852b855
26e138fdc0bfc8426704b397141d563cf4d580a2	vendor/wr-cores/ip_cores/gn4124-core/hdl/spec_test/sim/fifo_generator_v6_1/.fifo_generator_v6_1	e69de29bb2d1d6434b8b29ae775ad8c2e48c5391	vendor/wr-cores/ip_cores/gn4124-core/hdl/spec_test/sim/fifo_generator_v6_1/.fifo_generator_v6_1	byte-identical	e3b0c44298fc1c149afbf4c8996fb92427ae41e4649b934ca495991b7852b855
26e138fdc0bfc8426704b397141d563cf4d580a2	vendor/wr-cores/ip_cores/gn4124-core/hdl/spec_test/sim/fifo_generator_v6_1/_info	46f535ce37385b79f6b4a9c71f6fd332c51a8e26	vendor/wr-cores/ip_cores/gn4124-core/hdl/spec_test/sim/fifo_generator_v6_1/_info	byte-identical	1447a8e908d685175d571e9c17e9d6a122b4feac8eac5f1a0c8d4d1259413c0b
26e138fdc0bfc8426704b397141d563cf4d580a2	vendor/wr-cores/ip_cores/gn4124-core/hdl/spec_test/sim/fifo_generator_v6_1/_vmake	2f7e72921e3fa11ab2dea0b60715ca59af525e5d	vendor/wr-cores/ip_cores/gn4124-core/hdl/spec_test/sim/fifo_generator_v6_1/_vmake	byte-identical	20967baa115584b66667e61a6a0b4ea8761523664ea32d01c0771570c36c8a1f
26e138fdc0bfc8426704b397141d563cf4d580a2	vendor/wr-cores/ip_cores/gn4124-core/hdl/spec_test/sim/fifo_generator_v6_1/dummy/.dummy_vhd	e69de29bb2d1d6434b8b29ae775ad8c2e48c5391	vendor/wr-cores/ip_cores/gn4124-core/hdl/spec_test/sim/fifo_generator_v6_1/dummy/.dummy_vhd	byte-identical	e3b0c44298fc1c149afbf4c8996fb92427ae41e4649b934ca495991b7852b855
26e138fdc0bfc8426704b397141d563cf4d580a2	vendor/wr-cores/ip_cores/gn4124-core/hdl/spec_test/sim/fifo_generator_v6_1/xilinx_dummy_sim/_primary.dat	5753c511398d5a0f0def441ed38b7b533b6e403e	vendor/wr-cores/ip_cores/gn4124-core/hdl/spec_test/sim/fifo_generator_v6_1/xilinx_dummy_sim/_primary.dat	byte-identical	a7e6ec28931c3c9cd324914f3fdd9a8fa8790ba7bb6a6ad6fd72a17d984bb2dc
26e138fdc0bfc8426704b397141d563cf4d580a2	vendor/wr-cores/ip_cores/gn4124-core/hdl/spec_test/sim/fifo_generator_v6_1/xilinx_dummy_sim/_primary.dbs	faa51156d8dfbcbba138eeb0759e972fb7835606	vendor/wr-cores/ip_cores/gn4124-core/hdl/spec_test/sim/fifo_generator_v6_1/xilinx_dummy_sim/_primary.dbs	byte-identical	5131f32809d376c2686778e8a1588da630471d5e0ec26c9148e05bb10c44777f
26e138fdc0bfc8426704b397141d563cf4d580a2	vendor/wr-cores/ip_cores/gn4124-core/hdl/spec_test/sim/mk/cmd_router.mk	8b137891791fe96927ad78e64b0aad7bded08bdc	vendor/wr-cores/ip_cores/gn4124-core/hdl/spec_test/sim/mk/cmd_router.mk	byte-identical	01ba4719c80b6fe911b091a7c05124b64eeece964e09c058ef8f9805daca546b
26e138fdc0bfc8426704b397141d563cf4d580a2	vendor/wr-cores/ip_cores/gn4124-core/hdl/spec_test/sim/mk/cmd_router1.mk	8b137891791fe96927ad78e64b0aad7bded08bdc	vendor/wr-cores/ip_cores/gn4124-core/hdl/spec_test/sim/mk/cmd_router1.mk	byte-identical	01ba4719c80b6fe911b091a7c05124b64eeece964e09c058ef8f9805daca546b
26e138fdc0bfc8426704b397141d563cf4d580a2	vendor/wr-cores/ip_cores/gn4124-core/hdl/spec_test/sim/mk/ddr3.mk	8b137891791fe96927ad78e64b0aad7bded08bdc	vendor/wr-cores/ip_cores/gn4124-core/hdl/spec_test/sim/mk/ddr3.mk	byte-identical	01ba4719c80b6fe911b091a7c05124b64eeece964e09c058ef8f9805daca546b
26e138fdc0bfc8426704b397141d563cf4d580a2	vendor/wr-cores/ip_cores/gn4124-core/hdl/spec_test/sim/mk/ddr3_ctrl.mk	8b137891791fe96927ad78e64b0aad7bded08bdc	vendor/wr-cores/ip_cores/gn4124-core/hdl/spec_test/sim/mk/ddr3_ctrl.mk	byte-identical	01ba4719c80b6fe911b091a7c05124b64eeece964e09c058ef8f9805daca546b
26e138fdc0bfc8426704b397141d563cf4d580a2	vendor/wr-cores/ip_cores/gn4124-core/hdl/spec_test/sim/mk/ddr3_ctrl_wb.mk	8b137891791fe96927ad78e64b0aad7bded08bdc	vendor/wr-cores/ip_cores/gn4124-core/hdl/spec_test/sim/mk/ddr3_ctrl_wb.mk	byte-identical	01ba4719c80b6fe911b091a7c05124b64eeece964e09c058ef8f9805daca546b
26e138fdc0bfc8426704b397141d563cf4d580a2	vendor/wr-cores/ip_cores/gn4124-core/hdl/spec_test/sim/mk/ddr3_ctrl_wrapper.mk	8b137891791fe96927ad78e64b0aad7bded08bdc	vendor/wr-cores/ip_cores/gn4124-core/hdl/spec_test/sim/mk/ddr3_ctrl_wrapper.mk	byte-identical	01ba4719c80b6fe911b091a7c05124b64eeece964e09c058ef8f9805daca546b
26e138fdc0bfc8426704b397141d563cf4d580a2	vendor/wr-cores/ip_cores/gn4124-core/hdl/spec_test/sim/mk/ddr_ctrl_bank3.mk	8b137891791fe96927ad78e64b0aad7bded08bdc	vendor/wr-cores/ip_cores/gn4124-core/hdl/spec_test/sim/mk/ddr_ctrl_bank3.mk	byte-identical	01ba4719c80b6fe911b091a7c05124b64eeece964e09c058ef8f9805daca546b
26e138fdc0bfc8426704b397141d563cf4d580a2	vendor/wr-cores/ip_cores/gn4124-core/hdl/spec_test/sim/mk/dma_controller.mk	8b137891791fe96927ad78e64b0aad7bded08bdc	vendor/wr-cores/ip_cores/gn4124-core/hdl/spec_test/sim/mk/dma_controller.mk	byte-identical	01ba4719c80b6fe911b091a7c05124b64eeece964e09c058ef8f9805daca546b
26e138fdc0bfc8426704b397141d563cf4d580a2	vendor/wr-cores/ip_cores/gn4124-core/hdl/spec_test/sim/mk/dma_controller_wb_slave.mk	8b137891791fe96927ad78e64b0aad7bded08bdc	vendor/wr-cores/ip_cores/gn4124-core/hdl/spec_test/sim/mk/dma_controller_wb_slave.mk	byte-identical	01ba4719c80b6fe911b091a7c05124b64eeece964e09c058ef8f9805daca546b
26e138fdc0bfc8426704b397141d563cf4d580a2	vendor/wr-cores/ip_cores/gn4124-core/hdl/spec_test/sim/mk/fifo_32x512.mk	8b137891791fe96927ad78e64b0aad7bded08bdc	vendor/wr-cores/ip_cores/gn4124-core/hdl/spec_test/sim/mk/fifo_32x512.mk	byte-identical	01ba4719c80b6fe911b091a7c05124b64eeece964e09c058ef8f9805daca546b
26e138fdc0bfc8426704b397141d563cf4d580a2	vendor/wr-cores/ip_cores/gn4124-core/hdl/spec_test/sim/mk/fifo_64x512.mk	8b137891791fe96927ad78e64b0aad7bded08bdc	vendor/wr-cores/ip_cores/gn4124-core/hdl/spec_test/sim/mk/fifo_64x512.mk	byte-identical	01ba4719c80b6fe911b091a7c05124b64eeece964e09c058ef8f9805daca546b
26e138fdc0bfc8426704b397141d563cf4d580a2	vendor/wr-cores/ip_cores/gn4124-core/hdl/spec_test/sim/mk/gn4124_core.mk	8b137891791fe96927ad78e64b0aad7bded08bdc	vendor/wr-cores/ip_cores/gn4124-core/hdl/spec_test/sim/mk/gn4124_core.mk	byte-identical	01ba4719c80b6fe911b091a7c05124b64eeece964e09c058ef8f9805daca546b
26e138fdc0bfc8426704b397141d563cf4d580a2	vendor/wr-cores/ip_cores/gn4124-core/hdl/spec_test/sim/mk/gn4124_core_pkg.mk	8b137891791fe96927ad78e64b0aad7bded08bdc	vendor/wr-cores/ip_cores/gn4124-core/hdl/spec_test/sim/mk/gn4124_core_pkg.mk	byte-identical	01ba4719c80b6fe911b091a7c05124b64eeece964e09c058ef8f9805daca546b
26e138fdc0bfc8426704b397141d563cf4d580a2	vendor/wr-cores/ip_cores/gn4124-core/hdl/spec_test/sim/mk/gn412x_bfm.mk	8b137891791fe96927ad78e64b0aad7bded08bdc	vendor/wr-cores/ip_cores/gn4124-core/hdl/spec_test/sim/mk/gn412x_bfm.mk	byte-identical	01ba4719c80b6fe911b091a7c05124b64eeece964e09c058ef8f9805daca546b
26e138fdc0bfc8426704b397141d563cf4d580a2	vendor/wr-cores/ip_cores/gn4124-core/hdl/spec_test/sim/mk/gpio_regs.mk	8b137891791fe96927ad78e64b0aad7bded08bdc	vendor/wr-cores/ip_cores/gn4124-core/hdl/spec_test/sim/mk/gpio_regs.mk	byte-identical	01ba4719c80b6fe911b091a7c05124b64eeece964e09c058ef8f9805daca546b
26e138fdc0bfc8426704b397141d563cf4d580a2	vendor/wr-cores/ip_cores/gn4124-core/hdl/spec_test/sim/mk/iodrp_controller.mk	8b137891791fe96927ad78e64b0aad7bded08bdc	vendor/wr-cores/ip_cores/gn4124-core/hdl/spec_test/sim/mk/iodrp_controller.mk	byte-identical	01ba4719c80b6fe911b091a7c05124b64eeece964e09c058ef8f9805daca546b
26e138fdc0bfc8426704b397141d563cf4d580a2	vendor/wr-cores/ip_cores/gn4124-core/hdl/spec_test/sim/mk/iodrp_mcb_controller.mk	8b137891791fe96927ad78e64b0aad7bded08bdc	vendor/wr-cores/ip_cores/gn4124-core/hdl/spec_test/sim/mk/iodrp_mcb_controller.mk	byte-identical	01ba4719c80b6fe911b091a7c05124b64eeece964e09c058ef8f9805daca546b
26e138fdc0bfc8426704b397141d563cf4d580a2	vendor/wr-cores/ip_cores/gn4124-core/hdl/spec_test/sim/mk/l2p_arbiter.mk	8b137891791fe96927ad78e64b0aad7bded08bdc	vendor/wr-cores/ip_cores/gn4124-core/hdl/spec_test/sim/mk/l2p_arbiter.mk	byte-identical	01ba4719c80b6fe911b091a7c05124b64eeece964e09c058ef8f9805daca546b
26e138fdc0bfc8426704b397141d563cf4d580a2	vendor/wr-cores/ip_cores/gn4124-core/hdl/spec_test/sim/mk/l2p_dma_master.mk	8b137891791fe96927ad78e64b0aad7bded08bdc	vendor/wr-cores/ip_cores/gn4124-core/hdl/spec_test/sim/mk/l2p_dma_master.mk	byte-identical	01ba4719c80b6fe911b091a7c05124b64eeece964e09c058ef8f9805daca546b
26e138fdc0bfc8426704b397141d563cf4d580a2	vendor/wr-cores/ip_cores/gn4124-core/hdl/spec_test/sim/mk/l2p_ser.mk	8b137891791fe96927ad78e64b0aad7bded08bdc	vendor/wr-cores/ip_cores/gn4124-core/hdl/spec_test/sim/mk/l2p_ser.mk	byte-identical	01ba4719c80b6fe911b091a7c05124b64eeece964e09c058ef8f9805daca546b
26e138fdc0bfc8426704b397141d563cf4d580a2	vendor/wr-cores/ip_cores/gn4124-core/hdl/spec_test/sim/mk/mcb_raw_wrapper.mk	8b137891791fe96927ad78e64b0aad7bded08bdc	vendor/wr-cores/ip_cores/gn4124-core/hdl/spec_test/sim/mk/mcb_raw_wrapper.mk	byte-identical	01ba4719c80b6fe911b091a7c05124b64eeece964e09c058ef8f9805daca546b
26e138fdc0bfc8426704b397141d563cf4d580a2	vendor/wr-cores/ip_cores/gn4124-core/hdl/spec_test/sim/mk/mcb_soft_calibration.mk	8b137891791fe96927ad78e64b0aad7bded08bdc	vendor/wr-cores/ip_cores/gn4124-core/hdl/spec_test/sim/mk/mcb_soft_calibration.mk	byte-identical	01ba4719c80b6fe911b091a7c05124b64eeece964e09c058ef8f9805daca546b
26e138fdc0bfc8426704b397141d563cf4d580a2	vendor/wr-cores/ip_cores/gn4124-core/hdl/spec_test/sim/mk/mcb_soft_calibration_top.mk	8b137891791fe96927ad78e64b0aad7bded08bdc	vendor/wr-cores/ip_cores/gn4124-core/hdl/spec_test/sim/mk/mcb_soft_calibration_top.mk	byte-identical	01ba4719c80b6fe911b091a7c05124b64eeece964e09c058ef8f9805daca546b
26e138fdc0bfc8426704b397141d563cf4d580a2	vendor/wr-cores/ip_cores/gn4124-core/hdl/spec_test/sim/mk/mem_model.mk	8b137891791fe96927ad78e64b0aad7bded08bdc	vendor/wr-cores/ip_cores/gn4124-core/hdl/spec_test/sim/mk/mem_model.mk	byte-identical	01ba4719c80b6fe911b091a7c05124b64eeece964e09c058ef8f9805daca546b
26e138fdc0bfc8426704b397141d563cf4d580a2	vendor/wr-cores/ip_cores/gn4124-core/hdl/spec_test/sim/mk/memc3_infrastructure.mk	8b137891791fe96927ad78e64b0aad7bded08bdc	vendor/wr-cores/ip_cores/gn4124-core/hdl/spec_test/sim/mk/memc3_infrastructure.mk	byte-identical	01ba4719c80b6fe911b091a7c05124b64eeece964e09c058ef8f9805daca546b
26e138fdc0bfc8426704b397141d563cf4d580a2	vendor/wr-cores/ip_cores/gn4124-core/hdl/spec_test/sim/mk/memc3_wrapper.mk	8b137891791fe96927ad78e64b0aad7bded08bdc	vendor/wr-cores/ip_cores/gn4124-core/hdl/spec_test/sim/mk/memc3_wrapper.mk	byte-identical	01ba4719c80b6fe911b091a7c05124b64eeece964e09c058ef8f9805daca546b
26e138fdc0bfc8426704b397141d563cf4d580a2	vendor/wr-cores/ip_cores/gn4124-core/hdl/spec_test/sim/mk/p2l_decode32.mk	8b137891791fe96927ad78e64b0aad7bded08bdc	vendor/wr-cores/ip_cores/gn4124-core/hdl/spec_test/sim/mk/p2l_decode32.mk	byte-identical	01ba4719c80b6fe911b091a7c05124b64eeece964e09c058ef8f9805daca546b
26e138fdc0bfc8426704b397141d563cf4d580a2	vendor/wr-cores/ip_cores/gn4124-core/hdl/spec_test/sim/mk/p2l_des.mk	8b137891791fe96927ad78e64b0aad7bded08bdc	vendor/wr-cores/ip_cores/gn4124-core/hdl/spec_test/sim/mk/p2l_des.mk	byte-identical	01ba4719c80b6fe911b091a7c05124b64eeece964e09c058ef8f9805daca546b
26e138fdc0bfc8426704b397141d563cf4d580a2	vendor/wr-cores/ip_cores/gn4124-core/hdl/spec_test/sim/mk/p2l_dma_master.mk	8b137891791fe96927ad78e64b0aad7bded08bdc	vendor/wr-cores/ip_cores/gn4124-core/hdl/spec_test/sim/mk/p2l_dma_master.mk	byte-identical	01ba4719c80b6fe911b091a7c05124b64eeece964e09c058ef8f9805daca546b
26e138fdc0bfc8426704b397141d563cf4d580a2	vendor/wr-cores/ip_cores/gn4124-core/hdl/spec_test/sim/mk/serdes_1_to_n_clk_pll_s2_diff.mk	8b137891791fe96927ad78e64b0aad7bded08bdc	vendor/wr-cores/ip_cores/gn4124-core/hdl/spec_test/sim/mk/serdes_1_to_n_clk_pll_s2_diff.mk	byte-identical	01ba4719c80b6fe911b091a7c05124b64eeece964e09c058ef8f9805daca546b
26e138fdc0bfc8426704b397141d563cf4d580a2	vendor/wr-cores/ip_cores/gn4124-core/hdl/spec_test/sim/mk/serdes_1_to_n_data_s2_se.mk	8b137891791fe96927ad78e64b0aad7bded08bdc	vendor/wr-cores/ip_cores/gn4124-core/hdl/spec_test/sim/mk/serdes_1_to_n_data_s2_se.mk	byte-identical	01ba4719c80b6fe911b091a7c05124b64eeece964e09c058ef8f9805daca546b
26e138fdc0bfc8426704b397141d563cf4d580a2	vendor/wr-cores/ip_cores/gn4124-core/hdl/spec_test/sim/mk/serdes_n_to_1_s2_diff.mk	8b137891791fe96927ad78e64b0aad7bded08bdc	vendor/wr-cores/ip_cores/gn4124-core/hdl/spec_test/sim/mk/serdes_n_to_1_s2_diff.mk	byte-identical	01ba4719c80b6fe911b091a7c05124b64eeece964e09c058ef8f9805daca546b
26e138fdc0bfc8426704b397141d563cf4d580a2	vendor/wr-cores/ip_cores/gn4124-core/hdl/spec_test/sim/mk/serdes_n_to_1_s2_se.mk	8b137891791fe96927ad78e64b0aad7bded08bdc	vendor/wr-cores/ip_cores/gn4124-core/hdl/spec_test/sim/mk/serdes_n_to_1_s2_se.mk	byte-identical	01ba4719c80b6fe911b091a7c05124b64eeece964e09c058ef8f9805daca546b
26e138fdc0bfc8426704b397141d563cf4d580a2	vendor/wr-cores/ip_cores/gn4124-core/hdl/spec_test/sim/mk/spec_ddr_test.mk	8b137891791fe96927ad78e64b0aad7bded08bdc	vendor/wr-cores/ip_cores/gn4124-core/hdl/spec_test/sim/mk/spec_ddr_test.mk	byte-identical	01ba4719c80b6fe911b091a7c05124b64eeece964e09c058ef8f9805daca546b
26e138fdc0bfc8426704b397141d563cf4d580a2	vendor/wr-cores/ip_cores/gn4124-core/hdl/spec_test/sim/mk/tb_spec.mk	8b137891791fe96927ad78e64b0aad7bded08bdc	vendor/wr-cores/ip_cores/gn4124-core/hdl/spec_test/sim/mk/tb_spec.mk	byte-identical	01ba4719c80b6fe911b091a7c05124b64eeece964e09c058ef8f9805daca546b
26e138fdc0bfc8426704b397141d563cf4d580a2	vendor/wr-cores/ip_cores/gn4124-core/hdl/spec_test/sim/mk/textutil.mk	8b137891791fe96927ad78e64b0aad7bded08bdc	vendor/wr-cores/ip_cores/gn4124-core/hdl/spec_test/sim/mk/textutil.mk	byte-identical	01ba4719c80b6fe911b091a7c05124b64eeece964e09c058ef8f9805daca546b
26e138fdc0bfc8426704b397141d563cf4d580a2	vendor/wr-cores/ip_cores/gn4124-core/hdl/spec_test/sim/mk/util.mk	8b137891791fe96927ad78e64b0aad7bded08bdc	vendor/wr-cores/ip_cores/gn4124-core/hdl/spec_test/sim/mk/util.mk	byte-identical	01ba4719c80b6fe911b091a7c05124b64eeece964e09c058ef8f9805daca546b
26e138fdc0bfc8426704b397141d563cf4d580a2	vendor/wr-cores/ip_cores/gn4124-core/hdl/spec_test/sim/mk/wbmaster32.mk	8b137891791fe96927ad78e64b0aad7bded08bdc	vendor/wr-cores/ip_cores/gn4124-core/hdl/spec_test/sim/mk/wbmaster32.mk	byte-identical	01ba4719c80b6fe911b091a7c05124b64eeece964e09c058ef8f9805daca546b
26e138fdc0bfc8426704b397141d563cf4d580a2	vendor/wr-cores/ip_cores/gn4124-core/hdl/spec_test/sim/spec.do	cdc8c879eae8e0d5393b5373a79ff6d6dffe81cc	vendor/wr-cores/ip_cores/gn4124-core/hdl/spec_test/sim/spec.do	byte-identical	631fe9c6ac7579c7f0bb65190b5af47b7873b0e912dd6b6be7c5ae0b79cde3ce
26e138fdc0bfc8426704b397141d563cf4d580a2	vendor/wr-cores/ip_cores/gn4124-core/hdl/spec_test/sim/testbench/Manifest.py	5e1330c7c37419a57868979ebf31f400344ec5e3	vendor/wr-cores/ip_cores/gn4124-core/hdl/spec_test/sim/testbench/Manifest.py	byte-identical	b056f550943dfdbdbcb51d6b2db37fc410f593200ca3cfb78093785d3ba894cc
26e138fdc0bfc8426704b397141d563cf4d580a2	vendor/wr-cores/ip_cores/gn4124-core/hdl/spec_test/sim/testbench/cmd_router.vhd	d7327a38172998dd8e1ab7ec360af83854737813	vendor/wr-cores/ip_cores/gn4124-core/hdl/spec_test/sim/testbench/cmd_router.vhd	byte-identical	87aab39c64617b27e8a5d52db8d99fbdd0717515619e4f9517c889fdaf40fadc
26e138fdc0bfc8426704b397141d563cf4d580a2	vendor/wr-cores/ip_cores/gn4124-core/hdl/spec_test/sim/testbench/cmd_router1.vhd	10645677f9d5c3d797520173f9285ada9bc2db3b	vendor/wr-cores/ip_cores/gn4124-core/hdl/spec_test/sim/testbench/cmd_router1.vhd	byte-identical	9cdf5cbbef3d91a3e44551a94c3e1d5317dd44b765a99ca83e197aa7b91e5911
26e138fdc0bfc8426704b397141d563cf4d580a2	vendor/wr-cores/ip_cores/gn4124-core/hdl/spec_test/sim/testbench/gn412x_bfm.vhd	79fdbebf6e173501384d32d64764bfe03b37cd1e	vendor/wr-cores/ip_cores/gn4124-core/hdl/spec_test/sim/testbench/gn412x_bfm.vhd	byte-identical	0a7f7683eacd22e3b081ed629ca940f89b69c4a30b68ef2eb1827202bda9240b
26e138fdc0bfc8426704b397141d563cf4d580a2	vendor/wr-cores/ip_cores/gn4124-core/hdl/spec_test/sim/testbench/mem_model.vhd	f7187860f478b543db98f29d00e88cca255e78af	vendor/wr-cores/ip_cores/gn4124-core/hdl/spec_test/sim/testbench/mem_model.vhd	byte-identical	2dec75d084da5213063aadff48b3adeec1f2f54474bc1da827a7763db6de5814
26e138fdc0bfc8426704b397141d563cf4d580a2	vendor/wr-cores/ip_cores/gn4124-core/hdl/spec_test/sim/testbench/tb_lambo.vhd	dc85abd11aea3e424de0dbe78b4eb8ade199cf2e	vendor/wr-cores/ip_cores/gn4124-core/hdl/spec_test/sim/testbench/tb_lambo.vhd	byte-identical	90de382905b910934a83fea2a6e9841ce2bb23bc264590f2896b718cea3e5275
26e138fdc0bfc8426704b397141d563cf4d580a2	vendor/wr-cores/ip_cores/gn4124-core/hdl/spec_test/sim/testbench/tb_pfc.vhd	1973df3e8ce7c7fb56ea5f8ecbe2a5b59d7ceaa7	vendor/wr-cores/ip_cores/gn4124-core/hdl/spec_test/sim/testbench/tb_pfc.vhd	byte-identical	149436af5bf1bb2f481ce45d9019dbb485e61a579a065bd3e006b5d47184c172
26e138fdc0bfc8426704b397141d563cf4d580a2	vendor/wr-cores/ip_cores/gn4124-core/hdl/spec_test/sim/testbench/tb_spec.vhd	c2af5f8098a30371e2c78fb9ba9dfb4b2d8203f6	vendor/wr-cores/ip_cores/gn4124-core/hdl/spec_test/sim/testbench/tb_spec.vhd	byte-identical	f3bc74e3a7e0d686cbcd8bcca0528ab0a9f3d8615952a249345179a006ec7336
26e138fdc0bfc8426704b397141d563cf4d580a2	vendor/wr-cores/ip_cores/gn4124-core/hdl/spec_test/sim/testbench/textutil.vhd	1cc3de15f66d170c1333190caae51998a3e40b47	vendor/wr-cores/ip_cores/gn4124-core/hdl/spec_test/sim/testbench/textutil.vhd	byte-identical	2a627f4f6d9f2ca3c5e4c77d79f1552fd51817399ed86e899ff9f360a85cb9ba
26e138fdc0bfc8426704b397141d563cf4d580a2	vendor/wr-cores/ip_cores/gn4124-core/hdl/spec_test/sim/testbench/util.vhd	7c85bbd5f4d60f6b17c9af733145a2ddf8405d67	vendor/wr-cores/ip_cores/gn4124-core/hdl/spec_test/sim/testbench/util.vhd	byte-identical	3cc69748cb8e4dfbba078d44c18f34db3301dd81206a0818429e80eb42996e33
26e138fdc0bfc8426704b397141d563cf4d580a2	vendor/wr-cores/ip_cores/gn4124-core/hdl/spec_test/sim/tests/simple(old).vec	87914433c819497dfe7bc9e1b0d466897d51e88c	vendor/wr-cores/ip_cores/gn4124-core/hdl/spec_test/sim/tests/simple(old).vec	byte-identical	5b113d9c6f6df699efd45816dfeed6d9e04097e9296f2f0bb52d60e53a226ec8
26e138fdc0bfc8426704b397141d563cf4d580a2	vendor/wr-cores/ip_cores/gn4124-core/hdl/spec_test/sim/tests/simple.vec	0f95cc05155f5c4153e3f77a50c2c83e63bd842d	vendor/wr-cores/ip_cores/gn4124-core/hdl/spec_test/sim/tests/simple.vec	byte-identical	dcb3614d2ecfe09378c3fec5083690777e545629145942ab80c09a7fdbfa8d54
26e138fdc0bfc8426704b397141d563cf4d580a2	vendor/wr-cores/ip_cores/gn4124-core/hdl/spec_test/sim/tests/simple_dma-.vec	a72716d11ea403770ecc1ed4e0d0639a3ee58cef	vendor/wr-cores/ip_cores/gn4124-core/hdl/spec_test/sim/tests/simple_dma-.vec	byte-identical	81bc148549f760130153f3ef1520ffbaa7f914ea95576e863c36a97d37d224b5
26e138fdc0bfc8426704b397141d563cf4d580a2	vendor/wr-cores/ip_cores/gn4124-core/hdl/spec_test/sim/tests/simple_dma.vec	ade98eef928a865782ab49c5b594b7e9d224c0e9	vendor/wr-cores/ip_cores/gn4124-core/hdl/spec_test/sim/tests/simple_dma.vec	byte-identical	5afe4a768db41333ba1acea0e458452e8fa0bfb1cbf3e13b1d8b73a4bd5e408a
26e138fdc0bfc8426704b397141d563cf4d580a2	vendor/wr-cores/ip_cores/gn4124-core/hdl/spec_test/sim/wave.do	2c4158b679b2250e0d08fb55d3c5da2f457cfd47	vendor/wr-cores/ip_cores/gn4124-core/hdl/spec_test/sim/wave.do	byte-identical	b9d9e85165dd53a7a0349a620a788d5dd9b219f502ad285a586a7077290eca2c
26e138fdc0bfc8426704b397141d563cf4d580a2	vendor/wr-cores/ip_cores/gn4124-core/hdl/spec_test/top/Manifest.py	b04d9a515475247c9380c45f038bceda630cbe89	vendor/wr-cores/ip_cores/gn4124-core/hdl/spec_test/top/Manifest.py	byte-identical	d7b48736bcf5bfd43bb5ae2ad460fd5528ffc513e4f840a13068c2865c12a51a
26e138fdc0bfc8426704b397141d563cf4d580a2	vendor/wr-cores/ip_cores/gn4124-core/hdl/spec_test/top/spec_gn4124_test.vhd	3a2b93d65436599d2dd4cf29fa31155ed6980efc	vendor/wr-cores/ip_cores/gn4124-core/hdl/spec_test/top/spec_gn4124_test.vhd	byte-identical	6aecd2527a69b35ccdad4d12be28c9836fb0044ee1e974ee922b8e923929976d
26e138fdc0bfc8426704b397141d563cf4d580a2	vendor/wr-cores/ip_cores/urv-core/.gitmodules	b6d0bdba2458b193e51542b08a44dd518062c020	vendor/wr-cores/ip_cores/urv-core/.gitmodules	byte-identical	3d802bc7e107770800822a5579080a491a234e28074b571a11fef1db0e949bfa
26e138fdc0bfc8426704b397141d563cf4d580a2	vendor/wr-cores/ip_cores/urv-core/Manifest.py	8432c6740c889a97b1cfe7894056fd37438313cd	vendor/wr-cores/ip_cores/urv-core/Manifest.py	byte-identical	6684bb4845ecbb99e3b04e29ff3071764e609e885463207b49fc6907fe121710
26e138fdc0bfc8426704b397141d563cf4d580a2	vendor/wr-cores/ip_cores/urv-core/rtl/Manifest.py	8068fb1c3dad31370c5ecc17bb63e0c182186e93	vendor/wr-cores/ip_cores/urv-core/rtl/Manifest.py	byte-identical	d901a53c6d17df043660dbd16b1a831fa31a9b4e7c677f00c4fbfd3537ea8613
26e138fdc0bfc8426704b397141d563cf4d580a2	vendor/wr-cores/ip_cores/urv-core/rtl/urv_config.v	615badff30e4c436775c22946701b94bd2078211	vendor/wr-cores/ip_cores/urv-core/rtl/urv_config.v	byte-identical	5acfe18d17ea579b65b68ff35eec9354aee7585ae97061c47baadc4fae8bbfd4
26e138fdc0bfc8426704b397141d563cf4d580a2	vendor/wr-cores/ip_cores/urv-core/rtl/urv_cpu.v	38fca11070ff61ade2ea5de4ad835c9e8aae48e9	vendor/wr-cores/ip_cores/urv-core/rtl/urv_cpu.v	byte-identical	2111399a92ad60b3d0488a7185b973134c627b1e56079c1ea5bb65d9965b27f5
26e138fdc0bfc8426704b397141d563cf4d580a2	vendor/wr-cores/ip_cores/urv-core/rtl/urv_csr.v	051a24b30c532d4a109b258536ba266debe48b17	vendor/wr-cores/ip_cores/urv-core/rtl/urv_csr.v	byte-identical	0af3fa62f5d896421430da1fa96f4e4384f3e61c32667c0a685b4f256fb37440
26e138fdc0bfc8426704b397141d563cf4d580a2	vendor/wr-cores/ip_cores/urv-core/rtl/urv_debug.v	2d667ab41af536f1d6f6608a98cb0dc960e57e15	vendor/wr-cores/ip_cores/urv-core/rtl/urv_debug.v	byte-identical	c68c887c2984e630299b1fad13871a18da7d62fdd907cc3cbc12700cf9e40797
26e138fdc0bfc8426704b397141d563cf4d580a2	vendor/wr-cores/ip_cores/urv-core/rtl/urv_decode.v	ce24dd7386869e37529b59213126b92533bd1a76	vendor/wr-cores/ip_cores/urv-core/rtl/urv_decode.v	byte-identical	d570122482fb3bdcbb4affa8978838635a490744a24156a3ed8d4d28587252f0
26e138fdc0bfc8426704b397141d563cf4d580a2	vendor/wr-cores/ip_cores/urv-core/rtl/urv_defs.v	073c6d76c22c109099f1c532183932197d1e0eef	vendor/wr-cores/ip_cores/urv-core/rtl/urv_defs.v	byte-identical	b6bc82eb809b508c7c7add5216c4ba2e7148f9bd2773768e71c09a4c09dafd88
26e138fdc0bfc8426704b397141d563cf4d580a2	vendor/wr-cores/ip_cores/urv-core/rtl/urv_divide.v	b4b753573febb97dfdbf1d32661de4586feba3ac	vendor/wr-cores/ip_cores/urv-core/rtl/urv_divide.v	byte-identical	55583415ed8652a6498642226ae13b6b8b52c668cd4019a8ed1c5421fb8ee65d
26e138fdc0bfc8426704b397141d563cf4d580a2	vendor/wr-cores/ip_cores/urv-core/rtl/urv_ecc.v	b0a9faa04224c1419677f00dc60d37829f035a5a	vendor/wr-cores/ip_cores/urv-core/rtl/urv_ecc.v	byte-identical	90e8fad1529640cf928d133e8f3a2def27472706f1afaad1f41fa7d20bed0f89
26e138fdc0bfc8426704b397141d563cf4d580a2	vendor/wr-cores/ip_cores/urv-core/rtl/urv_exceptions.v	5cd7b4dce075dca5de3094278f0aa0cb3e6524d9	vendor/wr-cores/ip_cores/urv-core/rtl/urv_exceptions.v	byte-identical	048b28a4064922f7e39ee35d3c308ca6130f8bb98b8139fdcad56dd430de4657
26e138fdc0bfc8426704b397141d563cf4d580a2	vendor/wr-cores/ip_cores/urv-core/rtl/urv_exec.v	51691bc136fffb120a47c4ee2c8497482e4f0a74	vendor/wr-cores/ip_cores/urv-core/rtl/urv_exec.v	byte-identical	f21bb9e97e77ff08fec16ceb5f3570b155f66ffbcfd79a20ef476533bc2ad105
26e138fdc0bfc8426704b397141d563cf4d580a2	vendor/wr-cores/ip_cores/urv-core/rtl/urv_fetch.v	6290337bfdf94969d3a15760b7d29dfcf31ceb55	vendor/wr-cores/ip_cores/urv-core/rtl/urv_fetch.v	byte-identical	4630a3bfb9ee32711ace8438cc950e3a436de1ab5cecb4d2d5a959203222d87a
26e138fdc0bfc8426704b397141d563cf4d580a2	vendor/wr-cores/ip_cores/urv-core/rtl/urv_iram.v	318a794eae2c165e1d77cc522d6556980ec2c4f6	vendor/wr-cores/ip_cores/urv-core/rtl/urv_iram.v	byte-identical	c67461f94b59e1ba96972be145699815da69712c0792b4910cb0b4242c4c766d
26e138fdc0bfc8426704b397141d563cf4d580a2	vendor/wr-cores/ip_cores/urv-core/rtl/urv_multiply.v	5c718c15f0bfd6e5131b08293a9582fad35dc01b	vendor/wr-cores/ip_cores/urv-core/rtl/urv_multiply.v	byte-identical	5f4f26d815aca90a7f5a646821008a8973db590f584976adb5cffbf618ea8664
26e138fdc0bfc8426704b397141d563cf4d580a2	vendor/wr-cores/ip_cores/urv-core/rtl/urv_pkg.vhd	af8a3caa31a5fcb7f5e4f26315f474b3a3832263	vendor/wr-cores/ip_cores/urv-core/rtl/urv_pkg.vhd	byte-identical	cce775c30a488de0752843467283b30d0ee72783573b652cc6ea12111e5e76e9
26e138fdc0bfc8426704b397141d563cf4d580a2	vendor/wr-cores/ip_cores/urv-core/rtl/urv_regfile.v	69b4cba413356006facfc155cd05b199f7475038	vendor/wr-cores/ip_cores/urv-core/rtl/urv_regfile.v	byte-identical	c2b01528bb1af8601e02ecc41b84266407a0a5812aa53a3d61eb1c4c418a09a3
26e138fdc0bfc8426704b397141d563cf4d580a2	vendor/wr-cores/ip_cores/urv-core/rtl/urv_shifter.v	129c5f7a09aa96806914698cd69a780836fc1302	vendor/wr-cores/ip_cores/urv-core/rtl/urv_shifter.v	byte-identical	6d2208c8ea2eec79bb397d7a4119c1cdee51630f7eee2ee8ff310df2779bbb42
26e138fdc0bfc8426704b397141d563cf4d580a2	vendor/wr-cores/ip_cores/urv-core/rtl/urv_timer.v	8bb852263b91391d7a46ac2772315e73277196b7	vendor/wr-cores/ip_cores/urv-core/rtl/urv_timer.v	byte-identical	aa5689ac416864e2c373602ff7fea0e73dea3cf0b56a40c081f97c933a5613ff
26e138fdc0bfc8426704b397141d563cf4d580a2	vendor/wr-cores/ip_cores/urv-core/rtl/urv_writeback.v	64b7fbd0a59b5414e72d26d5b1bbe351613cdbbb	vendor/wr-cores/ip_cores/urv-core/rtl/urv_writeback.v	byte-identical	31d797d19a351b900c6a184d37b1469190a67075d6620009b8b375a51ed37312
26e138fdc0bfc8426704b397141d563cf4d580a2	vendor/wr-cores/ip_cores/urv-core/rtl/xurv_core.vhd	52777ed2cb634e0e6d99eb261240271de2e5b851	vendor/wr-cores/ip_cores/urv-core/rtl/xurv_core.vhd	byte-identical	b42cbcecafa7021b9c321e3461ce13f36ff1335dae35739f173200b8881faac1
26e138fdc0bfc8426704b397141d563cf4d580a2	vendor/wr-cores/ip_cores/urv-core/sw/common/crt0.S	b914ddbd7c0b9fded0d6230f5cd47eaa990957b1	vendor/wr-cores/ip_cores/urv-core/sw/common/crt0.S	byte-identical	e5c4ab3d7d4acbf1f1b6aa0c8f80bbd742bd7a9f928d0168aab7de6df6a0ece0
26e138fdc0bfc8426704b397141d563cf4d580a2	vendor/wr-cores/ip_cores/urv-core/sw/common/crt0.S.bk	03b36bd59e33cc0f562a970666018945184edf6f	vendor/wr-cores/ip_cores/urv-core/sw/common/crt0.S.bk	byte-identical	8badbfba4e71cc3539ffb1241732872e37d80e23a6784ff0332abca6a195f1e0
26e138fdc0bfc8426704b397141d563cf4d580a2	vendor/wr-cores/ip_cores/urv-core/sw/common/crtuser.S	6c5a32f4af0e96d755cb9d4c2cace4db1a95398a	vendor/wr-cores/ip_cores/urv-core/sw/common/crtuser.S	byte-identical	dc379cafb60a3c586bd54d787879ac4e7eaeca4c2ef57312d5f5574f624572d8
26e138fdc0bfc8426704b397141d563cf4d580a2	vendor/wr-cores/ip_cores/urv-core/sw/common/emulate.c	3ef6eab492996e82db3fdd24b56b2fcdc22e44b7	vendor/wr-cores/ip_cores/urv-core/sw/common/emulate.c	byte-identical	fff7b8289339216c53e2b31871b3ca44357e632b1ba077c258b0c7eb15988527
26e138fdc0bfc8426704b397141d563cf4d580a2	vendor/wr-cores/ip_cores/urv-core/sw/common/irq.S	60ec2a0f9c0bc04a57d48a81fc7f4b656c342b98	vendor/wr-cores/ip_cores/urv-core/sw/common/irq.S	byte-identical	4c4f6fa80b4d814bfb79a98a87aab7dbf0a1acfa58a47299621b7766f2b20a51
26e138fdc0bfc8426704b397141d563cf4d580a2	vendor/wr-cores/ip_cores/urv-core/sw/common/printf.c	d6c1f8d2e74b7c7dfb633ece299f4fa417689898	vendor/wr-cores/ip_cores/urv-core/sw/common/printf.c	byte-identical	3f4bb4b1a26cd452df02009d6a04a2e1b633ef18cff01593a95d10fa7eed7e93
26e138fdc0bfc8426704b397141d563cf4d580a2	vendor/wr-cores/ip_cores/urv-core/sw/common/ram-big.ld	8e41c626a45cc325d95b824cf125054a60854040	vendor/wr-cores/ip_cores/urv-core/sw/common/ram-big.ld	byte-identical	7e61997b64585559c0b2a83f1e20253a55c6ce662806dc2bcf12467144ab604d
26e138fdc0bfc8426704b397141d563cf4d580a2	vendor/wr-cores/ip_cores/urv-core/sw/common/ram2.ld	ac2b0a9f2e218aaa23fc5faca68bb71a4956451d	vendor/wr-cores/ip_cores/urv-core/sw/common/ram2.ld	byte-identical	13387cf954f7937f11534c47e2b1cf9580d6fc8e3a9f14d17b5e79e691b00f35
26e138fdc0bfc8426704b397141d563cf4d580a2	vendor/wr-cores/ip_cores/urv-core/sw/common/test-common.c	94691a0b1f1b6d7dfb5fad8f641f8742079e39c7	vendor/wr-cores/ip_cores/urv-core/sw/common/test-common.c	byte-identical	02c269b8d7ce2e45d4db8f3d2d155dd8d5138a33c7f45514c6a3a4dbbdedcf57
26e138fdc0bfc8426704b397141d563cf4d580a2	vendor/wr-cores/ip_cores/urv-core/sw/common/uart.c	fcf58e5d933a84c2cf7ca549735ce125c28b5910	vendor/wr-cores/ip_cores/urv-core/sw/common/uart.c	byte-identical	4d1ac58dc1805b70cb27ef503ab8f4353df984d3f2d635e0290f139df267ecbe
26e138fdc0bfc8426704b397141d563cf4d580a2	vendor/wr-cores/ip_cores/urv-core/sw/common/user.ld	ccfdcd42a8c1679775049d3377084a222e2c2e1c	vendor/wr-cores/ip_cores/urv-core/sw/common/user.ld	byte-identical	369c9e6bc1aadac4a8b7db0e358679e1a47341489f4bc18732f6d0bb452749a2
26e138fdc0bfc8426704b397141d563cf4d580a2	vendor/wr-cores/ip_cores/urv-core/sw/common/vsprintf-xint.c	bf7415c1c42884d9a7e74156dbf4f2ff18368f32	vendor/wr-cores/ip_cores/urv-core/sw/common/vsprintf-xint.c	byte-identical	05b49a109bf55cc5110ee5eeea89eb314afdc5e425e2f003b35854b721abcc77
26e138fdc0bfc8426704b397141d563cf4d580a2	vendor/wr-cores/ip_cores/urv-core/sw/coremark.patch	1919906191af11c09bec7b0a5d42199a9c87044c	vendor/wr-cores/ip_cores/urv-core/sw/coremark.patch	byte-identical	b4debdcef639f28e85168b283bda223dfa4c9c9c434d7fadb3aa63f1130fca47
26e138fdc0bfc8426704b397141d563cf4d580a2	vendor/wr-cores/ip_cores/urv-core/sw/coremark/main.c	6e18811c4a5fa9f1590a44dc573c0931788e6eca	vendor/wr-cores/ip_cores/urv-core/sw/coremark/main.c	byte-identical	f1c022bc29c2644ac720cbafa4f0d60445da0fa847c2325f183b6699a46b42bc
26e138fdc0bfc8426704b397141d563cf4d580a2	vendor/wr-cores/ip_cores/urv-core/sw/crt0.S	de357f3afcbc7520681e15feca2ab5c28ca9ecc4	vendor/wr-cores/ip_cores/urv-core/sw/crt0.S	byte-identical	6bb843a420f5c8f251e0b9bf708e7f2a473a25729d9a4cd8a8d8a8f81ac4a168
26e138fdc0bfc8426704b397141d563cf4d580a2	vendor/wr-cores/ip_cores/urv-core/sw/genmeminit.c	33c8b43a94b7d6542518bf3ce2fa8d7cf5a88020	vendor/wr-cores/ip_cores/urv-core/sw/genmeminit.c	byte-identical	a1f13ff56d76356511e199dca28cd733428dd94045529d451db9398e7f045628
26e138fdc0bfc8426704b397141d563cf4d580a2	vendor/wr-cores/ip_cores/urv-core/sw/genraminit.c	33d5825f83771f2bb3f773ca94920a124a45dab6	vendor/wr-cores/ip_cores/urv-core/sw/genraminit.c	byte-identical	4eee1bb557b063ea4fe4ab7fa03f2b9208a777fd9ef83fe9f1a7e788b3e5c276
26e138fdc0bfc8426704b397141d563cf4d580a2	vendor/wr-cores/ip_cores/urv-core/sw/hello.ram	b1594b7be1f1dcaaaa7cabfe84b6531de420f10e	vendor/wr-cores/ip_cores/urv-core/sw/hello.ram	byte-identical	81d23f5be474687f91bd374c4be93db78ec71759a4178dd8dbc62b8140226791
26e138fdc0bfc8426704b397141d563cf4d580a2	vendor/wr-cores/ip_cores/urv-core/sw/hello/main.c	fb55e7c3ad8a0988c916130fe661a792cc886ea1	vendor/wr-cores/ip_cores/urv-core/sw/hello/main.c	byte-identical	5379fb1428c2bbc038e57deae4b3d49f617a0428540aa7057ac79f9fa5fe678a
26e138fdc0bfc8426704b397141d563cf4d580a2	vendor/wr-cores/ip_cores/urv-core/sw/main.c	87b0261bfe1059d93bb5f1f884182bb715fa32d9	vendor/wr-cores/ip_cores/urv-core/sw/main.c	byte-identical	d8ef45d8a822a7bab5bc3c4cab87f9186c2639422005e25b09cdf857215c4593
26e138fdc0bfc8426704b397141d563cf4d580a2	vendor/wr-cores/ip_cores/urv-core/sw/ram.ld	9093c2ef2eb1f9b8b8d9b8fdc9229dbb0664c641	vendor/wr-cores/ip_cores/urv-core/sw/ram.ld	byte-identical	9cf1724d662551fcd79366e8f8269b08c133ec5cf1f0491750cbb9c545ac798c
26e138fdc0bfc8426704b397141d563cf4d580a2	vendor/wr-cores/ip_cores/urv-core/sw/test1/test.S	8cd33e425088356431eb87393d765ba6deffab3c	vendor/wr-cores/ip_cores/urv-core/sw/test1/test.S	byte-identical	c74ecfc00b33d04714de3ce94dd63618fc8c93af078e84c89ca86ec7fabfae12
26e138fdc0bfc8426704b397141d563cf4d580a2	vendor/wr-cores/ip_cores/urv-core/sw/test2/crt0.S	de357f3afcbc7520681e15feca2ab5c28ca9ecc4	vendor/wr-cores/ip_cores/urv-core/sw/test2/crt0.S	byte-identical	6bb843a420f5c8f251e0b9bf708e7f2a473a25729d9a4cd8a8d8a8f81ac4a168
26e138fdc0bfc8426704b397141d563cf4d580a2	vendor/wr-cores/ip_cores/urv-core/sw/test2/genraminit.c	f8f9ff03cdfb0c55b94af9beacc7245bccbe9f11	vendor/wr-cores/ip_cores/urv-core/sw/test2/genraminit.c	byte-identical	641ee595a11cec75fbb47cb8e2c503d7af8996d37de2ae25f66b5d4c0d47944a
26e138fdc0bfc8426704b397141d563cf4d580a2	vendor/wr-cores/ip_cores/urv-core/sw/test2/main.c	73ac1f7a25f1cfbb31f7b62c3d351d18ada22001	vendor/wr-cores/ip_cores/urv-core/sw/test2/main.c	byte-identical	19c374aff50409c441ce2384201c7c4775a8cac0b1727972f2293295788e5ce2
26e138fdc0bfc8426704b397141d563cf4d580a2	vendor/wr-cores/ip_cores/urv-core/sw/test2/ram2.ld	6ade3663871a3f317a86c827a0ef1edac8f7736b	vendor/wr-cores/ip_cores/urv-core/sw/test2/ram2.ld	byte-identical	7e7e4d8122db9b765980d437bf2794809234ffeba5e534daadb671a32c6ec9ba
26e138fdc0bfc8426704b397141d563cf4d580a2	vendor/wr-cores/ip_cores/urv-core/sw/test_irq/test_irq.c	7876014b70bb0608938c07e54b47f3dcda04c1c2	vendor/wr-cores/ip_cores/urv-core/sw/test_irq/test_irq.c	byte-identical	950af1ff15f736a42bd6e1672c14c6c04a436c265f3912814023037f857dae47
26e138fdc0bfc8426704b397141d563cf4d580a2	vendor/wr-cores/ip_cores/urv-core/sw/testsuite/benchmarks/common/syscalls.c	735e01d967aacbd1bb70d31cfb314ae2d719d5e6	vendor/wr-cores/ip_cores/urv-core/sw/testsuite/benchmarks/common/syscalls.c	byte-identical	96a4ec02af13239353439bf32073a6bc2a02dfb28a9fd7a87d79cbfff88b65b3
26e138fdc0bfc8426704b397141d563cf4d580a2	vendor/wr-cores/ip_cores/urv-core/sw/testsuite/benchmarks/dhrystone/bmark.mk	06b4ab89f09a6bf907a2616610baaa2f80f0b1eb	vendor/wr-cores/ip_cores/urv-core/sw/testsuite/benchmarks/dhrystone/bmark.mk	byte-identical	592ad9c162f47079db57c86b559146ef57d73e7568772fb0a7880191d05793b2
26e138fdc0bfc8426704b397141d563cf4d580a2	vendor/wr-cores/ip_cores/urv-core/sw/testsuite/benchmarks/dhrystone/dhrystone.c	b076e97832849a5e29df5f69aed0ca7f9d4acede	vendor/wr-cores/ip_cores/urv-core/sw/testsuite/benchmarks/dhrystone/dhrystone.c	byte-identical	9d06e353da0365e3d7853a7a02de1659b8dae89c2bf99280bd197a2796a32841
26e138fdc0bfc8426704b397141d563cf4d580a2	vendor/wr-cores/ip_cores/urv-core/sw/testsuite/benchmarks/dhrystone/dhrystone_main.c	61e29ee8dfe26555968cf665482f9b9d0f0ca321	vendor/wr-cores/ip_cores/urv-core/sw/testsuite/benchmarks/dhrystone/dhrystone_main.c	byte-identical	e5e434b9aad8eb266c966163c57097ab400c7528e1edc4bb50c12e61506d3421
26e138fdc0bfc8426704b397141d563cf4d580a2	vendor/wr-cores/ip_cores/urv-core/sw/testsuite/env/LICENSE	48fe522ac52f3b40f4b5b72cb7773ec7a2f91fc9	vendor/wr-cores/ip_cores/urv-core/sw/testsuite/env/LICENSE	byte-identical	43b7309213293b4323d65301a90e05472579abcd51feb260a850354bcb49ff8f
26e138fdc0bfc8426704b397141d563cf4d580a2	vendor/wr-cores/ip_cores/urv-core/sw/testsuite/env/p/link.ld	0b2382e4812d06911e1f2168be471327e6ac6024	vendor/wr-cores/ip_cores/urv-core/sw/testsuite/env/p/link.ld	byte-identical	a9340bef47375dad3382128d5cbc456b545f414b4f437b564074e02e1860512e
26e138fdc0bfc8426704b397141d563cf4d580a2	vendor/wr-cores/ip_cores/urv-core/sw/testsuite/env/v/entry.S	8fa19f7d96db439eee75a3c8c8b0635382e1b7dc	vendor/wr-cores/ip_cores/urv-core/sw/testsuite/env/v/entry.S	byte-identical	4a91e481ee0220ab5b1d92616ca74ae26aaef47372e10ed42c6d355f54898b88
26e138fdc0bfc8426704b397141d563cf4d580a2	vendor/wr-cores/ip_cores/urv-core/sw/testsuite/env/v/vm.c	74abadd8276a1fd3edbe9452a1abf42925a6ed2d	vendor/wr-cores/ip_cores/urv-core/sw/testsuite/env/v/vm.c	byte-identical	d3ae48444c91d1a4724913010631669310524ecd253effc497c933259d0dc475
26e138fdc0bfc8426704b397141d563cf4d580a2	vendor/wr-cores/ip_cores/urv-core/sw/testsuite/isa/.gitignore	c93c5ffa796c36a29d95261899d7295bb7c2a91f	vendor/wr-cores/ip_cores/urv-core/sw/testsuite/isa/.gitignore	byte-identical	b9709eed9729713627bdac327a16c6068c5edc2457479171d2de6612ed6caca6
26e138fdc0bfc8426704b397141d563cf4d580a2	vendor/wr-cores/ip_cores/urv-core/sw/testsuite/isa/rv32mi/Makefrag	e91db213c43502c5f2ad920abd2872a8d90ebe73	vendor/wr-cores/ip_cores/urv-core/sw/testsuite/isa/rv32mi/Makefrag	byte-identical	502acf9a3119e8dabd4e4a63729a7c47cd3921b5ef5ff6dd5464c46a0c594499
26e138fdc0bfc8426704b397141d563cf4d580a2	vendor/wr-cores/ip_cores/urv-core/sw/testsuite/isa/rv32mi/csr.S	6361f86abd1abbeb44686066ab01bd2dee77b104	vendor/wr-cores/ip_cores/urv-core/sw/testsuite/isa/rv32mi/csr.S	byte-identical	c7d73d6417979d2e235c5e08de680f31c5ce9af5d80350532e436daf82ac916e
26e138fdc0bfc8426704b397141d563cf4d580a2	vendor/wr-cores/ip_cores/urv-core/sw/testsuite/isa/rv32mi/illegal.S	c357ed7b197f28b073f36d7386db0ad13717f371	vendor/wr-cores/ip_cores/urv-core/sw/testsuite/isa/rv32mi/illegal.S	byte-identical	3632c51bb6763edee5cb75e065f1dfab02b428aa8f66c59767bc0c596c9cd4f9
26e138fdc0bfc8426704b397141d563cf4d580a2	vendor/wr-cores/ip_cores/urv-core/sw/testsuite/isa/rv32mi/ipi.S	c39fc2925894a8c3399ad8447436ecf246e2d4e8	vendor/wr-cores/ip_cores/urv-core/sw/testsuite/isa/rv32mi/ipi.S	byte-identical	7dea7819889db41771e032fbc4df8cb7460df2a57b625f28cd0c4f282f290df8
26e138fdc0bfc8426704b397141d563cf4d580a2	vendor/wr-cores/ip_cores/urv-core/sw/testsuite/isa/rv32mi/ma_addr.S	df5099a5f2e787d4f8f64cec1b56d4c42771229b	vendor/wr-cores/ip_cores/urv-core/sw/testsuite/isa/rv32mi/ma_addr.S	byte-identical	faa6cc678c7d06f0b46c2e38afa4d2792e05353c9aeffe94ae1219c3f6fe1ac6
26e138fdc0bfc8426704b397141d563cf4d580a2	vendor/wr-cores/ip_cores/urv-core/sw/testsuite/isa/rv32mi/ma_fetch.S	ec0e0f61dff447359f80a2e2abe132e3e4a1006d	vendor/wr-cores/ip_cores/urv-core/sw/testsuite/isa/rv32mi/ma_fetch.S	byte-identical	163c2dd667eb0e4f8f3b23740445072a090fab8b5b3073e1611df25f4ef04f21
26e138fdc0bfc8426704b397141d563cf4d580a2	vendor/wr-cores/ip_cores/urv-core/sw/testsuite/isa/rv32mi/sbreak.S	c1b127d4b74675f56c8097664476b24a1e31e730	vendor/wr-cores/ip_cores/urv-core/sw/testsuite/isa/rv32mi/sbreak.S	byte-identical	7caa58061b9ada0da719831c09d4a50be430a7f327a3d78056ff88badcc86678
26e138fdc0bfc8426704b397141d563cf4d580a2	vendor/wr-cores/ip_cores/urv-core/sw/testsuite/isa/rv32mi/scall.S	e5b315372cd4cb4384ff51e2dedb1bc638a48a95	vendor/wr-cores/ip_cores/urv-core/sw/testsuite/isa/rv32mi/scall.S	byte-identical	c25ce9c8906f5604d26fe03bf63838f8571285fe1d38f03736cbfe188e9e83ee
26e138fdc0bfc8426704b397141d563cf4d580a2	vendor/wr-cores/ip_cores/urv-core/sw/testsuite/isa/rv32mi/timer.S	307876c96133cf89f17d2b231143e732efb6742b	vendor/wr-cores/ip_cores/urv-core/sw/testsuite/isa/rv32mi/timer.S	byte-identical	231ab466b305dc9bd181d273f9cfdea7b549287604b9dba1f97c9f0aaabf4c2e
26e138fdc0bfc8426704b397141d563cf4d580a2	vendor/wr-cores/ip_cores/urv-core/sw/testsuite/isa/rv32si/Makefrag	1283ec47e12c6e0eac072aed5be4e02896f0bcd2	vendor/wr-cores/ip_cores/urv-core/sw/testsuite/isa/rv32si/Makefrag	byte-identical	cf8b34d3ded4511ee8526a71b9833e3159d13ddeec34a76a6d6d56df6ca321c4
26e138fdc0bfc8426704b397141d563cf4d580a2	vendor/wr-cores/ip_cores/urv-core/sw/testsuite/isa/rv32si/csr.S	3c414c0362da30b78c0d8ec6e7a91d6379723006	vendor/wr-cores/ip_cores/urv-core/sw/testsuite/isa/rv32si/csr.S	byte-identical	7994f9db97395df35cbd7ba20c91dd1db419b65271b0527a98c74b360970c932
26e138fdc0bfc8426704b397141d563cf4d580a2	vendor/wr-cores/ip_cores/urv-core/sw/testsuite/isa/rv32si/illegal.S	ad5c3b1d9c6b19865c6f112d73ce82dda4de2c44	vendor/wr-cores/ip_cores/urv-core/sw/testsuite/isa/rv32si/illegal.S	byte-identical	fcda3d06a6f02dbe711216bde36885e3f6ebe16820b0ce1371baba78fe96c9b0
26e138fdc0bfc8426704b397141d563cf4d580a2	vendor/wr-cores/ip_cores/urv-core/sw/testsuite/isa/rv32si/ma_addr.S	51465a2eb17932514d719716ba860e229b15733d	vendor/wr-cores/ip_cores/urv-core/sw/testsuite/isa/rv32si/ma_addr.S	byte-identical	61943dc1d4b8f0c00ddef3fb61295ba22f741d00abd8923358811661cfda9685
26e138fdc0bfc8426704b397141d563cf4d580a2	vendor/wr-cores/ip_cores/urv-core/sw/testsuite/isa/rv32si/ma_fetch.S	2e5254fa570fd24a69c1a89869d8325d6a9e92c9	vendor/wr-cores/ip_cores/urv-core/sw/testsuite/isa/rv32si/ma_fetch.S	byte-identical	476efe94efadffb3d85e5201c84764a15103aa19f002ea6f4b4e27f7be185e1c
26e138fdc0bfc8426704b397141d563cf4d580a2	vendor/wr-cores/ip_cores/urv-core/sw/testsuite/isa/rv32si/sbreak.S	3dcfba2d8ea6566d0b0654dc57156b6b98ed7228	vendor/wr-cores/ip_cores/urv-core/sw/testsuite/isa/rv32si/sbreak.S	byte-identical	edc46cdbc48611092c8a4fb4dc4a52e10656dea4e9f3143ce16587550f0a9a99
26e138fdc0bfc8426704b397141d563cf4d580a2	vendor/wr-cores/ip_cores/urv-core/sw/testsuite/isa/rv32si/scall.S	5b732c85227394cb3dea486bdbea332355731ba6	vendor/wr-cores/ip_cores/urv-core/sw/testsuite/isa/rv32si/scall.S	byte-identical	7860ac73e5e2c489df20681f89a1063fd24d48a31305bf8e7b99ad968911f5a2
26e138fdc0bfc8426704b397141d563cf4d580a2	vendor/wr-cores/ip_cores/urv-core/sw/testsuite/isa/rv32si/shamt.S	615ef68defa47761697f85bab29f228bc8e386e5	vendor/wr-cores/ip_cores/urv-core/sw/testsuite/isa/rv32si/shamt.S	byte-identical	5371c8a57bb04c0ce8ce4f1fe79cd867fb4af57ddf1bb3b49ee7d2b3b789f229
26e138fdc0bfc8426704b397141d563cf4d580a2	vendor/wr-cores/ip_cores/urv-core/sw/testsuite/isa/rv32ui/Makefrag	bdbc755e604ea1cfede16e5ebe9f1280d9ebb54a	vendor/wr-cores/ip_cores/urv-core/sw/testsuite/isa/rv32ui/Makefrag	byte-identical	901e7e9c40e735b1ef17764a4c2b9e2d62ebb981f0b0cbd4567ff44b308d919a
26e138fdc0bfc8426704b397141d563cf4d580a2	vendor/wr-cores/ip_cores/urv-core/sw/testsuite/isa/rv32ui/add.S	2eb330e7cd12db8631e5e1fe728b2d34c212d42a	vendor/wr-cores/ip_cores/urv-core/sw/testsuite/isa/rv32ui/add.S	byte-identical	807769edec3d4194c38c97c9e8cf796b7ed3f9437cd029fe5a6fcb53def48252
26e138fdc0bfc8426704b397141d563cf4d580a2	vendor/wr-cores/ip_cores/urv-core/sw/testsuite/isa/rv32ui/addi.S	f7a418b1a65c96fb80243c74347019070b8085c7	vendor/wr-cores/ip_cores/urv-core/sw/testsuite/isa/rv32ui/addi.S	byte-identical	9fb1da024365dbc6b4318bc77588de0f2b9e041dd5436322ac068abb04028e15
26e138fdc0bfc8426704b397141d563cf4d580a2	vendor/wr-cores/ip_cores/urv-core/sw/testsuite/isa/rv32ui/amoadd_w.S	975ae1dab14a91c5d909a8203f84a4fa8e17be75	vendor/wr-cores/ip_cores/urv-core/sw/testsuite/isa/rv32ui/amoadd_w.S	byte-identical	6b8a721e85d882478823b15b5b0dc4716192c82eb3e572bae06c3efcceb2cbf2
26e138fdc0bfc8426704b397141d563cf4d580a2	vendor/wr-cores/ip_cores/urv-core/sw/testsuite/isa/rv32ui/amoand_w.S	7c989c269f655e6308099b6c82439afea9a373a3	vendor/wr-cores/ip_cores/urv-core/sw/testsuite/isa/rv32ui/amoand_w.S	byte-identical	9ee1577bcb1dadb309528db1e48974b43b9add018d2e7b62a5e6e9323fa45045
26e138fdc0bfc8426704b397141d563cf4d580a2	vendor/wr-cores/ip_cores/urv-core/sw/testsuite/isa/rv32ui/amomax_w.S	698cf269ab5444a9d859cdce641fea70cf9dcb64	vendor/wr-cores/ip_cores/urv-core/sw/testsuite/isa/rv32ui/amomax_w.S	byte-identical	c85996ca9ebd6fc5ab8e2b3f322216c948c206e1c3f6af49b605893edc087aef
26e138fdc0bfc8426704b397141d563cf4d580a2	vendor/wr-cores/ip_cores/urv-core/sw/testsuite/isa/rv32ui/amomaxu_w.S	27c4ddf3ec4a51984d6a0252d3fd518cf7dcd955	vendor/wr-cores/ip_cores/urv-core/sw/testsuite/isa/rv32ui/amomaxu_w.S	byte-identical	98a73977b726597bf59b2eece19655423e7211df1a16c88e56523dfb4dfa2d0a
26e138fdc0bfc8426704b397141d563cf4d580a2	vendor/wr-cores/ip_cores/urv-core/sw/testsuite/isa/rv32ui/amomin_w.S	a6a094728a7b32ffc106eb55bc7c2eb01456867d	vendor/wr-cores/ip_cores/urv-core/sw/testsuite/isa/rv32ui/amomin_w.S	byte-identical	6d05d5dba73c1cfff02e9f7f534ab4b0ceceba711ac811c37fed2705bcfe4c33
26e138fdc0bfc8426704b397141d563cf4d580a2	vendor/wr-cores/ip_cores/urv-core/sw/testsuite/isa/rv32ui/amominu_w.S	ce06e1c068de98d7d63a599c092d116447548c2b	vendor/wr-cores/ip_cores/urv-core/sw/testsuite/isa/rv32ui/amominu_w.S	byte-identical	8f7b909a0e0cfd7ce6b785d05b349c76fb2af563d0c22c127f8a027655d231a1
26e138fdc0bfc8426704b397141d563cf4d580a2	vendor/wr-cores/ip_cores/urv-core/sw/testsuite/isa/rv32ui/amoor_w.S	0988c6613bf756e97287b7617019f675566dbc87	vendor/wr-cores/ip_cores/urv-core/sw/testsuite/isa/rv32ui/amoor_w.S	byte-identical	7710090639c08c24df939deb0369ef2dac5c3ee9c029d852396d8838050409c6
26e138fdc0bfc8426704b397141d563cf4d580a2	vendor/wr-cores/ip_cores/urv-core/sw/testsuite/isa/rv32ui/amoswap_w.S	a32ae746a929ecdd6bd8056e6b65186875732d80	vendor/wr-cores/ip_cores/urv-core/sw/testsuite/isa/rv32ui/amoswap_w.S	byte-identical	071534c4c68853bab01c5a88e3370e68bb840aeb6a75883431f08902bb29fbe6
26e138fdc0bfc8426704b397141d563cf4d580a2	vendor/wr-cores/ip_cores/urv-core/sw/testsuite/isa/rv32ui/and.S	561ae3b1d092af4d4bdcec238c85be8293f693f4	vendor/wr-cores/ip_cores/urv-core/sw/testsuite/isa/rv32ui/and.S	byte-identical	6836b0868f5d1d2bfe71279a9214a308899b21cb2f1566542173f564613c1394
26e138fdc0bfc8426704b397141d563cf4d580a2	vendor/wr-cores/ip_cores/urv-core/sw/testsuite/isa/rv32ui/andi.S	c2ae94de7030c7ecef2a35fbd6944738db966fb6	vendor/wr-cores/ip_cores/urv-core/sw/testsuite/isa/rv32ui/andi.S	byte-identical	0376a5b4be763fd0629b74bc80032dfdc821800147d4d0390bd588e5d3450cd9
26e138fdc0bfc8426704b397141d563cf4d580a2	vendor/wr-cores/ip_cores/urv-core/sw/testsuite/isa/rv32ui/auipc.S	c67e3c98e99d3e7cf9d4770cc46fb63dc0852517	vendor/wr-cores/ip_cores/urv-core/sw/testsuite/isa/rv32ui/auipc.S	byte-identical	0fbf95ce9d38ec120d9c447b476fb590322ce1497f6caaff1ef22670f4afcb84
26e138fdc0bfc8426704b397141d563cf4d580a2	vendor/wr-cores/ip_cores/urv-core/sw/testsuite/isa/rv32ui/beq.S	c972effe8ae66b2e4ea752345d6db94c9c9676da	vendor/wr-cores/ip_cores/urv-core/sw/testsuite/isa/rv32ui/beq.S	byte-identical	23ce63141c8453bad390a041e4c6115b6c6274ff2e8060fbe4d33e410f4b82d6
26e138fdc0bfc8426704b397141d563cf4d580a2	vendor/wr-cores/ip_cores/urv-core/sw/testsuite/isa/rv32ui/bge.S	d6aea7c00d8f3a5c32875cd4b72f1f74f3f02ac9	vendor/wr-cores/ip_cores/urv-core/sw/testsuite/isa/rv32ui/bge.S	byte-identical	83e5b4b6d29577ecbc71bdcb492270310c01de943addf2d4ef6b30272e712522
26e138fdc0bfc8426704b397141d563cf4d580a2	vendor/wr-cores/ip_cores/urv-core/sw/testsuite/isa/rv32ui/bgeu.S	114c84574dbacf29ef3680bf572be3f4b9457fa6	vendor/wr-cores/ip_cores/urv-core/sw/testsuite/isa/rv32ui/bgeu.S	byte-identical	df9e4fadab04a475e653b2a2e01c637545463d81ccb4ebc1ccccdc2eeac04dab
26e138fdc0bfc8426704b397141d563cf4d580a2	vendor/wr-cores/ip_cores/urv-core/sw/testsuite/isa/rv32ui/blt.S	12e28c32287eb0883dae8f47cb38160855dde85a	vendor/wr-cores/ip_cores/urv-core/sw/testsuite/isa/rv32ui/blt.S	byte-identical	1d08e39ac1309d83934f6b2f0da0eedd92504b456c040a87181619a4f51909eb
26e138fdc0bfc8426704b397141d563cf4d580a2	vendor/wr-cores/ip_cores/urv-core/sw/testsuite/isa/rv32ui/bltu.S	5dcfe7e91c155dfd508fbe9ae56093954624aed8	vendor/wr-cores/ip_cores/urv-core/sw/testsuite/isa/rv32ui/bltu.S	byte-identical	de740e20c18f0bbe05f3cdd48eb652f986b6e476e255ada5b89f8f8f24047e8e
26e138fdc0bfc8426704b397141d563cf4d580a2	vendor/wr-cores/ip_cores/urv-core/sw/testsuite/isa/rv32ui/bne.S	0b337534c501674c21990931d93db7207cdc6492	vendor/wr-cores/ip_cores/urv-core/sw/testsuite/isa/rv32ui/bne.S	byte-identical	050f360ef8401757d24ece2f52f988df13377457420c6d6ab1cfb4a6ff3e2db0
26e138fdc0bfc8426704b397141d563cf4d580a2	vendor/wr-cores/ip_cores/urv-core/sw/testsuite/isa/rv32ui/csr.S	cfdd568b27aa48059f6ac0d015f3e96932c39bab	vendor/wr-cores/ip_cores/urv-core/sw/testsuite/isa/rv32ui/csr.S	byte-identical	9ddd98c76a2f2f3786f1699e51affc8d231754322415d49bb6efb695689d7d9d
26e138fdc0bfc8426704b397141d563cf4d580a2	vendor/wr-cores/ip_cores/urv-core/sw/testsuite/isa/rv32ui/div.S	24dc9ff63df72faca7cb5f69795f02897adbdd41	vendor/wr-cores/ip_cores/urv-core/sw/testsuite/isa/rv32ui/div.S	byte-identical	1c9022a1ecc508e3216ffcf194c3271165560fece86c0a5c7507533f4ad2b658
26e138fdc0bfc8426704b397141d563cf4d580a2	vendor/wr-cores/ip_cores/urv-core/sw/testsuite/isa/rv32ui/divu.S	cd348c9a594353f16bc2b74ebae8aac38307f19c	vendor/wr-cores/ip_cores/urv-core/sw/testsuite/isa/rv32ui/divu.S	byte-identical	c9314b6ea880763293a537d3eb849906fcc83d111ef4c617b193014ef27ea8fc
26e138fdc0bfc8426704b397141d563cf4d580a2	vendor/wr-cores/ip_cores/urv-core/sw/testsuite/isa/rv32ui/divuw.S	0868eeb21e6fd609b19b04e4e24632c016d0cf91	vendor/wr-cores/ip_cores/urv-core/sw/testsuite/isa/rv32ui/divuw.S	byte-identical	6630b437a09a5ad0a3eed63d1a3d7fd4a18ee4d327f7b774387084b498df61d6
26e138fdc0bfc8426704b397141d563cf4d580a2	vendor/wr-cores/ip_cores/urv-core/sw/testsuite/isa/rv32ui/divw.S	4d917496ff00c0ac06ebc992fa988db8a8a5ca8e	vendor/wr-cores/ip_cores/urv-core/sw/testsuite/isa/rv32ui/divw.S	byte-identical	696c9bef40e272450bb1f515461d6d340c27a4b9b95a7365fdedbaa9cd56ffdf
26e138fdc0bfc8426704b397141d563cf4d580a2	vendor/wr-cores/ip_cores/urv-core/sw/testsuite/isa/rv32ui/fence_i.S	8785c1eb8fa6ca46210009ebffc06045874e6908	vendor/wr-cores/ip_cores/urv-core/sw/testsuite/isa/rv32ui/fence_i.S	byte-identical	899e05b30b83648d2f1ced2802d9811903828c732e245b273d302cb70e6db67c
26e138fdc0bfc8426704b397141d563cf4d580a2	vendor/wr-cores/ip_cores/urv-core/sw/testsuite/isa/rv32ui/j.S	259a2361d8c4d82511a91bf235ed33145e83c652	vendor/wr-cores/ip_cores/urv-core/sw/testsuite/isa/rv32ui/j.S	byte-identical	5aa3868a1ae9ad9a00833e231262e97991491491eec160050ae27610cfd60fae
26e138fdc0bfc8426704b397141d563cf4d580a2	vendor/wr-cores/ip_cores/urv-core/sw/testsuite/isa/rv32ui/jal.S	742abacfbb13c698d58a7440580e5b130ce08a7c	vendor/wr-cores/ip_cores/urv-core/sw/testsuite/isa/rv32ui/jal.S	byte-identical	3002473b5619634ae29bad8ac9c75893967effbdfb2b8205434e91890f9fba72
26e138fdc0bfc8426704b397141d563cf4d580a2	vendor/wr-cores/ip_cores/urv-core/sw/testsuite/isa/rv32ui/jalr.S	ebe3731b71d5fe830028f4b5101464b70c796024	vendor/wr-cores/ip_cores/urv-core/sw/testsuite/isa/rv32ui/jalr.S	byte-identical	ea0a22bd5b04ddc16d1212721c7aa9d5e10d340e47deb4e711844ab1e1f6213a
26e138fdc0bfc8426704b397141d563cf4d580a2	vendor/wr-cores/ip_cores/urv-core/sw/testsuite/isa/rv32ui/lb.S	eaf79027784f2825b04ba9c48c6e600fb775c84a	vendor/wr-cores/ip_cores/urv-core/sw/testsuite/isa/rv32ui/lb.S	byte-identical	c02370ea6982064b8639f89fe0563e9affd54c63ade07659888fa4e381166f46
26e138fdc0bfc8426704b397141d563cf4d580a2	vendor/wr-cores/ip_cores/urv-core/sw/testsuite/isa/rv32ui/lbu.S	027b643dc61284d8935444734702fbe627c6bec2	vendor/wr-cores/ip_cores/urv-core/sw/testsuite/isa/rv32ui/lbu.S	byte-identical	629115125a300b03f71f7fd513b6917ddb9e6ad41474b7c72a008c7464186df7
26e138fdc0bfc8426704b397141d563cf4d580a2	vendor/wr-cores/ip_cores/urv-core/sw/testsuite/isa/rv32ui/ld.S	8e24f0b9166a9f69b77e36f760af3ec6b7f58ca7	vendor/wr-cores/ip_cores/urv-core/sw/testsuite/isa/rv32ui/ld.S	byte-identical	6c52a1024c6974c636832eb598f97bd5c2b10ded27456efea0337f87848a4bd6
26e138fdc0bfc8426704b397141d563cf4d580a2	vendor/wr-cores/ip_cores/urv-core/sw/testsuite/isa/rv32ui/lh.S	d8eda918a467bf8c74e04835c370a9af89d8e45e	vendor/wr-cores/ip_cores/urv-core/sw/testsuite/isa/rv32ui/lh.S	byte-identical	920c038ccce3e52b33787177370aec16480a223e5046503aaeaf5bf78b4f37fd
26e138fdc0bfc8426704b397141d563cf4d580a2	vendor/wr-cores/ip_cores/urv-core/sw/testsuite/isa/rv32ui/lhu.S	71daec6cf1b72c85329579174b4347edeeccaaa9	vendor/wr-cores/ip_cores/urv-core/sw/testsuite/isa/rv32ui/lhu.S	byte-identical	5711ed2106bc6461625bc0293cf0d0782311a1d5a574332ea7d8527e5e36df0f
26e138fdc0bfc8426704b397141d563cf4d580a2	vendor/wr-cores/ip_cores/urv-core/sw/testsuite/isa/rv32ui/lrsc.S	2aee81802a287f597ee2e38865e81f21f7f5b178	vendor/wr-cores/ip_cores/urv-core/sw/testsuite/isa/rv32ui/lrsc.S	byte-identical	872be4db9b618c825814f17be6979afba727b184217b666f4c1f9cf74501becb
26e138fdc0bfc8426704b397141d563cf4d580a2	vendor/wr-cores/ip_cores/urv-core/sw/testsuite/isa/rv32ui/lui.S	50822d1bd9f6089ec9b800f5a4cb2983c9590711	vendor/wr-cores/ip_cores/urv-core/sw/testsuite/isa/rv32ui/lui.S	byte-identical	658320d777dd285648d2d595a4b56e2044c23482f11ce03585fe9d1bf5982dc0
26e138fdc0bfc8426704b397141d563cf4d580a2	vendor/wr-cores/ip_cores/urv-core/sw/testsuite/isa/rv32ui/lw.S	4a07838d64c249e441e2f9b9272a8a27057ad0a4	vendor/wr-cores/ip_cores/urv-core/sw/testsuite/isa/rv32ui/lw.S	byte-identical	6fe07df4f0a729c22e8c27537efed5c8b9e720b3b8fa5f073c0025c9d902d940
26e138fdc0bfc8426704b397141d563cf4d580a2	vendor/wr-cores/ip_cores/urv-core/sw/testsuite/isa/rv32ui/lwu.S	818a25706cea991dec3b8f55a49b879a5484befd	vendor/wr-cores/ip_cores/urv-core/sw/testsuite/isa/rv32ui/lwu.S	byte-identical	772e928678d4242eb841a4666f48b5113bb39a5d712e82dd63f547bb5db4b3a2
26e138fdc0bfc8426704b397141d563cf4d580a2	vendor/wr-cores/ip_cores/urv-core/sw/testsuite/isa/rv32ui/mul.S	036862999eca412fc29cf6e87d48b3d6ccba0b25	vendor/wr-cores/ip_cores/urv-core/sw/testsuite/isa/rv32ui/mul.S	byte-identical	603431fa933c6a4b24a2171460e7564fe109cabbf755194f2b99f6085d2ebbee
26e138fdc0bfc8426704b397141d563cf4d580a2	vendor/wr-cores/ip_cores/urv-core/sw/testsuite/isa/rv32ui/mulh.S	e583f5f699205240ebd25bfbb423dc4749c13044	vendor/wr-cores/ip_cores/urv-core/sw/testsuite/isa/rv32ui/mulh.S	byte-identical	1bad95e1714a4a22595b847d0ad2ea650601dbe8a4d8a791ee0fd9470a23990d
26e138fdc0bfc8426704b397141d563cf4d580a2	vendor/wr-cores/ip_cores/urv-core/sw/testsuite/isa/rv32ui/mulhsu.S	28b369099151b989344f22955b9f0e1919c303aa	vendor/wr-cores/ip_cores/urv-core/sw/testsuite/isa/rv32ui/mulhsu.S	byte-identical	9d91945062c5746f6342145cd1d788972d94129e995332af07834090b52e8eb0
26e138fdc0bfc8426704b397141d563cf4d580a2	vendor/wr-cores/ip_cores/urv-core/sw/testsuite/isa/rv32ui/mulhu.S	601dcff58f2763f48c014bff23e31ebc42d2deef	vendor/wr-cores/ip_cores/urv-core/sw/testsuite/isa/rv32ui/mulhu.S	byte-identical	85c582010aa6e5f554c47096cb1b5dc4a5c5924761566cbef96d1babb1e02c74
26e138fdc0bfc8426704b397141d563cf4d580a2	vendor/wr-cores/ip_cores/urv-core/sw/testsuite/isa/rv32ui/mulw.S	577c93e2131568692e8c80e818246aa5aacc5b6f	vendor/wr-cores/ip_cores/urv-core/sw/testsuite/isa/rv32ui/mulw.S	byte-identical	cc4fff2af8d5b7c0230ec5c62e5bb296ad02d8ae9f0dac335e53d18c83e297ca
26e138fdc0bfc8426704b397141d563cf4d580a2	vendor/wr-cores/ip_cores/urv-core/sw/testsuite/isa/rv32ui/or.S	110bcc44ce4ef212e232c26436781ba97525ee5b	vendor/wr-cores/ip_cores/urv-core/sw/testsuite/isa/rv32ui/or.S	byte-identical	9d9bedac72640f03a36b0915a83b46f7fa266dcb7f07d2d9474b9ffe681ebb9b
26e138fdc0bfc8426704b397141d563cf4d580a2	vendor/wr-cores/ip_cores/urv-core/sw/testsuite/isa/rv32ui/ori.S	a674784be3795902de2062e05b4aa1836ad398b5	vendor/wr-cores/ip_cores/urv-core/sw/testsuite/isa/rv32ui/ori.S	byte-identical	13461031c07a8f4873075802e0c62306fae1b5de3c9d32cbd887895f8e4d252b
26e138fdc0bfc8426704b397141d563cf4d580a2	vendor/wr-cores/ip_cores/urv-core/sw/testsuite/isa/rv32ui/rem.S	795573689597412f8c541850c83bd1f3c6ab306e	vendor/wr-cores/ip_cores/urv-core/sw/testsuite/isa/rv32ui/rem.S	byte-identical	8f4fab9e1d634c79682da9fafe8533c5f7ebe53b479305a262189d6c9a756f57
26e138fdc0bfc8426704b397141d563cf4d580a2	vendor/wr-cores/ip_cores/urv-core/sw/testsuite/isa/rv32ui/remu.S	a96cfc1fd163d9820302e495f435cc070621cb47	vendor/wr-cores/ip_cores/urv-core/sw/testsuite/isa/rv32ui/remu.S	byte-identical	9135cce6a017b9267080393810d0586e04ad80fbfe0c1ea45c3bbf60a94156dd
26e138fdc0bfc8426704b397141d563cf4d580a2	vendor/wr-cores/ip_cores/urv-core/sw/testsuite/isa/rv32ui/sb.S	05d1894f70bb81969b0dcf19013c35612e938088	vendor/wr-cores/ip_cores/urv-core/sw/testsuite/isa/rv32ui/sb.S	byte-identical	5abcf7d3cb8b97a8a4350ce8cac99ad84dca74bd98d8637287d037c514321c2f
26e138fdc0bfc8426704b397141d563cf4d580a2	vendor/wr-cores/ip_cores/urv-core/sw/testsuite/isa/rv32ui/sh.S	387e18126c4bc8e089ec95391d5a9a1a33758424	vendor/wr-cores/ip_cores/urv-core/sw/testsuite/isa/rv32ui/sh.S	byte-identical	e32afafec2ae615ce53213c9e182cda6c3f960bc749816c3b41a12d319e7c0d0
26e138fdc0bfc8426704b397141d563cf4d580a2	vendor/wr-cores/ip_cores/urv-core/sw/testsuite/isa/rv32ui/simple.S	92cf20366996c9cdf2e7f6eeab2d8542dd158f5b	vendor/wr-cores/ip_cores/urv-core/sw/testsuite/isa/rv32ui/simple.S	byte-identical	219fb5354071459bd3589545aeb91c9ffe1e08148e7322a0c71fd72fc31ea398
26e138fdc0bfc8426704b397141d563cf4d580a2	vendor/wr-cores/ip_cores/urv-core/sw/testsuite/isa/rv32ui/sll.S	d297ac5daa04f96535ac665a21a9d165f762c4a4	vendor/wr-cores/ip_cores/urv-core/sw/testsuite/isa/rv32ui/sll.S	byte-identical	abac4035b7f1d9a9e33e9b06061c0fa4e881c8f3e071e0fcbe74199900aff8f3
26e138fdc0bfc8426704b397141d563cf4d580a2	vendor/wr-cores/ip_cores/urv-core/sw/testsuite/isa/rv32ui/slli.S	a51eec9cebf1eb1a3c4d24dbb6dfbd37e60657bf	vendor/wr-cores/ip_cores/urv-core/sw/testsuite/isa/rv32ui/slli.S	byte-identical	ea5d743075edffc7851770d576b859ee90bc58ddce5fc5c3f82675bd2deed48a
26e138fdc0bfc8426704b397141d563cf4d580a2	vendor/wr-cores/ip_cores/urv-core/sw/testsuite/isa/rv32ui/slt.S	3abf82bbed825e7d59a2c22d8d354b5eeba6c436	vendor/wr-cores/ip_cores/urv-core/sw/testsuite/isa/rv32ui/slt.S	byte-identical	eceba14469a05b6ca523b4886d5879671f42237617c871f1c9e088f979bf5e3e
26e138fdc0bfc8426704b397141d563cf4d580a2	vendor/wr-cores/ip_cores/urv-core/sw/testsuite/isa/rv32ui/slti.S	730cbe2b220f159825623d2cf49fa1c7cc27be51	vendor/wr-cores/ip_cores/urv-core/sw/testsuite/isa/rv32ui/slti.S	byte-identical	534eb7b8238360a7507edab6dd41a41db3b803366388c3da32febd8a11b42ce1
26e138fdc0bfc8426704b397141d563cf4d580a2	vendor/wr-cores/ip_cores/urv-core/sw/testsuite/isa/rv32ui/sra.S	8c1de3676056c898805eaf54ac4b2acb4b597fbe	vendor/wr-cores/ip_cores/urv-core/sw/testsuite/isa/rv32ui/sra.S	byte-identical	ce206da8ebd16022c601c2caedfa336e40c03728934bcbdcfb4d879d31d7ce01
26e138fdc0bfc8426704b397141d563cf4d580a2	vendor/wr-cores/ip_cores/urv-core/sw/testsuite/isa/rv32ui/srai.S	463819043a0be73b813ea6d8429850361ba3aaab	vendor/wr-cores/ip_cores/urv-core/sw/testsuite/isa/rv32ui/srai.S	byte-identical	22d48fd59f57fe2e0372576ff2cf214700c7100bacc9303d244a8e883cd100d9
26e138fdc0bfc8426704b397141d563cf4d580a2	vendor/wr-cores/ip_cores/urv-core/sw/testsuite/isa/rv32ui/srl.S	35cc4c7406adc328949c19ada920722be439f105	vendor/wr-cores/ip_cores/urv-core/sw/testsuite/isa/rv32ui/srl.S	byte-identical	b2f526886beede8779ea58ab19825804158e3f69654045f84bf6b64faea0a00f
26e138fdc0bfc8426704b397141d563cf4d580a2	vendor/wr-cores/ip_cores/urv-core/sw/testsuite/isa/rv32ui/srli.S	c2797cdee52f38748f6011d6c929bca7d55daff8	vendor/wr-cores/ip_cores/urv-core/sw/testsuite/isa/rv32ui/srli.S	byte-identical	36139ab529126f9cee9b46a4c027e294d2165fef7bf22159730da3b5f2d9679d
26e138fdc0bfc8426704b397141d563cf4d580a2	vendor/wr-cores/ip_cores/urv-core/sw/testsuite/isa/rv32ui/sub.S	ad56e3e938376076cc02af16c5fda189a0d234de	vendor/wr-cores/ip_cores/urv-core/sw/testsuite/isa/rv32ui/sub.S	byte-identical	86726c2e509abe5f797ffb5fc99b2c48046a47548552870d0b23e381a1e9a553
26e138fdc0bfc8426704b397141d563cf4d580a2	vendor/wr-cores/ip_cores/urv-core/sw/testsuite/isa/rv32ui/sw.S	fbf76cc260dbbaad4cdbb413a663e91b63a91d70	vendor/wr-cores/ip_cores/urv-core/sw/testsuite/isa/rv32ui/sw.S	byte-identical	e132a0f4a22d57c7c2dc367ff1a304803282ee735c2be1dd24b94d1359c2051f
26e138fdc0bfc8426704b397141d563cf4d580a2	vendor/wr-cores/ip_cores/urv-core/sw/testsuite/isa/rv32ui/urv-mul-mulh.S	6fd18e7337f6c1c7d17a63350d6436adf88712f3	vendor/wr-cores/ip_cores/urv-core/sw/testsuite/isa/rv32ui/urv-mul-mulh.S	byte-identical	5ec23f8d022c0217ac037bad561d925935b15545e3c0bdfd533b0f5ff6f13c93
26e138fdc0bfc8426704b397141d563cf4d580a2	vendor/wr-cores/ip_cores/urv-core/sw/testsuite/isa/rv32ui/xor.S	72875fef12dd2dccf519122cc7d6985f4422d0b2	vendor/wr-cores/ip_cores/urv-core/sw/testsuite/isa/rv32ui/xor.S	byte-identical	eef558f2efeca28f3b74df2318d631867eb59748dc81c7aa8b7f447b003d5b6b
26e138fdc0bfc8426704b397141d563cf4d580a2	vendor/wr-cores/ip_cores/urv-core/sw/testsuite/isa/rv32ui/xori.S	7f2207c8b2cce2d812e6e3d2d4329ce279cf3697	vendor/wr-cores/ip_cores/urv-core/sw/testsuite/isa/rv32ui/xori.S	byte-identical	c88b8463c1fa94c9c5144292ed5087dcc588e2b6d6ca37c63a6afb2745a83f9b
26e138fdc0bfc8426704b397141d563cf4d580a2	vendor/wr-cores/ip_cores/urv-core/sw/testsuite/isa/rv64mi/Makefrag	b8b1da014f3e0e1ce4f1a8f72d9460b422589f5f	vendor/wr-cores/ip_cores/urv-core/sw/testsuite/isa/rv64mi/Makefrag	byte-identical	13af9b4e6b8b0581f4bc428814e50f0bd3b2cf964e2ec64b35a246c4d8e313bf
26e138fdc0bfc8426704b397141d563cf4d580a2	vendor/wr-cores/ip_cores/urv-core/sw/testsuite/isa/rv64mi/csr.S	77e7619ec9af1e56ec29ba4c265a1e7f3e673587	vendor/wr-cores/ip_cores/urv-core/sw/testsuite/isa/rv64mi/csr.S	byte-identical	e5badc9973fc0219c37872dcb7323931045d2e1b0ac0e00c0f31aa860f67ad8c
26e138fdc0bfc8426704b397141d563cf4d580a2	vendor/wr-cores/ip_cores/urv-core/sw/testsuite/isa/rv64mi/dirty.S	2be4921000a51578ac19fbcd584e7f691534bd55	vendor/wr-cores/ip_cores/urv-core/sw/testsuite/isa/rv64mi/dirty.S	byte-identical	0447138211c33cdb36b91405b4373fca5840fb928a4bf44a5971c31458607103
26e138fdc0bfc8426704b397141d563cf4d580a2	vendor/wr-cores/ip_cores/urv-core/sw/testsuite/isa/rv64mi/illegal.S	c5ccffde2b392885062d339a0835b7baf8f8baa4	vendor/wr-cores/ip_cores/urv-core/sw/testsuite/isa/rv64mi/illegal.S	byte-identical	1e6db45b06f0c7c7c479e4ea08fda07c44d665709f44c64b1d612de6d758ba1b
26e138fdc0bfc8426704b397141d563cf4d580a2	vendor/wr-cores/ip_cores/urv-core/sw/testsuite/isa/rv64mi/ipi.S	457a9cda5c924e4e00efe2131f9d84f945c3adfd	vendor/wr-cores/ip_cores/urv-core/sw/testsuite/isa/rv64mi/ipi.S	byte-identical	41184acfb991441a2d2ec9a0ab375d6f8bd5868a3d0c6f38b8fea9827a684bfe
26e138fdc0bfc8426704b397141d563cf4d580a2	vendor/wr-cores/ip_cores/urv-core/sw/testsuite/isa/rv64mi/ma_addr.S	0448736ff238afc7b1698f50576c3fc69cb9a263	vendor/wr-cores/ip_cores/urv-core/sw/testsuite/isa/rv64mi/ma_addr.S	byte-identical	1ba4223f751ea529b33b84ea4e776492a22997c37d4ad464dfea5e44997bc730
26e138fdc0bfc8426704b397141d563cf4d580a2	vendor/wr-cores/ip_cores/urv-core/sw/testsuite/isa/rv64mi/ma_fetch.S	cfcb90c966b70954cbb5d6cee393e15f4d4e644e	vendor/wr-cores/ip_cores/urv-core/sw/testsuite/isa/rv64mi/ma_fetch.S	byte-identical	3cbae2f39b38853b391a2d297d686716e28f0e52939930f6aafb33819ff5d3b5
26e138fdc0bfc8426704b397141d563cf4d580a2	vendor/wr-cores/ip_cores/urv-core/sw/testsuite/isa/rv64mi/mcsr.S	c1e2cd3402946630dd3dcbe5c2d6f196e6678a72	vendor/wr-cores/ip_cores/urv-core/sw/testsuite/isa/rv64mi/mcsr.S	byte-identical	790ba492bf330e51a9ff823c5eae29a11113c9daba4e4b517d4604df9497f6a3
26e138fdc0bfc8426704b397141d563cf4d580a2	vendor/wr-cores/ip_cores/urv-core/sw/testsuite/isa/rv64mi/sbreak.S	f36a9f83d16e6ef2745e86c91f574ef99bf1f297	vendor/wr-cores/ip_cores/urv-core/sw/testsuite/isa/rv64mi/sbreak.S	byte-identical	8e9e30f23d5d510e6df5224196eba96be38d4b022d2dbb7db646eb189aa4b5ac
26e138fdc0bfc8426704b397141d563cf4d580a2	vendor/wr-cores/ip_cores/urv-core/sw/testsuite/isa/rv64mi/scall.S	22e9eb55ddf62de9915f626716ed6415e20297e0	vendor/wr-cores/ip_cores/urv-core/sw/testsuite/isa/rv64mi/scall.S	byte-identical	8eb61c8fd195f74d9d2ff1e29b76dec939e99b6f89ff8458f5bee58fec250f8c
26e138fdc0bfc8426704b397141d563cf4d580a2	vendor/wr-cores/ip_cores/urv-core/sw/testsuite/isa/rv64mi/timer.S	f3350fc6ae51c696bd8edff528835689bc47384a	vendor/wr-cores/ip_cores/urv-core/sw/testsuite/isa/rv64mi/timer.S	byte-identical	166cdfa1074e16f7c41c59d942ec02980914fddd367143e787678066bb1a29a1
26e138fdc0bfc8426704b397141d563cf4d580a2	vendor/wr-cores/ip_cores/urv-core/sw/testsuite/isa/rv64mi/wfi.S	bfb130e24d422f09e3e573491a90a0902c43915e	vendor/wr-cores/ip_cores/urv-core/sw/testsuite/isa/rv64mi/wfi.S	byte-identical	ab9ba4e837c420a1caee24d3ab7db80c5054e0cdea3bc0156a454072b2bd78af
26e138fdc0bfc8426704b397141d563cf4d580a2	vendor/wr-cores/ip_cores/urv-core/sw/testsuite/isa/rv64si/Makefrag	9c5db64fdc50b02e84ff84fa33de035acbad4846	vendor/wr-cores/ip_cores/urv-core/sw/testsuite/isa/rv64si/Makefrag	byte-identical	46419101a470b7bf3ba5c3604e7bfc9f6608495fdb024bb74a6d7e2be25c5035
26e138fdc0bfc8426704b397141d563cf4d580a2	vendor/wr-cores/ip_cores/urv-core/sw/testsuite/isa/rv64si/csr.S	2e3daaab32890245cc35f2f5b29dcf58a2d5539a	vendor/wr-cores/ip_cores/urv-core/sw/testsuite/isa/rv64si/csr.S	byte-identical	fc597904e5c6e3846c6fe926b326cffc6819c0cb5ba4b45bd7168ba4e5080ae5
26e138fdc0bfc8426704b397141d563cf4d580a2	vendor/wr-cores/ip_cores/urv-core/sw/testsuite/isa/rv64si/illegal.S	43068b4647458cbc10e003784a158a5bd1b03a59	vendor/wr-cores/ip_cores/urv-core/sw/testsuite/isa/rv64si/illegal.S	byte-identical	bb464e557421ae9b73b5e0dfb8005c0cfd135663a21e0843db2bb0ef271d536c
26e138fdc0bfc8426704b397141d563cf4d580a2	vendor/wr-cores/ip_cores/urv-core/sw/testsuite/isa/rv64si/ma_addr.S	525e0289518d23c3435f4ebc008d5fb0fead3529	vendor/wr-cores/ip_cores/urv-core/sw/testsuite/isa/rv64si/ma_addr.S	byte-identical	c6c1a28b355f2a92860c79db31a5188b9ad6f4894256a0bc21ad5aec0484f287
26e138fdc0bfc8426704b397141d563cf4d580a2	vendor/wr-cores/ip_cores/urv-core/sw/testsuite/isa/rv64si/ma_fetch.S	272a9eba7d2b596e3ad782349a570dd20cd004b8	vendor/wr-cores/ip_cores/urv-core/sw/testsuite/isa/rv64si/ma_fetch.S	byte-identical	364999d0372dadf9ad90acbfc8acde9c536d3ee48a7dd8fc7d52ad0233d5b4b6
26e138fdc0bfc8426704b397141d563cf4d580a2	vendor/wr-cores/ip_cores/urv-core/sw/testsuite/isa/rv64si/sbreak.S	bf38434115b57ff7d0f5d1c6b5f12c3b3d0a0dce	vendor/wr-cores/ip_cores/urv-core/sw/testsuite/isa/rv64si/sbreak.S	byte-identical	e0435b68a8d1b1fc3a41c1b85716c7a8f18097e3bcd445389c34f6923bfea210
26e138fdc0bfc8426704b397141d563cf4d580a2	vendor/wr-cores/ip_cores/urv-core/sw/testsuite/isa/rv64si/scall.S	935b2dd542c2b5c4525944b48ba05907118cdb9b	vendor/wr-cores/ip_cores/urv-core/sw/testsuite/isa/rv64si/scall.S	byte-identical	177a13c5461b095345dd472582c216ad527e7430e2dc20b2f3ea5385946ac9a8
26e138fdc0bfc8426704b397141d563cf4d580a2	vendor/wr-cores/ip_cores/urv-core/sw/testsuite/isa/rv64si/wfi.S	956121a0485ee85f35089a8879a4b86bedf16daf	vendor/wr-cores/ip_cores/urv-core/sw/testsuite/isa/rv64si/wfi.S	byte-identical	8c6a7e436772e384dfab49c0d908c0758d0bef30ffdb72a3e34318958ec6d1dd
26e138fdc0bfc8426704b397141d563cf4d580a2	vendor/wr-cores/ip_cores/urv-core/sw/testsuite/isa/rv64sv/Makefrag	9a2746c4ec32d308900b63748cf4227e572d4a59	vendor/wr-cores/ip_cores/urv-core/sw/testsuite/isa/rv64sv/Makefrag	byte-identical	1f5ff08f2d1fdb577b29ba1da95abb5f21370bb5f2787fc37c3ccf68cfa19043
26e138fdc0bfc8426704b397141d563cf4d580a2	vendor/wr-cores/ip_cores/urv-core/sw/testsuite/isa/rv64sv/illegal_cfg_nfpr.S	be114cc70b138513cb4981be4c3d28538811090c	vendor/wr-cores/ip_cores/urv-core/sw/testsuite/isa/rv64sv/illegal_cfg_nfpr.S	byte-identical	36e706cab899973111905c320d8c5646bcc54f6956cc3a8abcde5cbafd26cb5b
26e138fdc0bfc8426704b397141d563cf4d580a2	vendor/wr-cores/ip_cores/urv-core/sw/testsuite/isa/rv64sv/illegal_cfg_nxpr.S	51cc84ad11e8f6b7249c7cfa2af8646da1aa3473	vendor/wr-cores/ip_cores/urv-core/sw/testsuite/isa/rv64sv/illegal_cfg_nxpr.S	byte-identical	c610136e78fdd4d7e3e75dea7fe2ae3c3c4271b1d7bbcffbb26b41384495be05
26e138fdc0bfc8426704b397141d563cf4d580a2	vendor/wr-cores/ip_cores/urv-core/sw/testsuite/isa/rv64sv/illegal_inst.S	7e653d1f077904271e76967ba4e67d79a3f2e99d	vendor/wr-cores/ip_cores/urv-core/sw/testsuite/isa/rv64sv/illegal_inst.S	byte-identical	a98026406d586633faacb69bef545b3e1dd24e4f5872cfbbda86da30ad7383a7
26e138fdc0bfc8426704b397141d563cf4d580a2	vendor/wr-cores/ip_cores/urv-core/sw/testsuite/isa/rv64sv/illegal_tvec_regid.S	30403baaf88c175ede1c209221e3eb4ea7885caa	vendor/wr-cores/ip_cores/urv-core/sw/testsuite/isa/rv64sv/illegal_tvec_regid.S	byte-identical	d9999311804652a9d044cd48a4270424cd5791fc1234facc7e98df0533bdfa41
26e138fdc0bfc8426704b397141d563cf4d580a2	vendor/wr-cores/ip_cores/urv-core/sw/testsuite/isa/rv64sv/illegal_vt_inst.S	080cd2f6b943943e27a50ee4c4a46609f33c7117	vendor/wr-cores/ip_cores/urv-core/sw/testsuite/isa/rv64sv/illegal_vt_inst.S	byte-identical	3099ca5280b71266a1fef0d366069041a1075305e9a290b45ac2078cd0c6ceb9
26e138fdc0bfc8426704b397141d563cf4d580a2	vendor/wr-cores/ip_cores/urv-core/sw/testsuite/isa/rv64sv/illegal_vt_regid.S	e74b614d5f345cc3ad96ca6bf89066b14cee8e63	vendor/wr-cores/ip_cores/urv-core/sw/testsuite/isa/rv64sv/illegal_vt_regid.S	byte-identical	7da7e673ccd7046773925421d49c71c4de3f92bd6ac48dad3cfa41d3bd3b78f0
26e138fdc0bfc8426704b397141d563cf4d580a2	vendor/wr-cores/ip_cores/urv-core/sw/testsuite/isa/rv64sv/ma_utld.S	5ea6ee6d52a92ced7b34d05fde2d4763cdc4b732	vendor/wr-cores/ip_cores/urv-core/sw/testsuite/isa/rv64sv/ma_utld.S	byte-identical	0524ee9295f4df5c5dbd2a5693a93741045adf043253e86f401b80e6c83a7415
26e138fdc0bfc8426704b397141d563cf4d580a2	vendor/wr-cores/ip_cores/urv-core/sw/testsuite/isa/rv64sv/ma_utsd.S	47df11bcbbce84029900b054b5fdccf104c24427	vendor/wr-cores/ip_cores/urv-core/sw/testsuite/isa/rv64sv/ma_utsd.S	byte-identical	a22bf15cd8c1a6a9f3a6751b832fb0305ceba14b3d33306117af2fa8aaacf606
26e138fdc0bfc8426704b397141d563cf4d580a2	vendor/wr-cores/ip_cores/urv-core/sw/testsuite/isa/rv64sv/ma_vld.S	2cdc2d43dcafb1eee5b5eb98ac7f61cfc5d6156e	vendor/wr-cores/ip_cores/urv-core/sw/testsuite/isa/rv64sv/ma_vld.S	byte-identical	a4a4a470b92ca91c8113810387e2dddf5282e4a842aec3955cd3fca303f9a03f
26e138fdc0bfc8426704b397141d563cf4d580a2	vendor/wr-cores/ip_cores/urv-core/sw/testsuite/isa/rv64sv/ma_vsd.S	e113f99c9f09c003d88d6b361946c6a038db4e03	vendor/wr-cores/ip_cores/urv-core/sw/testsuite/isa/rv64sv/ma_vsd.S	byte-identical	be02db070ea78fa4189d3b6df987e4ce38a1f55905dd2492a18b6ef227481647
26e138fdc0bfc8426704b397141d563cf4d580a2	vendor/wr-cores/ip_cores/urv-core/sw/testsuite/isa/rv64sv/ma_vt_inst.S	a2579425e0abf020104a7200d29cc574aca28377	vendor/wr-cores/ip_cores/urv-core/sw/testsuite/isa/rv64sv/ma_vt_inst.S	byte-identical	85fee5dda1864b972673c96ae3edacba347dc8c9713693f85287275cd6a053da
26e138fdc0bfc8426704b397141d563cf4d580a2	vendor/wr-cores/ip_cores/urv-core/sw/testsuite/isa/rv64sv/privileged_inst.S	e59d361fd4562410d2288f7d05248d8a915e9984	vendor/wr-cores/ip_cores/urv-core/sw/testsuite/isa/rv64sv/privileged_inst.S	byte-identical	2850e44671bc25b287954baebf0d13ca9094d92671e6111b1c3813bfae3dfcd0
26e138fdc0bfc8426704b397141d563cf4d580a2	vendor/wr-cores/ip_cores/urv-core/sw/testsuite/isa/rv64uf/Makefrag	c29d4f4f9bd1965e195d43b00d94dca866672ab3	vendor/wr-cores/ip_cores/urv-core/sw/testsuite/isa/rv64uf/Makefrag	byte-identical	10502b86d17bc5044d5b12309c3b87ef0a46c7e6a898dd1dea9e9b6f14594533
26e138fdc0bfc8426704b397141d563cf4d580a2	vendor/wr-cores/ip_cores/urv-core/sw/testsuite/isa/rv64uf/fadd.S	8107cfaeb149bffe3fe119435a42882867efc12f	vendor/wr-cores/ip_cores/urv-core/sw/testsuite/isa/rv64uf/fadd.S	byte-identical	1da3ff377498c0d17f0b524f0211cbd472a0ef9d1fedad76e06049fa9ea1c01c
26e138fdc0bfc8426704b397141d563cf4d580a2	vendor/wr-cores/ip_cores/urv-core/sw/testsuite/isa/rv64uf/fclass.S	bcebbf8fadd8e0b68771c6bd002798b4f41ac76a	vendor/wr-cores/ip_cores/urv-core/sw/testsuite/isa/rv64uf/fclass.S	byte-identical	4dda54b60e25cc3721801838deb61f802b409d7e88643239488ecf2b0434efae
26e138fdc0bfc8426704b397141d563cf4d580a2	vendor/wr-cores/ip_cores/urv-core/sw/testsuite/isa/rv64uf/fcmp.S	252ad29a55987def046ba65794a8bb198cf0b2ed	vendor/wr-cores/ip_cores/urv-core/sw/testsuite/isa/rv64uf/fcmp.S	byte-identical	5559beb07adad9855fd6fa41670b6c3502f16fea49456c9bcea63ae04831885e
26e138fdc0bfc8426704b397141d563cf4d580a2	vendor/wr-cores/ip_cores/urv-core/sw/testsuite/isa/rv64uf/fcvt.S	bc0f75ce412a6699b9b0f6076e7f3478a4b85c82	vendor/wr-cores/ip_cores/urv-core/sw/testsuite/isa/rv64uf/fcvt.S	byte-identical	91eac2ebd9cc0c3a445cb859afb328ec14da3539777b953c7729f5d4b6134e8b
26e138fdc0bfc8426704b397141d563cf4d580a2	vendor/wr-cores/ip_cores/urv-core/sw/testsuite/isa/rv64uf/fcvt_w.S	7382188dbbf6170fcc030be49d43cdc497279c1c	vendor/wr-cores/ip_cores/urv-core/sw/testsuite/isa/rv64uf/fcvt_w.S	byte-identical	8cb9b7f8b155f13f2fcf34233a23c604291e031908f01d941ac5c09a9fa5c3e3
26e138fdc0bfc8426704b397141d563cf4d580a2	vendor/wr-cores/ip_cores/urv-core/sw/testsuite/isa/rv64uf/fdiv.S	b445663f6c928be6ed6b48926e2b9f7245114352	vendor/wr-cores/ip_cores/urv-core/sw/testsuite/isa/rv64uf/fdiv.S	byte-identical	5ced199db2e4a68a7cd0e11081982674f885362a8b0cabe03c8a31e0ff1e2cd7
26e138fdc0bfc8426704b397141d563cf4d580a2	vendor/wr-cores/ip_cores/urv-core/sw/testsuite/isa/rv64uf/fmadd.S	62ea102ee15c7975854f853774e50231ec0fa4f4	vendor/wr-cores/ip_cores/urv-core/sw/testsuite/isa/rv64uf/fmadd.S	byte-identical	36daae6ab214eeee183957818206cce83c623e9cbe0e9724da7cbe378e910bfd
26e138fdc0bfc8426704b397141d563cf4d580a2	vendor/wr-cores/ip_cores/urv-core/sw/testsuite/isa/rv64uf/fmin.S	56a6e7b39eed2affdcb5f26c9007bd4f3f98fa3a	vendor/wr-cores/ip_cores/urv-core/sw/testsuite/isa/rv64uf/fmin.S	byte-identical	0146f2d0441138f2b76b2cf0c12f07d80aefe589577b4a564c46627748ca40de
26e138fdc0bfc8426704b397141d563cf4d580a2	vendor/wr-cores/ip_cores/urv-core/sw/testsuite/isa/rv64uf/fsgnj.S	68d5ee6ab1c28a4f39a23d2f2eddbdfeb0d749d6	vendor/wr-cores/ip_cores/urv-core/sw/testsuite/isa/rv64uf/fsgnj.S	byte-identical	e6f4317c0de3a1cda9cf5c4c5e55a465b83f2acc5f6cb7d991712eb2fb08fa79
26e138fdc0bfc8426704b397141d563cf4d580a2	vendor/wr-cores/ip_cores/urv-core/sw/testsuite/isa/rv64uf/ldst.S	63123f25d9c33627619886f6ad58166462390fa8	vendor/wr-cores/ip_cores/urv-core/sw/testsuite/isa/rv64uf/ldst.S	byte-identical	e282a936d3e1c871323a2a6fc7d2bf4941f57b6f224fbe8ef415f7058ca7e610
26e138fdc0bfc8426704b397141d563cf4d580a2	vendor/wr-cores/ip_cores/urv-core/sw/testsuite/isa/rv64uf/move.S	53b8cf3e3b98f1f2d0d049212fdeef151919f007	vendor/wr-cores/ip_cores/urv-core/sw/testsuite/isa/rv64uf/move.S	byte-identical	9aa23c1ad14fbbf72ece73f2be1c220e34ee6df3485087dc9219f0467591cd6f
26e138fdc0bfc8426704b397141d563cf4d580a2	vendor/wr-cores/ip_cores/urv-core/sw/testsuite/isa/rv64uf/structural.S	76c66912b74f4c7b76c4accee1c90b1a4d48cc5d	vendor/wr-cores/ip_cores/urv-core/sw/testsuite/isa/rv64uf/structural.S	byte-identical	7a73a1d8b0335734ba3f72dfc0eb1bb5c525bce1eaab37b0162a25a15bc49ed7
26e138fdc0bfc8426704b397141d563cf4d580a2	vendor/wr-cores/ip_cores/urv-core/sw/testsuite/isa/rv64ui/Makefrag	53f9a7f23989c35b0208a2440b04164622c972a8	vendor/wr-cores/ip_cores/urv-core/sw/testsuite/isa/rv64ui/Makefrag	byte-identical	c51a40c47c5eadd816b10cbd3725776560e8c11b88be6a76c6e961807818a0d9
26e138fdc0bfc8426704b397141d563cf4d580a2	vendor/wr-cores/ip_cores/urv-core/sw/testsuite/isa/rv64ui/add.S	0696428f70448b9a31e6fd2fde9100f1189024bd	vendor/wr-cores/ip_cores/urv-core/sw/testsuite/isa/rv64ui/add.S	byte-identical	6001d0b44d83ea5d1ace0f90b01784206fc64ed6ac49435bf8770e9d37456810
26e138fdc0bfc8426704b397141d563cf4d580a2	vendor/wr-cores/ip_cores/urv-core/sw/testsuite/isa/rv64ui/addi.S	e6b67caefd936c1d8602c998f683ae774673d298	vendor/wr-cores/ip_cores/urv-core/sw/testsuite/isa/rv64ui/addi.S	byte-identical	db79a0ab0954a70d1ffddd1f8364613467131f49c660f0331c9ce52fc304f898
26e138fdc0bfc8426704b397141d563cf4d580a2	vendor/wr-cores/ip_cores/urv-core/sw/testsuite/isa/rv64ui/addiw.S	c0f9a61cd8d8cbb153f5e4efe3c2128b6f403d29	vendor/wr-cores/ip_cores/urv-core/sw/testsuite/isa/rv64ui/addiw.S	byte-identical	0502a022fb5c4ad616d5b04864f3227a453296400b439ad723caba0ad7bdd6bb
26e138fdc0bfc8426704b397141d563cf4d580a2	vendor/wr-cores/ip_cores/urv-core/sw/testsuite/isa/rv64ui/addw.S	ad7fe0b79968f878f2d8b3be69ae83183a8dfdad	vendor/wr-cores/ip_cores/urv-core/sw/testsuite/isa/rv64ui/addw.S	byte-identical	bb36f1acece36de0963d6ed8cf6246e5d3ebcf6cc18a0bd029d7beb80fa9261a
26e138fdc0bfc8426704b397141d563cf4d580a2	vendor/wr-cores/ip_cores/urv-core/sw/testsuite/isa/rv64ui/amoadd_d.S	c356beda9873e247065d06acc7e2852fbb8962cb	vendor/wr-cores/ip_cores/urv-core/sw/testsuite/isa/rv64ui/amoadd_d.S	byte-identical	f5e1f5cf0a1e82297f0649ed322502209918c89e9dea995428a20d3444d14bca
26e138fdc0bfc8426704b397141d563cf4d580a2	vendor/wr-cores/ip_cores/urv-core/sw/testsuite/isa/rv64ui/amoadd_w.S	b3d1953fb325d13211a2331da05489624ea99e39	vendor/wr-cores/ip_cores/urv-core/sw/testsuite/isa/rv64ui/amoadd_w.S	byte-identical	39ef11f2cdf5e9fc77894aa432c5604f4dcd29227d43b46dab025423842d2c8c
26e138fdc0bfc8426704b397141d563cf4d580a2	vendor/wr-cores/ip_cores/urv-core/sw/testsuite/isa/rv64ui/amoand_d.S	13019ae64ce9ac4481934a796e95bd96aecb5705	vendor/wr-cores/ip_cores/urv-core/sw/testsuite/isa/rv64ui/amoand_d.S	byte-identical	3b1b37c200f4f8fb3c3f7920a158325c7aec2a731792c9c37d81ea292f12f45f
26e138fdc0bfc8426704b397141d563cf4d580a2	vendor/wr-cores/ip_cores/urv-core/sw/testsuite/isa/rv64ui/amoand_w.S	a843888090d765322cf690326d61e98cde7da2b2	vendor/wr-cores/ip_cores/urv-core/sw/testsuite/isa/rv64ui/amoand_w.S	byte-identical	8ee600a259fd055029160e90a20e56966075be3e015bd736cf0a6c112d3eafc5
26e138fdc0bfc8426704b397141d563cf4d580a2	vendor/wr-cores/ip_cores/urv-core/sw/testsuite/isa/rv64ui/amomax_d.S	ea7e2d3a3f502e910ce33c83ecbe32682eb9b8a0	vendor/wr-cores/ip_cores/urv-core/sw/testsuite/isa/rv64ui/amomax_d.S	byte-identical	6447034631869f12203a1c35af90473b5069f673e17e904339602dc128e7c912
26e138fdc0bfc8426704b397141d563cf4d580a2	vendor/wr-cores/ip_cores/urv-core/sw/testsuite/isa/rv64ui/amomax_w.S	b3adbf0ce01589f870c46b3c2f8c1cc25b6d94f1	vendor/wr-cores/ip_cores/urv-core/sw/testsuite/isa/rv64ui/amomax_w.S	byte-identical	b36e80e8974b5fc98737220759fc6f30fb79486831e26b6b64e4b556f83696ab
26e138fdc0bfc8426704b397141d563cf4d580a2	vendor/wr-cores/ip_cores/urv-core/sw/testsuite/isa/rv64ui/amomaxu_d.S	b340873e7ea547a60dbd60df33b0654e1eccb925	vendor/wr-cores/ip_cores/urv-core/sw/testsuite/isa/rv64ui/amomaxu_d.S	byte-identical	bcb50b123e8a7f074afbe291110f7f661239f4467b2e5b6f54be88f26543fb5a
26e138fdc0bfc8426704b397141d563cf4d580a2	vendor/wr-cores/ip_cores/urv-core/sw/testsuite/isa/rv64ui/amomaxu_w.S	41346d1aa7262f29594599f0cd5b847939dbdb8a	vendor/wr-cores/ip_cores/urv-core/sw/testsuite/isa/rv64ui/amomaxu_w.S	byte-identical	161a976115ce3c948ceac59fa0ff357360ec1749aeb578d5093f5e385da6178e
26e138fdc0bfc8426704b397141d563cf4d580a2	vendor/wr-cores/ip_cores/urv-core/sw/testsuite/isa/rv64ui/amomin_d.S	e6febbb549838b1f41bb8cb4a0cafcaeffdda5be	vendor/wr-cores/ip_cores/urv-core/sw/testsuite/isa/rv64ui/amomin_d.S	byte-identical	84e48f42d994cec2c3e3b0ce03e8b783a9dadd041d1a8373e1c1671d8f44c522
26e138fdc0bfc8426704b397141d563cf4d580a2	vendor/wr-cores/ip_cores/urv-core/sw/testsuite/isa/rv64ui/amomin_w.S	96b547bde3599932f9bb5fd78d7894fad0cdf4eb	vendor/wr-cores/ip_cores/urv-core/sw/testsuite/isa/rv64ui/amomin_w.S	byte-identical	116f7a92e7da670ee9f66fa13877e9e67d2b1a696c401d48705c1e561a03d7f4
26e138fdc0bfc8426704b397141d563cf4d580a2	vendor/wr-cores/ip_cores/urv-core/sw/testsuite/isa/rv64ui/amominu_d.S	a1013f3374d0aaace0616141001644898113c9ad	vendor/wr-cores/ip_cores/urv-core/sw/testsuite/isa/rv64ui/amominu_d.S	byte-identical	c15f1accc1817f6f2fcc280e372e209d2332f4281640eef4001ee6ff6d14b520
26e138fdc0bfc8426704b397141d563cf4d580a2	vendor/wr-cores/ip_cores/urv-core/sw/testsuite/isa/rv64ui/amominu_w.S	0a9e265a0de73a92e2d6cfde8393d63a61b9b78e	vendor/wr-cores/ip_cores/urv-core/sw/testsuite/isa/rv64ui/amominu_w.S	byte-identical	69842446a702ed25bc5ec86c0979c5566378d46ed41d469c808dd2db142484f5
26e138fdc0bfc8426704b397141d563cf4d580a2	vendor/wr-cores/ip_cores/urv-core/sw/testsuite/isa/rv64ui/amoor_d.S	507e8777492920c1a961340007d0744d4f1dc490	vendor/wr-cores/ip_cores/urv-core/sw/testsuite/isa/rv64ui/amoor_d.S	byte-identical	fa42660e15651e0738e6a14ce3536519dd406bbf4fe49670b25c1d5ef6d061a4
26e138fdc0bfc8426704b397141d563cf4d580a2	vendor/wr-cores/ip_cores/urv-core/sw/testsuite/isa/rv64ui/amoor_w.S	47978ba4acd128997cbeb9506434df4458ae3ec5	vendor/wr-cores/ip_cores/urv-core/sw/testsuite/isa/rv64ui/amoor_w.S	byte-identical	2083eb5322f531aa985e9e4ccad5017b3f0134b05d99862e7760ce9edaf867e6
26e138fdc0bfc8426704b397141d563cf4d580a2	vendor/wr-cores/ip_cores/urv-core/sw/testsuite/isa/rv64ui/amoswap_d.S	628f53792d3f14214e9ea2fdfba5db97a7c32408	vendor/wr-cores/ip_cores/urv-core/sw/testsuite/isa/rv64ui/amoswap_d.S	byte-identical	3e930ebe71b42172d75b16ab578843985eccbf6603a8a9f25f3300df81852ac5
26e138fdc0bfc8426704b397141d563cf4d580a2	vendor/wr-cores/ip_cores/urv-core/sw/testsuite/isa/rv64ui/amoswap_w.S	c09b8660652637b7e04506cc06872d6b8aa908e9	vendor/wr-cores/ip_cores/urv-core/sw/testsuite/isa/rv64ui/amoswap_w.S	byte-identical	f30da4dc7fbd38153d2c3c06e991424e1ad1295531f4e9b3acba95e5d6f12aa0
26e138fdc0bfc8426704b397141d563cf4d580a2	vendor/wr-cores/ip_cores/urv-core/sw/testsuite/isa/rv64ui/amoxor_d.S	f446121cd406af6a095d5f9685aa91e370d56e7f	vendor/wr-cores/ip_cores/urv-core/sw/testsuite/isa/rv64ui/amoxor_d.S	byte-identical	214782768fcba136aea99c5a23d3a0410d29aab0c2a3b7b166371c3cfc2148f6
26e138fdc0bfc8426704b397141d563cf4d580a2	vendor/wr-cores/ip_cores/urv-core/sw/testsuite/isa/rv64ui/amoxor_w.S	2b923235a66f4c731576d107c238c2c30f9eff1e	vendor/wr-cores/ip_cores/urv-core/sw/testsuite/isa/rv64ui/amoxor_w.S	byte-identical	e4fae9b894e73f10b5ffe5f954e6290d6a9677d7afc0bcc9fa37486b527ada8c
26e138fdc0bfc8426704b397141d563cf4d580a2	vendor/wr-cores/ip_cores/urv-core/sw/testsuite/isa/rv64ui/and.S	3f6379018e760f652ce706cef79553878c72ead1	vendor/wr-cores/ip_cores/urv-core/sw/testsuite/isa/rv64ui/and.S	byte-identical	1da5c1932e0b84b8dc6c753c17ec3b71524f64cb3fca83e4e595ecc042e2b66f
26e138fdc0bfc8426704b397141d563cf4d580a2	vendor/wr-cores/ip_cores/urv-core/sw/testsuite/isa/rv64ui/andi.S	913af9d4df2017f9d2201849ea9f67397fac29b7	vendor/wr-cores/ip_cores/urv-core/sw/testsuite/isa/rv64ui/andi.S	byte-identical	e1ae979e2c2a7781b1c807af100e249cfdaf65315249da111c6cede8c2bab833
26e138fdc0bfc8426704b397141d563cf4d580a2	vendor/wr-cores/ip_cores/urv-core/sw/testsuite/isa/rv64ui/auipc.S	6fe596243dfde6d7f47b912b21c09f768968f83f	vendor/wr-cores/ip_cores/urv-core/sw/testsuite/isa/rv64ui/auipc.S	byte-identical	4e98030649a70763991223f8e753e0415a9ef28c6cc0de2d5238caa7c9bcb5ab
26e138fdc0bfc8426704b397141d563cf4d580a2	vendor/wr-cores/ip_cores/urv-core/sw/testsuite/isa/rv64ui/beq.S	436db8c2f376fce9f5f0a1adb996ec0007774b10	vendor/wr-cores/ip_cores/urv-core/sw/testsuite/isa/rv64ui/beq.S	byte-identical	64bad150282bb6f134c6eb9fe6f6b7052fb43857e56051f2c7bf092d8d9baa24
26e138fdc0bfc8426704b397141d563cf4d580a2	vendor/wr-cores/ip_cores/urv-core/sw/testsuite/isa/rv64ui/bge.S	04aebbcb45463fc804bed280ca53a6e10bdd1a55	vendor/wr-cores/ip_cores/urv-core/sw/testsuite/isa/rv64ui/bge.S	byte-identical	62caa4f21080ad168def7258cb60bc651037d190f3577e5e90dc237ee2b8e957
26e138fdc0bfc8426704b397141d563cf4d580a2	vendor/wr-cores/ip_cores/urv-core/sw/testsuite/isa/rv64ui/bgeu.S	36b6b3acfbb4758c395a3fa6e8651c99c3d16421	vendor/wr-cores/ip_cores/urv-core/sw/testsuite/isa/rv64ui/bgeu.S	byte-identical	a885a08978678959f42637080ee7de2bf8d602fae14c4f402b06a9fa995ec011
26e138fdc0bfc8426704b397141d563cf4d580a2	vendor/wr-cores/ip_cores/urv-core/sw/testsuite/isa/rv64ui/blt.S	1c0ca6910f2c5f0fabc5fce270dd6ec4a51585e0	vendor/wr-cores/ip_cores/urv-core/sw/testsuite/isa/rv64ui/blt.S	byte-identical	1ae14d66aa3ff4efaae9f82527eec4e576be1ca2157848b62cbcbec4297bedab
26e138fdc0bfc8426704b397141d563cf4d580a2	vendor/wr-cores/ip_cores/urv-core/sw/testsuite/isa/rv64ui/bltu.S	4e880d66a1ddf28ff01c0f31907e8f9717fcf2a4	vendor/wr-cores/ip_cores/urv-core/sw/testsuite/isa/rv64ui/bltu.S	byte-identical	99d86e9c755feed9257fa117d59659f4fd544157d94a92efbe7e8118458a8863
26e138fdc0bfc8426704b397141d563cf4d580a2	vendor/wr-cores/ip_cores/urv-core/sw/testsuite/isa/rv64ui/bne.S	3ca4e6c67b22aea0356ae140d3f15d18f6e18924	vendor/wr-cores/ip_cores/urv-core/sw/testsuite/isa/rv64ui/bne.S	byte-identical	fea60636e3262706b77c60178562091fe0955b621aa83c4929d79a9498a3b390
26e138fdc0bfc8426704b397141d563cf4d580a2	vendor/wr-cores/ip_cores/urv-core/sw/testsuite/isa/rv64ui/div.S	ee21f0c97633fa783f5ae6f8d1d0ba85e3b19430	vendor/wr-cores/ip_cores/urv-core/sw/testsuite/isa/rv64ui/div.S	byte-identical	27b347a7a23e4f9a46fde50a747648c381203b8d6b96560c7e73d873604de90c
26e138fdc0bfc8426704b397141d563cf4d580a2	vendor/wr-cores/ip_cores/urv-core/sw/testsuite/isa/rv64ui/divu.S	e63fd65bfe8c51b0dbfdfa3ae0ca992bd9a50326	vendor/wr-cores/ip_cores/urv-core/sw/testsuite/isa/rv64ui/divu.S	byte-identical	d5c29cc5441d8169f73332f545bd41b47bb1fa8c62c584a7aa988d6e6edf520b
26e138fdc0bfc8426704b397141d563cf4d580a2	vendor/wr-cores/ip_cores/urv-core/sw/testsuite/isa/rv64ui/divuw.S	4c9eee70b6098cf78f755ea5fad234a49c5cbee5	vendor/wr-cores/ip_cores/urv-core/sw/testsuite/isa/rv64ui/divuw.S	byte-identical	b2d0236a6a60730340299671d26cae503fd2d4a37cd02440109104ff105f6fa5
26e138fdc0bfc8426704b397141d563cf4d580a2	vendor/wr-cores/ip_cores/urv-core/sw/testsuite/isa/rv64ui/divw.S	4cffa1aa3bf7235420f1bcd2f7654403caa15fc3	vendor/wr-cores/ip_cores/urv-core/sw/testsuite/isa/rv64ui/divw.S	byte-identical	27bda7b13fcd890366ff8547fce869fb38c45143781e016d6863c5049e4d22e4
26e138fdc0bfc8426704b397141d563cf4d580a2	vendor/wr-cores/ip_cores/urv-core/sw/testsuite/isa/rv64ui/example.S	6c45fbd522af8c735334e595df5e61898cfb9a4b	vendor/wr-cores/ip_cores/urv-core/sw/testsuite/isa/rv64ui/example.S	byte-identical	52e2f9515a604acd2b1b5e72cd776bf13b9af4a00b2b6f1280baf60d22eee404
26e138fdc0bfc8426704b397141d563cf4d580a2	vendor/wr-cores/ip_cores/urv-core/sw/testsuite/isa/rv64ui/fence_i.S	2c51c9cc9f2763c3821a9087f1f97e192c319075	vendor/wr-cores/ip_cores/urv-core/sw/testsuite/isa/rv64ui/fence_i.S	byte-identical	8ebdcbc988fe34ce8b8fa3f13d2ec7cf766df43254afbc3f2c4f60071e66531f
26e138fdc0bfc8426704b397141d563cf4d580a2	vendor/wr-cores/ip_cores/urv-core/sw/testsuite/isa/rv64ui/j.S	a7e3fe68a9e791f75f3adf6eb18f10c65288aba9	vendor/wr-cores/ip_cores/urv-core/sw/testsuite/isa/rv64ui/j.S	byte-identical	7ff339e05731ca564ac69eab5af37b81b07245a0decbce7f8a5913697ccc51f5
26e138fdc0bfc8426704b397141d563cf4d580a2	vendor/wr-cores/ip_cores/urv-core/sw/testsuite/isa/rv64ui/jal.S	90d06e92b13ed15bd9e20e30597b124e26385cfe	vendor/wr-cores/ip_cores/urv-core/sw/testsuite/isa/rv64ui/jal.S	byte-identical	cd73884471e8c0ed7f8433f6c84617c296e28dc6896ee7b814cca709bdfbc5ea
26e138fdc0bfc8426704b397141d563cf4d580a2	vendor/wr-cores/ip_cores/urv-core/sw/testsuite/isa/rv64ui/jalr.S	c821165e05111f88430523e2a799862efe4eeaa1	vendor/wr-cores/ip_cores/urv-core/sw/testsuite/isa/rv64ui/jalr.S	byte-identical	53307ec2af544d68247a8e053b7b8bd79a208ecb63db495376dae7e445d888f2
26e138fdc0bfc8426704b397141d563cf4d580a2	vendor/wr-cores/ip_cores/urv-core/sw/testsuite/isa/rv64ui/lb.S	277b03eeb8ddcbf339821edb8314fc99719b6a07	vendor/wr-cores/ip_cores/urv-core/sw/testsuite/isa/rv64ui/lb.S	byte-identical	d70d994ae7e34586bca83ad067d9de4690c06a30877514ceb165412f04f0d4a2
26e138fdc0bfc8426704b397141d563cf4d580a2	vendor/wr-cores/ip_cores/urv-core/sw/testsuite/isa/rv64ui/lbu.S	5f4c2fea80431d2c510cb3b9cb3bb58049b21640	vendor/wr-cores/ip_cores/urv-core/sw/testsuite/isa/rv64ui/lbu.S	byte-identical	3278f85d1939ac1926b87bd7299d4c07580361876201bf5eab2a155f7d74427c
26e138fdc0bfc8426704b397141d563cf4d580a2	vendor/wr-cores/ip_cores/urv-core/sw/testsuite/isa/rv64ui/ld.S	62fe4e58c705dc1ce6cf8042887d84ac8ca9e27d	vendor/wr-cores/ip_cores/urv-core/sw/testsuite/isa/rv64ui/ld.S	byte-identical	ed697162be9147567f45acb9d142a4dbf61256a0871787d18ae38322a6a1e555
26e138fdc0bfc8426704b397141d563cf4d580a2	vendor/wr-cores/ip_cores/urv-core/sw/testsuite/isa/rv64ui/lh.S	decacdab2eb159368857891ba991ea096967de7c	vendor/wr-cores/ip_cores/urv-core/sw/testsuite/isa/rv64ui/lh.S	byte-identical	dc3a08887ffebac64cb96caa5731d818465e7a47a3b901ca5478f240ce36bef4
26e138fdc0bfc8426704b397141d563cf4d580a2	vendor/wr-cores/ip_cores/urv-core/sw/testsuite/isa/rv64ui/lhu.S	5a55724d4b3389fd25af27734fc119936e009674	vendor/wr-cores/ip_cores/urv-core/sw/testsuite/isa/rv64ui/lhu.S	byte-identical	373f747173ee3a4667a03a64f705d0cfd9b91283971b9475e548ecf8293db42e
26e138fdc0bfc8426704b397141d563cf4d580a2	vendor/wr-cores/ip_cores/urv-core/sw/testsuite/isa/rv64ui/lrsc.S	6c4904efa79846337384db58e89a4349cc5faf33	vendor/wr-cores/ip_cores/urv-core/sw/testsuite/isa/rv64ui/lrsc.S	byte-identical	bc14f4617e4ce020355f5575c56a89bb36c9776d2f40b1b0a5f1317e75b0891a
26e138fdc0bfc8426704b397141d563cf4d580a2	vendor/wr-cores/ip_cores/urv-core/sw/testsuite/isa/rv64ui/lui.S	8a4e70c934ad1b51e1fc9c60daf4fea5f7dc55cc	vendor/wr-cores/ip_cores/urv-core/sw/testsuite/isa/rv64ui/lui.S	byte-identical	f54ad88f665c1605b1f10c16495ba9b7dcb9c97a994f59cc4cc2069b5ec67cbe
26e138fdc0bfc8426704b397141d563cf4d580a2	vendor/wr-cores/ip_cores/urv-core/sw/testsuite/isa/rv64ui/lw.S	02a12c097731d534e3d591b4597a34007e71c696	vendor/wr-cores/ip_cores/urv-core/sw/testsuite/isa/rv64ui/lw.S	byte-identical	b98f875883ff7d9de9d1c33ca3d08af1dd3e4d9ff3eeed13f5c5838ce0cb7bea
26e138fdc0bfc8426704b397141d563cf4d580a2	vendor/wr-cores/ip_cores/urv-core/sw/testsuite/isa/rv64ui/lwu.S	1ca17b141b074d6db377f90d739985935cee1ef8	vendor/wr-cores/ip_cores/urv-core/sw/testsuite/isa/rv64ui/lwu.S	byte-identical	7d51b562da9d38b06976e5a5d29ba78c7662cf18b8dad63959891ec7c7e80e64
26e138fdc0bfc8426704b397141d563cf4d580a2	vendor/wr-cores/ip_cores/urv-core/sw/testsuite/isa/rv64ui/mul.S	c647e973511c513b01e32d26e7ee5fc296534ecf	vendor/wr-cores/ip_cores/urv-core/sw/testsuite/isa/rv64ui/mul.S	byte-identical	55f18ab103932863588a8ec5f11ca3c5b25abc53872d81a21d2032a28f224a92
26e138fdc0bfc8426704b397141d563cf4d580a2	vendor/wr-cores/ip_cores/urv-core/sw/testsuite/isa/rv64ui/mulh.S	1fd12a199f79b1f4a05ab899835c0d7badb66cb8	vendor/wr-cores/ip_cores/urv-core/sw/testsuite/isa/rv64ui/mulh.S	byte-identical	90ef47355319887bf7faa9d031e6ec20edf4985558df9cc30e7462689dc3ef7b
26e138fdc0bfc8426704b397141d563cf4d580a2	vendor/wr-cores/ip_cores/urv-core/sw/testsuite/isa/rv64ui/mulhsu.S	c037db24bbc7bcdac0a2185e97d14b9c1985d5d5	vendor/wr-cores/ip_cores/urv-core/sw/testsuite/isa/rv64ui/mulhsu.S	byte-identical	cb0dc8a9733f279e90c22b25759bdef46f0b6ebc817db71a214515a2e3d50763
26e138fdc0bfc8426704b397141d563cf4d580a2	vendor/wr-cores/ip_cores/urv-core/sw/testsuite/isa/rv64ui/mulhu.S	aa7b7623433a1ee160fd52be3723043d2cf1f21c	vendor/wr-cores/ip_cores/urv-core/sw/testsuite/isa/rv64ui/mulhu.S	byte-identical	81c0291294668985a8099a6edfc31d540ab5530ef1bb93b2fdcdff69bfe336bc
26e138fdc0bfc8426704b397141d563cf4d580a2	vendor/wr-cores/ip_cores/urv-core/sw/testsuite/isa/rv64ui/mulw.S	379c3f2cc0de8c69ac1099b81c6048ecec678d01	vendor/wr-cores/ip_cores/urv-core/sw/testsuite/isa/rv64ui/mulw.S	byte-identical	5ba74f0205d5ad49e9da5689168759f0d889c8e70f8fac63eda0c3b68d1f2665
26e138fdc0bfc8426704b397141d563cf4d580a2	vendor/wr-cores/ip_cores/urv-core/sw/testsuite/isa/rv64ui/or.S	6d84f53da4a5b2de358a38753d020b3d075654df	vendor/wr-cores/ip_cores/urv-core/sw/testsuite/isa/rv64ui/or.S	byte-identical	42a4dd95db718a650745a41ee77aa164ebcb1cfc783b466f16b94ec7725678ef
26e138fdc0bfc8426704b397141d563cf4d580a2	vendor/wr-cores/ip_cores/urv-core/sw/testsuite/isa/rv64ui/ori.S	437c00a103d533a1e9b1969e0b12780793b6f6c0	vendor/wr-cores/ip_cores/urv-core/sw/testsuite/isa/rv64ui/ori.S	byte-identical	8801f21dd9be8c170be6bb38eabbf188941b66267550e174fa874c23a44085c0
26e138fdc0bfc8426704b397141d563cf4d580a2	vendor/wr-cores/ip_cores/urv-core/sw/testsuite/isa/rv64ui/rdnpc.S	e00839ec8f021df9776ecbbeae7c8c1fa9764594	vendor/wr-cores/ip_cores/urv-core/sw/testsuite/isa/rv64ui/rdnpc.S	byte-identical	65bbd320778bc3b53c99ac04d04a486aab8d49afedc85659823c9238d2c1fc65
26e138fdc0bfc8426704b397141d563cf4d580a2	vendor/wr-cores/ip_cores/urv-core/sw/testsuite/isa/rv64ui/rem.S	e3248ffe2d8da0753233b0be48bb1028aa3a6252	vendor/wr-cores/ip_cores/urv-core/sw/testsuite/isa/rv64ui/rem.S	byte-identical	de2de8be6f74ce88505d59938267b937fed235c1a04dffe3cb671884d331aae2
26e138fdc0bfc8426704b397141d563cf4d580a2	vendor/wr-cores/ip_cores/urv-core/sw/testsuite/isa/rv64ui/remu.S	6946d0d99deb644c417c2564c514800007c3c217	vendor/wr-cores/ip_cores/urv-core/sw/testsuite/isa/rv64ui/remu.S	byte-identical	649397570f3dfaaab773ecee2164acab5c39fc308c5c8320131e3d79ab05e994
26e138fdc0bfc8426704b397141d563cf4d580a2	vendor/wr-cores/ip_cores/urv-core/sw/testsuite/isa/rv64ui/remuw.S	334b5c5e078a520b22e39fd8b420e6022515442a	vendor/wr-cores/ip_cores/urv-core/sw/testsuite/isa/rv64ui/remuw.S	byte-identical	cf99595b875b12670eef32396d762ffb6f86002d699bf08598e7c9f31637bd71
26e138fdc0bfc8426704b397141d563cf4d580a2	vendor/wr-cores/ip_cores/urv-core/sw/testsuite/isa/rv64ui/remw.S	3ae8e3d9cdb4a54554e134d6e9153ba991f14843	vendor/wr-cores/ip_cores/urv-core/sw/testsuite/isa/rv64ui/remw.S	byte-identical	b9e8d360d5947d4c65e4491a0d64d4f69e0e5efdd40bfa3edc5a8217e3e94f98
26e138fdc0bfc8426704b397141d563cf4d580a2	vendor/wr-cores/ip_cores/urv-core/sw/testsuite/isa/rv64ui/sb.S	aefeaa0371e9d593814b93237d37dad576fc8189	vendor/wr-cores/ip_cores/urv-core/sw/testsuite/isa/rv64ui/sb.S	byte-identical	716e9665f826790a8ab7c04566a3a68779914db791da165394442085be1b62b3
26e138fdc0bfc8426704b397141d563cf4d580a2	vendor/wr-cores/ip_cores/urv-core/sw/testsuite/isa/rv64ui/sd.S	f9d83b7b46cca717fd4914c3c26a6adf98008f7d	vendor/wr-cores/ip_cores/urv-core/sw/testsuite/isa/rv64ui/sd.S	byte-identical	23524fdd008fa7917962da717ca9e300d57652b11fdad1eac12e172a06456482
26e138fdc0bfc8426704b397141d563cf4d580a2	vendor/wr-cores/ip_cores/urv-core/sw/testsuite/isa/rv64ui/sh.S	773127c1da73a2c442b2607a5355f2581ccc5711	vendor/wr-cores/ip_cores/urv-core/sw/testsuite/isa/rv64ui/sh.S	byte-identical	8d094c93b5c0ea304d22d3d5a6a88cb22c2f4026c5d500c7751ba29d7591184e
26e138fdc0bfc8426704b397141d563cf4d580a2	vendor/wr-cores/ip_cores/urv-core/sw/testsuite/isa/rv64ui/simple.S	6c45fbd522af8c735334e595df5e61898cfb9a4b	vendor/wr-cores/ip_cores/urv-core/sw/testsuite/isa/rv64ui/simple.S	byte-identical	52e2f9515a604acd2b1b5e72cd776bf13b9af4a00b2b6f1280baf60d22eee404
26e138fdc0bfc8426704b397141d563cf4d580a2	vendor/wr-cores/ip_cores/urv-core/sw/testsuite/isa/rv64ui/sll.S	b6c2fb382e98897af0a0c27d2c65c0a490e3529a	vendor/wr-cores/ip_cores/urv-core/sw/testsuite/isa/rv64ui/sll.S	byte-identical	2c3abf83600f957643c380bf5562ea039067053d7964d9f7737c5c7e2f2edc91
26e138fdc0bfc8426704b397141d563cf4d580a2	vendor/wr-cores/ip_cores/urv-core/sw/testsuite/isa/rv64ui/slli.S	fe1be592485f15ac2a019a6befde8106136a0398	vendor/wr-cores/ip_cores/urv-core/sw/testsuite/isa/rv64ui/slli.S	byte-identical	94b282cbfbf24b0d045f249d204253d7c79a201be7e803c4240a9f173c90b109
26e138fdc0bfc8426704b397141d563cf4d580a2	vendor/wr-cores/ip_cores/urv-core/sw/testsuite/isa/rv64ui/slliw.S	7822f0988328c8c64fca799be65f5b7154dc030e	vendor/wr-cores/ip_cores/urv-core/sw/testsuite/isa/rv64ui/slliw.S	byte-identical	26a545b1846212ea0516cff4937a038ecb11f9e22b9bf45f692e3e59ad34d35b
26e138fdc0bfc8426704b397141d563cf4d580a2	vendor/wr-cores/ip_cores/urv-core/sw/testsuite/isa/rv64ui/sllw.S	59770eeea8d137b914dc52b40675e1ecfd351ad1	vendor/wr-cores/ip_cores/urv-core/sw/testsuite/isa/rv64ui/sllw.S	byte-identical	464fa2be198c102f49060992b2d5acda2d8f2d19df27780a266869013e04fe1f
26e138fdc0bfc8426704b397141d563cf4d580a2	vendor/wr-cores/ip_cores/urv-core/sw/testsuite/isa/rv64ui/slt.S	644a51a2463fa6c17536a86e321e78a50153ddca	vendor/wr-cores/ip_cores/urv-core/sw/testsuite/isa/rv64ui/slt.S	byte-identical	dec60fbd843db26163f1b930a953c8ea9dff90ed448069a3ed568ab0085c907c
26e138fdc0bfc8426704b397141d563cf4d580a2	vendor/wr-cores/ip_cores/urv-core/sw/testsuite/isa/rv64ui/slti.S	00a6c14da8cc778b9c4902e03dc240441e5b1cde	vendor/wr-cores/ip_cores/urv-core/sw/testsuite/isa/rv64ui/slti.S	byte-identical	9b1586235bd6496058fa7e51e3cdd5781e846554c289beb5a1dff59b91139b06
26e138fdc0bfc8426704b397141d563cf4d580a2	vendor/wr-cores/ip_cores/urv-core/sw/testsuite/isa/rv64ui/sltiu.S	f6a719b0ae7350f9c313ca65092fe3128065798d	vendor/wr-cores/ip_cores/urv-core/sw/testsuite/isa/rv64ui/sltiu.S	byte-identical	d1de3cec91cc78bb3b8e1952a709f3aa245c46ae1c20af4e2cf47fc4c9fd90f8
26e138fdc0bfc8426704b397141d563cf4d580a2	vendor/wr-cores/ip_cores/urv-core/sw/testsuite/isa/rv64ui/sltu.S	52ff685e6ec50441284cfbce618e303da2c56aaa	vendor/wr-cores/ip_cores/urv-core/sw/testsuite/isa/rv64ui/sltu.S	byte-identical	66149954dbdda6d7682d69ab3089cbc70a0cd42fc71c360de26c4cf5db2e5374
26e138fdc0bfc8426704b397141d563cf4d580a2	vendor/wr-cores/ip_cores/urv-core/sw/testsuite/isa/rv64ui/sra.S	9b359a31e9ea0c153bbd096651f8b53398f09975	vendor/wr-cores/ip_cores/urv-core/sw/testsuite/isa/rv64ui/sra.S	byte-identical	585ab463278e07351564232f58c5e877411a00a519263f30a2e8ed30ff2f5c80
26e138fdc0bfc8426704b397141d563cf4d580a2	vendor/wr-cores/ip_cores/urv-core/sw/testsuite/isa/rv64ui/srai.S	dff234873dae88bef9e4007be106919d3964d911	vendor/wr-cores/ip_cores/urv-core/sw/testsuite/isa/rv64ui/srai.S	byte-identical	1faf1421c522cbfc60ab8bb2d29d9a64da0567d3bf8feaf6acfd72df0c9bf112
26e138fdc0bfc8426704b397141d563cf4d580a2	vendor/wr-cores/ip_cores/urv-core/sw/testsuite/isa/rv64ui/sraiw.S	9240c9ba31597df03692f67f9c5579ebf5028c5b	vendor/wr-cores/ip_cores/urv-core/sw/testsuite/isa/rv64ui/sraiw.S	byte-identical	4b3e6d061af883704da5f76d358b94bb08ec90c646645baa3845f7d637a5110d
26e138fdc0bfc8426704b397141d563cf4d580a2	vendor/wr-cores/ip_cores/urv-core/sw/testsuite/isa/rv64ui/sraw.S	8c234c19825b82f0a6f148d82f5eec6293c41bc9	vendor/wr-cores/ip_cores/urv-core/sw/testsuite/isa/rv64ui/sraw.S	byte-identical	3ae28c0479b5bbd85b6c2764be36c66ec8d99700378bd158c8606c0a805bd3fa
26e138fdc0bfc8426704b397141d563cf4d580a2	vendor/wr-cores/ip_cores/urv-core/sw/testsuite/isa/rv64ui/srl.S	876c303a6e3311cfe303d77bac897ed382fdd258	vendor/wr-cores/ip_cores/urv-core/sw/testsuite/isa/rv64ui/srl.S	byte-identical	b3de246f05ba6588e9de806464d36100570785eab00257037381924024e4088c
26e138fdc0bfc8426704b397141d563cf4d580a2	vendor/wr-cores/ip_cores/urv-core/sw/testsuite/isa/rv64ui/srli.S	61e5da5039241b23652006890732a42697290a7f	vendor/wr-cores/ip_cores/urv-core/sw/testsuite/isa/rv64ui/srli.S	byte-identical	bf31c6e93925c08cb2cc5eee46ab7bc8284a140568c52eae0583454c3e4e2059
26e138fdc0bfc8426704b397141d563cf4d580a2	vendor/wr-cores/ip_cores/urv-core/sw/testsuite/isa/rv64ui/srliw.S	a8b9fd758c8b990f53f745f8bad90d2f2e8930b7	vendor/wr-cores/ip_cores/urv-core/sw/testsuite/isa/rv64ui/srliw.S	byte-identical	e7c4360f4e59661474703900409a7999596e74d9706addf1005f93dcd63cfb76
26e138fdc0bfc8426704b397141d563cf4d580a2	vendor/wr-cores/ip_cores/urv-core/sw/testsuite/isa/rv64ui/srlw.S	24a492a144d30f74f034088883aeb9634388ab43	vendor/wr-cores/ip_cores/urv-core/sw/testsuite/isa/rv64ui/srlw.S	byte-identical	98b74a62019b319e472b5c1b09ea3535f8c83058936139e284a506a536115cab
26e138fdc0bfc8426704b397141d563cf4d580a2	vendor/wr-cores/ip_cores/urv-core/sw/testsuite/isa/rv64ui/sub.S	005bdeadeec999799857f9b26236f87b8512f651	vendor/wr-cores/ip_cores/urv-core/sw/testsuite/isa/rv64ui/sub.S	byte-identical	261a9625eec0be3070831c2cfcfb9c58b0a966b7156d806a066d2ff8094f79f8
26e138fdc0bfc8426704b397141d563cf4d580a2	vendor/wr-cores/ip_cores/urv-core/sw/testsuite/isa/rv64ui/subw.S	9940d8cba1fb3b9e8b73dc1bd14be17006cfc6d8	vendor/wr-cores/ip_cores/urv-core/sw/testsuite/isa/rv64ui/subw.S	byte-identical	21da03dcb85c926829d90b4873e36172ccdf8aebc95c768e2371ee3f7db689f3
26e138fdc0bfc8426704b397141d563cf4d580a2	vendor/wr-cores/ip_cores/urv-core/sw/testsuite/isa/rv64ui/sw.S	86b62fcc0fbdeb3830794d06212fea3c40f3bd15	vendor/wr-cores/ip_cores/urv-core/sw/testsuite/isa/rv64ui/sw.S	byte-identical	62dc0df6a71a2f9a5a559972dd9afda9b5685266e25cf7cd903d3b5352843d9f
26e138fdc0bfc8426704b397141d563cf4d580a2	vendor/wr-cores/ip_cores/urv-core/sw/testsuite/isa/rv64ui/xor.S	c4e9552cf73865c8cf7dfcbbc7b7d34f6443dfa7	vendor/wr-cores/ip_cores/urv-core/sw/testsuite/isa/rv64ui/xor.S	byte-identical	e86380283aff1941ba3e0d8dae82ff00b04095241a19279a1bfaece456b39bbf
26e138fdc0bfc8426704b397141d563cf4d580a2	vendor/wr-cores/ip_cores/urv-core/sw/testsuite/isa/rv64ui/xori.S	eb59d120a12888321273dd480a06c46789be9aa5	vendor/wr-cores/ip_cores/urv-core/sw/testsuite/isa/rv64ui/xori.S	byte-identical	70bb3ff66a89a0d5b17aacc1e21a4893c9a774a9cf35a62e9a8a596a35d7949f
26e138fdc0bfc8426704b397141d563cf4d580a2	vendor/wr-cores/ip_cores/urv-core/sw/testsuite/isa/rv64uv/Makefrag	856721b7d8d8c75b1ecdee2a00e82fe44967ad75	vendor/wr-cores/ip_cores/urv-core/sw/testsuite/isa/rv64uv/Makefrag	byte-identical	e40fc67cf44b6e3f4866044cc16145ad07e0f8d990f8c75acade0c7bc5e9682a
26e138fdc0bfc8426704b397141d563cf4d580a2	vendor/wr-cores/ip_cores/urv-core/sw/testsuite/isa/rv64uv/amoadd_d.S	a90fb10bf147d3df190a811a892f251456e8ebe7	vendor/wr-cores/ip_cores/urv-core/sw/testsuite/isa/rv64uv/amoadd_d.S	byte-identical	bbfa7c9e4dc799dafde70d3cea1c39d58a42dc2517b4f4733ffeb32e432a0c3b
26e138fdc0bfc8426704b397141d563cf4d580a2	vendor/wr-cores/ip_cores/urv-core/sw/testsuite/isa/rv64uv/amoadd_w.S	c0005b0ec5607d5ccd21dc80870576daa4a79c0d	vendor/wr-cores/ip_cores/urv-core/sw/testsuite/isa/rv64uv/amoadd_w.S	byte-identical	44d01e565b53ea49b3254f10b2fbeb70f43c162d93a761425e5d79cae572a336
26e138fdc0bfc8426704b397141d563cf4d580a2	vendor/wr-cores/ip_cores/urv-core/sw/testsuite/isa/rv64uv/amoand_d.S	e9e835d3974bbd7143e68a9ed1c2c12355757d9d	vendor/wr-cores/ip_cores/urv-core/sw/testsuite/isa/rv64uv/amoand_d.S	byte-identical	c80070341f13095a6496d027c907f09d0bd2317527cab60e5064bf6c6173b67a
26e138fdc0bfc8426704b397141d563cf4d580a2	vendor/wr-cores/ip_cores/urv-core/sw/testsuite/isa/rv64uv/amoand_w.S	2dcb3438c27bbf0835833c0a7f7e3330c8e69d87	vendor/wr-cores/ip_cores/urv-core/sw/testsuite/isa/rv64uv/amoand_w.S	byte-identical	7774acfc1becfd9ab7b60614a83ea7e99587980228066800b16267fdacae1a0a
26e138fdc0bfc8426704b397141d563cf4d580a2	vendor/wr-cores/ip_cores/urv-core/sw/testsuite/isa/rv64uv/amomax_d.S	321a43f4ccbc5371f2ebb6d8bf22dd8c89631e24	vendor/wr-cores/ip_cores/urv-core/sw/testsuite/isa/rv64uv/amomax_d.S	byte-identical	156d87403e3528a207286d296ed3771dfb399c1d578fdc11cbba2726062b2001
26e138fdc0bfc8426704b397141d563cf4d580a2	vendor/wr-cores/ip_cores/urv-core/sw/testsuite/isa/rv64uv/amomax_w.S	e49d4edeb3eb6fece67c207cc6ea09b1fa5f3747	vendor/wr-cores/ip_cores/urv-core/sw/testsuite/isa/rv64uv/amomax_w.S	byte-identical	c023e1e4ae52d9ae98e300e610cde8d499c5c41dbbab6a5b689c3487edb44f02
26e138fdc0bfc8426704b397141d563cf4d580a2	vendor/wr-cores/ip_cores/urv-core/sw/testsuite/isa/rv64uv/amomaxu_d.S	77162e5f84288e72b876139aafcba548d9802c1b	vendor/wr-cores/ip_cores/urv-core/sw/testsuite/isa/rv64uv/amomaxu_d.S	byte-identical	b775bb45c89af17e3ccfbee3312bd1310c7bbe6a250892d79d2f8e0f3347e937
26e138fdc0bfc8426704b397141d563cf4d580a2	vendor/wr-cores/ip_cores/urv-core/sw/testsuite/isa/rv64uv/amomaxu_w.S	83250eb079bec631f4092094e5798270195c7201	vendor/wr-cores/ip_cores/urv-core/sw/testsuite/isa/rv64uv/amomaxu_w.S	byte-identical	85b9bcb0ee629972998001032ce5f925b6f28d1228907de3d03a658b695b723c
26e138fdc0bfc8426704b397141d563cf4d580a2	vendor/wr-cores/ip_cores/urv-core/sw/testsuite/isa/rv64uv/amomin_d.S	292188415672da49839dbda49386b7ba70f079dc	vendor/wr-cores/ip_cores/urv-core/sw/testsuite/isa/rv64uv/amomin_d.S	byte-identical	97c8e41e06250240e83e259498c72861ca44ac02c6c5e92ae12753bf428597a8
26e138fdc0bfc8426704b397141d563cf4d580a2	vendor/wr-cores/ip_cores/urv-core/sw/testsuite/isa/rv64uv/amomin_w.S	18d71b77fe9a52b01c83942559de0cb82f788915	vendor/wr-cores/ip_cores/urv-core/sw/testsuite/isa/rv64uv/amomin_w.S	byte-identical	2dc643941c5dd5bd245c2b7172ee134362464701a0d7b03dff62395ef1e24ce9
26e138fdc0bfc8426704b397141d563cf4d580a2	vendor/wr-cores/ip_cores/urv-core/sw/testsuite/isa/rv64uv/amominu_d.S	ed61a996a976588f2b5401a6706a8b932f0567ce	vendor/wr-cores/ip_cores/urv-core/sw/testsuite/isa/rv64uv/amominu_d.S	byte-identical	f03bdbc82366f81013257eca3e51e3d10d37e4174050d6a134c0b895ff5fdd2a
26e138fdc0bfc8426704b397141d563cf4d580a2	vendor/wr-cores/ip_cores/urv-core/sw/testsuite/isa/rv64uv/amominu_w.S	4e9544b17634f02c91a70c322a537b84647e94e7	vendor/wr-cores/ip_cores/urv-core/sw/testsuite/isa/rv64uv/amominu_w.S	byte-identical	42da6bb9c974345ea2e0db28e6c63641f1950ada880da20cdc0fabfe3468b01c
26e138fdc0bfc8426704b397141d563cf4d580a2	vendor/wr-cores/ip_cores/urv-core/sw/testsuite/isa/rv64uv/amoor_d.S	a7bdf525b0e8c3f5980d75c13f4c075b91fe8465	vendor/wr-cores/ip_cores/urv-core/sw/testsuite/isa/rv64uv/amoor_d.S	byte-identical	c9266d94fe6bae6d023c64f391b708887c23ca0986e27488a05f741d38b76169
26e138fdc0bfc8426704b397141d563cf4d580a2	vendor/wr-cores/ip_cores/urv-core/sw/testsuite/isa/rv64uv/amoor_w.S	db1f2755f48cfa98d11e0c585f0ce2fdd0f81085	vendor/wr-cores/ip_cores/urv-core/sw/testsuite/isa/rv64uv/amoor_w.S	byte-identical	aefc411cd9fadfe888e2600d8cb851f60c25adc384fbef618d6c0958d31ee7f2
26e138fdc0bfc8426704b397141d563cf4d580a2	vendor/wr-cores/ip_cores/urv-core/sw/testsuite/isa/rv64uv/amoswap_d.S	8b2aa87c78e388b768f412e3fd2d3297f26a9d09	vendor/wr-cores/ip_cores/urv-core/sw/testsuite/isa/rv64uv/amoswap_d.S	byte-identical	f33766dd902e63adaa1ec7ecf20fb2804f44e7c10a8a8ba9c4f86ae7eabc012f
26e138fdc0bfc8426704b397141d563cf4d580a2	vendor/wr-cores/ip_cores/urv-core/sw/testsuite/isa/rv64uv/amoswap_w.S	dd1a8373fc84af67faac18e28d9f3b4bd14a52d1	vendor/wr-cores/ip_cores/urv-core/sw/testsuite/isa/rv64uv/amoswap_w.S	byte-identical	54f3d4191afdd694240b8ec7f9aa6f7fa571cdaee1db63cc0221d336e4b0b626
26e138fdc0bfc8426704b397141d563cf4d580a2	vendor/wr-cores/ip_cores/urv-core/sw/testsuite/isa/rv64uv/amoxor_d.S	78cb3101e0fa45daa8f44a0fbe72e60ac8ebaa38	vendor/wr-cores/ip_cores/urv-core/sw/testsuite/isa/rv64uv/amoxor_d.S	byte-identical	88f6938926ba91163e3be6e7817a7d0c46f732cd0452fd4e44dc3e9edb1c533e
26e138fdc0bfc8426704b397141d563cf4d580a2	vendor/wr-cores/ip_cores/urv-core/sw/testsuite/isa/rv64uv/amoxor_w.S	6eee508973bfc7603d08f54dbb23f5f43bfc3b7c	vendor/wr-cores/ip_cores/urv-core/sw/testsuite/isa/rv64uv/amoxor_w.S	byte-identical	b4a157f75423655a881c5c4a7bb9cfe1609a7579535c44ae487252c93d8d8829
26e138fdc0bfc8426704b397141d563cf4d580a2	vendor/wr-cores/ip_cores/urv-core/sw/testsuite/isa/rv64uv/beq.S	8c7bce4773fa69ff0166c29f9c524d8b74867d91	vendor/wr-cores/ip_cores/urv-core/sw/testsuite/isa/rv64uv/beq.S	byte-identical	099d1cc770ba7165947f8b2938ba268690d7129bd6614a3cb4eb80832b031811
26e138fdc0bfc8426704b397141d563cf4d580a2	vendor/wr-cores/ip_cores/urv-core/sw/testsuite/isa/rv64uv/bge.S	6763a1c326f80cab7a7d5e4127d8b0a83331e535	vendor/wr-cores/ip_cores/urv-core/sw/testsuite/isa/rv64uv/bge.S	byte-identical	0dee8e6aa2aa5e861f2eec11aa1916a847b3a65251f338d66c7fff6590495b3b
26e138fdc0bfc8426704b397141d563cf4d580a2	vendor/wr-cores/ip_cores/urv-core/sw/testsuite/isa/rv64uv/bgeu.S	527e44624fee490865b6e9656a5d8d38a9ca5755	vendor/wr-cores/ip_cores/urv-core/sw/testsuite/isa/rv64uv/bgeu.S	byte-identical	31cfc3ce6dd88f2a2b9d3800098e386f4dcb15328f543328e5dc3dab048d567d
26e138fdc0bfc8426704b397141d563cf4d580a2	vendor/wr-cores/ip_cores/urv-core/sw/testsuite/isa/rv64uv/blt.S	575b85cf18fd1f8dd2cd525a0269b9a6d519d410	vendor/wr-cores/ip_cores/urv-core/sw/testsuite/isa/rv64uv/blt.S	byte-identical	eb3247403728bafbdaaa08c6c80f96a1372f4b1cd5ae501d45c600da375429df
26e138fdc0bfc8426704b397141d563cf4d580a2	vendor/wr-cores/ip_cores/urv-core/sw/testsuite/isa/rv64uv/bltu.S	d49953138a2272b4de1a621bfd3c2df1469362cf	vendor/wr-cores/ip_cores/urv-core/sw/testsuite/isa/rv64uv/bltu.S	byte-identical	15045775ea49e55012b6bd3d297b575fd7b8286877e480ea5e117a3cc8b5aa65
26e138fdc0bfc8426704b397141d563cf4d580a2	vendor/wr-cores/ip_cores/urv-core/sw/testsuite/isa/rv64uv/bne.S	6b01d9b447abab425ec4ebdce9536f894ea557e3	vendor/wr-cores/ip_cores/urv-core/sw/testsuite/isa/rv64uv/bne.S	byte-identical	ebf2e73e6830bbfbce0987609eba60014fe18a46b0ee94b394015c8e625d25ca
26e138fdc0bfc8426704b397141d563cf4d580a2	vendor/wr-cores/ip_cores/urv-core/sw/testsuite/isa/rv64uv/fcvt.S	642ec3592d2aef0583d0a6d1e8e8cabcb470dfbc	vendor/wr-cores/ip_cores/urv-core/sw/testsuite/isa/rv64uv/fcvt.S	byte-identical	de74fe2be26375de69bdda6072f1fd1a5fee4020b5a986312673155ac8f3cf2a
26e138fdc0bfc8426704b397141d563cf4d580a2	vendor/wr-cores/ip_cores/urv-core/sw/testsuite/isa/rv64uv/fence.S	1a50807d0ebdcf7c68b8b966d3db1670b7056439	vendor/wr-cores/ip_cores/urv-core/sw/testsuite/isa/rv64uv/fence.S	byte-identical	f423f3c65706d33ff81b27320e12fb760e0c0a288dd489c9a77f9e978d5d31b2
26e138fdc0bfc8426704b397141d563cf4d580a2	vendor/wr-cores/ip_cores/urv-core/sw/testsuite/isa/rv64uv/fld.S	8c87387203668640fccee9b4d8f876988fbec35c	vendor/wr-cores/ip_cores/urv-core/sw/testsuite/isa/rv64uv/fld.S	byte-identical	bd5193ca86268211b5cdac0fd200b50446cd78476ab25787011ed97ba24d05c2
26e138fdc0bfc8426704b397141d563cf4d580a2	vendor/wr-cores/ip_cores/urv-core/sw/testsuite/isa/rv64uv/flw.S	6d6353cdccd82416a4ac1b7f8c8a6016bbdbc5c3	vendor/wr-cores/ip_cores/urv-core/sw/testsuite/isa/rv64uv/flw.S	byte-identical	521aced1051934f0010f78cfeba9061c83c85eb51e781f847d2bc901258760d8
26e138fdc0bfc8426704b397141d563cf4d580a2	vendor/wr-cores/ip_cores/urv-core/sw/testsuite/isa/rv64uv/fma.S	454d736dd4f0b3f7cfdc0c7b6f64f395aea6be23	vendor/wr-cores/ip_cores/urv-core/sw/testsuite/isa/rv64uv/fma.S	byte-identical	d4e66cdea12396ebbffed1ad379a7df924413cd42c4ebba84a59b962a925c66a
26e138fdc0bfc8426704b397141d563cf4d580a2	vendor/wr-cores/ip_cores/urv-core/sw/testsuite/isa/rv64uv/fma_many.S	b72b6706f557403ce1590f50bbe21b6e104c3633	vendor/wr-cores/ip_cores/urv-core/sw/testsuite/isa/rv64uv/fma_many.S	byte-identical	9c38c69ad4d43ccf38ef0bbe94373622702ef7b2de0fe73f976b852ccb6000c9
26e138fdc0bfc8426704b397141d563cf4d580a2	vendor/wr-cores/ip_cores/urv-core/sw/testsuite/isa/rv64uv/fmovn.S	44423701145f577bbb7d0978dbfadab34823e287	vendor/wr-cores/ip_cores/urv-core/sw/testsuite/isa/rv64uv/fmovn.S	byte-identical	6004844f7e619ef38fe205668904d6e1993d4a3829f90343e27549c79402c202
26e138fdc0bfc8426704b397141d563cf4d580a2	vendor/wr-cores/ip_cores/urv-core/sw/testsuite/isa/rv64uv/fmovz.S	76583f511e9aa012a8b5fc75e8b4aa51daa9e6b1	vendor/wr-cores/ip_cores/urv-core/sw/testsuite/isa/rv64uv/fmovz.S	byte-identical	2357e8aef745f8e2313478f53bc9af132deaca3f9e54c2ea38bfd6d8b77b5a5d
26e138fdc0bfc8426704b397141d563cf4d580a2	vendor/wr-cores/ip_cores/urv-core/sw/testsuite/isa/rv64uv/fsd.S	c1dd229feacc04eeb120fdcd526a0d6688d489f8	vendor/wr-cores/ip_cores/urv-core/sw/testsuite/isa/rv64uv/fsd.S	byte-identical	2737a2504881006ca6ab35da43f1bd9fb900f465d16ddd4237a77bd3f67c2a5e
26e138fdc0bfc8426704b397141d563cf4d580a2	vendor/wr-cores/ip_cores/urv-core/sw/testsuite/isa/rv64uv/fsw.S	9539a775e8eece91bd118a22c339c89350df274e	vendor/wr-cores/ip_cores/urv-core/sw/testsuite/isa/rv64uv/fsw.S	byte-identical	7c3f98b7f57920400ea9fbcb17d87264a76590dbe1cfb8876091a9cf16676668
26e138fdc0bfc8426704b397141d563cf4d580a2	vendor/wr-cores/ip_cores/urv-core/sw/testsuite/isa/rv64uv/imul.S	ebfb77d0cb68d40b7100129ddcf972ef3dc62fd1	vendor/wr-cores/ip_cores/urv-core/sw/testsuite/isa/rv64uv/imul.S	byte-identical	78d059c73b0b3ca57debf6878a78e49fe0060a418b0af073705f46810140b6a1
26e138fdc0bfc8426704b397141d563cf4d580a2	vendor/wr-cores/ip_cores/urv-core/sw/testsuite/isa/rv64uv/keepcfg.S	552b1c4167c04ca3976f8b41e8ef36660770224a	vendor/wr-cores/ip_cores/urv-core/sw/testsuite/isa/rv64uv/keepcfg.S	byte-identical	676ef4776be4e565369f0c9b0a319a845588e6c8b126ccbe51c9223a95e1d216
26e138fdc0bfc8426704b397141d563cf4d580a2	vendor/wr-cores/ip_cores/urv-core/sw/testsuite/isa/rv64uv/lb.S	2e79c1364b2a24f5c61d6c09909aed4b00c60614	vendor/wr-cores/ip_cores/urv-core/sw/testsuite/isa/rv64uv/lb.S	byte-identical	0eaef930295f15bd628038f7c748252e3034052802faa99ed638eb5b59496cae
26e138fdc0bfc8426704b397141d563cf4d580a2	vendor/wr-cores/ip_cores/urv-core/sw/testsuite/isa/rv64uv/lbu.S	fd04fdfb14842d055b52fb8a9c43367cd9106def	vendor/wr-cores/ip_cores/urv-core/sw/testsuite/isa/rv64uv/lbu.S	byte-identical	97d8058f2420e33e7e86f179c1fcab0bba9175adc639f9b4a1d2e103413968e3
26e138fdc0bfc8426704b397141d563cf4d580a2	vendor/wr-cores/ip_cores/urv-core/sw/testsuite/isa/rv64uv/ld.S	e0f12fd13e578db3aed58a52b84c0fc862e34d47	vendor/wr-cores/ip_cores/urv-core/sw/testsuite/isa/rv64uv/ld.S	byte-identical	e148d370343166e79e9a669b929d5274ead0e4ed6c52198efb9875b8afc7c4f5
26e138fdc0bfc8426704b397141d563cf4d580a2	vendor/wr-cores/ip_cores/urv-core/sw/testsuite/isa/rv64uv/lh.S	62a1029e44c2d8c20aab8065d4c8a5459c26cde2	vendor/wr-cores/ip_cores/urv-core/sw/testsuite/isa/rv64uv/lh.S	byte-identical	5601bd32941cfab23d967dfc917ec9702422875737df7cff738838569e17b738
26e138fdc0bfc8426704b397141d563cf4d580a2	vendor/wr-cores/ip_cores/urv-core/sw/testsuite/isa/rv64uv/lhu.S	a2de42bb5a651f8d8ae473db781f4cac5e681977	vendor/wr-cores/ip_cores/urv-core/sw/testsuite/isa/rv64uv/lhu.S	byte-identical	97fbbab829e3e4523a883287ac7dd0e4b3999597b847e52cb9bab19650f6dbfe
26e138fdc0bfc8426704b397141d563cf4d580a2	vendor/wr-cores/ip_cores/urv-core/sw/testsuite/isa/rv64uv/lw.S	49869849c540488e4b86b0199a66982c20fc984e	vendor/wr-cores/ip_cores/urv-core/sw/testsuite/isa/rv64uv/lw.S	byte-identical	c0a20db76699f7204038300201a36b5413d7519d33e859a1b72e9c8600e5f21d
26e138fdc0bfc8426704b397141d563cf4d580a2	vendor/wr-cores/ip_cores/urv-core/sw/testsuite/isa/rv64uv/lwu.S	502662a272a071b5151ace9d05ed22b8ceb82b5b	vendor/wr-cores/ip_cores/urv-core/sw/testsuite/isa/rv64uv/lwu.S	byte-identical	7fa359b09a459012bcb09bf656cc13addbd43460349abd655cb4d42047fcdce4
26e138fdc0bfc8426704b397141d563cf4d580a2	vendor/wr-cores/ip_cores/urv-core/sw/testsuite/isa/rv64uv/movn.S	97b62613f2457ef713cbdcd6b8828fe743e12e48	vendor/wr-cores/ip_cores/urv-core/sw/testsuite/isa/rv64uv/movn.S	byte-identical	867f5ae51f3860fd9cc877b95edbc39494bb84af20c3a60f4d90c974200cb84b
26e138fdc0bfc8426704b397141d563cf4d580a2	vendor/wr-cores/ip_cores/urv-core/sw/testsuite/isa/rv64uv/movz.S	8680ac619157574c943872e0f3740d9f674cb74c	vendor/wr-cores/ip_cores/urv-core/sw/testsuite/isa/rv64uv/movz.S	byte-identical	13b781e906d8cee78da0a5ea633f5bf6694ee7eac048e74b615f4081e17cb65f
26e138fdc0bfc8426704b397141d563cf4d580a2	vendor/wr-cores/ip_cores/urv-core/sw/testsuite/isa/rv64uv/sb.S	645da07e2f8fcd0d7fb62639982b7121ff500be1	vendor/wr-cores/ip_cores/urv-core/sw/testsuite/isa/rv64uv/sb.S	byte-identical	e7a2683c59b075341ccb07a0458a3cddaa56e2a02f442df9490e0b98a3742845
26e138fdc0bfc8426704b397141d563cf4d580a2	vendor/wr-cores/ip_cores/urv-core/sw/testsuite/isa/rv64uv/sd.S	7fb0e8ff677d5fab6bc8e7f61c6d7063ea1f1a75	vendor/wr-cores/ip_cores/urv-core/sw/testsuite/isa/rv64uv/sd.S	byte-identical	25c2c507f24f0df7f1f5fd9d762a19e391698f9b7be21e096c6fc46dace742d2
26e138fdc0bfc8426704b397141d563cf4d580a2	vendor/wr-cores/ip_cores/urv-core/sw/testsuite/isa/rv64uv/sh.S	c87f070875c02192b5bc624f8a7f31e4d4c89e65	vendor/wr-cores/ip_cores/urv-core/sw/testsuite/isa/rv64uv/sh.S	byte-identical	c3cd7cf53d07cab30926d06f23aec8cac043d6a1baeaa44d1e6ce31f8e4a618e
26e138fdc0bfc8426704b397141d563cf4d580a2	vendor/wr-cores/ip_cores/urv-core/sw/testsuite/isa/rv64uv/sw.S	efad38c5b060276fb87fc250ac77ac70748f4978	vendor/wr-cores/ip_cores/urv-core/sw/testsuite/isa/rv64uv/sw.S	byte-identical	f81440104ca0bed27b27c8325167dc7eb13c7d9d35ef84b95d70c86ef04b0c4d
26e138fdc0bfc8426704b397141d563cf4d580a2	vendor/wr-cores/ip_cores/urv-core/sw/testsuite/isa/rv64uv/utidx.S	564bf194408d910bc3781b5ddf757a43c9cb137a	vendor/wr-cores/ip_cores/urv-core/sw/testsuite/isa/rv64uv/utidx.S	byte-identical	824ebffb396dbc5379111f9b0452821416bed14292b5045521c2e478d1917cc9
26e138fdc0bfc8426704b397141d563cf4d580a2	vendor/wr-cores/ip_cores/urv-core/sw/testsuite/isa/rv64uv/vfmsv_d.S	97a14e35f6925aa108a957b1f4b2d37a1bd57149	vendor/wr-cores/ip_cores/urv-core/sw/testsuite/isa/rv64uv/vfmsv_d.S	byte-identical	02fafc75b4dd59dc24500670839b7182a20771ccde65113a7c69dc0ed3ad0d74
26e138fdc0bfc8426704b397141d563cf4d580a2	vendor/wr-cores/ip_cores/urv-core/sw/testsuite/isa/rv64uv/vfmsv_s.S	cf5f8817ae598125080b53198df1a9c4a1eb2ef5	vendor/wr-cores/ip_cores/urv-core/sw/testsuite/isa/rv64uv/vfmsv_s.S	byte-identical	ed3a6e0be58da3bc2034eac413e04e288227d73f54096044340abd06fe77fb88
26e138fdc0bfc8426704b397141d563cf4d580a2	vendor/wr-cores/ip_cores/urv-core/sw/testsuite/isa/rv64uv/vfmvv.S	c1acfc46741a31a41a7aec698933292eef838e65	vendor/wr-cores/ip_cores/urv-core/sw/testsuite/isa/rv64uv/vfmvv.S	byte-identical	36bb2cab5421ad2e24e9642b64e8f4859b64579b610038787453d93f11822e23
26e138fdc0bfc8426704b397141d563cf4d580a2	vendor/wr-cores/ip_cores/urv-core/sw/testsuite/isa/rv64uv/vmsv.S	fe1665185a5a48ba73e2a6a480eda6ee4d735a65	vendor/wr-cores/ip_cores/urv-core/sw/testsuite/isa/rv64uv/vmsv.S	byte-identical	bad92a484c34fbe6e9525b59ee9d7f237734de1aa6313ae530e037e4fc008773
26e138fdc0bfc8426704b397141d563cf4d580a2	vendor/wr-cores/ip_cores/urv-core/sw/testsuite/isa/rv64uv/vmvv.S	c3529f1f09a43f6dacb214d336920077e3f94187	vendor/wr-cores/ip_cores/urv-core/sw/testsuite/isa/rv64uv/vmvv.S	byte-identical	aaefdc51a6fa383a76f8b160aa830a648c7c7ef8607fc3e3f6aab47097400b97
26e138fdc0bfc8426704b397141d563cf4d580a2	vendor/wr-cores/ip_cores/urv-core/sw/testsuite/isa/rv64uv/vsetcfg.S	00ff1aca60947a9779f0be793666a9f694a9ac8e	vendor/wr-cores/ip_cores/urv-core/sw/testsuite/isa/rv64uv/vsetcfg.S	byte-identical	bd1741a9d88d65e69ea25c8fc2ee3e5333b3bb468b85aa47ad6e29cb767efea4
26e138fdc0bfc8426704b397141d563cf4d580a2	vendor/wr-cores/ip_cores/urv-core/sw/testsuite/isa/rv64uv/vsetcfgi.S	bb9a9cc019ca8a3f013268fa0698e070f64f3a2e	vendor/wr-cores/ip_cores/urv-core/sw/testsuite/isa/rv64uv/vsetcfgi.S	byte-identical	a96068b51332c54bdcfecce02a8512ec19d205872384e18437c9272f4556bdf5
26e138fdc0bfc8426704b397141d563cf4d580a2	vendor/wr-cores/ip_cores/urv-core/sw/testsuite/isa/rv64uv/vsetvl.S	e78020f335a80cea776fe85eb71b5c5a3341a9bc	vendor/wr-cores/ip_cores/urv-core/sw/testsuite/isa/rv64uv/vsetvl.S	byte-identical	c1e8c730c739db3ff7056b347df2f31b251e52c3f80a525defea77b2153951cb
26e138fdc0bfc8426704b397141d563cf4d580a2	vendor/wr-cores/ip_cores/urv-core/sw/testsuite/isa/rv64uv/vvadd_branch.S	e95dc82e0552d8334dd01b1601e0350525f906f2	vendor/wr-cores/ip_cores/urv-core/sw/testsuite/isa/rv64uv/vvadd_branch.S	byte-identical	0a251b68a7707e471afad4767c3eac37eb8eedd5811272e65802b98da72d44c9
26e138fdc0bfc8426704b397141d563cf4d580a2	vendor/wr-cores/ip_cores/urv-core/sw/testsuite/isa/rv64uv/vvadd_d.S	d17e6e0f0ef7f5c878746b922e91b8712e9fa5c4	vendor/wr-cores/ip_cores/urv-core/sw/testsuite/isa/rv64uv/vvadd_d.S	byte-identical	2cdb1f881959d785324d7cfd4a5d903a4a955ad686f604afb03e77b8047a9fb3
26e138fdc0bfc8426704b397141d563cf4d580a2	vendor/wr-cores/ip_cores/urv-core/sw/testsuite/isa/rv64uv/vvadd_fd.S	6a7c4b26052c57300a797487f0ce1e670d51d13c	vendor/wr-cores/ip_cores/urv-core/sw/testsuite/isa/rv64uv/vvadd_fd.S	byte-identical	8005b3cda46e3a2695e7e3c7dfb81fb4ed3b0e171df046d2fda1325ff90f10b0
26e138fdc0bfc8426704b397141d563cf4d580a2	vendor/wr-cores/ip_cores/urv-core/sw/testsuite/isa/rv64uv/vvadd_fw.S	2dcf9ff71bda7dcc23297fb8e44475c7c2b4fbf2	vendor/wr-cores/ip_cores/urv-core/sw/testsuite/isa/rv64uv/vvadd_fw.S	byte-identical	82d3bc484a139054c133e670eb9f4a412bef80770d849facb054479376f27c7a
26e138fdc0bfc8426704b397141d563cf4d580a2	vendor/wr-cores/ip_cores/urv-core/sw/testsuite/isa/rv64uv/vvadd_packed.S	fb02a725d70c86f4da6028462bc5e90153d5d7c6	vendor/wr-cores/ip_cores/urv-core/sw/testsuite/isa/rv64uv/vvadd_packed.S	byte-identical	6fe030e47511eea9a6d00bc7c55f0a442d3911d0f18ab84463fa79ccc47b4cea
26e138fdc0bfc8426704b397141d563cf4d580a2	vendor/wr-cores/ip_cores/urv-core/sw/testsuite/isa/rv64uv/vvadd_w.S	842f2652fdf024ec23b2e4b9998d50d1fe0cf010	vendor/wr-cores/ip_cores/urv-core/sw/testsuite/isa/rv64uv/vvadd_w.S	byte-identical	021559fdda6131c44110b75e53bbcb0eb036057bbba6def76c045f926d935357
26e138fdc0bfc8426704b397141d563cf4d580a2	vendor/wr-cores/ip_cores/urv-core/sw/testsuite/isa/rv64uv/vvmul_d.S	433b80e43fc2c87eadaf71c4b7a94a6b63bf62de	vendor/wr-cores/ip_cores/urv-core/sw/testsuite/isa/rv64uv/vvmul_d.S	byte-identical	56d13096e8715aa581172721e42211bb0ae517032e5a2324d9d45c559e81cc83
26e138fdc0bfc8426704b397141d563cf4d580a2	vendor/wr-cores/ip_cores/urv-core/sw/testsuite/isa/rv64uv/wakeup.S	357682aa591f7c37f2c493c9223bcdec309fba23	vendor/wr-cores/ip_cores/urv-core/sw/testsuite/isa/rv64uv/wakeup.S	byte-identical	9e5efd20cb5a8303ac832041408d0d5739544c81b24cddfc05e7b517bac2f0f9
26e138fdc0bfc8426704b397141d563cf4d580a2	vendor/wr-cores/ip_cores/urv-core/sw/testsuite/isa/tests-urv.lst	30db1f13eb2f58c2eff20410c7b27f713dea93ce	vendor/wr-cores/ip_cores/urv-core/sw/testsuite/isa/tests-urv.lst	byte-identical	144dec443885a1a59153d1c5f58bfbe8957927f603eba1f494417e4d73ea067f
26e138fdc0bfc8426704b397141d563cf4d580a2	vendor/wr-cores/ip_cores/urv-core/sw/testsuite/isa/tests.lst	48b8a251bef0ebe47d89207ec500cc0b91c38303	vendor/wr-cores/ip_cores/urv-core/sw/testsuite/isa/tests.lst	byte-identical	411cf1215a33d3a4fd4947ff31e412366560b4c006764cfbfe1d0ed853253c9f
26e138fdc0bfc8426704b397141d563cf4d580a2	vendor/wr-cores/ip_cores/urv-core/sw/testsuite/isa/urv/Makefrag	611c75570b18bb47640862a9e3689e92725a8e2e	vendor/wr-cores/ip_cores/urv-core/sw/testsuite/isa/urv/Makefrag	byte-identical	b4cf979556ba79af6b0e335a7a1862378379243b77dd89bc663a21481d1bd873
26e138fdc0bfc8426704b397141d563cf4d580a2	vendor/wr-cores/ip_cores/urv-core/sw/testsuite/isa/urv/ecc_ori.S	af08c9c39946d0ad7a441ccd8f377234d59f7d87	vendor/wr-cores/ip_cores/urv-core/sw/testsuite/isa/urv/ecc_ori.S	byte-identical	822c2004b5a5c031901336af8b72412f2ec1fa2d091b6deab3ddd2e4f64401e3
26e138fdc0bfc8426704b397141d563cf4d580a2	vendor/wr-cores/ip_cores/urv-core/sw/testsuite/isa/urv/fix_ecc_1.S	9351a86cb6919cf9f6a962a3a000d7267cfcc96a	vendor/wr-cores/ip_cores/urv-core/sw/testsuite/isa/urv/fix_ecc_1.S	byte-identical	02b778439b6f8e3234bf1ecaf59494d6d4f02232507090bfa0ddf10338c833e6
26e138fdc0bfc8426704b397141d563cf4d580a2	vendor/wr-cores/ip_cores/urv-core/sw/testsuite/isa/urv/fix_ecc_2.S	0bf5a7186204325c6699df828ad66302fd15511a	vendor/wr-cores/ip_cores/urv-core/sw/testsuite/isa/urv/fix_ecc_2.S	byte-identical	034e73b148d3ef595f533a8f6707174dcb55304c42ac45b149f234f1761f72b7
26e138fdc0bfc8426704b397141d563cf4d580a2	vendor/wr-cores/ip_cores/urv-core/sw/testsuite/isa/urv/fix_ecc_dbl_err.S	e0ef531e51f6fd06e713932c420a7bda2fba4ee0	vendor/wr-cores/ip_cores/urv-core/sw/testsuite/isa/urv/fix_ecc_dbl_err.S	byte-identical	51708279f96b0c7d5d14840edf31ca164030364100ff9aa82bdf9cf76089865b
26e138fdc0bfc8426704b397141d563cf4d580a2	vendor/wr-cores/ip_cores/urv-core/sw/testsuite/isa/urv/write_ecc.S	87bea55ba3e5d4e706cc1d3f476d078e072489ad	vendor/wr-cores/ip_cores/urv-core/sw/testsuite/isa/urv/write_ecc.S	byte-identical	15cc871448f4289fbaa24db77307d90d31a7a443823bf7ed24c65471e2b69323
26e138fdc0bfc8426704b397141d563cf4d580a2	vendor/wr-cores/ip_cores/urv-core/sw/uart-bootloader.py	285dee035f2819e4a379281887978411fe285b12	vendor/wr-cores/ip_cores/urv-core/sw/uart-bootloader.py	byte-identical	a933226375b9ffd9bbb17e50e245661dd8669e4cdd0a20c0af044721be161aee
26e138fdc0bfc8426704b397141d563cf4d580a2	vendor/wr-cores/ip_cores/urv-core/sw/uart_bootloader/boot.c	518d8b0c64144137bc4488df0b44b8b9e3321b83	vendor/wr-cores/ip_cores/urv-core/sw/uart_bootloader/boot.c	byte-identical	08d90ad4259e658a318ca4541ff45a543d1ea25ac6c2a91ff4a2fe84f0489503
26e138fdc0bfc8426704b397141d563cf4d580a2	vendor/wr-cores/ip_cores/urv-core/sw/uart_bootloader/boot.ld	70b7f0f7781cd05443ffdfbb41ddcc176936cd4a	vendor/wr-cores/ip_cores/urv-core/sw/uart_bootloader/boot.ld	byte-identical	68402dc514db1d537905be0fe725803b5aaaf79ef8cc391d4171ebbfb6154a5b
26e138fdc0bfc8426704b397141d563cf4d580a2	vendor/wr-cores/ip_cores/urv-core/sw/uart_bootloader/crtboot.S	5f15bd108d0aaf2a7b045a2606c2dda7ff33cfb3	vendor/wr-cores/ip_cores/urv-core/sw/uart_bootloader/crtboot.S	byte-identical	a2f72d415214f7b0adc5c9de24fc7e19c6602e42a1b149f736d4d2185213a293
26e138fdc0bfc8426704b397141d563cf4d580a2	vendor/wr-cores/ip_cores/urv-core/tb/cpu/Manifest.py	f3eae7ee3ee811ff877863001fbcf5043fec3166	vendor/wr-cores/ip_cores/urv-core/tb/cpu/Manifest.py	byte-identical	aaa9e2e04466c086087edfebf15261bbb4558e01570fd10c9c52c69cc4cc70b3
26e138fdc0bfc8426704b397141d563cf4d580a2	vendor/wr-cores/ip_cores/urv-core/tb/cpu/main.sv	7e36139923f160d7048db65856b2db599aabe253	vendor/wr-cores/ip_cores/urv-core/tb/cpu/main.sv	byte-identical	2c1e015d6503e2ae46ad538fe1f5cbd982c4c36d86f8fd3aab2139a649186ece
26e138fdc0bfc8426704b397141d563cf4d580a2	vendor/wr-cores/ip_cores/urv-core/tb/cpu/run.do	f934c32eb863439ad1cde5cfb532c18314d90b66	vendor/wr-cores/ip_cores/urv-core/tb/cpu/run.do	byte-identical	8db67a99d5ab4b6ac28cd04bc13a705247e65c5fdcc21972d6070431cb0c157f
26e138fdc0bfc8426704b397141d563cf4d580a2	vendor/wr-cores/ip_cores/urv-core/tb/cpu/wave.do	306078d755a6cfc6009d075bf2550063f22c93d2	vendor/wr-cores/ip_cores/urv-core/tb/cpu/wave.do	byte-identical	b819339e5f89f3c5d8479e2876d896ea42d8e969afcaf5d7fb0f6e6b3f40c2ff
26e138fdc0bfc8426704b397141d563cf4d580a2	vendor/wr-cores/ip_cores/urv-core/tb/debug/Makefile.app	66fc149f364bba59ea01ff397fd85d5d2100b5f3	vendor/wr-cores/ip_cores/urv-core/tb/debug/Makefile.app	byte-identical	8b3a6c1088ca3e1b698cb3db9f97beeebb91012cebee3482a13f6532b3c8e5c1
26e138fdc0bfc8426704b397141d563cf4d580a2	vendor/wr-cores/ip_cores/urv-core/tb/debug/Manifest.py	82fd6baf938e800e0170eaafe495c68ff70b01e8	vendor/wr-cores/ip_cores/urv-core/tb/debug/Manifest.py	byte-identical	87be515711f2effc99cc7d4dd80b026e1e7fb250d357b91bde0f22954eba2ca1
26e138fdc0bfc8426704b397141d563cf4d580a2	vendor/wr-cores/ip_cores/urv-core/tb/debug/app1.c	95103154188d0994c5bea9ab8c0d1cdd16a4cc28	vendor/wr-cores/ip_cores/urv-core/tb/debug/app1.c	byte-identical	e5959ff1c811fde5edb89b2323aa27b854bffe070850c22e20b7dd101edf6337
26e138fdc0bfc8426704b397141d563cf4d580a2	vendor/wr-cores/ip_cores/urv-core/tb/debug/loader.S	d171f776a0631691cdb31cb5a53b3e7f4ca03336	vendor/wr-cores/ip_cores/urv-core/tb/debug/loader.S	byte-identical	6052303aa1a82b24a38370c3fc3a3dff76d36ccd263ad3b24f8ed760e6f94179
26e138fdc0bfc8426704b397141d563cf4d580a2	vendor/wr-cores/ip_cores/urv-core/tb/debug/loader0.S	cddd80f5bb81470203e6e4efae8c42f35f1fc236	vendor/wr-cores/ip_cores/urv-core/tb/debug/loader0.S	byte-identical	5d4d6802de67ad1da594124c87ba7ccc81af763e9c44da56add78b7948609c12
26e138fdc0bfc8426704b397141d563cf4d580a2	vendor/wr-cores/ip_cores/urv-core/tb/debug/main.sv	dcf400df49d418b5c56bd2d4428f1b42c33b048f	vendor/wr-cores/ip_cores/urv-core/tb/debug/main.sv	byte-identical	939ebed31b6644f8a3924ec3672d51a3a9fe254cc1c30d411e769bbc3b96803a
26e138fdc0bfc8426704b397141d563cf4d580a2	vendor/wr-cores/ip_cores/urv-core/tb/debug/run.do	257ee78f2a4393c2d27475abe12c653e66e20f9a	vendor/wr-cores/ip_cores/urv-core/tb/debug/run.do	byte-identical	d8c4ec6aa0375234ebaac5a0743b71a409b97728bf4815743c439c9e2ac446d9
26e138fdc0bfc8426704b397141d563cf4d580a2	vendor/wr-cores/ip_cores/urv-core/tb/debug/wave.do	e285b2ebcf1c526d4a9c09aa7175fc9b5656d131	vendor/wr-cores/ip_cores/urv-core/tb/debug/wave.do	byte-identical	2d48caba76cdde9f5803c4c6e5c12583a240e1a9f8353e62fc08be9b1877b891
26e138fdc0bfc8426704b397141d563cf4d580a2	vendor/wr-cores/ip_cores/urv-core/tb/include/logger.svh	55678b1da3f1617bc1e0aee6785cd7b7a3b18223	vendor/wr-cores/ip_cores/urv-core/tb/include/logger.svh	byte-identical	b2948d158a94df1f3d1cda9e7195c7578a6f7fffcabd26dc5071733ffd689c69
26e138fdc0bfc8426704b397141d563cf4d580a2	vendor/wr-cores/ip_cores/urv-core/tb/include/serializable.svh	303b56ac515943f7f5b289a913d7f6f1cb52b63e	vendor/wr-cores/ip_cores/urv-core/tb/include/serializable.svh	byte-identical	89888132a14cc1651c4fa4da905d1d4617a628a2e126d6d78e39ed419fee215c
26e138fdc0bfc8426704b397141d563cf4d580a2	vendor/wr-cores/ip_cores/urv-core/tb/include/simdrv_defs.svh	35dc194ec9886e3b00065c1d113bff9425c7664e	vendor/wr-cores/ip_cores/urv-core/tb/include/simdrv_defs.svh	byte-identical	7259b6a4eba4b718f69d1895128f3ad033aced650b44460324c833c1de88dd67
26e138fdc0bfc8426704b397141d563cf4d580a2	vendor/wr-cores/ip_cores/urv-core/tb/isa-testsuite/Manifest.py	afc1796315028d024058d245560f1a951629b138	vendor/wr-cores/ip_cores/urv-core/tb/isa-testsuite/Manifest.py	byte-identical	46af6b9c169e9b056357a4d037e8a12cf1a24339e836c3a743f813853c206087
26e138fdc0bfc8426704b397141d563cf4d580a2	vendor/wr-cores/ip_cores/urv-core/tb/isa-testsuite/main.sv	b336526b1aee52ca7eafbddc8f82d96b2389ed11	vendor/wr-cores/ip_cores/urv-core/tb/isa-testsuite/main.sv	byte-identical	003b6b30aee70e66d93f553cd62bd9fed45f8e04d2974d18476399af8306cab6
26e138fdc0bfc8426704b397141d563cf4d580a2	vendor/wr-cores/ip_cores/urv-core/tb/isa-testsuite/run.do	cb761bd7a1dc4445c6eb718c23c2a6100920975d	vendor/wr-cores/ip_cores/urv-core/tb/isa-testsuite/run.do	byte-identical	ceebc204287278b1ce62c266d41cb16d754ff6774ca2cce7eace40dc3361b761
26e138fdc0bfc8426704b397141d563cf4d580a2	vendor/wr-cores/ip_cores/urv-core/tb/isa-testsuite/wave.do	9d4b25a716023b1ed76f990f79f101446e727983	vendor/wr-cores/ip_cores/urv-core/tb/isa-testsuite/wave.do	byte-identical	5a751a8548c5dcf227f3d53e75f9af1d0400b6a9a1a1201dbfa3bf31d763949b
26e138fdc0bfc8426704b397141d563cf4d580a2	vendor/wr-cores/ip_cores/urv-core/top/spec/Manifest.py	8ef0ce4b63a0ab8dfd15ef80903a20b431d81d7b	vendor/wr-cores/ip_cores/urv-core/top/spec/Manifest.py	byte-identical	75c0f4c73100962c22ed53b5c279397d7c5fa8ade5920348ae85d8db21e82613
26e138fdc0bfc8426704b397141d563cf4d580a2	vendor/wr-cores/ip_cores/urv-core/top/spec/reset_gen.vhd	d974188b20ba5cb1fff29165f54a967c4fc49879	vendor/wr-cores/ip_cores/urv-core/top/spec/reset_gen.vhd	byte-identical	0cc708c14976923ef0c4b5d78646dfdcd4ed1f0600156ce3f84e12c676babe00
26e138fdc0bfc8426704b397141d563cf4d580a2	vendor/wr-cores/ip_cores/urv-core/top/spec/spec_top.ucf	c1278a9a14039ce18ad71cdcc683935646dd0dbd	vendor/wr-cores/ip_cores/urv-core/top/spec/spec_top.ucf	byte-identical	99ddc659c83d409470a82522fd1122142fa0a1ad5c7a6b5167ebd85703ce6706
26e138fdc0bfc8426704b397141d563cf4d580a2	vendor/wr-cores/ip_cores/urv-core/top/spec/spec_top.vhd	e2f3e738f1e201ed8789dda9662dff98a1066c20	vendor/wr-cores/ip_cores/urv-core/top/spec/spec_top.vhd	byte-identical	f3c2ef3472a1fa6ca70cba1ed5eec217949c179fc0d7401da45ea5e138a5a7cd
26e138fdc0bfc8426704b397141d563cf4d580a2	vendor/wr-cores/ip_cores/vme64x-core/.gitmodules	826cf74e4886b535435b964db7baf169c90988d9	vendor/wr-cores/ip_cores/vme64x-core/.gitmodules	byte-identical	137e45546096efe73417a19b36da8430b2fb8677c8bc9b505a00a451b20e9a11
26e138fdc0bfc8426704b397141d563cf4d580a2	vendor/wr-cores/ip_cores/vme64x-core/LICENSE	e9ab0b39d528089159c992bb0fdba04ec568cc3b	vendor/wr-cores/ip_cores/vme64x-core/LICENSE	byte-identical	00a89b0d18aacd4114decf79122db87bf35bddaf2bc50e383c9c9f4c263390b2
26e138fdc0bfc8426704b397141d563cf4d580a2	vendor/wr-cores/ip_cores/vme64x-core/Manifest.py	79013c505e69cd4b66a7404d31e6d8ffecbb0769	vendor/wr-cores/ip_cores/vme64x-core/Manifest.py	byte-identical	9cb303a2e10fe05110d66772d0037abeab118d440a914ca366510385286b1349
26e138fdc0bfc8426704b397141d563cf4d580a2	vendor/wr-cores/ip_cores/vme64x-core/README	ed9f2041d91fb55e027854b6b9b58e8c0b892fab	vendor/wr-cores/ip_cores/vme64x-core/README	byte-identical	0688bee4c8677b3fcb53d5ac2d896a5a2cb61c7feff4b7a4e14ccc83fa0e8c8e
26e138fdc0bfc8426704b397141d563cf4d580a2	vendor/wr-cores/ip_cores/vme64x-core/hdl/rtl/Manifest.py	7dfc6f63f60e76737a63779f4a47f8f35266112c	vendor/wr-cores/ip_cores/vme64x-core/hdl/rtl/Manifest.py	byte-identical	8a9869627e8514a4ff14b3a4f7c54564bc70717b18f3e7b2df9353e77e35087e
26e138fdc0bfc8426704b397141d563cf4d580a2	vendor/wr-cores/ip_cores/vme64x-core/hdl/rtl/vme64x_core.vhd	5505dfe8e38277fbd829110ce5ff89f91b144888	vendor/wr-cores/ip_cores/vme64x-core/hdl/rtl/vme64x_core.vhd	byte-identical	9f934a88653c9a3cf62046f4f00f8517e0f4ce110cd30faa82a286f8b43cb99d
26e138fdc0bfc8426704b397141d563cf4d580a2	vendor/wr-cores/ip_cores/vme64x-core/hdl/rtl/vme64x_core_verilog.vhd	a788171c9a7e64ef91d87a4857302c5454a76e19	vendor/wr-cores/ip_cores/vme64x-core/hdl/rtl/vme64x_core_verilog.vhd	byte-identical	6400fe45f5bf1e07aae8708e0ee516c937a2ef2159ba91c3c6cb99594ae057d0
26e138fdc0bfc8426704b397141d563cf4d580a2	vendor/wr-cores/ip_cores/vme64x-core/hdl/rtl/vme64x_pkg.vhd	8d011e9d67986c2e9f925c8912b8a652746ba85a	vendor/wr-cores/ip_cores/vme64x-core/hdl/rtl/vme64x_pkg.vhd	byte-identical	a62e5a32d4c4a326e03d7aad8f18520221db43aab3a061f27778273a6db3629a
26e138fdc0bfc8426704b397141d563cf4d580a2	vendor/wr-cores/ip_cores/vme64x-core/hdl/rtl/vme_bus.vhd	18c427062c1b7f401445e2600f662b3033ec60cd	vendor/wr-cores/ip_cores/vme64x-core/hdl/rtl/vme_bus.vhd	byte-identical	869501f24dd4f322dfe88a19eea7a0e1611cf86e180929fba39162afed640cc0
26e138fdc0bfc8426704b397141d563cf4d580a2	vendor/wr-cores/ip_cores/vme64x-core/hdl/rtl/vme_cr_csr_space.vhd	d4971045742a3658ececff217a9b9bd05b143343	vendor/wr-cores/ip_cores/vme64x-core/hdl/rtl/vme_cr_csr_space.vhd	byte-identical	43326bbd6f418365b8654dd8c1afc74ffd79e742bf73d13bd5a40c0af91fce80
26e138fdc0bfc8426704b397141d563cf4d580a2	vendor/wr-cores/ip_cores/vme64x-core/hdl/rtl/vme_funct_match.vhd	ac97d4caa61b0406bc38078263bf4ceb2455ad1a	vendor/wr-cores/ip_cores/vme64x-core/hdl/rtl/vme_funct_match.vhd	byte-identical	0ea659286e11fec131136b7070719843a2c1a993ceab54bbfdc50a3ac65ad527
26e138fdc0bfc8426704b397141d563cf4d580a2	vendor/wr-cores/ip_cores/vme64x-core/hdl/rtl/vme_irq_controller.vhd	8a2c0f5192babd48b130dc5a76782a734c988e1e	vendor/wr-cores/ip_cores/vme64x-core/hdl/rtl/vme_irq_controller.vhd	byte-identical	13b29e0a9a5371451713083fff62e1db3319755758d359001891d720cbff997d
26e138fdc0bfc8426704b397141d563cf4d580a2	vendor/wr-cores/ip_cores/vme64x-core/hdl/rtl/vme_user_csr.vhd	10fa79b08b8304a089d5dccca9f2086a2fa75c56	vendor/wr-cores/ip_cores/vme64x-core/hdl/rtl/vme_user_csr.vhd	byte-identical	648fc29033b0bb3e6d8b05834b20f1bd731d5725c6181222d67a497b6e92c2b9
26e138fdc0bfc8426704b397141d563cf4d580a2	vendor/wr-cores/ip_cores/vme64x-core/hdl/rtl/xvme64x_core.vhd	e65236c361959a354cde17bfe59e36bb68cb280b	vendor/wr-cores/ip_cores/vme64x-core/hdl/rtl/xvme64x_core.vhd	byte-identical	1a8365d1a0d6b044b1c073a6f41130f035b520df3365ce898db389672768f0d4
26e138fdc0bfc8426704b397141d563cf4d580a2	vendor/wr-cores/ip_cores/vme64x-core/hdl/sim/vme64x_bfm/components/sn74vmeh22501.v	2a91e2135474684bd63fc4847f44609b846334a0	vendor/wr-cores/ip_cores/vme64x-core/hdl/sim/vme64x_bfm/components/sn74vmeh22501.v	byte-identical	ad04599dbe76f2ef769470a8e0a73702e74ed0a1853c532eb29aafae2e91e41c
26e138fdc0bfc8426704b397141d563cf4d580a2	vendor/wr-cores/ip_cores/vme64x-core/hdl/sim/vme64x_bfm/svec_vme_buffers.svh	883c7805f1b9bb8c95e71d43fea39a79f8b2af13	vendor/wr-cores/ip_cores/vme64x-core/hdl/sim/vme64x_bfm/svec_vme_buffers.svh	byte-identical	8d89279ae8157286a980a7ab0c3a1764d788779a94ecc162a2d123db2f802a58
26e138fdc0bfc8426704b397141d563cf4d580a2	vendor/wr-cores/ip_cores/vme64x-core/hdl/sim/vme64x_bfm/vme64x_bfm.svh	16f86e164a19bfee4f952ef0725e715b20ab5768	vendor/wr-cores/ip_cores/vme64x-core/hdl/sim/vme64x_bfm/vme64x_bfm.svh	byte-identical	7ba850a0f21510ce23f8e030dfd00723b4d2fc42435a1de9631d2d3dc9e6c2c2
26e138fdc0bfc8426704b397141d563cf4d580a2	vendor/wr-cores/ip_cores/vme64x-core/hdl/testbench/simple_tb/Manifest.py	31ed82a75b926a4f6a3ecfd8e602822d06928556	vendor/wr-cores/ip_cores/vme64x-core/hdl/testbench/simple_tb/Manifest.py	byte-identical	76d45c9802df1260ee8b6152dec61ba21bfc3f641b39ed908ee9631ae38ffaa6
26e138fdc0bfc8426704b397141d563cf4d580a2	vendor/wr-cores/ip_cores/vme64x-core/hdl/testbench/simple_tb/ghdl/Manifest.py	5dbf868206427330ab5ff49b6edb850da2418f54	vendor/wr-cores/ip_cores/vme64x-core/hdl/testbench/simple_tb/ghdl/Manifest.py	byte-identical	4a07ea92dd3f51d84581e8e2b0ca4b953f93a8003a137235d03d674a8456eb1a
26e138fdc0bfc8426704b397141d563cf4d580a2	vendor/wr-cores/ip_cores/vme64x-core/hdl/testbench/simple_tb/ghdl/run_all.sh	1a4ce8d947029f6d451d402d4fe37a3ff01d374c	vendor/wr-cores/ip_cores/vme64x-core/hdl/testbench/simple_tb/ghdl/run_all.sh	byte-identical	c86120cecd72c24a10e3c8d536304209f11e583068a505bbb8d9d617747f9aa4
26e138fdc0bfc8426704b397141d563cf4d580a2	vendor/wr-cores/ip_cores/vme64x-core/hdl/testbench/simple_tb/modelsim/.gitignore	b87b88b6585e404c633742c4c7234617bc77a6db	vendor/wr-cores/ip_cores/vme64x-core/hdl/testbench/simple_tb/modelsim/.gitignore	byte-identical	8a070d452deceb34532a70070a2f6f2b604103ff6a4029b9d4ac8121f745da5f
26e138fdc0bfc8426704b397141d563cf4d580a2	vendor/wr-cores/ip_cores/vme64x-core/hdl/testbench/simple_tb/modelsim/Manifest.py	70ac35c00a43cfaab2d413ee86e6f6cf89c3ba84	vendor/wr-cores/ip_cores/vme64x-core/hdl/testbench/simple_tb/modelsim/Manifest.py	byte-identical	9f7b5ec9014e15bb63e23fe00b298d80cb0b3d4071d2cb29040d61c18700548c
26e138fdc0bfc8426704b397141d563cf4d580a2	vendor/wr-cores/ip_cores/vme64x-core/hdl/testbench/simple_tb/modelsim/run_all.sh	e7903264dfefb8477e9639f6409a13c4e05b7b40	vendor/wr-cores/ip_cores/vme64x-core/hdl/testbench/simple_tb/modelsim/run_all.sh	byte-identical	e40c9cdb61176fb5e0d0717ee1eaddfef11e7101560e88ee76b04a34dd3566f1
26e138fdc0bfc8426704b397141d563cf4d580a2	vendor/wr-cores/ip_cores/vme64x-core/hdl/testbench/simple_tb/top_tb.vhd	12b174d49e8152c1b0eaecbd0ffc4f7ec1258427	vendor/wr-cores/ip_cores/vme64x-core/hdl/testbench/simple_tb/top_tb.vhd	byte-identical	069da3ad3a25bc56fd312777e5fb513b88202ec4cbdb41fd65c00a6bbbcd70ac
26e138fdc0bfc8426704b397141d563cf4d580a2	vendor/wr-cores/ip_cores/vme64x-core/hdl/testbench/vme16/Manifest.py	e38fd26e4a96d144023c9834a225a1bc21764993	vendor/wr-cores/ip_cores/vme64x-core/hdl/testbench/vme16/Manifest.py	byte-identical	3f1829d26e54022d277aa0c816ebb5de17641d9973771b71a07fdc19cc07f557
26e138fdc0bfc8426704b397141d563cf4d580a2	vendor/wr-cores/ip_cores/vme64x-core/hdl/testbench/vme16/ghdl/Manifest.py	590117f445e27fc90de345b594d814888e89c61a	vendor/wr-cores/ip_cores/vme64x-core/hdl/testbench/vme16/ghdl/Manifest.py	byte-identical	9d3c40a1c76a14c0e2f769e2224c4965f048b978f3928b93f7b1c74f8456f228
26e138fdc0bfc8426704b397141d563cf4d580a2	vendor/wr-cores/ip_cores/vme64x-core/hdl/testbench/vme16/vme16_tb.vhd	2703cafc300cda5677b723de0a11ecf81768f429	vendor/wr-cores/ip_cores/vme64x-core/hdl/testbench/vme16/vme16_tb.vhd	byte-identical	97795f6065c66a9928210dcae8c995ed13edf0d599a7909915ec1690d8ac2861
26e138fdc0bfc8426704b397141d563cf4d580a2	vendor/wr-cores/modules/Manifest.py	368277410609e7d7727747773a35f3385381dbea	vendor/wr-cores/modules/Manifest.py	byte-identical	d004d07fcbcbbf59ba2a4aab7e53bc1f1be720c37356f107de860f38166ba28d
26e138fdc0bfc8426704b397141d563cf4d580a2	vendor/wr-cores/modules/fabric/Manifest.py	967ce4c3476e8ed5d8c1084b2a5660c10d346122	vendor/wr-cores/modules/fabric/Manifest.py	byte-identical	0417c7591ef7b47277a053b6fc8a56d251f8c82405e407028d34d7b60b642eed
26e138fdc0bfc8426704b397141d563cf4d580a2	vendor/wr-cores/modules/fabric/wr_fabric_pkg.vhd	3e15d94cc4526b7e7049d16cefdf85803117c510	vendor/wr-cores/modules/fabric/wr_fabric_pkg.vhd	byte-identical	9de6edb3fd0e56e15d725d6be968868eda72a7539d5547ba607065ec61024d53
26e138fdc0bfc8426704b397141d563cf4d580a2	vendor/wr-cores/modules/fabric/xwb_fabric_sink.vhd	978516c38fdde333e7d7538533b9ee4c128dc9d8	vendor/wr-cores/modules/fabric/xwb_fabric_sink.vhd	byte-identical	d45d0f73dbc73a227d1a7a51224d5934d0fd9302441927e98a7360b617c269d1
26e138fdc0bfc8426704b397141d563cf4d580a2	vendor/wr-cores/modules/fabric/xwb_fabric_source.vhd	ec79fb316d0627abcb156ed2d36e8297d114e76a	vendor/wr-cores/modules/fabric/xwb_fabric_source.vhd	byte-identical	b16e495cf34f1773fdd2d343b3ca566263f728aa1e69feed61f6c898b847bd04
26e138fdc0bfc8426704b397141d563cf4d580a2	vendor/wr-cores/modules/fabric/xwrf_loopback/build_wb.sh	07ff2db7f9dcb398452c8e576211857903a87580	vendor/wr-cores/modules/fabric/xwrf_loopback/build_wb.sh	byte-identical	f76a9d6bc5bd690b2a08f7a2d7a0cdd8901e4fc4f38980474d908733f7ccb071
26e138fdc0bfc8426704b397141d563cf4d580a2	vendor/wr-cores/modules/fabric/xwrf_loopback/lbk_pkg.vhd	92cfa087ae411fda0ffffde115967fd4937eb5ea	vendor/wr-cores/modules/fabric/xwrf_loopback/lbk_pkg.vhd	byte-identical	2edd7997be50d3e753213f99eee07e23045b6133bba83d019a29abc89e1e17f0
26e138fdc0bfc8426704b397141d563cf4d580a2	vendor/wr-cores/modules/fabric/xwrf_loopback/lbk_wishbone.wb	b61544eb0913465e5488d6eee64064c78b562e03	vendor/wr-cores/modules/fabric/xwrf_loopback/lbk_wishbone.wb	byte-identical	41f8d2ea0282973c447f9dcbdd2525acc42f2d544e411f384c42d8a32a45d5d1
26e138fdc0bfc8426704b397141d563cf4d580a2	vendor/wr-cores/modules/fabric/xwrf_loopback/lbk_wishbone_controller.vhd	337aae91a66b747cc8b61a503a20ccf13790348d	vendor/wr-cores/modules/fabric/xwrf_loopback/lbk_wishbone_controller.vhd	byte-identical	14775d4999e8c6d1de35fe2db1118e4841f022bf777a341fc74aec019d9e7444
26e138fdc0bfc8426704b397141d563cf4d580a2	vendor/wr-cores/modules/fabric/xwrf_loopback/wrf_loopback.vhd	0e8b24fe494dcff5b2ec3d4bfcdb0ab32d89a79a	vendor/wr-cores/modules/fabric/xwrf_loopback/wrf_loopback.vhd	byte-identical	4ac9f3c608c0a6008f02873cc10d77b1b1c4d0f48c45fc6a892ccc5524204610
26e138fdc0bfc8426704b397141d563cf4d580a2	vendor/wr-cores/modules/fabric/xwrf_loopback/xwrf_loopback.vhd	e323fd333e3b460c9107912ed431da136a0f7d6c	vendor/wr-cores/modules/fabric/xwrf_loopback/xwrf_loopback.vhd	byte-identical	aaeead78d584f434eb33bc89f4d758733e464ad82ceec761762e8f8ef3bd5557
26e138fdc0bfc8426704b397141d563cf4d580a2	vendor/wr-cores/modules/fabric/xwrf_mux.vhd	5ff1594e1108c0711f6a5bdf4c706ddb945aa8e6	vendor/wr-cores/modules/fabric/xwrf_mux.vhd	byte-identical	9eb59515dc3f4cd30c1c6e2fc89ff9c78c279227f592bdcde55e4a85c6a3bc36
26e138fdc0bfc8426704b397141d563cf4d580a2	vendor/wr-cores/modules/fabric/xwrf_reg.vhd	a33f59a7af0647304a86daaeb415dbda7f0579d9	vendor/wr-cores/modules/fabric/xwrf_reg.vhd	byte-identical	a59c37128f7cc661249a8eda8836e110b62cb5abf346bd0445759369ab3be269
26e138fdc0bfc8426704b397141d563cf4d580a2	vendor/wr-cores/modules/timing/Manifest.py	d0c5a8088ebbeaa24f5d299251ac73f662125bdb	vendor/wr-cores/modules/timing/Manifest.py	byte-identical	0bd0f627d18f905cb0b249a464037c01efffe72d98b9f1cd7bd341aede5dd2cf
26e138fdc0bfc8426704b397141d563cf4d580a2	vendor/wr-cores/modules/timing/dmtd_phase_meas.vhd	6f3de07d4215d10676aea164f99637d0398b375b	vendor/wr-cores/modules/timing/dmtd_phase_meas.vhd	byte-identical	d79decad29d3a710823da3515d72549bacd281439272a5a56306884a3703024e
26e138fdc0bfc8426704b397141d563cf4d580a2	vendor/wr-cores/modules/timing/dmtd_sampler.vhd	763860690fb1930c3c8d46f8cec9657982b836ca	vendor/wr-cores/modules/timing/dmtd_sampler.vhd	byte-identical	ec109f6e681077f3be2ea1f0e13a9832d925265920b2b020e08806822aa560ed
26e138fdc0bfc8426704b397141d563cf4d580a2	vendor/wr-cores/modules/timing/dmtd_with_deglitcher.vhd	cd3e6a9bf83ee9763ec8a2920d99353f58caa91e	vendor/wr-cores/modules/timing/dmtd_with_deglitcher.vhd	byte-identical	66170937754aa0e84bc07a6c8097abfe2e3d71fa448defe0d55e3077bde1a1b3
26e138fdc0bfc8426704b397141d563cf4d580a2	vendor/wr-cores/modules/timing/hpll_period_detect.vhd	e6b05f9627c284681deebdc13a3871145baa20e0	vendor/wr-cores/modules/timing/hpll_period_detect.vhd	byte-identical	16b6b9f6adaff9df9db4590de01890353bdb401094af83d749f932243acd63bf
26e138fdc0bfc8426704b397141d563cf4d580a2	vendor/wr-cores/modules/timing/multi_dmtd_with_deglitcher.vhd	5f8e697bd2fe98362c10d6073ea5c040875c0232	vendor/wr-cores/modules/timing/multi_dmtd_with_deglitcher.vhd	byte-identical	51a9d570bbbe423c824b202472e6f67c8a802a26154965ae292d4593daa14774
26e138fdc0bfc8426704b397141d563cf4d580a2	vendor/wr-cores/modules/timing/pulse_gen.vhd	b48583fc5157ac500144d6e3f7b234e7148512e5	vendor/wr-cores/modules/timing/pulse_gen.vhd	byte-identical	663cec3d2588f775aaa011da96008dc49c21da33d30cc3bcaf22ead9b768045c
26e138fdc0bfc8426704b397141d563cf4d580a2	vendor/wr-cores/modules/timing/pulse_stamper.vhd	cb715ab107dae470ff67e0a7e6135c7782c317e1	vendor/wr-cores/modules/timing/pulse_stamper.vhd	byte-identical	68e514afd88a6fd9955a4a7d99ed4425cd6439a49e566141a56911af0c409d58
26e138fdc0bfc8426704b397141d563cf4d580a2	vendor/wr-cores/modules/timing/pulse_stamper_sync.vhd	bdb6f96f902d2a54ef4713e91ce135774a66d34e	vendor/wr-cores/modules/timing/pulse_stamper_sync.vhd	byte-identical	f9bf95de6a8e2c5c686868c38a6546a27ed58149d9b0d67ccb81a416684748b7
26e138fdc0bfc8426704b397141d563cf4d580a2	vendor/wr-cores/modules/wr_dacs/Manifest.py	0359fbf67852e5fe4838658b2c31f08b6d84ad12	vendor/wr-cores/modules/wr_dacs/Manifest.py	byte-identical	7c2ebc52b1dbc9b480f4c3f9c221dd37018ef8056ee38b9cab33cca36aba2e96
26e138fdc0bfc8426704b397141d563cf4d580a2	vendor/wr-cores/modules/wr_dacs/cute_serial_dac.vhd	c96891cb809ce5a15c8cd363f6b269c3896ff9d6	vendor/wr-cores/modules/wr_dacs/cute_serial_dac.vhd	byte-identical	d23956ef165dfdf61bfaa7c42542c1a7f79a9becf312870d8f5f0950c19c7994
26e138fdc0bfc8426704b397141d563cf4d580a2	vendor/wr-cores/modules/wr_dacs/cute_serial_dac_arb.vhd	b686abbceb36db84724f86a23f384bb2d40e425c	vendor/wr-cores/modules/wr_dacs/cute_serial_dac_arb.vhd	byte-identical	076fcbdbcd9976843de06e3a6daa1f63c0825778a1f53ca4d58e373e147255a3
26e138fdc0bfc8426704b397141d563cf4d580a2	vendor/wr-cores/modules/wr_dacs/serial_dac856x.vhd	724fbc5f814ad7d2d84ea89c029fe6071ba87513	vendor/wr-cores/modules/wr_dacs/serial_dac856x.vhd	byte-identical	292569d2ab0071c52de930d1fe6c39640586c36105de3235f02e64d4a1b26d5d
26e138fdc0bfc8426704b397141d563cf4d580a2	vendor/wr-cores/modules/wr_dacs/spec_serial_dac.vhd	c28410f682f2c2133fb0bc50989dbba4aaa66314	vendor/wr-cores/modules/wr_dacs/spec_serial_dac.vhd	byte-identical	b42b8ceeb587e7af039c43ef6729d21197111c4436465eba603d6a2329d8eb65
26e138fdc0bfc8426704b397141d563cf4d580a2	vendor/wr-cores/modules/wr_dacs/spec_serial_dac_arb.vhd	7d23ae504a02ffe2f5621d27644e4adc168ee0b0	vendor/wr-cores/modules/wr_dacs/spec_serial_dac_arb.vhd	byte-identical	6bc5ee682aca6874ab8f7663344f4a8f6137e4b196012798be8191a0f312a121
26e138fdc0bfc8426704b397141d563cf4d580a2	vendor/wr-cores/modules/wr_dacs/wrc_dac_dithering.vhd	eb8e599109ac54f632c10f8ad6a3ac75d49f4a34	vendor/wr-cores/modules/wr_dacs/wrc_dac_dithering.vhd	byte-identical	b38025a0e4fd6ac851f294f35970b0bfe5976377ed4879a3aa5ab0049a2e2011
26e138fdc0bfc8426704b397141d563cf4d580a2	vendor/wr-cores/modules/wr_eca/.gitignore	7a05bffe6bc6453390865ff61b9cd12e72493267	vendor/wr-cores/modules/wr_eca/.gitignore	byte-identical	fdd5714f9ee81aaf51be957c3dc7555db5f65840ecfa6c7a2a8ba0746daf687f
26e138fdc0bfc8426704b397141d563cf4d580a2	vendor/wr-cores/modules/wr_eca/Manifest.py	c00646c8365a852b7b4e9c44f66b7307f951cf74	vendor/wr-cores/modules/wr_eca/Manifest.py	byte-identical	b1db168623d6f4d39fa4a25ba00d6e75d3a77be9aefffd1d3485fd199aedd444
26e138fdc0bfc8426704b397141d563cf4d580a2	vendor/wr-cores/modules/wr_eca/eca-ctl.cpp	a792ca344e8e169a1195b1e05f6b6234ba23556e	vendor/wr-cores/modules/wr_eca/eca-ctl.cpp	byte-identical	d5e0797f06bc89d73cd6613955012a7cd2e9a04a0142356cf3351c63fb5750dc
26e138fdc0bfc8426704b397141d563cf4d580a2	vendor/wr-cores/modules/wr_eca/eca-table.cpp	fcf72ba035d340c2060d6124c78c4d9ab9efb81c	vendor/wr-cores/modules/wr_eca/eca-table.cpp	byte-identical	210dfc848f582df24609189193a33fae2abe26ad1583bfe50fa7d54e66ef7314
26e138fdc0bfc8426704b397141d563cf4d580a2	vendor/wr-cores/modules/wr_eca/eca.vhd	5e3f8b5c3b2a3a745128daa3b359a079647a702f	vendor/wr-cores/modules/wr_eca/eca.vhd	byte-identical	08c5c2aaf062b37c6354c3135e798e1a6ee4feff35133c686c62292a69325910
26e138fdc0bfc8426704b397141d563cf4d580a2	vendor/wr-cores/modules/wr_eca/eca_ac_wbm.vhd	7710a6a4d2d554ff9f968c03e5dea73e2e61915b	vendor/wr-cores/modules/wr_eca/eca_ac_wbm.vhd	byte-identical	778e7dd0e89d88080634baf210176878a1c9537ceabb254f965a63410473ff3c
26e138fdc0bfc8426704b397141d563cf4d580a2	vendor/wr-cores/modules/wr_eca/eca_ac_wbm_auto.vhd	754ccea73b9cf5b04acbb0348fb5a77130a74f2a	vendor/wr-cores/modules/wr_eca/eca_ac_wbm_auto.vhd	byte-identical	3e8f47fc4277029d53bf9add926dd2833454483b43fb212151220d782a952120
26e138fdc0bfc8426704b397141d563cf4d580a2	vendor/wr-cores/modules/wr_eca/eca_ac_wbm_auto_pkg.vhd	7d90d91ee15d49a7e08b8d9e2a898c4fa3d3dccd	vendor/wr-cores/modules/wr_eca/eca_ac_wbm_auto_pkg.vhd	byte-identical	6b5a639bbec2100ca26625d8a9841706aadcb9bcb275833fcd53f7381c0e1779
26e138fdc0bfc8426704b397141d563cf4d580a2	vendor/wr-cores/modules/wr_eca/eca_adder.vhd	b9e8130d06fd7762b85db3dadc48211b25d4f766	vendor/wr-cores/modules/wr_eca/eca_adder.vhd	byte-identical	0321b86a84814cdef9cc2f9990944a5aa45dcc58c691cea122101de6cc197c68
26e138fdc0bfc8426704b397141d563cf4d580a2	vendor/wr-cores/modules/wr_eca/eca_auto.vhd	5151e53788fc66b7b5124a6a960a405ae4ee991b	vendor/wr-cores/modules/wr_eca/eca_auto.vhd	byte-identical	5b11ec88b0a780ae39c21d01af8e574a1554bfe3180d332ebd31ed308bb7ca42
26e138fdc0bfc8426704b397141d563cf4d580a2	vendor/wr-cores/modules/wr_eca/eca_auto_pkg.vhd	ee7800f18489342d795a2bda321c694abcd144b4	vendor/wr-cores/modules/wr_eca/eca_auto_pkg.vhd	byte-identical	266bd872f1c110da285b3f359897e8d8fd64cd1dd862af5dda2f936c5dc3a66c
26e138fdc0bfc8426704b397141d563cf4d580a2	vendor/wr-cores/modules/wr_eca/eca_bitonic.vhd	68f7c82051fa1ae62039df197cb671d85acb9cf2	vendor/wr-cores/modules/wr_eca/eca_bitonic.vhd	byte-identical	6057f3f00d4ea78e01c8ef0987bba91ff12fba12c4b03b591b3ea2bc4c6e0797
26e138fdc0bfc8426704b397141d563cf4d580a2	vendor/wr-cores/modules/wr_eca/eca_bitonic_helper.vhd	756da7604be1622765e41cd31f54af815371295b	vendor/wr-cores/modules/wr_eca/eca_bitonic_helper.vhd	byte-identical	7d650411c77362776411d6ee2ebf401926699e95ca59412c23c24fc042c37df5
26e138fdc0bfc8426704b397141d563cf4d580a2	vendor/wr-cores/modules/wr_eca/eca_bitonic_swap.vhd	98b751942fa419f04e9da5af9673eca15920d75d	vendor/wr-cores/modules/wr_eca/eca_bitonic_swap.vhd	byte-identical	421c185ca56bfd8e12cb1e91a0e65e57a2139becf2d35985c9e87590383eee30
26e138fdc0bfc8426704b397141d563cf4d580a2	vendor/wr-cores/modules/wr_eca/eca_bitonic_tb.vhd	8f6ea108e0ef5e176681b496629a078ec80c8ff2	vendor/wr-cores/modules/wr_eca/eca_bitonic_tb.vhd	byte-identical	17c079fe66e00d272828f4e032e196400507636463ae342c05f5c8f843f0dc32
26e138fdc0bfc8426704b397141d563cf4d580a2	vendor/wr-cores/modules/wr_eca/eca_channel.vhd	354183864846b0786c4eb64ee8b7f6686e565a80	vendor/wr-cores/modules/wr_eca/eca_channel.vhd	byte-identical	e06bf9e9035cc5a0b315a9439016385bf8428ec4554fb5dc2688ff85f6d4d78f
26e138fdc0bfc8426704b397141d563cf4d580a2	vendor/wr-cores/modules/wr_eca/eca_channel_tb.vhd	743695c91ef0c4abcea759f629ad7d7e4b79a78e	vendor/wr-cores/modules/wr_eca/eca_channel_tb.vhd	byte-identical	f151f80f70cc7b774ccd4dd42c8e94e4234479d50395444fe27bd7b61e88d175
26e138fdc0bfc8426704b397141d563cf4d580a2	vendor/wr-cores/modules/wr_eca/eca_compact.vhd	3ba86d2de014f735074464dfd187d6dea4ee9ce4	vendor/wr-cores/modules/wr_eca/eca_compact.vhd	byte-identical	42f61a89e06ea91269feaf20775fae4c92e2eca512cdc8fc90438af29f165c04
26e138fdc0bfc8426704b397141d563cf4d580a2	vendor/wr-cores/modules/wr_eca/eca_compact_tb.vhd	897b1ca34e92069f9a1ad4fa1e07d9e30ae9af54	vendor/wr-cores/modules/wr_eca/eca_compact_tb.vhd	byte-identical	96c31e4e1b07d2000fb3088377024e44281126dcefcd10ee9897079de2eee369
26e138fdc0bfc8426704b397141d563cf4d580a2	vendor/wr-cores/modules/wr_eca/eca_data.vhd	5feca3e0001c50d19b91464465bd890115465f72	vendor/wr-cores/modules/wr_eca/eca_data.vhd	byte-identical	125aa5982a72e365c40259126bd0c7542e26b76740ba204fee33d3484ac86f6d
26e138fdc0bfc8426704b397141d563cf4d580a2	vendor/wr-cores/modules/wr_eca/eca_fifo.vhd	753c38375f1a39cb604ebc272a29729ff23ffe90	vendor/wr-cores/modules/wr_eca/eca_fifo.vhd	byte-identical	45cc356c46401bd8071a481412ca6c451559771749b3ed8a7c01f6d313449608
26e138fdc0bfc8426704b397141d563cf4d580a2	vendor/wr-cores/modules/wr_eca/eca_fifo_tb.vhd	37568bd4c315a7cd6c1790fc7b80fbb77a0a598c	vendor/wr-cores/modules/wr_eca/eca_fifo_tb.vhd	byte-identical	91875f1bf0d0d034d9939020081417366873b088e8bf7e24f641ef1b31ebe4ee
26e138fdc0bfc8426704b397141d563cf4d580a2	vendor/wr-cores/modules/wr_eca/eca_free.vhd	efa35e7fe5d25a2a2b318769f10cf3014e4b5b70	vendor/wr-cores/modules/wr_eca/eca_free.vhd	byte-identical	8667ae35b6001fbc400381e7a261a3d4203d1bd16b633696c1431561eef7d53d
26e138fdc0bfc8426704b397141d563cf4d580a2	vendor/wr-cores/modules/wr_eca/eca_free_tb.vhd	bb834560c82949ff85f5ca974a930b52eaab279f	vendor/wr-cores/modules/wr_eca/eca_free_tb.vhd	byte-identical	107f2244d364da3d749527b88017f9f37f3c235ca43d162d59d4079eceb1e970
26e138fdc0bfc8426704b397141d563cf4d580a2	vendor/wr-cores/modules/wr_eca/eca_internals_pkg.vhd	9f57b3a6c8c3642cbbc877f93c764a597d7c5c59	vendor/wr-cores/modules/wr_eca/eca_internals_pkg.vhd	byte-identical	406fc1f3d072b32e82dfb9768de30352f637410d583639bf3aca6a373be5a9d5
26e138fdc0bfc8426704b397141d563cf4d580a2	vendor/wr-cores/modules/wr_eca/eca_msi.vhd	caf8fd29918dc7bd090bc16ba831fb63005fd16c	vendor/wr-cores/modules/wr_eca/eca_msi.vhd	byte-identical	74ca5910740cc7740e54c57f0750c910d49d06e889e610f2581e31255e7bd19a
26e138fdc0bfc8426704b397141d563cf4d580a2	vendor/wr-cores/modules/wr_eca/eca_offset.vhd	131fb33fd757c1c6692e2ff378a2b503c9cb6da4	vendor/wr-cores/modules/wr_eca/eca_offset.vhd	byte-identical	c2c9b757426bd6d1165a237e83361c8b5b24126bfbb6feffca0d8f843bff5715
26e138fdc0bfc8426704b397141d563cf4d580a2	vendor/wr-cores/modules/wr_eca/eca_piso_fifo.vhd	9a2cf2f394259609904b2a742fdd1744300fe9cc	vendor/wr-cores/modules/wr_eca/eca_piso_fifo.vhd	byte-identical	d86db487c8092ab711ba87dd6df42ef26659f9cbb9e43db5728e869f6715d3e4
26e138fdc0bfc8426704b397141d563cf4d580a2	vendor/wr-cores/modules/wr_eca/eca_piso_fifo_tb.vhd	2b27119cfbb5a20714934d495f259a690cd8deed	vendor/wr-cores/modules/wr_eca/eca_piso_fifo_tb.vhd	byte-identical	1fb9a8c6efde8699bc8b2196a3889e46e7255c8eda9e8b5711390b9bff2375d4
26e138fdc0bfc8426704b397141d563cf4d580a2	vendor/wr-cores/modules/wr_eca/eca_pkg.vhd	9eba32cf974fb748ae585ba9f25433043a5aa5db	vendor/wr-cores/modules/wr_eca/eca_pkg.vhd	byte-identical	42bcb54fbd06179e28e2ab5cc9e476f1e07248de4473dbf7df32794c3947fab5
26e138fdc0bfc8426704b397141d563cf4d580a2	vendor/wr-cores/modules/wr_eca/eca_queue.vhd	a38da4b7c481e6a0c537796d114d8f5926cc4361	vendor/wr-cores/modules/wr_eca/eca_queue.vhd	byte-identical	b181f282425de92866d88ccfa433c6cd6611a131490927efd3a35731401f609e
26e138fdc0bfc8426704b397141d563cf4d580a2	vendor/wr-cores/modules/wr_eca/eca_queue_auto.vhd	31dd8d2a6374ef9cf55120dad43792f97d93d81f	vendor/wr-cores/modules/wr_eca/eca_queue_auto.vhd	byte-identical	c91cf9de986f1b76a6d70adbb857b757508c3dd302ad6d2264b54d4bea932723
26e138fdc0bfc8426704b397141d563cf4d580a2	vendor/wr-cores/modules/wr_eca/eca_queue_auto_pkg.vhd	144c635195ecc4cee872ed7a35e4e3d1562e7bea	vendor/wr-cores/modules/wr_eca/eca_queue_auto_pkg.vhd	byte-identical	d9b7d3fd187fbd28bbbbe706e66ecd73326891db526ccdbf2e9b22bc72b53ab8
26e138fdc0bfc8426704b397141d563cf4d580a2	vendor/wr-cores/modules/wr_eca/eca_rmw.vhd	d1eab017619f03f736b9a8e172b7a33011834c24	vendor/wr-cores/modules/wr_eca/eca_rmw.vhd	byte-identical	08f08f63074dbef4ee9529b10d3f26daa0a59b5cb9276201fbb54f194e9726d3
26e138fdc0bfc8426704b397141d563cf4d580a2	vendor/wr-cores/modules/wr_eca/eca_rmw_tb.vhd	6d37a3f1d6e0574ac8245e9264917c17ec7fb950	vendor/wr-cores/modules/wr_eca/eca_rmw_tb.vhd	byte-identical	f38493cba6c9d7e5f5071665fa9a13755d415d17c597096865abbd9a4896d7cf
26e138fdc0bfc8426704b397141d563cf4d580a2	vendor/wr-cores/modules/wr_eca/eca_scan.vhd	7595c190ef6272a90159669f02a1047c60ce678e	vendor/wr-cores/modules/wr_eca/eca_scan.vhd	byte-identical	016f6194b460d303d8d247f9c0bdfa39991f1d595dfb0e885cbd4073e6785ab4
26e138fdc0bfc8426704b397141d563cf4d580a2	vendor/wr-cores/modules/wr_eca/eca_scan_tb.vhd	12a189670d7945bf44e5273ef3b4302f8f5ace0b	vendor/wr-cores/modules/wr_eca/eca_scan_tb.vhd	byte-identical	145fe23b9e31f8445b59ba06ab3c6acb3a8910c0ddd4bfcc04faa5f4d893fd76
26e138fdc0bfc8426704b397141d563cf4d580a2	vendor/wr-cores/modules/wr_eca/eca_scubus_channel.vhd	79ee7126062a69b2ffb196069577eaabeac70fae	vendor/wr-cores/modules/wr_eca/eca_scubus_channel.vhd	byte-identical	4beb6e756a9c1bfdce91d18e2001656854ba969609c49b779b4860128c04424b
26e138fdc0bfc8426704b397141d563cf4d580a2	vendor/wr-cores/modules/wr_eca/eca_sdp.vhd	8a35e8ea6fcda033f849dc7ab22d3036c9cdd147	vendor/wr-cores/modules/wr_eca/eca_sdp.vhd	byte-identical	a8185a9eb45973a3d12af5e193fff3a75c0bcd2562b2f4f481c1f1680fade1cd
26e138fdc0bfc8426704b397141d563cf4d580a2	vendor/wr-cores/modules/wr_eca/eca_search.vhd	8660dfd3ab0bb2eae5a4dacc8e5e05819ae0450d	vendor/wr-cores/modules/wr_eca/eca_search.vhd	byte-identical	b225bfbdbbffa4c032c7f6398c7b49e89e22d5b5a92f807ad0f030a03e06f1fb
26e138fdc0bfc8426704b397141d563cf4d580a2	vendor/wr-cores/modules/wr_eca/eca_tag_channel.vhd	b8bb11680dab146626b99a25a2e9ef170ca35ac6	vendor/wr-cores/modules/wr_eca/eca_tag_channel.vhd	byte-identical	8af049f60d6a5235f1d43d207f502ed8606191de617ca0f580a20ec0dca659ce
26e138fdc0bfc8426704b397141d563cf4d580a2	vendor/wr-cores/modules/wr_eca/eca_tag_channel_tb.vhd	9f9cf789ddd515ae8ab9b967b7794bc3f77c27b1	vendor/wr-cores/modules/wr_eca/eca_tag_channel_tb.vhd	byte-identical	7d6b94005d89cd26224ed2166b3f0c592da4c55e3b8dd41cc5640587b1d156a4
26e138fdc0bfc8426704b397141d563cf4d580a2	vendor/wr-cores/modules/wr_eca/eca_tb.vhd	7c0b5fcdd16e0b2297a5ada839ad92182416c66d	vendor/wr-cores/modules/wr_eca/eca_tb.vhd	byte-identical	e6c28be76ab12bf527db2c7669ab86531f7da0d342eb2f7d19a4cfe555f8f006
26e138fdc0bfc8426704b397141d563cf4d580a2	vendor/wr-cores/modules/wr_eca/eca_tdp.vhd	5ea00ed5e87ca982f2bcce80eeddd4500b0580ab	vendor/wr-cores/modules/wr_eca/eca_tdp.vhd	byte-identical	e3e7f64cf02e5257c518ebecaa06636d7b16195eca7e4339cc2eb0c9813e81e0
26e138fdc0bfc8426704b397141d563cf4d580a2	vendor/wr-cores/modules/wr_eca/eca_tlu.vhd	730b251065a83322c9faf4583f5a359210e6296a	vendor/wr-cores/modules/wr_eca/eca_tlu.vhd	byte-identical	f27198bbfb9317d2613b0478bcff671aec43ba794439596de842ba3f93155d8e
26e138fdc0bfc8426704b397141d563cf4d580a2	vendor/wr-cores/modules/wr_eca/eca_tlu_auto.vhd	e22ba4e64c8bc13e1b1fe0a6b7a69868184ee274	vendor/wr-cores/modules/wr_eca/eca_tlu_auto.vhd	byte-identical	cee252fc24f886b5544a82683cb4555ee8a1db6bda58d10778cb3c251503a772
26e138fdc0bfc8426704b397141d563cf4d580a2	vendor/wr-cores/modules/wr_eca/eca_tlu_auto_pkg.vhd	d2e489b2101998de5adb9a9faa392433fac2e17d	vendor/wr-cores/modules/wr_eca/eca_tlu_auto_pkg.vhd	byte-identical	23418714280b13bfd899055eac1ecde1d4a53a65e463329f5c3b906fac668c62
26e138fdc0bfc8426704b397141d563cf4d580a2	vendor/wr-cores/modules/wr_eca/eca_tlu_fsm.vhd	8fc5924727bfcc71b6faf6e05efc031db8f3e573	vendor/wr-cores/modules/wr_eca/eca_tlu_fsm.vhd	byte-identical	20a656d001ce9445dc6e141e2f393a7268e0aa0450502c01fba71708a9eb8ee6
26e138fdc0bfc8426704b397141d563cf4d580a2	vendor/wr-cores/modules/wr_eca/eca_walker.vhd	9308814c95908eccb1ca3cb2d09397ef2695c280	vendor/wr-cores/modules/wr_eca/eca_walker.vhd	byte-identical	05e2e66951991cac7f28a6bf27624cbe224498f8ed40718068e2adfd6b547519
26e138fdc0bfc8426704b397141d563cf4d580a2	vendor/wr-cores/modules/wr_eca/eca_wb_event.vhd	63f5263d71d95362f0296b78a0a34e2c38dc6006	vendor/wr-cores/modules/wr_eca/eca_wb_event.vhd	byte-identical	a016ecb0f1c69f9185013850bd8568b6a2db2f575edc5f0b004eb0399a92ccfc
26e138fdc0bfc8426704b397141d563cf4d580a2	vendor/wr-cores/modules/wr_eca/eca_wr_time.vhd	5418446d19943307c28d0a97a8d781516c53562d	vendor/wr-cores/modules/wr_eca/eca_wr_time.vhd	byte-identical	e54c345c8e304841909692bec0e888da031785e99daafc20d5a278e9febc8458
26e138fdc0bfc8426704b397141d563cf4d580a2	vendor/wr-cores/modules/wr_eca/lib/hw-channel.cpp	bf2ec6fd611dbec485891a5b069ac323493e2090	vendor/wr-cores/modules/wr_eca/lib/hw-channel.cpp	byte-identical	88359476ee816c34cc599100dd79485e5f1f9b5217c05c77b2c27393d809e115
26e138fdc0bfc8426704b397141d563cf4d580a2	vendor/wr-cores/modules/wr_eca/lib/hw-eca.cpp	30f2008f0a16dad620eaf612e6a1ab078529c2cc	vendor/wr-cores/modules/wr_eca/lib/hw-eca.cpp	byte-identical	9f5d60d4fe7996a37f07bed65197860067cd507ee6198fd27b40c531a705f9fd
26e138fdc0bfc8426704b397141d563cf4d580a2	vendor/wr-cores/modules/wr_eca/lib/hw-queue.cpp	b26532a2fab9074f4d95dacb9daea2a7c6a93e3e	vendor/wr-cores/modules/wr_eca/lib/hw-queue.cpp	byte-identical	2067ac0c3a5fd34f50db33a1e1a7da1a52e8fcb04e731a814d0dcdb0ad1f731a
26e138fdc0bfc8426704b397141d563cf4d580a2	vendor/wr-cores/modules/wr_eca/lib/hw-stream.cpp	309adb371c56ce8e7ca37675cf8b7474f6f89ee0	vendor/wr-cores/modules/wr_eca/lib/hw-stream.cpp	byte-identical	5dadd6b94e1af3e6b2f9fc3d861c503ab5b2132ccc421cf8c4bad10ebf4fc1d3
26e138fdc0bfc8426704b397141d563cf4d580a2	vendor/wr-cores/modules/wr_eca/lib/load-table.cpp	c07b6debcc1868dc2b81f5c8f0c1d3d758bd89a5	vendor/wr-cores/modules/wr_eca/lib/load-table.cpp	byte-identical	f2c2a38a1d8e2f168e70e43191a489a2a5962ff21facffd69e8de9abf442534e
26e138fdc0bfc8426704b397141d563cf4d580a2	vendor/wr-cores/modules/wr_eca/lib/probe-eca.cpp	dbafbaba31d0ea13b03ce113bbfbc7935e79cdd0	vendor/wr-cores/modules/wr_eca/lib/probe-eca.cpp	byte-identical	1e73498ad41a64dc9a463b3725769a87a836367c4f1bbb74d032865b7cd42bca
26e138fdc0bfc8426704b397141d563cf4d580a2	vendor/wr-cores/modules/wr_eca/lib/store-table.cpp	9f9cc5490b90f4cca3abebcedebc07cadb77da72	vendor/wr-cores/modules/wr_eca/lib/store-table.cpp	byte-identical	4ab6a6d526dbe22a25a581b1bdd73cb56267b57ace3e1fb5cbf9b226ab2f24e1
26e138fdc0bfc8426704b397141d563cf4d580a2	vendor/wr-cores/modules/wr_eca/lib/table.cpp	2fe0304a2bdc5ee1906f29ed1eb626574acde06a	vendor/wr-cores/modules/wr_eca/lib/table.cpp	byte-identical	8f2e2333506970798acecf341ceb6b50f4ddbeb5a3c1ad070d17fb21f70244da
26e138fdc0bfc8426704b397141d563cf4d580a2	vendor/wr-cores/modules/wr_eca/lib/version.h.in	850ab174f31b3bbe4b75b64b4ab44a710986ff51	vendor/wr-cores/modules/wr_eca/lib/version.h.in	byte-identical	4e756072b5cac7ffd202d03cde496184daf4723ec4bd375ff32dd632996ab149
26e138fdc0bfc8426704b397141d563cf4d580a2	vendor/wr-cores/modules/wr_eca/sim.sh	9de8987c0d741de9254d632fe68decd2bf9daf76	vendor/wr-cores/modules/wr_eca/sim.sh	byte-identical	423eaa81691a38b52b3ab8866e5bf0c2791efd5f574ce77bcb59a510725c94e5
26e138fdc0bfc8426704b397141d563cf4d580a2	vendor/wr-cores/modules/wr_eca/wave.gtkw	28313683e5e346254ff903eadd20f7f177dbba42	vendor/wr-cores/modules/wr_eca/wave.gtkw	byte-identical	2162271d5238c932042a4caadf7bfaecf04ddd21b3ac1080ca624df5fed2d6ba
26e138fdc0bfc8426704b397141d563cf4d580a2	vendor/wr-cores/modules/wr_eca/wr_eca.vhd	ce7c640931d8a77d26e72c32996f94ec131fde7f	vendor/wr-cores/modules/wr_eca/wr_eca.vhd	byte-identical	62abc7e7ca52063740a23d46098770391b2e190d275bfd9bc5de928c8b9dd23c
26e138fdc0bfc8426704b397141d563cf4d580a2	vendor/wr-cores/modules/wr_endpoint/Manifest.py	4a141fec707762e1f8867ec1b8fd9047eefca768	vendor/wr-cores/modules/wr_endpoint/Manifest.py	byte-identical	dc860e952e3ab83c1c199770e8ea2d0125084468434a3b2e24819adc70e40731
26e138fdc0bfc8426704b397141d563cf4d580a2	vendor/wr-cores/modules/wr_endpoint/build_wb.sh	c4f9a2355011575896ea7fd08693d3f53e6be6fb	vendor/wr-cores/modules/wr_endpoint/build_wb.sh	byte-identical	9c3c01c8262ece3760120cec696b37d31d7801b230f512339af13a90f61838c5
26e138fdc0bfc8426704b397141d563cf4d580a2	vendor/wr-cores/modules/wr_endpoint/endpoint_pkg.vhd	97b4b45e9db5a727701dc1c221c0925cf33c99dc	vendor/wr-cores/modules/wr_endpoint/endpoint_pkg.vhd	byte-identical	aee4f456751d59811571b0ffe5354c3a876c4ea9fc3db8ed4a1c6dbc6f21b118
26e138fdc0bfc8426704b397141d563cf4d580a2	vendor/wr-cores/modules/wr_endpoint/endpoint_private_pkg.vhd	7fd0065d5bb570372c14f75f544f4e9d3c983cd7	vendor/wr-cores/modules/wr_endpoint/endpoint_private_pkg.vhd	byte-identical	e66b9a2110f6a328485a0a91763fde2181be9b3f5d17d9fedb2c8ba2a6cc8356
26e138fdc0bfc8426704b397141d563cf4d580a2	vendor/wr-cores/modules/wr_endpoint/ep_1000basex_pcs.vhd	a54234a9d689a075075b5f398771174ea79743fa	vendor/wr-cores/modules/wr_endpoint/ep_1000basex_pcs.vhd	byte-identical	d4658035777fd1658e9bf6e8c0a1c6634489a4d60fc7c0df7e00ec3201026d22
26e138fdc0bfc8426704b397141d563cf4d580a2	vendor/wr-cores/modules/wr_endpoint/ep_autonegotiation.vhd	d15d3d8a2c282a47d0b4794d0337ea539ef861a0	vendor/wr-cores/modules/wr_endpoint/ep_autonegotiation.vhd	byte-identical	c7336d679036c6fa0981af0e1853320ca3ce9d07820a742b96b0f0df06891a7f
26e138fdc0bfc8426704b397141d563cf4d580a2	vendor/wr-cores/modules/wr_endpoint/ep_clock_alignment_fifo.vhd	4da811c6a6bb6fb79dfd28c1f46a408c0d53819e	vendor/wr-cores/modules/wr_endpoint/ep_clock_alignment_fifo.vhd	byte-identical	a729e197414889fc4048bc121be22d6b9a29d55083d9e26423ab893efb0326b0
26e138fdc0bfc8426704b397141d563cf4d580a2	vendor/wr-cores/modules/wr_endpoint/ep_crc32_pkg.vhd	c51f958270a0da9890921ef1d9f1a6f978e05b55	vendor/wr-cores/modules/wr_endpoint/ep_crc32_pkg.vhd	byte-identical	b9d2c11d7e4849f601a08fd7336feeac2abef5a91c3096837ef1374e319177da
26e138fdc0bfc8426704b397141d563cf4d580a2	vendor/wr-cores/modules/wr_endpoint/ep_flow_control.vhd	ea0156c4f41b15d3492d662cf648562404c4ef04	vendor/wr-cores/modules/wr_endpoint/ep_flow_control.vhd	byte-identical	60e9f7920897b6cf84356505a6b38793a0d551bd73342fdd69b00894d6171259
26e138fdc0bfc8426704b397141d563cf4d580a2	vendor/wr-cores/modules/wr_endpoint/ep_leds_controller.vhd	28582fb52f9411764baf72aa8e6a0175d4fb04ac	vendor/wr-cores/modules/wr_endpoint/ep_leds_controller.vhd	byte-identical	24cf0604aef558a05ed6fdc0f774e8b7abf7c0d797b61f5ae172193de0fc91cd
26e138fdc0bfc8426704b397141d563cf4d580a2	vendor/wr-cores/modules/wr_endpoint/ep_mdio_regs.cheby	c0980f61c6ec06c8c903a593f98af90785e2981b	vendor/wr-cores/modules/wr_endpoint/ep_mdio_regs.cheby	byte-identical	f6b53a68df239719c62fd7b4f9e2c4091e2d8fb1caf4dcc6b601d04d83ff06dc
26e138fdc0bfc8426704b397141d563cf4d580a2	vendor/wr-cores/modules/wr_endpoint/ep_mdio_regs.vhd	63ab3509d37db8220ca3bfe3cedd72c8b69df110	vendor/wr-cores/modules/wr_endpoint/ep_mdio_regs.vhd	byte-identical	c47db03cf48f3d77e270206657b20451dfca4030c96d21a6ab17854506ddf4ad
26e138fdc0bfc8426704b397141d563cf4d580a2	vendor/wr-cores/modules/wr_endpoint/ep_packet_filter.vhd	bb931e7ec4496c76e07c7fb7fadf9ad0ba573844	vendor/wr-cores/modules/wr_endpoint/ep_packet_filter.vhd	byte-identical	8eac0c0998471bfcbfb53b80c87bd14800e85d97d86dfe5ad0dd617d6ca84612
26e138fdc0bfc8426704b397141d563cf4d580a2	vendor/wr-cores/modules/wr_endpoint/ep_registers_pkg.vhd	89d9652540f4c1fd507fbb1dd3f74191ed7ee74b	vendor/wr-cores/modules/wr_endpoint/ep_registers_pkg.vhd	byte-identical	27de1ff33fdd29495d54614f0c615b9b3985198c6a51fd95919ceba17bcfc783
26e138fdc0bfc8426704b397141d563cf4d580a2	vendor/wr-cores/modules/wr_endpoint/ep_rmon_counters.vhd	5d88ec2f405b0d6d20a478adc37b91882a9d22ee	vendor/wr-cores/modules/wr_endpoint/ep_rmon_counters.vhd	byte-identical	492ffcb12c41427f6f579fd67e16fe88476a3add1c0ccb84e61988430bb6a634
26e138fdc0bfc8426704b397141d563cf4d580a2	vendor/wr-cores/modules/wr_endpoint/ep_rtu_header_extract.vhd	d6e0977686af87011747232f42c09aa397014666	vendor/wr-cores/modules/wr_endpoint/ep_rtu_header_extract.vhd	byte-identical	a16ed7eede672e0f14c60e878f41d0751c6b158114fa8c7906d7ea0a36224b1c
26e138fdc0bfc8426704b397141d563cf4d580a2	vendor/wr-cores/modules/wr_endpoint/ep_rx_buffer.vhd	8295fac4b122cdbf82010f1fe178b2921b660fd6	vendor/wr-cores/modules/wr_endpoint/ep_rx_buffer.vhd	byte-identical	33cb4dc93b43bbd682da0e31ab8dea9e9afbf521680669fb129c08d512f19c4f
26e138fdc0bfc8426704b397141d563cf4d580a2	vendor/wr-cores/modules/wr_endpoint/ep_rx_bypass_queue.vhd	1457537baa3fb155fe30aa2c44c7b2860e3561ac	vendor/wr-cores/modules/wr_endpoint/ep_rx_bypass_queue.vhd	byte-identical	bdaa239843f5703a9141f94b32ab62e013e8c6ba5372d6eb12ef741f87218aee
26e138fdc0bfc8426704b397141d563cf4d580a2	vendor/wr-cores/modules/wr_endpoint/ep_rx_crc_size_check.vhd	f235b65957c75af8361052caedaf0ebc4f987b64	vendor/wr-cores/modules/wr_endpoint/ep_rx_crc_size_check.vhd	byte-identical	583c533204b331e333f8f45c11fe193ed22e3d8f75cdd982c00de7c760a85712
26e138fdc0bfc8426704b397141d563cf4d580a2	vendor/wr-cores/modules/wr_endpoint/ep_rx_early_address_match.vhd	427b5d3225eae6d3b07692001b80fc1493b3fc48	vendor/wr-cores/modules/wr_endpoint/ep_rx_early_address_match.vhd	byte-identical	acee9754c89945874b310b775a48d4b48bb4fdc6fa96dfd028eee804c66c56bf
26e138fdc0bfc8426704b397141d563cf4d580a2	vendor/wr-cores/modules/wr_endpoint/ep_rx_oob_insert.vhd	4fbaf75962e8ce1379372b4e8175fe9f4b22c446	vendor/wr-cores/modules/wr_endpoint/ep_rx_oob_insert.vhd	byte-identical	eea49608df17bb1795cfdb34c1f92caef48e652d6ea64844b7066846a622a27e
26e138fdc0bfc8426704b397141d563cf4d580a2	vendor/wr-cores/modules/wr_endpoint/ep_rx_path.vhd	bd7e2e1811940c79ee2f1205700942d4a7e92fef	vendor/wr-cores/modules/wr_endpoint/ep_rx_path.vhd	byte-identical	7a836647ca5ef6a10abef8da6e72955eff1f7da018aa275784840cc46fbc9358
26e138fdc0bfc8426704b397141d563cf4d580a2	vendor/wr-cores/modules/wr_endpoint/ep_rx_pcs_16bit.vhd	bb7a5fb9049522790534c1795c82e3f3e75e2164	vendor/wr-cores/modules/wr_endpoint/ep_rx_pcs_16bit.vhd	byte-identical	2c4a40226d89c1c304ce2ec380d94526f2e4add1ca3551728a32b68618c8c9c1
26e138fdc0bfc8426704b397141d563cf4d580a2	vendor/wr-cores/modules/wr_endpoint/ep_rx_pcs_8bit.vhd	c5797de4b871ac04fcb107574ce88c076277da4f	vendor/wr-cores/modules/wr_endpoint/ep_rx_pcs_8bit.vhd	byte-identical	d286603a1fb76182130c7cce83e83e50912db0ecf91ace5a647e6b0579db1caa
26e138fdc0bfc8426704b397141d563cf4d580a2	vendor/wr-cores/modules/wr_endpoint/ep_rx_status_reg_insert.vhd	974c2659bc3977dc0bd856634262a2df75472e09	vendor/wr-cores/modules/wr_endpoint/ep_rx_status_reg_insert.vhd	byte-identical	370dad73efcced3691482173685abb2bf5afb0cedeb1ad3c124727e22aaf3919
26e138fdc0bfc8426704b397141d563cf4d580a2	vendor/wr-cores/modules/wr_endpoint/ep_rx_vlan_unit.vhd	ed027d6dc3e697d30e3ef873fb37de80ece033ae	vendor/wr-cores/modules/wr_endpoint/ep_rx_vlan_unit.vhd	byte-identical	7bebe573d52a535de2929cae4ba9e64491549c33d412b33071292e6b5112e05b
26e138fdc0bfc8426704b397141d563cf4d580a2	vendor/wr-cores/modules/wr_endpoint/ep_rx_wb_master.vhd	7417ada15db146121227586c2f839ee06c4d9454	vendor/wr-cores/modules/wr_endpoint/ep_rx_wb_master.vhd	byte-identical	5a448e9f9b2f06644f204a407e5a21f4625250a9d03babd4d1dcfa4360476068
26e138fdc0bfc8426704b397141d563cf4d580a2	vendor/wr-cores/modules/wr_endpoint/ep_sync_detect.vhd	cf0be4e9aad7a47c8a1cd6bd843d8612477156af	vendor/wr-cores/modules/wr_endpoint/ep_sync_detect.vhd	byte-identical	3fe85cd7e9da623d37da87e125f208e15477e20f2dec6c90fb962102123cb62f
26e138fdc0bfc8426704b397141d563cf4d580a2	vendor/wr-cores/modules/wr_endpoint/ep_sync_detect_16bit.vhd	c49209499cf9235af4f196f0c86137c373b872e8	vendor/wr-cores/modules/wr_endpoint/ep_sync_detect_16bit.vhd	byte-identical	1fde5918a7260aa46b88e08860381055fbd351cca717104d67a5c2d2d895d8c0
26e138fdc0bfc8426704b397141d563cf4d580a2	vendor/wr-cores/modules/wr_endpoint/ep_timestamping_unit.vhd	56330e0fd5be30c0749d1cc370474093b991617a	vendor/wr-cores/modules/wr_endpoint/ep_timestamping_unit.vhd	byte-identical	c3739feca9e5992ec386e4ccbf9ed3dfa2613613e4756bf86b1f59cfa47f4c86
26e138fdc0bfc8426704b397141d563cf4d580a2	vendor/wr-cores/modules/wr_endpoint/ep_ts_counter.vhd	2b9589f5abc539108fdfaea3cf8b2fe9ddada0fa	vendor/wr-cores/modules/wr_endpoint/ep_ts_counter.vhd	byte-identical	c3759d81ad6c41d1e480f754fb2bb83fb57e7efedc12761c5621da2cdf895c30
26e138fdc0bfc8426704b397141d563cf4d580a2	vendor/wr-cores/modules/wr_endpoint/ep_tx_crc_inserter.vhd	a560f06e6b857d75485f7b60d8947ac6c162802a	vendor/wr-cores/modules/wr_endpoint/ep_tx_crc_inserter.vhd	byte-identical	5f3926f1203ef503fd2dc13f533c505557121233a6f38758268eee19d9b0c51c
26e138fdc0bfc8426704b397141d563cf4d580a2	vendor/wr-cores/modules/wr_endpoint/ep_tx_framer.vhd	e8df8c39e400953ca313f29d8ba6d98c63d03170	vendor/wr-cores/modules/wr_endpoint/ep_tx_framer.vhd	byte-identical	78ea6ccccd6fa8436ee8896022fdb3c2762bcfc123daae847036774921598f28
26e138fdc0bfc8426704b397141d563cf4d580a2	vendor/wr-cores/modules/wr_endpoint/ep_tx_header_processor.vhd	233f0b1309a36cf27a685e05eccb22abe9b150ee	vendor/wr-cores/modules/wr_endpoint/ep_tx_header_processor.vhd	byte-identical	af218089fa913ec365eeea539e0ce4f0a00b7210ffaa11664e28468135b52624
26e138fdc0bfc8426704b397141d563cf4d580a2	vendor/wr-cores/modules/wr_endpoint/ep_tx_inject_ctrl.vhd	766de7613b603e2918780725f7452ed09244a8a1	vendor/wr-cores/modules/wr_endpoint/ep_tx_inject_ctrl.vhd	byte-identical	c73ddee6b6cbbbdae1a1022b0abd8fb835b5fcc56bad3de1b5f9ef1dccddeb98
26e138fdc0bfc8426704b397141d563cf4d580a2	vendor/wr-cores/modules/wr_endpoint/ep_tx_packet_injection.vhd	08e40970c29905f50de1c13244b740e521c8fa1c	vendor/wr-cores/modules/wr_endpoint/ep_tx_packet_injection.vhd	byte-identical	3100e39c34d7f273715c29f6f5b3a7c2cb9e4a3287611b35aff3d057f603c494
26e138fdc0bfc8426704b397141d563cf4d580a2	vendor/wr-cores/modules/wr_endpoint/ep_tx_path.vhd	6f095154c925d3100f6ccc8a38b08d9db00fa709	vendor/wr-cores/modules/wr_endpoint/ep_tx_path.vhd	byte-identical	d0822cf8275e3d16499afb5aa1fe6889862afbd83a544d3332d37056e22c5017
26e138fdc0bfc8426704b397141d563cf4d580a2	vendor/wr-cores/modules/wr_endpoint/ep_tx_pcs_16bit.vhd	d5b9e8c4e29a029ad8429f222febf2fa1b139c1b	vendor/wr-cores/modules/wr_endpoint/ep_tx_pcs_16bit.vhd	byte-identical	2e5545b0919c6a7bdc6a8eea4f920daffdfab9a4964281fd498376e1ddcfbc2c
26e138fdc0bfc8426704b397141d563cf4d580a2	vendor/wr-cores/modules/wr_endpoint/ep_tx_pcs_8bit.vhd	17bca9e259465f767261c96e1effc3942fea4e01	vendor/wr-cores/modules/wr_endpoint/ep_tx_pcs_8bit.vhd	byte-identical	947698905a141218f9087cb271a1e1ff2960d69b8848a71d9e21fe7dca850f3f
26e138fdc0bfc8426704b397141d563cf4d580a2	vendor/wr-cores/modules/wr_endpoint/ep_tx_vlan_unit.vhd	97e1355ea48cdaf7b8f59dee429200ba8d6223b9	vendor/wr-cores/modules/wr_endpoint/ep_tx_vlan_unit.vhd	byte-identical	32fccb9020f30ed6f6f9dc2e557117ae10cc7daad6215d5bc986ae21b81e3852
26e138fdc0bfc8426704b397141d563cf4d580a2	vendor/wr-cores/modules/wr_endpoint/ep_wishbone_controller.vhd	6e943a33d296e3e5943ae69ea4c72831a82a8c6d	vendor/wr-cores/modules/wr_endpoint/ep_wishbone_controller.vhd	byte-identical	a491c689eff7cdaaab2a621c2fbe314039b057f593bc5ed73ecf846726a40aed
26e138fdc0bfc8426704b397141d563cf4d580a2	vendor/wr-cores/modules/wr_endpoint/ep_wishbone_controller.wb	6a6ecddecbd6de01062c8861642fd08150a1ae5e	vendor/wr-cores/modules/wr_endpoint/ep_wishbone_controller.wb	byte-identical	b0a0b89ee3232c6f0700f2bd6212e0f2d5f6f09745dc98980e63c334d0434e83
26e138fdc0bfc8426704b397141d563cf4d580a2	vendor/wr-cores/modules/wr_endpoint/generate-cheby-files.sh	cef04b2601d04afbc7f820a295548a9307edc7ca	vendor/wr-cores/modules/wr_endpoint/generate-cheby-files.sh	byte-identical	474396703a2cb4b6415055fa98034263710a4a32ccef2fccd4623a575cbdb554
26e138fdc0bfc8426704b397141d563cf4d580a2	vendor/wr-cores/modules/wr_endpoint/wr_endpoint.vhd	5e853307daf3e6ee90e4fae313a9641ad63b3a8d	vendor/wr-cores/modules/wr_endpoint/wr_endpoint.vhd	byte-identical	0ce29ef4ab5b6f6b9ffde7d7a9a1f739294a84b3d47af1720c7df3d484350abd
26e138fdc0bfc8426704b397141d563cf4d580a2	vendor/wr-cores/modules/wr_endpoint/xwr_endpoint.vhd	ef186f124acce220f262eb2635353a75faf0e9c0	vendor/wr-cores/modules/wr_endpoint/xwr_endpoint.vhd	byte-identical	09f816fd7bcdc2e292e0f9b5ff47325512082fcc54a36e9f92a07dc01c4def85
26e138fdc0bfc8426704b397141d563cf4d580a2	vendor/wr-cores/modules/wr_mini_nic/Manifest.py	bc6f503f3565315095a13fdeace1bb855b5ae64a	vendor/wr-cores/modules/wr_mini_nic/Manifest.py	byte-identical	3f11457a712b7eba138fea674a58d641a019307d555bb951aaed9b04c03f1d8e
26e138fdc0bfc8426704b397141d563cf4d580a2	vendor/wr-cores/modules/wr_mini_nic/build_wb.sh	1353da839aa0c82561918013f42c104f15c273a1	vendor/wr-cores/modules/wr_mini_nic/build_wb.sh	byte-identical	3a8f8960ce91d59e5d854f0f7695f54133caeae2fc0134ad9065433dfb4193d5
26e138fdc0bfc8426704b397141d563cf4d580a2	vendor/wr-cores/modules/wr_mini_nic/mini_nic.wb	edc7b8d9eb6806e28bd615fcde097ddd66c3adfc	vendor/wr-cores/modules/wr_mini_nic/mini_nic.wb	byte-identical	b2b8709e0bcbe8947955f8fac5eb06c6f896f7db23bcd44dafedce6f0c4483b6
26e138fdc0bfc8426704b397141d563cf4d580a2	vendor/wr-cores/modules/wr_mini_nic/minic_packet_buffer.vhd	274031e58fccc3eeadc6cd40c5a4ee3d6023ed4c	vendor/wr-cores/modules/wr_mini_nic/minic_packet_buffer.vhd	byte-identical	4c6f3500723777c88540100e1e62d24bfdebc33d8d751e4e24261d601ca6140e
26e138fdc0bfc8426704b397141d563cf4d580a2	vendor/wr-cores/modules/wr_mini_nic/minic_wb_slave.vhd	d6f1b8837655884d3aca1d560c6900aeb9618a51	vendor/wr-cores/modules/wr_mini_nic/minic_wb_slave.vhd	byte-identical	64c099ac98b8d932e60fa2fcc49cbe025084bb265c7d5c1bd53ae15e57e539f9
26e138fdc0bfc8426704b397141d563cf4d580a2	vendor/wr-cores/modules/wr_mini_nic/minic_wbgen2_pkg.vhd	fb7f32db5a81d687fbce9a031643e3561a6fe9c1	vendor/wr-cores/modules/wr_mini_nic/minic_wbgen2_pkg.vhd	byte-identical	47cdbbc6be16684b55aca778f42107ec31e374ad1a765172d53a5a7dcea86c08
26e138fdc0bfc8426704b397141d563cf4d580a2	vendor/wr-cores/modules/wr_mini_nic/wr_mini_nic.vhd	9c7ead8d4e7ed5cf3a4451c03de00fa6e2e475a2	vendor/wr-cores/modules/wr_mini_nic/wr_mini_nic.vhd	byte-identical	34784bbdf56d3dabc58ea7d6131f48fa12920cdf8acc9d27616ddbe07ff08a56
26e138fdc0bfc8426704b397141d563cf4d580a2	vendor/wr-cores/modules/wr_mini_nic/xwr_mini_nic.vhd	94b0746b6431715a9b9fa7137f3e0f34c855de90	vendor/wr-cores/modules/wr_mini_nic/xwr_mini_nic.vhd	byte-identical	29fb21e4ff954877f08de02f9d0c7fba60531a2871c58fe74b5409deeed00894
26e138fdc0bfc8426704b397141d563cf4d580a2	vendor/wr-cores/modules/wr_nic/Manifest.py	f24707d491ca1b4199f5cdfb88ab6824541011b0	vendor/wr-cores/modules/wr_nic/Manifest.py	byte-identical	455b8754bcd41f797a39d2d9c453b8d0e19471c2d9f612d0f3a9ed96342d1583
26e138fdc0bfc8426704b397141d563cf4d580a2	vendor/wr-cores/modules/wr_nic/build_wb.sh	1bfef4c56551fb96f008c515310135bc46c80783	vendor/wr-cores/modules/wr_nic/build_wb.sh	byte-identical	6113e546157c42307bbddc47d6d62db435df05a52d93de4ab5c6850e7aea7df0
26e138fdc0bfc8426704b397141d563cf4d580a2	vendor/wr-cores/modules/wr_nic/nic_buffer.vhd	b2cc56d530ed351843fc3fc55a2eb96402a9f551	vendor/wr-cores/modules/wr_nic/nic_buffer.vhd	byte-identical	d4934799f60ab0840bfa167f7633069bc2ddc7c5d86408e1942e6e0a859f9fbd
26e138fdc0bfc8426704b397141d563cf4d580a2	vendor/wr-cores/modules/wr_nic/nic_bw_throttling.vhd	dafa31c55b863f2d9579b4588085cf2ff7a4afe5	vendor/wr-cores/modules/wr_nic/nic_bw_throttling.vhd	byte-identical	b626f38cc756a76fa393e4d3c61cf1c9f4a826639cc13a4eed3afce5aa58d9a7
26e138fdc0bfc8426704b397141d563cf4d580a2	vendor/wr-cores/modules/wr_nic/nic_constants_pkg.vhd	c7444bf218a57691b5e83b9655788365800dd523	vendor/wr-cores/modules/wr_nic/nic_constants_pkg.vhd	byte-identical	a88b7fa62860fed29744fbb954f2e9f032b64ad3197b2bda3e7957e6dfb46623
26e138fdc0bfc8426704b397141d563cf4d580a2	vendor/wr-cores/modules/wr_nic/nic_descriptor_manager.vhd	1239729ff3cd43fd1b0d55cf453465a5b5c4b792	vendor/wr-cores/modules/wr_nic/nic_descriptor_manager.vhd	byte-identical	ed9f9b33c097c940f72dd0b952223fec827b3547025b4736265bbc3e163b8382
26e138fdc0bfc8426704b397141d563cf4d580a2	vendor/wr-cores/modules/wr_nic/nic_descriptors_pkg.vhd	dd54206164b58a12484fa3b6587b71a17339c76f	vendor/wr-cores/modules/wr_nic/nic_descriptors_pkg.vhd	byte-identical	8e22e9455104682b1fe423e9f6763be9f7ef5506bf58503f9821af466e2b1bcc
26e138fdc0bfc8426704b397141d563cf4d580a2	vendor/wr-cores/modules/wr_nic/nic_elastic_buffer.vhd	38dbf1ed96888b94f5c4f9b2b59740a5e6682723	vendor/wr-cores/modules/wr_nic/nic_elastic_buffer.vhd	byte-identical	b47c8eaa8a6474699fc3e0aff6fea8ae1fceb998aae5d5afd7a2911e7e100d63
26e138fdc0bfc8426704b397141d563cf4d580a2	vendor/wr-cores/modules/wr_nic/nic_rx_fsm.vhd	3f21cc2a6315a088cbc336ef072c304d6200edd1	vendor/wr-cores/modules/wr_nic/nic_rx_fsm.vhd	byte-identical	c3eee93240493c972d0619e9abb6929a90b685f9f6bbc4b7f5940f8be93f55ad
26e138fdc0bfc8426704b397141d563cf4d580a2	vendor/wr-cores/modules/wr_nic/nic_tx_fsm.vhd	205ec6148f27730621d953252d9f98f59e7165ed	vendor/wr-cores/modules/wr_nic/nic_tx_fsm.vhd	byte-identical	ab19e6764e8519803aef733b8cd8d643de99a5e737ba3ecc7048076582c436b8
26e138fdc0bfc8426704b397141d563cf4d580a2	vendor/wr-cores/modules/wr_nic/nic_wbgen2_pkg.vhd	a58a93c7bd4a95ed90f6902ae8ab4259750da408	vendor/wr-cores/modules/wr_nic/nic_wbgen2_pkg.vhd	byte-identical	29fe56ab274ba87710dcd92a502667d6953b398ac6c1ace9146832ace014207c
26e138fdc0bfc8426704b397141d563cf4d580a2	vendor/wr-cores/modules/wr_nic/nic_wishbone_slave.vhd	02f5698adda65fa345a33245793fbd7f6e25e7db	vendor/wr-cores/modules/wr_nic/nic_wishbone_slave.vhd	byte-identical	17f3ab96c1e4f660e1315db156b18d22e1eee31084f8bdf5eb254a41f6d6bef3
26e138fdc0bfc8426704b397141d563cf4d580a2	vendor/wr-cores/modules/wr_nic/wr_nic.vhd	b6eb69077912c44c70372176bcc57c876db46e65	vendor/wr-cores/modules/wr_nic/wr_nic.vhd	byte-identical	858baccedc9fbaa36f921179e465f55ca7faa7929d35cca444dd891075f945e5
26e138fdc0bfc8426704b397141d563cf4d580a2	vendor/wr-cores/modules/wr_nic/wr_nic.wb	0d99df0a98987bc7b730e514d05563db96740d36	vendor/wr-cores/modules/wr_nic/wr_nic.wb	byte-identical	e17fae5d6a08713b2cdb85919dccb58c5f1da7b9767a52cd6463da1e32cae87f
26e138fdc0bfc8426704b397141d563cf4d580a2	vendor/wr-cores/modules/wr_nic/wr_nic_wrapper.vhd	feec147c53d8432bc6aa0719e40cf63f4f059b07	vendor/wr-cores/modules/wr_nic/wr_nic_wrapper.vhd	byte-identical	6967a7dea480807b517fac8c4fbcbedc108f97ad1f26113252373ed686cf5dc5
26e138fdc0bfc8426704b397141d563cf4d580a2	vendor/wr-cores/modules/wr_nic/wr_nic_wrapper_pkg.vhd	f7e5519d449f09828f196450341c36c9f39a7b66	vendor/wr-cores/modules/wr_nic/wr_nic_wrapper_pkg.vhd	byte-identical	305f495314ec4eb602c145f4c5fde87462146f2259f0042967587d25274b8549
26e138fdc0bfc8426704b397141d563cf4d580a2	vendor/wr-cores/modules/wr_nic/xwr_nic.vhd	1fc8c3836451b6dc3813c5300f38193478757cbf	vendor/wr-cores/modules/wr_nic/xwr_nic.vhd	byte-identical	bb99ffb1dca3b88e0743e0cb0e754fc15cfcf506df09519bf8b70b257fb97c7a
26e138fdc0bfc8426704b397141d563cf4d580a2	vendor/wr-cores/modules/wr_pps_gen/Manifest.py	880238b0a76c5bcf0f966de788112fa243eb0d8a	vendor/wr-cores/modules/wr_pps_gen/Manifest.py	byte-identical	ad0b26a4d089adf6d252b6c8433875477bbb4b9686c62f3ea9f45e3a8543bb32
26e138fdc0bfc8426704b397141d563cf4d580a2	vendor/wr-cores/modules/wr_pps_gen/build_wb.sh	c02ea2f6e2626d5f750d29a0c70b1c69f33a05fa	vendor/wr-cores/modules/wr_pps_gen/build_wb.sh	byte-identical	1afe02e0f4443391dae005059680017b54fc46952544399171ce911e3ff43d10
26e138fdc0bfc8426704b397141d563cf4d580a2	vendor/wr-cores/modules/wr_pps_gen/pps_gen_wb.vhd	80c7786449f9a676697b0fdfc502a92094a6a130	vendor/wr-cores/modules/wr_pps_gen/pps_gen_wb.vhd	byte-identical	31fec162a8fc63f85e0ebb3dd6a66463c5a663823f99c8f66236f4ee371d70ea
26e138fdc0bfc8426704b397141d563cf4d580a2	vendor/wr-cores/modules/wr_pps_gen/pps_gen_wb.wb	2744cd9bc8ae32d14f63deffcd4ff71b5bafa336	vendor/wr-cores/modules/wr_pps_gen/pps_gen_wb.wb	byte-identical	a972c43fbf40470cb304605dc1c704d78985bd72ff16e47e4536a92daf6fae62
26e138fdc0bfc8426704b397141d563cf4d580a2	vendor/wr-cores/modules/wr_pps_gen/wr_pps_gen.vhd	415f4bf3ec4d77f4e919ecde0f04ca5b437371b6	vendor/wr-cores/modules/wr_pps_gen/wr_pps_gen.vhd	byte-identical	81a6ed3df70122e60dd1b3428a97cff1f8f2897135999dc39be1bda7b04e92a7
26e138fdc0bfc8426704b397141d563cf4d580a2	vendor/wr-cores/modules/wr_pps_gen/xwr_pps_gen.vhd	eb6fe020743c44b562865f45054f8b60881e9d59	vendor/wr-cores/modules/wr_pps_gen/xwr_pps_gen.vhd	byte-identical	3bb6a3807994ae46d65aa6f8ba2efc5aba8f8e9e75c90cfb269cb854b902defc
26e138fdc0bfc8426704b397141d563cf4d580a2	vendor/wr-cores/modules/wr_si57x_interface/Manifest.py	0203b9c7e2506b3b461ec02465c82cd13623724c	vendor/wr-cores/modules/wr_si57x_interface/Manifest.py	byte-identical	39c8172deb88cdc918d3c735d5347a1fbda0014a7cc46778b894be93cb448484
26e138fdc0bfc8426704b397141d563cf4d580a2	vendor/wr-cores/modules/wr_si57x_interface/si570_if_wb.vhd	d57dd8c3847a8f38fc86387fc449e76e40ecc062	vendor/wr-cores/modules/wr_si57x_interface/si570_if_wb.vhd	byte-identical	e42c942d7e37c0d46c20344ed48eb711870a12935cb6319a841f5a769c9cc8ec
26e138fdc0bfc8426704b397141d563cf4d580a2	vendor/wr-cores/modules/wr_si57x_interface/si570_if_wb.wb	da04b3d4b9d371b06adf6de07f90fc027cd77354	vendor/wr-cores/modules/wr_si57x_interface/si570_if_wb.wb	byte-identical	ae3e81651c7fb1502197625cffd09e9bb3c6857f280425e42deacdbacd04197a
26e138fdc0bfc8426704b397141d563cf4d580a2	vendor/wr-cores/modules/wr_si57x_interface/si570_if_wbgen2_pkg.vhd	f8b7abb5f2ecb24e69461c10314b12a36bb75a18	vendor/wr-cores/modules/wr_si57x_interface/si570_if_wbgen2_pkg.vhd	byte-identical	e6b42b05d10681f77314e22e00745adfe90d2c452d7acc141b4b0d6c998f5f71
26e138fdc0bfc8426704b397141d563cf4d580a2	vendor/wr-cores/modules/wr_si57x_interface/wr_si57x_interface.vhd	f05c09f4af2bb0df5e27fdd179a7e20de19fb63b	vendor/wr-cores/modules/wr_si57x_interface/wr_si57x_interface.vhd	byte-identical	e0101d84c33f1e37fcaa0c77e325167985b6a854ac4e20e6c708b3f054e37533
26e138fdc0bfc8426704b397141d563cf4d580a2	vendor/wr-cores/modules/wr_si57x_interface/xwr_si57x_interface.vhd	b82e413a0ff9e75f19a9fec97f42f22f7b0ce37b	vendor/wr-cores/modules/wr_si57x_interface/xwr_si57x_interface.vhd	byte-identical	d80908730e20e6dbe0583ef99ae7e0d6df3fa6ab7f667fb0c6c56d8da58a67b1
26e138fdc0bfc8426704b397141d563cf4d580a2	vendor/wr-cores/modules/wr_sit5359_interface/Manifest.py	0d26d4d1c05e90fbee20e0562309c69a8995aa83	vendor/wr-cores/modules/wr_sit5359_interface/Manifest.py	byte-identical	f2df1e06498bfc7c23c14d70c2b56d7bcb1715ae3601947c064ba668f2d7b8cd
26e138fdc0bfc8426704b397141d563cf4d580a2	vendor/wr-cores/modules/wr_sit5359_interface/build_wb.sh	5c4a9639dedaaba77a3cc02c100b66bf7c31673c	vendor/wr-cores/modules/wr_sit5359_interface/build_wb.sh	byte-identical	3a40bbbce5f1019790363567bce2a25f334475c47c43eebc7c53d61e7af635a4
26e138fdc0bfc8426704b397141d563cf4d580a2	vendor/wr-cores/modules/wr_sit5359_interface/sit5359_if_wb.vhd	afd66ea678810336747e35fd64b84362e4e87821	vendor/wr-cores/modules/wr_sit5359_interface/sit5359_if_wb.vhd	byte-identical	800ebf36aa6ce97c63f5f0c5811f25a83a77502bbb17db803f13312725559b2e
26e138fdc0bfc8426704b397141d563cf4d580a2	vendor/wr-cores/modules/wr_sit5359_interface/sit5359_if_wb.wb	4c32047a990075f6e3d6dfb42a470327c8472f13	vendor/wr-cores/modules/wr_sit5359_interface/sit5359_if_wb.wb	byte-identical	116bcb6cb813c7ba4ca53a4d189709f7f054e06f96b8cc08224934164b6ad281
26e138fdc0bfc8426704b397141d563cf4d580a2	vendor/wr-cores/modules/wr_sit5359_interface/sit5359_regs_pkg.vhd	29d376606c0f11437fb39dcc2cf7f3aef013cc5a	vendor/wr-cores/modules/wr_sit5359_interface/sit5359_regs_pkg.vhd	byte-identical	5ae4379d5e15364dd80e7d07a2ccd895693cbb76797be3f616e9e1ef14d5c3f1
26e138fdc0bfc8426704b397141d563cf4d580a2	vendor/wr-cores/modules/wr_sit5359_interface/wr_sit5359_interface.vhd	bdaf747e89e90f6cc7c7f5cccfc5891c77810296	vendor/wr-cores/modules/wr_sit5359_interface/wr_sit5359_interface.vhd	byte-identical	c9cbe20149d5fa2c33728d5576ca3efb69eceb81d3bb68b3eb2102050275ebd2
26e138fdc0bfc8426704b397141d563cf4d580a2	vendor/wr-cores/modules/wr_sit5359_interface/xwr_sit5359_interface.vhd	0b2173ac961febf31e3875baff042c14b41d7790	vendor/wr-cores/modules/wr_sit5359_interface/xwr_sit5359_interface.vhd	byte-identical	690ae38e1959dd2b522d4acae907fb0f3c93ae0fd01eba70c309f977770d6f71
26e138fdc0bfc8426704b397141d563cf4d580a2	vendor/wr-cores/modules/wr_softpll_ng/Manifest.py	7e76b298a252286adcbc835430d80834fadbcfad	vendor/wr-cores/modules/wr_softpll_ng/Manifest.py	byte-identical	39f23a3affa60dc065ffb33d5a84bc5b5841ec1861fe30c9c77cf17330fd59c9
26e138fdc0bfc8426704b397141d563cf4d580a2	vendor/wr-cores/modules/wr_softpll_ng/build_wb.sh	85ae3508c6479ff912ae21d5a467499da1d8419c	vendor/wr-cores/modules/wr_softpll_ng/build_wb.sh	byte-identical	73a2fa0fb90c9508e3c34633577c45144f0d604dab79894a64d885e24e9c6b01
26e138fdc0bfc8426704b397141d563cf4d580a2	vendor/wr-cores/modules/wr_softpll_ng/softpll_pkg.vhd	550d10f97b914dc5b9ee44c3bea5af465260a9cb	vendor/wr-cores/modules/wr_softpll_ng/softpll_pkg.vhd	byte-identical	88ec8f6b5307af94af76b11255295a16821a29bcadcc616174b1908069a9b5df
26e138fdc0bfc8426704b397141d563cf4d580a2	vendor/wr-cores/modules/wr_softpll_ng/spll_aligner.vhd	941279c02c656b5fab980146f8f2f75a8ac9912b	vendor/wr-cores/modules/wr_softpll_ng/spll_aligner.vhd	byte-identical	3ed8a4c36d86633931d97d9fbd53b38af258f5bdd29f1fec693eede708e9f7c3
26e138fdc0bfc8426704b397141d563cf4d580a2	vendor/wr-cores/modules/wr_softpll_ng/spll_bangbang_pd.vhd	df5c662ee793faf380b554cf9a278648aafcce1f	vendor/wr-cores/modules/wr_softpll_ng/spll_bangbang_pd.vhd	byte-identical	8ac1395a9a24a518a6cb5873f794a638b6a51d79620565013e28da1c965cf9bc
26e138fdc0bfc8426704b397141d563cf4d580a2	vendor/wr-cores/modules/wr_softpll_ng/spll_period_detect.vhd	70f176228469e87b841766c75cdd1235a2c1f31b	vendor/wr-cores/modules/wr_softpll_ng/spll_period_detect.vhd	byte-identical	506043d66397da63926825d38e077413a28788f71351d739f6e7205632557f1b
26e138fdc0bfc8426704b397141d563cf4d580a2	vendor/wr-cores/modules/wr_softpll_ng/spll_wb_slave.vhd	b92c66dc809052f8612d49c9168c2e3b77df8f79	vendor/wr-cores/modules/wr_softpll_ng/spll_wb_slave.vhd	byte-identical	044db3dd78841bc14239ad60bb5200cd9eb779514aa84d391abef300c80742d8
26e138fdc0bfc8426704b397141d563cf4d580a2	vendor/wr-cores/modules/wr_softpll_ng/spll_wb_slave.wb	6414bdbdd06804774f9db7fd049f5e28828dfd75	vendor/wr-cores/modules/wr_softpll_ng/spll_wb_slave.wb	byte-identical	98088929ce1b9199ccfb63c058997d512e377348eafcb6135e658c75eecc480e
26e138fdc0bfc8426704b397141d563cf4d580a2	vendor/wr-cores/modules/wr_softpll_ng/spll_wbgen2_pkg.vhd	2f947cbdc9565dd32d764717f489177379ee4f9a	vendor/wr-cores/modules/wr_softpll_ng/spll_wbgen2_pkg.vhd	byte-identical	2d126f3e4bf5cf7d1b9125a329744f89579ccd3e89fbcf00848bd3d6b30e49bd
26e138fdc0bfc8426704b397141d563cf4d580a2	vendor/wr-cores/modules/wr_softpll_ng/wr_softpll_ng.vhd	9e4ad33296d3370b4af56593edf9e4370ed9ea25	vendor/wr-cores/modules/wr_softpll_ng/wr_softpll_ng.vhd	byte-identical	3fbaddfb67eae457d4cfc46a066e8990db4780453939336cd3d8bc1590d97b19
26e138fdc0bfc8426704b397141d563cf4d580a2	vendor/wr-cores/modules/wr_softpll_ng/xwr_softpll_ng.vhd	70d2e075a222d1fb988997c8405e67b0f7c963d9	vendor/wr-cores/modules/wr_softpll_ng/xwr_softpll_ng.vhd	byte-identical	1fba08ac4e059708c8046b01ca8cb46345b6cf50624505148f0bb03d19c02577
26e138fdc0bfc8426704b397141d563cf4d580a2	vendor/wr-cores/modules/wr_streamers/Manifest.py	271bc59f76016abf6c32441cd5fe5a64afc55242	vendor/wr-cores/modules/wr_streamers/Manifest.py	byte-identical	b21a219f56f7c08657b6b37349538a0a27063879813dea79a8dbd001bf9a8348
26e138fdc0bfc8426704b397141d563cf4d580a2	vendor/wr-cores/modules/wr_streamers/build_wb.sh	3ffb2751f25d7d1ed430d1df8a4cce3804c502e6	vendor/wr-cores/modules/wr_streamers/build_wb.sh	byte-identical	967d372eac44a832f4d97a0d8bd8cd28d283ed42591b1602403dc64d3586c1ef
26e138fdc0bfc8426704b397141d563cf4d580a2	vendor/wr-cores/modules/wr_streamers/dropping_buffer.vhd	26c8df0c363a4d7dc6e2886a1dba5e6ba7298dc2	vendor/wr-cores/modules/wr_streamers/dropping_buffer.vhd	byte-identical	89c522c810c6c6c1b290e8902aa1adb85d757b8c05f9485c02c1b020faab676b
26e138fdc0bfc8426704b397141d563cf4d580a2	vendor/wr-cores/modules/wr_streamers/escape_detector.vhd	bdf112f7ac0236f919a84d46b50500581dfa0cfa	vendor/wr-cores/modules/wr_streamers/escape_detector.vhd	byte-identical	439dcb6fd7334be2c1c133f1849fa06eccd45b6a7980b2d0cdcde75b55f1aa1a
26e138fdc0bfc8426704b397141d563cf4d580a2	vendor/wr-cores/modules/wr_streamers/escape_inserter.vhd	e289a060d068e692e067d4ba6780371708132c65	vendor/wr-cores/modules/wr_streamers/escape_inserter.vhd	byte-identical	f1c6e0dc0d6de1e898234829f9c15441f7bc20624a6c329f0e180dd0c31e0114
26e138fdc0bfc8426704b397141d563cf4d580a2	vendor/wr-cores/modules/wr_streamers/fifo_showahead_adapter.vhd	fb45835ddeb0988a8b9140698764df79260366f3	vendor/wr-cores/modules/wr_streamers/fifo_showahead_adapter.vhd	byte-identical	e2dd223cb789e27330bec73936d4c7395287970a298cb7f53e44a1cff64f14a7
26e138fdc0bfc8426704b397141d563cf4d580a2	vendor/wr-cores/modules/wr_streamers/fixed_latency_delay.vhd	438d59216199f2e08e448c12e36513b91ae744cf	vendor/wr-cores/modules/wr_streamers/fixed_latency_delay.vhd	byte-identical	474568a9bec4cb79b8b09a72e0c6e26db9a2044459f6da822b495c26b89399e9
26e138fdc0bfc8426704b397141d563cf4d580a2	vendor/wr-cores/modules/wr_streamers/fixed_latency_ts_match.vhd	c49c171839f4c23150dc2213817ff9b696af258d	vendor/wr-cores/modules/wr_streamers/fixed_latency_ts_match.vhd	byte-identical	afd1de98bd5f1a4872ec8b3a768e66b331f18b466ae07000c2cb761dabe27a3b
26e138fdc0bfc8426704b397141d563cf4d580a2	vendor/wr-cores/modules/wr_streamers/rx_streamer.vhd	4ad13e13a13ade1ce25a0f455b070ed97316df28	vendor/wr-cores/modules/wr_streamers/rx_streamer.vhd	byte-identical	bdd6dce62788b91bf2d2a6d595680027874485bd23508dbefdfe4915a8dd7e0a
26e138fdc0bfc8426704b397141d563cf4d580a2	vendor/wr-cores/modules/wr_streamers/streamers_pkg.vhd	8bfd238de3806e022719d3757c49309120f3a1c7	vendor/wr-cores/modules/wr_streamers/streamers_pkg.vhd	byte-identical	8faa45c47b5f3e8a0c1b93a3b7947c6094c821aeca54b82776979bc1d8d3d2ef
26e138fdc0bfc8426704b397141d563cf4d580a2	vendor/wr-cores/modules/wr_streamers/streamers_priv_pkg.vhd	e3e425933f7f08fdbcc03cabdb73b41b332ddb3b	vendor/wr-cores/modules/wr_streamers/streamers_priv_pkg.vhd	byte-identical	da856d3dacc639b1b10ede273af588856259eb5a6e84981db5b764ac484090a4
26e138fdc0bfc8426704b397141d563cf4d580a2	vendor/wr-cores/modules/wr_streamers/ts_restore_tai.vhd	edd63b3faf0b1583f4c4d453d77b360992d57e06	vendor/wr-cores/modules/wr_streamers/ts_restore_tai.vhd	byte-identical	a38e58a1b53ef761933339026536b821f445944cb885ce00374092162f0e3e76
26e138fdc0bfc8426704b397141d563cf4d580a2	vendor/wr-cores/modules/wr_streamers/tx_streamer.vhd	f7c4b701cc8881623d14000a4264fb5ac4134db1	vendor/wr-cores/modules/wr_streamers/tx_streamer.vhd	byte-identical	08e1c68b0c18468ee3bc60a4bd47847e071b717ee1a3c334a44237979b711c19
26e138fdc0bfc8426704b397141d563cf4d580a2	vendor/wr-cores/modules/wr_streamers/wr_streamers_wb.html	414a07b63221978bca7a7988f05ba185d288ee59	vendor/wr-cores/modules/wr_streamers/wr_streamers_wb.html	byte-identical	90faa12b5962bbd50febec976e58862cc4df1d9c30810e39f6185e3262181e4b
26e138fdc0bfc8426704b397141d563cf4d580a2	vendor/wr-cores/modules/wr_streamers/wr_streamers_wb.vhd	703ca76f3f8c461400116d71c7463e434b3851a1	vendor/wr-cores/modules/wr_streamers/wr_streamers_wb.vhd	byte-identical	15232ebd3eadd9306772ae625466fbb9ae1bb29611e632ac5160a409640e97fd
26e138fdc0bfc8426704b397141d563cf4d580a2	vendor/wr-cores/modules/wr_streamers/wr_streamers_wb.wb	baa519060d4273b24249d6204c161676a9e1226e	vendor/wr-cores/modules/wr_streamers/wr_streamers_wb.wb	byte-identical	a42ec097d2ce9946cce9bc7b7d0421868ab32687afc79805ff86b5376b6dbc4d
26e138fdc0bfc8426704b397141d563cf4d580a2	vendor/wr-cores/modules/wr_streamers/wr_streamers_wbgen2_pkg.vhd	59189225c79e1a868e5f626ec65426f5de950d99	vendor/wr-cores/modules/wr_streamers/wr_streamers_wbgen2_pkg.vhd	byte-identical	4503d849066a7eefd7fcbc7de5e29a0d17c346e279578a4e1da1c258e2b2e4a8
26e138fdc0bfc8426704b397141d563cf4d580a2	vendor/wr-cores/modules/wr_streamers/xrtx_streamers_stats.vhd	1b4c4cd5ff3939699e85f06824addaac6c8eee51	vendor/wr-cores/modules/wr_streamers/xrtx_streamers_stats.vhd	byte-identical	871fdb081b9a8cf8394cdffae61dd6328e6270d3e36deb1fd9243b6ecca61b2d
26e138fdc0bfc8426704b397141d563cf4d580a2	vendor/wr-cores/modules/wr_streamers/xrx_streamer.vhd	6bc0a77c2833e5316e32ff44e3a531cf30d22443	vendor/wr-cores/modules/wr_streamers/xrx_streamer.vhd	byte-identical	6efa449f77c4fb9f580b98399b5805ccf98c90ac26e2b5eb67343dd3d80a5119
26e138fdc0bfc8426704b397141d563cf4d580a2	vendor/wr-cores/modules/wr_streamers/xrx_streamers_stats.vhd	f8454845045c1ee5e445a88c49db1cba3d3d5942	vendor/wr-cores/modules/wr_streamers/xrx_streamers_stats.vhd	byte-identical	d2882b395fa3c043672c2bd04571869dd7ed20bcc246a4c18cc40553e83e8125
26e138fdc0bfc8426704b397141d563cf4d580a2	vendor/wr-cores/modules/wr_streamers/xtx_streamer.vhd	c8969512dcd5b22b238035e744acc52e03183e5e	vendor/wr-cores/modules/wr_streamers/xtx_streamer.vhd	byte-identical	02fbe705637cab4912a29a04494b94c28886ac15ff094fe0c2df9ff09890c31a
26e138fdc0bfc8426704b397141d563cf4d580a2	vendor/wr-cores/modules/wr_streamers/xtx_streamers_stats.vhd	95bd4bb473338ac484757cdab9dd066180df677d	vendor/wr-cores/modules/wr_streamers/xtx_streamers_stats.vhd	byte-identical	cd16729ebd591246101363ae513357b5155098d199df6396ef24c0acb5807990
26e138fdc0bfc8426704b397141d563cf4d580a2	vendor/wr-cores/modules/wr_streamers/xwr_streamers.vhd	9ebd56afa1860a7165e17590ea12e2c3deb81e38	vendor/wr-cores/modules/wr_streamers/xwr_streamers.vhd	byte-identical	a9b3f4e08a2afcf509cc49c509a07e438039d8398af0c5ec57c0acc9eb584ab6
26e138fdc0bfc8426704b397141d563cf4d580a2	vendor/wr-cores/modules/wr_tbi_phy/Manifest.py	dec634c8475d5890872fb4826d7766dded9300cc	vendor/wr-cores/modules/wr_tbi_phy/Manifest.py	byte-identical	9fbb2003e5f83b94a3dd4cf12153eef01fb8d116c74d394252c941ae10a05c29
26e138fdc0bfc8426704b397141d563cf4d580a2	vendor/wr-cores/modules/wr_tbi_phy/dec_8b10b.vhd	fcb2124516f90035d8494c4da1426529516f287b	vendor/wr-cores/modules/wr_tbi_phy/dec_8b10b.vhd	byte-identical	98054ed3e689f1068a6885de0a0b03b218788e8945a5605991e90269c3358129
26e138fdc0bfc8426704b397141d563cf4d580a2	vendor/wr-cores/modules/wr_tbi_phy/disparity_gen_pkg.vhd	3c23afa591ea2e0ac40e309cfeacd2a820ce2af7	vendor/wr-cores/modules/wr_tbi_phy/disparity_gen_pkg.vhd	byte-identical	60a7ce3b7c21d30e60a296f7f54ba8237c4b7113385589b98eeb5ce59e227d1b
26e138fdc0bfc8426704b397141d563cf4d580a2	vendor/wr-cores/modules/wr_tbi_phy/enc_8b10b.vhd	60186f78d8c3fd5ab528d1b5c1c8a8829c8b3f60	vendor/wr-cores/modules/wr_tbi_phy/enc_8b10b.vhd	byte-identical	560dd80d882fe84938084f5eef11f6e0b6fb85000666fbb9ef31dba38a475b3a
26e138fdc0bfc8426704b397141d563cf4d580a2	vendor/wr-cores/modules/wr_tbi_phy/wr_tbi_phy.vhd	a3bcf39ab4d5b0182e73e0ba59aeb967834ff3ea	vendor/wr-cores/modules/wr_tbi_phy/wr_tbi_phy.vhd	byte-identical	2aa049f6730bed0939070d536763bcc1fa876f0fe28bb8597505747d7c9502e1
26e138fdc0bfc8426704b397141d563cf4d580a2	vendor/wr-cores/modules/wr_tlu/.gitignore	b49b8dec982b6aad3b934d398160483e9a9355b5	vendor/wr-cores/modules/wr_tlu/.gitignore	byte-identical	b699170aec81ea1c7ef80d163b5f32c884a42f1145b3a30665e2cb1d377fc2ad
26e138fdc0bfc8426704b397141d563cf4d580a2	vendor/wr-cores/modules/wr_tlu/Manifest.py	70879c0787b4d9f3c206f62d1acfa47875a1fcd3	vendor/wr-cores/modules/wr_tlu/Manifest.py	byte-identical	ef0667ecd7c76c8913f96c26f1059c8f74386ebac95599fb179bf5ec297ba2b2
26e138fdc0bfc8426704b397141d563cf4d580a2	vendor/wr-cores/modules/wr_tlu/lib/tlu.cpp	a2eb466a06cabc66a0cc32c8104cb81fbfba3c78	vendor/wr-cores/modules/wr_tlu/lib/tlu.cpp	byte-identical	81a5e4fc09bfadb046943c738d2c9a5e6106c80cb6aaf15b1e9b11204644cad0
26e138fdc0bfc8426704b397141d563cf4d580a2	vendor/wr-cores/modules/wr_tlu/tlu-ctl.cpp	187736bf1520215daf57a4fb13c552ffdbb358d7	vendor/wr-cores/modules/wr_tlu/tlu-ctl.cpp	byte-identical	88e8302d4824fd6b0137ceccc774e620b0ca88ded8868150aab5ea370db33d21
26e138fdc0bfc8426704b397141d563cf4d580a2	vendor/wr-cores/modules/wr_tlu/tlu.vhd	926193db000d4e848df594fb9d8dbbd6ca990640	vendor/wr-cores/modules/wr_tlu/tlu.vhd	byte-identical	dd93916f0160a4b8497b8d4e9640dc61191782a43192e0a3b79792846970078a
26e138fdc0bfc8426704b397141d563cf4d580a2	vendor/wr-cores/modules/wr_tlu/tlu_fsm.vhd	8fc6edec7ff9e2a637921f53c96af455243d724d	vendor/wr-cores/modules/wr_tlu/tlu_fsm.vhd	byte-identical	e3c30e234da1d04cddcf915c61c53a50dc0cd006e4ed8c10786413a337bc373d
26e138fdc0bfc8426704b397141d563cf4d580a2	vendor/wr-cores/modules/wr_tlu/tlu_pkg.vhd	b1ef8de47bca3551afbbf9ee024c2d3c6bedf417	vendor/wr-cores/modules/wr_tlu/tlu_pkg.vhd	byte-identical	1e25a88b45314f348690fa779d86ed3351f521c148bf3f6043ef7ee89c6c9941
26e138fdc0bfc8426704b397141d563cf4d580a2	vendor/wr-cores/modules/wr_tlu/tlu_tb.vhd	ca844b64f7805ee9d0378deeca5c50832a23622b	vendor/wr-cores/modules/wr_tlu/tlu_tb.vhd	byte-identical	7d839c699cabe79cbf0f84da1b10c2c5de00bc2b4d71d32a3e523ccd234f5cf4
26e138fdc0bfc8426704b397141d563cf4d580a2	vendor/wr-cores/modules/wr_txtsu/Manifest.py	36715e7a7b9e97007a6b17ffd68fc5de1401aaa1	vendor/wr-cores/modules/wr_txtsu/Manifest.py	byte-identical	15da40def8916d164a86c8ba3bd9a9cca97c183bd7c99e2b0a8d73beca487197
26e138fdc0bfc8426704b397141d563cf4d580a2	vendor/wr-cores/modules/wr_txtsu/wr_txtsu.wb	016e28dc09a86f286d84e6ebb35f0fb434281bd8	vendor/wr-cores/modules/wr_txtsu/wr_txtsu.wb	byte-identical	47711e4fd284d311d935b054a8ca163892999f5f59eda08ffb4a294576cdd5d5
26e138fdc0bfc8426704b397141d563cf4d580a2	vendor/wr-cores/modules/wr_txtsu/wr_txtsu_pkg.vhd	31b5ea139cee4230f5427ba1619890ec092ababe	vendor/wr-cores/modules/wr_txtsu/wr_txtsu_pkg.vhd	byte-identical	392b28c3039bf2cead686db493b358cc917573bee3514f3fbaa45f311586900e
26e138fdc0bfc8426704b397141d563cf4d580a2	vendor/wr-cores/modules/wr_txtsu/wr_txtsu_wb.vhd	b297d6fdd9fd73ff668a6dc9ba56862b834647a0	vendor/wr-cores/modules/wr_txtsu/wr_txtsu_wb.vhd	byte-identical	ad4b5098e5edb99686b1c2239114f96acb1ff51d279e9057a425f625130cf491
26e138fdc0bfc8426704b397141d563cf4d580a2	vendor/wr-cores/modules/wr_txtsu/xwr_txtsu.vhd	57ba87f2baeb6a3a0b5798083aa186c5523b6ab2	vendor/wr-cores/modules/wr_txtsu/xwr_txtsu.vhd	byte-identical	f85353f76814ce361c21c79e0c67223356399e6d62a9f00d9904097e4e9d0cd7
26e138fdc0bfc8426704b397141d563cf4d580a2	vendor/wr-cores/modules/wrc_core/Manifest.py	b6284977526903d8a4a36b3eab7316eb1c6fd8ef	vendor/wr-cores/modules/wrc_core/Manifest.py	byte-identical	e93d10e5497c98695811af7a5301ca6b24e0392027c18210a56b04bda0239f23
26e138fdc0bfc8426704b397141d563cf4d580a2	vendor/wr-cores/modules/wrc_core/build_wb.sh	4ae6450ab37f8efa8508760587d535f647649346	vendor/wr-cores/modules/wrc_core/build_wb.sh	byte-identical	53b81fccc25f2e7a11518bfe7bc49ae90f24f6dc3826dc557fe35f6feb2a5db6
26e138fdc0bfc8426704b397141d563cf4d580a2	vendor/wr-cores/modules/wrc_core/wr_core.vhd	b278d24134be1abb726e37957a08b2c68792bd83	vendor/wr-cores/modules/wrc_core/wr_core.vhd	byte-identical	c6e53ac2576dce9cabd544b1087001251cb974587e21c061cfdb1b1df8a9b957
26e138fdc0bfc8426704b397141d563cf4d580a2	vendor/wr-cores/modules/wrc_core/wrc_cpu_csr.wb	a3805f0e22adce1c52a9d7d13094613c02a6eb95	vendor/wr-cores/modules/wrc_core/wrc_cpu_csr.wb	byte-identical	ad6b8831baa4a81a7fd0446b81047389a8a9fc7094f870a9b1242bf47d7a7f7e
26e138fdc0bfc8426704b397141d563cf4d580a2	vendor/wr-cores/modules/wrc_core/wrc_cpu_csr_wb.vhd	f97cddfc4d1048744ca76ac3b83eceee523fb833	vendor/wr-cores/modules/wrc_core/wrc_cpu_csr_wb.vhd	byte-identical	821be5438a67b236ae14c183f05da3c3bf3eb4968bf8ac86f5541e2a5b102cbc
26e138fdc0bfc8426704b397141d563cf4d580a2	vendor/wr-cores/modules/wrc_core/wrc_cpu_csr_wbgen2_pkg.vhd	49620d48695980a998738115f48d300d20686d4f	vendor/wr-cores/modules/wrc_core/wrc_cpu_csr_wbgen2_pkg.vhd	byte-identical	8bdf0d868b0104a5dc0ad36bec14e79c28c837a2c96d112053fd10808a044f04
26e138fdc0bfc8426704b397141d563cf4d580a2	vendor/wr-cores/modules/wrc_core/wrc_diags_dpram.vhd	83af1b4844b02e0c67ec0395034a9d3d15b612d7	vendor/wr-cores/modules/wrc_core/wrc_diags_dpram.vhd	byte-identical	8387080c39cf18ec3a080f1f7040b4d4a2d5bc089789347c22cd6607c59dc684
26e138fdc0bfc8426704b397141d563cf4d580a2	vendor/wr-cores/modules/wrc_core/wrc_diags_regs.cheby	d763b55d72073f04750d57ddbf9196734aa2a4ec	vendor/wr-cores/modules/wrc_core/wrc_diags_regs.cheby	byte-identical	2e7754bd378de78a78c4a1148c43caca939e2019e2a3cfcecd4ee714cfae7b49
26e138fdc0bfc8426704b397141d563cf4d580a2	vendor/wr-cores/modules/wrc_core/wrc_periph.vhd	4642ca54d86f51c85918eff2c5a97987cef71c6d	vendor/wr-cores/modules/wrc_core/wrc_periph.vhd	byte-identical	b18f3a438b1784a6686b04f68e8b5405cc1b4337048edb5b8a4374f46bb25703
26e138fdc0bfc8426704b397141d563cf4d580a2	vendor/wr-cores/modules/wrc_core/wrc_syscon_pkg.vhd	2862865fb28ce5952c2fe1b490c17d4fc2aa5423	vendor/wr-cores/modules/wrc_core/wrc_syscon_pkg.vhd	byte-identical	68cce2d3a0a544b2a8762d19976547217f1d7347246c1f460703445e19ea65df
26e138fdc0bfc8426704b397141d563cf4d580a2	vendor/wr-cores/modules/wrc_core/wrc_syscon_wb.vhd	ae3e95b219fb534eed19b7f77f63135506d9eebf	vendor/wr-cores/modules/wrc_core/wrc_syscon_wb.vhd	byte-identical	c4e3d37a0c7b268ada3671cb99018137cb397e76c57a52499421cdd35c2f9919
26e138fdc0bfc8426704b397141d563cf4d580a2	vendor/wr-cores/modules/wrc_core/wrc_syscon_wb.wb	f231864c97c3d352a4b5fa4d9f1b5c0f3685ccd3	vendor/wr-cores/modules/wrc_core/wrc_syscon_wb.wb	byte-identical	1bed8e4df34b1e9141c6592a1810999ba884f5071630cd5270f6d68824835791
26e138fdc0bfc8426704b397141d563cf4d580a2	vendor/wr-cores/modules/wrc_core/wrc_urv_wrapper.vhd	10ee7134af4286114a43902d3e86945cc8f4937a	vendor/wr-cores/modules/wrc_core/wrc_urv_wrapper.vhd	byte-identical	c3c7c7d459809e7eb20a1e841dcbec3ee8839fa1a13707b35dc48735d95672fc
26e138fdc0bfc8426704b397141d563cf4d580a2	vendor/wr-cores/modules/wrc_core/wrcore_pkg.vhd	53b0eb19646fb6160e7bf876ee5653c4978aba22	vendor/wr-cores/modules/wrc_core/wrcore_pkg.vhd	byte-identical	7ab2702c497e797f12174d485a9f083433484e79a07cd2f0b6a40eba05e21534
26e138fdc0bfc8426704b397141d563cf4d580a2	vendor/wr-cores/modules/wrc_core/xwr_core.vhd	43df14f82a8cf2c08739c60664f5f9aafa0fe228	vendor/wr-cores/modules/wrc_core/xwr_core.vhd	byte-identical	15745e71e87490d6ff3ed637d9b2b439b5b49a052ed2e2bfe2773ee0b6adccae
26e138fdc0bfc8426704b397141d563cf4d580a2	vendor/wr-cores/platform/Manifest.py	5c8dd7ba4306e3727d32352a2118817484d45813	vendor/wr-cores/platform/Manifest.py	byte-identical	724ca7cc7a4e22c9c8b254d34c399ce1597fe75b1624d633aae5ed54707c7054
26e138fdc0bfc8426704b397141d563cf4d580a2	vendor/wr-cores/platform/altera/Manifest.py	6312b94cd2728dbff37cb64f459eb6669431369a	vendor/wr-cores/platform/altera/Manifest.py	byte-identical	e42cf814bc607df4720ffacbfd4ea6d3b1a60770a52e979ff50fe7fab37f07ac
26e138fdc0bfc8426704b397141d563cf4d580a2	vendor/wr-cores/platform/altera/wr_altera_pkg.vhd	62313c329a986891a79ebe9f514b077ec55d065b	vendor/wr-cores/platform/altera/wr_altera_pkg.vhd	byte-identical	c62e671bbb8d94099d6d9e1b5510b5c87b841ee344f872547434ce77bd34ac66
26e138fdc0bfc8426704b397141d563cf4d580a2	vendor/wr-cores/platform/altera/wr_arria2_phy/.gitignore	92ef616c11d8f28a7a14cf3793ccdc448766c3d8	vendor/wr-cores/platform/altera/wr_arria2_phy/.gitignore	byte-identical	bced734e7340170dc45418db84a5c72038cc65deeb930a2630131169758ac336
26e138fdc0bfc8426704b397141d563cf4d580a2	vendor/wr-cores/platform/altera/wr_arria2_phy/Manifest.py	7cb0dfb47045febda1ba5efba52b60c033d04823	vendor/wr-cores/platform/altera/wr_arria2_phy/Manifest.py	byte-identical	3423b97327a4a81b8fed552881168a69960a0c642499c9df65c26eefddc2a6fa
26e138fdc0bfc8426704b397141d563cf4d580a2	vendor/wr-cores/platform/altera/wr_arria2_phy/arria2_phy.txt	20549de21665254e589fb740093f0f67727a8a9c	vendor/wr-cores/platform/altera/wr_arria2_phy/arria2_phy.txt	byte-identical	cef9d8c2a69d571c32c4975ed75474d9fab81250ee83a5d18a9ad6d7bcc9dc18
26e138fdc0bfc8426704b397141d563cf4d580a2	vendor/wr-cores/platform/altera/wr_arria2_phy/arria2_phy_reconf.txt	a18ecf47eee5a7c40a5d414c42e49e3799faf1f2	vendor/wr-cores/platform/altera/wr_arria2_phy/arria2_phy_reconf.txt	byte-identical	031bb6fd1d24543d7c425c3ba152b8898ab825ea416e5d9804eb704abee30204
26e138fdc0bfc8426704b397141d563cf4d580a2	vendor/wr-cores/platform/altera/wr_arria2_phy/wr_arria2_phy.qip	03a9066a78a2b10428a013454dd3009fe167806a	vendor/wr-cores/platform/altera/wr_arria2_phy/wr_arria2_phy.qip	byte-identical	d2a840e00d3378d4356490336ab6b14faf8a4467df6cb09c457e0c70a4674574
26e138fdc0bfc8426704b397141d563cf4d580a2	vendor/wr-cores/platform/altera/wr_arria2_phy/wr_arria2_phy.tcl	76358739dec66b150ace15dfb413507dbb2e8587	vendor/wr-cores/platform/altera/wr_arria2_phy/wr_arria2_phy.tcl	byte-identical	8a3b4ee677bf63acbbc6732ead52476f9402205d979fe114e111db8b139620ba
26e138fdc0bfc8426704b397141d563cf4d580a2	vendor/wr-cores/platform/altera/wr_arria2_phy/wr_arria2_phy.vhd	2cb104b6f6d49763d0de80af910b17d51991adb1	vendor/wr-cores/platform/altera/wr_arria2_phy/wr_arria2_phy.vhd	byte-identical	5bf6dfef5f849fc714219a4a38631e1e76bdad158737ce5f980d9b42e3fa26e5
26e138fdc0bfc8426704b397141d563cf4d580a2	vendor/wr-cores/platform/altera/wr_arria5_phy/Manifest.py	80cac60b800fb3f95158342ccfc3f65d97a04dfd	vendor/wr-cores/platform/altera/wr_arria5_phy/Manifest.py	byte-identical	4581699755fa09d116f9ffe08d1cfb878a8215ef76870b62c1114675110d5377
26e138fdc0bfc8426704b397141d563cf4d580a2	vendor/wr-cores/platform/altera/wr_arria5_phy/arria5_phy16.txt	c0db1879b7d4795dbffa0d8ee1b18d593c601655	vendor/wr-cores/platform/altera/wr_arria5_phy/arria5_phy16.txt	byte-identical	d5818e7d12a6e6b73aa55f3a8ac16de69538066b768fc43e5a20eb060d8ae086
26e138fdc0bfc8426704b397141d563cf4d580a2	vendor/wr-cores/platform/altera/wr_arria5_phy/arria5_phy8.txt	5b52cbad1047024c951d5e5483e0cb5919df3069	vendor/wr-cores/platform/altera/wr_arria5_phy/arria5_phy8.txt	byte-identical	bb2898c9e2399139703a58767c1b90ac2ddccedb0a6f6b315d7c52f1819766db
26e138fdc0bfc8426704b397141d563cf4d580a2	vendor/wr-cores/platform/altera/wr_arria5_phy/arria5_phy_reconf.txt	78e0f2fe206f2bdbf422449b5dc30647055f52b9	vendor/wr-cores/platform/altera/wr_arria5_phy/arria5_phy_reconf.txt	byte-identical	0a7bb751778ab4f10f2c7ba5e7c2fcd38f6e6ff44e061d057cf367cdf33309d2
26e138fdc0bfc8426704b397141d563cf4d580a2	vendor/wr-cores/platform/altera/wr_arria5_phy/wr_arria5_phy.tcl	4ff2a14cdc5171a1a5245738b56f9768963d6dd3	vendor/wr-cores/platform/altera/wr_arria5_phy/wr_arria5_phy.tcl	byte-identical	f1c19d710a131e7050892118528cca2dfd7a49b75e8a5526b30560ff469664f5
26e138fdc0bfc8426704b397141d563cf4d580a2	vendor/wr-cores/platform/altera/wr_arria5_pll_default/arria5_dmtd_pll_default.txt	1733a7af9601669503d89f1fc9f2ebe4ea19a054	vendor/wr-cores/platform/altera/wr_arria5_pll_default/arria5_dmtd_pll_default.txt	byte-identical	ee724b5b770fb0c60a27b68a04cd3799f491150714b4fd4507e4938e167a8433
26e138fdc0bfc8426704b397141d563cf4d580a2	vendor/wr-cores/platform/altera/wr_arria5_pll_default/arria5_ext_ref_pll_default.txt	1d12a3add21452c97e196c8d65898125f564a9e0	vendor/wr-cores/platform/altera/wr_arria5_pll_default/arria5_ext_ref_pll_default.txt	byte-identical	6eeaece5a287cf497477584d70309c5db283a11065e446a50bcabd5ec1fe2584
26e138fdc0bfc8426704b397141d563cf4d580a2	vendor/wr-cores/platform/altera/wr_arria5_pll_default/arria5_sys_pll_default.txt	1355dea70374fcfced3b4f0e3095fe6e628809d4	vendor/wr-cores/platform/altera/wr_arria5_pll_default/arria5_sys_pll_default.txt	byte-identical	2a0bb1306bd35db3684cb3ebad56fa3c3e41334abd17745472750d2e71046605
26e138fdc0bfc8426704b397141d563cf4d580a2	vendor/wr-cores/platform/altera/wr_arria5_pll_default/wr_arria5_pll_default.tcl	fc067a558ce8901c6411d64de396a2ce8576b201	vendor/wr-cores/platform/altera/wr_arria5_pll_default/wr_arria5_pll_default.tcl	byte-identical	561319b34ddac8a8b30c7cd6fcda3746567fd3799b330d099699ddaea423722b
26e138fdc0bfc8426704b397141d563cf4d580a2	vendor/wr-cores/platform/altera/xwrc_platform_altera.vhd	b3a7147807dd32473bae469d23c1bc4450dd0dfb	vendor/wr-cores/platform/altera/xwrc_platform_altera.vhd	byte-identical	893f7ed1625dea92e7065036bf71643759a565b55d65d321956e92110e9e4af1
26e138fdc0bfc8426704b397141d563cf4d580a2	vendor/wr-cores/platform/xilinx/Manifest.py	fbe4e36fb785c0c96c6f49d57311cddf63dacd11	vendor/wr-cores/platform/xilinx/Manifest.py	byte-identical	302343fffc65e25559898b28ce77aa1582348dd1ba1fa88d5f735a9f9cb7e68e
26e138fdc0bfc8426704b397141d563cf4d580a2	vendor/wr-cores/platform/xilinx/chipscope/Manifest.py	9114965bbfae41631dd2282b139645dd3cc2edd9	vendor/wr-cores/platform/xilinx/chipscope/Manifest.py	byte-identical	c605d484ce050c8c5be57085921d29c5dc8a3b6e36cc3226384f73227521ab6b
26e138fdc0bfc8426704b397141d563cf4d580a2	vendor/wr-cores/platform/xilinx/chipscope/chipscope_spartan6_icon.ngc	f6819842b588cfebe1879be30bc0c67c6b97ab04	vendor/wr-cores/platform/xilinx/chipscope/chipscope_spartan6_icon.ngc	byte-identical	ef27e73b84d5abd3abd5710ba1142f13c880c23d33ad0cc25159242cae538304
26e138fdc0bfc8426704b397141d563cf4d580a2	vendor/wr-cores/platform/xilinx/chipscope/chipscope_spartan6_ila.ngc	a75d1b1c04126632be7b4fe3a13caf161f848ad4	vendor/wr-cores/platform/xilinx/chipscope/chipscope_spartan6_ila.ngc	byte-identical	e50ad55eb172d8333c94a4ae6200b86978a07a9431a9d4f67e56f1b56f2d0115
26e138fdc0bfc8426704b397141d563cf4d580a2	vendor/wr-cores/platform/xilinx/chipscope/chipscope_virtex5_icon.ngc	f12aa6312698f2c17299d01a07bc4c56380f127e	vendor/wr-cores/platform/xilinx/chipscope/chipscope_virtex5_icon.ngc	byte-identical	b92719aac188be5dc544b6e293f1fe276d97681b6949275c6f805f0b7ada09ce
26e138fdc0bfc8426704b397141d563cf4d580a2	vendor/wr-cores/platform/xilinx/chipscope/chipscope_virtex5_ila.ngc	774023a5a6b4163b227bf1c0f2567d681959f842	vendor/wr-cores/platform/xilinx/chipscope/chipscope_virtex5_ila.ngc	byte-identical	a465489f8b4e7149ead6b0974fcaf38655bb359714f20c165323506087a49d12
26e138fdc0bfc8426704b397141d563cf4d580a2	vendor/wr-cores/platform/xilinx/wr_gtp_phy/Manifest.py	b0d0811375f9669193105e5655f10e7204343636	vendor/wr-cores/platform/xilinx/wr_gtp_phy/Manifest.py	byte-identical	d8031473616793efd56c3c4802e3648ca64bf2e04b595eb42af3983a3e122729
26e138fdc0bfc8426704b397141d563cf4d580a2	vendor/wr-cores/platform/xilinx/wr_gtp_phy/common/generate-cheby-files.sh	42d4f315d188c91b31bf49e62862a635abb415bf	vendor/wr-cores/platform/xilinx/wr_gtp_phy/common/generate-cheby-files.sh	byte-identical	50267f505d9f8afc249732481f1b6a1b34a183859d0ec61452cfc4b73e826423
26e138fdc0bfc8426704b397141d563cf4d580a2	vendor/wr-cores/platform/xilinx/wr_gtp_phy/common/lpdc_mdio_regs.cheby	a3febb0b1ac94adc1d8f0a1e540f2ebe440d5396	vendor/wr-cores/platform/xilinx/wr_gtp_phy/common/lpdc_mdio_regs.cheby	byte-identical	4da0a5a1183db47cfb94ef2f8244a2f37eda7c482d8b37aa3661da2dc983beae
26e138fdc0bfc8426704b397141d563cf4d580a2	vendor/wr-cores/platform/xilinx/wr_gtp_phy/common/lpdc_mdio_regs.vhd	64e402cb1d85b7b16fee7a55afab8dd29f89d917	vendor/wr-cores/platform/xilinx/wr_gtp_phy/common/lpdc_mdio_regs.vhd	byte-identical	4c5f93e7b99a02536d74ece52cd49471d93a12025550170022ad965743be017e
26e138fdc0bfc8426704b397141d563cf4d580a2	vendor/wr-cores/platform/xilinx/wr_gtp_phy/family7-gth/whiterabbit_gthe2_channel_wrapper_gt.vhd	fd32ca272e3c8c96f8d8dc6b10641a84a4e58aeb	vendor/wr-cores/platform/xilinx/wr_gtp_phy/family7-gth/whiterabbit_gthe2_channel_wrapper_gt.vhd	byte-identical	aa943d56ecb18bcd948165220755dc4d8b544d5e3a25a53a12e0e4d425077d9d
26e138fdc0bfc8426704b397141d563cf4d580a2	vendor/wr-cores/platform/xilinx/wr_gtp_phy/family7-gth/whiterabbit_gthe2_channel_wrapper_gtrxreset_seq.vhd	5fe6348e6813d0369c906969c14d499e70a6a510	vendor/wr-cores/platform/xilinx/wr_gtp_phy/family7-gth/whiterabbit_gthe2_channel_wrapper_gtrxreset_seq.vhd	byte-identical	4b5202f13a80cd262dbb75f63f828ae99f676b69db6d32190a1c8b69e3e798fa
26e138fdc0bfc8426704b397141d563cf4d580a2	vendor/wr-cores/platform/xilinx/wr_gtp_phy/family7-gth/whiterabbit_gthe2_channel_wrapper_sync_block.vhd	e8da18c86d5e2f6da0eafd4f5e43e19d70fb6a2c	vendor/wr-cores/platform/xilinx/wr_gtp_phy/family7-gth/whiterabbit_gthe2_channel_wrapper_sync_block.vhd	byte-identical	9db96f62c72ffae217fd8d5c0dd3517d63320318280ded6fc7329627f10de160
26e138fdc0bfc8426704b397141d563cf4d580a2	vendor/wr-cores/platform/xilinx/wr_gtp_phy/family7-gth/wr_gth_phy_family7.vhd	3a212a63e0d87978631470e5487c3931ae205ec7	vendor/wr-cores/platform/xilinx/wr_gtp_phy/family7-gth/wr_gth_phy_family7.vhd	byte-identical	9d91cca9152f70a7a69e022f65bfec31bbf21b19764b4995f835c4b337d0b3ee
26e138fdc0bfc8426704b397141d563cf4d580a2	vendor/wr-cores/platform/xilinx/wr_gtp_phy/family7-gthe3/gc_reset_synchronizer.vhd	1c5741a4edab115e624c037481266b218a38a2ec	vendor/wr-cores/platform/xilinx/wr_gtp_phy/family7-gthe3/gc_reset_synchronizer.vhd	byte-identical	85023630152dc51f1915ca011b08dabcfc285e2f0de7c73b8cf94e78d5b71357
26e138fdc0bfc8426704b397141d563cf4d580a2	vendor/wr-cores/platform/xilinx/wr_gtp_phy/family7-gthe3/wr_gthe3_phy_family7.vhd	434e7a26a2ec1d3e774f07a6b710a9d9fc2f52c5	vendor/wr-cores/platform/xilinx/wr_gtp_phy/family7-gthe3/wr_gthe3_phy_family7.vhd	byte-identical	7b95a6bd5530ddf5e3aabca49f329959bbbc9a9d9d404d49a9e523c2ecdd5e24
26e138fdc0bfc8426704b397141d563cf4d580a2	vendor/wr-cores/platform/xilinx/wr_gtp_phy/family7-gthe3/wr_gthe3_phy_family7_xilinx_ip.vhd	671bc5e2b8c73d2eb9289d9f2d8c5658ff564a05	vendor/wr-cores/platform/xilinx/wr_gtp_phy/family7-gthe3/wr_gthe3_phy_family7_xilinx_ip.vhd	byte-identical	b7094b695340b784987131fbecc7bba3eec5d5a34414633c05ea60500277cc08
26e138fdc0bfc8426704b397141d563cf4d580a2	vendor/wr-cores/platform/xilinx/wr_gtp_phy/family7-gthe3/wr_gthe3_reset.vhd	a245c3b8f59cb41706b26beb48fdd1d3c0c61229	vendor/wr-cores/platform/xilinx/wr_gtp_phy/family7-gthe3/wr_gthe3_reset.vhd	byte-identical	b7103c844a3167aa8c320faf8205327debc2dbea19ee00bbe39cd6b6dc3c12d8
26e138fdc0bfc8426704b397141d563cf4d580a2	vendor/wr-cores/platform/xilinx/wr_gtp_phy/family7-gthe3/wr_gthe3_rx_buffer_bypass.vhd	87916828a8f4156a0ef6c319ac385274d4930204	vendor/wr-cores/platform/xilinx/wr_gtp_phy/family7-gthe3/wr_gthe3_rx_buffer_bypass.vhd	byte-identical	0cd0360941d3545dda5fb73c873afbc3fc2bdd6e5fe481c01b40294a4ae19958
26e138fdc0bfc8426704b397141d563cf4d580a2	vendor/wr-cores/platform/xilinx/wr_gtp_phy/family7-gthe3/wr_gthe3_tx_buffer_bypass.vhd	72f0b87c0a78e0f035e12ff9db41c2a1c8d7b1d8	vendor/wr-cores/platform/xilinx/wr_gtp_phy/family7-gthe3/wr_gthe3_tx_buffer_bypass.vhd	byte-identical	31d2201c0399665c5c072e2e2659285c6c0cd6d29e7ea8a75827babc94ddd75a
26e138fdc0bfc8426704b397141d563cf4d580a2	vendor/wr-cores/platform/xilinx/wr_gtp_phy/family7-gthe3/wr_gthe3_wrapper.vhd	8729a9a2af90eec109ce20cbfc2f0099dc7040b6	vendor/wr-cores/platform/xilinx/wr_gtp_phy/family7-gthe3/wr_gthe3_wrapper.vhd	byte-identical	0b68eb6463b562eb847225377d8b6b751484a94da48969aa813ce0b80042042a
26e138fdc0bfc8426704b397141d563cf4d580a2	vendor/wr-cores/platform/xilinx/wr_gtp_phy/family7-gthe4-lp/wr_gthe4_phy_family7_lp.vhd	89b0f679905c3f34477fd1293757585130c8ece5	vendor/wr-cores/platform/xilinx/wr_gtp_phy/family7-gthe4-lp/wr_gthe4_phy_family7_lp.vhd	byte-identical	d234857c6d9a29206760d2b7be06116ccd9f51c47fe4773261a90f14c274a34c
26e138fdc0bfc8426704b397141d563cf4d580a2	vendor/wr-cores/platform/xilinx/wr_gtp_phy/family7-gthe4/gc_reset_synchronizer.vhd	1c5741a4edab115e624c037481266b218a38a2ec	vendor/wr-cores/platform/xilinx/wr_gtp_phy/family7-gthe4/gc_reset_synchronizer.vhd	byte-identical	85023630152dc51f1915ca011b08dabcfc285e2f0de7c73b8cf94e78d5b71357
26e138fdc0bfc8426704b397141d563cf4d580a2	vendor/wr-cores/platform/xilinx/wr_gtp_phy/family7-gthe4/wr_gthe4_phy_family7.vhd	d8be648ddc5e0edfe694349a7f968c034e381ea7	vendor/wr-cores/platform/xilinx/wr_gtp_phy/family7-gthe4/wr_gthe4_phy_family7.vhd	byte-identical	992e01fbee38a478daa7ae29260cfab8ff462c4a3ba964b8052b020510a69d89
26e138fdc0bfc8426704b397141d563cf4d580a2	vendor/wr-cores/platform/xilinx/wr_gtp_phy/family7-gthe4/wr_gthe4_phy_family7_xilinx_ip.vhd	6049f2794f30419634318c8c1370ec7ae84aac33	vendor/wr-cores/platform/xilinx/wr_gtp_phy/family7-gthe4/wr_gthe4_phy_family7_xilinx_ip.vhd	byte-identical	a152a844ece44791b977231625516b83efd4b6fbfa49345685e4e1f29f7d15b9
26e138fdc0bfc8426704b397141d563cf4d580a2	vendor/wr-cores/platform/xilinx/wr_gtp_phy/family7-gthe4/wr_gthe4_reset.vhd	fbcb29fd5d0bf2f958edbd65a7326837c59c1160	vendor/wr-cores/platform/xilinx/wr_gtp_phy/family7-gthe4/wr_gthe4_reset.vhd	byte-identical	f72b91fa9bc43925508f5353fa943c1ebabb3bcba0f356a017ba2994bff3c1d1
26e138fdc0bfc8426704b397141d563cf4d580a2	vendor/wr-cores/platform/xilinx/wr_gtp_phy/family7-gthe4/wr_gthe4_rx_buffer_bypass.vhd	374984a46fece80f632d9c70ad8132e8b5d5b7a1	vendor/wr-cores/platform/xilinx/wr_gtp_phy/family7-gthe4/wr_gthe4_rx_buffer_bypass.vhd	byte-identical	c67a89be762edfd1ca6aa16c9597397c3e3f0081174b90931a413352e72689ac
26e138fdc0bfc8426704b397141d563cf4d580a2	vendor/wr-cores/platform/xilinx/wr_gtp_phy/family7-gthe4/wr_gthe4_tx_buffer_bypass.vhd	e3b5b8671795c749666088e1e9bf2cfa68b218c8	vendor/wr-cores/platform/xilinx/wr_gtp_phy/family7-gthe4/wr_gthe4_tx_buffer_bypass.vhd	byte-identical	b94e88c6bd8f01a6dad18801ba4705418277fb4fd1d822edf14752f40bf2649e
26e138fdc0bfc8426704b397141d563cf4d580a2	vendor/wr-cores/platform/xilinx/wr_gtp_phy/family7-gthe4/wr_gthe4_wrapper.vhd	33cbfd3ae1dea4d30fc34d844400ec19fd3a1de1	vendor/wr-cores/platform/xilinx/wr_gtp_phy/family7-gthe4/wr_gthe4_wrapper.vhd	byte-identical	7b36f6a8639c8ff1a7021aa93037b3740baa6b81cd2aaab5d2281be4f2d23edd
26e138fdc0bfc8426704b397141d563cf4d580a2	vendor/wr-cores/platform/xilinx/wr_gtp_phy/family7-gtp/whiterabbit_gtpe2_channel_wrapper.vhd	f981871f45aed0fa1870163d74f9d4f5904a426c	vendor/wr-cores/platform/xilinx/wr_gtp_phy/family7-gtp/whiterabbit_gtpe2_channel_wrapper.vhd	byte-identical	c1a0457ff2d83a2434205aa0a6a790b2be8864f7feb1aa16b9244660b96d95d3
26e138fdc0bfc8426704b397141d563cf4d580a2	vendor/wr-cores/platform/xilinx/wr_gtp_phy/family7-gtp/whiterabbit_gtpe2_channel_wrapper_gt.vhd	90ca8f3919d28971dc1f6215412298dbff821c7d	vendor/wr-cores/platform/xilinx/wr_gtp_phy/family7-gtp/whiterabbit_gtpe2_channel_wrapper_gt.vhd	byte-identical	c8bdd70fc1a5a311fc082afb831ea1fddaefda9a70104cde16092849e694bbc3
26e138fdc0bfc8426704b397141d563cf4d580a2	vendor/wr-cores/platform/xilinx/wr_gtp_phy/family7-gtp/whiterabbit_gtpe2_channel_wrapper_gtrxreset_seq.vhd	5fc534d53fbbae5f8552a737b2e06d1168378569	vendor/wr-cores/platform/xilinx/wr_gtp_phy/family7-gtp/whiterabbit_gtpe2_channel_wrapper_gtrxreset_seq.vhd	byte-identical	acbc0d4087b4365cb5d93e91d1575583e24a5c8e609cbfb87512e64cffad2be9
26e138fdc0bfc8426704b397141d563cf4d580a2	vendor/wr-cores/platform/xilinx/wr_gtp_phy/family7-gtp/wr_gtp_phy_family7.vhd	5064b3641601a6b006230a33711d11a78cc15b5b	vendor/wr-cores/platform/xilinx/wr_gtp_phy/family7-gtp/wr_gtp_phy_family7.vhd	byte-identical	edc379652590573a16549d7c79b3621e76e436c7cffd71f5d5074164e851a55b
26e138fdc0bfc8426704b397141d563cf4d580a2	vendor/wr-cores/platform/xilinx/wr_gtp_phy/family7-gtx-lp/gtx_comma_detect_lp.vhd	b8484f474188157154bf185be536f7f18cf23363	vendor/wr-cores/platform/xilinx/wr_gtp_phy/family7-gtx-lp/gtx_comma_detect_lp.vhd	byte-identical	766e8ddf2b94a60b0692cb9a36444bda0ef76492c998914a81336c1ee8afab8a
26e138fdc0bfc8426704b397141d563cf4d580a2	vendor/wr-cores/platform/xilinx/wr_gtp_phy/family7-gtx-lp/whiterabbit_gtxe2_channel_wrapper_gt_lp.vhd	29460e58acdfcedd7df6512deab097d41b178b47	vendor/wr-cores/platform/xilinx/wr_gtp_phy/family7-gtx-lp/whiterabbit_gtxe2_channel_wrapper_gt_lp.vhd	byte-identical	abf1e79eb5d415c4e442427e4d580a50b22b1f14f58b0d2670e7d8f0806a0138
26e138fdc0bfc8426704b397141d563cf4d580a2	vendor/wr-cores/platform/xilinx/wr_gtp_phy/family7-gtx-lp/wr_gtx_phy_family7_lp.vhd	9a552dce34ddd9f2f69831320c4af84a304e84e3	vendor/wr-cores/platform/xilinx/wr_gtp_phy/family7-gtx-lp/wr_gtx_phy_family7_lp.vhd	byte-identical	3b2d2dc12c9bdc484fed43fd8e48a3ba83384e90e5144bce56904da9cb29fadb
26e138fdc0bfc8426704b397141d563cf4d580a2	vendor/wr-cores/platform/xilinx/wr_gtp_phy/family7-gtx/whiterabbit_gtxe2_channel_wrapper_gt.vhd	39aa9e27040c14fa6ace38fea2dd002a930653bd	vendor/wr-cores/platform/xilinx/wr_gtp_phy/family7-gtx/whiterabbit_gtxe2_channel_wrapper_gt.vhd	byte-identical	5f26e09c5f304c1b5e08fac4fa36bf8c328b1b854a82c9fae74458d4f3f2012a
26e138fdc0bfc8426704b397141d563cf4d580a2	vendor/wr-cores/platform/xilinx/wr_gtp_phy/family7-gtx/wr_gtx_phy_family7.vhd	2a79e5993eb2c67f309b4f72172f3aa135d934b6	vendor/wr-cores/platform/xilinx/wr_gtp_phy/family7-gtx/wr_gtx_phy_family7.vhd	byte-identical	65ac467e83cc9c2bfef1eb4d013aca79110036fe84e7520abedd8e25b7e74295
26e138fdc0bfc8426704b397141d563cf4d580a2	vendor/wr-cores/platform/xilinx/wr_gtp_phy/gtp_bitslide.vhd	627f714d7039d9408059ebcc151d6b1bfb99892b	vendor/wr-cores/platform/xilinx/wr_gtp_phy/gtp_bitslide.vhd	byte-identical	9a3017dfb06c317dd64b136d103987b3427f2fd5853b13b81d8278af091323c7
26e138fdc0bfc8426704b397141d563cf4d580a2	vendor/wr-cores/platform/xilinx/wr_gtp_phy/kintex7-lp/gtx_comma_detect_kintex7_lp.vhd	85c38b486c432dbbf81f5e3211da5c727698d370	vendor/wr-cores/platform/xilinx/wr_gtp_phy/kintex7-lp/gtx_comma_detect_kintex7_lp.vhd	byte-identical	846b7c2fcb3812ee2656c477ecb497089cdb7bef0cb5d96fe0bb25a1f0d37d8b
26e138fdc0bfc8426704b397141d563cf4d580a2	vendor/wr-cores/platform/xilinx/wr_gtp_phy/kintex7-lp/gtx_idle_detect_kintex7_lp.vhd	77046ce9bed8f0c0da538587bf6ca19a33dec3c4	vendor/wr-cores/platform/xilinx/wr_gtp_phy/kintex7-lp/gtx_idle_detect_kintex7_lp.vhd	byte-identical	194f045de78f5ef2f0e66ee3e3839962ce74727a3225c63cc8e8666fe3f67a3a
26e138fdc0bfc8426704b397141d563cf4d580a2	vendor/wr-cores/platform/xilinx/wr_gtp_phy/kintex7-lp/whiterabbit_gtxe2_channel_wrapper_kintex7_lp.vhd	e51c76f916d47cfb1d3fb3db2222b42c27981d2f	vendor/wr-cores/platform/xilinx/wr_gtp_phy/kintex7-lp/whiterabbit_gtxe2_channel_wrapper_kintex7_lp.vhd	byte-identical	4ab13f168ec45577a46a523e4b919d511b1b4d4682566d472dfe6b2412212569
26e138fdc0bfc8426704b397141d563cf4d580a2	vendor/wr-cores/platform/xilinx/wr_gtp_phy/kintex7-lp/wr_gtx_phy_kintex7_lp.vhd	d1d357813e28e705b00512f59f8a34e59457c132	vendor/wr-cores/platform/xilinx/wr_gtp_phy/kintex7-lp/wr_gtx_phy_kintex7_lp.vhd	byte-identical	521756d40a39649f2118bdd86e9d768919b65629c203eb04307aaca9ad720d07
26e138fdc0bfc8426704b397141d563cf4d580a2	vendor/wr-cores/platform/xilinx/wr_gtp_phy/kintex7-lp/wr_gtx_phy_kintex7_lp_qpll.vhd	6c7ebc089e232cee1cdd6c37473571b09c3a8698	vendor/wr-cores/platform/xilinx/wr_gtp_phy/kintex7-lp/wr_gtx_phy_kintex7_lp_qpll.vhd	byte-identical	5d61c6e029e749cd084adce3f5dcf3f2bf148342c1cf8ada7a4c6ed3e9394b79
26e138fdc0bfc8426704b397141d563cf4d580a2	vendor/wr-cores/platform/xilinx/wr_gtp_phy/kintex7/gtwizard_0_common.vhd	60ef8439e290167b343c0760983704e47c647381	vendor/wr-cores/platform/xilinx/wr_gtp_phy/kintex7/gtwizard_0_common.vhd	byte-identical	ec1e40ce14371807389822c9b2f26689001d1e43ef4b53e671c6ad9a9e8f382c
26e138fdc0bfc8426704b397141d563cf4d580a2	vendor/wr-cores/platform/xilinx/wr_gtp_phy/spartan6/gtp_phase_align.vhd	a95ecdd22eb485f83629350d901c97cdb5ab478b	vendor/wr-cores/platform/xilinx/wr_gtp_phy/spartan6/gtp_phase_align.vhd	byte-identical	0c8da7691ff0a1dbb18e12bf9e2426012a033ce9f689bc92fb5344e1555d86e2
26e138fdc0bfc8426704b397141d563cf4d580a2	vendor/wr-cores/platform/xilinx/wr_gtp_phy/spartan6/whiterabbitgtp_wrapper_tile_spartan6.vhd	4e1aaf412b109b18e8d592adf28d3c3c4e3ed4da	vendor/wr-cores/platform/xilinx/wr_gtp_phy/spartan6/whiterabbitgtp_wrapper_tile_spartan6.vhd	byte-identical	f1fb28d60e2984d9b5f0b3bcd175cadcc4b7fcff1274efe558268fe28978a612
26e138fdc0bfc8426704b397141d563cf4d580a2	vendor/wr-cores/platform/xilinx/wr_gtp_phy/spartan6/wr_gtp_phy_spartan6.vhd	d95e0355f320ad5f15fa96729f4034e18b35d6a3	vendor/wr-cores/platform/xilinx/wr_gtp_phy/spartan6/wr_gtp_phy_spartan6.vhd	byte-identical	b2b6972e6880413a94b541963e16b25a144e8967ebce8b5231410d5c078f4e86
26e138fdc0bfc8426704b397141d563cf4d580a2	vendor/wr-cores/platform/xilinx/wr_gtp_phy/virtex5/v5_gtp_align_detect.vhd	93debc75db8bfc7db72842935cc717ef2de3f1a2	vendor/wr-cores/platform/xilinx/wr_gtp_phy/virtex5/v5_gtp_align_detect.vhd	byte-identical	6f1efae9c19bce6402c97c1cff8c57fb937694352ae89c82da0f096b04f5a53b
26e138fdc0bfc8426704b397141d563cf4d580a2	vendor/wr-cores/platform/xilinx/wr_gtp_phy/virtex5/v5_gtp_comma_detect.vhd	d947255355b7c08b996028f52a0735fdd3c8d58f	vendor/wr-cores/platform/xilinx/wr_gtp_phy/virtex5/v5_gtp_comma_detect.vhd	byte-identical	d21efe8ca91391c7130306681fa4d49e208d8ee4497d3e9f4795fd4ec5ed8464
26e138fdc0bfc8426704b397141d563cf4d580a2	vendor/wr-cores/platform/xilinx/wr_gtp_phy/virtex5/whiterabbit_gtp_wrapper_tile_virtex5.vhd	36838a303eef3b5a61a67ced9accdfa82bf2a2ea	vendor/wr-cores/platform/xilinx/wr_gtp_phy/virtex5/whiterabbit_gtp_wrapper_tile_virtex5.vhd	byte-identical	aa606e8c5ffb20e2e7570ef4ed7ef835cc4242cb26933cf40a6c7d51693823ad
26e138fdc0bfc8426704b397141d563cf4d580a2	vendor/wr-cores/platform/xilinx/wr_gtp_phy/virtex5/wr_gtp_phy_virtex5.vhd	d33d91ac7a5055b3155cc31eb95f6c65cee3ea4b	vendor/wr-cores/platform/xilinx/wr_gtp_phy/virtex5/wr_gtp_phy_virtex5.vhd	byte-identical	fcdf36af93ee381559fc63888e86ce53156635b7e37687685e55f1a0ba80ab23
26e138fdc0bfc8426704b397141d563cf4d580a2	vendor/wr-cores/platform/xilinx/wr_gtp_phy/virtex6-low-phase-drift/gtx_comma_detect_lp.vhd	817c12b5c263bac90488aaa61ab5a5703dc30525	vendor/wr-cores/platform/xilinx/wr_gtp_phy/virtex6-low-phase-drift/gtx_comma_detect_lp.vhd	byte-identical	e19f8f8d937685f6b41060324a3a4111cec7d4d0d7d8ada8a15b17ec95ae4533
26e138fdc0bfc8426704b397141d563cf4d580a2	vendor/wr-cores/platform/xilinx/wr_gtp_phy/virtex6-low-phase-drift/gtx_tx_reset_lp.vhd	f203456bb3d720295ab52f9d977e5575fd14aba5	vendor/wr-cores/platform/xilinx/wr_gtp_phy/virtex6-low-phase-drift/gtx_tx_reset_lp.vhd	byte-identical	069f2a087e98b9603fcab27ebf291ae8bb7563d67cd370c1f98c619a178dbe36
26e138fdc0bfc8426704b397141d563cf4d580a2	vendor/wr-cores/platform/xilinx/wr_gtp_phy/virtex6-low-phase-drift/whiterabbitgtx_wrapper_gtx_lp.vhd	8d79335f1f42b15aac1c38138539ba2e09c4e0d1	vendor/wr-cores/platform/xilinx/wr_gtp_phy/virtex6-low-phase-drift/whiterabbitgtx_wrapper_gtx_lp.vhd	byte-identical	14b35e488643cf5e6123d7ddb461de2c8468e410c3be3c2af2ae3665580b3588
26e138fdc0bfc8426704b397141d563cf4d580a2	vendor/wr-cores/platform/xilinx/wr_gtp_phy/virtex6-low-phase-drift/wr_gtx_phy_virtex6_lp.vhd	d4cfd3b6a6c3d6895ad32f1a98103b3238d03f58	vendor/wr-cores/platform/xilinx/wr_gtp_phy/virtex6-low-phase-drift/wr_gtx_phy_virtex6_lp.vhd	byte-identical	81372cd9db44b208995d5534593d90b6033ba0e30a092ada6358ab99aaeed9e4
26e138fdc0bfc8426704b397141d563cf4d580a2	vendor/wr-cores/platform/xilinx/wr_gtp_phy/virtex6/gtp_phase_align_virtex6.vhd	d373e99f9363f72c9bb6bb5f11aa363219194394	vendor/wr-cores/platform/xilinx/wr_gtp_phy/virtex6/gtp_phase_align_virtex6.vhd	byte-identical	1af2e284027f6264558a3d6c378aa15013fd1f46a11d998ad5f562c4fd48a3de
26e138fdc0bfc8426704b397141d563cf4d580a2	vendor/wr-cores/platform/xilinx/wr_gtp_phy/virtex6/gtx_reset.vhd	9568e0a9e42b33fc799764d77e3669d15eede325	vendor/wr-cores/platform/xilinx/wr_gtp_phy/virtex6/gtx_reset.vhd	byte-identical	7abd7341993896cdbe1172fe9a386355bde180dc48636f6e438172db85e54c22
26e138fdc0bfc8426704b397141d563cf4d580a2	vendor/wr-cores/platform/xilinx/wr_gtp_phy/virtex6/whiterabbitgtx_wrapper_gtx.vhd	88faba6cddbbf9bb68423f9c72e074e7c1934dd8	vendor/wr-cores/platform/xilinx/wr_gtp_phy/virtex6/whiterabbitgtx_wrapper_gtx.vhd	byte-identical	b7f187e062a291c6a556c99ae85dcce57fa817465dd09ac7b06245e2d24384f3
26e138fdc0bfc8426704b397141d563cf4d580a2	vendor/wr-cores/platform/xilinx/wr_gtp_phy/virtex6/wr_gtx_phy_virtex6.vhd	5d31c71b9e5932aac6d7800639bda9f509b65905	vendor/wr-cores/platform/xilinx/wr_gtp_phy/virtex6/wr_gtx_phy_virtex6.vhd	byte-identical	1348f38ccd7e9c36b2be082ab0c633642868257be9065a8502e8b8036b01b197
26e138fdc0bfc8426704b397141d563cf4d580a2	vendor/wr-cores/platform/xilinx/wr_gtp_phy/whiterabbitgtx_wrapper_gtx_old.vhd	26ffc08b0d066c2245d44c9e79312256a33d1dd3	vendor/wr-cores/platform/xilinx/wr_gtp_phy/whiterabbitgtx_wrapper_gtx_old.vhd	byte-identical	a82e761ffbef1aae4091af064b390e8d104caadc71505f22d354c0cbc2c4bcb2
26e138fdc0bfc8426704b397141d563cf4d580a2	vendor/wr-cores/platform/xilinx/wr_gtp_phy/wr_gtx_phy_virtex6_old.vhd	5546c29fc12fbb950163b415844c0116dfcb395e	vendor/wr-cores/platform/xilinx/wr_gtp_phy/wr_gtx_phy_virtex6_old.vhd	byte-identical	7bb265d1c3eefe0424d52df630439decd5c7fcdc3f13b330f96260f29554ee82
26e138fdc0bfc8426704b397141d563cf4d580a2	vendor/wr-cores/platform/xilinx/wr_gtp_phy/xilinx-ip/common/gtwizard_ultrascale_v1_7_bit_sync.v	7163b2af75818bf0d6669b17ccf5ee8f828ab26b	vendor/wr-cores/platform/xilinx/wr_gtp_phy/xilinx-ip/common/gtwizard_ultrascale_v1_7_bit_sync.v	byte-identical	4ce8dc8a09349c3f5c9dc473bb8606c83f3ec194e2d2e4b1801d102f78d78612
26e138fdc0bfc8426704b397141d563cf4d580a2	vendor/wr-cores/platform/xilinx/wr_gtp_phy/xilinx-ip/common/gtwizard_ultrascale_v1_7_gte4_drp_arb.v	d46cbf18205b42a354059a00686687995703bcc6	vendor/wr-cores/platform/xilinx/wr_gtp_phy/xilinx-ip/common/gtwizard_ultrascale_v1_7_gte4_drp_arb.v	byte-identical	fcfe3d868f1821a35f0f7ca023f47566827986a6037e1cecce39dcd5e715cf7f
26e138fdc0bfc8426704b397141d563cf4d580a2	vendor/wr-cores/platform/xilinx/wr_gtp_phy/xilinx-ip/common/gtwizard_ultrascale_v1_7_gthe3_cal_freqcnt.v	44ea6f3b009530e53f8f23487e8b0b7450a21639	vendor/wr-cores/platform/xilinx/wr_gtp_phy/xilinx-ip/common/gtwizard_ultrascale_v1_7_gthe3_cal_freqcnt.v	byte-identical	cc7eb39ff59614aceb71cc7f175ffe8ac498129e60b4c27d092e94df48a31583
26e138fdc0bfc8426704b397141d563cf4d580a2	vendor/wr-cores/platform/xilinx/wr_gtp_phy/xilinx-ip/common/gtwizard_ultrascale_v1_7_gthe3_cpll_cal.v	dab018cfe96fd1dc4b44314119188621bd7e9780	vendor/wr-cores/platform/xilinx/wr_gtp_phy/xilinx-ip/common/gtwizard_ultrascale_v1_7_gthe3_cpll_cal.v	byte-identical	b35ddcf4bbe3881b25e8d83fea50ed3dd4566fd3795276c433bd6b623c06122a
26e138fdc0bfc8426704b397141d563cf4d580a2	vendor/wr-cores/platform/xilinx/wr_gtp_phy/xilinx-ip/common/gtwizard_ultrascale_v1_7_gthe4_cal_freqcnt.v	8ee8defbd01ea0ad49cca561bffe8dadf109a28f	vendor/wr-cores/platform/xilinx/wr_gtp_phy/xilinx-ip/common/gtwizard_ultrascale_v1_7_gthe4_cal_freqcnt.v	byte-identical	250c6ddf449c98c5ff9d7789afea4808d3c98ba6ba1511ae78641455442338d5
26e138fdc0bfc8426704b397141d563cf4d580a2	vendor/wr-cores/platform/xilinx/wr_gtp_phy/xilinx-ip/common/gtwizard_ultrascale_v1_7_gthe4_cpll_cal.v	c1131316564395fea71c449aff37f1745c3f1da1	vendor/wr-cores/platform/xilinx/wr_gtp_phy/xilinx-ip/common/gtwizard_ultrascale_v1_7_gthe4_cpll_cal.v	byte-identical	d227c437ca360ee733e5c5f6aa50e3025e1c0835a3bce66d5cf4db255fe0b4ac
26e138fdc0bfc8426704b397141d563cf4d580a2	vendor/wr-cores/platform/xilinx/wr_gtp_phy/xilinx-ip/common/gtwizard_ultrascale_v1_7_gthe4_cpll_cal_rx.v	87b752d994192c9869e5740c60527c61f129607b	vendor/wr-cores/platform/xilinx/wr_gtp_phy/xilinx-ip/common/gtwizard_ultrascale_v1_7_gthe4_cpll_cal_rx.v	byte-identical	8cc22bd8b23dca0beceeffd0d4437995c7065d569a2f5eea6a924154bbe44676
26e138fdc0bfc8426704b397141d563cf4d580a2	vendor/wr-cores/platform/xilinx/wr_gtp_phy/xilinx-ip/common/gtwizard_ultrascale_v1_7_gthe4_cpll_cal_tx.v	61cb4a1d6448c24008bce3adf3ace527f93f7dbc	vendor/wr-cores/platform/xilinx/wr_gtp_phy/xilinx-ip/common/gtwizard_ultrascale_v1_7_gthe4_cpll_cal_tx.v	byte-identical	6f7ba2c46ae18adb5a99f1e140a46b1ed1cc1681fc0f63237bf4ae034b98851f
26e138fdc0bfc8426704b397141d563cf4d580a2	vendor/wr-cores/platform/xilinx/wr_gtp_phy/xilinx-ip/common/gtwizard_ultrascale_v1_7_gthe4_delay_powergood.v	86c768f5c41bd21a54b8749b424fdc753c812d53	vendor/wr-cores/platform/xilinx/wr_gtp_phy/xilinx-ip/common/gtwizard_ultrascale_v1_7_gthe4_delay_powergood.v	byte-identical	24195bcb4fd8579031502dd7ee44a82d63b12b5948e806bbf74f2234313a3483
26e138fdc0bfc8426704b397141d563cf4d580a2	vendor/wr-cores/platform/xilinx/wr_gtp_phy/xilinx-ip/common/gtwizard_ultrascale_v1_7_gtwiz_buffbypass_rx.v	68a27d8709ef0ae9ad1985f2be1380139ca6f802	vendor/wr-cores/platform/xilinx/wr_gtp_phy/xilinx-ip/common/gtwizard_ultrascale_v1_7_gtwiz_buffbypass_rx.v	byte-identical	537dde193e391e8cbdc927e9a90c3545f297f59a0afa5c6807d92cf41586bd11
26e138fdc0bfc8426704b397141d563cf4d580a2	vendor/wr-cores/platform/xilinx/wr_gtp_phy/xilinx-ip/common/gtwizard_ultrascale_v1_7_gtwiz_buffbypass_tx.v	88e7ea9a29fad35e7ab9f98489551cb0a16c3e38	vendor/wr-cores/platform/xilinx/wr_gtp_phy/xilinx-ip/common/gtwizard_ultrascale_v1_7_gtwiz_buffbypass_tx.v	byte-identical	4ab7dcf81c82b88228fecafde7659c0afdb97aaa8b5f6e1d86f1775c6a4aa041
26e138fdc0bfc8426704b397141d563cf4d580a2	vendor/wr-cores/platform/xilinx/wr_gtp_phy/xilinx-ip/common/gtwizard_ultrascale_v1_7_gtwiz_reset.v	5d8eb3cd9f25b54402c6be2b86b9dc687ef5505c	vendor/wr-cores/platform/xilinx/wr_gtp_phy/xilinx-ip/common/gtwizard_ultrascale_v1_7_gtwiz_reset.v	byte-identical	4e82b19889446063f8dd5467c984cf8af5f68ff32c42171191ae2ce5426ae507
26e138fdc0bfc8426704b397141d563cf4d580a2	vendor/wr-cores/platform/xilinx/wr_gtp_phy/xilinx-ip/common/gtwizard_ultrascale_v1_7_gtwiz_userclk_rx.v	1dbc9d7088fa08173d93123047e07af2fb3ae270	vendor/wr-cores/platform/xilinx/wr_gtp_phy/xilinx-ip/common/gtwizard_ultrascale_v1_7_gtwiz_userclk_rx.v	byte-identical	484fba10d08fa74f2e03fc7327d2b5c3e78ca0c3d00a5f2f90ea50322065fb28
26e138fdc0bfc8426704b397141d563cf4d580a2	vendor/wr-cores/platform/xilinx/wr_gtp_phy/xilinx-ip/common/gtwizard_ultrascale_v1_7_gtwiz_userclk_tx.v	6e028822fe8f671bc9f97020d7fa850ad7223284	vendor/wr-cores/platform/xilinx/wr_gtp_phy/xilinx-ip/common/gtwizard_ultrascale_v1_7_gtwiz_userclk_tx.v	byte-identical	4c37f7e233e6350c6b5ed6c414152315d3757354e6c877855e8f232a01fdc5aa
26e138fdc0bfc8426704b397141d563cf4d580a2	vendor/wr-cores/platform/xilinx/wr_gtp_phy/xilinx-ip/common/gtwizard_ultrascale_v1_7_gtwiz_userdata_rx.v	3d4cb6f810c57645c4a315b7a63ba4b446083ca1	vendor/wr-cores/platform/xilinx/wr_gtp_phy/xilinx-ip/common/gtwizard_ultrascale_v1_7_gtwiz_userdata_rx.v	byte-identical	7726d37c099b8c5f84f7700e7eabcab2f6b8f07cb63b568fc2aa0ad62a35f57c
26e138fdc0bfc8426704b397141d563cf4d580a2	vendor/wr-cores/platform/xilinx/wr_gtp_phy/xilinx-ip/common/gtwizard_ultrascale_v1_7_gtwiz_userdata_tx.v	d9e0a4334057f7d683d7ce88836175952de75846	vendor/wr-cores/platform/xilinx/wr_gtp_phy/xilinx-ip/common/gtwizard_ultrascale_v1_7_gtwiz_userdata_tx.v	byte-identical	3d190a31bb36de2e8b7c3be17602c1c4d0eaa9e21d69ab434d0ad4b14c829016
26e138fdc0bfc8426704b397141d563cf4d580a2	vendor/wr-cores/platform/xilinx/wr_gtp_phy/xilinx-ip/common/gtwizard_ultrascale_v1_7_reset_inv_sync.v	a1cd32946fbbfffd72d726a37739d7d7575bcb90	vendor/wr-cores/platform/xilinx/wr_gtp_phy/xilinx-ip/common/gtwizard_ultrascale_v1_7_reset_inv_sync.v	byte-identical	58361ba4fb30e526c2776adcc51c7c11486832c26bf3d4352a609589df6991da
26e138fdc0bfc8426704b397141d563cf4d580a2	vendor/wr-cores/platform/xilinx/wr_gtp_phy/xilinx-ip/common/gtwizard_ultrascale_v1_7_reset_sync.v	ffaef31c6d5a2ceb8a664f58d9fc77eaa69113ba	vendor/wr-cores/platform/xilinx/wr_gtp_phy/xilinx-ip/common/gtwizard_ultrascale_v1_7_reset_sync.v	byte-identical	6c837439115ecc0d48841c428372b3be24dd3bdc8920c1f05df1ae8df0bae03e
26e138fdc0bfc8426704b397141d563cf4d580a2	vendor/wr-cores/platform/xilinx/wr_gtp_phy/xilinx-ip/gthe3/gtwizard_ultrascale_v1_6_gthe3_channel.v	eade4e5413b829212844876944e4f499e8df7538	vendor/wr-cores/platform/xilinx/wr_gtp_phy/xilinx-ip/gthe3/gtwizard_ultrascale_v1_6_gthe3_channel.v	byte-identical	48ff6f5e9702d0bf7d82aa0dafd59c6e75e109245de3fb92a7c914f7360e8230
26e138fdc0bfc8426704b397141d563cf4d580a2	vendor/wr-cores/platform/xilinx/wr_gtp_phy/xilinx-ip/gthe3/wr_gth_wrapper.v	1342a61c45ee2550dead2934400201a0d68fd61b	vendor/wr-cores/platform/xilinx/wr_gtp_phy/xilinx-ip/gthe3/wr_gth_wrapper.v	byte-identical	d93356778966532ef6f8b056023e9e5df15c284091d1190ddfb616001eb873bd
26e138fdc0bfc8426704b397141d563cf4d580a2	vendor/wr-cores/platform/xilinx/wr_gtp_phy/xilinx-ip/gthe3/wr_gth_wrapper_example_bit_sync.v	de982528c118000f9c802c64e74b94cc716b795e	vendor/wr-cores/platform/xilinx/wr_gtp_phy/xilinx-ip/gthe3/wr_gth_wrapper_example_bit_sync.v	byte-identical	4058451d9ea20421cf7e902e9ffb54b7b5a70208dc4705227551db9b1365e913
26e138fdc0bfc8426704b397141d563cf4d580a2	vendor/wr-cores/platform/xilinx/wr_gtp_phy/xilinx-ip/gthe3/wr_gth_wrapper_example_gtwiz_userclk_rx.v	e5607a8cdf263ecac90d680cd008ae04cb24bbe9	vendor/wr-cores/platform/xilinx/wr_gtp_phy/xilinx-ip/gthe3/wr_gth_wrapper_example_gtwiz_userclk_rx.v	byte-identical	29bd6c2e8a5b328d685810a0b449431f8f89b1ff32ee67b8a0d88fb374f71919
26e138fdc0bfc8426704b397141d563cf4d580a2	vendor/wr-cores/platform/xilinx/wr_gtp_phy/xilinx-ip/gthe3/wr_gth_wrapper_example_gtwiz_userclk_tx.v	7212ea9e90964b7e83cc69a2b4519dc759f91e04	vendor/wr-cores/platform/xilinx/wr_gtp_phy/xilinx-ip/gthe3/wr_gth_wrapper_example_gtwiz_userclk_tx.v	byte-identical	27ac6d3f533efc4117c03a64d59247c3c937c785dca6dcc42a977be512897839
26e138fdc0bfc8426704b397141d563cf4d580a2	vendor/wr-cores/platform/xilinx/wr_gtp_phy/xilinx-ip/gthe3/wr_gth_wrapper_example_init.v	00387170ec54f5dc27ecf492ff7b0b93b51d0c54	vendor/wr-cores/platform/xilinx/wr_gtp_phy/xilinx-ip/gthe3/wr_gth_wrapper_example_init.v	byte-identical	4907fd1999197eee8b5d6fca554dbd5c4ff30b4817385aed06ac236a089b9bb8
26e138fdc0bfc8426704b397141d563cf4d580a2	vendor/wr-cores/platform/xilinx/wr_gtp_phy/xilinx-ip/gthe3/wr_gth_wrapper_example_reset_sync.v	4d4eacda57ac37443bcc93c8d7d8de0a4fa1ca73	vendor/wr-cores/platform/xilinx/wr_gtp_phy/xilinx-ip/gthe3/wr_gth_wrapper_example_reset_sync.v	byte-identical	f9ff0a7a167049b32c7063e2c17c8d7961cc0e7ec71f40ffefba23bb5f60c3d2
26e138fdc0bfc8426704b397141d563cf4d580a2	vendor/wr-cores/platform/xilinx/wr_gtp_phy/xilinx-ip/gthe3/wr_gth_wrapper_example_top.v	9ba1d1c1380d7bfd6d34f68e347e070111bb9dac	vendor/wr-cores/platform/xilinx/wr_gtp_phy/xilinx-ip/gthe3/wr_gth_wrapper_example_top.v	byte-identical	a97b4139f559a3e42f32c034ff45486709f608d359713a6c0f827b6092029a5f
26e138fdc0bfc8426704b397141d563cf4d580a2	vendor/wr-cores/platform/xilinx/wr_gtp_phy/xilinx-ip/gthe3/wr_gth_wrapper_example_wrapper.v	2326c04c0ef0156b5080af10d04536f7c18c25d2	vendor/wr-cores/platform/xilinx/wr_gtp_phy/xilinx-ip/gthe3/wr_gth_wrapper_example_wrapper.v	byte-identical	0123ab9c2edd1aa364839fc1e0329b6adbbbdb043b4a8cf5fe32067128971104
26e138fdc0bfc8426704b397141d563cf4d580a2	vendor/wr-cores/platform/xilinx/wr_gtp_phy/xilinx-ip/gthe3/wr_gth_wrapper_example_wrapper_functions.v	81d4ef39fb4914d691035d1dccaf0c143d5e7291	vendor/wr-cores/platform/xilinx/wr_gtp_phy/xilinx-ip/gthe3/wr_gth_wrapper_example_wrapper_functions.v	byte-identical	92299489c44793b77c24e4d72c0c06017c25cc41735173aa2e31120eee51f9f7
26e138fdc0bfc8426704b397141d563cf4d580a2	vendor/wr-cores/platform/xilinx/wr_gtp_phy/xilinx-ip/gthe3/wr_gth_wrapper_gthe3_channel_wrapper.v	45adc39cbdfdabbda1a55be291219b992500c580	vendor/wr-cores/platform/xilinx/wr_gtp_phy/xilinx-ip/gthe3/wr_gth_wrapper_gthe3_channel_wrapper.v	byte-identical	11f9c0b11c37793a35f48dd4f4c218569330a7823a0f377703a42d918e9099dc
26e138fdc0bfc8426704b397141d563cf4d580a2	vendor/wr-cores/platform/xilinx/wr_gtp_phy/xilinx-ip/gthe3/wr_gth_wrapper_gtwizard_gthe3.v	e39363d8cc0ebad79851e4465dee106f8e18f355	vendor/wr-cores/platform/xilinx/wr_gtp_phy/xilinx-ip/gthe3/wr_gth_wrapper_gtwizard_gthe3.v	byte-identical	03c1768d52e0dfa0413a3b82e4f54a80a696237ce5dcd8a8a3740c507f91c9e7
26e138fdc0bfc8426704b397141d563cf4d580a2	vendor/wr-cores/platform/xilinx/wr_gtp_phy/xilinx-ip/gthe3/wr_gth_wrapper_gtwizard_top.v	a76147b53ecc8181d03ed2b68980ea37d64c286b	vendor/wr-cores/platform/xilinx/wr_gtp_phy/xilinx-ip/gthe3/wr_gth_wrapper_gtwizard_top.v	byte-identical	bc851c496ce00f439f873aaf99f5e731b2db0ace5fed0761ae37bc4df1d29878
26e138fdc0bfc8426704b397141d563cf4d580a2	vendor/wr-cores/platform/xilinx/wr_gtp_phy/xilinx-ip/gthe4/gtwizard_ultrascale_2.v	5d765a645f97906ad2637000b574fe94272d74f9	vendor/wr-cores/platform/xilinx/wr_gtp_phy/xilinx-ip/gthe4/gtwizard_ultrascale_2.v	byte-identical	ac35775866229cdc8f70d61e574d006e301ad48c037ede36b0bd65caf9563d50
26e138fdc0bfc8426704b397141d563cf4d580a2	vendor/wr-cores/platform/xilinx/wr_gtp_phy/xilinx-ip/gthe4/gtwizard_ultrascale_2.xdc	326bb3ae1ea8c27c01659b93e05126e11c359a0c	vendor/wr-cores/platform/xilinx/wr_gtp_phy/xilinx-ip/gthe4/gtwizard_ultrascale_2.xdc	byte-identical	4c4875a1730cd49487a66fc4eeac80c8dca0cdcce14121d8790f6e7ef2f72ca9
26e138fdc0bfc8426704b397141d563cf4d580a2	vendor/wr-cores/platform/xilinx/wr_gtp_phy/xilinx-ip/gthe4/gtwizard_ultrascale_2_gthe4_channel_wrapper.v	e63118e5d6ec082a62fdf1a2471dcf304935db45	vendor/wr-cores/platform/xilinx/wr_gtp_phy/xilinx-ip/gthe4/gtwizard_ultrascale_2_gthe4_channel_wrapper.v	byte-identical	438ba6430e20eeed5e5993030f0d59bee641ba480ab3ae473664ec43474b0e4f
26e138fdc0bfc8426704b397141d563cf4d580a2	vendor/wr-cores/platform/xilinx/wr_gtp_phy/xilinx-ip/gthe4/gtwizard_ultrascale_2_gtwizard_gthe4.v	d8538e225b3ab10d6b7b7736ae8cef307f5c605a	vendor/wr-cores/platform/xilinx/wr_gtp_phy/xilinx-ip/gthe4/gtwizard_ultrascale_2_gtwizard_gthe4.v	byte-identical	55b150657371450bf74f16f53ebfcc49d5c59d9ff28440353ffa4b254dc6d171
26e138fdc0bfc8426704b397141d563cf4d580a2	vendor/wr-cores/platform/xilinx/wr_gtp_phy/xilinx-ip/gthe4/gtwizard_ultrascale_2_gtwizard_top.v	81f6095618479055cd9576cc2868a7ca13204ddb	vendor/wr-cores/platform/xilinx/wr_gtp_phy/xilinx-ip/gthe4/gtwizard_ultrascale_2_gtwizard_top.v	byte-identical	b8bb1733db4522556e795a141ce50c2c18fc98fff2f54b0c76a99d8382e6d33d
26e138fdc0bfc8426704b397141d563cf4d580a2	vendor/wr-cores/platform/xilinx/wr_gtp_phy/xilinx-ip/gthe4/gtwizard_ultrascale_2_ooc.xdc	d0efe5ff09fa6b47e08b89d538635023c29505a2	vendor/wr-cores/platform/xilinx/wr_gtp_phy/xilinx-ip/gthe4/gtwizard_ultrascale_2_ooc.xdc	byte-identical	7641390d83d2faa9210313818aa2094593e2d5e727493c1bf9e9989e46772c1d
26e138fdc0bfc8426704b397141d563cf4d580a2	vendor/wr-cores/platform/xilinx/wr_gtp_phy/xilinx-ip/gthe4/gtwizard_ultrascale_v1_7_gthe4_channel.v	75fccdc3dd47483f4678516a706dd829993a8639	vendor/wr-cores/platform/xilinx/wr_gtp_phy/xilinx-ip/gthe4/gtwizard_ultrascale_v1_7_gthe4_channel.v	byte-identical	826629617c0f10ae13e16747f5feac5bee34ddef384aeb1db844b45fb61ddef5
26e138fdc0bfc8426704b397141d563cf4d580a2	vendor/wr-cores/platform/xilinx/wr_gtp_phy/xilinx-ip/gthe4_lp/common/gtwizard_ultrascale_v1_7_bit_sync.v	568957c283b94c4df6846fe98896a251121ad13f	vendor/wr-cores/platform/xilinx/wr_gtp_phy/xilinx-ip/gthe4_lp/common/gtwizard_ultrascale_v1_7_bit_sync.v	byte-identical	218b0140d75a5595fd2c876c5d4c6d0fa1237087edb392dfb3af301b5ecc49f6
26e138fdc0bfc8426704b397141d563cf4d580a2	vendor/wr-cores/platform/xilinx/wr_gtp_phy/xilinx-ip/gthe4_lp/common/gtwizard_ultrascale_v1_7_gte4_drp_arb.v	a08b60e7564caf577cb0e9708cbaa94b1bfe9c1f	vendor/wr-cores/platform/xilinx/wr_gtp_phy/xilinx-ip/gthe4_lp/common/gtwizard_ultrascale_v1_7_gte4_drp_arb.v	byte-identical	3407e48601a73075f760800de5307424ae0fd71171b2a83b205db6d3c9b97340
26e138fdc0bfc8426704b397141d563cf4d580a2	vendor/wr-cores/platform/xilinx/wr_gtp_phy/xilinx-ip/gthe4_lp/common/gtwizard_ultrascale_v1_7_gthe3_cal_freqcnt.v	c4a6cfab5360b3c3d02fa80f72450b3ab1b2c71a	vendor/wr-cores/platform/xilinx/wr_gtp_phy/xilinx-ip/gthe4_lp/common/gtwizard_ultrascale_v1_7_gthe3_cal_freqcnt.v	byte-identical	085706ba5ab06ef06a24793f391bb51f221f81a32b212ec491ae9355e52301f2
26e138fdc0bfc8426704b397141d563cf4d580a2	vendor/wr-cores/platform/xilinx/wr_gtp_phy/xilinx-ip/gthe4_lp/common/gtwizard_ultrascale_v1_7_gthe3_cpll_cal.v	45b0c84c36292bedaa4ea693886ddd4f1280162b	vendor/wr-cores/platform/xilinx/wr_gtp_phy/xilinx-ip/gthe4_lp/common/gtwizard_ultrascale_v1_7_gthe3_cpll_cal.v	byte-identical	5fb49afe27e479529e2caf3255aabc8376d477baa1eea11878b744d273df8ce7
26e138fdc0bfc8426704b397141d563cf4d580a2	vendor/wr-cores/platform/xilinx/wr_gtp_phy/xilinx-ip/gthe4_lp/common/gtwizard_ultrascale_v1_7_gthe4_cal_freqcnt.v	4f126dbe1ca23ca8b884a8cfe464cb1a743c7e2c	vendor/wr-cores/platform/xilinx/wr_gtp_phy/xilinx-ip/gthe4_lp/common/gtwizard_ultrascale_v1_7_gthe4_cal_freqcnt.v	byte-identical	b227c0fa36beae868d0c1165791d349878bba84fc304128c1996480e613af7f2
26e138fdc0bfc8426704b397141d563cf4d580a2	vendor/wr-cores/platform/xilinx/wr_gtp_phy/xilinx-ip/gthe4_lp/common/gtwizard_ultrascale_v1_7_gthe4_cpll_cal.v	e576c34f70b801e3ef8e94845c8346c5f0de81ac	vendor/wr-cores/platform/xilinx/wr_gtp_phy/xilinx-ip/gthe4_lp/common/gtwizard_ultrascale_v1_7_gthe4_cpll_cal.v	byte-identical	f9f658b9df5d6034066fe9be3a62f1daa11e3e2027a79ce78c7ee3a385c201cc
26e138fdc0bfc8426704b397141d563cf4d580a2	vendor/wr-cores/platform/xilinx/wr_gtp_phy/xilinx-ip/gthe4_lp/common/gtwizard_ultrascale_v1_7_gthe4_cpll_cal_rx.v	7608e9c6ce5f03a4068d6c821a4023d1b2fcd29b	vendor/wr-cores/platform/xilinx/wr_gtp_phy/xilinx-ip/gthe4_lp/common/gtwizard_ultrascale_v1_7_gthe4_cpll_cal_rx.v	byte-identical	828a99d920acd50a863b41d490c71c7408e324371f885d6271acc6f0df9cc1ba
26e138fdc0bfc8426704b397141d563cf4d580a2	vendor/wr-cores/platform/xilinx/wr_gtp_phy/xilinx-ip/gthe4_lp/common/gtwizard_ultrascale_v1_7_gthe4_cpll_cal_tx.v	1c195a054b9e878be02bbdde539f4b5253faf374	vendor/wr-cores/platform/xilinx/wr_gtp_phy/xilinx-ip/gthe4_lp/common/gtwizard_ultrascale_v1_7_gthe4_cpll_cal_tx.v	byte-identical	6491c1788c386f477f4750603f03a42a18aeb521f5079b9115857c1109f731ec
26e138fdc0bfc8426704b397141d563cf4d580a2	vendor/wr-cores/platform/xilinx/wr_gtp_phy/xilinx-ip/gthe4_lp/common/gtwizard_ultrascale_v1_7_gthe4_delay_powergood.v	ec4581214d6b204f25e245bf4c2f8a35854c61dd	vendor/wr-cores/platform/xilinx/wr_gtp_phy/xilinx-ip/gthe4_lp/common/gtwizard_ultrascale_v1_7_gthe4_delay_powergood.v	byte-identical	2f81449593def865e5eeb409a63f8fb1c746f799201306f6387c28c3d5aac74b
26e138fdc0bfc8426704b397141d563cf4d580a2	vendor/wr-cores/platform/xilinx/wr_gtp_phy/xilinx-ip/gthe4_lp/common/gtwizard_ultrascale_v1_7_gtwiz_buffbypass_rx.v	3817662a40b5255630a1d900b407c922cdc3cf07	vendor/wr-cores/platform/xilinx/wr_gtp_phy/xilinx-ip/gthe4_lp/common/gtwizard_ultrascale_v1_7_gtwiz_buffbypass_rx.v	byte-identical	7746d4dead2f43fee9e50c590f3608d76ddf8f74015197065a1a5f0a20928afa
26e138fdc0bfc8426704b397141d563cf4d580a2	vendor/wr-cores/platform/xilinx/wr_gtp_phy/xilinx-ip/gthe4_lp/common/gtwizard_ultrascale_v1_7_gtwiz_buffbypass_tx.v	18bc14012d7de6206f07834a1465b4b96071a76d	vendor/wr-cores/platform/xilinx/wr_gtp_phy/xilinx-ip/gthe4_lp/common/gtwizard_ultrascale_v1_7_gtwiz_buffbypass_tx.v	byte-identical	96dc2869bbf7ff541ef2473be35bfec1a06f2a00d804e32e414128abbedea998
26e138fdc0bfc8426704b397141d563cf4d580a2	vendor/wr-cores/platform/xilinx/wr_gtp_phy/xilinx-ip/gthe4_lp/common/gtwizard_ultrascale_v1_7_gtwiz_reset.v	b3217a4d896759d50f1c1dedd90b73153fc049c6	vendor/wr-cores/platform/xilinx/wr_gtp_phy/xilinx-ip/gthe4_lp/common/gtwizard_ultrascale_v1_7_gtwiz_reset.v	byte-identical	a46ee2d86b289dbc5c51f8ebe8712a018410c134385459691233c4ad041dd58b
26e138fdc0bfc8426704b397141d563cf4d580a2	vendor/wr-cores/platform/xilinx/wr_gtp_phy/xilinx-ip/gthe4_lp/common/gtwizard_ultrascale_v1_7_gtwiz_userclk_rx.v	ca3457eecdd5b3cf0ded6945d792d439c87c55ea	vendor/wr-cores/platform/xilinx/wr_gtp_phy/xilinx-ip/gthe4_lp/common/gtwizard_ultrascale_v1_7_gtwiz_userclk_rx.v	byte-identical	f88fb55b500a396026e7ad1237db74ce459646c8b1c1f64ef63a02530e751365
26e138fdc0bfc8426704b397141d563cf4d580a2	vendor/wr-cores/platform/xilinx/wr_gtp_phy/xilinx-ip/gthe4_lp/common/gtwizard_ultrascale_v1_7_gtwiz_userclk_tx.v	90c2079cc6919032990e5488cd7d5ca60d35672f	vendor/wr-cores/platform/xilinx/wr_gtp_phy/xilinx-ip/gthe4_lp/common/gtwizard_ultrascale_v1_7_gtwiz_userclk_tx.v	byte-identical	de1a84030b3d9a76fc27a471d1af4caae3fa62e4f31dcece3d7417d2d5b5a266
26e138fdc0bfc8426704b397141d563cf4d580a2	vendor/wr-cores/platform/xilinx/wr_gtp_phy/xilinx-ip/gthe4_lp/common/gtwizard_ultrascale_v1_7_gtwiz_userdata_rx.v	7a1ba78b20ffc2182a6689437ac6543746984ab5	vendor/wr-cores/platform/xilinx/wr_gtp_phy/xilinx-ip/gthe4_lp/common/gtwizard_ultrascale_v1_7_gtwiz_userdata_rx.v	byte-identical	795c5a58db137c0f81935afb18fb3b62b5426375b57b231ae88b2e023b9e1109
26e138fdc0bfc8426704b397141d563cf4d580a2	vendor/wr-cores/platform/xilinx/wr_gtp_phy/xilinx-ip/gthe4_lp/common/gtwizard_ultrascale_v1_7_gtwiz_userdata_tx.v	107a25f6b97a931f09edb6d5eb8c35e4ef46c145	vendor/wr-cores/platform/xilinx/wr_gtp_phy/xilinx-ip/gthe4_lp/common/gtwizard_ultrascale_v1_7_gtwiz_userdata_tx.v	byte-identical	db12ecda6958446302189d4b08d435af2d95a0121dcbd6435e6dc5e5436d88e9
26e138fdc0bfc8426704b397141d563cf4d580a2	vendor/wr-cores/platform/xilinx/wr_gtp_phy/xilinx-ip/gthe4_lp/common/gtwizard_ultrascale_v1_7_gtye4_cal_freqcnt.v	fd3e06bfdaecf9492e109d3b1b958895c190a88f	vendor/wr-cores/platform/xilinx/wr_gtp_phy/xilinx-ip/gthe4_lp/common/gtwizard_ultrascale_v1_7_gtye4_cal_freqcnt.v	byte-identical	ef31f0b39c0d69a0ab0efa5e5ee47e022bf1bffdccfdaac5d14365ff51d57d02
26e138fdc0bfc8426704b397141d563cf4d580a2	vendor/wr-cores/platform/xilinx/wr_gtp_phy/xilinx-ip/gthe4_lp/common/gtwizard_ultrascale_v1_7_gtye4_cpll_cal.v	ecc7f4f5618c07b09371c0449b915a512586bda5	vendor/wr-cores/platform/xilinx/wr_gtp_phy/xilinx-ip/gthe4_lp/common/gtwizard_ultrascale_v1_7_gtye4_cpll_cal.v	byte-identical	afb6352ebb9eb587944689aecf6d59e653db5079c5b4ad1637180086f2033d3a
26e138fdc0bfc8426704b397141d563cf4d580a2	vendor/wr-cores/platform/xilinx/wr_gtp_phy/xilinx-ip/gthe4_lp/common/gtwizard_ultrascale_v1_7_gtye4_cpll_cal_rx.v	247c1b13a2d5056f7148ad7a64ed7b77d5bb021a	vendor/wr-cores/platform/xilinx/wr_gtp_phy/xilinx-ip/gthe4_lp/common/gtwizard_ultrascale_v1_7_gtye4_cpll_cal_rx.v	byte-identical	f19f0197664972314b955b7d74ef7a19977cd06b4945115ff396ad2b1daf8955
26e138fdc0bfc8426704b397141d563cf4d580a2	vendor/wr-cores/platform/xilinx/wr_gtp_phy/xilinx-ip/gthe4_lp/common/gtwizard_ultrascale_v1_7_gtye4_cpll_cal_tx.v	ffbcd9029ef676189084f5cb08d41ff2ebe6a390	vendor/wr-cores/platform/xilinx/wr_gtp_phy/xilinx-ip/gthe4_lp/common/gtwizard_ultrascale_v1_7_gtye4_cpll_cal_tx.v	byte-identical	057d8826c45f7bcdba3367ce4f0a4a94e53ea01ac24252e4fd8f088120ebfafd
26e138fdc0bfc8426704b397141d563cf4d580a2	vendor/wr-cores/platform/xilinx/wr_gtp_phy/xilinx-ip/gthe4_lp/common/gtwizard_ultrascale_v1_7_gtye4_delay_powergood.v	c92a0b0b3e38e22db8b5dc06cacd342a873b6755	vendor/wr-cores/platform/xilinx/wr_gtp_phy/xilinx-ip/gthe4_lp/common/gtwizard_ultrascale_v1_7_gtye4_delay_powergood.v	byte-identical	908c7f3622d669f7bce6958b04cd359ed9aee14bb047c6c39eacec6a0a836d12
26e138fdc0bfc8426704b397141d563cf4d580a2	vendor/wr-cores/platform/xilinx/wr_gtp_phy/xilinx-ip/gthe4_lp/common/gtwizard_ultrascale_v1_7_reset_inv_sync.v	3fa3fb77a38c2571a690ce4155bc2f92f6d57d51	vendor/wr-cores/platform/xilinx/wr_gtp_phy/xilinx-ip/gthe4_lp/common/gtwizard_ultrascale_v1_7_reset_inv_sync.v	byte-identical	3436c8b66621e97e34b0eca326091c26ed07a341f856c86294542a15e3f5e210
26e138fdc0bfc8426704b397141d563cf4d580a2	vendor/wr-cores/platform/xilinx/wr_gtp_phy/xilinx-ip/gthe4_lp/common/gtwizard_ultrascale_v1_7_reset_sync.v	8b6f99ac4f1658921503e4a87f5f46c3758ee866	vendor/wr-cores/platform/xilinx/wr_gtp_phy/xilinx-ip/gthe4_lp/common/gtwizard_ultrascale_v1_7_reset_sync.v	byte-identical	626853727ef7e773411417839c31447f69bd0536f5d3ad20df3205e2a5a2d627
26e138fdc0bfc8426704b397141d563cf4d580a2	vendor/wr-cores/platform/xilinx/wr_gtp_phy/xilinx-ip/gthe4_lp/gtwizard_ultrascale_2.xdc	83cf72e9a8d74fcb74d229c7b6091af5d513632a	vendor/wr-cores/platform/xilinx/wr_gtp_phy/xilinx-ip/gthe4_lp/gtwizard_ultrascale_2.xdc	byte-identical	bc34c92e8f81b0f9fe75f46979f0aae42731ea618c19fafb701d4bb7e043d9ec
26e138fdc0bfc8426704b397141d563cf4d580a2	vendor/wr-cores/platform/xilinx/wr_gtp_phy/xilinx-ip/gthe4_lp/gtwizard_ultrascale_2_gtwizard_gthe4.v	60efed7394fc321ebe9a8783b310a91a41882f75	vendor/wr-cores/platform/xilinx/wr_gtp_phy/xilinx-ip/gthe4_lp/gtwizard_ultrascale_2_gtwizard_gthe4.v	byte-identical	f203256a6a8a431273b3db5ad2f6cfd6aa34ff0d41a79d732e634c12bf2c7a16
26e138fdc0bfc8426704b397141d563cf4d580a2	vendor/wr-cores/platform/xilinx/wr_gtp_phy/xilinx-ip/gthe4_lp/gtwizard_ultrascale_2_gtwizard_top.v	15394d7393f04fe5c82a7146fc9f28a3117ed2a3	vendor/wr-cores/platform/xilinx/wr_gtp_phy/xilinx-ip/gthe4_lp/gtwizard_ultrascale_2_gtwizard_top.v	byte-identical	bc4a852a1e4a69f9ce34801ac641d263687b178df5bd91e361bad0553e7e085c
26e138fdc0bfc8426704b397141d563cf4d580a2	vendor/wr-cores/platform/xilinx/wr_gtp_phy/xilinx-ip/gthe4_lp/gtwizard_ultrascale_v1_7_gthe4_channel.v	8fe2df89ec445e2f2d39c7a83ca7803aa6a2abb3	vendor/wr-cores/platform/xilinx/wr_gtp_phy/xilinx-ip/gthe4_lp/gtwizard_ultrascale_v1_7_gthe4_channel.v	byte-identical	c54907ddc349c22ac5b0a7e93c312c6455df6beaab2d26776943d6bdc3be1962
26e138fdc0bfc8426704b397141d563cf4d580a2	vendor/wr-cores/platform/xilinx/wr_gtp_phy/xilinx-ip/gthe4_lp/phy_ref_clk_100/gtwizard_ultrascale_2.v	bb9b159117cdd577d74ae319573b62943aaba3b2	vendor/wr-cores/platform/xilinx/wr_gtp_phy/xilinx-ip/gthe4_lp/phy_ref_clk_100/gtwizard_ultrascale_2.v	byte-identical	0336dbdb902285d88fcde5056bd9a95716d2137b615eaf5e1a1e1b65aebc4d17
26e138fdc0bfc8426704b397141d563cf4d580a2	vendor/wr-cores/platform/xilinx/wr_gtp_phy/xilinx-ip/gthe4_lp/phy_ref_clk_100/gtwizard_ultrascale_2_gthe4_channel_wrapper.v	78fe39c5f091b2e39d15b57c264147443db99e61	vendor/wr-cores/platform/xilinx/wr_gtp_phy/xilinx-ip/gthe4_lp/phy_ref_clk_100/gtwizard_ultrascale_2_gthe4_channel_wrapper.v	byte-identical	f771e40562f1b426dbbb8aeaf086bab9c9be784faaadfc390bde790f17ed3d70
26e138fdc0bfc8426704b397141d563cf4d580a2	vendor/wr-cores/platform/xilinx/wr_gtp_phy/xilinx-ip/gthe4_lp/phy_ref_clk_100/gtwizard_ultrascale_2_ooc.xdc	be2b819e2e86cc7080afbd5b6b04bdf6e9c8123a	vendor/wr-cores/platform/xilinx/wr_gtp_phy/xilinx-ip/gthe4_lp/phy_ref_clk_100/gtwizard_ultrascale_2_ooc.xdc	byte-identical	05c73be445665f26d78b5b030f7e0b21163ab28e0dcaf148712fafc3a172b36b
26e138fdc0bfc8426704b397141d563cf4d580a2	vendor/wr-cores/platform/xilinx/wr_gtp_phy/xilinx-ip/gthe4_lp/phy_ref_clk_125/gtwizard_ultrascale_2.v	47ce93631d0f8ecbc01f4cf224bacd28eb58fea8	vendor/wr-cores/platform/xilinx/wr_gtp_phy/xilinx-ip/gthe4_lp/phy_ref_clk_125/gtwizard_ultrascale_2.v	byte-identical	184e3f3700cee8a7525ac5d95506e8656c2a73f3ec122ce84448f5759bf3f923
26e138fdc0bfc8426704b397141d563cf4d580a2	vendor/wr-cores/platform/xilinx/wr_gtp_phy/xilinx-ip/gthe4_lp/phy_ref_clk_125/gtwizard_ultrascale_2_gthe4_channel_wrapper.v	f20e39f519916a8018c84746adc34ecc66fc668b	vendor/wr-cores/platform/xilinx/wr_gtp_phy/xilinx-ip/gthe4_lp/phy_ref_clk_125/gtwizard_ultrascale_2_gthe4_channel_wrapper.v	byte-identical	3b2cdafbc748f471e9be335a42120f1d29a7445377dfca1ba570025eb5102eb9
26e138fdc0bfc8426704b397141d563cf4d580a2	vendor/wr-cores/platform/xilinx/wr_gtp_phy/xilinx-ip/gthe4_lp/phy_ref_clk_125/gtwizard_ultrascale_2_ooc.xdc	34bd52b7e58293dcd2213e7c4c3da687b4f57a89	vendor/wr-cores/platform/xilinx/wr_gtp_phy/xilinx-ip/gthe4_lp/phy_ref_clk_125/gtwizard_ultrascale_2_ooc.xdc	byte-identical	f59bf890fccb769687d387cf436136ffaa38ebedb924fbbf5185e929a0268610
26e138fdc0bfc8426704b397141d563cf4d580a2	vendor/wr-cores/platform/xilinx/wr_xilinx_pkg.vhd	9e504cbe7b70d92061040b31101a099264c91150	vendor/wr-cores/platform/xilinx/wr_xilinx_pkg.vhd	byte-identical	f47c6b7a746f8bd3953cf715ec3b27bef8268cf8bc0d42afc5fdb54438a4f710
26e138fdc0bfc8426704b397141d563cf4d580a2	vendor/wr-cores/platform/xilinx/wrc_dpram/wrc_platform_dpram_ultrascale.vhd	176dd1b072e78d890ad9e028e52ebc31a6d44011	vendor/wr-cores/platform/xilinx/wrc_dpram/wrc_platform_dpram_ultrascale.vhd	byte-identical	ce51dafeca3983f5df3b01a0037d39801869d7a02439eeaa06365120507b19f8
26e138fdc0bfc8426704b397141d563cf4d580a2	vendor/wr-cores/platform/xilinx/xwrc_platform_vivado.vhd	c0673f9f1139a72f05efb815b4d72dc766f18bec	vendor/wr-cores/platform/xilinx/xwrc_platform_vivado.vhd	byte-identical	79d8f042bbdc705a9cba42de46879e7e5f04452fa11add542f02a135eb20a99a
26e138fdc0bfc8426704b397141d563cf4d580a2	vendor/wr-cores/platform/xilinx/xwrc_platform_xilinx.vhd	24db6ccf0d2d6e7b2004eaaca22e4da6870568e8	vendor/wr-cores/platform/xilinx/xwrc_platform_xilinx.vhd	byte-identical	198b99568e7117abe2f5348a1681a0f18dd18105834cfba368e0ecf4188920af
26e138fdc0bfc8426704b397141d563cf4d580a2	vendor/wr-cores/sim/8b10b_encoder.svh	a3e9cebbd08f7ffdcbe3cefce32b6fcf14bcb0af	vendor/wr-cores/sim/8b10b_encoder.svh	byte-identical	49e4409a77cde18ecf782b62658cf905e03431b86e4a027ab708c5e1edc4a717
26e138fdc0bfc8426704b397141d563cf4d580a2	vendor/wr-cores/sim/drivers/simdrv_minic.svh	ccf323dd07b0a750ff08cb75b00fa9e8109f9dfc	vendor/wr-cores/sim/drivers/simdrv_minic.svh	byte-identical	d5833d238bbbe64f6cbd01d9578925d9ebc090497e7c13ec9051a2e57305bd81
26e138fdc0bfc8426704b397141d563cf4d580a2	vendor/wr-cores/sim/drivers/simdrv_wr_endpoint.svh	015f3b652d1dbca0a8ee583d35f549ecb8a0254f	vendor/wr-cores/sim/drivers/simdrv_wr_endpoint.svh	byte-identical	a75d899f78f4fe727acbcd74d7d9a360d3a36d20f8979fdfed69a72f25a8cc3c
26e138fdc0bfc8426704b397141d563cf4d580a2	vendor/wr-cores/sim/endpoint_mdio.v	e0250acaa4735bee65fedbdcfc439461698be3f0	vendor/wr-cores/sim/endpoint_mdio.v	byte-identical	7e28018ee631521b94f73d55410267e4c259ff20eaaecb251bf585650b01cd43
26e138fdc0bfc8426704b397141d563cf4d580a2	vendor/wr-cores/sim/endpoint_regs.v	2038f4ba17918a705d1c48662361c71f5c131b3e	vendor/wr-cores/sim/endpoint_regs.v	byte-identical	80e291295a3fde110eeb7121081c746a44caa67d4087377e1b782d04ce406250
26e138fdc0bfc8426704b397141d563cf4d580a2	vendor/wr-cores/sim/eth_packet.svh	f24a5ec282932b6e548ed9911c75b18fe6136391	vendor/wr-cores/sim/eth_packet.svh	byte-identical	2fdb2df8e4ace7b148305c308db3e5fc1b3b6bc0c2ba07e87d826248f0a14ebf
26e138fdc0bfc8426704b397141d563cf4d580a2	vendor/wr-cores/sim/fabric_emu/fabric_demo_tap.sv	afd1b31785541f19994b5265f82096dfe2b5c160	vendor/wr-cores/sim/fabric_emu/fabric_demo_tap.sv	byte-identical	e4016a1c9f42e01cc259488ba064c5504ff60fa4b70e241ab41aeabf8972df63
26e138fdc0bfc8426704b397141d563cf4d580a2	vendor/wr-cores/sim/fabric_emu/fabric_emu.sv	67aead08392231baaa4d9bed393b477aa097893c	vendor/wr-cores/sim/fabric_emu/fabric_emu.sv	byte-identical	f4ff0d20ee9714490ba53204a20317b6a5e417136397f6f8c4178c1a0868e456
26e138fdc0bfc8426704b397141d563cf4d580a2	vendor/wr-cores/sim/fabric_emu/fabric_emu_defs.sv	1acd0e5343121ba152304d12f873083c215b0b1d	vendor/wr-cores/sim/fabric_emu/fabric_emu_defs.sv	byte-identical	2b71fa8000cbaf5744cab2aaed0945e155f9e9829890a587154df9946413371d
26e138fdc0bfc8426704b397141d563cf4d580a2	vendor/wr-cores/sim/fabric_emu/fabric_emu_demo.sv	103b284fc528189cdbcb7515c789b35d814a4cc4	vendor/wr-cores/sim/fabric_emu/fabric_emu_demo.sv	byte-identical	01cf94b20e09e3337effa11a2578ea4fef921c7382ef3ea93bb95f05c61dd564
26e138fdc0bfc8426704b397141d563cf4d580a2	vendor/wr-cores/sim/fabric_emu/fabric_emu_funcs.sv	73f121c7eb288c4f51f20bdc3cfe7d295df270e4	vendor/wr-cores/sim/fabric_emu/fabric_emu_funcs.sv	byte-identical	54c46f89082403c890f1dcafb123eeaf98406c573fd1ee1aa9c801ea3c486a3f
26e138fdc0bfc8426704b397141d563cf4d580a2	vendor/wr-cores/sim/fabric_emu/fabric_emu_tap.sv	9560ff973f200f8e9686b6ca2ed29eef448bb137	vendor/wr-cores/sim/fabric_emu/fabric_emu_tap.sv	byte-identical	5d671e929e236ee619eb7373fd637d60bd75d1faf6036bca4f173c92e6838228
26e138fdc0bfc8426704b397141d563cf4d580a2	vendor/wr-cores/sim/if_wb_classic_master.svh	c600760522eb4f87cab0936814b1691127a4410e	vendor/wr-cores/sim/if_wb_classic_master.svh	byte-identical	bbc2f0df47bd887ac02f26df42d2f16a6f07600b79ef5ecf1bb05076ce406661
26e138fdc0bfc8426704b397141d563cf4d580a2	vendor/wr-cores/sim/if_wb_link.svh	7ae928bf3cfbf8d3028ce45770784d9f9d86f4a5	vendor/wr-cores/sim/if_wb_link.svh	byte-identical	6722f3976b14ad4600997c4f051471ef514eedf842714e3a2898b9b7810ebeb3
26e138fdc0bfc8426704b397141d563cf4d580a2	vendor/wr-cores/sim/if_wb_master.svh	0bf0ddc4ce20c24e4b81fd968c25ba792fac7300	vendor/wr-cores/sim/if_wb_master.svh	byte-identical	bbaa62360d09796ab1cbb623b2db43a8d072b6503952e0da67e754ae7131029f
26e138fdc0bfc8426704b397141d563cf4d580a2	vendor/wr-cores/sim/if_wb_slave.svh	1d182fb3e5c875acea23076a01efa97170972996	vendor/wr-cores/sim/if_wb_slave.svh	byte-identical	be17b95f595a48583953ece88f0ee6efe803d508a49290baeb6367b8fe9dca38
26e138fdc0bfc8426704b397141d563cf4d580a2	vendor/wr-cores/sim/if_wishbone_accessor.svh	22cc6d0a3f1eb790a22c2a7fc8b264420698b514	vendor/wr-cores/sim/if_wishbone_accessor.svh	byte-identical	9a6501f24306eda7990056cb2637adc4b2ee952f55f665bedc7cf050f0b15e0f
26e138fdc0bfc8426704b397141d563cf4d580a2	vendor/wr-cores/sim/if_wishbone_defs.svh	3b13f1101a61edcba86bf9ece25bd184dab5b874	vendor/wr-cores/sim/if_wishbone_defs.svh	byte-identical	9f6fbee23abd2cbbace2d8e860ce901661a6527b58a2e5033080a2f9747d5bb2
26e138fdc0bfc8426704b397141d563cf4d580a2	vendor/wr-cores/sim/if_wishbone_types.svh	5849afe7a12241f1ca2aa5bbfb60b5091b2ee03d	vendor/wr-cores/sim/if_wishbone_types.svh	byte-identical	e5b23bb911982ff26b3939714422dd29972ad1ed2193fd2c5e3428c0dae32b8e
26e138fdc0bfc8426704b397141d563cf4d580a2	vendor/wr-cores/sim/lbk_regs.v	f8859ff7f800112ceabfd75d1b15578da96d9caa	vendor/wr-cores/sim/lbk_regs.v	byte-identical	8f3bcc0395a1b952d2c4bdb50e9a7df455032b2501f272bfaef6c5421600db0e
26e138fdc0bfc8426704b397141d563cf4d580a2	vendor/wr-cores/sim/minic_regs.vh	7c30611a5c60740b995e9aa12bb54316a3a43519	vendor/wr-cores/sim/minic_regs.vh	byte-identical	97eb85300102b123fef0fa1e5f9ea02a5d6df4b070b96b128971d88f9d164cf5
26e138fdc0bfc8426704b397141d563cf4d580a2	vendor/wr-cores/sim/nic_regs.vh	d368988ee324dfc4a187e345d4142b0227c5d403	vendor/wr-cores/sim/nic_regs.vh	byte-identical	259f57b901256a9f6511e964474d3287c00724b79ab63cd1bf064eafb27313ab
26e138fdc0bfc8426704b397141d563cf4d580a2	vendor/wr-cores/sim/old_endpoint_regs.v	7ee8b365df443ef38eafbbdb5385bb90b14d9dd9	vendor/wr-cores/sim/old_endpoint_regs.v	byte-identical	26a0863eb669386ae4512ebf2477cbbb2c313dfcc33671e920d4f852ca2d4e82
26e138fdc0bfc8426704b397141d563cf4d580a2	vendor/wr-cores/sim/pfilter.svh	77a4ec1801f342b950b3e2069c4f0525a4d10212	vendor/wr-cores/sim/pfilter.svh	byte-identical	41186efc9e5040a8807ce7ad54139b3755397c218e7373747b0cfc02fe06fee6
26e138fdc0bfc8426704b397141d563cf4d580a2	vendor/wr-cores/sim/pps_gen_regs.v	f817f5862b6f8cd10a0abed34e08859b3bb7fca3	vendor/wr-cores/sim/pps_gen_regs.v	byte-identical	1d1fdd9cbad4c888884e9dd7bbbf4b086710cbba696cdf442fadb584bf326204
26e138fdc0bfc8426704b397141d563cf4d580a2	vendor/wr-cores/sim/simdrv_defs.svh	9d137b9ee54802ba2dea3e6d465d0e2ae7009587	vendor/wr-cores/sim/simdrv_defs.svh	byte-identical	be5dbe7aa4e2546c7517721e093c5558a9e53e80b032b8619ad9dc65827d1cae
26e138fdc0bfc8426704b397141d563cf4d580a2	vendor/wr-cores/sim/simdrv_txtsu.svh	39fd0f84941081e958c729280d8781a377718d67	vendor/wr-cores/sim/simdrv_txtsu.svh	byte-identical	d86bdc8ae3942d6dbb91e604e7e7bc23831f0a8177723c09f0ccc66ac9aec045
26e138fdc0bfc8426704b397141d563cf4d580a2	vendor/wr-cores/sim/simdrv_wr_nic.svh	276747525d42b5268edef7d26fd0354bccbd1204	vendor/wr-cores/sim/simdrv_wr_nic.svh	byte-identical	7893c19f152e110c91e173f881ee554bcfc1aaa21daabcc49e00e5a63c9a52ea
26e138fdc0bfc8426704b397141d563cf4d580a2	vendor/wr-cores/sim/softpll_regs.v	773e898822adf0f4223112995ff0665a79dfd60a	vendor/wr-cores/sim/softpll_regs.v	byte-identical	09f674f69b223151045cbcc98062ce3fe34c86f9f623d53f383a60ac32552a3d
26e138fdc0bfc8426704b397141d563cf4d580a2	vendor/wr-cores/sim/softpll_regs_ng.vh	48340dd5c6d056eb0e43900e5923259ec86d941b	vendor/wr-cores/sim/softpll_regs_ng.vh	byte-identical	1448bf5027b44178f2fcf946f1be6e6bdcd43b0134dcc511edbd4ee518d8b915
26e138fdc0bfc8426704b397141d563cf4d580a2	vendor/wr-cores/sim/tbi_utils.sv	3353eebcd75c1f633d38f46bc81e4ae1d125ff2f	vendor/wr-cores/sim/tbi_utils.sv	byte-identical	f1adce2b6248ab5bf59295fe70ddb3ed041de894b403eda46e95b329cb006d99
26e138fdc0bfc8426704b397141d563cf4d580a2	vendor/wr-cores/sim/txtsu_regs.vh	366a30dd5c3b4f8ca77fb3821e5fafbeecbc96cd	vendor/wr-cores/sim/txtsu_regs.vh	byte-identical	d35b254ff768023ad926ea0ec15b8371d42cd85b7217a031e3e04397b811b59b
26e138fdc0bfc8426704b397141d563cf4d580a2	vendor/wr-cores/sim/vic_regs.vh	77b84f40d1ed231bb5d9704488711105c7228126	vendor/wr-cores/sim/vic_regs.vh	byte-identical	b4beaa081bd644264fcfcb156e4833845128251f585f9441198b85bd53814cf8
26e138fdc0bfc8426704b397141d563cf4d580a2	vendor/wr-cores/sim/wb_fabric_defs.svh	907d97e349ba28ec18bc2ab3f293d646d235e613	vendor/wr-cores/sim/wb_fabric_defs.svh	byte-identical	e1e4f12902563fae34c07452f66f6012c5d7d748ff7bb626d81810986abd18a7
26e138fdc0bfc8426704b397141d563cf4d580a2	vendor/wr-cores/sim/wb_packet_sink.svh	548e3b07a7bfede5903bac60392a90bff5b16ddd	vendor/wr-cores/sim/wb_packet_sink.svh	byte-identical	1ecffd48b9dfb3f6782335830cb788b48a5c661586adce77c1c950f5c2e41063
26e138fdc0bfc8426704b397141d563cf4d580a2	vendor/wr-cores/sim/wb_packet_source.svh	d1119e49b952e4975197ecf55f698ef8405ff20a	vendor/wr-cores/sim/wb_packet_source.svh	byte-identical	455a70ead93e6f8b92cd79ad32b19c785da14974868c6261eb48758674aa2d55
26e138fdc0bfc8426704b397141d563cf4d580a2	vendor/wr-cores/sim/wishbone_test_master.v	098383758689293a3ac195df6f64c7e4e8546e53	vendor/wr-cores/sim/wishbone_test_master.v	byte-identical	b881fc0cacad8af219d816d99e96d3f4d516ddc6d3d684d59e97438b411d3500
26e138fdc0bfc8426704b397141d563cf4d580a2	vendor/wr-cores/sim/wr_1000basex_phy_model.svh	9f8cc8bf73fd0bfa6050422cfce6d5cf7da9fce7	vendor/wr-cores/sim/wr_1000basex_phy_model.svh	byte-identical	0e4d4d1bed61951efb1b1414be982357a72a10de4d8e3a600e816eb7081d6c5b
26e138fdc0bfc8426704b397141d563cf4d580a2	vendor/wr-cores/sim/wr_streamers_wb.svh	e87d8312f416506d83c60b152bc3a0dc86a5033f	vendor/wr-cores/sim/wr_streamers_wb.svh	byte-identical	d9b210e27f5d168fed6f0231c6930b0fc786205748cff48082cb6735e0454fcd
26e138fdc0bfc8426704b397141d563cf4d580a2	vendor/wr-cores/sim/wrc_diags_regs.vh	2268d4776723ae1660d44a18fc63e12b05fd663f	vendor/wr-cores/sim/wrc_diags_regs.vh	byte-identical	20b4269e4a29bf3c4d27e294ae9500dedce7e466ac0742e57795d8ecdac264a9
26e138fdc0bfc8426704b397141d563cf4d580a2	vendor/wr-cores/sim/wrc_syscon_regs.vh	caacef7cc74d201c3dc2fea444ad54c1df2aad6a	vendor/wr-cores/sim/wrc_syscon_regs.vh	byte-identical	1a84a780a591faaeddc578e92d6665f2ab11d1d18fc82306c29fc5c61c94a2c5
26e138fdc0bfc8426704b397141d563cf4d580a2	vendor/wr-cores/testbench/.gitignore	ad1aac1e3b42271dc8a8ba3038f83bb78b691e65	vendor/wr-cores/testbench/.gitignore	byte-identical	9b2a7786bb869f8c393ec05449541f33c69fe9c071395b324ca4509a1c881f96
26e138fdc0bfc8426704b397141d563cf4d580a2	vendor/wr-cores/testbench/dac/serial_dac856x_tb.vhd	5bd688287d2ae6c22e0fafb6c5b455873424256e	vendor/wr-cores/testbench/dac/serial_dac856x_tb.vhd	byte-identical	43a92d04323fa903a2bf550ef82cf2cf70e507394ed071e7c7bd1a19dff911fd
26e138fdc0bfc8426704b397141d563cf4d580a2	vendor/wr-cores/testbench/mini_bone/Manifest.py	a3f6d93a109fb6d4c04842d1aae97d4132ee6784	vendor/wr-cores/testbench/mini_bone/Manifest.py	byte-identical	a6ebc10c5b59f301b6d3eba399e4421b061a09a394b229ac5dd2442edfb69664
26e138fdc0bfc8426704b397141d563cf4d580a2	vendor/wr-cores/testbench/mini_bone/main.sv	35463788d725c3e96e815d39a3b8320aed90b7eb	vendor/wr-cores/testbench/mini_bone/main.sv	byte-identical	9981b35ecda1cbe5f435d1fe3eb53d2d2078010a6b781bb7b31301f144bc13f7
26e138fdc0bfc8426704b397141d563cf4d580a2	vendor/wr-cores/testbench/mini_bone/run.do	70303ca196e6d4c8892511490cd32c211b2eca39	vendor/wr-cores/testbench/mini_bone/run.do	byte-identical	3fd9dc077277fd35de7d65dc0bf5e107d42c357e54d794b226a28a9ffdba479f
26e138fdc0bfc8426704b397141d563cf4d580a2	vendor/wr-cores/testbench/mini_bone/wave.do	8db3742908f19d62d55ae24866ce9f79c6e241ac	vendor/wr-cores/testbench/mini_bone/wave.do	byte-identical	412392517c2de5aeac3da5da227f990082b1da25c9fa1285d2b3478c3a8dbbf9
26e138fdc0bfc8426704b397141d563cf4d580a2	vendor/wr-cores/testbench/nic_bw_throttling/Manifest.py	12caf8a5f2a3fe958501cbd8de0fb08c2065665c	vendor/wr-cores/testbench/nic_bw_throttling/Manifest.py	byte-identical	957a4a494239b08788991e8328844356390b48a487e780fb02a74a7525700c7c
26e138fdc0bfc8426704b397141d563cf4d580a2	vendor/wr-cores/testbench/nic_bw_throttling/main.sv	57488308217fa904d64f7a963ac67a1092e9b6e0	vendor/wr-cores/testbench/nic_bw_throttling/main.sv	byte-identical	fdd233a54a33cfcb3e8c03f2342b0e067eb6fb191bc65d2ba1fe3399f7749482
26e138fdc0bfc8426704b397141d563cf4d580a2	vendor/wr-cores/testbench/nic_bw_throttling/run.do	37cf5829b69fba0252143435ef142864192fe451	vendor/wr-cores/testbench/nic_bw_throttling/run.do	byte-identical	93392703113a5e7180d6454ebc689cab7e0879fdf384c0d41b6d581ef087226a
26e138fdc0bfc8426704b397141d563cf4d580a2	vendor/wr-cores/testbench/nic_bw_throttling/wave.do	f4f22feeab243d89de818844421a93a223cfba12	vendor/wr-cores/testbench/nic_bw_throttling/wave.do	byte-identical	de3fcccd42e10cd80aa0831573d94ef36b21e66efbbf44e77452861ed1a4299e
26e138fdc0bfc8426704b397141d563cf4d580a2	vendor/wr-cores/testbench/top_level/Manifest.py	15a822c7348aa0b4ef5d9fdc721ba11d66b595a7	vendor/wr-cores/testbench/top_level/Manifest.py	byte-identical	11ebff3e31f0b50780404f886d17f5c05223c42f5ee9e1f9486376e9d55eef1d
26e138fdc0bfc8426704b397141d563cf4d580a2	vendor/wr-cores/testbench/top_level/NullFile	1e10ce077542654bb23f14cf3b01474e1b93d257	vendor/wr-cores/testbench/top_level/NullFile	byte-identical	28a3ca964de57d26fbe508290eb60d3a07c51693d4e95c879a1db71ade1699c6
26e138fdc0bfc8426704b397141d563cf4d580a2	vendor/wr-cores/testbench/top_level/gn4124_bfm/Manifest.py	a254ae992a97dc33da90aa07d86019e9d234ee52	vendor/wr-cores/testbench/top_level/gn4124_bfm/Manifest.py	byte-identical	cff1817acda73d5676d125ee7ec0ddfb130ee96119f85f1f4f266c5b5f74dae0
26e138fdc0bfc8426704b397141d563cf4d580a2	vendor/wr-cores/testbench/top_level/gn4124_bfm/gn4124_bfm.svh	ab22687dfa4e99504373c32a95a94b92d67534ad	vendor/wr-cores/testbench/top_level/gn4124_bfm/gn4124_bfm.svh	byte-identical	cb991c8cfdcaeb52f529dbf4711523589a3b3e141923121a5c22338fffa9a03b
26e138fdc0bfc8426704b397141d563cf4d580a2	vendor/wr-cores/testbench/top_level/gn4124_bfm/gn412x_bfm.vhd	578a7470bc240eb873416db8c125ddc15e75b399	vendor/wr-cores/testbench/top_level/gn4124_bfm/gn412x_bfm.vhd	byte-identical	8588c59535d132d5515512c2176f75e903523d983030528371a576e458a61ffb
26e138fdc0bfc8426704b397141d563cf4d580a2	vendor/wr-cores/testbench/top_level/gn4124_bfm/mem_model.vhd	f5d8f8a318efd4909ce49b73e48edbfd3bff3b25	vendor/wr-cores/testbench/top_level/gn4124_bfm/mem_model.vhd	byte-identical	c5dd31f645aaee7dcfb6b030f04c6a433bf5d3dbbe11d0116b0d6efb00b478c3
26e138fdc0bfc8426704b397141d563cf4d580a2	vendor/wr-cores/testbench/top_level/gn4124_bfm/textutil.vhd	1cc3de15f66d170c1333190caae51998a3e40b47	vendor/wr-cores/testbench/top_level/gn4124_bfm/textutil.vhd	byte-identical	2a627f4f6d9f2ca3c5e4c77d79f1552fd51817399ed86e899ff9f360a85cb9ba
26e138fdc0bfc8426704b397141d563cf4d580a2	vendor/wr-cores/testbench/top_level/gn4124_bfm/util.vhd	c51777765340926dab50b075b00069b942f5e096	vendor/wr-cores/testbench/top_level/gn4124_bfm/util.vhd	byte-identical	f3b368eb3ab0c343c2887d1331f65cee2d471b5de394c06bc57683090789313b
26e138fdc0bfc8426704b397141d563cf4d580a2	vendor/wr-cores/testbench/top_level/main.sv	0e00abf2c7815499b90581ad9a08c6a0f8c2f23c	vendor/wr-cores/testbench/top_level/main.sv	byte-identical	7952bb5cca2bbf7b3af0f62def74ffbcda7fe16c9a52de73447cd17ae9219aa1
26e138fdc0bfc8426704b397141d563cf4d580a2	vendor/wr-cores/testbench/top_level/run.do	f2dea76cbf62268ebc1f0492d66370402a8a9790	vendor/wr-cores/testbench/top_level/run.do	byte-identical	e813b8ee733893837c112b65e09d939aa2de30606158797c2468d9f7a3b8f7d3
26e138fdc0bfc8426704b397141d563cf4d580a2	vendor/wr-cores/testbench/top_level/wave.do	079c7fb3a892f2e46946490ff530c6fc5df2b3b9	vendor/wr-cores/testbench/top_level/wave.do	byte-identical	98fea53475bbba52f1db955c183a622b2713d58228d42ec20585ad33b311cac1
26e138fdc0bfc8426704b397141d563cf4d580a2	vendor/wr-cores/testbench/wr_endpoint/full_tb/Manifest.py	33915a745e89acd2117763669d30014598f8bf02	vendor/wr-cores/testbench/wr_endpoint/full_tb/Manifest.py	byte-identical	c41479a2d9eb148202faefde4f0b91310b8bb95d0f95bbd45d74213ae93694a7
26e138fdc0bfc8426704b397141d563cf4d580a2	vendor/wr-cores/testbench/wr_endpoint/full_tb/endpoint_phy_wrapper.svh	5da334db790eecfdba851feb50f534406121f574	vendor/wr-cores/testbench/wr_endpoint/full_tb/endpoint_phy_wrapper.svh	byte-identical	baf306a00f29bce99c48a696d3456367b0be32a325a9d47ec3b1adf5bd9d22e9
26e138fdc0bfc8426704b397141d563cf4d580a2	vendor/wr-cores/testbench/wr_endpoint/full_tb/main.sv	ef0e21433827a7b44f53f6691d5c504eb8838a90	vendor/wr-cores/testbench/wr_endpoint/full_tb/main.sv	byte-identical	570ed8aa81fe9bf37a39fb724796a821ee0d2c98e2ccb0b87f17cf17abd1cf66
26e138fdc0bfc8426704b397141d563cf4d580a2	vendor/wr-cores/testbench/wr_endpoint/full_tb/old_endpoint_wrapper.svh	c689503ede21181fc75c4561d9ac4126e94c522a	vendor/wr-cores/testbench/wr_endpoint/full_tb/old_endpoint_wrapper.svh	byte-identical	e8cd0b9974fb9d1156af8253cf2a0eafdc4e316ede5b15ec1e2e79b3de58ca01
26e138fdc0bfc8426704b397141d563cf4d580a2	vendor/wr-cores/testbench/wr_endpoint/full_tb/pcs_adapter.svh	e69de29bb2d1d6434b8b29ae775ad8c2e48c5391	vendor/wr-cores/testbench/wr_endpoint/full_tb/pcs_adapter.svh	byte-identical	e3b0c44298fc1c149afbf4c8996fb92427ae41e4649b934ca495991b7852b855
26e138fdc0bfc8426704b397141d563cf4d580a2	vendor/wr-cores/testbench/wr_endpoint/full_tb/pfilter.svh	2181d3851ea36f981405beca3b23d1b9af6a62d1	vendor/wr-cores/testbench/wr_endpoint/full_tb/pfilter.svh	byte-identical	4bde9c0a9481a4bf7f3e1aa38be9a7929107932af17765efe1b19d79d89c19e3
26e138fdc0bfc8426704b397141d563cf4d580a2	vendor/wr-cores/testbench/wr_endpoint/full_tb/run.do	69ea4d273d3d4b4c454fa46f0d17f19a5df66352	vendor/wr-cores/testbench/wr_endpoint/full_tb/run.do	byte-identical	f83ea9fdf264044130e147a39019944508b05f97fae5611bd61de76db2c9c0ac
26e138fdc0bfc8426704b397141d563cf4d580a2	vendor/wr-cores/testbench/wr_endpoint/full_tb/run_ci_riv.do	ccaa910709f0f8f2b3ee565d2f23ca30f95bc3ed	vendor/wr-cores/testbench/wr_endpoint/full_tb/run_ci_riv.do	byte-identical	86d674a670e74e2296a3b1a4952ba9f22f8bfce49070380eb04c4ee7ea142e24
26e138fdc0bfc8426704b397141d563cf4d580a2	vendor/wr-cores/testbench/wr_endpoint/full_tb/wave.do	714bfb9b17195baaa971954058ae46fa5a698ace	vendor/wr-cores/testbench/wr_endpoint/full_tb/wave.do	byte-identical	f46319d26d31c38cfd5400c20fa8514e4bf96bc48a9a1a698d1700d3064cdc1d
26e138fdc0bfc8426704b397141d563cf4d580a2	vendor/wr-cores/testbench/wr_endpoint/full_tb/wave_ci.do	7fb6eed8a05a8af08155a631369d7795f44b2917	vendor/wr-cores/testbench/wr_endpoint/full_tb/wave_ci.do	byte-identical	0e361acc55f353877435298944c977ed8b97df80568a876571fe55df7fecba49
26e138fdc0bfc8426704b397141d563cf4d580a2	vendor/wr-cores/testbench/wr_endpoint/old_ep/Manifest.py	1099e36aa08a297b648791228fcaffffe79218b9	vendor/wr-cores/testbench/wr_endpoint/old_ep/Manifest.py	byte-identical	ff177bc29c76aeda3a267d4f12e7b9728662011b0bfc533825d9389828905d35
26e138fdc0bfc8426704b397141d563cf4d580a2	vendor/wr-cores/testbench/wr_endpoint/old_ep/old_endpoint_pkg.vhd	279a38457e8f3e26a3d7fe6e2d9ca557fb5d8804	vendor/wr-cores/testbench/wr_endpoint/old_ep/old_endpoint_pkg.vhd	byte-identical	1c0b8ef131f4217107c70ca6e7b41c46dbab061d4d5cf32a62120898b16fc06e
26e138fdc0bfc8426704b397141d563cf4d580a2	vendor/wr-cores/testbench/wr_endpoint/old_ep/old_ep_1000basex_pcs.vhd	772a1110c05c0acad4af8a8b809bbd88d9f03e34	vendor/wr-cores/testbench/wr_endpoint/old_ep/old_ep_1000basex_pcs.vhd	byte-identical	dacafd1dfec3a764982f16835ec80a55248495eb1b187456b2ed51f44daee496
26e138fdc0bfc8426704b397141d563cf4d580a2	vendor/wr-cores/testbench/wr_endpoint/old_ep/old_ep_autonegotiation.vhd	154f357e90646b32cff2f54060d0d83e55913b59	vendor/wr-cores/testbench/wr_endpoint/old_ep/old_ep_autonegotiation.vhd	byte-identical	096160172a07e443a38a9730d0bf2e0d31cd03e85b90f83091fc133b70686ba5
26e138fdc0bfc8426704b397141d563cf4d580a2	vendor/wr-cores/testbench/wr_endpoint/old_ep/old_ep_dec_8b10b.vhd	7d35e37ae6d4df6b758f0df699496f9242a22f59	vendor/wr-cores/testbench/wr_endpoint/old_ep/old_ep_dec_8b10b.vhd	byte-identical	67219e0b30a2e6f5df96d1f438214d4ca264d0570551fce4b1a38fe3e2a49496
26e138fdc0bfc8426704b397141d563cf4d580a2	vendor/wr-cores/testbench/wr_endpoint/old_ep/old_ep_enc_8b10b.vhd	bf756854aac112b192cac44d9a08cc0d6acf8f3c	vendor/wr-cores/testbench/wr_endpoint/old_ep/old_ep_enc_8b10b.vhd	byte-identical	6dabf127e6b2b7359c56fae2340a1f955c6a5f84b2145a7b62ec063e66edf32a
26e138fdc0bfc8426704b397141d563cf4d580a2	vendor/wr-cores/testbench/wr_endpoint/old_ep/old_ep_flow_control.vhd	054df8469c1cb49ae5f362f161f208c118aa477d	vendor/wr-cores/testbench/wr_endpoint/old_ep/old_ep_flow_control.vhd	byte-identical	07ccdc1d2786fa83faafbf91c9b758715fbb3f4208c6d054eab2c6ed5bd84254
26e138fdc0bfc8426704b397141d563cf4d580a2	vendor/wr-cores/testbench/wr_endpoint/old_ep/old_ep_pcs_tbi_mdio_wb.vhd	4c0a3a884ad984b4049ed177a6cd9b535790ce29	vendor/wr-cores/testbench/wr_endpoint/old_ep/old_ep_pcs_tbi_mdio_wb.vhd	byte-identical	dec98b4681a6918998651d0930ef17a0452b0efb4941a6b6f1067a34045fafd8
26e138fdc0bfc8426704b397141d563cf4d580a2	vendor/wr-cores/testbench/wr_endpoint/old_ep/old_ep_rmon_counters.vhd	8e63af963044e92c8491bc9f08c582d0864ccd06	vendor/wr-cores/testbench/wr_endpoint/old_ep/old_ep_rmon_counters.vhd	byte-identical	8b50b42ba6e56e828f25dccfac6d3748943f11fdfc764e217dc2f96522e4ebdf
26e138fdc0bfc8426704b397141d563cf4d580a2	vendor/wr-cores/testbench/wr_endpoint/old_ep/old_ep_rx_buffer.vhd	35f2ac35290f12bd34c944adb406e3d75f97f838	vendor/wr-cores/testbench/wr_endpoint/old_ep/old_ep_rx_buffer.vhd	byte-identical	2f7627e13745245e8f64c7741c47cbdf259599550abcbf75a0e58c537ea49b95
26e138fdc0bfc8426704b397141d563cf4d580a2	vendor/wr-cores/testbench/wr_endpoint/old_ep/old_ep_rx_crc_size_check.vhd	afc996055a2637a359bbb511a2e42004fe92ef8c	vendor/wr-cores/testbench/wr_endpoint/old_ep/old_ep_rx_crc_size_check.vhd	byte-identical	a560fe8ff840df109554a346cb5b3b457699d054b710e60a5cae8da6c3801c44
26e138fdc0bfc8426704b397141d563cf4d580a2	vendor/wr-cores/testbench/wr_endpoint/old_ep/old_ep_rx_deframer.vhd	e98b510f0fb2bde0a789cfc546165fd7c4e4f723	vendor/wr-cores/testbench/wr_endpoint/old_ep/old_ep_rx_deframer.vhd	byte-identical	55c39a684585f61e8c6a3266f0880a9aa51608faf8fd4b9f87ae9390741db27d
26e138fdc0bfc8426704b397141d563cf4d580a2	vendor/wr-cores/testbench/wr_endpoint/old_ep/old_ep_rx_pcs_tbi.vhd	f225baf799c6f903661fcef33bf38165acc99f73	vendor/wr-cores/testbench/wr_endpoint/old_ep/old_ep_rx_pcs_tbi.vhd	byte-identical	f1ef566b79d5412ea0f581a47e92b758c440f5f4576cd33630ba07d1a8ae8f5e
26e138fdc0bfc8426704b397141d563cf4d580a2	vendor/wr-cores/testbench/wr_endpoint/old_ep/old_ep_sync_detect.vhd	d46b7080dc19409daf72756e2d92f88afbc979d3	vendor/wr-cores/testbench/wr_endpoint/old_ep/old_ep_sync_detect.vhd	byte-identical	f91553c21ee13d6219d2a22561fc1a9a3d98380eec8657e7aaa547dceb34eeff
26e138fdc0bfc8426704b397141d563cf4d580a2	vendor/wr-cores/testbench/wr_endpoint/old_ep/old_ep_timestamping_unit.vhd	2c11207a417d269f1c47f5617a82adfd76b6dba2	vendor/wr-cores/testbench/wr_endpoint/old_ep/old_ep_timestamping_unit.vhd	byte-identical	d77442effa779f5d0487acd3cc195bd76b5b3fb9c63dc32d797df9da2a513f6b
26e138fdc0bfc8426704b397141d563cf4d580a2	vendor/wr-cores/testbench/wr_endpoint/old_ep/old_ep_ts_counter.vhd	050718eb09db2617a898b8040057c8fd8d927183	vendor/wr-cores/testbench/wr_endpoint/old_ep/old_ep_ts_counter.vhd	byte-identical	33ccde1e6018aceec00e025520326f6df4e908ffd8473ed9807aa020034fba87
26e138fdc0bfc8426704b397141d563cf4d580a2	vendor/wr-cores/testbench/wr_endpoint/old_ep/old_ep_tx_framer.vhd	c667745709409b5ad19cdeba76949a10d41d227d	vendor/wr-cores/testbench/wr_endpoint/old_ep/old_ep_tx_framer.vhd	byte-identical	fe3f4a8f84de1781c1d2480a8f996407c51f6e3c06bfc8522c11e7510408e159
26e138fdc0bfc8426704b397141d563cf4d580a2	vendor/wr-cores/testbench/wr_endpoint/old_ep/old_ep_tx_pcs_tbi.vhd	faf6fd8e64943c9fe2898bd2835cefa2bbe796a7	vendor/wr-cores/testbench/wr_endpoint/old_ep/old_ep_tx_pcs_tbi.vhd	byte-identical	a365115e67784b50e8d6ec4a4770998db3e684e4ddcfdd9e38b979d7c2c8c4e7
26e138fdc0bfc8426704b397141d563cf4d580a2	vendor/wr-cores/testbench/wr_endpoint/old_ep/old_ep_wb_to_wrf.vhd	e8f8b7fb320df19735d4222ba0ea878d59803281	vendor/wr-cores/testbench/wr_endpoint/old_ep/old_ep_wb_to_wrf.vhd	byte-identical	ab9d7683bd22fc7de46c028f44794f7e2b90b84549d09bd75314972656228035
26e138fdc0bfc8426704b397141d563cf4d580a2	vendor/wr-cores/testbench/wr_endpoint/old_ep/old_ep_wishbone_controller.vhd	6dbca8074ffb84fc07dc39814d854d6ab8848bad	vendor/wr-cores/testbench/wr_endpoint/old_ep/old_ep_wishbone_controller.vhd	byte-identical	d5182a11190f212589223a432b9757260a737a5e28402d87d601b03581800049
26e138fdc0bfc8426704b397141d563cf4d580a2	vendor/wr-cores/testbench/wr_endpoint/old_ep/old_ep_wrf_to_wb.vhd	0b293df229dfde761210635362b3af4ac2b1c9da	vendor/wr-cores/testbench/wr_endpoint/old_ep/old_ep_wrf_to_wb.vhd	byte-identical	5ece1a02b068130a6610789a069000feab5feb1cf4a2eb6ccd2a18872e532aca
26e138fdc0bfc8426704b397141d563cf4d580a2	vendor/wr-cores/testbench/wr_endpoint/old_ep/old_wrsw_endpoint.vhd	86c43b8971e87ae4f51387ae1222db7de8ae5292	vendor/wr-cores/testbench/wr_endpoint/old_ep/old_wrsw_endpoint.vhd	byte-identical	a0ddfa339568b968695b3a4f6b4b73f73a66b6703f80066187adca96621e642b
26e138fdc0bfc8426704b397141d563cf4d580a2	vendor/wr-cores/testbench/wr_ep_prbs_checker/Manifest.py	46b1c308c68f31f1313fec16e770ef6a94d40a63	vendor/wr-cores/testbench/wr_ep_prbs_checker/Manifest.py	byte-identical	78673e75695e20076db61d84a536791a2d26e6e8a25b1e4a2f1b2c8e7c882ace
26e138fdc0bfc8426704b397141d563cf4d580a2	vendor/wr-cores/testbench/wr_ep_prbs_checker/main.sv	12d20899224a9aaebb00b6bc673b95294ad8c7d7	vendor/wr-cores/testbench/wr_ep_prbs_checker/main.sv	byte-identical	145a0e13793431b9d95492ca7f3d03a3c66b73e24071135b8410ae47a00c8143
26e138fdc0bfc8426704b397141d563cf4d580a2	vendor/wr-cores/testbench/wr_ep_prbs_checker/run.do	44b16adfd0b8158305fb0af6992b506800f068f8	vendor/wr-cores/testbench/wr_ep_prbs_checker/run.do	byte-identical	56da17473ae3c321b785a15a32f75431f8c1d2ed60b52e9cd2af7270c6839be2
26e138fdc0bfc8426704b397141d563cf4d580a2	vendor/wr-cores/testbench/wr_ep_prbs_checker/run_ci_riv.do	3a32ecbd7aca583cef8a84798044d7dd8cdd8252	vendor/wr-cores/testbench/wr_ep_prbs_checker/run_ci_riv.do	byte-identical	4cf5666883ad24c64e1bfda1ee4beb3d002cad58a4ab641eb94997b4efccf144
26e138fdc0bfc8426704b397141d563cf4d580a2	vendor/wr-cores/testbench/wr_fabric_reg/Manifest.py	553baadfa8a399ba2a854fbcddda27d1d626f6b0	vendor/wr-cores/testbench/wr_fabric_reg/Manifest.py	byte-identical	53e307127c50e2bdda6c1c68433f3a918e063edf7852508006a96b0f3fd7e7a4
26e138fdc0bfc8426704b397141d563cf4d580a2	vendor/wr-cores/testbench/wr_minic/Manifest.py	7307485e381f545e9ee2861d05dba245f4c0326e	vendor/wr-cores/testbench/wr_minic/Manifest.py	byte-identical	97628a836f99f86526353871dcfa43b7057855067d7b36af489e8dfd89682327
26e138fdc0bfc8426704b397141d563cf4d580a2	vendor/wr-cores/testbench/wr_minic/README.md	28cd1018bcda77e87518835daa9b178536521351	vendor/wr-cores/testbench/wr_minic/README.md	byte-identical	8405a56a616349dd78258fde51fac1bc1cb91d47b9c9f10d698aa57b080aa041
26e138fdc0bfc8426704b397141d563cf4d580a2	vendor/wr-cores/testbench/wr_minic/dataset.asdb	9de0185aaffb76c289a36f66f0c603ea20d32181	vendor/wr-cores/testbench/wr_minic/dataset.asdb	byte-identical	52de0ef8b82d2ce85423649a366f70abf95f4909caf5da96a91792055392c7e0
26e138fdc0bfc8426704b397141d563cf4d580a2	vendor/wr-cores/testbench/wr_minic/fcover.acdb	5f0ffb80449412706d33f40f236bf0dece52d314	vendor/wr-cores/testbench/wr_minic/fcover.acdb	byte-identical	314b5c093eb2db9c23d97f5280a1705a7112c6c82e805fe02a4b710787c872b9
26e138fdc0bfc8426704b397141d563cf4d580a2	vendor/wr-cores/testbench/wr_minic/library.cfg	f3e452e191c2bf9899a807af2798579b9bf3cda6	vendor/wr-cores/testbench/wr_minic/library.cfg	byte-identical	ebcdf58a35ae06042ff2c32f6a41d19b43a9cbcf1368d599e975f6f1ace5fbae
26e138fdc0bfc8426704b397141d563cf4d580a2	vendor/wr-cores/testbench/wr_minic/main.sv	cdd3ae87757a14ed5dc021695ec8980faf243e34	vendor/wr-cores/testbench/wr_minic/main.sv	byte-identical	56198d8869fc542b6dcc3aa930f7221cee331ff85a8a941ca6d3b4bde54ad9fd
26e138fdc0bfc8426704b397141d563cf4d580a2	vendor/wr-cores/testbench/wr_minic/run.do	e60b61cb43c208e614e676a31fdd922fe1b4287d	vendor/wr-cores/testbench/wr_minic/run.do	byte-identical	06be0841eb836098b3ee38d9c6971dcc578515f4bf94fbf1fce2ee4fa864655f
26e138fdc0bfc8426704b397141d563cf4d580a2	vendor/wr-cores/testbench/wr_minic/run_ci.do	ea8de254aa47e5f18df357d2a897195825d7e854	vendor/wr-cores/testbench/wr_minic/run_ci.do	byte-identical	4789bd9bcddfcbec017cfd1849abb23fd1e6435603584f65bb3c790190d372f1
26e138fdc0bfc8426704b397141d563cf4d580a2	vendor/wr-cores/testbench/wr_minic/run_ci_riv.do	9ee8b61f242026b04d9bd8861d178cb27c444a1b	vendor/wr-cores/testbench/wr_minic/run_ci_riv.do	byte-identical	bd317f587afe5643721509e422e5c9317d06b2651ea5e1f7d1fe3a3d390a8eaa
26e138fdc0bfc8426704b397141d563cf4d580a2	vendor/wr-cores/testbench/wr_minic/wave.do	4d583a115514d666f1b7a250ea1cdf953d623a9c	vendor/wr-cores/testbench/wr_minic/wave.do	byte-identical	98cce83b3ffd8737d9c3f3a6eb9b12e801b8a0d5565c0428035882cbb212695d
26e138fdc0bfc8426704b397141d563cf4d580a2	vendor/wr-cores/testbench/wr_minic/wave_ci.do	d1d02fb856a38f92f934fce89cae8e7556014b50	vendor/wr-cores/testbench/wr_minic/wave_ci.do	byte-identical	4b8c8780979b3277082daa676f12f38ba93cb0a356a8b473020b774fd338c11d
26e138fdc0bfc8426704b397141d563cf4d580a2	vendor/wr-cores/testbench/wr_minic_with_ep/Manifest.py	de62e69e621214722fb59acf2885912b562c2335	vendor/wr-cores/testbench/wr_minic_with_ep/Manifest.py	byte-identical	a40c30d5b893ac580f5c115b771c5b01ee85df54de4356c08339598e32f802fe
26e138fdc0bfc8426704b397141d563cf4d580a2	vendor/wr-cores/testbench/wr_minic_with_ep/ep2ep_wrapper.svh	b89817a1d541f2b41d1fc547c9adfc48b1c56c15	vendor/wr-cores/testbench/wr_minic_with_ep/ep2ep_wrapper.svh	byte-identical	9134a3650c79a2db7eb0345e15112750bd61d9b4f73dc7bcc7827273799caebb
26e138fdc0bfc8426704b397141d563cf4d580a2	vendor/wr-cores/testbench/wr_minic_with_ep/main.sv	4d09d1b58c6264db85224be72083ca35036a6711	vendor/wr-cores/testbench/wr_minic_with_ep/main.sv	byte-identical	0ca2d637818cc46f10dfbcf8c4ecedacc811c7f7e4bce930108d01c9950907f1
26e138fdc0bfc8426704b397141d563cf4d580a2	vendor/wr-cores/testbench/wr_minic_with_ep/run.do	1443101e91cee8d708e5d2cd9c9d18aa82eee055	vendor/wr-cores/testbench/wr_minic_with_ep/run.do	byte-identical	c129fecf3f977f96bb37ff28decb2a19550a0d2737999ce20807a8d8778ad77a
26e138fdc0bfc8426704b397141d563cf4d580a2	vendor/wr-cores/testbench/wr_minic_with_ep/wave.do	8b01a1412d181ee38e5a539f1b5615aa6784476f	vendor/wr-cores/testbench/wr_minic_with_ep/wave.do	byte-identical	0e0e6a942f73426e69bc7add7f83ec13499089694b2e7718fd8b4dd427ed49c1
26e138fdc0bfc8426704b397141d563cf4d580a2	vendor/wr-cores/testbench/wr_streamers/streamers-on-spec_trigger-distribution/Manifest.py	381aefcc782634a000abd7a428a1404d86e5ced6	vendor/wr-cores/testbench/wr_streamers/streamers-on-spec_trigger-distribution/Manifest.py	byte-identical	e06d718d8205b0cfc0e7cd46a03c57b60ee272e1e29c71d77bd7a43757e8db4b
26e138fdc0bfc8426704b397141d563cf4d580a2	vendor/wr-cores/testbench/wr_streamers/streamers-on-spec_trigger-distribution/modelsim/Manifest.py	20004964e6d000ad1cd7de679b38fa19ec2c56a0	vendor/wr-cores/testbench/wr_streamers/streamers-on-spec_trigger-distribution/modelsim/Manifest.py	byte-identical	7b7eb6421395d0caa3e7c9e2bd9b2d246185c3ea2fee6a27e2cbb7dd6ab1f68c
26e138fdc0bfc8426704b397141d563cf4d580a2	vendor/wr-cores/testbench/wr_streamers/streamers-on-spec_trigger-distribution/modelsim/main.sv	4e75efa17e0348623367b1d72cdc18c9612b9216	vendor/wr-cores/testbench/wr_streamers/streamers-on-spec_trigger-distribution/modelsim/main.sv	byte-identical	6206d9cf6bc1a95837c67a795c3cbf699d3a0463d47d708b0320b96e1ed0a29c
26e138fdc0bfc8426704b397141d563cf4d580a2	vendor/wr-cores/testbench/wr_streamers/streamers-on-spec_trigger-distribution/modelsim/run.do	17febaa18d97d41492ffd84c3fc9dc38c749551e	vendor/wr-cores/testbench/wr_streamers/streamers-on-spec_trigger-distribution/modelsim/run.do	byte-identical	287c328ba731fedad30c484a9365666cf3aa4195a9bb39fbdbbaefa1db2ed6cf
26e138fdc0bfc8426704b397141d563cf4d580a2	vendor/wr-cores/testbench/wr_streamers/streamers-on-spec_trigger-distribution/riviera/Manifest.py	e2c4fde4650304d7751dc3009f495827b73e45ea	vendor/wr-cores/testbench/wr_streamers/streamers-on-spec_trigger-distribution/riviera/Manifest.py	byte-identical	6feab208e1c223f333adf626bf11cc0dee54634626fe9a1406772fd8e1155b0d
26e138fdc0bfc8426704b397141d563cf4d580a2	vendor/wr-cores/testbench/wr_streamers/streamers-on-spec_trigger-distribution/riviera/main.sv	7f4f6adde91955f30aaa61b2b899bbcbf3df7a47	vendor/wr-cores/testbench/wr_streamers/streamers-on-spec_trigger-distribution/riviera/main.sv	byte-identical	72c1e4ea18fc09e28be18616a92b0efc01b280f4e7a8088aa4953c2aa3e88f73
26e138fdc0bfc8426704b397141d563cf4d580a2	vendor/wr-cores/testbench/wr_streamers/streamers-on-spec_trigger-distribution/riviera/run.do	707627cb21e1af0ff4f4c62124bd522774c42a5b	vendor/wr-cores/testbench/wr_streamers/streamers-on-spec_trigger-distribution/riviera/run.do	byte-identical	6168ccaa97fa299fea17f6b0a8870aab349c56e6bcd8bbc8173f34542f9835c3
26e138fdc0bfc8426704b397141d563cf4d580a2	vendor/wr-cores/testbench/wr_streamers/streamers-on-spec_trigger-distribution/run_ci_riv.do	bb5206050c3ac72f2aecae2c093eaf42528da78f	vendor/wr-cores/testbench/wr_streamers/streamers-on-spec_trigger-distribution/run_ci_riv.do	byte-identical	7d9eda4aed5127858a636187e476f0620b083c1ebb3f5e8f0868814ca13ff18e
26e138fdc0bfc8426704b397141d563cf4d580a2	vendor/wr-cores/testbench/wr_streamers/streamers-on-spec_trigger-distribution/synthesis_descriptor.vhd	08b55c288c34164eb8502eb4b2ebb3d467457f4a	vendor/wr-cores/testbench/wr_streamers/streamers-on-spec_trigger-distribution/synthesis_descriptor.vhd	byte-identical	f8db7369e13f42b9309de126afe3c1d93b64baac068b41fbc9a86625bff2cfda
26e138fdc0bfc8426704b397141d563cf4d580a2	vendor/wr-cores/testbench/wr_streamers/streamers-on-spec_trigger-distribution/wave.do	f87e19cf7cef597c01ac50416c78dab484dc2322	vendor/wr-cores/testbench/wr_streamers/streamers-on-spec_trigger-distribution/wave.do	byte-identical	e6dddadbde2985b895c9bf198cf796266e7a831bdec94a073da8a6a3c00c602a
26e138fdc0bfc8426704b397141d563cf4d580a2	vendor/wr-cores/testbench/wr_streamers/streamers-on-spec_trigger-distribution/wave_ci.do	24d8820e288eee4d52a2fc576eb4282913de2004	vendor/wr-cores/testbench/wr_streamers/streamers-on-spec_trigger-distribution/wave_ci.do	byte-identical	d135dde92ab8c94d6b44b843268e3f6dd95e0ec829d4b9e0f50b24753e633374
26e138fdc0bfc8426704b397141d563cf4d580a2	vendor/wr-cores/testbench/wr_streamers/streamers-only-fixed-latency/Manifest.py	5e199bd8302009074f773f7280f17e1c81b28f4c	vendor/wr-cores/testbench/wr_streamers/streamers-only-fixed-latency/Manifest.py	byte-identical	427848eadbb125f54a96e3bbdf152e3330f96e4eb25b15b86a03799a35d2e192
26e138fdc0bfc8426704b397141d563cf4d580a2	vendor/wr-cores/testbench/wr_streamers/streamers-only-fixed-latency/main.sv	0aa970c992214ae128ee4af8ff8034f656a0e9f7	vendor/wr-cores/testbench/wr_streamers/streamers-only-fixed-latency/main.sv	byte-identical	e7105ed2308f4b220a7f793e4e79db6c79f0072407ea8e64156281ece4784d95
26e138fdc0bfc8426704b397141d563cf4d580a2	vendor/wr-cores/testbench/wr_streamers/streamers-only-fixed-latency/run.do	60e975d10bc726fb60bb594b1bbe503051e5bb0d	vendor/wr-cores/testbench/wr_streamers/streamers-only-fixed-latency/run.do	byte-identical	65e306b2f7ddecc1c9ac5238d86ee21d579860cba8b685c07bf1e6dc374cab14
26e138fdc0bfc8426704b397141d563cf4d580a2	vendor/wr-cores/testbench/wr_streamers/streamers-only-fixed-latency/run_ci_riv.do	b88428ff1de2b98568e37a16a23a90966957ba4c	vendor/wr-cores/testbench/wr_streamers/streamers-only-fixed-latency/run_ci_riv.do	byte-identical	57028bd019d3ea27ace01a03f311c95848789e496b6d28617169026e7cb6a208
26e138fdc0bfc8426704b397141d563cf4d580a2	vendor/wr-cores/testbench/wr_streamers/streamers-only-fixed-latency/wave.do	0401f72560e5a80d6f5c4f480396f2af243300a0	vendor/wr-cores/testbench/wr_streamers/streamers-only-fixed-latency/wave.do	byte-identical	5add76272472d4948cd354fc8c9dfff613917a02c56addd6a238f9b39d2f6dd0
26e138fdc0bfc8426704b397141d563cf4d580a2	vendor/wr-cores/testbench/wr_streamers/streamers-only-fixed-latency/wave_ci.do	1977784813b984e514f193264b34a7247fa93f03	vendor/wr-cores/testbench/wr_streamers/streamers-only-fixed-latency/wave_ci.do	byte-identical	41126eafe59bdd91f11e2de986b3a7cf81544e6deade87645ea982a1e64ec581
26e138fdc0bfc8426704b397141d563cf4d580a2	vendor/wr-cores/testbench/wr_streamers/streamers-only_basic-transfer/Manifest.py	ea6297f672051141a30d34bdbb9add2b14026a53	vendor/wr-cores/testbench/wr_streamers/streamers-only_basic-transfer/Manifest.py	byte-identical	971b12f208a6479b31cde9c0124fb92a7595c9ec2e8d6a93afb3a33c17854316
26e138fdc0bfc8426704b397141d563cf4d580a2	vendor/wr-cores/testbench/wr_streamers/streamers-only_basic-transfer/main.sv	204350ed21ceba5a83db82506896375de6bc697b	vendor/wr-cores/testbench/wr_streamers/streamers-only_basic-transfer/main.sv	byte-identical	56f72c09907d4266204639186cb4df93c88a3dae6ecd5e22f0783ebae7cd0e3a
26e138fdc0bfc8426704b397141d563cf4d580a2	vendor/wr-cores/testbench/wr_streamers/streamers-only_basic-transfer/run.do	1d4faa67c1c51fb638f0b87123710d554a3e12df	vendor/wr-cores/testbench/wr_streamers/streamers-only_basic-transfer/run.do	byte-identical	f656cab2aed2dff7b0c53467afe2986a0a0dbf010d50df420cfcade8c6804b53
26e138fdc0bfc8426704b397141d563cf4d580a2	vendor/wr-cores/testbench/wr_streamers/streamers-only_basic-transfer/run_ci_riv.do	ee46918c6c53a30cc3a11c85a4221db5cd81936f	vendor/wr-cores/testbench/wr_streamers/streamers-only_basic-transfer/run_ci_riv.do	byte-identical	15165fe41fc76afaf0d1170bb916d1190c52c34cdce9a207e7acaaca7b2239a8
26e138fdc0bfc8426704b397141d563cf4d580a2	vendor/wr-cores/testbench/wr_streamers/streamers-only_basic-transfer/tcl_stacktrace.txt	2a609cc1594eaac73f2adb8c12ec1cf111008b7e	vendor/wr-cores/testbench/wr_streamers/streamers-only_basic-transfer/tcl_stacktrace.txt	byte-identical	3d2c17759f567e93b57b39c924d5db487d2202697a3f1d5c8961f3100be43080
26e138fdc0bfc8426704b397141d563cf4d580a2	vendor/wr-cores/testbench/wr_streamers/streamers-only_basic-transfer/wave.do	0104cdae15452ea6767b0a7a3d73e153cc22a937	vendor/wr-cores/testbench/wr_streamers/streamers-only_basic-transfer/wave.do	byte-identical	c0aebbca20a71155644fd1d6f902c484011c038d3e2db7a343a90e426834f903
26e138fdc0bfc8426704b397141d563cf4d580a2	vendor/wr-cores/testbench/wr_streamers/streamers-only_basic-transfer/wave_ci.do	110d713240050db73469a526c4aa482137716784	vendor/wr-cores/testbench/wr_streamers/streamers-only_basic-transfer/wave_ci.do	byte-identical	047d4fe5717671012fcec30f87e7da2aff6f41f61f60483238d7575f7a98c1ed
26e138fdc0bfc8426704b397141d563cf4d580a2	vendor/wr-cores/testbench/wr_streamers/streamers-only_multiword-transfer/Manifest.py	8067e555f6fe9db367a4d1c8c44b5689034d3a48	vendor/wr-cores/testbench/wr_streamers/streamers-only_multiword-transfer/Manifest.py	byte-identical	bfef496ef3b938499453089610f536b5d1f8bea6f9d543a74cc96f0aff911b66
26e138fdc0bfc8426704b397141d563cf4d580a2	vendor/wr-cores/testbench/wr_streamers/streamers-only_multiword-transfer/main.sv	54cc136d71c3117fe249b7cc52c7de96f69a170f	vendor/wr-cores/testbench/wr_streamers/streamers-only_multiword-transfer/main.sv	byte-identical	bdee6a9bd5f3197b3010a5e30df56c3688c6529975cf55480fff086ea7717236
26e138fdc0bfc8426704b397141d563cf4d580a2	vendor/wr-cores/testbench/wr_streamers/streamers-only_multiword-transfer/run.do	5343b80b2d6bb852efc98c0418be486944920671	vendor/wr-cores/testbench/wr_streamers/streamers-only_multiword-transfer/run.do	byte-identical	47fdf3019d6430042ef11e3b55088ca65bd81ed42d431e67cdd73a6ee4e099c2
26e138fdc0bfc8426704b397141d563cf4d580a2	vendor/wr-cores/testbench/wr_streamers/streamers-only_multiword-transfer/run_ci_riv.do	357ecc267d94b3144d744d4ef88bfe6c9ef9bed5	vendor/wr-cores/testbench/wr_streamers/streamers-only_multiword-transfer/run_ci_riv.do	byte-identical	496c4f19207fc5650c26f6095c1b7f7f9364e8d9560b4a644f36196d3e0a358a
26e138fdc0bfc8426704b397141d563cf4d580a2	vendor/wr-cores/testbench/wr_streamers/streamers-only_multiword-transfer/wave.do	aeaece64a5ece12028e6253e61a661acb0f09dcb	vendor/wr-cores/testbench/wr_streamers/streamers-only_multiword-transfer/wave.do	byte-identical	9ad710d824bc65dbb7e8312606a8c41b42f6d5eba94f4ec9e05477592210917d
26e138fdc0bfc8426704b397141d563cf4d580a2	vendor/wr-cores/testbench/wr_streamers/streamers-only_multiword-transfer/wave_ci.do	afc83bd09ab954d1153319aad2d2c41b6511fcde	vendor/wr-cores/testbench/wr_streamers/streamers-only_multiword-transfer/wave_ci.do	byte-identical	9810cf8ad97b4f6f35c485bd9db4866dca36f77dc640c5102ff83cfc9758a6cc
26e138fdc0bfc8426704b397141d563cf4d580a2	vendor/wr-cores/testbench/wr_streamers/streamers_multi_test/Manifest.py	a36152f6c9b22b206e1aeb140e7cfd0848a5eeed	vendor/wr-cores/testbench/wr_streamers/streamers_multi_test/Manifest.py	byte-identical	a23998d55863aba3bd1f372e3291c852e4ae4926145ae635a6d4db7d5d47f4ab
26e138fdc0bfc8426704b397141d563cf4d580a2	vendor/wr-cores/testbench/wr_streamers/streamers_multi_test/dataset.asdb	38d7eaf399a7125698b4c4b03689af8b3bfcc6fc	vendor/wr-cores/testbench/wr_streamers/streamers_multi_test/dataset.asdb	byte-identical	9ae7ac6c64dfb1801cefccf1d90e54ee43f4758264524c0ac0f6e3dc6da2efe8
26e138fdc0bfc8426704b397141d563cf4d580a2	vendor/wr-cores/testbench/wr_streamers/streamers_multi_test/library.cfg	ee1e2366221c903769f62e834756ba53e452b13a	vendor/wr-cores/testbench/wr_streamers/streamers_multi_test/library.cfg	byte-identical	76b31e7a113f13c0cf3cac659fd9a4e071a079bff375a1723b2a1baf9f51db78
26e138fdc0bfc8426704b397141d563cf4d580a2	vendor/wr-cores/testbench/wr_streamers/streamers_multi_test/main.sv	42c3454c46ed2653df47133a3a61810e59a750bb	vendor/wr-cores/testbench/wr_streamers/streamers_multi_test/main.sv	byte-identical	58caf21aa687583bd303246f401b006f33c6aa16c93a24d0410c2ca61d25312a
26e138fdc0bfc8426704b397141d563cf4d580a2	vendor/wr-cores/testbench/wr_streamers/streamers_multi_test/run.do	236d9d660cdf69f7bfeee53f98c5d48d8fc3dbe3	vendor/wr-cores/testbench/wr_streamers/streamers_multi_test/run.do	byte-identical	098477d1d363b30fc1f3d3e2610bc047a563071a37e6e38773bbdaa500db033e
26e138fdc0bfc8426704b397141d563cf4d580a2	vendor/wr-cores/testbench/wr_streamers/streamers_multi_test/run_ci.do	123ebacb02cbf511543e532af558343b36fc6c49	vendor/wr-cores/testbench/wr_streamers/streamers_multi_test/run_ci.do	byte-identical	50e70a62cb18fd45d8b6c1c34fd1e63e2626f2d5355227e59bd6876a67fcc46a
26e138fdc0bfc8426704b397141d563cf4d580a2	vendor/wr-cores/testbench/wr_streamers/streamers_multi_test/run_ci_riv.do	527352596026846a64f195120f762b2064f9d9e5	vendor/wr-cores/testbench/wr_streamers/streamers_multi_test/run_ci_riv.do	byte-identical	48216db859346107a62047026486e5e1a3b8019e90bd9651cbace3bdb4402455
26e138fdc0bfc8426704b397141d563cf4d580a2	vendor/wr-cores/testbench/wr_streamers/streamers_multi_test/wave.do	77de8aae7c96a28e64ff57a2779d3803d8188970	vendor/wr-cores/testbench/wr_streamers/streamers_multi_test/wave.do	byte-identical	70612ad61dd3fc951b2a1fa7a45f1d2f61fdabda10e4b006a88f374666f38a17
26e138fdc0bfc8426704b397141d563cf4d580a2	vendor/wr-cores/testbench/wr_streamers/streamers_multi_test/wave_ci.do	7cb0f80ffc6cb25b3a24897abf3ee4e2a8076abd	vendor/wr-cores/testbench/wr_streamers/streamers_multi_test/wave_ci.do	byte-identical	0c3a5d70d1afa6b346f694a40b56f31b09058a9f31edaf2836a223fba95b65ab
26e138fdc0bfc8426704b397141d563cf4d580a2	vendor/wr-cores/testbench/wrc_core/Manifest.py	5a71407666f36522567a2d1361ca13ae70a7cafd	vendor/wr-cores/testbench/wrc_core/Manifest.py	byte-identical	e37fab9e4315708776270bb830db6340e2c19a72caec306dcc87d11af60a2c3f
26e138fdc0bfc8426704b397141d563cf4d580a2	vendor/wr-cores/testbench/wrc_core/functions.svh	5064ee385b8c36c051d79e36ce32c3aed5cf3b28	vendor/wr-cores/testbench/wrc_core/functions.svh	byte-identical	59f9d15f2a62db38eacbb318753b0d6695d8dcdf14ae119603eded6a896f3774
26e138fdc0bfc8426704b397141d563cf4d580a2	vendor/wr-cores/testbench/wrc_core/main.sv	799731da5257fc0ae12b06082b67d544619014fc	vendor/wr-cores/testbench/wrc_core/main.sv	byte-identical	a0cf6ef8bed006c1f4d19c38c6290290012d00dc3db6638f45cb15fa5cd8eff9
26e138fdc0bfc8426704b397141d563cf4d580a2	vendor/wr-cores/testbench/wrc_core/modelsim/Manifest.py	73df11810cc44ddc96374be2c4e1b8437e4ca734	vendor/wr-cores/testbench/wrc_core/modelsim/Manifest.py	byte-identical	e82df3f5d3fa0ac423fb301628b0c7129ed78423e71816cf0d5f53f63a86927f
26e138fdc0bfc8426704b397141d563cf4d580a2	vendor/wr-cores/testbench/wrc_core/modelsim/run.do	264a73868ec3dd7bf96ce813e49c6bcf68772f06	vendor/wr-cores/testbench/wrc_core/modelsim/run.do	byte-identical	f0f5333105768f54335d10565fc4fb645a00efe99a12835e5b44bc5e952ea7f2
26e138fdc0bfc8426704b397141d563cf4d580a2	vendor/wr-cores/testbench/wrc_core/riviera/Manifest.py	004bd2c389af3703d07630b7fd6a7574ddcde133	vendor/wr-cores/testbench/wrc_core/riviera/Manifest.py	byte-identical	d2a64ccf375ed84c73273aed88722213b62542fad1dfbafd5b6df8370767e9f6
26e138fdc0bfc8426704b397141d563cf4d580a2	vendor/wr-cores/testbench/wrc_core/riviera/run.do	5ee34280dc05443f10bd027fbd035da8084c8c6d	vendor/wr-cores/testbench/wrc_core/riviera/run.do	byte-identical	e3a5115793de1bc01670b585d3a058cae0c6cf3e53e94a873867ef53b94af10e
26e138fdc0bfc8426704b397141d563cf4d580a2	vendor/wr-cores/testbench/wrc_core/run_ci.do	5d5c4a8076b225199f915924ed77062b67e4a8f8	vendor/wr-cores/testbench/wrc_core/run_ci.do	byte-identical	80ac1cad82e9b25ba4da031dd7e05ed57ff6f7722de42c2bf8a141f6658bdf6c
26e138fdc0bfc8426704b397141d563cf4d580a2	vendor/wr-cores/testbench/wrc_core/run_ci_riv.do	6df17ab3d57ebb130b269a2936d7c0a3843df688	vendor/wr-cores/testbench/wrc_core/run_ci_riv.do	byte-identical	addd59e18634084a2730f032e4af237f2fc577e9acdd7aea91491e225159825d
26e138fdc0bfc8426704b397141d563cf4d580a2	vendor/wr-cores/testbench/wrc_core/wave.do	e170332136cefea3bc70066fb6f6e5a141dda328	vendor/wr-cores/testbench/wrc_core/wave.do	byte-identical	a9e85bd77c301bcb6c55e1462f2dd7b2a52b8442b5a328a6fed78ba583f37f7c
26e138fdc0bfc8426704b397141d563cf4d580a2	vendor/wr-cores/testbench/wrc_core/wave_ci.do	49ebcb7d3137d780865906782318c25d03041541	vendor/wr-cores/testbench/wrc_core/wave_ci.do	byte-identical	011d6a378d1e7e043f14b43c700adfe2d3f9e3410a9d71c52a2577de41d34547
26e138fdc0bfc8426704b397141d563cf4d580a2	vendor/wr-cores/testbench/xwrf_loopback/Manifest.py	389adf572c09d8dce1bf7d151fefe503956d91be	vendor/wr-cores/testbench/xwrf_loopback/Manifest.py	byte-identical	073bbde11620caef49034f6fa8493f22206c4365eabe1f5f8fa6e934a45f0b7e
26e138fdc0bfc8426704b397141d563cf4d580a2	vendor/wr-cores/testbench/xwrf_loopback/README.md	17e50817a7de444eeee3acbda7a1e5bf767ba35b	vendor/wr-cores/testbench/xwrf_loopback/README.md	byte-identical	007dc32a214bb20abb915b9dea2322c853908f3fb20971f2c80572246dcd40f7
26e138fdc0bfc8426704b397141d563cf4d580a2	vendor/wr-cores/testbench/xwrf_loopback/functions.svh	709d62f68cd5b720c11e6d0777b390d0555f75de	vendor/wr-cores/testbench/xwrf_loopback/functions.svh	byte-identical	d2f067b95c733c1f585c1dddd3b1a1a9a47fa395d1240c273399d8ac3fd09c80
26e138fdc0bfc8426704b397141d563cf4d580a2	vendor/wr-cores/testbench/xwrf_loopback/main.sv	a5685ae8c8bb9161e9f5a21212b667e17a272e2e	vendor/wr-cores/testbench/xwrf_loopback/main.sv	byte-identical	7f5911d81e35839ae79796d907cac0031acfb4d62d64110d6c58d4e821b468e7
26e138fdc0bfc8426704b397141d563cf4d580a2	vendor/wr-cores/testbench/xwrf_loopback/run.do	c09e6c7cb8b317d67c7c9429072d31505ec1c28e	vendor/wr-cores/testbench/xwrf_loopback/run.do	byte-identical	79980bd7f874383f5b241201fa9193a81bdd6d0b7f133eed50add1fc282ce74b
26e138fdc0bfc8426704b397141d563cf4d580a2	vendor/wr-cores/testbench/xwrf_loopback/run_ci.do	326c4d6d3f0737ea72e9269171791db4ba964e14	vendor/wr-cores/testbench/xwrf_loopback/run_ci.do	byte-identical	36aab613bf1490858cabb4288a35bf3bd71a955bd5452b06bdf95e2af64a25cc
26e138fdc0bfc8426704b397141d563cf4d580a2	vendor/wr-cores/testbench/xwrf_loopback/run_ci_riv.do	0515e82f56e75eaf9d6081b6d2671b4fb976e645	vendor/wr-cores/testbench/xwrf_loopback/run_ci_riv.do	byte-identical	45eedd13cda0966b73cee49c89c0c4e1963460cab9d43ab69948d323a5048f08
26e138fdc0bfc8426704b397141d563cf4d580a2	vendor/wr-cores/testbench/xwrf_loopback/wave.do	6019924972c37bf6224f456ce7cb219ff052f146	vendor/wr-cores/testbench/xwrf_loopback/wave.do	byte-identical	428e3c1b66d378afa0e0fe3708ebbd713f80a3d6f20c67c19d0c0b35b8045caa
26e138fdc0bfc8426704b397141d563cf4d580a2	vendor/wr-cores/testbench/xwrf_loopback/wave_ci.do	7758e6e1cc8994aced15ec05b057502f4c37082b	vendor/wr-cores/testbench/xwrf_loopback/wave_ci.do	byte-identical	ea8353f9901aa4395af793384969ec49ef6c3d5658e9606b88da1c21e25ef8ae
26e138fdc0bfc8426704b397141d563cf4d580a2	vendor/wr-cores/testbench/xwrf_loopback/wave_ci_riv.do	2a4d636195356224e1da52193ae43ea985d1dd38	vendor/wr-cores/testbench/xwrf_loopback/wave_ci_riv.do	byte-identical	fe6cbf1190e2f421bfd3b49c012ae673b611fac50950d01d22f0a71027b4a0ba
26e138fdc0bfc8426704b397141d563cf4d580a2	vendor/wr-cores/testbench/xwrf_mux/Manifest.py	c389d1beb275994b7223590c300660118c9a9733	vendor/wr-cores/testbench/xwrf_mux/Manifest.py	byte-identical	be56ec589028450ee5545ebb4ed9e51033d23b236b519d031b55f23d392f3fdb
26e138fdc0bfc8426704b397141d563cf4d580a2	vendor/wr-cores/testbench/xwrf_mux/main.sv	259f34b5c28255b0cb9b1723075435df5b6b8159	vendor/wr-cores/testbench/xwrf_mux/main.sv	byte-identical	7c68573fa7e4603c44039ce7aa6471a63225f1a1e8f194cc7a83383753892054
26e138fdc0bfc8426704b397141d563cf4d580a2	vendor/wr-cores/testbench/xwrf_mux/run.do	81849f9173163ee2b06d1c97aeacefc4c44aa20f	vendor/wr-cores/testbench/xwrf_mux/run.do	byte-identical	7726dc87b58a775992a3ed304cfe52c930cf94b2b60561a7cd91fad35edd4b2b
26e138fdc0bfc8426704b397141d563cf4d580a2	vendor/wr-cores/testbench/xwrf_mux/run_ci_riv.do	23b847de33670642355aa9f781852cc2b603a5f8	vendor/wr-cores/testbench/xwrf_mux/run_ci_riv.do	byte-identical	ad3faea625168a3ca7252d5ed858d84332b6dd67e13653ae526859db914b3c49
26e138fdc0bfc8426704b397141d563cf4d580a2	vendor/wr-cores/testbench/xwrf_mux/wave.do	fd8421b428f0942f958df434531099bd67900430	vendor/wr-cores/testbench/xwrf_mux/wave.do	byte-identical	0d073b01434831c75e7c7597d9ce175c07751139258f2fefbda21bd82afcdc29
26e138fdc0bfc8426704b397141d563cf4d580a2	vendor/wr-cores/testbench/xwrf_mux/wave_ci.do	d5e99e58b3d7f2c9fa13967b7a7ef7ae03874a47	vendor/wr-cores/testbench/xwrf_mux/wave_ci.do	byte-identical	9cf0e5ac5abdfb4a118c5567d1cc299641a554e818ea18f640ecbb9a77862910
26e138fdc0bfc8426704b397141d563cf4d580a2	vendor/wr-cores/top/clbv2_ref_design/Manifest.py	001808bc128a90f5464184d96badf87cb764ea1e	vendor/wr-cores/top/clbv2_ref_design/Manifest.py	byte-identical	683da6ecf53f4cde4ecc85c52245c3b00df374dd44f7123274f5a40a7f707318
26e138fdc0bfc8426704b397141d563cf4d580a2	vendor/wr-cores/top/clbv2_ref_design/clbv2_wr_ref_top.bmm	f8cd91d935e8138ddecda1bb3be2ae7ad0d6754d	vendor/wr-cores/top/clbv2_ref_design/clbv2_wr_ref_top.bmm	byte-identical	4f305076c4aac80355c6e172e737818ff9c066b041fdf90eb7497e57b529fbe2
26e138fdc0bfc8426704b397141d563cf4d580a2	vendor/wr-cores/top/clbv2_ref_design/clbv2_wr_ref_top.vhd	4e82d7baddcbae851de280fed222dd3eba78fcd5	vendor/wr-cores/top/clbv2_ref_design/clbv2_wr_ref_top.vhd	byte-identical	74ceda129c78c1844b51f3505adc4cab388361eb7933562269528ad763bf07c0
26e138fdc0bfc8426704b397141d563cf4d580a2	vendor/wr-cores/top/clbv2_ref_design/clbv2_wr_ref_top.xdc	a646483ba7ae3a83c9a669480ca52978be4c2f78	vendor/wr-cores/top/clbv2_ref_design/clbv2_wr_ref_top.xdc	byte-identical	974df4732276021c2a07b1c8a15ea862b6cdc94df571bb2122a589e5a7a37bca
26e138fdc0bfc8426704b397141d563cf4d580a2	vendor/wr-cores/top/clbv3_ref_design/Manifest.py	ed85ce7ef1acaa734c47e0428fcf5af363743a9d	vendor/wr-cores/top/clbv3_ref_design/Manifest.py	byte-identical	24dff6e87d5c5073610ec3afd25a2cc8448312ac6ff0a4e387c17eae79e8cda6
26e138fdc0bfc8426704b397141d563cf4d580a2	vendor/wr-cores/top/clbv3_ref_design/clbv3_wr_ref_top.bmm	09964288bce9770426df70205274742ba12984e7	vendor/wr-cores/top/clbv3_ref_design/clbv3_wr_ref_top.bmm	byte-identical	eb1dd9e624681571eec122b5d92e758660c2b58f1e526cbe1b1ce31bdd98399e
26e138fdc0bfc8426704b397141d563cf4d580a2	vendor/wr-cores/top/clbv3_ref_design/clbv3_wr_ref_top.vhd	3d64fb2494048151db50c020a16fc68dedaf423b	vendor/wr-cores/top/clbv3_ref_design/clbv3_wr_ref_top.vhd	byte-identical	378e21115188654e1d91f3afa1697f627bd0f58126667dc2dc9673c31acbfbd7
26e138fdc0bfc8426704b397141d563cf4d580a2	vendor/wr-cores/top/clbv3_ref_design/clbv3_wr_ref_top.xdc	e974db4d0de11ba82c35c163e3402541d8342b91	vendor/wr-cores/top/clbv3_ref_design/clbv3_wr_ref_top.xdc	byte-identical	bbfa0fb75438ffe6de2b5e8b390f36cb73f833ed14eb2f6bf7090082ee549f0c
26e138fdc0bfc8426704b397141d563cf4d580a2	vendor/wr-cores/top/clbv4_ref_design/Manifest.py	7ae7890c617a8d0a43fea55a012a70086bf365ca	vendor/wr-cores/top/clbv4_ref_design/Manifest.py	byte-identical	5e65d9cff423e5a5a4b4e757d3a214362ac0a19e2de0ba8d5c18bea0c02d71ea
26e138fdc0bfc8426704b397141d563cf4d580a2	vendor/wr-cores/top/clbv4_ref_design/clbv4_wr_ref_top.bmm	435efb01ae80fdce61590b229e10e745c4af22bf	vendor/wr-cores/top/clbv4_ref_design/clbv4_wr_ref_top.bmm	byte-identical	7899d307c49d7e17bb7242db1028eac9b1e5dd07752ac9f5204e235a8786c8f2
26e138fdc0bfc8426704b397141d563cf4d580a2	vendor/wr-cores/top/clbv4_ref_design/clbv4_wr_ref_top.vhd	fced85bbf42695e99fecdde1013f8668f76e38b2	vendor/wr-cores/top/clbv4_ref_design/clbv4_wr_ref_top.vhd	byte-identical	7b399417112017eafc868d3a20cfe776f741b86edb673f74ceb90983312ecd15
26e138fdc0bfc8426704b397141d563cf4d580a2	vendor/wr-cores/top/clbv4_ref_design/clbv4_wr_ref_top.xdc	62b14ae362e124a6411cd5922dc3d4ee130573b6	vendor/wr-cores/top/clbv4_ref_design/clbv4_wr_ref_top.xdc	byte-identical	6eede455248d306119ee01fe6954400faf48b9065c0d9b7e175a188312d82b0f
26e138fdc0bfc8426704b397141d563cf4d580a2	vendor/wr-cores/top/cute_ref_design/Manifest.py	1595da39b973741754cf9fe5cb7d4a3a4c1fb6ef	vendor/wr-cores/top/cute_ref_design/Manifest.py	byte-identical	277c2756558d7901d2a3273359b01e8b3c61d9285bf7c055580c0548df77463f
26e138fdc0bfc8426704b397141d563cf4d580a2	vendor/wr-cores/top/cute_ref_design/cute_core_ref_top.vhd	e252ac6cf70bcc0d82c87720643237caa421791a	vendor/wr-cores/top/cute_ref_design/cute_core_ref_top.vhd	byte-identical	b2f59c5c79112fbb820c7a3e277dc8d041dd8bc0add9008e90411e34352df4dd
26e138fdc0bfc8426704b397141d563cf4d580a2	vendor/wr-cores/top/cute_ref_design/cute_wr_ref_top.ucf	712b170c6d35c9f212efe41f77fdbd37e443319b	vendor/wr-cores/top/cute_ref_design/cute_wr_ref_top.ucf	byte-identical	be586cb4254e27dafde99e3439922ef3c14410913dbacf94d961c1abbd1be54d
26e138fdc0bfc8426704b397141d563cf4d580a2	vendor/wr-cores/top/cute_ref_design/cute_wr_ref_top.vhd	b39cf8fffe026ab2dd127788cc0e1952485d925c	vendor/wr-cores/top/cute_ref_design/cute_wr_ref_top.vhd	byte-identical	ccbcf218ce7f6f47c121b28e5a91fa2903119728240e14be0c938c39d52dd728
26e138fdc0bfc8426704b397141d563cf4d580a2	vendor/wr-cores/top/diot_wr_mpsoc/diot_bd.tcl	333cd4738f53d4c458360b4a2b2c09ec30192e32	vendor/wr-cores/top/diot_wr_mpsoc/diot_bd.tcl	byte-identical	1c1e36d053cb6b7db7e561738132fe839e73aa4e65f62f6281f9e73afbf43095
26e138fdc0bfc8426704b397141d563cf4d580a2	vendor/wr-cores/top/diot_wr_mpsoc/diot_ps_config.tcl	5ce1bbcd45310d1031389f22ce0b63a762786ec5	vendor/wr-cores/top/diot_wr_mpsoc/diot_ps_config.tcl	byte-identical	004f9c9daaf0ad60c11a603e0d323bc6a7e2f0c22a7d3109a8136a29e10561bc
26e138fdc0bfc8426704b397141d563cf4d580a2	vendor/wr-cores/top/diot_wr_mpsoc/diot_wr_mpsoc.tcl	5da4175c877a9a68f6663503ebef57e8b824df65	vendor/wr-cores/top/diot_wr_mpsoc/diot_wr_mpsoc.tcl	byte-identical	5df1f5167c48902adda5c78542209549738531d60cd76b40dc72a7f69c336436
26e138fdc0bfc8426704b397141d563cf4d580a2	vendor/wr-cores/top/diot_wr_mpsoc/diot_wr_mpsoc.xdc	659dddfce6bbfd972ca236238a32fc5daabb3f6a	vendor/wr-cores/top/diot_wr_mpsoc/diot_wr_mpsoc.xdc	byte-identical	6e0743b4fbe1432737618ab0628e158de0260761e2984761292afd35f67c7739
26e138fdc0bfc8426704b397141d563cf4d580a2	vendor/wr-cores/top/fasec_ref_design/fasec_ref_design.xdc	b2360f96032cf848097da456fdddff5435cf8b7a	vendor/wr-cores/top/fasec_ref_design/fasec_ref_design.xdc	byte-identical	e176844986ba453e71a985cbb82278939e063c2fb75a0ea856b68d6710ca8be2
26e138fdc0bfc8426704b397141d563cf4d580a2	vendor/wr-cores/top/fasec_ref_design/system_top.tcl	ab0371fccd03bae661a0f24e6b79a2ef296cffe4	vendor/wr-cores/top/fasec_ref_design/system_top.tcl	byte-identical	d2df2f4eddf69cda098ac2793ae1bb7770ecdc9eebe14702c593e9c9ef1d52c6
26e138fdc0bfc8426704b397141d563cf4d580a2	vendor/wr-cores/top/pxie_fmc_ref_design/Manifest.py	878884cc182371313fdba16c1c035949c0dcf6f9	vendor/wr-cores/top/pxie_fmc_ref_design/Manifest.py	byte-identical	8039fc7ea4d0a2af66837402c989feddee9697366e6e284b3195ea282221d4dd
26e138fdc0bfc8426704b397141d563cf4d580a2	vendor/wr-cores/top/pxie_fmc_ref_design/pxie_fmc_ref_top.vhd	c5e04e73b5d49be4927355907530dc38f88563cc	vendor/wr-cores/top/pxie_fmc_ref_design/pxie_fmc_ref_top.vhd	byte-identical	75d733143b026d27e56e270dc5b2d1e29284ef2237a341db490b86866ffe6897
26e138fdc0bfc8426704b397141d563cf4d580a2	vendor/wr-cores/top/readme_platforms.txt	ad7a2584313266944317973912449a742b29aa19	vendor/wr-cores/top/readme_platforms.txt	byte-identical	8b3a291582597bdffb75d0164af5adb37978aab5640b957f1e6669f123476e8b
26e138fdc0bfc8426704b397141d563cf4d580a2	vendor/wr-cores/top/spec_1_1/wr_core_demo/Manifest.py	0714081937c2382379aa499d399ae2ae2eea7cd8	vendor/wr-cores/top/spec_1_1/wr_core_demo/Manifest.py	byte-identical	3a192750629e5331071f50e3ddfb1a6cda8e526ee286decbe55971deb94711e5
26e138fdc0bfc8426704b397141d563cf4d580a2	vendor/wr-cores/top/spec_1_1/wr_core_demo/spec_reset_gen.vhd	23aa09ea3fc31b58b8943ca5115dcec4df2904be	vendor/wr-cores/top/spec_1_1/wr_core_demo/spec_reset_gen.vhd	byte-identical	46465dca5e9f61ae0ec4e90f3a3b0e3a3eaf84a2e0c59c176ad17858f4490540
26e138fdc0bfc8426704b397141d563cf4d580a2	vendor/wr-cores/top/spec_1_1/wr_core_demo/spec_top.ucf	86cf121f4f997cc3851af96d3f3ae13b67e85279	vendor/wr-cores/top/spec_1_1/wr_core_demo/spec_top.ucf	byte-identical	5f7b32ea0acaffffb2107196e977202fca89db24ea4d289216caa07aa959f957
26e138fdc0bfc8426704b397141d563cf4d580a2	vendor/wr-cores/top/spec_1_1/wr_core_demo/spec_top.vhd	af57de9eb4d61c719e1698d974e6572adca3c203	vendor/wr-cores/top/spec_1_1/wr_core_demo/spec_top.vhd	byte-identical	84fd1ca0d16c6d8789a6fffc7829fe0e0bfdc79618d607af9bd3f522554102a6
26e138fdc0bfc8426704b397141d563cf4d580a2	vendor/wr-cores/top/spec_1_1/wr_streamers_demo/Manifest.py	06f9be0e76672c81b0ba75082a650a79290b0d12	vendor/wr-cores/top/spec_1_1/wr_streamers_demo/Manifest.py	byte-identical	d54007f8ec8cd85b9a77e83aaa3601ade71f43b89a01e6d111c6920440dc7f9a
26e138fdc0bfc8426704b397141d563cf4d580a2	vendor/wr-cores/top/spec_1_1/wr_streamers_demo/spec_top.ucf	eb91d26907c96c6351ceb82ce16a0b2375c81903	vendor/wr-cores/top/spec_1_1/wr_streamers_demo/spec_top.ucf	byte-identical	46ff0527f31221aea51b862926ba8506d861c5811d3e79f9fa2f923c06c7edda
26e138fdc0bfc8426704b397141d563cf4d580a2	vendor/wr-cores/top/spec_1_1/wr_streamers_demo/spec_top.vhd	87a3ea4d6c5e9d12ffea6e23b6d422b9288ee614	vendor/wr-cores/top/spec_1_1/wr_streamers_demo/spec_top.vhd	byte-identical	aa427f81b26b3aeefeb75463e82cf6a14d1a5031fd2fd4380f8d953963587663
26e138fdc0bfc8426704b397141d563cf4d580a2	vendor/wr-cores/top/spec_1_1/wr_streamers_demo/timestamp_adder.vhd	a83c8b2da63a1e86ec69b8d175b9f522d7ba6a3b	vendor/wr-cores/top/spec_1_1/wr_streamers_demo/timestamp_adder.vhd	byte-identical	108b2108d3225ea331ed54dc908c59ab7ef627e796eaaf4a2aeea04d26d77903
26e138fdc0bfc8426704b397141d563cf4d580a2	vendor/wr-cores/top/spec_ref_design/Manifest.py	0ae2fb1f3b658d1dbe4ad3342a35940b9723398f	vendor/wr-cores/top/spec_ref_design/Manifest.py	byte-identical	4b6c950e1f5a22845fe49412ac8dc20588d219c6a2c8af732aa32373f4ef9658
26e138fdc0bfc8426704b397141d563cf4d580a2	vendor/wr-cores/top/spec_ref_design/spec_wr_ref_top.vhd	55ab846f81d23aea767850721d89609b7b57c8e7	vendor/wr-cores/top/spec_ref_design/spec_wr_ref_top.vhd	byte-identical	9bbb4e5978d74a5baa0859e1bc8e6ded42727382086c38ee9c5894fe37c1f6dc
26e138fdc0bfc8426704b397141d563cf4d580a2	vendor/wr-cores/top/svec_ref_design/Manifest.py	2c6cdfcdfff50d0aa35b5903612a7d688d207249	vendor/wr-cores/top/svec_ref_design/Manifest.py	byte-identical	9e61b9fb90643695eaea0d48bf390847a6fc0a9240e6d4e7ae6c313f52280a4b
26e138fdc0bfc8426704b397141d563cf4d580a2	vendor/wr-cores/top/svec_ref_design/svec_wr_ref_top.vhd	3d03b5872f769e574197ff03f3696a465f35c339	vendor/wr-cores/top/svec_ref_design/svec_wr_ref_top.vhd	byte-identical	6040c1a928845235f7bf91f97f8a97f0a9c631ca395aa59bd9ca679ecdd44fdf
26e138fdc0bfc8426704b397141d563cf4d580a2	vendor/wr-cores/top/vfchd_ref_design/Manifest.py	e28c77775a688099a4bf75b2bb40f89128889f96	vendor/wr-cores/top/vfchd_ref_design/Manifest.py	byte-identical	7885533fc573b5fbb146c11189ce9d8178716740f11f2cc9fcfc981b94418746
26e138fdc0bfc8426704b397141d563cf4d580a2	vendor/wr-cores/top/vfchd_ref_design/vfchd_i2cmux/I2cMuxAndExpMaster.v	bc39b78b718a15be280949106df120d4b628100a	vendor/wr-cores/top/vfchd_ref_design/vfchd_i2cmux/I2cMuxAndExpMaster.v	byte-identical	2f839a894246d8bebf2e2deb9f574c0c7ccaeac722f89b3bc5fb93b4c4068258
26e138fdc0bfc8426704b397141d563cf4d580a2	vendor/wr-cores/top/vfchd_ref_design/vfchd_i2cmux/I2cMuxAndExpReqArbiter.v	14e31a1b82f862fb91d0c318b6a2ececd349a062	vendor/wr-cores/top/vfchd_ref_design/vfchd_i2cmux/I2cMuxAndExpReqArbiter.v	byte-identical	927590aac87a373233d61b14ae37f54edd70e39ddac55d3e76223096528f2dbc
26e138fdc0bfc8426704b397141d563cf4d580a2	vendor/wr-cores/top/vfchd_ref_design/vfchd_i2cmux/README	366e39abcfa108276e293a235a67679fe6a4b4be	vendor/wr-cores/top/vfchd_ref_design/vfchd_i2cmux/README	byte-identical	be15109a742746ee3e67bcfdf20a09708273f7ff525c8ddb50316c7564a8c3e9
26e138fdc0bfc8426704b397141d563cf4d580a2	vendor/wr-cores/top/vfchd_ref_design/vfchd_i2cmux/SfpIdReader.v	8cacd3d892347633d2e9074372f5bfa0a37a44e0	vendor/wr-cores/top/vfchd_ref_design/vfchd_i2cmux/SfpIdReader.v	byte-identical	f7a4cb16b33db97c17bf4956b7b9a692801a9eddbda62c55cdc49f009b731229
26e138fdc0bfc8426704b397141d563cf4d580a2	vendor/wr-cores/top/vfchd_ref_design/vfchd_i2cmux/vfchd_i2cmux_pkg.vhd	5f48b0c142cf9f709101994884f3b147570c933c	vendor/wr-cores/top/vfchd_ref_design/vfchd_i2cmux/vfchd_i2cmux_pkg.vhd	byte-identical	21ad5baf3fd5e4dadaa9b522895d507cb2a3516519ac79baec2bd859c1af3499
26e138fdc0bfc8426704b397141d563cf4d580a2	vendor/wr-cores/top/vfchd_ref_design/vfchd_wr_ref_top.vhd	12212015d3c57d2f54188cbf6ffe2941f131ad90	vendor/wr-cores/top/vfchd_ref_design/vfchd_wr_ref_top.vhd	byte-identical	311b1cb70c384410f21c5c5914154a679359d0681b8dd05dca28600aadb72fd8
26e138fdc0bfc8426704b397141d563cf4d580a2	vendor/wr-cores/top/vxs_ref_design/Manifest.py	5683a8e90c37f51638416e19ae65475b0f5c8a3e	vendor/wr-cores/top/vxs_ref_design/Manifest.py	byte-identical	324d77ec1aed2af078ed871b29154026843e5db60228a76fe4b2cd1d7408bd03
26e138fdc0bfc8426704b397141d563cf4d580a2	vendor/wr-cores/top/vxs_ref_design/vxs_wr_ref_top.ucf	f16678a605cd1f3b922cb505af2027ed15b3f7f2	vendor/wr-cores/top/vxs_ref_design/vxs_wr_ref_top.ucf	byte-identical	cda9b7a521c58d8dfa4005f1654421640861b9d44ab417df933356ba8c84524b
26e138fdc0bfc8426704b397141d563cf4d580a2	vendor/wr-cores/top/vxs_ref_design/vxs_wr_ref_top.vhd	032861134d0c8b70be3874784ab963340fb0840b	vendor/wr-cores/top/vxs_ref_design/vxs_wr_ref_top.vhd	byte-identical	b53bebb9ea6c1ba5dea403876526c4873c2da91e666f91f9c65c94866eeb91a9
26e138fdc0bfc8426704b397141d563cf4d580a2	vendor/wrpc-sw/.gitignore	9ccfbd06d5ed0da9ce3464ef83d574ad94615dd6	vendor/wrpc-sw/.gitignore	byte-identical	01c89c5abccab3c8126d184b81a949984e3cc7cf2a3c0235dc14eb3c032d50bc
26e138fdc0bfc8426704b397141d563cf4d580a2	vendor/wrpc-sw/.gitlab-ci.yml	cd31172c7b11dfc12f90b5af5c24fcb2ba363b07	vendor/wrpc-sw/.gitlab-ci.yml	byte-identical	2ce2aeb924a6d8273753282c4387dac56a344adb5aceb3daf7f0e5bef225d770
26e138fdc0bfc8426704b397141d563cf4d580a2	vendor/wrpc-sw/.gitmodules	126362582ecf82dc55f2efaa89a67b923b254f3c	vendor/wrpc-sw/.gitmodules	byte-identical	91275f169e4604aaf911ed12f42e4b7a50d71dc6b53bc8a71b5c7ca6bad3f993
26e138fdc0bfc8426704b397141d563cf4d580a2	vendor/wrpc-sw/COPYING	d511905c1647a1e311e8b20d5930a37a9c2531cd	vendor/wrpc-sw/COPYING	byte-identical	ab15fd526bd8dd18a9e77ebc139656bf4d33e97fc7238cd11bf60e2b9b8666c6
26e138fdc0bfc8426704b397141d563cf4d580a2	vendor/wrpc-sw/Kconfig	153a3f5c3fc882cf12d30c8fdfd6248494e5cfa3	vendor/wrpc-sw/Kconfig	byte-identical	27cfccc5d1919631fcda3a57e0909283b4d706336f05b3c509ee2214ff5f50f3
26e138fdc0bfc8426704b397141d563cf4d580a2	vendor/wrpc-sw/MAKEALL	760d5c708810fdc40434f7dbccacdf8382b0cda4	vendor/wrpc-sw/MAKEALL	byte-identical	d211e072563acee50fb880ade5bcae1672a6dafe25114a7042691f947486ae1c
26e138fdc0bfc8426704b397141d563cf4d580a2	vendor/wrpc-sw/Makefile	a0df40616a80c597c158e7671ec709075ea61169	vendor/wrpc-sw/Makefile	byte-identical	187e8edee84cad402f83eedba83165a1d1964e9179823516e463472a443b62d6
26e138fdc0bfc8426704b397141d563cf4d580a2	vendor/wrpc-sw/Makefile.kconfig	62f6e7b84826f3aea17dc9cf9d02d8bca3d008b0	vendor/wrpc-sw/Makefile.kconfig	byte-identical	3bbda0ca1ad54a00c9ae210a9286550f7403f865b226b38baa79f89ff8c7fa8f
26e138fdc0bfc8426704b397141d563cf4d580a2	vendor/wrpc-sw/arch/lm32/.gitignore	71dbe3fcab4e2a2b2385fc34ee4ec972a5eb7320	vendor/wrpc-sw/arch/lm32/.gitignore	byte-identical	6c6644e8c29216834a886456c17695f4cbc2c87bd64efd03513fdef7a2712882
26e138fdc0bfc8426704b397141d563cf4d580a2	vendor/wrpc-sw/arch/lm32/crt0.S	5be2f7cc1799f2ca5e783dbbea4be73c198a941f	vendor/wrpc-sw/arch/lm32/crt0.S	byte-identical	e33103d93cdf475b719407dd0c00d5d75a4fd73e92aa9a116ebf5a5c65155804
26e138fdc0bfc8426704b397141d563cf4d580a2	vendor/wrpc-sw/arch/lm32/crt0.h	e88d785aef7d5df83108a7d5c5e3e3a08d98dbbf	vendor/wrpc-sw/arch/lm32/crt0.h	byte-identical	70733e9f47b520e7340cf205597d3ce4531d5699bdf26be06d29a30c37a754a0
26e138fdc0bfc8426704b397141d563cf4d580a2	vendor/wrpc-sw/arch/lm32/irq.c	a7ab60847e1421801693fcaa240c6a8a0d4d6e47	vendor/wrpc-sw/arch/lm32/irq.c	byte-identical	7e77ed9262eff47bc57e2e8d64875b7f6ef46d4e79aed5cc9621028e9c7ca02c
26e138fdc0bfc8426704b397141d563cf4d580a2	vendor/wrpc-sw/arch/lm32/ram-wrs.ld	f6244b5d0f23fe8b1783f3a5c0f0dc9a7b134c7d	vendor/wrpc-sw/arch/lm32/ram-wrs.ld	byte-identical	84497aa1a88efa43dab415818a065f27ea9469961541d84e3888d22a8f6b04f8
26e138fdc0bfc8426704b397141d563cf4d580a2	vendor/wrpc-sw/arch/lm32/ram.ld.S	8caf1ce269c3ea15c2b34d020c95f237d1b52685	vendor/wrpc-sw/arch/lm32/ram.ld.S	byte-identical	20a08a7d2fca5eea704d3a525398bc20960f728933f94b95f7ab0a923a3e3f33
26e138fdc0bfc8426704b397141d563cf4d580a2	vendor/wrpc-sw/arch/risc-v/boot-crt0.S	cc0da2b367a473030ae4338dfc6dd8f796011fe2	vendor/wrpc-sw/arch/risc-v/boot-crt0.S	byte-identical	e2ce13dde8cf20915bb92a29ede450999a004f8adba2522e4a326bc0dc90049e
26e138fdc0bfc8426704b397141d563cf4d580a2	vendor/wrpc-sw/arch/risc-v/boot.ld	14faa2ec88cc2df6eec5942378d48c7596d29105	vendor/wrpc-sw/arch/risc-v/boot.ld	byte-identical	e665a15da1113624e5e2eed3ded9bbc84759307b9a7192924e4679e05a85d68a
26e138fdc0bfc8426704b397141d563cf4d580a2	vendor/wrpc-sw/arch/risc-v/crt0.S	4afd32baaba79b7955575664b223616648db261b	vendor/wrpc-sw/arch/risc-v/crt0.S	byte-identical	b0fc4fadf94789dfb2e94f3ecae60d82573597894c162378820bcb5f35f480fa
26e138fdc0bfc8426704b397141d563cf4d580a2	vendor/wrpc-sw/arch/risc-v/crt0.h	ab2dd02faa4c1c8dafb6011f2ee289f678ecf23b	vendor/wrpc-sw/arch/risc-v/crt0.h	byte-identical	7b54692dd58fac65c9b78ee9685e6e43cd182cf650fd978021b32cc76e8d908c
26e138fdc0bfc8426704b397141d563cf4d580a2	vendor/wrpc-sw/arch/risc-v/irq.S	64434b5da6f477bd73a882371f4f307d4f0a2772	vendor/wrpc-sw/arch/risc-v/irq.S	byte-identical	51b2bd33551218719fd64147f18632906c78638993bfba3c2da4fb07fb923612
26e138fdc0bfc8426704b397141d563cf4d580a2	vendor/wrpc-sw/arch/risc-v/irq_helper.c	0f57069259b0796aca502543ba80a0f20f470e60	vendor/wrpc-sw/arch/risc-v/irq_helper.c	byte-identical	3f67ae20b27e0ff1dbace29f98cec6215eb0b48a99db6fbd30a19e9396654830
26e138fdc0bfc8426704b397141d563cf4d580a2	vendor/wrpc-sw/arch/risc-v/ram.ld	2f172a3b843d109bac0db535cceea280dd3bd733	vendor/wrpc-sw/arch/risc-v/ram.ld	byte-identical	b367a7e5dd0c3e011f1ce136b4f5f3d187fd6d43f113eeb593b536e0c6043567
26e138fdc0bfc8426704b397141d563cf4d580a2	vendor/wrpc-sw/arch/risc-v/ram.ld.S	d4d89137b0f7a3796f73c1ed2fb19a28c5c4d0ad	vendor/wrpc-sw/arch/risc-v/ram.ld.S	byte-identical	a233ebdcf2eb0c8c4869f4b895562499d3b6e1f98f3e9bc5f3df51b40f026dc3
26e138fdc0bfc8426704b397141d563cf4d580a2	vendor/wrpc-sw/boards/afcz/board.c	c26aa4e3602c837d59fc94564dba2a885ef09431	vendor/wrpc-sw/boards/afcz/board.c	byte-identical	63a60851aa61d24e97861f6e641291afb0a2fd33016d948a9629ab12af196c47
26e138fdc0bfc8426704b397141d563cf4d580a2	vendor/wrpc-sw/boards/afcz/board.h	3c370745a0499061dbb9091fbca8bf4125118cea	vendor/wrpc-sw/boards/afcz/board.h	byte-identical	b95d5ed31675fe71d601e0704d0e4002c209451f5e602c81da3600723655564c
26e138fdc0bfc8426704b397141d563cf4d580a2	vendor/wrpc-sw/boards/boards.mk	2ae19ce12fe05edecea77cb040036870cfdb3773	vendor/wrpc-sw/boards/boards.mk	byte-identical	701bba19bc8723b1a051013b28fd0314d528abd54fe4bf46b775438dffe3af42
26e138fdc0bfc8426704b397141d563cf4d580a2	vendor/wrpc-sw/boards/ertm14/board-aux.h	57939a31c17d76e5cca5fa82d41855570ff0bb1b	vendor/wrpc-sw/boards/ertm14/board-aux.h	byte-identical	a4ecb52f264b989fccc2a3ca891113395e31e6de3a715637401b420bccbe7c41
26e138fdc0bfc8426704b397141d563cf4d580a2	vendor/wrpc-sw/boards/ertm14/board-state.h	ef71877e64f810c65b6fbe9173392944a925c23c	vendor/wrpc-sw/boards/ertm14/board-state.h	byte-identical	6e7c8b5c899b53fcc36606a639bc9309eff9da28ca3578b1345832bb6dfba121
26e138fdc0bfc8426704b397141d563cf4d580a2	vendor/wrpc-sw/boards/ertm14/board.c	69395d3933994a743fd65a9bd9c9691b79ed8893	vendor/wrpc-sw/boards/ertm14/board.c	byte-identical	381f48bdfde225d83351f1d7399a982d79d593ca5b1d8ff808317a2a896d32ce
26e138fdc0bfc8426704b397141d563cf4d580a2	vendor/wrpc-sw/boards/ertm14/board.h	97c5de5ccd0f62229bd6f18efd9d31bd4032b776	vendor/wrpc-sw/boards/ertm14/board.h	byte-identical	263ed1365ae9e796c450b7c75d12d8cfc6eaccc57266b60cedbea5caad634035
26e138fdc0bfc8426704b397141d563cf4d580a2	vendor/wrpc-sw/boards/ertm14/cmd_ertm14.c	8faee046b9a78d634daa7a344f4155f36b73e970	vendor/wrpc-sw/boards/ertm14/cmd_ertm14.c	byte-identical	c23be4e7d022a3e6e6b9e7bbda3a01be3725123baab2a86d1b2fc515ad41ab33
26e138fdc0bfc8426704b397141d563cf4d580a2	vendor/wrpc-sw/boards/ertm14/common-uart-link.c	6dab80512f460c8f7f4cae4c7cfe4773a61453d7	vendor/wrpc-sw/boards/ertm14/common-uart-link.c	byte-identical	b15d48bec82cb0cb21a3809f2dd1aa70631cf1a3b17148e1cedd77fd74c895da
26e138fdc0bfc8426704b397141d563cf4d580a2	vendor/wrpc-sw/boards/ertm14/common-uart-link.h	e5e9ecd1c2b1ed097f740a132a39344ddc396480	vendor/wrpc-sw/boards/ertm14/common-uart-link.h	byte-identical	2fbbc2b20c540085cddddfa9539533b6de0a603f20d881cd982807b2e115573e
26e138fdc0bfc8426704b397141d563cf4d580a2	vendor/wrpc-sw/boards/ertm14/configs/ad9510_convert_regs.py	0b2f440e67b135aec393ecc22d9f729eea644331	vendor/wrpc-sw/boards/ertm14/configs/ad9510_convert_regs.py	byte-identical	03abaef8f6f48f1e460bf9755a01606a2c8e81cd0c17a2639b3f09e5cb1869cf
26e138fdc0bfc8426704b397141d563cf4d580a2	vendor/wrpc-sw/boards/ertm14/configs/ertm_14_pll_ext_10mhz.h	39d77efb59e40caa05c4f8a258e2437bc17d909c	vendor/wrpc-sw/boards/ertm14/configs/ertm_14_pll_ext_10mhz.h	byte-identical	0be3dd76dd110821c4a04284ac477be25d8dbb51877b868718910719b9cc34b3
26e138fdc0bfc8426704b397141d563cf4d580a2	vendor/wrpc-sw/boards/ertm14/configs/ertm_14_pll_main_dot050.stp	f041f169c679d35d661d8e4fa5571ea2e09d7b8d	vendor/wrpc-sw/boards/ertm14/configs/ertm_14_pll_main_dot050.stp	byte-identical	70face5a781e0f85e8c44f3c4b13711c94453d51a37e6e1dc0deb3ab52293bc3
26e138fdc0bfc8426704b397141d563cf4d580a2	vendor/wrpc-sw/boards/ertm14/configs/ertm_14_pll_main_dot050_config.h	79aacf66648c4bbcc43fbe7f64c36df6ad4b4cc8	vendor/wrpc-sw/boards/ertm14/configs/ertm_14_pll_main_dot050_config.h	byte-identical	ccaa5929943cbfa3f943a77f5f03f1088d03ed18be4b5f41884e477274a5b4e6
26e138fdc0bfc8426704b397141d563cf4d580a2	vendor/wrpc-sw/boards/ertm14/configs/ertm_14_pll_ocxo.stp	5566059830bcaa85ee7925420ec3ed34994b6389	vendor/wrpc-sw/boards/ertm14/configs/ertm_14_pll_ocxo.stp	byte-identical	ad182859822e4c46ae9148f992012e93507d9c0bab83532a398547fa86095394
26e138fdc0bfc8426704b397141d563cf4d580a2	vendor/wrpc-sw/boards/ertm14/configs/ertm_14_pll_ocxo_config.h	dc0fa19343cf05ed78b250a43e9c66ef9daae17f	vendor/wrpc-sw/boards/ertm14/configs/ertm_14_pll_ocxo_config.h	byte-identical	ad6e1b0bc214be2913c6b7c846655d9ad01c9cd51b682fb5279b8ab1d8d0568f
26e138fdc0bfc8426704b397141d563cf4d580a2	vendor/wrpc-sw/boards/ertm14/configs/ertm_15_ad9520_default_config.h	14c360d056c5e3ef9b322a0f583b6eac08836051	vendor/wrpc-sw/boards/ertm14/configs/ertm_15_ad9520_default_config.h	byte-identical	eb03203223429f775d3c6a4937c45cbd1703e298e8e4760a13755c5eb7527670
26e138fdc0bfc8426704b397141d563cf4d580a2	vendor/wrpc-sw/boards/ertm14/configs/ertm_15_ad9520_default_config.stp	7a4aace684497bc13f211b4cc06e29c379e44a3d	vendor/wrpc-sw/boards/ertm14/configs/ertm_15_ad9520_default_config.stp	byte-identical	678217468174fa226129964670c81e06bc587253308d452e2f4b269badf006b8
26e138fdc0bfc8426704b397141d563cf4d580a2	vendor/wrpc-sw/boards/ertm14/configs/ertm_15_ltc6950_config.h	898f35b07783675e1c8893154337cdd5f1130d51	vendor/wrpc-sw/boards/ertm14/configs/ertm_15_ltc6950_config.h	byte-identical	3dfb7208224bbd51aa5f217e19b4abf9103a3e78d5e29c240bc12b0430ccc357
26e138fdc0bfc8426704b397141d563cf4d580a2	vendor/wrpc-sw/boards/ertm14/configs/ertm_15_ltc6950_config_rev1.h	898f35b07783675e1c8893154337cdd5f1130d51	vendor/wrpc-sw/boards/ertm14/configs/ertm_15_ltc6950_config_rev1.h	byte-identical	3dfb7208224bbd51aa5f217e19b4abf9103a3e78d5e29c240bc12b0430ccc357
26e138fdc0bfc8426704b397141d563cf4d580a2	vendor/wrpc-sw/boards/ertm14/configs/ertm_15_ltc6950_config_rev2.h	6fb0838c03af57c731e41762c691269b71310878	vendor/wrpc-sw/boards/ertm14/configs/ertm_15_ltc6950_config_rev2.h	byte-identical	36d40293b85f1d85fba3b0e079cd69e36a31b09355c882402325cfd33bb43c3c
26e138fdc0bfc8426704b397141d563cf4d580a2	vendor/wrpc-sw/boards/ertm14/configs/ertm_15_ltc6953_bootstrap_config.h	d30f2098109dd96a646a7bfa5557a5aa20c977d9	vendor/wrpc-sw/boards/ertm14/configs/ertm_15_ltc6953_bootstrap_config.h	byte-identical	7d4f2343cc419d92310a0c26a2f09d8618e64e59bd678d7336d6d836fe2ab7f8
26e138fdc0bfc8426704b397141d563cf4d580a2	vendor/wrpc-sw/boards/ertm14/configs/generate_config_headers.sh	ce51f5eb14711506397173b0e53ca0767c355c6c	vendor/wrpc-sw/boards/ertm14/configs/generate_config_headers.sh	byte-identical	15b43a28d986065c5c6cd8ff171db33ed805cca9f2a89f3d045ed0f61dc8f353
26e138fdc0bfc8426704b397141d563cf4d580a2	vendor/wrpc-sw/boards/ertm14/console-ertm.c	d3e5e9b1373501f258745edf7bfd3c9d4ef3ee23	vendor/wrpc-sw/boards/ertm14/console-ertm.c	byte-identical	4adfbe329c4c64114c271b9410c198e6f83bbcdcfb1890c31f4e51f22c6cc4fd
26e138fdc0bfc8426704b397141d563cf4d580a2	vendor/wrpc-sw/boards/ertm14/ertm-common.h	62248a8715ca1956988cc1e50e1885a2c98c46b9	vendor/wrpc-sw/boards/ertm14/ertm-common.h	byte-identical	7c6130ccf827d4a55076898b8a09a94a3370b57847ff6bbd9ade08c70e4682ba
26e138fdc0bfc8426704b397141d563cf4d580a2	vendor/wrpc-sw/boards/ertm14/ertm15_rf_distr.c	64d3966bfe69169a31d600996e544450a831d528	vendor/wrpc-sw/boards/ertm14/ertm15_rf_distr.c	byte-identical	df85931b24228338f0e16ee1d4b7da548314615ac6457c3c70874eecad285f29
26e138fdc0bfc8426704b397141d563cf4d580a2	vendor/wrpc-sw/boards/ertm14/ertm15_rf_distr.h	2b0affd5aa5415dc401caf2279fc8e3be4b6aaab	vendor/wrpc-sw/boards/ertm14/ertm15_rf_distr.h	byte-identical	4aae39f2634fc2f0a0282c86655b754e713dbbcddaf59e19abbb5e21deca046e
26e138fdc0bfc8426704b397141d563cf4d580a2	vendor/wrpc-sw/boards/ertm14/hw/wb_10mhz_align_unit.h	54a0fe4f79be8d9ac08e2356761a155f3b1f9b7a	vendor/wrpc-sw/boards/ertm14/hw/wb_10mhz_align_unit.h	byte-identical	3caa123fd8d4b1d84f52d742fe2ef592a382d1cd756fa6b6d5d2a40347ad0890
26e138fdc0bfc8426704b397141d563cf4d580a2	vendor/wrpc-sw/boards/ertm14/hw/wr_rf_frame_transceiver_regs.h	e3f52ea7962ffc63c9617956821ce2490cf2a216	vendor/wrpc-sw/boards/ertm14/hw/wr_rf_frame_transceiver_regs.h	byte-identical	be60353bbc6b6fc1e99c8a8524f533c89d04cabfc4735636987bfce35740eca4
26e138fdc0bfc8426704b397141d563cf4d580a2	vendor/wrpc-sw/boards/ertm14/phy_calibration.c	26d29bd83fcaf8726f3ae9022c4f197a1c4e6416	vendor/wrpc-sw/boards/ertm14/phy_calibration.c	byte-identical	6728e299bdb0e60991b18ca95b376d4fbc3515677b85a91869f5469b0fdecd76
26e138fdc0bfc8426704b397141d563cf4d580a2	vendor/wrpc-sw/boards/ertm14/psnmp-proto.h	ceddb8cbd7194ff286bd5bc181fc1515c2f7132c	vendor/wrpc-sw/boards/ertm14/psnmp-proto.h	byte-identical	1eb69a3bc67ce34f1e99764c72a816bfb0d0e0ff8d7c2c345513079c9b1855f0
26e138fdc0bfc8426704b397141d563cf4d580a2	vendor/wrpc-sw/boards/ertm14/rf_frame_transceiver.c	61afa7c916ff830fe3a7cba0129021edeca4cb63	vendor/wrpc-sw/boards/ertm14/rf_frame_transceiver.c	byte-identical	698325a77e2f2b94cc8eac31c970b39fa9299a030948566418c6b350f98b2c5d
26e138fdc0bfc8426704b397141d563cf4d580a2	vendor/wrpc-sw/boards/ertm14/rf_frame_transceiver.h	85777946c2fd8764ddede26b3fb3fbc220ee0526	vendor/wrpc-sw/boards/ertm14/rf_frame_transceiver.h	byte-identical	87e47d4693604aa8b3b3e07e2a120d3474a442c68d410bbfc61b529a38ab14b8
26e138fdc0bfc8426704b397141d563cf4d580a2	vendor/wrpc-sw/boards/ertm14/sdbfs-custom-image.c	78e8e2e9c35da0e24b0bf8675ed97d4d9286e10d	vendor/wrpc-sw/boards/ertm14/sdbfs-custom-image.c	byte-identical	f32c60556daf20b71206f9572679096dbac93643bb739515eb28f6510bb9d608
26e138fdc0bfc8426704b397141d563cf4d580a2	vendor/wrpc-sw/boards/ertm14/sdbfs/--SDB-CONFIG--	65b6b65ade06fa22244fb3660d2aec8ab520efc0	vendor/wrpc-sw/boards/ertm14/sdbfs/--SDB-CONFIG--	byte-identical	b736781d3d7fefae7dd2ca805902fc0dcf278c7964e9b557edc15ab36256d72e
26e138fdc0bfc8426704b397141d563cf4d580a2	vendor/wrpc-sw/boards/ertm14/sdbfs/bitstream	e69de29bb2d1d6434b8b29ae775ad8c2e48c5391	vendor/wrpc-sw/boards/ertm14/sdbfs/bitstream	byte-identical	e3b0c44298fc1c149afbf4c8996fb92427ae41e4649b934ca495991b7852b855
26e138fdc0bfc8426704b397141d563cf4d580a2	vendor/wrpc-sw/boards/ertm14/sdbfs/calibration	e69de29bb2d1d6434b8b29ae775ad8c2e48c5391	vendor/wrpc-sw/boards/ertm14/sdbfs/calibration	byte-identical	e3b0c44298fc1c149afbf4c8996fb92427ae41e4649b934ca495991b7852b855
26e138fdc0bfc8426704b397141d563cf4d580a2	vendor/wrpc-sw/boards/ertm14/sdbfs/mac-address	e69de29bb2d1d6434b8b29ae775ad8c2e48c5391	vendor/wrpc-sw/boards/ertm14/sdbfs/mac-address	byte-identical	e3b0c44298fc1c149afbf4c8996fb92427ae41e4649b934ca495991b7852b855
26e138fdc0bfc8426704b397141d563cf4d580a2	vendor/wrpc-sw/boards/ertm14/sdbfs/sfp-database	e69de29bb2d1d6434b8b29ae775ad8c2e48c5391	vendor/wrpc-sw/boards/ertm14/sdbfs/sfp-database	byte-identical	e3b0c44298fc1c149afbf4c8996fb92427ae41e4649b934ca495991b7852b855
26e138fdc0bfc8426704b397141d563cf4d580a2	vendor/wrpc-sw/boards/ertm14/sdbfs/wr-init	e69de29bb2d1d6434b8b29ae775ad8c2e48c5391	vendor/wrpc-sw/boards/ertm14/sdbfs/wr-init	byte-identical	e3b0c44298fc1c149afbf4c8996fb92427ae41e4649b934ca495991b7852b855
26e138fdc0bfc8426704b397141d563cf4d580a2	vendor/wrpc-sw/boards/ertm14/sdbfs/wrc-bin	e69de29bb2d1d6434b8b29ae775ad8c2e48c5391	vendor/wrpc-sw/boards/ertm14/sdbfs/wrc-bin	byte-identical	e3b0c44298fc1c149afbf4c8996fb92427ae41e4649b934ca495991b7852b855
26e138fdc0bfc8426704b397141d563cf4d580a2	vendor/wrpc-sw/boards/ertm14/wr-init	ac7d9499e59b62b26ed331dc47383848b451871f	vendor/wrpc-sw/boards/ertm14/wr-init	byte-identical	152772509bdb494a3e3cfb73f3c54108b072cee9a107d29c2252107a3bf13f07
26e138fdc0bfc8426704b397141d563cf4d580a2	vendor/wrpc-sw/boards/ertm14/wrpc-uart-link.c	62378dc2fe67e94c75e6ab80470ec1ac4e23eaa8	vendor/wrpc-sw/boards/ertm14/wrpc-uart-link.c	byte-identical	06f9c9cc3739d88968b26321a38b4b7e9af702776d8b456a7319236c389a8797
26e138fdc0bfc8426704b397141d563cf4d580a2	vendor/wrpc-sw/boards/generic/board-config.h	c6a35d9c32df3ce9c83522d4abdb467f2dba2574	vendor/wrpc-sw/boards/generic/board-config.h	byte-identical	78fe1a28e3feb72112a698cec6fa559c17f2d61272736949085acadcbe6d9f0e
26e138fdc0bfc8426704b397141d563cf4d580a2	vendor/wrpc-sw/boards/generic/board-decl.h	bc2020e342d06b4ade4d4a0cdc92087f844976cd	vendor/wrpc-sw/boards/generic/board-decl.h	byte-identical	c64c1f82cd3601e93897794e73c9cb4ea88c76990a199995c929f9a2c798ecea
26e138fdc0bfc8426704b397141d563cf4d580a2	vendor/wrpc-sw/boards/generic/board.c	18f35fefb122ae49cbbcd57b6f0f0e23464c0f26	vendor/wrpc-sw/boards/generic/board.c	byte-identical	d138f9a30029b42b1829420e67ab90b40efcaa4b28afd8539ac1f29ea968f117
26e138fdc0bfc8426704b397141d563cf4d580a2	vendor/wrpc-sw/boards/generic/de5a-identity.h	0b873b4e113347023e3e0bc9250b4fedaec22177	vendor/wrpc-sw/boards/generic/de5a-identity.h	byte-identical	c7de655d34b07cd8b451f255dddf59c89475be312ff60f3e95bc429060370256
26e138fdc0bfc8426704b397141d563cf4d580a2	vendor/wrpc-sw/boards/generic/generic-storage.c	973e72eeba23fff4d11ff5f757268939c474cacb	vendor/wrpc-sw/boards/generic/generic-storage.c	byte-identical	7043d9cd0a38f57731ffb98ad9c53d1ef2e790055589c207152435faa5215dbf
26e138fdc0bfc8426704b397141d563cf4d580a2	vendor/wrpc-sw/boards/pxie-fmc/board-config.h	ff1d8ddd8aa2cfcb536637b8de9e87dd48ee914e	vendor/wrpc-sw/boards/pxie-fmc/board-config.h	byte-identical	e6a129445588acd78a424d8344fc7c20c99f496abc57ee33f86e17719ea03e81
26e138fdc0bfc8426704b397141d563cf4d580a2	vendor/wrpc-sw/boards/pxie-fmc/board.c	abfc18c776c4c21e10bdd9bab70523ba415b2d7e	vendor/wrpc-sw/boards/pxie-fmc/board.c	byte-identical	180a61e851d1ffd0fd5aa9dd2d5ac0d151efc04967505f215a25d79d039d20d7
26e138fdc0bfc8426704b397141d563cf4d580a2	vendor/wrpc-sw/boards/sis8300ku/board.c	e8f9ddbce1afa56e90ba97c4b8586a05712f6bdb	vendor/wrpc-sw/boards/sis8300ku/board.c	byte-identical	43397f82680efd85c57dac19491d72b89ef160cf6bb301e23c6ea72b2b3ed967
26e138fdc0bfc8426704b397141d563cf4d580a2	vendor/wrpc-sw/boards/sis8300ku/board.h	936291df9f08c6104ecad415f329d83223c0d84d	vendor/wrpc-sw/boards/sis8300ku/board.h	byte-identical	c6d3ee0324e47853c0d0f1e24b0cb4c4762bf4466e4ca9d042827c36799c40c9
26e138fdc0bfc8426704b397141d563cf4d580a2	vendor/wrpc-sw/boards/sis8300ku/sdbfs-image.h	6ed34e51f2f9ed3e530b416287041ba17a24fe7e	vendor/wrpc-sw/boards/sis8300ku/sdbfs-image.h	byte-identical	1740ae34b27248325042832a80e990d8d86c7de8000ae29f6caf1e48872cf20a
26e138fdc0bfc8426704b397141d563cf4d580a2	vendor/wrpc-sw/boards/sis8300ku/sdbfs/--SDB-CONFIG--	8e1660877654cbb9991aa99b1b690957ec20c02f	vendor/wrpc-sw/boards/sis8300ku/sdbfs/--SDB-CONFIG--	byte-identical	88ad2528550598500e8a6cfad215352154f634c480250f7658b49e1199f85820
26e138fdc0bfc8426704b397141d563cf4d580a2	vendor/wrpc-sw/boards/sis8300ku/sdbfs/calibration	e69de29bb2d1d6434b8b29ae775ad8c2e48c5391	vendor/wrpc-sw/boards/sis8300ku/sdbfs/calibration	byte-identical	e3b0c44298fc1c149afbf4c8996fb92427ae41e4649b934ca495991b7852b855
26e138fdc0bfc8426704b397141d563cf4d580a2	vendor/wrpc-sw/boards/sis8300ku/sdbfs/mac-address	e69de29bb2d1d6434b8b29ae775ad8c2e48c5391	vendor/wrpc-sw/boards/sis8300ku/sdbfs/mac-address	byte-identical	e3b0c44298fc1c149afbf4c8996fb92427ae41e4649b934ca495991b7852b855
26e138fdc0bfc8426704b397141d563cf4d580a2	vendor/wrpc-sw/boards/sis8300ku/sdbfs/sfp-database	e69de29bb2d1d6434b8b29ae775ad8c2e48c5391	vendor/wrpc-sw/boards/sis8300ku/sdbfs/sfp-database	byte-identical	e3b0c44298fc1c149afbf4c8996fb92427ae41e4649b934ca495991b7852b855
26e138fdc0bfc8426704b397141d563cf4d580a2	vendor/wrpc-sw/boards/sis8300ku/sdbfs/wr-init	e69de29bb2d1d6434b8b29ae775ad8c2e48c5391	vendor/wrpc-sw/boards/sis8300ku/sdbfs/wr-init	byte-identical	e3b0c44298fc1c149afbf4c8996fb92427ae41e4649b934ca495991b7852b855
26e138fdc0bfc8426704b397141d563cf4d580a2	vendor/wrpc-sw/boards/spec_silabs/board.c	8ff699b76d976bba9f18903ecd730471391144bd	vendor/wrpc-sw/boards/spec_silabs/board.c	byte-identical	247eef8e1c514c4ec5838b6ce2dcef7e5cb69f4b58f1556b2fd7827b55e67c6f
26e138fdc0bfc8426704b397141d563cf4d580a2	vendor/wrpc-sw/boards/wr-switch/ad9516.c	35744bc60b2dec9d02ff15ea74ee080e2d290495	vendor/wrpc-sw/boards/wr-switch/ad9516.c	byte-identical	8e0326333112dce40dda366910847dd477fc8138c06876196e110c58d4715e63
26e138fdc0bfc8426704b397141d563cf4d580a2	vendor/wrpc-sw/boards/wr-switch/ad9516_config.h	585cc6260835e73b1085fd9b820489df56d7d6eb	vendor/wrpc-sw/boards/wr-switch/ad9516_config.h	byte-identical	ec150b79169143729e87818ce47667611bbf67532566da73aed07cd8dbc9cd8b
26e138fdc0bfc8426704b397141d563cf4d580a2	vendor/wrpc-sw/boards/wr-switch/board.h	f253dd68e1abb9f2d3e725020c4b2fa7de40dec3	vendor/wrpc-sw/boards/wr-switch/board.h	byte-identical	f739f9fcaa69ea3eec6fd787ee1b88449f022a3f3b8bb0d65635b0e5f9faeca4
26e138fdc0bfc8426704b397141d563cf4d580a2	vendor/wrpc-sw/boards/wr-switch/gpio-wrs.c	b34ef2c2040f83d3f2027bd7c287f9cd761061af	vendor/wrpc-sw/boards/wr-switch/gpio-wrs.c	byte-identical	dae4c815d79758cd2a6d46d057fb6d106b0c59890fca8f3e745cd76c6505ebb2
26e138fdc0bfc8426704b397141d563cf4d580a2	vendor/wrpc-sw/boards/wr-switch/gpio-wrs.h	111ac5538077d3473a1592ae2c69d32c23dd41db	vendor/wrpc-sw/boards/wr-switch/gpio-wrs.h	byte-identical	2ac6fb5673ccfbc84928193f2fc88e001474963e242170031d64012e4189ee31
26e138fdc0bfc8426704b397141d563cf4d580a2	vendor/wrpc-sw/boards/wr-switch/main.c	07160a9b11bff030790f511571a9a6fda58769ea	vendor/wrpc-sw/boards/wr-switch/main.c	byte-identical	833a803ef1f3ba0c3b115b487254fa9169da7ab1d9e872c6f4bae8d69c9d3c9f
26e138fdc0bfc8426704b397141d563cf4d580a2	vendor/wrpc-sw/boards/wr2rf-vme/board-config.h	cfb1a1b2399c4ce9f587d1453dabc3a6194b4879	vendor/wrpc-sw/boards/wr2rf-vme/board-config.h	byte-identical	d8c07e48fb9c19df1bde83968a8347a3508060d3b278ebbcf49d2e55162330c3
26e138fdc0bfc8426704b397141d563cf4d580a2	vendor/wrpc-sw/boards/wr2rf-vme/board.c	6d1909989d072a331136111e3c705d234d3659bf	vendor/wrpc-sw/boards/wr2rf-vme/board.c	byte-identical	2cfad18620e599f741bfd64f4d87b41be9813c3c718a74a71ee9cc38ef676420
26e138fdc0bfc8426704b397141d563cf4d580a2	vendor/wrpc-sw/boards/wr2rf-vme/sdbfs-custom-image.c	78e8e2e9c35da0e24b0bf8675ed97d4d9286e10d	vendor/wrpc-sw/boards/wr2rf-vme/sdbfs-custom-image.c	byte-identical	f32c60556daf20b71206f9572679096dbac93643bb739515eb28f6510bb9d608
26e138fdc0bfc8426704b397141d563cf4d580a2	vendor/wrpc-sw/boards/wr2rf-vme/sdbfs/--SDB-CONFIG--	1b673728a72824c0cbb70d896d9bef4a96385a5d	vendor/wrpc-sw/boards/wr2rf-vme/sdbfs/--SDB-CONFIG--	byte-identical	d02e6ae4c5ba4bf1860c595e8058c6829adde2da77efa9e45a114aefd617a543
26e138fdc0bfc8426704b397141d563cf4d580a2	vendor/wrpc-sw/boards/wr2rf-vme/sdbfs/calibration	e69de29bb2d1d6434b8b29ae775ad8c2e48c5391	vendor/wrpc-sw/boards/wr2rf-vme/sdbfs/calibration	byte-identical	e3b0c44298fc1c149afbf4c8996fb92427ae41e4649b934ca495991b7852b855
26e138fdc0bfc8426704b397141d563cf4d580a2	vendor/wrpc-sw/boards/wr2rf-vme/sdbfs/sfp-database	e69de29bb2d1d6434b8b29ae775ad8c2e48c5391	vendor/wrpc-sw/boards/wr2rf-vme/sdbfs/sfp-database	byte-identical	e3b0c44298fc1c149afbf4c8996fb92427ae41e4649b934ca495991b7852b855
26e138fdc0bfc8426704b397141d563cf4d580a2	vendor/wrpc-sw/boards/wr2rf-vme/sdbfs/wr-init	e69de29bb2d1d6434b8b29ae775ad8c2e48c5391	vendor/wrpc-sw/boards/wr2rf-vme/sdbfs/wr-init	byte-identical	e3b0c44298fc1c149afbf4c8996fb92427ae41e4649b934ca495991b7852b855
26e138fdc0bfc8426704b397141d563cf4d580a2	vendor/wrpc-sw/check-error.c	13b69b3b671263feba18cb08f84118e35db76c1c	vendor/wrpc-sw/check-error.c	byte-identical	8d485668d41dced59a04ee31dce95c9620f2427971d0e1e8139aaf6015faf95c
26e138fdc0bfc8426704b397141d563cf4d580a2	vendor/wrpc-sw/compare_size.sh	9b7b3f62f43ff78c92c5f8ea8fd7b95ab05d843f	vendor/wrpc-sw/compare_size.sh	byte-identical	fb82feecc1143e7d49bcd99f903d0d4af66e5d35f9121f36ec11bf213a0ed204
26e138fdc0bfc8426704b397141d563cf4d580a2	vendor/wrpc-sw/configs/afcz_defconfig	784bfc78c689fe9f4dd448e6b63b10ede332ee66	vendor/wrpc-sw/configs/afcz_defconfig	byte-identical	36ee19222d2cf35a8a3956c81603f7183cd18b28ff0d041c0284c689fe6cbcde
26e138fdc0bfc8426704b397141d563cf4d580a2	vendor/wrpc-sw/configs/afczv2_defconfig	b20b7a7790d2ec22e9fee264a60c0184b3cd050d	vendor/wrpc-sw/configs/afczv2_defconfig	byte-identical	eaf936d4a4236463c10fd06ffa2fc8a8ecbcab400ab10af77b1ce5c0730058a7
26e138fdc0bfc8426704b397141d563cf4d580a2	vendor/wrpc-sw/configs/all_defconfig	069112765becb385aba028766dba7e4b37354a6b	vendor/wrpc-sw/configs/all_defconfig	byte-identical	a8738ea78cd4940a7ca276de8e64f20889a399ae446cdd4ce4abfe3122ddd0fc
26e138fdc0bfc8426704b397141d563cf4d580a2	vendor/wrpc-sw/configs/de5a_master_defconfig	ff1b50d5e11293c179423b32720451c0b05974b6	vendor/wrpc-sw/configs/de5a_master_defconfig	byte-identical	8837795487013c1ad00394983d0119b00d9f0372b595e292c19e265b2b92e8e2
26e138fdc0bfc8426704b397141d563cf4d580a2	vendor/wrpc-sw/configs/de5a_master_nosfpmatch_defconfig	45a6aba39dcf4e96036b1424c25e24c70b3dd2c2	vendor/wrpc-sw/configs/de5a_master_nosfpmatch_defconfig	byte-identical	d6ad55716ef18e7f60abab89cc75f62a9f39dfb838bfc35097f90c2a9e092258
26e138fdc0bfc8426704b397141d563cf4d580a2	vendor/wrpc-sw/configs/de5a_slave_defconfig	42d72e954886808aaa230dcfd8b515f0e54f2ccb	vendor/wrpc-sw/configs/de5a_slave_defconfig	byte-identical	892eb37992d5cdfed439558d335910bcb2c8f64f13a6d4566da9e159dddd5b25
26e138fdc0bfc8426704b397141d563cf4d580a2	vendor/wrpc-sw/configs/de5a_slave_nosfpmatch_defconfig	b935b1c10cea4ccf520bb24076e44249e40c792f	vendor/wrpc-sw/configs/de5a_slave_nosfpmatch_defconfig	byte-identical	c1aad15d0a4b8024e81f73aa4432f8fa790eab83d861203626bb42edbde82f15
26e138fdc0bfc8426704b397141d563cf4d580a2	vendor/wrpc-sw/configs/devel_build_test_defconfig	c405e21eaad6762f94ef3b5fece31bfed165a0fc	vendor/wrpc-sw/configs/devel_build_test_defconfig	byte-identical	15abe3b9a92d83f99f9b52a165327af28cb2c86634d9f8cc482d78c652586592
26e138fdc0bfc8426704b397141d563cf4d580a2	vendor/wrpc-sw/configs/ertm14_defconfig	7d10e7c8a3b0aee26225d3a85dcdeddd4ba62fe8	vendor/wrpc-sw/configs/ertm14_defconfig	byte-identical	e368912cc825bf66361c797e5994e7ecb0eb53ba6d0df33d45f39352d3965b1e
26e138fdc0bfc8426704b397141d563cf4d580a2	vendor/wrpc-sw/configs/gsi_defconfig	c0fe2fb01cd6f2ce86c33e2e07b893cff4a91095	vendor/wrpc-sw/configs/gsi_defconfig	byte-identical	5c27cb3a2e9194c87c5f137e8b3ed066710dd74a2be2b8c1b073cc0ac35291de
26e138fdc0bfc8426704b397141d563cf4d580a2	vendor/wrpc-sw/configs/gsi_pdelay_defconfig	1ca51c95c4b8605d9a758306204cabe811555eb3	vendor/wrpc-sw/configs/gsi_pdelay_defconfig	byte-identical	04509c673cd72243f34ba6b44f1f1cff1d1f0b743cbd4dec54c7c4c90997042d
26e138fdc0bfc8426704b397141d563cf4d580a2	vendor/wrpc-sw/configs/pxie_fmc_defconfig	14ac21d57ed567b12880b6d2a88023647766c7b4	vendor/wrpc-sw/configs/pxie_fmc_defconfig	byte-identical	710da214044033928fdd67e767afcbcc07a4862075c762937c34ca87b0a6a7d4
26e138fdc0bfc8426704b397141d563cf4d580a2	vendor/wrpc-sw/configs/spec_defconfig	13ab0359ff8ff221d18a509a5678102d091aa754	vendor/wrpc-sw/configs/spec_defconfig	byte-identical	c251b96fa23807503c471891c669f783bb5ec50db0ff58292669a864e7f0f66e
26e138fdc0bfc8426704b397141d563cf4d580a2	vendor/wrpc-sw/configs/spec_pdelay_defconfig	c9d01a26bcaa766848833acbdbe3bddf3838b514	vendor/wrpc-sw/configs/spec_pdelay_defconfig	byte-identical	2e71a9951145cc214c018cd2a15efe4ab70cd19cd239329b0f07d574c036e3dc
26e138fdc0bfc8426704b397141d563cf4d580a2	vendor/wrpc-sw/configs/spec_riscv_comp_defconfig	dca1c556d1a8693ebddd85c5f488206d5eef44cf	vendor/wrpc-sw/configs/spec_riscv_comp_defconfig	byte-identical	bed618b684a64af38896653a8fb0ea965a0a765fcfaf40cd0b81640c3d8c2c02
26e138fdc0bfc8426704b397141d563cf4d580a2	vendor/wrpc-sw/configs/spec_silabs_defconfig	ee2b3cb230d83afe3aac7852af4d97dd81a94afe	vendor/wrpc-sw/configs/spec_silabs_defconfig	byte-identical	1705388a4d0343780e9435cc2a8ecaad1e6954b28da5aa5b7ed2bbfd0b6cbd39
26e138fdc0bfc8426704b397141d563cf4d580a2	vendor/wrpc-sw/configs/target_generic_phy_16bit_defconfig	acaaa87b3269b14ac284ea9bea7e9021efa83d64	vendor/wrpc-sw/configs/target_generic_phy_16bit_defconfig	byte-identical	0a520cb4e8555f88ca8454a7087db7479bd57211bbec71b3a77f102a591862f1
26e138fdc0bfc8426704b397141d563cf4d580a2	vendor/wrpc-sw/configs/target_sis8300ku_defconfig	aa66770c733fd5d832510a680aacc29368b945eb	vendor/wrpc-sw/configs/target_sis8300ku_defconfig	byte-identical	f93aeba17ba93aaa6a1698a7131fbee781bedf2cbcbb2213a8e8f202a4fd5879
26e138fdc0bfc8426704b397141d563cf4d580a2	vendor/wrpc-sw/configs/wr2rf_defconfig	136f1741839c56d9b1ad2c22c4abef15a789c7be	vendor/wrpc-sw/configs/wr2rf_defconfig	byte-identical	37e8f5bc00546cdf2a292fe6543ff34cbfacdc899949cdf81b92bfa8e65f16fb
26e138fdc0bfc8426704b397141d563cf4d580a2	vendor/wrpc-sw/configs/wr_switch_defconfig	b2775d74a0e6dcde7f1b7825dbe2937cad9835ad	vendor/wrpc-sw/configs/wr_switch_defconfig	byte-identical	04dd3ec0a32025d7e2df4b7ef6aa8fbe326f238570847c8b05639908467ee944
26e138fdc0bfc8426704b397141d563cf4d580a2	vendor/wrpc-sw/configs/wrnic_defconfig	22434db9031cb7662fbd4f83448fa2c0640245c0	vendor/wrpc-sw/configs/wrnic_defconfig	byte-identical	ca41b900d576db502531ce876cc59c6b90f95a4eac074777d52cc74ae485f5a5
26e138fdc0bfc8426704b397141d563cf4d580a2	vendor/wrpc-sw/configs/wrpc_sim_defconfig	6da80b0380389f1518325dafa8b733fc52bcb025	vendor/wrpc-sw/configs/wrpc_sim_defconfig	byte-identical	9f4d9921c2ea4d5ea60fd48539f858d23a0d4cce6a6b5d2621d06c4f78e9effb
26e138fdc0bfc8426704b397141d563cf4d580a2	vendor/wrpc-sw/dev/24aa025.c	5f7d82f004a203cf00cb1b7419906786379259a4	vendor/wrpc-sw/dev/24aa025.c	byte-identical	8f77adc421bc8f773f872299947fb6b0af593d4740724350c5c46f9514674a42
26e138fdc0bfc8426704b397141d563cf4d580a2	vendor/wrpc-sw/dev/74x595.c	47dce85595f9377b3a78656576abb07eb7a459f2	vendor/wrpc-sw/dev/74x595.c	byte-identical	9804968fcfbdfa8cc5cf8d8b0c2ab3a27ec64274ab692ed2637e2852b7e1b4b1
26e138fdc0bfc8426704b397141d563cf4d580a2	vendor/wrpc-sw/dev/ad7888.c	59cfa291ef25660c67a3d24e1e3493f822aef34f	vendor/wrpc-sw/dev/ad7888.c	byte-identical	b17ad6147de8e14e3d376740a4ac54e3bd9ba7223c6dcd865b27f914e6f5bdbe
26e138fdc0bfc8426704b397141d563cf4d580a2	vendor/wrpc-sw/dev/ad951x.c	4dfd6fd153c46ba54400df0560fbc86cf320576b	vendor/wrpc-sw/dev/ad951x.c	byte-identical	2011a776ab29addb79e758f6c69336090171f04b4b9560cec790ec6bb59cb6e6
26e138fdc0bfc8426704b397141d563cf4d580a2	vendor/wrpc-sw/dev/ad9520.c	6eb51055659df77e9521c7a24e3049f24a392f60	vendor/wrpc-sw/dev/ad9520.c	byte-identical	f275909169c01216be56ebf96a94422b682e497b98b2ada00473369a7de30852
26e138fdc0bfc8426704b397141d563cf4d580a2	vendor/wrpc-sw/dev/ad9910.c	261b4f86f2482a051c6265d2e1663433bfeae0ec	vendor/wrpc-sw/dev/ad9910.c	byte-identical	ff7b287352eb64372d255a85515c9cd2a8234dc7595d5bdb6e858bca91abba03
26e138fdc0bfc8426704b397141d563cf4d580a2	vendor/wrpc-sw/dev/bb_i2c.c	2849e2caedee92215ced0978fb9ab115ce2c2ae9	vendor/wrpc-sw/dev/bb_i2c.c	byte-identical	3d60c13a7a464558d997e78a6a9acdf1e74d11d2a863f426300649ce4fb4c338
26e138fdc0bfc8426704b397141d563cf4d580a2	vendor/wrpc-sw/dev/bb_spi.c	42d5bbce1e24cc47e47aeeabaf1ecffc7a1bbb83	vendor/wrpc-sw/dev/bb_spi.c	byte-identical	57e128843a4f1ff1a66df387332a5f4ffb81b45c685d4072fbcdf3ea4c966456
26e138fdc0bfc8426704b397141d563cf4d580a2	vendor/wrpc-sw/dev/clock_monitor.c	3a5233954cd26a3aeff6e13aa7e834c62eef37e6	vendor/wrpc-sw/dev/clock_monitor.c	byte-identical	1054bd4f5a1fdd250b837e6e7bac8963d25fac4c71b67c84fd14a6bbeffc4d00
26e138fdc0bfc8426704b397141d563cf4d580a2	vendor/wrpc-sw/dev/console-ipmi.c	2d45490d06bf50e14ae6621f114a1d222a913223	vendor/wrpc-sw/dev/console-ipmi.c	byte-identical	189f17783429fc264b5bef0c1d710070f8832f74e8ac95b2a93286e4456958c8
26e138fdc0bfc8426704b397141d563cf4d580a2	vendor/wrpc-sw/dev/console-net.c	a404018de2db4e949f89ee3e283f5e547ddc727d	vendor/wrpc-sw/dev/console-net.c	byte-identical	275cfea364c8c9c379ae615323337b1e3f9978b093bf3fb5abd0b2583daa9585
26e138fdc0bfc8426704b397141d563cf4d580a2	vendor/wrpc-sw/dev/console-uart.c	3c49b86e83b33d4e8701b4b5228dc6efde11f300	vendor/wrpc-sw/dev/console-uart.c	byte-identical	46e3dc13a898e957066329500844195b7788a4f529c9e57d9cfe1d0b397cec13
26e138fdc0bfc8426704b397141d563cf4d580a2	vendor/wrpc-sw/dev/console.c	d7d27d3b0eef379537b51c5392a73e231c54dbec	vendor/wrpc-sw/dev/console.c	byte-identical	e5bdf3e258e061d3ac4b647ba2b1de352550ac45f9f861c13c12d134b542b8fb
26e138fdc0bfc8426704b397141d563cf4d580a2	vendor/wrpc-sw/dev/dac_log.c	3007c337c8afb993ec4a2bf8517a6af1a3dc4281	vendor/wrpc-sw/dev/dac_log.c	byte-identical	5f4818493bde296074ed49983f3e8c18418de3b0d32b208ff872f7ebaa0ca81a
26e138fdc0bfc8426704b397141d563cf4d580a2	vendor/wrpc-sw/dev/dev.mk	e90144d2695803e85783ed0a1a9413ee8ff0f0b9	vendor/wrpc-sw/dev/dev.mk	byte-identical	d9bb643db3a7fd6d4f80bb62328b103a781ee23b3b79171927cedc29b4d8d82d
26e138fdc0bfc8426704b397141d563cf4d580a2	vendor/wrpc-sw/dev/endpoint.c	6eb4b223acb9a730cb3c7f235ec1a76c46736667	vendor/wrpc-sw/dev/endpoint.c	byte-identical	b988e5a9727651c7d46c1264e5fe79f71dab70101a7d8b784ba5d5e1b7ce6e0e
26e138fdc0bfc8426704b397141d563cf4d580a2	vendor/wrpc-sw/dev/ep_pfilter.c	4d9095d944aa12d7483594d8f2bcfd6454bc5d88	vendor/wrpc-sw/dev/ep_pfilter.c	byte-identical	7dc31bc0e3f8f17c359e39e3eb7000c91ea8a54ce5d960e591ee97f0f1ca3b41
26e138fdc0bfc8426704b397141d563cf4d580a2	vendor/wrpc-sw/dev/etherbone.c	01db21a5ab52d824cb98eb420976b6757b481d0b	vendor/wrpc-sw/dev/etherbone.c	byte-identical	67179a77c56866a7eb04ae5083f78337a1ba903fb6d2285016962adc526db23d
26e138fdc0bfc8426704b397141d563cf4d580a2	vendor/wrpc-sw/dev/fine_pulse_generator.c	c6ba0f4f9dc4ad38602180c7368e22f5ce012b31	vendor/wrpc-sw/dev/fine_pulse_generator.c	byte-identical	1e7cda2abf4ca8e171769dd13137f8fe5cfe4e1f56289c60bddaca12c79c73db
26e138fdc0bfc8426704b397141d563cf4d580a2	vendor/wrpc-sw/dev/flash.c	09372f727f97bf47eda4797c9d5781dc28156975	vendor/wrpc-sw/dev/flash.c	byte-identical	3375595045473bc54fef78466c995c47dd14a881adfdbfa6ff90f32d4f768b90
26e138fdc0bfc8426704b397141d563cf4d580a2	vendor/wrpc-sw/dev/fram.c	7eed84d00a0414aebfec6cc3fcd2e1adcba57272	vendor/wrpc-sw/dev/fram.c	byte-identical	8f750473afa544d4f7aa9d9cddd2a35e5d6e481641ed6b5c9b47eb6a357e921a
26e138fdc0bfc8426704b397141d563cf4d580a2	vendor/wrpc-sw/dev/gpio.c	3dee7cddb7cab78e6a9a9bb7079e5e7b0461c13c	vendor/wrpc-sw/dev/gpio.c	byte-identical	b4cbce5244a59ecd879bd12a3b036d98dfea99ede4be745435de0ccd8754b042
26e138fdc0bfc8426704b397141d563cf4d580a2	vendor/wrpc-sw/dev/i2c_eeprom.c	282bb7250ef1f08ad0fbfc3ae600db527c16d1b9	vendor/wrpc-sw/dev/i2c_eeprom.c	byte-identical	9712ddf7761f44d66f61297199d73f60d9f2e927a273677f1880879612cf0ef6
26e138fdc0bfc8426704b397141d563cf4d580a2	vendor/wrpc-sw/dev/iuart.c	40075e479c4da9e450f2efc17f8bb1903349f0e4	vendor/wrpc-sw/dev/iuart.c	byte-identical	c0f412bbbf0f89dd0efdb1dbed4716fc5b111700b5e078ce9498cbb15a43cb8f
26e138fdc0bfc8426704b397141d563cf4d580a2	vendor/wrpc-sw/dev/leds.c	96f9f780f07c34b101185f7b896dd9083fda59a4	vendor/wrpc-sw/dev/leds.c	byte-identical	7b569db90bb9ced539b94acf7e6e601a7531f17397f8c781ae37a5fbd6bb7ac9
26e138fdc0bfc8426704b397141d563cf4d580a2	vendor/wrpc-sw/dev/ltc695x.c	834f4932c8443589e3b6efcdca4a065ed8157618	vendor/wrpc-sw/dev/ltc695x.c	byte-identical	d984dc14730676424b5606e1e1eceb55131987955dced1fe1696af0a605771c8
26e138fdc0bfc8426704b397141d563cf4d580a2	vendor/wrpc-sw/dev/minic.c	c6cdc2fa34429e2812b3bd7a570e54d1b248c71d	vendor/wrpc-sw/dev/minic.c	byte-identical	3b3d2b5a85320671f7ac501aaba92c816d2e5a1252059305709506d7d6d847f9
26e138fdc0bfc8426704b397141d563cf4d580a2	vendor/wrpc-sw/dev/netif.c	2a44fb74144ea3df2b42a60bef830d88214c48e2	vendor/wrpc-sw/dev/netif.c	byte-identical	9a4dc4404ad66e3904d82e4a5ea6f2651b5e41d09fa078190648d60658245179
26e138fdc0bfc8426704b397141d563cf4d580a2	vendor/wrpc-sw/dev/pps_gen.c	602e48c18c49e6b3687769557454d0c8818350b8	vendor/wrpc-sw/dev/pps_gen.c	byte-identical	2cef25fe2bdfd1b54a53ec7a0b435a384c50e3ac0d94a825d1c626a454fa6d18
26e138fdc0bfc8426704b397141d563cf4d580a2	vendor/wrpc-sw/dev/puts-syslog.c	a171624744a0ed736804a400c31bcc242fba9295	vendor/wrpc-sw/dev/puts-syslog.c	byte-identical	a7d6c71252dfe7cbff199516fcee34a7b5c7a7f4a7467d337592b692d4a94744
26e138fdc0bfc8426704b397141d563cf4d580a2	vendor/wrpc-sw/dev/rxts_calibrator.c	efc981dd62622827ea2522828b2370c5def1360e	vendor/wrpc-sw/dev/rxts_calibrator.c	byte-identical	054a945b8eef1d5a6d4d27e67c051bf87bbb2872031055eb8d05251d75f0b27c
26e138fdc0bfc8426704b397141d563cf4d580a2	vendor/wrpc-sw/dev/sdbfs.c	039312a238cf0081a83cc42d1ffdcad2739d6fa8	vendor/wrpc-sw/dev/sdbfs.c	byte-identical	a4720c7653401ac06e9c5957046b847c362ef29417d4507a64d8363ae5a37366
26e138fdc0bfc8426704b397141d563cf4d580a2	vendor/wrpc-sw/dev/sensors.c	3782bbd00681fbca468059369b74908a75e98f06	vendor/wrpc-sw/dev/sensors.c	byte-identical	efbbc7f501b027e5782eecfc2b66be674f0482a3594be458bf8fd95a769ddec6
26e138fdc0bfc8426704b397141d563cf4d580a2	vendor/wrpc-sw/dev/sfp.c	aef4907ea39ca962d60441a2468376e19c722cc5	vendor/wrpc-sw/dev/sfp.c	byte-identical	2c617c94326973f81b264b460ca300ea938d739ba04a0e39496d1d2e092e3a04
26e138fdc0bfc8426704b397141d563cf4d580a2	vendor/wrpc-sw/dev/si57x.c	471e860aa77377026147f350e4eb34b78d947e69	vendor/wrpc-sw/dev/si57x.c	byte-identical	fc5c60facd44d552dfa4b569741f04a7137c9ac50cf436d74a053490fa9fac5a
26e138fdc0bfc8426704b397141d563cf4d580a2	vendor/wrpc-sw/dev/simple_uart.c	5706ccf5aae0ddbac026eae13ae9cf2333045f7a	vendor/wrpc-sw/dev/simple_uart.c	byte-identical	414231ce2dccf764232f88fe3c1092d003cdea8476256f626a910bb84b48c855
26e138fdc0bfc8426704b397141d563cf4d580a2	vendor/wrpc-sw/dev/spi_flash.c	37cc5a17c5632f09f96289a13e8619d0dd3148e5	vendor/wrpc-sw/dev/spi_flash.c	byte-identical	c476e9a94ee2252b13ff9beea25dd6593f3bc77aadb9d8b80b567605f6b01961
26e138fdc0bfc8426704b397141d563cf4d580a2	vendor/wrpc-sw/dev/storage-cal.c	e20fc3dae6fd7dc8da49cc4e0f8c450a663d45df	vendor/wrpc-sw/dev/storage-cal.c	byte-identical	16b9174594921a6954d7d1ca48192770157931adeea76461e572d221a6940532
26e138fdc0bfc8426704b397141d563cf4d580a2	vendor/wrpc-sw/dev/storage-flash.c	ce95103c5435ae74918f499d549a1d48978fdd17	vendor/wrpc-sw/dev/storage-flash.c	byte-identical	b7f795cd6d311d757f25731cf6d00802fa31c9133983c69f11b24551c49980a9
26e138fdc0bfc8426704b397141d563cf4d580a2	vendor/wrpc-sw/dev/storage-fram.c	11e19fab5c212de4cd488fc765c1e97438d69afb	vendor/wrpc-sw/dev/storage-fram.c	byte-identical	73014b53246d0a91ea19bf597d036598bff6826270292108343649fcc037c789
26e138fdc0bfc8426704b397141d563cf4d580a2	vendor/wrpc-sw/dev/storage-i2c.c	ca945f7e1bd45d42a07deec989a235322841ddc5	vendor/wrpc-sw/dev/storage-i2c.c	byte-identical	d848ed9377fa0fcedcde064d425234997565dcc4aba21be0d24b42004a5042b4
26e138fdc0bfc8426704b397141d563cf4d580a2	vendor/wrpc-sw/dev/storage-init.c	a9c3f13e8bd1cbb3c6a2b3ac5d8b46cf90a38f9a	vendor/wrpc-sw/dev/storage-init.c	byte-identical	5f8c476ecb81adfb9527cf25ed402b834fab04831c93e220a44ae8f4801de20c
26e138fdc0bfc8426704b397141d563cf4d580a2	vendor/wrpc-sw/dev/storage-mac.c	389e7a17a70163f4ec5c183cfd75eef813a0688c	vendor/wrpc-sw/dev/storage-mac.c	byte-identical	aab10e7202cc9340428fedfbd302f24fba99625fcfa9e8ed5f633f18c78ddafb
26e138fdc0bfc8426704b397141d563cf4d580a2	vendor/wrpc-sw/dev/storage-sfp.c	d7cca1874e1de3c80cd97cdea1a812df7c269aef	vendor/wrpc-sw/dev/storage-sfp.c	byte-identical	f5ca23531ddbe561cf98deb58c83524c7bcb9ecd4df9a798af26422d39873a4c
26e138fdc0bfc8426704b397141d563cf4d580a2	vendor/wrpc-sw/dev/storage-w1.c	e0897d11566fa2496eed51c4529ae2f0635afb6d	vendor/wrpc-sw/dev/storage-w1.c	byte-identical	b0ad8b31b7756e2ae77820759bb83a87c74c9600afd4cc456d10126e257c7002
26e138fdc0bfc8426704b397141d563cf4d580a2	vendor/wrpc-sw/dev/storage.c	5558274c76a963c28ada6590f027983b319c83d6	vendor/wrpc-sw/dev/storage.c	byte-identical	c77d2aab1fd4db1e449999e4152fae2674230aac80a31a76ce746b1d5fa1f522
26e138fdc0bfc8426704b397141d563cf4d580a2	vendor/wrpc-sw/dev/syscon.c	a176dd5a603deb5005af3d037baaecaca850c2e7	vendor/wrpc-sw/dev/syscon.c	byte-identical	01311ac0dc5a4c7039faf0830c08c818e59cf17ca62b49de3b3cbcafbf77e9b0
26e138fdc0bfc8426704b397141d563cf4d580a2	vendor/wrpc-sw/dev/temp-fake.c	841d84a752bb2016d9645512b481c4695effaae7	vendor/wrpc-sw/dev/temp-fake.c	byte-identical	f8283ca097350a64e794513bc8bcfab8d5fbaf722ad572176f10440a84c733f2
26e138fdc0bfc8426704b397141d563cf4d580a2	vendor/wrpc-sw/dev/temp-w1.c	1d50fded3b865b5c4ec8c71101ae6484d0e508ea	vendor/wrpc-sw/dev/temp-w1.c	byte-identical	b17106118a6b540c4c8ee202dc1c6d05b9c59d83d67f3a0461a1d9c9282d2f0f
26e138fdc0bfc8426704b397141d563cf4d580a2	vendor/wrpc-sw/dev/temperature.c	9c29b205411487e2908223691bfb388e909dc1a4	vendor/wrpc-sw/dev/temperature.c	byte-identical	57a88fb221668c5cdd1b92176deb94a474b771f73150a17d26e4d475143c1ea7
26e138fdc0bfc8426704b397141d563cf4d580a2	vendor/wrpc-sw/dev/timer-wrs.c	788c7457e3534be560deca4aaa77ca8f34d8093b	vendor/wrpc-sw/dev/timer-wrs.c	byte-identical	80682e8c9d43d877a548b17566d915cec78895592c68a21203af5489da2a027c
26e138fdc0bfc8426704b397141d563cf4d580a2	vendor/wrpc-sw/dev/w1-eeprom.c	4f7d0bf8de7706f98d9f13a9fbb5f6340fd2337c	vendor/wrpc-sw/dev/w1-eeprom.c	byte-identical	5192167e1383a8107922cc59ef495070ccbca718673b696f5c39ef4bab159987
26e138fdc0bfc8426704b397141d563cf4d580a2	vendor/wrpc-sw/dev/w1-hw.c	eec4f2bac1a8d1cd53b92ebbe14fda734510f4f7	vendor/wrpc-sw/dev/w1-hw.c	byte-identical	a3ee5b680156a569eee4643f9e184de350d7561fddddab8e0c0e44621deb7aa0
26e138fdc0bfc8426704b397141d563cf4d580a2	vendor/wrpc-sw/dev/w1-shell.c	4c695e5f8d67e4cec1e206a2478f27664d23ba08	vendor/wrpc-sw/dev/w1-shell.c	byte-identical	aab198662740c443f3c92ebc925ea8e938471590304a43610da82109c109b4cf
26e138fdc0bfc8426704b397141d563cf4d580a2	vendor/wrpc-sw/dev/w1-temp.c	c8aabd58f310ec5a4d6189ed7cc9febcf865ef40	vendor/wrpc-sw/dev/w1-temp.c	byte-identical	25a511f409a5978926514dd48a7ecd42557e95cf1d7c7d8cb4d15bec0cce54a5
26e138fdc0bfc8426704b397141d563cf4d580a2	vendor/wrpc-sw/dev/w1.c	8e15b722b9eabdc2e9cbab914129b74bcfe01a4c	vendor/wrpc-sw/dev/w1.c	byte-identical	6a89cf4d1188b0ed77c04d9606b68851077b3109ecaf6701f8bbdbc588a97bc8
26e138fdc0bfc8426704b397141d563cf4d580a2	vendor/wrpc-sw/dev/wdiags.c	cd8cc057e27598bc861474dd718efc6367fe3298	vendor/wrpc-sw/dev/wdiags.c	byte-identical	b4cd975a3b5c036b4fa644ebbd70ac21fc5d6c82393c5163dce22b7088eb7e79
26e138fdc0bfc8426704b397141d563cf4d580a2	vendor/wrpc-sw/doc/.gitignore	5d4c9bf9941e6220bea84080ae2d637b83cf4368	vendor/wrpc-sw/doc/.gitignore	byte-identical	0afdb9f05fb2260380a11235fc49bd87b45c37d00bc7d6942312c303c92225ea
26e138fdc0bfc8426704b397141d563cf4d580a2	vendor/wrpc-sw/doc/HDLdoc/Makefile	b4f9c301851638cf0eb719c35afa988384a9c81b	vendor/wrpc-sw/doc/HDLdoc/Makefile	byte-identical	bf6af61a2c1eaf7ecec6bc521e1233b6e5fcb9917143fdfde75414cbde6bd0ae
26e138fdc0bfc8426704b397141d563cf4d580a2	vendor/wrpc-sw/doc/HDLdoc/aux_clocks.tex	a9fa11b8be11d5d785f50db54ab5be458184d421	vendor/wrpc-sw/doc/HDLdoc/aux_clocks.tex	byte-identical	b0e9744b0eabe68c9366dfeaa44fc7ae6e49b32e6e6ff33ebc4be6fc4d13dabf
26e138fdc0bfc8426704b397141d563cf4d580a2	vendor/wrpc-sw/doc/HDLdoc/aux_diag.tex	1ef97b7bc54f097fafe448ef58d742ae8e250aa8	vendor/wrpc-sw/doc/HDLdoc/aux_diag.tex	byte-identical	cdc7fc848e0b9c46b9c723a3fd76d806d4025bab2baae019274b138594bc4170
26e138fdc0bfc8426704b397141d563cf4d580a2	vendor/wrpc-sw/doc/HDLdoc/fabric.tex	2924d73599a67fb50156457ae11b70a41e01bf25	vendor/wrpc-sw/doc/HDLdoc/fabric.tex	byte-identical	6d929534794380116e12ddda2a7ae11304283b3b84143ee89b3000a2a2cb67e5
26e138fdc0bfc8426704b397141d563cf4d580a2	vendor/wrpc-sw/doc/HDLdoc/intro.tex	150f04eb0ca5da4a4c0466643f5a30ad0ea9c56a	vendor/wrpc-sw/doc/HDLdoc/intro.tex	byte-identical	d5af9ed12b8010db2859b997b82ed14e92d3a14f6f685501cb142728b0d5d09e
26e138fdc0bfc8426704b397141d563cf4d580a2	vendor/wrpc-sw/doc/HDLdoc/periph.tex	54879d4fb16bc1c8d229e6e57ba6cb469c430032	vendor/wrpc-sw/doc/HDLdoc/periph.tex	byte-identical	dd503b72c8595f009797c80ddc749e07af8c1900484b9823a7932ca2b03d5574
26e138fdc0bfc8426704b397141d563cf4d580a2	vendor/wrpc-sw/doc/HDLdoc/phyif.tex	0330c79d5a2fd652d8701d1b6617e7886fb9c0cd	vendor/wrpc-sw/doc/HDLdoc/phyif.tex	byte-identical	e9f73f0fd0332fd38f570636878def1f87f7631f94eb46cf49b16ab552d979b9
26e138fdc0bfc8426704b397141d563cf4d580a2	vendor/wrpc-sw/doc/HDLdoc/timecode.tex	affa180a36888f0a5eb6108783dff1db9146040f	vendor/wrpc-sw/doc/HDLdoc/timecode.tex	byte-identical	b48fc8e3ac7be2c695697a42e08e575208473c1589ee2bd74e84972567d40803
26e138fdc0bfc8426704b397141d563cf4d580a2	vendor/wrpc-sw/doc/HDLdoc/txts.tex	63eb980089d602f3d133336e57a56c125f729270	vendor/wrpc-sw/doc/HDLdoc/txts.tex	byte-identical	78b8a8b722bdb45dc5feeabf36f58baf7afa9de0e844ead8b1596f1a18b58c3e
26e138fdc0bfc8426704b397141d563cf4d580a2	vendor/wrpc-sw/doc/HDLdoc/wb.tex	14eb92265c208c7872833e7ce38f2cff092ddc5d	vendor/wrpc-sw/doc/HDLdoc/wb.tex	byte-identical	3845a8e37afc43b466df16bce8b204446ada030b47f8686c9e87af58a960fb4b
26e138fdc0bfc8426704b397141d563cf4d580a2	vendor/wrpc-sw/doc/HDLdoc/wrc_board.tex	70c4cec0499802774f8a20489e889541598f1db9	vendor/wrpc-sw/doc/HDLdoc/wrc_board.tex	byte-identical	acee0c61f628f08c857746218342e7fd2846efa0418248e17a7b1a6f82a5f063
26e138fdc0bfc8426704b397141d563cf4d580a2	vendor/wrpc-sw/doc/HDLdoc/wrc_core.tex	1fc137036efab4beee29c753d9e9355851b2e9e5	vendor/wrpc-sw/doc/HDLdoc/wrc_core.tex	byte-identical	bb4bd409651501569169059acbd3e7fc53f9471c87240b271d80464d77640605
26e138fdc0bfc8426704b397141d563cf4d580a2	vendor/wrpc-sw/doc/HDLdoc/wrc_generics.tex	37f5f3ff22270a7e39e53cac099e36e32b57c608	vendor/wrpc-sw/doc/HDLdoc/wrc_generics.tex	byte-identical	0b20241cd0220df4df57a3fe7a76730a7ff331d339af6b59c0ae3f0b970512cd
26e138fdc0bfc8426704b397141d563cf4d580a2	vendor/wrpc-sw/doc/HDLdoc/wrc_platform.tex	7ee30b913ec04b98c9d63206c8bb4725589fe5e9	vendor/wrpc-sw/doc/HDLdoc/wrc_platform.tex	byte-identical	02dda44ac802edbbb8388232f483cbe7026c64f55f069a4e8a9abd74d8e5ec3d
26e138fdc0bfc8426704b397141d563cf4d580a2	vendor/wrpc-sw/doc/HDLdoc/wrc_ports.tex	0ca1a73a70ee0f8d87fdce3b91b65049dd981d53	vendor/wrpc-sw/doc/HDLdoc/wrc_ports.tex	byte-identical	52432578e00fd469ee99e86b482a79e96b9c14c1ff1892a258a11f5aefb1523a
26e138fdc0bfc8426704b397141d563cf4d580a2	vendor/wrpc-sw/doc/Makefile	90a821147dc858ba9a2edf9a0feada63fcc92c77	vendor/wrpc-sw/doc/Makefile	byte-identical	d7629f4406e9ff5b00202a6c94684cc62eca5eeeeee9dde5ac4af917ce41bc41
26e138fdc0bfc8426704b397141d563cf4d580a2	vendor/wrpc-sw/doc/fig/basic_top.pdf	d16a122ffaa5dc9fcc441bb66515ea806875a176	vendor/wrpc-sw/doc/fig/basic_top.pdf	byte-identical	81db92cc1196fd9e17669836431ac0b28f61a2245cd4e212b3cbd9844f143c78
26e138fdc0bfc8426704b397141d563cf4d580a2	vendor/wrpc-sw/doc/fig/basic_wrf_cycle.pdf	2259279006eb3c98d535c149c5f843c53f489358	vendor/wrpc-sw/doc/fig/basic_wrf_cycle.pdf	byte-identical	6b6fd865ae78e1a8324927f5086ea177a1c5e22569cbbff0b75d69dd592cbb7f
26e138fdc0bfc8426704b397141d563cf4d580a2	vendor/wrpc-sw/doc/fig/basic_wrf_cycle_err.pdf	73c63ee6a8248ec4ce16dee21512de1372bd5b2a	vendor/wrpc-sw/doc/fig/basic_wrf_cycle_err.pdf	byte-identical	b30fe12707d8090147eae379bfb3242637ef8d5c4cedd67b144b11c2fb1c2873
26e138fdc0bfc8426704b397141d563cf4d580a2	vendor/wrpc-sw/doc/fig/basic_wrf_cycle_sel.pdf	31a51d9a295ef69cf28b5a3f5416fba3ce94a849	vendor/wrpc-sw/doc/fig/basic_wrf_cycle_sel.pdf	byte-identical	dee5f26af3674515f31e3cc54889e778e312e700bb3c8f89f6bc1702df9acbb9
26e138fdc0bfc8426704b397141d563cf4d580a2	vendor/wrpc-sw/doc/fig/basic_wrf_cycle_simple.pdf	96feb37c7c441a56f0554b72aa03808d79ead822	vendor/wrpc-sw/doc/fig/basic_wrf_cycle_simple.pdf	byte-identical	c40f63ac0b79b0537af1b1a9d406c7511b40a8d27deea3b5ecf9f135aadfec36
26e138fdc0bfc8426704b397141d563cf4d580a2	vendor/wrpc-sw/doc/fig/basic_wrf_data.pdf	9613f97d3efc1180ac23ee10b3c09e67042b5e5d	vendor/wrpc-sw/doc/fig/basic_wrf_data.pdf	byte-identical	ee3b6bc2fe0156d01fc346582ec5727d8617073a3866a89bb7bd67e9c33abdab
26e138fdc0bfc8426704b397141d563cf4d580a2	vendor/wrpc-sw/doc/fig/oob_rx.pdf	ecbe7afc73084837c1949936b92840fd26321cc5	vendor/wrpc-sw/doc/fig/oob_rx.pdf	byte-identical	59067294259962c77650e15f070ba9d61bd28d8b72de6ddddfbeec80afaef89f
26e138fdc0bfc8426704b397141d563cf4d580a2	vendor/wrpc-sw/doc/fig/oob_tx.pdf	0b94ba349305e0587eca7249e4ae0aa7bbb8b196	vendor/wrpc-sw/doc/fig/oob_tx.pdf	byte-identical	5b71bff93d8e489fd4a6be4e899baa7e27fc8180a0d15ff7795c01db83362739
26e138fdc0bfc8426704b397141d563cf4d580a2	vendor/wrpc-sw/doc/fig/status.pdf	4b7580ef64bb166d39244273a6b5fcec238558c0	vendor/wrpc-sw/doc/fig/status.pdf	byte-identical	ce3dc9221b25a307a15329eb0d72f08f5c5e3226f8f7f6b6a2ac96ccf334bbb6
26e138fdc0bfc8426704b397141d563cf4d580a2	vendor/wrpc-sw/doc/fig/wrpc_board.pdf	0a9bbcf2227b0bef0fbfad7093e2e605b951bffb	vendor/wrpc-sw/doc/fig/wrpc_board.pdf	byte-identical	c0116978bbb49d40a8775d9fd832f735b72decd07cd466c79ee20641bcf0b464
26e138fdc0bfc8426704b397141d563cf4d580a2	vendor/wrpc-sw/doc/fig/wrpc_board.svg	c325803795efa83c023d553a9cb3653886f6b822	vendor/wrpc-sw/doc/fig/wrpc_board.svg	byte-identical	da24306856c1d72e4efadbf2b627b3b916e56bb03218ca8fc9a6c7b4bc8d13ea
26e138fdc0bfc8426704b397141d563cf4d580a2	vendor/wrpc-sw/doc/wbgen/wr_streamers_wb.tex	5b0e4d352e2722f28e33893c22a6745b3bc2bd16	vendor/wrpc-sw/doc/wbgen/wr_streamers_wb.tex	byte-identical	8fef503056cce580becc03b2670849d7d542b50eddfdb65c3015149d2a5cf991
26e138fdc0bfc8426704b397141d563cf4d580a2	vendor/wrpc-sw/doc/wbgen/wrc_diags.tex	860c83292dbbae4d5b867f2af4c6b8e42b238002	vendor/wrpc-sw/doc/wbgen/wrc_diags.tex	byte-identical	1c7bce094b47ae206863faf9e2ac1aced007b7f31ec1a889655a60b24c1cce45
26e138fdc0bfc8426704b397141d563cf4d580a2	vendor/wrpc-sw/doc/wrpc.tex	8f285238649b8c67e4f07a201f0cef4d304f6af3	vendor/wrpc-sw/doc/wrpc.tex	byte-identical	5bc263f4deb5d0d607d37a917d4501a4762f55e13b482f0b83393efe8ffa7544
26e138fdc0bfc8426704b397141d563cf4d580a2	vendor/wrpc-sw/doc/wrpc_failures/.gitignore	e0a4e5edd7695b4691540d3e20cea00926ce90d1	vendor/wrpc-sw/doc/wrpc_failures/.gitignore	byte-identical	59170b12cd7d86285c0770c2e335a868ea02729a262903a38b07336166fc995b
26e138fdc0bfc8426704b397141d563cf4d580a2	vendor/wrpc-sw/doc/wrpc_failures/Makefile	f630976715340d116ea5674cc2cb5fdc5416bb7a	vendor/wrpc-sw/doc/wrpc_failures/Makefile	byte-identical	f4df49ad8513a326bdf77ce9da6d0350f0e7f63e7a3ca25b7deda23995609c56
26e138fdc0bfc8426704b397141d563cf4d580a2	vendor/wrpc-sw/doc/wrpc_failures/fail.tex	f0bfe14779f4583c82fb5dc26bbd9a9c4e2a8894	vendor/wrpc-sw/doc/wrpc_failures/fail.tex	byte-identical	fee9ff809bdd7af77ab8bee8214c8e91c04036b15adf413f235ac497b8092408
26e138fdc0bfc8426704b397141d563cf4d580a2	vendor/wrpc-sw/doc/wrpc_failures/img/WRlogo.pdf	12c2c25465f2d68ae915aa518dd3680da0b6f633	vendor/wrpc-sw/doc/wrpc_failures/img/WRlogo.pdf	byte-identical	21d7995d681d3f97f0af84d05f05c5385d365c0a07948d8fba88e5e5bbd2940c
26e138fdc0bfc8426704b397141d563cf4d580a2	vendor/wrpc-sw/doc/wrpc_failures/intro.tex	4cd5fc7724b03a6d649c68570dfbf49a824a14d6	vendor/wrpc-sw/doc/wrpc_failures/intro.tex	byte-identical	90461a5dc7270d3c6bae8ca5e028ebae52c6b98cab06f9b172296bbe86258d10
26e138fdc0bfc8426704b397141d563cf4d580a2	vendor/wrpc-sw/doc/wrpc_failures/snmp_exports.tex	d56b0136b5c5f79e6a3aae95ca262873b51e8ab0	vendor/wrpc-sw/doc/wrpc_failures/snmp_exports.tex	byte-identical	c124cab5836eab1387573e82b0110e2d7bbe3c0a957d2a065d0b648cb7a01592
26e138fdc0bfc8426704b397141d563cf4d580a2	vendor/wrpc-sw/doc/wrpc_failures/snmp_objects.tex	db32f738fe7060ca220cfbe87c57abb485c2fc48	vendor/wrpc-sw/doc/wrpc_failures/snmp_objects.tex	byte-identical	e04e99ec0430e80c002e2ba7d61a085510ba736162e49625569c786207770118
26e138fdc0bfc8426704b397141d563cf4d580a2	vendor/wrpc-sw/doc/wrpc_failures/wrpc_failures.tex	176af9b126c911e7e41f89514d856dc76431ecec	vendor/wrpc-sw/doc/wrpc_failures/wrpc_failures.tex	byte-identical	c1e89b878026a34655883ef80240a01d618ce47ce8bd4136f96f3e99e7d900a0
26e138fdc0bfc8426704b397141d563cf4d580a2	vendor/wrpc-sw/doc/wrpc_mon.png	5d113b85949bd873e9c16e14093466063ddbde5e	vendor/wrpc-sw/doc/wrpc_mon.png	byte-identical	99587c22db3f7a98255c6e9a1882fdad9d34b05c550f5373d6dcdd4e7c74a4b4
26e138fdc0bfc8426704b397141d563cf4d580a2	vendor/wrpc-sw/dump-info.c	f934667b310f26906a2e1845372cf3927761228d	vendor/wrpc-sw/dump-info.c	byte-identical	2090a5fcddcb628b401b9b6a061b3b181350b17cd88d3930510f48dbad8e0e42
26e138fdc0bfc8426704b397141d563cf4d580a2	vendor/wrpc-sw/gitmodules	e69de29bb2d1d6434b8b29ae775ad8c2e48c5391	vendor/wrpc-sw/gitmodules	byte-identical	e3b0c44298fc1c149afbf4c8996fb92427ae41e4649b934ca495991b7852b855
26e138fdc0bfc8426704b397141d563cf4d580a2	vendor/wrpc-sw/host/fake-flash.c	688efafe6e824832c18e54eef7da38dcb6560027	vendor/wrpc-sw/host/fake-flash.c	byte-identical	dd36cdd6b4a047c95d4450e2f6164105755715289b8c0a1a14334e3e860d552d
26e138fdc0bfc8426704b397141d563cf4d580a2	vendor/wrpc-sw/host/fake-hw.c	ec6e6a0d3279447b61e5bc812b888150a4de62f0	vendor/wrpc-sw/host/fake-hw.c	byte-identical	a3d8045716f22fa1672ec2f82ea9b168112bbab12fae90103c80a5595d543bb3
26e138fdc0bfc8426704b397141d563cf4d580a2	vendor/wrpc-sw/host/fake-i2c.c	177b3a413f4abcca9d5eaa73d3969ef8be8f7fe6	vendor/wrpc-sw/host/fake-i2c.c	byte-identical	d95a937a482369ef2470d6ab1e0375f6468514c757fc213f6629b6d876e819ae
26e138fdc0bfc8426704b397141d563cf4d580a2	vendor/wrpc-sw/host/fake-w1.c	c370c98cc72b5f77000c736adfbcc8f7751d6b96	vendor/wrpc-sw/host/fake-w1.c	byte-identical	964cfb2ee17f39b3cde088c59510e8cf2db6e354750726c3f4d624110fcdf247
26e138fdc0bfc8426704b397141d563cf4d580a2	vendor/wrpc-sw/host/host.h	dfbdaa1bdb1180cdabbe53b74210d8363b0c0aef	vendor/wrpc-sw/host/host.h	byte-identical	59bbcfe7e188f6989f3037b7224246ed89b1eb1bb0e51897691e7eba2853d652
26e138fdc0bfc8426704b397141d563cf4d580a2	vendor/wrpc-sw/host/host.mk	0a7130d27227a6205f311b5fadc95c1bc4ff64ac	vendor/wrpc-sw/host/host.mk	byte-identical	57c84f5c4667519b7a6cc5a903f11963109804cdda781606aca460b99c658d1a
26e138fdc0bfc8426704b397141d563cf4d580a2	vendor/wrpc-sw/host/misc.c	e6adee6524962cdfce7d35a70851cc304f129b29	vendor/wrpc-sw/host/misc.c	byte-identical	63c4bf9012db484f7e403e2b59fb85de5f76c668ec0a88dc7c915bdc3c5ea3a0
26e138fdc0bfc8426704b397141d563cf4d580a2	vendor/wrpc-sw/host/ptp.c	0eeda7e606e42558c60dcbd8a0c02f96fc4fe8ce	vendor/wrpc-sw/host/ptp.c	byte-identical	47cf1938d59bef639131ea2861ed84205f877b11ce93cbcdfdef9aeae6931d30
26e138fdc0bfc8426704b397141d563cf4d580a2	vendor/wrpc-sw/host/socket.c	d0f2e9fca9236061a4030e38814abaf1a7cad69c	vendor/wrpc-sw/host/socket.c	byte-identical	6aadf35b3ab8ece175bff5139e549017a657e80e4f821ebc3c15cb17b25ccef4
26e138fdc0bfc8426704b397141d563cf4d580a2	vendor/wrpc-sw/host/spll.c	aa13222adcf33ed7ceb478672baabf0aac465955	vendor/wrpc-sw/host/spll.c	byte-identical	30052d0d1c21368f55bd7cd8d23fb2c8f87f68047ed1c949e8f1f214b50aee8f
26e138fdc0bfc8426704b397141d563cf4d580a2	vendor/wrpc-sw/include/assert.h	a365b65ff5a4317f58debf2173eef071c8814384	vendor/wrpc-sw/include/assert.h	byte-identical	c342b28b7b14dcf8a4928b19a1d38e92e4deb1cb5e2fdf62237cb16e835e1ae9
26e138fdc0bfc8426704b397141d563cf4d580a2	vendor/wrpc-sw/include/board.h	24094d3eec342530d99ff1e18a49420d77d14b2e	vendor/wrpc-sw/include/board.h	byte-identical	53d871e4708b53aa08665f10c20828379ff619d8e7b7afa8f77e10d0f8236e3f
26e138fdc0bfc8426704b397141d563cf4d580a2	vendor/wrpc-sw/include/dev/24aa025.h	67cf7fd82ff29e301066f44fbf30181e02622cb3	vendor/wrpc-sw/include/dev/24aa025.h	byte-identical	e4e173319d25277ecbd2480dfb27e056114f8b35f12d56554ec3907573d9b61b
26e138fdc0bfc8426704b397141d563cf4d580a2	vendor/wrpc-sw/include/dev/74x595.h	1afe3a042cde8687712d6b83a70d5e5c3724c09e	vendor/wrpc-sw/include/dev/74x595.h	byte-identical	9d651fd213570b4f01c63736e6db3ab562facb5ade4f74fa484199ea7ffb818c
26e138fdc0bfc8426704b397141d563cf4d580a2	vendor/wrpc-sw/include/dev/ad7888.h	8d17d04ca9f959ae05b78a088d6b53df44efcb8b	vendor/wrpc-sw/include/dev/ad7888.h	byte-identical	879fc09ee8511fac23b85b8da1140b2792ee5eb80ae9c9f4b82e27955fe98954
26e138fdc0bfc8426704b397141d563cf4d580a2	vendor/wrpc-sw/include/dev/ad951x.h	22635260d41024d931b33da9783ca7ade21f8915	vendor/wrpc-sw/include/dev/ad951x.h	byte-identical	a16f05b7555f758d1f3a98bf1af14097be0942fb44a1dc16b05e932a2ad22344
26e138fdc0bfc8426704b397141d563cf4d580a2	vendor/wrpc-sw/include/dev/ad9520.h	e4d0e1a3c32e45b1eaead6065e62e9da00783ca9	vendor/wrpc-sw/include/dev/ad9520.h	byte-identical	78542cceecc55dc544be02e02be936dfee16b4743ced2b7cdd522ef6fb2ca372
26e138fdc0bfc8426704b397141d563cf4d580a2	vendor/wrpc-sw/include/dev/ad9910.h	c044e58ea5c441c69338e17fd1fa569507a85327	vendor/wrpc-sw/include/dev/ad9910.h	byte-identical	f7894794a1b0d3de53110bc2a67aa27d3f7c37fcfa3f99639477b5bc08041104
26e138fdc0bfc8426704b397141d563cf4d580a2	vendor/wrpc-sw/include/dev/bb_i2c.h	9c2c9cd7c14dae6310770bcbe2f742eaa1ed407a	vendor/wrpc-sw/include/dev/bb_i2c.h	byte-identical	01712cd089c959389748b58d2faeda4dfea1c0fc54ef3e53b8ccaee644b3c494
26e138fdc0bfc8426704b397141d563cf4d580a2	vendor/wrpc-sw/include/dev/bb_spi.h	742a7b116c351bb544953f159625c6e7fbc3a808	vendor/wrpc-sw/include/dev/bb_spi.h	byte-identical	6bb4640dfe791d1aadf180191774156943809d598d6f750cdc70b6570480d5a2
26e138fdc0bfc8426704b397141d563cf4d580a2	vendor/wrpc-sw/include/dev/clock_monitor.h	8ba97b539efd02a8fcdfd60d3a3df8339a3be851	vendor/wrpc-sw/include/dev/clock_monitor.h	byte-identical	d6255d23945d4d5020ed5e4842c1e4287a535ec2ac080400c1183e4048600f46
26e138fdc0bfc8426704b397141d563cf4d580a2	vendor/wrpc-sw/include/dev/console-uart.h	c535a449449da5842e8322a5ebda145eff5e7c24	vendor/wrpc-sw/include/dev/console-uart.h	byte-identical	b024bf0cf2e7d21643c9c84f0d7a2cf63cea19235db327853f6232266ac7ec93
26e138fdc0bfc8426704b397141d563cf4d580a2	vendor/wrpc-sw/include/dev/console.h	0da9e1bf2c218d2cfd82b303d1f28c5546d05c77	vendor/wrpc-sw/include/dev/console.h	byte-identical	1a1e2f55610ae82ca4a2f86ac3f38bb881b346f791885949d46487dfcbf59b18
26e138fdc0bfc8426704b397141d563cf4d580a2	vendor/wrpc-sw/include/dev/dac_log.h	a7d59e05f9edd4656ce2db0a1d0702f6689ae95b	vendor/wrpc-sw/include/dev/dac_log.h	byte-identical	e5761f3e6dc5b6b4b7d898ba20813e6b41ceeef5d665fb70b293ca06ccd44bb7
26e138fdc0bfc8426704b397141d563cf4d580a2	vendor/wrpc-sw/include/dev/endpoint.h	28088448322220c37daf4f814835439a565e4f26	vendor/wrpc-sw/include/dev/endpoint.h	byte-identical	e6aef08c28535628415087a02d93ba998d7cd0655da171b1d6c60943f83644d1
26e138fdc0bfc8426704b397141d563cf4d580a2	vendor/wrpc-sw/include/dev/etherbone.h	3e26b932bcc550fefaa08a8295bade84c43e60ac	vendor/wrpc-sw/include/dev/etherbone.h	byte-identical	3eed04bfa148630ca6825627fb5989b010de57e630abffb9cfcf932900c6631f
26e138fdc0bfc8426704b397141d563cf4d580a2	vendor/wrpc-sw/include/dev/fine_pulse_generator.h	c304c4130ba12ad8d55c76824f719034473a920a	vendor/wrpc-sw/include/dev/fine_pulse_generator.h	byte-identical	536f44e496f1655788ce463da384af48652a3239ee21ca18fc77df88e44b4831
26e138fdc0bfc8426704b397141d563cf4d580a2	vendor/wrpc-sw/include/dev/flash.h	e8a51f9e3883e8d2441758897e6f05dbe69f2ff9	vendor/wrpc-sw/include/dev/flash.h	byte-identical	695352e627977c82cc7f44863a78c1c0b1bcd57cf36a35ade24bb4a2599675f6
26e138fdc0bfc8426704b397141d563cf4d580a2	vendor/wrpc-sw/include/dev/fram.h	fa5798998b06c4852c8f86fa973a77144c8ff4e4	vendor/wrpc-sw/include/dev/fram.h	byte-identical	9be57989486be1eca3988c8b12f00f81a8f0562e0d22cbc9a3acda337bc3d298
26e138fdc0bfc8426704b397141d563cf4d580a2	vendor/wrpc-sw/include/dev/gpio.h	9c1896d4041403d6e411828013241a4e3bc2f671	vendor/wrpc-sw/include/dev/gpio.h	byte-identical	475e9d11ad48c034712ab178a41fe88f49370a8b0bea0a880d26acbba40ea7ff
26e138fdc0bfc8426704b397141d563cf4d580a2	vendor/wrpc-sw/include/dev/i2c.h	d271c4ff4ef7ada91acd2b9363a52c6d00be90d6	vendor/wrpc-sw/include/dev/i2c.h	byte-identical	ed3c457bb03c2bd28fb1043313b25e8fa79c4460d2fb70b7113ee7ec3abc07c6
26e138fdc0bfc8426704b397141d563cf4d580a2	vendor/wrpc-sw/include/dev/i2c_eeprom.h	13d8f954e0a64ff8deea0d7dd730e4895be95cf9	vendor/wrpc-sw/include/dev/i2c_eeprom.h	byte-identical	3a9014e795a27ec00b90188a2e61914149fd9c41a0efe4ae565b7f6a8cbea19c
26e138fdc0bfc8426704b397141d563cf4d580a2	vendor/wrpc-sw/include/dev/iuart.h	978b96aa3457fb4b89689c05c376e75652355d0e	vendor/wrpc-sw/include/dev/iuart.h	byte-identical	18c9e1ed0c7bafbef8fbd29f90bf706951ce3f6ec6ee7586df25fb8e994abc98
26e138fdc0bfc8426704b397141d563cf4d580a2	vendor/wrpc-sw/include/dev/leds.h	7db786f293409480a74f73485efad0ad9082d757	vendor/wrpc-sw/include/dev/leds.h	byte-identical	04fbdf15f3b61a4053a370ce368b317a87d19a79b7ad1e08cbc5104df9d6c97d
26e138fdc0bfc8426704b397141d563cf4d580a2	vendor/wrpc-sw/include/dev/ltc695x.h	051b8304d313f8f5bef038c25395a9b2da7393f5	vendor/wrpc-sw/include/dev/ltc695x.h	byte-identical	06cf6f4fb50337d32f89a938272ffe5dfa33e39dc9d07d5ae40218a55cbc9b33
26e138fdc0bfc8426704b397141d563cf4d580a2	vendor/wrpc-sw/include/dev/minic.h	3dc2be3c850a5821f877e3bacd848c3afdbb4102	vendor/wrpc-sw/include/dev/minic.h	byte-identical	618bcb38417d17e5fc118eec85264107ba1837f7e7382707ba21bbfbbaf0a427
26e138fdc0bfc8426704b397141d563cf4d580a2	vendor/wrpc-sw/include/dev/netif.h	bfc3f36ffd27f4bf3100326c5da3cfbe56605205	vendor/wrpc-sw/include/dev/netif.h	byte-identical	b930c0bf99537ef66c39efa15b57ee2c2939c528cd069e8d16902bfd2d278358
26e138fdc0bfc8426704b397141d563cf4d580a2	vendor/wrpc-sw/include/dev/pps_gen.h	f758d48f9d4e280c7340502f82a43d544092228e	vendor/wrpc-sw/include/dev/pps_gen.h	byte-identical	4286746bcd2e45a68678f8eebeb54601a813f2b6d1188f9554663539126a6550
26e138fdc0bfc8426704b397141d563cf4d580a2	vendor/wrpc-sw/include/dev/rxts_calibrator.h	aeabf8ca388f35ee0433cda13386fed24ff5cd74	vendor/wrpc-sw/include/dev/rxts_calibrator.h	byte-identical	9afacbb062241b9b31a40bab6e8d7e935a1ef058ad2707944793c9665f06709c
26e138fdc0bfc8426704b397141d563cf4d580a2	vendor/wrpc-sw/include/dev/si57x.h	5ae08a61a7c738506c276671d25c35a63345b50c	vendor/wrpc-sw/include/dev/si57x.h	byte-identical	699ea09300a5b159a1e524d743b01b64525783b707d40c911519924032047ef6
26e138fdc0bfc8426704b397141d563cf4d580a2	vendor/wrpc-sw/include/dev/simple_uart.h	5fe36504b0bb5f775541ff3b42fc058f6474f4f1	vendor/wrpc-sw/include/dev/simple_uart.h	byte-identical	d996e7744c4929ce1a01fbbcbb321997551f516d9f0e41f830bae7a1058013b0
26e138fdc0bfc8426704b397141d563cf4d580a2	vendor/wrpc-sw/include/dev/spi_flash.h	dd363104a1ce128a4ae6513052fe4af803b453e1	vendor/wrpc-sw/include/dev/spi_flash.h	byte-identical	78f6db1dedcb1d19411a87a553853a89da075f715c286201f94b8a39df9c84db
26e138fdc0bfc8426704b397141d563cf4d580a2	vendor/wrpc-sw/include/dev/syscon.h	7cbd6dd712f1e5eafd86d4024a947dae2998cf27	vendor/wrpc-sw/include/dev/syscon.h	byte-identical	6ebe32fcd96bed5d3a6e6376a84f9f3de85724074e25e545a1cb08afb19efed9
26e138fdc0bfc8426704b397141d563cf4d580a2	vendor/wrpc-sw/include/dev/temp-fake.h	0fabd2ea1df21122c8422561af3f7406a45f2b83	vendor/wrpc-sw/include/dev/temp-fake.h	byte-identical	9aea3dd43d04e2672779077e49e289f01fd4f5b6aa288b6c95045ecaa97935de
26e138fdc0bfc8426704b397141d563cf4d580a2	vendor/wrpc-sw/include/dev/temp-w1.h	3edc910c5820c6152597960d11c9729c660d13ad	vendor/wrpc-sw/include/dev/temp-w1.h	byte-identical	cf6869073422d6d542b806db3ffb50f96c13016f6f8b209793f416fd019ecbaa
26e138fdc0bfc8426704b397141d563cf4d580a2	vendor/wrpc-sw/include/dev/temperature.h	1183558f5e4527db45d2b21b703760b2406cc991	vendor/wrpc-sw/include/dev/temperature.h	byte-identical	c684a6394557fd848ce465cc35e7eb1547f93828a5eef194402d4a3ea4f26ea1
26e138fdc0bfc8426704b397141d563cf4d580a2	vendor/wrpc-sw/include/dev/w1.h	f06be67007b241d5239baca5a2246843c630c59b	vendor/wrpc-sw/include/dev/w1.h	byte-identical	b197f68e5e933e6d76267c77ae41f37fb00b199cb329c41ced4bd0e0968be2e8
26e138fdc0bfc8426704b397141d563cf4d580a2	vendor/wrpc-sw/include/dev/wdiags.h	d76a36cd77043f51629dfd8323e9ad6f3c48a5cf	vendor/wrpc-sw/include/dev/wdiags.h	byte-identical	1aad772df144b917774e793a4fc03e13e37717d3ddc3e2c7cd138ce31c5fbe9a
26e138fdc0bfc8426704b397141d563cf4d580a2	vendor/wrpc-sw/include/dump-info.h	a9b350109e14154ef7db2ede63544371c7bea0c7	vendor/wrpc-sw/include/dump-info.h	byte-identical	b4f6925fd006ca0f3cd2a650983784624e90abdab83b7f5d006c9f05fa3cd167
26e138fdc0bfc8426704b397141d563cf4d580a2	vendor/wrpc-sw/include/endianness.h	6a4e7bd596d12d23a5d82ac81b115c3f519e0cb8	vendor/wrpc-sw/include/endianness.h	byte-identical	336c8971265904e08e8d4d20bc18955e89f0725239f9c8424a453b5277d2a160
26e138fdc0bfc8426704b397141d563cf4d580a2	vendor/wrpc-sw/include/hal_exports.h	e69de29bb2d1d6434b8b29ae775ad8c2e48c5391	vendor/wrpc-sw/include/hal_exports.h	byte-identical	e3b0c44298fc1c149afbf4c8996fb92427ae41e4649b934ca495991b7852b855
26e138fdc0bfc8426704b397141d563cf4d580a2	vendor/wrpc-sw/include/hw/build_cheby.sh	fa895e45e7a2ca28051fe24b020d33a91dec6ec6	vendor/wrpc-sw/include/hw/build_cheby.sh	byte-identical	8eaf23f360fd279e5d89c21e44e097c1dbf7716dfd693ebcc551982054b5088d
26e138fdc0bfc8426704b397141d563cf4d580a2	vendor/wrpc-sw/include/hw/clock_monitor_regs.h	7c15facebc8233f3fb2ca33a77858c479a174156	vendor/wrpc-sw/include/hw/clock_monitor_regs.h	byte-identical	7c845be1bd1f6bb9bf2b4949e9ecb3b0441770693f3d5b14c5dc85881c8c5fd2
26e138fdc0bfc8426704b397141d563cf4d580a2	vendor/wrpc-sw/include/hw/endpoint_regs.h	bf16f35fac793be22f9465216eb0842d97d6209a	vendor/wrpc-sw/include/hw/endpoint_regs.h	byte-identical	59553277f7a02e3c05834bb06ff7f53f7259f3aee074514c74893f146400be70
26e138fdc0bfc8426704b397141d563cf4d580a2	vendor/wrpc-sw/include/hw/ep_mdio_regs.h	0d87a037b7795c5e4e7979180d98131604b68723	vendor/wrpc-sw/include/hw/ep_mdio_regs.h	byte-identical	a3de21e66cf177f55a77ad807ade9e676206fa13076b1ebc2939affcb614c1e4
26e138fdc0bfc8426704b397141d563cf4d580a2	vendor/wrpc-sw/include/hw/etherbone-config.h	7683cd1f1f74827ce3b55864c96cd7798a4b0f59	vendor/wrpc-sw/include/hw/etherbone-config.h	byte-identical	57957206f7a865ff13b57878ed9ed3362c8fc5ceae2c5b04835d00ff80162f44
26e138fdc0bfc8426704b397141d563cf4d580a2	vendor/wrpc-sw/include/hw/lpdc_mdio_regs.h	374dbb1e3a5899b2aa5853752ed483ea23b016b6	vendor/wrpc-sw/include/hw/lpdc_mdio_regs.h	byte-identical	496011ac2a3bbeec346336ff66ac43d366b44e88b9f40bf2b1b49835dd53fb99
26e138fdc0bfc8426704b397141d563cf4d580a2	vendor/wrpc-sw/include/hw/minic_regs.h	286cd511f5ce22213526259d0cec83a14f1a54f2	vendor/wrpc-sw/include/hw/minic_regs.h	byte-identical	51fab88ab5d64cf06ba76667db43bb5056f2747d6c950eb564b053a379cc78d8
26e138fdc0bfc8426704b397141d563cf4d580a2	vendor/wrpc-sw/include/hw/pps_gen_regs.h	cc542f4424117bb71cd92fbff6aa3fb1a291a163	vendor/wrpc-sw/include/hw/pps_gen_regs.h	byte-identical	25c4cf8eeefd3db8e634225a9a98b099cd61982bc2d45fd20c9dd70da519506e
26e138fdc0bfc8426704b397141d563cf4d580a2	vendor/wrpc-sw/include/hw/rawmem.h	d1039b7d854fe059103a9c4441b4029a54a567e0	vendor/wrpc-sw/include/hw/rawmem.h	byte-identical	2810a115bbc839542e969ff3ca1e789b10f9708a0acac00a09600651ae6a946d
26e138fdc0bfc8426704b397141d563cf4d580a2	vendor/wrpc-sw/include/hw/si570_if_wb.h	3dba34be0c6c8d79daabd39ad0a2b46fd83587cf	vendor/wrpc-sw/include/hw/si570_if_wb.h	byte-identical	f420e4ad9f5b140bfe2056319f73ed6a95f488097f57faeaf661dcb87f1ce38b
26e138fdc0bfc8426704b397141d563cf4d580a2	vendor/wrpc-sw/include/hw/sockit_owm_regs.h	244728bf1928b0d6e87541b383011499128b10a4	vendor/wrpc-sw/include/hw/sockit_owm_regs.h	byte-identical	805e6ba31495836e1c1925c147998f8ccefffac1e0f5dd912d8b37d6fb870557
26e138fdc0bfc8426704b397141d563cf4d580a2	vendor/wrpc-sw/include/hw/softpll_regs.h	d4f39b03512b6440fdf8909f516c76dc4693b555	vendor/wrpc-sw/include/hw/softpll_regs.h	byte-identical	db74212cb9d7c55ef20ccde07c410eb386f0feb7fc0e4d912884f24c1fcd8d82
26e138fdc0bfc8426704b397141d563cf4d580a2	vendor/wrpc-sw/include/hw/wb_fpgen_regs.h	113185e518ae30b56a73f933157f8f89fa552be1	vendor/wrpc-sw/include/hw/wb_fpgen_regs.h	byte-identical	19f07651b6cfe8d435bd540cffb6623e68fa5d6abe631d30e7974f0a9acf3006
26e138fdc0bfc8426704b397141d563cf4d580a2	vendor/wrpc-sw/include/hw/wb_insn_uart.h	77315e8b302d347158ac757ef6f766e07a76d15f	vendor/wrpc-sw/include/hw/wb_insn_uart.h	byte-identical	acafbd4421c46a2f009aa19e44dac8fa767f4e2842bad6f38ca348e3673f3b35
26e138fdc0bfc8426704b397141d563cf4d580a2	vendor/wrpc-sw/include/hw/wb_uart.h	4d65c07e9959b8fae3c32d3a31f52c74a3c5605c	vendor/wrpc-sw/include/hw/wb_uart.h	byte-identical	c81c9171bafdfac82b7c733828954696252e85c2f58459c9a6e4f246fb988645
26e138fdc0bfc8426704b397141d563cf4d580a2	vendor/wrpc-sw/include/hw/wr_streamers.h	a31537999a4fc3fd0df2aa30175334905ad60f57	vendor/wrpc-sw/include/hw/wr_streamers.h	byte-identical	af6f8bea422989036087be52c724c546100dbd2189ac454bc6b5c00550e56846
26e138fdc0bfc8426704b397141d563cf4d580a2	vendor/wrpc-sw/include/hw/wrc_cpu_csr.h	81060f59bff16774b28c4cd39febf258411e7f33	vendor/wrpc-sw/include/hw/wrc_cpu_csr.h	byte-identical	2c064a1d674c2f417950721b861ed0042f04af8f907b0f2426b9ace3ab8ea629
26e138fdc0bfc8426704b397141d563cf4d580a2	vendor/wrpc-sw/include/hw/wrc_diags_regs.cheby	c79ea89e307a9115a78b7964e80a956d603506a3	vendor/wrpc-sw/include/hw/wrc_diags_regs.cheby	byte-identical	e5be25eec50a5f893a25420943ddb70bb927c25be250e82713966c07706a5eb8
26e138fdc0bfc8426704b397141d563cf4d580a2	vendor/wrpc-sw/include/hw/wrc_diags_regs.h	587a550ce442fe4474badbff6c4a9ad26c3751e0	vendor/wrpc-sw/include/hw/wrc_diags_regs.h	byte-identical	2d1876c021a76a9d1ababcd409f9ad9e370b1093c4f62c1c4a8d1288e16a28a6
26e138fdc0bfc8426704b397141d563cf4d580a2	vendor/wrpc-sw/include/hw/wrc_syscon_regs.h	a170f93c51041fdd48559df55ba8b93fd7f4e164	vendor/wrpc-sw/include/hw/wrc_syscon_regs.h	byte-identical	f5200bcdac0e05be7a745d191d1b52d3026a9db3d0c25e7d654953464877f8a4
26e138fdc0bfc8426704b397141d563cf4d580a2	vendor/wrpc-sw/include/irq.h	df66f845aef5f5b5a1ce2fe0583dd7aa3b173291	vendor/wrpc-sw/include/irq.h	byte-identical	fddcc119326536089a36763b5dbb3f9197427b01313c16c5dd4cd7a0120c0b5c
26e138fdc0bfc8426704b397141d563cf4d580a2	vendor/wrpc-sw/include/libsdbfs-freestanding.h	b7ac83a19f6c62be78d688255f38d295033eb040	vendor/wrpc-sw/include/libsdbfs-freestanding.h	byte-identical	23adea9f7bc0b1690e28fb0bf39744307deeb96adce7d6ae5f08e886a9016043
26e138fdc0bfc8426704b397141d563cf4d580a2	vendor/wrpc-sw/include/libsdbfs.h	143d58ba0c6628dffb8b23f90f5c7a71dc18d1ab	vendor/wrpc-sw/include/libsdbfs.h	byte-identical	0a736f3ef9678564d218c95b5f8467839d84aee1f29046cf53426ad84cac70a9
26e138fdc0bfc8426704b397141d563cf4d580a2	vendor/wrpc-sw/include/libwr/hal_shmem.h	8c7ec8e378e299fe62d9dfaa3f5a9af63690b9ee	vendor/wrpc-sw/include/libwr/hal_shmem.h	byte-identical	fe524c74f2ad031327e02600f41cd7193f6c014f96d93bb8ad86d8db9bbe9fce
26e138fdc0bfc8426704b397141d563cf4d580a2	vendor/wrpc-sw/include/libwr/sfp_lib.h	cd51fdef4c8b8280d6eaef6cafcc5ddccb6c1f56	vendor/wrpc-sw/include/libwr/sfp_lib.h	byte-identical	617e493cb72914f7e2901261aac2938b3d8a31c178bebe5a2f9210d6ca005ab2
26e138fdc0bfc8426704b397141d563cf4d580a2	vendor/wrpc-sw/include/libwr/shmem.h	d2f98946c91acd6ccc1b7a54feb56c468554edd6	vendor/wrpc-sw/include/libwr/shmem.h	byte-identical	63fc245c67e560ce9ca239fb8d8006b72fe21c4b95efbc0859a57b30c844d210
26e138fdc0bfc8426704b397141d563cf4d580a2	vendor/wrpc-sw/include/net.h	b3422c711560d00a43232c8a6421c348e58203a9	vendor/wrpc-sw/include/net.h	byte-identical	70c9e5238dfdf085f9988c5db9ed4e8f2ca315d998fb60a9298cf106515521f6
26e138fdc0bfc8426704b397141d563cf4d580a2	vendor/wrpc-sw/include/netconsole.h	e70497ac74bb862b4bb0cbc9ff3299f1a669680e	vendor/wrpc-sw/include/netconsole.h	byte-identical	58d35ab6b66eef257a2580575dfa951bee10a05f7e210737c80bbbba4183d0cc
26e138fdc0bfc8426704b397141d563cf4d580a2	vendor/wrpc-sw/include/revision.h	ba20ebf54e5e9b8abcb5b11e4d5f904e509605ce	vendor/wrpc-sw/include/revision.h	byte-identical	84f38a7ded26d9cc1dea205de802d5018dfdddb4cb255916bb2799d7b133b850
26e138fdc0bfc8426704b397141d563cf4d580a2	vendor/wrpc-sw/include/sdb.h	fbb76a46c8a58949de16941288f5cefc06e0d253	vendor/wrpc-sw/include/sdb.h	byte-identical	c5dff462ff3ef7626a1a2332e50214d8b4372b867f8cfe269d1748b655ace5e3
26e138fdc0bfc8426704b397141d563cf4d580a2	vendor/wrpc-sw/include/sensors.h	a16db678d515208a693d96da0b15158058004c9a	vendor/wrpc-sw/include/sensors.h	byte-identical	e720c7106cbb65ba7bd9acb3c095f632475afbf7b120e4dda44766c0ef7224b6
26e138fdc0bfc8426704b397141d563cf4d580a2	vendor/wrpc-sw/include/sfp.h	a18f7abd6b850a9d6450c9485034db284a78f509	vendor/wrpc-sw/include/sfp.h	byte-identical	5fab9b9f1ec73eeade5dfb7298ce552d20004831b0aed0041376c9cef5a42024
26e138fdc0bfc8426704b397141d563cf4d580a2	vendor/wrpc-sw/include/shell.h	69c7935aefe5b220a83e8b3d65b840fbe8e14d11	vendor/wrpc-sw/include/shell.h	byte-identical	e6fac5c08c7d7b0b0eec252bd72293d38efd9acbc64604f9abac646fcba913d4
26e138fdc0bfc8426704b397141d563cf4d580a2	vendor/wrpc-sw/include/spll_defs.h	140622b79fc049320abb101571581d853edf54c2	vendor/wrpc-sw/include/spll_defs.h	byte-identical	f5ca2578978a19e693fe286bfaef39b549fca4e1c8b0d8c28e19e18cb5ae4dc7
26e138fdc0bfc8426704b397141d563cf4d580a2	vendor/wrpc-sw/include/std/inttypes.h	e7c55f18a87d431e416110f3f4b36e3c4e7c92b5	vendor/wrpc-sw/include/std/inttypes.h	byte-identical	b38d1d258176494234ce5c46ad9d4b9b0eadb97f5843a7ebf412296b9e59221e
26e138fdc0bfc8426704b397141d563cf4d580a2	vendor/wrpc-sw/include/std/stdint.h	cb8a0f6a1c683b0b3bf1d76ff09211a202cdc5b1	vendor/wrpc-sw/include/std/stdint.h	byte-identical	9b335723d378a92f224f05b2c6f81ab38df4c23b54797d5ab02e03906afcb2a0
26e138fdc0bfc8426704b397141d563cf4d580a2	vendor/wrpc-sw/include/std/sys/types.h	18d646df8cb36f0694a9460276545d2011dc9f67	vendor/wrpc-sw/include/std/sys/types.h	byte-identical	9e2c2d380d223b1eb874712d92720d4cdbaaa92d28d5790295c0f7414fc17a18
26e138fdc0bfc8426704b397141d563cf4d580a2	vendor/wrpc-sw/include/std/unistd.h	f4ef9fbfbf63a3346b9cf3cf5d36126bf820b7ed	vendor/wrpc-sw/include/std/unistd.h	byte-identical	5689c81bb6356fb308b6f8266a521c5a49c09ee5ee44910f96b560d7ea9b8624
26e138fdc0bfc8426704b397141d563cf4d580a2	vendor/wrpc-sw/include/storage.h	07ccf51407b7bd61b2025830300531cc335c9e68	vendor/wrpc-sw/include/storage.h	byte-identical	0774f8339d699752ed24dcb2f980dd793fc127395dc7fcb1e321ecde1c64955b
26e138fdc0bfc8426704b397141d563cf4d580a2	vendor/wrpc-sw/include/system_checks.h	ad2f3b6b3988774fbfe37bc6cbb166b202fba4e3	vendor/wrpc-sw/include/system_checks.h	byte-identical	a8165f5f27bf2b92084beb276149ea66e5e065519db68169d25896b865ed4a86
26e138fdc0bfc8426704b397141d563cf4d580a2	vendor/wrpc-sw/include/trace.h	c549118b2fd7b17bd76160dbf992c68a02ea3c2b	vendor/wrpc-sw/include/trace.h	byte-identical	6599cfb5a2c8f5a22930eb95717e9a9aead44d3a22800bc654992a49d794da7b
26e138fdc0bfc8426704b397141d563cf4d580a2	vendor/wrpc-sw/include/util.h	9ca6e80bdc7e7b3a4a7dce6c8bc4b88bf5b9061a	vendor/wrpc-sw/include/util.h	byte-identical	535265829ad6959064d22fb0868f846168c9eeb6f8b6c7cc37c6c4f07a6788ad
26e138fdc0bfc8426704b397141d563cf4d580a2	vendor/wrpc-sw/include/wrc-debug.h	57195372c8eeeaa76653d31eea0b42a1b94f377d	vendor/wrpc-sw/include/wrc-debug.h	byte-identical	0b6beb5dde409372d3010ecb55d77ca3796021d4bf2e676c0c6cda21149e4acf
26e138fdc0bfc8426704b397141d563cf4d580a2	vendor/wrpc-sw/include/wrc-event.h	921bf303b8e37f40c6a49f5a34f5046d083d9b2e	vendor/wrpc-sw/include/wrc-event.h	byte-identical	7fb3d32968a58671fe72c82a8b4ace72c0ceebb372c3d35e277e12fb878f2665
26e138fdc0bfc8426704b397141d563cf4d580a2	vendor/wrpc-sw/include/wrc-task.h	d60e8a73b709758dce6fb00769667f77e74574d2	vendor/wrpc-sw/include/wrc-task.h	byte-identical	8670970bef58722fb7187ef7a4ee094e143b17e204cafcee8d05cc42d7faaa0a
26e138fdc0bfc8426704b397141d563cf4d580a2	vendor/wrpc-sw/include/wrc.h	c21045d29665c81bb1521cc440045369cdf571d7	vendor/wrpc-sw/include/wrc.h	byte-identical	79d14bff4d4153a504356fb376f451a61dfdc34b9b3f77c7e8385524fca99047
26e138fdc0bfc8426704b397141d563cf4d580a2	vendor/wrpc-sw/include/wrc_global.h	8fbb39d74bf07939cbf72d51bebc493dd8c3c13d	vendor/wrpc-sw/include/wrc_global.h	byte-identical	7406bcc48229e30fd8ee888c20d2a07c91d18411325faf05014f6d7aa674a652
26e138fdc0bfc8426704b397141d563cf4d580a2	vendor/wrpc-sw/ipc/minipc-int.h	f25c1e81e0706d408ad00f98719bdfa49c422da6	vendor/wrpc-sw/ipc/minipc-int.h	byte-identical	1aae867d3cfb984135ed5aa41af2ffd06c0e4d23a6ccf7fc9026fb56a60a8c5a
26e138fdc0bfc8426704b397141d563cf4d580a2	vendor/wrpc-sw/ipc/minipc-mem-server.c	076244381f077a59e2a7063b888b32e203bc9adc	vendor/wrpc-sw/ipc/minipc-mem-server.c	byte-identical	767ba827f51f04bfe76f3da96fea521a78af0569da4aebbedfce3895588d0629
26e138fdc0bfc8426704b397141d563cf4d580a2	vendor/wrpc-sw/ipc/minipc.h	bf500d198f98ec147b57c3e79473fa1cc2ed5652	vendor/wrpc-sw/ipc/minipc.h	byte-identical	e0a45a7b4ef7720717e0fccd17532486f2c4fa97f53986ac3b85c07439581a6b
26e138fdc0bfc8426704b397141d563cf4d580a2	vendor/wrpc-sw/ipc/rt_ipc.c	50b0fd75c864ff8e751d9c6f034ede49211e6449	vendor/wrpc-sw/ipc/rt_ipc.c	byte-identical	bfc80fee986bcbea8523bf4ee56c89ecc3166742d06909b80f58dee9c5270fdd
26e138fdc0bfc8426704b397141d563cf4d580a2	vendor/wrpc-sw/ipc/rt_ipc.h	1e7e153f3dc2f5b6429cc300b9bd638702f02db1	vendor/wrpc-sw/ipc/rt_ipc.h	byte-identical	1e047d30d98da8e5097c225cd79ce108ed6018a5d83084c046b680304afac4cb
26e138fdc0bfc8426704b397141d563cf4d580a2	vendor/wrpc-sw/lib/WR-WRPC-AUX-DIAG-MIB.txt	43139cd1332487099b5bc7b2a2aae98eec2f2d8e	vendor/wrpc-sw/lib/WR-WRPC-AUX-DIAG-MIB.txt	byte-identical	b4d6e7077b5dbd78707bea42ef7a54ca2df811003a67d75ff63115faaf41fcbb
26e138fdc0bfc8426704b397141d563cf4d580a2	vendor/wrpc-sw/lib/WR-WRPC-AUX-STREAMERS-MIB.txt	3da08c9bee8e0b47c2e9a2f55e9901859b35978f	vendor/wrpc-sw/lib/WR-WRPC-AUX-STREAMERS-MIB.txt	byte-identical	e0ad3226a169571636bcf5319f1fdee9e28c76e84884406cd92f61026903f84d
26e138fdc0bfc8426704b397141d563cf4d580a2	vendor/wrpc-sw/lib/WR-WRPC-MIB.txt	1ee4ea6e3fd981901ee668f46eb4241bf6988a05	vendor/wrpc-sw/lib/WR-WRPC-MIB.txt	byte-identical	7e88b3a2e036ba0abdcd7e09d896d1b467e301f60a81dae08cbf40bf2489aff4
26e138fdc0bfc8426704b397141d563cf4d580a2	vendor/wrpc-sw/lib/arp.c	7a1fdb6bc8ea58902354740ffcd22f0dcf400960	vendor/wrpc-sw/lib/arp.c	byte-identical	fa6efcbf593ecbe54eb103cca2d8fbf09c1ba015b6349b0eca70b3ce985e0401
26e138fdc0bfc8426704b397141d563cf4d580a2	vendor/wrpc-sw/lib/assert.c	5672ae70fc89551c8d5e82c6869a01f393cd1905	vendor/wrpc-sw/lib/assert.c	byte-identical	ff095bbcf01c83c5e8bb07a612993445fe2b82a402dd981f64260b8726fa5baa
26e138fdc0bfc8426704b397141d563cf4d580a2	vendor/wrpc-sw/lib/bootp.c	5be2d426ad2dfa8a7b6ca38dda0758a6cb61966a	vendor/wrpc-sw/lib/bootp.c	byte-identical	076545adc22457fd4581a26efac46791c447cec0148117ed3980923ec8b4e3d4
26e138fdc0bfc8426704b397141d563cf4d580a2	vendor/wrpc-sw/lib/event.c	eb89b3061aa287db0df6ba32baf998eb5d6926fe	vendor/wrpc-sw/lib/event.c	byte-identical	a05b88f5b2bfc865be416ce82d4b00766aec1083b98032baef85b68e2bc70328
26e138fdc0bfc8426704b397141d563cf4d580a2	vendor/wrpc-sw/lib/event.h	943ae56772f1d231e99b71bb0215f39f4b6e3e56	vendor/wrpc-sw/lib/event.h	byte-identical	61e5d6f0911ff03c36fa8327e655eb3553de9a132d74968a19282f397dc55330
26e138fdc0bfc8426704b397141d563cf4d580a2	vendor/wrpc-sw/lib/events-ptp.c	1c5e4dc00ca4b770f4734a82a00fcf8e558feb6e	vendor/wrpc-sw/lib/events-ptp.c	byte-identical	0893f668f562df282acc37bfb0f21bffdef3572b517d24788afd07b55b19ef15
26e138fdc0bfc8426704b397141d563cf4d580a2	vendor/wrpc-sw/lib/events-ptp.h	19535cf6ca776a04a45594155291465af223a3b7	vendor/wrpc-sw/lib/events-ptp.h	byte-identical	100dc0c283f1590728351903855a8525e673d613e1bbd16522b4177b8a46a98c
26e138fdc0bfc8426704b397141d563cf4d580a2	vendor/wrpc-sw/lib/icmp.c	54c19b67fa6bc90b702f01196990fbe754388e07	vendor/wrpc-sw/lib/icmp.c	byte-identical	2c25635fa829a4174795e27911395a651c2e7eb7f8c0e7f3d1954a4124e7b01b
26e138fdc0bfc8426704b397141d563cf4d580a2	vendor/wrpc-sw/lib/ipv4.c	6bd53ceb1dfebb35fecc1cdff38e054fb7b1afbe	vendor/wrpc-sw/lib/ipv4.c	byte-identical	41a67d45653777584a6d643bee9539b0d008a781ebce9dc40dcdf492bcb99d52
26e138fdc0bfc8426704b397141d563cf4d580a2	vendor/wrpc-sw/lib/ipv4.h	a6992d29aca6ede254e5e514172f50c7eb34b2b3	vendor/wrpc-sw/lib/ipv4.h	byte-identical	b51cab332642a0c36c57cb187d24b0f54552936b3402686b827345d9999187a4
26e138fdc0bfc8426704b397141d563cf4d580a2	vendor/wrpc-sw/lib/latency.c	1c9f3ef898b9ca1da0510e1d177565aa1da23c63	vendor/wrpc-sw/lib/latency.c	byte-identical	99b84f1d0f09b3b9faa4f90647d4647251201a74f7ebc60eda1ba1234d58c9cf
26e138fdc0bfc8426704b397141d563cf4d580a2	vendor/wrpc-sw/lib/latency.h	cdf63546d585cde32e8abfb7f55ba09bdd550b82	vendor/wrpc-sw/lib/latency.h	byte-identical	3c2773df268c0cd9576a52ab8fa2e63386b48659b37a0f7491756dbe67c3f0bb
26e138fdc0bfc8426704b397141d563cf4d580a2	vendor/wrpc-sw/lib/lib.mk	7ee69dc4437ae77dc77f90821e47d01d283a0f2a	vendor/wrpc-sw/lib/lib.mk	byte-identical	135f996dfc213457f2490d2318676fe78ddfcf5bcd1e0474bdc3a0224427f1a8
26e138fdc0bfc8426704b397141d563cf4d580a2	vendor/wrpc-sw/lib/lldp.c	4eb9af6e2f97df256d495d35696572accc276fde	vendor/wrpc-sw/lib/lldp.c	byte-identical	c1c64c477b213be2b00bd46e6625e9ef944cd5506ed3430f0c731ef523abba62
26e138fdc0bfc8426704b397141d563cf4d580a2	vendor/wrpc-sw/lib/lldp.h	74000e53faa2f4c9184864bb481159907d4d9cd2	vendor/wrpc-sw/lib/lldp.h	byte-identical	6d923f000f2dac0ce510d4ed97530c8c22de732a8650a3040a0c556dd130f035
26e138fdc0bfc8426704b397141d563cf4d580a2	vendor/wrpc-sw/lib/net.c	88e1e3641117bac545e534f34c11d1752a03da63	vendor/wrpc-sw/lib/net.c	byte-identical	7ca0b10a5d207220290afc4f36f41a427f7862ab479bfc5ff036bfb978109223
26e138fdc0bfc8426704b397141d563cf4d580a2	vendor/wrpc-sw/lib/netconsole.c	bb87ce3c60e2314d3d32e5aa6ea55e91e4c54e29	vendor/wrpc-sw/lib/netconsole.c	byte-identical	51f186453de64d00b56346cb2cf8e04d7202d12eebb454cefc36b139c199fd91
26e138fdc0bfc8426704b397141d563cf4d580a2	vendor/wrpc-sw/lib/snmp.c	59a0fb5840b3ed863931cad2fc77cef1cb502329	vendor/wrpc-sw/lib/snmp.c	byte-identical	57927f1de5d46c18ddb9eca0c280d1d7c93ff92d67f22bf814a52b6343c12c36
26e138fdc0bfc8426704b397141d563cf4d580a2	vendor/wrpc-sw/lib/syslog.c	239b57bf60be12bfca699f7f7506886d855184cd	vendor/wrpc-sw/lib/syslog.c	byte-identical	0af2030dcfd728c3190ca31975ee009d092041ca57fe952e12a786452602b228
26e138fdc0bfc8426704b397141d563cf4d580a2	vendor/wrpc-sw/lib/syslog.h	a33b98d194bdcf760a8aacef95313798e71ad074	vendor/wrpc-sw/lib/syslog.h	byte-identical	01e54f1a9d41b41384e0babc525020adb395cb0ee429663633cb3e50f463612c
26e138fdc0bfc8426704b397141d563cf4d580a2	vendor/wrpc-sw/lib/task-diags.c	3237c60e735f6a5bca6b3928d6b06e109050a418	vendor/wrpc-sw/lib/task-diags.c	byte-identical	fd649ce5172eca865e51facba1fb02ba5838f1d3019b4912141b3531c26b4bf1
26e138fdc0bfc8426704b397141d563cf4d580a2	vendor/wrpc-sw/lib/task-stats.c	473f53373f5dde2879dbe83a8a0597fe22799863	vendor/wrpc-sw/lib/task-stats.c	byte-identical	450f24d544320b48721f5861e1ab18455ab1cf00cb69e003d9138aa783a8a020
26e138fdc0bfc8426704b397141d563cf4d580a2	vendor/wrpc-sw/lib/udp.c	75db03cdc36cdc69f8a54b135868d46b60039042	vendor/wrpc-sw/lib/udp.c	byte-identical	8cde3b0700d26fd4d107bb8c0b80c7fe9c295eee6b31ff2379d0596f03d12d98
26e138fdc0bfc8426704b397141d563cf4d580a2	vendor/wrpc-sw/lib/usleep.c	730f5df3b4f5dc3e5ed8dd69923045834c5f0695	vendor/wrpc-sw/lib/usleep.c	byte-identical	96a84b39ef2243093a58e1f025a21600b1074945cbf9ee542d00780388db3086
26e138fdc0bfc8426704b397141d563cf4d580a2	vendor/wrpc-sw/lib/util.c	dd46b1646da0b0d48f73e62fad1475216ec7e90f	vendor/wrpc-sw/lib/util.c	byte-identical	e17ddf0426101b87893727038b41b9c3149c8bbffb92fc85efa2fcc689d1f877
26e138fdc0bfc8426704b397141d563cf4d580a2	vendor/wrpc-sw/lib/wrc-tasks.c	bd9af7164e204366f34377d64aab49c81663f355	vendor/wrpc-sw/lib/wrc-tasks.c	byte-identical	a72f16038c158bbd3125c66bc05be4775e349cda08e449571ef0e7dd408a32c2
26e138fdc0bfc8426704b397141d563cf4d580a2	vendor/wrpc-sw/libertm/.gitignore	550f5708803092dee7a43416a132a1772b0c5bf8	vendor/wrpc-sw/libertm/.gitignore	byte-identical	6c5f7ffe587f1d062b022a03d23e01a1369a4aac9e2f601d74725f38cfd329f9
26e138fdc0bfc8426704b397141d563cf4d580a2	vendor/wrpc-sw/libertm/Makefile	56c2e7417841acccbc1dd67ef375e0786f6fd6eb	vendor/wrpc-sw/libertm/Makefile	byte-identical	57f1692cd82ed6ef943e31010285c69a1a193c73b9f735200ffe442afbcf9da9
26e138fdc0bfc8426704b397141d563cf4d580a2	vendor/wrpc-sw/libertm/NOTES	c7e323a72444e3ccc36ba469ec66b5341842645a	vendor/wrpc-sw/libertm/NOTES	byte-identical	f0a482a8b472e93d5b6f544a9601f1f2946161c90071a589e6bfb9426335fb6e
26e138fdc0bfc8426704b397141d563cf4d580a2	vendor/wrpc-sw/libertm/README	2527776505eb1aa63a624ebd42d6215f9caa3a7a	vendor/wrpc-sw/libertm/README	byte-identical	049d933a189cf40da4da7985dbdfde902e3674d99b51c44986c6b7077c397701
26e138fdc0bfc8426704b397141d563cf4d580a2	vendor/wrpc-sw/libertm/STRUCTS	36a4f9775e2742acb7732ca9031895c7d9add4c7	vendor/wrpc-sw/libertm/STRUCTS	byte-identical	906b668e1cdda0b3c609f2ec9680776fc21f46a2b4b12a29365acc2f60ef4bb4
26e138fdc0bfc8426704b397141d563cf4d580a2	vendor/wrpc-sw/libertm/TODOS	58279e2c8a21d3c3d48a5a0a740ffd30cd41ae14	vendor/wrpc-sw/libertm/TODOS	byte-identical	9787961d61eeb7709ce03928c5845e4a00050b82150278d2651b83a4a7031360
26e138fdc0bfc8426704b397141d563cf4d580a2	vendor/wrpc-sw/libertm/aux_logger	a1a12a0f2722ede6f7d9a66d5540a5fd3796f1b4	vendor/wrpc-sw/libertm/aux_logger	byte-identical	2daf8320e6f38f31329cd1d199c59d59410483d54cee998757da19fa9b69228e
26e138fdc0bfc8426704b397141d563cf4d580a2	vendor/wrpc-sw/libertm/aux_logger.c	fe9a31e382422c3e4eab82c818ca2a6c2e3ebf1c	vendor/wrpc-sw/libertm/aux_logger.c	byte-identical	9a1b47e089749feb4f728d457d84c63e776993fa36ea78b8a89bad2d3421d835
26e138fdc0bfc8426704b397141d563cf4d580a2	vendor/wrpc-sw/libertm/commands	b777b957e9d3365ae983f01bfa57152e9c37745c	vendor/wrpc-sw/libertm/commands	byte-identical	4984a1dd7f93558fbaca1e5db46e01f888de68bbf5595587108daa49f2f8c1af
26e138fdc0bfc8426704b397141d563cf4d580a2	vendor/wrpc-sw/libertm/connect-wrc-console	183854fe27d098e2a635d79e5e7d770fca944e7b	vendor/wrpc-sw/libertm/connect-wrc-console	byte-identical	4bfac50be86dbd63a0480e822d8ca144ba01355298d3cc825ad5a09a76412a95
26e138fdc0bfc8426704b397141d563cf4d580a2	vendor/wrpc-sw/libertm/deploy.mk	7c5f08c27facf2b9ce5a92f34a918e753c964d75	vendor/wrpc-sw/libertm/deploy.mk	byte-identical	6229bbc8acb408b1e837c6b6fa63a2b602f4c855c6133f356c6620eb25d7b031
26e138fdc0bfc8426704b397141d563cf4d580a2	vendor/wrpc-sw/libertm/display.c	4c8329a055556dbc948bc62fa86422972a9141eb	vendor/wrpc-sw/libertm/display.c	byte-identical	6164ae5b86148a0f3c5f8418a1690df2b388e51aff20d7c89ee311986873b21d
26e138fdc0bfc8426704b397141d563cf4d580a2	vendor/wrpc-sw/libertm/display.h	f2bf292b51d6d9b42f8049782935df1c9fde9575	vendor/wrpc-sw/libertm/display.h	byte-identical	13c3fa02019ed0c5cf3fac991d2fa3e06737c9a9241c39b109360f491c40236a
26e138fdc0bfc8426704b397141d563cf4d580a2	vendor/wrpc-sw/libertm/ertm-cli	025fb7988dfdbffa101c94dcf431b609becdceee	vendor/wrpc-sw/libertm/ertm-cli	byte-identical	35a21b5d31f6a3c817c2925da5a0bf931b7467f3346fa2f9d9003a8e7d7bbb5f
26e138fdc0bfc8426704b397141d563cf4d580a2	vendor/wrpc-sw/libertm/ertm-setup	f4e52422335483e17f88b0d90754193d57ab8be4	vendor/wrpc-sw/libertm/ertm-setup	byte-identical	08313b142bd8624ad41bf55e3c9b4c9a284013a03ca9ea9ff0b00a473cd78313
26e138fdc0bfc8426704b397141d563cf4d580a2	vendor/wrpc-sw/libertm/flock.c	0635cbb9853701dea0566a3bd421dde97dd37987	vendor/wrpc-sw/libertm/flock.c	byte-identical	7a538b55a7d64ac7475bb29941b0eb94a962d86bc1804b045f8a43f464402e45
26e138fdc0bfc8426704b397141d563cf4d580a2	vendor/wrpc-sw/libertm/install_checks	18ae3bd8e47b370e4f3f07f217b2de2ec1279f08	vendor/wrpc-sw/libertm/install_checks	byte-identical	bc57ed2e861b3f244bbda0191b62ed10c7c9c68a5cdf31d76c1433035d8421a2
26e138fdc0bfc8426704b397141d563cf4d580a2	vendor/wrpc-sw/libertm/libertm.c	dc28ff362a2ee5a311fff5371740fe3aff9b3d3d	vendor/wrpc-sw/libertm/libertm.c	byte-identical	f93347db334ddbc7b75d316c5913fde4405d6f5600256d2322ea79d681239d85
26e138fdc0bfc8426704b397141d563cf4d580a2	vendor/wrpc-sw/libertm/libertm.h	0d37c58db3daf30765ed1106476af362413eecbb	vendor/wrpc-sw/libertm/libertm.h	byte-identical	ee8c47d915c91631181e318928bcae2f6ca8db40fd9eedc16b69a78c766c9dec
26e138fdc0bfc8426704b397141d563cf4d580a2	vendor/wrpc-sw/libertm/linux-uart-link.c	4459527be1343d01a9c656a5c9916b25621410d2	vendor/wrpc-sw/libertm/linux-uart-link.c	byte-identical	b4a624216deef28da6f2032f569a1a74018744e8db0020f86ca04048ce4d82de
26e138fdc0bfc8426704b397141d563cf4d580a2	vendor/wrpc-sw/libertm/magics.c	5e6ef8ae99e3e304ab28c19f2d952938da31e538	vendor/wrpc-sw/libertm/magics.c	byte-identical	6d31923cc849b8968c46edf71be14c982014f29005b60638951f973fab90ef65
26e138fdc0bfc8426704b397141d563cf4d580a2	vendor/wrpc-sw/libertm/main	1d70b1c0f02e86e35acd3fda9b9a4cd7861c87db	vendor/wrpc-sw/libertm/main	byte-identical	e39c32860976482192907d9dc6db1be4a9564761e3ee99a9771653eafb2c3d52
26e138fdc0bfc8426704b397141d563cf4d580a2	vendor/wrpc-sw/libertm/main.c	d552a2644825bdc64c2140743f3de5edad871a0d	vendor/wrpc-sw/libertm/main.c	byte-identical	568f2bdc02a78d04eb5b1ef2ffc2f473e8140b477e8f4526324e775c0e1db84b
26e138fdc0bfc8426704b397141d563cf4d580a2	vendor/wrpc-sw/libertm/private.h	bad0d9f71599a90b6ca5ad475e03bfdd8c49834e	vendor/wrpc-sw/libertm/private.h	byte-identical	3fc990e874222447dac8184869e85583c1eff6dda9be18321e4cb462555d3768
26e138fdc0bfc8426704b397141d563cf4d580a2	vendor/wrpc-sw/libertm/semaph.c	444874879c23197dbd95627eb86ccf72c1a400c7	vendor/wrpc-sw/libertm/semaph.c	byte-identical	f979a6414298e0467cffadb7e9964dff329e4cdc14eada864ca86c8bf00b05f1
26e138fdc0bfc8426704b397141d563cf4d580a2	vendor/wrpc-sw/libertm/udev-find	195271fe4197118f0fd0fc2574b18fa376ee173c	vendor/wrpc-sw/libertm/udev-find	byte-identical	084c6f6de447d87bdd47b3963938f16b86220d18b7a995a3eac030055323b82b
26e138fdc0bfc8426704b397141d563cf4d580a2	vendor/wrpc-sw/libertm/udev-find.c	0291201b367320d69005967a70e08335b8eb9fc1	vendor/wrpc-sw/libertm/udev-find.c	byte-identical	14b00d89fbe535cf49ad3301e47f06022aa5fce32d2e2c41e46708b7293b28bd
26e138fdc0bfc8426704b397141d563cf4d580a2	vendor/wrpc-sw/libertm/udev-serial.c	8724e2c71b9ecf3e12621621517282cc3a4205cf	vendor/wrpc-sw/libertm/udev-serial.c	byte-identical	cd19aef9993f83c036f6bf3ecf06ad9437e709a4377abaaab369a6da20a03048
26e138fdc0bfc8426704b397141d563cf4d580a2	vendor/wrpc-sw/libertm/update-fpga.sh	11b4bac62c5e1b1eb1eea8247a779082727c5951	vendor/wrpc-sw/libertm/update-fpga.sh	byte-identical	696d330a9b1e9503aedd91621aa3c86162be5b40703e6c817bacebf30b586c46
26e138fdc0bfc8426704b397141d563cf4d580a2	vendor/wrpc-sw/libertm/update-mmc14.sh	df9e6bc6f1632b301f03dfabbbc0df1ee9e0b27d	vendor/wrpc-sw/libertm/update-mmc14.sh	byte-identical	c2714109a607ee0c7681d5ff139b5389187f527f836b45c54a888b1f86f0e878
26e138fdc0bfc8426704b397141d563cf4d580a2	vendor/wrpc-sw/libertm/update-mmc15.sh	aecec30f23aa969353a50e4a6e94a9635162cd75	vendor/wrpc-sw/libertm/update-mmc15.sh	byte-identical	5f8229ad4b1d81cb139a33cf3fd817100bcd81b297f54db149128a1b8a4ec358
26e138fdc0bfc8426704b397141d563cf4d580a2	vendor/wrpc-sw/liblinux/.gitignore	7f902710fcaaae97dd87795957697409c88255d8	vendor/wrpc-sw/liblinux/.gitignore	byte-identical	f68478e2438067fbb7d3d56b0f1942bcae04937b1cf4f2375aa3e96fc12f729c
26e138fdc0bfc8426704b397141d563cf4d580a2	vendor/wrpc-sw/liblinux/Makefile	5cbb645cbb5db92ae155a702fa4c704c9e1e4cb5	vendor/wrpc-sw/liblinux/Makefile	byte-identical	df74890fbdecca396cbdd190c3433c3eb28673cc6b09705bae38c3a996c91383
26e138fdc0bfc8426704b397141d563cf4d580a2	vendor/wrpc-sw/liblinux/devmap.c	f7772e75793e4391739958e695d601972fd3c9b0	vendor/wrpc-sw/liblinux/devmap.c	byte-identical	7b283ac7a5efaa030e99bcb429765e4c7ce0dc89b8c06791923286766234f92c
26e138fdc0bfc8426704b397141d563cf4d580a2	vendor/wrpc-sw/liblinux/extest/Makefile	79a2dfc54e98f6893f0dc3632c20906735d35921	vendor/wrpc-sw/liblinux/extest/Makefile	byte-identical	8769ac18b3837fea19c286b2a1f7233628d3fdfd63dafd2050a1fbf822bc7a21
26e138fdc0bfc8426704b397141d563cf4d580a2	vendor/wrpc-sw/liblinux/extest/extest.c	2c2a1dfb9bc69fdc87a8d91e108ee873ad63e0d5	vendor/wrpc-sw/liblinux/extest/extest.c	byte-identical	3c1894a3628671862a547e27765653de73ef59ddf1704f21d27b8f350b48b7b5
26e138fdc0bfc8426704b397141d563cf4d580a2	vendor/wrpc-sw/liblinux/extest/extest.h	e8f037edba2172104a69e41edfa5a6be967308fd	vendor/wrpc-sw/liblinux/extest/extest.h	byte-identical	b649150fb9afdc97f13335b92a0be78b7c89affa5f226fbd05c3611f8dcfdf00
26e138fdc0bfc8426704b397141d563cf4d580a2	vendor/wrpc-sw/liblinux/libdevmap.h	f74d3737687b41af0f35073ebd32ec0bfa8a5a42	vendor/wrpc-sw/liblinux/libdevmap.h	byte-identical	4e579f1bc3318dace3c01ed866068682c0cb1febff50cc1edfb5c1cb906b65e6
26e138fdc0bfc8426704b397141d563cf4d580a2	vendor/wrpc-sw/monitor/monitor_ppsi.c	20e4e025c287e9f5970347cd7401c8ae4e809623	vendor/wrpc-sw/monitor/monitor_ppsi.c	byte-identical	9fd5776f8fd478d79a50fb73f4602f9276d8e860cad03194a9e88ada524367f8
26e138fdc0bfc8426704b397141d563cf4d580a2	vendor/wrpc-sw/pp_printf/.gitignore	9c8abba75ecf08083c86a905b37f14a62e9059a3	vendor/wrpc-sw/pp_printf/.gitignore	byte-identical	964551aa1a90ba8df7a2f6d84ac7990b6407f33d0effcb0e84f72a7231641149
26e138fdc0bfc8426704b397141d563cf4d580a2	vendor/wrpc-sw/pp_printf/COPYING	d511905c1647a1e311e8b20d5930a37a9c2531cd	vendor/wrpc-sw/pp_printf/COPYING	byte-identical	ab15fd526bd8dd18a9e77ebc139656bf4d33e97fc7238cd11bf60e2b9b8666c6
26e138fdc0bfc8426704b397141d563cf4d580a2	vendor/wrpc-sw/pp_printf/Makefile	2d00bf92214d5c86490da0f5bcdafb21c85d98cc	vendor/wrpc-sw/pp_printf/Makefile	byte-identical	8ef5a1a6cd8c0dae93d3925c15a758fd29ba625823c625a084ce7938bae53d72
26e138fdc0bfc8426704b397141d563cf4d580a2	vendor/wrpc-sw/pp_printf/README	009b6c467455708e4994cb22cbf68577117ca1e7	vendor/wrpc-sw/pp_printf/README	byte-identical	a0e500177d6f3f1987dd83dfb8a0dccbf2d19637e35442214ad264a26797c39c
26e138fdc0bfc8426704b397141d563cf4d580a2	vendor/wrpc-sw/pp_printf/div64.c	d175bc4a04c42c69aaa1216dacd95094da45effa	vendor/wrpc-sw/pp_printf/div64.c	byte-identical	428bc7c6225f085bd1bd6ce2d1f4fc529a0cc92549b2a6e849fc22e6d36e1aa6
26e138fdc0bfc8426704b397141d563cf4d580a2	vendor/wrpc-sw/pp_printf/example-printf.c	896314387c2508abeaa2ed11247f988e6516707d	vendor/wrpc-sw/pp_printf/example-printf.c	byte-identical	d30ff2f19787e19c508d90929394e43191dcb8553dd803b39aae830a630e27c0
26e138fdc0bfc8426704b397141d563cf4d580a2	vendor/wrpc-sw/pp_printf/example-printf.gdb	e12ac5aea48f600c6d3f74679995b4426ec13d41	vendor/wrpc-sw/pp_printf/example-printf.gdb	byte-identical	b712c57bb879022dd363b4448f3b57e9893f0175ba58dc1d83182e6dd4226f13
26e138fdc0bfc8426704b397141d563cf4d580a2	vendor/wrpc-sw/pp_printf/example-printf64.c	308e15b9c49afc7f8b5921b54359aa754558f11a	vendor/wrpc-sw/pp_printf/example-printf64.c	byte-identical	51219e12b8dc3137a938f2f4cf20d20c8af389671dfdd0eb66e502ff75b188ba
26e138fdc0bfc8426704b397141d563cf4d580a2	vendor/wrpc-sw/pp_printf/pp-printf.h	30f715909f0ab8e4e1205c1269b0becdb4633356	vendor/wrpc-sw/pp_printf/pp-printf.h	byte-identical	93b637a1deb663d6d5992db4dae0668fd5884d8d348465a2351180e205c75e8b
26e138fdc0bfc8426704b397141d563cf4d580a2	vendor/wrpc-sw/pp_printf/printf.c	ec5b96e97610633f2d2d3d252d327dac14baa21a	vendor/wrpc-sw/pp_printf/printf.c	byte-identical	573c47d4b52319652428b29bc571732a726c56885a5155c14def7b0f0098902b
26e138fdc0bfc8426704b397141d563cf4d580a2	vendor/wrpc-sw/pp_printf/printf.mk	c674c1de6aa71d08ba74c6cc2cfa3ad6ceb416ec	vendor/wrpc-sw/pp_printf/printf.mk	byte-identical	9b151e3091d32a7233f7476c5a757c95b751a0f046686fc29a9144da17fe29fb
26e138fdc0bfc8426704b397141d563cf4d580a2	vendor/wrpc-sw/pp_printf/vsprintf-full.c	3d61b19f2de501bf49cbcf48d00b3bc4bb82e34d	vendor/wrpc-sw/pp_printf/vsprintf-full.c	byte-identical	9ec6e3327eaa58fef7cfccb219feca99aeb5a7f83117a78add521a7020c17473
26e138fdc0bfc8426704b397141d563cf4d580a2	vendor/wrpc-sw/pp_printf/vsprintf-mini.c	d68c8488457a3b57e0f33ec2fda0752f4129b889	vendor/wrpc-sw/pp_printf/vsprintf-mini.c	byte-identical	e0eccaa3c4b5baea00f2c69696b29b6161d4d59a6dcbca4891da522420c6091a
26e138fdc0bfc8426704b397141d563cf4d580a2	vendor/wrpc-sw/pp_printf/vsprintf-none.c	74041354159dcd353b3c1bb28a45113d94a7ec76	vendor/wrpc-sw/pp_printf/vsprintf-none.c	byte-identical	a18e9c9cae584d966549943fd3456870fa2dbf6952762d40db8805d76eb5db3c
26e138fdc0bfc8426704b397141d563cf4d580a2	vendor/wrpc-sw/pp_printf/vsprintf-xint.c	45e5d6cc4c9e0b4b71eaecbfa6831c79d8346d02	vendor/wrpc-sw/pp_printf/vsprintf-xint.c	byte-identical	31c9ab4550383a0f0814d9d9376335ef6fb40af50c6fc637615e6b1167d83527
26e138fdc0bfc8426704b397141d563cf4d580a2	vendor/wrpc-sw/ppsi/.gitignore	431295dc4157f843271f820ce2812c89f91edc3f	vendor/wrpc-sw/ppsi/.gitignore	byte-identical	3e336600763b38148f7e4e55aca3f37322de1bd546aac552e2f3ce7c57553fc7
26e138fdc0bfc8426704b397141d563cf4d580a2	vendor/wrpc-sw/ppsi/AUTHORS	60a3c1fb036ee8d48bf1f883939432ca0ccc32c2	vendor/wrpc-sw/ppsi/AUTHORS	byte-identical	bf269fda6ea2d80de961e1614982a770fc6fdc5b6905a108a70842f2e5755e14
26e138fdc0bfc8426704b397141d563cf4d580a2	vendor/wrpc-sw/ppsi/COPYING.GPLv2	d511905c1647a1e311e8b20d5930a37a9c2531cd	vendor/wrpc-sw/ppsi/COPYING.GPLv2	byte-identical	ab15fd526bd8dd18a9e77ebc139656bf4d33e97fc7238cd11bf60e2b9b8666c6
26e138fdc0bfc8426704b397141d563cf4d580a2	vendor/wrpc-sw/ppsi/COPYING.LGPLv2.1	2d2d780e6014b850ca3b8437452e24eba5f96508	vendor/wrpc-sw/ppsi/COPYING.LGPLv2.1	byte-identical	a9bdde5616ecdd1e980b44f360600ee8783b1f99b8cc83a2beb163a0a390e861
26e138fdc0bfc8426704b397141d563cf4d580a2	vendor/wrpc-sw/ppsi/COPYING.README	100acfd93209f5dc9b3f96151a742c1b367117f7	vendor/wrpc-sw/ppsi/COPYING.README	byte-identical	c6c62ffce2fcc115728de3fda4494dda0252dd707793a468b38a38905e9f755e
26e138fdc0bfc8426704b397141d563cf4d580a2	vendor/wrpc-sw/ppsi/Kconfig	760e468ef9452ec2132c2ba47032ccb51e07df2d	vendor/wrpc-sw/ppsi/Kconfig	byte-identical	26e457ea94394496161555e9c36ea71337600e39299197f2c258e4689a0a3c3b
26e138fdc0bfc8426704b397141d563cf4d580a2	vendor/wrpc-sw/ppsi/Kconfig_ppsi	860a37a2a7d793e8bed138e1e93dd861b36d28aa	vendor/wrpc-sw/ppsi/Kconfig_ppsi	byte-identical	242e8d278304cf0791996a4864d3fa894ef255c134ae6f2529f44b4ab1478337
26e138fdc0bfc8426704b397141d563cf4d580a2	vendor/wrpc-sw/ppsi/MAKEALL	250584cbe51cc639c948a6591ea3ed2280c422bb	vendor/wrpc-sw/ppsi/MAKEALL	byte-identical	2facaa0015942d5ea02059cc5b0f152470840dfd9bbfcdb558d5ab433bd2891e
26e138fdc0bfc8426704b397141d563cf4d580a2	vendor/wrpc-sw/ppsi/Makefile	bdb0d8432c6129f358368b45f38e87f7651cde89	vendor/wrpc-sw/ppsi/Makefile	byte-identical	9b26a987bf4bf14d7641311af8743077abae2475d37ed47d9305461c83096d4e
26e138fdc0bfc8426704b397141d563cf4d580a2	vendor/wrpc-sw/ppsi/Makefile.kconfig	62f6e7b84826f3aea17dc9cf9d02d8bca3d008b0	vendor/wrpc-sw/ppsi/Makefile.kconfig	byte-identical	3bbda0ca1ad54a00c9ae210a9286550f7403f865b226b38baa79f89ff8c7fa8f
26e138fdc0bfc8426704b397141d563cf4d580a2	vendor/wrpc-sw/ppsi/arch-bare-i386/Makefile	922410655bd9a8436fdea2eded070264c92bbc38	vendor/wrpc-sw/ppsi/arch-bare-i386/Makefile	byte-identical	9842963c3627c48acaf4eb09f5e50b7d516db12d59796513354ec206a53edb18
26e138fdc0bfc8426704b397141d563cf4d580a2	vendor/wrpc-sw/ppsi/arch-bare-i386/bare-i386.lds	cd3591b0abb5aa1069d28b479c51a7fb81aade78	vendor/wrpc-sw/ppsi/arch-bare-i386/bare-i386.lds	byte-identical	8c09819a07302067f8f1bd57138d74a244f57c7a93b8ee68bb4e922197566d9e
26e138fdc0bfc8426704b397141d563cf4d580a2	vendor/wrpc-sw/ppsi/arch-bare-i386/crt0.S	e67714550fabeb81dfe3ef85ef7e4cbe50727d4e	vendor/wrpc-sw/ppsi/arch-bare-i386/crt0.S	byte-identical	4d219f0a407bf975ee0fafd93e8bffc0390e38e8f44aadc8c849906dd5217daf
26e138fdc0bfc8426704b397141d563cf4d580a2	vendor/wrpc-sw/ppsi/arch-bare-i386/include/arch/arch.h	253a71e68d2e4e9279be481bc603c878a45ef2af	vendor/wrpc-sw/ppsi/arch-bare-i386/include/arch/arch.h	byte-identical	55fd09e095853bdebba0e3ab7e2cd26738b40c07592a7bd9fc0d08ad8d2c184b
26e138fdc0bfc8426704b397141d563cf4d580a2	vendor/wrpc-sw/ppsi/arch-bare-i386/include/arch/constants.h	8c143e93ed777029dd10c44703f8c58949663609	vendor/wrpc-sw/ppsi/arch-bare-i386/include/arch/constants.h	byte-identical	414fe0334ff4064ff6e3abd4edd884e7470709544ad424f5a40dc66d4ad02e37
26e138fdc0bfc8426704b397141d563cf4d580a2	vendor/wrpc-sw/ppsi/arch-bare-i386/syscalls.c	6b585b1389e9e30f3f275c908b57eeab066196c4	vendor/wrpc-sw/ppsi/arch-bare-i386/syscalls.c	byte-identical	99238f30ca1c50654b6f02870e005ac19dde8a4f3e49e1e505501797d8f5b2f3
26e138fdc0bfc8426704b397141d563cf4d580a2	vendor/wrpc-sw/ppsi/arch-bare-i386/syscalls.h	4950415d4a9dc96e38cfe121ee6d2e100de1bdc8	vendor/wrpc-sw/ppsi/arch-bare-i386/syscalls.h	byte-identical	46f70bc01a9463783670f817ef67839a4a843d2d0a7bd6cd64acd277ab69de37
26e138fdc0bfc8426704b397141d563cf4d580a2	vendor/wrpc-sw/ppsi/arch-bare-x86-64/Makefile	805590ca66dd8203b423264a3bcb52d9f3c876bc	vendor/wrpc-sw/ppsi/arch-bare-x86-64/Makefile	byte-identical	783a40add66d5fae5e6f327b5e649bacf813312dddccd31828e3f4c82afbadbd
26e138fdc0bfc8426704b397141d563cf4d580a2	vendor/wrpc-sw/ppsi/arch-bare-x86-64/bare-x86-64.lds	55e977b03833b8c2d3059096edb1c8c3f43566b2	vendor/wrpc-sw/ppsi/arch-bare-x86-64/bare-x86-64.lds	byte-identical	f480338f9aeac15ec3df3ccf866589c1ab803c7b3eb1610cd98987814da76446
26e138fdc0bfc8426704b397141d563cf4d580a2	vendor/wrpc-sw/ppsi/arch-bare-x86-64/crt0.S	53b6b46ce392de0a117cc60d566367782cdba0e3	vendor/wrpc-sw/ppsi/arch-bare-x86-64/crt0.S	byte-identical	65635a1a9fdac8f14c981c592712e97479ad6c4fb31ca23215ee7411dc446114
26e138fdc0bfc8426704b397141d563cf4d580a2	vendor/wrpc-sw/ppsi/arch-bare-x86-64/include/arch/arch.h	253a71e68d2e4e9279be481bc603c878a45ef2af	vendor/wrpc-sw/ppsi/arch-bare-x86-64/include/arch/arch.h	byte-identical	55fd09e095853bdebba0e3ab7e2cd26738b40c07592a7bd9fc0d08ad8d2c184b
26e138fdc0bfc8426704b397141d563cf4d580a2	vendor/wrpc-sw/ppsi/arch-bare-x86-64/include/arch/constants.h	8c143e93ed777029dd10c44703f8c58949663609	vendor/wrpc-sw/ppsi/arch-bare-x86-64/include/arch/constants.h	byte-identical	414fe0334ff4064ff6e3abd4edd884e7470709544ad424f5a40dc66d4ad02e37
26e138fdc0bfc8426704b397141d563cf4d580a2	vendor/wrpc-sw/ppsi/arch-bare-x86-64/syscall.S	5cb68a07299739d12b0e31f44e0455d8b829ec4f	vendor/wrpc-sw/ppsi/arch-bare-x86-64/syscall.S	byte-identical	736ef7b7a3de95de240b1652ad5e83e49183186b0caece289ff4784b293b0679
26e138fdc0bfc8426704b397141d563cf4d580a2	vendor/wrpc-sw/ppsi/arch-bare-x86-64/syscalls.c	1b2f4e917ef06281c947077ab1ea84d1e712b5b7	vendor/wrpc-sw/ppsi/arch-bare-x86-64/syscalls.c	byte-identical	7bbdac494b2b98abf0a799415b51dc47de001a149ea3e7f1678142c3c2fbef64
26e138fdc0bfc8426704b397141d563cf4d580a2	vendor/wrpc-sw/ppsi/arch-sim/Makefile	844b9ab1a5ec87d6a58a44904cd0284498c1af44	vendor/wrpc-sw/ppsi/arch-sim/Makefile	byte-identical	738986e55808fca7c5e32927c614ad3af53b929b8e0da730a90933860e88a4c9
26e138fdc0bfc8426704b397141d563cf4d580a2	vendor/wrpc-sw/ppsi/arch-sim/include/arch/arch.h	59a8db7e78d159d6b180e3407614d4e784abaedd	vendor/wrpc-sw/ppsi/arch-sim/include/arch/arch.h	byte-identical	b7bf4acb581226655da77da19746ac0075b2e51ec5ec4ce8389bae308b5037d9
26e138fdc0bfc8426704b397141d563cf4d580a2	vendor/wrpc-sw/ppsi/arch-sim/include/arch/constants.h	1ee282630ba62007b2ce4f9d33062ebca9037913	vendor/wrpc-sw/ppsi/arch-sim/include/arch/constants.h	byte-identical	e4ed23d21008bae959a55bcb9b3515244056b9e02d7df4febb95c82cde2edb26
26e138fdc0bfc8426704b397141d563cf4d580a2	vendor/wrpc-sw/ppsi/arch-sim/main-loop.c	48290338fb899bd04610b26fbd10df9bbfb11f5c	vendor/wrpc-sw/ppsi/arch-sim/main-loop.c	byte-identical	43be16423df744d2e4f8880a75f372b9bfc8e3227430185f73d5f7edbb2635ef
26e138fdc0bfc8426704b397141d563cf4d580a2	vendor/wrpc-sw/ppsi/arch-sim/ppsi-sim.h	3ff9f24f6625a3fbeafe1c44cbd6b604351cf1c1	vendor/wrpc-sw/ppsi/arch-sim/ppsi-sim.h	byte-identical	197047764605605cf08507752f4a00f4840a43d9113e2a266097e2aafbdfa7fe
26e138fdc0bfc8426704b397141d563cf4d580a2	vendor/wrpc-sw/ppsi/arch-sim/sim-conf.c	0f35e98315e3b70e87899c2644919c06dddf0e58	vendor/wrpc-sw/ppsi/arch-sim/sim-conf.c	byte-identical	431bff67f7e1f89f9c4a7d4fd0688d38f188a3dc9c9ec55b85c27aef7f2c8711
26e138fdc0bfc8426704b397141d563cf4d580a2	vendor/wrpc-sw/ppsi/arch-sim/sim-io.c	8aea8e770a096caa6d54efd87370421b8f672262	vendor/wrpc-sw/ppsi/arch-sim/sim-io.c	byte-identical	d39713b30073031f684bafa60a47870867a036352cf895d76e3b8bb5353f4371
26e138fdc0bfc8426704b397141d563cf4d580a2	vendor/wrpc-sw/ppsi/arch-sim/sim-startup.c	ebe76981491695f9669fec4234e0a23fa5dc34bf	vendor/wrpc-sw/ppsi/arch-sim/sim-startup.c	byte-identical	f2a2f0645c11de229eafb39d75ec898a602dd016b96b7f0d42e3885db14fe052
26e138fdc0bfc8426704b397141d563cf4d580a2	vendor/wrpc-sw/ppsi/arch-unix/Makefile	542c9fc6e3fe255e5bb0924df994ae4c2e9cbbc5	vendor/wrpc-sw/ppsi/arch-unix/Makefile	byte-identical	33fa0b27e60939cea1fd442aee171db26e3d9c83b952267dcb93c6d95615f582
26e138fdc0bfc8426704b397141d563cf4d580a2	vendor/wrpc-sw/ppsi/arch-unix/include/arch/arch.h	369645a1fc99527a170367e177840283cb9a536c	vendor/wrpc-sw/ppsi/arch-unix/include/arch/arch.h	byte-identical	9f9b93dbef5b1c7a2e99e14ddda79ae1408b8c3f4242fe8b8315ba3ec71c83ef
26e138fdc0bfc8426704b397141d563cf4d580a2	vendor/wrpc-sw/ppsi/arch-unix/include/arch/constants.h	1ee282630ba62007b2ce4f9d33062ebca9037913	vendor/wrpc-sw/ppsi/arch-unix/include/arch/constants.h	byte-identical	e4ed23d21008bae959a55bcb9b3515244056b9e02d7df4febb95c82cde2edb26
26e138fdc0bfc8426704b397141d563cf4d580a2	vendor/wrpc-sw/ppsi/arch-unix/include/ppsi-unix.h	5c8e74ca6dfabbd9cb608ac2894154e3d5e64d7b	vendor/wrpc-sw/ppsi/arch-unix/include/ppsi-unix.h	byte-identical	7895b872d5080517cb0348cfdb7c4d9cbd496f3c6bbc8b7e529d9c3dc46b418f
26e138fdc0bfc8426704b397141d563cf4d580a2	vendor/wrpc-sw/ppsi/arch-unix/main-loop.c	e73bdf8004166c833cd97d2ff2dc49090280806c	vendor/wrpc-sw/ppsi/arch-unix/main-loop.c	byte-identical	4bea5232e889752cd732d929c379db40174b105cfd358b3dd845ee61363a4afa
26e138fdc0bfc8426704b397141d563cf4d580a2	vendor/wrpc-sw/ppsi/arch-unix/unix-conf.c	f9856afc3fcb488c957ea02c933edf5139cdbcf1	vendor/wrpc-sw/ppsi/arch-unix/unix-conf.c	byte-identical	22a26517f0f7a9b782a1aca745429a624c3b2792330d372066c700fd9baf7d07
26e138fdc0bfc8426704b397141d563cf4d580a2	vendor/wrpc-sw/ppsi/arch-unix/unix-io.c	8aea8e770a096caa6d54efd87370421b8f672262	vendor/wrpc-sw/ppsi/arch-unix/unix-io.c	byte-identical	d39713b30073031f684bafa60a47870867a036352cf895d76e3b8bb5353f4371
26e138fdc0bfc8426704b397141d563cf4d580a2	vendor/wrpc-sw/ppsi/arch-unix/unix-startup.c	c195e81aca22bd9e38b087aae32ff890bf3d14c2	vendor/wrpc-sw/ppsi/arch-unix/unix-startup.c	byte-identical	7388520ae89b9c14c949771bde89ab02d948268a9caf8a6b17a5968979f799d9
26e138fdc0bfc8426704b397141d563cf4d580a2	vendor/wrpc-sw/ppsi/arch-wrpc/Makefile	ac17f0d2aec08943ae82e39c39f739831c51ac69	vendor/wrpc-sw/ppsi/arch-wrpc/Makefile	byte-identical	90f0c6ad933c874aa488fdf7ef0a83a241d51d47e96074a399de45d916cc31f2
26e138fdc0bfc8426704b397141d563cf4d580a2	vendor/wrpc-sw/ppsi/arch-wrpc/arch.mk	e7320d14073ccc80956a180345e083ab424c2771	vendor/wrpc-sw/ppsi/arch-wrpc/arch.mk	byte-identical	1aeb9dacf9543cbc47a4b595628345c985ef4c69f71fe3413f17ed02d7c9090f
26e138fdc0bfc8426704b397141d563cf4d580a2	vendor/wrpc-sw/ppsi/arch-wrpc/faults.c	ecddfd556529f18132413a1c63b854c10328fad8	vendor/wrpc-sw/ppsi/arch-wrpc/faults.c	byte-identical	a9619e46de73fbed60de7f2e04fd809d2ffdad533fbcc8d4dd10d822c20e9c94
26e138fdc0bfc8426704b397141d563cf4d580a2	vendor/wrpc-sw/ppsi/arch-wrpc/include/arch/arch.h	6d30f26f5f34e92119f0814a5d4dcb31a8941d74	vendor/wrpc-sw/ppsi/arch-wrpc/include/arch/arch.h	byte-identical	ea980904e1f77524dacb0f945b80340767d9448edec0150bea0024119a63d1d0
26e138fdc0bfc8426704b397141d563cf4d580a2	vendor/wrpc-sw/ppsi/arch-wrpc/include/arch/constants.h	8c143e93ed777029dd10c44703f8c58949663609	vendor/wrpc-sw/ppsi/arch-wrpc/include/arch/constants.h	byte-identical	414fe0334ff4064ff6e3abd4edd884e7470709544ad424f5a40dc66d4ad02e37
26e138fdc0bfc8426704b397141d563cf4d580a2	vendor/wrpc-sw/ppsi/arch-wrpc/wrc_ptp_ppsi.c	a66fe1a553be8ee5fa7d6a37d1b4790e2997ec85	vendor/wrpc-sw/ppsi/arch-wrpc/wrc_ptp_ppsi.c	byte-identical	6f2915ac8d48934b396a533477479a95131feed2262f4b6729007edfae8c0509
26e138fdc0bfc8426704b397141d563cf4d580a2	vendor/wrpc-sw/ppsi/arch-wrpc/wrpc-calibration.c	5794742b146ef42034285436ff6ce2d1157e2070	vendor/wrpc-sw/ppsi/arch-wrpc/wrpc-calibration.c	byte-identical	8abd792da542f48119d505026168167eb983a38066c836e377fb1ff23e6bbaf1
26e138fdc0bfc8426704b397141d563cf4d580a2	vendor/wrpc-sw/ppsi/arch-wrpc/wrpc-io.c	148a10b89371093944b3d36f0385819c3b937e70	vendor/wrpc-sw/ppsi/arch-wrpc/wrpc-io.c	byte-identical	83ea405401663c0e4f10872c4f950633f5bcbe68435ba4ff14c5d2790081edda
26e138fdc0bfc8426704b397141d563cf4d580a2	vendor/wrpc-sw/ppsi/arch-wrpc/wrpc-spll.c	4de95437faee3725f247441996cc69ebb1dfcb4f	vendor/wrpc-sw/ppsi/arch-wrpc/wrpc-spll.c	byte-identical	95d329f07e274d223948bb678baafd57b8e5bb366a7a5564b1e7d5ecc426fd53
26e138fdc0bfc8426704b397141d563cf4d580a2	vendor/wrpc-sw/ppsi/arch-wrpc/wrpc.h	866127feac82ff9f8f5880913463be59ed66c2e6	vendor/wrpc-sw/ppsi/arch-wrpc/wrpc.h	byte-identical	978e7b731a0fa2ddf688be93cc5aa5b20a48dff21e3fd214330a0f71f45f6deb
26e138fdc0bfc8426704b397141d563cf4d580a2	vendor/wrpc-sw/ppsi/arch-wrs/.gitignore	7fe87df30cf4e9153f1824d676c1c1e0ae2c90c3	vendor/wrpc-sw/ppsi/arch-wrs/.gitignore	byte-identical	6983956c4c4442b92790b5c44bef6897bd6ac45231f82d8172088d35d1906b94
26e138fdc0bfc8426704b397141d563cf4d580a2	vendor/wrpc-sw/ppsi/arch-wrs/Makefile	a086c2b3dfbde688653568c7cee6ced5f80adde7	vendor/wrpc-sw/ppsi/arch-wrs/Makefile	byte-identical	c349ba08c6150cc35b15a85d4c82e48095de32bdeb0b3d44f062db11ea670f8a
26e138fdc0bfc8426704b397141d563cf4d580a2	vendor/wrpc-sw/ppsi/arch-wrs/include/.gitignore	8063a7e80853be29a83b728694f1f9790b5d72f2	vendor/wrpc-sw/ppsi/arch-wrs/include/.gitignore	byte-identical	f02bc6fb4d20a078126de69822efb44337ad68995391faa85936bbd1727a8d64
26e138fdc0bfc8426704b397141d563cf4d580a2	vendor/wrpc-sw/ppsi/arch-wrs/include/arch/arch.h	59a8db7e78d159d6b180e3407614d4e784abaedd	vendor/wrpc-sw/ppsi/arch-wrs/include/arch/arch.h	byte-identical	b7bf4acb581226655da77da19746ac0075b2e51ec5ec4ce8389bae308b5037d9
26e138fdc0bfc8426704b397141d563cf4d580a2	vendor/wrpc-sw/ppsi/arch-wrs/include/arch/constants.h	1ee282630ba62007b2ce4f9d33062ebca9037913	vendor/wrpc-sw/ppsi/arch-wrs/include/arch/constants.h	byte-identical	e4ed23d21008bae959a55bcb9b3515244056b9e02d7df4febb95c82cde2edb26
26e138fdc0bfc8426704b397141d563cf4d580a2	vendor/wrpc-sw/ppsi/arch-wrs/include/libwr/.gitignore	60d6e8dda17e06fa6c14612f5917ce363224e2db	vendor/wrpc-sw/ppsi/arch-wrs/include/libwr/.gitignore	byte-identical	ebe927f83df85161606082e25ddf76e95e1d733b9fec9d0ad28c1cc553b873d3
26e138fdc0bfc8426704b397141d563cf4d580a2	vendor/wrpc-sw/ppsi/arch-wrs/include/libwr/wrs-msg.h	d2ac16568551c0e2419c70f45d53a12e9c516ead	vendor/wrpc-sw/ppsi/arch-wrs/include/libwr/wrs-msg.h	byte-identical	97fddd05c8b1636094e946b1edb836ad354b6fed362bf7dea37570552ef27efa
26e138fdc0bfc8426704b397141d563cf4d580a2	vendor/wrpc-sw/ppsi/arch-wrs/include/ppsi-wrs.h	66ac1bb9c0cd5dc7e69adf30f8a60c3e944e37f5	vendor/wrpc-sw/ppsi/arch-wrs/include/ppsi-wrs.h	byte-identical	003eac61b34f2a9a88df737323223c2b5ba44c4c6fcc4d241c03372c5320558a
26e138fdc0bfc8426704b397141d563cf4d580a2	vendor/wrpc-sw/ppsi/arch-wrs/include/ppsi_exports.h	7a3ca7dd62d639aaf29309a36b68afa80a701a3d	vendor/wrpc-sw/ppsi/arch-wrs/include/ppsi_exports.h	byte-identical	50f1abe19958a1510de6ae607b5d939c0c29e4cb701bcaf35173cdfa016548f5
26e138fdc0bfc8426704b397141d563cf4d580a2	vendor/wrpc-sw/ppsi/arch-wrs/include/strnlen.h	2e0b3d6d9383d701eb12f4b706bcd1c234ae0394	vendor/wrpc-sw/ppsi/arch-wrs/include/strnlen.h	byte-identical	5f78bc9b29cd39edbf884ad2bf10f2eeb252512ec7c3c8f8ff2378339a40f977
26e138fdc0bfc8426704b397141d563cf4d580a2	vendor/wrpc-sw/ppsi/arch-wrs/main-loop.c	4deefd15c3cd823c1363d6f3dec95dc169327cc0	vendor/wrpc-sw/ppsi/arch-wrs/main-loop.c	byte-identical	354d1aacb100a8a2921fdae95e4f333a1875c8e6bb557191fecdac3b4316824b
26e138fdc0bfc8426704b397141d563cf4d580a2	vendor/wrpc-sw/ppsi/arch-wrs/mini-rpc/COPYING	1739e72a26bf3f082cb48a97a6dd5db39fd330d2	vendor/wrpc-sw/ppsi/arch-wrs/mini-rpc/COPYING	byte-identical	9dbeb0f8568e2aa001500a3b7f4102deb2fcdaa4fb8eaa275b9a8810ef7b26db
26e138fdc0bfc8426704b397141d563cf4d580a2	vendor/wrpc-sw/ppsi/arch-wrs/mini-rpc/Makefile	f2d2df39f93d1cd1635e144fc4ebffc8a2c9cfad	vendor/wrpc-sw/ppsi/arch-wrs/mini-rpc/Makefile	byte-identical	b1627438f7023ceded526425acc874f55d26cb530c3d404a051190c32d0c7b95
26e138fdc0bfc8426704b397141d563cf4d580a2	vendor/wrpc-sw/ppsi/arch-wrs/mini-rpc/README	cc6d846c6abfb8e24bae5aa91cb97f197aa2696a	vendor/wrpc-sw/ppsi/arch-wrs/mini-rpc/README	byte-identical	3dd5487ab2b223f90595beb04f7a440ca8b711e56ebdecb19159335726359109
26e138fdc0bfc8426704b397141d563cf4d580a2	vendor/wrpc-sw/ppsi/arch-wrs/mini-rpc/arch-lm32/stdint.h	c69118d2471488e3bd2c5ffaa88635d9e857a9e8	vendor/wrpc-sw/ppsi/arch-wrs/mini-rpc/arch-lm32/stdint.h	byte-identical	a19bf3f2cc5e84418eaebba9149b3877b61947c4addb0e5c01c140174fc9d9ed
26e138fdc0bfc8426704b397141d563cf4d580a2	vendor/wrpc-sw/ppsi/arch-wrs/mini-rpc/check-freestanding	adc69b6e52c833b44628084f82b998ad7530ac69	vendor/wrpc-sw/ppsi/arch-wrs/mini-rpc/check-freestanding	byte-identical	5726f51d4631338a4f9480a77f92f0b3715cd09ac4725771ecb1a1125bb1ff04
26e138fdc0bfc8426704b397141d563cf4d580a2	vendor/wrpc-sw/ppsi/arch-wrs/mini-rpc/doc/.gitignore	1d549ade60c4d886124e7d79ab6ef6b0fdb9235c	vendor/wrpc-sw/ppsi/arch-wrs/mini-rpc/doc/.gitignore	byte-identical	5d729d89bc60ebbfe38af7d740bdf5b4c52b94a482de74cc939e5718967db31c
26e138fdc0bfc8426704b397141d563cf4d580a2	vendor/wrpc-sw/ppsi/arch-wrs/mini-rpc/doc/Makefile	553ac807ed183d1517da4c1dffe2b0d8a559d04f	vendor/wrpc-sw/ppsi/arch-wrs/mini-rpc/doc/Makefile	byte-identical	164ff5bdfff402d94a0e484edb7365b100c7684b97be43a06fab1ba643d265eb
26e138fdc0bfc8426704b397141d563cf4d580a2	vendor/wrpc-sw/ppsi/arch-wrs/mini-rpc/doc/fixinfo	b7ae0ba57f9b4fcc53fcd3a97a7197aeaef88cbc	vendor/wrpc-sw/ppsi/arch-wrs/mini-rpc/doc/fixinfo	byte-identical	2bb0f443d9a3824d63a6cfec99a0333f30fe21f9673f05d79d04f19f8a532d12
26e138fdc0bfc8426704b397141d563cf4d580a2	vendor/wrpc-sw/ppsi/arch-wrs/mini-rpc/doc/infofilter	a6a4ab4e21698110508a757e02d92dce5b29e438	vendor/wrpc-sw/ppsi/arch-wrs/mini-rpc/doc/infofilter	byte-identical	89edfaf33d416106dbf5978c4656e7eaf123c7d41aa2fd218d94aa2e4a7b698c
26e138fdc0bfc8426704b397141d563cf4d580a2	vendor/wrpc-sw/ppsi/arch-wrs/mini-rpc/doc/mini-ipc.in	864afd77541ae21ff460651939254561494aa227	vendor/wrpc-sw/ppsi/arch-wrs/mini-rpc/doc/mini-ipc.in	byte-identical	da121c49b22ed70cf66c9184b8a6e99897eed6907e50e26765106db1414f4aad
26e138fdc0bfc8426704b397141d563cf4d580a2	vendor/wrpc-sw/ppsi/arch-wrs/mini-rpc/examples/.gitignore	50cb3d967a93d5e0f34bde75473b6fcf8005e7c1	vendor/wrpc-sw/ppsi/arch-wrs/mini-rpc/examples/.gitignore	byte-identical	0fa93a02bd79d83942db1880ab4cbe46406bb756a77e0858cd57a06ded791e8e
26e138fdc0bfc8426704b397141d563cf4d580a2	vendor/wrpc-sw/ppsi/arch-wrs/mini-rpc/examples/Makefile	a5ce472dc902949cc124afb0f097f59e79388dc5	vendor/wrpc-sw/ppsi/arch-wrs/mini-rpc/examples/Makefile	byte-identical	7f1e6c558bcba94d842646f1eaecccb68fbf4cd6914f5e625d512402d2749c5a
26e138fdc0bfc8426704b397141d563cf4d580a2	vendor/wrpc-sw/ppsi/arch-wrs/mini-rpc/examples/README	8c1af9b1d0a864814ff9ab352916d1b7f4d76a3e	vendor/wrpc-sw/ppsi/arch-wrs/mini-rpc/examples/README	byte-identical	d1bb0295f7b16ad5b6806621afc9bd80d6b0c7a1985abc86b4bb62bac3c1f9ad
26e138fdc0bfc8426704b397141d563cf4d580a2	vendor/wrpc-sw/ppsi/arch-wrs/mini-rpc/examples/freestanding-server.c	1e74739874386b949fc03fa03826ff8308ac5635	vendor/wrpc-sw/ppsi/arch-wrs/mini-rpc/examples/freestanding-server.c	byte-identical	1009e0b3f8e99ed2af27b8a3b905c4191ba43a050345026b08ad24fa633f52f5
26e138fdc0bfc8426704b397141d563cf4d580a2	vendor/wrpc-sw/ppsi/arch-wrs/mini-rpc/examples/mbox-bridge.c	33801b12585430f8b4eab942f3271da149c20cc9	vendor/wrpc-sw/ppsi/arch-wrs/mini-rpc/examples/mbox-bridge.c	byte-identical	607784411a0db70f3d61221f6cb80aca24b391131e4c0338435afc4ab1e2e175
26e138fdc0bfc8426704b397141d563cf4d580a2	vendor/wrpc-sw/ppsi/arch-wrs/mini-rpc/examples/mbox-client.c	677154dc751a32b02c12a195650f1869ca3d8ee3	vendor/wrpc-sw/ppsi/arch-wrs/mini-rpc/examples/mbox-client.c	byte-identical	1ed6756fe7f575a9f3c59932da78be6c6c2591417b7cc08839dd7e86e0b39767
26e138fdc0bfc8426704b397141d563cf4d580a2	vendor/wrpc-sw/ppsi/arch-wrs/mini-rpc/examples/mbox-process.c	5f0269ccd120132e3d695acc5055020f36b16fca	vendor/wrpc-sw/ppsi/arch-wrs/mini-rpc/examples/mbox-process.c	byte-identical	945d42942254619d4449a1d1541eb8ed09c2a5964df8070a9abda0f2500661d1
26e138fdc0bfc8426704b397141d563cf4d580a2	vendor/wrpc-sw/ppsi/arch-wrs/mini-rpc/examples/minipc-shmem.h	bb5325e623acaf7d91abc9562e6efff4d535003c	vendor/wrpc-sw/ppsi/arch-wrs/mini-rpc/examples/minipc-shmem.h	byte-identical	8dce3b925fb6791a7fbbb4ba3a00b7dfa5da2bb15c12013170e98e3fb664b216
26e138fdc0bfc8426704b397141d563cf4d580a2	vendor/wrpc-sw/ppsi/arch-wrs/mini-rpc/examples/pty-client.c	e36bca452050719dd73d74abd6fe535393ac84bb	vendor/wrpc-sw/ppsi/arch-wrs/mini-rpc/examples/pty-client.c	byte-identical	ec0cab156ff51922ffa4b49ac5651f599761a0a79488f480c9760e2ed3490e5c
26e138fdc0bfc8426704b397141d563cf4d580a2	vendor/wrpc-sw/ppsi/arch-wrs/mini-rpc/examples/pty-rpc_server.c	ba8c096d2eb4816680bf699fc50e310d38a0b63f	vendor/wrpc-sw/ppsi/arch-wrs/mini-rpc/examples/pty-rpc_server.c	byte-identical	4dbf7b667b0de132158f9ca278032943ac38b516b4e4a6dc818c655766d4aa4c
26e138fdc0bfc8426704b397141d563cf4d580a2	vendor/wrpc-sw/ppsi/arch-wrs/mini-rpc/examples/pty-rpc_structs.c	6fb52962c8d81fdfb39102429bc5cb9011de5b96	vendor/wrpc-sw/ppsi/arch-wrs/mini-rpc/examples/pty-rpc_structs.c	byte-identical	69ed53c7412078efb8727544a1093f3a122e43ed4c129b022c0d6e9d77c6f7ca
26e138fdc0bfc8426704b397141d563cf4d580a2	vendor/wrpc-sw/ppsi/arch-wrs/mini-rpc/examples/pty-server.c	7cb0d764d33084c9200709b32fa403e078e25904	vendor/wrpc-sw/ppsi/arch-wrs/mini-rpc/examples/pty-server.c	byte-identical	444f949aaf545c671cbb7941a4789cd13c62b2dcf1d4a5134beed8d9d3fee55f
26e138fdc0bfc8426704b397141d563cf4d580a2	vendor/wrpc-sw/ppsi/arch-wrs/mini-rpc/examples/pty-server.h	1aefa9a734dafb6882cdc92478125d9b858b7f41	vendor/wrpc-sw/ppsi/arch-wrs/mini-rpc/examples/pty-server.h	byte-identical	0a10051c12956b6bf8155f633a3b53414597552a87b14172a56ced1a1683dc8a
26e138fdc0bfc8426704b397141d563cf4d580a2	vendor/wrpc-sw/ppsi/arch-wrs/mini-rpc/examples/shmem-client.c	d4b32e050cf28a13d459831d695af74f8021a1b2	vendor/wrpc-sw/ppsi/arch-wrs/mini-rpc/examples/shmem-client.c	byte-identical	55afe14be178fcb3110d214219b41ac80eef3c070247f2124d3ba75591529277
26e138fdc0bfc8426704b397141d563cf4d580a2	vendor/wrpc-sw/ppsi/arch-wrs/mini-rpc/examples/shmem-server.c	cc8c5700a2d623818aa979476a2e73901d0ba3f3	vendor/wrpc-sw/ppsi/arch-wrs/mini-rpc/examples/shmem-server.c	byte-identical	a061969555e8f8b86f01e57f1012544c2556a37a3f9ab9055672171620ca1554
26e138fdc0bfc8426704b397141d563cf4d580a2	vendor/wrpc-sw/ppsi/arch-wrs/mini-rpc/examples/shmem-structs.c	ee3c9594b0a17c67d151ea20bfd17b22d7710521	vendor/wrpc-sw/ppsi/arch-wrs/mini-rpc/examples/shmem-structs.c	byte-identical	fc19b7358599988338ab5da98b21c876335c2c1b2353b1c8102dda2456b3141f
26e138fdc0bfc8426704b397141d563cf4d580a2	vendor/wrpc-sw/ppsi/arch-wrs/mini-rpc/examples/shmem-structs.h	4e047cc5e0693620cb05dc63f55cafbccb091d69	vendor/wrpc-sw/ppsi/arch-wrs/mini-rpc/examples/shmem-structs.h	byte-identical	ca6acdaef4c71c6aaa4e415cb5c2763c290671334db3f17c3ebecb0914f16563
26e138fdc0bfc8426704b397141d563cf4d580a2	vendor/wrpc-sw/ppsi/arch-wrs/mini-rpc/examples/trivial-client.c	7061ffbdbf3a75ea54ebb2d8656c39833d5d7273	vendor/wrpc-sw/ppsi/arch-wrs/mini-rpc/examples/trivial-client.c	byte-identical	64b2bc143bdb6b5ba7e4a73fcb963880196062a34bc416c36a13011020d33e5d
26e138fdc0bfc8426704b397141d563cf4d580a2	vendor/wrpc-sw/ppsi/arch-wrs/mini-rpc/examples/trivial-server.c	c3a1d2c9fcb257d4e302b7789d3271f17ec018ed	vendor/wrpc-sw/ppsi/arch-wrs/mini-rpc/examples/trivial-server.c	byte-identical	760b3498622d526938c96449deaa852e5935f0b1f56c35a86a5d3b6da7c5e9e2
26e138fdc0bfc8426704b397141d563cf4d580a2	vendor/wrpc-sw/ppsi/arch-wrs/mini-rpc/minipc-client.c	941308cecb391d7ed2ea36df332bf9ac19708836	vendor/wrpc-sw/ppsi/arch-wrs/mini-rpc/minipc-client.c	byte-identical	f4a0af4def1a57f89342e3be195b050a7a1d8a79117bc710ef005845909e972e
26e138fdc0bfc8426704b397141d563cf4d580a2	vendor/wrpc-sw/ppsi/arch-wrs/mini-rpc/minipc-core.c	7e17deac182da1428722fb966f7c6f77c9eb7d9a	vendor/wrpc-sw/ppsi/arch-wrs/mini-rpc/minipc-core.c	byte-identical	74b0a3bc17bf6b0a0202830150b1f9af9fa7de86f4cdee58515c0766bd6ccc53
26e138fdc0bfc8426704b397141d563cf4d580a2	vendor/wrpc-sw/ppsi/arch-wrs/mini-rpc/minipc-int.h	04d1a9a8039fb14dd1dd6191fc87a5e3c5b1826c	vendor/wrpc-sw/ppsi/arch-wrs/mini-rpc/minipc-int.h	byte-identical	640d3149a8a781c7b7f820254623e52c2f04c11203b8577d4bbf75145b2231eb
26e138fdc0bfc8426704b397141d563cf4d580a2	vendor/wrpc-sw/ppsi/arch-wrs/mini-rpc/minipc-mem-server.c	eb567a36190a452e0010408ed270f26fa40c725a	vendor/wrpc-sw/ppsi/arch-wrs/mini-rpc/minipc-mem-server.c	byte-identical	2ed10740084b61e22f70ab548b22e0f39cc5666e55e77685598b91ec6b544832
26e138fdc0bfc8426704b397141d563cf4d580a2	vendor/wrpc-sw/ppsi/arch-wrs/mini-rpc/minipc-server.c	ee5382de4065b0fb028f09753bdc7e38b0114cf2	vendor/wrpc-sw/ppsi/arch-wrs/mini-rpc/minipc-server.c	byte-identical	9b7d6ddd02d11e53c3bddad010e92a698925db19475be6e6aa5b188e4d71c98c
26e138fdc0bfc8426704b397141d563cf4d580a2	vendor/wrpc-sw/ppsi/arch-wrs/mini-rpc/minipc.h	cc1a3e03c3e0a5637387bf2db7e39a4ad80efc06	vendor/wrpc-sw/ppsi/arch-wrs/mini-rpc/minipc.h	byte-identical	63c87a098fe9d4a2689c9e94876e2cc5a855d3e76f768d3088e7f34c980463eb
26e138fdc0bfc8426704b397141d563cf4d580a2	vendor/wrpc-sw/ppsi/arch-wrs/save_size.sh	bad0f663030e59c429ae1294f651222516300b7e	vendor/wrpc-sw/ppsi/arch-wrs/save_size.sh	byte-identical	cbae5eac9490331e93492f085570de498b4cd72a4cf0c88d0d9d19b92218762a
26e138fdc0bfc8426704b397141d563cf4d580a2	vendor/wrpc-sw/ppsi/arch-wrs/shmem.c	c8cb905d95342a6ba0cfd937110c3ffe2ca54477	vendor/wrpc-sw/ppsi/arch-wrs/shmem.c	byte-identical	f0363d6927b6ac93f5cdeab833940b1464a955148ff8a8483d47f12ddc13caaf
26e138fdc0bfc8426704b397141d563cf4d580a2	vendor/wrpc-sw/ppsi/arch-wrs/util.c	da9205fe3c7f779ed2b3b6dd04d7d75cc76f7d65	vendor/wrpc-sw/ppsi/arch-wrs/util.c	byte-identical	3317394075bbdbd76dc816696a408d0911a3afe6a8d75421161e08311ceec491
26e138fdc0bfc8426704b397141d563cf4d580a2	vendor/wrpc-sw/ppsi/arch-wrs/wrs-calibration.c	6d7a4507403caaaa6d9cd9a3494b0816d3411c54	vendor/wrpc-sw/ppsi/arch-wrs/wrs-calibration.c	byte-identical	fbc14a3734bbb7b5e09c7df4f5b87028106e59ae3ddb17121d0992f8a3f1c81c
26e138fdc0bfc8426704b397141d563cf4d580a2	vendor/wrpc-sw/ppsi/arch-wrs/wrs-conf.c	f9856afc3fcb488c957ea02c933edf5139cdbcf1	vendor/wrpc-sw/ppsi/arch-wrs/wrs-conf.c	byte-identical	22a26517f0f7a9b782a1aca745429a624c3b2792330d372066c700fd9baf7d07
26e138fdc0bfc8426704b397141d563cf4d580a2	vendor/wrpc-sw/ppsi/arch-wrs/wrs-io.c	8aea8e770a096caa6d54efd87370421b8f672262	vendor/wrpc-sw/ppsi/arch-wrs/wrs-io.c	byte-identical	d39713b30073031f684bafa60a47870867a036352cf895d76e3b8bb5353f4371
26e138fdc0bfc8426704b397141d563cf4d580a2	vendor/wrpc-sw/ppsi/arch-wrs/wrs-ipcserver.c	abe02170b66c02da25d17f8a29edc9a10f35b023	vendor/wrpc-sw/ppsi/arch-wrs/wrs-ipcserver.c	byte-identical	523cef9b14920fe16cd1976a6f533ee83855ed7126152c55c8c7044de383c7b9
26e138fdc0bfc8426704b397141d563cf4d580a2	vendor/wrpc-sw/ppsi/arch-wrs/wrs-port.c	0f831cbaffd06d263426442962fcd4fca72e4c2b	vendor/wrpc-sw/ppsi/arch-wrs/wrs-port.c	byte-identical	ff635d8005e0d736d6d8dac41370b83fcb48eb3b50f96150913e702164122e8d
26e138fdc0bfc8426704b397141d563cf4d580a2	vendor/wrpc-sw/ppsi/arch-wrs/wrs-startup.c	eb825fdbd110813204350c00305bcf5e63682876	vendor/wrpc-sw/ppsi/arch-wrs/wrs-startup.c	byte-identical	9eb340b2955be5785d7ff06cb357d2837724ad310e396923ca4efcd4ad087cad
26e138fdc0bfc8426704b397141d563cf4d580a2	vendor/wrpc-sw/ppsi/configs/bare-i386_defconfig	e6de78e37d76bf969142178b92fc0f788677d881	vendor/wrpc-sw/ppsi/configs/bare-i386_defconfig	byte-identical	4c2097c0e8b052ae20adeed232a19fbbc81497ff27c7e62935597e26aa9ae298
26e138fdc0bfc8426704b397141d563cf4d580a2	vendor/wrpc-sw/ppsi/configs/bare-x86-64_defconfig	c6095f21a122b7f60dee3ff11a599e8b673d3d42	vendor/wrpc-sw/ppsi/configs/bare-x86-64_defconfig	byte-identical	40bf02e3ccd2f1751ae15cdd5d04b7d076fe54a535affd41aa3e586382463343
26e138fdc0bfc8426704b397141d563cf4d580a2	vendor/wrpc-sw/ppsi/configs/devel_build_test_defconfig	7d1739c77a0574b4b18244e5e69046936c3df1f7	vendor/wrpc-sw/ppsi/configs/devel_build_test_defconfig	byte-identical	182c66725088f51bedc131a100b317b37b04e942ab8c981297c198e394860dff
26e138fdc0bfc8426704b397141d563cf4d580a2	vendor/wrpc-sw/ppsi/configs/gsi_defconfig	9416b62f111b5620a55135db6a8e93bfa1940d8c	vendor/wrpc-sw/ppsi/configs/gsi_defconfig	byte-identical	153678904bdf06f8df5386116d4a1517869f5980aa9d7a831a9a8a6f7e49adba
26e138fdc0bfc8426704b397141d563cf4d580a2	vendor/wrpc-sw/ppsi/configs/gsi_pdelay_defconfig	00e0bea5384cdd57e3634f00b5d24298c76474ba	vendor/wrpc-sw/ppsi/configs/gsi_pdelay_defconfig	byte-identical	3daf57c3c66da3ec42561c02569b0dc05acd1f9ac34a0521be305cce124b19ee
26e138fdc0bfc8426704b397141d563cf4d580a2	vendor/wrpc-sw/ppsi/configs/sim_defconfig	9f12678667c24ad24052764d8c885253ef53a1e5	vendor/wrpc-sw/ppsi/configs/sim_defconfig	byte-identical	4c250ecb02432a8d4bbbf99719c0a38c4cd1a2becb82855f7d24e87e28ee682d
26e138fdc0bfc8426704b397141d563cf4d580a2	vendor/wrpc-sw/ppsi/configs/spec_defconfig	db2d8d6d32f110f958ffa53bf4d40f54bb0e59d9	vendor/wrpc-sw/ppsi/configs/spec_defconfig	byte-identical	70b84bf4ca53a6f8582fbe14ef31abe045387f78fd5e0bd7f5943abb9dfbf5c2
26e138fdc0bfc8426704b397141d563cf4d580a2	vendor/wrpc-sw/ppsi/configs/spec_pdelay_defconfig	68ade987db23535a413d11a98c78b0639b436456	vendor/wrpc-sw/ppsi/configs/spec_pdelay_defconfig	byte-identical	b1ccea18b77ff242b0c1be1922b301f90dfdbe9b946b1a57903fa53e489da483
26e138fdc0bfc8426704b397141d563cf4d580a2	vendor/wrpc-sw/ppsi/configs/spec_riscv_comp_defconfig	1117084facfd490b3a7d507e4c5c2fd5664222e7	vendor/wrpc-sw/ppsi/configs/spec_riscv_comp_defconfig	byte-identical	92d7a0973325e86b2650ad738b1c6b50f60db1bb46d6e29f5bd26a02c337f5a8
26e138fdc0bfc8426704b397141d563cf4d580a2	vendor/wrpc-sw/ppsi/configs/spec_riscv_defconfig	1117084facfd490b3a7d507e4c5c2fd5664222e7	vendor/wrpc-sw/ppsi/configs/spec_riscv_defconfig	byte-identical	92d7a0973325e86b2650ad738b1c6b50f60db1bb46d6e29f5bd26a02c337f5a8
26e138fdc0bfc8426704b397141d563cf4d580a2	vendor/wrpc-sw/ppsi/configs/target_afcz_defconfig	9416b62f111b5620a55135db6a8e93bfa1940d8c	vendor/wrpc-sw/ppsi/configs/target_afcz_defconfig	byte-identical	153678904bdf06f8df5386116d4a1517869f5980aa9d7a831a9a8a6f7e49adba
26e138fdc0bfc8426704b397141d563cf4d580a2	vendor/wrpc-sw/ppsi/configs/target_ertm14_defconfig	9416b62f111b5620a55135db6a8e93bfa1940d8c	vendor/wrpc-sw/ppsi/configs/target_ertm14_defconfig	byte-identical	153678904bdf06f8df5386116d4a1517869f5980aa9d7a831a9a8a6f7e49adba
26e138fdc0bfc8426704b397141d563cf4d580a2	vendor/wrpc-sw/ppsi/configs/target_generic_phy_16bit_defconfig	9416b62f111b5620a55135db6a8e93bfa1940d8c	vendor/wrpc-sw/ppsi/configs/target_generic_phy_16bit_defconfig	byte-identical	153678904bdf06f8df5386116d4a1517869f5980aa9d7a831a9a8a6f7e49adba
26e138fdc0bfc8426704b397141d563cf4d580a2	vendor/wrpc-sw/ppsi/configs/target_pxie_fmc_defconfig	9416b62f111b5620a55135db6a8e93bfa1940d8c	vendor/wrpc-sw/ppsi/configs/target_pxie_fmc_defconfig	byte-identical	153678904bdf06f8df5386116d4a1517869f5980aa9d7a831a9a8a6f7e49adba
26e138fdc0bfc8426704b397141d563cf4d580a2	vendor/wrpc-sw/ppsi/configs/target_sis8300ku_defconfig	9416b62f111b5620a55135db6a8e93bfa1940d8c	vendor/wrpc-sw/ppsi/configs/target_sis8300ku_defconfig	byte-identical	153678904bdf06f8df5386116d4a1517869f5980aa9d7a831a9a8a6f7e49adba
26e138fdc0bfc8426704b397141d563cf4d580a2	vendor/wrpc-sw/ppsi/configs/unix_debug_defconfig	99a3c2358c550109dddd1b2d271dc62284afb940	vendor/wrpc-sw/ppsi/configs/unix_debug_defconfig	byte-identical	74877785ef68a68490c00dd6f90e7afa41eead67638f80ada61fa3677a4a6f77
26e138fdc0bfc8426704b397141d563cf4d580a2	vendor/wrpc-sw/ppsi/configs/unix_defconfig	51d720d61e2c05cdada093739c803986aa580002	vendor/wrpc-sw/ppsi/configs/unix_defconfig	byte-identical	f41cfbbe2381516712c94aa22ebaec5d9a21b8276eed942430a03399d88a37b4
26e138fdc0bfc8426704b397141d563cf4d580a2	vendor/wrpc-sw/ppsi/configs/wrnic_defconfig	af9f13891552aa7026e6f0aea1f582f378aab3e3	vendor/wrpc-sw/ppsi/configs/wrnic_defconfig	byte-identical	93231046f72862f38a35531cf4c99eea1be55ada432b43152ef0ceec46292285
26e138fdc0bfc8426704b397141d563cf4d580a2	vendor/wrpc-sw/ppsi/configs/wrpc_defconfig	a40081f199043042fab3a2f5e1772a35a8a9674e	vendor/wrpc-sw/ppsi/configs/wrpc_defconfig	byte-identical	d03c5e73dbd48f0e935426a75209000ed4e589431bdb01676038aefd01ba1d92
26e138fdc0bfc8426704b397141d563cf4d580a2	vendor/wrpc-sw/ppsi/configs/wrpc_pdelay_defconfig	8119d9a8795e55f3d67fec7ef8459d424efec6ff	vendor/wrpc-sw/ppsi/configs/wrpc_pdelay_defconfig	byte-identical	8a190351d17ed9a3a9ccf64a34522327e39b595345c83d3c2432d1db221323f2
26e138fdc0bfc8426704b397141d563cf4d580a2	vendor/wrpc-sw/ppsi/configs/wrpc_sim_defconfig	9416b62f111b5620a55135db6a8e93bfa1940d8c	vendor/wrpc-sw/ppsi/configs/wrpc_sim_defconfig	byte-identical	153678904bdf06f8df5386116d4a1517869f5980aa9d7a831a9a8a6f7e49adba
26e138fdc0bfc8426704b397141d563cf4d580a2	vendor/wrpc-sw/ppsi/configs/wrs_defconfig	17659bf877e9bdc3defa7ed9dba65163a1e022c0	vendor/wrpc-sw/ppsi/configs/wrs_defconfig	byte-identical	e5c74d2fd4e4d75d6f925c7693cd4ef9362dbb8c23fac9e58a810b39cdce1076
26e138fdc0bfc8426704b397141d563cf4d580a2	vendor/wrpc-sw/ppsi/diag.c	04bf2fd24978a47eb824ea91720705c922ab20e2	vendor/wrpc-sw/ppsi/diag.c	byte-identical	b5523c9a4f58e6a3ecfc3f24f2b3c79cf3a58d2adf115ca2efcd46fff62ffe71
26e138fdc0bfc8426704b397141d563cf4d580a2	vendor/wrpc-sw/ppsi/doc/.gitignore	a6900d93bd1e213b821723c298b558265ede41b0	vendor/wrpc-sw/ppsi/doc/.gitignore	byte-identical	3c41f019b9c438bdd5d7088e7cc01de4764ab5e35071ba5aa3082b61629721ea
26e138fdc0bfc8426704b397141d563cf4d580a2	vendor/wrpc-sw/ppsi/doc/Makefile	011663fb65d5f0b94ec6965a7b7fe440572d6175	vendor/wrpc-sw/ppsi/doc/Makefile	byte-identical	4921a4649fe88970a89ba6481361c1a4ee1ff3f938c4660074a5f4cfa53c2d1f
26e138fdc0bfc8426704b397141d563cf4d580a2	vendor/wrpc-sw/ppsi/doc/fixinfo	b7ae0ba57f9b4fcc53fcd3a97a7197aeaef88cbc	vendor/wrpc-sw/ppsi/doc/fixinfo	byte-identical	2bb0f443d9a3824d63a6cfec99a0333f30fe21f9673f05d79d04f19f8a532d12
26e138fdc0bfc8426704b397141d563cf4d580a2	vendor/wrpc-sw/ppsi/doc/infofilter	5c746f75c19578a99389c2e4bc7db400542c2636	vendor/wrpc-sw/ppsi/doc/infofilter	byte-identical	18007807b4adf7207670b64774ebfcb6b154dcfc5b2eeba2e5ed0b2c9c120d6a
26e138fdc0bfc8426704b397141d563cf4d580a2	vendor/wrpc-sw/ppsi/doc/ppsi-manual.in	6ecd6d16b14aab29f30db522ab173c78b2159fc9	vendor/wrpc-sw/ppsi/doc/ppsi-manual.in	byte-identical	a3c775ccff63fea2d73e3ddb99513ac554c03d33d80a91574cf76527380386dd
26e138fdc0bfc8426704b397141d563cf4d580a2	vendor/wrpc-sw/ppsi/etc/README	7edffbccbeb4475044b794e839f6fcd5d4b0a5fa	vendor/wrpc-sw/ppsi/etc/README	byte-identical	482bf3f839ed3f08c86f3dab31d814b80bbac29564628c2ad3892736dbf36add
26e138fdc0bfc8426704b397141d563cf4d580a2	vendor/wrpc-sw/ppsi/etc/ppsi-wrs.conf	5f396e05375eb6368ad65ded0433919f94564651	vendor/wrpc-sw/ppsi/etc/ppsi-wrs.conf	byte-identical	7f9dec3af3b915406bc4d8c3d4c8930b60dbd59147ee84ba9a39e97b0e0d51e0
26e138fdc0bfc8426704b397141d563cf4d580a2	vendor/wrpc-sw/ppsi/etc/ppsi.conf	f5ea960e75097f2b7fe97e8b353ff2b2db40e2e6	vendor/wrpc-sw/ppsi/etc/ppsi.conf	byte-identical	9b058bb2fce7957ecfe6ad4b2f2ae63b7be8d59fd1c3e381ad26b457e336d44d
26e138fdc0bfc8426704b397141d563cf4d580a2	vendor/wrpc-sw/ppsi/fsm.c	dd0093d69af51c2a638271acc843aded660cffef	vendor/wrpc-sw/ppsi/fsm.c	byte-identical	29ad544e2bf9be03672771a49a46b36b45688f0cedce0eee87f1e0aefe20712c
26e138fdc0bfc8426704b397141d563cf4d580a2	vendor/wrpc-sw/ppsi/include/hw-specific/wrh.h	e16b8258cc2a53129a3d7afd802b91f292ab0ece	vendor/wrpc-sw/ppsi/include/hw-specific/wrh.h	byte-identical	879d45cece4d49ebad9ae4ebe710272df5ffedd781bbde16aba5a3c382c81e47
26e138fdc0bfc8426704b397141d563cf4d580a2	vendor/wrpc-sw/ppsi/include/ppsi/assert.h	1fca7442b0956e242feeed4d95544e7f39d9c5c5	vendor/wrpc-sw/ppsi/include/ppsi/assert.h	byte-identical	be454592e9f0c5c93a04f8587cb07afd22c57c240abbc2a493544386c19500f8
26e138fdc0bfc8426704b397141d563cf4d580a2	vendor/wrpc-sw/ppsi/include/ppsi/bmc.h	6716b3628dff45bb99a80097bd168aee0d6bf787	vendor/wrpc-sw/ppsi/include/ppsi/bmc.h	byte-identical	909d875abcdd21b206dbbab6b8d992bb2a3ad189a990ba4ece1c304c9aedbb77
26e138fdc0bfc8426704b397141d563cf4d580a2	vendor/wrpc-sw/ppsi/include/ppsi/conf.h	fba0fea00b83318afb46f2af4b4dfb84fe12215c	vendor/wrpc-sw/ppsi/include/ppsi/conf.h	byte-identical	824989e4480c8d437faa6f1ab6900effe89f8e4b916b5d321594b0913cbfc08f
26e138fdc0bfc8426704b397141d563cf4d580a2	vendor/wrpc-sw/ppsi/include/ppsi/constants.h	a03619696126c6493f06a699058759fec44aa3a5	vendor/wrpc-sw/ppsi/include/ppsi/constants.h	byte-identical	6303320b244fc65c783594ffc54955c0bab7b134429b0bfee594db4f1c275bc4
26e138fdc0bfc8426704b397141d563cf4d580a2	vendor/wrpc-sw/ppsi/include/ppsi/diag-macros.h	aeb4c7ed3715242bf90dae97aeec8295b6b3b56a	vendor/wrpc-sw/ppsi/include/ppsi/diag-macros.h	byte-identical	532eef80094cf275b5f938b96dce38e72e0364cdb4aa918b4c7b0b902f9274fa
26e138fdc0bfc8426704b397141d563cf4d580a2	vendor/wrpc-sw/ppsi/include/ppsi/faults.h	180367a62f241b464c301f43aa41407d77359104	vendor/wrpc-sw/ppsi/include/ppsi/faults.h	byte-identical	e3f5bcf60d2415c8c73b328a0f4806ef115445674c9ae0589a48540c36af08c6
26e138fdc0bfc8426704b397141d563cf4d580a2	vendor/wrpc-sw/ppsi/include/ppsi/ieee1588_types.h	66afb4f37e1a2e2675f272f58916faf3fbf48ce5	vendor/wrpc-sw/ppsi/include/ppsi/ieee1588_types.h	byte-identical	7a1b23fd26081ed2c6fc95ceaea58ea90339c06373735a69ed2e1e401e5bf830
26e138fdc0bfc8426704b397141d563cf4d580a2	vendor/wrpc-sw/ppsi/include/ppsi/jiffies.h	8127e225c288c9ab921d8cdac9aa4b51b252bd09	vendor/wrpc-sw/ppsi/include/ppsi/jiffies.h	byte-identical	010386e3cd1c39ba5fcc69794cab918d989b217dc30fb94c53d472b0cd8f80e9
26e138fdc0bfc8426704b397141d563cf4d580a2	vendor/wrpc-sw/ppsi/include/ppsi/lib.h	b801f579c5869f1bd5913cf987e2ce965d1bbc7f	vendor/wrpc-sw/ppsi/include/ppsi/lib.h	byte-identical	8dabded914be9807a736ce68ac2e43baab1b865e7c6530472dc3d648f9d5b6c0
26e138fdc0bfc8426704b397141d563cf4d580a2	vendor/wrpc-sw/ppsi/include/ppsi/pp-instance.h	72e137000fa55c9ee69a7b32448c437a286e5c96	vendor/wrpc-sw/ppsi/include/ppsi/pp-instance.h	byte-identical	79be79227ea26c30829457e8295bc604b89455216c89d97fdd28a3f786cf3272
26e138fdc0bfc8426704b397141d563cf4d580a2	vendor/wrpc-sw/ppsi/include/ppsi/pp-time.h	03f382150aa5c1152c6796eef59a39beeb885858	vendor/wrpc-sw/ppsi/include/ppsi/pp-time.h	byte-identical	bc9368598f0f1ae125ed8f4812ee1f727b0d4d0730854c1c99804d133c0d9113
26e138fdc0bfc8426704b397141d563cf4d580a2	vendor/wrpc-sw/ppsi/include/ppsi/ppsi.h	3ada3ea55ebd0199be17a35ed899a7f2cbc7337f	vendor/wrpc-sw/ppsi/include/ppsi/ppsi.h	byte-identical	8a1452ca5f54c8482b562e870552df129b04f1e57f6ef2ed68260959ef8134af
26e138fdc0bfc8426704b397141d563cf4d580a2	vendor/wrpc-sw/ppsi/include/ppsi/timeout_def.h	efead7dcf89b0eba15f99ffa2b3d73f77ddda338	vendor/wrpc-sw/ppsi/include/ppsi/timeout_def.h	byte-identical	de42dfaa8ef04f765073119803199a38cd3334629b7a6f2103b4bb0386e639a4
26e138fdc0bfc8426704b397141d563cf4d580a2	vendor/wrpc-sw/ppsi/include/ppsi/timeout_prot.h	8c25f1af3ff1ab1772bc504e92e0321326529208	vendor/wrpc-sw/ppsi/include/ppsi/timeout_prot.h	byte-identical	f8d674fb7365b3083dc1bef6c00a5b53323bee3e059114cadced9a05adc0155a
26e138fdc0bfc8426704b397141d563cf4d580a2	vendor/wrpc-sw/ppsi/lib-bare/bare-io.c	d254d2227b86543320f3fca7df2e8fd1a0103c44	vendor/wrpc-sw/ppsi/lib-bare/bare-io.c	byte-identical	f67c9c602f739549e42adbf7ed76fee107c5f1a9e473484824bae832467c30b1
26e138fdc0bfc8426704b397141d563cf4d580a2	vendor/wrpc-sw/ppsi/lib-bare/bare-linux.h	292d954d678d6e6189e780e65b3e69f15135679c	vendor/wrpc-sw/ppsi/lib-bare/bare-linux.h	byte-identical	5232c9547f6c3b2d3ceca41164a5e489f11d86fd3f99a68c991d3595d3077db8
26e138fdc0bfc8426704b397141d563cf4d580a2	vendor/wrpc-sw/ppsi/lib-bare/bare-startup.c	ef63d41ff15471c5e034c1f18f70b15665fac4b2	vendor/wrpc-sw/ppsi/lib-bare/bare-startup.c	byte-identical	eb3df95497f209a19f8bb8af667568276953a149638995f50d566332d410784e
26e138fdc0bfc8426704b397141d563cf4d580a2	vendor/wrpc-sw/ppsi/lib-bare/main-loop.c	21e2436f6309d11cebdf0e5c99c56b88067856e7	vendor/wrpc-sw/ppsi/lib-bare/main-loop.c	byte-identical	36b97557c808044e903b3012eb7e1870c05f70aa1546d18c778bd670ccdbcb09
26e138fdc0bfc8426704b397141d563cf4d580a2	vendor/wrpc-sw/ppsi/lib/assert.c	c25a63436b5645510de8bb0a42e19db2394335fb	vendor/wrpc-sw/ppsi/lib/assert.c	byte-identical	77e68507bcde52d660c0349472352e5daeddc302a623a323b87885ea6acd140d
26e138fdc0bfc8426704b397141d563cf4d580a2	vendor/wrpc-sw/ppsi/lib/cmdline.c	b5ec7999e9d76387f13f7c6951b5e79c3158a24c	vendor/wrpc-sw/ppsi/lib/cmdline.c	byte-identical	199e56b1f94b167c2dc925ec137095d76984b2cc73824d6ffca8b955fe000d9a
26e138fdc0bfc8426704b397141d563cf4d580a2	vendor/wrpc-sw/ppsi/lib/conf.c	0c33f1cfb0f98d65796ed16e97850b1e4b928d96	vendor/wrpc-sw/ppsi/lib/conf.c	byte-identical	732d7e71ebed49b4b44102409e3b38c7f4ab5c9ccb2b289b1f20abc9792bece9
26e138fdc0bfc8426704b397141d563cf4d580a2	vendor/wrpc-sw/ppsi/lib/div64.c	801e1a3b9ecd9979f9f6a42548282b0c2ace4ff8	vendor/wrpc-sw/ppsi/lib/div64.c	byte-identical	af55054c0d7d79803c0ebf9c1a2e1ea1694d1423ad423d21af4ffab8dc8d232d
26e138fdc0bfc8426704b397141d563cf4d580a2	vendor/wrpc-sw/ppsi/lib/drop.c	cb7c4424bfd242e54d500f152e63d65e05613eaf	vendor/wrpc-sw/ppsi/lib/drop.c	byte-identical	7d3a950423cf6a87d07bb39de904a2af4e8f8976d9c6d8931eda0a46b93d332d
26e138fdc0bfc8426704b397141d563cf4d580a2	vendor/wrpc-sw/ppsi/lib/dump-funcs.c	19e97ee74e06130090368a81f0d50194c9ba4be9	vendor/wrpc-sw/ppsi/lib/dump-funcs.c	byte-identical	418b9ea16f5d8864c3ecd9a0c764ae543c676d0d4d3c194062f4c5358bf8daa1
26e138fdc0bfc8426704b397141d563cf4d580a2	vendor/wrpc-sw/ppsi/lib/faults.c	190e42d94a392554716a48148b72d28dacf3180a	vendor/wrpc-sw/ppsi/lib/faults.c	byte-identical	3d48de8e3b405d8242226c85b35da51ed3f855f21b8aa3a66ec69ea2da00a125
26e138fdc0bfc8426704b397141d563cf4d580a2	vendor/wrpc-sw/ppsi/lib/libc-functions.c	806bd7dea37b49ab4bccbb18373239d2af661956	vendor/wrpc-sw/ppsi/lib/libc-functions.c	byte-identical	93a0ebb29e9432704f884094a14053952433436ac7a04803f947d111b5a70fa3
26e138fdc0bfc8426704b397141d563cf4d580a2	vendor/wrpc-sw/ppsi/lib/network_types.h	e4d8485d60ebd17dc292ebdeca6964ee9f288ef7	vendor/wrpc-sw/ppsi/lib/network_types.h	byte-identical	77136ebde2e2d1c191f41b158a6f908c4578fc51c95407b3cdf39ca666a1a100
26e138fdc0bfc8426704b397141d563cf4d580a2	vendor/wrpc-sw/ppsi/lib/time-arith.c	01c188d14b8b5fd45d46fa3694f27b76f2132bae	vendor/wrpc-sw/ppsi/lib/time-arith.c	byte-identical	14be7859f187a3a816b876f39f369a60d9a46d276bb42d3a6ddb2470dc18d477
26e138fdc0bfc8426704b397141d563cf4d580a2	vendor/wrpc-sw/ppsi/msgtype.c	b857990f16b86c86ebb1ab49efcb299faef57546	vendor/wrpc-sw/ppsi/msgtype.c	byte-identical	36329ec988357e3b6d064abbef8ee05df30fc0d2e53bf41597ce9859cdd184e1
26e138fdc0bfc8426704b397141d563cf4d580a2	vendor/wrpc-sw/ppsi/pp_printf/.gitignore	9c8abba75ecf08083c86a905b37f14a62e9059a3	vendor/wrpc-sw/ppsi/pp_printf/.gitignore	byte-identical	964551aa1a90ba8df7a2f6d84ac7990b6407f33d0effcb0e84f72a7231641149
26e138fdc0bfc8426704b397141d563cf4d580a2	vendor/wrpc-sw/ppsi/pp_printf/COPYING	d511905c1647a1e311e8b20d5930a37a9c2531cd	vendor/wrpc-sw/ppsi/pp_printf/COPYING	byte-identical	ab15fd526bd8dd18a9e77ebc139656bf4d33e97fc7238cd11bf60e2b9b8666c6
26e138fdc0bfc8426704b397141d563cf4d580a2	vendor/wrpc-sw/ppsi/pp_printf/Makefile	53767749ebafb9a12057c0c59ac6320201bc56d0	vendor/wrpc-sw/ppsi/pp_printf/Makefile	byte-identical	fb6842db40f036ec539af490e5617a3d674d8160ed5255e45bba6d920e4bd5f3
26e138fdc0bfc8426704b397141d563cf4d580a2	vendor/wrpc-sw/ppsi/pp_printf/README	009b6c467455708e4994cb22cbf68577117ca1e7	vendor/wrpc-sw/ppsi/pp_printf/README	byte-identical	a0e500177d6f3f1987dd83dfb8a0dccbf2d19637e35442214ad264a26797c39c
26e138fdc0bfc8426704b397141d563cf4d580a2	vendor/wrpc-sw/ppsi/pp_printf/div64.c	d175bc4a04c42c69aaa1216dacd95094da45effa	vendor/wrpc-sw/ppsi/pp_printf/div64.c	byte-identical	428bc7c6225f085bd1bd6ce2d1f4fc529a0cc92549b2a6e849fc22e6d36e1aa6
26e138fdc0bfc8426704b397141d563cf4d580a2	vendor/wrpc-sw/ppsi/pp_printf/example-printf.c	896314387c2508abeaa2ed11247f988e6516707d	vendor/wrpc-sw/ppsi/pp_printf/example-printf.c	byte-identical	d30ff2f19787e19c508d90929394e43191dcb8553dd803b39aae830a630e27c0
26e138fdc0bfc8426704b397141d563cf4d580a2	vendor/wrpc-sw/ppsi/pp_printf/example-printf64.c	308e15b9c49afc7f8b5921b54359aa754558f11a	vendor/wrpc-sw/ppsi/pp_printf/example-printf64.c	byte-identical	51219e12b8dc3137a938f2f4cf20d20c8af389671dfdd0eb66e502ff75b188ba
26e138fdc0bfc8426704b397141d563cf4d580a2	vendor/wrpc-sw/ppsi/pp_printf/pp-printf.h	30f715909f0ab8e4e1205c1269b0becdb4633356	vendor/wrpc-sw/ppsi/pp_printf/pp-printf.h	byte-identical	93b637a1deb663d6d5992db4dae0668fd5884d8d348465a2351180e205c75e8b
26e138fdc0bfc8426704b397141d563cf4d580a2	vendor/wrpc-sw/ppsi/pp_printf/printf.c	ec5b96e97610633f2d2d3d252d327dac14baa21a	vendor/wrpc-sw/ppsi/pp_printf/printf.c	byte-identical	573c47d4b52319652428b29bc571732a726c56885a5155c14def7b0f0098902b
26e138fdc0bfc8426704b397141d563cf4d580a2	vendor/wrpc-sw/ppsi/pp_printf/vsprintf-full.c	1df29f8082196b063ac4d59e0b8beb0890f0335e	vendor/wrpc-sw/ppsi/pp_printf/vsprintf-full.c	byte-identical	83556a91a346d3dfe95fcf1828b353f1fc911197dcb9918f2aeb0f268d773fe7
26e138fdc0bfc8426704b397141d563cf4d580a2	vendor/wrpc-sw/ppsi/pp_printf/vsprintf-mini.c	d68c8488457a3b57e0f33ec2fda0752f4129b889	vendor/wrpc-sw/ppsi/pp_printf/vsprintf-mini.c	byte-identical	e0eccaa3c4b5baea00f2c69696b29b6161d4d59a6dcbca4891da522420c6091a
26e138fdc0bfc8426704b397141d563cf4d580a2	vendor/wrpc-sw/ppsi/pp_printf/vsprintf-none.c	74041354159dcd353b3c1bb28a45113d94a7ec76	vendor/wrpc-sw/ppsi/pp_printf/vsprintf-none.c	byte-identical	a18e9c9cae584d966549943fd3456870fa2dbf6952762d40db8805d76eb5db3c
26e138fdc0bfc8426704b397141d563cf4d580a2	vendor/wrpc-sw/ppsi/pp_printf/vsprintf-xint.c	bf7415c1c42884d9a7e74156dbf4f2ff18368f32	vendor/wrpc-sw/ppsi/pp_printf/vsprintf-xint.c	byte-identical	05b49a109bf55cc5110ee5eeea89eb314afdc5e425e2f003b35854b721abcc77
26e138fdc0bfc8426704b397141d563cf4d580a2	vendor/wrpc-sw/ppsi/ppsi.mk	30a8c136ee4062c65bf713ebb719697f0587ae2e	vendor/wrpc-sw/ppsi/ppsi.mk	byte-identical	bb054c42eb693cb7d32fd112107f60e1685b445de12ebda366aee0b21de7b977
26e138fdc0bfc8426704b397141d563cf4d580a2	vendor/wrpc-sw/ppsi/proto-ext-common/Makefile	875b22c0c4060131c46750b789cfdd5a95ea8bd3	vendor/wrpc-sw/ppsi/proto-ext-common/Makefile	byte-identical	8e71bd788e7c5f3b3d4e34dbb8e40557939681d84f93e994e812c327d7758012
26e138fdc0bfc8426704b397141d563cf4d580a2	vendor/wrpc-sw/ppsi/proto-ext-common/wrh-servo.c	06586d4eb8ed2bb4a75ba7a29e31621733a3665e	vendor/wrpc-sw/ppsi/proto-ext-common/wrh-servo.c	byte-identical	d758d7038bac9f7ed612c54cc87bcf0174bd37d82a0b44efd43c4906821a149e
26e138fdc0bfc8426704b397141d563cf4d580a2	vendor/wrpc-sw/ppsi/proto-ext-common/wrh-servo_state_name.h	1b8eb9212f56e9583a63ce47d88c19ea48efda5d	vendor/wrpc-sw/ppsi/proto-ext-common/wrh-servo_state_name.h	byte-identical	3a97548c488adb0ff1c222181856d5e32a84bf25f8ef5514a378a5736aa57786
26e138fdc0bfc8426704b397141d563cf4d580a2	vendor/wrpc-sw/ppsi/proto-ext-l1sync/Makefile	20bad26397b5e5d9e0e4371e74a49f7b7bcd2bdb	vendor/wrpc-sw/ppsi/proto-ext-l1sync/Makefile	byte-identical	508c9deac032d01ad29d6519a474ca8eb6b4c319d7b4a2ae94093e618e856335
26e138fdc0bfc8426704b397141d563cf4d580a2	vendor/wrpc-sw/ppsi/proto-ext-l1sync/l1e-api.h	cf20f1c4f676e4e9dac9269d9c414c78ab84cd5c	vendor/wrpc-sw/ppsi/proto-ext-l1sync/l1e-api.h	byte-identical	ec6521d1b3969da4b1efb92438ebfac6bd49c8de0613cb88d2f157b6d52d4b53
26e138fdc0bfc8426704b397141d563cf4d580a2	vendor/wrpc-sw/ppsi/proto-ext-l1sync/l1e-constants.h	16637ef9b2c25b7bc075ae13f642cca10d8819f1	vendor/wrpc-sw/ppsi/proto-ext-l1sync/l1e-constants.h	byte-identical	59ba9cac838f3abe589de9a992bb3674a14488b7876b14fbb9f0babf1972c783
26e138fdc0bfc8426704b397141d563cf4d580a2	vendor/wrpc-sw/ppsi/proto-ext-l1sync/l1e-hooks.c	0b080205e7d1eb532f272c26d926da8620e81406	vendor/wrpc-sw/ppsi/proto-ext-l1sync/l1e-hooks.c	byte-identical	9fe608296c4535fbf39a4e89396d1d69e5932a50f1c205f527c2d1ad041ec45c
26e138fdc0bfc8426704b397141d563cf4d580a2	vendor/wrpc-sw/ppsi/proto-ext-l1sync/l1e-msg.c	8134c742a3cfdfaeadf7beba902d33053c549f52	vendor/wrpc-sw/ppsi/proto-ext-l1sync/l1e-msg.c	byte-identical	c9e5a8c924c9301d06ea2ae9a99a137fac9186063e98ee548ac355efcead1ce0
26e138fdc0bfc8426704b397141d563cf4d580a2	vendor/wrpc-sw/ppsi/proto-ext-l1sync/l1e-state-machine.c	b8b9e0f5b3a1756780096dad4681dfb4cca4b6f5	vendor/wrpc-sw/ppsi/proto-ext-l1sync/l1e-state-machine.c	byte-identical	06366aa07c54a77dbf5ac9dc786e713539a54fe42f161a453749e144a33ed543
26e138fdc0bfc8426704b397141d563cf4d580a2	vendor/wrpc-sw/ppsi/proto-ext-whiterabbit/Makefile	3ed6870fc1ec7dfa116a2699183bfffb48266462	vendor/wrpc-sw/ppsi/proto-ext-whiterabbit/Makefile	byte-identical	b9d205417d924339f1447f14941d2fefce575e7a67603dc580c601cbe02af59c
26e138fdc0bfc8426704b397141d563cf4d580a2	vendor/wrpc-sw/ppsi/proto-ext-whiterabbit/common-fun.c	3536e3a480b9bbdeb0ec1c7315066043e240f930	vendor/wrpc-sw/ppsi/proto-ext-whiterabbit/common-fun.c	byte-identical	a0ec573031e63957a867a916dc5774fb08bb8304b9fd9b6d5a253a857fb702e7
26e138fdc0bfc8426704b397141d563cf4d580a2	vendor/wrpc-sw/ppsi/proto-ext-whiterabbit/hooks.c	525510203c539b3ae0d5e8cd09cb3b185c690286	vendor/wrpc-sw/ppsi/proto-ext-whiterabbit/hooks.c	byte-identical	3bafd6cc89a5d345e614767fddcca226de7231580592a6ce127e49f205083723
26e138fdc0bfc8426704b397141d563cf4d580a2	vendor/wrpc-sw/ppsi/proto-ext-whiterabbit/state-wr-calibrated.c	3e763b774d30517a479282ebdb680adba91200a5	vendor/wrpc-sw/ppsi/proto-ext-whiterabbit/state-wr-calibrated.c	byte-identical	f88ade071a5a762342b405fbf940a3c3a5fdaeb8025e649ee3f7a411773f9834
26e138fdc0bfc8426704b397141d563cf4d580a2	vendor/wrpc-sw/ppsi/proto-ext-whiterabbit/state-wr-calibration.c	dd8bf3423ff6c068aa03002fe265dda835c48995	vendor/wrpc-sw/ppsi/proto-ext-whiterabbit/state-wr-calibration.c	byte-identical	9732764ddb92239798675801512f4e25d6e05fbae1c4c857c2eed54dc0b59ad9
26e138fdc0bfc8426704b397141d563cf4d580a2	vendor/wrpc-sw/ppsi/proto-ext-whiterabbit/state-wr-idle.c	4ac7a303f24d331c2108a1f3b7c4796c134e37eb	vendor/wrpc-sw/ppsi/proto-ext-whiterabbit/state-wr-idle.c	byte-identical	fc74fd3353386585a90c290842a554531edbf71552fca301a0c251b8478d3714
26e138fdc0bfc8426704b397141d563cf4d580a2	vendor/wrpc-sw/ppsi/proto-ext-whiterabbit/state-wr-link-on.c	7df6e9ad957820fbadc964b2e8cb2cdd64a1700a	vendor/wrpc-sw/ppsi/proto-ext-whiterabbit/state-wr-link-on.c	byte-identical	d7aeb5f4190b149b4e45616fba981c29debb296d8cdd75d1c1df61fba97a6707
26e138fdc0bfc8426704b397141d563cf4d580a2	vendor/wrpc-sw/ppsi/proto-ext-whiterabbit/state-wr-locked.c	64e204052f54c1b1d1c644e0a46c50018f99ae17	vendor/wrpc-sw/ppsi/proto-ext-whiterabbit/state-wr-locked.c	byte-identical	e516965d54d07577b688e54641d9addc95b14ed81337a3a13ad2945de23a4466
26e138fdc0bfc8426704b397141d563cf4d580a2	vendor/wrpc-sw/ppsi/proto-ext-whiterabbit/state-wr-m-lock.c	1c635bf5601bfcc61504525ed6d1be4fab6a6c39	vendor/wrpc-sw/ppsi/proto-ext-whiterabbit/state-wr-m-lock.c	byte-identical	4d11f1884331bf7300cb0c274acdec805891e53c19db40bd412ba757cc645edb
26e138fdc0bfc8426704b397141d563cf4d580a2	vendor/wrpc-sw/ppsi/proto-ext-whiterabbit/state-wr-present.c	593f738c38691369a7168cfb593037e323cf5a63	vendor/wrpc-sw/ppsi/proto-ext-whiterabbit/state-wr-present.c	byte-identical	da29a354783c967276055efb434fe1f9dd9bc8b201bbe2a353f7659ef71dec01
26e138fdc0bfc8426704b397141d563cf4d580a2	vendor/wrpc-sw/ppsi/proto-ext-whiterabbit/state-wr-resp-calib-req.c	1e82ffa0569bcf9c78721c7439b4a819a74d1cdf	vendor/wrpc-sw/ppsi/proto-ext-whiterabbit/state-wr-resp-calib-req.c	byte-identical	3b2e792ec7f5627da1ee00c791f8c3cf183921d53de2239f4cc6fd44080e4233
26e138fdc0bfc8426704b397141d563cf4d580a2	vendor/wrpc-sw/ppsi/proto-ext-whiterabbit/state-wr-s-lock.c	94251a6b76f7d222b59aa148ee245fe1b33d9fd9	vendor/wrpc-sw/ppsi/proto-ext-whiterabbit/state-wr-s-lock.c	byte-identical	3b148ebf617770b7aaa669d1d3cfab14869da68529a08ce4813bb1ae6093dbe9
26e138fdc0bfc8426704b397141d563cf4d580a2	vendor/wrpc-sw/ppsi/proto-ext-whiterabbit/wr-api.h	7b94aec6b79929d8461cb6bdfdf304f05fb7d442	vendor/wrpc-sw/ppsi/proto-ext-whiterabbit/wr-api.h	byte-identical	ce37924e5c123dcac9f82924ba5bf2654111abcc321e68f84fbb65988f1dcde6
26e138fdc0bfc8426704b397141d563cf4d580a2	vendor/wrpc-sw/ppsi/proto-ext-whiterabbit/wr-constants.h	10bc66b2e50d009b5548d11a58ba02be34aec07d	vendor/wrpc-sw/ppsi/proto-ext-whiterabbit/wr-constants.h	byte-identical	44501954dc87ea20ad3406a9f99aaa6640322f0ea21b4625d16cabf72b243a40
26e138fdc0bfc8426704b397141d563cf4d580a2	vendor/wrpc-sw/ppsi/proto-ext-whiterabbit/wr-msg.c	bb6c1d12c1cdb2b40ac1f1483e9d8cabe28ea83e	vendor/wrpc-sw/ppsi/proto-ext-whiterabbit/wr-msg.c	byte-identical	083e68109aa576ad16debf349a8f02b8d5647fa32f028539df29f2e7af0296d3
26e138fdc0bfc8426704b397141d563cf4d580a2	vendor/wrpc-sw/ppsi/proto-ext-whiterabbit/wr-servo.c	af908292548c154c5f60fdd22fd45be3754c05a1	vendor/wrpc-sw/ppsi/proto-ext-whiterabbit/wr-servo.c	byte-identical	d670caed7acfbdb44edfdbead0f6801c930e8a4f119aa654e1947c52acc64900
26e138fdc0bfc8426704b397141d563cf4d580a2	vendor/wrpc-sw/ppsi/proto-ext-whiterabbit/wr-state-machine.c	b642bf451a9ebcff605eb8ac1ef39b277c924b0c	vendor/wrpc-sw/ppsi/proto-ext-whiterabbit/wr-state-machine.c	byte-identical	5031c651a5ae88e87b1451b82a6124a1db1630459026c54b10c505be9926304d
26e138fdc0bfc8426704b397141d563cf4d580a2	vendor/wrpc-sw/ppsi/proto-standard/Makefile	ec5a7654e95ecb80a37f0d8de9af4a27ceee358e	vendor/wrpc-sw/ppsi/proto-standard/Makefile	byte-identical	41090c4814b16e2b98b08691d74671bb697d43d77e79d32ddcdfbe9587210088
26e138fdc0bfc8426704b397141d563cf4d580a2	vendor/wrpc-sw/ppsi/proto-standard/README-cfield	cd050063178d4fba8826b9b2c38f6d7c876720e6	vendor/wrpc-sw/ppsi/proto-standard/README-cfield	byte-identical	a8116cd9ca3abdb04be7d6b886b226c0636b514490b33e85089c9456345d25e0
26e138fdc0bfc8426704b397141d563cf4d580a2	vendor/wrpc-sw/ppsi/proto-standard/bmc.c	dec8922140685189bcfd9e601a7667c35fa798f9	vendor/wrpc-sw/ppsi/proto-standard/bmc.c	byte-identical	2c2f0bd7e9aeddee7ffcbb0c8e204059d0605d5b0fbe005644d81b113f2198f0
26e138fdc0bfc8426704b397141d563cf4d580a2	vendor/wrpc-sw/ppsi/proto-standard/bmc_clock_quality.c	7d1a2bd1cabbfe77da94e86c0d5ae889bae7875c	vendor/wrpc-sw/ppsi/proto-standard/bmc_clock_quality.c	byte-identical	d949245d35e4ba873b909073a6b22afd18869a6efac455f7deca2bc975382e0f
26e138fdc0bfc8426704b397141d563cf4d580a2	vendor/wrpc-sw/ppsi/proto-standard/common-fun-p2p.c	4f6f401c9db2287aed7b8b05e83b20167a15d5cb	vendor/wrpc-sw/ppsi/proto-standard/common-fun-p2p.c	byte-identical	b09c673575254310c2f15ca22d7f3114974100c22108a69eff21759da803b683
26e138fdc0bfc8426704b397141d563cf4d580a2	vendor/wrpc-sw/ppsi/proto-standard/common-fun.c	3f3f585e1e2b478f9bd75bf2d5fd38a3b6eb99e3	vendor/wrpc-sw/ppsi/proto-standard/common-fun.c	byte-identical	7c9b4b1dbd386c55f820a02bd74c50a46edf0f722e98baa6db8c0ab72c62cbb0
26e138fdc0bfc8426704b397141d563cf4d580a2	vendor/wrpc-sw/ppsi/proto-standard/common-fun.h	72c18db015b3d60fbc23f181960d079c31f73754	vendor/wrpc-sw/ppsi/proto-standard/common-fun.h	byte-identical	ba9e2aa76e378228d3f974fc8c6befeb0139d51dc395416f731a69de9e5c86a0
26e138fdc0bfc8426704b397141d563cf4d580a2	vendor/wrpc-sw/ppsi/proto-standard/fsm-lib.c	07a547926c942bbb5bff08de1fabcd3d0136e047	vendor/wrpc-sw/ppsi/proto-standard/fsm-lib.c	byte-identical	aeac82c67c221b47d200c9a4e98a17883fd30cc1e1b8cce756e0f224fcbd41a5
26e138fdc0bfc8426704b397141d563cf4d580a2	vendor/wrpc-sw/ppsi/proto-standard/fsm-table.c	4deaa69ff44626bf3d3c9325014bff3e8aabf49a	vendor/wrpc-sw/ppsi/proto-standard/fsm-table.c	byte-identical	508c54235f6d472671465ac00c1194322e856a9e7e1e2bbbded13d104b9bceb7
26e138fdc0bfc8426704b397141d563cf4d580a2	vendor/wrpc-sw/ppsi/proto-standard/hooks.c	73af9f037fcd89c57239cf56f1a63831b965e96a	vendor/wrpc-sw/ppsi/proto-standard/hooks.c	byte-identical	9a0c6c03b53d24d2d37f6489183b358fc20a0851b006534c62ad4e5fd3583482
26e138fdc0bfc8426704b397141d563cf4d580a2	vendor/wrpc-sw/ppsi/proto-standard/msg-p2p.c	1f3c7adda2bf65e856135e21578708cb9747fc14	vendor/wrpc-sw/ppsi/proto-standard/msg-p2p.c	byte-identical	be57baa72c532ea069f21154eee71f8a4308b6fc6ce04930908e78778e1b5e48
26e138fdc0bfc8426704b397141d563cf4d580a2	vendor/wrpc-sw/ppsi/proto-standard/msg.c	cbcb19db20c7d9ae95e8f5d7529217d8ed45e3d1	vendor/wrpc-sw/ppsi/proto-standard/msg.c	byte-identical	f401749ee9868feb6314489e7c8507013132396dd7c69aa9f35111318eb53101
26e138fdc0bfc8426704b397141d563cf4d580a2	vendor/wrpc-sw/ppsi/proto-standard/msg.h	546d74b2957c2b9f428464a174f5695222becde8	vendor/wrpc-sw/ppsi/proto-standard/msg.h	byte-identical	a7c04320bfa9d142abcf49642a4d43e6e09906aa0ae9ef1e625e880a43db64d5
26e138fdc0bfc8426704b397141d563cf4d580a2	vendor/wrpc-sw/ppsi/proto-standard/open-close.c	0d3b8e7a326800e9a068701321730213edb3aef5	vendor/wrpc-sw/ppsi/proto-standard/open-close.c	byte-identical	89dbff8edf9bfaee614e395c7de8c4869c16315dc3741d2a9f2edacf7d8e1c33
26e138fdc0bfc8426704b397141d563cf4d580a2	vendor/wrpc-sw/ppsi/proto-standard/servo.c	ff991daed1194ffc826813c87b2ea9e1abef0531	vendor/wrpc-sw/ppsi/proto-standard/servo.c	byte-identical	b18c11d642dd6076e1fd602dc54a1f2c17bf10190cfc726ff2f8721b2eae5177
26e138fdc0bfc8426704b397141d563cf4d580a2	vendor/wrpc-sw/ppsi/proto-standard/state-abscal.c	1c5cc8be9dd9db8c361d473c825f4d2d53e33406	vendor/wrpc-sw/ppsi/proto-standard/state-abscal.c	byte-identical	16bd5d0b61baac33238907e345b2573ffade89e1e40334c415f056f038c85483
26e138fdc0bfc8426704b397141d563cf4d580a2	vendor/wrpc-sw/ppsi/proto-standard/state-disabled.c	6bc98ecb887089579b2876d54b4ab56af0bef00c	vendor/wrpc-sw/ppsi/proto-standard/state-disabled.c	byte-identical	472e5b4f1ab8b27a630f7cb0624cae5ead72467e84f54616c8c0c25ccca15905
26e138fdc0bfc8426704b397141d563cf4d580a2	vendor/wrpc-sw/ppsi/proto-standard/state-faulty.c	52bf6d356a44c71ecfed9f0770945fa5725fca9c	vendor/wrpc-sw/ppsi/proto-standard/state-faulty.c	byte-identical	44fc0ccb503d0878f26aeb71b5c70c1aa1b983b820804562e4a2e89648de786a
26e138fdc0bfc8426704b397141d563cf4d580a2	vendor/wrpc-sw/ppsi/proto-standard/state-initializing.c	e12b182a4d756b4b728830a127b1104a26e907d6	vendor/wrpc-sw/ppsi/proto-standard/state-initializing.c	byte-identical	caacad073adb20d10202474cc0d0b643d5de9967558aa6ea7c06f9a83bd47923
26e138fdc0bfc8426704b397141d563cf4d580a2	vendor/wrpc-sw/ppsi/proto-standard/state-listening.c	6c7c5d6bcd3e8fefe82d4fa6f8f3fb8db3ab7e84	vendor/wrpc-sw/ppsi/proto-standard/state-listening.c	byte-identical	527e1646833ec36ed9793048bfd34692714b6d63bb438b573646fd11a3e6bb9d
26e138fdc0bfc8426704b397141d563cf4d580a2	vendor/wrpc-sw/ppsi/proto-standard/state-master.c	ae5622e762d646a59320a9ae778f4bf6f14c27b5	vendor/wrpc-sw/ppsi/proto-standard/state-master.c	byte-identical	0cae7f32df130fe69e2f4e9816a7cef006171f1a36803b971a57e7764659cf05
26e138fdc0bfc8426704b397141d563cf4d580a2	vendor/wrpc-sw/ppsi/proto-standard/state-passive.c	a2bc94e893b900a81eb0cee9d6015d1ed68b5c75	vendor/wrpc-sw/ppsi/proto-standard/state-passive.c	byte-identical	516ef2c67d7b834407328099eb23b8d95b43328674abc575efb7637e1f3235cd
26e138fdc0bfc8426704b397141d563cf4d580a2	vendor/wrpc-sw/ppsi/proto-standard/state-slave.c	7db3a15c42d8e4b568590d876e45d2444bc7a27b	vendor/wrpc-sw/ppsi/proto-standard/state-slave.c	byte-identical	34f3991917a1521eb072a615560e139a4fb5071abc84db77cd58d0b115569fad
26e138fdc0bfc8426704b397141d563cf4d580a2	vendor/wrpc-sw/ppsi/scripts/Kbuild.include	15b196fc2f49b35f6663b6b359493f6a27564797	vendor/wrpc-sw/ppsi/scripts/Kbuild.include	byte-identical	bfa7fdb5cd0a618e84fdff242baeaf2577c21e3185a72f058520f8b85633c493
26e138fdc0bfc8426704b397141d563cf4d580a2	vendor/wrpc-sw/ppsi/scripts/Makefile	88449b35aef6415b08b9e4d7fbb21b970117b95c	vendor/wrpc-sw/ppsi/scripts/Makefile	byte-identical	d049f5ee05389cd8674a4683323172d7ece6cef545659449d198228d2c63fb6f
26e138fdc0bfc8426704b397141d563cf4d580a2	vendor/wrpc-sw/ppsi/scripts/Makefile.build	11602e5efb3bcdf1d300315a4501b8ce3faaa78c	vendor/wrpc-sw/ppsi/scripts/Makefile.build	byte-identical	1c3bb3283613aa5b4f921edc725bc25c04c03f64c8151899dafe640602604e1f
26e138fdc0bfc8426704b397141d563cf4d580a2	vendor/wrpc-sw/ppsi/scripts/Makefile.host	45b5b1aaedbdd5e3204ff4af7b5c0c1a6ff1ce1d	vendor/wrpc-sw/ppsi/scripts/Makefile.host	byte-identical	5d59ba7302f64b98e51367983a7fbf9b9dcfbc9ead6b5809c73d70481d181af7
26e138fdc0bfc8426704b397141d563cf4d580a2	vendor/wrpc-sw/ppsi/scripts/Makefile.lib	0a07f9014944ed92a8e2e42983ae43be60b3e471	vendor/wrpc-sw/ppsi/scripts/Makefile.lib	byte-identical	3bc95cb15ec22c15ad5d2ec40b70966b00de1e24fcfc78bb291156ec08d75f76
26e138fdc0bfc8426704b397141d563cf4d580a2	vendor/wrpc-sw/ppsi/scripts/basic/.gitignore	bf8b199ec598d591946f6cf070e3ccfd01ee5a52	vendor/wrpc-sw/ppsi/scripts/basic/.gitignore	byte-identical	e171318bc17d6a8dec3c00e7a62fb82089a00ae3f881261856f3237b1d2d8349
26e138fdc0bfc8426704b397141d563cf4d580a2	vendor/wrpc-sw/ppsi/scripts/basic/Makefile	09559951df1208e00f5a51efa1208145a87efe14	vendor/wrpc-sw/ppsi/scripts/basic/Makefile	byte-identical	3b00923d7b4973cf80ea4aaa05e6d35af4d23ba58b2acb5f73aab0e3568ce3d8
26e138fdc0bfc8426704b397141d563cf4d580a2	vendor/wrpc-sw/ppsi/scripts/basic/docproc.c	79ab973fb43a42715d61092ce58d7408109e6eff	vendor/wrpc-sw/ppsi/scripts/basic/docproc.c	byte-identical	2801ed45f54f0a9a4d87f43beb1c1e98ea5f69ee54dea83ac7aa784f8385cfe2
26e138fdc0bfc8426704b397141d563cf4d580a2	vendor/wrpc-sw/ppsi/scripts/basic/fixdep.c	ea26b23de082b03cfa99483c52118f962a019a0e	vendor/wrpc-sw/ppsi/scripts/basic/fixdep.c	byte-identical	f40b9a9701fd35e05f7de20609458b0a9be5edcfef95f40ad493ab253f51de65
26e138fdc0bfc8426704b397141d563cf4d580a2	vendor/wrpc-sw/ppsi/scripts/basic/hash.c	2ef5d3f666b87ed52c7664cbc37ffe1e143397e8	vendor/wrpc-sw/ppsi/scripts/basic/hash.c	byte-identical	1fd44879b62fd50b9fca8f7f339b70c59e0c922330d97d9f827d823e3168c0ec
26e138fdc0bfc8426704b397141d563cf4d580a2	vendor/wrpc-sw/ppsi/scripts/kconfig/.gitignore	be603c4fef624669ea2bac84e1f41311713a8065	vendor/wrpc-sw/ppsi/scripts/kconfig/.gitignore	byte-identical	cbc4d40e5bcf6d156f194340074db760ff9ea3a6b03e2420f71d67550ed3fc4a
26e138fdc0bfc8426704b397141d563cf4d580a2	vendor/wrpc-sw/ppsi/scripts/kconfig/Makefile	a625e8f20f965767389019eccca8476a2c0dcd47	vendor/wrpc-sw/ppsi/scripts/kconfig/Makefile	byte-identical	d57199f8793cd7eee3817011bde7dbfd2aea4b81ce887b320b63a8ce8cfab63a
26e138fdc0bfc8426704b397141d563cf4d580a2	vendor/wrpc-sw/ppsi/scripts/kconfig/POTFILES.in	9674573969902fab7bc90a3875f653d5bae6ba20	vendor/wrpc-sw/ppsi/scripts/kconfig/POTFILES.in	byte-identical	5cb8ad94dbef9e26a8d1e6028d2b5c50c2c0744429579d82a148fa535405ea3a
26e138fdc0bfc8426704b397141d563cf4d580a2	vendor/wrpc-sw/ppsi/scripts/kconfig/check.sh	55b79ba1ba2a5e4c84cb6cc3bf5f25dbb92a3e89	vendor/wrpc-sw/ppsi/scripts/kconfig/check.sh	byte-identical	da08d4f98d68d69b3307ff1fe3666c6104db8f19266d5f710baca8864859c2ac
26e138fdc0bfc8426704b397141d563cf4d580a2	vendor/wrpc-sw/ppsi/scripts/kconfig/conf.c	866369f10ff84f4d2cae14eb6dfbe7e353c08adf	vendor/wrpc-sw/ppsi/scripts/kconfig/conf.c	byte-identical	3385ddb4039f4abd9c1936acf8680976dee8c0eb4d39936058efc659d23847d4
26e138fdc0bfc8426704b397141d563cf4d580a2	vendor/wrpc-sw/ppsi/scripts/kconfig/confdata.c	297b079ae4d9f0decbabc76d0f7e833e20aadadb	vendor/wrpc-sw/ppsi/scripts/kconfig/confdata.c	byte-identical	8ab34437da50843d6e45a0f94dfebc669a7259298a0bc50e89d04ca78cb49ca2
26e138fdc0bfc8426704b397141d563cf4d580a2	vendor/wrpc-sw/ppsi/scripts/kconfig/expr.c	cbf4996dd9c1045ecc7ffa66a9ec79edd99b1038	vendor/wrpc-sw/ppsi/scripts/kconfig/expr.c	byte-identical	350eecf882ff96bf03e5e63402c2ae095b83f0070cf95d330dfa78c254d4d368
26e138fdc0bfc8426704b397141d563cf4d580a2	vendor/wrpc-sw/ppsi/scripts/kconfig/expr.h	973b6f73336829a6290a0d2bb15a841086d9a18c	vendor/wrpc-sw/ppsi/scripts/kconfig/expr.h	byte-identical	3b9c451c5c18c7098c343b16ae368dca2638cfe6ace50f99801216840c5ca066
26e138fdc0bfc8426704b397141d563cf4d580a2	vendor/wrpc-sw/ppsi/scripts/kconfig/gconf.c	26d208b435a0d347b8f11df13bcb79cf3618770c	vendor/wrpc-sw/ppsi/scripts/kconfig/gconf.c	byte-identical	df6548e28e614b1f66f3d86ab0732e588f2b4714d8076acc2b2d716d39ae9da4
26e138fdc0bfc8426704b397141d563cf4d580a2	vendor/wrpc-sw/ppsi/scripts/kconfig/gconf.glade	aa483cb32755e1d5986bc4b2f24d23470981a7c7	vendor/wrpc-sw/ppsi/scripts/kconfig/gconf.glade	byte-identical	5aa850de64a62752440c8de119d33e5824ebb66b82a205a102b5f906d156e6ce
26e138fdc0bfc8426704b397141d563cf4d580a2	vendor/wrpc-sw/ppsi/scripts/kconfig/images.c	d4f84bd4a96b6f39081cd72e7dadd34c49fbc00e	vendor/wrpc-sw/ppsi/scripts/kconfig/images.c	byte-identical	e4cd230d7d5d48a18ac2380c6d250e121cd80c2ca447eddc1e2976038a0a9931
26e138fdc0bfc8426704b397141d563cf4d580a2	vendor/wrpc-sw/ppsi/scripts/kconfig/kxgettext.c	2858738b22d5aeac27154f74af433540839d37a6	vendor/wrpc-sw/ppsi/scripts/kconfig/kxgettext.c	byte-identical	d250b2e159e811ec43a68dac123c78e61743ab99c8b0bae43ae8d3fe6c60f930
26e138fdc0bfc8426704b397141d563cf4d580a2	vendor/wrpc-sw/ppsi/scripts/kconfig/list.h	2cf23f002d3f48f6b51ac9898fde7681ea39cf53	vendor/wrpc-sw/ppsi/scripts/kconfig/list.h	byte-identical	d9ec14cb23fe1792d42b1982119af82cbaa4f567a1751744e0f5e439b6965b8f
26e138fdc0bfc8426704b397141d563cf4d580a2	vendor/wrpc-sw/ppsi/scripts/kconfig/lkc.h	91ca126ea0802e40278bbbf09b3413ce59c1bc15	vendor/wrpc-sw/ppsi/scripts/kconfig/lkc.h	byte-identical	515cfdc456275bbd5199e4c73e7b1a124d5c0889e50562f37aa20499a5acff43
26e138fdc0bfc8426704b397141d563cf4d580a2	vendor/wrpc-sw/ppsi/scripts/kconfig/lkc_proto.h	d5398718ec2ae3337dac3cb3d19654c8508c3007	vendor/wrpc-sw/ppsi/scripts/kconfig/lkc_proto.h	byte-identical	27f398e81b41c597e23629790db1f9b74cb7ca50e1baf36be4859bf7cb917f16
26e138fdc0bfc8426704b397141d563cf4d580a2	vendor/wrpc-sw/ppsi/scripts/kconfig/lxdialog/.gitignore	90b08ff025a652002bba6d8a14e7093f42eca9da	vendor/wrpc-sw/ppsi/scripts/kconfig/lxdialog/.gitignore	byte-identical	0dd917942c147742fea4e5a0f36db5cc1e852b53ba29a4748fbd4b5ed5b5c035
26e138fdc0bfc8426704b397141d563cf4d580a2	vendor/wrpc-sw/ppsi/scripts/kconfig/lxdialog/BIG.FAT.WARNING	a8999d82bdb3b5c00a9668de8f5da89b91c0cc08	vendor/wrpc-sw/ppsi/scripts/kconfig/lxdialog/BIG.FAT.WARNING	byte-identical	fafb1692d3d4f88b12fc38a4ddfd818927b0c094f34eb5fdf05000694306de75
26e138fdc0bfc8426704b397141d563cf4d580a2	vendor/wrpc-sw/ppsi/scripts/kconfig/lxdialog/check-lxdialog.sh	5075ebf2d3b995bee04c146d942abce4515b4559	vendor/wrpc-sw/ppsi/scripts/kconfig/lxdialog/check-lxdialog.sh	byte-identical	8cd9754fff4d339170410f94e84d820b0423503ac54a9d371f2d5ed3186dbe9c
26e138fdc0bfc8426704b397141d563cf4d580a2	vendor/wrpc-sw/ppsi/scripts/kconfig/lxdialog/checklist.c	8d016faa28d704be886cb1c6195a3bdca78d29b0	vendor/wrpc-sw/ppsi/scripts/kconfig/lxdialog/checklist.c	byte-identical	c00f18f13e4b39213ccdf7b6f94886d2b1d52318db9bb0dbe2e4b09ff96e4f4d
26e138fdc0bfc8426704b397141d563cf4d580a2	vendor/wrpc-sw/ppsi/scripts/kconfig/lxdialog/dialog.h	fcffd5b41fb07bff8cab87c3cdee93c18e884e1b	vendor/wrpc-sw/ppsi/scripts/kconfig/lxdialog/dialog.h	byte-identical	6bb25d3a4078ea683cf1e7ba47fe83692b9cffd4ad41b9ebc5640525e57f5568
26e138fdc0bfc8426704b397141d563cf4d580a2	vendor/wrpc-sw/ppsi/scripts/kconfig/lxdialog/inputbox.c	d58de1dc5360dacf90fce2c177e3fb6c3ed8c83e	vendor/wrpc-sw/ppsi/scripts/kconfig/lxdialog/inputbox.c	byte-identical	82ecb5016ad22a4ca4dce5cabb9ec28d406ee08b741bf0c72fda858ae6e2f504
26e138fdc0bfc8426704b397141d563cf4d580a2	vendor/wrpc-sw/ppsi/scripts/kconfig/lxdialog/menubox.c	11ae9ad7ac7b992e2244ae88c0f576977157c254	vendor/wrpc-sw/ppsi/scripts/kconfig/lxdialog/menubox.c	byte-identical	6abc11a3e6163b2a75b8920d2869fb74d392fa6a7ca5c1cf71221d53751f9be7
26e138fdc0bfc8426704b397141d563cf4d580a2	vendor/wrpc-sw/ppsi/scripts/kconfig/lxdialog/textbox.c	1773319b95e74f68ee2c618654e8ee00c96b1b37	vendor/wrpc-sw/ppsi/scripts/kconfig/lxdialog/textbox.c	byte-identical	19691b8461bf1a19fd8e6658a79e57137e98b5333c0711c4c0a08b8d6b01f4f7
26e138fdc0bfc8426704b397141d563cf4d580a2	vendor/wrpc-sw/ppsi/scripts/kconfig/lxdialog/util.c	f7abdeb92af02188a48712ce48ab76f6b32f1d27	vendor/wrpc-sw/ppsi/scripts/kconfig/lxdialog/util.c	byte-identical	1412c8d13ec9ef79f4acf9e35ea467ef3c383f1950bcf16e231e5263334df5ff
26e138fdc0bfc8426704b397141d563cf4d580a2	vendor/wrpc-sw/ppsi/scripts/kconfig/lxdialog/yesno.c	676fb2f824a3d41c81ef5348a4efc3630155cb14	vendor/wrpc-sw/ppsi/scripts/kconfig/lxdialog/yesno.c	byte-identical	08949367713e2e841bca6c218c7bd2c8784cbebd32b77931b3f26053f5ef4925
26e138fdc0bfc8426704b397141d563cf4d580a2	vendor/wrpc-sw/ppsi/scripts/kconfig/mconf.c	315ce2c7cb9dbc48b545329ee144c27e569d5c81	vendor/wrpc-sw/ppsi/scripts/kconfig/mconf.c	byte-identical	d7940a84681b2c08668394f64681f7fd169695129d4efa6122aef5b28237054d
26e138fdc0bfc8426704b397141d563cf4d580a2	vendor/wrpc-sw/ppsi/scripts/kconfig/menu.c	aed678e8a77750812bb9e49b7d9e7c6e32f9eea1	vendor/wrpc-sw/ppsi/scripts/kconfig/menu.c	byte-identical	f8cfe762336cb216ad083374f39da1887a87982db0dec1fa86357e4d4b5f30c9
26e138fdc0bfc8426704b397141d563cf4d580a2	vendor/wrpc-sw/ppsi/scripts/kconfig/merge_config.sh	67d1314476314590f285a63700c13e047dc17c80	vendor/wrpc-sw/ppsi/scripts/kconfig/merge_config.sh	byte-identical	1e1a365c35e66267a092ffd89a8d9ccb6cc097a585b7f65cf366dea85cfc2f9e
26e138fdc0bfc8426704b397141d563cf4d580a2	vendor/wrpc-sw/ppsi/scripts/kconfig/nconf.c	d42d534a66cd7006a38e113b4b5b8e30359e7a76	vendor/wrpc-sw/ppsi/scripts/kconfig/nconf.c	byte-identical	7090fdc7137968f5b813dbf0ceaa75b7708134ed445ab2b58bd106a293e8fc7a
26e138fdc0bfc8426704b397141d563cf4d580a2	vendor/wrpc-sw/ppsi/scripts/kconfig/nconf.gui.c	8275f0e55106bc0055d0a1adfe2a169ad1b54193	vendor/wrpc-sw/ppsi/scripts/kconfig/nconf.gui.c	byte-identical	da111dccd4b2c99ec8c0bdc610870f8fc22cf851adf8ae9af2750025afda99b9
26e138fdc0bfc8426704b397141d563cf4d580a2	vendor/wrpc-sw/ppsi/scripts/kconfig/nconf.h	0d5261705ef5c88d162321fe1806b3342b303188	vendor/wrpc-sw/ppsi/scripts/kconfig/nconf.h	byte-identical	f4c21c8cb23903b0f5babb7f60756674861c5f43f62eb26d96a79beed328d280
26e138fdc0bfc8426704b397141d563cf4d580a2	vendor/wrpc-sw/ppsi/scripts/kconfig/qconf.cc	fc5555992220956d31ce82b765b8ab6f35898379	vendor/wrpc-sw/ppsi/scripts/kconfig/qconf.cc	byte-identical	6c765c52c76d86af97808e215e05bce8fbc8a03e6d9f0a8bbeff37717eb646f2
26e138fdc0bfc8426704b397141d563cf4d580a2	vendor/wrpc-sw/ppsi/scripts/kconfig/qconf.h	a40036d1b059275153dad27f78b522212af97ca7	vendor/wrpc-sw/ppsi/scripts/kconfig/qconf.h	byte-identical	977f3dc402e6f20cd2515e86a26175da10b34c631ac513854ea3122743a53747
26e138fdc0bfc8426704b397141d563cf4d580a2	vendor/wrpc-sw/ppsi/scripts/kconfig/streamline_config.pl	b8c7b29affc59d4da88998a7fd379f6307dc64af	vendor/wrpc-sw/ppsi/scripts/kconfig/streamline_config.pl	byte-identical	f896c8ea3b5a9e2d72cf4a2a40506dc2f805e9629a55a260d13f82d0cbe67827
26e138fdc0bfc8426704b397141d563cf4d580a2	vendor/wrpc-sw/ppsi/scripts/kconfig/symbol.c	2432298487fb330d04e365fa2b1c81ed6fbba691	vendor/wrpc-sw/ppsi/scripts/kconfig/symbol.c	byte-identical	abf9cc7608daffcb19a438c1da84eb935af649e931743cd399bf53634b570524
26e138fdc0bfc8426704b397141d563cf4d580a2	vendor/wrpc-sw/ppsi/scripts/kconfig/util.c	0e76042473ccd3633aa0870da3cce23e0b1788c6	vendor/wrpc-sw/ppsi/scripts/kconfig/util.c	byte-identical	90e48470891cbe1838eeee34c7bba2c5498b46ece3da0f0e896de87a9524f619
26e138fdc0bfc8426704b397141d563cf4d580a2	vendor/wrpc-sw/ppsi/scripts/kconfig/zconf.gperf	ac498f01b449f43476bd9a97586c359d94eaa9bb	vendor/wrpc-sw/ppsi/scripts/kconfig/zconf.gperf	byte-identical	5df9ff9f2241fee6e3e7c4c5d7b017e58c6ec406d302614223576bbdabcab55d
26e138fdc0bfc8426704b397141d563cf4d580a2	vendor/wrpc-sw/ppsi/scripts/kconfig/zconf.hash.c_shipped	360a62df2b5e1c378fb9845e637f88dcde95fd69	vendor/wrpc-sw/ppsi/scripts/kconfig/zconf.hash.c_shipped	byte-identical	e2ca02d05dded355c1b5132de43140d94f98363122a18bb246539a7925a4db4c
26e138fdc0bfc8426704b397141d563cf4d580a2	vendor/wrpc-sw/ppsi/scripts/kconfig/zconf.l	c410d257da0602dc9b4de92dac457e237c097399	vendor/wrpc-sw/ppsi/scripts/kconfig/zconf.l	byte-identical	adc4f998763e984b455ed9592c0447eb16db5054291da928c8763563fa6dbe89
26e138fdc0bfc8426704b397141d563cf4d580a2	vendor/wrpc-sw/ppsi/scripts/kconfig/zconf.lex.c_shipped	37fdf612350586d5a670fc7054aa06c1111d8a8e	vendor/wrpc-sw/ppsi/scripts/kconfig/zconf.lex.c_shipped	byte-identical	8156a51711ee4f198723589c428fcb042496d10f669f95387b04ae00d8724ef6
26e138fdc0bfc8426704b397141d563cf4d580a2	vendor/wrpc-sw/ppsi/scripts/kconfig/zconf.tab.c_shipped	7a4d658c20667d9f9d0df5facb5d534fa2c2f67e	vendor/wrpc-sw/ppsi/scripts/kconfig/zconf.tab.c_shipped	byte-identical	590593c18489fcc42314b8b410ca3a5fa5dc6c7b06ca2ecf5b5da1eece7d333b
26e138fdc0bfc8426704b397141d563cf4d580a2	vendor/wrpc-sw/ppsi/scripts/kconfig/zconf.y	71bf8bff696a41ff3f3ff8cdfe46149e4e11506d	vendor/wrpc-sw/ppsi/scripts/kconfig/zconf.y	byte-identical	80aa6583fa9ec569cd977636baeae7a2b05f1920138a46de499c7ace1fc4f9dd
26e138fdc0bfc8426704b397141d563cf4d580a2	vendor/wrpc-sw/ppsi/time-bare/Makefile	e85cec00b69c5bd4f2fa5943cd81b2ebfa1aff74	vendor/wrpc-sw/ppsi/time-bare/Makefile	byte-identical	cf8d81b72ebc536e0c24bf45a35f594f99e17d013faef7702b1a01de61869656
26e138fdc0bfc8426704b397141d563cf4d580a2	vendor/wrpc-sw/ppsi/time-bare/bare-socket.c	fcc718f53b68419a152386a090f33f7ec0cfff79	vendor/wrpc-sw/ppsi/time-bare/bare-socket.c	byte-identical	c6eb418e8d7fb9dbe0ad9ed23d9a972e34b52f115dedc8149d43725789b88037
26e138fdc0bfc8426704b397141d563cf4d580a2	vendor/wrpc-sw/ppsi/time-bare/bare-time.c	4a1c596e768ae061ad7e32cbc43014c8f5ab2195	vendor/wrpc-sw/ppsi/time-bare/bare-time.c	byte-identical	904bcc27762cd2f1fc6e612da29ca0569a74a529d7b4478964f763eac39fabcc
26e138fdc0bfc8426704b397141d563cf4d580a2	vendor/wrpc-sw/ppsi/time-sim/Makefile	ea6aef785dbd53e7e84fa4fadb6c3dd07a892e6b	vendor/wrpc-sw/ppsi/time-sim/Makefile	byte-identical	c7199ce3b7ee9b9c4ba61d6632ede0847e5a795ea3ab49c81ce3a2707f1ce358
26e138fdc0bfc8426704b397141d563cf4d580a2	vendor/wrpc-sw/ppsi/time-sim/sim-socket.c	c9f6d3c8b51b97c2ffdb21194a62c93148600bf7	vendor/wrpc-sw/ppsi/time-sim/sim-socket.c	byte-identical	fbed719558706d756fd40ddf1265c280ef04f07f2715d18233367bdabd342cb3
26e138fdc0bfc8426704b397141d563cf4d580a2	vendor/wrpc-sw/ppsi/time-sim/sim-time.c	4350e9d490c6e2b6cc051e1ad5c85295a056beb7	vendor/wrpc-sw/ppsi/time-sim/sim-time.c	byte-identical	f04f1f9d92ff24468f9319f50496096cb6665d37eaf304756680683e01441c7a
26e138fdc0bfc8426704b397141d563cf4d580a2	vendor/wrpc-sw/ppsi/time-unix/Makefile	1214a124061861b5a634a7c4293cd700c48b6f0f	vendor/wrpc-sw/ppsi/time-unix/Makefile	byte-identical	24221b1dc7f05f92b97838d8133167916a383901f86734b47115200885227b1b
26e138fdc0bfc8426704b397141d563cf4d580a2	vendor/wrpc-sw/ppsi/time-unix/unix-socket.c	8cc258bed304c2163be50e7a633ecb824bc74b2b	vendor/wrpc-sw/ppsi/time-unix/unix-socket.c	byte-identical	6ea15e6b7068fa00a4333cc7a740b71d9593a000f0421d5198b08af30e33bde2
26e138fdc0bfc8426704b397141d563cf4d580a2	vendor/wrpc-sw/ppsi/time-unix/unix-time.c	230edbb26377dd8ebab7b1db6ea228a9c038c125	vendor/wrpc-sw/ppsi/time-unix/unix-time.c	byte-identical	5e7597270638d1598a0938628020369c8a1780d2d2971e95000b731e936701b9
26e138fdc0bfc8426704b397141d563cf4d580a2	vendor/wrpc-sw/ppsi/time-wrpc/Makefile	e34d17f3cf3718aeffd4d0d1a9bae868aedff5db	vendor/wrpc-sw/ppsi/time-wrpc/Makefile	byte-identical	c611c7f7e8541221b4e5e9dd6539726bec0a0aee062fdaca41a348c742d737f6
26e138fdc0bfc8426704b397141d563cf4d580a2	vendor/wrpc-sw/ppsi/time-wrpc/wrpc-socket.c	00ad30b76f118770098a47667d16e0db7035d63e	vendor/wrpc-sw/ppsi/time-wrpc/wrpc-socket.c	byte-identical	74bdf27be5613be41a579dd4734f242e9efc958d2cbb2852834e48a7fe14e02e
26e138fdc0bfc8426704b397141d563cf4d580a2	vendor/wrpc-sw/ppsi/time-wrpc/wrpc-time.c	9e44efda40ea621d6ed24cf88ecd23845a3f77e9	vendor/wrpc-sw/ppsi/time-wrpc/wrpc-time.c	byte-identical	7131a62d0137310bb7b573cdfdb0ae9208b8a7d30af9f11dfc49e2aeea9d48da
26e138fdc0bfc8426704b397141d563cf4d580a2	vendor/wrpc-sw/ppsi/time-wrs/Makefile	638469c61e68822adca5c9f25c3a4412f1de4937	vendor/wrpc-sw/ppsi/time-wrs/Makefile	byte-identical	3968520647f572b926d3181d0fd90360f935ca5a55431096df43f5de4da003ec
26e138fdc0bfc8426704b397141d563cf4d580a2	vendor/wrpc-sw/ppsi/time-wrs/wrs-socket.c	d5d5933aa2829bf669bf2936e11e959f71fd2e67	vendor/wrpc-sw/ppsi/time-wrs/wrs-socket.c	byte-identical	8982c415d08cfcaf06c40039b21c343272c4cc5c4921a492518074fc8fa98829
26e138fdc0bfc8426704b397141d563cf4d580a2	vendor/wrpc-sw/ppsi/time-wrs/wrs-time.c	205e6747aba59e3f990965ee3ca874759cf0520a	vendor/wrpc-sw/ppsi/time-wrs/wrs-time.c	byte-identical	335cc8d3712ad2b916cfe56bcac67f34f5e70b071d5fa3befe8aacf8feaee26b
26e138fdc0bfc8426704b397141d563cf4d580a2	vendor/wrpc-sw/ppsi/timeout.c	b75b4bab7d7d2d6a2b6818260b04499b1a0e7054	vendor/wrpc-sw/ppsi/timeout.c	byte-identical	2d7f61e6fcbd84025e8d5b764f0e569469fd019a876fd54162af294df916c395
26e138fdc0bfc8426704b397141d563cf4d580a2	vendor/wrpc-sw/ppsi/tools/.gitignore	0e7df2debf41ba496cdaa70585b7ac75c574e6e5	vendor/wrpc-sw/ppsi/tools/.gitignore	byte-identical	69d3ad504685064dbd87c06c8c4a75059569bf5b1cfb602a77253253cd47f97c
26e138fdc0bfc8426704b397141d563cf4d580a2	vendor/wrpc-sw/ppsi/tools/Makefile	93a6f874057e2e7e5f3b0020e5e44b78b5ec10f0	vendor/wrpc-sw/ppsi/tools/Makefile	byte-identical	53584a07170c96c07362b369206dda3eced652513da9e6e164b1c1e051d5f1fb
26e138fdc0bfc8426704b397141d563cf4d580a2	vendor/wrpc-sw/ppsi/tools/adjrate.c	b3a2c82cd706018131c346c6145b808bddf692a2	vendor/wrpc-sw/ppsi/tools/adjrate.c	byte-identical	366a02e07dc7a69560202c454490f668ebbdc340b2b6f32d29ce2634fa1d12d5
26e138fdc0bfc8426704b397141d563cf4d580a2	vendor/wrpc-sw/ppsi/tools/adjtime.c	bd3e4b1a219f0b59c787f8ef9c2dc633d415296c	vendor/wrpc-sw/ppsi/tools/adjtime.c	byte-identical	81e03c8d6e29a66ca1efdf6cd59a9356ca0470fcc45d401a9267907d02cff791
26e138fdc0bfc8426704b397141d563cf4d580a2	vendor/wrpc-sw/ppsi/tools/chktime.c	03c310b95870e015ec7ecb545aa9555f2a184820	vendor/wrpc-sw/ppsi/tools/chktime.c	byte-identical	9b4eb8dde818a691a45edd62f644d1927264ea2eaf31b87b2447869cc6790ee2
26e138fdc0bfc8426704b397141d563cf4d580a2	vendor/wrpc-sw/ppsi/tools/convert.h	29d411f2eeef20db0a5ed8bc195157edec578d5f	vendor/wrpc-sw/ppsi/tools/convert.h	byte-identical	5a4660ed4158e7381b6e263f2d4c2c644c98ac7dc09f22acd0a65e2b8acd0c24
26e138fdc0bfc8426704b397141d563cf4d580a2	vendor/wrpc-sw/ppsi/tools/decent_types.h	4d269c74ee4a3e0d112767ec52231b7303d395b2	vendor/wrpc-sw/ppsi/tools/decent_types.h	byte-identical	d4293454d632579139a3e6d78692f7b41f0a31469545f13df330ae2b518f2fc4
26e138fdc0bfc8426704b397141d563cf4d580a2	vendor/wrpc-sw/ppsi/tools/dump-funcs.c	39fd371549f74fb99ac4a9bb12ac01e125758054	vendor/wrpc-sw/ppsi/tools/dump-funcs.c	byte-identical	a29fb72fb4ee9b8271389d8c92a92069e0b64758d07cba16f65bb57ba910673f
26e138fdc0bfc8426704b397141d563cf4d580a2	vendor/wrpc-sw/ppsi/tools/dump-info_ppsi.h	510c621495dcf9ab1d074ec6f6d22bb43594ebc6	vendor/wrpc-sw/ppsi/tools/dump-info_ppsi.h	byte-identical	8f07ad64f7468cf111433de4faafd980c49c826f020dfe933ebf512c77e7a4ff
26e138fdc0bfc8426704b397141d563cf4d580a2	vendor/wrpc-sw/ppsi/tools/dump-main.c	41a184b1caf2797dde64de0a5f30078b3edaed31	vendor/wrpc-sw/ppsi/tools/dump-main.c	byte-identical	10476974ab89d85643a564e48832e317e6687bbfd3ea790d4f7255bc3b34dbc4
26e138fdc0bfc8426704b397141d563cf4d580a2	vendor/wrpc-sw/ppsi/tools/dump_mem_ppsi_wrpc.c	7029ce578d6f4f7d73596f353965b1e8324c52a9	vendor/wrpc-sw/ppsi/tools/dump_mem_ppsi_wrpc.c	byte-identical	fee3a59937598caf254d67f40a3fa1e19f15b772b2e1dcd0fc517abf6b862701
26e138fdc0bfc8426704b397141d563cf4d580a2	vendor/wrpc-sw/ppsi/tools/jmptime.c	ecfe90436a2a7d452c51d2a6ae1e8578f2fa7a63	vendor/wrpc-sw/ppsi/tools/jmptime.c	byte-identical	7137df82b1ab79ae7698c4013461b2afa257eaf311234070b3baebba189dcd7c
26e138fdc0bfc8426704b397141d563cf4d580a2	vendor/wrpc-sw/ppsi/tools/monotonicClock.c	8db425da647a0cb2c55a78b619e852e081b339b5	vendor/wrpc-sw/ppsi/tools/monotonicClock.c	byte-identical	a3bf3cb15d609d632ade6f240ab98c87f6d5964806f205702219e10728702b88
26e138fdc0bfc8426704b397141d563cf4d580a2	vendor/wrpc-sw/ppsi/tools/mtp/.gitignore	2b532a969ce5f3eb0617e29ddaf284de04bdf1e6	vendor/wrpc-sw/ppsi/tools/mtp/.gitignore	byte-identical	70e163ac41f72670855c9fd86fcab812c168718c2ca5d6d8ea673e64b2ce2ca1
26e138fdc0bfc8426704b397141d563cf4d580a2	vendor/wrpc-sw/ppsi/tools/mtp/Makefile	483588d28d773e583e3e7c022e27fdb652e22fcb	vendor/wrpc-sw/ppsi/tools/mtp/Makefile	byte-identical	24c94588bc2f45f3f6aec8b03b5986b59c767643c5dad805ac2eabf1476cff23
26e138fdc0bfc8426704b397141d563cf4d580a2	vendor/wrpc-sw/ppsi/tools/mtp/misc-common.h	029cdabd0657b693ded500b8f282b4071b8ea780	vendor/wrpc-sw/ppsi/tools/mtp/misc-common.h	byte-identical	823af3251fb45a439a50a2697a7f255a36393e66f119d2d3c46e6fa31058617c
26e138fdc0bfc8426704b397141d563cf4d580a2	vendor/wrpc-sw/ppsi/tools/mtp/mtp.h	cb1e119b495536ec931b0714a6cb75711dd3fb54	vendor/wrpc-sw/ppsi/tools/mtp/mtp.h	byte-identical	809fb357683a515c4018741c0e0fbe8cca39ac678cb17e4e40ba74f7f852202d
26e138fdc0bfc8426704b397141d563cf4d580a2	vendor/wrpc-sw/ppsi/tools/mtp/mtp_packet.c	7c4272bd84d628c2a26dcfd7845f2ee5322068a4	vendor/wrpc-sw/ppsi/tools/mtp/mtp_packet.c	byte-identical	53b574c68b7414d2256465c792bf0cb7f8e09a30550f870d1687e93d856526f7
26e138fdc0bfc8426704b397141d563cf4d580a2	vendor/wrpc-sw/ppsi/tools/mtp/mtp_stamp.c	0f5f9ca20d8201a89d2b9bcf0e6e80bb700b0f7e	vendor/wrpc-sw/ppsi/tools/mtp/mtp_stamp.c	byte-identical	2755de6fef9be3fc0a8fe124046e052c199006413623e1ab01c8cfcce7e2fb0c
26e138fdc0bfc8426704b397141d563cf4d580a2	vendor/wrpc-sw/ppsi/tools/mtp/mtp_udp.c	7e06214e1bd45ba0ba48d4e877efd93b4830c740	vendor/wrpc-sw/ppsi/tools/mtp/mtp_udp.c	byte-identical	e944c3bc93a8fe9f2eb57aaa0ae6c8627020b66e7182a9885dc1893375e8ea39
26e138fdc0bfc8426704b397141d563cf4d580a2	vendor/wrpc-sw/ppsi/tools/mtp/net_tstamp.h	a3b8546354ac407ee28ba8aeffd98430cc57098c	vendor/wrpc-sw/ppsi/tools/mtp/net_tstamp.h	byte-identical	a4711f048b74413704ef8fe7f9d089bcb8bfe2c5bb0cccd5deeacdc596f629cd
26e138fdc0bfc8426704b397141d563cf4d580a2	vendor/wrpc-sw/ppsi/tools/mtp/onestamp.c	660c4eb0ed00c2e9f71589de6df81a2922fe9353	vendor/wrpc-sw/ppsi/tools/mtp/onestamp.c	byte-identical	d960f5c03666fba360876579e95c082e48cd21164be9a3b40ff606e4bac5b063
26e138fdc0bfc8426704b397141d563cf4d580a2	vendor/wrpc-sw/ppsi/tools/mtp/report.c	8138900b3473cd31d7da18c572a4f3e46e0cd69f	vendor/wrpc-sw/ppsi/tools/mtp/report.c	byte-identical	5cfcb97eb0e6e73b22f79266da2cab43236419dcf59a7a9bec8654f1775a7d5a
26e138fdc0bfc8426704b397141d563cf4d580a2	vendor/wrpc-sw/ppsi/tools/mtp/stamp-funcs.c	5318d708d2244b6f2cbe63911550e590d3bbcd4e	vendor/wrpc-sw/ppsi/tools/mtp/stamp-funcs.c	byte-identical	67033af064e3ae8b68c4e776c55f99ee615a605ddbd2ed3c32be1cf9e503ec05
26e138fdc0bfc8426704b397141d563cf4d580a2	vendor/wrpc-sw/ppsi/tools/mtp/ttstamp.c	ee0245d5adcd83bbb032a09c5a4e8cd0fddf4c44	vendor/wrpc-sw/ppsi/tools/mtp/ttstamp.c	byte-identical	9894e1a7f793a7a7d3dbf49ace64228f1acd9db47a2f5b95712aea6a100bfad5
26e138fdc0bfc8426704b397141d563cf4d580a2	vendor/wrpc-sw/ppsi/tools/pps-out.c	e13edbe68da6e237147144669c2e2577e1ad286e	vendor/wrpc-sw/ppsi/tools/pps-out.c	byte-identical	9375f2521908b77303862f0b6248db476391944a7301503109fd09dabf79e9ed
26e138fdc0bfc8426704b397141d563cf4d580a2	vendor/wrpc-sw/ppsi/tools/ptpdump.h	005d65bee1bbd7eb2836bdc5a541ce5da914709a	vendor/wrpc-sw/ppsi/tools/ptpdump.h	byte-identical	2180b833757acf25853921fbdbc53ef2077f5153b7c1345a7af357d331b0663e
26e138fdc0bfc8426704b397141d563cf4d580a2	vendor/wrpc-sw/ppsi/tools/strip_ofm.sh	aaa10aa740ce90348b51ec8f2ee4fbc3514f9851	vendor/wrpc-sw/ppsi/tools/strip_ofm.sh	byte-identical	a6d7ebd142adcd163cf814ca6e18eb63a913f9cff69d65cfe5a0f28cb7b9e238
26e138fdc0bfc8426704b397141d563cf4d580a2	vendor/wrpc-sw/ppsi/tools/wrs_dump_shmem_ppsi.c	b4dd2b30883d7d296bb65b3c7dd25f20a9394599	vendor/wrpc-sw/ppsi/tools/wrs_dump_shmem_ppsi.c	byte-identical	2a3caa817434232e0dde3201c383c92dc43b803a7279b3e28a3d9af8a70229c6
26e138fdc0bfc8426704b397141d563cf4d580a2	vendor/wrpc-sw/ppsi/unit-tests/Makefile	2e8770c0c9669ff6138e05c1cdf515b2e20ff7c3	vendor/wrpc-sw/ppsi/unit-tests/Makefile	byte-identical	e2537428eeab630bbd25655652dbdfd22c9ced8a8674ff606078f39263c514c8
26e138fdc0bfc8426704b397141d563cf4d580a2	vendor/wrpc-sw/ppsi/unit-tests/test-time-arith.c	1bd530e3a4ec957f45d1ec9ec65483ea54e82b11	vendor/wrpc-sw/ppsi/unit-tests/test-time-arith.c	byte-identical	c5e0f8c1626a2a3083381cea45fcee16c6a5a2894c91c7018894ed3c3e28f821
26e138fdc0bfc8426704b397141d563cf4d580a2	vendor/wrpc-sw/ppsi/unit-tests/test-time-arith.ref	d94e861fc44b5315ae15959701afe75950132153	vendor/wrpc-sw/ppsi/unit-tests/test-time-arith.ref	byte-identical	f21e0f0820dfdc5fe2c85735630bac5cb513a2c4e82f8e62804d895b7477b347
26e138fdc0bfc8426704b397141d563cf4d580a2	vendor/wrpc-sw/revision.c	60a616620595380d82fda5f4dc8fa3e6ff4988a0	vendor/wrpc-sw/revision.c	byte-identical	f53d76868ecd4ffe798dfcb4c23c6a7a331eb1af39e228219e6d32edf3b63e5a
26e138fdc0bfc8426704b397141d563cf4d580a2	vendor/wrpc-sw/save_size.sh	63407543b3462158e927d3c6107ceb4067bb5e3e	vendor/wrpc-sw/save_size.sh	byte-identical	ba88b2e78c2f311922a5e9494502bf944a79c6a5ff1509fb80b89ff5cd11e89b
26e138fdc0bfc8426704b397141d563cf4d580a2	vendor/wrpc-sw/scripts/Kbuild.include	15b196fc2f49b35f6663b6b359493f6a27564797	vendor/wrpc-sw/scripts/Kbuild.include	byte-identical	bfa7fdb5cd0a618e84fdff242baeaf2577c21e3185a72f058520f8b85633c493
26e138fdc0bfc8426704b397141d563cf4d580a2	vendor/wrpc-sw/scripts/Lindent	6d889de4e70b683a958dca75db40bee42f616fb9	vendor/wrpc-sw/scripts/Lindent	byte-identical	3b34cfef417090a640f3e1db485a68ab514087bc704937671e2dc5008a8221c4
26e138fdc0bfc8426704b397141d563cf4d580a2	vendor/wrpc-sw/scripts/Makefile	88449b35aef6415b08b9e4d7fbb21b970117b95c	vendor/wrpc-sw/scripts/Makefile	byte-identical	d049f5ee05389cd8674a4683323172d7ece6cef545659449d198228d2c63fb6f
26e138fdc0bfc8426704b397141d563cf4d580a2	vendor/wrpc-sw/scripts/Makefile.build	11602e5efb3bcdf1d300315a4501b8ce3faaa78c	vendor/wrpc-sw/scripts/Makefile.build	byte-identical	1c3bb3283613aa5b4f921edc725bc25c04c03f64c8151899dafe640602604e1f
26e138fdc0bfc8426704b397141d563cf4d580a2	vendor/wrpc-sw/scripts/Makefile.host	45b5b1aaedbdd5e3204ff4af7b5c0c1a6ff1ce1d	vendor/wrpc-sw/scripts/Makefile.host	byte-identical	5d59ba7302f64b98e51367983a7fbf9b9dcfbc9ead6b5809c73d70481d181af7
26e138fdc0bfc8426704b397141d563cf4d580a2	vendor/wrpc-sw/scripts/Makefile.lib	0a07f9014944ed92a8e2e42983ae43be60b3e471	vendor/wrpc-sw/scripts/Makefile.lib	byte-identical	3bc95cb15ec22c15ad5d2ec40b70966b00de1e24fcfc78bb291156ec08d75f76
26e138fdc0bfc8426704b397141d563cf4d580a2	vendor/wrpc-sw/scripts/basic/.gitignore	bf8b199ec598d591946f6cf070e3ccfd01ee5a52	vendor/wrpc-sw/scripts/basic/.gitignore	byte-identical	e171318bc17d6a8dec3c00e7a62fb82089a00ae3f881261856f3237b1d2d8349
26e138fdc0bfc8426704b397141d563cf4d580a2	vendor/wrpc-sw/scripts/basic/Makefile	09559951df1208e00f5a51efa1208145a87efe14	vendor/wrpc-sw/scripts/basic/Makefile	byte-identical	3b00923d7b4973cf80ea4aaa05e6d35af4d23ba58b2acb5f73aab0e3568ce3d8
26e138fdc0bfc8426704b397141d563cf4d580a2	vendor/wrpc-sw/scripts/basic/docproc.c	79ab973fb43a42715d61092ce58d7408109e6eff	vendor/wrpc-sw/scripts/basic/docproc.c	byte-identical	2801ed45f54f0a9a4d87f43beb1c1e98ea5f69ee54dea83ac7aa784f8385cfe2
26e138fdc0bfc8426704b397141d563cf4d580a2	vendor/wrpc-sw/scripts/basic/fixdep.c	ea26b23de082b03cfa99483c52118f962a019a0e	vendor/wrpc-sw/scripts/basic/fixdep.c	byte-identical	f40b9a9701fd35e05f7de20609458b0a9be5edcfef95f40ad493ab253f51de65
26e138fdc0bfc8426704b397141d563cf4d580a2	vendor/wrpc-sw/scripts/basic/hash.c	2ef5d3f666b87ed52c7664cbc37ffe1e143397e8	vendor/wrpc-sw/scripts/basic/hash.c	byte-identical	1fd44879b62fd50b9fca8f7f339b70c59e0c922330d97d9f827d823e3168c0ec
26e138fdc0bfc8426704b397141d563cf4d580a2	vendor/wrpc-sw/scripts/checkpatch.pl	faea0ec612bfed2932ca5dc25868fe00888a5afc	vendor/wrpc-sw/scripts/checkpatch.pl	byte-identical	754fb85947186ade315f8ba39a7ce517b0b06e1ef83db34609502762aa0b43e1
26e138fdc0bfc8426704b397141d563cf4d580a2	vendor/wrpc-sw/scripts/kconfig/.gitignore	be603c4fef624669ea2bac84e1f41311713a8065	vendor/wrpc-sw/scripts/kconfig/.gitignore	byte-identical	cbc4d40e5bcf6d156f194340074db760ff9ea3a6b03e2420f71d67550ed3fc4a
26e138fdc0bfc8426704b397141d563cf4d580a2	vendor/wrpc-sw/scripts/kconfig/Makefile	a625e8f20f965767389019eccca8476a2c0dcd47	vendor/wrpc-sw/scripts/kconfig/Makefile	byte-identical	d57199f8793cd7eee3817011bde7dbfd2aea4b81ce887b320b63a8ce8cfab63a
26e138fdc0bfc8426704b397141d563cf4d580a2	vendor/wrpc-sw/scripts/kconfig/POTFILES.in	9674573969902fab7bc90a3875f653d5bae6ba20	vendor/wrpc-sw/scripts/kconfig/POTFILES.in	byte-identical	5cb8ad94dbef9e26a8d1e6028d2b5c50c2c0744429579d82a148fa535405ea3a
26e138fdc0bfc8426704b397141d563cf4d580a2	vendor/wrpc-sw/scripts/kconfig/check.sh	55b79ba1ba2a5e4c84cb6cc3bf5f25dbb92a3e89	vendor/wrpc-sw/scripts/kconfig/check.sh	byte-identical	da08d4f98d68d69b3307ff1fe3666c6104db8f19266d5f710baca8864859c2ac
26e138fdc0bfc8426704b397141d563cf4d580a2	vendor/wrpc-sw/scripts/kconfig/conf.c	866369f10ff84f4d2cae14eb6dfbe7e353c08adf	vendor/wrpc-sw/scripts/kconfig/conf.c	byte-identical	3385ddb4039f4abd9c1936acf8680976dee8c0eb4d39936058efc659d23847d4
26e138fdc0bfc8426704b397141d563cf4d580a2	vendor/wrpc-sw/scripts/kconfig/confdata.c	297b079ae4d9f0decbabc76d0f7e833e20aadadb	vendor/wrpc-sw/scripts/kconfig/confdata.c	byte-identical	8ab34437da50843d6e45a0f94dfebc669a7259298a0bc50e89d04ca78cb49ca2
26e138fdc0bfc8426704b397141d563cf4d580a2	vendor/wrpc-sw/scripts/kconfig/expr.c	cbf4996dd9c1045ecc7ffa66a9ec79edd99b1038	vendor/wrpc-sw/scripts/kconfig/expr.c	byte-identical	350eecf882ff96bf03e5e63402c2ae095b83f0070cf95d330dfa78c254d4d368
26e138fdc0bfc8426704b397141d563cf4d580a2	vendor/wrpc-sw/scripts/kconfig/expr.h	973b6f73336829a6290a0d2bb15a841086d9a18c	vendor/wrpc-sw/scripts/kconfig/expr.h	byte-identical	3b9c451c5c18c7098c343b16ae368dca2638cfe6ace50f99801216840c5ca066
26e138fdc0bfc8426704b397141d563cf4d580a2	vendor/wrpc-sw/scripts/kconfig/gconf.c	26d208b435a0d347b8f11df13bcb79cf3618770c	vendor/wrpc-sw/scripts/kconfig/gconf.c	byte-identical	df6548e28e614b1f66f3d86ab0732e588f2b4714d8076acc2b2d716d39ae9da4
26e138fdc0bfc8426704b397141d563cf4d580a2	vendor/wrpc-sw/scripts/kconfig/gconf.glade	aa483cb32755e1d5986bc4b2f24d23470981a7c7	vendor/wrpc-sw/scripts/kconfig/gconf.glade	byte-identical	5aa850de64a62752440c8de119d33e5824ebb66b82a205a102b5f906d156e6ce
26e138fdc0bfc8426704b397141d563cf4d580a2	vendor/wrpc-sw/scripts/kconfig/images.c	d4f84bd4a96b6f39081cd72e7dadd34c49fbc00e	vendor/wrpc-sw/scripts/kconfig/images.c	byte-identical	e4cd230d7d5d48a18ac2380c6d250e121cd80c2ca447eddc1e2976038a0a9931
26e138fdc0bfc8426704b397141d563cf4d580a2	vendor/wrpc-sw/scripts/kconfig/kxgettext.c	2858738b22d5aeac27154f74af433540839d37a6	vendor/wrpc-sw/scripts/kconfig/kxgettext.c	byte-identical	d250b2e159e811ec43a68dac123c78e61743ab99c8b0bae43ae8d3fe6c60f930
26e138fdc0bfc8426704b397141d563cf4d580a2	vendor/wrpc-sw/scripts/kconfig/list.h	2cf23f002d3f48f6b51ac9898fde7681ea39cf53	vendor/wrpc-sw/scripts/kconfig/list.h	byte-identical	d9ec14cb23fe1792d42b1982119af82cbaa4f567a1751744e0f5e439b6965b8f
26e138fdc0bfc8426704b397141d563cf4d580a2	vendor/wrpc-sw/scripts/kconfig/lkc.h	91ca126ea0802e40278bbbf09b3413ce59c1bc15	vendor/wrpc-sw/scripts/kconfig/lkc.h	byte-identical	515cfdc456275bbd5199e4c73e7b1a124d5c0889e50562f37aa20499a5acff43
26e138fdc0bfc8426704b397141d563cf4d580a2	vendor/wrpc-sw/scripts/kconfig/lkc_proto.h	d5398718ec2ae3337dac3cb3d19654c8508c3007	vendor/wrpc-sw/scripts/kconfig/lkc_proto.h	byte-identical	27f398e81b41c597e23629790db1f9b74cb7ca50e1baf36be4859bf7cb917f16
26e138fdc0bfc8426704b397141d563cf4d580a2	vendor/wrpc-sw/scripts/kconfig/lxdialog/.gitignore	90b08ff025a652002bba6d8a14e7093f42eca9da	vendor/wrpc-sw/scripts/kconfig/lxdialog/.gitignore	byte-identical	0dd917942c147742fea4e5a0f36db5cc1e852b53ba29a4748fbd4b5ed5b5c035
26e138fdc0bfc8426704b397141d563cf4d580a2	vendor/wrpc-sw/scripts/kconfig/lxdialog/BIG.FAT.WARNING	a8999d82bdb3b5c00a9668de8f5da89b91c0cc08	vendor/wrpc-sw/scripts/kconfig/lxdialog/BIG.FAT.WARNING	byte-identical	fafb1692d3d4f88b12fc38a4ddfd818927b0c094f34eb5fdf05000694306de75
26e138fdc0bfc8426704b397141d563cf4d580a2	vendor/wrpc-sw/scripts/kconfig/lxdialog/check-lxdialog.sh	5075ebf2d3b995bee04c146d942abce4515b4559	vendor/wrpc-sw/scripts/kconfig/lxdialog/check-lxdialog.sh	byte-identical	8cd9754fff4d339170410f94e84d820b0423503ac54a9d371f2d5ed3186dbe9c
26e138fdc0bfc8426704b397141d563cf4d580a2	vendor/wrpc-sw/scripts/kconfig/lxdialog/checklist.c	8d016faa28d704be886cb1c6195a3bdca78d29b0	vendor/wrpc-sw/scripts/kconfig/lxdialog/checklist.c	byte-identical	c00f18f13e4b39213ccdf7b6f94886d2b1d52318db9bb0dbe2e4b09ff96e4f4d
26e138fdc0bfc8426704b397141d563cf4d580a2	vendor/wrpc-sw/scripts/kconfig/lxdialog/dialog.h	fcffd5b41fb07bff8cab87c3cdee93c18e884e1b	vendor/wrpc-sw/scripts/kconfig/lxdialog/dialog.h	byte-identical	6bb25d3a4078ea683cf1e7ba47fe83692b9cffd4ad41b9ebc5640525e57f5568
26e138fdc0bfc8426704b397141d563cf4d580a2	vendor/wrpc-sw/scripts/kconfig/lxdialog/inputbox.c	d58de1dc5360dacf90fce2c177e3fb6c3ed8c83e	vendor/wrpc-sw/scripts/kconfig/lxdialog/inputbox.c	byte-identical	82ecb5016ad22a4ca4dce5cabb9ec28d406ee08b741bf0c72fda858ae6e2f504
26e138fdc0bfc8426704b397141d563cf4d580a2	vendor/wrpc-sw/scripts/kconfig/lxdialog/menubox.c	11ae9ad7ac7b992e2244ae88c0f576977157c254	vendor/wrpc-sw/scripts/kconfig/lxdialog/menubox.c	byte-identical	6abc11a3e6163b2a75b8920d2869fb74d392fa6a7ca5c1cf71221d53751f9be7
26e138fdc0bfc8426704b397141d563cf4d580a2	vendor/wrpc-sw/scripts/kconfig/lxdialog/textbox.c	1773319b95e74f68ee2c618654e8ee00c96b1b37	vendor/wrpc-sw/scripts/kconfig/lxdialog/textbox.c	byte-identical	19691b8461bf1a19fd8e6658a79e57137e98b5333c0711c4c0a08b8d6b01f4f7
26e138fdc0bfc8426704b397141d563cf4d580a2	vendor/wrpc-sw/scripts/kconfig/lxdialog/util.c	f7abdeb92af02188a48712ce48ab76f6b32f1d27	vendor/wrpc-sw/scripts/kconfig/lxdialog/util.c	byte-identical	1412c8d13ec9ef79f4acf9e35ea467ef3c383f1950bcf16e231e5263334df5ff
26e138fdc0bfc8426704b397141d563cf4d580a2	vendor/wrpc-sw/scripts/kconfig/lxdialog/yesno.c	676fb2f824a3d41c81ef5348a4efc3630155cb14	vendor/wrpc-sw/scripts/kconfig/lxdialog/yesno.c	byte-identical	08949367713e2e841bca6c218c7bd2c8784cbebd32b77931b3f26053f5ef4925
26e138fdc0bfc8426704b397141d563cf4d580a2	vendor/wrpc-sw/scripts/kconfig/mconf.c	905eb2cf9fb42669d9a669a0c2c53b165f7d61ed	vendor/wrpc-sw/scripts/kconfig/mconf.c	byte-identical	eced59526686768b6322e7c16f015d7a779db46e62d87a16576eeb2d925ac296
26e138fdc0bfc8426704b397141d563cf4d580a2	vendor/wrpc-sw/scripts/kconfig/menu.c	aed678e8a77750812bb9e49b7d9e7c6e32f9eea1	vendor/wrpc-sw/scripts/kconfig/menu.c	byte-identical	f8cfe762336cb216ad083374f39da1887a87982db0dec1fa86357e4d4b5f30c9
26e138fdc0bfc8426704b397141d563cf4d580a2	vendor/wrpc-sw/scripts/kconfig/merge_config.sh	67d1314476314590f285a63700c13e047dc17c80	vendor/wrpc-sw/scripts/kconfig/merge_config.sh	byte-identical	1e1a365c35e66267a092ffd89a8d9ccb6cc097a585b7f65cf366dea85cfc2f9e
26e138fdc0bfc8426704b397141d563cf4d580a2	vendor/wrpc-sw/scripts/kconfig/nconf.c	d42d534a66cd7006a38e113b4b5b8e30359e7a76	vendor/wrpc-sw/scripts/kconfig/nconf.c	byte-identical	7090fdc7137968f5b813dbf0ceaa75b7708134ed445ab2b58bd106a293e8fc7a
26e138fdc0bfc8426704b397141d563cf4d580a2	vendor/wrpc-sw/scripts/kconfig/nconf.gui.c	8275f0e55106bc0055d0a1adfe2a169ad1b54193	vendor/wrpc-sw/scripts/kconfig/nconf.gui.c	byte-identical	da111dccd4b2c99ec8c0bdc610870f8fc22cf851adf8ae9af2750025afda99b9
26e138fdc0bfc8426704b397141d563cf4d580a2	vendor/wrpc-sw/scripts/kconfig/nconf.h	0d5261705ef5c88d162321fe1806b3342b303188	vendor/wrpc-sw/scripts/kconfig/nconf.h	byte-identical	f4c21c8cb23903b0f5babb7f60756674861c5f43f62eb26d96a79beed328d280
26e138fdc0bfc8426704b397141d563cf4d580a2	vendor/wrpc-sw/scripts/kconfig/qconf.cc	fc5555992220956d31ce82b765b8ab6f35898379	vendor/wrpc-sw/scripts/kconfig/qconf.cc	byte-identical	6c765c52c76d86af97808e215e05bce8fbc8a03e6d9f0a8bbeff37717eb646f2
26e138fdc0bfc8426704b397141d563cf4d580a2	vendor/wrpc-sw/scripts/kconfig/qconf.h	a40036d1b059275153dad27f78b522212af97ca7	vendor/wrpc-sw/scripts/kconfig/qconf.h	byte-identical	977f3dc402e6f20cd2515e86a26175da10b34c631ac513854ea3122743a53747
26e138fdc0bfc8426704b397141d563cf4d580a2	vendor/wrpc-sw/scripts/kconfig/streamline_config.pl	b8c7b29affc59d4da88998a7fd379f6307dc64af	vendor/wrpc-sw/scripts/kconfig/streamline_config.pl	byte-identical	f896c8ea3b5a9e2d72cf4a2a40506dc2f805e9629a55a260d13f82d0cbe67827
26e138fdc0bfc8426704b397141d563cf4d580a2	vendor/wrpc-sw/scripts/kconfig/symbol.c	2432298487fb330d04e365fa2b1c81ed6fbba691	vendor/wrpc-sw/scripts/kconfig/symbol.c	byte-identical	abf9cc7608daffcb19a438c1da84eb935af649e931743cd399bf53634b570524
26e138fdc0bfc8426704b397141d563cf4d580a2	vendor/wrpc-sw/scripts/kconfig/util.c	0e76042473ccd3633aa0870da3cce23e0b1788c6	vendor/wrpc-sw/scripts/kconfig/util.c	byte-identical	90e48470891cbe1838eeee34c7bba2c5498b46ece3da0f0e896de87a9524f619
26e138fdc0bfc8426704b397141d563cf4d580a2	vendor/wrpc-sw/scripts/kconfig/zconf.gperf	ac498f01b449f43476bd9a97586c359d94eaa9bb	vendor/wrpc-sw/scripts/kconfig/zconf.gperf	byte-identical	5df9ff9f2241fee6e3e7c4c5d7b017e58c6ec406d302614223576bbdabcab55d
26e138fdc0bfc8426704b397141d563cf4d580a2	vendor/wrpc-sw/scripts/kconfig/zconf.hash.c_shipped	360a62df2b5e1c378fb9845e637f88dcde95fd69	vendor/wrpc-sw/scripts/kconfig/zconf.hash.c_shipped	byte-identical	e2ca02d05dded355c1b5132de43140d94f98363122a18bb246539a7925a4db4c
26e138fdc0bfc8426704b397141d563cf4d580a2	vendor/wrpc-sw/scripts/kconfig/zconf.l	c410d257da0602dc9b4de92dac457e237c097399	vendor/wrpc-sw/scripts/kconfig/zconf.l	byte-identical	adc4f998763e984b455ed9592c0447eb16db5054291da928c8763563fa6dbe89
26e138fdc0bfc8426704b397141d563cf4d580a2	vendor/wrpc-sw/scripts/kconfig/zconf.lex.c_shipped	37fdf612350586d5a670fc7054aa06c1111d8a8e	vendor/wrpc-sw/scripts/kconfig/zconf.lex.c_shipped	byte-identical	8156a51711ee4f198723589c428fcb042496d10f669f95387b04ae00d8724ef6
26e138fdc0bfc8426704b397141d563cf4d580a2	vendor/wrpc-sw/scripts/kconfig/zconf.tab.c_shipped	7a4d658c20667d9f9d0df5facb5d534fa2c2f67e	vendor/wrpc-sw/scripts/kconfig/zconf.tab.c_shipped	byte-identical	590593c18489fcc42314b8b410ca3a5fa5dc6c7b06ca2ecf5b5da1eece7d333b
26e138fdc0bfc8426704b397141d563cf4d580a2	vendor/wrpc-sw/scripts/kconfig/zconf.y	71bf8bff696a41ff3f3ff8cdfe46149e4e11506d	vendor/wrpc-sw/scripts/kconfig/zconf.y	byte-identical	80aa6583fa9ec569cd977636baeae7a2b05f1920138a46de499c7ace1fc4f9dd
26e138fdc0bfc8426704b397141d563cf4d580a2	vendor/wrpc-sw/shell/cmd_calib.c	8dd24aa8cf3e18fef3b332405349d61e917d4918	vendor/wrpc-sw/shell/cmd_calib.c	byte-identical	0fd5b29649c8a094e7128e8b086871e8e2187de61f5b90ea174eeae5e204be9f
26e138fdc0bfc8426704b397141d563cf4d580a2	vendor/wrpc-sw/shell/cmd_config.c	18225ff1e9c4fd7efd1952599fcb2e84b8221749	vendor/wrpc-sw/shell/cmd_config.c	byte-identical	9f977b080bf326fa3876197dbec3ce84c8ae6669c63ee8b2f9948e692f3ca134
26e138fdc0bfc8426704b397141d563cf4d580a2	vendor/wrpc-sw/shell/cmd_diag.c	dc8aca26f1b314e85c05cbecb72a4eddc1970e38	vendor/wrpc-sw/shell/cmd_diag.c	byte-identical	010cc9732da6d798d5ebebd89259c0aa5e075b2446851d12f880c1db69e03a83
26e138fdc0bfc8426704b397141d563cf4d580a2	vendor/wrpc-sw/shell/cmd_freqmon.c	485779b7322e12c63926785c54fe01a662b1716b	vendor/wrpc-sw/shell/cmd_freqmon.c	byte-identical	86c33e74417c6df9ce8a3635da2b9f6d1266b36ac9da20c7d2ef1af75164e365
26e138fdc0bfc8426704b397141d563cf4d580a2	vendor/wrpc-sw/shell/cmd_gui.c	43232d5863796a60bd80fd6496f934fbd5075197	vendor/wrpc-sw/shell/cmd_gui.c	byte-identical	605b2a09606ff866efc4a739dbd38f320a4bc8ed34fb4411672a11d5c02d75d0
26e138fdc0bfc8426704b397141d563cf4d580a2	vendor/wrpc-sw/shell/cmd_init.c	2fbb0213d493a7305d9909631cf03f68e54d0f5e	vendor/wrpc-sw/shell/cmd_init.c	byte-identical	7b9d10352ab99944bd46a49bff5da50a8f4896e119d0adfc2cd84751e28e6316
26e138fdc0bfc8426704b397141d563cf4d580a2	vendor/wrpc-sw/shell/cmd_ip.c	17225bce450ac3f0cb833481e60fb5031ff80974	vendor/wrpc-sw/shell/cmd_ip.c	byte-identical	93011630a94b5491af4c5c22349c6c8665724cea0da137d48b7f962839b5f680
26e138fdc0bfc8426704b397141d563cf4d580a2	vendor/wrpc-sw/shell/cmd_leapsec.c	008321007ed97310313fad48f597fe1f41187205	vendor/wrpc-sw/shell/cmd_leapsec.c	byte-identical	0d705c1e62e8c3899996bfd60a88898ae98047ad7aa7f45478a6c47906b4b424
26e138fdc0bfc8426704b397141d563cf4d580a2	vendor/wrpc-sw/shell/cmd_ll.c	2f5599f86aeef6971937bd74a3e0921f27d11ee5	vendor/wrpc-sw/shell/cmd_ll.c	byte-identical	628bb1cdee8c7ff7469bf8d876d066a0605df302b8febd6002dd22db5c953197
26e138fdc0bfc8426704b397141d563cf4d580a2	vendor/wrpc-sw/shell/cmd_mac.c	ee2a6ac812d4ce4391c06ff4dcad999477448565	vendor/wrpc-sw/shell/cmd_mac.c	byte-identical	50e58d23791059b798c883b65042f726436222a2da5cc09b777aa5df3b6af23c
26e138fdc0bfc8426704b397141d563cf4d580a2	vendor/wrpc-sw/shell/cmd_netconsole.c	26c560432ffe13bb397826b7bde803e3302cc789	vendor/wrpc-sw/shell/cmd_netconsole.c	byte-identical	77e82cd42bbe758da554740985f8c86d1f0e6eedcbc0c80979e587d0cb1a7b3d
26e138fdc0bfc8426704b397141d563cf4d580a2	vendor/wrpc-sw/shell/cmd_pll.c	ef0bcf099ef63c1b09113f53ded99c9411530e52	vendor/wrpc-sw/shell/cmd_pll.c	byte-identical	74c80f5ac4927bb2def2750ea59de7d6b5052b4abb453ea2e27b2b25769d02e4
26e138fdc0bfc8426704b397141d563cf4d580a2	vendor/wrpc-sw/shell/cmd_pps.c	6c570b9ff6024f6e2e60387bca7b939cc8d9915d	vendor/wrpc-sw/shell/cmd_pps.c	byte-identical	fc7fef441edf801b5c6e27cf57340a5ee99df77a1a77b67680dbfc3859ad8a79
26e138fdc0bfc8426704b397141d563cf4d580a2	vendor/wrpc-sw/shell/cmd_ps.c	166bca259ccb7be1b16ccb27d5109d5b14cb753e	vendor/wrpc-sw/shell/cmd_ps.c	byte-identical	aa17b901580ff7c028d3f15baf0aacb3be3261b3dd2b7c4efda188f872a6365a
26e138fdc0bfc8426704b397141d563cf4d580a2	vendor/wrpc-sw/shell/cmd_ptp.c	9d80402f5fb59edda7ce005bd5a8ca89b09a224d	vendor/wrpc-sw/shell/cmd_ptp.c	byte-identical	52c568ea2858c33ba902a2e78d0612b40329c298b73479d491d06fdcdd25370c
26e138fdc0bfc8426704b397141d563cf4d580a2	vendor/wrpc-sw/shell/cmd_ptrack.c	a9928bed32fa3334538d657ee978bcc494df57ca	vendor/wrpc-sw/shell/cmd_ptrack.c	byte-identical	9bcdf719c5249e4a894c73c7b4a90260275e9f90fc11db1a2e51d7751b088bb3
26e138fdc0bfc8426704b397141d563cf4d580a2	vendor/wrpc-sw/shell/cmd_refresh.c	24758f093f962aaabeab858d34e7f6e06330dacb	vendor/wrpc-sw/shell/cmd_refresh.c	byte-identical	50abeca491897367b3bb9c7270d9e28fc488a84ee4c1cd48c3f99ed729717bbd
26e138fdc0bfc8426704b397141d563cf4d580a2	vendor/wrpc-sw/shell/cmd_sdb.c	f49297c0336ce7bd9c93343d9ee33a71814cbc7d	vendor/wrpc-sw/shell/cmd_sdb.c	byte-identical	07043d22117f5749f2d8cec11da981a99a8c0148dfc56c8afa7ebfa134beacbb
26e138fdc0bfc8426704b397141d563cf4d580a2	vendor/wrpc-sw/shell/cmd_sfp.c	9a21ef4546d9b8ddd3c4409eee9a811a1d7bf48e	vendor/wrpc-sw/shell/cmd_sfp.c	byte-identical	cfd0d35533c3112a5a1890913402f38e9b49a0b2da942049a7aa9054f2557b2c
26e138fdc0bfc8426704b397141d563cf4d580a2	vendor/wrpc-sw/shell/cmd_sleep.c	9c719733aa6c40af7713e6f97c00dc87fb36ed51	vendor/wrpc-sw/shell/cmd_sleep.c	byte-identical	c7c61a30520df9cb9d0bcd267ad1aaceffa83d8bbaf45a7d622a2a670a4f12b2
26e138fdc0bfc8426704b397141d563cf4d580a2	vendor/wrpc-sw/shell/cmd_stat.c	191f488ea064367d950819475c56e21626ad6c7b	vendor/wrpc-sw/shell/cmd_stat.c	byte-identical	0fe2f9c5308d39e3ac3d2757b1245c50cc945b6d0569ebea81c00c4e5833c6ff
26e138fdc0bfc8426704b397141d563cf4d580a2	vendor/wrpc-sw/shell/cmd_time.c	2328fc005822cb98fdbcf40da8fb0f4149dce179	vendor/wrpc-sw/shell/cmd_time.c	byte-identical	a0524a93bc5a7fe1c8c70eac8af64c1b427c1bc476f6f3fd4429bd3f7ae25ab2
26e138fdc0bfc8426704b397141d563cf4d580a2	vendor/wrpc-sw/shell/cmd_uptime.c	1c05dd238f1d052b5ce7c5648db5cf84b08a5a04	vendor/wrpc-sw/shell/cmd_uptime.c	byte-identical	1f2c53e40915dad68afafcfd27075a25c44a2dbb0e46cfe6ec4c343b1a4dc17d
26e138fdc0bfc8426704b397141d563cf4d580a2	vendor/wrpc-sw/shell/cmd_verbose.c	b378d764d26f1c1d9c5f8637fd632d22d3860e23	vendor/wrpc-sw/shell/cmd_verbose.c	byte-identical	09a6db1e2cdce58ae56213df075505de61ba4f68e35fd1e4238317cef95e21e8
26e138fdc0bfc8426704b397141d563cf4d580a2	vendor/wrpc-sw/shell/cmd_version.c	559083f3beba801126b5349182178ce61cf7be37	vendor/wrpc-sw/shell/cmd_version.c	byte-identical	116d5a63d998197665230a4d9d632fd1d2e9d6fda05a0ce6b7c502240cda7b09
26e138fdc0bfc8426704b397141d563cf4d580a2	vendor/wrpc-sw/shell/cmd_vlan.c	5871a865e89f5088588a1de4ef4a9f1f6a54bded	vendor/wrpc-sw/shell/cmd_vlan.c	byte-identical	7f40e3f56aa692b16c3917a016c799f8a0c67b76d43f65563d471e297a34a6f8
26e138fdc0bfc8426704b397141d563cf4d580a2	vendor/wrpc-sw/shell/shell.c	fab4be4321c8742bce949de02d3a8f8703cf9b44	vendor/wrpc-sw/shell/shell.c	byte-identical	f4585fac4dd1ca46e079ffd01baa707f47ccc7cf215088643f85b3c9e51e7e1e
26e138fdc0bfc8426704b397141d563cf4d580a2	vendor/wrpc-sw/shell/shell.mk	04143f3fa034792a8d747295aed970b14d9dc0d5	vendor/wrpc-sw/shell/shell.mk	byte-identical	5e5e42d9241c2b268fd3326a757710849bdbff932ea6a2e1c140b1b10a49061c
26e138fdc0bfc8426704b397141d563cf4d580a2	vendor/wrpc-sw/softpll/softpll.mk	b39e96f906aa9de6f0e1828c9e25ba38952e29c2	vendor/wrpc-sw/softpll/softpll.mk	byte-identical	77551ad9037a3632078fd5832c012463a7983209388b1b52336753a0c6455053
26e138fdc0bfc8426704b397141d563cf4d580a2	vendor/wrpc-sw/softpll/softpll_export.h	eee4c4c69db8ffd142a7b28d951f00aedd6ca36e	vendor/wrpc-sw/softpll/softpll_export.h	byte-identical	41e8e725566f7cf17e3259bb69d7df9a5a38f1e3ea3905990edef8188fc0cc4b
26e138fdc0bfc8426704b397141d563cf4d580a2	vendor/wrpc-sw/softpll/softpll_ng.c	28c96e612c9919577892fe68e4fb25f6b93d94eb	vendor/wrpc-sw/softpll/softpll_ng.c	byte-identical	ce2f32bffec44de3bd6b142b95ad9145161dcd5e1de60f22d24121d185ae1125
26e138fdc0bfc8426704b397141d563cf4d580a2	vendor/wrpc-sw/softpll/softpll_ng.h	08059a73a32a1a3b87a1bf3229c5e9afee6053a1	vendor/wrpc-sw/softpll/softpll_ng.h	byte-identical	a597ac4fda99350ac8f2d470a2cf58075823bc636788c732a0402b38874bdb5c
26e138fdc0bfc8426704b397141d563cf4d580a2	vendor/wrpc-sw/softpll/spll_common.c	63f4c27c90d4a03a293035f12e768934cb77d3f4	vendor/wrpc-sw/softpll/spll_common.c	byte-identical	1d0366a74bf53f0b2da090539d30fd270ccfcdd47acab2b1f8459f11a6e8a49e
26e138fdc0bfc8426704b397141d563cf4d580a2	vendor/wrpc-sw/softpll/spll_common.h	8ac9e70e08ab2a9960b801a4208c55461390f149	vendor/wrpc-sw/softpll/spll_common.h	byte-identical	d8207e625fc8365747751457cf87221bdec6585ae4260fd34199b4be483cc92d
26e138fdc0bfc8426704b397141d563cf4d580a2	vendor/wrpc-sw/softpll/spll_debug.h	5327208b3171d90f717629cd689bc812f86c7ac0	vendor/wrpc-sw/softpll/spll_debug.h	byte-identical	b7ca418fbf2a78c2c33bdd29e8dc328836a9c04ae4b38db223dda01f8a367699
26e138fdc0bfc8426704b397141d563cf4d580a2	vendor/wrpc-sw/softpll/spll_external.c	9fe770c09639fd7a0699814bd5b70c42fd46ff30	vendor/wrpc-sw/softpll/spll_external.c	byte-identical	207f3877d8c4bf6f50ca4d152f1dba03b3f551f97d0353504160ee6ab497aa3c
26e138fdc0bfc8426704b397141d563cf4d580a2	vendor/wrpc-sw/softpll/spll_external.h	49c5660ae0b7e3dcdfdba4a3605c71335c636b9c	vendor/wrpc-sw/softpll/spll_external.h	byte-identical	99aba053d05558c2d5aab78b62f764cc0bc25676311a07182283ba886df8ea69
26e138fdc0bfc8426704b397141d563cf4d580a2	vendor/wrpc-sw/softpll/spll_helper.c	7fc399f55e240590f225c67dbe100da027693f1b	vendor/wrpc-sw/softpll/spll_helper.c	byte-identical	813f70a413476b3b64df00b13a02dc631f11cd2774865010b66bad1effd07de1
26e138fdc0bfc8426704b397141d563cf4d580a2	vendor/wrpc-sw/softpll/spll_helper.h	05186dbf2cea83bc8b39dd1c15724f93aee5520b	vendor/wrpc-sw/softpll/spll_helper.h	byte-identical	9e8b928d5506b8b0ccac0e741f0ef3c1c8b04895bc242cf379ede861e054c12c
26e138fdc0bfc8426704b397141d563cf4d580a2	vendor/wrpc-sw/softpll/spll_main.c	f97cdfec470656053329d97b19247bebaf86d1a3	vendor/wrpc-sw/softpll/spll_main.c	byte-identical	a684f4cba159d2e60aca403a7a7a40525c2cc9f5d070df4ddbcec63090739564
26e138fdc0bfc8426704b397141d563cf4d580a2	vendor/wrpc-sw/softpll/spll_main.h	4502e72ded6de05930c96a2c45be3542d0dccdcd	vendor/wrpc-sw/softpll/spll_main.h	byte-identical	cfd18de118ba63f66e8cbf9665e6104857f4787c0e22c11ce5d50b0bad9ec8ec
26e138fdc0bfc8426704b397141d563cf4d580a2	vendor/wrpc-sw/softpll/spll_main_diag.h	1abe188abd456bf0da9a4bc0e0bd98b0b40b5175	vendor/wrpc-sw/softpll/spll_main_diag.h	byte-identical	91f95f96fe53b44d61aec79dd3a24fc3fa494d4651bc4ef15e45169810d9325a
26e138fdc0bfc8426704b397141d563cf4d580a2	vendor/wrpc-sw/softpll/spll_main_f4l_diag.h	ef3e68303053ff109f81cb1e3c05113a4d10e39f	vendor/wrpc-sw/softpll/spll_main_f4l_diag.h	byte-identical	816e9f18460adf8f7cf055a8ca172286fe7ef3bba6135c5a02d5c2ea3b794d31
26e138fdc0bfc8426704b397141d563cf4d580a2	vendor/wrpc-sw/softpll/spll_ptracker.c	fc4a22d9a74855b89c4929904eb101becd79543f	vendor/wrpc-sw/softpll/spll_ptracker.c	byte-identical	382e3907bae2026a0507b8b4149b1d586439ef49e0e8b68267eca32e66d9ff3b
26e138fdc0bfc8426704b397141d563cf4d580a2	vendor/wrpc-sw/softpll/spll_ptracker.h	41ddc14acc209fcaf566557530202cc203e1b4a6	vendor/wrpc-sw/softpll/spll_ptracker.h	byte-identical	d7b7d01053a78117d6f776a4ddaa9e142eb233af17407af141fa5ae888e62e9e
26e138fdc0bfc8426704b397141d563cf4d580a2	vendor/wrpc-sw/system_checks.c	63fbc720a01cbdd1cb1d2296b4aed1288a4764b5	vendor/wrpc-sw/system_checks.c	byte-identical	d71d625c5242c8015b2416d94f136fc0d10fd3b590d547b8bfc8fae3718b14e9
26e138fdc0bfc8426704b397141d563cf4d580a2	vendor/wrpc-sw/test/snmp/.gitignore	4da7d1d779c56ddc376904a36e7a3c28393e6730	vendor/wrpc-sw/test/snmp/.gitignore	byte-identical	7e259fc1cbf691327aeecd3812c964ea30eb041b77fd24ffe303527b19ed96c7
26e138fdc0bfc8426704b397141d563cf4d580a2	vendor/wrpc-sw/test/snmp/Makefile	b754d5bd21c034e2e33c5db9971c60548b833f54	vendor/wrpc-sw/test/snmp/Makefile	byte-identical	ac813da988a9f0178bdc34f9a5e6291c691dafc4d394acc0a10697d70ae4ee26
26e138fdc0bfc8426704b397141d563cf4d580a2	vendor/wrpc-sw/test/snmp/snmp_test_aux_diag_1.bats	8f06353447b65932a8f6d3cf1eda40cd4bae54e9	vendor/wrpc-sw/test/snmp/snmp_test_aux_diag_1.bats	byte-identical	9f9ef90e6b58ffa8ca0d115cb83769ea211338998704b6b50e693a9b0255c38e
26e138fdc0bfc8426704b397141d563cf4d580a2	vendor/wrpc-sw/test/snmp/snmp_test_helpers.bash	80f03321b2723e42c2458a6fa389800313b79a46	vendor/wrpc-sw/test/snmp/snmp_test_helpers.bash	byte-identical	e2439f69b145c9eafa00ab1487d3cda6df0adbbaa7fc70224af7f2d003f551d0
26e138fdc0bfc8426704b397141d563cf4d580a2	vendor/wrpc-sw/test/snmp/snmp_tests_1env.bats	404d08db3aa6a8740904fc1ecdb931297e2287c6	vendor/wrpc-sw/test/snmp/snmp_tests_1env.bats	byte-identical	07348aaeddd6d27cb50229e535565645773b3f0e6cbf62fb96352ab9454447bb
26e138fdc0bfc8426704b397141d563cf4d580a2	vendor/wrpc-sw/test/snmp/snmp_tests_2snmpget.bats	6731d4f5079f3a01242ea197376bef50d7fcc532	vendor/wrpc-sw/test/snmp/snmp_tests_2snmpget.bats	byte-identical	31a4d996dcaf4b17c182781aa3e852368a7e19ee1549696a4cc86b303d978ffc
26e138fdc0bfc8426704b397141d563cf4d580a2	vendor/wrpc-sw/test/snmp/snmp_tests_3snmpgetnext.bats	9ea2c2d0cc6a7e783d3116af1dca702bc98edd28	vendor/wrpc-sw/test/snmp/snmp_tests_3snmpgetnext.bats	byte-identical	aa130f66b7e5636600d253c9fd81578b2771a2bc1cebcd50985fc1982c9868e6
26e138fdc0bfc8426704b397141d563cf4d580a2	vendor/wrpc-sw/test/snmp/snmp_tests_4version.bats	b5c8f8642310004d1ba54b80cd95460586b93020	vendor/wrpc-sw/test/snmp/snmp_tests_4version.bats	byte-identical	0bb40145c041b95daf2beb36e3183494f9f425b3f6342f39f7fbf800d2934b45
26e138fdc0bfc8426704b397141d563cf4d580a2	vendor/wrpc-sw/test/snmp/snmp_tests_5snmpset.bats	8a16ebf963728d0308bb659740c2585a5b2f7d22	vendor/wrpc-sw/test/snmp/snmp_tests_5snmpset.bats	byte-identical	eb87d16fbc92ce14e65987338f0b49fe1fb697ac29d34c3949105f5cea08e33d
26e138fdc0bfc8426704b397141d563cf4d580a2	vendor/wrpc-sw/test/snmp/snmp_tests_6table.bats	e21f6517abba391d38df5b0787c4352023f3fb48	vendor/wrpc-sw/test/snmp/snmp_tests_6table.bats	byte-identical	d38b1c01cc668b8a2f3c2ba1dedec23c0827087d03b42d0fb89ae38cebd766d7
26e138fdc0bfc8426704b397141d563cf4d580a2	vendor/wrpc-sw/test/snmp/snmp_tests_9snmpwalk.bats	10688b7859a41e0b6e1b342522296450283d8597	vendor/wrpc-sw/test/snmp/snmp_tests_9snmpwalk.bats	byte-identical	68aeac63fe58d3741fe8c59e6352c0c0e536b650a27bc67637eadf510e7e93ef
26e138fdc0bfc8426704b397141d563cf4d580a2	vendor/wrpc-sw/test/snmp/wrpc_test_config	e939d52f35804c5bfb5a4ab2d0840364b18f3cf1	vendor/wrpc-sw/test/snmp/wrpc_test_config	byte-identical	576c4af8049c5c6b6abb04867073917e48c40e396e443ce7d69f1d934cfedfdf
26e138fdc0bfc8426704b397141d563cf4d580a2	vendor/wrpc-sw/tools/.gitignore	ab2447c81c79672cccdf758eb22e35a4362085e1	vendor/wrpc-sw/tools/.gitignore	byte-identical	0ee3918ae428974cccf4150556aedc1c6d7ec74e781da8b4ab7b2c2f5d8c34cf
26e138fdc0bfc8426704b397141d563cf4d580a2	vendor/wrpc-sw/tools/Makefile	4f4e6035e52a90829f8958f5d250520876f75e39	vendor/wrpc-sw/tools/Makefile	byte-identical	c443d290820cb91d334b205403cb0cea2819b6c6dc66b0728a3cf4587cd2ad5c
26e138fdc0bfc8426704b397141d563cf4d580a2	vendor/wrpc-sw/tools/build-random/manybuilds	19ede7c4f9bb902f0563437969ada47faaa69c77	vendor/wrpc-sw/tools/build-random/manybuilds	byte-identical	453dd7969b1c712583da07de5c15c39d787dc9f270f44b5b12b1ef31bda269cf
26e138fdc0bfc8426704b397141d563cf4d580a2	vendor/wrpc-sw/tools/build-random/unique-error	645fa2be65475aa09bee2c38cebf1043342e2995	vendor/wrpc-sw/tools/build-random/unique-error	byte-identical	668040983d7c36396e9d643e459ab411c7c393eac27095a74b49b21f8be2378f
26e138fdc0bfc8426704b397141d563cf4d580a2	vendor/wrpc-sw/tools/build-random/unique-warning	abce00d2be0f64214802f8e73556a0e836d5483c	vendor/wrpc-sw/tools/build-random/unique-warning	byte-identical	9c35348eab3b2bc934934884f280f18f68b6d72d14d8fd55ca83af1a86f9ab7a
26e138fdc0bfc8426704b397141d563cf4d580a2	vendor/wrpc-sw/tools/eb-w1-write.c	159593733f4e52afca7b39f2512e80c9b867e840	vendor/wrpc-sw/tools/eb-w1-write.c	byte-identical	b0f1f74d532f380ecef7f9eaba99294fe18204ce9d0db02f6003b12b287b076d
26e138fdc0bfc8426704b397141d563cf4d580a2	vendor/wrpc-sw/tools/eb-w1.c	1f408fa3523dff6357327f86b0e85b344cad6f48	vendor/wrpc-sw/tools/eb-w1.c	byte-identical	8ca741efb6124846bf152bfb9a0b858badcd03f0a3fa6955a647510888689558
26e138fdc0bfc8426704b397141d563cf4d580a2	vendor/wrpc-sw/tools/ertm-softpll-debugger/ertm-softpll-debugger.py	eb7df11a8a4f667c6ed168102be4f7107384fb65	vendor/wrpc-sw/tools/ertm-softpll-debugger/ertm-softpll-debugger.py	byte-identical	6a9fe34715755efa9b6fb3ec925e60f90e19c79d7e3fd3eb668caccd8a752b56
26e138fdc0bfc8426704b397141d563cf4d580a2	vendor/wrpc-sw/tools/genraminit.c	39d81660581573348a6b2853753a40fc3399d4f2	vendor/wrpc-sw/tools/genraminit.c	byte-identical	c197d72d88bbaade758c375d124007553b5b72c5a3a1970eec7a7f2e46722d98
26e138fdc0bfc8426704b397141d563cf4d580a2	vendor/wrpc-sw/tools/genrammif.c	635ca9c1597279c4b957958b5b96c4d84487beff	vendor/wrpc-sw/tools/genrammif.c	byte-identical	cc99f0bf9a00dede90c0fca29d6849edcf5c9a327108619e13d855dc725383c9
26e138fdc0bfc8426704b397141d563cf4d580a2	vendor/wrpc-sw/tools/genramvhd.c	03e2fc1013743e297fee4ac9e15e76bb6e93866e	vendor/wrpc-sw/tools/genramvhd.c	byte-identical	f18789ba02c78981ef7b05ab71b932cab51e12f8417135503838c0a7caf72015
26e138fdc0bfc8426704b397141d563cf4d580a2	vendor/wrpc-sw/tools/gensdbfs.c	2e24d1ff843af139a74cd9a94a8b79cd72c3ea44	vendor/wrpc-sw/tools/gensdbfs.c	byte-identical	b98967b959634bea6d8db1b118024cf43ac7c066957d305fea5aca9e4958dcf7
26e138fdc0bfc8426704b397141d563cf4d580a2	vendor/wrpc-sw/tools/gensdbfs.h	e6437b9b4f058d7c3bf9ad3e523483db852fc641	vendor/wrpc-sw/tools/gensdbfs.h	byte-identical	d1a73d09205242f3d2e7bd6cb18549362a1f2275812a28f2d67159e4843b9d23
26e138fdc0bfc8426704b397141d563cf4d580a2	vendor/wrpc-sw/tools/git-compileall	750c7feb6d29abcf92e9e33325b51cc00487f756	vendor/wrpc-sw/tools/git-compileall	byte-identical	d72d367009e5e1c8e1ec8f80b00b6ac40fc2f14d3de3e26bc8922d7bbba1b9a6
26e138fdc0bfc8426704b397141d563cf4d580a2	vendor/wrpc-sw/tools/makebin.S	611d52cad3660e505fbd67712abb51e24d5a4490	vendor/wrpc-sw/tools/makebin.S	byte-identical	8b7c5595a6e6954b9875af02b523e28eedce682fe2e9f32b3938b19be17eb7d4
26e138fdc0bfc8426704b397141d563cf4d580a2	vendor/wrpc-sw/tools/mapper.c	17d5fa19bf4f5c20a0cefdb71a3ca3a30409884f	vendor/wrpc-sw/tools/mapper.c	byte-identical	a80165d1fe72b2a386ad3707424e74a4c55ca3d89575802c7cb255722ec4e651
26e138fdc0bfc8426704b397141d563cf4d580a2	vendor/wrpc-sw/tools/pfilter-builder.c	573da502515e1ec224c5af9832ae77aba1265763	vendor/wrpc-sw/tools/pfilter-builder.c	byte-identical	2d37e193d324efd21adea6b70f5fcb28e46917dde19404289b6cfee540fcfd1e
26e138fdc0bfc8426704b397141d563cf4d580a2	vendor/wrpc-sw/tools/rf-xcvr-tool/.gitignore	7e99e367f8443d86e5e8825b9fda39dfbb39630d	vendor/wrpc-sw/tools/rf-xcvr-tool/.gitignore	byte-identical	c7586350e75d4f16db42e8153d8746d41cda77d63964836a50549b47bb98a841
26e138fdc0bfc8426704b397141d563cf4d580a2	vendor/wrpc-sw/tools/rf-xcvr-tool/rawsocketpy/__init__.py	5abe87cc25f7e80e24a09a0dfcb1d51b57b29930	vendor/wrpc-sw/tools/rf-xcvr-tool/rawsocketpy/__init__.py	byte-identical	b63366de2f48120ca25efed6f98f580e43b5055c4eef3b54cb56c0087593a33a
26e138fdc0bfc8426704b397141d563cf4d580a2	vendor/wrpc-sw/tools/rf-xcvr-tool/rawsocketpy/asyncserver.py	d993522b2d941dbd4566de733bf5e86fc61aac52	vendor/wrpc-sw/tools/rf-xcvr-tool/rawsocketpy/asyncserver.py	byte-identical	320ed35eb558fb98b28f4fdf844324b6915fd13c4ca825f308150bc900dad0c5
26e138fdc0bfc8426704b397141d563cf4d580a2	vendor/wrpc-sw/tools/rf-xcvr-tool/rawsocketpy/packet.py	f8e1205f956e8519432016a0b41ee31db6b4aeff	vendor/wrpc-sw/tools/rf-xcvr-tool/rawsocketpy/packet.py	byte-identical	18a02b8f2f61b5acea92c7dbc1786ab5b022f5721de41b5ebbb0c9c5d5820ba2
26e138fdc0bfc8426704b397141d563cf4d580a2	vendor/wrpc-sw/tools/rf-xcvr-tool/rawsocketpy/server.py	e0b35c74596a416783d0231beed9dd7e1d6248a7	vendor/wrpc-sw/tools/rf-xcvr-tool/rawsocketpy/server.py	byte-identical	0ae0324221bb90726463ab62d57b5800ad196a4043dafa68c519722e9405fe1d
26e138fdc0bfc8426704b397141d563cf4d580a2	vendor/wrpc-sw/tools/rf-xcvr-tool/rawsocketpy/socket.py	be6ad70156283e0853736947288a876cd780ec9b	vendor/wrpc-sw/tools/rf-xcvr-tool/rawsocketpy/socket.py	byte-identical	204a403c35fec57635f1d600055e9ee67fa6ae08e44ed4b589654037c1e63b6e
26e138fdc0bfc8426704b397141d563cf4d580a2	vendor/wrpc-sw/tools/rf-xcvr-tool/rawsocketpy/util.py	6a0cc5fd1f76df63832d3b97d2226b6cb6a69809	vendor/wrpc-sw/tools/rf-xcvr-tool/rawsocketpy/util.py	byte-identical	44845018259328d937033fbae612d09582c3703190689093a70b317400df44a2
26e138fdc0bfc8426704b397141d563cf4d580a2	vendor/wrpc-sw/tools/rf-xcvr-tool/rf-xcvr-tool.py	6da5b0c045d5e2d7d05154d771e7e5f02246a809	vendor/wrpc-sw/tools/rf-xcvr-tool/rf-xcvr-tool.py	byte-identical	72623eb43763b46f78d5d45d7f39fe6be45cb4108c47a7a6b054b0784295cf83
26e138fdc0bfc8426704b397141d563cf4d580a2	vendor/wrpc-sw/tools/rf-xcvr-tool/wr_streamers.py	39e5290c7c0be958744ad0ba6685b5ba4dc025aa	vendor/wrpc-sw/tools/rf-xcvr-tool/wr_streamers.py	byte-identical	52d6072f55fb24b390f10faef9394e7d64dae7c33dd9810144d7d2c421854ee9
26e138fdc0bfc8426704b397141d563cf4d580a2	vendor/wrpc-sw/tools/riscv-loader/ual/CHANGELOG	e67d4925def567f9ade8c5bf94969ca07c8a5ca7	vendor/wrpc-sw/tools/riscv-loader/ual/CHANGELOG	byte-identical	e91f147f1ee70ac3341a80c05924c35e66f12c389797478f43096e878ee9eb50
26e138fdc0bfc8426704b397141d563cf4d580a2	vendor/wrpc-sw/tools/riscv-loader/ual/CONTRIBUTING.md	7e422911860f00cddc65715ad578727abd7ec48c	vendor/wrpc-sw/tools/riscv-loader/ual/CONTRIBUTING.md	byte-identical	b7030fd106fe863e69a03278c01f483ca037bfdbf7e15094d075cb4941fa5d1d
26e138fdc0bfc8426704b397141d563cf4d580a2	vendor/wrpc-sw/tools/riscv-loader/ual/LICENSE	65c5ca88a67c30becee01c5a8816d964b03862f9	vendor/wrpc-sw/tools/riscv-loader/ual/LICENSE	byte-identical	da7eabb7bafdf7d3ae5e9f223aa5bdc1eece45ac569dc21b3b037520b4464768
26e138fdc0bfc8426704b397141d563cf4d580a2	vendor/wrpc-sw/tools/riscv-loader/ual/Makefile	3ab947c615754fe3c2245ca1badcd97ca6b410a7	vendor/wrpc-sw/tools/riscv-loader/ual/Makefile	byte-identical	4c237ed6ecea61f0a6526ad5b4adee78ce36224b4efea717a07b12aceda081e2
26e138fdc0bfc8426704b397141d563cf4d580a2	vendor/wrpc-sw/tools/riscv-loader/ual/PyUAL/PyUAL/PyUAL.py	7161d854f6669f711a0a70a77e8d069ac68c63f3	vendor/wrpc-sw/tools/riscv-loader/ual/PyUAL/PyUAL/PyUAL.py	byte-identical	607e76cdee86f09e77c7cbe923dc58b27e52bb8c4998cc20b7ad2b9d1c8f2c5e
26e138fdc0bfc8426704b397141d563cf4d580a2	vendor/wrpc-sw/tools/riscv-loader/ual/PyUAL/PyUAL/__init__.py	f67082359a7b69cde5dbd50d85f14362f69bad4d	vendor/wrpc-sw/tools/riscv-loader/ual/PyUAL/PyUAL/__init__.py	byte-identical	437def31f91123ab71c5f714d99cf6a6cb6cf64171e88831f2ff3386f9d69b83
26e138fdc0bfc8426704b397141d563cf4d580a2	vendor/wrpc-sw/tools/riscv-loader/ual/PyUAL/setup.py	b311f7aba204eb1705b2fc7097c3a9687ed48e07	vendor/wrpc-sw/tools/riscv-loader/ual/PyUAL/setup.py	byte-identical	965c88c1f72bb8560bdf259c510a469263ef73e87a866e9a12fe0cb88daa596f
26e138fdc0bfc8426704b397141d563cf4d580a2	vendor/wrpc-sw/tools/riscv-loader/ual/PyUALUtils/PyUALUtils/__init__.py	e69de29bb2d1d6434b8b29ae775ad8c2e48c5391	vendor/wrpc-sw/tools/riscv-loader/ual/PyUALUtils/PyUALUtils/__init__.py	byte-identical	e3b0c44298fc1c149afbf4c8996fb92427ae41e4649b934ca495991b7852b855
26e138fdc0bfc8426704b397141d563cf4d580a2	vendor/wrpc-sw/tools/riscv-loader/ual/PyUALUtils/PyUALUtils/remote.py	b7ec2d1d138a6a270f3befd5789e28bd2ff269f1	vendor/wrpc-sw/tools/riscv-loader/ual/PyUALUtils/PyUALUtils/remote.py	byte-identical	1483d7d13f3e2dd1a5dd3a323e92316810477ae6fdd22fff83c32e8c5ebe67a5
26e138fdc0bfc8426704b397141d563cf4d580a2	vendor/wrpc-sw/tools/riscv-loader/ual/PyUALUtils/setup.py	8675b3ed782ad7dc4b5f792a54d41531319658e0	vendor/wrpc-sw/tools/riscv-loader/ual/PyUALUtils/setup.py	byte-identical	de211c9d1251f614555bd09b4afb9cd2dc15319535fca3370ac0860deac88008
26e138fdc0bfc8426704b397141d563cf4d580a2	vendor/wrpc-sw/tools/riscv-loader/ual/README.md	5949d1dde44a07d2df87f03097b549c737c14249	vendor/wrpc-sw/tools/riscv-loader/ual/README.md	byte-identical	a1bb6b178e389f2834e4ac05dda2af6714d5b8d2d8c83120047f79826bd9107f
26e138fdc0bfc8426704b397141d563cf4d580a2	vendor/wrpc-sw/tools/riscv-loader/ual/cern-dist	942d75808aa06175e6eabd84592a7e1efa13934c	vendor/wrpc-sw/tools/riscv-loader/ual/cern-dist	byte-identical	bd474878766646a0a6ef5e25229cd6a2a222866cd00b0d2036cf43189ffa6a75
26e138fdc0bfc8426704b397141d563cf4d580a2	vendor/wrpc-sw/tools/riscv-loader/ual/doc/Makefile	3039ca720287ff07b3375717cea07efdb6daf45b	vendor/wrpc-sw/tools/riscv-loader/ual/doc/Makefile	byte-identical	5772b2a5aab30ae418a5269adeb1f7277376c9328295c287ec19ca0915a26224
26e138fdc0bfc8426704b397141d563cf4d580a2	vendor/wrpc-sw/tools/riscv-loader/ual/doc/doxygen-libual-config	0454cf3e0f65b3c6abefc2301094d4535193e989	vendor/wrpc-sw/tools/riscv-loader/ual/doc/doxygen-libual-config	byte-identical	4eb09c35f6c93282a4e6767364cc527685330331333bba6968948a72fa80b4f2
26e138fdc0bfc8426704b397141d563cf4d580a2	vendor/wrpc-sw/tools/riscv-loader/ual/doc/doxygen-libual-config-contrib	f51fd519e9c7764aa406a72764dc7b5df1991bbc	vendor/wrpc-sw/tools/riscv-loader/ual/doc/doxygen-libual-config-contrib	byte-identical	9913342a40e7abeabccc5966105a4783caa6e8aec504b02f4abe54ab12772063
26e138fdc0bfc8426704b397141d563cf4d580a2	vendor/wrpc-sw/tools/riscv-loader/ual/doc/doxygen-libual-config-py	1e91c7a646a4067a4decda0056c158f072aa2208	vendor/wrpc-sw/tools/riscv-loader/ual/doc/doxygen-libual-config-py	byte-identical	1d7c03a404c877e643e5fa54375df4432504f446d5641f6b06e3bd5bef463b14
26e138fdc0bfc8426704b397141d563cf4d580a2	vendor/wrpc-sw/tools/riscv-loader/ual/doc/ual.svg	c7da52329a46e64e943144657409d812e7639320	vendor/wrpc-sw/tools/riscv-loader/ual/doc/ual.svg	byte-identical	26845a24f15b2ee77c08092201d6a301def2b2df7f5eae2c67d460fe35cf9478
26e138fdc0bfc8426704b397141d563cf4d580a2	vendor/wrpc-sw/tools/riscv-loader/ual/lib/Makefile	9594105334bd45f7d3b5c8ddbaca49f13149eddd	vendor/wrpc-sw/tools/riscv-loader/ual/lib/Makefile	byte-identical	3518f2fd275eb41044159bc0fe9991d393c1e825397128c830e06de8b1d49e7b
26e138fdc0bfc8426704b397141d563cf4d580a2	vendor/wrpc-sw/tools/riscv-loader/ual/lib/bus-pci.c	689965e07cdf8549386178e04586b22416e41ef8	vendor/wrpc-sw/tools/riscv-loader/ual/lib/bus-pci.c	byte-identical	8804f6d251e127a59dfa59429b35d1683e2958c6779591980175620ffbed8629
26e138fdc0bfc8426704b397141d563cf4d580a2	vendor/wrpc-sw/tools/riscv-loader/ual/lib/bus-vme.c	328d259180f99f4901fb276292294a541b832f4e	vendor/wrpc-sw/tools/riscv-loader/ual/lib/bus-vme.c	byte-identical	59705381258cb3699ac1b83cbd8381ea62adbd21580817cd9fdb6374daab3724
26e138fdc0bfc8426704b397141d563cf4d580a2	vendor/wrpc-sw/tools/riscv-loader/ual/lib/bus.c	b622422b4b629090693df168566cfc3be2184bdb	vendor/wrpc-sw/tools/riscv-loader/ual/lib/bus.c	byte-identical	3c800b21fc8fa163d8caabcceb9fa11b0f3053569d4cf107d7d2e13e9d1ecbe8
26e138fdc0bfc8426704b397141d563cf4d580a2	vendor/wrpc-sw/tools/riscv-loader/ual/lib/irq.c	cc7aedab894e71f04163a9d1ce295161718f90cd	vendor/wrpc-sw/tools/riscv-loader/ual/lib/irq.c	byte-identical	91b4180bd4ec507a96d16b964006f608752515c12182337029f37bb9881bc95a
26e138fdc0bfc8426704b397141d563cf4d580a2	vendor/wrpc-sw/tools/riscv-loader/ual/lib/route.c	6221c8942b26674d5c574ef0e44d0c65dfbfe906	vendor/wrpc-sw/tools/riscv-loader/ual/lib/route.c	byte-identical	891a1fa8d3414f26894bbc56f530427885e4dfcffdc035e30ec7169c0146cae9
26e138fdc0bfc8426704b397141d563cf4d580a2	vendor/wrpc-sw/tools/riscv-loader/ual/lib/ual-int.h	a5e998227149340224d042e24de527e83154bc45	vendor/wrpc-sw/tools/riscv-loader/ual/lib/ual-int.h	byte-identical	8800fb06ab0bbcf4b57c0230308b5f47d0d3babb681f32c4895d725718475bb2
26e138fdc0bfc8426704b397141d563cf4d580a2	vendor/wrpc-sw/tools/riscv-loader/ual/lib/ual.h	2654893f2fb30a00f810817f5ca595ca4c98d876	vendor/wrpc-sw/tools/riscv-loader/ual/lib/ual.h	byte-identical	e7e49563953c1355d5f5b706783b74b5eff8f7a4a7eb159505fb1047b43755de
26e138fdc0bfc8426704b397141d563cf4d580a2	vendor/wrpc-sw/tools/riscv-loader/ual/tools/Makefile	9264de083410c81e4375ca2855fe1d59cddae4d7	vendor/wrpc-sw/tools/riscv-loader/ual/tools/Makefile	byte-identical	e7b7bbda4938ad63718c876a44408cb62168914e2274d7fe1a1a915c14024d07
26e138fdc0bfc8426704b397141d563cf4d580a2	vendor/wrpc-sw/tools/riscv-loader/ual/tools/ualgui.py	7f75c72d49e41f4fc8b301e8a3e1c50b3b832dcc	vendor/wrpc-sw/tools/riscv-loader/ual/tools/ualgui.py	byte-identical	4dd265f66a52e0b0fe613e63f16461b7161dfb3f66dc4f047654511c7aefdd7d
26e138fdc0bfc8426704b397141d563cf4d580a2	vendor/wrpc-sw/tools/riscv-loader/ual/tools/ualmem.c	172b77c4197099000ad5019491cdd6ec31c11a0d	vendor/wrpc-sw/tools/riscv-loader/ual/tools/ualmem.c	byte-identical	19c187c25610ba75e97b08c93a3530d9a64a8135554c17eb50cb2502b4dd4c96
26e138fdc0bfc8426704b397141d563cf4d580a2	vendor/wrpc-sw/tools/riscv-loader/ual/tools/ualserver.py	c05e431befd66f2579ded5b365285709f1f664c1	vendor/wrpc-sw/tools/riscv-loader/ual/tools/ualserver.py	byte-identical	05b2a529e023a8db63f4f33c25f7428d479718f42461781ccfbf2be347070eee
26e138fdc0bfc8426704b397141d563cf4d580a2	vendor/wrpc-sw/tools/riscv-loader/ual/tools/ugui	5b804d5abaaadf05ee48d62ad38af988e515def0	vendor/wrpc-sw/tools/riscv-loader/ual/tools/ugui	byte-identical	24f7a6ec353fc71bd417d486cfdaa45e9d907a153ea422e28ae3b0d21177055c
26e138fdc0bfc8426704b397141d563cf4d580a2	vendor/wrpc-sw/tools/riscv-loader/ual/versions.mk	8c16b279e58e250e20e18aa34618e487f4269124	vendor/wrpc-sw/tools/riscv-loader/ual/versions.mk	byte-identical	d36b5c358d2f72ee74006cfe04db27b1bca75a1bb4e3776c9d1a3ecdbfb6baaa
26e138fdc0bfc8426704b397141d563cf4d580a2	vendor/wrpc-sw/tools/sdbfs-flash/--SDB-CONFIG--	fba08bdaf737de38921d9a71d7c7f641e7e7b6f4	vendor/wrpc-sw/tools/sdbfs-flash/--SDB-CONFIG--	byte-identical	058c6b4b6c6fff4c5ce9c59ba2122794beb719ca955637704114342e285cfe92
26e138fdc0bfc8426704b397141d563cf4d580a2	vendor/wrpc-sw/tools/sdbfs-flash/bitstream	e69de29bb2d1d6434b8b29ae775ad8c2e48c5391	vendor/wrpc-sw/tools/sdbfs-flash/bitstream	byte-identical	e3b0c44298fc1c149afbf4c8996fb92427ae41e4649b934ca495991b7852b855
26e138fdc0bfc8426704b397141d563cf4d580a2	vendor/wrpc-sw/tools/sdbfs-flash/calibration	e69de29bb2d1d6434b8b29ae775ad8c2e48c5391	vendor/wrpc-sw/tools/sdbfs-flash/calibration	byte-identical	e3b0c44298fc1c149afbf4c8996fb92427ae41e4649b934ca495991b7852b855
26e138fdc0bfc8426704b397141d563cf4d580a2	vendor/wrpc-sw/tools/sdbfs-flash/mac-address	e69de29bb2d1d6434b8b29ae775ad8c2e48c5391	vendor/wrpc-sw/tools/sdbfs-flash/mac-address	byte-identical	e3b0c44298fc1c149afbf4c8996fb92427ae41e4649b934ca495991b7852b855
26e138fdc0bfc8426704b397141d563cf4d580a2	vendor/wrpc-sw/tools/sdbfs-flash/sfp-database	e69de29bb2d1d6434b8b29ae775ad8c2e48c5391	vendor/wrpc-sw/tools/sdbfs-flash/sfp-database	byte-identical	e3b0c44298fc1c149afbf4c8996fb92427ae41e4649b934ca495991b7852b855
26e138fdc0bfc8426704b397141d563cf4d580a2	vendor/wrpc-sw/tools/sdbfs-flash/wr-init	e69de29bb2d1d6434b8b29ae775ad8c2e48c5391	vendor/wrpc-sw/tools/sdbfs-flash/wr-init	byte-identical	e3b0c44298fc1c149afbf4c8996fb92427ae41e4649b934ca495991b7852b855
26e138fdc0bfc8426704b397141d563cf4d580a2	vendor/wrpc-sw/tools/sdbfs.README	a97870023e2365c623d0b73db6a2db2b3487d665	vendor/wrpc-sw/tools/sdbfs.README	byte-identical	6d97978e3e8a5f8da5d3085e01cf49c8fe7eadd25f87bb7c2418e5ef103cfd0d
26e138fdc0bfc8426704b397141d563cf4d580a2	vendor/wrpc-sw/tools/sdbfs/--SDB-CONFIG--	7c641244cd3d9c95a071b061c228227ef0f1d69a	vendor/wrpc-sw/tools/sdbfs/--SDB-CONFIG--	byte-identical	41f9c1b11e08dcf5350a741fb3a448e359cdacbe410a87129ece1ec13ca7090d
26e138fdc0bfc8426704b397141d563cf4d580a2	vendor/wrpc-sw/tools/sdbfs/calibration	e69de29bb2d1d6434b8b29ae775ad8c2e48c5391	vendor/wrpc-sw/tools/sdbfs/calibration	byte-identical	e3b0c44298fc1c149afbf4c8996fb92427ae41e4649b934ca495991b7852b855
26e138fdc0bfc8426704b397141d563cf4d580a2	vendor/wrpc-sw/tools/sdbfs/mac-address	e69de29bb2d1d6434b8b29ae775ad8c2e48c5391	vendor/wrpc-sw/tools/sdbfs/mac-address	byte-identical	e3b0c44298fc1c149afbf4c8996fb92427ae41e4649b934ca495991b7852b855
26e138fdc0bfc8426704b397141d563cf4d580a2	vendor/wrpc-sw/tools/sdbfs/sfp-database	e69de29bb2d1d6434b8b29ae775ad8c2e48c5391	vendor/wrpc-sw/tools/sdbfs/sfp-database	byte-identical	e3b0c44298fc1c149afbf4c8996fb92427ae41e4649b934ca495991b7852b855
26e138fdc0bfc8426704b397141d563cf4d580a2	vendor/wrpc-sw/tools/sdbfs/wr-init	e69de29bb2d1d6434b8b29ae775ad8c2e48c5391	vendor/wrpc-sw/tools/sdbfs/wr-init	byte-identical	e3b0c44298fc1c149afbf4c8996fb92427ae41e4649b934ca495991b7852b855
26e138fdc0bfc8426704b397141d563cf4d580a2	vendor/wrpc-sw/tools/time_lib.c	23550dd4138bea86a094615c8671fda03961832b	vendor/wrpc-sw/tools/time_lib.c	byte-identical	0b0f2b7b303a708fb900f9789127ff78f36b8b8811af25cd8f7962440bbf61e5
26e138fdc0bfc8426704b397141d563cf4d580a2	vendor/wrpc-sw/tools/time_lib.h	ef7dd7145938f1f8f1bcd2f9a0e520878deb3f52	vendor/wrpc-sw/tools/time_lib.h	byte-identical	12a766535fcaf81eefacc07afbd662fc7207b38b11920e5aebe5c5f5ccc63c1a
26e138fdc0bfc8426704b397141d563cf4d580a2	vendor/wrpc-sw/tools/trivial-init/Makefile	9ec35f2d95193f6868e6c336dea82d301353f6e2	vendor/wrpc-sw/tools/trivial-init/Makefile	byte-identical	9112151efc378234159e090e410f250d7fe761b81fb2afd03a2d56b8d4039d7d
26e138fdc0bfc8426704b397141d563cf4d580a2	vendor/wrpc-sw/tools/trivial-init/main.c	0d0be14bfd1bdd0aadef24289798bcf4aada29d1	vendor/wrpc-sw/tools/trivial-init/main.c	byte-identical	3bea2f5ed99b3a0af2d27e3b010a8349a29a3fb2de09d2c429ddd65e1b3bb461
26e138fdc0bfc8426704b397141d563cf4d580a2	vendor/wrpc-sw/tools/trivial-init/pf-microcode.h	89b5a1d4aa9b09c69517ce530299b13b6aa433a7	vendor/wrpc-sw/tools/trivial-init/pf-microcode.h	byte-identical	3a79c07e8a94e44fb66b41a2abc8c5a7916200208fc1ea2d74fd809baba4b098
26e138fdc0bfc8426704b397141d563cf4d580a2	vendor/wrpc-sw/tools/trivial-init/ram.ld	146aac4104f27922b181b888475a4bc70fa7adf1	vendor/wrpc-sw/tools/trivial-init/ram.ld	byte-identical	0c65089ee274d1ed56df77a6e3653ba2776c1d0059729830594bf5cd6502b362
26e138fdc0bfc8426704b397141d563cf4d580a2	vendor/wrpc-sw/tools/trivial-init/startup.S	4a63696a71ae22c89e6a3f434df91d96f60fe10d	vendor/wrpc-sw/tools/trivial-init/startup.S	byte-identical	59c94994a5cdb825ce1941145822b04755bfa52a934e3aa12e4c51ca46bce1e2
26e138fdc0bfc8426704b397141d563cf4d580a2	vendor/wrpc-sw/tools/uart-bootloader.py	320c9103f1bbf633e480695018a189ee6c57e4fc	vendor/wrpc-sw/tools/uart-bootloader.py	byte-identical	a501c357be5017ab11b2c8849617153c2f5a6c7349555f281d151f63916a0c9d
26e138fdc0bfc8426704b397141d563cf4d580a2	vendor/wrpc-sw/tools/uart-bootloader/Makefile	d8fbe9adde8c8a85d5fe561eef59ccbccc234213	vendor/wrpc-sw/tools/uart-bootloader/Makefile	byte-identical	4cf80606a074b57ad83f2e9b68742ae18a1e0b101c4110c2a16e8126b1121495
26e138fdc0bfc8426704b397141d563cf4d580a2	vendor/wrpc-sw/tools/uart-bootloader/boot.c	cf22d2a67d29ecd78094f01321597ec4ab919a3d	vendor/wrpc-sw/tools/uart-bootloader/boot.c	byte-identical	fb67e403a25778b2fdb885f59a58b55399620a9b4267c53bbffb96c53f5ea47d
26e138fdc0bfc8426704b397141d563cf4d580a2	vendor/wrpc-sw/tools/uart-bootloader/timer.c	327a4f1d053e852d823b998eeb2cb0de57335850	vendor/wrpc-sw/tools/uart-bootloader/timer.c	byte-identical	c21761d551e2ac79718bcd943989452be7bf02bb392280ef18f5de79abfdeb6a
26e138fdc0bfc8426704b397141d563cf4d580a2	vendor/wrpc-sw/tools/uart-bootloader/uart.c	b743f792fd7207e2a35205bce831d968ffb11667	vendor/wrpc-sw/tools/uart-bootloader/uart.c	byte-identical	c2e350260c0c5a78d79299a5353737bd3346a9a2052d3795dbfe951569533a1b
26e138fdc0bfc8426704b397141d563cf4d580a2	vendor/wrpc-sw/tools/uart-bootloader/uart.h	ece8f15af491f36d4eb0294024df109571968dad	vendor/wrpc-sw/tools/uart-bootloader/uart.h	byte-identical	bf35d657ba83a3f5b14578627efbf71e98483a9875fe8c196f254deda6ef237a
26e138fdc0bfc8426704b397141d563cf4d580a2	vendor/wrpc-sw/tools/uart-bootloader/usb-bootloader.py	b3b31b6e1f79d55d57c958b9d68b06721fb64d7b	vendor/wrpc-sw/tools/uart-bootloader/usb-bootloader.py	byte-identical	e62872dc455d31963ab308cc6aa45ef332f81fc98bfc3c6a6ddd43fd9dbe9459
26e138fdc0bfc8426704b397141d563cf4d580a2	vendor/wrpc-sw/tools/update_configs	176d53630d1303f973a2c840916c095d79a7c967	vendor/wrpc-sw/tools/update_configs	byte-identical	a194e2c6fcff6d4cfb4f70852952b0ce5fa08524cdb25f3205607a6fd2bcae93
26e138fdc0bfc8426704b397141d563cf4d580a2	vendor/wrpc-sw/tools/vuart_lib.c	9e9edc6b4e44624e998f1d6821379c68922d5082	vendor/wrpc-sw/tools/vuart_lib.c	byte-identical	0bc5cc07e48363aebca6d045fff3186f3aa9813eba182934c1a9adad3690124c
26e138fdc0bfc8426704b397141d563cf4d580a2	vendor/wrpc-sw/tools/vuart_lib.h	f1a436b9610f27fb8503681940161657c7326402	vendor/wrpc-sw/tools/vuart_lib.h	byte-identical	5bd1b784428fd4fb5089ab13760a17b5a743d19b5f53b254125d0d106f69d69a
26e138fdc0bfc8426704b397141d563cf4d580a2	vendor/wrpc-sw/tools/wr-streamers.c	ec497b17f6c5023cb4ea64423704c8a2ede94a7c	vendor/wrpc-sw/tools/wr-streamers.c	byte-identical	59baa25e17802abd37e34c76396c92b9632a04efd6c84dce61df9c66358c875e
26e138fdc0bfc8426704b397141d563cf4d580a2	vendor/wrpc-sw/tools/wr_graph.py	8f49f4876077ef1b35539fd3163bbe045003d15f	vendor/wrpc-sw/tools/wr_graph.py	byte-identical	682028efc5da6b740b8f6c67e3cb83f89618ca573e451cf384356acfd4f95aca
26e138fdc0bfc8426704b397141d563cf4d580a2	vendor/wrpc-sw/tools/wrpc-diags.c	942c11243bfd8d039cecff2d191447a2ab87a7b8	vendor/wrpc-sw/tools/wrpc-diags.c	byte-identical	5486df5f509b20e6bc67347751739d573e057fc1a416c5c169f4f91e480c6b7a
26e138fdc0bfc8426704b397141d563cf4d580a2	vendor/wrpc-sw/tools/wrpc-dump.c	d3bbc157ccd5f081c05db8e341041cc999bc3aec	vendor/wrpc-sw/tools/wrpc-dump.c	byte-identical	01fe49bedf286b8300ce73be6ed0b8eec91409f68b10905ae067f5b2f8c1aa43
26e138fdc0bfc8426704b397141d563cf4d580a2	vendor/wrpc-sw/tools/wrpc-load.c	63ec87e9a6c71259ca0e88e51273b8fc97953c15	vendor/wrpc-sw/tools/wrpc-load.c	byte-identical	0f5920124068fcc4e90195a71e0fc555b418f13d2a381acd02c046bee19667ca
26e138fdc0bfc8426704b397141d563cf4d580a2	vendor/wrpc-sw/tools/wrpc-spll-plotter.py	42cede6c43e696b7af952b388da7c087dfec6474	vendor/wrpc-sw/tools/wrpc-spll-plotter.py	byte-identical	f26737df19623e2348f23fb1dae91014307e6ebcc469300c55a2bd78aebd8352
26e138fdc0bfc8426704b397141d563cf4d580a2	vendor/wrpc-sw/tools/wrpc-vuart.c	9e6278eccc38bc5316fbc466957750d6628750d2	vendor/wrpc-sw/tools/wrpc-vuart.c	byte-identical	2426ca4a7fbcaf706914b61a9f50b494b0fc122f93fb76c19cf6860468a8bb10
26e138fdc0bfc8426704b397141d563cf4d580a2	vendor/wrpc-sw/tools/wrpc-w1-read.c	8624f48a669c55476b538287746abc9f56aacba7	vendor/wrpc-sw/tools/wrpc-w1-read.c	byte-identical	6063ba769cadefb32c29292cc00cdeb0c153ace20dcc887e580df607b853b4d3
26e138fdc0bfc8426704b397141d563cf4d580a2	vendor/wrpc-sw/tools/wrpc-w1-write.c	9f789c350a76cd42118921f760aac2cd6f59dd0e	vendor/wrpc-sw/tools/wrpc-w1-write.c	byte-identical	1e8f596d7eb292c1ef60354691ead81081d90d28c373ce7f708d56f0625cc84d
26e138fdc0bfc8426704b397141d563cf4d580a2	vendor/wrpc-sw/tools/wrpc.c	21d91045e6adcc2949bf912c98556920837e660f	vendor/wrpc-sw/tools/wrpc.c	byte-identical	b82405de36de999f13c4183d562213da0f359f5a928cd6d656bbbbd246404891
26e138fdc0bfc8426704b397141d563cf4d580a2	vendor/wrpc-sw/ual/CHANGELOG	e67d4925def567f9ade8c5bf94969ca07c8a5ca7	vendor/wrpc-sw/ual/CHANGELOG	byte-identical	e91f147f1ee70ac3341a80c05924c35e66f12c389797478f43096e878ee9eb50
26e138fdc0bfc8426704b397141d563cf4d580a2	vendor/wrpc-sw/ual/CONTRIBUTING.md	7e422911860f00cddc65715ad578727abd7ec48c	vendor/wrpc-sw/ual/CONTRIBUTING.md	byte-identical	b7030fd106fe863e69a03278c01f483ca037bfdbf7e15094d075cb4941fa5d1d
26e138fdc0bfc8426704b397141d563cf4d580a2	vendor/wrpc-sw/ual/LICENSE	65c5ca88a67c30becee01c5a8816d964b03862f9	vendor/wrpc-sw/ual/LICENSE	byte-identical	da7eabb7bafdf7d3ae5e9f223aa5bdc1eece45ac569dc21b3b037520b4464768
26e138fdc0bfc8426704b397141d563cf4d580a2	vendor/wrpc-sw/ual/Makefile	3ab947c615754fe3c2245ca1badcd97ca6b410a7	vendor/wrpc-sw/ual/Makefile	byte-identical	4c237ed6ecea61f0a6526ad5b4adee78ce36224b4efea717a07b12aceda081e2
26e138fdc0bfc8426704b397141d563cf4d580a2	vendor/wrpc-sw/ual/PyUAL/PyUAL/PyUAL.py	7161d854f6669f711a0a70a77e8d069ac68c63f3	vendor/wrpc-sw/ual/PyUAL/PyUAL/PyUAL.py	byte-identical	607e76cdee86f09e77c7cbe923dc58b27e52bb8c4998cc20b7ad2b9d1c8f2c5e
26e138fdc0bfc8426704b397141d563cf4d580a2	vendor/wrpc-sw/ual/PyUAL/PyUAL/__init__.py	f67082359a7b69cde5dbd50d85f14362f69bad4d	vendor/wrpc-sw/ual/PyUAL/PyUAL/__init__.py	byte-identical	437def31f91123ab71c5f714d99cf6a6cb6cf64171e88831f2ff3386f9d69b83
26e138fdc0bfc8426704b397141d563cf4d580a2	vendor/wrpc-sw/ual/PyUAL/setup.py	b311f7aba204eb1705b2fc7097c3a9687ed48e07	vendor/wrpc-sw/ual/PyUAL/setup.py	byte-identical	965c88c1f72bb8560bdf259c510a469263ef73e87a866e9a12fe0cb88daa596f
26e138fdc0bfc8426704b397141d563cf4d580a2	vendor/wrpc-sw/ual/PyUALUtils/PyUALUtils/__init__.py	e69de29bb2d1d6434b8b29ae775ad8c2e48c5391	vendor/wrpc-sw/ual/PyUALUtils/PyUALUtils/__init__.py	byte-identical	e3b0c44298fc1c149afbf4c8996fb92427ae41e4649b934ca495991b7852b855
26e138fdc0bfc8426704b397141d563cf4d580a2	vendor/wrpc-sw/ual/PyUALUtils/PyUALUtils/remote.py	b7ec2d1d138a6a270f3befd5789e28bd2ff269f1	vendor/wrpc-sw/ual/PyUALUtils/PyUALUtils/remote.py	byte-identical	1483d7d13f3e2dd1a5dd3a323e92316810477ae6fdd22fff83c32e8c5ebe67a5
26e138fdc0bfc8426704b397141d563cf4d580a2	vendor/wrpc-sw/ual/PyUALUtils/setup.py	8675b3ed782ad7dc4b5f792a54d41531319658e0	vendor/wrpc-sw/ual/PyUALUtils/setup.py	byte-identical	de211c9d1251f614555bd09b4afb9cd2dc15319535fca3370ac0860deac88008
26e138fdc0bfc8426704b397141d563cf4d580a2	vendor/wrpc-sw/ual/README.md	5949d1dde44a07d2df87f03097b549c737c14249	vendor/wrpc-sw/ual/README.md	byte-identical	a1bb6b178e389f2834e4ac05dda2af6714d5b8d2d8c83120047f79826bd9107f
26e138fdc0bfc8426704b397141d563cf4d580a2	vendor/wrpc-sw/ual/cern-dist	942d75808aa06175e6eabd84592a7e1efa13934c	vendor/wrpc-sw/ual/cern-dist	byte-identical	bd474878766646a0a6ef5e25229cd6a2a222866cd00b0d2036cf43189ffa6a75
26e138fdc0bfc8426704b397141d563cf4d580a2	vendor/wrpc-sw/ual/doc/Makefile	3039ca720287ff07b3375717cea07efdb6daf45b	vendor/wrpc-sw/ual/doc/Makefile	byte-identical	5772b2a5aab30ae418a5269adeb1f7277376c9328295c287ec19ca0915a26224
26e138fdc0bfc8426704b397141d563cf4d580a2	vendor/wrpc-sw/ual/doc/doxygen-libual-config	0454cf3e0f65b3c6abefc2301094d4535193e989	vendor/wrpc-sw/ual/doc/doxygen-libual-config	byte-identical	4eb09c35f6c93282a4e6767364cc527685330331333bba6968948a72fa80b4f2
26e138fdc0bfc8426704b397141d563cf4d580a2	vendor/wrpc-sw/ual/doc/doxygen-libual-config-contrib	f51fd519e9c7764aa406a72764dc7b5df1991bbc	vendor/wrpc-sw/ual/doc/doxygen-libual-config-contrib	byte-identical	9913342a40e7abeabccc5966105a4783caa6e8aec504b02f4abe54ab12772063
26e138fdc0bfc8426704b397141d563cf4d580a2	vendor/wrpc-sw/ual/doc/doxygen-libual-config-py	1e91c7a646a4067a4decda0056c158f072aa2208	vendor/wrpc-sw/ual/doc/doxygen-libual-config-py	byte-identical	1d7c03a404c877e643e5fa54375df4432504f446d5641f6b06e3bd5bef463b14
26e138fdc0bfc8426704b397141d563cf4d580a2	vendor/wrpc-sw/ual/doc/ual.svg	c7da52329a46e64e943144657409d812e7639320	vendor/wrpc-sw/ual/doc/ual.svg	byte-identical	26845a24f15b2ee77c08092201d6a301def2b2df7f5eae2c67d460fe35cf9478
26e138fdc0bfc8426704b397141d563cf4d580a2	vendor/wrpc-sw/ual/lib/Makefile	9594105334bd45f7d3b5c8ddbaca49f13149eddd	vendor/wrpc-sw/ual/lib/Makefile	byte-identical	3518f2fd275eb41044159bc0fe9991d393c1e825397128c830e06de8b1d49e7b
26e138fdc0bfc8426704b397141d563cf4d580a2	vendor/wrpc-sw/ual/lib/bus-pci.c	689965e07cdf8549386178e04586b22416e41ef8	vendor/wrpc-sw/ual/lib/bus-pci.c	byte-identical	8804f6d251e127a59dfa59429b35d1683e2958c6779591980175620ffbed8629
26e138fdc0bfc8426704b397141d563cf4d580a2	vendor/wrpc-sw/ual/lib/bus-vme.c	328d259180f99f4901fb276292294a541b832f4e	vendor/wrpc-sw/ual/lib/bus-vme.c	byte-identical	59705381258cb3699ac1b83cbd8381ea62adbd21580817cd9fdb6374daab3724
26e138fdc0bfc8426704b397141d563cf4d580a2	vendor/wrpc-sw/ual/lib/bus.c	b622422b4b629090693df168566cfc3be2184bdb	vendor/wrpc-sw/ual/lib/bus.c	byte-identical	3c800b21fc8fa163d8caabcceb9fa11b0f3053569d4cf107d7d2e13e9d1ecbe8
26e138fdc0bfc8426704b397141d563cf4d580a2	vendor/wrpc-sw/ual/lib/irq.c	cc7aedab894e71f04163a9d1ce295161718f90cd	vendor/wrpc-sw/ual/lib/irq.c	byte-identical	91b4180bd4ec507a96d16b964006f608752515c12182337029f37bb9881bc95a
26e138fdc0bfc8426704b397141d563cf4d580a2	vendor/wrpc-sw/ual/lib/route.c	6221c8942b26674d5c574ef0e44d0c65dfbfe906	vendor/wrpc-sw/ual/lib/route.c	byte-identical	891a1fa8d3414f26894bbc56f530427885e4dfcffdc035e30ec7169c0146cae9
26e138fdc0bfc8426704b397141d563cf4d580a2	vendor/wrpc-sw/ual/lib/ual-int.h	a5e998227149340224d042e24de527e83154bc45	vendor/wrpc-sw/ual/lib/ual-int.h	byte-identical	8800fb06ab0bbcf4b57c0230308b5f47d0d3babb681f32c4895d725718475bb2
26e138fdc0bfc8426704b397141d563cf4d580a2	vendor/wrpc-sw/ual/lib/ual.h	2654893f2fb30a00f810817f5ca595ca4c98d876	vendor/wrpc-sw/ual/lib/ual.h	byte-identical	e7e49563953c1355d5f5b706783b74b5eff8f7a4a7eb159505fb1047b43755de
26e138fdc0bfc8426704b397141d563cf4d580a2	vendor/wrpc-sw/ual/tools/Makefile	9264de083410c81e4375ca2855fe1d59cddae4d7	vendor/wrpc-sw/ual/tools/Makefile	byte-identical	e7b7bbda4938ad63718c876a44408cb62168914e2274d7fe1a1a915c14024d07
26e138fdc0bfc8426704b397141d563cf4d580a2	vendor/wrpc-sw/ual/tools/ualgui.py	7f75c72d49e41f4fc8b301e8a3e1c50b3b832dcc	vendor/wrpc-sw/ual/tools/ualgui.py	byte-identical	4dd265f66a52e0b0fe613e63f16461b7161dfb3f66dc4f047654511c7aefdd7d
26e138fdc0bfc8426704b397141d563cf4d580a2	vendor/wrpc-sw/ual/tools/ualmem.c	172b77c4197099000ad5019491cdd6ec31c11a0d	vendor/wrpc-sw/ual/tools/ualmem.c	byte-identical	19c187c25610ba75e97b08c93a3530d9a64a8135554c17eb50cb2502b4dd4c96
26e138fdc0bfc8426704b397141d563cf4d580a2	vendor/wrpc-sw/ual/tools/ualserver.py	c05e431befd66f2579ded5b365285709f1f664c1	vendor/wrpc-sw/ual/tools/ualserver.py	byte-identical	05b2a529e023a8db63f4f33c25f7428d479718f42461781ccfbf2be347070eee
26e138fdc0bfc8426704b397141d563cf4d580a2	vendor/wrpc-sw/ual/tools/ugui	5b804d5abaaadf05ee48d62ad38af988e515def0	vendor/wrpc-sw/ual/tools/ugui	byte-identical	24f7a6ec353fc71bd417d486cfdaa45e9d907a153ea422e28ae3b0d21177055c
26e138fdc0bfc8426704b397141d563cf4d580a2	vendor/wrpc-sw/ual/versions.mk	8c16b279e58e250e20e18aa34618e487f4269124	vendor/wrpc-sw/ual/versions.mk	byte-identical	d36b5c358d2f72ee74006cfe04db27b1bca75a1bb4e3776c9d1a3ecdbfb6baaa
26e138fdc0bfc8426704b397141d563cf4d580a2	vendor/wrpc-sw/wrc_main.c	e452e865731b4c34ef7e20d35518cac45e8d8d34	vendor/wrpc-sw/wrc_main.c	byte-identical	0a0e1ab2de783247f4f1510e47fb856279dbf2a82124a758c32f03c9dd7838b0
26e138fdc0bfc8426704b397141d563cf4d580a2	vendor/wrpc-sw/wrc_main_sim.c	a3b487dc3839e1bbed6cf05ff71ffe92339e5b30	vendor/wrpc-sw/wrc_main_sim.c	byte-identical	f9ebd97a8e5d1fb3987c1e246a574817c3e5b711e0f1408d16553308591b5102
