BOARD,CYCLE,PROBE,NAME,HOST_START_MS,HOST_END_MS,DURATION_MS,RAW,VALID,WIDTH_BITS,PACKING,MULTI_PROBE_ATOMICITY
DE5 [1-11.2],1,52,STATUS,1789467878879,1789467878879,0,58DC348AAA1E000D,1,32,MAIN_LOW32_HELPER_HIGH32,NOT_AVAILABLE
DE5 [1-11.2],1,53,PENDING,1789467878880,1789467878880,0,00000D3C00001699,1,32,MAIN_LOW32_HELPER_HIGH32,NOT_AVAILABLE
DE5 [1-11.2],1,54,START,1789467878880,1789467878881,1,161800001092,1,32,MAIN_LOW32_HELPER_HIGH32,NOT_AVAILABLE
DE5 [1-11.2],1,55,COMPLETED,1789467878881,1789467878881,0,161700001092,1,32,MAIN_LOW32_HELPER_HIGH32,NOT_AVAILABLE
DE5 [1-11.2],1,56,FAILED,1789467878881,1789467878881,0,0,1,32,MAIN_LOW32_HELPER_HIGH32,NOT_AVAILABLE
DE5 [1-11.2],1,57,MAX_WAIT,1789467878881,1789467878882,1,2D30FE00000CA3DD,1,32,MAIN_LOW32_HELPER_HIGH32,NOT_AVAILABLE
DE5 [1-11.2],1,58,CURRENT_WAIT,1789467878882,1789467878882,0,0000000000006DCC,1,32,MAIN_LOW32_HELPER_HIGH32,NOT_AVAILABLE
DE5 [1-11.2],1,59,LATENCY,1789467878882,1789467878882,0,0000F0010000F001,1,32,MAIN_LOW32_HELPER_HIGH32,NOT_AVAILABLE
DE5 [1-11.2],1,60,FAILURE,1789467878882,1789467878883,1,0,1,32,MAIN_LOW32_HELPER_HIGH32,NOT_AVAILABLE
DE5 [1-11.2],1,61,FIRST_LOSS,1789467878883,1789467878883,0,009AAC0200000000,1,32,MAIN_LOW32_HELPER_HIGH32,NOT_AVAILABLE
DE5 [1-11.2],2,52,STATUS,1789467880179,1789467880179,0,5CBBFA94A8500008,1,32,MAIN_LOW32_HELPER_HIGH32,NOT_AVAILABLE
DE5 [1-11.2],2,53,PENDING,1789467880179,1789467880180,1,00000D3C00001A7A,1,32,MAIN_LOW32_HELPER_HIGH32,NOT_AVAILABLE
DE5 [1-11.2],2,54,START,1789467880180,1789467880180,0,000016A4000013FD,1,32,MAIN_LOW32_HELPER_HIGH32,NOT_AVAILABLE
DE5 [1-11.2],2,55,COMPLETED,1789467880180,1789467880181,1,000016A4000013FD,1,32,MAIN_LOW32_HELPER_HIGH32,NOT_AVAILABLE
DE5 [1-11.2],2,56,FAILED,1789467880181,1789467880181,0,0,1,32,MAIN_LOW32_HELPER_HIGH32,NOT_AVAILABLE
DE5 [1-11.2],2,57,MAX_WAIT,1789467880181,1789467880181,0,30FD7600000CA3DD,1,32,MAIN_LOW32_HELPER_HIGH32,NOT_AVAILABLE
DE5 [1-11.2],2,58,CURRENT_WAIT,1789467880181,1789467880181,0,00000000000076B0,1,32,MAIN_LOW32_HELPER_HIGH32,NOT_AVAILABLE
DE5 [1-11.2],2,59,LATENCY,1789467880181,1789467880182,1,0000F0010000F001,1,32,MAIN_LOW32_HELPER_HIGH32,NOT_AVAILABLE
DE5 [1-11.2],2,60,FAILURE,1789467880182,1789467880182,0,0,1,32,MAIN_LOW32_HELPER_HIGH32,NOT_AVAILABLE
DE5 [1-11.2],2,61,FIRST_LOSS,1789467880182,1789467880182,0,00AA880200000000,1,32,MAIN_LOW32_HELPER_HIGH32,NOT_AVAILABLE
DE5 [1-11.2],3,52,STATUS,1789467881456,1789467881456,0,6089C490A8DA000D,1,32,MAIN_LOW32_HELPER_HIGH32,NOT_AVAILABLE
DE5 [1-11.2],3,53,PENDING,1789467881456,1789467881456,0,00000D3C00001E62,1,32,MAIN_LOW32_HELPER_HIGH32,NOT_AVAILABLE
DE5 [1-11.2],3,54,START,1789467881456,1789467881457,1,000016F7000017AD,1,32,MAIN_LOW32_HELPER_HIGH32,NOT_AVAILABLE
DE5 [1-11.2],3,55,COMPLETED,1789467881457,1789467881457,0,000016F7000017AD,1,32,MAIN_LOW32_HELPER_HIGH32,NOT_AVAILABLE
DE5 [1-11.2],3,56,FAILED,1789467881457,1789467881457,0,0,1,32,MAIN_LOW32_HELPER_HIGH32,NOT_AVAILABLE
DE5 [1-11.2],3,57,MAX_WAIT,1789467881457,1789467881458,1,34C4AE00000CA3DD,1,32,MAIN_LOW32_HELPER_HIGH32,NOT_AVAILABLE
DE5 [1-11.2],3,58,CURRENT_WAIT,1789467881458,1789467881458,0,000000000000CDB6,1,32,MAIN_LOW32_HELPER_HIGH32,NOT_AVAILABLE
DE5 [1-11.2],3,59,LATENCY,1789467881458,1789467881458,0,0000F0010000F001,1,32,MAIN_LOW32_HELPER_HIGH32,NOT_AVAILABLE
DE5 [1-11.2],3,60,FAILURE,1789467881458,1789467881459,1,0,1,32,MAIN_LOW32_HELPER_HIGH32,NOT_AVAILABLE
DE5 [1-11.2],3,61,FIRST_LOSS,1789467881459,1789467881459,0,00BA940200000000,1,32,MAIN_LOW32_HELPER_HIGH32,NOT_AVAILABLE
DE5 [1-11.2],4,52,STATUS,1789467882797,1789467882797,0,64893CF3B61E000D,1,32,MAIN_LOW32_HELPER_HIGH32,NOT_AVAILABLE
DE5 [1-11.2],4,53,PENDING,1789467882797,1789467882798,1,00000D3C00002274,1,32,MAIN_LOW32_HELPER_HIGH32,NOT_AVAILABLE
DE5 [1-11.2],4,54,START,1789467882798,1789467882798,0,0000176300001B77,1,32,MAIN_LOW32_HELPER_HIGH32,NOT_AVAILABLE
DE5 [1-11.2],4,55,COMPLETED,1789467882798,1789467882798,0,0000176300001B76,1,32,MAIN_LOW32_HELPER_HIGH32,NOT_AVAILABLE
DE5 [1-11.2],4,56,FAILED,1789467882798,1789467882799,1,0,1,32,MAIN_LOW32_HELPER_HIGH32,NOT_AVAILABLE
DE5 [1-11.2],4,57,MAX_WAIT,1789467882799,1789467882799,0,38593E00000CA3DD,1,32,MAIN_LOW32_HELPER_HIGH32,NOT_AVAILABLE
DE5 [1-11.2],4,58,CURRENT_WAIT,1789467882799,1789467882799,0,000000000000833D,1,32,MAIN_LOW32_HELPER_HIGH32,NOT_AVAILABLE
DE5 [1-11.2],4,59,LATENCY,1789467882799,1789467882800,1,0000F0010000F001,1,32,MAIN_LOW32_HELPER_HIGH32,NOT_AVAILABLE
DE5 [1-11.2],4,60,FAILURE,1789467882800,1789467882800,0,0,1,32,MAIN_LOW32_HELPER_HIGH32,NOT_AVAILABLE
DE5 [1-11.2],4,61,FIRST_LOSS,1789467882800,1789467882800,0,00CB6C0200000000,1,32,MAIN_LOW32_HELPER_HIGH32,NOT_AVAILABLE
DE5 [1-11.2],5,52,STATUS,1789467884079,1789467884079,0,685B3FC3B7900008,1,32,MAIN_LOW32_HELPER_HIGH32,NOT_AVAILABLE
DE5 [1-11.2],5,53,PENDING,1789467884079,1789467884079,0,00000D3C0000266E,1,32,MAIN_LOW32_HELPER_HIGH32,NOT_AVAILABLE
DE5 [1-11.2],5,54,START,1789467884080,1789467884080,0,0000179700001F47,1,32,MAIN_LOW32_HELPER_HIGH32,NOT_AVAILABLE
DE5 [1-11.2],5,55,COMPLETED,1789467884080,1789467884080,0,0000179700001F47,1,32,MAIN_LOW32_HELPER_HIGH32,NOT_AVAILABLE
DE5 [1-11.2],5,56,FAILED,1789467884080,1789467884081,1,0,1,32,MAIN_LOW32_HELPER_HIGH32,NOT_AVAILABLE
DE5 [1-11.2],5,57,MAX_WAIT,1789467884081,1789467884081,0,3C95F400000CA3DD,1,32,MAIN_LOW32_HELPER_HIGH32,NOT_AVAILABLE
DE5 [1-11.2],5,58,CURRENT_WAIT,1789467884081,1789467884081,0,0000000000008B28,1,32,MAIN_LOW32_HELPER_HIGH32,NOT_AVAILABLE
DE5 [1-11.2],5,59,LATENCY,1789467884081,1789467884082,1,0000F0010000F001,1,32,MAIN_LOW32_HELPER_HIGH32,NOT_AVAILABLE
DE5 [1-11.2],5,60,FAILURE,1789467884082,1789467884082,0,0,1,32,MAIN_LOW32_HELPER_HIGH32,NOT_AVAILABLE
DE5 [1-11.2],5,61,FIRST_LOSS,1789467884082,1789467884082,0,00DB7C0200000000,1,32,MAIN_LOW32_HELPER_HIGH32,NOT_AVAILABLE
DE5 [1-11.2],6,52,STATUS,1789467885396,1789467885397,1,6C48408FB29C000D,1,32,MAIN_LOW32_HELPER_HIGH32,NOT_AVAILABLE
DE5 [1-11.2],6,53,PENDING,1789467885397,1789467885397,0,00000D3C00002A5E,1,32,MAIN_LOW32_HELPER_HIGH32,NOT_AVAILABLE
DE5 [1-11.2],6,54,START,1789467885397,1789467885397,0,000017F5000022D7,1,32,MAIN_LOW32_HELPER_HIGH32,NOT_AVAILABLE
DE5 [1-11.2],6,55,COMPLETED,1789467885397,1789467885397,0,000017F5000022D6,1,32,MAIN_LOW32_HELPER_HIGH32,NOT_AVAILABLE
DE5 [1-11.2],6,56,FAILED,1789467885398,1789467885398,0,0,1,32,MAIN_LOW32_HELPER_HIGH32,NOT_AVAILABLE
DE5 [1-11.2],6,57,MAX_WAIT,1789467885398,1789467885398,0,4094A800000CA3DD,1,32,MAIN_LOW32_HELPER_HIGH32,NOT_AVAILABLE
DE5 [1-11.2],6,58,CURRENT_WAIT,1789467885398,1789467885398,0,000000000000C4D3,1,32,MAIN_LOW32_HELPER_HIGH32,NOT_AVAILABLE
DE5 [1-11.2],6,59,LATENCY,1789467885398,1789467885399,1,0000F0010000F001,1,32,MAIN_LOW32_HELPER_HIGH32,NOT_AVAILABLE
DE5 [1-11.2],6,60,FAILURE,1789467885399,1789467885399,0,0,1,32,MAIN_LOW32_HELPER_HIGH32,NOT_AVAILABLE
DE5 [1-11.2],6,61,FIRST_LOSS,1789467885399,1789467885399,0,00EB300200000000,1,32,MAIN_LOW32_HELPER_HIGH32,NOT_AVAILABLE
DE5 [1-11.2],7,52,STATUS,1789467886679,1789467886680,1,701B47DFB5500008,1,32,MAIN_LOW32_HELPER_HIGH32,NOT_AVAILABLE
DE5 [1-11.2],7,53,PENDING,1789467886680,1789467886680,0,00000D3C00002E4C,1,32,MAIN_LOW32_HELPER_HIGH32,NOT_AVAILABLE
DE5 [1-11.2],7,54,START,1789467886680,1789467886680,0,0000184A0000268C,1,32,MAIN_LOW32_HELPER_HIGH32,NOT_AVAILABLE
DE5 [1-11.2],7,55,COMPLETED,1789467886681,1789467886681,0,0000184A0000268B,1,32,MAIN_LOW32_HELPER_HIGH32,NOT_AVAILABLE
DE5 [1-11.2],7,56,FAILED,1789467886681,1789467886681,0,0,1,32,MAIN_LOW32_HELPER_HIGH32,NOT_AVAILABLE
DE5 [1-11.2],7,57,MAX_WAIT,1789467886681,1789467886681,0,446DAC00000CA3DD,1,32,MAIN_LOW32_HELPER_HIGH32,NOT_AVAILABLE
DE5 [1-11.2],7,58,CURRENT_WAIT,1789467886681,1789467886682,1,0000000000001F7A,1,32,MAIN_LOW32_HELPER_HIGH32,NOT_AVAILABLE
DE5 [1-11.2],7,59,LATENCY,1789467886682,1789467886682,0,0000F0010000F001,1,32,MAIN_LOW32_HELPER_HIGH32,NOT_AVAILABLE
DE5 [1-11.2],7,60,FAILURE,1789467886682,1789467886682,0,0,1,32,MAIN_LOW32_HELPER_HIGH32,NOT_AVAILABLE
DE5 [1-11.2],7,61,FIRST_LOSS,1789467886682,1789467886683,1,00FB580200000000,1,32,MAIN_LOW32_HELPER_HIGH32,NOT_AVAILABLE
DE5 [1-11.2],8,52,STATUS,1789467887973,1789467887973,0,73F62F12BA1C000C,1,32,MAIN_LOW32_HELPER_HIGH32,NOT_AVAILABLE
DE5 [1-11.2],8,53,PENDING,1789467887973,1789467887974,1,00000D3C00003226,1,32,MAIN_LOW32_HELPER_HIGH32,NOT_AVAILABLE
DE5 [1-11.2],8,54,START,1789467887974,1789467887974,0,000018DF00002A0A,1,32,MAIN_LOW32_HELPER_HIGH32,NOT_AVAILABLE
DE5 [1-11.2],8,55,COMPLETED,1789467887974,1789467887974,0,000018DF00002A0A,1,32,MAIN_LOW32_HELPER_HIGH32,NOT_AVAILABLE
DE5 [1-11.2],8,56,FAILED,1789467887974,1789467887975,1,0,1,32,MAIN_LOW32_HELPER_HIGH32,NOT_AVAILABLE
DE5 [1-11.2],8,57,MAX_WAIT,1789467887975,1789467887975,0,4830BA00000CA3DD,1,32,MAIN_LOW32_HELPER_HIGH32,NOT_AVAILABLE
DE5 [1-11.2],8,58,CURRENT_WAIT,1789467887975,1789467887975,0,000000000000BFC0,1,32,MAIN_LOW32_HELPER_HIGH32,NOT_AVAILABLE
DE5 [1-11.2],8,59,LATENCY,1789467887975,1789467887976,1,0000F0010000F001,1,32,MAIN_LOW32_HELPER_HIGH32,NOT_AVAILABLE
DE5 [1-11.2],8,60,FAILURE,1789467887976,1789467887976,0,0,1,32,MAIN_LOW32_HELPER_HIGH32,NOT_AVAILABLE
DE5 [1-11.2],8,61,FIRST_LOSS,1789467887976,1789467887976,0,010BA80200000000,1,32,MAIN_LOW32_HELPER_HIGH32,NOT_AVAILABLE
DE5 [1-11.2],9,52,STATUS,1789467889270,1789467889270,0,77D372ACBFDE000D,1,32,MAIN_LOW32_HELPER_HIGH32,NOT_AVAILABLE
DE5 [1-11.2],9,53,PENDING,1789467889270,1789467889270,0,00000D3C0000360C,1,32,MAIN_LOW32_HELPER_HIGH32,NOT_AVAILABLE
DE5 [1-11.2],9,54,START,1789467889270,1789467889271,1,0000196300002D9E,1,32,MAIN_LOW32_HELPER_HIGH32,NOT_AVAILABLE
DE5 [1-11.2],9,55,COMPLETED,1789467889271,1789467889271,0,0000196300002D9D,1,32,MAIN_LOW32_HELPER_HIGH32,NOT_AVAILABLE
DE5 [1-11.2],9,56,FAILED,1789467889271,1789467889271,0,0,1,32,MAIN_LOW32_HELPER_HIGH32,NOT_AVAILABLE
DE5 [1-11.2],9,57,MAX_WAIT,1789467889272,1789467889272,0,4BF67200000CA3DD,1,32,MAIN_LOW32_HELPER_HIGH32,NOT_AVAILABLE
DE5 [1-11.2],9,58,CURRENT_WAIT,1789467889272,1789467889272,0,0000000000006F67,1,32,MAIN_LOW32_HELPER_HIGH32,NOT_AVAILABLE
DE5 [1-11.2],9,59,LATENCY,1789467889272,1789467889272,0,0000F0010000F001,1,32,MAIN_LOW32_HELPER_HIGH32,NOT_AVAILABLE
DE5 [1-11.2],9,60,FAILURE,1789467889272,1789467889273,1,0,1,32,MAIN_LOW32_HELPER_HIGH32,NOT_AVAILABLE
DE5 [1-11.2],9,61,FIRST_LOSS,1789467889273,1789467889273,0,011C080200000000,1,32,MAIN_LOW32_HELPER_HIGH32,NOT_AVAILABLE
DE5 [1-11.2],10,52,STATUS,1789467890563,1789467890564,1,7BAE6606C5DA000D,1,32,MAIN_LOW32_HELPER_HIGH32,NOT_AVAILABLE
DE5 [1-11.2],10,53,PENDING,1789467890564,1789467890564,0,00000D3C000039EC,1,32,MAIN_LOW32_HELPER_HIGH32,NOT_AVAILABLE
DE5 [1-11.2],10,54,START,1789467890564,1789467890564,0,000019D800003140,1,32,MAIN_LOW32_HELPER_HIGH32,NOT_AVAILABLE
DE5 [1-11.2],10,55,COMPLETED,1789467890564,1789467890565,1,000019D800003140,1,32,MAIN_LOW32_HELPER_HIGH32,NOT_AVAILABLE
DE5 [1-11.2],10,56,FAILED,1789467890565,1789467890565,0,0,1,32,MAIN_LOW32_HELPER_HIGH32,NOT_AVAILABLE
DE5 [1-11.2],10,57,MAX_WAIT,1789467890565,1789467890566,1,4FC0F400000DF3C2,1,32,MAIN_LOW32_HELPER_HIGH32,NOT_AVAILABLE
DE5 [1-11.2],10,58,CURRENT_WAIT,1789467890566,1789467890566,0,000000000000B368,1,32,MAIN_LOW32_HELPER_HIGH32,NOT_AVAILABLE
DE5 [1-11.2],10,59,LATENCY,1789467890566,1789467890566,0,0000F0010000F001,1,32,MAIN_LOW32_HELPER_HIGH32,NOT_AVAILABLE
DE5 [1-11.2],10,60,FAILURE,1789467890566,1789467890566,0,0,1,32,MAIN_LOW32_HELPER_HIGH32,NOT_AVAILABLE
DE5 [1-11.2],10,61,FIRST_LOSS,1789467890566,1789467890567,1,012C640200000000,1,32,MAIN_LOW32_HELPER_HIGH32,NOT_AVAILABLE
DE5 [1-11.2],11,52,STATUS,1789467891889,1789467891889,0,7FA19A4FC6DC000D,1,32,MAIN_LOW32_HELPER_HIGH32,NOT_AVAILABLE
DE5 [1-11.2],11,53,PENDING,1789467891889,1789467891889,0,00000D3C00003DDC,1,32,MAIN_LOW32_HELPER_HIGH32,NOT_AVAILABLE
DE5 [1-11.2],11,54,START,1789467891889,1789467891890,1,00001A6E000034AF,1,32,MAIN_LOW32_HELPER_HIGH32,NOT_AVAILABLE
DE5 [1-11.2],11,55,COMPLETED,1789467891890,1789467891890,0,00001A6E000034AE,1,32,MAIN_LOW32_HELPER_HIGH32,NOT_AVAILABLE
DE5 [1-11.2],11,56,FAILED,1789467891890,1789467891890,0,0,1,32,MAIN_LOW32_HELPER_HIGH32,NOT_AVAILABLE
DE5 [1-11.2],11,57,MAX_WAIT,1789467891890,1789467891891,1,53BA6C00000DF3C2,1,32,MAIN_LOW32_HELPER_HIGH32,NOT_AVAILABLE
DE5 [1-11.2],11,58,CURRENT_WAIT,1789467891891,1789467891891,0,000000000000D665,1,32,MAIN_LOW32_HELPER_HIGH32,NOT_AVAILABLE
DE5 [1-11.2],11,59,LATENCY,1789467891891,1789467891891,0,0000F0010000F001,1,32,MAIN_LOW32_HELPER_HIGH32,NOT_AVAILABLE
DE5 [1-11.2],11,60,FAILURE,1789467891891,1789467891891,0,0,1,32,MAIN_LOW32_HELPER_HIGH32,NOT_AVAILABLE
DE5 [1-11.2],11,61,FIRST_LOSS,1789467891892,1789467891892,0,013C740200000000,1,32,MAIN_LOW32_HELPER_HIGH32,NOT_AVAILABLE
DE5 [1-11.2],12,52,STATUS,1789467893158,1789467893159,1,836A35CEC71E000D,1,32,MAIN_LOW32_HELPER_HIGH32,NOT_AVAILABLE
DE5 [1-11.2],12,53,PENDING,1789467893159,1789467893159,0,00000D3C000041C1,1,32,MAIN_LOW32_HELPER_HIGH32,NOT_AVAILABLE
DE5 [1-11.2],12,54,START,1789467893159,1789467893159,0,00001AC40000385A,1,32,MAIN_LOW32_HELPER_HIGH32,NOT_AVAILABLE
DE5 [1-11.2],12,55,COMPLETED,1789467893160,1789467893160,0,00001AC400003859,1,32,MAIN_LOW32_HELPER_HIGH32,NOT_AVAILABLE
DE5 [1-11.2],12,56,FAILED,1789467893160,1789467893160,0,0,1,32,MAIN_LOW32_HELPER_HIGH32,NOT_AVAILABLE
DE5 [1-11.2],12,57,MAX_WAIT,1789467893160,1789467893160,0,57BA5000000DF3C2,1,32,MAIN_LOW32_HELPER_HIGH32,NOT_AVAILABLE
DE5 [1-11.2],12,58,CURRENT_WAIT,1789467893160,1789467893161,1,1782,1,32,MAIN_LOW32_HELPER_HIGH32,NOT_AVAILABLE
DE5 [1-11.2],12,59,LATENCY,1789467893161,1789467893161,0,0000F0010000F001,1,32,MAIN_LOW32_HELPER_HIGH32,NOT_AVAILABLE
DE5 [1-11.2],12,60,FAILURE,1789467893161,1789467893161,0,0,1,32,MAIN_LOW32_HELPER_HIGH32,NOT_AVAILABLE
DE5 [1-11.2],12,61,FIRST_LOSS,1789467893161,1789467893162,1,014C780200000000,1,32,MAIN_LOW32_HELPER_HIGH32,NOT_AVAILABLE
DE5 [1-11.2],13,52,STATUS,1789467894735,1789467894735,0,881CD29E049C0005,1,32,MAIN_LOW32_HELPER_HIGH32,NOT_AVAILABLE
DE5 [1-11.2],13,53,PENDING,1789467894735,1789467894735,0,00000D3C0000467B,1,32,MAIN_LOW32_HELPER_HIGH32,NOT_AVAILABLE
DE5 [1-11.2],13,54,START,1789467894735,1789467894736,1,00001B5A00003CBA,1,32,MAIN_LOW32_HELPER_HIGH32,NOT_AVAILABLE
DE5 [1-11.2],13,55,COMPLETED,1789467894736,1789467894736,0,00001B5900003CBA,1,32,MAIN_LOW32_HELPER_HIGH32,NOT_AVAILABLE
DE5 [1-11.2],13,56,FAILED,1789467894736,1789467894736,0,0,1,32,MAIN_LOW32_HELPER_HIGH32,NOT_AVAILABLE
DE5 [1-11.2],13,57,MAX_WAIT,1789467894736,1789467894737,1,5C71A000000DF3C2,1,32,MAIN_LOW32_HELPER_HIGH32,NOT_AVAILABLE
DE5 [1-11.2],13,58,CURRENT_WAIT,1789467894737,1789467894737,0,000000000001FFD2,1,32,MAIN_LOW32_HELPER_HIGH32,NOT_AVAILABLE
DE5 [1-11.2],13,59,LATENCY,1789467894737,1789467894737,0,0000F0010000F001,1,32,MAIN_LOW32_HELPER_HIGH32,NOT_AVAILABLE
DE5 [1-11.2],13,60,FAILURE,1789467894737,1789467894738,1,0,1,32,MAIN_LOW32_HELPER_HIGH32,NOT_AVAILABLE
DE5 [1-11.2],13,61,FIRST_LOSS,1789467894738,1789467894738,0,160500200000000,1,32,MAIN_LOW32_HELPER_HIGH32,NOT_AVAILABLE
DE5 [1-11.2],14,52,STATUS,1789467896047,1789467896047,0,8C05D4E50D9C000D,1,32,MAIN_LOW32_HELPER_HIGH32,NOT_AVAILABLE
DE5 [1-11.2],14,53,PENDING,1789467896047,1789467896047,0,00000D3C00004A71,1,32,MAIN_LOW32_HELPER_HIGH32,NOT_AVAILABLE
DE5 [1-11.2],14,54,START,1789467896047,1789467896048,1,00001BB500004083,1,32,MAIN_LOW32_HELPER_HIGH32,NOT_AVAILABLE
DE5 [1-11.2],14,55,COMPLETED,1789467896048,1789467896048,0,00001BB500004082,1,32,MAIN_LOW32_HELPER_HIGH32,NOT_AVAILABLE
DE5 [1-11.2],14,56,FAILED,1789467896048,1789467896048,0,0,1,32,MAIN_LOW32_HELPER_HIGH32,NOT_AVAILABLE
DE5 [1-11.2],14,57,MAX_WAIT,1789467896048,1789467896049,1,60315800000DF3C2,1,32,MAIN_LOW32_HELPER_HIGH32,NOT_AVAILABLE
DE5 [1-11.2],14,58,CURRENT_WAIT,1789467896049,1789467896049,0,0,1,32,MAIN_LOW32_HELPER_HIGH32,NOT_AVAILABLE
DE5 [1-11.2],14,59,LATENCY,1789467896049,1789467896049,0,0000F0010000F001,1,32,MAIN_LOW32_HELPER_HIGH32,NOT_AVAILABLE
DE5 [1-11.2],14,60,FAILURE,1789467896049,1789467896049,0,0,1,32,MAIN_LOW32_HELPER_HIGH32,NOT_AVAILABLE
DE5 [1-11.2],14,61,FIRST_LOSS,1789467896050,1789467896050,0,inf,1,32,MAIN_LOW32_HELPER_HIGH32,NOT_AVAILABLE
DE5 [1-11.2],15,52,STATUS,1789467897286,1789467897286,0,8FB70376FEDC000D,1,32,MAIN_LOW32_HELPER_HIGH32,NOT_AVAILABLE
DE5 [1-11.2],15,53,PENDING,1789467897286,1789467897286,0,00000D3C00004E22,1,32,MAIN_LOW32_HELPER_HIGH32,NOT_AVAILABLE
DE5 [1-11.2],15,54,START,1789467897286,1789467897287,1,00001C24000043D9,1,32,MAIN_LOW32_HELPER_HIGH32,NOT_AVAILABLE
DE5 [1-11.2],15,55,COMPLETED,1789467897287,1789467897287,0,00001C24000043D8,1,32,MAIN_LOW32_HELPER_HIGH32,NOT_AVAILABLE
DE5 [1-11.2],15,56,FAILED,1789467897287,1789467897287,0,0,1,32,MAIN_LOW32_HELPER_HIGH32,NOT_AVAILABLE
DE5 [1-11.2],15,57,MAX_WAIT,1789467897287,1789467897288,1,64018A00000DF3C2,1,32,MAIN_LOW32_HELPER_HIGH32,NOT_AVAILABLE
DE5 [1-11.2],15,58,CURRENT_WAIT,1789467897288,1789467897288,0,0,1,32,MAIN_LOW32_HELPER_HIGH32,NOT_AVAILABLE
DE5 [1-11.2],15,59,LATENCY,1789467897288,1789467897288,0,0000F0010000F001,1,32,MAIN_LOW32_HELPER_HIGH32,NOT_AVAILABLE
DE5 [1-11.2],15,60,FAILURE,1789467897288,1789467897288,0,0,1,32,MAIN_LOW32_HELPER_HIGH32,NOT_AVAILABLE
DE5 [1-11.2],15,61,FIRST_LOSS,1789467897288,1789467897289,1,017FF40200000000,1,32,MAIN_LOW32_HELPER_HIGH32,NOT_AVAILABLE
DE5 [1-11.2],16,52,STATUS,1789467898604,1789467898604,0,93A4B58D089E000D,1,32,MAIN_LOW32_HELPER_HIGH32,NOT_AVAILABLE
DE5 [1-11.2],16,53,PENDING,1789467898604,1789467898604,0,00000D3C0000522D,1,32,MAIN_LOW32_HELPER_HIGH32,NOT_AVAILABLE
DE5 [1-11.2],16,54,START,1789467898605,1789467898605,0,00001C870000479D,1,32,MAIN_LOW32_HELPER_HIGH32,NOT_AVAILABLE
DE5 [1-11.2],16,55,COMPLETED,1789467898605,1789467898605,0,00001C870000479C,1,32,MAIN_LOW32_HELPER_HIGH32,NOT_AVAILABLE
DE5 [1-11.2],16,56,FAILED,1789467898605,1789467898606,1,0,1,32,MAIN_LOW32_HELPER_HIGH32,NOT_AVAILABLE
DE5 [1-11.2],16,57,MAX_WAIT,1789467898606,1789467898606,0,67E2C400000DF3C2,1,32,MAIN_LOW32_HELPER_HIGH32,NOT_AVAILABLE
DE5 [1-11.2],16,58,CURRENT_WAIT,1789467898606,1789467898606,0,5665,1,32,MAIN_LOW32_HELPER_HIGH32,NOT_AVAILABLE
DE5 [1-11.2],16,59,LATENCY,1789467898606,1789467898607,1,0000F0010000F001,1,32,MAIN_LOW32_HELPER_HIGH32,NOT_AVAILABLE
DE5 [1-11.2],16,60,FAILURE,1789467898607,1789467898607,0,0,1,32,MAIN_LOW32_HELPER_HIGH32,NOT_AVAILABLE
DE5 [1-11.2],16,61,FIRST_LOSS,1789467898607,1789467898607,0,190940200000000,1,32,MAIN_LOW32_HELPER_HIGH32,NOT_AVAILABLE
DE5 [1-11.2],17,52,STATUS,1789467899863,1789467899863,0,97657CDB055E000D,1,32,MAIN_LOW32_HELPER_HIGH32,NOT_AVAILABLE
DE5 [1-11.2],17,53,PENDING,1789467899863,1789467899864,1,00000D3C000055FE,1,32,MAIN_LOW32_HELPER_HIGH32,NOT_AVAILABLE
DE5 [1-11.2],17,54,START,1789467899864,1789467899864,0,00001CEB00004B2C,1,32,MAIN_LOW32_HELPER_HIGH32,NOT_AVAILABLE
DE5 [1-11.2],17,55,COMPLETED,1789467899864,1789467899864,0,00001CEB00004B2B,1,32,MAIN_LOW32_HELPER_HIGH32,NOT_AVAILABLE
DE5 [1-11.2],17,56,FAILED,1789467899864,1789467899865,1,0,1,32,MAIN_LOW32_HELPER_HIGH32,NOT_AVAILABLE
DE5 [1-11.2],17,57,MAX_WAIT,1789467899865,1789467899865,0,6B671C00000DF3C2,1,32,MAIN_LOW32_HELPER_HIGH32,NOT_AVAILABLE
DE5 [1-11.2],17,58,CURRENT_WAIT,1789467899865,1789467899865,0,000000000000262C,1,32,MAIN_LOW32_HELPER_HIGH32,NOT_AVAILABLE
DE5 [1-11.2],17,59,LATENCY,1789467899865,1789467899866,1,0000F0010000F001,1,32,MAIN_LOW32_HELPER_HIGH32,NOT_AVAILABLE
DE5 [1-11.2],17,60,FAILURE,1789467899866,1789467899866,0,0,1,32,MAIN_LOW32_HELPER_HIGH32,NOT_AVAILABLE
DE5 [1-11.2],17,61,FIRST_LOSS,1789467899866,1789467899866,0,01A05C0200000000,1,32,MAIN_LOW32_HELPER_HIGH32,NOT_AVAILABLE
DE5 [1-11.2],18,52,STATUS,1789467901173,1789467901173,0,9B4CA7420D5E0005,1,32,MAIN_LOW32_HELPER_HIGH32,NOT_AVAILABLE
DE5 [1-11.2],18,53,PENDING,1789467901173,1789467901173,0,00000D3C000059F1,1,32,MAIN_LOW32_HELPER_HIGH32,NOT_AVAILABLE
DE5 [1-11.2],18,54,START,1789467901173,1789467901174,1,00001D7D00004EBA,1,32,MAIN_LOW32_HELPER_HIGH32,NOT_AVAILABLE
DE5 [1-11.2],18,55,COMPLETED,1789467901174,1789467901174,0,00001D7C00004EBA,1,32,MAIN_LOW32_HELPER_HIGH32,NOT_AVAILABLE
DE5 [1-11.2],18,56,FAILED,1789467901174,1789467901174,0,0,1,32,MAIN_LOW32_HELPER_HIGH32,NOT_AVAILABLE
DE5 [1-11.2],18,57,MAX_WAIT,1789467901174,1789467901175,1,6FA23E00000DF3C2,1,32,MAIN_LOW32_HELPER_HIGH32,NOT_AVAILABLE
DE5 [1-11.2],18,58,CURRENT_WAIT,1789467901175,1789467901175,0,000000000002154C,1,32,MAIN_LOW32_HELPER_HIGH32,NOT_AVAILABLE
DE5 [1-11.2],18,59,LATENCY,1789467901175,1789467901175,0,0000F0010000F001,1,32,MAIN_LOW32_HELPER_HIGH32,NOT_AVAILABLE
DE5 [1-11.2],18,60,FAILURE,1789467901175,1789467901175,0,0,1,32,MAIN_LOW32_HELPER_HIGH32,NOT_AVAILABLE
DE5 [1-11.2],18,61,FIRST_LOSS,1789467901176,1789467901176,0,01B0DC0200000000,1,32,MAIN_LOW32_HELPER_HIGH32,NOT_AVAILABLE
DE5 [1-11.2],19,52,STATUS,1789467902504,1789467902505,1,9F4483750CDE000D,1,32,MAIN_LOW32_HELPER_HIGH32,NOT_AVAILABLE
DE5 [1-11.2],19,53,PENDING,1789467902505,1789467902505,0,00000D3C00005DE6,1,32,MAIN_LOW32_HELPER_HIGH32,NOT_AVAILABLE
DE5 [1-11.2],19,54,START,1789467902505,1789467902505,0,00001DF000005245,1,32,MAIN_LOW32_HELPER_HIGH32,NOT_AVAILABLE
DE5 [1-11.2],19,55,COMPLETED,1789467902505,1789467902506,1,00001DF000005244,1,32,MAIN_LOW32_HELPER_HIGH32,NOT_AVAILABLE
DE5 [1-11.2],19,56,FAILED,1789467902506,1789467902506,0,0,1,32,MAIN_LOW32_HELPER_HIGH32,NOT_AVAILABLE
DE5 [1-11.2],19,57,MAX_WAIT,1789467902506,1789467902506,0,73646E00000DF3C2,1,32,MAIN_LOW32_HELPER_HIGH32,NOT_AVAILABLE
DE5 [1-11.2],19,58,CURRENT_WAIT,1789467902506,1789467902507,1,000000000000049D,1,32,MAIN_LOW32_HELPER_HIGH32,NOT_AVAILABLE
DE5 [1-11.2],19,59,LATENCY,1789467902507,1789467902507,0,0000F0010000F001,1,32,MAIN_LOW32_HELPER_HIGH32,NOT_AVAILABLE
DE5 [1-11.2],19,60,FAILURE,1789467902507,1789467902507,0,0,1,32,MAIN_LOW32_HELPER_HIGH32,NOT_AVAILABLE
DE5 [1-11.2],19,61,FIRST_LOSS,1789467902507,1789467902508,1,01C0D80200000000,1,32,MAIN_LOW32_HELPER_HIGH32,NOT_AVAILABLE
DE5 [1-11.2],20,52,STATUS,1789467903784,1789467903784,0,A314FB930E5C000D,1,32,MAIN_LOW32_HELPER_HIGH32,NOT_AVAILABLE
DE5 [1-11.2],20,53,PENDING,1789467903784,1789467903785,1,00000D3C000061CB,1,32,MAIN_LOW32_HELPER_HIGH32,NOT_AVAILABLE
DE5 [1-11.2],20,54,START,1789467903785,1789467903785,0,00001E49000055F2,1,32,MAIN_LOW32_HELPER_HIGH32,NOT_AVAILABLE
DE5 [1-11.2],20,55,COMPLETED,1789467903785,1789467903785,0,00001E49000055F1,1,32,MAIN_LOW32_HELPER_HIGH32,NOT_AVAILABLE
DE5 [1-11.2],20,56,FAILED,1789467903785,1789467903786,1,0,1,32,MAIN_LOW32_HELPER_HIGH32,NOT_AVAILABLE
DE5 [1-11.2],20,57,MAX_WAIT,1789467903786,1789467903786,0,773D7600000DF3C2,1,32,MAIN_LOW32_HELPER_HIGH32,NOT_AVAILABLE
DE5 [1-11.2],20,58,CURRENT_WAIT,1789467903786,1789467903786,0,0,1,32,MAIN_LOW32_HELPER_HIGH32,NOT_AVAILABLE
DE5 [1-11.2],20,59,LATENCY,1789467903786,1789467903787,1,0000F0010000F001,1,32,MAIN_LOW32_HELPER_HIGH32,NOT_AVAILABLE
DE5 [1-11.2],20,60,FAILURE,1789467903787,1789467903787,0,0,1,32,MAIN_LOW32_HELPER_HIGH32,NOT_AVAILABLE
DE5 [1-11.2],20,61,FIRST_LOSS,1789467903787,1789467903787,0,01D0EC0200000000,1,32,MAIN_LOW32_HELPER_HIGH32,NOT_AVAILABLE
DE5 [1-11.2],21,52,STATUS,1789467905079,1789467905080,1,A6F1427E049E000D,1,32,MAIN_LOW32_HELPER_HIGH32,NOT_AVAILABLE
DE5 [1-11.2],21,53,PENDING,1789467905080,1789467905080,0,00000D3C000065AA,1,32,MAIN_LOW32_HELPER_HIGH32,NOT_AVAILABLE
DE5 [1-11.2],21,54,START,1789467905080,1789467905081,1,00001ED100005943,1,32,MAIN_LOW32_HELPER_HIGH32,NOT_AVAILABLE
DE5 [1-11.2],21,55,COMPLETED,1789467905081,1789467905081,0,00001ED100005942,1,32,MAIN_LOW32_HELPER_HIGH32,NOT_AVAILABLE
DE5 [1-11.2],21,56,FAILED,1789467905081,1789467905081,0,0,1,32,MAIN_LOW32_HELPER_HIGH32,NOT_AVAILABLE
DE5 [1-11.2],21,57,MAX_WAIT,1789467905081,1789467905082,1,7B214600000DF3C2,1,32,MAIN_LOW32_HELPER_HIGH32,NOT_AVAILABLE
DE5 [1-11.2],21,58,CURRENT_WAIT,1789467905082,1789467905082,0,000000000000754F,1,32,MAIN_LOW32_HELPER_HIGH32,NOT_AVAILABLE
DE5 [1-11.2],21,59,LATENCY,1789467905082,1789467905082,0,0000F0010000F001,1,32,MAIN_LOW32_HELPER_HIGH32,NOT_AVAILABLE
DE5 [1-11.2],21,60,FAILURE,1789467905082,1789467905082,0,0,1,32,MAIN_LOW32_HELPER_HIGH32,NOT_AVAILABLE
DE5 [1-11.2],21,61,FIRST_LOSS,1789467905082,1789467905083,1,inf,1,32,MAIN_LOW32_HELPER_HIGH32,NOT_AVAILABLE
DE5 [1-11.2],22,52,STATUS,1789467906374,1789467906374,0,AACCAD90091E000D,1,32,MAIN_LOW32_HELPER_HIGH32,NOT_AVAILABLE
DE5 [1-11.2],22,53,PENDING,1789467906374,1789467906374,0,00000D3C00006998,1,32,MAIN_LOW32_HELPER_HIGH32,NOT_AVAILABLE
DE5 [1-11.2],22,54,START,1789467906374,1789467906375,1,00001F4C00005CDA,1,32,MAIN_LOW32_HELPER_HIGH32,NOT_AVAILABLE
DE5 [1-11.2],22,55,COMPLETED,1789467906375,1789467906375,0,00001F4B00005CDA,1,32,MAIN_LOW32_HELPER_HIGH32,NOT_AVAILABLE
DE5 [1-11.2],22,56,FAILED,1789467906375,1789467906375,0,0,1,32,MAIN_LOW32_HELPER_HIGH32,NOT_AVAILABLE
DE5 [1-11.2],22,57,MAX_WAIT,1789467906376,1789467906376,0,7F21FC00000DF3C2,1,32,MAIN_LOW32_HELPER_HIGH32,NOT_AVAILABLE
DE5 [1-11.2],22,58,CURRENT_WAIT,1789467906376,1789467906376,0,0000000000014B26,1,32,MAIN_LOW32_HELPER_HIGH32,NOT_AVAILABLE
DE5 [1-11.2],22,59,LATENCY,1789467906376,1789467906376,0,0000F0010000F001,1,32,MAIN_LOW32_HELPER_HIGH32,NOT_AVAILABLE
DE5 [1-11.2],22,60,FAILURE,1789467906376,1789467906377,1,0,1,32,MAIN_LOW32_HELPER_HIGH32,NOT_AVAILABLE
DE5 [1-11.2],22,61,FIRST_LOSS,1789467906377,1789467906377,0,01F09C0200000000,1,32,MAIN_LOW32_HELPER_HIGH32,NOT_AVAILABLE
DE5 [1-11.2],23,52,STATUS,1789467907981,1789467907981,0,AF96B9854C5C000D,1,32,MAIN_LOW32_HELPER_HIGH32,NOT_AVAILABLE
DE5 [1-11.2],23,53,PENDING,1789467907981,1789467907981,0,00000D3C00006E76,1,32,MAIN_LOW32_HELPER_HIGH32,NOT_AVAILABLE
DE5 [1-11.2],23,54,START,1789467907981,1789467907982,1,00001FC30000616F,1,32,MAIN_LOW32_HELPER_HIGH32,NOT_AVAILABLE
DE5 [1-11.2],23,55,COMPLETED,1789467907982,1789467907982,0,00001FC30000616F,1,32,MAIN_LOW32_HELPER_HIGH32,NOT_AVAILABLE
DE5 [1-11.2],23,56,FAILED,1789467907982,1789467907982,0,0,1,32,MAIN_LOW32_HELPER_HIGH32,NOT_AVAILABLE
DE5 [1-11.2],23,57,MAX_WAIT,1789467907982,1789467907983,1,83D17C00000DF3C2,1,32,MAIN_LOW32_HELPER_HIGH32,NOT_AVAILABLE
DE5 [1-11.2],23,58,CURRENT_WAIT,1789467907983,1789467907983,0,000000000000AA5F,1,32,MAIN_LOW32_HELPER_HIGH32,NOT_AVAILABLE
DE5 [1-11.2],23,59,LATENCY,1789467907983,1789467907983,0,0000F0010000F001,1,32,MAIN_LOW32_HELPER_HIGH32,NOT_AVAILABLE
DE5 [1-11.2],23,60,FAILURE,1789467907983,1789467907984,1,0,1,32,MAIN_LOW32_HELPER_HIGH32,NOT_AVAILABLE
DE5 [1-11.2],23,61,FIRST_LOSS,1789467907984,1789467907984,0,0204CC0200000000,1,32,MAIN_LOW32_HELPER_HIGH32,NOT_AVAILABLE
DE5 [1-11.2],24,52,STATUS,1789467909235,1789467909236,1,B353F324445C000D,1,32,MAIN_LOW32_HELPER_HIGH32,NOT_AVAILABLE
DE5 [1-11.2],24,53,PENDING,1789467909236,1789467909236,0,00000D3C0000724E,1,32,MAIN_LOW32_HELPER_HIGH32,NOT_AVAILABLE
DE5 [1-11.2],24,54,START,1789467909236,1789467909236,0,00002023000064EF,1,32,MAIN_LOW32_HELPER_HIGH32,NOT_AVAILABLE
DE5 [1-11.2],24,55,COMPLETED,1789467909236,1789467909237,1,00002023000064EF,1,32,MAIN_LOW32_HELPER_HIGH32,NOT_AVAILABLE
DE5 [1-11.2],24,56,FAILED,1789467909237,1789467909237,0,0,1,32,MAIN_LOW32_HELPER_HIGH32,NOT_AVAILABLE
DE5 [1-11.2],24,57,MAX_WAIT,1789467909237,1789467909238,1,879E2400000DF3C2,1,32,MAIN_LOW32_HELPER_HIGH32,NOT_AVAILABLE
DE5 [1-11.2],24,58,CURRENT_WAIT,1789467909238,1789467909238,0,0,1,32,MAIN_LOW32_HELPER_HIGH32,NOT_AVAILABLE
DE5 [1-11.2],24,59,LATENCY,1789467909238,1789467909238,0,0000F0010000F001,1,32,MAIN_LOW32_HELPER_HIGH32,NOT_AVAILABLE
DE5 [1-11.2],24,60,FAILURE,1789467909238,1789467909238,0,0,1,32,MAIN_LOW32_HELPER_HIGH32,NOT_AVAILABLE
DE5 [1-11.2],24,61,FIRST_LOSS,1789467909238,1789467909239,1,02144C0200000000,1,32,MAIN_LOW32_HELPER_HIGH32,NOT_AVAILABLE
DE5 [1-11.2],25,52,STATUS,1789467910775,1789467910775,0,B7EA60E4765C0005,1,32,MAIN_LOW32_HELPER_HIGH32,NOT_AVAILABLE
DE5 [1-11.2],25,53,PENDING,1789467910775,1789467910775,0,00000D3C000076E8,1,32,MAIN_LOW32_HELPER_HIGH32,NOT_AVAILABLE
DE5 [1-11.2],25,54,START,1789467910775,1789467910776,1,000020CF0000690B,1,32,MAIN_LOW32_HELPER_HIGH32,NOT_AVAILABLE
DE5 [1-11.2],25,55,COMPLETED,1789467910776,1789467910776,0,000020CF0000690B,1,32,MAIN_LOW32_HELPER_HIGH32,NOT_AVAILABLE
DE5 [1-11.2],25,56,FAILED,1789467910776,1789467910776,0,0,1,32,MAIN_LOW32_HELPER_HIGH32,NOT_AVAILABLE
DE5 [1-11.2],25,57,MAX_WAIT,1789467910776,1789467910777,1,8C3E5400000DF3C2,1,32,MAIN_LOW32_HELPER_HIGH32,NOT_AVAILABLE
DE5 [1-11.2],25,58,CURRENT_WAIT,1789467910777,1789467910777,0,000000000000C87D,1,32,MAIN_LOW32_HELPER_HIGH32,NOT_AVAILABLE
DE5 [1-11.2],25,59,LATENCY,1789467910777,1789467910777,0,0000F0010000F001,1,32,MAIN_LOW32_HELPER_HIGH32,NOT_AVAILABLE
DE5 [1-11.2],25,60,FAILURE,1789467910777,1789467910777,0,0,1,32,MAIN_LOW32_HELPER_HIGH32,NOT_AVAILABLE
DE5 [1-11.2],25,61,FIRST_LOSS,1789467910777,1789467910778,1,02276C0200000000,1,32,MAIN_LOW32_HELPER_HIGH32,NOT_AVAILABLE
DE5 [1-11.2],26,52,STATUS,1789467912044,1789467912044,0,BBB2760C755C000D,1,32,MAIN_LOW32_HELPER_HIGH32,NOT_AVAILABLE
DE5 [1-11.2],26,53,PENDING,1789467912044,1789467912044,0,00000D3C00007ABF,1,32,MAIN_LOW32_HELPER_HIGH32,NOT_AVAILABLE
DE5 [1-11.2],26,54,START,1789467912044,1789467912045,1,0000214500006C91,1,32,MAIN_LOW32_HELPER_HIGH32,NOT_AVAILABLE
DE5 [1-11.2],26,55,COMPLETED,1789467912045,1789467912045,0,0000214500006C91,1,32,MAIN_LOW32_HELPER_HIGH32,NOT_AVAILABLE
DE5 [1-11.2],26,56,FAILED,1789467912045,1789467912045,0,0,1,32,MAIN_LOW32_HELPER_HIGH32,NOT_AVAILABLE
DE5 [1-11.2],26,57,MAX_WAIT,1789467912045,1789467912046,1,9001C400000DF3C2,1,32,MAIN_LOW32_HELPER_HIGH32,NOT_AVAILABLE
DE5 [1-11.2],26,58,CURRENT_WAIT,1789467912046,1789467912046,0,000000000000B004,1,32,MAIN_LOW32_HELPER_HIGH32,NOT_AVAILABLE
DE5 [1-11.2],26,59,LATENCY,1789467912046,1789467912046,0,0000F0010000F001,1,32,MAIN_LOW32_HELPER_HIGH32,NOT_AVAILABLE
DE5 [1-11.2],26,60,FAILURE,1789467912046,1789467912046,0,0,1,32,MAIN_LOW32_HELPER_HIGH32,NOT_AVAILABLE
DE5 [1-11.2],26,61,FIRST_LOSS,1789467912046,1789467912047,1,02375C0200000000,1,32,MAIN_LOW32_HELPER_HIGH32,NOT_AVAILABLE
DE5 [1-11.2],27,52,STATUS,1789467913357,1789467913357,0,BF9C6D287DDA000C,1,32,MAIN_LOW32_HELPER_HIGH32,NOT_AVAILABLE
DE5 [1-11.2],27,53,PENDING,1789467913357,1789467913357,0,00000D3C00007E93,1,32,MAIN_LOW32_HELPER_HIGH32,NOT_AVAILABLE
DE5 [1-11.2],27,54,START,1789467913358,1789467913358,0,0000220900006FEF,1,32,MAIN_LOW32_HELPER_HIGH32,NOT_AVAILABLE
DE5 [1-11.2],27,55,COMPLETED,1789467913358,1789467913358,0,0000220900006FEE,1,32,MAIN_LOW32_HELPER_HIGH32,NOT_AVAILABLE
DE5 [1-11.2],27,56,FAILED,1789467913358,1789467913359,1,0,1,32,MAIN_LOW32_HELPER_HIGH32,NOT_AVAILABLE
DE5 [1-11.2],27,57,MAX_WAIT,1789467913359,1789467913359,0,93EB1800000DF3C2,1,32,MAIN_LOW32_HELPER_HIGH32,NOT_AVAILABLE
DE5 [1-11.2],27,58,CURRENT_WAIT,1789467913359,1789467913359,0,000000000000A431,1,32,MAIN_LOW32_HELPER_HIGH32,NOT_AVAILABLE
DE5 [1-11.2],27,59,LATENCY,1789467913359,1789467913360,1,0000F0010000F001,1,32,MAIN_LOW32_HELPER_HIGH32,NOT_AVAILABLE
DE5 [1-11.2],27,60,FAILURE,1789467913360,1789467913360,0,0,1,32,MAIN_LOW32_HELPER_HIGH32,NOT_AVAILABLE
DE5 [1-11.2],27,61,FIRST_LOSS,1789467913360,1789467913360,0,inf,1,32,MAIN_LOW32_HELPER_HIGH32,NOT_AVAILABLE
DE5 [1-11.2],28,52,STATUS,1789467914669,1789467914669,0,C38539A8865C000D,1,32,MAIN_LOW32_HELPER_HIGH32,NOT_AVAILABLE
DE5 [1-11.2],28,53,PENDING,1789467914669,1789467914669,0,00000D3C0000827C,1,32,MAIN_LOW32_HELPER_HIGH32,NOT_AVAILABLE
DE5 [1-11.2],28,54,START,1789467914669,1789467914670,1,0000229D0000737E,1,32,MAIN_LOW32_HELPER_HIGH32,NOT_AVAILABLE
DE5 [1-11.2],28,55,COMPLETED,1789467914670,1789467914670,0,0000229D0000737D,1,32,MAIN_LOW32_HELPER_HIGH32,NOT_AVAILABLE
DE5 [1-11.2],28,56,FAILED,1789467914670,1789467914670,0,0,1,32,MAIN_LOW32_HELPER_HIGH32,NOT_AVAILABLE
DE5 [1-11.2],28,57,MAX_WAIT,1789467914670,1789467914671,1,97D82800000DF3C2,1,32,MAIN_LOW32_HELPER_HIGH32,NOT_AVAILABLE
DE5 [1-11.2],28,58,CURRENT_WAIT,1789467914671,1789467914671,0,000000000000071A,1,32,MAIN_LOW32_HELPER_HIGH32,NOT_AVAILABLE
DE5 [1-11.2],28,59,LATENCY,1789467914671,1789467914671,0,0000F0010000F001,1,32,MAIN_LOW32_HELPER_HIGH32,NOT_AVAILABLE
DE5 [1-11.2],28,60,FAILURE,1789467914671,1789467914672,1,0,1,32,MAIN_LOW32_HELPER_HIGH32,NOT_AVAILABLE
DE5 [1-11.2],28,61,FIRST_LOSS,1789467914672,1789467914672,0,02586C0200000000,1,32,MAIN_LOW32_HELPER_HIGH32,NOT_AVAILABLE
DE5 [1-11.2],29,52,STATUS,1789467915978,1789467915979,1,C76C5D468E1C000D,1,32,MAIN_LOW32_HELPER_HIGH32,NOT_AVAILABLE
DE5 [1-11.2],29,53,PENDING,1789467915979,1789467915979,0,00000D3C0000866A,1,32,MAIN_LOW32_HELPER_HIGH32,NOT_AVAILABLE
DE5 [1-11.2],29,54,START,1789467915979,1789467915979,0,232900007710,1,32,MAIN_LOW32_HELPER_HIGH32,NOT_AVAILABLE
DE5 [1-11.2],29,55,COMPLETED,1789467915979,1789467915980,1,232900007710,1,32,MAIN_LOW32_HELPER_HIGH32,NOT_AVAILABLE
DE5 [1-11.2],29,56,FAILED,1789467915980,1789467915980,0,0,1,32,MAIN_LOW32_HELPER_HIGH32,NOT_AVAILABLE
DE5 [1-11.2],29,57,MAX_WAIT,1789467915980,1789467915980,0,9B65E800000DF3C2,1,32,MAIN_LOW32_HELPER_HIGH32,NOT_AVAILABLE
DE5 [1-11.2],29,58,CURRENT_WAIT,1789467915980,1789467915981,1,00000000000008DE,1,32,MAIN_LOW32_HELPER_HIGH32,NOT_AVAILABLE
DE5 [1-11.2],29,59,LATENCY,1789467915981,1789467915981,0,0000F0010000F001,1,32,MAIN_LOW32_HELPER_HIGH32,NOT_AVAILABLE
DE5 [1-11.2],29,60,FAILURE,1789467915981,1789467915981,0,0,1,32,MAIN_LOW32_HELPER_HIGH32,NOT_AVAILABLE
DE5 [1-11.2],29,61,FIRST_LOSS,1789467915981,1789467915982,1,inf,1,32,MAIN_LOW32_HELPER_HIGH32,NOT_AVAILABLE
DE5 [1-11.2],30,52,STATUS,1789467917302,1789467917302,0,CB5E19558EDE000D,1,32,MAIN_LOW32_HELPER_HIGH32,NOT_AVAILABLE
DE5 [1-11.2],30,53,PENDING,1789467917302,1789467917302,0,00000D3C00008A68,1,32,MAIN_LOW32_HELPER_HIGH32,NOT_AVAILABLE
DE5 [1-11.2],30,54,START,1789467917303,1789467917303,0,0000239400007AA9,1,32,MAIN_LOW32_HELPER_HIGH32,NOT_AVAILABLE
DE5 [1-11.2],30,55,COMPLETED,1789467917303,1789467917303,0,0000239400007AA8,1,32,MAIN_LOW32_HELPER_HIGH32,NOT_AVAILABLE
DE5 [1-11.2],30,56,FAILED,1789467917303,1789467917304,1,0,1,32,MAIN_LOW32_HELPER_HIGH32,NOT_AVAILABLE
DE5 [1-11.2],30,57,MAX_WAIT,1789467917304,1789467917304,0,9F53E800000DF3C2,1,32,MAIN_LOW32_HELPER_HIGH32,NOT_AVAILABLE
DE5 [1-11.2],30,58,CURRENT_WAIT,1789467917304,1789467917304,0,0000000000001A7E,1,32,MAIN_LOW32_HELPER_HIGH32,NOT_AVAILABLE
DE5 [1-11.2],30,59,LATENCY,1789467917304,1789467917305,1,0000F0010000F001,1,32,MAIN_LOW32_HELPER_HIGH32,NOT_AVAILABLE
DE5 [1-11.2],30,60,FAILURE,1789467917305,1789467917305,0,0,1,32,MAIN_LOW32_HELPER_HIGH32,NOT_AVAILABLE
DE5 [1-11.2],30,61,FIRST_LOSS,1789467917305,1789467917305,0,0278F80200000000,1,32,MAIN_LOW32_HELPER_HIGH32,NOT_AVAILABLE
DE5 [1-11.2],31,52,STATUS,1789467918562,1789467918563,1,CF1FD9278BDA000D,1,32,MAIN_LOW32_HELPER_HIGH32,NOT_AVAILABLE
DE5 [1-11.2],31,53,PENDING,1789467918563,1789467918563,0,00000D3C00008E30,1,32,MAIN_LOW32_HELPER_HIGH32,NOT_AVAILABLE
DE5 [1-11.2],31,54,START,1789467918563,1789467918563,0,0000240A00007E26,1,32,MAIN_LOW32_HELPER_HIGH32,NOT_AVAILABLE
DE5 [1-11.2],31,55,COMPLETED,1789467918563,1789467918564,1,0000240A00007E26,1,32,MAIN_LOW32_HELPER_HIGH32,NOT_AVAILABLE
DE5 [1-11.2],31,56,FAILED,1789467918564,1789467918564,0,0,1,32,MAIN_LOW32_HELPER_HIGH32,NOT_AVAILABLE
DE5 [1-11.2],31,57,MAX_WAIT,1789467918564,1789467918564,0,A2F55400000DF3C2,1,32,MAIN_LOW32_HELPER_HIGH32,NOT_AVAILABLE
DE5 [1-11.2],31,58,CURRENT_WAIT,1789467918564,1789467918565,1,000000000000A9F4,1,32,MAIN_LOW32_HELPER_HIGH32,NOT_AVAILABLE
DE5 [1-11.2],31,59,LATENCY,1789467918565,1789467918565,0,0000F0010000F001,1,32,MAIN_LOW32_HELPER_HIGH32,NOT_AVAILABLE
DE5 [1-11.2],31,60,FAILURE,1789467918565,1789467918565,0,0,1,32,MAIN_LOW32_HELPER_HIGH32,NOT_AVAILABLE
DE5 [1-11.2],31,61,FIRST_LOSS,1789467918565,1789467918566,1,0288C40200000000,1,32,MAIN_LOW32_HELPER_HIGH32,NOT_AVAILABLE
DE5 [1-11.2],32,52,STATUS,1789467919861,1789467919861,0,D2FE5082841C000D,1,32,MAIN_LOW32_HELPER_HIGH32,NOT_AVAILABLE
DE5 [1-11.2],32,53,PENDING,1789467919861,1789467919861,0,00000D3C00009208,1,32,MAIN_LOW32_HELPER_HIGH32,NOT_AVAILABLE
DE5 [1-11.2],32,54,START,1789467919861,1789467919862,1,000024780000819A,1,32,MAIN_LOW32_HELPER_HIGH32,NOT_AVAILABLE
DE5 [1-11.2],32,55,COMPLETED,1789467919862,1789467919862,0,247800008199,1,32,MAIN_LOW32_HELPER_HIGH32,NOT_AVAILABLE
DE5 [1-11.2],32,56,FAILED,1789467919862,1789467919862,0,0,1,32,MAIN_LOW32_HELPER_HIGH32,NOT_AVAILABLE
DE5 [1-11.2],32,57,MAX_WAIT,1789467919863,1789467919863,0,A74F6000000DF3C2,1,32,MAIN_LOW32_HELPER_HIGH32,NOT_AVAILABLE
DE5 [1-11.2],32,58,CURRENT_WAIT,1789467919863,1789467919863,0,4400000000.0,1,32,MAIN_LOW32_HELPER_HIGH32,NOT_AVAILABLE
DE5 [1-11.2],32,59,LATENCY,1789467919863,1789467919863,0,0000F0010000F001,1,32,MAIN_LOW32_HELPER_HIGH32,NOT_AVAILABLE
DE5 [1-11.2],32,60,FAILURE,1789467919864,1789467919864,0,0,1,32,MAIN_LOW32_HELPER_HIGH32,NOT_AVAILABLE
DE5 [1-11.2],32,61,FIRST_LOSS,1789467919864,1789467919864,0,02984C0200000000,1,32,MAIN_LOW32_HELPER_HIGH32,NOT_AVAILABLE
DE5 [1-11.2],33,52,STATUS,1789467921192,1789467921192,0,D6F62FDA909E000D,1,32,MAIN_LOW32_HELPER_HIGH32,NOT_AVAILABLE
DE5 [1-11.2],33,53,PENDING,1789467921192,1789467921193,1,00000D3C0000960D,1,32,MAIN_LOW32_HELPER_HIGH32,NOT_AVAILABLE
DE5 [1-11.2],33,54,START,1789467921193,1789467921193,0,000024EE00008556,1,32,MAIN_LOW32_HELPER_HIGH32,NOT_AVAILABLE
DE5 [1-11.2],33,55,COMPLETED,1789467921193,1789467921194,1,000024EE00008555,1,32,MAIN_LOW32_HELPER_HIGH32,NOT_AVAILABLE
DE5 [1-11.2],33,56,FAILED,1789467921194,1789467921194,0,0,1,32,MAIN_LOW32_HELPER_HIGH32,NOT_AVAILABLE
DE5 [1-11.2],33,57,MAX_WAIT,1789467921194,1789467921194,0,AADBCC00000DF3C2,1,32,MAIN_LOW32_HELPER_HIGH32,NOT_AVAILABLE
DE5 [1-11.2],33,58,CURRENT_WAIT,1789467921194,1789467921195,1,0,1,32,MAIN_LOW32_HELPER_HIGH32,NOT_AVAILABLE
DE5 [1-11.2],33,59,LATENCY,1789467921195,1789467921195,0,0000F0010000F001,1,32,MAIN_LOW32_HELPER_HIGH32,NOT_AVAILABLE
DE5 [1-11.2],33,60,FAILURE,1789467921195,1789467921195,0,0,1,32,MAIN_LOW32_HELPER_HIGH32,NOT_AVAILABLE
DE5 [1-11.2],33,61,FIRST_LOSS,1789467921195,1789467921195,0,02A9140200000000,1,32,MAIN_LOW32_HELPER_HIGH32,NOT_AVAILABLE
DE5 [1-11.2],34,52,STATUS,1789467922562,1789467922562,0,DB0AFD37A41C000D,1,32,MAIN_LOW32_HELPER_HIGH32,NOT_AVAILABLE
DE5 [1-11.2],34,53,PENDING,1789467922562,1789467922562,0,00000D3C00009A1A,1,32,MAIN_LOW32_HELPER_HIGH32,NOT_AVAILABLE
DE5 [1-11.2],34,54,START,1789467922562,1789467922563,1,0000257A00008917,1,32,MAIN_LOW32_HELPER_HIGH32,NOT_AVAILABLE
DE5 [1-11.2],34,55,COMPLETED,1789467922563,1789467922563,0,0000257A00008917,1,32,MAIN_LOW32_HELPER_HIGH32,NOT_AVAILABLE
DE5 [1-11.2],34,56,FAILED,1789467922563,1789467922563,0,0,1,32,MAIN_LOW32_HELPER_HIGH32,NOT_AVAILABLE
DE5 [1-11.2],34,57,MAX_WAIT,1789467922563,1789467922563,0,AF4EFA00000DF3C2,1,32,MAIN_LOW32_HELPER_HIGH32,NOT_AVAILABLE
DE5 [1-11.2],34,58,CURRENT_WAIT,1789467922563,1789467922564,1,000000000000BC1A,1,32,MAIN_LOW32_HELPER_HIGH32,NOT_AVAILABLE
DE5 [1-11.2],34,59,LATENCY,1789467922564,1789467922564,0,0000F0010000F001,1,32,MAIN_LOW32_HELPER_HIGH32,NOT_AVAILABLE
DE5 [1-11.2],34,60,FAILURE,1789467922564,1789467922564,0,0,1,32,MAIN_LOW32_HELPER_HIGH32,NOT_AVAILABLE
DE5 [1-11.2],34,61,FIRST_LOSS,1789467922564,1789467922565,1,02BA480200000000,1,32,MAIN_LOW32_HELPER_HIGH32,NOT_AVAILABLE
DE5 [1-11.2],35,52,STATUS,1789467923866,1789467923866,0,DEEE1202AB1C000D,1,32,MAIN_LOW32_HELPER_HIGH32,NOT_AVAILABLE
DE5 [1-11.2],35,53,PENDING,1789467923866,1789467923866,0,00000D3C00009DFD,1,32,MAIN_LOW32_HELPER_HIGH32,NOT_AVAILABLE
DE5 [1-11.2],35,54,START,1789467923867,1789467923867,0,0000260000008CAE,1,32,MAIN_LOW32_HELPER_HIGH32,NOT_AVAILABLE
DE5 [1-11.2],35,55,COMPLETED,1789467923867,1789467923867,0,000025FF00008CAE,1,32,MAIN_LOW32_HELPER_HIGH32,NOT_AVAILABLE
DE5 [1-11.2],35,56,FAILED,1789467923867,1789467923867,0,0,1,32,MAIN_LOW32_HELPER_HIGH32,NOT_AVAILABLE
DE5 [1-11.2],35,57,MAX_WAIT,1789467923868,1789467923868,0,B342E600000DF3C2,1,32,MAIN_LOW32_HELPER_HIGH32,NOT_AVAILABLE
DE5 [1-11.2],35,58,CURRENT_WAIT,1789467923868,1789467923868,0,000000000000F3DA,1,32,MAIN_LOW32_HELPER_HIGH32,NOT_AVAILABLE
DE5 [1-11.2],35,59,LATENCY,1789467923868,1789467923868,0,0000F0010000F001,1,32,MAIN_LOW32_HELPER_HIGH32,NOT_AVAILABLE
DE5 [1-11.2],35,60,FAILURE,1789467923868,1789467923869,1,0,1,32,MAIN_LOW32_HELPER_HIGH32,NOT_AVAILABLE
DE5 [1-11.2],35,61,FIRST_LOSS,1789467923869,1789467923869,0,02CAB80200000000,1,32,MAIN_LOW32_HELPER_HIGH32,NOT_AVAILABLE
DE5 [1-11.2],36,52,STATUS,1789467925147,1789467925147,0,E2BF4C7CA6DC000D,1,32,MAIN_LOW32_HELPER_HIGH32,NOT_AVAILABLE
DE5 [1-11.2],36,53,PENDING,1789467925147,1789467925147,0,00000D3C0000A1C7,1,32,MAIN_LOW32_HELPER_HIGH32,NOT_AVAILABLE
DE5 [1-11.2],36,54,START,1789467925147,1789467925148,1,269600009007,1,32,MAIN_LOW32_HELPER_HIGH32,NOT_AVAILABLE
DE5 [1-11.2],36,55,COMPLETED,1789467925148,1789467925148,0,269600009006,1,32,MAIN_LOW32_HELPER_HIGH32,NOT_AVAILABLE
DE5 [1-11.2],36,56,FAILED,1789467925148,1789467925148,0,0,1,32,MAIN_LOW32_HELPER_HIGH32,NOT_AVAILABLE
DE5 [1-11.2],36,57,MAX_WAIT,1789467925148,1789467925149,1,B6FBCA00000DF3C2,1,32,MAIN_LOW32_HELPER_HIGH32,NOT_AVAILABLE
DE5 [1-11.2],36,58,CURRENT_WAIT,1789467925149,1789467925149,0,0,1,32,MAIN_LOW32_HELPER_HIGH32,NOT_AVAILABLE
DE5 [1-11.2],36,59,LATENCY,1789467925149,1789467925149,0,0000F0010000F001,1,32,MAIN_LOW32_HELPER_HIGH32,NOT_AVAILABLE
DE5 [1-11.2],36,60,FAILURE,1789467925149,1789467925149,0,0,1,32,MAIN_LOW32_HELPER_HIGH32,NOT_AVAILABLE
DE5 [1-11.2],36,61,FIRST_LOSS,1789467925150,1789467925150,0,02DA740200000000,1,32,MAIN_LOW32_HELPER_HIGH32,NOT_AVAILABLE
DE5 [1-11.2],37,52,STATUS,1789467926486,1789467926487,1,E6BD658DB2DC000D,1,32,MAIN_LOW32_HELPER_HIGH32,NOT_AVAILABLE
DE5 [1-11.2],37,53,PENDING,1789467926487,1789467926487,0,00000D3C0000A5C6,1,32,MAIN_LOW32_HELPER_HIGH32,NOT_AVAILABLE
DE5 [1-11.2],37,54,START,1789467926487,1789467926487,0,00002716000093B7,1,32,MAIN_LOW32_HELPER_HIGH32,NOT_AVAILABLE
DE5 [1-11.2],37,55,COMPLETED,1789467926488,1789467926488,0,00002715000093B7,1,32,MAIN_LOW32_HELPER_HIGH32,NOT_AVAILABLE
DE5 [1-11.2],37,56,FAILED,1789467926488,1789467926488,0,0,1,32,MAIN_LOW32_HELPER_HIGH32,NOT_AVAILABLE
DE5 [1-11.2],37,57,MAX_WAIT,1789467926488,1789467926488,0,BB123C00000DF3C2,1,32,MAIN_LOW32_HELPER_HIGH32,NOT_AVAILABLE
DE5 [1-11.2],37,58,CURRENT_WAIT,1789467926488,1789467926489,1,0.0,1,32,MAIN_LOW32_HELPER_HIGH32,NOT_AVAILABLE
DE5 [1-11.2],37,59,LATENCY,1789467926489,1789467926489,0,0000F0010000F001,1,32,MAIN_LOW32_HELPER_HIGH32,NOT_AVAILABLE
DE5 [1-11.2],37,60,FAILURE,1789467926489,1789467926489,0,0,1,32,MAIN_LOW32_HELPER_HIGH32,NOT_AVAILABLE
DE5 [1-11.2],37,61,FIRST_LOSS,1789467926489,1789467926489,0,02EB340200000000,1,32,MAIN_LOW32_HELPER_HIGH32,NOT_AVAILABLE
DE5 [1-11.2],38,52,STATUS,1789467927766,1789467927767,1,EA8DEB2FB55A000C,1,32,MAIN_LOW32_HELPER_HIGH32,NOT_AVAILABLE
DE5 [1-11.2],38,53,PENDING,1789467927767,1789467927767,0,00000D3C0000A994,1,32,MAIN_LOW32_HELPER_HIGH32,NOT_AVAILABLE
DE5 [1-11.2],38,54,START,1789467927767,1789467927768,1,000027AD00009729,1,32,MAIN_LOW32_HELPER_HIGH32,NOT_AVAILABLE
DE5 [1-11.2],38,55,COMPLETED,1789467927768,1789467927768,0,000027AD00009729,1,32,MAIN_LOW32_HELPER_HIGH32,NOT_AVAILABLE
DE5 [1-11.2],38,56,FAILED,1789467927768,1789467927768,0,0,1,32,MAIN_LOW32_HELPER_HIGH32,NOT_AVAILABLE
DE5 [1-11.2],38,57,MAX_WAIT,1789467927768,1789467927769,1,BEDB9000000DF3C2,1,32,MAIN_LOW32_HELPER_HIGH32,NOT_AVAILABLE
DE5 [1-11.2],38,58,CURRENT_WAIT,1789467927769,1789467927769,0,000000000000BDCE,1,32,MAIN_LOW32_HELPER_HIGH32,NOT_AVAILABLE
DE5 [1-11.2],38,59,LATENCY,1789467927769,1789467927769,0,0000F0010000F001,1,32,MAIN_LOW32_HELPER_HIGH32,NOT_AVAILABLE
DE5 [1-11.2],38,60,FAILURE,1789467927769,1789467927770,1,0,1,32,MAIN_LOW32_HELPER_HIGH32,NOT_AVAILABLE
DE5 [1-11.2],38,61,FIRST_LOSS,1789467927770,1789467927770,0,02FB5C0200000000,1,32,MAIN_LOW32_HELPER_HIGH32,NOT_AVAILABLE
DE5 [1-11.2],39,52,STATUS,1789467929067,1789467929067,0,EE6DD175B95E000D,1,32,MAIN_LOW32_HELPER_HIGH32,NOT_AVAILABLE
DE5 [1-11.2],39,53,PENDING,1789467929067,1789467929067,0,00000D3C0000AD70,1,32,MAIN_LOW32_HELPER_HIGH32,NOT_AVAILABLE
DE5 [1-11.2],39,54,START,1789467929067,1789467929068,1,0000283400009AB3,1,32,MAIN_LOW32_HELPER_HIGH32,NOT_AVAILABLE
DE5 [1-11.2],39,55,COMPLETED,1789467929068,1789467929068,0,0000283400009AB2,1,32,MAIN_LOW32_HELPER_HIGH32,NOT_AVAILABLE
DE5 [1-11.2],39,56,FAILED,1789467929068,1789467929068,0,0,1,32,MAIN_LOW32_HELPER_HIGH32,NOT_AVAILABLE
DE5 [1-11.2],39,57,MAX_WAIT,1789467929068,1789467929068,0,C29AC000000DF3C2,1,32,MAIN_LOW32_HELPER_HIGH32,NOT_AVAILABLE
DE5 [1-11.2],39,58,CURRENT_WAIT,1789467929068,1789467929069,1,0000000000003D03,1,32,MAIN_LOW32_HELPER_HIGH32,NOT_AVAILABLE
DE5 [1-11.2],39,59,LATENCY,1789467929069,1789467929069,0,0000F0010000F001,1,32,MAIN_LOW32_HELPER_HIGH32,NOT_AVAILABLE
DE5 [1-11.2],39,60,FAILURE,1789467929069,1789467929069,0,0,1,32,MAIN_LOW32_HELPER_HIGH32,NOT_AVAILABLE
DE5 [1-11.2],39,61,FIRST_LOSS,1789467929069,1789467929070,1,030B9C0200000000,1,32,MAIN_LOW32_HELPER_HIGH32,NOT_AVAILABLE
DE5 [1-11.2],40,52,STATUS,1789467930375,1789467930375,0,F254255AC11C000D,1,32,MAIN_LOW32_HELPER_HIGH32,NOT_AVAILABLE
DE5 [1-11.2],40,53,PENDING,1789467930375,1789467930376,1,00000D3C0000B149,1,32,MAIN_LOW32_HELPER_HIGH32,NOT_AVAILABLE
DE5 [1-11.2],40,54,START,1789467930376,1789467930376,0,000028E900009E1D,1,32,MAIN_LOW32_HELPER_HIGH32,NOT_AVAILABLE
DE5 [1-11.2],40,55,COMPLETED,1789467930376,1789467930377,1,000028E900009E1C,1,32,MAIN_LOW32_HELPER_HIGH32,NOT_AVAILABLE
DE5 [1-11.2],40,56,FAILED,1789467930377,1789467930377,0,0,1,32,MAIN_LOW32_HELPER_HIGH32,NOT_AVAILABLE
DE5 [1-11.2],40,57,MAX_WAIT,1789467930377,1789467930377,0,C6A45A00000DF3C2,1,32,MAIN_LOW32_HELPER_HIGH32,NOT_AVAILABLE
DE5 [1-11.2],40,58,CURRENT_WAIT,1789467930377,1789467930377,0,000000000000146D,1,32,MAIN_LOW32_HELPER_HIGH32,NOT_AVAILABLE
DE5 [1-11.2],40,59,LATENCY,1789467930378,1789467930378,0,0000F0010000F001,1,32,MAIN_LOW32_HELPER_HIGH32,NOT_AVAILABLE
DE5 [1-11.2],40,60,FAILURE,1789467930378,1789467930378,0,0,1,32,MAIN_LOW32_HELPER_HIGH32,NOT_AVAILABLE
DE5 [1-11.2],40,61,FIRST_LOSS,1789467930378,1789467930378,0,031C180200000000,1,32,MAIN_LOW32_HELPER_HIGH32,NOT_AVAILABLE
DE5 [1-11.2],41,52,STATUS,1789467931645,1789467931646,1,F61D4527B15C000D,1,32,MAIN_LOW32_HELPER_HIGH32,NOT_AVAILABLE
DE5 [1-11.2],41,53,PENDING,1789467931646,1789467931646,0,00000D3C0000B514,1,32,MAIN_LOW32_HELPER_HIGH32,NOT_AVAILABLE
DE5 [1-11.2],41,54,START,1789467931646,1789467931646,0,000029910000A136,1,32,MAIN_LOW32_HELPER_HIGH32,NOT_AVAILABLE
DE5 [1-11.2],41,55,COMPLETED,1789467931646,1789467931647,1,000029910000A135,1,32,MAIN_LOW32_HELPER_HIGH32,NOT_AVAILABLE
DE5 [1-11.2],41,56,FAILED,1789467931647,1789467931647,0,0,1,32,MAIN_LOW32_HELPER_HIGH32,NOT_AVAILABLE
DE5 [1-11.2],41,57,MAX_WAIT,1789467931647,1789467931647,0,CA6E6200000DF3C2,1,32,MAIN_LOW32_HELPER_HIGH32,NOT_AVAILABLE
DE5 [1-11.2],41,58,CURRENT_WAIT,1789467931647,1789467931648,1,0000000000001A73,1,32,MAIN_LOW32_HELPER_HIGH32,NOT_AVAILABLE
DE5 [1-11.2],41,59,LATENCY,1789467931648,1789467931648,0,0000F0010000F001,1,32,MAIN_LOW32_HELPER_HIGH32,NOT_AVAILABLE
DE5 [1-11.2],41,60,FAILURE,1789467931648,1789467931648,0,0,1,32,MAIN_LOW32_HELPER_HIGH32,NOT_AVAILABLE
DE5 [1-11.2],41,61,FIRST_LOSS,1789467931648,1789467931649,1,032B1C0200000000,1,32,MAIN_LOW32_HELPER_HIGH32,NOT_AVAILABLE
DE5 [1-11.2],42,52,STATUS,1789467932942,1789467932942,0,F9FAB081B71C000D,1,32,MAIN_LOW32_HELPER_HIGH32,NOT_AVAILABLE
DE5 [1-11.2],42,53,PENDING,1789467932942,1789467932943,1,00000D3C0000B902,1,32,MAIN_LOW32_HELPER_HIGH32,NOT_AVAILABLE
DE5 [1-11.2],42,54,START,1789467932943,1789467932943,0,00002A030000A4DB,1,32,MAIN_LOW32_HELPER_HIGH32,NOT_AVAILABLE
DE5 [1-11.2],42,55,COMPLETED,1789467932943,1789467932944,1,00002A030000A4DA,1,32,MAIN_LOW32_HELPER_HIGH32,NOT_AVAILABLE
DE5 [1-11.2],42,56,FAILED,1789467932944,1789467932944,0,0,1,32,MAIN_LOW32_HELPER_HIGH32,NOT_AVAILABLE
DE5 [1-11.2],42,57,MAX_WAIT,1789467932944,1789467932944,0,CE404000000DF3C2,1,32,MAIN_LOW32_HELPER_HIGH32,NOT_AVAILABLE
DE5 [1-11.2],42,58,CURRENT_WAIT,1789467932944,1789467932945,1,00000000000010FB,1,32,MAIN_LOW32_HELPER_HIGH32,NOT_AVAILABLE
DE5 [1-11.2],42,59,LATENCY,1789467932945,1789467932945,0,0000F0010000F001,1,32,MAIN_LOW32_HELPER_HIGH32,NOT_AVAILABLE
DE5 [1-11.2],42,60,FAILURE,1789467932945,1789467932945,0,0,1,32,MAIN_LOW32_HELPER_HIGH32,NOT_AVAILABLE
DE5 [1-11.2],42,61,FIRST_LOSS,1789467932945,1789467932945,0,033B780200000000,1,32,MAIN_LOW32_HELPER_HIGH32,NOT_AVAILABLE
DE5 [1-11.2],43,52,STATUS,1789467934282,1789467934283,1,FDF91F77C55A000C,1,32,MAIN_LOW32_HELPER_HIGH32,NOT_AVAILABLE
DE5 [1-11.2],43,53,PENDING,1789467934283,1789467934283,0,00000D3C0000BD21,1,32,MAIN_LOW32_HELPER_HIGH32,NOT_AVAILABLE
DE5 [1-11.2],43,54,START,1789467934283,1789467934283,0,00002A660000A8B0,1,32,MAIN_LOW32_HELPER_HIGH32,NOT_AVAILABLE
DE5 [1-11.2],43,55,COMPLETED,1789467934283,1789467934284,1,00002A660000A8AF,1,32,MAIN_LOW32_HELPER_HIGH32,NOT_AVAILABLE
DE5 [1-11.2],43,56,FAILED,1789467934284,1789467934284,0,0,1,32,MAIN_LOW32_HELPER_HIGH32,NOT_AVAILABLE
DE5 [1-11.2],43,57,MAX_WAIT,1789467934284,1789467934284,0,D23C9200000DF3C2,1,32,MAIN_LOW32_HELPER_HIGH32,NOT_AVAILABLE
DE5 [1-11.2],43,58,CURRENT_WAIT,1789467934284,1789467934285,1,7007,1,32,MAIN_LOW32_HELPER_HIGH32,NOT_AVAILABLE
DE5 [1-11.2],43,59,LATENCY,1789467934285,1789467934285,0,0000F0010000F001,1,32,MAIN_LOW32_HELPER_HIGH32,NOT_AVAILABLE
DE5 [1-11.2],43,60,FAILURE,1789467934285,1789467934285,0,0,1,32,MAIN_LOW32_HELPER_HIGH32,NOT_AVAILABLE
DE5 [1-11.2],43,61,FIRST_LOSS,1789467934285,1789467934286,1,034C5C0200000000,1,32,MAIN_LOW32_HELPER_HIGH32,NOT_AVAILABLE
DE5 [1-11.2],44,52,STATUS,1789467935585,1789467935586,1,01DB2CF5CBDE000D,1,32,MAIN_LOW32_HELPER_HIGH32,NOT_AVAILABLE
DE5 [1-11.2],44,53,PENDING,1789467935586,1789467935586,0,00000D3C0000C11A,1,32,MAIN_LOW32_HELPER_HIGH32,NOT_AVAILABLE
DE5 [1-11.2],44,54,START,1789467935586,1789467935586,0,00002AD60000AC5B,1,32,MAIN_LOW32_HELPER_HIGH32,NOT_AVAILABLE
DE5 [1-11.2],44,55,COMPLETED,1789467935586,1789467935587,1,00002AD60000AC5A,1,32,MAIN_LOW32_HELPER_HIGH32,NOT_AVAILABLE
DE5 [1-11.2],44,56,FAILED,1789467935587,1789467935587,0,0,1,32,MAIN_LOW32_HELPER_HIGH32,NOT_AVAILABLE
DE5 [1-11.2],44,57,MAX_WAIT,1789467935587,1789467935587,0,D5EA8400000DF3C2,1,32,MAIN_LOW32_HELPER_HIGH32,NOT_AVAILABLE
DE5 [1-11.2],44,58,CURRENT_WAIT,1789467935587,1789467935588,1,0000000000005DB2,1,32,MAIN_LOW32_HELPER_HIGH32,NOT_AVAILABLE
DE5 [1-11.2],44,59,LATENCY,1789467935588,1789467935588,0,0000F0010000F001,1,32,MAIN_LOW32_HELPER_HIGH32,NOT_AVAILABLE
DE5 [1-11.2],44,60,FAILURE,1789467935588,1789467935588,0,0,1,32,MAIN_LOW32_HELPER_HIGH32,NOT_AVAILABLE
DE5 [1-11.2],44,61,FIRST_LOSS,1789467935588,1789467935589,1,035CC80200000000,1,32,MAIN_LOW32_HELPER_HIGH32,NOT_AVAILABLE
DE5 [1-11.2],45,52,STATUS,1789467936885,1789467936885,0,05BA96CFC89E000D,1,32,MAIN_LOW32_HELPER_HIGH32,NOT_AVAILABLE
DE5 [1-11.2],45,53,PENDING,1789467936885,1789467936885,0,00000D3C0000C4F6,1,32,MAIN_LOW32_HELPER_HIGH32,NOT_AVAILABLE
DE5 [1-11.2],45,54,START,1789467936885,1789467936886,1,00002B4B0000AFD9,1,32,MAIN_LOW32_HELPER_HIGH32,NOT_AVAILABLE
DE5 [1-11.2],45,55,COMPLETED,1789467936886,1789467936886,0,00002B4B0000AFD8,1,32,MAIN_LOW32_HELPER_HIGH32,NOT_AVAILABLE
DE5 [1-11.2],45,56,FAILED,1789467936886,1789467936887,1,0,1,32,MAIN_LOW32_HELPER_HIGH32,NOT_AVAILABLE
DE5 [1-11.2],45,57,MAX_WAIT,1789467936887,1789467936887,0,D9AE7800000DF3C2,1,32,MAIN_LOW32_HELPER_HIGH32,NOT_AVAILABLE
DE5 [1-11.2],45,58,CURRENT_WAIT,1789467936887,1789467936887,0,0,1,32,MAIN_LOW32_HELPER_HIGH32,NOT_AVAILABLE
DE5 [1-11.2],45,59,LATENCY,1789467936887,1789467936887,0,0000F0010000F001,1,32,MAIN_LOW32_HELPER_HIGH32,NOT_AVAILABLE
DE5 [1-11.2],45,60,FAILURE,1789467936887,1789467936888,1,0,1,32,MAIN_LOW32_HELPER_HIGH32,NOT_AVAILABLE
DE5 [1-11.2],45,61,FIRST_LOSS,1789467936888,1789467936888,0,036C900200000000,1,32,MAIN_LOW32_HELPER_HIGH32,NOT_AVAILABLE
DE5 [1-11.2],46,52,STATUS,1789467938184,1789467938184,0,0999A0E0CDDE000D,1,32,MAIN_LOW32_HELPER_HIGH32,NOT_AVAILABLE
DE5 [1-11.2],46,53,PENDING,1789467938184,1789467938184,0,00000D3C0000C8E1,1,32,MAIN_LOW32_HELPER_HIGH32,NOT_AVAILABLE
DE5 [1-11.2],46,54,START,1789467938184,1789467938185,1,00002BD80000B361,1,32,MAIN_LOW32_HELPER_HIGH32,NOT_AVAILABLE
DE5 [1-11.2],46,55,COMPLETED,1789467938185,1789467938185,0,00002BD80000B360,1,32,MAIN_LOW32_HELPER_HIGH32,NOT_AVAILABLE
DE5 [1-11.2],46,56,FAILED,1789467938185,1789467938185,0,0,1,32,MAIN_LOW32_HELPER_HIGH32,NOT_AVAILABLE
DE5 [1-11.2],46,57,MAX_WAIT,1789467938185,1789467938186,1,DDCFF600000DF3C2,1,32,MAIN_LOW32_HELPER_HIGH32,NOT_AVAILABLE
DE5 [1-11.2],46,58,CURRENT_WAIT,1789467938186,1789467938186,0,0,1,32,MAIN_LOW32_HELPER_HIGH32,NOT_AVAILABLE
DE5 [1-11.2],46,59,LATENCY,1789467938186,1789467938186,0,0000F0010000F001,1,32,MAIN_LOW32_HELPER_HIGH32,NOT_AVAILABLE
DE5 [1-11.2],46,60,FAILURE,1789467938186,1789467938187,1,0,1,32,MAIN_LOW32_HELPER_HIGH32,NOT_AVAILABLE
DE5 [1-11.2],46,61,FIRST_LOSS,1789467938187,1789467938187,0,037CE40200000000,1,32,MAIN_LOW32_HELPER_HIGH32,NOT_AVAILABLE
DE5 [1-11.2],47,52,STATUS,1789467939432,1789467939432,0,0D51C154CA5E000C,1,32,MAIN_LOW32_HELPER_HIGH32,NOT_AVAILABLE
DE5 [1-11.2],47,53,PENDING,1789467939432,1789467939432,0,00000D3C0000CC7F,1,32,MAIN_LOW32_HELPER_HIGH32,NOT_AVAILABLE
DE5 [1-11.2],47,54,START,1789467939432,1789467939433,1,00002C7B0000B6B0,1,32,MAIN_LOW32_HELPER_HIGH32,NOT_AVAILABLE
DE5 [1-11.2],47,55,COMPLETED,1789467939433,1789467939433,0,00002C7B0000B6AF,1,32,MAIN_LOW32_HELPER_HIGH32,NOT_AVAILABLE
DE5 [1-11.2],47,56,FAILED,1789467939433,1789467939433,0,0,1,32,MAIN_LOW32_HELPER_HIGH32,NOT_AVAILABLE
DE5 [1-11.2],47,57,MAX_WAIT,1789467939433,1789467939434,1,E18D3600000DF3C2,1,32,MAIN_LOW32_HELPER_HIGH32,NOT_AVAILABLE
DE5 [1-11.2],47,58,CURRENT_WAIT,1789467939434,1789467939434,0,0000000000002B01,1,32,MAIN_LOW32_HELPER_HIGH32,NOT_AVAILABLE
DE5 [1-11.2],47,59,LATENCY,1789467939434,1789467939434,0,0000F0010000F001,1,32,MAIN_LOW32_HELPER_HIGH32,NOT_AVAILABLE
DE5 [1-11.2],47,60,FAILURE,1789467939434,1789467939435,1,0,1,32,MAIN_LOW32_HELPER_HIGH32,NOT_AVAILABLE
DE5 [1-11.2],47,61,FIRST_LOSS,1789467939435,1789467939435,0,038CAC0200000000,1,32,MAIN_LOW32_HELPER_HIGH32,NOT_AVAILABLE
DE5 [1-11.2],48,52,STATUS,1789467940680,1789467940680,0,110A2679C5DE000D,1,32,MAIN_LOW32_HELPER_HIGH32,NOT_AVAILABLE
DE5 [1-11.2],48,53,PENDING,1789467940680,1789467940681,1,00000D3C0000D045,1,32,MAIN_LOW32_HELPER_HIGH32,NOT_AVAILABLE
DE5 [1-11.2],48,54,START,1789467940681,1789467940681,0,00002CDA0000BA3F,1,32,MAIN_LOW32_HELPER_HIGH32,NOT_AVAILABLE
DE5 [1-11.2],48,55,COMPLETED,1789467940681,1789467940681,0,00002CDA0000BA3E,1,32,MAIN_LOW32_HELPER_HIGH32,NOT_AVAILABLE
DE5 [1-11.2],48,56,FAILED,1789467940681,1789467940682,1,0,1,32,MAIN_LOW32_HELPER_HIGH32,NOT_AVAILABLE
DE5 [1-11.2],48,57,MAX_WAIT,1789467940682,1789467940682,0,E55C0E00000DF3C2,1,32,MAIN_LOW32_HELPER_HIGH32,NOT_AVAILABLE
DE5 [1-11.2],48,58,CURRENT_WAIT,1789467940682,1789467940682,0,0000000000001F21,1,32,MAIN_LOW32_HELPER_HIGH32,NOT_AVAILABLE
DE5 [1-11.2],48,59,LATENCY,1789467940682,1789467940683,1,0000F0010000F001,1,32,MAIN_LOW32_HELPER_HIGH32,NOT_AVAILABLE
DE5 [1-11.2],48,60,FAILURE,1789467940683,1789467940683,0,0,1,32,MAIN_LOW32_HELPER_HIGH32,NOT_AVAILABLE
DE5 [1-11.2],48,61,FIRST_LOSS,1789467940683,1789467940683,0,039C680200000000,1,32,MAIN_LOW32_HELPER_HIGH32,NOT_AVAILABLE
DE5 [1-11.2],49,52,STATUS,1789467942070,1789467942070,0,152E9F13CDDE000D,1,32,MAIN_LOW32_HELPER_HIGH32,NOT_AVAILABLE
DE5 [1-11.2],49,53,PENDING,1789467942070,1789467942071,1,00000D3C0000D449,1,32,MAIN_LOW32_HELPER_HIGH32,NOT_AVAILABLE
DE5 [1-11.2],49,54,START,1789467942071,1789467942071,0,00002D8B0000BDAE,1,32,MAIN_LOW32_HELPER_HIGH32,NOT_AVAILABLE
DE5 [1-11.2],49,55,COMPLETED,1789467942071,1789467942071,0,00002D8B0000BDAD,1,32,MAIN_LOW32_HELPER_HIGH32,NOT_AVAILABLE
DE5 [1-11.2],49,56,FAILED,1789467942071,1789467942072,1,0,1,32,MAIN_LOW32_HELPER_HIGH32,NOT_AVAILABLE
DE5 [1-11.2],49,57,MAX_WAIT,1789467942072,1789467942072,0,E95CC200000DF3C2,1,32,MAIN_LOW32_HELPER_HIGH32,NOT_AVAILABLE
DE5 [1-11.2],49,58,CURRENT_WAIT,1789467942072,1789467942072,0,3462,1,32,MAIN_LOW32_HELPER_HIGH32,NOT_AVAILABLE
DE5 [1-11.2],49,59,LATENCY,1789467942072,1789467942073,1,0000F0010000F001,1,32,MAIN_LOW32_HELPER_HIGH32,NOT_AVAILABLE
DE5 [1-11.2],49,60,FAILURE,1789467942073,1789467942073,0,0,1,32,MAIN_LOW32_HELPER_HIGH32,NOT_AVAILABLE
DE5 [1-11.2],49,61,FIRST_LOSS,1789467942073,1789467942073,0,03ACE40200000000,1,32,MAIN_LOW32_HELPER_HIGH32,NOT_AVAILABLE
DE5 [1-11.2],50,52,STATUS,1789467943404,1789467943404,0,1928817FD9DE000D,1,32,MAIN_LOW32_HELPER_HIGH32,NOT_AVAILABLE
DE5 [1-11.2],50,53,PENDING,1789467943404,1789467943405,1,00000D3C0000D867,1,32,MAIN_LOW32_HELPER_HIGH32,NOT_AVAILABLE
DE5 [1-11.2],50,54,START,1789467943405,1789467943405,0,00002DDE0000C18B,1,32,MAIN_LOW32_HELPER_HIGH32,NOT_AVAILABLE
DE5 [1-11.2],50,55,COMPLETED,1789467943405,1789467943406,1,00002DDE0000C18A,1,32,MAIN_LOW32_HELPER_HIGH32,NOT_AVAILABLE
DE5 [1-11.2],50,56,FAILED,1789467943406,1789467943406,0,0,1,32,MAIN_LOW32_HELPER_HIGH32,NOT_AVAILABLE
DE5 [1-11.2],50,57,MAX_WAIT,1789467943406,1789467943406,0,ED7A2C00000DF3C2,1,32,MAIN_LOW32_HELPER_HIGH32,NOT_AVAILABLE
DE5 [1-11.2],50,58,CURRENT_WAIT,1789467943406,1789467943406,0,000000000000210B,1,32,MAIN_LOW32_HELPER_HIGH32,NOT_AVAILABLE
DE5 [1-11.2],50,59,LATENCY,1789467943406,1789467943407,1,0000F0010000F001,1,32,MAIN_LOW32_HELPER_HIGH32,NOT_AVAILABLE
DE5 [1-11.2],50,60,FAILURE,1789467943407,1789467943407,0,0,1,32,MAIN_LOW32_HELPER_HIGH32,NOT_AVAILABLE
DE5 [1-11.2],50,61,FIRST_LOSS,1789467943407,1789467943407,0,03BDA80200000000,1,32,MAIN_LOW32_HELPER_HIGH32,NOT_AVAILABLE
DE5 [1-11.2],51,52,STATUS,1789467944656,1789467944657,1,1CE3DC53D59E000D,1,32,MAIN_LOW32_HELPER_HIGH32,NOT_AVAILABLE
DE5 [1-11.2],51,53,PENDING,1789467944657,1789467944657,0,00000D3C0000DC31,1,32,MAIN_LOW32_HELPER_HIGH32,NOT_AVAILABLE
DE5 [1-11.2],51,54,START,1789467944657,1789467944657,0,00002E3F0000C519,1,32,MAIN_LOW32_HELPER_HIGH32,NOT_AVAILABLE
DE5 [1-11.2],51,55,COMPLETED,1789467944657,1789467944658,1,00002E3F0000C518,1,32,MAIN_LOW32_HELPER_HIGH32,NOT_AVAILABLE
DE5 [1-11.2],51,56,FAILED,1789467944658,1789467944658,0,0,1,32,MAIN_LOW32_HELPER_HIGH32,NOT_AVAILABLE
DE5 [1-11.2],51,57,MAX_WAIT,1789467944658,1789467944658,0,F0DFC400000DF3C2,1,32,MAIN_LOW32_HELPER_HIGH32,NOT_AVAILABLE
DE5 [1-11.2],51,58,CURRENT_WAIT,1789467944658,1789467944659,1,0000000000001F13,1,32,MAIN_LOW32_HELPER_HIGH32,NOT_AVAILABLE
DE5 [1-11.2],51,59,LATENCY,1789467944659,1789467944659,0,0000F0010000F001,1,32,MAIN_LOW32_HELPER_HIGH32,NOT_AVAILABLE
DE5 [1-11.2],51,60,FAILURE,1789467944659,1789467944659,0,0,1,32,MAIN_LOW32_HELPER_HIGH32,NOT_AVAILABLE
DE5 [1-11.2],51,61,FIRST_LOSS,1789467944659,1789467944660,1,03CD600200000000,1,32,MAIN_LOW32_HELPER_HIGH32,NOT_AVAILABLE
DE5 [1-11.2],52,52,STATUS,1789467945962,1789467945963,1,20C82FAFDD5E000D,1,32,MAIN_LOW32_HELPER_HIGH32,NOT_AVAILABLE
DE5 [1-11.2],52,53,PENDING,1789467945963,1789467945963,0,00000D3C0000E022,1,32,MAIN_LOW32_HELPER_HIGH32,NOT_AVAILABLE
DE5 [1-11.2],52,54,START,1789467945963,1789467945963,0,00002EA90000C8CE,1,32,MAIN_LOW32_HELPER_HIGH32,NOT_AVAILABLE
DE5 [1-11.2],52,55,COMPLETED,1789467945963,1789467945964,1,00002EA90000C8CD,1,32,MAIN_LOW32_HELPER_HIGH32,NOT_AVAILABLE
DE5 [1-11.2],52,56,FAILED,1789467945964,1789467945964,0,0,1,32,MAIN_LOW32_HELPER_HIGH32,NOT_AVAILABLE
DE5 [1-11.2],52,57,MAX_WAIT,1789467945964,1789467945964,0,F5175A00000DF3C2,1,32,MAIN_LOW32_HELPER_HIGH32,NOT_AVAILABLE
DE5 [1-11.2],52,58,CURRENT_WAIT,1789467945964,1789467945965,1,0000000000002A0D,1,32,MAIN_LOW32_HELPER_HIGH32,NOT_AVAILABLE
DE5 [1-11.2],52,59,LATENCY,1789467945965,1789467945965,0,0000F0010000F001,1,32,MAIN_LOW32_HELPER_HIGH32,NOT_AVAILABLE
DE5 [1-11.2],52,60,FAILURE,1789467945965,1789467945965,0,0,1,32,MAIN_LOW32_HELPER_HIGH32,NOT_AVAILABLE
DE5 [1-11.2],52,61,FIRST_LOSS,1789467945965,1789467945966,1,03DDDC0200000000,1,32,MAIN_LOW32_HELPER_HIGH32,NOT_AVAILABLE
DE5 [1-11.2],53,52,STATUS,1789467947241,1789467947241,0,24978F91DF1E000D,1,32,MAIN_LOW32_HELPER_HIGH32,NOT_AVAILABLE
DE5 [1-11.2],53,53,PENDING,1789467947241,1789467947241,0,00000D3C0000E403,1,32,MAIN_LOW32_HELPER_HIGH32,NOT_AVAILABLE
DE5 [1-11.2],53,54,START,1789467947241,1789467947242,1,00002F080000CC76,1,32,MAIN_LOW32_HELPER_HIGH32,NOT_AVAILABLE
DE5 [1-11.2],53,55,COMPLETED,1789467947242,1789467947242,0,00002F080000CC75,1,32,MAIN_LOW32_HELPER_HIGH32,NOT_AVAILABLE
DE5 [1-11.2],53,56,FAILED,1789467947242,1789467947242,0,0,1,32,MAIN_LOW32_HELPER_HIGH32,NOT_AVAILABLE
DE5 [1-11.2],53,57,MAX_WAIT,1789467947242,1789467947243,1,F8DD5A00000DF3C2,1,32,MAIN_LOW32_HELPER_HIGH32,NOT_AVAILABLE
DE5 [1-11.2],53,58,CURRENT_WAIT,1789467947243,1789467947243,0,0,1,32,MAIN_LOW32_HELPER_HIGH32,NOT_AVAILABLE
DE5 [1-11.2],53,59,LATENCY,1789467947243,1789467947243,0,0000F0010000F001,1,32,MAIN_LOW32_HELPER_HIGH32,NOT_AVAILABLE
DE5 [1-11.2],53,60,FAILURE,1789467947243,1789467947244,1,0,1,32,MAIN_LOW32_HELPER_HIGH32,NOT_AVAILABLE
DE5 [1-11.2],53,61,FIRST_LOSS,1789467947244,1789467947244,0,03EDF80200000000,1,32,MAIN_LOW32_HELPER_HIGH32,NOT_AVAILABLE
DE5 [1-11.2],54,52,STATUS,1789467948570,1789467948571,1,288DEB92E2DA0004,1,32,MAIN_LOW32_HELPER_HIGH32,NOT_AVAILABLE
DE5 [1-11.2],54,53,PENDING,1789467948571,1789467948571,0,00000D3C0000E7C3,1,32,MAIN_LOW32_HELPER_HIGH32,NOT_AVAILABLE
DE5 [1-11.2],54,54,START,1789467948571,1789467948571,0,00002FD50000CFB7,1,32,MAIN_LOW32_HELPER_HIGH32,NOT_AVAILABLE
DE5 [1-11.2],54,55,COMPLETED,1789467948571,1789467948572,1,00002FD40000CFB7,1,32,MAIN_LOW32_HELPER_HIGH32,NOT_AVAILABLE
DE5 [1-11.2],54,56,FAILED,1789467948572,1789467948572,0,0,1,32,MAIN_LOW32_HELPER_HIGH32,NOT_AVAILABLE
DE5 [1-11.2],54,57,MAX_WAIT,1789467948572,1789467948572,0,FCE32800000DF3C2,1,32,MAIN_LOW32_HELPER_HIGH32,NOT_AVAILABLE
DE5 [1-11.2],54,58,CURRENT_WAIT,1789467948572,1789467948573,1,19600,1,32,MAIN_LOW32_HELPER_HIGH32,NOT_AVAILABLE
DE5 [1-11.2],54,59,LATENCY,1789467948573,1789467948573,0,0000F0010000F001,1,32,MAIN_LOW32_HELPER_HIGH32,NOT_AVAILABLE
DE5 [1-11.2],54,60,FAILURE,1789467948573,1789467948573,0,0,1,32,MAIN_LOW32_HELPER_HIGH32,NOT_AVAILABLE
DE5 [1-11.2],54,61,FIRST_LOSS,1789467948573,1789467948574,1,03FE340200000000,1,32,MAIN_LOW32_HELPER_HIGH32,NOT_AVAILABLE
DE5 [1-11.2],55,52,STATUS,1789467949886,1789467949886,0,2C79576FEB1C0005,1,32,MAIN_LOW32_HELPER_HIGH32,NOT_AVAILABLE
DE5 [1-11.2],55,53,PENDING,1789467949886,1789467949886,0,00000D3C0000EBB6,1,32,MAIN_LOW32_HELPER_HIGH32,NOT_AVAILABLE
DE5 [1-11.2],55,54,START,1789467949886,1789467949887,1,000030500000D35E,1,32,MAIN_LOW32_HELPER_HIGH32,NOT_AVAILABLE
DE5 [1-11.2],55,55,COMPLETED,1789467949887,1789467949887,0,000030500000D35D,1,32,MAIN_LOW32_HELPER_HIGH32,NOT_AVAILABLE
DE5 [1-11.2],55,56,FAILED,1789467949887,1789467949887,0,0,1,32,MAIN_LOW32_HELPER_HIGH32,NOT_AVAILABLE
DE5 [1-11.2],55,57,MAX_WAIT,1789467949887,1789467949888,1,FFC84E00000DF3C2,1,32,MAIN_LOW32_HELPER_HIGH32,NOT_AVAILABLE
DE5 [1-11.2],55,58,CURRENT_WAIT,1789467949888,1789467949888,0,0,1,32,MAIN_LOW32_HELPER_HIGH32,NOT_AVAILABLE
DE5 [1-11.2],55,59,LATENCY,1789467949888,1789467949888,0,0000F0010000F001,1,32,MAIN_LOW32_HELPER_HIGH32,NOT_AVAILABLE
DE5 [1-11.2],55,60,FAILURE,1789467949888,1789467949888,0,0,1,32,MAIN_LOW32_HELPER_HIGH32,NOT_AVAILABLE
DE5 [1-11.2],55,61,FIRST_LOSS,1789467949888,1789467949889,1,040EB80200000000,1,32,MAIN_LOW32_HELPER_HIGH32,NOT_AVAILABLE
DE5 [1-11.2],56,52,STATUS,1789467951174,1789467951174,0,305014D3EEF1000C,1,32,MAIN_LOW32_HELPER_HIGH32,NOT_AVAILABLE
DE5 [1-11.2],56,53,PENDING,1789467951174,1789467951174,0,00000D3C0000EF7C,1,32,MAIN_LOW32_HELPER_HIGH32,NOT_AVAILABLE
DE5 [1-11.2],56,54,START,1789467951174,1789467951175,1,000031030000D6B9,1,32,MAIN_LOW32_HELPER_HIGH32,NOT_AVAILABLE
DE5 [1-11.2],56,55,COMPLETED,1789467951175,1789467951175,0,000031030000D6B8,1,32,MAIN_LOW32_HELPER_HIGH32,NOT_AVAILABLE
DE5 [1-11.2],56,56,FAILED,1789467951175,1789467951175,0,0,1,32,MAIN_LOW32_HELPER_HIGH32,NOT_AVAILABLE
DE5 [1-11.2],56,57,MAX_WAIT,1789467951175,1789467951176,1,FFC84E00000DF3C2,1,32,MAIN_LOW32_HELPER_HIGH32,NOT_AVAILABLE
DE5 [1-11.2],56,58,CURRENT_WAIT,1789467951176,1789467951176,0,00000000000086F4,1,32,MAIN_LOW32_HELPER_HIGH32,NOT_AVAILABLE
DE5 [1-11.2],56,59,LATENCY,1789467951176,1789467951176,0,0000F0010000F001,1,32,MAIN_LOW32_HELPER_HIGH32,NOT_AVAILABLE
DE5 [1-11.2],56,60,FAILURE,1789467951177,1789467951177,0,0,1,32,MAIN_LOW32_HELPER_HIGH32,NOT_AVAILABLE
DE5 [1-11.2],56,61,FIRST_LOSS,1789467951177,1789467951177,0,041EF40200000000,1,32,MAIN_LOW32_HELPER_HIGH32,NOT_AVAILABLE
DE5 [1-11.2],57,52,STATUS,1789467952562,1789467952563,1,34738776059A000C,1,32,MAIN_LOW32_HELPER_HIGH32,NOT_AVAILABLE
DE5 [1-11.2],57,53,PENDING,1789467952563,1789467952563,0,00000D3C0000F3A7,1,32,MAIN_LOW32_HELPER_HIGH32,NOT_AVAILABLE
DE5 [1-11.2],57,54,START,1789467952563,1789467952563,0,000031950000DA82,1,32,MAIN_LOW32_HELPER_HIGH32,NOT_AVAILABLE
DE5 [1-11.2],57,55,COMPLETED,1789467952563,1789467952563,0,000031950000DA81,1,32,MAIN_LOW32_HELPER_HIGH32,NOT_AVAILABLE
DE5 [1-11.2],57,56,FAILED,1789467952564,1789467952564,0,0,1,32,MAIN_LOW32_HELPER_HIGH32,NOT_AVAILABLE
DE5 [1-11.2],57,57,MAX_WAIT,1789467952564,1789467952564,0,FFC84E00000DF3C2,1,32,MAIN_LOW32_HELPER_HIGH32,NOT_AVAILABLE
DE5 [1-11.2],57,58,CURRENT_WAIT,1789467952564,1789467952564,0,0000000000008F49,1,32,MAIN_LOW32_HELPER_HIGH32,NOT_AVAILABLE
DE5 [1-11.2],57,59,LATENCY,1789467952564,1789467952565,1,0000F0010000F001,1,32,MAIN_LOW32_HELPER_HIGH32,NOT_AVAILABLE
DE5 [1-11.2],57,60,FAILURE,1789467952565,1789467952565,0,0,1,32,MAIN_LOW32_HELPER_HIGH32,NOT_AVAILABLE
DE5 [1-11.2],57,61,FIRST_LOSS,1789467952565,1789467952565,0,430600200000000,1,32,MAIN_LOW32_HELPER_HIGH32,NOT_AVAILABLE
DE5 [1-11.2],58,52,STATUS,1789467953851,1789467953852,1,384B0B8100DC000D,1,32,MAIN_LOW32_HELPER_HIGH32,NOT_AVAILABLE
DE5 [1-11.2],58,53,PENDING,1789467953852,1789467953852,0,00000D3C0000F774,1,32,MAIN_LOW32_HELPER_HIGH32,NOT_AVAILABLE
DE5 [1-11.2],58,54,START,1789467953852,1789467953852,0,0000321B0000DDEA,1,32,MAIN_LOW32_HELPER_HIGH32,NOT_AVAILABLE
DE5 [1-11.2],58,55,COMPLETED,1789467953852,1789467953853,1,0000321A0000DDEA,1,32,MAIN_LOW32_HELPER_HIGH32,NOT_AVAILABLE
DE5 [1-11.2],58,56,FAILED,1789467953853,1789467953853,0,0,1,32,MAIN_LOW32_HELPER_HIGH32,NOT_AVAILABLE
DE5 [1-11.2],58,57,MAX_WAIT,1789467953853,1789467953853,0,FFC84E00000DF3C2,1,32,MAIN_LOW32_HELPER_HIGH32,NOT_AVAILABLE
DE5 [1-11.2],58,58,CURRENT_WAIT,1789467953853,1789467953854,1,0,1,32,MAIN_LOW32_HELPER_HIGH32,NOT_AVAILABLE
DE5 [1-11.2],58,59,LATENCY,1789467953854,1789467953854,0,0000F0010000F001,1,32,MAIN_LOW32_HELPER_HIGH32,NOT_AVAILABLE
DE5 [1-11.2],58,60,FAILURE,1789467953854,1789467953854,0,0,1,32,MAIN_LOW32_HELPER_HIGH32,NOT_AVAILABLE
DE5 [1-11.2],58,61,FIRST_LOSS,1789467953854,1789467953855,1,440140200000000,1,32,MAIN_LOW32_HELPER_HIGH32,NOT_AVAILABLE
DE5 [1-11.2],59,52,STATUS,1789467955182,1789467955182,0,3C420F720C1C000D,1,32,MAIN_LOW32_HELPER_HIGH32,NOT_AVAILABLE
DE5 [1-11.2],59,53,PENDING,1789467955182,1789467955182,0,00000D3C0000FB5F,1,32,MAIN_LOW32_HELPER_HIGH32,NOT_AVAILABLE
DE5 [1-11.2],59,54,START,1789467955182,1789467955183,1,000032D60000E15B,1,32,MAIN_LOW32_HELPER_HIGH32,NOT_AVAILABLE
DE5 [1-11.2],59,55,COMPLETED,1789467955183,1789467955183,0,000032D60000E15B,1,32,MAIN_LOW32_HELPER_HIGH32,NOT_AVAILABLE
DE5 [1-11.2],59,56,FAILED,1789467955183,1789467955183,0,0,1,32,MAIN_LOW32_HELPER_HIGH32,NOT_AVAILABLE
DE5 [1-11.2],59,57,MAX_WAIT,1789467955183,1789467955184,1,FFC84E00000DF3C2,1,32,MAIN_LOW32_HELPER_HIGH32,NOT_AVAILABLE
DE5 [1-11.2],59,58,CURRENT_WAIT,1789467955184,1789467955184,0,000000000000B1C3,1,32,MAIN_LOW32_HELPER_HIGH32,NOT_AVAILABLE
DE5 [1-11.2],59,59,LATENCY,1789467955184,1789467955184,0,0000F0010000F001,1,32,MAIN_LOW32_HELPER_HIGH32,NOT_AVAILABLE
DE5 [1-11.2],59,60,FAILURE,1789467955184,1789467955184,0,0,1,32,MAIN_LOW32_HELPER_HIGH32,NOT_AVAILABLE
DE5 [1-11.2],59,61,FIRST_LOSS,1789467955184,1789467955185,1,0450C80200000000,1,32,MAIN_LOW32_HELPER_HIGH32,NOT_AVAILABLE
DE5 [1-11.2],60,52,STATUS,1789467956462,1789467956462,0,4012A99B0E5A000D,1,32,MAIN_LOW32_HELPER_HIGH32,NOT_AVAILABLE
DE5 [1-11.2],60,53,PENDING,1789467956462,1789467956463,1,00000D3C0000FF30,1,32,MAIN_LOW32_HELPER_HIGH32,NOT_AVAILABLE
DE5 [1-11.2],60,54,START,1789467956463,1789467956463,0,000033620000E4D8,1,32,MAIN_LOW32_HELPER_HIGH32,NOT_AVAILABLE
DE5 [1-11.2],60,55,COMPLETED,1789467956463,1789467956463,0,000033620000E4D8,1,32,MAIN_LOW32_HELPER_HIGH32,NOT_AVAILABLE
DE5 [1-11.2],60,56,FAILED,1789467956463,1789467956464,1,0,1,32,MAIN_LOW32_HELPER_HIGH32,NOT_AVAILABLE
DE5 [1-11.2],60,57,MAX_WAIT,1789467956464,1789467956464,0,FFC84E00000DF3C2,1,32,MAIN_LOW32_HELPER_HIGH32,NOT_AVAILABLE
DE5 [1-11.2],60,58,CURRENT_WAIT,1789467956464,1789467956464,0,000000000000BC67,1,32,MAIN_LOW32_HELPER_HIGH32,NOT_AVAILABLE
DE5 [1-11.2],60,59,LATENCY,1789467956464,1789467956465,1,0000F0010000F001,1,32,MAIN_LOW32_HELPER_HIGH32,NOT_AVAILABLE
DE5 [1-11.2],60,60,FAILURE,1789467956465,1789467956465,0,0,1,32,MAIN_LOW32_HELPER_HIGH32,NOT_AVAILABLE
DE5 [1-11.2],60,61,FIRST_LOSS,1789467956465,1789467956465,0,0460EC0200000000,1,32,MAIN_LOW32_HELPER_HIGH32,NOT_AVAILABLE
DE5 [1-11.2],61,52,STATUS,1789467957798,1789467957799,1,440E51DE1B9C000D,1,32,MAIN_LOW32_HELPER_HIGH32,NOT_AVAILABLE
DE5 [1-11.2],61,53,PENDING,1789467957799,1789467957799,0,00000D3C00010344,1,32,MAIN_LOW32_HELPER_HIGH32,NOT_AVAILABLE
DE5 [1-11.2],61,54,START,1789467957799,1789467957799,0,000033B60000E8BA,1,32,MAIN_LOW32_HELPER_HIGH32,NOT_AVAILABLE
DE5 [1-11.2],61,55,COMPLETED,1789467957799,1789467957800,1,000033B60000E8B9,1,32,MAIN_LOW32_HELPER_HIGH32,NOT_AVAILABLE
DE5 [1-11.2],61,56,FAILED,1789467957800,1789467957800,0,0,1,32,MAIN_LOW32_HELPER_HIGH32,NOT_AVAILABLE
DE5 [1-11.2],61,57,MAX_WAIT,1789467957800,1789467957800,0,FFC84E00000DF3C2,1,32,MAIN_LOW32_HELPER_HIGH32,NOT_AVAILABLE
DE5 [1-11.2],61,58,CURRENT_WAIT,1789467957800,1789467957801,1,0,1,32,MAIN_LOW32_HELPER_HIGH32,NOT_AVAILABLE
DE5 [1-11.2],61,59,LATENCY,1789467957801,1789467957801,0,0000F0010000F001,1,32,MAIN_LOW32_HELPER_HIGH32,NOT_AVAILABLE
DE5 [1-11.2],61,60,FAILURE,1789467957801,1789467957801,0,0,1,32,MAIN_LOW32_HELPER_HIGH32,NOT_AVAILABLE
DE5 [1-11.2],61,61,FIRST_LOSS,1789467957801,1789467957802,1,0471C00200000000,1,32,MAIN_LOW32_HELPER_HIGH32,NOT_AVAILABLE
DE5 [1-11.2],62,52,STATUS,1789467959104,1789467959104,0,47F29E1B231A000D,1,32,MAIN_LOW32_HELPER_HIGH32,NOT_AVAILABLE
DE5 [1-11.2],62,53,PENDING,1789467959105,1789467959105,0,00000D3C00010736,1,32,MAIN_LOW32_HELPER_HIGH32,NOT_AVAILABLE
DE5 [1-11.2],62,54,START,1789467959105,1789467959105,0,000034210000EC6C,1,32,MAIN_LOW32_HELPER_HIGH32,NOT_AVAILABLE
DE5 [1-11.2],62,55,COMPLETED,1789467959105,1789467959106,1,000034210000EC6C,1,32,MAIN_LOW32_HELPER_HIGH32,NOT_AVAILABLE
DE5 [1-11.2],62,56,FAILED,1789467959106,1789467959106,0,0,1,32,MAIN_LOW32_HELPER_HIGH32,NOT_AVAILABLE
DE5 [1-11.2],62,57,MAX_WAIT,1789467959106,1789467959106,0,FFC84E00000DF3C2,1,32,MAIN_LOW32_HELPER_HIGH32,NOT_AVAILABLE
DE5 [1-11.2],62,58,CURRENT_WAIT,1789467959106,1789467959107,1,0000000000008E9E,1,32,MAIN_LOW32_HELPER_HIGH32,NOT_AVAILABLE
DE5 [1-11.2],62,59,LATENCY,1789467959107,1789467959107,0,0000F0010000F001,1,32,MAIN_LOW32_HELPER_HIGH32,NOT_AVAILABLE
DE5 [1-11.2],62,60,FAILURE,1789467959107,1789467959107,0,0,1,32,MAIN_LOW32_HELPER_HIGH32,NOT_AVAILABLE
DE5 [1-11.2],62,61,FIRST_LOSS,1789467959107,1789467959107,0,482380200000000,1,32,MAIN_LOW32_HELPER_HIGH32,NOT_AVAILABLE
DE5 [1-11.2],63,52,STATUS,1789467960375,1789467960376,1,4BBC5D46235E000D,1,32,MAIN_LOW32_HELPER_HIGH32,NOT_AVAILABLE
DE5 [1-11.2],63,53,PENDING,1789467960376,1789467960376,0,00000D3C00010B20,1,32,MAIN_LOW32_HELPER_HIGH32,NOT_AVAILABLE
DE5 [1-11.2],63,54,START,1789467960376,1789467960376,0,0000346A0000F025,1,32,MAIN_LOW32_HELPER_HIGH32,NOT_AVAILABLE
DE5 [1-11.2],63,55,COMPLETED,1789467960376,1789467960377,1,0000346A0000F024,1,32,MAIN_LOW32_HELPER_HIGH32,NOT_AVAILABLE
DE5 [1-11.2],63,56,FAILED,1789467960377,1789467960377,0,0,1,32,MAIN_LOW32_HELPER_HIGH32,NOT_AVAILABLE
DE5 [1-11.2],63,57,MAX_WAIT,1789467960377,1789467960377,0,FFC84E00000DF3C2,1,32,MAIN_LOW32_HELPER_HIGH32,NOT_AVAILABLE
DE5 [1-11.2],63,58,CURRENT_WAIT,1789467960377,1789467960378,1,529,1,32,MAIN_LOW32_HELPER_HIGH32,NOT_AVAILABLE
DE5 [1-11.2],63,59,LATENCY,1789467960378,1789467960378,0,0000F0010000F001,1,32,MAIN_LOW32_HELPER_HIGH32,NOT_AVAILABLE
DE5 [1-11.2],63,60,FAILURE,1789467960378,1789467960378,0,0,1,32,MAIN_LOW32_HELPER_HIGH32,NOT_AVAILABLE
DE5 [1-11.2],63,61,FIRST_LOSS,1789467960378,1789467960378,0,04923C0200000000,1,32,MAIN_LOW32_HELPER_HIGH32,NOT_AVAILABLE
DE5 [1-11.2],64,52,STATUS,1789467961670,1789467961670,0,4F980289241A000C,1,32,MAIN_LOW32_HELPER_HIGH32,NOT_AVAILABLE
DE5 [1-11.2],64,53,PENDING,1789467961670,1789467961670,0,00000D3C00010ED5,1,32,MAIN_LOW32_HELPER_HIGH32,NOT_AVAILABLE
DE5 [1-11.2],64,54,START,1789467961671,1789467961671,0,0000352D0000F364,1,32,MAIN_LOW32_HELPER_HIGH32,NOT_AVAILABLE
DE5 [1-11.2],64,55,COMPLETED,1789467961671,1789467961671,0,0000352D0000F363,1,32,MAIN_LOW32_HELPER_HIGH32,NOT_AVAILABLE
DE5 [1-11.2],64,56,FAILED,1789467961671,1789467961671,0,0,1,32,MAIN_LOW32_HELPER_HIGH32,NOT_AVAILABLE
DE5 [1-11.2],64,57,MAX_WAIT,1789467961671,1789467961672,1,FFC84E00000DF3C2,1,32,MAIN_LOW32_HELPER_HIGH32,NOT_AVAILABLE
DE5 [1-11.2],64,58,CURRENT_WAIT,1789467961672,1789467961672,0,000000000000711C,1,32,MAIN_LOW32_HELPER_HIGH32,NOT_AVAILABLE
DE5 [1-11.2],64,59,LATENCY,1789467961672,1789467961672,0,0000F0010000F001,1,32,MAIN_LOW32_HELPER_HIGH32,NOT_AVAILABLE
DE5 [1-11.2],64,60,FAILURE,1789467961672,1789467961673,1,0,1,32,MAIN_LOW32_HELPER_HIGH32,NOT_AVAILABLE
DE5 [1-11.2],64,61,FIRST_LOSS,1789467961673,1789467961673,0,04A2480200000000,1,32,MAIN_LOW32_HELPER_HIGH32,NOT_AVAILABLE
DE5 [1-11.2],65,52,STATUS,1789467962955,1789467962955,0,536C3A8626DC000D,1,32,MAIN_LOW32_HELPER_HIGH32,NOT_AVAILABLE
DE5 [1-11.2],65,53,PENDING,1789467962955,1789467962955,0,00000D3C000112C8,1,32,MAIN_LOW32_HELPER_HIGH32,NOT_AVAILABLE
DE5 [1-11.2],65,54,START,1789467962955,1789467962956,1,000035860000F716,1,32,MAIN_LOW32_HELPER_HIGH32,NOT_AVAILABLE
DE5 [1-11.2],65,55,COMPLETED,1789467962956,1789467962956,0,000035860000F716,1,32,MAIN_LOW32_HELPER_HIGH32,NOT_AVAILABLE
DE5 [1-11.2],65,56,FAILED,1789467962956,1789467962956,0,0,1,32,MAIN_LOW32_HELPER_HIGH32,NOT_AVAILABLE
DE5 [1-11.2],65,57,MAX_WAIT,1789467962956,1789467962957,1,FFC84E00000DF3C2,1,32,MAIN_LOW32_HELPER_HIGH32,NOT_AVAILABLE
DE5 [1-11.2],65,58,CURRENT_WAIT,1789467962957,1789467962957,0,000000000000C6E5,1,32,MAIN_LOW32_HELPER_HIGH32,NOT_AVAILABLE
DE5 [1-11.2],65,59,LATENCY,1789467962957,1789467962957,0,0000F0010000F001,1,32,MAIN_LOW32_HELPER_HIGH32,NOT_AVAILABLE
DE5 [1-11.2],65,60,FAILURE,1789467962957,1789467962957,0,0,1,32,MAIN_LOW32_HELPER_HIGH32,NOT_AVAILABLE
DE5 [1-11.2],65,61,FIRST_LOSS,1789467962957,1789467962958,1,04B2740200000000,1,32,MAIN_LOW32_HELPER_HIGH32,NOT_AVAILABLE
DE5 [1-11.2],66,52,STATUS,1789467964282,1789467964282,0,5760BD7732DE000D,1,32,MAIN_LOW32_HELPER_HIGH32,NOT_AVAILABLE
DE5 [1-11.2],66,53,PENDING,1789467964282,1789467964282,0,00000D3C000116B4,1,32,MAIN_LOW32_HELPER_HIGH32,NOT_AVAILABLE
DE5 [1-11.2],66,54,START,1789467964283,1789467964283,0,000036330000FA9A,1,32,MAIN_LOW32_HELPER_HIGH32,NOT_AVAILABLE
DE5 [1-11.2],66,55,COMPLETED,1789467964283,1789467964283,0,000036330000FA99,1,32,MAIN_LOW32_HELPER_HIGH32,NOT_AVAILABLE
DE5 [1-11.2],66,56,FAILED,1789467964283,1789467964284,1,0,1,32,MAIN_LOW32_HELPER_HIGH32,NOT_AVAILABLE
DE5 [1-11.2],66,57,MAX_WAIT,1789467964284,1789467964284,0,FFC84E00000DF3C2,1,32,MAIN_LOW32_HELPER_HIGH32,NOT_AVAILABLE
DE5 [1-11.2],66,58,CURRENT_WAIT,1789467964284,1789467964284,0,0000000000007A3F,1,32,MAIN_LOW32_HELPER_HIGH32,NOT_AVAILABLE
DE5 [1-11.2],66,59,LATENCY,1789467964284,1789467964285,1,0000F0010000F001,1,32,MAIN_LOW32_HELPER_HIGH32,NOT_AVAILABLE
DE5 [1-11.2],66,60,FAILURE,1789467964285,1789467964285,0,0,1,32,MAIN_LOW32_HELPER_HIGH32,NOT_AVAILABLE
DE5 [1-11.2],66,61,FIRST_LOSS,1789467964285,1789467964285,0,04C3380200000000,1,32,MAIN_LOW32_HELPER_HIGH32,NOT_AVAILABLE
DE5 [1-11.2],67,52,STATUS,1789467965569,1789467965569,0,5B36B3772F1C000D,1,32,MAIN_LOW32_HELPER_HIGH32,NOT_AVAILABLE
DE5 [1-11.2],67,53,PENDING,1789467965569,1789467965569,0,00000D3C00011A71,1,32,MAIN_LOW32_HELPER_HIGH32,NOT_AVAILABLE
DE5 [1-11.2],67,54,START,1789467965570,1789467965570,0,000036E60000FDD8,1,32,MAIN_LOW32_HELPER_HIGH32,NOT_AVAILABLE
DE5 [1-11.2],67,55,COMPLETED,1789467965570,1789467965570,0,000036E60000FDD7,1,32,MAIN_LOW32_HELPER_HIGH32,NOT_AVAILABLE
DE5 [1-11.2],67,56,FAILED,1789467965570,1789467965571,1,0,1,32,MAIN_LOW32_HELPER_HIGH32,NOT_AVAILABLE
DE5 [1-11.2],67,57,MAX_WAIT,1789467965571,1789467965571,0,FFC84E00000DF3C2,1,32,MAIN_LOW32_HELPER_HIGH32,NOT_AVAILABLE
DE5 [1-11.2],67,58,CURRENT_WAIT,1789467965571,1789467965571,0,0,1,32,MAIN_LOW32_HELPER_HIGH32,NOT_AVAILABLE
DE5 [1-11.2],67,59,LATENCY,1789467965571,1789467965571,0,0000F0010000F001,1,32,MAIN_LOW32_HELPER_HIGH32,NOT_AVAILABLE
DE5 [1-11.2],67,60,FAILURE,1789467965571,1789467965572,1,0,1,32,MAIN_LOW32_HELPER_HIGH32,NOT_AVAILABLE
DE5 [1-11.2],67,61,FIRST_LOSS,1789467965572,1789467965572,0,04D2F80200000000,1,32,MAIN_LOW32_HELPER_HIGH32,NOT_AVAILABLE
DE5 [1-11.2],68,52,STATUS,1789467966874,1789467966874,0,5F1A68F7369C000D,1,32,MAIN_LOW32_HELPER_HIGH32,NOT_AVAILABLE
DE5 [1-11.2],68,53,PENDING,1789467966874,1789467966874,0,00000D3C00011E5A,1,32,MAIN_LOW32_HELPER_HIGH32,NOT_AVAILABLE
DE5 [1-11.2],68,54,START,1789467966875,1789467966875,0,376300010179,1,32,MAIN_LOW32_HELPER_HIGH32,NOT_AVAILABLE
DE5 [1-11.2],68,55,COMPLETED,1789467966875,1789467966875,0,376300010178,1,32,MAIN_LOW32_HELPER_HIGH32,NOT_AVAILABLE
DE5 [1-11.2],68,56,FAILED,1789467966875,1789467966876,1,0,1,32,MAIN_LOW32_HELPER_HIGH32,NOT_AVAILABLE
DE5 [1-11.2],68,57,MAX_WAIT,1789467966876,1789467966876,0,FFC84E00000DF3C2,1,32,MAIN_LOW32_HELPER_HIGH32,NOT_AVAILABLE
DE5 [1-11.2],68,58,CURRENT_WAIT,1789467966876,1789467966876,0,0000000000001ED3,1,32,MAIN_LOW32_HELPER_HIGH32,NOT_AVAILABLE
DE5 [1-11.2],68,59,LATENCY,1789467966876,1789467966877,1,0000F0010000F001,1,32,MAIN_LOW32_HELPER_HIGH32,NOT_AVAILABLE
DE5 [1-11.2],68,60,FAILURE,1789467966877,1789467966877,0,0,1,32,MAIN_LOW32_HELPER_HIGH32,NOT_AVAILABLE
DE5 [1-11.2],68,61,FIRST_LOSS,1789467966877,1789467966877,0,inf,1,32,MAIN_LOW32_HELPER_HIGH32,NOT_AVAILABLE
DE5 [1-11.2],69,52,STATUS,1789467968184,1789467968184,0,6301F1F23F1C000D,1,32,MAIN_LOW32_HELPER_HIGH32,NOT_AVAILABLE
DE5 [1-11.2],69,53,PENDING,1789467968184,1789467968185,1,00000D3C0001223B,1,32,MAIN_LOW32_HELPER_HIGH32,NOT_AVAILABLE
DE5 [1-11.2],69,54,START,1789467968185,1789467968185,0,000037EA00010514,1,32,MAIN_LOW32_HELPER_HIGH32,NOT_AVAILABLE
DE5 [1-11.2],69,55,COMPLETED,1789467968185,1789467968185,0,inf,1,32,MAIN_LOW32_HELPER_HIGH32,NOT_AVAILABLE
DE5 [1-11.2],69,56,FAILED,1789467968186,1789467968186,0,0,1,32,MAIN_LOW32_HELPER_HIGH32,NOT_AVAILABLE
DE5 [1-11.2],69,57,MAX_WAIT,1789467968186,1789467968186,0,FFC84E00000DF3C2,1,32,MAIN_LOW32_HELPER_HIGH32,NOT_AVAILABLE
DE5 [1-11.2],69,58,CURRENT_WAIT,1789467968186,1789467968186,0,000000000000F0C1,1,32,MAIN_LOW32_HELPER_HIGH32,NOT_AVAILABLE
DE5 [1-11.2],69,59,LATENCY,1789467968186,1789467968187,1,0000F0010000F001,1,32,MAIN_LOW32_HELPER_HIGH32,NOT_AVAILABLE
DE5 [1-11.2],69,60,FAILURE,1789467968187,1789467968187,0,0,1,32,MAIN_LOW32_HELPER_HIGH32,NOT_AVAILABLE
DE5 [1-11.2],69,61,FIRST_LOSS,1789467968187,1789467968187,0,04F3F80200000000,1,32,MAIN_LOW32_HELPER_HIGH32,NOT_AVAILABLE
DE5 [1-11.2],70,52,STATUS,1789467969462,1789467969462,0,66D0BD85401C000D,1,32,MAIN_LOW32_HELPER_HIGH32,NOT_AVAILABLE
DE5 [1-11.2],70,53,PENDING,1789467969462,1789467969462,0,00000D3C00012628,1,32,MAIN_LOW32_HELPER_HIGH32,NOT_AVAILABLE
DE5 [1-11.2],70,54,START,1789467969462,1789467969463,1,00003836000108CB,1,32,MAIN_LOW32_HELPER_HIGH32,NOT_AVAILABLE
DE5 [1-11.2],70,55,COMPLETED,1789467969463,1789467969463,0,00003836000108CB,1,32,MAIN_LOW32_HELPER_HIGH32,NOT_AVAILABLE
DE5 [1-11.2],70,56,FAILED,1789467969463,1789467969463,0,0,1,32,MAIN_LOW32_HELPER_HIGH32,NOT_AVAILABLE
DE5 [1-11.2],70,57,MAX_WAIT,1789467969463,1789467969464,1,FFC84E00000DF3C2,1,32,MAIN_LOW32_HELPER_HIGH32,NOT_AVAILABLE
DE5 [1-11.2],70,58,CURRENT_WAIT,1789467969464,1789467969464,0,000000000000BB12,1,32,MAIN_LOW32_HELPER_HIGH32,NOT_AVAILABLE
DE5 [1-11.2],70,59,LATENCY,1789467969464,1789467969464,0,0000F0010000F001,1,32,MAIN_LOW32_HELPER_HIGH32,NOT_AVAILABLE
DE5 [1-11.2],70,60,FAILURE,1789467969464,1789467969465,1,0,1,32,MAIN_LOW32_HELPER_HIGH32,NOT_AVAILABLE
DE5 [1-11.2],70,61,FIRST_LOSS,1789467969465,1789467969465,0,504080200000000,1,32,MAIN_LOW32_HELPER_HIGH32,NOT_AVAILABLE
DE5 [1-11.2],71,52,STATUS,1789467970746,1789467970746,0,6AA422D13A500008,1,32,MAIN_LOW32_HELPER_HIGH32,NOT_AVAILABLE
DE5 [1-11.2],71,53,PENDING,1789467970746,1789467970746,0,00000D3C00012A03,1,32,MAIN_LOW32_HELPER_HIGH32,NOT_AVAILABLE
DE5 [1-11.2],71,54,START,1789467970746,1789467970746,0,0000389B00010C4F,1,32,MAIN_LOW32_HELPER_HIGH32,NOT_AVAILABLE
DE5 [1-11.2],71,55,COMPLETED,1789467970746,1789467970747,1,0000389B00010C4E,1,32,MAIN_LOW32_HELPER_HIGH32,NOT_AVAILABLE
DE5 [1-11.2],71,56,FAILED,1789467970747,1789467970747,0,0,1,32,MAIN_LOW32_HELPER_HIGH32,NOT_AVAILABLE
DE5 [1-11.2],71,57,MAX_WAIT,1789467970747,1789467970747,0,FFC84E00000DF3C2,1,32,MAIN_LOW32_HELPER_HIGH32,NOT_AVAILABLE
DE5 [1-11.2],71,58,CURRENT_WAIT,1789467970747,1789467970748,1,0000000000006C43,1,32,MAIN_LOW32_HELPER_HIGH32,NOT_AVAILABLE
DE5 [1-11.2],71,59,LATENCY,1789467970748,1789467970748,0,0000F0010000F001,1,32,MAIN_LOW32_HELPER_HIGH32,NOT_AVAILABLE
DE5 [1-11.2],71,60,FAILURE,1789467970748,1789467970748,0,0,1,32,MAIN_LOW32_HELPER_HIGH32,NOT_AVAILABLE
DE5 [1-11.2],71,61,FIRST_LOSS,1789467970748,1789467970749,1,0513AC0200000000,1,32,MAIN_LOW32_HELPER_HIGH32,NOT_AVAILABLE
DE5 [1-11.2],72,52,STATUS,1789467972053,1789467972053,0,6E895DF3421E000D,1,32,MAIN_LOW32_HELPER_HIGH32,NOT_AVAILABLE
DE5 [1-11.2],72,53,PENDING,1789467972053,1789467972053,0,00000D3C00012DCC,1,32,MAIN_LOW32_HELPER_HIGH32,NOT_AVAILABLE
DE5 [1-11.2],72,54,START,1789467972053,1789467972054,1,0000394600010FC4,1,32,MAIN_LOW32_HELPER_HIGH32,NOT_AVAILABLE
DE5 [1-11.2],72,55,COMPLETED,1789467972054,1789467972054,0,0000394600010FC3,1,32,MAIN_LOW32_HELPER_HIGH32,NOT_AVAILABLE
DE5 [1-11.2],72,56,FAILED,1789467972054,1789467972054,0,0,1,32,MAIN_LOW32_HELPER_HIGH32,NOT_AVAILABLE
DE5 [1-11.2],72,57,MAX_WAIT,1789467972054,1789467972055,1,FFC84E00000DF3C2,1,32,MAIN_LOW32_HELPER_HIGH32,NOT_AVAILABLE
DE5 [1-11.2],72,58,CURRENT_WAIT,1789467972055,1789467972055,0,0000000000005AEA,1,32,MAIN_LOW32_HELPER_HIGH32,NOT_AVAILABLE
DE5 [1-11.2],72,59,LATENCY,1789467972055,1789467972055,0,0000F0010000F001,1,32,MAIN_LOW32_HELPER_HIGH32,NOT_AVAILABLE
DE5 [1-11.2],72,60,FAILURE,1789467972055,1789467972056,1,0,1,32,MAIN_LOW32_HELPER_HIGH32,NOT_AVAILABLE
DE5 [1-11.2],72,61,FIRST_LOSS,1789467972056,1789467972056,0,05242C0200000000,1,32,MAIN_LOW32_HELPER_HIGH32,NOT_AVAILABLE
DE5 [1-11.2],73,52,STATUS,1789467973366,1789467973366,0,72734F3D4A9E000D,1,32,MAIN_LOW32_HELPER_HIGH32,NOT_AVAILABLE
DE5 [1-11.2],73,53,PENDING,1789467973366,1789467973366,0,00000D3C000131E7,1,32,MAIN_LOW32_HELPER_HIGH32,NOT_AVAILABLE
DE5 [1-11.2],73,54,START,1789467973367,1789467973367,0,00003979000113B3,1,32,MAIN_LOW32_HELPER_HIGH32,NOT_AVAILABLE
DE5 [1-11.2],73,55,COMPLETED,1789467973367,1789467973367,0,00003979000113B2,1,32,MAIN_LOW32_HELPER_HIGH32,NOT_AVAILABLE
DE5 [1-11.2],73,56,FAILED,1789467973367,1789467973368,1,0,1,32,MAIN_LOW32_HELPER_HIGH32,NOT_AVAILABLE
DE5 [1-11.2],73,57,MAX_WAIT,1789467973368,1789467973368,0,FFC84E00000DF3C2,1,32,MAIN_LOW32_HELPER_HIGH32,NOT_AVAILABLE
DE5 [1-11.2],73,58,CURRENT_WAIT,1789467973368,1789467973368,0,0000000000004E6D,1,32,MAIN_LOW32_HELPER_HIGH32,NOT_AVAILABLE
DE5 [1-11.2],73,59,LATENCY,1789467973368,1789467973369,1,0000F0010000F001,1,32,MAIN_LOW32_HELPER_HIGH32,NOT_AVAILABLE
DE5 [1-11.2],73,60,FAILURE,1789467973369,1789467973369,0,0,1,32,MAIN_LOW32_HELPER_HIGH32,NOT_AVAILABLE
DE5 [1-11.2],73,61,FIRST_LOSS,1789467973369,1789467973369,0,0534B40200000000,1,32,MAIN_LOW32_HELPER_HIGH32,NOT_AVAILABLE
DE5 [1-11.2],74,52,STATUS,1789467974708,1789467974709,1,76737319585A000D,1,32,MAIN_LOW32_HELPER_HIGH32,NOT_AVAILABLE
DE5 [1-11.2],74,53,PENDING,1789467974709,1789467974709,0,00000D3C00013611,1,32,MAIN_LOW32_HELPER_HIGH32,NOT_AVAILABLE
DE5 [1-11.2],74,54,START,1789467974709,1789467974709,0,000039C70001179B,1,32,MAIN_LOW32_HELPER_HIGH32,NOT_AVAILABLE
DE5 [1-11.2],74,55,COMPLETED,1789467974709,1789467974710,1,000039C70001179B,1,32,MAIN_LOW32_HELPER_HIGH32,NOT_AVAILABLE
DE5 [1-11.2],74,56,FAILED,1789467974710,1789467974710,0,0,1,32,MAIN_LOW32_HELPER_HIGH32,NOT_AVAILABLE
DE5 [1-11.2],74,57,MAX_WAIT,1789467974710,1789467974710,0,FFC84E00000DF3C2,1,32,MAIN_LOW32_HELPER_HIGH32,NOT_AVAILABLE
DE5 [1-11.2],74,58,CURRENT_WAIT,1789467974710,1789467974711,1,000000000000851F,1,32,MAIN_LOW32_HELPER_HIGH32,NOT_AVAILABLE
DE5 [1-11.2],74,59,LATENCY,1789467974711,1789467974711,0,0000F0010000F001,1,32,MAIN_LOW32_HELPER_HIGH32,NOT_AVAILABLE
DE5 [1-11.2],74,60,FAILURE,1789467974711,1789467974711,0,0,1,32,MAIN_LOW32_HELPER_HIGH32,NOT_AVAILABLE
DE5 [1-11.2],74,61,FIRST_LOSS,1789467974711,1789467974712,1,05458C0200000000,1,32,MAIN_LOW32_HELPER_HIGH32,NOT_AVAILABLE
DE5 [1-11.2],75,52,STATUS,1789467975981,1789467975982,1,7A3EA42D589A000D,1,32,MAIN_LOW32_HELPER_HIGH32,NOT_AVAILABLE
DE5 [1-11.2],75,53,PENDING,1789467975982,1789467975982,0,00000D3C000139E1,1,32,MAIN_LOW32_HELPER_HIGH32,NOT_AVAILABLE
DE5 [1-11.2],75,54,START,1789467975982,1789467975982,0,00003A3300011B30,1,32,MAIN_LOW32_HELPER_HIGH32,NOT_AVAILABLE
DE5 [1-11.2],75,55,COMPLETED,1789467975982,1789467975983,1,00003A3300011B30,1,32,MAIN_LOW32_HELPER_HIGH32,NOT_AVAILABLE
DE5 [1-11.2],75,56,FAILED,1789467975983,1789467975983,0,0,1,32,MAIN_LOW32_HELPER_HIGH32,NOT_AVAILABLE
DE5 [1-11.2],75,57,MAX_WAIT,1789467975983,1789467975983,0,FFC84E00000DF3C2,1,32,MAIN_LOW32_HELPER_HIGH32,NOT_AVAILABLE
DE5 [1-11.2],75,58,CURRENT_WAIT,1789467975983,1789467975984,1,000000000000ACCC,1,32,MAIN_LOW32_HELPER_HIGH32,NOT_AVAILABLE
DE5 [1-11.2],75,59,LATENCY,1789467975984,1789467975984,0,0000F0010000F001,1,32,MAIN_LOW32_HELPER_HIGH32,NOT_AVAILABLE
DE5 [1-11.2],75,60,FAILURE,1789467975984,1789467975984,0,0,1,32,MAIN_LOW32_HELPER_HIGH32,NOT_AVAILABLE
DE5 [1-11.2],75,61,FIRST_LOSS,1789467975984,1789467975985,1,555900200000000,1,32,MAIN_LOW32_HELPER_HIGH32,NOT_AVAILABLE
DE5 [1-11.2],76,52,STATUS,1789467977352,1789467977352,0,7E547CD06DDC0005,1,32,MAIN_LOW32_HELPER_HIGH32,NOT_AVAILABLE
DE5 [1-11.2],76,53,PENDING,1789467977352,1789467977353,1,00000D3C00013DFD,1,32,MAIN_LOW32_HELPER_HIGH32,NOT_AVAILABLE
DE5 [1-11.2],76,54,START,1789467977353,1789467977353,0,00003AC300011EF6,1,32,MAIN_LOW32_HELPER_HIGH32,NOT_AVAILABLE
DE5 [1-11.2],76,55,COMPLETED,1789467977353,1789467977353,0,00003AC300011EF5,1,32,MAIN_LOW32_HELPER_HIGH32,NOT_AVAILABLE
DE5 [1-11.2],76,56,FAILED,1789467977353,1789467977354,1,0,1,32,MAIN_LOW32_HELPER_HIGH32,NOT_AVAILABLE
DE5 [1-11.2],76,57,MAX_WAIT,1789467977354,1789467977354,0,FFC84E00000DF3C2,1,32,MAIN_LOW32_HELPER_HIGH32,NOT_AVAILABLE
DE5 [1-11.2],76,58,CURRENT_WAIT,1789467977354,1789467977354,0,0,1,32,MAIN_LOW32_HELPER_HIGH32,NOT_AVAILABLE
DE5 [1-11.2],76,59,LATENCY,1789467977354,1789467977355,1,0000F0010000F001,1,32,MAIN_LOW32_HELPER_HIGH32,NOT_AVAILABLE
DE5 [1-11.2],76,60,FAILURE,1789467977355,1789467977355,0,0,1,32,MAIN_LOW32_HELPER_HIGH32,NOT_AVAILABLE
DE5 [1-11.2],76,61,FIRST_LOSS,1789467977355,1789467977355,0,inf,1,32,MAIN_LOW32_HELPER_HIGH32,NOT_AVAILABLE
DE5 [1-11.2],77,52,STATUS,1789467978694,1789467978694,0,825447736B1C000D,1,32,MAIN_LOW32_HELPER_HIGH32,NOT_AVAILABLE
DE5 [1-11.2],77,53,PENDING,1789467978694,1789467978694,0,00000D3C000141DF,1,32,MAIN_LOW32_HELPER_HIGH32,NOT_AVAILABLE
DE5 [1-11.2],77,54,START,1789467978695,1789467978695,0,00003B5400012259,1,32,MAIN_LOW32_HELPER_HIGH32,NOT_AVAILABLE
DE5 [1-11.2],77,55,COMPLETED,1789467978695,1789467978695,0,00003B5400012259,1,32,MAIN_LOW32_HELPER_HIGH32,NOT_AVAILABLE
DE5 [1-11.2],77,56,FAILED,1789467978695,1789467978696,1,0,1,32,MAIN_LOW32_HELPER_HIGH32,NOT_AVAILABLE
DE5 [1-11.2],77,57,MAX_WAIT,1789467978696,1789467978696,0,FFC84E00000DF3C2,1,32,MAIN_LOW32_HELPER_HIGH32,NOT_AVAILABLE
DE5 [1-11.2],77,58,CURRENT_WAIT,1789467978696,1789467978696,0,0,1,32,MAIN_LOW32_HELPER_HIGH32,NOT_AVAILABLE
DE5 [1-11.2],77,59,LATENCY,1789467978696,1789467978696,0,0000F0010000F001,1,32,MAIN_LOW32_HELPER_HIGH32,NOT_AVAILABLE
DE5 [1-11.2],77,60,FAILURE,1789467978696,1789467978697,1,0,1,32,MAIN_LOW32_HELPER_HIGH32,NOT_AVAILABLE
DE5 [1-11.2],77,61,FIRST_LOSS,1789467978697,1789467978697,0,0576B80200000000,1,32,MAIN_LOW32_HELPER_HIGH32,NOT_AVAILABLE
DE5 [1-11.2],78,52,STATUS,1789467980226,1789467980226,0,86E50F909F5C000D,1,32,MAIN_LOW32_HELPER_HIGH32,NOT_AVAILABLE
DE5 [1-11.2],78,53,PENDING,1789467980226,1789467980226,0,00000D3C0001467E,1,32,MAIN_LOW32_HELPER_HIGH32,NOT_AVAILABLE
DE5 [1-11.2],78,54,START,1789467980227,1789467980227,0,00003BD6000126A9,1,32,MAIN_LOW32_HELPER_HIGH32,NOT_AVAILABLE
DE5 [1-11.2],78,55,COMPLETED,1789467980227,1789467980227,0,00003BD6000126A8,1,32,MAIN_LOW32_HELPER_HIGH32,NOT_AVAILABLE
DE5 [1-11.2],78,56,FAILED,1789467980227,1789467980228,1,0,1,32,MAIN_LOW32_HELPER_HIGH32,NOT_AVAILABLE
DE5 [1-11.2],78,57,MAX_WAIT,1789467980228,1789467980228,0,FFC84E00000DF3C2,1,32,MAIN_LOW32_HELPER_HIGH32,NOT_AVAILABLE
DE5 [1-11.2],78,58,CURRENT_WAIT,1789467980228,1789467980228,0,0,1,32,MAIN_LOW32_HELPER_HIGH32,NOT_AVAILABLE
DE5 [1-11.2],78,59,LATENCY,1789467980228,1789467980228,0,0000F0010000F001,1,32,MAIN_LOW32_HELPER_HIGH32,NOT_AVAILABLE
DE5 [1-11.2],78,60,FAILURE,1789467980228,1789467980229,1,0,1,32,MAIN_LOW32_HELPER_HIGH32,NOT_AVAILABLE
DE5 [1-11.2],78,61,FIRST_LOSS,1789467980229,1789467980229,0,0589FC0200000000,1,32,MAIN_LOW32_HELPER_HIGH32,NOT_AVAILABLE
DE5 [1-11.2],79,52,STATUS,1789467981467,1789467981468,1,8A983635991C0005,1,32,MAIN_LOW32_HELPER_HIGH32,NOT_AVAILABLE
DE5 [1-11.2],79,53,PENDING,1789467981468,1789467981468,0,00000D3C00014A1E,1,32,MAIN_LOW32_HELPER_HIGH32,NOT_AVAILABLE
DE5 [1-11.2],79,54,START,1789467981468,1789467981468,0,00003C6C000129FA,1,32,MAIN_LOW32_HELPER_HIGH32,NOT_AVAILABLE
DE5 [1-11.2],79,55,COMPLETED,1789467981468,1789467981469,1,00003C6C000129F9,1,32,MAIN_LOW32_HELPER_HIGH32,NOT_AVAILABLE
DE5 [1-11.2],79,56,FAILED,1789467981469,1789467981469,0,0,1,32,MAIN_LOW32_HELPER_HIGH32,NOT_AVAILABLE
DE5 [1-11.2],79,57,MAX_WAIT,1789467981469,1789467981469,0,FFC84E00000DF3C2,1,32,MAIN_LOW32_HELPER_HIGH32,NOT_AVAILABLE
DE5 [1-11.2],79,58,CURRENT_WAIT,1789467981469,1789467981470,1,0,1,32,MAIN_LOW32_HELPER_HIGH32,NOT_AVAILABLE
DE5 [1-11.2],79,59,LATENCY,1789467981470,1789467981470,0,0000F0010000F001,1,32,MAIN_LOW32_HELPER_HIGH32,NOT_AVAILABLE
DE5 [1-11.2],79,60,FAILURE,1789467981470,1789467981470,0,0,1,32,MAIN_LOW32_HELPER_HIGH32,NOT_AVAILABLE
DE5 [1-11.2],79,61,FIRST_LOSS,1789467981470,1789467981470,0,599980200000000,1,32,MAIN_LOW32_HELPER_HIGH32,NOT_AVAILABLE
DE5 [1-11.2],80,52,STATUS,1789467982776,1789467982776,0,8E7E441C985E000D,1,32,MAIN_LOW32_HELPER_HIGH32,NOT_AVAILABLE
DE5 [1-11.2],80,53,PENDING,1789467982776,1789467982776,0,00000D3C00014E0C,1,32,MAIN_LOW32_HELPER_HIGH32,NOT_AVAILABLE
DE5 [1-11.2],80,54,START,1789467982776,1789467982777,1,00003CF200012D71,1,32,MAIN_LOW32_HELPER_HIGH32,NOT_AVAILABLE
DE5 [1-11.2],80,55,COMPLETED,1789467982777,1789467982777,0,00003CF200012D70,1,32,MAIN_LOW32_HELPER_HIGH32,NOT_AVAILABLE
DE5 [1-11.2],80,56,FAILED,1789467982777,1789467982777,0,0,1,32,MAIN_LOW32_HELPER_HIGH32,NOT_AVAILABLE
DE5 [1-11.2],80,57,MAX_WAIT,1789467982777,1789467982778,1,FFC84E00000DF3C2,1,32,MAIN_LOW32_HELPER_HIGH32,NOT_AVAILABLE
DE5 [1-11.2],80,58,CURRENT_WAIT,1789467982778,1789467982778,0,0,1,32,MAIN_LOW32_HELPER_HIGH32,NOT_AVAILABLE
DE5 [1-11.2],80,59,LATENCY,1789467982778,1789467982778,0,0000F0010000F001,1,32,MAIN_LOW32_HELPER_HIGH32,NOT_AVAILABLE
DE5 [1-11.2],80,60,FAILURE,1789467982778,1789467982779,1,0,1,32,MAIN_LOW32_HELPER_HIGH32,NOT_AVAILABLE
DE5 [1-11.2],80,61,FIRST_LOSS,1789467982779,1789467982779,0,05A98C0200000000,1,32,MAIN_LOW32_HELPER_HIGH32,NOT_AVAILABLE
DE5 [1-11.2],81,52,STATUS,1789467984082,1789467984082,0,9262E0F49C900008,1,32,MAIN_LOW32_HELPER_HIGH32,NOT_AVAILABLE
DE5 [1-11.2],81,53,PENDING,1789467984082,1789467984082,0,00000D3C0001520C,1,32,MAIN_LOW32_HELPER_HIGH32,NOT_AVAILABLE
DE5 [1-11.2],81,54,START,1789467984083,1789467984083,0,00003D580001311B,1,32,MAIN_LOW32_HELPER_HIGH32,NOT_AVAILABLE
DE5 [1-11.2],81,55,COMPLETED,1789467984083,1789467984083,0,00003D580001311A,1,32,MAIN_LOW32_HELPER_HIGH32,NOT_AVAILABLE
DE5 [1-11.2],81,56,FAILED,1789467984083,1789467984084,1,0,1,32,MAIN_LOW32_HELPER_HIGH32,NOT_AVAILABLE
DE5 [1-11.2],81,57,MAX_WAIT,1789467984084,1789467984084,0,FFC84E00000DF3C2,1,32,MAIN_LOW32_HELPER_HIGH32,NOT_AVAILABLE
DE5 [1-11.2],81,58,CURRENT_WAIT,1789467984084,1789467984084,0,8465,1,32,MAIN_LOW32_HELPER_HIGH32,NOT_AVAILABLE
DE5 [1-11.2],81,59,LATENCY,1789467984084,1789467984085,1,0000F0010000F001,1,32,MAIN_LOW32_HELPER_HIGH32,NOT_AVAILABLE
DE5 [1-11.2],81,60,FAILURE,1789467984085,1789467984085,0,0,1,32,MAIN_LOW32_HELPER_HIGH32,NOT_AVAILABLE
DE5 [1-11.2],81,61,FIRST_LOSS,1789467984085,1789467984085,0,05B9D00200000000,1,32,MAIN_LOW32_HELPER_HIGH32,NOT_AVAILABLE
DE5 [1-11.2],82,52,STATUS,1789467985372,1789467985372,0,963B1BC49F9C000D,1,32,MAIN_LOW32_HELPER_HIGH32,NOT_AVAILABLE
DE5 [1-11.2],82,53,PENDING,1789467985372,1789467985372,0,00000D3C000155E8,1,32,MAIN_LOW32_HELPER_HIGH32,NOT_AVAILABLE
DE5 [1-11.2],82,54,START,1789467985373,1789467985373,0,00003DE20001349E,1,32,MAIN_LOW32_HELPER_HIGH32,NOT_AVAILABLE
DE5 [1-11.2],82,55,COMPLETED,1789467985373,1789467985373,0,00003DE20001349D,1,32,MAIN_LOW32_HELPER_HIGH32,NOT_AVAILABLE
DE5 [1-11.2],82,56,FAILED,1789467985373,1789467985374,1,0,1,32,MAIN_LOW32_HELPER_HIGH32,NOT_AVAILABLE
DE5 [1-11.2],82,57,MAX_WAIT,1789467985374,1789467985374,0,FFC84E00000DF3C2,1,32,MAIN_LOW32_HELPER_HIGH32,NOT_AVAILABLE
DE5 [1-11.2],82,58,CURRENT_WAIT,1789467985374,1789467985374,0,000000000000048F,1,32,MAIN_LOW32_HELPER_HIGH32,NOT_AVAILABLE
DE5 [1-11.2],82,59,LATENCY,1789467985374,1789467985375,1,0000F0010000F001,1,32,MAIN_LOW32_HELPER_HIGH32,NOT_AVAILABLE
DE5 [1-11.2],82,60,FAILURE,1789467985375,1789467985375,0,0,1,32,MAIN_LOW32_HELPER_HIGH32,NOT_AVAILABLE
DE5 [1-11.2],82,61,FIRST_LOSS,1789467985375,1789467985375,0,05CA000200000000,1,32,MAIN_LOW32_HELPER_HIGH32,NOT_AVAILABLE
DE5 [1-11.2],83,52,STATUS,1789467986702,1789467986703,1,9A324740AB9C000D,1,32,MAIN_LOW32_HELPER_HIGH32,NOT_AVAILABLE
DE5 [1-11.2],83,53,PENDING,1789467986703,1789467986703,0,00000D3C000159E3,1,32,MAIN_LOW32_HELPER_HIGH32,NOT_AVAILABLE
DE5 [1-11.2],83,54,START,1789467986703,1789467986704,1,00003E740001383B,1,32,MAIN_LOW32_HELPER_HIGH32,NOT_AVAILABLE
DE5 [1-11.2],83,55,COMPLETED,1789467986704,1789467986704,0,00003E740001383B,1,32,MAIN_LOW32_HELPER_HIGH32,NOT_AVAILABLE
DE5 [1-11.2],83,56,FAILED,1789467986704,1789467986704,0,0,1,32,MAIN_LOW32_HELPER_HIGH32,NOT_AVAILABLE
DE5 [1-11.2],83,57,MAX_WAIT,1789467986704,1789467986705,1,FFC84E00000DF3C2,1,32,MAIN_LOW32_HELPER_HIGH32,NOT_AVAILABLE
DE5 [1-11.2],83,58,CURRENT_WAIT,1789467986705,1789467986705,0,000000000000B750,1,32,MAIN_LOW32_HELPER_HIGH32,NOT_AVAILABLE
DE5 [1-11.2],83,59,LATENCY,1789467986705,1789467986705,0,0000F0010000F001,1,32,MAIN_LOW32_HELPER_HIGH32,NOT_AVAILABLE
DE5 [1-11.2],83,60,FAILURE,1789467986705,1789467986706,1,0,1,32,MAIN_LOW32_HELPER_HIGH32,NOT_AVAILABLE
DE5 [1-11.2],83,61,FIRST_LOSS,1789467986706,1789467986706,0,05DAC00200000000,1,32,MAIN_LOW32_HELPER_HIGH32,NOT_AVAILABLE
DE5 [1-11.2],84,52,STATUS,1789467987965,1789467987965,0,9DF55606AADC000D,1,32,MAIN_LOW32_HELPER_HIGH32,NOT_AVAILABLE
DE5 [1-11.2],84,53,PENDING,1789467987965,1789467987965,0,00000D3C00015D98,1,32,MAIN_LOW32_HELPER_HIGH32,NOT_AVAILABLE
DE5 [1-11.2],84,54,START,1789467987966,1789467987966,0,00003F0900013BA4,1,32,MAIN_LOW32_HELPER_HIGH32,NOT_AVAILABLE
DE5 [1-11.2],84,55,COMPLETED,1789467987966,1789467987966,0,00003F0900013BA3,1,32,MAIN_LOW32_HELPER_HIGH32,NOT_AVAILABLE
DE5 [1-11.2],84,56,FAILED,1789467987966,1789467987967,1,0,1,32,MAIN_LOW32_HELPER_HIGH32,NOT_AVAILABLE
DE5 [1-11.2],84,57,MAX_WAIT,1789467987967,1789467987967,0,FFC84E00000DF3C2,1,32,MAIN_LOW32_HELPER_HIGH32,NOT_AVAILABLE
DE5 [1-11.2],84,58,CURRENT_WAIT,1789467987967,1789467987967,0,0000000000001DEB,1,32,MAIN_LOW32_HELPER_HIGH32,NOT_AVAILABLE
DE5 [1-11.2],84,59,LATENCY,1789467987967,1789467987968,1,0000F0010000F001,1,32,MAIN_LOW32_HELPER_HIGH32,NOT_AVAILABLE
DE5 [1-11.2],84,60,FAILURE,1789467987968,1789467987968,0,0,1,32,MAIN_LOW32_HELPER_HIGH32,NOT_AVAILABLE
DE5 [1-11.2],84,61,FIRST_LOSS,1789467987968,1789467987968,0,05EAB40200000000,1,32,MAIN_LOW32_HELPER_HIGH32,NOT_AVAILABLE
DE5 [1-11.2],85,52,STATUS,1789467989301,1789467989301,0,A1F089EDAE5C000D,1,32,MAIN_LOW32_HELPER_HIGH32,NOT_AVAILABLE
DE5 [1-11.2],85,53,PENDING,1789467989301,1789467989301,0,00000D3C00016187,1,32,MAIN_LOW32_HELPER_HIGH32,NOT_AVAILABLE
DE5 [1-11.2],85,54,START,1789467989302,1789467989302,0,00003F9D00013F1D,1,32,MAIN_LOW32_HELPER_HIGH32,NOT_AVAILABLE
DE5 [1-11.2],85,55,COMPLETED,1789467989302,1789467989302,0,00003F9D00013F1D,1,32,MAIN_LOW32_HELPER_HIGH32,NOT_AVAILABLE
DE5 [1-11.2],85,56,FAILED,1789467989302,1789467989302,0,0,1,32,MAIN_LOW32_HELPER_HIGH32,NOT_AVAILABLE
DE5 [1-11.2],85,57,MAX_WAIT,1789467989303,1789467989303,0,FFC84E00000DF3C2,1,32,MAIN_LOW32_HELPER_HIGH32,NOT_AVAILABLE
DE5 [1-11.2],85,58,CURRENT_WAIT,1789467989303,1789467989303,0,430,1,32,MAIN_LOW32_HELPER_HIGH32,NOT_AVAILABLE
DE5 [1-11.2],85,59,LATENCY,1789467989303,1789467989303,0,0000F0010000F001,1,32,MAIN_LOW32_HELPER_HIGH32,NOT_AVAILABLE
DE5 [1-11.2],85,60,FAILURE,1789467989303,1789467989304,1,0,1,32,MAIN_LOW32_HELPER_HIGH32,NOT_AVAILABLE
DE5 [1-11.2],85,61,FIRST_LOSS,1789467989304,1789467989304,0,05FAEC0200000000,1,32,MAIN_LOW32_HELPER_HIGH32,NOT_AVAILABLE
DE5 [1-11.2],86,52,STATUS,1789467990662,1789467990663,1,A5FF672DC11A000D,1,32,MAIN_LOW32_HELPER_HIGH32,NOT_AVAILABLE
DE5 [1-11.2],86,53,PENDING,1789467990663,1789467990663,0,00000D3C000165B2,1,32,MAIN_LOW32_HELPER_HIGH32,NOT_AVAILABLE
DE5 [1-11.2],86,54,START,1789467990663,1789467990664,1,400100014304,1,32,MAIN_LOW32_HELPER_HIGH32,NOT_AVAILABLE
DE5 [1-11.2],86,55,COMPLETED,1789467990664,1789467990664,0,400100014304,1,32,MAIN_LOW32_HELPER_HIGH32,NOT_AVAILABLE
DE5 [1-11.2],86,56,FAILED,1789467990664,1789467990664,0,0,1,32,MAIN_LOW32_HELPER_HIGH32,NOT_AVAILABLE
DE5 [1-11.2],86,57,MAX_WAIT,1789467990664,1789467990665,1,FFC84E00000DF3C2,1,32,MAIN_LOW32_HELPER_HIGH32,NOT_AVAILABLE
DE5 [1-11.2],86,58,CURRENT_WAIT,1789467990665,1789467990665,0,0,1,32,MAIN_LOW32_HELPER_HIGH32,NOT_AVAILABLE
DE5 [1-11.2],86,59,LATENCY,1789467990665,1789467990665,0,0000F0010000F001,1,32,MAIN_LOW32_HELPER_HIGH32,NOT_AVAILABLE
DE5 [1-11.2],86,60,FAILURE,1789467990665,1789467990665,0,0,1,32,MAIN_LOW32_HELPER_HIGH32,NOT_AVAILABLE
DE5 [1-11.2],86,61,FIRST_LOSS,1789467990665,1789467990666,1,060C180200000000,1,32,MAIN_LOW32_HELPER_HIGH32,NOT_AVAILABLE
DE5 [1-11.2],87,52,STATUS,1789467991986,1789467991986,0,A9F0FD2BC55E000D,1,32,MAIN_LOW32_HELPER_HIGH32,NOT_AVAILABLE
DE5 [1-11.2],87,53,PENDING,1789467991986,1789467991986,0,00000D3C0001699C,1,32,MAIN_LOW32_HELPER_HIGH32,NOT_AVAILABLE
DE5 [1-11.2],87,54,START,1789467991986,1789467991987,1,000040890001468E,1,32,MAIN_LOW32_HELPER_HIGH32,NOT_AVAILABLE
DE5 [1-11.2],87,55,COMPLETED,1789467991987,1789467991987,0,000040890001468D,1,32,MAIN_LOW32_HELPER_HIGH32,NOT_AVAILABLE
DE5 [1-11.2],87,56,FAILED,1789467991987,1789467991987,0,0,1,32,MAIN_LOW32_HELPER_HIGH32,NOT_AVAILABLE
DE5 [1-11.2],87,57,MAX_WAIT,1789467991987,1789467991988,1,FFC84E00000DF3C2,1,32,MAIN_LOW32_HELPER_HIGH32,NOT_AVAILABLE
DE5 [1-11.2],87,58,CURRENT_WAIT,1789467991988,1789467991988,0,000000000000041C,1,32,MAIN_LOW32_HELPER_HIGH32,NOT_AVAILABLE
DE5 [1-11.2],87,59,LATENCY,1789467991988,1789467991988,0,0000F0010000F001,1,32,MAIN_LOW32_HELPER_HIGH32,NOT_AVAILABLE
DE5 [1-11.2],87,60,FAILURE,1789467991988,1789467991989,1,0,1,32,MAIN_LOW32_HELPER_HIGH32,NOT_AVAILABLE
DE5 [1-11.2],87,61,FIRST_LOSS,1789467991989,1789467991989,0,061C600200000000,1,32,MAIN_LOW32_HELPER_HIGH32,NOT_AVAILABLE
DE5 [1-11.2],88,52,STATUS,1789467993259,1789467993259,0,ADBC5B35C675000D,1,32,MAIN_LOW32_HELPER_HIGH32,NOT_AVAILABLE
DE5 [1-11.2],88,53,PENDING,1789467993259,1789467993259,0,00000D3C00016D87,1,32,MAIN_LOW32_HELPER_HIGH32,NOT_AVAILABLE
DE5 [1-11.2],88,54,START,1789467993260,1789467993260,0,000040D700014A44,1,32,MAIN_LOW32_HELPER_HIGH32,NOT_AVAILABLE
DE5 [1-11.2],88,55,COMPLETED,1789467993260,1789467993260,0,000040D700014A43,1,32,MAIN_LOW32_HELPER_HIGH32,NOT_AVAILABLE
DE5 [1-11.2],88,56,FAILED,1789467993260,1789467993261,1,0,1,32,MAIN_LOW32_HELPER_HIGH32,NOT_AVAILABLE
DE5 [1-11.2],88,57,MAX_WAIT,1789467993261,1789467993261,0,FFC84E00000DF3C2,1,32,MAIN_LOW32_HELPER_HIGH32,NOT_AVAILABLE
DE5 [1-11.2],88,58,CURRENT_WAIT,1789467993261,1789467993261,0,00000000000021A4,1,32,MAIN_LOW32_HELPER_HIGH32,NOT_AVAILABLE
DE5 [1-11.2],88,59,LATENCY,1789467993261,1789467993261,0,0000F0010000F001,1,32,MAIN_LOW32_HELPER_HIGH32,NOT_AVAILABLE
DE5 [1-11.2],88,60,FAILURE,1789467993262,1789467993262,0,0,1,32,MAIN_LOW32_HELPER_HIGH32,NOT_AVAILABLE
DE5 [1-11.2],88,61,FIRST_LOSS,1789467993262,1789467993262,0,062C6C0200000000,1,32,MAIN_LOW32_HELPER_HIGH32,NOT_AVAILABLE
DE5 [1-11.2],89,52,STATUS,1789467994566,1789467994566,0,B1A1B415CDDE0005,1,32,MAIN_LOW32_HELPER_HIGH32,NOT_AVAILABLE
DE5 [1-11.2],89,53,PENDING,1789467994566,1789467994567,1,00000D3C00017171,1,32,MAIN_LOW32_HELPER_HIGH32,NOT_AVAILABLE
DE5 [1-11.2],89,54,START,1789467994567,1789467994567,0,0000415D00014DDC,1,32,MAIN_LOW32_HELPER_HIGH32,NOT_AVAILABLE
DE5 [1-11.2],89,55,COMPLETED,1789467994567,1789467994567,0,0000415D00014DDB,1,32,MAIN_LOW32_HELPER_HIGH32,NOT_AVAILABLE
DE5 [1-11.2],89,56,FAILED,1789467994568,1789467994568,0,0,1,32,MAIN_LOW32_HELPER_HIGH32,NOT_AVAILABLE
DE5 [1-11.2],89,57,MAX_WAIT,1789467994568,1789467994568,0,FFC84E00000DF3C2,1,32,MAIN_LOW32_HELPER_HIGH32,NOT_AVAILABLE
DE5 [1-11.2],89,58,CURRENT_WAIT,1789467994568,1789467994569,1,0000000000002C56,1,32,MAIN_LOW32_HELPER_HIGH32,NOT_AVAILABLE
DE5 [1-11.2],89,59,LATENCY,1789467994569,1789467994569,0,0000F0010000F001,1,32,MAIN_LOW32_HELPER_HIGH32,NOT_AVAILABLE
DE5 [1-11.2],89,60,FAILURE,1789467994569,1789467994569,0,0,1,32,MAIN_LOW32_HELPER_HIGH32,NOT_AVAILABLE
DE5 [1-11.2],89,61,FIRST_LOSS,1789467994569,1789467994569,0,063CE40200000000,1,32,MAIN_LOW32_HELPER_HIGH32,NOT_AVAILABLE
DE5 [1-11.2],90,52,STATUS,1789467995837,1789467995838,1,B56B9753CE1A000C,1,32,MAIN_LOW32_HELPER_HIGH32,NOT_AVAILABLE
DE5 [1-11.2],90,53,PENDING,1789467995838,1789467995838,0,00000D3C00017552,1,32,MAIN_LOW32_HELPER_HIGH32,NOT_AVAILABLE
DE5 [1-11.2],90,54,START,1789467995838,1789467995838,0,000041C800015171,1,32,MAIN_LOW32_HELPER_HIGH32,NOT_AVAILABLE
DE5 [1-11.2],90,55,COMPLETED,1789467995838,1789467995839,1,000041C800015171,1,32,MAIN_LOW32_HELPER_HIGH32,NOT_AVAILABLE
DE5 [1-11.2],90,56,FAILED,1789467995839,1789467995839,0,0,1,32,MAIN_LOW32_HELPER_HIGH32,NOT_AVAILABLE
DE5 [1-11.2],90,57,MAX_WAIT,1789467995839,1789467995839,0,FFC84E00000DF3C2,1,32,MAIN_LOW32_HELPER_HIGH32,NOT_AVAILABLE
DE5 [1-11.2],90,58,CURRENT_WAIT,1789467995839,1789467995840,1,000000000000B88D,1,32,MAIN_LOW32_HELPER_HIGH32,NOT_AVAILABLE
DE5 [1-11.2],90,59,LATENCY,1789467995840,1789467995840,0,0000F0010000F001,1,32,MAIN_LOW32_HELPER_HIGH32,NOT_AVAILABLE
DE5 [1-11.2],90,60,FAILURE,1789467995840,1789467995840,0,0,1,32,MAIN_LOW32_HELPER_HIGH32,NOT_AVAILABLE
DE5 [1-11.2],90,61,FIRST_LOSS,1789467995840,1789467995841,1,064CE80200000000,1,32,MAIN_LOW32_HELPER_HIGH32,NOT_AVAILABLE
DE5 [1-11.2],91,52,STATUS,1789467997175,1789467997176,1,B9686077DADC000D,1,32,MAIN_LOW32_HELPER_HIGH32,NOT_AVAILABLE
DE5 [1-11.2],91,53,PENDING,1789467997176,1789467997176,0,00000D3C00017953,1,32,MAIN_LOW32_HELPER_HIGH32,NOT_AVAILABLE
DE5 [1-11.2],91,54,START,1789467997176,1789467997176,0,424700015526,1,32,MAIN_LOW32_HELPER_HIGH32,NOT_AVAILABLE
DE5 [1-11.2],91,55,COMPLETED,1789467997176,1789467997177,1,424700015525,1,32,MAIN_LOW32_HELPER_HIGH32,NOT_AVAILABLE
DE5 [1-11.2],91,56,FAILED,1789467997177,1789467997177,0,0,1,32,MAIN_LOW32_HELPER_HIGH32,NOT_AVAILABLE
DE5 [1-11.2],91,57,MAX_WAIT,1789467997177,1789467997177,0,FFC84E00000DF3C2,1,32,MAIN_LOW32_HELPER_HIGH32,NOT_AVAILABLE
DE5 [1-11.2],91,58,CURRENT_WAIT,1789467997177,1789467997178,1,000000000000036E,1,32,MAIN_LOW32_HELPER_HIGH32,NOT_AVAILABLE
DE5 [1-11.2],91,59,LATENCY,1789467997178,1789467997178,0,0000F0010000F001,1,32,MAIN_LOW32_HELPER_HIGH32,NOT_AVAILABLE
DE5 [1-11.2],91,60,FAILURE,1789467997178,1789467997178,0,0,1,32,MAIN_LOW32_HELPER_HIGH32,NOT_AVAILABLE
DE5 [1-11.2],91,61,FIRST_LOSS,1789467997178,1789467997179,1,065DB40200000000,1,32,MAIN_LOW32_HELPER_HIGH32,NOT_AVAILABLE
DE5 [1-11.2],92,52,STATUS,1789467998459,1789467998459,0,BD3B6277DD1E000D,1,32,MAIN_LOW32_HELPER_HIGH32,NOT_AVAILABLE
DE5 [1-11.2],92,53,PENDING,1789467998459,1789467998459,0,00000D3C00017D3E,1,32,MAIN_LOW32_HELPER_HIGH32,NOT_AVAILABLE
DE5 [1-11.2],92,54,START,1789467998459,1789467998460,1,000042A7000158CF,1,32,MAIN_LOW32_HELPER_HIGH32,NOT_AVAILABLE
DE5 [1-11.2],92,55,COMPLETED,1789467998460,1789467998460,0,000042A7000158CE,1,32,MAIN_LOW32_HELPER_HIGH32,NOT_AVAILABLE
DE5 [1-11.2],92,56,FAILED,1789467998460,1789467998460,0,0,1,32,MAIN_LOW32_HELPER_HIGH32,NOT_AVAILABLE
DE5 [1-11.2],92,57,MAX_WAIT,1789467998460,1789467998460,0,FFC84E00000DF3C2,1,32,MAIN_LOW32_HELPER_HIGH32,NOT_AVAILABLE
DE5 [1-11.2],92,58,CURRENT_WAIT,1789467998461,1789467998461,0,155,1,32,MAIN_LOW32_HELPER_HIGH32,NOT_AVAILABLE
DE5 [1-11.2],92,59,LATENCY,1789467998461,1789467998461,0,0000F0010000F001,1,32,MAIN_LOW32_HELPER_HIGH32,NOT_AVAILABLE
DE5 [1-11.2],92,60,FAILURE,1789467998461,1789467998461,0,0,1,32,MAIN_LOW32_HELPER_HIGH32,NOT_AVAILABLE
DE5 [1-11.2],92,61,FIRST_LOSS,1789467998461,1789467998462,1,066DD80200000000,1,32,MAIN_LOW32_HELPER_HIGH32,NOT_AVAILABLE
