DEPTH = 49152;
WIDTH = 32;
ADDRESS_RADIX = HEX;
DATA_RADIX = HEX;
CONTENT
BEGIN
0 : 02C0006F;
1 : 00000000;
2 : 0791906F;
3 : 00000000;
4 : 43505257;
5 : 2D2D2D2D;
6 : 0001B628;
7 : 0001F4DC;
8 : 00000000;
9 : 00000000;
a : 00002403;
b : 0002E297;
c : FEC28293;
d : 0002A303;
e : 424F53B7;
f : F5438393;
10 : 00731E63;
11 : 0002E297;
12 : FD828293;
13 : 0002A303;
14 : 00130313;
15 : 0062A023;
16 : 0180006F;
17 : 0072A023;
18 : 00100313;
19 : 0002E297;
1a : FB828293;
1b : 0062A023;
1c : 0002E297;
1d : F9028293;
1e : E00003B7;
1f : 0063E3B3;
20 : 0072A023;
21 : 0001F297;
22 : 51428293;
23 : 0002AE03;
24 : D00003B7;
25 : 01C3E3B3;
26 : 0002E297;
27 : F6828293;
28 : 0072A023;
29 : FFF30313;
2a : 00337313;
2b : 00231313;
2c : 0002E297;
2d : F7028293;
2e : 006282B3;
2f : 0001F397;
30 : 4DC38393;
31 : 0003AE03;
32 : 01C2A023;
33 : 0001F297;
34 : 4CC28293;
35 : 0002A303;
36 : 0002E397;
37 : F3838393;
38 : 0063A023;
39 : 00020197;
3a : C9C18193;
3b : 00030117;
3c : F1410113;
3d : 0001F297;
3e : 4BC28293;
3f : 0002E317;
40 : F0830313;
41 : 0002A023;
42 : 00428293;
43 : FE62ECE3;
44 : 0001F297;
45 : 48828293;
46 : 0002A303;
47 : 0002E397;
48 : EF838393;
49 : 0063A023;
4a : 265190EF;
4b : 00000713;
4c : 01000613;
4d : 00E507B3;
4e : 0007C783;
4f : 00E586B3;
50 : 0006C683;
51 : 00078463;
52 : 00F68663;
53 : 40D78533;
54 : 00008067;
55 : 00170713;
56 : FCC71EE3;
57 : 00000513;
58 : 00008067;
59 : 000207B7;
5a : 9B07A783;
5b : 40255513;
5c : 01051513;
5d : 00B56533;
5e : 800005B7;
5f : 0207A823;
60 : 00B56533;
61 : 02A7A623;
62 : 0307A703;
63 : FE075EE3;
64 : 00008067;
65 : 00020737;
66 : 8E872783;
67 : 8EC72703;
68 : 08E04A63;
69 : 00071463;
6a : 0807C663;
6b : FFF00693;
6c : 08D74863;
6d : 00D71663;
6e : 80000737;
6f : 08E7E263;
70 : 00020737;
71 : 9A870693;
72 : 02F6A823;
73 : 000206B7;
74 : 8E06A783;
75 : 8E46A683;
76 : 9A870713;
77 : 06D04663;
78 : 00069463;
79 : 0607C263;
7a : FFF00613;
7b : 06C6C463;
7c : 00C69663;
7d : 800006B7;
7e : 04D7EE63;
7f : 000206B7;
80 : 02F72A23;
81 : 8D86A783;
82 : 8DC6A683;
83 : 04D04863;
84 : 00069463;
85 : 0407C463;
86 : FFF00613;
87 : 04C6C663;
88 : 00C69663;
89 : 800006B7;
8a : 04D7E063;
8b : 02F72C23;
8c : 00008067;
8d : 800007B7;
8e : FFF7C793;
8f : F85FF06F;
90 : 800007B7;
91 : F7DFF06F;
92 : 800007B7;
93 : FFF7C793;
94 : FADFF06F;
95 : 800007B7;
96 : FA5FF06F;
97 : 800007B7;
98 : FFF7C793;
99 : FC9FF06F;
9a : 800007B7;
9b : FC1FF06F;
9c : 00020837;
9d : 8D082303;
9e : FFC00E13;
9f : 00000893;
a0 : 006E6863;
a1 : 00137E13;
a2 : 000E1463;
a3 : 00230893;
a4 : 0018E313;
a5 : 8C682823;
a6 : 00020337;
a7 : 8CA32623;
a8 : 00020537;
a9 : 00004337;
aa : 8C652423;
ab : 00020537;
ac : 8CB52223;
ad : 000205B7;
ae : 8CC5A023;
af : 00020637;
b0 : 8AD62E23;
b1 : 000206B7;
b2 : 8AE6AC23;
b3 : 00020737;
b4 : 8AF72A23;
b5 : 001007B7;
b6 : 22C7A683;
b7 : 00020737;
b8 : 8AD72823;
b9 : 2307A703;
ba : 000207B7;
bb : 8AE7A623;
bc : 8D182823;
bd : 00008067;
be : 00100737;
bf : 000107B7;
c0 : 22072683;
c1 : 00A797B3;
c2 : 00FF0537;
c3 : 00A7F7B3;
c4 : FFF7C793;
c5 : 00D7F7B3;
c6 : 22F72023;
c7 : 00008067;
c8 : 00900793;
c9 : 000206B7;
ca : 04F51663;
cb : 84C6C783;
cc : 0FF7F793;
cd : 02A78263;
ce : 00020737;
cf : 84872783;
d0 : 00178793;
d1 : 84F72423;
d2 : 001007B7;
d3 : 41C7A703;
d4 : 000207B7;
d5 : 84E7A223;
d6 : 00020737;
d7 : 86472603;
d8 : 00100793;
d9 : 00A797B3;
da : 00C7E7B3;
db : 86F72223;
dc : 00C0006F;
dd : 01F00793;
de : FEA7F0E3;
df : 0FF57513;
e0 : 84A68623;
e1 : 00008067;
e2 : 000207B7;
e3 : 8AA7C783;
e4 : 00C79863;
e5 : 0001F7B7;
e6 : 58B7AA23;
e7 : 00008067;
e8 : 02400793;
e9 : 02F60633;
ea : 00C50533;
eb : 00052783;
ec : 0C078263;
ed : 0001F7B7;
ee : 5947A603;
ef : 02052703;
f0 : 40C587B3;
f1 : 01279793;
f2 : 0127D693;
f3 : 01E7D793;
f4 : 02074863;
f5 : 00377713;
f6 : 40B60633;
f7 : 00370713;
f8 : 00861613;
f9 : 00865613;
fa : 01C71713;
fb : 00C76733;
fc : 81000637;
fd : 00C76733;
fe : 00100637;
ff : 24E62623;
100 : 01052703;
101 : 00071E63;
102 : 00279793;
103 : 00F52A23;
104 : 00100793;
105 : 00D52623;
106 : 00F52823;
107 : 00008067;
108 : 01452603;
109 : 00170713;
10a : 00E52823;
10b : 00C787B3;
10c : 0001B637;
10d : 00279793;
10e : B3060613;
10f : 00F607B3;
110 : 0007A783;
111 : 00F686B3;
112 : 00C52783;
113 : 00F687B3;
114 : 00852683;
115 : 00F52623;
116 : 00D71E63;
117 : 02E7C7B3;
118 : 00052623;
119 : 00052823;
11a : 00F52C23;
11b : 00100793;
11c : 00F52E23;
11d : 00008067;
11e : 0001F7B7;
11f : 7007A423;
120 : 000207B7;
121 : 8207A823;
122 : 000207B7;
123 : 8207A623;
124 : 000207B7;
125 : 8207A423;
126 : 000207B7;
127 : 8207A023;
128 : 000207B7;
129 : 8007A423;
12a : 000207B7;
12b : 8007A223;
12c : 000207B7;
12d : 8007AC23;
12e : 000207B7;
12f : 8007AA23;
130 : 000207B7;
131 : 8007A823;
132 : 000207B7;
133 : 8007A023;
134 : 0001F7B7;
135 : 7E07AE23;
136 : 000207B7;
137 : 8207A223;
138 : 000207B7;
139 : 8007AE23;
13a : 000207B7;
13b : 8007A623;
13c : 000207B7;
13d : 9A878793;
13e : 4407A423;
13f : 4407A623;
140 : 4407A823;
141 : 4407AA23;
142 : 4407AC23;
143 : 4407AE23;
144 : 4607A023;
145 : 4607A223;
146 : 4607A423;
147 : 4607A623;
148 : 4607A823;
149 : 4607AA23;
14a : 4607AC23;
14b : 4607AE23;
14c : 4807A023;
14d : 4807A223;
14e : 4807A423;
14f : 4807A623;
150 : 4807A823;
151 : 4807AA23;
152 : 4807AC23;
153 : 4807AE23;
154 : 4A07A023;
155 : 4A07A223;
156 : 4A07A423;
157 : 4A07A623;
158 : 4A07A823;
159 : 4A07AA23;
15a : 4A07AC23;
15b : 4A07AE23;
15c : 00008067;
15d : 0001F7B7;
15e : 7F87A703;
15f : 00170713;
160 : 7EE7AC23;
161 : 7F87A703;
162 : 00177713;
163 : 00071863;
164 : 7F87A703;
165 : 00170713;
166 : 7EE7AC23;
167 : 0FF0000F;
168 : 0001F737;
169 : 7E072A23;
16a : 0001F737;
16b : 7E072823;
16c : 0001F737;
16d : 7E072623;
16e : 0001F737;
16f : 7E072423;
170 : 0001F737;
171 : 7E072223;
172 : 0001F737;
173 : 7E072023;
174 : 0001F737;
175 : 7C072E23;
176 : 0001F737;
177 : 7C072C23;
178 : 0001F737;
179 : 7C072A23;
17a : 0001F737;
17b : 7C072823;
17c : 0001F737;
17d : 7C072623;
17e : 0001F737;
17f : 7C072423;
180 : 0001F737;
181 : 7C072223;
182 : 0001F737;
183 : 7C072023;
184 : 0001F737;
185 : 7A072423;
186 : 0001F737;
187 : 78072823;
188 : 0001F737;
189 : 78072623;
18a : 0001F737;
18b : 78072423;
18c : 0001F737;
18d : 70072C23;
18e : 0001F737;
18f : 76072223;
190 : 0001F737;
191 : 72072223;
192 : 0001F737;
193 : 72072023;
194 : 0001F737;
195 : 00000693;
196 : 00000613;
197 : 70072E23;
198 : 0001F737;
199 : 70D72A23;
19a : 70C72823;
19b : 0001F737;
19c : 72072623;
19d : 0001F737;
19e : 78072023;
19f : 0001F737;
1a0 : 76D72E23;
1a1 : 76C72C23;
1a2 : 0001F737;
1a3 : 76072823;
1a4 : 0001F737;
1a5 : 76072623;
1a6 : 0001F737;
1a7 : 7AC72C23;
1a8 : 7AD72E23;
1a9 : 0001F737;
1aa : 7AD72223;
1ab : 7AC72023;
1ac : 0001F737;
1ad : 7AD72A23;
1ae : 7AC72823;
1af : 0001F737;
1b0 : 78D72E23;
1b1 : 78C72C23;
1b2 : 0001F737;
1b3 : 7A072623;
1b4 : 0001F737;
1b5 : 78072A23;
1b6 : 0001F737;
1b7 : 76072023;
1b8 : 0001F737;
1b9 : 74072C23;
1ba : 0001F737;
1bb : 74072E23;
1bc : 0001F737;
1bd : 74D72A23;
1be : 74C72823;
1bf : 0001F737;
1c0 : 74D72623;
1c1 : 74C72423;
1c2 : 0001F737;
1c3 : 78072223;
1c4 : 0001F737;
1c5 : 76072423;
1c6 : 0001F737;
1c7 : 72072A23;
1c8 : 0001F737;
1c9 : 74072023;
1ca : 0001F737;
1cb : 72072E23;
1cc : 0001F737;
1cd : 72072C23;
1ce : 0001F737;
1cf : 72072823;
1d0 : 0001F737;
1d1 : 72072423;
1d2 : 00020737;
1d3 : 9A870713;
1d4 : 4C070693;
1d5 : 50070713;
1d6 : 0006A023;
1d7 : 00468693;
1d8 : FEE69CE3;
1d9 : 0FF0000F;
1da : 7F87A703;
1db : 00170713;
1dc : 7EE7AC23;
1dd : 00008067;
1de : 00052703;
1df : 00050793;
1e0 : 08872503;
1e1 : 04050A63;
1e2 : 0047A703;
1e3 : 0CC72503;
1e4 : 04050463;
1e5 : 00100737;
1e6 : 20472683;
1e7 : 00000513;
1e8 : 20070713;
1e9 : 0046F693;
1ea : 02068863;
1eb : 00472703;
1ec : 00877713;
1ed : 02071263;
1ee : 00C7A503;
1ef : 00300793;
1f0 : 00A7C663;
1f1 : 01F55513;
1f2 : 00008067;
1f3 : FF850513;
1f4 : 00353513;
1f5 : 00154513;
1f6 : 00008067;
1f7 : 41F5D793;
1f8 : 00C52683;
1f9 : 00B7C5B3;
1fa : 40F585B3;
1fb : 00052A23;
1fc : 00052703;
1fd : 01052783;
1fe : 02B6CA63;
1ff : 00452683;
200 : 00D75663;
201 : 00170713;
202 : 00E52023;
203 : 00052703;
204 : 04E69663;
205 : 0017B793;
206 : 00F52A23;
207 : 00100793;
208 : 00F52823;
209 : 00100513;
20a : 00008067;
20b : 00852683;
20c : 00E6D663;
20d : FFF70713;
20e : 00E52023;
20f : 00052703;
210 : 00E69E63;
211 : 00078C63;
212 : 00052023;
213 : 00F52A23;
214 : 00052823;
215 : FFF00513;
216 : 00008067;
217 : 00078513;
218 : 00008067;
219 : 02052A23;
21a : 00000693;
21b : 02D52C23;
21c : 00000713;
21d : 02E52E23;
21e : 04D52023;
21f : 04E52223;
220 : 04D52423;
221 : 01852783;
222 : 04E52623;
223 : 04052823;
224 : 04F52A23;
225 : 04F52C23;
226 : 00D52823;
227 : 00E52A23;
228 : 02F52623;
229 : 02052823;
22a : 04052E23;
22b : 00008067;
22c : FF010113;
22d : 00812423;
22e : 00112623;
22f : 00008737;
230 : 02E52023;
231 : 00C00713;
232 : 00E52823;
233 : 12C00713;
234 : 00E52623;
235 : 4B000713;
236 : 00500793;
237 : 06E52A23;
238 : 3E800713;
239 : 02F52423;
23a : 06E52623;
23b : 000107B7;
23c : 06400713;
23d : FFB78793;
23e : 06E52823;
23f : 00020737;
240 : 8AA74703;
241 : 02F52623;
242 : 00100793;
243 : 02F52223;
244 : 00F52423;
245 : 03200793;
246 : 08F52623;
247 : 08F52223;
248 : 00A00793;
249 : 08F52423;
24a : 0CC52E23;
24b : 01400793;
24c : 40E60633;
24d : 0E052623;
24e : 0E052823;
24f : 0E052423;
250 : 0AF52623;
251 : 0CB52C23;
252 : 0EC52223;
253 : 00050413;
254 : 06061063;
255 : 08F52623;
256 : 00100793;
257 : 0EF42A23;
258 : 00061663;
259 : B15FF0EF;
25a : C0DFF0EF;
25b : 09842783;
25c : 00078663;
25d : 0007A223;
25e : 0207A423;
25f : 00840513;
260 : EE5FF0EF;
261 : 00C12083;
262 : 02042C23;
263 : 08042823;
264 : 08042023;
265 : 08042A23;
266 : 06042C23;
267 : 06042423;
268 : 06042E23;
269 : 00812403;
26a : 01010113;
26b : 00008067;
26c : FFF60793;
26d : 0037F793;
26e : 00378793;
26f : FA1FF06F;
270 : 03452783;
271 : FE010113;
272 : 00812C23;
273 : 00912A23;
274 : 01212823;
275 : 01312623;
276 : 01412423;
277 : 01612223;
278 : 01712023;
279 : 00112E23;
27a : 00178793;
27b : 02F52A23;
27c : 00052783;
27d : 01052B03;
27e : 01452B83;
27f : 02F584B3;
280 : 00852603;
281 : 02B52423;
282 : 00058A13;
283 : 00050413;
284 : 02F597B3;
285 : 01648733;
286 : 009734B3;
287 : 00070913;
288 : 00452703;
289 : 00100513;
28a : 017787B3;
28b : 00F484B3;
28c : 02E587B3;
28d : 00048993;
28e : 02E59733;
28f : 012785B3;
290 : 00F5B7B3;
291 : 00970733;
292 : 00E787B3;
293 : FFF60713;
294 : 00E51533;
295 : 41F55713;
296 : 00A58533;
297 : 00E787B3;
298 : 00B535B3;
299 : 00F585B3;
29a : 7F1180EF;
29b : 01842783;
29c : 00A787B3;
29d : 02042503;
29e : 02A7D463;
29f : 01C42703;
2a0 : 00070863;
2a1 : 009BC663;
2a2 : 01749863;
2a3 : 012B7663;
2a4 : 01242823;
2a5 : 01342A23;
2a6 : FFF00713;
2a7 : 0400006F;
2a8 : 02442503;
2a9 : 02F55463;
2aa : 01C42703;
2ab : 00070863;
2ac : 0174C663;
2ad : 009B9863;
2ae : 01697663;
2af : 01242823;
2b0 : 01342A23;
2b1 : 00100713;
2b2 : 0140006F;
2b3 : 01242823;
2b4 : 00942A23;
2b5 : 00078513;
2b6 : 00000713;
2b7 : 03642C23;
2b8 : 03742E23;
2b9 : 01042603;
2ba : 05242023;
2bb : 01442683;
2bc : 05342223;
2bd : 04C42423;
2be : 04D42623;
2bf : 05442823;
2c0 : 04F42A23;
2c1 : 04A42C23;
2c2 : 04E42E23;
2c3 : 03442783;
2c4 : 01C12083;
2c5 : 02A42623;
2c6 : 00178793;
2c7 : 02F42A23;
2c8 : 01812403;
2c9 : 01412483;
2ca : 01012903;
2cb : 00C12983;
2cc : 00812A03;
2cd : 00412B03;
2ce : 00012B83;
2cf : 02010113;
2d0 : 00008067;
2d1 : 0D852783;
2d2 : F6010113;
2d3 : 08812C23;
2d4 : 08112E23;
2d5 : 08912A23;
2d6 : 09212823;
2d7 : 09312623;
2d8 : 09412423;
2d9 : 09512223;
2da : 09612023;
2db : 07712E23;
2dc : 07812C23;
2dd : 07912A23;
2de : 07A12823;
2df : 07B12623;
2e0 : 00050413;
2e1 : 00C79463;
2e2 : 0AB52E23;
2e3 : 0DC42783;
2e4 : 00F61463;
2e5 : 0CB42223;
2e6 : 0BC42783;
2e7 : 0207CE63;
2e8 : 0A442703;
2e9 : 00E78A63;
2ea : 40E78733;
2eb : 06074A63;
2ec : 08E42E23;
2ed : 0AF42223;
2ee : 0C042703;
2ef : 00074C63;
2f0 : 00E7DA63;
2f1 : 0B442703;
2f2 : 004006B7;
2f3 : 00D70733;
2f4 : 0AE42A23;
2f5 : 0CF42023;
2f6 : 0C442703;
2f7 : 04075863;
2f8 : 00000513;
2f9 : 09C12083;
2fa : 09812403;
2fb : 09412483;
2fc : 09012903;
2fd : 08C12983;
2fe : 08812A03;
2ff : 08412A83;
300 : 08012B03;
301 : 07C12B83;
302 : 07812C03;
303 : 07412C83;
304 : 07012D03;
305 : 06C12D83;
306 : 0A010113;
307 : 00008067;
308 : 004006B7;
309 : 00D70733;
30a : F89FF06F;
30b : 0A842683;
30c : 00D70A63;
30d : 40D706B3;
30e : 0806CC63;
30f : 0AD42023;
310 : 0AE42423;
311 : 0C842683;
312 : 0006CC63;
313 : 00D75A63;
314 : 0B842683;
315 : 00400637;
316 : 00C686B3;
317 : 0AD42C23;
318 : 0CE42423;
319 : F607CEE3;
31a : 0B042683;
31b : 00100613;
31c : 08C69263;
31d : 0B442583;
31e : 0B842603;
31f : 00B787B3;
320 : 00C70733;
321 : 04F75C63;
322 : 40E787B3;
323 : FFFFC737;
324 : 00E7F7B3;
325 : 40F587B3;
326 : 0AF42A23;
327 : 0B442603;
328 : 0B842783;
329 : 00064463;
32a : 0007DE63;
32b : 05F5E737;
32c : 10070713;
32d : 00E60633;
32e : 00E787B3;
32f : 0AC42A23;
330 : 0AF42C23;
331 : FFF68693;
332 : 0AD42823;
333 : 02C0006F;
334 : 00400637;
335 : 00C686B3;
336 : F65FF06F;
337 : 40F707B3;
338 : FFFFC737;
339 : 00E7F7B3;
33a : 40F607B3;
33b : 0AF42C23;
33c : FADFF06F;
33d : FCD048E3;
33e : 09C42783;
33f : 0A042903;
340 : 40F90933;
341 : 0E442783;
342 : 78079463;
343 : 09042D03;
344 : 08042783;
345 : 01A03D33;
346 : 00F12A23;
347 : 001D1D13;
348 : 00090593;
349 : 08040513;
34a : AB5FF0EF;
34b : 09442683;
34c : 09042703;
34d : 02068063;
34e : 02070063;
34f : 001007B7;
350 : 40078793;
351 : 01C7A783;
352 : 0F842603;
353 : 40C787B3;
354 : 10F42023;
355 : 74071463;
356 : 0AC42483;
357 : 00100993;
358 : 409004B3;
359 : 032484B3;
35a : 0E442783;
35b : 06079A63;
35c : 06068863;
35d : 06070663;
35e : 03442583;
35f : 02042503;
360 : 01042603;
361 : 41F5D793;
362 : 41F55713;
363 : 40A58533;
364 : 40E787B3;
365 : 00A5B5B3;
366 : 40B785B3;
367 : 485180EF;
368 : 00C42783;
369 : 00842603;
36a : 02F48733;
36b : 02F497B3;
36c : 40E50733;
36d : 00E53533;
36e : 02C486B3;
36f : 40F587B3;
370 : 40A787B3;
371 : 02C49633;
372 : 40D706B3;
373 : 00D73733;
374 : 00D42C23;
375 : 40C787B3;
376 : 40E787B3;
377 : 00F42E23;
378 : 00048593;
379 : 00840513;
37a : BD9FF0EF;
37b : 0E442583;
37c : 00050A13;
37d : 6E059263;
37e : 05842B83;
37f : 06442B03;
380 : 04042783;
381 : 04442803;
382 : 04842703;
383 : 00F12423;
384 : 04C42783;
385 : 05042783;
386 : 01012623;
387 : 05442803;
388 : 0D442A83;
389 : 00842D83;
38a : 00F12023;
38b : 01012223;
38c : 00050C13;
38d : 0F042783;
38e : 02079263;
38f : 0F000737;
390 : 01859793;
391 : 00E7F7B3;
392 : 008A1713;
393 : 00875713;
394 : 00E7E7B3;
395 : 00100737;
396 : 24F72223;
397 : 0F442783;
398 : 0D442683;
399 : 010008B7;
39a : 01C79713;
39b : FFF88793;
39c : 00F6F533;
39d : 08000637;
39e : 00E56533;
39f : 00100337;
3a0 : 00C56533;
3a1 : 24A32623;
3a2 : 0D042803;
3a3 : 09000E37;
3a4 : 20030613;
3a5 : 00F87533;
3a6 : 00E56533;
3a7 : 01C56533;
3a8 : 24A32623;
3a9 : 41C32503;
3aa : 07000337;
3ab : 00F57533;
3ac : 00E56533;
3ad : 00656533;
3ae : 04A62623;
3af : 09C42503;
3b0 : 03000337;
3b1 : 00F57533;
3b2 : 00E56533;
3b3 : 00656533;
3b4 : 04A62623;
3b5 : 0A042503;
3b6 : 02000337;
3b7 : 00F57533;
3b8 : 00E56533;
3b9 : 00656533;
3ba : 04A62623;
3bb : 00F4F533;
3bc : 00E56533;
3bd : 011568B3;
3be : 05162623;
3bf : 0E042503;
3c0 : 00150893;
3c1 : 00F57533;
3c2 : 0F142023;
3c3 : 00E56533;
3c4 : 050008B7;
3c5 : 00FA77B3;
3c6 : 00E7E7B3;
3c7 : 01156533;
3c8 : 80000737;
3c9 : 04A62623;
3ca : 00E7E7B3;
3cb : 04F62623;
3cc : 0B442603;
3cd : FFF00793;
3ce : 0BEBC737;
3cf : 0CF42223;
3d0 : 0AF42E23;
3d1 : 20070713;
3d2 : 02C75263;
3d3 : 0B842783;
3d4 : 00F75E63;
3d5 : FA0A2737;
3d6 : F0070713;
3d7 : 00E60633;
3d8 : 00E787B3;
3d9 : 0AC42A23;
3da : 0AF42C23;
3db : 0CC42783;
3dc : 02078263;
3dd : 0EC42783;
3de : 00079E63;
3df : 5906D663;
3e0 : 0B442783;
3e1 : 00168693;
3e2 : 0CD42A23;
3e3 : FFF78793;
3e4 : 0AF42A23;
3e5 : 09042783;
3e6 : 00000C93;
3e7 : 08078863;
3e8 : 02059463;
3e9 : 07842783;
3ea : 06842C83;
3eb : 00078463;
3ec : 008D6D13;
3ed : 07442783;
3ee : 40F00733;
3ef : 56E4C263;
3f0 : 5697C063;
3f1 : 060D6D13;
3f2 : 00048593;
3f3 : 06840513;
3f4 : 80DFF0EF;
3f5 : 07C42783;
3f6 : 04078263;
3f7 : 07842683;
3f8 : 0F442783;
3f9 : 00200713;
3fa : 00069463;
3fb : 00400713;
3fc : 01C79793;
3fd : 00E7E7B3;
3fe : 86000737;
3ff : 00E7E7B3;
400 : 00100737;
401 : 24F72623;
402 : 00068A63;
403 : 41C72783;
404 : 0F842703;
405 : 40E787B3;
406 : 0EF42E23;
407 : 09842783;
408 : 07842703;
409 : 50079263;
40a : 0CE42623;
40b : 0E442603;
40c : 44061863;
40d : 08042783;
40e : 00F12E23;
40f : 06842783;
410 : 02F12023;
411 : 09042783;
412 : 00078463;
413 : 004D6D13;
414 : 07842783;
415 : 00078463;
416 : 010D6D13;
417 : 0F042783;
418 : 200D6713;
419 : 00079463;
41a : 100D6713;
41b : 000207B7;
41c : 8307AE03;
41d : 001E0893;
41e : 8317A823;
41f : 000207B7;
420 : 82C7A683;
421 : 00168693;
422 : 82D7A623;
423 : 00D12C23;
424 : 00100793;
425 : 52F99A63;
426 : 000206B7;
427 : 8286A783;
428 : 00178793;
429 : 82F6A423;
42a : 000207B7;
42b : 8317A223;
42c : 000206B7;
42d : 80C6A783;
42e : 04078063;
42f : 03378E63;
430 : 00100593;
431 : 56B79063;
432 : 00200593;
433 : 00B99A63;
434 : 00020537;
435 : 80852583;
436 : 00158593;
437 : 80B52423;
438 : 000205B7;
439 : 00879793;
43a : 8115A023;
43b : 0137E7B3;
43c : 0001F5B7;
43d : 7EF5AE23;
43e : 000207B7;
43f : 8136A623;
440 : 8A07A683;
441 : 0D842503;
442 : 00010337;
443 : 02D12223;
444 : 0DC42683;
445 : FFF30313;
446 : 00851813;
447 : 01069593;
448 : 00FF0EB7;
449 : 01D5F5B3;
44a : 00687833;
44b : 00B86833;
44c : 05842583;
44d : 00869693;
44e : 0066F6B3;
44f : 02B12423;
450 : 06442583;
451 : 037D83B3;
452 : 00176D13;
453 : 02B12623;
454 : 0E042583;
455 : 02B12823;
456 : 0FF57593;
457 : 00B6E5B3;
458 : 000206B7;
459 : 8286A683;
45a : 037D9333;
45b : 02D12A23;
45c : 000206B7;
45d : 8206A683;
45e : 02D12C23;
45f : 000206B7;
460 : 8086A683;
461 : 02D12E23;
462 : 000206B7;
463 : 8046A683;
464 : 04D12023;
465 : 000206B7;
466 : 8186A683;
467 : 04D12223;
468 : 000206B7;
469 : 8146A683;
46a : 04D12423;
46b : 000206B7;
46c : 8106A683;
46d : 04D12623;
46e : 000206B7;
46f : 8006A683;
470 : 04D12823;
471 : 0001F6B7;
472 : 7FC6A683;
473 : 04D12A23;
474 : 000206B7;
475 : 8246A683;
476 : 04D12C23;
477 : 000206B7;
478 : 81C6A683;
479 : 04D12E23;
47a : 8A07A283;
47b : 00812683;
47c : 00012783;
47d : 00C12503;
47e : 40D78FB3;
47f : 00412683;
480 : 01F7B7B3;
481 : 40A68EB3;
482 : 40FE8EB3;
483 : 0001F7B7;
484 : 7F87A683;
485 : 00168513;
486 : 00157F13;
487 : 000F1463;
488 : 00268513;
489 : 7EA7AC23;
48a : 0FF0000F;
48b : 0001F7B7;
48c : 7F17AA23;
48d : 0001F7B7;
48e : 7E57A823;
48f : 0001F7B7;
490 : 7F07A623;
491 : 0001F7B7;
492 : 7EB7A423;
493 : 0001F7B7;
494 : 7F37A223;
495 : 0001F7B7;
496 : 7FA7A023;
497 : 0001F7B7;
498 : 7C97AE23;
499 : 0001F7B7;
49a : 7D27AC23;
49b : 0001F7B7;
49c : 7D77AA23;
49d : 0001F7B7;
49e : 7D87A823;
49f : 0001F7B7;
4a0 : 0001F6B7;
4a1 : 7D67A623;
4a2 : 0001F7B7;
4a3 : 7D57A423;
4a4 : 7C46A783;
4a5 : 00178793;
4a6 : 7CF6A223;
4a7 : 000207B7;
4a8 : 00100693;
4a9 : 9A878793;
4aa : 38D99E63;
4ab : 0001F6B7;
4ac : 7C06A703;
4ad : 00170713;
4ae : 7CE6A023;
4af : 0001F6B7;
4b0 : 7B86A703;
4b1 : 7BC6A603;
4b2 : 01F70E33;
4b3 : 00EE3733;
4b4 : 01D60633;
4b5 : 00C70733;
4b6 : 7BC6AC23;
4b7 : 7AE6AE23;
4b8 : 0001F6B7;
4b9 : 7B06A703;
4ba : 7B46A603;
4bb : 00770E33;
4bc : 00EE3733;
4bd : 00660633;
4be : 00C70733;
4bf : 7AE6AA23;
4c0 : 7BC6A823;
4c1 : 0001F6B7;
4c2 : 7AC6A703;
4c3 : 00170713;
4c4 : 7AE6A623;
4c5 : 000B0A63;
4c6 : 0001F6B7;
4c7 : 7606A703;
4c8 : 00170713;
4c9 : 76E6A023;
4ca : 007F9463;
4cb : 026E8463;
4cc : 0001F6B7;
4cd : 75C6A703;
4ce : 00170713;
4cf : 74E6AE23;
4d0 : 000B0A63;
4d1 : 0001F6B7;
4d2 : 7586A703;
4d3 : 00170713;
4d4 : 74E6AC23;
4d5 : 00812603;
4d6 : 00C12683;
4d7 : 0001F737;
4d8 : 74C72823;
4d9 : 74D72A23;
4da : 00012603;
4db : 00412683;
4dc : 0001F737;
4dd : 74C72423;
4de : 74D72623;
4df : 0FF0000F;
4e0 : 0001F737;
4e1 : 00150513;
4e2 : 7EA72C23;
4e3 : 0001F737;
4e4 : 70872603;
4e5 : 00160693;
4e6 : 0016F513;
4e7 : 00051463;
4e8 : 00260693;
4e9 : 00168613;
4ea : 70D72423;
4eb : 0FF0000F;
4ec : 02412683;
4ed : 44C7A423;
4ee : 4517A623;
4ef : 44D7A823;
4f0 : 4507AA23;
4f1 : 4527AC23;
4f2 : 02812683;
4f3 : 4537AE23;
4f4 : 4697A023;
4f5 : 46D7A223;
4f6 : 02C12683;
4f7 : 4747A423;
4f8 : 46D7A623;
4f9 : 01412683;
4fa : 47A7A823;
4fb : 46D7AA23;
4fc : 01C12683;
4fd : 46D7AC23;
4fe : 02012683;
4ff : 4797AE23;
500 : 48D7A023;
501 : 03012683;
502 : 48D7A223;
503 : 01812683;
504 : 48B7A423;
505 : 48D7A623;
506 : 03412683;
507 : 48D7A823;
508 : 03812683;
509 : 48D7AA23;
50a : 03C12683;
50b : 48D7AC23;
50c : 04012683;
50d : 48D7AE23;
50e : 04412683;
50f : 4AD7A023;
510 : 04812683;
511 : 4AD7A223;
512 : 04C12683;
513 : 4AD7A423;
514 : 05012683;
515 : 4AD7A623;
516 : 05412683;
517 : 4AD7A823;
518 : 00100693;
519 : 4AD7AA23;
51a : 05812683;
51b : 4AD7AC23;
51c : 05C12683;
51d : 4AD7AE23;
51e : 0FF0000F;
51f : 70C72423;
520 : 0CC42503;
521 : F6050063;
522 : 00100513;
523 : F58FF06F;
524 : 00012A23;
525 : 00000D13;
526 : 889FF06F;
527 : 0BC42603;
528 : 0B442783;
529 : 00200993;
52a : 00C787B3;
52b : 0B842603;
52c : 40C787B3;
52d : 0C442603;
52e : 40C787B3;
52f : 01279493;
530 : 01279613;
531 : 0124D493;
532 : 8A0650E3;
533 : FFFFC7B7;
534 : 00F4E4B3;
535 : 895FF06F;
536 : 00000793;
537 : 00000813;
538 : 00F12023;
539 : 01012223;
53a : 00F12423;
53b : 01012623;
53c : 00000D93;
53d : 00000A93;
53e : 00000B13;
53f : 00000C13;
540 : 00000B93;
541 : 931FF06F;
542 : A8D856E3;
543 : 0B442783;
544 : FFF68693;
545 : 0CD42A23;
546 : 00178793;
547 : A75FF06F;
548 : 0A0D6D13;
549 : AA5FF06F;
54a : 0287A683;
54b : 04068863;
54c : 04071263;
54d : 0007A223;
54e : 0C042623;
54f : 0047A703;
550 : 00471713;
551 : 00E78733;
552 : 00872683;
553 : 00D42623;
554 : 00C72683;
555 : 00D42423;
556 : 01072683;
557 : 01472703;
558 : 06042423;
559 : 00D42823;
55a : 06E42623;
55b : 06042E23;
55c : 06042C23;
55d : 07842703;
55e : 03C0006F;
55f : FE070CE3;
560 : 0F442703;
561 : 060006B7;
562 : 00368693;
563 : 01C71713;
564 : 00D76733;
565 : 001006B7;
566 : 24E6A623;
567 : 0007A683;
568 : 0047A703;
569 : FFF68693;
56a : 00D71A63;
56b : 00100713;
56c : 0CE42623;
56d : 02E7A423;
56e : A75FF06F;
56f : 00170713;
570 : 00E7A223;
571 : F79FF06F;
572 : 00020837;
573 : 82082683;
574 : 00020537;
575 : 81852303;
576 : 00168693;
577 : 82D82023;
578 : 00130313;
579 : 000206B7;
57a : 000205B7;
57b : 8116AE23;
57c : 80652C23;
57d : 04077693;
57e : 8145A783;
57f : 00068663;
580 : 00178793;
581 : 80F5AA23;
582 : 08077793;
583 : AA0782E3;
584 : 000206B7;
585 : 8106A783;
586 : 00178793;
587 : 80F6A823;
588 : A91FF06F;
589 : 00200513;
58a : AAA79CE3;
58b : AAB99AE3;
58c : 00020537;
58d : 80452583;
58e : 00158593;
58f : 80B52223;
590 : AA1FF06F;
591 : 0001FF37;
592 : 7A8F2683;
593 : 00168693;
594 : 7ADF2423;
595 : 0001FF37;
596 : 7A0F2683;
597 : 7A4F2B83;
598 : 01F68C33;
599 : 00DC36B3;
59a : 01DB8BB3;
59b : 017686B3;
59c : 7B8F2023;
59d : 7ADF2223;
59e : 0001FF37;
59f : 798F2683;
5a0 : 79CF2B83;
5a1 : 00768C33;
5a2 : 00DC36B3;
5a3 : 006B8BB3;
5a4 : 017686B3;
5a5 : 78DF2E23;
5a6 : 798F2C23;
5a7 : 0001FF37;
5a8 : 794F2683;
5a9 : 00168693;
5aa : 78DF2A23;
5ab : 0001FF37;
5ac : 790F2683;
5ad : 00168693;
5ae : 78DF2823;
5af : 04077693;
5b0 : 00068A63;
5b1 : 0001FF37;
5b2 : 78CF2683;
5b3 : 00168693;
5b4 : 78DF2623;
5b5 : 08077713;
5b6 : 00070A63;
5b7 : 0001F6B7;
5b8 : 7886A703;
5b9 : 00170713;
5ba : 78E6A423;
5bb : 000026B7;
5bc : 00D486B3;
5bd : 00004F37;
5be : 40A6D713;
5bf : 03E6E263;
5c0 : 0001F6B7;
5c1 : 7846A703;
5c2 : 00170713;
5c3 : 78E6A223;
5c4 : FFFFE6B7;
5c5 : 00000713;
5c6 : 00D4C463;
5c7 : 00F00713;
5c8 : 00271713;
5c9 : 00E78733;
5ca : 4C072683;
5cb : 0001FBB7;
5cc : 77CBAD83;
5cd : 00168693;
5ce : 4CD72023;
5cf : 0001F737;
5d0 : 78072F03;
5d1 : 41F95693;
5d2 : 00DD86B3;
5d3 : 001F0F13;
5d4 : 79E72023;
5d5 : 778BA703;
5d6 : 01270C33;
5d7 : 00EC3733;
5d8 : 00D70733;
5d9 : 76EBAE23;
5da : 778BAC23;
5db : 00100B93;
5dc : 0001F6B7;
5dd : 0001F737;
5de : 017F1863;
5df : 7726A823;
5e0 : 77272623;
5e1 : 0180006F;
5e2 : 7706AF03;
5e3 : 01E95463;
5e4 : 7726A823;
5e5 : 76C72683;
5e6 : FF26C4E3;
5e7 : 0001F737;
5e8 : 76872703;
5e9 : 0A070C63;
5ea : 0001F6B7;
5eb : 7406A683;
5ec : 0001F737;
5ed : 73072703;
5ee : 18D29263;
5ef : 0001F6B7;
5f0 : 73C6A683;
5f1 : 16D81C63;
5f2 : 0001F6B7;
5f3 : 7386A683;
5f4 : 16D59663;
5f5 : 0001F6B7;
5f6 : 7346A683;
5f7 : 16DE1063;
5f8 : 41570633;
5f9 : 00163613;
5fa : 01570A63;
5fb : 0001F6B7;
5fc : 72C6A703;
5fd : 00170713;
5fe : 72E6A623;
5ff : 14060263;
600 : 0001F6B7;
601 : 7286A603;
602 : 41F4D713;
603 : 00002DB7;
604 : 41F65F13;
605 : 40C48633;
606 : 41E706B3;
607 : 00C4BE33;
608 : 41C686B3;
609 : FFFFCC37;
60a : 01B60E33;
60b : 00CE3BB3;
60c : FFFC0C13;
60d : 00DB8BB3;
60e : 018E7E33;
60f : 017E6E33;
610 : 00060713;
611 : 00068F13;
612 : 040E1A63;
613 : 0001F6B7;
614 : 7246A703;
615 : 00170713;
616 : 72E6A223;
617 : 0001F737;
618 : 00100693;
619 : 76D72423;
61a : 0001F737;
61b : 73172A23;
61c : 0001F737;
61d : 74572023;
61e : 0001F737;
61f : 73072E23;
620 : 0001F737;
621 : 72B72C23;
622 : 0001F737;
623 : 73572823;
624 : 0001F737;
625 : 72972423;
626 : A7DFF06F;
627 : 00D04663;
628 : 06069263;
629 : 06CDF063;
62a : FFFFC737;
62b : 00E60733;
62c : 00C73633;
62d : FFF68693;
62e : 00D60F33;
62f : 0001F637;
630 : 72062683;
631 : 00168693;
632 : 72D62023;
633 : 0001F637;
634 : 71862683;
635 : 0001FE37;
636 : 00168693;
637 : 70D62C23;
638 : 710E2683;
639 : 714E2603;
63a : 00E68733;
63b : 00D736B3;
63c : 01E60F33;
63d : 01E686B3;
63e : 70EE2823;
63f : 70DE2A23;
640 : F5DFF06F;
641 : FFF00E13;
642 : 01C6C863;
643 : FDC690E3;
644 : FFFFEE37;
645 : FBC67CE3;
646 : 00004737;
647 : 00E60733;
648 : 00C73633;
649 : 00D60F33;
64a : 0001F637;
64b : 71C62683;
64c : 00168693;
64d : 70D62E23;
64e : F95FF06F;
64f : EB5718E3;
650 : 0001F6B7;
651 : 7646A703;
652 : 00170713;
653 : 76E6A223;
654 : F0DFF06F;
655 : 001017B7;
656 : A0078793;
657 : 00F50533;
658 : 00052503;
659 : 00008067;
65a : 00000793;
65b : 00A79463;
65c : 00008067;
65d : 00000013;
65e : 00178793;
65f : FF1FF06F;
660 : 00050A63;
661 : 00052783;
662 : 00C7A303;
663 : 00030463;
664 : 00030067;
665 : 00000513;
666 : 00008067;
667 : 00054783;
668 : 00078863;
669 : 00100713;
66a : 02E78E63;
66b : 00008067;
66c : 02D58063;
66d : 00154783;
66e : 00400713;
66f : 00178793;
670 : 0FF7F793;
671 : 00F500A3;
672 : 00F76863;
673 : 00008067;
674 : 000500A3;
675 : 00008067;
676 : 00100793;
677 : 00F51023;
678 : 00008067;
679 : FED596E3;
67a : 00154783;
67b : 00400713;
67c : 00178793;
67d : 0FF7F793;
67e : 00F500A3;
67f : 00F77A63;
680 : 00200793;
681 : E0C60613;
682 : 00F50023;
683 : 00C52223;
684 : 00008067;
685 : 001007B7;
686 : 00452703;
687 : 40078793;
688 : 0047A783;
689 : 00100513;
68a : 00E51533;
68b : 00F57533;
68c : 00A03533;
68d : 00008067;
68e : 00452783;
68f : 00100713;
690 : 00F71733;
691 : 001007B7;
692 : 40078793;
693 : 00058663;
694 : 00E7A223;
695 : 00008067;
696 : 00E7A423;
697 : 00008067;
698 : 00008067;
699 : 00852803;
69a : 00050793;
69b : 00A00893;
69c : 00000513;
69d : 00D00313;
69e : 00A58733;
69f : 00074683;
6a0 : 00069463;
6a1 : 00008067;
6a2 : 00C7A603;
6a3 : 00082703;
6a4 : 00467613;
6a5 : 00060C63;
6a6 : 01169A63;
6a7 : 00072603;
6a8 : 00167613;
6a9 : FE061CE3;
6aa : 00672423;
6ab : 00072603;
6ac : 00167613;
6ad : FE061CE3;
6ae : 00D72423;
6af : 00150513;
6b0 : FB9FF06F;
6b1 : 0001F6B7;
6b2 : 68E6D703;
6b3 : 000207B7;
6b4 : 9A878793;
6b5 : 00E787B3;
6b6 : 00151513;
6b7 : 00270713;
6b8 : 50A78023;
6b9 : 50B780A3;
6ba : 68E69723;
6bb : 00008067;
6bc : 0001B6B7;
6bd : FFF58593;
6be : 00000793;
6bf : 00000713;
6c0 : B7068693;
6c1 : 0FD00893;
6c2 : 0F900313;
6c3 : 0FF00E13;
6c4 : FA200E93;
6c5 : 01C00813;
6c6 : 00E68633;
6c7 : 00064603;
6c8 : 01161E63;
6c9 : 00F50633;
6ca : 01D60023;
6cb : 00170713;
6cc : 00178793;
6cd : FF0712E3;
6ce : 00008067;
6cf : 00661A63;
6d0 : 00F50633;
6d1 : 00064603;
6d2 : 00C787B3;
6d3 : FE1FF06F;
6d4 : FDC61EE3;
6d5 : 00F50633;
6d6 : 40F58F33;
6d7 : 01E60023;
6d8 : FCDFF06F;
6d9 : FF010113;
6da : 00112623;
6db : 00812423;
6dc : 00654783;
6dd : 02000713;
6de : 00F75463;
6df : 02000793;
6e0 : FA200713;
6e1 : 0FF7F413;
6e2 : 00F507B3;
6e3 : 00E783A3;
6e4 : 00A7C783;
6e5 : 00400713;
6e6 : 00F75463;
6e7 : 00400793;
6e8 : 00F40433;
6e9 : 0FF47413;
6ea : 008507B3;
6eb : 00B786A3;
6ec : 0167C583;
6ed : 00100713;
6ee : 00E78823;
6ef : 02800793;
6f0 : 00B7D463;
6f1 : 02800593;
6f2 : 00B40433;
6f3 : 0FF47413;
6f4 : 008507B3;
6f5 : 01940413;
6f6 : 0FF47413;
6f7 : 00500713;
6f8 : 00040593;
6f9 : 00E78BA3;
6fa : 00078C23;
6fb : F05FF0EF;
6fc : 00C12083;
6fd : 00040513;
6fe : 00812403;
6ff : 01010113;
700 : 00008067;
701 : 00050793;
702 : 00060513;
703 : 00C58633;
704 : 00C59463;
705 : 00008067;
706 : 0007D683;
707 : 00158593;
708 : 00168713;
709 : 01071713;
70a : 01075713;
70b : 00E79023;
70c : FFF5C803;
70d : 00D786B3;
70e : 01068523;
70f : 0067D683;
710 : FCE698E3;
711 : 00079023;
712 : FC9FF06F;
713 : 00050793;
714 : 00060513;
715 : 00069463;
716 : 00060693;
717 : 00068713;
718 : 00D57463;
719 : 00050713;
71a : 00E78633;
71b : 02C79463;
71c : 02A6F063;
71d : 0025D783;
71e : 0065D703;
71f : 00F507B3;
720 : 40D786B3;
721 : 00D59123;
722 : 0025D783;
723 : 04F76063;
724 : 00008067;
725 : 0025D703;
726 : 00178793;
727 : 00E58733;
728 : 00A74703;
729 : FEE78FA3;
72a : 0025D703;
72b : 0065D803;
72c : 00170713;
72d : 01071713;
72e : 01075713;
72f : 00E59123;
730 : FAE816E3;
731 : 00059123;
732 : FA5FF06F;
733 : 40E787B3;
734 : 00F59123;
735 : FB5FF06F;
736 : 00100737;
737 : 22072683;
738 : 000107B7;
739 : 00A797B3;
73a : 00FF0537;
73b : 00A7F7B3;
73c : 00D7E7B3;
73d : 22F72023;
73e : 00008067;
73f : 00000713;
740 : 00000693;
741 : 02B6C663;
742 : 00010537;
743 : FFF50513;
744 : 01075793;
745 : 00A77733;
746 : 00E787B3;
747 : 0107D713;
748 : 00F70733;
749 : FFF74713;
74a : 00A77533;
74b : 00008067;
74c : 00169613;
74d : 00C50633;
74e : 00065783;
74f : 00065603;
750 : 00168693;
751 : 00879793;
752 : 00865613;
753 : 00C7E7B3;
754 : 01079793;
755 : 0107D793;
756 : 00F70733;
757 : FA9FF06F;
758 : FC010113;
759 : 02812C23;
75a : 02912A23;
75b : 03212823;
75c : 03312623;
75d : 03412423;
75e : 01812C23;
75f : 01912A23;
760 : 02112E23;
761 : 03512223;
762 : 03612023;
763 : 01712E23;
764 : 01A12823;
765 : 00050413;
766 : 00058913;
767 : 00C50993;
768 : 01050A13;
769 : 01450C93;
76a : 01650C13;
76b : 00060493;
76c : 04061463;
76d : 00400613;
76e : 00098593;
76f : 00810513;
770 : 1A10E0EF;
771 : 00400613;
772 : 000A0593;
773 : 00410513;
774 : 1910E0EF;
775 : 00200613;
776 : 000C8593;
777 : 00E10513;
778 : 1810E0EF;
779 : 00200613;
77a : 000C0593;
77b : 00C10513;
77c : 1710E0EF;
77d : 00410493;
77e : 00840B93;
77f : 00400613;
780 : 00048593;
781 : 000B8513;
782 : 1590E0EF;
783 : 00448A93;
784 : 00400613;
785 : 000A8593;
786 : 00098513;
787 : 1450E0EF;
788 : FEC90B13;
789 : 408B5D13;
78a : 000017B7;
78b : 10078793;
78c : 0FFB7B13;
78d : 0FFD7D13;
78e : 00F41823;
78f : 016409A3;
790 : 00200613;
791 : 00848593;
792 : 01A40923;
793 : 000C8513;
794 : 1110E0EF;
795 : 00200613;
796 : 00A48593;
797 : 000C0513;
798 : 1010E0EF;
799 : FF990593;
79a : 01640CA3;
79b : 01A40C23;
79c : 00041D23;
79d : 01240B33;
79e : 000B4C03;
79f : 4015D593;
7a0 : 000B0023;
7a1 : 000B8513;
7a2 : E75FF0EF;
7a3 : 01051513;
7a4 : 01055513;
7a5 : 018B0023;
7a6 : 00051663;
7a7 : 00010537;
7a8 : FFF50513;
7a9 : 00851793;
7aa : 00855513;
7ab : 00A7E533;
7ac : 04500793;
7ad : 00F41023;
7ae : 00891793;
7af : 01091913;
7b0 : 01095913;
7b1 : 00895913;
7b2 : 0127E933;
7b3 : 000017B7;
7b4 : 13F78793;
7b5 : 00F42423;
7b6 : 00A41D23;
7b7 : 01241123;
7b8 : 00048593;
7b9 : 00042223;
7ba : 00400613;
7bb : 00098513;
7bc : 0710E0EF;
7bd : 000A8593;
7be : 00400613;
7bf : 000A0513;
7c0 : 0610E0EF;
7c1 : 00040513;
7c2 : 00A00593;
7c3 : DF1FF0EF;
7c4 : 00851793;
7c5 : 01051513;
7c6 : 01055513;
7c7 : 00855513;
7c8 : 00A7E533;
7c9 : 03C12083;
7ca : 00A41523;
7cb : 03812403;
7cc : 03412483;
7cd : 03012903;
7ce : 02C12983;
7cf : 02812A03;
7d0 : 02412A83;
7d1 : 02012B03;
7d2 : 01C12B83;
7d3 : 01812C03;
7d4 : 01412C83;
7d5 : 01012D03;
7d6 : 04010113;
7d7 : 00008067;
7d8 : 0016F793;
7d9 : 1C079E63;
7da : FB010113;
7db : 04812423;
7dc : 04912223;
7dd : 03412C23;
7de : 03512A23;
7df : 03612823;
7e0 : 03712623;
7e1 : 03912223;
7e2 : 04112623;
7e3 : 05212023;
7e4 : 03312E23;
7e5 : 03812423;
7e6 : 00054983;
7e7 : 0046FB93;
7e8 : 00050A13;
7e9 : 40B989B3;
7ea : 00158593;
7eb : 00060413;
7ec : 00068A93;
7ed : 00B504B3;
7ee : 0086FC93;
7ef : 01703B33;
7f0 : 01044903;
7f1 : 04090A63;
7f2 : 00042C03;
7f3 : 00090613;
7f4 : 0129D463;
7f5 : 00098613;
7f6 : 0FF67613;
7f7 : 00048593;
7f8 : 000C0513;
7f9 : 0E80E0EF;
7fa : 01851513;
7fb : 41855513;
7fc : 060C8463;
7fd : 00090613;
7fe : 000C0593;
7ff : 00048513;
800 : 7600E0EF;
801 : 01044783;
802 : 00100713;
803 : 00000B13;
804 : 00F487B3;
805 : 00E78023;
806 : 01044783;
807 : 06079663;
808 : 00000513;
809 : 04C12083;
80a : 04812403;
80b : 04412483;
80c : 04012903;
80d : 03C12983;
80e : 03812A03;
80f : 03412A83;
810 : 03012B03;
811 : 02C12B83;
812 : 02812C03;
813 : 02412C83;
814 : 05010113;
815 : 00008067;
816 : 020B8263;
817 : 0E051663;
818 : F9395AE3;
819 : 00190913;
81a : FB3908E3;
81b : 000B8A63;
81c : 01395863;
81d : 00100B13;
81e : FA1FF06F;
81f : FE0504E3;
820 : 01440413;
821 : F3DFF06F;
822 : 00C42783;
823 : 00912623;
824 : 00F12C23;
825 : 01045783;
826 : 00F11E23;
827 : 000B0863;
828 : 0014C783;
829 : 00178793;
82a : 00F480A3;
82b : 01044503;
82c : 00442783;
82d : 00C10593;
82e : 00150513;
82f : 00A48533;
830 : 000780E7;
831 : 04051E63;
832 : F40B0CE3;
833 : 02444603;
834 : F40608E3;
835 : 01442583;
836 : 00048513;
837 : 01440413;
838 : 6800E0EF;
839 : 01044783;
83a : 00100713;
83b : 00C10593;
83c : 00F487B3;
83d : 00E78023;
83e : 00C42783;
83f : 01044503;
840 : 00F12C23;
841 : 01045783;
842 : 00150513;
843 : 00A48533;
844 : 00F11E23;
845 : 00442783;
846 : 000780E7;
847 : F00502E3;
848 : F00542E3;
849 : 01044783;
84a : 00CAFA93;
84b : 00178793;
84c : 00F50533;
84d : EE0A88E3;
84e : 00FA0023;
84f : EE9FF06F;
850 : FFC00513;
851 : 00008067;
852 : F2A05CE3;
853 : EA9FF06F;
854 : FC010113;
855 : 02812C23;
856 : 02912A23;
857 : 03212823;
858 : 03312623;
859 : 03512223;
85a : 03612023;
85b : 01712E23;
85c : 01812C23;
85d : 02112E23;
85e : 03412423;
85f : 01912A23;
860 : 01A12823;
861 : 01B12623;
862 : 00054A03;
863 : 00050A93;
864 : 00060413;
865 : 40BA0A33;
866 : 00158593;
867 : 00B504B3;
868 : 0086FB93;
869 : 00000993;
86a : 0036FC13;
86b : 0046FB13;
86c : 0016F913;
86d : 01044C83;
86e : 100C8063;
86f : 000C8D13;
870 : 000B9863;
871 : 019A5463;
872 : 000A0D13;
873 : 0FFD7D13;
874 : 000C0463;
875 : 034C9863;
876 : 00042D83;
877 : 020B9863;
878 : 000D0613;
879 : 00048593;
87a : 000D8513;
87b : 6E10D0EF;
87c : 01851993;
87d : 4189D993;
87e : 0C099863;
87f : 020B0C63;
880 : 01AC9E63;
881 : 01440413;
882 : FADFF06F;
883 : 00098663;
884 : 0A0B1E63;
885 : 0200006F;
886 : 000B0E63;
887 : 000C8613;
888 : 000D8593;
889 : 00048513;
88a : 5380E0EF;
88b : 01044783;
88c : 00FA8023;
88d : 02091463;
88e : 01044503;
88f : 00442783;
890 : 00040593;
891 : 00A48533;
892 : 000780E7;
893 : FA050CE3;
894 : 01044783;
895 : 00A78533;
896 : 0200006F;
897 : 00842783;
898 : 06078063;
899 : 01044503;
89a : 00040593;
89b : 00A48533;
89c : 000780E7;
89d : FC0552E3;
89e : 03C12083;
89f : 03812403;
8a0 : 03412483;
8a1 : 03012903;
8a2 : 02C12983;
8a3 : 02812A03;
8a4 : 02412A83;
8a5 : 02012B03;
8a6 : 01C12B83;
8a7 : 01812C03;
8a8 : 01412C83;
8a9 : 01012D03;
8aa : 00C12D83;
8ab : 04010113;
8ac : 00008067;
8ad : F53058E3;
8ae : 00000513;
8af : FBDFF06F;
8b0 : FFC00513;
8b1 : FB5FF06F;
8b2 : FE0B06E3;
8b3 : F53048E3;
8b4 : F20B8AE3;
8b5 : F49FF06F;
8b6 : FE010113;
8b7 : 00112E23;
8b8 : 04054063;
8b9 : 41F55793;
8ba : 01255713;
8bb : 00E79793;
8bc : 00E51513;
8bd : 000025B7;
8be : 00E7E7B3;
8bf : 00A12423;
8c0 : F4058593;
8c1 : 00810513;
8c2 : 00F12623;
8c3 : 280110EF;
8c4 : 00812503;
8c5 : 01C12083;
8c6 : 02010113;
8c7 : 00008067;
8c8 : FFFFC7B7;
8c9 : 02F50533;
8ca : 000025B7;
8cb : F4058593;
8cc : 00A12423;
8cd : 41F55513;
8ce : 00A12623;
8cf : 00810513;
8d0 : 24C110EF;
8d1 : 00812503;
8d2 : 40A00533;
8d3 : FC9FF06F;
8d4 : F5010113;
8d5 : 0B212023;
8d6 : 09312E23;
8d7 : 09412C23;
8d8 : 0001B937;
8d9 : 0001B9B7;
8da : 0001CA37;
8db : 09512A23;
8dc : 09712623;
8dd : 09812423;
8de : 0A112623;
8df : 0A812423;
8e0 : 0A912223;
8e1 : 09612823;
8e2 : 09912223;
8e3 : 09A12023;
8e4 : 07B12E23;
8e5 : 00050C13;
8e6 : 00058B93;
8e7 : 00050A93;
8e8 : B3090913;
8e9 : A0098993;
8ea : 0D4A0A13;
8eb : 000BC783;
8ec : 04079463;
8ed : 000A8023;
8ee : 0AC12083;
8ef : 0A812403;
8f0 : 418A8533;
8f1 : 0A412483;
8f2 : 0A012903;
8f3 : 09C12983;
8f4 : 09812A03;
8f5 : 09412A83;
8f6 : 09012B03;
8f7 : 08C12B83;
8f8 : 08812C03;
8f9 : 08412C83;
8fa : 08012D03;
8fb : 07C12D83;
8fc : 0B010113;
8fd : 00008067;
8fe : 02500713;
8ff : 00E78863;
900 : 00FA8023;
901 : 001A8A93;
902 : 3E80006F;
903 : 00000B13;
904 : 02B00693;
905 : 02D00593;
906 : 03000513;
907 : 02000813;
908 : 02300893;
909 : 01C0006F;
90a : 00B70863;
90b : 02A71663;
90c : 001B6B13;
90d : 0080006F;
90e : 010B6B13;
90f : 00078B93;
910 : 001BC703;
911 : 001B8793;
912 : 02D70863;
913 : FCE6EEE3;
914 : 03070863;
915 : 03170A63;
916 : FD070693;
917 : 0FF6F693;
918 : 00900593;
919 : 08D5E263;
91a : 00000413;
91b : 00900593;
91c : 00A00513;
91d : 02C0006F;
91e : 004B6B13;
91f : FC1FF06F;
920 : 008B6B13;
921 : FB9FF06F;
922 : 040B6B13;
923 : FB1FF06F;
924 : 02A40433;
925 : 00178793;
926 : 00D40433;
927 : FD040413;
928 : 0007C683;
929 : FD068713;
92a : 0FF77713;
92b : FEE5F2E3;
92c : 0007C683;
92d : 02E00713;
92e : FFF00493;
92f : 08E69063;
930 : 0017C583;
931 : 00900513;
932 : 00178713;
933 : FD058693;
934 : 0FF6F693;
935 : 0ED56863;
936 : 00000493;
937 : 00900593;
938 : 00A00513;
939 : 03C0006F;
93a : 02A00693;
93b : FFF00413;
93c : FCD710E3;
93d : 00062403;
93e : 002B8793;
93f : 00460613;
940 : FA0458E3;
941 : 40800433;
942 : 010B6B13;
943 : FA5FF06F;
944 : 02A484B3;
945 : 00170713;
946 : 00D484B3;
947 : FD048493;
948 : 00074683;
949 : FD068793;
94a : 0FF7F793;
94b : FEF5F2E3;
94c : 0004D463;
94d : 00000493;
94e : 00070793;
94f : 0007C703;
950 : 06800693;
951 : 02D70063;
952 : 0DF77693;
953 : 04C00593;
954 : 00B68A63;
955 : 05A00593;
956 : 00B68663;
957 : 07400693;
958 : 08D71463;
959 : 06C00593;
95a : 0017C683;
95b : 00178B93;
95c : 00B71863;
95d : 00E69663;
95e : 00278B93;
95f : 04C00713;
960 : 000BC783;
961 : 07800693;
962 : 02F6E063;
963 : 06200693;
964 : 06F6E263;
965 : 02500693;
966 : E6D784E3;
967 : 05800693;
968 : 01000C93;
969 : 06D78A63;
96a : 02500793;
96b : 00FA8023;
96c : 000BC783;
96d : 34078E63;
96e : 00FA80A3;
96f : 002A8A93;
970 : 2300006F;
971 : 02A00693;
972 : 00D59A63;
973 : 00062483;
974 : 00278713;
975 : 00460613;
976 : F59FF06F;
977 : 00070793;
978 : 00000493;
979 : F59FF06F;
97a : 00078B93;
97b : FFF00713;
97c : F91FF06F;
97d : F9D78793;
97e : 0FF7F793;
97f : 01500693;
980 : FAF6E4E3;
981 : 00279793;
982 : 013787B3;
983 : 0007A783;
984 : 00078067;
985 : 00800C93;
986 : 04C00793;
987 : 30F71063;
988 : 00760613;
989 : FF867613;
98a : 00062703;
98b : 00462783;
98c : 00860D13;
98d : 02E12023;
98e : 02F12223;
98f : 040B7693;
990 : 00068663;
991 : FF6C8693;
992 : 00D036B3;
993 : 010B7813;
994 : 020B7613;
995 : 00080463;
996 : FFEB7B13;
997 : 002B7593;
998 : 00000893;
999 : 02058463;
99a : 3207D263;
99b : 40E005B3;
99c : 40F007B3;
99d : 00E03733;
99e : 40E78733;
99f : 02B12023;
9a0 : 02E12223;
9a1 : FFF40413;
9a2 : 02D00893;
9a3 : 00068863;
9a4 : 01000793;
9a5 : 32FC8063;
9a6 : FFF40413;
9a7 : 02012783;
9a8 : 02412703;
9a9 : 00E7E7B3;
9aa : 30079A63;
9ab : 03000793;
9ac : 02F10623;
9ad : 00100D93;
9ae : 01B4D463;
9af : 000D8493;
9b0 : 011B7793;
9b1 : 40940433;
9b2 : 02079A63;
9b3 : 000A8793;
9b4 : 02000593;
9b5 : 00178793;
9b6 : 40FA8733;
9b7 : 00870733;
9b8 : 36075063;
9b9 : 00040793;
9ba : 00045463;
9bb : 00000793;
9bc : FFF40413;
9bd : 00FA8AB3;
9be : 40F40433;
9bf : 00088663;
9c0 : 011A8023;
9c1 : 001A8A93;
9c2 : 00068C63;
9c3 : 03000793;
9c4 : 00FA8023;
9c5 : 01000793;
9c6 : 32FC8863;
9c7 : 001A8A93;
9c8 : 04081063;
9c9 : 001B7793;
9ca : 03000693;
9cb : 00079463;
9cc : 02000693;
9cd : 000A8793;
9ce : 00178793;
9cf : 40F40733;
9d0 : 00EA8733;
9d1 : 30075A63;
9d2 : 00040793;
9d3 : 00045463;
9d4 : 00000793;
9d5 : FFF40413;
9d6 : 00FA8AB3;
9d7 : 40F40433;
9d8 : 000A8793;
9d9 : 03000693;
9da : 2FC0006F;
9db : 010B7793;
9dc : 04079463;
9dd : 000A8793;
9de : 02000693;
9df : 0080006F;
9e0 : FED78FA3;
9e1 : 00178793;
9e2 : 40FA8733;
9e3 : 00870733;
9e4 : FEE048E3;
9e5 : FFF40793;
9e6 : 00000713;
9e7 : 00805463;
9e8 : 00078713;
9e9 : 00EA8AB3;
9ea : 00804463;
9eb : 00100413;
9ec : 40878433;
9ed : 00140413;
9ee : 00062783;
9ef : 001A8713;
9f0 : 00460693;
9f1 : 00FA8023;
9f2 : 02000593;
9f3 : 00070793;
9f4 : 008A8AB3;
9f5 : 40FA8633;
9f6 : 02C04063;
9f7 : 00000A93;
9f8 : 00805463;
9f9 : FFF40A93;
9fa : 01570AB3;
9fb : 00068613;
9fc : 001B8B93;
9fd : BB9FF06F;
9fe : 00178793;
9ff : FEB78FA3;
a00 : FD5FF06F;
a01 : 00062C83;
a02 : 00460D13;
a03 : 000C9463;
a04 : 000A0C93;
a05 : 00048593;
a06 : 000C8513;
a07 : 6E10E0EF;
a08 : 010B7793;
a09 : 08078263;
a0a : 00000793;
a0b : 08A7C663;
a0c : 00050793;
a0d : 00055463;
a0e : 00000793;
a0f : 00FA8AB3;
a10 : 000A8793;
a11 : 008A86B3;
a12 : 02000613;
a13 : 40F68733;
a14 : 08E54063;
a15 : 00000793;
a16 : 00A44463;
a17 : 40A407B3;
a18 : 00FA8AB3;
a19 : 000D0613;
a1a : F89FF06F;
a1b : 00178793;
a1c : FEC78FA3;
a1d : 40F68733;
a1e : FEE54AE3;
a1f : 40A40733;
a20 : 00000793;
a21 : 00A44463;
a22 : 00070793;
a23 : 00FA8AB3;
a24 : 00000793;
a25 : 00A44463;
a26 : 40E007B3;
a27 : FFF40413;
a28 : 00878433;
a29 : F85FF06F;
a2a : 000A8793;
a2b : 008A86B3;
a2c : 02000613;
a2d : FC1FF06F;
a2e : 00FC8733;
a2f : 00074683;
a30 : 00FA8733;
a31 : 00178793;
a32 : 00D70023;
a33 : F61FF06F;
a34 : 00178793;
a35 : FEC78FA3;
a36 : F75FF06F;
a37 : 00062783;
a38 : 418A86B3;
a39 : 00460613;
a3a : 00D7A023;
a3b : F05FF06F;
a3c : 001B6B13;
a3d : 00800413;
a3e : 020B6B13;
a3f : 01000C93;
a40 : D19FF06F;
a41 : 002B6B13;
a42 : 00A00C93;
a43 : D0DFF06F;
a44 : 001A8A93;
a45 : FFFB8B93;
a46 : ED9FF06F;
a47 : 06C00793;
a48 : 00460D13;
a49 : 00F71A63;
a4a : 00062703;
a4b : 002B7793;
a4c : D00782E3;
a4d : 0480006F;
a4e : FDF77793;
a4f : 05A00693;
a50 : 00D79863;
a51 : 00062703;
a52 : 00000793;
a53 : CE9FF06F;
a54 : 07400793;
a55 : FEF708E3;
a56 : 06800693;
a57 : 002B7793;
a58 : 02D71263;
a59 : 00062703;
a5a : 01071713;
a5b : 00079663;
a5c : 01075713;
a5d : CC1FF06F;
a5e : 41075713;
a5f : 41F75793;
a60 : CB5FF06F;
a61 : 00062703;
a62 : FA9FF06F;
a63 : 004B7793;
a64 : 00078863;
a65 : FFF40413;
a66 : 02B00893;
a67 : CF1FF06F;
a68 : 008B7793;
a69 : CE0784E3;
a6a : FFF40413;
a6b : 02000893;
a6c : CDDFF06F;
a6d : FFE40413;
a6e : CE5FF06F;
a6f : 02C10713;
a70 : 00000D93;
a71 : 02412583;
a72 : 02012783;
a73 : 02059E63;
a74 : 0397F533;
a75 : 0397D7B3;
a76 : 02F12023;
a77 : 00A90533;
a78 : 05C54783;
a79 : 02412583;
a7a : 001D8D93;
a7b : 00F667B3;
a7c : 00F70023;
a7d : 02012783;
a7e : 00170713;
a7f : 00B7E7B3;
a80 : FC0792E3;
a81 : CB5FF06F;
a82 : 000C8593;
a83 : 02010513;
a84 : 01112E23;
a85 : 01012C23;
a86 : 00C12A23;
a87 : 00D12823;
a88 : 00E12623;
a89 : 369100EF;
a8a : 01C12883;
a8b : 01812803;
a8c : 01412603;
a8d : 01012683;
a8e : 00C12703;
a8f : FA1FF06F;
a90 : FEB78FA3;
a91 : C91FF06F;
a92 : 05866613;
a93 : 00CA80A3;
a94 : 002A8A93;
a95 : CCDFF06F;
a96 : FED78FA3;
a97 : CDDFF06F;
a98 : FED78FA3;
a99 : 00178793;
a9a : 40F48733;
a9b : 00EA8733;
a9c : FFB758E3;
a9d : 000D8713;
a9e : 00000793;
a9f : 01B4C463;
aa0 : 41B487B3;
aa1 : 00FA8AB3;
aa2 : 000A8793;
aa3 : FFF00693;
aa4 : FFFD8D93;
aa5 : 02DD9863;
aa6 : 00EA8AB3;
aa7 : 000A8793;
aa8 : 02000693;
aa9 : 00178793;
aaa : 40F40733;
aab : 00EA8733;
aac : 02075663;
aad : 00045463;
aae : 00000413;
aaf : 008A8AB3;
ab0 : DA5FF06F;
ab1 : 02C10613;
ab2 : 01B60633;
ab3 : 00064603;
ab4 : 00178793;
ab5 : FEC78FA3;
ab6 : FB9FF06F;
ab7 : FED78FA3;
ab8 : FC5FF06F;
ab9 : FD010113;
aba : 02112623;
abb : 02812423;
abc : 02912223;
abd : 03212023;
abe : 00054683;
abf : 0115C783;
ac0 : 00154483;
ac1 : 00058713;
ac2 : 0CD79A63;
ac3 : 04000693;
ac4 : 00060413;
ac5 : 00250593;
ac6 : 08D78E63;
ac7 : 02F6EE63;
ac8 : 00200693;
ac9 : 04D78063;
aca : 00400693;
acb : 00000513;
acc : 06D79663;
acd : 01374783;
ace : FFD00513;
acf : 0697E063;
ad0 : 00040513;
ad1 : 00048613;
ad2 : 00940433;
ad3 : 4150D0EF;
ad4 : 00040023;
ad5 : 0440006F;
ad6 : 04200713;
ad7 : 00000513;
ad8 : 02E79E63;
ad9 : 00400913;
ada : FFD00513;
adb : 02996863;
adc : 00048613;
add : 00810513;
ade : 00012423;
adf : 3E50D0EF;
ae0 : 00812503;
ae1 : 40990933;
ae2 : 00391913;
ae3 : 769160EF;
ae4 : 01255933;
ae5 : 01242023;
ae6 : 00248513;
ae7 : 02C12083;
ae8 : 02812403;
ae9 : 02412483;
aea : 02012903;
aeb : 03010113;
aec : 00008067;
aed : 00400793;
aee : FFD00513;
aef : FEF490E3;
af0 : 00400613;
af1 : 00040513;
af2 : 3990D0EF;
af3 : 00040593;
af4 : 00C10513;
af5 : 0EC0C0EF;
af6 : FC1FF06F;
af7 : FFD00513;
af8 : FBDFF06F;
af9 : 0125C703;
afa : 00C5A603;
afb : 00E60633;
afc : EF5FF06F;
afd : FC010113;
afe : 02812C23;
aff : 02912A23;
b00 : 03212823;
b01 : 02112E23;
b02 : 00B50023;
b03 : 04000793;
b04 : 00050413;
b05 : 00060493;
b06 : 00250913;
b07 : 0CF58A63;
b08 : 02B7E863;
b09 : 00200793;
b0a : 06F58863;
b0b : 00400793;
b0c : 08F58C63;
b0d : 00000513;
b0e : 03C12083;
b0f : 03812403;
b10 : 03412483;
b11 : 03012903;
b12 : 04010113;
b13 : 00008067;
b14 : 04300793;
b15 : 04B7F263;
b16 : 04600793;
b17 : FCF59CE3;
b18 : 0001F7B7;
b19 : 6847C783;
b1a : 00000513;
b1b : FC0786E3;
b1c : 00462783;
b1d : 00062703;
b1e : 01010593;
b1f : 00800613;
b20 : 00090513;
b21 : 00F12A23;
b22 : 00E12823;
b23 : 2D50D0EF;
b24 : 00800793;
b25 : 0240006F;
b26 : 0004A503;
b27 : 659160EF;
b28 : 00A12623;
b29 : 00400613;
b2a : 00C10593;
b2b : 00090513;
b2c : 2B10D0EF;
b2d : 00400793;
b2e : 00F400A3;
b2f : 00144503;
b30 : 00250513;
b31 : F75FF06F;
b32 : 01F00593;
b33 : 00060513;
b34 : 22D0E0EF;
b35 : 00A400A3;
b36 : 0FF57513;
b37 : 00150613;
b38 : 00048593;
b39 : 00090513;
b3a : 2790D0EF;
b3b : FD1FF06F;
b3c : 00400793;
b3d : 00F500A3;
b3e : 00048593;
b3f : 00400613;
b40 : 00090513;
b41 : 25D0D0EF;
b42 : 00048593;
b43 : 01C10513;
b44 : 7B10B0EF;
b45 : FA9FF06F;
b46 : FD010113;
b47 : 02912223;
b48 : 00058493;
b49 : 0001F5B7;
b4a : 02812423;
b4b : 01000613;
b4c : 00050413;
b4d : 4AC58593;
b4e : 00C10513;
b4f : 02112623;
b50 : 2210D0EF;
b51 : 0114C583;
b52 : 00C10613;
b53 : 00040513;
b54 : 00010E23;
b55 : EA1FF0EF;
b56 : 02C12083;
b57 : 02812403;
b58 : 02412483;
b59 : 03010113;
b5a : 00008067;
b5b : 0125C783;
b5c : 00C5A603;
b5d : 0115C583;
b5e : 00F60633;
b5f : E79FF06F;
b60 : 00C5A703;
b61 : 0125C783;
b62 : 0115C583;
b63 : 00072603;
b64 : 00F60633;
b65 : E61FF06F;
b66 : FF010113;
b67 : 00912223;
b68 : 00C5A483;
b69 : 00812423;
b6a : 00112623;
b6b : 00048613;
b6c : D35FF0EF;
b6d : 00050413;
b6e : 02A05063;
b6f : 0004A703;
b70 : 00100793;
b71 : 02F71663;
b72 : 3F8150EF;
b73 : 6DC150EF;
b74 : 06400793;
b75 : 00F4A023;
b76 : 00C12083;
b77 : 00040513;
b78 : 00812403;
b79 : 00412483;
b7a : 01010113;
b7b : 00008067;
b7c : 0C800793;
b7d : FE1FF06F;
b7e : 00020737;
b7f : 9A870793;
b80 : 71C7A683;
b81 : 00C5A783;
b82 : FE010113;
b83 : 00812C23;
b84 : 00912A23;
b85 : 00112E23;
b86 : 00200613;
b87 : 00050493;
b88 : 00058413;
b89 : 04C78A63;
b8a : 00500613;
b8b : 0AC78263;
b8c : 9A870713;
b8d : 5BC72583;
b8e : 00100613;
b8f : 10C59063;
b90 : 00001637;
b91 : 00C70633;
b92 : 8E062603;
b93 : 0EB61863;
b94 : FFF78793;
b95 : 00C00613;
b96 : 5B872503;
b97 : 1CF66463;
b98 : 0001B637;
b99 : 00279793;
b9a : A5860613;
b9b : 00C787B3;
b9c : 0007A783;
b9d : 00078067;
b9e : 05068513;
b9f : 4650E0EF;
ba0 : 00058793;
ba1 : 00B12623;
ba2 : 00A12423;
ba3 : FFF00713;
ba4 : 01144583;
ba5 : 00E7C863;
ba6 : 02E79063;
ba7 : 80000737;
ba8 : 00E57C63;
ba9 : 80000537;
baa : 00A12223;
bab : 00410613;
bac : 00048513;
bad : 0700006F;
bae : 00F04663;
baf : FE0796E3;
bb0 : FE0554E3;
bb1 : 80000537;
bb2 : FFF54513;
bb3 : FDDFF06F;
bb4 : 0706A583;
bb5 : 0746A783;
bb6 : 3B9AD637;
bb7 : A0060613;
bb8 : 02C58733;
bb9 : 02C787B3;
bba : 02C5B633;
bbb : 00C787B3;
bbc : 07C6A603;
bbd : 07A6D683;
bbe : 01061593;
bbf : 00D5E6B3;
bc0 : 41065613;
bc1 : 00D706B3;
bc2 : 00C787B3;
bc3 : 00E6B733;
bc4 : 01144583;
bc5 : 00F707B3;
bc6 : 00D12423;
bc7 : 00F12623;
bc8 : 00810613;
bc9 : CD1FF0EF;
bca : 01C12083;
bcb : 01812403;
bcc : 01412483;
bcd : 02010113;
bce : 00008067;
bcf : 00100713;
bd0 : 02E78063;
bd1 : 00000793;
bd2 : 00000813;
bd3 : 00F12423;
bd4 : 01012623;
bd5 : 01144583;
bd6 : 00810613;
bd7 : F55FF06F;
bd8 : 06300793;
bd9 : 00F12423;
bda : FEDFF06F;
bdb : 0616C783;
bdc : FF5FF06F;
bdd : 02C52703;
bde : FFF00693;
bdf : 01144583;
be0 : 02852783;
be1 : 00D74863;
be2 : 00D71A63;
be3 : 800006B7;
be4 : 00D7F663;
be5 : 800007B7;
be6 : FFF00713;
be7 : 00E04663;
be8 : 00071863;
be9 : 0007D663;
bea : 800007B7;
beb : FFF7C793;
bec : 00F12423;
bed : 00810613;
bee : EF9FF06F;
bef : 0E850513;
bf0 : 3210E0EF;
bf1 : 00A12423;
bf2 : 00B12623;
bf3 : F89FF06F;
bf4 : 04850513;
bf5 : 30D0E0EF;
bf6 : 00A12423;
bf7 : F79FF06F;
bf8 : 05850513;
bf9 : FF1FF06F;
bfa : 06850513;
bfb : FE9FF06F;
bfc : 07850513;
bfd : FE1FF06F;
bfe : 00052783;
bff : F69FF06F;
c00 : 00452783;
c01 : F61FF06F;
c02 : 00852783;
c03 : F59FF06F;
c04 : 71872783;
c05 : 0187A503;
c06 : 01C7A583;
c07 : 25D0E0EF;
c08 : FA5FF06F;
c09 : FFF00513;
c0a : F01FF06F;
c0b : 000207B7;
c0c : 9B07A783;
c0d : 00100737;
c0e : 0207A823;
c0f : 02E7A623;
c10 : 0307A703;
c11 : FE075EE3;
c12 : 0307A783;
c13 : 32000513;
c14 : 0047D793;
c15 : 01F7F793;
c16 : 02A78533;
c17 : 00008067;
c18 : 000217B7;
c19 : 9A878713;
c1a : 8F072703;
c1b : 00060693;
c1c : 9A878793;
c1d : 02070A63;
c1e : 9387A703;
c1f : 00C50633;
c20 : 00C77463;
c21 : 40A706B3;
c22 : 8E87A703;
c23 : 93C7A783;
c24 : 01872603;
c25 : 00462303;
c26 : 00058613;
c27 : 00F505B3;
c28 : 00472503;
c29 : 00030067;
c2a : FFE00513;
c2b : 00008067;
c2c : 000217B7;
c2d : 9A878713;
c2e : 8F072703;
c2f : 00060693;
c30 : 9A878793;
c31 : 02070A63;
c32 : 9387A703;
c33 : 00C50633;
c34 : 00C77463;
c35 : 40A706B3;
c36 : 8E87A703;
c37 : 93C7A783;
c38 : 01872603;
c39 : 00062303;
c3a : 00058613;
c3b : 00F505B3;
c3c : 00472503;
c3d : 00030067;
c3e : FFE00513;
c3f : 00008067;
c40 : FF010113;
c41 : 00812423;
c42 : 00112623;
c43 : 00021437;
c44 : 00912223;
c45 : 9A840413;
c46 : 0A050663;
c47 : 8E842783;
c48 : 8EC42583;
c49 : 8F840493;
c4a : 0187A703;
c4b : 0047A503;
c4c : 94B42023;
c4d : 00072703;
c4e : 04000693;
c4f : 00048613;
c50 : 000700E7;
c51 : 93744783;
c52 : 8E942823;
c53 : 00078E63;
c54 : 00000513;
c55 : 00C12083;
c56 : 00812403;
c57 : 00412483;
c58 : 01010113;
c59 : 00008067;
c5a : 8F842503;
c5b : 189160EF;
c5c : 534447B7;
c5d : 22D78793;
c5e : FCF51CE3;
c5f : 8FC45783;
c60 : 8FC45703;
c61 : 00879793;
c62 : 00875713;
c63 : 00E7E7B3;
c64 : 01079793;
c65 : 0107D793;
c66 : FFF78793;
c67 : 94F42223;
c68 : 94042783;
c69 : 04078793;
c6a : 94F42023;
c6b : 90042503;
c6c : 90442583;
c6d : 175160EF;
c6e : 92A42E23;
c6f : 8F840513;
c70 : F95FF06F;
c71 : 94442783;
c72 : F80784E3;
c73 : 8E842783;
c74 : 94042583;
c75 : 8F840493;
c76 : 0187A703;
c77 : 0047A503;
c78 : 04000693;
c79 : 00072703;
c7a : 00048613;
c7b : 000700E7;
c7c : 94042783;
c7d : 8E942823;
c7e : 04078793;
c7f : 94F42023;
c80 : 94442783;
c81 : FFF78793;
c82 : 94F42223;
c83 : FA1FF06F;
c84 : FE010113;
c85 : 00812C23;
c86 : 00021437;
c87 : 9A840793;
c88 : 8E87A783;
c89 : 00112E23;
c8a : 00912A23;
c8b : 01212823;
c8c : 01312623;
c8d : 02079263;
c8e : FFE00513;
c8f : 01C12083;
c90 : 01812403;
c91 : 01412483;
c92 : 01012903;
c93 : 00C12983;
c94 : 02010113;
c95 : 00008067;
c96 : 00050493;
c97 : 656C7937;
c98 : 00100513;
c99 : 617469B7;
c9a : 9A840413;
c9b : E95FF0EF;
c9c : 94690913;
c9d : 14498993;
c9e : 00000513;
c9f : E85FF0EF;
ca0 : FA050CE3;
ca1 : 01852783;
ca2 : FF2798E3;
ca3 : 01C52783;
ca4 : FF3794E3;
ca5 : 02052783;
ca6 : FEF490E3;
ca7 : 8F042783;
ca8 : 0107A503;
ca9 : 0147A583;
caa : 081160EF;
cab : 93C42783;
cac : 40F50533;
cad : 00150513;
cae : 92A42C23;
caf : 00000513;
cb0 : F7DFF06F;
cb1 : 00654783;
cb2 : FF010113;
cb3 : 02400713;
cb4 : 0027F793;
cb5 : 00079463;
cb6 : 00400713;
cb7 : 00852783;
cb8 : 000106B7;
cb9 : 0207A823;
cba : 02D7A623;
cbb : 0307A683;
cbc : FE06DEE3;
cbd : 0307A683;
cbe : 01069693;
cbf : 0106D693;
cc0 : 00D11723;
cc1 : 0207A823;
cc2 : 000106B7;
cc3 : 02D7A623;
cc4 : 0307A683;
cc5 : FE06DEE3;
cc6 : 0307A783;
cc7 : 01079793;
cc8 : 0107D793;
cc9 : 00F11723;
cca : 00E15503;
ccb : 01010113;
ccc : 00A77533;
ccd : 40E50533;
cce : 00153513;
ccf : 00008067;
cd0 : 00C5A703;
cd1 : 00100793;
cd2 : 04F71A63;
cd3 : FE010113;
cd4 : 00912A23;
cd5 : 00050493;
cd6 : 00020537;
cd7 : 9A850513;
cd8 : 00112E23;
cd9 : 00812C23;
cda : 00058413;
cdb : F59FF0EF;
cdc : 01144583;
cdd : 00150513;
cde : 00A12623;
cdf : 00C10613;
ce0 : 00048513;
ce1 : 871FF0EF;
ce2 : 01C12083;
ce3 : 01812403;
ce4 : 01412483;
ce5 : 02010113;
ce6 : 00008067;
ce7 : FFF00513;
ce8 : 00008067;
ce9 : 0001F737;
cea : 000216B7;
ceb : 59872783;
cec : 9A868693;
ced : 00000513;
cee : 03B00593;
cef : 94868813;
cf0 : 05000893;
cf1 : 00A78633;
cf2 : 00064603;
cf3 : 00060C63;
cf4 : 00B60A63;
cf5 : 00A80333;
cf6 : 00C30023;
cf7 : 00150513;
cf8 : FF1512E3;
cf9 : 00A686B3;
cfa : 00A787B3;
cfb : 94068423;
cfc : 58F72C23;
cfd : 0007C603;
cfe : 03B00693;
cff : 00D61663;
d00 : 00178793;
d01 : 58F72C23;
d02 : 00051863;
d03 : 0001B7B7;
d04 : B9C78793;
d05 : 58F72C23;
d06 : 00008067;
d07 : 0001F737;
d08 : 4A870713;
d09 : 03872783;
d0a : 04872683;
d0b : 03C72703;
d0c : 0047A603;
d0d : 00C70523;
d0e : 0087A603;
d0f : 00C705A3;
d10 : 00C7A603;
d11 : 00C71623;
d12 : 0107A603;
d13 : 00C68423;
d14 : 0147C603;
d15 : 00C683A3;
d16 : 0157C603;
d17 : 00C68323;
d18 : 0167C603;
d19 : 00C682A3;
d1a : 0287A683;
d1b : 00D70723;
d1c : 02C7A683;
d1d : 00D707A3;
d1e : 0307A783;
d1f : 00F70823;
d20 : 00008067;
d21 : 0001F7B7;
d22 : 4E07A703;
d23 : 0001B7B7;
d24 : BC478793;
d25 : 00472583;
d26 : FFF00613;
d27 : 00079683;
d28 : 04D59263;
d29 : 00872603;
d2a : FFF00693;
d2b : 00D61663;
d2c : 0027C683;
d2d : 00D72423;
d2e : 00C72603;
d2f : FFF00693;
d30 : 00D61663;
d31 : 0047D683;
d32 : 00D72623;
d33 : 01072603;
d34 : FFF00693;
d35 : 00D61663;
d36 : 0037C783;
d37 : 00F72823;
d38 : 00008067;
d39 : FCC680E3;
d3a : 00A78793;
d3b : FB1FF06F;
d3c : 00021737;
d3d : 9A870793;
d3e : 74323637;
d3f : 9A07A583;
d40 : 99C78693;
d41 : 9A870713;
d42 : 00000793;
d43 : 47060613;
d44 : 00B79663;
d45 : FFF00513;
d46 : 00008067;
d47 : 00C6A803;
d48 : 00868693;
d49 : 00C81E63;
d4a : 00379793;
d4b : 00F707B3;
d4c : 9AC7A783;
d4d : 00F52023;
d4e : 00000513;
d4f : 00008067;
d50 : 00178793;
d51 : FCDFF06F;
d52 : FF010113;
d53 : 00912223;
d54 : 000204B7;
d55 : 00050593;
d56 : 00600613;
d57 : 9A848513;
d58 : 00812423;
d59 : 00112623;
d5a : 9A848413;
d5b : 1F40D0EF;
d5c : 00244783;
d5d : 00344703;
d5e : 00842683;
d5f : 01879793;
d60 : 01071713;
d61 : 00E7E7B3;
d62 : 00544703;
d63 : 00C12083;
d64 : 9A848593;
d65 : 00E7E7B3;
d66 : 00444703;
d67 : 00412483;
d68 : 0001F537;
d69 : 00871713;
d6a : 00E7E7B3;
d6b : 02F6A423;
d6c : 00045783;
d6d : 00600613;
d6e : 53450513;
d6f : 00879713;
d70 : 01079793;
d71 : 0107D793;
d72 : 0087D793;
d73 : 00F767B3;
d74 : 01079793;
d75 : 0107D793;
d76 : 02F6A223;
d77 : 00644783;
d78 : 0017E793;
d79 : 00F40323;
d7a : 00812403;
d7b : 01010113;
d7c : 1700D06F;
d7d : FF010113;
d7e : 00812423;
d7f : 00050413;
d80 : 2D636537;
d81 : 16D50513;
d82 : 00112623;
d83 : C05FF0EF;
d84 : FFF00713;
d85 : 02054063;
d86 : 00600613;
d87 : 00040593;
d88 : 00000513;
d89 : A8DFF0EF;
d8a : 000207B7;
d8b : 00050713;
d8c : 2807AC23;
d8d : 00044783;
d8e : 0FF00693;
d8f : FFF00513;
d90 : 02D78C63;
d91 : 00144683;
d92 : 00D7E7B3;
d93 : 00244683;
d94 : 00D7E7B3;
d95 : 00344683;
d96 : 00D7E7B3;
d97 : 00444683;
d98 : 00D7E7B3;
d99 : 00544683;
d9a : 00D7E7B3;
d9b : 0FF7F793;
d9c : 00078463;
d9d : 41F75513;
d9e : 00C12083;
d9f : 00812403;
da0 : 01010113;
da1 : 00008067;
da2 : 000207B7;
da3 : 9B07A783;
da4 : FF010113;
da5 : 00112623;
da6 : 0207A823;
da7 : 00110737;
da8 : 02E7A623;
da9 : 0307A703;
daa : FE075EE3;
dab : 0307A583;
dac : 02050463;
dad : 000107B7;
dae : FDF78793;
daf : 00F5F5B3;
db0 : 04400513;
db1 : AA1FC0EF;
db2 : 00C12083;
db3 : 00000513;
db4 : 01010113;
db5 : 00008067;
db6 : 0205E593;
db7 : 01059593;
db8 : 0105D593;
db9 : FDDFF06F;
dba : FD010113;
dbb : 02812423;
dbc : 01312E23;
dbd : 00021437;
dbe : 2D4249B7;
dbf : 03212023;
dc0 : 02112623;
dc1 : 02912223;
dc2 : 00012623;
dc3 : 00000913;
dc4 : 9A840413;
dc5 : 45398993;
dc6 : A1C42783;
dc7 : 012787B3;
dc8 : 0007A483;
dc9 : 0004D663;
dca : FED00513;
dcb : 0400006F;
dcc : A1442783;
dcd : 04F4FA63;
dce : A2042783;
dcf : A0C42503;
dd0 : 00400693;
dd1 : 0007A783;
dd2 : 00C10613;
dd3 : 00048593;
dd4 : 000780E7;
dd5 : 00C12783;
dd6 : 03379863;
dd7 : A0840793;
dd8 : 8EF42423;
dd9 : 8E942623;
dda : 00000513;
ddb : 02C12083;
ddc : 02812403;
ddd : 02412483;
dde : 02012903;
ddf : 01C12983;
de0 : 03010113;
de1 : 00008067;
de2 : 00490913;
de3 : F8DFF06F;
de4 : 000217B7;
de5 : 9A878713;
de6 : 8F072703;
de7 : 00050613;
de8 : 9A878793;
de9 : 02070463;
dea : 9387A703;
deb : 00A77463;
dec : 00070613;
ded : 8E87A703;
dee : 93C7A583;
def : 01872683;
df0 : 00472503;
df1 : 0086A303;
df2 : 00030067;
df3 : FFE00513;
df4 : 00008067;
df5 : 00020737;
df6 : 9A870793;
df7 : 4387A783;
df8 : 9A870693;
df9 : 00004737;
dfa : 0407D063;
dfb : 00E787B3;
dfc : 00004737;
dfd : FFF70713;
dfe : 00179793;
dff : 00002637;
e00 : F4060613;
e01 : 00E7F7B3;
e02 : 02C78733;
e03 : 02C797B3;
e04 : 00E75713;
e05 : 01279793;
e06 : 00E7E733;
e07 : 00E52023;
e08 : 43C6A503;
e09 : 00008067;
e0a : FCE7C4E3;
e0b : 40E787B3;
e0c : FC1FF06F;
e0d : FF010113;
e0e : 00912223;
e0f : 17C52483;
e10 : 00812423;
e11 : 0A850593;
e12 : 00050413;
e13 : 01000613;
e14 : 08048513;
e15 : 00112623;
e16 : 7090C0EF;
e17 : 0B840593;
e18 : 09048513;
e19 : 01000613;
e1a : 6F90C0EF;
e1b : 00100793;
e1c : 06F481A3;
e1d : 00C12083;
e1e : 00812403;
e1f : 00412483;
e20 : 01010113;
e21 : 00008067;
e22 : FC010113;
e23 : 02812C23;
e24 : 03212823;
e25 : 00058413;
e26 : 00050913;
e27 : 00010593;
e28 : 00060513;
e29 : 02112E23;
e2a : 02912A23;
e2b : 00060493;
e2c : 0190B0EF;
e2d : 02C4D783;
e2e : 02C4D703;
e2f : 00800613;
e30 : 00879793;
e31 : 00875713;
e32 : 00E7E7B3;
e33 : 00F11823;
e34 : 02F4C783;
e35 : 0324D703;
e36 : 03548593;
e37 : 00F10923;
e38 : 0304C783;
e39 : 00875713;
e3a : 01910513;
e3b : 00F10A23;
e3c : 0314C783;
e3d : 00F10AA3;
e3e : 0324D783;
e3f : 00879793;
e40 : 00E7E7B3;
e41 : 00F11B23;
e42 : 0344C783;
e43 : 00F10C23;
e44 : 6510C0EF;
e45 : 03D4C783;
e46 : 03E4C703;
e47 : 00800613;
e48 : 00879793;
e49 : 00E787B3;
e4a : 02F11123;
e4b : 03F4C783;
e4c : 00000593;
e4d : 02610513;
e4e : 02F10223;
e4f : 2AD0B0EF;
e50 : 02092783;
e51 : 0387A783;
e52 : 00078A63;
e53 : 00010613;
e54 : 00048593;
e55 : 00090513;
e56 : 000780E7;
e57 : 17892583;
e58 : 00A00613;
e59 : 00640513;
e5a : 5F90C0EF;
e5b : 29A95783;
e5c : 29090593;
e5d : 00A00613;
e5e : 00F41023;
e5f : 01040513;
e60 : 5E10C0EF;
e61 : 27790593;
e62 : 00200613;
e63 : 02940513;
e64 : 5D10C0EF;
e65 : 01015783;
e66 : 01410593;
e67 : 00400613;
e68 : 00F41223;
e69 : 01214783;
e6a : 01A40513;
e6b : 02F40323;
e6c : 5B10C0EF;
e6d : 01814783;
e6e : 01910593;
e6f : 00800613;
e70 : 02F403A3;
e71 : 01E40513;
e72 : 5990C0EF;
e73 : 02215783;
e74 : 02610593;
e75 : 02042623;
e76 : 00F41123;
e77 : 02414783;
e78 : 020405A3;
e79 : 00800613;
e7a : 02F40423;
e7b : 03040513;
e7c : 5710C0EF;
e7d : 09490593;
e7e : 03840513;
e7f : 00600613;
e80 : 5610C0EF;
e81 : 03C12083;
e82 : 03812403;
e83 : 03412483;
e84 : 03012903;
e85 : 04010113;
e86 : 00008067;
e87 : FE010113;
e88 : 00812C23;
e89 : 00021437;
e8a : 9A840793;
e8b : A107A783;
e8c : 01212823;
e8d : 01312623;
e8e : 00112E23;
e8f : 00500993;
e90 : 00912A23;
e91 : 02F989B3;
e92 : 9A840413;
e93 : 00050913;
e94 : 00059463;
e95 : A1842903;
e96 : 00000493;
e97 : 0334C263;
e98 : 01C12083;
e99 : 01812403;
e9a : 01412483;
e9b : 01012903;
e9c : 00C12983;
e9d : 00000513;
e9e : 02010113;
e9f : 00008067;
ea0 : A2042783;
ea1 : A1042603;
ea2 : A0C42503;
ea3 : 0087A783;
ea4 : 012485B3;
ea5 : 000780E7;
ea6 : A1042783;
ea7 : 00F484B3;
ea8 : FBDFF06F;
ea9 : 00100793;
eaa : 00B7DA63;
eab : 00052023;
eac : 00052223;
ead : 00052423;
eae : 00008067;
eaf : 11800713;
eb0 : 02E58733;
eb1 : 000207B7;
eb2 : 9A878693;
eb3 : 00400813;
eb4 : 9A878793;
eb5 : 00E686B3;
eb6 : 1F46A703;
eb7 : 1F06A603;
eb8 : FFE70693;
eb9 : 00000713;
eba : 00D86A63;
ebb : 0001F737;
ebc : 3B470713;
ebd : 00D70733;
ebe : 00074703;
ebf : 11800693;
ec0 : 02D585B3;
ec1 : 00E52023;
ec2 : 00C52223;
ec3 : 00B785B3;
ec4 : 1F85A783;
ec5 : 00F52423;
ec6 : 00008067;
ec7 : FF010113;
ec8 : 00812423;
ec9 : 00020437;
eca : 00912223;
ecb : 01212023;
ecc : 9A840413;
ecd : 00112623;
ece : 00058493;
ecf : 0E840913;
ed0 : 00050C63;
ed1 : FFF50513;
ed2 : 11800793;
ed3 : 02F50533;
ed4 : 00A40533;
ed5 : 20050913;
ed6 : 00048513;
ed7 : F7CFE0EF;
ed8 : 00200793;
ed9 : 02F54533;
eda : 02942623;
edb : 00C12083;
edc : 00812403;
edd : 00412483;
ede : 0CA92823;
edf : 00012903;
ee0 : 01010113;
ee1 : 00008067;
ee2 : FE010113;
ee3 : 01212823;
ee4 : 00020937;
ee5 : 00812C23;
ee6 : 00912A23;
ee7 : 01312623;
ee8 : 01412423;
ee9 : 01512223;
eea : 00112E23;
eeb : 00050493;
eec : 00000413;
eed : 000209B7;
eee : 9A890913;
eef : 11800A13;
ef0 : 00400A93;
ef1 : 8A99C783;
ef2 : FFF78793;
ef3 : 02F44463;
ef4 : 01C12083;
ef5 : 01812403;
ef6 : 01412483;
ef7 : 01012903;
ef8 : 00C12983;
ef9 : 00812A03;
efa : 00412A83;
efb : 02010113;
efc : 00008067;
efd : 034407B3;
efe : 00140413;
eff : 00F907B3;
f00 : 1F47A783;
f01 : FD5790E3;
f02 : 00048593;
f03 : 00040513;
f04 : F0DFF0EF;
f05 : FB1FF06F;
f06 : 00020737;
f07 : 8A072783;
f08 : FD010113;
f09 : 01412C23;
f0a : 00178793;
f0b : 8AF72023;
f0c : 00100737;
f0d : 41C72683;
f0e : 000207B7;
f0f : 01512A23;
f10 : 88D7AE23;
f11 : 000207B7;
f12 : 8807AC23;
f13 : 000207B7;
f14 : 8807AA23;
f15 : 000017B7;
f16 : 02112623;
f17 : 02812423;
f18 : 02912223;
f19 : 03212023;
f1a : 01312E23;
f1b : 01612823;
f1c : 01712623;
f1d : 01812423;
f1e : 01912223;
f1f : 00050A13;
f20 : 00058A93;
f21 : 80078793;
f22 : 3047B7F3;
f23 : 300477F3;
f24 : 20072703;
f25 : 000207B7;
f26 : 00020B37;
f27 : 01075493;
f28 : 03F4F493;
f29 : 8A978523;
f2a : 00571693;
f2b : 00300793;
f2c : 0006C663;
f2d : 01875793;
f2e : 0077F793;
f2f : 40165913;
f30 : 8AFB04A3;
f31 : 00020437;
f32 : 000207B7;
f33 : 00197913;
f34 : 8B278423;
f35 : 9A840793;
f36 : 0147A823;
f37 : 0007AE23;
f38 : 0207A423;
f39 : 0207A223;
f3a : 000207B7;
f3b : 8807A823;
f3c : 000207B7;
f3d : 8807A623;
f3e : 000207B7;
f3f : 8807A423;
f40 : 000207B7;
f41 : 8807A223;
f42 : 000207B7;
f43 : 8807A023;
f44 : 000207B7;
f45 : 8607AE23;
f46 : 000207B7;
f47 : 8607AC23;
f48 : 000207B7;
f49 : 8607AA23;
f4a : 000207B7;
f4b : 8607A823;
f4c : 000207B7;
f4d : 8607A623;
f4e : 000207B7;
f4f : 8607A423;
f50 : 000207B7;
f51 : 8C07A823;
f52 : 000207B7;
f53 : 8C07A623;
f54 : 000207B7;
f55 : 8C07A423;
f56 : 000207B7;
f57 : 8C07A223;
f58 : 000207B7;
f59 : 8C07A023;
f5a : 000207B7;
f5b : 8A07AE23;
f5c : 000207B7;
f5d : 8A07AC23;
f5e : 000207B7;
f5f : 8A07AA23;
f60 : 000207B7;
f61 : 8A07A823;
f62 : 000207B7;
f63 : 00100737;
f64 : 8A07A623;
f65 : 22072423;
f66 : 22072223;
f67 : 20072223;
f68 : 00100693;
f69 : 26D72023;
f6a : 24072023;
f6b : 20072023;
f6c : 22072423;
f6d : 22072223;
f6e : 20072223;
f6f : 22072023;
f70 : 3E800693;
f71 : 24D72423;
f72 : 30072783;
f73 : 9A840413;
f74 : 0027E793;
f75 : 30F72023;
f76 : 00700793;
f77 : 000A0463;
f78 : 00900793;
f79 : 00F42A23;
f7a : 000207B7;
f7b : 8607A223;
f7c : 000207B7;
f7d : 8607A023;
f7e : 01442503;
f7f : D24FC0EF;
f80 : 00300713;
f81 : 00048793;
f82 : 00EA1463;
f83 : 000A8793;
f84 : 0E840513;
f85 : 00048613;
f86 : 000A8593;
f87 : 01040993;
f88 : 02F42E23;
f89 : A8DFC0EF;
f8a : 00098513;
f8b : 00148C13;
f8c : 00000993;
f8d : 00100C93;
f8e : 8A9B4783;
f8f : 11850B93;
f90 : FFF78693;
f91 : 10D9C263;
f92 : 02048463;
f93 : 42042223;
f94 : 42042E23;
f95 : 20000713;
f96 : 42E42423;
f97 : 42042623;
f98 : 42042823;
f99 : 42042023;
f9a : FFF00713;
f9b : 44E42023;
f9c : 00100713;
f9d : 04EA1863;
f9e : 00100737;
f9f : 20070713;
fa0 : 00472703;
fa1 : 00277713;
fa2 : 08070663;
fa3 : 03040713;
fa4 : 0CE42423;
fa5 : 0E840713;
fa6 : 0CE42623;
fa7 : 009785B3;
fa8 : 00090463;
fa9 : 00158593;
faa : 0C842783;
fab : 0CC42503;
fac : 00048613;
fad : 00B7A623;
fae : 9F9FC0EF;
faf : 0C042A23;
fb0 : 0C042823;
fb1 : 001006B7;
fb2 : 2806A703;
fb3 : 20068793;
fb4 : 00E71613;
fb5 : 08065A63;
fb6 : 0007A783;
fb7 : 001006B7;
fb8 : 00479713;
fb9 : 08074863;
fba : 020A0663;
fbb : 001007B7;
fbc : 00100713;
fbd : 26E7A223;
fbe : 2287A703;
fbf : 00176713;
fc0 : 22E7A423;
fc1 : 000017B7;
fc2 : 80078793;
fc3 : 3047A7F3;
fc4 : 300467F3;
fc5 : 02C12083;
fc6 : 02812403;
fc7 : 02412483;
fc8 : 02012903;
fc9 : 01C12983;
fca : 01812A03;
fcb : 01412A83;
fcc : 01012B03;
fcd : 00C12B83;
fce : 00812C03;
fcf : 00412C83;
fd0 : 03010113;
fd1 : 00008067;
fd2 : 013C0633;
fd3 : 1F050513;
fd4 : 000A8593;
fd5 : 95DFC0EF;
fd6 : 00198993;
fd7 : 0D9BA623;
fd8 : 000B8513;
fd9 : ED5FF06F;
fda : 07C7A783;
fdb : F5DFF06F;
fdc : 0707A783;
fdd : 2786A703;
fde : 20068793;
fdf : 00E71613;
fe0 : FE0658E3;
fe1 : F65FF06F;
fe2 : 000217B7;
fe3 : 00251713;
fe4 : 9A878793;
fe5 : 00E787B3;
fe6 : A247A703;
fe7 : 00170713;
fe8 : A2E7A223;
fe9 : 000207B7;
fea : 84A7A023;
feb : 000207B7;
fec : 82B7AE23;
fed : 000207B7;
fee : 82C7AC23;
fef : 001007B7;
ff0 : 41C7A703;
ff1 : 000207B7;
ff2 : 82E7AA23;
ff3 : 00008067;
ff4 : 000207B7;
ff5 : 8AA7C783;
ff6 : 02F54C63;
ff7 : 40F50533;
ff8 : 00100793;
ff9 : 00A79533;
ffa : 001007B7;
ffb : 2287A703;
ffc : 20078793;
ffd : 00058863;
ffe : 00E56533;
fff : 02A7A423;
1000 : 00008067;
1001 : FFF54513;
1002 : 00E57533;
1003 : FF1FF06F;
1004 : 00100793;
1005 : 00A79533;
1006 : 001007B7;
1007 : 2247A703;
1008 : 20078793;
1009 : 00058863;
100a : 00E56533;
100b : 02A7A223;
100c : 00008067;
100d : FFF54513;
100e : 00E57533;
100f : FF1FF06F;
1010 : FF010113;
1011 : 00112623;
1012 : 00100793;
1013 : 00F52023;
1014 : 00052A23;
1015 : 00052E23;
1016 : 00052623;
1017 : 00052823;
1018 : 00452503;
1019 : 00100593;
101a : F69FF0EF;
101b : 000207B7;
101c : 00C12083;
101d : 8AA7C503;
101e : 00100593;
101f : 01010113;
1020 : F51FF06F;
1021 : FE010113;
1022 : 00912A23;
1023 : 000204B7;
1024 : 00812C23;
1025 : 01212823;
1026 : 01312623;
1027 : 01412423;
1028 : 00112E23;
1029 : 00000413;
102a : 00020937;
102b : 000209B7;
102c : DC848493;
102d : 02400A13;
102e : 8AA94783;
102f : 02F44263;
1030 : 01C12083;
1031 : 01812403;
1032 : 01412483;
1033 : 01012903;
1034 : 00C12983;
1035 : 00812A03;
1036 : 02010113;
1037 : 00008067;
1038 : 8F09A783;
1039 : 4087D7B3;
103a : 0017F793;
103b : 00078863;
103c : 03440533;
103d : 00A48533;
103e : F49FF0EF;
103f : 00140413;
1040 : FB9FF06F;
1041 : FF010113;
1042 : 00812423;
1043 : 02400793;
1044 : 00050413;
1045 : 02F407B3;
1046 : 00020537;
1047 : 9B850513;
1048 : 00112623;
1049 : 41078793;
104a : 00F50533;
104b : F15FF0EF;
104c : 00020737;
104d : 8F072683;
104e : 00100793;
104f : 00C12083;
1050 : 00879533;
1051 : 00812403;
1052 : 00D56533;
1053 : 8EA72823;
1054 : 01010113;
1055 : 00008067;
1056 : FF010113;
1057 : 00812423;
1058 : 00112623;
1059 : 00912223;
105a : 00A00793;
105b : 0AF52823;
105c : FFF00793;
105d : 0AF52E23;
105e : 0CF52223;
105f : 0CF52023;
1060 : 0CF52423;
1061 : 0AF52223;
1062 : 0AF52423;
1063 : 10F52023;
1064 : 0EF52E23;
1065 : 0E452783;
1066 : 00100713;
1067 : 0E052623;
1068 : 0E052823;
1069 : 0A052C23;
106a : 0A052A23;
106b : 0C052823;
106c : 0C052A23;
106d : 0E052023;
106e : 0EE52423;
106f : 0C052623;
1070 : 00050413;
1071 : 00079663;
1072 : AB0FC0EF;
1073 : BA8FC0EF;
1074 : 09842783;
1075 : 02078863;
1076 : 0087A703;
1077 : 0007A223;
1078 : 0207A423;
1079 : 00E42623;
107a : 00C7A703;
107b : 00E42423;
107c : 0107A703;
107d : 0147A783;
107e : 06042423;
107f : 00E42823;
1080 : 06F42623;
1081 : 00840513;
1082 : E5CFC0EF;
1083 : 001004B7;
1084 : 02042C23;
1085 : 06042C23;
1086 : 06042423;
1087 : 06042E23;
1088 : 08042823;
1089 : 08042023;
108a : 08042A23;
108b : 41C4A783;
108c : 0D842503;
108d : 00100593;
108e : 0EF42C23;
108f : D95FF0EF;
1090 : 0DC42503;
1091 : 00100593;
1092 : D89FF0EF;
1093 : 0F442783;
1094 : 86000737;
1095 : 00C12083;
1096 : 00812403;
1097 : 01C79793;
1098 : 00170713;
1099 : 00E7E7B3;
109a : 24F4A623;
109b : 00412483;
109c : 01010113;
109d : 00008067;
109e : FC010113;
109f : 02812C23;
10a0 : 00020437;
10a1 : 9A840793;
10a2 : 02912A23;
10a3 : 0107A483;
10a4 : 02112E23;
10a5 : 03212823;
10a6 : 03312623;
10a7 : 03412423;
10a8 : 03512223;
10a9 : 03612023;
10aa : 01712E23;
10ab : 01812C23;
10ac : 01912A23;
10ad : 01A12823;
10ae : 01B12623;
10af : 00100793;
10b0 : 9A840413;
10b1 : 00F48663;
10b2 : 00000A13;
10b3 : 10C0006F;
10b4 : 0D442783;
10b5 : 00900713;
10b6 : 00000A13;
10b7 : FFF78793;
10b8 : 0EF76C63;
10b9 : 0001B737;
10ba : 00279793;
10bb : A8C70713;
10bc : 00E787B3;
10bd : 0007A783;
10be : 00078067;
10bf : 000207B7;
10c0 : 8A87C783;
10c1 : FC0792E3;
10c2 : 001007B7;
10c3 : 2047A703;
10c4 : 20078793;
10c5 : 00877713;
10c6 : FA0718E3;
10c7 : 0047A703;
10c8 : 800006B7;
10c9 : 00D76733;
10ca : 00E7A223;
10cb : 00A00793;
10cc : 0CF42A23;
10cd : 1540006F;
10ce : 001007B7;
10cf : 2047A703;
10d0 : 20078793;
10d1 : 00171713;
10d2 : 00175713;
10d3 : 00E7A223;
10d4 : 0047A703;
10d5 : 00877713;
10d6 : 00070663;
10d7 : 00900793;
10d8 : FD1FF06F;
10d9 : 0047A783;
10da : 0047F793;
10db : 10078E63;
10dc : 00100793;
10dd : FBDFF06F;
10de : 0C842783;
10df : 0887AA03;
10e0 : 020A0663;
10e1 : 00001937;
10e2 : 80090913;
10e3 : 304937F3;
10e4 : 300477F3;
10e5 : 0CC42503;
10e6 : DC1FF0EF;
10e7 : 30492973;
10e8 : 300467F3;
10e9 : 00800793;
10ea : F89FF06F;
10eb : 001007B7;
10ec : 41C7A703;
10ed : 000207B7;
10ee : 8A47A783;
10ef : 40E787B3;
10f0 : 00001737;
10f1 : 38870713;
10f2 : 00E787B3;
10f3 : EE07DEE3;
10f4 : 00900793;
10f5 : 0CF42A23;
10f6 : 0001BBB7;
10f7 : 01040B13;
10f8 : 00100913;
10f9 : 00020CB7;
10fa : 11800993;
10fb : 00100A93;
10fc : 00500C13;
10fd : AB4B8B93;
10fe : 00020D37;
10ff : 8A9CC783;
1100 : 28F94C63;
1101 : 03C12083;
1102 : 03812403;
1103 : 03412483;
1104 : 03012903;
1105 : 02C12983;
1106 : 02412A83;
1107 : 02012B03;
1108 : 01C12B83;
1109 : 01812C03;
110a : 01412C83;
110b : 01012D03;
110c : 00C12D83;
110d : 000A0513;
110e : 02812A03;
110f : 04010113;
1110 : 00008067;
1111 : 001007B7;
1112 : 00200713;
1113 : 20E7A423;
1114 : 0C842683;
1115 : 0886A683;
1116 : 04068463;
1117 : 0CC42683;
1118 : 0CC6A683;
1119 : 02068E63;
111a : 0A200613;
111b : 30C7A023;
111c : 30078693;
111d : 00300793;
111e : 00F6A823;
111f : 00100793;
1120 : 00F6AE23;
1121 : 0CE42A23;
1122 : 001007B7;
1123 : 41C7A703;
1124 : 000207B7;
1125 : 00048A13;
1126 : 8AE7A223;
1127 : F3DFF06F;
1128 : 001007B7;
1129 : 41C7A703;
112a : 000207B7;
112b : 8A47A783;
112c : 40E787B3;
112d : 00001737;
112e : 38870713;
112f : 00E787B3;
1130 : E007D4E3;
1131 : 00900793;
1132 : 0CF42A23;
1133 : DFDFF06F;
1134 : 001007B7;
1135 : 31C7A703;
1136 : 00177713;
1137 : DE0706E3;
1138 : 40078793;
1139 : 01C7A783;
113a : 7D078793;
113b : 0CF42C23;
113c : 00300793;
113d : E3DFF06F;
113e : 001007B7;
113f : 40078793;
1140 : 01C7A783;
1141 : 0D842703;
1142 : 40E787B3;
1143 : DA07CEE3;
1144 : 00700793;
1145 : 0CF42A23;
1146 : 0E042223;
1147 : F6DFF06F;
1148 : 001007B7;
1149 : 2087A703;
114a : 20078793;
114b : 00277713;
114c : D8070CE3;
114d : 00200713;
114e : 00E7A423;
114f : 0107A783;
1150 : 00989737;
1151 : 5B670713;
1152 : F9B78693;
1153 : D6D76EE3;
1154 : 06400693;
1155 : 02D787B3;
1156 : 00018737;
1157 : 6A070713;
1158 : 02E7E7B3;
1159 : 00078863;
115a : 0000C737;
115b : 34F70713;
115c : 00F75E63;
115d : 06400793;
115e : 0CF42E23;
115f : F9C00793;
1160 : 0EF42023;
1161 : 00400793;
1162 : DA9FF06F;
1163 : 0C042E23;
1164 : 0ED42023;
1165 : FF1FF06F;
1166 : 0CC42783;
1167 : 0D07A703;
1168 : 0D47A783;
1169 : D2F712E3;
116a : 001007B7;
116b : 2087A703;
116c : 20078793;
116d : 00277713;
116e : D00708E3;
116f : 00200913;
1170 : 0127A423;
1171 : 0107A783;
1172 : 00989737;
1173 : 5B670713;
1174 : F9B78693;
1175 : CED76AE3;
1176 : 06400713;
1177 : 02E787B3;
1178 : 00018737;
1179 : 6A070713;
117a : 02E7E7B3;
117b : 0DC42703;
117c : 02E78663;
117d : 0E042783;
117e : 0E442703;
117f : 00E787B3;
1180 : 0EF42223;
1181 : 0CC42983;
1182 : 0E442503;
1183 : CCDFD0EF;
1184 : 03254533;
1185 : 0CA9A823;
1186 : E71FF06F;
1187 : 0DC42703;
1188 : E6E794E3;
1189 : 000207B7;
118a : 8A87C783;
118b : 02079C63;
118c : 000077B7;
118d : 53078793;
118e : 0E442703;
118f : 00F707B3;
1190 : 0EF42223;
1191 : 0CC42903;
1192 : 0E442503;
1193 : C8DFD0EF;
1194 : 00200793;
1195 : 02F54533;
1196 : 00500793;
1197 : 0CA92823;
1198 : CD1FF06F;
1199 : 0000F7B7;
119a : 61878793;
119b : FCDFF06F;
119c : 0CC42783;
119d : 0D07A703;
119e : 0D47A783;
119f : C4F716E3;
11a0 : 00600793;
11a1 : CADFF06F;
11a2 : 0C840513;
11a3 : 8ECFC0EF;
11a4 : C2051CE3;
11a5 : CC9FF06F;
11a6 : FFF90D93;
11a7 : 033D84B3;
11a8 : 009404B3;
11a9 : 1F44A783;
11aa : 05578263;
11ab : 001007B7;
11ac : 20078793;
11ad : 0207A783;
11ae : 012A9733;
11af : 0087D793;
11b0 : 00E7F7B3;
11b1 : 02079463;
11b2 : 2CCB2503;
11b3 : 00000593;
11b4 : 901FF0EF;
11b5 : 00090513;
11b6 : 2C0B2C23;
11b7 : C1DFB0EF;
11b8 : 1F54AA23;
11b9 : 00100493;
11ba : 0780006F;
11bb : 033D87B3;
11bc : 00F407B3;
11bd : 1F47A483;
11be : FFF48793;
11bf : 10FC6A63;
11c0 : 00279793;
11c1 : 017787B3;
11c2 : 0007A783;
11c3 : 00078067;
11c4 : 1B442783;
11c5 : 0E078E63;
11c6 : 001007B7;
11c7 : 20078793;
11c8 : 0207A783;
11c9 : 012A9733;
11ca : 0087D793;
11cb : 00E7F7B3;
11cc : 0E078063;
11cd : 033D8DB3;
11ce : 01B40DB3;
11cf : 1F0DA783;
11d0 : 02079863;
11d1 : 01442703;
11d2 : 00800793;
11d3 : 00F71A63;
11d4 : 1F0B0513;
11d5 : A05FF0EF;
11d6 : 00200793;
11d7 : 1EFDAA23;
11d8 : 009A6A33;
11d9 : 00190913;
11da : 118B0B13;
11db : C91FF06F;
11dc : 1F0DA783;
11dd : FF5796E3;
11de : 8AAD4783;
11df : 1F8DAA23;
11e0 : 1F0B0513;
11e1 : 012787B3;
11e2 : 20FDA223;
11e3 : 200DAE23;
11e4 : 20000793;
11e5 : 20FDA423;
11e6 : 200DA623;
11e7 : 200DA823;
11e8 : 200DA023;
11e9 : FFF00793;
11ea : 22FDA023;
11eb : 895FF0EF;
11ec : F35FF06F;
11ed : 033D87B3;
11ee : 00F407B3;
11ef : 21C7A703;
11f0 : 02070063;
11f1 : 00600713;
11f2 : 1EE7AA23;
11f3 : 2187A703;
11f4 : 00090513;
11f5 : 1EE7AC23;
11f6 : D00FD0EF;
11f7 : F09FF06F;
11f8 : 1B442783;
11f9 : 00079E63;
11fa : 033D8DB3;
11fb : 00090513;
11fc : B09FB0EF;
11fd : 01B40DB3;
11fe : 1F5DAA23;
11ff : EE9FF06F;
1200 : 033D8DB3;
1201 : 01B40DB3;
1202 : 218DA783;
1203 : 1EFDAC23;
1204 : 00000493;
1205 : F4DFF06F;
1206 : 033D8DB3;
1207 : 01B40DB3;
1208 : 278DA483;
1209 : F2048EE3;
120a : 02C42583;
120b : 00090513;
120c : AECFF0EF;
120d : 00300793;
120e : 1EFDAA23;
120f : EA9FF06F;
1210 : 033D8DB3;
1211 : 00000493;
1212 : 01B40DB3;
1213 : 2D0DA703;
1214 : 2D4DA783;
1215 : F0F716E3;
1216 : 00090513;
1217 : C7CFD0EF;
1218 : 00400793;
1219 : FD5FF06F;
121a : 1B442783;
121b : 00078C63;
121c : 033D87B3;
121d : 00000493;
121e : 00F407B3;
121f : 2787A783;
1220 : EE0790E3;
1221 : 00090513;
1222 : A71FB0EF;
1223 : 033D87B3;
1224 : 00F407B3;
1225 : 1F57AA23;
1226 : E4DFF06F;
1227 : 03852783;
1228 : FF010113;
1229 : 00812423;
122a : 00112623;
122b : 02F52823;
122c : FFF00793;
122d : 00052023;
122e : 00052223;
122f : 00F52423;
1230 : 00020737;
1231 : 00000613;
1232 : 00000693;
1233 : 8EC72023;
1234 : 8ED72223;
1235 : 00020737;
1236 : 8EC72423;
1237 : 8ED72623;
1238 : FFF00613;
1239 : 00020737;
123a : FFF00693;
123b : 8CD72E23;
123c : 8CC72C23;
123d : 00020737;
123e : 84072C23;
123f : 00020737;
1240 : 00050413;
1241 : 08F52A23;
1242 : 00052823;
1243 : 84072A23;
1244 : 00100693;
1245 : 00020737;
1246 : 01850513;
1247 : 84D72823;
1248 : F45FB0EF;
1249 : 001007B7;
124a : 08042423;
124b : 06042C23;
124c : 08042623;
124d : 40078793;
124e : 01C7A783;
124f : 00C42503;
1250 : 00C12083;
1251 : 08F42823;
1252 : 00812403;
1253 : 00100593;
1254 : 01010113;
1255 : E7CFF06F;
1256 : 0001B7B7;
1257 : FA010113;
1258 : 00020837;
1259 : ACC78793;
125a : 05212823;
125b : 03812C23;
125c : 04112E23;
125d : 04812C23;
125e : 04912A23;
125f : 05312623;
1260 : 05412423;
1261 : 05512223;
1262 : 05612023;
1263 : 03712E23;
1264 : 03912A23;
1265 : 03A12823;
1266 : 03B12623;
1267 : 9A880C13;
1268 : 00F12023;
1269 : 00020937;
126a : 001007B7;
126b : 2807A703;
126c : 20078793;
126d : 00E71693;
126e : 0406DC63;
126f : 020C2783;
1270 : 00178793;
1271 : 02FC2023;
1272 : 000017B7;
1273 : 80078793;
1274 : 3447B7F3;
1275 : 05C12083;
1276 : 05812403;
1277 : 05412483;
1278 : 05012903;
1279 : 04C12983;
127a : 04812A03;
127b : 04412A83;
127c : 04012B03;
127d : 03C12B83;
127e : 03812C03;
127f : 03412C83;
1280 : 03012D03;
1281 : 02C12D83;
1282 : 06010113;
1283 : 00008067;
1284 : 00020737;
1285 : 07C7A403;
1286 : 85C72783;
1287 : 01845493;
1288 : 00178793;
1289 : 84F72E23;
128a : 000207B7;
128b : 8AA7CA03;
128c : 014C2983;
128d : 00841413;
128e : 07F4F493;
128f : 00845413;
1290 : 03449863;
1291 : 028C2783;
1292 : 00178793;
1293 : 02FC2423;
1294 : FFF98793;
1295 : 00900713;
1296 : 06F76863;
1297 : 00012703;
1298 : 00279793;
1299 : 00E787B3;
129a : 0007A783;
129b : 00078067;
129c : FE0490E3;
129d : 024C2783;
129e : 00178793;
129f : 02FC2223;
12a0 : FD1FF06F;
12a1 : 06CC2783;
12a2 : 00100AB7;
12a3 : 00100593;
12a4 : 24FAA023;
12a5 : 114C2783;
12a6 : 110C2683;
12a7 : 000A0513;
12a8 : 00D787B3;
12a9 : 00200693;
12aa : 02D7C7B3;
12ab : 24FAA223;
12ac : D20FF0EF;
12ad : 41CAA783;
12ae : 03278793;
12af : 00FC2C23;
12b0 : 00A00793;
12b1 : 00FC2A23;
12b2 : 014C2503;
12b3 : 00A98A63;
12b4 : 00020737;
12b5 : 86072783;
12b6 : 00178793;
12b7 : 86F72023;
12b8 : 841FB0EF;
12b9 : 010C2703;
12ba : 00300793;
12bb : 0AF71863;
12bc : 00020737;
12bd : 89872783;
12be : 0A078263;
12bf : 001009B7;
12c0 : 000206B7;
12c1 : 41C9A783;
12c2 : 8946A683;
12c3 : 40098993;
12c4 : 40D787B3;
12c5 : E807CAE3;
12c6 : 00000613;
12c7 : 00000693;
12c8 : 88072C23;
12c9 : 00020737;
12ca : 8ED72223;
12cb : 8EC72023;
12cc : 00020737;
12cd : 020C2A23;
12ce : 8ED72623;
12cf : 8EC72423;
12d0 : FFF00713;
12d1 : 020C2823;
12d2 : 8CE92E23;
12d3 : 00020737;
12d4 : FFF00793;
12d5 : 040C2023;
12d6 : FFF00693;
12d7 : 84072C23;
12d8 : 00020737;
12d9 : 02FC2C23;
12da : 8CD92C23;
12db : 84072A23;
12dc : 00100693;
12dd : 00020737;
12de : 048C0513;
12df : 0CFC2223;
12e0 : 84D72823;
12e1 : CE1FB0EF;
12e2 : 0A0C2C23;
12e3 : 0A0C2423;
12e4 : 0A0C2E23;
12e5 : 01C9A783;
12e6 : 0CFC2023;
12e7 : 03CC2783;
12e8 : 10F49063;
12e9 : 000207B7;
12ea : 8887A823;
12eb : 000207B7;
12ec : 8897A023;
12ed : 00004737;
12ee : 000207B7;
12ef : 86E7AE23;
12f0 : 00020AB7;
12f1 : 878AA783;
12f2 : 000206B7;
12f3 : 8506A703;
12f4 : 00178793;
12f5 : 86FAAC23;
12f6 : 000207B7;
12f7 : 8697A423;
12f8 : 000207B7;
12f9 : 04071063;
12fa : 030C2703;
12fb : 00020637;
12fc : 8EE62423;
12fd : 41F75713;
12fe : 8EE62623;
12ff : 034C2703;
1300 : 8EE7A023;
1301 : 41F75713;
1302 : 8EE7A223;
1303 : 038C2703;
1304 : 8CE92C23;
1305 : 41F75713;
1306 : 8CE92E23;
1307 : 00100713;
1308 : 84E6A823;
1309 : 8DC92703;
130a : 8D892983;
130b : 41F45E13;
130c : 00020DB7;
130d : 00020D37;
130e : 00020CB7;
130f : 28075A63;
1310 : 8E87A023;
1311 : 8FC7A223;
1312 : 8C892C23;
1313 : 8DC92E23;
1314 : D44FB0EF;
1315 : 034C2783;
1316 : 000206B7;
1317 : 00000613;
1318 : 88FDA623;
1319 : 880D2423;
131a : 880CA223;
131b : 030C2703;
131c : 00000593;
131d : 00000513;
131e : 86E6AA23;
131f : 038C2703;
1320 : 000206B7;
1321 : 86E6A823;
1322 : 00020737;
1323 : 86F72623;
1324 : 878AA703;
1325 : 074C2783;
1326 : 00000693;
1327 : DD4FB0EF;
1328 : 0B8C2783;
1329 : D00782E3;
132a : 1D0C2783;
132b : 00078A63;
132c : 00048613;
132d : 00040593;
132e : 0E8C0513;
132f : E89FB0EF;
1330 : 014C2703;
1331 : 00800793;
1332 : CEF710E3;
1333 : 010C2703;
1334 : 00020B37;
1335 : 00300793;
1336 : 9B8B0993;
1337 : 00020AB7;
1338 : 00F71C63;
1339 : 9B8B0B13;
133a : 00000B93;
133b : 8A9AC783;
133c : FFF78793;
133d : 4AFBCC63;
133e : 009A4A63;
133f : 00048613;
1340 : 00040593;
1341 : 420C0513;
1342 : E80FB0EF;
1343 : 00000B13;
1344 : 00100B93;
1345 : 001A0A13;
1346 : 8A9AC783;
1347 : FFF78793;
1348 : C8FB54E3;
1349 : 1E09A783;
134a : 03779063;
134b : 016A07B3;
134c : 00F49C63;
134d : 2169A823;
134e : 00000613;
134f : 00040593;
1350 : 1F098513;
1351 : E44FB0EF;
1352 : 001B0B13;
1353 : 11898993;
1354 : FC9FF06F;
1355 : 001007B7;
1356 : 41C7A703;
1357 : 018C2783;
1358 : 40E787B3;
1359 : D607D2E3;
135a : 010C2783;
135b : 00100713;
135c : D4E78AE3;
135d : 00300793;
135e : D4DFF06F;
135f : 00000593;
1360 : 000A0513;
1361 : A4CFF0EF;
1362 : 0C8C2503;
1363 : B11FF0EF;
1364 : 001007B7;
1365 : 00100713;
1366 : 20E7A223;
1367 : 00900693;
1368 : 0CDC2A23;
1369 : 0CEC2823;
136a : A6000737;
136b : 00170713;
136c : 24E7A623;
136d : 00200793;
136e : D0DFF06F;
136f : 000207B7;
1370 : A7078513;
1371 : 9B5FB0EF;
1372 : D00500E3;
1373 : AB8FF0EF;
1374 : 00800793;
1375 : 00FC2A23;
1376 : 1C0C2503;
1377 : EFDFC0EF;
1378 : CE9FF06F;
1379 : 030C0513;
137a : AB5FF0EF;
137b : 010C2683;
137c : 00300713;
137d : 000207B7;
137e : 02E69A63;
137f : 00100713;
1380 : 88E7AC23;
1381 : 001007B7;
1382 : 40078793;
1383 : 01C7A783;
1384 : 00002737;
1385 : F4070713;
1386 : 00E787B3;
1387 : 00020737;
1388 : 88F72A23;
1389 : 00400793;
138a : C9DFF06F;
138b : 8807AC23;
138c : FF5FF06F;
138d : 0B8C2783;
138e : C80788E3;
138f : 0BCC2783;
1390 : C80784E3;
1391 : 010C2703;
1392 : 00300793;
1393 : F8F710E3;
1394 : 00500793;
1395 : C71FF06F;
1396 : 0E8C0513;
1397 : AFCFF0EF;
1398 : 00600793;
1399 : C61FF06F;
139a : 1B4C2783;
139b : C4078EE3;
139c : F5DFF06F;
139d : 010C2703;
139e : 00100793;
139f : 02F71A63;
13a0 : 000207B7;
13a1 : A7078513;
13a2 : 8F1FB0EF;
13a3 : 02051263;
13a4 : 01CC2783;
13a5 : 00178793;
13a6 : 00FC2E23;
13a7 : 00900793;
13a8 : 00FC2A23;
13a9 : 1C0C2503;
13aa : C50FB0EF;
13ab : C1DFF06F;
13ac : 0B8C2783;
13ad : FC078EE3;
13ae : 010C2703;
13af : 00300793;
13b0 : C0F714E3;
13b1 : 1B4C2783;
13b2 : C00790E3;
13b3 : FC5FF06F;
13b4 : 000208B7;
13b5 : 00EE4663;
13b6 : 03C71463;
13b7 : 03347263;
13b8 : 8E88A703;
13b9 : 8EC8A603;
13ba : 004006B7;
13bb : 00D706B3;
13bc : 00E6B733;
13bd : 00C70733;
13be : 8ED8A423;
13bf : 8EE8A623;
13c0 : 413409B3;
13c1 : 0009D663;
13c2 : 00400737;
13c3 : 00E989B3;
13c4 : 8E88A303;
13c5 : 8EC8AF03;
13c6 : 8E07A503;
13c7 : 008302B3;
13c8 : 8E47AE83;
13c9 : 0062BFB3;
13ca : 01EF8FB3;
13cb : 40A28B33;
13cc : 41DF86B3;
13cd : 0162B733;
13ce : 01C12E23;
13cf : 00612C23;
13d0 : 01E12A23;
13d1 : 00A12823;
13d2 : 00512623;
13d3 : 01D12423;
13d4 : 01F12223;
13d5 : 40E68BB3;
13d6 : A3CFB0EF;
13d7 : 034C2683;
13d8 : 00412F83;
13d9 : 00812E83;
13da : 88DDA623;
13db : 00C12283;
13dc : 01012503;
13dd : 01412F03;
13de : 01812303;
13df : 01C12E03;
13e0 : 000207B7;
13e1 : 000208B7;
13e2 : 1D704A63;
13e3 : 000B9463;
13e4 : 1C0B4663;
13e5 : FFF00693;
13e6 : 1CDBC863;
13e7 : 00DB9663;
13e8 : 800006B7;
13e9 : 1CDB6263;
13ea : 000B0693;
13eb : 88DD2423;
13ec : 893CA223;
13ed : FFF00693;
13ee : 1ADBCC63;
13ef : 00DB9863;
13f0 : FFFDB6B7;
13f1 : 61068693;
13f2 : 1ADB6463;
13f3 : 1B704863;
13f4 : 000B9863;
13f5 : 000256B7;
13f6 : 9F068693;
13f7 : 1B66E063;
13f8 : 000B0C93;
13f9 : 01F04A63;
13fa : 040F9E63;
13fb : 05F5E6B7;
13fc : 10068693;
13fd : 0456F863;
13fe : 01D04A63;
13ff : 040E9463;
1400 : 05F5E6B7;
1401 : 10068693;
1402 : 02A6FE63;
1403 : FA0A26B7;
1404 : F0068693;
1405 : 00D305B3;
1406 : 00D506B3;
1407 : 0065B333;
1408 : FFFF0F13;
1409 : 00A6B533;
140a : FFFE8E93;
140b : 01E30333;
140c : 01D50533;
140d : 8EB8A423;
140e : 8E68A623;
140f : 8ED7A023;
1410 : 8EA7A223;
1411 : 8E07A683;
1412 : 8E47A503;
1413 : 000045B7;
1414 : 00B685B3;
1415 : 00D5B6B3;
1416 : 00A686B3;
1417 : 8ED7A223;
1418 : 8EB7A023;
1419 : 8C892C23;
141a : 8DC92E23;
141b : 928FB0EF;
141c : 000206B7;
141d : 8586A783;
141e : 00178793;
141f : 84F6AC23;
1420 : 10078863;
1421 : 8406AC23;
1422 : 000206B7;
1423 : 8546A783;
1424 : 048C2D03;
1425 : 00178793;
1426 : 84F6AA23;
1427 : 0E079663;
1428 : 040C2423;
1429 : 000C8593;
142a : 048C0513;
142b : 915FB0EF;
142c : 001006B7;
142d : 05AC2423;
142e : 00050793;
142f : 24A6A023;
1430 : 000C8593;
1431 : 0A8C0513;
1432 : 00F12223;
1433 : F10FB0EF;
1434 : 0BCC2683;
1435 : 00412783;
1436 : 02068263;
1437 : 0B8C2683;
1438 : 00068E63;
1439 : 001006B7;
143a : 40068693;
143b : 01C6A683;
143c : 0C0C2583;
143d : 40B686B3;
143e : 0CDC2223;
143f : 030C2683;
1440 : 00020737;
1441 : FFFFC5B7;
1442 : 86D72A23;
1443 : 038C2683;
1444 : 00020737;
1445 : 00B985B3;
1446 : 86D72823;
1447 : 034C2683;
1448 : 00020737;
1449 : 86D72623;
144a : 07704863;
144b : 000B9463;
144c : 060B4463;
144d : FFF00693;
144e : 06DBC663;
144f : 00DB9663;
1450 : 80000737;
1451 : 06EB6063;
1452 : 000B0613;
1453 : 878AA703;
1454 : 000C8693;
1455 : 00098513;
1456 : B45FF06F;
1457 : 800006B7;
1458 : FFF6C693;
1459 : E49FF06F;
145a : 800006B7;
145b : E41FF06F;
145c : FFFDBCB7;
145d : 610C8C93;
145e : E6DFF06F;
145f : 00025CB7;
1460 : 9F0C8C93;
1461 : E61FF06F;
1462 : 8406AA23;
1463 : F19FF06F;
1464 : 074C2783;
1465 : F2DFF06F;
1466 : 80000637;
1467 : FFF64613;
1468 : FADFF06F;
1469 : 80000637;
146a : FA5FF06F;
146b : 2D8B2783;
146c : 00078A63;
146d : 00048613;
146e : 00040593;
146f : 1F0B0513;
1470 : 985FB0EF;
1471 : 001B8B93;
1472 : 118B0B13;
1473 : B21FF06F;
1474 : 00100737;
1475 : 30872883;
1476 : 30C72603;
1477 : 30472783;
1478 : 30872803;
1479 : 30C72683;
147a : 0FF67613;
147b : 0FF6F693;
147c : FF1812E3;
147d : FEC690E3;
147e : 00050663;
147f : 01052023;
1480 : 00D52223;
1481 : 00058863;
1482 : 00479793;
1483 : 0017D793;
1484 : 00F5A023;
1485 : 00008067;
1486 : FE010113;
1487 : 00912A23;
1488 : 00C5A483;
1489 : 00812C23;
148a : 00112E23;
148b : 01212823;
148c : 0024F793;
148d : 00058413;
148e : 04078063;
148f : 001007B7;
1490 : 40078793;
1491 : 01C7A783;
1492 : 00A00713;
1493 : 0115C583;
1494 : 02E7D7B3;
1495 : 00810613;
1496 : 00F12423;
1497 : 999FD0EF;
1498 : 01C12083;
1499 : 01812403;
149a : 01412483;
149b : 01012903;
149c : 02010113;
149d : 00008067;
149e : 0044F793;
149f : 00050913;
14a0 : 00078863;
14a1 : 00000593;
14a2 : 00810513;
14a3 : F45FF0EF;
14a4 : 0014F493;
14a5 : 00810613;
14a6 : 00048C63;
14a7 : 00812503;
14a8 : 00C12583;
14a9 : 00200613;
14aa : 744090EF;
14ab : 00050613;
14ac : 01144583;
14ad : 00090513;
14ae : FA5FF06F;
14af : 001017B7;
14b0 : A0078793;
14b1 : 00F50533;
14b2 : 00B52023;
14b3 : 00000513;
14b4 : 00008067;
14b5 : FE010113;
14b6 : 00812C23;
14b7 : 000207B7;
14b8 : 00050413;
14b9 : 00161613;
14ba : 00100513;
14bb : 00912A23;
14bc : 01071713;
14bd : 8EA7AC23;
14be : 00C69493;
14bf : 0001F7B7;
14c0 : 0000F6B7;
14c1 : 01E67613;
14c2 : 01212823;
14c3 : 00E66633;
14c4 : 00D4F4B3;
14c5 : 00F5F913;
14c6 : 7087A223;
14c7 : 0001F7B7;
14c8 : 009664B3;
14c9 : 7127A023;
14ca : 00800513;
14cb : 0001F7B7;
14cc : 00112E23;
14cd : 01312623;
14ce : 6E97AE23;
14cf : 000019B7;
14d0 : E14FC0EF;
14d1 : FE198593;
14d2 : 00B575B3;
14d3 : 0095E5B3;
14d4 : 00800513;
14d5 : F69FF0EF;
14d6 : 06C00513;
14d7 : DF8FC0EF;
14d8 : FFFF05B7;
14d9 : 00C91913;
14da : 0FF58593;
14db : 00841413;
14dc : 00B57533;
14dd : 01246433;
14de : 00A46433;
14df : 80098593;
14e0 : 00B465B3;
14e1 : 06C00513;
14e2 : F35FF0EF;
14e3 : 0FF0000F;
14e4 : 01C12083;
14e5 : 01812403;
14e6 : 01412483;
14e7 : 01012903;
14e8 : 00C12983;
14e9 : 02010113;
14ea : 00008067;
14eb : 00050593;
14ec : 04C00513;
14ed : F09FF06F;
14ee : 0001F7B7;
14ef : FF010113;
14f0 : 6F87A583;
14f1 : 000207B7;
14f2 : 00912223;
14f3 : 8F47D483;
14f4 : 00812423;
14f5 : 00010437;
14f6 : 01212023;
14f7 : FFF40913;
14f8 : 0125F433;
14f9 : 01049593;
14fa : 0085E5B3;
14fb : 13400513;
14fc : 00112623;
14fd : EC9FF0EF;
14fe : FFF4C593;
14ff : 01244433;
1500 : 01059593;
1501 : 0085E5B3;
1502 : 00812403;
1503 : 00C12083;
1504 : 00412483;
1505 : 00012903;
1506 : 13800513;
1507 : 01010113;
1508 : E9DFF06F;
1509 : FC010113;
150a : 02812C23;
150b : 00020437;
150c : 02912A23;
150d : 8F445483;
150e : 03212823;
150f : 01912A23;
1510 : 0024E793;
1511 : 8EF41A23;
1512 : 0001F937;
1513 : 02112E23;
1514 : 03312623;
1515 : 03412423;
1516 : 03512223;
1517 : 03612023;
1518 : 01712E23;
1519 : 01812C23;
151a : 01A12823;
151b : 01B12623;
151c : F49FF0EF;
151d : 4A890793;
151e : 07E7D783;
151f : 0001BCB7;
1520 : 4A890913;
1521 : B30C8C93;
1522 : 0A078C63;
1523 : 1F0C8B13;
1524 : 164C8C93;
1525 : 0064E493;
1526 : 8E941A23;
1527 : F1DFF0EF;
1528 : 000204B7;
1529 : 9A848793;
152a : 0087A783;
152b : E00029B7;
152c : 00010AB7;
152d : 00001A37;
152e : 9A848C13;
152f : 0007AA23;
1530 : 00000B93;
1531 : 9A848493;
1532 : FFF98993;
1533 : FFFA8A93;
1534 : FFFA0A13;
1535 : 8F445D83;
1536 : 076CEA63;
1537 : 400DE793;
1538 : 00001D37;
1539 : 8EF41A23;
153a : C00D0D13;
153b : ECDFF0EF;
153c : 0084A783;
153d : 01ADEDB3;
153e : 8FB41A23;
153f : 03812403;
1540 : 03C12083;
1541 : 03412483;
1542 : 03012903;
1543 : 02C12983;
1544 : 02812A03;
1545 : 02412A83;
1546 : 02012B03;
1547 : 01C12B83;
1548 : 01812C03;
1549 : 01412C83;
154a : 01012D03;
154b : 00C12D83;
154c : 08000713;
154d : 00E7AA23;
154e : 04010113;
154f : E7DFF06F;
1550 : 163C8B13;
1551 : 0C8C8C93;
1552 : F4DFF06F;
1553 : 003B9D13;
1554 : 1F8D7D13;
1555 : E07DFD93;
1556 : 01BD6D33;
1557 : 8FA41A23;
1558 : E59FF0EF;
1559 : 001CC783;
155a : 002CC703;
155b : 00200693;
155c : 01879793;
155d : 01071713;
155e : 00E7E7B3;
155f : 004CC703;
1560 : 000CC583;
1561 : 00E7E7B3;
1562 : 003CC703;
1563 : 00871713;
1564 : 00E7E7B3;
1565 : FFFB8713;
1566 : 02E6E063;
1567 : FFEC4703;
1568 : FFFC4503;
1569 : 0137F7B3;
156a : 00871713;
156b : 00A76733;
156c : 00D71713;
156d : 00F767B3;
156e : 00D7D713;
156f : 000016B7;
1570 : 01577733;
1571 : AAA68693;
1572 : 02D71263;
1573 : 0077D713;
1574 : 01F77713;
1575 : 00700513;
1576 : 00A71A63;
1577 : 07E95703;
1578 : 0137F7B3;
1579 : 00D71713;
157a : 00F767B3;
157b : 0147F533;
157c : 01459713;
157d : 00C7D793;
157e : 00F767B3;
157f : 00879793;
1580 : 03FBF713;
1581 : 00E7E7B3;
1582 : 0084A703;
1583 : 0407E793;
1584 : 200D6D13;
1585 : 00A72C23;
1586 : 00F72A23;
1587 : 8FA41A23;
1588 : 005C8C93;
1589 : D95FF0EF;
158a : 001B8B93;
158b : 002C0C13;
158c : EA5FF06F;
158d : 0001F7B7;
158e : FF010113;
158f : 6F47A583;
1590 : 0001F7B7;
1591 : 00812423;
1592 : 6F07A403;
1593 : 00112623;
1594 : 06040463;
1595 : 00021737;
1596 : 9A870713;
1597 : A6472783;
1598 : A7472683;
1599 : 00279793;
159a : 01A69693;
159b : 00B6E5B3;
159c : 0FF7F793;
159d : 00B7E7B3;
159e : A6872583;
159f : 000046B7;
15a0 : F0068693;
15a1 : 00859593;
15a2 : 00D5F5B3;
15a3 : 00B7E5B3;
15a4 : A6C72783;
15a5 : 000FC6B7;
15a6 : 00E79793;
15a7 : 00D7F7B3;
15a8 : 00F5E5B3;
15a9 : A7072783;
15aa : 03F00737;
15ab : 01479793;
15ac : 00E7F7B3;
15ad : 00B7E5B3;
15ae : 00C00513;
15af : C01FF0EF;
15b0 : 0001F7B7;
15b1 : 6EC7A583;
15b2 : 04040663;
15b3 : 0001F7B7;
15b4 : 6E87A783;
15b5 : 000FC737;
15b6 : 00E79793;
15b7 : 00E7F7B3;
15b8 : 0001F737;
15b9 : 6E472703;
15ba : 00E5E5B3;
15bb : 00020737;
15bc : 00B7E7B3;
15bd : 42072583;
15be : 00004737;
15bf : F0070713;
15c0 : 00859593;
15c1 : 00E5F5B3;
15c2 : 00B7E7B3;
15c3 : 001005B7;
15c4 : 00B7E5B3;
15c5 : 00812403;
15c6 : 00C12083;
15c7 : 01400513;
15c8 : 01010113;
15c9 : B99FF06F;
15ca : 00000893;
15cb : 00050E63;
15cc : 00058C63;
15cd : 00060A63;
15ce : 01069863;
15cf : 00E81663;
15d0 : 40F807B3;
15d1 : 0017B893;
15d2 : 0002E7B7;
15d3 : 0787A703;
15d4 : 04071263;
15d5 : 00050463;
15d6 : 00200537;
15d7 : 00058463;
15d8 : 004005B7;
15d9 : 00060463;
15da : 00800637;
15db : 00088463;
15dc : 01000737;
15dd : 01981813;
15de : 00A86833;
15df : 00B86833;
15e0 : 00C86633;
15e1 : 00E66633;
15e2 : 0001F7B7;
15e3 : 6EC7A223;
15e4 : EA5FF06F;
15e5 : 00008067;
15e6 : FE010113;
15e7 : 01412423;
15e8 : 00058A13;
15e9 : 575255B7;
15ea : 00812C23;
15eb : 00912A23;
15ec : 01512223;
15ed : 00070493;
15ee : 00050A93;
15ef : 00100713;
15f0 : 00078413;
15f1 : 34C58593;
15f2 : 0001F7B7;
15f3 : 1E000513;
15f4 : 00112E23;
15f5 : 01212823;
15f6 : 01312623;
15f7 : 00068913;
15f8 : 00060993;
15f9 : 6EE7A023;
15fa : AD5FF0EF;
15fb : 000A8593;
15fc : 1E400513;
15fd : AC9FF0EF;
15fe : 000A0593;
15ff : 1E800513;
1600 : ABDFF0EF;
1601 : 00098593;
1602 : 1EC00513;
1603 : AB1FF0EF;
1604 : 00090593;
1605 : 1F000513;
1606 : AA5FF0EF;
1607 : 00048593;
1608 : 1F400513;
1609 : A99FF0EF;
160a : 00040593;
160b : 1F800513;
160c : A8DFF0EF;
160d : 0FF0000F;
160e : 0001F7B7;
160f : 6DC7A583;
1610 : 01812403;
1611 : 01C12083;
1612 : 01412483;
1613 : 01012903;
1614 : 00C12983;
1615 : 00812A03;
1616 : 00412A83;
1617 : 00158593;
1618 : 6CB7AE23;
1619 : 1FC00513;
161a : 02010113;
161b : A51FF06F;
161c : 0001F7B7;
161d : 0001F737;
161e : 6D87A783;
161f : 6D472703;
1620 : 00E7E7B3;
1621 : 22079E63;
1622 : 0002E7B7;
1623 : 0307A583;
1624 : FF010113;
1625 : 17000513;
1626 : 00112623;
1627 : 00812423;
1628 : 01212023;
1629 : 00912223;
162a : A15FF0EF;
162b : 0002E7B7;
162c : 0347A583;
162d : 17400513;
162e : 0002E437;
162f : A01FF0EF;
1630 : 0002E7B7;
1631 : 0387A583;
1632 : 17800513;
1633 : 04040413;
1634 : 9EDFF0EF;
1635 : 0002E7B7;
1636 : 03C7A583;
1637 : 17C00513;
1638 : 0002E937;
1639 : 9D9FF0EF;
163a : 00042583;
163b : 18000513;
163c : 07890913;
163d : 9C9FF0EF;
163e : 00442583;
163f : 18400513;
1640 : 9BDFF0EF;
1641 : 00842583;
1642 : 18800513;
1643 : 9B1FF0EF;
1644 : 00C42583;
1645 : 18C00513;
1646 : 9A5FF0EF;
1647 : 0002E7B7;
1648 : 0507A583;
1649 : 19000513;
164a : 995FF0EF;
164b : 0002E7B7;
164c : 0547A583;
164d : 19400513;
164e : 985FF0EF;
164f : 0002E7B7;
1650 : 0587A583;
1651 : 19800513;
1652 : 975FF0EF;
1653 : 0002E7B7;
1654 : 05C7A583;
1655 : 19C00513;
1656 : 965FF0EF;
1657 : 0002E7B7;
1658 : 0607A583;
1659 : 1A000513;
165a : 955FF0EF;
165b : 0002E7B7;
165c : 0647A583;
165d : 1A400513;
165e : 945FF0EF;
165f : 0002E7B7;
1660 : 0687A583;
1661 : 1A800513;
1662 : 935FF0EF;
1663 : 0002E7B7;
1664 : 06C7A583;
1665 : 1AC00513;
1666 : 925FF0EF;
1667 : 0002E7B7;
1668 : 0707A583;
1669 : 1B000513;
166a : 915FF0EF;
166b : 0002E7B7;
166c : 0747A583;
166d : 1B400513;
166e : 905FF0EF;
166f : 00092783;
1670 : 0E078463;
1671 : 0001F7B7;
1672 : 6D07A783;
1673 : 0C079E63;
1674 : 0002E7B7;
1675 : 0807A683;
1676 : 0002E7B7;
1677 : 0847A403;
1678 : 0002E7B7;
1679 : 0887A703;
167a : 00010637;
167b : 0002E7B7;
167c : FFF60593;
167d : 08C7A783;
167e : 00841413;
167f : 01071713;
1680 : 0002E4B7;
1681 : 00C77733;
1682 : 09448493;
1683 : 00B47433;
1684 : 00E46433;
1685 : 0004A583;
1686 : 0FF6F713;
1687 : 00E46433;
1688 : 01879793;
1689 : 7F000737;
168a : 00E7F7B3;
168b : 1E000513;
168c : 00F46433;
168d : 889FF0EF;
168e : 0044A583;
168f : 1E400513;
1690 : 87DFF0EF;
1691 : 0084A583;
1692 : 1E800513;
1693 : 871FF0EF;
1694 : 00C4A583;
1695 : 1EC00513;
1696 : 865FF0EF;
1697 : 00040593;
1698 : 1F000513;
1699 : 859FF0EF;
169a : 0002E7B7;
169b : 07C7A583;
169c : 1F400513;
169d : 849FF0EF;
169e : 0002E7B7;
169f : 0907A583;
16a0 : 1F800513;
16a1 : 839FF0EF;
16a2 : 00812403;
16a3 : 00092583;
16a4 : 00C12083;
16a5 : 00412483;
16a6 : 00012903;
16a7 : 1FC00513;
16a8 : 01010113;
16a9 : 819FF06F;
16aa : 00C12083;
16ab : 00812403;
16ac : 00412483;
16ad : 00012903;
16ae : 01010113;
16af : 00008067;
16b0 : 00008067;
16b1 : 0002E7B7;
16b2 : 00100713;
16b3 : 05078793;
16b4 : 04E51C63;
16b5 : 0007A703;
16b6 : 04071E63;
16b7 : 0002E737;
16b8 : 03472683;
16b9 : 00400713;
16ba : 04E69663;
16bb : 0002E737;
16bc : 03872703;
16bd : 04A71063;
16be : 00A7A023;
16bf : 0002E7B7;
16c0 : 0407AA23;
16c1 : 00500793;
16c2 : 00F50663;
16c3 : 0002E7B7;
16c4 : 04B7AC23;
16c5 : 0002E7B7;
16c6 : 01C7A703;
16c7 : 0002E7B7;
16c8 : 04E7AE23;
16c9 : D4DFF06F;
16ca : 0007A703;
16cb : FFF50693;
16cc : FCE684E3;
16cd : 00008067;
16ce : FF010113;
16cf : 00000593;
16d0 : 00100513;
16d1 : 00112623;
16d2 : 00812423;
16d3 : F79FF0EF;
16d4 : 00000593;
16d5 : 00200513;
16d6 : F6DFF0EF;
16d7 : 000207B7;
16d8 : 9A878793;
16d9 : 0147A403;
16da : 00300513;
16db : 00040593;
16dc : F55FF0EF;
16dd : 00040593;
16de : 00400513;
16df : F49FF0EF;
16e0 : 00C12083;
16e1 : FF840513;
16e2 : 00812403;
16e3 : 00153513;
16e4 : 01010113;
16e5 : 00008067;
16e6 : E7010113;
16e7 : 18912223;
16e8 : 0001F4B7;
16e9 : 4A848793;
16ea : 00400513;
16eb : 18112623;
16ec : 18812423;
16ed : 17612823;
16ee : 19212023;
16ef : 0347AB03;
16f0 : 17312E23;
16f1 : 17412C23;
16f2 : 17512A23;
16f3 : 17712623;
16f4 : 17812423;
16f5 : 17912223;
16f6 : 17A12023;
16f7 : 15B12E23;
16f8 : D75FB0EF;
16f9 : 00050413;
16fa : 00400513;
16fb : D69FB0EF;
16fc : 00855513;
16fd : 00857533;
16fe : 4A848793;
16ff : 00157513;
1700 : 00F12423;
1701 : 04050263;
1702 : 00000513;
1703 : 18C12083;
1704 : 18812403;
1705 : 18412483;
1706 : 18012903;
1707 : 17C12983;
1708 : 17812A03;
1709 : 17412A83;
170a : 17012B03;
170b : 16C12B83;
170c : 16812C03;
170d : 16412C83;
170e : 16012D03;
170f : 15C12D83;
1710 : 19010113;
1711 : 00008067;
1712 : 0001F537;
1713 : 06400593;
1714 : 64850513;
1715 : 561080EF;
1716 : 00050493;
1717 : FA0516E3;
1718 : 00400513;
1719 : CF1FB0EF;
171a : FFE57593;
171b : 00400513;
171c : E4CFF0EF;
171d : 00400513;
171e : CDDFB0EF;
171f : 00021937;
1720 : 9A890793;
1721 : A807A783;
1722 : 01800513;
1723 : 00FF0BB7;
1724 : 0047A583;
1725 : 0087A983;
1726 : 00C7A403;
1727 : E20FF0EF;
1728 : 00098593;
1729 : 01C00513;
172a : E14FF0EF;
172b : 00040593;
172c : 06000513;
172d : E08FF0EF;
172e : 0AC10593;
172f : 0B010513;
1730 : D10FF0EF;
1731 : 0B412583;
1732 : 0B012983;
1733 : 02000513;
1734 : 0AC12403;
1735 : DE8FF0EF;
1736 : 00098593;
1737 : 02400513;
1738 : DDCFF0EF;
1739 : 00040593;
173a : 02800513;
173b : DD0FF0EF;
173c : 00812783;
173d : 9A890913;
173e : 0807C403;
173f : E3DFF0EF;
1740 : 00A03533;
1741 : FFD40413;
1742 : 00151513;
1743 : 00143413;
1744 : 00A46433;
1745 : 0001F7B7;
1746 : 6E87AA23;
1747 : 919FF0EF;
1748 : 000B4783;
1749 : 0001F737;
174a : 01000513;
174b : 5CF72423;
174c : 0001F737;
174d : 5C472583;
174e : 00B7E5B3;
174f : D80FF0EF;
1750 : 334B2583;
1751 : 330B2A03;
1752 : 0001F7B7;
1753 : 33CB2983;
1754 : 340B2403;
1755 : 05400513;
1756 : 68C7CC83;
1757 : 000B2C03;
1758 : D5CFF0EF;
1759 : 000A0593;
175a : 05800513;
175b : 00010A37;
175c : D4CFF0EF;
175d : FFFA0A93;
175e : 01041413;
175f : 00899993;
1760 : 0159F5B3;
1761 : 01747433;
1762 : 00B46433;
1763 : 018C9C93;
1764 : 01946433;
1765 : 0FFC7593;
1766 : 00B465B3;
1767 : 05C00513;
1768 : D1CFF0EF;
1769 : 0001F7B7;
176a : 6447A583;
176b : 0001F7B7;
176c : 6407A703;
176d : 0001F6B7;
176e : 0001F7B7;
176f : 63C7A783;
1770 : 6386A603;
1771 : 0FF5F593;
1772 : 00871713;
1773 : 01861613;
1774 : 00C5E5B3;
1775 : 01577733;
1776 : 01079793;
1777 : 0177F7B3;
1778 : 00E5E5B3;
1779 : 00F5E5B3;
177a : 132B1783;
177b : 130B4603;
177c : F00A0693;
177d : 0007C663;
177e : 00879A13;
177f : 015A76B3;
1780 : 000207B7;
1781 : 9087AA83;
1782 : 000207B7;
1783 : 9047A503;
1784 : 000207B7;
1785 : 9007A703;
1786 : 000207B7;
1787 : 8FC7A783;
1788 : 000109B7;
1789 : FFF98813;
178a : 01879793;
178b : 0FFAFA93;
178c : 00851513;
178d : 01057533;
178e : 00FAEAB3;
178f : 00AAEAB3;
1790 : 01071713;
1791 : 00FF0537;
1792 : 00A77733;
1793 : 000207B7;
1794 : 00EAEAB3;
1795 : 90C7A703;
1796 : 0001F7B7;
1797 : 6347A983;
1798 : 0001F7B7;
1799 : 6307A783;
179a : 00899993;
179b : 0109F9B3;
179c : 01079793;
179d : 00A7F7B3;
179e : 00F9E9B3;
179f : 0FF77793;
17a0 : 178B2703;
17a1 : 00F9E7B3;
17a2 : 01072403;
17a3 : 00944703;
17a4 : 04244983;
17a5 : 05C42A03;
17a6 : 00E03733;
17a7 : 00171713;
17a8 : 013039B3;
17a9 : 00E9E9B3;
17aa : 010A1A13;
17ab : 04344703;
17ac : 00AA7A33;
17ad : 04144503;
17ae : 00E03733;
17af : 00271713;
17b0 : 01851513;
17b1 : 00E9E9B3;
17b2 : 00AA6A33;
17b3 : 00CA6A33;
17b4 : 01899993;
17b5 : 07400513;
17b6 : 00F9E9B3;
17b7 : 00DA6A33;
17b8 : BDCFF0EF;
17b9 : 000A0593;
17ba : 07800513;
17bb : BD0FF0EF;
17bc : 000A8593;
17bd : 07C00513;
17be : BC4FF0EF;
17bf : 00098593;
17c0 : 08000513;
17c1 : BB8FF0EF;
17c2 : 00844783;
17c3 : A00008B7;
17c4 : 00078663;
17c5 : A00007B7;
17c6 : 00178893;
17c7 : 00944783;
17c8 : 00042703;
17c9 : 00078837;
17ca : 00F035B3;
17cb : 03044783;
17cc : 00B71713;
17cd : 04344503;
17ce : 00F03633;
17cf : 04244783;
17d0 : 00159593;
17d1 : 00261613;
17d2 : 00F036B3;
17d3 : 000087B7;
17d4 : 80078793;
17d5 : 00F77733;
17d6 : 00442783;
17d7 : 00369693;
17d8 : 00A03533;
17d9 : 00F79793;
17da : 0107F7B3;
17db : 05C42803;
17dc : 00F76733;
17dd : 001807B7;
17de : 01381813;
17df : 00F87833;
17e0 : 01076733;
17e1 : 02D44803;
17e2 : 04144783;
17e3 : 00451513;
17e4 : 00581813;
17e5 : 0FF87813;
17e6 : 00879793;
17e7 : 01076733;
17e8 : 7007F793;
17e9 : 00F76733;
17ea : 02E44783;
17eb : 00E00837;
17ec : 01579793;
17ed : 0107F7B3;
17ee : 00F767B3;
17ef : 0117E7B3;
17f0 : 00B7E7B3;
17f1 : 00C7E7B3;
17f2 : 00D7E7B3;
17f3 : 00A7E533;
17f4 : BDCFF0EF;
17f5 : 0001F7B7;
17f6 : 62C7D583;
17f7 : 0001F7B7;
17f8 : 6287A603;
17f9 : 0001F7B7;
17fa : 6247D983;
17fb : 0001F7B7;
17fc : 6207A783;
17fd : 000106B7;
17fe : FFF68693;
17ff : 00D7F7B3;
1800 : 01099993;
1801 : 00F9E9B3;
1802 : 0001F7B7;
1803 : 61D7C703;
1804 : 0001F7B7;
1805 : 61C7C403;
1806 : 0001F7B7;
1807 : 6187A783;
1808 : 0FF47413;
1809 : 01041413;
180a : 01871713;
180b : 00876733;
180c : 01059593;
180d : 00D7F433;
180e : 00D676B3;
180f : 00D5E5B3;
1810 : 06400513;
1811 : 00876433;
1812 : A74FF0EF;
1813 : 00098593;
1814 : 06800513;
1815 : A68FF0EF;
1816 : 0001F7B7;
1817 : 7047A783;
1818 : 00000593;
1819 : 00879793;
181a : 7007F793;
181b : 0087E733;
181c : 000207B7;
181d : 8F87A783;
181e : 00078663;
181f : 000015B7;
1820 : 80058593;
1821 : 0001F7B7;
1822 : 7007A783;
1823 : 00010AB7;
1824 : FFFA8A93;
1825 : 00C79793;
1826 : 0157F7B3;
1827 : 00E7E7B3;
1828 : 00B7E5B3;
1829 : 06C00513;
182a : A14FF0EF;
182b : 0001F7B7;
182c : 6147A583;
182d : 0001F7B7;
182e : 6127C783;
182f : 00859593;
1830 : 05000513;
1831 : 0FF7F793;
1832 : 00F5E5B3;
1833 : 9F0FF0EF;
1834 : 0001F7B7;
1835 : 6117C703;
1836 : 00020437;
1837 : 9A840B13;
1838 : 0FF77D13;
1839 : A55FF0EF;
183a : 0001F6B7;
183b : 0001F7B7;
183c : 0001F737;
183d : 6107C783;
183e : 60C72703;
183f : 6086AC83;
1840 : 0001F6B7;
1841 : 6046AC03;
1842 : 0001F6B7;
1843 : 6006AB83;
1844 : 0001F6B7;
1845 : 5FC6AA03;
1846 : 00A035B3;
1847 : 014B2983;
1848 : 0D4B2603;
1849 : 010B2683;
184a : 01CB2503;
184b : 0FF7F793;
184c : 0FF9F993;
184d : 01851513;
184e : 00861613;
184f : 00979793;
1850 : 01071713;
1851 : 01A76733;
1852 : 01567633;
1853 : 00A9E9B3;
1854 : 0157F7B3;
1855 : 00E7E7B3;
1856 : 00C9E9B3;
1857 : 00859593;
1858 : 00FF0637;
1859 : 01069693;
185a : 00C6F6B3;
185b : 00B7E5B3;
185c : 08C00513;
185d : 00D9E9B3;
185e : 944FF0EF;
185f : 000C8593;
1860 : 09000513;
1861 : 938FF0EF;
1862 : 000C0593;
1863 : 09400513;
1864 : 92CFF0EF;
1865 : 000B8593;
1866 : 09800513;
1867 : 920FF0EF;
1868 : 000A0593;
1869 : 09C00513;
186a : 914FF0EF;
186b : 00098593;
186c : 0A000513;
186d : 908FF0EF;
186e : 00100837;
186f : 22882583;
1870 : 22482D03;
1871 : 22082C83;
1872 : 28082C03;
1873 : 24082B83;
1874 : 24482D83;
1875 : 0B8B2703;
1876 : 0BCB2A03;
1877 : 9A840413;
1878 : 00E036B3;
1879 : 014037B3;
187a : 03C42A03;
187b : 0A842703;
187c : 00179793;
187d : 008A1A13;
187e : 01071713;
187f : 00D76733;
1880 : 015A7A33;
1881 : 00EA6A33;
1882 : 00FA6A33;
1883 : 0B442703;
1884 : 0AC42783;
1885 : 1D042983;
1886 : 01577733;
1887 : 01079793;
1888 : 013038B3;
1889 : 1B442983;
188a : 00F76733;
188b : 17842603;
188c : 01303533;
188d : 16042683;
188e : 16842783;
188f : 15042983;
1890 : F0080813;
1891 : 00879793;
1892 : 01499993;
1893 : 0107F7B3;
1894 : 0119E9B3;
1895 : 17442B03;
1896 : 0137E9B3;
1897 : 16C42783;
1898 : 00151513;
1899 : 00C03633;
189a : 00261613;
189b : 00A9E9B3;
189c : 00D036B3;
189d : 00C9E9B3;
189e : 00369693;
189f : 015B7B33;
18a0 : 01079793;
18a1 : 00D9E9B3;
18a2 : 00FB6B33;
18a3 : 15C42783;
18a4 : 15442683;
18a5 : 0A400513;
18a6 : 0157FAB3;
18a7 : 01069793;
18a8 : 00FAEAB3;
18a9 : 00E12623;
18aa : 814FF0EF;
18ab : 000D0593;
18ac : 0A800513;
18ad : 808FF0EF;
18ae : 000C8593;
18af : 0AC00513;
18b0 : FFDFE0EF;
18b1 : 000C0593;
18b2 : 0B000513;
18b3 : FF1FE0EF;
18b4 : 000B8593;
18b5 : 0B400513;
18b6 : FE5FE0EF;
18b7 : 000D8593;
18b8 : 0B800513;
18b9 : FD9FE0EF;
18ba : 000A0593;
18bb : 0BC00513;
18bc : FCDFE0EF;
18bd : 00C12703;
18be : 0C000513;
18bf : 00070593;
18c0 : FBDFE0EF;
18c1 : 00098593;
18c2 : 0C400513;
18c3 : FB1FE0EF;
18c4 : 000B0593;
18c5 : 0C800513;
18c6 : FA5FE0EF;
18c7 : 000A8593;
18c8 : 0CC00513;
18c9 : F99FE0EF;
18ca : 0001F637;
18cb : 1D042683;
18cc : 5F862583;
18cd : 0001F7B7;
18ce : 00D03733;
18cf : 1C059AE3;
18d0 : 5EE7AA23;
18d1 : 00100793;
18d2 : 5EF62C23;
18d3 : 1D042703;
18d4 : 0001F7B7;
18d5 : 200712E3;
18d6 : 0001F737;
18d7 : 5E07A223;
18d8 : 5E072023;
18d9 : 1D042703;
18da : 00070863;
18db : 5E47A703;
18dc : 00100793;
18dd : 38F71463;
18de : 1D042783;
18df : 02078463;
18e0 : 0001F7B7;
18e1 : 5E07A783;
18e2 : 00200713;
18e3 : 00F76C63;
18e4 : 00279793;
18e5 : 00F907B3;
18e6 : A947A703;
18e7 : 00170713;
18e8 : A8E7AA23;
18e9 : 1D042A03;
18ea : 260A0A63;
18eb : 0001F7B7;
18ec : 5E07A603;
18ed : 00200793;
18ee : 00000A13;
18ef : 26C7E063;
18f0 : 0001F7B7;
18f1 : 7CC7AE03;
18f2 : 00861793;
18f3 : 0017E793;
18f4 : 00F12623;
18f5 : 0001F7B7;
18f6 : 7F47A783;
18f7 : 01000737;
18f8 : F0070713;
18f9 : 00F12823;
18fa : 0001F7B7;
18fb : 7F07A783;
18fc : 463458B7;
18fd : 00400813;
18fe : 00F12A23;
18ff : 0001F7B7;
1900 : 7EC7A783;
1901 : 0001FF37;
1902 : 00100C13;
1903 : 00F12C23;
1904 : 0001F7B7;
1905 : 7E07A783;
1906 : 4C040C93;
1907 : 04000D13;
1908 : 00879793;
1909 : 00E7F7B3;
190a : 0001F737;
190b : 7E474703;
190c : 00E7E7B3;
190d : 00F12E23;
190e : 0001F7B7;
190f : 7DC7A783;
1910 : 02F12023;
1911 : 0001F7B7;
1912 : 7D87A783;
1913 : 02F12223;
1914 : 0001F7B7;
1915 : 7D47A783;
1916 : 02F12423;
1917 : 0001F7B7;
1918 : 7D07A783;
1919 : 02F12623;
191a : 0001F7B7;
191b : 7C87A783;
191c : 02F12823;
191d : 0001F7B7;
191e : 7C47A303;
191f : 0001F7B7;
1920 : 7C07A783;
1921 : 02F12A23;
1922 : 0001F7B7;
1923 : 7A87A783;
1924 : 02F12C23;
1925 : 0001F7B7;
1926 : 7E87A783;
1927 : 02F12E23;
1928 : 0001F7B7;
1929 : 7847AE83;
192a : 0001F7B7;
192b : 7B87A703;
192c : 7BC7A783;
192d : 06E12623;
192e : 06F12823;
192f : 0001F7B7;
1930 : 7A07A703;
1931 : 7A47A783;
1932 : 06E12A23;
1933 : 06F12C23;
1934 : 0001F7B7;
1935 : 7B07A703;
1936 : 7B47A783;
1937 : 06E12E23;
1938 : 08F12023;
1939 : 0001F7B7;
193a : 7987A703;
193b : 79C7A783;
193c : 08E12223;
193d : 08F12423;
193e : 0001F7B7;
193f : 7AC7A783;
1940 : 04F12C23;
1941 : 0001F7B7;
1942 : 7947A783;
1943 : 04F12E23;
1944 : 0001F7B7;
1945 : 7607A783;
1946 : 06F12023;
1947 : 0001F7B7;
1948 : 7587A783;
1949 : 06F12223;
194a : 0001F7B7;
194b : 75C7A783;
194c : 06F12423;
194d : 0001F7B7;
194e : 7507A703;
194f : 7547A783;
1950 : 08E12623;
1951 : 08F12823;
1952 : 0001F7B7;
1953 : 7487A703;
1954 : 74C7A783;
1955 : 08E12A23;
1956 : 08F12C23;
1957 : 0001F7B7;
1958 : 7907A783;
1959 : 04F12023;
195a : 0001F7B7;
195b : 78C7A783;
195c : 04F12223;
195d : 0001F7B7;
195e : 7887A783;
195f : 04F12423;
1960 : 0001F7B7;
1961 : 7187A783;
1962 : 04F12623;
1963 : 0001F7B7;
1964 : 7647A783;
1965 : 04F12823;
1966 : 0001F7B7;
1967 : 7247A783;
1968 : 04F12A23;
1969 : 0001F7B7;
196a : 7207AD83;
196b : 0001F7B7;
196c : 71C7AF83;
196d : 0001F7B7;
196e : 7107AA03;
196f : 7147AA83;
1970 : 0001F7B7;
1971 : 7807A283;
1972 : 0001F7B7;
1973 : 7787AB03;
1974 : 77C7AB83;
1975 : 0001F7B7;
1976 : 7707A383;
1977 : 0001F7B7;
1978 : 76C7A083;
1979 : 0001F7B7;
197a : 72C7A983;
197b : C3188793;
197c : 08F12E23;
197d : 7F8F2703;
197e : 00177693;
197f : 78068263;
1980 : FFF80813;
1981 : FE0818E3;
1982 : FFF00793;
1983 : 0C012623;
1984 : 0C012823;
1985 : 0CF12A23;
1986 : 00000A13;
1987 : 0001F7B7;
1988 : 6D87A783;
1989 : 08079863;
198a : 0001F7B7;
198b : 00100713;
198c : 0001F9B7;
198d : 6CE7AA23;
198e : 5CC9A783;
198f : 00178593;
1990 : 0015F713;
1991 : 100706E3;
1992 : 15800513;
1993 : 5CB9A623;
1994 : C6DFE0EF;
1995 : 0FF0000F;
1996 : 100A00E3;
1997 : 0CC12703;
1998 : 463457B7;
1999 : C3178793;
199a : 15C00A93;
199b : 0EF718E3;
199c : 0D014703;
199d : 00100793;
199e : 0EF712E3;
199f : 0C810B13;
19a0 : 1E000B93;
19a1 : 004B2583;
19a2 : 000A8513;
19a3 : 004A8A93;
19a4 : C2DFE0EF;
19a5 : 004B0B13;
19a6 : FF7A96E3;
19a7 : 0FF0000F;
19a8 : 5CC9A583;
19a9 : 15800513;
19aa : 00158593;
19ab : 5CB9A623;
19ac : C0DFE0EF;
19ad : 040A0463;
19ae : 0001F737;
19af : 5E072783;
19b0 : 00200693;
19b1 : 02F6E463;
19b2 : 00279693;
19b3 : 00D906B3;
19b4 : AA06A583;
19b5 : 0001F537;
19b6 : 5DC52603;
19b7 : 00158593;
19b8 : AAB6A023;
19b9 : 00160693;
19ba : 5CD52E23;
19bb : 00178793;
19bc : 00300693;
19bd : 02D7F7B3;
19be : 5EF72023;
19bf : 02442583;
19c0 : 00020737;
19c1 : 02842783;
19c2 : 07042D83;
19c3 : 07442D03;
19c4 : 86472C83;
19c5 : 00020737;
19c6 : 86072C03;
19c7 : 001009B7;
19c8 : 00020737;
19c9 : 0D000513;
19ca : 84C74A03;
19cb : 00F12623;
19cc : 02042B83;
19cd : 2689AB03;
19ce : 26C9AA83;
19cf : B81FE0EF;
19d0 : 00C12783;
19d1 : 0D400513;
19d2 : 0FFA7A13;
19d3 : 00078593;
19d4 : B6DFE0EF;
19d5 : 000D8593;
19d6 : 0D800513;
19d7 : B61FE0EF;
19d8 : 000D0593;
19d9 : 0DC00513;
19da : B55FE0EF;
19db : 000C8593;
19dc : 0E000513;
19dd : B49FE0EF;
19de : 000C0593;
19df : 0E400513;
19e0 : B3DFE0EF;
19e1 : 000A0593;
19e2 : 0E800513;
19e3 : B31FE0EF;
19e4 : 000B8593;
19e5 : 0EC00513;
19e6 : B25FE0EF;
19e7 : 000B0593;
19e8 : 0F000513;
19e9 : B19FE0EF;
19ea : 000A8593;
19eb : 0F400513;
19ec : B0DFE0EF;
19ed : 2849A583;
19ee : 20098993;
19ef : 0889A983;
19f0 : 0F800513;
19f1 : AF9FE0EF;
19f2 : 00098593;
19f3 : 0FC00513;
19f4 : AEDFE0EF;
19f5 : 000207B7;
19f6 : 85C7A583;
19f7 : 15400513;
19f8 : ADDFE0EF;
19f9 : 000207B7;
19fa : 8907A783;
19fb : 000207B7;
19fc : 88C7A783;
19fd : 000207B7;
19fe : 8887A783;
19ff : 000207B7;
1a00 : 8847A783;
1a01 : 000207B7;
1a02 : 8807A783;
1a03 : 000207B7;
1a04 : 87C7A783;
1a05 : 000207B7;
1a06 : 8787A783;
1a07 : 000207B7;
1a08 : 8747A783;
1a09 : 000207B7;
1a0a : 8707A783;
1a0b : 000207B7;
1a0c : 86C7A783;
1a0d : 000207B7;
1a0e : 8687A783;
1a0f : 0001F7B7;
1a10 : 5D87A983;
1a11 : 00198993;
1a12 : 5D37AC23;
1a13 : 0001F7B7;
1a14 : 6D87AA83;
1a15 : 040A9663;
1a16 : 0001F7B7;
1a17 : 6F37AC23;
1a18 : 000207B7;
1a19 : 8F47DA03;
1a1a : 00010B37;
1a1b : FFFB0B13;
1a1c : 0169F5B3;
1a1d : 010A1793;
1a1e : 00F5E5B3;
1a1f : 13400513;
1a20 : A3DFE0EF;
1a21 : FFF9C993;
1a22 : FFFA4593;
1a23 : 0169F9B3;
1a24 : 01059593;
1a25 : 00B9E5B3;
1a26 : 13800513;
1a27 : A21FE0EF;
1a28 : 000207B7;
1a29 : 8A07AB83;
1a2a : 000207B7;
1a2b : 8487AB03;
1a2c : 001007B7;
1a2d : 41C7A583;
1a2e : 000207B7;
1a2f : 01842C03;
1a30 : 89C7AA03;
1a31 : 000207B7;
1a32 : 8447A983;
1a33 : 000A9C63;
1a34 : 13C00513;
1a35 : 9E9FE0EF;
1a36 : 000C0593;
1a37 : 14000513;
1a38 : 9DDFE0EF;
1a39 : 000B8593;
1a3a : 14400513;
1a3b : 9D1FE0EF;
1a3c : 000B0593;
1a3d : 14800513;
1a3e : 9C5FE0EF;
1a3f : 000A0593;
1a40 : 14C00513;
1a41 : 9B9FE0EF;
1a42 : 00098593;
1a43 : 15000513;
1a44 : 9ADFE0EF;
1a45 : 000207B7;
1a46 : 8407A583;
1a47 : 000207B7;
1a48 : 83C7AB83;
1a49 : 000207B7;
1a4a : 8387AB03;
1a4b : 000207B7;
1a4c : 8347A983;
1a4d : 0001F7B7;
1a4e : 6E07AA03;
1a4f : 080A1A63;
1a50 : 0001F7B7;
1a51 : 00100713;
1a52 : 1E000513;
1a53 : 6CE7A823;
1a54 : 96DFE0EF;
1a55 : 000B8593;
1a56 : 1E400513;
1a57 : 961FE0EF;
1a58 : 000B0593;
1a59 : 1E800513;
1a5a : 955FE0EF;
1a5b : 00098593;
1a5c : 1EC00513;
1a5d : 949FE0EF;
1a5e : 00000993;
1a5f : A2490B13;
1a60 : 0FF00B93;
1a61 : 02000C13;
1a62 : 01000C93;
1a63 : 00098693;
1a64 : 00000713;
1a65 : 00000593;
1a66 : 00269793;
1a67 : 00FB07B3;
1a68 : 0007A783;
1a69 : 00FBF463;
1a6a : 0FF00793;
1a6b : 00E797B3;
1a6c : 00870713;
1a6d : 00F5E5B3;
1a6e : 00168693;
1a6f : FD871EE3;
1a70 : 1F098513;
1a71 : 00498993;
1a72 : 8F5FE0EF;
1a73 : FD9990E3;
1a74 : 1D042683;
1a75 : 015A6AB3;
1a76 : 0E0A9A63;
1a77 : 0001F7B7;
1a78 : 5E07A783;
1a79 : 0001F737;
1a7a : 5F072703;
1a7b : A9C92B03;
1a7c : AA892A83;
1a7d : 00879913;
1a7e : 30097913;
1a7f : 00D037B3;
1a80 : 0001F637;
1a81 : 00F96933;
1a82 : 0001F9B7;
1a83 : 01071793;
1a84 : 5EC62C83;
1a85 : 00F96933;
1a86 : 0001F637;
1a87 : 5D09A783;
1a88 : 5DC62C03;
1a89 : 0001F637;
1a8a : 0001F5B7;
1a8b : 5E862B83;
1a8c : 00100613;
1a8d : 6CC5A823;
1a8e : 00178A13;
1a8f : 0001F5B7;
1a90 : 6CC5AA23;
1a91 : 001A7713;
1a92 : 52070863;
1a93 : 463455B7;
1a94 : 33158593;
1a95 : 1E000513;
1a96 : 5D49A823;
1a97 : 861FE0EF;
1a98 : 000A0593;
1a99 : 1E400513;
1a9a : 855FE0EF;
1a9b : 00090593;
1a9c : 1E800513;
1a9d : 849FE0EF;
1a9e : 000C8593;
1a9f : 1EC00513;
1aa0 : 83DFE0EF;
1aa1 : 000C0593;
1aa2 : 1F000513;
1aa3 : 831FE0EF;
1aa4 : 000B8593;
1aa5 : 1F400513;
1aa6 : 825FE0EF;
1aa7 : 000B0593;
1aa8 : 1F800513;
1aa9 : 819FE0EF;
1aaa : 000A8593;
1aab : 1FC00513;
1aac : 80DFE0EF;
1aad : 0FF0000F;
1aae : 5D09A583;
1aaf : 1E400513;
1ab0 : 00158593;
1ab1 : 5CB9A823;
1ab2 : FF4FE0EF;
1ab3 : 00000D93;
1ab4 : 00000D13;
1ab5 : 00000C93;
1ab6 : 00000A93;
1ab7 : 00000B93;
1ab8 : 00000C13;
1ab9 : 00400793;
1aba : 00000A13;
1abb : 00000B13;
1abc : FFF00913;
1abd : 00000993;
1abe : 00020637;
1abf : 00020537;
1ac0 : 00020837;
1ac1 : 000208B7;
1ac2 : 00020337;
1ac3 : 00020E37;
1ac4 : 00020EB7;
1ac5 : 00020F37;
1ac6 : 00020FB7;
1ac7 : 000202B7;
1ac8 : 8D062703;
1ac9 : 07C42583;
1aca : 00000693;
1acb : 00B763B3;
1acc : 0013F393;
1acd : 04039063;
1ace : 8CC52D83;
1acf : 8C882D03;
1ad0 : 8C48AC83;
1ad1 : 8C032C03;
1ad2 : 8BCE2B83;
1ad3 : 8B8EAB03;
1ad4 : 8B4F2A83;
1ad5 : 8B0FAA03;
1ad6 : 8AC2A983;
1ad7 : 8D062083;
1ad8 : 07C42383;
1ad9 : 00171863;
1ada : 00759663;
1adb : 00070913;
1adc : 00100693;
1add : FFF78793;
1ade : 00078463;
1adf : FA0682E3;
1ae0 : FFF00793;
1ae1 : 00F90663;
1ae2 : 00197793;
1ae3 : 3E078A63;
1ae4 : FFF00593;
1ae5 : 10000513;
1ae6 : F24FE0EF;
1ae7 : 0001F7B7;
1ae8 : 68C7C703;
1ae9 : 00300793;
1aea : 10F71463;
1aeb : 00812783;
1aec : 0347A783;
1aed : 17C7AB03;
1aee : 71842783;
1aef : 0187A503;
1af0 : 01C7A583;
1af1 : 6B50A0EF;
1af2 : 5BC42703;
1af3 : 060B4A03;
1af4 : 00100793;
1af5 : 00050B93;
1af6 : 001A7A13;
1af7 : 42F71663;
1af8 : 000017B7;
1af9 : 00F407B3;
1afa : 8E07A783;
1afb : 40E79E63;
1afc : 5B842A83;
1afd : 400A8A63;
1afe : 0E8A8513;
1aff : 6E50A0EF;
1b00 : 00CAAA83;
1b01 : 00050913;
1b02 : 00058993;
1b03 : 030B0513;
1b04 : 6D10A0EF;
1b05 : 00050C93;
1b06 : 050B0513;
1b07 : 00058D13;
1b08 : 6C10A0EF;
1b09 : 71C42783;
1b0a : 00050C13;
1b0b : 00800513;
1b0c : 0687A403;
1b0d : 0001F7B7;
1b0e : 6FC7A583;
1b0f : 061B4783;
1b10 : 00BA65B3;
1b11 : 00879793;
1b12 : 00F5E5B3;
1b13 : E70FE0EF;
1b14 : 00098593;
1b15 : 02C00513;
1b16 : E64FE0EF;
1b17 : 00090593;
1b18 : 03000513;
1b19 : E58FE0EF;
1b1a : 000D0593;
1b1b : 03400513;
1b1c : E4CFE0EF;
1b1d : 000C8593;
1b1e : 03800513;
1b1f : E40FE0EF;
1b20 : 000B8593;
1b21 : 03C00513;
1b22 : E34FE0EF;
1b23 : 000C0593;
1b24 : 04000513;
1b25 : E28FE0EF;
1b26 : 000A8593;
1b27 : 04400513;
1b28 : E1CFE0EF;
1b29 : 00040593;
1b2a : 04800513;
1b2b : E10FE0EF;
1b2c : 000207B7;
1b2d : 8A97C903;
1b2e : 00800793;
1b2f : 0127D463;
1b30 : 00800913;
1b31 : 010009B7;
1b32 : 00000413;
1b33 : FFF90913;
1b34 : 00300A13;
1b35 : FFF98993;
1b36 : 3524C063;
1b37 : 0001F7B7;
1b38 : 0FF47413;
1b39 : 6E87A623;
1b3a : 94DFE0EF;
1b3b : 00400513;
1b3c : C65FA0EF;
1b3d : 00156593;
1b3e : 00400513;
1b3f : DC0FE0EF;
1b40 : 00400513;
1b41 : C51FA0EF;
1b42 : 00100513;
1b43 : F01FE06F;
1b44 : 5F47A603;
1b45 : E2E60C63;
1b46 : 00068E63;
1b47 : 0001F637;
1b48 : 5F062683;
1b49 : 00168693;
1b4a : 5ED62823;
1b4b : 5EE7AA23;
1b4c : E1CFF06F;
1b4d : 0001F637;
1b4e : 5EC62683;
1b4f : 00168693;
1b50 : 5ED62623;
1b51 : 0001F637;
1b52 : 5E862683;
1b53 : 00168693;
1b54 : 5ED62423;
1b55 : FD9FF06F;
1b56 : 5E47A703;
1b57 : 00071863;
1b58 : 00100713;
1b59 : 5EE7A223;
1b5a : DFCFF06F;
1b5b : 00170713;
1b5c : 5EE7A223;
1b5d : 01300693;
1b5e : FEE6E4E3;
1b5f : DE8FF06F;
1b60 : 00100793;
1b61 : 01C04663;
1b62 : 01C037B3;
1b63 : 00179793;
1b64 : 0C810593;
1b65 : 00058513;
1b66 : 00052023;
1b67 : 15010893;
1b68 : 00450513;
1b69 : FEA89AE3;
1b6a : 09C12503;
1b6b : 01879793;
1b6c : 0CE12A23;
1b6d : 0CA12623;
1b6e : 00C12503;
1b6f : 0E612E23;
1b70 : 0CA12823;
1b71 : 01012503;
1b72 : 0CA12C23;
1b73 : 01412503;
1b74 : 0CA12E23;
1b75 : 01812503;
1b76 : 0EA12023;
1b77 : 01C12503;
1b78 : 00A7E7B3;
1b79 : 0EF12223;
1b7a : 02012783;
1b7b : 0EF12423;
1b7c : 02412783;
1b7d : 0EF12623;
1b7e : 02812783;
1b7f : 0EF12823;
1b80 : 02C12783;
1b81 : 0EF12A23;
1b82 : 03012783;
1b83 : 0EF12C23;
1b84 : 03412783;
1b85 : 10F12023;
1b86 : 03812783;
1b87 : 10F12223;
1b88 : 03C12783;
1b89 : 10F12423;
1b8a : 06061263;
1b8b : 04012783;
1b8c : 13B12223;
1b8d : 13F12423;
1b8e : 10F12623;
1b8f : 04412783;
1b90 : 13412623;
1b91 : 13512823;
1b92 : 10F12823;
1b93 : 04812783;
1b94 : 12512A23;
1b95 : 13612C23;
1b96 : 10F12A23;
1b97 : 04C12783;
1b98 : 13712E23;
1b99 : 14712023;
1b9a : 10F12C23;
1b9b : 05012783;
1b9c : 14112223;
1b9d : 15312423;
1b9e : 10F12E23;
1b9f : 05412783;
1ba0 : 12F12023;
1ba1 : 15D12623;
1ba2 : 0900006F;
1ba3 : 0B861463;
1ba4 : 06C12783;
1ba5 : 10F12623;
1ba6 : 07012783;
1ba7 : 10F12823;
1ba8 : 07412783;
1ba9 : 10F12A23;
1baa : 07812783;
1bab : 10F12C23;
1bac : 07C12783;
1bad : 10F12E23;
1bae : 08012783;
1baf : 12F12023;
1bb0 : 08412783;
1bb1 : 12F12223;
1bb2 : 08812783;
1bb3 : 12F12423;
1bb4 : 05812783;
1bb5 : 12F12623;
1bb6 : 05C12783;
1bb7 : 12F12823;
1bb8 : 06012783;
1bb9 : 12F12A23;
1bba : 06412783;
1bbb : 12F12C23;
1bbc : 06812783;
1bbd : 12F12E23;
1bbe : 08C12783;
1bbf : 14F12023;
1bc0 : 09012783;
1bc1 : 14F12223;
1bc2 : 09412783;
1bc3 : 14F12423;
1bc4 : 09812783;
1bc5 : 14F12623;
1bc6 : 7F8F2783;
1bc7 : EEF71263;
1bc8 : 00177713;
1bc9 : EC071E63;
1bca : EC030C63;
1bcb : 00100A13;
1bcc : EECFF06F;
1bcd : 00DC87B3;
1bce : 0007A783;
1bcf : 00468693;
1bd0 : 00458593;
1bd1 : 04F5A023;
1bd2 : FFA696E3;
1bd3 : F39FF06F;
1bd4 : 00278593;
1bd5 : EF4FF06F;
1bd6 : 15C00A93;
1bd7 : 1E000B13;
1bd8 : 000A8513;
1bd9 : 00000593;
1bda : 004A8A93;
1bdb : B50FE0EF;
1bdc : FF6A98E3;
1bdd : F28FF06F;
1bde : 00278A13;
1bdf : AD1FF06F;
1be0 : 00196593;
1be1 : 10000513;
1be2 : B34FE0EF;
1be3 : 0FF0000F;
1be4 : 10400513;
1be5 : 000D8593;
1be6 : B24FE0EF;
1be7 : 000D0593;
1be8 : 10800513;
1be9 : B18FE0EF;
1bea : 000C8593;
1beb : 10C00513;
1bec : B0CFE0EF;
1bed : 000C0593;
1bee : 11000513;
1bef : B00FE0EF;
1bf0 : 000B8593;
1bf1 : 11400513;
1bf2 : AF4FE0EF;
1bf3 : 000B0593;
1bf4 : 11800513;
1bf5 : AE8FE0EF;
1bf6 : 000A8593;
1bf7 : 11C00513;
1bf8 : ADCFE0EF;
1bf9 : 000A0593;
1bfa : 12000513;
1bfb : AD0FE0EF;
1bfc : 00098593;
1bfd : 12400513;
1bfe : AC4FE0EF;
1bff : 0FF0000F;
1c00 : 00090593;
1c01 : B91FF06F;
1c02 : 00000A93;
1c03 : 00000913;
1c04 : 00000993;
1c05 : BF9FF06F;
1c06 : 00048593;
1c07 : 0BC10513;
1c08 : A85FC0EF;
1c09 : 0BC12783;
1c0a : 00A7F713;
1c0b : 00971733;
1c0c : 00E46433;
1c0d : 049A4263;
1c0e : 0C012583;
1c0f : 0047F713;
1c10 : 00E03733;
1c11 : 01859693;
1c12 : 0C412583;
1c13 : 0087F793;
1c14 : 01A71713;
1c15 : 0135F5B3;
1c16 : 00F037B3;
1c17 : 00D5E5B3;
1c18 : 00249513;
1c19 : 01B79793;
1c1a : 00E5E5B3;
1c1b : 00F5E5B3;
1c1c : 05050513;
1c1d : A48FE0EF;
1c1e : 00148493;
1c1f : C5DFF06F;
1c20 : 0002E7B7;
1c21 : 03078793;
1c22 : 0007A683;
1c23 : 504D5737;
1c24 : 35470713;
1c25 : 12E68A63;
1c26 : 00E7A023;
1c27 : 0002E7B7;
1c28 : 0207AA23;
1c29 : 0002E7B7;
1c2a : 0207AC23;
1c2b : 0002E7B7;
1c2c : 0207AE23;
1c2d : 0002E7B7;
1c2e : 0407A823;
1c2f : 0002E7B7;
1c30 : 0407AA23;
1c31 : 0002E7B7;
1c32 : 0407AC23;
1c33 : 0002E7B7;
1c34 : 0407AE23;
1c35 : 0002E7B7;
1c36 : 0607A023;
1c37 : 0002E7B7;
1c38 : 0607A223;
1c39 : 0002E7B7;
1c3a : 0607A423;
1c3b : 0002E7B7;
1c3c : 0607A623;
1c3d : 0002E7B7;
1c3e : 0607A823;
1c3f : 0002E7B7;
1c40 : 0607AA23;
1c41 : 0002E7B7;
1c42 : 0607AC23;
1c43 : 0002E7B7;
1c44 : 0607AE23;
1c45 : 0002E7B7;
1c46 : 0807A023;
1c47 : 0002E7B7;
1c48 : 0807A223;
1c49 : 0002E7B7;
1c4a : 0807A423;
1c4b : 0002E7B7;
1c4c : 0807A623;
1c4d : 0002E7B7;
1c4e : 0807A823;
1c4f : 0002E7B7;
1c50 : 09478793;
1c51 : 0007A023;
1c52 : 0007A223;
1c53 : 0007A423;
1c54 : 0007A623;
1c55 : 0002E7B7;
1c56 : 0A47A703;
1c57 : 464157B7;
1c58 : 54C78793;
1c59 : 04F70663;
1c5a : 0002E7B7;
1c5b : 0A07A423;
1c5c : 0002E7B7;
1c5d : 0A07A623;
1c5e : 0002E7B7;
1c5f : 0A07A823;
1c60 : 0002E7B7;
1c61 : 0A07AA23;
1c62 : 0002E7B7;
1c63 : 0A07AC23;
1c64 : 0002E7B7;
1c65 : 0A07AE23;
1c66 : 0002E7B7;
1c67 : 0C07A023;
1c68 : 0002E7B7;
1c69 : 0C07A223;
1c6a : 0002E7B7;
1c6b : 0C07A423;
1c6c : 0002E7B7;
1c6d : 04078793;
1c6e : 0007A023;
1c6f : 0007A223;
1c70 : 0007A423;
1c71 : 0007A623;
1c72 : 00008067;
1c73 : FE010113;
1c74 : 00812C23;
1c75 : 00912A23;
1c76 : 01212823;
1c77 : 01312623;
1c78 : 01412423;
1c79 : 00050413;
1c7a : 00112E23;
1c7b : 00058A13;
1c7c : 00060993;
1c7d : 00068913;
1c7e : 00070493;
1c7f : E85FF0EF;
1c80 : 0002E537;
1c81 : 07850793;
1c82 : 0007A783;
1c83 : 0C87FA63;
1c84 : 07850513;
1c85 : 00078663;
1c86 : 00178793;
1c87 : 0CF41263;
1c88 : 00852023;
1c89 : 0002E7B7;
1c8a : 01C7A703;
1c8b : 0002E7B7;
1c8c : 06E7AE23;
1c8d : 0002E7B7;
1c8e : 0947A023;
1c8f : 0002E7B7;
1c90 : 0937A223;
1c91 : 0002E7B7;
1c92 : 0927A423;
1c93 : 0002E7B7;
1c94 : 0897A623;
1c95 : 00400793;
1c96 : 0687E463;
1c97 : 0002E737;
1c98 : 09470793;
1c99 : 0007A023;
1c9a : 0007A223;
1c9b : 0007A423;
1c9c : 00020537;
1c9d : 0007A623;
1c9e : 09470613;
1c9f : 00000793;
1ca0 : 2F050513;
1ca1 : 01000813;
1ca2 : FFC7F693;
1ca3 : 00F50733;
1ca4 : 00D606B3;
1ca5 : 00074703;
1ca6 : 0006A883;
1ca7 : 0037F593;
1ca8 : 00359593;
1ca9 : 00B71733;
1caa : 01176733;
1cab : 00E6A023;
1cac : 00178793;
1cad : FD079AE3;
1cae : 0002E7B7;
1caf : 0887A823;
1cb0 : 01812403;
1cb1 : 01C12083;
1cb2 : 01412483;
1cb3 : 01012903;
1cb4 : 00C12983;
1cb5 : 00812A03;
1cb6 : 02010113;
1cb7 : D94FE06F;
1cb8 : 01C12083;
1cb9 : 01812403;
1cba : 01412483;
1cbb : 01012903;
1cbc : 00C12983;
1cbd : 00812A03;
1cbe : 02010113;
1cbf : 00008067;
1cc0 : FF010113;
1cc1 : 00812423;
1cc2 : 00112623;
1cc3 : 00050413;
1cc4 : D71FF0EF;
1cc5 : 0002E7B7;
1cc6 : 06078793;
1cc7 : 0007A703;
1cc8 : FFF40693;
1cc9 : 02E69463;
1cca : 0087A023;
1ccb : 0002E7B7;
1ccc : 01C7A703;
1ccd : 00812403;
1cce : 00C12083;
1ccf : 0002E7B7;
1cd0 : 06E7AA23;
1cd1 : 01010113;
1cd2 : D28FE06F;
1cd3 : 00C12083;
1cd4 : 00812403;
1cd5 : 01010113;
1cd6 : 00008067;
1cd7 : FE010113;
1cd8 : 00912A23;
1cd9 : 0001F7B7;
1cda : 00070493;
1cdb : 0001F737;
1cdc : 6D87A783;
1cdd : 6D472703;
1cde : 00812C23;
1cdf : 00112E23;
1ce0 : 01212823;
1ce1 : 01312623;
1ce2 : 01412423;
1ce3 : 00E7E7B3;
1ce4 : 00050413;
1ce5 : 04079663;
1ce6 : 00058A13;
1ce7 : 00050593;
1ce8 : 15C00513;
1ce9 : 00060993;
1cea : 00068913;
1ceb : F11FD0EF;
1cec : 000A0593;
1ced : 16000513;
1cee : F05FD0EF;
1cef : 00098593;
1cf0 : 16400513;
1cf1 : EF9FD0EF;
1cf2 : 00090593;
1cf3 : 16800513;
1cf4 : EEDFD0EF;
1cf5 : 00048593;
1cf6 : 16C00513;
1cf7 : EE1FD0EF;
1cf8 : 02040863;
1cf9 : C9DFF0EF;
1cfa : 0002E7B7;
1cfb : 0287AC23;
1cfc : 01812403;
1cfd : 01C12083;
1cfe : 01412483;
1cff : 01012903;
1d00 : 00C12983;
1d01 : 00812A03;
1d02 : 02010113;
1d03 : C64FE06F;
1d04 : 01C12083;
1d05 : 01812403;
1d06 : 01412483;
1d07 : 01012903;
1d08 : 00C12983;
1d09 : 00812A03;
1d0a : 02010113;
1d0b : 00008067;
1d0c : 0001F7B7;
1d0d : 0001F737;
1d0e : 6D87A783;
1d0f : 6D472703;
1d10 : FF010113;
1d11 : 00812423;
1d12 : 00112623;
1d13 : 00E7E7B3;
1d14 : 00050413;
1d15 : 00079863;
1d16 : 00050593;
1d17 : 15800513;
1d18 : E5DFD0EF;
1d19 : 04040A63;
1d1a : C19FF0EF;
1d1b : 0002E7B7;
1d1c : 04078793;
1d1d : 0047A703;
1d1e : 00C12083;
1d1f : 00E7A023;
1d20 : 0087A703;
1d21 : 00E7A223;
1d22 : 00C7A703;
1d23 : 00E7A423;
1d24 : 0087A623;
1d25 : 0002E7B7;
1d26 : 0287AA23;
1d27 : 0002E7B7;
1d28 : 01C7A703;
1d29 : 00812403;
1d2a : 0002E7B7;
1d2b : 02E7AE23;
1d2c : 01010113;
1d2d : BBCFE06F;
1d2e : 00C12083;
1d2f : 00812403;
1d30 : 01010113;
1d31 : 00008067;
1d32 : 00852783;
1d33 : FF010113;
1d34 : 00112623;
1d35 : 0007A703;
1d36 : 00812423;
1d37 : 00072783;
1d38 : 0087F793;
1d39 : 10078063;
1d3a : 00072783;
1d3b : 0027F693;
1d3c : 00069A63;
1d3d : 0087D793;
1d3e : 0FF7F793;
1d3f : FFF00413;
1d40 : 0C078863;
1d41 : 00C72403;
1d42 : B79FF0EF;
1d43 : 0002E7B7;
1d44 : 06478713;
1d45 : 00072703;
1d46 : FFF00693;
1d47 : 06478613;
1d48 : 00D70463;
1d49 : 00170713;
1d4a : 0002E6B7;
1d4b : 07068793;
1d4c : 0007A783;
1d4d : 07068693;
1d4e : 00079663;
1d4f : 811CA7B7;
1d50 : DC578793;
1d51 : 0FF47413;
1d52 : 010005B7;
1d53 : 00F447B3;
1d54 : 19358593;
1d55 : 02B787B3;
1d56 : 00E62023;
1d57 : 0002E637;
1d58 : 06862423;
1d59 : 0002E637;
1d5a : 06E62623;
1d5b : 00F6A023;
1d5c : 0002E6B7;
1d5d : 06068793;
1d5e : 0007A783;
1d5f : 06068693;
1d60 : 00079463;
1d61 : 00100793;
1d62 : 00B00613;
1d63 : 00E67863;
1d64 : 00200713;
1d65 : 00E7F463;
1d66 : 00200793;
1d67 : 00A00713;
1d68 : 00E41863;
1d69 : 00300713;
1d6a : 00E7F463;
1d6b : 00300793;
1d6c : 0006A703;
1d6d : 00F70C63;
1d6e : 00F6A023;
1d6f : 0002E7B7;
1d70 : 01C7A703;
1d71 : 0002E7B7;
1d72 : 06E7AA23;
1d73 : AA4FE0EF;
1d74 : 00C12083;
1d75 : 00040513;
1d76 : 00812403;
1d77 : 01010113;
1d78 : 00008067;
1d79 : 00072783;
1d7a : 0017D793;
1d7b : 0017F793;
1d7c : F0DFF06F;
1d7d : FC010113;
1d7e : 02812C23;
1d7f : 00050413;
1d80 : 692D7537;
1d81 : 02000793;
1d82 : 27750513;
1d83 : 02112E23;
1d84 : 02912A23;
1d85 : 03212823;
1d86 : 03312623;
1d87 : 00F10DA3;
1d88 : BF1FB0EF;
1d89 : 12054E63;
1d8a : 00011F23;
1d8b : 0FF00493;
1d8c : 01E15503;
1d8d : 00100613;
1d8e : 01A10593;
1d8f : 00250513;
1d90 : A71FB0EF;
1d91 : 00100713;
1d92 : 01E15783;
1d93 : 02E50063;
1d94 : 10000713;
1d95 : 00F77463;
1d96 : 00011F23;
1d97 : 00440413;
1d98 : 00A00913;
1d99 : 02000993;
1d9a : 0B00006F;
1d9b : 01A14703;
1d9c : FE9700E3;
1d9d : 00178793;
1d9e : 00F11F23;
1d9f : FB5FF06F;
1da0 : 00058513;
1da1 : 00B12623;
1da2 : 3AD070EF;
1da3 : 00050493;
1da4 : 01E15503;
1da5 : 00C12583;
1da6 : 00048613;
1da7 : 00250513;
1da8 : 9C1FB0EF;
1da9 : 02950663;
1daa : FFF00513;
1dab : 000207B7;
1dac : 2807AC23;
1dad : 03C12083;
1dae : 03812403;
1daf : 03412483;
1db0 : 03012903;
1db1 : 02C12983;
1db2 : 04010113;
1db3 : 00008067;
1db4 : 01E15783;
1db5 : 00F50533;
1db6 : 01051513;
1db7 : 00442783;
1db8 : 01055513;
1db9 : 00A11F23;
1dba : 06078863;
1dbb : 01310DA3;
1dbc : 00100613;
1dbd : 01B10593;
1dbe : 00250513;
1dbf : 965FB0EF;
1dc0 : 00100793;
1dc1 : 00440413;
1dc2 : FAF510E3;
1dc3 : 01E15783;
1dc4 : 00178793;
1dc5 : 00F11F23;
1dc6 : 00042583;
1dc7 : F60592E3;
1dc8 : 00200613;
1dc9 : 01E10593;
1dca : 00000513;
1dcb : 935FB0EF;
1dcc : 00200793;
1dcd : F6F51AE3;
1dce : 00200613;
1dcf : 01C10593;
1dd0 : 00000513;
1dd1 : 96DFB0EF;
1dd2 : FFE50513;
1dd3 : 00A03533;
1dd4 : 40A00533;
1dd5 : F59FF06F;
1dd6 : 01210DA3;
1dd7 : F95FF06F;
1dd8 : FFF00513;
1dd9 : F51FF06F;
1dda : 692D7537;
1ddb : FF010113;
1ddc : 27750513;
1ddd : 00112623;
1dde : 00812423;
1ddf : A95FB0EF;
1de0 : FFF00793;
1de1 : 02054263;
1de2 : 00021437;
1de3 : 9A840413;
1de4 : 93842503;
1de5 : FFDFB0EF;
1de6 : 93842783;
1de7 : 8E042823;
1de8 : 00A79E63;
1de9 : 00000793;
1dea : 00C12083;
1deb : 00812403;
1dec : 00078513;
1ded : 01010113;
1dee : 00008067;
1def : FFF50793;
1df0 : 00F037B3;
1df1 : 40F007B3;
1df2 : FE1FF06F;
1df3 : F7010113;
1df4 : 08812423;
1df5 : 696C6537;
1df6 : 00021437;
1df7 : 9A840793;
1df8 : 08112623;
1df9 : 08912223;
1dfa : 09212023;
1dfb : 07312E23;
1dfc : 16350513;
1dfd : 9A07A023;
1dfe : A19FB0EF;
1dff : FFF00793;
1e00 : 02054663;
1e01 : 06C00613;
1e02 : 00410593;
1e03 : 00000513;
1e04 : 8A1FB0EF;
1e05 : 06C00793;
1e06 : 9A840413;
1e07 : 02F50863;
1e08 : 9A042023;
1e09 : FFF00793;
1e0a : 8E042823;
1e0b : 08C12083;
1e0c : 08812403;
1e0d : 08412483;
1e0e : 08012903;
1e0f : 07C12983;
1e10 : 00078513;
1e11 : 09010113;
1e12 : 00008067;
1e13 : 99C40493;
1e14 : 06C00613;
1e15 : 00410593;
1e16 : 00048513;
1e17 : 705080EF;
1e18 : A0840993;
1e19 : 00048913;
1e1a : 00092503;
1e1b : 00490913;
1e1c : 284120EF;
1e1d : FEA92E23;
1e1e : FF3918E3;
1e1f : 99C42783;
1e20 : CAFEC737;
1e21 : ABE70713;
1e22 : F8E79CE3;
1e23 : 9A042603;
1e24 : 00000713;
1e25 : 00F607B3;
1e26 : 00848493;
1e27 : 02E61063;
1e28 : 9A442703;
1e29 : F6F71EE3;
1e2a : 0001F7B7;
1e2b : 00100713;
1e2c : 6CE78623;
1e2d : 00000793;
1e2e : F71FF06F;
1e2f : 0044A683;
1e30 : 0084A583;
1e31 : 00170713;
1e32 : 00B686B3;
1e33 : 00D787B3;
1e34 : FC9FF06F;
1e35 : F8010113;
1e36 : 06812C23;
1e37 : 00021437;
1e38 : 06912A23;
1e39 : 9A840493;
1e3a : 9A04A603;
1e3b : 99C48493;
1e3c : 07212823;
1e3d : 06112E23;
1e3e : 00050693;
1e3f : 00048713;
1e40 : 00000793;
1e41 : 9A840413;
1e42 : 00020937;
1e43 : 02C79663;
1e44 : 00C00613;
1e45 : FFF00713;
1e46 : 0AC78E63;
1e47 : 00379713;
1e48 : 00E40733;
1e49 : 00178793;
1e4a : 9AD72423;
1e4b : 9AB72623;
1e4c : 9AF42023;
1e4d : 01C0006F;
1e4e : 00C72503;
1e4f : 00870713;
1e50 : 0AA69863;
1e51 : 00379793;
1e52 : 00F407B3;
1e53 : 9AB7A623;
1e54 : 696C6537;
1e55 : 16350513;
1e56 : 8B9FB0EF;
1e57 : FFF00713;
1e58 : 06054A63;
1e59 : 9A042603;
1e5a : CAFEC7B7;
1e5b : ABE78793;
1e5c : 98F42E23;
1e5d : 00000713;
1e5e : 00F607B3;
1e5f : 00848493;
1e60 : 06E61C63;
1e61 : 06C00613;
1e62 : 34490593;
1e63 : 00410513;
1e64 : 9AF42223;
1e65 : 00410493;
1e66 : 5C9080EF;
1e67 : 0004A503;
1e68 : 00448493;
1e69 : 150120EF;
1e6a : FEA4AE23;
1e6b : 07010793;
1e6c : FE9796E3;
1e6d : 93842503;
1e6e : DD9FB0EF;
1e6f : 06C00613;
1e70 : 00410593;
1e71 : 00000513;
1e72 : E98FB0EF;
1e73 : 00000713;
1e74 : 8E042823;
1e75 : 07C12083;
1e76 : 07812403;
1e77 : 07412483;
1e78 : 07012903;
1e79 : 00070513;
1e7a : 08010113;
1e7b : 00008067;
1e7c : 00178793;
1e7d : F19FF06F;
1e7e : 0044A683;
1e7f : 0084A583;
1e80 : 00170713;
1e81 : 00B686B3;
1e82 : 00D787B3;
1e83 : F71FF06F;
1e84 : 2D706537;
1e85 : FF010113;
1e86 : 67350513;
1e87 : 00112623;
1e88 : 00812423;
1e89 : FECFB0EF;
1e8a : FFF00793;
1e8b : 02054263;
1e8c : 00021437;
1e8d : 9A840413;
1e8e : 93842503;
1e8f : D55FB0EF;
1e90 : 93842783;
1e91 : 8E042823;
1e92 : 00A79E63;
1e93 : 00000793;
1e94 : 00C12083;
1e95 : 00812403;
1e96 : 00078513;
1e97 : 01010113;
1e98 : 00008067;
1e99 : FFF50793;
1e9a : 00F037B3;
1e9b : 40F007B3;
1e9c : FE1FF06F;
1e9d : 00000793;
1e9e : 01052703;
1e9f : 00E7C463;
1ea0 : 00008067;
1ea1 : 00000013;
1ea2 : 00178793;
1ea3 : FEDFF06F;
1ea4 : 00050A63;
1ea5 : 00052783;
1ea6 : 0087A303;
1ea7 : 00030463;
1ea8 : 00030067;
1ea9 : 00008067;
1eaa : FF010113;
1eab : 00812423;
1eac : 0001F437;
1ead : 00000593;
1eae : 39040513;
1eaf : 00112623;
1eb0 : FD1FF0EF;
1eb1 : 12C00513;
1eb2 : EA1F90EF;
1eb3 : 0001F537;
1eb4 : 00100593;
1eb5 : 39850513;
1eb6 : FB9FF0EF;
1eb7 : 12C00513;
1eb8 : E89F90EF;
1eb9 : 39040513;
1eba : 00100593;
1ebb : FA5FF0EF;
1ebc : 00812403;
1ebd : 00C12083;
1ebe : 12C00513;
1ebf : 01010113;
1ec0 : E69F906F;
1ec1 : FE010113;
1ec2 : 01212823;
1ec3 : 0001F937;
1ec4 : 01312623;
1ec5 : 01412423;
1ec6 : 00050993;
1ec7 : 00058A13;
1ec8 : 39090513;
1ec9 : 00100593;
1eca : 00112E23;
1ecb : 00812C23;
1ecc : 00912A23;
1ecd : 01512223;
1ece : F59FF0EF;
1ecf : 12C00513;
1ed0 : E29F90EF;
1ed1 : 0001F437;
1ed2 : 00000593;
1ed3 : 39840513;
1ed4 : F41FF0EF;
1ed5 : 12C00513;
1ed6 : E11F90EF;
1ed7 : 00800A93;
1ed8 : 00000493;
1ed9 : 00100593;
1eda : 39840513;
1edb : F25FF0EF;
1edc : 12C00513;
1edd : DF5F90EF;
1ede : 00149493;
1edf : 39090513;
1ee0 : 0FF4F493;
1ee1 : DFDF90EF;
1ee2 : 00050463;
1ee3 : 0014E493;
1ee4 : 00000593;
1ee5 : 39840513;
1ee6 : EF9FF0EF;
1ee7 : 12C00513;
1ee8 : FFFA8A93;
1ee9 : DC5F90EF;
1eea : FA0A9EE3;
1eeb : 00100593;
1eec : 000A1463;
1eed : 00000593;
1eee : 39090513;
1eef : ED5FF0EF;
1ef0 : 12C00513;
1ef1 : DA5F90EF;
1ef2 : 00100593;
1ef3 : 39840513;
1ef4 : EC1FF0EF;
1ef5 : 12C00513;
1ef6 : D91F90EF;
1ef7 : 39840513;
1ef8 : 00000593;
1ef9 : EADFF0EF;
1efa : 12C00513;
1efb : D7DF90EF;
1efc : 01C12083;
1efd : 01812403;
1efe : 00998023;
1eff : 01012903;
1f00 : 01412483;
1f01 : 00C12983;
1f02 : 00812A03;
1f03 : 00412A83;
1f04 : 02010113;
1f05 : 00008067;
1f06 : FE010113;
1f07 : 00812C23;
1f08 : 00912A23;
1f09 : 01212823;
1f0a : 01312623;
1f0b : 00112E23;
1f0c : 00050413;
1f0d : 00800993;
1f0e : 0001F4B7;
1f0f : 0001F937;
1f10 : 08047593;
1f11 : 39048513;
1f12 : E49FF0EF;
1f13 : 12C00513;
1f14 : D19F90EF;
1f15 : 00100593;
1f16 : 39890513;
1f17 : E35FF0EF;
1f18 : 12C00513;
1f19 : D05F90EF;
1f1a : 00000593;
1f1b : 39890513;
1f1c : E21FF0EF;
1f1d : 12C00513;
1f1e : 00141413;
1f1f : FFF98993;
1f20 : CE9F90EF;
1f21 : 0FF47413;
1f22 : FA099CE3;
1f23 : 00100593;
1f24 : 39048513;
1f25 : DFDFF0EF;
1f26 : 12C00513;
1f27 : CCDF90EF;
1f28 : 00100593;
1f29 : 39890513;
1f2a : DE9FF0EF;
1f2b : 12C00513;
1f2c : CB9F90EF;
1f2d : 39048513;
1f2e : CC9F90EF;
1f2f : 00000593;
1f30 : 00050413;
1f31 : 39890513;
1f32 : DC9FF0EF;
1f33 : 12C00513;
1f34 : C99F90EF;
1f35 : 39048513;
1f36 : 00000593;
1f37 : DB5FF0EF;
1f38 : 12C00513;
1f39 : C85F90EF;
1f3a : 00040463;
1f3b : FED00413;
1f3c : 01C12083;
1f3d : 00040513;
1f3e : 01812403;
1f3f : 01412483;
1f40 : 01012903;
1f41 : 00C12983;
1f42 : 02010113;
1f43 : 00008067;
1f44 : 0001F537;
1f45 : FF010113;
1f46 : 00000593;
1f47 : 39050513;
1f48 : 00112623;
1f49 : D6DFF0EF;
1f4a : 12C00513;
1f4b : C3DF90EF;
1f4c : 0001F537;
1f4d : 39850513;
1f4e : 00000593;
1f4f : D55FF0EF;
1f50 : 00C12083;
1f51 : 12C00513;
1f52 : 01010113;
1f53 : C1DF906F;
1f54 : 00052783;
1f55 : 02078E63;
1f56 : FF010113;
1f57 : 00812423;
1f58 : 00912223;
1f59 : 00112623;
1f5a : 00050413;
1f5b : 00058493;
1f5c : D05FF0EF;
1f5d : 00042503;
1f5e : 00812403;
1f5f : 00C12083;
1f60 : 0014C593;
1f61 : 00412483;
1f62 : 01010113;
1f63 : D05FF06F;
1f64 : 00008067;
1f65 : 00050A63;
1f66 : 00052783;
1f67 : 0047A303;
1f68 : 00030463;
1f69 : 00030067;
1f6a : 00008067;
1f6b : FE010113;
1f6c : 00112E23;
1f6d : 00812C23;
1f6e : 00912A23;
1f6f : 00050413;
1f70 : 01312623;
1f71 : 01412423;
1f72 : 01212823;
1f73 : CA9FF0EF;
1f74 : 00C42503;
1f75 : 00000593;
1f76 : 00800993;
1f77 : CB5FF0EF;
1f78 : 00040513;
1f79 : C91FF0EF;
1f7a : 00442503;
1f7b : 00000593;
1f7c : 00000493;
1f7d : C9DFF0EF;
1f7e : 00842503;
1f7f : 00000593;
1f80 : 00000A13;
1f81 : F91FF0EF;
1f82 : 00040513;
1f83 : C69FF0EF;
1f84 : 01F4D793;
1f85 : 001A1913;
1f86 : 0127E933;
1f87 : 01442783;
1f88 : 00149493;
1f89 : 00090A13;
1f8a : 00078A63;
1f8b : 00842503;
1f8c : B51F90EF;
1f8d : 00050463;
1f8e : 0014E493;
1f8f : 00C42503;
1f90 : 00100593;
1f91 : C4DFF0EF;
1f92 : 00040513;
1f93 : C29FF0EF;
1f94 : 01442783;
1f95 : 00079A63;
1f96 : 00842503;
1f97 : B25F90EF;
1f98 : 00050463;
1f99 : 0014E493;
1f9a : 00C42503;
1f9b : 00000593;
1f9c : FFF98993;
1f9d : C1DFF0EF;
1f9e : 00040513;
1f9f : BF9FF0EF;
1fa0 : F80998E3;
1fa1 : 00040513;
1fa2 : BEDFF0EF;
1fa3 : 01C12083;
1fa4 : 01812403;
1fa5 : 00C12983;
1fa6 : 00812A03;
1fa7 : 00048513;
1fa8 : 00090593;
1fa9 : 01412483;
1faa : 01012903;
1fab : 02010113;
1fac : 00008067;
1fad : FE010113;
1fae : 00112E23;
1faf : 00812C23;
1fb0 : 00912A23;
1fb1 : 00050413;
1fb2 : 01212823;
1fb3 : 01312623;
1fb4 : 00060913;
1fb5 : 01412423;
1fb6 : 00058993;
1fb7 : B99FF0EF;
1fb8 : 00442503;
1fb9 : 00000593;
1fba : 00700493;
1fbb : BA5FF0EF;
1fbc : 00442503;
1fbd : 00100593;
1fbe : FFF00A13;
1fbf : E99FF0EF;
1fc0 : 00C42503;
1fc1 : 00000593;
1fc2 : B89FF0EF;
1fc3 : 00040513;
1fc4 : B65FF0EF;
1fc5 : 00048613;
1fc6 : 00098513;
1fc7 : 00090593;
1fc8 : 2C9110EF;
1fc9 : 00157593;
1fca : 00442503;
1fcb : FFF48493;
1fcc : B61FF0EF;
1fcd : 00040513;
1fce : B3DFF0EF;
1fcf : 00C42503;
1fd0 : 00100593;
1fd1 : B4DFF0EF;
1fd2 : 00040513;
1fd3 : B29FF0EF;
1fd4 : 00C42503;
1fd5 : 00000593;
1fd6 : B39FF0EF;
1fd7 : 00040513;
1fd8 : B15FF0EF;
1fd9 : FB4498E3;
1fda : 01C12083;
1fdb : 01812403;
1fdc : 01412483;
1fdd : 01012903;
1fde : 00C12983;
1fdf : 00812A03;
1fe0 : 02010113;
1fe1 : 00008067;
1fe2 : FF010113;
1fe3 : 00812423;
1fe4 : 00050413;
1fe5 : 00052503;
1fe6 : 00100593;
1fe7 : 00112623;
1fe8 : 00912223;
1fe9 : DADFF0EF;
1fea : 00042503;
1feb : 00000613;
1fec : 00500593;
1fed : F01FF0EF;
1fee : 00042503;
1fef : DF1FF0EF;
1ff0 : 00050493;
1ff1 : 00042503;
1ff2 : 00000593;
1ff3 : D85FF0EF;
1ff4 : 00C12083;
1ff5 : 00812403;
1ff6 : 0FF4F513;
1ff7 : 00412483;
1ff8 : 01010113;
1ff9 : 00008067;
1ffa : FE010113;
1ffb : 00812C23;
1ffc : 00050413;
1ffd : 01042783;
1ffe : 00912A23;
1fff : 01212823;
2000 : 01312623;
2001 : 0105D913;
2002 : 0085D493;
2003 : 00112E23;
2004 : 00052503;
2005 : 0FF97913;
2006 : 0FF4F493;
2007 : 0FF5F993;
2008 : 04078C63;
2009 : 0185D593;
200a : 00000613;
200b : E89FF0EF;
200c : 00042503;
200d : 00090593;
200e : 00000613;
200f : E79FF0EF;
2010 : 00042503;
2011 : 00048593;
2012 : 00000613;
2013 : E69FF0EF;
2014 : 00042503;
2015 : 01812403;
2016 : 01C12083;
2017 : 01412483;
2018 : 01012903;
2019 : 00098593;
201a : 00C12983;
201b : 00000613;
201c : 02010113;
201d : E41FF06F;
201e : 00090593;
201f : 00000613;
2020 : FBDFF06F;
2021 : 00452783;
2022 : FE010113;
2023 : 00912A23;
2024 : FFF60493;
2025 : 00F484B3;
2026 : 02F4D4B3;
2027 : 00812C23;
2028 : 01312623;
2029 : 01412423;
202a : 01512223;
202b : 00112E23;
202c : 01212823;
202d : 00050413;
202e : 00058A13;
202f : 00060993;
2030 : 00000A93;
2031 : 029AC663;
2032 : 01C12083;
2033 : 01812403;
2034 : 01412483;
2035 : 01012903;
2036 : 00812A03;
2037 : 00412A83;
2038 : 00098513;
2039 : 00C12983;
203a : 02010113;
203b : 00008067;
203c : 00042503;
203d : 00100593;
203e : 00442903;
203f : C55FF0EF;
2040 : 00042503;
2041 : 00000613;
2042 : 00600593;
2043 : DA9FF0EF;
2044 : 00042503;
2045 : 032A8933;
2046 : 00000593;
2047 : C35FF0EF;
2048 : 00042503;
2049 : 00100593;
204a : C29FF0EF;
204b : 01042783;
204c : 00042503;
204d : 0DC00593;
204e : 01490933;
204f : 00000613;
2050 : 00079663;
2051 : 0D800593;
2052 : 00000613;
2053 : D69FF0EF;
2054 : 00090593;
2055 : 00040513;
2056 : E91FF0EF;
2057 : 00042503;
2058 : 00000593;
2059 : BEDFF0EF;
205a : 00040513;
205b : E1DFF0EF;
205c : 00157513;
205d : FE051AE3;
205e : 00040513;
205f : E0DFF0EF;
2060 : 00157513;
2061 : FE051AE3;
2062 : 001A8A93;
2063 : F39FF06F;
2064 : FE010113;
2065 : 00812C23;
2066 : 00050413;
2067 : 00052503;
2068 : 01212823;
2069 : 00058913;
206a : 00100593;
206b : 00912A23;
206c : 01312623;
206d : 00112E23;
206e : 00060993;
206f : 00068493;
2070 : B91FF0EF;
2071 : 01042783;
2072 : 00042503;
2073 : 00B00593;
2074 : 00078463;
2075 : 00C00593;
2076 : 00000613;
2077 : CD9FF0EF;
2078 : 00090593;
2079 : 00040513;
207a : E01FF0EF;
207b : 00042503;
207c : 00000593;
207d : 00000613;
207e : CBDFF0EF;
207f : 00000913;
2080 : 00042503;
2081 : 02994663;
2082 : 00000593;
2083 : B45FF0EF;
2084 : 01C12083;
2085 : 01812403;
2086 : 01012903;
2087 : 00C12983;
2088 : 00048513;
2089 : 01412483;
208a : 02010113;
208b : 00008067;
208c : B7DFF0EF;
208d : 012987B3;
208e : 00A78023;
208f : 00190913;
2090 : FC1FF06F;
2091 : FE010113;
2092 : 00812C23;
2093 : 00050413;
2094 : 00052503;
2095 : 01212823;
2096 : 00058913;
2097 : 00100593;
2098 : 00112E23;
2099 : 00912A23;
209a : 01312623;
209b : 00068493;
209c : 00060993;
209d : ADDFF0EF;
209e : 00042503;
209f : 00000613;
20a0 : 00600593;
20a1 : C31FF0EF;
20a2 : 00042503;
20a3 : 00000593;
20a4 : AC1FF0EF;
20a5 : 00042503;
20a6 : FDCFF0EF;
20a7 : 00042503;
20a8 : 00100593;
20a9 : AADFF0EF;
20aa : 01042783;
20ab : 00042503;
20ac : 00200593;
20ad : 00078463;
20ae : 01200593;
20af : 00000613;
20b0 : BF5FF0EF;
20b1 : 00090593;
20b2 : 00040513;
20b3 : D1DFF0EF;
20b4 : 00000913;
20b5 : 00042503;
20b6 : 02994E63;
20b7 : 00000593;
20b8 : A71FF0EF;
20b9 : 00040513;
20ba : CA1FF0EF;
20bb : 00157513;
20bc : FE051AE3;
20bd : 01C12083;
20be : 01812403;
20bf : 01012903;
20c0 : 00C12983;
20c1 : 00048513;
20c2 : 01412483;
20c3 : 02010113;
20c4 : 00008067;
20c5 : 012987B3;
20c6 : 0007C583;
20c7 : 00000613;
20c8 : 00190913;
20c9 : B91FF0EF;
20ca : FADFF06F;
20cb : 0001F7B7;
20cc : 0001F737;
20cd : 6C07A223;
20ce : 0001F7B7;
20cf : 6A071E23;
20d0 : 6A079A23;
20d1 : 6BC70713;
20d2 : 6B478793;
20d3 : 00000593;
20d4 : 00000513;
20d5 : 00072223;
20d6 : 0007A223;
20d7 : FC0FB06F;
20d8 : 001007B7;
20d9 : 40078793;
20da : 01C7A783;
20db : 00100737;
20dc : 00F50533;
20dd : 41C72783;
20de : 40A787B3;
20df : FE07CCE3;
20e0 : 00008067;
20e1 : FF010113;
20e2 : 00812423;
20e3 : 00001437;
20e4 : 80040593;
20e5 : 00000513;
20e6 : 00112623;
20e7 : DC9F70EF;
20e8 : 3E800513;
20e9 : FBDFF0EF;
20ea : 000085B7;
20eb : 00000513;
20ec : DB5F70EF;
20ed : 00000593;
20ee : 00000513;
20ef : DA9F70EF;
20f0 : 00000593;
20f1 : 01000513;
20f2 : D9DF70EF;
20f3 : 000207B7;
20f4 : 9AE7C783;
20f5 : 34040593;
20f6 : 0027F793;
20f7 : 00079463;
20f8 : 14000593;
20f9 : 00000513;
20fa : D7DF70EF;
20fb : 00812403;
20fc : 00C12083;
20fd : 00000593;
20fe : 04000513;
20ff : 01010113;
2100 : D65F706F;
2101 : 0001F7B7;
2102 : 6A87A503;
2103 : 02050663;
2104 : 00052783;
2105 : 02078263;
2106 : FF010113;
2107 : 00112623;
2108 : 000780E7;
2109 : 00A04463;
210a : FFF00513;
210b : 00C12083;
210c : 01010113;
210d : 00008067;
210e : FFF00513;
210f : 00008067;
2110 : FC010113;
2111 : 02C12423;
2112 : 02810613;
2113 : 00112E23;
2114 : 02D12623;
2115 : 02E12823;
2116 : 02F12A23;
2117 : 03012C23;
2118 : 03112E23;
2119 : 00C12623;
211a : EE9F90EF;
211b : 01C12083;
211c : 04010113;
211d : 00008067;
211e : FF010113;
211f : 00812423;
2120 : 00020437;
2121 : 45440413;
2122 : 00058613;
2123 : 00050593;
2124 : 00040513;
2125 : 00912223;
2126 : 00112623;
2127 : EB5F90EF;
2128 : 0001F7B7;
2129 : 00050493;
212a : 6A87A503;
212b : 00050863;
212c : 00452783;
212d : 00040593;
212e : 000780E7;
212f : 00C12083;
2130 : 00812403;
2131 : 00048513;
2132 : 00412483;
2133 : 01010113;
2134 : 00008067;
2135 : FC010113;
2136 : 02B12223;
2137 : 02410593;
2138 : 00112E23;
2139 : 02C12423;
213a : 02D12623;
213b : 02E12823;
213c : 02F12A23;
213d : 03012C23;
213e : 03112E23;
213f : 00B12623;
2140 : F79FF0EF;
2141 : 01C12083;
2142 : 04010113;
2143 : 00008067;
2144 : FA010113;
2145 : 02812C23;
2146 : 00020437;
2147 : 03212823;
2148 : 04C12423;
2149 : 04D12623;
214a : 04E12823;
214b : 04F12A23;
214c : 05012C23;
214d : 05112E23;
214e : 00020937;
214f : 9A840413;
2150 : 5C442783;
2151 : 03312623;
2152 : 91092983;
2153 : 02112E23;
2154 : 02912A23;
2155 : 00F9E7B3;
2156 : 01C7D793;
2157 : 06078863;
2158 : 0019E793;
2159 : 90F92823;
215a : 5DC42783;
215b : 00058493;
215c : 5A040513;
215d : 00C7A783;
215e : 01010593;
215f : 000780E7;
2160 : 01C12783;
2161 : 01A15683;
2162 : 01012603;
2163 : 01079793;
2164 : 00D7E6B3;
2165 : 000017B7;
2166 : 00F40433;
2167 : 000F47B7;
2168 : 24078793;
2169 : 02F6C6B3;
216a : 84842583;
216b : 0001C537;
216c : 0DC50513;
216d : 91392823;
216e : F1DFF0EF;
216f : 04810593;
2170 : 00048513;
2171 : 00B12623;
2172 : EB1FF0EF;
2173 : 03C12083;
2174 : 03812403;
2175 : 03412483;
2176 : 03012903;
2177 : 02C12983;
2178 : 06010113;
2179 : 00008067;
217a : FF010113;
217b : 00812423;
217c : 00020437;
217d : 9A840793;
217e : 5C07A783;
217f : 00912223;
2180 : 00112623;
2181 : 0447A783;
2182 : 000204B7;
2183 : 9A840413;
2184 : F4848493;
2185 : 02078C63;
2186 : 5A042783;
2187 : 00600713;
2188 : 00E78663;
2189 : 00900713;
218a : 00E79A63;
218b : 00600613;
218c : 00000593;
218d : 63A40513;
218e : 5B1060EF;
218f : 5C042783;
2190 : 00048513;
2191 : 0447A783;
2192 : 000780E7;
2193 : 5A042703;
2194 : 00A00793;
2195 : 00E7C663;
2196 : 5A442703;
2197 : 00E7D663;
2198 : 00048513;
2199 : 5A8100EF;
219a : 5A442683;
219b : 00300793;
219c : 5AD42023;
219d : 00F69A63;
219e : 000017B7;
219f : 00F407B3;
21a0 : 8C07AE23;
21a1 : 8E07A023;
21a2 : 5C844783;
21a3 : 0001C5B7;
21a4 : 00048513;
21a5 : FF97F793;
21a6 : 5CF40423;
21a7 : 5B042783;
21a8 : 0F858593;
21a9 : 0007A603;
21aa : E69FF0EF;
21ab : 00C12083;
21ac : 00812403;
21ad : 00412483;
21ae : 00000513;
21af : 01010113;
21b0 : 00008067;
21b1 : E7010113;
21b2 : 17312E23;
21b3 : 17412C23;
21b4 : 17512A23;
21b5 : 17812423;
21b6 : 18112623;
21b7 : 00021C37;
21b8 : 18812423;
21b9 : 18912223;
21ba : 19212023;
21bb : 17612823;
21bc : 17712623;
21bd : 17912223;
21be : 17A12023;
21bf : 15B12E23;
21c0 : 00050A13;
21c1 : 00058A93;
21c2 : 9A8C0C13;
21c3 : 00050993;
21c4 : 00059463;
21c5 : A18C2983;
21c6 : A10C2783;
21c7 : 0001B437;
21c8 : B3040413;
21c9 : 40F00733;
21ca : 13F78913;
21cb : 00E97933;
21cc : 01390933;
21cd : 00100D93;
21ce : 1F040B13;
21cf : FFF78D13;
21d0 : 0001BBB7;
21d1 : 006D9C93;
21d2 : 016C8CB3;
21d3 : 010CA503;
21d4 : 014CA583;
21d5 : 00E12623;
21d6 : 001D8D93;
21d7 : 3CC110EF;
21d8 : 00CCA583;
21d9 : 00050493;
21da : 008CA503;
21db : 3BC110EF;
21dc : 40A484B3;
21dd : 41F95593;
21de : 00090513;
21df : 3AC110EF;
21e0 : 00ACA423;
21e1 : 01248533;
21e2 : 00BCA623;
21e3 : 41F55593;
21e4 : 398110EF;
21e5 : 00C12703;
21e6 : 00148493;
21e7 : 01248933;
21e8 : 01A90933;
21e9 : 00ACA823;
21ea : 00BCAA23;
21eb : 00500793;
21ec : 00E97933;
21ed : F8FD98E3;
21ee : 00098513;
21ef : 00000593;
21f0 : 368110EF;
21f1 : 30042703;
21f2 : 30442783;
21f3 : 1EA42C23;
21f4 : 1EB42E23;
21f5 : 20E42023;
21f6 : 20F42223;
21f7 : 000B0493;
21f8 : 33040413;
21f9 : 0001C937;
21fa : 01200613;
21fb : 02C48593;
21fc : 01010513;
21fd : 020101A3;
21fe : 175060EF;
21ff : 0084A503;
2200 : 00C4A583;
2201 : 04048493;
2202 : 320110EF;
2203 : FD44A583;
2204 : 00A12623;
2205 : FD04A503;
2206 : 310110EF;
2207 : 00C12603;
2208 : 00050693;
2209 : 01010593;
220a : 11090513;
220b : CA9FF0EF;
220c : FA941CE3;
220d : A10C2783;
220e : 00500613;
220f : 0001C537;
2210 : 02F60633;
2211 : 00098593;
2212 : 13450513;
2213 : 00000413;
2214 : 14000493;
2215 : C81FF0EF;
2216 : 000A8593;
2217 : 000A0513;
2218 : 9BCFB0EF;
2219 : A20C2783;
221a : A0CC2503;
221b : 008B0633;
221c : 0047A783;
221d : 008985B3;
221e : 04000693;
221f : 04040413;
2220 : 000780E7;
2221 : FE9410E3;
2222 : 0001C537;
2223 : 16450513;
2224 : C45FF0EF;
2225 : A20C2783;
2226 : A0CC2503;
2227 : 01010613;
2228 : 0007A783;
2229 : 00098593;
222a : 14000693;
222b : 000780E7;
222c : 14000613;
222d : 01010593;
222e : D20B8513;
222f : 011070EF;
2230 : 04050863;
2231 : 0001C537;
2232 : 17850513;
2233 : C09FF0EF;
2234 : E19FA0EF;
2235 : 18C12083;
2236 : 18812403;
2237 : 18412483;
2238 : 18012903;
2239 : 17C12983;
223a : 17812A03;
223b : 17412A83;
223c : 17012B03;
223d : 16C12B83;
223e : 16812C03;
223f : 16412C83;
2240 : 16012D03;
2241 : 15C12D83;
2242 : 19010113;
2243 : 00008067;
2244 : 0001C537;
2245 : 18050513;
2246 : FB5FF06F;
2247 : FF010113;
2248 : 00812423;
2249 : 00C5A403;
224a : 00912223;
224b : 00112623;
224c : 00040613;
224d : 01212023;
224e : 9ACFA0EF;
224f : 00050493;
2250 : 06A05063;
2251 : 0001F737;
2252 : 59072503;
2253 : 00042783;
2254 : 00100693;
2255 : 00150593;
2256 : 00B035B3;
2257 : 00070913;
2258 : 00D78C63;
2259 : 03200713;
225a : 04E78A63;
225b : 0C800793;
225c : 00F42023;
225d : 02C0006F;
225e : D4DFF0EF;
225f : FE0548E3;
2260 : 06400793;
2261 : 00F42023;
2262 : 0001F737;
2263 : FFF00793;
2264 : 58F72623;
2265 : 0001F737;
2266 : 58F92823;
2267 : 58F72423;
2268 : 00C12083;
2269 : 00812403;
226a : 00012903;
226b : 00048513;
226c : 00412483;
226d : 01010113;
226e : 00008067;
226f : 860FB0EF;
2270 : FBDFF06F;
2271 : 00300793;
2272 : 28C7C663;
2273 : FB010113;
2274 : 04812423;
2275 : 00050413;
2276 : 2D706537;
2277 : 67350513;
2278 : 04912223;
2279 : 03312E23;
227a : 04112623;
227b : 05212023;
227c : 03412C23;
227d : 03512A23;
227e : 00058993;
227f : 00060493;
2280 : 811FA0EF;
2281 : FFF00793;
2282 : 02054663;
2283 : 04048863;
2284 : 00100793;
2285 : 08F99063;
2286 : 0001F4B7;
2287 : 6C84A683;
2288 : 00400713;
2289 : FFE00793;
228a : 22E69C63;
228b : 00020737;
228c : 28072C23;
228d : 04C12083;
228e : 04812403;
228f : 04412483;
2290 : 04012903;
2291 : 03C12983;
2292 : 03812A03;
2293 : 03412A83;
2294 : 00078513;
2295 : 05010113;
2296 : 00008067;
2297 : 0001F937;
2298 : 6C092423;
2299 : 00100513;
229a : 0FF00A13;
229b : 01000A93;
229c : 02100613;
229d : 00C10593;
229e : E38FA0EF;
229f : 02100793;
22a0 : 02F50C63;
22a1 : 00100793;
22a2 : F8F988E3;
22a3 : 6C892783;
22a4 : F8078EE3;
22a5 : 02100913;
22a6 : 03248533;
22a7 : 02100613;
22a8 : 00040593;
22a9 : 00150513;
22aa : E08FA0EF;
22ab : 05250263;
22ac : FFF00793;
22ad : F79FF06F;
22ae : 00000793;
22af : 00C10713;
22b0 : 00F70733;
22b1 : 00074703;
22b2 : FB470EE3;
22b3 : 00178793;
22b4 : FF5796E3;
22b5 : 6C892503;
22b6 : 02100793;
22b7 : 00150513;
22b8 : 6CA92423;
22b9 : 02F50533;
22ba : 00150513;
22bb : F85FF06F;
22bc : 00000793;
22bd : 00000713;
22be : 02000693;
22bf : 00E40633;
22c0 : 00064603;
22c1 : 00170713;
22c2 : 00C787B3;
22c3 : FED718E3;
22c4 : 02044703;
22c5 : 0FF7F793;
22c6 : 00E78A63;
22c7 : 0001C537;
22c8 : 18850513;
22c9 : 9B1FF0EF;
22ca : F89FF06F;
22cb : 01144503;
22cc : 01544583;
22cd : 01044703;
22ce : 01444783;
22cf : 00851513;
22d0 : 00859593;
22d1 : 00E56533;
22d2 : 00F5E5B3;
22d3 : 01244703;
22d4 : 01644783;
22d5 : 01071713;
22d6 : 01079793;
22d7 : 00A76733;
22d8 : 00B7E7B3;
22d9 : 01344503;
22da : 01744583;
22db : 01851513;
22dc : 01859593;
22dd : 00E56533;
22de : 00F5E5B3;
22df : 7AD100EF;
22e0 : 00855793;
22e1 : 00F408A3;
22e2 : 01055793;
22e3 : 00A40823;
22e4 : 00F40923;
22e5 : 01855513;
22e6 : 0085D793;
22e7 : 00A409A3;
22e8 : 00F40AA3;
22e9 : 01944503;
22ea : 0105D793;
22eb : 00F40B23;
22ec : 01844783;
22ed : 00851513;
22ee : 00B40A23;
22ef : 00F56533;
22f0 : 01A44783;
22f1 : 0185D593;
22f2 : 00B40BA3;
22f3 : 01079793;
22f4 : 00A7E7B3;
22f5 : 01B44503;
22f6 : 01851513;
22f7 : 00F56533;
22f8 : 715100EF;
22f9 : 00855793;
22fa : 00A40C23;
22fb : 00F40CA3;
22fc : 01055793;
22fd : 01855513;
22fe : 00A40DA3;
22ff : 01D44503;
2300 : 00F40D23;
2301 : 01C44783;
2302 : 00851513;
2303 : 00F56533;
2304 : 01E44783;
2305 : 01079793;
2306 : 00A7E7B3;
2307 : 01F44503;
2308 : 01851513;
2309 : 00F56533;
230a : 6CD100EF;
230b : 00855793;
230c : 00A40E23;
230d : 00F40EA3;
230e : 01055793;
230f : 01855513;
2310 : 00F40F23;
2311 : 00A40FA3;
2312 : 0001F7B7;
2313 : 6C87A783;
2314 : DDDFF06F;
2315 : FFC00793;
2316 : 00078513;
2317 : 00008067;
2318 : 02100613;
2319 : 00040593;
231a : 00C10513;
231b : 2F5070EF;
231c : 01C12503;
231d : 02012583;
231e : 6B1100EF;
231f : 00A12E23;
2320 : 02412503;
2321 : 02B12023;
2322 : 66D100EF;
2323 : 02A12223;
2324 : 02812503;
2325 : 661100EF;
2326 : 02A12423;
2327 : 00000713;
2328 : 00000793;
2329 : 02000693;
232a : 00C10613;
232b : 00F60633;
232c : 00064603;
232d : 00178793;
232e : 00C70733;
232f : FED796E3;
2330 : 6C84A503;
2331 : 02100413;
2332 : 02100613;
2333 : 02A40533;
2334 : 00C10593;
2335 : 02E10623;
2336 : 00150513;
2337 : B84FA0EF;
2338 : DC8518E3;
2339 : 6C84A783;
233a : 00178793;
233b : 6CF4A423;
233c : F59FF06F;
233d : FC010113;
233e : 02912A23;
233f : 03212823;
2340 : 02112E23;
2341 : 02812C23;
2342 : 00050493;
2343 : 00000913;
2344 : 00090613;
2345 : 00000593;
2346 : 00C10513;
2347 : CA9FF0EF;
2348 : 00050413;
2349 : 02A05C63;
234a : 00048593;
234b : 00C10513;
234c : BFCF70EF;
234d : 04051263;
234e : 02412783;
234f : 00100413;
2350 : 00F4AC23;
2351 : 02812783;
2352 : 00F4AE23;
2353 : 01C12783;
2354 : 00F4A823;
2355 : 02012783;
2356 : 00F4AA23;
2357 : 03C12083;
2358 : 00040513;
2359 : 03812403;
235a : 03412483;
235b : 03012903;
235c : 04010113;
235d : 00008067;
235e : 00190913;
235f : F8894AE3;
2360 : 00000413;
2361 : FD9FF06F;
2362 : F3010113;
2363 : 0C112623;
2364 : 0C812423;
2365 : 0C912223;
2366 : 0D212023;
2367 : 0B312E23;
2368 : 0B412C23;
2369 : 0B512A23;
236a : 00059863;
236b : C19FF0EF;
236c : 00050413;
236d : 1380006F;
236e : 00050593;
236f : 00050413;
2370 : 02100613;
2371 : 00810513;
2372 : 199070EF;
2373 : 00810513;
2374 : F25FF0EF;
2375 : 02051063;
2376 : 0001C537;
2377 : 1A450513;
2378 : EF4FF0EF;
2379 : 00000613;
237a : 00100593;
237b : 00040513;
237c : FBDFF06F;
237d : 0001C537;
237e : 1BC50513;
237f : 02C10913;
2380 : ED4FF0EF;
2381 : 00090A93;
2382 : 00000A13;
2383 : 02100993;
2384 : 000A0613;
2385 : 00000593;
2386 : 000A8513;
2387 : BA9FF0EF;
2388 : 00050493;
2389 : 10A05C63;
238a : 00040593;
238b : 000A8513;
238c : AFCF70EF;
238d : 08051863;
238e : 033A07B3;
238f : 0B010713;
2390 : 00F707B3;
2391 : 01842703;
2392 : 00875693;
2393 : F8E78A23;
2394 : F8D78AA3;
2395 : 01075693;
2396 : 01875713;
2397 : F8E78BA3;
2398 : 01C42703;
2399 : F8D78B23;
239a : 00875693;
239b : F8E78C23;
239c : F8D78CA3;
239d : 01075693;
239e : 01875713;
239f : F8D78D23;
23a0 : F8E78DA3;
23a1 : 01042683;
23a2 : 01442703;
23a3 : 0086D613;
23a4 : F8D78623;
23a5 : F8C786A3;
23a6 : 0106D613;
23a7 : 0186D693;
23a8 : F8D787A3;
23a9 : 00875693;
23aa : F8E78823;
23ab : F8D788A3;
23ac : 01075693;
23ad : 01875713;
23ae : F8C78723;
23af : F8D78923;
23b0 : F8E789A3;
23b1 : 001A0A13;
23b2 : 021A8A93;
23b3 : F49A42E3;
23b4 : B41FE0EF;
23b5 : FFF00793;
23b6 : 00050413;
23b7 : 02F51C63;
23b8 : 0001C537;
23b9 : 1D850513;
23ba : DECFF0EF;
23bb : 0CC12083;
23bc : 00040513;
23bd : 0C812403;
23be : 0C412483;
23bf : 0C012903;
23c0 : 0BC12983;
23c1 : 0B812A03;
23c2 : 0B412A83;
23c3 : 0D010113;
23c4 : 00008067;
23c5 : 00000413;
23c6 : 00000613;
23c7 : 00100593;
23c8 : 00090513;
23c9 : AA1FF0EF;
23ca : E80544E3;
23cb : 00140413;
23cc : 02190913;
23cd : FE9442E3;
23ce : FB5FF06F;
23cf : 00050413;
23d0 : FADFF06F;
23d1 : 0005A783;
23d2 : F9010113;
23d3 : 06812423;
23d4 : 06912223;
23d5 : 05312E23;
23d6 : 05512A23;
23d7 : 05612823;
23d8 : 05712623;
23d9 : 05812423;
23da : 05912223;
23db : 06112623;
23dc : 07212023;
23dd : 05412C23;
23de : 0017CA03;
23df : 0007C903;
23e0 : 00050993;
23e1 : 00058493;
23e2 : 00100413;
23e3 : 00100A93;
23e4 : 00200B13;
23e5 : 00300B93;
23e6 : 00400C13;
23e7 : 00500C93;
23e8 : FFF40613;
23e9 : 00000593;
23ea : 01C10513;
23eb : A19FF0EF;
23ec : 00150793;
23ed : 04FAF463;
23ee : 028A1E63;
23ef : 03691663;
23f0 : 01000613;
23f1 : 01C10593;
23f2 : 00810513;
23f3 : 794070EF;
23f4 : 00810613;
23f5 : 00010C23;
23f6 : 0114C583;
23f7 : 00098513;
23f8 : C15F90EF;
23f9 : 01C0006F;
23fa : 05790663;
23fb : 05890863;
23fc : 05990A63;
23fd : 00140413;
23fe : FA8554E3;
23ff : 00000513;
2400 : 06C12083;
2401 : 06812403;
2402 : 06412483;
2403 : 06012903;
2404 : 05C12983;
2405 : 05812A03;
2406 : 05412A83;
2407 : 05012B03;
2408 : 04C12B83;
2409 : 04812C03;
240a : 04412C83;
240b : 07010113;
240c : 00008067;
240d : 03410613;
240e : FA1FF06F;
240f : 03810613;
2410 : F99FF06F;
2411 : 02C10613;
2412 : F91FF06F;
2413 : FD010113;
2414 : 02812423;
2415 : 00020437;
2416 : 9A840413;
2417 : 1B842703;
2418 : 1BC42783;
2419 : 02112623;
241a : 02912223;
241b : 03212023;
241c : 01312E23;
241d : 01412C23;
241e : 1AF71063;
241f : 00842703;
2420 : 00050493;
2421 : 00100513;
2422 : 00472783;
2423 : 0001FA37;
2424 : 0001F937;
2425 : 0107E793;
2426 : 00F72223;
2427 : AC4FF0EF;
2428 : 00842783;
2429 : 6C4A2403;
242a : 00100693;
242b : 0047A583;
242c : 00040613;
242d : 6BC90513;
242e : 0055D593;
242f : 0015F593;
2430 : 00B12623;
2431 : 8D9F80EF;
2432 : 00C12583;
2433 : 0001F9B7;
2434 : 00000693;
2435 : 00040613;
2436 : 6B498513;
2437 : 8C1F80EF;
2438 : 000027B7;
2439 : 51B78713;
243a : 12875063;
243b : 6BC94703;
243c : 00200693;
243d : 6BC90913;
243e : 0AD71463;
243f : 6B49C683;
2440 : 6B498993;
2441 : 08E69E63;
2442 : 0049A683;
2443 : FFFFE737;
2444 : 00000613;
2445 : F3F78793;
2446 : 0C070713;
2447 : 0CD7C063;
2448 : 00060463;
2449 : 00D9A223;
244a : 00492703;
244b : 000027B7;
244c : FFFFE637;
244d : 00000593;
244e : F3F78793;
244f : 0C060613;
2450 : 0AE7C463;
2451 : 00058463;
2452 : 00E92223;
2453 : 0AD75463;
2454 : FFFFF7B7;
2455 : 06078793;
2456 : 00F687B3;
2457 : 00F707B3;
2458 : FFF00693;
2459 : 00200713;
245a : 02E7C733;
245b : 00D7D863;
245c : 000027B7;
245d : F4078793;
245e : 00F70733;
245f : 000027B7;
2460 : F3F78793;
2461 : 00E7D863;
2462 : FFFFE7B7;
2463 : 0C078793;
2464 : 00F70733;
2465 : 00E4A023;
2466 : 00100513;
2467 : 0200006F;
2468 : 0001C537;
2469 : 1EC50513;
246a : B2CFF0EF;
246b : 000017B7;
246c : 95578793;
246d : 00F4A023;
246e : FFF00513;
246f : 02C12083;
2470 : 02812403;
2471 : 02412483;
2472 : 02012903;
2473 : 01C12983;
2474 : 01812A03;
2475 : 03010113;
2476 : 00008067;
2477 : 00E686B3;
2478 : 00100613;
2479 : F39FF06F;
247a : 00C70733;
247b : 00100593;
247c : F51FF06F;
247d : 00000793;
247e : F6E6D2E3;
247f : 000017B7;
2480 : FA078793;
2481 : F55FF06F;
2482 : 06440593;
2483 : 00000513;
2484 : 6CBA2223;
2485 : 909FA0EF;
2486 : 00000513;
2487 : FA1FF06F;
2488 : 0001C537;
2489 : FE010113;
248a : 20850513;
248b : 00812C23;
248c : 00112E23;
248d : 00020437;
248e : A9CFF0EF;
248f : 9A840513;
2490 : 884FA0EF;
2491 : 08050263;
2492 : 00000613;
2493 : 00300593;
2494 : 00A00513;
2495 : D35FA0EF;
2496 : 00300513;
2497 : 00000613;
2498 : 00000593;
2499 : 9B5FA0EF;
249a : 0001C537;
249b : 22050513;
249c : A64FF0EF;
249d : 8C5FC0EF;
249e : 04050E63;
249f : 0001E537;
24a0 : CC450513;
24a1 : A50FF0EF;
24a2 : 0001C537;
24a3 : 23050513;
24a4 : A44FF0EF;
24a5 : 898FF0EF;
24a6 : 00C10513;
24a7 : DB1FF0EF;
24a8 : FE050CE3;
24a9 : 00054A63;
24aa : 00C12583;
24ab : 74323537;
24ac : 47050513;
24ad : E20FE0EF;
24ae : 01C12083;
24af : 01812403;
24b0 : 02010113;
24b1 : 00008067;
24b2 : 06400513;
24b3 : 894FF0EF;
24b4 : F6DFF06F;
24b5 : 06400513;
24b6 : 888FF0EF;
24b7 : F99FF06F;
24b8 : FD010113;
24b9 : 02112623;
24ba : 02812423;
24bb : 02912223;
24bc : 03212023;
24bd : 01312E23;
24be : 01412C23;
24bf : 1C050063;
24c0 : 0001F437;
24c1 : 00100593;
24c2 : 39840513;
24c3 : F84FE0EF;
24c4 : 12C00513;
24c5 : E54F80EF;
24c6 : 0001F4B7;
24c7 : 00100593;
24c8 : 39048513;
24c9 : F6CFE0EF;
24ca : 12C00513;
24cb : E3CF80EF;
24cc : 9E1FE0EF;
24cd : 0A000513;
24ce : 8E1FE0EF;
24cf : 00000513;
24d0 : 8D9FE0EF;
24d1 : 00100593;
24d2 : 39048513;
24d3 : F44FE0EF;
24d4 : 12C00513;
24d5 : E14F80EF;
24d6 : 00100593;
24d7 : 39840513;
24d8 : F30FE0EF;
24d9 : 12C00513;
24da : E00F80EF;
24db : 00000593;
24dc : 39048513;
24dd : F1CFE0EF;
24de : 12C00513;
24df : DECF80EF;
24e0 : 00000593;
24e1 : 39840513;
24e2 : F08FE0EF;
24e3 : 12C00513;
24e4 : DD8F80EF;
24e5 : 0A100513;
24e6 : 881FE0EF;
24e7 : 00100593;
24e8 : 00F10513;
24e9 : F60FE0EF;
24ea : F00FE0EF;
24eb : 00F14703;
24ec : 00021437;
24ed : 9A840793;
24ee : BAE78623;
24ef : 955FE0EF;
24f0 : 0A100513;
24f1 : 9A840413;
24f2 : 000204B7;
24f3 : 84DFE0EF;
24f4 : 00100913;
24f5 : BAC40A13;
24f6 : 05F00993;
24f7 : 55448493;
24f8 : 00000593;
24f9 : 00F10513;
24fa : F1CFE0EF;
24fb : 00F14703;
24fc : 012A07B3;
24fd : 00190913;
24fe : 00E78023;
24ff : FF3912E3;
2500 : 00100593;
2501 : 00F10513;
2502 : EFCFE0EF;
2503 : 00F14783;
2504 : C0F405A3;
2505 : E94FE0EF;
2506 : 00000793;
2507 : 00000713;
2508 : 03F00693;
2509 : 00E48633;
250a : 00064603;
250b : 00170713;
250c : 00C787B3;
250d : 01079793;
250e : 0107D793;
250f : FED714E3;
2510 : BEB44703;
2511 : 0FF7F793;
2512 : 0AF71663;
2513 : 00000793;
2514 : 04000713;
2515 : 05F00693;
2516 : 00E48633;
2517 : 00064603;
2518 : 00170713;
2519 : 00C787B3;
251a : 01079793;
251b : 0107D793;
251c : FED714E3;
251d : C0B44703;
251e : 0FF7F793;
251f : 06F71C63;
2520 : 0001F437;
2521 : 4A840413;
2522 : 02C42583;
2523 : 00440493;
2524 : 01000613;
2525 : 02858593;
2526 : 00048513;
2527 : 2C4070EF;
2528 : 00048513;
2529 : 851FF0EF;
252a : 06051463;
252b : 00100793;
252c : 02F42423;
252d : FFA00793;
252e : 0180006F;
252f : 0001F537;
2530 : 3A850513;
2531 : CBCF80EF;
2532 : FED00793;
2533 : E2050AE3;
2534 : 02C12083;
2535 : 02812403;
2536 : 02412483;
2537 : 02012903;
2538 : 01C12983;
2539 : 01812A03;
253a : 00078513;
253b : 03010113;
253c : 00008067;
253d : 0001E5B7;
253e : 0001C537;
253f : E4058593;
2540 : 25050513;
2541 : FD1FE0EF;
2542 : FFB00793;
2543 : FC5FF06F;
2544 : 00200793;
2545 : 02F42423;
2546 : 00000793;
2547 : FB5FF06F;
2548 : FE010113;
2549 : 00912A23;
254a : 0001F4B7;
254b : 6B04A783;
254c : 00812C23;
254d : 01312623;
254e : 01412423;
254f : 00112E23;
2550 : 01212823;
2551 : 00050413;
2552 : 00058A13;
2553 : 00060993;
2554 : 02079463;
2555 : 0001C537;
2556 : 26850513;
2557 : F79FE0EF;
2558 : 001007B7;
2559 : 40078793;
255a : 0247A783;
255b : 01079793;
255c : 0107D793;
255d : 6AF4A823;
255e : 0001F937;
255f : 6AC92783;
2560 : 02079263;
2561 : 0001C537;
2562 : 28050513;
2563 : F49FE0EF;
2564 : 001007B7;
2565 : 40078793;
2566 : 0247A783;
2567 : 0107D793;
2568 : 6AF92623;
2569 : 020A1A63;
256a : 6B04A783;
256b : 02F46E63;
256c : 0009A023;
256d : FEA00513;
256e : 01C12083;
256f : 01812403;
2570 : 01412483;
2571 : 01012903;
2572 : 00C12983;
2573 : 00812A03;
2574 : 02010113;
2575 : 00008067;
2576 : 6AC92783;
2577 : FCF47AE3;
2578 : 6B04A783;
2579 : 00F40433;
257a : 01041413;
257b : 001007B7;
257c : 01045413;
257d : 4287A423;
257e : 40078793;
257f : 02C7A783;
2580 : 00000513;
2581 : 00F9A023;
2582 : FB1FF06F;
2583 : FE010113;
2584 : 00912A23;
2585 : 00C5A483;
2586 : 01212823;
2587 : 00112E23;
2588 : 00048613;
2589 : 00812C23;
258a : 01312623;
258b : 01412423;
258c : CB4F90EF;
258d : 00050913;
258e : 02A05463;
258f : 0004A703;
2590 : 00C00793;
2591 : 0AF71A63;
2592 : 00021437;
2593 : 9A840413;
2594 : C0C44783;
2595 : 02079863;
2596 : 0C900793;
2597 : 00F4A023;
2598 : 01C12083;
2599 : 01812403;
259a : 01412483;
259b : 00C12983;
259c : 00812A03;
259d : 00090513;
259e : 01012903;
259f : 02010113;
25a0 : 00008067;
25a1 : 0001F9B7;
25a2 : 6809A703;
25a3 : 0000B7B7;
25a4 : DA378793;
25a5 : 00F70663;
25a6 : 0CA00793;
25a7 : FC1FF06F;
25a8 : 0001C537;
25a9 : C0C40593;
25aa : 29850513;
25ab : E29FE0EF;
25ac : 000207B7;
25ad : 94840A13;
25ae : 5B478593;
25af : 05000613;
25b0 : 000A0513;
25b1 : C4040E23;
25b2 : 2A5050EF;
25b3 : 000A0513;
25b4 : 365050EF;
25b5 : 0001F7B7;
25b6 : 66A7AC23;
25b7 : 525050EF;
25b8 : 0001F7B7;
25b9 : 66A7AE23;
25ba : 94040423;
25bb : 6809A023;
25bc : 06400793;
25bd : F69FF06F;
25be : 0C800793;
25bf : F61FF06F;
25c0 : FE010113;
25c1 : 00812C23;
25c2 : 00C5A403;
25c3 : 00912A23;
25c4 : 00112E23;
25c5 : 00040613;
25c6 : 000101A3;
25c7 : BC8F90EF;
25c8 : 00050493;
25c9 : 04A05263;
25ca : 00042783;
25cb : 00100713;
25cc : 00E78A63;
25cd : 03200713;
25ce : 06E78863;
25cf : 0C800793;
25d0 : 0600006F;
25d1 : 000217B7;
25d2 : 9A878793;
25d3 : C607C703;
25d4 : 02071863;
25d5 : 0C900793;
25d6 : 0001C537;
25d7 : 00F42023;
25d8 : 2BC50513;
25d9 : D71FE0EF;
25da : 01C12083;
25db : 01812403;
25dc : 00048513;
25dd : 01412483;
25de : 02010113;
25df : 00008067;
25e0 : C6078793;
25e1 : 00F12423;
25e2 : 00410513;
25e3 : 00310793;
25e4 : 00F12623;
25e5 : E61FD0EF;
25e6 : 06400793;
25e7 : FA0540E3;
25e8 : 00F42023;
25e9 : FC5FF06F;
25ea : FC1FD0EF;
25eb : FEDFF06F;
25ec : FF010113;
25ed : 00812423;
25ee : 00C5A403;
25ef : 00912223;
25f0 : 00112623;
25f1 : 00040613;
25f2 : B1CF90EF;
25f3 : 00050493;
25f4 : 0CA05063;
25f5 : 00042783;
25f6 : 00300713;
25f7 : 02E78C63;
25f8 : 00F74E63;
25f9 : 00100713;
25fa : 08E78863;
25fb : 00200713;
25fc : 06E78863;
25fd : 0C800793;
25fe : 0940006F;
25ff : 03200713;
2600 : FEE79AE3;
2601 : A0CFE0EF;
2602 : FFF00793;
2603 : 04F51663;
2604 : FE5FF06F;
2605 : 00021737;
2606 : 9A870713;
2607 : C9872683;
2608 : 0001F7B7;
2609 : 4A878793;
260a : 00D7AE23;
260b : C9C72683;
260c : 0001C537;
260d : 2D450513;
260e : 02D7A023;
260f : C9072683;
2610 : C9472703;
2611 : 00D7AA23;
2612 : 00E7AC23;
2613 : C89FE0EF;
2614 : 1710E0EF;
2615 : 4550E0EF;
2616 : 06400793;
2617 : 0300006F;
2618 : 0001F5B7;
2619 : 00020537;
261a : 01000613;
261b : 4AC58593;
261c : 62850513;
261d : 6ED060EF;
261e : 00021537;
261f : 9A850513;
2620 : C8054783;
2621 : 02079263;
2622 : 0CB00793;
2623 : 00F42023;
2624 : 00C12083;
2625 : 00812403;
2626 : 00048513;
2627 : 00412483;
2628 : 01010113;
2629 : 00008067;
262a : 01000593;
262b : C8050513;
262c : 64D070EF;
262d : 00050793;
262e : 00020537;
262f : 62850513;
2630 : 00F00713;
2631 : 02000693;
2632 : 02F75063;
2633 : 00000613;
2634 : 00100593;
2635 : CB4FF0EF;
2636 : FFE00793;
2637 : 00F51E63;
2638 : 0CA00793;
2639 : FA9FF06F;
263a : 00F50633;
263b : 00D60023;
263c : 00178793;
263d : FD5FF06F;
263e : FFF00793;
263f : 00F51663;
2640 : 0C900793;
2641 : F89FF06F;
2642 : 00000513;
2643 : 9D5FF0EF;
2644 : 06500793;
2645 : F6051CE3;
2646 : F41FF06F;
2647 : F8010113;
2648 : 07212823;
2649 : 00021937;
264a : 07412423;
264b : 07512223;
264c : 9A890A13;
264d : 05812C23;
264e : 05912A23;
264f : 00010C37;
2650 : 00020AB7;
2651 : 0001FCB7;
2652 : 07612023;
2653 : 05712E23;
2654 : 06112E23;
2655 : 06812C23;
2656 : 06912A23;
2657 : 07312623;
2658 : 05A12823;
2659 : 05B12623;
265a : A7CA0A13;
265b : 00000B13;
265c : 00000B93;
265d : 9A890913;
265e : FFFC0C13;
265f : 64CA8A93;
2660 : 4A8C8C93;
2661 : 0001F7B7;
2662 : 6597C783;
2663 : 04FBE263;
2664 : 07C12083;
2665 : 07812403;
2666 : 07412483;
2667 : 07012903;
2668 : 06C12983;
2669 : 06812A03;
266a : 06412A83;
266b : 05C12B83;
266c : 05812C03;
266d : 05412C83;
266e : 05012D03;
266f : 04C12D83;
2670 : 000B0513;
2671 : 06012B03;
2672 : 08010113;
2673 : 00008067;
2674 : 0001F7B7;
2675 : 6587C783;
2676 : 00079663;
2677 : 00000D13;
2678 : 0200006F;
2679 : 004A2D83;
267a : 000019B7;
267b : 00000D13;
267c : 000DA583;
267d : 0005A483;
267e : 0134F4B3;
267f : 00048A63;
2680 : 01AB6B33;
2681 : 001B8B93;
2682 : 00CA0A13;
2683 : F79FF06F;
2684 : 00000413;
2685 : 00000693;
2686 : 80098993;
2687 : 40000E37;
2688 : 00200513;
2689 : 1E000893;
268a : 00300E93;
268b : 00100313;
268c : 00D00F13;
268d : 0085A603;
268e : 01065713;
268f : 01061793;
2690 : 01C67833;
2691 : 00377713;
2692 : 0107D793;
2693 : 0E081663;
2694 : 02071463;
2695 : 36DF6863;
2696 : 00879713;
2697 : 0087D793;
2698 : 00F767B3;
2699 : FFE6F713;
269a : 00E90733;
269b : E8F71223;
269c : 00268693;
269d : FC1FF06F;
269e : 04A70663;
269f : 3488E863;
26a0 : 09D71463;
26a1 : 00879713;
26a2 : 0087D793;
26a3 : 00F767B3;
26a4 : FFE47713;
26a5 : 00E90733;
26a6 : CAF71223;
26a7 : 00140413;
26a8 : F95FF06F;
26a9 : 00879713;
26aa : FFE47413;
26ab : 0087D793;
26ac : 00890433;
26ad : 00F767B3;
26ae : CAF41223;
26af : 00060413;
26b0 : F75FF06F;
26b1 : F60688E3;
26b2 : 40165793;
26b3 : 0017F793;
26b4 : 00078A63;
26b5 : 0001C537;
26b6 : 30050513;
26b7 : 9F9FE0EF;
26b8 : 00100813;
26b9 : FFFD0D13;
26ba : 00200793;
26bb : 05A7FA63;
26bc : 02010423;
26bd : 0E080C63;
26be : 00CDA783;
26bf : 00178793;
26c0 : 00FDA623;
26c1 : ED9FF06F;
26c2 : F26716E3;
26c3 : 020D0263;
26c4 : 006D1863;
26c5 : 01061493;
26c6 : 001D0D13;
26c7 : F19FF06F;
26c8 : FEAD1CE3;
26c9 : 01867633;
26ca : 00C4E4B3;
26cb : FEDFF06F;
26cc : 00078993;
26cd : FE5FF06F;
26ce : 00000813;
26cf : FA9FF06F;
26d0 : 01C10593;
26d1 : 02010513;
26d2 : 01012623;
26d3 : E84FB0EF;
26d4 : 00449693;
26d5 : 059687B7;
26d6 : 0046D693;
26d7 : 2F078793;
26d8 : 00C12803;
26d9 : 01C4D613;
26da : 02D7F863;
26db : 01C12703;
26dc : 0EE6B7B7;
26dd : 27F78793;
26de : 02E7E063;
26df : 02012783;
26e0 : 02412703;
26e1 : FFF78593;
26e2 : 0017B793;
26e3 : 40F707B3;
26e4 : 02B12023;
26e5 : 02F12223;
26e6 : 02412783;
26e7 : 02012703;
26e8 : 00F4F493;
26e9 : 02F12A23;
26ea : 02E12823;
26eb : 40C484B3;
26ec : 00100793;
26ed : 00F48663;
26ee : FF100793;
26ef : 02F49463;
26f0 : 00100793;
26f1 : 02F12623;
26f2 : 00B9D993;
26f3 : 0019C993;
26f4 : 00369693;
26f5 : 0019F993;
26f6 : 02D12C23;
26f7 : 03310423;
26f8 : F15FF06F;
26f9 : 02012623;
26fa : FE1FF06F;
26fb : 008DA783;
26fc : 00178793;
26fd : 00FDA423;
26fe : 000DA783;
26ff : 0007A783;
2700 : 01279713;
2701 : 00075863;
2702 : 0001C537;
2703 : 33450513;
2704 : 8C5FE0EF;
2705 : 1E000793;
2706 : 00040993;
2707 : 0087F463;
2708 : 1E000993;
2709 : DA040CE3;
270a : E9095703;
270b : 02011023;
270c : 000A8493;
270d : 00871793;
270e : 00875713;
270f : 00E7E7B3;
2710 : 01079793;
2711 : 00008737;
2712 : 0107D793;
2713 : 10070713;
2714 : 02E79663;
2715 : 00200613;
2716 : 000A8593;
2717 : 02010513;
2718 : 301060EF;
2719 : 00200613;
271a : CA690593;
271b : E9090513;
271c : 2F1060EF;
271d : FFC98993;
271e : CA890493;
271f : 02015783;
2720 : 02015703;
2721 : 00879793;
2722 : 00875713;
2723 : 00E7E7B3;
2724 : 07ECD703;
2725 : 01479793;
2726 : 0147D793;
2727 : D4F710E3;
2728 : 0004C683;
2729 : 04500713;
272a : 00000793;
272b : 02E69063;
272c : 0094C683;
272d : 01100713;
272e : 00E69A63;
272f : 0164C783;
2730 : 0174C703;
2731 : 00879793;
2732 : 00E7E7B3;
2733 : E9095503;
2734 : E9490693;
2735 : EC490813;
2736 : 00000413;
2737 : 00000613;
2738 : 0006A703;
2739 : 02070263;
273a : 01472583;
273b : 01459E63;
273c : 00C75583;
273d : 00A59A63;
273e : 00E75583;
273f : 0A079E63;
2740 : 00059463;
2741 : 00070613;
2742 : 00468693;
2743 : FD069AE3;
2744 : 00041863;
2745 : 00100D13;
2746 : CE0604E3;
2747 : 00060413;
2748 : 01E45703;
2749 : 02898793;
274a : 00100D13;
274b : CCF74AE3;
274c : 01A40D93;
274d : 00200613;
274e : 01C10593;
274f : 000D8513;
2750 : 01311E23;
2751 : EC1F70EF;
2752 : 01E45783;
2753 : 01800613;
2754 : 02810593;
2755 : 40A787B3;
2756 : 00F41F23;
2757 : 000D8513;
2758 : EA5F70EF;
2759 : 01E45783;
275a : 00E00613;
275b : E8490593;
275c : 40A787B3;
275d : 00F41F23;
275e : 000D8513;
275f : E89F70EF;
2760 : 01E45783;
2761 : 00048593;
2762 : 40A787B3;
2763 : 00F41F23;
2764 : 01C15603;
2765 : 000D8513;
2766 : E6DF70EF;
2767 : 01E45783;
2768 : 40A787B3;
2769 : 00F41F23;
276a : 02245783;
276b : 00178793;
276c : 02F41123;
276d : C4DFF06F;
276e : F4B798E3;
276f : 00070413;
2770 : F49FF06F;
2771 : 00240613;
2772 : CC88FEE3;
2773 : 00240413;
2774 : C65FF06F;
2775 : 0001F737;
2776 : 4A870793;
2777 : 0347A783;
2778 : FA010113;
2779 : 05212823;
277a : 17C7A903;
277b : 0001F7B7;
277c : 6547A683;
277d : 06892603;
277e : 04812C23;
277f : 05412423;
2780 : 04112E23;
2781 : 04912A23;
2782 : 05312623;
2783 : 05512223;
2784 : 05612023;
2785 : 03712E23;
2786 : 03812C23;
2787 : 4A870A13;
2788 : 00078413;
2789 : 0001F537;
278a : 04D61663;
278b : 0001F7B7;
278c : 68C7C703;
278d : 00300793;
278e : 02F71E63;
278f : 64052823;
2790 : 00000513;
2791 : 05C12083;
2792 : 05812403;
2793 : 05412483;
2794 : 05012903;
2795 : 04C12983;
2796 : 04812A03;
2797 : 04412A83;
2798 : 04012B03;
2799 : 03C12B83;
279a : 03812C03;
279b : 06010113;
279c : 00008067;
279d : 0001F9B7;
279e : 64C9A783;
279f : FC0780E3;
27a0 : 3E800593;
27a1 : 65050513;
27a2 : 32D040EF;
27a3 : 00050493;
27a4 : 00000513;
27a5 : FA0498E3;
27a6 : 64C9A703;
27a7 : FFF00793;
27a8 : 00F71463;
27a9 : 6409A623;
27aa : 06892783;
27ab : 00410593;
27ac : 00810513;
27ad : 64F42A23;
27ae : B18FB0EF;
27af : 000207B7;
27b0 : 4287A783;
27b1 : 080A4583;
27b2 : 0001C537;
27b3 : 0047A683;
27b4 : 0087A603;
27b5 : FFD58593;
27b6 : 0015B593;
27b7 : 37050513;
27b8 : DF4FE0EF;
27b9 : C55FB0EF;
27ba : 00A035B3;
27bb : 0001C537;
27bc : 38450513;
27bd : DE0FE0EF;
27be : 00020437;
27bf : 9A840793;
27c0 : 5A07A783;
27c1 : 00A00713;
27c2 : 9A840413;
27c3 : 26F76C63;
27c4 : 00379713;
27c5 : 0001B7B7;
27c6 : B3078793;
27c7 : 00E787B3;
27c8 : 3307A583;
27c9 : 0001C537;
27ca : 39050513;
27cb : DA8FE0EF;
27cc : 0001F7B7;
27cd : 68C7C683;
27ce : 00300713;
27cf : 00078A13;
27d0 : 02E69463;
27d1 : 06094583;
27d2 : 0001C537;
27d3 : 39850513;
27d4 : 0015F593;
27d5 : D80FE0EF;
27d6 : 06492583;
27d7 : 0001C537;
27d8 : 3A050513;
27d9 : D70FE0EF;
27da : 000207B7;
27db : 8A97C983;
27dc : 0001CAB7;
27dd : FFF98993;
27de : 2134CC63;
27df : 00412603;
27e0 : 00812583;
27e1 : 0001C537;
27e2 : 3BC50513;
27e3 : D48FE0EF;
27e4 : 5BC42703;
27e5 : 00100793;
27e6 : 00000493;
27e7 : 00F71C63;
27e8 : 000017B7;
27e9 : 00F407B3;
27ea : 8E07A783;
27eb : 00E79463;
27ec : 5B842483;
27ed : 68CA4703;
27ee : 00300793;
27ef : 18F71E63;
27f0 : 0E848C13;
27f1 : 000C0513;
27f2 : 319070EF;
27f3 : 00050613;
27f4 : 0001C537;
27f5 : 00058693;
27f6 : 3D050513;
27f7 : CF8FE0EF;
27f8 : 03090513;
27f9 : 2FD070EF;
27fa : 00050613;
27fb : 0001C537;
27fc : 00058693;
27fd : 3D850513;
27fe : CDCFE0EF;
27ff : 04848B93;
2800 : 000B8513;
2801 : 2DD070EF;
2802 : 05848B13;
2803 : 00050993;
2804 : 000B0513;
2805 : 2CD070EF;
2806 : 00050613;
2807 : 0001C537;
2808 : 00098593;
2809 : 3E450513;
280a : CACFE0EF;
280b : 06848A93;
280c : 000A8513;
280d : 2AD070EF;
280e : 07848A13;
280f : 00050993;
2810 : 000A0513;
2811 : 29D070EF;
2812 : 00050613;
2813 : 0001C537;
2814 : 00098593;
2815 : 3F850513;
2816 : C7CFE0EF;
2817 : 71842783;
2818 : 0187A503;
2819 : 01C7A583;
281a : 211070EF;
281b : 00050613;
281c : 0001C537;
281d : 00058693;
281e : 40C50513;
281f : C58FE0EF;
2820 : 01000613;
2821 : 000C0593;
2822 : 02010513;
2823 : 6D4060EF;
2824 : 000B8593;
2825 : 02010513;
2826 : 499070EF;
2827 : 000B0593;
2828 : 02010513;
2829 : 48D070EF;
282a : 000A8593;
282b : 02010513;
282c : 481070EF;
282d : 000A0593;
282e : 02010513;
282f : 475070EF;
2830 : 02010513;
2831 : 21D070EF;
2832 : 00050613;
2833 : 0001C537;
2834 : 00058693;
2835 : 41850513;
2836 : BFCFE0EF;
2837 : 05090513;
2838 : 201070EF;
2839 : 00050593;
283a : 0001C537;
283b : 42450513;
283c : BE4FE0EF;
283d : 00C4A583;
283e : 0001C537;
283f : 42C50513;
2840 : BD4FE0EF;
2841 : 06892583;
2842 : 0001C537;
2843 : 43850513;
2844 : BC4FE0EF;
2845 : F19F80EF;
2846 : 00050593;
2847 : 0001C537;
2848 : 44450513;
2849 : BB0FE0EF;
284a : 0004A583;
284b : 0001C537;
284c : 45050513;
284d : BA0FE0EF;
284e : 0044A583;
284f : 0001C537;
2850 : 45850513;
2851 : B90FE0EF;
2852 : 0084A583;
2853 : 0001C537;
2854 : 46050513;
2855 : B80FE0EF;
2856 : 07442583;
2857 : 11C42603;
2858 : 23442683;
2859 : 0001C537;
285a : 46C50513;
285b : B68FE0EF;
285c : 0001E537;
285d : CC450513;
285e : B5CFE0EF;
285f : 00100513;
2860 : CC5FF06F;
2861 : 0001C5B7;
2862 : 36858593;
2863 : D99FF06F;
2864 : 00048593;
2865 : 01410513;
2866 : 90DF90EF;
2867 : 01C12683;
2868 : 01412603;
2869 : 00048593;
286a : 3ACA8513;
286b : B28FE0EF;
286c : 00148493;
286d : DC5FF06F;
286e : FF010113;
286f : 00812423;
2870 : 0001F437;
2871 : 4A840413;
2872 : 00050593;
2873 : 00400613;
2874 : 08840513;
2875 : 00112623;
2876 : 588060EF;
2877 : 08844783;
2878 : 08944703;
2879 : 01879793;
287a : 01071713;
287b : 00E7E7B3;
287c : 08B44703;
287d : 00E7E7B3;
287e : 08A44703;
287f : 00871713;
2880 : 00E7E7B3;
2881 : 00079463;
2882 : 08042223;
2883 : 00C12083;
2884 : 00812403;
2885 : 0001F7B7;
2886 : 66079623;
2887 : 01010113;
2888 : 00008067;
2889 : 0001F5B7;
288a : 00400613;
288b : 53058593;
288c : 5300606F;
288d : 02255783;
288e : 26078863;
288f : FB010113;
2890 : 04112623;
2891 : 04812423;
2892 : 04912223;
2893 : 05212023;
2894 : 03312E23;
2895 : 03412C23;
2896 : 03512A23;
2897 : 01A50A13;
2898 : FFF78793;
2899 : 00050493;
289a : 00058993;
289b : 02F51123;
289c : 00060A93;
289d : 00068913;
289e : 00200613;
289f : 00000693;
28a0 : 000A0593;
28a1 : 00610513;
28a2 : 00070413;
28a3 : 9C1F70EF;
28a4 : 01E4D783;
28a5 : 00000693;
28a6 : 01800613;
28a7 : 00F50533;
28a8 : 00A49F23;
28a9 : 000A0593;
28aa : 01810513;
28ab : 9A1F70EF;
28ac : 01E4D783;
28ad : 00000693;
28ae : 00E00613;
28af : 00F50533;
28b0 : 00A49F23;
28b1 : 000A0593;
28b2 : 00810513;
28b3 : 981F70EF;
28b4 : 01E4D783;
28b5 : 00615603;
28b6 : 00090693;
28b7 : 00F50533;
28b8 : 00A49F23;
28b9 : 000A0593;
28ba : 000A8513;
28bb : 961F70EF;
28bc : 01E4D783;
28bd : 01415703;
28be : 00600613;
28bf : 00F50533;
28c0 : 01415783;
28c1 : 00875713;
28c2 : 00A49F23;
28c3 : 00879793;
28c4 : 00E7E7B3;
28c5 : 00F99623;
28c6 : 0001F7B7;
28c7 : 5267D783;
28c8 : 00E10593;
28c9 : 00098513;
28ca : 00F99823;
28cb : 434060EF;
28cc : 00600613;
28cd : 00810593;
28ce : 00698513;
28cf : 424060EF;
28d0 : 10040E63;
28d1 : 02812783;
28d2 : 01040513;
28d3 : 00F42A23;
28d4 : 01C12783;
28d5 : 00F42C23;
28d6 : 000207B7;
28d7 : 9A878793;
28d8 : 1B87A983;
28d9 : 1BC7AA03;
28da : C6CF90EF;
28db : 02012703;
28dc : 02412503;
28dd : 02812603;
28de : 01814683;
28df : 00E42023;
28e0 : 00A42223;
28e1 : 00C42423;
28e2 : 00000793;
28e3 : 00068663;
28e4 : 414989B3;
28e5 : 0019B793;
28e6 : 00F42E23;
28e7 : 01C12683;
28e8 : 0144A783;
28e9 : 01042583;
28ea : 0087A783;
28eb : 00068463;
28ec : FF860613;
28ed : 40F585B3;
28ee : 00058693;
28ef : 0005D863;
28f0 : 000026B7;
28f1 : F4068693;
28f2 : 00D586B3;
28f3 : 000017B7;
28f4 : FA078793;
28f5 : 00F587B3;
28f6 : 0007D863;
28f7 : 000037B7;
28f8 : EE078793;
28f9 : 00F587B3;
28fa : 000025B7;
28fb : F3F58593;
28fc : 00F5D863;
28fd : FFFFE5B7;
28fe : 0C058593;
28ff : 00B787B3;
2900 : 000015B7;
2901 : 83068813;
2902 : FA058593;
2903 : 0905FA63;
2904 : 000026B7;
2905 : 00C42423;
2906 : 00B78833;
2907 : F3F68693;
2908 : 0706C663;
2909 : 01042623;
290a : 00842783;
290b : 3B9AD6B7;
290c : 9FF68693;
290d : 02F6D463;
290e : C46536B7;
290f : 60068693;
2910 : 00D787B3;
2911 : 00F42423;
2912 : 00170793;
2913 : 00E7B733;
2914 : 00A70733;
2915 : 00F42023;
2916 : 00E42223;
2917 : 00615503;
2918 : 00A97463;
2919 : 00090513;
291a : 04C12083;
291b : 04812403;
291c : 04412483;
291d : 04012903;
291e : 03C12983;
291f : 03812A03;
2920 : 03412A83;
2921 : 05010113;
2922 : 00008067;
2923 : 40B787B3;
2924 : 00860613;
2925 : 00F42623;
2926 : 00C42423;
2927 : F8DFF06F;
2928 : 00D42623;
2929 : F85FF06F;
292a : 00000513;
292b : 00008067;
292c : 00021837;
292d : FE010113;
292e : 9A880893;
292f : 00812C23;
2930 : 00912A23;
2931 : 01212823;
2932 : 01312623;
2933 : 01412423;
2934 : 01512223;
2935 : 00050413;
2936 : 00078913;
2937 : 00112E23;
2938 : 00058493;
2939 : 00060A93;
293a : 00068A13;
293b : 00070993;
293c : E9488893;
293d : 00000513;
293e : 9A880813;
293f : 00C00793;
2940 : 0008A703;
2941 : 08071063;
2942 : 00251513;
2943 : 00A80533;
2944 : E8852A23;
2945 : 01200613;
2946 : 00000593;
2947 : 00040513;
2948 : 6C9040EF;
2949 : 080A9463;
294a : 00041723;
294b : 000A1863;
294c : 00800793;
294d : 00F41623;
294e : 01341723;
294f : 01049593;
2950 : 0105D593;
2951 : 01242A23;
2952 : 00041E23;
2953 : 00041D23;
2954 : 02B41023;
2955 : 00B41F23;
2956 : 02041123;
2957 : 01C12083;
2958 : 00040513;
2959 : 01812403;
295a : 01412483;
295b : 01012903;
295c : 00C12983;
295d : 00812A03;
295e : 00412A83;
295f : 02010113;
2960 : 00008067;
2961 : 00150513;
2962 : 00488893;
2963 : F6F51AE3;
2964 : 0001B5B7;
2965 : 0001C537;
2966 : EB858593;
2967 : 48050513;
2968 : F35FD0EF;
2969 : 00000413;
296a : FB5FF06F;
296b : 01200613;
296c : 000A8593;
296d : 00040513;
296e : 1A8060EF;
296f : F6DFF06F;
2970 : 00021537;
2971 : 9A850513;
2972 : FF010113;
2973 : A7C50793;
2974 : 0A100713;
2975 : 00000693;
2976 : 00000613;
2977 : 10000593;
2978 : EC450513;
2979 : 00112623;
297a : EC9FF0EF;
297b : 00C12083;
297c : 0001F7B7;
297d : 68A7A423;
297e : 01010113;
297f : 00008067;
2980 : FD010113;
2981 : 01200613;
2982 : 00000593;
2983 : 00C10513;
2984 : 02112623;
2985 : 5D5040EF;
2986 : 00600613;
2987 : 0FF00593;
2988 : 00C10513;
2989 : 5C5040EF;
298a : 00021537;
298b : 60800793;
298c : 9A850513;
298d : 00F11C23;
298e : 00C10613;
298f : A7C50793;
2990 : 00000713;
2991 : 00100693;
2992 : 08000593;
2993 : FE850513;
2994 : E61FF0EF;
2995 : 02C12083;
2996 : 0001F7B7;
2997 : 66A7A823;
2998 : 03010113;
2999 : 00008067;
299a : FD010113;
299b : 02812423;
299c : 00021437;
299d : 9A840413;
299e : A7C40793;
299f : 04400713;
29a0 : 00000693;
29a1 : 00000613;
29a2 : 20000593;
29a3 : 08C40513;
29a4 : 02112623;
29a5 : 02912223;
29a6 : E19FF0EF;
29a7 : 000204B7;
29a8 : 0001F737;
29a9 : 42448793;
29aa : 66A72023;
29ab : 00000693;
29ac : 02500713;
29ad : 00000613;
29ae : 06000593;
29af : 2B040513;
29b0 : DF1FF0EF;
29b1 : 0001F737;
29b2 : 66A72423;
29b3 : 01200613;
29b4 : 00000593;
29b5 : 00C10513;
29b6 : 511040EF;
29b7 : 00800713;
29b8 : 00E11C23;
29b9 : 42448793;
29ba : 00C10613;
29bb : 33440513;
29bc : 00000713;
29bd : 00100693;
29be : 08000593;
29bf : DB5FF0EF;
29c0 : 02C12083;
29c1 : 02812403;
29c2 : 0001F7B7;
29c3 : 66A7A223;
29c4 : 02412483;
29c5 : 03010113;
29c6 : 00008067;
29c7 : 00600613;
29c8 : 0400606F;
29c9 : FA010113;
29ca : 05312623;
29cb : 000209B7;
29cc : 9A898513;
29cd : 09E00613;
29ce : 00000593;
29cf : 50050513;
29d0 : 04112E23;
29d1 : 04912A23;
29d2 : 05212823;
29d3 : 05412423;
29d4 : 05512223;
29d5 : 05612023;
29d6 : 03712E23;
29d7 : 03812C23;
29d8 : 03912A23;
29d9 : 04812C23;
29da : 03A12823;
29db : 47D040EF;
29dc : 0001C537;
29dd : 0001FAB7;
29de : 0001F4B7;
29df : 4A050513;
29e0 : 00020937;
29e1 : 0001BC37;
29e2 : 4A8A8A93;
29e3 : 0001BBB7;
29e4 : 68049723;
29e5 : 00100B13;
29e6 : D3DFD0EF;
29e7 : 9A898A13;
29e8 : EA890913;
29e9 : AF4C0C13;
29ea : 078A8C93;
29eb : EDCB8B93;
29ec : FFEB0793;
29ed : 00700713;
29ee : 00F76A63;
29ef : 00279793;
29f0 : 018787B3;
29f1 : 0007A783;
29f2 : 00078067;
29f3 : 00100513;
29f4 : 00700593;
29f5 : AF0F70EF;
29f6 : 68E4D503;
29f7 : 00400713;
29f8 : 00AA07B3;
29f9 : 00150513;
29fa : 9A898593;
29fb : 00A90533;
29fc : 50E78023;
29fd : 00700413;
29fe : F25FF0EF;
29ff : 68E4D583;
2a00 : 001B0B13;
2a01 : 00A00793;
2a02 : 00B40433;
2a03 : 68849723;
2a04 : FAFB10E3;
2a05 : 00000593;
2a06 : 00000513;
2a07 : AA8F70EF;
2a08 : 05C12083;
2a09 : 05812403;
2a0a : 05412483;
2a0b : 05012903;
2a0c : 04C12983;
2a0d : 04812A03;
2a0e : 04412A83;
2a0f : 04012B03;
2a10 : 03C12B83;
2a11 : 03812C03;
2a12 : 03412C83;
2a13 : 03012D03;
2a14 : 06010113;
2a15 : 00008067;
2a16 : 00200513;
2a17 : 00700593;
2a18 : A64F70EF;
2a19 : 68E4D503;
2a1a : 00300713;
2a1b : 00AA07B3;
2a1c : F75FF06F;
2a1d : 00200593;
2a1e : 00300513;
2a1f : A48F70EF;
2a20 : 68E4D783;
2a21 : 02800713;
2a22 : 00200413;
2a23 : 00FA07B3;
2a24 : 50078023;
2a25 : 50E780A3;
2a26 : F65FF06F;
2a27 : 0001CD37;
2a28 : 49CD0513;
2a29 : 191040EF;
2a2a : 00150413;
2a2b : 00040593;
2a2c : 00400513;
2a2d : A10F70EF;
2a2e : 68E4D703;
2a2f : 49CD0793;
2a30 : 00E90733;
2a31 : 0007C683;
2a32 : 00178793;
2a33 : 00170713;
2a34 : FED70FA3;
2a35 : FE0698E3;
2a36 : F25FF06F;
2a37 : 00C10513;
2a38 : 945FF0EF;
2a39 : 0001B5B7;
2a3a : 00400613;
2a3b : ED458593;
2a3c : 00C10513;
2a3d : 7D8050EF;
2a3e : 04050863;
2a3f : 00C10593;
2a40 : 01010513;
2a41 : 3BC040EF;
2a42 : 01010513;
2a43 : 129040EF;
2a44 : 68E4D783;
2a45 : 00050413;
2a46 : 01010713;
2a47 : 00278793;
2a48 : 00F907B3;
2a49 : 00074683;
2a4a : 00170713;
2a4b : 00178793;
2a4c : FED78FA3;
2a4d : FE0698E3;
2a4e : 00040593;
2a4f : 00500513;
2a50 : 984F70EF;
2a51 : EB9FF06F;
2a52 : 00600613;
2a53 : 9A898593;
2a54 : 01010513;
2a55 : 6100A0EF;
2a56 : 68E4D503;
2a57 : 01100613;
2a58 : 01010593;
2a59 : 00250513;
2a5a : 00A90533;
2a5b : 001040EF;
2a5c : 01100413;
2a5d : FC5FF06F;
2a5e : 68E4D403;
2a5f : 00400613;
2a60 : 000C8593;
2a61 : 00240413;
2a62 : 00890433;
2a63 : 00040513;
2a64 : 7DC040EF;
2a65 : 00400593;
2a66 : 000C8513;
2a67 : 561060EF;
2a68 : 00A40433;
2a69 : 0001F7B7;
2a6a : 00040713;
2a6b : A5078793;
2a6c : 0007C683;
2a6d : 00178793;
2a6e : 00170713;
2a6f : FED70FA3;
2a70 : FE0698E3;
2a71 : 00240413;
2a72 : 02000613;
2a73 : 000B8593;
2a74 : 00040513;
2a75 : 798040EF;
2a76 : 02000593;
2a77 : 000B8513;
2a78 : 51D060EF;
2a79 : 68E4D583;
2a7a : 00A40433;
2a7b : 00600513;
2a7c : 00258593;
2a7d : 00B905B3;
2a7e : 40B40433;
2a7f : 0FF47413;
2a80 : 00040593;
2a81 : F3DFF06F;
2a82 : 00C10513;
2a83 : 819FF0EF;
2a84 : 0001B5B7;
2a85 : 00400613;
2a86 : ED458593;
2a87 : 00C10513;
2a88 : 6AC050EF;
2a89 : 00051663;
2a8a : 00000413;
2a8b : DD1FF06F;
2a8c : 00C00593;
2a8d : 00800513;
2a8e : 88CF70EF;
2a8f : 68E4D783;
2a90 : 00500713;
2a91 : 00200693;
2a92 : 00FA07B3;
2a93 : 50E78023;
2a94 : 00C10513;
2a95 : 00100713;
2a96 : 50E780A3;
2a97 : 50D78323;
2a98 : 50E78523;
2a99 : FC0FF0EF;
2a9a : 00C10593;
2a9b : 01010513;
2a9c : 250040EF;
2a9d : 68E4D503;
2a9e : 00400613;
2a9f : 00C10593;
2aa0 : 00250513;
2aa1 : 00A90533;
2aa2 : 4D9050EF;
2aa3 : 00C00413;
2aa4 : D6DFF06F;
2aa5 : 07EAD783;
2aa6 : F80788E3;
2aa7 : 00600593;
2aa8 : 07F00513;
2aa9 : 820F70EF;
2aaa : 68E4D783;
2aab : F8000713;
2aac : 00600413;
2aad : 00FA07B3;
2aae : 50E780A3;
2aaf : FC200713;
2ab0 : 50E78123;
2ab1 : 00100713;
2ab2 : 50E781A3;
2ab3 : 07EAD703;
2ab4 : 50078023;
2ab5 : 00875693;
2ab6 : 50D78223;
2ab7 : 50E782A3;
2ab8 : D1DFF06F;
2ab9 : FD010113;
2aba : 01200613;
2abb : 00000593;
2abc : 00C10513;
2abd : 02112623;
2abe : 02812423;
2abf : 0ED040EF;
2ac0 : FFFFD7B7;
2ac1 : 00021437;
2ac2 : 9A840413;
2ac3 : C8878793;
2ac4 : 00000713;
2ac5 : 00100693;
2ac6 : 00F11C23;
2ac7 : 00C10613;
2ac8 : A7C40793;
2ac9 : 00000593;
2aca : 3D840513;
2acb : 985FF0EF;
2acc : 0001F7B7;
2acd : 3FC40413;
2ace : 68A7A823;
2acf : 01200613;
2ad0 : 00000593;
2ad1 : 00040513;
2ad2 : 0A1040EF;
2ad3 : 0001B5B7;
2ad4 : 00600613;
2ad5 : F3C58593;
2ad6 : 00040513;
2ad7 : 405050EF;
2ad8 : BC5FF0EF;
2ad9 : 02C12083;
2ada : 02812403;
2adb : 03010113;
2adc : 00008067;
2add : F9010113;
2ade : 05612823;
2adf : 00050B13;
2ae0 : 02C10513;
2ae1 : 06112623;
2ae2 : 06812423;
2ae3 : 06912223;
2ae4 : 00068413;
2ae5 : 00070493;
2ae6 : 05412C23;
2ae7 : 05712623;
2ae8 : 07212023;
2ae9 : 00060B93;
2aea : 05312E23;
2aeb : 05512A23;
2aec : B6DFF0EF;
2aed : 014B2783;
2aee : 03210513;
2aef : 00000A13;
2af0 : 0007A583;
2af1 : B59FF0EF;
2af2 : 0001F7B7;
2af3 : 5267D703;
2af4 : 00CB5683;
2af5 : 18070863;
2af6 : 08100793;
2af7 : 02F11C23;
2af8 : 018B5783;
2af9 : 02D11E23;
2afa : 00D79793;
2afb : 00E7E7B3;
2afc : 00879713;
2afd : 01079793;
2afe : 0107D793;
2aff : 0087D793;
2b00 : 00F767B3;
2b01 : 02F11D23;
2b02 : 0001F7B7;
2b03 : 6587C783;
2b04 : 00000513;
2b05 : 20078463;
2b06 : 03815683;
2b07 : 08100713;
2b08 : 01200793;
2b09 : 00E68463;
2b0a : 00E00793;
2b0b : 00878733;
2b0c : 03B00693;
2b0d : 4017D813;
2b0e : 00E6E663;
2b0f : 03C00413;
2b10 : 40F40433;
2b11 : 014B2783;
2b12 : 00145513;
2b13 : 02C10713;
2b14 : 0047AB03;
2b15 : 000207B7;
2b16 : 000B2583;
2b17 : 00F5A223;
2b18 : 00000793;
2b19 : 00075683;
2b1a : 00075603;
2b1b : 00178793;
2b1c : 00869693;
2b1d : 00865613;
2b1e : 00C6E6B3;
2b1f : 01069693;
2b20 : 0106D693;
2b21 : 00D5A223;
2b22 : 00270713;
2b23 : FCF81CE3;
2b24 : 00000793;
2b25 : 0CA79C63;
2b26 : 00147713;
2b27 : 02070A63;
2b28 : 00179793;
2b29 : 00FB8BB3;
2b2a : 000BD783;
2b2b : 000BD703;
2b2c : 00879793;
2b2d : 00875713;
2b2e : 00E7E7B3;
2b2f : 01079793;
2b30 : 0107D793;
2b31 : 00030737;
2b32 : 00E7E7B3;
2b33 : 00F5A223;
2b34 : 000117B7;
2b35 : 00F5A223;
2b36 : 000107B7;
2b37 : 00F5A223;
2b38 : 0005A783;
2b39 : 3E800913;
2b3a : 0017E793;
2b3b : 00F5A023;
2b3c : 000B2783;
2b3d : 0007A583;
2b3e : 0025F793;
2b3f : 00B12623;
2b40 : 02079263;
2b41 : 00100513;
2b42 : E58FD0EF;
2b43 : FFF90913;
2b44 : 00C12583;
2b45 : FC091EE3;
2b46 : 0001C537;
2b47 : 4E050513;
2b48 : FB4FD0EF;
2b49 : 000019B7;
2b4a : 06400913;
2b4b : 80098993;
2b4c : 000B2703;
2b4d : 00072783;
2b4e : 0137F7B3;
2b4f : 06079063;
2b50 : 00100513;
2b51 : FFF90913;
2b52 : E18FD0EF;
2b53 : FE0912E3;
2b54 : 0001C537;
2b55 : 4B050513;
2b56 : F7CFD0EF;
2b57 : 00000A13;
2b58 : 0440006F;
2b59 : 02D11C23;
2b5a : EA1FF06F;
2b5b : 00179693;
2b5c : 00DB86B3;
2b5d : 0006D703;
2b5e : 0006D683;
2b5f : 00178793;
2b60 : 00871713;
2b61 : 0086D693;
2b62 : 00D76733;
2b63 : 01071713;
2b64 : 01075713;
2b65 : 00E5A223;
2b66 : EFDFF06F;
2b67 : 01472A03;
2b68 : 001A7A13;
2b69 : 000B2783;
2b6a : 01C10593;
2b6b : 02010513;
2b6c : 0187AA83;
2b6d : 0147A783;
2b6e : C18FA0EF;
2b6f : 004A9A93;
2b70 : 059687B7;
2b71 : 004ADA93;
2b72 : 2F078793;
2b73 : 0357F863;
2b74 : 01C12703;
2b75 : 0EE6B7B7;
2b76 : 27F78793;
2b77 : 02E7E063;
2b78 : 02012783;
2b79 : 02412703;
2b7a : FFF78693;
2b7b : 0017B793;
2b7c : 40F707B3;
2b7d : 02D12023;
2b7e : 02F12223;
2b7f : 004B2783;
2b80 : 02012903;
2b81 : 02412983;
2b82 : 00178793;
2b83 : 0FFA7A13;
2b84 : 003A9A93;
2b85 : 00FB2223;
2b86 : 00040513;
2b87 : 00048C63;
2b88 : 0124A023;
2b89 : 0134A223;
2b8a : 0154A423;
2b8b : 0004A623;
2b8c : 0144AE23;
2b8d : 06C12083;
2b8e : 06812403;
2b8f : 06412483;
2b90 : 06012903;
2b91 : 05C12983;
2b92 : 05812A03;
2b93 : 05412A83;
2b94 : 05012B03;
2b95 : 04C12B83;
2b96 : 07010113;
2b97 : 00008067;
2b98 : 0001F7B7;
2b99 : 68C7C703;
2b9a : 00400793;
2b9b : 02F71663;
2b9c : 00000513;
2b9d : 00008067;
2b9e : 00000513;
2b9f : 02C12083;
2ba0 : 02812403;
2ba1 : 02412483;
2ba2 : 02012903;
2ba3 : 01C12983;
2ba4 : 03010113;
2ba5 : 00008067;
2ba6 : 000015B7;
2ba7 : 0001F537;
2ba8 : FD010113;
2ba9 : 38858593;
2baa : 6A450513;
2bab : 02112623;
2bac : 02812423;
2bad : 02912223;
2bae : 03212023;
2baf : 01312E23;
2bb0 : 2F5030EF;
2bb1 : FA051AE3;
2bb2 : 00C10513;
2bb3 : B58FF0EF;
2bb4 : 00020437;
2bb5 : 0001F937;
2bb6 : 00600613;
2bb7 : 69C90593;
2bb8 : 9A840513;
2bb9 : 0001F4B7;
2bba : 1E4050EF;
2bbb : 4A848493;
2bbc : 0001F9B7;
2bbd : 02051863;
2bbe : 07E4D703;
2bbf : 6989D783;
2bc0 : 02F71263;
2bc1 : 0844A783;
2bc2 : 04078463;
2bc3 : 0001F5B7;
2bc4 : 00400613;
2bc5 : 69458593;
2bc6 : 00C10513;
2bc7 : 1B0050EF;
2bc8 : 02050863;
2bc9 : 801FF0EF;
2bca : 9A840593;
2bcb : 69C90513;
2bcc : FECFF0EF;
2bcd : 0001F537;
2bce : 00400613;
2bcf : 00C10593;
2bd0 : 69450513;
2bd1 : 01D050EF;
2bd2 : 07E4D783;
2bd3 : 68F99C23;
2bd4 : 0001F7B7;
2bd5 : 68E7D683;
2bd6 : 0001F7B7;
2bd7 : 6907A503;
2bd8 : 9A840613;
2bd9 : 000215B7;
2bda : 00000713;
2bdb : 50060613;
2bdc : DA458593;
2bdd : C01FF0EF;
2bde : 00100513;
2bdf : F01FF06F;
2be0 : EE010113;
2be1 : 10912A23;
2be2 : 0001F4B7;
2be3 : 6884A503;
2be4 : 00000713;
2be5 : 0C800693;
2be6 : 01810613;
2be7 : 00410593;
2be8 : 10112E23;
2be9 : 10812C23;
2bea : 11212823;
2beb : 11312623;
2bec : 11412423;
2bed : 11512223;
2bee : 11612023;
2bef : 0F712E23;
2bf0 : 0F812C23;
2bf1 : 0F912A23;
2bf2 : 0FA12823;
2bf3 : 0FB12623;
2bf4 : A64FF0EF;
2bf5 : 03800793;
2bf6 : 04A7E263;
2bf7 : 00000513;
2bf8 : 11C12083;
2bf9 : 11812403;
2bfa : 11412483;
2bfb : 11012903;
2bfc : 10C12983;
2bfd : 10812A03;
2bfe : 10412A83;
2bff : 10012B03;
2c00 : 0FC12B83;
2c01 : 0F812C03;
2c02 : 0F412C83;
2c03 : 0F012D03;
2c04 : 0EC12D83;
2c05 : 12010113;
2c06 : 00008067;
2c07 : 0001F5B7;
2c08 : 00400613;
2c09 : 53058593;
2c0a : 02810513;
2c0b : 0A0050EF;
2c0c : FA0516E3;
2c0d : 0001F737;
2c0e : 0001B937;
2c0f : 68474603;
2c10 : B3090913;
2c11 : 0001B8B7;
2c12 : 00000813;
2c13 : 00000593;
2c14 : 00000B13;
2c15 : 04090E13;
2c16 : 00600E93;
2c17 : B1488893;
2c18 : 0A000F13;
2c19 : 0A100F93;
2c1a : 0A300293;
2c1b : 00100393;
2c1c : 01C00313;
2c1d : 010E07B3;
2c1e : 0007C683;
2c1f : 00768793;
2c20 : 0FF7F793;
2c21 : 10FEE063;
2c22 : 00279793;
2c23 : 011787B3;
2c24 : 0007A783;
2c25 : 00078067;
2c26 : 000A8513;
2c27 : FD9FF06F;
2c28 : 0E010793;
2c29 : 00A787B3;
2c2a : F547C783;
2c2b : 00F50533;
2c2c : 00180813;
2c2d : 00150A93;
2c2e : FE6810E3;
2c2f : 00058463;
2c30 : 68C70223;
2c31 : 03410D13;
2c32 : 00250513;
2c33 : 015D0AB3;
2c34 : 00AD0433;
2c35 : 41490913;
2c36 : 003B7C93;
2c37 : 004B7C13;
2c38 : 00C94983;
2c39 : 16098863;
2c3a : 000ACA03;
2c3b : 0FFA7B93;
2c3c : 0149F463;
2c3d : 0FF9FB93;
2c3e : 0C0C8063;
2c3f : 0B3A7E63;
2c40 : 01090913;
2c41 : FDDFF06F;
2c42 : 0E010793;
2c43 : 00A787B3;
2c44 : F547C603;
2c45 : 08C3F263;
2c46 : 68C70223;
2c47 : 0240006F;
2c48 : 0E010793;
2c49 : 00A787B3;
2c4a : F547C783;
2c4b : 07E78A63;
2c4c : 07F78C63;
2c4d : 06578E63;
2c4e : F60B1CE3;
2c4f : FC059EE3;
2c50 : 00500593;
2c51 : 03410513;
2c52 : A1DF60EF;
2c53 : 00050413;
2c54 : 01C40413;
2c55 : 00000613;
2c56 : 00040593;
2c57 : 01810513;
2c58 : C01F60EF;
2c59 : 6884A503;
2c5a : 00000713;
2c5b : 00040693;
2c5c : 01810613;
2c5d : 00410593;
2c5e : 9FDFF0EF;
2c5f : 00100513;
2c60 : E61FF06F;
2c61 : 0E010793;
2c62 : 00A787B3;
2c63 : F547C783;
2c64 : F2D780E3;
2c65 : FA9FF06F;
2c66 : 00100593;
2c67 : F15FF06F;
2c68 : 00200B13;
2c69 : F0DFF06F;
2c6a : 00400B13;
2c6b : F05FF06F;
2c6c : 00100B13;
2c6d : EFDFF06F;
2c6e : 00092D83;
2c6f : 000B8613;
2c70 : 00040593;
2c71 : 000D8513;
2c72 : 705040EF;
2c73 : 01851513;
2c74 : 41855513;
2c75 : 000C0E63;
2c76 : 00A04663;
2c77 : 0B49E663;
2c78 : F20510E3;
2c79 : 00098B93;
2c7a : 00C00A13;
2c7b : 0140006F;
2c7c : 0B3A6063;
2c7d : 000B0A13;
2c7e : 0940006F;
2c7f : 000C0A63;
2c80 : 00098613;
2c81 : 000D8593;
2c82 : 00040513;
2c83 : 554050EF;
2c84 : 00492783;
2c85 : 00892603;
2c86 : 000A0693;
2c87 : 000B8593;
2c88 : 000A8513;
2c89 : 000780E7;
2c8a : 02A05C63;
2c8b : 008A7A13;
2c8c : 014C6A33;
2c8d : 00C94783;
2c8e : 000A0863;
2c8f : 000AC703;
2c90 : 00E78733;
2c91 : 00EA8023;
2c92 : 00A78533;
2c93 : 00A40533;
2c94 : 02079063;
2c95 : 00200593;
2c96 : 000D0513;
2c97 : EEDFF06F;
2c98 : EA0500E3;
2c99 : 40A00533;
2c9a : 0FF57593;
2c9b : FEDFF06F;
2c9c : 41A50433;
2c9d : 00040593;
2c9e : 000D0513;
2c9f : 875F60EF;
2ca0 : D4044EE3;
2ca1 : ECDFF06F;
2ca2 : 00400A13;
2ca3 : F60508E3;
2ca4 : FCA042E3;
2ca5 : E6DFF06F;
2ca6 : 0001F7B7;
2ca7 : 52C7A783;
2ca8 : F4010113;
2ca9 : 0A812C23;
2caa : 0A112E23;
2cab : 0A912A23;
2cac : 00000413;
2cad : 02078863;
2cae : 0001F4B7;
2caf : 6704A503;
2cb0 : 00000713;
2cb1 : 08000693;
2cb2 : 03010613;
2cb3 : 01C10593;
2cb4 : F65FE0EF;
2cb5 : 00A05863;
2cb6 : 01B00793;
2cb7 : 02A7C063;
2cb8 : 00100413;
2cb9 : 0BC12083;
2cba : 00040513;
2cbb : 0B812403;
2cbc : 0B412483;
2cbd : 0C010113;
2cbe : 00008067;
2cbf : 01010513;
2cc0 : F25FE0EF;
2cc1 : 03614783;
2cc2 : FC079CE3;
2cc3 : 03714703;
2cc4 : 00100793;
2cc5 : FCF716E3;
2cc6 : 00400613;
2cc7 : 01010593;
2cc8 : 04810513;
2cc9 : 5A9040EF;
2cca : FA051CE3;
2ccb : 03810593;
2ccc : 00600613;
2ccd : 01410513;
2cce : 428050EF;
2ccf : 00400613;
2cd0 : 03E10593;
2cd1 : 00C10513;
2cd2 : 418050EF;
2cd3 : 000807B7;
2cd4 : 10078793;
2cd5 : 02F12823;
2cd6 : 000205B7;
2cd7 : 020007B7;
2cd8 : 40678793;
2cd9 : 03810513;
2cda : 9A858593;
2cdb : 02F12A23;
2cdc : BACFF0EF;
2cdd : 01010593;
2cde : 00400613;
2cdf : 03E10513;
2ce0 : 3E0050EF;
2ce1 : 01410593;
2ce2 : 00600613;
2ce3 : 04210513;
2ce4 : 3D0050EF;
2ce5 : 00C10593;
2ce6 : 00400613;
2ce7 : 04810513;
2ce8 : 3C0050EF;
2ce9 : 6704A503;
2cea : 00000713;
2ceb : 01C00693;
2cec : 03010613;
2ced : 01C10593;
2cee : FBCFF0EF;
2cef : F25FF06F;
2cf0 : E4010113;
2cf1 : 1A912A23;
2cf2 : 0001F4B7;
2cf3 : 6604A503;
2cf4 : 1A812C23;
2cf5 : 00000713;
2cf6 : 19000693;
2cf7 : 02010613;
2cf8 : 00C10593;
2cf9 : 0001F437;
2cfa : 1B212823;
2cfb : 1A112E23;
2cfc : 4A840413;
2cfd : E41FE0EF;
2cfe : 08442783;
2cff : 00000913;
2d00 : 20079463;
2d01 : 0001F7B7;
2d02 : 68C7C703;
2d03 : 00400793;
2d04 : 1EF70C63;
2d05 : 14800793;
2d06 : 06F51463;
2d07 : 03414783;
2d08 : 06079063;
2d09 : 03514703;
2d0a : 04300793;
2d0b : 04F71A63;
2d0c : 000205B7;
2d0d : 00600613;
2d0e : 9A858593;
2d0f : 05810513;
2d10 : 48D040EF;
2d11 : 02051E63;
2d12 : 00100793;
2d13 : 04C10513;
2d14 : 08F42223;
2d15 : D65FE0EF;
2d16 : 00010513;
2d17 : DC9FE0EF;
2d18 : 00314703;
2d19 : 00214683;
2d1a : 00114603;
2d1b : 00014583;
2d1c : 0001C537;
2d1d : 51050513;
2d1e : 85CFD0EF;
2d1f : 00100913;
2d20 : 0001F537;
2d21 : 3E800593;
2d22 : 65C50513;
2d23 : 528030EF;
2d24 : 16051C63;
2d25 : 0001F7B7;
2d26 : 66C7D403;
2d27 : 00020937;
2d28 : 9A890593;
2d29 : 00140413;
2d2a : 01041413;
2d2b : 01045413;
2d2c : 66879623;
2d2d : 000607B7;
2d2e : 10178793;
2d2f : 04010513;
2d30 : 02F12E23;
2d31 : A58FF0EF;
2d32 : 04415703;
2d33 : 04015783;
2d34 : 00200613;
2d35 : 00000593;
2d36 : 00E7C7B3;
2d37 : 04214703;
2d38 : 04F11023;
2d39 : 40845793;
2d3a : 00E7C7B3;
2d3b : 04F10123;
2d3c : 04314783;
2d3d : 04610513;
2d3e : 00F447B3;
2d3f : 04F101A3;
2d40 : 00841793;
2d41 : 00845413;
2d42 : 0087E433;
2d43 : 04811223;
2d44 : 6D9030EF;
2d45 : 00400613;
2d46 : 00000593;
2d47 : 04810513;
2d48 : 6C9030EF;
2d49 : 00400613;
2d4a : 00000593;
2d4b : 04C10513;
2d4c : 6B9030EF;
2d4d : 00400613;
2d4e : 00000593;
2d4f : 05010513;
2d50 : 6A9030EF;
2d51 : 00400613;
2d52 : 00000593;
2d53 : 05410513;
2d54 : 699030EF;
2d55 : 01000613;
2d56 : 00000593;
2d57 : 05810513;
2d58 : 689030EF;
2d59 : 9A890593;
2d5a : 05810513;
2d5b : 9B0FF0EF;
2d5c : 04000613;
2d5d : 00000593;
2d5e : 06810513;
2d5f : 66D030EF;
2d60 : 08000613;
2d61 : 00000593;
2d62 : 0A810513;
2d63 : 65D030EF;
2d64 : 04000613;
2d65 : 00000593;
2d66 : 12810513;
2d67 : 64D030EF;
2d68 : 00400613;
2d69 : 00000593;
2d6a : 00010513;
2d6b : 63D030EF;
2d6c : 00400613;
2d6d : 0FF00593;
2d6e : 00410513;
2d6f : 62D030EF;
2d70 : 430047B7;
2d71 : 40078793;
2d72 : 00010613;
2d73 : 14800593;
2d74 : 02010513;
2d75 : 00F12423;
2d76 : F88F60EF;
2d77 : 00600613;
2d78 : 0FF00593;
2d79 : 00C10513;
2d7a : 601030EF;
2d7b : 6604A503;
2d7c : 00000713;
2d7d : 14800693;
2d7e : 02010613;
2d7f : 00C10593;
2d80 : D74FF0EF;
2d81 : 00100913;
2d82 : 1BC12083;
2d83 : 1B812403;
2d84 : 1B412483;
2d85 : 00090513;
2d86 : 1B012903;
2d87 : 1C010113;
2d88 : 00008067;
2d89 : F2010113;
2d8a : 0C912A23;
2d8b : 0001F4B7;
2d8c : 4A848793;
2d8d : 0C112E23;
2d8e : 0C812C23;
2d8f : 0D212823;
2d90 : 0D312623;
2d91 : 0807C783;
2d92 : 00100713;
2d93 : 4A848493;
2d94 : 00E79863;
2d95 : 0844A703;
2d96 : 00F71463;
2d97 : 0804A223;
2d98 : D61FF0EF;
2d99 : 0001F9B7;
2d9a : 00050913;
2d9b : 6649A503;
2d9c : 00000713;
2d9d : 08000693;
2d9e : 04010613;
2d9f : 02C10593;
2da0 : BB5FE0EF;
2da1 : 00000413;
2da2 : 02A05C63;
2da3 : 0844A783;
2da4 : 02078863;
2da5 : 00400613;
2da6 : 08848593;
2da7 : 05010513;
2da8 : 22D040EF;
2da9 : 00051E63;
2daa : 02010513;
2dab : B79FE0EF;
2dac : 04014703;
2dad : 04500793;
2dae : 0CF70463;
2daf : 00100413;
2db0 : 0001F9B7;
2db1 : 6689A503;
2db2 : 00000713;
2db3 : 02000693;
2db4 : 04010613;
2db5 : 02C10593;
2db6 : B5DFE0EF;
2db7 : 00890933;
2db8 : 00000413;
2db9 : 06A05C63;
2dba : 00400613;
2dbb : 08848593;
2dbc : 05010513;
2dbd : 1D9040EF;
2dbe : 06051263;
2dbf : 00000593;
2dc0 : 02010513;
2dc1 : ACDF90EF;
2dc2 : 02012503;
2dc3 : 83AA87B7;
2dc4 : E8078793;
2dc5 : 00F50533;
2dc6 : 3DC0E0EF;
2dc7 : 00A12E23;
2dc8 : 00400613;
2dc9 : 01C10593;
2dca : 05C10513;
2dcb : 034050EF;
2dcc : 00000613;
2dcd : 02000593;
2dce : 04010513;
2dcf : E24F60EF;
2dd0 : 6689A503;
2dd1 : 00000713;
2dd2 : 02000693;
2dd3 : 04010613;
2dd4 : 02C10593;
2dd5 : C20FF0EF;
2dd6 : 00100413;
2dd7 : 00890933;
2dd8 : 0DC12083;
2dd9 : 0D812403;
2dda : 0D412483;
2ddb : 0CC12983;
2ddc : 01203533;
2ddd : 0D012903;
2dde : 0E010113;
2ddf : 00008067;
2de0 : 00400613;
2de1 : 02010593;
2de2 : 05010513;
2de3 : 141040EF;
2de4 : F20516E3;
2de5 : 04914703;
2de6 : 00100793;
2de7 : F2F710E3;
2de8 : 05414703;
2de9 : 00800793;
2dea : F0F71AE3;
2deb : 04215783;
2dec : 00879413;
2ded : 01079793;
2dee : 0107D793;
2def : 0087D793;
2df0 : 00F46433;
2df1 : 01041413;
2df2 : 01045413;
2df3 : FE840413;
2df4 : 04000793;
2df5 : 0087D463;
2df6 : 04000413;
2df7 : 00400613;
2df8 : 04C10593;
2df9 : 01C10513;
2dfa : 779040EF;
2dfb : 04500793;
2dfc : 01840693;
2dfd : 04F11023;
2dfe : 00400613;
2dff : 13F00793;
2e00 : 02010593;
2e01 : 04C10513;
2e02 : 04D101A3;
2e03 : 00D12623;
2e04 : 04F12423;
2e05 : 04010123;
2e06 : 04012223;
2e07 : 745040EF;
2e08 : 00400613;
2e09 : 01C10593;
2e0a : 05010513;
2e0b : 735040EF;
2e0c : 00540413;
2e0d : 00200593;
2e0e : 02B445B3;
2e0f : 05410513;
2e10 : 04012A23;
2e11 : 00100413;
2e12 : CB4F60EF;
2e13 : 00851793;
2e14 : 01051513;
2e15 : 01055513;
2e16 : 00855513;
2e17 : 00A7E533;
2e18 : 04A11B23;
2e19 : 00A00593;
2e1a : 04010513;
2e1b : C90F60EF;
2e1c : 01051793;
2e1d : 0107D793;
2e1e : 00851713;
2e1f : 0087D793;
2e20 : 00C12683;
2e21 : 00F767B3;
2e22 : 04F11523;
2e23 : E2068AE3;
2e24 : 6649A503;
2e25 : 00000713;
2e26 : 04010613;
2e27 : 02C10593;
2e28 : AD4FF0EF;
2e29 : E1DFF06F;
2e2a : F6010113;
2e2b : 08812C23;
2e2c : 09412423;
2e2d : 00020437;
2e2e : 0001BA37;
2e2f : 08112E23;
2e30 : 08912A23;
2e31 : 09212823;
2e32 : 09312623;
2e33 : 09512223;
2e34 : 09612023;
2e35 : 07712E23;
2e36 : 07812C23;
2e37 : 07912A23;
2e38 : 07A12823;
2e39 : 07B12623;
2e3a : 9A840413;
2e3b : B30A0A13;
2e3c : 20B05C63;
2e3d : 6B842783;
2e3e : 3E800693;
2e3f : 00054703;
2e40 : 01079893;
2e41 : 0108D893;
2e42 : 02D888B3;
2e43 : 00F77713;
2e44 : 6BC42803;
2e45 : 00271693;
2e46 : 00DA06B3;
2e47 : 4C46A683;
2e48 : 0107D793;
2e49 : 01081813;
2e4a : 00F86833;
2e4b : 6B042783;
2e4c : 00D12223;
2e4d : 5A040993;
2e4e : 0001C6B7;
2e4f : 00E12023;
2e50 : 00050913;
2e51 : 00058713;
2e52 : 00058493;
2e53 : 0108D893;
2e54 : 53868693;
2e55 : 00100613;
2e56 : 00500593;
2e57 : 00098513;
2e58 : 3180D0EF;
2e59 : 02100793;
2e5a : 1A97D063;
2e5b : 00094783;
2e5c : 00D00713;
2e5d : 00F7F793;
2e5e : 18F76863;
2e5f : 00FA07B3;
2e60 : 4FC7C783;
2e61 : 18F4C263;
2e62 : 00194783;
2e63 : 00200713;
2e64 : 00F7F793;
2e65 : 16E79A63;
2e66 : 00094783;
2e67 : 000014B7;
2e68 : 009404B3;
2e69 : 0047D793;
2e6a : 80F48823;
2e6b : 00094783;
2e6c : 00200613;
2e6d : 00690593;
2e6e : 00F7F793;
2e6f : 80F488A3;
2e70 : 00194783;
2e71 : 27798513;
2e72 : 00F7F793;
2e73 : 80F48923;
2e74 : 00295783;
2e75 : 00295703;
2e76 : 00879793;
2e77 : 00875713;
2e78 : 00E7E7B3;
2e79 : 80F49A23;
2e7a : 00494783;
2e7b : 80F48B23;
2e7c : 571040EF;
2e7d : 00000793;
2e7e : 00000813;
2e7f : 82F4A023;
2e80 : 8304A223;
2e81 : 00892503;
2e82 : 00C92583;
2e83 : 11C0E0EF;
2e84 : 82A4A423;
2e85 : 82B4A623;
2e86 : 00800613;
2e87 : 01490593;
2e88 : 29098513;
2e89 : 53D040EF;
2e8a : 01C95783;
2e8b : 01C95703;
2e8c : 8144DA83;
2e8d : 00879793;
2e8e : 00875713;
2e8f : 00E7E7B3;
2e90 : 82F49C23;
2e91 : 01E95783;
2e92 : 01E95703;
2e93 : 00879793;
2e94 : 00875713;
2e95 : 00E7E7B3;
2e96 : 82F49D23;
2e97 : 02190783;
2e98 : 82F48E23;
2e99 : 5A042703;
2e9a : 5B042683;
2e9b : 330A0793;
2e9c : 00371D93;
2e9d : 01B787B3;
2e9e : 0AF69663;
2e9f : 5A042623;
2ea0 : 5AC42783;
2ea1 : 5AE42223;
2ea2 : 5A042423;
2ea3 : 02078063;
2ea4 : 01BA07B3;
2ea5 : 3307A603;
2ea6 : 0001C5B7;
2ea7 : 000A8693;
2ea8 : 56858593;
2ea9 : 5A040513;
2eaa : A69FC0EF;
2eab : 14090863;
2eac : 5D442783;
2ead : 000014B7;
2eae : 009404B3;
2eaf : 0087AB83;
2eb0 : 8164C703;
2eb1 : 00020B37;
2eb2 : 010BC783;
2eb3 : F48B0993;
2eb4 : 06E78263;
2eb5 : 000206B7;
2eb6 : 9086A783;
2eb7 : 00100613;
2eb8 : 00500593;
2eb9 : 00178793;
2eba : 90F6A423;
2ebb : 0001C6B7;
2ebc : 58468693;
2ebd : F48B0513;
2ebe : 1800D0EF;
2ebf : 00000A93;
2ec0 : 00000913;
2ec1 : 0F80006F;
2ec2 : 00020737;
2ec3 : 90C72783;
2ec4 : 00000A93;
2ec5 : 00000913;
2ec6 : 00178793;
2ec7 : 90F72623;
2ec8 : F45FF06F;
2ec9 : 00100693;
2eca : 5AD42623;
2ecb : 5AF42823;
2ecc : F51FF06F;
2ecd : 8174C783;
2ece : 0017F793;
2ecf : 02078863;
2ed0 : 00020737;
2ed1 : 90472783;
2ed2 : 0001C6B7;
2ed3 : 5A068693;
2ed4 : 00178793;
2ed5 : 90F72223;
2ed6 : 00100613;
2ed7 : 00500593;
2ed8 : F48B0513;
2ed9 : 1140D0EF;
2eda : F95FF06F;
2edb : 71842583;
2edc : 29098993;
2edd : 00A00613;
2ede : 00098513;
2edf : 00B12C23;
2ee0 : 54C040EF;
2ee1 : 01812583;
2ee2 : 02051063;
2ee3 : 00020737;
2ee4 : 90072783;
2ee5 : 0001C6B7;
2ee6 : 5BC68693;
2ee7 : 00178793;
2ee8 : 90F72023;
2ee9 : FB5FF06F;
2eea : 00800613;
2eeb : 00098513;
2eec : 51C040EF;
2eed : 02051863;
2eee : 008BD703;
2eef : 00100793;
2ef0 : 02E7F263;
2ef1 : 8114C703;
2ef2 : 00B00793;
2ef3 : 00F70C63;
2ef4 : 00020737;
2ef5 : 8FC72783;
2ef6 : 00178793;
2ef7 : 8EF72E23;
2ef8 : F1DFF06F;
2ef9 : 5A042783;
2efa : 00100713;
2efb : FFD7F693;
2efc : F0E686E3;
2efd : 00200713;
2efe : F0E782E3;
2eff : 5A042703;
2f00 : 5A442783;
2f01 : 04F70263;
2f02 : 9E1FC0EF;
2f03 : 09C12083;
2f04 : 09812403;
2f05 : 09412483;
2f06 : 09012903;
2f07 : 08C12983;
2f08 : 08812A03;
2f09 : 08412A83;
2f0a : 08012B03;
2f0b : 07C12B83;
2f0c : 07812C03;
2f0d : 07412C83;
2f0e : 07012D03;
2f0f : 06C12D83;
2f10 : 0A010113;
2f11 : 00008067;
2f12 : 00020537;
2f13 : 000219B7;
2f14 : F4850493;
2f15 : 9A898993;
2f16 : 1A0A8063;
2f17 : 8DC9A703;
2f18 : 00100793;
2f19 : 04F71263;
2f1a : 5C042783;
2f1b : 0607A783;
2f1c : 16078E63;
2f1d : F4850513;
2f1e : 000780E7;
2f1f : 00050613;
2f20 : 00600593;
2f21 : 00048513;
2f22 : 15D0D0EF;
2f23 : 8DC9A783;
2f24 : 00078C63;
2f25 : 00200793;
2f26 : 00600593;
2f27 : 00048513;
2f28 : 8CF9AE23;
2f29 : 4C0030EF;
2f2a : 01BA0B33;
2f2b : 334B2783;
2f2c : 000A8613;
2f2d : 00090593;
2f2e : 00048513;
2f2f : 000780E7;
2f30 : 00050613;
2f31 : 00050C63;
2f32 : 330B2683;
2f33 : 8489A583;
2f34 : 0001C537;
2f35 : 5D450513;
2f36 : FFCFC0EF;
2f37 : 5A042703;
2f38 : 5A442783;
2f39 : F2F712E3;
2f3a : 8E09A703;
2f3b : 00100793;
2f3c : 04F71863;
2f3d : 8DC9A783;
2f3e : FFE78793;
2f3f : 04F76263;
2f40 : 00600593;
2f41 : 00048513;
2f42 : 6D40D0EF;
2f43 : 02050A63;
2f44 : 001007B7;
2f45 : 41C7A703;
2f46 : 000207B7;
2f47 : 8F87A783;
2f48 : 00079C63;
2f49 : 8E09A683;
2f4a : 8DC9A603;
2f4b : 5A042583;
2f4c : 00100513;
2f4d : DA0F90EF;
2f4e : 00048513;
2f4f : 2A50D0EF;
2f50 : 8DB9C783;
2f51 : 48078263;
2f52 : 8409C783;
2f53 : 8C098DA3;
2f54 : 00100513;
2f55 : 44078863;
2f56 : 5D442D03;
2f57 : 008D2C03;
2f58 : 008C5783;
2f59 : 0AF57663;
2f5a : 6D045B83;
2f5b : 0A0B8263;
2f5c : 71842783;
2f5d : 6E840C93;
2f5e : 00000B13;
2f5f : 00F12C23;
2f60 : 00800613;
2f61 : 000C0593;
2f62 : 000C8513;
2f63 : 340040EF;
2f64 : 06051A63;
2f65 : 01812583;
2f66 : 000C8513;
2f67 : 364040EF;
2f68 : 06055263;
2f69 : 005B0B13;
2f6a : 000C8593;
2f6b : 02010513;
2f6c : 006B1B13;
2f6d : 7B1090EF;
2f6e : 01640B33;
2f6f : 5B0B5803;
2f70 : 0001C737;
2f71 : 0001C6B7;
2f72 : 00050793;
2f73 : 5F070713;
2f74 : 61468693;
2f75 : 00300613;
2f76 : 00300593;
2f77 : 00048513;
2f78 : 6990C0EF;
2f79 : 00700513;
2f7a : 3BC0006F;
2f7b : 00005637;
2f7c : E2060613;
2f7d : E8DFF06F;
2f7e : 00F00793;
2f7f : 80F988A3;
2f80 : EA9FF06F;
2f81 : 001B0B13;
2f82 : 040C8C93;
2f83 : F77B4AE3;
2f84 : 010D2783;
2f85 : 6D241C03;
2f86 : 00F12E23;
2f87 : FFF00793;
2f88 : 04FC0E63;
2f89 : 006C1B13;
2f8a : 138B0B13;
2f8b : 01648B33;
2f8c : 0001E6B7;
2f8d : 50CA0713;
2f8e : 00048513;
2f8f : 31C68693;
2f90 : 00200613;
2f91 : 00300593;
2f92 : 6310C0EF;
2f93 : 5A042503;
2f94 : 0001BBB7;
2f95 : 00100793;
2f96 : FFF50713;
2f97 : 03CB8B93;
2f98 : 34E7F263;
2f99 : FFF00793;
2f9a : 02FC1063;
2f9b : 00400793;
2f9c : 00F51C63;
2f9d : 00400513;
2f9e : 32C0006F;
2f9f : 00021B37;
2fa0 : DB8B0B13;
2fa1 : FADFF06F;
2fa2 : 71842583;
2fa3 : 00100793;
2fa4 : 00A00613;
2fa5 : 02610513;
2fa6 : 04F105A3;
2fa7 : 0C5040EF;
2fa8 : 71842583;
2fa9 : 00A00613;
2faa : 03010513;
2fab : 02011023;
2fac : 0B1040EF;
2fad : 00200613;
2fae : 00000593;
2faf : 04910513;
2fb0 : 528030EF;
2fb1 : 5D442783;
2fb2 : 02011223;
2fb3 : 00400613;
2fb4 : 0087A583;
2fb5 : 03A10513;
2fb6 : 00E5C783;
2fb7 : 00A58593;
2fb8 : 04F10323;
2fb9 : 07D040EF;
2fba : 5D442783;
2fbb : 00800613;
2fbc : 03E10513;
2fbd : 0087A583;
2fbe : 00F5C783;
2fbf : 04F103A3;
2fc0 : 061040EF;
2fc1 : FA000793;
2fc2 : 00800613;
2fc3 : 00000593;
2fc4 : 05010513;
2fc5 : 02011123;
2fc6 : 04F10423;
2fc7 : 4CC030EF;
2fc8 : 018D2703;
2fc9 : 0A074663;
2fca : 34800C93;
2fcb : 039707B3;
2fcc : 000D2C83;
2fcd : 0001C6B7;
2fce : 00170713;
2fcf : 62468693;
2fd0 : 00200613;
2fd1 : 00300593;
2fd2 : 00048513;
2fd3 : 00FC8CB3;
2fd4 : 132C9C03;
2fd5 : 130CD803;
2fd6 : 000C0793;
2fd7 : 51D0C0EF;
2fd8 : 5D442783;
2fd9 : 0087A783;
2fda : 00A78783;
2fdb : 0C07DE63;
2fdc : 006C1793;
2fdd : 13878C13;
2fde : 018C8C33;
2fdf : 000C0613;
2fe0 : 02010593;
2fe1 : 00048513;
2fe2 : 00F12C23;
2fe3 : 2300A0EF;
2fe4 : 10055E63;
2fe5 : 0001C6B7;
2fe6 : 000B8713;
2fe7 : 67868693;
2fe8 : 00100613;
2fe9 : 00300593;
2fea : 00048513;
2feb : 4CD0C0EF;
2fec : 5D442783;
2fed : 0087A783;
2fee : 00A7C703;
2fef : 0FF00793;
2ff0 : 28F71A63;
2ff1 : 5A042703;
2ff2 : 00400793;
2ff3 : 0CC0006F;
2ff4 : 0001C6B7;
2ff5 : 65868693;
2ff6 : 00200613;
2ff7 : 00300593;
2ff8 : 00048513;
2ff9 : 4950C0EF;
2ffa : 0001C6B7;
2ffb : 000B8713;
2ffc : 6A468693;
2ffd : 00100613;
2ffe : 00300593;
2fff : 00048513;
3000 : 4790C0EF;
3001 : 5D442783;
3002 : 0087A783;
3003 : 00A7C703;
3004 : 0FF00793;
3005 : FAF708E3;
3006 : 00048513;
3007 : 119030EF;
3008 : 5A042503;
3009 : 00100793;
300a : 00000613;
300b : FFB50713;
300c : 16E7FA63;
300d : 00048513;
300e : 00500593;
300f : 4440D0EF;
3010 : 00500513;
3011 : 1600006F;
3012 : 000B0613;
3013 : 02010593;
3014 : 00048513;
3015 : 1680A0EF;
3016 : F80548E3;
3017 : 12050463;
3018 : 0001C6B7;
3019 : 000B8713;
301a : 66868693;
301b : 00100613;
301c : 00300593;
301d : 00048513;
301e : 4010C0EF;
301f : 5D442783;
3020 : 0FF00713;
3021 : 0087A783;
3022 : 00A7C683;
3023 : 5A042783;
3024 : 1AE69663;
3025 : 00400713;
3026 : DCE78EE3;
3027 : 00300593;
3028 : 00048513;
3029 : 0C0030EF;
302a : DCDFF06F;
302b : 0C050C63;
302c : 5D442783;
302d : 0087A783;
302e : 0087D703;
302f : 00100793;
3030 : 00F70863;
3031 : 84C9A703;
3032 : 018D2783;
3033 : 06F71E63;
3034 : 0001C6B7;
3035 : 000B8713;
3036 : 6F468693;
3037 : 00100613;
3038 : 00300593;
3039 : 00048513;
303a : 3910C0EF;
303b : 5D442783;
303c : 84C9A703;
303d : 00000993;
303e : 0187A783;
303f : 02F71463;
3040 : 01812783;
3041 : 01C12503;
3042 : 14878593;
3043 : 00BC85B3;
3044 : 7F1030EF;
3045 : 00050993;
3046 : 000C0593;
3047 : 00048513;
3048 : 1DC040EF;
3049 : 5A042783;
304a : 00100713;
304b : FF878693;
304c : 22D77263;
304d : 00048513;
304e : 00300593;
304f : 028030EF;
3050 : 00800513;
3051 : 0600006F;
3052 : 000B0613;
3053 : 000C0593;
3054 : 00048513;
3055 : 65D090EF;
3056 : 18054C63;
3057 : 000B0613;
3058 : 000C0593;
3059 : 00048513;
305a : 405090EF;
305b : 00055A63;
305c : 0001C6B7;
305d : 000B8713;
305e : 69468693;
305f : EF1FF06F;
3060 : 16051863;
3061 : 0001C6B7;
3062 : 00048513;
3063 : 000B8713;
3064 : 68868693;
3065 : 00100613;
3066 : 00300593;
3067 : 2DD0C0EF;
3068 : 00200513;
3069 : 5C042783;
306a : 0407A783;
306b : 00078863;
306c : 5A442583;
306d : 00048513;
306e : 000780E7;
306f : 5A042783;
3070 : 5AA42223;
3071 : A4A792E3;
3072 : 5C042783;
3073 : 0487A783;
3074 : 02078663;
3075 : 000A8613;
3076 : 00090593;
3077 : 00048513;
3078 : 000780E7;
3079 : 5A042703;
307a : 5A442783;
307b : A0F71EE3;
307c : 5A842783;
307d : 00F55463;
307e : 5AA42423;
307f : 00020737;
3080 : 91072703;
3081 : 5C442783;
3082 : 00E7E7B3;
3083 : 01C7D793;
3084 : 00200713;
3085 : 02F77063;
3086 : 01BA0A33;
3087 : 5A842683;
3088 : 330A2603;
3089 : 0001C5B7;
308a : 73058593;
308b : 00048513;
308c : AE0FC0EF;
308d : 5A842503;
308e : 9D5FF06F;
308f : 00700713;
3090 : BAE782E3;
3091 : 00300593;
3092 : 00048513;
3093 : 719020EF;
3094 : B95FF06F;
3095 : 00048513;
3096 : 6DC030EF;
3097 : 5D442983;
3098 : 0049A783;
3099 : 0387AB83;
309a : DB705CE3;
309b : 0009AB03;
309c : 00800593;
309d : 000B0513;
309e : 02D0C0EF;
309f : 00452703;
30a0 : FFF00793;
30a1 : 00F71E63;
30a2 : 3E800613;
30a3 : 02CB8633;
30a4 : 00800593;
30a5 : 000B0513;
30a6 : 34C0D0EF;
30a7 : D85FF06F;
30a8 : 00800593;
30a9 : 000B0513;
30aa : 1340D0EF;
30ab : D6050AE3;
30ac : 0009A503;
30ad : FFF00613;
30ae : 00800593;
30af : 3280D0EF;
30b0 : 0001C6B7;
30b1 : 00048513;
30b2 : 6B468693;
30b3 : 00100613;
30b4 : 00600593;
30b5 : 1A50C0EF;
30b6 : 5DC42783;
30b7 : 00100593;
30b8 : 00098513;
30b9 : 02C7A783;
30ba : 000780E7;
30bb : D35FF06F;
30bc : 0001C6B7;
30bd : 000B8713;
30be : 6E468693;
30bf : 00100613;
30c0 : 00300593;
30c1 : 00048513;
30c2 : 1710C0EF;
30c3 : 5D442783;
30c4 : 0087A783;
30c5 : 00A7C703;
30c6 : 0FF00793;
30c7 : CAF704E3;
30c8 : 00048513;
30c9 : 61D020EF;
30ca : 5A042503;
30cb : 00100793;
30cc : FFB50713;
30cd : E6E7F8E3;
30ce : 00048513;
30cf : 3340D0EF;
30d0 : 5D442783;
30d1 : 00C7A783;
30d2 : 0007D603;
30d3 : 00160613;
30d4 : CE5FF06F;
30d5 : 02098663;
30d6 : 0001C6B7;
30d7 : 00048513;
30d8 : 70468693;
30d9 : 00100613;
30da : 00300593;
30db : 10D0C0EF;
30dc : 5A042503;
30dd : 00800793;
30de : E2F506E3;
30df : DB9FF06F;
30e0 : 00900713;
30e1 : 00E78863;
30e2 : 00300593;
30e3 : 00048513;
30e4 : 5D5020EF;
30e5 : 5A042503;
30e6 : E0DFF06F;
30e7 : 01900893;
30e8 : 00054703;
30e9 : FBF70793;
30ea : 0FF7F793;
30eb : 00070693;
30ec : 00F8E663;
30ed : 02070693;
30ee : 0FF6F693;
30ef : 0005C783;
30f0 : FBF78813;
30f1 : 0FF87813;
30f2 : 00078613;
30f3 : 0108E663;
30f4 : 02078613;
30f5 : 0FF67613;
30f6 : 00D60663;
30f7 : 40E78533;
30f8 : 00008067;
30f9 : 00070863;
30fa : 00150513;
30fb : 00158593;
30fc : FB1FF06F;
30fd : 00000513;
30fe : 00008067;
30ff : 00000693;
3100 : 02D00E13;
3101 : 00900E93;
3102 : 00500813;
3103 : 03A00F13;
3104 : 00600313;
3105 : 08050C63;
3106 : 00054783;
3107 : 00100613;
3108 : 01C79663;
3109 : 00150513;
310a : FFF00613;
310b : 00000793;
310c : 01C0006F;
310d : FD070893;
310e : 0FF8FF93;
310f : 03FEEE63;
3110 : 00479793;
3111 : 00F887B3;
3112 : 00150513;
3113 : 00054703;
3114 : FE0712E3;
3115 : 02F607B3;
3116 : 00D58733;
3117 : 00F70023;
3118 : 00054783;
3119 : 01E79463;
311a : 00150513;
311b : 00168693;
311c : FA6692E3;
311d : 00008067;
311e : FBF70893;
311f : 0FF8FF93;
3120 : 01F86A63;
3121 : 00479793;
3122 : 011787B3;
3123 : 00A78793;
3124 : FB9FF06F;
3125 : F9F70713;
3126 : 0FF77893;
3127 : FB186CE3;
3128 : 00479793;
3129 : 00E787B3;
312a : FE5FF06F;
312b : 00D585B3;
312c : 00058023;
312d : 00004783;
312e : 00100073;
312f : 00000793;
3130 : 04050863;
3131 : 00054703;
3132 : 02D00793;
3133 : 00000693;
3134 : 00F71663;
3135 : 00150513;
3136 : 00100693;
3137 : 00000793;
3138 : 00900613;
3139 : 00A00893;
313a : 0100006F;
313b : 031787B3;
313c : 00150513;
313d : 00F707B3;
313e : 00054703;
313f : FD070713;
3140 : 0FF77813;
3141 : FF0674E3;
3142 : 00068463;
3143 : 40F007B3;
3144 : 00F5A023;
3145 : 00008067;
3146 : FE010113;
3147 : 00C10593;
3148 : 00112E23;
3149 : F99FF0EF;
314a : 01C12083;
314b : 00C12503;
314c : 02010113;
314d : 00008067;
314e : 00052503;
314f : FF010113;
3150 : 00112623;
3151 : 00100793;
3152 : 00050663;
3153 : FCDFF0EF;
3154 : 00050793;
3155 : 00020737;
3156 : 95872703;
3157 : 00002637;
3158 : 71060613;
3159 : 00A00693;
315a : 02D706B3;
315b : FFF00513;
315c : 02C70733;
315d : 3E800613;
315e : 02C75733;
315f : 0300006F;
3160 : FFF60613;
3161 : FEC04EE3;
3162 : FFF58593;
3163 : 00059863;
3164 : 00070613;
3165 : 0140006F;
3166 : 06300593;
3167 : 00068613;
3168 : FE5FF06F;
3169 : FFF60613;
316a : FE061EE3;
316b : FFF78793;
316c : FEA794E3;
316d : 00C12083;
316e : 00000513;
316f : 01010113;
3170 : 00008067;
3171 : 03C52783;
3172 : FF010113;
3173 : 00812423;
3174 : 00C7A783;
3175 : 00112623;
3176 : 00058413;
3177 : 000780E7;
3178 : 00C42783;
3179 : 00A45503;
317a : 00C12083;
317b : 01079793;
317c : 00A7E533;
317d : FFF0C7B7;
317e : DC078793;
317f : 02F54533;
3180 : 00812403;
3181 : 01010113;
3182 : 3E850513;
3183 : 00008067;
3184 : 02052783;
3185 : 02C7A303;
3186 : 00030463;
3187 : 00030067;
3188 : 00000513;
3189 : 00008067;
318a : 3E800793;
318b : 00F52423;
318c : 00000513;
318d : 00008067;
318e : 0001F737;
318f : 61472783;
3190 : 00178793;
3191 : 60F72A23;
3192 : 0001F7B7;
3193 : 60A78923;
3194 : 00008067;
3195 : 17852783;
3196 : 12C00713;
3197 : 0107A783;
3198 : 02E7AA23;
3199 : 00001737;
319a : BB870713;
319b : 02E7AE23;
319c : 00100713;
319d : 02E78823;
319e : 02B78723;
319f : 00078423;
31a0 : 00200713;
31a1 : 00E58863;
31a2 : 000784A3;
31a3 : 040780A3;
31a4 : 04079123;
31a5 : 00008067;
31a6 : 34052783;
31a7 : FFD7F793;
31a8 : 02079263;
31a9 : FF010113;
31aa : 00000593;
31ab : 00112623;
31ac : FA5FF0EF;
31ad : 00C12083;
31ae : 00000513;
31af : 01010113;
31b0 : 00008067;
31b1 : 00000513;
31b2 : 00008067;
31b3 : 00000513;
31b4 : 00008067;
31b5 : 00000513;
31b6 : 00000593;
31b7 : 00008067;
31b8 : 34052703;
31b9 : 00100793;
31ba : 00F71C63;
31bb : 17852783;
31bc : 0107A783;
31bd : 0087C503;
31be : 00A03533;
31bf : 00008067;
31c0 : 00000513;
31c1 : 00008067;
31c2 : 34052703;
31c3 : 00100793;
31c4 : 02F71663;
31c5 : 17852783;
31c6 : 00000513;
31c7 : 0107A783;
31c8 : 0087C703;
31c9 : 00070E63;
31ca : 0097C703;
31cb : 00070A63;
31cc : 0007A503;
31cd : 00153513;
31ce : 00008067;
31cf : 00100513;
31d0 : 00008067;
31d1 : 000217B7;
31d2 : 06C52683;
31d3 : 83C78793;
31d4 : 03078713;
31d5 : 0007A603;
31d6 : 00C69463;
31d7 : 0007A023;
31d8 : 00478793;
31d9 : FEE798E3;
31da : 00000513;
31db : 00008067;
31dc : 001007B7;
31dd : 41C7A503;
31de : 00A58533;
31df : 00008067;
31e0 : 0001F7B7;
31e1 : 58B7AE23;
31e2 : 00000513;
31e3 : 00008067;
31e4 : 0001F7B7;
31e5 : 59C7A783;
31e6 : 00062023;
31e7 : 0006A023;
31e8 : 00F5A023;
31e9 : 00000513;
31ea : 00008067;
31eb : 0005A023;
31ec : 00062023;
31ed : 0006A023;
31ee : FFF00513;
31ef : 00008067;
31f0 : FC010113;
31f1 : 00812C23;
31f2 : 00060413;
31f3 : 00058613;
31f4 : 00050593;
31f5 : 0001D537;
31f6 : 82050513;
31f7 : 00112E23;
31f8 : 02D12623;
31f9 : 02E12823;
31fa : 02F12A23;
31fb : 03012C23;
31fc : 03112E23;
31fd : CE1FB0EF;
31fe : 02C10593;
31ff : 00040513;
3200 : 00B12623;
3201 : C75FB0EF;
3202 : 01C12083;
3203 : 01812403;
3204 : 04010113;
3205 : 00008067;
3206 : FD010113;
3207 : 00912A23;
3208 : 00060493;
3209 : 00058613;
320a : 00050593;
320b : 0001D537;
320c : 82050513;
320d : 00112E23;
320e : 00812C23;
320f : 02E12023;
3210 : 00068413;
3211 : 02F12223;
3212 : 03012423;
3213 : 03112623;
3214 : C85FB0EF;
3215 : 0001D537;
3216 : 00048613;
3217 : 00100593;
3218 : 82C50513;
3219 : C71FB0EF;
321a : 02010593;
321b : 00040513;
321c : 00B12623;
321d : C05FB0EF;
321e : 01C12083;
321f : 01812403;
3220 : 01412483;
3221 : 03010113;
3222 : 00008067;
3223 : FC010113;
3224 : 00812C23;
3225 : 00058413;
3226 : 08057593;
3227 : 02C12423;
3228 : 00B035B3;
3229 : 07F57613;
322a : 0001D537;
322b : 00158593;
322c : 82C50513;
322d : 00112E23;
322e : 02D12623;
322f : 02E12823;
3230 : 02F12A23;
3231 : 03012C23;
3232 : 03112E23;
3233 : C09FB0EF;
3234 : 02810593;
3235 : 00040513;
3236 : 00B12623;
3237 : B9DFB0EF;
3238 : 01C12083;
3239 : 01812403;
323a : 04010113;
323b : 00008067;
323c : 00052603;
323d : FF010113;
323e : 00112623;
323f : 00812423;
3240 : 06061A63;
3241 : 000207B7;
3242 : 9107A583;
3243 : 0001D537;
3244 : 83850513;
3245 : BC1FB0EF;
3246 : 00C12083;
3247 : 00812403;
3248 : 00000513;
3249 : 01010113;
324a : 00008067;
324b : FD078793;
324c : 0FF7F513;
324d : 02A5E063;
324e : 00E797B3;
324f : 00F46433;
3250 : FFC70713;
3251 : 00160613;
3252 : 00064783;
3253 : 00078E63;
3254 : FCD71EE3;
3255 : 0001B5B7;
3256 : 0001D537;
3257 : 6C858593;
3258 : 85050513;
3259 : B71FB0EF;
325a : 000207B7;
325b : 9087A823;
325c : F95FF06F;
325d : 01C00713;
325e : 00000413;
325f : FFC00693;
3260 : 00300593;
3261 : FC5FF06F;
3262 : 000207B7;
3263 : 96078023;
3264 : 000207B7;
3265 : 9407AE23;
3266 : 000157B7;
3267 : 00020737;
3268 : 12478793;
3269 : 0001D537;
326a : FF010113;
326b : 96F72223;
326c : 86850513;
326d : 000207B7;
326e : 00300713;
326f : 00112623;
3270 : 96E780A3;
3271 : B11FB0EF;
3272 : 00C12083;
3273 : 0001F7B7;
3274 : 6607AC23;
3275 : 00000513;
3276 : 01010113;
3277 : 00008067;
3278 : 02402583;
3279 : 0001D537;
327a : FF010113;
327b : 87450513;
327c : 00112623;
327d : AE1FB0EF;
327e : 00C12083;
327f : 00000513;
3280 : 01010113;
3281 : 00008067;
3282 : FE010113;
3283 : 00912A23;
3284 : 00052483;
3285 : 00112E23;
3286 : 00812C23;
3287 : 01212823;
3288 : 01312623;
3289 : 0A048263;
328a : 0001D5B7;
328b : 00050413;
328c : 87858593;
328d : 00048513;
328e : 965FF0EF;
328f : 04051863;
3290 : 000217B7;
3291 : E0878793;
3292 : 3C078713;
3293 : 0007A683;
3294 : 00068A63;
3295 : 0207A623;
3296 : 0207A423;
3297 : 0207A223;
3298 : 0207A023;
3299 : 03078793;
329a : FEE792E3;
329b : 01C12083;
329c : 01812403;
329d : 01412483;
329e : 01012903;
329f : 00C12983;
32a0 : 00000513;
32a1 : 02010113;
32a2 : 00008067;
32a3 : 0001D5B7;
32a4 : 88058593;
32a5 : 00048513;
32a6 : 905FF0EF;
32a7 : 02051663;
32a8 : 00442503;
32a9 : 00020437;
32aa : 00050663;
32ab : A6DFF0EF;
32ac : 94A42A23;
32ad : 95442583;
32ae : 0001D537;
32af : 88450513;
32b0 : A15FB0EF;
32b1 : FA9FF06F;
32b2 : 0001D537;
32b3 : 00021437;
32b4 : 8A450513;
32b5 : E0840413;
32b6 : 9FDFB0EF;
32b7 : 3C040493;
32b8 : 3E800913;
32b9 : 0001D9B7;
32ba : 00042783;
32bb : 02078263;
32bc : 02842683;
32bd : 02C42703;
32be : 02442603;
32bf : 0326D6B3;
32c0 : 02042583;
32c1 : 00440793;
32c2 : 8D498513;
32c3 : 9C9FB0EF;
32c4 : 03040413;
32c5 : FC941AE3;
32c6 : F55FF06F;
32c7 : 0001B5B7;
32c8 : 0001D537;
32c9 : FF010113;
32ca : 001007B7;
32cb : EDC58593;
32cc : 8F450513;
32cd : 00112623;
32ce : 00812423;
32cf : 40C7A403;
32d0 : 995FB0EF;
32d1 : 0001D537;
32d2 : 92850513;
32d3 : 989FB0EF;
32d4 : 00F47413;
32d5 : 000016B7;
32d6 : 0001D5B7;
32d7 : 0001D537;
32d8 : 00140413;
32d9 : 80068693;
32da : 0C000613;
32db : 94458593;
32dc : 94C50513;
32dd : 961FB0EF;
32de : 00441413;
32df : F4040713;
32e0 : 00F00793;
32e1 : 00E7FC63;
32e2 : 0001D537;
32e3 : 01040613;
32e4 : 00040593;
32e5 : 97850513;
32e6 : 93DFB0EF;
32e7 : 00C12083;
32e8 : 00812403;
32e9 : 00000513;
32ea : 01010113;
32eb : 00008067;
32ec : FE010113;
32ed : 0001D537;
32ee : 00912A23;
32ef : 9A450513;
32f0 : 000214B7;
32f1 : 00812C23;
32f2 : 01212823;
32f3 : 01312623;
32f4 : 00112E23;
32f5 : 00000413;
32f6 : 8FDFB0EF;
32f7 : 00020937;
32f8 : 23448493;
32f9 : 0001D9B7;
32fa : 94092783;
32fb : 02F44263;
32fc : 01C12083;
32fd : 01812403;
32fe : 01412483;
32ff : 01012903;
3300 : 00C12983;
3301 : 00000513;
3302 : 02010113;
3303 : 00008067;
3304 : 00241793;
3305 : 00F487B3;
3306 : 0007A783;
3307 : 24C98513;
3308 : 00140413;
3309 : 0007A583;
330a : 8ADFB0EF;
330b : FBDFF06F;
330c : 00062683;
330d : FE010113;
330e : 00812C23;
330f : 00912A23;
3310 : 01212823;
3311 : 00112E23;
3312 : 01312623;
3313 : 00050413;
3314 : 00058493;
3315 : 00060913;
3316 : 02068863;
3317 : 00000513;
3318 : 00251793;
3319 : 00F407B3;
331a : 0007A783;
331b : 00068713;
331c : 0007C583;
331d : 00074603;
331e : 04058A63;
331f : 04C58263;
3320 : 00150513;
3321 : FCA49EE3;
3322 : 0001D537;
3323 : 9BC50513;
3324 : 00249493;
3325 : 841FB0EF;
3326 : 009404B3;
3327 : 0001D9B7;
3328 : 00042603;
3329 : FFC92583;
332a : 9C498513;
332b : 00440413;
332c : 825FB0EF;
332d : FE9416E3;
332e : FFF00513;
332f : 0140006F;
3330 : 00178793;
3331 : 00170713;
3332 : FA9FF06F;
3333 : FA061AE3;
3334 : 01C12083;
3335 : 01812403;
3336 : 01412483;
3337 : 01012903;
3338 : 00C12983;
3339 : 02010113;
333a : 00008067;
333b : FF010113;
333c : 00112623;
333d : 00812423;
333e : 02B00613;
333f : 0005DC63;
3340 : 00A03733;
3341 : 40B007B3;
3342 : 40E785B3;
3343 : 40A00533;
3344 : 02D00613;
3345 : 0001F7B7;
3346 : 41E5D693;
3347 : 00259593;
3348 : 2A47AE83;
3349 : 0025D593;
334a : 03E00F13;
334b : 00000813;
334c : 20000E37;
334d : D3B208B7;
334e : 00000713;
334f : 00000793;
3350 : 01057333;
3351 : 01C5FFB3;
3352 : 01F36333;
3353 : 00030C63;
3354 : 01170333;
3355 : 00E33FB3;
3356 : 01D787B3;
3357 : 00030713;
3358 : 00FF87B3;
3359 : 01FE9313;
335a : 0018D893;
335b : 011368B3;
335c : 00185813;
335d : 01FE1313;
335e : FFFF0F13;
335f : 001EDE93;
3360 : 01036833;
3361 : 001E5E13;
3362 : FA0F1CE3;
3363 : 00021437;
3364 : 2D440413;
3365 : 0001D5B7;
3366 : 00040513;
3367 : 9CC58593;
3368 : EA0FB0EF;
3369 : 00C12083;
336a : 00040513;
336b : 00812403;
336c : 01010113;
336d : 00008067;
336e : 800007B7;
336f : FFF7C793;
3370 : FF010113;
3371 : 00A03733;
3372 : 00F58633;
3373 : 00112623;
3374 : 00812423;
3375 : 00C70733;
3376 : 08E7E263;
3377 : 00F71863;
3378 : FFF50693;
3379 : FFE00793;
337a : 06D7EA63;
337b : 00A037B3;
337c : 40B00733;
337d : 40F705B3;
337e : 40A00533;
337f : 02D00613;
3380 : 02050693;
3381 : 01069713;
3382 : 01075713;
3383 : 3E800813;
3384 : 02E80833;
3385 : 00A6B533;
3386 : 00B507B3;
3387 : 00021437;
3388 : 2D440413;
3389 : 01079713;
338a : 0106D693;
338b : 0001D5B7;
338c : 00040513;
338d : 00D76733;
338e : 01085813;
338f : 4107D793;
3390 : 9DC58593;
3391 : DFCFB0EF;
3392 : 00C12083;
3393 : 00040513;
3394 : 00812403;
3395 : 01010113;
3396 : 00008067;
3397 : 02000613;
3398 : FA1FF06F;
3399 : 00452783;
339a : FF010113;
339b : 00112623;
339c : 00812423;
339d : 00052683;
339e : 00852803;
339f : 00C52703;
33a0 : 0007C863;
33a1 : 00F6E7B3;
33a2 : 08079263;
33a3 : 08075063;
33a4 : 01003633;
33a5 : 40E007B3;
33a6 : 40C78733;
33a7 : 0001D637;
33a8 : 41000833;
33a9 : 40D006B3;
33aa : A0460613;
33ab : 01081593;
33ac : 3E800793;
33ad : 0105D593;
33ae : 02F585B3;
33af : 000087B7;
33b0 : 00021437;
33b1 : 2D440413;
33b2 : 01085813;
33b3 : 01071713;
33b4 : 00040513;
33b5 : 01076733;
33b6 : 00F587B3;
33b7 : 00B7B5B3;
33b8 : 01059593;
33b9 : 0107D793;
33ba : 00F5E7B3;
33bb : 0001D5B7;
33bc : 9E858593;
33bd : D4CFB0EF;
33be : 00C12083;
33bf : 00040513;
33c0 : 00812403;
33c1 : 01010113;
33c2 : 00008067;
33c3 : 0001E637;
33c4 : E4060613;
33c5 : F99FF06F;
33c6 : 00052683;
33c7 : 00452783;
33c8 : F7010113;
33c9 : 08812423;
33ca : 08112623;
33cb : 00F6E6B3;
33cc : 00058413;
33cd : 04068C63;
33ce : 4187D793;
33cf : 0C07F793;
33d0 : 08000713;
33d1 : 02E79E63;
33d2 : 0001D5B7;
33d3 : 9F858593;
33d4 : 00010513;
33d5 : CECFB0EF;
33d6 : 00010613;
33d7 : 0001D5B7;
33d8 : A0858593;
33d9 : 00040513;
33da : CD8FB0EF;
33db : 08C12083;
33dc : 00040513;
33dd : 08812403;
33de : 09010113;
33df : 00008067;
33e0 : EE5FF0EF;
33e1 : 00050613;
33e2 : FD5FF06F;
33e3 : 00050713;
33e4 : 00C72583;
33e5 : 00852503;
33e6 : E21FF0EF;
33e7 : 0001D5B7;
33e8 : 00050613;
33e9 : A1058593;
33ea : FBDFF06F;
33eb : FF010113;
33ec : 00812423;
33ed : 00912223;
33ee : 00100793;
33ef : 00050493;
33f0 : 00020437;
33f1 : 01212023;
33f2 : 00112623;
33f3 : 8EF41A23;
33f4 : BE8F80EF;
33f5 : 0004A903;
33f6 : 08090463;
33f7 : 0001D5B7;
33f8 : A1858593;
33f9 : 00090513;
33fa : BB4FF0EF;
33fb : 06050A63;
33fc : 0001D5B7;
33fd : A1C58593;
33fe : 00090513;
33ff : BA0FF0EF;
3400 : 08051A63;
3401 : 0044A503;
3402 : 08050663;
3403 : D0CFF0EF;
3404 : 000017B7;
3405 : FFF50713;
3406 : FFE78793;
3407 : 00050593;
3408 : 02E7FA63;
3409 : 0044A603;
340a : 0001D537;
340b : A2050513;
340c : CA4FB0EF;
340d : FEA00793;
340e : 00C12083;
340f : 00812403;
3410 : 00412483;
3411 : 00012903;
3412 : 00078513;
3413 : 01010113;
3414 : 00008067;
3415 : 0001F7B7;
3416 : 52A79323;
3417 : BC8F80EF;
3418 : 0001F7B7;
3419 : 5267D603;
341a : 0001D537;
341b : A3C50513;
341c : 00060593;
341d : C60FB0EF;
341e : 8F445783;
341f : 00001737;
3420 : 00E7E7B3;
3421 : 8EF41A23;
3422 : B30F80EF;
3423 : 00000793;
3424 : FA9FF06F;
3425 : 0001D5B7;
3426 : A3858593;
3427 : 00090513;
3428 : AFCFF0EF;
3429 : FEA00793;
342a : F80518E3;
342b : 0001F7B7;
342c : 52079323;
342d : FA9FF06F;
342e : FD010113;
342f : 02912223;
3430 : 00050613;
3431 : 00050493;
3432 : 0001B537;
3433 : 00500593;
3434 : 6D850513;
3435 : 02112623;
3436 : 02812423;
3437 : B55FF0EF;
3438 : 00400793;
3439 : 08A7E863;
343a : 0001B737;
343b : 00251793;
343c : 66470713;
343d : 00E787B3;
343e : 0007A783;
343f : 00050413;
3440 : 00078067;
3441 : 0001D537;
3442 : A5850513;
3443 : BC8FB0EF;
3444 : 000207B7;
3445 : 9B878793;
3446 : 1C07A423;
3447 : 1C07A223;
3448 : 02C12083;
3449 : 00040513;
344a : 02812403;
344b : 02412483;
344c : 03010113;
344d : 00008067;
344e : 0044A503;
344f : 00020437;
3450 : 9B840413;
3451 : 02050C63;
3452 : BD0FF0EF;
3453 : 00050593;
3454 : 00A12623;
3455 : 0001D537;
3456 : A7850513;
3457 : B78FB0EF;
3458 : 00C12583;
3459 : 00000513;
345a : 9B5F60EF;
345b : 00100793;
345c : 1CF42223;
345d : 00000413;
345e : FA9FF06F;
345f : 0001D537;
3460 : AA450513;
3461 : B50FB0EF;
3462 : FE5FF06F;
3463 : 0001D537;
3464 : AC050513;
3465 : B40FB0EF;
3466 : 000207B7;
3467 : 9B878793;
3468 : 00100713;
3469 : 1CE7A423;
346a : FCDFF06F;
346b : 0044A503;
346c : FFF00413;
346d : F60506E3;
346e : B60FF0EF;
346f : 00050413;
3470 : 00050593;
3471 : 0001D537;
3472 : ADC50513;
3473 : B08FB0EF;
3474 : 00040513;
3475 : F31F60EF;
3476 : F9DFF06F;
3477 : 01C10513;
3478 : DF4F60EF;
3479 : 000205B7;
347a : 9B858593;
347b : 4105A603;
347c : 01C12803;
347d : 4145A683;
347e : 42C5A703;
347f : 4285A783;
3480 : 4185A883;
3481 : 0001D537;
3482 : 00000593;
3483 : AF050513;
3484 : AC4FB0EF;
3485 : F61FF06F;
3486 : FE010113;
3487 : 00812C23;
3488 : 00050613;
3489 : 00050413;
348a : 0001B537;
348b : 00400593;
348c : 6EC50513;
348d : 00112E23;
348e : 00912A23;
348f : 9F5FF0EF;
3490 : 00200793;
3491 : 0EF50C63;
3492 : 02A7C063;
3493 : 00100793;
3494 : 08A7FA63;
3495 : 01C12083;
3496 : 01812403;
3497 : 01412483;
3498 : 02010113;
3499 : 00008067;
349a : 00300793;
349b : FEF514E3;
349c : 000207B7;
349d : 3B07A583;
349e : 0001D537;
349f : B7450513;
34a0 : A54FB0EF;
34a1 : 000207B7;
34a2 : 2907A783;
34a3 : 00100513;
34a4 : 10078063;
34a5 : 0001D4B7;
34a6 : E69F50EF;
34a7 : 00050413;
34a8 : 06050863;
34a9 : 00842503;
34aa : 00C42583;
34ab : 02040FA3;
34ac : 0790C0EF;
34ad : 01442583;
34ae : 00A12623;
34af : 01042503;
34b0 : 0690C0EF;
34b1 : 00C12603;
34b2 : 02042583;
34b3 : 00050693;
34b4 : 02C40713;
34b5 : B9048513;
34b6 : 9FCFB0EF;
34b7 : 00000513;
34b8 : FB9FF06F;
34b9 : 0001D537;
34ba : B2C50513;
34bb : 9E8FB0EF;
34bc : 00442503;
34bd : 02051263;
34be : 0001D537;
34bf : B4050513;
34c0 : 9D4FB0EF;
34c1 : 00000593;
34c2 : 00000513;
34c3 : BB8FB0EF;
34c4 : 00000513;
34c5 : F41FF06F;
34c6 : A00FF0EF;
34c7 : 00050593;
34c8 : 00050413;
34c9 : 0001D537;
34ca : B5450513;
34cb : 9A8FB0EF;
34cc : 00100593;
34cd : 00040513;
34ce : FD5FF06F;
34cf : 0001D537;
34d0 : B6450513;
34d1 : 990FB0EF;
34d2 : 00442503;
34d3 : 02051063;
34d4 : 0001D537;
34d5 : B4050513;
34d6 : 97CFB0EF;
34d7 : 00000593;
34d8 : 00000513;
34d9 : EB8F60EF;
34da : FA9FF06F;
34db : 9ACFF0EF;
34dc : 00050593;
34dd : 00050413;
34de : 0001D537;
34df : B5450513;
34e0 : 954FB0EF;
34e1 : 00100593;
34e2 : 00040513;
34e3 : FD9FF06F;
34e4 : 0001D537;
34e5 : B8450513;
34e6 : 93CFB0EF;
34e7 : F75FF06F;
34e8 : 00052783;
34e9 : FE010113;
34ea : 00112E23;
34eb : 00812C23;
34ec : 00912A23;
34ed : 01212823;
34ee : 04079C63;
34ef : 00C10513;
34f0 : 930F60EF;
34f1 : 00050413;
34f2 : 02051863;
34f3 : 00C12583;
34f4 : 0001D537;
34f5 : BB450513;
34f6 : 8FCFB0EF;
34f7 : 01C12083;
34f8 : 00040513;
34f9 : 01812403;
34fa : 01412483;
34fb : 01012903;
34fc : 02010113;
34fd : 00008067;
34fe : 0001D537;
34ff : BDC50513;
3500 : 8D4FB0EF;
3501 : E1DFB0EF;
3502 : 00050413;
3503 : FD1FF06F;
3504 : 00050613;
3505 : 00050493;
3506 : 0001B537;
3507 : 00300593;
3508 : 6FC50513;
3509 : 80DFF0EF;
350a : 00100793;
350b : 00050413;
350c : 00F50A63;
350d : 00200793;
350e : 00F50C63;
350f : FA0510E3;
3510 : FC5FF06F;
3511 : B88FA0EF;
3512 : 00000413;
3513 : F91FF06F;
3514 : 0044A783;
3515 : 0084A503;
3516 : 0007C603;
3517 : 0017C703;
3518 : 0027C403;
3519 : 01861613;
351a : 01071713;
351b : 00E66633;
351c : 0037C703;
351d : 00841413;
351e : 00E66633;
351f : 00C46433;
3520 : 898FF0EF;
3521 : 0044A583;
3522 : 00050913;
3523 : 00050693;
3524 : 0001D537;
3525 : 00040613;
3526 : C0450513;
3527 : 838FB0EF;
3528 : 00090593;
3529 : 00040513;
352a : C2CFA0EF;
352b : F9DFF06F;
352c : F9010113;
352d : 06912223;
352e : 0001B4B7;
352f : 05312E23;
3530 : 00050993;
3531 : 6C848513;
3532 : 00098613;
3533 : 00A00593;
3534 : 04050513;
3535 : 07212023;
3536 : 05412C23;
3537 : 06112623;
3538 : 06812423;
3539 : 05512A23;
353a : F48FF0EF;
353b : 00050A13;
353c : 00100913;
353d : 6C848493;
353e : 00291413;
353f : 008987B3;
3540 : 0007A503;
3541 : 02051C63;
3542 : FFF90913;
3543 : 500A4C63;
3544 : 014487B3;
3545 : 0687C783;
3546 : 51279663;
3547 : 00900793;
3548 : 1F47EE63;
3549 : 0001B6B7;
354a : 002A1713;
354b : 67868693;
354c : 00D70733;
354d : 00072783;
354e : 00078067;
354f : FDDFE0EF;
3550 : 03010793;
3551 : 00878433;
3552 : 00A42023;
3553 : 00190913;
3554 : FA9FF06F;
3555 : 03412403;
3556 : 03C12603;
3557 : 00600513;
3558 : 00040593;
3559 : 02C12623;
355a : A21F60EF;
355b : 02C12603;
355c : 03812583;
355d : 00040513;
355e : EA0F60EF;
355f : 06C12083;
3560 : 06812403;
3561 : 06412483;
3562 : 06012903;
3563 : 05C12983;
3564 : 05412A83;
3565 : 000A0513;
3566 : 05812A03;
3567 : 07010113;
3568 : 00008067;
3569 : 03412703;
356a : 00071E63;
356b : D8CF80EF;
356c : 00050593;
356d : 0001F537;
356e : EC850513;
356f : F19FA0EF;
3570 : 15C0006F;
3571 : 000207B7;
3572 : 9B878793;
3573 : 0047A603;
3574 : 00800693;
3575 : 00000593;
3576 : FCD61EE3;
3577 : FFF70713;
3578 : 11800693;
3579 : 02D70733;
357a : 00E787B3;
357b : 2687A583;
357c : 00B035B3;
357d : FC1FF06F;
357e : 00020437;
357f : 9B840793;
3580 : 0047A783;
3581 : 00A00713;
3582 : 9B840413;
3583 : 10F76C63;
3584 : 00279793;
3585 : 00F484B3;
3586 : 0744A603;
3587 : 00020937;
3588 : 000209B7;
3589 : 00042583;
358a : 8A994703;
358b : 8AA9C683;
358c : 0001D537;
358d : C4050513;
358e : E9DFA0EF;
358f : 00042783;
3590 : 0AF05A63;
3591 : 00C42883;
3592 : 10C42803;
3593 : 06442783;
3594 : 1A442703;
3595 : 0A842683;
3596 : 0C442603;
3597 : 01042583;
3598 : 04042503;
3599 : 00A12A23;
359a : 03842503;
359b : 00A12823;
359c : 03C42503;
359d : 00A12623;
359e : 01842503;
359f : 00A12423;
35a0 : 01442503;
35a1 : 00A12223;
35a2 : 1AC42503;
35a3 : 00A12023;
35a4 : 0001D537;
35a5 : C6C50513;
35a6 : E3DFA0EF;
35a7 : 1D442803;
35a8 : 1D842783;
35a9 : 0B442703;
35aa : 0E842683;
35ab : 0E042603;
35ac : 0E442583;
35ad : 0001D537;
35ae : CE450513;
35af : E19FA0EF;
35b0 : 17042783;
35b1 : 02078263;
35b2 : 17042703;
35b3 : 17042783;
35b4 : 0001D537;
35b5 : 00472583;
35b6 : 0007A603;
35b7 : D4450513;
35b8 : 00158593;
35b9 : DF1FA0EF;
35ba : 0001E537;
35bb : CC450513;
35bc : DE5FA0EF;
35bd : 00100493;
35be : 11800A13;
35bf : 0001DAB7;
35c0 : 8A994783;
35c1 : 02F4C663;
35c2 : 00000493;
35c3 : 0001D937;
35c4 : 8AA9C783;
35c5 : 02440413;
35c6 : 04F4CA63;
35c7 : 00000A13;
35c8 : E5DFF06F;
35c9 : 0001D637;
35ca : C3460613;
35cb : EF1FF06F;
35cc : FFF48593;
35cd : 03458533;
35ce : 00148493;
35cf : 00A40533;
35d0 : 1E852603;
35d1 : 1E452683;
35d2 : 2D852703;
35d3 : 2BC52783;
35d4 : 2D052803;
35d5 : 22052883;
35d6 : 22452503;
35d7 : 00A12023;
35d8 : D58A8513;
35d9 : D71FA0EF;
35da : F99FF06F;
35db : 3EC42603;
35dc : 40442703;
35dd : 3F442683;
35de : 00048593;
35df : 00C03633;
35e0 : D9C90513;
35e1 : D51FA0EF;
35e2 : 00148493;
35e3 : F85FF06F;
35e4 : 03412503;
35e5 : FFF00793;
35e6 : 03812583;
35e7 : 02F51063;
35e8 : 00000513;
35e9 : 02B12623;
35ea : B74F60EF;
35eb : 02C12583;
35ec : 00058513;
35ed : BD4F60EF;
35ee : F65FF06F;
35ef : B60F60EF;
35f0 : F5DFF06F;
35f1 : 03412783;
35f2 : 06078863;
35f3 : 11800713;
35f4 : FFF78793;
35f5 : 02E787B3;
35f6 : 00020737;
35f7 : 9B870713;
35f8 : 1F078793;
35f9 : 00E787B3;
35fa : 0D47A703;
35fb : 0D07A683;
35fc : 000027B7;
35fd : F4078593;
35fe : 00169693;
35ff : 00171793;
3600 : 02B68633;
3601 : 0001D537;
3602 : DD050513;
3603 : 02B78733;
3604 : 00E65613;
3605 : 02B696B3;
3606 : 02B797B3;
3607 : 01269693;
3608 : 00E75593;
3609 : 00C6E633;
360a : 01279793;
360b : 00B7E5B3;
360c : CA5FA0EF;
360d : EE9FF06F;
360e : 000207B7;
360f : A9078793;
3610 : FA9FF06F;
3611 : 00020537;
3612 : 9B850513;
3613 : 00452683;
3614 : 00800713;
3615 : 03412783;
3616 : ECE692E3;
3617 : EC0780E3;
3618 : 11800713;
3619 : FFF78793;
361a : 02E787B3;
361b : 1F078793;
361c : 00F50533;
361d : 8E5F60EF;
361e : EA5FF06F;
361f : 03412403;
3620 : E8040EE3;
3621 : FFF40793;
3622 : 11800713;
3623 : 02E787B3;
3624 : 00020437;
3625 : 9B840413;
3626 : 00000593;
3627 : 00F40433;
3628 : 2CC42503;
3629 : F2CF60EF;
362a : 2C042C23;
362b : E71FF06F;
362c : 03412A03;
362d : 000207B7;
362e : 03812703;
362f : 9B878793;
3630 : 000A5A63;
3631 : 06E7A223;
3632 : 001007B7;
3633 : 24E7A023;
3634 : E4DFF06F;
3635 : 0F000637;
3636 : 018A1693;
3637 : 00C6F6B3;
3638 : 01071613;
3639 : 01065613;
363a : 00C6E6B3;
363b : 00100637;
363c : 24D62223;
363d : 000A1663;
363e : 10E7A623;
363f : C81FF06F;
3640 : FFFA0513;
3641 : 11800693;
3642 : 02D50533;
3643 : 00A787B3;
3644 : 22E7A223;
3645 : E09FF06F;
3646 : 03412703;
3647 : 000207B7;
3648 : 9B878793;
3649 : 00075663;
364a : 0647A583;
364b : C89FF06F;
364c : 00071663;
364d : 10C7A583;
364e : C7DFF06F;
364f : FFF70713;
3650 : 11800693;
3651 : 02D70733;
3652 : 00E787B3;
3653 : 2247A583;
3654 : C65FF06F;
3655 : 000017B7;
3656 : 03412703;
3657 : 03C12583;
3658 : 04012603;
3659 : 04412683;
365a : 80078793;
365b : 3047B7F3;
365c : 300477F3;
365d : FFF00793;
365e : 00F70E63;
365f : 02070863;
3660 : 000017B7;
3661 : 80078793;
3662 : 3047A7F3;
3663 : 300467F3;
3664 : D8DFF06F;
3665 : 000207B7;
3666 : 9B878793;
3667 : 02B7AE23;
3668 : 02C7AC23;
3669 : 04D7A023;
366a : FD9FF06F;
366b : 00020737;
366c : 9B870793;
366d : 1707A503;
366e : 9B870713;
366f : 04050C63;
3670 : 1707A803;
3671 : 03812503;
3672 : 00082803;
3673 : 05055463;
3674 : 1707A703;
3675 : 00451813;
3676 : 01070733;
3677 : 00C72623;
3678 : 1707A703;
3679 : 01070733;
367a : 00B72423;
367b : 1707A703;
367c : 01070733;
367d : 00D72823;
367e : 1707A703;
367f : 00472703;
3680 : F8E510E3;
3681 : 0EB7A223;
3682 : 0EC7A023;
3683 : 0ED7A423;
3684 : F71FF06F;
3685 : 0EB72223;
3686 : 0EC72023;
3687 : 0ED72423;
3688 : F61FF06F;
3689 : FEA00A13;
368a : B55FF06F;
368b : FF010113;
368c : 00912223;
368d : 00052483;
368e : 00112623;
368f : 00812423;
3690 : 04049863;
3691 : 0001F7B7;
3692 : 64C7A403;
3693 : 00143713;
3694 : 64E7A623;
3695 : 0001F737;
3696 : 65472783;
3697 : FFF78793;
3698 : 64F72A23;
3699 : 00040A63;
369a : 0001D537;
369b : DD850513;
369c : A65FA0EF;
369d : 00000413;
369e : 00C12083;
369f : 00040513;
36a0 : 00812403;
36a1 : 00412483;
36a2 : 01010113;
36a3 : 00008067;
36a4 : 0001D5B7;
36a5 : DEC58593;
36a6 : 00048513;
36a7 : 901FE0EF;
36a8 : 00050413;
36a9 : 00051E63;
36aa : D84F50EF;
36ab : 00050593;
36ac : 0001D537;
36ad : DF050513;
36ae : A1DFA0EF;
36af : FBDFF06F;
36b0 : 0001E5B7;
36b1 : 58C58593;
36b2 : 00048513;
36b3 : 8D1FE0EF;
36b4 : 00050413;
36b5 : 02051263;
36b6 : 0001F7B7;
36b7 : 00100713;
36b8 : 64E7A623;
36b9 : 0001F737;
36ba : 65472783;
36bb : FFF78793;
36bc : 64F72A23;
36bd : F85FF06F;
36be : 0001D5B7;
36bf : A3858593;
36c0 : 00048513;
36c1 : 899FE0EF;
36c2 : 00050413;
36c3 : 00051E63;
36c4 : 0001D537;
36c5 : 0001F7B7;
36c6 : DD850513;
36c7 : 6407A623;
36c8 : 9B5FA0EF;
36c9 : F55FF06F;
36ca : 0001E5B7;
36cb : 2C858593;
36cc : 00048513;
36cd : 869FE0EF;
36ce : 00050413;
36cf : 00051863;
36d0 : 0001F7B7;
36d1 : FFF00713;
36d2 : F99FF06F;
36d3 : FEA00413;
36d4 : F29FF06F;
36d5 : FB010113;
36d6 : 001007B7;
36d7 : 03512A23;
36d8 : 4247AA83;
36d9 : 05212023;
36da : 00010937;
36db : FFF90913;
36dc : 03412C23;
36dd : 012AFAB3;
36de : 0001FA37;
36df : 6B5A2823;
36e0 : 03312E23;
36e1 : 4247A983;
36e2 : 0001F737;
36e3 : 04812423;
36e4 : 0109D993;
36e5 : 6B372623;
36e6 : 00052403;
36e7 : 03612823;
36e8 : 03712623;
36e9 : 4207AB03;
36ea : 4207AB83;
36eb : 04112623;
36ec : 04912223;
36ed : 04041E63;
36ee : 0001D537;
36ef : DF850513;
36f0 : 915FA0EF;
36f1 : 0001D537;
36f2 : 00098713;
36f3 : 000A8693;
36f4 : 012BF633;
36f5 : 010B5593;
36f6 : E1050513;
36f7 : 8F9FA0EF;
36f8 : 04C12083;
36f9 : 00040513;
36fa : 04812403;
36fb : 04412483;
36fc : 04012903;
36fd : 03C12983;
36fe : 03812A03;
36ff : 03412A83;
3700 : 03012B03;
3701 : 02C12B83;
3702 : 05010113;
3703 : 00008067;
3704 : 0001D5B7;
3705 : 00050493;
3706 : E3C58593;
3707 : 00040513;
3708 : F7CFE0EF;
3709 : 00050913;
370a : 06051A63;
370b : 00000493;
370c : 00000413;
370d : 0001DA37;
370e : 02C0006F;
370f : 01C10613;
3710 : 00100593;
3711 : 00048513;
3712 : 8D9FB0EF;
3713 : 01C12603;
3714 : 00048593;
3715 : 00050413;
3716 : E40A0513;
3717 : 879FA0EF;
3718 : 00148493;
3719 : FD349CE3;
371a : 0001D4B7;
371b : F7590AE3;
371c : 01C10613;
371d : 00000593;
371e : 00090513;
371f : 8A5FB0EF;
3720 : 01C12603;
3721 : 00090593;
3722 : 00050413;
3723 : E5848513;
3724 : 845FA0EF;
3725 : 00190913;
3726 : FD5FF06F;
3727 : 0001D5B7;
3728 : E7058593;
3729 : 00040513;
372a : EF4FE0EF;
372b : 04051063;
372c : 0044A503;
372d : 02050C63;
372e : 861FE0EF;
372f : 00050493;
3730 : 01C10613;
3731 : 00100593;
3732 : 859FB0EF;
3733 : 00050413;
3734 : F00518E3;
3735 : 01C12603;
3736 : 0001D537;
3737 : 00048593;
3738 : E7450513;
3739 : FF0FA0EF;
373a : EF9FF06F;
373b : 0001D5B7;
373c : E8858593;
373d : 00040513;
373e : EA4FE0EF;
373f : 02051063;
3740 : 0044A503;
3741 : 00050C63;
3742 : 811FE0EF;
3743 : 00050493;
3744 : 01C10613;
3745 : 00000593;
3746 : FB1FF06F;
3747 : 0001D5B7;
3748 : 00040513;
3749 : E8C58593;
374a : E74FE0EF;
374b : 00050413;
374c : 00050663;
374d : FEA00413;
374e : EA9FF06F;
374f : 0044A503;
3750 : FE050AE3;
3751 : 0084A783;
3752 : FE0786E3;
3753 : FCCFE0EF;
3754 : 00A12623;
3755 : 0084A503;
3756 : FC0FE0EF;
3757 : 6B0A2783;
3758 : 00C12603;
3759 : 00A12E23;
375a : 00050593;
375b : FCF674E3;
375c : 01061713;
375d : 001007B7;
375e : 01075713;
375f : 800006B7;
3760 : 42A7A623;
3761 : 00D76733;
3762 : 0001D537;
3763 : 42E7A423;
3764 : E9050513;
3765 : F51FF06F;
3766 : 000207B7;
3767 : 9617C703;
3768 : 000207B7;
3769 : 9447A603;
376a : 0001F7B7;
376b : 6787A583;
376c : 00100693;
376d : C18F906F;
376e : 000207B7;
376f : 93C7A783;
3770 : 00020737;
3771 : 93872703;
3772 : 000206B7;
3773 : 9506A583;
3774 : 00001637;
3775 : 000206B7;
3776 : F0060613;
3777 : 94C6A683;
3778 : 00879793;
3779 : 00C7F7B3;
377a : 00C71713;
377b : 0000F637;
377c : 00C77733;
377d : 00E7E7B3;
377e : 01869713;
377f : 00E7E7B3;
3780 : 01059593;
3781 : 00FF0737;
3782 : 00E5F5B3;
3783 : 00B7E7B3;
3784 : 0001F737;
3785 : 5CF72223;
3786 : 0001F737;
3787 : 5C872583;
3788 : 01000513;
3789 : 00B7E5B3;
378a : C94F706F;
378b : FB010113;
378c : 03412C23;
378d : 00020A37;
378e : 949A4783;
378f : 03312E23;
3790 : 04112623;
3791 : 04812423;
3792 : 04912223;
3793 : 05212023;
3794 : 03512A23;
3795 : 03612823;
3796 : 03712623;
3797 : 03812423;
3798 : 03912223;
3799 : 03A12023;
379a : 01B12E23;
379b : 00050993;
379c : 00078663;
379d : 00800513;
379e : F21FF0EF;
379f : 00600513;
37a0 : C80F90EF;
37a1 : 0009A783;
37a2 : 00000913;
37a3 : 10078A63;
37a4 : 0001BAB7;
37a5 : 6C8A8A93;
37a6 : 00018B37;
37a7 : 100A8C93;
37a8 : 2CCB0B13;
37a9 : 00020BB7;
37aa : 00020C37;
37ab : 00291D93;
37ac : 01B98DB3;
37ad : 000DA483;
37ae : 14048063;
37af : 0A0A8413;
37b0 : 00042583;
37b1 : 00048513;
37b2 : CD4FE0EF;
37b3 : 00050D13;
37b4 : 12051863;
37b5 : 00842483;
37b6 : FFF00793;
37b7 : 00F49C63;
37b8 : 004DA503;
37b9 : 00190913;
37ba : 00050663;
37bb : E2CFE0EF;
37bc : 00050493;
37bd : 00442783;
37be : 05679063;
37bf : 00200793;
37c0 : 02F49C63;
37c1 : 949A4783;
37c2 : 00078663;
37c3 : 00900513;
37c4 : E89FF0EF;
37c5 : 00700513;
37c6 : BE8F90EF;
37c7 : 950BA783;
37c8 : 00100D13;
37c9 : 00178793;
37ca : 94FBA823;
37cb : E8DFF0EF;
37cc : 00800513;
37cd : BCCF90EF;
37ce : 00442783;
37cf : 00048513;
37d0 : 000780E7;
37d1 : 000D0E63;
37d2 : 94CC2783;
37d3 : 00A12623;
37d4 : 00178793;
37d5 : 94FC2623;
37d6 : E61FF0EF;
37d7 : 00C12503;
37d8 : 0C055063;
37d9 : 04C12083;
37da : 04812403;
37db : 04412483;
37dc : 04012903;
37dd : 03C12983;
37de : 03812A03;
37df : 03412A83;
37e0 : 03012B03;
37e1 : 02C12B83;
37e2 : 02812C03;
37e3 : 02412C83;
37e4 : 02012D03;
37e5 : 01C12D83;
37e6 : 05010113;
37e7 : 00008067;
37e8 : 0001F737;
37e9 : 68C74683;
37ea : 00020737;
37eb : F7872703;
37ec : 00020637;
37ed : 94864603;
37ee : 0001B7B7;
37ef : 6C878793;
37f0 : 00271713;
37f1 : 00269693;
37f2 : 00D786B3;
37f3 : 00E787B3;
37f4 : 0001F737;
37f5 : 00261613;
37f6 : 3D870713;
37f7 : 00C70733;
37f8 : 1006A683;
37f9 : 1147A603;
37fa : 00072583;
37fb : 0001D537;
37fc : EB850513;
37fd : CE0FA0EF;
37fe : 00000513;
37ff : F69FF06F;
3800 : 00C40413;
3801 : EB941EE3;
3802 : 0001D537;
3803 : 00048593;
3804 : EC450513;
3805 : CC0FA0EF;
3806 : FEA00513;
3807 : F49FF06F;
3808 : 00190913;
3809 : E89FF06F;
380a : 00C52783;
380b : FF010113;
380c : 00812423;
380d : 00112623;
380e : 00050413;
380f : 02078463;
3810 : 0000F637;
3811 : A6060613;
3812 : 00700593;
3813 : 5980B0EF;
3814 : 00700593;
3815 : 00040513;
3816 : 30D0A0EF;
3817 : 00A42423;
3818 : 0280006F;
3819 : 00700593;
381a : 3740B0EF;
381b : FE0502E3;
381c : FFF00613;
381d : 00700593;
381e : 00040513;
381f : 5680B0EF;
3820 : 00100793;
3821 : 00F42223;
3822 : 00C12083;
3823 : 00812403;
3824 : 00000513;
3825 : 01010113;
3826 : 00008067;
3827 : 0001B7B7;
3828 : 00259713;
3829 : 6C878793;
382a : FF010113;
382b : 00E787B3;
382c : 01212023;
382d : 1207A903;
382e : 00912223;
382f : 17C52483;
3830 : 0001D6B7;
3831 : 00812423;
3832 : 00090713;
3833 : 00058413;
3834 : EE068693;
3835 : 00100613;
3836 : 00400593;
3837 : 00112623;
3838 : 3990A0EF;
3839 : 068480A3;
383a : 00C12083;
383b : 00812403;
383c : 0724A223;
383d : 00412483;
383e : 00012903;
383f : 01010113;
3840 : 00008067;
3841 : 17852783;
3842 : FD010113;
3843 : 02912223;
3844 : 0107A483;
3845 : 03212023;
3846 : 01312E23;
3847 : 0044A703;
3848 : 02112623;
3849 : 02812423;
384a : 01412C23;
384b : 00800793;
384c : 00058913;
384d : 00060993;
384e : 00E7EC63;
384f : 00052703;
3850 : 00100793;
3851 : 00F70663;
3852 : 34052703;
3853 : 00F70463;
3854 : 0004A223;
3855 : 0004A783;
3856 : 0044A703;
3857 : 0001B437;
3858 : 6C840413;
3859 : 40E78A33;
385a : 01403A33;
385b : 04E78063;
385c : 00271713;
385d : 00279793;
385e : 00E406B3;
385f : 00F40733;
3860 : 13872703;
3861 : 1386A783;
3862 : 0001D6B7;
3863 : EF068693;
3864 : 00200613;
3865 : 00200593;
3866 : 00A12623;
3867 : 2DD0A0EF;
3868 : 0044A783;
3869 : 00C12503;
386a : 00F4A023;
386b : 0004A783;
386c : 02C12083;
386d : 02412483;
386e : 00279793;
386f : 00F40433;
3870 : 15C42303;
3871 : 02812403;
3872 : 000A0693;
3873 : 00098613;
3874 : 01812A03;
3875 : 01C12983;
3876 : 00090593;
3877 : 02012903;
3878 : 03010113;
3879 : 00030067;
387a : 17852783;
387b : 0107A703;
387c : 03874783;
387d : 02078C63;
387e : FF010113;
387f : 00112623;
3880 : FFF78793;
3881 : 0001D6B7;
3882 : 02F70C23;
3883 : F1068693;
3884 : 00100613;
3885 : 00200593;
3886 : 2610A0EF;
3887 : 00C12083;
3888 : 00100513;
3889 : 01010113;
388a : 00008067;
388b : 00000513;
388c : 00008067;
388d : FF010113;
388e : 0001F737;
388f : 0001D6B7;
3890 : 00812423;
3891 : 3C470713;
3892 : 00050413;
3893 : F2468693;
3894 : 00000513;
3895 : 00200613;
3896 : 00200593;
3897 : 00112623;
3898 : 2190A0EF;
3899 : 17842783;
389a : 00300713;
389b : 00000513;
389c : 0107A783;
389d : 02E786A3;
389e : 00C12083;
389f : 00812403;
38a0 : 01010113;
38a1 : 00008067;
38a2 : FF010113;
38a3 : 0001C737;
38a4 : 0001D6B7;
38a5 : 00812423;
38a6 : 00058793;
38a7 : 00058413;
38a8 : 84870713;
38a9 : F3068693;
38aa : 00100613;
38ab : 00600593;
38ac : 00112623;
38ad : 1C50A0EF;
38ae : 04040063;
38af : 41F45693;
38b0 : 0076F793;
38b1 : 00878433;
38b2 : 00F437B3;
38b3 : 00100737;
38b4 : 00D787B3;
38b5 : 30072A23;
38b6 : 01D79793;
38b7 : 00345413;
38b8 : 30072C23;
38b9 : 0087E433;
38ba : 30872823;
38bb : 30072783;
38bc : 0047E793;
38bd : 30F72023;
38be : 00C12083;
38bf : 00812403;
38c0 : 00000513;
38c1 : 01010113;
38c2 : 00008067;
38c3 : FF010113;
38c4 : 00812423;
38c5 : 00912223;
38c6 : 00112623;
38c7 : 00050413;
38c8 : 00058493;
38c9 : 02060263;
38ca : 0001C737;
38cb : 0001D6B7;
38cc : 00060793;
38cd : 86070713;
38ce : F3C68693;
38cf : 00100613;
38d0 : 00600593;
38d1 : 1350A0EF;
38d2 : 00040513;
38d3 : 00812403;
38d4 : 00C12083;
38d5 : 00048593;
38d6 : 00412483;
38d7 : 01010113;
38d8 : F29FF06F;
38d9 : 08058663;
38da : 0045A703;
38db : 0005A783;
38dc : 0085A603;
38dd : 00C5A803;
38de : FF010113;
38df : 00112623;
38e0 : 001006B7;
38e1 : 30F6AA23;
38e2 : 0FF77713;
38e3 : 30E6AC23;
38e4 : 00D81593;
38e5 : 01365713;
38e6 : 00E5E733;
38e7 : 00371713;
38e8 : 00375713;
38e9 : 30E6A823;
38ea : 3006A703;
38eb : 01065613;
38ec : 01081813;
38ed : FF377713;
38ee : 00876713;
38ef : 30E6A023;
38f0 : 0001C737;
38f1 : 0001D6B7;
38f2 : 00C86833;
38f3 : 87470713;
38f4 : F6868693;
38f5 : 00100613;
38f6 : 00600593;
38f7 : 09D0A0EF;
38f8 : 00C12083;
38f9 : 00000513;
38fa : 01010113;
38fb : 00008067;
38fc : 00000513;
38fd : 00008067;
38fe : FE010113;
38ff : 00812C23;
3900 : 00912A23;
3901 : 00058413;
3902 : 00050493;
3903 : 00410593;
3904 : 00810513;
3905 : 00112E23;
3906 : DB9F60EF;
3907 : 00C12703;
3908 : 00412803;
3909 : 00812783;
390a : 00E42223;
390b : 01085713;
390c : 00E42623;
390d : 01081713;
390e : 00E42423;
390f : 00020737;
3910 : 91072703;
3911 : 00F42023;
3912 : 00177713;
3913 : 02071263;
3914 : 0001C737;
3915 : 0001D6B7;
3916 : 88470713;
3917 : F6868693;
3918 : 00200613;
3919 : 00600593;
391a : 00048513;
391b : 00D0A0EF;
391c : 01C12083;
391d : 01812403;
391e : 01412483;
391f : 00000513;
3920 : 02010113;
3921 : 00008067;
3922 : 0001B737;
3923 : 6C870693;
3924 : 1CC68693;
3925 : 00000793;
3926 : 00100813;
3927 : 6C870713;
3928 : 08000313;
3929 : 00600E13;
392a : 00C878B3;
392b : 02088A63;
392c : 0006D883;
392d : 011508B3;
392e : 00788883;
392f : 0C08F893;
3930 : 02689063;
3931 : 0005A683;
3932 : 00168613;
3933 : 00C5A023;
3934 : 00500613;
3935 : 02D64A63;
3936 : 00100513;
3937 : 00008067;
3938 : FFF84893;
3939 : 00178793;
393a : 01167633;
393b : 00181813;
393c : 01C78663;
393d : 00268693;
393e : FA0618E3;
393f : 0005A023;
3940 : 00000513;
3941 : 00008067;
3942 : 0001D6B7;
3943 : FF010113;
3944 : 00178793;
3945 : 1D870713;
3946 : F7868693;
3947 : 00100613;
3948 : 00400593;
3949 : 00112623;
394a : 7500A0EF;
394b : 00C12083;
394c : 00100513;
394d : 01010113;
394e : 00008067;
394f : 05052783;
3950 : 0005A603;
3951 : 00050713;
3952 : 0045D503;
3953 : 0095C683;
3954 : 00C78023;
3955 : 00855813;
3956 : 00851613;
3957 : 01066633;
3958 : 00000893;
3959 : 00000813;
395a : 00C79123;
395b : 0107A423;
395c : 0117A623;
395d : 00079323;
395e : 0085C603;
395f : 02C78023;
3960 : 00100613;
3961 : 02C68063;
3962 : 00200613;
3963 : 02C68263;
3964 : 02069663;
3965 : 17872703;
3966 : 00B70703;
3967 : 02E780A3;
3968 : 00008067;
3969 : 17872703;
396a : 00D70703;
396b : FF1FF06F;
396c : 17872703;
396d : 00A70703;
396e : FE5FF06F;
396f : 02D780A3;
3970 : 00008067;
3971 : FF010113;
3972 : 0025D783;
3973 : 01212023;
3974 : 0025D903;
3975 : 0087D793;
3976 : 0001C737;
3977 : 00891913;
3978 : 0001D6B7;
3979 : 00F96933;
397a : 00812423;
397b : 00912223;
397c : F2468693;
397d : 00058413;
397e : 00060493;
397f : 8C070713;
3980 : 00200613;
3981 : 00200593;
3982 : 00112623;
3983 : 01091913;
3984 : 6680A0EF;
3985 : 01095913;
3986 : 04D00793;
3987 : 00000693;
3988 : 1127F063;
3989 : 04045783;
398a : 04045703;
398b : 00879793;
398c : 00875713;
398d : 00E7E7B3;
398e : 01079793;
398f : 0107D793;
3990 : 00300713;
3991 : 0CE79E63;
3992 : 04645783;
3993 : 04645703;
3994 : 04445603;
3995 : 00879793;
3996 : 00875713;
3997 : 00E7E7B3;
3998 : 04445703;
3999 : 00865613;
399a : 01079793;
399b : 00871713;
399c : 00C76733;
399d : 01071713;
399e : 0107D793;
399f : 01075713;
39a0 : 0087D613;
39a1 : 00871713;
39a2 : 00E66733;
39a3 : 00080637;
39a4 : 03060613;
39a5 : 08C71663;
39a6 : 04845703;
39a7 : 04845603;
39a8 : 00879793;
39a9 : 00871713;
39aa : 00865613;
39ab : 00C76733;
39ac : 01071713;
39ad : 01075713;
39ae : 00875613;
39af : 00C7E7B3;
39b0 : 01079793;
39b1 : 0000E637;
39b2 : 0107D793;
39b3 : EAD60613;
39b4 : 04C79863;
39b5 : 0FF77713;
39b6 : 00100793;
39b7 : 04F71263;
39b8 : 04A45783;
39b9 : 04A45703;
39ba : 00879793;
39bb : 00875713;
39bc : 00E7E7B3;
39bd : 01079793;
39be : 0107D793;
39bf : 00002737;
39c0 : 02E79063;
39c1 : 04C45683;
39c2 : 04C45783;
39c3 : 00869693;
39c4 : 0087D793;
39c5 : 00F6E6B3;
39c6 : 01069693;
39c7 : 0106D693;
39c8 : 00C12083;
39c9 : 00812403;
39ca : 00100793;
39cb : 02F49323;
39cc : 02D49423;
39cd : 00012903;
39ce : 00412483;
39cf : 01010113;
39d0 : 00008067;
39d1 : 0001C737;
39d2 : 0001D6B7;
39d3 : FF010113;
39d4 : 8D470713;
39d5 : F2468693;
39d6 : 00200613;
39d7 : 00200593;
39d8 : 00812423;
39d9 : 00112623;
39da : 00050413;
39db : 50C0A0EF;
39dc : 17842783;
39dd : 04000513;
39de : 0107A683;
39df : 00200793;
39e0 : 02D6C703;
39e1 : 06F70A63;
39e2 : 05042783;
39e3 : 00005737;
39e4 : E0070713;
39e5 : 00E79123;
39e6 : 30000713;
39e7 : 04E79023;
39e8 : 00001737;
39e9 : A0070713;
39ea : 04E79123;
39eb : 00800713;
39ec : 04E79223;
39ed : FFFFE737;
39ee : E3070713;
39ef : 04E79323;
39f0 : 1AD00713;
39f1 : 04E79423;
39f2 : 02000713;
39f3 : 04E79523;
39f4 : 0306C603;
39f5 : 02D6C703;
39f6 : 00060463;
39f7 : 00476713;
39f8 : 0086C683;
39f9 : 00068463;
39fa : 00876713;
39fb : 00871713;
39fc : 04E79623;
39fd : 04E00513;
39fe : 00C12083;
39ff : 00812403;
3a00 : 01010113;
3a01 : 00008067;
3a02 : 0045A783;
3a03 : FF010113;
3a04 : 00912223;
3a05 : 00879713;
3a06 : 01079793;
3a07 : 0107D793;
3a08 : 00050493;
3a09 : 0087D793;
3a0a : 0005A503;
3a0b : 00F767B3;
3a0c : 02F49123;
3a0d : 00112623;
3a0e : 00812423;
3a0f : 00058413;
3a10 : 2B40B0EF;
3a11 : 00C42783;
3a12 : 02A4A223;
3a13 : 00A45503;
3a14 : 01079793;
3a15 : 00A7E533;
3a16 : 29C0B0EF;
3a17 : 00C12083;
3a18 : 00812403;
3a19 : 02A4A423;
3a1a : 00412483;
3a1b : 01010113;
3a1c : 00008067;
3a1d : 0001C737;
3a1e : 0001D6B7;
3a1f : FF010113;
3a20 : 8E870713;
3a21 : F2468693;
3a22 : 00200613;
3a23 : 00200593;
3a24 : 00812423;
3a25 : 00112623;
3a26 : 00050413;
3a27 : 3DC0A0EF;
3a28 : 34042703;
3a29 : 00100793;
3a2a : 00F71C63;
3a2b : 33C42703;
3a2c : 00300793;
3a2d : 00F71663;
3a2e : 00040513;
3a2f : 7090A0EF;
3a30 : 00C12083;
3a31 : 00812403;
3a32 : 00000513;
3a33 : 01010113;
3a34 : 00008067;
3a35 : FF010113;
3a36 : 00300593;
3a37 : 00112623;
3a38 : 1C40A0EF;
3a39 : 00452503;
3a3a : 00C12083;
3a3b : 00351513;
3a3c : 01010113;
3a3d : 00008067;
3a3e : 0001F737;
3a3f : 0001D6B7;
3a40 : FF010113;
3a41 : 3BC70713;
3a42 : F2468693;
3a43 : 00200613;
3a44 : 00200593;
3a45 : 00112623;
3a46 : 00812423;
3a47 : 00050413;
3a48 : 3580A0EF;
3a49 : 00B00593;
3a4a : 00040513;
3a4b : 1780A0EF;
3a4c : 00052023;
3a4d : FFF00793;
3a4e : 24F42223;
3a4f : 00000593;
3a50 : 00040513;
3a51 : D11FD0EF;
3a52 : 00100793;
3a53 : 32F42E23;
3a54 : 0001F7B7;
3a55 : 68C7C703;
3a56 : 00400793;
3a57 : 00F71663;
3a58 : 00800793;
3a59 : 00F42223;
3a5a : 00C12083;
3a5b : 00812403;
3a5c : 00000513;
3a5d : 01010113;
3a5e : 00008067;
3a5f : 001007B7;
3a60 : 40078793;
3a61 : 01C7A783;
3a62 : 001006B7;
3a63 : 00178793;
3a64 : 41C6A703;
3a65 : FEF76EE3;
3a66 : 00A04A63;
3a67 : 00100737;
3a68 : 41C72503;
3a69 : 40F50533;
3a6a : 00008067;
3a6b : FFF50513;
3a6c : FE9FF06F;
3a6d : 00100737;
3a6e : 41C72683;
3a6f : 00052703;
3a70 : 00050793;
3a71 : 00071863;
3a72 : 00D52023;
3a73 : 00000513;
3a74 : 00008067;
3a75 : 00B705B3;
3a76 : 40B686B3;
3a77 : 00100513;
3a78 : FE06C8E3;
3a79 : 00B7A023;
3a7a : FE5FF06F;
3a7b : 00015737;
3a7c : 18070713;
3a7d : 02E576B3;
3a7e : 000017B7;
3a7f : E1078793;
3a80 : FE010113;
3a81 : 03C00813;
3a82 : 00060F13;
3a83 : 00112E23;
3a84 : 00812C23;
3a85 : 7B200613;
3a86 : 02E555B3;
3a87 : 02F6F733;
3a88 : 02F6D7B3;
3a89 : 0306F8B3;
3a8a : 03075833;
3a8b : 00058713;
3a8c : 00367313;
3a8d : 00133693;
3a8e : 16D68693;
3a8f : 08D77E63;
3a90 : 00133313;
3a91 : 00C00693;
3a92 : 0001BE37;
3a93 : 6C8E0E13;
3a94 : 00000E93;
3a95 : 02D30333;
3a96 : 006E0333;
3a97 : 01D306B3;
3a98 : 2306C503;
3a99 : 001E8693;
3a9a : 06A77E63;
3a9b : 00021537;
3a9c : 00200313;
3a9d : 00170713;
3a9e : 2F450413;
3a9f : 066F0A63;
3aa0 : 00458593;
3aa1 : 00700313;
3aa2 : 0265F5B3;
3aa3 : 248E0693;
3aa4 : 278E0E13;
3aa5 : 002E9E93;
3aa6 : 01112023;
3aa7 : 00080893;
3aa8 : 00078813;
3aa9 : 00060793;
3aaa : 01D686B3;
3aab : 2F450513;
3aac : 00259593;
3aad : 00BE0633;
3aae : 0001D5B7;
3aaf : F9058593;
3ab0 : 981F90EF;
3ab1 : 01C12083;
3ab2 : 00040513;
3ab3 : 01812403;
3ab4 : 02010113;
3ab5 : 00008067;
3ab6 : 40D70733;
3ab7 : 00160613;
3ab8 : F51FF06F;
3ab9 : 40A70733;
3aba : 00068E93;
3abb : F71FF06F;
3abc : 0001D5B7;
3abd : FB058593;
3abe : 2F450513;
3abf : 945F90EF;
3ac0 : FC5FF06F;
3ac1 : FD010113;
3ac2 : 02912223;
3ac3 : 00410593;
3ac4 : 00050493;
3ac5 : 00810513;
3ac6 : 02112623;
3ac7 : 02812423;
3ac8 : 03212023;
3ac9 : 01312E23;
3aca : EA8F60EF;
3acb : 0004A783;
3acc : 02079663;
3acd : 00C12583;
3ace : 00812503;
3acf : 00000613;
3ad0 : EADFF0EF;
3ad1 : 00412603;
3ad2 : 00050593;
3ad3 : 0001D537;
3ad4 : FD050513;
3ad5 : 981F90EF;
3ad6 : 0340006F;
3ad7 : 0001C537;
3ad8 : 00048613;
3ad9 : 00400593;
3ada : 95C50513;
3adb : 8C4FE0EF;
3adc : 00200793;
3add : 00050413;
3ade : 0EF50E63;
3adf : 00A7CC63;
3ae0 : 02050863;
3ae1 : 00100793;
3ae2 : 0AF50063;
3ae3 : 00000413;
3ae4 : 0780006F;
3ae5 : 00300793;
3ae6 : FEF51AE3;
3ae7 : 0001D537;
3ae8 : 00412603;
3ae9 : 00812583;
3aea : DD050513;
3aeb : FA9FF06F;
3aec : 0084A783;
3aed : 10078263;
3aee : 0001F7B7;
3aef : 68C7C703;
3af0 : 00300793;
3af1 : 0EF70A63;
3af2 : 0044A503;
3af3 : 94DFD0EF;
3af4 : 00050913;
3af5 : 41F55993;
3af6 : 0084A503;
3af7 : 0FF9F993;
3af8 : 939FD0EF;
3af9 : 001007B7;
3afa : 3127AA23;
3afb : 3137AC23;
3afc : 00355513;
3afd : 30A7A823;
3afe : 3007A703;
3aff : FF377713;
3b00 : 00876713;
3b01 : 30E7A023;
3b02 : 02C12083;
3b03 : 00040513;
3b04 : 02812403;
3b05 : 02412483;
3b06 : 02012903;
3b07 : 01C12983;
3b08 : 03010113;
3b09 : 00008067;
3b0a : 0044A503;
3b0b : FFF00413;
3b0c : FC050CE3;
3b0d : 0001F7B7;
3b0e : 68C7C703;
3b0f : 00300793;
3b10 : FCF704E3;
3b11 : 8D5FD0EF;
3b12 : 001007B7;
3b13 : 41F55713;
3b14 : 30A7AA23;
3b15 : 0FF77713;
3b16 : 30E7AC23;
3b17 : 3007A823;
3b18 : 31C7A703;
3b19 : FE777713;
3b1a : 01076713;
3b1b : 30E7AE23;
3b1c : F1DFF06F;
3b1d : 0044A503;
3b1e : FFF00413;
3b1f : F80506E3;
3b20 : 0001F7B7;
3b21 : 68C7C703;
3b22 : 00300793;
3b23 : F6F70EE3;
3b24 : 889FD0EF;
3b25 : 001007B7;
3b26 : 3007AA23;
3b27 : 3007AC23;
3b28 : 00355513;
3b29 : 30A7A823;
3b2a : 31C7A703;
3b2b : FC777713;
3b2c : 02076713;
3b2d : FB9FF06F;
3b2e : FFF00413;
3b2f : F4DFF06F;
3b30 : FF010113;
3b31 : 00812423;
3b32 : 00112623;
3b33 : 0035C783;
3b34 : 0025C703;
3b35 : 0015C683;
3b36 : 0005C603;
3b37 : 0001D5B7;
3b38 : FE858593;
3b39 : 00050413;
3b3a : F58F90EF;
3b3b : 00C12083;
3b3c : 00040513;
3b3d : 00812403;
3b3e : 01010113;
3b3f : 00008067;
3b40 : FD010113;
3b41 : 02812423;
3b42 : 00052403;
3b43 : 02112623;
3b44 : 02912223;
3b45 : 03212023;
3b46 : 00040E63;
3b47 : 0001D5B7;
3b48 : 00050913;
3b49 : A1858593;
3b4a : 00040513;
3b4b : E70FD0EF;
3b4c : 06051663;
3b4d : 00810513;
3b4e : CECFB0EF;
3b4f : 00810593;
3b50 : 00C10513;
3b51 : F7DFF0EF;
3b52 : 0001D537;
3b53 : FF450513;
3b54 : F84F90EF;
3b55 : 0001F7B7;
3b56 : 52C7A783;
3b57 : 00100713;
3b58 : 0AE78663;
3b59 : 00200713;
3b5a : 0AE78E63;
3b5b : 00000493;
3b5c : 00079863;
3b5d : 0001D537;
3b5e : 00450513;
3b5f : F58F90EF;
3b60 : 02C12083;
3b61 : 02812403;
3b62 : 02012903;
3b63 : 00048513;
3b64 : 02412483;
3b65 : 03010113;
3b66 : 00008067;
3b67 : 0001D5B7;
3b68 : 00040513;
3b69 : A1C58593;
3b6a : DF4FD0EF;
3b6b : 00050413;
3b6c : FEA00493;
3b6d : FC0516E3;
3b6e : 00492503;
3b6f : FC0502E3;
3b70 : 0001F7B7;
3b71 : 00200713;
3b72 : 52E7A623;
3b73 : 02E00913;
3b74 : 00400493;
3b75 : 00C10593;
3b76 : EE4FD0EF;
3b77 : 00C12703;
3b78 : 00810793;
3b79 : 008787B3;
3b7a : 00E78023;
3b7b : 00054783;
3b7c : 01279463;
3b7d : 00150513;
3b7e : 00140413;
3b7f : FC941CE3;
3b80 : 00810513;
3b81 : BB4FB0EF;
3b82 : F35FF06F;
3b83 : 0001D537;
3b84 : 00C10593;
3b85 : 01450513;
3b86 : EBCF90EF;
3b87 : 00000493;
3b88 : F61FF06F;
3b89 : 0001D537;
3b8a : 00C10593;
3b8b : 02050513;
3b8c : FE9FF06F;
3b8d : 000206B7;
3b8e : 9406A783;
3b8f : 02700713;
3b90 : 00F75A63;
3b91 : 00052583;
3b92 : 0001D537;
3b93 : 03050513;
3b94 : E84F906F;
3b95 : 00021737;
3b96 : 00279613;
3b97 : 23470713;
3b98 : 00C70733;
3b99 : 00178793;
3b9a : 00A72023;
3b9b : 94F6A023;
3b9c : 00008067;
3b9d : 0001F737;
3b9e : 59872683;
3b9f : 0001B7B7;
3ba0 : B9C78793;
3ba1 : 0FF00713;
3ba2 : 00F6E863;
3ba3 : 02778613;
3ba4 : 00C6F463;
3ba5 : 40F68733;
3ba6 : 000207B7;
3ba7 : 00251693;
3ba8 : 40C78793;
3ba9 : 00D787B3;
3baa : 00E7A023;
3bab : 0001F737;
3bac : 00100793;
3bad : 00A79533;
3bae : 6E872783;
3baf : 00F56533;
3bb0 : 6EA72423;
3bb1 : F70F606F;
3bb2 : FB010113;
3bb3 : 04812423;
3bb4 : 04912223;
3bb5 : 05212023;
3bb6 : 03712623;
3bb7 : 04112623;
3bb8 : 03312E23;
3bb9 : 03412C23;
3bba : 03512A23;
3bbb : 03612823;
3bbc : 03812423;
3bbd : 03912223;
3bbe : 03A12023;
3bbf : 01B12E23;
3bc0 : 00050913;
3bc1 : 00058493;
3bc2 : 00060B93;
3bc3 : 00068413;
3bc4 : 00B6E663;
3bc5 : 00D59863;
3bc6 : 00A67663;
3bc7 : 000B8513;
3bc8 : 00040593;
3bc9 : 00B56733;
3bca : 00000793;
3bcb : 00070863;
3bcc : 3610A0EF;
3bcd : 04000B13;
3bce : 40AB07B3;
3bcf : 04000B13;
3bd0 : 40FB0B33;
3bd1 : 02000793;
3bd2 : 0167D463;
3bd3 : 02000B13;
3bd4 : 41F4DC13;
3bd5 : 02000D93;
3bd6 : 0284B733;
3bd7 : 00100513;
3bd8 : 416D8DB3;
3bd9 : 01B517B3;
3bda : 000B0613;
3bdb : FFF78993;
3bdc : 00F12623;
3bdd : 41F9DA13;
3bde : 028C05B3;
3bdf : 02848533;
3be0 : 00E585B3;
3be1 : 29D0A0EF;
3be2 : 03748733;
3be3 : 00C12783;
3be4 : 00050A93;
3be5 : 00058C93;
3be6 : 037C0C33;
3be7 : 028906B3;
3be8 : 0374B4B3;
3be9 : 00D70D33;
3bea : 02893433;
3beb : 009C04B3;
3bec : 00ED3C33;
3bed : 03790833;
3bee : 03793933;
3bef : 00185B93;
3bf0 : 01F91613;
3bf1 : 01766BB3;
3bf2 : 00848633;
3bf3 : 00CC0C33;
3bf4 : 00195913;
3bf5 : 009C6C63;
3bf6 : 01849463;
3bf7 : 00ED6863;
3bf8 : 008C6663;
3bf9 : 01841863;
3bfa : 00DD7663;
3bfb : 00050A93;
3bfc : 00158C93;
3bfd : 40F00533;
3bfe : 41F55593;
3bff : 000D8613;
3c00 : 01A57533;
3c01 : 0185F5B3;
3c02 : 1E10A0EF;
3c03 : 015506B3;
3c04 : 01A9F7B3;
3c05 : 018A7A33;
3c06 : 00A6B533;
3c07 : 01958733;
3c08 : 0017D613;
3c09 : 01FA1A13;
3c0a : 01F79793;
3c0b : 00E50733;
3c0c : 01466A33;
3c0d : 01778533;
3c0e : 00F537B3;
3c0f : 012A05B3;
3c10 : 00B785B3;
3c11 : 00068413;
3c12 : 00070493;
3c13 : 0125E663;
3c14 : 00B91A63;
3c15 : 01757863;
3c16 : 00168413;
3c17 : 00D436B3;
3c18 : 00E684B3;
3c19 : 03F00613;
3c1a : 41660633;
3c1b : 17D0A0EF;
3c1c : 00050793;
3c1d : 00850533;
3c1e : 00F537B3;
3c1f : 009585B3;
3c20 : FFEB0613;
3c21 : 00B785B3;
3c22 : 1610A0EF;
3c23 : 04C12083;
3c24 : 04812403;
3c25 : 04412483;
3c26 : 04012903;
3c27 : 03C12983;
3c28 : 03812A03;
3c29 : 03412A83;
3c2a : 03012B03;
3c2b : 02C12B83;
3c2c : 02812C03;
3c2d : 02412C83;
3c2e : 02012D03;
3c2f : 01C12D83;
3c30 : 05010113;
3c31 : 00008067;
3c32 : FF010113;
3c33 : 00812423;
3c34 : 02255783;
3c35 : 02255403;
3c36 : 01212023;
3c37 : 00050913;
3c38 : 02452503;
3c39 : 0087D793;
3c3a : 00841413;
3c3b : 00112623;
3c3c : 00912223;
3c3d : 00F46433;
3c3e : 00058493;
3c3f : 1F90A0EF;
3c40 : 00A4A023;
3c41 : 01041413;
3c42 : 02892503;
3c43 : 01045413;
3c44 : 0084A223;
3c45 : 1E10A0EF;
3c46 : 00C12083;
3c47 : 00812403;
3c48 : 01055793;
3c49 : 01051513;
3c4a : 00F4A623;
3c4b : 00A4A423;
3c4c : 00012903;
3c4d : 00412483;
3c4e : 01010113;
3c4f : 00008067;
3c50 : 03452783;
3c51 : 0047A703;
3c52 : 03872703;
3c53 : 00E05A63;
3c54 : 0007A503;
3c55 : FFF00613;
3c56 : 00800593;
3c57 : 4880A06F;
3c58 : 00008067;
3c59 : 00100613;
3c5a : 3180A06F;
3c5b : 00050793;
3c5c : 0005C703;
3c5d : 00158593;
3c5e : 00178793;
3c5f : FEE78FA3;
3c60 : 00060693;
3c61 : FFF60613;
3c62 : 00071663;
3c63 : 00068613;
3c64 : 0080006F;
3c65 : FC061EE3;
3c66 : 00C78633;
3c67 : 00F61463;
3c68 : 00008067;
3c69 : 00178793;
3c6a : FE078FA3;
3c6b : FF1FF06F;
3c6c : FF010113;
3c6d : 00021737;
3c6e : E0870693;
3c6f : 00112623;
3c70 : 00812423;
3c71 : 00000793;
3c72 : E0870713;
3c73 : 01400813;
3c74 : 0006A883;
3c75 : 04089663;
3c76 : 03000693;
3c77 : 02D787B3;
3c78 : 00100693;
3c79 : 00F70433;
3c7a : 00478793;
3c7b : 00B42C23;
3c7c : 00C42E23;
3c7d : 00050593;
3c7e : 00D42023;
3c7f : 00042A23;
3c80 : 01000613;
3c81 : 00F70533;
3c82 : F65FF0EF;
3c83 : 00C12083;
3c84 : 00040513;
3c85 : 00812403;
3c86 : 01010113;
3c87 : 00008067;
3c88 : 00178793;
3c89 : 03068693;
3c8a : FB0794E3;
3c8b : 00000413;
3c8c : FDDFF06F;
3c8d : 00050793;
3c8e : 0007C703;
3c8f : 00071663;
3c90 : 40A78533;
3c91 : 00008067;
3c92 : 00178793;
3c93 : FEDFF06F;
3c94 : 00060693;
3c95 : 00058613;
3c96 : 0001D5B7;
3c97 : FF010113;
3c98 : 07058593;
3c99 : 00112623;
3c9a : 00812423;
3c9b : 00050413;
3c9c : 9D0F90EF;
3c9d : 00040513;
3c9e : FBDFF0EF;
3c9f : 00A40533;
3ca0 : FFC50713;
3ca1 : 00050793;
3ca2 : 0007C683;
3ca3 : FFF78793;
3ca4 : 00D78123;
3ca5 : FEF71AE3;
3ca6 : 02E00793;
3ca7 : FEF50EA3;
3ca8 : 00C12083;
3ca9 : 00040513;
3caa : 00812403;
3cab : 01010113;
3cac : 00008067;
3cad : FE010113;
3cae : 00912A23;
3caf : 00050493;
3cb0 : 00052503;
3cb1 : 01212823;
3cb2 : 01312623;
3cb3 : 00112E23;
3cb4 : 00812C23;
3cb5 : 00058993;
3cb6 : F5DFF0EF;
3cb7 : 00050913;
3cb8 : 00000793;
3cb9 : 00279713;
3cba : 00E48733;
3cbb : 00072403;
3cbc : 02041C63;
3cbd : 0001C437;
3cbe : 96C40413;
3cbf : 00040513;
3cc0 : F35FF0EF;
3cc1 : 41250533;
3cc2 : 00A40533;
3cc3 : 01C12083;
3cc4 : 01812403;
3cc5 : 01412483;
3cc6 : 01012903;
3cc7 : 00C12983;
3cc8 : 02010113;
3cc9 : 00008067;
3cca : 01379663;
3ccb : 00040513;
3ccc : FDDFF06F;
3ccd : 00178793;
3cce : FADFF06F;
3ccf : 04B50263;
3cd0 : 04060063;
3cd1 : 02B57263;
3cd2 : 00000793;
3cd3 : 00F58733;
3cd4 : 00074683;
3cd5 : 00F50733;
3cd6 : 00178793;
3cd7 : 00D70023;
3cd8 : FEC796E3;
3cd9 : 00008067;
3cda : 00C586B3;
3cdb : FCD57EE3;
3cdc : FFF64593;
3cdd : 00000793;
3cde : FFF78793;
3cdf : 00F59463;
3ce0 : 00008067;
3ce1 : 00F68733;
3ce2 : 00074803;
3ce3 : 00F60733;
3ce4 : 00E50733;
3ce5 : 01070023;
3ce6 : FE1FF06F;
3ce7 : FF010113;
3ce8 : 00812423;
3ce9 : 0001F437;
3cea : 67842603;
3ceb : 000207B7;
3cec : 2F078793;
3ced : 00150593;
3cee : 40A60633;
3cef : 00B785B3;
3cf0 : 00A78533;
3cf1 : 00112623;
3cf2 : F75FF0EF;
3cf3 : 67842783;
3cf4 : 00C12083;
3cf5 : FFF78793;
3cf6 : 66F42C23;
3cf7 : 00812403;
3cf8 : 01010113;
3cf9 : 00008067;
3cfa : 00C50633;
3cfb : 00050793;
3cfc : 00178793;
3cfd : FEB78FA3;
3cfe : FEC79CE3;
3cff : 00008067;
3d00 : FA010113;
3d01 : 02400613;
3d02 : 00000593;
3d03 : 01C10513;
3d04 : 04112E23;
3d05 : 04812C23;
3d06 : 04912A23;
3d07 : 05212823;
3d08 : 05312623;
3d09 : 05412423;
3d0a : 05512223;
3d0b : FBDFF0EF;
3d0c : 000206B7;
3d0d : 01C10713;
3d0e : 00000793;
3d0f : 00000613;
3d10 : 2F068693;
3d11 : 02000513;
3d12 : 00800893;
3d13 : 00D785B3;
3d14 : 0005C803;
3d15 : 06A80063;
3d16 : 06080A63;
3d17 : 00F685B3;
3d18 : 00160613;
3d19 : 00B72023;
3d1a : 00F685B3;
3d1b : 0005C583;
3d1c : 16A58263;
3d1d : 04059863;
3d1e : 01C12783;
3d1f : 0007C703;
3d20 : 02300793;
3d21 : 04F71863;
3d22 : 00000413;
3d23 : 05C12083;
3d24 : 00040513;
3d25 : 05812403;
3d26 : 05412483;
3d27 : 05012903;
3d28 : 04C12983;
3d29 : 04812A03;
3d2a : 04412A83;
3d2b : 06010113;
3d2c : 00008067;
3d2d : 00058023;
3d2e : 00178793;
3d2f : 00158593;
3d30 : F91FF06F;
3d31 : 00178793;
3d32 : FA1FF06F;
3d33 : FA060EE3;
3d34 : FA9FF06F;
3d35 : 000207B7;
3d36 : 9497C703;
3d37 : 00078993;
3d38 : 02070463;
3d39 : 000207B7;
3d3a : 9617C703;
3d3b : 000207B7;
3d3c : 9447A603;
3d3d : 0001F7B7;
3d3e : 6787A583;
3d3f : 00100693;
3d40 : 00600513;
3d41 : CC9F70EF;
3d42 : 000207B7;
3d43 : 9407AA83;
3d44 : 01C12583;
3d45 : 00021437;
3d46 : 23440413;
3d47 : 00000493;
3d48 : 0154CC63;
3d49 : 0001D537;
3d4a : 09850513;
3d4b : FA9F80EF;
3d4c : FEA00413;
3d4d : F59FF06F;
3d4e : 00042A03;
3d4f : 00B12623;
3d50 : 00440413;
3d51 : 000A2903;
3d52 : 00090513;
3d53 : E51FC0EF;
3d54 : 00C12583;
3d55 : 06051C63;
3d56 : 0001D5B7;
3d57 : 07858593;
3d58 : 00090513;
3d59 : E39FC0EF;
3d5a : 02051C63;
3d5b : 9499C783;
3d5c : 02078463;
3d5d : 000207B7;
3d5e : 9617C703;
3d5f : 000207B7;
3d60 : 9447A603;
3d61 : 0001F7B7;
3d62 : 6787A583;
3d63 : 00100693;
3d64 : 00700513;
3d65 : C39F70EF;
3d66 : 00500513;
3d67 : D65F70EF;
3d68 : 004A2783;
3d69 : 02010513;
3d6a : 000780E7;
3d6b : 00050413;
3d6c : EC055EE3;
3d6d : 000A2583;
3d6e : 00050613;
3d6f : 0001D537;
3d70 : 08050513;
3d71 : F11F80EF;
3d72 : EC5FF06F;
3d73 : 00148493;
3d74 : F51FF06F;
3d75 : 00470713;
3d76 : E7161AE3;
3d77 : E9DFF06F;
3d78 : FE010113;
3d79 : 00500513;
3d7a : 00112E23;
3d7b : 00812C23;
3d7c : 00912A23;
3d7d : 01212823;
3d7e : 01312623;
3d7f : 01412423;
3d80 : 875FF0EF;
3d81 : 00020737;
3d82 : 93C72783;
3d83 : 00020437;
3d84 : 00000913;
3d85 : 00178793;
3d86 : 92F72E23;
3d87 : 92042C23;
3d88 : 0001F9B7;
3d89 : F94FE0EF;
3d8a : 000204B7;
3d8b : 0001DA37;
3d8c : D75F30EF;
3d8d : 66A9AC23;
3d8e : 02050A63;
3d8f : 00190913;
3d90 : 93242C23;
3d91 : F74FE0EF;
3d92 : 2F048593;
3d93 : 0B4A0513;
3d94 : E85F80EF;
3d95 : 2F048513;
3d96 : BDDFF0EF;
3d97 : 66A9AC23;
3d98 : DA1FF0EF;
3d99 : 2E048823;
3d9a : FC9FF06F;
3d9b : 01C12083;
3d9c : 01812403;
3d9d : 01412483;
3d9e : 01012903;
3d9f : 00C12983;
3da0 : 00812A03;
3da1 : 02010113;
3da2 : 00008067;
3da3 : FD010113;
3da4 : 02912223;
3da5 : 00050613;
3da6 : 00050493;
3da7 : 0001C537;
3da8 : 00400593;
3da9 : 97850513;
3daa : 02112623;
3dab : 02812423;
3dac : 03212023;
3dad : 01312E23;
3dae : 01412C23;
3daf : D74FD0EF;
3db0 : 00200793;
3db1 : 0AF50263;
3db2 : 00050413;
3db3 : 02A7CC63;
3db4 : 04050263;
3db5 : 00100793;
3db6 : 04F50E63;
3db7 : FFF00413;
3db8 : 02C12083;
3db9 : 00040513;
3dba : 02812403;
3dbb : 02412483;
3dbc : 02012903;
3dbd : 01C12983;
3dbe : 01812A03;
3dbf : 03010113;
3dc0 : 00008067;
3dc1 : 00300793;
3dc2 : FCF51AE3;
3dc3 : ED5FF0EF;
3dc4 : 00C0006F;
3dc5 : 854F80EF;
3dc6 : 00054663;
3dc7 : 00000413;
3dc8 : FC1FF06F;
3dc9 : 0001D537;
3dca : 0C450513;
3dcb : DA9F80EF;
3dcc : FB1FF06F;
3dcd : 0044A783;
3dce : FFF00413;
3dcf : FA0782E3;
3dd0 : 00048513;
3dd1 : EB1F70EF;
3dd2 : 00055A63;
3dd3 : 0001D537;
3dd4 : 0E450513;
3dd5 : D81F80EF;
3dd6 : FC5FF06F;
3dd7 : 0001C537;
3dd8 : 18050513;
3dd9 : FF1FF06F;
3dda : 0001D537;
3ddb : 10050513;
3ddc : D65F80EF;
3ddd : 00000493;
3dde : 0001FA37;
3ddf : 000209B7;
3de0 : 0001E937;
3de1 : C21F30EF;
3de2 : 66AA2C23;
3de3 : 00050413;
3de4 : 00050C63;
3de5 : 2F098593;
3de6 : 31C90513;
3de7 : D39F80EF;
3de8 : 00148493;
3de9 : FE1FF06F;
3dea : 00049863;
3deb : 0001D537;
3dec : 11850513;
3ded : D21F80EF;
3dee : 692D7537;
3def : 27750513;
3df0 : A51F30EF;
3df1 : F4054CE3;
3df2 : 0001D537;
3df3 : 12450513;
3df4 : D05F80EF;
3df5 : 00000493;
3df6 : 0FF00913;
3df7 : 0001D9B7;
3df8 : 00100613;
3df9 : 00F10593;
3dfa : 00248513;
3dfb : 8C5F30EF;
3dfc : 00100793;
3dfd : 02F51C63;
3dfe : 00F14583;
3dff : 03258063;
3e00 : 14098513;
3e01 : CD1F80EF;
3e02 : 00F14783;
3e03 : 00148493;
3e04 : 01049493;
3e05 : 0104D493;
3e06 : FD2794E3;
3e07 : 00049863;
3e08 : 0001D537;
3e09 : 11850513;
3e0a : CADF80EF;
3e0b : 000207B7;
3e0c : 2807AC23;
3e0d : EADFF06F;
3e0e : FF010113;
3e0f : 00912223;
3e10 : 17C52483;
3e11 : 00812423;
3e12 : 07F00613;
3e13 : 00050413;
3e14 : 00000593;
3e15 : 06148513;
3e16 : 00112623;
3e17 : B8DFF0EF;
3e18 : 03C42703;
3e19 : 00000793;
3e1a : 00F4AC23;
3e1b : 02072783;
3e1c : 00000813;
3e1d : 0104AE23;
3e1e : 08078063;
3e1f : 00040513;
3e20 : 000780E7;
3e21 : FFF00793;
3e22 : 02F51063;
3e23 : 0001D6B7;
3e24 : 00040513;
3e25 : 14468693;
3e26 : 00100613;
3e27 : 00400593;
3e28 : 3D8090EF;
3e29 : 00000513;
3e2a : 40A007B3;
3e2b : 00A79793;
3e2c : 00F4A023;
3e2d : 41F7D793;
3e2e : 00F4A223;
3e2f : 0604C783;
3e30 : 00040513;
3e31 : 0004A703;
3e32 : 0017E793;
3e33 : 06F48023;
3e34 : 00812403;
3e35 : 0044A783;
3e36 : 00C12083;
3e37 : 00412483;
3e38 : 0001D6B7;
3e39 : 16068693;
3e3a : 00100613;
3e3b : 00400593;
3e3c : 01010113;
3e3d : 3840906F;
3e3e : 03442783;
3e3f : 0047A783;
3e40 : 01C7A783;
3e41 : 0017F793;
3e42 : 00079C63;
3e43 : 01472783;
3e44 : 00000613;
3e45 : 00000593;
3e46 : 00040513;
3e47 : 000780E7;
3e48 : 00000793;
3e49 : 00000813;
3e4a : 00F4A023;
3e4b : 0104A223;
3e4c : F8DFF06F;
3e4d : 03452783;
3e4e : FD010113;
3e4f : 02812423;
3e50 : 02912223;
3e51 : 03212023;
3e52 : 01312E23;
3e53 : 0107A903;
3e54 : 0087A983;
3e55 : 0147A403;
3e56 : 00050493;
3e57 : 00C7A783;
3e58 : 17C52503;
3e59 : 02112623;
3e5a : 00000693;
3e5b : 00000713;
3e5c : 00D7A823;
3e5d : 00E7AA23;
3e5e : 00D7A423;
3e5f : 00E7A623;
3e60 : 00079023;
3e61 : 01000613;
3e62 : 00000593;
3e63 : 04050513;
3e64 : A59FF0EF;
3e65 : 17C4A503;
3e66 : 01000613;
3e67 : 00000593;
3e68 : 05050513;
3e69 : A45FF0EF;
3e6a : 02000613;
3e6b : 00000593;
3e6c : 00090513;
3e6d : A35FF0EF;
3e6e : 0009A783;
3e6f : 00F92023;
3e70 : 0049A783;
3e71 : 00091423;
3e72 : 00F92223;
3e73 : 0009A783;
3e74 : 00F92823;
3e75 : 0049A783;
3e76 : 00F92A23;
3e77 : 00A9D783;
3e78 : 00F91C23;
3e79 : 00C9D783;
3e7a : 00F91D23;
3e7b : 00E9C783;
3e7c : 00F90E23;
3e7d : 00F9C783;
3e7e : 00F90EA3;
3e7f : 00744783;
3e80 : 0C078C63;
3e81 : 03C4A783;
3e82 : 00410693;
3e83 : 00810613;
3e84 : 0047A783;
3e85 : 00C10593;
3e86 : 00048513;
3e87 : 000780E7;
3e88 : 00050913;
3e89 : 02050463;
3e8a : 0001D6B7;
3e8b : 02500793;
3e8c : 02500713;
3e8d : 18068693;
3e8e : 00100613;
3e8f : 00300593;
3e90 : 00048513;
3e91 : 00F12623;
3e92 : 230090EF;
3e93 : 00C12703;
3e94 : 00041783;
3e95 : 02E78C63;
3e96 : 0001D6B7;
3e97 : 00300593;
3e98 : 00048513;
3e99 : 1BC68693;
3e9a : 00100613;
3e9b : 20C090EF;
3e9c : 00C12783;
3e9d : 00000593;
3e9e : 00048513;
3e9f : 00F41023;
3ea0 : 03C4A783;
3ea1 : 0107A783;
3ea2 : 000780E7;
3ea3 : 00090863;
3ea4 : 00041123;
3ea5 : 00040223;
3ea6 : 0240006F;
3ea7 : 00100793;
3ea8 : 00F40123;
3ea9 : 00812783;
3eaa : 00F037B3;
3eab : 00F401A3;
3eac : 00412783;
3ead : 00F037B3;
3eae : 00F40223;
3eaf : 02C12083;
3eb0 : 02812403;
3eb1 : 02412483;
3eb2 : 02012903;
3eb3 : 01C12983;
3eb4 : 03010113;
3eb5 : 00008067;
3eb6 : 02500793;
3eb7 : 00F41023;
3eb8 : FB1FF06F;
3eb9 : 34052703;
3eba : 00100793;
3ebb : 04F71263;
3ebc : FF010113;
3ebd : 00812423;
3ebe : 00112623;
3ebf : 00050413;
3ec0 : 02050423;
3ec1 : 01852503;
3ec2 : 00000593;
3ec3 : 03800613;
3ec4 : 01050513;
3ec5 : 8D5FF0EF;
3ec6 : 00040513;
3ec7 : 00812403;
3ec8 : 00C12083;
3ec9 : 00000593;
3eca : 01010113;
3ecb : D70FE06F;
3ecc : 00008067;
3ecd : 17852783;
3ece : FF010113;
3ecf : 0001F737;
3ed0 : 00912223;
3ed1 : 0107A483;
3ed2 : 61872783;
3ed3 : 00812423;
3ed4 : 00112623;
3ed5 : 00178793;
3ed6 : 60F72C23;
3ed7 : 0004C703;
3ed8 : 0001F7B7;
3ed9 : 01212023;
3eda : 60E78E23;
3edb : 02E4C783;
3edc : 0001F737;
3edd : 00050413;
3ede : 60F70EA3;
3edf : 0001F737;
3ee0 : 60B70823;
3ee1 : 00100737;
3ee2 : 41C72683;
3ee3 : 0001F737;
3ee4 : 60D72623;
3ee5 : 00300713;
3ee6 : 08E59A63;
3ee7 : 00052703;
3ee8 : 00100693;
3ee9 : FF870713;
3eea : 08E6E263;
3eeb : 00200713;
3eec : 06E79E63;
3eed : 0424C783;
3eee : 06078E63;
3eef : 0414C903;
3ef0 : 0FD97913;
3ef1 : 06D91863;
3ef2 : 0001D6B7;
3ef3 : 1D068693;
3ef4 : 00100613;
3ef5 : 00200593;
3ef6 : 0A0090EF;
3ef7 : 00042703;
3ef8 : 00800793;
3ef9 : 04F71063;
3efa : 0124A223;
3efb : 00040513;
3efc : 00200593;
3efd : A61FC0EF;
3efe : 00040513;
3eff : EE9FF0EF;
3f00 : 00800793;
3f01 : 00F42223;
3f02 : 00040513;
3f03 : 00812403;
3f04 : 00C12083;
3f05 : 00412483;
3f06 : 00012903;
3f07 : 01010113;
3f08 : 3390906F;
3f09 : 0004A223;
3f0a : FC5FF06F;
3f0b : 00100713;
3f0c : 08E78063;
3f0d : 0001C737;
3f0e : 79C70713;
3f0f : 0001D6B7;
3f10 : 20C68693;
3f11 : 00100613;
3f12 : 00200593;
3f13 : 00040513;
3f14 : 028090EF;
3f15 : 001007B7;
3f16 : 41C7A703;
3f17 : 000207B7;
3f18 : 8F87A783;
3f19 : 00079C63;
3f1a : 34042683;
3f1b : 33C42603;
3f1c : 00042583;
3f1d : 00200513;
3f1e : E5CF50EF;
3f1f : 00040513;
3f20 : 0004A223;
3f21 : 00000593;
3f22 : 9CDFC0EF;
3f23 : 00040513;
3f24 : E55FF0EF;
3f25 : 00040513;
3f26 : 00812403;
3f27 : 00C12083;
3f28 : 00412483;
3f29 : 00012903;
3f2a : 01010113;
3f2b : 3350906F;
3f2c : 0001C737;
3f2d : 77C70713;
3f2e : F85FF06F;
3f2f : 17852783;
3f30 : FD010113;
3f31 : 02812423;
3f32 : 02912223;
3f33 : 02112623;
3f34 : 03212023;
3f35 : 01312E23;
3f36 : 01412C23;
3f37 : 0107A403;
3f38 : 00050493;
3f39 : 06068863;
3f3a : 00300793;
3f3b : 0003B637;
3f3c : 02F40C23;
3f3d : 98060613;
3f3e : 00B00593;
3f3f : 0E9090EF;
3f40 : 001007B7;
3f41 : 41C7A703;
3f42 : 000207B7;
3f43 : 00B00593;
3f44 : 90E7AE23;
3f45 : 91C7A603;
3f46 : 00048513;
3f47 : 03844903;
3f48 : 00C12623;
3f49 : 641080EF;
3f4a : 000207B7;
3f4b : 9187A703;
3f4c : 00C12603;
3f4d : 00042783;
3f4e : 00050693;
3f4f : 00090593;
3f50 : 00100513;
3f51 : A55F50EF;
3f52 : 00048513;
3f53 : 7DC070EF;
3f54 : 0140006F;
3f55 : 670070EF;
3f56 : 02051863;
3f57 : 00400793;
3f58 : 00F42223;
3f59 : 02C12083;
3f5a : 02812403;
3f5b : 02412483;
3f5c : 02012903;
3f5d : 01C12983;
3f5e : 01812A03;
3f5f : 00000513;
3f60 : 03010113;
3f61 : 00008067;
3f62 : 00B00593;
3f63 : 00048513;
3f64 : 5D5080EF;
3f65 : 00020A37;
3f66 : 000209B7;
3f67 : 91CA2603;
3f68 : 00042783;
3f69 : 9189A703;
3f6a : 03844583;
3f6b : 00050693;
3f6c : 00050913;
3f6d : 00200513;
3f6e : 9E1F50EF;
3f6f : 03844783;
3f70 : 0000F737;
3f71 : A6070713;
3f72 : 02E787B3;
3f73 : F927CCE3;
3f74 : 04091863;
3f75 : 0001D737;
3f76 : 0001D6B7;
3f77 : 00048513;
3f78 : 23070713;
3f79 : 23C68693;
3f7a : 00100613;
3f7b : 00600593;
3f7c : 689080EF;
3f7d : 91CA2603;
3f7e : 03844583;
3f7f : 9189A703;
3f80 : 00042783;
3f81 : 00000693;
3f82 : 00400513;
3f83 : 98DF50EF;
3f84 : 00300593;
3f85 : 00048513;
3f86 : D1DFF0EF;
3f87 : F49FF06F;
3f88 : 00048513;
3f89 : BC4FE0EF;
3f8a : F2050EE3;
3f8b : 91CA2603;
3f8c : 00042783;
3f8d : 9189A703;
3f8e : 03844583;
3f8f : 00090693;
3f90 : 00300513;
3f91 : F01FF06F;
3f92 : 17852783;
3f93 : 0001C737;
3f94 : 0001D6B7;
3f95 : FF010113;
3f96 : 98870713;
3f97 : F2468693;
3f98 : 00200613;
3f99 : 00200593;
3f9a : 00812423;
3f9b : 00912223;
3f9c : 00050413;
3f9d : 0107A483;
3f9e : 00112623;
3f9f : 5FD080EF;
3fa0 : 00042703;
3fa1 : 00900793;
3fa2 : 02F71063;
3fa3 : 00442703;
3fa4 : 00800793;
3fa5 : 00F71A63;
3fa6 : 0424C783;
3fa7 : 00078663;
3fa8 : 00040513;
3fa9 : 0B5090EF;
3faa : 34042703;
3fab : 00100793;
3fac : 04F71463;
3fad : 0084C783;
3fae : 02078263;
3faf : 00042783;
3fb0 : 00900713;
3fb1 : 00E78663;
3fb2 : 00600713;
3fb3 : 00E79863;
3fb4 : 00000593;
3fb5 : 00040513;
3fb6 : F7CFC0EF;
3fb7 : 00442783;
3fb8 : 00600713;
3fb9 : 00E78E63;
3fba : 00800713;
3fbb : 02E78463;
3fbc : 00400713;
3fbd : 04E79E63;
3fbe : 00000593;
3fbf : 00C0006F;
3fc0 : 0004A223;
3fc1 : 00100593;
3fc2 : 00040513;
3fc3 : F48FC0EF;
3fc4 : 0400006F;
3fc5 : 0414C783;
3fc6 : 00042683;
3fc7 : 00900713;
3fc8 : 0FD7F793;
3fc9 : 00E69C63;
3fca : 00100713;
3fcb : 02E79263;
3fcc : 00F4A223;
3fcd : 00200593;
3fce : FD1FF06F;
3fcf : 00100713;
3fd0 : 00E78863;
3fd1 : 00700593;
3fd2 : 00040513;
3fd3 : BE9FF0EF;
3fd4 : 00042703;
3fd5 : 00900793;
3fd6 : 04F71463;
3fd7 : 00040513;
3fd8 : 3DC070EF;
3fd9 : 00442703;
3fda : 00800793;
3fdb : 02F70A63;
3fdc : 03442503;
3fdd : 00452783;
3fde : 03E7C783;
3fdf : 02079263;
3fe0 : 03C42783;
3fe1 : 00812403;
3fe2 : 00C12083;
3fe3 : 00412483;
3fe4 : 02C7A303;
3fe5 : 00000593;
3fe6 : 01010113;
3fe7 : 00030067;
3fe8 : 00C12083;
3fe9 : 00812403;
3fea : 00412483;
3feb : 01010113;
3fec : 00008067;
3fed : B31FF06F;
3fee : FF010113;
3fef : 00912223;
3ff0 : 01852483;
3ff1 : 00112623;
3ff2 : 00812423;
3ff3 : 01212023;
3ff4 : 00050413;
3ff5 : 17C52903;
3ff6 : 861FF0EF;
3ff7 : 03800613;
3ff8 : 00000593;
3ff9 : 01048513;
3ffa : C00FF0EF;
3ffb : 2D9060EF;
3ffc : 00C4A783;
3ffd : 00A4A823;
3ffe : 00F55663;
3fff : 02A7E533;
4000 : 00A4A623;
4001 : 00C4A803;
4002 : 0001C737;
4003 : 0001D6B7;
4004 : 99870713;
4005 : 25468693;
4006 : 00300613;
4007 : 04100793;
4008 : 00400593;
4009 : 00040513;
400a : 451080EF;
400b : 00C4A503;
400c : 084070EF;
400d : 06094783;
400e : 07090593;
400f : 00040513;
4010 : 0017E793;
4011 : 06F90023;
4012 : 03C42783;
4013 : 00C7A783;
4014 : 000780E7;
4015 : 00100793;
4016 : 00040513;
4017 : 00F48A23;
4018 : 00100593;
4019 : 838FE0EF;
401a : 00C12083;
401b : 00812403;
401c : 00412483;
401d : 00012903;
401e : 00000513;
401f : 01010113;
4020 : 00008067;
4021 : FF010113;
4022 : 00912223;
4023 : 34052483;
4024 : 00112623;
4025 : 00812423;
4026 : 00100793;
4027 : 00F49C63;
4028 : 00050413;
4029 : F15FF0EF;
402a : 01842783;
402b : 00078463;
402c : 00978B23;
402d : 00C12083;
402e : 00812403;
402f : 00412483;
4030 : 00000513;
4031 : 01010113;
4032 : 00008067;
4033 : 00050713;
4034 : 00000793;
4035 : 02C78263;
4036 : 00F706B3;
4037 : 0006C803;
4038 : 00F586B3;
4039 : 0006C683;
403a : 00178793;
403b : 40D80533;
403c : FED802E3;
403d : 00008067;
403e : 00000513;
403f : 00008067;
4040 : FF010113;
4041 : 00800613;
4042 : 00812423;
4043 : 00912223;
4044 : 00112623;
4045 : 00050493;
4046 : 00058413;
4047 : FB1FF0EF;
4048 : 00051863;
4049 : 0084D503;
404a : 00845783;
404b : 40F50533;
404c : 00C12083;
404d : 00812403;
404e : 00412483;
404f : 01010113;
4050 : 00008067;
4051 : 03452783;
4052 : 29050593;
4053 : FF010113;
4054 : 0107A503;
4055 : 00112623;
4056 : FA9FF0EF;
4057 : 00C12083;
4058 : 00153513;
4059 : 01010113;
405a : 00008067;
405b : 01852703;
405c : FFF00613;
405d : 06C70063;
405e : 00058693;
405f : 34800593;
4060 : 02B705B3;
4061 : 00052703;
4062 : 00000513;
4063 : 00B705B3;
4064 : 13259783;
4065 : 04C78463;
4066 : 00679793;
4067 : 13878613;
4068 : 00C58633;
4069 : 00100513;
406a : 02C68A63;
406b : 14878793;
406c : FF010113;
406d : 00F585B3;
406e : 01068513;
406f : 00112623;
4070 : F41FF0EF;
4071 : 00C12083;
4072 : 00153513;
4073 : 01010113;
4074 : 00008067;
4075 : 00000513;
4076 : 00008067;
4077 : 00008067;
4078 : 02B5C783;
4079 : 02079263;
407a : 03452503;
407b : FF010113;
407c : 00112623;
407d : F79FF0EF;
407e : 00C12083;
407f : 00A03533;
4080 : 01010113;
4081 : 00008067;
4082 : 00100513;
4083 : 00008067;
4084 : FE010113;
4085 : 00112E23;
4086 : 00812C23;
4087 : 00912A23;
4088 : 00060413;
4089 : 01212823;
408a : 01312623;
408b : 00050493;
408c : 00068913;
408d : FADFF0EF;
408e : 00040593;
408f : 00050993;
4090 : 00048513;
4091 : F9DFF0EF;
4092 : 00050413;
4093 : 06098E63;
4094 : 06051863;
4095 : 0001D737;
4096 : 0001D6B7;
4097 : 29470713;
4098 : 27068693;
4099 : 00200613;
409a : 00300593;
409b : 00048513;
409c : 209080EF;
409d : FFF00793;
409e : 00F92023;
409f : 01C12083;
40a0 : 00040513;
40a1 : 01812403;
40a2 : 01412483;
40a3 : 01012903;
40a4 : 00C12983;
40a5 : 02010113;
40a6 : 00008067;
40a7 : 0001D737;
40a8 : 29070713;
40a9 : 27068693;
40aa : 00200613;
40ab : 00300593;
40ac : 00048513;
40ad : 1C5080EF;
40ae : 00092023;
40af : FC1FF06F;
40b0 : 00100413;
40b1 : FB9FF06F;
40b2 : 0001D6B7;
40b3 : FC0508E3;
40b4 : 0001D737;
40b5 : 28C70713;
40b6 : 27068693;
40b7 : 00200613;
40b8 : 00300593;
40b9 : 00048513;
40ba : 191080EF;
40bb : 00100793;
40bc : 00F92023;
40bd : 00000413;
40be : F85FF06F;
40bf : 03452783;
40c0 : FB010113;
40c1 : 04912223;
40c2 : 00C7A703;
40c3 : 0147A483;
40c4 : 03312E23;
40c5 : 0107A983;
40c6 : 0025D783;
40c7 : 04112623;
40c8 : 04812423;
40c9 : 00178793;
40ca : 05212023;
40cb : 00F71023;
40cc : 00058913;
40cd : 00050413;
40ce : 01058593;
40cf : 00098513;
40d0 : 00B12623;
40d1 : DBDFF0EF;
40d2 : 00C12583;
40d3 : 00A03533;
40d4 : 00A98F23;
40d5 : 00A00613;
40d6 : 00098513;
40d7 : 404000EF;
40d8 : 00800613;
40d9 : 01E90593;
40da : 01098513;
40db : 3F4000EF;
40dc : 01A95783;
40dd : 00F99C23;
40de : 01C95783;
40df : 00F99D23;
40e0 : 02694783;
40e1 : 00F98E23;
40e2 : 02794783;
40e3 : 00F98EA3;
40e4 : 02A94783;
40e5 : 0087F713;
40e6 : 00E036B3;
40e7 : 00D483A3;
40e8 : 04070463;
40e9 : 03C42783;
40ea : 01810693;
40eb : 01C10613;
40ec : 0007A783;
40ed : 02010593;
40ee : 00040513;
40ef : 000780E7;
40f0 : 04050463;
40f1 : 0001D737;
40f2 : 29870713;
40f3 : 0001D6B7;
40f4 : 2A068693;
40f5 : 00100613;
40f6 : 00300593;
40f7 : 00040513;
40f8 : 099080EF;
40f9 : 02A94783;
40fa : 0017D713;
40fb : 00177713;
40fc : 0017F793;
40fd : 00E481A3;
40fe : 00F48223;
40ff : 00495783;
4100 : 00F49023;
4101 : 0BC0006F;
4102 : 02012783;
4103 : 00B00713;
4104 : 24F75263;
4105 : 01700713;
4106 : 12E79663;
4107 : 01C12703;
4108 : 03B00793;
4109 : 12F71063;
410a : 17842783;
410b : 00B78703;
410c : 00200793;
410d : 00E79733;
410e : 03C00793;
410f : 40E787B3;
4110 : 01812703;
4111 : 10F74063;
4112 : 0001D6B7;
4113 : 2DC68693;
4114 : 00200613;
4115 : 00300593;
4116 : 00040513;
4117 : 01D080EF;
4118 : 03C42783;
4119 : 02410693;
411a : 02810613;
411b : 0047A783;
411c : 02C10593;
411d : 00040513;
411e : 000780E7;
411f : 02050063;
4120 : 0001D6B7;
4121 : 30C68693;
4122 : 00100613;
4123 : 00300593;
4124 : 00040513;
4125 : 7E4080EF;
4126 : 0280006F;
4127 : 02412803;
4128 : 02812783;
4129 : 02C12703;
412a : 0001D6B7;
412b : 33468693;
412c : 00300613;
412d : 00300593;
412e : 00040513;
412f : 7BC080EF;
4130 : 02A94783;
4131 : FFF00613;
4132 : 00800593;
4133 : 0027D713;
4134 : 00177713;
4135 : 00E48123;
4136 : 0047D713;
4137 : 00177713;
4138 : 00E482A3;
4139 : 0057D713;
413a : 0037D793;
413b : 00177713;
413c : 0017F793;
413d : 00E48323;
413e : 00F483A3;
413f : 02894783;
4140 : 00F48423;
4141 : 03442783;
4142 : 0007A503;
4143 : 0D8090EF;
4144 : 02042783;
4145 : 0687A783;
4146 : 00078863;
4147 : 00090593;
4148 : 00040513;
4149 : 000780E7;
414a : 04C12083;
414b : 04812403;
414c : 04412483;
414d : 04012903;
414e : 03C12983;
414f : 05010113;
4150 : 00008067;
4151 : 03C42783;
4152 : 02410693;
4153 : 02810613;
4154 : 0047A783;
4155 : 02C10593;
4156 : 00040513;
4157 : 000780E7;
4158 : 00050863;
4159 : 0001D737;
415a : 36C70713;
415b : E61FF06F;
415c : 02812783;
415d : 02C12703;
415e : 02412803;
415f : 0001D6B7;
4160 : 33468693;
4161 : 00300613;
4162 : 00300593;
4163 : 00040513;
4164 : 6E8080EF;
4165 : 02A94783;
4166 : 02812703;
4167 : 0027F693;
4168 : 00D03633;
4169 : 00E03733;
416a : 0017F793;
416b : 00C71E63;
416c : 02412703;
416d : 00E03733;
416e : 00F71863;
416f : 00491703;
4170 : 02C12583;
4171 : EEE58EE3;
4172 : 0FF7F793;
4173 : 00C481A3;
4174 : 00F48223;
4175 : 00491703;
4176 : 00E49023;
4177 : 06068463;
4178 : 00100693;
4179 : 02D12423;
417a : 06078263;
417b : 00100793;
417c : 02F12223;
417d : 02812783;
417e : 02412803;
417f : 0001D6B7;
4180 : 37468693;
4181 : 00100613;
4182 : 00300593;
4183 : 00040513;
4184 : 02E12623;
4185 : 664080EF;
4186 : 03C42783;
4187 : 02412683;
4188 : 02812603;
4189 : 0087A783;
418a : 02C12583;
418b : 00040513;
418c : 000780E7;
418d : E80506E3;
418e : 0001D6B7;
418f : 3AC68693;
4190 : E49FF06F;
4191 : 02012423;
4192 : FA1FF06F;
4193 : 02012223;
4194 : FA5FF06F;
4195 : 01C12703;
4196 : 00E7E7B3;
4197 : 0A079463;
4198 : 17842783;
4199 : 00B78703;
419a : 00200793;
419b : 00E797B3;
419c : 01812703;
419d : 08E7C863;
419e : 0001D6B7;
419f : 3D068693;
41a0 : 00200613;
41a1 : 00300593;
41a2 : 00040513;
41a3 : 5EC080EF;
41a4 : 03C42783;
41a5 : 02410693;
41a6 : 02810613;
41a7 : 0047A783;
41a8 : 02C10593;
41a9 : 00040513;
41aa : 000780E7;
41ab : 02050463;
41ac : 0001D6B7;
41ad : 30C68693;
41ae : 00100613;
41af : 00300593;
41b0 : 00040513;
41b1 : 5B4080EF;
41b2 : 000481A3;
41b3 : 00048223;
41b4 : DF1FF06F;
41b5 : 02812783;
41b6 : 02412803;
41b7 : 02C12703;
41b8 : 0001D6B7;
41b9 : 33468693;
41ba : 00300613;
41bb : 00300593;
41bc : 00040513;
41bd : 584080EF;
41be : 02C12783;
41bf : 00F49023;
41c0 : FC9FF06F;
41c1 : 00491703;
41c2 : 00049783;
41c3 : 02E78C63;
41c4 : 0001D6B7;
41c5 : 00300593;
41c6 : 00040513;
41c7 : 3FC68693;
41c8 : 00100613;
41c9 : 554080EF;
41ca : 00495783;
41cb : 00000593;
41cc : 00040513;
41cd : 00F49023;
41ce : 03C42783;
41cf : 0107A783;
41d0 : 000780E7;
41d1 : 02A94783;
41d2 : 0017D713;
41d3 : 00177713;
41d4 : 0017F793;
41d5 : 00E481A3;
41d6 : 00F48223;
41d7 : D65FF06F;
41d8 : 00000793;
41d9 : 00F61463;
41da : 00008067;
41db : 00F58733;
41dc : 00074683;
41dd : 00F50733;
41de : 00178793;
41df : 00D70023;
41e0 : FE5FF06F;
41e1 : 13251783;
41e2 : FE010113;
41e3 : 00812C23;
41e4 : 01212823;
41e5 : 00112E23;
41e6 : 00912A23;
41e7 : 01312623;
41e8 : 00050413;
41e9 : 00058913;
41ea : 00B79663;
41eb : FFF00793;
41ec : 12F51923;
41ed : 00691493;
41ee : 009404B3;
41ef : 00090993;
41f0 : 13045783;
41f1 : FFF78793;
41f2 : 03305263;
41f3 : 01C12083;
41f4 : 12F41823;
41f5 : 01812403;
41f6 : 01412483;
41f7 : 01012903;
41f8 : 00C12983;
41f9 : 02010113;
41fa : 00008067;
41fb : 00198993;
41fc : 13848513;
41fd : 04000613;
41fe : 02F95263;
41ff : 17848593;
4200 : F61FF0EF;
4201 : 13241783;
4202 : 01379663;
4203 : FFF98793;
4204 : 12F41923;
4205 : 04048493;
4206 : FA9FF06F;
4207 : 00000593;
4208 : BC9FE0EF;
4209 : FF1FF06F;
420a : FF010113;
420b : 00300593;
420c : 00812423;
420d : 00112623;
420e : 00050413;
420f : 3A1080EF;
4210 : 08050E63;
4211 : 00300593;
4212 : 00040513;
4213 : 919FE0EF;
4214 : 03442583;
4215 : 00000713;
4216 : 00000613;
4217 : 0085A783;
4218 : 00000693;
4219 : 34800813;
421a : 0087D503;
421b : 00700893;
421c : 00100313;
421d : 00400E13;
421e : 06A74C63;
421f : 00040513;
4220 : 0A060263;
4221 : 0A069063;
4222 : 8ACFF0EF;
4223 : 00600793;
4224 : 00F42223;
4225 : 13241783;
4226 : FFF00713;
4227 : 02E78C63;
4228 : 13045803;
4229 : 0307D863;
422a : 0001D737;
422b : 0001D6B7;
422c : 00300593;
422d : 00040513;
422e : 42C70713;
422f : 43468693;
4230 : 00100613;
4231 : 3B4080EF;
4232 : 13241583;
4233 : 00040513;
4234 : EB5FF0EF;
4235 : FFF00793;
4236 : 12F41923;
4237 : 00C12083;
4238 : 00812403;
4239 : 00000513;
423a : 01010113;
423b : 00008067;
423c : 03070EB3;
423d : 0005A783;
423e : 01D787B3;
423f : 0007A783;
4240 : 00F8CA63;
4241 : 00FE5463;
4242 : 00100613;
4243 : 00170713;
4244 : F69FF06F;
4245 : FF878793;
4246 : FEF36AE3;
4247 : 00100693;
4248 : FEDFF06F;
4249 : 81DFE0EF;
424a : F65FF06F;
424b : FF010113;
424c : 00812423;
424d : 00912223;
424e : 00112623;
424f : 27154703;
4250 : 00B00793;
4251 : 00050493;
4252 : 00060413;
4253 : 06E7E063;
4254 : 0001B6B7;
4255 : 00271793;
4256 : 6C868693;
4257 : 00F687B3;
4258 : 2E07A783;
4259 : 04078463;
425a : 000780E7;
425b : 00050413;
425c : 00048513;
425d : EB5FF0EF;
425e : 00300593;
425f : 00048513;
4260 : 1E4080EF;
4261 : 00A4A423;
4262 : 00040663;
4263 : 00200793;
4264 : 00F4A223;
4265 : 00C12083;
4266 : 00040513;
4267 : 00812403;
4268 : 00412483;
4269 : 01010113;
426a : 00008067;
426b : FC0402E3;
426c : 0001D6B7;
426d : 45868693;
426e : 00100613;
426f : 00500593;
4270 : 00048513;
4271 : 2B4080EF;
4272 : 00000413;
4273 : FA5FF06F;
4274 : 02052783;
4275 : FE010113;
4276 : 00812C23;
4277 : 00C7A783;
4278 : 01212823;
4279 : 01312623;
427a : 00112E23;
427b : 00912A23;
427c : 00050413;
427d : 00058993;
427e : 00060913;
427f : 02079A63;
4280 : 27144703;
4281 : 00C00793;
4282 : 04E7F063;
4283 : 00000493;
4284 : 06090263;
4285 : 0001D6B7;
4286 : 45868693;
4287 : 00100613;
4288 : 00500593;
4289 : 00040513;
428a : 250080EF;
428b : 0480006F;
428c : 000780E7;
428d : 00050493;
428e : FC0504E3;
428f : 00200793;
4290 : 00F42223;
4291 : 03C0006F;
4292 : 0001B6B7;
4293 : 00271793;
4294 : 6C868693;
4295 : 00F687B3;
4296 : 3107A783;
4297 : FA0788E3;
4298 : 00090613;
4299 : 00098593;
429a : 00040513;
429b : 000780E7;
429c : 00050493;
429d : 00040513;
429e : DB1FF0EF;
429f : FC0490E3;
42a0 : 00040513;
42a1 : 00300593;
42a2 : 0DC080EF;
42a3 : 00A42423;
42a4 : 01C12083;
42a5 : 01812403;
42a6 : 01012903;
42a7 : 00C12983;
42a8 : 00048513;
42a9 : 01412483;
42aa : 02010113;
42ab : 00008067;
42ac : FD010113;
42ad : 01412C23;
42ae : 03452A03;
42af : 02812423;
42b0 : 02912223;
42b1 : 004A2783;
42b2 : 03212023;
42b3 : 01312E23;
42b4 : 0047A783;
42b5 : 02112623;
42b6 : 00600713;
42b7 : 17852483;
42b8 : 00050413;
42b9 : 00058913;
42ba : 00060993;
42bb : 00E79863;
42bc : 008A2703;
42bd : 00A74703;
42be : 24F71063;
42bf : 03842783;
42c0 : 00040513;
42c1 : 0007A783;
42c2 : 000780E7;
42c3 : 22054663;
42c4 : 008A2783;
42c5 : 0087D703;
42c6 : 00100793;
42c7 : 02E7DC63;
42c8 : 000A2783;
42c9 : 00100613;
42ca : 00000693;
42cb : 00100593;
42cc : 0007A503;
42cd : 00B50863;
42ce : 2A07C503;
42cf : 00B51463;
42d0 : 00000613;
42d1 : 00168693;
42d2 : 34878793;
42d3 : FEE6C2E3;
42d4 : 10060463;
42d5 : 00100793;
42d6 : 06040593;
42d7 : 1EE7D463;
42d8 : 03442783;
42d9 : D8FD9737;
42da : FD970713;
42db : 0007A783;
42dc : 40F407B3;
42dd : 4037D793;
42de : 02E787B3;
42df : 0FF7F793;
42e0 : 1C078263;
42e1 : 00500713;
42e2 : FFF00613;
42e3 : 00E406B3;
42e4 : 0606C683;
42e5 : 00810593;
42e6 : 00E585B3;
42e7 : 40F68533;
42e8 : 00A58023;
42e9 : FFF70713;
42ea : 00F6B7B3;
42eb : FEC710E3;
42ec : 03442783;
42ed : 00814703;
42ee : 0087A783;
42ef : 00E78023;
42f0 : 00914703;
42f1 : 00E780A3;
42f2 : 00A14703;
42f3 : 00E78123;
42f4 : FFF00713;
42f5 : 00E781A3;
42f6 : FFE00713;
42f7 : 00E78223;
42f8 : 00B14703;
42f9 : 00E782A3;
42fa : 00C14703;
42fb : 00E78323;
42fc : 00D14703;
42fd : 00E783A3;
42fe : 03442783;
42ff : 0087A703;
4300 : 0107A783;
4301 : 00072683;
4302 : 00D7A023;
4303 : 00472683;
4304 : 00D7A223;
4305 : FFFF06B7;
4306 : 00D7A423;
4307 : 800006B7;
4308 : FFF6C693;
4309 : 00D7A623;
430a : 00072683;
430b : 00D7A823;
430c : 00472683;
430d : 00D7AA23;
430e : 00A75683;
430f : 00D79C23;
4310 : 00C75683;
4311 : 00D79D23;
4312 : 00E74683;
4313 : 00D78E23;
4314 : 00F74703;
4315 : 00E78EA3;
4316 : 03442783;
4317 : 00800613;
4318 : 00048513;
4319 : 0087A583;
431a : AF9FF0EF;
431b : 03442703;
431c : 34840793;
431d : 00040513;
431e : 00072703;
431f : 00048AA3;
4320 : 40E787B3;
4321 : D8FD9737;
4322 : FD970713;
4323 : 4037D793;
4324 : 02E787B3;
4325 : 00F49423;
4326 : 00200793;
4327 : 00F48723;
4328 : 2E842783;
4329 : 00F485A3;
432a : 2EC42783;
432b : 00F48623;
432c : 2F042783;
432d : 00F486A3;
432e : 2F442783;
432f : 00F48523;
4330 : 2F842783;
4331 : 00F48A23;
4332 : 1A9080EF;
4333 : 00040513;
4334 : 73D070EF;
4335 : 17842783;
4336 : 00B78503;
4337 : 58D070EF;
4338 : 01C42783;
4339 : 00251513;
433a : 12A42A23;
433b : 00F037B3;
433c : 34F42023;
433d : 02042783;
433e : 32042E23;
433f : 0007A783;
4340 : 04078A63;
4341 : 00098613;
4342 : 00090593;
4343 : 00040513;
4344 : 000780E7;
4345 : 04050063;
4346 : 0001C737;
4347 : 0001D6B7;
4348 : A0C70713;
4349 : 46C68693;
434a : 00100613;
434b : 00200593;
434c : 00040513;
434d : 745070EF;
434e : 3E800793;
434f : 00F42423;
4350 : 0E00006F;
4351 : 00600613;
4352 : 00810513;
4353 : A15FF0EF;
4354 : E61FF06F;
4355 : 03442783;
4356 : 0001D6B7;
4357 : 48868693;
4358 : 0087A783;
4359 : 00100613;
435a : 00300593;
435b : 00A7C703;
435c : 00040513;
435d : 705070EF;
435e : 03442783;
435f : 0001D6B7;
4360 : 49C68693;
4361 : 0087A783;
4362 : 00100613;
4363 : 00300593;
4364 : 00B7C703;
4365 : 00040513;
4366 : 6E1070EF;
4367 : 05042483;
4368 : 02200613;
4369 : 00000593;
436a : 00048513;
436b : E3CFE0EF;
436c : 17842703;
436d : 00800613;
436e : 01448513;
436f : 01574783;
4370 : 00E74703;
4371 : 00479793;
4372 : 00F77713;
4373 : 00E7E7B3;
4374 : 00F480A3;
4375 : 03442783;
4376 : 0087A783;
4377 : 0107C783;
4378 : 00F48223;
4379 : 17842583;
437a : 979FF0EF;
437b : 17842703;
437c : 00875783;
437d : 00875703;
437e : 00879793;
437f : 00875713;
4380 : 00E7E7B3;
4381 : 00F49E23;
4382 : 0001F7B7;
4383 : 68C7C703;
4384 : 00400793;
4385 : 00F71463;
4386 : 00A00793;
4387 : 00F42223;
4388 : 02C12083;
4389 : 02812403;
438a : 02412483;
438b : 02012903;
438c : 01C12983;
438d : 01812A03;
438e : 00000513;
438f : 03010113;
4390 : 00008067;
4391 : FD010113;
4392 : 17852783;
4393 : 02912223;
4394 : 00060493;
4395 : 02812423;
4396 : 03212023;
4397 : 00058413;
4398 : 00050913;
4399 : 00800613;
439a : 02258593;
439b : 00048513;
439c : 01312E23;
439d : 01412C23;
439e : 0107A983;
439f : 02112623;
43a0 : 00068A13;
43a1 : 8DDFF0EF;
43a2 : 02A45783;
43a3 : 02A45703;
43a4 : 00879793;
43a5 : 00875713;
43a6 : 00E7E7B3;
43a7 : 00F49423;
43a8 : 02C45783;
43a9 : 02C45703;
43aa : 00879793;
43ab : 00875713;
43ac : 00E7E7B3;
43ad : 01079793;
43ae : 0107D793;
43af : 00300713;
43b0 : 04E78E63;
43b1 : 00100513;
43b2 : 00F12623;
43b3 : F6CFB0EF;
43b4 : 00C12783;
43b5 : 0001D737;
43b6 : 0001D6B7;
43b7 : 4B470713;
43b8 : 4D868693;
43b9 : 00100613;
43ba : 00500593;
43bb : 00090513;
43bc : 589070EF;
43bd : 00000413;
43be : 02C12083;
43bf : 00040513;
43c0 : 02812403;
43c1 : 02412483;
43c2 : 02012903;
43c3 : 01C12983;
43c4 : 01812A03;
43c5 : 03010113;
43c6 : 00008067;
43c7 : 03245483;
43c8 : 03245783;
43c9 : 03045703;
43ca : 00849493;
43cb : 0087D793;
43cc : 00F4E4B3;
43cd : 03045783;
43ce : 00875713;
43cf : 01049493;
43d0 : 00879793;
43d1 : 00E7E7B3;
43d2 : 01079793;
43d3 : 0104D493;
43d4 : 0107D793;
43d5 : 0084D713;
43d6 : 00879793;
43d7 : 00F767B3;
43d8 : 00080737;
43d9 : 03070713;
43da : 02E78463;
43db : 00200513;
43dc : 00F12623;
43dd : EC4FB0EF;
43de : 0001D737;
43df : 0001D6B7;
43e0 : 00C12783;
43e1 : 4B470713;
43e2 : 50068693;
43e3 : F59FF06F;
43e4 : 03445783;
43e5 : 03445703;
43e6 : 00849493;
43e7 : 00879793;
43e8 : 00875713;
43e9 : 00E7E7B3;
43ea : 01079793;
43eb : 0107D793;
43ec : 0087D713;
43ed : 00E4E4B3;
43ee : 01049493;
43ef : 0000E737;
43f0 : 0104D493;
43f1 : EAD70713;
43f2 : 02E48263;
43f3 : 00300513;
43f4 : E68FB0EF;
43f5 : 0001D737;
43f6 : 0001D6B7;
43f7 : 00048793;
43f8 : 4B470713;
43f9 : 51868693;
43fa : EFDFF06F;
43fb : 0FF7F793;
43fc : 00100713;
43fd : 02E78463;
43fe : 00400513;
43ff : 00F12623;
4400 : E38FB0EF;
4401 : 0001D737;
4402 : 0001D6B7;
4403 : 00C12783;
4404 : 4B470713;
4405 : 53C68693;
4406 : ECDFF06F;
4407 : 03645783;
4408 : 03645703;
4409 : 0001F6B7;
440a : 00879793;
440b : 00875713;
440c : 00E7E7B3;
440d : 6286A703;
440e : 01079793;
440f : 0107D793;
4410 : 00170713;
4411 : 62E6A423;
4412 : 0001F737;
4413 : 62F71623;
4414 : 00001737;
4415 : 00FA1023;
4416 : 00370693;
4417 : 02D78463;
4418 : 00470713;
4419 : 08E78A63;
441a : 33C92703;
441b : 00200793;
441c : 00100413;
441d : E8F712E3;
441e : 00090513;
441f : 748080EF;
4420 : E79FF06F;
4421 : 03844783;
4422 : 00100613;
4423 : 00500593;
4424 : 04F99223;
4425 : 03845783;
4426 : 00090513;
4427 : 0087D793;
4428 : 04F98623;
4429 : 03C45703;
442a : 03C45783;
442b : 03A45683;
442c : 00871713;
442d : 0087D793;
442e : 00F76733;
442f : 03A45783;
4430 : 0086D693;
4431 : 01071713;
4432 : 00879793;
4433 : 00D7E7B3;
4434 : 01079793;
4435 : 0107D793;
4436 : 00F76733;
4437 : 17892783;
4438 : 0001D6B7;
4439 : 56068693;
443a : 0107A783;
443b : 04E7A423;
443c : 389070EF;
443d : F75FF06F;
443e : 03842503;
443f : 1F9080EF;
4440 : 02A9A023;
4441 : 03C42503;
4442 : 1ED080EF;
4443 : 00A9AE23;
4444 : 04042503;
4445 : 1E1080EF;
4446 : 02A9A423;
4447 : 04442503;
4448 : 1D5080EF;
4449 : 02A9A223;
444a : F41FF06F;
444b : 17852783;
444c : 00052703;
444d : FD010113;
444e : 02812423;
444f : 03212023;
4450 : 02112623;
4451 : 0107A903;
4452 : 02912223;
4453 : 00600793;
4454 : 00050413;
4455 : 06F71063;
4456 : 27154703;
4457 : 00C00793;
4458 : 3E800493;
4459 : 02F71A63;
445a : 00E10693;
445b : 01010613;
445c : CD5FF0EF;
445d : 02050263;
445e : 00E15703;
445f : 000017B7;
4460 : 00F71863;
4461 : 00300793;
4462 : 00F92223;
4463 : 00000493;
4464 : 00040513;
4465 : 5C4080EF;
4466 : 02C12083;
4467 : 02812403;
4468 : 02012903;
4469 : 00048513;
446a : 02412483;
446b : 03010113;
446c : 00008067;
446d : 05C92703;
446e : 00100793;
446f : 08F71063;
4470 : 34052703;
4471 : 00200793;
4472 : 02F71463;
4473 : 0001F737;
4474 : 0001D6B7;
4475 : 3CC70713;
4476 : 57C68693;
4477 : 00100613;
4478 : 00200593;
4479 : 295070EF;
447a : 00040513;
447b : 56C080EF;
447c : 34042703;
447d : 00100793;
447e : 02F71C63;
447f : 00092783;
4480 : 00000493;
4481 : F8079AE3;
4482 : 00042703;
4483 : 00900793;
4484 : 00F71663;
4485 : 00800793;
4486 : 00F42223;
4487 : 00200593;
4488 : 00040513;
4489 : C30FB0EF;
448a : 00100793;
448b : 00F92223;
448c : 04092E23;
448d : 00000493;
448e : F61FF06F;
448f : 00200693;
4490 : 3E800493;
4491 : F4D71AE3;
4492 : 34052703;
4493 : 02F71463;
4494 : 0001F737;
4495 : 0001D6B7;
4496 : 3CC70713;
4497 : 59868693;
4498 : 00100613;
4499 : 00200593;
449a : 211070EF;
449b : 00040513;
449c : 570080EF;
449d : 00042703;
449e : 00900793;
449f : 00F71663;
44a0 : 00800793;
44a1 : 00F42223;
44a2 : 04092E23;
44a3 : 3E800493;
44a4 : F09FF06F;
44a5 : 17852783;
44a6 : FE010113;
44a7 : 0001C737;
44a8 : 0001D6B7;
44a9 : 01212823;
44aa : A1C70713;
44ab : 00058913;
44ac : F2468693;
44ad : 00200613;
44ae : 00200593;
44af : 00812C23;
44b0 : 00912A23;
44b1 : 00112E23;
44b2 : 0107A483;
44b3 : 01312623;
44b4 : 01412423;
44b5 : 01512223;
44b6 : 00050413;
44b7 : 19D070EF;
44b8 : 03095783;
44b9 : 0E078463;
44ba : 01842783;
44bb : 03295403;
44bc : 00690A93;
44bd : 0167C703;
44be : 00347993;
44bf : 04E48A13;
44c0 : 04071E63;
44c1 : 000A0593;
44c2 : 000A8513;
44c3 : DF5FE0EF;
44c4 : 00100793;
44c5 : 02051E63;
44c6 : 0584D783;
44c7 : 00095603;
44c8 : 00100693;
44c9 : 00178713;
44ca : 01071713;
44cb : 01075713;
44cc : 00E60C63;
44cd : 00278793;
44ce : 01079793;
44cf : 0107D793;
44d0 : 40C787B3;
44d1 : 0017B693;
44d2 : 00100793;
44d3 : 40D787B3;
44d4 : 02099463;
44d5 : 00078E63;
44d6 : 00C0006F;
44d7 : 00078B23;
44d8 : 00099E63;
44d9 : 05C4A703;
44da : 00200793;
44db : 0AF71063;
44dc : 00000413;
44dd : 0140006F;
44de : 00078863;
44df : 05C4A703;
44e0 : 00100793;
44e1 : 06F71863;
44e2 : 00347713;
44e3 : 00E037B3;
44e4 : 04F48123;
44e5 : 00345793;
44e6 : 00245413;
44e7 : 0017F793;
44e8 : 00147413;
44e9 : 00F484A3;
44ea : 048481A3;
44eb : 04E480A3;
44ec : 00A00613;
44ed : 000A8593;
44ee : 000A0513;
44ef : BA4FF0EF;
44f0 : 00095783;
44f1 : 04F49C23;
44f2 : 02091823;
44f3 : 01C12083;
44f4 : 01812403;
44f5 : 01412483;
44f6 : 01012903;
44f7 : 00C12983;
44f8 : 00812A03;
44f9 : 00412A83;
44fa : 00000513;
44fb : 02010113;
44fc : 00008067;
44fd : 00147713;
44fe : 00200413;
44ff : F80706E3;
4500 : 04F4AE23;
4501 : 00098413;
4502 : F81FF06F;
4503 : 04F4AE23;
4504 : F61FF06F;
4505 : 06C52783;
4506 : FD010113;
4507 : 02812423;
4508 : 02112623;
4509 : 02912223;
450a : 03212023;
450b : 00050413;
450c : 00078463;
450d : B10FB0EF;
450e : 02C42783;
450f : 00100713;
4510 : 0EF74A63;
4511 : 1007D663;
4512 : 08C42583;
4513 : 04042703;
4514 : 00B70733;
4515 : 00377793;
4516 : 00078663;
4517 : 00400693;
4518 : 40F687B3;
4519 : 00F70733;
451a : 09042603;
451b : 04442783;
451c : 04E42823;
451d : 00C787B3;
451e : 0037F693;
451f : 00068663;
4520 : 00400513;
4521 : 40D506B3;
4522 : 00D787B3;
4523 : 04F42A23;
4524 : 40C787B3;
4525 : 40B70733;
4526 : 04F42623;
4527 : 0001C5B7;
4528 : FFFFF7B7;
4529 : 78878793;
452a : 04E42423;
452b : 00600613;
452c : A2858593;
452d : 00C10513;
452e : 00F11C23;
452f : AA4FF0EF;
4530 : 000207B7;
4531 : 00021537;
4532 : 42478793;
4533 : 00000713;
4534 : 00100693;
4535 : 00C10613;
4536 : 20000593;
4537 : 31450513;
4538 : FD1F80EF;
4539 : 00050493;
453a : 02050863;
453b : 00020937;
453c : 00600613;
453d : 9A890593;
453e : 07440513;
453f : A64FF0EF;
4540 : 00600613;
4541 : 06942623;
4542 : 9A890593;
4543 : 06040513;
4544 : A50FF0EF;
4545 : 04942C23;
4546 : 02C12083;
4547 : 02812403;
4548 : 02412483;
4549 : 02012903;
454a : 00000513;
454b : 03010113;
454c : 00008067;
454d : 00200713;
454e : F0E798E3;
454f : 01200793;
4550 : 08F42623;
4551 : 00E00793;
4552 : 08F42823;
4553 : EFDFF06F;
4554 : 08042623;
4555 : 08042823;
4556 : EF1FF06F;
4557 : 00C00793;
4558 : 02F686B3;
4559 : FA010113;
455a : 05412423;
455b : 0001BA37;
455c : 05212823;
455d : 00058913;
455e : 6C8A0593;
455f : 04112E23;
4560 : 04812C23;
4561 : 04912A23;
4562 : 00D586B3;
4563 : 05312623;
4564 : 36F6C783;
4565 : FFFFF737;
4566 : 78870713;
4567 : 00E11C23;
4568 : 00600713;
4569 : 02E787B3;
456a : 06C52483;
456b : 3EC58593;
456c : 00050413;
456d : 00060993;
456e : 00C10513;
456f : 00600613;
4570 : 00F585B3;
4571 : 99CFF0EF;
4572 : 02010713;
4573 : 00098693;
4574 : 00090613;
4575 : 00048513;
4576 : 00C10593;
4577 : D98F90EF;
4578 : 02012783;
4579 : 02412683;
457a : 03C12603;
457b : 12F42023;
457c : 02812783;
457d : 12D42223;
457e : 00050493;
457f : 4107D893;
4580 : 01079793;
4581 : 12F42423;
4582 : 13142623;
4583 : 6C8A0713;
4584 : 00061C63;
4585 : 00269693;
4586 : 0026D693;
4587 : 8F000637;
4588 : 00D666B3;
4589 : 12D42223;
458a : 12042803;
458b : 0107D793;
458c : 01089893;
458d : 0001D6B7;
458e : 00F8E8B3;
458f : 40070713;
4590 : 00048793;
4591 : 5B468693;
4592 : 00200613;
4593 : 00500593;
4594 : 00040513;
4595 : 624070EF;
4596 : 0001F7B7;
4597 : 68C7C703;
4598 : 00400793;
4599 : 02F71E63;
459a : 12842783;
459b : 3E800713;
459c : 12C42603;
459d : 01079693;
459e : 0106D693;
459f : 02E686B3;
45a0 : 12042583;
45a1 : 01061613;
45a2 : 0107D793;
45a3 : 0001D537;
45a4 : 00F66633;
45a5 : 5D450513;
45a6 : 0106D693;
45a7 : E39F60EF;
45a8 : 02905C63;
45a9 : 000207B7;
45aa : 9107A783;
45ab : 02442703;
45ac : 00E7E7B3;
45ad : 0147D793;
45ae : 00E7F793;
45af : 00078E63;
45b0 : 0001D537;
45b1 : 12040693;
45b2 : 00098613;
45b3 : 00090593;
45b4 : 5E450513;
45b5 : 3AC060EF;
45b6 : 05C12083;
45b7 : 05812403;
45b8 : 05012903;
45b9 : 04C12983;
45ba : 04812A03;
45bb : 00048513;
45bc : 05412483;
45bd : 06010113;
45be : 00008067;
45bf : 00B505B3;
45c0 : 00050793;
45c1 : 00B79663;
45c2 : 40A78533;
45c3 : 00008067;
45c4 : 0007C703;
45c5 : FE070AE3;
45c6 : 00178793;
45c7 : FE9FF06F;
45c8 : FB010113;
45c9 : 04912223;
45ca : 00050613;
45cb : 00050493;
45cc : 0001C537;
45cd : 00500593;
45ce : AD850513;
45cf : 04112623;
45d0 : 04812423;
45d1 : 05212023;
45d2 : 03312E23;
45d3 : 03412C23;
45d4 : 03512A23;
45d5 : 03612823;
45d6 : CD8FB0EF;
45d7 : 00400793;
45d8 : 30A7E863;
45d9 : 0001B737;
45da : 00251793;
45db : 6A070713;
45dc : 00E787B3;
45dd : 0007A783;
45de : 00050413;
45df : 00078067;
45e0 : A90F60EF;
45e1 : FFF00793;
45e2 : 0EF51063;
45e3 : 0001C537;
45e4 : 1D850513;
45e5 : D41F60EF;
45e6 : FFB00413;
45e7 : 0CC0006F;
45e8 : 0144A783;
45e9 : 2C078663;
45ea : 0044A903;
45eb : 01000593;
45ec : 00090513;
45ed : F49FF0EF;
45ee : 00000793;
45ef : 0CA79C63;
45f0 : 01000793;
45f1 : 02000713;
45f2 : 0EF51463;
45f3 : 0084A503;
45f4 : D49FA0EF;
45f5 : 02A12223;
45f6 : 00C4A503;
45f7 : D3DFA0EF;
45f8 : 02A12423;
45f9 : 0104A503;
45fa : D31FA0EF;
45fb : 3B9AD7B7;
45fc : A0078793;
45fd : 02F50733;
45fe : 02F51533;
45ff : 00E12E23;
4600 : 02A12023;
4601 : 00055463;
4602 : FFF00413;
4603 : 0144A503;
4604 : D09FA0EF;
4605 : 02850433;
4606 : 01C12783;
4607 : 02012703;
4608 : 00100593;
4609 : 00000613;
460a : 00C10513;
460b : 41F45693;
460c : 00878433;
460d : 00D70733;
460e : 00F437B3;
460f : 00E787B3;
4610 : 02F12023;
4611 : 00812E23;
4612 : D40F70EF;
4613 : FFE00793;
4614 : 00050593;
4615 : 06F51863;
4616 : 0001D537;
4617 : 5F450513;
4618 : C75F60EF;
4619 : FE400413;
461a : 04C12083;
461b : 00040513;
461c : 04812403;
461d : 04412483;
461e : 04012903;
461f : 03C12983;
4620 : 03812A03;
4621 : 03412A83;
4622 : 03012B03;
4623 : 05010113;
4624 : 00008067;
4625 : 00F90733;
4626 : 00074683;
4627 : 00C10713;
4628 : 00F70733;
4629 : 00D70023;
462a : 00178793;
462b : F11FF06F;
462c : 00C10693;
462d : 00A686B3;
462e : 00E68023;
462f : 00150513;
4630 : F09FF06F;
4631 : FFF00793;
4632 : 00F51863;
4633 : 0001D537;
4634 : 60450513;
4635 : EC1FF06F;
4636 : 0001D537;
4637 : 61050513;
4638 : BF5F60EF;
4639 : 00000413;
463a : F81FF06F;
463b : 00055E63;
463c : 00050593;
463d : 0001D537;
463e : 63450513;
463f : BD9F60EF;
4640 : FF200413;
4641 : F65FF06F;
4642 : 00148493;
4643 : 00048593;
4644 : 65098513;
4645 : BC1F60EF;
4646 : 00000913;
4647 : 00C10793;
4648 : 012787B3;
4649 : 0007C583;
464a : 140A0513;
464b : 00190913;
464c : BA5F60EF;
464d : FF5914E3;
464e : 01C12703;
464f : 02012783;
4650 : 02812603;
4651 : 02412583;
4652 : 658B0513;
4653 : B89F60EF;
4654 : F884FAE3;
4655 : 00048613;
4656 : 00000593;
4657 : 00C10513;
4658 : 864F70EF;
4659 : 00050413;
465a : F80512E3;
465b : 0001D537;
465c : 62050513;
465d : B61F60EF;
465e : EF1FF06F;
465f : 00100413;
4660 : 00000493;
4661 : 0001D9B7;
4662 : 0001DA37;
4663 : 01000A93;
4664 : 0001DB37;
4665 : FBDFF06F;
4666 : 0044A703;
4667 : 02071463;
4668 : 00000513;
4669 : 0340006F;
466a : 00170713;
466b : 00178793;
466c : 00074603;
466d : 0007C683;
466e : 00060C63;
466f : FED606E3;
4670 : FE1FF06F;
4671 : 0001D7B7;
4672 : 5EC78793;
4673 : FE5FF06F;
4674 : 00100513;
4675 : FC0696E3;
4676 : 909F70EF;
4677 : FED00793;
4678 : 00050413;
4679 : 00F51863;
467a : 0001D537;
467b : 67C50513;
467c : F85FF06F;
467d : FFB00793;
467e : 00F51863;
467f : 0001D537;
4680 : 68850513;
4681 : F71FF06F;
4682 : 0001F5B7;
4683 : 0001D537;
4684 : 4AC58593;
4685 : 69850513;
4686 : ABDF60EF;
4687 : FFA00793;
4688 : 00F41863;
4689 : 0001D537;
468a : 6A050513;
468b : F49FF06F;
468c : 0001F6B7;
468d : 4A868693;
468e : 0146A703;
468f : 0186A783;
4690 : 0206A603;
4691 : 01C6A583;
4692 : 0001D537;
4693 : 6B850513;
4694 : A85F60EF;
4695 : E15FF06F;
4696 : 0044A503;
4697 : FFF00413;
4698 : E00504E3;
4699 : AB5FA0EF;
469a : C21F10EF;
469b : E79FF06F;
469c : FFF00413;
469d : DF5FF06F;
469e : 00000693;
469f : 0005DC63;
46a0 : 00A03733;
46a1 : 40B007B3;
46a2 : 40E785B3;
46a3 : 40A00533;
46a4 : 00100693;
46a5 : 3E800713;
46a6 : 02A707B3;
46a7 : 02B705B3;
46a8 : 02A73733;
46a9 : 00008537;
46aa : 00A78533;
46ab : 00E58733;
46ac : 00F535B3;
46ad : 00E585B3;
46ae : 01059793;
46af : 01055513;
46b0 : 00A7E533;
46b1 : 0105D593;
46b2 : 00068A63;
46b3 : 00A03733;
46b4 : 40B007B3;
46b5 : 40E785B3;
46b6 : 40A00533;
46b7 : 00008067;
46b8 : 00452703;
46b9 : 00052883;
46ba : 00852303;
46bb : 00C52603;
46bc : 00074863;
46bd : 00E8E7B3;
46be : 0A079863;
46bf : 0A065663;
46c0 : 006036B3;
46c1 : 40C007B3;
46c2 : 40D78633;
46c3 : 011036B3;
46c4 : 40E007B3;
46c5 : 40600333;
46c6 : 40D78733;
46c7 : 411008B3;
46c8 : FFF00513;
46c9 : FFF00593;
46ca : 3E800813;
46cb : 02C806B3;
46cc : 000087B7;
46cd : 02680633;
46ce : 02683833;
46cf : 00F607B3;
46d0 : 01068833;
46d1 : 00C7B6B3;
46d2 : 010686B3;
46d3 : 01069613;
46d4 : 0107D793;
46d5 : D4A51837;
46d6 : 00F667B3;
46d7 : 0E800613;
46d8 : 03160633;
46d9 : 0106D693;
46da : 02E80733;
46db : 00C70733;
46dc : 03180633;
46dd : 031838B3;
46de : 00C78633;
46df : 00F637B3;
46e0 : 01170733;
46e1 : 00E68733;
46e2 : 00E787B3;
46e3 : 02C585B3;
46e4 : 02A787B3;
46e5 : 00B787B3;
46e6 : 02A635B3;
46e7 : 02A60533;
46e8 : 00B785B3;
46e9 : 00008067;
46ea : 00100513;
46eb : 00000593;
46ec : F79FF06F;
46ed : 00452703;
46ee : 00052683;
46ef : 00852603;
46f0 : 00C52803;
46f1 : 0E075A63;
46f2 : 41875793;
46f3 : 0C07F793;
46f4 : 08000593;
46f5 : 0EB79863;
46f6 : 00100793;
46f7 : 00000593;
46f8 : 02D588B3;
46f9 : CA000337;
46fa : 02F70733;
46fb : 01170733;
46fc : 02F688B3;
46fd : 02F6B6B3;
46fe : 01152023;
46ff : 000048B7;
4700 : B9A88893;
4701 : 00D70733;
4702 : 02F80833;
4703 : 00E52223;
4704 : 02C58733;
4705 : 02C786B3;
4706 : 01070733;
4707 : 02C7B633;
4708 : 00D52423;
4709 : 00C70733;
470a : 00E52623;
470b : 00C52683;
470c : 00852703;
470d : 00052603;
470e : 00452803;
470f : 0806CA63;
4710 : 00004837;
4711 : FFFFC337;
4712 : B9A80813;
4713 : CA000EB7;
4714 : 36000F37;
4715 : 46530313;
4716 : 00C52703;
4717 : 00852683;
4718 : 00052603;
4719 : 00452883;
471a : 08E84C63;
471b : 01071463;
471c : 08DEE863;
471d : 02C58833;
471e : 02F888B3;
471f : 01180833;
4720 : 02C788B3;
4721 : 02C7B633;
4722 : 01152023;
4723 : 02F70733;
4724 : 00C80633;
4725 : 00C52223;
4726 : 02D585B3;
4727 : 02F68633;
4728 : 00B70733;
4729 : 02F6B7B3;
472a : 00C52423;
472b : 00F707B3;
472c : 00F52623;
472d : 00008067;
472e : 00E6E7B3;
472f : F0079EE3;
4730 : F0085CE3;
4731 : FFF00793;
4732 : FFF00593;
4733 : F15FF06F;
4734 : FFF60E13;
4735 : 00163613;
4736 : 40C80633;
4737 : 00C52223;
4738 : 00670633;
4739 : 00E63733;
473a : 011686B3;
473b : 00D70733;
473c : 01C52023;
473d : 00C52423;
473e : 00E52623;
473f : F31FF06F;
4740 : 00160E13;
4741 : 00CE3633;
4742 : 01160633;
4743 : 00C52223;
4744 : 01E68633;
4745 : 00D636B3;
4746 : 00670733;
4747 : 00E68733;
4748 : 01C52023;
4749 : 00C52423;
474a : 00E52623;
474b : F2DFF06F;
474c : 0005A683;
474d : 00052603;
474e : 0045A803;
474f : 00452703;
4750 : 40D606B3;
4751 : 00D63633;
4752 : 41070733;
4753 : 40C70733;
4754 : 00E52223;
4755 : 00852603;
4756 : 00D52023;
4757 : 0085A683;
4758 : 00C52703;
4759 : 00C5A583;
475a : 40D606B3;
475b : 00D63633;
475c : 40B70733;
475d : 40C70733;
475e : 00D52423;
475f : 00E52623;
4760 : E35FF06F;
4761 : F8010113;
4762 : 07212823;
4763 : 00050913;
4764 : 06C52503;
4765 : 06812C23;
4766 : 07312623;
4767 : 00068413;
4768 : 00058993;
4769 : 00060693;
476a : 04010713;
476b : 00058613;
476c : 02C10593;
476d : 06912A23;
476e : 06112E23;
476f : 07412423;
4770 : C74F80EF;
4771 : 00050493;
4772 : 18A05C63;
4773 : 0001FA37;
4774 : 08040063;
4775 : 04012783;
4776 : 3E800713;
4777 : 04412683;
4778 : 00F42023;
4779 : 04C12783;
477a : 00D42223;
477b : 01079793;
477c : 02E7C7B3;
477d : 04812703;
477e : 41F75613;
477f : 01075513;
4780 : 01061613;
4781 : 01071713;
4782 : 00C56633;
4783 : 41F7D593;
4784 : 00E78733;
4785 : 00F737B3;
4786 : 00C58633;
4787 : 00C787B3;
4788 : 00F42623;
4789 : 05C12783;
478a : 00E42423;
478b : 02079263;
478c : 68CA4703;
478d : 00400793;
478e : 00F70C63;
478f : 00269693;
4790 : 0026D693;
4791 : 8F0007B7;
4792 : 00D7E6B3;
4793 : 00D42223;
4794 : 00600613;
4795 : 02C10593;
4796 : 09490513;
4797 : 905FE0EF;
4798 : 03C15783;
4799 : 02492703;
479a : 0AF91023;
479b : 000207B7;
479c : 9107A783;
479d : 00E7E7B3;
479e : 0147D793;
479f : 00E7F793;
47a0 : 00078E63;
47a1 : 0001D537;
47a2 : 00040693;
47a3 : 00048613;
47a4 : 00098593;
47a5 : 6E050513;
47a6 : 3E9050EF;
47a7 : 68CA4703;
47a8 : 00400793;
47a9 : 0AF71E63;
47aa : 01000613;
47ab : 00040593;
47ac : 01810513;
47ad : 8ADFE0EF;
47ae : 974F10EF;
47af : 00000793;
47b0 : 3E800993;
47b1 : 00F12423;
47b2 : 01051793;
47b3 : 0337C7B3;
47b4 : 00000813;
47b5 : 00810593;
47b6 : 01810513;
47b7 : 01012623;
47b8 : 00010437;
47b9 : FFF40413;
47ba : 00F12823;
47bb : 41F7D793;
47bc : 00F12A23;
47bd : E3DFF0EF;
47be : 02012783;
47bf : 02412603;
47c0 : 01812583;
47c1 : 0087F6B3;
47c2 : 033686B3;
47c3 : 0107D793;
47c4 : 01061613;
47c5 : 0001D537;
47c6 : 00F66633;
47c7 : 6E850513;
47c8 : 4106D693;
47c9 : DB0F60EF;
47ca : 12090593;
47cb : 01810513;
47cc : E01FF0EF;
47cd : 02012783;
47ce : 02412583;
47cf : 0001D537;
47d0 : 0087F633;
47d1 : 03360633;
47d2 : 01059593;
47d3 : 0107D793;
47d4 : 00F5E5B3;
47d5 : 6F850513;
47d6 : 41065613;
47d7 : D78F60EF;
47d8 : 07C12083;
47d9 : 07812403;
47da : 07012903;
47db : 06C12983;
47dc : 06812A03;
47dd : 00048513;
47de : 07412483;
47df : 08010113;
47e0 : 00008067;
47e1 : 0005A683;
47e2 : 00052703;
47e3 : 0045A803;
47e4 : 00452603;
47e5 : 00D706B3;
47e6 : 00E6B733;
47e7 : 01060633;
47e8 : 00C70733;
47e9 : 00E52223;
47ea : 00D52023;
47eb : 00852703;
47ec : 0085A683;
47ed : 00C52603;
47ee : 00C5A583;
47ef : 00D706B3;
47f0 : 00E6B733;
47f1 : 00B60633;
47f2 : 00C70733;
47f3 : 00D52423;
47f4 : 00E52623;
47f5 : BE1FF06F;
47f6 : FD010113;
47f7 : 02812423;
47f8 : 03212023;
47f9 : 02112623;
47fa : 02912223;
47fb : 00050413;
47fc : 00058913;
47fd : 950FE0EF;
47fe : 02051C63;
47ff : 00050493;
4800 : 0001C5B7;
4801 : 0001D537;
4802 : AEC58593;
4803 : 70850513;
4804 : CC4F60EF;
4805 : 02C12083;
4806 : 02812403;
4807 : 02012903;
4808 : 00048513;
4809 : 02412483;
480a : 03010113;
480b : 00008067;
480c : 02844783;
480d : 0027F793;
480e : 02079063;
480f : 0001C5B7;
4810 : 0001D537;
4811 : AEC58593;
4812 : 74450513;
4813 : C88F60EF;
4814 : 00000493;
4815 : FC1FF06F;
4816 : 24C45683;
4817 : 29A45603;
4818 : 00C68E63;
4819 : 0001C5B7;
481a : 0001D537;
481b : AEC58593;
481c : 77C50513;
481d : C60F60EF;
481e : FD9FF06F;
481f : 01010593;
4820 : 00090513;
4821 : 844FD0EF;
4822 : 02844783;
4823 : 0A840513;
4824 : 01010593;
4825 : FFD7F793;
4826 : 02F40423;
4827 : 00A12623;
4828 : EE5FF0EF;
4829 : 00C12503;
482a : 28040593;
482b : ED9FF0EF;
482c : 28842703;
482d : 28C42783;
482e : 000205B7;
482f : 10E42423;
4830 : 10F42623;
4831 : 00300613;
4832 : 92458593;
4833 : 00040513;
4834 : BB8FC0EF;
4835 : F6051EE3;
4836 : 02042783;
4837 : 0207A783;
4838 : 00079863;
4839 : 00040513;
483a : F4CF10EF;
483b : F65FF06F;
483c : 00040513;
483d : 000780E7;
483e : 00100793;
483f : 00050493;
4840 : F4F508E3;
4841 : FE0550E3;
4842 : F0DFF06F;
4843 : FE010113;
4844 : 00812C23;
4845 : 01212823;
4846 : 00112E23;
4847 : 00912A23;
4848 : 00050413;
4849 : 00058913;
484a : 81CFE0EF;
484b : 02051C63;
484c : 00050493;
484d : 0001C5B7;
484e : 0001D537;
484f : B0458593;
4850 : 7BC50513;
4851 : B90F60EF;
4852 : 01C12083;
4853 : 01812403;
4854 : 01012903;
4855 : 00048513;
4856 : 01412483;
4857 : 02010113;
4858 : 00008067;
4859 : 0B042783;
485a : 0B442703;
485b : 00E7E7B3;
485c : 02079263;
485d : 0A842783;
485e : 0AC42703;
485f : 00E7E7B3;
4860 : 00079A63;
4861 : 1F400613;
4862 : 00000593;
4863 : 00040513;
4864 : 454070EF;
4865 : 01000613;
4866 : 11040593;
4867 : 0B840513;
4868 : DC0FE0EF;
4869 : 00010593;
486a : 00090513;
486b : F1DFC0EF;
486c : 27744683;
486d : 02844783;
486e : 0A840713;
486f : 0026F693;
4870 : 28040493;
4871 : 02068663;
4872 : 0027E793;
4873 : 02F40423;
4874 : 29A45783;
4875 : 01000613;
4876 : 00048593;
4877 : 24F41623;
4878 : 00070513;
4879 : D7CFE0EF;
487a : 00000493;
487b : F5DFF06F;
487c : FFD7F793;
487d : 02F40423;
487e : 01000613;
487f : 00010593;
4880 : 00070513;
4881 : D5CFE0EF;
4882 : 00048593;
4883 : D79FF0EF;
4884 : 00000793;
4885 : 00000813;
4886 : 000205B7;
4887 : 10F42423;
4888 : 11042623;
4889 : 00300613;
488a : 92058593;
488b : 00040513;
488c : A58FC0EF;
488d : FA051AE3;
488e : 02042783;
488f : 01C7A783;
4890 : 00079863;
4891 : 00040513;
4892 : DECF10EF;
4893 : F9DFF06F;
4894 : 00040513;
4895 : 000780E7;
4896 : 00100793;
4897 : 00050493;
4898 : F8F504E3;
4899 : FE0550E3;
489a : EE1FF06F;
489b : FE010113;
489c : 00912A23;
489d : 01852483;
489e : 01312623;
489f : 0A850993;
48a0 : 00812C23;
48a1 : 00098593;
48a2 : 00050413;
48a3 : 01000613;
48a4 : 08848513;
48a5 : 00112E23;
48a6 : 01212823;
48a7 : CC4FE0EF;
48a8 : 0B840913;
48a9 : 01000613;
48aa : 00090593;
48ab : 09848513;
48ac : CB0FE0EF;
48ad : 04848593;
48ae : 00098513;
48af : CC9FF0EF;
48b0 : 07848593;
48b1 : 00090513;
48b2 : A69FF0EF;
48b3 : 17C42403;
48b4 : 00098593;
48b5 : 01000613;
48b6 : 08040513;
48b7 : C84FE0EF;
48b8 : 00090593;
48b9 : 09040513;
48ba : 01000613;
48bb : C74FE0EF;
48bc : 00100793;
48bd : 06F401A3;
48be : 01C12083;
48bf : 01812403;
48c0 : 01412483;
48c1 : 01012903;
48c2 : 00C12983;
48c3 : 00000513;
48c4 : 02010113;
48c5 : 00008067;
48c6 : 0001C737;
48c7 : 0001D6B7;
48c8 : FF010113;
48c9 : B1870713;
48ca : F2468693;
48cb : 00200613;
48cc : 00200593;
48cd : 00812423;
48ce : 00112623;
48cf : 00050413;
48d0 : 139060EF;
48d1 : 34042703;
48d2 : 00100793;
48d3 : 00040513;
48d4 : 00F71E63;
48d5 : F19FF0EF;
48d6 : 00C12083;
48d7 : 00812403;
48d8 : 00100513;
48d9 : 01010113;
48da : 00008067;
48db : CC8F10EF;
48dc : FE9FF06F;
48dd : 0001C737;
48de : 0001D6B7;
48df : FF010113;
48e0 : B2870713;
48e1 : F2468693;
48e2 : 00200613;
48e3 : 00200593;
48e4 : 00812423;
48e5 : 00112623;
48e6 : 00050413;
48e7 : 0DD060EF;
48e8 : 34042703;
48e9 : 00100793;
48ea : 00040513;
48eb : 00F71E63;
48ec : EBDFF0EF;
48ed : 00C12083;
48ee : 00812403;
48ef : 00100513;
48f0 : 01010113;
48f1 : 00008067;
48f2 : C6CF10EF;
48f3 : FE9FF06F;
48f4 : FE010113;
48f5 : 00812C23;
48f6 : 00000793;
48f7 : 00050413;
48f8 : 00000813;
48f9 : 00010513;
48fa : 00112E23;
48fb : 00F12023;
48fc : 01012223;
48fd : 00B12423;
48fe : 00C12623;
48ff : FB8FF0EF;
4900 : 00010593;
4901 : 00040513;
4902 : B7DFF0EF;
4903 : 01C12083;
4904 : 01812403;
4905 : 02010113;
4906 : 00008067;
4907 : FE010113;
4908 : 00912A23;
4909 : 00058493;
490a : 0001C5B7;
490b : 01312623;
490c : A3058593;
490d : 05052983;
490e : 00112E23;
490f : 00812C23;
4910 : 01212823;
4911 : 00050413;
4912 : 8F4FC0EF;
4913 : 00200793;
4914 : 00F98323;
4915 : 24E45783;
4916 : 05042683;
4917 : 00050913;
4918 : 00178793;
4919 : 01079793;
491a : 0107D793;
491b : 00879713;
491c : 24F41723;
491d : 0087D793;
491e : 00F767B3;
491f : 00F69F23;
4920 : 00A00613;
4921 : 00000593;
4922 : 02298513;
4923 : F5DFC0EF;
4924 : 19842583;
4925 : 19C42603;
4926 : 00048513;
4927 : F35FF0EF;
4928 : 00098513;
4929 : 00048593;
492a : B60FC0EF;
492b : 01C12083;
492c : 01812403;
492d : 01412483;
492e : 00C12983;
492f : 00090513;
4930 : 01012903;
4931 : 02010113;
4932 : 00008067;
4933 : FD010113;
4934 : 01312E23;
4935 : 00C00993;
4936 : 033687B3;
4937 : 0001C737;
4938 : A3070993;
4939 : 02912223;
493a : 00060493;
493b : 08C52603;
493c : 01412C23;
493d : 00058A13;
493e : 00C58633;
493f : 04852583;
4940 : 00F989B3;
4941 : 03852783;
4942 : 02812423;
4943 : 02112623;
4944 : 00C7A783;
4945 : 03212023;
4946 : 00050413;
4947 : 000780E7;
4948 : FFE00793;
4949 : 10F50263;
494a : 0001B937;
494b : FF490913;
494c : 05455A63;
494d : 0009A783;
494e : 0001D6B7;
494f : 7F068693;
4950 : 00279713;
4951 : 00E90933;
4952 : 00092703;
4953 : 00100613;
4954 : 00500593;
4955 : 00040513;
4956 : 720060EF;
4957 : FFF00493;
4958 : 02C12083;
4959 : 02812403;
495a : 02012903;
495b : 01C12983;
495c : 01812A03;
495d : 00048513;
495e : 02412483;
495f : 03010113;
4960 : 00008067;
4961 : 02042783;
4962 : 0547A783;
4963 : 0A078263;
4964 : 00040513;
4965 : 000780E7;
4966 : 00058613;
4967 : 00050593;
4968 : 12040513;
4969 : E2DFF0EF;
496a : 12842783;
496b : 3E800713;
496c : 12C42803;
496d : 01079893;
496e : 0108D893;
496f : 02E888B3;
4970 : 0009A703;
4971 : 0107D793;
4972 : 01081813;
4973 : 00271713;
4974 : 00E90933;
4975 : 00092703;
4976 : 00F86833;
4977 : 12042783;
4978 : 0001E6B7;
4979 : 00E12023;
497a : 0108D893;
497b : 000A0713;
497c : 81068693;
497d : 00100613;
497e : 00500593;
497f : 00040513;
4980 : 678060EF;
4981 : 00100793;
4982 : 00F49A63;
4983 : 12740783;
4984 : 08000713;
4985 : 0C07F793;
4986 : F4E784E3;
4987 : 33042783;
4988 : 00178793;
4989 : 32F42823;
498a : 00000493;
498b : F35FF06F;
498c : 19842583;
498d : 19C42603;
498e : F69FF06F;
498f : 00C52783;
4990 : FE010113;
4991 : 00812C23;
4992 : 00112E23;
4993 : 00912A23;
4994 : 01212823;
4995 : 00050413;
4996 : 06078A63;
4997 : 00010593;
4998 : F65F90EF;
4999 : 3DE50613;
499a : 00100593;
499b : 00040513;
499c : 775060EF;
499d : 0001E537;
499e : 32040DA3;
499f : 83850513;
49a0 : E55F50EF;
49a1 : 0001E537;
49a2 : 00000593;
49a3 : 86850513;
49a4 : E45F50EF;
49a5 : 0001E537;
49a6 : 8A450513;
49a7 : E39F50EF;
49a8 : 00040513;
49a9 : 00100593;
49aa : 4BC060EF;
49ab : 00A42423;
49ac : 01C12083;
49ad : 01812403;
49ae : 01412483;
49af : 01012903;
49b0 : 00000513;
49b1 : 02010113;
49b2 : 00008067;
49b3 : 00100593;
49b4 : 50D060EF;
49b5 : FC0506E3;
49b6 : 00010593;
49b7 : 00040513;
49b8 : EE5F90EF;
49b9 : 03C42783;
49ba : 03442503;
49bb : 00100593;
49bc : 02C7A783;
49bd : 00012903;
49be : 00412483;
49bf : 000780E7;
49c0 : 03C42783;
49c1 : 00010593;
49c2 : 00040513;
49c3 : 00C7A783;
49c4 : 000780E7;
49c5 : 00012783;
49c6 : 01279663;
49c7 : 00412783;
49c8 : FE9780E3;
49c9 : 03C42783;
49ca : 00010593;
49cb : 00040513;
49cc : 00C7A783;
49cd : 000780E7;
49ce : 00010593;
49cf : 00040513;
49d0 : CDDFF0EF;
49d1 : 00050593;
49d2 : 00000693;
49d3 : 00100613;
49d4 : 00040513;
49d5 : D79FF0EF;
49d6 : 00010593;
49d7 : 00040513;
49d8 : E65F90EF;
49d9 : FF650613;
49da : 00100593;
49db : 00040513;
49dc : 675060EF;
49dd : F2DFF06F;
49de : FB010113;
49df : 03512A23;
49e0 : 00052A83;
49e1 : 04812423;
49e2 : 05212023;
49e3 : 03412C23;
49e4 : 04112623;
49e5 : 04912223;
49e6 : 03312E23;
49e7 : 00500793;
49e8 : 00050413;
49e9 : 00058A13;
49ea : 00060913;
49eb : 12FA9C63;
49ec : 00500593;
49ed : 429060EF;
49ee : 46050463;
49ef : 00600793;
49f0 : 00F42223;
49f1 : 00000613;
49f2 : 00100593;
49f3 : 00040513;
49f4 : 4B1060EF;
49f5 : 00000613;
49f6 : 00400593;
49f7 : 00040513;
49f8 : 4A1060EF;
49f9 : 00000913;
49fa : 00042423;
49fb : 04C12083;
49fc : 04812403;
49fd : 04412483;
49fe : 03C12983;
49ff : 03812A03;
4a00 : 03412A83;
4a01 : 00090513;
4a02 : 04012903;
4a03 : 05010113;
4a04 : 00008067;
4a05 : 00C12783;
4a06 : 01012703;
4a07 : 00E7E7B3;
4a08 : 20079C63;
4a09 : 17842783;
4a0a : 00B78703;
4a0b : 00200793;
4a0c : 00E797B3;
4a0d : 01412703;
4a0e : 20E7C063;
4a0f : 0001D6B7;
4a10 : 3D068693;
4a11 : 00200613;
4a12 : 00500593;
4a13 : 00040513;
4a14 : 428060EF;
4a15 : 03C42783;
4a16 : 00810693;
4a17 : 00410613;
4a18 : 0047A783;
4a19 : 00010593;
4a1a : 00040513;
4a1b : 000780E7;
4a1c : 02050463;
4a1d : 0001D6B7;
4a1e : 30C68693;
4a1f : 00100613;
4a20 : 00500593;
4a21 : 00040513;
4a22 : 3F0060EF;
4a23 : 000481A3;
4a24 : 00048223;
4a25 : 1A40006F;
4a26 : 00012783;
4a27 : 00F49023;
4a28 : FEDFF06F;
4a29 : 3C090263;
4a2a : 00F00793;
4a2b : 00000913;
4a2c : 3AF70C63;
4a2d : 0001D6B7;
4a2e : 45868693;
4a2f : 00100613;
4a30 : 00500593;
4a31 : 00040513;
4a32 : 3B0060EF;
4a33 : 39C0006F;
4a34 : 00100613;
4a35 : 00400593;
4a36 : 00040513;
4a37 : 200060EF;
4a38 : 39C0006F;
4a39 : 00100593;
4a3a : 2F5060EF;
4a3b : 0E050063;
4a3c : 00100593;
4a3d : 00040513;
4a3e : 86DFC0EF;
4a3f : 2B842683;
4a40 : 00100713;
4a41 : 00000793;
4a42 : 00E69463;
4a43 : 2B442783;
4a44 : 0AF41023;
4a45 : 03C42783;
4a46 : 01810593;
4a47 : 00040513;
4a48 : 00C7A783;
4a49 : 000780E7;
4a4a : 01810593;
4a4b : 00040513;
4a4c : AEDFF0EF;
4a4d : 00050593;
4a4e : 00000693;
4a4f : 00100613;
4a50 : 00040513;
4a51 : B89FF0EF;
4a52 : 06051663;
4a53 : 0001C5B7;
4a54 : A6058593;
4a55 : 00040513;
4a56 : 05042983;
4a57 : BE1FB0EF;
4a58 : 24E45783;
4a59 : 24E45703;
4a5a : 00050493;
4a5b : 00879793;
4a5c : 00875713;
4a5d : 00E7E7B3;
4a5e : 00F99F23;
4a5f : 12040593;
4a60 : 00098513;
4a61 : E85FB0EF;
4a62 : 12845503;
4a63 : 00000593;
4a64 : 198070EF;
4a65 : 00A9A423;
4a66 : 00B9A623;
4a67 : 00400693;
4a68 : 00000613;
4a69 : 00048593;
4a6a : 00040513;
4a6b : B21FF0EF;
4a6c : 00050E63;
4a6d : 0001E6B7;
4a6e : 8D868693;
4a6f : 00100613;
4a70 : 00500593;
4a71 : 00040513;
4a72 : 2B0060EF;
4a73 : 03442783;
4a74 : 00400593;
4a75 : 00040513;
4a76 : 0147A483;
4a77 : 201060EF;
4a78 : 24050063;
4a79 : 00400593;
4a7a : 00040513;
4a7b : F78FC0EF;
4a7c : 0074C783;
4a7d : 04078263;
4a7e : 03C42783;
4a7f : 01410693;
4a80 : 01010613;
4a81 : 0007A783;
4a82 : 00C10593;
4a83 : 00040513;
4a84 : 000780E7;
4a85 : E00500E3;
4a86 : 0001D737;
4a87 : 0001D6B7;
4a88 : 29870713;
4a89 : 2A068693;
4a8a : 00100613;
4a8b : 00500593;
4a8c : 00040513;
4a8d : 244060EF;
4a8e : 2B842683;
4a8f : 00100713;
4a90 : 00000793;
4a91 : 00E69463;
4a92 : 2B442783;
4a93 : 0001C5B7;
4a94 : 0AF41023;
4a95 : A8458593;
4a96 : 00040513;
4a97 : 05042483;
4a98 : ADDFB0EF;
4a99 : 26445783;
4a9a : 05042683;
4a9b : 00050993;
4a9c : 00178793;
4a9d : 01079793;
4a9e : 0107D793;
4a9f : 26F41223;
4aa0 : 00879713;
4aa1 : 0087D793;
4aa2 : 00F767B3;
4aa3 : 00F69F23;
4aa4 : 03442783;
4aa5 : 01810693;
4aa6 : 00100593;
4aa7 : 0147A783;
4aa8 : 00600613;
4aa9 : 00478713;
4aaa : 00E12C23;
4aab : 00378713;
4aac : 00E12E23;
4aad : 00278713;
4aae : 02E12023;
4aaf : 00778713;
4ab0 : 02E12223;
4ab1 : 00578713;
4ab2 : 00678793;
4ab3 : 02E12423;
4ab4 : 02F12623;
4ab5 : 00048323;
4ab6 : 000483A3;
4ab7 : 00000713;
4ab8 : 0006A783;
4ab9 : 0007C783;
4aba : 00078A63;
4abb : 0074C503;
4abc : 00E597B3;
4abd : 00A7E7B3;
4abe : 00F483A3;
4abf : 00170713;
4ac0 : 00468693;
4ac1 : FCC71EE3;
4ac2 : 01E00613;
4ac3 : 00000593;
4ac4 : 02248513;
4ac5 : 8D5FC0EF;
4ac6 : 03442683;
4ac7 : 00800613;
4ac8 : 03548513;
4ac9 : 0146A703;
4aca : 00075783;
4acb : 00075703;
4acc : 00879793;
4acd : 00875713;
4ace : 00E7E7B3;
4acf : 02F49623;
4ad0 : 0106A783;
4ad1 : 01C7C783;
4ad2 : 02F487A3;
4ad3 : 03442783;
4ad4 : 0107A783;
4ad5 : 0187C783;
4ad6 : 02F48823;
4ad7 : 03442783;
4ad8 : 0107A783;
4ad9 : 0197C783;
4ada : 02F488A3;
4adb : 03442783;
4adc : 0107A703;
4add : 01A75783;
4ade : 01A75683;
4adf : 00879793;
4ae0 : 0086D693;
4ae1 : 00D7E7B3;
4ae2 : 02F49923;
4ae3 : 01D74783;
4ae4 : 02F48A23;
4ae5 : 03442783;
4ae6 : 0107A583;
4ae7 : 01058593;
4ae8 : BC1FD0EF;
4ae9 : 03442783;
4aea : 00C7A783;
4aeb : 0007D783;
4aec : 0087D793;
4aed : 02F48EA3;
4aee : 03442783;
4aef : 00C7A783;
4af0 : 0007D783;
4af1 : 02F48F23;
4af2 : 03442783;
4af3 : 0147A783;
4af4 : 0087C783;
4af5 : 02F48FA3;
4af6 : 02042783;
4af7 : 0347A783;
4af8 : 00078863;
4af9 : 00040513;
4afa : 000780E7;
4afb : 00050993;
4afc : 00700693;
4afd : 00000613;
4afe : 00098593;
4aff : 00040513;
4b00 : 8CDFF0EF;
4b01 : 00050E63;
4b02 : 0001E6B7;
4b03 : 8F068693;
4b04 : 00100613;
4b05 : 00500593;
4b06 : 00040513;
4b07 : 05C060EF;
4b08 : 27144703;
4b09 : 00C00793;
4b0a : C6E7EEE3;
4b0b : 0001B6B7;
4b0c : 00271793;
4b0d : 6C868693;
4b0e : 00F687B3;
4b0f : 4747A783;
4b10 : C60782E3;
4b11 : 00090613;
4b12 : 000A0593;
4b13 : 00040513;
4b14 : 000780E7;
4b15 : 00150793;
4b16 : FFD7F793;
4b17 : 00050913;
4b18 : 00079463;
4b19 : 00000913;
4b1a : 00500793;
4b1b : C6FA92E3;
4b1c : 00500593;
4b1d : 00040513;
4b1e : 6ED050EF;
4b1f : 00A42423;
4b20 : B6DFF06F;
4b21 : 00052703;
4b22 : 00600793;
4b23 : 16F71C63;
4b24 : 0001C5B7;
4b25 : FD010113;
4b26 : A6C58593;
4b27 : 02812423;
4b28 : 02912223;
4b29 : 00050413;
4b2a : 03212023;
4b2b : 01312E23;
4b2c : 01412C23;
4b2d : 05052483;
4b2e : 02112623;
4b2f : 11050993;
4b30 : 87DFB0EF;
4b31 : 02042783;
4b32 : 11845A03;
4b33 : 00050913;
4b34 : 0587A783;
4b35 : 00000593;
4b36 : 10079A63;
4b37 : 28042583;
4b38 : 28442703;
4b39 : 3B9AD6B7;
4b3a : A0068693;
4b3b : 02D587B3;
4b3c : 28C42603;
4b3d : 02D70733;
4b3e : 02D5B6B3;
4b3f : 00D70733;
4b40 : 01071713;
4b41 : 0107D693;
4b42 : 00E6E733;
4b43 : 28842683;
4b44 : 01079793;
4b45 : 00C70733;
4b46 : 00D786B3;
4b47 : 00F6B5B3;
4b48 : 41468A33;
4b49 : 00E585B3;
4b4a : 0146B6B3;
4b4b : 40D585B3;
4b4c : 000A0513;
4b4d : 5F5060EF;
4b4e : 29A45783;
4b4f : 29A45703;
4b50 : 00A4A423;
4b51 : 00879793;
4b52 : 00875713;
4b53 : 00E7E7B3;
4b54 : 00F49F23;
4b55 : 00B4A623;
4b56 : 00048513;
4b57 : 00098593;
4b58 : AA9FB0EF;
4b59 : 00800613;
4b5a : 29040593;
4b5b : 02C48513;
4b5c : 9F1FD0EF;
4b5d : 29845783;
4b5e : 29845703;
4b5f : 00500693;
4b60 : 00879793;
4b61 : 00875713;
4b62 : 00E7E7B3;
4b63 : 02F49A23;
4b64 : 00000613;
4b65 : 00090593;
4b66 : 00040513;
4b67 : F30FF0EF;
4b68 : 02051463;
4b69 : 02042783;
4b6a : 0307A783;
4b6b : 00078663;
4b6c : 00040513;
4b6d : 000780E7;
4b6e : 00600613;
4b6f : 09440593;
4b70 : 09A40513;
4b71 : 99DFD0EF;
4b72 : 02C12083;
4b73 : 02812403;
4b74 : 02412483;
4b75 : 02012903;
4b76 : 01C12983;
4b77 : 01812A03;
4b78 : 00000513;
4b79 : 03010113;
4b7a : 00008067;
4b7b : 00040513;
4b7c : 00B12623;
4b7d : 000780E7;
4b7e : 00C12583;
4b7f : EE0510E3;
4b80 : F31FF06F;
4b81 : 00000513;
4b82 : 00008067;
4b83 : FE010113;
4b84 : 17852783;
4b85 : 00812C23;
4b86 : 05052403;
4b87 : 00912A23;
4b88 : 01212823;
4b89 : 01312623;
4b8a : 00112E23;
4b8b : 0107A983;
4b8c : 00044783;
4b8d : 00058913;
4b8e : 00050493;
4b8f : FF07F793;
4b90 : 00C7E793;
4b91 : 00F40023;
4b92 : 00500793;
4b93 : 02F40023;
4b94 : 07F00793;
4b95 : 02F400A3;
4b96 : 03452783;
4b97 : 00800613;
4b98 : 02240513;
4b99 : 0107A583;
4b9a : 8F9FD0EF;
4b9b : 0344A783;
4b9c : 0107A703;
4b9d : 00875783;
4b9e : 00875703;
4b9f : 00879793;
4ba0 : 00875713;
4ba1 : 00E7E7B3;
4ba2 : 02F41523;
4ba3 : 30000793;
4ba4 : 02F41623;
4ba5 : 00800793;
4ba6 : 02F41823;
4ba7 : FFFFE7B7;
4ba8 : E3078793;
4ba9 : 02F41923;
4baa : 1AD00793;
4bab : 00895713;
4bac : 02F41A23;
4bad : 00891793;
4bae : 00E7E7B3;
4baf : 02F41B23;
4bb0 : 000017B7;
4bb1 : 00378713;
4bb2 : 06E90A63;
4bb3 : 00478793;
4bb4 : 0AF90C63;
4bb5 : 00800793;
4bb6 : 03078593;
4bb7 : 0185D693;
4bb8 : 00859713;
4bb9 : 00D76733;
4bba : 00879793;
4bbb : 00E41123;
4bbc : 02F41723;
4bbd : 00800693;
4bbe : 00000613;
4bbf : 00048513;
4bc0 : DCCFF0EF;
4bc1 : 00051E63;
4bc2 : 0001F737;
4bc3 : 62072783;
4bc4 : 00178793;
4bc5 : 62F72023;
4bc6 : 0001F7B7;
4bc7 : 63279223;
4bc8 : 01C12083;
4bc9 : 01812403;
4bca : 01412483;
4bcb : 01012903;
4bcc : 00C12983;
4bcd : 02010113;
4bce : 00008067;
4bcf : 1784A783;
4bd0 : 0309C703;
4bd1 : 0107A683;
4bd2 : 0406C783;
4bd3 : 02070463;
4bd4 : 00879793;
4bd5 : 03C6A503;
4bd6 : 02F41C23;
4bd7 : 399060EF;
4bd8 : 02A41D23;
4bd9 : 01055513;
4bda : 02A41E23;
4bdb : 00E00793;
4bdc : F69FF06F;
4bdd : 1007E793;
4bde : 00879713;
4bdf : 0087D793;
4be0 : 00F767B3;
4be1 : FD1FF06F;
4be2 : 0109A503;
4be3 : 369060EF;
4be4 : 02A42C23;
4be5 : 00C9A503;
4be6 : 35D060EF;
4be7 : 02A42E23;
4be8 : 0189A503;
4be9 : 351060EF;
4bea : 04A42023;
4beb : 0149A503;
4bec : 345060EF;
4bed : 04A42223;
4bee : 01800793;
4bef : F1DFF06F;
4bf0 : 17852783;
4bf1 : FF010113;
4bf2 : 00912223;
4bf3 : 0107A483;
4bf4 : 00812423;
4bf5 : 00112623;
4bf6 : 02E4C703;
4bf7 : 00100793;
4bf8 : 00050413;
4bf9 : 02F70863;
4bfa : 00040513;
4bfb : 130040EF;
4bfc : 10100793;
4bfd : 0004A223;
4bfe : 00F49423;
4bff : 00C12083;
4c00 : 00812403;
4c01 : 00412483;
4c02 : 00000513;
4c03 : 01010113;
4c04 : 00008067;
4c05 : 000015B7;
4c06 : 00558593;
4c07 : DF1FF0EF;
4c08 : FC0504E3;
4c09 : FD9FF06F;
4c0a : 17852783;
4c0b : FD010113;
4c0c : 02912223;
4c0d : 03212023;
4c0e : 02112623;
4c0f : 02812423;
4c10 : 0107A903;
4c11 : 00050493;
4c12 : 02068663;
4c13 : 00300793;
4c14 : 02F90C23;
4c15 : 4B000613;
4c16 : 00B00593;
4c17 : 588060EF;
4c18 : 000015B7;
4c19 : 00458593;
4c1a : 00048513;
4c1b : DA1FF0EF;
4c1c : 1040006F;
4c1d : 27154703;
4c1e : 00C00793;
4c1f : 08F71C63;
4c20 : 00068413;
4c21 : 01010613;
4c22 : 00E10693;
4c23 : DB9FD0EF;
4c24 : 08050263;
4c25 : 00E15703;
4c26 : 000017B7;
4c27 : 00378693;
4c28 : 02D71A63;
4c29 : 02E94683;
4c2a : 00100793;
4c2b : 04F69263;
4c2c : 00700793;
4c2d : 00F92223;
4c2e : 02C12083;
4c2f : 00040513;
4c30 : 02812403;
4c31 : 02412483;
4c32 : 02012903;
4c33 : 03010113;
4c34 : 00008067;
4c35 : 00578793;
4c36 : 00F71C63;
4c37 : 02E94683;
4c38 : 00200793;
4c39 : 00F69663;
4c3a : 00800793;
4c3b : FC9FF06F;
4c3c : 0001E7B7;
4c3d : 0001E6B7;
4c3e : 90C78793;
4c3f : 92468693;
4c40 : 00100613;
4c41 : 00200593;
4c42 : 00048513;
4c43 : 36D050EF;
4c44 : FA9FF06F;
4c45 : 00B00593;
4c46 : 00048513;
4c47 : 249050EF;
4c48 : 03894783;
4c49 : 12C00713;
4c4a : 00050413;
4c4b : 02E787B3;
4c4c : 04A7C263;
4c4d : 02051A63;
4c4e : 0001E737;
4c4f : 0001D6B7;
4c50 : 00048513;
4c51 : 95870713;
4c52 : 23C68693;
4c53 : 00100613;
4c54 : 00600593;
4c55 : 325050EF;
4c56 : 00500593;
4c57 : 00048513;
4c58 : 9D5FC0EF;
4c59 : F55FF06F;
4c5a : 00048513;
4c5b : 87CFB0EF;
4c5c : EE0518E3;
4c5d : 00B00593;
4c5e : 00048513;
4c5f : 1E9050EF;
4c60 : 03894403;
4c61 : ED400693;
4c62 : 02D40433;
4c63 : 00A40433;
4c64 : F29FF06F;
4c65 : 17852783;
4c66 : FD010113;
4c67 : 02912223;
4c68 : 03212023;
4c69 : 02112623;
4c6a : 02812423;
4c6b : 0107A903;
4c6c : 00050493;
4c6d : 02068C63;
4c6e : 00300793;
4c6f : 02F90C23;
4c70 : 01852783;
4c71 : 00100713;
4c72 : 4B000613;
4c73 : 00E78AA3;
4c74 : 00B00593;
4c75 : 410060EF;
4c76 : 000015B7;
4c77 : 00258593;
4c78 : 00048513;
4c79 : C29FF0EF;
4c7a : 0DC0006F;
4c7b : 27154703;
4c7c : 00C00793;
4c7d : 06F71863;
4c7e : 00068413;
4c7f : 01010613;
4c80 : 00E10693;
4c81 : C41FD0EF;
4c82 : 04050E63;
4c83 : 00E15703;
4c84 : 000017B7;
4c85 : 00378793;
4c86 : 02F71463;
4c87 : 00700793;
4c88 : 00F92223;
4c89 : 02C12083;
4c8a : 00040513;
4c8b : 02812403;
4c8c : 02412483;
4c8d : 02012903;
4c8e : 03010113;
4c8f : 00008067;
4c90 : 0001E7B7;
4c91 : 0001E6B7;
4c92 : 96878793;
4c93 : 92468693;
4c94 : 00100613;
4c95 : 00200593;
4c96 : 00048513;
4c97 : 21D050EF;
4c98 : FC5FF06F;
4c99 : 00B00593;
4c9a : 00048513;
4c9b : 0F9050EF;
4c9c : 03894783;
4c9d : 12C00713;
4c9e : 00050413;
4c9f : 02E787B3;
4ca0 : 04A7C263;
4ca1 : 02051A63;
4ca2 : 0001E737;
4ca3 : 0001D6B7;
4ca4 : 00048513;
4ca5 : 97470713;
4ca6 : 23C68693;
4ca7 : 00100613;
4ca8 : 00600593;
4ca9 : 1D5050EF;
4caa : 00400593;
4cab : 00048513;
4cac : 885FC0EF;
4cad : F71FF06F;
4cae : 00048513;
4caf : F2DFA0EF;
4cb0 : F0051CE3;
4cb1 : 00B00593;
4cb2 : 00048513;
4cb3 : 099050EF;
4cb4 : 03894403;
4cb5 : ED400693;
4cb6 : 02D40433;
4cb7 : 00A40433;
4cb8 : F45FF06F;
4cb9 : 17852783;
4cba : FD010113;
4cbb : 02912223;
4cbc : 03212023;
4cbd : 02112623;
4cbe : 02812423;
4cbf : 0107A903;
4cc0 : 00050493;
4cc1 : 02068E63;
4cc2 : 00100593;
4cc3 : B48F90EF;
4cc4 : 00300793;
4cc5 : 0003B637;
4cc6 : 02F90C23;
4cc7 : 98060613;
4cc8 : 00B00593;
4cc9 : 00048513;
4cca : 2BC060EF;
4ccb : 000015B7;
4ccc : 00158593;
4ccd : 00048513;
4cce : AD5FF0EF;
4ccf : 0E00006F;
4cd0 : 27154703;
4cd1 : 00C00793;
4cd2 : 06F71863;
4cd3 : 00068413;
4cd4 : 01010613;
4cd5 : 00E10693;
4cd6 : AEDFD0EF;
4cd7 : 04050E63;
4cd8 : 00E15703;
4cd9 : 000017B7;
4cda : 00278793;
4cdb : 02F71463;
4cdc : 00500793;
4cdd : 00F92223;
4cde : 02C12083;
4cdf : 00040513;
4ce0 : 02812403;
4ce1 : 02412483;
4ce2 : 02012903;
4ce3 : 03010113;
4ce4 : 00008067;
4ce5 : 0001E7B7;
4ce6 : 0001E6B7;
4ce7 : 98078793;
4ce8 : 92468693;
4ce9 : 00100613;
4cea : 00200593;
4ceb : 00048513;
4cec : 0C9050EF;
4ced : FC5FF06F;
4cee : 00B00593;
4cef : 00048513;
4cf0 : 7A4050EF;
4cf1 : 03894783;
4cf2 : 0000F737;
4cf3 : A6070713;
4cf4 : 02E787B3;
4cf5 : 00050413;
4cf6 : 04A7C263;
4cf7 : 02051A63;
4cf8 : 0001E737;
4cf9 : 0001D6B7;
4cfa : 00048513;
4cfb : 98870713;
4cfc : 23C68693;
4cfd : 00100613;
4cfe : 00600593;
4cff : 07D050EF;
4d00 : 00200593;
4d01 : 00048513;
4d02 : F2CFC0EF;
4d03 : F6DFF06F;
4d04 : 00048513;
4d05 : DD5FA0EF;
4d06 : F0051AE3;
4d07 : 00B00593;
4d08 : 00048513;
4d09 : 740050EF;
4d0a : 03894403;
4d0b : FFFF16B7;
4d0c : 5A068693;
4d0d : 02D40433;
4d0e : 00A40433;
4d0f : F3DFF06F;
4d10 : 17852783;
4d11 : FD010113;
4d12 : 02912223;
4d13 : 03212023;
4d14 : 02112623;
4d15 : 02812423;
4d16 : 0107A903;
4d17 : 00050493;
4d18 : 02068A63;
4d19 : B55FC0EF;
4d1a : 00300793;
4d1b : 00001637;
4d1c : 02F90C23;
4d1d : FA060613;
4d1e : 00B00593;
4d1f : 00048513;
4d20 : 164060EF;
4d21 : 000015B7;
4d22 : 00048513;
4d23 : 981FF0EF;
4d24 : 0DC0006F;
4d25 : 27154703;
4d26 : 00C00793;
4d27 : 06F71863;
4d28 : 00068413;
4d29 : 01010613;
4d2a : 00E10693;
4d2b : 999FD0EF;
4d2c : 04050E63;
4d2d : 00E15703;
4d2e : 000017B7;
4d2f : 00178793;
4d30 : 02F71463;
4d31 : 00200793;
4d32 : 00F92223;
4d33 : 02C12083;
4d34 : 00040513;
4d35 : 02812403;
4d36 : 02412483;
4d37 : 02012903;
4d38 : 03010113;
4d39 : 00008067;
4d3a : 0001E7B7;
4d3b : 0001E6B7;
4d3c : 98C78793;
4d3d : 92468693;
4d3e : 00100613;
4d3f : 00200593;
4d40 : 00048513;
4d41 : 774050EF;
4d42 : FC5FF06F;
4d43 : 00B00593;
4d44 : 00048513;
4d45 : 650050EF;
4d46 : 03894783;
4d47 : 3E800713;
4d48 : 00050413;
4d49 : 02E787B3;
4d4a : 04A7C263;
4d4b : 02051A63;
4d4c : 0001E737;
4d4d : 0001D6B7;
4d4e : 00048513;
4d4f : 99470713;
4d50 : 23C68693;
4d51 : 00100613;
4d52 : 00600593;
4d53 : 72C050EF;
4d54 : 00100593;
4d55 : 00048513;
4d56 : DDCFC0EF;
4d57 : F71FF06F;
4d58 : 00048513;
4d59 : C85FA0EF;
4d5a : F0051EE3;
4d5b : 00B00593;
4d5c : 00048513;
4d5d : 5F0050EF;
4d5e : 03894403;
4d5f : C1800693;
4d60 : 02D40433;
4d61 : 00A40433;
4d62 : F45FF06F;
4d63 : 00050313;
4d64 : 00432683;
4d65 : 00052503;
4d66 : 00000793;
4d67 : 0CB6E063;
4d68 : 02B6D8B3;
4d69 : 00000E13;
4d6a : 03158733;
4d6b : 40E686B3;
4d6c : 00100813;
4d6d : 00000613;
4d6e : 0240006F;
4d6f : 01F5DE93;
4d70 : 00179713;
4d71 : 00EEE7B3;
4d72 : 01F85E93;
4d73 : 00161713;
4d74 : 00159593;
4d75 : 00EEE633;
4d76 : 00181813;
4d77 : 00F04663;
4d78 : 00079A63;
4d79 : 00058863;
4d7a : FCD7EAE3;
4d7b : 00F69463;
4d7c : FCA5E6E3;
4d7d : 02F6EA63;
4d7e : 00D79463;
4d7f : 02B56663;
4d80 : 40B50733;
4d81 : 00E53EB3;
4d82 : 40F686B3;
4d83 : 00070513;
4d84 : 010E0733;
4d85 : 41D686B3;
4d86 : 00C888B3;
4d87 : 01C73EB3;
4d88 : 011E88B3;
4d89 : 00070E13;
4d8a : 01F79713;
4d8b : 0015D593;
4d8c : 00B765B3;
4d8d : 00185813;
4d8e : 01F61713;
4d8f : 01076833;
4d90 : 00165613;
4d91 : 00C86733;
4d92 : 0017D793;
4d93 : FA0714E3;
4d94 : 01C32023;
4d95 : 01132223;
4d96 : 00008067;
4d97 : 00000E13;
4d98 : 00000893;
4d99 : F4DFF06F;
4d9a : FE0C07B7;
4d9b : 0CF5C663;
4d9c : 00F59463;
4d9d : 0C050263;
4d9e : 01F407B7;
4d9f : 0CF5D463;
4da0 : FFF78793;
4da1 : 00F59663;
4da2 : C1700793;
4da3 : 0AA7EC63;
4da4 : FE010113;
4da5 : 00812C23;
4da6 : 00112E23;
4da7 : 00912A23;
4da8 : FFF00413;
4da9 : 0005C463;
4daa : 00100413;
4dab : 41F45493;
4dac : 02A487B3;
4dad : 028585B3;
4dae : 00F585B3;
4daf : 028507B3;
4db0 : 02853533;
4db1 : 00F12423;
4db2 : 00A585B3;
4db3 : 00B12623;
4db4 : 00810513;
4db5 : 3E800593;
4db6 : EB5FF0EF;
4db7 : 00C12783;
4db8 : 01051513;
4db9 : 00812703;
4dba : 01079693;
4dbb : 3E800793;
4dbc : 02F557B3;
4dbd : 01075613;
4dbe : 01071713;
4dbf : 00D666B3;
4dc0 : 01C12083;
4dc1 : 00E78533;
4dc2 : 00F537B3;
4dc3 : 00D787B3;
4dc4 : 02A484B3;
4dc5 : 028787B3;
4dc6 : 028535B3;
4dc7 : 009787B3;
4dc8 : 01412483;
4dc9 : 02850533;
4dca : 01812403;
4dcb : 00B785B3;
4dcc : 02010113;
4dcd : 00008067;
4dce : 00000513;
4dcf : 800005B7;
4dd0 : 00008067;
4dd1 : 800005B7;
4dd2 : FFFF0537;
4dd3 : FFF5C593;
4dd4 : 00008067;
4dd5 : FC010113;
4dd6 : 02812C23;
4dd7 : 03212823;
4dd8 : 02112E23;
4dd9 : 02912A23;
4dda : 03312623;
4ddb : 00060913;
4ddc : 00100413;
4ddd : 0005D463;
4dde : FFF00413;
4ddf : 41F45993;
4de0 : 02A987B3;
4de1 : 028585B3;
4de2 : 00B785B3;
4de3 : 02A407B3;
4de4 : 02A43533;
4de5 : 00F12823;
4de6 : 00A58533;
4de7 : 00A12A23;
4de8 : 3E800593;
4de9 : 01010513;
4dea : DE5FF0EF;
4deb : 01012703;
4dec : 01412783;
4ded : 3B9AD5B7;
4dee : 00050493;
4def : A0058593;
4df0 : 01810513;
4df1 : 00E12C23;
4df2 : 00F12E23;
4df3 : DC1FF0EF;
4df4 : 01055793;
4df5 : 0104D713;
4df6 : 00F92623;
4df7 : 01049493;
4df8 : 000087B7;
4df9 : 00F487B3;
4dfa : 00A12823;
4dfb : 0097B4B3;
4dfc : 01051513;
4dfd : 00E484B3;
4dfe : 00A92423;
4dff : 3E800593;
4e00 : 00810513;
4e01 : 00F12423;
4e02 : 00912623;
4e03 : 00012A23;
4e04 : D7DFF0EF;
4e05 : 00892783;
4e06 : 00812703;
4e07 : 00C92683;
4e08 : 00C12603;
4e09 : 00E78733;
4e0a : 00F737B3;
4e0b : 00C686B3;
4e0c : 00D787B3;
4e0d : 028787B3;
4e0e : 03C12083;
4e0f : 03412483;
4e10 : 02E986B3;
4e11 : 00D787B3;
4e12 : 028706B3;
4e13 : 02873733;
4e14 : 00D92423;
4e15 : 00E787B3;
4e16 : 00F92623;
4e17 : 01812703;
4e18 : 01C12783;
4e19 : 033709B3;
4e1a : 028787B3;
4e1b : 028706B3;
4e1c : 013787B3;
4e1d : 02C12983;
4e1e : 02873433;
4e1f : 00D92023;
4e20 : 00878433;
4e21 : 00892223;
4e22 : 03812403;
4e23 : 03012903;
4e24 : 04010113;
4e25 : 00008067;
4e26 : 000205B7;
4e27 : FA010113;
4e28 : 00300613;
4e29 : 92C58593;
4e2a : 04812C23;
4e2b : 04912A23;
4e2c : 05312623;
4e2d : 17C52483;
4e2e : 04112E23;
4e2f : 05212823;
4e30 : 05412423;
4e31 : 05512223;
4e32 : 05612023;
4e33 : 03712E23;
4e34 : 03812C23;
4e35 : 03912A23;
4e36 : 03A12823;
4e37 : 03B12623;
4e38 : 00050413;
4e39 : BA5FA0EF;
4e3a : 00000993;
4e3b : 3E051E63;
4e3c : 000205B7;
4e3d : 00050993;
4e3e : 00F00613;
4e3f : 92858593;
4e40 : 00040513;
4e41 : 17C42903;
4e42 : B81FA0EF;
4e43 : 3C051E63;
4e44 : 00020AB7;
4e45 : 02442783;
4e46 : 910AA703;
4e47 : 08090B13;
4e48 : 09090993;
4e49 : 00E7E7B3;
4e4a : 0107D793;
4e4b : 00E7F793;
4e4c : 0A090A13;
4e4d : 0B090B93;
4e4e : 08078A63;
4e4f : 000B0513;
4e50 : D24F90EF;
4e51 : 0001E6B7;
4e52 : 00050713;
4e53 : 9A068693;
4e54 : 00200613;
4e55 : 00400593;
4e56 : 00040513;
4e57 : 31C050EF;
4e58 : 00098513;
4e59 : D00F90EF;
4e5a : 0001E6B7;
4e5b : 00050713;
4e5c : 9AC68693;
4e5d : 00200613;
4e5e : 00400593;
4e5f : 00040513;
4e60 : 2F8050EF;
4e61 : 000A0513;
4e62 : CDCF90EF;
4e63 : 0001E6B7;
4e64 : 00050713;
4e65 : 9B868693;
4e66 : 00200613;
4e67 : 00400593;
4e68 : 00040513;
4e69 : 2D4050EF;
4e6a : 000B8513;
4e6b : CB8F90EF;
4e6c : 0001E6B7;
4e6d : 00050713;
4e6e : 9C468693;
4e6f : 00200613;
4e70 : 00400593;
4e71 : 00040513;
4e72 : 2B0050EF;
4e73 : 01000613;
4e74 : 000B8593;
4e75 : 00010513;
4e76 : D89FC0EF;
4e77 : 000B0593;
4e78 : 00010513;
4e79 : B4CFE0EF;
4e7a : 01000613;
4e7b : 000A0593;
4e7c : 01010513;
4e7d : D6DFC0EF;
4e7e : 00098593;
4e7f : 01010513;
4e80 : B30FE0EF;
4e81 : 02090913;
4e82 : 01000613;
4e83 : 00010593;
4e84 : 00090513;
4e85 : D4DFC0EF;
4e86 : 00090513;
4e87 : 01010593;
4e88 : B10FE0EF;
4e89 : 02048B93;
4e8a : 000B8513;
4e8b : 8B4FE0EF;
4e8c : 19044703;
4e8d : 01F59793;
4e8e : 00155993;
4e8f : 0137E9B3;
4e90 : 4015D913;
4e91 : 17842783;
4e92 : 2E070063;
4e93 : 00098513;
4e94 : 00090593;
4e95 : 0347AD83;
4e96 : 0307AC03;
4e97 : C0DFF0EF;
4e98 : 41F5D793;
4e99 : 00A7C533;
4e9a : 00B7C833;
4e9b : 40F50633;
4e9c : 40F80833;
4e9d : 41FDD793;
4e9e : 00058A13;
4e9f : 0187C5B3;
4ea0 : 00C536B3;
4ea1 : 01B7C733;
4ea2 : 40F58533;
4ea3 : 00A5B5B3;
4ea4 : 40F707B3;
4ea5 : 40D806B3;
4ea6 : 40B785B3;
4ea7 : C2CFB0EF;
4ea8 : 01FA5A13;
4ea9 : 01FDD713;
4eaa : 18042B03;
4eab : 18442D03;
4eac : 17842C83;
4ead : 00050793;
4eae : 00058693;
4eaf : 00EA0A63;
4eb0 : 00A036B3;
4eb1 : 40B005B3;
4eb2 : 40A007B3;
4eb3 : 40D586B3;
4eb4 : 00FB07B3;
4eb5 : 0167BB33;
4eb6 : 00DD05B3;
4eb7 : 00BB0B33;
4eb8 : 00FCAC23;
4eb9 : 016CAE23;
4eba : 17842783;
4ebb : 03048B13;
4ebc : 05048A13;
4ebd : 0187A503;
4ebe : 01C7A583;
4ebf : F7DFD0EF;
4ec0 : 00050793;
4ec1 : 01350533;
4ec2 : 00F537B3;
4ec3 : 012585B3;
4ec4 : 00B785B3;
4ec5 : 000B0613;
4ec6 : C3DFF0EF;
4ec7 : 01000613;
4ec8 : 08048593;
4ec9 : 000A0513;
4eca : C39FC0EF;
4ecb : 09048593;
4ecc : 000A0513;
4ecd : 9FCFE0EF;
4ece : 000B0593;
4ecf : 000A0513;
4ed0 : C44FE0EF;
4ed1 : 00042703;
4ed2 : 00900793;
4ed3 : 04F71E63;
4ed4 : 03442783;
4ed5 : 0504A603;
4ed6 : 3B9AD6B7;
4ed7 : 00C7A583;
4ed8 : 0544A783;
4ed9 : A0068693;
4eda : 02D60733;
4edb : 02D787B3;
4edc : 02D636B3;
4edd : 05C4A603;
4ede : 00D787B3;
4edf : 01079793;
4ee0 : 01075693;
4ee1 : 00F6E7B3;
4ee2 : 0584A683;
4ee3 : 01071713;
4ee4 : 00C787B3;
4ee5 : 00D706B3;
4ee6 : 00E6B733;
4ee7 : 00F707B3;
4ee8 : 00D5A423;
4ee9 : 00F5A623;
4eea : 04048493;
4eeb : 00048613;
4eec : 00098513;
4eed : 00090593;
4eee : B9DFF0EF;
4eef : 00098513;
4ef0 : 00090593;
4ef1 : AA5FF0EF;
4ef2 : 00042703;
4ef3 : 00900793;
4ef4 : 00F71A63;
4ef5 : 03442783;
4ef6 : 00C7A783;
4ef7 : 00A7A823;
4ef8 : 00B7AA23;
4ef9 : 910AA783;
4efa : 02442703;
4efb : 00100993;
4efc : 00E7E7B3;
4efd : 0107D793;
4efe : 00E7F793;
4eff : 0E078663;
4f00 : 000B8513;
4f01 : A60F90EF;
4f02 : 0001E6B7;
4f03 : 00050713;
4f04 : 9D068693;
4f05 : 00200613;
4f06 : 00400593;
4f07 : 00040513;
4f08 : 058050EF;
4f09 : 000B0513;
4f0a : A3CF90EF;
4f0b : 0001E6B7;
4f0c : 00050713;
4f0d : 9E868693;
4f0e : 00200613;
4f0f : 00400593;
4f10 : 00040513;
4f11 : 034050EF;
4f12 : 17842783;
4f13 : 01C7A583;
4f14 : 0187A503;
4f15 : 964F90EF;
4f16 : 0001E6B7;
4f17 : 00050713;
4f18 : A0068693;
4f19 : 00200613;
4f1a : 00400593;
4f1b : 00040513;
4f1c : 008050EF;
4f1d : 17842783;
4f1e : 0347A583;
4f1f : 0307A503;
4f20 : 86CF90EF;
4f21 : 0001E6B7;
4f22 : 00050713;
4f23 : A1C68693;
4f24 : 00200613;
4f25 : 00400593;
4f26 : 00040513;
4f27 : 7DD040EF;
4f28 : 00048513;
4f29 : 9C0F90EF;
4f2a : 0001E6B7;
4f2b : 00050713;
4f2c : A3868693;
4f2d : 00200613;
4f2e : 00400593;
4f2f : 00040513;
4f30 : 7B9040EF;
4f31 : 000A0513;
4f32 : 99CF90EF;
4f33 : 0001E6B7;
4f34 : 00050713;
4f35 : A5068693;
4f36 : 00200613;
4f37 : 00400593;
4f38 : 00040513;
4f39 : 795040EF;
4f3a : 05C12083;
4f3b : 05812403;
4f3c : 05412483;
4f3d : 05012903;
4f3e : 04812A03;
4f3f : 04412A83;
4f40 : 04012B03;
4f41 : 03C12B83;
4f42 : 03812C03;
4f43 : 03412C83;
4f44 : 03012D03;
4f45 : 02C12D83;
4f46 : 00098513;
4f47 : 04C12983;
4f48 : 06010113;
4f49 : 00008067;
4f4a : 18042603;
4f4b : 18442683;
4f4c : 00C7AC23;
4f4d : 00D7AE23;
4f4e : DB1FF06F;
4f4f : FA010113;
4f50 : 04812C23;
4f51 : 17C52403;
4f52 : 04112E23;
4f53 : 04912A23;
4f54 : 05212823;
4f55 : 05312623;
4f56 : 05412423;
4f57 : 05512223;
4f58 : 05612023;
4f59 : 03712E23;
4f5a : 03812C23;
4f5b : 03912A23;
4f5c : 06344783;
4f5d : 02079E63;
4f5e : 00000513;
4f5f : 05C12083;
4f60 : 05812403;
4f61 : 05412483;
4f62 : 05012903;
4f63 : 04C12983;
4f64 : 04812A03;
4f65 : 04412A83;
4f66 : 04012B03;
4f67 : 03C12B83;
4f68 : 03812C03;
4f69 : 03412C83;
4f6a : 06010113;
4f6b : 00008067;
4f6c : 00058913;
4f6d : 000205B7;
4f6e : 060401A3;
4f6f : 00C00613;
4f70 : 93058593;
4f71 : 00050493;
4f72 : EC0FA0EF;
4f73 : FA0516E3;
4f74 : 01000613;
4f75 : 0C848593;
4f76 : 0A040513;
4f77 : 985FC0EF;
4f78 : 0B040513;
4f79 : 01000613;
4f7a : 0D848593;
4f7b : 975FC0EF;
4f7c : 00048513;
4f7d : 17C4A403;
4f7e : AA1FF0EF;
4f7f : 3C050663;
4f80 : 04042783;
4f81 : 04442703;
4f82 : 00E7E7B3;
4f83 : 3A079E63;
4f84 : 01C42A83;
4f85 : 01842B03;
4f86 : 04842783;
4f87 : 04C42C03;
4f88 : 01504C63;
4f89 : 000A9463;
4f8a : 000B1863;
4f8b : 300C4063;
4f8c : 00F42823;
4f8d : 01842A23;
4f8e : 0344A783;
4f8f : 01042A03;
4f90 : 01442983;
4f91 : 0047A783;
4f92 : 03F00C93;
4f93 : 02479B83;
4f94 : 417C8633;
4f95 : 000A0513;
4f96 : 00098593;
4f97 : 3FD050EF;
4f98 : 00B56533;
4f99 : 2C051E63;
4f9a : 000B8613;
4f9b : 00100513;
4f9c : 00000593;
4f9d : 3AD050EF;
4f9e : 00050613;
4f9f : 00058713;
4fa0 : 0155C663;
4fa1 : 00BA9863;
4fa2 : 01657663;
4fa3 : 00A42C23;
4fa4 : 00B42E23;
4fa5 : 01C42683;
4fa6 : 01842783;
4fa7 : 00E6C663;
4fa8 : 00D71E63;
4fa9 : 00C7FC63;
4faa : 00178713;
4fab : 00F737B3;
4fac : 00D787B3;
4fad : 00E42C23;
4fae : 00F42E23;
4faf : 000C5863;
4fb0 : 2809C463;
4fb1 : 05442423;
4fb2 : 05342623;
4fb3 : 00300513;
4fb4 : 033509B3;
4fb5 : 04C42703;
4fb6 : 04842783;
4fb7 : 034506B3;
4fb8 : 03453533;
4fb9 : 00A989B3;
4fba : 00E9C663;
4fbb : 07371863;
4fbc : 06F6F663;
4fbd : 0107D793;
4fbe : 01071713;
4fbf : 0001E6B7;
4fc0 : 00F76733;
4fc1 : A6868693;
4fc2 : 00100613;
4fc3 : 00400593;
4fc4 : 00048513;
4fc5 : 565040EF;
4fc6 : 01042703;
4fc7 : 01442683;
4fc8 : 01C42603;
4fc9 : 01F75793;
4fca : 00169693;
4fcb : 00D7E6B3;
4fcc : 01842783;
4fcd : 00171713;
4fce : 00C686B3;
4fcf : 00F707B3;
4fd0 : 00E7B733;
4fd1 : 00D70733;
4fd2 : 00178693;
4fd3 : 00F6B7B3;
4fd4 : 00E787B3;
4fd5 : 04D42423;
4fd6 : 04F42623;
4fd7 : 01842583;
4fd8 : 01C42783;
4fd9 : 01042683;
4fda : 0015B713;
4fdb : 40E787B3;
4fdc : 01442703;
4fdd : FFF58613;
4fde : 02F687B3;
4fdf : 02010513;
4fe0 : 02C70733;
4fe1 : 00E787B3;
4fe2 : 02C68733;
4fe3 : 02C6B6B3;
4fe4 : 04C42603;
4fe5 : 00D787B3;
4fe6 : 04842683;
4fe7 : 00C787B3;
4fe8 : 00D706B3;
4fe9 : 00E6B733;
4fea : 00F707B3;
4feb : 02D12023;
4fec : 02F12223;
4fed : DD8FF0EF;
4fee : 02012683;
4fef : 02412503;
4ff0 : 0004A703;
4ff1 : 00D42823;
4ff2 : 00A42A23;
4ff3 : 04D42423;
4ff4 : 04A42623;
4ff5 : 00900793;
4ff6 : 04F71A63;
4ff7 : 0344A783;
4ff8 : 04042583;
4ff9 : 3B9AD637;
4ffa : 00C7A803;
4ffb : 04442783;
4ffc : A0060613;
4ffd : 02C58733;
4ffe : 02C787B3;
4fff : 02C5B633;
5000 : 00C787B3;
5001 : 01079793;
5002 : 01075613;
5003 : 01071713;
5004 : 00D706B3;
5005 : 00F667B3;
5006 : 00E6B733;
5007 : 00A787B3;
5008 : 00F707B3;
5009 : 00D82823;
500a : 00F82A23;
500b : 01842703;
500c : 04040513;
500d : 00E12623;
500e : E2DF80EF;
500f : 00C12703;
5010 : 0001E6B7;
5011 : 00050793;
5012 : 00100613;
5013 : A8068693;
5014 : 00400593;
5015 : 00048513;
5016 : 421040EF;
5017 : 05042783;
5018 : 05442703;
5019 : 0344A603;
501a : 00E7E7B3;
501b : 0E079863;
501c : 05842783;
501d : 05C42683;
501e : 2D000737;
501f : 00E78733;
5020 : 13168693;
5021 : 00F737B3;
5022 : 00D787B3;
5023 : 26200693;
5024 : 0CF6E663;
5025 : 00D79663;
5026 : 5A0007B7;
5027 : 0CE7E063;
5028 : 17C4A703;
5029 : 05842503;
502a : 05C42583;
502b : 00072783;
502c : 00472683;
502d : 0007D837;
502e : 00A78533;
502f : 00F537B3;
5030 : 00B686B3;
5031 : 00D786B3;
5032 : 00462783;
5033 : 00A72023;
5034 : 00D72223;
5035 : 02279583;
5036 : 41F5D793;
5037 : 02B80633;
5038 : 02F807B3;
5039 : 02B83833;
503a : 010787B3;
503b : 01079793;
503c : 01065813;
503d : 00F867B3;
503e : 01061613;
503f : 12D7CC63;
5040 : 00F69463;
5041 : 12A66863;
5042 : 40C00833;
5043 : 40F007B3;
5044 : 00C03633;
5045 : 40C787B3;
5046 : 00F6C663;
5047 : 12D79063;
5048 : 11057E63;
5049 : 01072023;
504a : 1100006F;
504b : 00000793;
504c : 00000813;
504d : 00F42823;
504e : 01042A23;
504f : CFDFF06F;
5050 : FFFB8B93;
5051 : D0DFF06F;
5052 : 00000793;
5053 : 00000813;
5054 : 04F42423;
5055 : 05042623;
5056 : D75FF06F;
5057 : 00462783;
5058 : 01C7A783;
5059 : 0017F793;
505a : F2079CE3;
505b : 03C4A783;
505c : 02010593;
505d : 00048513;
505e : 00C7A783;
505f : 000780E7;
5060 : 05040593;
5061 : 02010513;
5062 : DFDFD0EF;
5063 : 03C4A783;
5064 : 02010593;
5065 : 00048513;
5066 : 0107A783;
5067 : 000780E7;
5068 : 00048513;
5069 : E94FB0EF;
506a : 06842783;
506b : 07040593;
506c : 00048513;
506d : 00178793;
506e : 06F42423;
506f : 03C4A783;
5070 : 00C7A783;
5071 : 000780E7;
5072 : 00100513;
5073 : BA0908E3;
5074 : 17C4A503;
5075 : 05050513;
5076 : 909FD0EF;
5077 : 02B12223;
5078 : 000F45B7;
5079 : 02A12023;
507a : 24058593;
507b : 02010513;
507c : B9CFF0EF;
507d : 0344A503;
507e : 3E800793;
507f : 02012703;
5080 : 00452683;
5081 : 0346A603;
5082 : 02C787B3;
5083 : 41F75613;
5084 : 00E64733;
5085 : 40C70733;
5086 : 18E7CA63;
5087 : 03C4A783;
5088 : 00100593;
5089 : 02C7A783;
508a : 000780E7;
508b : 00100513;
508c : B4DFF06F;
508d : 00C72023;
508e : 00F72223;
508f : 00472983;
5090 : 00072A03;
5091 : 01304663;
5092 : 10099E63;
5093 : 100A0C63;
5094 : 01412C23;
5095 : 01312E23;
5096 : 01810513;
5097 : B30FF0EF;
5098 : 03304663;
5099 : 00099463;
509a : 020A1263;
509b : 01812783;
509c : 40F006B3;
509d : 00F03733;
509e : 01C12783;
509f : 00D12C23;
50a0 : 40F007B3;
50a1 : 40E787B3;
50a2 : 00F12E23;
50a3 : 05C42983;
50a4 : 05842A03;
50a5 : 01304663;
50a6 : 0E099463;
50a7 : 0E0A0263;
50a8 : 03412023;
50a9 : 03312223;
50aa : 0344A783;
50ab : 02010513;
50ac : 0047A783;
50ad : 02079583;
50ae : AD4FF0EF;
50af : 03304663;
50b0 : 00099463;
50b1 : 020A1263;
50b2 : 02012783;
50b3 : 40F006B3;
50b4 : 00F03733;
50b5 : 02412783;
50b6 : 02D12023;
50b7 : 40F007B3;
50b8 : 40E787B3;
50b9 : 02F12223;
50ba : 0344A683;
50bb : 02012783;
50bc : 02412703;
50bd : 0046A683;
50be : 01812583;
50bf : 01C12603;
50c0 : 01C6A683;
50c1 : 0016F693;
50c2 : 02069A63;
50c3 : 00B785B3;
50c4 : 00F5B7B3;
50c5 : 00C70733;
50c6 : 00E787B3;
50c7 : 01079793;
50c8 : 0105D593;
50c9 : 00B7E5B3;
50ca : 03C4A783;
50cb : 01C7A703;
50cc : 06070663;
50cd : 00048513;
50ce : 000700E7;
50cf : 17C4A783;
50d0 : 0001E6B7;
50d1 : AA068693;
50d2 : 0007A703;
50d3 : 00200613;
50d4 : 00400593;
50d5 : 40A75713;
50d6 : 00048513;
50d7 : 11D040EF;
50d8 : E49FF06F;
50d9 : 014037B3;
50da : 41300733;
50db : 414006B3;
50dc : 40F707B3;
50dd : 00D12C23;
50de : 00F12E23;
50df : EDDFF06F;
50e0 : 014037B3;
50e1 : 41300733;
50e2 : 414006B3;
50e3 : 40F707B3;
50e4 : 02D12023;
50e5 : 02F12223;
50e6 : F11FF06F;
50e7 : 0187A783;
50e8 : 00048513;
50e9 : 000780E7;
50ea : F95FF06F;
50eb : 03E6C683;
50ec : E6069EE3;
50ed : 00500693;
50ee : 02D7C6B3;
50ef : 00D787B3;
50f0 : E6E7D6E3;
50f1 : 03C4A783;
50f2 : 00000593;
50f3 : 02C7A783;
50f4 : E59FF06F;
50f5 : FB010113;
50f6 : 05212023;
50f7 : 00058913;
50f8 : 04812423;
50f9 : 02010593;
50fa : 00050413;
50fb : 00090513;
50fc : 04112623;
50fd : 04912223;
50fe : CD1FA0EF;
50ff : 02C90593;
5100 : 00800613;
5101 : 03010513;
5102 : B58FC0EF;
5103 : 03495783;
5104 : 03495483;
5105 : 17842903;
5106 : 0087D793;
5107 : 00849493;
5108 : 00F4E4B3;
5109 : 01049493;
510a : 0104D493;
510b : 00800613;
510c : 03010593;
510d : 00090513;
510e : 02911C23;
510f : C91FB0EF;
5110 : 02051263;
5111 : 25045703;
5112 : 29A45783;
5113 : 00F71C63;
5114 : 00895783;
5115 : 00979863;
5116 : 00040513;
5117 : CE9FB0EF;
5118 : 04051263;
5119 : 02844783;
511a : 0001C737;
511b : 0001E6B7;
511c : B7070713;
511d : AB868693;
511e : 00100613;
511f : 00500593;
5120 : 00040513;
5121 : 7F4040EF;
5122 : 04C12083;
5123 : 04812403;
5124 : 04412483;
5125 : 04012903;
5126 : 00000513;
5127 : 05010113;
5128 : 00008067;
5129 : 0D840493;
512a : 02010593;
512b : 01000613;
512c : 00048513;
512d : AACFC0EF;
512e : 02042783;
512f : 28040593;
5130 : 0587A783;
5131 : 04078C63;
5132 : 00040513;
5133 : 00B12623;
5134 : 000780E7;
5135 : 00C12583;
5136 : 04051263;
5137 : 00048513;
5138 : AA5FD0EF;
5139 : 02042783;
513a : 0147A783;
513b : 06078663;
513c : 00040513;
513d : 000780E7;
513e : F80508E3;
513f : 17842783;
5140 : 29C40703;
5141 : 00A78683;
5142 : F8E680E3;
5143 : 00E78523;
5144 : 00040513;
5145 : 15C050EF;
5146 : F71FF06F;
5147 : 00000793;
5148 : 00F12823;
5149 : 17842783;
514a : 00000813;
514b : 00048513;
514c : 0187A703;
514d : 01C7A783;
514e : 01012A23;
514f : 00E12C23;
5150 : 00F12E23;
5151 : FECFD0EF;
5152 : 01010593;
5153 : 00048513;
5154 : FE0FD0EF;
5155 : F91FF06F;
5156 : 00100593;
5157 : 00040513;
5158 : FDCFF0EF;
5159 : F95FF06F;
515a : FB010113;
515b : 03512A23;
515c : 0001BAB7;
515d : 6C8A8713;
515e : 0001D6B7;
515f : 4C070713;
5160 : F2468693;
5161 : 00200613;
5162 : 00200593;
5163 : 04912223;
5164 : 04112623;
5165 : 00050493;
5166 : 04812423;
5167 : 05212023;
5168 : 03312E23;
5169 : 03412C23;
516a : 03612823;
516b : 03712623;
516c : 03812423;
516d : 03912223;
516e : 6C0040EF;
516f : 3404A703;
5170 : 00100793;
5171 : 68F71C63;
5172 : 0184A403;
5173 : 0C848B13;
5174 : 01000613;
5175 : 0A840C13;
5176 : 000B0593;
5177 : 000C0513;
5178 : 980FC0EF;
5179 : 0B840793;
517a : 0D848A13;
517b : 01000613;
517c : 000A0593;
517d : 00078513;
517e : 968FC0EF;
517f : 17C4A703;
5180 : 6C8A8A93;
5181 : 06374703;
5182 : 04070663;
5183 : 0E840993;
5184 : 01000613;
5185 : 00050593;
5186 : 00098513;
5187 : 944FC0EF;
5188 : 08840593;
5189 : 00098513;
518a : F08FD0EF;
518b : 01000613;
518c : 000C0593;
518d : 01010513;
518e : 928FC0EF;
518f : 09840593;
5190 : 01010513;
5191 : EECFD0EF;
5192 : 01010593;
5193 : 00098513;
5194 : EE0FD0EF;
5195 : 06840593;
5196 : 000B0513;
5197 : 929FD0EF;
5198 : 05840593;
5199 : 000A0513;
519a : EC8FD0EF;
519b : 17C4A403;
519c : 06344783;
519d : 04078E63;
519e : 000205B7;
519f : 060401A3;
51a0 : 00C00613;
51a1 : 91458593;
51a2 : 00048513;
51a3 : DFDF90EF;
51a4 : 04051063;
51a5 : 01000613;
51a6 : 000B0593;
51a7 : 0A040513;
51a8 : 8C0FC0EF;
51a9 : 01000613;
51aa : 000A0593;
51ab : 0B040513;
51ac : 8B0FC0EF;
51ad : 17C4A983;
51ae : 0619C783;
51af : 06079063;
51b0 : 0001E537;
51b1 : 4D0A8593;
51b2 : AF850513;
51b3 : E09F30EF;
51b4 : 33C4A703;
51b5 : 00300793;
51b6 : 00F71663;
51b7 : 00048513;
51b8 : 0E4050EF;
51b9 : 04C12083;
51ba : 04812403;
51bb : 04412483;
51bc : 04012903;
51bd : 03C12983;
51be : 03812A03;
51bf : 03412A83;
51c0 : 03012B03;
51c1 : 02C12B83;
51c2 : 02812C03;
51c3 : 02412C83;
51c4 : 00000513;
51c5 : 05010113;
51c6 : 00008067;
51c7 : 0184A403;
51c8 : 00048513;
51c9 : 01842B03;
51ca : 01C42A03;
51cb : 96CFF0EF;
51cc : FA0500E3;
51cd : 02098513;
51ce : BA8FD0EF;
51cf : 00A42C23;
51d0 : 00B42E23;
51d1 : 03098513;
51d2 : B98FD0EF;
51d3 : 01000613;
51d4 : 02A42023;
51d5 : 02B42223;
51d6 : 01010513;
51d7 : 05098593;
51d8 : 800FC0EF;
51d9 : 01010513;
51da : 00100C13;
51db : B74FD0EF;
51dc : 01840A23;
51dd : 0689A783;
51de : 02A42823;
51df : 02B42A23;
51e0 : 00178793;
51e1 : 06F9A423;
51e2 : 03C4A783;
51e3 : 07098593;
51e4 : 00048513;
51e5 : 00C7A783;
51e6 : 000780E7;
51e7 : 01544783;
51e8 : F20788E3;
51e9 : 00048513;
51ea : 41D020EF;
51eb : 00050613;
51ec : 00050E63;
51ed : 0001E537;
51ee : 4E4A8593;
51ef : B2050513;
51f0 : D15F30EF;
51f1 : 01840B23;
51f2 : F09FF06F;
51f3 : 121020EF;
51f4 : 08051463;
51f5 : 0609C783;
51f6 : FFD7F793;
51f7 : 06F98023;
51f8 : 01012783;
51f9 : 01412703;
51fa : 00E7E7B3;
51fb : 08079463;
51fc : 01C12683;
51fd : 01042C83;
51fe : 01812703;
51ff : FFF00C13;
5200 : 0006C463;
5201 : 00100C13;
5202 : 0F904863;
5203 : 0001E537;
5204 : 000C8613;
5205 : 4F8A8593;
5206 : B7C50513;
5207 : CB9F30EF;
5208 : 01012703;
5209 : 0001E6B7;
520a : 00090813;
520b : 000B8793;
520c : BA468693;
520d : 00200613;
520e : 00400593;
520f : 00048513;
5210 : 438040EF;
5211 : 040B8C63;
5212 : 00200593;
5213 : 00048513;
5214 : 84DF90EF;
5215 : 0480006F;
5216 : 0001E6B7;
5217 : B5868693;
5218 : 00100613;
5219 : 00400593;
521a : 00048513;
521b : 40C040EF;
521c : E61FF06F;
521d : 00100593;
521e : 00048513;
521f : 821F90EF;
5220 : 01012703;
5221 : 0001E6B7;
5222 : B6468693;
5223 : 00200613;
5224 : 00400593;
5225 : 00048513;
5226 : 3E0040EF;
5227 : 0609C783;
5228 : 0649A703;
5229 : 0027F793;
522a : 10079063;
522b : 0001E7B7;
522c : E4078793;
522d : 0001E6B7;
522e : BCC68693;
522f : 00300613;
5230 : 00400593;
5231 : 00048513;
5232 : 3B0040EF;
5233 : 0619C783;
5234 : 00400713;
5235 : FFF78793;
5236 : 0FF7F793;
5237 : 16F76E63;
5238 : 0001B737;
5239 : 00279793;
523a : 6B470713;
523b : 00E787B3;
523c : 0007A783;
523d : 00078067;
523e : 41FC5793;
523f : 02E787B3;
5240 : 00008937;
5241 : 000C8593;
5242 : 00810513;
5243 : 038686B3;
5244 : 02EC0633;
5245 : 00D787B3;
5246 : 3E800693;
5247 : 02EC3733;
5248 : 00E787B3;
5249 : 02C68733;
524a : 02F687B3;
524b : 01270933;
524c : 00E93733;
524d : 01095913;
524e : 02C6B6B3;
524f : 00D787B3;
5250 : 00F707B3;
5251 : 01079713;
5252 : 01276933;
5253 : 0107D793;
5254 : 01212423;
5255 : 00F12623;
5256 : C35FE0EF;
5257 : 00812603;
5258 : 00C12703;
5259 : 41FCD793;
525a : 02F607B3;
525b : 3E800593;
525c : 00810513;
525d : 03970733;
525e : 03960833;
525f : 00E787B3;
5260 : 03963633;
5261 : 41090933;
5262 : 01012423;
5263 : 00C787B3;
5264 : 00F12623;
5265 : BF9FE0EF;
5266 : 00812B83;
5267 : 03890933;
5268 : 037C0BB3;
5269 : E7DFF06F;
526a : 0001E7B7;
526b : AE878793;
526c : F05FF06F;
526d : 01012503;
526e : 01412583;
526f : 00000613;
5270 : 110020EF;
5271 : 0609C783;
5272 : 0027E793;
5273 : 06F98023;
5274 : 00300593;
5275 : 07C0006F;
5276 : 000B8613;
5277 : 00000513;
5278 : 00000593;
5279 : FDDFF06F;
527a : 00C42703;
527b : 0001E6B7;
527c : 00090813;
527d : 000B8793;
527e : BE468693;
527f : 00200613;
5280 : 00400593;
5281 : 00048513;
5282 : 270040EF;
5283 : 00C42803;
5284 : 0001D6B7;
5285 : 11700793;
5286 : 01090833;
5287 : 00400593;
5288 : 01042623;
5289 : 4E4A8713;
528a : 25468693;
528b : 00300613;
528c : 00048513;
528d : 244040EF;
528e : 00C42503;
528f : 678020EF;
5290 : 0609C783;
5291 : 00500593;
5292 : 0027E793;
5293 : 06F98023;
5294 : 00048513;
5295 : E48F90EF;
5296 : 0619C703;
5297 : FFC70793;
5298 : 0017B793;
5299 : 06F98123;
529a : 00400793;
529b : 00F70863;
529c : 00042783;
529d : 00178793;
529e : 00F42023;
529f : 03442703;
52a0 : 03042683;
52a1 : 41F75613;
52a2 : 00C6C6B3;
52a3 : 00C747B3;
52a4 : 40C68733;
52a5 : 00E6B6B3;
52a6 : 40C787B3;
52a7 : 40D787B3;
52a8 : 00F04863;
52a9 : 00079C63;
52aa : 1F400793;
52ab : 00E7F863;
52ac : 00442783;
52ad : 00178793;
52ae : 00F42223;
52af : 01842683;
52b0 : 01C42603;
52b1 : 40DB05B3;
52b2 : 00BB37B3;
52b3 : 40CA0733;
52b4 : 40F70733;
52b5 : 14074463;
52b6 : 00100793;
52b7 : 00E04A63;
52b8 : 00071663;
52b9 : 3E800713;
52ba : 00B76463;
52bb : 00000793;
52bc : BE0780E3;
52bd : 00842783;
52be : 00178793;
52bf : 00F42423;
52c0 : BD1FF06F;
52c1 : 01010513;
52c2 : FD9FC0EF;
52c3 : 40A007B3;
52c4 : 0005C463;
52c5 : 00050793;
52c6 : 03B00713;
52c7 : 04F74463;
52c8 : 03C4A783;
52c9 : 0344A503;
52ca : 00100593;
52cb : 02C7A783;
52cc : 000780E7;
52cd : 02042703;
52ce : 02442783;
52cf : 00400593;
52d0 : 02E42C23;
52d1 : 02F42E23;
52d2 : 00048513;
52d3 : D50F90EF;
52d4 : 04042703;
52d5 : 00900793;
52d6 : F0E7D0E3;
52d7 : 04042023;
52d8 : E71FF06F;
52d9 : 04042783;
52da : 00178793;
52db : 04F42023;
52dc : FE1FF06F;
52dd : 02042683;
52de : 03842703;
52df : 02442783;
52e0 : 03C42603;
52e1 : 40E68733;
52e2 : 00E6B6B3;
52e3 : 40C787B3;
52e4 : 40D787B3;
52e5 : 02E42423;
52e6 : 41F95713;
52e7 : 02F42623;
52e8 : 012747B3;
52e9 : 40E787B3;
52ea : 07800713;
52eb : E2F742E3;
52ec : 00400813;
52ed : 03094833;
52ee : 00C42903;
52ef : 0001D6B7;
52f0 : 14A00793;
52f1 : 4E4A8713;
52f2 : 25468693;
52f3 : 00300613;
52f4 : 00400593;
52f5 : 00048513;
52f6 : 01280833;
52f7 : 01042623;
52f8 : 098040EF;
52f9 : 00C42503;
52fa : 4CC020EF;
52fb : 00C42703;
52fc : 0001E6B7;
52fd : C0068693;
52fe : 00100613;
52ff : 00600593;
5300 : 00048513;
5301 : 074040EF;
5302 : 02042703;
5303 : 02442783;
5304 : 02E42C23;
5305 : 02F42E23;
5306 : E41FF06F;
5307 : 41600733;
5308 : 414007B3;
5309 : 01603B33;
530a : 416787B3;
530b : 40D706B3;
530c : 00D73733;
530d : 40C787B3;
530e : 40E787B3;
530f : 00100713;
5310 : 00F04A63;
5311 : 00079663;
5312 : 3E800793;
5313 : 00D7E463;
5314 : 00000713;
5315 : 0FF77793;
5316 : E99FF06F;
5317 : 0344A783;
5318 : 00048513;
5319 : 0047A783;
531a : 03F7C583;
531b : 8D0FF0EF;
531c : A75FF06F;
531d : FD010113;
531e : 00A12C23;
531f : 00B12E23;
5320 : 01810513;
5321 : 3E800593;
5322 : 02112623;
5323 : 02812423;
5324 : 00060413;
5325 : 8F9FE0EF;
5326 : 01C12783;
5327 : 01812703;
5328 : 00000813;
5329 : 00F42623;
532a : 00000793;
532b : 00E42423;
532c : 00F42023;
532d : 01042223;
532e : 00040513;
532f : EF9FC0EF;
5330 : 02C12083;
5331 : 02812403;
5332 : 03010113;
5333 : 00008067;
5334 : 17852783;
5335 : FD010113;
5336 : 02812423;
5337 : 02912223;
5338 : 03212023;
5339 : 02112623;
533a : 0107A903;
533b : 00050413;
533c : 00058493;
533d : 00068C63;
533e : 00300793;
533f : 02F90C23;
5340 : 4B000613;
5341 : 00B00593;
5342 : 0DD040EF;
5343 : 27144703;
5344 : 00C00793;
5345 : 0AF71663;
5346 : 00E10693;
5347 : 01010613;
5348 : 00048593;
5349 : 00040513;
534a : 91CFC0EF;
534b : 08050A63;
534c : 00E15703;
534d : 000017B7;
534e : 00478793;
534f : 06F71063;
5350 : 01842403;
5351 : 01C92503;
5352 : 02092583;
5353 : 04840613;
5354 : F25FF0EF;
5355 : 02492503;
5356 : 02892583;
5357 : 05840613;
5358 : F15FF0EF;
5359 : 02E94683;
535a : 00100713;
535b : 00800793;
535c : 00E68463;
535d : 00500793;
535e : 00F92223;
535f : 00000493;
5360 : 02C12083;
5361 : 02812403;
5362 : 02012903;
5363 : 00048513;
5364 : 02412483;
5365 : 03010113;
5366 : 00008067;
5367 : 0001E7B7;
5368 : 0001E6B7;
5369 : C1478793;
536a : 92468693;
536b : 00100613;
536c : 00200593;
536d : 00040513;
536e : 6C1030EF;
536f : FC1FF06F;
5370 : 00B00593;
5371 : 00040513;
5372 : 59D030EF;
5373 : 03894783;
5374 : 12C00713;
5375 : 00050493;
5376 : 02E787B3;
5377 : 04A7C063;
5378 : 02051A63;
5379 : 0001E737;
537a : 0001D6B7;
537b : 00040513;
537c : C2070713;
537d : 23C68693;
537e : 00100613;
537f : 00600593;
5380 : 679030EF;
5381 : 00600593;
5382 : 00040513;
5383 : D29FA0EF;
5384 : F71FF06F;
5385 : 00040513;
5386 : BD0F90EF;
5387 : 00B00593;
5388 : 00040513;
5389 : 541030EF;
538a : 03894483;
538b : ED400793;
538c : 02F484B3;
538d : 00A484B3;
538e : F49FF06F;
538f : 17852783;
5390 : FE010113;
5391 : 00912A23;
5392 : 19852703;
5393 : 0107A483;
5394 : 19C52783;
5395 : 01212823;
5396 : 3E800913;
5397 : 02E90833;
5398 : 00112E23;
5399 : 00812C23;
539a : 01312623;
539b : 01412423;
539c : 0001EA37;
539d : 01852983;
539e : C34A0693;
539f : 00100613;
53a0 : 00200593;
53a1 : 02E93733;
53a2 : 0104A623;
53a3 : 00050413;
53a4 : 02F907B3;
53a5 : 00E787B3;
53a6 : 0001E737;
53a7 : 00F4A823;
53a8 : C2C70713;
53a9 : 5D5030EF;
53aa : 00C4A503;
53ab : 0104A583;
53ac : 06898613;
53ad : DC1FF0EF;
53ae : 1A042703;
53af : 1B042683;
53b0 : 1A442603;
53b1 : 1B442583;
53b2 : 00D706B3;
53b3 : 00E6B7B3;
53b4 : 00B60733;
53b5 : 00E787B3;
53b6 : 02D90833;
53b7 : 0001E737;
53b8 : C4C70713;
53b9 : 00040513;
53ba : 00100613;
53bb : 00200593;
53bc : 02F907B3;
53bd : 0104AA23;
53be : 02D93933;
53bf : C34A0693;
53c0 : 012787B3;
53c1 : 00F4AC23;
53c2 : 571030EF;
53c3 : 0144A503;
53c4 : 0184A583;
53c5 : 07898613;
53c6 : D5DFF0EF;
53c7 : 00600793;
53c8 : 00F4A223;
53c9 : 000015B7;
53ca : 00100793;
53cb : 02F48823;
53cc : 00040513;
53cd : 00358593;
53ce : ED5FD0EF;
53cf : 020487A3;
53d0 : 01C12083;
53d1 : 01812403;
53d2 : 01412483;
53d3 : 01012903;
53d4 : 00C12983;
53d5 : 00812A03;
53d6 : 00000513;
53d7 : 02010113;
53d8 : 00008067;
53d9 : FE010113;
53da : 00812C23;
53db : 00912A23;
53dc : 01212823;
53dd : 01312623;
53de : 01412423;
53df : 01512223;
53e0 : 00112E23;
53e1 : 00050913;
53e2 : 00060413;
53e3 : 00050023;
53e4 : 00058493;
53e5 : 00050993;
53e6 : 00C58A33;
53e7 : 0001EAB7;
53e8 : 0004C603;
53e9 : 00098513;
53ea : C54A8593;
53eb : 00148493;
53ec : C90F30EF;
53ed : 00398993;
53ee : FF4494E3;
53ef : 00300613;
53f0 : 02C40433;
53f1 : 00090513;
53f2 : 00890433;
53f3 : FE040FA3;
53f4 : 01C12083;
53f5 : 01812403;
53f6 : 01412483;
53f7 : 01012903;
53f8 : 00C12983;
53f9 : 00812A03;
53fa : 00412A83;
53fb : 02010113;
53fc : 00008067;
53fd : 00052783;
53fe : FC010113;
53ff : 02112E23;
5400 : 02812C23;
5401 : 0A078663;
5402 : 00050613;
5403 : 00050413;
5404 : 0001C537;
5405 : 00400593;
5406 : BD450513;
5407 : C15F70EF;
5408 : 00200793;
5409 : 0CF50E63;
540a : 02A7C463;
540b : 08050263;
540c : 00100793;
540d : 0AF50A63;
540e : FFF00793;
540f : 03C12083;
5410 : 03812403;
5411 : 00078513;
5412 : 04010113;
5413 : 00008067;
5414 : 00300793;
5415 : FEF512E3;
5416 : 00442503;
5417 : FFF00793;
5418 : FC050EE3;
5419 : 00810593;
541a : B94F70EF;
541b : 00842503;
541c : 00050463;
541d : CA4F70EF;
541e : 2D636537;
541f : 16D50513;
5420 : 00020437;
5421 : 98CEE0EF;
5422 : 29040413;
5423 : 00054E63;
5424 : 05042503;
5425 : EFCEE0EF;
5426 : 00600613;
5427 : 00810593;
5428 : 00000513;
5429 : FBDED0EF;
542a : 00042423;
542b : 0140006F;
542c : 000205B7;
542d : 9A858593;
542e : 00810513;
542f : E60F50EF;
5430 : 00600613;
5431 : 00810593;
5432 : 01010513;
5433 : E99FF0EF;
5434 : 0001E537;
5435 : 01010593;
5436 : C5C50513;
5437 : BF8F30EF;
5438 : 00000793;
5439 : F59FF06F;
543a : 00442503;
543b : 00050463;
543c : C28F70EF;
543d : 00810513;
543e : CFCEE0EF;
543f : FC5FF06F;
5440 : 00442503;
5441 : FFF00793;
5442 : F2050AE3;
5443 : 00810593;
5444 : AECF70EF;
5445 : 00810513;
5446 : C30EE0EF;
5447 : B08F00EF;
5448 : FA1FF06F;
5449 : F2010113;
544a : 0C812C23;
544b : 0D312623;
544c : 0001F437;
544d : 000209B7;
544e : 5A044603;
544f : 9609C783;
5450 : 0C112E23;
5451 : 0C912A23;
5452 : 0D212823;
5453 : 0D412423;
5454 : 0D512223;
5455 : 0D612023;
5456 : 0B712E23;
5457 : 0B812C23;
5458 : 0B912A23;
5459 : 0BA12823;
545a : 0BB12623;
545b : 2AC78E63;
545c : 0001D537;
545d : 86850513;
545e : B5CF30EF;
545f : 5A044783;
5460 : 0017F793;
5461 : 0C078E63;
5462 : 0001B7B7;
5463 : 0001F737;
5464 : 0001E6B7;
5465 : EDC78793;
5466 : 52070713;
5467 : C9468693;
5468 : 00400613;
5469 : 00100593;
546a : 00100513;
546b : E6CF70EF;
546c : 0001E5B7;
546d : CA858593;
546e : 00500513;
546f : ED0F70EF;
5470 : 0001E637;
5471 : 0001E5B7;
5472 : E4060713;
5473 : E4060693;
5474 : CC858593;
5475 : E4060613;
5476 : 00400513;
5477 : EB0F70EF;
5478 : 0001E937;
5479 : 0001F7B7;
547a : CFC90593;
547b : 00600513;
547c : 6597CA03;
547d : 0001E4B7;
547e : E94F70EF;
547f : D4C48513;
5480 : AD4F30EF;
5481 : CFC90513;
5482 : ACCF30EF;
5483 : 00000913;
5484 : 1F494C63;
5485 : 0001E537;
5486 : D9C50513;
5487 : AB8F30EF;
5488 : 0001E4B7;
5489 : DF048513;
548a : AACF30EF;
548b : 0001E537;
548c : E4450513;
548d : AA0F30EF;
548e : 00000913;
548f : 1D494E63;
5490 : 0001E5B7;
5491 : E9858593;
5492 : 00400513;
5493 : E40F70EF;
5494 : 0001E5B7;
5495 : EC058593;
5496 : 00600513;
5497 : E30F70EF;
5498 : 5A044783;
5499 : 0027F793;
549a : 14078263;
549b : 0001E6B7;
549c : F1468693;
549d : 00400613;
549e : 02D00593;
549f : 01300513;
54a0 : D98F70EF;
54a1 : 0001E637;
54a2 : F2060613;
54a3 : 02D00593;
54a4 : 01400513;
54a5 : D2CF70EF;
54a6 : 0001E637;
54a7 : F2C60613;
54a8 : 02D00593;
54a9 : 01500513;
54aa : D18F70EF;
54ab : 0001E6B7;
54ac : F3868693;
54ad : 00400613;
54ae : 00100593;
54af : 01000513;
54b0 : D58F70EF;
54b1 : 0001E5B7;
54b2 : F4858593;
54b3 : 00600513;
54b4 : DBCF70EF;
54b5 : 0001E5B7;
54b6 : F9C58593;
54b7 : 00400513;
54b8 : DACF70EF;
54b9 : 0001E537;
54ba : FB050513;
54bb : 9E8F30EF;
54bc : 0001E537;
54bd : FC450513;
54be : 9DCF30EF;
54bf : 0001E537;
54c0 : FD850513;
54c1 : 9D0F30EF;
54c2 : 0001E537;
54c3 : FEC50513;
54c4 : 9C4F30EF;
54c5 : 0001E637;
54c6 : 00060613;
54c7 : 02D00593;
54c8 : 01700513;
54c9 : C9CF70EF;
54ca : 0001E537;
54cb : 00850513;
54cc : 9A4F30EF;
54cd : 0001E537;
54ce : 01C50513;
54cf : 998F30EF;
54d0 : 0001E537;
54d1 : 03050513;
54d2 : 98CF30EF;
54d3 : 0001E537;
54d4 : 04450513;
54d5 : 980F30EF;
54d6 : 5A044783;
54d7 : 0047F793;
54d8 : 00078E63;
54d9 : 0001E537;
54da : 05850513;
54db : 968F30EF;
54dc : 0001E537;
54dd : 06C50513;
54de : 95CF30EF;
54df : 0001E537;
54e0 : 08050513;
54e1 : 950F30EF;
54e2 : 5A044783;
54e3 : 0047F793;
54e4 : 00078E63;
54e5 : 0001E537;
54e6 : 09450513;
54e7 : 938F30EF;
54e8 : 0001E537;
54e9 : 0AC50513;
54ea : 92CF30EF;
54eb : 0001E537;
54ec : 000207B7;
54ed : 0C450513;
54ee : 9407AE23;
54ef : 918F30EF;
54f0 : 5A044783;
54f1 : 96F98023;
54f2 : 00100513;
54f3 : 0DC12083;
54f4 : 0D812403;
54f5 : 0D412483;
54f6 : 0D012903;
54f7 : 0CC12983;
54f8 : 0C812A03;
54f9 : 0C412A83;
54fa : 0C012B03;
54fb : 0BC12B83;
54fc : 0B812C03;
54fd : 0B412C83;
54fe : 0B012D03;
54ff : 0AC12D83;
5500 : 0E010113;
5501 : 00008067;
5502 : D4C48513;
5503 : 8C8F30EF;
5504 : 00190913;
5505 : DFDFF06F;
5506 : DF048513;
5507 : 8B8F30EF;
5508 : 00190913;
5509 : E19FF06F;
550a : 001007B7;
550b : 0001F4B7;
550c : 41C7A703;
550d : 4DC4A783;
550e : 4DC48913;
550f : 000205B7;
5510 : 17C7A783;
5511 : 0687A803;
5512 : 000207B7;
5513 : 95C7A683;
5514 : 40D706B3;
5515 : 0006D863;
5516 : 9345A683;
5517 : 00000513;
5518 : F70686E3;
5519 : 3E870713;
551a : 9305AA23;
551b : 94E7AE23;
551c : 01810593;
551d : 00100793;
551e : 02010513;
551f : 5AF40023;
5520 : 96C98023;
5521 : D4DEF0EF;
5522 : 02412583;
5523 : 02012503;
5524 : 00200613;
5525 : 0001EAB7;
5526 : D54F90EF;
5527 : 00050713;
5528 : CA4A8693;
5529 : 00900613;
552a : 00B00593;
552b : 00300513;
552c : B68F70EF;
552d : 01492783;
552e : 01C10693;
552f : 00068613;
5530 : 00079A03;
5531 : 4DC4A783;
5532 : 01410593;
5533 : 00000513;
5534 : 03C7A783;
5535 : 0001B4B7;
5536 : 0047A783;
5537 : 000780E7;
5538 : 0001D637;
5539 : 000A0693;
553a : D4060613;
553b : 02C00593;
553c : 00300513;
553d : ACCF70EF;
553e : 03892783;
553f : 6C848513;
5540 : 52C50513;
5541 : 0007A583;
5542 : 6C848493;
5543 : DA9F90EF;
5544 : 00050613;
5545 : 03B00593;
5546 : 00300513;
5547 : AA4F70EF;
5548 : E18F00EF;
5549 : 14051463;
554a : 0001E6B7;
554b : 73868693;
554c : 0001E637;
554d : 0C860613;
554e : 04600593;
554f : 00300513;
5550 : A80F70EF;
5551 : 0001F7B7;
5552 : 6597C783;
5553 : 00020B37;
5554 : 0001FC37;
5555 : 424B0D13;
5556 : 424B0B93;
5557 : 00F12023;
5558 : 00000A13;
5559 : 424B0B13;
555a : 51CC0C13;
555b : 0001EDB7;
555c : 00012783;
555d : 10FA4263;
555e : 0001E7B7;
555f : C7478793;
5560 : 00F12223;
5561 : 0001E7B7;
5562 : 0001CA37;
5563 : 12078793;
5564 : 0001EDB7;
5565 : 00000B13;
5566 : BE4A0A13;
5567 : 00F12423;
5568 : C78D8D93;
5569 : 00012783;
556a : 20FB4C63;
556b : 00092B03;
556c : 340B2783;
556d : 3C078663;
556e : 01CB2783;
556f : 00100713;
5570 : 000A0B93;
5571 : 00F76E63;
5572 : 00379793;
5573 : 00F484B3;
5574 : 51C4C703;
5575 : 000A0B93;
5576 : 00070463;
5577 : 00FA0BB3;
5578 : 0001E4B7;
5579 : E4048613;
557a : 00100593;
557b : 01000513;
557c : 9D0F70EF;
557d : 000B2703;
557e : 00900793;
557f : 00048813;
5580 : 00F71A63;
5581 : 17CB2603;
5582 : 06064683;
5583 : 0016F793;
5584 : 36079C63;
5585 : 0001E5B7;
5586 : 15458593;
5587 : 00100513;
5588 : A6CF70EF;
5589 : 000207B7;
558a : 8A97C903;
558b : 00000493;
558c : 0001E9B7;
558d : FFF90913;
558e : 0001EA37;
558f : 0001EAB7;
5590 : 0001EB37;
5591 : 0001EBB7;
5592 : 0001EC37;
5593 : 6924C863;
5594 : 0001E537;
5595 : 24C50513;
5596 : E7DF20EF;
5597 : 0001E537;
5598 : 0C450513;
5599 : E71F20EF;
559a : D61FF06F;
559b : 0001E6B7;
559c : C7068693;
559d : EBDFF06F;
559e : 000BA503;
559f : C49ED0EF;
55a0 : 00050C93;
55a1 : 000A0713;
55a2 : 08050A63;
55a3 : 0001E7B7;
55a4 : 0D078693;
55a5 : 00200613;
55a6 : 00100593;
55a7 : 00700513;
55a8 : 978F70EF;
55a9 : 000BA583;
55aa : 00600613;
55ab : 02010513;
55ac : 8B5FF0EF;
55ad : 02010713;
55ae : CA4A8693;
55af : 00500613;
55b0 : 00600593;
55b1 : 00700513;
55b2 : 950F70EF;
55b3 : 0C0A1463;
55b4 : 0E0C8063;
55b5 : 01C10513;
55b6 : B4DF40EF;
55b7 : 01C10593;
55b8 : 02010513;
55b9 : DDCF90EF;
55ba : 010C2783;
55bb : 00100713;
55bc : 02E78E63;
55bd : 00200713;
55be : 0AE78463;
55bf : 04079663;
55c0 : 0001E6B7;
55c1 : 0D868693;
55c2 : 00100613;
55c3 : 01A00593;
55c4 : 00700513;
55c5 : 904F70EF;
55c6 : 0300006F;
55c7 : 0001E7B7;
55c8 : 0D478693;
55c9 : 00100613;
55ca : F71FF06F;
55cb : 0001E7B7;
55cc : 02010713;
55cd : 0F078693;
55ce : 00200613;
55cf : 01A00593;
55d0 : 00700513;
55d1 : 8D4F70EF;
55d2 : 004B2783;
55d3 : 124D8693;
55d4 : 00500613;
55d5 : 0087A703;
55d6 : 0047AC83;
55d7 : 03400593;
55d8 : 00700513;
55d9 : 8B4F70EF;
55da : 000C8693;
55db : 124D8613;
55dc : 03E00593;
55dd : 00700513;
55de : 848F70EF;
55df : 00AC5683;
55e0 : 0001E7B7;
55e1 : 12878613;
55e2 : 04800593;
55e3 : 00700513;
55e4 : 830F70EF;
55e5 : 001A0A13;
55e6 : 00CB8B93;
55e7 : DD5FF06F;
55e8 : 0001E6B7;
55e9 : 02010713;
55ea : 0FC68693;
55eb : F8DFF06F;
55ec : 0001E7B7;
55ed : 10C78693;
55ee : 00200613;
55ef : F51FF06F;
55f0 : 000D2503;
55f1 : 000A0B93;
55f2 : AFDED0EF;
55f3 : 00A12623;
55f4 : B68F00EF;
55f5 : 00092C83;
55f6 : 00100613;
55f7 : 00C12683;
55f8 : 01CCA703;
55f9 : 00050C13;
55fa : 00E66C63;
55fb : 00371713;
55fc : 00E48633;
55fd : 51C64603;
55fe : 00060463;
55ff : 00EA0BB3;
5600 : 09AC8793;
5601 : 00F12623;
5602 : 2A4CA703;
5603 : 16068263;
5604 : 0001E6B7;
5605 : 12C68693;
5606 : 00200613;
5607 : 00100593;
5608 : 00C00513;
5609 : FF5F60EF;
560a : 00412683;
560b : 000C1463;
560c : 00812683;
560d : 00200613;
560e : 00800593;
560f : 00C00513;
5610 : FD9F60EF;
5611 : 0001E737;
5612 : 0001E6B7;
5613 : 13470713;
5614 : 13C68693;
5615 : 00900613;
5616 : 00E00593;
5617 : 00C00513;
5618 : FB9F60EF;
5619 : 00600613;
561a : 09AC8593;
561b : 02010513;
561c : EF4FF0EF;
561d : 02010613;
561e : 01A00593;
561f : 00C00513;
5620 : F41F60EF;
5621 : 000CA583;
5622 : 54048513;
5623 : 000D8C13;
5624 : A25F90EF;
5625 : 0001E6B7;
5626 : 00050713;
5627 : 14468693;
5628 : 00200613;
5629 : 02E00593;
562a : 00C00513;
562b : F6DF60EF;
562c : 01CCA683;
562d : 00100713;
562e : 00E69E63;
562f : 178CA703;
5630 : 56C48513;
5631 : 01072703;
5632 : 00072583;
5633 : 9E9F90EF;
5634 : 00050C13;
5635 : 33CCA583;
5636 : 59448513;
5637 : 9D9F90EF;
5638 : 00050613;
5639 : 0001E537;
563a : 000C0593;
563b : 14850513;
563c : BE5F20EF;
563d : 02CCA683;
563e : 00200613;
563f : 03F00713;
5640 : 00D66A63;
5641 : 0001F737;
5642 : 3D470713;
5643 : 00E686B3;
5644 : 0006C703;
5645 : 0001D6B7;
5646 : 00C00513;
5647 : 14068693;
5648 : 00900613;
5649 : 04C00593;
564a : EF1F60EF;
564b : 01CCA703;
564c : 00200513;
564d : 02070063;
564e : 340CA783;
564f : 00100713;
5650 : 00E78A63;
5651 : 00200713;
5652 : 00100513;
5653 : 00E79463;
5654 : 00900513;
5655 : 000BC603;
5656 : 0001E5B7;
5657 : 15058593;
5658 : F2DF60EF;
5659 : 001B0B13;
565a : 00CD0D13;
565b : C39FF06F;
565c : 0001E6B7;
565d : 13068693;
565e : 00100613;
565f : EA1FF06F;
5660 : 00000793;
5661 : C45FF06F;
5662 : 340B2703;
5663 : 00100793;
5664 : 00000493;
5665 : 00F71463;
5666 : 018B2483;
5667 : 5A044783;
5668 : 0027E713;
5669 : 32048663;
566a : 04848A13;
566b : 00400793;
566c : 00E7E7B3;
566d : 9609C703;
566e : 5AF40023;
566f : 0077F793;
5670 : C6F712E3;
5671 : 0026F693;
5672 : 004BA703;
5673 : 06462783;
5674 : E4080813;
5675 : 00068663;
5676 : 0001E837;
5677 : C8480813;
5678 : 0001E6B7;
5679 : 18468693;
567a : 00900613;
567b : 01700593;
567c : 01000513;
567d : E25F60EF;
567e : 06048063;
567f : 0144C783;
5680 : 00079A63;
5681 : 0001E5B7;
5682 : 19858593;
5683 : 00100513;
5684 : E7DF60EF;
5685 : 0004A703;
5686 : 0001E437;
5687 : 25440693;
5688 : 00900613;
5689 : 03C00593;
568a : 01300513;
568b : DEDF60EF;
568c : 0044A683;
568d : 25440613;
568e : 03C00593;
568f : 01400513;
5690 : D81F60EF;
5691 : 0084A683;
5692 : 25440613;
5693 : 03C00593;
5694 : 01500513;
5695 : D6DF60EF;
5696 : 00C92783;
5697 : 0001E437;
5698 : 0001E9B7;
5699 : 0147A583;
569a : 0107A503;
569b : B4CF70EF;
569c : 00050713;
569d : 1B440693;
569e : 00900613;
569f : 01400593;
56a0 : 01300513;
56a1 : D95F60EF;
56a2 : 17CB2503;
56a3 : 02010593;
56a4 : 03050513;
56a5 : C84F70EF;
56a6 : 00050693;
56a7 : 1BC98613;
56a8 : 01400513;
56a9 : 01400593;
56aa : D19F60EF;
56ab : 17CB2783;
56ac : 0A0A0513;
56ad : 000A1463;
56ae : 02078513;
56af : 02010593;
56b0 : C58F70EF;
56b1 : 00050693;
56b2 : 1BC98613;
56b3 : 01400593;
56b4 : 01500513;
56b5 : CEDF60EF;
56b6 : 178B2783;
56b7 : 01C7A583;
56b8 : 0187A503;
56b9 : AD4F70EF;
56ba : 00050693;
56bb : 1B440613;
56bc : 01400593;
56bd : 01600513;
56be : CC9F60EF;
56bf : 18CB2583;
56c0 : 188B2503;
56c1 : 9E8F70EF;
56c2 : 00050693;
56c3 : CA4A8613;
56c4 : 01600593;
56c5 : 01700513;
56c6 : CA9F60EF;
56c7 : 188B2703;
56c8 : 18CB2783;
56c9 : 0001E637;
56ca : 1C460613;
56cb : 03300593;
56cc : 01700513;
56cd : C8DF60EF;
56ce : 1A4B2583;
56cf : 1A0B2503;
56d0 : A78F70EF;
56d1 : 00050693;
56d2 : 1B440613;
56d3 : 01400593;
56d4 : 01800513;
56d5 : C6DF60EF;
56d6 : 19CB2583;
56d7 : 198B2503;
56d8 : A58F70EF;
56d9 : 00050693;
56da : 1B440613;
56db : 01400593;
56dc : 01900513;
56dd : C4DF60EF;
56de : 1B4B2583;
56df : 1B0B2503;
56e0 : A38F70EF;
56e1 : 00050693;
56e2 : 1B440613;
56e3 : 01400593;
56e4 : 01A00513;
56e5 : C2DF60EF;
56e6 : 00C92783;
56e7 : 00C7A583;
56e8 : 0087A503;
56e9 : A14F70EF;
56ea : 00050693;
56eb : 1B440613;
56ec : 01B00513;
56ed : 01400593;
56ee : C09F60EF;
56ef : 01C00513;
56f0 : 04048863;
56f1 : 00C4A583;
56f2 : 02010513;
56f3 : 41F5D613;
56f4 : E80F90EF;
56f5 : 00050693;
56f6 : 1B440613;
56f7 : 01400593;
56f8 : 01C00513;
56f9 : BDDF60EF;
56fa : 0284A583;
56fb : 02C4A603;
56fc : 02010513;
56fd : E5CF90EF;
56fe : 00050693;
56ff : 1B440613;
5700 : 01D00513;
5701 : 01400593;
5702 : BB9F60EF;
5703 : 01E00513;
5704 : 17CB2783;
5705 : 0001E637;
5706 : 1C860613;
5707 : 0687A683;
5708 : 01800593;
5709 : B9DF60EF;
570a : 9E0A0EE3;
570b : 02010593;
570c : 000A0513;
570d : AE4F70EF;
570e : 0001E937;
570f : 00050693;
5710 : 1D490613;
5711 : 01A00593;
5712 : 01F00513;
5713 : B75F60EF;
5714 : 0001E4B7;
5715 : 1DC48593;
5716 : 00400513;
5717 : C31F60EF;
5718 : 02010593;
5719 : 010A0513;
571a : AB0F70EF;
571b : 0001E437;
571c : 00050613;
571d : 1E440593;
571e : 00900513;
571f : C11F60EF;
5720 : 02010593;
5721 : 020A0513;
5722 : A90F70EF;
5723 : 00050713;
5724 : 1D490693;
5725 : 00900613;
5726 : 01A00593;
5727 : 02000513;
5728 : B79F60EF;
5729 : 1DC48593;
572a : 00400513;
572b : BE1F60EF;
572c : 02010593;
572d : 030A0513;
572e : A60F70EF;
572f : 00050613;
5730 : 1E440593;
5731 : 00900513;
5732 : BC5F60EF;
5733 : 959FF06F;
5734 : 00000A13;
5735 : 00000793;
5736 : CD9FF06F;
5737 : 00048613;
5738 : 1EC98593;
5739 : 00500513;
573a : BA5F60EF;
573b : 00048593;
573c : 02010513;
573d : DB1ED0EF;
573e : 02012403;
573f : 00147793;
5740 : 00078863;
5741 : 20CA0593;
5742 : 00200513;
5743 : B81F60EF;
5744 : 00447793;
5745 : 00078863;
5746 : 214A8593;
5747 : 00200513;
5748 : B6DF60EF;
5749 : 00247793;
574a : 00078863;
574b : 21CB0593;
574c : 00200513;
574d : B59F60EF;
574e : 00847413;
574f : 02040063;
5750 : 228B8593;
5751 : 00200513;
5752 : B45F60EF;
5753 : 02812603;
5754 : 230C0593;
5755 : 00900513;
5756 : B35F60EF;
5757 : 00148493;
5758 : 8EDFF06F;
5759 : 00800613;
575a : 9FCFF06F;
575b : F7010113;
575c : 07412C23;
575d : 0001CA37;
575e : C70A0A13;
575f : 0001E6B7;
5760 : 09212023;
5761 : 07312E23;
5762 : 00060913;
5763 : 00058993;
5764 : 31C68693;
5765 : 00200613;
5766 : 00300593;
5767 : 000A0713;
5768 : 08912223;
5769 : 08112623;
576a : 08812423;
576b : 07512A23;
576c : 07612823;
576d : 07712623;
576e : 07812423;
576f : 00050493;
5770 : 6B9020EF;
5771 : 02410693;
5772 : 00090613;
5773 : 00098593;
5774 : 00048513;
5775 : C3CFA0EF;
5776 : 02051E63;
5777 : 02412403;
5778 : 08C12083;
5779 : 00040513;
577a : 08812403;
577b : 08412483;
577c : 08012903;
577d : 07C12983;
577e : 07812A03;
577f : 07412A83;
5780 : 07012B03;
5781 : 06C12B83;
5782 : 06812C03;
5783 : 09010113;
5784 : 00008067;
5785 : 0029D703;
5786 : 00295783;
5787 : 00200693;
5788 : 40F70433;
5789 : 00140613;
578a : 02C6F063;
578b : 0001E6B7;
578c : 25C68693;
578d : 00300613;
578e : 00300593;
578f : 00048513;
5790 : 639020EF;
5791 : F9DFF06F;
5792 : 00100693;
5793 : 01098B13;
5794 : 00698B93;
5795 : 04D41663;
5796 : 000B8593;
5797 : 000B0513;
5798 : 00F12E23;
5799 : 00E12C23;
579a : A98FA0EF;
579b : 01812703;
579c : 01C12783;
579d : FA051CE3;
579e : 1F000793;
579f : 0001E6B7;
57a0 : 000A0713;
57a1 : 28468693;
57a2 : 00100613;
57a3 : 00300593;
57a4 : 00048513;
57a5 : 5E5020EF;
57a6 : 00000413;
57a7 : F45FF06F;
57a8 : FFF00693;
57a9 : 01090A93;
57aa : 00690C13;
57ab : 02D41663;
57ac : 000C0593;
57ad : 000A8513;
57ae : 00F12E23;
57af : 00E12C23;
57b0 : A40FA0EF;
57b1 : 01812703;
57b2 : 01C12783;
57b3 : F60510E3;
57b4 : 1FB00793;
57b5 : FA9FF06F;
57b6 : 000A8593;
57b7 : 000B0513;
57b8 : A20FA0EF;
57b9 : 00050413;
57ba : 0001EA37;
57bb : 000B0593;
57bc : 04410513;
57bd : 04040C63;
57be : E6DFF0EF;
57bf : 0189D803;
57c0 : 00A12E23;
57c1 : 000A8593;
57c2 : 02810513;
57c3 : 01012C23;
57c4 : E55FF0EF;
57c5 : 01895703;
57c6 : 01812803;
57c7 : 01C12783;
57c8 : 00E12223;
57c9 : 0001E737;
57ca : 00A12023;
57cb : 29470893;
57cc : 298A0693;
57cd : 29470713;
57ce : 00300613;
57cf : 00300593;
57d0 : 00048513;
57d1 : 535020EF;
57d2 : E99FF06F;
57d3 : E19FF0EF;
57d4 : 0189D803;
57d5 : 00A12E23;
57d6 : 000A8593;
57d7 : 02810513;
57d8 : 01012C23;
57d9 : E01FF0EF;
57da : 01895703;
57db : 01812803;
57dc : 01C12783;
57dd : 00E12223;
57de : 0001E737;
57df : 2BC70893;
57e0 : 00A12023;
57e1 : 2BC70713;
57e2 : 298A0693;
57e3 : 00300613;
57e4 : 00300593;
57e5 : 00048513;
57e6 : 4E1020EF;
57e7 : 000C0593;
57e8 : 000B8513;
57e9 : 95CFA0EF;
57ea : 00050413;
57eb : E35FF06F;
57ec : FD010113;
57ed : 0001C737;
57ee : 0001E6B7;
57ef : 02812423;
57f0 : 02912223;
57f1 : 00058413;
57f2 : 00060493;
57f3 : 31C68693;
57f4 : 00200613;
57f5 : 00300593;
57f6 : C8470713;
57f7 : 03212023;
57f8 : 02112623;
57f9 : 00050913;
57fa : 491020EF;
57fb : 00010693;
57fc : 00048613;
57fd : 00040593;
57fe : 00090513;
57ff : A14FA0EF;
5800 : 02051063;
5801 : 00012503;
5802 : 02C12083;
5803 : 02812403;
5804 : 02412483;
5805 : 02012903;
5806 : 03010113;
5807 : 00008067;
5808 : 02644783;
5809 : 0264C883;
580a : 03178C63;
580b : 0001E737;
580c : 0001E6B7;
580d : 2C070813;
580e : 00090513;
580f : 2C070713;
5810 : 2CC68693;
5811 : 00300613;
5812 : 00300593;
5813 : 42D020EF;
5814 : 02644503;
5815 : 0264C783;
5816 : 40F50533;
5817 : FADFF06F;
5818 : 01A44783;
5819 : 01A4C883;
581a : 03178A63;
581b : 0001E737;
581c : 0001E6B7;
581d : 2E070813;
581e : 00090513;
581f : 2E070713;
5820 : 2CC68693;
5821 : 00300613;
5822 : 00300593;
5823 : 3ED020EF;
5824 : 01A44503;
5825 : 01A4C783;
5826 : FC1FF06F;
5827 : 01B44783;
5828 : 01B4C883;
5829 : 03178A63;
582a : 0001E737;
582b : 0001E6B7;
582c : 2EC70813;
582d : 00090513;
582e : 2EC70713;
582f : 2CC68693;
5830 : 00300613;
5831 : 00300593;
5832 : 3B1020EF;
5833 : 01B44503;
5834 : 01B4C783;
5835 : F85FF06F;
5836 : 01C45783;
5837 : 01C4D883;
5838 : 03178A63;
5839 : 0001E737;
583a : 0001E6B7;
583b : 2FC70813;
583c : 00090513;
583d : 2FC70713;
583e : 2CC68693;
583f : 00300613;
5840 : 00300593;
5841 : 375020EF;
5842 : 01C45503;
5843 : 01C4D783;
5844 : F49FF06F;
5845 : 02744783;
5846 : 0274C883;
5847 : 03178A63;
5848 : 0001E737;
5849 : 0001E6B7;
584a : 30870813;
584b : 00090513;
584c : 30870713;
584d : 2CC68693;
584e : 00300613;
584f : 00300593;
5850 : 339020EF;
5851 : 02744503;
5852 : 0274C783;
5853 : F0DFF06F;
5854 : 01E40413;
5855 : 00040593;
5856 : 00410513;
5857 : C09FF0EF;
5858 : 0001E6B7;
5859 : 00050713;
585a : 31468693;
585b : 00300613;
585c : 00090513;
585d : 00300593;
585e : 301020EF;
585f : 01E48493;
5860 : 00048593;
5861 : 00410513;
5862 : BDDFF0EF;
5863 : 0001E6B7;
5864 : 00050713;
5865 : 32068693;
5866 : 00090513;
5867 : 00300613;
5868 : 00300593;
5869 : 2D5020EF;
586a : 00800613;
586b : 00048593;
586c : 00040513;
586d : F19F90EF;
586e : E51FF06F;
586f : FD010113;
5870 : 0001C737;
5871 : 0001E6B7;
5872 : C9070713;
5873 : 31C68693;
5874 : 02912223;
5875 : 03212023;
5876 : 00058493;
5877 : 00060913;
5878 : 00300593;
5879 : 00200613;
587a : 02112623;
587b : 02812423;
587c : 00050413;
587d : 285020EF;
587e : 01048593;
587f : 00410513;
5880 : B65FF0EF;
5881 : 0001E6B7;
5882 : 00050713;
5883 : 32C68693;
5884 : 00300613;
5885 : 00300593;
5886 : 00040513;
5887 : 25D020EF;
5888 : 01090593;
5889 : 00410513;
588a : B3DFF0EF;
588b : 0001E6B7;
588c : 00050713;
588d : 33C68693;
588e : 00300613;
588f : 00300593;
5890 : 00040513;
5891 : 235020EF;
5892 : 00800613;
5893 : 01E90593;
5894 : 01E48513;
5895 : E79F90EF;
5896 : 00090613;
5897 : 00048593;
5898 : 02051263;
5899 : 00040513;
589a : B05FF0EF;
589b : 02C12083;
589c : 02812403;
589d : 02412483;
589e : 02012903;
589f : 03010113;
58a0 : 00008067;
58a1 : 00040513;
58a2 : D29FF0EF;
58a3 : FE1FF06F;
58a4 : F3010113;
58a5 : 0001C737;
58a6 : 0001E6B7;
58a7 : CA070713;
58a8 : 31C68693;
58a9 : 00200613;
58aa : 0C912223;
58ab : 00058493;
58ac : 00300593;
58ad : 0C112623;
58ae : 0C812423;
58af : 0B312E23;
58b0 : 00050413;
58b1 : 29050993;
58b2 : 0B512A23;
58b3 : 0D212023;
58b4 : 0B412C23;
58b5 : 0B612823;
58b6 : 0B712623;
58b7 : 19D020EF;
58b8 : 00098593;
58b9 : 00410513;
58ba : A7DFF0EF;
58bb : 29845803;
58bc : 0001E737;
58bd : 0001C6B7;
58be : 00050793;
58bf : 34C70713;
58c0 : 00300613;
58c1 : 00300593;
58c2 : 00040513;
58c3 : 61468693;
58c4 : 169020EF;
58c5 : 03442783;
58c6 : 0001CAB7;
58c7 : 00800613;
58c8 : 0087A583;
58c9 : 00100793;
58ca : 00098513;
58cb : 0085D703;
58cc : 14E7F263;
58cd : D99F90EF;
58ce : 06051463;
58cf : 17842583;
58d0 : 00098513;
58d1 : 0001E937;
58d2 : DB9F90EF;
58d3 : 0001E737;
58d4 : 00050A13;
58d5 : 3A870713;
58d6 : 36490693;
58d7 : 00200613;
58d8 : 00300593;
58d9 : 00040513;
58da : 111020EF;
58db : 0C0A5A63;
58dc : 0001E737;
58dd : 00300593;
58de : 00040513;
58df : 37C70713;
58e0 : 36490693;
58e1 : 00200613;
58e2 : 0F1020EF;
58e3 : 00700793;
58e4 : 00F42223;
58e5 : 00300593;
58e6 : 00040513;
58e7 : DC9F80EF;
58e8 : 0024D703;
58e9 : 0FE00793;
58ea : 0EE7E463;
58eb : 13045B03;
58ec : 14840A13;
58ed : 00000913;
58ee : 0F694263;
58ef : 00100793;
58f0 : 02F485A3;
58f1 : 13045783;
58f2 : 18078063;
58f3 : 17840B13;
58f4 : 00000993;
58f5 : 00100A13;
58f6 : 00100B93;
58f7 : 13045783;
58f8 : 00699913;
58f9 : 13890913;
58fa : 01240933;
58fb : 04000613;
58fc : 1EFA4463;
58fd : 00090593;
58fe : 02010513;
58ff : B64FA0EF;
5900 : 00100793;
5901 : 00048613;
5902 : 02010593;
5903 : 00040513;
5904 : 04F105A3;
5905 : DA9FF0EF;
5906 : 12055E63;
5907 : 0001E6B7;
5908 : 3F100793;
5909 : CA0A8713;
590a : 41468693;
590b : 00100613;
590c : 00300593;
590d : 00040513;
590e : 041020EF;
590f : 0240006F;
5910 : 020A0463;
5911 : 0001E737;
5912 : 39870713;
5913 : 36490693;
5914 : 00200613;
5915 : 00300593;
5916 : 00040513;
5917 : 01D020EF;
5918 : 00000913;
5919 : 1440006F;
591a : 0001E737;
591b : 3B470713;
591c : FDDFF06F;
591d : C59F90EF;
591e : F20514E3;
591f : 0001E737;
5920 : 0001E6B7;
5921 : 3A870713;
5922 : 36468693;
5923 : FC5FF06F;
5924 : 0001E6B7;
5925 : 3C068693;
5926 : FB9FF06F;
5927 : 000A0593;
5928 : 00098513;
5929 : C5DF90EF;
592a : 040A0A13;
592b : 08051A63;
592c : 0001E6B7;
592d : 00090713;
592e : 3F868693;
592f : 00200613;
5930 : 00300593;
5931 : 00040513;
5932 : 7B0020EF;
5933 : 00691913;
5934 : 012407B3;
5935 : 1637C703;
5936 : 02E485A3;
5937 : 1647A703;
5938 : 1387D783;
5939 : 02E4A623;
593a : 29A45703;
593b : 00178793;
593c : 02F71C63;
593d : 03C42783;
593e : 00000593;
593f : 00040513;
5940 : 0247A783;
5941 : 000780E7;
5942 : 13442703;
5943 : 02C4A783;
5944 : 02A4A623;
5945 : 00E787B3;
5946 : 40A787B3;
5947 : FFF7C793;
5948 : 01F7D793;
5949 : 02F485A3;
594a : 13890913;
594b : 04000613;
594c : 00048593;
594d : 01240533;
594e : A28FA0EF;
594f : F25FF06F;
5950 : 00190913;
5951 : E75FF06F;
5952 : 00100793;
5953 : 12F41823;
5954 : 00000993;
5955 : 020485A3;
5956 : 03C42783;
5957 : 00699913;
5958 : 00000593;
5959 : 0247A783;
595a : 00040513;
595b : 13890913;
595c : 000780E7;
595d : 01240933;
595e : 02A4A623;
595f : 04000613;
5960 : 00048593;
5961 : 00090513;
5962 : 9D8FA0EF;
5963 : 0001E6B7;
5964 : 00098713;
5965 : 45C68693;
5966 : 00100613;
5967 : 00300593;
5968 : 00040513;
5969 : 6D4020EF;
596a : 0CC12083;
596b : 0C812403;
596c : 0C412483;
596d : 0BC12983;
596e : 0B812A03;
596f : 0B412A83;
5970 : 0B012B03;
5971 : 0AC12B83;
5972 : 00090513;
5973 : 0C012903;
5974 : 0D010113;
5975 : 00008067;
5976 : 000B0593;
5977 : 06010513;
5978 : 980FA0EF;
5979 : 04000613;
597a : 00090593;
597b : 02010513;
597c : 970FA0EF;
597d : 02010613;
597e : 06010593;
597f : 00040513;
5980 : 057105A3;
5981 : 097105A3;
5982 : BB5FF0EF;
5983 : 00A05463;
5984 : 000A0993;
5985 : 001A0A13;
5986 : 040B0B13;
5987 : DC1FF06F;
5988 : 02052783;
5989 : FA010113;
598a : 04812C23;
598b : 0187A783;
598c : 04112E23;
598d : 00050413;
598e : 00058613;
598f : 04079263;
5990 : 00040513;
5991 : 01010593;
5992 : A40ED0EF;
5993 : 00040513;
5994 : AF5F90EF;
5995 : 04051663;
5996 : 0001C5B7;
5997 : 0001E537;
5998 : CB458593;
5999 : 47C50513;
599a : E6DF10EF;
599b : 01010593;
599c : 00040513;
599d : C1DFF0EF;
599e : 00000513;
599f : 0140006F;
59a0 : 00B12623;
59a1 : 000780E7;
59a2 : 00C12603;
59a3 : FA050AE3;
59a4 : 05C12083;
59a5 : 05812403;
59a6 : 06010113;
59a7 : 00008067;
59a8 : 00300593;
59a9 : 00040513;
59aa : ABDF80EF;
59ab : 01010593;
59ac : 00040513;
59ad : BDDFF0EF;
59ae : 00050593;
59af : FA050EE3;
59b0 : 00040513;
59b1 : C39F90EF;
59b2 : 00600613;
59b3 : 09440593;
59b4 : 09A40513;
59b5 : 88CFA0EF;
59b6 : FA1FF06F;
59b7 : 13251783;
59b8 : FA010113;
59b9 : 04912A23;
59ba : 05212823;
59bb : 04112E23;
59bc : 04812C23;
59bd : FFF00713;
59be : 00050493;
59bf : 00058613;
59c0 : 00000913;
59c1 : 00E78863;
59c2 : 00679793;
59c3 : 13878793;
59c4 : 00F50933;
59c5 : 0204A783;
59c6 : 0187A783;
59c7 : 02079463;
59c8 : 01010593;
59c9 : 00048513;
59ca : 960ED0EF;
59cb : 01010593;
59cc : 00048513;
59cd : B5DFF0EF;
59ce : 04091063;
59cf : 00000413;
59d0 : 01C0006F;
59d1 : 00048513;
59d2 : 00C12623;
59d3 : 000780E7;
59d4 : 00C12603;
59d5 : 00050413;
59d6 : FC0504E3;
59d7 : 05C12083;
59d8 : 00040513;
59d9 : 05812403;
59da : 05412483;
59db : 05012903;
59dc : 06010113;
59dd : 00008067;
59de : 01090593;
59df : 29048513;
59e0 : 981F90EF;
59e1 : 00050413;
59e2 : FA051AE3;
59e3 : 00300593;
59e4 : 00048513;
59e5 : 9D1F80EF;
59e6 : FC5FF06F;
59e7 : 02052783;
59e8 : FA010113;
59e9 : 04812C23;
59ea : 0187A783;
59eb : 04112E23;
59ec : 00050413;
59ed : 00058613;
59ee : 02079863;
59ef : 01010593;
59f0 : 00040513;
59f1 : 8C4ED0EF;
59f2 : 01010593;
59f3 : 00040513;
59f4 : AC1FF0EF;
59f5 : 00000513;
59f6 : 05C12083;
59f7 : 05812403;
59f8 : 06010113;
59f9 : 00008067;
59fa : 00B12623;
59fb : 000780E7;
59fc : 00C12603;
59fd : FE0512E3;
59fe : FC5FF06F;
59ff : FA1FF06F;
5a00 : 00052703;
5a01 : FC010113;
5a02 : 02812C23;
5a03 : 02912A23;
5a04 : 03312623;
5a05 : 02112E23;
5a06 : 03212823;
5a07 : 03412423;
5a08 : 00800793;
5a09 : 00050413;
5a0a : 00058993;
5a0b : 00060493;
5a0c : 0CF71063;
5a0d : 02052783;
5a0e : 03C7A783;
5a0f : 00078663;
5a10 : 000780E7;
5a11 : 00050663;
5a12 : 00900793;
5a13 : 00F42223;
5a14 : 00C42783;
5a15 : 0C078663;
5a16 : 01000613;
5a17 : 00000593;
5a18 : 0A840513;
5a19 : B85F80EF;
5a1a : 0001E6B7;
5a1b : 4D868693;
5a1c : 00200613;
5a1d : 00400593;
5a1e : 00040513;
5a1f : 3FC020EF;
5a20 : 00040513;
5a21 : FB5F80EF;
5a22 : 02042783;
5a23 : 0107A783;
5a24 : 08078863;
5a25 : 00048613;
5a26 : 00098593;
5a27 : 00040513;
5a28 : 000780E7;
5a29 : 00050913;
5a2a : 06050C63;
5a2b : 00100793;
5a2c : 00F91463;
5a2d : 00000913;
5a2e : 00040513;
5a2f : 00000613;
5a30 : 00300593;
5a31 : 218020EF;
5a32 : 00A42423;
5a33 : 03C12083;
5a34 : 03812403;
5a35 : 03412483;
5a36 : 02C12983;
5a37 : 02812A03;
5a38 : 00090513;
5a39 : 03012903;
5a3a : 04010113;
5a3b : 00008067;
5a3c : 03452703;
5a3d : 01072583;
5a3e : 01E5C703;
5a3f : 02070263;
5a40 : 00058F23;
5a41 : 00F52223;
5a42 : 00010513;
5a43 : C58FF0EF;
5a44 : 00050593;
5a45 : 0001E537;
5a46 : 4B450513;
5a47 : BB9F10EF;
5a48 : 00000593;
5a49 : 00040513;
5a4a : 2B5020EF;
5a4b : 10050663;
5a4c : 00000593;
5a4d : 00040513;
5a4e : 82DF80EF;
5a4f : 03C42783;
5a50 : 00010593;
5a51 : 00040513;
5a52 : 00C7A783;
5a53 : 000780E7;
5a54 : 0001C5B7;
5a55 : A3C58593;
5a56 : 00040513;
5a57 : 05042A03;
5a58 : BDDF70EF;
5a59 : 25045783;
5a5a : 05042683;
5a5b : 00050913;
5a5c : 00178793;
5a5d : 01079793;
5a5e : 0107D793;
5a5f : 24F41823;
5a60 : 00879713;
5a61 : 0087D793;
5a62 : 00F767B3;
5a63 : 00F69F23;
5a64 : 02042783;
5a65 : 0587A783;
5a66 : 0E079463;
5a67 : 17842783;
5a68 : 0187A503;
5a69 : 01C7A783;
5a6a : 00A035B3;
5a6b : 40F007B3;
5a6c : 40A00533;
5a6d : 40B785B3;
5a6e : 170030EF;
5a6f : 00AA2423;
5a70 : 00BA2623;
5a71 : 00A00613;
5a72 : 00000593;
5a73 : 022A0513;
5a74 : A19F80EF;
5a75 : 19C42603;
5a76 : 19842583;
5a77 : 00010513;
5a78 : 9F1FB0EF;
5a79 : 00010593;
5a7a : 000A0513;
5a7b : E1DF70EF;
5a7c : 00090593;
5a7d : 00100693;
5a7e : 00100613;
5a7f : 00040513;
5a80 : ACDFB0EF;
5a81 : 00050913;
5a82 : 01000613;
5a83 : 12040593;
5a84 : 0C840513;
5a85 : D4DF90EF;
5a86 : FFF00793;
5a87 : 00F91E63;
5a88 : 0001E6B7;
5a89 : 50068693;
5a8a : 00100613;
5a8b : 00500593;
5a8c : 00040513;
5a8d : 244020EF;
5a8e : 27144703;
5a8f : 00C00793;
5a90 : 04E7EA63;
5a91 : 0001B6B7;
5a92 : 00271793;
5a93 : 6C868693;
5a94 : 00F687B3;
5a95 : 6047A783;
5a96 : 02078E63;
5a97 : 00048613;
5a98 : 00098593;
5a99 : 00040513;
5a9a : 000780E7;
5a9b : 00050493;
5a9c : 00040513;
5a9d : DB5F90EF;
5a9e : 00048913;
5a9f : E31FF06F;
5aa0 : 00040513;
5aa1 : 000780E7;
5aa2 : F0051AE3;
5aa3 : 00000593;
5aa4 : F29FF06F;
5aa5 : FC048EE3;
5aa6 : 0001D6B7;
5aa7 : 45868693;
5aa8 : 00100613;
5aa9 : 00500593;
5aaa : 00040513;
5aab : 1CC020EF;
5aac : 00000493;
5aad : FBDFF06F;
5aae : 000207B7;
5aaf : F787A503;
5ab0 : 00008067;
5ab1 : 00002537;
5ab2 : F4050513;
5ab3 : 00008067;
5ab4 : 00B567B3;
5ab5 : 02078263;
5ab6 : 001007B7;
5ab7 : 30A7AA23;
5ab8 : 0FF5F593;
5ab9 : 30B7AC23;
5aba : 3007A823;
5abb : 3007A703;
5abc : 00476713;
5abd : 30E7A023;
5abe : 04060063;
5abf : 41F65693;
5ac0 : 0076F793;
5ac1 : 00C78633;
5ac2 : 00F637B3;
5ac3 : 00100737;
5ac4 : 00D787B3;
5ac5 : 30072A23;
5ac6 : 01D79793;
5ac7 : 00365613;
5ac8 : 30072C23;
5ac9 : 00C7E633;
5aca : 30C72823;
5acb : 30072783;
5acc : 0047E793;
5acd : 30F72023;
5ace : 00000513;
5acf : 00008067;
5ad0 : 00200793;
5ad1 : 00020637;
5ad2 : 00F58463;
5ad3 : 98B62C23;
5ad4 : 00452683;
5ad5 : 99862603;
5ad6 : 00100737;
5ad7 : 03E6C683;
5ad8 : 31C72783;
5ad9 : 00C6E6B3;
5ada : 00068A63;
5adb : 00C7E793;
5adc : 30F72E23;
5add : 00000513;
5ade : 00008067;
5adf : FF37F793;
5ae0 : FF1FF06F;
5ae1 : 00000513;
5ae2 : 00008067;
5ae3 : 0001F7B7;
5ae4 : 5287C503;
5ae5 : FFD50513;
5ae6 : 00153513;
5ae7 : 00008067;
5ae8 : 001007B7;
5ae9 : 00020737;
5aea : 41C7A603;
5aeb : 000206B7;
5aec : 97C72783;
5aed : 9806A583;
5aee : 98C6A023;
5aef : 00F607B3;
5af0 : 40B787B3;
5af1 : 96F72E23;
5af2 : 3E800693;
5af3 : 00000513;
5af4 : 00F6FE63;
5af5 : C1878793;
5af6 : 96F72E23;
5af7 : 02402783;
5af8 : 00100513;
5af9 : 00178793;
5afa : 02F02223;
5afb : 00008067;
5afc : 001007B7;
5afd : 41C7A703;
5afe : 000207B7;
5aff : 98E7A023;
5b00 : 00008067;
5b01 : FD010113;
5b02 : 02112623;
5b03 : 00964783;
5b04 : 00F12823;
5b05 : 00864783;
5b06 : 00F12623;
5b07 : 00764783;
5b08 : 00F12423;
5b09 : 00664783;
5b0a : 00F12223;
5b0b : 00564783;
5b0c : 00F12023;
5b0d : 00464883;
5b0e : 00364803;
5b0f : 00264783;
5b10 : 00164703;
5b11 : 00064683;
5b12 : 00058613;
5b13 : 00050593;
5b14 : 0001F537;
5b15 : 87450513;
5b16 : 87DF10EF;
5b17 : 02C12083;
5b18 : 03010113;
5b19 : 00008067;
5b1a : FD010113;
5b1b : 03212023;
5b1c : 01312E23;
5b1d : 01512A23;
5b1e : 00050913;
5b1f : 00058993;
5b20 : 00068A93;
5b21 : 00060693;
5b22 : 00058613;
5b23 : 00050593;
5b24 : 0001F537;
5b25 : 8AC50513;
5b26 : 02812423;
5b27 : 02912223;
5b28 : 01412C23;
5b29 : 01612823;
5b2a : 01712623;
5b2b : 01812423;
5b2c : 01912223;
5b2d : 01A12023;
5b2e : 02112623;
5b2f : 00070A13;
5b30 : 0001EB37;
5b31 : 811F10EF;
5b32 : 0001EBB7;
5b33 : 0001EC37;
5b34 : 00050413;
5b35 : 00000493;
5b36 : 0001FCB7;
5b37 : 0001FD37;
5b38 : 684B0B13;
5b39 : C80B8B93;
5b3a : CC4C0C13;
5b3b : 00F4F793;
5b3c : 0544CA63;
5b3d : 00078A63;
5b3e : 0001E537;
5b3f : CC450513;
5b40 : FD4F10EF;
5b41 : 00A40433;
5b42 : 02C12083;
5b43 : 00040513;
5b44 : 02812403;
5b45 : 02412483;
5b46 : 02012903;
5b47 : 01C12983;
5b48 : 01812A03;
5b49 : 01412A83;
5b4a : 01012B03;
5b4b : 00C12B83;
5b4c : 00812C03;
5b4d : 00412C83;
5b4e : 00012D03;
5b4f : 03010113;
5b50 : 00008067;
5b51 : 00079C63;
5b52 : 00098613;
5b53 : 00090593;
5b54 : 8C0C8513;
5b55 : F80F10EF;
5b56 : 00A40433;
5b57 : 009A87B3;
5b58 : 0007C583;
5b59 : 8C8D0513;
5b5a : 00148493;
5b5b : F68F10EF;
5b5c : 0034F793;
5b5d : 00A40433;
5b5e : 000B0513;
5b5f : 00079A63;
5b60 : 00F4F793;
5b61 : 000B8513;
5b62 : 00079463;
5b63 : 000C0513;
5b64 : F44F10EF;
5b65 : 00A40433;
5b66 : F55FF06F;
5b67 : 00364783;
5b68 : 00264703;
5b69 : FE010113;
5b6a : 00112E23;
5b6b : 00812C23;
5b6c : 00912A23;
5b6d : 01212823;
5b6e : 00879793;
5b6f : 00E7E733;
5b70 : 00464783;
5b71 : 00050493;
5b72 : 00564503;
5b73 : 01079793;
5b74 : 00E7E7B3;
5b75 : 01851513;
5b76 : 00F56533;
5b77 : 00060413;
5b78 : 00058913;
5b79 : 511020EF;
5b7a : 00744783;
5b7b : 00644703;
5b7c : 00A12623;
5b7d : 00879793;
5b7e : 00E7E733;
5b7f : 00844783;
5b80 : 00944503;
5b81 : 01079793;
5b82 : 00E7E7B3;
5b83 : 01851513;
5b84 : 00F56533;
5b85 : 4E1020EF;
5b86 : 01812403;
5b87 : 00C12683;
5b88 : 01C12083;
5b89 : 00090613;
5b8a : 00048593;
5b8b : 01012903;
5b8c : 01412483;
5b8d : 00050713;
5b8e : 0001F537;
5b8f : 8D050513;
5b90 : 02010113;
5b91 : E90F106F;
5b92 : 000207B7;
5b93 : 9487C783;
5b94 : 00079663;
5b95 : 00000513;
5b96 : 00008067;
5b97 : FD010113;
5b98 : 01412C23;
5b99 : 00020A37;
5b9a : F48A2703;
5b9b : 02812423;
5b9c : 03212023;
5b9d : 02112623;
5b9e : 02912223;
5b9f : 01312E23;
5ba0 : 00100793;
5ba1 : F48A0413;
5ba2 : 0001F937;
5ba3 : 10F70063;
5ba4 : 03842783;
5ba5 : 04C42583;
5ba6 : 000204B7;
5ba7 : 0087A783;
5ba8 : 05848693;
5ba9 : 07C00613;
5baa : F48A0513;
5bab : 000780E7;
5bac : 00050993;
5bad : 0CA05A63;
5bae : 02042783;
5baf : 0507A783;
5bb0 : 0A078263;
5bb1 : F48A0513;
5bb2 : 000780E7;
5bb3 : 00000793;
5bb4 : 00000813;
5bb5 : 00A12423;
5bb6 : 00010513;
5bb7 : 00F12023;
5bb8 : 01012223;
5bb9 : 00B12623;
5bba : CCDFA0EF;
5bbb : 00010593;
5bbc : 05848513;
5bbd : E3DFA0EF;
5bbe : 33442783;
5bbf : 00178793;
5bc0 : 32F42A23;
5bc1 : 05442503;
5bc2 : 00B00793;
5bc3 : 13045A03;
5bc4 : 00054483;
5bc5 : 00F4F493;
5bc6 : 0CF48E63;
5bc7 : 0A97E463;
5bc8 : 0C048063;
5bc9 : 00800793;
5bca : 0EF48063;
5bcb : 00098593;
5bcc : 979F40EF;
5bcd : 5AA92423;
5bce : 00B00793;
5bcf : 0EF48063;
5bd0 : 00100513;
5bd1 : 02C12083;
5bd2 : 02812403;
5bd3 : 02412483;
5bd4 : 02012903;
5bd5 : 01C12983;
5bd6 : 01812A03;
5bd7 : 03010113;
5bd8 : 00008067;
5bd9 : 1A042783;
5bda : 1B042503;
5bdb : 1A442583;
5bdc : 1B442703;
5bdd : 00A78533;
5bde : 00F537B3;
5bdf : 00E585B3;
5be0 : 00B785B3;
5be1 : F49FF06F;
5be2 : F6051EE3;
5be3 : 001007B7;
5be4 : 00020737;
5be5 : 41C7A683;
5be6 : 99C72783;
5be7 : 5A892603;
5be8 : 00000513;
5be9 : 40F687B3;
5bea : F8C7CEE3;
5beb : 00000593;
5bec : 00000513;
5bed : 98D72E23;
5bee : 8F1F40EF;
5bef : 5AA92423;
5bf0 : F81FF06F;
5bf1 : 00C00793;
5bf2 : F6F492E3;
5bf3 : 0001F737;
5bf4 : 63872783;
5bf5 : 00178793;
5bf6 : 62F72C23;
5bf7 : F51FF06F;
5bf8 : 0001F737;
5bf9 : 64472783;
5bfa : 00178793;
5bfb : 64F72223;
5bfc : F3DFF06F;
5bfd : 0001F737;
5bfe : 64072783;
5bff : 00178793;
5c00 : 64F72023;
5c01 : F29FF06F;
5c02 : 0001F737;
5c03 : 63C72783;
5c04 : 00178793;
5c05 : 62F72E23;
5c06 : F15FF06F;
5c07 : 0001F737;
5c08 : 63472783;
5c09 : 00178793;
5c0a : 62F72A23;
5c0b : 05442703;
5c0c : 00374783;
5c0d : 00274683;
5c0e : 00879793;
5c0f : 00D7E7B3;
5c10 : 00879713;
5c11 : 0087D793;
5c12 : 00F767B3;
5c13 : 01079793;
5c14 : 0107D793;
5c15 : 00020737;
5c16 : 9AF72023;
5c17 : 13045783;
5c18 : EEFA70E3;
5c19 : 0001F737;
5c1a : 63072783;
5c1b : 00178793;
5c1c : 62F72823;
5c1d : ECDFF06F;
5c1e : FF010113;
5c1f : 00812423;
5c20 : 00112623;
5c21 : 00058413;
5c22 : AB1EE0EF;
5c23 : 02050063;
5c24 : 00200793;
5c25 : 00F42023;
5c26 : 00C12083;
5c27 : 00812403;
5c28 : 00000513;
5c29 : 01010113;
5c2a : 00008067;
5c2b : 00042023;
5c2c : FE9FF06F;
5c2d : FF010113;
5c2e : 00812423;
5c2f : 00050593;
5c30 : 00050413;
5c31 : 00000513;
5c32 : 00112623;
5c33 : A51EC0EF;
5c34 : 00040513;
5c35 : AB5EC0EF;
5c36 : 00C12083;
5c37 : 00812403;
5c38 : 00000513;
5c39 : 01010113;
5c3a : 00008067;
5c3b : 001007B7;
5c3c : 3007A783;
5c3d : 00100513;
5c3e : 0047F793;
5c3f : 00078E63;
5c40 : 000207B7;
5c41 : 9B878793;
5c42 : 1A87A503;
5c43 : 1AC7A783;
5c44 : 40F50533;
5c45 : 00A03533;
5c46 : 00008067;
5c47 : FF010113;
5c48 : 00000513;
5c49 : 00112623;
5c4a : FDDEC0EF;
5c4b : 00C12083;
5c4c : 00000513;
5c4d : 01010113;
5c4e : 00008067;
5c4f : FC010113;
5c50 : 001007B7;
5c51 : 02812C23;
5c52 : 41C7A403;
5c53 : 03412423;
5c54 : 00000713;
5c55 : 00040693;
5c56 : 00040613;
5c57 : 00000593;
5c58 : 00050A13;
5c59 : 00100513;
5c5a : 02112E23;
5c5b : 02912A23;
5c5c : 03212823;
5c5d : 03512223;
5c5e : 03612023;
5c5f : 01712E23;
5c60 : 01812C23;
5c61 : 01912A23;
5c62 : 01A12823;
5c63 : 01B12623;
5c64 : 03312623;
5c65 : 9C8F00EF;
5c66 : 0001F537;
5c67 : 8E050513;
5c68 : B34F10EF;
5c69 : 00040913;
5c6a : 00000493;
5c6b : 0002EAB7;
5c6c : 00400B93;
5c6d : 00500C13;
5c6e : 0002ECB7;
5c6f : 0002ED37;
5c70 : 0002EDB7;
5c71 : 0001FB37;
5c72 : 971EE0EF;
5c73 : 050AA783;
5c74 : 00050993;
5c75 : 01779C63;
5c76 : 058AA823;
5c77 : 040CAA23;
5c78 : 01CD2783;
5c79 : 04FDAE23;
5c7a : E88EE0EF;
5c7b : 00098713;
5c7c : 00090693;
5c7d : 00040613;
5c7e : 00048593;
5c7f : 00200513;
5c80 : 95CF00EF;
5c81 : 10099663;
5c82 : 00148493;
5c83 : 00090693;
5c84 : 00000713;
5c85 : 00040613;
5c86 : 00048593;
5c87 : 00300513;
5c88 : 93CF00EF;
5c89 : 854ED0EF;
5c8a : 00090693;
5c8b : 00000713;
5c8c : 00040613;
5c8d : 00048593;
5c8e : 00400513;
5c8f : 920F00EF;
5c90 : 00090693;
5c91 : 00000713;
5c92 : 00040613;
5c93 : 00048593;
5c94 : 00500513;
5c95 : 908F00EF;
5c96 : 3E800513;
5c97 : 904F10EF;
5c98 : 00090693;
5c99 : 00000713;
5c9a : 00040613;
5c9b : 00048593;
5c9c : 00600513;
5c9d : 8E8F00EF;
5c9e : 001007B7;
5c9f : 41C7A903;
5ca0 : 00000713;
5ca1 : 00040613;
5ca2 : 00090693;
5ca3 : 00048593;
5ca4 : 00700513;
5ca5 : 8C8F00EF;
5ca6 : 408907B3;
5ca7 : 06FA7463;
5ca8 : 0001F537;
5ca9 : 8EC50513;
5caa : A2CF10EF;
5cab : 00800513;
5cac : 00000713;
5cad : 00090693;
5cae : 00040613;
5caf : 00048593;
5cb0 : 89CF00EF;
5cb1 : F8C00513;
5cb2 : 03C12083;
5cb3 : 03812403;
5cb4 : 03412483;
5cb5 : 03012903;
5cb6 : 02C12983;
5cb7 : 02812A03;
5cb8 : 02412A83;
5cb9 : 02012B03;
5cba : 01C12B83;
5cbb : 01812C03;
5cbc : 01412C83;
5cbd : 01012D03;
5cbe : 00C12D83;
5cbf : 04010113;
5cc0 : 00008067;
5cc1 : 8FCB0513;
5cc2 : 9CCF10EF;
5cc3 : EBDFF06F;
5cc4 : 0001E537;
5cc5 : CC450513;
5cc6 : 9BCF10EF;
5cc7 : 00800513;
5cc8 : 00098713;
5cc9 : 00090693;
5cca : 00040613;
5ccb : 00048593;
5ccc : 82CF00EF;
5ccd : 00000513;
5cce : F91FF06F;
5ccf : 0001F7B7;
5cd0 : 68C7C783;
5cd1 : 00200713;
5cd2 : 06E79A63;
5cd3 : 03452703;
5cd4 : FF010113;
5cd5 : 00812423;
5cd6 : 03872703;
5cd7 : 00112623;
5cd8 : 00050413;
5cd9 : 00072703;
5cda : 04F71063;
5cdb : 00100613;
5cdc : 00200593;
5cdd : 00200513;
5cde : C11EC0EF;
5cdf : 00200513;
5ce0 : 00100613;
5ce1 : 00000593;
5ce2 : 891EC0EF;
5ce3 : 03442783;
5ce4 : 00100713;
5ce5 : 00005537;
5ce6 : 0387A783;
5ce7 : E2050513;
5ce8 : 00E7A023;
5ce9 : D99FF0EF;
5cea : 00C12083;
5ceb : 00812403;
5cec : 00000513;
5ced : 01010113;
5cee : 00008067;
5cef : 00000513;
5cf0 : 00008067;
5cf1 : 0001F737;
5cf2 : 60872783;
5cf3 : FE010113;
5cf4 : 00812C23;
5cf5 : 00178793;
5cf6 : 00112E23;
5cf7 : 00912A23;
5cf8 : 01212823;
5cf9 : 60F72423;
5cfa : F50EE0EF;
5cfb : 00020437;
5cfc : 12051463;
5cfd : 0001F737;
5cfe : 60472783;
5cff : 98042A23;
5d00 : 00178793;
5d01 : 60F72223;
5d02 : 0001F7B7;
5d03 : 00100713;
5d04 : 60E788A3;
5d05 : 000207B7;
5d06 : 00100713;
5d07 : 90E7AC23;
5d08 : 0440006F;
5d09 : FFF48493;
5d0a : 00048863;
5d0b : 9A890513;
5d0c : E95EB0EF;
5d0d : 04051063;
5d0e : 0001F737;
5d0f : 60072783;
5d10 : 00178793;
5d11 : 60F72023;
5d12 : 0001F7B7;
5d13 : 00200713;
5d14 : 60E788A3;
5d15 : 000017B7;
5d16 : 00020737;
5d17 : B0178793;
5d18 : 90F72C23;
5d19 : 00100513;
5d1a : 05C0006F;
5d1b : 3EA00493;
5d1c : 00020937;
5d1d : 00810513;
5d1e : BD5F10EF;
5d1f : FA0504E3;
5d20 : 04055E63;
5d21 : 00810513;
5d22 : 868EC0EF;
5d23 : FA0546E3;
5d24 : 00812703;
5d25 : 000207B7;
5d26 : 42E7A623;
5d27 : 00100793;
5d28 : 98F42A23;
5d29 : 70000793;
5d2a : 00001737;
5d2b : 00E7E7B3;
5d2c : 00020737;
5d2d : 90F72C23;
5d2e : 0001F7B7;
5d2f : 600788A3;
5d30 : 00000513;
5d31 : 01C12083;
5d32 : 01812403;
5d33 : 01412483;
5d34 : 01012903;
5d35 : 02010113;
5d36 : 00008067;
5d37 : 00C10513;
5d38 : 810EC0EF;
5d39 : 00812583;
5d3a : 00054C63;
5d3b : 00C12783;
5d3c : 83058713;
5d3d : 00E7E663;
5d3e : 7D058713;
5d3f : 00F77A63;
5d40 : 74323537;
5d41 : 47050513;
5d42 : BCCF00EF;
5d43 : F85FF06F;
5d44 : 00F12423;
5d45 : F7DFF06F;
5d46 : 99442783;
5d47 : F40788E3;
5d48 : 10000793;
5d49 : F85FF06F;
5d4a : 0001F737;
5d4b : 5FC72783;
5d4c : 00178793;
5d4d : 5EF72E23;
5d4e : 0001F7B7;
5d4f : 68C7C703;
5d50 : 00100793;
5d51 : 0AF70263;
5d52 : 000207B7;
5d53 : 9B878793;
5d54 : 0007A683;
5d55 : FF010113;
5d56 : 00812423;
5d57 : 00112623;
5d58 : 00300713;
5d59 : 00050413;
5d5a : 04E69063;
5d5b : 03452703;
5d5c : 03872703;
5d5d : 00072683;
5d5e : 00200713;
5d5f : 02E69663;
5d60 : 0047A703;
5d61 : 00700793;
5d62 : 02F70063;
5d63 : 00000513;
5d64 : B75EC0EF;
5d65 : 00C12083;
5d66 : 00812403;
5d67 : 00000513;
5d68 : 01010113;
5d69 : 00008067;
5d6a : 00100613;
5d6b : 00300593;
5d6c : 00100513;
5d6d : 9D5EC0EF;
5d6e : 00100613;
5d6f : 00000593;
5d70 : 00300513;
5d71 : E54EC0EF;
5d72 : 03442783;
5d73 : 00200713;
5d74 : 00000513;
5d75 : 0387A783;
5d76 : 00E7A023;
5d77 : B29EC0EF;
5d78 : D4DF00EF;
5d79 : FB1FF06F;
5d7a : 00000513;
5d7b : 00008067;
5d7c : FF010113;
5d7d : 00400513;
5d7e : 00112623;
5d7f : 879F70EF;
5d80 : FE1F70EF;
5d81 : 0002E737;
5d82 : 0D470713;
5d83 : 00100793;
5d84 : 00F72023;
5d85 : 0002E837;
5d86 : 01C82683;
5d87 : 0002E7B7;
5d88 : 0E078793;
5d89 : 00D7A023;
5d8a : 0002E6B7;
5d8b : 0CC6A503;
5d8c : 0002E6B7;
5d8d : 0D06A583;
5d8e : 00072603;
5d8f : 0002E737;
5d90 : 0D872683;
5d91 : 0002E737;
5d92 : 0DC72703;
5d93 : 00C12083;
5d94 : 0007A783;
5d95 : 01C82803;
5d96 : 01010113;
5d97 : 8CCEE06F;
5d98 : 0002E7B7;
5d99 : 0DC78713;
5d9a : 0002E837;
5d9b : 00072603;
5d9c : 01C82683;
5d9d : FE010113;
5d9e : 0002E737;
5d9f : 00112E23;
5da0 : 00812C23;
5da1 : 00912A23;
5da2 : 01212823;
5da3 : 01312623;
5da4 : 01412423;
5da5 : 0DC78793;
5da6 : 0D070713;
5da7 : 00D61663;
5da8 : 00072683;
5da9 : 04069263;
5daa : 00100693;
5dab : 00D72023;
5dac : 01C82683;
5dad : 00D7A023;
5dae : 0002E6B7;
5daf : 0CC6A503;
5db0 : 00072583;
5db1 : 0002E737;
5db2 : 0D472603;
5db3 : 0002E737;
5db4 : 0D872683;
5db5 : 0007A703;
5db6 : 0002E7B7;
5db7 : 0E07A783;
5db8 : 01C82803;
5db9 : 844EE0EF;
5dba : 00020437;
5dbb : 96144783;
5dbc : 00200713;
5dbd : 00040493;
5dbe : 2CE78863;
5dbf : 04F76863;
5dc0 : 0A079063;
5dc1 : 0001F537;
5dc2 : 90050513;
5dc3 : DC9F00EF;
5dc4 : 000207B7;
5dc5 : 9407A223;
5dc6 : 0001F7B7;
5dc7 : 6607AC23;
5dc8 : 00100793;
5dc9 : 96F400A3;
5dca : 00100513;
5dcb : 01C12083;
5dcc : 01812403;
5dcd : 01412483;
5dce : 01012903;
5dcf : 00C12983;
5dd0 : 00812A03;
5dd1 : 02010113;
5dd2 : 00008067;
5dd3 : 00300713;
5dd4 : 00000513;
5dd5 : FCE79CE3;
5dd6 : CADF00EF;
5dd7 : 07200793;
5dd8 : 00050413;
5dd9 : 00F51A63;
5dda : 000207B7;
5ddb : 96078023;
5ddc : 000207B7;
5ddd : 9407AE23;
5dde : 000207B7;
5ddf : 9647A783;
5de0 : 2E079263;
5de1 : 0001F737;
5de2 : 67872703;
5de3 : 000207B7;
5de4 : 2F078793;
5de5 : 00E787B3;
5de6 : 00078023;
5de7 : 2C00006F;
5de8 : C65F00EF;
5de9 : 00050793;
5dea : 00000513;
5deb : F807C0E3;
5dec : 01B00713;
5ded : 00020937;
5dee : 00E78C63;
5def : 97895503;
5df0 : 10057713;
5df1 : 0C070263;
5df2 : 05B00713;
5df3 : 0AE79E63;
5df4 : 10000793;
5df5 : 96F91C23;
5df6 : 97895403;
5df7 : 0FF47793;
5df8 : F40784E3;
5df9 : 07E00793;
5dfa : 1CF40063;
5dfb : 0A87E263;
5dfc : 00A00793;
5dfd : 14F40263;
5dfe : 00D00793;
5dff : 12F40E63;
5e00 : 00900793;
5e01 : 18F40E63;
5e02 : 10047793;
5e03 : 18079A63;
5e04 : 0001F9B7;
5e05 : 6789A603;
5e06 : 04F00793;
5e07 : 18C7C263;
5e08 : 00020A37;
5e09 : 944A2583;
5e0a : 000204B7;
5e0b : 2F048493;
5e0c : 00B60C63;
5e0d : 00158513;
5e0e : 40B60633;
5e0f : 00A48533;
5e10 : 00B485B3;
5e11 : AF9F70EF;
5e12 : 944A2783;
5e13 : 0001F537;
5e14 : 04000593;
5e15 : 00F484B3;
5e16 : 00178793;
5e17 : 94FA2223;
5e18 : 6789A783;
5e19 : 90850513;
5e1a : 00848023;
5e1b : 00178793;
5e1c : 66F9AC23;
5e1d : C61F00EF;
5e1e : 0001D537;
5e1f : 97895583;
5e20 : 14050513;
5e21 : 0880006F;
5e22 : 00A7E7B3;
5e23 : F49FF06F;
5e24 : 14300793;
5e25 : 08F40063;
5e26 : 14400793;
5e27 : 04F40863;
5e28 : 07F00793;
5e29 : F6F412E3;
5e2a : 00020437;
5e2b : 94442783;
5e2c : 0EF05863;
5e2d : 0001F4B7;
5e2e : 04400593;
5e2f : 90848513;
5e30 : C15F00EF;
5e31 : 05000593;
5e32 : 90848513;
5e33 : C09F00EF;
5e34 : 94442503;
5e35 : FFF50513;
5e36 : AC5F70EF;
5e37 : 94442783;
5e38 : FFF78793;
5e39 : 94F42223;
5e3a : 0B80006F;
5e3b : 00020737;
5e3c : 94472783;
5e3d : 0AF05663;
5e3e : FFF78793;
5e3f : 94F72223;
5e40 : 04400593;
5e41 : 0001F537;
5e42 : 90850513;
5e43 : BC9F00EF;
5e44 : 0900006F;
5e45 : 00020737;
5e46 : 0001F6B7;
5e47 : 94472783;
5e48 : 6786A683;
5e49 : 06D7DE63;
5e4a : 00178793;
5e4b : 94F72223;
5e4c : 04300593;
5e4d : FD1FF06F;
5e4e : 0001E537;
5e4f : CC450513;
5e50 : B95F00EF;
5e51 : 00020A37;
5e52 : 949A4783;
5e53 : 000209B7;
5e54 : 0001F437;
5e55 : 02079263;
5e56 : 9614C703;
5e57 : 9449A603;
5e58 : 67842583;
5e59 : 00000693;
5e5a : 00100513;
5e5b : 861EF0EF;
5e5c : 00100793;
5e5d : 94FA04A3;
5e5e : 00400513;
5e5f : 985EF0EF;
5e60 : 9449A603;
5e61 : 67842583;
5e62 : 00200793;
5e63 : 00200713;
5e64 : 00100693;
5e65 : 00200513;
5e66 : 96F480A3;
5e67 : 831EF0EF;
5e68 : 96091C23;
5e69 : D85FF06F;
5e6a : 000207B7;
5e6b : 9447A503;
5e6c : 0001F7B7;
5e6d : 6787A783;
5e6e : FEF504E3;
5e6f : 9E1F70EF;
5e70 : 05000593;
5e71 : F41FF06F;
5e72 : 00020437;
5e73 : 94944783;
5e74 : 0001F937;
5e75 : 02078063;
5e76 : 000207B7;
5e77 : 9447A603;
5e78 : 67892583;
5e79 : 00200713;
5e7a : 00100693;
5e7b : 00300513;
5e7c : FDCEF0EF;
5e7d : 67892583;
5e7e : 000207B7;
5e7f : 2F078793;
5e80 : 00B787B3;
5e81 : 00078023;
5e82 : 94944783;
5e83 : 02078E63;
5e84 : 000209B7;
5e85 : 9614C703;
5e86 : 9449A603;
5e87 : 00100693;
5e88 : 00400513;
5e89 : FA8EF0EF;
5e8a : 94944783;
5e8b : 00078E63;
5e8c : 9614C703;
5e8d : 9449A603;
5e8e : 67892583;
5e8f : 00100693;
5e90 : 00500513;
5e91 : F88EF0EF;
5e92 : 9B9F70EF;
5e93 : 9614C703;
5e94 : 940404A3;
5e95 : 00300793;
5e96 : CCF708E3;
5e97 : 960480A3;
5e98 : CC9FF06F;
5e99 : 000780E7;
5e9a : D0054EE3;
5e9b : 01B00793;
5e9c : D0F40AE3;
5e9d : 07100793;
5e9e : CAF418E3;
5e9f : D09FF06F;
5ea0 : F9010113;
5ea1 : 06812423;
5ea2 : 06912223;
5ea3 : 05412C23;
5ea4 : 06112623;
5ea5 : 07212023;
5ea6 : 05312E23;
5ea7 : 05512A23;
5ea8 : 05612823;
5ea9 : 05712623;
5eaa : 05812423;
5eab : 05912223;
5eac : 05A12023;
5ead : 03B12E23;
5eae : 00050413;
5eaf : 00058493;
5eb0 : 00060A13;
5eb1 : 04068863;
5eb2 : 00C6A603;
5eb3 : 00A6D783;
5eb4 : 0006A703;
5eb5 : 00768683;
5eb6 : 01061613;
5eb7 : 00F667B3;
5eb8 : 3E800613;
5eb9 : 02C7C7B3;
5eba : 0C06F693;
5ebb : 08000613;
5ebc : 0AC69463;
5ebd : 0001F837;
5ebe : 91080813;
5ebf : 0001F537;
5ec0 : 00070693;
5ec1 : 00070613;
5ec2 : 00040593;
5ec3 : 94050513;
5ec4 : 9C5F00EF;
5ec5 : 0014C603;
5ec6 : 02100793;
5ec7 : 00F67613;
5ec8 : 0947E263;
5ec9 : 0001F537;
5eca : 000A0613;
5ecb : 00040593;
5ecc : 96450513;
5ecd : 9A1F00EF;
5ece : 0001F637;
5ecf : 0001F5B7;
5ed0 : 000A0713;
5ed1 : 00048693;
5ed2 : 00040513;
5ed3 : DAC60613;
5ed4 : DB458593;
5ed5 : 914FF0EF;
5ed6 : 06C12083;
5ed7 : 06812403;
5ed8 : 06412483;
5ed9 : 06012903;
5eda : 05C12983;
5edb : 05812A03;
5edc : 05412A83;
5edd : 05012B03;
5ede : 04C12B83;
5edf : 04812C03;
5ee0 : 04412C83;
5ee1 : 04012D03;
5ee2 : 03C12D83;
5ee3 : 00000513;
5ee4 : 07010113;
5ee5 : 00008067;
5ee6 : 0001E837;
5ee7 : E4080813;
5ee8 : F5DFF06F;
5ee9 : 00200793;
5eea : 00F60A63;
5eeb : 0001F537;
5eec : 00040593;
5eed : 97C50513;
5eee : F7DFF06F;
5eef : 0034C783;
5ef0 : 0024CA03;
5ef1 : 0004C903;
5ef2 : 00879793;
5ef3 : 0147E7B3;
5ef4 : 00879A13;
5ef5 : 0087D793;
5ef6 : 00FA67B3;
5ef7 : 01079A13;
5ef8 : 0044C783;
5ef9 : 00F97913;
5efa : 010A5A13;
5efb : 0001F537;
5efc : 000A0713;
5efd : 00090693;
5efe : 00200613;
5eff : 00040593;
5f00 : 99C50513;
5f01 : 8D1F00EF;
5f02 : 0084A503;
5f03 : 6E9010EF;
5f04 : 00A12E23;
5f05 : 00C4A503;
5f06 : 6DD010EF;
5f07 : 01C12703;
5f08 : 0074C683;
5f09 : 0064C603;
5f0a : 00050813;
5f0b : 00050793;
5f0c : 0001F537;
5f0d : 00040593;
5f0e : 9C850513;
5f0f : 899F00EF;
5f10 : 0001F5B7;
5f11 : 01448613;
5f12 : 9FC58593;
5f13 : 00040513;
5f14 : FB5FE0EF;
5f15 : 01F4C783;
5f16 : 01E4C603;
5f17 : 0214C703;
5f18 : 00879793;
5f19 : 00C7E7B3;
5f1a : 00879613;
5f1b : 0087D793;
5f1c : 00F66633;
5f1d : 0204C683;
5f1e : 01061613;
5f1f : 0001F537;
5f20 : 01065613;
5f21 : 00040593;
5f22 : A0450513;
5f23 : 849F00EF;
5f24 : 00C00793;
5f25 : 2127E463;
5f26 : 0001C7B7;
5f27 : D0078793;
5f28 : 00291913;
5f29 : 00F90933;
5f2a : 00092783;
5f2b : 00078067;
5f2c : 0001F537;
5f2d : 00040593;
5f2e : A3050513;
5f2f : 819F00EF;
5f30 : 0001F5B7;
5f31 : 02248613;
5f32 : A4858593;
5f33 : 00040513;
5f34 : 8CCFF0EF;
5f35 : 02C00993;
5f36 : 0001FBB7;
5f37 : 0001FC37;
5f38 : 0001FD37;
5f39 : 0001CCB7;
5f3a : 01348933;
5f3b : 928B8B93;
5f3c : 413A09B3;
5f3d : 930C0C13;
5f3e : 938D0D13;
5f3f : D38C8C93;
5f40 : E3305CE3;
5f41 : 00300713;
5f42 : 19374E63;
5f43 : 0001F537;
5f44 : 00098613;
5f45 : 00040593;
5f46 : BF850513;
5f47 : E19FF06F;
5f48 : 0001F537;
5f49 : 00040593;
5f4a : A5450513;
5f4b : FA8F00EF;
5f4c : 0001F5B7;
5f4d : 02248613;
5f4e : A7058593;
5f4f : F91FF06F;
5f50 : 0001F537;
5f51 : 00040593;
5f52 : A8050513;
5f53 : F88F00EF;
5f54 : 0001F5B7;
5f55 : 02248613;
5f56 : A9C58593;
5f57 : F71FF06F;
5f58 : 0001F537;
5f59 : 00040593;
5f5a : AAC50513;
5f5b : F68F00EF;
5f5c : 0001F937;
5f5d : 02248613;
5f5e : AC890593;
5f5f : 00040513;
5f60 : 81CFF0EF;
5f61 : 02C48613;
5f62 : AC890593;
5f63 : 00040513;
5f64 : E75FE0EF;
5f65 : 03600993;
5f66 : F41FF06F;
5f67 : 0001F537;
5f68 : 00040593;
5f69 : ADC50513;
5f6a : F2CF00EF;
5f6b : 00400613;
5f6c : 03048593;
5f6d : 02C10513;
5f6e : 9A9F80EF;
5f6f : 02E15783;
5f70 : 02E15703;
5f71 : 02248913;
5f72 : 00879793;
5f73 : 00875713;
5f74 : 0001F5B7;
5f75 : 00E7E7B3;
5f76 : 00090613;
5f77 : AF858593;
5f78 : 00040513;
5f79 : 02F11723;
5f7a : FB5FE0EF;
5f7b : 02E15783;
5f7c : 02D14703;
5f7d : 02C14683;
5f7e : 0001F637;
5f7f : 0001F537;
5f80 : B1060613;
5f81 : 00040593;
5f82 : B3450513;
5f83 : EC8F00EF;
5f84 : 0344C683;
5f85 : 02F4C603;
5f86 : 0001F537;
5f87 : 00040593;
5f88 : B4850513;
5f89 : EB0F00EF;
5f8a : 03C4C783;
5f8b : 0394C883;
5f8c : 0384C803;
5f8d : 00F12423;
5f8e : 03B4C783;
5f8f : 0364C703;
5f90 : 0354C683;
5f91 : 00F12223;
5f92 : 03A4C783;
5f93 : 0001F637;
5f94 : 0001F537;
5f95 : 00F12023;
5f96 : 0374C783;
5f97 : B7060613;
5f98 : 00040593;
5f99 : B9050513;
5f9a : E6CF00EF;
5f9b : 04000993;
5f9c : E69FF06F;
5f9d : 0001F537;
5f9e : 00040593;
5f9f : BC050513;
5fa0 : E54F00EF;
5fa1 : 0001F5B7;
5fa2 : 02248613;
5fa3 : BDC58593;
5fa4 : 00040513;
5fa5 : D71FE0EF;
5fa6 : E3DFF06F;
5fa7 : 02200993;
5fa8 : E39FF06F;
5fa9 : 00194783;
5faa : 00094603;
5fab : 00294A83;
5fac : 00879793;
5fad : 00C7E7B3;
5fae : 00879613;
5faf : 0087D793;
5fb0 : 00F667B3;
5fb1 : 01079613;
5fb2 : 00394783;
5fb3 : 0001F537;
5fb4 : 01065613;
5fb5 : 00879793;
5fb6 : 0157E7B3;
5fb7 : 00879A93;
5fb8 : 0087D793;
5fb9 : 00FAE7B3;
5fba : 01079A93;
5fbb : 010ADA93;
5fbc : 004A8B13;
5fbd : 000B0693;
5fbe : 00040593;
5fbf : C2050513;
5fc0 : 00C12E23;
5fc1 : DD0F00EF;
5fc2 : 01C12603;
5fc3 : 00300713;
5fc4 : 0169FC63;
5fc5 : 0001F537;
5fc6 : 00098613;
5fc7 : 000B0593;
5fc8 : C3C50513;
5fc9 : C11FF06F;
5fca : 000087B7;
5fcb : 00178793;
5fcc : 02F61E63;
5fcd : 00594603;
5fce : 00494583;
5fcf : 0001F537;
5fd0 : C6050513;
5fd1 : D90F00EF;
5fd2 : 00600793;
5fd3 : 0EFB0263;
5fd4 : 0001F637;
5fd5 : FFEA8713;
5fd6 : 00690693;
5fd7 : C7C60613;
5fd8 : 0001F5B7;
5fd9 : C8858593;
5fda : 1D40006F;
5fdb : 00490D93;
5fdc : 22E61863;
5fdd : 00594603;
5fde : 00494583;
5fdf : 00994803;
5fe0 : 00894783;
5fe1 : 00794703;
5fe2 : 00694683;
5fe3 : 0001F537;
5fe4 : C9050513;
5fe5 : D40F00EF;
5fe6 : 0001C5B7;
5fe7 : 00300613;
5fe8 : D3858593;
5fe9 : 000D8513;
5fea : 924F80EF;
5feb : 00051E63;
5fec : 0001F5B7;
5fed : 00300613;
5fee : CB858593;
5fef : 00790513;
5ff0 : 90CF80EF;
5ff1 : 02050263;
5ff2 : 0001F637;
5ff3 : 0001F5B7;
5ff4 : FFAA8713;
5ff5 : 00A90693;
5ff6 : C7C60613;
5ff7 : C8858593;
5ff8 : 00040513;
5ff9 : C85FE0EF;
5ffa : 00A94A83;
5ffb : 00B94683;
5ffc : FFFFF7B7;
5ffd : 008A9A93;
5ffe : 00DA8AB3;
5fff : 010A9A93;
6000 : 010ADA93;
6001 : 00FA87B3;
6002 : 01079793;
6003 : 0107D793;
6004 : 00500713;
6005 : 02F76463;
6006 : FFFFF7B7;
6007 : 00FA87B3;
6008 : 00279793;
6009 : 00FC87B3;
600a : 0047A603;
600b : 02061063;
600c : 416989B3;
600d : 01690933;
600e : CC9FF06F;
600f : 000027B7;
6010 : FEFA98E3;
6011 : 0001F637;
6012 : 91C60613;
6013 : 0001F537;
6014 : 000A8693;
6015 : 00040593;
6016 : CBC50513;
6017 : C78F00EF;
6018 : 000017B7;
6019 : 00478713;
601a : 08EA8263;
601b : 00002737;
601c : 0CEA8C63;
601d : 00378793;
601e : FAFA9CE3;
601f : 00700793;
6020 : 0167CE63;
6021 : 0001F537;
6022 : 000B0613;
6023 : 00040593;
6024 : CD850513;
6025 : C40F00EF;
6026 : F99FF06F;
6027 : 00C94783;
6028 : 000B8613;
6029 : 00079463;
602a : 000C0613;
602b : 00E94783;
602c : 00F94703;
602d : 00D94683;
602e : 01879793;
602f : 01071713;
6030 : 00E787B3;
6031 : 01094703;
6032 : 0001F537;
6033 : 00040593;
6034 : 00871713;
6035 : 00E787B3;
6036 : 01194703;
6037 : D0450513;
6038 : 00E78733;
6039 : BF0F00EF;
603a : F49FF06F;
603b : 01100793;
603c : 0167CC63;
603d : 0001F537;
603e : 000B0613;
603f : 00040593;
6040 : D3C50513;
6041 : F91FF06F;
6042 : 0001FAB7;
6043 : 0001E637;
6044 : 00800713;
6045 : 00C90693;
6046 : C2C60613;
6047 : C88A8593;
6048 : 00040513;
6049 : B45FE0EF;
604a : 0001E637;
604b : 00800713;
604c : 01490693;
604d : C4C60613;
604e : C88A8593;
604f : 00040513;
6050 : B29FE0EF;
6051 : EEDFF06F;
6052 : 00D94703;
6053 : 00200693;
6054 : 000D0613;
6055 : 00377793;
6056 : FFF78793;
6057 : 0FF7F793;
6058 : 00F6E863;
6059 : 00279793;
605a : 00FC87B3;
605b : 01C7A603;
605c : 00477793;
605d : 000B8693;
605e : 00079463;
605f : 000C0693;
6060 : 00877793;
6061 : 000B8713;
6062 : 00079463;
6063 : 000C0713;
6064 : 0001F537;
6065 : 00040593;
6066 : D6850513;
6067 : F49FF06F;
6068 : 0001E537;
6069 : CC450513;
606a : B2CF00EF;
606b : 0001F637;
606c : 000A8713;
606d : 000D8693;
606e : DA460613;
606f : DA5FF06F;
6070 : FE010113;
6071 : 00912A23;
6072 : 000204B7;
6073 : 00812C23;
6074 : F4848413;
6075 : 17842783;
6076 : 00112E23;
6077 : 01212823;
6078 : 0107A783;
6079 : 01312623;
607a : 00020537;
607b : 04000613;
607c : 00000593;
607d : 000784A3;
607e : 040780A3;
607f : 08050513;
6080 : 9E8F70EF;
6081 : FFFF07B7;
6082 : 12F42823;
6083 : 000207B7;
6084 : 94078423;
6085 : 00300793;
6086 : 00F42223;
6087 : 2A040023;
6088 : BC8F00EF;
6089 : 03842783;
608a : F4848513;
608b : 0047A783;
608c : 000780E7;
608d : 17C42703;
608e : 0001F7B7;
608f : DBC78793;
6090 : 06F72223;
6091 : 02042783;
6092 : 04C7A783;
6093 : 00078663;
6094 : F4848513;
6095 : 000780E7;
6096 : 01842783;
6097 : 00078663;
6098 : 00100713;
6099 : 00E78B23;
609a : 0001F7B7;
609b : 4DC78713;
609c : 00872903;
609d : 00000413;
609e : 00078493;
609f : 34800993;
60a0 : 00895783;
60a1 : 02F44263;
60a2 : 01C12083;
60a3 : 01812403;
60a4 : 01412483;
60a5 : 01012903;
60a6 : 00C12983;
60a7 : 00000513;
60a8 : 02010113;
60a9 : 00008067;
60aa : 03340533;
60ab : 4DC4A783;
60ac : 00A78533;
60ad : 02052783;
60ae : 0087A783;
60af : 00078463;
60b0 : 000780E7;
60b1 : 00140413;
60b2 : FB9FF06F;
60b3 : 000207B7;
60b4 : 0C07A783;
60b5 : FE010113;
60b6 : 00812C23;
60b7 : 01412423;
60b8 : 00112E23;
60b9 : 0107AA03;
60ba : 00912A23;
60bb : 01212823;
60bc : 01312623;
60bd : 01512223;
60be : 01612023;
60bf : 00200793;
60c0 : 00050413;
60c1 : 00F51A63;
60c2 : 00900513;
60c3 : FF5EE0EF;
60c4 : 00100513;
60c5 : 91CEF0EF;
60c6 : 0001F4B7;
60c7 : 4DC48913;
60c8 : 0001FAB7;
60c9 : 00492983;
60ca : 680A8623;
60cb : E95FF0EF;
60cc : 00492783;
60cd : FFF00713;
60ce : 00048B13;
60cf : 00E7A423;
60d0 : 00E7A623;
60d1 : 00E7A823;
60d2 : 00E79A23;
60d3 : 00E78B23;
60d4 : 00300793;
60d5 : 12F40A63;
60d6 : 0087CE63;
60d7 : 00100713;
60d8 : 02E40063;
60d9 : 00200693;
60da : 0AD40663;
60db : 00000493;
60dc : 0640006F;
60dd : 00400793;
60de : 00000493;
60df : 04F41C63;
60e0 : 00300793;
60e1 : 02FA06A3;
60e2 : 03892783;
60e3 : 00100613;
60e4 : 00100593;
60e5 : 0007A023;
60e6 : 00600793;
60e7 : 00F9A223;
60e8 : 00300513;
60e9 : BE5EB0EF;
60ea : 00000593;
60eb : 00100613;
60ec : 00100513;
60ed : 865EB0EF;
60ee : 0000F537;
60ef : A6050513;
60f0 : D7DFE0EF;
60f1 : 00050493;
60f2 : 00100593;
60f3 : 4DCB0513;
60f4 : F70FE0EF;
60f5 : 8B0EB0EF;
60f6 : 844EB0EF;
60f7 : 03892783;
60f8 : 688A8623;
60f9 : 01C12083;
60fa : 0087A223;
60fb : 01812403;
60fc : 01012903;
60fd : 00C12983;
60fe : 00812A03;
60ff : 00412A83;
6100 : 00012B03;
6101 : 00048513;
6102 : 01412483;
6103 : 02010113;
6104 : 00008067;
6105 : 02FA06A3;
6106 : 03892783;
6107 : 00200513;
6108 : 00E7A023;
6109 : 80CEF0EF;
610a : 00100613;
610b : 00200593;
610c : 00400513;
610d : B55EB0EF;
610e : 00100613;
610f : 00000593;
6110 : 00200513;
6111 : FD4EB0EF;
6112 : 00300513;
6113 : FE5EE0EF;
6114 : 00100593;
6115 : 4DC48513;
6116 : EE8FE0EF;
6117 : 0C100793;
6118 : 00F9A223;
6119 : 00400513;
611a : FC9EE0EF;
611b : 00005537;
611c : E2050513;
611d : CC9FE0EF;
611e : 00050493;
611f : 00500513;
6120 : FB1EE0EF;
6121 : F51FF06F;
6122 : 00200793;
6123 : 02FA06A3;
6124 : 03892783;
6125 : 00200713;
6126 : 00E7A023;
6127 : 0FF00793;
6128 : 00F9A223;
6129 : EC9FF06F;
612a : 0001F7B7;
612b : 6407A223;
612c : 0001F7B7;
612d : 6407A023;
612e : 0001F7B7;
612f : 6207AE23;
6130 : 0001F7B7;
6131 : 6207AC23;
6132 : 0001F7B7;
6133 : 6207AA23;
6134 : 0001F7B7;
6135 : 6207A823;
6136 : 000207B7;
6137 : 9A07A023;
6138 : 000207B7;
6139 : 9007A623;
613a : 000207B7;
613b : 9007A423;
613c : 000207B7;
613d : 9007A223;
613e : 000207B7;
613f : 9007A023;
6140 : 000207B7;
6141 : 8E07AE23;
6142 : 0001F7B7;
6143 : 6207A423;
6144 : 0001F7B7;
6145 : 6007AA23;
6146 : 0001F7B7;
6147 : 60078923;
6148 : 0001F7B7;
6149 : 6207A023;
614a : 0001F7B7;
614b : 62079623;
614c : 0001F7B7;
614d : FB010113;
614e : 62079223;
614f : 0001F7B7;
6150 : 04112623;
6151 : 04812423;
6152 : 04912223;
6153 : 05212023;
6154 : 03412C23;
6155 : 03512A23;
6156 : 03712623;
6157 : 03812423;
6158 : 03A12023;
6159 : 6007AC23;
615a : 03312E23;
615b : 0001F7B7;
615c : 03612823;
615d : 03912223;
615e : 01B12E23;
615f : 60078E23;
6160 : 0001F7B7;
6161 : 60078EA3;
6162 : 0001F7B7;
6163 : 60078823;
6164 : 0001F7B7;
6165 : 6007A623;
6166 : 0001F7B7;
6167 : 6007A423;
6168 : 0001F7B7;
6169 : 6007A223;
616a : 0001F7B7;
616b : 6007A023;
616c : 0001F7B7;
616d : 5E07AE23;
616e : 0001F7B7;
616f : 600788A3;
6170 : 000207B7;
6171 : 9007AC23;
6172 : 0001F4B7;
6173 : 000207B7;
6174 : 9007AE23;
6175 : 4A848493;
6176 : 0184AD03;
6177 : 0144A403;
6178 : A4DEA0EF;
6179 : 41F55593;
617a : 880FB0EF;
617b : 00050C13;
617c : 01C4A503;
617d : 00058913;
617e : 00020AB7;
617f : 41F55593;
6180 : 868FB0EF;
6181 : 00050A13;
6182 : 0204A503;
6183 : 00058B93;
6184 : F48A8493;
6185 : 41F55593;
6186 : 850FB0EF;
6187 : F48A8793;
6188 : 1B87A823;
6189 : 1B27AA23;
618a : 400007B7;
618b : 00FD07B3;
618c : 80000737;
618d : 10F76463;
618e : 00050993;
618f : 00058B13;
6190 : 00E79463;
6191 : 0E041C63;
6192 : 1904C783;
6193 : 0A078463;
6194 : 41FD5793;
6195 : 3284A023;
6196 : 1884A423;
6197 : 0087C433;
6198 : 40F40DB3;
6199 : 01A7CCB3;
619a : 01B43433;
619b : 40FC8CB3;
619c : 408C8CB3;
619d : 01FC9793;
619e : 001DD413;
619f : 0087E433;
61a0 : 401CD913;
61a1 : 00040613;
61a2 : 00090693;
61a3 : 000D8513;
61a4 : 000C8593;
61a5 : 33A4A223;
61a6 : 19A4A623;
61a7 : 1784AC03;
61a8 : 829F60EF;
61a9 : 01F59793;
61aa : 00155613;
61ab : 00C7E633;
61ac : 0015D693;
61ad : 00100713;
61ae : 00200813;
61af : 10069263;
61b0 : 10C86063;
61b1 : 000D5A63;
61b2 : 008037B3;
61b3 : 41200933;
61b4 : 40F90933;
61b5 : 40800433;
61b6 : 3104A503;
61b7 : 3144A583;
61b8 : 028C2823;
61b9 : 032C2A23;
61ba : F81FA0EF;
61bb : 18A4A023;
61bc : 18B4A223;
61bd : 3004A503;
61be : 3044A583;
61bf : F6DFA0EF;
61c0 : 01450A33;
61c1 : 01758BB3;
61c2 : 00AA3533;
61c3 : 01750533;
61c4 : 18A4AE23;
61c5 : 30C4A583;
61c6 : 3084A503;
61c7 : 1944AC23;
61c8 : F49FA0EF;
61c9 : 013509B3;
61ca : 00A9B533;
61cb : 01658B33;
61cc : 01650533;
61cd : 1B34A023;
61ce : 1AA4A223;
61cf : 00000593;
61d0 : 00000513;
61d1 : 964F30EF;
61d2 : 0001F7B7;
61d3 : 5AA7A423;
61d4 : 001007B7;
61d5 : 41C7A703;
61d6 : 000207B7;
61d7 : 00100413;
61d8 : F48A8513;
61d9 : 98E7AE23;
61da : 00100793;
61db : 2AF48023;
61dc : 0084A023;
61dd : B70F70EF;
61de : 000207B7;
61df : 04C12083;
61e0 : 94878423;
61e1 : 04812403;
61e2 : 04412483;
61e3 : 04012903;
61e4 : 03C12983;
61e5 : 03812A03;
61e6 : 03412A83;
61e7 : 03012B03;
61e8 : 02C12B83;
61e9 : 02812C03;
61ea : 02412C83;
61eb : 02012D03;
61ec : 01C12D83;
61ed : 00000513;
61ee : 05010113;
61ef : 00008067;
61f0 : 060D4063;
61f1 : 04070463;
61f2 : 40C407B3;
61f3 : 00F435B3;
61f4 : 40D90933;
61f5 : 00078413;
61f6 : 40B90933;
61f7 : 00174713;
61f8 : 000D8513;
61f9 : 000C8593;
61fa : 00E12623;
61fb : EDCF60EF;
61fc : 01F59793;
61fd : 00155613;
61fe : 00C12703;
61ff : 00C7E633;
6200 : 0015D693;
6201 : 00200813;
6202 : EB5FF06F;
6203 : 00860433;
6204 : 00C437B3;
6205 : 01268933;
6206 : 01278933;
6207 : FC1FF06F;
6208 : 00160593;
6209 : 00C5B7B3;
620a : 00D787B3;
620b : 00858433;
620c : 00B435B3;
620d : 01278933;
620e : 01258933;
620f : FA5FF06F;
6210 : 00050C63;
6211 : 00100793;
6212 : 00F50A63;
6213 : 000207B7;
6214 : 9487C503;
6215 : 00008067;
6216 : 969FF06F;
6217 : C4DFF06F;
6218 : FE010113;
6219 : 00812C23;
621a : 00020437;
621b : 9A840513;
621c : 00912A23;
621d : 00112E23;
621e : 01212823;
621f : 01312623;
6220 : A45EA0EF;
6221 : 001007B7;
6222 : 41C7A703;
6223 : 00050493;
6224 : 000206B7;
6225 : 06050663;
6226 : 0001F7B7;
6227 : 01E00713;
6228 : 5AE7A223;
6229 : 000207B7;
622a : 9606A823;
622b : 9607A623;
622c : 00020937;
622d : 97492783;
622e : 0001F437;
622f : 51C40413;
6230 : 12079263;
6231 : 18048C63;
6232 : 00000513;
6233 : A15F00EF;
6234 : BD9FF0EF;
6235 : 00100793;
6236 : 00F40623;
6237 : 00100513;
6238 : 01C12083;
6239 : 01812403;
623a : 96992A23;
623b : 00C12983;
623c : 01412483;
623d : 01012903;
623e : 02010113;
623f : 00008067;
6240 : 9706A783;
6241 : 00020937;
6242 : 02079E63;
6243 : 0001F637;
6244 : 68C64583;
6245 : 0001F7B7;
6246 : 00300613;
6247 : 5A47A783;
6248 : 00C59463;
6249 : 00F78793;
624a : 3E800613;
624b : 02C787B3;
624c : 00E787B3;
624d : 96F92423;
624e : 00100793;
624f : 96F6A823;
6250 : F71FF06F;
6251 : 96892783;
6252 : 40F707B3;
6253 : F607C2E3;
6254 : 00020737;
6255 : 96C72783;
6256 : 9A840413;
6257 : 00178793;
6258 : 96F72623;
6259 : 00842783;
625a : 0007A023;
625b : AB9EC0EF;
625c : 00842783;
625d : 0E000713;
625e : 00E7A023;
625f : 00644783;
6260 : 0027E793;
6261 : 00F40323;
6262 : 9FDEF0EF;
6263 : 0001F7B7;
6264 : 5A47A703;
6265 : 09500693;
6266 : 04E6E263;
6267 : 00171713;
6268 : 5AE7A223;
6269 : 0001F737;
626a : 68C74683;
626b : 00300713;
626c : 5A47A783;
626d : 00E69463;
626e : 00F78793;
626f : 3E800693;
6270 : 02D787B3;
6271 : 00100737;
6272 : 40070713;
6273 : 01C72703;
6274 : 00E787B3;
6275 : 96F92423;
6276 : ED9FF06F;
6277 : 12C00713;
6278 : FC1FF06F;
6279 : 00300793;
627a : 06049A63;
627b : 00200793;
627c : 00F40623;
627d : FCCFF0EF;
627e : 0001F7B7;
627f : 68C7C783;
6280 : 00100993;
6281 : FFF78793;
6282 : 0FF7F793;
6283 : ECF9E8E3;
6284 : 0001F437;
6285 : 4DC40513;
6286 : 00100593;
6287 : 924FE0EF;
6288 : 4DC40413;
6289 : 03842783;
628a : 00200713;
628b : 0007A683;
628c : EAE696E3;
628d : 0137A023;
628e : 00100613;
628f : 00200593;
6290 : 00500513;
6291 : D44EB0EF;
6292 : 00100613;
6293 : 00000593;
6294 : 00200513;
6295 : 9C4EB0EF;
6296 : E85FF06F;
6297 : 00F40623;
6298 : 00000513;
6299 : E7DFF06F;
629a : 00050793;
629b : 00054E63;
629c : 01500713;
629d : 7D000537;
629e : 02F74463;
629f : 3E800513;
62a0 : 00F51533;
62a1 : 00008067;
62a2 : FF700713;
62a3 : 00100513;
62a4 : 00E7C863;
62a5 : 40F007B3;
62a6 : 3E800513;
62a7 : 40F55533;
62a8 : 00008067;
62a9 : 0001C7B7;
62aa : 00359713;
62ab : D3878793;
62ac : 00E787B3;
62ad : 02C7A783;
62ae : 0017F793;
62af : 00079663;
62b0 : 03452783;
62b1 : 0007A503;
62b2 : 00C00793;
62b3 : 02F585B3;
62b4 : 1BC58593;
62b5 : 00B50533;
62b6 : 00008067;
62b7 : FF010113;
62b8 : 00112623;
62b9 : 00812423;
62ba : 00912223;
62bb : 00050413;
62bc : 00060493;
62bd : 01212023;
62be : FADFF0EF;
62bf : 00048593;
62c0 : 00050913;
62c1 : 00040513;
62c2 : F9DFF0EF;
62c3 : 03C42783;
62c4 : 00050493;
62c5 : 00000593;
62c6 : 0247A783;
62c7 : 00040513;
62c8 : 000780E7;
62c9 : 00892783;
62ca : 0084A683;
62cb : 00050713;
62cc : 40F68633;
62cd : 00065463;
62ce : 00068793;
62cf : 00C12083;
62d0 : 00812403;
62d1 : 40F70533;
62d2 : 41F55513;
62d3 : 40E787B3;
62d4 : 00412483;
62d5 : 00012903;
62d6 : 00A7F533;
62d7 : 01010113;
62d8 : 00008067;
62d9 : FF010113;
62da : 00112623;
62db : 00812423;
62dc : 00912223;
62dd : 00050413;
62de : F2DFF0EF;
62df : 03C42783;
62e0 : 00050493;
62e1 : 00000593;
62e2 : 0247A783;
62e3 : 00040513;
62e4 : 000780E7;
62e5 : 0084A783;
62e6 : 40A78533;
62e7 : 00055463;
62e8 : 00000513;
62e9 : 00C12083;
62ea : 00812403;
62eb : 00412483;
62ec : 01010113;
62ed : 00008067;
62ee : FF010113;
62ef : 00112623;
62f0 : 00812423;
62f1 : 00912223;
62f2 : 01212023;
62f3 : 00050413;
62f4 : 00060913;
62f5 : ED1FF0EF;
62f6 : 03C42783;
62f7 : 00050493;
62f8 : 00090593;
62f9 : 0247A783;
62fa : 00040513;
62fb : 000780E7;
62fc : 00C12083;
62fd : 00812403;
62fe : 00A4A423;
62ff : 00012903;
6300 : 00412483;
6301 : 01010113;
6302 : 00008067;
6303 : FE010113;
6304 : 00812C23;
6305 : 0001C437;
6306 : 00912A23;
6307 : 01212823;
6308 : 00112E23;
6309 : D6040413;
630a : 00000493;
630b : 00C00913;
630c : 00442783;
630d : 0027F793;
630e : 00078A63;
630f : 00048593;
6310 : 00A12623;
6311 : D20F60EF;
6312 : 00C12503;
6313 : 00148493;
6314 : 00840413;
6315 : FD249EE3;
6316 : 01812403;
6317 : 01C12083;
6318 : 01412483;
6319 : 01012903;
631a : 01400613;
631b : 00400593;
631c : 02010113;
631d : F45FF06F;
631e : FD010113;
631f : 00812C23;
6320 : 02F12223;
6321 : 00112E23;
6322 : 02E12023;
6323 : 03012423;
6324 : 03112623;
6325 : 00068413;
6326 : 00000793;
6327 : 00050463;
6328 : 02452783;
6329 : 00020737;
632a : 91072703;
632b : 00259593;
632c : 00E7E7B3;
632d : 00B7D7B3;
632e : 00F7F793;
632f : 02C7EC63;
6330 : 04050263;
6331 : 2A852683;
6332 : 0001C7B7;
6333 : D3878793;
6334 : 00B785B3;
6335 : 0885A583;
6336 : 0001F537;
6337 : DD050513;
6338 : FF4EF0EF;
6339 : 02010593;
633a : 00040513;
633b : 00B12623;
633c : F88EF0EF;
633d : 01C12083;
633e : 01812403;
633f : 03010113;
6340 : 00008067;
6341 : 0001F7B7;
6342 : DC878693;
6343 : FBDFF06F;
6344 : 000207B7;
6345 : 9487C783;
6346 : F8010113;
6347 : 07412423;
6348 : 06112E23;
6349 : 06812C23;
634a : 06912A23;
634b : 07212823;
634c : 07312623;
634d : 07512223;
634e : 07612023;
634f : 05712E23;
6350 : 05812C23;
6351 : 05912A23;
6352 : 05A12823;
6353 : 05B12623;
6354 : 00000A13;
6355 : 64078463;
6356 : 0001F7B7;
6357 : 68C7C703;
6358 : 00400793;
6359 : 62F70C63;
635a : 001007B7;
635b : 000206B7;
635c : 41C7A703;
635d : 9A46A603;
635e : 40078793;
635f : 40C70733;
6360 : 7CF00613;
6361 : 60E67C63;
6362 : 01C7A783;
6363 : 0001C937;
6364 : D3890713;
6365 : 0001E9B7;
6366 : 9AF6A223;
6367 : 0E070713;
6368 : 31C98693;
6369 : 00200613;
636a : 00300593;
636b : 00000513;
636c : EC9FF0EF;
636d : 0001F437;
636e : 4DC40793;
636f : 0047AA03;
6370 : 00600713;
6371 : D3890913;
6372 : 004A2783;
6373 : 4DC40493;
6374 : 46E78C63;
6375 : 0C100713;
6376 : 4AE79C63;
6377 : 00100C13;
6378 : 0C490B93;
6379 : 46C0006F;
637a : 0001FB37;
637b : 5ACB0793;
637c : 00FC07B3;
637d : 02412703;
637e : 00078783;
637f : 5ACB0B13;
6380 : 48E78863;
6381 : 00200793;
6382 : 08F71A63;
6383 : E10EA0EF;
6384 : 001BC783;
6385 : 0001F737;
6386 : DE070713;
6387 : 02078263;
6388 : 4DC42783;
6389 : 00100593;
638a : 4DC40513;
638b : 03C7A783;
638c : 00E12A23;
638d : 02C7A783;
638e : 000780E7;
638f : 01412703;
6390 : 02412783;
6391 : 018B0B33;
6392 : 00FB0023;
6393 : 44070263;
6394 : 0144A683;
6395 : 00CAD883;
6396 : 00BAC803;
6397 : 0056C603;
6398 : 00AAC783;
6399 : 00300593;
639a : 00C12623;
639b : 0066C603;
639c : 00000513;
639d : 00C12423;
639e : 0076C603;
639f : 00C12223;
63a0 : 0086C683;
63a1 : 00100613;
63a2 : 00D12023;
63a3 : 0001F6B7;
63a4 : E2468693;
63a5 : DE5FF0EF;
63a6 : 3F80006F;
63a7 : 004B8793;
63a8 : 00071463;
63a9 : 010B8793;
63aa : 0007C683;
63ab : 0144A703;
63ac : 00DA8523;
63ad : 0017C683;
63ae : 008A4603;
63af : 00D67463;
63b0 : 00DA85A3;
63b1 : 0027D683;
63b2 : 00CA5603;
63b3 : 00D67463;
63b4 : 00DA9623;
63b5 : 0047C683;
63b6 : 010A2603;
63b7 : 00D65463;
63b8 : 00D70423;
63b9 : 014A4683;
63ba : 00068663;
63bb : 0057C683;
63bc : 00D703A3;
63bd : 015A4683;
63be : 00068663;
63bf : 0067C683;
63c0 : 00D70323;
63c1 : 016A4683;
63c2 : 00068663;
63c3 : 0077C683;
63c4 : 00D702A3;
63c5 : 0087A703;
63c6 : F29FF06F;
63c7 : 038B0A33;
63c8 : 4DC42783;
63c9 : 00000593;
63ca : 00000A93;
63cb : 01478A33;
63cc : 03CA2783;
63cd : 000A0513;
63ce : 0247A783;
63cf : 000780E7;
63d0 : 00050B93;
63d1 : 130A5803;
63d2 : 010AC663;
63d3 : 001B0B13;
63d4 : 3680006F;
63d5 : 006A9D93;
63d6 : 034A2503;
63d7 : 138D8593;
63d8 : 00BA05B3;
63d9 : 01012A23;
63da : A04F70EF;
63db : 04051663;
63dc : 01BA0DB3;
63dd : 164DA783;
63de : 134A2703;
63df : 01412803;
63e0 : 00E787B3;
63e1 : 417787B3;
63e2 : 0207D863;
63e3 : 000A0513;
63e4 : 000A8793;
63e5 : E40C8713;
63e6 : 434D0693;
63e7 : 00100613;
63e8 : 00300593;
63e9 : CD5FF0EF;
63ea : 000A8593;
63eb : 000A0513;
63ec : FD4F70EF;
63ed : F91FF06F;
63ee : 001A8A93;
63ef : F89FF06F;
63f0 : 2A054603;
63f1 : 00060663;
63f2 : 00052A03;
63f3 : 26DA0263;
63f4 : 00178793;
63f5 : 34850513;
63f6 : 3180006F;
63f7 : 34800793;
63f8 : 02FA88B3;
63f9 : 4DC42783;
63fa : 01178B33;
63fb : 2A0B4703;
63fc : 130B5783;
63fd : 04071063;
63fe : 02078863;
63ff : 000D8713;
6400 : 31C98693;
6401 : 00200613;
6402 : 00300593;
6403 : 000B0513;
6404 : C69FF0EF;
6405 : 04000613;
6406 : 00000593;
6407 : 138B0513;
6408 : BC8F60EF;
6409 : 120B1823;
640a : FFF00793;
640b : 12FB1923;
640c : 0940006F;
640d : FE078AE3;
640e : 000B2783;
640f : 00100713;
6410 : 138B0693;
6411 : FFE78793;
6412 : 0EF77263;
6413 : 178B0593;
6414 : 00000B93;
6415 : 130B5783;
6416 : 006B9A13;
6417 : 01468A33;
6418 : 08F74663;
6419 : 000A0593;
641a : 000B0513;
641b : 00F12A23;
641c : 970F70EF;
641d : 01412783;
641e : 0A050663;
641f : 000B8713;
6420 : EE4C0693;
6421 : 00100613;
6422 : 00300593;
6423 : 000B0513;
6424 : BE9FF0EF;
6425 : 010A0593;
6426 : 02410513;
6427 : CC9FC0EF;
6428 : 018A5803;
6429 : 00050793;
642a : F0CC8713;
642b : 614D0693;
642c : 00300613;
642d : 00300593;
642e : 000B0513;
642f : BBDFF0EF;
6430 : 137B1923;
6431 : 132B1583;
6432 : 0005CE63;
6433 : 00659593;
6434 : 17058593;
6435 : 00600613;
6436 : 00BB05B3;
6437 : 09AB0513;
6438 : E80F70EF;
6439 : 001A8A93;
643a : 2200006F;
643b : 000A0613;
643c : 000B0513;
643d : 00E12E23;
643e : 00D12C23;
643f : 00B12A23;
6440 : 8BCFD0EF;
6441 : 01412583;
6442 : 01812683;
6443 : 01C12703;
6444 : 00055463;
6445 : 00070B93;
6446 : 00170713;
6447 : 04058593;
6448 : F35FF06F;
6449 : FFF00B93;
644a : F99FF06F;
644b : FFFF07B7;
644c : 12FB2823;
644d : 04000613;
644e : 00000593;
644f : 00068513;
6450 : AA8F60EF;
6451 : F81FF06F;
6452 : 03598533;
6453 : 4DC42A03;
6454 : 00AA0533;
6455 : 13251583;
6456 : 01691863;
6457 : 05258263;
6458 : 00098913;
6459 : 03C0006F;
645a : 03658C63;
645b : 035907B3;
645c : 00659593;
645d : 13858593;
645e : 00B505B3;
645f : 00FA0A33;
6460 : 132A1603;
6461 : 00661613;
6462 : 13860613;
6463 : 00CA0633;
6464 : 82CFD0EF;
6465 : FC0546E3;
6466 : 130A5783;
6467 : FC0782E3;
6468 : 00198993;
6469 : 1980006F;
646a : 34800A13;
646b : 034907B3;
646c : 4DC42A03;
646d : 0001F6B7;
646e : 00190713;
646f : F2868693;
6470 : 00100613;
6471 : 00300593;
6472 : 00FA0A33;
6473 : 000A0513;
6474 : AA9FF0EF;
6475 : 132A1983;
6476 : 02410513;
6477 : 00598993;
6478 : 00699993;
6479 : 00898593;
647a : 00BA05B3;
647b : B79FC0EF;
647c : 013A09B3;
647d : 0109D803;
647e : 0001F737;
647f : 0001C6B7;
6480 : 00050793;
6481 : F0C70713;
6482 : 61468693;
6483 : 00300613;
6484 : 00300593;
6485 : 000A0513;
6486 : A61FF0EF;
6487 : 14C0006F;
6488 : 00B78023;
6489 : 00170713;
648a : 34878793;
648b : 1640006F;
648c : 0001F6B7;
648d : F4C68693;
648e : 00200613;
648f : 00300593;
6490 : A39FF0EF;
6491 : 1580006F;
6492 : 00000C13;
6493 : 0A890B93;
6494 : 4DC42783;
6495 : 02410593;
6496 : 4DC40513;
6497 : 03C7A783;
6498 : 0084AA83;
6499 : 0287A783;
649a : 000780E7;
649b : B6050EE3;
649c : 0084A783;
649d : 0001F6B7;
649e : DE868693;
649f : 00A7C703;
64a0 : 00100613;
64a1 : 00300593;
64a2 : 00000513;
64a3 : 9EDFF0EF;
64a4 : 0001F6B7;
64a5 : ECC68693;
64a6 : 00100613;
64a7 : 00300593;
64a8 : 00000513;
64a9 : 9D5FF0EF;
64aa : 00000B13;
64ab : 34800C13;
64ac : 0001ECB7;
64ad : 0001DD37;
64ae : 0084A783;
64af : 0087D783;
64b0 : C4FB4EE3;
64b1 : 0F490713;
64b2 : 31C98693;
64b3 : 00000513;
64b4 : 00200613;
64b5 : 00300593;
64b6 : 9A1FF0EF;
64b7 : 0084A783;
64b8 : 4DC42503;
64b9 : 00100693;
64ba : 0087D703;
64bb : 00000793;
64bc : CCE7C8E3;
64bd : 00000A93;
64be : 0001FC37;
64bf : 0001FCB7;
64c0 : 0001CD37;
64c1 : 11090D93;
64c2 : 0084A783;
64c3 : 0087D783;
64c4 : CCFAC6E3;
64c5 : 12890713;
64c6 : 31C98693;
64c7 : 00200613;
64c8 : 00300593;
64c9 : 00000513;
64ca : 951FF0EF;
64cb : FFF00913;
64cc : 00000993;
64cd : 34800A93;
64ce : FFF00B13;
64cf : 0084A783;
64d0 : 0087D783;
64d1 : E0F9C2E3;
64d2 : FFF00793;
64d3 : E4F91EE3;
64d4 : 0001F6B7;
64d5 : F1C68693;
64d6 : 00200613;
64d7 : 00300593;
64d8 : 00000513;
64d9 : 915FF0EF;
64da : 0184A783;
64db : 00F90663;
64dc : 00100793;
64dd : 00F4AE23;
64de : 4DC42783;
64df : 0084A603;
64e0 : 0124AC23;
64e1 : 33B78793;
64e2 : 00000713;
64e3 : 00100593;
64e4 : 00865683;
64e5 : E8D746E3;
64e6 : 00100A13;
64e7 : 07C12083;
64e8 : 07812403;
64e9 : 07412483;
64ea : 07012903;
64eb : 06C12983;
64ec : 06412A83;
64ed : 06012B03;
64ee : 05C12B83;
64ef : 05812C03;
64f0 : 05412C83;
64f1 : 05012D03;
64f2 : 04C12D83;
64f3 : 000A0513;
64f4 : 06812A03;
64f5 : 08010113;
64f6 : 00008067;
64f7 : FF010113;
64f8 : 00812423;
64f9 : 00912223;
64fa : 00112623;
64fb : 01212023;
64fc : 00050413;
64fd : 00058493;
64fe : EACFF0EF;
64ff : 00452703;
6500 : FFF00793;
6501 : 02F71063;
6502 : 00000513;
6503 : 00C12083;
6504 : 00812403;
6505 : 00412483;
6506 : 00012903;
6507 : 01010113;
6508 : 00008067;
6509 : 03C42783;
650a : 00050913;
650b : 00000593;
650c : 0247A783;
650d : 00040513;
650e : 000780E7;
650f : 00892703;
6510 : 00050793;
6511 : 40E50733;
6512 : FC0740E3;
6513 : 0001C5B7;
6514 : 00349493;
6515 : D3858593;
6516 : 009585B3;
6517 : 0285A703;
6518 : 0001F6B7;
6519 : 00040513;
651a : F6868693;
651b : 00100613;
651c : 00600593;
651d : 805FF0EF;
651e : 00100513;
651f : F91FF06F;
6520 : FD010113;
6521 : 02812423;
6522 : 02912223;
6523 : 01312E23;
6524 : 02112623;
6525 : 03212023;
6526 : 00050493;
6527 : 00058413;
6528 : 00060993;
6529 : E00FF0EF;
652a : 00452703;
652b : FFF00793;
652c : 10F70C63;
652d : 00050913;
652e : 00052503;
652f : 033707B3;
6530 : 08050663;
6531 : 08F05463;
6532 : 000205B7;
6533 : 9905A703;
6534 : 00071A63;
6535 : 0344A703;
6536 : 00872703;
6537 : 00472703;
6538 : 98E5A823;
6539 : 9905A603;
653a : 41C65837;
653b : E6D80813;
653c : 03060633;
653d : 000036B7;
653e : 03968713;
653f : 00E60633;
6540 : 030606B3;
6541 : 00400813;
6542 : 00E686B3;
6543 : 98D5A823;
6544 : 00179713;
6545 : 00500593;
6546 : 02B747B3;
6547 : 02E85863;
6548 : 00200737;
6549 : C0070713;
654a : 00665613;
654b : 00E67633;
654c : 0106D713;
654d : 3FF77713;
654e : 00100693;
654f : 00C76733;
6550 : 06D50663;
6551 : 00200693;
6552 : 06D50A63;
6553 : 00078613;
6554 : 00040593;
6555 : 00048513;
6556 : 00F12623;
6557 : E5CFF0EF;
6558 : 00341593;
6559 : 0001C437;
655a : D3840413;
655b : 00B40433;
655c : 02842703;
655d : 02812403;
655e : 00892803;
655f : 00C12783;
6560 : 02C12083;
6561 : 02012903;
6562 : 01C12983;
6563 : 00048513;
6564 : 02412483;
6565 : 0001F6B7;
6566 : F8468693;
6567 : 00300613;
6568 : 00600593;
6569 : 03010113;
656a : ED0FF06F;
656b : 02F77733;
656c : 00179693;
656d : 00E687B3;
656e : F95FF06F;
656f : 02B787B3;
6570 : 02F777B3;
6571 : F89FF06F;
6572 : 02C12083;
6573 : 02812403;
6574 : 02412483;
6575 : 02012903;
6576 : 01C12983;
6577 : 03010113;
6578 : 00008067;
6579 : FE010113;
657a : 00112E23;
657b : 00812C23;
657c : 00912A23;
657d : 01212823;
657e : 01312623;
657f : 00060493;
6580 : 00050913;
6581 : 00058413;
6582 : C9CFF0EF;
6583 : 00050993;
6584 : 00952223;
6585 : 00048613;
6586 : 00040593;
6587 : 00090513;
6588 : D98FF0EF;
6589 : 0001C5B7;
658a : D3858593;
658b : 00341413;
658c : 00858433;
658d : 02842703;
658e : 01812403;
658f : 0089A803;
6590 : 01C12083;
6591 : 00C12983;
6592 : 00048793;
6593 : 00090513;
6594 : 01412483;
6595 : 01012903;
6596 : 0001F6B7;
6597 : FA468693;
6598 : 00300613;
6599 : 00600593;
659a : 02010113;
659b : E0CFF06F;
659c : FE010113;
659d : 00912A23;
659e : 17852483;
659f : 0001C737;
65a0 : 0001E6B7;
65a1 : 00112E23;
65a2 : E7470713;
65a3 : 31C68693;
65a4 : 00300613;
65a5 : 00600593;
65a6 : 00812C23;
65a7 : 01312623;
65a8 : 01412423;
65a9 : 01212823;
65aa : 00050413;
65ab : 00A48903;
65ac : DC8FF0EF;
65ad : 00200793;
65ae : 1AF42E23;
65af : 00100793;
65b0 : 1EF42623;
65b1 : 1CF42423;
65b2 : 00090513;
65b3 : B9CFF0EF;
65b4 : 1CA42023;
65b5 : 00D48503;
65b6 : B90FF0EF;
65b7 : 1CA42623;
65b8 : 03442983;
65b9 : 00B48903;
65ba : 0009AA03;
65bb : 00090513;
65bc : B78FF0EF;
65bd : 1D8A2783;
65be : FFF00713;
65bf : 00E78463;
65c0 : 00F55463;
65c1 : 1CAA2C23;
65c2 : 00C9A783;
65c3 : 00C4C703;
65c4 : 3E800693;
65c5 : 0007D783;
65c6 : 01271733;
65c7 : 02D70733;
65c8 : 00178793;
65c9 : 012696B3;
65ca : 01C12083;
65cb : 1EA42823;
65cc : 01412483;
65cd : 01012903;
65ce : 00C12983;
65cf : 00812A03;
65d0 : 02D787B3;
65d1 : 1EE42223;
65d2 : 1EF42E23;
65d3 : 01812403;
65d4 : 02010113;
65d5 : 00008067;
65d6 : 33C52783;
65d7 : 06078263;
65d8 : FF010113;
65d9 : 00812423;
65da : 00300793;
65db : 00112623;
65dc : 32F52E23;
65dd : 00600593;
65de : 00050413;
65df : 9E9F50EF;
65e0 : 34042703;
65e1 : 00100793;
65e2 : 02F70463;
65e3 : 34F42023;
65e4 : 02042783;
65e5 : 0647A303;
65e6 : 00030C63;
65e7 : 00040513;
65e8 : 00812403;
65e9 : 00C12083;
65ea : 01010113;
65eb : 00030067;
65ec : 00C12083;
65ed : 00812403;
65ee : 01010113;
65ef : 00008067;
65f0 : 00008067;
65f1 : 33C52703;
65f2 : 00070A63;
65f3 : 00300713;
65f4 : 32E52E23;
65f5 : 00600593;
65f6 : 98DF506F;
65f7 : 00008067;
65f8 : 34052703;
65f9 : FF010113;
65fa : 00812423;
65fb : 00112623;
65fc : 00100793;
65fd : 00050413;
65fe : 02F71663;
65ff : 001007B7;
6600 : 41C7A703;
6601 : 000207B7;
6602 : 8F87A783;
6603 : 00079C63;
6604 : 33C52603;
6605 : 00052583;
6606 : 00100693;
6607 : 00000513;
6608 : AB5EB0EF;
6609 : 34042703;
660a : 00400793;
660b : 32F42E23;
660c : 00100793;
660d : 02F71E63;
660e : 33A44783;
660f : 00078663;
6610 : 00200793;
6611 : 34F42023;
6612 : 00040513;
6613 : FEDF50EF;
6614 : 02042783;
6615 : 0647A303;
6616 : 00030C63;
6617 : 00040513;
6618 : 00812403;
6619 : 00C12083;
661a : 01010113;
661b : 00030067;
661c : 00C12083;
661d : 00812403;
661e : 01010113;
661f : 00008067;
6620 : FBC10113;
6621 : 00112223;
6622 : 00512423;
6623 : 00612623;
6624 : 00712823;
6625 : 00A12A23;
6626 : 00B12C23;
6627 : 00C12E23;
6628 : 02D12023;
6629 : 02E12223;
662a : 02F12423;
662b : 03012623;
662c : 03112823;
662d : 03C12A23;
662e : 03D12C23;
662f : 03E12E23;
6630 : 05F12023;
6631 : 341020F3;
6632 : 342023F3;
6633 : 34302E73;
6634 : 0FF3F293;
6635 : 00B00313;
6636 : 0A628E63;
6637 : 00014297;
6638 : 7CC28293;
6639 : 0002A303;
663a : 00130313;
663b : 0062A023;
663c : 00014297;
663d : 7BC28293;
663e : 0072A023;
663f : 00014297;
6640 : 7B428293;
6641 : 0012A023;
6642 : 00014297;
6643 : 7AC28293;
6644 : 01C2A023;
6645 : 00014297;
6646 : 7A428293;
6647 : 00412303;
6648 : 0062A023;
6649 : 00014297;
664a : 79828293;
664b : 04410313;
664c : 0062A023;
664d : 00014297;
664e : 78C28293;
664f : 00014317;
6650 : 6E030313;
6651 : 00032303;
6652 : 0062A023;
6653 : 00014297;
6654 : 77828293;
6655 : 00014317;
6656 : 6E030313;
6657 : 00032303;
6658 : 0062A023;
6659 : 00014297;
665a : 76428293;
665b : 00014317;
665c : 6E430313;
665d : 00032303;
665e : 0062A023;
665f : 46415337;
6660 : 54C30313;
6661 : 00014297;
6662 : 72028293;
6663 : 0062A023;
6664 : 0540006F;
6665 : 0FF3F393;
6666 : FC1EA0EF;
6667 : 00412083;
6668 : 00812283;
6669 : 00C12303;
666a : 01012383;
666b : 01412503;
666c : 01812583;
666d : 01C12603;
666e : 02012683;
666f : 02412703;
6670 : 02812783;
6671 : 02C12803;
6672 : 03012883;
6673 : 03412E03;
6674 : 03812E83;
6675 : 03C12F03;
6676 : 04012F83;
6677 : 04410113;
6678 : 30200073;
6679 : 0000006F;
667a : 02060063;
667b : 02000793;
667c : 40C787B3;
667d : 00F04C63;
667e : FE060513;
667f : 00000713;
6680 : 00A5D533;
6681 : 00070593;
6682 : 00008067;
6683 : 00C5D733;
6684 : 00C55533;
6685 : 00F595B3;
6686 : 00B56533;
6687 : FE9FF06F;
6688 : 02060063;
6689 : 02000793;
668a : 40C787B3;
668b : 00F04C63;
668c : FE060593;
668d : 00000713;
668e : 00B515B3;
668f : 00070513;
6690 : 00008067;
6691 : 00C51733;
6692 : 00C595B3;
6693 : 00F55533;
6694 : 00A5E5B3;
6695 : FE9FF06F;
6696 : 02060063;
6697 : 02000793;
6698 : 40C787B3;
6699 : 00F04C63;
669a : FE060513;
669b : 41F5D713;
669c : 40A5D533;
669d : 00070593;
669e : 00008067;
669f : 40C5D733;
66a0 : 00C55533;
66a1 : 00F595B3;
66a2 : 00B56533;
66a3 : FE9FF06F;
66a4 : 04058263;
66a5 : 00000513;
66a6 : 000107B7;
66a7 : 04F5F263;
66a8 : 0FF00793;
66a9 : 00B7B7B3;
66aa : 00379793;
66ab : 02000713;
66ac : 40F70733;
66ad : 00F5D5B3;
66ae : 00002797;
66af : 51C78793;
66b0 : 00B785B3;
66b1 : 0005C783;
66b2 : 40F707B3;
66b3 : 00A78533;
66b4 : 00008067;
66b5 : 00050593;
66b6 : 02000513;
66b7 : FBDFF06F;
66b8 : 01000737;
66b9 : 01000793;
66ba : FCE5E2E3;
66bb : 01800793;
66bc : FBDFF06F;
66bd : 01851713;
66be : 01855793;
66bf : 000106B7;
66c0 : 00E7E7B3;
66c1 : F0068693;
66c2 : 40855713;
66c3 : 00D77733;
66c4 : 00E7E7B3;
66c5 : 00851513;
66c6 : 00FF0737;
66c7 : 00E57533;
66c8 : 00A7E533;
66c9 : 00008067;
66ca : 00010837;
66cb : F0080813;
66cc : 0085D793;
66cd : 0107F7B3;
66ce : 0185D693;
66cf : 00859613;
66d0 : 00F6E6B3;
66d1 : 01855793;
66d2 : 00F667B3;
66d3 : 00FF0637;
66d4 : 00F677B3;
66d5 : 00F6E6B3;
66d6 : 01851713;
66d7 : 01859793;
66d8 : 01855593;
66d9 : 00B76733;
66da : 00855593;
66db : 00F5E5B3;
66dc : 00851893;
66dd : 0105F5B3;
66de : 00B765B3;
66df : 01167633;
66e0 : 00F6E533;
66e1 : 00C5E5B3;
66e2 : 00008067;
66e3 : 0001F7B7;
66e4 : FA010113;
66e5 : 6E07A223;
66e6 : 000207B7;
66e7 : 04112E23;
66e8 : 04812C23;
66e9 : 04912A23;
66ea : 05212823;
66eb : 05312623;
66ec : 05412423;
66ed : 05512223;
66ee : 05612023;
66ef : 03712E23;
66f0 : 03812C23;
66f1 : 03912A23;
66f2 : 03A12823;
66f3 : 03B12623;
66f4 : 40C78793;
66f5 : 03F00713;
66f6 : 00E7A023;
66f7 : 00E7A223;
66f8 : 00E7A423;
66f9 : 00E7A623;
66fa : 00E7A823;
66fb : 00E7AA23;
66fc : 0001F7B7;
66fd : 00100713;
66fe : 6E07A423;
66ff : 0001F7B7;
6700 : 6EE7A823;
6701 : A31EB0EF;
6702 : 00000513;
6703 : A68F50EF;
6704 : 0002E9B7;
6705 : 00098913;
6706 : 0000B437;
6707 : 00100513;
6708 : 00892023;
6709 : A50F50EF;
670a : 0000B537;
670b : F80EB0EF;
670c : 00021A37;
670d : 3C000613;
670e : 00000593;
670f : E08A0513;
6710 : FA8F50EF;
6711 : 0001F537;
6712 : 00000613;
6713 : 00000593;
6714 : FC450513;
6715 : D5CF50EF;
6716 : 00019637;
6717 : 0001F537;
6718 : 86060613;
6719 : 00000593;
671a : FCC50513;
671b : D44F50EF;
671c : 00017637;
671d : 000175B7;
671e : 0001F537;
671f : BA060613;
6720 : BF058593;
6721 : FD850513;
6722 : D28F50EF;
6723 : 00017637;
6724 : 0001F537;
6725 : E4860613;
6726 : 00000593;
6727 : FE050513;
6728 : D10F50EF;
6729 : 00019637;
672a : 0001F537;
672b : D1060613;
672c : 00000593;
672d : FE450513;
672e : CF8F50EF;
672f : 00017637;
6730 : 000175B7;
6731 : 0001F537;
6732 : 66060613;
6733 : 5F058593;
6734 : FEC50513;
6735 : CDCF50EF;
6736 : 00004637;
6737 : 0001F537;
6738 : 27860613;
6739 : 00000593;
673a : FF850513;
673b : CC4F50EF;
673c : 0000A637;
673d : 0001F537;
673e : 91C60613;
673f : 00000593;
6740 : 00050513;
6741 : 000174B7;
6742 : CA8F50EF;
6743 : B8C48493;
6744 : 00952A23;
6745 : 0000B637;
6746 : 0000A5B7;
6747 : 0001F537;
6748 : 29860613;
6749 : 60058593;
674a : 00850513;
674b : C84F50EF;
674c : 00952A23;
674d : 0000B637;
674e : 0000A5B7;
674f : 0001F537;
6750 : 62460613;
6751 : 66858593;
6752 : 00C50513;
6753 : C64F50EF;
6754 : 0000B637;
6755 : 0000B5B7;
6756 : 0001F537;
6757 : E6060613;
6758 : AE458593;
6759 : 01450513;
675a : C48F50EF;
675b : 00952A23;
675c : 0000B637;
675d : 0000A5B7;
675e : 0001F537;
675f : F8060613;
6760 : 5C058593;
6761 : 01C50513;
6762 : C28F50EF;
6763 : 00952A23;
6764 : 0000A637;
6765 : 0001F537;
6766 : DD460613;
6767 : 00000593;
6768 : 02450513;
6769 : C0CF50EF;
676a : 00006637;
676b : 0001F537;
676c : B9860613;
676d : 00000593;
676e : 02C50513;
676f : BF4F50EF;
6770 : 00A40513;
6771 : 00A92023;
6772 : DE4EB0EF;
6773 : 00B40513;
6774 : 00A92023;
6775 : 00000413;
6776 : DD4EB0EF;
6777 : 00098993;
6778 : AA0ED0EF;
6779 : 08C00493;
677a : 00040513;
677b : 00000593;
677c : 00440413;
677d : CC8EB0EF;
677e : FE9418E3;
677f : 0001F7B7;
6780 : 5C07A623;
6781 : 0001F7B7;
6782 : 6C07AA23;
6783 : 0001F7B7;
6784 : 5C07A823;
6785 : 0001F7B7;
6786 : 6C07A823;
6787 : 0001F7B7;
6788 : 6E07A023;
6789 : 0001F7B7;
678a : 6C07AE23;
678b : 0001F7B7;
678c : 6C07AC23;
678d : 0001F7B7;
678e : 6E07AE23;
678f : 0001F7B7;
6790 : 7007A223;
6791 : 0001F7B7;
6792 : 7007A023;
6793 : 00000593;
6794 : 000207B7;
6795 : 12800513;
6796 : 8E07AC23;
6797 : C60EB0EF;
6798 : 00000593;
6799 : 12C00513;
679a : C54EB0EF;
679b : 00000593;
679c : 13000513;
679d : C48EB0EF;
679e : 00000593;
679f : 13400513;
67a0 : C3CEB0EF;
67a1 : 00000593;
67a2 : 13800513;
67a3 : C30EB0EF;
67a4 : 00000593;
67a5 : 13C00513;
67a6 : C24EB0EF;
67a7 : 00000593;
67a8 : 14000513;
67a9 : C18EB0EF;
67aa : 00200593;
67ab : 00000513;
67ac : C0CEB0EF;
67ad : 00000513;
67ae : D78ED0EF;
67af : 00000713;
67b0 : 00000693;
67b1 : 00000613;
67b2 : 00000593;
67b3 : 00000513;
67b4 : C8CED0EF;
67b5 : 99DEB0EF;
67b6 : F5CEB0EF;
67b7 : 0000B537;
67b8 : 00150513;
67b9 : CC8EB0EF;
67ba : 001007B7;
67bb : 000204B7;
67bc : 50078793;
67bd : 1C23C737;
67be : 000775B7;
67bf : 98F4A223;
67c0 : 9AC70713;
67c1 : 00000793;
67c2 : 35958593;
67c3 : 01810513;
67c4 : 00E12C23;
67c5 : 00F12E23;
67c6 : E74F90EF;
67c7 : 9844A783;
67c8 : 01812703;
67c9 : 00021437;
67ca : 98448493;
67cb : 00E7A223;
67cc : 53840793;
67cd : 00600713;
67ce : 00E7A623;
67cf : 00007737;
67d0 : 4C870713;
67d1 : 00E7A023;
67d2 : 00002737;
67d3 : A6470713;
67d4 : 00E7A223;
67d5 : 0097A423;
67d6 : 0001F7B7;
67d7 : 6A87A703;
67d8 : 53840413;
67d9 : 00071463;
67da : 6A87A423;
67db : 001007B7;
67dc : 4187A703;
67dd : 80000637;
67de : 000204B7;
67df : 00C76733;
67e0 : 40E7AC23;
67e1 : 01313737;
67e2 : 3007AE23;
67e3 : D0370713;
67e4 : 30E7A023;
67e5 : 43800613;
67e6 : 00000593;
67e7 : 9B848513;
67e8 : C48F50EF;
67e9 : 9B848793;
67ea : 0007A023;
67eb : 000207B7;
67ec : 8607A223;
67ed : 000207B7;
67ee : 8607A023;
67ef : 00700713;
67f0 : 000207B7;
67f1 : 84E78623;
67f2 : 000207B7;
67f3 : 8807AC23;
67f4 : 000207B7;
67f5 : 8807AA23;
67f6 : 000207B7;
67f7 : 8407AE23;
67f8 : 000207B7;
67f9 : 8C07A823;
67fa : 000207B7;
67fb : 8C07A623;
67fc : 000207B7;
67fd : 8C07A423;
67fe : 000207B7;
67ff : 8C07A223;
6800 : 000207B7;
6801 : 8C07A023;
6802 : 000207B7;
6803 : 8A07AE23;
6804 : 000207B7;
6805 : 8A07AC23;
6806 : 000207B7;
6807 : 8A07AA23;
6808 : 000207B7;
6809 : 8A07A823;
680a : 000207B7;
680b : 8A07A623;
680c : 000207B7;
680d : 8407A023;
680e : 000207B7;
680f : 8207AE23;
6810 : 000207B7;
6811 : 8207AC23;
6812 : 00020637;
6813 : 000207B7;
6814 : 8207AA23;
6815 : 00000713;
6816 : 9B848793;
6817 : 3CC60613;
6818 : 01000593;
6819 : 00271693;
681a : 00D606B3;
681b : 0006A023;
681c : 00170713;
681d : FEB718E3;
681e : 00100737;
681f : 20072683;
6820 : 00020637;
6821 : 0106D713;
6822 : 03F77713;
6823 : 8AE60523;
6824 : 00569593;
6825 : 0186D713;
6826 : 00020637;
6827 : 00777713;
6828 : 0005D463;
6829 : 00300713;
682a : 00000693;
682b : 8AE604A3;
682c : 00020737;
682d : 00000613;
682e : 8EC72423;
682f : 8ED72623;
6830 : 00020737;
6831 : 8EC72023;
6832 : 8ED72223;
6833 : FFF00613;
6834 : 00020737;
6835 : FFF00693;
6836 : 8CC72C23;
6837 : 8CD72E23;
6838 : 00020737;
6839 : 84072823;
683a : 00020737;
683b : 84072C23;
683c : 00020737;
683d : 1607A823;
683e : 84072A23;
683f : 00500713;
6840 : 04E7AC23;
6841 : 00010737;
6842 : FFB70713;
6843 : 04E7AE23;
6844 : FFFFF737;
6845 : 73670713;
6846 : 02E7AE23;
6847 : FFE00713;
6848 : 02E7AC23;
6849 : 00C00713;
684a : 04E7A023;
684b : 00100713;
684c : 04E7AA23;
684d : 7D000713;
684e : 0AE7A223;
684f : 3E800713;
6850 : 08E7AE23;
6851 : 06400713;
6852 : 0AE7A023;
6853 : 40000913;
6854 : 40000493;
6855 : 00048513;
6856 : 825F40EF;
6857 : 72050863;
6858 : 4014D493;
6859 : 40295913;
685a : 00200B13;
685b : 00990AB3;
685c : 000A8513;
685d : 809F40EF;
685e : 00051463;
685f : 000A8493;
6860 : 03694933;
6861 : FE0914E3;
6862 : 000207B7;
6863 : 9497AC23;
6864 : 00600793;
6865 : 02F42023;
6866 : 0001F7B7;
6867 : 3F878793;
6868 : 00F42823;
6869 : 0001F7B7;
686a : 3E878793;
686b : 00F42C23;
686c : 0001F7B7;
686d : 3F078793;
686e : 0001F537;
686f : 00F42A23;
6870 : 00000593;
6871 : 3E050793;
6872 : 3E050513;
6873 : 00F42E23;
6874 : 8C1ED0EF;
6875 : 01042503;
6876 : 00100593;
6877 : 00A00A93;
6878 : 8B1ED0EF;
6879 : 01042503;
687a : 00100593;
687b : 02840493;
687c : BA5ED0EF;
687d : 01442503;
687e : 00100593;
687f : B99ED0EF;
6880 : 01842503;
6881 : 00000593;
6882 : B8DED0EF;
6883 : 01C42503;
6884 : 00100593;
6885 : B81ED0EF;
6886 : 00100793;
6887 : 02F42223;
6888 : 00100737;
6889 : 40C72783;
688a : 41472683;
688b : 01040513;
688c : 0107D793;
688d : 40070713;
688e : 00A79793;
688f : 00C72703;
6890 : 02A42423;
6891 : 02F42623;
6892 : 02D42A23;
6893 : 02042C23;
6894 : 00048513;
6895 : FFFA8A93;
6896 : D31ED0EF;
6897 : FE0A9AE3;
6898 : 02842503;
6899 : 00100593;
689a : AE9ED0EF;
689b : 02842503;
689c : 805ED0EF;
689d : 02842503;
689e : 00000593;
689f : AD5ED0EF;
68a0 : 02842503;
68a1 : FF0ED0EF;
68a2 : 02842503;
68a3 : 00100593;
68a4 : AC1ED0EF;
68a5 : 02842503;
68a6 : 00000613;
68a7 : 09F00593;
68a8 : C15ED0EF;
68a9 : 02842503;
68aa : B05ED0EF;
68ab : 01051493;
68ac : 02842503;
68ad : AF9ED0EF;
68ae : 00851513;
68af : 00A484B3;
68b0 : 02842503;
68b1 : AE9ED0EF;
68b2 : 00A484B3;
68b3 : 02842503;
68b4 : 00000593;
68b5 : A7DED0EF;
68b6 : 0FF4F513;
68b7 : 02000793;
68b8 : 5AF51C63;
68b9 : 000107B7;
68ba : 02F42623;
68bb : 00100793;
68bc : 02F42C23;
68bd : 040007B7;
68be : 02F42823;
68bf : 000207B7;
68c0 : 0001F737;
68c1 : 3B078793;
68c2 : 03470713;
68c3 : 00E7A023;
68c4 : 00021737;
68c5 : 56070713;
68c6 : 0001CAB7;
68c7 : 00E7A223;
68c8 : D38A8713;
68c9 : 14C70693;
68ca : 00D7AC23;
68cb : 03042683;
68cc : 15870713;
68cd : 00E7AA23;
68ce : 00D7A623;
68cf : 03442683;
68d0 : 00100B37;
68d1 : 000204B7;
68d2 : 00D7A823;
68d3 : 02C42683;
68d4 : 9A848B93;
68d5 : 100B0B13;
68d6 : 00D7A423;
68d7 : B8CE90EF;
68d8 : 0000B537;
68d9 : 00250513;
68da : 844EB0EF;
68db : 0001F537;
68dc : 04050513;
68dd : 960EE0EF;
68de : 310B2503;
68df : D38A8A93;
68e0 : 9A848493;
68e1 : F70FF0EF;
68e2 : 00A12C23;
68e3 : 0001F537;
68e4 : 00400613;
68e5 : 01810593;
68e6 : 52050513;
68e7 : BC4F60EF;
68e8 : 304B2783;
68e9 : 00100513;
68ea : 0107E793;
68eb : 30FB2223;
68ec : 016BA423;
68ed : 000B8323;
68ee : AD0E90EF;
68ef : 008BA783;
68f0 : 00300713;
68f1 : 005EE6B7;
68f2 : 0007A023;
68f3 : 00E7A623;
68f4 : 00D7A423;
68f5 : 0001F637;
68f6 : 00E7A223;
68f7 : 65964703;
68f8 : 00021B37;
68f9 : 00100793;
68fa : DF8B0B13;
68fb : 02E7EA63;
68fc : 00C00693;
68fd : 02D706B3;
68fe : 000207B7;
68ff : 42478793;
6900 : 00170713;
6901 : 64E60CA3;
6902 : 00D787B3;
6903 : 000016B7;
6904 : 95568693;
6905 : 0097A023;
6906 : 0167A223;
6907 : 00D7A423;
6908 : 0C800513;
6909 : F3DED0EF;
690a : 0084A783;
690b : 0007A023;
690c : FF5EA0EF;
690d : 0084A783;
690e : 0E000713;
690f : 00E7A023;
6910 : 0064C783;
6911 : 0027E793;
6912 : 00F48323;
6913 : F39ED0EF;
6914 : 001007B7;
6915 : 0007A703;
6916 : 00FB2023;
6917 : 00100693;
6918 : 01875593;
6919 : 00F5F593;
691a : 0001F4B7;
691b : 42D58E63;
691c : 0001F537;
691d : 05C50513;
691e : 85CEE0EF;
691f : 64048C23;
6920 : 01313737;
6921 : 001007B7;
6922 : D0270693;
6923 : 30D7A023;
6924 : 3007AA23;
6925 : 3007AC23;
6926 : 3007A823;
6927 : D0A70713;
6928 : 30E7A023;
6929 : 30D7A023;
692a : 3007AE23;
692b : 01810513;
692c : 944E90EF;
692d : 00050C63;
692e : 332207B7;
692f : 00278793;
6930 : 00F12C23;
6931 : 24400793;
6932 : 00F11E23;
6933 : 01810513;
6934 : 878E90EF;
6935 : F51EA0EF;
6936 : 00200513;
6937 : 999F40EF;
6938 : 0000B537;
6939 : 00350513;
693a : EC5EA0EF;
693b : 0001F7B7;
693c : 6CC7C783;
693d : 00079463;
693e : AD4ED0EF;
693f : 0001F5B7;
6940 : 0001F537;
6941 : 09058593;
6942 : 0C450513;
6943 : FC9ED0EF;
6944 : 000204B7;
6945 : F4848493;
6946 : 04040793;
6947 : 16F4AC23;
6948 : 178A8793;
6949 : 02F4AC23;
694a : 18CA8793;
694b : 02F4AE23;
694c : 0001C7B7;
694d : 49C78793;
694e : 2AF4A223;
694f : 2AF4A423;
6950 : 07840793;
6951 : 0001FC37;
6952 : 04F4A023;
6953 : 00020537;
6954 : 0F840793;
6955 : 00100B13;
6956 : 4DCC0B93;
6957 : 04F4A223;
6958 : 1C0A8593;
6959 : 17840793;
695a : 07000613;
695b : 20850513;
695c : 2B64A823;
695d : 0364A823;
695e : 16F4AE23;
695f : 33648D23;
6960 : 19648823;
6961 : 0374AA23;
6962 : 0204A623;
6963 : 9D4F60EF;
6964 : 25840793;
6965 : 00F4AC23;
6966 : 1784A783;
6967 : 230A8A93;
6968 : 0164AE23;
6969 : 0354A023;
696a : 35040413;
696b : 020BA703;
696c : 0087A823;
696d : 00000813;
696e : 00000793;
696f : 1AF4A423;
6970 : 1B04A623;
6971 : 008BAB03;
6972 : 4DCC0793;
6973 : 00E04463;
6974 : 00100713;
6975 : 00EB1423;
6976 : 0047A703;
6977 : 0001F437;
6978 : 53C40413;
6979 : 00071463;
697a : 0087A223;
697b : 0047A483;
697c : E95E80EF;
697d : E29E80EF;
697e : 03C44783;
697f : 00000693;
6980 : 000B08A3;
6981 : 02FB00A3;
6982 : 4DCC2783;
6983 : 00300613;
6984 : FFF00593;
6985 : 25078793;
6986 : FFF00513;
6987 : 008B5703;
6988 : 2AE6C063;
6989 : 34800413;
698a : 008B5783;
698b : 2CF94463;
698c : 01810513;
698d : EBDE80EF;
698e : 00054863;
698f : 01812703;
6990 : 000207B7;
6991 : 42E7A623;
6992 : 000207B7;
6993 : 9407A223;
6994 : 0001F7B7;
6995 : 6607AC23;
6996 : 000207B7;
6997 : 960780A3;
6998 : 00300513;
6999 : 000207B7;
699a : 9607A223;
699b : 809F40EF;
699c : 0001F537;
699d : 4A050513;
699e : FBCF40EF;
699f : 0001F537;
69a0 : 49850513;
69a1 : FB0F40EF;
69a2 : 0001F537;
69a3 : 49050513;
69a4 : FA4F40EF;
69a5 : 0001F537;
69a6 : 48850513;
69a7 : F98F40EF;
69a8 : 0001F537;
69a9 : 48050513;
69aa : F8CF40EF;
69ab : 0001F537;
69ac : 47850513;
69ad : F80F40EF;
69ae : 0001F537;
69af : 47050513;
69b0 : F74F40EF;
69b1 : 0001F537;
69b2 : 46850513;
69b3 : F68F40EF;
69b4 : 0001F537;
69b5 : 46050513;
69b6 : F5CF40EF;
69b7 : 0001F537;
69b8 : 45850513;
69b9 : F50F40EF;
69ba : 0001F537;
69bb : 45050513;
69bc : F44F40EF;
69bd : 0001F537;
69be : 44850513;
69bf : F38F40EF;
69c0 : 0001F537;
69c1 : 44050513;
69c2 : F2CF40EF;
69c3 : 0001F537;
69c4 : 43850513;
69c5 : F20F40EF;
69c6 : 0001F537;
69c7 : 43050513;
69c8 : F14F40EF;
69c9 : 0001F537;
69ca : 42850513;
69cb : F08F40EF;
69cc : 0001F537;
69cd : 42050513;
69ce : EFCF40EF;
69cf : 0001F537;
69d0 : 41850513;
69d1 : EF0F40EF;
69d2 : 0001F537;
69d3 : 41050513;
69d4 : EE4F40EF;
69d5 : 0001F537;
69d6 : 40850513;
69d7 : ED8F40EF;
69d8 : 0001F537;
69d9 : 40050513;
69da : ECCF40EF;
69db : BADC17B7;
69dc : FFE78793;
69dd : 00030737;
69de : 00300513;
69df : 80F72023;
69e0 : B4DFD0EF;
69e1 : D25FD0EF;
69e2 : 000204B7;
69e3 : 98C48593;
69e4 : 00000513;
69e5 : A3DEA0EF;
69e6 : 001007B7;
69e7 : 40078793;
69e8 : 01C7A783;
69e9 : 00020937;
69ea : E08A0A93;
69eb : 98F92423;
69ec : 0000B7B7;
69ed : 00178793;
69ee : E08A0413;
69ef : 00021A37;
69f0 : 00F9A023;
69f1 : 3C0A8B13;
69f2 : E08A0A13;
69f3 : 00042783;
69f4 : 00078863;
69f5 : 01842783;
69f6 : 00078463;
69f7 : 000780E7;
69f8 : 03040413;
69f9 : FE8B14E3;
69fa : 0000B537;
69fb : 00450513;
69fc : 00A9A023;
69fd : BB9EA0EF;
69fe : 0002E737;
69ff : 0CC70713;
6a00 : 00100793;
6a01 : 00F72023;
6a02 : 0002E837;
6a03 : 01C82683;
6a04 : 0002E7B7;
6a05 : 0D878793;
6a06 : 00D7A023;
6a07 : 00072503;
6a08 : 0002E737;
6a09 : 0D072583;
6a0a : 0002E737;
6a0b : 0D472603;
6a0c : 0007A683;
6a0d : 0002E7B7;
6a0e : 0DC7A703;
6a0f : 0002E7B7;
6a10 : 0E07A783;
6a11 : 01C82803;
6a12 : 3B9AD9B7;
6a13 : A0098993;
6a14 : ED9EA0EF;
6a15 : 00020BB7;
6a16 : 0001FD37;
6a17 : 000A8413;
6a18 : 00100DB7;
6a19 : 00042783;
6a1a : 00040C93;
6a1b : 16078263;
6a1c : 01C42783;
6a1d : 0A079463;
6a1e : 02042783;
6a1f : 00178793;
6a20 : 02F42023;
6a21 : 000A0C93;
6a22 : 0B40006F;
6a23 : 012484B3;
6a24 : 00191913;
6a25 : 8C1FF06F;
6a26 : 00100793;
6a27 : 00A79533;
6a28 : 02A42823;
6a29 : A59FF06F;
6a2a : 64B48C23;
6a2b : 00700693;
6a2c : 04D7A023;
6a2d : 40076713;
6a2e : 00E7A023;
6a2f : BC5FF06F;
6a30 : DAC7A823;
6a31 : 0E07A623;
6a32 : DC07A023;
6a33 : 04D7AE23;
6a34 : EEB79123;
6a35 : F7078713;
6a36 : 00A72023;
6a37 : 00072223;
6a38 : 00C70713;
6a39 : FEE79AE3;
6a3a : 00168693;
6a3b : 34878793;
6a3c : D2DFF06F;
6a3d : 02890533;
6a3e : 4DCC2783;
6a3f : 00A78533;
6a40 : 02052783;
6a41 : 0047A783;
6a42 : 00078663;
6a43 : 00048593;
6a44 : 000780E7;
6a45 : 00190913;
6a46 : D11FF06F;
6a47 : 01442783;
6a48 : 0A079E63;
6a49 : 01C42783;
6a4a : 000780E7;
6a4b : 02042783;
6a4c : 00A787B3;
6a4d : 02F42023;
6a4e : F40506E3;
6a4f : 01810593;
6a50 : 00000513;
6a51 : 88DEA0EF;
6a52 : 01812683;
6a53 : 98C4A783;
6a54 : 41CDAC03;
6a55 : 40F687B3;
6a56 : 0007D463;
6a57 : 013787B3;
6a58 : 028CA603;
6a59 : 00C787B3;
6a5a : 08F9E063;
6a5b : 02FCA423;
6a5c : 98D4A623;
6a5d : 98892683;
6a5e : 40DC06B3;
6a5f : 0006D463;
6a60 : 3E868693;
6a61 : 02CCA603;
6a62 : 02D67263;
6a63 : 954BA783;
6a64 : 00078C63;
6a65 : 004C8593;
6a66 : 0F8D0513;
6a67 : 00D12623;
6a68 : B35ED0EF;
6a69 : 00C12683;
6a6a : 02DCA623;
6a6b : 954BA783;
6a6c : 00078E63;
6a6d : 00D7FC63;
6a6e : 0001F7B7;
6a6f : 00068613;
6a70 : 004C8593;
6a71 : 12C78513;
6a72 : B0DED0EF;
6a73 : 99892423;
6a74 : 03040413;
6a75 : E96418E3;
6a76 : E85FF06F;
6a77 : 000780E7;
6a78 : F40512E3;
6a79 : EA1FF06F;
6a7a : 413787B3;
6a7b : 02FCA423;
6a7c : 024CA783;
6a7d : 00178793;
6a7e : 02FCA223;
6a7f : F75FF06F;
6a80 : 0000276C;
6a81 : 00002904;
6a82 : 000025A8;
6a83 : 000025A8;
6a84 : 000025A8;
6a85 : 000025A8;
6a86 : 00002904;
6a87 : 000025A8;
6a88 : 000025A8;
6a89 : 000025A8;
6a8a : 000025A8;
6a8b : 000028DC;
6a8c : 00002614;
6a8d : 000028F0;
6a8e : 000025A8;
6a8f : 000025A8;
6a90 : 00002804;
6a91 : 000025A8;
6a92 : 00002908;
6a93 : 000025A8;
6a94 : 000025A8;
6a95 : 000028F8;
6a96 : 00002F6C;
6a97 : 00003024;
6a98 : 00002F74;
6a99 : 00002FBC;
6a9a : 00003024;
6a9b : 00002FD0;
6a9c : 00002FE0;
6a9d : 00002FE8;
6a9e : 00002FF0;
6a9f : 00002FF8;
6aa0 : 00003000;
6aa1 : 00003008;
6aa2 : 00003010;
6aa3 : 00004378;
6aa4 : 000044D0;
6aa5 : 000044F8;
6aa6 : 00004598;
6aa7 : 00004670;
6aa8 : 00004688;
6aa9 : 00004520;
6aaa : 00004444;
6aab : 000042FC;
6aac : 00004338;
6aad : 00004710;
6aae : 00004818;
6aaf : 00004840;
6ab0 : 00004868;
6ab1 : 000047B4;
6ab2 : 000047E0;
6ab3 : 00004D7C;
6ab4 : 00004DBC;
6ab5 : 00004DE4;
6ab6 : 00004E34;
6ab7 : 00004E58;
6ab8 : 00004E68;
6ab9 : 00004AC8;
6aba : 00004E74;
6abb : 00004A84;
6abc : 00004D54;
6abd : 0000A858;
6abe : 0000A874;
6abf : 0000A89C;
6ac0 : 0000A8DC;
6ac1 : 0000A978;
6ac2 : 0000AA28;
6ac3 : 0000AA08;
6ac4 : 0000AA94;
6ac5 : 0000B0A0;
6ac6 : 0000B108;
6ac7 : 0000B0B0;
6ac8 : 0000B0B0;
6ac9 : 0000B120;
6aca : 0000B0B0;
6acb : 0000B0B0;
6acc : 00000000;
6acd : 00000000;
6ace : 00000000;
6acf : FFFFC000;
6ad0 : 00000000;
6ad1 : 00000000;
6ad2 : 00000000;
6ad3 : 00000000;
6ad4 : 00000000;
6ad5 : 00000000;
6ad6 : 00000000;
6ad7 : 00000000;
6ad8 : 00004000;
6ad9 : 00000000;
6ada : 00000000;
6adb : 00000000;
6adc : 0102FF30;
6add : 700604FA;
6ade : 696C6275;
6adf : 02FFFD63;
6ae0 : FC0102F9;
6ae1 : 30FB0102;
6ae2 : 06FF30FF;
6ae3 : 33323130;
6ae4 : 37363534;
6ae5 : 42413938;
6ae6 : 46454443;
6ae7 : 6E616C76;
6ae8 : 66666F20;
6ae9 : 7074703B;
6aea : 6F747320;
6aeb : 6F6D3B70;
6aec : 73206564;
6aed : 6576616C;
6aee : 7074703B;
6aef : 61747320;
6af0 : 00007472;
6af1 : 20210006;
6af2 : 0101B900;
6af3 : 00070001;
6af4 : C71DA021;
6af5 : 00010101;
6af6 : A0FE00BB;
6af7 : 0001C71D;
6af8 : 00C10000;
6af9 : C71DA020;
6afa : 00000000;
6afb : A0FEFFFF;
6afc : 0000C71D;
6afd : 00000000;
6afe : 00000004;
6aff : 46E20100;
6b00 : EA011380;
6b01 : 019000CF;
6b02 : 108157F3;
6b03 : E0FFFF01;
6b04 : FFFF010B;
6b05 : FF0188E0;
6b06 : 0108E1FF;
6b07 : 1B0020E0;
6b08 : 00C0EB01;
6b09 : 30E00198;
6b0a : E0016321;
6b0b : 0461610D;
6b0c : 10838900;
6b0d : 0320F001;
6b0e : 80010463;
6b0f : F101BB0C;
6b10 : 0133E31E;
6b11 : 316324E0;
6b12 : 0300E101;
6b13 : 00E1012B;
6b14 : 00043BC3;
6b15 : 00714114;
6b16 : C3250060;
6b17 : 25026000;
6b18 : 810104CB;
6b19 : 010448C9;
6b1a : 0479C780;
6b1b : 780EBD00;
6b1c : 09008001;
6b1d : 20800153;
6b1e : 00045109;
6b1f : 01C049BD;
6b20 : 5B097AFD;
6b21 : 69810104;
6b22 : 810104F8;
6b23 : 0008F469;
6b24 : 00000000;
6b25 : 00000004;
6b26 : 46E20100;
6b27 : EA011380;
6b28 : 019000CF;
6b29 : 108157F3;
6b2a : E0FFFF01;
6b2b : FFFF010B;
6b2c : FF0188E0;
6b2d : 0108E1FF;
6b2e : 1B0020E0;
6b2f : 00C0EB01;
6b30 : 30E00198;
6b31 : E0016321;
6b32 : 0461610D;
6b33 : 10838900;
6b34 : 0320F001;
6b35 : 80010463;
6b36 : E100BF0C;
6b37 : 01A34355;
6b38 : 33E41EF1;
6b39 : 6424E001;
6b3a : 00E10131;
6b3b : E1012B04;
6b3c : 043BC400;
6b3d : 79229800;
6b3e : 8F800104;
6b3f : 800104C0;
6b40 : E0006122;
6b41 : 00A34301;
6b42 : A16301E0;
6b43 : 8C800104;
6b44 : 02E000F8;
6b45 : 0104A383;
6b46 : 08F08C80;
6b47 : 00000000;
6b48 : 2D424453;
6b49 : 01010500;
6b4a : 00000000;
6b4b : 00000000;
6b4c : 00000000;
6b4d : 7F030000;
6b4e : 656C6946;
6b4f : 61746144;
6b50 : 2020202E;
6b51 : 01000000;
6b52 : 00000000;
6b53 : 2020202E;
6b54 : 20202020;
6b55 : 20202020;
6b56 : 20202020;
6b57 : 00202020;
6b58 : 00000000;
6b59 : 06000000;
6b5a : 00000000;
6b5b : 40010000;
6b5c : 00000000;
6b5d : BF010000;
6b5e : 656C6946;
6b5f : 61746144;
6b60 : 696C6163;
6b61 : 01000000;
6b62 : 00000000;
6b63 : 696C6163;
6b64 : 74617262;
6b65 : 206E6F69;
6b66 : 20202020;
6b67 : 01202020;
6b68 : 00000000;
6b69 : 06000000;
6b6a : 00000000;
6b6b : C0010000;
6b6c : 00000000;
6b6d : C5010000;
6b6e : 656C6946;
6b6f : 61746144;
6b70 : 2D63616D;
6b71 : 01000000;
6b72 : 00000000;
6b73 : 2D63616D;
6b74 : 72646461;
6b75 : 20737365;
6b76 : 20202020;
6b77 : 01202020;
6b78 : 00000000;
6b79 : 06000000;
6b7a : 00000000;
6b7b : 00020000;
6b7c : 00000000;
6b7d : 7F020000;
6b7e : 656C6946;
6b7f : 61746144;
6b80 : 2D706673;
6b81 : 01000000;
6b82 : 00000000;
6b83 : 2D706673;
6b84 : 61746164;
6b85 : 65736162;
6b86 : 20202020;
6b87 : 01202020;
6b88 : 00000000;
6b89 : 06000000;
6b8a : 00000000;
6b8b : 80020000;
6b8c : 00000000;
6b8d : 7F030000;
6b8e : 656C6946;
6b8f : 61746144;
6b90 : 692D7277;
6b91 : 01000000;
6b92 : 00000000;
6b93 : 692D7277;
6b94 : 2074696E;
6b95 : 20202020;
6b96 : 20202020;
6b97 : 01202020;
6b98 : 00000000;
6b99 : 00000000;
6b9a : 0001C748;
6b9b : 00010AB0;
6b9c : 0001C758;
6b9d : 0000E028;
6b9e : 0001C760;
6b9f : 0000C628;
6ba0 : 0001C76C;
6ba1 : 000109D0;
6ba2 : 0001C778;
6ba3 : 00012778;
6ba4 : 0001C77C;
6ba5 : 00012778;
6ba6 : 0001C784;
6ba7 : 0001092C;
6ba8 : 0001C78C;
6ba9 : 00016800;
6baa : 0001C79C;
6bab : 00016800;
6bac : 0001C7A4;
6bad : 0001263C;
6bae : 64707470;
6baf : 74656E5F;
6bb0 : 635F6669;
6bb1 : 74616572;
6bb2 : 6F735F65;
6bb3 : 74656B63;
6bb4 : 00000000;
6bb5 : 00000000;
6bb6 : 00000000;
6bb7 : 7473616D;
6bb8 : 642D7265;
6bb9 : 6E676169;
6bba : 6974736F;
6bbb : 61622D63;
6bbc : 696C6573;
6bbd : 322D656E;
6bbe : 00363230;
6bbf : 00000000;
6bc0 : 00000000;
6bc1 : 00000000;
6bc2 : 00000000;
6bc3 : 00000000;
6bc4 : 00000000;
6bc5 : 00000000;
6bc6 : 00000000;
6bc7 : 00000000;
6bc8 : 00000000;
6bc9 : 00000000;
6bca : 00000000;
6bcb : 00000000;
6bcc : 00000000;
6bcd : 00000000;
6bce : 00000000;
6bcf : 00C28001;
6bd0 : 00000E00;
6bd1 : 0001B61C;
6bd2 : 00002150;
6bd3 : 0001B5B8;
6bd4 : 00000009;
6bd5 : 0001B5AC;
6bd6 : 00002150;
6bd7 : 0001B55C;
6bd8 : 00000009;
6bd9 : 0001B550;
6bda : 00002150;
6bdb : 0001B488;
6bdc : 00000009;
6bdd : 0001B47C;
6bde : 00002150;
6bdf : 0001B314;
6be0 : 00000009;
6be1 : 0001B308;
6be2 : 00002150;
6be3 : 0001B27C;
6be4 : 00000009;
6be5 : 0001B270;
6be6 : 00002150;
6be7 : 0001B1F8;
6be8 : 00000009;
6be9 : 0001B1EC;
6bea : 00001F60;
6beb : 0001B188;
6bec : 0000000A;
6bed : 0001B17C;
6bee : 00002150;
6bef : 0001B140;
6bf0 : 00000009;
6bf1 : 0001B134;
6bf2 : 00002150;
6bf3 : 0001B0D0;
6bf4 : 00000009;
6bf5 : 0001B0C4;
6bf6 : 00002150;
6bf7 : 0001B060;
6bf8 : 00000009;
6bf9 : 00000000;
6bfa : 00000000;
6bfb : 00000000;
6bfc : 00000000;
6bfd : 0001C7AC;
6bfe : 0001C7B4;
6bff : 0001C7C0;
6c00 : 0001C7CC;
6c01 : 00000000;
6c02 : 00000000;
6c03 : 00000000;
6c04 : 00000000;
6c05 : 0001C7F0;
6c06 : 0001C7D8;
6c07 : 0001C7E4;
6c08 : 0001C7FC;
6c09 : 0001C808;
6c0a : 0001C814;
6c0b : 36362C2C;
6c0c : 00000000;
6c0d : 4036362C;
6c0e : 00003022;
6c0f : 5F636D62;
6c10 : 74617473;
6c11 : 65645F65;
6c12 : 69736963;
6c13 : 00006E6F;
6c14 : 65746564;
6c15 : 6E696D72;
6c16 : 69747369;
6c17 : 00000063;
6c18 : 0001F2B4;
6c19 : 00002D6C;
6c1a : 0000960C;
6c1b : 0001F5B0;
6c1c : 04000202;
6c1d : 0001F2B0;
6c1e : 00002D6C;
6c1f : 00002BE4;
6c20 : 000205B4;
6c21 : 51000402;
6c22 : 0001F2AC;
6c23 : 00002D6C;
6c24 : 00002BE4;
6c25 : 0001F680;
6c26 : 04000202;
6c27 : 0001F2A8;
6c28 : 00002D6C;
6c29 : 00002BE4;
6c2a : 0001F67C;
6c2b : 04000202;
6c2c : 00000000;
6c2d : 00000000;
6c2e : 00000000;
6c2f : 00000000;
6c30 : 00000000;
6c31 : 0401062B;
6c32 : 01656001;
6c33 : 0000000C;
6c34 : 0001F2C4;
6c35 : 00002D6C;
6c36 : 0000891C;
6c37 : 0001F5B4;
6c38 : 04000202;
6c39 : 0001F2C0;
6c3a : 00002D6C;
6c3b : 00002BE4;
6c3c : 0001F58C;
6c3d : 04000202;
6c3e : 0001F2BC;
6c3f : 00002D6C;
6c40 : 00002BE4;
6c41 : 0001F590;
6c42 : 04000202;
6c43 : 0001F2B8;
6c44 : 00002D6C;
6c45 : 00002BE4;
6c46 : 0001F588;
6c47 : 04000202;
6c48 : 00000000;
6c49 : 00000000;
6c4a : 00000000;
6c4b : 00000000;
6c4c : 00000000;
6c4d : 0401062B;
6c4e : 01656001;
6c4f : 0000000A;
6c50 : 0001F2CC;
6c51 : 00002D6C;
6c52 : 00009700;
6c53 : 0001F5B8;
6c54 : 04000202;
6c55 : 0001F2C8;
6c56 : 00002D6C;
6c57 : 00002BE4;
6c58 : 00020608;
6c59 : 20000402;
6c5a : 00000000;
6c5b : 00000000;
6c5c : 00000000;
6c5d : 00000000;
6c5e : 00000000;
6c5f : 0401062B;
6c60 : 01656001;
6c61 : 00000009;
6c62 : 0001F2DC;
6c63 : 00008F44;
6c64 : 00000000;
6c65 : 00000000;
6c66 : 01000401;
6c67 : 0001F2D8;
6c68 : 00008F44;
6c69 : 00000000;
6c6a : 00000000;
6c6b : 01000201;
6c6c : 0001F2D4;
6c6d : 00008F44;
6c6e : 00000000;
6c6f : 00000000;
6c70 : 01000201;
6c71 : 0001F2D0;
6c72 : 00008F44;
6c73 : 00000000;
6c74 : 00000000;
6c75 : 01000201;
6c76 : 00000000;
6c77 : 00000000;
6c78 : 00000000;
6c79 : 00000000;
6c7a : 00000000;
6c7b : 0401062B;
6c7c : 01656001;
6c7d : 00000108;
6c7e : 0001F2F0;
6c7f : 00003340;
6c80 : 00000000;
6c81 : 00000001;
6c82 : 01000202;
6c83 : 0001F2EC;
6c84 : 00002D18;
6c85 : 00000000;
6c86 : 00000000;
6c87 : 01000402;
6c88 : 0001F2E8;
6c89 : 00002D6C;
6c8a : 00000000;
6c8b : 0001F4D0;
6c8c : 04000202;
6c8d : 0001F2E4;
6c8e : 00002D6C;
6c8f : 00000000;
6c90 : 00020DFC;
6c91 : 04004102;
6c92 : 0001F2E0;
6c93 : 00002D6C;
6c94 : 00000000;
6c95 : 00020E00;
6c96 : 04004102;
6c97 : 00000000;
6c98 : 00000000;
6c99 : 00000000;
6c9a : 00000000;
6c9b : 00000000;
6c9c : 0401062B;
6c9d : 01656001;
6c9e : 00000007;
6c9f : 0001F308;
6ca0 : 00002D6C;
6ca1 : 00002D98;
6ca2 : 0001F5C0;
6ca3 : 04000202;
6ca4 : 0001F304;
6ca5 : 00002D6C;
6ca6 : 000097B0;
6ca7 : 0001F5BC;
6ca8 : 04000202;
6ca9 : 0001F300;
6caa : 00002D6C;
6cab : 00002BE4;
6cac : 00020628;
6cad : 10000402;
6cae : 0001F2FC;
6caf : 00002D6C;
6cb0 : 00002BE4;
6cb1 : 00020640;
6cb2 : 04000202;
6cb3 : 0001F2F8;
6cb4 : 00002D6C;
6cb5 : 00002BE4;
6cb6 : 00020644;
6cb7 : 04000202;
6cb8 : 0001F2F4;
6cb9 : 00002D6C;
6cba : 00002BE4;
6cbb : 00020638;
6cbc : 08000202;
6cbd : 00000000;
6cbe : 00000000;
6cbf : 00000000;
6cc0 : 00000000;
6cc1 : 00000000;
6cc2 : 0401062B;
6cc3 : 01656001;
6cc4 : 00000006;
6cc5 : 0001F34C;
6cc6 : 00002DF8;
6cc7 : 00000000;
6cc8 : 00000001;
6cc9 : 01000202;
6cca : 0001F348;
6ccb : 00002DF8;
6ccc : 00000000;
6ccd : 00000002;
6cce : 01000202;
6ccf : 0001F344;
6cd0 : 00002DF8;
6cd1 : 00000000;
6cd2 : 00000003;
6cd3 : 01000202;
6cd4 : 0001F340;
6cd5 : 00002DF8;
6cd6 : 00000000;
6cd7 : 00000004;
6cd8 : 01004602;
6cd9 : 0001F33C;
6cda : 00002D80;
6cdb : 00000000;
6cdc : 000200C4;
6cdd : 04684102;
6cde : 0001F338;
6cdf : 00002DF8;
6ce0 : 00000000;
6ce1 : 00000005;
6ce2 : 01004602;
6ce3 : 0001F334;
6ce4 : 00002DF8;
6ce5 : 00000000;
6ce6 : 00000006;
6ce7 : 01000202;
6ce8 : 0001F330;
6ce9 : 00002DF8;
6cea : 00000000;
6ceb : 00000007;
6cec : 01000202;
6ced : 0001F32C;
6cee : 00002DF8;
6cef : 00000000;
6cf0 : 00000008;
6cf1 : 01000202;
6cf2 : 0001F328;
6cf3 : 00002DF8;
6cf4 : 00000000;
6cf5 : 00000009;
6cf6 : 01000202;
6cf7 : 0001F324;
6cf8 : 00002DF8;
6cf9 : 00000000;
6cfa : 0000000A;
6cfb : 01004102;
6cfc : 0001F320;
6cfd : 00002DF8;
6cfe : 00000000;
6cff : 0000000B;
6d00 : 01004102;
6d01 : 0001F31C;
6d02 : 00002DF8;
6d03 : 00000000;
6d04 : 0000000C;
6d05 : 01004102;
6d06 : 0001F318;
6d07 : 00002DF8;
6d08 : 00000000;
6d09 : 0000000D;
6d0a : 01004602;
6d0b : 0001F314;
6d0c : 00002D6C;
6d0d : 00000000;
6d0e : 00020278;
6d0f : 04004102;
6d10 : 0001F310;
6d11 : 00002D6C;
6d12 : 00000000;
6d13 : 0002027C;
6d14 : 04004102;
6d15 : 0001F30C;
6d16 : 00002D6C;
6d17 : 00000000;
6d18 : 000200C8;
6d19 : 08084602;
6d1a : 00000000;
6d1b : 00000000;
6d1c : 00000000;
6d1d : 00000000;
6d1e : 00000000;
6d1f : 0401062B;
6d20 : 01656001;
6d21 : 00000005;
6d22 : 0001F370;
6d23 : 00002D6C;
6d24 : 00000000;
6d25 : 0001F9B8;
6d26 : 01000202;
6d27 : 0001F36C;
6d28 : 00002D6C;
6d29 : 00000000;
6d2a : 0001F9C8;
6d2b : 01004102;
6d2c : 0001F368;
6d2d : 00002D6C;
6d2e : 00000000;
6d2f : 0001F9BC;
6d30 : 01000202;
6d31 : 0001F364;
6d32 : 00002D6C;
6d33 : 00000000;
6d34 : 0001FA7C;
6d35 : 01000202;
6d36 : 0001F360;
6d37 : 00002D6C;
6d38 : 00000000;
6d39 : 0001FA60;
6d3a : 01004102;
6d3b : 0001F35C;
6d3c : 00002D6C;
6d3d : 00000000;
6d3e : 0001FB5C;
6d3f : 01004102;
6d40 : 0001F358;
6d41 : 00002D6C;
6d42 : 00000000;
6d43 : 0001FA1C;
6d44 : 01000202;
6d45 : 0001F354;
6d46 : 00002D6C;
6d47 : 00000000;
6d48 : 0001FAC4;
6d49 : 01000202;
6d4a : 0001F350;
6d4b : 00002D6C;
6d4c : 00000000;
6d4d : 0001F9C4;
6d4e : 01004102;
6d4f : 00000000;
6d50 : 00000000;
6d51 : 00000000;
6d52 : 00000000;
6d53 : 00000000;
6d54 : 0401062B;
6d55 : 01656001;
6d56 : 00000004;
6d57 : 0001F37C;
6d58 : 00005218;
6d59 : 00000000;
6d5a : 00000004;
6d5b : 01004602;
6d5c : 0001F378;
6d5d : 00005218;
6d5e : 00000000;
6d5f : 00000005;
6d60 : 01000402;
6d61 : 0001F374;
6d62 : 00005218;
6d63 : 00000000;
6d64 : 00000002;
6d65 : 01004302;
6d66 : 00000000;
6d67 : 00000000;
6d68 : 00000000;
6d69 : 00000000;
6d6a : 00000000;
6d6b : 0401062B;
6d6c : 01656001;
6d6d : 00000002;
6d6e : 0001F38C;
6d6f : 00002D6C;
6d70 : 00000000;
6d71 : 0001F520;
6d72 : 01000402;
6d73 : 0001F388;
6d74 : 00002D6C;
6d75 : 00000000;
6d76 : 0001AEDC;
6d77 : 01000402;
6d78 : 0001F384;
6d79 : 00002D6C;
6d7a : 00000000;
6d7b : 0001AF1C;
6d7c : 01000402;
6d7d : 0001F380;
6d7e : 00002D6C;
6d7f : 00000000;
6d80 : 0001B050;
6d81 : 01000402;
6d82 : 00000000;
6d83 : 00000000;
6d84 : 00000000;
6d85 : 00000000;
6d86 : 00000000;
6d87 : 0401062B;
6d88 : 01656001;
6d89 : 00000001;
6d8a : ADA5301E;
6d8b : 00000001;
6d8c : 0001F51C;
6d8d : 00000014;
6d8e : 00020E08;
6d8f : 00000000;
6d90 : 00000000;
6d91 : 0001F9B8;
6d92 : 00000000;
6d93 : 0001F4A8;
6d94 : 00000000;
6d95 : 00000000;
6d96 : 00001A60;
6d97 : 00001A38;
6d98 : 00001A14;
6d99 : 0000D104;
6d9a : 0000D138;
6d9b : 0000D18C;
6d9c : 0000D1AC;
6d9d : 0000D1DC;
6d9e : 0000D554;
6d9f : 0000D5A4;
6da0 : 0000D5F8;
6da1 : 0000D790;
6da2 : 0000D7C4;
6da3 : 0000D844;
6da4 : 0000D87C;
6da5 : 0000D8B0;
6da6 : 0000D918;
6da7 : 0000D954;
6da8 : 00011780;
6da9 : 000117A0;
6daa : 0001197C;
6dab : 00011998;
6dac : 00011A58;
6dad : 000149B4;
6dae : 000149D8;
6daf : 000149E8;
6db0 : 00014B74;
6db1 : 00014B04;
6db2 : 645F7070;
6db3 : 5F676169;
6db4 : 73726170;
6db5 : 00000065;
6db6 : 0001E840;
6db7 : 0001E84C;
6db8 : 0001E858;
6db9 : 0001E864;
6dba : 0001E7E8;
6dbb : 0001E82C;
6dbc : 0001E834;
6dbd : 0001E838;
6dbe : 0001E83C;
6dbf : 0001D5EC;
6dc0 : 0001E810;
6dc1 : 0001E744;
6dc2 : 0001E7DC;
6dc3 : 0001E7E4;
6dc4 : 0001E7E8;
6dc5 : 0001E7F0;
6dc6 : 0001E7F4;
6dc7 : 0001E708;
6dc8 : 0001E710;
6dc9 : 0001E7F8;
6dca : 0001E800;
6dcb : 0001E808;
6dcc : 02000103;
6dcd : 02010101;
6dce : 00000501;
6dcf : 00000000;
6dd0 : 0001E76C;
6dd1 : 0001E778;
6dd2 : 0001E784;
6dd3 : 0001E794;
6dd4 : 0001E7A0;
6dd5 : 0001E7AC;
6dd6 : 0001C760;
6dd7 : 0001E7B8;
6dd8 : 0001E7C0;
6dd9 : 0001E7CC;
6dda : 0001E708;
6ddb : 00018840;
6ddc : 00000001;
6ddd : 0001E710;
6dde : 00018840;
6ddf : 00000000;
6de0 : 0001E718;
6de1 : 00016AB8;
6de2 : 00000001;
6de3 : 0001E71C;
6de4 : 00016AB8;
6de5 : 00000001;
6de6 : 0001E724;
6de7 : 000182CC;
6de8 : 00000001;
6de9 : 0001C77C;
6dea : 000182CC;
6deb : 00000002;
6dec : 0001C79C;
6ded : 000182CC;
6dee : 00000003;
6def : 0001C7A4;
6df0 : 000182CC;
6df1 : 00000004;
6df2 : 00000000;
6df3 : 0001E724;
6df4 : 0001C77C;
6df5 : 0001C79C;
6df6 : 0001C7A4;
6df7 : 00000000;
6df8 : 0001E718;
6df9 : 0001E728;
6dfa : 0001E590;
6dfb : 0001E5A0;
6dfc : 0001E5AC;
6dfd : 0001E5B8;
6dfe : 0001E5C4;
6dff : 0001E5D0;
6e00 : 0001E518;
6e01 : 0001E520;
6e02 : 0001E52C;
6e03 : 0001E538;
6e04 : 0001E544;
6e05 : 0001E550;
6e06 : 0001E560;
6e07 : 0001E570;
6e08 : 0001E584;
6e09 : 0001112C;
6e0a : 00013440;
6e0b : 0000FCBC;
6e0c : 000132E4;
6e0d : 00013194;
6e0e : 00014E3C;
6e0f : 00013028;
6e10 : 00014CD0;
6e11 : 00012FC0;
6e12 : 63707277;
6e13 : 6D69745F;
6e14 : 64615F65;
6e15 : 7473756A;
6e16 : 66666F5F;
6e17 : 00746573;
6e18 : 63707277;
6e19 : 6D69745F;
6e1a : 64615F65;
6e1b : 7473756A;
6e1c : 00000000;
6e1d : 63707277;
6e1e : 6D69745F;
6e1f : 65735F65;
6e20 : 00000074;
6e21 : 63707277;
6e22 : 6D69745F;
6e23 : 65675F65;
6e24 : 00000074;
6e25 : 00B800A8;
6e26 : 00D800C8;
6e27 : 00F800E8;
6e28 : 745F7369;
6e29 : 73656D69;
6e2a : 706D6174;
6e2b : 636E695F;
6e2c : 6572726F;
6e2d : 745F7463;
6e2e : 73657268;
6e2f : 00000000;
6e30 : 755F7277;
6e31 : 6361706E;
6e32 : 6E615F6B;
6e33 : 6E756F6E;
6e34 : 00006563;
6e35 : 705F7277;
6e36 : 5F6B6361;
6e37 : 6F6E6E61;
6e38 : 65636E75;
6e39 : 00000000;
6e3a : 685F7277;
6e3b : 6C646E61;
6e3c : 72645F65;
6e3d : 00007165;
6e3e : 1E1F1C1F;
6e3f : 1F1F1E1F;
6e40 : 1F1E1F1E;
6e41 : 1E1F1D1F;
6e42 : 1F1F1E1F;
6e43 : 1F1E1F1E;
6e44 : 006E614A;
6e45 : 00626546;
6e46 : 0072614D;
6e47 : 00727041;
6e48 : 0079614D;
6e49 : 006E754A;
6e4a : 006C754A;
6e4b : 00677541;
6e4c : 00706553;
6e4d : 0074634F;
6e4e : 00766F4E;
6e4f : 00636544;
6e50 : 006E7553;
6e51 : 006E6F4D;
6e52 : 00657554;
6e53 : 00646557;
6e54 : 00756854;
6e55 : 00697246;
6e56 : 00746153;
6e57 : 0001CA1C;
6e58 : 0001E818;
6e59 : 0001E820;
6e5a : 0001E828;
6e5b : 3F3F3F3F;
6e5c : 3F3F3F3F;
6e5d : 003F3F3F;
6e5e : 0001E74C;
6e5f : 0001E754;
6e60 : 0001E758;
6e61 : 0001E86C;
6e62 : 735F7277;
6e63 : 65746174;
6e64 : 6168635F;
6e65 : 0065676E;
6e66 : 5F687277;
6e67 : 76726573;
6e68 : 6E695F6F;
6e69 : 00007469;
6e6a : 00000000;
6e6b : 00000000;
6e6c : 00000000;
6e6d : 00000000;
6e6e : 00000000;
6e6f : 00000000;
6e70 : 00000000;
6e71 : 00000000;
6e72 : 00000000;
6e73 : 00000000;
6e74 : 00000000;
6e75 : 000166DC;
6e76 : 00000000;
6e77 : 00000000;
6e78 : 00000000;
6e79 : 00000000;
6e7a : 00000000;
6e7b : 00000000;
6e7c : 00000000;
6e7d : 00000000;
6e7e : 00000000;
6e7f : 00000000;
6e80 : 00000000;
6e81 : 0001679C;
6e82 : 0000C610;
6e83 : 695F7070;
6e84 : 6974696E;
6e85 : 7A696C61;
6e86 : 00676E69;
6e87 : 625F7277;
6e88 : 5F61636D;
6e89 : 00003173;
6e8a : 00191B01;
6e8b : 00000000;
6e8c : 00000000;
6e8d : 0101002C;
6e8e : 00000100;
6e8f : 00000001;
6e90 : 0101002C;
6e91 : 00007F01;
6e92 : 00000002;
6e93 : 02010036;
6e94 : 00007F05;
6e95 : 00000003;
6e96 : 02010036;
6e97 : 00007F05;
6e98 : 00000008;
6e99 : 0100002C;
6e9a : 00000102;
6e9b : 00000009;
6e9c : 01000036;
6e9d : 00000203;
6e9e : 0000000A;
6e9f : 02000036;
6ea0 : 00007F05;
6ea1 : 0000000B;
6ea2 : 01000040;
6ea3 : 00000005;
6ea4 : 0000000C;
6ea5 : 0100FFFF;
6ea6 : 00007F05;
6ea7 : 0000000C;
6ea8 : 0200FFFF;
6ea9 : 00007F05;
6eaa : 0000000D;
6eab : 0100FFFF;
6eac : 00007F04;
6ead : 00000000;
6eae : 1B010000;
6eaf : 00000019;
6eb0 : 00C28001;
6eb1 : 00000E00;
6eb2 : 63707277;
6eb3 : 74656E5F;
6eb4 : 6E65735F;
6eb5 : 00000064;
6eb6 : 0001E74C;
6eb7 : 0001E754;
6eb8 : 0001E758;
6eb9 : 0001E760;
6eba : 0001E768;
6ebb : 76616C73;
6ebc : 61685F65;
6ebd : 656C646E;
6ebe : 6C6F665F;
6ebf : 75776F6C;
6ec0 : 00000070;
6ec1 : 76616C73;
6ec2 : 61685F65;
6ec3 : 656C646E;
6ec4 : 6E79735F;
6ec5 : 00000063;
6ec6 : 685F7277;
6ec7 : 6C646E61;
6ec8 : 79735F65;
6ec9 : 0000636E;
6eca : 685F7277;
6ecb : 6C646E61;
6ecc : 6F665F65;
6ecd : 776F6C6C;
6ece : 00007075;
6ecf : 00000000;
6ed0 : 00012C84;
6ed1 : 00000000;
6ed2 : 00000000;
6ed3 : 00000000;
6ed4 : 00000000;
6ed5 : 00000000;
6ed6 : 00000000;
6ed7 : 00000000;
6ed8 : 00000000;
6ed9 : 00000000;
6eda : 000167FC;
6edb : 0000C610;
6edc : 76616C73;
6edd : 61685F65;
6ede : 656C646E;
6edf : 7365725F;
6ee0 : 736E6F70;
6ee1 : 00000065;
6ee2 : 685F7277;
6ee3 : 6C646E61;
6ee4 : 65725F65;
6ee5 : 00007073;
6ee6 : 72775F5F;
6ee7 : 65735F68;
6ee8 : 5F6F7672;
6ee9 : 61647075;
6eea : 00006574;
6eeb : 72775F5F;
6eec : 65735F68;
6eed : 5F6F7672;
6eee : 61647075;
6eef : 00006574;
6ef0 : 745F7070;
6ef1 : 5F656D69;
6ef2 : 64726168;
6ef3 : 69726177;
6ef4 : 0000657A;
6ef5 : 0001CA18;
6ef6 : 0001E73C;
6ef7 : 0001CA1C;
6ef8 : 0001E744;
6ef9 : 00000050;
6efa : 0001E6F4;
6efb : 00000057;
6efc : 0001E6F8;
6efd : 0001E5E4;
6efe : 0001E5E8;
6eff : 0001E5EC;
6f00 : 0001E5F0;
6f01 : 00000000;
6f02 : 0001E67C;
6f03 : 0001E688;
6f04 : 0001E694;
6f05 : 0001E6A0;
6f06 : 0001E6AC;
6f07 : 0001E6B8;
6f08 : 0001E6C4;
6f09 : 0001E6D0;
6f0a : 0001E6DC;
6f0b : 0001E6E8;
6f0c : 00000000;
6f0d : 0001E61C;
6f0e : 0001D994;
6f0f : 0001E628;
6f10 : 0001E634;
6f11 : 0001E640;
6f12 : 0001E64C;
6f13 : 0001E658;
6f14 : 0001E664;
6f15 : 0001E670;
6f16 : 00000000;
6f17 : 0001E5F4;
6f18 : 0001E5FC;
6f19 : 0001E604;
6f1a : 0001E60C;
6f1b : 0001E614;
6f1c : 5F636D62;
6f1d : 6F706F74;
6f1e : 79676F6C;
6f1f : 706D635F;
6f20 : 00000000;
6f21 : 5F636D62;
6f22 : 635F6D67;
6f23 : 0000706D;
6f24 : 5F636D62;
6f25 : 61746164;
6f26 : 5F746573;
6f27 : 00706D63;
6f28 : 5F636D62;
6f29 : 5F646461;
6f2a : 6E677266;
6f2b : 73616D5F;
6f2c : 00726574;
6f2d : 76616C73;
6f2e : 61685F65;
6f2f : 656C646E;
6f30 : 6E6E615F;
6f31 : 636E756F;
6f32 : 00000065;
6f33 : 0001210C;
6f34 : 00000000;
6f35 : 00000000;
6f36 : 00000000;
6f37 : 00000000;
6f38 : 00000000;
6f39 : 00000000;
6f3a : 00000000;
6f3b : 00011FD8;
6f3c : 000143D4;
6f3d : 00000000;
6f3e : 00016620;
6f3f : 0000C610;
6f40 : 00017CB0;
6f41 : 00017D20;
6f42 : 00017E9C;
6f43 : 00017E9C;
6f44 : 00017E9C;
6f45 : 00017E9C;
6f46 : 00017E9C;
6f47 : 00017E9C;
6f48 : 00017D40;
6f49 : 00017D60;
6f4a : 00017E9C;
6f4b : 00017D9C;
6f4c : 00017E74;
6f4d : 00000000;
6f4e : 00300008;
6f4f : 0001F280;
6f50 : 0001D98C;
6f51 : 0001D980;
6f52 : 0001D968;
6f53 : 0001DC14;
6f54 : 0001F290;
6f55 : 0001F25C;
6f56 : 0001F268;
6f57 : 0001F274;
6f58 : 0001F1C8;
6f59 : 00000003;
6f5a : 0001F1D0;
6f5b : 00000003;
6f5c : 0001F1DC;
6f5d : 00000000;
6f5e : 0001F1E0;
6f5f : 00000003;
6f60 : 0001F1EC;
6f61 : 00000003;
6f62 : 0001F1F8;
6f63 : 00000003;
6f64 : 0001F200;
6f65 : 00000001;
6f66 : 0001F20C;
6f67 : 00000001;
6f68 : 0001F218;
6f69 : 00000000;
6f6a : 0001F224;
6f6b : 00000001;
6f6c : 0001F230;
6f6d : 00000001;
6f6e : 0001F23C;
6f6f : 00000001;
6f70 : 00000000;
6f71 : 0001F1A0;
6f72 : 0001F1A8;
6f73 : 0001EFE8;
6f74 : 0001F1B4;
6f75 : 0001F1BC;
6f76 : 0001D298;
6f77 : 0001F1C4;
6f78 : 00000106;
6f79 : C71D2107;
6f7a : 010101A0;
6f7b : 0001F244;
6f7c : C71DFEBB;
6f7d : 000001A0;
6f7e : 0001F250;
6f7f : 000000C1;
6f80 : C71DFEC1;
6f81 : 000000A0;
6f82 : 0001F244;
6f83 : C71DFEC1;
6f84 : 000000A0;
6f85 : 0001F250;
6f86 : 5F636D62;
6f87 : 636C6163;
6f88 : 74616C75;
6f89 : 62655F65;
6f8a : 00747365;
6f8b : 5F636D62;
6f8c : 5F796E61;
6f8d : 74726F70;
6f8e : 696E695F;
6f8f : 6C616974;
6f90 : 6E697A69;
6f91 : 00000067;
6f92 : 5F636D62;
6f93 : 73756C66;
6f94 : 72665F68;
6f95 : 6D5F6E67;
6f96 : 65747361;
6f97 : 00000072;
6f98 : 5F636D62;
6f99 : 61647075;
6f9a : 655F6574;
6f9b : 74736562;
6f9c : 00000000;
6f9d : 745F7070;
6f9e : 6F656D69;
6f9f : 695F7475;
6fa0 : 0074696E;
6fa1 : 00008190;
6fa2 : 00008244;
6fa3 : 00008084;
6fa4 : 00000000;
6fa5 : 00000100;
6fa6 : 00000200;
6fa7 : 00000300;
6fa8 : 00170000;
6fa9 : 002E0000;
6faa : 00600000;
6fab : FFFFFFFF;
6fac : 00011414;
6fad : 0000C744;
6fae : 00011D84;
6faf : 0001155C;
6fb0 : 00000000;
6fb1 : 0000C7AC;
6fb2 : 0000C790;
6fb3 : 0000C780;
6fb4 : 0000E3F8;
6fb5 : 0000E364;
6fb6 : 0000E30C;
6fb7 : 0000E288;
6fb8 : 00000000;
6fb9 : 00000000;
6fba : 0000C770;
6fbb : 00017078;
6fbc : 00016B40;
6fbd : 00000000;
6fbe : 00000000;
6fbf : 00000000;
6fc0 : 00000000;
6fc1 : 00000000;
6fc2 : 00000000;
6fc3 : 00000000;
6fc4 : 00000000;
6fc5 : 00000000;
6fc6 : 00000000;
6fc7 : 00000001;
6fc8 : 00000001;
6fc9 : 00000003;
6fca : 00000000;
6fcb : 00000000;
6fcc : 00000000;
6fcd : 00000000;
6fce : 00000000;
6fcf : 00000000;
6fd0 : 00000000;
6fd1 : 00000000;
6fd2 : 00000000;
6fd3 : 00000000;
6fd4 : 00000000;
6fd5 : 00000000;
6fd6 : 00000000;
6fd7 : 00000000;
6fd8 : 00000007;
6fd9 : 00000000;
6fda : 0000E8F8;
6fdb : 0000E234;
6fdc : 00000000;
6fdd : 00000000;
6fde : 00010084;
6fdf : 00014568;
6fe0 : 00000000;
6fe1 : 00012318;
6fe2 : 00012374;
6fe3 : 00000000;
6fe4 : 00000000;
6fe5 : 00000000;
6fe6 : 0000E874;
6fe7 : 0000E744;
6fe8 : 0000E5C4;
6fe9 : 0000C708;
6fea : 00000000;
6feb : 0000FE48;
6fec : 0000E104;
6fed : 0000FFB4;
6fee : 0000C6D4;
6fef : 0000C6D4;
6ff0 : 0000C6CC;
6ff1 : 0000C6E0;
6ff2 : 0000E8D4;
6ff3 : 0000C698;
6ff4 : 00011294;
6ff5 : 02020100;
6ff6 : 03030303;
6ff7 : 04040404;
6ff8 : 04040404;
6ff9 : 05050505;
6ffa : 05050505;
6ffb : 05050505;
6ffc : 05050505;
6ffd : 06060606;
6ffe : 06060606;
6fff : 06060606;
7000 : 06060606;
7001 : 06060606;
7002 : 06060606;
7003 : 06060606;
7004 : 06060606;
7005 : 07070707;
7006 : 07070707;
7007 : 07070707;
7008 : 07070707;
7009 : 07070707;
700a : 07070707;
700b : 07070707;
700c : 07070707;
700d : 07070707;
700e : 07070707;
700f : 07070707;
7010 : 07070707;
7011 : 07070707;
7012 : 07070707;
7013 : 07070707;
7014 : 07070707;
7015 : 08080808;
7016 : 08080808;
7017 : 08080808;
7018 : 08080808;
7019 : 08080808;
701a : 08080808;
701b : 08080808;
701c : 08080808;
701d : 08080808;
701e : 08080808;
701f : 08080808;
7020 : 08080808;
7021 : 08080808;
7022 : 08080808;
7023 : 08080808;
7024 : 08080808;
7025 : 08080808;
7026 : 08080808;
7027 : 08080808;
7028 : 08080808;
7029 : 08080808;
702a : 08080808;
702b : 08080808;
702c : 08080808;
702d : 08080808;
702e : 08080808;
702f : 08080808;
7030 : 08080808;
7031 : 08080808;
7032 : 08080808;
7033 : 08080808;
7034 : 08080808;
7035 : 4C554E3C;
7036 : 00003E4C;
7037 : 67616964;
7038 : 6D73662D;
7039 : 252D312D;
703a : 25203A73;
703b : 2E643930;
703c : 64333025;
703d : 0000203A;
703e : 5641454C;
703f : 73252045;
7040 : 656E2820;
7041 : 203A7478;
7042 : 29693325;
7043 : 00000A0A;
7044 : 656C6966;
7045 : 656D616E;
7046 : 7325203A;
7047 : 6966203B;
7048 : 3A747372;
7049 : 3B782520;
704a : 73616C20;
704b : 25203A74;
704c : 00000A78;
704d : 6D726F46;
704e : 69747461;
704f : 5320676E;
7050 : 53464244;
7051 : 61622820;
7052 : 30206573;
7053 : 38302578;
7054 : 73202C78;
7055 : 20657A69;
7056 : 30257830;
7057 : 2E297838;
7058 : 000A2E2E;
7059 : 69726556;
705a : 61636966;
705b : 6E6F6974;
705c : 0A2E2E2E;
705d : 00000000;
705e : 6F727245;
705f : 000A2E72;
7060 : 0A2E4B4F;
7061 : 00000000;
7062 : 3A706673;
7063 : 726F6320;
7064 : 74707572;
7065 : 63206465;
7066 : 6B636568;
7067 : 0A6D7573;
7068 : 00000000;
7069 : 69646441;
706a : 6E20676E;
706b : 53207765;
706c : 65205046;
706d : 7972746E;
706e : 0000000A;
706f : 61647055;
7070 : 65206574;
7071 : 74736978;
7072 : 20676E69;
7073 : 20504653;
7074 : 72746E65;
7075 : 00000A79;
7076 : 6C756F43;
7077 : 6F6E2064;
7078 : 72652074;
7079 : 20657361;
707a : 000A4244;
707b : 53545852;
707c : 6C616320;
707d : 61726269;
707e : 6E6F6974;
707f : 72726520;
7080 : 0A2E726F;
7081 : 00000000;
7082 : 74696157;
7083 : 20676E69;
7084 : 20726F66;
7085 : 6B6E696C;
7086 : 0A2E2E2E;
7087 : 00000000;
7088 : 6B636F4C;
7089 : 20676E69;
708a : 2E4C4C50;
708b : 000A2E2E;
708c : 696C6143;
708d : 74617262;
708e : 20676E69;
708f : 74205852;
7090 : 73656D69;
7091 : 706D6174;
7092 : 2E2E7265;
7093 : 00000A2E;
7094 : 6E6F7257;
7095 : 46532067;
7096 : 68632050;
7097 : 736B6365;
7098 : 25206D75;
7099 : 00000A73;
709a : 63746566;
709b : 676E6968;
709c : 61696420;
709d : 77725F67;
709e : 726F775F;
709f : 000A7364;
70a0 : 63746566;
70a1 : 676E6968;
70a2 : 61696420;
70a3 : 6F725F67;
70a4 : 726F775F;
70a5 : 000A7364;
70a6 : 63657845;
70a7 : 20657475;
70a8 : 6D6D6F63;
70a9 : 20646E61;
70aa : 6D6F7266;
70ab : 4D4E5320;
70ac : 22203A50;
70ad : 0A227325;
70ae : 00000000;
70af : 504D4E53;
70b0 : 6D65203A;
70b1 : 20797470;
70b2 : 74696E69;
70b3 : 6E696C20;
70b4 : 00000A65;
70b5 : 504D4E53;
70b6 : 4653203A;
70b7 : 70752050;
70b8 : 65746164;
70b9 : 6E692064;
70ba : 6D656D20;
70bb : 2C79726F;
70bc : 73657220;
70bd : 74726174;
70be : 50545020;
70bf : 0000000A;
70c0 : 6E726157;
70c1 : 3A676E69;
70c2 : 6E694D20;
70c3 : 40206369;
70c4 : 72207825;
70c5 : 69656365;
70c6 : 20646576;
70c7 : 6F727265;
70c8 : 756F656E;
70c9 : 72662073;
70ca : 2C656D61;
70cb : 0A782520;
70cc : 00000000;
70cd : 6E726157;
70ce : 3A676E69;
70cf : 6E694D20;
70d0 : 52206369;
70d1 : 69662078;
70d2 : 66206F66;
70d3 : 2C6C6C75;
70d4 : 70786520;
70d5 : 20746365;
70d6 : 6E6F7277;
70d7 : 72662067;
70d8 : 73656D61;
70d9 : 0000000A;
70da : 41564E49;
70db : 0044494C;
70dc : 3A6B6E6C;
70dd : 72206425;
70de : 64253A78;
70df : 3A787420;
70e0 : 00206425;
70e1 : 6B636F6C;
70e2 : 2064253A;
70e3 : 00000000;
70e4 : 3A707470;
70e5 : 00207325;
70e6 : 253A7673;
70e7 : 00002064;
70e8 : 273A7373;
70e9 : 20277325;
70ea : 00000000;
70eb : 25787561;
70ec : 30253A64;
70ed : 30257838;
70ee : 00207838;
70ef : 3A636573;
70f0 : 6E206425;
70f1 : 3A636573;
70f2 : 64393025;
70f3 : 00000020;
70f4 : 253A756D;
70f5 : 0020644C;
70f6 : 3A736D64;
70f7 : 20644C25;
70f8 : 00000000;
70f9 : 6D787464;
70fa : 2064253A;
70fb : 6D787264;
70fc : 2064253A;
70fd : 00000000;
70fe : 73787464;
70ff : 2064253A;
7100 : 73787264;
7101 : 2064253A;
7102 : 00000000;
7103 : 6D797361;
7104 : 644C253A;
7105 : 00000020;
7106 : 74747263;
7107 : 644C253A;
7108 : 00000020;
7109 : 3A6F6B63;
710a : 00206425;
710b : 70746573;
710c : 2064253A;
710d : 00000000;
710e : 746E6375;
710f : 2064253A;
7110 : 00000000;
7111 : 696C7362;
7112 : 253A6564;
7113 : 00002064;
7114 : 3A736573;
7115 : 00207525;
7116 : 3A6F6573;
7117 : 00207525;
7118 : 72646573;
7119 : 2075253A;
711a : 00000000;
711b : 253A6468;
711c : 646D2064;
711d : 2064253A;
711e : 253A6461;
711f : 00002064;
7120 : 203A7325;
7121 : 73206F6E;
7122 : 656B636F;
7123 : 6C732074;
7124 : 2073746F;
7125 : 7466656C;
7126 : 0000000A;
7127 : 00307277;
7128 : 70646C6C;
7129 : 64707520;
712a : 0A657461;
712b : 00000000;
712c : 6E726157;
712d : 3A676E69;
712e : 20787420;
712f : 656D6974;
7130 : 6D617473;
7131 : 656E2070;
7132 : 20726576;
7133 : 61636562;
7134 : 6120656D;
7135 : 6C696176;
7136 : 656C6261;
7137 : 0000000A;
7138 : 6E726157;
7139 : 3A676E69;
713a : 20787420;
713b : 20746F6E;
713c : 6D726574;
713d : 74616E69;
713e : 69206465;
713f : 6E69666E;
7140 : 20657469;
7141 : 3D72636D;
7142 : 78257830;
7143 : 0000000A;
7144 : 63736944;
7145 : 7265766F;
7146 : 49206465;
7147 : 64612050;
7148 : 73657264;
7149 : 25282073;
714a : 64252E64;
714b : 2E64252E;
714c : 21296425;
714d : 0000000A;
714e : 56434552;
714f : 32302520;
7150 : 79622064;
7151 : 20736574;
7152 : 25207461;
7153 : 252E6439;
7154 : 2E643930;
7155 : 64333025;
7156 : 79742820;
7157 : 25206570;
7158 : 25202C78;
7159 : 000A2973;
715a : 45544E45;
715b : 73252052;
715c : 6170202C;
715d : 74656B63;
715e : 6E656C20;
715f : 0A692520;
7160 : 00000000;
7161 : 6E6F7257;
7162 : 6F642067;
7163 : 6E69616D;
7164 : 3A692520;
7165 : 73696420;
7166 : 64726163;
7167 : 0000000A;
7168 : 65746C41;
7169 : 74616E72;
716a : 616D2065;
716b : 72657473;
716c : 6964203A;
716d : 72616373;
716e : 00000A64;
716f : 706F6F4C;
7170 : 20676E69;
7171 : 6D617266;
7172 : 64203A65;
7173 : 61637369;
7174 : 000A6472;
7175 : 206D7366;
7176 : 20726F66;
7177 : 203A7325;
7178 : 6F727245;
7179 : 69252072;
717a : 206E6920;
717b : 000A7325;
717c : 74746542;
717d : 4D207265;
717e : 65747361;
717f : 6E6F2072;
7180 : 6D617320;
7181 : 6C432065;
7182 : 206B636F;
7183 : 74726F50;
7184 : 00644920;
7185 : 203A7325;
7186 : 252E7325;
7187 : 0A783430;
7188 : 00000000;
7189 : 696B6154;
718a : 7220676E;
718b : 206C6165;
718c : 73656245;
718d : 74612074;
718e : 726F7020;
718f : 69252074;
7190 : 726F6620;
7191 : 6E676965;
7192 : 73616D20;
7193 : 20726574;
7194 : 252F6925;
7195 : 00000A69;
7196 : 72206F4E;
7197 : 206C6165;
7198 : 73656245;
7199 : 00000A74;
719a : 203A7325;
719b : 73736170;
719c : 20657669;
719d : 000A3170;
719e : 203A7325;
719f : 7473616D;
71a0 : 6D207265;
71a1 : 00000A32;
71a2 : 203A7325;
71a3 : 6F727265;
71a4 : 00000A72;
71a5 : 203A7325;
71a6 : 73736170;
71a7 : 20657669;
71a8 : 000A3270;
71a9 : 203A7325;
71aa : 7473616D;
71ab : 6D207265;
71ac : 00000A31;
71ad : 62616E45;
71ae : 7420656C;
71af : 6E696D69;
71b0 : 756F2067;
71b1 : 74757074;
71b2 : 72472820;
71b3 : 20646E61;
71b4 : 7473616D;
71b5 : 62207265;
71b6 : 4D422079;
71b7 : 0A294143;
71b8 : 00000000;
71b9 : 203A7325;
71ba : 7473616D;
71bb : 6D207265;
71bc : 00000A33;
71bd : 203A7325;
71be : 76616C73;
71bf : 31732065;
71c0 : 0000000A;
71c1 : 2077656E;
71c2 : 65726F66;
71c3 : 206E6769;
71c4 : 7473616D;
71c5 : 202C7265;
71c6 : 6E616863;
71c7 : 74206567;
71c8 : 6E75206F;
71c9 : 696C6163;
71ca : 74617262;
71cb : 000A6465;
71cc : 203A7325;
71cd : 6E656572;
71ce : 20726574;
71cf : 25206E69;
71d0 : 736D2069;
71d1 : 0000000A;
71d2 : 74696E69;
71d3 : 696C6169;
71d4 : 676E697A;
71d5 : 00000000;
71d6 : 6C756166;
71d7 : 00007974;
71d8 : 61736964;
71d9 : 64656C62;
71da : 00000000;
71db : 7473696C;
71dc : 6E696E65;
71dd : 00000067;
71de : 2D657270;
71df : 7473616D;
71e0 : 00007265;
71e1 : 73736170;
71e2 : 00657669;
71e3 : 61636E75;
71e4 : 7262696C;
71e5 : 64657461;
71e6 : 00000000;
71e7 : 76616C73;
71e8 : 00000065;
71e9 : 63736261;
71ea : 00006C61;
71eb : 636E7973;
71ec : 00000000;
71ed : 616C6564;
71ee : 65725F79;
71ef : 00000071;
71f0 : 6C656470;
71f1 : 725F7961;
71f2 : 00007165;
71f3 : 6C656470;
71f4 : 725F7961;
71f5 : 00707365;
71f6 : 616C6564;
71f7 : 65725F79;
71f8 : 00007073;
71f9 : 6C656470;
71fa : 725F7961;
71fb : 5F707365;
71fc : 6C6C6F66;
71fd : 755F776F;
71fe : 00000070;
71ff : 6F6E6E61;
7200 : 65636E75;
7201 : 00000000;
7202 : 6E676973;
7203 : 6E696C61;
7204 : 00000067;
7205 : 616E616D;
7206 : 656D6567;
7207 : 0000746E;
7208 : 64255B1B;
7209 : 6664253B;
720a : 00000000;
720b : 25305B1B;
720c : 25333B64;
720d : 00006D64;
720e : 49535050;
720f : 72657620;
7210 : 69736F62;
7211 : 203A7974;
7212 : 6C383025;
7213 : 00000A78;
7214 : 203A7325;
7215 : 6F727265;
7216 : 61702072;
7217 : 6E697372;
7218 : 25222067;
7219 : 000A2273;
721a : 4A325B1B;
721b : 3B315B1B;
721c : 00004831;
721d : 000A7525;
721e : 65736572;
721f : 00000074;
7220 : 0078616D;
7221 : 6E697270;
7222 : 61745F74;
7223 : 745F6B73;
7224 : 5F656D69;
7225 : 65726874;
7226 : 6C6F6873;
7227 : 64252064;
7228 : 0000000A;
7229 : 65746920;
722a : 69746172;
722b : 20736E6F;
722c : 20202020;
722d : 6F636573;
722e : 2E73646E;
722f : 7263696D;
7230 : 2020736F;
7231 : 616D2020;
7232 : 736D5F78;
7233 : 6D616E20;
7234 : 00000A65;
7235 : 39252020;
7236 : 2020696C;
7237 : 6C392520;
7238 : 30252E69;
7239 : 20696C36;
723a : 646C3925;
723b : 0A732520;
723c : 00000000;
723d : 43205257;
723e : 2065726F;
723f : 6C697562;
7240 : 25203A64;
7241 : 75282073;
7242 : 7075736E;
7243 : 74726F70;
7244 : 64206465;
7245 : 6C657665;
7246 : 7265706F;
7247 : 69756220;
7248 : 0A29646C;
7249 : 00000000;
724a : 65746544;
724b : 6E696D72;
724c : 69747369;
724d : 69622063;
724e : 7972616E;
724f : 69756220;
7250 : 000A646C;
7251 : 43534952;
7252 : 00000056;
7253 : 6C697542;
7254 : 6F662074;
7255 : 73252072;
7256 : 6425202C;
7257 : 20426B20;
7258 : 2C4D4152;
7259 : 61747320;
725a : 69206B63;
725b : 64252073;
725c : 74796220;
725d : 000A7365;
725e : 4E524157;
725f : 3A474E49;
7260 : 72616820;
7261 : 72617764;
7262 : 61732065;
7263 : 25207379;
7264 : 20426B69;
7265 : 52203D3C;
7266 : 3C204D41;
7267 : 6B692520;
7268 : 00000A42;
7269 : 69617641;
726a : 6C62616C;
726b : 6F632065;
726c : 6E616D6D;
726d : 0A3A7364;
726e : 00000000;
726f : 67617375;
7270 : 000A3A65;
7271 : 20732520;
7272 : 000A7325;
7273 : 64256325;
7274 : 3130252E;
7275 : 756C6C38;
7276 : 00000000;
7277 : 6C256325;
7278 : 252E646C;
7279 : 00643330;
727a : 64257325;
727b : 3930252E;
727c : 33302564;
727d : 00000064;
727e : 6E492D2D;
727f : 72726F63;
7280 : 2D746365;
7281 : 0000002D;
7282 : 73207325;
7283 : 00006365;
7284 : 6E207325;
7285 : 00002073;
7286 : 00746567;
7287 : 00746573;
7288 : 28206925;
7289 : 22732522;
728a : 756F2029;
728b : 666F2074;
728c : 6E617220;
728d : 000A6567;
728e : 0066666F;
728f : 72727563;
7290 : 20746E65;
7291 : 6E616C76;
7292 : 6925203A;
7293 : 78302820;
7294 : 0A297825;
7295 : 00000000;
7296 : 72466E55;
7297 : 697A6565;
7298 : 5320676E;
7299 : 204C4C50;
729a : 73616870;
729b : 68732065;
729c : 65746669;
729d : 00000A72;
729e : 65657246;
729f : 676E697A;
72a0 : 4C505320;
72a1 : 6870204C;
72a2 : 20657361;
72a3 : 66696873;
72a4 : 20726574;
72a5 : 70207461;
72a6 : 65736168;
72a7 : 20642520;
72a8 : 000A7370;
72a9 : 65657246;
72aa : 676E697A;
72ab : 4C505320;
72ac : 6870204C;
72ad : 20657361;
72ae : 66696873;
72af : 00726574;
72b0 : 65657246;
72b1 : 676E697A;
72b2 : 4C505320;
72b3 : 4356204C;
72b4 : 6F63204F;
72b5 : 6F72746E;
72b6 : 0000006C;
72b7 : 62616E65;
72b8 : 7020656C;
72b9 : 63617274;
72ba : 2072656B;
72bb : 000A6425;
72bc : 61727470;
72bd : 25206B63;
72be : 65203A64;
72bf : 6425206E;
72c0 : 20646920;
72c1 : 72206425;
72c2 : 79646165;
72c3 : 20642520;
72c4 : 73616870;
72c5 : 64252065;
72c6 : 64252820;
72c7 : 29737020;
72c8 : 67766120;
72c9 : 0A642520;
72ca : 00000000;
72cb : 6D726F46;
72cc : 69747461;
72cd : 7520676E;
72ce : 676E6973;
72cf : 00000020;
72d0 : 61666564;
72d1 : 20746C75;
72d2 : 61636F6C;
72d3 : 6E6F6974;
72d4 : 0000000A;
72d5 : 61636F6C;
72d6 : 6E6F6974;
72d7 : 25783020;
72d8 : 00000A58;
72d9 : 73617245;
72da : 20676E69;
72db : 6E697375;
72dc : 00002067;
72dd : 66626473;
72de : 6E6F2073;
72df : 0A732520;
72e0 : 00000000;
72e1 : 53206F6E;
72e2 : 53464244;
72e3 : 0000000A;
72e4 : 656C6966;
72e5 : 25783020;
72e6 : 20783830;
72e7 : 30252040;
72e8 : 252D7838;
72e9 : 2C783830;
72ea : 6D616E20;
72eb : 31252065;
72ec : 000A7339;
72ed : 6E756F46;
72ee : 68702064;
72ef : 20657361;
72f0 : 6E617274;
72f1 : 69746973;
72f2 : 69206E6F;
72f3 : 4545206E;
72f4 : 4D4F5250;
72f5 : 6425203A;
72f6 : 000A7370;
72f7 : 7361654D;
72f8 : 6E697275;
72f9 : 32742067;
72fa : 2034742F;
72fb : 73616870;
72fc : 72742065;
72fd : 69736E61;
72fe : 6E6F6974;
72ff : 0A2E2E2E;
7300 : 00000000;
7301 : 74746553;
7302 : 20676E69;
7303 : 696C6163;
7304 : 74617262;
7305 : 206E6F69;
7306 : 61726170;
7307 : 6574656D;
7308 : 73252072;
7309 : 78305B20;
730a : 205D7825;
730b : 25206F74;
730c : 00000A64;
730d : 6B6E553C;
730e : 6E776F6E;
730f : 0000003E;
7310 : 74666F73;
7311 : 3A6C6C70;
7312 : 646F6D20;
7313 : 64253A65;
7314 : 71657320;
7315 : 2073253A;
7316 : 65725F6E;
7317 : 64252066;
7318 : 6F5F6E20;
7319 : 25207475;
731a : 00000A64;
731b : 73717269;
731c : 2064253A;
731d : 67696C61;
731e : 6E656D6E;
731f : 74735F74;
7320 : 3A657461;
7321 : 48206425;
7322 : 2064254C;
7323 : 64254C4D;
7324 : 3D594820;
7325 : 4D206425;
7326 : 64253D59;
7327 : 6C654420;
7328 : 3D746E43;
7329 : 73206425;
732a : 6F707465;
732b : 3A746E69;
732c : 72206425;
732d : 6E636665;
732e : 64253A74;
732f : 67617420;
7330 : 3A746E63;
7331 : 68206425;
7332 : 3A706B5F;
7333 : 68206425;
7334 : 3A696B5F;
7335 : 68206425;
7336 : 6968735F;
7337 : 253A7466;
7338 : 00002064;
7339 : 706B5F6D;
733a : 2064253A;
733b : 696B5F6D;
733c : 2064253A;
733d : 68735F6D;
733e : 3A746669;
733f : 68206425;
7340 : 636F6C5F;
7341 : 75645F6B;
7342 : 69746172;
7343 : 253A6E6F;
7344 : 5F6D2064;
7345 : 71657266;
7346 : 636F6C5F;
7347 : 75645F6B;
7348 : 69746172;
7349 : 253A6E6F;
734a : 5F6D2064;
734b : 73616870;
734c : 6F6C5F65;
734d : 645F6B63;
734e : 74617275;
734f : 3A6E6F69;
7350 : 00006425;
7351 : 69616720;
7352 : 63735F6E;
7353 : 3A646568;
7354 : 252F6425;
7355 : 00000064;
7356 : 74666F73;
7357 : 3A6C6C70;
7358 : 58554120;
7359 : 203A6425;
735a : 25206870;
735b : 65732064;
735c : 64252071;
735d : 206E6520;
735e : 6C206425;
735f : 206B636F;
7360 : 73206425;
7361 : 6C706D61;
7362 : 25207365;
7363 : 52452064;
7364 : 64253D52;
7365 : 253D5920;
7366 : 00000A64;
7367 : 74666F73;
7368 : 3A6C6C70;
7369 : 72747020;
736a : 656B6361;
736b : 3A642572;
736c : 616E6520;
736d : 64656C62;
736e : 20642520;
736f : 76615F6E;
7370 : 64252067;
7371 : 6C617620;
7372 : 25206575;
7373 : 00000A64;
7374 : 25206425;
7375 : 00000A64;
7376 : 74617473;
7377 : 69747369;
7378 : 6E207363;
7379 : 6F20776F;
737a : 000A6666;
737b : 00737462;
737c : 70206425;
737d : 00000A73;
737e : 20787541;
737f : 67616964;
7380 : 74736F6E;
7381 : 20736369;
7382 : 6F666E69;
7383 : 00000A3A;
7384 : 203A6469;
7385 : 252E6425;
7386 : 72202C64;
7387 : 7720772F;
7388 : 7364726F;
7389 : 6425203A;
738a : 2F72202C;
738b : 6F77206F;
738c : 3A736472;
738d : 0A642520;
738e : 00000000;
738f : 006C6C61;
7390 : 77204F52;
7391 : 2064726F;
7392 : 64332D25;
7393 : 30203D20;
7394 : 38302578;
7395 : 00000A78;
7396 : 77205752;
7397 : 2064726F;
7398 : 64332D25;
7399 : 30203D20;
739a : 38302578;
739b : 00000A78;
739c : 00006F72;
739d : 64726F57;
739e : 20642520;
739f : 30207369;
73a0 : 38302578;
73a1 : 00000A78;
73a2 : 00007772;
73a3 : 00000077;
73a4 : 756C6156;
73a5 : 78302065;
73a6 : 78383025;
73a7 : 69727720;
73a8 : 6E657474;
73a9 : 206F7420;
73aa : 20656874;
73ab : 64726F77;
73ac : 0A642520;
73ad : 00000000;
73ae : 203B7325;
73af : 25207325;
73b0 : 00000A73;
73b1 : 6E6B6E55;
73b2 : 206E776F;
73b3 : 63627573;
73b4 : 616D6D6F;
73b5 : 2220646E;
73b6 : 0A227325;
73b7 : 00000000;
73b8 : 2077656E;
73b9 : 74617473;
73ba : 73252065;
73bb : 0000000A;
73bc : 73205257;
73bd : 65746174;
73be : 454C203A;
73bf : 3D455641;
73c0 : 202C7325;
73c1 : 45544E45;
73c2 : 73253D52;
73c3 : 0000000A;
73c4 : 72746552;
73c5 : 6E6F2079;
73c6 : 6D697420;
73c7 : 74756F65;
73c8 : 0000000A;
73c9 : 6B6F6F68;
73ca : 7325203A;
73cb : 0000000A;
73cc : 203A7325;
73cd : 0A696C25;
73ce : 00000000;
73cf : 6E726157;
73d0 : 3A676E69;
73d1 : 3A732520;
73d2 : 6E616320;
73d3 : 746F6E20;
73d4 : 6A646120;
73d5 : 20747375;
73d6 : 71657266;
73d7 : 6270705F;
73d8 : 696C2520;
73d9 : 0000000A;
73da : 203A7325;
73db : 756C3925;
73dc : 3930252E;
73dd : 000A696C;
73de : 203A7325;
73df : 20642574;
73e0 : 69207369;
73e1 : 726F636E;
73e2 : 74636572;
73e3 : 0000000A;
73e4 : 202C7325;
73e5 : 25207325;
73e6 : 25202C64;
73e7 : 25202C64;
73e8 : 3A643230;
73e9 : 64323025;
73ea : 3230253A;
73eb : 00000064;
73ec : 2D643425;
73ed : 64323025;
73ee : 3230252D;
73ef : 30252D64;
73f0 : 253A6432;
73f1 : 3A643230;
73f2 : 64323025;
73f3 : 00000000;
73f4 : 2B207325;
73f5 : 6E206425;
73f6 : 736F6E61;
73f7 : 6E6F6365;
73f8 : 0A2E7364;
73f9 : 00000000;
73fa : 252E6425;
73fb : 64252E64;
73fc : 0064252E;
73fd : 612D5049;
73fe : 65726464;
73ff : 203A7373;
7400 : 00000000;
7401 : 74206E69;
7402 : 6E696172;
7403 : 0A676E69;
7404 : 00000000;
7405 : 28207325;
7406 : 746F6F62;
7407 : 000A2970;
7408 : 28207325;
7409 : 74617473;
740a : 0A296369;
740b : 00000000;
740c : 276E6163;
740d : 65722074;
740e : 74736967;
740f : 73207265;
7410 : 6C6C6568;
7411 : 6D6F6320;
7412 : 646E616D;
7413 : 73252720;
7414 : 69202C27;
7415 : 6572636E;
7416 : 20657361;
7417 : 4C454853;
7418 : 414D5F4C;
7419 : 4F435F58;
741a : 4E414D4D;
741b : 000A5344;
741c : 35302025;
741d : 0000644C;
741e : 65646F6D;
741f : 00000000;
7420 : 6D6D6F43;
7421 : 20646E61;
7422 : 22732522;
7423 : 7265203A;
7424 : 20726F72;
7425 : 000A6425;
7426 : 65726E55;
7427 : 6E676F63;
7428 : 64657A69;
7429 : 6D6F6320;
742a : 646E616D;
742b : 73252220;
742c : 000A2E22;
742d : 63657865;
742e : 6E697475;
742f : 25203A67;
7430 : 00000A73;
7431 : 6C756F43;
7432 : 6F6E2064;
7433 : 72652074;
7434 : 20657361;
7435 : 74696E69;
7436 : 72637320;
7437 : 0A747069;
7438 : 00000000;
7439 : 6C756F43;
743a : 6F6E2064;
743b : 64612074;
743c : 68742064;
743d : 6F632065;
743e : 6E616D6D;
743f : 00000A64;
7440 : 62202D2D;
7441 : 746C6975;
7442 : 206E692D;
7443 : 69726373;
7444 : 2D207470;
7445 : 00000A2D;
7446 : 706D6528;
7447 : 0A297974;
7448 : 00000000;
7449 : 75202D2D;
744a : 2D726573;
744b : 69666564;
744c : 2064656E;
744d : 69726373;
744e : 2D207470;
744f : 00000A2D;
7450 : 00006325;
7451 : 6F727265;
7452 : 6E692072;
7453 : 6F5F7420;
7454 : 3E2D7370;
7455 : 76726573;
7456 : 6E695F6F;
7457 : 00007469;
7458 : 74696E49;
7459 : 696C6169;
745a : 3A64657A;
745b : 73626F20;
745c : 6972645F;
745d : 25207466;
745e : 0A696C6C;
745f : 00000000;
7460 : 6C756F43;
7461 : 6F6E2064;
7462 : 65672074;
7463 : 54552074;
7464 : 666F2043;
7465 : 74657366;
7466 : 6F726620;
7467 : 7973206D;
7468 : 6D657473;
7469 : 6174202C;
746a : 676E696B;
746b : 66656420;
746c : 746C7561;
746d : 6925203A;
746e : 0000000A;
746f : 2077654E;
7470 : 20435455;
7471 : 7366666F;
7472 : 203A7465;
7473 : 000A6925;
7474 : 6F636552;
7475 : 61726576;
7476 : 20656C62;
7477 : 53205257;
7478 : 434F4C5F;
7479 : 6974204B;
747a : 756F656D;
747b : 72203A74;
747c : 72612D65;
747d : 6C53206D;
747e : 20657661;
747f : 68205257;
7480 : 73646E61;
7481 : 656B6168;
7482 : 0000000A;
7483 : 646E6148;
7484 : 6B616873;
7485 : 61662065;
7486 : 72756C69;
7487 : 6E203A65;
7488 : 6E20776F;
7489 : 772D6E6F;
748a : 73252072;
748b : 0000000A;
748c : 535F5257;
748d : 4B434F4C;
748e : 00000000;
748f : 656D6974;
7490 : 2074756F;
7491 : 69707865;
7492 : 3A646572;
7493 : 0A732520;
7494 : 00000000;
7495 : 252E7325;
7496 : 41203A64;
7497 : 73756A64;
7498 : 68705F74;
7499 : 3A657361;
749a : 0A642520;
749b : 00000000;
749c : 61746144;
749d : 20746573;
749e : 6E207325;
749f : 7120746F;
74a0 : 696C6175;
74a1 : 64656966;
74a2 : 0000000A;
74a3 : 00000041;
74a4 : 20262041;
74a5 : 00000042;
74a6 : 656D6974;
74a7 : 00000000;
74a8 : 6C756F43;
74a9 : 6F6E2064;
74aa : 65672074;
74ab : 54552074;
74ac : 73252043;
74ad : 6F726620;
74ae : 7973206D;
74af : 6D657473;
74b0 : 6174202C;
74b1 : 676E696B;
74b2 : 63657220;
74b3 : 65766965;
74b4 : 6C662064;
74b5 : 0A736761;
74b6 : 00000000;
74b7 : 72707041;
74b8 : 6863616F;
74b9 : 20676E69;
74ba : 6E64696D;
74bb : 74686769;
74bc : 6F6E202C;
74bd : 70752074;
74be : 69746164;
74bf : 6C20676E;
74c0 : 20706165;
74c1 : 67616C66;
74c2 : 00000A73;
74c3 : 6C756F43;
74c4 : 6F6E2064;
74c5 : 65672074;
74c6 : 54552074;
74c7 : 666F2043;
74c8 : 74657366;
74c9 : 6F726620;
74ca : 7973206D;
74cb : 6D657473;
74cc : 0000000A;
74cd : 72727543;
74ce : 20746E65;
74cf : 20435455;
74d0 : 67616C66;
74d1 : 6F202C73;
74d2 : 65736666;
74d3 : 25203A74;
74d4 : 6C202C69;
74d5 : 35706165;
74d6 : 25203A39;
74d7 : 6C202C69;
74d8 : 36706165;
74d9 : 25203A31;
74da : 00000A69;
74db : 67616C66;
74dc : 00000073;
74dd : 20435455;
74de : 67616C66;
74df : 68632073;
74e0 : 65676E61;
74e1 : 6F202C64;
74e2 : 65736666;
74e3 : 25203A74;
74e4 : 6C202C69;
74e5 : 35706165;
74e6 : 25203A39;
74e7 : 6C202C69;
74e8 : 36706165;
74e9 : 25203A31;
74ea : 00000A69;
74eb : 6C756F43;
74ec : 6F6E2064;
74ed : 65732074;
74ee : 54552074;
74ef : 666F2043;
74f0 : 74657366;
74f1 : 206E6F20;
74f2 : 74737973;
74f3 : 000A6D65;
74f4 : 726F6873;
74f5 : 66612074;
74f6 : 20726574;
74f7 : 6E64696D;
74f8 : 74686769;
74f9 : 6174202C;
74fa : 676E696B;
74fb : 636F6C20;
74fc : 6F206C61;
74fd : 65736666;
74fe : 00000A74;
74ff : 2077654E;
7500 : 20435455;
7501 : 7366666F;
7502 : 69207465;
7503 : 6874206E;
7504 : 696D2065;
7505 : 656C6464;
7506 : 20666F20;
7507 : 20656874;
7508 : 3A796164;
7509 : 0A692520;
750a : 00000000;
750b : 65427245;
750c : 00207473;
750d : 64656741;
750e : 74756F20;
750f : 66732520;
7510 : 6965726F;
7511 : 6D206E67;
7512 : 65747361;
7513 : 69252072;
7514 : 0A69252F;
7515 : 00000000;
7516 : 6F6E6749;
7517 : 20646572;
7518 : 6D617266;
7519 : 69252065;
751a : 0000000A;
751b : 203A7325;
751c : 276E6163;
751d : 6E692074;
751e : 65207469;
751f : 6E657478;
7520 : 6E6F6973;
7521 : 0000000A;
7522 : 636F6C63;
7523 : 6C63206B;
7524 : 20737361;
7525 : 6425203D;
7526 : 0000000A;
7527 : 636F6C63;
7528 : 6361206B;
7529 : 61727563;
752a : 3D207963;
752b : 0A642520;
752c : 00000000;
752d : 646E6168;
752e : 5320656C;
752f : 616E6769;
7530 : 676E696C;
7531 : 67736D20;
7532 : 6166202C;
7533 : 64656C69;
7534 : 6F6E202C;
7535 : 00002074;
7536 : 726F7325;
7537 : 696E6167;
7538 : 6974617A;
7539 : 65206E6F;
753a : 6E657478;
753b : 6E6F6973;
753c : 564C5420;
753d : 30203D20;
753e : 0A782578;
753f : 00000000;
7540 : 45437325;
7541 : 73274E52;
7542 : 49554F20;
7543 : 30203D20;
7544 : 0A782578;
7545 : 00000000;
7546 : 68577325;
7547 : 20657469;
7548 : 62626152;
7549 : 6D207469;
754a : 63696761;
754b : 6D756E20;
754c : 20726562;
754d : 7830203D;
754e : 000A7825;
754f : 75737325;
7550 : 726F7070;
7551 : 20646574;
7552 : 73726576;
7553 : 206E6F69;
7554 : 626D756E;
7555 : 3D207265;
7556 : 25783020;
7557 : 00000A78;
7558 : 6568746F;
7559 : 646F4E72;
755a : 6C614365;
755b : 69726550;
755c : 3020646F;
755d : 0A782578;
755e : 00000000;
755f : 203A7325;
7560 : 65205257;
7561 : 6E657478;
7562 : 6E6F6973;
7563 : 616E6520;
7564 : 64656C62;
7565 : 00000A2E;
7566 : 203A7325;
7567 : 65205257;
7568 : 6E657478;
7569 : 6E6F6973;
756a : 73696420;
756b : 656C6261;
756c : 000A2E64;
756d : 203A7325;
756e : 3D746E73;
756f : 202C6425;
7570 : 3D636573;
7571 : 2C646C25;
7572 : 65736E20;
7573 : 6C253D63;
7574 : 00000A64;
7575 : 64393025;
7576 : 39302520;
7577 : 30252064;
7578 : 00206433;
7579 : 646E6573;
757a : 0000203A;
757b : 63726F66;
757c : 00000065;
757d : 20504653;
757e : 69204244;
757f : 75662073;
7580 : 000A6C6C;
7581 : 20433249;
7582 : 6F727265;
7583 : 00000A72;
7584 : 53206425;
7585 : 20735046;
7586 : 44206E69;
7587 : 00000A42;
7588 : 20504653;
7589 : 61746164;
758a : 65736162;
758b : 706D6520;
758c : 000A7974;
758d : 20504653;
758e : 61746164;
758f : 65736162;
7590 : 72726520;
7591 : 2820726F;
7592 : 0A296425;
7593 : 00000000;
7594 : 203A6425;
7595 : 003A4E50;
7596 : 78546420;
7597 : 3825203A;
7598 : 52642064;
7599 : 25203A78;
759a : 61206438;
759b : 6168706C;
759c : 3125203A;
759d : 0A644C39;
759e : 00000000;
759f : 53206F4E;
75a0 : 0A2E5046;
75a1 : 00000000;
75a2 : 20504653;
75a3 : 64616572;
75a4 : 72726520;
75a5 : 000A726F;
75a6 : 36312E25;
75a7 : 00000A73;
75a8 : 6C756F43;
75a9 : 6F6E2064;
75aa : 616D2074;
75ab : 20686374;
75ac : 44206F74;
75ad : 00000A42;
75ae : 20504653;
75af : 6374616D;
75b0 : 2C646568;
75b1 : 78546420;
75b2 : 2064253D;
75b3 : 3D785264;
75b4 : 61206425;
75b5 : 6168706C;
75b6 : 644C253D;
75b7 : 0000000A;
75b8 : 76636572;
75b9 : 0000203A;
75ba : 64393025;
75bb : 39302520;
75bc : 30252064;
75bd : 00006433;
75be : 25202020;
75bf : 252E6439;
75c0 : 0A643330;
75c1 : 00000000;
75c2 : 4F525245;
75c3 : 25203A52;
75c4 : 46203A73;
75c5 : 6F6C6C6F;
75c6 : 70752077;
75c7 : 73656D20;
75c8 : 65676173;
75c9 : 20736920;
75ca : 20746F6E;
75cb : 6D6F7266;
75cc : 72756320;
75cd : 746E6572;
75ce : 72617020;
75cf : 0A746E65;
75d0 : 00000000;
75d1 : 4F525245;
75d2 : 25203A52;
75d3 : 53203A73;
75d4 : 6576616C;
75d5 : 73617720;
75d6 : 746F6E20;
75d7 : 69617720;
75d8 : 676E6974;
75d9 : 66206120;
75da : 6F6C6C6F;
75db : 70752077;
75dc : 73656D20;
75dd : 65676173;
75de : 0000000A;
75df : 4F525245;
75e0 : 25203A52;
75e1 : 53203A73;
75e2 : 65757165;
75e3 : 4965636E;
75e4 : 64252044;
75e5 : 656F6420;
75e6 : 74276E73;
75e7 : 74616D20;
75e8 : 6C206863;
75e9 : 20747361;
75ea : 636E7953;
75eb : 73656D20;
75ec : 65676173;
75ed : 0A642520;
75ee : 00000000;
75ef : 4F525245;
75f0 : 25203A52;
75f1 : 53203A73;
75f2 : 20636E79;
75f3 : 7373656D;
75f4 : 20656761;
75f5 : 6E207369;
75f6 : 6620746F;
75f7 : 206D6F72;
75f8 : 72727563;
75f9 : 20746E65;
75fa : 65726170;
75fb : 000A746E;
75fc : 25287325;
75fd : 4D202964;
75fe : 61737365;
75ff : 63206567;
7600 : 74276E61;
7601 : 20656220;
7602 : 746E6573;
7603 : 0000000A;
7604 : 544E4553;
7605 : 32302520;
7606 : 79622064;
7607 : 20736574;
7608 : 25207461;
7609 : 30252E64;
760a : 252E6439;
760b : 20643330;
760c : 29732528;
760d : 0000000A;
760e : 20232323;
760f : 702E3474;
7610 : 65736168;
7611 : 20736920;
7612 : 65726C61;
7613 : 20796461;
7614 : 72726F63;
7615 : 65746365;
7616 : 6F662064;
7617 : 69622072;
7618 : 696C7374;
7619 : 000A6564;
761a : 203A3174;
761b : 20202020;
761c : 20202020;
761d : 20202020;
761e : 20202020;
761f : 20202020;
7620 : 203A3474;
7621 : 20202020;
7622 : 20202020;
7623 : 20202020;
7624 : 20202020;
7625 : 74696220;
7626 : 64696C73;
7627 : 25203A65;
7628 : 00000A64;
7629 : 20202020;
762a : 65732020;
762b : 20202E63;
762c : 20202020;
762d : 2E736E20;
762e : 20616870;
762f : 20202020;
7630 : 65732020;
7631 : 20202E63;
7632 : 20202020;
7633 : 2E736E20;
7634 : 0A616870;
7635 : 00000000;
7636 : 6C756F63;
7637 : 6F6E2064;
7638 : 65732074;
7639 : 7320646E;
763a : 0A636E79;
763b : 00000000;
763c : 6C756F63;
763d : 6F6E2064;
763e : 65732074;
763f : 6120646E;
7640 : 756F6E6E;
7641 : 0A65636E;
7642 : 00000000;
7643 : 494C4143;
7644 : 54415242;
7645 : 52572F45;
7646 : 444F4D5F;
7647 : 4E4F5F45;
7648 : 00000000;
7649 : 203A5257;
764a : 61766E49;
764b : 2064696C;
764c : 4967736D;
764d : 25782864;
764e : 29783430;
764f : 63657220;
7650 : 65766965;
7651 : 25202E64;
7652 : 61772073;
7653 : 78652073;
7654 : 74636570;
7655 : 000A6465;
7656 : 435F5257;
7657 : 42494C41;
7658 : 45544152;
7659 : 00000044;
765a : 494C4143;
765b : 54415242;
765c : 00000045;
765d : 4C5F5257;
765e : 454B434F;
765f : 00000044;
7660 : 4B434F4C;
7661 : 00004445;
7662 : 4D5F5257;
7663 : 4B434F4C;
7664 : 00000000;
7665 : 505F5257;
7666 : 45534552;
7667 : 0000544E;
7668 : 203A3154;
7669 : 73207325;
766a : 0000000A;
766b : 203A3254;
766c : 73207325;
766d : 0000000A;
766e : 203A3354;
766f : 73207325;
7670 : 0000000A;
7671 : 203A3454;
7672 : 73207325;
7673 : 0000000A;
7674 : 616C6564;
7675 : 204D4D79;
7676 : 20202020;
7677 : 20202020;
7678 : 7325203A;
7679 : 000A7320;
767a : 616C6564;
767b : 20534D79;
767c : 20202020;
767d : 20202020;
767e : 7325203A;
767f : 000A7320;
7680 : 616C6564;
7681 : 79734179;
7682 : 2020206D;
7683 : 20202020;
7684 : 7325203A;
7685 : 0A736E20;
7686 : 00000000;
7687 : 616C6564;
7688 : 79734179;
7689 : 656F436D;
768a : 20206666;
768b : 7325203A;
768c : 0A736E20;
768d : 00000000;
768e : 6E61656D;
768f : 616C6544;
7690 : 20202079;
7691 : 20202020;
7692 : 7325203A;
7693 : 000A7320;
7694 : 7366666F;
7695 : 72467465;
7696 : 614D6D6F;
7697 : 72657473;
7698 : 7325203A;
7699 : 000A7320;
769a : 6D697254;
769b : 6F6F7420;
769c : 6E6F6C2D;
769d : 706D2067;
769e : 25203A64;
769f : 00000A69;
76a0 : 65746641;
76a1 : 76612072;
76a2 : 69252867;
76a3 : 6D202C29;
76a4 : 446E6165;
76a5 : 79616C65;
76a6 : 7325203A;
76a7 : 00000A20;
76a8 : 6573624F;
76a9 : 64657672;
76aa : 69726420;
76ab : 203A7466;
76ac : 0A693925;
76ad : 00000000;
76ae : 3A207325;
76af : 6C654420;
76b0 : 52207961;
76b1 : 20707365;
76b2 : 73656F64;
76b3 : 2074276E;
76b4 : 6374616D;
76b5 : 65442068;
76b6 : 2079616C;
76b7 : 20716552;
76b8 : 25206628;
76b9 : 000A2978;
76ba : 61772820;
76bb : 66207469;
76bc : 6820726F;
76bd : 00002977;
76be : 4F525245;
76bf : 25203A52;
76c0 : 203A2073;
76c1 : 76726553;
76c2 : 6F6E206F;
76c3 : 6E692074;
76c4 : 61697469;
76c5 : 657A696C;
76c6 : 21212064;
76c7 : 000A2121;
76c8 : 4F525245;
76c9 : 25203A52;
76ca : 50203A73;
76cb : 65204C4C;
76cc : 726F7272;
76cd : 74656420;
76ce : 65746365;
76cf : 45282064;
76d0 : 253D7272;
76d1 : 202E2964;
76d2 : 63726F46;
76d3 : 65722065;
76d4 : 72617473;
76d5 : 000A2E74;
76d6 : 76726573;
76d7 : 75623A6F;
76d8 : 000A7973;
76d9 : 7366666F;
76da : 534D7465;
76db : 6C25203A;
76dc : 65732069;
76dd : 2E2E2063;
76de : 00000A2E;
76df : 4F525245;
76e0 : 25203A52;
76e1 : 203A2073;
76e2 : 61766E49;
76e3 : 2064696C;
76e4 : 636F6C63;
76e5 : 6570206B;
76e6 : 646F6972;
76e7 : 0A642520;
76e8 : 00000000;
76e9 : 7366666F;
76ea : 534D7465;
76eb : 6C25203A;
76ec : 65732069;
76ed : 30252063;
76ee : 20696C39;
76ef : 6B636974;
76f0 : 25282073;
76f1 : 7020696C;
76f2 : 000A2973;
76f3 : 5F687277;
76f4 : 76726573;
76f5 : 7473206F;
76f6 : 3A657461;
76f7 : 25732520;
76f8 : 00000A73;
76f9 : 73646C6F;
76fa : 20707465;
76fb : 202C6925;
76fc : 7366666F;
76fd : 25207465;
76fe : 30253A69;
76ff : 000A6934;
7700 : 756A6461;
7701 : 70207473;
7702 : 65736168;
7703 : 0A692520;
7704 : 00000000;
7705 : 494C4143;
7706 : 54415242;
7707 : 00004445;
7708 : 435F5257;
7709 : 42494C41;
770a : 00514552;
770b : 746C6564;
770c : 00785461;
770d : 203A7325;
770e : 3D62736D;
770f : 78257830;
7710 : 62736C20;
7711 : 2578303D;
7712 : 00000A78;
7713 : 746C6564;
7714 : 00785261;
7715 : 78323025;
7716 : 0000003A;
7717 : 2D43414D;
7718 : 72646461;
7719 : 3A737365;
771a : 0A732520;
771b : 00000000;
771c : 00206465;
771d : 006B634C;
771e : 20202020;
771f : 20202020;
7720 : 00002020;
7721 : 69617728;
7722 : 6F662074;
7723 : 77682072;
7724 : 00000029;
7725 : 57207325;
7726 : 20435052;
7727 : 696E6F4D;
7728 : 20726F74;
7729 : 00007325;
772a : 45207C20;
772b : 712F6373;
772c : 65203D20;
772d : 3B746978;
772e : 3D207220;
772f : 64657220;
7730 : 0A776172;
7731 : 0000000A;
7732 : 20494154;
7733 : 656D6954;
7734 : 3232253A;
7735 : 43545573;
7736 : 66666F20;
7737 : 3A746573;
7738 : 20733425;
7739 : 4C4C5020;
773a : 646F6D20;
773b : 34253A65;
773c : 74732073;
773d : 3A657461;
773e : 0000000A;
773f : 2B2D2D2D;
7740 : 2D2D2D2D;
7741 : 2D2D2D2D;
7742 : 2D2D2D2D;
7743 : 2D2D2D2D;
7744 : 2B2D2D2D;
7745 : 2D2D2D2D;
7746 : 2D2D2D2D;
7747 : 2D2D2D2D;
7748 : 2D2D2D2D;
7749 : 2D2D2D2D;
774a : 2D2D2D2D;
774b : 2D2D2B2D;
774c : 2D2D2D2D;
774d : 2B2D2D2D;
774e : 2D2D2D2D;
774f : 2D2D2D2D;
7750 : 2D2D2B2D;
7751 : 0A2D2D2D;
7752 : 00000000;
7753 : 7C202320;
7754 : 20202020;
7755 : 20202020;
7756 : 2043414D;
7757 : 20202020;
7758 : 7C202020;
7759 : 20202020;
775a : 49202020;
775b : 73282050;
775c : 6372756F;
775d : 20202965;
775e : 20202020;
775f : 20207C20;
7760 : 58522020;
7761 : 7C202020;
7762 : 20202020;
7763 : 20205854;
7764 : 56207C20;
7765 : 0A4E414C;
7766 : 00000000;
7767 : 2D2D2D0A;
7768 : 4C414820;
7769 : 2D2D2D20;
776a : 2D2D2D7C;
776b : 2D2D2D2D;
776c : 2D2D2D2D;
776d : 50202D2D;
776e : 20495350;
776f : 2D2D2D2D;
7770 : 2D2D2D2D;
7771 : 2D2D2D2D;
7772 : 2D2D2D2D;
7773 : 2D2D2D2D;
7774 : 2D2D2D2D;
7775 : 2D2D2D2D;
7776 : 2D2D2D2D;
7777 : 2D2D2D2D;
7778 : 2D2D2D2D;
7779 : 2D2D2D2D;
777a : 2D2D2D2D;
777b : 0000000A;
777c : 66744920;
777d : 46207C20;
777e : 7C207172;
777f : 6F432020;
7780 : 6769666E;
7781 : 7C202020;
7782 : 43414D20;
7783 : 20666F20;
7784 : 72656570;
7785 : 726F7020;
7786 : 7C202074;
7787 : 20202020;
7788 : 2F505450;
7789 : 2F545845;
778a : 54454450;
778b : 20544345;
778c : 74617453;
778d : 20207365;
778e : 50207C20;
778f : 0A206F72;
7790 : 00000000;
7791 : 2D2D2D2D;
7792 : 2D2D2B2D;
7793 : 2B2D2D2D;
7794 : 2D2D2D2D;
7795 : 2D2D2D2D;
7796 : 2B2D2D2D;
7797 : 2D2D2D2D;
7798 : 2D2D2D2D;
7799 : 2D2D2D2D;
779a : 2D2D2D2D;
779b : 2B2D2D2D;
779c : 2D2D2D2D;
779d : 2D2D2D2D;
779e : 2D2D2D2D;
779f : 2D2D2D2D;
77a0 : 2D2D2D2D;
77a1 : 2D2D2D2D;
77a2 : 2D2D2D2D;
77a3 : 2D2D2B2D;
77a4 : 0A2D2D2D;
77a5 : 00000000;
77a6 : 286F7250;
77a7 : 6F636F74;
77a8 : 203A296C;
77a9 : 61522D52;
77aa : 68744577;
77ab : 2D56202C;
77ac : 4E414C56;
77ad : 2D55202C;
77ae : 0A504455;
77af : 00000000;
77b0 : 2D2D2D0A;
77b1 : 2D2D2D2D;
77b2 : 2D2D2D2D;
77b3 : 2D2D2D2D;
77b4 : 2D2D2D2D;
77b5 : 2D2D2D2D;
77b6 : 2D2D2D2D;
77b7 : 6E795320;
77b8 : 6F726863;
77b9 : 617A696E;
77ba : 6E6F6974;
77bb : 61747320;
77bc : 20737574;
77bd : 2D2D2D2D;
77be : 2D2D2D2D;
77bf : 2D2D2D2D;
77c0 : 2D2D2D2D;
77c1 : 2D2D2D2D;
77c2 : 2D2D2D2D;
77c3 : 2D2D2D2D;
77c4 : 00000000;
77c5 : 20727265;
77c6 : 74617473;
77c7 : 00003A65;
77c8 : 20727265;
77c9 : 7366666F;
77ca : 003A7465;
77cb : 20727265;
77cc : 746C6564;
77cd : 00003A61;
77ce : 76726553;
77cf : 7473206F;
77d0 : 3A657461;
77d1 : 0000000A;
77d2 : 2D2D2D0A;
77d3 : 6D695420;
77d4 : 20676E69;
77d5 : 61726170;
77d6 : 6574656D;
77d7 : 2D207372;
77d8 : 2D2D2D2D;
77d9 : 2D2D2D2D;
77da : 2D2D2D2D;
77db : 2D2D2D2D;
77dc : 2D2D2D2D;
77dd : 2D2D2D2D;
77de : 2D2D2D2D;
77df : 2D2D2D2D;
77e0 : 2D2D2D2D;
77e1 : 2D2D2D2D;
77e2 : 2D2D2D2D;
77e3 : 2D2D2D2D;
77e4 : 2D2D2D2D;
77e5 : 2D2D2D2D;
77e6 : 0000000A;
77e7 : 6E61656D;
77e8 : 616C6544;
77e9 : 20202079;
77ea : 20202020;
77eb : 000A3A20;
77ec : 616C6564;
77ed : 20534D79;
77ee : 20202020;
77ef : 20202020;
77f0 : 000A3A20;
77f1 : 616C6564;
77f2 : 204D4D79;
77f3 : 20202020;
77f4 : 20202020;
77f5 : 000A3A20;
77f6 : 616C6564;
77f7 : 79734179;
77f8 : 74656D6D;
77f9 : 20207972;
77fa : 000A3A20;
77fb : 616C6564;
77fc : 656F4379;
77fd : 63696666;
77fe : 746E6569;
77ff : 00003A20;
7800 : 0A617066;
7801 : 00000000;
7802 : 72676E69;
7803 : 4C737365;
7804 : 6E657461;
7805 : 20207963;
7806 : 000A3A20;
7807 : 65726765;
7808 : 614C7373;
7809 : 636E6574;
780a : 20202079;
780b : 000A3A20;
780c : 696D6573;
780d : 74617473;
780e : 614C6369;
780f : 636E6574;
7810 : 000A3A79;
7811 : 7366666F;
7812 : 72467465;
7813 : 614D6D6F;
7814 : 72657473;
7815 : 000A3A20;
7816 : 73616850;
7817 : 65732065;
7818 : 696F7074;
7819 : 2020746E;
781a : 000A3A20;
781b : 77656B53;
781c : 20202020;
781d : 20202020;
781e : 20202020;
781f : 000A3A20;
7820 : 61647055;
7821 : 63206574;
7822 : 746E756F;
7823 : 20207265;
7824 : 000A3A20;
7825 : 7473614D;
7826 : 50207265;
7827 : 64205948;
7828 : 79616C65;
7829 : 58542073;
782a : 00000A3A;
782b : 76616C53;
782c : 50202065;
782d : 64205948;
782e : 79616C65;
782f : 58542073;
7830 : 00000A3A;
7831 : 004A5B1B;
7832 : 6B636F4C;
7833 : 00007325;
7834 : 00752520;
7835 : 0075252A;
7836 : 544F4F42;
7837 : 75722050;
7838 : 6E696E6E;
7839 : 20202067;
783a : 20202020;
783b : 00202020;
783c : 73363125;
783d : 4F4F4228;
783e : 00295054;
783f : 73353125;
7840 : 61747328;
7841 : 29636974;
7842 : 00000000;
7843 : 20202020;
7844 : 20202020;
7845 : 20202020;
7846 : 20202020;
7847 : 20202020;
7848 : 00202020;
7849 : 00643725;
784a : 00643425;
784b : 00732520;
784c : 0073252A;
784d : 6F747561;
784e : 00000000;
784f : 30312D25;
7850 : 00000073;
7851 : 002F7325;
7852 : 252F7325;
7853 : 00000073;
7854 : 0063252D;
7855 : 6B6E694C;
7856 : 776F6420;
7857 : 6D202C6E;
7858 : 65747361;
7859 : 6F6D2072;
785a : 6F206564;
785b : 79732072;
785c : 6920636E;
785d : 206F666E;
785e : 20746F6E;
785f : 696C6176;
7860 : 00000064;
7861 : 203A7325;
7862 : 30322D25;
7863 : 2D252073;
7864 : 0A733531;
7865 : 00000000;
7866 : 63617254;
7867 : 676E696B;
7868 : 726F6620;
7869 : 6C626963;
786a : 69642079;
786b : 6C626173;
786c : 000A6465;
786d : 73303225;
786e : 00736E20;
786f : 73343225;
7870 : 00000000;
7871 : 00754C25;
7872 : 75363125;
7873 : 6D697420;
7874 : 00007365;
7875 : 73323225;
7876 : 00000000;
7877 : 58522020;
7878 : 0000003A;
7879 : 73323225;
787a : 004B5B1B;
787b : 75410A0A;
787c : 6C632078;
787d : 206B636F;
787e : 73206425;
787f : 75746174;
7880 : 20203A73;
7881 : 20202020;
7882 : 00002020;
7883 : 62616E65;
7884 : 0064656C;
7885 : 696E6F6D;
7886 : 00726F74;
7887 : 6F6C202C;
7888 : 64656B63;
7889 : 00000000;
788a : 6572202C;
788b : 00796461;
788c : 55412820;
788d : 6F742D58;
788e : 2052572D;
788f : 7366666F;
7890 : 203A7465;
7891 : 70206425;
7892 : 00002973;
7893 : 0A6D5B1B;
7894 : 00000000;
7895 : 20752520;
7896 : 00000000;
7897 : 70657453;
7898 : 6D655273;
7899 : 6465766F;
789a : 203A4120;
789b : 202C6925;
789c : 70657453;
789d : 6D655273;
789e : 6465766F;
789f : 203A4220;
78a0 : 000A6925;
78a1 : 253A7325;
78a2 : 45203A69;
78a3 : 726F7272;
78a4 : 000A3120;
78a5 : 00007854;
78a6 : 64497325;
78a7 : 203A4120;
78a8 : 252E7325;
78a9 : 2C783430;
78aa : 4973250A;
78ab : 3A422064;
78ac : 2E732520;
78ad : 78343025;
78ae : 0000000A;
78af : 00007852;
78b0 : 6F697250;
78b1 : 79746972;
78b2 : 00000031;
78b3 : 41207325;
78b4 : 6925203A;
78b5 : 7325202C;
78b6 : 203A4220;
78b7 : 000A6925;
78b8 : 636F6C43;
78b9 : 616C436B;
78ba : 00007373;
78bb : 636F6C43;
78bc : 6363416B;
78bd : 63617275;
78be : 00000079;
78bf : 69726156;
78c0 : 65636E61;
78c1 : 00000000;
78c2 : 6F697250;
78c3 : 79746972;
78c4 : 00000032;
78c5 : 64496D47;
78c6 : 203A4120;
78c7 : 000A7325;
78c8 : 64496D47;
78c9 : 203A4220;
78ca : 000A7325;
78cb : 74726F70;
78cc : 41206449;
78cd : 7325203A;
78ce : 0000000A;
78cf : 74726F70;
78d0 : 42206449;
78d1 : 7325203A;
78d2 : 0000000A;
78d3 : 65726F46;
78d4 : 206E6769;
78d5 : 7473614D;
78d6 : 50207265;
78d7 : 2074726F;
78d8 : 00006449;
78d9 : 6F6E6E41;
78da : 65636E75;
78db : 61726620;
78dc : 6620656D;
78dd : 206D6F72;
78de : 000A7325;
78df : 65622061;
78e0 : 72657474;
78e1 : 726F7020;
78e2 : 6E6F2074;
78e3 : 69687420;
78e4 : 6C632073;
78e5 : 006B636F;
78e6 : 6F772061;
78e7 : 20657372;
78e8 : 74726F70;
78e9 : 206E6F20;
78ea : 73696874;
78eb : 6F6C6320;
78ec : 00006B63;
78ed : 73696874;
78ee : 726F7020;
78ef : 00000074;
78f0 : 6F6E6E41;
78f1 : 65636E75;
78f2 : 61726620;
78f3 : 7320656D;
78f4 : 73706574;
78f5 : 6D657220;
78f6 : 6465766F;
78f7 : 72616C20;
78f8 : 20726567;
78f9 : 6520726F;
78fa : 6C617571;
78fb : 35353220;
78fc : 6925203A;
78fd : 0000000A;
78fe : 65726F46;
78ff : 206E6769;
7900 : 7473614D;
7901 : 25207265;
7902 : 70752069;
7903 : 65746164;
7904 : 00000A64;
7905 : 253A7325;
7906 : 4E203A69;
7907 : 66207765;
7908 : 6965726F;
7909 : 6D206E67;
790a : 65747361;
790b : 6F772072;
790c : 20657372;
790d : 6E616874;
790e : 726F7720;
790f : 69207473;
7910 : 6874206E;
7911 : 75662065;
7912 : 74206C6C;
7913 : 656C6261;
7914 : 6B73202C;
7915 : 69707069;
7916 : 000A676E;
7917 : 2077654E;
7918 : 65726F66;
7919 : 206E6769;
791a : 7473614D;
791b : 25207265;
791c : 64612069;
791d : 0A646564;
791e : 00000000;
791f : 4F525245;
7920 : 25203A52;
7921 : 41203A73;
7922 : 756F6E6E;
7923 : 2065636E;
7924 : 7373656D;
7925 : 20656761;
7926 : 6E207369;
7927 : 6620746F;
7928 : 206D6F72;
7929 : 72727563;
792a : 20746E65;
792b : 65726170;
792c : 000A746E;
792d : 4F464E49;
792e : 654E203A;
792f : 72672077;
7930 : 6D646E61;
7931 : 65747361;
7932 : 65642072;
7933 : 74636574;
7934 : 203A6465;
7935 : 000A7325;
7936 : 65746E45;
7937 : 20646572;
7938 : 75206F74;
7939 : 6C61636E;
793a : 61726269;
793b : 2C646574;
793c : 73657220;
793d : 73207465;
793e : 6F767265;
793f : 0000000A;
7940 : 6C756F63;
7941 : 6F6E2064;
7942 : 65732074;
7943 : 7220646E;
7944 : 65757165;
7945 : 000A7473;
7946 : 692D7277;
7947 : 00656C64;
7948 : 702D7277;
7949 : 65736572;
794a : 0000746E;
794b : 732D7277;
794c : 636F6C2D;
794d : 0000006B;
794e : 6D2D7277;
794f : 636F6C2D;
7950 : 0000006B;
7951 : 6C2D7277;
7952 : 656B636F;
7953 : 00000064;
7954 : 632D7277;
7955 : 62696C61;
7956 : 69746172;
7957 : 00006E6F;
7958 : 632D7277;
7959 : 62696C61;
795a : 65746172;
795b : 00000064;
795c : 722D7277;
795d : 2D707365;
795e : 696C6163;
795f : 65722D62;
7960 : 00000071;
7961 : 6C2D7277;
7962 : 2D6B6E69;
7963 : 00006E6F;
7964 : 6E696E55;
7965 : 61697469;
7966 : 657A696C;
7967 : 00000064;
7968 : 434E5953;
7969 : 4941545F;
796a : 00000000;
796b : 434E5953;
796c : 45534E5F;
796d : 00000043;
796e : 434E5953;
796f : 4148505F;
7970 : 00004553;
7971 : 43415254;
7972 : 48505F4B;
7973 : 00455341;
7974 : 54494157;
7975 : 46464F5F;
7976 : 5F544553;
7977 : 42415453;
7978 : 0000454C;
7979 : 00004D47;
797a : 00005246;
797b : 00004342;
797c : 00002D2D;
797d : 454E4F4E;
797e : 00202020;
797f : 4D5F4157;
7980 : 00204753;
7981 : 495F4450;
7982 : 00475250;
7983 : 5F545845;
7984 : 00204E4F;
7985 : 5F545845;
7986 : 0046464F;
7987 : 454C4449;
7988 : 20202020;
7989 : 00002020;
798a : 535F5257;
798b : 434F4C5F;
798c : 0000204B;
798d : 4D5F5257;
798e : 434F4C5F;
798f : 0000204B;
7990 : 4C5F5257;
7991 : 454B434F;
7992 : 00002044;
7993 : 435F5257;
7994 : 492D4C41;
7995 : 00004E4F;
7996 : 435F5257;
7997 : 452D4C41;
7998 : 00002044;
7999 : 525F5257;
799a : 435F5053;
799b : 00004C41;
799c : 4C5F5257;
799d : 5F4B4E49;
799e : 00004E4F;
799f : 20544F45;
79a0 : 20202020;
79a1 : 00000020;
79a2 : 54494E49;
79a3 : 20474E49;
79a4 : 00000020;
79a5 : 4C554146;
79a6 : 20205954;
79a7 : 00000020;
79a8 : 41534944;
79a9 : 44454C42;
79aa : 00000020;
79ab : 5453494C;
79ac : 4E494E45;
79ad : 00000047;
79ae : 4D455250;
79af : 45545341;
79b0 : 00000052;
79b1 : 5453414D;
79b2 : 20205245;
79b3 : 00000020;
79b4 : 53534150;
79b5 : 20455649;
79b6 : 00000020;
79b7 : 41434E55;
79b8 : 5242494C;
79b9 : 00000020;
79ba : 56414C53;
79bb : 20202045;
79bc : 00000020;
79bd : 00505450;
79be : 74696857;
79bf : 61522D65;
79c0 : 74696262;
79c1 : 00000000;
79c2 : 72617473;
79c3 : 00000074;
79c4 : 706F7473;
79c5 : 00000000;
79c6 : 00653265;
79c7 : 616C6564;
79c8 : 00000079;
79c9 : 00006D67;
79ca : 00703270;
79cb : 706F7473;
79cc : 00646570;
79cd : 6E6E7572;
79ce : 00676E69;
79cf : 70746567;
79d0 : 00000000;
79d1 : 70746573;
79d2 : 00000000;
79d3 : 73617265;
79d4 : 00000065;
79d5 : 00646461;
79d6 : 776F6873;
79d7 : 00000000;
79d8 : 6374616D;
79d9 : 00000068;
79da : 00616E65;
79db : 72617473;
79dc : 78652D74;
79dd : 00000074;
79de : 74696177;
79df : 7478652D;
79e0 : 00000000;
79e1 : 72617473;
79e2 : 65682D74;
79e3 : 7265706C;
79e4 : 00000000;
79e5 : 74696177;
79e6 : 6C65682D;
79e7 : 00726570;
79e8 : 72617473;
79e9 : 616D2D74;
79ea : 00006E69;
79eb : 74696177;
79ec : 69616D2D;
79ed : 0000006E;
79ee : 64616572;
79ef : 00000079;
79f0 : 61656C63;
79f1 : 61642D72;
79f2 : 00007363;
79f3 : 74696177;
79f4 : 656C632D;
79f5 : 642D7261;
79f6 : 00736361;
79f7 : 74696E69;
79f8 : 00000000;
79f9 : 00006C63;
79fa : 74617473;
79fb : 00000000;
79fc : 00737073;
79fd : 00737067;
79fe : 63616473;
79ff : 00000000;
7a00 : 63616467;
7a01 : 00000000;
7a02 : 6E696167;
7a03 : 00000000;
7a04 : 64616F6C;
7a05 : 00000000;
7a06 : 73746573;
7a07 : 00006365;
7a08 : 6E746573;
7a09 : 00636573;
7a0a : 00776172;
7a0b : 6D726F66;
7a0c : 00007461;
7a0d : 00007366;
7a0e : 00657366;
7a0f : 0000736C;
7a10 : 72666E75;
7a11 : 657A6565;
7a12 : 00000000;
7a13 : 662D7370;
7a14 : 7A656572;
7a15 : 00000065;
7a16 : 2D6F6376;
7a17 : 65657266;
7a18 : 0000657A;
7a19 : 6E616863;
7a1a : 006C656E;
7a1b : 746F6F62;
7a1c : 00000000;
7a1d : 73257325;
7a1e : 78323025;
7a1f : 3230252D;
7a20 : 30252D78;
7a21 : 252D7832;
7a22 : 2D783230;
7a23 : 78323025;
7a24 : 3230252D;
7a25 : 30252D78;
7a26 : 252D7832;
7a27 : 2D783230;
7a28 : 78323025;
7a29 : 3230252D;
7a2a : 00000A78;
7a2b : 73257325;
7a2c : 28207325;
7a2d : 657A6973;
7a2e : 29692520;
7a2f : 0000000A;
7a30 : 73257325;
7a31 : 00000000;
7a32 : 78323025;
7a33 : 00000000;
7a34 : 73257325;
7a35 : 2E756C25;
7a36 : 69393025;
7a37 : 0000000A;
7a38 : 6B636F4C;
7a39 : 20676E69;
7a3a : 004C4C50;
7a3b : 636F4C0A;
7a3c : 6974206B;
7a3d : 756F656D;
7a3e : 00002E74;
7a3f : 0000002E;
7a40 : 23637277;
7a41 : 00000020;
7a42 : 25315B1B;
7a43 : 00000063;
7a44 : 766E6920;
7a45 : 64696C61;
7a46 : 00000000;
7a47 : 5F4E4E41;
7a48 : 49465553;
7a49 : 00000058;
7a4a : 65757254;
7a4b : 00000000;
7a4c : 736C6146;
7a4d : 00000065;
7a4e : 5F4E4F4E;
7a4f : 00005257;
7a50 : 49547325;
7a51 : 203A454D;
7a52 : 696C2528;
7a53 : 30202D20;
7a54 : 786C2578;
7a55 : 6C252029;
7a56 : 30252E69;
7a57 : 25696C36;
7a58 : 00000A73;
7a59 : 72747325;
7a5a : 61636E75;
7a5b : 20646574;
7a5c : 6E656C28;
7a5d : 25203D20;
7a5e : 000A2969;
7a5f : 45567325;
7a60 : 4F495352;
7a61 : 75203A4E;
7a62 : 7075736E;
7a63 : 74726F70;
7a64 : 28206465;
7a65 : 0A296925;
7a66 : 00000000;
7a67 : 45567325;
7a68 : 4F495352;
7a69 : 25203A4E;
7a6a : 74282069;
7a6b : 20657079;
7a6c : 202C6925;
7a6d : 206E656C;
7a6e : 202C6925;
7a6f : 616D6F64;
7a70 : 25206E69;
7a71 : 000A2969;
7a72 : 4C467325;
7a73 : 3A534741;
7a74 : 25783020;
7a75 : 25783230;
7a76 : 20783230;
7a77 : 726F6328;
7a78 : 74636572;
7a79 : 206E6F69;
7a7a : 30257830;
7a7b : 253A7838;
7a7c : 20783830;
7a7d : 75383025;
7a7e : 00000A29;
7a7f : 54524F50;
7a80 : 0000203A;
7a81 : 45527325;
7a82 : 203A5453;
7a83 : 20716573;
7a84 : 202C6925;
7a85 : 6C727463;
7a86 : 2C692520;
7a87 : 676F6C20;
7a88 : 746E692D;
7a89 : 61767265;
7a8a : 6925206C;
7a8b : 0000000A;
7a8c : 454D7325;
7a8d : 47415353;
7a8e : 28203A45;
7a8f : 53202945;
7a90 : 0A434E59;
7a91 : 00000000;
7a92 : 2D47534D;
7a93 : 434E5953;
7a94 : 0000203A;
7a95 : 454D7325;
7a96 : 47415353;
7a97 : 28203A45;
7a98 : 44202945;
7a99 : 59414C45;
7a9a : 5145525F;
7a9b : 0000000A;
7a9c : 2D47534D;
7a9d : 414C4544;
7a9e : 45525F59;
7a9f : 00203A51;
7aa0 : 454D7325;
7aa1 : 47415353;
7aa2 : 28203A45;
7aa3 : 46202947;
7aa4 : 4F4C4C4F;
7aa5 : 50555F57;
7aa6 : 0000000A;
7aa7 : 2D47534D;
7aa8 : 4C4C4F46;
7aa9 : 555F574F;
7aaa : 00203A50;
7aab : 454D7325;
7aac : 47415353;
7aad : 28203A45;
7aae : 44202947;
7aaf : 59414C45;
7ab0 : 5345525F;
7ab1 : 00000A50;
7ab2 : 2D47534D;
7ab3 : 414C4544;
7ab4 : 45525F59;
7ab5 : 203A5053;
7ab6 : 00000000;
7ab7 : 454D7325;
7ab8 : 47415353;
7ab9 : 28203A45;
7aba : 41202947;
7abb : 554F4E4E;
7abc : 0A45434E;
7abd : 00000000;
7abe : 2D47534D;
7abf : 4F4E4E41;
7ac0 : 45434E55;
7ac1 : 7473203A;
7ac2 : 20706D61;
7ac3 : 00000000;
7ac4 : 2D47534D;
7ac5 : 4F4E4E41;
7ac6 : 45434E55;
7ac7 : 7267203A;
7ac8 : 6D646E61;
7ac9 : 65747361;
7aca : 75712D72;
7acb : 74696C61;
7acc : 00002079;
7acd : 73257325;
7ace : 78323025;
7acf : 3230252D;
7ad0 : 30252D78;
7ad1 : 000A7834;
7ad2 : 534D7325;
7ad3 : 4E412D47;
7ad4 : 4E554F4E;
7ad5 : 203A4543;
7ad6 : 6E617267;
7ad7 : 73616D64;
7ad8 : 2D726574;
7ad9 : 6F697270;
7ada : 20692520;
7adb : 000A6925;
7adc : 2D47534D;
7add : 4F4E4E41;
7ade : 45434E55;
7adf : 7267203A;
7ae0 : 6D646E61;
7ae1 : 65747361;
7ae2 : 64692D72;
7ae3 : 00000020;
7ae4 : 73257325;
7ae5 : 78323025;
7ae6 : 3230252D;
7ae7 : 30252D78;
7ae8 : 252D7832;
7ae9 : 2D783230;
7aea : 78323025;
7aeb : 3230252D;
7aec : 30252D78;
7aed : 252D7832;
7aee : 0A783230;
7aef : 00000000;
7af0 : 454D7325;
7af1 : 47415353;
7af2 : 28203A45;
7af3 : 53202947;
7af4 : 414E4749;
7af5 : 474E494C;
7af6 : 0000000A;
7af7 : 2D47534D;
7af8 : 4E474953;
7af9 : 4E494C41;
7afa : 74203A47;
7afb : 65677261;
7afc : 6F702D74;
7afd : 00207472;
7afe : 4C547325;
7aff : 74203A56;
7b00 : 73206F6F;
7b01 : 74726F68;
7b02 : 726F6620;
7b03 : 61656820;
7b04 : 20726564;
7b05 : 746F7428;
7b06 : 25206C61;
7b07 : 000A2969;
7b08 : 4C547325;
7b09 : 74203A56;
7b0a : 20657079;
7b0b : 78343025;
7b0c : 6E656C20;
7b0d : 20692520;
7b0e : 00000000;
7b0f : 206F6F74;
7b10 : 726F6873;
7b11 : 65282074;
7b12 : 63657078;
7b13 : 20646574;
7b14 : 202C6925;
7b15 : 61746F74;
7b16 : 6925206C;
7b17 : 00000A29;
7b18 : 732D316C;
7b19 : 20636E79;
7b1a : 666E6F63;
7b1b : 32302520;
7b1c : 63612078;
7b1d : 30252074;
7b1e : 000A7832;
7b1f : 2D766C74;
7b20 : 746E6F63;
7b21 : 00746E65;
7b22 : 3A564C54;
7b23 : 00000020;
7b24 : 2069756F;
7b25 : 78323025;
7b26 : 3230253A;
7b27 : 30253A78;
7b28 : 73207832;
7b29 : 25206275;
7b2a : 3A783230;
7b2b : 78323025;
7b2c : 3230253A;
7b2d : 00000A78;
7b2e : 0001ADDE;
7b2f : 4C547325;
7b30 : 6D203A56;
7b31 : 61737365;
7b32 : 64496567;
7b33 : 28732520;
7b34 : 78257830;
7b35 : 00000A29;
7b36 : 4C547325;
7b37 : 74203A56;
7b38 : 73206F6F;
7b39 : 74726F68;
7b3a : 78652820;
7b3b : 74636570;
7b3c : 38206465;
7b3d : 6F74202C;
7b3e : 206C6174;
7b3f : 0A296925;
7b40 : 00000000;
7b41 : 4C547325;
7b42 : 63203A56;
7b43 : 65536C61;
7b44 : 6150646E;
7b45 : 72657474;
7b46 : 7325206E;
7b47 : 6163202C;
7b48 : 7465526C;
7b49 : 25207972;
7b4a : 63202C75;
7b4b : 65506C61;
7b4c : 646F6972;
7b4d : 0A642520;
7b4e : 00000000;
7b4f : 4C547325;
7b50 : 74203A56;
7b51 : 73206F6F;
7b52 : 74726F68;
7b53 : 78652820;
7b54 : 74636570;
7b55 : 31206465;
7b56 : 74202C38;
7b57 : 6C61746F;
7b58 : 29692520;
7b59 : 0000000A;
7b5a : 4C547325;
7b5b : 77203A56;
7b5c : 616C4672;
7b5d : 203A7367;
7b5e : 6F437277;
7b5f : 6769666E;
7b60 : 2C732520;
7b61 : 6C616320;
7b62 : 61726269;
7b63 : 20646574;
7b64 : 202C7325;
7b65 : 6F4D7277;
7b66 : 6E4F6564;
7b67 : 0A732520;
7b68 : 00000000;
7b69 : 61746164;
7b6a : 00000000;
7b6b : 6C796170;
7b6c : 0064616F;
7b6d : 504D5544;
7b6e : 0000203A;
7b6f : 4B4E494C;
7b70 : 574F445F;
7b71 : 0000004E;
7b72 : 69737070;
7b73 : 00000000;
7b74 : 67616964;
7b75 : 2D73252D;
7b76 : 252D6925;
7b77 : 00203A73;
7b78 : 6B636F6C;
7b79 : 00006465;
7b7a : 6C756F43;
7b7b : 6F6E2064;
7b7c : 65672074;
7b7d : 4D472074;
7b7e : 636F6C20;
7b7f : 676E696B;
7b80 : 61747320;
7b81 : 202C6574;
7b82 : 696B6174;
7b83 : 6F20676E;
7b84 : 6320646C;
7b85 : 6B636F6C;
7b86 : 616C6320;
7b87 : 203A7373;
7b88 : 000A6925;
7b89 : 696D6954;
7b8a : 6D20676E;
7b8b : 2065646F;
7b8c : 6E616863;
7b8d : 20646567;
7b8e : 7325203A;
7b8f : 6C63202C;
7b90 : 206B636F;
7b91 : 73616C63;
7b92 : 25203A73;
7b93 : 63202C64;
7b94 : 6B636F6C;
7b95 : 63636120;
7b96 : 63617275;
7b97 : 25203A79;
7b98 : 63202C64;
7b99 : 6B636F6C;
7b9a : 72617620;
7b9b : 636E6169;
7b9c : 30203A65;
7b9d : 34302578;
7b9e : 74202C78;
7b9f : 53656D69;
7ba0 : 6372756F;
7ba1 : 30203A65;
7ba2 : 32302578;
7ba3 : 70202C78;
7ba4 : 69547074;
7ba5 : 6353656D;
7ba6 : 3A656C61;
7ba7 : 2C642520;
7ba8 : 65726620;
7ba9 : 6E657571;
7baa : 72547963;
7bab : 61656361;
7bac : 3A656C62;
7bad : 2C642520;
7bae : 6D697420;
7baf : 61725465;
7bb0 : 62616563;
7bb1 : 203A656C;
7bb2 : 000A6425;
7bb3 : 5F636D62;
7bb4 : 5F656761;
7bb5 : 6E677266;
7bb6 : 73616D5F;
7bb7 : 73726574;
7bb8 : 0000000A;
7bb9 : 74736542;
7bba : 726F6620;
7bbb : 6E676965;
7bbc : 73616D20;
7bbd : 20726574;
7bbe : 61207369;
7bbf : 6E692074;
7bc0 : 20786564;
7bc1 : 252F6925;
7bc2 : 00000A69;
7bc3 : 72756F53;
7bc4 : 6F506563;
7bc5 : 64497472;
7bc6 : 00000000;
7bc7 : 45206F4E;
7bc8 : 74736562;
7bc9 : 0000000A;
7bca : 74736542;
7bcb : 726F6620;
7bcc : 6E676965;
7bcd : 73616D20;
7bce : 20726574;
7bcf : 61207369;
7bd0 : 6F702074;
7bd1 : 25207472;
7bd2 : 00000A69;
7bd3 : 6F502041;
7bd4 : 69207472;
7bd5 : 6E692073;
7bd6 : 696E6920;
7bd7 : 6C616974;
7bd8 : 6E697A69;
7bd9 : 00000A67;
7bda : 656D6974;
7bdb : 2074756F;
7bdc : 69707865;
7bdd : 3A646572;
7bde : 20732520;
7bdf : 6C25202D;
7be0 : 00000A75;
7be1 : 656D6974;
7be2 : 2074756F;
7be3 : 65736572;
7be4 : 3A646574;
7be5 : 20732520;
7be6 : 6925202D;
7be7 : 25202F20;
7be8 : 000A756C;
7be9 : 656D6974;
7bea : 2074756F;
7beb : 7265766F;
7bec : 3A2E7277;
7bed : 20732520;
7bee : 6925202D;
7bef : 25202F20;
7bf0 : 000A756C;
7bf1 : 656C6469;
7bf2 : 00000000;
7bf3 : 63656863;
7bf4 : 696C2D6B;
7bf5 : 00006B6E;
7bf6 : 69747075;
7bf7 : 0000656D;
7bf8 : 00707470;
7bf9 : 5F707470;
7bfa : 00636D62;
7bfb : 6C656873;
7bfc : 75672B6C;
7bfd : 00000069;
7bfe : 6C6C7073;
7bff : 0068622D;
7c00 : 2D74656E;
7c01 : 00006862;
7c02 : 00707261;
7c03 : 34767069;
7c04 : 00000000;
7c05 : 70646C6C;
7c06 : 00000000;
7c07 : 706D6E73;
7c08 : 00000000;
7c09 : 74617473;
7c0a : 00000073;
7c0b : 67616964;
7c0c : 00000073;
7c0d : 2D697073;
7c0e : 73616C66;
7c0f : 00000068;
7c10 : 43205257;
7c11 : 3A65726F;
7c12 : 61747320;
7c13 : 6E697472;
7c14 : 70752067;
7c15 : 0A2E2E2E;
7c16 : 00000000;
7c17 : 6F727245;
7c18 : 4D203A72;
7c19 : 63696E69;
7c1a : 4C444820;
7c1b : 72657620;
7c1c : 6E6F6973;
7c1d : 20642520;
7c1e : 20746F6E;
7c1f : 70707573;
7c20 : 6574726F;
7c21 : 79622064;
7c22 : 0A777320;
7c23 : 00000000;
7c24 : 7473616D;
7c25 : 642D7265;
7c26 : 6E676169;
7c27 : 6974736F;
7c28 : 61622D63;
7c29 : 696C6573;
7c2a : 322D656E;
7c2b : 30363230;
7c2c : 2D373138;
7c2d : 33353331;
7c2e : 3236672D;
7c2f : 30306137;
7c30 : 00003139;
7c31 : 69535050;
7c32 : 726F6620;
7c33 : 50525720;
7c34 : 43202E43;
7c35 : 696D6D6F;
7c36 : 73252074;
7c37 : 7562202C;
7c38 : 20746C69;
7c39 : 64206E6F;
7c3a : 72657465;
7c3b : 696E696D;
7c3c : 63697473;
7c3d : 0000000A;
7c3e : 2077654E;
7c3f : 2078616D;
7c40 : 206E7572;
7c41 : 656D6974;
7c42 : 726F6620;
7c43 : 74206120;
7c44 : 206B7361;
7c45 : 202C7325;
7c46 : 20646C6F;
7c47 : 2C646C25;
7c48 : 77656E20;
7c49 : 0A642520;
7c4a : 00000000;
7c4b : 6B736174;
7c4c : 2C732520;
7c4d : 6E757220;
7c4e : 726F6620;
7c4f : 20642520;
7c50 : 000A736D;
7c51 : 6E616C76;
7c52 : 00000000;
7c53 : 62726576;
7c54 : 0065736F;
7c55 : 00726576;
7c56 : 65656C73;
7c57 : 00000070;
7c58 : 00706673;
7c59 : 00626473;
7c5a : 61727470;
7c5b : 00006B63;
7c5c : 00007370;
7c5d : 006C6C70;
7c5e : 0063616D;
7c5f : 00007069;
7c60 : 706C6568;
7c61 : 00000000;
7c62 : 00697567;
7c63 : 67616964;
7c64 : 00000000;
7c65 : 696C6163;
7c66 : 74617262;
7c67 : 006E6F69;
7c68 : 666E6F63;
7c69 : 00006769;
7c6a : 65747865;
7c6b : 6F69736E;
7c6c : 0000006E;
7c6d : 76726573;
7c6e : 0000006F;
7c6f : 6D617266;
7c70 : 00007365;
7c71 : 006D7366;
7c72 : 55514552;
7c73 : 00545345;
7c74 : 434E5953;
7c75 : 4E45535F;
7c76 : 00000044;
7c77 : 00434D42;
7c78 : 5F4E4E41;
7c79 : 45434552;
7c7a : 00545049;
7c7b : 5F4E4E41;
7c7c : 444E4553;
7c7d : 00000000;
7c7e : 4C415551;
7c7f : 00000000;
7c80 : 544F5250;
7c81 : 4154535F;
7c82 : 00004554;
7c83 : 535F4E49;
7c84 : 45544154;
7c85 : 00000000;
7c86 : 425F4D47;
7c87 : 4D425F59;
7c88 : 00004143;
7c89 : 5F45314C;
7c8a : 535F5854;
7c8b : 00434E59;
7c8c : 5F45314C;
7c8d : 535F5852;
7c8e : 00434E59;
7c8f : 455F5257;
7c90 : 00005458;
7c91 : 646C6F68;
7c92 : 7265766F;
7c93 : 00000000;
7c94 : 6F6C6E75;
7c95 : 64656B63;
7c96 : 00000000;
7c97 : 4D5F5257;
7c98 : 4C4E4F5F;
7c99 : 00000059;
7c9a : 535F5257;
7c9b : 4C4E4F5F;
7c9c : 00000059;
7c9d : 4D5F5257;
7c9e : 444E415F;
7c9f : 0000535F;
7ca0 : 56414C53;
7ca1 : 52505F45;
7ca2 : 4E455345;
7ca3 : 00000054;
7ca4 : 4D5F5257;
7ca5 : 5F45444F;
7ca6 : 00004E4F;
7ca7 : 00000000;
7ca8 : D3B20000;
7ca9 : 06F05B59;
7caa : 00000004;
7cab : 00000003;
7cac : 00000002;
7cad : 00000001;
7cae : 00000004;
7caf : 00000003;
7cb0 : 00000002;
7cb1 : 00000001;
7cb2 : 00000002;
7cb3 : 00000001;
7cb4 : 00000005;
7cb5 : 00000004;
7cb6 : 00000003;
7cb7 : 00000002;
7cb8 : 00000005;
7cb9 : 00000004;
7cba : 00000003;
7cbb : 00000002;
7cbc : 00000001;
7cbd : 00000006;
7cbe : 00000005;
7cbf : 00000004;
7cc0 : 00000003;
7cc1 : 00000002;
7cc2 : 00000001;
7cc3 : 0000001B;
7cc4 : 00000018;
7cc5 : 00000017;
7cc6 : 00000016;
7cc7 : 00000014;
7cc8 : 00000013;
7cc9 : 00000012;
7cca : 00000011;
7ccb : 00000010;
7ccc : 0000000F;
7ccd : 0000000E;
7cce : 0000000D;
7ccf : 0000000C;
7cd0 : 0000000A;
7cd1 : 00000009;
7cd2 : 00000008;
7cd3 : 00000005;
7cd4 : 00000009;
7cd5 : 00000008;
7cd6 : 00000007;
7cd7 : 00000006;
7cd8 : 00000005;
7cd9 : 00000004;
7cda : 00000003;
7cdb : 00000002;
7cdc : 00000001;
7cdd : 00000003;
7cde : 00000002;
7cdf : 00000001;
7ce0 : 00000004;
7ce1 : 00000003;
7ce2 : 00000002;
7ce3 : 00000001;
7ce4 : 0001B654;
7ce5 : 00000009;
7ce6 : 0001B654;
7ce7 : 00000008;
7ce8 : 000003E8;
7ce9 : 0001F4DC;
7cea : 0001B654;
7ceb : 00000007;
7cec : 00100A00;
7ced : 04060001;
7cee : 0000000C;
7cef : 695F7277;
7cf0 : 0074696E;
7cf1 : 6F5F7277;
7cf2 : 006E6570;
7cf3 : 695F7277;
7cf4 : 00656C64;
7cf5 : 00565552;
7cf6 : 0001E72C;
7cf7 : 0001E734;
7cf8 : 0001B654;
7cf9 : 0000000A;
7cfa : 0001B654;
7cfb : 0000000D;
7cfc : 0001B654;
7cfd : 0000000C;
7cfe : 0001B654;
7cff : 0000000B;
7d00 : 0001F144;
7d01 : 0000CFAC;
7d02 : 0001F14C;
7d03 : 0000C8F0;
7d04 : 0001F154;
7d05 : 0000CB1C;
7d06 : 0001EFD8;
7d07 : 0000C9E0;
7d08 : 0001D298;
7d09 : 0000EB04;
7d0a : 0001E7E8;
7d0b : 0000DA2C;
7d0c : 0001F158;
7d0d : 0000C538;
7d0e : 0001F160;
7d0f : 00011720;
7d10 : 0001F164;
7d11 : 0000D218;
7d12 : 0001F168;
7d13 : 0000D0B8;
7d14 : 0001EFE0;
7d15 : 0000DE2C;
7d16 : 0001F170;
7d17 : 0000CA08;
7d18 : 0001F174;
7d19 : 0000D4B0;
7d1a : 0001D078;
7d1b : 0000DE2C;
7d1c : 0001F178;
7d1d : 00014FF4;
7d1e : 0001F17C;
7d1f : 0000ED00;
7d20 : 0001E7DC;
7d21 : 0000F68C;
7d22 : 0001F180;
7d23 : 0000CBB0;
7d24 : 0001F188;
7d25 : 0000C988;
7d26 : 0001F18C;
7d27 : 0000DB54;
7d28 : 0001F194;
7d29 : 0000D3A0;
7d2a : 00000001;
7d2b : 00000000;
7d2c : 00000000;
7d2d : 00000000;
7d2e : 00000000;
7d2f : 00000000;
7d30 : 00000000;
7d31 : 00000000;
7d32 : 00000000;
7d33 : 00000000;
7d34 : 00000000;
7d35 : 00020554;
7d36 : 00000000;
7d37 : 0001FF48;
7d38 : 00000000;
7d39 : 00021210;
7d3a : 000211F8;
7d3b : 000211D4;
7d3c : 000211C8;
7d3d : 00000000;
7d3e : 00000000;
7d3f : 00000001;
7d40 : 00000001;
7d41 : 00000000;
7d42 : 00000000;
7d43 : 00000000;
7d44 : 00000000;
7d45 : 0001F580;
7d46 : 00000000;
7d47 : 00000001;
7d48 : 00000000;
7d49 : 00010000;
7d4a : 00000000;
7d4b : 00000000;
7d4c : 00000000;
7d4d : 00000000;
7d4e : 00000000;
7d4f : 00000000;
7d50 : 000000F8;
7d51 : FFFFFFFF;
7d52 : FFFFFFFF;
7d53 : FFFFFFFF;
7d54 : 00FFFFFF;
7d55 : 00000001;
7d56 : 00000000;
7d57 : 03E8000A;
7d58 : 00000006;
7d59 : 00000080;
7d5a : 00000080;
7d5b : 00000000;
7d5c : 000001F4;
7d5d : 00000000;
7d5e : 00000000;
7d5f : 00000000;
7d60 : 00000003;
7d61 : 00000000;
7d62 : FFFFFFFF;
7d63 : FFFFFFFF;
7d64 : FFFFFFFF;
7d65 : FFFFFFFF;
7d66 : 0001AB9C;
7d67 : 00000025;
7d68 : 00000001;
7d69 : 0000001E;
7d6a : 000003E8;
7d6b : 0000FFFF;
7d6c : 0000FFFF;
7d6d : 00000000;
7d6e : 00000000;
7d6f : 00000000;
7d70 : 00000000;
7d71 : 00000000;
7d72 : 00000000;
7d73 : 00000000;
7d74 : 00000000;
7d75 : 00000000;
7d76 : 00000000;
7d77 : 00000000;
7d78 : 00000000;
7d79 : 00000000;
7d7a : 00000000;
7d7b : 00000000;
7d7c : 00000000;
7d7d : 00000000;
7d7e : 00000000;
7d7f : 00000000;
7d80 : 00000000;
7d81 : 00000000;
7d82 : 00000000;
7d83 : 00000000;
7d84 : 00000000;
7d85 : 00000000;
7d86 : 00000000;
7d87 : 00000000;
7d88 : 00000000;
7d89 : 00000000;
7d8a : 00000000;
7d8b : 00000000;
7d8c : 00000000;
7d8d : 00000000;
7d8e : 00000000;
7d8f : 00000000;
7d90 : 00000000;
7d91 : 00000000;
7d92 : 00000000;
7d93 : 00000000;
7d94 : 00000000;
7d95 : 00000000;
7d96 : 00000000;
7d97 : 00000000;
7d98 : 00000000;
7d99 : 00000000;
7d9a : 00000000;
7d9b : 00000000;
7d9c : 00000000;
7d9d : 00000000;
7d9e : 00000000;
7d9f : 00000000;
7da0 : 00000000;
7da1 : 00000000;
7da2 : 00000000;
7da3 : 00000000;
7da4 : 00000000;
7da5 : 00000000;
7da6 : 00000000;
7da7 : 00000000;
7da8 : 00000000;
7da9 : 00000000;
7daa : 00000000;
7dab : 00000000;
7dac : 00000000;
7dad : 00000000;
7dae : 00000000;
7daf : 00000000;
7db0 : 00000000;
7db1 : 00000000;
7db2 : 00000000;
7db3 : 00000000;
7db4 : 00000000;
7db5 : 00000000;
7db6 : 00000000;
7db7 : 00000000;
7db8 : 00000000;
7db9 : 00000000;
7dba : 00000000;
7dbb : 00000000;
7dbc : 00000000;
7dbd : 00000000;
7dbe : 00000000;
7dbf : 00000000;
7dc0 : 00000000;
7dc1 : 00000000;
7dc2 : 00000000;
7dc3 : 00000000;
7dc4 : 00000000;
7dc5 : 00000000;
7dc6 : 00000000;
7dc7 : 00000000;
7dc8 : 00000000;
7dc9 : 00000000;
7dca : 00000000;
7dcb : 00000000;
7dcc : 00000000;
7dcd : 00000000;
7dce : 00000000;
7dcf : 00000000;
7dd0 : 00000000;
7dd1 : 00000000;
7dd2 : 00000000;
7dd3 : 00000000;
7dd4 : 00000000;
7dd5 : 00000000;
7dd6 : 00000000;
7dd7 : 00000000;
7dd8 : 00000000;
7dd9 : 00000000;
7dda : 00000000;
7ddb : 00000000;
7ddc : 00000000;
7ddd : 00000000;
7dde : 00000000;
7ddf : 00000000;
7de0 : 00000000;
7de1 : 00000000;
7de2 : 00000000;
7de3 : 00000000;
7de4 : 00000000;
7de5 : 00000000;
7de6 : 00000000;
7de7 : 00000000;
7de8 : 00000000;
7de9 : 00000000;
7dea : 00000000;
7deb : 00000000;
7dec : 00000000;
7ded : 00000000;
7dee : 00000000;
7def : 00000000;
7df0 : 00000000;
7df1 : 00000000;
7df2 : 00000000;
7df3 : 00000000;
7df4 : 00000000;
7df5 : 00000000;
7df6 : 00000000;
7df7 : 00000000;
7df8 : 00000000;
7df9 : 00000000;
7dfa : 00000000;
7dfb : 00000000;
7dfc : 00000000;
7dfd : 00000000;
7dfe : 00000000;
7dff : 00000000;
7e00 : 00000000;
7e01 : 00000000;
7e02 : 00000000;
7e03 : 00000000;
7e04 : 00000000;
7e05 : 00000000;
7e06 : 00000000;
7e07 : 00000000;
7e08 : 00000000;
7e09 : 00000000;
7e0a : 00000000;
7e0b : 00000000;
7e0c : 00000000;
7e0d : 00000000;
7e0e : 00000000;
7e0f : 00000000;
7e10 : 00000000;
7e11 : 00000000;
7e12 : 00000000;
7e13 : 00000000;
7e14 : 00000000;
7e15 : 00000000;
7e16 : 00000000;
7e17 : 00000000;
7e18 : 00000000;
7e19 : 00000000;
7e1a : 00000000;
7e1b : 00000000;
7e1c : 00000000;
7e1d : 00000000;
7e1e : 00000000;
7e1f : 00000000;
7e20 : 00000000;
7e21 : 00000000;
7e22 : 00000000;
7e23 : 00000000;
7e24 : 00000000;
7e25 : 00000000;
7e26 : 00000000;
7e27 : 00000000;
7e28 : 00000000;
7e29 : 00000000;
7e2a : 00000000;
7e2b : 00000000;
7e2c : 00000000;
7e2d : 00000000;
7e2e : 00000000;
7e2f : 00000000;
7e30 : 00000000;
7e31 : 00000000;
7e32 : 00000000;
7e33 : 00000000;
7e34 : 00000000;
7e35 : 00000000;
7e36 : 00000000;
7e37 : 00000000;
7e38 : 00000000;
7e39 : 00000000;
7e3a : 00000000;
7e3b : 00000000;
7e3c : 00000000;
7e3d : 00000000;
7e3e : 00000000;
7e3f : 00000000;
7e40 : 00000000;
7e41 : 00000000;
7e42 : 00000000;
7e43 : 00000000;
7e44 : 00000000;
7e45 : 00000000;
7e46 : 00000000;
7e47 : 00000000;
7e48 : 00000000;
7e49 : 00000000;
7e4a : 00000000;
7e4b : 00000000;
7e4c : 00000000;
7e4d : 00000000;
7e4e : 00000000;
7e4f : 00000000;
7e50 : 00000000;
7e51 : 00000000;
7e52 : 00000000;
7e53 : 00000000;
7e54 : 00000000;
7e55 : 00000000;
7e56 : 00000000;
7e57 : 00000000;
7e58 : 00000000;
7e59 : 00000000;
7e5a : 00000000;
7e5b : 00000000;
7e5c : 00000000;
7e5d : 00000000;
7e5e : 00000000;
7e5f : 00000000;
7e60 : 00000000;
7e61 : 00000000;
7e62 : 00000000;
7e63 : 00000000;
7e64 : 00000000;
7e65 : 00000000;
7e66 : 00000000;
7e67 : 00000000;
7e68 : 00000000;
7e69 : 00000000;
7e6a : 00000000;
7e6b : 00000000;
7e6c : 00000000;
7e6d : 00000000;
7e6e : 00000000;
7e6f : 00000000;
7e70 : 00000000;
7e71 : 00000000;
7e72 : 00000000;
7e73 : 00000000;
7e74 : 00000000;
7e75 : 00000000;
7e76 : 00000000;
7e77 : 00000000;
7e78 : 00000000;
7e79 : 00000000;
7e7a : 00000000;
7e7b : 00000000;
7e7c : 00000000;
7e7d : 00000000;
7e7e : 00000000;
7e7f : 00000000;
7e80 : 00000000;
7e81 : 00000000;
7e82 : 00000000;
7e83 : 00000000;
7e84 : 00000000;
7e85 : 00000000;
7e86 : 00000000;
7e87 : 00000000;
7e88 : 00000000;
7e89 : 00000000;
7e8a : 00000000;
7e8b : 00000000;
7e8c : 00000000;
7e8d : 00000000;
7e8e : 00000000;
7e8f : 00000000;
7e90 : 00000000;
7e91 : 00000000;
7e92 : 00000000;
7e93 : 00000000;
7e94 : 00000000;
7e95 : 00000000;
7e96 : 00000000;
7e97 : 00000000;
7e98 : 00000000;
7e99 : 00000000;
7e9a : 00000000;
7e9b : 00000000;
7e9c : 00000000;
7e9d : 00000000;
7e9e : 00000000;
7e9f : 00000000;
7ea0 : 00000000;
7ea1 : 00000000;
7ea2 : 00000000;
7ea3 : 00000000;
7ea4 : 00000000;
7ea5 : 00000000;
7ea6 : 00000000;
7ea7 : 00000000;
7ea8 : 00000000;
7ea9 : 00000000;
7eaa : 00000000;
7eab : 00000000;
7eac : 00000000;
7ead : 00000000;
7eae : 00000000;
7eaf : 00000000;
7eb0 : 00000000;
7eb1 : 00000000;
7eb2 : 00000000;
7eb3 : 00000000;
7eb4 : 00000000;
7eb5 : 00000000;
7eb6 : 00000000;
7eb7 : 00000000;
7eb8 : 00000000;
7eb9 : 00000000;
7eba : 00000000;
7ebb : 00000000;
7ebc : 00000000;
7ebd : 00000000;
7ebe : 00000000;
7ebf : 00000000;
7ec0 : 00000000;
7ec1 : 00000000;
7ec2 : 00000000;
7ec3 : 00000000;
7ec4 : 00000000;
7ec5 : 00000000;
7ec6 : 00000000;
7ec7 : 00000000;
7ec8 : 00000000;
7ec9 : 00000000;
7eca : 00000000;
7ecb : 00000000;
7ecc : 00000000;
7ecd : 00000000;
7ece : 00000000;
7ecf : 00000000;
7ed0 : 00000000;
7ed1 : 00000000;
7ed2 : 00000000;
7ed3 : 00000000;
7ed4 : 00000000;
7ed5 : 00000000;
7ed6 : 00000000;
7ed7 : 00000000;
7ed8 : 00000000;
7ed9 : 00000000;
7eda : 00000000;
7edb : 00000000;
7edc : 00000000;
7edd : 00000000;
7ede : 00000000;
7edf : 00000000;
7ee0 : 00000000;
7ee1 : 00000000;
7ee2 : 00000000;
7ee3 : 00000000;
7ee4 : 00000000;
7ee5 : 00000000;
7ee6 : 00000000;
7ee7 : 00000000;
7ee8 : 00000000;
7ee9 : 00000000;
7eea : 00000000;
7eeb : 00000000;
7eec : 00000000;
7eed : 00000000;
7eee : 00000000;
7eef : 00000000;
7ef0 : 00000000;
7ef1 : 00000000;
7ef2 : 00000000;
7ef3 : 00000000;
7ef4 : 00000000;
7ef5 : 00000000;
7ef6 : 00000000;
7ef7 : 00000000;
7ef8 : 00000000;
7ef9 : 00000000;
7efa : 00000000;
7efb : 00000000;
7efc : 00000000;
7efd : 00000000;
7efe : 00000000;
7eff : 00000000;
7f00 : 00000000;
7f01 : 00000000;
7f02 : 00000000;
7f03 : 00000000;
7f04 : 00000000;
7f05 : 00000000;
7f06 : 00000000;
7f07 : 00000000;
7f08 : 00000000;
7f09 : 00000000;
7f0a : 00000000;
7f0b : 00000000;
7f0c : 00000000;
7f0d : 00000000;
7f0e : 00000000;
7f0f : 00000000;
7f10 : 00000000;
7f11 : 00000000;
7f12 : 00000000;
7f13 : 00000000;
7f14 : 00000000;
7f15 : 00000000;
7f16 : 00000000;
7f17 : 00000000;
7f18 : 00000000;
7f19 : 00000000;
7f1a : 00000000;
7f1b : 00000000;
7f1c : 00000000;
7f1d : 00000000;
7f1e : 00000000;
7f1f : 00000000;
7f20 : 00000000;
7f21 : 00000000;
7f22 : 00000000;
7f23 : 00000000;
7f24 : 00000000;
7f25 : 00000000;
7f26 : 00000000;
7f27 : 00000000;
7f28 : 00000000;
7f29 : 00000000;
7f2a : 00000000;
7f2b : 00000000;
7f2c : 00000000;
7f2d : 00000000;
7f2e : 00000000;
7f2f : 00000000;
7f30 : 00000000;
7f31 : 00000000;
7f32 : 00000000;
7f33 : 00000000;
7f34 : 00000000;
7f35 : 00000000;
7f36 : 00000000;
7f37 : 00000000;
7f38 : 00000000;
7f39 : 00000000;
7f3a : 00000000;
7f3b : 00000000;
7f3c : 00000000;
7f3d : 00000000;
7f3e : 00000000;
7f3f : 00000000;
7f40 : 00000000;
7f41 : 00000000;
7f42 : 00000000;
7f43 : 00000000;
7f44 : 00000000;
7f45 : 00000000;
7f46 : 00000000;
7f47 : 00000000;
7f48 : 00000000;
7f49 : 00000000;
7f4a : 00000000;
7f4b : 00000000;
7f4c : 00000000;
7f4d : 00000000;
7f4e : 00000000;
7f4f : 00000000;
7f50 : 00000000;
7f51 : 00000000;
7f52 : 00000000;
7f53 : 00000000;
7f54 : 00000000;
7f55 : 00000000;
7f56 : 00000000;
7f57 : 00000000;
7f58 : 00000000;
7f59 : 00000000;
7f5a : 00000000;
7f5b : 00000000;
7f5c : 00000000;
7f5d : 00000000;
7f5e : 00000000;
7f5f : 00000000;
7f60 : 00000000;
7f61 : 00000000;
7f62 : 00000000;
7f63 : 00000000;
7f64 : 00000000;
7f65 : 00000000;
7f66 : 00000000;
7f67 : 00000000;
7f68 : 00000000;
7f69 : 00000000;
7f6a : 00000000;
7f6b : 00000000;
7f6c : 00000000;
7f6d : 00000000;
7f6e : 00000000;
7f6f : 00000000;
7f70 : 00000000;
7f71 : 00000000;
7f72 : 00000000;
7f73 : 00000000;
7f74 : 00000000;
7f75 : 00000000;
7f76 : 00000000;
7f77 : 00000000;
7f78 : 00000000;
7f79 : 00000000;
7f7a : 00000000;
7f7b : 00000000;
7f7c : 00000000;
7f7d : 00000000;
7f7e : 00000000;
7f7f : 00000000;
7f80 : 00000000;
7f81 : 00000000;
7f82 : 00000000;
7f83 : 00000000;
7f84 : 00000000;
7f85 : 00000000;
7f86 : 00000000;
7f87 : 00000000;
7f88 : 00000000;
7f89 : 00000000;
7f8a : 00000000;
7f8b : 00000000;
7f8c : 00000000;
7f8d : 00000000;
7f8e : 00000000;
7f8f : 00000000;
7f90 : 00000000;
7f91 : 00000000;
7f92 : 00000000;
7f93 : 00000000;
7f94 : 00000000;
7f95 : 00000000;
7f96 : 00000000;
7f97 : 00000000;
7f98 : 00000000;
7f99 : 00000000;
7f9a : 00000000;
7f9b : 00000000;
7f9c : 00000000;
7f9d : 00000000;
7f9e : 00000000;
7f9f : 00000000;
7fa0 : 00000000;
7fa1 : 00000000;
7fa2 : 00000000;
7fa3 : 00000000;
7fa4 : 00000000;
7fa5 : 00000000;
7fa6 : 00000000;
7fa7 : 00000000;
7fa8 : 00000000;
7fa9 : 00000000;
7faa : 00000000;
7fab : 00000000;
7fac : 00000000;
7fad : 00000000;
7fae : 00000000;
7faf : 00000000;
7fb0 : 00000000;
7fb1 : 00000000;
7fb2 : 00000000;
7fb3 : 00000000;
7fb4 : 00000000;
7fb5 : 00000000;
7fb6 : 00000000;
7fb7 : 00000000;
7fb8 : 00000000;
7fb9 : 00000000;
7fba : 00000000;
7fbb : 00000000;
7fbc : 00000000;
7fbd : 00000000;
7fbe : 00000000;
7fbf : 00000000;
7fc0 : 00000000;
7fc1 : 00000000;
7fc2 : 00000000;
7fc3 : 00000000;
7fc4 : 00000000;
7fc5 : 00000000;
7fc6 : 00000000;
7fc7 : 00000000;
7fc8 : 00000000;
7fc9 : 00000000;
7fca : 00000000;
7fcb : 00000000;
7fcc : 00000000;
7fcd : 00000000;
7fce : 00000000;
7fcf : 00000000;
7fd0 : 00000000;
7fd1 : 00000000;
7fd2 : 00000000;
7fd3 : 00000000;
7fd4 : 00000000;
7fd5 : 00000000;
7fd6 : 00000000;
7fd7 : 00000000;
7fd8 : 00000000;
7fd9 : 00000000;
7fda : 00000000;
7fdb : 00000000;
7fdc : 00000000;
7fdd : 00000000;
7fde : 00000000;
7fdf : 00000000;
7fe0 : 00000000;
7fe1 : 00000000;
7fe2 : 00000000;
7fe3 : 00000000;
7fe4 : 00000000;
7fe5 : 00000000;
7fe6 : 00000000;
7fe7 : 00000000;
7fe8 : 00000000;
7fe9 : 00000000;
7fea : 00000000;
7feb : 00000000;
7fec : 00000000;
7fed : 00000000;
7fee : 00000000;
7fef : 00000000;
7ff0 : 00000000;
7ff1 : 00000000;
7ff2 : 00000000;
7ff3 : 00000000;
7ff4 : 00000000;
7ff5 : 00000000;
7ff6 : 00000000;
7ff7 : 00000000;
7ff8 : 00000000;
7ff9 : 00000000;
7ffa : 00000000;
7ffb : 00000000;
7ffc : 00000000;
7ffd : 00000000;
7ffe : 00000000;
7fff : 00000000;
8000 : 00000000;
8001 : 00000000;
8002 : 00000000;
8003 : 00000000;
8004 : 00000000;
8005 : 00000000;
8006 : 00000000;
8007 : 00000000;
8008 : 00000000;
8009 : 00000000;
800a : 00000000;
800b : 00000000;
800c : 00000000;
800d : 00000000;
800e : 00000000;
800f : 00000000;
8010 : 00000000;
8011 : 00000000;
8012 : 00000000;
8013 : 00000000;
8014 : 00000000;
8015 : 00000000;
8016 : 00000000;
8017 : 00000000;
8018 : 00000000;
8019 : 00000000;
801a : 00000000;
801b : 00000000;
801c : 00000000;
801d : 00000000;
801e : 00000000;
801f : 00000000;
8020 : 00000000;
8021 : 00000000;
8022 : 00000000;
8023 : 00000000;
8024 : 00000000;
8025 : 00000000;
8026 : 00000000;
8027 : 00000000;
8028 : 00000000;
8029 : 00000000;
802a : 00000000;
802b : 00000000;
802c : 00000000;
802d : 00000000;
802e : 00000000;
802f : 00000000;
8030 : 00000000;
8031 : 00000000;
8032 : 00000000;
8033 : 00000000;
8034 : 00000000;
8035 : 00000000;
8036 : 00000000;
8037 : 00000000;
8038 : 00000000;
8039 : 00000000;
803a : 00000000;
803b : 00000000;
803c : 00000000;
803d : 00000000;
803e : 00000000;
803f : 00000000;
8040 : 00000000;
8041 : 00000000;
8042 : 00000000;
8043 : 00000000;
8044 : 00000000;
8045 : 00000000;
8046 : 00000000;
8047 : 00000000;
8048 : 00000000;
8049 : 00000000;
804a : 00000000;
804b : 00000000;
804c : 00000000;
804d : 00000000;
804e : 00000000;
804f : 00000000;
8050 : 00000000;
8051 : 00000000;
8052 : 00000000;
8053 : 00000000;
8054 : 00000000;
8055 : 00000000;
8056 : 00000000;
8057 : 00000000;
8058 : 00000000;
8059 : 00000000;
805a : 00000000;
805b : 00000000;
805c : 00000000;
805d : 00000000;
805e : 00000000;
805f : 00000000;
8060 : 00000000;
8061 : 00000000;
8062 : 00000000;
8063 : 00000000;
8064 : 00000000;
8065 : 00000000;
8066 : 00000000;
8067 : 00000000;
8068 : 00000000;
8069 : 00000000;
806a : 00000000;
806b : 00000000;
806c : 00000000;
806d : 00000000;
806e : 00000000;
806f : 00000000;
8070 : 00000000;
8071 : 00000000;
8072 : 00000000;
8073 : 00000000;
8074 : 00000000;
8075 : 00000000;
8076 : 00000000;
8077 : 00000000;
8078 : 00000000;
8079 : 00000000;
807a : 00000000;
807b : 00000000;
807c : 00000000;
807d : 00000000;
807e : 00000000;
807f : 00000000;
8080 : 00000000;
8081 : 00000000;
8082 : 00000000;
8083 : 00000000;
8084 : 00000000;
8085 : 00000000;
8086 : 00000000;
8087 : 00000000;
8088 : 00000000;
8089 : 00000000;
808a : 00000000;
808b : 00000000;
808c : 00000000;
808d : 00000000;
808e : 00000000;
808f : 00000000;
8090 : 00000000;
8091 : 00000000;
8092 : 00000000;
8093 : 00000000;
8094 : 00000000;
8095 : 00000000;
8096 : 00000000;
8097 : 00000000;
8098 : 00000000;
8099 : 00000000;
809a : 00000000;
809b : 00000000;
809c : 00000000;
809d : 00000000;
809e : 00000000;
809f : 00000000;
80a0 : 00000000;
80a1 : 00000000;
80a2 : 00000000;
80a3 : 00000000;
80a4 : 00000000;
80a5 : 00000000;
80a6 : 00000000;
80a7 : 00000000;
80a8 : 00000000;
80a9 : 00000000;
80aa : 00000000;
80ab : 00000000;
80ac : 00000000;
80ad : 00000000;
80ae : 00000000;
80af : 00000000;
80b0 : 00000000;
80b1 : 00000000;
80b2 : 00000000;
80b3 : 00000000;
80b4 : 00000000;
80b5 : 00000000;
80b6 : 00000000;
80b7 : 00000000;
80b8 : 00000000;
80b9 : 00000000;
80ba : 00000000;
80bb : 00000000;
80bc : 00000000;
80bd : 00000000;
80be : 00000000;
80bf : 00000000;
80c0 : 00000000;
80c1 : 00000000;
80c2 : 00000000;
80c3 : 00000000;
80c4 : 00000000;
80c5 : 00000000;
80c6 : 00000000;
80c7 : 00000000;
80c8 : 00000000;
80c9 : 00000000;
80ca : 00000000;
80cb : 00000000;
80cc : 00000000;
80cd : 00000000;
80ce : 00000000;
80cf : 00000000;
80d0 : 00000000;
80d1 : 00000000;
80d2 : 00000000;
80d3 : 00000000;
80d4 : 00000000;
80d5 : 00000000;
80d6 : 00000000;
80d7 : 00000000;
80d8 : 00000000;
80d9 : 00000000;
80da : 00000000;
80db : 00000000;
80dc : 00000000;
80dd : 00000000;
80de : 00000000;
80df : 00000000;
80e0 : 00000000;
80e1 : 00000000;
80e2 : 00000000;
80e3 : 00000000;
80e4 : 00000000;
80e5 : 00000000;
80e6 : 00000000;
80e7 : 00000000;
80e8 : 00000000;
80e9 : 00000000;
80ea : 00000000;
80eb : 00000000;
80ec : 00000000;
80ed : 00000000;
80ee : 00000000;
80ef : 00000000;
80f0 : 00000000;
80f1 : 00000000;
80f2 : 00000000;
80f3 : 00000000;
80f4 : 00000000;
80f5 : 00000000;
80f6 : 00000000;
80f7 : 00000000;
80f8 : 00000000;
80f9 : 00000000;
80fa : 00000000;
80fb : 00000000;
80fc : 00000000;
80fd : 00000000;
80fe : 00000000;
80ff : 00000000;
8100 : 00000000;
8101 : 00000000;
8102 : 00000000;
8103 : 00000000;
8104 : 00000000;
8105 : 00000000;
8106 : 00000000;
8107 : 00000000;
8108 : 00000000;
8109 : 00000000;
810a : 00000000;
810b : 00000000;
810c : 00000000;
810d : 00000000;
810e : 00000000;
810f : 00000000;
8110 : 00000000;
8111 : 00000000;
8112 : 00000000;
8113 : 00000000;
8114 : 00000000;
8115 : 00000000;
8116 : 00000000;
8117 : 00000000;
8118 : 00000000;
8119 : 00000000;
811a : 00000000;
811b : 00000000;
811c : 00000000;
811d : 00000000;
811e : 00000000;
811f : 00000000;
8120 : 00000000;
8121 : 00000000;
8122 : 00000000;
8123 : 00000000;
8124 : 00000000;
8125 : 00000000;
8126 : 00000000;
8127 : 00000000;
8128 : 00000000;
8129 : 00000000;
812a : 00000000;
812b : 00000000;
812c : 00000000;
812d : 00000000;
812e : 00000000;
812f : 00000000;
8130 : 00000000;
8131 : 00000000;
8132 : 00000000;
8133 : 00000000;
8134 : 00000000;
8135 : 00000000;
8136 : 00000000;
8137 : 00000000;
8138 : 00000000;
8139 : 00000000;
813a : 00000000;
813b : 00000000;
813c : 00000000;
813d : 00000000;
813e : 00000000;
813f : 00000000;
8140 : 00000000;
8141 : 00000000;
8142 : 00000000;
8143 : 00000000;
8144 : 00000000;
8145 : 00000000;
8146 : 00000000;
8147 : 00000000;
8148 : 00000000;
8149 : 00000000;
814a : 00000000;
814b : 00000000;
814c : 00000000;
814d : 00000000;
814e : 00000000;
814f : 00000000;
8150 : 00000000;
8151 : 00000000;
8152 : 00000000;
8153 : 00000000;
8154 : 00000000;
8155 : 00000000;
8156 : 00000000;
8157 : 00000000;
8158 : 00000000;
8159 : 00000000;
815a : 00000000;
815b : 00000000;
815c : 00000000;
815d : 00000000;
815e : 00000000;
815f : 00000000;
8160 : 00000000;
8161 : 00000000;
8162 : 00000000;
8163 : 00000000;
8164 : 00000000;
8165 : 00000000;
8166 : 00000000;
8167 : 00000000;
8168 : 00000000;
8169 : 00000000;
816a : 00000000;
816b : 00000000;
816c : 00000000;
816d : 00000000;
816e : 00000000;
816f : 00000000;
8170 : 00000000;
8171 : 00000000;
8172 : 00000000;
8173 : 00000000;
8174 : 00000000;
8175 : 00000000;
8176 : 00000000;
8177 : 00000000;
8178 : 00000000;
8179 : 00000000;
817a : 00000000;
817b : 00000000;
817c : 00000000;
817d : 00000000;
817e : 00000000;
817f : 00000000;
8180 : 00000000;
8181 : 00000000;
8182 : 00000000;
8183 : 00000000;
8184 : 00000000;
8185 : 00000000;
8186 : 00000000;
8187 : 00000000;
8188 : 00000000;
8189 : 00000000;
818a : 00000000;
818b : 00000000;
818c : 00000000;
818d : 00000000;
818e : 00000000;
818f : 00000000;
8190 : 00000000;
8191 : 00000000;
8192 : 00000000;
8193 : 00000000;
8194 : 00000000;
8195 : 00000000;
8196 : 00000000;
8197 : 00000000;
8198 : 00000000;
8199 : 00000000;
819a : 00000000;
819b : 00000000;
819c : 00000000;
819d : 00000000;
819e : 00000000;
819f : 00000000;
81a0 : 00000000;
81a1 : 00000000;
81a2 : 00000000;
81a3 : 00000000;
81a4 : 00000000;
81a5 : 00000000;
81a6 : 00000000;
81a7 : 00000000;
81a8 : 00000000;
81a9 : 00000000;
81aa : 00000000;
81ab : 00000000;
81ac : 00000000;
81ad : 00000000;
81ae : 00000000;
81af : 00000000;
81b0 : 00000000;
81b1 : 00000000;
81b2 : 00000000;
81b3 : 00000000;
81b4 : 00000000;
81b5 : 00000000;
81b6 : 00000000;
81b7 : 00000000;
81b8 : 00000000;
81b9 : 00000000;
81ba : 00000000;
81bb : 00000000;
81bc : 00000000;
81bd : 00000000;
81be : 00000000;
81bf : 00000000;
81c0 : 00000000;
81c1 : 00000000;
81c2 : 00000000;
81c3 : 00000000;
81c4 : 00000000;
81c5 : 00000000;
81c6 : 00000000;
81c7 : 00000000;
81c8 : 00000000;
81c9 : 00000000;
81ca : 00000000;
81cb : 00000000;
81cc : 00000000;
81cd : 00000000;
81ce : 00000000;
81cf : 00000000;
81d0 : 00000000;
81d1 : 00000000;
81d2 : 00000000;
81d3 : 00000000;
81d4 : 00000000;
81d5 : 00000000;
81d6 : 00000000;
81d7 : 00000000;
81d8 : 00000000;
81d9 : 00000000;
81da : 00000000;
81db : 00000000;
81dc : 00000000;
81dd : 00000000;
81de : 00000000;
81df : 00000000;
81e0 : 00000000;
81e1 : 00000000;
81e2 : 00000000;
81e3 : 00000000;
81e4 : 00000000;
81e5 : 00000000;
81e6 : 00000000;
81e7 : 00000000;
81e8 : 00000000;
81e9 : 00000000;
81ea : 00000000;
81eb : 00000000;
81ec : 00000000;
81ed : 00000000;
81ee : 00000000;
81ef : 00000000;
81f0 : 00000000;
81f1 : 00000000;
81f2 : 00000000;
81f3 : 00000000;
81f4 : 00000000;
81f5 : 00000000;
81f6 : 00000000;
81f7 : 00000000;
81f8 : 00000000;
81f9 : 00000000;
81fa : 00000000;
81fb : 00000000;
81fc : 00000000;
81fd : 00000000;
81fe : 00000000;
81ff : 00000000;
8200 : 00000000;
8201 : 00000000;
8202 : 00000000;
8203 : 00000000;
8204 : 00000000;
8205 : 00000000;
8206 : 00000000;
8207 : 00000000;
8208 : 00000000;
8209 : 00000000;
820a : 00000000;
820b : 00000000;
820c : 00000000;
820d : 00000000;
820e : 00000000;
820f : 00000000;
8210 : 00000000;
8211 : 00000000;
8212 : 00000000;
8213 : 00000000;
8214 : 00000000;
8215 : 00000000;
8216 : 00000000;
8217 : 00000000;
8218 : 00000000;
8219 : 00000000;
821a : 00000000;
821b : 00000000;
821c : 00000000;
821d : 00000000;
821e : 00000000;
821f : 00000000;
8220 : 00000000;
8221 : 00000000;
8222 : 00000000;
8223 : 00000000;
8224 : 00000000;
8225 : 00000000;
8226 : 00000000;
8227 : 00000000;
8228 : 00000000;
8229 : 00000000;
822a : 00000000;
822b : 00000000;
822c : 00000000;
822d : 00000000;
822e : 00000000;
822f : 00000000;
8230 : 00000000;
8231 : 00000000;
8232 : 00000000;
8233 : 00000000;
8234 : 00000000;
8235 : 00000000;
8236 : 00000000;
8237 : 00000000;
8238 : 00000000;
8239 : 00000000;
823a : 00000000;
823b : 00000000;
823c : 00000000;
823d : 00000000;
823e : 00000000;
823f : 00000000;
8240 : 00000000;
8241 : 00000000;
8242 : 00000000;
8243 : 00000000;
8244 : 00000000;
8245 : 00000000;
8246 : 00000000;
8247 : 00000000;
8248 : 00000000;
8249 : 00000000;
824a : 00000000;
824b : 00000000;
824c : 00000000;
824d : 00000000;
824e : 00000000;
824f : 00000000;
8250 : 00000000;
8251 : 00000000;
8252 : 00000000;
8253 : 00000000;
8254 : 00000000;
8255 : 00000000;
8256 : 00000000;
8257 : 00000000;
8258 : 00000000;
8259 : 00000000;
825a : 00000000;
825b : 00000000;
825c : 00000000;
825d : 00000000;
825e : 00000000;
825f : 00000000;
8260 : 00000000;
8261 : 00000000;
8262 : 00000000;
8263 : 00000000;
8264 : 00000000;
8265 : 00000000;
8266 : 00000000;
8267 : 00000000;
8268 : 00000000;
8269 : 00000000;
826a : 00000000;
826b : 00000000;
826c : 00000000;
826d : 00000000;
826e : 00000000;
826f : 00000000;
8270 : 00000000;
8271 : 00000000;
8272 : 00000000;
8273 : 00000000;
8274 : 00000000;
8275 : 00000000;
8276 : 00000000;
8277 : 00000000;
8278 : 00000000;
8279 : 00000000;
827a : 00000000;
827b : 00000000;
827c : 00000000;
827d : 00000000;
827e : 00000000;
827f : 00000000;
8280 : 00000000;
8281 : 00000000;
8282 : 00000000;
8283 : 00000000;
8284 : 00000000;
8285 : 00000000;
8286 : 00000000;
8287 : 00000000;
8288 : 00000000;
8289 : 00000000;
828a : 00000000;
828b : 00000000;
828c : 00000000;
828d : 00000000;
828e : 00000000;
828f : 00000000;
8290 : 00000000;
8291 : 00000000;
8292 : 00000000;
8293 : 00000000;
8294 : 00000000;
8295 : 00000000;
8296 : 00000000;
8297 : 00000000;
8298 : 00000000;
8299 : 00000000;
829a : 00000000;
829b : 00000000;
829c : 00000000;
829d : 00000000;
829e : 00000000;
829f : 00000000;
82a0 : 00000000;
82a1 : 00000000;
82a2 : 00000000;
82a3 : 00000000;
82a4 : 00000000;
82a5 : 00000000;
82a6 : 00000000;
82a7 : 00000000;
82a8 : 00000000;
82a9 : 00000000;
82aa : 00000000;
82ab : 00000000;
82ac : 00000000;
82ad : 00000000;
82ae : 00000000;
82af : 00000000;
82b0 : 00000000;
82b1 : 00000000;
82b2 : 00000000;
82b3 : 00000000;
82b4 : 00000000;
82b5 : 00000000;
82b6 : 00000000;
82b7 : 00000000;
82b8 : 00000000;
82b9 : 00000000;
82ba : 00000000;
82bb : 00000000;
82bc : 00000000;
82bd : 00000000;
82be : 00000000;
82bf : 00000000;
82c0 : 00000000;
82c1 : 00000000;
82c2 : 00000000;
82c3 : 00000000;
82c4 : 00000000;
82c5 : 00000000;
82c6 : 00000000;
82c7 : 00000000;
82c8 : 00000000;
82c9 : 00000000;
82ca : 00000000;
82cb : 00000000;
82cc : 00000000;
82cd : 00000000;
82ce : 00000000;
82cf : 00000000;
82d0 : 00000000;
82d1 : 00000000;
82d2 : 00000000;
82d3 : 00000000;
82d4 : 00000000;
82d5 : 00000000;
82d6 : 00000000;
82d7 : 00000000;
82d8 : 00000000;
82d9 : 00000000;
82da : 00000000;
82db : 00000000;
82dc : 00000000;
82dd : 00000000;
82de : 00000000;
82df : 00000000;
82e0 : 00000000;
82e1 : 00000000;
82e2 : 00000000;
82e3 : 00000000;
82e4 : 00000000;
82e5 : 00000000;
82e6 : 00000000;
82e7 : 00000000;
82e8 : 00000000;
82e9 : 00000000;
82ea : 00000000;
82eb : 00000000;
82ec : 00000000;
82ed : 00000000;
82ee : 00000000;
82ef : 00000000;
82f0 : 00000000;
82f1 : 00000000;
82f2 : 00000000;
82f3 : 00000000;
82f4 : 00000000;
82f5 : 00000000;
82f6 : 00000000;
82f7 : 00000000;
82f8 : 00000000;
82f9 : 00000000;
82fa : 00000000;
82fb : 00000000;
82fc : 00000000;
82fd : 00000000;
82fe : 00000000;
82ff : 00000000;
8300 : 00000000;
8301 : 00000000;
8302 : 00000000;
8303 : 00000000;
8304 : 00000000;
8305 : 00000000;
8306 : 00000000;
8307 : 00000000;
8308 : 00000000;
8309 : 00000000;
830a : 00000000;
830b : 00000000;
830c : 00000000;
830d : 00000000;
830e : 00000000;
830f : 00000000;
8310 : 00000000;
8311 : 00000000;
8312 : 00000000;
8313 : 00000000;
8314 : 00000000;
8315 : 00000000;
8316 : 00000000;
8317 : 00000000;
8318 : 00000000;
8319 : 00000000;
831a : 00000000;
831b : 00000000;
831c : 00000000;
831d : 00000000;
831e : 00000000;
831f : 00000000;
8320 : 00000000;
8321 : 00000000;
8322 : 00000000;
8323 : 00000000;
8324 : 00000000;
8325 : 00000000;
8326 : 00000000;
8327 : 00000000;
8328 : 00000000;
8329 : 00000000;
832a : 00000000;
832b : 00000000;
832c : 00000000;
832d : 00000000;
832e : 00000000;
832f : 00000000;
8330 : 00000000;
8331 : 00000000;
8332 : 00000000;
8333 : 00000000;
8334 : 00000000;
8335 : 00000000;
8336 : 00000000;
8337 : 00000000;
8338 : 00000000;
8339 : 00000000;
833a : 00000000;
833b : 00000000;
833c : 00000000;
833d : 00000000;
833e : 00000000;
833f : 00000000;
8340 : 00000000;
8341 : 00000000;
8342 : 00000000;
8343 : 00000000;
8344 : 00000000;
8345 : 00000000;
8346 : 00000000;
8347 : 00000000;
8348 : 00000000;
8349 : 00000000;
834a : 00000000;
834b : 00000000;
834c : 00000000;
834d : 00000000;
834e : 00000000;
834f : 00000000;
8350 : 00000000;
8351 : 00000000;
8352 : 00000000;
8353 : 00000000;
8354 : 00000000;
8355 : 00000000;
8356 : 00000000;
8357 : 00000000;
8358 : 00000000;
8359 : 00000000;
835a : 00000000;
835b : 00000000;
835c : 00000000;
835d : 00000000;
835e : 00000000;
835f : 00000000;
8360 : 00000000;
8361 : 00000000;
8362 : 00000000;
8363 : 00000000;
8364 : 00000000;
8365 : 00000000;
8366 : 00000000;
8367 : 00000000;
8368 : 00000000;
8369 : 00000000;
836a : 00000000;
836b : 00000000;
836c : 00000000;
836d : 00000000;
836e : 00000000;
836f : 00000000;
8370 : 00000000;
8371 : 00000000;
8372 : 00000000;
8373 : 00000000;
8374 : 00000000;
8375 : 00000000;
8376 : 00000000;
8377 : 00000000;
8378 : 00000000;
8379 : 00000000;
837a : 00000000;
837b : 00000000;
837c : 00000000;
837d : 00000000;
837e : 00000000;
837f : 00000000;
8380 : 00000000;
8381 : 00000000;
8382 : 00000000;
8383 : 00000000;
8384 : 00000000;
8385 : 00000000;
8386 : 00000000;
8387 : 00000000;
8388 : 00000000;
8389 : 00000000;
838a : 00000000;
838b : 00000000;
838c : 00000000;
838d : 00000000;
838e : 00000000;
838f : 00000000;
8390 : 00000000;
8391 : 00000000;
8392 : 00000000;
8393 : 00000000;
8394 : 00000000;
8395 : 00000000;
8396 : 00000000;
8397 : 00000000;
8398 : 00000000;
8399 : 00000000;
839a : 00000000;
839b : 00000000;
839c : 00000000;
839d : 00000000;
839e : 00000000;
839f : 00000000;
83a0 : 00000000;
83a1 : 00000000;
83a2 : 00000000;
83a3 : 00000000;
83a4 : 00000000;
83a5 : 00000000;
83a6 : 00000000;
83a7 : 00000000;
83a8 : 00000000;
83a9 : 00000000;
83aa : 00000000;
83ab : 00000000;
83ac : 00000000;
83ad : 00000000;
83ae : 00000000;
83af : 00000000;
83b0 : 00000000;
83b1 : 00000000;
83b2 : 00000000;
83b3 : 00000000;
83b4 : 00000000;
83b5 : 00000000;
83b6 : 00000000;
83b7 : 00000000;
83b8 : 00000000;
83b9 : 00000000;
83ba : 00000000;
83bb : 00000000;
83bc : 00000000;
83bd : 00000000;
83be : 00000000;
83bf : 00000000;
83c0 : 00000000;
83c1 : 00000000;
83c2 : 00000000;
83c3 : 00000000;
83c4 : 00000000;
83c5 : 00000000;
83c6 : 00000000;
83c7 : 00000000;
83c8 : 00000000;
83c9 : 00000000;
83ca : 00000000;
83cb : 00000000;
83cc : 00000000;
83cd : 00000000;
83ce : 00000000;
83cf : 00000000;
83d0 : 00000000;
83d1 : 00000000;
83d2 : 00000000;
83d3 : 00000000;
83d4 : 00000000;
83d5 : 00000000;
83d6 : 00000000;
83d7 : 00000000;
83d8 : 00000000;
83d9 : 00000000;
83da : 00000000;
83db : 00000000;
83dc : 00000000;
83dd : 00000000;
83de : 00000000;
83df : 00000000;
83e0 : 00000000;
83e1 : 00000000;
83e2 : 00000000;
83e3 : 00000000;
83e4 : 00000000;
83e5 : 00000000;
83e6 : 00000000;
83e7 : 00000000;
83e8 : 00000000;
83e9 : 00000000;
83ea : 00000000;
83eb : 00000000;
83ec : 00000000;
83ed : 00000000;
83ee : 00000000;
83ef : 00000000;
83f0 : 00000000;
83f1 : 00000000;
83f2 : 00000000;
83f3 : 00000000;
83f4 : 00000000;
83f5 : 00000000;
83f6 : 00000000;
83f7 : 00000000;
83f8 : 00000000;
83f9 : 00000000;
83fa : 00000000;
83fb : 00000000;
83fc : 00000000;
83fd : 00000000;
83fe : 00000000;
83ff : 00000000;
8400 : 00000000;
8401 : 00000000;
8402 : 00000000;
8403 : 00000000;
8404 : 00000000;
8405 : 00000000;
8406 : 00000000;
8407 : 00000000;
8408 : 00000000;
8409 : 00000000;
840a : 00000000;
840b : 00000000;
840c : 00000000;
840d : 00000000;
840e : 00000000;
840f : 00000000;
8410 : 00000000;
8411 : 00000000;
8412 : 00000000;
8413 : 00000000;
8414 : 00000000;
8415 : 00000000;
8416 : 00000000;
8417 : 00000000;
8418 : 00000000;
8419 : 00000000;
841a : 00000000;
841b : 00000000;
841c : 00000000;
841d : 00000000;
841e : 00000000;
841f : 00000000;
8420 : 00000000;
8421 : 00000000;
8422 : 00000000;
8423 : 00000000;
8424 : 00000000;
8425 : 00000000;
8426 : 00000000;
8427 : 00000000;
8428 : 00000000;
8429 : 00000000;
842a : 00000000;
842b : 00000000;
842c : 00000000;
842d : 00000000;
842e : 00000000;
842f : 00000000;
8430 : 00000000;
8431 : 00000000;
8432 : 00000000;
8433 : 00000000;
8434 : 00000000;
8435 : 00000000;
8436 : 00000000;
8437 : 00000000;
8438 : 00000000;
8439 : 00000000;
843a : 00000000;
843b : 00000000;
843c : 00000000;
843d : 00000000;
843e : 00000000;
843f : 00000000;
8440 : 00000000;
8441 : 00000000;
8442 : 00000000;
8443 : 00000000;
8444 : 00000000;
8445 : 00000000;
8446 : 00000000;
8447 : 00000000;
8448 : 00000000;
8449 : 00000000;
844a : 00000000;
844b : 00000000;
844c : 00000000;
844d : 00000000;
844e : 00000000;
844f : 00000000;
8450 : 00000000;
8451 : 00000000;
8452 : 00000000;
8453 : 00000000;
8454 : 00000000;
8455 : 00000000;
8456 : 00000000;
8457 : 00000000;
8458 : 00000000;
8459 : 00000000;
845a : 00000000;
845b : 00000000;
845c : 00000000;
845d : 00000000;
845e : 00000000;
845f : 00000000;
8460 : 00000000;
8461 : 00000000;
8462 : 00000000;
8463 : 00000000;
8464 : 00000000;
8465 : 00000000;
8466 : 00000000;
8467 : 00000000;
8468 : 00000000;
8469 : 00000000;
846a : 00000000;
846b : 00000000;
846c : 00000000;
846d : 00000000;
846e : 00000000;
846f : 00000000;
8470 : 00000000;
8471 : 00000000;
8472 : 00000000;
8473 : 00000000;
8474 : 00000000;
8475 : 00000000;
8476 : 00000000;
8477 : 00000000;
8478 : 00000000;
8479 : 00000000;
847a : 00000000;
847b : 00000000;
847c : 00000000;
847d : 00000000;
847e : 00000000;
847f : 00000000;
8480 : 00000000;
8481 : 00000000;
8482 : 00000000;
8483 : 00000000;
8484 : 00000000;
8485 : 00000000;
8486 : 00000000;
8487 : 00000000;
8488 : 00000000;
8489 : 00000000;
848a : 00000000;
848b : 00000000;
848c : 00000000;
848d : 00000000;
848e : 00000000;
848f : 00000000;
8490 : 00000000;
8491 : 00000000;
8492 : 00000000;
8493 : 00000000;
8494 : 00000000;
8495 : 00000000;
8496 : 00000000;
8497 : 00000000;
8498 : 00000000;
8499 : 00000000;
849a : 00000000;
849b : 00000000;
849c : 00000000;
849d : 00000000;
849e : 00000000;
849f : 00000000;
84a0 : 00000000;
84a1 : 00000000;
84a2 : 00000000;
84a3 : 00000000;
84a4 : 00000000;
84a5 : 00000000;
84a6 : 00000000;
84a7 : 00000000;
84a8 : 00000000;
84a9 : 00000000;
84aa : 00000000;
84ab : 00000000;
84ac : 00000000;
84ad : 00000000;
84ae : 00000000;
84af : 00000000;
84b0 : 00000000;
84b1 : 00000000;
84b2 : 00000000;
84b3 : 00000000;
84b4 : 00000000;
84b5 : 00000000;
84b6 : 00000000;
84b7 : 00000000;
84b8 : 00000000;
84b9 : 00000000;
84ba : 00000000;
84bb : 00000000;
84bc : 00000000;
84bd : 00000000;
84be : 00000000;
84bf : 00000000;
84c0 : 00000000;
84c1 : 00000000;
84c2 : 00000000;
84c3 : 00000000;
84c4 : 00000000;
84c5 : 00000000;
84c6 : 00000000;
84c7 : 00000000;
84c8 : 00000000;
84c9 : 00000000;
84ca : 00000000;
84cb : 00000000;
84cc : 00000000;
84cd : 00000000;
84ce : 00000000;
84cf : 00000000;
84d0 : 00000000;
84d1 : 00000000;
84d2 : 00000000;
84d3 : 00000000;
84d4 : 00000000;
84d5 : 00000000;
84d6 : 00000000;
84d7 : 00000000;
84d8 : 00000000;
84d9 : 00000000;
84da : 00000000;
84db : 00000000;
84dc : 00000000;
84dd : 00000000;
84de : 00000000;
84df : 00000000;
84e0 : 00000000;
84e1 : 00000000;
84e2 : 00000000;
84e3 : 00000000;
84e4 : 00000000;
84e5 : 00000000;
84e6 : 00000000;
84e7 : 00000000;
84e8 : 00000000;
84e9 : 00000000;
84ea : 00000000;
84eb : 00000000;
84ec : 00000000;
84ed : 00000000;
84ee : 00000000;
84ef : 00000000;
84f0 : 00000000;
84f1 : 00000000;
84f2 : 00000000;
84f3 : 00000000;
84f4 : 00000000;
84f5 : 00000000;
84f6 : 00000000;
84f7 : 00000000;
84f8 : 00000000;
84f9 : 00000000;
84fa : 00000000;
84fb : 00000000;
84fc : 00000000;
84fd : 00000000;
84fe : 00000000;
84ff : 00000000;
8500 : 00000000;
8501 : 00000000;
8502 : 00000000;
8503 : 00000000;
8504 : 00000000;
8505 : 00000000;
8506 : 00000000;
8507 : 00000000;
8508 : 00000000;
8509 : 00000000;
850a : 00000000;
850b : 00000000;
850c : 00000000;
850d : 00000000;
850e : 00000000;
850f : 00000000;
8510 : 00000000;
8511 : 00000000;
8512 : 00000000;
8513 : 00000000;
8514 : 00000000;
8515 : 00000000;
8516 : 00000000;
8517 : 00000000;
8518 : 00000000;
8519 : 00000000;
851a : 00000000;
851b : 00000000;
851c : 00000000;
851d : 00000000;
851e : 00000000;
851f : 00000000;
8520 : 00000000;
8521 : 00000000;
8522 : 00000000;
8523 : 00000000;
8524 : 00000000;
8525 : 00000000;
8526 : 00000000;
8527 : 00000000;
8528 : 00000000;
8529 : 00000000;
852a : 00000000;
852b : 00000000;
852c : 00000000;
852d : 00000000;
852e : 00000000;
852f : 00000000;
8530 : 00000000;
8531 : 00000000;
8532 : 00000000;
8533 : 00000000;
8534 : 00000000;
8535 : 00000000;
8536 : 00000000;
8537 : 00000000;
8538 : 00000000;
8539 : 00000000;
853a : 00000000;
853b : 00000000;
853c : 00000000;
853d : 00000000;
853e : 00000000;
853f : 00000000;
8540 : 00000000;
8541 : 00000000;
8542 : 00000000;
8543 : 00000000;
8544 : 00000000;
8545 : 00000000;
8546 : 00000000;
8547 : 00000000;
8548 : 00000000;
8549 : 00000000;
854a : 00000000;
854b : 00000000;
854c : 00000000;
854d : 00000000;
854e : 00000000;
854f : 00000000;
8550 : 00000000;
8551 : 00000000;
8552 : 00000000;
8553 : 00000000;
8554 : 00000000;
8555 : 00000000;
8556 : 00000000;
8557 : 00000000;
8558 : 00000000;
8559 : 00000000;
855a : 00000000;
855b : 00000000;
855c : 00000000;
855d : 00000000;
855e : 00000000;
855f : 00000000;
8560 : 00000000;
8561 : 00000000;
8562 : 00000000;
8563 : 00000000;
8564 : 00000000;
8565 : 00000000;
8566 : 00000000;
8567 : 00000000;
8568 : 00000000;
8569 : 00000000;
856a : 00000000;
856b : 00000000;
856c : 00000000;
856d : 00000000;
856e : 00000000;
856f : 00000000;
8570 : 00000000;
8571 : 00000000;
8572 : 00000000;
8573 : 00000000;
8574 : 00000000;
8575 : 00000000;
8576 : 00000000;
8577 : 00000000;
8578 : 00000000;
8579 : 00000000;
857a : 00000000;
857b : 00000000;
857c : 00000000;
857d : 00000000;
857e : 00000000;
857f : 00000000;
8580 : 00000000;
8581 : 00000000;
8582 : 00000000;
8583 : 00000000;
8584 : 00000000;
8585 : 00000000;
8586 : 00000000;
8587 : 00000000;
8588 : 00000000;
8589 : 00000000;
858a : 00000000;
858b : 00000000;
858c : 00000000;
858d : 00000000;
858e : 00000000;
858f : 00000000;
8590 : 00000000;
8591 : 00000000;
8592 : 00000000;
8593 : 00000000;
8594 : 00000000;
8595 : 00000000;
8596 : 00000000;
8597 : 00000000;
8598 : 00000000;
8599 : 00000000;
859a : 00000000;
859b : 00000000;
859c : 00000000;
859d : 00000000;
859e : 00000000;
859f : 00000000;
85a0 : 00000000;
85a1 : 00000000;
85a2 : 00000000;
85a3 : 00000000;
85a4 : 00000000;
85a5 : 00000000;
85a6 : 00000000;
85a7 : 00000000;
85a8 : 00000000;
85a9 : 00000000;
85aa : 00000000;
85ab : 00000000;
85ac : 00000000;
85ad : 00000000;
85ae : 00000000;
85af : 00000000;
85b0 : 00000000;
85b1 : 00000000;
85b2 : 00000000;
85b3 : 00000000;
85b4 : 00000000;
85b5 : 00000000;
85b6 : 00000000;
85b7 : 00000000;
85b8 : 00000000;
85b9 : 00000000;
85ba : 00000000;
85bb : 00000000;
85bc : 00000000;
85bd : 00000000;
85be : 00000000;
85bf : 00000000;
85c0 : 00000000;
85c1 : 00000000;
85c2 : 00000000;
85c3 : 00000000;
85c4 : 00000000;
85c5 : 00000000;
85c6 : 00000000;
85c7 : 00000000;
85c8 : 00000000;
85c9 : 00000000;
85ca : 00000000;
85cb : 00000000;
85cc : 00000000;
85cd : 00000000;
85ce : 00000000;
85cf : 00000000;
85d0 : 00000000;
85d1 : 00000000;
85d2 : 00000000;
85d3 : 00000000;
85d4 : 00000000;
85d5 : 00000000;
85d6 : 00000000;
85d7 : 00000000;
85d8 : 00000000;
85d9 : 00000000;
85da : 00000000;
85db : 00000000;
85dc : 00000000;
85dd : 00000000;
85de : 00000000;
85df : 00000000;
85e0 : 00000000;
85e1 : 00000000;
85e2 : 00000000;
85e3 : 00000000;
85e4 : 00000000;
85e5 : 00000000;
85e6 : 00000000;
85e7 : 00000000;
85e8 : 00000000;
85e9 : 00000000;
85ea : 00000000;
85eb : 00000000;
85ec : 00000000;
85ed : 00000000;
85ee : 00000000;
85ef : 00000000;
85f0 : 00000000;
85f1 : 00000000;
85f2 : 00000000;
85f3 : 00000000;
85f4 : 00000000;
85f5 : 00000000;
85f6 : 00000000;
85f7 : 00000000;
85f8 : 00000000;
85f9 : 00000000;
85fa : 00000000;
85fb : 00000000;
85fc : 00000000;
85fd : 00000000;
85fe : 00000000;
85ff : 00000000;
8600 : 00000000;
8601 : 00000000;
8602 : 00000000;
8603 : 00000000;
8604 : 00000000;
8605 : 00000000;
8606 : 00000000;
8607 : 00000000;
8608 : 00000000;
8609 : 00000000;
860a : 00000000;
860b : 00000000;
860c : 00000000;
860d : 00000000;
860e : 00000000;
860f : 00000000;
8610 : 00000000;
8611 : 00000000;
8612 : 00000000;
8613 : 00000000;
8614 : 00000000;
8615 : 00000000;
8616 : 00000000;
8617 : 00000000;
8618 : 00000000;
8619 : 00000000;
861a : 00000000;
861b : 00000000;
861c : 00000000;
861d : 00000000;
861e : 00000000;
861f : 00000000;
8620 : 00000000;
8621 : 00000000;
8622 : 00000000;
8623 : 00000000;
8624 : 00000000;
8625 : 00000000;
8626 : 00000000;
8627 : 00000000;
8628 : 00000000;
8629 : 00000000;
862a : 00000000;
862b : 00000000;
862c : 00000000;
862d : 00000000;
862e : 00000000;
862f : 00000000;
8630 : 00000000;
8631 : 00000000;
8632 : 00000000;
8633 : 00000000;
8634 : 00000000;
8635 : 00000000;
8636 : 00000000;
8637 : 00000000;
8638 : 00000000;
8639 : 00000000;
863a : 00000000;
863b : 00000000;
863c : 00000000;
863d : 00000000;
863e : 00000000;
863f : 00000000;
8640 : 00000000;
8641 : 00000000;
8642 : 00000000;
8643 : 00000000;
8644 : 00000000;
8645 : 00000000;
8646 : 00000000;
8647 : 00000000;
8648 : 00000000;
8649 : 00000000;
864a : 00000000;
864b : 00000000;
864c : 00000000;
864d : 00000000;
864e : 00000000;
864f : 00000000;
8650 : 00000000;
8651 : 00000000;
8652 : 00000000;
8653 : 00000000;
8654 : 00000000;
8655 : 00000000;
8656 : 00000000;
8657 : 00000000;
8658 : 00000000;
8659 : 00000000;
865a : 00000000;
865b : 00000000;
865c : 00000000;
865d : 00000000;
865e : 00000000;
865f : 00000000;
8660 : 00000000;
8661 : 00000000;
8662 : 00000000;
8663 : 00000000;
8664 : 00000000;
8665 : 00000000;
8666 : 00000000;
8667 : 00000000;
8668 : 00000000;
8669 : 00000000;
866a : 00000000;
866b : 00000000;
866c : 00000000;
866d : 00000000;
866e : 00000000;
866f : 00000000;
8670 : 00000000;
8671 : 00000000;
8672 : 00000000;
8673 : 00000000;
8674 : 00000000;
8675 : 00000000;
8676 : 00000000;
8677 : 00000000;
8678 : 00000000;
8679 : 00000000;
867a : 00000000;
867b : 00000000;
867c : 00000000;
867d : 00000000;
867e : 00000000;
867f : 00000000;
8680 : 00000000;
8681 : 00000000;
8682 : 00000000;
8683 : 00000000;
8684 : 00000000;
8685 : 00000000;
8686 : 00000000;
8687 : 00000000;
8688 : 00000000;
8689 : 00000000;
868a : 00000000;
868b : 00000000;
868c : 00000000;
868d : 00000000;
868e : 00000000;
868f : 00000000;
8690 : 00000000;
8691 : 00000000;
8692 : 00000000;
8693 : 00000000;
8694 : 00000000;
8695 : 00000000;
8696 : 00000000;
8697 : 00000000;
8698 : 00000000;
8699 : 00000000;
869a : 00000000;
869b : 00000000;
869c : 00000000;
869d : 00000000;
869e : 00000000;
869f : 00000000;
86a0 : 00000000;
86a1 : 00000000;
86a2 : 00000000;
86a3 : 00000000;
86a4 : 00000000;
86a5 : 00000000;
86a6 : 00000000;
86a7 : 00000000;
86a8 : 00000000;
86a9 : 00000000;
86aa : 00000000;
86ab : 00000000;
86ac : 00000000;
86ad : 00000000;
86ae : 00000000;
86af : 00000000;
86b0 : 00000000;
86b1 : 00000000;
86b2 : 00000000;
86b3 : 00000000;
86b4 : 00000000;
86b5 : 00000000;
86b6 : 00000000;
86b7 : 00000000;
86b8 : 00000000;
86b9 : 00000000;
86ba : 00000000;
86bb : 00000000;
86bc : 00000000;
86bd : 00000000;
86be : 00000000;
86bf : 00000000;
86c0 : 00000000;
86c1 : 00000000;
86c2 : 00000000;
86c3 : 00000000;
86c4 : 00000000;
86c5 : 00000000;
86c6 : 00000000;
86c7 : 00000000;
86c8 : 00000000;
86c9 : 00000000;
86ca : 00000000;
86cb : 00000000;
86cc : 00000000;
86cd : 00000000;
86ce : 00000000;
86cf : 00000000;
86d0 : 00000000;
86d1 : 00000000;
86d2 : 00000000;
86d3 : 00000000;
86d4 : 00000000;
86d5 : 00000000;
86d6 : 00000000;
86d7 : 00000000;
86d8 : 00000000;
86d9 : 00000000;
86da : 00000000;
86db : 00000000;
86dc : 00000000;
86dd : 00000000;
86de : 00000000;
86df : 00000000;
86e0 : 00000000;
86e1 : 00000000;
86e2 : 00000000;
86e3 : 00000000;
86e4 : 00000000;
86e5 : 00000000;
86e6 : 00000000;
86e7 : 00000000;
86e8 : 00000000;
86e9 : 00000000;
86ea : 00000000;
86eb : 00000000;
86ec : 00000000;
86ed : 00000000;
86ee : 00000000;
86ef : 00000000;
86f0 : 00000000;
86f1 : 00000000;
86f2 : 00000000;
86f3 : 00000000;
86f4 : 00000000;
86f5 : 00000000;
86f6 : 00000000;
86f7 : 00000000;
86f8 : 00000000;
86f9 : 00000000;
86fa : 00000000;
86fb : 00000000;
86fc : 00000000;
86fd : 00000000;
86fe : 00000000;
86ff : 00000000;
8700 : 00000000;
8701 : 00000000;
8702 : 00000000;
8703 : 00000000;
8704 : 00000000;
8705 : 00000000;
8706 : 00000000;
8707 : 00000000;
8708 : 00000000;
8709 : 00000000;
870a : 00000000;
870b : 00000000;
870c : 00000000;
870d : 00000000;
870e : 00000000;
870f : 00000000;
8710 : 00000000;
8711 : 00000000;
8712 : 00000000;
8713 : 00000000;
8714 : 00000000;
8715 : 00000000;
8716 : 00000000;
8717 : 00000000;
8718 : 00000000;
8719 : 00000000;
871a : 00000000;
871b : 00000000;
871c : 00000000;
871d : 00000000;
871e : 00000000;
871f : 00000000;
8720 : 00000000;
8721 : 00000000;
8722 : 00000000;
8723 : 00000000;
8724 : 00000000;
8725 : 00000000;
8726 : 00000000;
8727 : 00000000;
8728 : 00000000;
8729 : 00000000;
872a : 00000000;
872b : 00000000;
872c : 00000000;
872d : 00000000;
872e : 00000000;
872f : 00000000;
8730 : 00000000;
8731 : 00000000;
8732 : 00000000;
8733 : 00000000;
8734 : 00000000;
8735 : 00000000;
8736 : 00000000;
8737 : 00000000;
8738 : 00000000;
8739 : 00000000;
873a : 00000000;
873b : 00000000;
873c : 00000000;
873d : 00000000;
873e : 00000000;
873f : 00000000;
8740 : 00000000;
8741 : 00000000;
8742 : 00000000;
8743 : 00000000;
8744 : 00000000;
8745 : 00000000;
8746 : 00000000;
8747 : 00000000;
8748 : 00000000;
8749 : 00000000;
874a : 00000000;
874b : 00000000;
874c : 00000000;
874d : 00000000;
874e : 00000000;
874f : 00000000;
8750 : 00000000;
8751 : 00000000;
8752 : 00000000;
8753 : 00000000;
8754 : 00000000;
8755 : 00000000;
8756 : 00000000;
8757 : 00000000;
8758 : 00000000;
8759 : 00000000;
875a : 00000000;
875b : 00000000;
875c : 00000000;
875d : 00000000;
875e : 00000000;
875f : 00000000;
8760 : 00000000;
8761 : 00000000;
8762 : 00000000;
8763 : 00000000;
8764 : 00000000;
8765 : 00000000;
8766 : 00000000;
8767 : 00000000;
8768 : 00000000;
8769 : 00000000;
876a : 00000000;
876b : 00000000;
876c : 00000000;
876d : 00000000;
876e : 00000000;
876f : 00000000;
8770 : 00000000;
8771 : 00000000;
8772 : 00000000;
8773 : 00000000;
8774 : 00000000;
8775 : 00000000;
8776 : 00000000;
8777 : 00000000;
8778 : 00000000;
8779 : 00000000;
877a : 00000000;
877b : 00000000;
877c : 00000000;
877d : 00000000;
877e : 00000000;
877f : 00000000;
8780 : 00000000;
8781 : 00000000;
8782 : 00000000;
8783 : 00000000;
8784 : 00000000;
8785 : 00000000;
8786 : 00000000;
8787 : 00000000;
8788 : 00000000;
8789 : 00000000;
878a : 00000000;
878b : 00000000;
878c : 00000000;
878d : 00000000;
878e : 00000000;
878f : 00000000;
8790 : 00000000;
8791 : 00000000;
8792 : 00000000;
8793 : 00000000;
8794 : 00000000;
8795 : 00000000;
8796 : 00000000;
8797 : 00000000;
8798 : 00000000;
8799 : 00000000;
879a : 00000000;
879b : 00000000;
879c : 00000000;
879d : 00000000;
879e : 00000000;
879f : 00000000;
87a0 : 00000000;
87a1 : 00000000;
87a2 : 00000000;
87a3 : 00000000;
87a4 : 00000000;
87a5 : 00000000;
87a6 : 00000000;
87a7 : 00000000;
87a8 : 00000000;
87a9 : 00000000;
87aa : 00000000;
87ab : 00000000;
87ac : 00000000;
87ad : 00000000;
87ae : 00000000;
87af : 00000000;
87b0 : 00000000;
87b1 : 00000000;
87b2 : 00000000;
87b3 : 00000000;
87b4 : 00000000;
87b5 : 00000000;
87b6 : 00000000;
87b7 : 00000000;
87b8 : 00000000;
87b9 : 00000000;
87ba : 00000000;
87bb : 00000000;
87bc : 00000000;
87bd : 00000000;
87be : 00000000;
87bf : 00000000;
87c0 : 00000000;
87c1 : 00000000;
87c2 : 00000000;
87c3 : 00000000;
87c4 : 00000000;
87c5 : 00000000;
87c6 : 00000000;
87c7 : 00000000;
87c8 : 00000000;
87c9 : 00000000;
87ca : 00000000;
87cb : 00000000;
87cc : 00000000;
87cd : 00000000;
87ce : 00000000;
87cf : 00000000;
87d0 : 00000000;
87d1 : 00000000;
87d2 : 00000000;
87d3 : 00000000;
87d4 : 00000000;
87d5 : 00000000;
87d6 : 00000000;
87d7 : 00000000;
87d8 : 00000000;
87d9 : 00000000;
87da : 00000000;
87db : 00000000;
87dc : 00000000;
87dd : 00000000;
87de : 00000000;
87df : 00000000;
87e0 : 00000000;
87e1 : 00000000;
87e2 : 00000000;
87e3 : 00000000;
87e4 : 00000000;
87e5 : 00000000;
87e6 : 00000000;
87e7 : 00000000;
87e8 : 00000000;
87e9 : 00000000;
87ea : 00000000;
87eb : 00000000;
87ec : 00000000;
87ed : 00000000;
87ee : 00000000;
87ef : 00000000;
87f0 : 00000000;
87f1 : 00000000;
87f2 : 00000000;
87f3 : 00000000;
87f4 : 00000000;
87f5 : 00000000;
87f6 : 00000000;
87f7 : 00000000;
87f8 : 00000000;
87f9 : 00000000;
87fa : 00000000;
87fb : 00000000;
87fc : 00000000;
87fd : 00000000;
87fe : 00000000;
87ff : 00000000;
8800 : 00000000;
8801 : 00000000;
8802 : 00000000;
8803 : 00000000;
8804 : 00000000;
8805 : 00000000;
8806 : 00000000;
8807 : 00000000;
8808 : 00000000;
8809 : 00000000;
880a : 00000000;
880b : 00000000;
880c : 00000000;
880d : 00000000;
880e : 00000000;
880f : 00000000;
8810 : 00000000;
8811 : 00000000;
8812 : 00000000;
8813 : 00000000;
8814 : 00000000;
8815 : 00000000;
8816 : 00000000;
8817 : 00000000;
8818 : 00000000;
8819 : 00000000;
881a : 00000000;
881b : 00000000;
881c : 00000000;
881d : 00000000;
881e : 00000000;
881f : 00000000;
8820 : 00000000;
8821 : 00000000;
8822 : 00000000;
8823 : 00000000;
8824 : 00000000;
8825 : 00000000;
8826 : 00000000;
8827 : 00000000;
8828 : 00000000;
8829 : 00000000;
882a : 00000000;
882b : 00000000;
882c : 00000000;
882d : 00000000;
882e : 00000000;
882f : 00000000;
8830 : 00000000;
8831 : 00000000;
8832 : 00000000;
8833 : 00000000;
8834 : 00000000;
8835 : 00000000;
8836 : 00000000;
8837 : 00000000;
8838 : 00000000;
8839 : 00000000;
883a : 00000000;
883b : 00000000;
883c : 00000000;
883d : 00000000;
883e : 00000000;
883f : 00000000;
8840 : 00000000;
8841 : 00000000;
8842 : 00000000;
8843 : 00000000;
8844 : 00000000;
8845 : 00000000;
8846 : 00000000;
8847 : 00000000;
8848 : 00000000;
8849 : 00000000;
884a : 00000000;
884b : 00000000;
884c : 00000000;
884d : 00000000;
884e : 00000000;
884f : 00000000;
8850 : 00000000;
8851 : 00000000;
8852 : 00000000;
8853 : 00000000;
8854 : 00000000;
8855 : 00000000;
8856 : 00000000;
8857 : 00000000;
8858 : 00000000;
8859 : 00000000;
885a : 00000000;
885b : 00000000;
885c : 00000000;
885d : 00000000;
885e : 00000000;
885f : 00000000;
8860 : 00000000;
8861 : 00000000;
8862 : 00000000;
8863 : 00000000;
8864 : 00000000;
8865 : 00000000;
8866 : 00000000;
8867 : 00000000;
8868 : 00000000;
8869 : 00000000;
886a : 00000000;
886b : 00000000;
886c : 00000000;
886d : 00000000;
886e : 00000000;
886f : 00000000;
8870 : 00000000;
8871 : 00000000;
8872 : 00000000;
8873 : 00000000;
8874 : 00000000;
8875 : 00000000;
8876 : 00000000;
8877 : 00000000;
8878 : 00000000;
8879 : 00000000;
887a : 00000000;
887b : 00000000;
887c : 00000000;
887d : 00000000;
887e : 00000000;
887f : 00000000;
8880 : 00000000;
8881 : 00000000;
8882 : 00000000;
8883 : 00000000;
8884 : 00000000;
8885 : 00000000;
8886 : 00000000;
8887 : 00000000;
8888 : 00000000;
8889 : 00000000;
888a : 00000000;
888b : 00000000;
888c : 00000000;
888d : 00000000;
888e : 00000000;
888f : 00000000;
8890 : 00000000;
8891 : 00000000;
8892 : 00000000;
8893 : 00000000;
8894 : 00000000;
8895 : 00000000;
8896 : 00000000;
8897 : 00000000;
8898 : 00000000;
8899 : 00000000;
889a : 00000000;
889b : 00000000;
889c : 00000000;
889d : 00000000;
889e : 00000000;
889f : 00000000;
88a0 : 00000000;
88a1 : 00000000;
88a2 : 00000000;
88a3 : 00000000;
88a4 : 00000000;
88a5 : 00000000;
88a6 : 00000000;
88a7 : 00000000;
88a8 : 00000000;
88a9 : 00000000;
88aa : 00000000;
88ab : 00000000;
88ac : 00000000;
88ad : 00000000;
88ae : 00000000;
88af : 00000000;
88b0 : 00000000;
88b1 : 00000000;
88b2 : 00000000;
88b3 : 00000000;
88b4 : 00000000;
88b5 : 00000000;
88b6 : 00000000;
88b7 : 00000000;
88b8 : 00000000;
88b9 : 00000000;
88ba : 00000000;
88bb : 00000000;
88bc : 00000000;
88bd : 00000000;
88be : 00000000;
88bf : 00000000;
88c0 : 00000000;
88c1 : 00000000;
88c2 : 00000000;
88c3 : 00000000;
88c4 : 00000000;
88c5 : 00000000;
88c6 : 00000000;
88c7 : 00000000;
88c8 : 00000000;
88c9 : 00000000;
88ca : 00000000;
88cb : 00000000;
88cc : 00000000;
88cd : 00000000;
88ce : 00000000;
88cf : 00000000;
88d0 : 00000000;
88d1 : 00000000;
88d2 : 00000000;
88d3 : 00000000;
88d4 : 00000000;
88d5 : 00000000;
88d6 : 00000000;
88d7 : 00000000;
88d8 : 00000000;
88d9 : 00000000;
88da : 00000000;
88db : 00000000;
88dc : 00000000;
88dd : 00000000;
88de : 00000000;
88df : 00000000;
88e0 : 00000000;
88e1 : 00000000;
88e2 : 00000000;
88e3 : 00000000;
88e4 : 00000000;
88e5 : 00000000;
88e6 : 00000000;
88e7 : 00000000;
88e8 : 00000000;
88e9 : 00000000;
88ea : 00000000;
88eb : 00000000;
88ec : 00000000;
88ed : 00000000;
88ee : 00000000;
88ef : 00000000;
88f0 : 00000000;
88f1 : 00000000;
88f2 : 00000000;
88f3 : 00000000;
88f4 : 00000000;
88f5 : 00000000;
88f6 : 00000000;
88f7 : 00000000;
88f8 : 00000000;
88f9 : 00000000;
88fa : 00000000;
88fb : 00000000;
88fc : 00000000;
88fd : 00000000;
88fe : 00000000;
88ff : 00000000;
8900 : 00000000;
8901 : 00000000;
8902 : 00000000;
8903 : 00000000;
8904 : 00000000;
8905 : 00000000;
8906 : 00000000;
8907 : 00000000;
8908 : 00000000;
8909 : 00000000;
890a : 00000000;
890b : 00000000;
890c : 00000000;
890d : 00000000;
890e : 00000000;
890f : 00000000;
8910 : 00000000;
8911 : 00000000;
8912 : 00000000;
8913 : 00000000;
8914 : 00000000;
8915 : 00000000;
8916 : 00000000;
8917 : 00000000;
8918 : 00000000;
8919 : 00000000;
891a : 00000000;
891b : 00000000;
891c : 00000000;
891d : 00000000;
891e : 00000000;
891f : 00000000;
8920 : 00000000;
8921 : 00000000;
8922 : 00000000;
8923 : 00000000;
8924 : 00000000;
8925 : 00000000;
8926 : 00000000;
8927 : 00000000;
8928 : 00000000;
8929 : 00000000;
892a : 00000000;
892b : 00000000;
892c : 00000000;
892d : 00000000;
892e : 00000000;
892f : 00000000;
8930 : 00000000;
8931 : 00000000;
8932 : 00000000;
8933 : 00000000;
8934 : 00000000;
8935 : 00000000;
8936 : 00000000;
8937 : 00000000;
8938 : 00000000;
8939 : 00000000;
893a : 00000000;
893b : 00000000;
893c : 00000000;
893d : 00000000;
893e : 00000000;
893f : 00000000;
8940 : 00000000;
8941 : 00000000;
8942 : 00000000;
8943 : 00000000;
8944 : 00000000;
8945 : 00000000;
8946 : 00000000;
8947 : 00000000;
8948 : 00000000;
8949 : 00000000;
894a : 00000000;
894b : 00000000;
894c : 00000000;
894d : 00000000;
894e : 00000000;
894f : 00000000;
8950 : 00000000;
8951 : 00000000;
8952 : 00000000;
8953 : 00000000;
8954 : 00000000;
8955 : 00000000;
8956 : 00000000;
8957 : 00000000;
8958 : 00000000;
8959 : 00000000;
895a : 00000000;
895b : 00000000;
895c : 00000000;
895d : 00000000;
895e : 00000000;
895f : 00000000;
8960 : 00000000;
8961 : 00000000;
8962 : 00000000;
8963 : 00000000;
8964 : 00000000;
8965 : 00000000;
8966 : 00000000;
8967 : 00000000;
8968 : 00000000;
8969 : 00000000;
896a : 00000000;
896b : 00000000;
896c : 00000000;
896d : 00000000;
896e : 00000000;
896f : 00000000;
8970 : 00000000;
8971 : 00000000;
8972 : 00000000;
8973 : 00000000;
8974 : 00000000;
8975 : 00000000;
8976 : 00000000;
8977 : 00000000;
8978 : 00000000;
8979 : 00000000;
897a : 00000000;
897b : 00000000;
897c : 00000000;
897d : 00000000;
897e : 00000000;
897f : 00000000;
8980 : 00000000;
8981 : 00000000;
8982 : 00000000;
8983 : 00000000;
8984 : 00000000;
8985 : 00000000;
8986 : 00000000;
8987 : 00000000;
8988 : 00000000;
8989 : 00000000;
898a : 00000000;
898b : 00000000;
898c : 00000000;
898d : 00000000;
898e : 00000000;
898f : 00000000;
8990 : 00000000;
8991 : 00000000;
8992 : 00000000;
8993 : 00000000;
8994 : 00000000;
8995 : 00000000;
8996 : 00000000;
8997 : 00000000;
8998 : 00000000;
8999 : 00000000;
899a : 00000000;
899b : 00000000;
899c : 00000000;
899d : 00000000;
899e : 00000000;
899f : 00000000;
89a0 : 00000000;
89a1 : 00000000;
89a2 : 00000000;
89a3 : 00000000;
89a4 : 00000000;
89a5 : 00000000;
89a6 : 00000000;
89a7 : 00000000;
89a8 : 00000000;
89a9 : 00000000;
89aa : 00000000;
89ab : 00000000;
89ac : 00000000;
89ad : 00000000;
89ae : 00000000;
89af : 00000000;
89b0 : 00000000;
89b1 : 00000000;
89b2 : 00000000;
89b3 : 00000000;
89b4 : 00000000;
89b5 : 00000000;
89b6 : 00000000;
89b7 : 00000000;
89b8 : 00000000;
89b9 : 00000000;
89ba : 00000000;
89bb : 00000000;
89bc : 00000000;
89bd : 00000000;
89be : 00000000;
89bf : 00000000;
89c0 : 00000000;
89c1 : 00000000;
89c2 : 00000000;
89c3 : 00000000;
89c4 : 00000000;
89c5 : 00000000;
89c6 : 00000000;
89c7 : 00000000;
89c8 : 00000000;
89c9 : 00000000;
89ca : 00000000;
89cb : 00000000;
89cc : 00000000;
89cd : 00000000;
89ce : 00000000;
89cf : 00000000;
89d0 : 00000000;
89d1 : 00000000;
89d2 : 00000000;
89d3 : 00000000;
89d4 : 00000000;
89d5 : 00000000;
89d6 : 00000000;
89d7 : 00000000;
89d8 : 00000000;
89d9 : 00000000;
89da : 00000000;
89db : 00000000;
89dc : 00000000;
89dd : 00000000;
89de : 00000000;
89df : 00000000;
89e0 : 00000000;
89e1 : 00000000;
89e2 : 00000000;
89e3 : 00000000;
89e4 : 00000000;
89e5 : 00000000;
89e6 : 00000000;
89e7 : 00000000;
89e8 : 00000000;
89e9 : 00000000;
89ea : 00000000;
89eb : 00000000;
89ec : 00000000;
89ed : 00000000;
89ee : 00000000;
89ef : 00000000;
89f0 : 00000000;
89f1 : 00000000;
89f2 : 00000000;
89f3 : 00000000;
89f4 : 00000000;
89f5 : 00000000;
89f6 : 00000000;
89f7 : 00000000;
89f8 : 00000000;
89f9 : 00000000;
89fa : 00000000;
89fb : 00000000;
89fc : 00000000;
89fd : 00000000;
89fe : 00000000;
89ff : 00000000;
8a00 : 00000000;
8a01 : 00000000;
8a02 : 00000000;
8a03 : 00000000;
8a04 : 00000000;
8a05 : 00000000;
8a06 : 00000000;
8a07 : 00000000;
8a08 : 00000000;
8a09 : 00000000;
8a0a : 00000000;
8a0b : 00000000;
8a0c : 00000000;
8a0d : 00000000;
8a0e : 00000000;
8a0f : 00000000;
8a10 : 00000000;
8a11 : 00000000;
8a12 : 00000000;
8a13 : 00000000;
8a14 : 00000000;
8a15 : 00000000;
8a16 : 00000000;
8a17 : 00000000;
8a18 : 00000000;
8a19 : 00000000;
8a1a : 00000000;
8a1b : 00000000;
8a1c : 00000000;
8a1d : 00000000;
8a1e : 00000000;
8a1f : 00000000;
8a20 : 00000000;
8a21 : 00000000;
8a22 : 00000000;
8a23 : 00000000;
8a24 : 00000000;
8a25 : 00000000;
8a26 : 00000000;
8a27 : 00000000;
8a28 : 00000000;
8a29 : 00000000;
8a2a : 00000000;
8a2b : 00000000;
8a2c : 00000000;
8a2d : 00000000;
8a2e : 00000000;
8a2f : 00000000;
8a30 : 00000000;
8a31 : 00000000;
8a32 : 00000000;
8a33 : 00000000;
8a34 : 00000000;
8a35 : 00000000;
8a36 : 00000000;
8a37 : 00000000;
8a38 : 00000000;
8a39 : 00000000;
8a3a : 00000000;
8a3b : 00000000;
8a3c : 00000000;
8a3d : 00000000;
8a3e : 00000000;
8a3f : 00000000;
8a40 : 00000000;
8a41 : 00000000;
8a42 : 00000000;
8a43 : 00000000;
8a44 : 00000000;
8a45 : 00000000;
8a46 : 00000000;
8a47 : 00000000;
8a48 : 00000000;
8a49 : 00000000;
8a4a : 00000000;
8a4b : 00000000;
8a4c : 00000000;
8a4d : 00000000;
8a4e : 00000000;
8a4f : 00000000;
8a50 : 00000000;
8a51 : 00000000;
8a52 : 00000000;
8a53 : 00000000;
8a54 : 00000000;
8a55 : 00000000;
8a56 : 00000000;
8a57 : 00000000;
8a58 : 00000000;
8a59 : 00000000;
8a5a : 00000000;
8a5b : 00000000;
8a5c : 00000000;
8a5d : 00000000;
8a5e : 00000000;
8a5f : 00000000;
8a60 : 00000000;
8a61 : 00000000;
8a62 : 00000000;
8a63 : 00000000;
8a64 : 00000000;
8a65 : 00000000;
8a66 : 00000000;
8a67 : 00000000;
8a68 : 00000000;
8a69 : 00000000;
8a6a : 00000000;
8a6b : 00000000;
8a6c : 00000000;
8a6d : 00000000;
8a6e : 00000000;
8a6f : 00000000;
8a70 : 00000000;
8a71 : 00000000;
8a72 : 00000000;
8a73 : 00000000;
8a74 : 00000000;
8a75 : 00000000;
8a76 : 00000000;
8a77 : 00000000;
8a78 : 00000000;
8a79 : 00000000;
8a7a : 00000000;
8a7b : 00000000;
8a7c : 00000000;
8a7d : 00000000;
8a7e : 00000000;
8a7f : 00000000;
8a80 : 00000000;
8a81 : 00000000;
8a82 : 00000000;
8a83 : 00000000;
8a84 : 00000000;
8a85 : 00000000;
8a86 : 00000000;
8a87 : 00000000;
8a88 : 00000000;
8a89 : 00000000;
8a8a : 00000000;
8a8b : 00000000;
8a8c : 00000000;
8a8d : 00000000;
8a8e : 00000000;
8a8f : 00000000;
8a90 : 00000000;
8a91 : 00000000;
8a92 : 00000000;
8a93 : 00000000;
8a94 : 00000000;
8a95 : 00000000;
8a96 : 00000000;
8a97 : 00000000;
8a98 : 00000000;
8a99 : 00000000;
8a9a : 00000000;
8a9b : 00000000;
8a9c : 00000000;
8a9d : 00000000;
8a9e : 00000000;
8a9f : 00000000;
8aa0 : 00000000;
8aa1 : 00000000;
8aa2 : 00000000;
8aa3 : 00000000;
8aa4 : 00000000;
8aa5 : 00000000;
8aa6 : 00000000;
8aa7 : 00000000;
8aa8 : 00000000;
8aa9 : 00000000;
8aaa : 00000000;
8aab : 00000000;
8aac : 00000000;
8aad : 00000000;
8aae : 00000000;
8aaf : 00000000;
8ab0 : 00000000;
8ab1 : 00000000;
8ab2 : 00000000;
8ab3 : 00000000;
8ab4 : 00000000;
8ab5 : 00000000;
8ab6 : 00000000;
8ab7 : 00000000;
8ab8 : 00000000;
8ab9 : 00000000;
8aba : 00000000;
8abb : 00000000;
8abc : 00000000;
8abd : 00000000;
8abe : 00000000;
8abf : 00000000;
8ac0 : 00000000;
8ac1 : 00000000;
8ac2 : 00000000;
8ac3 : 00000000;
8ac4 : 00000000;
8ac5 : 00000000;
8ac6 : 00000000;
8ac7 : 00000000;
8ac8 : 00000000;
8ac9 : 00000000;
8aca : 00000000;
8acb : 00000000;
8acc : 00000000;
8acd : 00000000;
8ace : 00000000;
8acf : 00000000;
8ad0 : 00000000;
8ad1 : 00000000;
8ad2 : 00000000;
8ad3 : 00000000;
8ad4 : 00000000;
8ad5 : 00000000;
8ad6 : 00000000;
8ad7 : 00000000;
8ad8 : 00000000;
8ad9 : 00000000;
8ada : 00000000;
8adb : 00000000;
8adc : 00000000;
8add : 00000000;
8ade : 00000000;
8adf : 00000000;
8ae0 : 00000000;
8ae1 : 00000000;
8ae2 : 00000000;
8ae3 : 00000000;
8ae4 : 00000000;
8ae5 : 00000000;
8ae6 : 00000000;
8ae7 : 00000000;
8ae8 : 00000000;
8ae9 : 00000000;
8aea : 00000000;
8aeb : 00000000;
8aec : 00000000;
8aed : 00000000;
8aee : 00000000;
8aef : 00000000;
8af0 : 00000000;
8af1 : 00000000;
8af2 : 00000000;
8af3 : 00000000;
8af4 : 00000000;
8af5 : 00000000;
8af6 : 00000000;
8af7 : 00000000;
8af8 : 00000000;
8af9 : 00000000;
8afa : 00000000;
8afb : 00000000;
8afc : 00000000;
8afd : 00000000;
8afe : 00000000;
8aff : 00000000;
8b00 : 00000000;
8b01 : 00000000;
8b02 : 00000000;
8b03 : 00000000;
8b04 : 00000000;
8b05 : 00000000;
8b06 : 00000000;
8b07 : 00000000;
8b08 : 00000000;
8b09 : 00000000;
8b0a : 00000000;
8b0b : 00000000;
8b0c : 00000000;
8b0d : 00000000;
8b0e : 00000000;
8b0f : 00000000;
8b10 : 00000000;
8b11 : 00000000;
8b12 : 00000000;
8b13 : 00000000;
8b14 : 00000000;
8b15 : 00000000;
8b16 : 00000000;
8b17 : 00000000;
8b18 : 00000000;
8b19 : 00000000;
8b1a : 00000000;
8b1b : 00000000;
8b1c : 00000000;
8b1d : 00000000;
8b1e : 00000000;
8b1f : 00000000;
8b20 : 00000000;
8b21 : 00000000;
8b22 : 00000000;
8b23 : 00000000;
8b24 : 00000000;
8b25 : 00000000;
8b26 : 00000000;
8b27 : 00000000;
8b28 : 00000000;
8b29 : 00000000;
8b2a : 00000000;
8b2b : 00000000;
8b2c : 00000000;
8b2d : 00000000;
8b2e : 00000000;
8b2f : 00000000;
8b30 : 00000000;
8b31 : 00000000;
8b32 : 00000000;
8b33 : 00000000;
8b34 : 00000000;
8b35 : 00000000;
8b36 : 00000000;
8b37 : 00000000;
8b38 : 00000000;
8b39 : 00000000;
8b3a : 00000000;
8b3b : 00000000;
8b3c : 00000000;
8b3d : 00000000;
8b3e : 00000000;
8b3f : 00000000;
8b40 : 00000000;
8b41 : 00000000;
8b42 : 00000000;
8b43 : 00000000;
8b44 : 00000000;
8b45 : 00000000;
8b46 : 00000000;
8b47 : 00000000;
8b48 : 00000000;
8b49 : 00000000;
8b4a : 00000000;
8b4b : 00000000;
8b4c : 00000000;
8b4d : 00000000;
8b4e : 00000000;
8b4f : 00000000;
8b50 : 00000000;
8b51 : 00000000;
8b52 : 00000000;
8b53 : 00000000;
8b54 : 00000000;
8b55 : 00000000;
8b56 : 00000000;
8b57 : 00000000;
8b58 : 00000000;
8b59 : 00000000;
8b5a : 00000000;
8b5b : 00000000;
8b5c : 00000000;
8b5d : 00000000;
8b5e : 00000000;
8b5f : 00000000;
8b60 : 00000000;
8b61 : 00000000;
8b62 : 00000000;
8b63 : 00000000;
8b64 : 00000000;
8b65 : 00000000;
8b66 : 00000000;
8b67 : 00000000;
8b68 : 00000000;
8b69 : 00000000;
8b6a : 00000000;
8b6b : 00000000;
8b6c : 00000000;
8b6d : 00000000;
8b6e : 00000000;
8b6f : 00000000;
8b70 : 00000000;
8b71 : 00000000;
8b72 : 00000000;
8b73 : 00000000;
8b74 : 00000000;
8b75 : 00000000;
8b76 : 00000000;
8b77 : 00000000;
8b78 : 00000000;
8b79 : 00000000;
8b7a : 00000000;
8b7b : 00000000;
8b7c : 00000000;
8b7d : 00000000;
8b7e : 00000000;
8b7f : 00000000;
8b80 : 00000000;
8b81 : 00000000;
8b82 : 00000000;
8b83 : 00000000;
8b84 : 00000000;
8b85 : 00000000;
8b86 : 00000000;
8b87 : 00000000;
8b88 : 00000000;
8b89 : 00000000;
8b8a : 00000000;
8b8b : 00000000;
8b8c : 00000000;
8b8d : 00000000;
8b8e : 00000000;
8b8f : 00000000;
8b90 : 00000000;
8b91 : 00000000;
8b92 : 00000000;
8b93 : 00000000;
8b94 : 00000000;
8b95 : 00000000;
8b96 : 00000000;
8b97 : 00000000;
8b98 : 00000000;
8b99 : 00000000;
8b9a : 00000000;
8b9b : 00000000;
8b9c : 00000000;
8b9d : 00000000;
8b9e : 00000000;
8b9f : 00000000;
8ba0 : 00000000;
8ba1 : 00000000;
8ba2 : 00000000;
8ba3 : 00000000;
8ba4 : 00000000;
8ba5 : 00000000;
8ba6 : 00000000;
8ba7 : 00000000;
8ba8 : 00000000;
8ba9 : 00000000;
8baa : 00000000;
8bab : 00000000;
8bac : 00000000;
8bad : 00000000;
8bae : 00000000;
8baf : 00000000;
8bb0 : 00000000;
8bb1 : 00000000;
8bb2 : 00000000;
8bb3 : 00000000;
8bb4 : 00000000;
8bb5 : 00000000;
8bb6 : 00000000;
8bb7 : 00000000;
8bb8 : 00000000;
8bb9 : 00000000;
8bba : 00000000;
8bbb : 00000000;
8bbc : 00000000;
8bbd : 00000000;
8bbe : 00000000;
8bbf : 00000000;
8bc0 : 00000000;
8bc1 : 00000000;
8bc2 : 00000000;
8bc3 : 00000000;
8bc4 : 00000000;
8bc5 : 00000000;
8bc6 : 00000000;
8bc7 : 00000000;
8bc8 : 00000000;
8bc9 : 00000000;
8bca : 00000000;
8bcb : 00000000;
8bcc : 00000000;
8bcd : 00000000;
8bce : 00000000;
8bcf : 00000000;
8bd0 : 00000000;
8bd1 : 00000000;
8bd2 : 00000000;
8bd3 : 00000000;
8bd4 : 00000000;
8bd5 : 00000000;
8bd6 : 00000000;
8bd7 : 00000000;
8bd8 : 00000000;
8bd9 : 00000000;
8bda : 00000000;
8bdb : 00000000;
8bdc : 00000000;
8bdd : 00000000;
8bde : 00000000;
8bdf : 00000000;
8be0 : 00000000;
8be1 : 00000000;
8be2 : 00000000;
8be3 : 00000000;
8be4 : 00000000;
8be5 : 00000000;
8be6 : 00000000;
8be7 : 00000000;
8be8 : 00000000;
8be9 : 00000000;
8bea : 00000000;
8beb : 00000000;
8bec : 00000000;
8bed : 00000000;
8bee : 00000000;
8bef : 00000000;
8bf0 : 00000000;
8bf1 : 00000000;
8bf2 : 00000000;
8bf3 : 00000000;
8bf4 : 00000000;
8bf5 : 00000000;
8bf6 : 00000000;
8bf7 : 00000000;
8bf8 : 00000000;
8bf9 : 00000000;
8bfa : 00000000;
8bfb : 00000000;
8bfc : 00000000;
8bfd : 00000000;
8bfe : 00000000;
8bff : 00000000;
8c00 : 00000000;
8c01 : 00000000;
8c02 : 00000000;
8c03 : 00000000;
8c04 : 00000000;
8c05 : 00000000;
8c06 : 00000000;
8c07 : 00000000;
8c08 : 00000000;
8c09 : 00000000;
8c0a : 00000000;
8c0b : 00000000;
8c0c : 00000000;
8c0d : 00000000;
8c0e : 00000000;
8c0f : 00000000;
8c10 : 00000000;
8c11 : 00000000;
8c12 : 00000000;
8c13 : 00000000;
8c14 : 00000000;
8c15 : 00000000;
8c16 : 00000000;
8c17 : 00000000;
8c18 : 00000000;
8c19 : 00000000;
8c1a : 00000000;
8c1b : 00000000;
8c1c : 00000000;
8c1d : 00000000;
8c1e : 00000000;
8c1f : 00000000;
8c20 : 00000000;
8c21 : 00000000;
8c22 : 00000000;
8c23 : 00000000;
8c24 : 00000000;
8c25 : 00000000;
8c26 : 00000000;
8c27 : 00000000;
8c28 : 00000000;
8c29 : 00000000;
8c2a : 00000000;
8c2b : 00000000;
8c2c : 00000000;
8c2d : 00000000;
8c2e : 00000000;
8c2f : 00000000;
8c30 : 00000000;
8c31 : 00000000;
8c32 : 00000000;
8c33 : 00000000;
8c34 : 00000000;
8c35 : 00000000;
8c36 : 00000000;
8c37 : 00000000;
8c38 : 00000000;
8c39 : 00000000;
8c3a : 00000000;
8c3b : 00000000;
8c3c : 00000000;
8c3d : 00000000;
8c3e : 00000000;
8c3f : 00000000;
8c40 : 00000000;
8c41 : 00000000;
8c42 : 00000000;
8c43 : 00000000;
8c44 : 00000000;
8c45 : 00000000;
8c46 : 00000000;
8c47 : 00000000;
8c48 : 00000000;
8c49 : 00000000;
8c4a : 00000000;
8c4b : 00000000;
8c4c : 00000000;
8c4d : 00000000;
8c4e : 00000000;
8c4f : 00000000;
8c50 : 00000000;
8c51 : 00000000;
8c52 : 00000000;
8c53 : 00000000;
8c54 : 00000000;
8c55 : 00000000;
8c56 : 00000000;
8c57 : 00000000;
8c58 : 00000000;
8c59 : 00000000;
8c5a : 00000000;
8c5b : 00000000;
8c5c : 00000000;
8c5d : 00000000;
8c5e : 00000000;
8c5f : 00000000;
8c60 : 00000000;
8c61 : 00000000;
8c62 : 00000000;
8c63 : 00000000;
8c64 : 00000000;
8c65 : 00000000;
8c66 : 00000000;
8c67 : 00000000;
8c68 : 00000000;
8c69 : 00000000;
8c6a : 00000000;
8c6b : 00000000;
8c6c : 00000000;
8c6d : 00000000;
8c6e : 00000000;
8c6f : 00000000;
8c70 : 00000000;
8c71 : 00000000;
8c72 : 00000000;
8c73 : 00000000;
8c74 : 00000000;
8c75 : 00000000;
8c76 : 00000000;
8c77 : 00000000;
8c78 : 00000000;
8c79 : 00000000;
8c7a : 00000000;
8c7b : 00000000;
8c7c : 00000000;
8c7d : 00000000;
8c7e : 00000000;
8c7f : 00000000;
8c80 : 00000000;
8c81 : 00000000;
8c82 : 00000000;
8c83 : 00000000;
8c84 : 00000000;
8c85 : 00000000;
8c86 : 00000000;
8c87 : 00000000;
8c88 : 00000000;
8c89 : 00000000;
8c8a : 00000000;
8c8b : 00000000;
8c8c : 00000000;
8c8d : 00000000;
8c8e : 00000000;
8c8f : 00000000;
8c90 : 00000000;
8c91 : 00000000;
8c92 : 00000000;
8c93 : 00000000;
8c94 : 00000000;
8c95 : 00000000;
8c96 : 00000000;
8c97 : 00000000;
8c98 : 00000000;
8c99 : 00000000;
8c9a : 00000000;
8c9b : 00000000;
8c9c : 00000000;
8c9d : 00000000;
8c9e : 00000000;
8c9f : 00000000;
8ca0 : 00000000;
8ca1 : 00000000;
8ca2 : 00000000;
8ca3 : 00000000;
8ca4 : 00000000;
8ca5 : 00000000;
8ca6 : 00000000;
8ca7 : 00000000;
8ca8 : 00000000;
8ca9 : 00000000;
8caa : 00000000;
8cab : 00000000;
8cac : 00000000;
8cad : 00000000;
8cae : 00000000;
8caf : 00000000;
8cb0 : 00000000;
8cb1 : 00000000;
8cb2 : 00000000;
8cb3 : 00000000;
8cb4 : 00000000;
8cb5 : 00000000;
8cb6 : 00000000;
8cb7 : 00000000;
8cb8 : 00000000;
8cb9 : 00000000;
8cba : 00000000;
8cbb : 00000000;
8cbc : 00000000;
8cbd : 00000000;
8cbe : 00000000;
8cbf : 00000000;
8cc0 : 00000000;
8cc1 : 00000000;
8cc2 : 00000000;
8cc3 : 00000000;
8cc4 : 00000000;
8cc5 : 00000000;
8cc6 : 00000000;
8cc7 : 00000000;
8cc8 : 00000000;
8cc9 : 00000000;
8cca : 00000000;
8ccb : 00000000;
8ccc : 00000000;
8ccd : 00000000;
8cce : 00000000;
8ccf : 00000000;
8cd0 : 00000000;
8cd1 : 00000000;
8cd2 : 00000000;
8cd3 : 00000000;
8cd4 : 00000000;
8cd5 : 00000000;
8cd6 : 00000000;
8cd7 : 00000000;
8cd8 : 00000000;
8cd9 : 00000000;
8cda : 00000000;
8cdb : 00000000;
8cdc : 00000000;
8cdd : 00000000;
8cde : 00000000;
8cdf : 00000000;
8ce0 : 00000000;
8ce1 : 00000000;
8ce2 : 00000000;
8ce3 : 00000000;
8ce4 : 00000000;
8ce5 : 00000000;
8ce6 : 00000000;
8ce7 : 00000000;
8ce8 : 00000000;
8ce9 : 00000000;
8cea : 00000000;
8ceb : 00000000;
8cec : 00000000;
8ced : 00000000;
8cee : 00000000;
8cef : 00000000;
8cf0 : 00000000;
8cf1 : 00000000;
8cf2 : 00000000;
8cf3 : 00000000;
8cf4 : 00000000;
8cf5 : 00000000;
8cf6 : 00000000;
8cf7 : 00000000;
8cf8 : 00000000;
8cf9 : 00000000;
8cfa : 00000000;
8cfb : 00000000;
8cfc : 00000000;
8cfd : 00000000;
8cfe : 00000000;
8cff : 00000000;
8d00 : 00000000;
8d01 : 00000000;
8d02 : 00000000;
8d03 : 00000000;
8d04 : 00000000;
8d05 : 00000000;
8d06 : 00000000;
8d07 : 00000000;
8d08 : 00000000;
8d09 : 00000000;
8d0a : 00000000;
8d0b : 00000000;
8d0c : 00000000;
8d0d : 00000000;
8d0e : 00000000;
8d0f : 00000000;
8d10 : 00000000;
8d11 : 00000000;
8d12 : 00000000;
8d13 : 00000000;
8d14 : 00000000;
8d15 : 00000000;
8d16 : 00000000;
8d17 : 00000000;
8d18 : 00000000;
8d19 : 00000000;
8d1a : 00000000;
8d1b : 00000000;
8d1c : 00000000;
8d1d : 00000000;
8d1e : 00000000;
8d1f : 00000000;
8d20 : 00000000;
8d21 : 00000000;
8d22 : 00000000;
8d23 : 00000000;
8d24 : 00000000;
8d25 : 00000000;
8d26 : 00000000;
8d27 : 00000000;
8d28 : 00000000;
8d29 : 00000000;
8d2a : 00000000;
8d2b : 00000000;
8d2c : 00000000;
8d2d : 00000000;
8d2e : 00000000;
8d2f : 00000000;
8d30 : 00000000;
8d31 : 00000000;
8d32 : 00000000;
8d33 : 00000000;
8d34 : 00000000;
8d35 : 00000000;
8d36 : 00000000;
8d37 : 00000000;
8d38 : 00000000;
8d39 : 00000000;
8d3a : 00000000;
8d3b : 00000000;
8d3c : 00000000;
8d3d : 00000000;
8d3e : 00000000;
8d3f : 00000000;
8d40 : 00000000;
8d41 : 00000000;
8d42 : 00000000;
8d43 : 00000000;
8d44 : 00000000;
8d45 : 00000000;
8d46 : 00000000;
8d47 : 00000000;
8d48 : 00000000;
8d49 : 00000000;
8d4a : 00000000;
8d4b : 00000000;
8d4c : 00000000;
8d4d : 00000000;
8d4e : 00000000;
8d4f : 00000000;
8d50 : 00000000;
8d51 : 00000000;
8d52 : 00000000;
8d53 : 00000000;
8d54 : 00000000;
8d55 : 00000000;
8d56 : 00000000;
8d57 : 00000000;
8d58 : 00000000;
8d59 : 00000000;
8d5a : 00000000;
8d5b : 00000000;
8d5c : 00000000;
8d5d : 00000000;
8d5e : 00000000;
8d5f : 00000000;
8d60 : 00000000;
8d61 : 00000000;
8d62 : 00000000;
8d63 : 00000000;
8d64 : 00000000;
8d65 : 00000000;
8d66 : 00000000;
8d67 : 00000000;
8d68 : 00000000;
8d69 : 00000000;
8d6a : 00000000;
8d6b : 00000000;
8d6c : 00000000;
8d6d : 00000000;
8d6e : 00000000;
8d6f : 00000000;
8d70 : 00000000;
8d71 : 00000000;
8d72 : 00000000;
8d73 : 00000000;
8d74 : 00000000;
8d75 : 00000000;
8d76 : 00000000;
8d77 : 00000000;
8d78 : 00000000;
8d79 : 00000000;
8d7a : 00000000;
8d7b : 00000000;
8d7c : 00000000;
8d7d : 00000000;
8d7e : 00000000;
8d7f : 00000000;
8d80 : 00000000;
8d81 : 00000000;
8d82 : 00000000;
8d83 : 00000000;
8d84 : 00000000;
8d85 : 00000000;
8d86 : 00000000;
8d87 : 00000000;
8d88 : 00000000;
8d89 : 00000000;
8d8a : 00000000;
8d8b : 00000000;
8d8c : 00000000;
8d8d : 00000000;
8d8e : 00000000;
8d8f : 00000000;
8d90 : 00000000;
8d91 : 00000000;
8d92 : 00000000;
8d93 : 00000000;
8d94 : 00000000;
8d95 : 00000000;
8d96 : 00000000;
8d97 : 00000000;
8d98 : 00000000;
8d99 : 00000000;
8d9a : 00000000;
8d9b : 00000000;
8d9c : 00000000;
8d9d : 00000000;
8d9e : 00000000;
8d9f : 00000000;
8da0 : 00000000;
8da1 : 00000000;
8da2 : 00000000;
8da3 : 00000000;
8da4 : 00000000;
8da5 : 00000000;
8da6 : 00000000;
8da7 : 00000000;
8da8 : 00000000;
8da9 : 00000000;
8daa : 00000000;
8dab : 00000000;
8dac : 00000000;
8dad : 00000000;
8dae : 00000000;
8daf : 00000000;
8db0 : 00000000;
8db1 : 00000000;
8db2 : 00000000;
8db3 : 00000000;
8db4 : 00000000;
8db5 : 00000000;
8db6 : 00000000;
8db7 : 00000000;
8db8 : 00000000;
8db9 : 00000000;
8dba : 00000000;
8dbb : 00000000;
8dbc : 00000000;
8dbd : 00000000;
8dbe : 00000000;
8dbf : 00000000;
8dc0 : 00000000;
8dc1 : 00000000;
8dc2 : 00000000;
8dc3 : 00000000;
8dc4 : 00000000;
8dc5 : 00000000;
8dc6 : 00000000;
8dc7 : 00000000;
8dc8 : 00000000;
8dc9 : 00000000;
8dca : 00000000;
8dcb : 00000000;
8dcc : 00000000;
8dcd : 00000000;
8dce : 00000000;
8dcf : 00000000;
8dd0 : 00000000;
8dd1 : 00000000;
8dd2 : 00000000;
8dd3 : 00000000;
8dd4 : 00000000;
8dd5 : 00000000;
8dd6 : 00000000;
8dd7 : 00000000;
8dd8 : 00000000;
8dd9 : 00000000;
8dda : 00000000;
8ddb : 00000000;
8ddc : 00000000;
8ddd : 00000000;
8dde : 00000000;
8ddf : 00000000;
8de0 : 00000000;
8de1 : 00000000;
8de2 : 00000000;
8de3 : 00000000;
8de4 : 00000000;
8de5 : 00000000;
8de6 : 00000000;
8de7 : 00000000;
8de8 : 00000000;
8de9 : 00000000;
8dea : 00000000;
8deb : 00000000;
8dec : 00000000;
8ded : 00000000;
8dee : 00000000;
8def : 00000000;
8df0 : 00000000;
8df1 : 00000000;
8df2 : 00000000;
8df3 : 00000000;
8df4 : 00000000;
8df5 : 00000000;
8df6 : 00000000;
8df7 : 00000000;
8df8 : 00000000;
8df9 : 00000000;
8dfa : 00000000;
8dfb : 00000000;
8dfc : 00000000;
8dfd : 00000000;
8dfe : 00000000;
8dff : 00000000;
8e00 : 00000000;
8e01 : 00000000;
8e02 : 00000000;
8e03 : 00000000;
8e04 : 00000000;
8e05 : 00000000;
8e06 : 00000000;
8e07 : 00000000;
8e08 : 00000000;
8e09 : 00000000;
8e0a : 00000000;
8e0b : 00000000;
8e0c : 00000000;
8e0d : 00000000;
8e0e : 00000000;
8e0f : 00000000;
8e10 : 00000000;
8e11 : 00000000;
8e12 : 00000000;
8e13 : 00000000;
8e14 : 00000000;
8e15 : 00000000;
8e16 : 00000000;
8e17 : 00000000;
8e18 : 00000000;
8e19 : 00000000;
8e1a : 00000000;
8e1b : 00000000;
8e1c : 00000000;
8e1d : 00000000;
8e1e : 00000000;
8e1f : 00000000;
8e20 : 00000000;
8e21 : 00000000;
8e22 : 00000000;
8e23 : 00000000;
8e24 : 00000000;
8e25 : 00000000;
8e26 : 00000000;
8e27 : 00000000;
8e28 : 00000000;
8e29 : 00000000;
8e2a : 00000000;
8e2b : 00000000;
8e2c : 00000000;
8e2d : 00000000;
8e2e : 00000000;
8e2f : 00000000;
8e30 : 00000000;
8e31 : 00000000;
8e32 : 00000000;
8e33 : 00000000;
8e34 : 00000000;
8e35 : 00000000;
8e36 : 00000000;
8e37 : 00000000;
8e38 : 00000000;
8e39 : 00000000;
8e3a : 00000000;
8e3b : 00000000;
8e3c : 00000000;
8e3d : 00000000;
8e3e : 00000000;
8e3f : 00000000;
8e40 : 00000000;
8e41 : 00000000;
8e42 : 00000000;
8e43 : 00000000;
8e44 : 00000000;
8e45 : 00000000;
8e46 : 00000000;
8e47 : 00000000;
8e48 : 00000000;
8e49 : 00000000;
8e4a : 00000000;
8e4b : 00000000;
8e4c : 00000000;
8e4d : 00000000;
8e4e : 00000000;
8e4f : 00000000;
8e50 : 00000000;
8e51 : 00000000;
8e52 : 00000000;
8e53 : 00000000;
8e54 : 00000000;
8e55 : 00000000;
8e56 : 00000000;
8e57 : 00000000;
8e58 : 00000000;
8e59 : 00000000;
8e5a : 00000000;
8e5b : 00000000;
8e5c : 00000000;
8e5d : 00000000;
8e5e : 00000000;
8e5f : 00000000;
8e60 : 00000000;
8e61 : 00000000;
8e62 : 00000000;
8e63 : 00000000;
8e64 : 00000000;
8e65 : 00000000;
8e66 : 00000000;
8e67 : 00000000;
8e68 : 00000000;
8e69 : 00000000;
8e6a : 00000000;
8e6b : 00000000;
8e6c : 00000000;
8e6d : 00000000;
8e6e : 00000000;
8e6f : 00000000;
8e70 : 00000000;
8e71 : 00000000;
8e72 : 00000000;
8e73 : 00000000;
8e74 : 00000000;
8e75 : 00000000;
8e76 : 00000000;
8e77 : 00000000;
8e78 : 00000000;
8e79 : 00000000;
8e7a : 00000000;
8e7b : 00000000;
8e7c : 00000000;
8e7d : 00000000;
8e7e : 00000000;
8e7f : 00000000;
8e80 : 00000000;
8e81 : 00000000;
8e82 : 00000000;
8e83 : 00000000;
8e84 : 00000000;
8e85 : 00000000;
8e86 : 00000000;
8e87 : 00000000;
8e88 : 00000000;
8e89 : 00000000;
8e8a : 00000000;
8e8b : 00000000;
8e8c : 00000000;
8e8d : 00000000;
8e8e : 00000000;
8e8f : 00000000;
8e90 : 00000000;
8e91 : 00000000;
8e92 : 00000000;
8e93 : 00000000;
8e94 : 00000000;
8e95 : 00000000;
8e96 : 00000000;
8e97 : 00000000;
8e98 : 00000000;
8e99 : 00000000;
8e9a : 00000000;
8e9b : 00000000;
8e9c : 00000000;
8e9d : 00000000;
8e9e : 00000000;
8e9f : 00000000;
8ea0 : 00000000;
8ea1 : 00000000;
8ea2 : 00000000;
8ea3 : 00000000;
8ea4 : 00000000;
8ea5 : 00000000;
8ea6 : 00000000;
8ea7 : 00000000;
8ea8 : 00000000;
8ea9 : 00000000;
8eaa : 00000000;
8eab : 00000000;
8eac : 00000000;
8ead : 00000000;
8eae : 00000000;
8eaf : 00000000;
8eb0 : 00000000;
8eb1 : 00000000;
8eb2 : 00000000;
8eb3 : 00000000;
8eb4 : 00000000;
8eb5 : 00000000;
8eb6 : 00000000;
8eb7 : 00000000;
8eb8 : 00000000;
8eb9 : 00000000;
8eba : 00000000;
8ebb : 00000000;
8ebc : 00000000;
8ebd : 00000000;
8ebe : 00000000;
8ebf : 00000000;
8ec0 : 00000000;
8ec1 : 00000000;
8ec2 : 00000000;
8ec3 : 00000000;
8ec4 : 00000000;
8ec5 : 00000000;
8ec6 : 00000000;
8ec7 : 00000000;
8ec8 : 00000000;
8ec9 : 00000000;
8eca : 00000000;
8ecb : 00000000;
8ecc : 00000000;
8ecd : 00000000;
8ece : 00000000;
8ecf : 00000000;
8ed0 : 00000000;
8ed1 : 00000000;
8ed2 : 00000000;
8ed3 : 00000000;
8ed4 : 00000000;
8ed5 : 00000000;
8ed6 : 00000000;
8ed7 : 00000000;
8ed8 : 00000000;
8ed9 : 00000000;
8eda : 00000000;
8edb : 00000000;
8edc : 00000000;
8edd : 00000000;
8ede : 00000000;
8edf : 00000000;
8ee0 : 00000000;
8ee1 : 00000000;
8ee2 : 00000000;
8ee3 : 00000000;
8ee4 : 00000000;
8ee5 : 00000000;
8ee6 : 00000000;
8ee7 : 00000000;
8ee8 : 00000000;
8ee9 : 00000000;
8eea : 00000000;
8eeb : 00000000;
8eec : 00000000;
8eed : 00000000;
8eee : 00000000;
8eef : 00000000;
8ef0 : 00000000;
8ef1 : 00000000;
8ef2 : 00000000;
8ef3 : 00000000;
8ef4 : 00000000;
8ef5 : 00000000;
8ef6 : 00000000;
8ef7 : 00000000;
8ef8 : 00000000;
8ef9 : 00000000;
8efa : 00000000;
8efb : 00000000;
8efc : 00000000;
8efd : 00000000;
8efe : 00000000;
8eff : 00000000;
8f00 : 00000000;
8f01 : 00000000;
8f02 : 00000000;
8f03 : 00000000;
8f04 : 00000000;
8f05 : 00000000;
8f06 : 00000000;
8f07 : 00000000;
8f08 : 00000000;
8f09 : 00000000;
8f0a : 00000000;
8f0b : 00000000;
8f0c : 00000000;
8f0d : 00000000;
8f0e : 00000000;
8f0f : 00000000;
8f10 : 00000000;
8f11 : 00000000;
8f12 : 00000000;
8f13 : 00000000;
8f14 : 00000000;
8f15 : 00000000;
8f16 : 00000000;
8f17 : 00000000;
8f18 : 00000000;
8f19 : 00000000;
8f1a : 00000000;
8f1b : 00000000;
8f1c : 00000000;
8f1d : 00000000;
8f1e : 00000000;
8f1f : 00000000;
8f20 : 00000000;
8f21 : 00000000;
8f22 : 00000000;
8f23 : 00000000;
8f24 : 00000000;
8f25 : 00000000;
8f26 : 00000000;
8f27 : 00000000;
8f28 : 00000000;
8f29 : 00000000;
8f2a : 00000000;
8f2b : 00000000;
8f2c : 00000000;
8f2d : 00000000;
8f2e : 00000000;
8f2f : 00000000;
8f30 : 00000000;
8f31 : 00000000;
8f32 : 00000000;
8f33 : 00000000;
8f34 : 00000000;
8f35 : 00000000;
8f36 : 00000000;
8f37 : 00000000;
8f38 : 00000000;
8f39 : 00000000;
8f3a : 00000000;
8f3b : 00000000;
8f3c : 00000000;
8f3d : 00000000;
8f3e : 00000000;
8f3f : 00000000;
8f40 : 00000000;
8f41 : 00000000;
8f42 : 00000000;
8f43 : 00000000;
8f44 : 00000000;
8f45 : 00000000;
8f46 : 00000000;
8f47 : 00000000;
8f48 : 00000000;
8f49 : 00000000;
8f4a : 00000000;
8f4b : 00000000;
8f4c : 00000000;
8f4d : 00000000;
8f4e : 00000000;
8f4f : 00000000;
8f50 : 00000000;
8f51 : 00000000;
8f52 : 00000000;
8f53 : 00000000;
8f54 : 00000000;
8f55 : 00000000;
8f56 : 00000000;
8f57 : 00000000;
8f58 : 00000000;
8f59 : 00000000;
8f5a : 00000000;
8f5b : 00000000;
8f5c : 00000000;
8f5d : 00000000;
8f5e : 00000000;
8f5f : 00000000;
8f60 : 00000000;
8f61 : 00000000;
8f62 : 00000000;
8f63 : 00000000;
8f64 : 00000000;
8f65 : 00000000;
8f66 : 00000000;
8f67 : 00000000;
8f68 : 00000000;
8f69 : 00000000;
8f6a : 00000000;
8f6b : 00000000;
8f6c : 00000000;
8f6d : 00000000;
8f6e : 00000000;
8f6f : 00000000;
8f70 : 00000000;
8f71 : 00000000;
8f72 : 00000000;
8f73 : 00000000;
8f74 : 00000000;
8f75 : 00000000;
8f76 : 00000000;
8f77 : 00000000;
8f78 : 00000000;
8f79 : 00000000;
8f7a : 00000000;
8f7b : 00000000;
8f7c : 00000000;
8f7d : 00000000;
8f7e : 00000000;
8f7f : 00000000;
8f80 : 00000000;
8f81 : 00000000;
8f82 : 00000000;
8f83 : 00000000;
8f84 : 00000000;
8f85 : 00000000;
8f86 : 00000000;
8f87 : 00000000;
8f88 : 00000000;
8f89 : 00000000;
8f8a : 00000000;
8f8b : 00000000;
8f8c : 00000000;
8f8d : 00000000;
8f8e : 00000000;
8f8f : 00000000;
8f90 : 00000000;
8f91 : 00000000;
8f92 : 00000000;
8f93 : 00000000;
8f94 : 00000000;
8f95 : 00000000;
8f96 : 00000000;
8f97 : 00000000;
8f98 : 00000000;
8f99 : 00000000;
8f9a : 00000000;
8f9b : 00000000;
8f9c : 00000000;
8f9d : 00000000;
8f9e : 00000000;
8f9f : 00000000;
8fa0 : 00000000;
8fa1 : 00000000;
8fa2 : 00000000;
8fa3 : 00000000;
8fa4 : 00000000;
8fa5 : 00000000;
8fa6 : 00000000;
8fa7 : 00000000;
8fa8 : 00000000;
8fa9 : 00000000;
8faa : 00000000;
8fab : 00000000;
8fac : 00000000;
8fad : 00000000;
8fae : 00000000;
8faf : 00000000;
8fb0 : 00000000;
8fb1 : 00000000;
8fb2 : 00000000;
8fb3 : 00000000;
8fb4 : 00000000;
8fb5 : 00000000;
8fb6 : 00000000;
8fb7 : 00000000;
8fb8 : 00000000;
8fb9 : 00000000;
8fba : 00000000;
8fbb : 00000000;
8fbc : 00000000;
8fbd : 00000000;
8fbe : 00000000;
8fbf : 00000000;
8fc0 : 00000000;
8fc1 : 00000000;
8fc2 : 00000000;
8fc3 : 00000000;
8fc4 : 00000000;
8fc5 : 00000000;
8fc6 : 00000000;
8fc7 : 00000000;
8fc8 : 00000000;
8fc9 : 00000000;
8fca : 00000000;
8fcb : 00000000;
8fcc : 00000000;
8fcd : 00000000;
8fce : 00000000;
8fcf : 00000000;
8fd0 : 00000000;
8fd1 : 00000000;
8fd2 : 00000000;
8fd3 : 00000000;
8fd4 : 00000000;
8fd5 : 00000000;
8fd6 : 00000000;
8fd7 : 00000000;
8fd8 : 00000000;
8fd9 : 00000000;
8fda : 00000000;
8fdb : 00000000;
8fdc : 00000000;
8fdd : 00000000;
8fde : 00000000;
8fdf : 00000000;
8fe0 : 00000000;
8fe1 : 00000000;
8fe2 : 00000000;
8fe3 : 00000000;
8fe4 : 00000000;
8fe5 : 00000000;
8fe6 : 00000000;
8fe7 : 00000000;
8fe8 : 00000000;
8fe9 : 00000000;
8fea : 00000000;
8feb : 00000000;
8fec : 00000000;
8fed : 00000000;
8fee : 00000000;
8fef : 00000000;
8ff0 : 00000000;
8ff1 : 00000000;
8ff2 : 00000000;
8ff3 : 00000000;
8ff4 : 00000000;
8ff5 : 00000000;
8ff6 : 00000000;
8ff7 : 00000000;
8ff8 : 00000000;
8ff9 : 00000000;
8ffa : 00000000;
8ffb : 00000000;
8ffc : 00000000;
8ffd : 00000000;
8ffe : 00000000;
8fff : 00000000;
9000 : 00000000;
9001 : 00000000;
9002 : 00000000;
9003 : 00000000;
9004 : 00000000;
9005 : 00000000;
9006 : 00000000;
9007 : 00000000;
9008 : 00000000;
9009 : 00000000;
900a : 00000000;
900b : 00000000;
900c : 00000000;
900d : 00000000;
900e : 00000000;
900f : 00000000;
9010 : 00000000;
9011 : 00000000;
9012 : 00000000;
9013 : 00000000;
9014 : 00000000;
9015 : 00000000;
9016 : 00000000;
9017 : 00000000;
9018 : 00000000;
9019 : 00000000;
901a : 00000000;
901b : 00000000;
901c : 00000000;
901d : 00000000;
901e : 00000000;
901f : 00000000;
9020 : 00000000;
9021 : 00000000;
9022 : 00000000;
9023 : 00000000;
9024 : 00000000;
9025 : 00000000;
9026 : 00000000;
9027 : 00000000;
9028 : 00000000;
9029 : 00000000;
902a : 00000000;
902b : 00000000;
902c : 00000000;
902d : 00000000;
902e : 00000000;
902f : 00000000;
9030 : 00000000;
9031 : 00000000;
9032 : 00000000;
9033 : 00000000;
9034 : 00000000;
9035 : 00000000;
9036 : 00000000;
9037 : 00000000;
9038 : 00000000;
9039 : 00000000;
903a : 00000000;
903b : 00000000;
903c : 00000000;
903d : 00000000;
903e : 00000000;
903f : 00000000;
9040 : 00000000;
9041 : 00000000;
9042 : 00000000;
9043 : 00000000;
9044 : 00000000;
9045 : 00000000;
9046 : 00000000;
9047 : 00000000;
9048 : 00000000;
9049 : 00000000;
904a : 00000000;
904b : 00000000;
904c : 00000000;
904d : 00000000;
904e : 00000000;
904f : 00000000;
9050 : 00000000;
9051 : 00000000;
9052 : 00000000;
9053 : 00000000;
9054 : 00000000;
9055 : 00000000;
9056 : 00000000;
9057 : 00000000;
9058 : 00000000;
9059 : 00000000;
905a : 00000000;
905b : 00000000;
905c : 00000000;
905d : 00000000;
905e : 00000000;
905f : 00000000;
9060 : 00000000;
9061 : 00000000;
9062 : 00000000;
9063 : 00000000;
9064 : 00000000;
9065 : 00000000;
9066 : 00000000;
9067 : 00000000;
9068 : 00000000;
9069 : 00000000;
906a : 00000000;
906b : 00000000;
906c : 00000000;
906d : 00000000;
906e : 00000000;
906f : 00000000;
9070 : 00000000;
9071 : 00000000;
9072 : 00000000;
9073 : 00000000;
9074 : 00000000;
9075 : 00000000;
9076 : 00000000;
9077 : 00000000;
9078 : 00000000;
9079 : 00000000;
907a : 00000000;
907b : 00000000;
907c : 00000000;
907d : 00000000;
907e : 00000000;
907f : 00000000;
9080 : 00000000;
9081 : 00000000;
9082 : 00000000;
9083 : 00000000;
9084 : 00000000;
9085 : 00000000;
9086 : 00000000;
9087 : 00000000;
9088 : 00000000;
9089 : 00000000;
908a : 00000000;
908b : 00000000;
908c : 00000000;
908d : 00000000;
908e : 00000000;
908f : 00000000;
9090 : 00000000;
9091 : 00000000;
9092 : 00000000;
9093 : 00000000;
9094 : 00000000;
9095 : 00000000;
9096 : 00000000;
9097 : 00000000;
9098 : 00000000;
9099 : 00000000;
909a : 00000000;
909b : 00000000;
909c : 00000000;
909d : 00000000;
909e : 00000000;
909f : 00000000;
90a0 : 00000000;
90a1 : 00000000;
90a2 : 00000000;
90a3 : 00000000;
90a4 : 00000000;
90a5 : 00000000;
90a6 : 00000000;
90a7 : 00000000;
90a8 : 00000000;
90a9 : 00000000;
90aa : 00000000;
90ab : 00000000;
90ac : 00000000;
90ad : 00000000;
90ae : 00000000;
90af : 00000000;
90b0 : 00000000;
90b1 : 00000000;
90b2 : 00000000;
90b3 : 00000000;
90b4 : 00000000;
90b5 : 00000000;
90b6 : 00000000;
90b7 : 00000000;
90b8 : 00000000;
90b9 : 00000000;
90ba : 00000000;
90bb : 00000000;
90bc : 00000000;
90bd : 00000000;
90be : 00000000;
90bf : 00000000;
90c0 : 00000000;
90c1 : 00000000;
90c2 : 00000000;
90c3 : 00000000;
90c4 : 00000000;
90c5 : 00000000;
90c6 : 00000000;
90c7 : 00000000;
90c8 : 00000000;
90c9 : 00000000;
90ca : 00000000;
90cb : 00000000;
90cc : 00000000;
90cd : 00000000;
90ce : 00000000;
90cf : 00000000;
90d0 : 00000000;
90d1 : 00000000;
90d2 : 00000000;
90d3 : 00000000;
90d4 : 00000000;
90d5 : 00000000;
90d6 : 00000000;
90d7 : 00000000;
90d8 : 00000000;
90d9 : 00000000;
90da : 00000000;
90db : 00000000;
90dc : 00000000;
90dd : 00000000;
90de : 00000000;
90df : 00000000;
90e0 : 00000000;
90e1 : 00000000;
90e2 : 00000000;
90e3 : 00000000;
90e4 : 00000000;
90e5 : 00000000;
90e6 : 00000000;
90e7 : 00000000;
90e8 : 00000000;
90e9 : 00000000;
90ea : 00000000;
90eb : 00000000;
90ec : 00000000;
90ed : 00000000;
90ee : 00000000;
90ef : 00000000;
90f0 : 00000000;
90f1 : 00000000;
90f2 : 00000000;
90f3 : 00000000;
90f4 : 00000000;
90f5 : 00000000;
90f6 : 00000000;
90f7 : 00000000;
90f8 : 00000000;
90f9 : 00000000;
90fa : 00000000;
90fb : 00000000;
90fc : 00000000;
90fd : 00000000;
90fe : 00000000;
90ff : 00000000;
9100 : 00000000;
9101 : 00000000;
9102 : 00000000;
9103 : 00000000;
9104 : 00000000;
9105 : 00000000;
9106 : 00000000;
9107 : 00000000;
9108 : 00000000;
9109 : 00000000;
910a : 00000000;
910b : 00000000;
910c : 00000000;
910d : 00000000;
910e : 00000000;
910f : 00000000;
9110 : 00000000;
9111 : 00000000;
9112 : 00000000;
9113 : 00000000;
9114 : 00000000;
9115 : 00000000;
9116 : 00000000;
9117 : 00000000;
9118 : 00000000;
9119 : 00000000;
911a : 00000000;
911b : 00000000;
911c : 00000000;
911d : 00000000;
911e : 00000000;
911f : 00000000;
9120 : 00000000;
9121 : 00000000;
9122 : 00000000;
9123 : 00000000;
9124 : 00000000;
9125 : 00000000;
9126 : 00000000;
9127 : 00000000;
9128 : 00000000;
9129 : 00000000;
912a : 00000000;
912b : 00000000;
912c : 00000000;
912d : 00000000;
912e : 00000000;
912f : 00000000;
9130 : 00000000;
9131 : 00000000;
9132 : 00000000;
9133 : 00000000;
9134 : 00000000;
9135 : 00000000;
9136 : 00000000;
9137 : 00000000;
9138 : 00000000;
9139 : 00000000;
913a : 00000000;
913b : 00000000;
913c : 00000000;
913d : 00000000;
913e : 00000000;
913f : 00000000;
9140 : 00000000;
9141 : 00000000;
9142 : 00000000;
9143 : 00000000;
9144 : 00000000;
9145 : 00000000;
9146 : 00000000;
9147 : 00000000;
9148 : 00000000;
9149 : 00000000;
914a : 00000000;
914b : 00000000;
914c : 00000000;
914d : 00000000;
914e : 00000000;
914f : 00000000;
9150 : 00000000;
9151 : 00000000;
9152 : 00000000;
9153 : 00000000;
9154 : 00000000;
9155 : 00000000;
9156 : 00000000;
9157 : 00000000;
9158 : 00000000;
9159 : 00000000;
915a : 00000000;
915b : 00000000;
915c : 00000000;
915d : 00000000;
915e : 00000000;
915f : 00000000;
9160 : 00000000;
9161 : 00000000;
9162 : 00000000;
9163 : 00000000;
9164 : 00000000;
9165 : 00000000;
9166 : 00000000;
9167 : 00000000;
9168 : 00000000;
9169 : 00000000;
916a : 00000000;
916b : 00000000;
916c : 00000000;
916d : 00000000;
916e : 00000000;
916f : 00000000;
9170 : 00000000;
9171 : 00000000;
9172 : 00000000;
9173 : 00000000;
9174 : 00000000;
9175 : 00000000;
9176 : 00000000;
9177 : 00000000;
9178 : 00000000;
9179 : 00000000;
917a : 00000000;
917b : 00000000;
917c : 00000000;
917d : 00000000;
917e : 00000000;
917f : 00000000;
9180 : 00000000;
9181 : 00000000;
9182 : 00000000;
9183 : 00000000;
9184 : 00000000;
9185 : 00000000;
9186 : 00000000;
9187 : 00000000;
9188 : 00000000;
9189 : 00000000;
918a : 00000000;
918b : 00000000;
918c : 00000000;
918d : 00000000;
918e : 00000000;
918f : 00000000;
9190 : 00000000;
9191 : 00000000;
9192 : 00000000;
9193 : 00000000;
9194 : 00000000;
9195 : 00000000;
9196 : 00000000;
9197 : 00000000;
9198 : 00000000;
9199 : 00000000;
919a : 00000000;
919b : 00000000;
919c : 00000000;
919d : 00000000;
919e : 00000000;
919f : 00000000;
91a0 : 00000000;
91a1 : 00000000;
91a2 : 00000000;
91a3 : 00000000;
91a4 : 00000000;
91a5 : 00000000;
91a6 : 00000000;
91a7 : 00000000;
91a8 : 00000000;
91a9 : 00000000;
91aa : 00000000;
91ab : 00000000;
91ac : 00000000;
91ad : 00000000;
91ae : 00000000;
91af : 00000000;
91b0 : 00000000;
91b1 : 00000000;
91b2 : 00000000;
91b3 : 00000000;
91b4 : 00000000;
91b5 : 00000000;
91b6 : 00000000;
91b7 : 00000000;
91b8 : 00000000;
91b9 : 00000000;
91ba : 00000000;
91bb : 00000000;
91bc : 00000000;
91bd : 00000000;
91be : 00000000;
91bf : 00000000;
91c0 : 00000000;
91c1 : 00000000;
91c2 : 00000000;
91c3 : 00000000;
91c4 : 00000000;
91c5 : 00000000;
91c6 : 00000000;
91c7 : 00000000;
91c8 : 00000000;
91c9 : 00000000;
91ca : 00000000;
91cb : 00000000;
91cc : 00000000;
91cd : 00000000;
91ce : 00000000;
91cf : 00000000;
91d0 : 00000000;
91d1 : 00000000;
91d2 : 00000000;
91d3 : 00000000;
91d4 : 00000000;
91d5 : 00000000;
91d6 : 00000000;
91d7 : 00000000;
91d8 : 00000000;
91d9 : 00000000;
91da : 00000000;
91db : 00000000;
91dc : 00000000;
91dd : 00000000;
91de : 00000000;
91df : 00000000;
91e0 : 00000000;
91e1 : 00000000;
91e2 : 00000000;
91e3 : 00000000;
91e4 : 00000000;
91e5 : 00000000;
91e6 : 00000000;
91e7 : 00000000;
91e8 : 00000000;
91e9 : 00000000;
91ea : 00000000;
91eb : 00000000;
91ec : 00000000;
91ed : 00000000;
91ee : 00000000;
91ef : 00000000;
91f0 : 00000000;
91f1 : 00000000;
91f2 : 00000000;
91f3 : 00000000;
91f4 : 00000000;
91f5 : 00000000;
91f6 : 00000000;
91f7 : 00000000;
91f8 : 00000000;
91f9 : 00000000;
91fa : 00000000;
91fb : 00000000;
91fc : 00000000;
91fd : 00000000;
91fe : 00000000;
91ff : 00000000;
9200 : 00000000;
9201 : 00000000;
9202 : 00000000;
9203 : 00000000;
9204 : 00000000;
9205 : 00000000;
9206 : 00000000;
9207 : 00000000;
9208 : 00000000;
9209 : 00000000;
920a : 00000000;
920b : 00000000;
920c : 00000000;
920d : 00000000;
920e : 00000000;
920f : 00000000;
9210 : 00000000;
9211 : 00000000;
9212 : 00000000;
9213 : 00000000;
9214 : 00000000;
9215 : 00000000;
9216 : 00000000;
9217 : 00000000;
9218 : 00000000;
9219 : 00000000;
921a : 00000000;
921b : 00000000;
921c : 00000000;
921d : 00000000;
921e : 00000000;
921f : 00000000;
9220 : 00000000;
9221 : 00000000;
9222 : 00000000;
9223 : 00000000;
9224 : 00000000;
9225 : 00000000;
9226 : 00000000;
9227 : 00000000;
9228 : 00000000;
9229 : 00000000;
922a : 00000000;
922b : 00000000;
922c : 00000000;
922d : 00000000;
922e : 00000000;
922f : 00000000;
9230 : 00000000;
9231 : 00000000;
9232 : 00000000;
9233 : 00000000;
9234 : 00000000;
9235 : 00000000;
9236 : 00000000;
9237 : 00000000;
9238 : 00000000;
9239 : 00000000;
923a : 00000000;
923b : 00000000;
923c : 00000000;
923d : 00000000;
923e : 00000000;
923f : 00000000;
9240 : 00000000;
9241 : 00000000;
9242 : 00000000;
9243 : 00000000;
9244 : 00000000;
9245 : 00000000;
9246 : 00000000;
9247 : 00000000;
9248 : 00000000;
9249 : 00000000;
924a : 00000000;
924b : 00000000;
924c : 00000000;
924d : 00000000;
924e : 00000000;
924f : 00000000;
9250 : 00000000;
9251 : 00000000;
9252 : 00000000;
9253 : 00000000;
9254 : 00000000;
9255 : 00000000;
9256 : 00000000;
9257 : 00000000;
9258 : 00000000;
9259 : 00000000;
925a : 00000000;
925b : 00000000;
925c : 00000000;
925d : 00000000;
925e : 00000000;
925f : 00000000;
9260 : 00000000;
9261 : 00000000;
9262 : 00000000;
9263 : 00000000;
9264 : 00000000;
9265 : 00000000;
9266 : 00000000;
9267 : 00000000;
9268 : 00000000;
9269 : 00000000;
926a : 00000000;
926b : 00000000;
926c : 00000000;
926d : 00000000;
926e : 00000000;
926f : 00000000;
9270 : 00000000;
9271 : 00000000;
9272 : 00000000;
9273 : 00000000;
9274 : 00000000;
9275 : 00000000;
9276 : 00000000;
9277 : 00000000;
9278 : 00000000;
9279 : 00000000;
927a : 00000000;
927b : 00000000;
927c : 00000000;
927d : 00000000;
927e : 00000000;
927f : 00000000;
9280 : 00000000;
9281 : 00000000;
9282 : 00000000;
9283 : 00000000;
9284 : 00000000;
9285 : 00000000;
9286 : 00000000;
9287 : 00000000;
9288 : 00000000;
9289 : 00000000;
928a : 00000000;
928b : 00000000;
928c : 00000000;
928d : 00000000;
928e : 00000000;
928f : 00000000;
9290 : 00000000;
9291 : 00000000;
9292 : 00000000;
9293 : 00000000;
9294 : 00000000;
9295 : 00000000;
9296 : 00000000;
9297 : 00000000;
9298 : 00000000;
9299 : 00000000;
929a : 00000000;
929b : 00000000;
929c : 00000000;
929d : 00000000;
929e : 00000000;
929f : 00000000;
92a0 : 00000000;
92a1 : 00000000;
92a2 : 00000000;
92a3 : 00000000;
92a4 : 00000000;
92a5 : 00000000;
92a6 : 00000000;
92a7 : 00000000;
92a8 : 00000000;
92a9 : 00000000;
92aa : 00000000;
92ab : 00000000;
92ac : 00000000;
92ad : 00000000;
92ae : 00000000;
92af : 00000000;
92b0 : 00000000;
92b1 : 00000000;
92b2 : 00000000;
92b3 : 00000000;
92b4 : 00000000;
92b5 : 00000000;
92b6 : 00000000;
92b7 : 00000000;
92b8 : 00000000;
92b9 : 00000000;
92ba : 00000000;
92bb : 00000000;
92bc : 00000000;
92bd : 00000000;
92be : 00000000;
92bf : 00000000;
92c0 : 00000000;
92c1 : 00000000;
92c2 : 00000000;
92c3 : 00000000;
92c4 : 00000000;
92c5 : 00000000;
92c6 : 00000000;
92c7 : 00000000;
92c8 : 00000000;
92c9 : 00000000;
92ca : 00000000;
92cb : 00000000;
92cc : 00000000;
92cd : 00000000;
92ce : 00000000;
92cf : 00000000;
92d0 : 00000000;
92d1 : 00000000;
92d2 : 00000000;
92d3 : 00000000;
92d4 : 00000000;
92d5 : 00000000;
92d6 : 00000000;
92d7 : 00000000;
92d8 : 00000000;
92d9 : 00000000;
92da : 00000000;
92db : 00000000;
92dc : 00000000;
92dd : 00000000;
92de : 00000000;
92df : 00000000;
92e0 : 00000000;
92e1 : 00000000;
92e2 : 00000000;
92e3 : 00000000;
92e4 : 00000000;
92e5 : 00000000;
92e6 : 00000000;
92e7 : 00000000;
92e8 : 00000000;
92e9 : 00000000;
92ea : 00000000;
92eb : 00000000;
92ec : 00000000;
92ed : 00000000;
92ee : 00000000;
92ef : 00000000;
92f0 : 00000000;
92f1 : 00000000;
92f2 : 00000000;
92f3 : 00000000;
92f4 : 00000000;
92f5 : 00000000;
92f6 : 00000000;
92f7 : 00000000;
92f8 : 00000000;
92f9 : 00000000;
92fa : 00000000;
92fb : 00000000;
92fc : 00000000;
92fd : 00000000;
92fe : 00000000;
92ff : 00000000;
9300 : 00000000;
9301 : 00000000;
9302 : 00000000;
9303 : 00000000;
9304 : 00000000;
9305 : 00000000;
9306 : 00000000;
9307 : 00000000;
9308 : 00000000;
9309 : 00000000;
930a : 00000000;
930b : 00000000;
930c : 00000000;
930d : 00000000;
930e : 00000000;
930f : 00000000;
9310 : 00000000;
9311 : 00000000;
9312 : 00000000;
9313 : 00000000;
9314 : 00000000;
9315 : 00000000;
9316 : 00000000;
9317 : 00000000;
9318 : 00000000;
9319 : 00000000;
931a : 00000000;
931b : 00000000;
931c : 00000000;
931d : 00000000;
931e : 00000000;
931f : 00000000;
9320 : 00000000;
9321 : 00000000;
9322 : 00000000;
9323 : 00000000;
9324 : 00000000;
9325 : 00000000;
9326 : 00000000;
9327 : 00000000;
9328 : 00000000;
9329 : 00000000;
932a : 00000000;
932b : 00000000;
932c : 00000000;
932d : 00000000;
932e : 00000000;
932f : 00000000;
9330 : 00000000;
9331 : 00000000;
9332 : 00000000;
9333 : 00000000;
9334 : 00000000;
9335 : 00000000;
9336 : 00000000;
9337 : 00000000;
9338 : 00000000;
9339 : 00000000;
933a : 00000000;
933b : 00000000;
933c : 00000000;
933d : 00000000;
933e : 00000000;
933f : 00000000;
9340 : 00000000;
9341 : 00000000;
9342 : 00000000;
9343 : 00000000;
9344 : 00000000;
9345 : 00000000;
9346 : 00000000;
9347 : 00000000;
9348 : 00000000;
9349 : 00000000;
934a : 00000000;
934b : 00000000;
934c : 00000000;
934d : 00000000;
934e : 00000000;
934f : 00000000;
9350 : 00000000;
9351 : 00000000;
9352 : 00000000;
9353 : 00000000;
9354 : 00000000;
9355 : 00000000;
9356 : 00000000;
9357 : 00000000;
9358 : 00000000;
9359 : 00000000;
935a : 00000000;
935b : 00000000;
935c : 00000000;
935d : 00000000;
935e : 00000000;
935f : 00000000;
9360 : 00000000;
9361 : 00000000;
9362 : 00000000;
9363 : 00000000;
9364 : 00000000;
9365 : 00000000;
9366 : 00000000;
9367 : 00000000;
9368 : 00000000;
9369 : 00000000;
936a : 00000000;
936b : 00000000;
936c : 00000000;
936d : 00000000;
936e : 00000000;
936f : 00000000;
9370 : 00000000;
9371 : 00000000;
9372 : 00000000;
9373 : 00000000;
9374 : 00000000;
9375 : 00000000;
9376 : 00000000;
9377 : 00000000;
9378 : 00000000;
9379 : 00000000;
937a : 00000000;
937b : 00000000;
937c : 00000000;
937d : 00000000;
937e : 00000000;
937f : 00000000;
9380 : 00000000;
9381 : 00000000;
9382 : 00000000;
9383 : 00000000;
9384 : 00000000;
9385 : 00000000;
9386 : 00000000;
9387 : 00000000;
9388 : 00000000;
9389 : 00000000;
938a : 00000000;
938b : 00000000;
938c : 00000000;
938d : 00000000;
938e : 00000000;
938f : 00000000;
9390 : 00000000;
9391 : 00000000;
9392 : 00000000;
9393 : 00000000;
9394 : 00000000;
9395 : 00000000;
9396 : 00000000;
9397 : 00000000;
9398 : 00000000;
9399 : 00000000;
939a : 00000000;
939b : 00000000;
939c : 00000000;
939d : 00000000;
939e : 00000000;
939f : 00000000;
93a0 : 00000000;
93a1 : 00000000;
93a2 : 00000000;
93a3 : 00000000;
93a4 : 00000000;
93a5 : 00000000;
93a6 : 00000000;
93a7 : 00000000;
93a8 : 00000000;
93a9 : 00000000;
93aa : 00000000;
93ab : 00000000;
93ac : 00000000;
93ad : 00000000;
93ae : 00000000;
93af : 00000000;
93b0 : 00000000;
93b1 : 00000000;
93b2 : 00000000;
93b3 : 00000000;
93b4 : 00000000;
93b5 : 00000000;
93b6 : 00000000;
93b7 : 00000000;
93b8 : 00000000;
93b9 : 00000000;
93ba : 00000000;
93bb : 00000000;
93bc : 00000000;
93bd : 00000000;
93be : 00000000;
93bf : 00000000;
93c0 : 00000000;
93c1 : 00000000;
93c2 : 00000000;
93c3 : 00000000;
93c4 : 00000000;
93c5 : 00000000;
93c6 : 00000000;
93c7 : 00000000;
93c8 : 00000000;
93c9 : 00000000;
93ca : 00000000;
93cb : 00000000;
93cc : 00000000;
93cd : 00000000;
93ce : 00000000;
93cf : 00000000;
93d0 : 00000000;
93d1 : 00000000;
93d2 : 00000000;
93d3 : 00000000;
93d4 : 00000000;
93d5 : 00000000;
93d6 : 00000000;
93d7 : 00000000;
93d8 : 00000000;
93d9 : 00000000;
93da : 00000000;
93db : 00000000;
93dc : 00000000;
93dd : 00000000;
93de : 00000000;
93df : 00000000;
93e0 : 00000000;
93e1 : 00000000;
93e2 : 00000000;
93e3 : 00000000;
93e4 : 00000000;
93e5 : 00000000;
93e6 : 00000000;
93e7 : 00000000;
93e8 : 00000000;
93e9 : 00000000;
93ea : 00000000;
93eb : 00000000;
93ec : 00000000;
93ed : 00000000;
93ee : 00000000;
93ef : 00000000;
93f0 : 00000000;
93f1 : 00000000;
93f2 : 00000000;
93f3 : 00000000;
93f4 : 00000000;
93f5 : 00000000;
93f6 : 00000000;
93f7 : 00000000;
93f8 : 00000000;
93f9 : 00000000;
93fa : 00000000;
93fb : 00000000;
93fc : 00000000;
93fd : 00000000;
93fe : 00000000;
93ff : 00000000;
9400 : 00000000;
9401 : 00000000;
9402 : 00000000;
9403 : 00000000;
9404 : 00000000;
9405 : 00000000;
9406 : 00000000;
9407 : 00000000;
9408 : 00000000;
9409 : 00000000;
940a : 00000000;
940b : 00000000;
940c : 00000000;
940d : 00000000;
940e : 00000000;
940f : 00000000;
9410 : 00000000;
9411 : 00000000;
9412 : 00000000;
9413 : 00000000;
9414 : 00000000;
9415 : 00000000;
9416 : 00000000;
9417 : 00000000;
9418 : 00000000;
9419 : 00000000;
941a : 00000000;
941b : 00000000;
941c : 00000000;
941d : 00000000;
941e : 00000000;
941f : 00000000;
9420 : 00000000;
9421 : 00000000;
9422 : 00000000;
9423 : 00000000;
9424 : 00000000;
9425 : 00000000;
9426 : 00000000;
9427 : 00000000;
9428 : 00000000;
9429 : 00000000;
942a : 00000000;
942b : 00000000;
942c : 00000000;
942d : 00000000;
942e : 00000000;
942f : 00000000;
9430 : 00000000;
9431 : 00000000;
9432 : 00000000;
9433 : 00000000;
9434 : 00000000;
9435 : 00000000;
9436 : 00000000;
9437 : 00000000;
9438 : 00000000;
9439 : 00000000;
943a : 00000000;
943b : 00000000;
943c : 00000000;
943d : 00000000;
943e : 00000000;
943f : 00000000;
9440 : 00000000;
9441 : 00000000;
9442 : 00000000;
9443 : 00000000;
9444 : 00000000;
9445 : 00000000;
9446 : 00000000;
9447 : 00000000;
9448 : 00000000;
9449 : 00000000;
944a : 00000000;
944b : 00000000;
944c : 00000000;
944d : 00000000;
944e : 00000000;
944f : 00000000;
9450 : 00000000;
9451 : 00000000;
9452 : 00000000;
9453 : 00000000;
9454 : 00000000;
9455 : 00000000;
9456 : 00000000;
9457 : 00000000;
9458 : 00000000;
9459 : 00000000;
945a : 00000000;
945b : 00000000;
945c : 00000000;
945d : 00000000;
945e : 00000000;
945f : 00000000;
9460 : 00000000;
9461 : 00000000;
9462 : 00000000;
9463 : 00000000;
9464 : 00000000;
9465 : 00000000;
9466 : 00000000;
9467 : 00000000;
9468 : 00000000;
9469 : 00000000;
946a : 00000000;
946b : 00000000;
946c : 00000000;
946d : 00000000;
946e : 00000000;
946f : 00000000;
9470 : 00000000;
9471 : 00000000;
9472 : 00000000;
9473 : 00000000;
9474 : 00000000;
9475 : 00000000;
9476 : 00000000;
9477 : 00000000;
9478 : 00000000;
9479 : 00000000;
947a : 00000000;
947b : 00000000;
947c : 00000000;
947d : 00000000;
947e : 00000000;
947f : 00000000;
9480 : 00000000;
9481 : 00000000;
9482 : 00000000;
9483 : 00000000;
9484 : 00000000;
9485 : 00000000;
9486 : 00000000;
9487 : 00000000;
9488 : 00000000;
9489 : 00000000;
948a : 00000000;
948b : 00000000;
948c : 00000000;
948d : 00000000;
948e : 00000000;
948f : 00000000;
9490 : 00000000;
9491 : 00000000;
9492 : 00000000;
9493 : 00000000;
9494 : 00000000;
9495 : 00000000;
9496 : 00000000;
9497 : 00000000;
9498 : 00000000;
9499 : 00000000;
949a : 00000000;
949b : 00000000;
949c : 00000000;
949d : 00000000;
949e : 00000000;
949f : 00000000;
94a0 : 00000000;
94a1 : 00000000;
94a2 : 00000000;
94a3 : 00000000;
94a4 : 00000000;
94a5 : 00000000;
94a6 : 00000000;
94a7 : 00000000;
94a8 : 00000000;
94a9 : 00000000;
94aa : 00000000;
94ab : 00000000;
94ac : 00000000;
94ad : 00000000;
94ae : 00000000;
94af : 00000000;
94b0 : 00000000;
94b1 : 00000000;
94b2 : 00000000;
94b3 : 00000000;
94b4 : 00000000;
94b5 : 00000000;
94b6 : 00000000;
94b7 : 00000000;
94b8 : 00000000;
94b9 : 00000000;
94ba : 00000000;
94bb : 00000000;
94bc : 00000000;
94bd : 00000000;
94be : 00000000;
94bf : 00000000;
94c0 : 00000000;
94c1 : 00000000;
94c2 : 00000000;
94c3 : 00000000;
94c4 : 00000000;
94c5 : 00000000;
94c6 : 00000000;
94c7 : 00000000;
94c8 : 00000000;
94c9 : 00000000;
94ca : 00000000;
94cb : 00000000;
94cc : 00000000;
94cd : 00000000;
94ce : 00000000;
94cf : 00000000;
94d0 : 00000000;
94d1 : 00000000;
94d2 : 00000000;
94d3 : 00000000;
94d4 : 00000000;
94d5 : 00000000;
94d6 : 00000000;
94d7 : 00000000;
94d8 : 00000000;
94d9 : 00000000;
94da : 00000000;
94db : 00000000;
94dc : 00000000;
94dd : 00000000;
94de : 00000000;
94df : 00000000;
94e0 : 00000000;
94e1 : 00000000;
94e2 : 00000000;
94e3 : 00000000;
94e4 : 00000000;
94e5 : 00000000;
94e6 : 00000000;
94e7 : 00000000;
94e8 : 00000000;
94e9 : 00000000;
94ea : 00000000;
94eb : 00000000;
94ec : 00000000;
94ed : 00000000;
94ee : 00000000;
94ef : 00000000;
94f0 : 00000000;
94f1 : 00000000;
94f2 : 00000000;
94f3 : 00000000;
94f4 : 00000000;
94f5 : 00000000;
94f6 : 00000000;
94f7 : 00000000;
94f8 : 00000000;
94f9 : 00000000;
94fa : 00000000;
94fb : 00000000;
94fc : 00000000;
94fd : 00000000;
94fe : 00000000;
94ff : 00000000;
9500 : 00000000;
9501 : 00000000;
9502 : 00000000;
9503 : 00000000;
9504 : 00000000;
9505 : 00000000;
9506 : 00000000;
9507 : 00000000;
9508 : 00000000;
9509 : 00000000;
950a : 00000000;
950b : 00000000;
950c : 00000000;
950d : 00000000;
950e : 00000000;
950f : 00000000;
9510 : 00000000;
9511 : 00000000;
9512 : 00000000;
9513 : 00000000;
9514 : 00000000;
9515 : 00000000;
9516 : 00000000;
9517 : 00000000;
9518 : 00000000;
9519 : 00000000;
951a : 00000000;
951b : 00000000;
951c : 00000000;
951d : 00000000;
951e : 00000000;
951f : 00000000;
9520 : 00000000;
9521 : 00000000;
9522 : 00000000;
9523 : 00000000;
9524 : 00000000;
9525 : 00000000;
9526 : 00000000;
9527 : 00000000;
9528 : 00000000;
9529 : 00000000;
952a : 00000000;
952b : 00000000;
952c : 00000000;
952d : 00000000;
952e : 00000000;
952f : 00000000;
9530 : 00000000;
9531 : 00000000;
9532 : 00000000;
9533 : 00000000;
9534 : 00000000;
9535 : 00000000;
9536 : 00000000;
9537 : 00000000;
9538 : 00000000;
9539 : 00000000;
953a : 00000000;
953b : 00000000;
953c : 00000000;
953d : 00000000;
953e : 00000000;
953f : 00000000;
9540 : 00000000;
9541 : 00000000;
9542 : 00000000;
9543 : 00000000;
9544 : 00000000;
9545 : 00000000;
9546 : 00000000;
9547 : 00000000;
9548 : 00000000;
9549 : 00000000;
954a : 00000000;
954b : 00000000;
954c : 00000000;
954d : 00000000;
954e : 00000000;
954f : 00000000;
9550 : 00000000;
9551 : 00000000;
9552 : 00000000;
9553 : 00000000;
9554 : 00000000;
9555 : 00000000;
9556 : 00000000;
9557 : 00000000;
9558 : 00000000;
9559 : 00000000;
955a : 00000000;
955b : 00000000;
955c : 00000000;
955d : 00000000;
955e : 00000000;
955f : 00000000;
9560 : 00000000;
9561 : 00000000;
9562 : 00000000;
9563 : 00000000;
9564 : 00000000;
9565 : 00000000;
9566 : 00000000;
9567 : 00000000;
9568 : 00000000;
9569 : 00000000;
956a : 00000000;
956b : 00000000;
956c : 00000000;
956d : 00000000;
956e : 00000000;
956f : 00000000;
9570 : 00000000;
9571 : 00000000;
9572 : 00000000;
9573 : 00000000;
9574 : 00000000;
9575 : 00000000;
9576 : 00000000;
9577 : 00000000;
9578 : 00000000;
9579 : 00000000;
957a : 00000000;
957b : 00000000;
957c : 00000000;
957d : 00000000;
957e : 00000000;
957f : 00000000;
9580 : 00000000;
9581 : 00000000;
9582 : 00000000;
9583 : 00000000;
9584 : 00000000;
9585 : 00000000;
9586 : 00000000;
9587 : 00000000;
9588 : 00000000;
9589 : 00000000;
958a : 00000000;
958b : 00000000;
958c : 00000000;
958d : 00000000;
958e : 00000000;
958f : 00000000;
9590 : 00000000;
9591 : 00000000;
9592 : 00000000;
9593 : 00000000;
9594 : 00000000;
9595 : 00000000;
9596 : 00000000;
9597 : 00000000;
9598 : 00000000;
9599 : 00000000;
959a : 00000000;
959b : 00000000;
959c : 00000000;
959d : 00000000;
959e : 00000000;
959f : 00000000;
95a0 : 00000000;
95a1 : 00000000;
95a2 : 00000000;
95a3 : 00000000;
95a4 : 00000000;
95a5 : 00000000;
95a6 : 00000000;
95a7 : 00000000;
95a8 : 00000000;
95a9 : 00000000;
95aa : 00000000;
95ab : 00000000;
95ac : 00000000;
95ad : 00000000;
95ae : 00000000;
95af : 00000000;
95b0 : 00000000;
95b1 : 00000000;
95b2 : 00000000;
95b3 : 00000000;
95b4 : 00000000;
95b5 : 00000000;
95b6 : 00000000;
95b7 : 00000000;
95b8 : 00000000;
95b9 : 00000000;
95ba : 00000000;
95bb : 00000000;
95bc : 00000000;
95bd : 00000000;
95be : 00000000;
95bf : 00000000;
95c0 : 00000000;
95c1 : 00000000;
95c2 : 00000000;
95c3 : 00000000;
95c4 : 00000000;
95c5 : 00000000;
95c6 : 00000000;
95c7 : 00000000;
95c8 : 00000000;
95c9 : 00000000;
95ca : 00000000;
95cb : 00000000;
95cc : 00000000;
95cd : 00000000;
95ce : 00000000;
95cf : 00000000;
95d0 : 00000000;
95d1 : 00000000;
95d2 : 00000000;
95d3 : 00000000;
95d4 : 00000000;
95d5 : 00000000;
95d6 : 00000000;
95d7 : 00000000;
95d8 : 00000000;
95d9 : 00000000;
95da : 00000000;
95db : 00000000;
95dc : 00000000;
95dd : 00000000;
95de : 00000000;
95df : 00000000;
95e0 : 00000000;
95e1 : 00000000;
95e2 : 00000000;
95e3 : 00000000;
95e4 : 00000000;
95e5 : 00000000;
95e6 : 00000000;
95e7 : 00000000;
95e8 : 00000000;
95e9 : 00000000;
95ea : 00000000;
95eb : 00000000;
95ec : 00000000;
95ed : 00000000;
95ee : 00000000;
95ef : 00000000;
95f0 : 00000000;
95f1 : 00000000;
95f2 : 00000000;
95f3 : 00000000;
95f4 : 00000000;
95f5 : 00000000;
95f6 : 00000000;
95f7 : 00000000;
95f8 : 00000000;
95f9 : 00000000;
95fa : 00000000;
95fb : 00000000;
95fc : 00000000;
95fd : 00000000;
95fe : 00000000;
95ff : 00000000;
9600 : 00000000;
9601 : 00000000;
9602 : 00000000;
9603 : 00000000;
9604 : 00000000;
9605 : 00000000;
9606 : 00000000;
9607 : 00000000;
9608 : 00000000;
9609 : 00000000;
960a : 00000000;
960b : 00000000;
960c : 00000000;
960d : 00000000;
960e : 00000000;
960f : 00000000;
9610 : 00000000;
9611 : 00000000;
9612 : 00000000;
9613 : 00000000;
9614 : 00000000;
9615 : 00000000;
9616 : 00000000;
9617 : 00000000;
9618 : 00000000;
9619 : 00000000;
961a : 00000000;
961b : 00000000;
961c : 00000000;
961d : 00000000;
961e : 00000000;
961f : 00000000;
9620 : 00000000;
9621 : 00000000;
9622 : 00000000;
9623 : 00000000;
9624 : 00000000;
9625 : 00000000;
9626 : 00000000;
9627 : 00000000;
9628 : 00000000;
9629 : 00000000;
962a : 00000000;
962b : 00000000;
962c : 00000000;
962d : 00000000;
962e : 00000000;
962f : 00000000;
9630 : 00000000;
9631 : 00000000;
9632 : 00000000;
9633 : 00000000;
9634 : 00000000;
9635 : 00000000;
9636 : 00000000;
9637 : 00000000;
9638 : 00000000;
9639 : 00000000;
963a : 00000000;
963b : 00000000;
963c : 00000000;
963d : 00000000;
963e : 00000000;
963f : 00000000;
9640 : 00000000;
9641 : 00000000;
9642 : 00000000;
9643 : 00000000;
9644 : 00000000;
9645 : 00000000;
9646 : 00000000;
9647 : 00000000;
9648 : 00000000;
9649 : 00000000;
964a : 00000000;
964b : 00000000;
964c : 00000000;
964d : 00000000;
964e : 00000000;
964f : 00000000;
9650 : 00000000;
9651 : 00000000;
9652 : 00000000;
9653 : 00000000;
9654 : 00000000;
9655 : 00000000;
9656 : 00000000;
9657 : 00000000;
9658 : 00000000;
9659 : 00000000;
965a : 00000000;
965b : 00000000;
965c : 00000000;
965d : 00000000;
965e : 00000000;
965f : 00000000;
9660 : 00000000;
9661 : 00000000;
9662 : 00000000;
9663 : 00000000;
9664 : 00000000;
9665 : 00000000;
9666 : 00000000;
9667 : 00000000;
9668 : 00000000;
9669 : 00000000;
966a : 00000000;
966b : 00000000;
966c : 00000000;
966d : 00000000;
966e : 00000000;
966f : 00000000;
9670 : 00000000;
9671 : 00000000;
9672 : 00000000;
9673 : 00000000;
9674 : 00000000;
9675 : 00000000;
9676 : 00000000;
9677 : 00000000;
9678 : 00000000;
9679 : 00000000;
967a : 00000000;
967b : 00000000;
967c : 00000000;
967d : 00000000;
967e : 00000000;
967f : 00000000;
9680 : 00000000;
9681 : 00000000;
9682 : 00000000;
9683 : 00000000;
9684 : 00000000;
9685 : 00000000;
9686 : 00000000;
9687 : 00000000;
9688 : 00000000;
9689 : 00000000;
968a : 00000000;
968b : 00000000;
968c : 00000000;
968d : 00000000;
968e : 00000000;
968f : 00000000;
9690 : 00000000;
9691 : 00000000;
9692 : 00000000;
9693 : 00000000;
9694 : 00000000;
9695 : 00000000;
9696 : 00000000;
9697 : 00000000;
9698 : 00000000;
9699 : 00000000;
969a : 00000000;
969b : 00000000;
969c : 00000000;
969d : 00000000;
969e : 00000000;
969f : 00000000;
96a0 : 00000000;
96a1 : 00000000;
96a2 : 00000000;
96a3 : 00000000;
96a4 : 00000000;
96a5 : 00000000;
96a6 : 00000000;
96a7 : 00000000;
96a8 : 00000000;
96a9 : 00000000;
96aa : 00000000;
96ab : 00000000;
96ac : 00000000;
96ad : 00000000;
96ae : 00000000;
96af : 00000000;
96b0 : 00000000;
96b1 : 00000000;
96b2 : 00000000;
96b3 : 00000000;
96b4 : 00000000;
96b5 : 00000000;
96b6 : 00000000;
96b7 : 00000000;
96b8 : 00000000;
96b9 : 00000000;
96ba : 00000000;
96bb : 00000000;
96bc : 00000000;
96bd : 00000000;
96be : 00000000;
96bf : 00000000;
96c0 : 00000000;
96c1 : 00000000;
96c2 : 00000000;
96c3 : 00000000;
96c4 : 00000000;
96c5 : 00000000;
96c6 : 00000000;
96c7 : 00000000;
96c8 : 00000000;
96c9 : 00000000;
96ca : 00000000;
96cb : 00000000;
96cc : 00000000;
96cd : 00000000;
96ce : 00000000;
96cf : 00000000;
96d0 : 00000000;
96d1 : 00000000;
96d2 : 00000000;
96d3 : 00000000;
96d4 : 00000000;
96d5 : 00000000;
96d6 : 00000000;
96d7 : 00000000;
96d8 : 00000000;
96d9 : 00000000;
96da : 00000000;
96db : 00000000;
96dc : 00000000;
96dd : 00000000;
96de : 00000000;
96df : 00000000;
96e0 : 00000000;
96e1 : 00000000;
96e2 : 00000000;
96e3 : 00000000;
96e4 : 00000000;
96e5 : 00000000;
96e6 : 00000000;
96e7 : 00000000;
96e8 : 00000000;
96e9 : 00000000;
96ea : 00000000;
96eb : 00000000;
96ec : 00000000;
96ed : 00000000;
96ee : 00000000;
96ef : 00000000;
96f0 : 00000000;
96f1 : 00000000;
96f2 : 00000000;
96f3 : 00000000;
96f4 : 00000000;
96f5 : 00000000;
96f6 : 00000000;
96f7 : 00000000;
96f8 : 00000000;
96f9 : 00000000;
96fa : 00000000;
96fb : 00000000;
96fc : 00000000;
96fd : 00000000;
96fe : 00000000;
96ff : 00000000;
9700 : 00000000;
9701 : 00000000;
9702 : 00000000;
9703 : 00000000;
9704 : 00000000;
9705 : 00000000;
9706 : 00000000;
9707 : 00000000;
9708 : 00000000;
9709 : 00000000;
970a : 00000000;
970b : 00000000;
970c : 00000000;
970d : 00000000;
970e : 00000000;
970f : 00000000;
9710 : 00000000;
9711 : 00000000;
9712 : 00000000;
9713 : 00000000;
9714 : 00000000;
9715 : 00000000;
9716 : 00000000;
9717 : 00000000;
9718 : 00000000;
9719 : 00000000;
971a : 00000000;
971b : 00000000;
971c : 00000000;
971d : 00000000;
971e : 00000000;
971f : 00000000;
9720 : 00000000;
9721 : 00000000;
9722 : 00000000;
9723 : 00000000;
9724 : 00000000;
9725 : 00000000;
9726 : 00000000;
9727 : 00000000;
9728 : 00000000;
9729 : 00000000;
972a : 00000000;
972b : 00000000;
972c : 00000000;
972d : 00000000;
972e : 00000000;
972f : 00000000;
9730 : 00000000;
9731 : 00000000;
9732 : 00000000;
9733 : 00000000;
9734 : 00000000;
9735 : 00000000;
9736 : 00000000;
9737 : 00000000;
9738 : 00000000;
9739 : 00000000;
973a : 00000000;
973b : 00000000;
973c : 00000000;
973d : 00000000;
973e : 00000000;
973f : 00000000;
9740 : 00000000;
9741 : 00000000;
9742 : 00000000;
9743 : 00000000;
9744 : 00000000;
9745 : 00000000;
9746 : 00000000;
9747 : 00000000;
9748 : 00000000;
9749 : 00000000;
974a : 00000000;
974b : 00000000;
974c : 00000000;
974d : 00000000;
974e : 00000000;
974f : 00000000;
9750 : 00000000;
9751 : 00000000;
9752 : 00000000;
9753 : 00000000;
9754 : 00000000;
9755 : 00000000;
9756 : 00000000;
9757 : 00000000;
9758 : 00000000;
9759 : 00000000;
975a : 00000000;
975b : 00000000;
975c : 00000000;
975d : 00000000;
975e : 00000000;
975f : 00000000;
9760 : 00000000;
9761 : 00000000;
9762 : 00000000;
9763 : 00000000;
9764 : 00000000;
9765 : 00000000;
9766 : 00000000;
9767 : 00000000;
9768 : 00000000;
9769 : 00000000;
976a : 00000000;
976b : 00000000;
976c : 00000000;
976d : 00000000;
976e : 00000000;
976f : 00000000;
9770 : 00000000;
9771 : 00000000;
9772 : 00000000;
9773 : 00000000;
9774 : 00000000;
9775 : 00000000;
9776 : 00000000;
9777 : 00000000;
9778 : 00000000;
9779 : 00000000;
977a : 00000000;
977b : 00000000;
977c : 00000000;
977d : 00000000;
977e : 00000000;
977f : 00000000;
9780 : 00000000;
9781 : 00000000;
9782 : 00000000;
9783 : 00000000;
9784 : 00000000;
9785 : 00000000;
9786 : 00000000;
9787 : 00000000;
9788 : 00000000;
9789 : 00000000;
978a : 00000000;
978b : 00000000;
978c : 00000000;
978d : 00000000;
978e : 00000000;
978f : 00000000;
9790 : 00000000;
9791 : 00000000;
9792 : 00000000;
9793 : 00000000;
9794 : 00000000;
9795 : 00000000;
9796 : 00000000;
9797 : 00000000;
9798 : 00000000;
9799 : 00000000;
979a : 00000000;
979b : 00000000;
979c : 00000000;
979d : 00000000;
979e : 00000000;
979f : 00000000;
97a0 : 00000000;
97a1 : 00000000;
97a2 : 00000000;
97a3 : 00000000;
97a4 : 00000000;
97a5 : 00000000;
97a6 : 00000000;
97a7 : 00000000;
97a8 : 00000000;
97a9 : 00000000;
97aa : 00000000;
97ab : 00000000;
97ac : 00000000;
97ad : 00000000;
97ae : 00000000;
97af : 00000000;
97b0 : 00000000;
97b1 : 00000000;
97b2 : 00000000;
97b3 : 00000000;
97b4 : 00000000;
97b5 : 00000000;
97b6 : 00000000;
97b7 : 00000000;
97b8 : 00000000;
97b9 : 00000000;
97ba : 00000000;
97bb : 00000000;
97bc : 00000000;
97bd : 00000000;
97be : 00000000;
97bf : 00000000;
97c0 : 00000000;
97c1 : 00000000;
97c2 : 00000000;
97c3 : 00000000;
97c4 : 00000000;
97c5 : 00000000;
97c6 : 00000000;
97c7 : 00000000;
97c8 : 00000000;
97c9 : 00000000;
97ca : 00000000;
97cb : 00000000;
97cc : 00000000;
97cd : 00000000;
97ce : 00000000;
97cf : 00000000;
97d0 : 00000000;
97d1 : 00000000;
97d2 : 00000000;
97d3 : 00000000;
97d4 : 00000000;
97d5 : 00000000;
97d6 : 00000000;
97d7 : 00000000;
97d8 : 00000000;
97d9 : 00000000;
97da : 00000000;
97db : 00000000;
97dc : 00000000;
97dd : 00000000;
97de : 00000000;
97df : 00000000;
97e0 : 00000000;
97e1 : 00000000;
97e2 : 00000000;
97e3 : 00000000;
97e4 : 00000000;
97e5 : 00000000;
97e6 : 00000000;
97e7 : 00000000;
97e8 : 00000000;
97e9 : 00000000;
97ea : 00000000;
97eb : 00000000;
97ec : 00000000;
97ed : 00000000;
97ee : 00000000;
97ef : 00000000;
97f0 : 00000000;
97f1 : 00000000;
97f2 : 00000000;
97f3 : 00000000;
97f4 : 00000000;
97f5 : 00000000;
97f6 : 00000000;
97f7 : 00000000;
97f8 : 00000000;
97f9 : 00000000;
97fa : 00000000;
97fb : 00000000;
97fc : 00000000;
97fd : 00000000;
97fe : 00000000;
97ff : 00000000;
9800 : 00000000;
9801 : 00000000;
9802 : 00000000;
9803 : 00000000;
9804 : 00000000;
9805 : 00000000;
9806 : 00000000;
9807 : 00000000;
9808 : 00000000;
9809 : 00000000;
980a : 00000000;
980b : 00000000;
980c : 00000000;
980d : 00000000;
980e : 00000000;
980f : 00000000;
9810 : 00000000;
9811 : 00000000;
9812 : 00000000;
9813 : 00000000;
9814 : 00000000;
9815 : 00000000;
9816 : 00000000;
9817 : 00000000;
9818 : 00000000;
9819 : 00000000;
981a : 00000000;
981b : 00000000;
981c : 00000000;
981d : 00000000;
981e : 00000000;
981f : 00000000;
9820 : 00000000;
9821 : 00000000;
9822 : 00000000;
9823 : 00000000;
9824 : 00000000;
9825 : 00000000;
9826 : 00000000;
9827 : 00000000;
9828 : 00000000;
9829 : 00000000;
982a : 00000000;
982b : 00000000;
982c : 00000000;
982d : 00000000;
982e : 00000000;
982f : 00000000;
9830 : 00000000;
9831 : 00000000;
9832 : 00000000;
9833 : 00000000;
9834 : 00000000;
9835 : 00000000;
9836 : 00000000;
9837 : 00000000;
9838 : 00000000;
9839 : 00000000;
983a : 00000000;
983b : 00000000;
983c : 00000000;
983d : 00000000;
983e : 00000000;
983f : 00000000;
9840 : 00000000;
9841 : 00000000;
9842 : 00000000;
9843 : 00000000;
9844 : 00000000;
9845 : 00000000;
9846 : 00000000;
9847 : 00000000;
9848 : 00000000;
9849 : 00000000;
984a : 00000000;
984b : 00000000;
984c : 00000000;
984d : 00000000;
984e : 00000000;
984f : 00000000;
9850 : 00000000;
9851 : 00000000;
9852 : 00000000;
9853 : 00000000;
9854 : 00000000;
9855 : 00000000;
9856 : 00000000;
9857 : 00000000;
9858 : 00000000;
9859 : 00000000;
985a : 00000000;
985b : 00000000;
985c : 00000000;
985d : 00000000;
985e : 00000000;
985f : 00000000;
9860 : 00000000;
9861 : 00000000;
9862 : 00000000;
9863 : 00000000;
9864 : 00000000;
9865 : 00000000;
9866 : 00000000;
9867 : 00000000;
9868 : 00000000;
9869 : 00000000;
986a : 00000000;
986b : 00000000;
986c : 00000000;
986d : 00000000;
986e : 00000000;
986f : 00000000;
9870 : 00000000;
9871 : 00000000;
9872 : 00000000;
9873 : 00000000;
9874 : 00000000;
9875 : 00000000;
9876 : 00000000;
9877 : 00000000;
9878 : 00000000;
9879 : 00000000;
987a : 00000000;
987b : 00000000;
987c : 00000000;
987d : 00000000;
987e : 00000000;
987f : 00000000;
9880 : 00000000;
9881 : 00000000;
9882 : 00000000;
9883 : 00000000;
9884 : 00000000;
9885 : 00000000;
9886 : 00000000;
9887 : 00000000;
9888 : 00000000;
9889 : 00000000;
988a : 00000000;
988b : 00000000;
988c : 00000000;
988d : 00000000;
988e : 00000000;
988f : 00000000;
9890 : 00000000;
9891 : 00000000;
9892 : 00000000;
9893 : 00000000;
9894 : 00000000;
9895 : 00000000;
9896 : 00000000;
9897 : 00000000;
9898 : 00000000;
9899 : 00000000;
989a : 00000000;
989b : 00000000;
989c : 00000000;
989d : 00000000;
989e : 00000000;
989f : 00000000;
98a0 : 00000000;
98a1 : 00000000;
98a2 : 00000000;
98a3 : 00000000;
98a4 : 00000000;
98a5 : 00000000;
98a6 : 00000000;
98a7 : 00000000;
98a8 : 00000000;
98a9 : 00000000;
98aa : 00000000;
98ab : 00000000;
98ac : 00000000;
98ad : 00000000;
98ae : 00000000;
98af : 00000000;
98b0 : 00000000;
98b1 : 00000000;
98b2 : 00000000;
98b3 : 00000000;
98b4 : 00000000;
98b5 : 00000000;
98b6 : 00000000;
98b7 : 00000000;
98b8 : 00000000;
98b9 : 00000000;
98ba : 00000000;
98bb : 00000000;
98bc : 00000000;
98bd : 00000000;
98be : 00000000;
98bf : 00000000;
98c0 : 00000000;
98c1 : 00000000;
98c2 : 00000000;
98c3 : 00000000;
98c4 : 00000000;
98c5 : 00000000;
98c6 : 00000000;
98c7 : 00000000;
98c8 : 00000000;
98c9 : 00000000;
98ca : 00000000;
98cb : 00000000;
98cc : 00000000;
98cd : 00000000;
98ce : 00000000;
98cf : 00000000;
98d0 : 00000000;
98d1 : 00000000;
98d2 : 00000000;
98d3 : 00000000;
98d4 : 00000000;
98d5 : 00000000;
98d6 : 00000000;
98d7 : 00000000;
98d8 : 00000000;
98d9 : 00000000;
98da : 00000000;
98db : 00000000;
98dc : 00000000;
98dd : 00000000;
98de : 00000000;
98df : 00000000;
98e0 : 00000000;
98e1 : 00000000;
98e2 : 00000000;
98e3 : 00000000;
98e4 : 00000000;
98e5 : 00000000;
98e6 : 00000000;
98e7 : 00000000;
98e8 : 00000000;
98e9 : 00000000;
98ea : 00000000;
98eb : 00000000;
98ec : 00000000;
98ed : 00000000;
98ee : 00000000;
98ef : 00000000;
98f0 : 00000000;
98f1 : 00000000;
98f2 : 00000000;
98f3 : 00000000;
98f4 : 00000000;
98f5 : 00000000;
98f6 : 00000000;
98f7 : 00000000;
98f8 : 00000000;
98f9 : 00000000;
98fa : 00000000;
98fb : 00000000;
98fc : 00000000;
98fd : 00000000;
98fe : 00000000;
98ff : 00000000;
9900 : 00000000;
9901 : 00000000;
9902 : 00000000;
9903 : 00000000;
9904 : 00000000;
9905 : 00000000;
9906 : 00000000;
9907 : 00000000;
9908 : 00000000;
9909 : 00000000;
990a : 00000000;
990b : 00000000;
990c : 00000000;
990d : 00000000;
990e : 00000000;
990f : 00000000;
9910 : 00000000;
9911 : 00000000;
9912 : 00000000;
9913 : 00000000;
9914 : 00000000;
9915 : 00000000;
9916 : 00000000;
9917 : 00000000;
9918 : 00000000;
9919 : 00000000;
991a : 00000000;
991b : 00000000;
991c : 00000000;
991d : 00000000;
991e : 00000000;
991f : 00000000;
9920 : 00000000;
9921 : 00000000;
9922 : 00000000;
9923 : 00000000;
9924 : 00000000;
9925 : 00000000;
9926 : 00000000;
9927 : 00000000;
9928 : 00000000;
9929 : 00000000;
992a : 00000000;
992b : 00000000;
992c : 00000000;
992d : 00000000;
992e : 00000000;
992f : 00000000;
9930 : 00000000;
9931 : 00000000;
9932 : 00000000;
9933 : 00000000;
9934 : 00000000;
9935 : 00000000;
9936 : 00000000;
9937 : 00000000;
9938 : 00000000;
9939 : 00000000;
993a : 00000000;
993b : 00000000;
993c : 00000000;
993d : 00000000;
993e : 00000000;
993f : 00000000;
9940 : 00000000;
9941 : 00000000;
9942 : 00000000;
9943 : 00000000;
9944 : 00000000;
9945 : 00000000;
9946 : 00000000;
9947 : 00000000;
9948 : 00000000;
9949 : 00000000;
994a : 00000000;
994b : 00000000;
994c : 00000000;
994d : 00000000;
994e : 00000000;
994f : 00000000;
9950 : 00000000;
9951 : 00000000;
9952 : 00000000;
9953 : 00000000;
9954 : 00000000;
9955 : 00000000;
9956 : 00000000;
9957 : 00000000;
9958 : 00000000;
9959 : 00000000;
995a : 00000000;
995b : 00000000;
995c : 00000000;
995d : 00000000;
995e : 00000000;
995f : 00000000;
9960 : 00000000;
9961 : 00000000;
9962 : 00000000;
9963 : 00000000;
9964 : 00000000;
9965 : 00000000;
9966 : 00000000;
9967 : 00000000;
9968 : 00000000;
9969 : 00000000;
996a : 00000000;
996b : 00000000;
996c : 00000000;
996d : 00000000;
996e : 00000000;
996f : 00000000;
9970 : 00000000;
9971 : 00000000;
9972 : 00000000;
9973 : 00000000;
9974 : 00000000;
9975 : 00000000;
9976 : 00000000;
9977 : 00000000;
9978 : 00000000;
9979 : 00000000;
997a : 00000000;
997b : 00000000;
997c : 00000000;
997d : 00000000;
997e : 00000000;
997f : 00000000;
9980 : 00000000;
9981 : 00000000;
9982 : 00000000;
9983 : 00000000;
9984 : 00000000;
9985 : 00000000;
9986 : 00000000;
9987 : 00000000;
9988 : 00000000;
9989 : 00000000;
998a : 00000000;
998b : 00000000;
998c : 00000000;
998d : 00000000;
998e : 00000000;
998f : 00000000;
9990 : 00000000;
9991 : 00000000;
9992 : 00000000;
9993 : 00000000;
9994 : 00000000;
9995 : 00000000;
9996 : 00000000;
9997 : 00000000;
9998 : 00000000;
9999 : 00000000;
999a : 00000000;
999b : 00000000;
999c : 00000000;
999d : 00000000;
999e : 00000000;
999f : 00000000;
99a0 : 00000000;
99a1 : 00000000;
99a2 : 00000000;
99a3 : 00000000;
99a4 : 00000000;
99a5 : 00000000;
99a6 : 00000000;
99a7 : 00000000;
99a8 : 00000000;
99a9 : 00000000;
99aa : 00000000;
99ab : 00000000;
99ac : 00000000;
99ad : 00000000;
99ae : 00000000;
99af : 00000000;
99b0 : 00000000;
99b1 : 00000000;
99b2 : 00000000;
99b3 : 00000000;
99b4 : 00000000;
99b5 : 00000000;
99b6 : 00000000;
99b7 : 00000000;
99b8 : 00000000;
99b9 : 00000000;
99ba : 00000000;
99bb : 00000000;
99bc : 00000000;
99bd : 00000000;
99be : 00000000;
99bf : 00000000;
99c0 : 00000000;
99c1 : 00000000;
99c2 : 00000000;
99c3 : 00000000;
99c4 : 00000000;
99c5 : 00000000;
99c6 : 00000000;
99c7 : 00000000;
99c8 : 00000000;
99c9 : 00000000;
99ca : 00000000;
99cb : 00000000;
99cc : 00000000;
99cd : 00000000;
99ce : 00000000;
99cf : 00000000;
99d0 : 00000000;
99d1 : 00000000;
99d2 : 00000000;
99d3 : 00000000;
99d4 : 00000000;
99d5 : 00000000;
99d6 : 00000000;
99d7 : 00000000;
99d8 : 00000000;
99d9 : 00000000;
99da : 00000000;
99db : 00000000;
99dc : 00000000;
99dd : 00000000;
99de : 00000000;
99df : 00000000;
99e0 : 00000000;
99e1 : 00000000;
99e2 : 00000000;
99e3 : 00000000;
99e4 : 00000000;
99e5 : 00000000;
99e6 : 00000000;
99e7 : 00000000;
99e8 : 00000000;
99e9 : 00000000;
99ea : 00000000;
99eb : 00000000;
99ec : 00000000;
99ed : 00000000;
99ee : 00000000;
99ef : 00000000;
99f0 : 00000000;
99f1 : 00000000;
99f2 : 00000000;
99f3 : 00000000;
99f4 : 00000000;
99f5 : 00000000;
99f6 : 00000000;
99f7 : 00000000;
99f8 : 00000000;
99f9 : 00000000;
99fa : 00000000;
99fb : 00000000;
99fc : 00000000;
99fd : 00000000;
99fe : 00000000;
99ff : 00000000;
9a00 : 00000000;
9a01 : 00000000;
9a02 : 00000000;
9a03 : 00000000;
9a04 : 00000000;
9a05 : 00000000;
9a06 : 00000000;
9a07 : 00000000;
9a08 : 00000000;
9a09 : 00000000;
9a0a : 00000000;
9a0b : 00000000;
9a0c : 00000000;
9a0d : 00000000;
9a0e : 00000000;
9a0f : 00000000;
9a10 : 00000000;
9a11 : 00000000;
9a12 : 00000000;
9a13 : 00000000;
9a14 : 00000000;
9a15 : 00000000;
9a16 : 00000000;
9a17 : 00000000;
9a18 : 00000000;
9a19 : 00000000;
9a1a : 00000000;
9a1b : 00000000;
9a1c : 00000000;
9a1d : 00000000;
9a1e : 00000000;
9a1f : 00000000;
9a20 : 00000000;
9a21 : 00000000;
9a22 : 00000000;
9a23 : 00000000;
9a24 : 00000000;
9a25 : 00000000;
9a26 : 00000000;
9a27 : 00000000;
9a28 : 00000000;
9a29 : 00000000;
9a2a : 00000000;
9a2b : 00000000;
9a2c : 00000000;
9a2d : 00000000;
9a2e : 00000000;
9a2f : 00000000;
9a30 : 00000000;
9a31 : 00000000;
9a32 : 00000000;
9a33 : 00000000;
9a34 : 00000000;
9a35 : 00000000;
9a36 : 00000000;
9a37 : 00000000;
9a38 : 00000000;
9a39 : 00000000;
9a3a : 00000000;
9a3b : 00000000;
9a3c : 00000000;
9a3d : 00000000;
9a3e : 00000000;
9a3f : 00000000;
9a40 : 00000000;
9a41 : 00000000;
9a42 : 00000000;
9a43 : 00000000;
9a44 : 00000000;
9a45 : 00000000;
9a46 : 00000000;
9a47 : 00000000;
9a48 : 00000000;
9a49 : 00000000;
9a4a : 00000000;
9a4b : 00000000;
9a4c : 00000000;
9a4d : 00000000;
9a4e : 00000000;
9a4f : 00000000;
9a50 : 00000000;
9a51 : 00000000;
9a52 : 00000000;
9a53 : 00000000;
9a54 : 00000000;
9a55 : 00000000;
9a56 : 00000000;
9a57 : 00000000;
9a58 : 00000000;
9a59 : 00000000;
9a5a : 00000000;
9a5b : 00000000;
9a5c : 00000000;
9a5d : 00000000;
9a5e : 00000000;
9a5f : 00000000;
9a60 : 00000000;
9a61 : 00000000;
9a62 : 00000000;
9a63 : 00000000;
9a64 : 00000000;
9a65 : 00000000;
9a66 : 00000000;
9a67 : 00000000;
9a68 : 00000000;
9a69 : 00000000;
9a6a : 00000000;
9a6b : 00000000;
9a6c : 00000000;
9a6d : 00000000;
9a6e : 00000000;
9a6f : 00000000;
9a70 : 00000000;
9a71 : 00000000;
9a72 : 00000000;
9a73 : 00000000;
9a74 : 00000000;
9a75 : 00000000;
9a76 : 00000000;
9a77 : 00000000;
9a78 : 00000000;
9a79 : 00000000;
9a7a : 00000000;
9a7b : 00000000;
9a7c : 00000000;
9a7d : 00000000;
9a7e : 00000000;
9a7f : 00000000;
9a80 : 00000000;
9a81 : 00000000;
9a82 : 00000000;
9a83 : 00000000;
9a84 : 00000000;
9a85 : 00000000;
9a86 : 00000000;
9a87 : 00000000;
9a88 : 00000000;
9a89 : 00000000;
9a8a : 00000000;
9a8b : 00000000;
9a8c : 00000000;
9a8d : 00000000;
9a8e : 00000000;
9a8f : 00000000;
9a90 : 00000000;
9a91 : 00000000;
9a92 : 00000000;
9a93 : 00000000;
9a94 : 00000000;
9a95 : 00000000;
9a96 : 00000000;
9a97 : 00000000;
9a98 : 00000000;
9a99 : 00000000;
9a9a : 00000000;
9a9b : 00000000;
9a9c : 00000000;
9a9d : 00000000;
9a9e : 00000000;
9a9f : 00000000;
9aa0 : 00000000;
9aa1 : 00000000;
9aa2 : 00000000;
9aa3 : 00000000;
9aa4 : 00000000;
9aa5 : 00000000;
9aa6 : 00000000;
9aa7 : 00000000;
9aa8 : 00000000;
9aa9 : 00000000;
9aaa : 00000000;
9aab : 00000000;
9aac : 00000000;
9aad : 00000000;
9aae : 00000000;
9aaf : 00000000;
9ab0 : 00000000;
9ab1 : 00000000;
9ab2 : 00000000;
9ab3 : 00000000;
9ab4 : 00000000;
9ab5 : 00000000;
9ab6 : 00000000;
9ab7 : 00000000;
9ab8 : 00000000;
9ab9 : 00000000;
9aba : 00000000;
9abb : 00000000;
9abc : 00000000;
9abd : 00000000;
9abe : 00000000;
9abf : 00000000;
9ac0 : 00000000;
9ac1 : 00000000;
9ac2 : 00000000;
9ac3 : 00000000;
9ac4 : 00000000;
9ac5 : 00000000;
9ac6 : 00000000;
9ac7 : 00000000;
9ac8 : 00000000;
9ac9 : 00000000;
9aca : 00000000;
9acb : 00000000;
9acc : 00000000;
9acd : 00000000;
9ace : 00000000;
9acf : 00000000;
9ad0 : 00000000;
9ad1 : 00000000;
9ad2 : 00000000;
9ad3 : 00000000;
9ad4 : 00000000;
9ad5 : 00000000;
9ad6 : 00000000;
9ad7 : 00000000;
9ad8 : 00000000;
9ad9 : 00000000;
9ada : 00000000;
9adb : 00000000;
9adc : 00000000;
9add : 00000000;
9ade : 00000000;
9adf : 00000000;
9ae0 : 00000000;
9ae1 : 00000000;
9ae2 : 00000000;
9ae3 : 00000000;
9ae4 : 00000000;
9ae5 : 00000000;
9ae6 : 00000000;
9ae7 : 00000000;
9ae8 : 00000000;
9ae9 : 00000000;
9aea : 00000000;
9aeb : 00000000;
9aec : 00000000;
9aed : 00000000;
9aee : 00000000;
9aef : 00000000;
9af0 : 00000000;
9af1 : 00000000;
9af2 : 00000000;
9af3 : 00000000;
9af4 : 00000000;
9af5 : 00000000;
9af6 : 00000000;
9af7 : 00000000;
9af8 : 00000000;
9af9 : 00000000;
9afa : 00000000;
9afb : 00000000;
9afc : 00000000;
9afd : 00000000;
9afe : 00000000;
9aff : 00000000;
9b00 : 00000000;
9b01 : 00000000;
9b02 : 00000000;
9b03 : 00000000;
9b04 : 00000000;
9b05 : 00000000;
9b06 : 00000000;
9b07 : 00000000;
9b08 : 00000000;
9b09 : 00000000;
9b0a : 00000000;
9b0b : 00000000;
9b0c : 00000000;
9b0d : 00000000;
9b0e : 00000000;
9b0f : 00000000;
9b10 : 00000000;
9b11 : 00000000;
9b12 : 00000000;
9b13 : 00000000;
9b14 : 00000000;
9b15 : 00000000;
9b16 : 00000000;
9b17 : 00000000;
9b18 : 00000000;
9b19 : 00000000;
9b1a : 00000000;
9b1b : 00000000;
9b1c : 00000000;
9b1d : 00000000;
9b1e : 00000000;
9b1f : 00000000;
9b20 : 00000000;
9b21 : 00000000;
9b22 : 00000000;
9b23 : 00000000;
9b24 : 00000000;
9b25 : 00000000;
9b26 : 00000000;
9b27 : 00000000;
9b28 : 00000000;
9b29 : 00000000;
9b2a : 00000000;
9b2b : 00000000;
9b2c : 00000000;
9b2d : 00000000;
9b2e : 00000000;
9b2f : 00000000;
9b30 : 00000000;
9b31 : 00000000;
9b32 : 00000000;
9b33 : 00000000;
9b34 : 00000000;
9b35 : 00000000;
9b36 : 00000000;
9b37 : 00000000;
9b38 : 00000000;
9b39 : 00000000;
9b3a : 00000000;
9b3b : 00000000;
9b3c : 00000000;
9b3d : 00000000;
9b3e : 00000000;
9b3f : 00000000;
9b40 : 00000000;
9b41 : 00000000;
9b42 : 00000000;
9b43 : 00000000;
9b44 : 00000000;
9b45 : 00000000;
9b46 : 00000000;
9b47 : 00000000;
9b48 : 00000000;
9b49 : 00000000;
9b4a : 00000000;
9b4b : 00000000;
9b4c : 00000000;
9b4d : 00000000;
9b4e : 00000000;
9b4f : 00000000;
9b50 : 00000000;
9b51 : 00000000;
9b52 : 00000000;
9b53 : 00000000;
9b54 : 00000000;
9b55 : 00000000;
9b56 : 00000000;
9b57 : 00000000;
9b58 : 00000000;
9b59 : 00000000;
9b5a : 00000000;
9b5b : 00000000;
9b5c : 00000000;
9b5d : 00000000;
9b5e : 00000000;
9b5f : 00000000;
9b60 : 00000000;
9b61 : 00000000;
9b62 : 00000000;
9b63 : 00000000;
9b64 : 00000000;
9b65 : 00000000;
9b66 : 00000000;
9b67 : 00000000;
9b68 : 00000000;
9b69 : 00000000;
9b6a : 00000000;
9b6b : 00000000;
9b6c : 00000000;
9b6d : 00000000;
9b6e : 00000000;
9b6f : 00000000;
9b70 : 00000000;
9b71 : 00000000;
9b72 : 00000000;
9b73 : 00000000;
9b74 : 00000000;
9b75 : 00000000;
9b76 : 00000000;
9b77 : 00000000;
9b78 : 00000000;
9b79 : 00000000;
9b7a : 00000000;
9b7b : 00000000;
9b7c : 00000000;
9b7d : 00000000;
9b7e : 00000000;
9b7f : 00000000;
9b80 : 00000000;
9b81 : 00000000;
9b82 : 00000000;
9b83 : 00000000;
9b84 : 00000000;
9b85 : 00000000;
9b86 : 00000000;
9b87 : 00000000;
9b88 : 00000000;
9b89 : 00000000;
9b8a : 00000000;
9b8b : 00000000;
9b8c : 00000000;
9b8d : 00000000;
9b8e : 00000000;
9b8f : 00000000;
9b90 : 00000000;
9b91 : 00000000;
9b92 : 00000000;
9b93 : 00000000;
9b94 : 00000000;
9b95 : 00000000;
9b96 : 00000000;
9b97 : 00000000;
9b98 : 00000000;
9b99 : 00000000;
9b9a : 00000000;
9b9b : 00000000;
9b9c : 00000000;
9b9d : 00000000;
9b9e : 00000000;
9b9f : 00000000;
9ba0 : 00000000;
9ba1 : 00000000;
9ba2 : 00000000;
9ba3 : 00000000;
9ba4 : 00000000;
9ba5 : 00000000;
9ba6 : 00000000;
9ba7 : 00000000;
9ba8 : 00000000;
9ba9 : 00000000;
9baa : 00000000;
9bab : 00000000;
9bac : 00000000;
9bad : 00000000;
9bae : 00000000;
9baf : 00000000;
9bb0 : 00000000;
9bb1 : 00000000;
9bb2 : 00000000;
9bb3 : 00000000;
9bb4 : 00000000;
9bb5 : 00000000;
9bb6 : 00000000;
9bb7 : 00000000;
9bb8 : 00000000;
9bb9 : 00000000;
9bba : 00000000;
9bbb : 00000000;
9bbc : 00000000;
9bbd : 00000000;
9bbe : 00000000;
9bbf : 00000000;
9bc0 : 00000000;
9bc1 : 00000000;
9bc2 : 00000000;
9bc3 : 00000000;
9bc4 : 00000000;
9bc5 : 00000000;
9bc6 : 00000000;
9bc7 : 00000000;
9bc8 : 00000000;
9bc9 : 00000000;
9bca : 00000000;
9bcb : 00000000;
9bcc : 00000000;
9bcd : 00000000;
9bce : 00000000;
9bcf : 00000000;
9bd0 : 00000000;
9bd1 : 00000000;
9bd2 : 00000000;
9bd3 : 00000000;
9bd4 : 00000000;
9bd5 : 00000000;
9bd6 : 00000000;
9bd7 : 00000000;
9bd8 : 00000000;
9bd9 : 00000000;
9bda : 00000000;
9bdb : 00000000;
9bdc : 00000000;
9bdd : 00000000;
9bde : 00000000;
9bdf : 00000000;
9be0 : 00000000;
9be1 : 00000000;
9be2 : 00000000;
9be3 : 00000000;
9be4 : 00000000;
9be5 : 00000000;
9be6 : 00000000;
9be7 : 00000000;
9be8 : 00000000;
9be9 : 00000000;
9bea : 00000000;
9beb : 00000000;
9bec : 00000000;
9bed : 00000000;
9bee : 00000000;
9bef : 00000000;
9bf0 : 00000000;
9bf1 : 00000000;
9bf2 : 00000000;
9bf3 : 00000000;
9bf4 : 00000000;
9bf5 : 00000000;
9bf6 : 00000000;
9bf7 : 00000000;
9bf8 : 00000000;
9bf9 : 00000000;
9bfa : 00000000;
9bfb : 00000000;
9bfc : 00000000;
9bfd : 00000000;
9bfe : 00000000;
9bff : 00000000;
9c00 : 00000000;
9c01 : 00000000;
9c02 : 00000000;
9c03 : 00000000;
9c04 : 00000000;
9c05 : 00000000;
9c06 : 00000000;
9c07 : 00000000;
9c08 : 00000000;
9c09 : 00000000;
9c0a : 00000000;
9c0b : 00000000;
9c0c : 00000000;
9c0d : 00000000;
9c0e : 00000000;
9c0f : 00000000;
9c10 : 00000000;
9c11 : 00000000;
9c12 : 00000000;
9c13 : 00000000;
9c14 : 00000000;
9c15 : 00000000;
9c16 : 00000000;
9c17 : 00000000;
9c18 : 00000000;
9c19 : 00000000;
9c1a : 00000000;
9c1b : 00000000;
9c1c : 00000000;
9c1d : 00000000;
9c1e : 00000000;
9c1f : 00000000;
9c20 : 00000000;
9c21 : 00000000;
9c22 : 00000000;
9c23 : 00000000;
9c24 : 00000000;
9c25 : 00000000;
9c26 : 00000000;
9c27 : 00000000;
9c28 : 00000000;
9c29 : 00000000;
9c2a : 00000000;
9c2b : 00000000;
9c2c : 00000000;
9c2d : 00000000;
9c2e : 00000000;
9c2f : 00000000;
9c30 : 00000000;
9c31 : 00000000;
9c32 : 00000000;
9c33 : 00000000;
9c34 : 00000000;
9c35 : 00000000;
9c36 : 00000000;
9c37 : 00000000;
9c38 : 00000000;
9c39 : 00000000;
9c3a : 00000000;
9c3b : 00000000;
9c3c : 00000000;
9c3d : 00000000;
9c3e : 00000000;
9c3f : 00000000;
9c40 : 00000000;
9c41 : 00000000;
9c42 : 00000000;
9c43 : 00000000;
9c44 : 00000000;
9c45 : 00000000;
9c46 : 00000000;
9c47 : 00000000;
9c48 : 00000000;
9c49 : 00000000;
9c4a : 00000000;
9c4b : 00000000;
9c4c : 00000000;
9c4d : 00000000;
9c4e : 00000000;
9c4f : 00000000;
9c50 : 00000000;
9c51 : 00000000;
9c52 : 00000000;
9c53 : 00000000;
9c54 : 00000000;
9c55 : 00000000;
9c56 : 00000000;
9c57 : 00000000;
9c58 : 00000000;
9c59 : 00000000;
9c5a : 00000000;
9c5b : 00000000;
9c5c : 00000000;
9c5d : 00000000;
9c5e : 00000000;
9c5f : 00000000;
9c60 : 00000000;
9c61 : 00000000;
9c62 : 00000000;
9c63 : 00000000;
9c64 : 00000000;
9c65 : 00000000;
9c66 : 00000000;
9c67 : 00000000;
9c68 : 00000000;
9c69 : 00000000;
9c6a : 00000000;
9c6b : 00000000;
9c6c : 00000000;
9c6d : 00000000;
9c6e : 00000000;
9c6f : 00000000;
9c70 : 00000000;
9c71 : 00000000;
9c72 : 00000000;
9c73 : 00000000;
9c74 : 00000000;
9c75 : 00000000;
9c76 : 00000000;
9c77 : 00000000;
9c78 : 00000000;
9c79 : 00000000;
9c7a : 00000000;
9c7b : 00000000;
9c7c : 00000000;
9c7d : 00000000;
9c7e : 00000000;
9c7f : 00000000;
9c80 : 00000000;
9c81 : 00000000;
9c82 : 00000000;
9c83 : 00000000;
9c84 : 00000000;
9c85 : 00000000;
9c86 : 00000000;
9c87 : 00000000;
9c88 : 00000000;
9c89 : 00000000;
9c8a : 00000000;
9c8b : 00000000;
9c8c : 00000000;
9c8d : 00000000;
9c8e : 00000000;
9c8f : 00000000;
9c90 : 00000000;
9c91 : 00000000;
9c92 : 00000000;
9c93 : 00000000;
9c94 : 00000000;
9c95 : 00000000;
9c96 : 00000000;
9c97 : 00000000;
9c98 : 00000000;
9c99 : 00000000;
9c9a : 00000000;
9c9b : 00000000;
9c9c : 00000000;
9c9d : 00000000;
9c9e : 00000000;
9c9f : 00000000;
9ca0 : 00000000;
9ca1 : 00000000;
9ca2 : 00000000;
9ca3 : 00000000;
9ca4 : 00000000;
9ca5 : 00000000;
9ca6 : 00000000;
9ca7 : 00000000;
9ca8 : 00000000;
9ca9 : 00000000;
9caa : 00000000;
9cab : 00000000;
9cac : 00000000;
9cad : 00000000;
9cae : 00000000;
9caf : 00000000;
9cb0 : 00000000;
9cb1 : 00000000;
9cb2 : 00000000;
9cb3 : 00000000;
9cb4 : 00000000;
9cb5 : 00000000;
9cb6 : 00000000;
9cb7 : 00000000;
9cb8 : 00000000;
9cb9 : 00000000;
9cba : 00000000;
9cbb : 00000000;
9cbc : 00000000;
9cbd : 00000000;
9cbe : 00000000;
9cbf : 00000000;
9cc0 : 00000000;
9cc1 : 00000000;
9cc2 : 00000000;
9cc3 : 00000000;
9cc4 : 00000000;
9cc5 : 00000000;
9cc6 : 00000000;
9cc7 : 00000000;
9cc8 : 00000000;
9cc9 : 00000000;
9cca : 00000000;
9ccb : 00000000;
9ccc : 00000000;
9ccd : 00000000;
9cce : 00000000;
9ccf : 00000000;
9cd0 : 00000000;
9cd1 : 00000000;
9cd2 : 00000000;
9cd3 : 00000000;
9cd4 : 00000000;
9cd5 : 00000000;
9cd6 : 00000000;
9cd7 : 00000000;
9cd8 : 00000000;
9cd9 : 00000000;
9cda : 00000000;
9cdb : 00000000;
9cdc : 00000000;
9cdd : 00000000;
9cde : 00000000;
9cdf : 00000000;
9ce0 : 00000000;
9ce1 : 00000000;
9ce2 : 00000000;
9ce3 : 00000000;
9ce4 : 00000000;
9ce5 : 00000000;
9ce6 : 00000000;
9ce7 : 00000000;
9ce8 : 00000000;
9ce9 : 00000000;
9cea : 00000000;
9ceb : 00000000;
9cec : 00000000;
9ced : 00000000;
9cee : 00000000;
9cef : 00000000;
9cf0 : 00000000;
9cf1 : 00000000;
9cf2 : 00000000;
9cf3 : 00000000;
9cf4 : 00000000;
9cf5 : 00000000;
9cf6 : 00000000;
9cf7 : 00000000;
9cf8 : 00000000;
9cf9 : 00000000;
9cfa : 00000000;
9cfb : 00000000;
9cfc : 00000000;
9cfd : 00000000;
9cfe : 00000000;
9cff : 00000000;
9d00 : 00000000;
9d01 : 00000000;
9d02 : 00000000;
9d03 : 00000000;
9d04 : 00000000;
9d05 : 00000000;
9d06 : 00000000;
9d07 : 00000000;
9d08 : 00000000;
9d09 : 00000000;
9d0a : 00000000;
9d0b : 00000000;
9d0c : 00000000;
9d0d : 00000000;
9d0e : 00000000;
9d0f : 00000000;
9d10 : 00000000;
9d11 : 00000000;
9d12 : 00000000;
9d13 : 00000000;
9d14 : 00000000;
9d15 : 00000000;
9d16 : 00000000;
9d17 : 00000000;
9d18 : 00000000;
9d19 : 00000000;
9d1a : 00000000;
9d1b : 00000000;
9d1c : 00000000;
9d1d : 00000000;
9d1e : 00000000;
9d1f : 00000000;
9d20 : 00000000;
9d21 : 00000000;
9d22 : 00000000;
9d23 : 00000000;
9d24 : 00000000;
9d25 : 00000000;
9d26 : 00000000;
9d27 : 00000000;
9d28 : 00000000;
9d29 : 00000000;
9d2a : 00000000;
9d2b : 00000000;
9d2c : 00000000;
9d2d : 00000000;
9d2e : 00000000;
9d2f : 00000000;
9d30 : 00000000;
9d31 : 00000000;
9d32 : 00000000;
9d33 : 00000000;
9d34 : 00000000;
9d35 : 00000000;
9d36 : 00000000;
9d37 : 00000000;
9d38 : 00000000;
9d39 : 00000000;
9d3a : 00000000;
9d3b : 00000000;
9d3c : 00000000;
9d3d : 00000000;
9d3e : 00000000;
9d3f : 00000000;
9d40 : 00000000;
9d41 : 00000000;
9d42 : 00000000;
9d43 : 00000000;
9d44 : 00000000;
9d45 : 00000000;
9d46 : 00000000;
9d47 : 00000000;
9d48 : 00000000;
9d49 : 00000000;
9d4a : 00000000;
9d4b : 00000000;
9d4c : 00000000;
9d4d : 00000000;
9d4e : 00000000;
9d4f : 00000000;
9d50 : 00000000;
9d51 : 00000000;
9d52 : 00000000;
9d53 : 00000000;
9d54 : 00000000;
9d55 : 00000000;
9d56 : 00000000;
9d57 : 00000000;
9d58 : 00000000;
9d59 : 00000000;
9d5a : 00000000;
9d5b : 00000000;
9d5c : 00000000;
9d5d : 00000000;
9d5e : 00000000;
9d5f : 00000000;
9d60 : 00000000;
9d61 : 00000000;
9d62 : 00000000;
9d63 : 00000000;
9d64 : 00000000;
9d65 : 00000000;
9d66 : 00000000;
9d67 : 00000000;
9d68 : 00000000;
9d69 : 00000000;
9d6a : 00000000;
9d6b : 00000000;
9d6c : 00000000;
9d6d : 00000000;
9d6e : 00000000;
9d6f : 00000000;
9d70 : 00000000;
9d71 : 00000000;
9d72 : 00000000;
9d73 : 00000000;
9d74 : 00000000;
9d75 : 00000000;
9d76 : 00000000;
9d77 : 00000000;
9d78 : 00000000;
9d79 : 00000000;
9d7a : 00000000;
9d7b : 00000000;
9d7c : 00000000;
9d7d : 00000000;
9d7e : 00000000;
9d7f : 00000000;
9d80 : 00000000;
9d81 : 00000000;
9d82 : 00000000;
9d83 : 00000000;
9d84 : 00000000;
9d85 : 00000000;
9d86 : 00000000;
9d87 : 00000000;
9d88 : 00000000;
9d89 : 00000000;
9d8a : 00000000;
9d8b : 00000000;
9d8c : 00000000;
9d8d : 00000000;
9d8e : 00000000;
9d8f : 00000000;
9d90 : 00000000;
9d91 : 00000000;
9d92 : 00000000;
9d93 : 00000000;
9d94 : 00000000;
9d95 : 00000000;
9d96 : 00000000;
9d97 : 00000000;
9d98 : 00000000;
9d99 : 00000000;
9d9a : 00000000;
9d9b : 00000000;
9d9c : 00000000;
9d9d : 00000000;
9d9e : 00000000;
9d9f : 00000000;
9da0 : 00000000;
9da1 : 00000000;
9da2 : 00000000;
9da3 : 00000000;
9da4 : 00000000;
9da5 : 00000000;
9da6 : 00000000;
9da7 : 00000000;
9da8 : 00000000;
9da9 : 00000000;
9daa : 00000000;
9dab : 00000000;
9dac : 00000000;
9dad : 00000000;
9dae : 00000000;
9daf : 00000000;
9db0 : 00000000;
9db1 : 00000000;
9db2 : 00000000;
9db3 : 00000000;
9db4 : 00000000;
9db5 : 00000000;
9db6 : 00000000;
9db7 : 00000000;
9db8 : 00000000;
9db9 : 00000000;
9dba : 00000000;
9dbb : 00000000;
9dbc : 00000000;
9dbd : 00000000;
9dbe : 00000000;
9dbf : 00000000;
9dc0 : 00000000;
9dc1 : 00000000;
9dc2 : 00000000;
9dc3 : 00000000;
9dc4 : 00000000;
9dc5 : 00000000;
9dc6 : 00000000;
9dc7 : 00000000;
9dc8 : 00000000;
9dc9 : 00000000;
9dca : 00000000;
9dcb : 00000000;
9dcc : 00000000;
9dcd : 00000000;
9dce : 00000000;
9dcf : 00000000;
9dd0 : 00000000;
9dd1 : 00000000;
9dd2 : 00000000;
9dd3 : 00000000;
9dd4 : 00000000;
9dd5 : 00000000;
9dd6 : 00000000;
9dd7 : 00000000;
9dd8 : 00000000;
9dd9 : 00000000;
9dda : 00000000;
9ddb : 00000000;
9ddc : 00000000;
9ddd : 00000000;
9dde : 00000000;
9ddf : 00000000;
9de0 : 00000000;
9de1 : 00000000;
9de2 : 00000000;
9de3 : 00000000;
9de4 : 00000000;
9de5 : 00000000;
9de6 : 00000000;
9de7 : 00000000;
9de8 : 00000000;
9de9 : 00000000;
9dea : 00000000;
9deb : 00000000;
9dec : 00000000;
9ded : 00000000;
9dee : 00000000;
9def : 00000000;
9df0 : 00000000;
9df1 : 00000000;
9df2 : 00000000;
9df3 : 00000000;
9df4 : 00000000;
9df5 : 00000000;
9df6 : 00000000;
9df7 : 00000000;
9df8 : 00000000;
9df9 : 00000000;
9dfa : 00000000;
9dfb : 00000000;
9dfc : 00000000;
9dfd : 00000000;
9dfe : 00000000;
9dff : 00000000;
9e00 : 00000000;
9e01 : 00000000;
9e02 : 00000000;
9e03 : 00000000;
9e04 : 00000000;
9e05 : 00000000;
9e06 : 00000000;
9e07 : 00000000;
9e08 : 00000000;
9e09 : 00000000;
9e0a : 00000000;
9e0b : 00000000;
9e0c : 00000000;
9e0d : 00000000;
9e0e : 00000000;
9e0f : 00000000;
9e10 : 00000000;
9e11 : 00000000;
9e12 : 00000000;
9e13 : 00000000;
9e14 : 00000000;
9e15 : 00000000;
9e16 : 00000000;
9e17 : 00000000;
9e18 : 00000000;
9e19 : 00000000;
9e1a : 00000000;
9e1b : 00000000;
9e1c : 00000000;
9e1d : 00000000;
9e1e : 00000000;
9e1f : 00000000;
9e20 : 00000000;
9e21 : 00000000;
9e22 : 00000000;
9e23 : 00000000;
9e24 : 00000000;
9e25 : 00000000;
9e26 : 00000000;
9e27 : 00000000;
9e28 : 00000000;
9e29 : 00000000;
9e2a : 00000000;
9e2b : 00000000;
9e2c : 00000000;
9e2d : 00000000;
9e2e : 00000000;
9e2f : 00000000;
9e30 : 00000000;
9e31 : 00000000;
9e32 : 00000000;
9e33 : 00000000;
9e34 : 00000000;
9e35 : 00000000;
9e36 : 00000000;
9e37 : 00000000;
9e38 : 00000000;
9e39 : 00000000;
9e3a : 00000000;
9e3b : 00000000;
9e3c : 00000000;
9e3d : 00000000;
9e3e : 00000000;
9e3f : 00000000;
9e40 : 00000000;
9e41 : 00000000;
9e42 : 00000000;
9e43 : 00000000;
9e44 : 00000000;
9e45 : 00000000;
9e46 : 00000000;
9e47 : 00000000;
9e48 : 00000000;
9e49 : 00000000;
9e4a : 00000000;
9e4b : 00000000;
9e4c : 00000000;
9e4d : 00000000;
9e4e : 00000000;
9e4f : 00000000;
9e50 : 00000000;
9e51 : 00000000;
9e52 : 00000000;
9e53 : 00000000;
9e54 : 00000000;
9e55 : 00000000;
9e56 : 00000000;
9e57 : 00000000;
9e58 : 00000000;
9e59 : 00000000;
9e5a : 00000000;
9e5b : 00000000;
9e5c : 00000000;
9e5d : 00000000;
9e5e : 00000000;
9e5f : 00000000;
9e60 : 00000000;
9e61 : 00000000;
9e62 : 00000000;
9e63 : 00000000;
9e64 : 00000000;
9e65 : 00000000;
9e66 : 00000000;
9e67 : 00000000;
9e68 : 00000000;
9e69 : 00000000;
9e6a : 00000000;
9e6b : 00000000;
9e6c : 00000000;
9e6d : 00000000;
9e6e : 00000000;
9e6f : 00000000;
9e70 : 00000000;
9e71 : 00000000;
9e72 : 00000000;
9e73 : 00000000;
9e74 : 00000000;
9e75 : 00000000;
9e76 : 00000000;
9e77 : 00000000;
9e78 : 00000000;
9e79 : 00000000;
9e7a : 00000000;
9e7b : 00000000;
9e7c : 00000000;
9e7d : 00000000;
9e7e : 00000000;
9e7f : 00000000;
9e80 : 00000000;
9e81 : 00000000;
9e82 : 00000000;
9e83 : 00000000;
9e84 : 00000000;
9e85 : 00000000;
9e86 : 00000000;
9e87 : 00000000;
9e88 : 00000000;
9e89 : 00000000;
9e8a : 00000000;
9e8b : 00000000;
9e8c : 00000000;
9e8d : 00000000;
9e8e : 00000000;
9e8f : 00000000;
9e90 : 00000000;
9e91 : 00000000;
9e92 : 00000000;
9e93 : 00000000;
9e94 : 00000000;
9e95 : 00000000;
9e96 : 00000000;
9e97 : 00000000;
9e98 : 00000000;
9e99 : 00000000;
9e9a : 00000000;
9e9b : 00000000;
9e9c : 00000000;
9e9d : 00000000;
9e9e : 00000000;
9e9f : 00000000;
9ea0 : 00000000;
9ea1 : 00000000;
9ea2 : 00000000;
9ea3 : 00000000;
9ea4 : 00000000;
9ea5 : 00000000;
9ea6 : 00000000;
9ea7 : 00000000;
9ea8 : 00000000;
9ea9 : 00000000;
9eaa : 00000000;
9eab : 00000000;
9eac : 00000000;
9ead : 00000000;
9eae : 00000000;
9eaf : 00000000;
9eb0 : 00000000;
9eb1 : 00000000;
9eb2 : 00000000;
9eb3 : 00000000;
9eb4 : 00000000;
9eb5 : 00000000;
9eb6 : 00000000;
9eb7 : 00000000;
9eb8 : 00000000;
9eb9 : 00000000;
9eba : 00000000;
9ebb : 00000000;
9ebc : 00000000;
9ebd : 00000000;
9ebe : 00000000;
9ebf : 00000000;
9ec0 : 00000000;
9ec1 : 00000000;
9ec2 : 00000000;
9ec3 : 00000000;
9ec4 : 00000000;
9ec5 : 00000000;
9ec6 : 00000000;
9ec7 : 00000000;
9ec8 : 00000000;
9ec9 : 00000000;
9eca : 00000000;
9ecb : 00000000;
9ecc : 00000000;
9ecd : 00000000;
9ece : 00000000;
9ecf : 00000000;
9ed0 : 00000000;
9ed1 : 00000000;
9ed2 : 00000000;
9ed3 : 00000000;
9ed4 : 00000000;
9ed5 : 00000000;
9ed6 : 00000000;
9ed7 : 00000000;
9ed8 : 00000000;
9ed9 : 00000000;
9eda : 00000000;
9edb : 00000000;
9edc : 00000000;
9edd : 00000000;
9ede : 00000000;
9edf : 00000000;
9ee0 : 00000000;
9ee1 : 00000000;
9ee2 : 00000000;
9ee3 : 00000000;
9ee4 : 00000000;
9ee5 : 00000000;
9ee6 : 00000000;
9ee7 : 00000000;
9ee8 : 00000000;
9ee9 : 00000000;
9eea : 00000000;
9eeb : 00000000;
9eec : 00000000;
9eed : 00000000;
9eee : 00000000;
9eef : 00000000;
9ef0 : 00000000;
9ef1 : 00000000;
9ef2 : 00000000;
9ef3 : 00000000;
9ef4 : 00000000;
9ef5 : 00000000;
9ef6 : 00000000;
9ef7 : 00000000;
9ef8 : 00000000;
9ef9 : 00000000;
9efa : 00000000;
9efb : 00000000;
9efc : 00000000;
9efd : 00000000;
9efe : 00000000;
9eff : 00000000;
9f00 : 00000000;
9f01 : 00000000;
9f02 : 00000000;
9f03 : 00000000;
9f04 : 00000000;
9f05 : 00000000;
9f06 : 00000000;
9f07 : 00000000;
9f08 : 00000000;
9f09 : 00000000;
9f0a : 00000000;
9f0b : 00000000;
9f0c : 00000000;
9f0d : 00000000;
9f0e : 00000000;
9f0f : 00000000;
9f10 : 00000000;
9f11 : 00000000;
9f12 : 00000000;
9f13 : 00000000;
9f14 : 00000000;
9f15 : 00000000;
9f16 : 00000000;
9f17 : 00000000;
9f18 : 00000000;
9f19 : 00000000;
9f1a : 00000000;
9f1b : 00000000;
9f1c : 00000000;
9f1d : 00000000;
9f1e : 00000000;
9f1f : 00000000;
9f20 : 00000000;
9f21 : 00000000;
9f22 : 00000000;
9f23 : 00000000;
9f24 : 00000000;
9f25 : 00000000;
9f26 : 00000000;
9f27 : 00000000;
9f28 : 00000000;
9f29 : 00000000;
9f2a : 00000000;
9f2b : 00000000;
9f2c : 00000000;
9f2d : 00000000;
9f2e : 00000000;
9f2f : 00000000;
9f30 : 00000000;
9f31 : 00000000;
9f32 : 00000000;
9f33 : 00000000;
9f34 : 00000000;
9f35 : 00000000;
9f36 : 00000000;
9f37 : 00000000;
9f38 : 00000000;
9f39 : 00000000;
9f3a : 00000000;
9f3b : 00000000;
9f3c : 00000000;
9f3d : 00000000;
9f3e : 00000000;
9f3f : 00000000;
9f40 : 00000000;
9f41 : 00000000;
9f42 : 00000000;
9f43 : 00000000;
9f44 : 00000000;
9f45 : 00000000;
9f46 : 00000000;
9f47 : 00000000;
9f48 : 00000000;
9f49 : 00000000;
9f4a : 00000000;
9f4b : 00000000;
9f4c : 00000000;
9f4d : 00000000;
9f4e : 00000000;
9f4f : 00000000;
9f50 : 00000000;
9f51 : 00000000;
9f52 : 00000000;
9f53 : 00000000;
9f54 : 00000000;
9f55 : 00000000;
9f56 : 00000000;
9f57 : 00000000;
9f58 : 00000000;
9f59 : 00000000;
9f5a : 00000000;
9f5b : 00000000;
9f5c : 00000000;
9f5d : 00000000;
9f5e : 00000000;
9f5f : 00000000;
9f60 : 00000000;
9f61 : 00000000;
9f62 : 00000000;
9f63 : 00000000;
9f64 : 00000000;
9f65 : 00000000;
9f66 : 00000000;
9f67 : 00000000;
9f68 : 00000000;
9f69 : 00000000;
9f6a : 00000000;
9f6b : 00000000;
9f6c : 00000000;
9f6d : 00000000;
9f6e : 00000000;
9f6f : 00000000;
9f70 : 00000000;
9f71 : 00000000;
9f72 : 00000000;
9f73 : 00000000;
9f74 : 00000000;
9f75 : 00000000;
9f76 : 00000000;
9f77 : 00000000;
9f78 : 00000000;
9f79 : 00000000;
9f7a : 00000000;
9f7b : 00000000;
9f7c : 00000000;
9f7d : 00000000;
9f7e : 00000000;
9f7f : 00000000;
9f80 : 00000000;
9f81 : 00000000;
9f82 : 00000000;
9f83 : 00000000;
9f84 : 00000000;
9f85 : 00000000;
9f86 : 00000000;
9f87 : 00000000;
9f88 : 00000000;
9f89 : 00000000;
9f8a : 00000000;
9f8b : 00000000;
9f8c : 00000000;
9f8d : 00000000;
9f8e : 00000000;
9f8f : 00000000;
9f90 : 00000000;
9f91 : 00000000;
9f92 : 00000000;
9f93 : 00000000;
9f94 : 00000000;
9f95 : 00000000;
9f96 : 00000000;
9f97 : 00000000;
9f98 : 00000000;
9f99 : 00000000;
9f9a : 00000000;
9f9b : 00000000;
9f9c : 00000000;
9f9d : 00000000;
9f9e : 00000000;
9f9f : 00000000;
9fa0 : 00000000;
9fa1 : 00000000;
9fa2 : 00000000;
9fa3 : 00000000;
9fa4 : 00000000;
9fa5 : 00000000;
9fa6 : 00000000;
9fa7 : 00000000;
9fa8 : 00000000;
9fa9 : 00000000;
9faa : 00000000;
9fab : 00000000;
9fac : 00000000;
9fad : 00000000;
9fae : 00000000;
9faf : 00000000;
9fb0 : 00000000;
9fb1 : 00000000;
9fb2 : 00000000;
9fb3 : 00000000;
9fb4 : 00000000;
9fb5 : 00000000;
9fb6 : 00000000;
9fb7 : 00000000;
9fb8 : 00000000;
9fb9 : 00000000;
9fba : 00000000;
9fbb : 00000000;
9fbc : 00000000;
9fbd : 00000000;
9fbe : 00000000;
9fbf : 00000000;
9fc0 : 00000000;
9fc1 : 00000000;
9fc2 : 00000000;
9fc3 : 00000000;
9fc4 : 00000000;
9fc5 : 00000000;
9fc6 : 00000000;
9fc7 : 00000000;
9fc8 : 00000000;
9fc9 : 00000000;
9fca : 00000000;
9fcb : 00000000;
9fcc : 00000000;
9fcd : 00000000;
9fce : 00000000;
9fcf : 00000000;
9fd0 : 00000000;
9fd1 : 00000000;
9fd2 : 00000000;
9fd3 : 00000000;
9fd4 : 00000000;
9fd5 : 00000000;
9fd6 : 00000000;
9fd7 : 00000000;
9fd8 : 00000000;
9fd9 : 00000000;
9fda : 00000000;
9fdb : 00000000;
9fdc : 00000000;
9fdd : 00000000;
9fde : 00000000;
9fdf : 00000000;
9fe0 : 00000000;
9fe1 : 00000000;
9fe2 : 00000000;
9fe3 : 00000000;
9fe4 : 00000000;
9fe5 : 00000000;
9fe6 : 00000000;
9fe7 : 00000000;
9fe8 : 00000000;
9fe9 : 00000000;
9fea : 00000000;
9feb : 00000000;
9fec : 00000000;
9fed : 00000000;
9fee : 00000000;
9fef : 00000000;
9ff0 : 00000000;
9ff1 : 00000000;
9ff2 : 00000000;
9ff3 : 00000000;
9ff4 : 00000000;
9ff5 : 00000000;
9ff6 : 00000000;
9ff7 : 00000000;
9ff8 : 00000000;
9ff9 : 00000000;
9ffa : 00000000;
9ffb : 00000000;
9ffc : 00000000;
9ffd : 00000000;
9ffe : 00000000;
9fff : 00000000;
a000 : 00000000;
a001 : 00000000;
a002 : 00000000;
a003 : 00000000;
a004 : 00000000;
a005 : 00000000;
a006 : 00000000;
a007 : 00000000;
a008 : 00000000;
a009 : 00000000;
a00a : 00000000;
a00b : 00000000;
a00c : 00000000;
a00d : 00000000;
a00e : 00000000;
a00f : 00000000;
a010 : 00000000;
a011 : 00000000;
a012 : 00000000;
a013 : 00000000;
a014 : 00000000;
a015 : 00000000;
a016 : 00000000;
a017 : 00000000;
a018 : 00000000;
a019 : 00000000;
a01a : 00000000;
a01b : 00000000;
a01c : 00000000;
a01d : 00000000;
a01e : 00000000;
a01f : 00000000;
a020 : 00000000;
a021 : 00000000;
a022 : 00000000;
a023 : 00000000;
a024 : 00000000;
a025 : 00000000;
a026 : 00000000;
a027 : 00000000;
a028 : 00000000;
a029 : 00000000;
a02a : 00000000;
a02b : 00000000;
a02c : 00000000;
a02d : 00000000;
a02e : 00000000;
a02f : 00000000;
a030 : 00000000;
a031 : 00000000;
a032 : 00000000;
a033 : 00000000;
a034 : 00000000;
a035 : 00000000;
a036 : 00000000;
a037 : 00000000;
a038 : 00000000;
a039 : 00000000;
a03a : 00000000;
a03b : 00000000;
a03c : 00000000;
a03d : 00000000;
a03e : 00000000;
a03f : 00000000;
a040 : 00000000;
a041 : 00000000;
a042 : 00000000;
a043 : 00000000;
a044 : 00000000;
a045 : 00000000;
a046 : 00000000;
a047 : 00000000;
a048 : 00000000;
a049 : 00000000;
a04a : 00000000;
a04b : 00000000;
a04c : 00000000;
a04d : 00000000;
a04e : 00000000;
a04f : 00000000;
a050 : 00000000;
a051 : 00000000;
a052 : 00000000;
a053 : 00000000;
a054 : 00000000;
a055 : 00000000;
a056 : 00000000;
a057 : 00000000;
a058 : 00000000;
a059 : 00000000;
a05a : 00000000;
a05b : 00000000;
a05c : 00000000;
a05d : 00000000;
a05e : 00000000;
a05f : 00000000;
a060 : 00000000;
a061 : 00000000;
a062 : 00000000;
a063 : 00000000;
a064 : 00000000;
a065 : 00000000;
a066 : 00000000;
a067 : 00000000;
a068 : 00000000;
a069 : 00000000;
a06a : 00000000;
a06b : 00000000;
a06c : 00000000;
a06d : 00000000;
a06e : 00000000;
a06f : 00000000;
a070 : 00000000;
a071 : 00000000;
a072 : 00000000;
a073 : 00000000;
a074 : 00000000;
a075 : 00000000;
a076 : 00000000;
a077 : 00000000;
a078 : 00000000;
a079 : 00000000;
a07a : 00000000;
a07b : 00000000;
a07c : 00000000;
a07d : 00000000;
a07e : 00000000;
a07f : 00000000;
a080 : 00000000;
a081 : 00000000;
a082 : 00000000;
a083 : 00000000;
a084 : 00000000;
a085 : 00000000;
a086 : 00000000;
a087 : 00000000;
a088 : 00000000;
a089 : 00000000;
a08a : 00000000;
a08b : 00000000;
a08c : 00000000;
a08d : 00000000;
a08e : 00000000;
a08f : 00000000;
a090 : 00000000;
a091 : 00000000;
a092 : 00000000;
a093 : 00000000;
a094 : 00000000;
a095 : 00000000;
a096 : 00000000;
a097 : 00000000;
a098 : 00000000;
a099 : 00000000;
a09a : 00000000;
a09b : 00000000;
a09c : 00000000;
a09d : 00000000;
a09e : 00000000;
a09f : 00000000;
a0a0 : 00000000;
a0a1 : 00000000;
a0a2 : 00000000;
a0a3 : 00000000;
a0a4 : 00000000;
a0a5 : 00000000;
a0a6 : 00000000;
a0a7 : 00000000;
a0a8 : 00000000;
a0a9 : 00000000;
a0aa : 00000000;
a0ab : 00000000;
a0ac : 00000000;
a0ad : 00000000;
a0ae : 00000000;
a0af : 00000000;
a0b0 : 00000000;
a0b1 : 00000000;
a0b2 : 00000000;
a0b3 : 00000000;
a0b4 : 00000000;
a0b5 : 00000000;
a0b6 : 00000000;
a0b7 : 00000000;
a0b8 : 00000000;
a0b9 : 00000000;
a0ba : 00000000;
a0bb : 00000000;
a0bc : 00000000;
a0bd : 00000000;
a0be : 00000000;
a0bf : 00000000;
a0c0 : 00000000;
a0c1 : 00000000;
a0c2 : 00000000;
a0c3 : 00000000;
a0c4 : 00000000;
a0c5 : 00000000;
a0c6 : 00000000;
a0c7 : 00000000;
a0c8 : 00000000;
a0c9 : 00000000;
a0ca : 00000000;
a0cb : 00000000;
a0cc : 00000000;
a0cd : 00000000;
a0ce : 00000000;
a0cf : 00000000;
a0d0 : 00000000;
a0d1 : 00000000;
a0d2 : 00000000;
a0d3 : 00000000;
a0d4 : 00000000;
a0d5 : 00000000;
a0d6 : 00000000;
a0d7 : 00000000;
a0d8 : 00000000;
a0d9 : 00000000;
a0da : 00000000;
a0db : 00000000;
a0dc : 00000000;
a0dd : 00000000;
a0de : 00000000;
a0df : 00000000;
a0e0 : 00000000;
a0e1 : 00000000;
a0e2 : 00000000;
a0e3 : 00000000;
a0e4 : 00000000;
a0e5 : 00000000;
a0e6 : 00000000;
a0e7 : 00000000;
a0e8 : 00000000;
a0e9 : 00000000;
a0ea : 00000000;
a0eb : 00000000;
a0ec : 00000000;
a0ed : 00000000;
a0ee : 00000000;
a0ef : 00000000;
a0f0 : 00000000;
a0f1 : 00000000;
a0f2 : 00000000;
a0f3 : 00000000;
a0f4 : 00000000;
a0f5 : 00000000;
a0f6 : 00000000;
a0f7 : 00000000;
a0f8 : 00000000;
a0f9 : 00000000;
a0fa : 00000000;
a0fb : 00000000;
a0fc : 00000000;
a0fd : 00000000;
a0fe : 00000000;
a0ff : 00000000;
a100 : 00000000;
a101 : 00000000;
a102 : 00000000;
a103 : 00000000;
a104 : 00000000;
a105 : 00000000;
a106 : 00000000;
a107 : 00000000;
a108 : 00000000;
a109 : 00000000;
a10a : 00000000;
a10b : 00000000;
a10c : 00000000;
a10d : 00000000;
a10e : 00000000;
a10f : 00000000;
a110 : 00000000;
a111 : 00000000;
a112 : 00000000;
a113 : 00000000;
a114 : 00000000;
a115 : 00000000;
a116 : 00000000;
a117 : 00000000;
a118 : 00000000;
a119 : 00000000;
a11a : 00000000;
a11b : 00000000;
a11c : 00000000;
a11d : 00000000;
a11e : 00000000;
a11f : 00000000;
a120 : 00000000;
a121 : 00000000;
a122 : 00000000;
a123 : 00000000;
a124 : 00000000;
a125 : 00000000;
a126 : 00000000;
a127 : 00000000;
a128 : 00000000;
a129 : 00000000;
a12a : 00000000;
a12b : 00000000;
a12c : 00000000;
a12d : 00000000;
a12e : 00000000;
a12f : 00000000;
a130 : 00000000;
a131 : 00000000;
a132 : 00000000;
a133 : 00000000;
a134 : 00000000;
a135 : 00000000;
a136 : 00000000;
a137 : 00000000;
a138 : 00000000;
a139 : 00000000;
a13a : 00000000;
a13b : 00000000;
a13c : 00000000;
a13d : 00000000;
a13e : 00000000;
a13f : 00000000;
a140 : 00000000;
a141 : 00000000;
a142 : 00000000;
a143 : 00000000;
a144 : 00000000;
a145 : 00000000;
a146 : 00000000;
a147 : 00000000;
a148 : 00000000;
a149 : 00000000;
a14a : 00000000;
a14b : 00000000;
a14c : 00000000;
a14d : 00000000;
a14e : 00000000;
a14f : 00000000;
a150 : 00000000;
a151 : 00000000;
a152 : 00000000;
a153 : 00000000;
a154 : 00000000;
a155 : 00000000;
a156 : 00000000;
a157 : 00000000;
a158 : 00000000;
a159 : 00000000;
a15a : 00000000;
a15b : 00000000;
a15c : 00000000;
a15d : 00000000;
a15e : 00000000;
a15f : 00000000;
a160 : 00000000;
a161 : 00000000;
a162 : 00000000;
a163 : 00000000;
a164 : 00000000;
a165 : 00000000;
a166 : 00000000;
a167 : 00000000;
a168 : 00000000;
a169 : 00000000;
a16a : 00000000;
a16b : 00000000;
a16c : 00000000;
a16d : 00000000;
a16e : 00000000;
a16f : 00000000;
a170 : 00000000;
a171 : 00000000;
a172 : 00000000;
a173 : 00000000;
a174 : 00000000;
a175 : 00000000;
a176 : 00000000;
a177 : 00000000;
a178 : 00000000;
a179 : 00000000;
a17a : 00000000;
a17b : 00000000;
a17c : 00000000;
a17d : 00000000;
a17e : 00000000;
a17f : 00000000;
a180 : 00000000;
a181 : 00000000;
a182 : 00000000;
a183 : 00000000;
a184 : 00000000;
a185 : 00000000;
a186 : 00000000;
a187 : 00000000;
a188 : 00000000;
a189 : 00000000;
a18a : 00000000;
a18b : 00000000;
a18c : 00000000;
a18d : 00000000;
a18e : 00000000;
a18f : 00000000;
a190 : 00000000;
a191 : 00000000;
a192 : 00000000;
a193 : 00000000;
a194 : 00000000;
a195 : 00000000;
a196 : 00000000;
a197 : 00000000;
a198 : 00000000;
a199 : 00000000;
a19a : 00000000;
a19b : 00000000;
a19c : 00000000;
a19d : 00000000;
a19e : 00000000;
a19f : 00000000;
a1a0 : 00000000;
a1a1 : 00000000;
a1a2 : 00000000;
a1a3 : 00000000;
a1a4 : 00000000;
a1a5 : 00000000;
a1a6 : 00000000;
a1a7 : 00000000;
a1a8 : 00000000;
a1a9 : 00000000;
a1aa : 00000000;
a1ab : 00000000;
a1ac : 00000000;
a1ad : 00000000;
a1ae : 00000000;
a1af : 00000000;
a1b0 : 00000000;
a1b1 : 00000000;
a1b2 : 00000000;
a1b3 : 00000000;
a1b4 : 00000000;
a1b5 : 00000000;
a1b6 : 00000000;
a1b7 : 00000000;
a1b8 : 00000000;
a1b9 : 00000000;
a1ba : 00000000;
a1bb : 00000000;
a1bc : 00000000;
a1bd : 00000000;
a1be : 00000000;
a1bf : 00000000;
a1c0 : 00000000;
a1c1 : 00000000;
a1c2 : 00000000;
a1c3 : 00000000;
a1c4 : 00000000;
a1c5 : 00000000;
a1c6 : 00000000;
a1c7 : 00000000;
a1c8 : 00000000;
a1c9 : 00000000;
a1ca : 00000000;
a1cb : 00000000;
a1cc : 00000000;
a1cd : 00000000;
a1ce : 00000000;
a1cf : 00000000;
a1d0 : 00000000;
a1d1 : 00000000;
a1d2 : 00000000;
a1d3 : 00000000;
a1d4 : 00000000;
a1d5 : 00000000;
a1d6 : 00000000;
a1d7 : 00000000;
a1d8 : 00000000;
a1d9 : 00000000;
a1da : 00000000;
a1db : 00000000;
a1dc : 00000000;
a1dd : 00000000;
a1de : 00000000;
a1df : 00000000;
a1e0 : 00000000;
a1e1 : 00000000;
a1e2 : 00000000;
a1e3 : 00000000;
a1e4 : 00000000;
a1e5 : 00000000;
a1e6 : 00000000;
a1e7 : 00000000;
a1e8 : 00000000;
a1e9 : 00000000;
a1ea : 00000000;
a1eb : 00000000;
a1ec : 00000000;
a1ed : 00000000;
a1ee : 00000000;
a1ef : 00000000;
a1f0 : 00000000;
a1f1 : 00000000;
a1f2 : 00000000;
a1f3 : 00000000;
a1f4 : 00000000;
a1f5 : 00000000;
a1f6 : 00000000;
a1f7 : 00000000;
a1f8 : 00000000;
a1f9 : 00000000;
a1fa : 00000000;
a1fb : 00000000;
a1fc : 00000000;
a1fd : 00000000;
a1fe : 00000000;
a1ff : 00000000;
a200 : 00000000;
a201 : 00000000;
a202 : 00000000;
a203 : 00000000;
a204 : 00000000;
a205 : 00000000;
a206 : 00000000;
a207 : 00000000;
a208 : 00000000;
a209 : 00000000;
a20a : 00000000;
a20b : 00000000;
a20c : 00000000;
a20d : 00000000;
a20e : 00000000;
a20f : 00000000;
a210 : 00000000;
a211 : 00000000;
a212 : 00000000;
a213 : 00000000;
a214 : 00000000;
a215 : 00000000;
a216 : 00000000;
a217 : 00000000;
a218 : 00000000;
a219 : 00000000;
a21a : 00000000;
a21b : 00000000;
a21c : 00000000;
a21d : 00000000;
a21e : 00000000;
a21f : 00000000;
a220 : 00000000;
a221 : 00000000;
a222 : 00000000;
a223 : 00000000;
a224 : 00000000;
a225 : 00000000;
a226 : 00000000;
a227 : 00000000;
a228 : 00000000;
a229 : 00000000;
a22a : 00000000;
a22b : 00000000;
a22c : 00000000;
a22d : 00000000;
a22e : 00000000;
a22f : 00000000;
a230 : 00000000;
a231 : 00000000;
a232 : 00000000;
a233 : 00000000;
a234 : 00000000;
a235 : 00000000;
a236 : 00000000;
a237 : 00000000;
a238 : 00000000;
a239 : 00000000;
a23a : 00000000;
a23b : 00000000;
a23c : 00000000;
a23d : 00000000;
a23e : 00000000;
a23f : 00000000;
a240 : 00000000;
a241 : 00000000;
a242 : 00000000;
a243 : 00000000;
a244 : 00000000;
a245 : 00000000;
a246 : 00000000;
a247 : 00000000;
a248 : 00000000;
a249 : 00000000;
a24a : 00000000;
a24b : 00000000;
a24c : 00000000;
a24d : 00000000;
a24e : 00000000;
a24f : 00000000;
a250 : 00000000;
a251 : 00000000;
a252 : 00000000;
a253 : 00000000;
a254 : 00000000;
a255 : 00000000;
a256 : 00000000;
a257 : 00000000;
a258 : 00000000;
a259 : 00000000;
a25a : 00000000;
a25b : 00000000;
a25c : 00000000;
a25d : 00000000;
a25e : 00000000;
a25f : 00000000;
a260 : 00000000;
a261 : 00000000;
a262 : 00000000;
a263 : 00000000;
a264 : 00000000;
a265 : 00000000;
a266 : 00000000;
a267 : 00000000;
a268 : 00000000;
a269 : 00000000;
a26a : 00000000;
a26b : 00000000;
a26c : 00000000;
a26d : 00000000;
a26e : 00000000;
a26f : 00000000;
a270 : 00000000;
a271 : 00000000;
a272 : 00000000;
a273 : 00000000;
a274 : 00000000;
a275 : 00000000;
a276 : 00000000;
a277 : 00000000;
a278 : 00000000;
a279 : 00000000;
a27a : 00000000;
a27b : 00000000;
a27c : 00000000;
a27d : 00000000;
a27e : 00000000;
a27f : 00000000;
a280 : 00000000;
a281 : 00000000;
a282 : 00000000;
a283 : 00000000;
a284 : 00000000;
a285 : 00000000;
a286 : 00000000;
a287 : 00000000;
a288 : 00000000;
a289 : 00000000;
a28a : 00000000;
a28b : 00000000;
a28c : 00000000;
a28d : 00000000;
a28e : 00000000;
a28f : 00000000;
a290 : 00000000;
a291 : 00000000;
a292 : 00000000;
a293 : 00000000;
a294 : 00000000;
a295 : 00000000;
a296 : 00000000;
a297 : 00000000;
a298 : 00000000;
a299 : 00000000;
a29a : 00000000;
a29b : 00000000;
a29c : 00000000;
a29d : 00000000;
a29e : 00000000;
a29f : 00000000;
a2a0 : 00000000;
a2a1 : 00000000;
a2a2 : 00000000;
a2a3 : 00000000;
a2a4 : 00000000;
a2a5 : 00000000;
a2a6 : 00000000;
a2a7 : 00000000;
a2a8 : 00000000;
a2a9 : 00000000;
a2aa : 00000000;
a2ab : 00000000;
a2ac : 00000000;
a2ad : 00000000;
a2ae : 00000000;
a2af : 00000000;
a2b0 : 00000000;
a2b1 : 00000000;
a2b2 : 00000000;
a2b3 : 00000000;
a2b4 : 00000000;
a2b5 : 00000000;
a2b6 : 00000000;
a2b7 : 00000000;
a2b8 : 00000000;
a2b9 : 00000000;
a2ba : 00000000;
a2bb : 00000000;
a2bc : 00000000;
a2bd : 00000000;
a2be : 00000000;
a2bf : 00000000;
a2c0 : 00000000;
a2c1 : 00000000;
a2c2 : 00000000;
a2c3 : 00000000;
a2c4 : 00000000;
a2c5 : 00000000;
a2c6 : 00000000;
a2c7 : 00000000;
a2c8 : 00000000;
a2c9 : 00000000;
a2ca : 00000000;
a2cb : 00000000;
a2cc : 00000000;
a2cd : 00000000;
a2ce : 00000000;
a2cf : 00000000;
a2d0 : 00000000;
a2d1 : 00000000;
a2d2 : 00000000;
a2d3 : 00000000;
a2d4 : 00000000;
a2d5 : 00000000;
a2d6 : 00000000;
a2d7 : 00000000;
a2d8 : 00000000;
a2d9 : 00000000;
a2da : 00000000;
a2db : 00000000;
a2dc : 00000000;
a2dd : 00000000;
a2de : 00000000;
a2df : 00000000;
a2e0 : 00000000;
a2e1 : 00000000;
a2e2 : 00000000;
a2e3 : 00000000;
a2e4 : 00000000;
a2e5 : 00000000;
a2e6 : 00000000;
a2e7 : 00000000;
a2e8 : 00000000;
a2e9 : 00000000;
a2ea : 00000000;
a2eb : 00000000;
a2ec : 00000000;
a2ed : 00000000;
a2ee : 00000000;
a2ef : 00000000;
a2f0 : 00000000;
a2f1 : 00000000;
a2f2 : 00000000;
a2f3 : 00000000;
a2f4 : 00000000;
a2f5 : 00000000;
a2f6 : 00000000;
a2f7 : 00000000;
a2f8 : 00000000;
a2f9 : 00000000;
a2fa : 00000000;
a2fb : 00000000;
a2fc : 00000000;
a2fd : 00000000;
a2fe : 00000000;
a2ff : 00000000;
a300 : 00000000;
a301 : 00000000;
a302 : 00000000;
a303 : 00000000;
a304 : 00000000;
a305 : 00000000;
a306 : 00000000;
a307 : 00000000;
a308 : 00000000;
a309 : 00000000;
a30a : 00000000;
a30b : 00000000;
a30c : 00000000;
a30d : 00000000;
a30e : 00000000;
a30f : 00000000;
a310 : 00000000;
a311 : 00000000;
a312 : 00000000;
a313 : 00000000;
a314 : 00000000;
a315 : 00000000;
a316 : 00000000;
a317 : 00000000;
a318 : 00000000;
a319 : 00000000;
a31a : 00000000;
a31b : 00000000;
a31c : 00000000;
a31d : 00000000;
a31e : 00000000;
a31f : 00000000;
a320 : 00000000;
a321 : 00000000;
a322 : 00000000;
a323 : 00000000;
a324 : 00000000;
a325 : 00000000;
a326 : 00000000;
a327 : 00000000;
a328 : 00000000;
a329 : 00000000;
a32a : 00000000;
a32b : 00000000;
a32c : 00000000;
a32d : 00000000;
a32e : 00000000;
a32f : 00000000;
a330 : 00000000;
a331 : 00000000;
a332 : 00000000;
a333 : 00000000;
a334 : 00000000;
a335 : 00000000;
a336 : 00000000;
a337 : 00000000;
a338 : 00000000;
a339 : 00000000;
a33a : 00000000;
a33b : 00000000;
a33c : 00000000;
a33d : 00000000;
a33e : 00000000;
a33f : 00000000;
a340 : 00000000;
a341 : 00000000;
a342 : 00000000;
a343 : 00000000;
a344 : 00000000;
a345 : 00000000;
a346 : 00000000;
a347 : 00000000;
a348 : 00000000;
a349 : 00000000;
a34a : 00000000;
a34b : 00000000;
a34c : 00000000;
a34d : 00000000;
a34e : 00000000;
a34f : 00000000;
a350 : 00000000;
a351 : 00000000;
a352 : 00000000;
a353 : 00000000;
a354 : 00000000;
a355 : 00000000;
a356 : 00000000;
a357 : 00000000;
a358 : 00000000;
a359 : 00000000;
a35a : 00000000;
a35b : 00000000;
a35c : 00000000;
a35d : 00000000;
a35e : 00000000;
a35f : 00000000;
a360 : 00000000;
a361 : 00000000;
a362 : 00000000;
a363 : 00000000;
a364 : 00000000;
a365 : 00000000;
a366 : 00000000;
a367 : 00000000;
a368 : 00000000;
a369 : 00000000;
a36a : 00000000;
a36b : 00000000;
a36c : 00000000;
a36d : 00000000;
a36e : 00000000;
a36f : 00000000;
a370 : 00000000;
a371 : 00000000;
a372 : 00000000;
a373 : 00000000;
a374 : 00000000;
a375 : 00000000;
a376 : 00000000;
a377 : 00000000;
a378 : 00000000;
a379 : 00000000;
a37a : 00000000;
a37b : 00000000;
a37c : 00000000;
a37d : 00000000;
a37e : 00000000;
a37f : 00000000;
a380 : 00000000;
a381 : 00000000;
a382 : 00000000;
a383 : 00000000;
a384 : 00000000;
a385 : 00000000;
a386 : 00000000;
a387 : 00000000;
a388 : 00000000;
a389 : 00000000;
a38a : 00000000;
a38b : 00000000;
a38c : 00000000;
a38d : 00000000;
a38e : 00000000;
a38f : 00000000;
a390 : 00000000;
a391 : 00000000;
a392 : 00000000;
a393 : 00000000;
a394 : 00000000;
a395 : 00000000;
a396 : 00000000;
a397 : 00000000;
a398 : 00000000;
a399 : 00000000;
a39a : 00000000;
a39b : 00000000;
a39c : 00000000;
a39d : 00000000;
a39e : 00000000;
a39f : 00000000;
a3a0 : 00000000;
a3a1 : 00000000;
a3a2 : 00000000;
a3a3 : 00000000;
a3a4 : 00000000;
a3a5 : 00000000;
a3a6 : 00000000;
a3a7 : 00000000;
a3a8 : 00000000;
a3a9 : 00000000;
a3aa : 00000000;
a3ab : 00000000;
a3ac : 00000000;
a3ad : 00000000;
a3ae : 00000000;
a3af : 00000000;
a3b0 : 00000000;
a3b1 : 00000000;
a3b2 : 00000000;
a3b3 : 00000000;
a3b4 : 00000000;
a3b5 : 00000000;
a3b6 : 00000000;
a3b7 : 00000000;
a3b8 : 00000000;
a3b9 : 00000000;
a3ba : 00000000;
a3bb : 00000000;
a3bc : 00000000;
a3bd : 00000000;
a3be : 00000000;
a3bf : 00000000;
a3c0 : 00000000;
a3c1 : 00000000;
a3c2 : 00000000;
a3c3 : 00000000;
a3c4 : 00000000;
a3c5 : 00000000;
a3c6 : 00000000;
a3c7 : 00000000;
a3c8 : 00000000;
a3c9 : 00000000;
a3ca : 00000000;
a3cb : 00000000;
a3cc : 00000000;
a3cd : 00000000;
a3ce : 00000000;
a3cf : 00000000;
a3d0 : 00000000;
a3d1 : 00000000;
a3d2 : 00000000;
a3d3 : 00000000;
a3d4 : 00000000;
a3d5 : 00000000;
a3d6 : 00000000;
a3d7 : 00000000;
a3d8 : 00000000;
a3d9 : 00000000;
a3da : 00000000;
a3db : 00000000;
a3dc : 00000000;
a3dd : 00000000;
a3de : 00000000;
a3df : 00000000;
a3e0 : 00000000;
a3e1 : 00000000;
a3e2 : 00000000;
a3e3 : 00000000;
a3e4 : 00000000;
a3e5 : 00000000;
a3e6 : 00000000;
a3e7 : 00000000;
a3e8 : 00000000;
a3e9 : 00000000;
a3ea : 00000000;
a3eb : 00000000;
a3ec : 00000000;
a3ed : 00000000;
a3ee : 00000000;
a3ef : 00000000;
a3f0 : 00000000;
a3f1 : 00000000;
a3f2 : 00000000;
a3f3 : 00000000;
a3f4 : 00000000;
a3f5 : 00000000;
a3f6 : 00000000;
a3f7 : 00000000;
a3f8 : 00000000;
a3f9 : 00000000;
a3fa : 00000000;
a3fb : 00000000;
a3fc : 00000000;
a3fd : 00000000;
a3fe : 00000000;
a3ff : 00000000;
a400 : 00000000;
a401 : 00000000;
a402 : 00000000;
a403 : 00000000;
a404 : 00000000;
a405 : 00000000;
a406 : 00000000;
a407 : 00000000;
a408 : 00000000;
a409 : 00000000;
a40a : 00000000;
a40b : 00000000;
a40c : 00000000;
a40d : 00000000;
a40e : 00000000;
a40f : 00000000;
a410 : 00000000;
a411 : 00000000;
a412 : 00000000;
a413 : 00000000;
a414 : 00000000;
a415 : 00000000;
a416 : 00000000;
a417 : 00000000;
a418 : 00000000;
a419 : 00000000;
a41a : 00000000;
a41b : 00000000;
a41c : 00000000;
a41d : 00000000;
a41e : 00000000;
a41f : 00000000;
a420 : 00000000;
a421 : 00000000;
a422 : 00000000;
a423 : 00000000;
a424 : 00000000;
a425 : 00000000;
a426 : 00000000;
a427 : 00000000;
a428 : 00000000;
a429 : 00000000;
a42a : 00000000;
a42b : 00000000;
a42c : 00000000;
a42d : 00000000;
a42e : 00000000;
a42f : 00000000;
a430 : 00000000;
a431 : 00000000;
a432 : 00000000;
a433 : 00000000;
a434 : 00000000;
a435 : 00000000;
a436 : 00000000;
a437 : 00000000;
a438 : 00000000;
a439 : 00000000;
a43a : 00000000;
a43b : 00000000;
a43c : 00000000;
a43d : 00000000;
a43e : 00000000;
a43f : 00000000;
a440 : 00000000;
a441 : 00000000;
a442 : 00000000;
a443 : 00000000;
a444 : 00000000;
a445 : 00000000;
a446 : 00000000;
a447 : 00000000;
a448 : 00000000;
a449 : 00000000;
a44a : 00000000;
a44b : 00000000;
a44c : 00000000;
a44d : 00000000;
a44e : 00000000;
a44f : 00000000;
a450 : 00000000;
a451 : 00000000;
a452 : 00000000;
a453 : 00000000;
a454 : 00000000;
a455 : 00000000;
a456 : 00000000;
a457 : 00000000;
a458 : 00000000;
a459 : 00000000;
a45a : 00000000;
a45b : 00000000;
a45c : 00000000;
a45d : 00000000;
a45e : 00000000;
a45f : 00000000;
a460 : 00000000;
a461 : 00000000;
a462 : 00000000;
a463 : 00000000;
a464 : 00000000;
a465 : 00000000;
a466 : 00000000;
a467 : 00000000;
a468 : 00000000;
a469 : 00000000;
a46a : 00000000;
a46b : 00000000;
a46c : 00000000;
a46d : 00000000;
a46e : 00000000;
a46f : 00000000;
a470 : 00000000;
a471 : 00000000;
a472 : 00000000;
a473 : 00000000;
a474 : 00000000;
a475 : 00000000;
a476 : 00000000;
a477 : 00000000;
a478 : 00000000;
a479 : 00000000;
a47a : 00000000;
a47b : 00000000;
a47c : 00000000;
a47d : 00000000;
a47e : 00000000;
a47f : 00000000;
a480 : 00000000;
a481 : 00000000;
a482 : 00000000;
a483 : 00000000;
a484 : 00000000;
a485 : 00000000;
a486 : 00000000;
a487 : 00000000;
a488 : 00000000;
a489 : 00000000;
a48a : 00000000;
a48b : 00000000;
a48c : 00000000;
a48d : 00000000;
a48e : 00000000;
a48f : 00000000;
a490 : 00000000;
a491 : 00000000;
a492 : 00000000;
a493 : 00000000;
a494 : 00000000;
a495 : 00000000;
a496 : 00000000;
a497 : 00000000;
a498 : 00000000;
a499 : 00000000;
a49a : 00000000;
a49b : 00000000;
a49c : 00000000;
a49d : 00000000;
a49e : 00000000;
a49f : 00000000;
a4a0 : 00000000;
a4a1 : 00000000;
a4a2 : 00000000;
a4a3 : 00000000;
a4a4 : 00000000;
a4a5 : 00000000;
a4a6 : 00000000;
a4a7 : 00000000;
a4a8 : 00000000;
a4a9 : 00000000;
a4aa : 00000000;
a4ab : 00000000;
a4ac : 00000000;
a4ad : 00000000;
a4ae : 00000000;
a4af : 00000000;
a4b0 : 00000000;
a4b1 : 00000000;
a4b2 : 00000000;
a4b3 : 00000000;
a4b4 : 00000000;
a4b5 : 00000000;
a4b6 : 00000000;
a4b7 : 00000000;
a4b8 : 00000000;
a4b9 : 00000000;
a4ba : 00000000;
a4bb : 00000000;
a4bc : 00000000;
a4bd : 00000000;
a4be : 00000000;
a4bf : 00000000;
a4c0 : 00000000;
a4c1 : 00000000;
a4c2 : 00000000;
a4c3 : 00000000;
a4c4 : 00000000;
a4c5 : 00000000;
a4c6 : 00000000;
a4c7 : 00000000;
a4c8 : 00000000;
a4c9 : 00000000;
a4ca : 00000000;
a4cb : 00000000;
a4cc : 00000000;
a4cd : 00000000;
a4ce : 00000000;
a4cf : 00000000;
a4d0 : 00000000;
a4d1 : 00000000;
a4d2 : 00000000;
a4d3 : 00000000;
a4d4 : 00000000;
a4d5 : 00000000;
a4d6 : 00000000;
a4d7 : 00000000;
a4d8 : 00000000;
a4d9 : 00000000;
a4da : 00000000;
a4db : 00000000;
a4dc : 00000000;
a4dd : 00000000;
a4de : 00000000;
a4df : 00000000;
a4e0 : 00000000;
a4e1 : 00000000;
a4e2 : 00000000;
a4e3 : 00000000;
a4e4 : 00000000;
a4e5 : 00000000;
a4e6 : 00000000;
a4e7 : 00000000;
a4e8 : 00000000;
a4e9 : 00000000;
a4ea : 00000000;
a4eb : 00000000;
a4ec : 00000000;
a4ed : 00000000;
a4ee : 00000000;
a4ef : 00000000;
a4f0 : 00000000;
a4f1 : 00000000;
a4f2 : 00000000;
a4f3 : 00000000;
a4f4 : 00000000;
a4f5 : 00000000;
a4f6 : 00000000;
a4f7 : 00000000;
a4f8 : 00000000;
a4f9 : 00000000;
a4fa : 00000000;
a4fb : 00000000;
a4fc : 00000000;
a4fd : 00000000;
a4fe : 00000000;
a4ff : 00000000;
a500 : 00000000;
a501 : 00000000;
a502 : 00000000;
a503 : 00000000;
a504 : 00000000;
a505 : 00000000;
a506 : 00000000;
a507 : 00000000;
a508 : 00000000;
a509 : 00000000;
a50a : 00000000;
a50b : 00000000;
a50c : 00000000;
a50d : 00000000;
a50e : 00000000;
a50f : 00000000;
a510 : 00000000;
a511 : 00000000;
a512 : 00000000;
a513 : 00000000;
a514 : 00000000;
a515 : 00000000;
a516 : 00000000;
a517 : 00000000;
a518 : 00000000;
a519 : 00000000;
a51a : 00000000;
a51b : 00000000;
a51c : 00000000;
a51d : 00000000;
a51e : 00000000;
a51f : 00000000;
a520 : 00000000;
a521 : 00000000;
a522 : 00000000;
a523 : 00000000;
a524 : 00000000;
a525 : 00000000;
a526 : 00000000;
a527 : 00000000;
a528 : 00000000;
a529 : 00000000;
a52a : 00000000;
a52b : 00000000;
a52c : 00000000;
a52d : 00000000;
a52e : 00000000;
a52f : 00000000;
a530 : 00000000;
a531 : 00000000;
a532 : 00000000;
a533 : 00000000;
a534 : 00000000;
a535 : 00000000;
a536 : 00000000;
a537 : 00000000;
a538 : 00000000;
a539 : 00000000;
a53a : 00000000;
a53b : 00000000;
a53c : 00000000;
a53d : 00000000;
a53e : 00000000;
a53f : 00000000;
a540 : 00000000;
a541 : 00000000;
a542 : 00000000;
a543 : 00000000;
a544 : 00000000;
a545 : 00000000;
a546 : 00000000;
a547 : 00000000;
a548 : 00000000;
a549 : 00000000;
a54a : 00000000;
a54b : 00000000;
a54c : 00000000;
a54d : 00000000;
a54e : 00000000;
a54f : 00000000;
a550 : 00000000;
a551 : 00000000;
a552 : 00000000;
a553 : 00000000;
a554 : 00000000;
a555 : 00000000;
a556 : 00000000;
a557 : 00000000;
a558 : 00000000;
a559 : 00000000;
a55a : 00000000;
a55b : 00000000;
a55c : 00000000;
a55d : 00000000;
a55e : 00000000;
a55f : 00000000;
a560 : 00000000;
a561 : 00000000;
a562 : 00000000;
a563 : 00000000;
a564 : 00000000;
a565 : 00000000;
a566 : 00000000;
a567 : 00000000;
a568 : 00000000;
a569 : 00000000;
a56a : 00000000;
a56b : 00000000;
a56c : 00000000;
a56d : 00000000;
a56e : 00000000;
a56f : 00000000;
a570 : 00000000;
a571 : 00000000;
a572 : 00000000;
a573 : 00000000;
a574 : 00000000;
a575 : 00000000;
a576 : 00000000;
a577 : 00000000;
a578 : 00000000;
a579 : 00000000;
a57a : 00000000;
a57b : 00000000;
a57c : 00000000;
a57d : 00000000;
a57e : 00000000;
a57f : 00000000;
a580 : 00000000;
a581 : 00000000;
a582 : 00000000;
a583 : 00000000;
a584 : 00000000;
a585 : 00000000;
a586 : 00000000;
a587 : 00000000;
a588 : 00000000;
a589 : 00000000;
a58a : 00000000;
a58b : 00000000;
a58c : 00000000;
a58d : 00000000;
a58e : 00000000;
a58f : 00000000;
a590 : 00000000;
a591 : 00000000;
a592 : 00000000;
a593 : 00000000;
a594 : 00000000;
a595 : 00000000;
a596 : 00000000;
a597 : 00000000;
a598 : 00000000;
a599 : 00000000;
a59a : 00000000;
a59b : 00000000;
a59c : 00000000;
a59d : 00000000;
a59e : 00000000;
a59f : 00000000;
a5a0 : 00000000;
a5a1 : 00000000;
a5a2 : 00000000;
a5a3 : 00000000;
a5a4 : 00000000;
a5a5 : 00000000;
a5a6 : 00000000;
a5a7 : 00000000;
a5a8 : 00000000;
a5a9 : 00000000;
a5aa : 00000000;
a5ab : 00000000;
a5ac : 00000000;
a5ad : 00000000;
a5ae : 00000000;
a5af : 00000000;
a5b0 : 00000000;
a5b1 : 00000000;
a5b2 : 00000000;
a5b3 : 00000000;
a5b4 : 00000000;
a5b5 : 00000000;
a5b6 : 00000000;
a5b7 : 00000000;
a5b8 : 00000000;
a5b9 : 00000000;
a5ba : 00000000;
a5bb : 00000000;
a5bc : 00000000;
a5bd : 00000000;
a5be : 00000000;
a5bf : 00000000;
a5c0 : 00000000;
a5c1 : 00000000;
a5c2 : 00000000;
a5c3 : 00000000;
a5c4 : 00000000;
a5c5 : 00000000;
a5c6 : 00000000;
a5c7 : 00000000;
a5c8 : 00000000;
a5c9 : 00000000;
a5ca : 00000000;
a5cb : 00000000;
a5cc : 00000000;
a5cd : 00000000;
a5ce : 00000000;
a5cf : 00000000;
a5d0 : 00000000;
a5d1 : 00000000;
a5d2 : 00000000;
a5d3 : 00000000;
a5d4 : 00000000;
a5d5 : 00000000;
a5d6 : 00000000;
a5d7 : 00000000;
a5d8 : 00000000;
a5d9 : 00000000;
a5da : 00000000;
a5db : 00000000;
a5dc : 00000000;
a5dd : 00000000;
a5de : 00000000;
a5df : 00000000;
a5e0 : 00000000;
a5e1 : 00000000;
a5e2 : 00000000;
a5e3 : 00000000;
a5e4 : 00000000;
a5e5 : 00000000;
a5e6 : 00000000;
a5e7 : 00000000;
a5e8 : 00000000;
a5e9 : 00000000;
a5ea : 00000000;
a5eb : 00000000;
a5ec : 00000000;
a5ed : 00000000;
a5ee : 00000000;
a5ef : 00000000;
a5f0 : 00000000;
a5f1 : 00000000;
a5f2 : 00000000;
a5f3 : 00000000;
a5f4 : 00000000;
a5f5 : 00000000;
a5f6 : 00000000;
a5f7 : 00000000;
a5f8 : 00000000;
a5f9 : 00000000;
a5fa : 00000000;
a5fb : 00000000;
a5fc : 00000000;
a5fd : 00000000;
a5fe : 00000000;
a5ff : 00000000;
a600 : 00000000;
a601 : 00000000;
a602 : 00000000;
a603 : 00000000;
a604 : 00000000;
a605 : 00000000;
a606 : 00000000;
a607 : 00000000;
a608 : 00000000;
a609 : 00000000;
a60a : 00000000;
a60b : 00000000;
a60c : 00000000;
a60d : 00000000;
a60e : 00000000;
a60f : 00000000;
a610 : 00000000;
a611 : 00000000;
a612 : 00000000;
a613 : 00000000;
a614 : 00000000;
a615 : 00000000;
a616 : 00000000;
a617 : 00000000;
a618 : 00000000;
a619 : 00000000;
a61a : 00000000;
a61b : 00000000;
a61c : 00000000;
a61d : 00000000;
a61e : 00000000;
a61f : 00000000;
a620 : 00000000;
a621 : 00000000;
a622 : 00000000;
a623 : 00000000;
a624 : 00000000;
a625 : 00000000;
a626 : 00000000;
a627 : 00000000;
a628 : 00000000;
a629 : 00000000;
a62a : 00000000;
a62b : 00000000;
a62c : 00000000;
a62d : 00000000;
a62e : 00000000;
a62f : 00000000;
a630 : 00000000;
a631 : 00000000;
a632 : 00000000;
a633 : 00000000;
a634 : 00000000;
a635 : 00000000;
a636 : 00000000;
a637 : 00000000;
a638 : 00000000;
a639 : 00000000;
a63a : 00000000;
a63b : 00000000;
a63c : 00000000;
a63d : 00000000;
a63e : 00000000;
a63f : 00000000;
a640 : 00000000;
a641 : 00000000;
a642 : 00000000;
a643 : 00000000;
a644 : 00000000;
a645 : 00000000;
a646 : 00000000;
a647 : 00000000;
a648 : 00000000;
a649 : 00000000;
a64a : 00000000;
a64b : 00000000;
a64c : 00000000;
a64d : 00000000;
a64e : 00000000;
a64f : 00000000;
a650 : 00000000;
a651 : 00000000;
a652 : 00000000;
a653 : 00000000;
a654 : 00000000;
a655 : 00000000;
a656 : 00000000;
a657 : 00000000;
a658 : 00000000;
a659 : 00000000;
a65a : 00000000;
a65b : 00000000;
a65c : 00000000;
a65d : 00000000;
a65e : 00000000;
a65f : 00000000;
a660 : 00000000;
a661 : 00000000;
a662 : 00000000;
a663 : 00000000;
a664 : 00000000;
a665 : 00000000;
a666 : 00000000;
a667 : 00000000;
a668 : 00000000;
a669 : 00000000;
a66a : 00000000;
a66b : 00000000;
a66c : 00000000;
a66d : 00000000;
a66e : 00000000;
a66f : 00000000;
a670 : 00000000;
a671 : 00000000;
a672 : 00000000;
a673 : 00000000;
a674 : 00000000;
a675 : 00000000;
a676 : 00000000;
a677 : 00000000;
a678 : 00000000;
a679 : 00000000;
a67a : 00000000;
a67b : 00000000;
a67c : 00000000;
a67d : 00000000;
a67e : 00000000;
a67f : 00000000;
a680 : 00000000;
a681 : 00000000;
a682 : 00000000;
a683 : 00000000;
a684 : 00000000;
a685 : 00000000;
a686 : 00000000;
a687 : 00000000;
a688 : 00000000;
a689 : 00000000;
a68a : 00000000;
a68b : 00000000;
a68c : 00000000;
a68d : 00000000;
a68e : 00000000;
a68f : 00000000;
a690 : 00000000;
a691 : 00000000;
a692 : 00000000;
a693 : 00000000;
a694 : 00000000;
a695 : 00000000;
a696 : 00000000;
a697 : 00000000;
a698 : 00000000;
a699 : 00000000;
a69a : 00000000;
a69b : 00000000;
a69c : 00000000;
a69d : 00000000;
a69e : 00000000;
a69f : 00000000;
a6a0 : 00000000;
a6a1 : 00000000;
a6a2 : 00000000;
a6a3 : 00000000;
a6a4 : 00000000;
a6a5 : 00000000;
a6a6 : 00000000;
a6a7 : 00000000;
a6a8 : 00000000;
a6a9 : 00000000;
a6aa : 00000000;
a6ab : 00000000;
a6ac : 00000000;
a6ad : 00000000;
a6ae : 00000000;
a6af : 00000000;
a6b0 : 00000000;
a6b1 : 00000000;
a6b2 : 00000000;
a6b3 : 00000000;
a6b4 : 00000000;
a6b5 : 00000000;
a6b6 : 00000000;
a6b7 : 00000000;
a6b8 : 00000000;
a6b9 : 00000000;
a6ba : 00000000;
a6bb : 00000000;
a6bc : 00000000;
a6bd : 00000000;
a6be : 00000000;
a6bf : 00000000;
a6c0 : 00000000;
a6c1 : 00000000;
a6c2 : 00000000;
a6c3 : 00000000;
a6c4 : 00000000;
a6c5 : 00000000;
a6c6 : 00000000;
a6c7 : 00000000;
a6c8 : 00000000;
a6c9 : 00000000;
a6ca : 00000000;
a6cb : 00000000;
a6cc : 00000000;
a6cd : 00000000;
a6ce : 00000000;
a6cf : 00000000;
a6d0 : 00000000;
a6d1 : 00000000;
a6d2 : 00000000;
a6d3 : 00000000;
a6d4 : 00000000;
a6d5 : 00000000;
a6d6 : 00000000;
a6d7 : 00000000;
a6d8 : 00000000;
a6d9 : 00000000;
a6da : 00000000;
a6db : 00000000;
a6dc : 00000000;
a6dd : 00000000;
a6de : 00000000;
a6df : 00000000;
a6e0 : 00000000;
a6e1 : 00000000;
a6e2 : 00000000;
a6e3 : 00000000;
a6e4 : 00000000;
a6e5 : 00000000;
a6e6 : 00000000;
a6e7 : 00000000;
a6e8 : 00000000;
a6e9 : 00000000;
a6ea : 00000000;
a6eb : 00000000;
a6ec : 00000000;
a6ed : 00000000;
a6ee : 00000000;
a6ef : 00000000;
a6f0 : 00000000;
a6f1 : 00000000;
a6f2 : 00000000;
a6f3 : 00000000;
a6f4 : 00000000;
a6f5 : 00000000;
a6f6 : 00000000;
a6f7 : 00000000;
a6f8 : 00000000;
a6f9 : 00000000;
a6fa : 00000000;
a6fb : 00000000;
a6fc : 00000000;
a6fd : 00000000;
a6fe : 00000000;
a6ff : 00000000;
a700 : 00000000;
a701 : 00000000;
a702 : 00000000;
a703 : 00000000;
a704 : 00000000;
a705 : 00000000;
a706 : 00000000;
a707 : 00000000;
a708 : 00000000;
a709 : 00000000;
a70a : 00000000;
a70b : 00000000;
a70c : 00000000;
a70d : 00000000;
a70e : 00000000;
a70f : 00000000;
a710 : 00000000;
a711 : 00000000;
a712 : 00000000;
a713 : 00000000;
a714 : 00000000;
a715 : 00000000;
a716 : 00000000;
a717 : 00000000;
a718 : 00000000;
a719 : 00000000;
a71a : 00000000;
a71b : 00000000;
a71c : 00000000;
a71d : 00000000;
a71e : 00000000;
a71f : 00000000;
a720 : 00000000;
a721 : 00000000;
a722 : 00000000;
a723 : 00000000;
a724 : 00000000;
a725 : 00000000;
a726 : 00000000;
a727 : 00000000;
a728 : 00000000;
a729 : 00000000;
a72a : 00000000;
a72b : 00000000;
a72c : 00000000;
a72d : 00000000;
a72e : 00000000;
a72f : 00000000;
a730 : 00000000;
a731 : 00000000;
a732 : 00000000;
a733 : 00000000;
a734 : 00000000;
a735 : 00000000;
a736 : 00000000;
a737 : 00000000;
a738 : 00000000;
a739 : 00000000;
a73a : 00000000;
a73b : 00000000;
a73c : 00000000;
a73d : 00000000;
a73e : 00000000;
a73f : 00000000;
a740 : 00000000;
a741 : 00000000;
a742 : 00000000;
a743 : 00000000;
a744 : 00000000;
a745 : 00000000;
a746 : 00000000;
a747 : 00000000;
a748 : 00000000;
a749 : 00000000;
a74a : 00000000;
a74b : 00000000;
a74c : 00000000;
a74d : 00000000;
a74e : 00000000;
a74f : 00000000;
a750 : 00000000;
a751 : 00000000;
a752 : 00000000;
a753 : 00000000;
a754 : 00000000;
a755 : 00000000;
a756 : 00000000;
a757 : 00000000;
a758 : 00000000;
a759 : 00000000;
a75a : 00000000;
a75b : 00000000;
a75c : 00000000;
a75d : 00000000;
a75e : 00000000;
a75f : 00000000;
a760 : 00000000;
a761 : 00000000;
a762 : 00000000;
a763 : 00000000;
a764 : 00000000;
a765 : 00000000;
a766 : 00000000;
a767 : 00000000;
a768 : 00000000;
a769 : 00000000;
a76a : 00000000;
a76b : 00000000;
a76c : 00000000;
a76d : 00000000;
a76e : 00000000;
a76f : 00000000;
a770 : 00000000;
a771 : 00000000;
a772 : 00000000;
a773 : 00000000;
a774 : 00000000;
a775 : 00000000;
a776 : 00000000;
a777 : 00000000;
a778 : 00000000;
a779 : 00000000;
a77a : 00000000;
a77b : 00000000;
a77c : 00000000;
a77d : 00000000;
a77e : 00000000;
a77f : 00000000;
a780 : 00000000;
a781 : 00000000;
a782 : 00000000;
a783 : 00000000;
a784 : 00000000;
a785 : 00000000;
a786 : 00000000;
a787 : 00000000;
a788 : 00000000;
a789 : 00000000;
a78a : 00000000;
a78b : 00000000;
a78c : 00000000;
a78d : 00000000;
a78e : 00000000;
a78f : 00000000;
a790 : 00000000;
a791 : 00000000;
a792 : 00000000;
a793 : 00000000;
a794 : 00000000;
a795 : 00000000;
a796 : 00000000;
a797 : 00000000;
a798 : 00000000;
a799 : 00000000;
a79a : 00000000;
a79b : 00000000;
a79c : 00000000;
a79d : 00000000;
a79e : 00000000;
a79f : 00000000;
a7a0 : 00000000;
a7a1 : 00000000;
a7a2 : 00000000;
a7a3 : 00000000;
a7a4 : 00000000;
a7a5 : 00000000;
a7a6 : 00000000;
a7a7 : 00000000;
a7a8 : 00000000;
a7a9 : 00000000;
a7aa : 00000000;
a7ab : 00000000;
a7ac : 00000000;
a7ad : 00000000;
a7ae : 00000000;
a7af : 00000000;
a7b0 : 00000000;
a7b1 : 00000000;
a7b2 : 00000000;
a7b3 : 00000000;
a7b4 : 00000000;
a7b5 : 00000000;
a7b6 : 00000000;
a7b7 : 00000000;
a7b8 : 00000000;
a7b9 : 00000000;
a7ba : 00000000;
a7bb : 00000000;
a7bc : 00000000;
a7bd : 00000000;
a7be : 00000000;
a7bf : 00000000;
a7c0 : 00000000;
a7c1 : 00000000;
a7c2 : 00000000;
a7c3 : 00000000;
a7c4 : 00000000;
a7c5 : 00000000;
a7c6 : 00000000;
a7c7 : 00000000;
a7c8 : 00000000;
a7c9 : 00000000;
a7ca : 00000000;
a7cb : 00000000;
a7cc : 00000000;
a7cd : 00000000;
a7ce : 00000000;
a7cf : 00000000;
a7d0 : 00000000;
a7d1 : 00000000;
a7d2 : 00000000;
a7d3 : 00000000;
a7d4 : 00000000;
a7d5 : 00000000;
a7d6 : 00000000;
a7d7 : 00000000;
a7d8 : 00000000;
a7d9 : 00000000;
a7da : 00000000;
a7db : 00000000;
a7dc : 00000000;
a7dd : 00000000;
a7de : 00000000;
a7df : 00000000;
a7e0 : 00000000;
a7e1 : 00000000;
a7e2 : 00000000;
a7e3 : 00000000;
a7e4 : 00000000;
a7e5 : 00000000;
a7e6 : 00000000;
a7e7 : 00000000;
a7e8 : 00000000;
a7e9 : 00000000;
a7ea : 00000000;
a7eb : 00000000;
a7ec : 00000000;
a7ed : 00000000;
a7ee : 00000000;
a7ef : 00000000;
a7f0 : 00000000;
a7f1 : 00000000;
a7f2 : 00000000;
a7f3 : 00000000;
a7f4 : 00000000;
a7f5 : 00000000;
a7f6 : 00000000;
a7f7 : 00000000;
a7f8 : 00000000;
a7f9 : 00000000;
a7fa : 00000000;
a7fb : 00000000;
a7fc : 00000000;
a7fd : 00000000;
a7fe : 00000000;
a7ff : 00000000;
a800 : 00000000;
a801 : 00000000;
a802 : 00000000;
a803 : 00000000;
a804 : 00000000;
a805 : 00000000;
a806 : 00000000;
a807 : 00000000;
a808 : 00000000;
a809 : 00000000;
a80a : 00000000;
a80b : 00000000;
a80c : 00000000;
a80d : 00000000;
a80e : 00000000;
a80f : 00000000;
a810 : 00000000;
a811 : 00000000;
a812 : 00000000;
a813 : 00000000;
a814 : 00000000;
a815 : 00000000;
a816 : 00000000;
a817 : 00000000;
a818 : 00000000;
a819 : 00000000;
a81a : 00000000;
a81b : 00000000;
a81c : 00000000;
a81d : 00000000;
a81e : 00000000;
a81f : 00000000;
a820 : 00000000;
a821 : 00000000;
a822 : 00000000;
a823 : 00000000;
a824 : 00000000;
a825 : 00000000;
a826 : 00000000;
a827 : 00000000;
a828 : 00000000;
a829 : 00000000;
a82a : 00000000;
a82b : 00000000;
a82c : 00000000;
a82d : 00000000;
a82e : 00000000;
a82f : 00000000;
a830 : 00000000;
a831 : 00000000;
a832 : 00000000;
a833 : 00000000;
a834 : 00000000;
a835 : 00000000;
a836 : 00000000;
a837 : 00000000;
a838 : 00000000;
a839 : 00000000;
a83a : 00000000;
a83b : 00000000;
a83c : 00000000;
a83d : 00000000;
a83e : 00000000;
a83f : 00000000;
a840 : 00000000;
a841 : 00000000;
a842 : 00000000;
a843 : 00000000;
a844 : 00000000;
a845 : 00000000;
a846 : 00000000;
a847 : 00000000;
a848 : 00000000;
a849 : 00000000;
a84a : 00000000;
a84b : 00000000;
a84c : 00000000;
a84d : 00000000;
a84e : 00000000;
a84f : 00000000;
a850 : 00000000;
a851 : 00000000;
a852 : 00000000;
a853 : 00000000;
a854 : 00000000;
a855 : 00000000;
a856 : 00000000;
a857 : 00000000;
a858 : 00000000;
a859 : 00000000;
a85a : 00000000;
a85b : 00000000;
a85c : 00000000;
a85d : 00000000;
a85e : 00000000;
a85f : 00000000;
a860 : 00000000;
a861 : 00000000;
a862 : 00000000;
a863 : 00000000;
a864 : 00000000;
a865 : 00000000;
a866 : 00000000;
a867 : 00000000;
a868 : 00000000;
a869 : 00000000;
a86a : 00000000;
a86b : 00000000;
a86c : 00000000;
a86d : 00000000;
a86e : 00000000;
a86f : 00000000;
a870 : 00000000;
a871 : 00000000;
a872 : 00000000;
a873 : 00000000;
a874 : 00000000;
a875 : 00000000;
a876 : 00000000;
a877 : 00000000;
a878 : 00000000;
a879 : 00000000;
a87a : 00000000;
a87b : 00000000;
a87c : 00000000;
a87d : 00000000;
a87e : 00000000;
a87f : 00000000;
a880 : 00000000;
a881 : 00000000;
a882 : 00000000;
a883 : 00000000;
a884 : 00000000;
a885 : 00000000;
a886 : 00000000;
a887 : 00000000;
a888 : 00000000;
a889 : 00000000;
a88a : 00000000;
a88b : 00000000;
a88c : 00000000;
a88d : 00000000;
a88e : 00000000;
a88f : 00000000;
a890 : 00000000;
a891 : 00000000;
a892 : 00000000;
a893 : 00000000;
a894 : 00000000;
a895 : 00000000;
a896 : 00000000;
a897 : 00000000;
a898 : 00000000;
a899 : 00000000;
a89a : 00000000;
a89b : 00000000;
a89c : 00000000;
a89d : 00000000;
a89e : 00000000;
a89f : 00000000;
a8a0 : 00000000;
a8a1 : 00000000;
a8a2 : 00000000;
a8a3 : 00000000;
a8a4 : 00000000;
a8a5 : 00000000;
a8a6 : 00000000;
a8a7 : 00000000;
a8a8 : 00000000;
a8a9 : 00000000;
a8aa : 00000000;
a8ab : 00000000;
a8ac : 00000000;
a8ad : 00000000;
a8ae : 00000000;
a8af : 00000000;
a8b0 : 00000000;
a8b1 : 00000000;
a8b2 : 00000000;
a8b3 : 00000000;
a8b4 : 00000000;
a8b5 : 00000000;
a8b6 : 00000000;
a8b7 : 00000000;
a8b8 : 00000000;
a8b9 : 00000000;
a8ba : 00000000;
a8bb : 00000000;
a8bc : 00000000;
a8bd : 00000000;
a8be : 00000000;
a8bf : 00000000;
a8c0 : 00000000;
a8c1 : 00000000;
a8c2 : 00000000;
a8c3 : 00000000;
a8c4 : 00000000;
a8c5 : 00000000;
a8c6 : 00000000;
a8c7 : 00000000;
a8c8 : 00000000;
a8c9 : 00000000;
a8ca : 00000000;
a8cb : 00000000;
a8cc : 00000000;
a8cd : 00000000;
a8ce : 00000000;
a8cf : 00000000;
a8d0 : 00000000;
a8d1 : 00000000;
a8d2 : 00000000;
a8d3 : 00000000;
a8d4 : 00000000;
a8d5 : 00000000;
a8d6 : 00000000;
a8d7 : 00000000;
a8d8 : 00000000;
a8d9 : 00000000;
a8da : 00000000;
a8db : 00000000;
a8dc : 00000000;
a8dd : 00000000;
a8de : 00000000;
a8df : 00000000;
a8e0 : 00000000;
a8e1 : 00000000;
a8e2 : 00000000;
a8e3 : 00000000;
a8e4 : 00000000;
a8e5 : 00000000;
a8e6 : 00000000;
a8e7 : 00000000;
a8e8 : 00000000;
a8e9 : 00000000;
a8ea : 00000000;
a8eb : 00000000;
a8ec : 00000000;
a8ed : 00000000;
a8ee : 00000000;
a8ef : 00000000;
a8f0 : 00000000;
a8f1 : 00000000;
a8f2 : 00000000;
a8f3 : 00000000;
a8f4 : 00000000;
a8f5 : 00000000;
a8f6 : 00000000;
a8f7 : 00000000;
a8f8 : 00000000;
a8f9 : 00000000;
a8fa : 00000000;
a8fb : 00000000;
a8fc : 00000000;
a8fd : 00000000;
a8fe : 00000000;
a8ff : 00000000;
a900 : 00000000;
a901 : 00000000;
a902 : 00000000;
a903 : 00000000;
a904 : 00000000;
a905 : 00000000;
a906 : 00000000;
a907 : 00000000;
a908 : 00000000;
a909 : 00000000;
a90a : 00000000;
a90b : 00000000;
a90c : 00000000;
a90d : 00000000;
a90e : 00000000;
a90f : 00000000;
a910 : 00000000;
a911 : 00000000;
a912 : 00000000;
a913 : 00000000;
a914 : 00000000;
a915 : 00000000;
a916 : 00000000;
a917 : 00000000;
a918 : 00000000;
a919 : 00000000;
a91a : 00000000;
a91b : 00000000;
a91c : 00000000;
a91d : 00000000;
a91e : 00000000;
a91f : 00000000;
a920 : 00000000;
a921 : 00000000;
a922 : 00000000;
a923 : 00000000;
a924 : 00000000;
a925 : 00000000;
a926 : 00000000;
a927 : 00000000;
a928 : 00000000;
a929 : 00000000;
a92a : 00000000;
a92b : 00000000;
a92c : 00000000;
a92d : 00000000;
a92e : 00000000;
a92f : 00000000;
a930 : 00000000;
a931 : 00000000;
a932 : 00000000;
a933 : 00000000;
a934 : 00000000;
a935 : 00000000;
a936 : 00000000;
a937 : 00000000;
a938 : 00000000;
a939 : 00000000;
a93a : 00000000;
a93b : 00000000;
a93c : 00000000;
a93d : 00000000;
a93e : 00000000;
a93f : 00000000;
a940 : 00000000;
a941 : 00000000;
a942 : 00000000;
a943 : 00000000;
a944 : 00000000;
a945 : 00000000;
a946 : 00000000;
a947 : 00000000;
a948 : 00000000;
a949 : 00000000;
a94a : 00000000;
a94b : 00000000;
a94c : 00000000;
a94d : 00000000;
a94e : 00000000;
a94f : 00000000;
a950 : 00000000;
a951 : 00000000;
a952 : 00000000;
a953 : 00000000;
a954 : 00000000;
a955 : 00000000;
a956 : 00000000;
a957 : 00000000;
a958 : 00000000;
a959 : 00000000;
a95a : 00000000;
a95b : 00000000;
a95c : 00000000;
a95d : 00000000;
a95e : 00000000;
a95f : 00000000;
a960 : 00000000;
a961 : 00000000;
a962 : 00000000;
a963 : 00000000;
a964 : 00000000;
a965 : 00000000;
a966 : 00000000;
a967 : 00000000;
a968 : 00000000;
a969 : 00000000;
a96a : 00000000;
a96b : 00000000;
a96c : 00000000;
a96d : 00000000;
a96e : 00000000;
a96f : 00000000;
a970 : 00000000;
a971 : 00000000;
a972 : 00000000;
a973 : 00000000;
a974 : 00000000;
a975 : 00000000;
a976 : 00000000;
a977 : 00000000;
a978 : 00000000;
a979 : 00000000;
a97a : 00000000;
a97b : 00000000;
a97c : 00000000;
a97d : 00000000;
a97e : 00000000;
a97f : 00000000;
a980 : 00000000;
a981 : 00000000;
a982 : 00000000;
a983 : 00000000;
a984 : 00000000;
a985 : 00000000;
a986 : 00000000;
a987 : 00000000;
a988 : 00000000;
a989 : 00000000;
a98a : 00000000;
a98b : 00000000;
a98c : 00000000;
a98d : 00000000;
a98e : 00000000;
a98f : 00000000;
a990 : 00000000;
a991 : 00000000;
a992 : 00000000;
a993 : 00000000;
a994 : 00000000;
a995 : 00000000;
a996 : 00000000;
a997 : 00000000;
a998 : 00000000;
a999 : 00000000;
a99a : 00000000;
a99b : 00000000;
a99c : 00000000;
a99d : 00000000;
a99e : 00000000;
a99f : 00000000;
a9a0 : 00000000;
a9a1 : 00000000;
a9a2 : 00000000;
a9a3 : 00000000;
a9a4 : 00000000;
a9a5 : 00000000;
a9a6 : 00000000;
a9a7 : 00000000;
a9a8 : 00000000;
a9a9 : 00000000;
a9aa : 00000000;
a9ab : 00000000;
a9ac : 00000000;
a9ad : 00000000;
a9ae : 00000000;
a9af : 00000000;
a9b0 : 00000000;
a9b1 : 00000000;
a9b2 : 00000000;
a9b3 : 00000000;
a9b4 : 00000000;
a9b5 : 00000000;
a9b6 : 00000000;
a9b7 : 00000000;
a9b8 : 00000000;
a9b9 : 00000000;
a9ba : 00000000;
a9bb : 00000000;
a9bc : 00000000;
a9bd : 00000000;
a9be : 00000000;
a9bf : 00000000;
a9c0 : 00000000;
a9c1 : 00000000;
a9c2 : 00000000;
a9c3 : 00000000;
a9c4 : 00000000;
a9c5 : 00000000;
a9c6 : 00000000;
a9c7 : 00000000;
a9c8 : 00000000;
a9c9 : 00000000;
a9ca : 00000000;
a9cb : 00000000;
a9cc : 00000000;
a9cd : 00000000;
a9ce : 00000000;
a9cf : 00000000;
a9d0 : 00000000;
a9d1 : 00000000;
a9d2 : 00000000;
a9d3 : 00000000;
a9d4 : 00000000;
a9d5 : 00000000;
a9d6 : 00000000;
a9d7 : 00000000;
a9d8 : 00000000;
a9d9 : 00000000;
a9da : 00000000;
a9db : 00000000;
a9dc : 00000000;
a9dd : 00000000;
a9de : 00000000;
a9df : 00000000;
a9e0 : 00000000;
a9e1 : 00000000;
a9e2 : 00000000;
a9e3 : 00000000;
a9e4 : 00000000;
a9e5 : 00000000;
a9e6 : 00000000;
a9e7 : 00000000;
a9e8 : 00000000;
a9e9 : 00000000;
a9ea : 00000000;
a9eb : 00000000;
a9ec : 00000000;
a9ed : 00000000;
a9ee : 00000000;
a9ef : 00000000;
a9f0 : 00000000;
a9f1 : 00000000;
a9f2 : 00000000;
a9f3 : 00000000;
a9f4 : 00000000;
a9f5 : 00000000;
a9f6 : 00000000;
a9f7 : 00000000;
a9f8 : 00000000;
a9f9 : 00000000;
a9fa : 00000000;
a9fb : 00000000;
a9fc : 00000000;
a9fd : 00000000;
a9fe : 00000000;
a9ff : 00000000;
aa00 : 00000000;
aa01 : 00000000;
aa02 : 00000000;
aa03 : 00000000;
aa04 : 00000000;
aa05 : 00000000;
aa06 : 00000000;
aa07 : 00000000;
aa08 : 00000000;
aa09 : 00000000;
aa0a : 00000000;
aa0b : 00000000;
aa0c : 00000000;
aa0d : 00000000;
aa0e : 00000000;
aa0f : 00000000;
aa10 : 00000000;
aa11 : 00000000;
aa12 : 00000000;
aa13 : 00000000;
aa14 : 00000000;
aa15 : 00000000;
aa16 : 00000000;
aa17 : 00000000;
aa18 : 00000000;
aa19 : 00000000;
aa1a : 00000000;
aa1b : 00000000;
aa1c : 00000000;
aa1d : 00000000;
aa1e : 00000000;
aa1f : 00000000;
aa20 : 00000000;
aa21 : 00000000;
aa22 : 00000000;
aa23 : 00000000;
aa24 : 00000000;
aa25 : 00000000;
aa26 : 00000000;
aa27 : 00000000;
aa28 : 00000000;
aa29 : 00000000;
aa2a : 00000000;
aa2b : 00000000;
aa2c : 00000000;
aa2d : 00000000;
aa2e : 00000000;
aa2f : 00000000;
aa30 : 00000000;
aa31 : 00000000;
aa32 : 00000000;
aa33 : 00000000;
aa34 : 00000000;
aa35 : 00000000;
aa36 : 00000000;
aa37 : 00000000;
aa38 : 00000000;
aa39 : 00000000;
aa3a : 00000000;
aa3b : 00000000;
aa3c : 00000000;
aa3d : 00000000;
aa3e : 00000000;
aa3f : 00000000;
aa40 : 00000000;
aa41 : 00000000;
aa42 : 00000000;
aa43 : 00000000;
aa44 : 00000000;
aa45 : 00000000;
aa46 : 00000000;
aa47 : 00000000;
aa48 : 00000000;
aa49 : 00000000;
aa4a : 00000000;
aa4b : 00000000;
aa4c : 00000000;
aa4d : 00000000;
aa4e : 00000000;
aa4f : 00000000;
aa50 : 00000000;
aa51 : 00000000;
aa52 : 00000000;
aa53 : 00000000;
aa54 : 00000000;
aa55 : 00000000;
aa56 : 00000000;
aa57 : 00000000;
aa58 : 00000000;
aa59 : 00000000;
aa5a : 00000000;
aa5b : 00000000;
aa5c : 00000000;
aa5d : 00000000;
aa5e : 00000000;
aa5f : 00000000;
aa60 : 00000000;
aa61 : 00000000;
aa62 : 00000000;
aa63 : 00000000;
aa64 : 00000000;
aa65 : 00000000;
aa66 : 00000000;
aa67 : 00000000;
aa68 : 00000000;
aa69 : 00000000;
aa6a : 00000000;
aa6b : 00000000;
aa6c : 00000000;
aa6d : 00000000;
aa6e : 00000000;
aa6f : 00000000;
aa70 : 00000000;
aa71 : 00000000;
aa72 : 00000000;
aa73 : 00000000;
aa74 : 00000000;
aa75 : 00000000;
aa76 : 00000000;
aa77 : 00000000;
aa78 : 00000000;
aa79 : 00000000;
aa7a : 00000000;
aa7b : 00000000;
aa7c : 00000000;
aa7d : 00000000;
aa7e : 00000000;
aa7f : 00000000;
aa80 : 00000000;
aa81 : 00000000;
aa82 : 00000000;
aa83 : 00000000;
aa84 : 00000000;
aa85 : 00000000;
aa86 : 00000000;
aa87 : 00000000;
aa88 : 00000000;
aa89 : 00000000;
aa8a : 00000000;
aa8b : 00000000;
aa8c : 00000000;
aa8d : 00000000;
aa8e : 00000000;
aa8f : 00000000;
aa90 : 00000000;
aa91 : 00000000;
aa92 : 00000000;
aa93 : 00000000;
aa94 : 00000000;
aa95 : 00000000;
aa96 : 00000000;
aa97 : 00000000;
aa98 : 00000000;
aa99 : 00000000;
aa9a : 00000000;
aa9b : 00000000;
aa9c : 00000000;
aa9d : 00000000;
aa9e : 00000000;
aa9f : 00000000;
aaa0 : 00000000;
aaa1 : 00000000;
aaa2 : 00000000;
aaa3 : 00000000;
aaa4 : 00000000;
aaa5 : 00000000;
aaa6 : 00000000;
aaa7 : 00000000;
aaa8 : 00000000;
aaa9 : 00000000;
aaaa : 00000000;
aaab : 00000000;
aaac : 00000000;
aaad : 00000000;
aaae : 00000000;
aaaf : 00000000;
aab0 : 00000000;
aab1 : 00000000;
aab2 : 00000000;
aab3 : 00000000;
aab4 : 00000000;
aab5 : 00000000;
aab6 : 00000000;
aab7 : 00000000;
aab8 : 00000000;
aab9 : 00000000;
aaba : 00000000;
aabb : 00000000;
aabc : 00000000;
aabd : 00000000;
aabe : 00000000;
aabf : 00000000;
aac0 : 00000000;
aac1 : 00000000;
aac2 : 00000000;
aac3 : 00000000;
aac4 : 00000000;
aac5 : 00000000;
aac6 : 00000000;
aac7 : 00000000;
aac8 : 00000000;
aac9 : 00000000;
aaca : 00000000;
aacb : 00000000;
aacc : 00000000;
aacd : 00000000;
aace : 00000000;
aacf : 00000000;
aad0 : 00000000;
aad1 : 00000000;
aad2 : 00000000;
aad3 : 00000000;
aad4 : 00000000;
aad5 : 00000000;
aad6 : 00000000;
aad7 : 00000000;
aad8 : 00000000;
aad9 : 00000000;
aada : 00000000;
aadb : 00000000;
aadc : 00000000;
aadd : 00000000;
aade : 00000000;
aadf : 00000000;
aae0 : 00000000;
aae1 : 00000000;
aae2 : 00000000;
aae3 : 00000000;
aae4 : 00000000;
aae5 : 00000000;
aae6 : 00000000;
aae7 : 00000000;
aae8 : 00000000;
aae9 : 00000000;
aaea : 00000000;
aaeb : 00000000;
aaec : 00000000;
aaed : 00000000;
aaee : 00000000;
aaef : 00000000;
aaf0 : 00000000;
aaf1 : 00000000;
aaf2 : 00000000;
aaf3 : 00000000;
aaf4 : 00000000;
aaf5 : 00000000;
aaf6 : 00000000;
aaf7 : 00000000;
aaf8 : 00000000;
aaf9 : 00000000;
aafa : 00000000;
aafb : 00000000;
aafc : 00000000;
aafd : 00000000;
aafe : 00000000;
aaff : 00000000;
ab00 : 00000000;
ab01 : 00000000;
ab02 : 00000000;
ab03 : 00000000;
ab04 : 00000000;
ab05 : 00000000;
ab06 : 00000000;
ab07 : 00000000;
ab08 : 00000000;
ab09 : 00000000;
ab0a : 00000000;
ab0b : 00000000;
ab0c : 00000000;
ab0d : 00000000;
ab0e : 00000000;
ab0f : 00000000;
ab10 : 00000000;
ab11 : 00000000;
ab12 : 00000000;
ab13 : 00000000;
ab14 : 00000000;
ab15 : 00000000;
ab16 : 00000000;
ab17 : 00000000;
ab18 : 00000000;
ab19 : 00000000;
ab1a : 00000000;
ab1b : 00000000;
ab1c : 00000000;
ab1d : 00000000;
ab1e : 00000000;
ab1f : 00000000;
ab20 : 00000000;
ab21 : 00000000;
ab22 : 00000000;
ab23 : 00000000;
ab24 : 00000000;
ab25 : 00000000;
ab26 : 00000000;
ab27 : 00000000;
ab28 : 00000000;
ab29 : 00000000;
ab2a : 00000000;
ab2b : 00000000;
ab2c : 00000000;
ab2d : 00000000;
ab2e : 00000000;
ab2f : 00000000;
ab30 : 00000000;
ab31 : 00000000;
ab32 : 00000000;
ab33 : 00000000;
ab34 : 00000000;
ab35 : 00000000;
ab36 : 00000000;
ab37 : 00000000;
ab38 : 00000000;
ab39 : 00000000;
ab3a : 00000000;
ab3b : 00000000;
ab3c : 00000000;
ab3d : 00000000;
ab3e : 00000000;
ab3f : 00000000;
ab40 : 00000000;
ab41 : 00000000;
ab42 : 00000000;
ab43 : 00000000;
ab44 : 00000000;
ab45 : 00000000;
ab46 : 00000000;
ab47 : 00000000;
ab48 : 00000000;
ab49 : 00000000;
ab4a : 00000000;
ab4b : 00000000;
ab4c : 00000000;
ab4d : 00000000;
ab4e : 00000000;
ab4f : 00000000;
ab50 : 00000000;
ab51 : 00000000;
ab52 : 00000000;
ab53 : 00000000;
ab54 : 00000000;
ab55 : 00000000;
ab56 : 00000000;
ab57 : 00000000;
ab58 : 00000000;
ab59 : 00000000;
ab5a : 00000000;
ab5b : 00000000;
ab5c : 00000000;
ab5d : 00000000;
ab5e : 00000000;
ab5f : 00000000;
ab60 : 00000000;
ab61 : 00000000;
ab62 : 00000000;
ab63 : 00000000;
ab64 : 00000000;
ab65 : 00000000;
ab66 : 00000000;
ab67 : 00000000;
ab68 : 00000000;
ab69 : 00000000;
ab6a : 00000000;
ab6b : 00000000;
ab6c : 00000000;
ab6d : 00000000;
ab6e : 00000000;
ab6f : 00000000;
ab70 : 00000000;
ab71 : 00000000;
ab72 : 00000000;
ab73 : 00000000;
ab74 : 00000000;
ab75 : 00000000;
ab76 : 00000000;
ab77 : 00000000;
ab78 : 00000000;
ab79 : 00000000;
ab7a : 00000000;
ab7b : 00000000;
ab7c : 00000000;
ab7d : 00000000;
ab7e : 00000000;
ab7f : 00000000;
ab80 : 00000000;
ab81 : 00000000;
ab82 : 00000000;
ab83 : 00000000;
ab84 : 00000000;
ab85 : 00000000;
ab86 : 00000000;
ab87 : 00000000;
ab88 : 00000000;
ab89 : 00000000;
ab8a : 00000000;
ab8b : 00000000;
ab8c : 00000000;
ab8d : 00000000;
ab8e : 00000000;
ab8f : 00000000;
ab90 : 00000000;
ab91 : 00000000;
ab92 : 00000000;
ab93 : 00000000;
ab94 : 00000000;
ab95 : 00000000;
ab96 : 00000000;
ab97 : 00000000;
ab98 : 00000000;
ab99 : 00000000;
ab9a : 00000000;
ab9b : 00000000;
ab9c : 00000000;
ab9d : 00000000;
ab9e : 00000000;
ab9f : 00000000;
aba0 : 00000000;
aba1 : 00000000;
aba2 : 00000000;
aba3 : 00000000;
aba4 : 00000000;
aba5 : 00000000;
aba6 : 00000000;
aba7 : 00000000;
aba8 : 00000000;
aba9 : 00000000;
abaa : 00000000;
abab : 00000000;
abac : 00000000;
abad : 00000000;
abae : 00000000;
abaf : 00000000;
abb0 : 00000000;
abb1 : 00000000;
abb2 : 00000000;
abb3 : 00000000;
abb4 : 00000000;
abb5 : 00000000;
abb6 : 00000000;
abb7 : 00000000;
abb8 : 00000000;
abb9 : 00000000;
abba : 00000000;
abbb : 00000000;
abbc : 00000000;
abbd : 00000000;
abbe : 00000000;
abbf : 00000000;
abc0 : 00000000;
abc1 : 00000000;
abc2 : 00000000;
abc3 : 00000000;
abc4 : 00000000;
abc5 : 00000000;
abc6 : 00000000;
abc7 : 00000000;
abc8 : 00000000;
abc9 : 00000000;
abca : 00000000;
abcb : 00000000;
abcc : 00000000;
abcd : 00000000;
abce : 00000000;
abcf : 00000000;
abd0 : 00000000;
abd1 : 00000000;
abd2 : 00000000;
abd3 : 00000000;
abd4 : 00000000;
abd5 : 00000000;
abd6 : 00000000;
abd7 : 00000000;
abd8 : 00000000;
abd9 : 00000000;
abda : 00000000;
abdb : 00000000;
abdc : 00000000;
abdd : 00000000;
abde : 00000000;
abdf : 00000000;
abe0 : 00000000;
abe1 : 00000000;
abe2 : 00000000;
abe3 : 00000000;
abe4 : 00000000;
abe5 : 00000000;
abe6 : 00000000;
abe7 : 00000000;
abe8 : 00000000;
abe9 : 00000000;
abea : 00000000;
abeb : 00000000;
abec : 00000000;
abed : 00000000;
abee : 00000000;
abef : 00000000;
abf0 : 00000000;
abf1 : 00000000;
abf2 : 00000000;
abf3 : 00000000;
abf4 : 00000000;
abf5 : 00000000;
abf6 : 00000000;
abf7 : 00000000;
abf8 : 00000000;
abf9 : 00000000;
abfa : 00000000;
abfb : 00000000;
abfc : 00000000;
abfd : 00000000;
abfe : 00000000;
abff : 00000000;
ac00 : 00000000;
ac01 : 00000000;
ac02 : 00000000;
ac03 : 00000000;
ac04 : 00000000;
ac05 : 00000000;
ac06 : 00000000;
ac07 : 00000000;
ac08 : 00000000;
ac09 : 00000000;
ac0a : 00000000;
ac0b : 00000000;
ac0c : 00000000;
ac0d : 00000000;
ac0e : 00000000;
ac0f : 00000000;
ac10 : 00000000;
ac11 : 00000000;
ac12 : 00000000;
ac13 : 00000000;
ac14 : 00000000;
ac15 : 00000000;
ac16 : 00000000;
ac17 : 00000000;
ac18 : 00000000;
ac19 : 00000000;
ac1a : 00000000;
ac1b : 00000000;
ac1c : 00000000;
ac1d : 00000000;
ac1e : 00000000;
ac1f : 00000000;
ac20 : 00000000;
ac21 : 00000000;
ac22 : 00000000;
ac23 : 00000000;
ac24 : 00000000;
ac25 : 00000000;
ac26 : 00000000;
ac27 : 00000000;
ac28 : 00000000;
ac29 : 00000000;
ac2a : 00000000;
ac2b : 00000000;
ac2c : 00000000;
ac2d : 00000000;
ac2e : 00000000;
ac2f : 00000000;
ac30 : 00000000;
ac31 : 00000000;
ac32 : 00000000;
ac33 : 00000000;
ac34 : 00000000;
ac35 : 00000000;
ac36 : 00000000;
ac37 : 00000000;
ac38 : 00000000;
ac39 : 00000000;
ac3a : 00000000;
ac3b : 00000000;
ac3c : 00000000;
ac3d : 00000000;
ac3e : 00000000;
ac3f : 00000000;
ac40 : 00000000;
ac41 : 00000000;
ac42 : 00000000;
ac43 : 00000000;
ac44 : 00000000;
ac45 : 00000000;
ac46 : 00000000;
ac47 : 00000000;
ac48 : 00000000;
ac49 : 00000000;
ac4a : 00000000;
ac4b : 00000000;
ac4c : 00000000;
ac4d : 00000000;
ac4e : 00000000;
ac4f : 00000000;
ac50 : 00000000;
ac51 : 00000000;
ac52 : 00000000;
ac53 : 00000000;
ac54 : 00000000;
ac55 : 00000000;
ac56 : 00000000;
ac57 : 00000000;
ac58 : 00000000;
ac59 : 00000000;
ac5a : 00000000;
ac5b : 00000000;
ac5c : 00000000;
ac5d : 00000000;
ac5e : 00000000;
ac5f : 00000000;
ac60 : 00000000;
ac61 : 00000000;
ac62 : 00000000;
ac63 : 00000000;
ac64 : 00000000;
ac65 : 00000000;
ac66 : 00000000;
ac67 : 00000000;
ac68 : 00000000;
ac69 : 00000000;
ac6a : 00000000;
ac6b : 00000000;
ac6c : 00000000;
ac6d : 00000000;
ac6e : 00000000;
ac6f : 00000000;
ac70 : 00000000;
ac71 : 00000000;
ac72 : 00000000;
ac73 : 00000000;
ac74 : 00000000;
ac75 : 00000000;
ac76 : 00000000;
ac77 : 00000000;
ac78 : 00000000;
ac79 : 00000000;
ac7a : 00000000;
ac7b : 00000000;
ac7c : 00000000;
ac7d : 00000000;
ac7e : 00000000;
ac7f : 00000000;
ac80 : 00000000;
ac81 : 00000000;
ac82 : 00000000;
ac83 : 00000000;
ac84 : 00000000;
ac85 : 00000000;
ac86 : 00000000;
ac87 : 00000000;
ac88 : 00000000;
ac89 : 00000000;
ac8a : 00000000;
ac8b : 00000000;
ac8c : 00000000;
ac8d : 00000000;
ac8e : 00000000;
ac8f : 00000000;
ac90 : 00000000;
ac91 : 00000000;
ac92 : 00000000;
ac93 : 00000000;
ac94 : 00000000;
ac95 : 00000000;
ac96 : 00000000;
ac97 : 00000000;
ac98 : 00000000;
ac99 : 00000000;
ac9a : 00000000;
ac9b : 00000000;
ac9c : 00000000;
ac9d : 00000000;
ac9e : 00000000;
ac9f : 00000000;
aca0 : 00000000;
aca1 : 00000000;
aca2 : 00000000;
aca3 : 00000000;
aca4 : 00000000;
aca5 : 00000000;
aca6 : 00000000;
aca7 : 00000000;
aca8 : 00000000;
aca9 : 00000000;
acaa : 00000000;
acab : 00000000;
acac : 00000000;
acad : 00000000;
acae : 00000000;
acaf : 00000000;
acb0 : 00000000;
acb1 : 00000000;
acb2 : 00000000;
acb3 : 00000000;
acb4 : 00000000;
acb5 : 00000000;
acb6 : 00000000;
acb7 : 00000000;
acb8 : 00000000;
acb9 : 00000000;
acba : 00000000;
acbb : 00000000;
acbc : 00000000;
acbd : 00000000;
acbe : 00000000;
acbf : 00000000;
acc0 : 00000000;
acc1 : 00000000;
acc2 : 00000000;
acc3 : 00000000;
acc4 : 00000000;
acc5 : 00000000;
acc6 : 00000000;
acc7 : 00000000;
acc8 : 00000000;
acc9 : 00000000;
acca : 00000000;
accb : 00000000;
accc : 00000000;
accd : 00000000;
acce : 00000000;
accf : 00000000;
acd0 : 00000000;
acd1 : 00000000;
acd2 : 00000000;
acd3 : 00000000;
acd4 : 00000000;
acd5 : 00000000;
acd6 : 00000000;
acd7 : 00000000;
acd8 : 00000000;
acd9 : 00000000;
acda : 00000000;
acdb : 00000000;
acdc : 00000000;
acdd : 00000000;
acde : 00000000;
acdf : 00000000;
ace0 : 00000000;
ace1 : 00000000;
ace2 : 00000000;
ace3 : 00000000;
ace4 : 00000000;
ace5 : 00000000;
ace6 : 00000000;
ace7 : 00000000;
ace8 : 00000000;
ace9 : 00000000;
acea : 00000000;
aceb : 00000000;
acec : 00000000;
aced : 00000000;
acee : 00000000;
acef : 00000000;
acf0 : 00000000;
acf1 : 00000000;
acf2 : 00000000;
acf3 : 00000000;
acf4 : 00000000;
acf5 : 00000000;
acf6 : 00000000;
acf7 : 00000000;
acf8 : 00000000;
acf9 : 00000000;
acfa : 00000000;
acfb : 00000000;
acfc : 00000000;
acfd : 00000000;
acfe : 00000000;
acff : 00000000;
ad00 : 00000000;
ad01 : 00000000;
ad02 : 00000000;
ad03 : 00000000;
ad04 : 00000000;
ad05 : 00000000;
ad06 : 00000000;
ad07 : 00000000;
ad08 : 00000000;
ad09 : 00000000;
ad0a : 00000000;
ad0b : 00000000;
ad0c : 00000000;
ad0d : 00000000;
ad0e : 00000000;
ad0f : 00000000;
ad10 : 00000000;
ad11 : 00000000;
ad12 : 00000000;
ad13 : 00000000;
ad14 : 00000000;
ad15 : 00000000;
ad16 : 00000000;
ad17 : 00000000;
ad18 : 00000000;
ad19 : 00000000;
ad1a : 00000000;
ad1b : 00000000;
ad1c : 00000000;
ad1d : 00000000;
ad1e : 00000000;
ad1f : 00000000;
ad20 : 00000000;
ad21 : 00000000;
ad22 : 00000000;
ad23 : 00000000;
ad24 : 00000000;
ad25 : 00000000;
ad26 : 00000000;
ad27 : 00000000;
ad28 : 00000000;
ad29 : 00000000;
ad2a : 00000000;
ad2b : 00000000;
ad2c : 00000000;
ad2d : 00000000;
ad2e : 00000000;
ad2f : 00000000;
ad30 : 00000000;
ad31 : 00000000;
ad32 : 00000000;
ad33 : 00000000;
ad34 : 00000000;
ad35 : 00000000;
ad36 : 00000000;
ad37 : 00000000;
ad38 : 00000000;
ad39 : 00000000;
ad3a : 00000000;
ad3b : 00000000;
ad3c : 00000000;
ad3d : 00000000;
ad3e : 00000000;
ad3f : 00000000;
ad40 : 00000000;
ad41 : 00000000;
ad42 : 00000000;
ad43 : 00000000;
ad44 : 00000000;
ad45 : 00000000;
ad46 : 00000000;
ad47 : 00000000;
ad48 : 00000000;
ad49 : 00000000;
ad4a : 00000000;
ad4b : 00000000;
ad4c : 00000000;
ad4d : 00000000;
ad4e : 00000000;
ad4f : 00000000;
ad50 : 00000000;
ad51 : 00000000;
ad52 : 00000000;
ad53 : 00000000;
ad54 : 00000000;
ad55 : 00000000;
ad56 : 00000000;
ad57 : 00000000;
ad58 : 00000000;
ad59 : 00000000;
ad5a : 00000000;
ad5b : 00000000;
ad5c : 00000000;
ad5d : 00000000;
ad5e : 00000000;
ad5f : 00000000;
ad60 : 00000000;
ad61 : 00000000;
ad62 : 00000000;
ad63 : 00000000;
ad64 : 00000000;
ad65 : 00000000;
ad66 : 00000000;
ad67 : 00000000;
ad68 : 00000000;
ad69 : 00000000;
ad6a : 00000000;
ad6b : 00000000;
ad6c : 00000000;
ad6d : 00000000;
ad6e : 00000000;
ad6f : 00000000;
ad70 : 00000000;
ad71 : 00000000;
ad72 : 00000000;
ad73 : 00000000;
ad74 : 00000000;
ad75 : 00000000;
ad76 : 00000000;
ad77 : 00000000;
ad78 : 00000000;
ad79 : 00000000;
ad7a : 00000000;
ad7b : 00000000;
ad7c : 00000000;
ad7d : 00000000;
ad7e : 00000000;
ad7f : 00000000;
ad80 : 00000000;
ad81 : 00000000;
ad82 : 00000000;
ad83 : 00000000;
ad84 : 00000000;
ad85 : 00000000;
ad86 : 00000000;
ad87 : 00000000;
ad88 : 00000000;
ad89 : 00000000;
ad8a : 00000000;
ad8b : 00000000;
ad8c : 00000000;
ad8d : 00000000;
ad8e : 00000000;
ad8f : 00000000;
ad90 : 00000000;
ad91 : 00000000;
ad92 : 00000000;
ad93 : 00000000;
ad94 : 00000000;
ad95 : 00000000;
ad96 : 00000000;
ad97 : 00000000;
ad98 : 00000000;
ad99 : 00000000;
ad9a : 00000000;
ad9b : 00000000;
ad9c : 00000000;
ad9d : 00000000;
ad9e : 00000000;
ad9f : 00000000;
ada0 : 00000000;
ada1 : 00000000;
ada2 : 00000000;
ada3 : 00000000;
ada4 : 00000000;
ada5 : 00000000;
ada6 : 00000000;
ada7 : 00000000;
ada8 : 00000000;
ada9 : 00000000;
adaa : 00000000;
adab : 00000000;
adac : 00000000;
adad : 00000000;
adae : 00000000;
adaf : 00000000;
adb0 : 00000000;
adb1 : 00000000;
adb2 : 00000000;
adb3 : 00000000;
adb4 : 00000000;
adb5 : 00000000;
adb6 : 00000000;
adb7 : 00000000;
adb8 : 00000000;
adb9 : 00000000;
adba : 00000000;
adbb : 00000000;
adbc : 00000000;
adbd : 00000000;
adbe : 00000000;
adbf : 00000000;
adc0 : 00000000;
adc1 : 00000000;
adc2 : 00000000;
adc3 : 00000000;
adc4 : 00000000;
adc5 : 00000000;
adc6 : 00000000;
adc7 : 00000000;
adc8 : 00000000;
adc9 : 00000000;
adca : 00000000;
adcb : 00000000;
adcc : 00000000;
adcd : 00000000;
adce : 00000000;
adcf : 00000000;
add0 : 00000000;
add1 : 00000000;
add2 : 00000000;
add3 : 00000000;
add4 : 00000000;
add5 : 00000000;
add6 : 00000000;
add7 : 00000000;
add8 : 00000000;
add9 : 00000000;
adda : 00000000;
addb : 00000000;
addc : 00000000;
addd : 00000000;
adde : 00000000;
addf : 00000000;
ade0 : 00000000;
ade1 : 00000000;
ade2 : 00000000;
ade3 : 00000000;
ade4 : 00000000;
ade5 : 00000000;
ade6 : 00000000;
ade7 : 00000000;
ade8 : 00000000;
ade9 : 00000000;
adea : 00000000;
adeb : 00000000;
adec : 00000000;
aded : 00000000;
adee : 00000000;
adef : 00000000;
adf0 : 00000000;
adf1 : 00000000;
adf2 : 00000000;
adf3 : 00000000;
adf4 : 00000000;
adf5 : 00000000;
adf6 : 00000000;
adf7 : 00000000;
adf8 : 00000000;
adf9 : 00000000;
adfa : 00000000;
adfb : 00000000;
adfc : 00000000;
adfd : 00000000;
adfe : 00000000;
adff : 00000000;
ae00 : 00000000;
ae01 : 00000000;
ae02 : 00000000;
ae03 : 00000000;
ae04 : 00000000;
ae05 : 00000000;
ae06 : 00000000;
ae07 : 00000000;
ae08 : 00000000;
ae09 : 00000000;
ae0a : 00000000;
ae0b : 00000000;
ae0c : 00000000;
ae0d : 00000000;
ae0e : 00000000;
ae0f : 00000000;
ae10 : 00000000;
ae11 : 00000000;
ae12 : 00000000;
ae13 : 00000000;
ae14 : 00000000;
ae15 : 00000000;
ae16 : 00000000;
ae17 : 00000000;
ae18 : 00000000;
ae19 : 00000000;
ae1a : 00000000;
ae1b : 00000000;
ae1c : 00000000;
ae1d : 00000000;
ae1e : 00000000;
ae1f : 00000000;
ae20 : 00000000;
ae21 : 00000000;
ae22 : 00000000;
ae23 : 00000000;
ae24 : 00000000;
ae25 : 00000000;
ae26 : 00000000;
ae27 : 00000000;
ae28 : 00000000;
ae29 : 00000000;
ae2a : 00000000;
ae2b : 00000000;
ae2c : 00000000;
ae2d : 00000000;
ae2e : 00000000;
ae2f : 00000000;
ae30 : 00000000;
ae31 : 00000000;
ae32 : 00000000;
ae33 : 00000000;
ae34 : 00000000;
ae35 : 00000000;
ae36 : 00000000;
ae37 : 00000000;
ae38 : 00000000;
ae39 : 00000000;
ae3a : 00000000;
ae3b : 00000000;
ae3c : 00000000;
ae3d : 00000000;
ae3e : 00000000;
ae3f : 00000000;
ae40 : 00000000;
ae41 : 00000000;
ae42 : 00000000;
ae43 : 00000000;
ae44 : 00000000;
ae45 : 00000000;
ae46 : 00000000;
ae47 : 00000000;
ae48 : 00000000;
ae49 : 00000000;
ae4a : 00000000;
ae4b : 00000000;
ae4c : 00000000;
ae4d : 00000000;
ae4e : 00000000;
ae4f : 00000000;
ae50 : 00000000;
ae51 : 00000000;
ae52 : 00000000;
ae53 : 00000000;
ae54 : 00000000;
ae55 : 00000000;
ae56 : 00000000;
ae57 : 00000000;
ae58 : 00000000;
ae59 : 00000000;
ae5a : 00000000;
ae5b : 00000000;
ae5c : 00000000;
ae5d : 00000000;
ae5e : 00000000;
ae5f : 00000000;
ae60 : 00000000;
ae61 : 00000000;
ae62 : 00000000;
ae63 : 00000000;
ae64 : 00000000;
ae65 : 00000000;
ae66 : 00000000;
ae67 : 00000000;
ae68 : 00000000;
ae69 : 00000000;
ae6a : 00000000;
ae6b : 00000000;
ae6c : 00000000;
ae6d : 00000000;
ae6e : 00000000;
ae6f : 00000000;
ae70 : 00000000;
ae71 : 00000000;
ae72 : 00000000;
ae73 : 00000000;
ae74 : 00000000;
ae75 : 00000000;
ae76 : 00000000;
ae77 : 00000000;
ae78 : 00000000;
ae79 : 00000000;
ae7a : 00000000;
ae7b : 00000000;
ae7c : 00000000;
ae7d : 00000000;
ae7e : 00000000;
ae7f : 00000000;
ae80 : 00000000;
ae81 : 00000000;
ae82 : 00000000;
ae83 : 00000000;
ae84 : 00000000;
ae85 : 00000000;
ae86 : 00000000;
ae87 : 00000000;
ae88 : 00000000;
ae89 : 00000000;
ae8a : 00000000;
ae8b : 00000000;
ae8c : 00000000;
ae8d : 00000000;
ae8e : 00000000;
ae8f : 00000000;
ae90 : 00000000;
ae91 : 00000000;
ae92 : 00000000;
ae93 : 00000000;
ae94 : 00000000;
ae95 : 00000000;
ae96 : 00000000;
ae97 : 00000000;
ae98 : 00000000;
ae99 : 00000000;
ae9a : 00000000;
ae9b : 00000000;
ae9c : 00000000;
ae9d : 00000000;
ae9e : 00000000;
ae9f : 00000000;
aea0 : 00000000;
aea1 : 00000000;
aea2 : 00000000;
aea3 : 00000000;
aea4 : 00000000;
aea5 : 00000000;
aea6 : 00000000;
aea7 : 00000000;
aea8 : 00000000;
aea9 : 00000000;
aeaa : 00000000;
aeab : 00000000;
aeac : 00000000;
aead : 00000000;
aeae : 00000000;
aeaf : 00000000;
aeb0 : 00000000;
aeb1 : 00000000;
aeb2 : 00000000;
aeb3 : 00000000;
aeb4 : 00000000;
aeb5 : 00000000;
aeb6 : 00000000;
aeb7 : 00000000;
aeb8 : 00000000;
aeb9 : 00000000;
aeba : 00000000;
aebb : 00000000;
aebc : 00000000;
aebd : 00000000;
aebe : 00000000;
aebf : 00000000;
aec0 : 00000000;
aec1 : 00000000;
aec2 : 00000000;
aec3 : 00000000;
aec4 : 00000000;
aec5 : 00000000;
aec6 : 00000000;
aec7 : 00000000;
aec8 : 00000000;
aec9 : 00000000;
aeca : 00000000;
aecb : 00000000;
aecc : 00000000;
aecd : 00000000;
aece : 00000000;
aecf : 00000000;
aed0 : 00000000;
aed1 : 00000000;
aed2 : 00000000;
aed3 : 00000000;
aed4 : 00000000;
aed5 : 00000000;
aed6 : 00000000;
aed7 : 00000000;
aed8 : 00000000;
aed9 : 00000000;
aeda : 00000000;
aedb : 00000000;
aedc : 00000000;
aedd : 00000000;
aede : 00000000;
aedf : 00000000;
aee0 : 00000000;
aee1 : 00000000;
aee2 : 00000000;
aee3 : 00000000;
aee4 : 00000000;
aee5 : 00000000;
aee6 : 00000000;
aee7 : 00000000;
aee8 : 00000000;
aee9 : 00000000;
aeea : 00000000;
aeeb : 00000000;
aeec : 00000000;
aeed : 00000000;
aeee : 00000000;
aeef : 00000000;
aef0 : 00000000;
aef1 : 00000000;
aef2 : 00000000;
aef3 : 00000000;
aef4 : 00000000;
aef5 : 00000000;
aef6 : 00000000;
aef7 : 00000000;
aef8 : 00000000;
aef9 : 00000000;
aefa : 00000000;
aefb : 00000000;
aefc : 00000000;
aefd : 00000000;
aefe : 00000000;
aeff : 00000000;
af00 : 00000000;
af01 : 00000000;
af02 : 00000000;
af03 : 00000000;
af04 : 00000000;
af05 : 00000000;
af06 : 00000000;
af07 : 00000000;
af08 : 00000000;
af09 : 00000000;
af0a : 00000000;
af0b : 00000000;
af0c : 00000000;
af0d : 00000000;
af0e : 00000000;
af0f : 00000000;
af10 : 00000000;
af11 : 00000000;
af12 : 00000000;
af13 : 00000000;
af14 : 00000000;
af15 : 00000000;
af16 : 00000000;
af17 : 00000000;
af18 : 00000000;
af19 : 00000000;
af1a : 00000000;
af1b : 00000000;
af1c : 00000000;
af1d : 00000000;
af1e : 00000000;
af1f : 00000000;
af20 : 00000000;
af21 : 00000000;
af22 : 00000000;
af23 : 00000000;
af24 : 00000000;
af25 : 00000000;
af26 : 00000000;
af27 : 00000000;
af28 : 00000000;
af29 : 00000000;
af2a : 00000000;
af2b : 00000000;
af2c : 00000000;
af2d : 00000000;
af2e : 00000000;
af2f : 00000000;
af30 : 00000000;
af31 : 00000000;
af32 : 00000000;
af33 : 00000000;
af34 : 00000000;
af35 : 00000000;
af36 : 00000000;
af37 : 00000000;
af38 : 00000000;
af39 : 00000000;
af3a : 00000000;
af3b : 00000000;
af3c : 00000000;
af3d : 00000000;
af3e : 00000000;
af3f : 00000000;
af40 : 00000000;
af41 : 00000000;
af42 : 00000000;
af43 : 00000000;
af44 : 00000000;
af45 : 00000000;
af46 : 00000000;
af47 : 00000000;
af48 : 00000000;
af49 : 00000000;
af4a : 00000000;
af4b : 00000000;
af4c : 00000000;
af4d : 00000000;
af4e : 00000000;
af4f : 00000000;
af50 : 00000000;
af51 : 00000000;
af52 : 00000000;
af53 : 00000000;
af54 : 00000000;
af55 : 00000000;
af56 : 00000000;
af57 : 00000000;
af58 : 00000000;
af59 : 00000000;
af5a : 00000000;
af5b : 00000000;
af5c : 00000000;
af5d : 00000000;
af5e : 00000000;
af5f : 00000000;
af60 : 00000000;
af61 : 00000000;
af62 : 00000000;
af63 : 00000000;
af64 : 00000000;
af65 : 00000000;
af66 : 00000000;
af67 : 00000000;
af68 : 00000000;
af69 : 00000000;
af6a : 00000000;
af6b : 00000000;
af6c : 00000000;
af6d : 00000000;
af6e : 00000000;
af6f : 00000000;
af70 : 00000000;
af71 : 00000000;
af72 : 00000000;
af73 : 00000000;
af74 : 00000000;
af75 : 00000000;
af76 : 00000000;
af77 : 00000000;
af78 : 00000000;
af79 : 00000000;
af7a : 00000000;
af7b : 00000000;
af7c : 00000000;
af7d : 00000000;
af7e : 00000000;
af7f : 00000000;
af80 : 00000000;
af81 : 00000000;
af82 : 00000000;
af83 : 00000000;
af84 : 00000000;
af85 : 00000000;
af86 : 00000000;
af87 : 00000000;
af88 : 00000000;
af89 : 00000000;
af8a : 00000000;
af8b : 00000000;
af8c : 00000000;
af8d : 00000000;
af8e : 00000000;
af8f : 00000000;
af90 : 00000000;
af91 : 00000000;
af92 : 00000000;
af93 : 00000000;
af94 : 00000000;
af95 : 00000000;
af96 : 00000000;
af97 : 00000000;
af98 : 00000000;
af99 : 00000000;
af9a : 00000000;
af9b : 00000000;
af9c : 00000000;
af9d : 00000000;
af9e : 00000000;
af9f : 00000000;
afa0 : 00000000;
afa1 : 00000000;
afa2 : 00000000;
afa3 : 00000000;
afa4 : 00000000;
afa5 : 00000000;
afa6 : 00000000;
afa7 : 00000000;
afa8 : 00000000;
afa9 : 00000000;
afaa : 00000000;
afab : 00000000;
afac : 00000000;
afad : 00000000;
afae : 00000000;
afaf : 00000000;
afb0 : 00000000;
afb1 : 00000000;
afb2 : 00000000;
afb3 : 00000000;
afb4 : 00000000;
afb5 : 00000000;
afb6 : 00000000;
afb7 : 00000000;
afb8 : 00000000;
afb9 : 00000000;
afba : 00000000;
afbb : 00000000;
afbc : 00000000;
afbd : 00000000;
afbe : 00000000;
afbf : 00000000;
afc0 : 00000000;
afc1 : 00000000;
afc2 : 00000000;
afc3 : 00000000;
afc4 : 00000000;
afc5 : 00000000;
afc6 : 00000000;
afc7 : 00000000;
afc8 : 00000000;
afc9 : 00000000;
afca : 00000000;
afcb : 00000000;
afcc : 00000000;
afcd : 00000000;
afce : 00000000;
afcf : 00000000;
afd0 : 00000000;
afd1 : 00000000;
afd2 : 00000000;
afd3 : 00000000;
afd4 : 00000000;
afd5 : 00000000;
afd6 : 00000000;
afd7 : 00000000;
afd8 : 00000000;
afd9 : 00000000;
afda : 00000000;
afdb : 00000000;
afdc : 00000000;
afdd : 00000000;
afde : 00000000;
afdf : 00000000;
afe0 : 00000000;
afe1 : 00000000;
afe2 : 00000000;
afe3 : 00000000;
afe4 : 00000000;
afe5 : 00000000;
afe6 : 00000000;
afe7 : 00000000;
afe8 : 00000000;
afe9 : 00000000;
afea : 00000000;
afeb : 00000000;
afec : 00000000;
afed : 00000000;
afee : 00000000;
afef : 00000000;
aff0 : 00000000;
aff1 : 00000000;
aff2 : 00000000;
aff3 : 00000000;
aff4 : 00000000;
aff5 : 00000000;
aff6 : 00000000;
aff7 : 00000000;
aff8 : 00000000;
aff9 : 00000000;
affa : 00000000;
affb : 00000000;
affc : 00000000;
affd : 00000000;
affe : 00000000;
afff : 00000000;
b000 : 00000000;
b001 : 00000000;
b002 : 00000000;
b003 : 00000000;
b004 : 00000000;
b005 : 00000000;
b006 : 00000000;
b007 : 00000000;
b008 : 00000000;
b009 : 00000000;
b00a : 00000000;
b00b : 00000000;
b00c : 00000000;
b00d : 00000000;
b00e : 00000000;
b00f : 00000000;
b010 : 00000000;
b011 : 00000000;
b012 : 00000000;
b013 : 00000000;
b014 : 00000000;
b015 : 00000000;
b016 : 00000000;
b017 : 00000000;
b018 : 00000000;
b019 : 00000000;
b01a : 00000000;
b01b : 00000000;
b01c : 00000000;
b01d : 00000000;
b01e : 00000000;
b01f : 00000000;
b020 : 00000000;
b021 : 00000000;
b022 : 00000000;
b023 : 00000000;
b024 : 00000000;
b025 : 00000000;
b026 : 00000000;
b027 : 00000000;
b028 : 00000000;
b029 : 00000000;
b02a : 00000000;
b02b : 00000000;
b02c : 00000000;
b02d : 00000000;
b02e : 00000000;
b02f : 00000000;
b030 : 00000000;
b031 : 00000000;
b032 : 00000000;
b033 : 00000000;
b034 : 00000000;
b035 : 00000000;
b036 : 00000000;
b037 : 00000000;
b038 : 00000000;
b039 : 00000000;
b03a : 00000000;
b03b : 00000000;
b03c : 00000000;
b03d : 00000000;
b03e : 00000000;
b03f : 00000000;
b040 : 00000000;
b041 : 00000000;
b042 : 00000000;
b043 : 00000000;
b044 : 00000000;
b045 : 00000000;
b046 : 00000000;
b047 : 00000000;
b048 : 00000000;
b049 : 00000000;
b04a : 00000000;
b04b : 00000000;
b04c : 00000000;
b04d : 00000000;
b04e : 00000000;
b04f : 00000000;
b050 : 00000000;
b051 : 00000000;
b052 : 00000000;
b053 : 00000000;
b054 : 00000000;
b055 : 00000000;
b056 : 00000000;
b057 : 00000000;
b058 : 00000000;
b059 : 00000000;
b05a : 00000000;
b05b : 00000000;
b05c : 00000000;
b05d : 00000000;
b05e : 00000000;
b05f : 00000000;
b060 : 00000000;
b061 : 00000000;
b062 : 00000000;
b063 : 00000000;
b064 : 00000000;
b065 : 00000000;
b066 : 00000000;
b067 : 00000000;
b068 : 00000000;
b069 : 00000000;
b06a : 00000000;
b06b : 00000000;
b06c : 00000000;
b06d : 00000000;
b06e : 00000000;
b06f : 00000000;
b070 : 00000000;
b071 : 00000000;
b072 : 00000000;
b073 : 00000000;
b074 : 00000000;
b075 : 00000000;
b076 : 00000000;
b077 : 00000000;
b078 : 00000000;
b079 : 00000000;
b07a : 00000000;
b07b : 00000000;
b07c : 00000000;
b07d : 00000000;
b07e : 00000000;
b07f : 00000000;
b080 : 00000000;
b081 : 00000000;
b082 : 00000000;
b083 : 00000000;
b084 : 00000000;
b085 : 00000000;
b086 : 00000000;
b087 : 00000000;
b088 : 00000000;
b089 : 00000000;
b08a : 00000000;
b08b : 00000000;
b08c : 00000000;
b08d : 00000000;
b08e : 00000000;
b08f : 00000000;
b090 : 00000000;
b091 : 00000000;
b092 : 00000000;
b093 : 00000000;
b094 : 00000000;
b095 : 00000000;
b096 : 00000000;
b097 : 00000000;
b098 : 00000000;
b099 : 00000000;
b09a : 00000000;
b09b : 00000000;
b09c : 00000000;
b09d : 00000000;
b09e : 00000000;
b09f : 00000000;
b0a0 : 00000000;
b0a1 : 00000000;
b0a2 : 00000000;
b0a3 : 00000000;
b0a4 : 00000000;
b0a5 : 00000000;
b0a6 : 00000000;
b0a7 : 00000000;
b0a8 : 00000000;
b0a9 : 00000000;
b0aa : 00000000;
b0ab : 00000000;
b0ac : 00000000;
b0ad : 00000000;
b0ae : 00000000;
b0af : 00000000;
b0b0 : 00000000;
b0b1 : 00000000;
b0b2 : 00000000;
b0b3 : 00000000;
b0b4 : 00000000;
b0b5 : 00000000;
b0b6 : 00000000;
b0b7 : 00000000;
b0b8 : 00000000;
b0b9 : 00000000;
b0ba : 00000000;
b0bb : 00000000;
b0bc : 00000000;
b0bd : 00000000;
b0be : 00000000;
b0bf : 00000000;
b0c0 : 00000000;
b0c1 : 00000000;
b0c2 : 00000000;
b0c3 : 00000000;
b0c4 : 00000000;
b0c5 : 00000000;
b0c6 : 00000000;
b0c7 : 00000000;
b0c8 : 00000000;
b0c9 : 00000000;
b0ca : 00000000;
b0cb : 00000000;
b0cc : 00000000;
b0cd : 00000000;
b0ce : 00000000;
b0cf : 00000000;
b0d0 : 00000000;
b0d1 : 00000000;
b0d2 : 00000000;
b0d3 : 00000000;
b0d4 : 00000000;
b0d5 : 00000000;
b0d6 : 00000000;
b0d7 : 00000000;
b0d8 : 00000000;
b0d9 : 00000000;
b0da : 00000000;
b0db : 00000000;
b0dc : 00000000;
b0dd : 00000000;
b0de : 00000000;
b0df : 00000000;
b0e0 : 00000000;
b0e1 : 00000000;
b0e2 : 00000000;
b0e3 : 00000000;
b0e4 : 00000000;
b0e5 : 00000000;
b0e6 : 00000000;
b0e7 : 00000000;
b0e8 : 00000000;
b0e9 : 00000000;
b0ea : 00000000;
b0eb : 00000000;
b0ec : 00000000;
b0ed : 00000000;
b0ee : 00000000;
b0ef : 00000000;
b0f0 : 00000000;
b0f1 : 00000000;
b0f2 : 00000000;
b0f3 : 00000000;
b0f4 : 00000000;
b0f5 : 00000000;
b0f6 : 00000000;
b0f7 : 00000000;
b0f8 : 00000000;
b0f9 : 00000000;
b0fa : 00000000;
b0fb : 00000000;
b0fc : 00000000;
b0fd : 00000000;
b0fe : 00000000;
b0ff : 00000000;
b100 : 00000000;
b101 : 00000000;
b102 : 00000000;
b103 : 00000000;
b104 : 00000000;
b105 : 00000000;
b106 : 00000000;
b107 : 00000000;
b108 : 00000000;
b109 : 00000000;
b10a : 00000000;
b10b : 00000000;
b10c : 00000000;
b10d : 00000000;
b10e : 00000000;
b10f : 00000000;
b110 : 00000000;
b111 : 00000000;
b112 : 00000000;
b113 : 00000000;
b114 : 00000000;
b115 : 00000000;
b116 : 00000000;
b117 : 00000000;
b118 : 00000000;
b119 : 00000000;
b11a : 00000000;
b11b : 00000000;
b11c : 00000000;
b11d : 00000000;
b11e : 00000000;
b11f : 00000000;
b120 : 00000000;
b121 : 00000000;
b122 : 00000000;
b123 : 00000000;
b124 : 00000000;
b125 : 00000000;
b126 : 00000000;
b127 : 00000000;
b128 : 00000000;
b129 : 00000000;
b12a : 00000000;
b12b : 00000000;
b12c : 00000000;
b12d : 00000000;
b12e : 00000000;
b12f : 00000000;
b130 : 00000000;
b131 : 00000000;
b132 : 00000000;
b133 : 00000000;
b134 : 00000000;
b135 : 00000000;
b136 : 00000000;
b137 : 00000000;
b138 : 00000000;
b139 : 00000000;
b13a : 00000000;
b13b : 00000000;
b13c : 00000000;
b13d : 00000000;
b13e : 00000000;
b13f : 00000000;
b140 : 00000000;
b141 : 00000000;
b142 : 00000000;
b143 : 00000000;
b144 : 00000000;
b145 : 00000000;
b146 : 00000000;
b147 : 00000000;
b148 : 00000000;
b149 : 00000000;
b14a : 00000000;
b14b : 00000000;
b14c : 00000000;
b14d : 00000000;
b14e : 00000000;
b14f : 00000000;
b150 : 00000000;
b151 : 00000000;
b152 : 00000000;
b153 : 00000000;
b154 : 00000000;
b155 : 00000000;
b156 : 00000000;
b157 : 00000000;
b158 : 00000000;
b159 : 00000000;
b15a : 00000000;
b15b : 00000000;
b15c : 00000000;
b15d : 00000000;
b15e : 00000000;
b15f : 00000000;
b160 : 00000000;
b161 : 00000000;
b162 : 00000000;
b163 : 00000000;
b164 : 00000000;
b165 : 00000000;
b166 : 00000000;
b167 : 00000000;
b168 : 00000000;
b169 : 00000000;
b16a : 00000000;
b16b : 00000000;
b16c : 00000000;
b16d : 00000000;
b16e : 00000000;
b16f : 00000000;
b170 : 00000000;
b171 : 00000000;
b172 : 00000000;
b173 : 00000000;
b174 : 00000000;
b175 : 00000000;
b176 : 00000000;
b177 : 00000000;
b178 : 00000000;
b179 : 00000000;
b17a : 00000000;
b17b : 00000000;
b17c : 00000000;
b17d : 00000000;
b17e : 00000000;
b17f : 00000000;
b180 : 00000000;
b181 : 00000000;
b182 : 00000000;
b183 : 00000000;
b184 : 00000000;
b185 : 00000000;
b186 : 00000000;
b187 : 00000000;
b188 : 00000000;
b189 : 00000000;
b18a : 00000000;
b18b : 00000000;
b18c : 00000000;
b18d : 00000000;
b18e : 00000000;
b18f : 00000000;
b190 : 00000000;
b191 : 00000000;
b192 : 00000000;
b193 : 00000000;
b194 : 00000000;
b195 : 00000000;
b196 : 00000000;
b197 : 00000000;
b198 : 00000000;
b199 : 00000000;
b19a : 00000000;
b19b : 00000000;
b19c : 00000000;
b19d : 00000000;
b19e : 00000000;
b19f : 00000000;
b1a0 : 00000000;
b1a1 : 00000000;
b1a2 : 00000000;
b1a3 : 00000000;
b1a4 : 00000000;
b1a5 : 00000000;
b1a6 : 00000000;
b1a7 : 00000000;
b1a8 : 00000000;
b1a9 : 00000000;
b1aa : 00000000;
b1ab : 00000000;
b1ac : 00000000;
b1ad : 00000000;
b1ae : 00000000;
b1af : 00000000;
b1b0 : 00000000;
b1b1 : 00000000;
b1b2 : 00000000;
b1b3 : 00000000;
b1b4 : 00000000;
b1b5 : 00000000;
b1b6 : 00000000;
b1b7 : 00000000;
b1b8 : 00000000;
b1b9 : 00000000;
b1ba : 00000000;
b1bb : 00000000;
b1bc : 00000000;
b1bd : 00000000;
b1be : 00000000;
b1bf : 00000000;
b1c0 : 00000000;
b1c1 : 00000000;
b1c2 : 00000000;
b1c3 : 00000000;
b1c4 : 00000000;
b1c5 : 00000000;
b1c6 : 00000000;
b1c7 : 00000000;
b1c8 : 00000000;
b1c9 : 00000000;
b1ca : 00000000;
b1cb : 00000000;
b1cc : 00000000;
b1cd : 00000000;
b1ce : 00000000;
b1cf : 00000000;
b1d0 : 00000000;
b1d1 : 00000000;
b1d2 : 00000000;
b1d3 : 00000000;
b1d4 : 00000000;
b1d5 : 00000000;
b1d6 : 00000000;
b1d7 : 00000000;
b1d8 : 00000000;
b1d9 : 00000000;
b1da : 00000000;
b1db : 00000000;
b1dc : 00000000;
b1dd : 00000000;
b1de : 00000000;
b1df : 00000000;
b1e0 : 00000000;
b1e1 : 00000000;
b1e2 : 00000000;
b1e3 : 00000000;
b1e4 : 00000000;
b1e5 : 00000000;
b1e6 : 00000000;
b1e7 : 00000000;
b1e8 : 00000000;
b1e9 : 00000000;
b1ea : 00000000;
b1eb : 00000000;
b1ec : 00000000;
b1ed : 00000000;
b1ee : 00000000;
b1ef : 00000000;
b1f0 : 00000000;
b1f1 : 00000000;
b1f2 : 00000000;
b1f3 : 00000000;
b1f4 : 00000000;
b1f5 : 00000000;
b1f6 : 00000000;
b1f7 : 00000000;
b1f8 : 00000000;
b1f9 : 00000000;
b1fa : 00000000;
b1fb : 00000000;
b1fc : 00000000;
b1fd : 00000000;
b1fe : 00000000;
b1ff : 00000000;
b200 : 00000000;
b201 : 00000000;
b202 : 00000000;
b203 : 00000000;
b204 : 00000000;
b205 : 00000000;
b206 : 00000000;
b207 : 00000000;
b208 : 00000000;
b209 : 00000000;
b20a : 00000000;
b20b : 00000000;
b20c : 00000000;
b20d : 00000000;
b20e : 00000000;
b20f : 00000000;
b210 : 00000000;
b211 : 00000000;
b212 : 00000000;
b213 : 00000000;
b214 : 00000000;
b215 : 00000000;
b216 : 00000000;
b217 : 00000000;
b218 : 00000000;
b219 : 00000000;
b21a : 00000000;
b21b : 00000000;
b21c : 00000000;
b21d : 00000000;
b21e : 00000000;
b21f : 00000000;
b220 : 00000000;
b221 : 00000000;
b222 : 00000000;
b223 : 00000000;
b224 : 00000000;
b225 : 00000000;
b226 : 00000000;
b227 : 00000000;
b228 : 00000000;
b229 : 00000000;
b22a : 00000000;
b22b : 00000000;
b22c : 00000000;
b22d : 00000000;
b22e : 00000000;
b22f : 00000000;
b230 : 00000000;
b231 : 00000000;
b232 : 00000000;
b233 : 00000000;
b234 : 00000000;
b235 : 00000000;
b236 : 00000000;
b237 : 00000000;
b238 : 00000000;
b239 : 00000000;
b23a : 00000000;
b23b : 00000000;
b23c : 00000000;
b23d : 00000000;
b23e : 00000000;
b23f : 00000000;
b240 : 00000000;
b241 : 00000000;
b242 : 00000000;
b243 : 00000000;
b244 : 00000000;
b245 : 00000000;
b246 : 00000000;
b247 : 00000000;
b248 : 00000000;
b249 : 00000000;
b24a : 00000000;
b24b : 00000000;
b24c : 00000000;
b24d : 00000000;
b24e : 00000000;
b24f : 00000000;
b250 : 00000000;
b251 : 00000000;
b252 : 00000000;
b253 : 00000000;
b254 : 00000000;
b255 : 00000000;
b256 : 00000000;
b257 : 00000000;
b258 : 00000000;
b259 : 00000000;
b25a : 00000000;
b25b : 00000000;
b25c : 00000000;
b25d : 00000000;
b25e : 00000000;
b25f : 00000000;
b260 : 00000000;
b261 : 00000000;
b262 : 00000000;
b263 : 00000000;
b264 : 00000000;
b265 : 00000000;
b266 : 00000000;
b267 : 00000000;
b268 : 00000000;
b269 : 00000000;
b26a : 00000000;
b26b : 00000000;
b26c : 00000000;
b26d : 00000000;
b26e : 00000000;
b26f : 00000000;
b270 : 00000000;
b271 : 00000000;
b272 : 00000000;
b273 : 00000000;
b274 : 00000000;
b275 : 00000000;
b276 : 00000000;
b277 : 00000000;
b278 : 00000000;
b279 : 00000000;
b27a : 00000000;
b27b : 00000000;
b27c : 00000000;
b27d : 00000000;
b27e : 00000000;
b27f : 00000000;
b280 : 00000000;
b281 : 00000000;
b282 : 00000000;
b283 : 00000000;
b284 : 00000000;
b285 : 00000000;
b286 : 00000000;
b287 : 00000000;
b288 : 00000000;
b289 : 00000000;
b28a : 00000000;
b28b : 00000000;
b28c : 00000000;
b28d : 00000000;
b28e : 00000000;
b28f : 00000000;
b290 : 00000000;
b291 : 00000000;
b292 : 00000000;
b293 : 00000000;
b294 : 00000000;
b295 : 00000000;
b296 : 00000000;
b297 : 00000000;
b298 : 00000000;
b299 : 00000000;
b29a : 00000000;
b29b : 00000000;
b29c : 00000000;
b29d : 00000000;
b29e : 00000000;
b29f : 00000000;
b2a0 : 00000000;
b2a1 : 00000000;
b2a2 : 00000000;
b2a3 : 00000000;
b2a4 : 00000000;
b2a5 : 00000000;
b2a6 : 00000000;
b2a7 : 00000000;
b2a8 : 00000000;
b2a9 : 00000000;
b2aa : 00000000;
b2ab : 00000000;
b2ac : 00000000;
b2ad : 00000000;
b2ae : 00000000;
b2af : 00000000;
b2b0 : 00000000;
b2b1 : 00000000;
b2b2 : 00000000;
b2b3 : 00000000;
b2b4 : 00000000;
b2b5 : 00000000;
b2b6 : 00000000;
b2b7 : 00000000;
b2b8 : 00000000;
b2b9 : 00000000;
b2ba : 00000000;
b2bb : 00000000;
b2bc : 00000000;
b2bd : 00000000;
b2be : 00000000;
b2bf : 00000000;
b2c0 : 00000000;
b2c1 : 00000000;
b2c2 : 00000000;
b2c3 : 00000000;
b2c4 : 00000000;
b2c5 : 00000000;
b2c6 : 00000000;
b2c7 : 00000000;
b2c8 : 00000000;
b2c9 : 00000000;
b2ca : 00000000;
b2cb : 00000000;
b2cc : 00000000;
b2cd : 00000000;
b2ce : 00000000;
b2cf : 00000000;
b2d0 : 00000000;
b2d1 : 00000000;
b2d2 : 00000000;
b2d3 : 00000000;
b2d4 : 00000000;
b2d5 : 00000000;
b2d6 : 00000000;
b2d7 : 00000000;
b2d8 : 00000000;
b2d9 : 00000000;
b2da : 00000000;
b2db : 00000000;
b2dc : 00000000;
b2dd : 00000000;
b2de : 00000000;
b2df : 00000000;
b2e0 : 00000000;
b2e1 : 00000000;
b2e2 : 00000000;
b2e3 : 00000000;
b2e4 : 00000000;
b2e5 : 00000000;
b2e6 : 00000000;
b2e7 : 00000000;
b2e8 : 00000000;
b2e9 : 00000000;
b2ea : 00000000;
b2eb : 00000000;
b2ec : 00000000;
b2ed : 00000000;
b2ee : 00000000;
b2ef : 00000000;
b2f0 : 00000000;
b2f1 : 00000000;
b2f2 : 00000000;
b2f3 : 00000000;
b2f4 : 00000000;
b2f5 : 00000000;
b2f6 : 00000000;
b2f7 : 00000000;
b2f8 : 00000000;
b2f9 : 00000000;
b2fa : 00000000;
b2fb : 00000000;
b2fc : 00000000;
b2fd : 00000000;
b2fe : 00000000;
b2ff : 00000000;
b300 : 00000000;
b301 : 00000000;
b302 : 00000000;
b303 : 00000000;
b304 : 00000000;
b305 : 00000000;
b306 : 00000000;
b307 : 00000000;
b308 : 00000000;
b309 : 00000000;
b30a : 00000000;
b30b : 00000000;
b30c : 00000000;
b30d : 00000000;
b30e : 00000000;
b30f : 00000000;
b310 : 00000000;
b311 : 00000000;
b312 : 00000000;
b313 : 00000000;
b314 : 00000000;
b315 : 00000000;
b316 : 00000000;
b317 : 00000000;
b318 : 00000000;
b319 : 00000000;
b31a : 00000000;
b31b : 00000000;
b31c : 00000000;
b31d : 00000000;
b31e : 00000000;
b31f : 00000000;
b320 : 00000000;
b321 : 00000000;
b322 : 00000000;
b323 : 00000000;
b324 : 00000000;
b325 : 00000000;
b326 : 00000000;
b327 : 00000000;
b328 : 00000000;
b329 : 00000000;
b32a : 00000000;
b32b : 00000000;
b32c : 00000000;
b32d : 00000000;
b32e : 00000000;
b32f : 00000000;
b330 : 00000000;
b331 : 00000000;
b332 : 00000000;
b333 : 00000000;
b334 : 00000000;
b335 : 00000000;
b336 : 00000000;
b337 : 00000000;
b338 : 00000000;
b339 : 00000000;
b33a : 00000000;
b33b : 00000000;
b33c : 00000000;
b33d : 00000000;
b33e : 00000000;
b33f : 00000000;
b340 : 00000000;
b341 : 00000000;
b342 : 00000000;
b343 : 00000000;
b344 : 00000000;
b345 : 00000000;
b346 : 00000000;
b347 : 00000000;
b348 : 00000000;
b349 : 00000000;
b34a : 00000000;
b34b : 00000000;
b34c : 00000000;
b34d : 00000000;
b34e : 00000000;
b34f : 00000000;
b350 : 00000000;
b351 : 00000000;
b352 : 00000000;
b353 : 00000000;
b354 : 00000000;
b355 : 00000000;
b356 : 00000000;
b357 : 00000000;
b358 : 00000000;
b359 : 00000000;
b35a : 00000000;
b35b : 00000000;
b35c : 00000000;
b35d : 00000000;
b35e : 00000000;
b35f : 00000000;
b360 : 00000000;
b361 : 00000000;
b362 : 00000000;
b363 : 00000000;
b364 : 00000000;
b365 : 00000000;
b366 : 00000000;
b367 : 00000000;
b368 : 00000000;
b369 : 00000000;
b36a : 00000000;
b36b : 00000000;
b36c : 00000000;
b36d : 00000000;
b36e : 00000000;
b36f : 00000000;
b370 : 00000000;
b371 : 00000000;
b372 : 00000000;
b373 : 00000000;
b374 : 00000000;
b375 : 00000000;
b376 : 00000000;
b377 : 00000000;
b378 : 00000000;
b379 : 00000000;
b37a : 00000000;
b37b : 00000000;
b37c : 00000000;
b37d : 00000000;
b37e : 00000000;
b37f : 00000000;
b380 : 00000000;
b381 : 00000000;
b382 : 00000000;
b383 : 00000000;
b384 : 00000000;
b385 : 00000000;
b386 : 00000000;
b387 : 00000000;
b388 : 00000000;
b389 : 00000000;
b38a : 00000000;
b38b : 00000000;
b38c : 00000000;
b38d : 00000000;
b38e : 00000000;
b38f : 00000000;
b390 : 00000000;
b391 : 00000000;
b392 : 00000000;
b393 : 00000000;
b394 : 00000000;
b395 : 00000000;
b396 : 00000000;
b397 : 00000000;
b398 : 00000000;
b399 : 00000000;
b39a : 00000000;
b39b : 00000000;
b39c : 00000000;
b39d : 00000000;
b39e : 00000000;
b39f : 00000000;
b3a0 : 00000000;
b3a1 : 00000000;
b3a2 : 00000000;
b3a3 : 00000000;
b3a4 : 00000000;
b3a5 : 00000000;
b3a6 : 00000000;
b3a7 : 00000000;
b3a8 : 00000000;
b3a9 : 00000000;
b3aa : 00000000;
b3ab : 00000000;
b3ac : 00000000;
b3ad : 00000000;
b3ae : 00000000;
b3af : 00000000;
b3b0 : 00000000;
b3b1 : 00000000;
b3b2 : 00000000;
b3b3 : 00000000;
b3b4 : 00000000;
b3b5 : 00000000;
b3b6 : 00000000;
b3b7 : 00000000;
b3b8 : 00000000;
b3b9 : 00000000;
b3ba : 00000000;
b3bb : 00000000;
b3bc : 00000000;
b3bd : 00000000;
b3be : 00000000;
b3bf : 00000000;
b3c0 : 00000000;
b3c1 : 00000000;
b3c2 : 00000000;
b3c3 : 00000000;
b3c4 : 00000000;
b3c5 : 00000000;
b3c6 : 00000000;
b3c7 : 00000000;
b3c8 : 00000000;
b3c9 : 00000000;
b3ca : 00000000;
b3cb : 00000000;
b3cc : 00000000;
b3cd : 00000000;
b3ce : 00000000;
b3cf : 00000000;
b3d0 : 00000000;
b3d1 : 00000000;
b3d2 : 00000000;
b3d3 : 00000000;
b3d4 : 00000000;
b3d5 : 00000000;
b3d6 : 00000000;
b3d7 : 00000000;
b3d8 : 00000000;
b3d9 : 00000000;
b3da : 00000000;
b3db : 00000000;
b3dc : 00000000;
b3dd : 00000000;
b3de : 00000000;
b3df : 00000000;
b3e0 : 00000000;
b3e1 : 00000000;
b3e2 : 00000000;
b3e3 : 00000000;
b3e4 : 00000000;
b3e5 : 00000000;
b3e6 : 00000000;
b3e7 : 00000000;
b3e8 : 00000000;
b3e9 : 00000000;
b3ea : 00000000;
b3eb : 00000000;
b3ec : 00000000;
b3ed : 00000000;
b3ee : 00000000;
b3ef : 00000000;
b3f0 : 00000000;
b3f1 : 00000000;
b3f2 : 00000000;
b3f3 : 00000000;
b3f4 : 00000000;
b3f5 : 00000000;
b3f6 : 00000000;
b3f7 : 00000000;
b3f8 : 00000000;
b3f9 : 00000000;
b3fa : 00000000;
b3fb : 00000000;
b3fc : 00000000;
b3fd : 00000000;
b3fe : 00000000;
b3ff : 00000000;
b400 : 00000000;
b401 : 00000000;
b402 : 00000000;
b403 : 00000000;
b404 : 00000000;
b405 : 00000000;
b406 : 00000000;
b407 : 00000000;
b408 : 00000000;
b409 : 00000000;
b40a : 00000000;
b40b : 00000000;
b40c : 00000000;
b40d : 00000000;
b40e : 00000000;
b40f : 00000000;
b410 : 00000000;
b411 : 00000000;
b412 : 00000000;
b413 : 00000000;
b414 : 00000000;
b415 : 00000000;
b416 : 00000000;
b417 : 00000000;
b418 : 00000000;
b419 : 00000000;
b41a : 00000000;
b41b : 00000000;
b41c : 00000000;
b41d : 00000000;
b41e : 00000000;
b41f : 00000000;
b420 : 00000000;
b421 : 00000000;
b422 : 00000000;
b423 : 00000000;
b424 : 00000000;
b425 : 00000000;
b426 : 00000000;
b427 : 00000000;
b428 : 00000000;
b429 : 00000000;
b42a : 00000000;
b42b : 00000000;
b42c : 00000000;
b42d : 00000000;
b42e : 00000000;
b42f : 00000000;
b430 : 00000000;
b431 : 00000000;
b432 : 00000000;
b433 : 00000000;
b434 : 00000000;
b435 : 00000000;
b436 : 00000000;
b437 : 00000000;
b438 : 00000000;
b439 : 00000000;
b43a : 00000000;
b43b : 00000000;
b43c : 00000000;
b43d : 00000000;
b43e : 00000000;
b43f : 00000000;
b440 : 00000000;
b441 : 00000000;
b442 : 00000000;
b443 : 00000000;
b444 : 00000000;
b445 : 00000000;
b446 : 00000000;
b447 : 00000000;
b448 : 00000000;
b449 : 00000000;
b44a : 00000000;
b44b : 00000000;
b44c : 00000000;
b44d : 00000000;
b44e : 00000000;
b44f : 00000000;
b450 : 00000000;
b451 : 00000000;
b452 : 00000000;
b453 : 00000000;
b454 : 00000000;
b455 : 00000000;
b456 : 00000000;
b457 : 00000000;
b458 : 00000000;
b459 : 00000000;
b45a : 00000000;
b45b : 00000000;
b45c : 00000000;
b45d : 00000000;
b45e : 00000000;
b45f : 00000000;
b460 : 00000000;
b461 : 00000000;
b462 : 00000000;
b463 : 00000000;
b464 : 00000000;
b465 : 00000000;
b466 : 00000000;
b467 : 00000000;
b468 : 00000000;
b469 : 00000000;
b46a : 00000000;
b46b : 00000000;
b46c : 00000000;
b46d : 00000000;
b46e : 00000000;
b46f : 00000000;
b470 : 00000000;
b471 : 00000000;
b472 : 00000000;
b473 : 00000000;
b474 : 00000000;
b475 : 00000000;
b476 : 00000000;
b477 : 00000000;
b478 : 00000000;
b479 : 00000000;
b47a : 00000000;
b47b : 00000000;
b47c : 00000000;
b47d : 00000000;
b47e : 00000000;
b47f : 00000000;
b480 : 00000000;
b481 : 00000000;
b482 : 00000000;
b483 : 00000000;
b484 : 00000000;
b485 : 00000000;
b486 : 00000000;
b487 : 00000000;
b488 : 00000000;
b489 : 00000000;
b48a : 00000000;
b48b : 00000000;
b48c : 00000000;
b48d : 00000000;
b48e : 00000000;
b48f : 00000000;
b490 : 00000000;
b491 : 00000000;
b492 : 00000000;
b493 : 00000000;
b494 : 00000000;
b495 : 00000000;
b496 : 00000000;
b497 : 00000000;
b498 : 00000000;
b499 : 00000000;
b49a : 00000000;
b49b : 00000000;
b49c : 00000000;
b49d : 00000000;
b49e : 00000000;
b49f : 00000000;
b4a0 : 00000000;
b4a1 : 00000000;
b4a2 : 00000000;
b4a3 : 00000000;
b4a4 : 00000000;
b4a5 : 00000000;
b4a6 : 00000000;
b4a7 : 00000000;
b4a8 : 00000000;
b4a9 : 00000000;
b4aa : 00000000;
b4ab : 00000000;
b4ac : 00000000;
b4ad : 00000000;
b4ae : 00000000;
b4af : 00000000;
b4b0 : 00000000;
b4b1 : 00000000;
b4b2 : 00000000;
b4b3 : 00000000;
b4b4 : 00000000;
b4b5 : 00000000;
b4b6 : 00000000;
b4b7 : 00000000;
b4b8 : 00000000;
b4b9 : 00000000;
b4ba : 00000000;
b4bb : 00000000;
b4bc : 00000000;
b4bd : 00000000;
b4be : 00000000;
b4bf : 00000000;
b4c0 : 00000000;
b4c1 : 00000000;
b4c2 : 00000000;
b4c3 : 00000000;
b4c4 : 00000000;
b4c5 : 00000000;
b4c6 : 00000000;
b4c7 : 00000000;
b4c8 : 00000000;
b4c9 : 00000000;
b4ca : 00000000;
b4cb : 00000000;
b4cc : 00000000;
b4cd : 00000000;
b4ce : 00000000;
b4cf : 00000000;
b4d0 : 00000000;
b4d1 : 00000000;
b4d2 : 00000000;
b4d3 : 00000000;
b4d4 : 00000000;
b4d5 : 00000000;
b4d6 : 00000000;
b4d7 : 00000000;
b4d8 : 00000000;
b4d9 : 00000000;
b4da : 00000000;
b4db : 00000000;
b4dc : 00000000;
b4dd : 00000000;
b4de : 00000000;
b4df : 00000000;
b4e0 : 00000000;
b4e1 : 00000000;
b4e2 : 00000000;
b4e3 : 00000000;
b4e4 : 00000000;
b4e5 : 00000000;
b4e6 : 00000000;
b4e7 : 00000000;
b4e8 : 00000000;
b4e9 : 00000000;
b4ea : 00000000;
b4eb : 00000000;
b4ec : 00000000;
b4ed : 00000000;
b4ee : 00000000;
b4ef : 00000000;
b4f0 : 00000000;
b4f1 : 00000000;
b4f2 : 00000000;
b4f3 : 00000000;
b4f4 : 00000000;
b4f5 : 00000000;
b4f6 : 00000000;
b4f7 : 00000000;
b4f8 : 00000000;
b4f9 : 00000000;
b4fa : 00000000;
b4fb : 00000000;
b4fc : 00000000;
b4fd : 00000000;
b4fe : 00000000;
b4ff : 00000000;
b500 : 00000000;
b501 : 00000000;
b502 : 00000000;
b503 : 00000000;
b504 : 00000000;
b505 : 00000000;
b506 : 00000000;
b507 : 00000000;
b508 : 00000000;
b509 : 00000000;
b50a : 00000000;
b50b : 00000000;
b50c : 00000000;
b50d : 00000000;
b50e : 00000000;
b50f : 00000000;
b510 : 00000000;
b511 : 00000000;
b512 : 00000000;
b513 : 00000000;
b514 : 00000000;
b515 : 00000000;
b516 : 00000000;
b517 : 00000000;
b518 : 00000000;
b519 : 00000000;
b51a : 00000000;
b51b : 00000000;
b51c : 00000000;
b51d : 00000000;
b51e : 00000000;
b51f : 00000000;
b520 : 00000000;
b521 : 00000000;
b522 : 00000000;
b523 : 00000000;
b524 : 00000000;
b525 : 00000000;
b526 : 00000000;
b527 : 00000000;
b528 : 00000000;
b529 : 00000000;
b52a : 00000000;
b52b : 00000000;
b52c : 00000000;
b52d : 00000000;
b52e : 00000000;
b52f : 00000000;
b530 : 00000000;
b531 : 00000000;
b532 : 00000000;
b533 : 00000000;
b534 : 00000000;
b535 : 00000000;
b536 : 00000000;
b537 : 00000000;
b538 : 00000000;
b539 : 00000000;
b53a : 00000000;
b53b : 00000000;
b53c : 00000000;
b53d : 00000000;
b53e : 00000000;
b53f : 00000000;
b540 : 00000000;
b541 : 00000000;
b542 : 00000000;
b543 : 00000000;
b544 : 00000000;
b545 : 00000000;
b546 : 00000000;
b547 : 00000000;
b548 : 00000000;
b549 : 00000000;
b54a : 00000000;
b54b : 00000000;
b54c : 00000000;
b54d : 00000000;
b54e : 00000000;
b54f : 00000000;
b550 : 00000000;
b551 : 00000000;
b552 : 00000000;
b553 : 00000000;
b554 : 00000000;
b555 : 00000000;
b556 : 00000000;
b557 : 00000000;
b558 : 00000000;
b559 : 00000000;
b55a : 00000000;
b55b : 00000000;
b55c : 00000000;
b55d : 00000000;
b55e : 00000000;
b55f : 00000000;
b560 : 00000000;
b561 : 00000000;
b562 : 00000000;
b563 : 00000000;
b564 : 00000000;
b565 : 00000000;
b566 : 00000000;
b567 : 00000000;
b568 : 00000000;
b569 : 00000000;
b56a : 00000000;
b56b : 00000000;
b56c : 00000000;
b56d : 00000000;
b56e : 00000000;
b56f : 00000000;
b570 : 00000000;
b571 : 00000000;
b572 : 00000000;
b573 : 00000000;
b574 : 00000000;
b575 : 00000000;
b576 : 00000000;
b577 : 00000000;
b578 : 00000000;
b579 : 00000000;
b57a : 00000000;
b57b : 00000000;
b57c : 00000000;
b57d : 00000000;
b57e : 00000000;
b57f : 00000000;
b580 : 00000000;
b581 : 00000000;
b582 : 00000000;
b583 : 00000000;
b584 : 00000000;
b585 : 00000000;
b586 : 00000000;
b587 : 00000000;
b588 : 00000000;
b589 : 00000000;
b58a : 00000000;
b58b : 00000000;
b58c : 00000000;
b58d : 00000000;
b58e : 00000000;
b58f : 00000000;
b590 : 00000000;
b591 : 00000000;
b592 : 00000000;
b593 : 00000000;
b594 : 00000000;
b595 : 00000000;
b596 : 00000000;
b597 : 00000000;
b598 : 00000000;
b599 : 00000000;
b59a : 00000000;
b59b : 00000000;
b59c : 00000000;
b59d : 00000000;
b59e : 00000000;
b59f : 00000000;
b5a0 : 00000000;
b5a1 : 00000000;
b5a2 : 00000000;
b5a3 : 00000000;
b5a4 : 00000000;
b5a5 : 00000000;
b5a6 : 00000000;
b5a7 : 00000000;
b5a8 : 00000000;
b5a9 : 00000000;
b5aa : 00000000;
b5ab : 00000000;
b5ac : 00000000;
b5ad : 00000000;
b5ae : 00000000;
b5af : 00000000;
b5b0 : 00000000;
b5b1 : 00000000;
b5b2 : 00000000;
b5b3 : 00000000;
b5b4 : 00000000;
b5b5 : 00000000;
b5b6 : 00000000;
b5b7 : 00000000;
b5b8 : 00000000;
b5b9 : 00000000;
b5ba : 00000000;
b5bb : 00000000;
b5bc : 00000000;
b5bd : 00000000;
b5be : 00000000;
b5bf : 00000000;
b5c0 : 00000000;
b5c1 : 00000000;
b5c2 : 00000000;
b5c3 : 00000000;
b5c4 : 00000000;
b5c5 : 00000000;
b5c6 : 00000000;
b5c7 : 00000000;
b5c8 : 00000000;
b5c9 : 00000000;
b5ca : 00000000;
b5cb : 00000000;
b5cc : 00000000;
b5cd : 00000000;
b5ce : 00000000;
b5cf : 00000000;
b5d0 : 00000000;
b5d1 : 00000000;
b5d2 : 00000000;
b5d3 : 00000000;
b5d4 : 00000000;
b5d5 : 00000000;
b5d6 : 00000000;
b5d7 : 00000000;
b5d8 : 00000000;
b5d9 : 00000000;
b5da : 00000000;
b5db : 00000000;
b5dc : 00000000;
b5dd : 00000000;
b5de : 00000000;
b5df : 00000000;
b5e0 : 00000000;
b5e1 : 00000000;
b5e2 : 00000000;
b5e3 : 00000000;
b5e4 : 00000000;
b5e5 : 00000000;
b5e6 : 00000000;
b5e7 : 00000000;
b5e8 : 00000000;
b5e9 : 00000000;
b5ea : 00000000;
b5eb : 00000000;
b5ec : 00000000;
b5ed : 00000000;
b5ee : 00000000;
b5ef : 00000000;
b5f0 : 00000000;
b5f1 : 00000000;
b5f2 : 00000000;
b5f3 : 00000000;
b5f4 : 00000000;
b5f5 : 00000000;
b5f6 : 00000000;
b5f7 : 00000000;
b5f8 : 00000000;
b5f9 : 00000000;
b5fa : 00000000;
b5fb : 00000000;
b5fc : 00000000;
b5fd : 00000000;
b5fe : 00000000;
b5ff : 00000000;
b600 : 00000000;
b601 : 00000000;
b602 : 00000000;
b603 : 00000000;
b604 : 00000000;
b605 : 00000000;
b606 : 00000000;
b607 : 00000000;
b608 : 00000000;
b609 : 00000000;
b60a : 00000000;
b60b : 00000000;
b60c : 00000000;
b60d : 00000000;
b60e : 00000000;
b60f : 00000000;
b610 : 00000000;
b611 : 00000000;
b612 : 00000000;
b613 : 00000000;
b614 : 00000000;
b615 : 00000000;
b616 : 00000000;
b617 : 00000000;
b618 : 00000000;
b619 : 00000000;
b61a : 00000000;
b61b : 00000000;
b61c : 00000000;
b61d : 00000000;
b61e : 00000000;
b61f : 00000000;
b620 : 00000000;
b621 : 00000000;
b622 : 00000000;
b623 : 00000000;
b624 : 00000000;
b625 : 00000000;
b626 : 00000000;
b627 : 00000000;
b628 : 00000000;
b629 : 00000000;
b62a : 00000000;
b62b : 00000000;
b62c : 00000000;
b62d : 00000000;
b62e : 00000000;
b62f : 00000000;
b630 : 00000000;
b631 : 00000000;
b632 : 00000000;
b633 : 00000000;
b634 : 00000000;
b635 : 00000000;
b636 : 00000000;
b637 : 00000000;
b638 : 00000000;
b639 : 00000000;
b63a : 00000000;
b63b : 00000000;
b63c : 00000000;
b63d : 00000000;
b63e : 00000000;
b63f : 00000000;
b640 : 00000000;
b641 : 00000000;
b642 : 00000000;
b643 : 00000000;
b644 : 00000000;
b645 : 00000000;
b646 : 00000000;
b647 : 00000000;
b648 : 00000000;
b649 : 00000000;
b64a : 00000000;
b64b : 00000000;
b64c : 00000000;
b64d : 00000000;
b64e : 00000000;
b64f : 00000000;
b650 : 00000000;
b651 : 00000000;
b652 : 00000000;
b653 : 00000000;
b654 : 00000000;
b655 : 00000000;
b656 : 00000000;
b657 : 00000000;
b658 : 00000000;
b659 : 00000000;
b65a : 00000000;
b65b : 00000000;
b65c : 00000000;
b65d : 00000000;
b65e : 00000000;
b65f : 00000000;
b660 : 00000000;
b661 : 00000000;
b662 : 00000000;
b663 : 00000000;
b664 : 00000000;
b665 : 00000000;
b666 : 00000000;
b667 : 00000000;
b668 : 00000000;
b669 : 00000000;
b66a : 00000000;
b66b : 00000000;
b66c : 00000000;
b66d : 00000000;
b66e : 00000000;
b66f : 00000000;
b670 : 00000000;
b671 : 00000000;
b672 : 00000000;
b673 : 00000000;
b674 : 00000000;
b675 : 00000000;
b676 : 00000000;
b677 : 00000000;
b678 : 00000000;
b679 : 00000000;
b67a : 00000000;
b67b : 00000000;
b67c : 00000000;
b67d : 00000000;
b67e : 00000000;
b67f : 00000000;
b680 : 00000000;
b681 : 00000000;
b682 : 00000000;
b683 : 00000000;
b684 : 00000000;
b685 : 00000000;
b686 : 00000000;
b687 : 00000000;
b688 : 00000000;
b689 : 00000000;
b68a : 00000000;
b68b : 00000000;
b68c : 00000000;
b68d : 00000000;
b68e : 00000000;
b68f : 00000000;
b690 : 00000000;
b691 : 00000000;
b692 : 00000000;
b693 : 00000000;
b694 : 00000000;
b695 : 00000000;
b696 : 00000000;
b697 : 00000000;
b698 : 00000000;
b699 : 00000000;
b69a : 00000000;
b69b : 00000000;
b69c : 00000000;
b69d : 00000000;
b69e : 00000000;
b69f : 00000000;
b6a0 : 00000000;
b6a1 : 00000000;
b6a2 : 00000000;
b6a3 : 00000000;
b6a4 : 00000000;
b6a5 : 00000000;
b6a6 : 00000000;
b6a7 : 00000000;
b6a8 : 00000000;
b6a9 : 00000000;
b6aa : 00000000;
b6ab : 00000000;
b6ac : 00000000;
b6ad : 00000000;
b6ae : 00000000;
b6af : 00000000;
b6b0 : 00000000;
b6b1 : 00000000;
b6b2 : 00000000;
b6b3 : 00000000;
b6b4 : 00000000;
b6b5 : 00000000;
b6b6 : 00000000;
b6b7 : 00000000;
b6b8 : 00000000;
b6b9 : 00000000;
b6ba : 00000000;
b6bb : 00000000;
b6bc : 00000000;
b6bd : 00000000;
b6be : 00000000;
b6bf : 00000000;
b6c0 : 00000000;
b6c1 : 00000000;
b6c2 : 00000000;
b6c3 : 00000000;
b6c4 : 00000000;
b6c5 : 00000000;
b6c6 : 00000000;
b6c7 : 00000000;
b6c8 : 00000000;
b6c9 : 00000000;
b6ca : 00000000;
b6cb : 00000000;
b6cc : 00000000;
b6cd : 00000000;
b6ce : 00000000;
b6cf : 00000000;
b6d0 : 00000000;
b6d1 : 00000000;
b6d2 : 00000000;
b6d3 : 00000000;
b6d4 : 00000000;
b6d5 : 00000000;
b6d6 : 00000000;
b6d7 : 00000000;
b6d8 : 00000000;
b6d9 : 00000000;
b6da : 00000000;
b6db : 00000000;
b6dc : 00000000;
b6dd : 00000000;
b6de : 00000000;
b6df : 00000000;
b6e0 : 00000000;
b6e1 : 00000000;
b6e2 : 00000000;
b6e3 : 00000000;
b6e4 : 00000000;
b6e5 : 00000000;
b6e6 : 00000000;
b6e7 : 00000000;
b6e8 : 00000000;
b6e9 : 00000000;
b6ea : 00000000;
b6eb : 00000000;
b6ec : 00000000;
b6ed : 00000000;
b6ee : 00000000;
b6ef : 00000000;
b6f0 : 00000000;
b6f1 : 00000000;
b6f2 : 00000000;
b6f3 : 00000000;
b6f4 : 00000000;
b6f5 : 00000000;
b6f6 : 00000000;
b6f7 : 00000000;
b6f8 : 00000000;
b6f9 : 00000000;
b6fa : 00000000;
b6fb : 00000000;
b6fc : 00000000;
b6fd : 00000000;
b6fe : 00000000;
b6ff : 00000000;
b700 : 00000000;
b701 : 00000000;
b702 : 00000000;
b703 : 00000000;
b704 : 00000000;
b705 : 00000000;
b706 : 00000000;
b707 : 00000000;
b708 : 00000000;
b709 : 00000000;
b70a : 00000000;
b70b : 00000000;
b70c : 00000000;
b70d : 00000000;
b70e : 00000000;
b70f : 00000000;
b710 : 00000000;
b711 : 00000000;
b712 : 00000000;
b713 : 00000000;
b714 : 00000000;
b715 : 00000000;
b716 : 00000000;
b717 : 00000000;
b718 : 00000000;
b719 : 00000000;
b71a : 00000000;
b71b : 00000000;
b71c : 00000000;
b71d : 00000000;
b71e : 00000000;
b71f : 00000000;
b720 : 00000000;
b721 : 00000000;
b722 : 00000000;
b723 : 00000000;
b724 : 00000000;
b725 : 00000000;
b726 : 00000000;
b727 : 00000000;
b728 : 00000000;
b729 : 00000000;
b72a : 00000000;
b72b : 00000000;
b72c : 00000000;
b72d : 00000000;
b72e : 00000000;
b72f : 00000000;
b730 : 00000000;
b731 : 00000000;
b732 : 00000000;
b733 : 00000000;
b734 : 00000000;
b735 : 00000000;
b736 : 00000000;
b737 : 00000000;
b738 : 00000000;
b739 : 00000000;
b73a : 00000000;
b73b : 00000000;
b73c : 00000000;
b73d : 00000000;
b73e : 00000000;
b73f : 00000000;
b740 : 00000000;
b741 : 00000000;
b742 : 00000000;
b743 : 00000000;
b744 : 00000000;
b745 : 00000000;
b746 : 00000000;
b747 : 00000000;
b748 : 00000000;
b749 : 00000000;
b74a : 00000000;
b74b : 00000000;
b74c : 00000000;
b74d : 00000000;
b74e : 00000000;
b74f : 00000000;
b750 : 00000000;
b751 : 00000000;
b752 : 00000000;
b753 : 00000000;
b754 : 00000000;
b755 : 00000000;
b756 : 00000000;
b757 : 00000000;
b758 : 00000000;
b759 : 00000000;
b75a : 00000000;
b75b : 00000000;
b75c : 00000000;
b75d : 00000000;
b75e : 00000000;
b75f : 00000000;
b760 : 00000000;
b761 : 00000000;
b762 : 00000000;
b763 : 00000000;
b764 : 00000000;
b765 : 00000000;
b766 : 00000000;
b767 : 00000000;
b768 : 00000000;
b769 : 00000000;
b76a : 00000000;
b76b : 00000000;
b76c : 00000000;
b76d : 00000000;
b76e : 00000000;
b76f : 00000000;
b770 : 00000000;
b771 : 00000000;
b772 : 00000000;
b773 : 00000000;
b774 : 00000000;
b775 : 00000000;
b776 : 00000000;
b777 : 00000000;
b778 : 00000000;
b779 : 00000000;
b77a : 00000000;
b77b : 00000000;
b77c : 00000000;
b77d : 00000000;
b77e : 00000000;
b77f : 00000000;
b780 : 00000000;
b781 : 00000000;
b782 : 00000000;
b783 : 00000000;
b784 : 00000000;
b785 : 00000000;
b786 : 00000000;
b787 : 00000000;
b788 : 00000000;
b789 : 00000000;
b78a : 00000000;
b78b : 00000000;
b78c : 00000000;
b78d : 00000000;
b78e : 00000000;
b78f : 00000000;
b790 : 00000000;
b791 : 00000000;
b792 : 00000000;
b793 : 00000000;
b794 : 00000000;
b795 : 00000000;
b796 : 00000000;
b797 : 00000000;
b798 : 00000000;
b799 : 00000000;
b79a : 00000000;
b79b : 00000000;
b79c : 00000000;
b79d : 00000000;
b79e : 00000000;
b79f : 00000000;
b7a0 : 00000000;
b7a1 : 00000000;
b7a2 : 00000000;
b7a3 : 00000000;
b7a4 : 00000000;
b7a5 : 00000000;
b7a6 : 00000000;
b7a7 : 00000000;
b7a8 : 00000000;
b7a9 : 00000000;
b7aa : 00000000;
b7ab : 00000000;
b7ac : 00000000;
b7ad : 00000000;
b7ae : 00000000;
b7af : 00000000;
b7b0 : 00000000;
b7b1 : 00000000;
b7b2 : 00000000;
b7b3 : 00000000;
b7b4 : 00000000;
b7b5 : 00000000;
b7b6 : 00000000;
b7b7 : 00000000;
b7b8 : 00000000;
b7b9 : 00000000;
b7ba : 00000000;
b7bb : 00000000;
b7bc : 00000000;
b7bd : 00000000;
b7be : 00000000;
b7bf : 00000000;
b7c0 : 00000000;
b7c1 : 00000000;
b7c2 : 00000000;
b7c3 : 00000000;
b7c4 : 00000000;
b7c5 : 00000000;
b7c6 : 00000000;
b7c7 : 00000000;
b7c8 : 00000000;
b7c9 : 00000000;
b7ca : 00000000;
b7cb : 00000000;
b7cc : 00000000;
b7cd : 00000000;
b7ce : 00000000;
b7cf : 00000000;
b7d0 : 00000000;
b7d1 : 00000000;
b7d2 : 00000000;
b7d3 : 00000000;
b7d4 : 00000000;
b7d5 : 00000000;
b7d6 : 00000000;
b7d7 : 00000000;
b7d8 : 00000000;
b7d9 : 00000000;
b7da : 00000000;
b7db : 00000000;
b7dc : 00000000;
b7dd : 00000000;
b7de : 00000000;
b7df : 00000000;
b7e0 : 00000000;
b7e1 : 00000000;
b7e2 : 00000000;
b7e3 : 00000000;
b7e4 : 00000000;
b7e5 : 00000000;
b7e6 : 00000000;
b7e7 : 00000000;
b7e8 : 00000000;
b7e9 : 00000000;
b7ea : 00000000;
b7eb : 00000000;
b7ec : 00000000;
b7ed : 00000000;
b7ee : 00000000;
b7ef : 00000000;
b7f0 : 00000000;
b7f1 : 00000000;
b7f2 : 00000000;
b7f3 : 00000000;
b7f4 : 00000000;
b7f5 : 00000000;
b7f6 : 00000000;
b7f7 : 00000000;
b7f8 : 00000000;
b7f9 : 00000000;
b7fa : 00000000;
b7fb : 00000000;
b7fc : 00000000;
b7fd : 00000000;
b7fe : 00000000;
b7ff : 00000000;
b800 : 00000000;
b801 : 00000000;
b802 : 00000000;
b803 : 00000000;
b804 : 00000000;
b805 : 00000000;
b806 : 00000000;
b807 : 00000000;
b808 : 00000000;
b809 : 00000000;
b80a : 00000000;
b80b : 00000000;
b80c : 00000000;
b80d : 00000000;
b80e : 00000000;
b80f : 00000000;
b810 : 00000000;
b811 : 00000000;
b812 : 00000000;
b813 : 00000000;
b814 : 00000000;
b815 : 00000000;
b816 : 00000000;
b817 : 00000000;
b818 : 00000000;
b819 : 00000000;
b81a : 00000000;
b81b : 00000000;
b81c : 00000000;
b81d : 00000000;
b81e : 00000000;
b81f : 00000000;
b820 : 00000000;
b821 : 00000000;
b822 : 00000000;
b823 : 00000000;
b824 : 00000000;
b825 : 00000000;
b826 : 00000000;
b827 : 00000000;
b828 : 00000000;
b829 : 00000000;
b82a : 00000000;
b82b : 00000000;
b82c : 00000000;
b82d : 00000000;
b82e : 00000000;
b82f : 00000000;
b830 : 00000000;
b831 : 00000000;
b832 : 00000000;
b833 : 00000000;
b834 : 00000000;
b835 : 00000000;
b836 : 00000000;
b837 : 00000000;
b838 : 00000000;
b839 : 00000000;
b83a : 00000000;
b83b : 00000000;
b83c : 00000000;
b83d : 00000000;
b83e : 00000000;
b83f : 00000000;
b840 : 00000000;
b841 : 00000000;
b842 : 00000000;
b843 : 00000000;
b844 : 00000000;
b845 : 00000000;
b846 : 00000000;
b847 : 00000000;
b848 : 00000000;
b849 : 00000000;
b84a : 00000000;
b84b : 00000000;
b84c : 00000000;
b84d : 00000000;
b84e : 00000000;
b84f : 00000000;
b850 : 00000000;
b851 : 00000000;
b852 : 00000000;
b853 : 00000000;
b854 : 00000000;
b855 : 00000000;
b856 : 00000000;
b857 : 00000000;
b858 : 00000000;
b859 : 00000000;
b85a : 00000000;
b85b : 00000000;
b85c : 00000000;
b85d : 00000000;
b85e : 00000000;
b85f : 00000000;
b860 : 00000000;
b861 : 00000000;
b862 : 00000000;
b863 : 00000000;
b864 : 00000000;
b865 : 00000000;
b866 : 00000000;
b867 : 00000000;
b868 : 00000000;
b869 : 00000000;
b86a : 00000000;
b86b : 00000000;
b86c : 00000000;
b86d : 00000000;
b86e : 00000000;
b86f : 00000000;
b870 : 00000000;
b871 : 00000000;
b872 : 00000000;
b873 : 00000000;
b874 : 00000000;
b875 : 00000000;
b876 : 00000000;
b877 : 00000000;
b878 : 00000000;
b879 : 00000000;
b87a : 00000000;
b87b : 00000000;
b87c : 00000000;
b87d : 00000000;
b87e : 00000000;
b87f : 00000000;
b880 : 00000000;
b881 : 00000000;
b882 : 00000000;
b883 : 00000000;
b884 : 00000000;
b885 : 00000000;
b886 : 00000000;
b887 : 00000000;
b888 : 00000000;
b889 : 00000000;
b88a : 00000000;
b88b : 00000000;
b88c : 00000000;
b88d : 00000000;
b88e : 00000000;
b88f : 00000000;
b890 : 00000000;
b891 : 00000000;
b892 : 00000000;
b893 : 00000000;
b894 : 00000000;
b895 : 00000000;
b896 : 00000000;
b897 : 00000000;
b898 : 00000000;
b899 : 00000000;
b89a : 00000000;
b89b : 00000000;
b89c : 00000000;
b89d : 00000000;
b89e : 00000000;
b89f : 00000000;
b8a0 : 00000000;
b8a1 : 00000000;
b8a2 : 00000000;
b8a3 : 00000000;
b8a4 : 00000000;
b8a5 : 00000000;
b8a6 : 00000000;
b8a7 : 00000000;
b8a8 : 00000000;
b8a9 : 00000000;
b8aa : 00000000;
b8ab : 00000000;
b8ac : 00000000;
b8ad : 00000000;
b8ae : 00000000;
b8af : 00000000;
b8b0 : 00000000;
b8b1 : 00000000;
b8b2 : 00000000;
b8b3 : 00000000;
b8b4 : 00000000;
b8b5 : 00000000;
b8b6 : 00000000;
b8b7 : 00000000;
b8b8 : 00000000;
b8b9 : 00000000;
b8ba : 00000000;
b8bb : 00000000;
b8bc : 00000000;
b8bd : 00000000;
b8be : 00000000;
b8bf : 00000000;
b8c0 : 00000000;
b8c1 : 00000000;
b8c2 : 00000000;
b8c3 : 00000000;
b8c4 : 00000000;
b8c5 : 00000000;
b8c6 : 00000000;
b8c7 : 00000000;
b8c8 : 00000000;
b8c9 : 00000000;
b8ca : 00000000;
b8cb : 00000000;
b8cc : 00000000;
b8cd : 00000000;
b8ce : 00000000;
b8cf : 00000000;
b8d0 : 00000000;
b8d1 : 00000000;
b8d2 : 00000000;
b8d3 : 00000000;
b8d4 : 00000000;
b8d5 : 00000000;
b8d6 : 00000000;
b8d7 : 00000000;
b8d8 : 00000000;
b8d9 : 00000000;
b8da : 00000000;
b8db : 00000000;
b8dc : 00000000;
b8dd : 00000000;
b8de : 00000000;
b8df : 00000000;
b8e0 : 00000000;
b8e1 : 00000000;
b8e2 : 00000000;
b8e3 : 00000000;
b8e4 : 00000000;
b8e5 : 00000000;
b8e6 : 00000000;
b8e7 : 00000000;
b8e8 : 00000000;
b8e9 : 00000000;
b8ea : 00000000;
b8eb : 00000000;
b8ec : 00000000;
b8ed : 00000000;
b8ee : 00000000;
b8ef : 00000000;
b8f0 : 00000000;
b8f1 : 00000000;
b8f2 : 00000000;
b8f3 : 00000000;
b8f4 : 00000000;
b8f5 : 00000000;
b8f6 : 00000000;
b8f7 : 00000000;
b8f8 : 00000000;
b8f9 : 00000000;
b8fa : 00000000;
b8fb : 00000000;
b8fc : 00000000;
b8fd : 00000000;
b8fe : 00000000;
b8ff : 00000000;
b900 : 00000000;
b901 : 00000000;
b902 : 00000000;
b903 : 00000000;
b904 : 00000000;
b905 : 00000000;
b906 : 00000000;
b907 : 00000000;
b908 : 00000000;
b909 : 00000000;
b90a : 00000000;
b90b : 00000000;
b90c : 00000000;
b90d : 00000000;
b90e : 00000000;
b90f : 00000000;
b910 : 00000000;
b911 : 00000000;
b912 : 00000000;
b913 : 00000000;
b914 : 00000000;
b915 : 00000000;
b916 : 00000000;
b917 : 00000000;
b918 : 00000000;
b919 : 00000000;
b91a : 00000000;
b91b : 00000000;
b91c : 00000000;
b91d : 00000000;
b91e : 00000000;
b91f : 00000000;
b920 : 00000000;
b921 : 00000000;
b922 : 00000000;
b923 : 00000000;
b924 : 00000000;
b925 : 00000000;
b926 : 00000000;
b927 : 00000000;
b928 : 00000000;
b929 : 00000000;
b92a : 00000000;
b92b : 00000000;
b92c : 00000000;
b92d : 00000000;
b92e : 00000000;
b92f : 00000000;
b930 : 00000000;
b931 : 00000000;
b932 : 00000000;
b933 : 00000000;
b934 : 00000000;
b935 : 00000000;
b936 : 00000000;
b937 : 00000000;
b938 : 00000000;
b939 : 00000000;
b93a : 00000000;
b93b : 00000000;
b93c : 00000000;
b93d : 00000000;
b93e : 00000000;
b93f : 00000000;
b940 : 00000000;
b941 : 00000000;
b942 : 00000000;
b943 : 00000000;
b944 : 00000000;
b945 : 00000000;
b946 : 00000000;
b947 : 00000000;
b948 : 00000000;
b949 : 00000000;
b94a : 00000000;
b94b : 00000000;
b94c : 00000000;
b94d : 00000000;
b94e : 00000000;
b94f : 00000000;
b950 : 00000000;
b951 : 00000000;
b952 : 00000000;
b953 : 00000000;
b954 : 00000000;
b955 : 00000000;
b956 : 00000000;
b957 : 00000000;
b958 : 00000000;
b959 : 00000000;
b95a : 00000000;
b95b : 00000000;
b95c : 00000000;
b95d : 00000000;
b95e : 00000000;
b95f : 00000000;
b960 : 00000000;
b961 : 00000000;
b962 : 00000000;
b963 : 00000000;
b964 : 00000000;
b965 : 00000000;
b966 : 00000000;
b967 : 00000000;
b968 : 00000000;
b969 : 00000000;
b96a : 00000000;
b96b : 00000000;
b96c : 00000000;
b96d : 00000000;
b96e : 00000000;
b96f : 00000000;
b970 : 00000000;
b971 : 00000000;
b972 : 00000000;
b973 : 00000000;
b974 : 00000000;
b975 : 00000000;
b976 : 00000000;
b977 : 00000000;
b978 : 00000000;
b979 : 00000000;
b97a : 00000000;
b97b : 00000000;
b97c : 00000000;
b97d : 00000000;
b97e : 00000000;
b97f : 00000000;
b980 : 00000000;
b981 : 00000000;
b982 : 00000000;
b983 : 00000000;
b984 : 00000000;
b985 : 00000000;
b986 : 00000000;
b987 : 00000000;
b988 : 00000000;
b989 : 00000000;
b98a : 00000000;
b98b : 00000000;
b98c : 00000000;
b98d : 00000000;
b98e : 00000000;
b98f : 00000000;
b990 : 00000000;
b991 : 00000000;
b992 : 00000000;
b993 : 00000000;
b994 : 00000000;
b995 : 00000000;
b996 : 00000000;
b997 : 00000000;
b998 : 00000000;
b999 : 00000000;
b99a : 00000000;
b99b : 00000000;
b99c : 00000000;
b99d : 00000000;
b99e : 00000000;
b99f : 00000000;
b9a0 : 00000000;
b9a1 : 00000000;
b9a2 : 00000000;
b9a3 : 00000000;
b9a4 : 00000000;
b9a5 : 00000000;
b9a6 : 00000000;
b9a7 : 00000000;
b9a8 : 00000000;
b9a9 : 00000000;
b9aa : 00000000;
b9ab : 00000000;
b9ac : 00000000;
b9ad : 00000000;
b9ae : 00000000;
b9af : 00000000;
b9b0 : 00000000;
b9b1 : 00000000;
b9b2 : 00000000;
b9b3 : 00000000;
b9b4 : 00000000;
b9b5 : 00000000;
b9b6 : 00000000;
b9b7 : 00000000;
b9b8 : 00000000;
b9b9 : 00000000;
b9ba : 00000000;
b9bb : 00000000;
b9bc : 00000000;
b9bd : 00000000;
b9be : 00000000;
b9bf : 00000000;
b9c0 : 00000000;
b9c1 : 00000000;
b9c2 : 00000000;
b9c3 : 00000000;
b9c4 : 00000000;
b9c5 : 00000000;
b9c6 : 00000000;
b9c7 : 00000000;
b9c8 : 00000000;
b9c9 : 00000000;
b9ca : 00000000;
b9cb : 00000000;
b9cc : 00000000;
b9cd : 00000000;
b9ce : 00000000;
b9cf : 00000000;
b9d0 : 00000000;
b9d1 : 00000000;
b9d2 : 00000000;
b9d3 : 00000000;
b9d4 : 00000000;
b9d5 : 00000000;
b9d6 : 00000000;
b9d7 : 00000000;
b9d8 : 00000000;
b9d9 : 00000000;
b9da : 00000000;
b9db : 00000000;
b9dc : 00000000;
b9dd : 00000000;
b9de : 00000000;
b9df : 00000000;
b9e0 : 00000000;
b9e1 : 00000000;
b9e2 : 00000000;
b9e3 : 00000000;
b9e4 : 00000000;
b9e5 : 00000000;
b9e6 : 00000000;
b9e7 : 00000000;
b9e8 : 00000000;
b9e9 : 00000000;
b9ea : 00000000;
b9eb : 00000000;
b9ec : 00000000;
b9ed : 00000000;
b9ee : 00000000;
b9ef : 00000000;
b9f0 : 00000000;
b9f1 : 00000000;
b9f2 : 00000000;
b9f3 : 00000000;
b9f4 : 00000000;
b9f5 : 00000000;
b9f6 : 00000000;
b9f7 : 00000000;
b9f8 : 00000000;
b9f9 : 00000000;
b9fa : 00000000;
b9fb : 00000000;
b9fc : 00000000;
b9fd : 00000000;
b9fe : 00000000;
b9ff : 00000000;
ba00 : 00000000;
ba01 : 00000000;
ba02 : 00000000;
ba03 : 00000000;
ba04 : 00000000;
ba05 : 00000000;
ba06 : 00000000;
ba07 : 00000000;
ba08 : 00000000;
ba09 : 00000000;
ba0a : 00000000;
ba0b : 00000000;
ba0c : 00000000;
ba0d : 00000000;
ba0e : 00000000;
ba0f : 00000000;
ba10 : 00000000;
ba11 : 00000000;
ba12 : 00000000;
ba13 : 00000000;
ba14 : 00000000;
ba15 : 00000000;
ba16 : 00000000;
ba17 : 00000000;
ba18 : 00000000;
ba19 : 00000000;
ba1a : 00000000;
ba1b : 00000000;
ba1c : 00000000;
ba1d : 00000000;
ba1e : 00000000;
ba1f : 00000000;
ba20 : 00000000;
ba21 : 00000000;
ba22 : 00000000;
ba23 : 00000000;
ba24 : 00000000;
ba25 : 00000000;
ba26 : 00000000;
ba27 : 00000000;
ba28 : 00000000;
ba29 : 00000000;
ba2a : 00000000;
ba2b : 00000000;
ba2c : 00000000;
ba2d : 00000000;
ba2e : 00000000;
ba2f : 00000000;
ba30 : 00000000;
ba31 : 00000000;
ba32 : 00000000;
ba33 : 00000000;
ba34 : 00000000;
ba35 : 00000000;
ba36 : 00000000;
ba37 : 00000000;
ba38 : 00000000;
ba39 : 00000000;
ba3a : 00000000;
ba3b : 00000000;
ba3c : 00000000;
ba3d : 00000000;
ba3e : 00000000;
ba3f : 00000000;
ba40 : 00000000;
ba41 : 00000000;
ba42 : 00000000;
ba43 : 00000000;
ba44 : 00000000;
ba45 : 00000000;
ba46 : 00000000;
ba47 : 00000000;
ba48 : 00000000;
ba49 : 00000000;
ba4a : 00000000;
ba4b : 00000000;
ba4c : 00000000;
ba4d : 00000000;
ba4e : 00000000;
ba4f : 00000000;
ba50 : 00000000;
ba51 : 00000000;
ba52 : 00000000;
ba53 : 00000000;
ba54 : 00000000;
ba55 : 00000000;
ba56 : 00000000;
ba57 : 00000000;
ba58 : 00000000;
ba59 : 00000000;
ba5a : 00000000;
ba5b : 00000000;
ba5c : 00000000;
ba5d : 00000000;
ba5e : 00000000;
ba5f : 00000000;
ba60 : 00000000;
ba61 : 00000000;
ba62 : 00000000;
ba63 : 00000000;
ba64 : 00000000;
ba65 : 00000000;
ba66 : 00000000;
ba67 : 00000000;
ba68 : 00000000;
ba69 : 00000000;
ba6a : 00000000;
ba6b : 00000000;
ba6c : 00000000;
ba6d : 00000000;
ba6e : 00000000;
ba6f : 00000000;
ba70 : 00000000;
ba71 : 00000000;
ba72 : 00000000;
ba73 : 00000000;
ba74 : 00000000;
ba75 : 00000000;
ba76 : 00000000;
ba77 : 00000000;
ba78 : 00000000;
ba79 : 00000000;
ba7a : 00000000;
ba7b : 00000000;
ba7c : 00000000;
ba7d : 00000000;
ba7e : 00000000;
ba7f : 00000000;
ba80 : 00000000;
ba81 : 00000000;
ba82 : 00000000;
ba83 : 00000000;
ba84 : 00000000;
ba85 : 00000000;
ba86 : 00000000;
ba87 : 00000000;
ba88 : 00000000;
ba89 : 00000000;
ba8a : 00000000;
ba8b : 00000000;
ba8c : 00000000;
ba8d : 00000000;
ba8e : 00000000;
ba8f : 00000000;
ba90 : 00000000;
ba91 : 00000000;
ba92 : 00000000;
ba93 : 00000000;
ba94 : 00000000;
ba95 : 00000000;
ba96 : 00000000;
ba97 : 00000000;
ba98 : 00000000;
ba99 : 00000000;
ba9a : 00000000;
ba9b : 00000000;
ba9c : 00000000;
ba9d : 00000000;
ba9e : 00000000;
ba9f : 00000000;
baa0 : 00000000;
baa1 : 00000000;
baa2 : 00000000;
baa3 : 00000000;
baa4 : 00000000;
baa5 : 00000000;
baa6 : 00000000;
baa7 : 00000000;
baa8 : 00000000;
baa9 : 00000000;
baaa : 00000000;
baab : 00000000;
baac : 00000000;
baad : 00000000;
baae : 00000000;
baaf : 00000000;
bab0 : 00000000;
bab1 : 00000000;
bab2 : 00000000;
bab3 : 00000000;
bab4 : 00000000;
bab5 : 00000000;
bab6 : 00000000;
bab7 : 00000000;
bab8 : 00000000;
bab9 : 00000000;
baba : 00000000;
babb : 00000000;
babc : 00000000;
babd : 00000000;
babe : 00000000;
babf : 00000000;
bac0 : 00000000;
bac1 : 00000000;
bac2 : 00000000;
bac3 : 00000000;
bac4 : 00000000;
bac5 : 00000000;
bac6 : 00000000;
bac7 : 00000000;
bac8 : 00000000;
bac9 : 00000000;
baca : 00000000;
bacb : 00000000;
bacc : 00000000;
bacd : 00000000;
bace : 00000000;
bacf : 00000000;
bad0 : 00000000;
bad1 : 00000000;
bad2 : 00000000;
bad3 : 00000000;
bad4 : 00000000;
bad5 : 00000000;
bad6 : 00000000;
bad7 : 00000000;
bad8 : 00000000;
bad9 : 00000000;
bada : 00000000;
badb : 00000000;
badc : 00000000;
badd : 00000000;
bade : 00000000;
badf : 00000000;
bae0 : 00000000;
bae1 : 00000000;
bae2 : 00000000;
bae3 : 00000000;
bae4 : 00000000;
bae5 : 00000000;
bae6 : 00000000;
bae7 : 00000000;
bae8 : 00000000;
bae9 : 00000000;
baea : 00000000;
baeb : 00000000;
baec : 00000000;
baed : 00000000;
baee : 00000000;
baef : 00000000;
baf0 : 00000000;
baf1 : 00000000;
baf2 : 00000000;
baf3 : 00000000;
baf4 : 00000000;
baf5 : 00000000;
baf6 : 00000000;
baf7 : 00000000;
baf8 : 00000000;
baf9 : 00000000;
bafa : 00000000;
bafb : 00000000;
bafc : 00000000;
bafd : 00000000;
bafe : 00000000;
baff : 00000000;
bb00 : 00000000;
bb01 : 00000000;
bb02 : 00000000;
bb03 : 00000000;
bb04 : 00000000;
bb05 : 00000000;
bb06 : 00000000;
bb07 : 00000000;
bb08 : 00000000;
bb09 : 00000000;
bb0a : 00000000;
bb0b : 00000000;
bb0c : 00000000;
bb0d : 00000000;
bb0e : 00000000;
bb0f : 00000000;
bb10 : 00000000;
bb11 : 00000000;
bb12 : 00000000;
bb13 : 00000000;
bb14 : 00000000;
bb15 : 00000000;
bb16 : 00000000;
bb17 : 00000000;
bb18 : 00000000;
bb19 : 00000000;
bb1a : 00000000;
bb1b : 00000000;
bb1c : 00000000;
bb1d : 00000000;
bb1e : 00000000;
bb1f : 00000000;
bb20 : 00000000;
bb21 : 00000000;
bb22 : 00000000;
bb23 : 00000000;
bb24 : 00000000;
bb25 : 00000000;
bb26 : 00000000;
bb27 : 00000000;
bb28 : 00000000;
bb29 : 00000000;
bb2a : 00000000;
bb2b : 00000000;
bb2c : 00000000;
bb2d : 00000000;
bb2e : 00000000;
bb2f : 00000000;
bb30 : 00000000;
bb31 : 00000000;
bb32 : 00000000;
bb33 : 00000000;
bb34 : 00000000;
bb35 : 00000000;
bb36 : 00000000;
bb37 : 00000000;
bb38 : 00000000;
bb39 : 00000000;
bb3a : 00000000;
bb3b : 00000000;
bb3c : 00000000;
bb3d : 00000000;
bb3e : 00000000;
bb3f : 00000000;
bb40 : 00000000;
bb41 : 00000000;
bb42 : 00000000;
bb43 : 00000000;
bb44 : 00000000;
bb45 : 00000000;
bb46 : 00000000;
bb47 : 00000000;
bb48 : 00000000;
bb49 : 00000000;
bb4a : 00000000;
bb4b : 00000000;
bb4c : 00000000;
bb4d : 00000000;
bb4e : 00000000;
bb4f : 00000000;
bb50 : 00000000;
bb51 : 00000000;
bb52 : 00000000;
bb53 : 00000000;
bb54 : 00000000;
bb55 : 00000000;
bb56 : 00000000;
bb57 : 00000000;
bb58 : 00000000;
bb59 : 00000000;
bb5a : 00000000;
bb5b : 00000000;
bb5c : 00000000;
bb5d : 00000000;
bb5e : 00000000;
bb5f : 00000000;
bb60 : 00000000;
bb61 : 00000000;
bb62 : 00000000;
bb63 : 00000000;
bb64 : 00000000;
bb65 : 00000000;
bb66 : 00000000;
bb67 : 00000000;
bb68 : 00000000;
bb69 : 00000000;
bb6a : 00000000;
bb6b : 00000000;
bb6c : 00000000;
bb6d : 00000000;
bb6e : 00000000;
bb6f : 00000000;
bb70 : 00000000;
bb71 : 00000000;
bb72 : 00000000;
bb73 : 00000000;
bb74 : 00000000;
bb75 : 00000000;
bb76 : 00000000;
bb77 : 00000000;
bb78 : 00000000;
bb79 : 00000000;
bb7a : 00000000;
bb7b : 00000000;
bb7c : 00000000;
bb7d : 00000000;
bb7e : 00000000;
bb7f : 00000000;
bb80 : 00000000;
bb81 : 00000000;
bb82 : 00000000;
bb83 : 00000000;
bb84 : 00000000;
bb85 : 00000000;
bb86 : 00000000;
bb87 : 00000000;
bb88 : 00000000;
bb89 : 00000000;
bb8a : 00000000;
bb8b : 00000000;
bb8c : 00000000;
bb8d : 00000000;
bb8e : 00000000;
bb8f : 00000000;
bb90 : 00000000;
bb91 : 00000000;
bb92 : 00000000;
bb93 : 00000000;
bb94 : 00000000;
bb95 : 00000000;
bb96 : 00000000;
bb97 : 00000000;
bb98 : 00000000;
bb99 : 00000000;
bb9a : 00000000;
bb9b : 00000000;
bb9c : 00000000;
bb9d : 00000000;
bb9e : 00000000;
bb9f : 00000000;
bba0 : 00000000;
bba1 : 00000000;
bba2 : 00000000;
bba3 : 00000000;
bba4 : 00000000;
bba5 : 00000000;
bba6 : 00000000;
bba7 : 00000000;
bba8 : 00000000;
bba9 : 00000000;
bbaa : 00000000;
bbab : 00000000;
bbac : 00000000;
bbad : 00000000;
bbae : 00000000;
bbaf : 00000000;
bbb0 : 00000000;
bbb1 : 00000000;
bbb2 : 00000000;
bbb3 : 00000000;
bbb4 : 00000000;
bbb5 : 00000000;
bbb6 : 00000000;
bbb7 : 00000000;
bbb8 : 00000000;
bbb9 : 00000000;
bbba : 00000000;
bbbb : 00000000;
bbbc : 00000000;
bbbd : 00000000;
bbbe : 00000000;
bbbf : 00000000;
bbc0 : 00000000;
bbc1 : 00000000;
bbc2 : 00000000;
bbc3 : 00000000;
bbc4 : 00000000;
bbc5 : 00000000;
bbc6 : 00000000;
bbc7 : 00000000;
bbc8 : 00000000;
bbc9 : 00000000;
bbca : 00000000;
bbcb : 00000000;
bbcc : 00000000;
bbcd : 00000000;
bbce : 00000000;
bbcf : 00000000;
bbd0 : 00000000;
bbd1 : 00000000;
bbd2 : 00000000;
bbd3 : 00000000;
bbd4 : 00000000;
bbd5 : 00000000;
bbd6 : 00000000;
bbd7 : 00000000;
bbd8 : 00000000;
bbd9 : 00000000;
bbda : 00000000;
bbdb : 00000000;
bbdc : 00000000;
bbdd : 00000000;
bbde : 00000000;
bbdf : 00000000;
bbe0 : 00000000;
bbe1 : 00000000;
bbe2 : 00000000;
bbe3 : 00000000;
bbe4 : 00000000;
bbe5 : 00000000;
bbe6 : 00000000;
bbe7 : 00000000;
bbe8 : 00000000;
bbe9 : 00000000;
bbea : 00000000;
bbeb : 00000000;
bbec : 00000000;
bbed : 00000000;
bbee : 00000000;
bbef : 00000000;
bbf0 : 00000000;
bbf1 : 00000000;
bbf2 : 00000000;
bbf3 : 00000000;
bbf4 : 00000000;
bbf5 : 00000000;
bbf6 : 00000000;
bbf7 : 00000000;
bbf8 : 00000000;
bbf9 : 00000000;
bbfa : 00000000;
bbfb : 00000000;
bbfc : 00000000;
bbfd : 00000000;
bbfe : 00000000;
bbff : 00000000;
bc00 : 00000000;
bc01 : 00000000;
bc02 : 00000000;
bc03 : 00000000;
bc04 : 00000000;
bc05 : 00000000;
bc06 : 00000000;
bc07 : 00000000;
bc08 : 00000000;
bc09 : 00000000;
bc0a : 00000000;
bc0b : 00000000;
bc0c : 00000000;
bc0d : 00000000;
bc0e : 00000000;
bc0f : 00000000;
bc10 : 00000000;
bc11 : 00000000;
bc12 : 00000000;
bc13 : 00000000;
bc14 : 00000000;
bc15 : 00000000;
bc16 : 00000000;
bc17 : 00000000;
bc18 : 00000000;
bc19 : 00000000;
bc1a : 00000000;
bc1b : 00000000;
bc1c : 00000000;
bc1d : 00000000;
bc1e : 00000000;
bc1f : 00000000;
bc20 : 00000000;
bc21 : 00000000;
bc22 : 00000000;
bc23 : 00000000;
bc24 : 00000000;
bc25 : 00000000;
bc26 : 00000000;
bc27 : 00000000;
bc28 : 00000000;
bc29 : 00000000;
bc2a : 00000000;
bc2b : 00000000;
bc2c : 00000000;
bc2d : 00000000;
bc2e : 00000000;
bc2f : 00000000;
bc30 : 00000000;
bc31 : 00000000;
bc32 : 00000000;
bc33 : 00000000;
bc34 : 00000000;
bc35 : 00000000;
bc36 : 00000000;
bc37 : 00000000;
bc38 : 00000000;
bc39 : 00000000;
bc3a : 00000000;
bc3b : 00000000;
bc3c : 00000000;
bc3d : 00000000;
bc3e : 00000000;
bc3f : 00000000;
bc40 : 00000000;
bc41 : 00000000;
bc42 : 00000000;
bc43 : 00000000;
bc44 : 00000000;
bc45 : 00000000;
bc46 : 00000000;
bc47 : 00000000;
bc48 : 00000000;
bc49 : 00000000;
bc4a : 00000000;
bc4b : 00000000;
bc4c : 00000000;
bc4d : 00000000;
bc4e : 00000000;
bc4f : 00000000;
bc50 : 00000000;
bc51 : 00000000;
bc52 : 00000000;
bc53 : 00000000;
bc54 : 00000000;
bc55 : 00000000;
bc56 : 00000000;
bc57 : 00000000;
bc58 : 00000000;
bc59 : 00000000;
bc5a : 00000000;
bc5b : 00000000;
bc5c : 00000000;
bc5d : 00000000;
bc5e : 00000000;
bc5f : 00000000;
bc60 : 00000000;
bc61 : 00000000;
bc62 : 00000000;
bc63 : 00000000;
bc64 : 00000000;
bc65 : 00000000;
bc66 : 00000000;
bc67 : 00000000;
bc68 : 00000000;
bc69 : 00000000;
bc6a : 00000000;
bc6b : 00000000;
bc6c : 00000000;
bc6d : 00000000;
bc6e : 00000000;
bc6f : 00000000;
bc70 : 00000000;
bc71 : 00000000;
bc72 : 00000000;
bc73 : 00000000;
bc74 : 00000000;
bc75 : 00000000;
bc76 : 00000000;
bc77 : 00000000;
bc78 : 00000000;
bc79 : 00000000;
bc7a : 00000000;
bc7b : 00000000;
bc7c : 00000000;
bc7d : 00000000;
bc7e : 00000000;
bc7f : 00000000;
bc80 : 00000000;
bc81 : 00000000;
bc82 : 00000000;
bc83 : 00000000;
bc84 : 00000000;
bc85 : 00000000;
bc86 : 00000000;
bc87 : 00000000;
bc88 : 00000000;
bc89 : 00000000;
bc8a : 00000000;
bc8b : 00000000;
bc8c : 00000000;
bc8d : 00000000;
bc8e : 00000000;
bc8f : 00000000;
bc90 : 00000000;
bc91 : 00000000;
bc92 : 00000000;
bc93 : 00000000;
bc94 : 00000000;
bc95 : 00000000;
bc96 : 00000000;
bc97 : 00000000;
bc98 : 00000000;
bc99 : 00000000;
bc9a : 00000000;
bc9b : 00000000;
bc9c : 00000000;
bc9d : 00000000;
bc9e : 00000000;
bc9f : 00000000;
bca0 : 00000000;
bca1 : 00000000;
bca2 : 00000000;
bca3 : 00000000;
bca4 : 00000000;
bca5 : 00000000;
bca6 : 00000000;
bca7 : 00000000;
bca8 : 00000000;
bca9 : 00000000;
bcaa : 00000000;
bcab : 00000000;
bcac : 00000000;
bcad : 00000000;
bcae : 00000000;
bcaf : 00000000;
bcb0 : 00000000;
bcb1 : 00000000;
bcb2 : 00000000;
bcb3 : 00000000;
bcb4 : 00000000;
bcb5 : 00000000;
bcb6 : 00000000;
bcb7 : 00000000;
bcb8 : 00000000;
bcb9 : 00000000;
bcba : 00000000;
bcbb : 00000000;
bcbc : 00000000;
bcbd : 00000000;
bcbe : 00000000;
bcbf : 00000000;
bcc0 : 00000000;
bcc1 : 00000000;
bcc2 : 00000000;
bcc3 : 00000000;
bcc4 : 00000000;
bcc5 : 00000000;
bcc6 : 00000000;
bcc7 : 00000000;
bcc8 : 00000000;
bcc9 : 00000000;
bcca : 00000000;
bccb : 00000000;
bccc : 00000000;
bccd : 00000000;
bcce : 00000000;
bccf : 00000000;
bcd0 : 00000000;
bcd1 : 00000000;
bcd2 : 00000000;
bcd3 : 00000000;
bcd4 : 00000000;
bcd5 : 00000000;
bcd6 : 00000000;
bcd7 : 00000000;
bcd8 : 00000000;
bcd9 : 00000000;
bcda : 00000000;
bcdb : 00000000;
bcdc : 00000000;
bcdd : 00000000;
bcde : 00000000;
bcdf : 00000000;
bce0 : 00000000;
bce1 : 00000000;
bce2 : 00000000;
bce3 : 00000000;
bce4 : 00000000;
bce5 : 00000000;
bce6 : 00000000;
bce7 : 00000000;
bce8 : 00000000;
bce9 : 00000000;
bcea : 00000000;
bceb : 00000000;
bcec : 00000000;
bced : 00000000;
bcee : 00000000;
bcef : 00000000;
bcf0 : 00000000;
bcf1 : 00000000;
bcf2 : 00000000;
bcf3 : 00000000;
bcf4 : 00000000;
bcf5 : 00000000;
bcf6 : 00000000;
bcf7 : 00000000;
bcf8 : 00000000;
bcf9 : 00000000;
bcfa : 00000000;
bcfb : 00000000;
bcfc : 00000000;
bcfd : 00000000;
bcfe : 00000000;
bcff : 00000000;
bd00 : 00000000;
bd01 : 00000000;
bd02 : 00000000;
bd03 : 00000000;
bd04 : 00000000;
bd05 : 00000000;
bd06 : 00000000;
bd07 : 00000000;
bd08 : 00000000;
bd09 : 00000000;
bd0a : 00000000;
bd0b : 00000000;
bd0c : 00000000;
bd0d : 00000000;
bd0e : 00000000;
bd0f : 00000000;
bd10 : 00000000;
bd11 : 00000000;
bd12 : 00000000;
bd13 : 00000000;
bd14 : 00000000;
bd15 : 00000000;
bd16 : 00000000;
bd17 : 00000000;
bd18 : 00000000;
bd19 : 00000000;
bd1a : 00000000;
bd1b : 00000000;
bd1c : 00000000;
bd1d : 00000000;
bd1e : 00000000;
bd1f : 00000000;
bd20 : 00000000;
bd21 : 00000000;
bd22 : 00000000;
bd23 : 00000000;
bd24 : 00000000;
bd25 : 00000000;
bd26 : 00000000;
bd27 : 00000000;
bd28 : 00000000;
bd29 : 00000000;
bd2a : 00000000;
bd2b : 00000000;
bd2c : 00000000;
bd2d : 00000000;
bd2e : 00000000;
bd2f : 00000000;
bd30 : 00000000;
bd31 : 00000000;
bd32 : 00000000;
bd33 : 00000000;
bd34 : 00000000;
bd35 : 00000000;
bd36 : 00000000;
bd37 : 00000000;
bd38 : 00000000;
bd39 : 00000000;
bd3a : 00000000;
bd3b : 00000000;
bd3c : 00000000;
bd3d : 00000000;
bd3e : 00000000;
bd3f : 00000000;
bd40 : 00000000;
bd41 : 00000000;
bd42 : 00000000;
bd43 : 00000000;
bd44 : 00000000;
bd45 : 00000000;
bd46 : 00000000;
bd47 : 00000000;
bd48 : 00000000;
bd49 : 00000000;
bd4a : 00000000;
bd4b : 00000000;
bd4c : 00000000;
bd4d : 00000000;
bd4e : 00000000;
bd4f : 00000000;
bd50 : 00000000;
bd51 : 00000000;
bd52 : 00000000;
bd53 : 00000000;
bd54 : 00000000;
bd55 : 00000000;
bd56 : 00000000;
bd57 : 00000000;
bd58 : 00000000;
bd59 : 00000000;
bd5a : 00000000;
bd5b : 00000000;
bd5c : 00000000;
bd5d : 00000000;
bd5e : 00000000;
bd5f : 00000000;
bd60 : 00000000;
bd61 : 00000000;
bd62 : 00000000;
bd63 : 00000000;
bd64 : 00000000;
bd65 : 00000000;
bd66 : 00000000;
bd67 : 00000000;
bd68 : 00000000;
bd69 : 00000000;
bd6a : 00000000;
bd6b : 00000000;
bd6c : 00000000;
bd6d : 00000000;
bd6e : 00000000;
bd6f : 00000000;
bd70 : 00000000;
bd71 : 00000000;
bd72 : 00000000;
bd73 : 00000000;
bd74 : 00000000;
bd75 : 00000000;
bd76 : 00000000;
bd77 : 00000000;
bd78 : 00000000;
bd79 : 00000000;
bd7a : 00000000;
bd7b : 00000000;
bd7c : 00000000;
bd7d : 00000000;
bd7e : 00000000;
bd7f : 00000000;
bd80 : 00000000;
bd81 : 00000000;
bd82 : 00000000;
bd83 : 00000000;
bd84 : 00000000;
bd85 : 00000000;
bd86 : 00000000;
bd87 : 00000000;
bd88 : 00000000;
bd89 : 00000000;
bd8a : 00000000;
bd8b : 00000000;
bd8c : 00000000;
bd8d : 00000000;
bd8e : 00000000;
bd8f : 00000000;
bd90 : 00000000;
bd91 : 00000000;
bd92 : 00000000;
bd93 : 00000000;
bd94 : 00000000;
bd95 : 00000000;
bd96 : 00000000;
bd97 : 00000000;
bd98 : 00000000;
bd99 : 00000000;
bd9a : 00000000;
bd9b : 00000000;
bd9c : 00000000;
bd9d : 00000000;
bd9e : 00000000;
bd9f : 00000000;
bda0 : 00000000;
bda1 : 00000000;
bda2 : 00000000;
bda3 : 00000000;
bda4 : 00000000;
bda5 : 00000000;
bda6 : 00000000;
bda7 : 00000000;
bda8 : 00000000;
bda9 : 00000000;
bdaa : 00000000;
bdab : 00000000;
bdac : 00000000;
bdad : 00000000;
bdae : 00000000;
bdaf : 00000000;
bdb0 : 00000000;
bdb1 : 00000000;
bdb2 : 00000000;
bdb3 : 00000000;
bdb4 : 00000000;
bdb5 : 00000000;
bdb6 : 00000000;
bdb7 : 00000000;
bdb8 : 00000000;
bdb9 : 00000000;
bdba : 00000000;
bdbb : 00000000;
bdbc : 00000000;
bdbd : 00000000;
bdbe : 00000000;
bdbf : 00000000;
bdc0 : 00000000;
bdc1 : 00000000;
bdc2 : 00000000;
bdc3 : 00000000;
bdc4 : 00000000;
bdc5 : 00000000;
bdc6 : 00000000;
bdc7 : 00000000;
bdc8 : 00000000;
bdc9 : 00000000;
bdca : 00000000;
bdcb : 00000000;
bdcc : 00000000;
bdcd : 00000000;
bdce : 00000000;
bdcf : 00000000;
bdd0 : 00000000;
bdd1 : 00000000;
bdd2 : 00000000;
bdd3 : 00000000;
bdd4 : 00000000;
bdd5 : 00000000;
bdd6 : 00000000;
bdd7 : 00000000;
bdd8 : 00000000;
bdd9 : 00000000;
bdda : 00000000;
bddb : 00000000;
bddc : 00000000;
bddd : 00000000;
bdde : 00000000;
bddf : 00000000;
bde0 : 00000000;
bde1 : 00000000;
bde2 : 00000000;
bde3 : 00000000;
bde4 : 00000000;
bde5 : 00000000;
bde6 : 00000000;
bde7 : 00000000;
bde8 : 00000000;
bde9 : 00000000;
bdea : 00000000;
bdeb : 00000000;
bdec : 00000000;
bded : 00000000;
bdee : 00000000;
bdef : 00000000;
bdf0 : 00000000;
bdf1 : 00000000;
bdf2 : 00000000;
bdf3 : 00000000;
bdf4 : 00000000;
bdf5 : 00000000;
bdf6 : 00000000;
bdf7 : 00000000;
bdf8 : 00000000;
bdf9 : 00000000;
bdfa : 00000000;
bdfb : 00000000;
bdfc : 00000000;
bdfd : 00000000;
bdfe : 00000000;
bdff : 00000000;
be00 : 00000000;
be01 : 00000000;
be02 : 00000000;
be03 : 00000000;
be04 : 00000000;
be05 : 00000000;
be06 : 00000000;
be07 : 00000000;
be08 : 00000000;
be09 : 00000000;
be0a : 00000000;
be0b : 00000000;
be0c : 00000000;
be0d : 00000000;
be0e : 00000000;
be0f : 00000000;
be10 : 00000000;
be11 : 00000000;
be12 : 00000000;
be13 : 00000000;
be14 : 00000000;
be15 : 00000000;
be16 : 00000000;
be17 : 00000000;
be18 : 00000000;
be19 : 00000000;
be1a : 00000000;
be1b : 00000000;
be1c : 00000000;
be1d : 00000000;
be1e : 00000000;
be1f : 00000000;
be20 : 00000000;
be21 : 00000000;
be22 : 00000000;
be23 : 00000000;
be24 : 00000000;
be25 : 00000000;
be26 : 00000000;
be27 : 00000000;
be28 : 00000000;
be29 : 00000000;
be2a : 00000000;
be2b : 00000000;
be2c : 00000000;
be2d : 00000000;
be2e : 00000000;
be2f : 00000000;
be30 : 00000000;
be31 : 00000000;
be32 : 00000000;
be33 : 00000000;
be34 : 00000000;
be35 : 00000000;
be36 : 00000000;
be37 : 00000000;
be38 : 00000000;
be39 : 00000000;
be3a : 00000000;
be3b : 00000000;
be3c : 00000000;
be3d : 00000000;
be3e : 00000000;
be3f : 00000000;
be40 : 00000000;
be41 : 00000000;
be42 : 00000000;
be43 : 00000000;
be44 : 00000000;
be45 : 00000000;
be46 : 00000000;
be47 : 00000000;
be48 : 00000000;
be49 : 00000000;
be4a : 00000000;
be4b : 00000000;
be4c : 00000000;
be4d : 00000000;
be4e : 00000000;
be4f : 00000000;
be50 : 00000000;
be51 : 00000000;
be52 : 00000000;
be53 : 00000000;
be54 : 00000000;
be55 : 00000000;
be56 : 00000000;
be57 : 00000000;
be58 : 00000000;
be59 : 00000000;
be5a : 00000000;
be5b : 00000000;
be5c : 00000000;
be5d : 00000000;
be5e : 00000000;
be5f : 00000000;
be60 : 00000000;
be61 : 00000000;
be62 : 00000000;
be63 : 00000000;
be64 : 00000000;
be65 : 00000000;
be66 : 00000000;
be67 : 00000000;
be68 : 00000000;
be69 : 00000000;
be6a : 00000000;
be6b : 00000000;
be6c : 00000000;
be6d : 00000000;
be6e : 00000000;
be6f : 00000000;
be70 : 00000000;
be71 : 00000000;
be72 : 00000000;
be73 : 00000000;
be74 : 00000000;
be75 : 00000000;
be76 : 00000000;
be77 : 00000000;
be78 : 00000000;
be79 : 00000000;
be7a : 00000000;
be7b : 00000000;
be7c : 00000000;
be7d : 00000000;
be7e : 00000000;
be7f : 00000000;
be80 : 00000000;
be81 : 00000000;
be82 : 00000000;
be83 : 00000000;
be84 : 00000000;
be85 : 00000000;
be86 : 00000000;
be87 : 00000000;
be88 : 00000000;
be89 : 00000000;
be8a : 00000000;
be8b : 00000000;
be8c : 00000000;
be8d : 00000000;
be8e : 00000000;
be8f : 00000000;
be90 : 00000000;
be91 : 00000000;
be92 : 00000000;
be93 : 00000000;
be94 : 00000000;
be95 : 00000000;
be96 : 00000000;
be97 : 00000000;
be98 : 00000000;
be99 : 00000000;
be9a : 00000000;
be9b : 00000000;
be9c : 00000000;
be9d : 00000000;
be9e : 00000000;
be9f : 00000000;
bea0 : 00000000;
bea1 : 00000000;
bea2 : 00000000;
bea3 : 00000000;
bea4 : 00000000;
bea5 : 00000000;
bea6 : 00000000;
bea7 : 00000000;
bea8 : 00000000;
bea9 : 00000000;
beaa : 00000000;
beab : 00000000;
beac : 00000000;
bead : 00000000;
beae : 00000000;
beaf : 00000000;
beb0 : 00000000;
beb1 : 00000000;
beb2 : 00000000;
beb3 : 00000000;
beb4 : 00000000;
beb5 : 00000000;
beb6 : 00000000;
beb7 : 00000000;
beb8 : 00000000;
beb9 : 00000000;
beba : 00000000;
bebb : 00000000;
bebc : 00000000;
bebd : 00000000;
bebe : 00000000;
bebf : 00000000;
bec0 : 00000000;
bec1 : 00000000;
bec2 : 00000000;
bec3 : 00000000;
bec4 : 00000000;
bec5 : 00000000;
bec6 : 00000000;
bec7 : 00000000;
bec8 : 00000000;
bec9 : 00000000;
beca : 00000000;
becb : 00000000;
becc : 00000000;
becd : 00000000;
bece : 00000000;
becf : 00000000;
bed0 : 00000000;
bed1 : 00000000;
bed2 : 00000000;
bed3 : 00000000;
bed4 : 00000000;
bed5 : 00000000;
bed6 : 00000000;
bed7 : 00000000;
bed8 : 00000000;
bed9 : 00000000;
beda : 00000000;
bedb : 00000000;
bedc : 00000000;
bedd : 00000000;
bede : 00000000;
bedf : 00000000;
bee0 : 00000000;
bee1 : 00000000;
bee2 : 00000000;
bee3 : 00000000;
bee4 : 00000000;
bee5 : 00000000;
bee6 : 00000000;
bee7 : 00000000;
bee8 : 00000000;
bee9 : 00000000;
beea : 00000000;
beeb : 00000000;
beec : 00000000;
beed : 00000000;
beee : 00000000;
beef : 00000000;
bef0 : 00000000;
bef1 : 00000000;
bef2 : 00000000;
bef3 : 00000000;
bef4 : 00000000;
bef5 : 00000000;
bef6 : 00000000;
bef7 : 00000000;
bef8 : 00000000;
bef9 : 00000000;
befa : 00000000;
befb : 00000000;
befc : 00000000;
befd : 00000000;
befe : 00000000;
beff : 00000000;
bf00 : 00000000;
bf01 : 00000000;
bf02 : 00000000;
bf03 : 00000000;
bf04 : 00000000;
bf05 : 00000000;
bf06 : 00000000;
bf07 : 00000000;
bf08 : 00000000;
bf09 : 00000000;
bf0a : 00000000;
bf0b : 00000000;
bf0c : 00000000;
bf0d : 00000000;
bf0e : 00000000;
bf0f : 00000000;
bf10 : 00000000;
bf11 : 00000000;
bf12 : 00000000;
bf13 : 00000000;
bf14 : 00000000;
bf15 : 00000000;
bf16 : 00000000;
bf17 : 00000000;
bf18 : 00000000;
bf19 : 00000000;
bf1a : 00000000;
bf1b : 00000000;
bf1c : 00000000;
bf1d : 00000000;
bf1e : 00000000;
bf1f : 00000000;
bf20 : 00000000;
bf21 : 00000000;
bf22 : 00000000;
bf23 : 00000000;
bf24 : 00000000;
bf25 : 00000000;
bf26 : 00000000;
bf27 : 00000000;
bf28 : 00000000;
bf29 : 00000000;
bf2a : 00000000;
bf2b : 00000000;
bf2c : 00000000;
bf2d : 00000000;
bf2e : 00000000;
bf2f : 00000000;
bf30 : 00000000;
bf31 : 00000000;
bf32 : 00000000;
bf33 : 00000000;
bf34 : 00000000;
bf35 : 00000000;
bf36 : 00000000;
bf37 : 00000000;
bf38 : 00000000;
bf39 : 00000000;
bf3a : 00000000;
bf3b : 00000000;
bf3c : 00000000;
bf3d : 00000000;
bf3e : 00000000;
bf3f : 00000000;
bf40 : 00000000;
bf41 : 00000000;
bf42 : 00000000;
bf43 : 00000000;
bf44 : 00000000;
bf45 : 00000000;
bf46 : 00000000;
bf47 : 00000000;
bf48 : 00000000;
bf49 : 00000000;
bf4a : 00000000;
bf4b : 00000000;
bf4c : 00000000;
bf4d : 00000000;
bf4e : 00000000;
bf4f : 00000000;
bf50 : 00000000;
bf51 : 00000000;
bf52 : 00000000;
bf53 : 00000000;
bf54 : 00000000;
bf55 : 00000000;
bf56 : 00000000;
bf57 : 00000000;
bf58 : 00000000;
bf59 : 00000000;
bf5a : 00000000;
bf5b : 00000000;
bf5c : 00000000;
bf5d : 00000000;
bf5e : 00000000;
bf5f : 00000000;
bf60 : 00000000;
bf61 : 00000000;
bf62 : 00000000;
bf63 : 00000000;
bf64 : 00000000;
bf65 : 00000000;
bf66 : 00000000;
bf67 : 00000000;
bf68 : 00000000;
bf69 : 00000000;
bf6a : 00000000;
bf6b : 00000000;
bf6c : 00000000;
bf6d : 00000000;
bf6e : 00000000;
bf6f : 00000000;
bf70 : 00000000;
bf71 : 00000000;
bf72 : 00000000;
bf73 : 00000000;
bf74 : 00000000;
bf75 : 00000000;
bf76 : 00000000;
bf77 : 00000000;
bf78 : 00000000;
bf79 : 00000000;
bf7a : 00000000;
bf7b : 00000000;
bf7c : 00000000;
bf7d : 00000000;
bf7e : 00000000;
bf7f : 00000000;
bf80 : 00000000;
bf81 : 00000000;
bf82 : 00000000;
bf83 : 00000000;
bf84 : 00000000;
bf85 : 00000000;
bf86 : 00000000;
bf87 : 00000000;
bf88 : 00000000;
bf89 : 00000000;
bf8a : 00000000;
bf8b : 00000000;
bf8c : 00000000;
bf8d : 00000000;
bf8e : 00000000;
bf8f : 00000000;
bf90 : 00000000;
bf91 : 00000000;
bf92 : 00000000;
bf93 : 00000000;
bf94 : 00000000;
bf95 : 00000000;
bf96 : 00000000;
bf97 : 00000000;
bf98 : 00000000;
bf99 : 00000000;
bf9a : 00000000;
bf9b : 00000000;
bf9c : 00000000;
bf9d : 00000000;
bf9e : 00000000;
bf9f : 00000000;
bfa0 : 00000000;
bfa1 : 00000000;
bfa2 : 00000000;
bfa3 : 00000000;
bfa4 : 00000000;
bfa5 : 00000000;
bfa6 : 00000000;
bfa7 : 00000000;
bfa8 : 00000000;
bfa9 : 00000000;
bfaa : 00000000;
bfab : 00000000;
bfac : 00000000;
bfad : 00000000;
bfae : 00000000;
bfaf : 00000000;
bfb0 : 00000000;
bfb1 : 00000000;
bfb2 : 00000000;
bfb3 : 00000000;
bfb4 : 00000000;
bfb5 : 00000000;
bfb6 : 00000000;
bfb7 : 00000000;
bfb8 : 00000000;
bfb9 : 00000000;
bfba : 00000000;
bfbb : 00000000;
bfbc : 00000000;
bfbd : 00000000;
bfbe : 00000000;
bfbf : 00000000;
bfc0 : 00000000;
bfc1 : 00000000;
bfc2 : 00000000;
bfc3 : 00000000;
bfc4 : 00000000;
bfc5 : 00000000;
bfc6 : 00000000;
bfc7 : 00000000;
bfc8 : 00000000;
bfc9 : 00000000;
bfca : 00000000;
bfcb : 00000000;
bfcc : 00000000;
bfcd : 00000000;
bfce : 00000000;
bfcf : 00000000;
bfd0 : 00000000;
bfd1 : 00000000;
bfd2 : 00000000;
bfd3 : 00000000;
bfd4 : 00000000;
bfd5 : 00000000;
bfd6 : 00000000;
bfd7 : 00000000;
bfd8 : 00000000;
bfd9 : 00000000;
bfda : 00000000;
bfdb : 00000000;
bfdc : 00000000;
bfdd : 00000000;
bfde : 00000000;
bfdf : 00000000;
bfe0 : 00000000;
bfe1 : 00000000;
bfe2 : 00000000;
bfe3 : 00000000;
bfe4 : 00000000;
bfe5 : 00000000;
bfe6 : 00000000;
bfe7 : 00000000;
bfe8 : 00000000;
bfe9 : 00000000;
bfea : 00000000;
bfeb : 00000000;
bfec : 00000000;
bfed : 00000000;
bfee : 00000000;
bfef : 00000000;
bff0 : 00000000;
bff1 : 00000000;
bff2 : 00000000;
bff3 : 00000000;
bff4 : 00000000;
bff5 : 00000000;
bff6 : 00000000;
bff7 : 00000000;
bff8 : 00000000;
bff9 : 00000000;
bffa : 00000000;
bffb : 00000000;
bffc : 00000000;
bffd : 00000000;
bffe : 00000000;
bfff : 00000000;
END;
